sample	timestamp	elapsed_ms	service	available	cpu_pct	cpu_host_pct	cpu_user_pct	cpu_system_pct	memory_current_bytes	memory_pct_of_host	memory_peak_bytes	io_read_bytes_per_sec	io_write_bytes_per_sec	tasks_current
0	2026-09-24T22:14:04.929479801Z	0	isuconquest.go.service	1	0.000000	0.000000	0.000000	0.000000	306520064	7.901542	577818624	0.000000	0.000000	9
0	2026-09-24T22:14:04.929479801Z	0	nginx.service	0	0.000000	0.000000	0.000000	0.000000	0	0.000000	0	0.000000	0.000000	0
0	2026-09-24T22:14:04.929479801Z	0	mysql.service	1	0.000000	0.000000	0.000000	0.000000	1893003264	48.798255	2247737344	0.000000	0.000000	62
1	2026-09-24T22:14:05.939548952Z	1010	isuconquest.go.service	1	0.647084	0.323542	0.527390	0.119596	306536448	7.901964	577818624	0.000000	0.000000	9
1	2026-09-24T22:14:05.939548952Z	1010	nginx.service	0	0.000000	0.000000	0.000000	0.000000	0	0.000000	0	0.000000	0.000000	0
1	2026-09-24T22:14:05.939548952Z	1010	mysql.service	1	1.005773	0.502886	0.541052	0.464721	1893081088	48.800261	2247737344	48662.014777	0.000000	62
2	2026-09-24T22:14:06.940448553Z	2010	isuconquest.go.service	1	1.311121	0.655560	1.144371	0.166750	306536448	7.901964	577818624	0.000000	0.000000	9
2	2026-09-24T22:14:06.940448553Z	2010	nginx.service	0	0.000000	0.000000	0.000000	0.000000	0	0.000000	0	0.000000	0.000000	0
2	2026-09-24T22:14:06.940448553Z	2010	mysql.service	1	0.949546	0.474773	0.949546	0.000000	1893081088	48.800261	2247737344	0.000000	0.000000	62
3	2026-09-24T22:14:07.940352084Z	3010	isuconquest.go.service	1	1.170913	0.585456	1.030199	0.140814	306540544	7.902070	577818624	0.000000	0.000000	9
3	2026-09-24T22:14:07.940352084Z	3010	nginx.service	0	0.000000	0.000000	0.000000	0.000000	0	0.000000	0	0.000000	0.000000	0
3	2026-09-24T22:14:07.940352084Z	3010	mysql.service	1	0.936590	0.468295	0.936490	0.000000	1893081088	48.800261	2247737344	0.000000	0.000000	62
4	2026-09-24T22:14:08.93967928Z	4010	isuconquest.go.service	1	1.157479	0.578739	0.685561	0.471918	306671616	7.905448	577818624	0.000000	0.000000	9
4	2026-09-24T22:14:08.93967928Z	4010	nginx.service	0	0.000000	0.000000	0.000000	0.000000	0	0.000000	0	0.000000	0.000000	0
4	2026-09-24T22:14:08.93967928Z	4010	mysql.service	1	0.964149	0.482074	0.273484	0.690665	1893081088	48.800261	2247737344	0.000000	0.000000	62
5	2026-09-24T22:14:09.940147129Z	5010	isuconquest.go.service	1	1.136868	0.568434	1.136768	0.000000	306667520	7.905343	577818624	0.000000	0.000000	9
5	2026-09-24T22:14:09.940147129Z	5010	nginx.service	0	0.000000	0.000000	0.000000	0.000000	0	0.000000	0	0.000000	0.000000	0
5	2026-09-24T22:14:09.940147129Z	5010	mysql.service	1	1.069000	0.534500	1.069000	0.000000	1893081088	48.800261	2247737344	0.000000	0.000000	62
6	2026-09-24T22:14:10.939602836Z	6010	isuconquest.go.service	1	1.093395	0.546698	0.876877	0.216618	306536448	7.901964	577818624	0.000000	0.000000	9
6	2026-09-24T22:14:10.939602836Z	6010	nginx.service	0	0.000000	0.000000	0.000000	0.000000	0	0.000000	0	0.000000	0.000000	0
6	2026-09-24T22:14:10.939602836Z	6010	mysql.service	1	0.817145	0.408572	0.466554	0.350691	1893081088	48.800261	2247737344	0.000000	0.000000	62
7	2026-09-24T22:14:11.940242787Z	7010	isuconquest.go.service	1	3.299888	1.649944	2.810002	0.489787	309403648	7.975875	577818624	24560.282598	0.000000	12
7	2026-09-24T22:14:11.940242787Z	7010	nginx.service	0	0.000000	0.000000	0.000000	0.000000	0	0.000000	0	0.000000	0.000000	0
7	2026-09-24T22:14:11.940242787Z	7010	mysql.service	1	49.880879	24.940439	45.622904	4.257975	1893101568	48.800789	2247737344	3209210.259476	10139303.332554	62
8	2026-09-24T22:14:12.939607943Z	8010	isuconquest.go.service	1	5.729737	2.864869	3.865654	1.864083	333529088	8.597786	577818624	6418410.689516	0.000000	12
8	2026-09-24T22:14:12.939607943Z	8010	nginx.service	0	0.000000	0.000000	0.000000	0.000000	0	0.000000	0	0.000000	0.000000	0
8	2026-09-24T22:14:12.939607943Z	8010	mysql.service	1	32.793719	16.396859	28.897846	3.895873	1935761408	49.900484	2247737344	229521.710481	25206402.133156	62
9	2026-09-24T22:14:13.94012369Z	9010	isuconquest.go.service	1	8.807657	4.403829	7.539611	1.268046	333533184	8.597892	577818624	0.000000	0.000000	12
9	2026-09-24T22:14:13.94012369Z	9010	nginx.service	0	0.000000	0.000000	0.000000	0.000000	0	0.000000	0	0.000000	0.000000	0
9	2026-09-24T22:14:13.94012369Z	9010	mysql.service	1	93.892175	46.946088	80.887782	13.004293	1926123520	49.652036	2247737344	0.000000	30663225.564068	62
10	2026-09-24T22:14:14.939600885Z	10010	isuconquest.go.service	1	7.189559	3.594779	6.176629	1.012930	333533184	8.597892	577818624	0.000000	0.000000	12
10	2026-09-24T22:14:14.939600885Z	10010	nginx.service	0	0.000000	0.000000	0.000000	0.000000	0	0.000000	0	0.000000	0.000000	0
10	2026-09-24T22:14:14.939600885Z	10010	mysql.service	1	94.237467	47.118734	81.312210	12.925257	1932083200	49.805666	2247737344	0.000000	33321996.773235	62
11	2026-09-24T22:14:15.939592613Z	11010	isuconquest.go.service	1	5.910749	2.955374	5.650447	0.260402	333533184	8.597892	577818624	0.000000	0.000000	12
11	2026-09-24T22:14:15.939592613Z	11010	nginx.service	0	0.000000	0.000000	0.000000	0.000000	0	0.000000	0	0.000000	0.000000	0
11	2026-09-24T22:14:15.939592613Z	11010	mysql.service	1	92.177863	46.088931	86.013612	6.164251	1947729920	50.209011	2247737344	0.000000	39604551.767270	62
12	2026-09-24T22:14:16.940050502Z	12010	isuconquest.go.service	1	8.788276	4.394138	7.041476	1.746700	333774848	8.604122	577818624	163765.013802	0.000000	12
12	2026-09-24T22:14:16.940050502Z	12010	nginx.service	0	0.000000	0.000000	0.000000	0.000000	0	0.000000	0	0.000000	0.000000	0
12	2026-09-24T22:14:16.940050502Z	12010	mysql.service	1	96.215144	48.107572	87.938934	8.276210	1950928896	50.291475	2247737344	0.000000	28044758.613523	62
13	2026-09-24T22:14:17.9404445Z	13010	isuconquest.go.service	1	7.509141	3.754571	6.997843	0.511399	333774848	8.604122	577818624	0.000000	0.000000	12
13	2026-09-24T22:14:17.9404445Z	13010	nginx.service	0	0.000000	0.000000	0.000000	0.000000	0	0.000000	0	0.000000	0.000000	0
13	2026-09-24T22:14:17.9404445Z	13010	mysql.service	1	97.885933	48.942967	89.156473	8.729561	1955143680	50.400124	2247737344	0.000000	40092235.739303	62
14	2026-09-24T22:14:18.939617996Z	14010	isuconquest.go.service	1	7.429741	3.714870	6.858669	0.570972	333770752	8.604016	577818624	0.000000	0.000000	12
14	2026-09-24T22:14:18.939617996Z	14010	nginx.service	0	0.000000	0.000000	0.000000	0.000000	0	0.000000	0	0.000000	0.000000	0
14	2026-09-24T22:14:18.939617996Z	14010	mysql.service	1	96.736654	48.368327	89.679421	7.057133	1959477248	50.511836	2247737344	0.000000	38423565.461089	62
15	2026-09-24T22:14:19.939599903Z	15010	isuconquest.go.service	1	7.629738	3.814869	7.430934	0.198804	333770752	8.604016	577818624	0.000000	0.000000	12
15	2026-09-24T22:14:19.939599903Z	15010	nginx.service	0	0.000000	0.000000	0.000000	0.000000	0	0.000000	0	0.000000	0.000000	0
15	2026-09-24T22:14:19.939599903Z	15010	mysql.service	1	94.333106	47.166553	85.919953	8.413252	1965445120	50.665677	2247737344	0.000000	37081758.438193	62
16	2026-09-24T22:14:20.939594667Z	16010	isuconquest.go.service	1	6.165932	3.082966	4.038721	2.127211	340852736	8.786577	577818624	7077925.109561	0.000000	12
16	2026-09-24T22:14:20.939594667Z	16010	nginx.service	0	0.000000	0.000000	0.000000	0.000000	0	0.000000	0	0.000000	0.000000	0
16	2026-09-24T22:14:20.939594667Z	16010	mysql.service	1	81.803129	40.901564	73.381585	8.421544	1941835776	50.057070	2247737344	4096.021475	41640154.319329	62
17	2026-09-24T22:14:21.940477379Z	17010	isuconquest.go.service	1	8.538563	4.269281	7.320538	1.218125	341987328	8.815825	577818624	847124.225656	0.000000	12
17	2026-09-24T22:14:21.940477379Z	17010	nginx.service	0	0.000000	0.000000	0.000000	0.000000	0	0.000000	0	0.000000	0.000000	0
17	2026-09-24T22:14:21.940477379Z	17010	mysql.service	1	104.289142	52.144571	94.030797	10.258245	1976758272	50.957310	2247737344	0.000000	34294207.782612	62
18	2026-09-24T22:14:22.93960652Z	18010	isuconquest.go.service	1	6.948751	3.474376	6.542297	0.406354	342056960	8.817620	577818624	0.000000	0.000000	12
18	2026-09-24T22:14:22.93960652Z	18010	nginx.service	0	0.000000	0.000000	0.000000	0.000000	0	0.000000	0	0.000000	0.000000	0
18	2026-09-24T22:14:22.93960652Z	18010	mysql.service	1	94.401111	47.200555	87.530627	6.870583	1950765056	50.287251	2247737344	0.000000	43906396.587971	62
19	2026-09-24T22:14:23.939955882Z	19010	isuconquest.go.service	1	7.284855	3.642427	7.224476	0.060479	341983232	8.815719	577818624	0.000000	0.000000	12
19	2026-09-24T22:14:23.939955882Z	19010	nginx.service	0	0.000000	0.000000	0.000000	0.000000	0	0.000000	0	0.000000	0.000000	0
19	2026-09-24T22:14:23.939955882Z	19010	mysql.service	1	96.297857	48.148929	86.309847	9.988011	1966759936	50.699571	2247737344	0.000000	44348282.395366	62
20	2026-09-24T22:14:24.940132324Z	20010	isuconquest.go.service	1	5.073205	2.536602	3.664753	1.408451	341987328	8.815825	577818624	0.000000	0.000000	12
20	2026-09-24T22:14:24.940132324Z	20010	nginx.service	0	0.000000	0.000000	0.000000	0.000000	0	0.000000	0	0.000000	0.000000	0
20	2026-09-24T22:14:24.940132324Z	20010	mysql.service	1	66.717928	33.358964	60.082199	6.635629	1979936768	51.039246	2247737344	0.000000	50638105.108906	62
21	2026-09-24T22:14:25.939988541Z	21010	isuconquest.go.service	1	6.901592	3.450796	6.126581	0.774911	342138880	8.819731	577818624	0.000000	0.000000	12
21	2026-09-24T22:14:25.939988541Z	21010	nginx.service	0	0.000000	0.000000	0.000000	0.000000	0	0.000000	0	0.000000	0.000000	0
21	2026-09-24T22:14:25.939988541Z	21010	mysql.service	1	74.926473	37.463237	68.900307	6.026266	1980719104	51.059413	2247737344	0.000000	56795110.398539	62
22	2026-09-24T22:14:26.940293382Z	22010	isuconquest.go.service	1	7.795324	3.897662	7.385649	0.409775	341995520	8.816036	577818624	0.000000	0.000000	12
22	2026-09-24T22:14:26.940293382Z	22010	nginx.service	0	0.000000	0.000000	0.000000	0.000000	0	0.000000	0	0.000000	0.000000	0
22	2026-09-24T22:14:26.940293382Z	22010	mysql.service	1	102.522347	51.261174	91.250883	11.271364	1997422592	51.489999	2247737344	0.000000	47159255.972409	62
23	2026-09-24T22:14:27.939594006Z	23010	isuconquest.go.service	1	6.177921	3.088960	5.612125	0.565696	342011904	8.816458	577818624	0.000000	0.000000	12
23	2026-09-24T22:14:27.939594006Z	23010	nginx.service	0	0.000000	0.000000	0.000000	0.000000	0	0.000000	0	0.000000	0.000000	0
23	2026-09-24T22:14:27.939594006Z	23010	mysql.service	1	72.159166	36.079583	64.209407	7.949860	1995395072	51.437733	2247737344	49186.399788	46140941.867359	62
24	2026-09-24T22:14:28.939864243Z	24010	isuconquest.go.service	1	8.480708	4.240354	8.352843	0.127865	341999616	8.816141	577818624	0.000000	0.000000	12
24	2026-09-24T22:14:28.939864243Z	24010	nginx.service	0	0.000000	0.000000	0.000000	0.000000	0	0.000000	0	0.000000	0.000000	0
24	2026-09-24T22:14:28.939864243Z	24010	mysql.service	1	92.768230	46.384115	83.300989	9.467242	2001137664	51.585767	2247737344	0.000000	58851807.828601	62
25	2026-09-24T22:14:29.939945691Z	25010	isuconquest.go.service	1	8.523406	4.261703	6.974032	1.549474	342077440	8.818148	577818624	0.000000	0.000000	12
25	2026-09-24T22:14:29.939945691Z	25010	nginx.service	0	0.000000	0.000000	0.000000	0.000000	0	0.000000	0	0.000000	0.000000	0
25	2026-09-24T22:14:29.939945691Z	25010	mysql.service	1	98.138807	49.069403	95.933086	2.205720	2006384640	51.721025	2247737344	0.000000	58436968.425796	62
26	2026-09-24T22:14:30.939586392Z	26010	isuconquest.go.service	1	6.955899	3.477950	5.987951	0.967848	342007808	8.816353	577818624	0.000000	0.000000	12
26	2026-09-24T22:14:30.939586392Z	26010	nginx.service	0	0.000000	0.000000	0.000000	0.000000	0	0.000000	0	0.000000	0.000000	0
26	2026-09-24T22:14:30.939586392Z	26010	mysql.service	1	87.894181	43.947090	85.781622	2.112459	2010628096	51.830414	2247737344	0.000000	41327104.952791	62
27	2026-09-24T22:14:31.939994639Z	27010	isuconquest.go.service	1	9.423952	4.711976	6.330315	3.093637	333955072	8.608767	577818624	4094.328241	20045831.066671	12
27	2026-09-24T22:14:31.939994639Z	27010	nginx.service	0	0.000000	0.000000	0.000000	0.000000	0	0.000000	0	0.000000	0.000000	0
27	2026-09-24T22:14:31.939994639Z	27010	mysql.service	1	59.393049	29.696525	55.773127	3.619922	2013261824	51.898306	2247737344	7369790.833335	41897260.887510	62
28	2026-09-24T22:14:32.939602843Z	28010	isuconquest.go.service	1	1.793303	0.896651	1.429960	0.363342	333824000	8.605389	577818624	0.000000	0.000000	12
28	2026-09-24T22:14:32.939602843Z	28010	nginx.service	0	0.000000	0.000000	0.000000	0.000000	0	0.000000	0	0.000000	0.000000	0
28	2026-09-24T22:14:32.939602843Z	28010	mysql.service	1	82.639477	41.319739	77.182439	5.457038	2021511168	52.110960	2247737344	27421175.397151	19180890.919615	62
29	2026-09-24T22:14:33.940015111Z	29010	isuconquest.go.service	1	1.954095	0.977047	1.745780	0.208314	333824000	8.605389	577818624	0.000000	0.000000	12
29	2026-09-24T22:14:33.940015111Z	29010	nginx.service	0	0.000000	0.000000	0.000000	0.000000	0	0.000000	0	0.000000	0.000000	0
29	2026-09-24T22:14:33.940015111Z	29010	mysql.service	1	109.874610	54.937305	104.590388	5.284222	2025938944	52.225100	2247737344	41221536.647480	29380785.357799	62
30	2026-09-24T22:14:34.940318147Z	30010	isuconquest.go.service	1	2.129455	1.064727	1.738473	0.390982	333824000	8.605389	577818624	0.000000	0.000000	12
30	2026-09-24T22:14:34.940318147Z	30010	nginx.service	0	0.000000	0.000000	0.000000	0.000000	0	0.000000	0	0.000000	0.000000	0
30	2026-09-24T22:14:34.940318147Z	30010	mysql.service	1	119.317441	59.658721	112.350553	6.966889	2026815488	52.247696	2247737344	30432249.598056	16854028.437244	62
31	2026-09-24T22:14:35.939594037Z	31010	isuconquest.go.service	1	2.330287	1.165144	0.900652	1.429635	333824000	8.605389	577818624	0.000000	0.000000	12
31	2026-09-24T22:14:35.939594037Z	31010	nginx.service	0	0.000000	0.000000	0.000000	0.000000	0	0.000000	0	0.000000	0.000000	0
31	2026-09-24T22:14:35.939594037Z	31010	mysql.service	1	88.541514	44.270757	84.170649	4.370965	2027151360	52.256354	2247737344	35513459.828964	92817034.206725	62
32	2026-09-24T22:14:36.939601691Z	32010	isuconquest.go.service	1	1.940485	0.970243	1.940485	0.000000	333824000	8.605389	577818624	0.000000	0.000000	12
32	2026-09-24T22:14:36.939601691Z	32010	nginx.service	0	0.000000	0.000000	0.000000	0.000000	0	0.000000	0	0.000000	0.000000	0
32	2026-09-24T22:14:36.939601691Z	32010	mysql.service	1	110.871851	55.435925	104.263202	6.608549	2027151360	52.256354	2247737344	37568224.302538	49061512.286939	62
33	2026-09-24T22:14:37.939967803Z	33010	isuconquest.go.service	1	1.790144	0.895072	1.038120	0.752025	333828096	8.605494	577818624	0.000000	0.000000	12
33	2026-09-24T22:14:37.939967803Z	33010	nginx.service	0	0.000000	0.000000	0.000000	0.000000	0	0.000000	0	0.000000	0.000000	0
33	2026-09-24T22:14:37.939967803Z	33010	mysql.service	1	116.379585	58.189792	109.216608	7.163077	2028253184	52.284757	2247737344	52114804.913426	35667195.600318	62
34	2026-09-24T22:14:38.940362374Z	34010	isuconquest.go.service	1	1.839274	0.919637	1.839274	0.000000	333955072	8.608767	577818624	0.000000	0.000000	12
34	2026-09-24T22:14:38.940362374Z	34010	nginx.service	0	0.000000	0.000000	0.000000	0.000000	0	0.000000	0	0.000000	0.000000	0
34	2026-09-24T22:14:38.940362374Z	34010	mysql.service	1	81.704067	40.852033	77.602385	4.101682	2033684480	52.424766	2247737344	27972836.408336	31747859.120351	62
35	2026-09-24T22:14:39.939556564Z	35010	isuconquest.go.service	1	2.379117	1.189559	2.173151	0.206066	333824000	8.605389	577818624	0.000000	0.000000	12
35	2026-09-24T22:14:39.939556564Z	35010	nginx.service	0	0.000000	0.000000	0.000000	0.000000	0	0.000000	0	0.000000	0.000000	0
35	2026-09-24T22:14:39.939556564Z	35010	mysql.service	1	83.286714	41.643357	77.320807	5.965807	2036293632	52.492025	2247737344	30810363.638037	26407711.888802	62
36	2026-09-24T22:14:40.939591293Z	36010	isuconquest.go.service	1	1.793337	0.896669	1.793237	0.000000	333824000	8.605389	577818624	0.000000	0.000000	12
36	2026-09-24T22:14:40.939591293Z	36010	nginx.service	0	0.000000	0.000000	0.000000	0.000000	0	0.000000	0	0.000000	0.000000	0
36	2026-09-24T22:14:40.939591293Z	36010	mysql.service	1	64.459244	32.229622	60.045399	4.413946	2036359168	52.493715	2247737344	21380371.858028	40307325.566064	62
37	2026-09-24T22:14:41.939597979Z	37010	isuconquest.go.service	1	1.673889	0.836945	1.229592	0.444297	333824000	8.605389	577818624	0.000000	0.000000	12
37	2026-09-24T22:14:41.939597979Z	37010	nginx.service	0	0.000000	0.000000	0.000000	0.000000	0	0.000000	0	0.000000	0.000000	0
37	2026-09-24T22:14:41.939597979Z	37010	mysql.service	1	62.094001	31.047001	58.935422	3.158580	2036359168	52.493715	2247737344	25952089.439490	33709863.650095	62
38	2026-09-24T22:14:42.939595897Z	38010	isuconquest.go.service	1	2.496105	1.248053	1.669403	0.826802	331227136	8.538446	577818624	0.000000	0.000000	9
38	2026-09-24T22:14:42.939595897Z	38010	nginx.service	0	0.000000	0.000000	0.000000	0.000000	0	0.000000	0	0.000000	0.000000	0
38	2026-09-24T22:14:42.939595897Z	38010	mysql.service	1	65.571236	32.785618	61.987228	3.584007	2039336960	52.570477	2247737344	26247222.410492	34029638.543441	62
39	2026-09-24T22:14:43.939590688Z	39010	isuconquest.go.service	1	24.647828	12.323914	23.450122	1.197706	343773184	8.861861	577818624	0.000000	0.000000	9
39	2026-09-24T22:14:43.939590688Z	39010	nginx.service	0	0.000000	0.000000	0.000000	0.000000	0	0.000000	0	0.000000	0.000000	0
39	2026-09-24T22:14:43.939590688Z	39010	mysql.service	1	51.112666	25.556333	48.732654	2.380012	2039394304	52.571955	2247737344	13025347.836012	51777805.658812	62
40	2026-09-24T22:14:44.939601042Z	40010	isuconquest.go.service	1	25.650234	12.825117	21.359079	4.291156	371359744	9.572993	577818624	0.000000	0.000000	9
40	2026-09-24T22:14:44.939601042Z	40010	nginx.service	0	0.000000	0.000000	0.000000	0.000000	0	0.000000	0	0.000000	0.000000	0
40	2026-09-24T22:14:44.939601042Z	40010	mysql.service	1	44.134043	22.067021	42.571359	1.562684	2039394304	52.571955	2247737344	14221164.739839	40930904.160487	62
41	2026-09-24T22:14:45.940415066Z	41010	isuconquest.go.service	1	65.901855	32.950927	61.665903	4.235852	412717056	10.639111	577818624	0.000000	0.000000	9
41	2026-09-24T22:14:45.940415066Z	41010	nginx.service	0	0.000000	0.000000	0.000000	0.000000	0	0.000000	0	0.000000	0.000000	0
41	2026-09-24T22:14:45.940415066Z	41010	mysql.service	1	48.880310	24.440155	47.407609	1.472701	2033659904	52.424133	2247737344	25407285.935695	6548269.571055	62
42	2026-09-24T22:14:46.939599621Z	42010	isuconquest.go.service	1	43.599049	21.799525	39.961283	3.637766	412844032	10.642384	577818624	0.000000	0.000000	9
42	2026-09-24T22:14:46.939599621Z	42010	nginx.service	0	0.000000	0.000000	0.000000	0.000000	0	0.000000	0	0.000000	0.000000	0
42	2026-09-24T22:14:46.939599621Z	42010	mysql.service	1	52.623808	26.311904	51.475171	1.148637	2033659904	52.424133	2247737344	23890968.002471	6563047.318455	62
43	2026-09-24T22:14:47.939566993Z	43010	isuconquest.go.service	1	64.532810	32.266405	58.090999	6.441911	458387456	11.816413	577818624	0.000000	0.000000	9
43	2026-09-24T22:14:47.939566993Z	43010	nginx.service	0	0.000000	0.000000	0.000000	0.000000	0	0.000000	0	0.000000	0.000000	0
43	2026-09-24T22:14:47.939566993Z	43010	mysql.service	1	75.923083	37.961541	75.247660	0.675322	2020937728	52.096178	2247737344	9388338.979908	6562006.564491	62
44	2026-09-24T22:14:48.939601392Z	44010	isuconquest.go.service	1	93.390588	46.695294	90.710880	2.679608	495345664	12.769130	577818624	0.000000	0.000000	9
44	2026-09-24T22:14:48.939601392Z	44010	nginx.service	0	0.000000	0.000000	0.000000	0.000000	0	0.000000	0	0.000000	0.000000	0
44	2026-09-24T22:14:48.939601392Z	44010	mysql.service	1	96.615977	48.307988	93.748676	2.867401	2010386432	51.824184	2247737344	49150.309524	6557470.462361	62
45	2026-09-24T22:14:49.939602733Z	45010	isuconquest.go.service	1	92.743775	46.371888	91.248177	1.495698	526696448	13.577297	577818624	0.000000	0.000000	9
45	2026-09-24T22:14:49.939602733Z	45010	nginx.service	0	0.000000	0.000000	0.000000	0.000000	0	0.000000	0	0.000000	0.000000	0
45	2026-09-24T22:14:49.939602733Z	45010	mysql.service	1	101.213364	50.606682	98.860267	2.353097	2005659648	51.702336	2247737344	0.000000	6557687.166795	62
46	2026-09-24T22:14:50.93958889Z	46010	isuconquest.go.service	1	39.935553	19.967776	35.680794	4.254759	557805568	14.379235	577818624	0.000000	0.000000	9
46	2026-09-24T22:14:50.93958889Z	46010	nginx.service	0	0.000000	0.000000	0.000000	0.000000	0	0.000000	0	0.000000	0.000000	0
46	2026-09-24T22:14:50.93958889Z	46010	mysql.service	1	32.924956	16.462478	32.520650	0.404306	1992364032	51.359599	2247737344	16384.226872	6557786.805674	62
47	2026-09-24T22:14:51.939590416Z	47010	isuconquest.go.service	1	1.192898	0.596449	1.127298	0.065600	558112768	14.387154	577818624	0.000000	0.000000	9
47	2026-09-24T22:14:51.939590416Z	47010	nginx.service	0	0.000000	0.000000	0.000000	0.000000	0	0.000000	0	0.000000	0.000000	0
47	2026-09-24T22:14:51.939590416Z	47010	mysql.service	1	1.967897	0.983948	1.967797	0.000000	1992372224	51.359810	2247737344	40959.937413	6565877.967338	62
48	2026-09-24T22:14:52.93999227Z	48010	isuconquest.go.service	1	1.351157	0.675579	0.245201	1.105956	558469120	14.396340	577818624	0.000000	0.000000	9
48	2026-09-24T22:14:52.93999227Z	48010	nginx.service	0	0.000000	0.000000	0.000000	0.000000	0	0.000000	0	0.000000	0.000000	0
48	2026-09-24T22:14:52.93999227Z	48010	mysql.service	1	4.612746	2.306373	3.466307	1.146439	1992376320	51.359915	2247737344	0.000000	39440918.666834	62
49	2026-09-24T22:14:53.939620286Z	49010	isuconquest.go.service	1	13.239525	6.619762	10.887250	2.352275	564432896	14.550075	577818624	0.000000	0.000000	9
49	2026-09-24T22:14:53.939620286Z	49010	nginx.service	0	0.000000	0.000000	0.000000	0.000000	0	0.000000	0	0.000000	0.000000	0
49	2026-09-24T22:14:53.939620286Z	49010	mysql.service	1	15.867202	7.933601	10.695779	5.171424	1992794112	51.370685	2247737344	245851.453299	48436833.824067	62
50	2026-09-24T22:14:54.940193097Z	50010	isuconquest.go.service	1	13.420812	6.710406	9.390321	4.030391	571842560	14.741083	577818624	0.000000	0.000000	9
50	2026-09-24T22:14:54.940193097Z	50010	nginx.service	0	0.000000	0.000000	0.000000	0.000000	0	0.000000	0	0.000000	0.000000	0
50	2026-09-24T22:14:54.940193097Z	50010	mysql.service	1	15.708102	7.854051	11.986534	3.721568	1993269248	51.382933	2247737344	118715.997933	60803059.217241	62
51	2026-09-24T22:14:55.939702058Z	51010	isuconquest.go.service	1	32.822517	16.411259	29.682275	3.140242	577253376	14.880565	578867200	0.000000	0.000000	9
51	2026-09-24T22:14:55.939702058Z	51010	nginx.service	0	0.000000	0.000000	0.000000	0.000000	0	0.000000	0	0.000000	0.000000	0
51	2026-09-24T22:14:55.939702058Z	51010	mysql.service	1	14.501221	7.250610	11.626109	2.875212	1989398528	51.283153	2247737344	0.000000	49581850.523135	62
52	2026-09-24T22:14:56.939817011Z	52010	isuconquest.go.service	1	11.110822	5.555411	8.645706	2.465116	577925120	14.897881	578867200	0.000000	0.000000	9
52	2026-09-24T22:14:56.939817011Z	52010	nginx.service	0	0.000000	0.000000	0.000000	0.000000	0	0.000000	0	0.000000	0.000000	0
52	2026-09-24T22:14:56.939817011Z	52010	mysql.service	1	13.413757	6.706879	9.956055	3.457702	1989808128	51.293712	2247737344	8191.057881	50035077.065506	62
53	2026-09-24T22:14:57.939601051Z	53010	isuconquest.go.service	1	13.383289	6.691644	9.090562	4.292727	577847296	14.895875	578867200	0.000000	0.000000	9
53	2026-09-24T22:14:57.939601051Z	53010	nginx.service	0	0.000000	0.000000	0.000000	0.000000	0	0.000000	0	0.000000	0.000000	0
53	2026-09-24T22:14:57.939601051Z	53010	mysql.service	1	14.330393	7.165196	10.536574	3.793719	1990332416	51.307227	2247737344	0.000000	41452274.768820	62
54	2026-09-24T22:14:58.939602601Z	54010	isuconquest.go.service	1	14.643180	7.321590	11.481984	3.161296	577945600	14.898409	578867200	0.000000	0.000000	9
54	2026-09-24T22:14:58.939602601Z	54010	nginx.service	0	0.000000	0.000000	0.000000	0.000000	0	0.000000	0	0.000000	0.000000	0
54	2026-09-24T22:14:58.939602601Z	54010	mysql.service	1	14.975780	7.487890	7.578890	7.396890	1990828032	51.320003	2247737344	16383.977734	33505234.466386	62
55	2026-09-24T22:14:59.940435055Z	55010	isuconquest.go.service	1	12.827222	6.413611	7.549316	5.277806	577839104	14.895664	578867200	0.000000	0.000000	9
55	2026-09-24T22:14:59.940435055Z	55010	nginx.service	0	0.000000	0.000000	0.000000	0.000000	0	0.000000	0	0.000000	0.000000	0
55	2026-09-24T22:14:59.940435055Z	55010	mysql.service	1	12.517979	6.258990	9.395778	3.122201	1991294976	51.332040	2247737344	4092.593104	30886800.159660	62
56	2026-09-24T22:15:00.940479902Z	56011	isuconquest.go.service	1	11.395289	5.697644	7.042884	4.352405	577851392	14.895980	578867200	0.000000	0.000000	9
56	2026-09-24T22:15:00.940479902Z	56011	nginx.service	0	0.000000	0.000000	0.000000	0.000000	0	0.000000	0	0.000000	0.000000	0
56	2026-09-24T22:15:00.940479902Z	56011	mysql.service	1	11.178799	5.589399	7.336471	3.842428	1991745536	51.343655	2247737344	32766.530356	25308048.883391	62
57	2026-09-24T22:15:01.939589658Z	57010	isuconquest.go.service	1	10.251524	5.125762	5.810472	4.441053	577970176	14.899042	578867200	0.000000	0.000000	9
57	2026-09-24T22:15:01.939589658Z	57010	nginx.service	0	0.000000	0.000000	0.000000	0.000000	0	0.000000	0	0.000000	0.000000	0
57	2026-09-24T22:15:01.939589658Z	57010	mysql.service	1	9.969373	4.984687	7.791835	2.177538	1992110080	51.353052	2247737344	0.000000	23806660.975762	62
58	2026-09-24T22:15:02.939601953Z	58010	isuconquest.go.service	1	13.391738	6.695869	10.449574	2.942164	577835008	14.895558	578867200	0.000000	0.000000	9
58	2026-09-24T22:15:02.939601953Z	58010	nginx.service	0	0.000000	0.000000	0.000000	0.000000	0	0.000000	0	0.000000	0.000000	0
58	2026-09-24T22:15:02.939601953Z	58010	mysql.service	1	13.273740	6.636870	9.791582	3.482058	1992617984	51.366145	2247737344	0.000000	21724921.345701	62
59	2026-09-24T22:15:03.942333427Z	59012	isuconquest.go.service	1	69.165073	34.582536	49.152239	20.012834	577945600	14.898409	578867200	0.000000	0.000000	9
59	2026-09-24T22:15:03.942333427Z	59012	nginx.service	0	0.000000	0.000000	0.000000	0.000000	0	0.000000	0	0.000000	0.000000	0
59	2026-09-24T22:15:03.942333427Z	59012	mysql.service	1	60.716550	30.358275	49.735246	10.981304	1991598080	51.339854	2247737344	61272.631295	26612746.192652	62
60	2026-09-24T22:15:04.940223444Z	60010	isuconquest.go.service	1	72.186918	36.093459	55.352296	16.834722	537468928	13.854992	578867200	0.000000	0.000000	9
60	2026-09-24T22:15:04.940223444Z	60010	nginx.service	0	0.000000	0.000000	0.000000	0.000000	0	0.000000	0	0.000000	0.000000	0
60	2026-09-24T22:15:04.940223444Z	60010	mysql.service	1	55.209595	27.604798	47.279963	7.929632	1994625024	51.417883	2247737344	16418.644209	25871678.613073	62
61	2026-09-24T22:15:05.939737755Z	61010	isuconquest.go.service	1	63.554368	31.777184	42.035517	21.518852	495140864	12.763850	578867200	53273.875121	0.000000	9
61	2026-09-24T22:15:05.939737755Z	61010	nginx.service	0	0.000000	0.000000	0.000000	0.000000	0	0.000000	0	0.000000	0.000000	0
61	2026-09-24T22:15:05.939737755Z	61010	mysql.service	1	62.058042	31.029021	52.305005	9.753037	1997905920	51.502459	2247737344	0.000000	25907495.270453	62
62	2026-09-24T22:15:06.939606472Z	62010	isuconquest.go.service	1	76.370226	38.185113	62.934162	13.436064	493625344	12.724783	578867200	0.000000	0.000000	9
62	2026-09-24T22:15:06.939606472Z	62010	nginx.service	0	0.000000	0.000000	0.000000	0.000000	0	0.000000	0	0.000000	0.000000	0
62	2026-09-24T22:15:06.939606472Z	62010	mysql.service	1	59.508812	29.754406	48.271837	11.236975	2000572416	51.571196	2247737344	4096.537781	23624733.384124	62
63	2026-09-24T22:15:07.939597432Z	63010	isuconquest.go.service	1	66.646397	33.323198	51.635162	15.011134	493719552	12.727211	578867200	0.000000	0.000000	9
63	2026-09-24T22:15:07.939597432Z	63010	nginx.service	0	0.000000	0.000000	0.000000	0.000000	0	0.000000	0	0.000000	0.000000	0
63	2026-09-24T22:15:07.939597432Z	63010	mysql.service	1	73.109755	36.554877	60.793544	12.316210	2004156416	51.663585	2247737344	0.000000	24215768.876426	62
64	2026-09-24T22:15:08.939600008Z	64010	isuconquest.go.service	1	69.021723	34.510862	47.242879	21.778944	493772800	12.728584	578867200	0.000000	0.000000	9
64	2026-09-24T22:15:08.939600008Z	64010	nginx.service	0	0.000000	0.000000	0.000000	0.000000	0	0.000000	0	0.000000	0.000000	0
64	2026-09-24T22:15:08.939600008Z	64010	mysql.service	1	71.220917	35.610459	60.716744	10.504273	2006315008	51.719230	2247737344	16383.957992	27578297.289246	62
65	2026-09-24T22:15:09.939603001Z	65010	isuconquest.go.service	1	62.964216	31.482108	48.842857	14.121259	487874560	12.576538	578867200	0.000000	0.000000	9
65	2026-09-24T22:15:09.939603001Z	65010	nginx.service	0	0.000000	0.000000	0.000000	0.000000	0	0.000000	0	0.000000	0.000000	0
65	2026-09-24T22:15:09.939603001Z	65010	mysql.service	1	45.905366	22.952683	40.132883	5.772483	2006335488	51.719758	2247737344	0.000000	17334221.297403	62
66	2026-09-24T22:15:10.939599413Z	66010	isuconquest.go.service	1	66.004337	33.002169	47.871672	18.132765	487899136	12.577171	578867200	0.000000	0.000000	9
66	2026-09-24T22:15:10.939599413Z	66010	nginx.service	0	0.000000	0.000000	0.000000	0.000000	0	0.000000	0	0.000000	0.000000	0
66	2026-09-24T22:15:10.939599413Z	66010	mysql.service	1	65.691236	32.845618	53.015290	12.675846	2008064000	51.764316	2247737344	0.000000	22028367.103866	62
67	2026-09-24T22:15:11.939600821Z	67010	isuconquest.go.service	1	72.345997	36.172999	53.955723	18.390174	487772160	12.573898	578867200	16383.976768	0.000000	9
67	2026-09-24T22:15:11.939600821Z	67010	nginx.service	0	0.000000	0.000000	0.000000	0.000000	0	0.000000	0	0.000000	0.000000	0
67	2026-09-24T22:15:11.939600821Z	67010	mysql.service	1	45.244636	22.622318	36.409048	8.835687	2010959872	51.838966	2247737344	0.000000	22192096.531607	62
68	2026-09-24T22:15:12.940366265Z	68010	isuconquest.go.service	1	65.356770	32.678385	47.869056	17.487813	488140800	12.583401	578867200	0.000000	0.000000	9
68	2026-09-24T22:15:12.940366265Z	68010	nginx.service	0	0.000000	0.000000	0.000000	0.000000	0	0.000000	0	0.000000	0.000000	0
68	2026-09-24T22:15:12.940366265Z	68010	mysql.service	1	61.699369	30.849685	50.040194	11.659175	2014105600	51.920058	2247737344	16371.467723	21622615.995568	62
69	2026-09-24T22:15:13.939603124Z	69010	isuconquest.go.service	1	69.446896	34.723448	53.271152	16.175644	489152512	12.609481	578867200	0.000000	0.000000	9
69	2026-09-24T22:15:13.939603124Z	69010	nginx.service	0	0.000000	0.000000	0.000000	0.000000	0	0.000000	0	0.000000	0.000000	0
69	2026-09-24T22:15:13.939603124Z	69010	mysql.service	1	57.805913	28.902956	47.703203	10.102610	2014109696	51.920163	2247737344	98379.075237	25324413.617168	62
70	2026-09-24T22:15:14.939600746Z	70010	isuconquest.go.service	1	93.493829	46.746915	75.103784	18.390145	490463232	12.643269	578867200	0.000000	0.000000	9
70	2026-09-24T22:15:14.939600746Z	70010	nginx.service	0	0.000000	0.000000	0.000000	0.000000	0	0.000000	0	0.000000	0.000000	0
70	2026-09-24T22:15:14.939600746Z	70010	mysql.service	1	63.628756	31.814378	52.950730	10.678126	2014138368	51.920902	2247737344	0.000000	22208566.477614	62
71	2026-09-24T22:15:15.939592934Z	71010	isuconquest.go.service	1	79.765023	39.882512	59.772867	19.992056	490610688	12.647070	578867200	0.000000	0.000000	9
71	2026-09-24T22:15:15.939592934Z	71010	nginx.service	0	0.000000	0.000000	0.000000	0.000000	0	0.000000	0	0.000000	0.000000	0
71	2026-09-24T22:15:15.939592934Z	71010	mysql.service	1	60.074569	30.037285	50.361893	9.712676	2017726464	52.013397	2247737344	20480.159971	27627735.800244	62
72	2026-09-24T22:15:16.939576233Z	72010	isuconquest.go.service	1	87.809066	43.904533	73.393926	14.415241	492638208	12.699336	578867200	0.000000	0.000000	9
72	2026-09-24T22:15:16.939576233Z	72010	nginx.service	0	0.000000	0.000000	0.000000	0.000000	0	0.000000	0	0.000000	0.000000	0
72	2026-09-24T22:15:16.939576233Z	72010	mysql.service	1	64.866783	32.433392	57.208455	7.658228	2021941248	52.122047	2247737344	8192.136809	23294341.015495	62
73	2026-09-24T22:15:17.939598183Z	73010	isuconquest.go.service	1	69.273980	34.636990	50.392494	18.881386	492830720	12.704299	578867200	28671.370749	0.000000	9
73	2026-09-24T22:15:17.939598183Z	73010	nginx.service	0	0.000000	0.000000	0.000000	0.000000	0	0.000000	0	0.000000	0.000000	0
73	2026-09-24T22:15:17.939598183Z	73010	mysql.service	1	61.287655	30.643827	53.121434	8.166321	2022375424	52.133239	2247737344	16383.640428	22437395.566480	62
74	2026-09-24T22:15:18.939600214Z	74010	isuconquest.go.service	1	91.766214	45.883107	76.494645	15.271669	493543424	12.722671	578867200	0.000000	0.000000	9
74	2026-09-24T22:15:18.939600214Z	74010	nginx.service	0	0.000000	0.000000	0.000000	0.000000	0	0.000000	0	0.000000	0.000000	0
74	2026-09-24T22:15:18.939600214Z	74010	mysql.service	1	61.307075	30.653538	50.572497	10.734478	2022375424	52.133239	2247737344	0.000000	27676615.788793	62
75	2026-09-24T22:15:19.939607875Z	75010	isuconquest.go.service	1	79.902382	39.951191	65.681792	14.220490	493441024	12.720031	578867200	0.000000	0.000000	9
75	2026-09-24T22:15:19.939607875Z	75010	nginx.service	0	0.000000	0.000000	0.000000	0.000000	0	0.000000	0	0.000000	0.000000	0
75	2026-09-24T22:15:19.939607875Z	75010	mysql.service	1	62.101120	31.050560	47.636932	14.464188	2024005632	52.175263	2247737344	16383.873304	23359307.362476	62
76	2026-09-24T22:15:20.939609094Z	76010	isuconquest.go.service	1	87.374893	43.687447	73.325210	14.049683	494006272	12.734602	578867200	45055.944987	0.000000	9
76	2026-09-24T22:15:20.939609094Z	76010	nginx.service	0	0.000000	0.000000	0.000000	0.000000	0	0.000000	0	0.000000	0.000000	0
76	2026-09-24T22:15:20.939609094Z	76010	mysql.service	1	62.744123	31.372062	49.845839	12.898284	2024595456	52.190467	2247737344	16383.979995	23302115.548117	62
77	2026-09-24T22:15:21.940145225Z	77010	isuconquest.go.service	1	64.439457	32.219728	44.680549	19.758908	493903872	12.731963	578867200	0.000000	0.000000	9
77	2026-09-24T22:15:21.940145225Z	77010	nginx.service	0	0.000000	0.000000	0.000000	0.000000	0	0.000000	0	0.000000	0.000000	0
77	2026-09-24T22:15:21.940145225Z	77010	mysql.service	1	55.381212	27.690606	42.525304	12.856008	2024587264	52.190256	2247737344	20469.027373	27489903.762189	62
78	2026-09-24T22:15:22.9396731Z	78010	isuconquest.go.service	1	84.389742	42.194871	67.948380	16.441362	494215168	12.739987	578867200	8195.869450	0.000000	9
78	2026-09-24T22:15:22.9396731Z	78010	nginx.service	0	0.000000	0.000000	0.000000	0.000000	0	0.000000	0	0.000000	0.000000	0
78	2026-09-24T22:15:22.9396731Z	78010	mysql.service	1	52.805331	26.402665	42.690855	10.114475	2024620032	52.191101	2247737344	4097.934725	22485367.836834	62
79	2026-09-24T22:15:23.939599824Z	79010	isuconquest.go.service	1	75.369923	37.684962	57.425908	17.944115	494575616	12.749279	578867200	0.000000	0.000000	9
79	2026-09-24T22:15:23.939599824Z	79010	nginx.service	0	0.000000	0.000000	0.000000	0.000000	0	0.000000	0	0.000000	0.000000	0
79	2026-09-24T22:15:23.939599824Z	79010	mysql.service	1	65.058968	32.529484	55.129140	9.929828	2025230336	52.206833	2247737344	4096.300185	24319734.198762	62
80	2026-09-24T22:15:24.939597416Z	80010	isuconquest.go.service	1	86.695103	43.347552	70.869166	15.825937	496758784	12.805557	578867200	0.000000	0.000000	9
80	2026-09-24T22:15:24.939597416Z	80010	nginx.service	0	0.000000	0.000000	0.000000	0.000000	0	0.000000	0	0.000000	0.000000	0
80	2026-09-24T22:15:24.939597416Z	80010	mysql.service	1	40.235094	20.117547	33.519679	6.715416	2028228608	52.284124	2247737344	36864.086336	30212166.756895	62
81	2026-09-24T22:15:25.939833291Z	81010	isuconquest.go.service	1	64.830012	32.415006	47.159979	17.670033	496787456	12.806296	578867200	65520.549665	0.000000	9
81	2026-09-24T22:15:25.939833291Z	81010	nginx.service	0	0.000000	0.000000	0.000000	0.000000	0	0.000000	0	0.000000	0.000000	0
81	2026-09-24T22:15:25.939833291Z	81010	mysql.service	1	39.300733	19.650366	28.811106	10.489626	2033344512	52.416002	2247737344	16380.137416	31413008.529872	62
82	2026-09-24T22:15:26.93969488Z	82010	isuconquest.go.service	1	83.518160	41.759080	66.921763	16.596397	502013952	12.941026	578867200	0.000000	0.000000	9
82	2026-09-24T22:15:26.93969488Z	82010	nginx.service	0	0.000000	0.000000	0.000000	0.000000	0	0.000000	0	0.000000	0.000000	0
82	2026-09-24T22:15:26.93969488Z	82010	mysql.service	1	37.997859	18.998930	28.008977	9.988883	2033668096	52.424344	2247737344	16386.268023	27897621.309765	62
83	2026-09-24T22:15:27.939915092Z	83010	isuconquest.go.service	1	61.406177	30.703089	44.232059	17.174018	502194176	12.945672	578867200	0.000000	0.000000	9
83	2026-09-24T22:15:27.939915092Z	83010	nginx.service	0	0.000000	0.000000	0.000000	0.000000	0	0.000000	0	0.000000	0.000000	0
83	2026-09-24T22:15:27.939915092Z	83010	mysql.service	1	38.590402	19.295201	28.874841	9.715560	2033684480	52.424766	2247737344	0.000000	31712440.444927	62
84	2026-09-24T22:15:28.939715362Z	84010	isuconquest.go.service	1	85.378553	42.689276	68.339649	17.039003	493694976	12.726578	578867200	0.000000	0.000000	9
84	2026-09-24T22:15:28.939715362Z	84010	nginx.service	0	0.000000	0.000000	0.000000	0.000000	0	0.000000	0	0.000000	0.000000	0
84	2026-09-24T22:15:28.939715362Z	84010	mysql.service	1	39.386667	19.693333	29.292451	10.094216	2033725440	52.425822	2247737344	0.000000	33958526.536505	62
85	2026-09-24T22:15:29.940407465Z	85010	isuconquest.go.service	1	62.879481	31.439741	44.407765	18.471616	493572096	12.723410	578867200	0.000000	0.000000	9
85	2026-09-24T22:15:29.940407465Z	85010	nginx.service	0	0.000000	0.000000	0.000000	0.000000	0	0.000000	0	0.000000	0.000000	0
85	2026-09-24T22:15:29.940407465Z	85010	mysql.service	1	39.481975	19.740987	32.102482	7.379493	2033725440	52.425822	2247737344	32745.337018	32094523.444513	62
86	2026-09-24T22:15:30.939591531Z	86010	isuconquest.go.service	1	85.012664	42.506332	69.479590	15.533074	496484352	12.798483	578867200	0.000000	0.000000	9
86	2026-09-24T22:15:30.939591531Z	86010	nginx.service	0	0.000000	0.000000	0.000000	0.000000	0	0.000000	0	0.000000	0.000000	0
86	2026-09-24T22:15:30.939591531Z	86010	mysql.service	1	38.359599	19.179799	30.686038	7.673461	2033688576	52.424872	2247737344	0.000000	30326952.670492	62
87	2026-09-24T22:15:31.940357393Z	87010	isuconquest.go.service	1	59.977965	29.988983	41.191753	18.786212	495841280	12.781906	578867200	0.000000	0.000000	9
87	2026-09-24T22:15:31.940357393Z	87010	nginx.service	0	0.000000	0.000000	0.000000	0.000000	0	0.000000	0	0.000000	0.000000	0
87	2026-09-24T22:15:31.940357393Z	87010	mysql.service	1	37.204207	18.602103	27.411007	9.793300	2028126208	52.281484	2247737344	0.000000	30070282.403589	62
88	2026-09-24T22:15:32.939602928Z	88010	isuconquest.go.service	1	61.629098	30.814549	44.472554	17.156544	495960064	12.784968	578867200	0.000000	0.000000	9
88	2026-09-24T22:15:32.939602928Z	88010	nginx.service	0	0.000000	0.000000	0.000000	0.000000	0	0.000000	0	0.000000	0.000000	0
88	2026-09-24T22:15:32.939602928Z	88010	mysql.service	1	38.371951	19.185975	29.723025	8.648825	2028187648	52.283068	2247737344	0.000000	39773496.188083	62
89	2026-09-24T22:15:33.939802799Z	89010	isuconquest.go.service	1	75.541996	37.770998	64.533297	11.008799	489066496	12.607264	578867200	0.000000	0.000000	9
89	2026-09-24T22:15:33.939802799Z	89010	nginx.service	0	0.000000	0.000000	0.000000	0.000000	0	0.000000	0	0.000000	0.000000	0
89	2026-09-24T22:15:33.939802799Z	89010	mysql.service	1	34.767648	17.383824	26.243353	8.524296	2028179456	52.282856	2247737344	0.000000	27982373.036441	62
90	2026-09-24T22:15:34.939615268Z	90010	isuconquest.go.service	1	66.620097	33.310049	51.860829	14.759269	491028480	12.657840	578867200	0.000000	0.000000	9
90	2026-09-24T22:15:34.939615268Z	90010	nginx.service	0	0.000000	0.000000	0.000000	0.000000	0	0.000000	0	0.000000	0.000000	0
90	2026-09-24T22:15:34.939615268Z	90010	mysql.service	1	41.678219	20.839109	33.649512	8.028706	2028171264	52.282645	2247737344	0.000000	32483277.603012	62
91	2026-09-24T22:15:35.939601639Z	91010	isuconquest.go.service	1	77.684959	38.842479	62.580653	15.104306	490082304	12.633450	578867200	0.000000	0.000000	9
91	2026-09-24T22:15:35.939601639Z	91010	nginx.service	0	0.000000	0.000000	0.000000	0.000000	0	0.000000	0	0.000000	0.000000	0
91	2026-09-24T22:15:35.939601639Z	91010	mysql.service	1	36.446497	18.223248	26.654963	9.791633	2031329280	52.364053	2247737344	20480.279126	30130586.649765	62
92	2026-09-24T22:15:36.939591117Z	92010	isuconquest.go.service	1	63.614269	31.807135	43.931962	19.682307	490459136	12.643164	578867200	20480.215431	4096.043086	9
92	2026-09-24T22:15:36.939591117Z	92010	nginx.service	0	0.000000	0.000000	0.000000	0.000000	0	0.000000	0	0.000000	0.000000	0
92	2026-09-24T22:15:36.939591117Z	92010	mysql.service	1	40.336824	20.168412	32.989947	7.346777	2032689152	52.399108	2247737344	36864.387776	30843204.439668	62
93	2026-09-24T22:15:37.939599458Z	93010	isuconquest.go.service	1	76.808460	38.404230	60.496196	16.312164	492875776	12.705460	578867200	0.000000	0.000000	9
93	2026-09-24T22:15:37.939599458Z	93010	nginx.service	0	0.000000	0.000000	0.000000	0.000000	0	0.000000	0	0.000000	0.000000	0
93	2026-09-24T22:15:37.939599458Z	93010	mysql.service	1	34.060316	17.030158	26.424180	7.636236	2036228096	52.490336	2247737344	20479.829383	26197797.746147	62
94	2026-09-24T22:15:38.94030604Z	94010	isuconquest.go.service	1	60.314882	30.157441	44.381940	15.933042	492961792	12.707678	578867200	0.000000	0.000000	9
94	2026-09-24T22:15:38.94030604Z	94010	nginx.service	0	0.000000	0.000000	0.000000	0.000000	0	0.000000	0	0.000000	0.000000	0
94	2026-09-24T22:15:38.94030604Z	94010	mysql.service	1	38.891819	19.445910	30.713398	8.178421	2039455744	52.573539	2247737344	0.000000	30399511.856919	62
95	2026-09-24T22:15:39.93959612Z	95010	isuconquest.go.service	1	82.827101	41.413551	65.945917	16.881084	494989312	12.759943	578867200	0.000000	0.000000	9
95	2026-09-24T22:15:39.93959612Z	95010	nginx.service	0	0.000000	0.000000	0.000000	0.000000	0	0.000000	0	0.000000	0.000000	0
95	2026-09-24T22:15:39.93959612Z	95010	mysql.service	1	39.191623	19.595812	28.617616	10.574007	2033737728	52.426139	2247737344	81978.198619	32455168.833099	62
96	2026-09-24T22:15:40.93959568Z	96010	isuconquest.go.service	1	63.723428	31.861714	50.061422	13.662006	495132672	12.763639	578867200	0.000000	0.000000	9
96	2026-09-24T22:15:40.93959568Z	96010	nginx.service	0	0.000000	0.000000	0.000000	0.000000	0	0.000000	0	0.000000	0.000000	0
96	2026-09-24T22:15:40.93959568Z	96010	mysql.service	1	41.194818	20.597409	33.084515	8.110304	2033729536	52.425928	2247737344	4096.001802	31784973.985389	62
97	2026-09-24T22:15:41.940044097Z	97010	isuconquest.go.service	1	81.093236	40.546618	66.045984	15.047253	483688448	12.468627	578867200	0.000000	0.000000	9
97	2026-09-24T22:15:41.940044097Z	97010	nginx.service	0	0.000000	0.000000	0.000000	0.000000	0	0.000000	0	0.000000	0.000000	0
97	2026-09-24T22:15:41.940044097Z	97010	mysql.service	1	41.602645	20.801322	29.568841	12.033804	2033737728	52.426139	2247737344	0.000000	27299886.266900	62
98	2026-09-24T22:15:42.939575087Z	98010	isuconquest.go.service	1	58.985961	29.492980	45.409895	13.576066	483741696	12.470000	578867200	0.000000	0.000000	9
98	2026-09-24T22:15:42.939575087Z	98010	nginx.service	0	0.000000	0.000000	0.000000	0.000000	0	0.000000	0	0.000000	0.000000	0
98	2026-09-24T22:15:42.939575087Z	98010	mysql.service	1	39.269915	19.634958	30.179552	9.090263	2033750016	52.426456	2247737344	65566.747001	30718020.970190	62
99	2026-09-24T22:15:43.939593831Z	99010	isuconquest.go.service	1	78.953125	39.476563	65.625374	13.327851	484540416	12.490590	578867200	0.000000	0.000000	9
99	2026-09-24T22:15:43.939593831Z	99010	nginx.service	0	0.000000	0.000000	0.000000	0.000000	0	0.000000	0	0.000000	0.000000	0
99	2026-09-24T22:15:43.939593831Z	99010	mysql.service	1	38.362484	19.181242	30.743326	7.619258	2033721344	52.425716	2247737344	16383.694018	30727618.131004	62
100	2026-09-24T22:15:44.940216475Z	100010	isuconquest.go.service	1	62.282420	31.141210	45.586916	16.695505	484806656	12.497453	578867200	0.000000	0.000000	9
100	2026-09-24T22:15:44.940216475Z	100010	nginx.service	0	0.000000	0.000000	0.000000	0.000000	0	0.000000	0	0.000000	0.000000	0
100	2026-09-24T22:15:44.940216475Z	100010	mysql.service	1	40.162393	20.081197	31.968395	8.193898	2033725440	52.425822	2247737344	0.000000	31126603.238380	62
101	2026-09-24T22:15:45.940255193Z	101010	isuconquest.go.service	1	82.159319	41.079659	61.959401	20.199818	482062336	12.426709	578867200	0.000000	0.000000	9
101	2026-09-24T22:15:45.940255193Z	101010	nginx.service	0	0.000000	0.000000	0.000000	0.000000	0	0.000000	0	0.000000	0.000000	0
101	2026-09-24T22:15:45.940255193Z	101010	mysql.service	1	39.707163	19.853581	30.602515	9.104747	2033741824	52.426244	2247737344	0.000000	30514018.497204	62
102	2026-09-24T22:15:46.94028172Z	102010	isuconquest.go.service	1	64.804781	32.402390	47.998527	16.806254	482050048	12.426392	578867200	0.000000	0.000000	9
102	2026-09-24T22:15:46.94028172Z	102010	nginx.service	0	0.000000	0.000000	0.000000	0.000000	0	0.000000	0	0.000000	0.000000	0
102	2026-09-24T22:15:46.94028172Z	102010	mysql.service	1	42.130882	21.065441	34.975572	7.155310	2033741824	52.426244	2247737344	0.000000	26758458.098107	62
103	2026-09-24T22:15:47.93966653Z	103010	isuconquest.go.service	1	80.381050	40.190525	63.006761	17.374389	484036608	12.477602	578867200	0.000000	0.000000	9
103	2026-09-24T22:15:47.93966653Z	103010	nginx.service	0	0.000000	0.000000	0.000000	0.000000	0	0.000000	0	0.000000	0.000000	0
103	2026-09-24T22:15:47.93966653Z	103010	mysql.service	1	37.498669	18.749334	28.838341	8.660228	2033741824	52.426244	2247737344	0.000000	32083225.311463	62
104	2026-09-24T22:15:48.939612215Z	104010	isuconquest.go.service	1	65.073534	32.536767	48.815951	16.257583	484040704	12.477708	578867200	0.000000	0.000000	9
104	2026-09-24T22:15:48.939612215Z	104010	nginx.service	0	0.000000	0.000000	0.000000	0.000000	0	0.000000	0	0.000000	0.000000	0
104	2026-09-24T22:15:48.939612215Z	104010	mysql.service	1	41.217439	20.608719	30.235842	10.981596	2033733632	52.426033	2247737344	32769.779792	31471277.268011	62
105	2026-09-24T22:15:49.939605271Z	105010	isuconquest.go.service	1	84.448687	42.224343	68.218674	16.230013	488927232	12.603674	578867200	0.000000	0.000000	9
105	2026-09-24T22:15:49.939605271Z	105010	nginx.service	0	0.000000	0.000000	0.000000	0.000000	0	0.000000	0	0.000000	0.000000	0
105	2026-09-24T22:15:49.939605271Z	105010	mysql.service	1	39.169472	19.584736	34.060437	5.109036	2033745920	52.426350	2247737344	0.000000	31375578.028892	62
106	2026-09-24T22:15:50.939797321Z	106010	isuconquest.go.service	1	63.198363	31.599181	48.216440	14.981923	488722432	12.598394	578867200	0.000000	0.000000	9
106	2026-09-24T22:15:50.939797321Z	106010	nginx.service	0	0.000000	0.000000	0.000000	0.000000	0	0.000000	0	0.000000	0.000000	0
106	2026-09-24T22:15:50.939797321Z	106010	mysql.service	1	38.693269	19.346634	32.435071	6.258298	2033762304	52.426772	2247737344	32761.708114	33662655.087091	62
107	2026-09-24T22:15:51.940510233Z	107011	isuconquest.go.service	1	67.419930	33.709965	53.091046	14.328884	489345024	12.614444	578867200	0.000000	0.000000	9
107	2026-09-24T22:15:51.940510233Z	107011	nginx.service	0	0.000000	0.000000	0.000000	0.000000	0	0.000000	0	0.000000	0.000000	0
107	2026-09-24T22:15:51.940510233Z	107011	mysql.service	1	37.056579	18.528289	31.593974	5.462505	2033758208	52.426667	2247737344	16372.326548	26924291.007436	62
108	2026-09-24T22:15:52.939592521Z	108010	isuconquest.go.service	1	71.942528	35.971264	59.572475	12.370053	491237376	12.663225	578867200	0.000000	0.000000	9
108	2026-09-24T22:15:52.939592521Z	108010	nginx.service	0	0.000000	0.000000	0.000000	0.000000	0	0.000000	0	0.000000	0.000000	0
108	2026-09-24T22:15:52.939592521Z	108010	mysql.service	1	36.449653	18.224827	30.852216	5.597437	2033737728	52.426139	2247737344	16399.050951	30965507.957410	62
109	2026-09-24T22:15:53.939590985Z	109010	isuconquest.go.service	1	2.934605	1.467302	2.510604	0.423901	490999808	12.657101	578867200	0.000000	0.000000	9
109	2026-09-24T22:15:53.939590985Z	109010	nginx.service	0	0.000000	0.000000	0.000000	0.000000	0	0.000000	0	0.000000	0.000000	0
109	2026-09-24T22:15:53.939590985Z	109010	mysql.service	1	2.344004	1.172002	1.990003	0.354101	2033655808	52.424027	2247737344	0.000000	14606358.625250	62
110	2026-09-24T22:15:54.939601264Z	110010	isuconquest.go.service	1	3.291966	1.645983	2.460375	0.831591	491130880	12.660480	578867200	0.000000	0.000000	9
110	2026-09-24T22:15:54.939601264Z	110010	nginx.service	0	0.000000	0.000000	0.000000	0.000000	0	0.000000	0	0.000000	0.000000	0
110	2026-09-24T22:15:54.939601264Z	110010	mysql.service	1	2.045879	1.022939	2.045779	0.000000	2033655808	52.424027	2247737344	0.000000	11898757.585582	62
111	2026-09-24T22:15:55.939922655Z	111010	isuconquest.go.service	1	2.993138	1.496569	2.399729	0.593409	490999808	12.657101	578867200	0.000000	0.000000	9
111	2026-09-24T22:15:55.939922655Z	111010	nginx.service	0	0.000000	0.000000	0.000000	0.000000	0	0.000000	0	0.000000	0.000000	0
111	2026-09-24T22:15:55.939922655Z	111010	mysql.service	1	1.549502	0.774751	1.549502	0.000000	2033655808	52.424027	2247737344	0.000000	6096984.496250	62
112	2026-09-24T22:15:56.940214261Z	112010	isuconquest.go.service	1	2.805382	1.402691	2.733603	0.071779	491003904	12.657207	578867200	0.000000	0.000000	9
112	2026-09-24T22:15:56.940214261Z	112010	nginx.service	0	0.000000	0.000000	0.000000	0.000000	0	0.000000	0	0.000000	0.000000	0
112	2026-09-24T22:15:56.940214261Z	112010	mysql.service	1	1.723797	0.861899	1.723897	0.000000	2033655808	52.424027	2247737344	0.000000	5519798.366079	62
113	2026-09-24T22:15:57.939601992Z	113010	isuconquest.go.service	1	3.083788	1.541894	1.806706	1.277082	491126784	12.660374	578867200	0.000000	0.000000	9
113	2026-09-24T22:15:57.939601992Z	113010	nginx.service	0	0.000000	0.000000	0.000000	0.000000	0	0.000000	0	0.000000	0.000000	0
113	2026-09-24T22:15:57.939601992Z	113010	mysql.service	1	1.748471	0.874235	0.809596	0.938775	2033614848	52.422971	2247737344	0.000000	8688840.029040	62
114	2026-09-24T22:15:58.939940154Z	114010	isuconquest.go.service	1	2.873728	1.436864	2.213651	0.660177	490999808	12.657101	578867200	0.000000	0.000000	9
114	2026-09-24T22:15:58.939940154Z	114010	nginx.service	0	0.000000	0.000000	0.000000	0.000000	0	0.000000	0	0.000000	0.000000	0
114	2026-09-24T22:15:58.939940154Z	114010	mysql.service	1	1.177702	0.588851	1.139615	0.038187	2033614848	52.422971	2247737344	0.000000	1117829.982317	62
115	2026-09-24T22:15:59.939592872Z	115010	isuconquest.go.service	1	2.796571	1.398286	2.557588	0.238883	490995712	12.656996	578867200	0.000000	0.000000	9
115	2026-09-24T22:15:59.939592872Z	115010	nginx.service	0	0.000000	0.000000	0.000000	0.000000	0	0.000000	0	0.000000	0.000000	0
115	2026-09-24T22:15:59.939592872Z	115010	mysql.service	1	0.859398	0.429699	0.000000	0.859398	2033614848	52.422971	2247737344	0.000000	4097.422978	62
116	2026-09-24T22:16:00.939894982Z	116010	isuconquest.go.service	1	3.067673	1.533837	2.944410	0.123363	491126784	12.660374	578867200	0.000000	0.000000	9
116	2026-09-24T22:16:00.939894982Z	116010	nginx.service	0	0.000000	0.000000	0.000000	0.000000	0	0.000000	0	0.000000	0.000000	0
116	2026-09-24T22:16:00.939894982Z	116010	mysql.service	1	0.882333	0.441167	0.163651	0.718583	2033614848	52.422971	2247737344	0.000000	0.000000	62
117	2026-09-24T22:16:01.940209776Z	117010	isuconquest.go.service	1	2.914383	1.457191	2.914383	0.000000	490999808	12.657101	578867200	0.000000	0.000000	9
117	2026-09-24T22:16:01.940209776Z	117010	nginx.service	0	0.000000	0.000000	0.000000	0.000000	0	0.000000	0	0.000000	0.000000	0
117	2026-09-24T22:16:01.940209776Z	117010	mysql.service	1	0.944703	0.472351	0.888320	0.056382	2033614848	52.422971	2247737344	0.000000	0.000000	62
118	2026-09-24T22:16:02.939557349Z	118010	isuconquest.go.service	1	3.268432	1.634216	2.844256	0.424177	490995712	12.656996	578867200	0.000000	0.000000	9
118	2026-09-24T22:16:02.939557349Z	118010	nginx.service	0	0.000000	0.000000	0.000000	0.000000	0	0.000000	0	0.000000	0.000000	0
118	2026-09-24T22:16:02.939557349Z	118010	mysql.service	1	0.928005	0.464003	0.508732	0.419374	2033614848	52.422971	2247737344	0.000000	0.000000	62
119	2026-09-24T22:16:03.940068096Z	119010	isuconquest.go.service	1	2.735803	1.367901	2.735703	0.000000	490999808	12.657101	578867200	0.000000	0.000000	9
119	2026-09-24T22:16:03.940068096Z	119010	nginx.service	0	0.000000	0.000000	0.000000	0.000000	0	0.000000	0	0.000000	0.000000	0
119	2026-09-24T22:16:03.940068096Z	119010	mysql.service	1	0.816183	0.408092	0.773205	0.042878	2033614848	52.422971	2247737344	0.000000	0.000000	62
120	2026-09-24T22:16:04.9399183Z	120010	isuconquest.go.service	1	2.891133	1.445567	2.248037	0.643196	490999808	12.657101	578867200	0.000000	0.000000	9
120	2026-09-24T22:16:04.9399183Z	120010	nginx.service	0	0.000000	0.000000	0.000000	0.000000	0	0.000000	0	0.000000	0.000000	0
120	2026-09-24T22:16:04.9399183Z	120010	mysql.service	1	0.810521	0.405261	0.768215	0.042306	2033614848	52.422971	2247737344	0.000000	0.000000	62
121	2026-09-24T22:16:05.940290542Z	121010	isuconquest.go.service	1	2.930909	1.465454	1.684673	1.246236	490979328	12.656573	578867200	0.000000	0.000000	9
121	2026-09-24T22:16:05.940290542Z	121010	nginx.service	0	0.000000	0.000000	0.000000	0.000000	0	0.000000	0	0.000000	0.000000	0
121	2026-09-24T22:16:05.940290542Z	121010	mysql.service	1	0.909861	0.454931	0.909861	0.000000	2033614848	52.422971	2247737344	0.000000	0.000000	62
122	2026-09-24T22:16:06.939596704Z	122010	isuconquest.go.service	1	2.836768	1.418384	2.431887	0.404881	491110400	12.659952	578867200	0.000000	0.000000	9
122	2026-09-24T22:16:06.939596704Z	122010	nginx.service	0	0.000000	0.000000	0.000000	0.000000	0	0.000000	0	0.000000	0.000000	0
122	2026-09-24T22:16:06.939596704Z	122010	mysql.service	1	1.089956	0.544978	1.089956	0.000000	2033614848	52.422971	2247737344	0.000000	237732.948153	62
123	2026-09-24T22:16:07.939590348Z	123010	isuconquest.go.service	1	2.839518	1.419759	2.264914	0.574604	490958848	12.656045	578867200	0.000000	0.000000	9
123	2026-09-24T22:16:07.939590348Z	123010	nginx.service	0	0.000000	0.000000	0.000000	0.000000	0	0.000000	0	0.000000	0.000000	0
123	2026-09-24T22:16:07.939590348Z	123010	mysql.service	1	0.919406	0.459703	0.919406	0.000000	2033610752	52.422866	2247737344	0.000000	4096.025813	62
124	2026-09-24T22:16:08.939589534Z	124010	isuconquest.go.service	1	3.026703	1.513351	2.742602	0.284000	490954752	12.655940	578867200	0.000000	0.000000	9
124	2026-09-24T22:16:08.939589534Z	124010	nginx.service	0	0.000000	0.000000	0.000000	0.000000	0	0.000000	0	0.000000	0.000000	0
124	2026-09-24T22:16:08.939589534Z	124010	mysql.service	1	0.895501	0.447750	0.895601	0.000000	2033610752	52.422866	2247737344	0.000000	0.000000	62
125	2026-09-24T22:16:09.939589948Z	125010	isuconquest.go.service	1	3.068999	1.534499	3.068999	0.000000	490926080	12.655201	578867200	0.000000	0.000000	9
125	2026-09-24T22:16:09.939589948Z	125010	nginx.service	0	0.000000	0.000000	0.000000	0.000000	0	0.000000	0	0.000000	0.000000	0
125	2026-09-24T22:16:09.939589948Z	125010	mysql.service	1	1.003600	0.501800	1.003600	0.000000	2033610752	52.422866	2247737344	0.000000	0.000000	62
126	2026-09-24T22:16:10.939599861Z	126010	isuconquest.go.service	1	2.926771	1.463385	2.133079	0.793792	491057152	12.658579	578867200	0.000000	0.000000	9
126	2026-09-24T22:16:10.939599861Z	126010	nginx.service	0	0.000000	0.000000	0.000000	0.000000	0	0.000000	0	0.000000	0.000000	0
126	2026-09-24T22:16:10.939599861Z	126010	mysql.service	1	0.835492	0.417746	0.835392	0.000000	2033610752	52.422866	2247737344	0.000000	4095.959372	62
127	2026-09-24T22:16:11.939907479Z	127010	isuconquest.go.service	1	2.874716	1.437358	2.135343	0.739273	490909696	12.654778	578867200	0.000000	0.000000	9
127	2026-09-24T22:16:11.939907479Z	127010	nginx.service	0	0.000000	0.000000	0.000000	0.000000	0	0.000000	0	0.000000	0.000000	0
127	2026-09-24T22:16:11.939907479Z	127010	mysql.service	1	0.836543	0.418271	0.645401	0.191141	2033610752	52.422866	2247737344	0.000000	0.000000	62
128	2026-09-24T22:16:12.940245645Z	128010	isuconquest.go.service	1	3.104250	1.552125	2.489358	0.614992	490913792	12.654884	578867200	0.000000	0.000000	9
128	2026-09-24T22:16:12.940245645Z	128010	nginx.service	0	0.000000	0.000000	0.000000	0.000000	0	0.000000	0	0.000000	0.000000	0
128	2026-09-24T22:16:12.940245645Z	128010	mysql.service	1	0.891499	0.445749	0.891499	0.000000	2033610752	52.422866	2247737344	0.000000	0.000000	62
129	2026-09-24T22:16:13.939571898Z	129010	isuconquest.go.service	1	2.922069	1.461034	2.921969	0.000000	490889216	12.654250	578867200	0.000000	0.000000	9
129	2026-09-24T22:16:13.939571898Z	129010	nginx.service	0	0.000000	0.000000	0.000000	0.000000	0	0.000000	0	0.000000	0.000000	0
129	2026-09-24T22:16:13.939571898Z	129010	mysql.service	1	0.833462	0.416731	0.833462	0.000000	2033610752	52.422866	2247737344	0.000000	0.000000	62
130	2026-09-24T22:16:14.939906973Z	130010	isuconquest.go.service	1	2.541448	1.270724	2.541548	0.000000	490893312	12.654356	578867200	0.000000	0.000000	9
130	2026-09-24T22:16:14.939906973Z	130010	nginx.service	0	0.000000	0.000000	0.000000	0.000000	0	0.000000	0	0.000000	0.000000	0
130	2026-09-24T22:16:14.939906973Z	130010	mysql.service	1	0.809129	0.404564	0.756846	0.052282	2033610752	52.422866	2247737344	0.000000	0.000000	62
131	2026-09-24T22:16:15.939592931Z	131010	isuconquest.go.service	1	2.944925	1.472462	2.944925	0.000000	491012096	12.657418	578867200	0.000000	0.000000	9
131	2026-09-24T22:16:15.939592931Z	131010	nginx.service	0	0.000000	0.000000	0.000000	0.000000	0	0.000000	0	0.000000	0.000000	0
131	2026-09-24T22:16:15.939592931Z	131010	mysql.service	1	0.928592	0.464296	0.928592	0.000000	2033610752	52.422866	2247737344	0.000000	0.000000	62
132	2026-09-24T22:16:16.939589761Z	132010	isuconquest.go.service	1	2.780809	1.390404	2.780809	0.000000	490881024	12.654039	578867200	0.000000	0.000000	9
132	2026-09-24T22:16:16.939589761Z	132010	nginx.service	0	0.000000	0.000000	0.000000	0.000000	0	0.000000	0	0.000000	0.000000	0
132	2026-09-24T22:16:16.939589761Z	132010	mysql.service	1	0.830503	0.415251	0.816903	0.013700	2033606656	52.422760	2247737344	0.000000	0.000000	62
133	2026-09-24T22:16:17.939590288Z	133010	isuconquest.go.service	1	3.030398	1.515199	2.701499	0.328900	490872832	12.653828	578867200	0.000000	0.000000	9
133	2026-09-24T22:16:17.939590288Z	133010	nginx.service	0	0.000000	0.000000	0.000000	0.000000	0	0.000000	0	0.000000	0.000000	0
133	2026-09-24T22:16:17.939590288Z	133010	mysql.service	1	0.827000	0.413500	0.740200	0.086700	2033606656	52.422760	2247737344	0.000000	0.000000	62
134	2026-09-24T22:16:18.939589154Z	134010	isuconquest.go.service	1	2.676603	1.338302	2.460203	0.216300	490872832	12.653828	578867200	0.000000	0.000000	9
134	2026-09-24T22:16:18.939589154Z	134010	nginx.service	0	0.000000	0.000000	0.000000	0.000000	0	0.000000	0	0.000000	0.000000	0
134	2026-09-24T22:16:18.939589154Z	134010	mysql.service	1	0.894201	0.447101	0.843101	0.051100	2033610752	52.422866	2247737344	0.000000	0.000000	62
135	2026-09-24T22:16:19.939589869Z	135010	isuconquest.go.service	1	2.681198	1.340599	2.542898	0.138400	490852352	12.653300	578867200	0.000000	0.000000	9
135	2026-09-24T22:16:19.939589869Z	135010	nginx.service	0	0.000000	0.000000	0.000000	0.000000	0	0.000000	0	0.000000	0.000000	0
135	2026-09-24T22:16:19.939589869Z	135010	mysql.service	1	0.860099	0.430050	0.812599	0.047600	2033606656	52.422760	2247737344	0.000000	0.000000	62
136	2026-09-24T22:16:20.939589506Z	136010	isuconquest.go.service	1	2.886501	1.443251	2.886501	0.000000	490856448	12.653406	578867200	0.000000	0.000000	9
136	2026-09-24T22:16:20.939589506Z	136010	nginx.service	0	0.000000	0.000000	0.000000	0.000000	0	0.000000	0	0.000000	0.000000	0
136	2026-09-24T22:16:20.939589506Z	136010	mysql.service	1	0.914400	0.457200	0.861200	0.053200	2033606656	52.422760	2247737344	0.000000	0.000000	62
137	2026-09-24T22:16:21.939600469Z	137010	isuconquest.go.service	1	3.009467	1.504734	3.009367	0.000000	490840064	12.652983	578867200	0.000000	0.000000	9
137	2026-09-24T22:16:21.939600469Z	137010	nginx.service	0	0.000000	0.000000	0.000000	0.000000	0	0.000000	0	0.000000	0.000000	0
137	2026-09-24T22:16:21.939600469Z	137010	mysql.service	1	0.814291	0.407146	0.728792	0.085399	2033606656	52.422760	2247737344	0.000000	0.000000	62
138	2026-09-24T22:16:22.939884582Z	138010	isuconquest.go.service	1	2.599661	1.299831	2.356231	0.243431	490819584	12.652455	578867200	0.000000	0.000000	9
138	2026-09-24T22:16:22.939884582Z	138010	nginx.service	0	0.000000	0.000000	0.000000	0.000000	0	0.000000	0	0.000000	0.000000	0
138	2026-09-24T22:16:22.939884582Z	138010	mysql.service	1	0.949330	0.474665	0.949430	0.000000	2033606656	52.422760	2247737344	0.000000	0.000000	62
139	2026-09-24T22:16:23.940176724Z	139010	isuconquest.go.service	1	2.419793	1.209897	2.419893	0.000000	490790912	12.651716	578867200	0.000000	0.000000	9
139	2026-09-24T22:16:23.940176724Z	139010	nginx.service	0	0.000000	0.000000	0.000000	0.000000	0	0.000000	0	0.000000	0.000000	0
139	2026-09-24T22:16:23.940176724Z	139010	mysql.service	1	0.840055	0.420027	0.501454	0.338501	2033602560	52.422654	2247737344	0.000000	0.000000	62
140	2026-09-24T22:16:24.940520732Z	140011	isuconquest.go.service	1	2.144562	1.072281	2.144462	0.000000	490766336	12.651083	578867200	0.000000	0.000000	9
140	2026-09-24T22:16:24.940520732Z	140011	nginx.service	0	0.000000	0.000000	0.000000	0.000000	0	0.000000	0	0.000000	0.000000	0
140	2026-09-24T22:16:24.940520732Z	140011	mysql.service	1	1.035644	0.517822	1.035744	0.000000	2033606656	52.422760	2247737344	0.000000	0.000000	62
141	2026-09-24T22:16:25.940158639Z	141010	isuconquest.go.service	1	1.824861	0.912430	1.824861	0.000000	490766336	12.651083	578867200	0.000000	0.000000	9
141	2026-09-24T22:16:25.940158639Z	141010	nginx.service	0	0.000000	0.000000	0.000000	0.000000	0	0.000000	0	0.000000	0.000000	0
141	2026-09-24T22:16:25.940158639Z	141010	mysql.service	1	0.905828	0.452914	0.872816	0.032912	2033606656	52.422760	2247737344	0.000000	0.000000	62
142	2026-09-24T22:16:26.939598458Z	142010	isuconquest.go.service	1	2.037341	1.018671	1.976907	0.060434	490893312	12.654356	578867200	0.000000	0.000000	9
142	2026-09-24T22:16:26.939598458Z	142010	nginx.service	0	0.000000	0.000000	0.000000	0.000000	0	0.000000	0	0.000000	0.000000	0
142	2026-09-24T22:16:26.939598458Z	142010	mysql.service	1	0.839770	0.419885	0.794345	0.045425	2033606656	52.422760	2247737344	0.000000	0.000000	62
143	2026-09-24T22:16:27.940103453Z	143010	isuconquest.go.service	1	2.151713	1.075857	1.473856	0.677958	490889216	12.654250	578867200	0.000000	0.000000	9
143	2026-09-24T22:16:27.940103453Z	143010	nginx.service	0	0.000000	0.000000	0.000000	0.000000	0	0.000000	0	0.000000	0.000000	0
143	2026-09-24T22:16:27.940103453Z	143010	mysql.service	1	0.812790	0.406395	0.812790	0.000000	2033602560	52.422654	2247737344	0.000000	0.000000	62
144	2026-09-24T22:16:28.940428721Z	144010	isuconquest.go.service	1	2.188288	1.094144	1.908879	0.279309	490758144	12.650871	578867200	0.000000	0.000000	9
144	2026-09-24T22:16:28.940428721Z	144010	nginx.service	0	0.000000	0.000000	0.000000	0.000000	0	0.000000	0	0.000000	0.000000	0
144	2026-09-24T22:16:28.940428721Z	144010	mysql.service	1	0.934096	0.467048	0.934096	0.000000	2033606656	52.422760	2247737344	0.000000	0.000000	62
145	2026-09-24T22:16:29.939839963Z	145010	isuconquest.go.service	1	1.931637	0.965819	1.544709	0.386928	490762240	12.650977	578867200	0.000000	0.000000	9
145	2026-09-24T22:16:29.939839963Z	145010	nginx.service	0	0.000000	0.000000	0.000000	0.000000	0	0.000000	0	0.000000	0.000000	0
145	2026-09-24T22:16:29.939839963Z	145010	mysql.service	1	0.882720	0.441360	0.882720	0.000000	2033606656	52.422760	2247737344	0.000000	0.000000	62
146	2026-09-24T22:16:30.940429867Z	146010	isuconquest.go.service	1	2.031602	1.015801	1.873595	0.158107	490889216	12.654250	578867200	0.000000	0.000000	9
146	2026-09-24T22:16:30.940429867Z	146010	nginx.service	0	0.000000	0.000000	0.000000	0.000000	0	0.000000	0	0.000000	0.000000	0
146	2026-09-24T22:16:30.940429867Z	146010	mysql.service	1	0.962832	0.481416	0.369882	0.592950	2033602560	52.422654	2247737344	0.000000	0.000000	62
147	2026-09-24T22:16:31.939668086Z	147010	isuconquest.go.service	1	1.868824	0.934412	1.742728	0.126096	490758144	12.650871	578867200	0.000000	0.000000	9
147	2026-09-24T22:16:31.939668086Z	147010	nginx.service	0	0.000000	0.000000	0.000000	0.000000	0	0.000000	0	0.000000	0.000000	0
147	2026-09-24T22:16:31.939668086Z	147010	mysql.service	1	0.892580	0.446290	0.841741	0.050939	2033602560	52.422654	2247737344	0.000000	0.000000	62
148	2026-09-24T22:16:32.940112232Z	148010	isuconquest.go.service	1	1.803199	0.901600	1.803199	0.000000	490758144	12.650871	578867200	0.000000	0.000000	9
148	2026-09-24T22:16:32.940112232Z	148010	nginx.service	0	0.000000	0.000000	0.000000	0.000000	0	0.000000	0	0.000000	0.000000	0
148	2026-09-24T22:16:32.940112232Z	148010	mysql.service	1	0.888206	0.444103	0.880409	0.007797	2033602560	52.422654	2247737344	0.000000	0.000000	62
149	2026-09-24T22:16:33.940455057Z	149010	isuconquest.go.service	1	2.065992	1.032996	1.932537	0.133454	490762240	12.650977	578867200	0.000000	0.000000	9
149	2026-09-24T22:16:33.940455057Z	149010	nginx.service	0	0.000000	0.000000	0.000000	0.000000	0	0.000000	0	0.000000	0.000000	0
149	2026-09-24T22:16:33.940455057Z	149010	mysql.service	1	0.842711	0.421356	0.842711	0.000000	2033606656	52.422760	2247737344	0.000000	0.000000	62
150	2026-09-24T22:16:34.93986851Z	150010	isuconquest.go.service	1	2.233610	1.116805	1.460457	0.773053	490758144	12.650871	578867200	0.000000	0.000000	9
150	2026-09-24T22:16:34.93986851Z	150010	nginx.service	0	0.000000	0.000000	0.000000	0.000000	0	0.000000	0	0.000000	0.000000	0
150	2026-09-24T22:16:34.93986851Z	150010	mysql.service	1	0.820881	0.410441	0.820881	0.000000	2033606656	52.422760	2247737344	0.000000	0.000000	62
151	2026-09-24T22:16:35.94020844Z	151010	isuconquest.go.service	1	2.151369	1.075684	2.048904	0.102465	490762240	12.650977	578867200	0.000000	0.000000	9
151	2026-09-24T22:16:35.94020844Z	151010	nginx.service	0	0.000000	0.000000	0.000000	0.000000	0	0.000000	0	0.000000	0.000000	0
151	2026-09-24T22:16:35.94020844Z	151010	mysql.service	1	0.917788	0.458894	0.917788	0.000000	2033606656	52.422760	2247737344	0.000000	0.000000	62
152	2026-09-24T22:16:36.939558468Z	152010	isuconquest.go.service	1	2.021114	1.010557	1.944164	0.076950	490885120	12.654145	578867200	0.000000	0.000000	9
152	2026-09-24T22:16:36.939558468Z	152010	nginx.service	0	0.000000	0.000000	0.000000	0.000000	0	0.000000	0	0.000000	0.000000	0
152	2026-09-24T22:16:36.939558468Z	152010	mysql.service	1	0.851954	0.425977	0.851954	0.000000	2033606656	52.422760	2247737344	0.000000	0.000000	62
153	2026-09-24T22:16:37.939592941Z	153010	isuconquest.go.service	1	2.045629	1.022815	1.714941	0.330689	490885120	12.654145	578867200	0.000000	0.000000	9
153	2026-09-24T22:16:37.939592941Z	153010	nginx.service	0	0.000000	0.000000	0.000000	0.000000	0	0.000000	0	0.000000	0.000000	0
153	2026-09-24T22:16:37.939592941Z	153010	mysql.service	1	0.789973	0.394986	0.409686	0.380287	2033606656	52.422760	2247737344	0.000000	0.000000	62
154	2026-09-24T22:16:38.940021282Z	154010	isuconquest.go.service	1	1.986349	0.993174	1.510253	0.476096	490885120	12.654145	578867200	0.000000	0.000000	9
154	2026-09-24T22:16:38.940021282Z	154010	nginx.service	0	0.000000	0.000000	0.000000	0.000000	0	0.000000	0	0.000000	0.000000	0
154	2026-09-24T22:16:38.940021282Z	154010	mysql.service	1	0.873925	0.436963	0.545966	0.327859	2033606656	52.422760	2247737344	0.000000	0.000000	62
155	2026-09-24T22:16:39.940412654Z	155010	isuconquest.go.service	1	2.163854	1.081927	1.247712	0.916142	490754048	12.650766	578867200	0.000000	0.000000	9
155	2026-09-24T22:16:39.940412654Z	155010	nginx.service	0	0.000000	0.000000	0.000000	0.000000	0	0.000000	0	0.000000	0.000000	0
155	2026-09-24T22:16:39.940412654Z	155010	mysql.service	1	1.015003	0.507501	0.951228	0.063775	2033606656	52.422760	2247737344	0.000000	0.000000	62
156	2026-09-24T22:16:40.939758413Z	156010	isuconquest.go.service	1	1.909049	0.954524	1.853913	0.055236	490885120	12.654145	578867200	0.000000	0.000000	9
156	2026-09-24T22:16:40.939758413Z	156010	nginx.service	0	0.000000	0.000000	0.000000	0.000000	0	0.000000	0	0.000000	0.000000	0
156	2026-09-24T22:16:40.939758413Z	156010	mysql.service	1	0.846254	0.423127	0.846354	0.000000	2033606656	52.422760	2247737344	0.000000	0.000000	62
157	2026-09-24T22:16:41.940044585Z	157010	isuconquest.go.service	1	2.012724	1.006362	1.688417	0.324307	490758144	12.650871	578867200	0.000000	0.000000	9
157	2026-09-24T22:16:41.940044585Z	157010	nginx.service	0	0.000000	0.000000	0.000000	0.000000	0	0.000000	0	0.000000	0.000000	0
157	2026-09-24T22:16:41.940044585Z	157010	mysql.service	1	0.834661	0.417331	0.834561	0.000000	2033606656	52.422760	2247737344	0.000000	0.000000	62
158	2026-09-24T22:16:42.939593178Z	158010	isuconquest.go.service	1	1.868744	0.934372	0.839379	1.029265	490754048	12.650766	578867200	0.000000	0.000000	9
158	2026-09-24T22:16:42.939593178Z	158010	nginx.service	0	0.000000	0.000000	0.000000	0.000000	0	0.000000	0	0.000000	0.000000	0
158	2026-09-24T22:16:42.939593178Z	158010	mysql.service	1	0.887701	0.443850	0.595469	0.292232	2033606656	52.422760	2247737344	0.000000	0.000000	62
159	2026-09-24T22:16:43.939591475Z	159010	isuconquest.go.service	1	1.959803	0.979902	1.488503	0.471401	490758144	12.650871	578867200	0.000000	0.000000	9
159	2026-09-24T22:16:43.939591475Z	159010	nginx.service	0	0.000000	0.000000	0.000000	0.000000	0	0.000000	0	0.000000	0.000000	0
159	2026-09-24T22:16:43.939591475Z	159010	mysql.service	1	0.861801	0.430901	0.492401	0.369401	2033606656	52.422760	2247737344	0.000000	0.000000	62
160	2026-09-24T22:16:44.939591069Z	160010	isuconquest.go.service	1	1.919501	0.959750	1.534901	0.384500	490762240	12.650977	578867200	0.000000	0.000000	9
160	2026-09-24T22:16:44.939591069Z	160010	nginx.service	0	0.000000	0.000000	0.000000	0.000000	0	0.000000	0	0.000000	0.000000	0
160	2026-09-24T22:16:44.939591069Z	160010	mysql.service	1	0.864500	0.432250	0.859300	0.005300	2033602560	52.422654	2247737344	0.000000	0.000000	62
161	2026-09-24T22:16:45.939865633Z	161010	isuconquest.go.service	1	1.807304	0.903652	0.463573	1.343831	490766336	12.651083	578867200	0.000000	0.000000	9
161	2026-09-24T22:16:45.939865633Z	161010	nginx.service	0	0.000000	0.000000	0.000000	0.000000	0	0.000000	0	0.000000	0.000000	0
161	2026-09-24T22:16:45.939865633Z	161010	mysql.service	1	0.933444	0.466722	0.556547	0.376897	2033606656	52.422760	2247737344	0.000000	0.000000	62
162	2026-09-24T22:16:46.939590399Z	162010	isuconquest.go.service	1	1.983046	0.991523	1.259046	0.723899	490758144	12.650871	578867200	0.000000	0.000000	9
162	2026-09-24T22:16:46.939590399Z	162010	nginx.service	0	0.000000	0.000000	0.000000	0.000000	0	0.000000	0	0.000000	0.000000	0
162	2026-09-24T22:16:46.939590399Z	162010	mysql.service	1	0.818925	0.409463	0.818925	0.000000	2033602560	52.422654	2247737344	0.000000	0.000000	62
163	2026-09-24T22:16:47.939591019Z	163010	isuconquest.go.service	1	1.915699	0.957849	1.531899	0.383900	490758144	12.650871	578867200	0.000000	0.000000	9
163	2026-09-24T22:16:47.939591019Z	163010	nginx.service	0	0.000000	0.000000	0.000000	0.000000	0	0.000000	0	0.000000	0.000000	0
163	2026-09-24T22:16:47.939591019Z	163010	mysql.service	1	0.821700	0.410850	0.456000	0.365600	2033602560	52.422654	2247737344	0.000000	0.000000	62
164	2026-09-24T22:16:48.93959438Z	164010	isuconquest.go.service	1	1.949393	0.974697	0.905097	1.044296	490762240	12.650977	578867200	0.000000	0.000000	9
164	2026-09-24T22:16:48.93959438Z	164010	nginx.service	0	0.000000	0.000000	0.000000	0.000000	0	0.000000	0	0.000000	0.000000	0
164	2026-09-24T22:16:48.93959438Z	164010	mysql.service	1	0.889797	0.444899	0.602998	0.286899	2033602560	52.422654	2247737344	0.000000	0.000000	62
165	2026-09-24T22:16:49.939689541Z	165010	isuconquest.go.service	1	1.961413	0.980707	1.411266	0.550048	490885120	12.654145	578867200	0.000000	0.000000	9
165	2026-09-24T22:16:49.939689541Z	165010	nginx.service	0	0.000000	0.000000	0.000000	0.000000	0	0.000000	0	0.000000	0.000000	0
165	2026-09-24T22:16:49.939689541Z	165010	mysql.service	1	0.910313	0.455157	0.900114	0.010099	2033606656	52.422760	2247737344	0.000000	0.000000	62
166	2026-09-24T22:16:50.939724697Z	166010	isuconquest.go.service	1	1.870534	0.935267	1.743739	0.126796	490758144	12.650871	578867200	0.000000	0.000000	9
166	2026-09-24T22:16:50.939724697Z	166010	nginx.service	0	0.000000	0.000000	0.000000	0.000000	0	0.000000	0	0.000000	0.000000	0
166	2026-09-24T22:16:50.939724697Z	166010	mysql.service	1	0.801672	0.400836	0.760273	0.041399	2033602560	52.422654	2247737344	0.000000	0.000000	62
167	2026-09-24T22:16:51.939852697Z	167010	isuconquest.go.service	1	1.877160	0.938580	1.579598	0.297662	490749952	12.650660	578867200	0.000000	0.000000	9
167	2026-09-24T22:16:51.939852697Z	167010	nginx.service	0	0.000000	0.000000	0.000000	0.000000	0	0.000000	0	0.000000	0.000000	0
167	2026-09-24T22:16:51.939852697Z	167010	mysql.service	1	0.820695	0.410347	0.005899	0.814896	2033602560	52.422654	2247737344	0.000000	0.000000	62
168	2026-09-24T22:16:52.939987419Z	168010	isuconquest.go.service	1	1.719868	0.859934	1.375515	0.344254	490725376	12.650027	578867200	0.000000	0.000000	9
168	2026-09-24T22:16:52.939987419Z	168010	nginx.service	0	0.000000	0.000000	0.000000	0.000000	0	0.000000	0	0.000000	0.000000	0
168	2026-09-24T22:16:52.939987419Z	168010	mysql.service	1	0.916077	0.458038	0.916077	0.000000	2033606656	52.422760	2247737344	0.000000	0.000000	62
169	2026-09-24T22:16:53.93966274Z	169010	isuconquest.go.service	1	1.147272	0.573636	0.912596	0.234776	490717184	12.649816	578867200	0.000000	0.000000	9
169	2026-09-24T22:16:53.93966274Z	169010	nginx.service	0	0.000000	0.000000	0.000000	0.000000	0	0.000000	0	0.000000	0.000000	0
169	2026-09-24T22:16:53.93966274Z	169010	mysql.service	1	0.856778	0.428389	0.856778	0.000000	2033602560	52.422654	2247737344	0.000000	0.000000	62
170	2026-09-24T22:16:54.939798348Z	170010	isuconquest.go.service	1	1.134546	0.567273	0.418043	0.716503	490713088	12.649710	578867200	0.000000	0.000000	9
170	2026-09-24T22:16:54.939798348Z	170010	nginx.service	0	0.000000	0.000000	0.000000	0.000000	0	0.000000	0	0.000000	0.000000	0
170	2026-09-24T22:16:54.939798348Z	170010	mysql.service	1	0.983967	0.491983	0.983967	0.000000	2033602560	52.422654	2247737344	0.000000	0.000000	62
171	2026-09-24T22:16:55.93959413Z	171010	isuconquest.go.service	1	1.131131	0.565566	0.820868	0.310263	490844160	12.653089	578867200	0.000000	0.000000	9
171	2026-09-24T22:16:55.93959413Z	171010	nginx.service	0	0.000000	0.000000	0.000000	0.000000	0	0.000000	0	0.000000	0.000000	0
171	2026-09-24T22:16:55.93959413Z	171010	mysql.service	1	0.941892	0.470946	0.941892	0.000000	2033602560	52.422654	2247737344	0.000000	0.000000	62
172	2026-09-24T22:16:56.939924139Z	172010	isuconquest.go.service	1	1.197305	0.598652	0.626093	0.571112	490844160	12.653089	578867200	0.000000	0.000000	9
172	2026-09-24T22:16:56.939924139Z	172010	nginx.service	0	0.000000	0.000000	0.000000	0.000000	0	0.000000	0	0.000000	0.000000	0
172	2026-09-24T22:16:56.939924139Z	172010	mysql.service	1	0.819729	0.409865	0.819729	0.000000	2033602560	52.422654	2247737344	0.000000	0.000000	62
173	2026-09-24T22:16:57.940282537Z	173010	isuconquest.go.service	1	1.199870	0.599935	0.797714	0.402256	490713088	12.649710	578867200	0.000000	0.000000	9
173	2026-09-24T22:16:57.940282537Z	173010	nginx.service	0	0.000000	0.000000	0.000000	0.000000	0	0.000000	0	0.000000	0.000000	0
173	2026-09-24T22:16:57.940282537Z	173010	mysql.service	1	0.817107	0.408554	0.817107	0.000000	2033602560	52.422654	2247737344	0.000000	0.000000	62
174	2026-09-24T22:16:58.939649015Z	174010	isuconquest.go.service	1	1.117008	0.558504	0.653114	0.463794	490844160	12.653089	578867200	0.000000	0.000000	9
174	2026-09-24T22:16:58.939649015Z	174010	nginx.service	0	0.000000	0.000000	0.000000	0.000000	0	0.000000	0	0.000000	0.000000	0
174	2026-09-24T22:16:58.939649015Z	174010	mysql.service	1	0.861446	0.430723	0.861446	0.000000	2033606656	52.422760	2247737344	0.000000	0.000000	62
175	2026-09-24T22:16:59.939598086Z	175010	isuconquest.go.service	1	1.232263	0.616131	1.232263	0.000000	490717184	12.649816	578867200	0.000000	0.000000	9
175	2026-09-24T22:16:59.939598086Z	175010	nginx.service	0	0.000000	0.000000	0.000000	0.000000	0	0.000000	0	0.000000	0.000000	0
175	2026-09-24T22:16:59.939598086Z	175010	mysql.service	1	0.832242	0.416121	0.832142	0.000000	2033602560	52.422654	2247737344	0.000000	0.000000	62
176	2026-09-24T22:17:00.939941506Z	176010	isuconquest.go.service	1	1.247272	0.623636	1.159602	0.087770	490713088	12.649710	578867200	0.000000	0.000000	9
176	2026-09-24T22:17:00.939941506Z	176010	nginx.service	0	0.000000	0.000000	0.000000	0.000000	0	0.000000	0	0.000000	0.000000	0
176	2026-09-24T22:17:00.939941506Z	176010	mysql.service	1	0.861704	0.430852	0.861804	0.000000	2033606656	52.422760	2247737344	0.000000	0.000000	62
177	2026-09-24T22:17:01.940295388Z	177010	isuconquest.go.service	1	1.198976	0.599488	0.718146	0.480730	490713088	12.649710	578867200	0.000000	0.000000	9
177	2026-09-24T22:17:01.940295388Z	177010	nginx.service	0	0.000000	0.000000	0.000000	0.000000	0	0.000000	0	0.000000	0.000000	0
177	2026-09-24T22:17:01.940295388Z	177010	mysql.service	1	0.840902	0.420451	0.840902	0.000000	2033602560	52.422654	2247737344	0.000000	0.000000	62
178	2026-09-24T22:17:02.939695647Z	178010	isuconquest.go.service	1	1.246548	0.623274	1.162097	0.084451	490717184	12.649816	578867200	0.000000	0.000000	9
178	2026-09-24T22:17:02.939695647Z	178010	nginx.service	0	0.000000	0.000000	0.000000	0.000000	0	0.000000	0	0.000000	0.000000	0
178	2026-09-24T22:17:02.939695647Z	178010	mysql.service	1	1.045327	0.522663	0.999299	0.046028	2033602560	52.422654	2247737344	0.000000	0.000000	62
179	2026-09-24T22:17:03.940020191Z	179010	isuconquest.go.service	1	1.208108	0.604054	1.208108	0.000000	490713088	12.649710	578867200	0.000000	0.000000	9
179	2026-09-24T22:17:03.940020191Z	179010	nginx.service	0	0.000000	0.000000	0.000000	0.000000	0	0.000000	0	0.000000	0.000000	0
179	2026-09-24T22:17:03.940020191Z	179010	mysql.service	1	0.994177	0.497089	0.696374	0.297703	2033602560	52.422654	2247737344	0.000000	0.000000	62
180	2026-09-24T22:17:04.939591773Z	180010	isuconquest.go.service	1	1.194512	0.597256	0.794841	0.399771	490713088	12.649710	578867200	0.000000	0.000000	9
180	2026-09-24T22:17:04.939591773Z	180010	nginx.service	0	0.000000	0.000000	0.000000	0.000000	0	0.000000	0	0.000000	0.000000	0
180	2026-09-24T22:17:04.939591773Z	180010	mysql.service	1	0.965514	0.482757	0.949707	0.015907	2033602560	52.422654	2247737344	0.000000	0.000000	62
181	2026-09-24T22:17:05.939929348Z	181010	isuconquest.go.service	1	1.205493	0.602747	1.128919	0.076574	490713088	12.649710	578867200	0.000000	0.000000	9
181	2026-09-24T22:17:05.939929348Z	181010	nginx.service	0	0.000000	0.000000	0.000000	0.000000	0	0.000000	0	0.000000	0.000000	0
181	2026-09-24T22:17:05.939929348Z	181010	mysql.service	1	1.077736	0.538868	0.685768	0.391868	2033606656	52.422760	2247737344	0.000000	0.000000	62
182	2026-09-24T22:17:06.940282068Z	182010	isuconquest.go.service	1	1.213672	0.606836	0.076473	1.137199	490844160	12.653089	578867200	0.000000	0.000000	9
182	2026-09-24T22:17:06.940282068Z	182010	nginx.service	0	0.000000	0.000000	0.000000	0.000000	0	0.000000	0	0.000000	0.000000	0
182	2026-09-24T22:17:06.940282068Z	182010	mysql.service	1	0.973856	0.486928	0.973856	0.000000	2033602560	52.422654	2247737344	0.000000	0.000000	62
183	2026-09-24T22:17:07.939648162Z	183010	isuconquest.go.service	1	1.209667	0.604833	0.884160	0.325506	490844160	12.653089	578867200	0.000000	0.000000	9
183	2026-09-24T22:17:07.939648162Z	183010	nginx.service	0	0.000000	0.000000	0.000000	0.000000	0	0.000000	0	0.000000	0.000000	0
183	2026-09-24T22:17:07.939648162Z	183010	mysql.service	1	1.046864	0.523432	0.768987	0.277876	2033602560	52.422654	2247737344	0.000000	0.000000	62
184	2026-09-24T22:17:08.940065262Z	184010	isuconquest.go.service	1	1.152619	0.576310	1.086247	0.066372	490717184	12.649816	578867200	0.000000	0.000000	9
184	2026-09-24T22:17:08.940065262Z	184010	nginx.service	0	0.000000	0.000000	0.000000	0.000000	0	0.000000	0	0.000000	0.000000	0
184	2026-09-24T22:17:08.940065262Z	184010	mysql.service	1	1.039866	0.519933	1.039866	0.000000	2033602560	52.422654	2247737344	0.000000	0.000000	62
185	2026-09-24T22:17:09.940426436Z	185010	isuconquest.go.service	1	1.263044	0.631522	0.848494	0.414450	490717184	12.649816	578867200	0.000000	0.000000	9
185	2026-09-24T22:17:09.940426436Z	185010	nginx.service	0	0.000000	0.000000	0.000000	0.000000	0	0.000000	0	0.000000	0.000000	0
185	2026-09-24T22:17:09.940426436Z	185010	mysql.service	1	1.123894	0.561947	0.510116	0.613878	2033606656	52.422760	2247737344	0.000000	0.000000	62
186	2026-09-24T22:17:10.939596192Z	186010	isuconquest.go.service	1	1.147953	0.573977	0.507321	0.640632	490717184	12.649816	578867200	0.000000	0.000000	9
186	2026-09-24T22:17:10.939596192Z	186010	nginx.service	0	0.000000	0.000000	0.000000	0.000000	0	0.000000	0	0.000000	0.000000	0
186	2026-09-24T22:17:10.939596192Z	186010	mysql.service	1	0.930973	0.465486	0.876027	0.054946	2033602560	52.422654	2247737344	0.000000	0.000000	62
187	2026-09-24T22:17:11.939590991Z	187010	isuconquest.go.service	1	1.078306	0.539153	0.294002	0.784304	490717184	12.649816	578867200	0.000000	0.000000	9
187	2026-09-24T22:17:11.939590991Z	187010	nginx.service	0	0.000000	0.000000	0.000000	0.000000	0	0.000000	0	0.000000	0.000000	0
187	2026-09-24T22:17:11.939590991Z	187010	mysql.service	1	0.828304	0.414152	0.377102	0.451202	2033602560	52.422654	2247737344	0.000000	0.000000	62
188	2026-09-24T22:17:12.939591341Z	188010	isuconquest.go.service	1	1.226599	0.613300	1.067100	0.159500	490717184	12.649816	578867200	0.000000	0.000000	9
188	2026-09-24T22:17:12.939591341Z	188010	nginx.service	0	0.000000	0.000000	0.000000	0.000000	0	0.000000	0	0.000000	0.000000	0
188	2026-09-24T22:17:12.939591341Z	188010	mysql.service	1	0.878900	0.439450	0.829300	0.049500	2033602560	52.422654	2247737344	0.000000	0.000000	62
189	2026-09-24T22:17:13.93958993Z	189010	isuconquest.go.service	1	1.153902	0.576951	0.433701	0.720201	490848256	12.653194	578867200	0.000000	0.000000	9
189	2026-09-24T22:17:13.93958993Z	189010	nginx.service	0	0.000000	0.000000	0.000000	0.000000	0	0.000000	0	0.000000	0.000000	0
189	2026-09-24T22:17:13.93958993Z	189010	mysql.service	1	0.870401	0.435201	0.864301	0.006100	2033602560	52.422654	2247737344	0.000000	0.000000	62
190	2026-09-24T22:17:14.939589469Z	190010	isuconquest.go.service	1	1.094701	0.547350	1.039600	0.055100	490717184	12.649816	578867200	0.000000	0.000000	9
190	2026-09-24T22:17:14.939589469Z	190010	nginx.service	0	0.000000	0.000000	0.000000	0.000000	0	0.000000	0	0.000000	0.000000	0
190	2026-09-24T22:17:14.939589469Z	190010	mysql.service	1	0.803900	0.401950	0.611400	0.192500	2033602560	52.422654	2247737344	0.000000	0.000000	62
191	2026-09-24T22:17:15.939598264Z	191010	isuconquest.go.service	1	1.108090	0.554045	0.644594	0.463496	490721280	12.649921	578867200	0.000000	0.000000	9
191	2026-09-24T22:17:15.939598264Z	191010	nginx.service	0	0.000000	0.000000	0.000000	0.000000	0	0.000000	0	0.000000	0.000000	0
191	2026-09-24T22:17:15.939598264Z	191010	mysql.service	1	0.901192	0.450596	0.207398	0.693794	2033602560	52.422654	2247737344	0.000000	0.000000	62
192	2026-09-24T22:17:16.939892201Z	192010	isuconquest.go.service	1	1.257530	0.628765	0.843752	0.413778	490852352	12.653300	578867200	0.000000	0.000000	9
192	2026-09-24T22:17:16.939892201Z	192010	nginx.service	0	0.000000	0.000000	0.000000	0.000000	0	0.000000	0	0.000000	0.000000	0
192	2026-09-24T22:17:16.939892201Z	192010	mysql.service	1	0.811062	0.405531	0.811062	0.000000	2033602560	52.422654	2247737344	0.000000	0.000000	62
193	2026-09-24T22:17:17.940177319Z	193010	isuconquest.go.service	1	1.248944	0.624472	1.163868	0.085076	490717184	12.649816	578867200	0.000000	0.000000	9
193	2026-09-24T22:17:17.940177319Z	193010	nginx.service	0	0.000000	0.000000	0.000000	0.000000	0	0.000000	0	0.000000	0.000000	0
193	2026-09-24T22:17:17.940177319Z	193010	mysql.service	1	0.840860	0.420430	0.795673	0.045287	2033606656	52.422760	2247737344	0.000000	0.000000	62
194	2026-09-24T22:17:18.939541547Z	194010	isuconquest.go.service	1	1.224679	0.612339	0.163504	1.061275	490717184	12.649816	578867200	0.000000	0.000000	9
194	2026-09-24T22:17:18.939541547Z	194010	nginx.service	0	0.000000	0.000000	0.000000	0.000000	0	0.000000	0	0.000000	0.000000	0
194	2026-09-24T22:17:18.939541547Z	194010	mysql.service	1	0.864750	0.432375	0.580469	0.284281	2033602560	52.422654	2247737344	0.000000	0.000000	62
195	2026-09-24T22:17:19.940057713Z	195010	isuconquest.go.service	1	19.670347	9.835174	18.490956	1.179291	483721216	12.469472	578867200	0.000000	0.000000	9
195	2026-09-24T22:17:19.940057713Z	195010	nginx.service	0	0.000000	0.000000	0.000000	0.000000	0	0.000000	0	0.000000	0.000000	0
195	2026-09-24T22:17:19.940057713Z	195010	mysql.service	1	0.943113	0.471557	0.943013	0.000000	2033606656	52.422760	2247737344	0.000000	0.000000	62
196	2026-09-24T22:17:20.939567471Z	196010	isuconquest.go.service	1	1.276326	0.638163	0.937960	0.338466	476282880	12.277725	578867200	0.000000	0.000000	9
196	2026-09-24T22:17:20.939567471Z	196010	nginx.service	0	0.000000	0.000000	0.000000	0.000000	0	0.000000	0	0.000000	0.000000	0
196	2026-09-24T22:17:20.939567471Z	196010	mysql.service	1	0.855719	0.427860	0.855719	0.000000	2033606656	52.422760	2247737344	0.000000	0.000000	62
197	2026-09-24T22:17:21.939556092Z	197010	isuconquest.go.service	1	1.333415	0.666708	1.232014	0.101401	476278784	12.277619	578867200	0.000000	0.000000	9
197	2026-09-24T22:17:21.939556092Z	197010	nginx.service	0	0.000000	0.000000	0.000000	0.000000	0	0.000000	0	0.000000	0.000000	0
197	2026-09-24T22:17:21.939556092Z	197010	mysql.service	1	0.880710	0.440355	0.534206	0.346504	2033606656	52.422760	2247737344	0.000000	0.000000	62
198	2026-09-24T22:17:22.939824163Z	198010	isuconquest.go.service	1	1.178684	0.589342	0.780491	0.398093	476278784	12.277619	578867200	0.000000	0.000000	9
198	2026-09-24T22:17:22.939824163Z	198010	nginx.service	0	0.000000	0.000000	0.000000	0.000000	0	0.000000	0	0.000000	0.000000	0
198	2026-09-24T22:17:22.939824163Z	198010	mysql.service	1	0.984936	0.492468	0.984936	0.000000	2033606656	52.422760	2247737344	0.000000	0.000000	62
199	2026-09-24T22:17:23.940423926Z	199010	isuconquest.go.service	1	1.247452	0.623726	0.757246	0.490206	476405760	12.280893	578867200	0.000000	0.000000	9
199	2026-09-24T22:17:23.940423926Z	199010	nginx.service	0	0.000000	0.000000	0.000000	0.000000	0	0.000000	0	0.000000	0.000000	0
199	2026-09-24T22:17:23.940423926Z	199010	mysql.service	1	0.873876	0.436938	0.849590	0.024285	2033602560	52.422654	2247737344	0.000000	0.000000	62
200	2026-09-24T22:17:24.939871418Z	200010	isuconquest.go.service	1	1.255194	0.627597	0.436141	0.819053	476278784	12.277619	578867200	0.000000	0.000000	9
200	2026-09-24T22:17:24.939871418Z	200010	nginx.service	0	0.000000	0.000000	0.000000	0.000000	0	0.000000	0	0.000000	0.000000	0
200	2026-09-24T22:17:24.939871418Z	200010	mysql.service	1	1.025066	0.512533	0.766724	0.258443	2033602560	52.422654	2247737344	0.000000	0.000000	62
201	2026-09-24T22:17:25.940387979Z	201010	isuconquest.go.service	1	1.192484	0.596242	0.713032	0.479552	476282880	12.277725	578867200	0.000000	0.000000	9
201	2026-09-24T22:17:25.940387979Z	201010	nginx.service	0	0.000000	0.000000	0.000000	0.000000	0	0.000000	0	0.000000	0.000000	0
201	2026-09-24T22:17:25.940387979Z	201010	mysql.service	1	0.982293	0.491146	0.879146	0.103047	2033602560	52.422654	2247737344	0.000000	0.000000	62
202	2026-09-24T22:17:26.939593232Z	202010	isuconquest.go.service	1	1.180638	0.590319	1.030119	0.150520	476409856	12.280998	578867200	0.000000	0.000000	9
202	2026-09-24T22:17:26.939593232Z	202010	nginx.service	0	0.000000	0.000000	0.000000	0.000000	0	0.000000	0	0.000000	0.000000	0
202	2026-09-24T22:17:26.939593232Z	202010	mysql.service	1	0.799936	0.399968	0.715969	0.083967	2033602560	52.422654	2247737344	0.000000	0.000000	62
203	2026-09-24T22:17:27.939589802Z	203010	isuconquest.go.service	1	1.213504	0.606752	0.808503	0.404901	476278784	12.277619	578867200	0.000000	0.000000	9
203	2026-09-24T22:17:27.939589802Z	203010	nginx.service	0	0.000000	0.000000	0.000000	0.000000	0	0.000000	0	0.000000	0.000000	0
203	2026-09-24T22:17:27.939589802Z	203010	mysql.service	1	0.819703	0.409851	0.776502	0.043300	2033602560	52.422654	2247737344	0.000000	0.000000	62
204	2026-09-24T22:17:28.939588939Z	204010	isuconquest.go.service	1	1.140401	0.570201	0.749701	0.390800	476409856	12.280998	578867200	0.000000	0.000000	9
204	2026-09-24T22:17:28.939588939Z	204010	nginx.service	0	0.000000	0.000000	0.000000	0.000000	0	0.000000	0	0.000000	0.000000	0
204	2026-09-24T22:17:28.939588939Z	204010	mysql.service	1	0.897001	0.448500	0.888301	0.008700	2033602560	52.422654	2247737344	0.000000	0.000000	62
205	2026-09-24T22:17:29.939588784Z	205010	isuconquest.go.service	1	1.198300	0.599150	0.953800	0.244400	476282880	12.277725	578867200	0.000000	0.000000	9
205	2026-09-24T22:17:29.939588784Z	205010	nginx.service	0	0.000000	0.000000	0.000000	0.000000	0	0.000000	0	0.000000	0.000000	0
205	2026-09-24T22:17:29.939588784Z	205010	mysql.service	1	0.935300	0.467650	0.922500	0.012700	2033606656	52.422760	2247737344	0.000000	0.000000	62
206	2026-09-24T22:17:30.939590969Z	206010	isuconquest.go.service	1	1.204897	0.602449	0.970798	0.234099	476413952	12.281104	578867200	0.000000	0.000000	9
206	2026-09-24T22:17:30.939590969Z	206010	nginx.service	0	0.000000	0.000000	0.000000	0.000000	0	0.000000	0	0.000000	0.000000	0
206	2026-09-24T22:17:30.939590969Z	206010	mysql.service	1	0.816298	0.408149	0.730598	0.085700	2033602560	52.422654	2247737344	0.000000	0.000000	62
207	2026-09-24T22:17:31.939590068Z	207010	isuconquest.go.service	1	1.097401	0.548700	1.041901	0.055600	476413952	12.281104	578867200	0.000000	0.000000	9
207	2026-09-24T22:17:31.939590068Z	207010	nginx.service	0	0.000000	0.000000	0.000000	0.000000	0	0.000000	0	0.000000	0.000000	0
207	2026-09-24T22:17:31.939590068Z	207010	mysql.service	1	0.809501	0.404750	0.767301	0.042300	2033602560	52.422654	2247737344	0.000000	0.000000	62
208	2026-09-24T22:17:32.939599614Z	208010	isuconquest.go.service	1	1.217088	0.608544	1.059390	0.157698	476282880	12.277725	578867200	0.000000	0.000000	9
208	2026-09-24T22:17:32.939599614Z	208010	nginx.service	0	0.000000	0.000000	0.000000	0.000000	0	0.000000	0	0.000000	0.000000	0
208	2026-09-24T22:17:32.939599614Z	208010	mysql.service	1	0.888892	0.444446	0.795592	0.093199	2033602560	52.422654	2247737344	0.000000	0.000000	62
209	2026-09-24T22:17:33.939959782Z	209010	isuconquest.go.service	1	1.095605	0.547803	0.871186	0.224419	476413952	12.281104	578867200	0.000000	0.000000	9
209	2026-09-24T22:17:33.939959782Z	209010	nginx.service	0	0.000000	0.000000	0.000000	0.000000	0	0.000000	0	0.000000	0.000000	0
209	2026-09-24T22:17:33.939959782Z	209010	mysql.service	1	0.839298	0.419649	0.151046	0.688352	2033606656	52.422760	2247737344	0.000000	0.000000	62
210	2026-09-24T22:17:34.940250757Z	210010	isuconquest.go.service	1	1.102179	0.551090	1.045596	0.056484	476413952	12.281104	578867200	0.000000	0.000000	9
210	2026-09-24T22:17:34.940250757Z	210010	nginx.service	0	0.000000	0.000000	0.000000	0.000000	0	0.000000	0	0.000000	0.000000	0
210	2026-09-24T22:17:34.940250757Z	210010	mysql.service	1	0.805266	0.402633	0.805166	0.000000	2033602560	52.422654	2247737344	0.000000	0.000000	62
211	2026-09-24T22:17:35.939576294Z	211010	isuconquest.go.service	1	1.199309	0.599654	0.469917	0.729492	476282880	12.277725	578867200	0.000000	0.000000	9
211	2026-09-24T22:17:35.939576294Z	211010	nginx.service	0	0.000000	0.000000	0.000000	0.000000	0	0.000000	0	0.000000	0.000000	0
211	2026-09-24T22:17:35.939576294Z	211010	mysql.service	1	0.980962	0.490481	0.980962	0.000000	2033606656	52.422760	2247737344	0.000000	0.000000	62
212	2026-09-24T22:17:36.939874308Z	212010	isuconquest.go.service	1	1.150957	0.575478	1.006100	0.144857	476282880	12.277725	578867200	0.000000	0.000000	9
212	2026-09-24T22:17:36.939874308Z	212010	nginx.service	0	0.000000	0.000000	0.000000	0.000000	0	0.000000	0	0.000000	0.000000	0
212	2026-09-24T22:17:36.939874308Z	212010	mysql.service	1	0.841249	0.420625	0.821855	0.019494	2033602560	52.422654	2247737344	0.000000	0.000000	62
213	2026-09-24T22:17:37.939591392Z	213010	isuconquest.go.service	1	1.131020	0.565510	0.741910	0.389010	476282880	12.277725	578867200	0.000000	0.000000	9
213	2026-09-24T22:17:37.939591392Z	213010	nginx.service	0	0.000000	0.000000	0.000000	0.000000	0	0.000000	0	0.000000	0.000000	0
213	2026-09-24T22:17:37.939591392Z	213010	mysql.service	1	0.828935	0.414467	0.741910	0.086925	2033602560	52.422654	2247737344	0.000000	0.000000	62
214	2026-09-24T22:17:38.939591332Z	214010	isuconquest.go.service	1	1.190500	0.595250	0.959200	0.231300	476286976	12.277831	578867200	0.000000	0.000000	9
214	2026-09-24T22:17:38.939591332Z	214010	nginx.service	0	0.000000	0.000000	0.000000	0.000000	0	0.000000	0	0.000000	0.000000	0
214	2026-09-24T22:17:38.939591332Z	214010	mysql.service	1	0.858500	0.429250	0.574900	0.283600	2033602560	52.422654	2247737344	0.000000	0.000000	62
215	2026-09-24T22:17:39.939588666Z	215010	isuconquest.go.service	1	1.162203	0.581102	0.767202	0.395101	476413952	12.281104	578867200	0.000000	0.000000	9
215	2026-09-24T22:17:39.939588666Z	215010	nginx.service	0	0.000000	0.000000	0.000000	0.000000	0	0.000000	0	0.000000	0.000000	0
215	2026-09-24T22:17:39.939588666Z	215010	mysql.service	1	0.990903	0.495451	0.972503	0.018500	2033602560	52.422654	2247737344	0.000000	0.000000	62
216	2026-09-24T22:17:40.939589995Z	216010	isuconquest.go.service	1	1.088899	0.544449	0.709299	0.379499	476282880	12.277725	578867200	0.000000	0.000000	9
216	2026-09-24T22:17:40.939589995Z	216010	nginx.service	0	0.000000	0.000000	0.000000	0.000000	0	0.000000	0	0.000000	0.000000	0
216	2026-09-24T22:17:40.939589995Z	216010	mysql.service	1	0.831999	0.415999	0.744599	0.087400	2033602560	52.422654	2247737344	0.000000	0.000000	62
217	2026-09-24T22:17:41.939589139Z	217010	isuconquest.go.service	1	1.222501	0.611251	1.221501	0.001100	476413952	12.281104	578867200	0.000000	0.000000	9
217	2026-09-24T22:17:41.939589139Z	217010	nginx.service	0	0.000000	0.000000	0.000000	0.000000	0	0.000000	0	0.000000	0.000000	0
217	2026-09-24T22:17:41.939589139Z	217010	mysql.service	1	0.834801	0.417400	0.468300	0.366400	2033602560	52.422654	2247737344	0.000000	0.000000	62
218	2026-09-24T22:17:42.939591352Z	218010	isuconquest.go.service	1	1.210497	0.605249	0.727198	0.483199	476282880	12.277725	578867200	0.000000	0.000000	9
218	2026-09-24T22:17:42.939591352Z	218010	nginx.service	0	0.000000	0.000000	0.000000	0.000000	0	0.000000	0	0.000000	0.000000	0
218	2026-09-24T22:17:42.939591352Z	218010	mysql.service	1	0.860298	0.430149	0.169600	0.690798	2033606656	52.422760	2247737344	0.000000	0.000000	62
219	2026-09-24T22:17:43.939542194Z	219010	isuconquest.go.service	1	1.199959	0.599979	0.966748	0.233311	476282880	12.277725	578867200	0.000000	0.000000	9
219	2026-09-24T22:17:43.939542194Z	219010	nginx.service	0	0.000000	0.000000	0.000000	0.000000	0	0.000000	0	0.000000	0.000000	0
219	2026-09-24T22:17:43.939542194Z	219010	mysql.service	1	0.857942	0.428971	0.810640	0.047302	2033606656	52.422760	2247737344	0.000000	0.000000	62
220	2026-09-24T22:17:44.940240822Z	220010	isuconquest.go.service	1	1.294695	0.647348	1.200661	0.093934	476282880	12.277725	578867200	0.000000	0.000000	9
220	2026-09-24T22:17:44.940240822Z	220010	nginx.service	0	0.000000	0.000000	0.000000	0.000000	0	0.000000	0	0.000000	0.000000	0
220	2026-09-24T22:17:44.940240822Z	220010	mysql.service	1	0.967924	0.483962	0.673030	0.294794	2033606656	52.422760	2247737344	0.000000	0.000000	62
221	2026-09-24T22:17:45.939591513Z	221010	isuconquest.go.service	1	1.205783	0.602891	0.802121	0.403662	476282880	12.277725	578867200	0.000000	0.000000	9
221	2026-09-24T22:17:45.939591513Z	221010	nginx.service	0	0.000000	0.000000	0.000000	0.000000	0	0.000000	0	0.000000	0.000000	0
221	2026-09-24T22:17:45.939591513Z	221010	mysql.service	1	1.102116	0.551058	0.707359	0.394756	2033602560	52.422654	2247737344	0.000000	0.000000	62
222	2026-09-24T22:17:46.939869987Z	222010	isuconquest.go.service	1	1.212862	0.606431	1.212862	0.000000	476286976	12.277831	578867200	0.000000	0.000000	9
222	2026-09-24T22:17:46.939869987Z	222010	nginx.service	0	0.000000	0.000000	0.000000	0.000000	0	0.000000	0	0.000000	0.000000	0
222	2026-09-24T22:17:46.939869987Z	222010	mysql.service	1	0.836667	0.418334	0.836767	0.000000	2033602560	52.422654	2247737344	0.000000	0.000000	62
223	2026-09-24T22:17:47.940312401Z	223010	isuconquest.go.service	1	1.177279	0.588640	1.177279	0.000000	476286976	12.277831	578867200	0.000000	0.000000	9
223	2026-09-24T22:17:47.940312401Z	223010	nginx.service	0	0.000000	0.000000	0.000000	0.000000	0	0.000000	0	0.000000	0.000000	0
223	2026-09-24T22:17:47.940312401Z	223010	mysql.service	1	0.842827	0.421414	0.794548	0.048179	2033602560	52.422654	2247737344	0.000000	0.000000	62
224	2026-09-24T22:17:48.939591087Z	224010	isuconquest.go.service	1	1.192860	0.596430	1.127413	0.065447	476282880	12.277725	578867200	0.000000	0.000000	9
224	2026-09-24T22:17:48.939591087Z	224010	nginx.service	0	0.000000	0.000000	0.000000	0.000000	0	0.000000	0	0.000000	0.000000	0
224	2026-09-24T22:17:48.939591087Z	224010	mysql.service	1	0.896447	0.448223	0.887940	0.008606	2033602560	52.422654	2247737344	0.000000	0.000000	62
225	2026-09-24T22:17:49.939594757Z	225010	isuconquest.go.service	1	1.101196	0.550598	0.966096	0.135100	476282880	12.277725	578867200	0.000000	0.000000	9
225	2026-09-24T22:17:49.939594757Z	225010	nginx.service	0	0.000000	0.000000	0.000000	0.000000	0	0.000000	0	0.000000	0.000000	0
225	2026-09-24T22:17:49.939594757Z	225010	mysql.service	1	0.891697	0.445848	0.883497	0.008100	2033606656	52.422760	2247737344	0.000000	0.000000	62
226	2026-09-24T22:17:50.940058171Z	226010	isuconquest.go.service	1	1.182952	0.591476	1.182952	0.000000	476282880	12.277725	578867200	0.000000	0.000000	9
226	2026-09-24T22:17:50.940058171Z	226010	nginx.service	0	0.000000	0.000000	0.000000	0.000000	0	0.000000	0	0.000000	0.000000	0
226	2026-09-24T22:17:50.940058171Z	226010	mysql.service	1	0.863100	0.431550	0.664692	0.198508	2033606656	52.422760	2247737344	0.000000	0.000000	62
227	2026-09-24T22:17:51.939590477Z	227010	isuconquest.go.service	1	1.209866	0.604933	1.209866	0.000000	476282880	12.277725	578867200	0.000000	0.000000	9
227	2026-09-24T22:17:51.939590477Z	227010	nginx.service	0	0.000000	0.000000	0.000000	0.000000	0	0.000000	0	0.000000	0.000000	0
227	2026-09-24T22:17:51.939590477Z	227010	mysql.service	1	0.827987	0.413994	0.741047	0.086941	2033602560	52.422654	2247737344	0.000000	0.000000	62
228	2026-09-24T22:17:52.939590538Z	228010	isuconquest.go.service	1	1.269700	0.634850	1.269800	0.000000	476286976	12.277831	578867200	0.000000	0.000000	9
228	2026-09-24T22:17:52.939590538Z	228010	nginx.service	0	0.000000	0.000000	0.000000	0.000000	0	0.000000	0	0.000000	0.000000	0
228	2026-09-24T22:17:52.939590538Z	228010	mysql.service	1	0.918700	0.459350	0.918600	0.000000	2033602560	52.422654	2247737344	0.000000	0.000000	62
229	2026-09-24T22:17:53.939590141Z	229010	isuconquest.go.service	1	1.125300	0.562650	1.125200	0.000000	476413952	12.281104	578867200	0.000000	0.000000	9
229	2026-09-24T22:17:53.939590141Z	229010	nginx.service	0	0.000000	0.000000	0.000000	0.000000	0	0.000000	0	0.000000	0.000000	0
229	2026-09-24T22:17:53.939590141Z	229010	mysql.service	1	0.909800	0.454900	0.567100	0.342700	2033602560	52.422654	2247737344	0.000000	0.000000	62
230	2026-09-24T22:17:54.939600143Z	230010	isuconquest.go.service	1	1.103289	0.551644	1.103289	0.000000	476413952	12.281104	578867200	0.000000	0.000000	9
230	2026-09-24T22:17:54.939600143Z	230010	nginx.service	0	0.000000	0.000000	0.000000	0.000000	0	0.000000	0	0.000000	0.000000	0
230	2026-09-24T22:17:54.939600143Z	230010	mysql.service	1	1.015890	0.507945	1.015990	0.000000	2033606656	52.422760	2247737344	0.000000	0.000000	62
231	2026-09-24T22:17:55.940570357Z	231011	isuconquest.go.service	1	1.172662	0.586331	1.172662	0.000000	476282880	12.277725	578867200	0.000000	0.000000	9
231	2026-09-24T22:17:55.940570357Z	231011	nginx.service	0	0.000000	0.000000	0.000000	0.000000	0	0.000000	0	0.000000	0.000000	0
231	2026-09-24T22:17:55.940570357Z	231011	mysql.service	1	0.975553	0.487777	0.975553	0.000000	2033606656	52.422760	2247737344	0.000000	0.000000	62
232	2026-09-24T22:17:56.939592334Z	232010	isuconquest.go.service	1	1.093970	0.546985	1.093970	0.000000	476286976	12.277831	578867200	0.000000	0.000000	9
232	2026-09-24T22:17:56.939592334Z	232010	nginx.service	0	0.000000	0.000000	0.000000	0.000000	0	0.000000	0	0.000000	0.000000	0
232	2026-09-24T22:17:56.939592334Z	232010	mysql.service	1	0.871152	0.435576	0.784067	0.086985	2033602560	52.422654	2247737344	0.000000	266500.625619	62
233	2026-09-24T22:17:57.939864707Z	233010	isuconquest.go.service	1	1.065210	0.532605	0.590539	0.474771	476282880	12.277725	578867200	0.000000	0.000000	9
233	2026-09-24T22:17:57.939864707Z	233010	nginx.service	0	0.000000	0.000000	0.000000	0.000000	0	0.000000	0	0.000000	0.000000	0
233	2026-09-24T22:17:57.939864707Z	233010	mysql.service	1	0.823676	0.411838	0.737299	0.086476	2033602560	52.422654	2247737344	0.000000	4094.884881	62
234	2026-09-24T22:17:58.940172584Z	234010	isuconquest.go.service	1	1.101161	0.550580	1.101161	0.000000	476282880	12.277725	578867200	0.000000	0.000000	9
234	2026-09-24T22:17:58.940172584Z	234010	nginx.service	0	0.000000	0.000000	0.000000	0.000000	0	0.000000	0	0.000000	0.000000	0
234	2026-09-24T22:17:58.940172584Z	234010	mysql.service	1	0.870432	0.435216	0.870432	0.000000	2033606656	52.422760	2247737344	0.000000	0.000000	62
235	2026-09-24T22:17:59.94052303Z	235011	isuconquest.go.service	1	1.185984	0.592992	1.185984	0.000000	476413952	12.281104	578867200	0.000000	0.000000	9
235	2026-09-24T22:17:59.94052303Z	235011	nginx.service	0	0.000000	0.000000	0.000000	0.000000	0	0.000000	0	0.000000	0.000000	0
235	2026-09-24T22:17:59.94052303Z	235011	mysql.service	1	0.807117	0.403559	0.759134	0.047983	2033602560	52.422654	2247737344	0.000000	0.000000	62
236	2026-09-24T22:18:00.939667428Z	236010	isuconquest.go.service	1	1.153687	0.576844	0.788675	0.365012	476418048	12.281209	578867200	0.000000	0.000000	9
236	2026-09-24T22:18:00.939667428Z	236010	nginx.service	0	0.000000	0.000000	0.000000	0.000000	0	0.000000	0	0.000000	0.000000	0
236	2026-09-24T22:18:00.939667428Z	236010	mysql.service	1	0.888961	0.444480	0.888861	0.000000	2033602560	52.422654	2247737344	0.000000	0.000000	62
237	2026-09-24T22:18:01.940053026Z	237010	isuconquest.go.service	1	1.090879	0.545440	0.709626	0.381153	476286976	12.277831	578867200	0.000000	0.000000	9
237	2026-09-24T22:18:01.940053026Z	237010	nginx.service	0	0.000000	0.000000	0.000000	0.000000	0	0.000000	0	0.000000	0.000000	0
237	2026-09-24T22:18:01.940053026Z	237010	mysql.service	1	0.960830	0.480415	0.960929	0.000000	2033602560	52.422654	2247737344	0.000000	0.000000	62
238	2026-09-24T22:18:02.940390431Z	238010	isuconquest.go.service	1	1.248079	0.624039	1.163307	0.084771	476413952	12.281104	578867200	0.000000	0.000000	9
238	2026-09-24T22:18:02.940390431Z	238010	nginx.service	0	0.000000	0.000000	0.000000	0.000000	0	0.000000	0	0.000000	0.000000	0
238	2026-09-24T22:18:02.940390431Z	238010	mysql.service	1	0.917690	0.458845	0.883502	0.034088	2033602560	52.422654	2247737344	0.000000	0.000000	62
239	2026-09-24T22:18:03.939744343Z	239010	isuconquest.go.service	1	1.182164	0.591082	1.031466	0.150697	476418048	12.281209	578867200	0.000000	0.000000	9
239	2026-09-24T22:18:03.939744343Z	239010	nginx.service	0	0.000000	0.000000	0.000000	0.000000	0	0.000000	0	0.000000	0.000000	0
239	2026-09-24T22:18:03.939744343Z	239010	mysql.service	1	0.804220	0.402110	0.719865	0.084455	2033602560	52.422654	2247737344	0.000000	0.000000	62
240	2026-09-24T22:18:04.940018417Z	240010	isuconquest.go.service	1	1.107097	0.553548	1.049812	0.057384	476418048	12.281209	578867200	0.000000	0.000000	9
240	2026-09-24T22:18:04.940018417Z	240010	nginx.service	0	0.000000	0.000000	0.000000	0.000000	0	0.000000	0	0.000000	0.000000	0
240	2026-09-24T22:18:04.940018417Z	240010	mysql.service	1	0.792383	0.396191	0.517158	0.275225	2033606656	52.422760	2247737344	0.000000	0.000000	62
241	2026-09-24T22:18:05.939632608Z	241010	isuconquest.go.service	1	4.127092	2.063546	3.786461	0.340531	477929472	12.320171	578867200	0.000000	0.000000	9
241	2026-09-24T22:18:05.939632608Z	241010	nginx.service	0	0.000000	0.000000	0.000000	0.000000	0	0.000000	0	0.000000	0.000000	0
241	2026-09-24T22:18:05.939632608Z	241010	mysql.service	1	0.925757	0.462879	0.635145	0.290612	2033602560	52.422654	2247737344	0.000000	0.000000	62
