sample	timestamp	elapsed_ms	captured_waits	capture_error	wait_key	requesting_trx_id	blocking_trx_id	object_schema	object_table	object_index	request_lock_type	request_lock_mode	request_lock_data	blocking_lock_type	blocking_lock_mode	blocking_lock_data	requesting_thread_id	requesting_processlist_id	requesting_sql	blocking_thread_id	blocking_processlist_id	blocking_sql
0	2026-09-24T22:14:05.287115857Z	0	0																			
1	2026-09-24T22:14:05.338593323Z	51	0																			
2	2026-09-24T22:14:05.388326459Z	101	0																			
3	2026-09-24T22:14:05.43803247Z	150	0																			
4	2026-09-24T22:14:05.488728337Z	201	0																			
5	2026-09-24T22:14:05.53839822Z	251	0																			
6	2026-09-24T22:14:05.588084214Z	300	0																			
7	2026-09-24T22:14:05.638773869Z	351	0																			
8	2026-09-24T22:14:05.688458424Z	401	0																			
9	2026-09-24T22:14:05.738099786Z	450	0																			
10	2026-09-24T22:14:05.788776796Z	501	0																			
11	2026-09-24T22:14:05.838459467Z	551	0																			
12	2026-09-24T22:14:05.888095792Z	600	0																			
13	2026-09-24T22:14:05.938768356Z	651	0																			
14	2026-09-24T22:14:05.988408544Z	701	0																			
15	2026-09-24T22:14:06.038090238Z	750	0																			
16	2026-09-24T22:14:06.088763853Z	801	0																			
17	2026-09-24T22:14:06.138488191Z	851	0																			
18	2026-09-24T22:14:06.188146071Z	901	0																			
19	2026-09-24T22:14:06.238845237Z	951	0																			
20	2026-09-24T22:14:06.288555279Z	1001	0																			
21	2026-09-24T22:14:06.338248587Z	1051	0																			
22	2026-09-24T22:14:06.387873231Z	1100	0																			
23	2026-09-24T22:14:06.438548349Z	1151	0																			
24	2026-09-24T22:14:06.488240243Z	1201	0																			
25	2026-09-24T22:14:06.538862871Z	1251	0																			
26	2026-09-24T22:14:06.588561771Z	1301	0																			
27	2026-09-24T22:14:06.638247431Z	1351	0																			
28	2026-09-24T22:14:06.687868719Z	1400	0																			
29	2026-09-24T22:14:06.738545635Z	1451	0																			
30	2026-09-24T22:14:06.788350695Z	1501	0																			
31	2026-09-24T22:14:06.838058849Z	1550	0																			
32	2026-09-24T22:14:06.888741016Z	1601	0																			
33	2026-09-24T22:14:06.938397648Z	1651	0																			
34	2026-09-24T22:14:06.988078622Z	1700	0																			
35	2026-09-24T22:14:07.038755233Z	1751	0																			
36	2026-09-24T22:14:07.088448719Z	1801	0																			
37	2026-09-24T22:14:07.138173877Z	1851	0																			
38	2026-09-24T22:14:07.188861354Z	1901	0																			
39	2026-09-24T22:14:07.238470726Z	1951	0																			
40	2026-09-24T22:14:07.288122168Z	2001	0																			
41	2026-09-24T22:14:07.33881472Z	2051	0																			
42	2026-09-24T22:14:07.388523511Z	2101	0																			
43	2026-09-24T22:14:07.438224029Z	2151	0																			
44	2026-09-24T22:14:07.487874779Z	2200	0																			
45	2026-09-24T22:14:07.538564148Z	2251	0																			
46	2026-09-24T22:14:07.588235808Z	2301	0																			
47	2026-09-24T22:14:07.637857408Z	2350	0																			
48	2026-09-24T22:14:07.688537111Z	2401	0																			
49	2026-09-24T22:14:07.738171289Z	2451	0																			
50	2026-09-24T22:14:07.788837151Z	2501	0																			
51	2026-09-24T22:14:07.838543974Z	2551	0																			
52	2026-09-24T22:14:07.888180981Z	2601	0																			
53	2026-09-24T22:14:07.937809889Z	2650	0																			
54	2026-09-24T22:14:07.988471029Z	2701	0																			
55	2026-09-24T22:14:08.038165236Z	2751	0																			
56	2026-09-24T22:14:08.088851334Z	2801	0																			
57	2026-09-24T22:14:08.138534081Z	2851	0																			
58	2026-09-24T22:14:08.188233233Z	2901	0																			
59	2026-09-24T22:14:08.237851788Z	2950	0																			
60	2026-09-24T22:14:08.288547415Z	3001	0																			
61	2026-09-24T22:14:08.33823751Z	3051	0																			
62	2026-09-24T22:14:08.38787651Z	3100	0																			
63	2026-09-24T22:14:08.438548125Z	3151	0																			
64	2026-09-24T22:14:08.488232294Z	3201	0																			
65	2026-09-24T22:14:08.53786087Z	3250	0																			
66	2026-09-24T22:14:08.588552822Z	3301	0																			
67	2026-09-24T22:14:08.638230402Z	3351	0																			
68	2026-09-24T22:14:08.687860853Z	3400	0																			
69	2026-09-24T22:14:08.738547863Z	3451	0																			
70	2026-09-24T22:14:08.78821531Z	3501	0																			
71	2026-09-24T22:14:08.837849152Z	3550	0																			
72	2026-09-24T22:14:08.888535213Z	3601	0																			
73	2026-09-24T22:14:08.938210102Z	3651	0																			
74	2026-09-24T22:14:08.98786264Z	3700	0																			
75	2026-09-24T22:14:09.038601859Z	3751	0																			
76	2026-09-24T22:14:09.088259294Z	3801	0																			
77	2026-09-24T22:14:09.137953424Z	3850	0																			
78	2026-09-24T22:14:09.188668858Z	3901	0																			
79	2026-09-24T22:14:09.238324237Z	3951	0																			
80	2026-09-24T22:14:09.288004493Z	4000	0																			
81	2026-09-24T22:14:09.338677305Z	4051	0																			
82	2026-09-24T22:14:09.388372141Z	4101	0																			
83	2026-09-24T22:14:09.438078823Z	4150	0																			
84	2026-09-24T22:14:09.488770448Z	4201	0																			
85	2026-09-24T22:14:09.538471107Z	4251	0																			
86	2026-09-24T22:14:09.588157251Z	4301	0																			
87	2026-09-24T22:14:09.637810809Z	4350	0																			
88	2026-09-24T22:14:09.688506045Z	4401	0																			
89	2026-09-24T22:14:09.73821238Z	4451	0																			
90	2026-09-24T22:14:09.787864131Z	4500	0																			
91	2026-09-24T22:14:09.838538086Z	4551	0																			
92	2026-09-24T22:14:09.888208145Z	4601	0																			
93	2026-09-24T22:14:09.937817563Z	4650	0																			
94	2026-09-24T22:14:09.988471831Z	4701	0																			
95	2026-09-24T22:14:10.038162761Z	4751	0																			
96	2026-09-24T22:14:10.08781279Z	4800	0																			
97	2026-09-24T22:14:10.138472867Z	4851	0																			
98	2026-09-24T22:14:10.188102839Z	4900	0																			
99	2026-09-24T22:14:10.238768267Z	4951	0																			
100	2026-09-24T22:14:10.288433092Z	5001	0																			
101	2026-09-24T22:14:10.338099652Z	5050	0																			
102	2026-09-24T22:14:10.388770978Z	5101	0																			
103	2026-09-24T22:14:10.438471024Z	5151	0																			
104	2026-09-24T22:14:10.488195605Z	5201	0																			
105	2026-09-24T22:14:10.538864928Z	5251	0																			
106	2026-09-24T22:14:10.588546965Z	5301	0																			
107	2026-09-24T22:14:10.638233951Z	5351	0																			
108	2026-09-24T22:14:10.687862874Z	5400	0																			
109	2026-09-24T22:14:10.73854801Z	5451	0																			
110	2026-09-24T22:14:10.788230804Z	5501	0																			
111	2026-09-24T22:14:10.837865213Z	5550	0																			
112	2026-09-24T22:14:10.888502441Z	5601	0																			
113	2026-09-24T22:14:10.938172606Z	5651	0																			
114	2026-09-24T22:14:10.988838556Z	5701	0																			
115	2026-09-24T22:14:11.038155152Z	5751	0																			
116	2026-09-24T22:14:11.087937867Z	5800	0																			
117	2026-09-24T22:14:11.138807773Z	5851	0																			
118	2026-09-24T22:14:11.188800778Z	5901	0																			
119	2026-09-24T22:14:11.238573201Z	5951	0																			
120	2026-09-24T22:14:11.28833369Z	6001	0																			
121	2026-09-24T22:14:11.338098119Z	6050	0																			
122	2026-09-24T22:14:11.388857315Z	6101	0																			
123	2026-09-24T22:14:11.438657457Z	6151	0																			
124	2026-09-24T22:14:11.488344268Z	6201	0																			
125	2026-09-24T22:14:11.538040621Z	6250	0																			
126	2026-09-24T22:14:11.588787705Z	6301	0																			
127	2026-09-24T22:14:11.638489908Z	6351	0																			
128	2026-09-24T22:14:11.688175542Z	6401	0																			
129	2026-09-24T22:14:11.737836556Z	6450	0																			
130	2026-09-24T22:14:11.788499036Z	6501	0																			
131	2026-09-24T22:14:11.838177316Z	6551	0																			
132	2026-09-24T22:14:11.887830771Z	6600	0																			
133	2026-09-24T22:14:11.938516617Z	6651	0																			
134	2026-09-24T22:14:11.988260792Z	6701	0																			
135	2026-09-24T22:14:12.03796976Z	6750	0																			
136	2026-09-24T22:14:12.088679105Z	6801	0																			
137	2026-09-24T22:14:12.138332668Z	6851	0																			
138	2026-09-24T22:14:12.188057615Z	6900	0																			
139	2026-09-24T22:14:12.23870688Z	6951	0																			
140	2026-09-24T22:14:12.288397936Z	7001	0																			
141	2026-09-24T22:14:12.338168106Z	7051	0																			
142	2026-09-24T22:14:12.387880773Z	7100	0																			
143	2026-09-24T22:14:12.438663643Z	7151	0																			
144	2026-09-24T22:14:12.488402073Z	7201	0																			
145	2026-09-24T22:14:12.538119388Z	7251	0																			
146	2026-09-24T22:14:12.588836576Z	7301	0																			
147	2026-09-24T22:14:12.638712166Z	7351	0																			
148	2026-09-24T22:14:12.688535866Z	7401	0																			
149	2026-09-24T22:14:12.738103289Z	7450	0																			
150	2026-09-24T22:14:12.787870415Z	7500	0																			
151	2026-09-24T22:14:12.838651581Z	7551	0																			
152	2026-09-24T22:14:12.888434421Z	7601	0																			
153	2026-09-24T22:14:12.938118834Z	7651	0																			
154	2026-09-24T22:14:12.987852287Z	7700	0																			
155	2026-09-24T22:14:13.038569262Z	7751	0																			
156	2026-09-24T22:14:13.088324486Z	7801	0																			
157	2026-09-24T22:14:13.138502992Z	7851	0																			
158	2026-09-24T22:14:13.188796763Z	7901	0																			
159	2026-09-24T22:14:13.23872131Z	7951	0																			
160	2026-09-24T22:14:13.288470111Z	8001	0																			
161	2026-09-24T22:14:13.338268972Z	8051	0																			
162	2026-09-24T22:14:13.388031251Z	8100	0																			
163	2026-09-24T22:14:13.438797976Z	8151	0																			
164	2026-09-24T22:14:13.488549382Z	8201	0																			
165	2026-09-24T22:14:13.538262044Z	8251	0																			
166	2026-09-24T22:14:13.588096514Z	8300	0																			
167	2026-09-24T22:14:13.638797568Z	8351	0																			
168	2026-09-24T22:14:13.68862862Z	8401	0																			
169	2026-09-24T22:14:13.738380726Z	8451	0																			
170	2026-09-24T22:14:13.788169952Z	8501	0																			
171	2026-09-24T22:14:13.837954203Z	8550	0																			
172	2026-09-24T22:14:13.888770347Z	8601	0																			
173	2026-09-24T22:14:13.938560287Z	8651	0																			
174	2026-09-24T22:14:13.988396506Z	8701	0																			
175	2026-09-24T22:14:14.03817507Z	8751	0																			
176	2026-09-24T22:14:14.088322337Z	8801	0																			
177	2026-09-24T22:14:14.138364234Z	8851	0																			
178	2026-09-24T22:14:14.18862904Z	8901	0																			
179	2026-09-24T22:14:14.238473908Z	8951	0																			
180	2026-09-24T22:14:14.288260175Z	9001	0																			
181	2026-09-24T22:14:14.338038385Z	9050	0																			
182	2026-09-24T22:14:14.3887968Z	9101	0																			
183	2026-09-24T22:14:14.438552187Z	9151	0																			
184	2026-09-24T22:14:14.488336692Z	9201	0																			
185	2026-09-24T22:14:14.538106272Z	9250	0																			
186	2026-09-24T22:14:14.587842245Z	9300	0																			
187	2026-09-24T22:14:14.638652545Z	9351	0																			
188	2026-09-24T22:14:14.688496707Z	9401	0																			
189	2026-09-24T22:14:14.738308359Z	9451	0																			
190	2026-09-24T22:14:14.788088518Z	9500	0																			
191	2026-09-24T22:14:14.837839265Z	9550	0																			
192	2026-09-24T22:14:14.888639999Z	9601	0																			
193	2026-09-24T22:14:14.938416189Z	9651	0																			
194	2026-09-24T22:14:14.988118616Z	9701	0																			
195	2026-09-24T22:14:15.037839334Z	9750	0																			
196	2026-09-24T22:14:15.087953489Z	9800	0																			
197	2026-09-24T22:14:15.138024395Z	9850	0																			
198	2026-09-24T22:14:15.188344056Z	9901	0																			
199	2026-09-24T22:14:15.238176065Z	9951	0																			
200	2026-09-24T22:14:15.287955546Z	10000	0																			
201	2026-09-24T22:14:15.338103491Z	10050	0																			
202	2026-09-24T22:14:15.387843716Z	10100	0																			
203	2026-09-24T22:14:15.438643777Z	10151	0																			
204	2026-09-24T22:14:15.488454089Z	10201	0																			
205	2026-09-24T22:14:15.538259991Z	10251	0																			
206	2026-09-24T22:14:15.588040307Z	10300	0																			
207	2026-09-24T22:14:15.63880583Z	10351	0																			
208	2026-09-24T22:14:15.688559344Z	10401	0																			
209	2026-09-24T22:14:15.738307116Z	10451	0																			
210	2026-09-24T22:14:15.788109964Z	10500	0																			
211	2026-09-24T22:14:15.837827341Z	10550	0																			
212	2026-09-24T22:14:15.888668929Z	10601	0																			
213	2026-09-24T22:14:15.938489396Z	10651	0																			
214	2026-09-24T22:14:15.988270431Z	10701	0																			
215	2026-09-24T22:14:16.03807189Z	10750	0																			
216	2026-09-24T22:14:16.088029675Z	10800	0																			
217	2026-09-24T22:14:16.138023245Z	10850	0																			
218	2026-09-24T22:14:16.187841991Z	10900	0																			
219	2026-09-24T22:14:16.238646934Z	10951	0																			
220	2026-09-24T22:14:16.288462828Z	11001	0																			
221	2026-09-24T22:14:16.33826359Z	11051	0																			
222	2026-09-24T22:14:16.388029639Z	11100	0																			
223	2026-09-24T22:14:16.438798333Z	11151	0																			
224	2026-09-24T22:14:16.488572032Z	11201	0																			
225	2026-09-24T22:14:16.538263276Z	11251	0																			
226	2026-09-24T22:14:16.588036783Z	11300	0																			
227	2026-09-24T22:14:16.638875027Z	11351	0																			
228	2026-09-24T22:14:16.688649043Z	11401	0																			
229	2026-09-24T22:14:16.738458104Z	11451	0																			
230	2026-09-24T22:14:16.788334293Z	11501	0																			
231	2026-09-24T22:14:16.83810068Z	11550	0																			
232	2026-09-24T22:14:16.88878283Z	11601	0																			
233	2026-09-24T22:14:16.93856862Z	11651	0																			
234	2026-09-24T22:14:16.98831807Z	11701	0																			
235	2026-09-24T22:14:17.038078424Z	11750	0																			
236	2026-09-24T22:14:17.088112147Z	11800	0																			
237	2026-09-24T22:14:17.138179707Z	11851	0																			
238	2026-09-24T22:14:17.187959593Z	11900	0																			
239	2026-09-24T22:14:17.23879473Z	11951	0																			
240	2026-09-24T22:14:17.288565647Z	12001	0																			
241	2026-09-24T22:14:17.338327168Z	12051	0																			
242	2026-09-24T22:14:17.388105133Z	12100	0																			
243	2026-09-24T22:14:17.438865006Z	12151	0																			
244	2026-09-24T22:14:17.488695406Z	12201	0																			
245	2026-09-24T22:14:17.538489393Z	12251	0																			
246	2026-09-24T22:14:17.588258534Z	12301	0																			
247	2026-09-24T22:14:17.638051564Z	12350	0																			
248	2026-09-24T22:14:17.688805841Z	12401	0																			
249	2026-09-24T22:14:17.738576793Z	12451	0																			
250	2026-09-24T22:14:17.788480577Z	12501	0																			
251	2026-09-24T22:14:17.838154987Z	12551	0																			
252	2026-09-24T22:14:17.887967277Z	12600	0																			
253	2026-09-24T22:14:17.938788752Z	12651	0																			
254	2026-09-24T22:14:17.988586169Z	12701	0																			
255	2026-09-24T22:14:18.038063321Z	12750	0																			
256	2026-09-24T22:14:18.087824712Z	12800	0																			
257	2026-09-24T22:14:18.138732058Z	12851	0																			
258	2026-09-24T22:14:18.188858588Z	12901	0																			
259	2026-09-24T22:14:18.238026679Z	12950	0																			
260	2026-09-24T22:14:18.288793927Z	13001	0																			
261	2026-09-24T22:14:18.338640499Z	13051	0																			
262	2026-09-24T22:14:18.38841977Z	13101	0																			
263	2026-09-24T22:14:18.438205182Z	13151	0																			
264	2026-09-24T22:14:18.488030996Z	13200	0																			
265	2026-09-24T22:14:18.537834023Z	13250	0																			
266	2026-09-24T22:14:18.588613445Z	13301	0																			
267	2026-09-24T22:14:18.638414666Z	13351	0																			
268	2026-09-24T22:14:18.688190253Z	13401	0																			
269	2026-09-24T22:14:18.737953639Z	13450	0																			
270	2026-09-24T22:14:18.788777978Z	13501	0																			
271	2026-09-24T22:14:18.838573373Z	13551	0																			
272	2026-09-24T22:14:18.888343121Z	13601	0																			
273	2026-09-24T22:14:18.93811461Z	13650	0																			
274	2026-09-24T22:14:18.98786581Z	13700	0																			
275	2026-09-24T22:14:19.038648595Z	13751	0																			
276	2026-09-24T22:14:19.088428456Z	13801	0																			
277	2026-09-24T22:14:19.138496553Z	13851	0																			
278	2026-09-24T22:14:19.188267341Z	13901	0																			
279	2026-09-24T22:14:19.238037716Z	13950	0																			
280	2026-09-24T22:14:19.287827065Z	14000	0																			
281	2026-09-24T22:14:19.338642915Z	14051	0																			
282	2026-09-24T22:14:19.388410619Z	14101	0																			
283	2026-09-24T22:14:19.4382527Z	14151	0																			
284	2026-09-24T22:14:19.488032701Z	14200	0																			
285	2026-09-24T22:14:19.53887151Z	14251	0																			
286	2026-09-24T22:14:19.588703796Z	14301	0																			
287	2026-09-24T22:14:19.638595518Z	14351	0																			
288	2026-09-24T22:14:19.688343533Z	14401	0																			
289	2026-09-24T22:14:19.738115072Z	14450	0																			
290	2026-09-24T22:14:19.788852981Z	14501	0																			
291	2026-09-24T22:14:19.838589071Z	14551	0																			
292	2026-09-24T22:14:19.888349494Z	14601	0																			
293	2026-09-24T22:14:19.938125144Z	14651	0																			
294	2026-09-24T22:14:19.987874008Z	14700	0																			
295	2026-09-24T22:14:20.038712335Z	14751	0																			
296	2026-09-24T22:14:20.088478623Z	14801	0																			
297	2026-09-24T22:14:20.138194926Z	14851	0																			
298	2026-09-24T22:14:20.188014645Z	14900	0																			
299	2026-09-24T22:14:20.238809182Z	14951	0																			
300	2026-09-24T22:14:20.288568224Z	15001	0																			
301	2026-09-24T22:14:20.338387427Z	15051	0																			
302	2026-09-24T22:14:20.388179882Z	15101	0																			
303	2026-09-24T22:14:20.43793939Z	15150	0																			
304	2026-09-24T22:14:20.488715478Z	15201	0																			
305	2026-09-24T22:14:20.538482086Z	15251	0																			
306	2026-09-24T22:14:20.5881869Z	15301	0																			
307	2026-09-24T22:14:20.638012969Z	15350	0																			
308	2026-09-24T22:14:20.688754539Z	15401	0																			
309	2026-09-24T22:14:20.738567388Z	15451	0																			
310	2026-09-24T22:14:20.788336448Z	15501	0																			
311	2026-09-24T22:14:20.838099522Z	15550	0																			
312	2026-09-24T22:14:20.888798461Z	15601	0																			
313	2026-09-24T22:14:20.938567101Z	15651	0																			
314	2026-09-24T22:14:20.988323991Z	15701	0																			
315	2026-09-24T22:14:21.03811462Z	15750	0																			
316	2026-09-24T22:14:21.087858853Z	15800	0																			
317	2026-09-24T22:14:21.13800325Z	15850	0																			
318	2026-09-24T22:14:21.188643677Z	15901	0																			
319	2026-09-24T22:14:21.238451964Z	15951	0																			
320	2026-09-24T22:14:21.288264378Z	16001	0																			
321	2026-09-24T22:14:21.338059797Z	16050	0																			
322	2026-09-24T22:14:21.388800748Z	16101	0																			
323	2026-09-24T22:14:21.438643442Z	16151	0																			
324	2026-09-24T22:14:21.488415349Z	16201	0																			
325	2026-09-24T22:14:21.538188646Z	16251	0																			
326	2026-09-24T22:14:21.587934862Z	16300	0																			
327	2026-09-24T22:14:21.638722995Z	16351	0																			
328	2026-09-24T22:14:21.688524878Z	16401	0																			
329	2026-09-24T22:14:21.738264835Z	16451	0																			
330	2026-09-24T22:14:21.788048806Z	16500	0																			
331	2026-09-24T22:14:21.838852958Z	16551	0																			
332	2026-09-24T22:14:21.888621245Z	16601	0																			
333	2026-09-24T22:14:21.938260344Z	16651	0																			
334	2026-09-24T22:14:21.987960376Z	16700	0																			
335	2026-09-24T22:14:22.038714753Z	16751	0																			
336	2026-09-24T22:14:22.08850153Z	16801	0																			
337	2026-09-24T22:14:22.138558999Z	16851	0																			
338	2026-09-24T22:14:22.188714711Z	16901	0																			
339	2026-09-24T22:14:22.238855421Z	16951	0																			
340	2026-09-24T22:14:22.288646859Z	17001	0																			
341	2026-09-24T22:14:22.338473994Z	17051	0																			
342	2026-09-24T22:14:22.388274184Z	17101	0																			
343	2026-09-24T22:14:22.438038043Z	17150	0																			
344	2026-09-24T22:14:22.488858242Z	17201	0																			
345	2026-09-24T22:14:22.538640269Z	17251	0																			
346	2026-09-24T22:14:22.588449782Z	17301	0																			
347	2026-09-24T22:14:22.638298487Z	17351	0																			
348	2026-09-24T22:14:22.688104813Z	17400	0																			
349	2026-09-24T22:14:22.73879692Z	17451	0																			
350	2026-09-24T22:14:22.788487458Z	17501	0																			
351	2026-09-24T22:14:22.838216346Z	17551	0																			
352	2026-09-24T22:14:22.888011849Z	17600	0																			
353	2026-09-24T22:14:22.938801344Z	17651	0																			
354	2026-09-24T22:14:22.988656004Z	17701	0																			
355	2026-09-24T22:14:23.03850683Z	17751	0																			
356	2026-09-24T22:14:23.088376137Z	17801	0																			
357	2026-09-24T22:14:23.138147412Z	17851	0																			
358	2026-09-24T22:14:23.188031763Z	17900	0																			
359	2026-09-24T22:14:23.237836972Z	17950	0																			
360	2026-09-24T22:14:23.288633277Z	18001	0																			
361	2026-09-24T22:14:23.338410959Z	18051	0																			
362	2026-09-24T22:14:23.388186546Z	18101	0																			
363	2026-09-24T22:14:23.437959449Z	18150	0																			
364	2026-09-24T22:14:23.488725006Z	18201	0																			
365	2026-09-24T22:14:23.53849111Z	18251	0																			
366	2026-09-24T22:14:23.58827001Z	18301	0																			
367	2026-09-24T22:14:23.638077675Z	18350	0																			
368	2026-09-24T22:14:23.687852194Z	18400	0																			
369	2026-09-24T22:14:23.738584444Z	18451	0																			
370	2026-09-24T22:14:23.788405199Z	18501	0																			
371	2026-09-24T22:14:23.838145175Z	18551	0																			
372	2026-09-24T22:14:23.887957674Z	18600	0																			
373	2026-09-24T22:14:23.938664066Z	18651	0																			
374	2026-09-24T22:14:23.988429015Z	18701	0																			
375	2026-09-24T22:14:24.038176774Z	18751	0																			
376	2026-09-24T22:14:24.088241153Z	18801	0																			
377	2026-09-24T22:14:24.138199377Z	18851	0																			
378	2026-09-24T22:14:24.187825508Z	18900	0																			
379	2026-09-24T22:14:24.238612573Z	18951	0																			
380	2026-09-24T22:14:24.288321628Z	19001	0																			
381	2026-09-24T22:14:24.33802062Z	19050	0																			
382	2026-09-24T22:14:24.388792443Z	19101	0																			
383	2026-09-24T22:14:24.438586805Z	19151	0																			
384	2026-09-24T22:14:24.488287297Z	19201	0																			
385	2026-09-24T22:14:24.538032385Z	19250	0																			
386	2026-09-24T22:14:24.588763331Z	19301	0																			
387	2026-09-24T22:14:24.638484694Z	19351	0																			
388	2026-09-24T22:14:24.688245813Z	19401	0																			
389	2026-09-24T22:14:24.738043685Z	19450	0																			
390	2026-09-24T22:14:24.787825331Z	19500	0																			
391	2026-09-24T22:14:24.838642696Z	19551	0																			
392	2026-09-24T22:14:24.888410028Z	19601	0																			
393	2026-09-24T22:14:24.938182581Z	19651	0																			
394	2026-09-24T22:14:24.987872438Z	19700	0																			
395	2026-09-24T22:14:25.038609971Z	19751	0																			
396	2026-09-24T22:14:25.088346245Z	19801	0																			
397	2026-09-24T22:14:25.138026729Z	19850	0																			
398	2026-09-24T22:14:25.188863712Z	19901	0																			
399	2026-09-24T22:14:25.238590764Z	19951	0																			
400	2026-09-24T22:14:25.288411379Z	20001	0																			
401	2026-09-24T22:14:25.338493019Z	20051	0																			
402	2026-09-24T22:14:25.388327396Z	20101	0																			
403	2026-09-24T22:14:25.438151462Z	20151	0																			
404	2026-09-24T22:14:25.487958467Z	20200	0																			
405	2026-09-24T22:14:25.538710239Z	20251	0																			
406	2026-09-24T22:14:25.588559523Z	20301	0																			
407	2026-09-24T22:14:25.63835845Z	20351	0																			
408	2026-09-24T22:14:25.688236028Z	20401	0																			
409	2026-09-24T22:14:25.738122315Z	20451	0																			
410	2026-09-24T22:14:25.78795427Z	20500	0																			
411	2026-09-24T22:14:25.838647374Z	20551	0																			
412	2026-09-24T22:14:25.888400789Z	20601	0																			
413	2026-09-24T22:14:25.938101423Z	20650	0																			
414	2026-09-24T22:14:25.987839603Z	20700	0																			
415	2026-09-24T22:14:26.038594792Z	20751	0																			
416	2026-09-24T22:14:26.088342774Z	20801	0																			
417	2026-09-24T22:14:26.138260155Z	20851	0																			
418	2026-09-24T22:14:26.188033789Z	20900	0																			
419	2026-09-24T22:14:26.238797739Z	20951	0																			
420	2026-09-24T22:14:26.288630694Z	21001	0																			
421	2026-09-24T22:14:26.338436842Z	21051	0																			
422	2026-09-24T22:14:26.388260362Z	21101	0																			
423	2026-09-24T22:14:26.438029373Z	21150	0																			
424	2026-09-24T22:14:26.488798432Z	21201	0																			
425	2026-09-24T22:14:26.538618459Z	21251	0																			
426	2026-09-24T22:14:26.588384095Z	21301	0																			
427	2026-09-24T22:14:26.638184411Z	21351	0																			
428	2026-09-24T22:14:26.688031445Z	21400	0																			
429	2026-09-24T22:14:26.73882648Z	21451	0																			
430	2026-09-24T22:14:26.788629149Z	21501	0																			
431	2026-09-24T22:14:26.838326106Z	21551	0																			
432	2026-09-24T22:14:26.888025988Z	21600	0																			
433	2026-09-24T22:14:26.938711448Z	21651	0																			
434	2026-09-24T22:14:26.988415309Z	21701	0																			
435	2026-09-24T22:14:27.038112594Z	21750	0																			
436	2026-09-24T22:14:27.088098292Z	21800	0																			
437	2026-09-24T22:14:27.138110861Z	21850	0																			
438	2026-09-24T22:14:27.187882544Z	21900	0																			
439	2026-09-24T22:14:27.238692063Z	21951	0																			
440	2026-09-24T22:14:27.288488407Z	22001	0																			
441	2026-09-24T22:14:27.338250648Z	22051	0																			
442	2026-09-24T22:14:27.387997491Z	22100	0																			
443	2026-09-24T22:14:27.438801285Z	22151	0																			
444	2026-09-24T22:14:27.488640965Z	22201	0																			
445	2026-09-24T22:14:27.538369576Z	22251	0																			
446	2026-09-24T22:14:27.588092434Z	22300	0																			
447	2026-09-24T22:14:27.637826423Z	22350	0																			
448	2026-09-24T22:14:27.688042871Z	22400	0																			
449	2026-09-24T22:14:27.738795534Z	22451	0																			
450	2026-09-24T22:14:27.788693516Z	22501	0																			
451	2026-09-24T22:14:27.838493242Z	22551	0																			
452	2026-09-24T22:14:27.888245707Z	22601	0																			
453	2026-09-24T22:14:27.937943805Z	22650	0																			
454	2026-09-24T22:14:27.98873541Z	22701	0																			
455	2026-09-24T22:14:28.038559776Z	22751	0																			
456	2026-09-24T22:14:28.088187762Z	22801	0																			
457	2026-09-24T22:14:28.138181148Z	22851	0																			
458	2026-09-24T22:14:28.187955989Z	22900	0																			
459	2026-09-24T22:14:28.238719662Z	22951	0																			
460	2026-09-24T22:14:28.288494429Z	23001	0																			
461	2026-09-24T22:14:28.338263441Z	23051	0																			
462	2026-09-24T22:14:28.388044284Z	23100	0																			
463	2026-09-24T22:14:28.438861181Z	23151	0																			
464	2026-09-24T22:14:28.488640162Z	23201	0																			
465	2026-09-24T22:14:28.53840334Z	23251	0																			
466	2026-09-24T22:14:28.588177083Z	23301	0																			
467	2026-09-24T22:14:28.637961535Z	23350	0																			
468	2026-09-24T22:14:28.688767818Z	23401	0																			
469	2026-09-24T22:14:28.738515166Z	23451	0																			
470	2026-09-24T22:14:28.788345084Z	23501	0																			
471	2026-09-24T22:14:28.838041514Z	23550	0																			
472	2026-09-24T22:14:28.887813103Z	23600	0																			
473	2026-09-24T22:14:28.938567187Z	23651	0																			
474	2026-09-24T22:14:28.988336492Z	23701	0																			
475	2026-09-24T22:14:29.03810889Z	23750	0																			
476	2026-09-24T22:14:29.088871606Z	23801	0																			
477	2026-09-24T22:14:29.138687988Z	23851	0																			
478	2026-09-24T22:14:29.188627764Z	23901	0																			
479	2026-09-24T22:14:29.238482236Z	23951	0																			
480	2026-09-24T22:14:29.288270288Z	24001	0																			
481	2026-09-24T22:14:29.338072458Z	24050	0																			
482	2026-09-24T22:14:29.387832136Z	24100	0																			
483	2026-09-24T22:14:29.438572797Z	24151	0																			
484	2026-09-24T22:14:29.488339824Z	24201	0																			
485	2026-09-24T22:14:29.538144639Z	24251	0																			
486	2026-09-24T22:14:29.58797109Z	24300	0																			
487	2026-09-24T22:14:29.638783293Z	24351	0																			
488	2026-09-24T22:14:29.688586156Z	24401	0																			
489	2026-09-24T22:14:29.738717319Z	24451	0																			
490	2026-09-24T22:14:29.788475577Z	24501	0																			
491	2026-09-24T22:14:29.838346524Z	24551	0																			
492	2026-09-24T22:14:29.888190129Z	24601	0																			
493	2026-09-24T22:14:29.937967583Z	24650	0																			
494	2026-09-24T22:14:29.988722904Z	24701	0																			
495	2026-09-24T22:14:30.038542756Z	24751	0																			
496	2026-09-24T22:14:30.088271384Z	24801	0																			
497	2026-09-24T22:14:30.138045261Z	24850	0																			
498	2026-09-24T22:14:30.187859344Z	24900	0																			
499	2026-09-24T22:14:30.238636102Z	24951	0																			
500	2026-09-24T22:14:30.288420143Z	25001	0																			
501	2026-09-24T22:14:30.338209818Z	25051	0																			
502	2026-09-24T22:14:30.387960567Z	25100	0																			
503	2026-09-24T22:14:30.438694876Z	25151	0																			
504	2026-09-24T22:14:30.488415216Z	25201	0																			
505	2026-09-24T22:14:30.538182856Z	25251	0																			
506	2026-09-24T22:14:30.587846886Z	25300	0																			
507	2026-09-24T22:14:30.638101417Z	25350	0																			
508	2026-09-24T22:14:30.687867146Z	25400	0																			
509	2026-09-24T22:14:30.738714703Z	25451	0																			
510	2026-09-24T22:14:30.788550618Z	25501	0																			
511	2026-09-24T22:14:30.83836046Z	25551	0																			
512	2026-09-24T22:14:30.888165472Z	25601	0																			
513	2026-09-24T22:14:30.938035151Z	25650	0																			
514	2026-09-24T22:14:30.987871979Z	25700	0																			
515	2026-09-24T22:14:31.037861255Z	25750	0																			
516	2026-09-24T22:14:31.088616403Z	25801	0																			
517	2026-09-24T22:14:31.138402863Z	25851	0																			
518	2026-09-24T22:14:31.188418657Z	25901	0																			
519	2026-09-24T22:14:31.238188832Z	25951	0																			
520	2026-09-24T22:14:31.287956879Z	26000	0																			
521	2026-09-24T22:14:31.338725232Z	26051	0																			
522	2026-09-24T22:14:31.388577385Z	26101	0																			
523	2026-09-24T22:14:31.438394048Z	26151	0																			
524	2026-09-24T22:14:31.488189662Z	26201	0																			
525	2026-09-24T22:14:31.53796388Z	26250	0																			
526	2026-09-24T22:14:31.588754945Z	26301	0																			
527	2026-09-24T22:14:31.638579684Z	26351	0																			
528	2026-09-24T22:14:31.688421863Z	26401	0																			
529	2026-09-24T22:14:31.738272988Z	26451	0																			
530	2026-09-24T22:14:31.78810344Z	26500	0																			
531	2026-09-24T22:14:31.837960836Z	26550	0																			
532	2026-09-24T22:14:31.888847634Z	26601	0																			
533	2026-09-24T22:14:31.938732896Z	26651	0																			
534	2026-09-24T22:14:31.988526367Z	26701	0																			
535	2026-09-24T22:14:32.038306906Z	26751	0																			
536	2026-09-24T22:14:32.088326029Z	26801	0																			
537	2026-09-24T22:14:32.138409249Z	26851	0																			
538	2026-09-24T22:14:32.188556807Z	26901	0																			
539	2026-09-24T22:14:32.23840083Z	26951	0																			
540	2026-09-24T22:14:32.288194857Z	27001	0																			
541	2026-09-24T22:14:32.337986258Z	27050	0																			
542	2026-09-24T22:14:32.388801589Z	27101	0																			
543	2026-09-24T22:14:32.438651589Z	27151	0																			
544	2026-09-24T22:14:32.488493229Z	27201	0																			
545	2026-09-24T22:14:32.538409891Z	27251	0																			
546	2026-09-24T22:14:32.588191297Z	27301	0																			
547	2026-09-24T22:14:32.637962694Z	27350	0																			
548	2026-09-24T22:14:32.688878707Z	27401	0																			
549	2026-09-24T22:14:32.738809637Z	27451	0																			
550	2026-09-24T22:14:32.788639413Z	27501	0																			
551	2026-09-24T22:14:32.838331902Z	27551	0																			
552	2026-09-24T22:14:32.887993726Z	27600	0																			
553	2026-09-24T22:14:32.938698056Z	27651	0																			
554	2026-09-24T22:14:32.988324791Z	27701	0																			
555	2026-09-24T22:14:33.037957954Z	27750	0																			
556	2026-09-24T22:14:33.088616496Z	27801	0																			
557	2026-09-24T22:14:33.138300254Z	27851	0																			
558	2026-09-24T22:14:33.188003473Z	27900	0																			
559	2026-09-24T22:14:33.238698391Z	27951	0																			
560	2026-09-24T22:14:33.288389988Z	28001	0																			
561	2026-09-24T22:14:33.338031231Z	28050	0																			
562	2026-09-24T22:14:33.388698885Z	28101	0																			
563	2026-09-24T22:14:33.438396206Z	28151	0																			
564	2026-09-24T22:14:33.488074912Z	28200	0																			
565	2026-09-24T22:14:33.538759675Z	28251	0																			
566	2026-09-24T22:14:33.588451196Z	28301	0																			
567	2026-09-24T22:14:33.638143514Z	28351	0																			
568	2026-09-24T22:14:33.687851545Z	28400	0																			
569	2026-09-24T22:14:33.738564554Z	28451	0																			
570	2026-09-24T22:14:33.788263634Z	28501	0																			
571	2026-09-24T22:14:33.837952482Z	28550	0																			
572	2026-09-24T22:14:33.888649482Z	28601	0																			
573	2026-09-24T22:14:33.938328195Z	28651	0																			
574	2026-09-24T22:14:33.988016663Z	28700	0																			
575	2026-09-24T22:14:34.038703031Z	28751	0																			
576	2026-09-24T22:14:34.088370018Z	28801	0																			
577	2026-09-24T22:14:34.138098202Z	28850	0																			
578	2026-09-24T22:14:34.188772272Z	28901	0																			
579	2026-09-24T22:14:34.238395112Z	28951	0																			
580	2026-09-24T22:14:34.28808192Z	29000	0																			
581	2026-09-24T22:14:34.338784003Z	29051	0																			
582	2026-09-24T22:14:34.388414104Z	29101	0																			
583	2026-09-24T22:14:34.4380897Z	29150	0																			
584	2026-09-24T22:14:34.488767623Z	29201	0																			
585	2026-09-24T22:14:34.538483774Z	29251	0																			
586	2026-09-24T22:14:34.588192201Z	29301	0																			
587	2026-09-24T22:14:34.637848048Z	29350	0																			
588	2026-09-24T22:14:34.688631475Z	29401	0																			
589	2026-09-24T22:14:34.738347665Z	29451	0																			
590	2026-09-24T22:14:34.788047687Z	29500	0																			
591	2026-09-24T22:14:34.83874627Z	29551	0																			
592	2026-09-24T22:14:34.888413137Z	29601	0																			
593	2026-09-24T22:14:34.938101219Z	29650	0																			
594	2026-09-24T22:14:34.988772184Z	29701	0																			
595	2026-09-24T22:14:35.038489367Z	29751	0																			
596	2026-09-24T22:14:35.088245465Z	29801	0																			
597	2026-09-24T22:14:35.137954437Z	29850	0																			
598	2026-09-24T22:14:35.188628972Z	29901	0																			
599	2026-09-24T22:14:35.238249372Z	29951	0																			
600	2026-09-24T22:14:35.287858615Z	30000	0																			
601	2026-09-24T22:14:35.338687128Z	30051	0																			
602	2026-09-24T22:14:35.388321992Z	30101	0																			
603	2026-09-24T22:14:35.43798903Z	30150	0																			
604	2026-09-24T22:14:35.488676447Z	30201	0																			
605	2026-09-24T22:14:35.538323618Z	30251	0																			
606	2026-09-24T22:14:35.587956589Z	30300	0																			
607	2026-09-24T22:14:35.638634927Z	30351	0																			
608	2026-09-24T22:14:35.688326671Z	30401	0																			
609	2026-09-24T22:14:35.737985369Z	30450	0																			
610	2026-09-24T22:14:35.788685971Z	30501	0																			
611	2026-09-24T22:14:35.838325507Z	30551	0																			
612	2026-09-24T22:14:35.887974371Z	30600	0																			
613	2026-09-24T22:14:35.938663081Z	30651	0																			
614	2026-09-24T22:14:35.988353647Z	30701	0																			
615	2026-09-24T22:14:36.038037928Z	30750	0																			
616	2026-09-24T22:14:36.08871463Z	30801	0																			
617	2026-09-24T22:14:36.138516832Z	30851	0																			
618	2026-09-24T22:14:36.188287271Z	30901	0																			
619	2026-09-24T22:14:36.237937398Z	30950	0																			
620	2026-09-24T22:14:36.288586813Z	31001	0																			
621	2026-09-24T22:14:36.338249452Z	31051	0																			
622	2026-09-24T22:14:36.387874397Z	31100	0																			
623	2026-09-24T22:14:36.438553288Z	31151	0																			
624	2026-09-24T22:14:36.488238885Z	31201	0																			
625	2026-09-24T22:14:36.53785126Z	31250	0																			
626	2026-09-24T22:14:36.588478197Z	31301	0																			
627	2026-09-24T22:14:36.638152648Z	31351	0																			
628	2026-09-24T22:14:36.688840173Z	31401	0																			
629	2026-09-24T22:14:36.738546697Z	31451	0																			
630	2026-09-24T22:14:36.788230084Z	31501	0																			
631	2026-09-24T22:14:36.837860076Z	31550	0																			
632	2026-09-24T22:14:36.88854383Z	31601	0																			
633	2026-09-24T22:14:36.938176356Z	31651	0																			
634	2026-09-24T22:14:36.988848999Z	31701	0																			
635	2026-09-24T22:14:37.038514421Z	31751	0																			
636	2026-09-24T22:14:37.088178076Z	31801	0																			
637	2026-09-24T22:14:37.137846117Z	31850	0																			
638	2026-09-24T22:14:37.188561999Z	31901	0																			
639	2026-09-24T22:14:37.238244922Z	31951	0																			
640	2026-09-24T22:14:37.287847369Z	32000	0																			
641	2026-09-24T22:14:37.3385331Z	32051	0																			
642	2026-09-24T22:14:37.388228079Z	32101	0																			
643	2026-09-24T22:14:37.437849646Z	32150	0																			
644	2026-09-24T22:14:37.488547513Z	32201	0																			
645	2026-09-24T22:14:37.538224635Z	32251	0																			
646	2026-09-24T22:14:37.588837639Z	32301	0																			
647	2026-09-24T22:14:37.638480538Z	32351	0																			
648	2026-09-24T22:14:37.688183003Z	32401	0																			
649	2026-09-24T22:14:37.737832884Z	32450	0																			
650	2026-09-24T22:14:37.788531191Z	32501	0																			
651	2026-09-24T22:14:37.83817635Z	32551	0																			
652	2026-09-24T22:14:37.887810182Z	32600	0																			
653	2026-09-24T22:14:37.938471995Z	32651	0																			
654	2026-09-24T22:14:37.98814981Z	32701	0																			
655	2026-09-24T22:14:38.038848772Z	32751	0																			
656	2026-09-24T22:14:38.088486905Z	32801	0																			
657	2026-09-24T22:14:38.138194591Z	32851	0																			
658	2026-09-24T22:14:38.187846685Z	32900	0																			
659	2026-09-24T22:14:38.238551312Z	32951	0																			
660	2026-09-24T22:14:38.288248632Z	33001	0																			
661	2026-09-24T22:14:38.33793893Z	33050	0																			
662	2026-09-24T22:14:38.388617286Z	33101	0																			
663	2026-09-24T22:14:38.438241144Z	33151	0																			
664	2026-09-24T22:14:38.487856093Z	33200	0																			
665	2026-09-24T22:14:38.53853881Z	33251	0																			
666	2026-09-24T22:14:38.588198634Z	33301	0																			
667	2026-09-24T22:14:38.638836825Z	33351	0																			
668	2026-09-24T22:14:38.688528699Z	33401	0																			
669	2026-09-24T22:14:38.73824943Z	33451	0																			
670	2026-09-24T22:14:38.787860424Z	33500	0																			
671	2026-09-24T22:14:38.838523812Z	33551	0																			
672	2026-09-24T22:14:38.888171227Z	33601	0																			
673	2026-09-24T22:14:38.938836465Z	33651	0																			
674	2026-09-24T22:14:38.988518874Z	33701	0																			
675	2026-09-24T22:14:39.038180038Z	33751	0																			
676	2026-09-24T22:14:39.088860723Z	33801	0																			
677	2026-09-24T22:14:39.138548121Z	33851	0																			
678	2026-09-24T22:14:39.188177683Z	33901	0																			
679	2026-09-24T22:14:39.238832665Z	33951	0																			
680	2026-09-24T22:14:39.288535227Z	34001	0																			
681	2026-09-24T22:14:39.338175786Z	34051	0																			
682	2026-09-24T22:14:39.388860608Z	34101	0																			
683	2026-09-24T22:14:39.438565055Z	34151	0																			
684	2026-09-24T22:14:39.488240212Z	34201	0																			
685	2026-09-24T22:14:39.53793303Z	34250	0																			
686	2026-09-24T22:14:39.588596218Z	34301	0																			
687	2026-09-24T22:14:39.638250979Z	34351	0																			
688	2026-09-24T22:14:39.687998457Z	34400	0																			
689	2026-09-24T22:14:39.738703588Z	34451	0																			
690	2026-09-24T22:14:39.788377875Z	34501	0																			
691	2026-09-24T22:14:39.838036406Z	34550	0																			
692	2026-09-24T22:14:39.888695378Z	34601	0																			
693	2026-09-24T22:14:39.938359886Z	34651	0																			
694	2026-09-24T22:14:39.988029911Z	34700	0																			
695	2026-09-24T22:14:40.038752695Z	34751	0																			
696	2026-09-24T22:14:40.088428455Z	34801	0																			
697	2026-09-24T22:14:40.13810234Z	34850	0																			
698	2026-09-24T22:14:40.188773084Z	34901	0																			
699	2026-09-24T22:14:40.238458045Z	34951	0																			
700	2026-09-24T22:14:40.288099014Z	35000	0																			
701	2026-09-24T22:14:40.338769369Z	35051	0																			
702	2026-09-24T22:14:40.388454687Z	35101	0																			
703	2026-09-24T22:14:40.438144468Z	35151	0																			
704	2026-09-24T22:14:40.488828034Z	35201	0																			
705	2026-09-24T22:14:40.538473579Z	35251	0																			
706	2026-09-24T22:14:40.588197667Z	35301	0																			
707	2026-09-24T22:14:40.63885197Z	35351	0																			
708	2026-09-24T22:14:40.688552506Z	35401	0																			
709	2026-09-24T22:14:40.738248337Z	35451	0																			
710	2026-09-24T22:14:40.787868719Z	35500	0																			
711	2026-09-24T22:14:40.838547504Z	35551	0																			
712	2026-09-24T22:14:40.888209967Z	35601	0																			
713	2026-09-24T22:14:40.937818118Z	35650	0																			
714	2026-09-24T22:14:40.988481863Z	35701	0																			
715	2026-09-24T22:14:41.038158386Z	35751	0																			
716	2026-09-24T22:14:41.087962227Z	35800	0																			
717	2026-09-24T22:14:41.138679547Z	35851	0																			
718	2026-09-24T22:14:41.188353606Z	35901	0																			
719	2026-09-24T22:14:41.23802862Z	35950	0																			
720	2026-09-24T22:14:41.288700508Z	36001	0																			
721	2026-09-24T22:14:41.338398994Z	36051	0																			
722	2026-09-24T22:14:41.388090974Z	36100	0																			
723	2026-09-24T22:14:41.438771822Z	36151	0																			
724	2026-09-24T22:14:41.488444893Z	36201	0																			
725	2026-09-24T22:14:41.538121338Z	36251	0																			
726	2026-09-24T22:14:41.588787813Z	36301	0																			
727	2026-09-24T22:14:41.638458703Z	36351	0																			
728	2026-09-24T22:14:41.688182805Z	36401	0																			
729	2026-09-24T22:14:41.738866002Z	36451	0																			
730	2026-09-24T22:14:41.788561Z	36501	0																			
731	2026-09-24T22:14:41.838241747Z	36551	0																			
732	2026-09-24T22:14:41.887831486Z	36600	0																			
733	2026-09-24T22:14:41.938535231Z	36651	0																			
734	2026-09-24T22:14:41.988191763Z	36701	0																			
735	2026-09-24T22:14:42.037846117Z	36750	0																			
736	2026-09-24T22:14:42.088545586Z	36801	0																			
737	2026-09-24T22:14:42.138160922Z	36851	0																			
738	2026-09-24T22:14:42.188848946Z	36901	0																			
739	2026-09-24T22:14:42.23857113Z	36951	0																			
740	2026-09-24T22:14:42.288250518Z	37001	0																			
741	2026-09-24T22:14:42.337836175Z	37050	0																			
742	2026-09-24T22:14:42.388548485Z	37101	0																			
743	2026-09-24T22:14:42.438247778Z	37151	0																			
744	2026-09-24T22:14:42.487934962Z	37200	0																			
745	2026-09-24T22:14:42.538624929Z	37251	0																			
746	2026-09-24T22:14:42.588318358Z	37301	0																			
747	2026-09-24T22:14:42.637940555Z	37350	0																			
748	2026-09-24T22:14:42.688666577Z	37401	0																			
749	2026-09-24T22:14:42.738410528Z	37451	0																			
750	2026-09-24T22:14:42.788044287Z	37500	0																			
751	2026-09-24T22:14:42.838706935Z	37551	0																			
752	2026-09-24T22:14:42.888378205Z	37601	0																			
753	2026-09-24T22:14:42.938000806Z	37650	0																			
754	2026-09-24T22:14:42.988666392Z	37701	0																			
755	2026-09-24T22:14:43.038358103Z	37751	0																			
756	2026-09-24T22:14:43.088024224Z	37800	0																			
757	2026-09-24T22:14:43.138692848Z	37851	0																			
758	2026-09-24T22:14:43.188361583Z	37901	0																			
759	2026-09-24T22:14:43.238016534Z	37950	0																			
760	2026-09-24T22:14:43.288695097Z	38001	0																			
761	2026-09-24T22:14:43.338323797Z	38051	0																			
762	2026-09-24T22:14:43.388011343Z	38100	0																			
763	2026-09-24T22:14:43.438687371Z	38151	0																			
764	2026-09-24T22:14:43.488363032Z	38201	0																			
765	2026-09-24T22:14:43.537992873Z	38250	0																			
766	2026-09-24T22:14:43.588638861Z	38301	0																			
767	2026-09-24T22:14:43.638263632Z	38351	0																			
768	2026-09-24T22:14:43.687954112Z	38400	0																			
769	2026-09-24T22:14:43.738671529Z	38451	0																			
770	2026-09-24T22:14:43.788404421Z	38501	0																			
771	2026-09-24T22:14:43.838082612Z	38550	0																			
772	2026-09-24T22:14:43.888774071Z	38601	0																			
773	2026-09-24T22:14:43.938407967Z	38651	0																			
774	2026-09-24T22:14:43.988033188Z	38700	0																			
775	2026-09-24T22:14:44.038694267Z	38751	0																			
776	2026-09-24T22:14:44.088358234Z	38801	0																			
777	2026-09-24T22:14:44.138023846Z	38850	0																			
778	2026-09-24T22:14:44.188678376Z	38901	0																			
779	2026-09-24T22:14:44.238374849Z	38951	0																			
780	2026-09-24T22:14:44.288072101Z	39000	0																			
781	2026-09-24T22:14:44.33871929Z	39051	0																			
782	2026-09-24T22:14:44.388366802Z	39101	0																			
783	2026-09-24T22:14:44.438024531Z	39150	0																			
784	2026-09-24T22:14:44.488695281Z	39201	0																			
785	2026-09-24T22:14:44.538289882Z	39251	0																			
786	2026-09-24T22:14:44.58794769Z	39300	0																			
787	2026-09-24T22:14:44.638664917Z	39351	0																			
788	2026-09-24T22:14:44.688328891Z	39401	0																			
789	2026-09-24T22:14:44.73801502Z	39450	0																			
790	2026-09-24T22:14:44.788696476Z	39501	0																			
791	2026-09-24T22:14:44.838352627Z	39551	0																			
792	2026-09-24T22:14:44.888025138Z	39600	0																			
793	2026-09-24T22:14:44.938685079Z	39651	0																			
794	2026-09-24T22:14:44.988331715Z	39701	0																			
795	2026-09-24T22:14:45.038021345Z	39750	0																			
796	2026-09-24T22:14:45.088686104Z	39801	0																			
797	2026-09-24T22:14:45.138323606Z	39851	0																			
798	2026-09-24T22:14:45.188013787Z	39900	0																			
799	2026-09-24T22:14:45.238681389Z	39951	0																			
800	2026-09-24T22:14:45.288384865Z	40001	0																			
801	2026-09-24T22:14:45.338001419Z	40050	0																			
802	2026-09-24T22:14:45.388688718Z	40101	0																			
803	2026-09-24T22:14:45.438323151Z	40151	0																			
804	2026-09-24T22:14:45.488005969Z	40200	0																			
805	2026-09-24T22:14:45.538696114Z	40251	0																			
806	2026-09-24T22:14:45.588326992Z	40301	0																			
807	2026-09-24T22:14:45.638005513Z	40350	0																			
808	2026-09-24T22:14:45.688779866Z	40401	0																			
809	2026-09-24T22:14:45.73847235Z	40451	0																			
810	2026-09-24T22:14:45.788134746Z	40501	0																			
811	2026-09-24T22:14:45.838790856Z	40551	0																			
812	2026-09-24T22:14:45.888460929Z	40601	0																			
813	2026-09-24T22:14:45.938098076Z	40650	0																			
814	2026-09-24T22:14:45.98876903Z	40701	0																			
815	2026-09-24T22:14:46.038397781Z	40751	0																			
816	2026-09-24T22:14:46.088026914Z	40800	0																			
817	2026-09-24T22:14:46.138627173Z	40851	0																			
818	2026-09-24T22:14:46.188305875Z	40901	0																			
819	2026-09-24T22:14:46.23794854Z	40950	0																			
820	2026-09-24T22:14:46.288623759Z	41001	0																			
821	2026-09-24T22:14:46.338291944Z	41051	0																			
822	2026-09-24T22:14:46.387949661Z	41100	0																			
823	2026-09-24T22:14:46.438622179Z	41151	0																			
824	2026-09-24T22:14:46.488249234Z	41201	0																			
825	2026-09-24T22:14:46.53786358Z	41250	0																			
826	2026-09-24T22:14:46.588548299Z	41301	0																			
827	2026-09-24T22:14:46.638228607Z	41351	0																			
828	2026-09-24T22:14:46.687852633Z	41400	0																			
829	2026-09-24T22:14:46.7385182Z	41451	0																			
830	2026-09-24T22:14:46.788147068Z	41501	0																			
831	2026-09-24T22:14:46.838822686Z	41551	0																			
832	2026-09-24T22:14:46.888496343Z	41601	0																			
833	2026-09-24T22:14:46.938173623Z	41651	0																			
834	2026-09-24T22:14:46.988851041Z	41701	0																			
835	2026-09-24T22:14:47.038546206Z	41751	0																			
836	2026-09-24T22:14:47.088180854Z	41801	0																			
837	2026-09-24T22:14:47.138776914Z	41851	0																			
838	2026-09-24T22:14:47.188457969Z	41901	0																			
839	2026-09-24T22:14:47.238100775Z	41950	0																			
840	2026-09-24T22:14:47.288765974Z	42001	0																			
841	2026-09-24T22:14:47.338441472Z	42051	0																			
842	2026-09-24T22:14:47.388100209Z	42100	0																			
843	2026-09-24T22:14:47.438769157Z	42151	0																			
844	2026-09-24T22:14:47.488460875Z	42201	0																			
845	2026-09-24T22:14:47.538099239Z	42250	0																			
846	2026-09-24T22:14:47.588778462Z	42301	0																			
847	2026-09-24T22:14:47.638463345Z	42351	0																			
848	2026-09-24T22:14:47.688195858Z	42401	0																			
849	2026-09-24T22:14:47.737866653Z	42450	0																			
850	2026-09-24T22:14:47.788585184Z	42501	0																			
851	2026-09-24T22:14:47.838264104Z	42551	0																			
852	2026-09-24T22:14:47.887949411Z	42600	0																			
853	2026-09-24T22:14:47.938691307Z	42651	0																			
854	2026-09-24T22:14:47.988315937Z	42701	0																			
855	2026-09-24T22:14:48.038022196Z	42750	0																			
856	2026-09-24T22:14:48.088717135Z	42801	0																			
857	2026-09-24T22:14:48.138526094Z	42851	0																			
858	2026-09-24T22:14:48.188305652Z	42901	0																			
859	2026-09-24T22:14:48.237946736Z	42950	0																			
860	2026-09-24T22:14:48.288620131Z	43001	0																			
861	2026-09-24T22:14:48.338248967Z	43051	0																			
862	2026-09-24T22:14:48.387871993Z	43100	0																			
863	2026-09-24T22:14:48.438512874Z	43151	0																			
864	2026-09-24T22:14:48.488154731Z	43201	0																			
865	2026-09-24T22:14:48.53882602Z	43251	0																			
866	2026-09-24T22:14:48.588504971Z	43301	0																			
867	2026-09-24T22:14:48.638185424Z	43351	0																			
868	2026-09-24T22:14:48.687955938Z	43400	0																			
869	2026-09-24T22:14:48.738699882Z	43451	0																			
870	2026-09-24T22:14:48.788389875Z	43501	0																			
871	2026-09-24T22:14:48.838070866Z	43550	0																			
872	2026-09-24T22:14:48.88877073Z	43601	0																			
873	2026-09-24T22:14:48.938454487Z	43651	0																			
874	2026-09-24T22:14:48.98810432Z	43700	0																			
875	2026-09-24T22:14:49.038794378Z	43751	0																			
876	2026-09-24T22:14:49.088476141Z	43801	0																			
877	2026-09-24T22:14:49.138151641Z	43851	0																			
878	2026-09-24T22:14:49.187831404Z	43900	0																			
879	2026-09-24T22:14:49.23851739Z	43951	0																			
880	2026-09-24T22:14:49.288233512Z	44001	0																			
881	2026-09-24T22:14:49.337951764Z	44050	0																			
882	2026-09-24T22:14:49.388648057Z	44101	0																			
883	2026-09-24T22:14:49.438289864Z	44151	0																			
884	2026-09-24T22:14:49.487873965Z	44200	0																			
885	2026-09-24T22:14:49.538545278Z	44251	0																			
886	2026-09-24T22:14:49.588231511Z	44301	0																			
887	2026-09-24T22:14:49.637951813Z	44350	0																			
888	2026-09-24T22:14:49.688682317Z	44401	0																			
889	2026-09-24T22:14:49.738360957Z	44451	0																			
890	2026-09-24T22:14:49.788041161Z	44500	0																			
891	2026-09-24T22:14:49.838675333Z	44551	0																			
892	2026-09-24T22:14:49.888323171Z	44601	0																			
893	2026-09-24T22:14:49.938000286Z	44650	0																			
894	2026-09-24T22:14:49.988696556Z	44701	0																			
895	2026-09-24T22:14:50.038397078Z	44751	0																			
896	2026-09-24T22:14:50.088112226Z	44800	0																			
897	2026-09-24T22:14:50.13870967Z	44851	0																			
898	2026-09-24T22:14:50.188382281Z	44901	0																			
899	2026-09-24T22:14:50.238022741Z	44950	0																			
900	2026-09-24T22:14:50.288696483Z	45001	0																			
901	2026-09-24T22:14:50.338326157Z	45051	0																			
902	2026-09-24T22:14:50.388002669Z	45100	0																			
903	2026-09-24T22:14:50.438678363Z	45151	0																			
904	2026-09-24T22:14:50.488320221Z	45201	0																			
905	2026-09-24T22:14:50.537999335Z	45250	0																			
906	2026-09-24T22:14:50.588701798Z	45301	0																			
907	2026-09-24T22:14:50.638401944Z	45351	0																			
908	2026-09-24T22:14:50.688178133Z	45401	0																			
909	2026-09-24T22:14:50.738832536Z	45451	0																			
910	2026-09-24T22:14:50.788456455Z	45501	0																			
911	2026-09-24T22:14:50.838098737Z	45550	0																			
912	2026-09-24T22:14:50.888771514Z	45601	0																			
913	2026-09-24T22:14:50.938443228Z	45651	0																			
914	2026-09-24T22:14:50.988099319Z	45700	0																			
915	2026-09-24T22:14:51.038768783Z	45751	0																			
916	2026-09-24T22:14:51.088450514Z	45801	0																			
917	2026-09-24T22:14:51.138098955Z	45850	0																			
918	2026-09-24T22:14:51.187857994Z	45900	0																			
919	2026-09-24T22:14:51.238508752Z	45951	0																			
920	2026-09-24T22:14:51.288172663Z	46001	0																			
921	2026-09-24T22:14:51.338847863Z	46051	0																			
922	2026-09-24T22:14:51.388527479Z	46101	0																			
923	2026-09-24T22:14:51.438172889Z	46151	0																			
924	2026-09-24T22:14:51.488837623Z	46201	0																			
925	2026-09-24T22:14:51.538523327Z	46251	0																			
926	2026-09-24T22:14:51.588237962Z	46301	0																			
927	2026-09-24T22:14:51.637842663Z	46350	0																			
928	2026-09-24T22:14:51.688642671Z	46401	0																			
929	2026-09-24T22:14:51.738339626Z	46451	0																			
930	2026-09-24T22:14:51.788085204Z	46500	0																			
931	2026-09-24T22:14:51.838785372Z	46551	0																			
932	2026-09-24T22:14:51.888500179Z	46601	0																			
933	2026-09-24T22:14:51.938205673Z	46651	0																			
934	2026-09-24T22:14:51.987857424Z	46700	0																			
935	2026-09-24T22:14:52.038476986Z	46751	0																			
936	2026-09-24T22:14:52.088106943Z	46800	0																			
937	2026-09-24T22:14:52.138769655Z	46851	0																			
938	2026-09-24T22:14:52.188434593Z	46901	0																			
939	2026-09-24T22:14:52.238097785Z	46950	0																			
940	2026-09-24T22:14:52.288770204Z	47001	0																			
941	2026-09-24T22:14:52.338472951Z	47051	0																			
942	2026-09-24T22:14:52.388173316Z	47101	0																			
943	2026-09-24T22:14:52.437826357Z	47150	0																			
944	2026-09-24T22:14:52.488496536Z	47201	0																			
945	2026-09-24T22:14:52.538174057Z	47251	0																			
946	2026-09-24T22:14:52.588862527Z	47301	0																			
947	2026-09-24T22:14:52.638554396Z	47351	0																			
948	2026-09-24T22:14:52.688243021Z	47401	0																			
949	2026-09-24T22:14:52.737846387Z	47450	0																			
950	2026-09-24T22:14:52.788477556Z	47501	0																			
951	2026-09-24T22:14:52.838117723Z	47551	0																			
952	2026-09-24T22:14:52.888794654Z	47601	0																			
953	2026-09-24T22:14:52.938396797Z	47651	0																			
954	2026-09-24T22:14:52.988085243Z	47700	0																			
955	2026-09-24T22:14:53.038719071Z	47751	0																			
956	2026-09-24T22:14:53.088461318Z	47801	0																			
957	2026-09-24T22:14:53.138158785Z	47851	0																			
958	2026-09-24T22:14:53.188860248Z	47901	0																			
959	2026-09-24T22:14:53.238622648Z	47951	0																			
960	2026-09-24T22:14:53.28835978Z	48001	0																			
961	2026-09-24T22:14:53.338062561Z	48050	0																			
962	2026-09-24T22:14:53.388787201Z	48101	0																			
963	2026-09-24T22:14:53.438509728Z	48151	0																			
964	2026-09-24T22:14:53.488188601Z	48201	0																			
965	2026-09-24T22:14:53.537828098Z	48250	0																			
966	2026-09-24T22:14:53.58854567Z	48301	0																			
967	2026-09-24T22:14:53.638258569Z	48351	0																			
968	2026-09-24T22:14:53.68811424Z	48400	0																			
969	2026-09-24T22:14:53.738861143Z	48451	0																			
970	2026-09-24T22:14:53.788653165Z	48501	0																			
971	2026-09-24T22:14:53.838418314Z	48551	0																			
972	2026-09-24T22:14:53.88813377Z	48601	0																			
973	2026-09-24T22:14:53.93787274Z	48650	0																			
974	2026-09-24T22:14:53.988547959Z	48701	0																			
975	2026-09-24T22:14:54.038243691Z	48751	0																			
976	2026-09-24T22:14:54.087943282Z	48800	0																			
977	2026-09-24T22:14:54.138628234Z	48851	0																			
978	2026-09-24T22:14:54.188306539Z	48901	0																			
979	2026-09-24T22:14:54.237994427Z	48950	0																			
980	2026-09-24T22:14:54.28869842Z	49001	0																			
981	2026-09-24T22:14:54.338459247Z	49051	0																			
982	2026-09-24T22:14:54.388181771Z	49101	0																			
983	2026-09-24T22:14:54.437860136Z	49150	0																			
984	2026-09-24T22:14:54.48856206Z	49201	0																			
985	2026-09-24T22:14:54.538299601Z	49251	0																			
986	2026-09-24T22:14:54.5880497Z	49300	0																			
987	2026-09-24T22:14:54.638720498Z	49351	0																			
988	2026-09-24T22:14:54.688407482Z	49401	0																			
989	2026-09-24T22:14:54.738182331Z	49451	0																			
990	2026-09-24T22:14:54.787878829Z	49500	0																			
991	2026-09-24T22:14:54.838662739Z	49551	0																			
992	2026-09-24T22:14:54.888425385Z	49601	0																			
993	2026-09-24T22:14:54.938111545Z	49650	0																			
994	2026-09-24T22:14:54.988799511Z	49701	0																			
995	2026-09-24T22:14:55.038499285Z	49751	0																			
996	2026-09-24T22:14:55.088263682Z	49801	0																			
997	2026-09-24T22:14:55.138026006Z	49850	0																			
998	2026-09-24T22:14:55.188726609Z	49901	0																			
999	2026-09-24T22:14:55.23837495Z	49951	0																			
1000	2026-09-24T22:14:55.288107934Z	50000	0																			
1001	2026-09-24T22:14:55.338696577Z	50051	0																			
1002	2026-09-24T22:14:55.388331109Z	50101	0																			
1003	2026-09-24T22:14:55.438039696Z	50150	0																			
1004	2026-09-24T22:14:55.488716529Z	50201	0																			
1005	2026-09-24T22:14:55.538410602Z	50251	0																			
1006	2026-09-24T22:14:55.588085116Z	50300	0																			
1007	2026-09-24T22:14:55.638809405Z	50351	0																			
1008	2026-09-24T22:14:55.688519251Z	50401	0																			
1009	2026-09-24T22:14:55.738244644Z	50451	0																			
1010	2026-09-24T22:14:55.787978193Z	50500	0																			
1011	2026-09-24T22:14:55.838671157Z	50551	0																			
1012	2026-09-24T22:14:55.888403616Z	50601	0																			
1013	2026-09-24T22:14:55.938093049Z	50650	0																			
1014	2026-09-24T22:14:55.988777638Z	50701	0																			
1015	2026-09-24T22:14:56.038543084Z	50751	0																			
1016	2026-09-24T22:14:56.088190963Z	50801	0																			
1017	2026-09-24T22:14:56.137954387Z	50850	0																			
1018	2026-09-24T22:14:56.188716569Z	50901	0																			
1019	2026-09-24T22:14:56.238402064Z	50951	0																			
1020	2026-09-24T22:14:56.288074628Z	51000	0																			
1021	2026-09-24T22:14:56.338782359Z	51051	0																			
1022	2026-09-24T22:14:56.388481006Z	51101	0																			
1023	2026-09-24T22:14:56.438185043Z	51151	0																			
1024	2026-09-24T22:14:56.487817827Z	51200	0																			
1025	2026-09-24T22:14:56.538594348Z	51251	0																			
1026	2026-09-24T22:14:56.588280861Z	51301	0																			
1027	2026-09-24T22:14:56.637968729Z	51350	0																			
1028	2026-09-24T22:14:56.688630304Z	51401	0																			
1029	2026-09-24T22:14:56.738301889Z	51451	0																			
1030	2026-09-24T22:14:56.788035577Z	51500	0																			
1031	2026-09-24T22:14:56.838713449Z	51551	0																			
1032	2026-09-24T22:14:56.888475372Z	51601	0																			
1033	2026-09-24T22:14:56.93809684Z	51650	0																			
1034	2026-09-24T22:14:56.988823257Z	51701	0																			
1035	2026-09-24T22:14:57.038507179Z	51751	0																			
1036	2026-09-24T22:14:57.088206212Z	51801	0																			
1037	2026-09-24T22:14:57.137939412Z	51850	0																			
1038	2026-09-24T22:14:57.188559799Z	51901	0																			
1039	2026-09-24T22:14:57.23818497Z	51951	0																			
1040	2026-09-24T22:14:57.287864651Z	52000	0																			
1041	2026-09-24T22:14:57.338562233Z	52051	0																			
1042	2026-09-24T22:14:57.388259213Z	52101	0																			
1043	2026-09-24T22:14:57.437953153Z	52150	0																			
1044	2026-09-24T22:14:57.488627446Z	52201	0																			
1045	2026-09-24T22:14:57.538305034Z	52251	0																			
1046	2026-09-24T22:14:57.588015643Z	52300	0																			
1047	2026-09-24T22:14:57.638777279Z	52351	0																			
1048	2026-09-24T22:14:57.688557345Z	52401	0																			
1049	2026-09-24T22:14:57.738296509Z	52451	0																			
1050	2026-09-24T22:14:57.78800726Z	52500	0																			
1051	2026-09-24T22:14:57.838713185Z	52551	0																			
1052	2026-09-24T22:14:57.888417839Z	52601	0																			
1053	2026-09-24T22:14:57.938258688Z	52651	0																			
1054	2026-09-24T22:14:57.987940895Z	52700	0																			
1055	2026-09-24T22:14:58.038716324Z	52751	0																			
1056	2026-09-24T22:14:58.088407111Z	52801	0																			
1057	2026-09-24T22:14:58.138103895Z	52850	0																			
1058	2026-09-24T22:14:58.188771339Z	52901	0																			
1059	2026-09-24T22:14:58.238555035Z	52951	0																			
1060	2026-09-24T22:14:58.288309816Z	53001	0																			
1061	2026-09-24T22:14:58.338073887Z	53050	0																			
1062	2026-09-24T22:14:58.388792878Z	53101	0																			
1063	2026-09-24T22:14:58.438585Z	53151	0																			
1064	2026-09-24T22:14:58.488298835Z	53201	0																			
1065	2026-09-24T22:14:58.537952265Z	53250	0																			
1066	2026-09-24T22:14:58.588716979Z	53301	0																			
1067	2026-09-24T22:14:58.638485423Z	53351	0																			
1068	2026-09-24T22:14:58.688182658Z	53401	0																			
1069	2026-09-24T22:14:58.737842685Z	53450	0																			
1070	2026-09-24T22:14:58.788585713Z	53501	0																			
1071	2026-09-24T22:14:58.83832485Z	53551	0																			
1072	2026-09-24T22:14:58.888057798Z	53600	0																			
1073	2026-09-24T22:14:58.938730893Z	53651	0																			
1074	2026-09-24T22:14:58.988409816Z	53701	0																			
1075	2026-09-24T22:14:59.038135715Z	53751	0																			
1076	2026-09-24T22:14:59.088862231Z	53801	0																			
1077	2026-09-24T22:14:59.138603802Z	53851	0																			
1078	2026-09-24T22:14:59.188276305Z	53901	0																			
1079	2026-09-24T22:14:59.237971064Z	53950	0																			
1080	2026-09-24T22:14:59.288718563Z	54001	0																			
1081	2026-09-24T22:14:59.338411453Z	54051	0																			
1082	2026-09-24T22:14:59.388174344Z	54101	0																			
1083	2026-09-24T22:14:59.437827687Z	54150	0																			
1084	2026-09-24T22:14:59.488610184Z	54201	0																			
1085	2026-09-24T22:14:59.538378057Z	54251	0																			
1086	2026-09-24T22:14:59.588110965Z	54300	0																			
1087	2026-09-24T22:14:59.63882305Z	54351	0																			
1088	2026-09-24T22:14:59.688560131Z	54401	0																			
1089	2026-09-24T22:14:59.737882842Z	54450	0																			
1090	2026-09-24T22:14:59.788603815Z	54501	0																			
1091	2026-09-24T22:14:59.838308542Z	54551	0																			
1092	2026-09-24T22:14:59.888005156Z	54600	0																			
1093	2026-09-24T22:14:59.938748074Z	54651	0																			
1094	2026-09-24T22:14:59.988405459Z	54701	0																			
1095	2026-09-24T22:15:00.03802615Z	54750	0																			
1096	2026-09-24T22:15:00.088710312Z	54801	0																			
1097	2026-09-24T22:15:00.138381098Z	54851	0																			
1098	2026-09-24T22:15:00.188106511Z	54900	0																			
1099	2026-09-24T22:15:00.238783314Z	54951	0																			
1100	2026-09-24T22:15:00.288427307Z	55001	0																			
1101	2026-09-24T22:15:00.33805382Z	55050	0																			
1102	2026-09-24T22:15:00.38870098Z	55101	0																			
1103	2026-09-24T22:15:00.438327256Z	55151	0																			
1104	2026-09-24T22:15:00.487996883Z	55200	0																			
1105	2026-09-24T22:15:00.538690251Z	55251	0																			
1106	2026-09-24T22:15:00.588227323Z	55301	0																			
1107	2026-09-24T22:15:00.638834209Z	55351	0																			
1108	2026-09-24T22:15:00.688476069Z	55401	0																			
1109	2026-09-24T22:15:00.73816116Z	55451	0																			
1110	2026-09-24T22:15:00.78878643Z	55501	0																			
1111	2026-09-24T22:15:00.838363909Z	55551	0																			
1112	2026-09-24T22:15:00.88783003Z	55600	0																			
1113	2026-09-24T22:15:00.938370177Z	55651	0																			
1114	2026-09-24T22:15:00.987843426Z	55700	0																			
1115	2026-09-24T22:15:01.038443832Z	55751	0																			
1116	2026-09-24T22:15:01.088035054Z	55800	0																			
1117	2026-09-24T22:15:01.138617897Z	55851	0																			
1118	2026-09-24T22:15:01.188204057Z	55901	0																			
1119	2026-09-24T22:15:01.238815893Z	55951	0																			
1120	2026-09-24T22:15:01.288408956Z	56001	0																			
1121	2026-09-24T22:15:01.337979548Z	56050	0																			
1122	2026-09-24T22:15:01.388634929Z	56101	0																			
1123	2026-09-24T22:15:01.438231762Z	56151	0																			
1124	2026-09-24T22:15:01.488836647Z	56201	0																			
1125	2026-09-24T22:15:01.538467428Z	56251	0																			
1126	2026-09-24T22:15:01.588027063Z	56300	0																			
1127	2026-09-24T22:15:01.638629685Z	56351	0																			
1128	2026-09-24T22:15:01.688252064Z	56401	0																			
1129	2026-09-24T22:15:01.737840733Z	56450	0																			
1130	2026-09-24T22:15:01.788485669Z	56501	0																			
1131	2026-09-24T22:15:01.838256051Z	56551	0																			
1132	2026-09-24T22:15:01.887871465Z	56600	0																			
1133	2026-09-24T22:15:01.938556154Z	56651	0																			
1134	2026-09-24T22:15:01.988253073Z	56701	0																			
1135	2026-09-24T22:15:02.037952425Z	56750	0																			
1136	2026-09-24T22:15:02.088668341Z	56801	0																			
1137	2026-09-24T22:15:02.138365249Z	56851	0																			
1138	2026-09-24T22:15:02.188054072Z	56900	0																			
1139	2026-09-24T22:15:02.238767569Z	56951	0																			
1140	2026-09-24T22:15:02.288501883Z	57001	0																			
1141	2026-09-24T22:15:02.338203862Z	57051	0																			
1142	2026-09-24T22:15:02.38887301Z	57101	0																			
1143	2026-09-24T22:15:02.438634363Z	57151	0																			
1144	2026-09-24T22:15:02.488285327Z	57201	0																			
1145	2026-09-24T22:15:02.538019042Z	57250	0																			
1146	2026-09-24T22:15:02.588702196Z	57301	0																			
1147	2026-09-24T22:15:02.638435699Z	57351	0																			
1148	2026-09-24T22:15:02.688182716Z	57401	0																			
1149	2026-09-24T22:15:02.73783998Z	57450	0																			
1150	2026-09-24T22:15:02.788590379Z	57501	0																			
1151	2026-09-24T22:15:02.838351334Z	57551	0																			
1152	2026-09-24T22:15:02.888043583Z	57600	0																			
1153	2026-09-24T22:15:02.938708797Z	57651	0																			
1154	2026-09-24T22:15:02.988338372Z	57701	0																			
1155	2026-09-24T22:15:03.038023462Z	57750	0																			
1156	2026-09-24T22:15:03.088842702Z	57801	0																			
1157	2026-09-24T22:15:03.138622213Z	57851	0																			
1158	2026-09-24T22:15:03.188265544Z	57901	0																			
1159	2026-09-24T22:15:03.237969429Z	57950	0																			
1160	2026-09-24T22:15:03.288728298Z	58001	0																			
1161	2026-09-24T22:15:03.338408008Z	58051	0																			
1162	2026-09-24T22:15:03.388218401Z	58101	0																			
1163	2026-09-24T22:15:03.438029691Z	58150	0																			
1164	2026-09-24T22:15:03.488817536Z	58201	0																			
1165	2026-09-24T22:15:03.538607396Z	58251	0																			
1166	2026-09-24T22:15:03.588364302Z	58301	0																			
1167	2026-09-24T22:15:03.638186013Z	58351	0																			
1168	2026-09-24T22:15:03.687880194Z	58400	0																			
1169	2026-09-24T22:15:03.738614967Z	58451	0																			
1170	2026-09-24T22:15:03.788338137Z	58501	0																			
1171	2026-09-24T22:15:03.838107386Z	58550	0																			
1172	2026-09-24T22:15:03.88872099Z	58601	0																			
1173	2026-09-24T22:15:03.938309071Z	58651	0																			
1174	2026-09-24T22:15:03.988021121Z	58700	0																			
1175	2026-09-24T22:15:04.038601457Z	58751	0																			
1176	2026-09-24T22:15:04.088102033Z	58800	0																			
1177	2026-09-24T22:15:04.138647716Z	58851	0																			
1178	2026-09-24T22:15:04.188222398Z	58901	0																			
1179	2026-09-24T22:15:04.238767797Z	58951	0																			
1180	2026-09-24T22:15:04.288340257Z	59001	0																			
1181	2026-09-24T22:15:04.338037748Z	59050	0																			
1182	2026-09-24T22:15:04.388831152Z	59101	0																			
1183	2026-09-24T22:15:04.438740347Z	59151	0																			
1184	2026-09-24T22:15:04.488509027Z	59201	0																			
1185	2026-09-24T22:15:04.538306446Z	59251	0																			
1186	2026-09-24T22:15:04.58804041Z	59300	0																			
1187	2026-09-24T22:15:04.638778172Z	59351	0																			
1188	2026-09-24T22:15:04.68782927Z	59400	0																			
1189	2026-09-24T22:15:04.738677755Z	59451	0																			
1190	2026-09-24T22:15:04.788404197Z	59501	0																			
1191	2026-09-24T22:15:04.838193943Z	59551	0																			
1192	2026-09-24T22:15:04.887954778Z	59600	0																			
1193	2026-09-24T22:15:04.93869598Z	59651	0																			
1194	2026-09-24T22:15:04.988510149Z	59701	0																			
1195	2026-09-24T22:15:05.038442741Z	59751	0																			
1196	2026-09-24T22:15:05.08837805Z	59801	0																			
1197	2026-09-24T22:15:05.138194128Z	59851	0																			
1198	2026-09-24T22:15:05.187962759Z	59900	0																			
1199	2026-09-24T22:15:05.238702127Z	59951	0																			
1200	2026-09-24T22:15:05.288507065Z	60001	0																			
1201	2026-09-24T22:15:05.338604613Z	60051	0																			
1202	2026-09-24T22:15:05.388511223Z	60101	0																			
1203	2026-09-24T22:15:05.438427728Z	60151	0																			
1204	2026-09-24T22:15:05.488249112Z	60201	0																			
1205	2026-09-24T22:15:05.538199359Z	60251	0																			
1206	2026-09-24T22:15:05.588121542Z	60301	0																			
1207	2026-09-24T22:15:05.638002571Z	60350	0																			
1208	2026-09-24T22:15:05.688755981Z	60401	0																			
1209	2026-09-24T22:15:05.738621341Z	60451	0																			
1210	2026-09-24T22:15:05.788292479Z	60501	0																			
1211	2026-09-24T22:15:05.837970793Z	60550	0																			
1212	2026-09-24T22:15:05.888612452Z	60601	0																			
1213	2026-09-24T22:15:05.938208484Z	60651	0																			
1214	2026-09-24T22:15:05.988017677Z	60700	0																			
1215	2026-09-24T22:15:06.03865632Z	60751	0																			
1216	2026-09-24T22:15:06.088426747Z	60801	0																			
1217	2026-09-24T22:15:06.138302736Z	60851	0																			
1218	2026-09-24T22:15:06.187889397Z	60900	0																			
1219	2026-09-24T22:15:06.238657444Z	60951	0																			
1220	2026-09-24T22:15:06.288361316Z	61001	0																			
1221	2026-09-24T22:15:06.33820469Z	61051	0																			
1222	2026-09-24T22:15:06.38796719Z	61100	0																			
1223	2026-09-24T22:15:06.438741699Z	61151	0																			
1224	2026-09-24T22:15:06.488476159Z	61201	0																			
1225	2026-09-24T22:15:06.538263477Z	61251	0																			
1226	2026-09-24T22:15:06.588143085Z	61301	0																			
1227	2026-09-24T22:15:06.63810705Z	61350	0																			
1228	2026-09-24T22:15:06.688022052Z	61400	0																			
1229	2026-09-24T22:15:06.738840085Z	61451	0																			
1230	2026-09-24T22:15:06.788540398Z	61501	0																			
1231	2026-09-24T22:15:06.838259831Z	61551	0																			
1232	2026-09-24T22:15:06.887807966Z	61600	0																			
1233	2026-09-24T22:15:06.93847561Z	61651	0																			
1234	2026-09-24T22:15:06.988108704Z	61700	0																			
1235	2026-09-24T22:15:07.038854361Z	61751	0																			
1236	2026-09-24T22:15:07.088516781Z	61801	0																			
1237	2026-09-24T22:15:07.138160164Z	61851	0																			
1238	2026-09-24T22:15:07.188780797Z	61901	0																			
1239	2026-09-24T22:15:07.238517686Z	61951	0																			
1240	2026-09-24T22:15:07.28822509Z	62001	0																			
1241	2026-09-24T22:15:07.33803097Z	62050	0																			
1242	2026-09-24T22:15:07.388732692Z	62101	0																			
1243	2026-09-24T22:15:07.438424867Z	62151	0																			
1244	2026-09-24T22:15:07.488027605Z	62200	0																			
1245	2026-09-24T22:15:07.538599357Z	62251	0																			
1246	2026-09-24T22:15:07.588348222Z	62301	0																			
1247	2026-09-24T22:15:07.638055525Z	62350	0																			
1248	2026-09-24T22:15:07.688855696Z	62401	0																			
1249	2026-09-24T22:15:07.738477868Z	62451	0																			
1250	2026-09-24T22:15:07.788136395Z	62501	0																			
1251	2026-09-24T22:15:07.838798744Z	62551	0																			
1252	2026-09-24T22:15:07.888541081Z	62601	0																			
1253	2026-09-24T22:15:07.938148624Z	62651	0																			
1254	2026-09-24T22:15:07.988772404Z	62701	0																			
1255	2026-09-24T22:15:08.038454688Z	62751	0																			
1256	2026-09-24T22:15:08.087960555Z	62800	0																			
1257	2026-09-24T22:15:08.138788416Z	62851	0																			
1258	2026-09-24T22:15:08.188471697Z	62901	0																			
1259	2026-09-24T22:15:08.23816979Z	62951	0																			
1260	2026-09-24T22:15:08.288833041Z	63001	0																			
1261	2026-09-24T22:15:08.338505043Z	63051	0																			
1262	2026-09-24T22:15:08.388278595Z	63101	0																			
1263	2026-09-24T22:15:08.438119264Z	63151	0																			
1264	2026-09-24T22:15:08.48885321Z	63201	0																			
1265	2026-09-24T22:15:08.53859309Z	63251	0																			
1266	2026-09-24T22:15:08.588350875Z	63301	0																			
1267	2026-09-24T22:15:08.637958654Z	63350	0																			
1268	2026-09-24T22:15:08.688636909Z	63401	0																			
1269	2026-09-24T22:15:08.738266142Z	63451	0																			
1270	2026-09-24T22:15:08.788041806Z	63500	0																			
1271	2026-09-24T22:15:08.838120671Z	63551	0																			
1272	2026-09-24T22:15:08.888823031Z	63601	0																			
1273	2026-09-24T22:15:08.938583273Z	63651	0																			
1274	2026-09-24T22:15:08.988187442Z	63701	0																			
1275	2026-09-24T22:15:09.038782329Z	63751	0																			
1276	2026-09-24T22:15:09.088444542Z	63801	0																			
1277	2026-09-24T22:15:09.138014246Z	63850	0																			
1278	2026-09-24T22:15:09.188663956Z	63901	0																			
1279	2026-09-24T22:15:09.238266133Z	63951	0																			
1280	2026-09-24T22:15:09.288778011Z	64001	0																			
1281	2026-09-24T22:15:09.338478624Z	64051	0																			
1282	2026-09-24T22:15:09.388167739Z	64101	0																			
1283	2026-09-24T22:15:09.437839143Z	64150	0																			
1284	2026-09-24T22:15:09.488439934Z	64201	0																			
1285	2026-09-24T22:15:09.53818934Z	64251	0																			
1286	2026-09-24T22:15:09.588828475Z	64301	0																			
1287	2026-09-24T22:15:09.638541751Z	64351	0																			
1288	2026-09-24T22:15:09.688115609Z	64401	0																			
1289	2026-09-24T22:15:09.738743504Z	64451	0																			
1290	2026-09-24T22:15:09.788327878Z	64501	0																			
1291	2026-09-24T22:15:09.837858846Z	64550	0																			
1292	2026-09-24T22:15:09.88843818Z	64601	0																			
1293	2026-09-24T22:15:09.938116099Z	64651	0																			
1294	2026-09-24T22:15:09.988666062Z	64701	0																			
1295	2026-09-24T22:15:10.038288743Z	64751	0																			
1296	2026-09-24T22:15:10.087848967Z	64800	0																			
1297	2026-09-24T22:15:10.138461324Z	64851	0																			
1298	2026-09-24T22:15:10.188029854Z	64900	0																			
1299	2026-09-24T22:15:10.238487687Z	64951	0																			
1300	2026-09-24T22:15:10.28801662Z	65000	0																			
1301	2026-09-24T22:15:10.338795002Z	65051	0																			
1302	2026-09-24T22:15:10.388416217Z	65101	0																			
1303	2026-09-24T22:15:10.438186145Z	65151	0																			
1304	2026-09-24T22:15:10.488808366Z	65201	0																			
1305	2026-09-24T22:15:10.53863462Z	65251	0																			
1306	2026-09-24T22:15:10.588282525Z	65301	0																			
1307	2026-09-24T22:15:10.63786712Z	65350	0																			
1308	2026-09-24T22:15:10.688708227Z	65401	0																			
1309	2026-09-24T22:15:10.738588939Z	65451	0																			
1310	2026-09-24T22:15:10.78835906Z	65501	0																			
1311	2026-09-24T22:15:10.838032551Z	65550	0																			
1312	2026-09-24T22:15:10.888609089Z	65601	0																			
1313	2026-09-24T22:15:10.938108684Z	65650	0																			
1314	2026-09-24T22:15:10.988775823Z	65701	0																			
1315	2026-09-24T22:15:11.038346599Z	65751	0																			
1316	2026-09-24T22:15:11.088025481Z	65800	0																			
1317	2026-09-24T22:15:11.138725876Z	65851	0																			
1318	2026-09-24T22:15:11.188424953Z	65901	0																			
1319	2026-09-24T22:15:11.238031938Z	65950	0																			
1320	2026-09-24T22:15:11.288648918Z	66001	0																			
1321	2026-09-24T22:15:11.338296348Z	66051	0																			
1322	2026-09-24T22:15:11.387869159Z	66100	0																			
1323	2026-09-24T22:15:11.438572463Z	66151	0																			
1324	2026-09-24T22:15:11.488207048Z	66201	0																			
1325	2026-09-24T22:15:11.537856365Z	66250	0																			
1326	2026-09-24T22:15:11.588525354Z	66301	0																			
1327	2026-09-24T22:15:11.638225545Z	66351	0																			
1328	2026-09-24T22:15:11.688084693Z	66400	0																			
1329	2026-09-24T22:15:11.73886072Z	66451	0																			
1330	2026-09-24T22:15:11.788733947Z	66501	0																			
1331	2026-09-24T22:15:11.838597501Z	66551	0																			
1332	2026-09-24T22:15:11.888422754Z	66601	0																			
1333	2026-09-24T22:15:11.938092455Z	66650	0																			
1334	2026-09-24T22:15:11.988738756Z	66701	0																			
1335	2026-09-24T22:15:12.038520529Z	66751	0																			
1336	2026-09-24T22:15:12.088435114Z	66801	0																			
1337	2026-09-24T22:15:12.138068323Z	66850	0																			
1338	2026-09-24T22:15:12.187822994Z	66900	0																			
1339	2026-09-24T22:15:12.238611581Z	66951	0																			
1340	2026-09-24T22:15:12.288310522Z	67001	0																			
1341	2026-09-24T22:15:12.33806196Z	67050	0																			
1342	2026-09-24T22:15:12.387823202Z	67100	0																			
1343	2026-09-24T22:15:12.43852748Z	67151	0																			
1344	2026-09-24T22:15:12.488368032Z	67201	0																			
1345	2026-09-24T22:15:12.538139159Z	67251	0																			
1346	2026-09-24T22:15:12.588231381Z	67301	0																			
1347	2026-09-24T22:15:12.637883735Z	67350	0																			
1348	2026-09-24T22:15:12.688082582Z	67400	0																			
1349	2026-09-24T22:15:12.737963929Z	67450	0																			
1350	2026-09-24T22:15:12.787962427Z	67500	0																			
1351	2026-09-24T22:15:12.837891953Z	67550	0																			
1352	2026-09-24T22:15:12.888850446Z	67601	0																			
1353	2026-09-24T22:15:12.938689303Z	67651	0																			
1354	2026-09-24T22:15:12.988505509Z	67701	0																			
1355	2026-09-24T22:15:13.038061316Z	67750	0																			
1356	2026-09-24T22:15:13.087829862Z	67800	0																			
1357	2026-09-24T22:15:13.138394864Z	67851	0																			
1358	2026-09-24T22:15:13.188129029Z	67901	0																			
1359	2026-09-24T22:15:13.238829327Z	67951	0																			
1360	2026-09-24T22:15:13.288605781Z	68001	0																			
1361	2026-09-24T22:15:13.338492374Z	68051	0																			
1362	2026-09-24T22:15:13.388257339Z	68101	0																			
1363	2026-09-24T22:15:13.437957739Z	68150	0																			
1364	2026-09-24T22:15:13.488737387Z	68201	0																			
1365	2026-09-24T22:15:13.538869496Z	68251	0																			
1366	2026-09-24T22:15:13.58854087Z	68301	0																			
1367	2026-09-24T22:15:13.638129139Z	68351	0																			
1368	2026-09-24T22:15:13.688757762Z	68401	0																			
1369	2026-09-24T22:15:13.738642317Z	68451	0																			
1370	2026-09-24T22:15:13.788421297Z	68501	0																			
1371	2026-09-24T22:15:13.838161127Z	68551	0																			
1372	2026-09-24T22:15:13.88824222Z	68601	0																			
1373	2026-09-24T22:15:13.938058868Z	68650	0																			
1374	2026-09-24T22:15:13.988669127Z	68701	0																			
1375	2026-09-24T22:15:14.038243796Z	68751	0																			
1376	2026-09-24T22:15:14.087813287Z	68800	0																			
1377	2026-09-24T22:15:14.138578603Z	68851	0																			
1378	2026-09-24T22:15:14.188270873Z	68901	0																			
1379	2026-09-24T22:15:14.237812994Z	68950	0																			
1380	2026-09-24T22:15:14.288458265Z	69001	0																			
1381	2026-09-24T22:15:14.338195759Z	69051	0																			
1382	2026-09-24T22:15:14.387873654Z	69100	0																			
1383	2026-09-24T22:15:14.438609845Z	69151	0																			
1384	2026-09-24T22:15:14.488205351Z	69201	0																			
1385	2026-09-24T22:15:14.537969465Z	69250	0																			
1386	2026-09-24T22:15:14.588818564Z	69301	0																			
1387	2026-09-24T22:15:14.638836399Z	69351	0																			
1388	2026-09-24T22:15:14.687864181Z	69400	0																			
1389	2026-09-24T22:15:14.738524262Z	69451	0																			
1390	2026-09-24T22:15:14.788208572Z	69501	0																			
1391	2026-09-24T22:15:14.838125056Z	69551	0																			
1392	2026-09-24T22:15:14.887977479Z	69600	0																			
1393	2026-09-24T22:15:14.938056146Z	69650	0																			
1394	2026-09-24T22:15:14.98882662Z	69701	0																			
1395	2026-09-24T22:15:15.038584297Z	69751	0																			
1396	2026-09-24T22:15:15.088416527Z	69801	0																			
1397	2026-09-24T22:15:15.138145586Z	69851	0																			
1398	2026-09-24T22:15:15.188836789Z	69901	0																			
1399	2026-09-24T22:15:15.238434178Z	69951	0																			
1400	2026-09-24T22:15:15.288194152Z	70001	0																			
1401	2026-09-24T22:15:15.338676739Z	70051	0																			
1402	2026-09-24T22:15:15.388392067Z	70101	0																			
1403	2026-09-24T22:15:15.438271557Z	70151	0																			
1404	2026-09-24T22:15:15.488228227Z	70201	0																			
1405	2026-09-24T22:15:15.538213151Z	70251	0																			
1406	2026-09-24T22:15:15.588160538Z	70301	0																			
1407	2026-09-24T22:15:15.6381345Z	70351	0																			
1408	2026-09-24T22:15:15.687992542Z	70400	0																			
1409	2026-09-24T22:15:15.738707881Z	70451	0																			
1410	2026-09-24T22:15:15.78862953Z	70501	0																			
1411	2026-09-24T22:15:15.838458859Z	70551	0																			
1412	2026-09-24T22:15:15.888140688Z	70601	0																			
1413	2026-09-24T22:15:15.937867747Z	70650	0																			
1414	2026-09-24T22:15:15.988655064Z	70701	0																			
1415	2026-09-24T22:15:16.038513988Z	70751	0																			
1416	2026-09-24T22:15:16.088305116Z	70801	0																			
1417	2026-09-24T22:15:16.138075698Z	70850	0																			
1418	2026-09-24T22:15:16.188864736Z	70901	0																			
1419	2026-09-24T22:15:16.238681536Z	70951	0																			
1420	2026-09-24T22:15:16.288567816Z	71001	0																			
1421	2026-09-24T22:15:16.338206157Z	71051	0																			
1422	2026-09-24T22:15:16.38805551Z	71100	0																			
1423	2026-09-24T22:15:16.438739751Z	71151	0																			
1424	2026-09-24T22:15:16.488309758Z	71201	0																			
1425	2026-09-24T22:15:16.537913114Z	71250	0																			
1426	2026-09-24T22:15:16.588577199Z	71301	0																			
1427	2026-09-24T22:15:16.638253424Z	71351	0																			
1428	2026-09-24T22:15:16.688036138Z	71400	0																			
1429	2026-09-24T22:15:16.738813786Z	71451	0																			
1430	2026-09-24T22:15:16.788517222Z	71501	0																			
1431	2026-09-24T22:15:16.838267323Z	71551	0																			
1432	2026-09-24T22:15:16.888082183Z	71600	0																			
1433	2026-09-24T22:15:16.938845775Z	71651	0																			
1434	2026-09-24T22:15:16.988586265Z	71701	0																			
1435	2026-09-24T22:15:17.03825934Z	71751	0																			
1436	2026-09-24T22:15:17.088833914Z	71801	0																			
1437	2026-09-24T22:15:17.13849688Z	71851	0																			
1438	2026-09-24T22:15:17.18808238Z	71900	0																			
1439	2026-09-24T22:15:17.238735942Z	71951	0																			
1440	2026-09-24T22:15:17.288355118Z	72001	0																			
1441	2026-09-24T22:15:17.33818378Z	72051	0																			
1442	2026-09-24T22:15:17.388726971Z	72101	0																			
1443	2026-09-24T22:15:17.438473499Z	72151	0																			
1444	2026-09-24T22:15:17.48819353Z	72201	0																			
1445	2026-09-24T22:15:17.538033202Z	72250	0																			
1446	2026-09-24T22:15:17.58801181Z	72300	0																			
1447	2026-09-24T22:15:17.63882389Z	72351	0																			
1448	2026-09-24T22:15:17.688501985Z	72401	0																			
1449	2026-09-24T22:15:17.738284297Z	72451	0																			
1450	2026-09-24T22:15:17.787967087Z	72500	0																			
1451	2026-09-24T22:15:17.837890862Z	72550	0																			
1452	2026-09-24T22:15:17.888695808Z	72601	0																			
1453	2026-09-24T22:15:17.938533747Z	72651	0																			
1454	2026-09-24T22:15:17.988268379Z	72701	0																			
1455	2026-09-24T22:15:18.038037921Z	72750	0																			
1456	2026-09-24T22:15:18.087837236Z	72800	0																			
1457	2026-09-24T22:15:18.138467281Z	72851	0																			
1458	2026-09-24T22:15:18.188192839Z	72901	0																			
1459	2026-09-24T22:15:18.237853203Z	72950	0																			
1460	2026-09-24T22:15:18.288615481Z	73001	0																			
1461	2026-09-24T22:15:18.338536123Z	73051	0																			
1462	2026-09-24T22:15:18.388262804Z	73101	0																			
1463	2026-09-24T22:15:18.438088166Z	73150	0																			
1464	2026-09-24T22:15:18.488800705Z	73201	0																			
1465	2026-09-24T22:15:18.538440085Z	73251	0																			
1466	2026-09-24T22:15:18.588335767Z	73301	0																			
1467	2026-09-24T22:15:18.637825854Z	73350	0																			
1468	2026-09-24T22:15:18.68868072Z	73401	0																			
1469	2026-09-24T22:15:18.738264145Z	73451	0																			
1470	2026-09-24T22:15:18.787982169Z	73500	0																			
1471	2026-09-24T22:15:18.83871641Z	73551	0																			
1472	2026-09-24T22:15:18.888427776Z	73601	0																			
1473	2026-09-24T22:15:18.938091259Z	73650	0																			
1474	2026-09-24T22:15:18.988821673Z	73701	0																			
1475	2026-09-24T22:15:19.038132947Z	73751	0																			
1476	2026-09-24T22:15:19.087846312Z	73800	0																			
1477	2026-09-24T22:15:19.138784472Z	73851	0																			
1478	2026-09-24T22:15:19.188511187Z	73901	0																			
1479	2026-09-24T22:15:19.238266798Z	73951	0																			
1480	2026-09-24T22:15:19.288019539Z	74000	0																			
1481	2026-09-24T22:15:19.338851205Z	74051	0																			
1482	2026-09-24T22:15:19.388580432Z	74101	0																			
1483	2026-09-24T22:15:19.43860103Z	74151	0																			
1484	2026-09-24T22:15:19.488632167Z	74201	0																			
1485	2026-09-24T22:15:19.538654853Z	74251	0																			
1486	2026-09-24T22:15:19.588686288Z	74301	0																			
1487	2026-09-24T22:15:19.638770205Z	74351	0																			
1488	2026-09-24T22:15:19.688676847Z	74401	0																			
1489	2026-09-24T22:15:19.738517111Z	74451	0																			
1490	2026-09-24T22:15:19.788371782Z	74501	0																			
1491	2026-09-24T22:15:19.838465405Z	74551	0																			
1492	2026-09-24T22:15:19.888152027Z	74601	0																			
1493	2026-09-24T22:15:19.93787901Z	74650	0																			
1494	2026-09-24T22:15:19.988649781Z	74701	0																			
1495	2026-09-24T22:15:20.038403441Z	74751	0																			
1496	2026-09-24T22:15:20.088183569Z	74801	0																			
1497	2026-09-24T22:15:20.137817671Z	74850	0																			
1498	2026-09-24T22:15:20.188703139Z	74901	0																			
1499	2026-09-24T22:15:20.238415561Z	74951	0																			
1500	2026-09-24T22:15:20.288224672Z	75001	0																			
1501	2026-09-24T22:15:20.338041711Z	75050	0																			
1502	2026-09-24T22:15:20.387958318Z	75100	0																			
1503	2026-09-24T22:15:20.438634085Z	75151	0																			
1504	2026-09-24T22:15:20.488251716Z	75201	0																			
1505	2026-09-24T22:15:20.537879954Z	75250	0																			
1506	2026-09-24T22:15:20.588634431Z	75301	0																			
1507	2026-09-24T22:15:20.63840827Z	75351	0																			
1508	2026-09-24T22:15:20.688419596Z	75401	0																			
1509	2026-09-24T22:15:20.738311419Z	75451	0																			
1510	2026-09-24T22:15:20.788106538Z	75500	0																			
1511	2026-09-24T22:15:20.838815388Z	75551	0																			
1512	2026-09-24T22:15:20.888539101Z	75601	0																			
1513	2026-09-24T22:15:20.938315143Z	75651	0																			
1514	2026-09-24T22:15:20.988105574Z	75700	0																			
1515	2026-09-24T22:15:21.037951754Z	75750	0																			
1516	2026-09-24T22:15:21.088751332Z	75801	0																			
1517	2026-09-24T22:15:21.13850652Z	75851	0																			
1518	2026-09-24T22:15:21.188388704Z	75901	0																			
1519	2026-09-24T22:15:21.238107855Z	75950	0																			
1520	2026-09-24T22:15:21.287999117Z	76000	0																			
1521	2026-09-24T22:15:21.338779777Z	76051	0																			
1522	2026-09-24T22:15:21.388558786Z	76101	0																			
1523	2026-09-24T22:15:21.438380198Z	76151	0																			
1524	2026-09-24T22:15:21.488138398Z	76201	0																			
1525	2026-09-24T22:15:21.538052938Z	76250	0																			
1526	2026-09-24T22:15:21.58789609Z	76300	0																			
1527	2026-09-24T22:15:21.638066571Z	76350	0																			
1528	2026-09-24T22:15:21.688177223Z	76401	0																			
1529	2026-09-24T22:15:21.738194998Z	76451	0																			
1530	2026-09-24T22:15:21.788158467Z	76501	0																			
1531	2026-09-24T22:15:21.838417504Z	76551	0																			
1532	2026-09-24T22:15:21.888192813Z	76601	0																			
1533	2026-09-24T22:15:21.93801678Z	76650	0																			
1534	2026-09-24T22:15:21.987826155Z	76700	0																			
1535	2026-09-24T22:15:22.038801418Z	76751	0																			
1536	2026-09-24T22:15:22.088518875Z	76801	0																			
1537	2026-09-24T22:15:22.138351219Z	76851	0																			
1538	2026-09-24T22:15:22.188110577Z	76900	0																			
1539	2026-09-24T22:15:22.238773881Z	76951	0																			
1540	2026-09-24T22:15:22.288654739Z	77001	0																			
1541	2026-09-24T22:15:22.338470874Z	77051	0																			
1542	2026-09-24T22:15:22.388298422Z	77101	0																			
1543	2026-09-24T22:15:22.438312063Z	77151	0																			
1544	2026-09-24T22:15:22.488271277Z	77201	0																			
1545	2026-09-24T22:15:22.53815672Z	77251	0																			
1546	2026-09-24T22:15:22.587862797Z	77300	0																			
1547	2026-09-24T22:15:22.638842036Z	77351	0																			
1548	2026-09-24T22:15:22.688679859Z	77401	0																			
1549	2026-09-24T22:15:22.738651947Z	77451	0																			
1550	2026-09-24T22:15:22.788481397Z	77501	0																			
1551	2026-09-24T22:15:22.838262432Z	77551	0																			
1552	2026-09-24T22:15:22.88805774Z	77600	0																			
1553	2026-09-24T22:15:22.937817255Z	77650	0																			
1554	2026-09-24T22:15:22.988606546Z	77701	0																			
1555	2026-09-24T22:15:23.038605562Z	77751	0																			
1556	2026-09-24T22:15:23.088468098Z	77801	0																			
1557	2026-09-24T22:15:23.138268223Z	77851	0																			
1558	2026-09-24T22:15:23.188091266Z	77900	0																			
1559	2026-09-24T22:15:23.238122012Z	77951	0																			
1560	2026-09-24T22:15:23.288090674Z	78000	0																			
1561	2026-09-24T22:15:23.337871858Z	78050	0																			
1562	2026-09-24T22:15:23.388620037Z	78101	0																			
1563	2026-09-24T22:15:23.438358999Z	78151	0																			
1564	2026-09-24T22:15:23.488375928Z	78201	0																			
1565	2026-09-24T22:15:23.538231105Z	78251	0																			
1566	2026-09-24T22:15:23.58803164Z	78300	0																			
1567	2026-09-24T22:15:23.638759815Z	78351	0																			
1568	2026-09-24T22:15:23.688542149Z	78401	0																			
1569	2026-09-24T22:15:23.738372136Z	78451	0																			
1570	2026-09-24T22:15:23.78850937Z	78501	0																			
1571	2026-09-24T22:15:23.838570554Z	78551	0																			
1572	2026-09-24T22:15:23.888572651Z	78601	0																			
1573	2026-09-24T22:15:23.938383003Z	78651	0																			
1574	2026-09-24T22:15:23.988527607Z	78701	0																			
1575	2026-09-24T22:15:24.038416789Z	78751	0																			
1576	2026-09-24T22:15:24.088134086Z	78801	0																			
1577	2026-09-24T22:15:24.137837739Z	78850	0																			
1578	2026-09-24T22:15:24.188576563Z	78901	0																			
1579	2026-09-24T22:15:24.238201092Z	78951	0																			
1580	2026-09-24T22:15:24.287982497Z	79000	0																			
1581	2026-09-24T22:15:24.338678382Z	79051	0																			
1582	2026-09-24T22:15:24.388268644Z	79101	0																			
1583	2026-09-24T22:15:24.438254929Z	79151	0																			
1584	2026-09-24T22:15:24.488126268Z	79201	0																			
1585	2026-09-24T22:15:24.53882469Z	79251	0																			
1586	2026-09-24T22:15:24.588554432Z	79301	0																			
1587	2026-09-24T22:15:24.638316201Z	79351	0																			
1588	2026-09-24T22:15:24.688214878Z	79401	0																			
1589	2026-09-24T22:15:24.738377395Z	79451	0																			
1590	2026-09-24T22:15:24.788182162Z	79501	0																			
1591	2026-09-24T22:15:24.837958884Z	79550	0																			
1592	2026-09-24T22:15:24.888573887Z	79601	0																			
1593	2026-09-24T22:15:24.938318145Z	79651	0																			
1594	2026-09-24T22:15:24.988080126Z	79700	0																			
1595	2026-09-24T22:15:25.038830216Z	79751	0																			
1596	2026-09-24T22:15:25.088476929Z	79801	0																			
1597	2026-09-24T22:15:25.138026933Z	79850	0																			
1598	2026-09-24T22:15:25.188745562Z	79901	0																			
1599	2026-09-24T22:15:25.238644771Z	79951	0																			
1600	2026-09-24T22:15:25.2885819Z	80001	0																			
1601	2026-09-24T22:15:25.338536555Z	80051	0																			
1602	2026-09-24T22:15:25.388350817Z	80101	0																			
1603	2026-09-24T22:15:25.438050898Z	80150	0																			
1604	2026-09-24T22:15:25.488633547Z	80201	0																			
1605	2026-09-24T22:15:25.538264971Z	80251	0																			
1606	2026-09-24T22:15:25.588842896Z	80301	0																			
1607	2026-09-24T22:15:25.638701528Z	80351	0																			
1608	2026-09-24T22:15:25.688729021Z	80401	0																			
1609	2026-09-24T22:15:25.738452546Z	80451	0																			
1610	2026-09-24T22:15:25.78811108Z	80500	0																			
1611	2026-09-24T22:15:25.838683415Z	80551	0																			
1612	2026-09-24T22:15:25.888516604Z	80601	0																			
1613	2026-09-24T22:15:25.93830415Z	80651	0																			
1614	2026-09-24T22:15:25.987952617Z	80700	0																			
1615	2026-09-24T22:15:26.038616611Z	80751	0																			
1616	2026-09-24T22:15:26.088323922Z	80801	0																			
1617	2026-09-24T22:15:26.138026783Z	80850	0																			
1618	2026-09-24T22:15:26.188704352Z	80901	0																			
1619	2026-09-24T22:15:26.238684477Z	80951	0																			
1620	2026-09-24T22:15:26.288282119Z	81001	0																			
1621	2026-09-24T22:15:26.337951572Z	81050	0																			
1622	2026-09-24T22:15:26.388636918Z	81101	0																			
1623	2026-09-24T22:15:26.438398357Z	81151	0																			
1624	2026-09-24T22:15:26.488044049Z	81200	0																			
1625	2026-09-24T22:15:26.538810231Z	81251	0																			
1626	2026-09-24T22:15:26.588418581Z	81301	0																			
1627	2026-09-24T22:15:26.638150398Z	81351	0																			
1628	2026-09-24T22:15:26.688855858Z	81401	0																			
1629	2026-09-24T22:15:26.738660488Z	81451	0																			
1630	2026-09-24T22:15:26.788502565Z	81501	0																			
1631	2026-09-24T22:15:26.838249365Z	81551	0																			
1632	2026-09-24T22:15:26.888885649Z	81601	0																			
1633	2026-09-24T22:15:26.938782737Z	81651	0																			
1634	2026-09-24T22:15:26.988453404Z	81701	0																			
1635	2026-09-24T22:15:27.038100281Z	81750	0																			
1636	2026-09-24T22:15:27.08871548Z	81801	0																			
1637	2026-09-24T22:15:27.138497599Z	81851	0																			
1638	2026-09-24T22:15:27.188225959Z	81901	0																			
1639	2026-09-24T22:15:27.238033911Z	81950	0																			
1640	2026-09-24T22:15:27.288622088Z	82001	0																			
1641	2026-09-24T22:15:27.338267119Z	82051	0																			
1642	2026-09-24T22:15:27.387966064Z	82100	0																			
1643	2026-09-24T22:15:27.438664402Z	82151	0																			
1644	2026-09-24T22:15:27.488349246Z	82201	0																			
1645	2026-09-24T22:15:27.538043953Z	82250	0																			
1646	2026-09-24T22:15:27.588791113Z	82301	0																			
1647	2026-09-24T22:15:27.638509963Z	82351	0																			
1648	2026-09-24T22:15:27.688361427Z	82401	0																			
1649	2026-09-24T22:15:27.738141346Z	82451	0																			
1650	2026-09-24T22:15:27.788791451Z	82501	0																			
1651	2026-09-24T22:15:27.838583034Z	82551	0																			
1652	2026-09-24T22:15:27.888181759Z	82601	0																			
1653	2026-09-24T22:15:27.938257554Z	82651	0																			
1654	2026-09-24T22:15:27.988119865Z	82701	0																			
1655	2026-09-24T22:15:28.037958288Z	82750	0																			
1656	2026-09-24T22:15:28.088725063Z	82801	0																			
1657	2026-09-24T22:15:28.13855435Z	82851	0																			
1658	2026-09-24T22:15:28.188169697Z	82901	0																			
1659	2026-09-24T22:15:28.238789719Z	82951	0																			
1660	2026-09-24T22:15:28.288489443Z	83001	0																			
1661	2026-09-24T22:15:28.338386736Z	83051	0																			
1662	2026-09-24T22:15:28.388323934Z	83101	0																			
1663	2026-09-24T22:15:28.438264148Z	83151	0																			
1664	2026-09-24T22:15:28.488265674Z	83201	0																			
1665	2026-09-24T22:15:28.5380562Z	83250	0																			
1666	2026-09-24T22:15:28.587838473Z	83300	0																			
1667	2026-09-24T22:15:28.638491511Z	83351	0																			
1668	2026-09-24T22:15:28.688245278Z	83401	0																			
1669	2026-09-24T22:15:28.737813644Z	83450	0																			
1670	2026-09-24T22:15:28.788412386Z	83501	0																			
1671	2026-09-24T22:15:28.838028968Z	83550	0																			
1672	2026-09-24T22:15:28.888681901Z	83601	0																			
1673	2026-09-24T22:15:28.93867051Z	83651	0																			
1674	2026-09-24T22:15:28.988272926Z	83701	0																			
1675	2026-09-24T22:15:29.038041679Z	83750	0																			
1676	2026-09-24T22:15:29.08879879Z	83801	0																			
1677	2026-09-24T22:15:29.138442604Z	83851	0																			
1678	2026-09-24T22:15:29.188155679Z	83901	0																			
1679	2026-09-24T22:15:29.238011267Z	83950	0																			
1680	2026-09-24T22:15:29.288058269Z	84000	0																			
1681	2026-09-24T22:15:29.33811002Z	84050	0																			
1682	2026-09-24T22:15:29.388138122Z	84101	0																			
1683	2026-09-24T22:15:29.438191495Z	84151	0																			
1684	2026-09-24T22:15:29.487906522Z	84200	0																			
1685	2026-09-24T22:15:29.538160348Z	84251	0																			
1686	2026-09-24T22:15:29.588043169Z	84300	0																			
1687	2026-09-24T22:15:29.638731406Z	84351	0																			
1688	2026-09-24T22:15:29.68859918Z	84401	0																			
1689	2026-09-24T22:15:29.73825029Z	84451	0																			
1690	2026-09-24T22:15:29.788026304Z	84500	0																			
1691	2026-09-24T22:15:29.838831807Z	84551	0																			
1692	2026-09-24T22:15:29.888644004Z	84601	0																			
1693	2026-09-24T22:15:29.938442147Z	84651	0																			
1694	2026-09-24T22:15:29.988208611Z	84701	0																			
1695	2026-09-24T22:15:30.038012306Z	84750	0																			
1696	2026-09-24T22:15:30.088655705Z	84801	0																			
1697	2026-09-24T22:15:30.138375224Z	84851	0																			
1698	2026-09-24T22:15:30.18815585Z	84901	0																			
1699	2026-09-24T22:15:30.237949927Z	84950	0																			
1700	2026-09-24T22:15:30.288676046Z	85001	0																			
1701	2026-09-24T22:15:30.338686676Z	85051	0																			
1702	2026-09-24T22:15:30.38840634Z	85101	0																			
1703	2026-09-24T22:15:30.438269251Z	85151	0																			
1704	2026-09-24T22:15:30.488095895Z	85200	0																			
1705	2026-09-24T22:15:30.538778555Z	85251	0																			
1706	2026-09-24T22:15:30.588581257Z	85301	0																			
1707	2026-09-24T22:15:30.638369847Z	85351	0																			
1708	2026-09-24T22:15:30.688229839Z	85401	0																			
1709	2026-09-24T22:15:30.737819774Z	85450	0																			
1710	2026-09-24T22:15:30.788656505Z	85501	0																			
1711	2026-09-24T22:15:30.838365344Z	85551	0																			
1712	2026-09-24T22:15:30.888185542Z	85601	0																			
1713	2026-09-24T22:15:30.937854229Z	85650	0																			
1714	2026-09-24T22:15:30.988725854Z	85701	0																			
1715	2026-09-24T22:15:31.038375393Z	85751	0																			
1716	2026-09-24T22:15:31.088116573Z	85801	0																			
1717	2026-09-24T22:15:31.138035712Z	85850	0																			
1718	2026-09-24T22:15:31.188830454Z	85901	0																			
1719	2026-09-24T22:15:31.238700545Z	85951	0																			
1720	2026-09-24T22:15:31.288418853Z	86001	0																			
1721	2026-09-24T22:15:31.338262182Z	86051	0																			
1722	2026-09-24T22:15:31.387965633Z	86100	0																			
1723	2026-09-24T22:15:31.437823909Z	86150	0																			
1724	2026-09-24T22:15:31.488538632Z	86201	0																			
1725	2026-09-24T22:15:31.538279093Z	86251	0																			
1726	2026-09-24T22:15:31.588083061Z	86300	0																			
1727	2026-09-24T22:15:31.637819432Z	86350	0																			
1728	2026-09-24T22:15:31.688670231Z	86401	0																			
1729	2026-09-24T22:15:31.738412501Z	86451	0																			
1730	2026-09-24T22:15:31.788544958Z	86501	0																			
1731	2026-09-24T22:15:31.838385733Z	86551	0																			
1732	2026-09-24T22:15:31.888127671Z	86601	0																			
1733	2026-09-24T22:15:31.938850229Z	86651	0																			
1734	2026-09-24T22:15:31.988516118Z	86701	0																			
1735	2026-09-24T22:15:32.038508337Z	86751	0																			
1736	2026-09-24T22:15:32.088394235Z	86801	0																			
1737	2026-09-24T22:15:32.138254833Z	86851	0																			
1738	2026-09-24T22:15:32.188048593Z	86900	0																			
1739	2026-09-24T22:15:32.238802825Z	86951	0																			
1740	2026-09-24T22:15:32.288629229Z	87001	0																			
1741	2026-09-24T22:15:32.338551297Z	87051	0																			
1742	2026-09-24T22:15:32.388407188Z	87101	0																			
1743	2026-09-24T22:15:32.438162325Z	87151	0																			
1744	2026-09-24T22:15:32.487815081Z	87200	0																			
1745	2026-09-24T22:15:32.538865388Z	87251	0																			
1746	2026-09-24T22:15:32.588821894Z	87301	0																			
1747	2026-09-24T22:15:32.638713724Z	87351	0																			
1748	2026-09-24T22:15:32.688567428Z	87401	0																			
1749	2026-09-24T22:15:32.738695907Z	87451	0																			
1750	2026-09-24T22:15:32.788638173Z	87501	0																			
1751	2026-09-24T22:15:32.83873742Z	87551	0																			
1752	2026-09-24T22:15:32.888617815Z	87601	0																			
1753	2026-09-24T22:15:32.938474632Z	87651	0																			
1754	2026-09-24T22:15:32.988307995Z	87701	0																			
1755	2026-09-24T22:15:33.038318488Z	87751	0																			
1756	2026-09-24T22:15:33.088501296Z	87801	0																			
1757	2026-09-24T22:15:33.138694642Z	87851	0																			
1758	2026-09-24T22:15:33.18855411Z	87901	0																			
1759	2026-09-24T22:15:33.23865948Z	87951	0																			
1760	2026-09-24T22:15:33.288457906Z	88001	0																			
1761	2026-09-24T22:15:33.338324786Z	88051	0																			
1762	2026-09-24T22:15:33.388066533Z	88100	0																			
1763	2026-09-24T22:15:33.438049574Z	88150	0																			
1764	2026-09-24T22:15:33.488195974Z	88201	0																			
1765	2026-09-24T22:15:33.538150079Z	88251	0																			
1766	2026-09-24T22:15:33.588224651Z	88301	0																			
1767	2026-09-24T22:15:33.63837189Z	88351	0																			
1768	2026-09-24T22:15:33.68872865Z	88401	0																			
1769	2026-09-24T22:15:33.738619986Z	88451	0																			
1770	2026-09-24T22:15:33.788567145Z	88501	0																			
1771	2026-09-24T22:15:33.838566335Z	88551	0																			
1772	2026-09-24T22:15:33.888281849Z	88601	0																			
1773	2026-09-24T22:15:33.938080057Z	88650	0																			
1774	2026-09-24T22:15:33.988177326Z	88701	0																			
1775	2026-09-24T22:15:34.038134298Z	88751	0																			
1776	2026-09-24T22:15:34.088345116Z	88801	0																			
1777	2026-09-24T22:15:34.138272763Z	88851	0																			
1778	2026-09-24T22:15:34.18806806Z	88900	0																			
1779	2026-09-24T22:15:34.237816403Z	88950	0																			
1780	2026-09-24T22:15:34.288481199Z	89001	0																			
1781	2026-09-24T22:15:34.338213074Z	89051	0																			
1782	2026-09-24T22:15:34.387989654Z	89100	0																			
1783	2026-09-24T22:15:34.437981971Z	89150	0																			
1784	2026-09-24T22:15:34.488150692Z	89201	0																			
1785	2026-09-24T22:15:34.538206166Z	89251	0																			
1786	2026-09-24T22:15:34.588098535Z	89300	0																			
1787	2026-09-24T22:15:34.637839421Z	89350	0																			
1788	2026-09-24T22:15:34.687854002Z	89400	0																			
1789	2026-09-24T22:15:34.738745647Z	89451	0																			
1790	2026-09-24T22:15:34.788692199Z	89501	0																			
1791	2026-09-24T22:15:34.838532005Z	89551	0																			
1792	2026-09-24T22:15:34.888598752Z	89601	0																			
1793	2026-09-24T22:15:34.938491347Z	89651	0																			
1794	2026-09-24T22:15:34.988474962Z	89701	0																			
1795	2026-09-24T22:15:35.038258278Z	89751	0																			
1796	2026-09-24T22:15:35.088190135Z	89801	0																			
1797	2026-09-24T22:15:35.137858853Z	89850	0																			
1798	2026-09-24T22:15:35.188810094Z	89901	0																			
1799	2026-09-24T22:15:35.238608056Z	89951	0																			
1800	2026-09-24T22:15:35.28842454Z	90001	0																			
1801	2026-09-24T22:15:35.338347193Z	90051	0																			
1802	2026-09-24T22:15:35.38807746Z	90100	0																			
1803	2026-09-24T22:15:35.438749897Z	90151	0																			
1804	2026-09-24T22:15:35.488465321Z	90201	0																			
1805	2026-09-24T22:15:35.53818687Z	90251	0																			
1806	2026-09-24T22:15:35.588844304Z	90301	0																			
1807	2026-09-24T22:15:35.638505645Z	90351	0																			
1808	2026-09-24T22:15:35.688218719Z	90401	0																			
1809	2026-09-24T22:15:35.738051784Z	90450	0																			
1810	2026-09-24T22:15:35.787862146Z	90500	0																			
1811	2026-09-24T22:15:35.838473301Z	90551	0																			
1812	2026-09-24T22:15:35.888144326Z	90601	0																			
1813	2026-09-24T22:15:35.938841922Z	90651	0																			
1814	2026-09-24T22:15:35.98860053Z	90701	0																			
1815	2026-09-24T22:15:36.038357286Z	90751	0																			
1816	2026-09-24T22:15:36.088170491Z	90801	0																			
1817	2026-09-24T22:15:36.138799441Z	90851	0																			
1818	2026-09-24T22:15:36.18841715Z	90901	0																			
1819	2026-09-24T22:15:36.238300357Z	90951	0																			
1820	2026-09-24T22:15:36.288205595Z	91001	0																			
1821	2026-09-24T22:15:36.337843063Z	91050	0																			
1822	2026-09-24T22:15:36.388491763Z	91101	0																			
1823	2026-09-24T22:15:36.438412479Z	91151	0																			
1824	2026-09-24T22:15:36.488153289Z	91201	0																			
1825	2026-09-24T22:15:36.537833371Z	91250	0																			
1826	2026-09-24T22:15:36.588503799Z	91301	0																			
1827	2026-09-24T22:15:36.638218045Z	91351	0																			
1828	2026-09-24T22:15:36.687953251Z	91400	0																			
1829	2026-09-24T22:15:36.73784429Z	91450	0																			
1830	2026-09-24T22:15:36.788548061Z	91501	0																			
1831	2026-09-24T22:15:36.838205154Z	91551	0																			
1832	2026-09-24T22:15:36.888830834Z	91601	0																			
1833	2026-09-24T22:15:36.938576018Z	91651	0																			
1834	2026-09-24T22:15:36.988210282Z	91701	0																			
1835	2026-09-24T22:15:37.038807043Z	91751	0																			
1836	2026-09-24T22:15:37.088487205Z	91801	0																			
1837	2026-09-24T22:15:37.138185841Z	91851	0																			
1838	2026-09-24T22:15:37.188023776Z	91900	0																			
1839	2026-09-24T22:15:37.238670947Z	91951	0																			
1840	2026-09-24T22:15:37.288441861Z	92001	0																			
1841	2026-09-24T22:15:37.338373306Z	92051	0																			
1842	2026-09-24T22:15:37.388128178Z	92101	0																			
1843	2026-09-24T22:15:37.438826525Z	92151	0																			
1844	2026-09-24T22:15:37.488484079Z	92201	0																			
1845	2026-09-24T22:15:37.538359345Z	92251	0																			
1846	2026-09-24T22:15:37.58810026Z	92300	0																			
1847	2026-09-24T22:15:37.638744977Z	92351	0																			
1848	2026-09-24T22:15:37.688359025Z	92401	0																			
1849	2026-09-24T22:15:37.738072525Z	92450	0																			
1850	2026-09-24T22:15:37.787814423Z	92500	0																			
1851	2026-09-24T22:15:37.838676749Z	92551	0																			
1852	2026-09-24T22:15:37.888278095Z	92601	0																			
1853	2026-09-24T22:15:37.938121553Z	92651	0																			
1854	2026-09-24T22:15:37.988838089Z	92701	0																			
1855	2026-09-24T22:15:38.038597386Z	92751	0																			
1856	2026-09-24T22:15:38.088202575Z	92801	0																			
1857	2026-09-24T22:15:38.138047143Z	92850	0																			
1858	2026-09-24T22:15:38.187958315Z	92900	0																			
1859	2026-09-24T22:15:38.238655677Z	92951	0																			
1860	2026-09-24T22:15:38.288427175Z	93001	0																			
1861	2026-09-24T22:15:38.338374688Z	93051	0																			
1862	2026-09-24T22:15:38.388262629Z	93101	0																			
1863	2026-09-24T22:15:38.438063183Z	93150	0																			
1864	2026-09-24T22:15:38.4888394Z	93201	0																			
1865	2026-09-24T22:15:38.538472298Z	93251	0																			
1866	2026-09-24T22:15:38.588121244Z	93301	0																			
1867	2026-09-24T22:15:38.637973161Z	93350	0																			
1868	2026-09-24T22:15:38.688826433Z	93401	0																			
1869	2026-09-24T22:15:38.738782401Z	93451	0																			
1870	2026-09-24T22:15:38.788791918Z	93501	0																			
1871	2026-09-24T22:15:38.838603342Z	93551	0																			
1872	2026-09-24T22:15:38.888329927Z	93601	0																			
1873	2026-09-24T22:15:38.938025737Z	93650	0																			
1874	2026-09-24T22:15:38.988793867Z	93701	0																			
1875	2026-09-24T22:15:39.03869325Z	93751	0																			
1876	2026-09-24T22:15:39.088674532Z	93801	0																			
1877	2026-09-24T22:15:39.138596174Z	93851	0																			
1878	2026-09-24T22:15:39.188447193Z	93901	0																			
1879	2026-09-24T22:15:39.238249522Z	93951	0																			
1880	2026-09-24T22:15:39.288201506Z	94001	0																			
1881	2026-09-24T22:15:39.338069889Z	94050	0																			
1882	2026-09-24T22:15:39.388853282Z	94101	0																			
1883	2026-09-24T22:15:39.437967321Z	94150	0																			
1884	2026-09-24T22:15:39.488876053Z	94201	0																			
1885	2026-09-24T22:15:39.538767163Z	94251	0																			
1886	2026-09-24T22:15:39.588628796Z	94301	0																			
1887	2026-09-24T22:15:39.638735776Z	94351	0																			
1888	2026-09-24T22:15:39.688820017Z	94401	0																			
1889	2026-09-24T22:15:39.738678536Z	94451	0																			
1890	2026-09-24T22:15:39.788501865Z	94501	0																			
1891	2026-09-24T22:15:39.838422259Z	94551	0																			
1892	2026-09-24T22:15:39.888379975Z	94601	0																			
1893	2026-09-24T22:15:39.93823356Z	94651	0																			
1894	2026-09-24T22:15:39.987998478Z	94700	0																			
1895	2026-09-24T22:15:40.037839233Z	94750	0																			
1896	2026-09-24T22:15:40.088619018Z	94801	0																			
1897	2026-09-24T22:15:40.138215393Z	94851	0																			
1898	2026-09-24T22:15:40.188260546Z	94901	0																			
1899	2026-09-24T22:15:40.238036014Z	94950	0																			
1900	2026-09-24T22:15:40.288742167Z	95001	0																			
1901	2026-09-24T22:15:40.338684422Z	95051	0																			
1902	2026-09-24T22:15:40.388552284Z	95101	0																			
1903	2026-09-24T22:15:40.438363155Z	95151	0																			
1904	2026-09-24T22:15:40.488342193Z	95201	0																			
1905	2026-09-24T22:15:40.538236615Z	95251	0																			
1906	2026-09-24T22:15:40.588137261Z	95301	0																			
1907	2026-09-24T22:15:40.637957965Z	95350	0																			
1908	2026-09-24T22:15:40.688679827Z	95401	0																			
1909	2026-09-24T22:15:40.738349545Z	95451	0																			
1910	2026-09-24T22:15:40.788134601Z	95501	0																			
1911	2026-09-24T22:15:40.838865524Z	95551	0																			
1912	2026-09-24T22:15:40.888731353Z	95601	0																			
1913	2026-09-24T22:15:40.938492466Z	95651	0																			
1914	2026-09-24T22:15:40.988352862Z	95701	0																			
1915	2026-09-24T22:15:41.038311423Z	95751	0																			
1916	2026-09-24T22:15:41.08802633Z	95800	0																			
1917	2026-09-24T22:15:41.138833692Z	95851	0																			
1918	2026-09-24T22:15:41.188104995Z	95900	0																			
1919	2026-09-24T22:15:41.238050328Z	95950	0																			
1920	2026-09-24T22:15:41.288690885Z	96001	0																			
1921	2026-09-24T22:15:41.338687149Z	96051	0																			
1922	2026-09-24T22:15:41.388510709Z	96101	0																			
1923	2026-09-24T22:15:41.438412167Z	96151	0																			
1924	2026-09-24T22:15:41.488183804Z	96201	0																			
1925	2026-09-24T22:15:41.537830448Z	96250	0																			
1926	2026-09-24T22:15:41.588538863Z	96301	0																			
1927	2026-09-24T22:15:41.63820253Z	96351	0																			
1928	2026-09-24T22:15:41.687948602Z	96400	0																			
1929	2026-09-24T22:15:41.738688481Z	96451	0																			
1930	2026-09-24T22:15:41.78861109Z	96501	0																			
1931	2026-09-24T22:15:41.838278009Z	96551	0																			
1932	2026-09-24T22:15:41.888045173Z	96600	0																			
1933	2026-09-24T22:15:41.938797074Z	96651	0																			
1934	2026-09-24T22:15:41.988548063Z	96701	0																			
1935	2026-09-24T22:15:42.038409119Z	96751	0																			
1936	2026-09-24T22:15:42.088437646Z	96801	0																			
1937	2026-09-24T22:15:42.138528382Z	96851	0																			
1938	2026-09-24T22:15:42.188653132Z	96901	0																			
1939	2026-09-24T22:15:42.238620434Z	96951	0																			
1940	2026-09-24T22:15:42.288532099Z	97001	0																			
1941	2026-09-24T22:15:42.338445354Z	97051	0																			
1942	2026-09-24T22:15:42.388266546Z	97101	0																			
1943	2026-09-24T22:15:42.437870681Z	97150	0																			
1944	2026-09-24T22:15:42.488566821Z	97201	0																			
1945	2026-09-24T22:15:42.538467688Z	97251	0																			
1946	2026-09-24T22:15:42.588579807Z	97301	0																			
1947	2026-09-24T22:15:42.638562579Z	97351	0																			
1948	2026-09-24T22:15:42.688466908Z	97401	0																			
1949	2026-09-24T22:15:42.738195726Z	97451	0																			
1950	2026-09-24T22:15:42.788119124Z	97501	0																			
1951	2026-09-24T22:15:42.838023492Z	97550	0																			
1952	2026-09-24T22:15:42.888610639Z	97601	0																			
1953	2026-09-24T22:15:42.938160482Z	97651	0																			
1954	2026-09-24T22:15:42.988785221Z	97701	0																			
1955	2026-09-24T22:15:43.038431645Z	97751	0																			
1956	2026-09-24T22:15:43.088212693Z	97801	0																			
1957	2026-09-24T22:15:43.137955379Z	97850	0																			
1958	2026-09-24T22:15:43.18878891Z	97901	0																			
1959	2026-09-24T22:15:43.23872631Z	97951	0																			
1960	2026-09-24T22:15:43.288666864Z	98001	0																			
1961	2026-09-24T22:15:43.338372236Z	98051	0																			
1962	2026-09-24T22:15:43.387983291Z	98100	0																			
1963	2026-09-24T22:15:43.437839376Z	98150	0																			
1964	2026-09-24T22:15:43.488623715Z	98201	0																			
1965	2026-09-24T22:15:43.538267961Z	98251	0																			
1966	2026-09-24T22:15:43.588017583Z	98300	0																			
1967	2026-09-24T22:15:43.638652046Z	98351	0																			
1968	2026-09-24T22:15:43.688405195Z	98401	0																			
1969	2026-09-24T22:15:43.7382079Z	98451	0																			
1970	2026-09-24T22:15:43.788045717Z	98500	0																			
1971	2026-09-24T22:15:43.838878674Z	98551	0																			
1972	2026-09-24T22:15:43.888574143Z	98601	0																			
1973	2026-09-24T22:15:43.938383512Z	98651	0																			
1974	2026-09-24T22:15:43.988311972Z	98701	0																			
1975	2026-09-24T22:15:44.038337512Z	98751	0																			
1976	2026-09-24T22:15:44.088407686Z	98801	0																			
1977	2026-09-24T22:15:44.138347687Z	98851	0																			
1978	2026-09-24T22:15:44.188287899Z	98901	0																			
1979	2026-09-24T22:15:44.238105207Z	98950	0																			
1980	2026-09-24T22:15:44.288805502Z	99001	0																			
1981	2026-09-24T22:15:44.33862947Z	99051	0																			
1982	2026-09-24T22:15:44.38840149Z	99101	0																			
1983	2026-09-24T22:15:44.438029353Z	99150	0																			
1984	2026-09-24T22:15:44.488727621Z	99201	0																			
1985	2026-09-24T22:15:44.538557785Z	99251	0																			
1986	2026-09-24T22:15:44.58845435Z	99301	0																			
1987	2026-09-24T22:15:44.638209424Z	99351	0																			
1988	2026-09-24T22:15:44.687990797Z	99400	0																			
1989	2026-09-24T22:15:44.738808352Z	99451	0																			
1990	2026-09-24T22:15:44.788410981Z	99501	0																			
1991	2026-09-24T22:15:44.837965309Z	99550	0																			
1992	2026-09-24T22:15:44.887831066Z	99600	0																			
1993	2026-09-24T22:15:44.938573901Z	99651	0																			
1994	2026-09-24T22:15:44.98820536Z	99701	0																			
1995	2026-09-24T22:15:45.03818571Z	99751	0																			
1996	2026-09-24T22:15:45.087977166Z	99800	0																			
1997	2026-09-24T22:15:45.138851425Z	99851	0																			
1998	2026-09-24T22:15:45.188730072Z	99901	0																			
1999	2026-09-24T22:15:45.238359777Z	99951	0																			
2000	2026-09-24T22:15:45.288025521Z	100000	0																			
2001	2026-09-24T22:15:45.338041469Z	100050	0																			
2002	2026-09-24T22:15:45.388674664Z	100101	0																			
2003	2026-09-24T22:15:45.438272141Z	100151	0																			
2004	2026-09-24T22:15:45.488026445Z	100200	0																			
2005	2026-09-24T22:15:45.53872564Z	100251	0																			
2006	2026-09-24T22:15:45.588509331Z	100301	0																			
2007	2026-09-24T22:15:45.638189216Z	100351	0																			
2008	2026-09-24T22:15:45.688790767Z	100401	0																			
2009	2026-09-24T22:15:45.738561746Z	100451	0																			
2010	2026-09-24T22:15:45.788360133Z	100501	0																			
2011	2026-09-24T22:15:45.838327815Z	100551	0																			
2012	2026-09-24T22:15:45.888209244Z	100601	0																			
2013	2026-09-24T22:15:45.93799489Z	100650	0																			
2014	2026-09-24T22:15:45.988596362Z	100701	0																			
2015	2026-09-24T22:15:46.038206399Z	100751	0																			
2016	2026-09-24T22:15:46.088101607Z	100800	0																			
2017	2026-09-24T22:15:46.138671063Z	100851	0																			
2018	2026-09-24T22:15:46.188461409Z	100901	0																			
2019	2026-09-24T22:15:46.238110111Z	100950	0																			
2020	2026-09-24T22:15:46.288800913Z	101001	0																			
2021	2026-09-24T22:15:46.338409559Z	101051	0																			
2022	2026-09-24T22:15:46.388183769Z	101101	0																			
2023	2026-09-24T22:15:46.438019268Z	101150	0																			
2024	2026-09-24T22:15:46.487861896Z	101200	0																			
2025	2026-09-24T22:15:46.538699593Z	101251	0																			
2026	2026-09-24T22:15:46.588585446Z	101301	0																			
2027	2026-09-24T22:15:46.638313752Z	101351	0																			
2028	2026-09-24T22:15:46.688117091Z	101401	0																			
2029	2026-09-24T22:15:46.738765249Z	101451	0																			
2030	2026-09-24T22:15:46.788580649Z	101501	0																			
2031	2026-09-24T22:15:46.838245446Z	101551	0																			
2032	2026-09-24T22:15:46.888048766Z	101600	0																			
2033	2026-09-24T22:15:46.938751273Z	101651	0																			
2034	2026-09-24T22:15:46.988555059Z	101701	0																			
2035	2026-09-24T22:15:47.038193097Z	101751	0																			
2036	2026-09-24T22:15:47.088801968Z	101801	0																			
2037	2026-09-24T22:15:47.138366962Z	101851	0																			
2038	2026-09-24T22:15:47.188211288Z	101901	0																			
2039	2026-09-24T22:15:47.238861819Z	101951	0																			
2040	2026-09-24T22:15:47.288670782Z	102001	0																			
2041	2026-09-24T22:15:47.338510608Z	102051	0																			
2042	2026-09-24T22:15:47.388231178Z	102101	0																			
2043	2026-09-24T22:15:47.437973825Z	102150	0																			
2044	2026-09-24T22:15:47.488750678Z	102201	0																			
2045	2026-09-24T22:15:47.538741085Z	102251	0																			
2046	2026-09-24T22:15:47.588583868Z	102301	0																			
2047	2026-09-24T22:15:47.638681953Z	102351	0																			
2048	2026-09-24T22:15:47.688621124Z	102401	0																			
2049	2026-09-24T22:15:47.738517198Z	102451	0																			
2050	2026-09-24T22:15:47.788342427Z	102501	0																			
2051	2026-09-24T22:15:47.838559766Z	102551	0																			
2052	2026-09-24T22:15:47.888669976Z	102601	0																			
2053	2026-09-24T22:15:47.938695525Z	102651	0																			
2054	2026-09-24T22:15:47.988642573Z	102701	0																			
2055	2026-09-24T22:15:48.037877181Z	102750	0																			
2056	2026-09-24T22:15:48.088732944Z	102801	0																			
2057	2026-09-24T22:15:48.138811212Z	102851	0																			
2058	2026-09-24T22:15:48.187984199Z	102900	0																			
2059	2026-09-24T22:15:48.237858496Z	102950	0																			
2060	2026-09-24T22:15:48.288687126Z	103001	0																			
2061	2026-09-24T22:15:48.338481541Z	103051	0																			
2062	2026-09-24T22:15:48.388196346Z	103101	0																			
2063	2026-09-24T22:15:48.437975744Z	103150	0																			
2064	2026-09-24T22:15:48.488965795Z	103201	0																			
2065	2026-09-24T22:15:48.538145295Z	103251	0																			
2066	2026-09-24T22:15:48.588179149Z	103301	0																			
2067	2026-09-24T22:15:48.638042825Z	103350	0																			
2068	2026-09-24T22:15:48.688080946Z	103400	0																			
2069	2026-09-24T22:15:48.737857303Z	103450	0																			
2070	2026-09-24T22:15:48.788645754Z	103501	0																			
2071	2026-09-24T22:15:48.838363602Z	103551	0																			
2072	2026-09-24T22:15:48.887969216Z	103600	0																			
2073	2026-09-24T22:15:48.937967534Z	103650	0																			
2074	2026-09-24T22:15:48.988769214Z	103701	0																			
2075	2026-09-24T22:15:49.038487518Z	103751	0																			
2076	2026-09-24T22:15:49.088270508Z	103801	0																			
2077	2026-09-24T22:15:49.138053892Z	103850	0																			
2078	2026-09-24T22:15:49.188767174Z	103901	0																			
2079	2026-09-24T22:15:49.238472387Z	103951	0																			
2080	2026-09-24T22:15:49.288219573Z	104001	0																			
2081	2026-09-24T22:15:49.337870618Z	104050	0																			
2082	2026-09-24T22:15:49.388659613Z	104101	0																			
2083	2026-09-24T22:15:49.438601001Z	104151	0																			
2084	2026-09-24T22:15:49.488682722Z	104201	0																			
2085	2026-09-24T22:15:49.537819051Z	104250	0																			
2086	2026-09-24T22:15:49.58862483Z	104301	0																			
2087	2026-09-24T22:15:49.638456332Z	104351	0																			
2088	2026-09-24T22:15:49.688234905Z	104401	0																			
2089	2026-09-24T22:15:49.738047321Z	104450	0																			
2090	2026-09-24T22:15:49.787843524Z	104500	0																			
2091	2026-09-24T22:15:49.838830408Z	104551	0																			
2092	2026-09-24T22:15:49.888721412Z	104601	0																			
2093	2026-09-24T22:15:49.938601379Z	104651	0																			
2094	2026-09-24T22:15:49.988475316Z	104701	0																			
2095	2026-09-24T22:15:50.038267132Z	104751	0																			
2096	2026-09-24T22:15:50.088040355Z	104800	0																			
2097	2026-09-24T22:15:50.138777033Z	104851	0																			
2098	2026-09-24T22:15:50.188471623Z	104901	0																			
2099	2026-09-24T22:15:50.238259023Z	104951	0																			
2100	2026-09-24T22:15:50.288004992Z	105000	0																			
2101	2026-09-24T22:15:50.338797875Z	105051	0																			
2102	2026-09-24T22:15:50.388498016Z	105101	0																			
2103	2026-09-24T22:15:50.438284291Z	105151	0																			
2104	2026-09-24T22:15:50.488136345Z	105201	0																			
2105	2026-09-24T22:15:50.538749554Z	105251	0																			
2106	2026-09-24T22:15:50.588340738Z	105301	0																			
2107	2026-09-24T22:15:50.638266169Z	105351	0																			
2108	2026-09-24T22:15:50.687982762Z	105400	0																			
2109	2026-09-24T22:15:50.738804185Z	105451	0																			
2110	2026-09-24T22:15:50.788645169Z	105501	0																			
2111	2026-09-24T22:15:50.83846658Z	105551	0																			
2112	2026-09-24T22:15:50.888277139Z	105601	0																			
2113	2026-09-24T22:15:50.937834467Z	105650	0																			
2114	2026-09-24T22:15:50.988440281Z	105701	0																			
2115	2026-09-24T22:15:51.038108269Z	105750	0																			
2116	2026-09-24T22:15:51.088836794Z	105801	0																			
2117	2026-09-24T22:15:51.138753906Z	105851	0																			
2118	2026-09-24T22:15:51.188843093Z	105901	0																			
2119	2026-09-24T22:15:51.238799093Z	105951	0																			
2120	2026-09-24T22:15:51.288685004Z	106001	0																			
2121	2026-09-24T22:15:51.338647662Z	106051	0																			
2122	2026-09-24T22:15:51.388253011Z	106101	0																			
2123	2026-09-24T22:15:51.438775245Z	106151	0																			
2124	2026-09-24T22:15:51.488528566Z	106201	0																			
2125	2026-09-24T22:15:51.538276649Z	106251	0																			
2126	2026-09-24T22:15:51.587966745Z	106300	0																			
2127	2026-09-24T22:15:51.638638812Z	106351	0																			
2128	2026-09-24T22:15:51.688356009Z	106401	0																			
2129	2026-09-24T22:15:51.738217121Z	106451	0																			
2130	2026-09-24T22:15:51.78784437Z	106500	0																			
2131	2026-09-24T22:15:51.838489017Z	106551	0																			
2132	2026-09-24T22:15:51.888051276Z	106600	0																			
2133	2026-09-24T22:15:51.938849577Z	106651	0																			
2134	2026-09-24T22:15:51.988804969Z	106701	0																			
2135	2026-09-24T22:15:52.038587635Z	106751	0																			
2136	2026-09-24T22:15:52.088266833Z	106801	0																			
2137	2026-09-24T22:15:52.137985367Z	106850	0																			
2138	2026-09-24T22:15:52.1878836Z	106900	0																			
2139	2026-09-24T22:15:52.238749593Z	106951	0																			
2140	2026-09-24T22:15:52.288640279Z	107001	0																			
2141	2026-09-24T22:15:52.338394956Z	107051	0																			
2142	2026-09-24T22:15:52.388113528Z	107100	0																			
2143	2026-09-24T22:15:52.437820589Z	107150	0																			
2144	2026-09-24T22:15:52.488791901Z	107201	0																			
2145	2026-09-24T22:15:52.53868189Z	107251	0																			
2146	2026-09-24T22:15:52.588402119Z	107301	0																			
2147	2026-09-24T22:15:52.638400096Z	107351	0																			
2148	2026-09-24T22:15:52.688353835Z	107401	0																			
2149	2026-09-24T22:15:52.738205977Z	107451	0																			
2150	2026-09-24T22:15:52.788254901Z	107501	0																			
2151	2026-09-24T22:15:52.8379648Z	107550	0																			
2152	2026-09-24T22:15:52.888592709Z	107601	0																			
2153	2026-09-24T22:15:52.938469855Z	107651	0																			
2154	2026-09-24T22:15:52.988103404Z	107700	0																			
2155	2026-09-24T22:15:53.038614969Z	107751	0																			
2156	2026-09-24T22:15:53.088176254Z	107801	0																			
2157	2026-09-24T22:15:53.138756763Z	107851	0																			
2158	2026-09-24T22:15:53.188322456Z	107901	0																			
2159	2026-09-24T22:15:53.238851451Z	107951	0																			
2160	2026-09-24T22:15:53.288430357Z	108001	0																			
2161	2026-09-24T22:15:53.338019696Z	108050	0																			
2162	2026-09-24T22:15:53.388623903Z	108101	0																			
2163	2026-09-24T22:15:53.438229707Z	108151	0																			
2164	2026-09-24T22:15:53.487849597Z	108200	0																			
2165	2026-09-24T22:15:53.538528638Z	108251	0																			
2166	2026-09-24T22:15:53.588174484Z	108301	0																			
2167	2026-09-24T22:15:53.637846821Z	108350	0																			
2168	2026-09-24T22:15:53.688626044Z	108401	0																			
2169	2026-09-24T22:15:53.738365108Z	108451	0																			
2170	2026-09-24T22:15:53.788098558Z	108500	0																			
2171	2026-09-24T22:15:53.838827128Z	108551	0																			
2172	2026-09-24T22:15:53.888531198Z	108601	0																			
2173	2026-09-24T22:15:53.938249658Z	108651	0																			
2174	2026-09-24T22:15:53.987960188Z	108700	0																			
2175	2026-09-24T22:15:54.038697961Z	108751	0																			
2176	2026-09-24T22:15:54.088337357Z	108801	0																			
2177	2026-09-24T22:15:54.138013168Z	108850	0																			
2178	2026-09-24T22:15:54.188697828Z	108901	0																			
2179	2026-09-24T22:15:54.238404855Z	108951	0																			
2180	2026-09-24T22:15:54.288102707Z	109000	0																			
2181	2026-09-24T22:15:54.338837361Z	109051	0																			
2182	2026-09-24T22:15:54.38850045Z	109101	0																			
2183	2026-09-24T22:15:54.438154127Z	109151	0																			
2184	2026-09-24T22:15:54.488847951Z	109201	0																			
2185	2026-09-24T22:15:54.538566155Z	109251	0																			
2186	2026-09-24T22:15:54.588200667Z	109301	0																			
2187	2026-09-24T22:15:54.637852774Z	109350	0																			
2188	2026-09-24T22:15:54.688552326Z	109401	0																			
2189	2026-09-24T22:15:54.738250047Z	109451	0																			
2190	2026-09-24T22:15:54.787955598Z	109500	0																			
2191	2026-09-24T22:15:54.838623242Z	109551	0																			
2192	2026-09-24T22:15:54.888324877Z	109601	0																			
2193	2026-09-24T22:15:54.938030073Z	109650	0																			
2194	2026-09-24T22:15:54.988762029Z	109701	0																			
2195	2026-09-24T22:15:55.03851932Z	109751	0																			
2196	2026-09-24T22:15:55.088251453Z	109801	0																			
2197	2026-09-24T22:15:55.137954405Z	109850	0																			
2198	2026-09-24T22:15:55.188629148Z	109901	0																			
2199	2026-09-24T22:15:55.238369037Z	109951	0																			
2200	2026-09-24T22:15:55.288101524Z	110000	0																			
2201	2026-09-24T22:15:55.337832556Z	110050	0																			
2202	2026-09-24T22:15:55.388550573Z	110101	0																			
2203	2026-09-24T22:15:55.438254443Z	110151	0																			
2204	2026-09-24T22:15:55.48795853Z	110200	0																			
2205	2026-09-24T22:15:55.538691912Z	110251	0																			
2206	2026-09-24T22:15:55.588396847Z	110301	0																			
2207	2026-09-24T22:15:55.638105821Z	110350	0																			
2208	2026-09-24T22:15:55.687841785Z	110400	0																			
2209	2026-09-24T22:15:55.738549883Z	110451	0																			
2210	2026-09-24T22:15:55.788245286Z	110501	0																			
2211	2026-09-24T22:15:55.837930492Z	110550	0																			
2212	2026-09-24T22:15:55.888611774Z	110601	0																			
2213	2026-09-24T22:15:55.938268949Z	110651	0																			
2214	2026-09-24T22:15:55.988670137Z	110701	0																			
2215	2026-09-24T22:15:56.038260161Z	110751	0																			
2216	2026-09-24T22:15:56.08785814Z	110800	0																			
2217	2026-09-24T22:15:56.138396525Z	110851	0																			
2218	2026-09-24T22:15:56.187984996Z	110900	0																			
2219	2026-09-24T22:15:56.238541693Z	110951	0																			
2220	2026-09-24T22:15:56.288120783Z	111001	0																			
2221	2026-09-24T22:15:56.338732615Z	111051	0																			
2222	2026-09-24T22:15:56.388288351Z	111101	0																			
2223	2026-09-24T22:15:56.437865174Z	111150	0																			
2224	2026-09-24T22:15:56.488497222Z	111201	0																			
2225	2026-09-24T22:15:56.538108835Z	111250	0																			
2226	2026-09-24T22:15:56.588714268Z	111301	0																			
2227	2026-09-24T22:15:56.638288905Z	111351	0																			
2228	2026-09-24T22:15:56.687822153Z	111400	0																			
2229	2026-09-24T22:15:56.738422053Z	111451	0																			
2230	2026-09-24T22:15:56.787967252Z	111500	0																			
2231	2026-09-24T22:15:56.83849316Z	111551	0																			
2232	2026-09-24T22:15:56.888011506Z	111600	0																			
2233	2026-09-24T22:15:56.938542038Z	111651	0																			
2234	2026-09-24T22:15:56.988090649Z	111700	0																			
2235	2026-09-24T22:15:57.038549732Z	111751	0																			
2236	2026-09-24T22:15:57.088090262Z	111800	0																			
2237	2026-09-24T22:15:57.138646574Z	111851	0																			
2238	2026-09-24T22:15:57.188174423Z	111901	0																			
2239	2026-09-24T22:15:57.2387156Z	111951	0																			
2240	2026-09-24T22:15:57.288247651Z	112001	0																			
2241	2026-09-24T22:15:57.338810491Z	112051	0																			
2242	2026-09-24T22:15:57.388372807Z	112101	0																			
2243	2026-09-24T22:15:57.43794385Z	112150	0																			
2244	2026-09-24T22:15:57.488488302Z	112201	0																			
2245	2026-09-24T22:15:57.538020945Z	112250	0																			
2246	2026-09-24T22:15:57.588582283Z	112301	0																			
2247	2026-09-24T22:15:57.63806071Z	112350	0																			
2248	2026-09-24T22:15:57.688623179Z	112401	0																			
2249	2026-09-24T22:15:57.737913355Z	112450	0																			
2250	2026-09-24T22:15:57.78846503Z	112501	0																			
2251	2026-09-24T22:15:57.837950832Z	112550	0																			
2252	2026-09-24T22:15:57.888467972Z	112601	0																			
2253	2026-09-24T22:15:57.937945314Z	112650	0																			
2254	2026-09-24T22:15:57.988474814Z	112701	0																			
2255	2026-09-24T22:15:58.038026943Z	112750	0																			
2256	2026-09-24T22:15:58.088550694Z	112801	0																			
2257	2026-09-24T22:15:58.138094687Z	112850	0																			
2258	2026-09-24T22:15:58.188657455Z	112901	0																			
2259	2026-09-24T22:15:58.238307033Z	112951	0																			
2260	2026-09-24T22:15:58.287873354Z	113000	0																			
2261	2026-09-24T22:15:58.338511001Z	113051	0																			
2262	2026-09-24T22:15:58.388169409Z	113101	0																			
2263	2026-09-24T22:15:58.438717176Z	113151	0																			
2264	2026-09-24T22:15:58.488323651Z	113201	0																			
2265	2026-09-24T22:15:58.537842009Z	113250	0																			
2266	2026-09-24T22:15:58.588466626Z	113301	0																			
2267	2026-09-24T22:15:58.638053078Z	113350	0																			
2268	2026-09-24T22:15:58.68863338Z	113401	0																			
2269	2026-09-24T22:15:58.738247079Z	113451	0																			
2270	2026-09-24T22:15:58.788825485Z	113501	0																			
2271	2026-09-24T22:15:58.838457995Z	113551	0																			
2272	2026-09-24T22:15:58.888050788Z	113600	0																			
2273	2026-09-24T22:15:58.938617931Z	113651	0																			
2274	2026-09-24T22:15:58.988193699Z	113701	0																			
2275	2026-09-24T22:15:59.038726269Z	113751	0																			
2276	2026-09-24T22:15:59.088325403Z	113801	0																			
2277	2026-09-24T22:15:59.138864691Z	113851	0																			
2278	2026-09-24T22:15:59.188391856Z	113901	0																			
2279	2026-09-24T22:15:59.237945647Z	113950	0																			
2280	2026-09-24T22:15:59.28854437Z	114001	0																			
2281	2026-09-24T22:15:59.338198918Z	114051	0																			
2282	2026-09-24T22:15:59.388851605Z	114101	0																			
2283	2026-09-24T22:15:59.438545775Z	114151	0																			
2284	2026-09-24T22:15:59.48822918Z	114201	0																			
2285	2026-09-24T22:15:59.537812596Z	114250	0																			
2286	2026-09-24T22:15:59.588434226Z	114301	0																			
2287	2026-09-24T22:15:59.638020222Z	114350	0																			
2288	2026-09-24T22:15:59.688590133Z	114401	0																			
2289	2026-09-24T22:15:59.738169138Z	114451	0																			
2290	2026-09-24T22:15:59.788818378Z	114501	0																			
2291	2026-09-24T22:15:59.838469268Z	114551	0																			
2292	2026-09-24T22:15:59.888096783Z	114600	0																			
2293	2026-09-24T22:15:59.938712367Z	114651	0																			
2294	2026-09-24T22:15:59.988317953Z	114701	0																			
2295	2026-09-24T22:16:00.037852658Z	114750	0																			
2296	2026-09-24T22:16:00.088384865Z	114801	0																			
2297	2026-09-24T22:16:00.137945306Z	114850	0																			
2298	2026-09-24T22:16:00.18860086Z	114901	0																			
2299	2026-09-24T22:16:00.238250883Z	114951	0																			
2300	2026-09-24T22:16:00.287855927Z	115000	0																			
2301	2026-09-24T22:16:00.33853315Z	115051	0																			
2302	2026-09-24T22:16:00.388236249Z	115101	0																			
2303	2026-09-24T22:16:00.43785536Z	115150	0																			
2304	2026-09-24T22:16:00.488527813Z	115201	0																			
2305	2026-09-24T22:16:00.538147413Z	115251	0																			
2306	2026-09-24T22:16:00.588692334Z	115301	0																			
2307	2026-09-24T22:16:00.638251903Z	115351	0																			
2308	2026-09-24T22:16:00.688812597Z	115401	0																			
2309	2026-09-24T22:16:00.738393558Z	115451	0																			
2310	2026-09-24T22:16:00.787947722Z	115500	0																			
2311	2026-09-24T22:16:00.838466739Z	115551	0																			
2312	2026-09-24T22:16:00.888038796Z	115600	0																			
2313	2026-09-24T22:16:00.938594734Z	115651	0																			
2314	2026-09-24T22:16:00.988173952Z	115701	0																			
2315	2026-09-24T22:16:01.038750683Z	115751	0																			
2316	2026-09-24T22:16:01.088258979Z	115801	0																			
2317	2026-09-24T22:16:01.138770164Z	115851	0																			
2318	2026-09-24T22:16:01.188395332Z	115901	0																			
2319	2026-09-24T22:16:01.237929825Z	115950	0																			
2320	2026-09-24T22:16:01.288553999Z	116001	0																			
2321	2026-09-24T22:16:01.338233564Z	116051	0																			
2322	2026-09-24T22:16:01.387875625Z	116100	0																			
2323	2026-09-24T22:16:01.438623755Z	116151	0																			
2324	2026-09-24T22:16:01.488324275Z	116201	0																			
2325	2026-09-24T22:16:01.538025632Z	116250	0																			
2326	2026-09-24T22:16:01.588735647Z	116301	0																			
2327	2026-09-24T22:16:01.638468501Z	116351	0																			
2328	2026-09-24T22:16:01.688177837Z	116401	0																			
2329	2026-09-24T22:16:01.737816655Z	116450	0																			
2330	2026-09-24T22:16:01.788518268Z	116501	0																			
2331	2026-09-24T22:16:01.838175266Z	116551	0																			
2332	2026-09-24T22:16:01.888812056Z	116601	0																			
2333	2026-09-24T22:16:01.938473884Z	116651	0																			
2334	2026-09-24T22:16:01.988097968Z	116700	0																			
2335	2026-09-24T22:16:02.038773922Z	116751	0																			
2336	2026-09-24T22:16:02.088404651Z	116801	0																			
2337	2026-09-24T22:16:02.138083241Z	116850	0																			
2338	2026-09-24T22:16:02.188737911Z	116901	0																			
2339	2026-09-24T22:16:02.238370499Z	116951	0																			
2340	2026-09-24T22:16:02.287996821Z	117000	0																			
2341	2026-09-24T22:16:02.338647308Z	117051	0																			
2342	2026-09-24T22:16:02.388317137Z	117101	0																			
2343	2026-09-24T22:16:02.437853392Z	117150	0																			
2344	2026-09-24T22:16:02.488493121Z	117201	0																			
2345	2026-09-24T22:16:02.538144277Z	117251	0																			
2346	2026-09-24T22:16:02.588777153Z	117301	0																			
2347	2026-09-24T22:16:02.638416006Z	117351	0																			
2348	2026-09-24T22:16:02.688044742Z	117400	0																			
2349	2026-09-24T22:16:02.738656239Z	117451	0																			
2350	2026-09-24T22:16:02.788306321Z	117501	0																			
2351	2026-09-24T22:16:02.837864908Z	117550	0																			
2352	2026-09-24T22:16:02.888528877Z	117601	0																			
2353	2026-09-24T22:16:02.938175337Z	117651	0																			
2354	2026-09-24T22:16:02.988853521Z	117701	0																			
2355	2026-09-24T22:16:03.038544899Z	117751	0																			
2356	2026-09-24T22:16:03.088234119Z	117801	0																			
2357	2026-09-24T22:16:03.137929664Z	117850	0																			
2358	2026-09-24T22:16:03.188600808Z	117901	0																			
2359	2026-09-24T22:16:03.238304402Z	117951	0																			
2360	2026-09-24T22:16:03.288022101Z	118000	0																			
2361	2026-09-24T22:16:03.33869489Z	118051	0																			
2362	2026-09-24T22:16:03.388366824Z	118101	0																			
2363	2026-09-24T22:16:03.438009943Z	118150	0																			
2364	2026-09-24T22:16:03.488589459Z	118201	0																			
2365	2026-09-24T22:16:03.538146307Z	118251	0																			
2366	2026-09-24T22:16:03.588692426Z	118301	0																			
2367	2026-09-24T22:16:03.638228943Z	118351	0																			
2368	2026-09-24T22:16:03.687855296Z	118400	0																			
2369	2026-09-24T22:16:03.73854463Z	118451	0																			
2370	2026-09-24T22:16:03.788225126Z	118501	0																			
2371	2026-09-24T22:16:03.837812019Z	118550	0																			
2372	2026-09-24T22:16:03.888359434Z	118601	0																			
2373	2026-09-24T22:16:03.937842024Z	118650	0																			
2374	2026-09-24T22:16:03.988371728Z	118701	0																			
2375	2026-09-24T22:16:04.037840784Z	118750	0																			
2376	2026-09-24T22:16:04.088378166Z	118801	0																			
2377	2026-09-24T22:16:04.137966381Z	118850	0																			
2378	2026-09-24T22:16:04.188534947Z	118901	0																			
2379	2026-09-24T22:16:04.238074583Z	118950	0																			
2380	2026-09-24T22:16:04.288611702Z	119001	0																			
2381	2026-09-24T22:16:04.338095473Z	119050	0																			
2382	2026-09-24T22:16:04.388619291Z	119101	0																			
2383	2026-09-24T22:16:04.438224592Z	119151	0																			
2384	2026-09-24T22:16:04.4878138Z	119200	0																			
2385	2026-09-24T22:16:04.53847006Z	119251	0																			
2386	2026-09-24T22:16:04.588097743Z	119300	0																			
2387	2026-09-24T22:16:04.638776878Z	119351	0																			
2388	2026-09-24T22:16:04.688468331Z	119401	0																			
2389	2026-09-24T22:16:04.738158357Z	119451	0																			
2390	2026-09-24T22:16:04.787823018Z	119500	0																			
2391	2026-09-24T22:16:04.838500321Z	119551	0																			
2392	2026-09-24T22:16:04.888179263Z	119601	0																			
2393	2026-09-24T22:16:04.938850541Z	119651	0																			
2394	2026-09-24T22:16:04.988528673Z	119701	0																			
2395	2026-09-24T22:16:05.038175165Z	119751	0																			
2396	2026-09-24T22:16:05.088839106Z	119801	0																			
2397	2026-09-24T22:16:05.138535238Z	119851	0																			
2398	2026-09-24T22:16:05.188233064Z	119901	0																			
2399	2026-09-24T22:16:05.238832803Z	119951	0																			
2400	2026-09-24T22:16:05.288424851Z	120001	0																			
2401	2026-09-24T22:16:05.338692922Z	120051	0																			
2402	2026-09-24T22:16:05.388271461Z	120101	0																			
2403	2026-09-24T22:16:05.438767992Z	120151	0																			
2404	2026-09-24T22:16:05.488397001Z	120201	0																			
2405	2026-09-24T22:16:05.53802327Z	120250	0																			
2406	2026-09-24T22:16:05.588694512Z	120301	0																			
2407	2026-09-24T22:16:05.63832351Z	120351	0																			
2408	2026-09-24T22:16:05.687936809Z	120400	0																			
2409	2026-09-24T22:16:05.738494583Z	120451	0																			
2410	2026-09-24T22:16:05.788097346Z	120500	0																			
2411	2026-09-24T22:16:05.838770451Z	120551	0																			
2412	2026-09-24T22:16:05.888451966Z	120601	0																			
2413	2026-09-24T22:16:05.938099618Z	120650	0																			
2414	2026-09-24T22:16:05.988787086Z	120701	0																			
2415	2026-09-24T22:16:06.038510509Z	120751	0																			
2416	2026-09-24T22:16:06.088177023Z	120801	0																			
2417	2026-09-24T22:16:06.138867005Z	120851	0																			
2418	2026-09-24T22:16:06.188544017Z	120901	0																			
2419	2026-09-24T22:16:06.238231004Z	120951	0																			
2420	2026-09-24T22:16:06.287867077Z	121000	0																			
2421	2026-09-24T22:16:06.338559418Z	121051	0																			
2422	2026-09-24T22:16:06.388249749Z	121101	0																			
2423	2026-09-24T22:16:06.437871052Z	121150	0																			
2424	2026-09-24T22:16:06.488545063Z	121201	0																			
2425	2026-09-24T22:16:06.538222555Z	121251	0																			
2426	2026-09-24T22:16:06.587858204Z	121300	0																			
2427	2026-09-24T22:16:06.638526095Z	121351	0																			
2428	2026-09-24T22:16:06.688103256Z	121400	0																			
2429	2026-09-24T22:16:06.738693258Z	121451	0																			
2430	2026-09-24T22:16:06.788304284Z	121501	0																			
2431	2026-09-24T22:16:06.837867426Z	121550	0																			
2432	2026-09-24T22:16:06.888518342Z	121601	0																			
2433	2026-09-24T22:16:06.938157183Z	121651	0																			
2434	2026-09-24T22:16:06.988768706Z	121701	0																			
2435	2026-09-24T22:16:07.038319326Z	121751	0																			
2436	2026-09-24T22:16:07.087834066Z	121800	0																			
2437	2026-09-24T22:16:07.138378957Z	121851	0																			
2438	2026-09-24T22:16:07.187976972Z	121900	0																			
2439	2026-09-24T22:16:07.238576947Z	121951	0																			
2440	2026-09-24T22:16:07.288218049Z	122001	0																			
2441	2026-09-24T22:16:07.338851573Z	122051	0																			
2442	2026-09-24T22:16:07.388469105Z	122101	0																			
2443	2026-09-24T22:16:07.438100797Z	122150	0																			
2444	2026-09-24T22:16:07.488691125Z	122201	0																			
2445	2026-09-24T22:16:07.538290181Z	122251	0																			
2446	2026-09-24T22:16:07.588809595Z	122301	0																			
2447	2026-09-24T22:16:07.638322742Z	122351	0																			
2448	2026-09-24T22:16:07.687840625Z	122400	0																			
2449	2026-09-24T22:16:07.738319408Z	122451	0																			
2450	2026-09-24T22:16:07.788814458Z	122501	0																			
2451	2026-09-24T22:16:07.838242914Z	122551	0																			
2452	2026-09-24T22:16:07.888688931Z	122601	0																			
2453	2026-09-24T22:16:07.938156323Z	122651	0																			
2454	2026-09-24T22:16:07.988624715Z	122701	0																			
2455	2026-09-24T22:16:08.038093236Z	122750	0																			
2456	2026-09-24T22:16:08.088635043Z	122801	0																			
2457	2026-09-24T22:16:08.138171169Z	122851	0																			
2458	2026-09-24T22:16:08.188771511Z	122901	0																			
2459	2026-09-24T22:16:08.238317153Z	122951	0																			
2460	2026-09-24T22:16:08.287851416Z	123000	0																			
2461	2026-09-24T22:16:08.338434282Z	123051	0																			
2462	2026-09-24T22:16:08.388021939Z	123100	0																			
2463	2026-09-24T22:16:08.438616924Z	123151	0																			
2464	2026-09-24T22:16:08.488299888Z	123201	0																			
2465	2026-09-24T22:16:08.537955736Z	123250	0																			
2466	2026-09-24T22:16:08.588613279Z	123301	0																			
2467	2026-09-24T22:16:08.638231645Z	123351	0																			
2468	2026-09-24T22:16:08.687995295Z	123400	0																			
2469	2026-09-24T22:16:08.738619257Z	123451	0																			
2470	2026-09-24T22:16:08.788249642Z	123501	0																			
2471	2026-09-24T22:16:08.837863043Z	123550	0																			
2472	2026-09-24T22:16:08.888550413Z	123601	0																			
2473	2026-09-24T22:16:08.938174717Z	123651	0																			
2474	2026-09-24T22:16:08.988844372Z	123701	0																			
2475	2026-09-24T22:16:09.038497065Z	123751	0																			
2476	2026-09-24T22:16:09.088172603Z	123801	0																			
2477	2026-09-24T22:16:09.138849356Z	123851	0																			
2478	2026-09-24T22:16:09.188530106Z	123901	0																			
2479	2026-09-24T22:16:09.238729637Z	123951	0																			
2480	2026-09-24T22:16:09.288396096Z	124001	0																			
2481	2026-09-24T22:16:09.338001198Z	124050	0																			
2482	2026-09-24T22:16:09.388552274Z	124101	0																			
2483	2026-09-24T22:16:09.438131408Z	124151	0																			
2484	2026-09-24T22:16:09.488690378Z	124201	0																			
2485	2026-09-24T22:16:09.538169849Z	124251	0																			
2486	2026-09-24T22:16:09.588696678Z	124301	0																			
2487	2026-09-24T22:16:09.638173852Z	124351	0																			
2488	2026-09-24T22:16:09.688691154Z	124401	0																			
2489	2026-09-24T22:16:09.738245451Z	124451	0																			
2490	2026-09-24T22:16:09.788764651Z	124501	0																			
2491	2026-09-24T22:16:09.838229088Z	124551	0																			
2492	2026-09-24T22:16:09.888746367Z	124601	0																			
2493	2026-09-24T22:16:09.938243684Z	124651	0																			
2494	2026-09-24T22:16:09.988750364Z	124701	0																			
2495	2026-09-24T22:16:10.038204549Z	124751	0																			
2496	2026-09-24T22:16:10.088714825Z	124801	0																			
2497	2026-09-24T22:16:10.138170268Z	124851	0																			
2498	2026-09-24T22:16:10.188715352Z	124901	0																			
2499	2026-09-24T22:16:10.238244621Z	124951	0																			
2500	2026-09-24T22:16:10.288835751Z	125001	0																			
2501	2026-09-24T22:16:10.338470254Z	125051	0																			
2502	2026-09-24T22:16:10.388085465Z	125100	0																			
2503	2026-09-24T22:16:10.438691635Z	125151	0																			
2504	2026-09-24T22:16:10.488216037Z	125201	0																			
2505	2026-09-24T22:16:10.538695288Z	125251	0																			
2506	2026-09-24T22:16:10.588223705Z	125301	0																			
2507	2026-09-24T22:16:10.6386904Z	125351	0																			
2508	2026-09-24T22:16:10.68821626Z	125401	0																			
2509	2026-09-24T22:16:10.738690251Z	125451	0																			
2510	2026-09-24T22:16:10.78816899Z	125501	0																			
2511	2026-09-24T22:16:10.838619039Z	125551	0																			
2512	2026-09-24T22:16:10.888093654Z	125600	0																			
2513	2026-09-24T22:16:10.938639938Z	125651	0																			
2514	2026-09-24T22:16:10.98824391Z	125701	0																			
2515	2026-09-24T22:16:11.038802444Z	125751	0																			
2516	2026-09-24T22:16:11.088328002Z	125801	0																			
2517	2026-09-24T22:16:11.13783806Z	125850	0																			
2518	2026-09-24T22:16:11.188391792Z	125901	0																			
2519	2026-09-24T22:16:11.237944169Z	125950	0																			
2520	2026-09-24T22:16:11.288469889Z	126001	0																			
2521	2026-09-24T22:16:11.338019008Z	126050	0																			
2522	2026-09-24T22:16:11.388617847Z	126101	0																			
2523	2026-09-24T22:16:11.438169899Z	126151	0																			
2524	2026-09-24T22:16:11.488743886Z	126201	0																			
2525	2026-09-24T22:16:11.538244028Z	126251	0																			
2526	2026-09-24T22:16:11.588689215Z	126301	0																			
2527	2026-09-24T22:16:11.638169911Z	126351	0																			
2528	2026-09-24T22:16:11.688736839Z	126401	0																			
2529	2026-09-24T22:16:11.738243029Z	126451	0																			
2530	2026-09-24T22:16:11.788763736Z	126501	0																			
2531	2026-09-24T22:16:11.838245027Z	126551	0																			
2532	2026-09-24T22:16:11.888766751Z	126601	0																			
2533	2026-09-24T22:16:11.938319809Z	126651	0																			
2534	2026-09-24T22:16:11.987945171Z	126700	0																			
2535	2026-09-24T22:16:12.038576935Z	126751	0																			
2536	2026-09-24T22:16:12.088178343Z	126801	0																			
2537	2026-09-24T22:16:12.13876858Z	126851	0																			
2538	2026-09-24T22:16:12.188396821Z	126901	0																			
2539	2026-09-24T22:16:12.237945351Z	126950	0																			
2540	2026-09-24T22:16:12.288535687Z	127001	0																			
2541	2026-09-24T22:16:12.338123144Z	127051	0																			
2542	2026-09-24T22:16:12.38874576Z	127101	0																			
2543	2026-09-24T22:16:12.438356158Z	127151	0																			
2544	2026-09-24T22:16:12.487990239Z	127200	0																			
2545	2026-09-24T22:16:12.538617634Z	127251	0																			
2546	2026-09-24T22:16:12.588169746Z	127301	0																			
2547	2026-09-24T22:16:12.638766545Z	127351	0																			
2548	2026-09-24T22:16:12.688367015Z	127401	0																			
2549	2026-09-24T22:16:12.737949812Z	127450	0																			
2550	2026-09-24T22:16:12.78844738Z	127501	0																			
2551	2026-09-24T22:16:12.837944309Z	127550	0																			
2552	2026-09-24T22:16:12.888465827Z	127601	0																			
2553	2026-09-24T22:16:12.937945022Z	127650	0																			
2554	2026-09-24T22:16:12.988449479Z	127701	0																			
2555	2026-09-24T22:16:13.037970052Z	127750	0																			
2556	2026-09-24T22:16:13.088473729Z	127801	0																			
2557	2026-09-24T22:16:13.137986792Z	127850	0																			
2558	2026-09-24T22:16:13.188535239Z	127901	0																			
2559	2026-09-24T22:16:13.238104828Z	127950	0																			
2560	2026-09-24T22:16:13.288619066Z	128001	0																			
2561	2026-09-24T22:16:13.338239332Z	128051	0																			
2562	2026-09-24T22:16:13.388835839Z	128101	0																			
2563	2026-09-24T22:16:13.438412738Z	128151	0																			
2564	2026-09-24T22:16:13.487945141Z	128200	0																			
2565	2026-09-24T22:16:13.538443272Z	128251	0																			
2566	2026-09-24T22:16:13.587938249Z	128300	0																			
2567	2026-09-24T22:16:13.638459256Z	128351	0																			
2568	2026-09-24T22:16:13.687928891Z	128400	0																			
2569	2026-09-24T22:16:13.738607136Z	128451	0																			
2570	2026-09-24T22:16:13.788243478Z	128501	0																			
2571	2026-09-24T22:16:13.837838512Z	128550	0																			
2572	2026-09-24T22:16:13.888442451Z	128601	0																			
2573	2026-09-24T22:16:13.938095627Z	128650	0																			
2574	2026-09-24T22:16:13.988698691Z	128701	0																			
2575	2026-09-24T22:16:14.038246485Z	128751	0																			
2576	2026-09-24T22:16:14.08880135Z	128801	0																			
2577	2026-09-24T22:16:14.138468877Z	128851	0																			
2578	2026-09-24T22:16:14.18815274Z	128901	0																			
2579	2026-09-24T22:16:14.238760171Z	128951	0																			
2580	2026-09-24T22:16:14.288388895Z	129001	0																			
2581	2026-09-24T22:16:14.338021917Z	129050	0																			
2582	2026-09-24T22:16:14.388676068Z	129101	0																			
2583	2026-09-24T22:16:14.438244795Z	129151	0																			
2584	2026-09-24T22:16:14.487829846Z	129200	0																			
2585	2026-09-24T22:16:14.538395298Z	129251	0																			
2586	2026-09-24T22:16:14.588019906Z	129300	0																			
2587	2026-09-24T22:16:14.638541135Z	129351	0																			
2588	2026-09-24T22:16:14.68809437Z	129400	0																			
2589	2026-09-24T22:16:14.738616357Z	129451	0																			
2590	2026-09-24T22:16:14.788186851Z	129501	0																			
2591	2026-09-24T22:16:14.838765736Z	129551	0																			
2592	2026-09-24T22:16:14.888315849Z	129601	0																			
2593	2026-09-24T22:16:14.937837463Z	129650	0																			
2594	2026-09-24T22:16:14.988392703Z	129701	0																			
2595	2026-09-24T22:16:15.037831897Z	129750	0																			
2596	2026-09-24T22:16:15.088330818Z	129801	0																			
2597	2026-09-24T22:16:15.137843978Z	129850	0																			
2598	2026-09-24T22:16:15.188391583Z	129901	0																			
2599	2026-09-24T22:16:15.237943661Z	129950	0																			
2600	2026-09-24T22:16:15.288489988Z	130001	0																			
2601	2026-09-24T22:16:15.338689925Z	130051	0																			
2602	2026-09-24T22:16:15.388218463Z	130101	0																			
2603	2026-09-24T22:16:15.438745166Z	130151	0																			
2604	2026-09-24T22:16:15.488243877Z	130201	0																			
2605	2026-09-24T22:16:15.538691573Z	130251	0																			
2606	2026-09-24T22:16:15.588199967Z	130301	0																			
2607	2026-09-24T22:16:15.638692461Z	130351	0																			
2608	2026-09-24T22:16:15.688093438Z	130400	0																			
2609	2026-09-24T22:16:15.738536379Z	130451	0																			
2610	2026-09-24T22:16:15.788086907Z	130500	0																			
2611	2026-09-24T22:16:15.838541504Z	130551	0																			
2612	2026-09-24T22:16:15.888019646Z	130600	0																			
2613	2026-09-24T22:16:15.938467117Z	130651	0																			
2614	2026-09-24T22:16:15.987944866Z	130700	0																			
2615	2026-09-24T22:16:16.038457939Z	130751	0																			
2616	2026-09-24T22:16:16.087856207Z	130800	0																			
2617	2026-09-24T22:16:16.138495969Z	130851	0																			
2618	2026-09-24T22:16:16.188102267Z	130900	0																			
2619	2026-09-24T22:16:16.238772583Z	130951	0																			
2620	2026-09-24T22:16:16.288473293Z	131001	0																			
2621	2026-09-24T22:16:16.338174709Z	131051	0																			
2622	2026-09-24T22:16:16.387812588Z	131100	0																			
2623	2026-09-24T22:16:16.438522857Z	131151	0																			
2624	2026-09-24T22:16:16.488231866Z	131201	0																			
2625	2026-09-24T22:16:16.537872152Z	131250	0																			
2626	2026-09-24T22:16:16.588547633Z	131301	0																			
2627	2026-09-24T22:16:16.638254749Z	131351	0																			
2628	2026-09-24T22:16:16.687871882Z	131400	0																			
2629	2026-09-24T22:16:16.738514395Z	131451	0																			
2630	2026-09-24T22:16:16.788215988Z	131501	0																			
2631	2026-09-24T22:16:16.838766511Z	131551	0																			
2632	2026-09-24T22:16:16.888307155Z	131601	0																			
2633	2026-09-24T22:16:16.937843543Z	131650	0																			
2634	2026-09-24T22:16:16.988396566Z	131701	0																			
2635	2026-09-24T22:16:17.037943237Z	131750	0																			
2636	2026-09-24T22:16:17.088495344Z	131801	0																			
2637	2026-09-24T22:16:17.138082013Z	131850	0																			
2638	2026-09-24T22:16:17.188692338Z	131901	0																			
2639	2026-09-24T22:16:17.23824543Z	131951	0																			
2640	2026-09-24T22:16:17.28885132Z	132001	0																			
2641	2026-09-24T22:16:17.338479797Z	132051	0																			
2642	2026-09-24T22:16:17.388084704Z	132100	0																			
2643	2026-09-24T22:16:17.43868984Z	132151	0																			
2644	2026-09-24T22:16:17.488297891Z	132201	0																			
2645	2026-09-24T22:16:17.537839674Z	132250	0																			
2646	2026-09-24T22:16:17.588442599Z	132301	0																			
2647	2026-09-24T22:16:17.63794647Z	132350	0																			
2648	2026-09-24T22:16:17.688464667Z	132401	0																			
2649	2026-09-24T22:16:17.738002895Z	132450	0																			
2650	2026-09-24T22:16:17.788542558Z	132501	0																			
2651	2026-09-24T22:16:17.838094252Z	132550	0																			
2652	2026-09-24T22:16:17.888614894Z	132601	0																			
2653	2026-09-24T22:16:17.938096275Z	132650	0																			
2654	2026-09-24T22:16:17.988696142Z	132701	0																			
2655	2026-09-24T22:16:18.038323042Z	132751	0																			
2656	2026-09-24T22:16:18.087948497Z	132800	0																			
2657	2026-09-24T22:16:18.13859469Z	132851	0																			
2658	2026-09-24T22:16:18.188247066Z	132901	0																			
2659	2026-09-24T22:16:18.238842531Z	132951	0																			
2660	2026-09-24T22:16:18.288396355Z	133001	0																			
2661	2026-09-24T22:16:18.3380215Z	133050	0																			
2662	2026-09-24T22:16:18.388617968Z	133101	0																			
2663	2026-09-24T22:16:18.438219657Z	133151	0																			
2664	2026-09-24T22:16:18.488765699Z	133201	0																			
2665	2026-09-24T22:16:18.538243591Z	133251	0																			
2666	2026-09-24T22:16:18.588757373Z	133301	0																			
2667	2026-09-24T22:16:18.638246071Z	133351	0																			
2668	2026-09-24T22:16:18.688827309Z	133401	0																			
2669	2026-09-24T22:16:18.738393463Z	133451	0																			
2670	2026-09-24T22:16:18.787934241Z	133500	0																			
2671	2026-09-24T22:16:18.838467316Z	133551	0																			
2672	2026-09-24T22:16:18.887927896Z	133600	0																			
2673	2026-09-24T22:16:18.938444361Z	133651	0																			
2674	2026-09-24T22:16:18.987912613Z	133700	0																			
2675	2026-09-24T22:16:19.038545258Z	133751	0																			
2676	2026-09-24T22:16:19.088067863Z	133800	0																			
2677	2026-09-24T22:16:19.138628439Z	133851	0																			
2678	2026-09-24T22:16:19.188244473Z	133901	0																			
2679	2026-09-24T22:16:19.238827151Z	133951	0																			
2680	2026-09-24T22:16:19.288324771Z	134001	0																			
2681	2026-09-24T22:16:19.337859851Z	134050	0																			
2682	2026-09-24T22:16:19.388460127Z	134101	0																			
2683	2026-09-24T22:16:19.438122593Z	134151	0																			
2684	2026-09-24T22:16:19.488732305Z	134201	0																			
2685	2026-09-24T22:16:19.538412147Z	134251	0																			
2686	2026-09-24T22:16:19.588088205Z	134300	0																			
2687	2026-09-24T22:16:19.63869945Z	134351	0																			
2688	2026-09-24T22:16:19.68837565Z	134401	0																			
2689	2026-09-24T22:16:19.737946183Z	134450	0																			
2690	2026-09-24T22:16:19.788544729Z	134501	0																			
2691	2026-09-24T22:16:19.838169638Z	134551	0																			
2692	2026-09-24T22:16:19.88876808Z	134601	0																			
2693	2026-09-24T22:16:19.938446125Z	134651	0																			
2694	2026-09-24T22:16:19.987997932Z	134700	0																			
2695	2026-09-24T22:16:20.038544756Z	134751	0																			
2696	2026-09-24T22:16:20.088077278Z	134800	0																			
2697	2026-09-24T22:16:20.138690789Z	134851	0																			
2698	2026-09-24T22:16:20.188168102Z	134901	0																			
2699	2026-09-24T22:16:20.238706319Z	134951	0																			
2700	2026-09-24T22:16:20.288234902Z	135001	0																			
2701	2026-09-24T22:16:20.338693153Z	135051	0																			
2702	2026-09-24T22:16:20.388169775Z	135101	0																			
2703	2026-09-24T22:16:20.438681962Z	135151	0																			
2704	2026-09-24T22:16:20.488168517Z	135201	0																			
2705	2026-09-24T22:16:20.538689641Z	135251	0																			
2706	2026-09-24T22:16:20.588157929Z	135301	0																			
2707	2026-09-24T22:16:20.63861005Z	135351	0																			
2708	2026-09-24T22:16:20.688159047Z	135401	0																			
2709	2026-09-24T22:16:20.738693236Z	135451	0																			
2710	2026-09-24T22:16:20.788168376Z	135501	0																			
2711	2026-09-24T22:16:20.838690126Z	135551	0																			
2712	2026-09-24T22:16:20.888149135Z	135601	0																			
2713	2026-09-24T22:16:20.938597015Z	135651	0																			
2714	2026-09-24T22:16:20.988019661Z	135700	0																			
2715	2026-09-24T22:16:21.038510635Z	135751	0																			
2716	2026-09-24T22:16:21.08803737Z	135800	0																			
2717	2026-09-24T22:16:21.138593292Z	135851	0																			
2718	2026-09-24T22:16:21.188116662Z	135901	0																			
2719	2026-09-24T22:16:21.238616374Z	135951	0																			
2720	2026-09-24T22:16:21.288077308Z	136000	0																			
2721	2026-09-24T22:16:21.338542989Z	136051	0																			
2722	2026-09-24T22:16:21.388086552Z	136100	0																			
2723	2026-09-24T22:16:21.438542451Z	136151	0																			
2724	2026-09-24T22:16:21.488086742Z	136200	0																			
2725	2026-09-24T22:16:21.538541456Z	136251	0																			
2726	2026-09-24T22:16:21.588018939Z	136300	0																			
2727	2026-09-24T22:16:21.638517606Z	136351	0																			
2728	2026-09-24T22:16:21.687944391Z	136400	0																			
2729	2026-09-24T22:16:21.738392513Z	136451	0																			
2730	2026-09-24T22:16:21.787835149Z	136500	0																			
2731	2026-09-24T22:16:21.838243528Z	136551	0																			
2732	2026-09-24T22:16:21.88866875Z	136601	0																			
2733	2026-09-24T22:16:21.938168003Z	136651	0																			
2734	2026-09-24T22:16:21.988683636Z	136701	0																			
2735	2026-09-24T22:16:22.038205165Z	136751	0																			
2736	2026-09-24T22:16:22.088684629Z	136801	0																			
2737	2026-09-24T22:16:22.1381504Z	136851	0																			
2738	2026-09-24T22:16:22.188652014Z	136901	0																			
2739	2026-09-24T22:16:22.238133812Z	136951	0																			
2740	2026-09-24T22:16:22.28862998Z	137001	0																			
2741	2026-09-24T22:16:22.338246412Z	137051	0																			
2742	2026-09-24T22:16:22.38880861Z	137101	0																			
2743	2026-09-24T22:16:22.438378397Z	137151	0																			
2744	2026-09-24T22:16:22.487943443Z	137200	0																			
2745	2026-09-24T22:16:22.538531103Z	137251	0																			
2746	2026-09-24T22:16:22.588151902Z	137301	0																			
2747	2026-09-24T22:16:22.638693423Z	137351	0																			
2748	2026-09-24T22:16:22.688286495Z	137401	0																			
2749	2026-09-24T22:16:22.737822411Z	137450	0																			
2750	2026-09-24T22:16:22.788318548Z	137501	0																			
2751	2026-09-24T22:16:22.838819999Z	137551	0																			
2752	2026-09-24T22:16:22.888316427Z	137601	0																			
2753	2026-09-24T22:16:22.938840141Z	137651	0																			
2754	2026-09-24T22:16:22.988347691Z	137701	0																			
2755	2026-09-24T22:16:23.037833266Z	137750	0																			
2756	2026-09-24T22:16:23.088329526Z	137801	0																			
2757	2026-09-24T22:16:23.138852819Z	137851	0																			
2758	2026-09-24T22:16:23.188458355Z	137901	0																			
2759	2026-09-24T22:16:23.238020633Z	137950	0																			
2760	2026-09-24T22:16:23.288622093Z	138001	0																			
2761	2026-09-24T22:16:23.338190469Z	138051	0																			
2762	2026-09-24T22:16:23.38878044Z	138101	0																			
2763	2026-09-24T22:16:23.438343404Z	138151	0																			
2764	2026-09-24T22:16:23.488850185Z	138201	0																			
2765	2026-09-24T22:16:23.538410507Z	138251	0																			
2766	2026-09-24T22:16:23.587936082Z	138300	0																			
2767	2026-09-24T22:16:23.63846932Z	138351	0																			
2768	2026-09-24T22:16:23.687948623Z	138400	0																			
2769	2026-09-24T22:16:23.738588701Z	138451	0																			
2770	2026-09-24T22:16:23.788186519Z	138501	0																			
2771	2026-09-24T22:16:23.838820132Z	138551	0																			
2772	2026-09-24T22:16:23.888394566Z	138601	0																			
2773	2026-09-24T22:16:23.937944739Z	138650	0																			
2774	2026-09-24T22:16:23.988442838Z	138701	0																			
2775	2026-09-24T22:16:24.037978976Z	138750	0																			
2776	2026-09-24T22:16:24.088543297Z	138801	0																			
2777	2026-09-24T22:16:24.138030182Z	138850	0																			
2778	2026-09-24T22:16:24.188468246Z	138901	0																			
2779	2026-09-24T22:16:24.238010674Z	138950	0																			
2780	2026-09-24T22:16:24.288529828Z	139001	0																			
2781	2026-09-24T22:16:24.338060977Z	139050	0																			
2782	2026-09-24T22:16:24.388544813Z	139101	0																			
2783	2026-09-24T22:16:24.438098105Z	139150	0																			
2784	2026-09-24T22:16:24.488749737Z	139201	0																			
2785	2026-09-24T22:16:24.5383196Z	139251	0																			
2786	2026-09-24T22:16:24.587811782Z	139300	0																			
2787	2026-09-24T22:16:24.638393612Z	139351	0																			
2788	2026-09-24T22:16:24.687859862Z	139400	0																			
2789	2026-09-24T22:16:24.738394559Z	139451	0																			
2790	2026-09-24T22:16:24.787945236Z	139500	0																			
2791	2026-09-24T22:16:24.838466611Z	139551	0																			
2792	2026-09-24T22:16:24.887963215Z	139600	0																			
2793	2026-09-24T22:16:24.938470264Z	139651	0																			
2794	2026-09-24T22:16:24.987945953Z	139700	0																			
2795	2026-09-24T22:16:25.03847056Z	139751	0																			
2796	2026-09-24T22:16:25.088007113Z	139800	0																			
2797	2026-09-24T22:16:25.138481799Z	139851	0																			
2798	2026-09-24T22:16:25.188011578Z	139900	0																			
2799	2026-09-24T22:16:25.238468477Z	139951	0																			
2800	2026-09-24T22:16:25.287946549Z	140000	0																			
2801	2026-09-24T22:16:25.338576555Z	140051	0																			
2802	2026-09-24T22:16:25.388037738Z	140100	0																			
2803	2026-09-24T22:16:25.438562807Z	140151	0																			
2804	2026-09-24T22:16:25.488096637Z	140200	0																			
2805	2026-09-24T22:16:25.538619339Z	140251	0																			
2806	2026-09-24T22:16:25.588124858Z	140301	0																			
2807	2026-09-24T22:16:25.638671642Z	140351	0																			
2808	2026-09-24T22:16:25.688125819Z	140401	0																			
2809	2026-09-24T22:16:25.738614575Z	140451	0																			
2810	2026-09-24T22:16:25.788087917Z	140500	0																			
2811	2026-09-24T22:16:25.838597644Z	140551	0																			
2812	2026-09-24T22:16:25.888093101Z	140600	0																			
2813	2026-09-24T22:16:25.938592021Z	140651	0																			
2814	2026-09-24T22:16:25.988093524Z	140700	0																			
2815	2026-09-24T22:16:26.038536475Z	140751	0																			
2816	2026-09-24T22:16:26.087941216Z	140800	0																			
2817	2026-09-24T22:16:26.138456881Z	140851	0																			
2818	2026-09-24T22:16:26.187944761Z	140900	0																			
2819	2026-09-24T22:16:26.238477303Z	140951	0																			
2820	2026-09-24T22:16:26.287996098Z	141000	0																			
2821	2026-09-24T22:16:26.338483157Z	141051	0																			
2822	2026-09-24T22:16:26.388022922Z	141100	0																			
2823	2026-09-24T22:16:26.438599798Z	141151	0																			
2824	2026-09-24T22:16:26.488168876Z	141201	0																			
2825	2026-09-24T22:16:26.5386916Z	141251	0																			
2826	2026-09-24T22:16:26.58823491Z	141301	0																			
2827	2026-09-24T22:16:26.638766814Z	141351	0																			
2828	2026-09-24T22:16:26.688355407Z	141401	0																			
2829	2026-09-24T22:16:26.73794446Z	141450	0																			
2830	2026-09-24T22:16:26.788476Z	141501	0																			
2831	2026-09-24T22:16:26.838019667Z	141550	0																			
2832	2026-09-24T22:16:26.888542093Z	141601	0																			
2833	2026-09-24T22:16:26.938141446Z	141651	0																			
2834	2026-09-24T22:16:26.988720493Z	141701	0																			
2835	2026-09-24T22:16:27.038286176Z	141751	0																			
2836	2026-09-24T22:16:27.08783088Z	141800	0																			
2837	2026-09-24T22:16:27.138282446Z	141851	0																			
2838	2026-09-24T22:16:27.188749058Z	141901	0																			
2839	2026-09-24T22:16:27.23824398Z	141951	0																			
2840	2026-09-24T22:16:27.288760566Z	142001	0																			
2841	2026-09-24T22:16:27.338318205Z	142051	0																			
2842	2026-09-24T22:16:27.387821019Z	142100	0																			
2843	2026-09-24T22:16:27.438364869Z	142151	0																			
2844	2026-09-24T22:16:27.48884025Z	142201	0																			
2845	2026-09-24T22:16:27.538316829Z	142251	0																			
2846	2026-09-24T22:16:27.588792924Z	142301	0																			
2847	2026-09-24T22:16:27.638283111Z	142351	0																			
2848	2026-09-24T22:16:27.688837565Z	142401	0																			
2849	2026-09-24T22:16:27.738346452Z	142451	0																			
2850	2026-09-24T22:16:27.788802946Z	142501	0																			
2851	2026-09-24T22:16:27.838242086Z	142551	0																			
2852	2026-09-24T22:16:27.888759006Z	142601	0																			
2853	2026-09-24T22:16:27.938244052Z	142651	0																			
2854	2026-09-24T22:16:27.988698524Z	142701	0																			
2855	2026-09-24T22:16:28.038129633Z	142751	0																			
2856	2026-09-24T22:16:28.088629438Z	142801	0																			
2857	2026-09-24T22:16:28.138170047Z	142851	0																			
2858	2026-09-24T22:16:28.188772305Z	142901	0																			
2859	2026-09-24T22:16:28.238478285Z	142951	0																			
2860	2026-09-24T22:16:28.288156007Z	143001	0																			
2861	2026-09-24T22:16:28.338788457Z	143051	0																			
2862	2026-09-24T22:16:28.388473143Z	143101	0																			
2863	2026-09-24T22:16:28.438097986Z	143150	0																			
2864	2026-09-24T22:16:28.488758942Z	143201	0																			
2865	2026-09-24T22:16:28.538383099Z	143251	0																			
2866	2026-09-24T22:16:28.588045376Z	143300	0																			
2867	2026-09-24T22:16:28.638696086Z	143351	0																			
2868	2026-09-24T22:16:28.688364952Z	143401	0																			
2869	2026-09-24T22:16:28.738075891Z	143450	0																			
2870	2026-09-24T22:16:28.788767847Z	143501	0																			
2871	2026-09-24T22:16:28.838471882Z	143551	0																			
2872	2026-09-24T22:16:28.888149681Z	143601	0																			
2873	2026-09-24T22:16:28.938771663Z	143651	0																			
2874	2026-09-24T22:16:28.988393814Z	143701	0																			
2875	2026-09-24T22:16:29.038055063Z	143750	0																			
2876	2026-09-24T22:16:29.088699558Z	143801	0																			
2877	2026-09-24T22:16:29.138326088Z	143851	0																			
2878	2026-09-24T22:16:29.187984342Z	143900	0																			
2879	2026-09-24T22:16:29.238541039Z	143951	0																			
2880	2026-09-24T22:16:29.288095741Z	144000	0																			
2881	2026-09-24T22:16:29.338764293Z	144051	0																			
2882	2026-09-24T22:16:29.388395109Z	144101	0																			
2883	2026-09-24T22:16:29.438024932Z	144150	0																			
2884	2026-09-24T22:16:29.48870352Z	144201	0																			
2885	2026-09-24T22:16:29.538397948Z	144251	0																			
2886	2026-09-24T22:16:29.588077917Z	144300	0																			
2887	2026-09-24T22:16:29.638764701Z	144351	0																			
2888	2026-09-24T22:16:29.688396413Z	144401	0																			
2889	2026-09-24T22:16:29.738104382Z	144450	0																			
2890	2026-09-24T22:16:29.788789809Z	144501	0																			
2891	2026-09-24T22:16:29.838472307Z	144551	0																			
2892	2026-09-24T22:16:29.888018127Z	144600	0																			
2893	2026-09-24T22:16:29.938588948Z	144651	0																			
2894	2026-09-24T22:16:29.988093746Z	144700	0																			
2895	2026-09-24T22:16:30.038545447Z	144751	0																			
2896	2026-09-24T22:16:30.088017733Z	144800	0																			
2897	2026-09-24T22:16:30.138503118Z	144851	0																			
2898	2026-09-24T22:16:30.188067989Z	144900	0																			
2899	2026-09-24T22:16:30.238693315Z	144951	0																			
2900	2026-09-24T22:16:30.288296605Z	145001	0																			
2901	2026-09-24T22:16:30.337845958Z	145050	0																			
2902	2026-09-24T22:16:30.388456073Z	145101	0																			
2903	2026-09-24T22:16:30.43803182Z	145150	0																			
2904	2026-09-24T22:16:30.488615803Z	145201	0																			
2905	2026-09-24T22:16:30.538226755Z	145251	0																			
2906	2026-09-24T22:16:30.588806459Z	145301	0																			
2907	2026-09-24T22:16:30.638392387Z	145351	0																			
2908	2026-09-24T22:16:30.687935586Z	145400	0																			
2909	2026-09-24T22:16:30.738462778Z	145451	0																			
2910	2026-09-24T22:16:30.787984377Z	145500	0																			
2911	2026-09-24T22:16:30.838590016Z	145551	0																			
2912	2026-09-24T22:16:30.888142533Z	145601	0																			
2913	2026-09-24T22:16:30.938691007Z	145651	0																			
2914	2026-09-24T22:16:30.98824271Z	145701	0																			
2915	2026-09-24T22:16:31.038770397Z	145751	0																			
2916	2026-09-24T22:16:31.08830957Z	145801	0																			
2917	2026-09-24T22:16:31.138845668Z	145851	0																			
2918	2026-09-24T22:16:31.188319113Z	145901	0																			
2919	2026-09-24T22:16:31.238850482Z	145951	0																			
2920	2026-09-24T22:16:31.288317271Z	146001	0																			
2921	2026-09-24T22:16:31.338841151Z	146051	0																			
2922	2026-09-24T22:16:31.388385244Z	146101	0																			
2923	2026-09-24T22:16:31.437867099Z	146150	0																			
2924	2026-09-24T22:16:31.488318743Z	146201	0																			
2925	2026-09-24T22:16:31.538839883Z	146251	0																			
2926	2026-09-24T22:16:31.588391797Z	146301	0																			
2927	2026-09-24T22:16:31.637838585Z	146350	0																			
2928	2026-09-24T22:16:31.688392666Z	146401	0																			
2929	2026-09-24T22:16:31.73795816Z	146450	0																			
2930	2026-09-24T22:16:31.78854061Z	146501	0																			
2931	2026-09-24T22:16:31.838071379Z	146550	0																			
2932	2026-09-24T22:16:31.88860889Z	146601	0																			
2933	2026-09-24T22:16:31.938074863Z	146650	0																			
2934	2026-09-24T22:16:31.988542414Z	146701	0																			
2935	2026-09-24T22:16:32.038117414Z	146751	0																			
2936	2026-09-24T22:16:32.088649115Z	146801	0																			
2937	2026-09-24T22:16:32.138156177Z	146851	0																			
2938	2026-09-24T22:16:32.18869733Z	146901	0																			
2939	2026-09-24T22:16:32.23817158Z	146951	0																			
2940	2026-09-24T22:16:32.288744049Z	147001	0																			
2941	2026-09-24T22:16:32.338244571Z	147051	0																			
2942	2026-09-24T22:16:32.388844565Z	147101	0																			
2943	2026-09-24T22:16:32.438468865Z	147151	0																			
2944	2026-09-24T22:16:32.488020529Z	147200	0																			
2945	2026-09-24T22:16:32.538641036Z	147251	0																			
2946	2026-09-24T22:16:32.588244511Z	147301	0																			
2947	2026-09-24T22:16:32.638849249Z	147351	0																			
2948	2026-09-24T22:16:32.688455609Z	147401	0																			
2949	2026-09-24T22:16:32.738018956Z	147450	0																			
2950	2026-09-24T22:16:32.788541766Z	147501	0																			
2951	2026-09-24T22:16:32.838073013Z	147550	0																			
2952	2026-09-24T22:16:32.888573775Z	147601	0																			
2953	2026-09-24T22:16:32.938095252Z	147650	0																			
2954	2026-09-24T22:16:32.98861627Z	147701	0																			
2955	2026-09-24T22:16:33.038181064Z	147751	0																			
2956	2026-09-24T22:16:33.088776829Z	147801	0																			
2957	2026-09-24T22:16:33.1383985Z	147851	0																			
2958	2026-09-24T22:16:33.188096224Z	147900	0																			
2959	2026-09-24T22:16:33.238691596Z	147951	0																			
2960	2026-09-24T22:16:33.288288702Z	148001	0																			
2961	2026-09-24T22:16:33.337940588Z	148050	0																			
2962	2026-09-24T22:16:33.388546727Z	148101	0																			
2963	2026-09-24T22:16:33.438171732Z	148151	0																			
2964	2026-09-24T22:16:33.488770184Z	148201	0																			
2965	2026-09-24T22:16:33.538395385Z	148251	0																			
2966	2026-09-24T22:16:33.58802523Z	148300	0																			
2967	2026-09-24T22:16:33.63868351Z	148351	0																			
2968	2026-09-24T22:16:33.688323248Z	148401	0																			
2969	2026-09-24T22:16:33.737998125Z	148450	0																			
2970	2026-09-24T22:16:33.788638708Z	148501	0																			
2971	2026-09-24T22:16:33.838250695Z	148551	0																			
2972	2026-09-24T22:16:33.887854453Z	148600	0																			
2973	2026-09-24T22:16:33.938512899Z	148651	0																			
2974	2026-09-24T22:16:33.988181128Z	148701	0																			
2975	2026-09-24T22:16:34.038857156Z	148751	0																			
2976	2026-09-24T22:16:34.088483595Z	148801	0																			
2977	2026-09-24T22:16:34.138131293Z	148851	0																			
2978	2026-09-24T22:16:34.18884401Z	148901	0																			
2979	2026-09-24T22:16:34.238471269Z	148951	0																			
2980	2026-09-24T22:16:34.288132064Z	149001	0																			
2981	2026-09-24T22:16:34.338746704Z	149051	0																			
2982	2026-09-24T22:16:34.388399058Z	149101	0																			
2983	2026-09-24T22:16:34.438029669Z	149150	0																			
2984	2026-09-24T22:16:34.488698143Z	149201	0																			
2985	2026-09-24T22:16:34.538399083Z	149251	0																			
2986	2026-09-24T22:16:34.588091437Z	149300	0																			
2987	2026-09-24T22:16:34.638771633Z	149351	0																			
2988	2026-09-24T22:16:34.688473866Z	149401	0																			
2989	2026-09-24T22:16:34.738176713Z	149451	0																			
2990	2026-09-24T22:16:34.787830647Z	149500	0																			
2991	2026-09-24T22:16:34.838541656Z	149551	0																			
2992	2026-09-24T22:16:34.888185745Z	149601	0																			
2993	2026-09-24T22:16:34.937826425Z	149650	0																			
2994	2026-09-24T22:16:34.988550348Z	149701	0																			
2995	2026-09-24T22:16:35.038260287Z	149751	0																			
2996	2026-09-24T22:16:35.087997903Z	149800	0																			
2997	2026-09-24T22:16:35.1387648Z	149851	0																			
2998	2026-09-24T22:16:35.188511981Z	149901	0																			
2999	2026-09-24T22:16:35.238247874Z	149951	0																			
3000	2026-09-24T22:16:35.28795351Z	150000	0																			
3001	2026-09-24T22:16:35.338602461Z	150051	0																			
3002	2026-09-24T22:16:35.388242655Z	150101	0																			
3003	2026-09-24T22:16:35.437941633Z	150150	0																			
3004	2026-09-24T22:16:35.488625021Z	150201	0																			
3005	2026-09-24T22:16:35.538326925Z	150251	0																			
3006	2026-09-24T22:16:35.588026679Z	150300	0																			
3007	2026-09-24T22:16:35.63870704Z	150351	0																			
3008	2026-09-24T22:16:35.688396836Z	150401	0																			
3009	2026-09-24T22:16:35.738060754Z	150450	0																			
3010	2026-09-24T22:16:35.788770211Z	150501	0																			
3011	2026-09-24T22:16:35.838472285Z	150551	0																			
3012	2026-09-24T22:16:35.888177198Z	150601	0																			
3013	2026-09-24T22:16:35.937825021Z	150650	0																			
3014	2026-09-24T22:16:35.988523592Z	150701	0																			
3015	2026-09-24T22:16:36.038220293Z	150751	0																			
3016	2026-09-24T22:16:36.087945171Z	150800	0																			
3017	2026-09-24T22:16:36.138684113Z	150851	0																			
3018	2026-09-24T22:16:36.188372478Z	150901	0																			
3019	2026-09-24T22:16:36.238024579Z	150950	0																			
3020	2026-09-24T22:16:36.288701323Z	151001	0																			
3021	2026-09-24T22:16:36.338321463Z	151051	0																			
3022	2026-09-24T22:16:36.388008152Z	151100	0																			
3023	2026-09-24T22:16:36.438696213Z	151151	0																			
3024	2026-09-24T22:16:36.488370358Z	151201	0																			
3025	2026-09-24T22:16:36.538018946Z	151250	0																			
3026	2026-09-24T22:16:36.588692956Z	151301	0																			
3027	2026-09-24T22:16:36.638293323Z	151351	0																			
3028	2026-09-24T22:16:36.687950322Z	151400	0																			
3029	2026-09-24T22:16:36.738620563Z	151451	0																			
3030	2026-09-24T22:16:36.788248275Z	151501	0																			
3031	2026-09-24T22:16:36.837940592Z	151550	0																			
3032	2026-09-24T22:16:36.888619207Z	151601	0																			
3033	2026-09-24T22:16:36.938247923Z	151651	0																			
3034	2026-09-24T22:16:36.987854083Z	151700	0																			
3035	2026-09-24T22:16:37.038547588Z	151751	0																			
3036	2026-09-24T22:16:37.088188585Z	151801	0																			
3037	2026-09-24T22:16:37.137823133Z	151850	0																			
3038	2026-09-24T22:16:37.188471918Z	151901	0																			
3039	2026-09-24T22:16:37.238131214Z	151951	0																			
3040	2026-09-24T22:16:37.288848589Z	152001	0																			
3041	2026-09-24T22:16:37.338546831Z	152051	0																			
3042	2026-09-24T22:16:37.388230546Z	152101	0																			
3043	2026-09-24T22:16:37.437872776Z	152150	0																			
3044	2026-09-24T22:16:37.488530402Z	152201	0																			
3045	2026-09-24T22:16:37.538221053Z	152251	0																			
3046	2026-09-24T22:16:37.588848452Z	152301	0																			
3047	2026-09-24T22:16:37.638546503Z	152351	0																			
3048	2026-09-24T22:16:37.688247471Z	152401	0																			
3049	2026-09-24T22:16:37.73785758Z	152450	0																			
3050	2026-09-24T22:16:37.78854674Z	152501	0																			
3051	2026-09-24T22:16:37.83824911Z	152551	0																			
3052	2026-09-24T22:16:37.887928972Z	152600	0																			
3053	2026-09-24T22:16:37.938548909Z	152651	0																			
3054	2026-09-24T22:16:37.988229677Z	152701	0																			
3055	2026-09-24T22:16:38.037867772Z	152750	0																			
3056	2026-09-24T22:16:38.088485258Z	152801	0																			
3057	2026-09-24T22:16:38.138174815Z	152851	0																			
3058	2026-09-24T22:16:38.187822861Z	152900	0																			
3059	2026-09-24T22:16:38.238537868Z	152951	0																			
3060	2026-09-24T22:16:38.288175715Z	153001	0																			
3061	2026-09-24T22:16:38.337815359Z	153050	0																			
3062	2026-09-24T22:16:38.388447325Z	153101	0																			
3063	2026-09-24T22:16:38.438132392Z	153151	0																			
3064	2026-09-24T22:16:38.488815502Z	153201	0																			
3065	2026-09-24T22:16:38.538469639Z	153251	0																			
3066	2026-09-24T22:16:38.588096583Z	153300	0																			
3067	2026-09-24T22:16:38.638777432Z	153351	0																			
3068	2026-09-24T22:16:38.688458498Z	153401	0																			
3069	2026-09-24T22:16:38.738102457Z	153450	0																			
3070	2026-09-24T22:16:38.788772057Z	153501	0																			
3071	2026-09-24T22:16:38.838473774Z	153551	0																			
3072	2026-09-24T22:16:38.888151796Z	153601	0																			
3073	2026-09-24T22:16:38.938779022Z	153651	0																			
3074	2026-09-24T22:16:38.988422114Z	153701	0																			
3075	2026-09-24T22:16:39.038089453Z	153750	0																			
3076	2026-09-24T22:16:39.088702145Z	153801	0																			
3077	2026-09-24T22:16:39.13832235Z	153851	0																			
3078	2026-09-24T22:16:39.187977507Z	153900	0																			
3079	2026-09-24T22:16:39.238543456Z	153951	0																			
3080	2026-09-24T22:16:39.28812491Z	154001	0																			
3081	2026-09-24T22:16:39.338784069Z	154051	0																			
3082	2026-09-24T22:16:39.388455841Z	154101	0																			
3083	2026-09-24T22:16:39.438096547Z	154150	0																			
3084	2026-09-24T22:16:39.488693086Z	154201	0																			
3085	2026-09-24T22:16:39.538322908Z	154251	0																			
3086	2026-09-24T22:16:39.587947919Z	154300	0																			
3087	2026-09-24T22:16:39.638545187Z	154351	0																			
3088	2026-09-24T22:16:39.688171787Z	154401	0																			
3089	2026-09-24T22:16:39.738815871Z	154451	0																			
3090	2026-09-24T22:16:39.788468251Z	154501	0																			
3091	2026-09-24T22:16:39.838098348Z	154550	0																			
3092	2026-09-24T22:16:39.888690996Z	154601	0																			
3093	2026-09-24T22:16:39.938246479Z	154651	0																			
3094	2026-09-24T22:16:39.98884786Z	154701	0																			
3095	2026-09-24T22:16:40.038501225Z	154751	0																			
3096	2026-09-24T22:16:40.088107995Z	154800	0																			
3097	2026-09-24T22:16:40.138777028Z	154851	0																			
3098	2026-09-24T22:16:40.188468041Z	154901	0																			
3099	2026-09-24T22:16:40.238098467Z	154950	0																			
3100	2026-09-24T22:16:40.28876781Z	155001	0																			
3101	2026-09-24T22:16:40.33846262Z	155051	0																			
3102	2026-09-24T22:16:40.388071663Z	155100	0																			
3103	2026-09-24T22:16:40.438779715Z	155151	0																			
3104	2026-09-24T22:16:40.488432419Z	155201	0																			
3105	2026-09-24T22:16:40.538031743Z	155250	0																			
3106	2026-09-24T22:16:40.588671144Z	155301	0																			
3107	2026-09-24T22:16:40.638287919Z	155351	0																			
3108	2026-09-24T22:16:40.687945164Z	155400	0																			
3109	2026-09-24T22:16:40.738599193Z	155451	0																			
3110	2026-09-24T22:16:40.788244548Z	155501	0																			
3111	2026-09-24T22:16:40.837845408Z	155550	0																			
3112	2026-09-24T22:16:40.888505157Z	155601	0																			
3113	2026-09-24T22:16:40.938167501Z	155651	0																			
3114	2026-09-24T22:16:40.988814081Z	155701	0																			
3115	2026-09-24T22:16:41.038534639Z	155751	0																			
3116	2026-09-24T22:16:41.088179941Z	155801	0																			
3117	2026-09-24T22:16:41.137820401Z	155850	0																			
3118	2026-09-24T22:16:41.188470332Z	155901	0																			
3119	2026-09-24T22:16:41.238100812Z	155950	0																			
3120	2026-09-24T22:16:41.288771254Z	156001	0																			
3121	2026-09-24T22:16:41.338463356Z	156051	0																			
3122	2026-09-24T22:16:41.388096996Z	156100	0																			
3123	2026-09-24T22:16:41.438772279Z	156151	0																			
3124	2026-09-24T22:16:41.488459728Z	156201	0																			
3125	2026-09-24T22:16:41.538098562Z	156250	0																			
3126	2026-09-24T22:16:41.588770266Z	156301	0																			
3127	2026-09-24T22:16:41.638473754Z	156351	0																			
3128	2026-09-24T22:16:41.688106288Z	156400	0																			
3129	2026-09-24T22:16:41.738778329Z	156451	0																			
3130	2026-09-24T22:16:41.788393274Z	156501	0																			
3131	2026-09-24T22:16:41.838042225Z	156550	0																			
3132	2026-09-24T22:16:41.88869325Z	156601	0																			
3133	2026-09-24T22:16:41.938323147Z	156651	0																			
3134	2026-09-24T22:16:41.98794931Z	156700	0																			
3135	2026-09-24T22:16:42.038624185Z	156751	0																			
3136	2026-09-24T22:16:42.088247733Z	156801	0																			
3137	2026-09-24T22:16:42.137930199Z	156850	0																			
3138	2026-09-24T22:16:42.1885199Z	156901	0																			
3139	2026-09-24T22:16:42.238098576Z	156950	0																			
3140	2026-09-24T22:16:42.288693125Z	157001	0																			
3141	2026-09-24T22:16:42.338291903Z	157051	0																			
3142	2026-09-24T22:16:42.38794868Z	157100	0																			
3143	2026-09-24T22:16:42.438575944Z	157151	0																			
3144	2026-09-24T22:16:42.488269625Z	157201	0																			
3145	2026-09-24T22:16:42.537970925Z	157250	0																			
3146	2026-09-24T22:16:42.588672025Z	157301	0																			
3147	2026-09-24T22:16:42.638327561Z	157351	0																			
3148	2026-09-24T22:16:42.687999394Z	157400	0																			
3149	2026-09-24T22:16:42.738696803Z	157451	0																			
3150	2026-09-24T22:16:42.788381899Z	157501	0																			
3151	2026-09-24T22:16:42.838099246Z	157550	0																			
3152	2026-09-24T22:16:42.888768623Z	157601	0																			
3153	2026-09-24T22:16:42.938441275Z	157651	0																			
3154	2026-09-24T22:16:42.988092704Z	157700	0																			
3155	2026-09-24T22:16:43.038770069Z	157751	0																			
3156	2026-09-24T22:16:43.088432117Z	157801	0																			
3157	2026-09-24T22:16:43.138023426Z	157850	0																			
3158	2026-09-24T22:16:43.188639315Z	157901	0																			
3159	2026-09-24T22:16:43.238290021Z	157951	0																			
3160	2026-09-24T22:16:43.287995649Z	158000	0																			
3161	2026-09-24T22:16:43.338692909Z	158051	0																			
3162	2026-09-24T22:16:43.388298373Z	158101	0																			
3163	2026-09-24T22:16:43.437949394Z	158150	0																			
3164	2026-09-24T22:16:43.488605715Z	158201	0																			
3165	2026-09-24T22:16:43.538249015Z	158251	0																			
3166	2026-09-24T22:16:43.587819533Z	158300	0																			
3167	2026-09-24T22:16:43.638451705Z	158351	0																			
3168	2026-09-24T22:16:43.688023953Z	158400	0																			
3169	2026-09-24T22:16:43.738699439Z	158451	0																			
3170	2026-09-24T22:16:43.788368785Z	158501	0																			
3171	2026-09-24T22:16:43.837974469Z	158550	0																			
3172	2026-09-24T22:16:43.888630175Z	158601	0																			
3173	2026-09-24T22:16:43.938250077Z	158651	0																			
3174	2026-09-24T22:16:43.98781111Z	158700	0																			
3175	2026-09-24T22:16:44.038472973Z	158751	0																			
3176	2026-09-24T22:16:44.088092351Z	158800	0																			
3177	2026-09-24T22:16:44.138828988Z	158851	0																			
3178	2026-09-24T22:16:44.188495079Z	158901	0																			
3179	2026-09-24T22:16:44.238070654Z	158950	0																			
3180	2026-09-24T22:16:44.288617376Z	159001	0																			
3181	2026-09-24T22:16:44.338235867Z	159051	0																			
3182	2026-09-24T22:16:44.387875379Z	159100	0																			
3183	2026-09-24T22:16:44.438551041Z	159151	0																			
3184	2026-09-24T22:16:44.488183038Z	159201	0																			
3185	2026-09-24T22:16:44.538845178Z	159251	0																			
3186	2026-09-24T22:16:44.588467474Z	159301	0																			
3187	2026-09-24T22:16:44.63806122Z	159350	0																			
3188	2026-09-24T22:16:44.68869219Z	159401	0																			
3189	2026-09-24T22:16:44.738322898Z	159451	0																			
3190	2026-09-24T22:16:44.787844658Z	159500	0																			
3191	2026-09-24T22:16:44.83853662Z	159551	0																			
3192	2026-09-24T22:16:44.888237835Z	159601	0																			
3193	2026-09-24T22:16:44.938829547Z	159651	0																			
3194	2026-09-24T22:16:44.988432338Z	159701	0																			
3195	2026-09-24T22:16:45.038065239Z	159750	0																			
3196	2026-09-24T22:16:45.088711253Z	159801	0																			
3197	2026-09-24T22:16:45.138325776Z	159851	0																			
3198	2026-09-24T22:16:45.18796928Z	159900	0																			
3199	2026-09-24T22:16:45.238470539Z	159951	0																			
3200	2026-09-24T22:16:45.2880228Z	160000	0																			
3201	2026-09-24T22:16:45.338552453Z	160051	0																			
3202	2026-09-24T22:16:45.388144979Z	160101	0																			
3203	2026-09-24T22:16:45.438762054Z	160151	0																			
3204	2026-09-24T22:16:45.488369358Z	160201	0																			
3205	2026-09-24T22:16:45.53794013Z	160250	0																			
3206	2026-09-24T22:16:45.58852659Z	160301	0																			
3207	2026-09-24T22:16:45.638098918Z	160350	0																			
3208	2026-09-24T22:16:45.688690914Z	160401	0																			
3209	2026-09-24T22:16:45.738250422Z	160451	0																			
3210	2026-09-24T22:16:45.788839748Z	160501	0																			
3211	2026-09-24T22:16:45.838397369Z	160551	0																			
3212	2026-09-24T22:16:45.887928835Z	160600	0																			
3213	2026-09-24T22:16:45.938420392Z	160651	0																			
3214	2026-09-24T22:16:45.987946025Z	160700	0																			
3215	2026-09-24T22:16:46.038397555Z	160751	0																			
3216	2026-09-24T22:16:46.087943125Z	160800	0																			
3217	2026-09-24T22:16:46.138454469Z	160851	0																			
3218	2026-09-24T22:16:46.18802036Z	160900	0																			
3219	2026-09-24T22:16:46.238580016Z	160951	0																			
3220	2026-09-24T22:16:46.288067301Z	161000	0																			
3221	2026-09-24T22:16:46.33867627Z	161051	0																			
3222	2026-09-24T22:16:46.388245578Z	161101	0																			
3223	2026-09-24T22:16:46.438853707Z	161151	0																			
3224	2026-09-24T22:16:46.488457712Z	161201	0																			
3225	2026-09-24T22:16:46.537992299Z	161250	0																			
3226	2026-09-24T22:16:46.588541282Z	161301	0																			
3227	2026-09-24T22:16:46.638030046Z	161350	0																			
3228	2026-09-24T22:16:46.688541743Z	161401	0																			
3229	2026-09-24T22:16:46.738084519Z	161450	0																			
3230	2026-09-24T22:16:46.788617788Z	161501	0																			
3231	2026-09-24T22:16:46.83816155Z	161551	0																			
3232	2026-09-24T22:16:46.888747555Z	161601	0																			
3233	2026-09-24T22:16:46.938282311Z	161651	0																			
3234	2026-09-24T22:16:46.988839417Z	161701	0																			
3235	2026-09-24T22:16:47.038397005Z	161751	0																			
3236	2026-09-24T22:16:47.087829842Z	161800	0																			
3237	2026-09-24T22:16:47.13839217Z	161851	0																			
3238	2026-09-24T22:16:47.18794299Z	161900	0																			
3239	2026-09-24T22:16:47.238484559Z	161951	0																			
3240	2026-09-24T22:16:47.28801845Z	162000	0																			
3241	2026-09-24T22:16:47.338521254Z	162051	0																			
3242	2026-09-24T22:16:47.38803984Z	162100	0																			
3243	2026-09-24T22:16:47.438544168Z	162151	0																			
3244	2026-09-24T22:16:47.488077932Z	162200	0																			
3245	2026-09-24T22:16:47.53854294Z	162251	0																			
3246	2026-09-24T22:16:47.588053924Z	162300	0																			
3247	2026-09-24T22:16:47.63862008Z	162351	0																			
3248	2026-09-24T22:16:47.688093886Z	162400	0																			
3249	2026-09-24T22:16:47.738619888Z	162451	0																			
3250	2026-09-24T22:16:47.788111085Z	162500	0																			
3251	2026-09-24T22:16:47.838622836Z	162551	0																			
3252	2026-09-24T22:16:47.888215656Z	162601	0																			
3253	2026-09-24T22:16:47.938819201Z	162651	0																			
3254	2026-09-24T22:16:47.988394508Z	162701	0																			
3255	2026-09-24T22:16:48.03797632Z	162750	0																			
3256	2026-09-24T22:16:48.088628964Z	162801	0																			
3257	2026-09-24T22:16:48.138174416Z	162851	0																			
3258	2026-09-24T22:16:48.188754416Z	162901	0																			
3259	2026-09-24T22:16:48.238352601Z	162951	0																			
3260	2026-09-24T22:16:48.287930278Z	163000	0																			
3261	2026-09-24T22:16:48.338544754Z	163051	0																			
3262	2026-09-24T22:16:48.388149479Z	163101	0																			
3263	2026-09-24T22:16:48.438752555Z	163151	0																			
3264	2026-09-24T22:16:48.488243157Z	163201	0																			
3265	2026-09-24T22:16:48.538784633Z	163251	0																			
3266	2026-09-24T22:16:48.588315486Z	163301	0																			
3267	2026-09-24T22:16:48.638838032Z	163351	0																			
3268	2026-09-24T22:16:48.688320477Z	163401	0																			
3269	2026-09-24T22:16:48.737943961Z	163450	0																			
3270	2026-09-24T22:16:48.788541582Z	163501	0																			
3271	2026-09-24T22:16:48.838095388Z	163550	0																			
3272	2026-09-24T22:16:48.88861572Z	163601	0																			
3273	2026-09-24T22:16:48.938096639Z	163650	0																			
3274	2026-09-24T22:16:48.98868504Z	163701	0																			
3275	2026-09-24T22:16:49.038313535Z	163751	0																			
3276	2026-09-24T22:16:49.087935434Z	163800	0																			
3277	2026-09-24T22:16:49.138551781Z	163851	0																			
3278	2026-09-24T22:16:49.188170052Z	163901	0																			
3279	2026-09-24T22:16:49.238706347Z	163951	0																			
3280	2026-09-24T22:16:49.288227565Z	164001	0																			
3281	2026-09-24T22:16:49.338770814Z	164051	0																			
3282	2026-09-24T22:16:49.388367619Z	164101	0																			
3283	2026-09-24T22:16:49.438000991Z	164150	0																			
3284	2026-09-24T22:16:49.48869392Z	164201	0																			
3285	2026-09-24T22:16:49.538248756Z	164251	0																			
3286	2026-09-24T22:16:49.587862007Z	164300	0																			
3287	2026-09-24T22:16:49.638476598Z	164351	0																			
3288	2026-09-24T22:16:49.688097215Z	164400	0																			
3289	2026-09-24T22:16:49.738771641Z	164451	0																			
3290	2026-09-24T22:16:49.788446147Z	164501	0																			
3291	2026-09-24T22:16:49.838097804Z	164550	0																			
3292	2026-09-24T22:16:49.888752734Z	164601	0																			
3293	2026-09-24T22:16:49.938455419Z	164651	0																			
3294	2026-09-24T22:16:49.988164731Z	164701	0																			
3295	2026-09-24T22:16:50.037819833Z	164750	0																			
3296	2026-09-24T22:16:50.088569906Z	164801	0																			
3297	2026-09-24T22:16:50.138252837Z	164851	0																			
3298	2026-09-24T22:16:50.187977012Z	164900	0																			
3299	2026-09-24T22:16:50.238702018Z	164951	0																			
3300	2026-09-24T22:16:50.288422666Z	165001	0																			
3301	2026-09-24T22:16:50.33814048Z	165051	0																			
3302	2026-09-24T22:16:50.388846729Z	165101	0																			
3303	2026-09-24T22:16:50.438553594Z	165151	0																			
3304	2026-09-24T22:16:50.488222246Z	165201	0																			
3305	2026-09-24T22:16:50.537944328Z	165250	0																			
3306	2026-09-24T22:16:50.588659318Z	165301	0																			
3307	2026-09-24T22:16:50.638330299Z	165351	0																			
3308	2026-09-24T22:16:50.688030184Z	165400	0																			
3309	2026-09-24T22:16:50.738757603Z	165451	0																			
3310	2026-09-24T22:16:50.788406084Z	165501	0																			
3311	2026-09-24T22:16:50.838101123Z	165550	0																			
3312	2026-09-24T22:16:50.888770373Z	165601	0																			
3313	2026-09-24T22:16:50.938477434Z	165651	0																			
3314	2026-09-24T22:16:50.988138314Z	165701	0																			
3315	2026-09-24T22:16:51.038789149Z	165751	0																			
3316	2026-09-24T22:16:51.088384187Z	165801	0																			
3317	2026-09-24T22:16:51.138087923Z	165850	0																			
3318	2026-09-24T22:16:51.188851231Z	165901	0																			
3319	2026-09-24T22:16:51.238548494Z	165951	0																			
3320	2026-09-24T22:16:51.288218303Z	166001	0																			
3321	2026-09-24T22:16:51.337833896Z	166050	0																			
3322	2026-09-24T22:16:51.388507308Z	166101	0																			
3323	2026-09-24T22:16:51.438177877Z	166151	0																			
3324	2026-09-24T22:16:51.488845842Z	166201	0																			
3325	2026-09-24T22:16:51.538455847Z	166251	0																			
3326	2026-09-24T22:16:51.588060401Z	166300	0																			
3327	2026-09-24T22:16:51.638703602Z	166351	0																			
3328	2026-09-24T22:16:51.688379664Z	166401	0																			
3329	2026-09-24T22:16:51.737945497Z	166450	0																			
3330	2026-09-24T22:16:51.788524773Z	166501	0																			
3331	2026-09-24T22:16:51.838070752Z	166550	0																			
3332	2026-09-24T22:16:51.88862044Z	166601	0																			
3333	2026-09-24T22:16:51.938248654Z	166651	0																			
3334	2026-09-24T22:16:51.988818823Z	166701	0																			
3335	2026-09-24T22:16:52.038443718Z	166751	0																			
3336	2026-09-24T22:16:52.087995652Z	166800	0																			
3337	2026-09-24T22:16:52.138542248Z	166851	0																			
3338	2026-09-24T22:16:52.188123847Z	166901	0																			
3339	2026-09-24T22:16:52.238680146Z	166951	0																			
3340	2026-09-24T22:16:52.288297495Z	167001	0																			
3341	2026-09-24T22:16:52.337937782Z	167050	0																			
3342	2026-09-24T22:16:52.388543969Z	167101	0																			
3343	2026-09-24T22:16:52.438174045Z	167151	0																			
3344	2026-09-24T22:16:52.488769995Z	167201	0																			
3345	2026-09-24T22:16:52.53839578Z	167251	0																			
3346	2026-09-24T22:16:52.587948063Z	167300	0																			
3347	2026-09-24T22:16:52.638545897Z	167351	0																			
3348	2026-09-24T22:16:52.688161849Z	167401	0																			
3349	2026-09-24T22:16:52.738758831Z	167451	0																			
3350	2026-09-24T22:16:52.788312316Z	167501	0																			
3351	2026-09-24T22:16:52.838767027Z	167551	0																			
3352	2026-09-24T22:16:52.888242145Z	167601	0																			
3353	2026-09-24T22:16:52.938766663Z	167651	0																			
3354	2026-09-24T22:16:52.988241033Z	167701	0																			
3355	2026-09-24T22:16:53.038818142Z	167751	0																			
3356	2026-09-24T22:16:53.088357327Z	167801	0																			
3357	2026-09-24T22:16:53.138840366Z	167851	0																			
3358	2026-09-24T22:16:53.188549714Z	167901	0																			
3359	2026-09-24T22:16:53.238231627Z	167951	0																			
3360	2026-09-24T22:16:53.287862372Z	168000	0																			
3361	2026-09-24T22:16:53.338541487Z	168051	0																			
3362	2026-09-24T22:16:53.388245057Z	168101	0																			
3363	2026-09-24T22:16:53.437948962Z	168150	0																			
3364	2026-09-24T22:16:53.488621793Z	168201	0																			
3365	2026-09-24T22:16:53.538251887Z	168251	0																			
3366	2026-09-24T22:16:53.587951411Z	168300	0																			
3367	2026-09-24T22:16:53.638652671Z	168351	0																			
3368	2026-09-24T22:16:53.68830772Z	168401	0																			
3369	2026-09-24T22:16:53.738026074Z	168450	0																			
3370	2026-09-24T22:16:53.788651113Z	168501	0																			
3371	2026-09-24T22:16:53.838285163Z	168551	0																			
3372	2026-09-24T22:16:53.88784485Z	168600	0																			
3373	2026-09-24T22:16:53.938397216Z	168651	0																			
3374	2026-09-24T22:16:53.987986169Z	168700	0																			
3375	2026-09-24T22:16:54.038545336Z	168751	0																			
3376	2026-09-24T22:16:54.088084319Z	168800	0																			
3377	2026-09-24T22:16:54.138603968Z	168851	0																			
3378	2026-09-24T22:16:54.188167119Z	168901	0																			
3379	2026-09-24T22:16:54.238703328Z	168951	0																			
3380	2026-09-24T22:16:54.28816848Z	169001	0																			
3381	2026-09-24T22:16:54.338698644Z	169051	0																			
3382	2026-09-24T22:16:54.38827564Z	169101	0																			
3383	2026-09-24T22:16:54.438825426Z	169151	0																			
3384	2026-09-24T22:16:54.488393396Z	169201	0																			
3385	2026-09-24T22:16:54.538014832Z	169250	0																			
3386	2026-09-24T22:16:54.588617448Z	169301	0																			
3387	2026-09-24T22:16:54.638196282Z	169351	0																			
3388	2026-09-24T22:16:54.688727668Z	169401	0																			
3389	2026-09-24T22:16:54.738246207Z	169451	0																			
3390	2026-09-24T22:16:54.788745473Z	169501	0																			
3391	2026-09-24T22:16:54.838283431Z	169551	0																			
3392	2026-09-24T22:16:54.88883109Z	169601	0																			
3393	2026-09-24T22:16:54.938323528Z	169651	0																			
3394	2026-09-24T22:16:54.988838013Z	169701	0																			
3395	2026-09-24T22:16:55.038320935Z	169751	0																			
3396	2026-09-24T22:16:55.088829425Z	169801	0																			
3397	2026-09-24T22:16:55.138326151Z	169851	0																			
3398	2026-09-24T22:16:55.188833932Z	169901	0																			
3399	2026-09-24T22:16:55.238398384Z	169951	0																			
3400	2026-09-24T22:16:55.287949091Z	170000	0																			
3401	2026-09-24T22:16:55.33864176Z	170051	0																			
3402	2026-09-24T22:16:55.388185362Z	170101	0																			
3403	2026-09-24T22:16:55.438694643Z	170151	0																			
3404	2026-09-24T22:16:55.488233914Z	170201	0																			
3405	2026-09-24T22:16:55.538819079Z	170251	0																			
3406	2026-09-24T22:16:55.588301209Z	170301	0																			
3407	2026-09-24T22:16:55.638817351Z	170351	0																			
3408	2026-09-24T22:16:55.688376352Z	170401	0																			
3409	2026-09-24T22:16:55.738849127Z	170451	0																			
3410	2026-09-24T22:16:55.787871179Z	170500	0																			
3411	2026-09-24T22:16:55.83838435Z	170551	0																			
3412	2026-09-24T22:16:55.887842256Z	170600	0																			
3413	2026-09-24T22:16:55.93824815Z	170651	0																			
3414	2026-09-24T22:16:55.988786457Z	170701	0																			
3415	2026-09-24T22:16:56.038275464Z	170751	0																			
3416	2026-09-24T22:16:56.088784644Z	170801	0																			
3417	2026-09-24T22:16:56.138314953Z	170851	0																			
3418	2026-09-24T22:16:56.188840048Z	170901	0																			
3419	2026-09-24T22:16:56.238356701Z	170951	0																			
3420	2026-09-24T22:16:56.287811582Z	171000	0																			
3421	2026-09-24T22:16:56.338319309Z	171051	0																			
3422	2026-09-24T22:16:56.388841421Z	171101	0																			
3423	2026-09-24T22:16:56.438281022Z	171151	0																			
3424	2026-09-24T22:16:56.488759059Z	171201	0																			
3425	2026-09-24T22:16:56.538284126Z	171251	0																			
3426	2026-09-24T22:16:56.588801828Z	171301	0																			
3427	2026-09-24T22:16:56.638282784Z	171351	0																			
3428	2026-09-24T22:16:56.688690843Z	171401	0																			
3429	2026-09-24T22:16:56.738175709Z	171451	0																			
3430	2026-09-24T22:16:56.788614578Z	171501	0																			
3431	2026-09-24T22:16:56.838096291Z	171550	0																			
3432	2026-09-24T22:16:56.888597693Z	171601	0																			
3433	2026-09-24T22:16:56.93802123Z	171650	0																			
3434	2026-09-24T22:16:56.988447944Z	171701	0																			
3435	2026-09-24T22:16:57.0379448Z	171750	0																			
3436	2026-09-24T22:16:57.088446073Z	171801	0																			
3437	2026-09-24T22:16:57.137945246Z	171850	0																			
3438	2026-09-24T22:16:57.188390411Z	171901	0																			
3439	2026-09-24T22:16:57.237840117Z	171950	0																			
3440	2026-09-24T22:16:57.288366916Z	172001	0																			
3441	2026-09-24T22:16:57.337850183Z	172050	0																			
3442	2026-09-24T22:16:57.388378875Z	172101	0																			
3443	2026-09-24T22:16:57.437944715Z	172150	0																			
3444	2026-09-24T22:16:57.488456635Z	172201	0																			
3445	2026-09-24T22:16:57.537945488Z	172250	0																			
3446	2026-09-24T22:16:57.588389575Z	172301	0																			
3447	2026-09-24T22:16:57.637845528Z	172350	0																			
3448	2026-09-24T22:16:57.688393506Z	172401	0																			
3449	2026-09-24T22:16:57.737945815Z	172450	0																			
3450	2026-09-24T22:16:57.788460998Z	172501	0																			
3451	2026-09-24T22:16:57.837942597Z	172550	0																			
3452	2026-09-24T22:16:57.888503802Z	172601	0																			
3453	2026-09-24T22:16:57.938022835Z	172650	0																			
3454	2026-09-24T22:16:57.988533389Z	172701	0																			
3455	2026-09-24T22:16:58.03809645Z	172750	0																			
3456	2026-09-24T22:16:58.088610599Z	172801	0																			
3457	2026-09-24T22:16:58.138177708Z	172851	0																			
3458	2026-09-24T22:16:58.188694393Z	172901	0																			
3459	2026-09-24T22:16:58.238292439Z	172951	0																			
3460	2026-09-24T22:16:58.287809656Z	173000	0																			
3461	2026-09-24T22:16:58.338394449Z	173051	0																			
3462	2026-09-24T22:16:58.387944201Z	173100	0																			
3463	2026-09-24T22:16:58.438521062Z	173151	0																			
3464	2026-09-24T22:16:58.488092591Z	173200	0																			
3465	2026-09-24T22:16:58.538641667Z	173251	0																			
3466	2026-09-24T22:16:58.58812489Z	173301	0																			
3467	2026-09-24T22:16:58.638630949Z	173351	0																			
3468	2026-09-24T22:16:58.688069921Z	173400	0																			
3469	2026-09-24T22:16:58.738544544Z	173451	0																			
3470	2026-09-24T22:16:58.78801872Z	173500	0																			
3471	2026-09-24T22:16:58.838469095Z	173551	0																			
3472	2026-09-24T22:16:58.887922603Z	173600	0																			
3473	2026-09-24T22:16:58.938425192Z	173651	0																			
3474	2026-09-24T22:16:58.987829321Z	173700	0																			
3475	2026-09-24T22:16:59.038472134Z	173751	0																			
3476	2026-09-24T22:16:59.088100768Z	173800	0																			
3477	2026-09-24T22:16:59.138750148Z	173851	0																			
3478	2026-09-24T22:16:59.188378733Z	173901	0																			
3479	2026-09-24T22:16:59.237862309Z	173950	0																			
3480	2026-09-24T22:16:59.288413693Z	174001	0																			
3481	2026-09-24T22:16:59.338023274Z	174050	0																			
3482	2026-09-24T22:16:59.388616433Z	174101	0																			
3483	2026-09-24T22:16:59.438236364Z	174151	0																			
3484	2026-09-24T22:16:59.488763137Z	174201	0																			
3485	2026-09-24T22:16:59.538245886Z	174251	0																			
3486	2026-09-24T22:16:59.588763167Z	174301	0																			
3487	2026-09-24T22:16:59.638243936Z	174351	0																			
3488	2026-09-24T22:16:59.688762472Z	174401	0																			
3489	2026-09-24T22:16:59.738245156Z	174451	0																			
3490	2026-09-24T22:16:59.788740862Z	174501	0																			
3491	2026-09-24T22:16:59.838177546Z	174551	0																			
3492	2026-09-24T22:16:59.888682062Z	174601	0																			
3493	2026-09-24T22:16:59.938172896Z	174651	0																			
3494	2026-09-24T22:16:59.988621641Z	174701	0																			
3495	2026-09-24T22:17:00.038094224Z	174750	0																			
3496	2026-09-24T22:17:00.088527435Z	174801	0																			
3497	2026-09-24T22:17:00.138034557Z	174850	0																			
3498	2026-09-24T22:17:00.188540255Z	174901	0																			
3499	2026-09-24T22:17:00.23794505Z	174950	0																			
3500	2026-09-24T22:17:00.288468765Z	175001	0																			
3501	2026-09-24T22:17:00.338012207Z	175050	0																			
3502	2026-09-24T22:17:00.388515561Z	175101	0																			
3503	2026-09-24T22:17:00.438021246Z	175150	0																			
3504	2026-09-24T22:17:00.488498079Z	175201	0																			
3505	2026-09-24T22:17:00.53800922Z	175250	0																			
3506	2026-09-24T22:17:00.588533928Z	175301	0																			
3507	2026-09-24T22:17:00.637944697Z	175350	0																			
3508	2026-09-24T22:17:00.688464268Z	175401	0																			
3509	2026-09-24T22:17:00.737944941Z	175450	0																			
3510	2026-09-24T22:17:00.788426059Z	175501	0																			
3511	2026-09-24T22:17:00.837828222Z	175550	0																			
3512	2026-09-24T22:17:00.888310254Z	175601	0																			
3513	2026-09-24T22:17:00.938810055Z	175651	0																			
3514	2026-09-24T22:17:00.988317739Z	175701	0																			
3515	2026-09-24T22:17:01.038778092Z	175751	0																			
3516	2026-09-24T22:17:01.088255022Z	175801	0																			
3517	2026-09-24T22:17:01.138840625Z	175851	0																			
3518	2026-09-24T22:17:01.188428614Z	175901	0																			
3519	2026-09-24T22:17:01.237932711Z	175950	0																			
3520	2026-09-24T22:17:01.28846776Z	176001	0																			
3521	2026-09-24T22:17:01.337977983Z	176050	0																			
3522	2026-09-24T22:17:01.388545936Z	176101	0																			
3523	2026-09-24T22:17:01.438156816Z	176151	0																			
3524	2026-09-24T22:17:01.488799255Z	176201	0																			
3525	2026-09-24T22:17:01.538415094Z	176251	0																			
3526	2026-09-24T22:17:01.588020223Z	176300	0																			
3527	2026-09-24T22:17:01.638621908Z	176351	0																			
3528	2026-09-24T22:17:01.688244064Z	176401	0																			
3529	2026-09-24T22:17:01.737816344Z	176450	0																			
3530	2026-09-24T22:17:01.788447271Z	176501	0																			
3531	2026-09-24T22:17:01.838017206Z	176550	0																			
3532	2026-09-24T22:17:01.888638885Z	176601	0																			
3533	2026-09-24T22:17:01.938261622Z	176651	0																			
3534	2026-09-24T22:17:01.988863234Z	176701	0																			
3535	2026-09-24T22:17:02.038554303Z	176751	0																			
3536	2026-09-24T22:17:02.088180726Z	176801	0																			
3537	2026-09-24T22:17:02.137821491Z	176850	0																			
3538	2026-09-24T22:17:02.188485143Z	176901	0																			
3539	2026-09-24T22:17:02.238138567Z	176951	0																			
3540	2026-09-24T22:17:02.288839233Z	177001	0																			
3541	2026-09-24T22:17:02.33854154Z	177051	0																			
3542	2026-09-24T22:17:02.388232714Z	177101	0																			
3543	2026-09-24T22:17:02.437856658Z	177150	0																			
3544	2026-09-24T22:17:02.488545752Z	177201	0																			
3545	2026-09-24T22:17:02.538239617Z	177251	0																			
3546	2026-09-24T22:17:02.587812495Z	177300	0																			
3547	2026-09-24T22:17:02.6384739Z	177351	0																			
3548	2026-09-24T22:17:02.688170711Z	177401	0																			
3549	2026-09-24T22:17:02.738846289Z	177451	0																			
3550	2026-09-24T22:17:02.788522765Z	177501	0																			
3551	2026-09-24T22:17:02.838176938Z	177551	0																			
3552	2026-09-24T22:17:02.888842542Z	177601	0																			
3553	2026-09-24T22:17:02.938534191Z	177651	0																			
3554	2026-09-24T22:17:02.988154491Z	177701	0																			
3555	2026-09-24T22:17:03.038807118Z	177751	0																			
3556	2026-09-24T22:17:03.088484967Z	177801	0																			
3557	2026-09-24T22:17:03.138104706Z	177850	0																			
3558	2026-09-24T22:17:03.188771236Z	177901	0																			
3559	2026-09-24T22:17:03.238441436Z	177951	0																			
3560	2026-09-24T22:17:03.288062568Z	178000	0																			
3561	2026-09-24T22:17:03.338710263Z	178051	0																			
3562	2026-09-24T22:17:03.388307849Z	178101	0																			
3563	2026-09-24T22:17:03.437947357Z	178150	0																			
3564	2026-09-24T22:17:03.488544921Z	178201	0																			
3565	2026-09-24T22:17:03.538173097Z	178251	0																			
3566	2026-09-24T22:17:03.588787553Z	178301	0																			
3567	2026-09-24T22:17:03.638397925Z	178351	0																			
3568	2026-09-24T22:17:03.688012552Z	178400	0																			
3569	2026-09-24T22:17:03.738673467Z	178451	0																			
3570	2026-09-24T22:17:03.788307132Z	178501	0																			
3571	2026-09-24T22:17:03.837946803Z	178550	0																			
3572	2026-09-24T22:17:03.888621413Z	178601	0																			
3573	2026-09-24T22:17:03.938261185Z	178651	0																			
3574	2026-09-24T22:17:03.987843653Z	178700	0																			
3575	2026-09-24T22:17:04.038551282Z	178751	0																			
3576	2026-09-24T22:17:04.088177663Z	178801	0																			
3577	2026-09-24T22:17:04.137814065Z	178850	0																			
3578	2026-09-24T22:17:04.188463171Z	178901	0																			
3579	2026-09-24T22:17:04.238023829Z	178950	0																			
3580	2026-09-24T22:17:04.288580176Z	179001	0																			
3581	2026-09-24T22:17:04.338173119Z	179051	0																			
3582	2026-09-24T22:17:04.388775601Z	179101	0																			
3583	2026-09-24T22:17:04.43847585Z	179151	0																			
3584	2026-09-24T22:17:04.488157009Z	179201	0																			
3585	2026-09-24T22:17:04.538839817Z	179251	0																			
3586	2026-09-24T22:17:04.588473184Z	179301	0																			
3587	2026-09-24T22:17:04.638103911Z	179350	0																			
3588	2026-09-24T22:17:04.688797016Z	179401	0																			
3589	2026-09-24T22:17:04.73847452Z	179451	0																			
3590	2026-09-24T22:17:04.788157952Z	179501	0																			
3591	2026-09-24T22:17:04.838800521Z	179551	0																			
3592	2026-09-24T22:17:04.888472227Z	179601	0																			
3593	2026-09-24T22:17:04.938102569Z	179650	0																			
3594	2026-09-24T22:17:04.988772424Z	179701	0																			
3595	2026-09-24T22:17:05.038463784Z	179751	0																			
3596	2026-09-24T22:17:05.088177021Z	179801	0																			
3597	2026-09-24T22:17:05.137832014Z	179850	0																			
3598	2026-09-24T22:17:05.188512966Z	179901	0																			
3599	2026-09-24T22:17:05.238098369Z	179950	0																			
3600	2026-09-24T22:17:05.288691244Z	180001	0																			
3601	2026-09-24T22:17:05.338002845Z	180050	0																			
3602	2026-09-24T22:17:05.388577119Z	180101	0																			
3603	2026-09-24T22:17:05.438224497Z	180151	0																			
3604	2026-09-24T22:17:05.488863198Z	180201	0																			
3605	2026-09-24T22:17:05.538472229Z	180251	0																			
3606	2026-09-24T22:17:05.58801993Z	180300	0																			
3607	2026-09-24T22:17:05.638632312Z	180351	0																			
3608	2026-09-24T22:17:05.688242857Z	180401	0																			
3609	2026-09-24T22:17:05.738846485Z	180451	0																			
3610	2026-09-24T22:17:05.788453239Z	180501	0																			
3611	2026-09-24T22:17:05.838020721Z	180550	0																			
3612	2026-09-24T22:17:05.888608573Z	180601	0																			
3613	2026-09-24T22:17:05.938232234Z	180651	0																			
3614	2026-09-24T22:17:05.988839435Z	180701	0																			
3615	2026-09-24T22:17:06.038467894Z	180751	0																			
3616	2026-09-24T22:17:06.088049828Z	180800	0																			
3617	2026-09-24T22:17:06.138628883Z	180851	0																			
3618	2026-09-24T22:17:06.188245616Z	180901	0																			
3619	2026-09-24T22:17:06.238850602Z	180951	0																			
3620	2026-09-24T22:17:06.288471329Z	181001	0																			
3621	2026-09-24T22:17:06.338071027Z	181050	0																			
3622	2026-09-24T22:17:06.388770242Z	181101	0																			
3623	2026-09-24T22:17:06.438396743Z	181151	0																			
3624	2026-09-24T22:17:06.488042108Z	181200	0																			
3625	2026-09-24T22:17:06.538619197Z	181251	0																			
3626	2026-09-24T22:17:06.588262683Z	181301	0																			
3627	2026-09-24T22:17:06.63782631Z	181350	0																			
3628	2026-09-24T22:17:06.688454483Z	181401	0																			
3629	2026-09-24T22:17:06.738079828Z	181450	0																			
3630	2026-09-24T22:17:06.788713532Z	181501	0																			
3631	2026-09-24T22:17:06.838249941Z	181551	0																			
3632	2026-09-24T22:17:06.88882583Z	181601	0																			
3633	2026-09-24T22:17:06.938470949Z	181651	0																			
3634	2026-09-24T22:17:06.988095312Z	181700	0																			
3635	2026-09-24T22:17:07.038731662Z	181751	0																			
3636	2026-09-24T22:17:07.088365711Z	181801	0																			
3637	2026-09-24T22:17:07.137947808Z	181850	0																			
3638	2026-09-24T22:17:07.188544331Z	181901	0																			
3639	2026-09-24T22:17:07.238175933Z	181951	0																			
3640	2026-09-24T22:17:07.288843855Z	182001	0																			
3641	2026-09-24T22:17:07.338521176Z	182051	0																			
3642	2026-09-24T22:17:07.388126554Z	182101	0																			
3643	2026-09-24T22:17:07.438768787Z	182151	0																			
3644	2026-09-24T22:17:07.488452503Z	182201	0																			
3645	2026-09-24T22:17:07.538102185Z	182250	0																			
3646	2026-09-24T22:17:07.588779261Z	182301	0																			
3647	2026-09-24T22:17:07.638399448Z	182351	0																			
3648	2026-09-24T22:17:07.688022097Z	182400	0																			
3649	2026-09-24T22:17:07.738633544Z	182451	0																			
3650	2026-09-24T22:17:07.788244497Z	182501	0																			
3651	2026-09-24T22:17:07.837825535Z	182550	0																			
3652	2026-09-24T22:17:07.888468015Z	182601	0																			
3653	2026-09-24T22:17:07.938097859Z	182650	0																			
3654	2026-09-24T22:17:07.988743795Z	182701	0																			
3655	2026-09-24T22:17:08.03839888Z	182751	0																			
3656	2026-09-24T22:17:08.088033203Z	182800	0																			
3657	2026-09-24T22:17:08.138703616Z	182851	0																			
3658	2026-09-24T22:17:08.18829466Z	182901	0																			
3659	2026-09-24T22:17:08.237938243Z	182950	0																			
3660	2026-09-24T22:17:08.288585901Z	183001	0																			
3661	2026-09-24T22:17:08.338257678Z	183051	0																			
3662	2026-09-24T22:17:08.388858371Z	183101	0																			
3663	2026-09-24T22:17:08.438537893Z	183151	0																			
3664	2026-09-24T22:17:08.488170311Z	183201	0																			
3665	2026-09-24T22:17:08.538769956Z	183251	0																			
3666	2026-09-24T22:17:08.588337233Z	183301	0																			
3667	2026-09-24T22:17:08.637942064Z	183350	0																			
3668	2026-09-24T22:17:08.688543998Z	183401	0																			
3669	2026-09-24T22:17:08.738159016Z	183451	0																			
3670	2026-09-24T22:17:08.788764375Z	183501	0																			
3671	2026-09-24T22:17:08.838323618Z	183551	0																			
3672	2026-09-24T22:17:08.887931398Z	183600	0																			
3673	2026-09-24T22:17:08.93859805Z	183651	0																			
3674	2026-09-24T22:17:08.988232909Z	183701	0																			
3675	2026-09-24T22:17:09.037813708Z	183750	0																			
3676	2026-09-24T22:17:09.088465259Z	183801	0																			
3677	2026-09-24T22:17:09.138099069Z	183850	0																			
3678	2026-09-24T22:17:09.188692541Z	183901	0																			
3679	2026-09-24T22:17:09.238250373Z	183951	0																			
3680	2026-09-24T22:17:09.288841345Z	184001	0																			
3681	2026-09-24T22:17:09.33847436Z	184051	0																			
3682	2026-09-24T22:17:09.388097127Z	184100	0																			
3683	2026-09-24T22:17:09.438750035Z	184151	0																			
3684	2026-09-24T22:17:09.488393031Z	184201	0																			
3685	2026-09-24T22:17:09.538025031Z	184250	0																			
3686	2026-09-24T22:17:09.588615051Z	184301	0																			
3687	2026-09-24T22:17:09.638232663Z	184351	0																			
3688	2026-09-24T22:17:09.688839283Z	184401	0																			
3689	2026-09-24T22:17:09.738473761Z	184451	0																			
3690	2026-09-24T22:17:09.788095583Z	184500	0																			
3691	2026-09-24T22:17:09.838676799Z	184551	0																			
3692	2026-09-24T22:17:09.888299732Z	184601	0																			
3693	2026-09-24T22:17:09.937936635Z	184650	0																			
3694	2026-09-24T22:17:09.988526492Z	184701	0																			
3695	2026-09-24T22:17:10.038126517Z	184751	0																			
3696	2026-09-24T22:17:10.088773122Z	184801	0																			
3697	2026-09-24T22:17:10.138464246Z	184851	0																			
3698	2026-09-24T22:17:10.188153525Z	184901	0																			
3699	2026-09-24T22:17:10.23869833Z	184951	0																			
3700	2026-09-24T22:17:10.288294389Z	185001	0																			
3701	2026-09-24T22:17:10.337945834Z	185050	0																			
3702	2026-09-24T22:17:10.388535341Z	185101	0																			
3703	2026-09-24T22:17:10.438172886Z	185151	0																			
3704	2026-09-24T22:17:10.488765874Z	185201	0																			
3705	2026-09-24T22:17:10.538321014Z	185251	0																			
3706	2026-09-24T22:17:10.587962092Z	185300	0																			
3707	2026-09-24T22:17:10.638545933Z	185351	0																			
3708	2026-09-24T22:17:10.688168789Z	185401	0																			
3709	2026-09-24T22:17:10.738695702Z	185451	0																			
3710	2026-09-24T22:17:10.788318816Z	185501	0																			
3711	2026-09-24T22:17:10.837832555Z	185550	0																			
3712	2026-09-24T22:17:10.888441838Z	185601	0																			
3713	2026-09-24T22:17:10.937947646Z	185650	0																			
3714	2026-09-24T22:17:10.988561871Z	185701	0																			
3715	2026-09-24T22:17:11.038159363Z	185751	0																			
3716	2026-09-24T22:17:11.088781709Z	185801	0																			
3717	2026-09-24T22:17:11.138397628Z	185851	0																			
3718	2026-09-24T22:17:11.188022393Z	185900	0																			
3719	2026-09-24T22:17:11.238579032Z	185951	0																			
3720	2026-09-24T22:17:11.288173406Z	186001	0																			
3721	2026-09-24T22:17:11.33876539Z	186051	0																			
3722	2026-09-24T22:17:11.388388518Z	186101	0																			
3723	2026-09-24T22:17:11.438022451Z	186150	0																			
3724	2026-09-24T22:17:11.488670907Z	186201	0																			
3725	2026-09-24T22:17:11.538249492Z	186251	0																			
3726	2026-09-24T22:17:11.587837644Z	186300	0																			
3727	2026-09-24T22:17:11.638419348Z	186351	0																			
3728	2026-09-24T22:17:11.688069562Z	186400	0																			
3729	2026-09-24T22:17:11.738697034Z	186451	0																			
3730	2026-09-24T22:17:11.788319847Z	186501	0																			
3731	2026-09-24T22:17:11.837946693Z	186550	0																			
3732	2026-09-24T22:17:11.888594586Z	186601	0																			
3733	2026-09-24T22:17:11.938251662Z	186651	0																			
3734	2026-09-24T22:17:11.987854996Z	186700	0																			
3735	2026-09-24T22:17:12.03847798Z	186751	0																			
3736	2026-09-24T22:17:12.08814565Z	186801	0																			
3737	2026-09-24T22:17:12.138816608Z	186851	0																			
3738	2026-09-24T22:17:12.188392093Z	186901	0																			
3739	2026-09-24T22:17:12.2379884Z	186950	0																			
3740	2026-09-24T22:17:12.288636226Z	187001	0																			
3741	2026-09-24T22:17:12.338288769Z	187051	0																			
3742	2026-09-24T22:17:12.387948603Z	187100	0																			
3743	2026-09-24T22:17:12.438569976Z	187151	0																			
3744	2026-09-24T22:17:12.488244918Z	187201	0																			
3745	2026-09-24T22:17:12.537862758Z	187250	0																			
3746	2026-09-24T22:17:12.588532937Z	187301	0																			
3747	2026-09-24T22:17:12.63820162Z	187351	0																			
3748	2026-09-24T22:17:12.687810057Z	187400	0																			
3749	2026-09-24T22:17:12.738475316Z	187451	0																			
3750	2026-09-24T22:17:12.788144026Z	187501	0																			
3751	2026-09-24T22:17:12.838770095Z	187551	0																			
3752	2026-09-24T22:17:12.888444577Z	187601	0																			
3753	2026-09-24T22:17:12.938023977Z	187650	0																			
3754	2026-09-24T22:17:12.988677621Z	187701	0																			
3755	2026-09-24T22:17:13.038312939Z	187751	0																			
3756	2026-09-24T22:17:13.087946595Z	187800	0																			
3757	2026-09-24T22:17:13.138604222Z	187851	0																			
3758	2026-09-24T22:17:13.188172324Z	187901	0																			
3759	2026-09-24T22:17:13.238815301Z	187951	0																			
3760	2026-09-24T22:17:13.288470855Z	188001	0																			
3761	2026-09-24T22:17:13.338099998Z	188050	0																			
3762	2026-09-24T22:17:13.388760916Z	188101	0																			
3763	2026-09-24T22:17:13.438397049Z	188151	0																			
3764	2026-09-24T22:17:13.488034566Z	188200	0																			
3765	2026-09-24T22:17:13.538621852Z	188251	0																			
3766	2026-09-24T22:17:13.588232016Z	188301	0																			
3767	2026-09-24T22:17:13.638768206Z	188351	0																			
3768	2026-09-24T22:17:13.688370468Z	188401	0																			
3769	2026-09-24T22:17:13.738041016Z	188450	0																			
3770	2026-09-24T22:17:13.78869548Z	188501	0																			
3771	2026-09-24T22:17:13.838356558Z	188551	0																			
3772	2026-09-24T22:17:13.887948316Z	188600	0																			
3773	2026-09-24T22:17:13.938529498Z	188651	0																			
3774	2026-09-24T22:17:13.988164389Z	188701	0																			
3775	2026-09-24T22:17:14.038624693Z	188751	0																			
3776	2026-09-24T22:17:14.088255707Z	188801	0																			
3777	2026-09-24T22:17:14.137840136Z	188850	0																			
3778	2026-09-24T22:17:14.188468408Z	188901	0																			
3779	2026-09-24T22:17:14.238052593Z	188950	0																			
3780	2026-09-24T22:17:14.288621714Z	189001	0																			
3781	2026-09-24T22:17:14.338247795Z	189051	0																			
3782	2026-09-24T22:17:14.387829299Z	189100	0																			
3783	2026-09-24T22:17:14.438446067Z	189151	0																			
3784	2026-09-24T22:17:14.48807675Z	189200	0																			
3785	2026-09-24T22:17:14.538694278Z	189251	0																			
3786	2026-09-24T22:17:14.588319371Z	189301	0																			
3787	2026-09-24T22:17:14.637936486Z	189350	0																			
3788	2026-09-24T22:17:14.688543961Z	189401	0																			
3789	2026-09-24T22:17:14.738173668Z	189451	0																			
3790	2026-09-24T22:17:14.78874972Z	189501	0																			
3791	2026-09-24T22:17:14.838359736Z	189551	0																			
3792	2026-09-24T22:17:14.888001242Z	189600	0																			
3793	2026-09-24T22:17:14.938641128Z	189651	0																			
3794	2026-09-24T22:17:14.98833261Z	189701	0																			
3795	2026-09-24T22:17:15.038029077Z	189750	0																			
3796	2026-09-24T22:17:15.088700388Z	189801	0																			
3797	2026-09-24T22:17:15.138400533Z	189851	0																			
3798	2026-09-24T22:17:15.188097012Z	189900	0																			
3799	2026-09-24T22:17:15.238674231Z	189951	0																			
3800	2026-09-24T22:17:15.288237585Z	190001	0																			
3801	2026-09-24T22:17:15.338769621Z	190051	0																			
3802	2026-09-24T22:17:15.38839472Z	190101	0																			
3803	2026-09-24T22:17:15.4380157Z	190150	0																			
3804	2026-09-24T22:17:15.48859282Z	190201	0																			
3805	2026-09-24T22:17:15.538176324Z	190251	0																			
3806	2026-09-24T22:17:15.588742937Z	190301	0																			
3807	2026-09-24T22:17:15.638322577Z	190351	0																			
3808	2026-09-24T22:17:15.687934717Z	190400	0																			
3809	2026-09-24T22:17:15.738520997Z	190451	0																			
3810	2026-09-24T22:17:15.788158098Z	190501	0																			
3811	2026-09-24T22:17:15.838764611Z	190551	0																			
3812	2026-09-24T22:17:15.888382697Z	190601	0																			
3813	2026-09-24T22:17:15.937946352Z	190650	0																			
3814	2026-09-24T22:17:15.988548302Z	190701	0																			
3815	2026-09-24T22:17:16.038180864Z	190751	0																			
3816	2026-09-24T22:17:16.088780869Z	190801	0																			
3817	2026-09-24T22:17:16.138449644Z	190851	0																			
3818	2026-09-24T22:17:16.188075977Z	190900	0																			
3819	2026-09-24T22:17:16.238653279Z	190951	0																			
3820	2026-09-24T22:17:16.288248641Z	191001	0																			
3821	2026-09-24T22:17:16.337835821Z	191050	0																			
3822	2026-09-24T22:17:16.388483451Z	191101	0																			
3823	2026-09-24T22:17:16.438124164Z	191151	0																			
3824	2026-09-24T22:17:16.488757459Z	191201	0																			
3825	2026-09-24T22:17:16.538319737Z	191251	0																			
3826	2026-09-24T22:17:16.587806156Z	191300	0																			
3827	2026-09-24T22:17:16.638283798Z	191351	0																			
3828	2026-09-24T22:17:16.688762614Z	191401	0																			
3829	2026-09-24T22:17:16.73824494Z	191451	0																			
3830	2026-09-24T22:17:16.788691732Z	191501	0																			
3831	2026-09-24T22:17:16.838148439Z	191551	0																			
3832	2026-09-24T22:17:16.888777448Z	191601	0																			
3833	2026-09-24T22:17:16.938398614Z	191651	0																			
3834	2026-09-24T22:17:16.988015816Z	191700	0																			
3835	2026-09-24T22:17:17.038621679Z	191751	0																			
3836	2026-09-24T22:17:17.088154412Z	191801	0																			
3837	2026-09-24T22:17:17.138699159Z	191851	0																			
3838	2026-09-24T22:17:17.188255372Z	191901	0																			
3839	2026-09-24T22:17:17.238693366Z	191951	0																			
3840	2026-09-24T22:17:17.288219079Z	192001	0																			
3841	2026-09-24T22:17:17.338753131Z	192051	0																			
3842	2026-09-24T22:17:17.388303768Z	192101	0																			
3843	2026-09-24T22:17:17.43884106Z	192151	0																			
3844	2026-09-24T22:17:17.48832451Z	192201	0																			
3845	2026-09-24T22:17:17.538861021Z	192251	0																			
3846	2026-09-24T22:17:17.588317508Z	192301	0																			
3847	2026-09-24T22:17:17.63878007Z	192351	0																			
3848	2026-09-24T22:17:17.68822199Z	192401	0																			
3849	2026-09-24T22:17:17.738654894Z	192451	0																			
3850	2026-09-24T22:17:17.788150982Z	192501	0																			
3851	2026-09-24T22:17:17.838620877Z	192551	0																			
3852	2026-09-24T22:17:17.888091331Z	192600	0																			
3853	2026-09-24T22:17:17.938554686Z	192651	0																			
3854	2026-09-24T22:17:17.988045055Z	192700	0																			
3855	2026-09-24T22:17:18.038606549Z	192751	0																			
3856	2026-09-24T22:17:18.088172997Z	192801	0																			
3857	2026-09-24T22:17:18.138763075Z	192851	0																			
3858	2026-09-24T22:17:18.188319056Z	192901	0																			
3859	2026-09-24T22:17:18.238827002Z	192951	0																			
3860	2026-09-24T22:17:18.288396326Z	193001	0																			
3861	2026-09-24T22:17:18.338011427Z	193050	0																			
3862	2026-09-24T22:17:18.388617154Z	193101	0																			
3863	2026-09-24T22:17:18.438170458Z	193151	0																			
3864	2026-09-24T22:17:18.488734779Z	193201	0																			
3865	2026-09-24T22:17:18.538248564Z	193251	0																			
3866	2026-09-24T22:17:18.588764776Z	193301	0																			
3867	2026-09-24T22:17:18.638329041Z	193351	0																			
3868	2026-09-24T22:17:18.688839068Z	193401	0																			
3869	2026-09-24T22:17:18.738243625Z	193451	0																			
3870	2026-09-24T22:17:18.788769205Z	193501	0																			
3871	2026-09-24T22:17:18.838221037Z	193551	0																			
3872	2026-09-24T22:17:18.88868858Z	193601	0																			
3873	2026-09-24T22:17:18.938163704Z	193651	0																			
3874	2026-09-24T22:17:18.988615228Z	193701	0																			
3875	2026-09-24T22:17:19.038124135Z	193751	0																			
3876	2026-09-24T22:17:19.088700559Z	193801	0																			
3877	2026-09-24T22:17:19.138246065Z	193851	0																			
3878	2026-09-24T22:17:19.18876664Z	193901	0																			
3879	2026-09-24T22:17:19.238283947Z	193951	0																			
3880	2026-09-24T22:17:19.288763134Z	194001	0																			
3881	2026-09-24T22:17:19.338247702Z	194051	0																			
3882	2026-09-24T22:17:19.388765692Z	194101	0																			
3883	2026-09-24T22:17:19.438328752Z	194151	0																			
3884	2026-09-24T22:17:19.487944674Z	194200	0																			
3885	2026-09-24T22:17:19.538613374Z	194251	0																			
3886	2026-09-24T22:17:19.58816842Z	194301	0																			
3887	2026-09-24T22:17:19.638771722Z	194351	0																			
3888	2026-09-24T22:17:19.688399806Z	194401	0																			
3889	2026-09-24T22:17:19.738025301Z	194450	0																			
3890	2026-09-24T22:17:19.788691664Z	194501	0																			
3891	2026-09-24T22:17:19.838326195Z	194551	0																			
3892	2026-09-24T22:17:19.887944472Z	194600	0																			
3893	2026-09-24T22:17:19.938608537Z	194651	0																			
3894	2026-09-24T22:17:19.988205446Z	194701	0																			
3895	2026-09-24T22:17:20.038837425Z	194751	0																			
3896	2026-09-24T22:17:20.088459745Z	194801	0																			
3897	2026-09-24T22:17:20.137986061Z	194850	0																			
3898	2026-09-24T22:17:20.188542924Z	194901	0																			
3899	2026-09-24T22:17:20.238087024Z	194950	0																			
3900	2026-09-24T22:17:20.288637058Z	195001	0																			
3901	2026-09-24T22:17:20.338189028Z	195051	0																			
3902	2026-09-24T22:17:20.388693073Z	195101	0																			
3903	2026-09-24T22:17:20.438279438Z	195151	0																			
3904	2026-09-24T22:17:20.488839007Z	195201	0																			
3905	2026-09-24T22:17:20.538352126Z	195251	0																			
3906	2026-09-24T22:17:20.587836974Z	195300	0																			
3907	2026-09-24T22:17:20.638371313Z	195351	0																			
3908	2026-09-24T22:17:20.687807808Z	195400	0																			
3909	2026-09-24T22:17:20.738395881Z	195451	0																			
3910	2026-09-24T22:17:20.787998929Z	195500	0																			
3911	2026-09-24T22:17:20.838563972Z	195551	0																			
3912	2026-09-24T22:17:20.888155218Z	195601	0																			
3913	2026-09-24T22:17:20.93872867Z	195651	0																			
3914	2026-09-24T22:17:20.988362861Z	195701	0																			
3915	2026-09-24T22:17:21.038024736Z	195750	0																			
3916	2026-09-24T22:17:21.088637028Z	195801	0																			
3917	2026-09-24T22:17:21.138246804Z	195851	0																			
3918	2026-09-24T22:17:21.188833085Z	195901	0																			
3919	2026-09-24T22:17:21.23835381Z	195951	0																			
3920	2026-09-24T22:17:21.287862095Z	196000	0																			
3921	2026-09-24T22:17:21.338437937Z	196051	0																			
3922	2026-09-24T22:17:21.38800724Z	196100	0																			
3923	2026-09-24T22:17:21.438604393Z	196151	0																			
3924	2026-09-24T22:17:21.48816805Z	196201	0																			
3925	2026-09-24T22:17:21.538760847Z	196251	0																			
3926	2026-09-24T22:17:21.588329017Z	196301	0																			
3927	2026-09-24T22:17:21.637834957Z	196350	0																			
3928	2026-09-24T22:17:21.688391379Z	196401	0																			
3929	2026-09-24T22:17:21.737953523Z	196450	0																			
3930	2026-09-24T22:17:21.788460102Z	196501	0																			
3931	2026-09-24T22:17:21.837956394Z	196550	0																			
3932	2026-09-24T22:17:21.888466188Z	196601	0																			
3933	2026-09-24T22:17:21.938022016Z	196650	0																			
3934	2026-09-24T22:17:21.988597517Z	196701	0																			
3935	2026-09-24T22:17:22.038225809Z	196751	0																			
3936	2026-09-24T22:17:22.088835882Z	196801	0																			
3937	2026-09-24T22:17:22.138396519Z	196851	0																			
3938	2026-09-24T22:17:22.188079392Z	196900	0																			
3939	2026-09-24T22:17:22.238647232Z	196951	0																			
3940	2026-09-24T22:17:22.288208653Z	197001	0																			
3941	2026-09-24T22:17:22.338820907Z	197051	0																			
3942	2026-09-24T22:17:22.38844243Z	197101	0																			
3943	2026-09-24T22:17:22.43802291Z	197150	0																			
3944	2026-09-24T22:17:22.48858227Z	197201	0																			
3945	2026-09-24T22:17:22.538172813Z	197251	0																			
3946	2026-09-24T22:17:22.588787473Z	197301	0																			
3947	2026-09-24T22:17:22.638379203Z	197351	0																			
3948	2026-09-24T22:17:22.6879477Z	197400	0																			
3949	2026-09-24T22:17:22.738567458Z	197451	0																			
3950	2026-09-24T22:17:22.788089744Z	197500	0																			
3951	2026-09-24T22:17:22.838615586Z	197551	0																			
3952	2026-09-24T22:17:22.888169692Z	197601	0																			
3953	2026-09-24T22:17:22.938673929Z	197651	0																			
3954	2026-09-24T22:17:22.988167081Z	197701	0																			
3955	2026-09-24T22:17:23.038619359Z	197751	0																			
3956	2026-09-24T22:17:23.088181269Z	197801	0																			
3957	2026-09-24T22:17:23.13876606Z	197851	0																			
3958	2026-09-24T22:17:23.18824565Z	197901	0																			
3959	2026-09-24T22:17:23.238724993Z	197951	0																			
3960	2026-09-24T22:17:23.288244727Z	198001	0																			
3961	2026-09-24T22:17:23.338767075Z	198051	0																			
3962	2026-09-24T22:17:23.388319573Z	198101	0																			
3963	2026-09-24T22:17:23.437822589Z	198150	0																			
3964	2026-09-24T22:17:23.488317535Z	198201	0																			
3965	2026-09-24T22:17:23.538854642Z	198251	0																			
3966	2026-09-24T22:17:23.588366249Z	198301	0																			
3967	2026-09-24T22:17:23.638823981Z	198351	0																			
3968	2026-09-24T22:17:23.688245875Z	198401	0																			
3969	2026-09-24T22:17:23.737854349Z	198450	0																			
3970	2026-09-24T22:17:23.788527379Z	198501	0																			
3971	2026-09-24T22:17:23.838149585Z	198551	0																			
3972	2026-09-24T22:17:23.888744939Z	198601	0																			
3973	2026-09-24T22:17:23.938283262Z	198651	0																			
3974	2026-09-24T22:17:23.988839123Z	198701	0																			
3975	2026-09-24T22:17:24.038352021Z	198751	0																			
3976	2026-09-24T22:17:24.087851727Z	198800	0																			
3977	2026-09-24T22:17:24.138321967Z	198851	0																			
3978	2026-09-24T22:17:24.188856193Z	198901	0																			
3979	2026-09-24T22:17:24.238318671Z	198951	0																			
3980	2026-09-24T22:17:24.288766413Z	199001	0																			
3981	2026-09-24T22:17:24.338282012Z	199051	0																			
3982	2026-09-24T22:17:24.388766347Z	199101	0																			
3983	2026-09-24T22:17:24.438248955Z	199151	0																			
3984	2026-09-24T22:17:24.488840958Z	199201	0																			
3985	2026-09-24T22:17:24.538432878Z	199251	0																			
3986	2026-09-24T22:17:24.588017587Z	199300	0																			
3987	2026-09-24T22:17:24.638523934Z	199351	0																			
3988	2026-09-24T22:17:24.688021309Z	199400	0																			
3989	2026-09-24T22:17:24.738545104Z	199451	0																			
3990	2026-09-24T22:17:24.788046827Z	199500	0																			
3991	2026-09-24T22:17:24.838537908Z	199551	0																			
3992	2026-09-24T22:17:24.888093969Z	199600	0																			
3993	2026-09-24T22:17:24.938670648Z	199651	0																			
3994	2026-09-24T22:17:24.988250982Z	199701	0																			
3995	2026-09-24T22:17:25.037946703Z	199750	0																			
3996	2026-09-24T22:17:25.088617511Z	199801	0																			
3997	2026-09-24T22:17:25.138222033Z	199851	0																			
3998	2026-09-24T22:17:25.188848193Z	199901	0																			
3999	2026-09-24T22:17:25.238385488Z	199951	0																			
4000	2026-09-24T22:17:25.287947153Z	200000	0																			
4001	2026-09-24T22:17:25.338602443Z	200051	0																			
4002	2026-09-24T22:17:25.388169936Z	200101	0																			
4003	2026-09-24T22:17:25.438698095Z	200151	0																			
4004	2026-09-24T22:17:25.488244584Z	200201	0																			
4005	2026-09-24T22:17:25.538770411Z	200251	0																			
4006	2026-09-24T22:17:25.588350142Z	200301	0																			
4007	2026-09-24T22:17:25.637925493Z	200350	0																			
4008	2026-09-24T22:17:25.688524306Z	200401	0																			
4009	2026-09-24T22:17:25.738103019Z	200450	0																			
4010	2026-09-24T22:17:25.7886953Z	200501	0																			
4011	2026-09-24T22:17:25.838247673Z	200551	0																			
4012	2026-09-24T22:17:25.888831564Z	200601	0																			
4013	2026-09-24T22:17:25.93839754Z	200651	0																			
4014	2026-09-24T22:17:25.987866425Z	200700	0																			
4015	2026-09-24T22:17:26.038354551Z	200751	0																			
4016	2026-09-24T22:17:26.087840385Z	200800	0																			
4017	2026-09-24T22:17:26.13839599Z	200851	0																			
4018	2026-09-24T22:17:26.187863894Z	200900	0																			
4019	2026-09-24T22:17:26.238372245Z	200951	0																			
4020	2026-09-24T22:17:26.287820853Z	201000	0																			
4021	2026-09-24T22:17:26.338244813Z	201051	0																			
4022	2026-09-24T22:17:26.388778097Z	201101	0																			
4023	2026-09-24T22:17:26.438356909Z	201151	0																			
4024	2026-09-24T22:17:26.487971666Z	201200	0																			
4025	2026-09-24T22:17:26.538545432Z	201251	0																			
4026	2026-09-24T22:17:26.588018318Z	201300	0																			
4027	2026-09-24T22:17:26.638544227Z	201351	0																			
4028	2026-09-24T22:17:26.688021417Z	201400	0																			
4029	2026-09-24T22:17:26.738597338Z	201451	0																			
4030	2026-09-24T22:17:26.788169391Z	201501	0																			
4031	2026-09-24T22:17:26.838676394Z	201551	0																			
4032	2026-09-24T22:17:26.888287126Z	201601	0																			
4033	2026-09-24T22:17:26.938842425Z	201651	0																			
4034	2026-09-24T22:17:26.988410815Z	201701	0																			
4035	2026-09-24T22:17:27.037944583Z	201750	0																			
4036	2026-09-24T22:17:27.088477737Z	201801	0																			
4037	2026-09-24T22:17:27.137967875Z	201850	0																			
4038	2026-09-24T22:17:27.188444764Z	201901	0																			
4039	2026-09-24T22:17:27.237849532Z	201950	0																			
4040	2026-09-24T22:17:27.28836751Z	202001	0																			
4041	2026-09-24T22:17:27.33793382Z	202050	0																			
4042	2026-09-24T22:17:27.388459447Z	202101	0																			
4043	2026-09-24T22:17:27.438026787Z	202150	0																			
4044	2026-09-24T22:17:27.488616631Z	202201	0																			
4045	2026-09-24T22:17:27.538196122Z	202251	0																			
4046	2026-09-24T22:17:27.588745348Z	202301	0																			
4047	2026-09-24T22:17:27.63824712Z	202351	0																			
4048	2026-09-24T22:17:27.688690024Z	202401	0																			
4049	2026-09-24T22:17:27.738136533Z	202451	0																			
4050	2026-09-24T22:17:27.788614025Z	202501	0																			
4051	2026-09-24T22:17:27.838136522Z	202551	0																			
4052	2026-09-24T22:17:27.888622568Z	202601	0																			
4053	2026-09-24T22:17:27.938093236Z	202650	0																			
4054	2026-09-24T22:17:27.988522253Z	202701	0																			
4055	2026-09-24T22:17:28.038046678Z	202750	0																			
4056	2026-09-24T22:17:28.088621839Z	202801	0																			
4057	2026-09-24T22:17:28.138156897Z	202851	0																			
4058	2026-09-24T22:17:28.188693367Z	202901	0																			
4059	2026-09-24T22:17:28.238262082Z	202951	0																			
4060	2026-09-24T22:17:28.288762546Z	203001	0																			
4061	2026-09-24T22:17:28.338323338Z	203051	0																			
4062	2026-09-24T22:17:28.387864339Z	203100	0																			
4063	2026-09-24T22:17:28.438443617Z	203151	0																			
4064	2026-09-24T22:17:28.487945063Z	203200	0																			
4065	2026-09-24T22:17:28.538444026Z	203251	0																			
4066	2026-09-24T22:17:28.58792347Z	203300	0																			
4067	2026-09-24T22:17:28.638427051Z	203351	0																			
4068	2026-09-24T22:17:28.687862896Z	203400	0																			
4069	2026-09-24T22:17:28.738371255Z	203451	0																			
4070	2026-09-24T22:17:28.788833168Z	203501	0																			
4071	2026-09-24T22:17:28.838320875Z	203551	0																			
4072	2026-09-24T22:17:28.888820652Z	203601	0																			
4073	2026-09-24T22:17:28.938245606Z	203651	0																			
4074	2026-09-24T22:17:28.98874451Z	203701	0																			
4075	2026-09-24T22:17:29.038172554Z	203751	0																			
4076	2026-09-24T22:17:29.088621107Z	203801	0																			
4077	2026-09-24T22:17:29.138099187Z	203850	0																			
4078	2026-09-24T22:17:29.188620942Z	203901	0																			
4079	2026-09-24T22:17:29.238122927Z	203951	0																			
4080	2026-09-24T22:17:29.288715082Z	204001	0																			
4081	2026-09-24T22:17:29.338333223Z	204051	0																			
4082	2026-09-24T22:17:29.387939782Z	204100	0																			
4083	2026-09-24T22:17:29.438545535Z	204151	0																			
4084	2026-09-24T22:17:29.488145945Z	204201	0																			
4085	2026-09-24T22:17:29.538748752Z	204251	0																			
4086	2026-09-24T22:17:29.588286927Z	204301	0																			
4087	2026-09-24T22:17:29.63874197Z	204351	0																			
4088	2026-09-24T22:17:29.688241937Z	204401	0																			
4089	2026-09-24T22:17:29.738686231Z	204451	0																			
4090	2026-09-24T22:17:29.788167396Z	204501	0																			
4091	2026-09-24T22:17:29.83870551Z	204551	0																			
4092	2026-09-24T22:17:29.888217217Z	204601	0																			
4093	2026-09-24T22:17:29.938740464Z	204651	0																			
4094	2026-09-24T22:17:29.988221669Z	204701	0																			
4095	2026-09-24T22:17:30.038688625Z	204751	0																			
4096	2026-09-24T22:17:30.088407205Z	204801	0																			
4097	2026-09-24T22:17:30.138079673Z	204850	0																			
4098	2026-09-24T22:17:30.188761727Z	204901	0																			
4099	2026-09-24T22:17:30.238526225Z	204951	0																			
4100	2026-09-24T22:17:30.288257778Z	205001	0																			
4101	2026-09-24T22:17:30.337950084Z	205050	0																			
4102	2026-09-24T22:17:30.388622251Z	205101	0																			
4103	2026-09-24T22:17:30.438251465Z	205151	0																			
4104	2026-09-24T22:17:30.487951857Z	205200	0																			
4105	2026-09-24T22:17:30.538664341Z	205251	0																			
4106	2026-09-24T22:17:30.588389507Z	205301	0																			
4107	2026-09-24T22:17:30.63805105Z	205350	0																			
4108	2026-09-24T22:17:30.688616194Z	205401	0																			
4109	2026-09-24T22:17:30.738097078Z	205450	0																			
4110	2026-09-24T22:17:30.788646757Z	205501	0																			
4111	2026-09-24T22:17:30.838170987Z	205551	0																			
4112	2026-09-24T22:17:30.888657118Z	205601	0																			
4113	2026-09-24T22:17:30.938172309Z	205651	0																			
4114	2026-09-24T22:17:30.988651637Z	205701	0																			
4115	2026-09-24T22:17:31.038105355Z	205750	0																			
4116	2026-09-24T22:17:31.088629037Z	205801	0																			
4117	2026-09-24T22:17:31.138136709Z	205851	0																			
4118	2026-09-24T22:17:31.188735671Z	205901	0																			
4119	2026-09-24T22:17:31.238357791Z	205951	0																			
4120	2026-09-24T22:17:31.287957351Z	206000	0																			
4121	2026-09-24T22:17:31.338547818Z	206051	0																			
4122	2026-09-24T22:17:31.388150348Z	206101	0																			
4123	2026-09-24T22:17:31.438773519Z	206151	0																			
4124	2026-09-24T22:17:31.488382253Z	206201	0																			
4125	2026-09-24T22:17:31.537996174Z	206250	0																			
4126	2026-09-24T22:17:31.588464461Z	206301	0																			
4127	2026-09-24T22:17:31.637988445Z	206350	0																			
4128	2026-09-24T22:17:31.688540199Z	206401	0																			
4129	2026-09-24T22:17:31.738021428Z	206450	0																			
4130	2026-09-24T22:17:31.788532046Z	206501	0																			
4131	2026-09-24T22:17:31.838015171Z	206550	0																			
4132	2026-09-24T22:17:31.888466436Z	206601	0																			
4133	2026-09-24T22:17:31.937943036Z	206650	0																			
4134	2026-09-24T22:17:31.988508068Z	206701	0																			
4135	2026-09-24T22:17:32.038099526Z	206750	0																			
4136	2026-09-24T22:17:32.088636084Z	206801	0																			
4137	2026-09-24T22:17:32.138160797Z	206851	0																			
4138	2026-09-24T22:17:32.188692917Z	206901	0																			
4139	2026-09-24T22:17:32.238174115Z	206951	0																			
4140	2026-09-24T22:17:32.288716702Z	207001	0																			
4141	2026-09-24T22:17:32.338231407Z	207051	0																			
4142	2026-09-24T22:17:32.388838069Z	207101	0																			
4143	2026-09-24T22:17:32.438471869Z	207151	0																			
4144	2026-09-24T22:17:32.488082781Z	207200	0																			
4145	2026-09-24T22:17:32.538697583Z	207251	0																			
4146	2026-09-24T22:17:32.5883274Z	207301	0																			
4147	2026-09-24T22:17:32.637945782Z	207350	0																			
4148	2026-09-24T22:17:32.688567444Z	207401	0																			
4149	2026-09-24T22:17:32.738173684Z	207451	0																			
4150	2026-09-24T22:17:32.788765137Z	207501	0																			
4151	2026-09-24T22:17:32.838323306Z	207551	0																			
4152	2026-09-24T22:17:32.887854633Z	207600	0																			
4153	2026-09-24T22:17:32.938356655Z	207651	0																			
4154	2026-09-24T22:17:32.988830003Z	207701	0																			
4155	2026-09-24T22:17:33.038321207Z	207751	0																			
4156	2026-09-24T22:17:33.088852617Z	207801	0																			
4157	2026-09-24T22:17:33.138399685Z	207851	0																			
4158	2026-09-24T22:17:33.18794608Z	207900	0																			
4159	2026-09-24T22:17:33.238520195Z	207951	0																			
4160	2026-09-24T22:17:33.288052297Z	208000	0																			
4161	2026-09-24T22:17:33.338596308Z	208051	0																			
4162	2026-09-24T22:17:33.388189365Z	208101	0																			
4163	2026-09-24T22:17:33.438748821Z	208151	0																			
4164	2026-09-24T22:17:33.488242486Z	208201	0																			
4165	2026-09-24T22:17:33.538767316Z	208251	0																			
4166	2026-09-24T22:17:33.588252285Z	208301	0																			
4167	2026-09-24T22:17:33.638775623Z	208351	0																			
4168	2026-09-24T22:17:33.688245945Z	208401	0																			
4169	2026-09-24T22:17:33.737834538Z	208450	0																			
4170	2026-09-24T22:17:33.788499197Z	208501	0																			
4171	2026-09-24T22:17:33.838073421Z	208550	0																			
4172	2026-09-24T22:17:33.888643689Z	208601	0																			
4173	2026-09-24T22:17:33.938174814Z	208651	0																			
4174	2026-09-24T22:17:33.988677795Z	208701	0																			
4175	2026-09-24T22:17:34.038199025Z	208751	0																			
4176	2026-09-24T22:17:34.088710338Z	208801	0																			
4177	2026-09-24T22:17:34.138215613Z	208851	0																			
4178	2026-09-24T22:17:34.188776797Z	208901	0																			
4179	2026-09-24T22:17:34.238298175Z	208951	0																			
4180	2026-09-24T22:17:34.288839338Z	209001	0																			
4181	2026-09-24T22:17:34.338319405Z	209051	0																			
4182	2026-09-24T22:17:34.388769876Z	209101	0																			
4183	2026-09-24T22:17:34.438287342Z	209151	0																			
4184	2026-09-24T22:17:34.487976315Z	209200	0																			
4185	2026-09-24T22:17:34.538640676Z	209251	0																			
4186	2026-09-24T22:17:34.588303703Z	209301	0																			
4187	2026-09-24T22:17:34.637947893Z	209350	0																			
4188	2026-09-24T22:17:34.688620467Z	209401	0																			
4189	2026-09-24T22:17:34.738250826Z	209451	0																			
4190	2026-09-24T22:17:34.787869025Z	209500	0																			
4191	2026-09-24T22:17:34.838546501Z	209551	0																			
4192	2026-09-24T22:17:34.888170688Z	209601	0																			
4193	2026-09-24T22:17:34.938836674Z	209651	0																			
4194	2026-09-24T22:17:34.988517768Z	209701	0																			
4195	2026-09-24T22:17:35.038175912Z	209751	0																			
4196	2026-09-24T22:17:35.08878582Z	209801	0																			
4197	2026-09-24T22:17:35.138443838Z	209851	0																			
4198	2026-09-24T22:17:35.188088209Z	209900	0																			
4199	2026-09-24T22:17:35.238651426Z	209951	0																			
4200	2026-09-24T22:17:35.28820706Z	210001	0																			
4201	2026-09-24T22:17:35.338620464Z	210051	0																			
4202	2026-09-24T22:17:35.388094964Z	210100	0																			
4203	2026-09-24T22:17:35.438619646Z	210151	0																			
4204	2026-09-24T22:17:35.488105947Z	210200	0																			
4205	2026-09-24T22:17:35.538620682Z	210251	0																			
4206	2026-09-24T22:17:35.588145402Z	210301	0																			
4207	2026-09-24T22:17:35.638646669Z	210351	0																			
4208	2026-09-24T22:17:35.688094545Z	210400	0																			
4209	2026-09-24T22:17:35.738608774Z	210451	0																			
4210	2026-09-24T22:17:35.788223331Z	210501	0																			
4211	2026-09-24T22:17:35.83879275Z	210551	0																			
4212	2026-09-24T22:17:35.888396206Z	210601	0																			
4213	2026-09-24T22:17:35.938045828Z	210650	0																			
4214	2026-09-24T22:17:35.988622248Z	210701	0																			
4215	2026-09-24T22:17:36.038250927Z	210751	0																			
4216	2026-09-24T22:17:36.088826894Z	210801	0																			
4217	2026-09-24T22:17:36.138373939Z	210851	0																			
4218	2026-09-24T22:17:36.187837019Z	210900	0																			
4219	2026-09-24T22:17:36.238365803Z	210951	0																			
4220	2026-09-24T22:17:36.287833826Z	211000	0																			
4221	2026-09-24T22:17:36.33824929Z	211051	0																			
4222	2026-09-24T22:17:36.388764032Z	211101	0																			
4223	2026-09-24T22:17:36.438303101Z	211151	0																			
4224	2026-09-24T22:17:36.487810682Z	211200	0																			
4225	2026-09-24T22:17:36.538351157Z	211251	0																			
4226	2026-09-24T22:17:36.587818127Z	211300	0																			
4227	2026-09-24T22:17:36.638245887Z	211351	0																			
4228	2026-09-24T22:17:36.688749311Z	211401	0																			
4229	2026-09-24T22:17:36.738222736Z	211451	0																			
4230	2026-09-24T22:17:36.788614308Z	211501	0																			
4231	2026-09-24T22:17:36.838101875Z	211550	0																			
4232	2026-09-24T22:17:36.88859528Z	211601	0																			
4233	2026-09-24T22:17:36.938077025Z	211650	0																			
4234	2026-09-24T22:17:36.98855913Z	211701	0																			
4235	2026-09-24T22:17:37.038020956Z	211750	0																			
4236	2026-09-24T22:17:37.088499348Z	211801	0																			
4237	2026-09-24T22:17:37.137942915Z	211850	0																			
4238	2026-09-24T22:17:37.188393551Z	211901	0																			
4239	2026-09-24T22:17:37.237846835Z	211950	0																			
4240	2026-09-24T22:17:37.288386606Z	212001	0																			
4241	2026-09-24T22:17:37.337859389Z	212050	0																			
4242	2026-09-24T22:17:37.388408563Z	212101	0																			
4243	2026-09-24T22:17:37.437948177Z	212150	0																			
4244	2026-09-24T22:17:37.488499397Z	212201	0																			
4245	2026-09-24T22:17:37.538096285Z	212250	0																			
4246	2026-09-24T22:17:37.58862168Z	212301	0																			
4247	2026-09-24T22:17:37.638173408Z	212351	0																			
4248	2026-09-24T22:17:37.688706871Z	212401	0																			
4249	2026-09-24T22:17:37.738239678Z	212451	0																			
4250	2026-09-24T22:17:37.788788175Z	212501	0																			
4251	2026-09-24T22:17:37.83825773Z	212551	0																			
4252	2026-09-24T22:17:37.888780803Z	212601	0																			
4253	2026-09-24T22:17:37.938244769Z	212651	0																			
4254	2026-09-24T22:17:37.988773455Z	212701	0																			
4255	2026-09-24T22:17:38.038326854Z	212751	0																			
4256	2026-09-24T22:17:38.087951977Z	212800	0																			
4257	2026-09-24T22:17:38.138551112Z	212851	0																			
4258	2026-09-24T22:17:38.188171447Z	212901	0																			
4259	2026-09-24T22:17:38.238769391Z	212951	0																			
4260	2026-09-24T22:17:38.288343516Z	213001	0																			
4261	2026-09-24T22:17:38.337973806Z	213050	0																			
4262	2026-09-24T22:17:38.38860302Z	213101	0																			
4263	2026-09-24T22:17:38.438201429Z	213151	0																			
4264	2026-09-24T22:17:38.488718278Z	213201	0																			
4265	2026-09-24T22:17:38.538283261Z	213251	0																			
4266	2026-09-24T22:17:38.588860991Z	213301	0																			
4267	2026-09-24T22:17:38.638422101Z	213351	0																			
4268	2026-09-24T22:17:38.687843885Z	213400	0																			
4269	2026-09-24T22:17:38.738320358Z	213451	0																			
4270	2026-09-24T22:17:38.788820152Z	213501	0																			
4271	2026-09-24T22:17:38.838291086Z	213551	0																			
4272	2026-09-24T22:17:38.887950503Z	213600	0																			
4273	2026-09-24T22:17:38.938625446Z	213651	0																			
4274	2026-09-24T22:17:38.988308559Z	213701	0																			
4275	2026-09-24T22:17:39.037961975Z	213750	0																			
4276	2026-09-24T22:17:39.088529993Z	213801	0																			
4277	2026-09-24T22:17:39.138156373Z	213851	0																			
4278	2026-09-24T22:17:39.18876434Z	213901	0																			
4279	2026-09-24T22:17:39.238248241Z	213951	0																			
4280	2026-09-24T22:17:39.288804166Z	214001	0																			
4281	2026-09-24T22:17:39.338457742Z	214051	0																			
4282	2026-09-24T22:17:39.388085611Z	214100	0																			
4283	2026-09-24T22:17:39.438680352Z	214151	0																			
4284	2026-09-24T22:17:39.488291556Z	214201	0																			
4285	2026-09-24T22:17:39.537927918Z	214250	0																			
4286	2026-09-24T22:17:39.588545008Z	214301	0																			
4287	2026-09-24T22:17:39.638211011Z	214351	0																			
4288	2026-09-24T22:17:39.688824122Z	214401	0																			
4289	2026-09-24T22:17:39.738395448Z	214451	0																			
4290	2026-09-24T22:17:39.787965473Z	214500	0																			
4291	2026-09-24T22:17:39.838468592Z	214551	0																			
4292	2026-09-24T22:17:39.888020186Z	214600	0																			
4293	2026-09-24T22:17:39.938473864Z	214651	0																			
4294	2026-09-24T22:17:39.987991534Z	214700	0																			
4295	2026-09-24T22:17:40.038610152Z	214751	0																			
4296	2026-09-24T22:17:40.088158972Z	214801	0																			
4297	2026-09-24T22:17:40.13873894Z	214851	0																			
4298	2026-09-24T22:17:40.188341486Z	214901	0																			
4299	2026-09-24T22:17:40.237836813Z	214950	0																			
4300	2026-09-24T22:17:40.288393038Z	215001	0																			
4301	2026-09-24T22:17:40.337828197Z	215050	0																			
4302	2026-09-24T22:17:40.388369049Z	215101	0																			
4303	2026-09-24T22:17:40.437857019Z	215150	0																			
4304	2026-09-24T22:17:40.488317972Z	215201	0																			
4305	2026-09-24T22:17:40.538842129Z	215251	0																			
4306	2026-09-24T22:17:40.588328155Z	215301	0																			
4307	2026-09-24T22:17:40.63883657Z	215351	0																			
4308	2026-09-24T22:17:40.688317688Z	215401	0																			
4309	2026-09-24T22:17:40.737835784Z	215450	0																			
4310	2026-09-24T22:17:40.788390643Z	215501	0																			
4311	2026-09-24T22:17:40.837944764Z	215550	0																			
4312	2026-09-24T22:17:40.888461236Z	215601	0																			
4313	2026-09-24T22:17:40.93793954Z	215650	0																			
4314	2026-09-24T22:17:40.988455336Z	215701	0																			
4315	2026-09-24T22:17:41.037949963Z	215750	0																			
4316	2026-09-24T22:17:41.088558651Z	215801	0																			
4317	2026-09-24T22:17:41.138191562Z	215851	0																			
4318	2026-09-24T22:17:41.188811718Z	215901	0																			
4319	2026-09-24T22:17:41.238437057Z	215951	0																			
4320	2026-09-24T22:17:41.288058931Z	216000	0																			
4321	2026-09-24T22:17:41.338694858Z	216051	0																			
4322	2026-09-24T22:17:41.388281709Z	216101	0																			
4323	2026-09-24T22:17:41.43782733Z	216150	0																			
4324	2026-09-24T22:17:41.488394282Z	216201	0																			
4325	2026-09-24T22:17:41.537837346Z	216250	0																			
4326	2026-09-24T22:17:41.588318553Z	216301	0																			
4327	2026-09-24T22:17:41.638854067Z	216351	0																			
4328	2026-09-24T22:17:41.68837662Z	216401	0																			
4329	2026-09-24T22:17:41.737930613Z	216450	0																			
4330	2026-09-24T22:17:41.788466416Z	216501	0																			
4331	2026-09-24T22:17:41.838022462Z	216550	0																			
4332	2026-09-24T22:17:41.888539384Z	216601	0																			
4333	2026-09-24T22:17:41.93802187Z	216650	0																			
4334	2026-09-24T22:17:41.988547634Z	216701	0																			
4335	2026-09-24T22:17:42.038157159Z	216751	0																			
4336	2026-09-24T22:17:42.088782786Z	216801	0																			
4337	2026-09-24T22:17:42.138351857Z	216851	0																			
4338	2026-09-24T22:17:42.187863877Z	216900	0																			
4339	2026-09-24T22:17:42.238395809Z	216951	0																			
4340	2026-09-24T22:17:42.288001345Z	217000	0																			
4341	2026-09-24T22:17:42.338623159Z	217051	0																			
4342	2026-09-24T22:17:42.388246233Z	217101	0																			
4343	2026-09-24T22:17:42.437846216Z	217150	0																			
4344	2026-09-24T22:17:42.488469062Z	217201	0																			
4345	2026-09-24T22:17:42.538100892Z	217250	0																			
4346	2026-09-24T22:17:42.588691924Z	217301	0																			
4347	2026-09-24T22:17:42.638285085Z	217351	0																			
4348	2026-09-24T22:17:42.687867025Z	217400	0																			
4349	2026-09-24T22:17:42.738464916Z	217451	0																			
4350	2026-09-24T22:17:42.788045942Z	217500	0																			
4351	2026-09-24T22:17:42.838618827Z	217551	0																			
4352	2026-09-24T22:17:42.888168095Z	217601	0																			
4353	2026-09-24T22:17:42.938653149Z	217651	0																			
4354	2026-09-24T22:17:42.988200435Z	217701	0																			
4355	2026-09-24T22:17:43.03869508Z	217751	0																			
4356	2026-09-24T22:17:43.088244405Z	217801	0																			
4357	2026-09-24T22:17:43.138775734Z	217851	0																			
4358	2026-09-24T22:17:43.188316927Z	217901	0																			
4359	2026-09-24T22:17:43.237834295Z	217950	0																			
4360	2026-09-24T22:17:43.28840274Z	218001	0																			
4361	2026-09-24T22:17:43.338024602Z	218050	0																			
4362	2026-09-24T22:17:43.38861769Z	218101	0																			
4363	2026-09-24T22:17:43.43817149Z	218151	0																			
4364	2026-09-24T22:17:43.488689637Z	218201	0																			
4365	2026-09-24T22:17:43.538223003Z	218251	0																			
4366	2026-09-24T22:17:43.588744711Z	218301	0																			
4367	2026-09-24T22:17:43.638239364Z	218351	0																			
4368	2026-09-24T22:17:43.688761763Z	218401	0																			
4369	2026-09-24T22:17:43.738398401Z	218451	0																			
4370	2026-09-24T22:17:43.788020517Z	218500	0																			
4371	2026-09-24T22:17:43.838661845Z	218551	0																			
4372	2026-09-24T22:17:43.888262046Z	218601	0																			
4373	2026-09-24T22:17:43.938748703Z	218651	0																			
4374	2026-09-24T22:17:43.988226009Z	218701	0																			
4375	2026-09-24T22:17:44.038726423Z	218751	0																			
4376	2026-09-24T22:17:44.088229605Z	218801	0																			
4377	2026-09-24T22:17:44.138787725Z	218851	0																			
4378	2026-09-24T22:17:44.188320873Z	218901	0																			
4379	2026-09-24T22:17:44.238832202Z	218951	0																			
4380	2026-09-24T22:17:44.288317297Z	219001	0																			
4381	2026-09-24T22:17:44.338769558Z	219051	0																			
4382	2026-09-24T22:17:44.388301549Z	219101	0																			
4383	2026-09-24T22:17:44.438843276Z	219151	0																			
4384	2026-09-24T22:17:44.488391261Z	219201	0																			
4385	2026-09-24T22:17:44.53795094Z	219250	0																			
4386	2026-09-24T22:17:44.58846496Z	219301	0																			
4387	2026-09-24T22:17:44.6379308Z	219350	0																			
4388	2026-09-24T22:17:44.68846101Z	219401	0																			
4389	2026-09-24T22:17:44.737945023Z	219450	0																			
4390	2026-09-24T22:17:44.788394593Z	219501	0																			
4391	2026-09-24T22:17:44.837934051Z	219550	0																			
4392	2026-09-24T22:17:44.888391375Z	219601	0																			
4393	2026-09-24T22:17:44.938845012Z	219651	0																			
4394	2026-09-24T22:17:44.988317593Z	219701	0																			
4395	2026-09-24T22:17:45.038772263Z	219751	0																			
4396	2026-09-24T22:17:45.088239336Z	219801	0																			
4397	2026-09-24T22:17:45.138697703Z	219851	0																			
4398	2026-09-24T22:17:45.188217247Z	219901	0																			
4399	2026-09-24T22:17:45.238745951Z	219951	0																			
4400	2026-09-24T22:17:45.288257458Z	220001	0																			
4401	2026-09-24T22:17:45.338692858Z	220051	0																			
4402	2026-09-24T22:17:45.388169012Z	220101	0																			
4403	2026-09-24T22:17:45.43861976Z	220151	0																			
4404	2026-09-24T22:17:45.48814777Z	220201	0																			
4405	2026-09-24T22:17:45.538620156Z	220251	0																			
4406	2026-09-24T22:17:45.588156741Z	220301	0																			
4407	2026-09-24T22:17:45.638682136Z	220351	0																			
4408	2026-09-24T22:17:45.688143449Z	220401	0																			
4409	2026-09-24T22:17:45.738545219Z	220451	0																			
4410	2026-09-24T22:17:45.788005164Z	220500	0																			
4411	2026-09-24T22:17:45.838455502Z	220551	0																			
4412	2026-09-24T22:17:45.887943681Z	220600	0																			
4413	2026-09-24T22:17:45.938381124Z	220651	0																			
4414	2026-09-24T22:17:45.988842829Z	220701	0																			
4415	2026-09-24T22:17:46.038322883Z	220751	0																			
4416	2026-09-24T22:17:46.088760302Z	220801	0																			
4417	2026-09-24T22:17:46.138223998Z	220851	0																			
4418	2026-09-24T22:17:46.188691304Z	220901	0																			
4419	2026-09-24T22:17:46.238200855Z	220951	0																			
4420	2026-09-24T22:17:46.28867591Z	221001	0																			
4421	2026-09-24T22:17:46.338217068Z	221051	0																			
4422	2026-09-24T22:17:46.388757286Z	221101	0																			
4423	2026-09-24T22:17:46.438232858Z	221151	0																			
4424	2026-09-24T22:17:46.488748982Z	221201	0																			
4425	2026-09-24T22:17:46.538250822Z	221251	0																			
4426	2026-09-24T22:17:46.588767789Z	221301	0																			
4427	2026-09-24T22:17:46.63822546Z	221351	0																			
4428	2026-09-24T22:17:46.688680861Z	221401	0																			
4429	2026-09-24T22:17:46.738098723Z	221450	0																			
4430	2026-09-24T22:17:46.788616498Z	221501	0																			
4431	2026-09-24T22:17:46.838111701Z	221550	0																			
4432	2026-09-24T22:17:46.888592294Z	221601	0																			
4433	2026-09-24T22:17:46.938089817Z	221650	0																			
4434	2026-09-24T22:17:46.988572746Z	221701	0																			
4435	2026-09-24T22:17:47.038015649Z	221750	0																			
4436	2026-09-24T22:17:47.08848355Z	221801	0																			
4437	2026-09-24T22:17:47.138020496Z	221850	0																			
4438	2026-09-24T22:17:47.188467609Z	221901	0																			
4439	2026-09-24T22:17:47.237854083Z	221950	0																			
4440	2026-09-24T22:17:47.288318431Z	222001	0																			
4441	2026-09-24T22:17:47.338767841Z	222051	0																			
4442	2026-09-24T22:17:47.388237537Z	222101	0																			
4443	2026-09-24T22:17:47.438751652Z	222151	0																			
4444	2026-09-24T22:17:47.488169901Z	222201	0																			
4445	2026-09-24T22:17:47.53861914Z	222251	0																			
4446	2026-09-24T22:17:47.588094055Z	222300	0																			
4447	2026-09-24T22:17:47.638530513Z	222351	0																			
4448	2026-09-24T22:17:47.68801829Z	222400	0																			
4449	2026-09-24T22:17:47.738446972Z	222451	0																			
4450	2026-09-24T22:17:47.787817054Z	222500	0																			
4451	2026-09-24T22:17:47.838247986Z	222551	0																			
4452	2026-09-24T22:17:47.888691256Z	222601	0																			
4453	2026-09-24T22:17:47.938165938Z	222651	0																			
4454	2026-09-24T22:17:47.988663583Z	222701	0																			
4455	2026-09-24T22:17:48.038159181Z	222751	0																			
4456	2026-09-24T22:17:48.088738986Z	222801	0																			
4457	2026-09-24T22:17:48.138247487Z	222851	0																			
4458	2026-09-24T22:17:48.188753413Z	222901	0																			
4459	2026-09-24T22:17:48.238246359Z	222951	0																			
4460	2026-09-24T22:17:48.288744313Z	223001	0																			
4461	2026-09-24T22:17:48.338350678Z	223051	0																			
4462	2026-09-24T22:17:48.38786576Z	223100	0																			
4463	2026-09-24T22:17:48.438322113Z	223151	0																			
4464	2026-09-24T22:17:48.48883636Z	223201	0																			
4465	2026-09-24T22:17:48.538349955Z	223251	0																			
4466	2026-09-24T22:17:48.588839012Z	223301	0																			
4467	2026-09-24T22:17:48.638245959Z	223351	0																			
4468	2026-09-24T22:17:48.688750528Z	223401	0																			
4469	2026-09-24T22:17:48.738173824Z	223451	0																			
4470	2026-09-24T22:17:48.788667384Z	223501	0																			
4471	2026-09-24T22:17:48.838097576Z	223550	0																			
4472	2026-09-24T22:17:48.888532849Z	223601	0																			
4473	2026-09-24T22:17:48.93794268Z	223650	0																			
4474	2026-09-24T22:17:48.988385693Z	223701	0																			
4475	2026-09-24T22:17:49.038806765Z	223751	0																			
4476	2026-09-24T22:17:49.088467957Z	223801	0																			
4477	2026-09-24T22:17:49.138098158Z	223850	0																			
4478	2026-09-24T22:17:49.188749778Z	223901	0																			
4479	2026-09-24T22:17:49.238348742Z	223951	0																			
4480	2026-09-24T22:17:49.287820046Z	224000	0																			
4481	2026-09-24T22:17:49.338251216Z	224051	0																			
4482	2026-09-24T22:17:49.388801858Z	224101	0																			
4483	2026-09-24T22:17:49.438401788Z	224151	0																			
4484	2026-09-24T22:17:49.488076981Z	224200	0																			
4485	2026-09-24T22:17:49.53873602Z	224251	0																			
4486	2026-09-24T22:17:49.588395324Z	224301	0																			
4487	2026-09-24T22:17:49.638025593Z	224350	0																			
4488	2026-09-24T22:17:49.688693653Z	224401	0																			
4489	2026-09-24T22:17:49.738351178Z	224451	0																			
4490	2026-09-24T22:17:49.78802431Z	224500	0																			
4491	2026-09-24T22:17:49.838696953Z	224551	0																			
4492	2026-09-24T22:17:49.888320742Z	224601	0																			
4493	2026-09-24T22:17:49.937943717Z	224650	0																			
4494	2026-09-24T22:17:49.988550365Z	224701	0																			
4495	2026-09-24T22:17:50.03817451Z	224751	0																			
4496	2026-09-24T22:17:50.088770018Z	224801	0																			
4497	2026-09-24T22:17:50.138320563Z	224851	0																			
4498	2026-09-24T22:17:50.187841407Z	224900	0																			
4499	2026-09-24T22:17:50.238322921Z	224951	0																			
4500	2026-09-24T22:17:50.288838769Z	225001	0																			
4501	2026-09-24T22:17:50.338319462Z	225051	0																			
4502	2026-09-24T22:17:50.388839097Z	225101	0																			
4503	2026-09-24T22:17:50.43832075Z	225151	0																			
4504	2026-09-24T22:17:50.488807686Z	225201	0																			
4505	2026-09-24T22:17:50.538321365Z	225251	0																			
4506	2026-09-24T22:17:50.58879017Z	225301	0																			
4507	2026-09-24T22:17:50.638247461Z	225351	0																			
4508	2026-09-24T22:17:50.688704162Z	225401	0																			
4509	2026-09-24T22:17:50.738170784Z	225451	0																			
4510	2026-09-24T22:17:50.788625792Z	225501	0																			
4511	2026-09-24T22:17:50.83802223Z	225550	0																			
4512	2026-09-24T22:17:50.888531207Z	225601	0																			
4513	2026-09-24T22:17:50.938033711Z	225650	0																			
4514	2026-09-24T22:17:50.988526653Z	225701	0																			
4515	2026-09-24T22:17:51.037942819Z	225750	0																			
4516	2026-09-24T22:17:51.088458349Z	225801	0																			
4517	2026-09-24T22:17:51.137970529Z	225850	0																			
4518	2026-09-24T22:17:51.188489447Z	225901	0																			
4519	2026-09-24T22:17:51.237942457Z	225950	0																			
4520	2026-09-24T22:17:51.288389778Z	226001	0																			
4521	2026-09-24T22:17:51.338844228Z	226051	0																			
4522	2026-09-24T22:17:51.388316464Z	226101	0																			
4523	2026-09-24T22:17:51.438804463Z	226151	0																			
4524	2026-09-24T22:17:51.488317987Z	226201	0																			
4525	2026-09-24T22:17:51.538770101Z	226251	0																			
4526	2026-09-24T22:17:51.588232629Z	226301	0																			
4527	2026-09-24T22:17:51.638694002Z	226351	0																			
4528	2026-09-24T22:17:51.688166887Z	226401	0																			
4529	2026-09-24T22:17:51.738607228Z	226451	0																			
4530	2026-09-24T22:17:51.788106657Z	226500	0																			
4531	2026-09-24T22:17:51.838602538Z	226551	0																			
4532	2026-09-24T22:17:51.888035484Z	226600	0																			
4533	2026-09-24T22:17:51.938517581Z	226651	0																			
4534	2026-09-24T22:17:51.98806749Z	226700	0																			
4535	2026-09-24T22:17:52.038610441Z	226751	0																			
4536	2026-09-24T22:17:52.088140172Z	226801	0																			
4537	2026-09-24T22:17:52.138663168Z	226851	0																			
4538	2026-09-24T22:17:52.188233023Z	226901	0																			
4539	2026-09-24T22:17:52.238764321Z	226951	0																			
4540	2026-09-24T22:17:52.288297538Z	227001	0																			
4541	2026-09-24T22:17:52.338840685Z	227051	0																			
4542	2026-09-24T22:17:52.388453859Z	227101	0																			
4543	2026-09-24T22:17:52.438013475Z	227150	0																			
4544	2026-09-24T22:17:52.488542923Z	227201	0																			
4545	2026-09-24T22:17:52.538087232Z	227250	0																			
4546	2026-09-24T22:17:52.588682688Z	227301	0																			
4547	2026-09-24T22:17:52.638249984Z	227351	0																			
4548	2026-09-24T22:17:52.688842276Z	227401	0																			
4549	2026-09-24T22:17:52.738439095Z	227451	0																			
4550	2026-09-24T22:17:52.788018895Z	227500	0																			
4551	2026-09-24T22:17:52.838533301Z	227551	0																			
4552	2026-09-24T22:17:52.888056322Z	227600	0																			
4553	2026-09-24T22:17:52.938600742Z	227651	0																			
4554	2026-09-24T22:17:52.98810767Z	227700	0																			
4555	2026-09-24T22:17:53.038563147Z	227751	0																			
4556	2026-09-24T22:17:53.088069317Z	227800	0																			
4557	2026-09-24T22:17:53.138600088Z	227851	0																			
4558	2026-09-24T22:17:53.188074036Z	227900	0																			
4559	2026-09-24T22:17:53.238620237Z	227951	0																			
4560	2026-09-24T22:17:53.288094876Z	228000	0																			
4561	2026-09-24T22:17:53.33787512Z	228050	0																			
4562	2026-09-24T22:17:53.388393987Z	228101	0																			
4563	2026-09-24T22:17:53.437841513Z	228150	0																			
4564	2026-09-24T22:17:53.488392199Z	228201	0																			
4565	2026-09-24T22:17:53.537808854Z	228250	0																			
4566	2026-09-24T22:17:53.588318008Z	228301	0																			
4567	2026-09-24T22:17:53.638765065Z	228351	0																			
4568	2026-09-24T22:17:53.688313298Z	228401	0																			
4569	2026-09-24T22:17:53.737965799Z	228450	0																			
4570	2026-09-24T22:17:53.788628574Z	228501	0																			
4571	2026-09-24T22:17:53.838256375Z	228551	0																			
4572	2026-09-24T22:17:53.888762615Z	228601	0																			
4573	2026-09-24T22:17:53.938283706Z	228651	0																			
4574	2026-09-24T22:17:53.988769668Z	228701	0																			
4575	2026-09-24T22:17:54.038282648Z	228751	0																			
4576	2026-09-24T22:17:54.088844569Z	228801	0																			
4577	2026-09-24T22:17:54.138366371Z	228851	0																			
4578	2026-09-24T22:17:54.187819162Z	228900	0																			
4579	2026-09-24T22:17:54.238320472Z	228951	0																			
4580	2026-09-24T22:17:54.288764423Z	229001	0																			
4581	2026-09-24T22:17:54.338219777Z	229051	0																			
4582	2026-09-24T22:17:54.388752311Z	229101	0																			
4583	2026-09-24T22:17:54.438465367Z	229151	0																			
4584	2026-09-24T22:17:54.488162846Z	229201	0																			
4585	2026-09-24T22:17:54.538788829Z	229251	0																			
4586	2026-09-24T22:17:54.58846364Z	229301	0																			
4587	2026-09-24T22:17:54.638098634Z	229350	0																			
4588	2026-09-24T22:17:54.688691769Z	229401	0																			
4589	2026-09-24T22:17:54.738249525Z	229451	0																			
4590	2026-09-24T22:17:54.788837941Z	229501	0																			
4591	2026-09-24T22:17:54.838371351Z	229551	0																			
4592	2026-09-24T22:17:54.887939616Z	229600	0																			
4593	2026-09-24T22:17:54.938560684Z	229651	0																			
4594	2026-09-24T22:17:54.98809692Z	229700	0																			
4595	2026-09-24T22:17:55.038743264Z	229751	0																			
4596	2026-09-24T22:17:55.088254055Z	229801	0																			
4597	2026-09-24T22:17:55.138862232Z	229851	0																			
4598	2026-09-24T22:17:55.188452186Z	229901	0																			
4599	2026-09-24T22:17:55.23802153Z	229950	0																			
4600	2026-09-24T22:17:55.288621843Z	230001	0																			
4601	2026-09-24T22:17:55.337824234Z	230050	0																			
4602	2026-09-24T22:17:55.388392464Z	230101	0																			
4603	2026-09-24T22:17:55.437944839Z	230150	0																			
4604	2026-09-24T22:17:55.488517982Z	230201	0																			
4605	2026-09-24T22:17:55.538084762Z	230250	0																			
4606	2026-09-24T22:17:55.588613594Z	230301	0																			
4607	2026-09-24T22:17:55.638080922Z	230350	0																			
4608	2026-09-24T22:17:55.688618627Z	230401	0																			
4609	2026-09-24T22:17:55.738172128Z	230451	0																			
4610	2026-09-24T22:17:55.788614767Z	230501	0																			
4611	2026-09-24T22:17:55.838172794Z	230551	0																			
4612	2026-09-24T22:17:55.888689403Z	230601	0																			
4613	2026-09-24T22:17:55.938173122Z	230651	0																			
4614	2026-09-24T22:17:55.988613969Z	230701	0																			
4615	2026-09-24T22:17:56.038098807Z	230750	0																			
4616	2026-09-24T22:17:56.088622077Z	230801	0																			
4617	2026-09-24T22:17:56.138135354Z	230851	0																			
4618	2026-09-24T22:17:56.188639633Z	230901	0																			
4619	2026-09-24T22:17:56.238095507Z	230950	0																			
4620	2026-09-24T22:17:56.288538903Z	231001	0																			
4621	2026-09-24T22:17:56.337995844Z	231050	0																			
4622	2026-09-24T22:17:56.388467477Z	231101	0																			
4623	2026-09-24T22:17:56.437944114Z	231150	0																			
4624	2026-09-24T22:17:56.488465914Z	231201	0																			
4625	2026-09-24T22:17:56.537943749Z	231250	0																			
4626	2026-09-24T22:17:56.588441175Z	231301	0																			
4627	2026-09-24T22:17:56.637944689Z	231350	0																			
4628	2026-09-24T22:17:56.688389833Z	231401	0																			
4629	2026-09-24T22:17:56.737860666Z	231450	0																			
4630	2026-09-24T22:17:56.788317506Z	231501	0																			
4631	2026-09-24T22:17:56.838835125Z	231551	0																			
4632	2026-09-24T22:17:56.888315361Z	231601	0																			
4633	2026-09-24T22:17:56.938756075Z	231651	0																			
4634	2026-09-24T22:17:56.988175071Z	231701	0																			
4635	2026-09-24T22:17:57.038674465Z	231751	0																			
4636	2026-09-24T22:17:57.088096745Z	231800	0																			
4637	2026-09-24T22:17:57.13854732Z	231851	0																			
4638	2026-09-24T22:17:57.188005362Z	231900	0																			
4639	2026-09-24T22:17:57.238461818Z	231951	0																			
4640	2026-09-24T22:17:57.287970334Z	232000	0																			
4641	2026-09-24T22:17:57.338544744Z	232051	0																			
4642	2026-09-24T22:17:57.388021343Z	232100	0																			
4643	2026-09-24T22:17:57.438546742Z	232151	0																			
4644	2026-09-24T22:17:57.48805994Z	232200	0																			
4645	2026-09-24T22:17:57.538612925Z	232251	0																			
4646	2026-09-24T22:17:57.588093821Z	232300	0																			
4647	2026-09-24T22:17:57.63861976Z	232351	0																			
4648	2026-09-24T22:17:57.688170816Z	232401	0																			
4649	2026-09-24T22:17:57.738805864Z	232451	0																			
4650	2026-09-24T22:17:57.788409621Z	232501	0																			
4651	2026-09-24T22:17:57.837954328Z	232550	0																			
4652	2026-09-24T22:17:57.888533423Z	232601	0																			
4653	2026-09-24T22:17:57.938020957Z	232650	0																			
4654	2026-09-24T22:17:57.988468891Z	232701	0																			
4655	2026-09-24T22:17:58.038031373Z	232750	0																			
4656	2026-09-24T22:17:58.088647745Z	232801	0																			
4657	2026-09-24T22:17:58.138250215Z	232851	0																			
4658	2026-09-24T22:17:58.188767367Z	232901	0																			
4659	2026-09-24T22:17:58.238321636Z	232951	0																			
4660	2026-09-24T22:17:58.287850523Z	233000	0																			
4661	2026-09-24T22:17:58.338467769Z	233051	0																			
4662	2026-09-24T22:17:58.388052265Z	233100	0																			
4663	2026-09-24T22:17:58.438678817Z	233151	0																			
4664	2026-09-24T22:17:58.488313945Z	233201	0																			
4665	2026-09-24T22:17:58.537830448Z	233250	0																			
4666	2026-09-24T22:17:58.588369849Z	233301	0																			
4667	2026-09-24T22:17:58.63785323Z	233350	0																			
4668	2026-09-24T22:17:58.688317673Z	233401	0																			
4669	2026-09-24T22:17:58.738826981Z	233451	0																			
4670	2026-09-24T22:17:58.788317447Z	233501	0																			
4671	2026-09-24T22:17:58.837812626Z	233550	0																			
4672	2026-09-24T22:17:58.888284244Z	233601	0																			
4673	2026-09-24T22:17:58.938825402Z	233651	0																			
4674	2026-09-24T22:17:58.988389251Z	233701	0																			
4675	2026-09-24T22:17:59.03802924Z	233750	0																			
4676	2026-09-24T22:17:59.088690087Z	233801	0																			
4677	2026-09-24T22:17:59.138288416Z	233851	0																			
4678	2026-09-24T22:17:59.187946981Z	233900	0																			
4679	2026-09-24T22:17:59.238572669Z	233951	0																			
4680	2026-09-24T22:17:59.288249895Z	234001	0																			
4681	2026-09-24T22:17:59.337931322Z	234050	0																			
4682	2026-09-24T22:17:59.388622099Z	234101	0																			
4683	2026-09-24T22:17:59.438290074Z	234151	0																			
4684	2026-09-24T22:17:59.487947283Z	234200	0																			
4685	2026-09-24T22:17:59.538608065Z	234251	0																			
4686	2026-09-24T22:17:59.58832192Z	234301	0																			
4687	2026-09-24T22:17:59.637946088Z	234350	0																			
4688	2026-09-24T22:17:59.688593473Z	234401	0																			
4689	2026-09-24T22:17:59.738237865Z	234451	0																			
4690	2026-09-24T22:17:59.787860894Z	234500	0																			
4691	2026-09-24T22:17:59.838556105Z	234551	0																			
4692	2026-09-24T22:17:59.888248648Z	234601	0																			
4693	2026-09-24T22:17:59.937871919Z	234650	0																			
4694	2026-09-24T22:17:59.988544028Z	234701	0																			
4695	2026-09-24T22:18:00.038177089Z	234751	0																			
4696	2026-09-24T22:18:00.088791399Z	234801	0																			
4697	2026-09-24T22:18:00.138478368Z	234851	0																			
4698	2026-09-24T22:18:00.188146077Z	234901	0																			
4699	2026-09-24T22:18:00.238747052Z	234951	0																			
4700	2026-09-24T22:18:00.288393092Z	235001	0																			
4701	2026-09-24T22:18:00.338021668Z	235050	0																			
4702	2026-09-24T22:18:00.388682607Z	235101	0																			
4703	2026-09-24T22:18:00.438247417Z	235151	0																			
4704	2026-09-24T22:18:00.487845494Z	235200	0																			
4705	2026-09-24T22:18:00.538426699Z	235251	0																			
4706	2026-09-24T22:18:00.588020413Z	235300	0																			
4707	2026-09-24T22:18:00.638608587Z	235351	0																			
4708	2026-09-24T22:18:00.688095306Z	235400	0																			
4709	2026-09-24T22:18:00.738595654Z	235451	0																			
4710	2026-09-24T22:18:00.788085974Z	235500	0																			
4711	2026-09-24T22:18:00.838608814Z	235551	0																			
4712	2026-09-24T22:18:00.888052312Z	235600	0																			
4713	2026-09-24T22:18:00.938570198Z	235651	0																			
4714	2026-09-24T22:18:00.988095098Z	235700	0																			
4715	2026-09-24T22:18:01.038634644Z	235751	0																			
4716	2026-09-24T22:18:01.08817206Z	235801	0																			
4717	2026-09-24T22:18:01.13874039Z	235851	0																			
4718	2026-09-24T22:18:01.188321276Z	235901	0																			
4719	2026-09-24T22:18:01.23883661Z	235951	0																			
4720	2026-09-24T22:18:01.288392605Z	236001	0																			
4721	2026-09-24T22:18:01.33794978Z	236050	0																			
4722	2026-09-24T22:18:01.388599786Z	236101	0																			
4723	2026-09-24T22:18:01.438230422Z	236151	0																			
4724	2026-09-24T22:18:01.488841775Z	236201	0																			
4725	2026-09-24T22:18:01.538451366Z	236251	0																			
4726	2026-09-24T22:18:01.587962975Z	236300	0																			
4727	2026-09-24T22:18:01.638466173Z	236351	0																			
4728	2026-09-24T22:18:01.688012053Z	236400	0																			
4729	2026-09-24T22:18:01.738522077Z	236451	0																			
4730	2026-09-24T22:18:01.788093693Z	236500	0																			
4731	2026-09-24T22:18:01.83869408Z	236551	0																			
4732	2026-09-24T22:18:01.888353562Z	236601	0																			
4733	2026-09-24T22:18:01.938012154Z	236650	0																			
4734	2026-09-24T22:18:01.988679065Z	236701	0																			
4735	2026-09-24T22:18:02.038353116Z	236751	0																			
4736	2026-09-24T22:18:02.088020785Z	236800	0																			
4737	2026-09-24T22:18:02.138756091Z	236851	0																			
4738	2026-09-24T22:18:02.188481623Z	236901	0																			
4739	2026-09-24T22:18:02.238154278Z	236951	0																			
4740	2026-09-24T22:18:02.288839081Z	237001	0																			
4741	2026-09-24T22:18:02.338545576Z	237051	0																			
4742	2026-09-24T22:18:02.388227559Z	237101	0																			
4743	2026-09-24T22:18:02.437967673Z	237150	0																			
4744	2026-09-24T22:18:02.488620662Z	237201	0																			
4745	2026-09-24T22:18:02.538251433Z	237251	0																			
4746	2026-09-24T22:18:02.587873564Z	237300	0																			
4747	2026-09-24T22:18:02.638478887Z	237351	0																			
4748	2026-09-24T22:18:02.6880821Z	237400	0																			
4749	2026-09-24T22:18:02.738727756Z	237451	0																			
4750	2026-09-24T22:18:02.788317977Z	237501	0																			
4751	2026-09-24T22:18:02.837849598Z	237550	0																			
4752	2026-09-24T22:18:02.888391357Z	237601	0																			
4753	2026-09-24T22:18:02.937943723Z	237650	0																			
4754	2026-09-24T22:18:02.988447359Z	237701	0																			
4755	2026-09-24T22:18:03.038041352Z	237750	0																			
4756	2026-09-24T22:18:03.088635037Z	237801	0																			
4757	2026-09-24T22:18:03.138250353Z	237851	0																			
4758	2026-09-24T22:18:03.187843633Z	237900	0																			
4759	2026-09-24T22:18:03.238397584Z	237951	0																			
4760	2026-09-24T22:18:03.28802639Z	238000	0																			
4761	2026-09-24T22:18:03.338686618Z	238051	0																			
4762	2026-09-24T22:18:03.388318754Z	238101	0																			
4763	2026-09-24T22:18:03.437944909Z	238150	0																			
4764	2026-09-24T22:18:03.488614624Z	238201	0																			
4765	2026-09-24T22:18:03.538231167Z	238251	0																			
4766	2026-09-24T22:18:03.588839673Z	238301	0																			
4767	2026-09-24T22:18:03.638401414Z	238351	0																			
4768	2026-09-24T22:18:03.688024125Z	238400	0																			
4769	2026-09-24T22:18:03.738703149Z	238451	0																			
4770	2026-09-24T22:18:03.788368096Z	238501	0																			
4771	2026-09-24T22:18:03.838013589Z	238550	0																			
4772	2026-09-24T22:18:03.888615504Z	238601	0																			
4773	2026-09-24T22:18:03.938166536Z	238651	0																			
4774	2026-09-24T22:18:03.988769427Z	238701	0																			
4775	2026-09-24T22:18:04.038284795Z	238751	0																			
4776	2026-09-24T22:18:04.08781057Z	238800	0																			
4777	2026-09-24T22:18:04.138470361Z	238851	0																			
4778	2026-09-24T22:18:04.188138032Z	238901	0																			
4779	2026-09-24T22:18:04.238742224Z	238951	0																			
4780	2026-09-24T22:18:04.288318593Z	239001	0																			
4781	2026-09-24T22:18:04.337840299Z	239050	0																			
4782	2026-09-24T22:18:04.388396571Z	239101	0																			
4783	2026-09-24T22:18:04.43803427Z	239150	0																			
4784	2026-09-24T22:18:04.488660599Z	239201	0																			
4785	2026-09-24T22:18:04.538250603Z	239251	0																			
4786	2026-09-24T22:18:04.587852948Z	239300	0																			
4787	2026-09-24T22:18:04.63847469Z	239351	0																			
4788	2026-09-24T22:18:04.688098839Z	239400	0																			
4789	2026-09-24T22:18:04.738765223Z	239451	0																			
4790	2026-09-24T22:18:04.788436375Z	239501	0																			
4791	2026-09-24T22:18:04.838112079Z	239550	0																			
4792	2026-09-24T22:18:04.88878846Z	239601	0																			
4793	2026-09-24T22:18:04.938397811Z	239651	0																			
4794	2026-09-24T22:18:04.9880535Z	239700	0																			
4795	2026-09-24T22:18:05.038657599Z	239751	0																			
4796	2026-09-24T22:18:05.088329274Z	239801	0																			
4797	2026-09-24T22:18:05.138021984Z	239850	0																			
4798	2026-09-24T22:18:05.188623025Z	239901	0																			
4799	2026-09-24T22:18:05.238244251Z	239951	0																			
4800	2026-09-24T22:18:05.288866936Z	240001	0																			
4801	2026-09-24T22:18:05.338184823Z	240051	0																			
4802	2026-09-24T22:18:05.388768022Z	240101	0																			
4803	2026-09-24T22:18:05.438407211Z	240151	0																			
4804	2026-09-24T22:18:05.488020926Z	240200	0																			
4805	2026-09-24T22:18:05.53862228Z	240251	0																			
4806	2026-09-24T22:18:05.588246694Z	240301	0																			
4807	2026-09-24T22:18:05.637833996Z	240350	0																			
4808	2026-09-24T22:18:05.688468386Z	240401	0																			
4809	2026-09-24T22:18:05.738055212Z	240450	0																			
4810	2026-09-24T22:18:05.788691383Z	240501	0																			
4811	2026-09-24T22:18:05.838244348Z	240551	0																			
4812	2026-09-24T22:18:05.88883095Z	240601	0																			
4813	2026-09-24T22:18:05.938322371Z	240651	0																			
4814	2026-09-24T22:18:05.988845033Z	240701	0																			
