sample	timestamp	elapsed_ms	service	available	cpu_pct	cpu_host_pct	cpu_user_pct	cpu_system_pct	memory_current_bytes	memory_pct_of_host	memory_peak_bytes	io_read_bytes_per_sec	io_write_bytes_per_sec	tasks_current
0	2026-09-25T01:28:27.433265269Z	0	isuconquest.go.service	1	0.000000	0.000000	0.000000	0.000000	608628736	15.809016	734593024	0.000000	0.000000	5
0	2026-09-25T01:28:27.433265269Z	0	nginx.service	0	0.000000	0.000000	0.000000	0.000000	0	0.000000	0	0.000000	0.000000	0
0	2026-09-25T01:28:27.433265269Z	0	mysql.service	1	0.000000	0.000000	0.000000	0.000000	2000404480	51.960128	2573426688	0.000000	0.000000	63
1	2026-09-25T01:28:28.443744893Z	1010	isuconquest.go.service	1	0.546275	0.273138	0.133897	0.412279	608649216	15.809548	734593024	0.000000	0.000000	5
1	2026-09-25T01:28:28.443744893Z	1010	nginx.service	0	0.000000	0.000000	0.000000	0.000000	0	0.000000	0	0.000000	0.000000	0
1	2026-09-25T01:28:28.443744893Z	1010	mysql.service	1	0.994577	0.497289	0.994676	0.000000	2000433152	51.960873	2573426688	0.000000	0.000000	63
2	2026-09-25T01:28:29.444670109Z	2011	isuconquest.go.service	1	1.212578	0.606289	1.126358	0.086320	608669696	15.810080	734593024	0.000000	0.000000	5
2	2026-09-25T01:28:29.444670109Z	2011	nginx.service	0	0.000000	0.000000	0.000000	0.000000	0	0.000000	0	0.000000	0.000000	0
2	2026-09-25T01:28:29.444670109Z	2011	mysql.service	1	1.038439	0.519220	1.038439	0.000000	2000433152	51.960873	2573426688	0.000000	0.000000	63
3	2026-09-25T01:28:30.444077061Z	3010	isuconquest.go.service	1	1.145079	0.572540	0.750345	0.394734	608710656	15.811144	734593024	0.000000	0.000000	6
3	2026-09-25T01:28:30.444077061Z	3010	nginx.service	0	0.000000	0.000000	0.000000	0.000000	0	0.000000	0	0.000000	0.000000	0
3	2026-09-25T01:28:30.444077061Z	3010	mysql.service	1	0.963772	0.481886	0.963772	0.000000	2000433152	51.960873	2573426688	0.000000	0.000000	63
4	2026-09-25T01:28:31.443813953Z	4010	isuconquest.go.service	1	89.358311	44.679155	78.417432	10.940879	680169472	17.667273	734593024	0.000000	0.000000	6
4	2026-09-25T01:28:31.443813953Z	4010	nginx.service	0	0.000000	0.000000	0.000000	0.000000	0	0.000000	0	0.000000	0.000000	0
4	2026-09-25T01:28:31.443813953Z	4010	mysql.service	1	1.360058	0.680029	1.360058	0.000000	2000433152	51.960873	2573426688	0.000000	0.000000	63
5	2026-09-25T01:28:32.443781638Z	5010	isuconquest.go.service	1	34.484114	17.242057	28.917735	5.566280	604196864	15.693899	734593024	0.000000	115330703.373002	6
5	2026-09-25T01:28:32.443781638Z	5010	nginx.service	0	0.000000	0.000000	0.000000	0.000000	0	0.000000	0	0.000000	0.000000	0
5	2026-09-25T01:28:32.443781638Z	5010	mysql.service	1	1.114936	0.557468	1.114836	0.000000	2000433152	51.960873	2573426688	0.000000	4096.132383	63
6	2026-09-25T01:28:33.443784413Z	6010	isuconquest.go.service	1	1.161297	0.580648	0.722098	0.439199	604200960	15.694006	734593024	0.000000	0.000000	6
6	2026-09-25T01:28:33.443784413Z	6010	nginx.service	0	0.000000	0.000000	0.000000	0.000000	0	0.000000	0	0.000000	0.000000	0
6	2026-09-25T01:28:33.443784413Z	6010	mysql.service	1	0.952297	0.476149	0.952297	0.000000	2000433152	51.960873	2573426688	0.000000	0.000000	63
7	2026-09-25T01:28:34.443787816Z	7010	isuconquest.go.service	1	2.667591	1.333795	1.709294	0.958397	606978048	15.766140	734593024	57343.801074	0.000000	9
7	2026-09-25T01:28:34.443787816Z	7010	nginx.service	0	0.000000	0.000000	0.000000	0.000000	0	0.000000	0	0.000000	0.000000	0
7	2026-09-25T01:28:34.443787816Z	7010	mysql.service	1	7.400674	3.700337	7.400774	0.000000	2000621568	51.965767	2573426688	335870.834864	245759.147462	63
8	2026-09-25T01:28:35.443783815Z	8010	isuconquest.go.service	1	6.198425	3.099212	3.458114	2.740311	641703936	16.668138	734593024	16875586.726070	0.000000	9
8	2026-09-25T01:28:35.443783815Z	8010	nginx.service	0	0.000000	0.000000	0.000000	0.000000	0	0.000000	0	0.000000	0.000000	0
8	2026-09-25T01:28:35.443783815Z	8010	mysql.service	1	40.894862	20.447431	35.455440	5.439422	2008424448	52.168445	2573426688	135168.534456	13611061.818138	63
9	2026-09-25T01:28:36.443800932Z	9010	isuconquest.go.service	1	7.433974	3.716987	7.410374	0.023500	641708032	16.668245	734593024	0.000000	0.000000	9
9	2026-09-25T01:28:36.443800932Z	9010	nginx.service	0	0.000000	0.000000	0.000000	0.000000	0	0.000000	0	0.000000	0.000000	0
9	2026-09-25T01:28:36.443800932Z	9010	mysql.service	1	87.682809	43.841404	77.943774	9.739034	2026692608	52.642957	2573426688	16383.721313	33336776.941424	63
10	2026-09-25T01:28:37.443976413Z	10010	isuconquest.go.service	1	8.056086	4.028043	6.720421	1.335766	641859584	16.672181	734593024	0.000000	0.000000	10
10	2026-09-25T01:28:37.443976413Z	10010	nginx.service	0	0.000000	0.000000	0.000000	0.000000	0	0.000000	0	0.000000	0.000000	0
10	2026-09-25T01:28:37.443976413Z	10010	mysql.service	1	96.193720	48.096860	86.227469	9.966151	2043002880	53.066614	2573426688	20476.406800	29469644.666754	63
11	2026-09-25T01:28:38.443801891Z	11010	isuconquest.go.service	1	7.494908	3.747454	7.107240	0.387668	641736704	16.668990	734593024	0.000000	0.000000	10
11	2026-09-25T01:28:38.443801891Z	11010	nginx.service	0	0.000000	0.000000	0.000000	0.000000	0	0.000000	0	0.000000	0.000000	0
11	2026-09-25T01:28:38.443801891Z	11010	mysql.service	1	94.469781	47.234891	85.188362	9.281419	2060181504	53.512825	2573426688	12290.144175	34666400.004144	63
12	2026-09-25T01:28:39.443798058Z	12010	isuconquest.go.service	1	9.852638	4.926319	7.594130	2.258509	658321408	17.099774	734593024	16465984.200872	0.000000	10
12	2026-09-25T01:28:39.443798058Z	12010	nginx.service	0	0.000000	0.000000	0.000000	0.000000	0	0.000000	0	0.000000	0.000000	0
12	2026-09-25T01:28:39.443798058Z	12010	mysql.service	1	87.550841	43.775421	80.383613	7.167228	2044030976	53.093318	2573426688	16384.063881	36016268.427431	63
13	2026-09-25T01:28:40.443809601Z	13010	isuconquest.go.service	1	6.466925	3.233463	5.258339	1.208486	658284544	17.098817	734593024	0.000000	0.000000	10
13	2026-09-25T01:28:40.443809601Z	13010	nginx.service	0	0.000000	0.000000	0.000000	0.000000	0	0.000000	0	0.000000	0.000000	0
13	2026-09-25T01:28:40.443809601Z	13010	mysql.service	1	95.697795	47.848897	86.913896	8.783999	2092326912	54.347796	2573426688	16383.810783	39054908.954856	63
14	2026-09-25T01:28:41.443783131Z	14010	isuconquest.go.service	1	7.481698	3.740849	7.137989	0.343809	658288640	17.098923	734593024	0.000000	0.000000	10
14	2026-09-25T01:28:41.443783131Z	14010	nginx.service	0	0.000000	0.000000	0.000000	0.000000	0	0.000000	0	0.000000	0.000000	0
14	2026-09-25T01:28:41.443783131Z	14010	mysql.service	1	94.984315	47.492157	83.630014	11.354301	2109231104	54.786879	2573426688	16384.433761	42353761.273476	63
15	2026-09-25T01:28:42.444713783Z	15011	isuconquest.go.service	1	7.691342	3.845671	6.840234	0.851108	658284544	17.098817	734593024	0.000000	0.000000	10
15	2026-09-25T01:28:42.444713783Z	15011	nginx.service	0	0.000000	0.000000	0.000000	0.000000	0	0.000000	0	0.000000	0.000000	0
15	2026-09-25T01:28:42.444713783Z	15011	mysql.service	1	91.423417	45.711708	81.807066	9.616251	2126344192	55.231388	2573426688	0.000000	35299244.722600	63
16	2026-09-25T01:28:43.443795615Z	16010	isuconquest.go.service	1	7.714884	3.857442	6.858797	0.855986	658280448	17.098710	734593024	0.000000	0.000000	10
16	2026-09-25T01:28:43.443795615Z	16010	nginx.service	0	0.000000	0.000000	0.000000	0.000000	0	0.000000	0	0.000000	0.000000	0
16	2026-09-25T01:28:43.443795615Z	16010	mysql.service	1	90.013447	45.006724	82.217189	7.796358	2143891456	55.687175	2573426688	0.000000	47975441.275087	63
17	2026-09-25T01:28:44.44378355Z	17010	isuconquest.go.service	1	9.294511	4.647256	8.040496	1.254015	672399360	17.465446	734593024	13828261.842344	0.000000	10
17	2026-09-25T01:28:44.44378355Z	17010	nginx.service	0	0.000000	0.000000	0.000000	0.000000	0	0.000000	0	0.000000	0.000000	0
17	2026-09-25T01:28:44.44378355Z	17010	mysql.service	1	92.247906	46.123953	83.980507	8.267399	2118561792	55.029242	2573426688	0.000000	41005547.779535	63
18	2026-09-25T01:28:45.443851261Z	18010	isuconquest.go.service	1	8.963894	4.481947	8.017258	0.946636	672391168	17.465233	734593024	0.000000	0.000000	10
18	2026-09-25T01:28:45.443851261Z	18010	nginx.service	0	0.000000	0.000000	0.000000	0.000000	0	0.000000	0	0.000000	0.000000	0
18	2026-09-25T01:28:45.443851261Z	18010	mysql.service	1	93.988343	46.994172	86.914322	7.073922	2153349120	55.932836	2573426688	0.000000	42775730.863443	63
19	2026-09-25T01:28:46.443785867Z	19010	isuconquest.go.service	1	7.976722	3.988361	7.049761	0.927061	672399360	17.465446	734593024	0.000000	0.000000	10
19	2026-09-25T01:28:46.443785867Z	19010	nginx.service	0	0.000000	0.000000	0.000000	0.000000	0	0.000000	0	0.000000	0.000000	0
19	2026-09-25T01:28:46.443785867Z	19010	mysql.service	1	86.139733	43.069866	78.547236	7.592597	2143043584	55.665152	2573426688	0.000000	47467552.045631	63
20	2026-09-25T01:28:47.444460128Z	20011	isuconquest.go.service	1	5.738431	2.869215	5.681169	0.057161	672399360	17.465446	734593024	0.000000	0.000000	10
20	2026-09-25T01:28:47.444460128Z	20011	nginx.service	0	0.000000	0.000000	0.000000	0.000000	0	0.000000	0	0.000000	0.000000	0
20	2026-09-25T01:28:47.444460128Z	20011	mysql.service	1	61.904660	30.952330	55.162106	6.742554	2152738816	55.916984	2573426688	0.000000	55987337.529898	63
21	2026-09-25T01:28:48.444669992Z	21011	isuconquest.go.service	1	7.201889	3.600944	4.754302	2.447586	686317568	17.826969	734593024	13907097.526049	0.000000	10
21	2026-09-25T01:28:48.444669992Z	21011	nginx.service	0	0.000000	0.000000	0.000000	0.000000	0	0.000000	0	0.000000	0.000000	0
21	2026-09-25T01:28:48.444669992Z	21011	mysql.service	1	71.805931	35.902966	63.333309	8.472622	2166722560	56.280209	2573426688	0.000000	55071450.980654	63
22	2026-09-25T01:28:49.443752019Z	22010	isuconquest.go.service	1	8.901171	4.450586	7.775838	1.125333	686317568	17.826969	734593024	0.000000	0.000000	10
22	2026-09-25T01:28:49.443752019Z	22010	nginx.service	0	0.000000	0.000000	0.000000	0.000000	0	0.000000	0	0.000000	0.000000	0
22	2026-09-25T01:28:49.443752019Z	22010	mysql.service	1	98.640549	49.320275	86.202832	12.437617	2154381312	55.959647	2573426688	0.000000	44474234.190657	63
23	2026-09-25T01:28:50.444592962Z	23011	isuconquest.go.service	1	5.786734	2.893367	5.052651	0.734083	686317568	17.826969	734593024	0.000000	0.000000	10
23	2026-09-25T01:28:50.444592962Z	23011	nginx.service	0	0.000000	0.000000	0.000000	0.000000	0	0.000000	0	0.000000	0.000000	0
23	2026-09-25T01:28:50.444592962Z	23011	mysql.service	1	64.251168	32.125584	58.195161	6.056107	2168750080	56.332873	2573426688	0.000000	58433548.307551	63
24	2026-09-25T01:28:51.444012384Z	24010	isuconquest.go.service	1	9.951578	4.975789	9.515424	0.436253	686370816	17.828352	734593024	0.000000	0.000000	10
24	2026-09-25T01:28:51.444012384Z	24010	nginx.service	0	0.000000	0.000000	0.000000	0.000000	0	0.000000	0	0.000000	0.000000	0
24	2026-09-25T01:28:51.444012384Z	24010	mysql.service	1	95.014463	47.507232	87.830793	7.183571	2174832640	56.490867	2573426688	4098.379437	56414192.952144	63
25	2026-09-25T01:28:52.443885818Z	25010	isuconquest.go.service	1	8.830218	4.415109	7.267420	1.562698	694964224	18.051564	734593024	8647750.493894	0.000000	10
25	2026-09-25T01:28:52.443885818Z	25010	nginx.service	0	0.000000	0.000000	0.000000	0.000000	0	0.000000	0	0.000000	0.000000	0
25	2026-09-25T01:28:52.443885818Z	25010	mysql.service	1	90.723882	45.361941	86.485646	4.238236	2179792896	56.619708	2573426688	0.000000	42321132.331792	63
26	2026-09-25T01:28:53.444714194Z	26011	isuconquest.go.service	1	7.828815	3.914407	6.689958	1.138957	694964224	18.051564	734593024	0.000000	0.000000	10
26	2026-09-25T01:28:53.444714194Z	26011	nginx.service	0	0.000000	0.000000	0.000000	0.000000	0	0.000000	0	0.000000	0.000000	0
26	2026-09-25T01:28:53.444714194Z	26011	mysql.service	1	83.359947	41.679974	78.546035	4.814012	2184048640	56.730251	2573426688	36833.488391	55610382.250097	63
27	2026-09-25T01:28:54.443797619Z	27010	isuconquest.go.service	1	8.660238	4.330119	5.470014	3.190224	701362176	18.217750	734593024	3993164.002350	0.000000	10
27	2026-09-25T01:28:54.443797619Z	27010	nginx.service	0	0.000000	0.000000	0.000000	0.000000	0	0.000000	0	0.000000	0.000000	0
27	2026-09-25T01:28:54.443797619Z	27010	mysql.service	1	87.396204	43.698102	81.330745	6.065359	2185121792	56.758125	2573426688	20498.788513	59098007.283242	63
28	2026-09-25T01:28:55.443787165Z	28010	isuconquest.go.service	1	2.289524	1.144762	1.142612	1.146912	701489152	18.221048	734593024	0.000000	0.000000	10
28	2026-09-25T01:28:55.443787165Z	28010	nginx.service	0	0.000000	0.000000	0.000000	0.000000	0	0.000000	0	0.000000	0.000000	0
28	2026-09-25T01:28:55.443787165Z	28010	mysql.service	1	114.326294	57.163147	108.451433	5.874861	2185121792	56.758125	2573426688	0.000000	102577199.418848	63
29	2026-09-25T01:28:56.443874325Z	29010	isuconquest.go.service	1	68.964890	34.482445	64.898744	4.066146	699523072	18.169980	734593024	0.000000	0.000000	7
29	2026-09-25T01:28:56.443874325Z	29010	nginx.service	0	0.000000	0.000000	0.000000	0.000000	0	0.000000	0	0.000000	0.000000	0
29	2026-09-25T01:28:56.443874325Z	29010	mysql.service	1	107.929794	53.964897	98.812089	9.117705	2186944512	56.805470	2573426688	0.000000	118695831.895642	63
30	2026-09-25T01:28:57.444767446Z	30011	isuconquest.go.service	1	91.772536	45.886268	86.468473	5.304063	701579264	18.223389	734593024	0.000000	0.000000	7
30	2026-09-25T01:28:57.444767446Z	30011	nginx.service	0	0.000000	0.000000	0.000000	0.000000	0	0.000000	0	0.000000	0.000000	0
30	2026-09-25T01:28:57.444767446Z	30011	mysql.service	1	97.440674	48.720337	94.605606	2.835068	2186731520	56.799938	2573426688	0.000000	33528582.884997	63
31	2026-09-25T01:28:58.444726795Z	31011	isuconquest.go.service	1	98.352292	49.176146	89.687640	8.664652	726839296	18.879513	734593024	0.000000	0.000000	7
31	2026-09-25T01:28:58.444726795Z	31011	nginx.service	0	0.000000	0.000000	0.000000	0.000000	0	0.000000	0	0.000000	0.000000	0
31	2026-09-25T01:28:58.444726795Z	31011	mysql.service	1	93.454593	46.727296	91.920931	1.533662	2187780096	56.827174	2573426688	0.000000	8556891.272875	63
32	2026-09-25T01:28:59.444563439Z	32011	isuconquest.go.service	1	92.097651	46.048825	83.733184	8.364467	730365952	18.971118	734593024	0.000000	0.000000	7
32	2026-09-25T01:28:59.444563439Z	32011	nginx.service	0	0.000000	0.000000	0.000000	0.000000	0	0.000000	0	0.000000	0.000000	0
32	2026-09-25T01:28:59.444563439Z	32011	mysql.service	1	100.617143	50.308572	99.546968	1.070175	2186731520	56.799938	2573426688	0.000000	6558767.860079	63
33	2026-09-25T01:29:00.444483362Z	33011	isuconquest.go.service	1	84.707583	42.353792	75.650858	9.056725	787271680	20.449233	787374080	0.000000	0.000000	7
33	2026-09-25T01:29:00.444483362Z	33011	nginx.service	0	0.000000	0.000000	0.000000	0.000000	0	0.000000	0	0.000000	0.000000	0
33	2026-09-25T01:29:00.444483362Z	33011	mysql.service	1	101.436823	50.718411	99.691283	1.745640	2167205888	56.292763	2573426688	0.000000	82577876.506039	63
34	2026-09-25T01:29:01.444401829Z	34011	isuconquest.go.service	1	111.618700	55.809350	105.858831	5.759870	807456768	20.973537	809050112	0.000000	0.000000	7
34	2026-09-25T01:29:01.444401829Z	34011	nginx.service	0	0.000000	0.000000	0.000000	0.000000	0	0.000000	0	0.000000	0.000000	0
34	2026-09-25T01:29:01.444401829Z	34011	mysql.service	1	70.675262	35.337631	69.828993	0.846269	2154622976	55.965925	2573426688	0.000000	6562327.039648	63
35	2026-09-25T01:29:02.443945797Z	35010	isuconquest.go.service	1	92.402639	46.201319	83.017359	9.385180	724619264	18.821848	809050112	0.000000	0.000000	7
35	2026-09-25T01:29:02.443945797Z	35010	nginx.service	0	0.000000	0.000000	0.000000	0.000000	0	0.000000	0	0.000000	0.000000	0
35	2026-09-25T01:29:02.443945797Z	35010	mysql.service	1	77.371584	38.685792	77.085854	0.285630	2154389504	55.959860	2573426688	0.000000	6572981.509623	63
36	2026-09-25T01:29:03.443806052Z	36010	isuconquest.go.service	1	134.860046	67.430023	119.397885	15.462161	934756352	24.280120	938262528	65545.159477	90190139.440656	7
36	2026-09-25T01:29:03.443806052Z	36010	nginx.service	0	0.000000	0.000000	0.000000	0.000000	0	0.000000	0	0.000000	0.000000	0
36	2026-09-25T01:29:03.443806052Z	36010	mysql.service	1	3.109335	1.554667	2.946812	0.162523	2122797056	55.139252	2573426688	16386.289869	6566805.665124	63
37	2026-09-25T01:29:04.444098216Z	37010	isuconquest.go.service	1	126.938913	63.469457	110.202503	16.736510	1067970560	27.740333	1067999232	487281.634823	101092512.609331	7
37	2026-09-25T01:29:04.444098216Z	37010	nginx.service	0	0.000000	0.000000	0.000000	0.000000	0	0.000000	0	0.000000	0.000000	0
37	2026-09-25T01:29:04.444098216Z	37010	mysql.service	1	2.485774	1.242887	2.121680	0.364094	2062843904	53.581980	2573426688	4094.803654	6555780.650014	63
38	2026-09-25T01:29:05.443786473Z	38010	isuconquest.go.service	1	12.336346	6.168173	11.142674	1.193572	1071480832	27.831512	1077698560	225350.251138	39624768.704646	7
38	2026-09-25T01:29:05.443786473Z	38010	nginx.service	0	0.000000	0.000000	0.000000	0.000000	0	0.000000	0	0.000000	0.000000	0
38	2026-09-25T01:29:05.443786473Z	38010	mysql.service	1	3.531001	1.765500	3.138578	0.392522	2058764288	53.476013	2573426688	49167.327521	29570050.226598	63
39	2026-09-25T01:29:06.444298103Z	39011	isuconquest.go.service	1	1.128223	0.564111	0.778102	0.350221	1071353856	27.828214	1077698560	0.000000	0.000000	7
39	2026-09-25T01:29:06.444298103Z	39011	nginx.service	0	0.000000	0.000000	0.000000	0.000000	0	0.000000	0	0.000000	0.000000	0
39	2026-09-25T01:29:06.444298103Z	39011	mysql.service	1	1.656852	0.828426	1.607178	0.049675	2058764288	53.476013	2573426688	0.000000	6554342.595144	63
40	2026-09-25T01:29:07.443840089Z	40010	isuconquest.go.service	1	1.970803	0.985401	1.488382	0.482321	1072345088	27.853961	1077698560	934315.932580	12293.630692	7
40	2026-09-25T01:29:07.443840089Z	40010	nginx.service	0	0.000000	0.000000	0.000000	0.000000	0	0.000000	0	0.000000	0.000000	0
40	2026-09-25T01:29:07.443840089Z	40010	mysql.service	1	1.692475	0.846238	1.684071	0.008304	2058764288	53.476013	2573426688	0.000000	6560700.912550	63
41	2026-09-25T01:29:08.44395493Z	41010	isuconquest.go.service	1	7.275264	3.637632	5.009725	2.265640	1073356800	27.880240	1077698560	536514.384542	470985.910094	7
41	2026-09-25T01:29:08.44395493Z	41010	nginx.service	0	0.000000	0.000000	0.000000	0.000000	0	0.000000	0	0.000000	0.000000	0
41	2026-09-25T01:29:08.44395493Z	41010	mysql.service	1	1.787395	0.893697	1.363843	0.423551	2058764288	53.476013	2573426688	0.000000	6556942.974441	63
42	2026-09-25T01:29:09.444393181Z	42011	isuconquest.go.service	1	7.101788	3.550894	5.024998	2.076790	1073680384	27.888645	1077698560	0.000000	495398.889950	7
42	2026-09-25T01:29:09.444393181Z	42011	nginx.service	0	0.000000	0.000000	0.000000	0.000000	0	0.000000	0	0.000000	0.000000	0
42	2026-09-25T01:29:09.444393181Z	42011	mysql.service	1	1.734040	0.867020	1.362003	0.372137	2058764288	53.476013	2573426688	0.000000	6554823.329012	63
43	2026-09-25T01:29:10.443931638Z	43010	isuconquest.go.service	1	5.084547	2.542273	4.081984	1.002563	1073836032	27.892688	1077698560	122936.741084	381103.897361	7
43	2026-09-25T01:29:10.443931638Z	43010	nginx.service	0	0.000000	0.000000	0.000000	0.000000	0	0.000000	0	0.000000	0.000000	0
43	2026-09-25T01:29:10.443931638Z	43010	mysql.service	1	1.753409	0.876705	1.378936	0.374373	2058764288	53.476013	2573426688	0.000000	6560724.082518	63
44	2026-09-25T01:29:11.444535119Z	44011	isuconquest.go.service	1	7.100215	3.550108	5.882750	1.217365	1074266112	27.903859	1077698560	4093.529637	577187.678780	7
44	2026-09-25T01:29:11.444535119Z	44011	nginx.service	0	0.000000	0.000000	0.000000	0.000000	0	0.000000	0	0.000000	0.000000	0
44	2026-09-25T01:29:11.444535119Z	44011	mysql.service	1	1.826898	0.913449	1.826898	0.000000	2058764288	53.476013	2573426688	0.000000	6553740.948412	63
45	2026-09-25T01:29:12.443795515Z	45010	isuconquest.go.service	1	7.971596	3.985798	4.049095	3.922501	1074565120	27.911626	1077698560	73782.569884	545171.210808	7
45	2026-09-25T01:29:12.443795515Z	45010	nginx.service	0	0.000000	0.000000	0.000000	0.000000	0	0.000000	0	0.000000	0.000000	0
45	2026-09-25T01:29:12.443795515Z	45010	mysql.service	1	1.892900	0.946450	1.892900	0.000000	2058764288	53.476013	2573426688	0.000000	6562549.687999	63
46	2026-09-25T01:29:13.444354849Z	46011	isuconquest.go.service	1	8.226698	4.113349	6.070604	2.156094	1074728960	27.915882	1077698560	0.000000	601775.404149	7
46	2026-09-25T01:29:13.444354849Z	46011	nginx.service	0	0.000000	0.000000	0.000000	0.000000	0	0.000000	0	0.000000	0.000000	0
46	2026-09-25T01:29:13.444354849Z	46011	mysql.service	1	2.338892	1.169446	2.338892	0.000000	2058772480	53.476226	2573426688	32749.681858	6566311.212619	63
47	2026-09-25T01:29:14.444012455Z	47010	isuconquest.go.service	1	6.554344	3.277172	4.761930	1.792414	1074900992	27.920350	1077698560	0.000000	430227.306388	7
47	2026-09-25T01:29:14.444012455Z	47010	nginx.service	0	0.000000	0.000000	0.000000	0.000000	0	0.000000	0	0.000000	0.000000	0
47	2026-09-25T01:29:14.444012455Z	47010	mysql.service	1	1.796315	0.898158	0.519878	1.276437	2058772480	53.476226	2573426688	0.000000	6559942.071686	63
48	2026-09-25T01:29:15.443971692Z	48010	isuconquest.go.service	1	7.275297	3.637648	5.621229	1.654067	1075269632	27.929925	1077698560	8192.333944	512020.871507	7
48	2026-09-25T01:29:15.443971692Z	48010	nginx.service	0	0.000000	0.000000	0.000000	0.000000	0	0.000000	0	0.000000	0.000000	0
48	2026-09-25T01:29:15.443971692Z	48010	mysql.service	1	4.347977	2.173989	3.462041	0.885936	2058772480	53.476226	2573426688	0.000000	36017596.185273	63
49	2026-09-25T01:29:16.444489673Z	49011	isuconquest.go.service	1	9.306879	4.653440	4.798814	4.508065	1075453952	27.934713	1077698560	0.000000	720522.784329	7
49	2026-09-25T01:29:16.444489673Z	49011	nginx.service	0	0.000000	0.000000	0.000000	0.000000	0	0.000000	0	0.000000	0.000000	0
49	2026-09-25T01:29:16.444489673Z	49011	mysql.service	1	3.016038	1.508019	1.739799	1.276239	2058776576	53.476332	2573426688	4093.879456	20080478.733706	63
50	2026-09-25T01:29:17.443789554Z	50010	isuconquest.go.service	1	7.456821	3.728410	6.454719	1.002202	1075826688	27.944395	1077698560	0.000000	541050.806442	7
50	2026-09-25T01:29:17.443789554Z	50010	nginx.service	0	0.000000	0.000000	0.000000	0.000000	0	0.000000	0	0.000000	0.000000	0
50	2026-09-25T01:29:17.443789554Z	50010	mysql.service	1	1.828981	0.914490	1.536476	0.292605	2058776576	53.476332	2573426688	0.000000	6562290.462984	63
51	2026-09-25T01:29:18.443792219Z	51010	isuconquest.go.service	1	25.028633	12.514317	17.304654	7.723879	1078972416	28.026105	1079095296	0.000000	1949690.784577	7
51	2026-09-25T01:29:18.443792219Z	51010	nginx.service	0	0.000000	0.000000	0.000000	0.000000	0	0.000000	0	0.000000	0.000000	0
51	2026-09-25T01:29:18.443792219Z	51010	mysql.service	1	2.118494	1.059247	2.118394	0.000000	2058776576	53.476332	2573426688	0.000000	6557678.458210	63
52	2026-09-25T01:29:19.444096309Z	52010	isuconquest.go.service	1	53.664581	26.832290	46.282226	7.382455	1077125120	27.978121	1082527744	49137.057765	2403621.075656	7
52	2026-09-25T01:29:19.444096309Z	52010	nginx.service	0	0.000000	0.000000	0.000000	0.000000	0	0.000000	0	0.000000	0.000000	0
52	2026-09-25T01:29:19.444096309Z	52010	mysql.service	1	2.189134	1.094567	1.217930	0.971305	2054934528	53.376536	2573426688	0.000000	6555702.456773	63
53	2026-09-25T01:29:20.443795218Z	53010	isuconquest.go.service	1	30.980928	15.490464	21.734344	9.246584	949149696	24.653984	1082527744	24583.401915	2327228.714603	7
53	2026-09-25T01:29:20.443795218Z	53010	nginx.service	0	0.000000	0.000000	0.000000	0.000000	0	0.000000	0	0.000000	0.000000	0
53	2026-09-25T01:29:20.443795218Z	53010	mysql.service	1	2.060220	1.030110	2.060220	0.000000	2054934528	53.376536	2573426688	0.000000	6559671.077603	63
54	2026-09-25T01:29:21.443807765Z	54010	isuconquest.go.service	1	30.018724	15.009362	20.693141	9.325483	950996992	24.701967	1082527744	0.000000	2478048.930223	7
54	2026-09-25T01:29:21.443807765Z	54010	nginx.service	0	0.000000	0.000000	0.000000	0.000000	0	0.000000	0	0.000000	0.000000	0
54	2026-09-25T01:29:21.443807765Z	54010	mysql.service	1	2.067574	1.033787	2.067574	0.000000	2054934528	53.376536	2573426688	0.000000	6557613.780638	63
55	2026-09-25T01:29:22.443782549Z	55010	isuconquest.go.service	1	30.693874	15.346937	18.254760	12.439114	952737792	24.747184	1082527744	0.000000	2502719.121079	7
55	2026-09-25T01:29:22.443782549Z	55010	nginx.service	0	0.000000	0.000000	0.000000	0.000000	0	0.000000	0	0.000000	0.000000	0
55	2026-09-25T01:29:22.443782549Z	55010	mysql.service	1	2.167855	1.083927	1.423736	0.744019	2054934528	53.376536	2573426688	0.000000	6557861.395822	63
56	2026-09-25T01:29:23.443841716Z	56010	isuconquest.go.service	1	29.377162	14.688581	22.131990	7.245171	954343424	24.788890	1082527744	49149.091799	2432880.044055	7
56	2026-09-25T01:29:23.443841716Z	56010	nginx.service	0	0.000000	0.000000	0.000000	0.000000	0	0.000000	0	0.000000	0.000000	0
56	2026-09-25T01:29:23.443841716Z	56010	mysql.service	1	2.324062	1.162031	1.975983	0.348079	2054934528	53.376536	2573426688	16383.030600	6561403.755178	63
57	2026-09-25T01:29:24.444213907Z	57010	isuconquest.go.service	1	31.549554	15.774777	23.356204	8.193349	956334080	24.840597	1082527744	0.000000	2624558.826882	7
57	2026-09-25T01:29:24.444213907Z	57010	nginx.service	0	0.000000	0.000000	0.000000	0.000000	0	0.000000	0	0.000000	0.000000	0
57	2026-09-25T01:29:24.444213907Z	57010	mysql.service	1	2.154198	1.077099	1.825520	0.328778	2054938624	53.376642	2573426688	0.000000	6555255.353882	63
58	2026-09-25T01:29:25.443791734Z	58010	isuconquest.go.service	1	56.364702	28.182351	46.575869	9.788834	713826304	18.541503	1082527744	0.000000	2429954.152629	7
58	2026-09-25T01:29:25.443791734Z	58010	nginx.service	0	0.000000	0.000000	0.000000	0.000000	0	0.000000	0	0.000000	0.000000	0
58	2026-09-25T01:29:25.443791734Z	58010	mysql.service	1	4.870557	2.435278	3.881139	0.989418	2054934528	53.376536	2573426688	0.000000	34982324.790883	63
59	2026-09-25T01:29:26.444612868Z	59011	isuconquest.go.service	1	28.615901	14.307950	15.249277	13.366623	652730368	16.954548	1082527744	0.000000	2578362.666627	7
59	2026-09-25T01:29:26.444612868Z	59011	nginx.service	0	0.000000	0.000000	0.000000	0.000000	0	0.000000	0	0.000000	0.000000	0
59	2026-09-25T01:29:26.444612868Z	59011	mysql.service	1	3.505821	1.752911	2.040125	1.465696	2054934528	53.376536	2573426688	0.000000	20827440.651529	63
60	2026-09-25T01:29:27.443864329Z	60010	isuconquest.go.service	1	31.224575	15.612287	24.404469	6.820105	654569472	17.002318	1082527744	4099.068538	2607007.590240	7
60	2026-09-25T01:29:27.443864329Z	60010	nginx.service	0	0.000000	0.000000	0.000000	0.000000	0	0.000000	0	0.000000	0.000000	0
60	2026-09-25T01:29:27.443864329Z	60010	mysql.service	1	2.129694	1.064847	0.727745	1.401949	2054934528	53.376536	2573426688	0.000000	6562608.729519	63
61	2026-09-25T01:29:28.444224341Z	61010	isuconquest.go.service	1	47.986421	23.993210	32.056057	15.930464	657743872	17.084773	1082527744	53228.833042	3697356.633639	7
61	2026-09-25T01:29:28.444224341Z	61010	nginx.service	0	0.000000	0.000000	0.000000	0.000000	0	0.000000	0	0.000000	0.000000	0
61	2026-09-25T01:29:28.444224341Z	61010	mysql.service	1	2.400236	1.200118	2.357751	0.042385	2054934528	53.376536	2573426688	0.000000	6555335.515456	63
62	2026-09-25T01:29:29.443899166Z	62010	isuconquest.go.service	1	81.925046	40.962523	68.642126	13.282820	661192704	17.174355	1082527744	0.000000	4142403.324966	7
62	2026-09-25T01:29:29.443899166Z	62010	nginx.service	0	0.000000	0.000000	0.000000	0.000000	0	0.000000	0	0.000000	0.000000	0
62	2026-09-25T01:29:29.443899166Z	62010	mysql.service	1	2.534324	1.267162	0.591092	1.943232	2054934528	53.376536	2573426688	0.000000	6559829.597696	63
63	2026-09-25T01:29:30.443921884Z	63010	isuconquest.go.service	1	55.964828	27.982414	40.512879	15.451949	664662016	17.264470	1082527744	0.000000	4358044.967786	7
63	2026-09-25T01:29:30.443921884Z	63010	nginx.service	0	0.000000	0.000000	0.000000	0.000000	0	0.000000	0	0.000000	0.000000	0
63	2026-09-25T01:29:30.443921884Z	63010	mysql.service	1	2.443744	1.221872	2.127752	0.315993	2054934528	53.376536	2573426688	0.000000	6557546.986302	63
64	2026-09-25T01:29:31.444751087Z	64011	isuconquest.go.service	1	50.254825	25.127413	34.626885	15.627940	668315648	17.359373	1082527744	0.000000	4395459.004084	7
64	2026-09-25T01:29:31.444751087Z	64011	nginx.service	0	0.000000	0.000000	0.000000	0.000000	0	0.000000	0	0.000000	0.000000	0
64	2026-09-25T01:29:31.444751087Z	64011	mysql.service	1	2.381425	1.190713	2.381425	0.000000	2054934528	53.376536	2573426688	0.000000	6556355.050785	63
65	2026-09-25T01:29:32.443779467Z	65010	isuconquest.go.service	1	80.805417	40.402708	66.342564	14.462853	671936512	17.453424	1082527744	0.000000	4202483.460724	7
65	2026-09-25T01:29:32.443779467Z	65010	nginx.service	0	0.000000	0.000000	0.000000	0.000000	0	0.000000	0	0.000000	0.000000	0
65	2026-09-25T01:29:32.443779467Z	65010	mysql.service	1	2.340174	1.170087	1.949995	0.390179	2054934528	53.376536	2573426688	0.000000	6584574.085779	63
66	2026-09-25T01:29:33.444383131Z	66011	isuconquest.go.service	1	50.427959	25.213979	35.983378	14.444580	675315712	17.541198	1082527744	0.000000	4277737.717960	7
66	2026-09-25T01:29:33.444383131Z	66011	nginx.service	0	0.000000	0.000000	0.000000	0.000000	0	0.000000	0	0.000000	0.000000	0
66	2026-09-25T01:29:33.444383131Z	66011	mysql.service	1	2.352280	1.176140	1.956019	0.396261	2054934528	53.376536	2573426688	0.000000	6561926.853483	63
67	2026-09-25T01:29:34.443784967Z	67010	isuconquest.go.service	1	46.618483	23.309242	34.509340	12.109143	678551552	17.625248	1082527744	0.000000	3914021.019026	7
67	2026-09-25T01:29:34.443784967Z	67010	nginx.service	0	0.000000	0.000000	0.000000	0.000000	0	0.000000	0	0.000000	0.000000	0
67	2026-09-25T01:29:34.443784967Z	67010	mysql.service	1	2.155589	1.077795	1.826392	0.329297	2054934528	53.376536	2573426688	0.000000	6561620.577445	63
68	2026-09-25T01:29:35.443792031Z	68010	isuconquest.go.service	1	79.928435	39.964217	65.961334	13.967101	686235648	17.824841	1082527744	0.000000	4014051.624669	7
68	2026-09-25T01:29:35.443792031Z	68010	nginx.service	0	0.000000	0.000000	0.000000	0.000000	0	0.000000	0	0.000000	0.000000	0
68	2026-09-25T01:29:35.443792031Z	68010	mysql.service	1	2.349583	1.174792	0.921993	1.427590	2054938624	53.376642	2573426688	4095.971046	6557649.643975	63
69	2026-09-25T01:29:36.443769257Z	69010	isuconquest.go.service	1	46.506962	23.253481	34.558489	11.948473	689115136	17.899635	1082527744	0.000000	3637331.025718	8
69	2026-09-25T01:29:36.443769257Z	69010	nginx.service	0	0.000000	0.000000	0.000000	0.000000	0	0.000000	0	0.000000	0.000000	0
69	2026-09-25T01:29:36.443769257Z	69010	mysql.service	1	2.316053	1.158026	2.315953	0.000000	2054938624	53.376642	2573426688	0.000000	6557845.689386	63
70	2026-09-25T01:29:37.443786746Z	70010	isuconquest.go.service	1	53.401266	26.700633	38.214732	15.186534	693059584	18.002092	1082527744	0.000000	4546480.504788	8
70	2026-09-25T01:29:37.443786746Z	70010	nginx.service	0	0.000000	0.000000	0.000000	0.000000	0	0.000000	0	0.000000	0.000000	0
70	2026-09-25T01:29:37.443786746Z	70010	mysql.service	1	2.311060	1.155530	2.311060	0.000000	2054938624	53.376642	2573426688	0.000000	6557581.340690	63
71	2026-09-25T01:29:38.443796109Z	71010	isuconquest.go.service	1	62.999711	31.499855	45.751272	17.248539	702992384	18.260094	1082527744	4095.961695	4927441.918563	8
71	2026-09-25T01:29:38.443796109Z	71010	nginx.service	0	0.000000	0.000000	0.000000	0.000000	0	0.000000	0	0.000000	0.000000	0
71	2026-09-25T01:29:38.443796109Z	71010	mysql.service	1	2.322878	1.161439	1.731084	0.591794	2054938624	53.376642	2573426688	0.000000	6557634.673001	63
72	2026-09-25T01:29:39.444212153Z	72010	isuconquest.go.service	1	60.545606	30.272803	49.066683	11.478823	712282112	18.501393	1082527744	0.000000	4217125.190951	8
72	2026-09-25T01:29:39.444212153Z	72010	nginx.service	0	0.000000	0.000000	0.000000	0.000000	0	0.000000	0	0.000000	0.000000	0
72	2026-09-25T01:29:39.444212153Z	72010	mysql.service	1	2.201184	1.100592	1.867023	0.334261	2054938624	53.376642	2573426688	0.000000	6554968.379333	63
73	2026-09-25T01:29:40.443931484Z	73010	isuconquest.go.service	1	37.615160	18.807580	28.764775	8.850485	715808768	18.592997	1082527744	0.000000	4347076.367790	8
73	2026-09-25T01:29:40.443931484Z	73010	nginx.service	0	0.000000	0.000000	0.000000	0.000000	0	0.000000	0	0.000000	0.000000	0
73	2026-09-25T01:29:40.443931484Z	73010	mysql.service	1	2.254833	1.127417	1.151423	1.103310	2054938624	53.376642	2573426688	0.000000	6559537.478635	63
74	2026-09-25T01:29:41.444602066Z	74011	isuconquest.go.service	1	34.936572	17.468286	25.621918	9.314554	719208448	18.681303	1082527744	0.000000	4318384.147730	8
74	2026-09-25T01:29:41.444602066Z	74011	nginx.service	0	0.000000	0.000000	0.000000	0.000000	0	0.000000	0	0.000000	0.000000	0
74	2026-09-25T01:29:41.444602066Z	74011	mysql.service	1	2.138166	1.069083	1.497596	0.640570	2054938624	53.376642	2573426688	0.000000	6553301.441246	63
75	2026-09-25T01:29:42.443797796Z	75010	isuconquest.go.service	1	32.842312	16.421156	20.470162	12.372250	723046400	18.780994	1082527744	0.000000	4455935.507895	8
75	2026-09-25T01:29:42.443797796Z	75010	nginx.service	0	0.000000	0.000000	0.000000	0.000000	0	0.000000	0	0.000000	0.000000	0
75	2026-09-25T01:29:42.443797796Z	75010	mysql.service	1	2.209377	1.104688	2.209477	0.000000	2054938624	53.376642	2573426688	0.000000	6562974.009328	63
76	2026-09-25T01:29:43.443884176Z	76010	isuconquest.go.service	1	67.900939	33.950469	57.224160	10.676678	740200448	19.226567	1082527744	57339.050550	4017829.185003	8
76	2026-09-25T01:29:43.443884176Z	76010	nginx.service	0	0.000000	0.000000	0.000000	0.000000	0	0.000000	0	0.000000	0.000000	0
76	2026-09-25T01:29:43.443884176Z	76010	mysql.service	1	2.330599	1.165299	0.211682	2.118817	2054938624	53.376642	2573426688	0.000000	6557129.995096	63
77	2026-09-25T01:29:44.443784331Z	77010	isuconquest.go.service	1	40.369131	20.184565	29.506846	10.862385	744443904	19.336790	1082527744	0.000000	4415928.912838	8
77	2026-09-25T01:29:44.443784331Z	77010	nginx.service	0	0.000000	0.000000	0.000000	0.000000	0	0.000000	0	0.000000	0.000000	0
77	2026-09-25T01:29:44.443784331Z	77010	mysql.service	1	2.221622	1.110811	1.930493	0.291129	2054938624	53.376642	2573426688	0.000000	6566543.643117	63
78	2026-09-25T01:29:45.444130141Z	78010	isuconquest.go.service	1	35.871693	17.935846	27.627344	8.244248	747966464	19.428288	1082527744	0.000000	4311596.709242	8
78	2026-09-25T01:29:45.444130141Z	78010	nginx.service	0	0.000000	0.000000	0.000000	0.000000	0	0.000000	0	0.000000	0.000000	0
78	2026-09-25T01:29:45.444130141Z	78010	mysql.service	1	2.082780	1.041390	1.267861	0.815018	2054938624	53.376642	2573426688	0.000000	6555428.614906	63
79	2026-09-25T01:29:46.444441076Z	79011	isuconquest.go.service	1	39.616782	19.808391	28.687280	10.929502	751493120	19.519892	1082527744	0.000000	4418210.267972	8
79	2026-09-25T01:29:46.444441076Z	79011	nginx.service	0	0.000000	0.000000	0.000000	0.000000	0	0.000000	0	0.000000	0.000000	0
79	2026-09-25T01:29:46.444441076Z	79011	mysql.service	1	2.205514	1.102757	2.184821	0.020694	2054938624	53.376642	2573426688	0.000000	6555657.682135	63
80	2026-09-25T01:29:47.444527725Z	80011	isuconquest.go.service	1	38.631355	19.315678	28.819005	9.812450	755249152	19.617454	1082527744	0.000000	4480636.039648	8
80	2026-09-25T01:29:47.444527725Z	80011	nginx.service	0	0.000000	0.000000	0.000000	0.000000	0	0.000000	0	0.000000	0.000000	0
80	2026-09-25T01:29:47.444527725Z	80011	mysql.service	1	2.207909	1.103954	2.207909	0.000000	2054938624	53.376642	2573426688	0.000000	6557128.244494	63
81	2026-09-25T01:29:48.443881536Z	81010	isuconquest.go.service	1	53.291036	26.645518	40.609041	12.681995	771706880	20.044940	1082527744	0.000000	4233903.902129	8
81	2026-09-25T01:29:48.443881536Z	81010	nginx.service	0	0.000000	0.000000	0.000000	0.000000	0	0.000000	0	0.000000	0.000000	0
81	2026-09-25T01:29:48.443881536Z	81010	mysql.service	1	2.329505	1.164753	1.736422	0.592983	2054942720	53.376749	2573426688	4098.648502	6561936.251024	63
82	2026-09-25T01:29:49.44378415Z	82010	isuconquest.go.service	1	54.613118	27.306559	43.964081	10.648937	779395072	20.244640	1082527744	0.000000	4133266.509893	8
82	2026-09-25T01:29:49.44378415Z	82010	nginx.service	0	0.000000	0.000000	0.000000	0.000000	0	0.000000	0	0.000000	0.000000	0
82	2026-09-25T01:29:49.44378415Z	82010	mysql.service	1	2.309025	1.154512	1.558852	0.750173	2054942720	53.376749	2573426688	0.000000	6558334.670305	63
83	2026-09-25T01:29:50.443858467Z	83010	isuconquest.go.service	1	36.121116	18.060558	25.523203	10.597912	783106048	20.341032	1082527744	0.000000	4464308.221542	8
83	2026-09-25T01:29:50.443858467Z	83010	nginx.service	0	0.000000	0.000000	0.000000	0.000000	0	0.000000	0	0.000000	0.000000	0
83	2026-09-25T01:29:50.443858467Z	83010	mysql.service	1	2.225035	1.112517	2.202136	0.022898	2054942720	53.376749	2573426688	0.000000	6557208.681365	63
84	2026-09-25T01:29:51.4443856Z	84011	isuconquest.go.service	1	38.177675	19.088838	30.131717	8.046059	786546688	20.430402	1082527744	0.000000	4319003.306511	8
84	2026-09-25T01:29:51.4443856Z	84011	nginx.service	0	0.000000	0.000000	0.000000	0.000000	0	0.000000	0	0.000000	0.000000	0
84	2026-09-25T01:29:51.4443856Z	84011	mysql.service	1	2.201340	1.100670	2.201440	0.000000	2054942720	53.376749	2573426688	0.000000	6554241.036705	63
85	2026-09-25T01:29:52.443785875Z	85010	isuconquest.go.service	1	40.556016	20.278008	29.004090	11.551826	790052864	20.521474	1082527744	0.000000	4332069.361499	8
85	2026-09-25T01:29:52.443785875Z	85010	nginx.service	0	0.000000	0.000000	0.000000	0.000000	0	0.000000	0	0.000000	0.000000	0
85	2026-09-25T01:29:52.443785875Z	85010	mysql.service	1	2.243745	1.121873	1.660896	0.582749	2054942720	53.376749	2573426688	0.000000	6561630.130331	63
86	2026-09-25T01:29:53.443803871Z	86010	isuconquest.go.service	1	44.204612	22.102306	29.747469	14.457142	794767360	20.643932	1082527744	0.000000	4353970.338231	8
86	2026-09-25T01:29:53.443803871Z	86010	nginx.service	0	0.000000	0.000000	0.000000	0.000000	0	0.000000	0	0.000000	0.000000	0
86	2026-09-25T01:29:53.443803871Z	86010	mysql.service	1	2.166461	1.083231	1.881166	0.285295	2054942720	53.376749	2573426688	0.000000	6557579.032463	63
87	2026-09-25T01:29:54.443941876Z	87010	isuconquest.go.service	1	67.025551	33.512775	59.112343	7.913308	800239616	20.786073	1082527744	0.000000	4128198.337527	8
87	2026-09-25T01:29:54.443941876Z	87010	nginx.service	0	0.000000	0.000000	0.000000	0.000000	0	0.000000	0	0.000000	0.000000	0
87	2026-09-25T01:29:54.443941876Z	87010	mysql.service	1	2.382571	1.191286	2.382671	0.000000	2054942720	53.376749	2573426688	0.000000	6556791.208711	63
88	2026-09-25T01:29:55.443796468Z	88010	isuconquest.go.service	1	35.981532	17.990766	23.194672	12.786759	803962880	20.882784	1082527744	0.000000	4403840.305169	8
88	2026-09-25T01:29:55.443796468Z	88010	nginx.service	0	0.000000	0.000000	0.000000	0.000000	0	0.000000	0	0.000000	0.000000	0
88	2026-09-25T01:29:55.443796468Z	88010	mysql.service	1	2.186918	1.093459	1.545325	0.641593	2054942720	53.376749	2573426688	0.000000	6558649.607977	63
89	2026-09-25T01:29:56.444265417Z	89011	isuconquest.go.service	1	39.231402	19.615701	27.316490	11.915012	807350272	20.970771	1082527744	0.000000	4306972.241061	8
89	2026-09-25T01:29:56.444265417Z	89011	nginx.service	0	0.000000	0.000000	0.000000	0.000000	0	0.000000	0	0.000000	0.000000	0
89	2026-09-25T01:29:56.444265417Z	89011	mysql.service	1	2.214062	1.107031	1.161155	1.052806	2054942720	53.376749	2573426688	0.000000	6554622.203363	63
90	2026-09-25T01:29:57.444556627Z	90011	isuconquest.go.service	1	38.883777	19.441888	27.395122	11.488654	810958848	21.064503	1082527744	4094.807559	4389633.703548	8
90	2026-09-25T01:29:57.444556627Z	90011	nginx.service	0	0.000000	0.000000	0.000000	0.000000	0	0.000000	0	0.000000	0.000000	0
90	2026-09-25T01:29:57.444556627Z	90011	mysql.service	1	2.227951	1.113976	1.667614	0.560337	2054942720	53.376749	2573426688	0.000000	6555786.902408	63
91	2026-09-25T01:29:58.443779172Z	91010	isuconquest.go.service	1	37.888257	18.944128	27.330749	10.557508	814759936	21.163235	1082527744	0.000000	4414824.389103	8
91	2026-09-25T01:29:58.443779172Z	91010	nginx.service	0	0.000000	0.000000	0.000000	0.000000	0	0.000000	0	0.000000	0.000000	0
91	2026-09-25T01:29:58.443779172Z	91010	mysql.service	1	2.333414	1.166707	1.579928	0.753486	2054942720	53.376749	2573426688	0.000000	6562798.372288	63
92	2026-09-25T01:29:59.443791601Z	92010	isuconquest.go.service	1	71.351712	35.675856	61.519035	9.832578	830320640	21.567422	1082527744	4095.949046	4362185.734409	8
92	2026-09-25T01:29:59.443791601Z	92010	nginx.service	0	0.000000	0.000000	0.000000	0.000000	0	0.000000	0	0.000000	0.000000	0
92	2026-09-25T01:29:59.443791601Z	92010	mysql.service	1	2.222472	1.111236	1.032987	1.189585	2054942720	53.376749	2573426688	0.000000	6557614.423277	63
93	2026-09-25T01:30:00.444652059Z	93011	isuconquest.go.service	1	36.027900	18.013950	22.637621	13.390378	833941504	21.661473	1082527744	0.000000	4395322.010014	8
93	2026-09-25T01:30:00.444652059Z	93011	nginx.service	0	0.000000	0.000000	0.000000	0.000000	0	0.000000	0	0.000000	0.000000	0
93	2026-09-25T01:30:00.444652059Z	93011	mysql.service	1	2.040644	1.020322	1.007633	1.033011	2054942720	53.376749	2573426688	0.000000	6552058.229080	63
94	2026-09-25T01:30:01.443789826Z	94010	isuconquest.go.service	1	39.043464	19.521732	28.616074	10.427391	837607424	21.756695	1082527744	0.000000	4460293.794658	8
94	2026-09-25T01:30:01.443789826Z	94010	nginx.service	0	0.000000	0.000000	0.000000	0.000000	0	0.000000	0	0.000000	0.000000	0
94	2026-09-25T01:30:01.443789826Z	94010	mysql.service	1	2.105616	1.052808	0.749346	1.356269	2054942720	53.376749	2573426688	0.000000	6563355.115118	63
95	2026-09-25T01:30:02.443888272Z	95010	isuconquest.go.service	1	39.330528	19.665264	26.149626	13.180902	841121792	21.847980	1082527744	4095.596805	4365906.193999	8
95	2026-09-25T01:30:02.443888272Z	95010	nginx.service	0	0.000000	0.000000	0.000000	0.000000	0	0.000000	0	0.000000	0.000000	0
95	2026-09-25T01:30:02.443888272Z	95010	mysql.service	1	2.243779	1.121890	1.500952	0.742727	2054942720	53.376749	2573426688	0.000000	6557050.484608	63
96	2026-09-25T01:30:03.443783417Z	96010	isuconquest.go.service	1	37.555438	18.777719	28.610800	8.944538	844996608	21.948627	1082527744	0.000000	4542940.359097	8
96	2026-09-25T01:30:03.443783417Z	96010	nginx.service	0	0.000000	0.000000	0.000000	0.000000	0	0.000000	0	0.000000	0.000000	0
96	2026-09-25T01:30:03.443783417Z	96010	mysql.service	1	2.099220	1.049610	1.327239	0.772081	2054946816	53.376855	2573426688	4096.429539	6558383.692439	63
97	2026-09-25T01:30:04.443809725Z	97010	isuconquest.go.service	1	74.038552	37.019276	65.363180	8.675372	858648576	22.303234	1082527744	4095.892245	4226960.797115	8
97	2026-09-25T01:30:04.443809725Z	97010	nginx.service	0	0.000000	0.000000	0.000000	0.000000	0	0.000000	0	0.000000	0.000000	0
97	2026-09-25T01:30:04.443809725Z	97010	mysql.service	1	2.170343	1.085171	1.571359	0.598984	2054946816	53.376855	2573426688	0.000000	6565715.269163	63
98	2026-09-25T01:30:05.443793118Z	98010	isuconquest.go.service	1	35.526690	17.763345	21.916864	13.609926	862216192	22.395903	1082527744	0.000000	4288583.216213	8
98	2026-09-25T01:30:05.443793118Z	98010	nginx.service	0	0.000000	0.000000	0.000000	0.000000	0	0.000000	0	0.000000	0.000000	0
98	2026-09-25T01:30:05.443793118Z	98010	mysql.service	1	2.076334	1.038167	1.487825	0.588410	2054946816	53.376855	2573426688	0.000000	6557804.898908	63
99	2026-09-25T01:30:06.443792363Z	99010	isuconquest.go.service	1	34.816922	17.408461	25.286216	9.530606	865812480	22.489316	1082527744	4096.002626	4407298.825079	8
99	2026-09-25T01:30:06.443792363Z	99010	nginx.service	0	0.000000	0.000000	0.000000	0.000000	0	0.000000	0	0.000000	0.000000	0
99	2026-09-25T01:30:06.443792363Z	99010	mysql.service	1	1.922401	0.961201	1.529401	0.393100	2054946816	53.376855	2573426688	0.000000	5812227.725638	63
100	2026-09-25T01:30:07.443784133Z	100010	isuconquest.go.service	1	38.730023	19.365012	25.414612	13.315511	869539840	22.586133	1082527744	0.000000	4464677.248802	8
100	2026-09-25T01:30:07.443784133Z	100010	nginx.service	0	0.000000	0.000000	0.000000	0.000000	0	0.000000	0	0.000000	0.000000	0
100	2026-09-25T01:30:07.443784133Z	100010	mysql.service	1	2.013517	1.006758	1.386312	0.627205	2054946816	53.376855	2573426688	0.000000	5738543.876672	63
101	2026-09-25T01:30:08.443783274Z	101010	isuconquest.go.service	1	7.030306	3.515153	5.332705	1.697501	869855232	22.594325	1082527744	0.000000	643072.553042	8
101	2026-09-25T01:30:08.443783274Z	101010	nginx.service	0	0.000000	0.000000	0.000000	0.000000	0	0.000000	0	0.000000	0.000000	0
101	2026-09-25T01:30:08.443783274Z	101010	mysql.service	1	1.687201	0.843601	1.051701	0.635501	2054946816	53.376855	2573426688	0.000000	5738500.935111	63
102	2026-09-25T01:30:09.443776935Z	102010	isuconquest.go.service	1	2.665917	1.332958	2.665917	0.000000	869986304	22.597730	1082527744	0.000000	0.000000	8
102	2026-09-25T01:30:09.443776935Z	102010	nginx.service	0	0.000000	0.000000	0.000000	0.000000	0	0.000000	0	0.000000	0.000000	0
102	2026-09-25T01:30:09.443776935Z	102010	mysql.service	1	1.561710	0.780855	1.254008	0.307602	2054946816	53.376855	2573426688	0.000000	5738532.388034	63
103	2026-09-25T01:30:10.444563844Z	103011	isuconquest.go.service	1	2.651413	1.325706	2.237838	0.413674	869863424	22.594538	1082527744	0.000000	0.000000	8
103	2026-09-25T01:30:10.444563844Z	103011	nginx.service	0	0.000000	0.000000	0.000000	0.000000	0	0.000000	0	0.000000	0.000000	0
103	2026-09-25T01:30:10.444563844Z	103011	mysql.service	1	1.476038	0.738019	1.476038	0.000000	2054946816	53.376855	2573426688	0.000000	5733981.659176	63
104	2026-09-25T01:30:11.444120543Z	104010	isuconquest.go.service	1	2.924097	1.462049	2.924097	0.000000	869855232	22.594325	1082527744	0.000000	0.000000	8
104	2026-09-25T01:30:11.444120543Z	104010	nginx.service	0	0.000000	0.000000	0.000000	0.000000	0	0.000000	0	0.000000	0.000000	0
104	2026-09-25T01:30:11.444120543Z	104010	mysql.service	1	1.528078	0.764039	1.104190	0.423888	2054946816	53.376855	2573426688	0.000000	5741043.243477	63
105	2026-09-25T01:30:12.444705512Z	105011	isuconquest.go.service	1	2.687628	1.343814	2.687628	0.000000	869855232	22.594325	1082527744	0.000000	0.000000	8
105	2026-09-25T01:30:12.444705512Z	105011	nginx.service	0	0.000000	0.000000	0.000000	0.000000	0	0.000000	0	0.000000	0.000000	0
105	2026-09-25T01:30:12.444705512Z	105011	mysql.service	1	1.559388	0.779694	0.758057	0.801331	2054946816	53.376855	2573426688	0.000000	5735141.097307	63
106	2026-09-25T01:30:13.444352673Z	106011	isuconquest.go.service	1	2.443562	1.221781	2.443562	0.000000	869859328	22.594432	1082527744	0.000000	0.000000	8
106	2026-09-25T01:30:13.444352673Z	106011	nginx.service	0	0.000000	0.000000	0.000000	0.000000	0	0.000000	0	0.000000	0.000000	0
106	2026-09-25T01:30:13.444352673Z	106011	mysql.service	1	1.437007	0.718504	0.962640	0.474467	2054946816	53.376855	2573426688	0.000000	5740521.462631	63
107	2026-09-25T01:30:14.443786195Z	107010	isuconquest.go.service	1	3.043524	1.521762	2.552146	0.491378	869855232	22.594325	1082527744	0.000000	0.000000	8
107	2026-09-25T01:30:14.443786195Z	107010	nginx.service	0	0.000000	0.000000	0.000000	0.000000	0	0.000000	0	0.000000	0.000000	0
107	2026-09-25T01:30:14.443786195Z	107010	mysql.service	1	1.660341	0.830170	1.386886	0.273455	2054946816	53.376855	2573426688	0.000000	5741748.660424	63
108	2026-09-25T01:30:15.444530049Z	108011	isuconquest.go.service	1	2.675410	1.337705	2.580580	0.094730	869859328	22.594432	1082527744	0.000000	0.000000	8
108	2026-09-25T01:30:15.444530049Z	108011	nginx.service	0	0.000000	0.000000	0.000000	0.000000	0	0.000000	0	0.000000	0.000000	0
108	2026-09-25T01:30:15.444530049Z	108011	mysql.service	1	1.661764	0.830882	1.661764	0.000000	2054946816	53.376855	2573426688	0.000000	5537768.625590	63
109	2026-09-25T01:30:16.443786586Z	109010	isuconquest.go.service	1	2.849418	1.424709	2.613643	0.235775	869855232	22.594325	1082527744	0.000000	0.000000	8
109	2026-09-25T01:30:16.443786586Z	109010	nginx.service	0	0.000000	0.000000	0.000000	0.000000	0	0.000000	0	0.000000	0.000000	0
109	2026-09-25T01:30:16.443786586Z	109010	mysql.service	1	1.642421	0.821211	1.455682	0.186639	2054946816	53.376855	2573426688	0.000000	4922956.050443	63
110	2026-09-25T01:30:17.444142825Z	110010	isuconquest.go.service	1	2.609770	1.304885	2.524601	0.085170	869855232	22.594325	1082527744	0.000000	0.000000	8
110	2026-09-25T01:30:17.444142825Z	110010	nginx.service	0	0.000000	0.000000	0.000000	0.000000	0	0.000000	0	0.000000	0.000000	0
110	2026-09-25T01:30:17.444142825Z	110010	mysql.service	1	1.613725	0.806863	1.613825	0.000000	2054946816	53.376855	2573426688	0.000000	4917544.169148	63
111	2026-09-25T01:30:18.443786833Z	111010	isuconquest.go.service	1	2.951351	1.475675	1.837654	1.113797	869990400	22.597836	1082527744	0.000000	0.000000	8
111	2026-09-25T01:30:18.443786833Z	111010	nginx.service	0	0.000000	0.000000	0.000000	0.000000	0	0.000000	0	0.000000	0.000000	0
111	2026-09-25T01:30:18.443786833Z	111010	mysql.service	1	1.761627	0.880814	1.761627	0.000000	2054950912	53.376961	2573426688	4097.458683	4921047.878282	63
112	2026-09-25T01:30:19.443797081Z	112010	isuconquest.go.service	1	2.906870	1.453435	2.662673	0.244197	869855232	22.594325	1082527744	0.000000	0.000000	8
112	2026-09-25T01:30:19.443797081Z	112010	nginx.service	0	0.000000	0.000000	0.000000	0.000000	0	0.000000	0	0.000000	0.000000	0
112	2026-09-25T01:30:19.443797081Z	112010	mysql.service	1	1.673583	0.836791	0.978290	0.695193	2054950912	53.376961	2573426688	0.000000	4394962.938445	63
113	2026-09-25T01:30:20.443784144Z	113010	isuconquest.go.service	1	2.906138	1.453069	2.906138	0.000000	869855232	22.594325	1082527744	0.000000	0.000000	8
113	2026-09-25T01:30:20.443784144Z	113010	nginx.service	0	0.000000	0.000000	0.000000	0.000000	0	0.000000	0	0.000000	0.000000	0
113	2026-09-25T01:30:20.443784144Z	113010	mysql.service	1	1.631421	0.815711	1.584521	0.047001	2054950912	53.376961	2573426688	0.000000	4100149.060029	63
114	2026-09-25T01:30:21.443784918Z	114010	isuconquest.go.service	1	2.989098	1.494549	2.146598	0.842399	869986304	22.597730	1082527744	0.000000	0.000000	8
114	2026-09-25T01:30:21.443784918Z	114010	nginx.service	0	0.000000	0.000000	0.000000	0.000000	0	0.000000	0	0.000000	0.000000	0
114	2026-09-25T01:30:21.443784918Z	114010	mysql.service	1	1.641999	0.820999	0.921499	0.720499	2054950912	53.376961	2573426688	0.000000	4100092.810128	63
115	2026-09-25T01:30:22.443786901Z	115010	isuconquest.go.service	1	3.357593	1.678797	2.415195	0.942498	869855232	22.594325	1082527744	0.000000	0.000000	8
115	2026-09-25T01:30:22.443786901Z	115010	nginx.service	0	0.000000	0.000000	0.000000	0.000000	0	0.000000	0	0.000000	0.000000	0
115	2026-09-25T01:30:22.443786901Z	115010	mysql.service	1	1.601297	0.800648	1.601297	0.000000	2054950912	53.376961	2573426688	0.000000	4100087.894126	63
116	2026-09-25T01:30:23.443782691Z	116010	isuconquest.go.service	1	3.096713	1.548357	2.654011	0.442702	869855232	22.594325	1082527744	0.000000	0.000000	8
116	2026-09-25T01:30:23.443782691Z	116010	nginx.service	0	0.000000	0.000000	0.000000	0.000000	0	0.000000	0	0.000000	0.000000	0
116	2026-09-25T01:30:23.443782691Z	116010	mysql.service	1	1.589107	0.794553	1.589107	0.000000	2054950912	53.376961	2573426688	0.000000	4100113.257377	63
117	2026-09-25T01:30:24.443786501Z	117010	isuconquest.go.service	1	3.196788	1.598394	3.196788	0.000000	869859328	22.594432	1082527744	0.000000	0.000000	8
117	2026-09-25T01:30:24.443786501Z	117010	nginx.service	0	0.000000	0.000000	0.000000	0.000000	0	0.000000	0	0.000000	0.000000	0
117	2026-09-25T01:30:24.443786501Z	117010	mysql.service	1	1.609694	0.804847	1.609694	0.000000	2054950912	53.376961	2573426688	0.000000	4100080.378694	63
118	2026-09-25T01:30:25.443793027Z	118010	isuconquest.go.service	1	2.935581	1.467790	2.935581	0.000000	869855232	22.594325	1082527744	0.000000	0.000000	8
118	2026-09-25T01:30:25.443793027Z	118010	nginx.service	0	0.000000	0.000000	0.000000	0.000000	0	0.000000	0	0.000000	0.000000	0
118	2026-09-25T01:30:25.443793027Z	118010	mysql.service	1	1.636289	0.818145	1.325691	0.310498	2054950912	53.376961	2573426688	0.000000	4100069.247048	63
119	2026-09-25T01:30:26.444434779Z	119011	isuconquest.go.service	1	3.161171	1.580586	3.043947	0.117225	869855232	22.594325	1082527744	0.000000	0.000000	8
119	2026-09-25T01:30:26.444434779Z	119011	nginx.service	0	0.000000	0.000000	0.000000	0.000000	0	0.000000	0	0.000000	0.000000	0
119	2026-09-25T01:30:26.444434779Z	119011	mysql.service	1	1.681021	0.840511	1.315056	0.365965	2054950912	53.376961	2573426688	0.000000	4097466.438621	63
120	2026-09-25T01:30:27.444072121Z	120010	isuconquest.go.service	1	3.314902	1.657451	3.128535	0.186268	869986304	22.597730	1082527744	0.000000	0.000000	8
120	2026-09-25T01:30:27.444072121Z	120010	nginx.service	0	0.000000	0.000000	0.000000	0.000000	0	0.000000	0	0.000000	0.000000	0
120	2026-09-25T01:30:27.444072121Z	120010	mysql.service	1	1.657601	0.828801	1.339286	0.318415	2054950912	53.376961	2573426688	0.000000	4101583.472059	63
121	2026-09-25T01:30:28.444680206Z	121011	isuconquest.go.service	1	2.968695	1.484347	2.486388	0.482307	869855232	22.594325	1082527744	0.000000	0.000000	8
121	2026-09-25T01:30:28.444680206Z	121011	nginx.service	0	0.000000	0.000000	0.000000	0.000000	0	0.000000	0	0.000000	0.000000	0
121	2026-09-25T01:30:28.444680206Z	121011	mysql.service	1	1.722553	0.861276	1.086339	0.636113	2054950912	53.376961	2573426688	0.000000	3999360.021166	63
122	2026-09-25T01:30:29.444306128Z	122011	isuconquest.go.service	1	3.239512	1.619756	2.717717	0.521795	869986304	22.597730	1082527744	0.000000	0.000000	8
122	2026-09-25T01:30:29.444306128Z	122011	nginx.service	0	0.000000	0.000000	0.000000	0.000000	0	0.000000	0	0.000000	0.000000	0
122	2026-09-25T01:30:29.444306128Z	122011	mysql.service	1	1.557082	0.778541	1.518568	0.038614	2054950912	53.376961	2573426688	0.000000	3282123.776862	63
123	2026-09-25T01:30:30.443796171Z	123010	isuconquest.go.service	1	2.973917	1.486958	2.836947	0.137070	869851136	22.594219	1082527744	0.000000	0.000000	8
123	2026-09-25T01:30:30.443796171Z	123010	nginx.service	0	0.000000	0.000000	0.000000	0.000000	0	0.000000	0	0.000000	0.000000	0
123	2026-09-25T01:30:30.443796171Z	123010	mysql.service	1	1.476453	0.738226	1.476453	0.000000	2054950912	53.376961	2573426688	0.000000	3282569.985955	63
124	2026-09-25T01:30:31.444513496Z	124011	isuconquest.go.service	1	2.790998	1.395499	2.392384	0.398614	869855232	22.594325	1082527744	0.000000	0.000000	8
124	2026-09-25T01:30:31.444513496Z	124011	nginx.service	0	0.000000	0.000000	0.000000	0.000000	0	0.000000	0	0.000000	0.000000	0
124	2026-09-25T01:30:31.444513496Z	124011	mysql.service	1	1.458854	0.729427	1.458854	0.000000	2054950912	53.376961	2573426688	0.000000	3245799.696995	63
125	2026-09-25T01:30:32.443784674Z	125010	isuconquest.go.service	1	2.679153	1.339576	2.584584	0.094469	869982208	22.597623	1082527744	0.000000	0.000000	8
125	2026-09-25T01:30:32.443784674Z	125010	nginx.service	0	0.000000	0.000000	0.000000	0.000000	0	0.000000	0	0.000000	0.000000	0
125	2026-09-25T01:30:32.443784674Z	125010	mysql.service	1	1.325166	0.662583	1.325166	0.000000	2054950912	53.376961	2573426688	0.000000	2463491.446763	63
126	2026-09-25T01:30:33.443783908Z	126010	isuconquest.go.service	1	2.621302	1.310651	2.421402	0.199900	869851136	22.594219	1082527744	0.000000	0.000000	8
126	2026-09-25T01:30:33.443783908Z	126010	nginx.service	0	0.000000	0.000000	0.000000	0.000000	0	0.000000	0	0.000000	0.000000	0
126	2026-09-25T01:30:33.443783908Z	126010	mysql.service	1	1.405501	0.702751	1.180801	0.224700	2054950912	53.376961	2573426688	0.000000	2068481.592731	63
127	2026-09-25T01:30:34.443785179Z	127010	isuconquest.go.service	1	2.987196	1.493598	2.906396	0.080800	869851136	22.594219	1082527744	0.000000	0.000000	8
127	2026-09-25T01:30:34.443785179Z	127010	nginx.service	0	0.000000	0.000000	0.000000	0.000000	0	0.000000	0	0.000000	0.000000	0
127	2026-09-25T01:30:34.443785179Z	127010	mysql.service	1	1.270198	0.635099	0.994899	0.275200	2054950912	53.376961	2573426688	0.000000	1118206.589941	63
128	2026-09-25T01:30:35.443792219Z	128010	isuconquest.go.service	1	2.562782	1.281391	1.906287	0.656595	869982208	22.597623	1082527744	0.000000	0.000000	8
128	2026-09-25T01:30:35.443792219Z	128010	nginx.service	0	0.000000	0.000000	0.000000	0.000000	0	0.000000	0	0.000000	0.000000	0
128	2026-09-25T01:30:35.443792219Z	128010	mysql.service	1	1.134292	0.567146	1.134292	0.000000	2054955008	53.377068	2573426688	0.000000	65535.537778	63
129	2026-09-25T01:30:36.444393945Z	129011	isuconquest.go.service	1	2.371673	1.185836	2.262938	0.108635	869847040	22.594112	1082527744	0.000000	0.000000	8
129	2026-09-25T01:30:36.444393945Z	129011	nginx.service	0	0.000000	0.000000	0.000000	0.000000	0	0.000000	0	0.000000	0.000000	0
129	2026-09-25T01:30:36.444393945Z	129011	mysql.service	1	1.124124	0.562062	1.124124	0.000000	2054959104	53.377174	2573426688	4093.536772	4093.536772	63
130	2026-09-25T01:30:37.443943242Z	130010	isuconquest.go.service	1	2.574360	1.287180	2.148768	0.425692	869851136	22.594219	1082527744	0.000000	0.000000	8
130	2026-09-25T01:30:37.443943242Z	130010	nginx.service	0	0.000000	0.000000	0.000000	0.000000	0	0.000000	0	0.000000	0.000000	0
130	2026-09-25T01:30:37.443943242Z	130010	mysql.service	1	1.080087	0.540043	1.080187	0.000000	2054959104	53.377174	2573426688	0.000000	0.000000	63
131	2026-09-25T01:30:38.444533987Z	131011	isuconquest.go.service	1	2.415573	1.207786	2.415573	0.000000	869810176	22.593155	1082527744	0.000000	0.000000	8
131	2026-09-25T01:30:38.444533987Z	131011	nginx.service	0	0.000000	0.000000	0.000000	0.000000	0	0.000000	0	0.000000	0.000000	0
131	2026-09-25T01:30:38.444533987Z	131011	mysql.service	1	1.178404	0.589202	0.946841	0.231463	2054959104	53.377174	2573426688	0.000000	0.000000	63
132	2026-09-25T01:30:39.4441173Z	132010	isuconquest.go.service	1	1.829963	0.914981	1.684402	0.145561	869814272	22.593261	1082527744	0.000000	0.000000	8
132	2026-09-25T01:30:39.4441173Z	132010	nginx.service	0	0.000000	0.000000	0.000000	0.000000	0	0.000000	0	0.000000	0.000000	0
132	2026-09-25T01:30:39.4441173Z	132010	mysql.service	1	1.014123	0.507061	1.014123	0.000000	2054959104	53.377174	2573426688	0.000000	0.000000	63
133	2026-09-25T01:30:40.443794979Z	133010	isuconquest.go.service	1	2.168299	1.084149	2.030955	0.137244	869810176	22.593155	1082527744	0.000000	0.000000	8
133	2026-09-25T01:30:40.443794979Z	133010	nginx.service	0	0.000000	0.000000	0.000000	0.000000	0	0.000000	0	0.000000	0.000000	0
133	2026-09-25T01:30:40.443794979Z	133010	mysql.service	1	1.166776	0.583388	1.166776	0.000000	2054959104	53.377174	2573426688	0.000000	0.000000	63
134	2026-09-25T01:30:41.444131683Z	134010	isuconquest.go.service	1	2.198460	1.099230	2.114988	0.083572	869806080	22.593049	1082527744	0.000000	0.000000	8
134	2026-09-25T01:30:41.444131683Z	134010	nginx.service	0	0.000000	0.000000	0.000000	0.000000	0	0.000000	0	0.000000	0.000000	0
134	2026-09-25T01:30:41.444131683Z	134010	mysql.service	1	1.193398	0.596699	1.193498	0.000000	2054959104	53.377174	2573426688	0.000000	0.000000	63
135	2026-09-25T01:30:42.443786191Z	135010	isuconquest.go.service	1	2.232571	1.116286	1.335161	0.897410	869933056	22.596347	1082527744	0.000000	0.000000	8
135	2026-09-25T01:30:42.443786191Z	135010	nginx.service	0	0.000000	0.000000	0.000000	0.000000	0	0.000000	0	0.000000	0.000000	0
135	2026-09-25T01:30:42.443786191Z	135010	mysql.service	1	1.150598	0.575299	1.150598	0.000000	2054959104	53.377174	2573426688	0.000000	0.000000	63
136	2026-09-25T01:30:43.4444391Z	136011	isuconquest.go.service	1	2.434510	1.217255	1.682901	0.751609	869806080	22.593049	1082527744	0.000000	0.000000	8
136	2026-09-25T01:30:43.4444391Z	136011	nginx.service	0	0.000000	0.000000	0.000000	0.000000	0	0.000000	0	0.000000	0.000000	0
136	2026-09-25T01:30:43.4444391Z	136011	mysql.service	1	1.198917	0.599458	1.198817	0.000000	2054959104	53.377174	2573426688	0.000000	0.000000	63
137	2026-09-25T01:30:44.444063929Z	137010	isuconquest.go.service	1	2.088784	1.044392	2.021059	0.067625	869937152	22.596453	1082527744	0.000000	0.000000	8
137	2026-09-25T01:30:44.444063929Z	137010	nginx.service	0	0.000000	0.000000	0.000000	0.000000	0	0.000000	0	0.000000	0.000000	0
137	2026-09-25T01:30:44.444063929Z	137010	mysql.service	1	1.189246	0.594623	1.189346	0.000000	2054959104	53.377174	2573426688	0.000000	0.000000	63
138	2026-09-25T01:30:45.444670638Z	138011	isuconquest.go.service	1	2.310298	1.155149	1.056059	1.254239	869806080	22.593049	1082527744	0.000000	0.000000	8
138	2026-09-25T01:30:45.444670638Z	138011	nginx.service	0	0.000000	0.000000	0.000000	0.000000	0	0.000000	0	0.000000	0.000000	0
138	2026-09-25T01:30:45.444670638Z	138011	mysql.service	1	1.195675	0.597837	1.195675	0.000000	2054959104	53.377174	2573426688	0.000000	0.000000	63
139	2026-09-25T01:30:46.443787368Z	139010	isuconquest.go.service	1	2.157105	1.078553	2.079837	0.077368	869801984	22.592942	1082527744	0.000000	0.000000	8
139	2026-09-25T01:30:46.443787368Z	139010	nginx.service	0	0.000000	0.000000	0.000000	0.000000	0	0.000000	0	0.000000	0.000000	0
139	2026-09-25T01:30:46.443787368Z	139010	mysql.service	1	1.210970	0.605485	1.210870	0.000000	2054959104	53.377174	2573426688	0.000000	0.000000	63
140	2026-09-25T01:30:47.444404823Z	140011	isuconquest.go.service	1	1.979278	0.989639	1.979178	0.000000	869801984	22.592942	1082527744	0.000000	0.000000	8
140	2026-09-25T01:30:47.444404823Z	140011	nginx.service	0	0.000000	0.000000	0.000000	0.000000	0	0.000000	0	0.000000	0.000000	0
140	2026-09-25T01:30:47.444404823Z	140011	mysql.service	1	1.151989	0.575994	1.024867	0.127122	2054959104	53.377174	2573426688	0.000000	0.000000	63
141	2026-09-25T01:30:48.4439953Z	141010	isuconquest.go.service	1	2.296641	1.148320	2.088755	0.207885	869806080	22.593049	1082527744	0.000000	0.000000	8
141	2026-09-25T01:30:48.4439953Z	141010	nginx.service	0	0.000000	0.000000	0.000000	0.000000	0	0.000000	0	0.000000	0.000000	0
141	2026-09-25T01:30:48.4439953Z	141010	mysql.service	1	1.261417	0.630708	1.261417	0.000000	2054955008	53.377068	2573426688	0.000000	0.000000	63
142	2026-09-25T01:30:49.443783664Z	142010	isuconquest.go.service	1	2.179560	1.089780	2.157056	0.022605	869933056	22.596347	1082527744	0.000000	0.000000	8
142	2026-09-25T01:30:49.443783664Z	142010	nginx.service	0	0.000000	0.000000	0.000000	0.000000	0	0.000000	0	0.000000	0.000000	0
142	2026-09-25T01:30:49.443783664Z	142010	mysql.service	1	1.158645	0.579322	1.158645	0.000000	2054959104	53.377174	2573426688	0.000000	0.000000	63
143	2026-09-25T01:30:50.444382505Z	143011	isuconquest.go.service	1	2.281535	1.140767	2.069761	0.211773	869933056	22.596347	1082527744	0.000000	0.000000	8
143	2026-09-25T01:30:50.444382505Z	143011	nginx.service	0	0.000000	0.000000	0.000000	0.000000	0	0.000000	0	0.000000	0.000000	0
143	2026-09-25T01:30:50.444382505Z	143011	mysql.service	1	1.120929	0.560465	1.120929	0.000000	2054959104	53.377174	2573426688	0.000000	0.000000	63
144	2026-09-25T01:30:51.44379188Z	144010	isuconquest.go.service	1	2.003383	1.001692	1.254941	0.748442	869801984	22.592942	1082527744	0.000000	0.000000	8
144	2026-09-25T01:30:51.44379188Z	144010	nginx.service	0	0.000000	0.000000	0.000000	0.000000	0	0.000000	0	0.000000	0.000000	0
144	2026-09-25T01:30:51.44379188Z	144010	mysql.service	1	1.164788	0.582394	1.164788	0.000000	2054959104	53.377174	2573426688	0.000000	0.000000	63
145	2026-09-25T01:30:52.444548779Z	145011	isuconquest.go.service	1	2.200834	1.100417	2.000586	0.200248	869801984	22.592942	1082527744	0.000000	0.000000	8
145	2026-09-25T01:30:52.444548779Z	145011	nginx.service	0	0.000000	0.000000	0.000000	0.000000	0	0.000000	0	0.000000	0.000000	0
145	2026-09-25T01:30:52.444548779Z	145011	mysql.service	1	1.146832	0.573416	1.146932	0.000000	2054959104	53.377174	2573426688	0.000000	0.000000	63
146	2026-09-25T01:30:53.44414738Z	146010	isuconquest.go.service	1	2.283016	1.141508	2.071131	0.211885	869801984	22.592942	1082527744	0.000000	0.000000	8
146	2026-09-25T01:30:53.44414738Z	146010	nginx.service	0	0.000000	0.000000	0.000000	0.000000	0	0.000000	0	0.000000	0.000000	0
146	2026-09-25T01:30:53.44414738Z	146010	mysql.service	1	1.169269	0.584635	1.169169	0.000000	2054959104	53.377174	2573426688	0.000000	0.000000	63
147	2026-09-25T01:30:54.443827545Z	147010	isuconquest.go.service	1	2.142485	1.071243	2.008542	0.133843	869933056	22.596347	1082527744	0.000000	0.000000	8
147	2026-09-25T01:30:54.443827545Z	147010	nginx.service	0	0.000000	0.000000	0.000000	0.000000	0	0.000000	0	0.000000	0.000000	0
147	2026-09-25T01:30:54.443827545Z	147010	mysql.service	1	1.220590	0.610295	1.220690	0.000000	2054959104	53.377174	2573426688	0.000000	0.000000	63
148	2026-09-25T01:30:55.444384559Z	148011	isuconquest.go.service	1	2.022773	1.011387	1.906538	0.116335	869806080	22.593049	1082527744	0.000000	0.000000	8
148	2026-09-25T01:30:55.444384559Z	148011	nginx.service	0	0.000000	0.000000	0.000000	0.000000	0	0.000000	0	0.000000	0.000000	0
148	2026-09-25T01:30:55.444384559Z	148011	mysql.service	1	1.102286	0.551143	1.102186	0.000000	2054959104	53.377174	2573426688	0.000000	0.000000	63
149	2026-09-25T01:30:56.443792134Z	149010	isuconquest.go.service	1	1.809172	0.904586	1.781956	0.027216	869801984	22.592942	1082527744	0.000000	0.000000	8
149	2026-09-25T01:30:56.443792134Z	149010	nginx.service	0	0.000000	0.000000	0.000000	0.000000	0	0.000000	0	0.000000	0.000000	0
149	2026-09-25T01:30:56.443792134Z	149010	mysql.service	1	1.075237	0.537619	1.075237	0.000000	2054959104	53.377174	2573426688	0.000000	0.000000	63
150	2026-09-25T01:30:57.444395379Z	150011	isuconquest.go.service	1	1.763536	0.881768	0.991602	0.771834	869801984	22.592942	1082527744	0.000000	0.000000	8
150	2026-09-25T01:30:57.444395379Z	150011	nginx.service	0	0.000000	0.000000	0.000000	0.000000	0	0.000000	0	0.000000	0.000000	0
150	2026-09-25T01:30:57.444395379Z	150011	mysql.service	1	1.061260	0.530630	1.061260	0.000000	2054959104	53.377174	2573426688	0.000000	0.000000	63
151	2026-09-25T01:30:58.443932703Z	151010	isuconquest.go.service	1	1.778323	0.889161	1.350625	0.427698	869801984	22.592942	1082527744	0.000000	0.000000	8
151	2026-09-25T01:30:58.443932703Z	151010	nginx.service	0	0.000000	0.000000	0.000000	0.000000	0	0.000000	0	0.000000	0.000000	0
151	2026-09-25T01:30:58.443932703Z	151010	mysql.service	1	1.157836	0.578918	1.157836	0.000000	2054959104	53.377174	2573426688	0.000000	0.000000	63
152	2026-09-25T01:30:59.44453629Z	152011	isuconquest.go.service	1	1.786622	0.893311	1.704171	0.082450	869810176	22.593155	1082527744	0.000000	0.000000	8
152	2026-09-25T01:30:59.44453629Z	152011	nginx.service	0	0.000000	0.000000	0.000000	0.000000	0	0.000000	0	0.000000	0.000000	0
152	2026-09-25T01:30:59.44453629Z	152011	mysql.service	1	0.979909	0.489954	0.726861	0.253047	2054959104	53.377174	2573426688	0.000000	0.000000	63
153	2026-09-25T01:31:00.444124472Z	153010	isuconquest.go.service	1	1.931896	0.965948	1.482110	0.449885	869933056	22.596347	1082527744	0.000000	0.000000	8
153	2026-09-25T01:31:00.444124472Z	153010	nginx.service	0	0.000000	0.000000	0.000000	0.000000	0	0.000000	0	0.000000	0.000000	0
153	2026-09-25T01:31:00.444124472Z	153010	mysql.service	1	1.057035	0.528518	1.057135	0.000000	2054959104	53.377174	2573426688	0.000000	0.000000	63
154	2026-09-25T01:31:01.443792338Z	154010	isuconquest.go.service	1	1.984259	0.992130	1.757084	0.227075	869933056	22.596347	1082527744	0.000000	0.000000	8
154	2026-09-25T01:31:01.443792338Z	154010	nginx.service	0	0.000000	0.000000	0.000000	0.000000	0	0.000000	0	0.000000	0.000000	0
154	2026-09-25T01:31:01.443792338Z	154010	mysql.service	1	1.084960	0.542480	1.084960	0.000000	2054959104	53.377174	2573426688	0.000000	0.000000	63
155	2026-09-25T01:31:02.444393895Z	155011	isuconquest.go.service	1	2.009391	1.004696	1.720465	0.289026	869806080	22.593049	1082527744	0.000000	0.000000	8
155	2026-09-25T01:31:02.444393895Z	155011	nginx.service	0	0.000000	0.000000	0.000000	0.000000	0	0.000000	0	0.000000	0.000000	0
155	2026-09-25T01:31:02.444393895Z	155011	mysql.service	1	1.063460	0.531730	0.798020	0.265440	2054959104	53.377174	2573426688	0.000000	0.000000	63
156	2026-09-25T01:31:03.444015437Z	156010	isuconquest.go.service	1	1.823290	0.911645	1.330604	0.492586	869801984	22.592942	1082527744	0.000000	0.000000	8
156	2026-09-25T01:31:03.444015437Z	156010	nginx.service	0	0.000000	0.000000	0.000000	0.000000	0	0.000000	0	0.000000	0.000000	0
156	2026-09-25T01:31:03.444015437Z	156010	mysql.service	1	1.021687	0.510843	1.021687	0.000000	2054959104	53.377174	2573426688	0.000000	0.000000	63
157	2026-09-25T01:31:04.44456523Z	157011	isuconquest.go.service	1	1.996702	0.998351	1.884264	0.112538	869801984	22.592942	1082527744	0.000000	0.000000	8
157	2026-09-25T01:31:04.44456523Z	157011	nginx.service	0	0.000000	0.000000	0.000000	0.000000	0	0.000000	0	0.000000	0.000000	0
157	2026-09-25T01:31:04.44456523Z	157011	mysql.service	1	1.038629	0.519314	0.765779	0.272850	2054959104	53.377174	2573426688	0.000000	0.000000	63
158	2026-09-25T01:31:05.444158582Z	158010	isuconquest.go.service	1	130.303588	65.151794	119.566922	10.736666	992890880	25.790153	1082527744	0.000000	0.000000	8
158	2026-09-25T01:31:05.444158582Z	158010	nginx.service	0	0.000000	0.000000	0.000000	0.000000	0	0.000000	0	0.000000	0.000000	0
158	2026-09-25T01:31:05.444158582Z	158010	mysql.service	1	1.499910	0.749955	0.795223	0.704687	2046398464	53.154813	2573426688	0.000000	0.000000	63
159	2026-09-25T01:31:06.443803618Z	159010	isuconquest.go.service	1	55.521108	27.760554	48.575042	6.945966	826580992	21.470285	1082527744	16389.817762	135203704.177242	8
159	2026-09-25T01:31:06.443803618Z	159010	nginx.service	0	0.000000	0.000000	0.000000	0.000000	0	0.000000	0	0.000000	0.000000	0
159	2026-09-25T01:31:06.443803618Z	159010	mysql.service	1	1.252645	0.626322	0.934432	0.318213	2040492032	53.001395	2573426688	0.000000	0.000000	63
160	2026-09-25T01:31:07.443783376Z	160010	isuconquest.go.service	1	1.723135	0.861567	1.708434	0.014800	826699776	21.473370	1082527744	0.000000	0.000000	8
160	2026-09-25T01:31:07.443783376Z	160010	nginx.service	0	0.000000	0.000000	0.000000	0.000000	0	0.000000	0	0.000000	0.000000	0
160	2026-09-25T01:31:07.443783376Z	160010	mysql.service	1	1.080122	0.540061	1.080122	0.000000	2040492032	53.001395	2573426688	0.000000	0.000000	63
161	2026-09-25T01:31:08.444387019Z	161011	isuconquest.go.service	1	1.472311	0.736156	1.088543	0.383768	826548224	21.469434	1082527744	0.000000	0.000000	8
161	2026-09-25T01:31:08.444387019Z	161011	nginx.service	0	0.000000	0.000000	0.000000	0.000000	0	0.000000	0	0.000000	0.000000	0
161	2026-09-25T01:31:08.444387019Z	161011	mysql.service	1	1.076250	0.538125	1.076150	0.000000	2040492032	53.001395	2573426688	0.000000	0.000000	63
162	2026-09-25T01:31:09.443954096Z	162010	isuconquest.go.service	1	1.169006	0.584503	1.059559	0.109347	826548224	21.469434	1082527744	0.000000	0.000000	8
162	2026-09-25T01:31:09.443954096Z	162010	nginx.service	0	0.000000	0.000000	0.000000	0.000000	0	0.000000	0	0.000000	0.000000	0
162	2026-09-25T01:31:09.443954096Z	162010	mysql.service	1	0.949411	0.474706	0.918298	0.031214	2040492032	53.001395	2573426688	0.000000	0.000000	63
163	2026-09-25T01:31:10.444524269Z	163011	isuconquest.go.service	1	1.230898	0.615449	0.881597	0.349401	826548224	21.469434	1082527744	0.000000	0.000000	8
163	2026-09-25T01:31:10.444524269Z	163011	nginx.service	0	0.000000	0.000000	0.000000	0.000000	0	0.000000	0	0.000000	0.000000	0
163	2026-09-25T01:31:10.444524269Z	163011	mysql.service	1	1.033011	0.516506	1.033011	0.000000	2040492032	53.001395	2573426688	0.000000	0.000000	63
164	2026-09-25T01:31:11.443782682Z	164010	isuconquest.go.service	1	1.167866	0.583933	0.711428	0.456338	826548224	21.469434	1082527744	0.000000	0.000000	8
164	2026-09-25T01:31:11.443782682Z	164010	nginx.service	0	0.000000	0.000000	0.000000	0.000000	0	0.000000	0	0.000000	0.000000	0
164	2026-09-25T01:31:11.443782682Z	164010	mysql.service	1	1.034667	0.517334	0.000000	1.034667	2040492032	53.001395	2573426688	0.000000	0.000000	63
165	2026-09-25T01:31:12.443782121Z	165010	isuconquest.go.service	1	1.223001	0.611500	1.164001	0.059000	826548224	21.469434	1082527744	0.000000	0.000000	8
165	2026-09-25T01:31:12.443782121Z	165010	nginx.service	0	0.000000	0.000000	0.000000	0.000000	0	0.000000	0	0.000000	0.000000	0
165	2026-09-25T01:31:12.443782121Z	165010	mysql.service	1	1.094101	0.547050	1.061701	0.032300	2040492032	53.001395	2573426688	0.000000	0.000000	63
166	2026-09-25T01:31:13.443783289Z	166010	isuconquest.go.service	1	1.206899	0.603449	1.034499	0.172400	826548224	21.469434	1082527744	0.000000	0.000000	8
166	2026-09-25T01:31:13.443783289Z	166010	nginx.service	0	0.000000	0.000000	0.000000	0.000000	0	0.000000	0	0.000000	0.000000	0
166	2026-09-25T01:31:13.443783289Z	166010	mysql.service	1	1.063099	0.531549	1.063099	0.000000	2040492032	53.001395	2573426688	0.000000	0.000000	63
167	2026-09-25T01:31:14.443783914Z	167010	isuconquest.go.service	1	1.271999	0.636000	1.205999	0.066000	826548224	21.469434	1082527744	0.000000	0.000000	8
167	2026-09-25T01:31:14.443783914Z	167010	nginx.service	0	0.000000	0.000000	0.000000	0.000000	0	0.000000	0	0.000000	0.000000	0
167	2026-09-25T01:31:14.443783914Z	167010	mysql.service	1	1.097499	0.548750	1.097499	0.000000	2040492032	53.001395	2573426688	0.000000	0.000000	63
168	2026-09-25T01:31:15.443783338Z	168010	isuconquest.go.service	1	1.378501	0.689250	0.602900	0.775700	826548224	21.469434	1082527744	0.000000	0.000000	8
168	2026-09-25T01:31:15.443783338Z	168010	nginx.service	0	0.000000	0.000000	0.000000	0.000000	0	0.000000	0	0.000000	0.000000	0
168	2026-09-25T01:31:15.443783338Z	168010	mysql.service	1	1.177901	0.588950	1.177901	0.000000	2040492032	53.001395	2573426688	0.000000	0.000000	63
169	2026-09-25T01:31:16.443793424Z	169010	isuconquest.go.service	1	1.317187	0.658593	1.302687	0.014500	826552320	21.469540	1082527744	0.000000	0.000000	8
169	2026-09-25T01:31:16.443793424Z	169010	nginx.service	0	0.000000	0.000000	0.000000	0.000000	0	0.000000	0	0.000000	0.000000	0
169	2026-09-25T01:31:16.443793424Z	169010	mysql.service	1	1.153888	0.576944	1.153888	0.000000	2040492032	53.001395	2573426688	0.000000	0.000000	63
170	2026-09-25T01:31:17.444388529Z	170011	isuconquest.go.service	1	1.361090	0.680545	1.050975	0.310115	826548224	21.469434	1082527744	0.000000	0.000000	8
170	2026-09-25T01:31:17.444388529Z	170011	nginx.service	0	0.000000	0.000000	0.000000	0.000000	0	0.000000	0	0.000000	0.000000	0
170	2026-09-25T01:31:17.444388529Z	170011	mysql.service	1	1.153414	0.576707	1.153414	0.000000	2040492032	53.001395	2573426688	0.000000	0.000000	63
171	2026-09-25T01:31:18.44398269Z	171010	isuconquest.go.service	1	1.255309	0.627655	1.075837	0.179373	826675200	21.472732	1082527744	0.000000	0.000000	8
171	2026-09-25T01:31:18.44398269Z	171010	nginx.service	0	0.000000	0.000000	0.000000	0.000000	0	0.000000	0	0.000000	0.000000	0
171	2026-09-25T01:31:18.44398269Z	171010	mysql.service	1	1.210791	0.605396	1.210791	0.000000	2040492032	53.001395	2573426688	0.000000	0.000000	63
172	2026-09-25T01:31:19.444599719Z	172011	isuconquest.go.service	1	1.350866	0.675433	1.157786	0.193081	826548224	21.469434	1082527744	0.000000	0.000000	8
172	2026-09-25T01:31:19.444599719Z	172011	nginx.service	0	0.000000	0.000000	0.000000	0.000000	0	0.000000	0	0.000000	0.000000	0
172	2026-09-25T01:31:19.444599719Z	172011	mysql.service	1	1.163982	0.581991	1.163982	0.000000	2040492032	53.001395	2573426688	0.000000	0.000000	63
173	2026-09-25T01:31:20.444214503Z	173010	isuconquest.go.service	1	1.312806	0.656403	1.312806	0.000000	826548224	21.469434	1082527744	0.000000	0.000000	8
173	2026-09-25T01:31:20.444214503Z	173010	nginx.service	0	0.000000	0.000000	0.000000	0.000000	0	0.000000	0	0.000000	0.000000	0
173	2026-09-25T01:31:20.444214503Z	173010	mysql.service	1	1.149143	0.574571	1.149143	0.000000	2040492032	53.001395	2573426688	0.000000	0.000000	63
174	2026-09-25T01:31:21.443840125Z	174010	isuconquest.go.service	1	1.237463	0.618732	0.525797	0.711766	826679296	21.472838	1082527744	0.000000	0.000000	8
174	2026-09-25T01:31:21.443840125Z	174010	nginx.service	0	0.000000	0.000000	0.000000	0.000000	0	0.000000	0	0.000000	0.000000	0
174	2026-09-25T01:31:21.443840125Z	174010	mysql.service	1	1.143928	0.571964	1.143928	0.000000	2040492032	53.001395	2573426688	0.000000	0.000000	63
175	2026-09-25T01:31:22.444554341Z	175011	isuconquest.go.service	1	1.373119	0.686560	1.350436	0.022584	826548224	21.469434	1082527744	0.000000	0.000000	8
175	2026-09-25T01:31:22.444554341Z	175011	nginx.service	0	0.000000	0.000000	0.000000	0.000000	0	0.000000	0	0.000000	0.000000	0
175	2026-09-25T01:31:22.444554341Z	175011	mysql.service	1	1.161970	0.580985	1.162070	0.000000	2040492032	53.001395	2573426688	0.000000	0.000000	63
176	2026-09-25T01:31:23.44417401Z	176010	isuconquest.go.service	1	1.366020	0.683010	1.228667	0.137352	826548224	21.469434	1082527744	0.000000	0.000000	8
176	2026-09-25T01:31:23.44417401Z	176010	nginx.service	0	0.000000	0.000000	0.000000	0.000000	0	0.000000	0	0.000000	0.000000	0
176	2026-09-25T01:31:23.44417401Z	176010	mysql.service	1	1.150938	0.575469	1.150838	0.000000	2040492032	53.001395	2573426688	0.000000	0.000000	63
177	2026-09-25T01:31:24.443754919Z	177010	isuconquest.go.service	1	1.243321	0.621661	0.370755	0.872666	826679296	21.472838	1082527744	0.000000	0.000000	8
177	2026-09-25T01:31:24.443754919Z	177010	nginx.service	0	0.000000	0.000000	0.000000	0.000000	0	0.000000	0	0.000000	0.000000	0
177	2026-09-25T01:31:24.443754919Z	177010	mysql.service	1	1.130074	0.565037	1.130074	0.000000	2040492032	53.001395	2573426688	0.000000	0.000000	63
178	2026-09-25T01:31:25.443784146Z	178010	isuconquest.go.service	1	1.286962	0.643481	1.218864	0.068098	826548224	21.469434	1082527744	0.000000	0.000000	8
178	2026-09-25T01:31:25.443784146Z	178010	nginx.service	0	0.000000	0.000000	0.000000	0.000000	0	0.000000	0	0.000000	0.000000	0
178	2026-09-25T01:31:25.443784146Z	178010	mysql.service	1	1.151866	0.575933	1.151866	0.000000	2040492032	53.001395	2573426688	0.000000	0.000000	63
179	2026-09-25T01:31:26.443750241Z	179010	isuconquest.go.service	1	1.407448	0.703724	1.322045	0.085303	826548224	21.469434	1082527744	0.000000	0.000000	8
179	2026-09-25T01:31:26.443750241Z	179010	nginx.service	0	0.000000	0.000000	0.000000	0.000000	0	0.000000	0	0.000000	0.000000	0
179	2026-09-25T01:31:26.443750241Z	179010	mysql.service	1	1.111838	0.555919	1.111838	0.000000	2040492032	53.001395	2573426688	0.000000	0.000000	63
180	2026-09-25T01:31:27.443784608Z	180010	isuconquest.go.service	1	1.260857	0.630428	0.154495	1.106362	826548224	21.469434	1082527744	0.000000	0.000000	8
180	2026-09-25T01:31:27.443784608Z	180010	nginx.service	0	0.000000	0.000000	0.000000	0.000000	0	0.000000	0	0.000000	0.000000	0
180	2026-09-25T01:31:27.443784608Z	180010	mysql.service	1	1.133761	0.566881	1.133761	0.000000	2040492032	53.001395	2573426688	0.000000	0.000000	63
181	2026-09-25T01:31:28.444497715Z	181011	isuconquest.go.service	1	1.213035	0.606517	1.155376	0.057659	826548224	21.469434	1082527744	0.000000	0.000000	8
181	2026-09-25T01:31:28.444497715Z	181011	nginx.service	0	0.000000	0.000000	0.000000	0.000000	0	0.000000	0	0.000000	0.000000	0
181	2026-09-25T01:31:28.444497715Z	181011	mysql.service	1	1.105412	0.552706	1.105412	0.000000	2040492032	53.001395	2573426688	0.000000	0.000000	63
182	2026-09-25T01:31:29.443784893Z	182010	isuconquest.go.service	1	1.331249	0.665624	1.140813	0.190436	826548224	21.469434	1082527744	0.000000	0.000000	8
182	2026-09-25T01:31:29.443784893Z	182010	nginx.service	0	0.000000	0.000000	0.000000	0.000000	0	0.000000	0	0.000000	0.000000	0
182	2026-09-25T01:31:29.443784893Z	182010	mysql.service	1	1.000513	0.500257	1.000513	0.000000	2040487936	53.001288	2573426688	0.000000	0.000000	63
183	2026-09-25T01:31:30.443785072Z	183010	isuconquest.go.service	1	1.305700	0.652850	0.829500	0.476200	826556416	21.469647	1082527744	0.000000	0.000000	8
183	2026-09-25T01:31:30.443785072Z	183010	nginx.service	0	0.000000	0.000000	0.000000	0.000000	0	0.000000	0	0.000000	0.000000	0
183	2026-09-25T01:31:30.443785072Z	183010	mysql.service	1	0.997400	0.498700	0.997400	0.000000	2040492032	53.001395	2573426688	0.000000	0.000000	63
184	2026-09-25T01:31:31.443784549Z	184010	isuconquest.go.service	1	1.281101	0.640550	1.281101	0.000000	826548224	21.469434	1082527744	0.000000	0.000000	8
184	2026-09-25T01:31:31.443784549Z	184010	nginx.service	0	0.000000	0.000000	0.000000	0.000000	0	0.000000	0	0.000000	0.000000	0
184	2026-09-25T01:31:31.443784549Z	184010	mysql.service	1	1.131801	0.565900	0.869500	0.262300	2040492032	53.001395	2573426688	0.000000	0.000000	63
185	2026-09-25T01:31:32.443786275Z	185010	isuconquest.go.service	1	1.260698	0.630349	0.839699	0.421099	826548224	21.469434	1082527744	0.000000	0.000000	8
185	2026-09-25T01:31:32.443786275Z	185010	nginx.service	0	0.000000	0.000000	0.000000	0.000000	0	0.000000	0	0.000000	0.000000	0
185	2026-09-25T01:31:32.443786275Z	185010	mysql.service	1	1.116598	0.558299	0.858799	0.257800	2040492032	53.001395	2573426688	0.000000	0.000000	63
186	2026-09-25T01:31:33.443761564Z	186010	isuconquest.go.service	1	1.294832	0.647416	0.762119	0.532713	826679296	21.472838	1082527744	0.000000	0.000000	8
186	2026-09-25T01:31:33.443761564Z	186010	nginx.service	0	0.000000	0.000000	0.000000	0.000000	0	0.000000	0	0.000000	0.000000	0
186	2026-09-25T01:31:33.443761564Z	186010	mysql.service	1	1.069326	0.534663	1.069326	0.000000	2040492032	53.001395	2573426688	0.000000	0.000000	63
187	2026-09-25T01:31:34.443783843Z	187010	isuconquest.go.service	1	1.233873	0.616936	0.767883	0.465890	826548224	21.469434	1082527744	0.000000	0.000000	8
187	2026-09-25T01:31:34.443783843Z	187010	nginx.service	0	0.000000	0.000000	0.000000	0.000000	0	0.000000	0	0.000000	0.000000	0
187	2026-09-25T01:31:34.443783843Z	187010	mysql.service	1	1.005678	0.502839	1.005778	0.000000	2040492032	53.001395	2573426688	0.000000	0.000000	63
188	2026-09-25T01:31:35.443791958Z	188010	isuconquest.go.service	1	1.218290	0.609145	1.101891	0.116399	826548224	21.469434	1082527744	0.000000	0.000000	8
188	2026-09-25T01:31:35.443791958Z	188010	nginx.service	0	0.000000	0.000000	0.000000	0.000000	0	0.000000	0	0.000000	0.000000	0
188	2026-09-25T01:31:35.443791958Z	188010	mysql.service	1	1.035892	0.517946	0.780894	0.254998	2040492032	53.001395	2573426688	0.000000	0.000000	63
189	2026-09-25T01:31:36.444424328Z	189011	isuconquest.go.service	1	1.277592	0.638796	1.152771	0.124921	826675200	21.472732	1082527744	0.000000	0.000000	8
189	2026-09-25T01:31:36.444424328Z	189011	nginx.service	0	0.000000	0.000000	0.000000	0.000000	0	0.000000	0	0.000000	0.000000	0
189	2026-09-25T01:31:36.444424328Z	189011	mysql.service	1	1.067025	0.533513	1.066925	0.000000	2040492032	53.001395	2573426688	0.000000	0.000000	63
190	2026-09-25T01:31:37.444115395Z	190010	isuconquest.go.service	1	1.368723	0.684361	0.825155	0.543568	826548224	21.469434	1082527744	0.000000	0.000000	8
190	2026-09-25T01:31:37.444115395Z	190010	nginx.service	0	0.000000	0.000000	0.000000	0.000000	0	0.000000	0	0.000000	0.000000	0
190	2026-09-25T01:31:37.444115395Z	190010	mysql.service	1	1.106542	0.553271	1.106642	0.000000	2040492032	53.001395	2573426688	0.000000	0.000000	63
191	2026-09-25T01:31:38.444402358Z	191011	isuconquest.go.service	1	1.457682	0.728841	0.959625	0.498057	826675200	21.472732	1082527744	0.000000	0.000000	8
191	2026-09-25T01:31:38.444402358Z	191011	nginx.service	0	0.000000	0.000000	0.000000	0.000000	0	0.000000	0	0.000000	0.000000	0
191	2026-09-25T01:31:38.444402358Z	191011	mysql.service	1	1.210453	0.605226	1.210453	0.000000	2040492032	53.001395	2573426688	0.000000	0.000000	63
192	2026-09-25T01:31:39.44378304Z	192010	isuconquest.go.service	1	1.328423	0.664211	1.254377	0.074046	826675200	21.472732	1082527744	0.000000	0.000000	8
192	2026-09-25T01:31:39.44378304Z	192010	nginx.service	0	0.000000	0.000000	0.000000	0.000000	0	0.000000	0	0.000000	0.000000	0
192	2026-09-25T01:31:39.44378304Z	192010	mysql.service	1	1.029638	0.514819	1.029538	0.000000	2040492032	53.001395	2573426688	0.000000	0.000000	63
193	2026-09-25T01:31:40.443840925Z	193010	isuconquest.go.service	1	1.230329	0.615164	0.533469	0.696860	826548224	21.469434	1082527744	0.000000	0.000000	8
193	2026-09-25T01:31:40.443840925Z	193010	nginx.service	0	0.000000	0.000000	0.000000	0.000000	0	0.000000	0	0.000000	0.000000	0
193	2026-09-25T01:31:40.443840925Z	193010	mysql.service	1	1.017541	0.508771	1.017541	0.000000	2040492032	53.001395	2573426688	0.000000	0.000000	63
194	2026-09-25T01:31:41.444526854Z	194011	isuconquest.go.service	1	1.135821	0.567910	1.135821	0.000000	826675200	21.472732	1082527744	0.000000	0.000000	8
194	2026-09-25T01:31:41.444526854Z	194011	nginx.service	0	0.000000	0.000000	0.000000	0.000000	0	0.000000	0	0.000000	0.000000	0
194	2026-09-25T01:31:41.444526854Z	194011	mysql.service	1	0.988122	0.494061	0.591694	0.396528	2040492032	53.001395	2573426688	0.000000	0.000000	63
195	2026-09-25T01:31:42.444149006Z	195010	isuconquest.go.service	1	1.319699	0.659849	1.026988	0.292611	826548224	21.469434	1082527744	0.000000	0.000000	8
195	2026-09-25T01:31:42.444149006Z	195010	nginx.service	0	0.000000	0.000000	0.000000	0.000000	0	0.000000	0	0.000000	0.000000	0
195	2026-09-25T01:31:42.444149006Z	195010	mysql.service	1	1.100616	0.550308	1.100616	0.000000	2040492032	53.001395	2573426688	0.000000	0.000000	63
196	2026-09-25T01:31:43.44372556Z	196010	isuconquest.go.service	1	1.232822	0.616411	1.114072	0.118850	826544128	21.469327	1082527744	0.000000	0.000000	8
196	2026-09-25T01:31:43.44372556Z	196010	nginx.service	0	0.000000	0.000000	0.000000	0.000000	0	0.000000	0	0.000000	0.000000	0
196	2026-09-25T01:31:43.44372556Z	196010	mysql.service	1	0.963508	0.481754	0.963508	0.000000	2040492032	53.001395	2573426688	0.000000	0.000000	63
197	2026-09-25T01:31:44.444562044Z	197011	isuconquest.go.service	1	1.293418	0.646709	0.876966	0.416352	826544128	21.469327	1082527744	0.000000	0.000000	8
197	2026-09-25T01:31:44.444562044Z	197011	nginx.service	0	0.000000	0.000000	0.000000	0.000000	0	0.000000	0	0.000000	0.000000	0
197	2026-09-25T01:31:44.444562044Z	197011	mysql.service	1	1.046325	0.523162	1.046325	0.000000	2040492032	53.001395	2573426688	0.000000	0.000000	63
198	2026-09-25T01:31:45.444622053Z	198011	isuconquest.go.service	1	1.397216	0.698608	0.676559	0.720757	826544128	21.469327	1082527744	0.000000	0.000000	8
198	2026-09-25T01:31:45.444622053Z	198011	nginx.service	0	0.000000	0.000000	0.000000	0.000000	0	0.000000	0	0.000000	0.000000	0
198	2026-09-25T01:31:45.444622053Z	198011	mysql.service	1	1.109633	0.554817	0.820351	0.289183	2040487936	53.001288	2573426688	0.000000	0.000000	63
199	2026-09-25T01:31:46.44423981Z	199010	isuconquest.go.service	1	1.207862	0.603931	0.803507	0.404355	826675200	21.472732	1082527744	0.000000	0.000000	8
199	2026-09-25T01:31:46.44423981Z	199010	nginx.service	0	0.000000	0.000000	0.000000	0.000000	0	0.000000	0	0.000000	0.000000	0
199	2026-09-25T01:31:46.44423981Z	199010	mysql.service	1	1.077512	0.538756	1.077512	0.000000	2040492032	53.001395	2573426688	0.000000	0.000000	63
200	2026-09-25T01:31:47.443836906Z	200010	isuconquest.go.service	1	1.361849	0.680924	0.820531	0.541218	826548224	21.469434	1082527744	0.000000	0.000000	8
200	2026-09-25T01:31:47.443836906Z	200010	nginx.service	0	0.000000	0.000000	0.000000	0.000000	0	0.000000	0	0.000000	0.000000	0
200	2026-09-25T01:31:47.443836906Z	200010	mysql.service	1	1.117350	0.558675	0.784216	0.333234	2040492032	53.001395	2573426688	0.000000	0.000000	63
201	2026-09-25T01:31:48.444494367Z	201011	isuconquest.go.service	1	1.231191	0.615595	1.054607	0.176584	826548224	21.469434	1082527744	0.000000	0.000000	8
201	2026-09-25T01:31:48.444494367Z	201011	nginx.service	0	0.000000	0.000000	0.000000	0.000000	0	0.000000	0	0.000000	0.000000	0
201	2026-09-25T01:31:48.444494367Z	201011	mysql.service	1	1.154541	0.577270	1.154441	0.000000	2040492032	53.001395	2573426688	0.000000	0.000000	63
202	2026-09-25T01:31:49.444100782Z	202010	isuconquest.go.service	1	1.192469	0.596235	1.021502	0.171067	826544128	21.469327	1082527744	0.000000	0.000000	8
202	2026-09-25T01:31:49.444100782Z	202010	nginx.service	0	0.000000	0.000000	0.000000	0.000000	0	0.000000	0	0.000000	0.000000	0
202	2026-09-25T01:31:49.444100782Z	202010	mysql.service	1	1.046412	0.523206	0.712180	0.334232	2040492032	53.001395	2573426688	0.000000	0.000000	63
203	2026-09-25T01:31:50.443836391Z	203010	isuconquest.go.service	1	1.138301	0.569150	0.743497	0.394704	826548224	21.469434	1082527744	0.000000	0.000000	8
203	2026-09-25T01:31:50.443836391Z	203010	nginx.service	0	0.000000	0.000000	0.000000	0.000000	0	0.000000	0	0.000000	0.000000	0
203	2026-09-25T01:31:50.443836391Z	203010	mysql.service	1	0.997064	0.498532	0.997064	0.000000	2040492032	53.001395	2573426688	0.000000	0.000000	63
204	2026-09-25T01:31:51.444685961Z	204011	isuconquest.go.service	1	1.227058	0.613529	1.109258	0.117800	826548224	21.469434	1082527744	0.000000	0.000000	8
204	2026-09-25T01:31:51.444685961Z	204011	nginx.service	0	0.000000	0.000000	0.000000	0.000000	0	0.000000	0	0.000000	0.000000	0
204	2026-09-25T01:31:51.444685961Z	204011	mysql.service	1	1.002249	0.501124	1.002348	0.000000	2040492032	53.001395	2573426688	0.000000	0.000000	63
205	2026-09-25T01:31:52.443784407Z	205010	isuconquest.go.service	1	1.260136	0.630068	0.906317	0.353819	826544128	21.469327	1082527744	0.000000	0.000000	8
205	2026-09-25T01:31:52.443784407Z	205010	nginx.service	0	0.000000	0.000000	0.000000	0.000000	0	0.000000	0	0.000000	0.000000	0
205	2026-09-25T01:31:52.443784407Z	205010	mysql.service	1	1.103094	0.551547	0.803324	0.299770	2040492032	53.001395	2573426688	0.000000	0.000000	63
206	2026-09-25T01:31:53.444346542Z	206011	isuconquest.go.service	1	1.350141	0.675071	1.041814	0.308327	826675200	21.472732	1082527744	0.000000	0.000000	8
206	2026-09-25T01:31:53.444346542Z	206011	nginx.service	0	0.000000	0.000000	0.000000	0.000000	0	0.000000	0	0.000000	0.000000	0
206	2026-09-25T01:31:53.444346542Z	206011	mysql.service	1	0.934475	0.467237	0.875108	0.059267	2040492032	53.001395	2573426688	0.000000	0.000000	63
207	2026-09-25T01:31:54.443782168Z	207010	isuconquest.go.service	1	1.221189	0.610595	1.162556	0.058733	826548224	21.469434	1082527744	0.000000	0.000000	8
207	2026-09-25T01:31:54.443782168Z	207010	nginx.service	0	0.000000	0.000000	0.000000	0.000000	0	0.000000	0	0.000000	0.000000	0
207	2026-09-25T01:31:54.443782168Z	207010	mysql.service	1	1.043789	0.521895	0.031218	1.012571	2040492032	53.001395	2573426688	0.000000	0.000000	63
208	2026-09-25T01:31:55.443782094Z	208010	isuconquest.go.service	1	1.167200	0.583600	0.999800	0.167400	826548224	21.469434	1082527744	0.000000	0.000000	8
208	2026-09-25T01:31:55.443782094Z	208010	nginx.service	0	0.000000	0.000000	0.000000	0.000000	0	0.000000	0	0.000000	0.000000	0
208	2026-09-25T01:31:55.443782094Z	208010	mysql.service	1	1.057500	0.528750	0.716100	0.341400	2040492032	53.001395	2573426688	0.000000	0.000000	63
209	2026-09-25T01:31:56.443782967Z	209010	isuconquest.go.service	1	1.179199	0.589599	1.179099	0.000000	826544128	21.469327	1082527744	0.000000	0.000000	8
209	2026-09-25T01:31:56.443782967Z	209010	nginx.service	0	0.000000	0.000000	0.000000	0.000000	0	0.000000	0	0.000000	0.000000	0
209	2026-09-25T01:31:56.443782967Z	209010	mysql.service	1	1.102599	0.551300	1.102599	0.000000	2040492032	53.001395	2573426688	0.000000	0.000000	63
210	2026-09-25T01:31:57.443782235Z	210010	isuconquest.go.service	1	1.379401	0.689701	0.839501	0.539900	826544128	21.469327	1082527744	0.000000	0.000000	8
210	2026-09-25T01:31:57.443782235Z	210010	nginx.service	0	0.000000	0.000000	0.000000	0.000000	0	0.000000	0	0.000000	0.000000	0
210	2026-09-25T01:31:57.443782235Z	210010	mysql.service	1	1.058101	0.529050	0.909301	0.148800	2040492032	53.001395	2573426688	0.000000	0.000000	63
211	2026-09-25T01:31:58.44378337Z	211010	isuconquest.go.service	1	1.184599	0.592299	0.841799	0.342800	826544128	21.469327	1082527744	0.000000	0.000000	8
211	2026-09-25T01:31:58.44378337Z	211010	nginx.service	0	0.000000	0.000000	0.000000	0.000000	0	0.000000	0	0.000000	0.000000	0
211	2026-09-25T01:31:58.44378337Z	211010	mysql.service	1	1.079499	0.539749	1.079599	0.000000	2040492032	53.001395	2573426688	0.000000	0.000000	63
212	2026-09-25T01:31:59.443792511Z	212010	isuconquest.go.service	1	1.342788	0.671394	0.860892	0.481996	826544128	21.469327	1082527744	0.000000	0.000000	8
212	2026-09-25T01:31:59.443792511Z	212010	nginx.service	0	0.000000	0.000000	0.000000	0.000000	0	0.000000	0	0.000000	0.000000	0
212	2026-09-25T01:31:59.443792511Z	212010	mysql.service	1	1.046290	0.523145	0.720393	0.325797	2040487936	53.001288	2573426688	0.000000	0.000000	63
213	2026-09-25T01:32:00.444407739Z	213011	isuconquest.go.service	1	1.196464	0.598232	1.196464	0.000000	826548224	21.469434	1082527744	0.000000	0.000000	8
213	2026-09-25T01:32:00.444407739Z	213011	nginx.service	0	0.000000	0.000000	0.000000	0.000000	0	0.000000	0	0.000000	0.000000	0
213	2026-09-25T01:32:00.444407739Z	213011	mysql.service	1	1.035863	0.517931	1.035963	0.000000	2040492032	53.001395	2573426688	0.000000	0.000000	63
214	2026-09-25T01:32:01.443933048Z	214010	isuconquest.go.service	1	1.167654	0.583827	0.365874	0.801681	826548224	21.469434	1082527744	0.000000	0.000000	8
214	2026-09-25T01:32:01.443933048Z	214010	nginx.service	0	0.000000	0.000000	0.000000	0.000000	0	0.000000	0	0.000000	0.000000	0
214	2026-09-25T01:32:01.443933048Z	214010	mysql.service	1	1.028088	0.514044	1.028088	0.000000	2040492032	53.001395	2573426688	0.000000	0.000000	63
215	2026-09-25T01:32:02.444549421Z	215011	isuconquest.go.service	1	1.260023	0.630012	1.079135	0.180889	826544128	21.469327	1082527744	0.000000	0.000000	8
215	2026-09-25T01:32:02.444549421Z	215011	nginx.service	0	0.000000	0.000000	0.000000	0.000000	0	0.000000	0	0.000000	0.000000	0
215	2026-09-25T01:32:02.444549421Z	215011	mysql.service	1	1.090928	0.545464	1.090928	0.000000	2040492032	53.001395	2573426688	0.000000	0.000000	63
216	2026-09-25T01:32:03.444143963Z	216010	isuconquest.go.service	1	1.408771	0.704386	1.323136	0.085635	826544128	21.469327	1082527744	0.000000	0.000000	8
216	2026-09-25T01:32:03.444143963Z	216010	nginx.service	0	0.000000	0.000000	0.000000	0.000000	0	0.000000	0	0.000000	0.000000	0
216	2026-09-25T01:32:03.444143963Z	216010	mysql.service	1	1.062831	0.531415	1.062731	0.000000	2040492032	53.001395	2573426688	0.000000	0.000000	63
217	2026-09-25T01:32:04.443782177Z	217010	isuconquest.go.service	1	1.224343	0.612171	1.106900	0.117543	826552320	21.469540	1082527744	0.000000	0.000000	8
217	2026-09-25T01:32:04.443782177Z	217010	nginx.service	0	0.000000	0.000000	0.000000	0.000000	0	0.000000	0	0.000000	0.000000	0
217	2026-09-25T01:32:04.443782177Z	217010	mysql.service	1	0.982455	0.491228	0.982455	0.000000	2040492032	53.001395	2573426688	0.000000	0.000000	63
218	2026-09-25T01:32:05.443782249Z	218010	isuconquest.go.service	1	1.323800	0.661900	1.192000	0.131800	826544128	21.469327	1082527744	0.000000	0.000000	8
218	2026-09-25T01:32:05.443782249Z	218010	nginx.service	0	0.000000	0.000000	0.000000	0.000000	0	0.000000	0	0.000000	0.000000	0
218	2026-09-25T01:32:05.443782249Z	218010	mysql.service	1	0.998400	0.499200	0.939700	0.058800	2040492032	53.001395	2573426688	0.000000	0.000000	63
219	2026-09-25T01:32:06.443782596Z	219010	isuconquest.go.service	1	1.158100	0.579050	0.702500	0.455500	826675200	21.472732	1082527744	0.000000	0.000000	8
219	2026-09-25T01:32:06.443782596Z	219010	nginx.service	0	0.000000	0.000000	0.000000	0.000000	0	0.000000	0	0.000000	0.000000	0
219	2026-09-25T01:32:06.443782596Z	219010	mysql.service	1	0.933300	0.466650	0.560600	0.372600	2040492032	53.001395	2573426688	0.000000	0.000000	63
220	2026-09-25T01:32:07.443782319Z	220010	isuconquest.go.service	1	1.225200	0.612600	1.049300	0.175900	826548224	21.469434	1082527744	0.000000	0.000000	8
220	2026-09-25T01:32:07.443782319Z	220010	nginx.service	0	0.000000	0.000000	0.000000	0.000000	0	0.000000	0	0.000000	0.000000	0
220	2026-09-25T01:32:07.443782319Z	220010	mysql.service	1	1.042900	0.521450	1.042900	0.000000	2040492032	53.001395	2573426688	0.000000	0.000000	63
221	2026-09-25T01:32:08.444120426Z	221010	isuconquest.go.service	1	1.228685	0.614342	0.473840	0.754845	826552320	21.469540	1082527744	0.000000	0.000000	8
221	2026-09-25T01:32:08.444120426Z	221010	nginx.service	0	0.000000	0.000000	0.000000	0.000000	0	0.000000	0	0.000000	0.000000	0
221	2026-09-25T01:32:08.444120426Z	221010	mysql.service	1	1.097729	0.548864	1.097829	0.000000	2040492032	53.001395	2573426688	0.000000	0.000000	63
222	2026-09-25T01:32:09.443785639Z	222010	isuconquest.go.service	1	1.110972	0.555486	1.110972	0.000000	826548224	21.469434	1082527744	0.000000	0.000000	8
222	2026-09-25T01:32:09.443785639Z	222010	nginx.service	0	0.000000	0.000000	0.000000	0.000000	0	0.000000	0	0.000000	0.000000	0
222	2026-09-25T01:32:09.443785639Z	222010	mysql.service	1	1.084863	0.542432	1.084763	0.000000	2040492032	53.001395	2573426688	0.000000	0.000000	63
223	2026-09-25T01:32:10.444377301Z	223011	isuconquest.go.service	1	1.208885	0.604442	1.050379	0.158606	826675200	21.472732	1082527744	0.000000	0.000000	8
223	2026-09-25T01:32:10.444377301Z	223011	nginx.service	0	0.000000	0.000000	0.000000	0.000000	0	0.000000	0	0.000000	0.000000	0
223	2026-09-25T01:32:10.444377301Z	223011	mysql.service	1	1.064370	0.532185	1.064370	0.000000	2040492032	53.001395	2573426688	0.000000	0.000000	63
224	2026-09-25T01:32:11.443999009Z	224010	isuconquest.go.service	1	1.259476	0.629738	0.964065	0.295412	826548224	21.469434	1082527744	0.000000	0.000000	8
224	2026-09-25T01:32:11.443999009Z	224010	nginx.service	0	0.000000	0.000000	0.000000	0.000000	0	0.000000	0	0.000000	0.000000	0
224	2026-09-25T01:32:11.443999009Z	224010	mysql.service	1	1.067104	0.533552	0.069026	0.998078	2040492032	53.001395	2573426688	0.000000	0.000000	63
225	2026-09-25T01:32:12.444575321Z	225011	isuconquest.go.service	1	1.190214	0.595107	1.190214	0.000000	826544128	21.469327	1082527744	0.000000	0.000000	8
225	2026-09-25T01:32:12.444575321Z	225011	nginx.service	0	0.000000	0.000000	0.000000	0.000000	0	0.000000	0	0.000000	0.000000	0
225	2026-09-25T01:32:12.444575321Z	225011	mysql.service	1	1.079778	0.539889	1.079878	0.000000	2040492032	53.001395	2573426688	0.000000	0.000000	63
226	2026-09-25T01:32:13.44419874Z	226010	isuconquest.go.service	1	1.385422	0.692711	1.385422	0.000000	826679296	21.472838	1082527744	0.000000	0.000000	8
226	2026-09-25T01:32:13.44419874Z	226010	nginx.service	0	0.000000	0.000000	0.000000	0.000000	0	0.000000	0	0.000000	0.000000	0
226	2026-09-25T01:32:13.44419874Z	226010	mysql.service	1	1.107117	0.553558	1.107117	0.000000	2040492032	53.001395	2573426688	0.000000	0.000000	63
227	2026-09-25T01:32:14.443831335Z	227010	isuconquest.go.service	1	1.187536	0.593768	1.055088	0.132349	826544128	21.469327	1082527744	0.000000	0.000000	8
227	2026-09-25T01:32:14.443831335Z	227010	nginx.service	0	0.000000	0.000000	0.000000	0.000000	0	0.000000	0	0.000000	0.000000	0
227	2026-09-25T01:32:14.443831335Z	227010	mysql.service	1	1.097703	0.548852	1.097603	0.000000	2040492032	53.001395	2573426688	0.000000	0.000000	63
228	2026-09-25T01:32:15.444488188Z	228011	isuconquest.go.service	1	1.228793	0.614396	1.227094	0.001699	826675200	21.472732	1082527744	0.000000	0.000000	8
228	2026-09-25T01:32:15.444488188Z	228011	nginx.service	0	0.000000	0.000000	0.000000	0.000000	0	0.000000	0	0.000000	0.000000	0
228	2026-09-25T01:32:15.444488188Z	228011	mysql.service	1	1.045014	0.522507	0.969463	0.075550	2040492032	53.001395	2573426688	0.000000	0.000000	63
229	2026-09-25T01:32:16.44410926Z	229010	isuconquest.go.service	1	1.272482	0.636241	0.163262	1.109320	826544128	21.469327	1082527744	0.000000	0.000000	8
229	2026-09-25T01:32:16.44410926Z	229010	nginx.service	0	0.000000	0.000000	0.000000	0.000000	0	0.000000	0	0.000000	0.000000	0
229	2026-09-25T01:32:16.44410926Z	229010	mysql.service	1	1.119424	0.559712	0.816109	0.303315	2040492032	53.001395	2573426688	0.000000	0.000000	63
230	2026-09-25T01:32:17.44471059Z	230011	isuconquest.go.service	1	1.345591	0.672795	1.268737	0.076754	826548224	21.469434	1082527744	0.000000	0.000000	8
230	2026-09-25T01:32:17.44471059Z	230011	nginx.service	0	0.000000	0.000000	0.000000	0.000000	0	0.000000	0	0.000000	0.000000	0
230	2026-09-25T01:32:17.44471059Z	230011	mysql.service	1	1.046071	0.523035	0.304817	0.741254	2040492032	53.001395	2573426688	0.000000	0.000000	63
231	2026-09-25T01:32:18.444320589Z	231011	isuconquest.go.service	1	1.282000	0.641000	0.750093	0.531907	826548224	21.469434	1082527744	0.000000	0.000000	8
231	2026-09-25T01:32:18.444320589Z	231011	nginx.service	0	0.000000	0.000000	0.000000	0.000000	0	0.000000	0	0.000000	0.000000	0
231	2026-09-25T01:32:18.444320589Z	231011	mysql.service	1	1.158752	0.579376	1.158852	0.000000	2040492032	53.001395	2573426688	0.000000	0.000000	63
232	2026-09-25T01:32:19.443785269Z	232010	isuconquest.go.service	1	1.162522	0.581261	1.112195	0.050327	826675200	21.472732	1082527744	0.000000	0.000000	8
232	2026-09-25T01:32:19.443785269Z	232010	nginx.service	0	0.000000	0.000000	0.000000	0.000000	0	0.000000	0	0.000000	0.000000	0
232	2026-09-25T01:32:19.443785269Z	232010	mysql.service	1	1.074275	0.537138	0.736794	0.337481	2040492032	53.001395	2573426688	0.000000	0.000000	63
233	2026-09-25T01:32:20.444428197Z	233011	isuconquest.go.service	1	1.145663	0.572832	1.097694	0.048069	826544128	21.469327	1082527744	0.000000	0.000000	8
233	2026-09-25T01:32:20.444428197Z	233011	nginx.service	0	0.000000	0.000000	0.000000	0.000000	0	0.000000	0	0.000000	0.000000	0
233	2026-09-25T01:32:20.444428197Z	233011	mysql.service	1	1.068913	0.534456	1.068913	0.000000	2040492032	53.001395	2573426688	0.000000	0.000000	63
234	2026-09-25T01:32:21.443984041Z	234010	isuconquest.go.service	1	1.223844	0.611922	0.527534	0.696309	826544128	21.469327	1082527744	0.000000	0.000000	8
234	2026-09-25T01:32:21.443984041Z	234010	nginx.service	0	0.000000	0.000000	0.000000	0.000000	0	0.000000	0	0.000000	0.000000	0
234	2026-09-25T01:32:21.443984041Z	234010	mysql.service	1	1.100689	0.550344	1.100689	0.000000	2040492032	53.001395	2573426688	0.000000	0.000000	63
235	2026-09-25T01:32:22.4437405Z	235010	isuconquest.go.service	1	37.446220	18.723110	36.270333	1.175786	752676864	19.550639	1082527744	0.000000	0.000000	8
235	2026-09-25T01:32:22.4437405Z	235010	nginx.service	0	0.000000	0.000000	0.000000	0.000000	0	0.000000	0	0.000000	0.000000	0
235	2026-09-25T01:32:22.4437405Z	235010	mysql.service	1	1.223798	0.611899	1.223798	0.000000	2040487936	53.001288	2573426688	0.000000	0.000000	63
236	2026-09-25T01:32:23.444586461Z	236011	isuconquest.go.service	1	1.319284	0.659642	0.493483	0.825901	746778624	19.397434	1082527744	0.000000	0.000000	8
236	2026-09-25T01:32:23.444586461Z	236011	nginx.service	0	0.000000	0.000000	0.000000	0.000000	0	0.000000	0	0.000000	0.000000	0
236	2026-09-25T01:32:23.444586461Z	236011	mysql.service	1	1.082784	0.541392	0.900838	0.181946	2040492032	53.001395	2573426688	0.000000	0.000000	63
237	2026-09-25T01:32:24.4438947Z	237010	isuconquest.go.service	1	1.302101	0.651050	0.941651	0.360449	743575552	19.314234	1082527744	0.000000	0.000000	8
237	2026-09-25T01:32:24.4438947Z	237010	nginx.service	0	0.000000	0.000000	0.000000	0.000000	0	0.000000	0	0.000000	0.000000	0
237	2026-09-25T01:32:24.4438947Z	237010	mysql.service	1	1.117073	0.558536	1.116973	0.000000	2040487936	53.001288	2573426688	0.000000	0.000000	63
238	2026-09-25T01:32:25.4437865Z	238010	isuconquest.go.service	1	1.304841	0.652421	0.828190	0.476552	743579648	19.314341	1082527744	0.000000	0.000000	8
238	2026-09-25T01:32:25.4437865Z	238010	nginx.service	0	0.000000	0.000000	0.000000	0.000000	0	0.000000	0	0.000000	0.000000	0
238	2026-09-25T01:32:25.4437865Z	238010	mysql.service	1	1.038212	0.519106	1.038312	0.000000	2040492032	53.001395	2573426688	0.000000	0.000000	63
239	2026-09-25T01:32:26.444374269Z	239011	isuconquest.go.service	1	1.248166	0.624083	0.838007	0.410159	743575552	19.314234	1082527744	0.000000	0.000000	8
239	2026-09-25T01:32:26.444374269Z	239011	nginx.service	0	0.000000	0.000000	0.000000	0.000000	0	0.000000	0	0.000000	0.000000	0
239	2026-09-25T01:32:26.444374269Z	239011	mysql.service	1	1.052981	0.526491	0.787237	0.265744	2040492032	53.001395	2573426688	0.000000	0.000000	63
240	2026-09-25T01:32:27.443970219Z	240010	isuconquest.go.service	1	1.194583	0.597291	1.023313	0.171369	743575552	19.314234	1082527744	0.000000	0.000000	8
240	2026-09-25T01:32:27.443970219Z	240010	nginx.service	0	0.000000	0.000000	0.000000	0.000000	0	0.000000	0	0.000000	0.000000	0
240	2026-09-25T01:32:27.443970219Z	240010	mysql.service	1	1.075034	0.537517	0.418069	0.656965	2040492032	53.001395	2573426688	0.000000	0.000000	63
241	2026-09-25T01:32:28.444581282Z	241011	isuconquest.go.service	1	3.321171	1.660585	2.904625	0.416545	743915520	19.323065	1082527744	327479.889156	0.000000	8
241	2026-09-25T01:32:28.444581282Z	241011	nginx.service	0	0.000000	0.000000	0.000000	0.000000	0	0.000000	0	0.000000	0.000000	0
241	2026-09-25T01:32:28.444581282Z	241011	mysql.service	1	1.140203	0.570102	0.834790	0.305413	2040492032	53.001395	2573426688	0.000000	0.000000	63
