2026-09-23T16:06:48.294613801Z	BENCHMARK_START
[ADMIN] 16:06:48.969094 benchmarker --target-host=172.31.45.101 --request-timeout=10s --initialize-request-timeout=1m0s --exit-error-on-fail=true --stage=prod --max-parallelism=100 --prepare-only=false
16:07:22.965820 [ValidationScenario] 整合性チェックを開始します
[ADMIN] 16:07:22.965807 [LANGUAGE] go
16:07:23.360263 整合性チェック Request:POST /login (日跨ぎ前）
16:07:23.379767 整合性チェック Request:POST /login (日跨ぎ後）
16:07:23.391638 整合性チェック Request:POST /admin/login 失敗の場合
16:07:23.455743 整合性チェック Request:POST /admin/login
16:07:23.518124 整合性チェック Request:GET /admin/user/{userID}
16:07:23.525717 整合性チェック Request:POST /login 失敗の場合
16:07:23.526956 整合性チェック Request:POST /user
16:07:23.544908 整合性チェック Request:POST /login
16:07:23.556627 整合性チェック Request:GET /user/{userId}/home セッション無効の場合
16:07:23.558007 整合性チェック Request:GET /user/{userId}/home
16:07:23.559802 整合性チェック Request:GET /user/{userId}/home 他人のホーム表示の場合
16:07:23.561074 整合性チェック Request:POST /user/{userId}/reward
16:07:23.563345 整合性チェック Request:POST /user/{userId}/card
16:07:23.567200 整合性チェック Request:GET /user/{userId}/item
16:07:23.570119 整合性チェック Request:POST /user/{userId}/addexp/{cardId}
16:07:23.574534 整合性チェック Request:GET /user/{userId}/present/index/:n
16:07:23.580528 整合性チェック Request:POST /user/{userId}/present/receive
16:07:23.624107 整合性チェック Request:GET /user/{userId}/gacha/index
16:07:23.628019 整合性チェック Request:POST /user/{userId}/gacha/draw/{gachaID}/10
16:07:23.633338 整合性チェック Request:GET /admin/master
16:07:23.641976 整合性チェック Request:POST /admin/user/{userID}/ban
16:07:23.643071 整合性チェック Request:POST /login Banの場合
16:07:23.644775 [ValidationScenario] 整合性チェックを終了します
16:07:23.644781 整合性チェックに成功しました！
16:07:23.644783 初期化処理が成功しました！
16:07:23.644799 アプリケーションへの負荷走行を開始します
[ADMIN] 16:07:23.644856 シナリオ走行を開始しました [シナリオ名: Banユーザログイン]
[ADMIN] 16:07:23.644865 シナリオ走行を開始しました [シナリオ名: 新規ユーザー登録]
[ADMIN] 16:07:23.644937 シナリオ走行を開始しました [シナリオ名: ログイン]
[ADMIN] 16:07:23.684047 シナリオ走行を終了しました [シナリオ名: ログイン]
[ADMIN] 16:07:23.684061 シナリオ走行を開始しました [シナリオ名: ログイン]
[ADMIN] 16:07:23.721044 シナリオ走行を終了しました [シナリオ名: 新規ユーザー登録]
[ADMIN] 16:07:23.721094 シナリオ走行を開始しました [シナリオ名: 新規ユーザー登録]
[ADMIN] 16:07:23.726492 シナリオ走行を終了しました [シナリオ名: ログイン]
[ADMIN] 16:07:23.726504 シナリオ走行を開始しました [シナリオ名: ログイン]
[ADMIN] 16:07:23.768556 シナリオ走行を終了しました [シナリオ名: ログイン]
[ADMIN] 16:07:23.768569 シナリオ走行を開始しました [シナリオ名: ログイン]
[ADMIN] 16:07:23.792281 シナリオ走行を終了しました [シナリオ名: 新規ユーザー登録]
[ADMIN] 16:07:23.792307 シナリオ走行を開始しました [シナリオ名: 新規ユーザー登録]
[ADMIN] 16:07:23.829883 シナリオ走行を終了しました [シナリオ名: ログイン]
[ADMIN] 16:07:23.829895 シナリオ走行を開始しました [シナリオ名: ログイン]
[ADMIN] 16:07:23.862451 シナリオ走行を終了しました [シナリオ名: 新規ユーザー登録]
[ADMIN] 16:07:23.862472 シナリオ走行を開始しました [シナリオ名: 新規ユーザー登録]
[ADMIN] 16:07:23.875747 シナリオ走行を終了しました [シナリオ名: ログイン]
[ADMIN] 16:07:23.875756 シナリオ走行を開始しました [シナリオ名: ログイン]
[ADMIN] 16:07:23.932291 シナリオ走行を終了しました [シナリオ名: 新規ユーザー登録]
[ADMIN] 16:07:23.932311 シナリオ走行を開始しました [シナリオ名: 新規ユーザー登録]
[ADMIN] 16:07:23.937768 シナリオ走行を終了しました [シナリオ名: ログイン]
[ADMIN] 16:07:23.937778 シナリオ走行を開始しました [シナリオ名: ログイン]
[ADMIN] 16:07:24.005252 シナリオ走行を終了しました [シナリオ名: ログイン]
[ADMIN] 16:07:24.005264 シナリオ走行を開始しました [シナリオ名: ログイン]
[ADMIN] 16:07:24.005415 シナリオ走行を終了しました [シナリオ名: 新規ユーザー登録]
[ADMIN] 16:07:24.005438 シナリオ走行を開始しました [シナリオ名: 新規ユーザー登録]
[ADMIN] 16:07:24.046143 シナリオ走行を終了しました [シナリオ名: ログイン]
[ADMIN] 16:07:24.046159 シナリオ走行を開始しました [シナリオ名: ログイン]
[ADMIN] 16:07:24.075381 シナリオ走行を終了しました [シナリオ名: 新規ユーザー登録]
[ADMIN] 16:07:24.075404 シナリオ走行を開始しました [シナリオ名: 新規ユーザー登録]
[ADMIN] 16:07:24.086665 シナリオ走行を終了しました [シナリオ名: ログイン]
[ADMIN] 16:07:24.086675 シナリオ走行を開始しました [シナリオ名: ログイン]
[ADMIN] 16:07:24.147346 シナリオ走行を終了しました [シナリオ名: Banユーザログイン]
[ADMIN] 16:07:24.147363 シナリオ走行を開始しました [シナリオ名: Banユーザログイン]
[ADMIN] 16:07:24.149359 シナリオ走行を終了しました [シナリオ名: 新規ユーザー登録]
[ADMIN] 16:07:24.149402 シナリオ走行を開始しました [シナリオ名: 新規ユーザー登録]
[ADMIN] 16:07:24.154105 シナリオ走行を終了しました [シナリオ名: ログイン]
[ADMIN] 16:07:24.154115 シナリオ走行を開始しました [シナリオ名: ログイン]
[ADMIN] 16:07:24.219447 シナリオ走行を終了しました [シナリオ名: 新規ユーザー登録]
[ADMIN] 16:07:24.219475 シナリオ走行を開始しました [シナリオ名: 新規ユーザー登録]
[ADMIN] 16:07:24.222333 シナリオ走行を終了しました [シナリオ名: ログイン]
[ADMIN] 16:07:24.222343 シナリオ走行を開始しました [シナリオ名: ログイン]
[ADMIN] 16:07:24.294281 シナリオ走行を終了しました [シナリオ名: ログイン]
[ADMIN] 16:07:24.294294 シナリオ走行を開始しました [シナリオ名: ログイン]
[ADMIN] 16:07:24.294482 シナリオ走行を終了しました [シナリオ名: 新規ユーザー登録]
[ADMIN] 16:07:24.294506 シナリオ走行を開始しました [シナリオ名: 新規ユーザー登録]
[ADMIN] 16:07:24.369929 シナリオ走行を終了しました [シナリオ名: ログイン]
[ADMIN] 16:07:24.369944 シナリオ走行を開始しました [シナリオ名: ログイン]
[ADMIN] 16:07:24.371500 シナリオ走行を終了しました [シナリオ名: 新規ユーザー登録]
[ADMIN] 16:07:24.371524 シナリオ走行を開始しました [シナリオ名: 新規ユーザー登録]
[ADMIN] 16:07:24.414335 シナリオ走行を終了しました [シナリオ名: ログイン]
[ADMIN] 16:07:24.414349 シナリオ走行を開始しました [シナリオ名: ログイン]
[ADMIN] 16:07:24.460542 シナリオ走行を終了しました [シナリオ名: ログイン]
[ADMIN] 16:07:24.460556 シナリオ走行を開始しました [シナリオ名: ログイン]
[ADMIN] 16:07:24.463451 シナリオ走行を終了しました [シナリオ名: 新規ユーザー登録]
[ADMIN] 16:07:24.463502 シナリオ走行を開始しました [シナリオ名: 新規ユーザー登録]
[ADMIN] 16:07:24.560725 シナリオ走行を終了しました [シナリオ名: 新規ユーザー登録]
[ADMIN] 16:07:24.560753 シナリオ走行を開始しました [シナリオ名: 新規ユーザー登録]
[ADMIN] 16:07:24.562349 シナリオ走行を終了しました [シナリオ名: ログイン]
[ADMIN] 16:07:24.562362 シナリオ走行を開始しました [シナリオ名: ログイン]
[ADMIN] 16:07:24.639321 シナリオ走行を終了しました [シナリオ名: ログイン]
[ADMIN] 16:07:24.639333 シナリオ走行を開始しました [シナリオ名: ログイン]
[ADMIN] 16:07:24.644534 シナリオ走行を終了しました [シナリオ名: 新規ユーザー登録]
[ADMIN] 16:07:24.644555 シナリオ走行を開始しました [シナリオ名: 新規ユーザー登録]
[ADMIN] 16:07:24.649993 シナリオ走行を終了しました [シナリオ名: Banユーザログイン]
[ADMIN] 16:07:24.650006 シナリオ走行を開始しました [シナリオ名: Banユーザログイン]
[ADMIN] 16:07:24.716704 シナリオ走行を終了しました [シナリオ名: ログイン]
[ADMIN] 16:07:24.716716 シナリオ走行を開始しました [シナリオ名: ログイン]
[ADMIN] 16:07:24.721739 シナリオ走行を終了しました [シナリオ名: 新規ユーザー登録]
[ADMIN] 16:07:24.721762 シナリオ走行を開始しました [シナリオ名: 新規ユーザー登録]
[ADMIN] 16:07:24.786990 シナリオ走行を終了しました [シナリオ名: ログイン]
[ADMIN] 16:07:24.787003 シナリオ走行を開始しました [シナリオ名: ログイン]
[ADMIN] 16:07:24.791022 シナリオ走行を終了しました [シナリオ名: 新規ユーザー登録]
[ADMIN] 16:07:24.791042 シナリオ走行を開始しました [シナリオ名: 新規ユーザー登録]
[ADMIN] 16:07:24.844591 シナリオ走行を終了しました [シナリオ名: ログイン]
[ADMIN] 16:07:24.844603 シナリオ走行を開始しました [シナリオ名: ログイン]
[ADMIN] 16:07:24.859383 シナリオ走行を終了しました [シナリオ名: 新規ユーザー登録]
[ADMIN] 16:07:24.859403 シナリオ走行を開始しました [シナリオ名: 新規ユーザー登録]
[ADMIN] 16:07:24.881737 シナリオ走行を終了しました [シナリオ名: ログイン]
[ADMIN] 16:07:24.881747 シナリオ走行を開始しました [シナリオ名: ログイン]
[ADMIN] 16:07:24.928237 シナリオ走行を終了しました [シナリオ名: 新規ユーザー登録]
[ADMIN] 16:07:24.928261 シナリオ走行を開始しました [シナリオ名: 新規ユーザー登録]
[ADMIN] 16:07:24.945926 シナリオ走行を終了しました [シナリオ名: ログイン]
[ADMIN] 16:07:24.945938 シナリオ走行を開始しました [シナリオ名: ログイン]
[ADMIN] 16:07:24.986945 シナリオ走行を終了しました [シナリオ名: ログイン]
[ADMIN] 16:07:24.986960 シナリオ走行を開始しました [シナリオ名: ログイン]
[ADMIN] 16:07:25.001165 シナリオ走行を終了しました [シナリオ名: 新規ユーザー登録]
[ADMIN] 16:07:25.001186 シナリオ走行を開始しました [シナリオ名: 新規ユーザー登録]
[ADMIN] 16:07:25.026712 シナリオ走行を終了しました [シナリオ名: ログイン]
[ADMIN] 16:07:25.026724 シナリオ走行を開始しました [シナリオ名: ログイン]
[ADMIN] 16:07:25.071225 シナリオ走行を終了しました [シナリオ名: 新規ユーザー登録]
[ADMIN] 16:07:25.071260 シナリオ走行を開始しました [シナリオ名: 新規ユーザー登録]
[ADMIN] 16:07:25.100627 シナリオ走行を終了しました [シナリオ名: ログイン]
[ADMIN] 16:07:25.100639 シナリオ走行を開始しました [シナリオ名: ログイン]
[ADMIN] 16:07:25.142116 シナリオ走行を終了しました [シナリオ名: 新規ユーザー登録]
[ADMIN] 16:07:25.142138 シナリオ走行を開始しました [シナリオ名: 新規ユーザー登録]
[ADMIN] 16:07:25.153582 シナリオ走行を終了しました [シナリオ名: Banユーザログイン]
[ADMIN] 16:07:25.153601 シナリオ走行を開始しました [シナリオ名: Banユーザログイン]
[ADMIN] 16:07:25.170812 シナリオ走行を終了しました [シナリオ名: ログイン]
[ADMIN] 16:07:25.170826 シナリオ走行を開始しました [シナリオ名: ログイン]
[ADMIN] 16:07:25.217617 シナリオ走行を終了しました [シナリオ名: 新規ユーザー登録]
[ADMIN] 16:07:25.217645 シナリオ走行を開始しました [シナリオ名: 新規ユーザー登録]
[ADMIN] 16:07:25.240177 シナリオ走行を終了しました [シナリオ名: ログイン]
[ADMIN] 16:07:25.240191 シナリオ走行を開始しました [シナリオ名: ログイン]
[ADMIN] 16:07:25.290229 シナリオ走行を終了しました [シナリオ名: 新規ユーザー登録]
[ADMIN] 16:07:25.290254 シナリオ走行を開始しました [シナリオ名: 新規ユーザー登録]
[ADMIN] 16:07:25.309655 シナリオ走行を終了しました [シナリオ名: ログイン]
[ADMIN] 16:07:25.309670 シナリオ走行を開始しました [シナリオ名: ログイン]
[ADMIN] 16:07:25.367631 シナリオ走行を終了しました [シナリオ名: 新規ユーザー登録]
[ADMIN] 16:07:25.367653 シナリオ走行を開始しました [シナリオ名: 新規ユーザー登録]
[ADMIN] 16:07:25.379055 シナリオ走行を終了しました [シナリオ名: ログイン]
[ADMIN] 16:07:25.379067 シナリオ走行を開始しました [シナリオ名: ログイン]
[ADMIN] 16:07:25.427706 シナリオ走行を終了しました [シナリオ名: ログイン]
[ADMIN] 16:07:25.427718 シナリオ走行を開始しました [シナリオ名: ログイン]
[ADMIN] 16:07:25.456562 シナリオ走行を終了しました [シナリオ名: 新規ユーザー登録]
[ADMIN] 16:07:25.456579 シナリオ走行を開始しました [シナリオ名: 新規ユーザー登録]
[ADMIN] 16:07:25.473180 シナリオ走行を終了しました [シナリオ名: ログイン]
[ADMIN] 16:07:25.473189 シナリオ走行を開始しました [シナリオ名: ログイン]
[ADMIN] 16:07:25.522674 シナリオ走行を終了しました [シナリオ名: ログイン]
[ADMIN] 16:07:25.522687 シナリオ走行を開始しました [シナリオ名: ログイン]
[ADMIN] 16:07:25.540297 シナリオ走行を終了しました [シナリオ名: 新規ユーザー登録]
[ADMIN] 16:07:25.540319 シナリオ走行を開始しました [シナリオ名: 新規ユーザー登録]
[ADMIN] 16:07:25.569260 シナリオ走行を終了しました [シナリオ名: ログイン]
[ADMIN] 16:07:25.569273 シナリオ走行を開始しました [シナリオ名: ログイン]
[ADMIN] 16:07:25.616417 シナリオ走行を終了しました [シナリオ名: ログイン]
[ADMIN] 16:07:25.616429 シナリオ走行を開始しました [シナリオ名: ログイン]
[ADMIN] 16:07:25.622139 シナリオ走行を終了しました [シナリオ名: 新規ユーザー登録]
[ADMIN] 16:07:25.622161 シナリオ走行を開始しました [シナリオ名: 新規ユーザー登録]
[ADMIN] 16:07:25.656545 シナリオ走行を終了しました [シナリオ名: Banユーザログイン]
[ADMIN] 16:07:25.656566 シナリオ走行を開始しました [シナリオ名: Banユーザログイン]
[ADMIN] 16:07:25.672099 シナリオ走行を終了しました [シナリオ名: ログイン]
[ADMIN] 16:07:25.672117 シナリオ走行を開始しました [シナリオ名: ログイン]
[ADMIN] 16:07:25.711384 シナリオ走行を終了しました [シナリオ名: 新規ユーザー登録]
[ADMIN] 16:07:25.711409 シナリオ走行を開始しました [シナリオ名: 新規ユーザー登録]
[ADMIN] 16:07:25.719458 シナリオ走行を終了しました [シナリオ名: ログイン]
[ADMIN] 16:07:25.719469 シナリオ走行を開始しました [シナリオ名: ログイン]
[ADMIN] 16:07:25.780758 シナリオ走行を終了しました [シナリオ名: 新規ユーザー登録]
[ADMIN] 16:07:25.780779 シナリオ走行を開始しました [シナリオ名: 新規ユーザー登録]
[ADMIN] 16:07:25.788385 シナリオ走行を終了しました [シナリオ名: ログイン]
[ADMIN] 16:07:25.788396 シナリオ走行を開始しました [シナリオ名: ログイン]
[ADMIN] 16:07:25.828934 シナリオ走行を終了しました [シナリオ名: ログイン]
[ADMIN] 16:07:25.828949 シナリオ走行を開始しました [シナリオ名: ログイン]
[ADMIN] 16:07:25.853511 シナリオ走行を終了しました [シナリオ名: 新規ユーザー登録]
[ADMIN] 16:07:25.853537 シナリオ走行を開始しました [シナリオ名: 新規ユーザー登録]
[ADMIN] 16:07:25.886918 シナリオ走行を終了しました [シナリオ名: ログイン]
[ADMIN] 16:07:25.886930 シナリオ走行を開始しました [シナリオ名: ログイン]
[ADMIN] 16:07:25.936698 シナリオ走行を終了しました [シナリオ名: ログイン]
[ADMIN] 16:07:25.936712 シナリオ走行を開始しました [シナリオ名: ログイン]
[ADMIN] 16:07:25.944060 シナリオ走行を終了しました [シナリオ名: 新規ユーザー登録]
[ADMIN] 16:07:25.944083 シナリオ走行を開始しました [シナリオ名: 新規ユーザー登録]
[ADMIN] 16:07:25.993074 シナリオ走行を終了しました [シナリオ名: ログイン]
[ADMIN] 16:07:25.993089 シナリオ走行を開始しました [シナリオ名: ログイン]
[ADMIN] 16:07:26.013368 シナリオ走行を終了しました [シナリオ名: 新規ユーザー登録]
[ADMIN] 16:07:26.013395 シナリオ走行を開始しました [シナリオ名: 新規ユーザー登録]
[ADMIN] 16:07:26.055593 シナリオ走行を終了しました [シナリオ名: ログイン]
[ADMIN] 16:07:26.055604 シナリオ走行を開始しました [シナリオ名: ログイン]
[ADMIN] 16:07:26.082494 シナリオ走行を終了しました [シナリオ名: 新規ユーザー登録]
[ADMIN] 16:07:26.082518 シナリオ走行を開始しました [シナリオ名: 新規ユーザー登録]
[ADMIN] 16:07:26.095537 シナリオ走行を終了しました [シナリオ名: ログイン]
[ADMIN] 16:07:26.095550 シナリオ走行を開始しました [シナリオ名: ログイン]
[ADMIN] 16:07:26.157043 シナリオ走行を終了しました [シナリオ名: ログイン]
[ADMIN] 16:07:26.157060 シナリオ走行を開始しました [シナリオ名: ログイン]
[ADMIN] 16:07:26.161128 シナリオ走行を終了しました [シナリオ名: Banユーザログイン]
[ADMIN] 16:07:26.161144 シナリオ走行を開始しました [シナリオ名: Banユーザログイン]
[ADMIN] 16:07:26.166660 シナリオ走行を終了しました [シナリオ名: 新規ユーザー登録]
[ADMIN] 16:07:26.166687 シナリオ走行を開始しました [シナリオ名: 新規ユーザー登録]
[ADMIN] 16:07:26.195710 シナリオ走行を終了しました [シナリオ名: ログイン]
[ADMIN] 16:07:26.195722 シナリオ走行を開始しました [シナリオ名: ログイン]
[ADMIN] 16:07:26.238260 シナリオ走行を終了しました [シナリオ名: 新規ユーザー登録]
[ADMIN] 16:07:26.238280 シナリオ走行を開始しました [シナリオ名: 新規ユーザー登録]
[ADMIN] 16:07:26.263508 シナリオ走行を終了しました [シナリオ名: ログイン]
[ADMIN] 16:07:26.263520 シナリオ走行を開始しました [シナリオ名: ログイン]
[ADMIN] 16:07:26.302952 シナリオ走行を終了しました [シナリオ名: ログイン]
[ADMIN] 16:07:26.302962 シナリオ走行を開始しました [シナリオ名: ログイン]
[ADMIN] 16:07:26.313610 シナリオ走行を終了しました [シナリオ名: 新規ユーザー登録]
[ADMIN] 16:07:26.313630 シナリオ走行を開始しました [シナリオ名: 新規ユーザー登録]
[ADMIN] 16:07:26.365531 シナリオ走行を終了しました [シナリオ名: ログイン]
[ADMIN] 16:07:26.365547 シナリオ走行を開始しました [シナリオ名: ログイン]
[ADMIN] 16:07:26.391580 シナリオ走行を終了しました [シナリオ名: 新規ユーザー登録]
[ADMIN] 16:07:26.391604 シナリオ走行を開始しました [シナリオ名: 新規ユーザー登録]
[ADMIN] 16:07:26.448976 シナリオ走行を終了しました [シナリオ名: ログイン]
[ADMIN] 16:07:26.448989 シナリオ走行を開始しました [シナリオ名: ログイン]
[ADMIN] 16:07:26.475711 シナリオ走行を終了しました [シナリオ名: 新規ユーザー登録]
[ADMIN] 16:07:26.475741 シナリオ走行を開始しました [シナリオ名: 新規ユーザー登録]
[ADMIN] 16:07:26.497776 シナリオ走行を終了しました [シナリオ名: ログイン]
[ADMIN] 16:07:26.497792 シナリオ走行を開始しました [シナリオ名: ログイン]
[ADMIN] 16:07:26.550586 シナリオ走行を終了しました [シナリオ名: ログイン]
[ADMIN] 16:07:26.550600 シナリオ走行を開始しました [シナリオ名: ログイン]
[ADMIN] 16:07:26.562537 シナリオ走行を終了しました [シナリオ名: 新規ユーザー登録]
[ADMIN] 16:07:26.562560 シナリオ走行を開始しました [シナリオ名: 新規ユーザー登録]
[ADMIN] 16:07:26.594251 シナリオ走行を終了しました [シナリオ名: ログイン]
[ADMIN] 16:07:26.594265 シナリオ走行を開始しました [シナリオ名: ログイン]
[ADMIN] 16:07:26.640310 シナリオ走行を終了しました [シナリオ名: ログイン]
[ADMIN] 16:07:26.640325 シナリオ走行を開始しました [シナリオ名: ログイン]
[ADMIN] 16:07:26.647462 シナリオ走行を終了しました [シナリオ名: 新規ユーザー登録]
[ADMIN] 16:07:26.647487 シナリオ走行を開始しました [シナリオ名: 新規ユーザー登録]
[ADMIN] 16:07:26.664408 シナリオ走行を終了しました [シナリオ名: Banユーザログイン]
[ADMIN] 16:07:26.664426 シナリオ走行を開始しました [シナリオ名: Banユーザログイン]
[ADMIN] 16:07:26.700985 シナリオ走行を終了しました [シナリオ名: ログイン]
[ADMIN] 16:07:26.701001 シナリオ走行を開始しました [シナリオ名: ログイン]
[ADMIN] 16:07:26.726039 シナリオ走行を終了しました [シナリオ名: 新規ユーザー登録]
[ADMIN] 16:07:26.726066 シナリオ走行を開始しました [シナリオ名: 新規ユーザー登録]
[ADMIN] 16:07:26.769106 シナリオ走行を終了しました [シナリオ名: ログイン]
[ADMIN] 16:07:26.769120 シナリオ走行を開始しました [シナリオ名: ログイン]
[ADMIN] 16:07:26.798116 シナリオ走行を終了しました [シナリオ名: 新規ユーザー登録]
[ADMIN] 16:07:26.798140 シナリオ走行を開始しました [シナリオ名: 新規ユーザー登録]
[ADMIN] 16:07:26.827225 シナリオ走行を終了しました [シナリオ名: ログイン]
[ADMIN] 16:07:26.827238 シナリオ走行を開始しました [シナリオ名: ログイン]
[ADMIN] 16:07:26.865567 シナリオ走行を終了しました [シナリオ名: ログイン]
[ADMIN] 16:07:26.865579 シナリオ走行を開始しました [シナリオ名: ログイン]
[ADMIN] 16:07:26.872964 シナリオ走行を終了しました [シナリオ名: 新規ユーザー登録]
[ADMIN] 16:07:26.872982 シナリオ走行を開始しました [シナリオ名: 新規ユーザー登録]
[ADMIN] 16:07:26.904550 シナリオ走行を終了しました [シナリオ名: ログイン]
[ADMIN] 16:07:26.904560 シナリオ走行を開始しました [シナリオ名: ログイン]
[ADMIN] 16:07:26.944799 シナリオ走行を終了しました [シナリオ名: 新規ユーザー登録]
[ADMIN] 16:07:26.944821 シナリオ走行を開始しました [シナリオ名: 新規ユーザー登録]
[ADMIN] 16:07:26.975063 シナリオ走行を終了しました [シナリオ名: ログイン]
[ADMIN] 16:07:26.975077 シナリオ走行を開始しました [シナリオ名: ログイン]
[ADMIN] 16:07:27.016487 シナリオ走行を終了しました [シナリオ名: 新規ユーザー登録]
[ADMIN] 16:07:27.016510 シナリオ走行を開始しました [シナリオ名: 新規ユーザー登録]
[ADMIN] 16:07:27.038452 シナリオ走行を終了しました [シナリオ名: ログイン]
[ADMIN] 16:07:27.038462 シナリオ走行を開始しました [シナリオ名: ログイン]
[ADMIN] 16:07:27.080802 シナリオ走行を終了しました [シナリオ名: ログイン]
[ADMIN] 16:07:27.080816 シナリオ走行を開始しました [シナリオ名: ログイン]
[ADMIN] 16:07:27.090503 シナリオ走行を終了しました [シナリオ名: 新規ユーザー登録]
[ADMIN] 16:07:27.090522 シナリオ走行を開始しました [シナリオ名: 新規ユーザー登録]
[ADMIN] 16:07:27.119799 シナリオ走行を終了しました [シナリオ名: ログイン]
[ADMIN] 16:07:27.119813 シナリオ走行を開始しました [シナリオ名: ログイン]
[ADMIN] 16:07:27.163300 シナリオ走行を終了しました [シナリオ名: 新規ユーザー登録]
[ADMIN] 16:07:27.163327 シナリオ走行を開始しました [シナリオ名: 新規ユーザー登録]
[ADMIN] 16:07:27.167828 シナリオ走行を終了しました [シナリオ名: Banユーザログイン]
[ADMIN] 16:07:27.167846 シナリオ走行を開始しました [シナリオ名: Banユーザログイン]
[ADMIN] 16:07:27.188080 シナリオ走行を終了しました [シナリオ名: ログイン]
[ADMIN] 16:07:27.188090 シナリオ走行を開始しました [シナリオ名: ログイン]
[ADMIN] 16:07:27.238036 シナリオ走行を終了しました [シナリオ名: 新規ユーザー登録]
[ADMIN] 16:07:27.238056 シナリオ走行を開始しました [シナリオ名: 新規ユーザー登録]
[ADMIN] 16:07:27.256054 シナリオ走行を終了しました [シナリオ名: ログイン]
[ADMIN] 16:07:27.256067 シナリオ走行を開始しました [シナリオ名: ログイン]
[ADMIN] 16:07:27.296771 シナリオ走行を終了しました [シナリオ名: ログイン]
[ADMIN] 16:07:27.296783 シナリオ走行を開始しました [シナリオ名: ログイン]
[ADMIN] 16:07:27.308070 シナリオ走行を終了しました [シナリオ名: 新規ユーザー登録]
[ADMIN] 16:07:27.308092 シナリオ走行を開始しました [シナリオ名: 新規ユーザー登録]
[ADMIN] 16:07:27.357798 シナリオ走行を終了しました [シナリオ名: ログイン]
[ADMIN] 16:07:27.357811 シナリオ走行を開始しました [シナリオ名: ログイン]
[ADMIN] 16:07:27.387155 シナリオ走行を終了しました [シナリオ名: 新規ユーザー登録]
[ADMIN] 16:07:27.387179 シナリオ走行を開始しました [シナリオ名: 新規ユーザー登録]
[ADMIN] 16:07:27.405304 シナリオ走行を終了しました [シナリオ名: ログイン]
[ADMIN] 16:07:27.405320 シナリオ走行を開始しました [シナリオ名: ログイン]
[ADMIN] 16:07:27.477788 シナリオ走行を終了しました [シナリオ名: 新規ユーザー登録]
[ADMIN] 16:07:27.477811 シナリオ走行を開始しました [シナリオ名: 新規ユーザー登録]
[ADMIN] 16:07:27.493646 シナリオ走行を終了しました [シナリオ名: ログイン]
[ADMIN] 16:07:27.493658 シナリオ走行を開始しました [シナリオ名: ログイン]
[ADMIN] 16:07:27.564720 シナリオ走行を終了しました [シナリオ名: 新規ユーザー登録]
[ADMIN] 16:07:27.564743 シナリオ走行を開始しました [シナリオ名: 新規ユーザー登録]
[ADMIN] 16:07:27.568075 シナリオ走行を終了しました [シナリオ名: ログイン]
[ADMIN] 16:07:27.568086 シナリオ走行を開始しました [シナリオ名: ログイン]
[ADMIN] 16:07:27.650290 シナリオ走行を終了しました [シナリオ名: ログイン]
[ADMIN] 16:07:27.650304 シナリオ走行を開始しました [シナリオ名: ログイン]
[ADMIN] 16:07:27.654109 シナリオ走行を終了しました [シナリオ名: 新規ユーザー登録]
[ADMIN] 16:07:27.654127 シナリオ走行を開始しました [シナリオ名: 新規ユーザー登録]
[ADMIN] 16:07:27.672364 シナリオ走行を終了しました [シナリオ名: Banユーザログイン]
[ADMIN] 16:07:27.672378 シナリオ走行を開始しました [シナリオ名: Banユーザログイン]
[ADMIN] 16:07:27.722745 シナリオ走行を終了しました [シナリオ名: ログイン]
[ADMIN] 16:07:27.722761 シナリオ走行を開始しました [シナリオ名: ログイン]
[ADMIN] 16:07:27.734947 シナリオ走行を終了しました [シナリオ名: 新規ユーザー登録]
[ADMIN] 16:07:27.734966 シナリオ走行を開始しました [シナリオ名: 新規ユーザー登録]
[ADMIN] 16:07:27.765624 シナリオ走行を終了しました [シナリオ名: ログイン]
[ADMIN] 16:07:27.765635 シナリオ走行を開始しました [シナリオ名: ログイン]
[ADMIN] 16:07:27.808306 シナリオ走行を終了しました [シナリオ名: 新規ユーザー登録]
[ADMIN] 16:07:27.808330 シナリオ走行を開始しました [シナリオ名: 新規ユーザー登録]
[ADMIN] 16:07:27.817740 シナリオ走行を終了しました [シナリオ名: ログイン]
[ADMIN] 16:07:27.817752 シナリオ走行を開始しました [シナリオ名: ログイン]
[ADMIN] 16:07:27.878816 シナリオ走行を終了しました [シナリオ名: 新規ユーザー登録]
[ADMIN] 16:07:27.878841 シナリオ走行を開始しました [シナリオ名: 新規ユーザー登録]
[ADMIN] 16:07:27.882934 シナリオ走行を終了しました [シナリオ名: ログイン]
[ADMIN] 16:07:27.882946 シナリオ走行を開始しました [シナリオ名: ログイン]
[ADMIN] 16:07:27.927214 シナリオ走行を終了しました [シナリオ名: ログイン]
[ADMIN] 16:07:27.927231 シナリオ走行を開始しました [シナリオ名: ログイン]
[ADMIN] 16:07:27.949900 シナリオ走行を終了しました [シナリオ名: 新規ユーザー登録]
[ADMIN] 16:07:27.949924 シナリオ走行を開始しました [シナリオ名: 新規ユーザー登録]
[ADMIN] 16:07:27.990999 シナリオ走行を終了しました [シナリオ名: ログイン]
[ADMIN] 16:07:27.991015 シナリオ走行を開始しました [シナリオ名: ログイン]
[ADMIN] 16:07:28.021220 シナリオ走行を終了しました [シナリオ名: 新規ユーザー登録]
[ADMIN] 16:07:28.021248 シナリオ走行を開始しました [シナリオ名: 新規ユーザー登録]
[ADMIN] 16:07:28.056022 シナリオ走行を終了しました [シナリオ名: ログイン]
[ADMIN] 16:07:28.056038 シナリオ走行を開始しました [シナリオ名: ログイン]
[ADMIN] 16:07:28.092430 シナリオ走行を終了しました [シナリオ名: 新規ユーザー登録]
[ADMIN] 16:07:28.092456 シナリオ走行を開始しました [シナリオ名: 新規ユーザー登録]
[ADMIN] 16:07:28.115771 シナリオ走行を終了しました [シナリオ名: ログイン]
[ADMIN] 16:07:28.115784 シナリオ走行を開始しました [シナリオ名: ログイン]
[ADMIN] 16:07:28.158752 シナリオ走行を終了しました [シナリオ名: ログイン]
[ADMIN] 16:07:28.158765 シナリオ走行を開始しました [シナリオ名: ログイン]
[ADMIN] 16:07:28.169998 シナリオ走行を終了しました [シナリオ名: 新規ユーザー登録]
[ADMIN] 16:07:28.170026 シナリオ走行を開始しました [シナリオ名: 新規ユーザー登録]
[ADMIN] 16:07:28.174441 シナリオ走行を終了しました [シナリオ名: Banユーザログイン]
[ADMIN] 16:07:28.174461 シナリオ走行を開始しました [シナリオ名: Banユーザログイン]
[ADMIN] 16:07:28.200883 シナリオ走行を終了しました [シナリオ名: ログイン]
[ADMIN] 16:07:28.200896 シナリオ走行を開始しました [シナリオ名: ログイン]
[ADMIN] 16:07:28.247678 シナリオ走行を終了しました [シナリオ名: 新規ユーザー登録]
[ADMIN] 16:07:28.247704 シナリオ走行を開始しました [シナリオ名: 新規ユーザー登録]
[ADMIN] 16:07:28.255487 シナリオ走行を終了しました [シナリオ名: ログイン]
[ADMIN] 16:07:28.255501 シナリオ走行を開始しました [シナリオ名: ログイン]
[ADMIN] 16:07:28.321160 シナリオ走行を終了しました [シナリオ名: 新規ユーザー登録]
[ADMIN] 16:07:28.321181 シナリオ走行を開始しました [シナリオ名: 新規ユーザー登録]
[ADMIN] 16:07:28.329192 シナリオ走行を終了しました [シナリオ名: ログイン]
[ADMIN] 16:07:28.329205 シナリオ走行を開始しました [シナリオ名: ログイン]
[ADMIN] 16:07:28.376246 シナリオ走行を終了しました [シナリオ名: ログイン]
[ADMIN] 16:07:28.376257 シナリオ走行を開始しました [シナリオ名: ログイン]
[ADMIN] 16:07:28.403082 シナリオ走行を終了しました [シナリオ名: 新規ユーザー登録]
[ADMIN] 16:07:28.403106 シナリオ走行を開始しました [シナリオ名: 新規ユーザー登録]
[ADMIN] 16:07:28.426898 シナリオ走行を終了しました [シナリオ名: ログイン]
[ADMIN] 16:07:28.426912 シナリオ走行を開始しました [シナリオ名: ログイン]
[ADMIN] 16:07:28.486403 シナリオ走行を終了しました [シナリオ名: 新規ユーザー登録]
[ADMIN] 16:07:28.486423 シナリオ走行を開始しました [シナリオ名: 新規ユーザー登録]
[ADMIN] 16:07:28.500734 シナリオ走行を終了しました [シナリオ名: ログイン]
[ADMIN] 16:07:28.500748 シナリオ走行を開始しました [シナリオ名: ログイン]
[ADMIN] 16:07:28.566709 シナリオ走行を終了しました [シナリオ名: 新規ユーザー登録]
[ADMIN] 16:07:28.566736 シナリオ走行を開始しました [シナリオ名: 新規ユーザー登録]
[ADMIN] 16:07:28.586397 シナリオ走行を終了しました [シナリオ名: ログイン]
[ADMIN] 16:07:28.586414 シナリオ走行を開始しました [シナリオ名: ログイン]
[ADMIN] 16:07:28.655178 シナリオ走行を終了しました [シナリオ名: 新規ユーザー登録]
[ADMIN] 16:07:28.655206 シナリオ走行を開始しました [シナリオ名: 新規ユーザー登録]
[ADMIN] 16:07:28.663691 シナリオ走行を終了しました [シナリオ名: ログイン]
[ADMIN] 16:07:28.663702 シナリオ走行を開始しました [シナリオ名: ログイン]
[ADMIN] 16:07:28.677971 シナリオ走行を終了しました [シナリオ名: Banユーザログイン]
[ADMIN] 16:07:28.677983 シナリオ走行を開始しました [シナリオ名: Banユーザログイン]
[ADMIN] 16:07:28.736060 シナリオ走行を終了しました [シナリオ名: 新規ユーザー登録]
[ADMIN] 16:07:28.736086 シナリオ走行を開始しました [シナリオ名: 新規ユーザー登録]
[ADMIN] 16:07:28.736787 シナリオ走行を終了しました [シナリオ名: ログイン]
[ADMIN] 16:07:28.736800 シナリオ走行を開始しました [シナリオ名: ログイン]
[ADMIN] 16:07:28.789772 シナリオ走行を終了しました [シナリオ名: ログイン]
[ADMIN] 16:07:28.789786 シナリオ走行を開始しました [シナリオ名: ログイン]
[ADMIN] 16:07:28.824229 シナリオ走行を終了しました [シナリオ名: 新規ユーザー登録]
[ADMIN] 16:07:28.824252 シナリオ走行を開始しました [シナリオ名: 新規ユーザー登録]
[ADMIN] 16:07:28.849117 シナリオ走行を終了しました [シナリオ名: ログイン]
[ADMIN] 16:07:28.849130 シナリオ走行を開始しました [シナリオ名: ログイン]
[ADMIN] 16:07:28.888876 シナリオ走行を終了しました [シナリオ名: ログイン]
[ADMIN] 16:07:28.888890 シナリオ走行を開始しました [シナリオ名: ログイン]
[ADMIN] 16:07:28.899642 シナリオ走行を終了しました [シナリオ名: 新規ユーザー登録]
[ADMIN] 16:07:28.899662 シナリオ走行を開始しました [シナリオ名: 新規ユーザー登録]
[ADMIN] 16:07:28.948012 シナリオ走行を終了しました [シナリオ名: ログイン]
[ADMIN] 16:07:28.948025 シナリオ走行を開始しました [シナリオ名: ログイン]
[ADMIN] 16:07:28.973265 シナリオ走行を終了しました [シナリオ名: 新規ユーザー登録]
[ADMIN] 16:07:28.973290 シナリオ走行を開始しました [シナリオ名: 新規ユーザー登録]
[ADMIN] 16:07:29.010067 シナリオ走行を終了しました [シナリオ名: ログイン]
[ADMIN] 16:07:29.010082 シナリオ走行を開始しました [シナリオ名: ログイン]
[ADMIN] 16:07:29.045056 シナリオ走行を終了しました [シナリオ名: 新規ユーザー登録]
[ADMIN] 16:07:29.045080 シナリオ走行を開始しました [シナリオ名: 新規ユーザー登録]
[ADMIN] 16:07:29.057950 シナリオ走行を終了しました [シナリオ名: ログイン]
[ADMIN] 16:07:29.058143 シナリオ走行を開始しました [シナリオ名: ログイン]
[ADMIN] 16:07:29.121296 シナリオ走行を終了しました [シナリオ名: 新規ユーザー登録]
[ADMIN] 16:07:29.121316 シナリオ走行を開始しました [シナリオ名: 新規ユーザー登録]
[ADMIN] 16:07:29.129781 シナリオ走行を終了しました [シナリオ名: ログイン]
[ADMIN] 16:07:29.129791 シナリオ走行を開始しました [シナリオ名: ログイン]
[ADMIN] 16:07:29.181490 シナリオ走行を終了しました [シナリオ名: Banユーザログイン]
[ADMIN] 16:07:29.181510 シナリオ走行を開始しました [シナリオ名: Banユーザログイン]
[ADMIN] 16:07:29.204715 シナリオ走行を終了しました [シナリオ名: 新規ユーザー登録]
[ADMIN] 16:07:29.204739 シナリオ走行を開始しました [シナリオ名: 新規ユーザー登録]
[ADMIN] 16:07:29.211277 シナリオ走行を終了しました [シナリオ名: ログイン]
[ADMIN] 16:07:29.211287 シナリオ走行を開始しました [シナリオ名: ログイン]
[ADMIN] 16:07:29.284955 シナリオ走行を終了しました [シナリオ名: ログイン]
[ADMIN] 16:07:29.284970 シナリオ走行を開始しました [シナリオ名: ログイン]
[ADMIN] 16:07:29.291684 シナリオ走行を終了しました [シナリオ名: 新規ユーザー登録]
[ADMIN] 16:07:29.291706 シナリオ走行を開始しました [シナリオ名: 新規ユーザー登録]
[ADMIN] 16:07:29.341311 シナリオ走行を終了しました [シナリオ名: ログイン]
[ADMIN] 16:07:29.341326 シナリオ走行を開始しました [シナリオ名: ログイン]
[ADMIN] 16:07:29.371151 シナリオ走行を終了しました [シナリオ名: 新規ユーザー登録]
[ADMIN] 16:07:29.371174 シナリオ走行を開始しました [シナリオ名: 新規ユーザー登録]
[ADMIN] 16:07:29.422938 シナリオ走行を終了しました [シナリオ名: ログイン]
[ADMIN] 16:07:29.422954 シナリオ走行を開始しました [シナリオ名: ログイン]
[ADMIN] 16:07:29.462276 シナリオ走行を終了しました [シナリオ名: 新規ユーザー登録]
[ADMIN] 16:07:29.462302 シナリオ走行を開始しました [シナリオ名: 新規ユーザー登録]
[ADMIN] 16:07:29.472783 シナリオ走行を終了しました [シナリオ名: ログイン]
[ADMIN] 16:07:29.472796 シナリオ走行を開始しました [シナリオ名: ログイン]
[ADMIN] 16:07:29.546680 シナリオ走行を終了しました [シナリオ名: 新規ユーザー登録]
[ADMIN] 16:07:29.546704 シナリオ走行を開始しました [シナリオ名: 新規ユーザー登録]
[ADMIN] 16:07:29.563384 シナリオ走行を終了しました [シナリオ名: ログイン]
[ADMIN] 16:07:29.563395 シナリオ走行を開始しました [シナリオ名: ログイン]
[ADMIN] 16:07:29.631712 シナリオ走行を終了しました [シナリオ名: 新規ユーザー登録]
[ADMIN] 16:07:29.631744 シナリオ走行を開始しました [シナリオ名: 新規ユーザー登録]
[ADMIN] 16:07:29.644733 シナリオ走行を終了しました [シナリオ名: ログイン]
[ADMIN] 16:07:29.644748 シナリオ走行を開始しました [シナリオ名: ログイン]
[ADMIN] 16:07:29.685278 シナリオ走行を終了しました [シナリオ名: Banユーザログイン]
[ADMIN] 16:07:29.685294 シナリオ走行を開始しました [シナリオ名: Banユーザログイン]
[ADMIN] 16:07:29.717014 シナリオ走行を終了しました [シナリオ名: 新規ユーザー登録]
[ADMIN] 16:07:29.717033 シナリオ走行を開始しました [シナリオ名: 新規ユーザー登録]
[ADMIN] 16:07:29.721943 シナリオ走行を終了しました [シナリオ名: ログイン]
[ADMIN] 16:07:29.721954 シナリオ走行を開始しました [シナリオ名: ログイン]
[ADMIN] 16:07:29.784729 シナリオ走行を終了しました [シナリオ名: ログイン]
[ADMIN] 16:07:29.784744 シナリオ走行を開始しました [シナリオ名: ログイン]
[ADMIN] 16:07:29.790318 シナリオ走行を終了しました [シナリオ名: 新規ユーザー登録]
[ADMIN] 16:07:29.790337 シナリオ走行を開始しました [シナリオ名: 新規ユーザー登録]
[ADMIN] 16:07:29.825137 シナリオ走行を終了しました [シナリオ名: ログイン]
[ADMIN] 16:07:29.825149 シナリオ走行を開始しました [シナリオ名: ログイン]
[ADMIN] 16:07:29.864971 シナリオ走行を終了しました [シナリオ名: 新規ユーザー登録]
[ADMIN] 16:07:29.864992 シナリオ走行を開始しました [シナリオ名: 新規ユーザー登録]
[ADMIN] 16:07:29.889442 シナリオ走行を終了しました [シナリオ名: ログイン]
[ADMIN] 16:07:29.889452 シナリオ走行を開始しました [シナリオ名: ログイン]
[ADMIN] 16:07:29.935399 シナリオ走行を終了しました [シナリオ名: 新規ユーザー登録]
[ADMIN] 16:07:29.935419 シナリオ走行を開始しました [シナリオ名: 新規ユーザー登録]
[ADMIN] 16:07:29.947723 シナリオ走行を終了しました [シナリオ名: ログイン]
[ADMIN] 16:07:29.947735 シナリオ走行を開始しました [シナリオ名: ログイン]
[ADMIN] 16:07:30.010136 シナリオ走行を終了しました [シナリオ名: 新規ユーザー登録]
[ADMIN] 16:07:30.010164 シナリオ走行を開始しました [シナリオ名: 新規ユーザー登録]
[ADMIN] 16:07:30.014970 シナリオ走行を終了しました [シナリオ名: ログイン]
[ADMIN] 16:07:30.014980 シナリオ走行を開始しました [シナリオ名: ログイン]
[ADMIN] 16:07:30.083012 シナリオ走行を終了しました [シナリオ名: 新規ユーザー登録]
[ADMIN] 16:07:30.083040 シナリオ走行を開始しました [シナリオ名: 新規ユーザー登録]
[ADMIN] 16:07:30.084539 シナリオ走行を終了しました [シナリオ名: ログイン]
[ADMIN] 16:07:30.084549 シナリオ走行を開始しました [シナリオ名: ログイン]
[ADMIN] 16:07:30.153722 シナリオ走行を終了しました [シナリオ名: 新規ユーザー登録]
[ADMIN] 16:07:30.153752 シナリオ走行を開始しました [シナリオ名: 新規ユーザー登録]
[ADMIN] 16:07:30.154933 シナリオ走行を終了しました [シナリオ名: ログイン]
[ADMIN] 16:07:30.154948 シナリオ走行を開始しました [シナリオ名: ログイン]
[ADMIN] 16:07:30.188086 シナリオ走行を終了しました [シナリオ名: Banユーザログイン]
[ADMIN] 16:07:30.188103 シナリオ走行を開始しました [シナリオ名: Banユーザログイン]
[ADMIN] 16:07:30.217574 シナリオ走行を終了しました [シナリオ名: ログイン]
[ADMIN] 16:07:30.217589 シナリオ走行を開始しました [シナリオ名: ログイン]
[ADMIN] 16:07:30.228864 シナリオ走行を終了しました [シナリオ名: 新規ユーザー登録]
[ADMIN] 16:07:30.228882 シナリオ走行を開始しました [シナリオ名: 新規ユーザー登録]
[ADMIN] 16:07:30.283059 シナリオ走行を終了しました [シナリオ名: ログイン]
[ADMIN] 16:07:30.283073 シナリオ走行を開始しました [シナリオ名: ログイン]
[ADMIN] 16:07:30.302086 シナリオ走行を終了しました [シナリオ名: 新規ユーザー登録]
[ADMIN] 16:07:30.302110 シナリオ走行を開始しました [シナリオ名: 新規ユーザー登録]
[ADMIN] 16:07:30.338072 シナリオ走行を終了しました [シナリオ名: ログイン]
[ADMIN] 16:07:30.338086 シナリオ走行を開始しました [シナリオ名: ログイン]
[ADMIN] 16:07:30.380133 シナリオ走行を終了しました [シナリオ名: 新規ユーザー登録]
[ADMIN] 16:07:30.380156 シナリオ走行を開始しました [シナリオ名: 新規ユーザー登録]
[ADMIN] 16:07:30.418723 シナリオ走行を終了しました [シナリオ名: ログイン]
[ADMIN] 16:07:30.418735 シナリオ走行を開始しました [シナリオ名: ログイン]
[ADMIN] 16:07:30.463589 シナリオ走行を終了しました [シナリオ名: ログイン]
[ADMIN] 16:07:30.463601 シナリオ走行を開始しました [シナリオ名: ログイン]
[ADMIN] 16:07:30.468383 シナリオ走行を終了しました [シナリオ名: 新規ユーザー登録]
[ADMIN] 16:07:30.468408 シナリオ走行を開始しました [シナリオ名: 新規ユーザー登録]
[ADMIN] 16:07:30.536894 シナリオ走行を終了しました [シナリオ名: ログイン]
[ADMIN] 16:07:30.536908 シナリオ走行を開始しました [シナリオ名: ログイン]
[ADMIN] 16:07:30.550743 シナリオ走行を終了しました [シナリオ名: 新規ユーザー登録]
[ADMIN] 16:07:30.550769 シナリオ走行を開始しました [シナリオ名: 新規ユーザー登録]
[ADMIN] 16:07:30.613624 シナリオ走行を終了しました [シナリオ名: ログイン]
[ADMIN] 16:07:30.613638 シナリオ走行を開始しました [シナリオ名: ログイン]
[ADMIN] 16:07:30.632417 シナリオ走行を終了しました [シナリオ名: 新規ユーザー登録]
[ADMIN] 16:07:30.632434 シナリオ走行を開始しました [シナリオ名: 新規ユーザー登録]
[ADMIN] 16:07:30.688446 シナリオ走行を終了しました [シナリオ名: ログイン]
[ADMIN] 16:07:30.688458 シナリオ走行を開始しました [シナリオ名: ログイン]
[ADMIN] 16:07:30.691796 シナリオ走行を終了しました [シナリオ名: Banユーザログイン]
[ADMIN] 16:07:30.691811 シナリオ走行を開始しました [シナリオ名: Banユーザログイン]
[ADMIN] 16:07:30.714369 シナリオ走行を終了しました [シナリオ名: 新規ユーザー登録]
[ADMIN] 16:07:30.714389 シナリオ走行を開始しました [シナリオ名: 新規ユーザー登録]
[ADMIN] 16:07:30.760328 シナリオ走行を終了しました [シナリオ名: ログイン]
[ADMIN] 16:07:30.760341 シナリオ走行を開始しました [シナリオ名: ログイン]
[ADMIN] 16:07:30.788853 シナリオ走行を終了しました [シナリオ名: 新規ユーザー登録]
[ADMIN] 16:07:30.788871 シナリオ走行を開始しました [シナリオ名: 新規ユーザー登録]
[ADMIN] 16:07:30.828608 シナリオ走行を終了しました [シナリオ名: ログイン]
[ADMIN] 16:07:30.828621 シナリオ走行を開始しました [シナリオ名: ログイン]
[ADMIN] 16:07:30.861547 シナリオ走行を終了しました [シナリオ名: 新規ユーザー登録]
[ADMIN] 16:07:30.861567 シナリオ走行を開始しました [シナリオ名: 新規ユーザー登録]
[ADMIN] 16:07:30.895541 シナリオ走行を終了しました [シナリオ名: ログイン]
[ADMIN] 16:07:30.895552 シナリオ走行を開始しました [シナリオ名: ログイン]
[ADMIN] 16:07:30.934797 シナリオ走行を終了しました [シナリオ名: 新規ユーザー登録]
[ADMIN] 16:07:30.934823 シナリオ走行を開始しました [シナリオ名: 新規ユーザー登録]
[ADMIN] 16:07:30.956090 シナリオ走行を終了しました [シナリオ名: ログイン]
[ADMIN] 16:07:30.956102 シナリオ走行を開始しました [シナリオ名: ログイン]
[ADMIN] 16:07:31.015137 シナリオ走行を終了しました [シナリオ名: 新規ユーザー登録]
[ADMIN] 16:07:31.015158 シナリオ走行を開始しました [シナリオ名: 新規ユーザー登録]
[ADMIN] 16:07:31.027697 シナリオ走行を終了しました [シナリオ名: ログイン]
[ADMIN] 16:07:31.027709 シナリオ走行を開始しました [シナリオ名: ログイン]
[ADMIN] 16:07:31.071000 シナリオ走行を終了しました [シナリオ名: ログイン]
[ADMIN] 16:07:31.071014 シナリオ走行を開始しました [シナリオ名: ログイン]
[ADMIN] 16:07:31.090427 シナリオ走行を終了しました [シナリオ名: 新規ユーザー登録]
[ADMIN] 16:07:31.090456 シナリオ走行を開始しました [シナリオ名: 新規ユーザー登録]
[ADMIN] 16:07:31.129535 シナリオ走行を終了しました [シナリオ名: ログイン]
[ADMIN] 16:07:31.129549 シナリオ走行を開始しました [シナリオ名: ログイン]
[ADMIN] 16:07:31.164048 シナリオ走行を終了しました [シナリオ名: 新規ユーザー登録]
[ADMIN] 16:07:31.164076 シナリオ走行を開始しました [シナリオ名: 新規ユーザー登録]
[ADMIN] 16:07:31.194717 シナリオ走行を終了しました [シナリオ名: Banユーザログイン]
[ADMIN] 16:07:31.194735 シナリオ走行を開始しました [シナリオ名: Banユーザログイン]
[ADMIN] 16:07:31.198461 シナリオ走行を終了しました [シナリオ名: ログイン]
[ADMIN] 16:07:31.198479 シナリオ走行を開始しました [シナリオ名: ログイン]
[ADMIN] 16:07:31.239881 シナリオ走行を終了しました [シナリオ名: 新規ユーザー登録]
[ADMIN] 16:07:31.239912 シナリオ走行を開始しました [シナリオ名: 新規ユーザー登録]
[ADMIN] 16:07:31.258734 シナリオ走行を終了しました [シナリオ名: ログイン]
[ADMIN] 16:07:31.258746 シナリオ走行を開始しました [シナリオ名: ログイン]
[ADMIN] 16:07:31.316755 シナリオ走行を終了しました [シナリオ名: 新規ユーザー登録]
[ADMIN] 16:07:31.316783 シナリオ走行を開始しました [シナリオ名: 新規ユーザー登録]
[ADMIN] 16:07:31.320810 シナリオ走行を終了しました [シナリオ名: ログイン]
[ADMIN] 16:07:31.320822 シナリオ走行を開始しました [シナリオ名: ログイン]
[ADMIN] 16:07:31.368300 シナリオ走行を終了しました [シナリオ名: ログイン]
[ADMIN] 16:07:31.368316 シナリオ走行を開始しました [シナリオ名: ログイン]
[ADMIN] 16:07:31.398345 シナリオ走行を終了しました [シナリオ名: 新規ユーザー登録]
[ADMIN] 16:07:31.398366 シナリオ走行を開始しました [シナリオ名: 新規ユーザー登録]
[ADMIN] 16:07:31.439167 シナリオ走行を終了しました [シナリオ名: ログイン]
[ADMIN] 16:07:31.439179 シナリオ走行を開始しました [シナリオ名: ログイン]
[ADMIN] 16:07:31.482805 シナリオ走行を終了しました [シナリオ名: 新規ユーザー登録]
[ADMIN] 16:07:31.482831 シナリオ走行を開始しました [シナリオ名: 新規ユーザー登録]
[ADMIN] 16:07:31.488056 シナリオ走行を終了しました [シナリオ名: ログイン]
[ADMIN] 16:07:31.488065 シナリオ走行を開始しました [シナリオ名: ログイン]
[ADMIN] 16:07:31.530474 シナリオ走行を終了しました [シナリオ名: ログイン]
[ADMIN] 16:07:31.530486 シナリオ走行を開始しました [シナリオ名: ログイン]
[ADMIN] 16:07:31.571104 シナリオ走行を終了しました [シナリオ名: 新規ユーザー登録]
[ADMIN] 16:07:31.571126 シナリオ走行を開始しました [シナリオ名: 新規ユーザー登録]
[ADMIN] 16:07:31.591950 シナリオ走行を終了しました [シナリオ名: ログイン]
[ADMIN] 16:07:31.591963 シナリオ走行を開始しました [シナリオ名: ログイン]
[ADMIN] 16:07:31.655397 シナリオ走行を終了しました [シナリオ名: 新規ユーザー登録]
[ADMIN] 16:07:31.655423 シナリオ走行を開始しました [シナリオ名: 新規ユーザー登録]
[ADMIN] 16:07:31.667799 シナリオ走行を終了しました [シナリオ名: ログイン]
[ADMIN] 16:07:31.667808 シナリオ走行を開始しました [シナリオ名: ログイン]
[ADMIN] 16:07:31.697544 シナリオ走行を終了しました [シナリオ名: Banユーザログイン]
[ADMIN] 16:07:31.697563 シナリオ走行を開始しました [シナリオ名: Banユーザログイン]
[ADMIN] 16:07:31.735940 シナリオ走行を終了しました [シナリオ名: 新規ユーザー登録]
[ADMIN] 16:07:31.735961 シナリオ走行を開始しました [シナリオ名: 新規ユーザー登録]
[ADMIN] 16:07:31.742141 シナリオ走行を終了しました [シナリオ名: ログイン]
[ADMIN] 16:07:31.742154 シナリオ走行を開始しました [シナリオ名: ログイン]
[ADMIN] 16:07:31.782809 シナリオ走行を終了しました [シナリオ名: ログイン]
[ADMIN] 16:07:31.782824 シナリオ走行を開始しました [シナリオ名: ログイン]
[ADMIN] 16:07:31.811801 シナリオ走行を終了しました [シナリオ名: 新規ユーザー登録]
[ADMIN] 16:07:31.811823 シナリオ走行を開始しました [シナリオ名: 新規ユーザー登録]
[ADMIN] 16:07:31.824554 シナリオ走行を終了しました [シナリオ名: ログイン]
[ADMIN] 16:07:31.824567 シナリオ走行を開始しました [シナリオ名: ログイン]
[ADMIN] 16:07:31.885829 シナリオ走行を終了しました [シナリオ名: 新規ユーザー登録]
[ADMIN] 16:07:31.885860 シナリオ走行を開始しました [シナリオ名: 新規ユーザー登録]
[ADMIN] 16:07:31.889982 シナリオ走行を終了しました [シナリオ名: ログイン]
[ADMIN] 16:07:31.889993 シナリオ走行を開始しました [シナリオ名: ログイン]
[ADMIN] 16:07:31.931955 シナリオ走行を終了しました [シナリオ名: ログイン]
[ADMIN] 16:07:31.931973 シナリオ走行を開始しました [シナリオ名: ログイン]
[ADMIN] 16:07:31.961205 シナリオ走行を終了しました [シナリオ名: 新規ユーザー登録]
[ADMIN] 16:07:31.961228 シナリオ走行を開始しました [シナリオ名: 新規ユーザー登録]
[ADMIN] 16:07:31.997251 シナリオ走行を終了しました [シナリオ名: ログイン]
[ADMIN] 16:07:31.997265 シナリオ走行を開始しました [シナリオ名: ログイン]
[ADMIN] 16:07:32.035479 シナリオ走行を終了しました [シナリオ名: 新規ユーザー登録]
[ADMIN] 16:07:32.035504 シナリオ走行を開始しました [シナリオ名: 新規ユーザー登録]
[ADMIN] 16:07:32.069703 シナリオ走行を終了しました [シナリオ名: ログイン]
[ADMIN] 16:07:32.069720 シナリオ走行を開始しました [シナリオ名: ログイン]
[ADMIN] 16:07:32.111987 シナリオ走行を終了しました [シナリオ名: 新規ユーザー登録]
[ADMIN] 16:07:32.112013 シナリオ走行を開始しました [シナリオ名: 新規ユーザー登録]
[ADMIN] 16:07:32.136346 シナリオ走行を終了しました [シナリオ名: ログイン]
[ADMIN] 16:07:32.136354 シナリオ走行を開始しました [シナリオ名: ログイン]
[ADMIN] 16:07:32.179196 シナリオ走行を終了しました [シナリオ名: ログイン]
[ADMIN] 16:07:32.179208 シナリオ走行を開始しました [シナリオ名: ログイン]
[ADMIN] 16:07:32.189210 シナリオ走行を終了しました [シナリオ名: 新規ユーザー登録]
[ADMIN] 16:07:32.189233 シナリオ走行を開始しました [シナリオ名: 新規ユーザー登録]
[ADMIN] 16:07:32.200558 シナリオ走行を終了しました [シナリオ名: Banユーザログイン]
[ADMIN] 16:07:32.200567 シナリオ走行を開始しました [シナリオ名: Banユーザログイン]
[ADMIN] 16:07:32.246855 シナリオ走行を終了しました [シナリオ名: ログイン]
[ADMIN] 16:07:32.246869 シナリオ走行を開始しました [シナリオ名: ログイン]
[ADMIN] 16:07:32.270635 シナリオ走行を終了しました [シナリオ名: 新規ユーザー登録]
[ADMIN] 16:07:32.270659 シナリオ走行を開始しました [シナリオ名: 新規ユーザー登録]
[ADMIN] 16:07:32.287329 シナリオ走行を終了しました [シナリオ名: ログイン]
[ADMIN] 16:07:32.287339 シナリオ走行を開始しました [シナリオ名: ログイン]
[ADMIN] 16:07:32.328969 シナリオ走行を終了しました [シナリオ名: ログイン]
[ADMIN] 16:07:32.328981 シナリオ走行を開始しました [シナリオ名: ログイン]
[ADMIN] 16:07:32.349475 シナリオ走行を終了しました [シナリオ名: 新規ユーザー登録]
[ADMIN] 16:07:32.349498 シナリオ走行を開始しました [シナリオ名: 新規ユーザー登録]
[ADMIN] 16:07:32.395068 シナリオ走行を終了しました [シナリオ名: ログイン]
[ADMIN] 16:07:32.395082 シナリオ走行を開始しました [シナリオ名: ログイン]
[ADMIN] 16:07:32.433104 シナリオ走行を終了しました [シナリオ名: 新規ユーザー登録]
[ADMIN] 16:07:32.433130 シナリオ走行を開始しました [シナリオ名: 新規ユーザー登録]
[ADMIN] 16:07:32.470723 シナリオ走行を終了しました [シナリオ名: ログイン]
[ADMIN] 16:07:32.470735 シナリオ走行を開始しました [シナリオ名: ログイン]
[ADMIN] 16:07:32.518900 シナリオ走行を終了しました [シナリオ名: 新規ユーザー登録]
[ADMIN] 16:07:32.518927 シナリオ走行を開始しました [シナリオ名: 新規ユーザー登録]
[ADMIN] 16:07:32.551143 シナリオ走行を終了しました [シナリオ名: ログイン]
[ADMIN] 16:07:32.551156 シナリオ走行を開始しました [シナリオ名: ログイン]
[ADMIN] 16:07:32.603197 シナリオ走行を終了しました [シナリオ名: 新規ユーザー登録]
[ADMIN] 16:07:32.603221 シナリオ走行を開始しました [シナリオ名: 新規ユーザー登録]
[ADMIN] 16:07:32.619734 シナリオ走行を終了しました [シナリオ名: ログイン]
[ADMIN] 16:07:32.619751 シナリオ走行を開始しました [シナリオ名: ログイン]
[ADMIN] 16:07:32.691482 シナリオ走行を終了しました [シナリオ名: ログイン]
[ADMIN] 16:07:32.691495 シナリオ走行を開始しました [シナリオ名: ログイン]
[ADMIN] 16:07:32.692649 シナリオ走行を終了しました [シナリオ名: 新規ユーザー登録]
[ADMIN] 16:07:32.692669 シナリオ走行を開始しました [シナリオ名: 新規ユーザー登録]
[ADMIN] 16:07:32.702844 シナリオ走行を終了しました [シナリオ名: Banユーザログイン]
[ADMIN] 16:07:32.702856 シナリオ走行を開始しました [シナリオ名: Banユーザログイン]
[ADMIN] 16:07:32.732999 シナリオ走行を終了しました [シナリオ名: ログイン]
[ADMIN] 16:07:32.733013 シナリオ走行を開始しました [シナリオ名: ログイン]
[ADMIN] 16:07:32.771341 シナリオ走行を終了しました [シナリオ名: 新規ユーザー登録]
[ADMIN] 16:07:32.771365 シナリオ走行を開始しました [シナリオ名: 新規ユーザー登録]
[ADMIN] 16:07:32.783171 シナリオ走行を終了しました [シナリオ名: ログイン]
[ADMIN] 16:07:32.783184 シナリオ走行を開始しました [シナリオ名: ログイン]
[ADMIN] 16:07:32.850100 シナリオ走行を終了しました [シナリオ名: 新規ユーザー登録]
[ADMIN] 16:07:32.850122 シナリオ走行を開始しました [シナリオ名: 新規ユーザー登録]
[ADMIN] 16:07:32.853462 シナリオ走行を終了しました [シナリオ名: ログイン]
[ADMIN] 16:07:32.853472 シナリオ走行を開始しました [シナリオ名: ログイン]
[ADMIN] 16:07:32.915568 シナリオ走行を終了しました [シナリオ名: ログイン]
[ADMIN] 16:07:32.915581 シナリオ走行を開始しました [シナリオ名: ログイン]
[ADMIN] 16:07:32.920584 シナリオ走行を終了しました [シナリオ名: 新規ユーザー登録]
[ADMIN] 16:07:32.920604 シナリオ走行を開始しました [シナリオ名: 新規ユーザー登録]
[ADMIN] 16:07:32.976057 シナリオ走行を終了しました [シナリオ名: ログイン]
[ADMIN] 16:07:32.976067 シナリオ走行を開始しました [シナリオ名: ログイン]
[ADMIN] 16:07:32.994303 シナリオ走行を終了しました [シナリオ名: 新規ユーザー登録]
[ADMIN] 16:07:32.994327 シナリオ走行を開始しました [シナリオ名: 新規ユーザー登録]
[ADMIN] 16:07:33.030175 シナリオ走行を終了しました [シナリオ名: ログイン]
[ADMIN] 16:07:33.030185 シナリオ走行を開始しました [シナリオ名: ログイン]
[ADMIN] 16:07:33.069869 シナリオ走行を終了しました [シナリオ名: 新規ユーザー登録]
[ADMIN] 16:07:33.069894 シナリオ走行を開始しました [シナリオ名: 新規ユーザー登録]
[ADMIN] 16:07:33.095584 シナリオ走行を終了しました [シナリオ名: ログイン]
[ADMIN] 16:07:33.095593 シナリオ走行を開始しました [シナリオ名: ログイン]
[ADMIN] 16:07:33.136645 シナリオ走行を終了しました [シナリオ名: ログイン]
[ADMIN] 16:07:33.136660 シナリオ走行を開始しました [シナリオ名: ログイン]
[ADMIN] 16:07:33.146277 シナリオ走行を終了しました [シナリオ名: 新規ユーザー登録]
[ADMIN] 16:07:33.146297 シナリオ走行を開始しました [シナリオ名: 新規ユーザー登録]
[ADMIN] 16:07:33.205122 シナリオ走行を終了しました [シナリオ名: ログイン]
[ADMIN] 16:07:33.205140 シナリオ走行を開始しました [シナリオ名: ログイン]
[ADMIN] 16:07:33.205496 シナリオ走行を終了しました [シナリオ名: Banユーザログイン]
[ADMIN] 16:07:33.205508 シナリオ走行を開始しました [シナリオ名: Banユーザログイン]
[ADMIN] 16:07:33.220524 シナリオ走行を終了しました [シナリオ名: 新規ユーザー登録]
[ADMIN] 16:07:33.220548 シナリオ走行を開始しました [シナリオ名: 新規ユーザー登録]
[ADMIN] 16:07:33.264513 シナリオ走行を終了しました [シナリオ名: ログイン]
[ADMIN] 16:07:33.264529 シナリオ走行を開始しました [シナリオ名: ログイン]
[ADMIN] 16:07:33.298237 シナリオ走行を終了しました [シナリオ名: 新規ユーザー登録]
[ADMIN] 16:07:33.298264 シナリオ走行を開始しました [シナリオ名: 新規ユーザー登録]
[ADMIN] 16:07:33.311893 シナリオ走行を終了しました [シナリオ名: ログイン]
[ADMIN] 16:07:33.311905 シナリオ走行を開始しました [シナリオ名: ログイン]
[ADMIN] 16:07:33.354870 シナリオ走行を終了しました [シナリオ名: ログイン]
[ADMIN] 16:07:33.354883 シナリオ走行を開始しました [シナリオ名: ログイン]
[ADMIN] 16:07:33.382453 シナリオ走行を終了しました [シナリオ名: 新規ユーザー登録]
[ADMIN] 16:07:33.382481 シナリオ走行を開始しました [シナリオ名: 新規ユーザー登録]
[ADMIN] 16:07:33.435245 シナリオ走行を終了しました [シナリオ名: ログイン]
[ADMIN] 16:07:33.435259 シナリオ走行を開始しました [シナリオ名: ログイン]
[ADMIN] 16:07:33.469133 シナリオ走行を終了しました [シナリオ名: 新規ユーザー登録]
[ADMIN] 16:07:33.469159 シナリオ走行を開始しました [シナリオ名: 新規ユーザー登録]
[ADMIN] 16:07:33.486651 シナリオ走行を終了しました [シナリオ名: ログイン]
[ADMIN] 16:07:33.486666 シナリオ走行を開始しました [シナリオ名: ログイン]
[ADMIN] 16:07:33.550842 シナリオ走行を終了しました [シナリオ名: ログイン]
[ADMIN] 16:07:33.550856 シナリオ走行を開始しました [シナリオ名: ログイン]
[ADMIN] 16:07:33.558913 シナリオ走行を終了しました [シナリオ名: 新規ユーザー登録]
[ADMIN] 16:07:33.558933 シナリオ走行を開始しました [シナリオ名: 新規ユーザー登録]
[ADMIN] 16:07:33.631744 シナリオ走行を終了しました [シナリオ名: ログイン]
[ADMIN] 16:07:33.631759 シナリオ走行を開始しました [シナリオ名: ログイン]
16:07:33.645229 現在のログイン成功数: [total: 167 (+167人)]
16:07:33.645236 現在のユーザー登録成功数: [total: 128 (+128人)]
[ADMIN] 16:07:33.647162 シナリオ走行を終了しました [シナリオ名: 新規ユーザー登録]
[ADMIN] 16:07:33.647187 シナリオ走行を開始しました [シナリオ名: 新規ユーザー登録]
[ADMIN] 16:07:33.705252 シナリオ走行を終了しました [シナリオ名: ログイン]
[ADMIN] 16:07:33.705265 シナリオ走行を開始しました [シナリオ名: ログイン]
[ADMIN] 16:07:33.709810 シナリオ走行を終了しました [シナリオ名: Banユーザログイン]
[ADMIN] 16:07:33.709824 シナリオ走行を開始しました [シナリオ名: Banユーザログイン]
[ADMIN] 16:07:33.724563 シナリオ走行を終了しました [シナリオ名: 新規ユーザー登録]
[ADMIN] 16:07:33.724586 シナリオ走行を開始しました [シナリオ名: 新規ユーザー登録]
[ADMIN] 16:07:33.766687 シナリオ走行を終了しました [シナリオ名: ログイン]
[ADMIN] 16:07:33.766712 シナリオ走行を開始しました [シナリオ名: ログイン]
[ADMIN] 16:07:33.766773 シナリオ走行を開始しました [シナリオ名: ログイン]
[ADMIN] 16:07:33.766779 シナリオ走行を開始しました [シナリオ名: ログイン]
[ADMIN] 16:07:33.766815 シナリオ走行を開始しました [シナリオ名: ログイン]
[ADMIN] 16:07:33.766837 シナリオ走行を開始しました [シナリオ名: ログイン]
[ADMIN] 16:07:33.766890 シナリオ走行を開始しました [シナリオ名: ログイン]
[ADMIN] 16:07:33.766777 シナリオ走行を開始しました [シナリオ名: ログイン]
[ADMIN] 16:07:33.766828 シナリオ走行を開始しました [シナリオ名: ログイン]
[ADMIN] 16:07:33.766968 シナリオ走行を開始しました [シナリオ名: ログイン]
[ADMIN] 16:07:33.766816 シナリオ走行を開始しました [シナリオ名: ログイン]
[ADMIN] 16:07:33.901874 シナリオ走行を終了しました [シナリオ名: ログイン]
[ADMIN] 16:07:33.901887 シナリオ走行を開始しました [シナリオ名: ログイン]
[ADMIN] 16:07:33.917516 シナリオ走行を終了しました [シナリオ名: 新規ユーザー登録]
[ADMIN] 16:07:33.917539 シナリオ走行を開始しました [シナリオ名: 新規ユーザー登録]
[ADMIN] 16:07:33.935806 シナリオ走行を終了しました [シナリオ名: ログイン]
[ADMIN] 16:07:33.935819 シナリオ走行を開始しました [シナリオ名: ログイン]
[ADMIN] 16:07:33.990124 シナリオ走行を終了しました [シナリオ名: ログイン]
[ADMIN] 16:07:33.990138 シナリオ走行を開始しました [シナリオ名: ログイン]
[ADMIN] 16:07:34.008234 シナリオ走行を終了しました [シナリオ名: ログイン]
[ADMIN] 16:07:34.008248 シナリオ走行を開始しました [シナリオ名: ログイン]
[ADMIN] 16:07:34.010316 シナリオ走行を終了しました [シナリオ名: ログイン]
[ADMIN] 16:07:34.010325 シナリオ走行を開始しました [シナリオ名: ログイン]
[ADMIN] 16:07:34.012241 シナリオ走行を終了しました [シナリオ名: ログイン]
[ADMIN] 16:07:34.012251 シナリオ走行を開始しました [シナリオ名: ログイン]
[ADMIN] 16:07:34.019972 シナリオ走行を終了しました [シナリオ名: ログイン]
[ADMIN] 16:07:34.019981 シナリオ走行を開始しました [シナリオ名: ログイン]
[ADMIN] 16:07:34.098638 シナリオ走行を終了しました [シナリオ名: ログイン]
[ADMIN] 16:07:34.098651 シナリオ走行を開始しました [シナリオ名: ログイン]
[ADMIN] 16:07:34.137700 シナリオ走行を終了しました [シナリオ名: ログイン]
[ADMIN] 16:07:34.137714 シナリオ走行を開始しました [シナリオ名: ログイン]
[ADMIN] 16:07:34.150271 シナリオ走行を終了しました [シナリオ名: ログイン]
[ADMIN] 16:07:34.150282 シナリオ走行を開始しました [シナリオ名: ログイン]
[ADMIN] 16:07:34.195989 シナリオ走行を終了しました [シナリオ名: ログイン]
[ADMIN] 16:07:34.196001 シナリオ走行を開始しました [シナリオ名: ログイン]
[ADMIN] 16:07:34.205809 シナリオ走行を終了しました [シナリオ名: ログイン]
[ADMIN] 16:07:34.205819 シナリオ走行を開始しました [シナリオ名: ログイン]
[ADMIN] 16:07:34.212239 シナリオ走行を終了しました [シナリオ名: Banユーザログイン]
[ADMIN] 16:07:34.212255 シナリオ走行を開始しました [シナリオ名: Banユーザログイン]
[ADMIN] 16:07:34.229466 シナリオ走行を終了しました [シナリオ名: ログイン]
[ADMIN] 16:07:34.229478 シナリオ走行を開始しました [シナリオ名: ログイン]
[ADMIN] 16:07:34.281512 シナリオ走行を終了しました [シナリオ名: ログイン]
[ADMIN] 16:07:34.281527 シナリオ走行を開始しました [シナリオ名: ログイン]
[ADMIN] 16:07:34.290226 シナリオ走行を終了しました [シナリオ名: ログイン]
[ADMIN] 16:07:34.290236 シナリオ走行を開始しました [シナリオ名: ログイン]
[ADMIN] 16:07:34.330741 シナリオ走行を終了しました [シナリオ名: ログイン]
[ADMIN] 16:07:34.330753 シナリオ走行を開始しました [シナリオ名: ログイン]
[ADMIN] 16:07:34.345514 シナリオ走行を終了しました [シナリオ名: 新規ユーザー登録]
[ADMIN] 16:07:34.345538 シナリオ走行を開始しました [シナリオ名: 新規ユーザー登録]
[ADMIN] 16:07:34.345608 シナリオ走行を開始しました [シナリオ名: 新規ユーザー登録]
[ADMIN] 16:07:34.345628 シナリオ走行を開始しました [シナリオ名: 新規ユーザー登録]
[ADMIN] 16:07:34.345671 シナリオ走行を開始しました [シナリオ名: 新規ユーザー登録]
[ADMIN] 16:07:34.345609 シナリオ走行を開始しました [シナリオ名: 新規ユーザー登録]
[ADMIN] 16:07:34.365034 シナリオ走行を終了しました [シナリオ名: ログイン]
[ADMIN] 16:07:34.365042 シナリオ走行を開始しました [シナリオ名: ログイン]
[ADMIN] 16:07:34.430544 シナリオ走行を終了しました [シナリオ名: ログイン]
[ADMIN] 16:07:34.430555 シナリオ走行を開始しました [シナリオ名: ログイン]
[ADMIN] 16:07:34.544398 シナリオ走行を終了しました [シナリオ名: ログイン]
[ADMIN] 16:07:34.544411 シナリオ走行を開始しました [シナリオ名: ログイン]
[ADMIN] 16:07:34.612540 シナリオ走行を終了しました [シナリオ名: ログイン]
[ADMIN] 16:07:34.612554 シナリオ走行を開始しました [シナリオ名: ログイン]
[ADMIN] 16:07:34.614947 シナリオ走行を終了しました [シナリオ名: ログイン]
[ADMIN] 16:07:34.614960 シナリオ走行を開始しました [シナリオ名: ログイン]
[ADMIN] 16:07:34.622727 シナリオ走行を終了しました [シナリオ名: ログイン]
[ADMIN] 16:07:34.622743 シナリオ走行を開始しました [シナリオ名: ログイン]
[ADMIN] 16:07:34.631493 シナリオ走行を終了しました [シナリオ名: ログイン]
[ADMIN] 16:07:34.631504 シナリオ走行を開始しました [シナリオ名: ログイン]
[ADMIN] 16:07:34.707907 シナリオ走行を終了しました [シナリオ名: ログイン]
[ADMIN] 16:07:34.707920 シナリオ走行を開始しました [シナリオ名: ログイン]
[ADMIN] 16:07:34.714639 シナリオ走行を終了しました [シナリオ名: Banユーザログイン]
[ADMIN] 16:07:34.714660 シナリオ走行を開始しました [シナリオ名: Banユーザログイン]
[ADMIN] 16:07:34.769225 シナリオ走行を終了しました [シナリオ名: ログイン]
[ADMIN] 16:07:34.769240 シナリオ走行を開始しました [シナリオ名: ログイン]
[ADMIN] 16:07:34.777316 シナリオ走行を終了しました [シナリオ名: ログイン]
[ADMIN] 16:07:34.777328 シナリオ走行を開始しました [シナリオ名: ログイン]
[ADMIN] 16:07:34.801338 シナリオ走行を終了しました [シナリオ名: ログイン]
[ADMIN] 16:07:34.801349 シナリオ走行を開始しました [シナリオ名: ログイン]
[ADMIN] 16:07:34.824620 シナリオ走行を終了しました [シナリオ名: ログイン]
[ADMIN] 16:07:34.824631 シナリオ走行を開始しました [シナリオ名: ログイン]
[ADMIN] 16:07:34.826819 シナリオ走行を終了しました [シナリオ名: 新規ユーザー登録]
[ADMIN] 16:07:34.826839 シナリオ走行を開始しました [シナリオ名: 新規ユーザー登録]
[ADMIN] 16:07:34.834112 シナリオ走行を終了しました [シナリオ名: ログイン]
[ADMIN] 16:07:34.834121 シナリオ走行を開始しました [シナリオ名: ログイン]
[ADMIN] 16:07:34.853005 シナリオ走行を終了しました [シナリオ名: ログイン]
[ADMIN] 16:07:34.853015 シナリオ走行を開始しました [シナリオ名: ログイン]
[ADMIN] 16:07:34.923400 シナリオ走行を終了しました [シナリオ名: ログイン]
[ADMIN] 16:07:34.923414 シナリオ走行を開始しました [シナリオ名: ログイン]
[ADMIN] 16:07:34.943187 シナリオ走行を終了しました [シナリオ名: ログイン]
[ADMIN] 16:07:34.943201 シナリオ走行を開始しました [シナリオ名: ログイン]
[ADMIN] 16:07:35.015212 シナリオ走行を終了しました [シナリオ名: ログイン]
[ADMIN] 16:07:35.015233 シナリオ走行を開始しました [シナリオ名: ログイン]
[ADMIN] 16:07:35.021435 シナリオ走行を終了しました [シナリオ名: ログイン]
[ADMIN] 16:07:35.021447 シナリオ走行を開始しました [シナリオ名: ログイン]
[ADMIN] 16:07:35.052711 シナリオ走行を終了しました [シナリオ名: ログイン]
[ADMIN] 16:07:35.052722 シナリオ走行を開始しました [シナリオ名: ログイン]
[ADMIN] 16:07:35.110486 シナリオ走行を終了しました [シナリオ名: ログイン]
[ADMIN] 16:07:35.110498 シナリオ走行を開始しました [シナリオ名: ログイン]
[ADMIN] 16:07:35.157303 シナリオ走行を終了しました [シナリオ名: ログイン]
[ADMIN] 16:07:35.157331 シナリオ走行を開始しました [シナリオ名: ログイン]
[ADMIN] 16:07:35.165152 シナリオ走行を終了しました [シナリオ名: ログイン]
[ADMIN] 16:07:35.165165 シナリオ走行を開始しました [シナリオ名: ログイン]
[ADMIN] 16:07:35.197464 シナリオ走行を終了しました [シナリオ名: ログイン]
[ADMIN] 16:07:35.197475 シナリオ走行を開始しました [シナリオ名: ログイン]
[ADMIN] 16:07:35.254328 シナリオ走行を終了しました [シナリオ名: ログイン]
[ADMIN] 16:07:35.254344 シナリオ走行を開始しました [シナリオ名: ログイン]
[ADMIN] 16:07:35.279351 シナリオ走行を終了しました [シナリオ名: ログイン]
[ADMIN] 16:07:35.279365 シナリオ走行を開始しました [シナリオ名: ログイン]
[ADMIN] 16:07:35.310524 シナリオ走行を終了しました [シナリオ名: ログイン]
[ADMIN] 16:07:35.310536 シナリオ走行を開始しました [シナリオ名: ログイン]
[ADMIN] 16:07:35.328063 シナリオ走行を終了しました [シナリオ名: ログイン]
[ADMIN] 16:07:35.328077 シナリオ走行を開始しました [シナリオ名: ログイン]
[ADMIN] 16:07:35.380885 シナリオ走行を終了しました [シナリオ名: 新規ユーザー登録]
[ADMIN] 16:07:35.380914 シナリオ走行を開始しました [シナリオ名: 新規ユーザー登録]
[ADMIN] 16:07:35.399836 シナリオ走行を終了しました [シナリオ名: 新規ユーザー登録]
[ADMIN] 16:07:35.399858 シナリオ走行を開始しました [シナリオ名: 新規ユーザー登録]
[ADMIN] 16:07:35.418900 シナリオ走行を終了しました [シナリオ名: Banユーザログイン]
[ADMIN] 16:07:35.418921 シナリオ走行を開始しました [シナリオ名: Banユーザログイン]
[ADMIN] 16:07:35.418984 シナリオ走行を開始しました [シナリオ名: Banユーザログイン]
[ADMIN] 16:07:35.426743 シナリオ走行を終了しました [シナリオ名: 新規ユーザー登録]
[ADMIN] 16:07:35.426762 シナリオ走行を開始しました [シナリオ名: 新規ユーザー登録]
[ADMIN] 16:07:35.455830 シナリオ走行を終了しました [シナリオ名: 新規ユーザー登録]
[ADMIN] 16:07:35.455858 シナリオ走行を開始しました [シナリオ名: 新規ユーザー登録]
[ADMIN] 16:07:35.470193 シナリオ走行を終了しました [シナリオ名: ログイン]
[ADMIN] 16:07:35.470209 シナリオ走行を開始しました [シナリオ名: ログイン]
[ADMIN] 16:07:35.501576 シナリオ走行を終了しました [シナリオ名: ログイン]
[ADMIN] 16:07:35.501590 シナリオ走行を開始しました [シナリオ名: ログイン]
[ADMIN] 16:07:35.526200 シナリオ走行を終了しました [シナリオ名: ログイン]
[ADMIN] 16:07:35.526219 シナリオ走行を開始しました [シナリオ名: ログイン]
[ADMIN] 16:07:35.602365 シナリオ走行を終了しました [シナリオ名: ログイン]
[ADMIN] 16:07:35.602380 シナリオ走行を開始しました [シナリオ名: ログイン]
[ADMIN] 16:07:35.608575 シナリオ走行を終了しました [シナリオ名: 新規ユーザー登録]
[ADMIN] 16:07:35.608596 シナリオ走行を開始しました [シナリオ名: 新規ユーザー登録]
[ADMIN] 16:07:35.617139 シナリオ走行を終了しました [シナリオ名: ログイン]
[ADMIN] 16:07:35.617150 シナリオ走行を開始しました [シナリオ名: ログイン]
[ADMIN] 16:07:35.697927 シナリオ走行を終了しました [シナリオ名: ログイン]
[ADMIN] 16:07:35.697945 シナリオ走行を開始しました [シナリオ名: ログイン]
[ADMIN] 16:07:35.700897 シナリオ走行を終了しました [シナリオ名: ログイン]
[ADMIN] 16:07:35.700909 シナリオ走行を開始しました [シナリオ名: ログイン]
[ADMIN] 16:07:35.715128 シナリオ走行を終了しました [シナリオ名: ログイン]
[ADMIN] 16:07:35.715140 シナリオ走行を開始しました [シナリオ名: ログイン]
[ADMIN] 16:07:35.730258 シナリオ走行を終了しました [シナリオ名: ログイン]
[ADMIN] 16:07:35.730273 シナリオ走行を開始しました [シナリオ名: ログイン]
[ADMIN] 16:07:35.773981 シナリオ走行を終了しました [シナリオ名: ログイン]
[ADMIN] 16:07:35.773994 シナリオ走行を開始しました [シナリオ名: ログイン]
[ADMIN] 16:07:35.809580 シナリオ走行を終了しました [シナリオ名: ログイン]
[ADMIN] 16:07:35.809595 シナリオ走行を開始しました [シナリオ名: ログイン]
[ADMIN] 16:07:35.826538 シナリオ走行を終了しました [シナリオ名: ログイン]
[ADMIN] 16:07:35.826548 シナリオ走行を開始しました [シナリオ名: ログイン]
[ADMIN] 16:07:35.921878 シナリオ走行を終了しました [シナリオ名: Banユーザログイン]
[ADMIN] 16:07:35.921896 シナリオ走行を開始しました [シナリオ名: Banユーザログイン]
[ADMIN] 16:07:35.922253 シナリオ走行を終了しました [シナリオ名: Banユーザログイン]
[ADMIN] 16:07:35.922265 シナリオ走行を開始しました [シナリオ名: Banユーザログイン]
[ADMIN] 16:07:35.947797 シナリオ走行を終了しました [シナリオ名: 新規ユーザー登録]
[ADMIN] 16:07:35.947819 シナリオ走行を開始しました [シナリオ名: 新規ユーザー登録]
[ADMIN] 16:07:35.974684 シナリオ走行を終了しました [シナリオ名: 新規ユーザー登録]
[ADMIN] 16:07:35.974707 シナリオ走行を開始しました [シナリオ名: 新規ユーザー登録]
[ADMIN] 16:07:35.999395 シナリオ走行を終了しました [シナリオ名: 新規ユーザー登録]
[ADMIN] 16:07:35.999416 シナリオ走行を開始しました [シナリオ名: 新規ユーザー登録]
[ADMIN] 16:07:36.007136 シナリオ走行を終了しました [シナリオ名: ログイン]
[ADMIN] 16:07:36.007148 シナリオ走行を開始しました [シナリオ名: ログイン]
[ADMIN] 16:07:36.029066 シナリオ走行を終了しました [シナリオ名: 新規ユーザー登録]
[ADMIN] 16:07:36.029087 シナリオ走行を開始しました [シナリオ名: 新規ユーザー登録]
[ADMIN] 16:07:36.095413 シナリオ走行を終了しました [シナリオ名: ログイン]
[ADMIN] 16:07:36.095428 シナリオ走行を開始しました [シナリオ名: ログイン]
[ADMIN] 16:07:36.115846 シナリオ走行を終了しました [シナリオ名: ログイン]
[ADMIN] 16:07:36.115859 シナリオ走行を開始しました [シナリオ名: ログイン]
[ADMIN] 16:07:36.117954 シナリオ走行を終了しました [シナリオ名: ログイン]
[ADMIN] 16:07:36.117964 シナリオ走行を開始しました [シナリオ名: ログイン]
[ADMIN] 16:07:36.126041 シナリオ走行を終了しました [シナリオ名: ログイン]
[ADMIN] 16:07:36.126050 シナリオ走行を開始しました [シナリオ名: ログイン]
[ADMIN] 16:07:36.128146 シナリオ走行を終了しました [シナリオ名: ログイン]
[ADMIN] 16:07:36.128156 シナリオ走行を開始しました [シナリオ名: ログイン]
[ADMIN] 16:07:36.136498 シナリオ走行を終了しました [シナリオ名: ログイン]
[ADMIN] 16:07:36.136505 シナリオ走行を開始しました [シナリオ名: ログイン]
[ADMIN] 16:07:36.176972 シナリオ走行を終了しました [シナリオ名: ログイン]
[ADMIN] 16:07:36.176988 シナリオ走行を開始しました [シナリオ名: ログイン]
[ADMIN] 16:07:36.189765 シナリオ走行を終了しました [シナリオ名: ログイン]
[ADMIN] 16:07:36.189782 シナリオ走行を開始しました [シナリオ名: ログイン]
[ADMIN] 16:07:36.238966 シナリオ走行を終了しました [シナリオ名: 新規ユーザー登録]
[ADMIN] 16:07:36.238991 シナリオ走行を開始しました [シナリオ名: 新規ユーザー登録]
[ADMIN] 16:07:36.313899 シナリオ走行を終了しました [シナリオ名: ログイン]
[ADMIN] 16:07:36.313935 シナリオ走行を開始しました [シナリオ名: ログイン]
[ADMIN] 16:07:36.422604 シナリオ走行を終了しました [シナリオ名: ログイン]
[ADMIN] 16:07:36.422633 シナリオ走行を開始しました [シナリオ名: ログイン]
[ADMIN] 16:07:36.426907 シナリオ走行を終了しました [シナリオ名: Banユーザログイン]
[ADMIN] 16:07:36.426921 シナリオ走行を開始しました [シナリオ名: Banユーザログイン]
[ADMIN] 16:07:36.427538 シナリオ走行を終了しました [シナリオ名: Banユーザログイン]
[ADMIN] 16:07:36.427555 シナリオ走行を開始しました [シナリオ名: Banユーザログイン]
[ADMIN] 16:07:36.456358 シナリオ走行を終了しました [シナリオ名: 新規ユーザー登録]
[ADMIN] 16:07:36.456384 シナリオ走行を開始しました [シナリオ名: 新規ユーザー登録]
[ADMIN] 16:07:36.477638 シナリオ走行を終了しました [シナリオ名: 新規ユーザー登録]
[ADMIN] 16:07:36.477660 シナリオ走行を開始しました [シナリオ名: 新規ユーザー登録]
[ADMIN] 16:07:36.483228 シナリオ走行を終了しました [シナリオ名: ログイン]
[ADMIN] 16:07:36.483239 シナリオ走行を開始しました [シナリオ名: ログイン]
[ADMIN] 16:07:36.509053 シナリオ走行を終了しました [シナリオ名: ログイン]
[ADMIN] 16:07:36.509063 シナリオ走行を開始しました [シナリオ名: ログイン]
[ADMIN] 16:07:36.543324 シナリオ走行を終了しました [シナリオ名: 新規ユーザー登録]
[ADMIN] 16:07:36.543344 シナリオ走行を開始しました [シナリオ名: 新規ユーザー登録]
[ADMIN] 16:07:36.546771 シナリオ走行を終了しました [シナリオ名: ログイン]
[ADMIN] 16:07:36.546779 シナリオ走行を開始しました [シナリオ名: ログイン]
[ADMIN] 16:07:36.566808 シナリオ走行を終了しました [シナリオ名: ログイン]
[ADMIN] 16:07:36.566817 シナリオ走行を開始しました [シナリオ名: ログイン]
[ADMIN] 16:07:36.612063 シナリオ走行を終了しました [シナリオ名: ログイン]
[ADMIN] 16:07:36.612073 シナリオ走行を開始しました [シナリオ名: ログイン]
[ADMIN] 16:07:36.618274 シナリオ走行を終了しました [シナリオ名: ログイン]
[ADMIN] 16:07:36.618285 シナリオ走行を開始しました [シナリオ名: ログイン]
[ADMIN] 16:07:36.641745 シナリオ走行を終了しました [シナリオ名: 新規ユーザー登録]
[ADMIN] 16:07:36.641763 シナリオ走行を開始しました [シナリオ名: 新規ユーザー登録]
[ADMIN] 16:07:36.754727 シナリオ走行を終了しました [シナリオ名: ログイン]
[ADMIN] 16:07:36.754739 シナリオ走行を開始しました [シナリオ名: ログイン]
[ADMIN] 16:07:36.801979 シナリオ走行を終了しました [シナリオ名: ログイン]
[ADMIN] 16:07:36.801991 シナリオ走行を開始しました [シナリオ名: ログイン]
[ADMIN] 16:07:36.841326 シナリオ走行を終了しました [シナリオ名: ログイン]
[ADMIN] 16:07:36.841340 シナリオ走行を開始しました [シナリオ名: ログイン]
[ADMIN] 16:07:36.867625 シナリオ走行を終了しました [シナリオ名: ログイン]
[ADMIN] 16:07:36.867639 シナリオ走行を開始しました [シナリオ名: ログイン]
[ADMIN] 16:07:36.889103 シナリオ走行を終了しました [シナリオ名: 新規ユーザー登録]
[ADMIN] 16:07:36.889126 シナリオ走行を開始しました [シナリオ名: 新規ユーザー登録]
[ADMIN] 16:07:36.929338 シナリオ走行を終了しました [シナリオ名: Banユーザログイン]
[ADMIN] 16:07:36.929363 シナリオ走行を開始しました [シナリオ名: Banユーザログイン]
[ADMIN] 16:07:36.930820 シナリオ走行を終了しました [シナリオ名: Banユーザログイン]
[ADMIN] 16:07:36.930836 シナリオ走行を開始しました [シナリオ名: Banユーザログイン]
[ADMIN] 16:07:36.959114 シナリオ走行を終了しました [シナリオ名: 新規ユーザー登録]
[ADMIN] 16:07:36.959141 シナリオ走行を開始しました [シナリオ名: 新規ユーザー登録]
[ADMIN] 16:07:36.983860 シナリオ走行を終了しました [シナリオ名: ログイン]
[ADMIN] 16:07:36.983871 シナリオ走行を開始しました [シナリオ名: ログイン]
[ADMIN] 16:07:37.015988 シナリオ走行を終了しました [シナリオ名: ログイン]
[ADMIN] 16:07:37.016001 シナリオ走行を開始しました [シナリオ名: ログイン]
[ADMIN] 16:07:37.019555 シナリオ走行を終了しました [シナリオ名: ログイン]
[ADMIN] 16:07:37.019566 シナリオ走行を開始しました [シナリオ名: ログイン]
[ADMIN] 16:07:37.038354 シナリオ走行を終了しました [シナリオ名: ログイン]
[ADMIN] 16:07:37.038369 シナリオ走行を開始しました [シナリオ名: ログイン]
[ADMIN] 16:07:37.039512 シナリオ走行を終了しました [シナリオ名: 新規ユーザー登録]
[ADMIN] 16:07:37.039530 シナリオ走行を開始しました [シナリオ名: 新規ユーザー登録]
[ADMIN] 16:07:37.093855 シナリオ走行を終了しました [シナリオ名: ログイン]
[ADMIN] 16:07:37.093866 シナリオ走行を開始しました [シナリオ名: ログイン]
[ADMIN] 16:07:37.112425 シナリオ走行を終了しました [シナリオ名: ログイン]
[ADMIN] 16:07:37.112435 シナリオ走行を開始しました [シナリオ名: ログイン]
[ADMIN] 16:07:37.121839 シナリオ走行を終了しました [シナリオ名: 新規ユーザー登録]
[ADMIN] 16:07:37.121857 シナリオ走行を開始しました [シナリオ名: 新規ユーザー登録]
[ADMIN] 16:07:37.150483 シナリオ走行を終了しました [シナリオ名: ログイン]
[ADMIN] 16:07:37.150498 シナリオ走行を開始しました [シナリオ名: ログイン]
[ADMIN] 16:07:37.150842 シナリオ走行を終了しました [シナリオ名: ログイン]
[ADMIN] 16:07:37.150854 シナリオ走行を開始しました [シナリオ名: ログイン]
[ADMIN] 16:07:37.221214 シナリオ走行を終了しました [シナリオ名: ログイン]
[ADMIN] 16:07:37.221227 シナリオ走行を開始しました [シナリオ名: ログイン]
[ADMIN] 16:07:37.269751 シナリオ走行を終了しました [シナリオ名: ログイン]
[ADMIN] 16:07:37.269766 シナリオ走行を開始しました [シナリオ名: ログイン]
[ADMIN] 16:07:37.291244 シナリオ走行を終了しました [シナリオ名: 新規ユーザー登録]
[ADMIN] 16:07:37.291267 シナリオ走行を開始しました [シナリオ名: 新規ユーザー登録]
[ADMIN] 16:07:37.306412 シナリオ走行を終了しました [シナリオ名: ログイン]
[ADMIN] 16:07:37.306423 シナリオ走行を開始しました [シナリオ名: ログイン]
[ADMIN] 16:07:37.327205 シナリオ走行を終了しました [シナリオ名: ログイン]
[ADMIN] 16:07:37.327219 シナリオ走行を開始しました [シナリオ名: ログイン]
[ADMIN] 16:07:37.419821 シナリオ走行を終了しました [シナリオ名: ログイン]
[ADMIN] 16:07:37.419835 シナリオ走行を開始しました [シナリオ名: ログイン]
[ADMIN] 16:07:37.432943 シナリオ走行を終了しました [シナリオ名: Banユーザログイン]
[ADMIN] 16:07:37.432959 シナリオ走行を開始しました [シナリオ名: Banユーザログイン]
[ADMIN] 16:07:37.443632 シナリオ走行を終了しました [シナリオ名: Banユーザログイン]
[ADMIN] 16:07:37.443642 シナリオ走行を開始しました [シナリオ名: Banユーザログイン]
[ADMIN] 16:07:37.533004 シナリオ走行を終了しました [シナリオ名: 新規ユーザー登録]
[ADMIN] 16:07:37.533030 シナリオ走行を開始しました [シナリオ名: 新規ユーザー登録]
[ADMIN] 16:07:37.606927 シナリオ走行を終了しました [シナリオ名: 新規ユーザー登録]
[ADMIN] 16:07:37.606953 シナリオ走行を開始しました [シナリオ名: 新規ユーザー登録]
[ADMIN] 16:07:37.618261 シナリオ走行を終了しました [シナリオ名: ログイン]
[ADMIN] 16:07:37.618274 シナリオ走行を開始しました [シナリオ名: ログイン]
[ADMIN] 16:07:37.621132 シナリオ走行を終了しました [シナリオ名: ログイン]
[ADMIN] 16:07:37.621142 シナリオ走行を開始しました [シナリオ名: ログイン]
[ADMIN] 16:07:37.665800 シナリオ走行を終了しました [シナリオ名: ログイン]
[ADMIN] 16:07:37.665817 シナリオ走行を開始しました [シナリオ名: ログイン]
[ADMIN] 16:07:37.667949 シナリオ走行を終了しました [シナリオ名: 新規ユーザー登録]
[ADMIN] 16:07:37.667968 シナリオ走行を開始しました [シナリオ名: 新規ユーザー登録]
[ADMIN] 16:07:37.696321 シナリオ走行を終了しました [シナリオ名: ログイン]
[ADMIN] 16:07:37.696335 シナリオ走行を開始しました [シナリオ名: ログイン]
[ADMIN] 16:07:37.699155 シナリオ走行を終了しました [シナリオ名: ログイン]
[ADMIN] 16:07:37.699164 シナリオ走行を開始しました [シナリオ名: ログイン]
[ADMIN] 16:07:37.708295 シナリオ走行を終了しました [シナリオ名: ログイン]
[ADMIN] 16:07:37.708304 シナリオ走行を開始しました [シナリオ名: ログイン]
[ADMIN] 16:07:37.724226 シナリオ走行を終了しました [シナリオ名: ログイン]
[ADMIN] 16:07:37.724234 シナリオ走行を開始しました [シナリオ名: ログイン]
[ADMIN] 16:07:37.750266 シナリオ走行を終了しました [シナリオ名: ログイン]
[ADMIN] 16:07:37.750277 シナリオ走行を開始しました [シナリオ名: ログイン]
[ADMIN] 16:07:37.763044 シナリオ走行を終了しました [シナリオ名: 新規ユーザー登録]
[ADMIN] 16:07:37.763063 シナリオ走行を開始しました [シナリオ名: 新規ユーザー登録]
[ADMIN] 16:07:37.832856 シナリオ走行を終了しました [シナリオ名: ログイン]
[ADMIN] 16:07:37.832866 シナリオ走行を開始しました [シナリオ名: ログイン]
[ADMIN] 16:07:37.847584 シナリオ走行を終了しました [シナリオ名: ログイン]
[ADMIN] 16:07:37.847594 シナリオ走行を開始しました [シナリオ名: ログイン]
[ADMIN] 16:07:37.883288 シナリオ走行を終了しました [シナリオ名: 新規ユーザー登録]
[ADMIN] 16:07:37.883315 シナリオ走行を開始しました [シナリオ名: 新規ユーザー登録]
[ADMIN] 16:07:37.911437 シナリオ走行を終了しました [シナリオ名: ログイン]
[ADMIN] 16:07:37.911449 シナリオ走行を開始しました [シナリオ名: ログイン]
[ADMIN] 16:07:37.944301 シナリオ走行を終了しました [シナリオ名: Banユーザログイン]
[ADMIN] 16:07:37.944320 シナリオ走行を開始しました [シナリオ名: Banユーザログイン]
[ADMIN] 16:07:37.950143 シナリオ走行を終了しました [シナリオ名: Banユーザログイン]
[ADMIN] 16:07:37.950157 シナリオ走行を開始しました [シナリオ名: Banユーザログイン]
[ADMIN] 16:07:38.004910 シナリオ走行を終了しました [シナリオ名: ログイン]
[ADMIN] 16:07:38.004925 シナリオ走行を開始しました [シナリオ名: ログイン]
[ADMIN] 16:07:38.055659 シナリオ走行を終了しました [シナリオ名: ログイン]
[ADMIN] 16:07:38.055672 シナリオ走行を開始しました [シナリオ名: ログイン]
[ADMIN] 16:07:38.072640 シナリオ走行を終了しました [シナリオ名: 新規ユーザー登録]
[ADMIN] 16:07:38.072665 シナリオ走行を開始しました [シナリオ名: 新規ユーザー登録]
[ADMIN] 16:07:38.113402 シナリオ走行を終了しました [シナリオ名: ログイン]
[ADMIN] 16:07:38.113416 シナリオ走行を開始しました [シナリオ名: ログイン]
[ADMIN] 16:07:38.122443 シナリオ走行を終了しました [シナリオ名: ログイン]
[ADMIN] 16:07:38.122455 シナリオ走行を開始しました [シナリオ名: ログイン]
[ADMIN] 16:07:38.133293 シナリオ走行を終了しました [シナリオ名: ログイン]
[ADMIN] 16:07:38.133305 シナリオ走行を開始しました [シナリオ名: ログイン]
[ADMIN] 16:07:38.157915 シナリオ走行を終了しました [シナリオ名: ログイン]
[ADMIN] 16:07:38.157926 シナリオ走行を開始しました [シナリオ名: ログイン]
[ADMIN] 16:07:38.194827 シナリオ走行を終了しました [シナリオ名: ログイン]
[ADMIN] 16:07:38.194844 シナリオ走行を開始しました [シナリオ名: ログイン]
[ADMIN] 16:07:38.211988 シナリオ走行を終了しました [シナリオ名: ログイン]
[ADMIN] 16:07:38.212003 シナリオ走行を開始しました [シナリオ名: ログイン]
[ADMIN] 16:07:38.212016 シナリオ走行を終了しました [シナリオ名: 新規ユーザー登録]
[ADMIN] 16:07:38.212031 シナリオ走行を開始しました [シナリオ名: 新規ユーザー登録]
[ADMIN] 16:07:38.220486 シナリオ走行を終了しました [シナリオ名: ログイン]
[ADMIN] 16:07:38.220497 シナリオ走行を開始しました [シナリオ名: ログイン]
[ADMIN] 16:07:38.249343 シナリオ走行を終了しました [シナリオ名: 新規ユーザー登録]
[ADMIN] 16:07:38.249365 シナリオ走行を開始しました [シナリオ名: 新規ユーザー登録]
[ADMIN] 16:07:38.307874 シナリオ走行を終了しました [シナリオ名: ログイン]
[ADMIN] 16:07:38.307887 シナリオ走行を開始しました [シナリオ名: ログイン]
[ADMIN] 16:07:38.335836 シナリオ走行を終了しました [シナリオ名: 新規ユーザー登録]
[ADMIN] 16:07:38.335860 シナリオ走行を開始しました [シナリオ名: 新規ユーザー登録]
[ADMIN] 16:07:38.401757 シナリオ走行を終了しました [シナリオ名: ログイン]
[ADMIN] 16:07:38.401775 シナリオ走行を開始しました [シナリオ名: ログイン]
[ADMIN] 16:07:38.421717 シナリオ走行を終了しました [シナリオ名: 新規ユーザー登録]
[ADMIN] 16:07:38.421749 シナリオ走行を開始しました [シナリオ名: 新規ユーザー登録]
[ADMIN] 16:07:38.447294 シナリオ走行を終了しました [シナリオ名: Banユーザログイン]
[ADMIN] 16:07:38.447317 シナリオ走行を開始しました [シナリオ名: Banユーザログイン]
[ADMIN] 16:07:38.452737 シナリオ走行を終了しました [シナリオ名: Banユーザログイン]
[ADMIN] 16:07:38.452755 シナリオ走行を開始しました [シナリオ名: Banユーザログイン]
[ADMIN] 16:07:38.478481 シナリオ走行を終了しました [シナリオ名: ログイン]
[ADMIN] 16:07:38.478494 シナリオ走行を開始しました [シナリオ名: ログイン]
[ADMIN] 16:07:38.513181 シナリオ走行を終了しました [シナリオ名: ログイン]
[ADMIN] 16:07:38.513194 シナリオ走行を開始しました [シナリオ名: ログイン]
[ADMIN] 16:07:38.572656 シナリオ走行を終了しました [シナリオ名: ログイン]
[ADMIN] 16:07:38.572670 シナリオ走行を開始しました [シナリオ名: ログイン]
[ADMIN] 16:07:38.594973 シナリオ走行を終了しました [シナリオ名: ログイン]
[ADMIN] 16:07:38.594987 シナリオ走行を開始しました [シナリオ名: ログイン]
[ADMIN] 16:07:38.613607 シナリオ走行を終了しました [シナリオ名: ログイン]
[ADMIN] 16:07:38.613620 シナリオ走行を開始しました [シナリオ名: ログイン]
[ADMIN] 16:07:38.645385 シナリオ走行を終了しました [シナリオ名: ログイン]
[ADMIN] 16:07:38.645398 シナリオ走行を開始しました [シナリオ名: ログイン]
[ADMIN] 16:07:38.650475 シナリオ走行を終了しました [シナリオ名: ログイン]
[ADMIN] 16:07:38.650486 シナリオ走行を開始しました [シナリオ名: ログイン]
[ADMIN] 16:07:38.696454 シナリオ走行を終了しました [シナリオ名: ログイン]
[ADMIN] 16:07:38.696466 シナリオ走行を開始しました [シナリオ名: ログイン]
[ADMIN] 16:07:38.778324 シナリオ走行を終了しました [シナリオ名: 新規ユーザー登録]
[ADMIN] 16:07:38.778351 シナリオ走行を開始しました [シナリオ名: 新規ユーザー登録]
[ADMIN] 16:07:38.848527 シナリオ走行を終了しました [シナリオ名: 新規ユーザー登録]
[ADMIN] 16:07:38.848552 シナリオ走行を開始しました [シナリオ名: 新規ユーザー登録]
[ADMIN] 16:07:38.865199 シナリオ走行を終了しました [シナリオ名: ログイン]
[ADMIN] 16:07:38.865209 シナリオ走行を開始しました [シナリオ名: ログイン]
[ADMIN] 16:07:38.884608 シナリオ走行を終了しました [シナリオ名: ログイン]
[ADMIN] 16:07:38.884622 シナリオ走行を開始しました [シナリオ名: ログイン]
[ADMIN] 16:07:38.902002 シナリオ走行を終了しました [シナリオ名: 新規ユーザー登録]
[ADMIN] 16:07:38.902023 シナリオ走行を開始しました [シナリオ名: 新規ユーザー登録]
[ADMIN] 16:07:38.912037 シナリオ走行を終了しました [シナリオ名: 新規ユーザー登録]
[ADMIN] 16:07:38.912055 シナリオ走行を開始しました [シナリオ名: 新規ユーザー登録]
[ADMIN] 16:07:38.928825 シナリオ走行を終了しました [シナリオ名: ログイン]
[ADMIN] 16:07:38.928835 シナリオ走行を開始しました [シナリオ名: ログイン]
[ADMIN] 16:07:38.950185 シナリオ走行を終了しました [シナリオ名: Banユーザログイン]
[ADMIN] 16:07:38.950201 シナリオ走行を開始しました [シナリオ名: Banユーザログイン]
[ADMIN] 16:07:38.954869 シナリオ走行を終了しました [シナリオ名: Banユーザログイン]
[ADMIN] 16:07:38.954883 シナリオ走行を開始しました [シナリオ名: Banユーザログイン]
[ADMIN] 16:07:38.981764 シナリオ走行を終了しました [シナリオ名: ログイン]
[ADMIN] 16:07:38.981776 シナリオ走行を開始しました [シナリオ名: ログイン]
[ADMIN] 16:07:38.982143 シナリオ走行を終了しました [シナリオ名: ログイン]
[ADMIN] 16:07:38.982154 シナリオ走行を開始しました [シナリオ名: ログイン]
[ADMIN] 16:07:39.024804 シナリオ走行を終了しました [シナリオ名: ログイン]
[ADMIN] 16:07:39.024815 シナリオ走行を開始しました [シナリオ名: ログイン]
[ADMIN] 16:07:39.041837 シナリオ走行を終了しました [シナリオ名: ログイン]
[ADMIN] 16:07:39.041849 シナリオ走行を開始しました [シナリオ名: ログイン]
[ADMIN] 16:07:39.043941 シナリオ走行を終了しました [シナリオ名: 新規ユーザー登録]
[ADMIN] 16:07:39.043960 シナリオ走行を開始しました [シナリオ名: 新規ユーザー登録]
[ADMIN] 16:07:39.044540 シナリオ走行を終了しました [シナリオ名: ログイン]
[ADMIN] 16:07:39.044547 シナリオ走行を開始しました [シナリオ名: ログイン]
[ADMIN] 16:07:39.114862 シナリオ走行を終了しました [シナリオ名: ログイン]
[ADMIN] 16:07:39.114875 シナリオ走行を開始しました [シナリオ名: ログイン]
[ADMIN] 16:07:39.120499 シナリオ走行を終了しました [シナリオ名: ログイン]
[ADMIN] 16:07:39.120507 シナリオ走行を開始しました [シナリオ名: ログイン]
[ADMIN] 16:07:39.212908 シナリオ走行を終了しました [シナリオ名: ログイン]
[ADMIN] 16:07:39.212923 シナリオ走行を開始しました [シナリオ名: ログイン]
[ADMIN] 16:07:39.275697 シナリオ走行を終了しました [シナリオ名: ログイン]
[ADMIN] 16:07:39.275710 シナリオ走行を開始しました [シナリオ名: ログイン]
[ADMIN] 16:07:39.312501 シナリオ走行を終了しました [シナリオ名: 新規ユーザー登録]
[ADMIN] 16:07:39.312528 シナリオ走行を開始しました [シナリオ名: 新規ユーザー登録]
[ADMIN] 16:07:39.317824 シナリオ走行を終了しました [シナリオ名: ログイン]
[ADMIN] 16:07:39.317835 シナリオ走行を開始しました [シナリオ名: ログイン]
[ADMIN] 16:07:39.338996 シナリオ走行を終了しました [シナリオ名: ログイン]
[ADMIN] 16:07:39.339009 シナリオ走行を開始しました [シナリオ名: ログイン]
[ADMIN] 16:07:39.411295 シナリオ走行を終了しました [シナリオ名: ログイン]
[ADMIN] 16:07:39.411311 シナリオ走行を開始しました [シナリオ名: ログイン]
[ADMIN] 16:07:39.420784 シナリオ走行を終了しました [シナリオ名: ログイン]
[ADMIN] 16:07:39.420795 シナリオ走行を開始しました [シナリオ名: ログイン]
[ADMIN] 16:07:39.433217 シナリオ走行を終了しました [シナリオ名: ログイン]
[ADMIN] 16:07:39.433226 シナリオ走行を開始しました [シナリオ名: ログイン]
[ADMIN] 16:07:39.446609 シナリオ走行を終了しました [シナリオ名: ログイン]
[ADMIN] 16:07:39.446633 シナリオ走行を開始しました [シナリオ名: ログイン]
[ADMIN] 16:07:39.452801 シナリオ走行を終了しました [シナリオ名: Banユーザログイン]
[ADMIN] 16:07:39.452813 シナリオ走行を開始しました [シナリオ名: Banユーザログイン]
[ADMIN] 16:07:39.457977 シナリオ走行を終了しました [シナリオ名: Banユーザログイン]
[ADMIN] 16:07:39.457991 シナリオ走行を開始しました [シナリオ名: Banユーザログイン]
[ADMIN] 16:07:39.460143 シナリオ走行を終了しました [シナリオ名: 新規ユーザー登録]
[ADMIN] 16:07:39.460169 シナリオ走行を開始しました [シナリオ名: 新規ユーザー登録]
[ADMIN] 16:07:39.471577 シナリオ走行を終了しました [シナリオ名: ログイン]
[ADMIN] 16:07:39.471586 シナリオ走行を開始しました [シナリオ名: ログイン]
[ADMIN] 16:07:39.548296 シナリオ走行を終了しました [シナリオ名: ログイン]
[ADMIN] 16:07:39.548311 シナリオ走行を開始しました [シナリオ名: ログイン]
[ADMIN] 16:07:39.561882 シナリオ走行を終了しました [シナリオ名: ログイン]
[ADMIN] 16:07:39.561894 シナリオ走行を開始しました [シナリオ名: ログイン]
[ADMIN] 16:07:39.581819 シナリオ走行を終了しました [シナリオ名: 新規ユーザー登録]
[ADMIN] 16:07:39.581845 シナリオ走行を開始しました [シナリオ名: 新規ユーザー登録]
[ADMIN] 16:07:39.649614 シナリオ走行を終了しました [シナリオ名: 新規ユーザー登録]
[ADMIN] 16:07:39.649637 シナリオ走行を開始しました [シナリオ名: 新規ユーザー登録]
[ADMIN] 16:07:39.705892 シナリオ走行を終了しました [シナリオ名: 新規ユーザー登録]
[ADMIN] 16:07:39.705916 シナリオ走行を開始しました [シナリオ名: 新規ユーザー登録]
[ADMIN] 16:07:39.722777 シナリオ走行を終了しました [シナリオ名: ログイン]
[ADMIN] 16:07:39.722789 シナリオ走行を開始しました [シナリオ名: ログイン]
[ADMIN] 16:07:39.723564 シナリオ走行を終了しました [シナリオ名: ログイン]
[ADMIN] 16:07:39.723573 シナリオ走行を開始しました [シナリオ名: ログイン]
[ADMIN] 16:07:39.802667 シナリオ走行を終了しました [シナリオ名: ログイン]
[ADMIN] 16:07:39.802680 シナリオ走行を開始しました [シナリオ名: ログイン]
[ADMIN] 16:07:39.837307 シナリオ走行を終了しました [シナリオ名: ログイン]
[ADMIN] 16:07:39.837322 シナリオ走行を開始しました [シナリオ名: ログイン]
[ADMIN] 16:07:39.861186 シナリオ走行を終了しました [シナリオ名: ログイン]
[ADMIN] 16:07:39.861195 シナリオ走行を開始しました [シナリオ名: ログイン]
[ADMIN] 16:07:39.956878 シナリオ走行を終了しました [シナリオ名: Banユーザログイン]
[ADMIN] 16:07:39.956899 シナリオ走行を開始しました [シナリオ名: Banユーザログイン]
[ADMIN] 16:07:39.960229 シナリオ走行を終了しました [シナリオ名: Banユーザログイン]
[ADMIN] 16:07:39.960240 シナリオ走行を開始しました [シナリオ名: Banユーザログイン]
[ADMIN] 16:07:39.963569 シナリオ走行を終了しました [シナリオ名: ログイン]
[ADMIN] 16:07:39.963582 シナリオ走行を開始しました [シナリオ名: ログイン]
[ADMIN] 16:07:39.993791 シナリオ走行を終了しました [シナリオ名: 新規ユーザー登録]
[ADMIN] 16:07:39.993812 シナリオ走行を開始しました [シナリオ名: 新規ユーザー登録]
[ADMIN] 16:07:40.014900 シナリオ走行を終了しました [シナリオ名: ログイン]
[ADMIN] 16:07:40.014911 シナリオ走行を開始しました [シナリオ名: ログイン]
[ADMIN] 16:07:40.041748 シナリオ走行を終了しました [シナリオ名: ログイン]
[ADMIN] 16:07:40.041757 シナリオ走行を開始しました [シナリオ名: ログイン]
[ADMIN] 16:07:40.045290 シナリオ走行を終了しました [シナリオ名: ログイン]
[ADMIN] 16:07:40.045305 シナリオ走行を開始しました [シナリオ名: ログイン]
[ADMIN] 16:07:40.059340 シナリオ走行を終了しました [シナリオ名: ログイン]
[ADMIN] 16:07:40.059349 シナリオ走行を開始しました [シナリオ名: ログイン]
[ADMIN] 16:07:40.107663 シナリオ走行を終了しました [シナリオ名: ログイン]
[ADMIN] 16:07:40.107676 シナリオ走行を開始しました [シナリオ名: ログイン]
[ADMIN] 16:07:40.195453 シナリオ走行を終了しました [シナリオ名: ログイン]
[ADMIN] 16:07:40.195467 シナリオ走行を開始しました [シナリオ名: ログイン]
[ADMIN] 16:07:40.202309 シナリオ走行を終了しました [シナリオ名: 新規ユーザー登録]
[ADMIN] 16:07:40.202326 シナリオ走行を開始しました [シナリオ名: 新規ユーザー登録]
[ADMIN] 16:07:40.229302 シナリオ走行を終了しました [シナリオ名: 新規ユーザー登録]
[ADMIN] 16:07:40.229321 シナリオ走行を開始しました [シナリオ名: 新規ユーザー登録]
[ADMIN] 16:07:40.246170 シナリオ走行を終了しました [シナリオ名: 新規ユーザー登録]
[ADMIN] 16:07:40.246186 シナリオ走行を開始しました [シナリオ名: 新規ユーザー登録]
[ADMIN] 16:07:40.281618 シナリオ走行を終了しました [シナリオ名: ログイン]
[ADMIN] 16:07:40.281630 シナリオ走行を開始しました [シナリオ名: ログイン]
[ADMIN] 16:07:40.375954 シナリオ走行を終了しました [シナリオ名: ログイン]
[ADMIN] 16:07:40.375969 シナリオ走行を開始しました [シナリオ名: ログイン]
[ADMIN] 16:07:40.425537 シナリオ走行を終了しました [シナリオ名: ログイン]
[ADMIN] 16:07:40.425552 シナリオ走行を開始しました [シナリオ名: ログイン]
[ADMIN] 16:07:40.428927 シナリオ走行を終了しました [シナリオ名: ログイン]
[ADMIN] 16:07:40.428939 シナリオ走行を開始しました [シナリオ名: ログイン]
[ADMIN] 16:07:40.434401 シナリオ走行を終了しました [シナリオ名: 新規ユーザー登録]
[ADMIN] 16:07:40.434421 シナリオ走行を開始しました [シナリオ名: 新規ユーザー登録]
[ADMIN] 16:07:40.460030 シナリオ走行を終了しました [シナリオ名: Banユーザログイン]
[ADMIN] 16:07:40.460046 シナリオ走行を開始しました [シナリオ名: Banユーザログイン]
[ADMIN] 16:07:40.468312 シナリオ走行を終了しました [シナリオ名: Banユーザログイン]
[ADMIN] 16:07:40.468326 シナリオ走行を開始しました [シナリオ名: Banユーザログイン]
[ADMIN] 16:07:40.475688 シナリオ走行を終了しました [シナリオ名: ログイン]
[ADMIN] 16:07:40.475697 シナリオ走行を開始しました [シナリオ名: ログイン]
[ADMIN] 16:07:40.503757 シナリオ走行を終了しました [シナリオ名: ログイン]
[ADMIN] 16:07:40.503766 シナリオ走行を開始しました [シナリオ名: ログイン]
[ADMIN] 16:07:40.523395 シナリオ走行を終了しました [シナリオ名: ログイン]
[ADMIN] 16:07:40.523404 シナリオ走行を開始しました [シナリオ名: ログイン]
[ADMIN] 16:07:40.564093 シナリオ走行を終了しました [シナリオ名: 新規ユーザー登録]
[ADMIN] 16:07:40.564116 シナリオ走行を開始しました [シナリオ名: 新規ユーザー登録]
[ADMIN] 16:07:40.622303 シナリオ走行を終了しました [シナリオ名: ログイン]
[ADMIN] 16:07:40.622318 シナリオ走行を開始しました [シナリオ名: ログイン]
[ADMIN] 16:07:40.628958 シナリオ走行を終了しました [シナリオ名: ログイン]
[ADMIN] 16:07:40.628972 シナリオ走行を開始しました [シナリオ名: ログイン]
[ADMIN] 16:07:40.659963 シナリオ走行を終了しました [シナリオ名: ログイン]
[ADMIN] 16:07:40.659977 シナリオ走行を開始しました [シナリオ名: ログイン]
[ADMIN] 16:07:40.672234 シナリオ走行を終了しました [シナリオ名: ログイン]
[ADMIN] 16:07:40.672248 シナリオ走行を開始しました [シナリオ名: ログイン]
[ADMIN] 16:07:40.687257 シナリオ走行を終了しました [シナリオ名: ログイン]
[ADMIN] 16:07:40.687271 シナリオ走行を開始しました [シナリオ名: ログイン]
[ADMIN] 16:07:40.816138 シナリオ走行を終了しました [シナリオ名: 新規ユーザー登録]
[ADMIN] 16:07:40.816165 シナリオ走行を開始しました [シナリオ名: 新規ユーザー登録]
[ADMIN] 16:07:40.826810 シナリオ走行を終了しました [シナリオ名: 新規ユーザー登録]
[ADMIN] 16:07:40.826831 シナリオ走行を開始しました [シナリオ名: 新規ユーザー登録]
[ADMIN] 16:07:40.849892 シナリオ走行を終了しました [シナリオ名: ログイン]
[ADMIN] 16:07:40.849903 シナリオ走行を開始しました [シナリオ名: ログイン]
[ADMIN] 16:07:40.851077 シナリオ走行を終了しました [シナリオ名: ログイン]
[ADMIN] 16:07:40.851085 シナリオ走行を開始しました [シナリオ名: ログイン]
[ADMIN] 16:07:40.865649 シナリオ走行を終了しました [シナリオ名: 新規ユーザー登録]
[ADMIN] 16:07:40.865670 シナリオ走行を開始しました [シナリオ名: 新規ユーザー登録]
[ADMIN] 16:07:40.867653 シナリオ走行を終了しました [シナリオ名: ログイン]
[ADMIN] 16:07:40.867664 シナリオ走行を開始しました [シナリオ名: ログイン]
[ADMIN] 16:07:40.933522 シナリオ走行を終了しました [シナリオ名: ログイン]
[ADMIN] 16:07:40.933537 シナリオ走行を開始しました [シナリオ名: ログイン]
[ADMIN] 16:07:40.962447 シナリオ走行を終了しました [シナリオ名: Banユーザログイン]
[ADMIN] 16:07:40.962464 シナリオ走行を開始しました [シナリオ名: Banユーザログイン]
[ADMIN] 16:07:40.964255 シナリオ走行を終了しました [シナリオ名: ログイン]
[ADMIN] 16:07:40.964265 シナリオ走行を開始しました [シナリオ名: ログイン]
[ADMIN] 16:07:40.973076 シナリオ走行を終了しました [シナリオ名: Banユーザログイン]
[ADMIN] 16:07:40.973092 シナリオ走行を開始しました [シナリオ名: Banユーザログイン]
[ADMIN] 16:07:41.023831 シナリオ走行を終了しました [シナリオ名: ログイン]
[ADMIN] 16:07:41.023846 シナリオ走行を開始しました [シナリオ名: ログイン]
[ADMIN] 16:07:41.058001 シナリオ走行を終了しました [シナリオ名: ログイン]
[ADMIN] 16:07:41.058015 シナリオ走行を開始しました [シナリオ名: ログイン]
[ADMIN] 16:07:41.117877 シナリオ走行を終了しました [シナリオ名: 新規ユーザー登録]
[ADMIN] 16:07:41.117904 シナリオ走行を開始しました [シナリオ名: 新規ユーザー登録]
[ADMIN] 16:07:41.140552 シナリオ走行を終了しました [シナリオ名: ログイン]
[ADMIN] 16:07:41.140566 シナリオ走行を開始しました [シナリオ名: ログイン]
[ADMIN] 16:07:41.145103 シナリオ走行を終了しました [シナリオ名: ログイン]
[ADMIN] 16:07:41.145113 シナリオ走行を開始しました [シナリオ名: ログイン]
[ADMIN] 16:07:41.152564 シナリオ走行を終了しました [シナリオ名: ログイン]
[ADMIN] 16:07:41.152573 シナリオ走行を開始しました [シナリオ名: ログイン]
[ADMIN] 16:07:41.176216 シナリオ走行を終了しました [シナリオ名: 新規ユーザー登録]
[ADMIN] 16:07:41.176237 シナリオ走行を開始しました [シナリオ名: 新規ユーザー登録]
[ADMIN] 16:07:41.184785 シナリオ走行を終了しました [シナリオ名: ログイン]
[ADMIN] 16:07:41.184794 シナリオ走行を開始しました [シナリオ名: ログイン]
[ADMIN] 16:07:41.263008 シナリオ走行を終了しました [シナリオ名: ログイン]
[ADMIN] 16:07:41.263021 シナリオ走行を開始しました [シナリオ名: ログイン]
[ADMIN] 16:07:41.305490 シナリオ走行を終了しました [シナリオ名: 新規ユーザー登録]
[ADMIN] 16:07:41.305511 シナリオ走行を開始しました [シナリオ名: 新規ユーザー登録]
[ADMIN] 16:07:41.328834 シナリオ走行を終了しました [シナリオ名: 新規ユーザー登録]
[ADMIN] 16:07:41.328852 シナリオ走行を開始しました [シナリオ名: 新規ユーザー登録]
[ADMIN] 16:07:41.333614 シナリオ走行を終了しました [シナリオ名: ログイン]
[ADMIN] 16:07:41.333626 シナリオ走行を開始しました [シナリオ名: ログイン]
[ADMIN] 16:07:41.354034 シナリオ走行を終了しました [シナリオ名: ログイン]
[ADMIN] 16:07:41.354046 シナリオ走行を開始しました [シナリオ名: ログイン]
[ADMIN] 16:07:41.406880 シナリオ走行を終了しました [シナリオ名: ログイン]
[ADMIN] 16:07:41.406891 シナリオ走行を開始しました [シナリオ名: ログイン]
[ADMIN] 16:07:41.452022 シナリオ走行を終了しました [シナリオ名: 新規ユーザー登録]
[ADMIN] 16:07:41.452044 シナリオ走行を開始しました [シナリオ名: 新規ユーザー登録]
[ADMIN] 16:07:41.465530 シナリオ走行を終了しました [シナリオ名: Banユーザログイン]
[ADMIN] 16:07:41.465546 シナリオ走行を開始しました [シナリオ名: Banユーザログイン]
[ADMIN] 16:07:41.479028 シナリオ走行を終了しました [シナリオ名: Banユーザログイン]
[ADMIN] 16:07:41.479041 シナリオ走行を開始しました [シナリオ名: Banユーザログイン]
[ADMIN] 16:07:41.522047 シナリオ走行を終了しました [シナリオ名: ログイン]
[ADMIN] 16:07:41.522059 シナリオ走行を開始しました [シナリオ名: ログイン]
[ADMIN] 16:07:41.545703 シナリオ走行を終了しました [シナリオ名: ログイン]
[ADMIN] 16:07:41.545714 シナリオ走行を開始しました [シナリオ名: ログイン]
[ADMIN] 16:07:41.574391 シナリオ走行を終了しました [シナリオ名: ログイン]
[ADMIN] 16:07:41.574402 シナリオ走行を開始しました [シナリオ名: ログイン]
[ADMIN] 16:07:41.599935 シナリオ走行を終了しました [シナリオ名: ログイン]
[ADMIN] 16:07:41.599946 シナリオ走行を開始しました [シナリオ名: ログイン]
[ADMIN] 16:07:41.648331 シナリオ走行を終了しました [シナリオ名: ログイン]
[ADMIN] 16:07:41.648343 シナリオ走行を開始しました [シナリオ名: ログイン]
[ADMIN] 16:07:41.708412 シナリオ走行を終了しました [シナリオ名: ログイン]
[ADMIN] 16:07:41.708425 シナリオ走行を開始しました [シナリオ名: ログイン]
[ADMIN] 16:07:41.710160 シナリオ走行を終了しました [シナリオ名: 新規ユーザー登録]
[ADMIN] 16:07:41.710181 シナリオ走行を開始しました [シナリオ名: 新規ユーザー登録]
[ADMIN] 16:07:41.737775 シナリオ走行を終了しました [シナリオ名: ログイン]
[ADMIN] 16:07:41.737790 シナリオ走行を開始しました [シナリオ名: ログイン]
[ADMIN] 16:07:41.811915 シナリオ走行を終了しました [シナリオ名: 新規ユーザー登録]
[ADMIN] 16:07:41.811940 シナリオ走行を開始しました [シナリオ名: 新規ユーザー登録]
[ADMIN] 16:07:41.823249 シナリオ走行を終了しました [シナリオ名: ログイン]
[ADMIN] 16:07:41.823261 シナリオ走行を開始しました [シナリオ名: ログイン]
[ADMIN] 16:07:41.876034 シナリオ走行を終了しました [シナリオ名: ログイン]
[ADMIN] 16:07:41.876048 シナリオ走行を開始しました [シナリオ名: ログイン]
[ADMIN] 16:07:41.877600 シナリオ走行を終了しました [シナリオ名: ログイン]
[ADMIN] 16:07:41.877611 シナリオ走行を開始しました [シナリオ名: ログイン]
[ADMIN] 16:07:41.893792 シナリオ走行を終了しました [シナリオ名: 新規ユーザー登録]
[ADMIN] 16:07:41.893812 シナリオ走行を開始しました [シナリオ名: 新規ユーザー登録]
[ADMIN] 16:07:41.914545 シナリオ走行を終了しました [シナリオ名: ログイン]
[ADMIN] 16:07:41.914559 シナリオ走行を開始しました [シナリオ名: ログイン]
[ADMIN] 16:07:41.918108 シナリオ走行を終了しました [シナリオ名: 新規ユーザー登録]
[ADMIN] 16:07:41.918129 シナリオ走行を開始しました [シナリオ名: 新規ユーザー登録]
[ADMIN] 16:07:41.937862 シナリオ走行を終了しました [シナリオ名: ログイン]
[ADMIN] 16:07:41.937873 シナリオ走行を開始しました [シナリオ名: ログイン]
[ADMIN] 16:07:41.963432 シナリオ走行を終了しました [シナリオ名: ログイン]
[ADMIN] 16:07:41.963442 シナリオ走行を開始しました [シナリオ名: ログイン]
[ADMIN] 16:07:41.968859 シナリオ走行を終了しました [シナリオ名: Banユーザログイン]
[ADMIN] 16:07:41.968875 シナリオ走行を開始しました [シナリオ名: Banユーザログイン]
[ADMIN] 16:07:41.980673 シナリオ走行を終了しました [シナリオ名: Banユーザログイン]
[ADMIN] 16:07:41.980682 シナリオ走行を開始しました [シナリオ名: Banユーザログイン]
[ADMIN] 16:07:42.018336 シナリオ走行を終了しました [シナリオ名: 新規ユーザー登録]
[ADMIN] 16:07:42.018359 シナリオ走行を開始しました [シナリオ名: 新規ユーザー登録]
[ADMIN] 16:07:42.080567 シナリオ走行を終了しました [シナリオ名: ログイン]
[ADMIN] 16:07:42.080583 シナリオ走行を開始しました [シナリオ名: ログイン]
[ADMIN] 16:07:42.209405 シナリオ走行を終了しました [シナリオ名: ログイン]
[ADMIN] 16:07:42.209421 シナリオ走行を開始しました [シナリオ名: ログイン]
[ADMIN] 16:07:42.210387 シナリオ走行を終了しました [シナリオ名: ログイン]
[ADMIN] 16:07:42.210397 シナリオ走行を開始しました [シナリオ名: ログイン]
[ADMIN] 16:07:42.218362 シナリオ走行を終了しました [シナリオ名: ログイン]
[ADMIN] 16:07:42.218372 シナリオ走行を開始しました [シナリオ名: ログイン]
[ADMIN] 16:07:42.268127 シナリオ走行を終了しました [シナリオ名: ログイン]
[ADMIN] 16:07:42.268139 シナリオ走行を開始しました [シナリオ名: ログイン]
[ADMIN] 16:07:42.314734 シナリオ走行を終了しました [シナリオ名: ログイン]
[ADMIN] 16:07:42.314745 シナリオ走行を開始しました [シナリオ名: ログイン]
[ADMIN] 16:07:42.319080 シナリオ走行を終了しました [シナリオ名: ログイン]
[ADMIN] 16:07:42.319089 シナリオ走行を開始しました [シナリオ名: ログイン]
[ADMIN] 16:07:42.321164 シナリオ走行を終了しました [シナリオ名: 新規ユーザー登録]
[ADMIN] 16:07:42.321185 シナリオ走行を開始しました [シナリオ名: 新規ユーザー登録]
[ADMIN] 16:07:42.395503 シナリオ走行を終了しました [シナリオ名: ログイン]
[ADMIN] 16:07:42.395520 シナリオ走行を開始しました [シナリオ名: ログイン]
[ADMIN] 16:07:42.424813 シナリオ走行を終了しました [シナリオ名: ログイン]
[ADMIN] 16:07:42.424831 シナリオ走行を開始しました [シナリオ名: ログイン]
[ADMIN] 16:07:42.425361 シナリオ走行を終了しました [シナリオ名: 新規ユーザー登録]
[ADMIN] 16:07:42.425377 シナリオ走行を開始しました [シナリオ名: 新規ユーザー登録]
[ADMIN] 16:07:42.433295 シナリオ走行を終了しました [シナリオ名: ログイン]
[ADMIN] 16:07:42.433305 シナリオ走行を開始しました [シナリオ名: ログイン]
[ADMIN] 16:07:42.456918 シナリオ走行を終了しました [シナリオ名: ログイン]
[ADMIN] 16:07:42.456930 シナリオ走行を開始しました [シナリオ名: ログイン]
[ADMIN] 16:07:42.472554 シナリオ走行を終了しました [シナリオ名: Banユーザログイン]
[ADMIN] 16:07:42.472578 シナリオ走行を開始しました [シナリオ名: Banユーザログイン]
[ADMIN] 16:07:42.490265 シナリオ走行を終了しました [シナリオ名: Banユーザログイン]
[ADMIN] 16:07:42.490279 シナリオ走行を開始しました [シナリオ名: Banユーザログイン]
[ADMIN] 16:07:42.497365 シナリオ走行を終了しました [シナリオ名: ログイン]
[ADMIN] 16:07:42.497373 シナリオ走行を開始しました [シナリオ名: ログイン]
[ADMIN] 16:07:42.514380 シナリオ走行を終了しました [シナリオ名: 新規ユーザー登録]
[ADMIN] 16:07:42.514399 シナリオ走行を開始しました [シナリオ名: 新規ユーザー登録]
[ADMIN] 16:07:42.549038 シナリオ走行を終了しました [シナリオ名: ログイン]
[ADMIN] 16:07:42.549051 シナリオ走行を開始しました [シナリオ名: ログイン]
[ADMIN] 16:07:42.552032 シナリオ走行を終了しました [シナリオ名: 新規ユーザー登録]
[ADMIN] 16:07:42.552051 シナリオ走行を開始しました [シナリオ名: 新規ユーザー登録]
[ADMIN] 16:07:42.702998 シナリオ走行を終了しました [シナリオ名: ログイン]
[ADMIN] 16:07:42.703011 シナリオ走行を開始しました [シナリオ名: ログイン]
[ADMIN] 16:07:42.704530 シナリオ走行を終了しました [シナリオ名: ログイン]
[ADMIN] 16:07:42.704538 シナリオ走行を開始しました [シナリオ名: ログイン]
[ADMIN] 16:07:42.709381 シナリオ走行を終了しました [シナリオ名: ログイン]
[ADMIN] 16:07:42.709389 シナリオ走行を開始しました [シナリオ名: ログイン]
[ADMIN] 16:07:42.762774 シナリオ走行を終了しました [シナリオ名: ログイン]
[ADMIN] 16:07:42.762787 シナリオ走行を開始しました [シナリオ名: ログイン]
[ADMIN] 16:07:42.768833 シナリオ走行を終了しました [シナリオ名: 新規ユーザー登録]
[ADMIN] 16:07:42.768851 シナリオ走行を開始しました [シナリオ名: 新規ユーザー登録]
[ADMIN] 16:07:42.786265 シナリオ走行を終了しました [シナリオ名: ログイン]
[ADMIN] 16:07:42.786276 シナリオ走行を開始しました [シナリオ名: ログイン]
[ADMIN] 16:07:42.837345 シナリオ走行を終了しました [シナリオ名: ログイン]
[ADMIN] 16:07:42.837357 シナリオ走行を開始しました [シナリオ名: ログイン]
[ADMIN] 16:07:42.848539 シナリオ走行を終了しました [シナリオ名: ログイン]
[ADMIN] 16:07:42.848547 シナリオ走行を開始しました [シナリオ名: ログイン]
[ADMIN] 16:07:42.912495 シナリオ走行を終了しました [シナリオ名: 新規ユーザー登録]
[ADMIN] 16:07:42.912516 シナリオ走行を開始しました [シナリオ名: 新規ユーザー登録]
[ADMIN] 16:07:42.948012 シナリオ走行を終了しました [シナリオ名: ログイン]
[ADMIN] 16:07:42.948029 シナリオ走行を開始しました [シナリオ名: ログイン]
[ADMIN] 16:07:42.976933 シナリオ走行を終了しました [シナリオ名: Banユーザログイン]
[ADMIN] 16:07:42.976953 シナリオ走行を開始しました [シナリオ名: Banユーザログイン]
[ADMIN] 16:07:42.993653 シナリオ走行を終了しました [シナリオ名: Banユーザログイン]
[ADMIN] 16:07:42.993672 シナリオ走行を開始しました [シナリオ名: Banユーザログイン]
[ADMIN] 16:07:43.029597 シナリオ走行を終了しました [シナリオ名: ログイン]
[ADMIN] 16:07:43.029610 シナリオ走行を開始しました [シナリオ名: ログイン]
[ADMIN] 16:07:43.034701 シナリオ走行を終了しました [シナリオ名: 新規ユーザー登録]
[ADMIN] 16:07:43.034723 シナリオ走行を開始しました [シナリオ名: 新規ユーザー登録]
[ADMIN] 16:07:43.037815 シナリオ走行を終了しました [シナリオ名: 新規ユーザー登録]
[ADMIN] 16:07:43.037829 シナリオ走行を開始しました [シナリオ名: 新規ユーザー登録]
[ADMIN] 16:07:43.057471 シナリオ走行を終了しました [シナリオ名: ログイン]
[ADMIN] 16:07:43.057481 シナリオ走行を開始しました [シナリオ名: ログイン]
[ADMIN] 16:07:43.070924 シナリオ走行を終了しました [シナリオ名: ログイン]
[ADMIN] 16:07:43.070935 シナリオ走行を開始しました [シナリオ名: ログイン]
[ADMIN] 16:07:43.074513 シナリオ走行を終了しました [シナリオ名: ログイン]
[ADMIN] 16:07:43.074521 シナリオ走行を開始しました [シナリオ名: ログイン]
[ADMIN] 16:07:43.137093 シナリオ走行を終了しました [シナリオ名: ログイン]
[ADMIN] 16:07:43.137107 シナリオ走行を開始しました [シナリオ名: ログイン]
[ADMIN] 16:07:43.146542 シナリオ走行を終了しました [シナリオ名: ログイン]
[ADMIN] 16:07:43.146555 シナリオ走行を開始しました [シナリオ名: ログイン]
[ADMIN] 16:07:43.213834 シナリオ走行を終了しました [シナリオ名: ログイン]
[ADMIN] 16:07:43.213847 シナリオ走行を開始しました [シナリオ名: ログイン]
[ADMIN] 16:07:43.218946 シナリオ走行を終了しました [シナリオ名: 新規ユーザー登録]
[ADMIN] 16:07:43.218969 シナリオ走行を開始しました [シナリオ名: 新規ユーザー登録]
[ADMIN] 16:07:43.297985 シナリオ走行を終了しました [シナリオ名: ログイン]
[ADMIN] 16:07:43.297997 シナリオ走行を開始しました [シナリオ名: ログイン]
[ADMIN] 16:07:43.322991 シナリオ走行を終了しました [シナリオ名: 新規ユーザー登録]
[ADMIN] 16:07:43.323019 シナリオ走行を開始しました [シナリオ名: 新規ユーザー登録]
[ADMIN] 16:07:43.356348 シナリオ走行を終了しました [シナリオ名: ログイン]
[ADMIN] 16:07:43.356362 シナリオ走行を開始しました [シナリオ名: ログイン]
[ADMIN] 16:07:43.364825 シナリオ走行を終了しました [シナリオ名: ログイン]
[ADMIN] 16:07:43.364836 シナリオ走行を開始しました [シナリオ名: ログイン]
[ADMIN] 16:07:43.412219 シナリオ走行を終了しました [シナリオ名: ログイン]
[ADMIN] 16:07:43.412234 シナリオ走行を開始しました [シナリオ名: ログイン]
[ADMIN] 16:07:43.478977 シナリオ走行を終了しました [シナリオ名: ログイン]
[ADMIN] 16:07:43.478990 シナリオ走行を開始しました [シナリオ名: ログイン]
[ADMIN] 16:07:43.479131 シナリオ走行を終了しました [シナリオ名: Banユーザログイン]
[ADMIN] 16:07:43.479152 シナリオ走行を開始しました [シナリオ名: Banユーザログイン]
[ADMIN] 16:07:43.499433 シナリオ走行を終了しました [シナリオ名: Banユーザログイン]
[ADMIN] 16:07:43.499449 シナリオ走行を開始しました [シナリオ名: Banユーザログイン]
[ADMIN] 16:07:43.503224 シナリオ走行を終了しました [シナリオ名: ログイン]
[ADMIN] 16:07:43.503233 シナリオ走行を開始しました [シナリオ名: ログイン]
[ADMIN] 16:07:43.507900 シナリオ走行を終了しました [シナリオ名: ログイン]
[ADMIN] 16:07:43.507910 シナリオ走行を開始しました [シナリオ名: ログイン]
[ADMIN] 16:07:43.522427 シナリオ走行を終了しました [シナリオ名: ログイン]
[ADMIN] 16:07:43.522438 シナリオ走行を開始しました [シナリオ名: ログイン]
[ADMIN] 16:07:43.544610 シナリオ走行を終了しました [シナリオ名: ログイン]
[ADMIN] 16:07:43.544621 シナリオ走行を開始しました [シナリオ名: ログイン]
[ADMIN] 16:07:43.569473 シナリオ走行を終了しました [シナリオ名: 新規ユーザー登録]
[ADMIN] 16:07:43.569495 シナリオ走行を開始しました [シナリオ名: 新規ユーザー登録]
16:07:43.645806 現在のログイン成功数: [total: 573 (+406人)]
16:07:43.645813 現在のユーザー登録成功数: [total: 333 (+205人)]
[ADMIN] 16:07:43.645795 シナリオ走行を開始しました [シナリオ名: マスター更新]
[ADMIN] 16:07:43.679452 シナリオ走行を終了しました [シナリオ名: 新規ユーザー登録]
[ADMIN] 16:07:43.679480 シナリオ走行を開始しました [シナリオ名: 新規ユーザー登録]
[ADMIN] 16:07:43.732386 シナリオ走行を終了しました [シナリオ名: 新規ユーザー登録]
[ADMIN] 16:07:43.732412 シナリオ走行を開始しました [シナリオ名: 新規ユーザー登録]
16:07:43.746901 マスターデータの更新が完了しました。次のマスターバージョンは「2」です。
[ADMIN] 16:07:43.748038 シナリオ走行を終了しました [シナリオ名: マスター更新]
[ADMIN] 16:07:43.845560 シナリオ走行を終了しました [シナリオ名: ログイン]
[ADMIN] 16:07:43.845575 シナリオ走行を開始しました [シナリオ名: ログイン]
[ADMIN] 16:07:43.930082 シナリオ走行を終了しました [シナリオ名: ログイン]
[ADMIN] 16:07:43.930113 シナリオ走行を開始しました [シナリオ名: ログイン]
[ADMIN] 16:07:43.930145 シナリオ走行を開始しました [シナリオ名: ログイン]
[ADMIN] 16:07:43.930158 シナリオ走行を開始しました [シナリオ名: ログイン]
[ADMIN] 16:07:43.930162 シナリオ走行を開始しました [シナリオ名: ログイン]
[ADMIN] 16:07:43.930229 シナリオ走行を開始しました [シナリオ名: ログイン]
[ADMIN] 16:07:43.930269 シナリオ走行を開始しました [シナリオ名: ログイン]
[ADMIN] 16:07:43.930278 シナリオ走行を開始しました [シナリオ名: ログイン]
[ADMIN] 16:07:43.930333 シナリオ走行を開始しました [シナリオ名: ログイン]
[ADMIN] 16:07:43.930373 シナリオ走行を開始しました [シナリオ名: ログイン]
[ADMIN] 16:07:43.930376 シナリオ走行を開始しました [シナリオ名: ログイン]
[ADMIN] 16:07:43.930430 シナリオ走行を開始しました [シナリオ名: ログイン]
[ADMIN] 16:07:43.930460 シナリオ走行を開始しました [シナリオ名: ログイン]
[ADMIN] 16:07:43.930501 シナリオ走行を開始しました [シナリオ名: ログイン]
[ADMIN] 16:07:43.983760 シナリオ走行を終了しました [シナリオ名: Banユーザログイン]
[ADMIN] 16:07:43.983777 シナリオ走行を開始しました [シナリオ名: Banユーザログイン]
[ADMIN] 16:07:44.002385 シナリオ走行を終了しました [シナリオ名: Banユーザログイン]
[ADMIN] 16:07:44.002403 シナリオ走行を開始しました [シナリオ名: Banユーザログイン]
[ADMIN] 16:07:44.048753 シナリオ走行を終了しました [シナリオ名: ログイン]
[ADMIN] 16:07:44.114940 シナリオ走行を終了しました [シナリオ名: ログイン]
[ADMIN] 16:07:44.204023 シナリオ走行を終了しました [シナリオ名: ログイン]
[ADMIN] 16:07:44.235322 シナリオ走行を終了しました [シナリオ名: ログイン]
[ADMIN] 16:07:44.235340 シナリオ走行を開始しました [シナリオ名: ログイン]
[ADMIN] 16:07:44.235395 シナリオ走行を開始しました [シナリオ名: ログイン]
[ADMIN] 16:07:44.235406 シナリオ走行を開始しました [シナリオ名: ログイン]
[ADMIN] 16:07:44.235445 シナリオ走行を開始しました [シナリオ名: ログイン]
[ADMIN] 16:07:44.334351 シナリオ走行を終了しました [シナリオ名: 新規ユーザー登録]
[ADMIN] 16:07:44.334375 シナリオ走行を開始しました [シナリオ名: 新規ユーザー登録]
[ADMIN] 16:07:44.399019 シナリオ走行を終了しました [シナリオ名: ログイン]
[ADMIN] 16:07:44.414605 シナリオ走行を終了しました [シナリオ名: ログイン]
[ADMIN] 16:07:44.414633 シナリオ走行を開始しました [シナリオ名: ログイン]
[ADMIN] 16:07:44.414641 シナリオ走行を開始しました [シナリオ名: ログイン]
[ADMIN] 16:07:44.419041 シナリオ走行を終了しました [シナリオ名: ログイン]
[ADMIN] 16:07:44.425916 シナリオ走行を終了しました [シナリオ名: ログイン]
[ADMIN] 16:07:44.425927 シナリオ走行を開始しました [シナリオ名: ログイン]
[ADMIN] 16:07:44.425986 シナリオ走行を開始しました [シナリオ名: ログイン]
[ADMIN] 16:07:44.427109 シナリオ走行を終了しました [シナリオ名: ログイン]
[ADMIN] 16:07:44.520055 シナリオ走行を終了しました [シナリオ名: Banユーザログイン]
[ADMIN] 16:07:44.520074 シナリオ走行を開始しました [シナリオ名: Banユーザログイン]
[ADMIN] 16:07:44.532089 シナリオ走行を終了しました [シナリオ名: Banユーザログイン]
[ADMIN] 16:07:44.532105 シナリオ走行を開始しました [シナリオ名: Banユーザログイン]
[ADMIN] 16:07:44.614582 シナリオ走行を終了しました [シナリオ名: ログイン]
[ADMIN] 16:07:44.614598 シナリオ走行を開始しました [シナリオ名: ログイン]
[ADMIN] 16:07:44.614639 シナリオ走行を開始しました [シナリオ名: ログイン]
[ADMIN] 16:07:44.649431 シナリオ走行を終了しました [シナリオ名: ログイン]
[ADMIN] 16:07:44.669234 シナリオ走行を終了しました [シナリオ名: ログイン]
[ADMIN] 16:07:44.724806 シナリオ走行を終了しました [シナリオ名: ログイン]
[ADMIN] 16:07:44.724826 シナリオ走行を開始しました [シナリオ名: ログイン]
[ADMIN] 16:07:44.724877 シナリオ走行を開始しました [シナリオ名: ログイン]
[ADMIN] 16:07:44.724891 シナリオ走行を開始しました [シナリオ名: ログイン]
[ADMIN] 16:07:44.812580 シナリオ走行を終了しました [シナリオ名: ログイン]
[ADMIN] 16:07:44.812593 シナリオ走行を開始しました [シナリオ名: ログイン]
[ADMIN] 16:07:44.816893 シナリオ走行を終了しました [シナリオ名: ログイン]
[ADMIN] 16:07:44.816903 シナリオ走行を開始しました [シナリオ名: ログイン]
[ADMIN] 16:07:44.849846 シナリオ走行を終了しました [シナリオ名: ログイン]
[ADMIN] 16:07:44.899937 シナリオ走行を終了しました [シナリオ名: 新規ユーザー登録]
[ADMIN] 16:07:44.899971 シナリオ走行を開始しました [シナリオ名: 新規ユーザー登録]
[ADMIN] 16:07:44.900026 シナリオ走行を開始しました [シナリオ名: 新規ユーザー登録]
[ADMIN] 16:07:44.900032 シナリオ走行を開始しました [シナリオ名: 新規ユーザー登録]
[ADMIN] 16:07:44.900097 シナリオ走行を開始しました [シナリオ名: 新規ユーザー登録]
[ADMIN] 16:07:44.900135 シナリオ走行を開始しました [シナリオ名: 新規ユーザー登録]
[ADMIN] 16:07:44.900140 シナリオ走行を開始しました [シナリオ名: 新規ユーザー登録]
[ADMIN] 16:07:44.900119 シナリオ走行を開始しました [シナリオ名: 新規ユーザー登録]
[ADMIN] 16:07:44.900128 シナリオ走行を開始しました [シナリオ名: 新規ユーザー登録]
[ADMIN] 16:07:44.900125 シナリオ走行を開始しました [シナリオ名: 新規ユーザー登録]
[ADMIN] 16:07:44.931875 シナリオ走行を終了しました [シナリオ名: ログイン]
[ADMIN] 16:07:44.931889 シナリオ走行を開始しました [シナリオ名: ログイン]
[ADMIN] 16:07:44.931944 シナリオ走行を開始しました [シナリオ名: ログイン]
[ADMIN] 16:07:44.948275 シナリオ走行を終了しました [シナリオ名: ログイン]
[ADMIN] 16:07:44.948284 シナリオ走行を開始しました [シナリオ名: ログイン]
[ADMIN] 16:07:44.955508 シナリオ走行を終了しました [シナリオ名: ログイン]
[ADMIN] 16:07:44.955517 シナリオ走行を開始しました [シナリオ名: ログイン]
[ADMIN] 16:07:44.965836 シナリオ走行を終了しました [シナリオ名: ログイン]
[ADMIN] 16:07:44.965847 シナリオ走行を開始しました [シナリオ名: ログイン]
[ADMIN] 16:07:44.991258 シナリオ走行を終了しました [シナリオ名: ログイン]
[ADMIN] 16:07:44.991270 シナリオ走行を開始しました [シナリオ名: ログイン]
[ADMIN] 16:07:45.003236 シナリオ走行を終了しました [シナリオ名: ログイン]
[ADMIN] 16:07:45.003247 シナリオ走行を開始しました [シナリオ名: ログイン]
[ADMIN] 16:07:45.022959 シナリオ走行を終了しました [シナリオ名: Banユーザログイン]
[ADMIN] 16:07:45.022975 シナリオ走行を開始しました [シナリオ名: Banユーザログイン]
[ADMIN] 16:07:45.034378 シナリオ走行を終了しました [シナリオ名: Banユーザログイン]
[ADMIN] 16:07:45.034395 シナリオ走行を開始しました [シナリオ名: Banユーザログイン]
[ADMIN] 16:07:45.034403 シナリオ走行を開始しました [シナリオ名: Banユーザログイン]
[ADMIN] 16:07:45.034466 シナリオ走行を開始しました [シナリオ名: Banユーザログイン]
[ADMIN] 16:07:45.040126 シナリオ走行を終了しました [シナリオ名: ログイン]
[ADMIN] 16:07:45.040137 シナリオ走行を開始しました [シナリオ名: ログイン]
[ADMIN] 16:07:45.057687 シナリオ走行を終了しました [シナリオ名: ログイン]
[ADMIN] 16:07:45.057698 シナリオ走行を開始しました [シナリオ名: ログイン]
[ADMIN] 16:07:45.067894 シナリオ走行を終了しました [シナリオ名: ログイン]
[ADMIN] 16:07:45.067907 シナリオ走行を開始しました [シナリオ名: ログイン]
[ADMIN] 16:07:45.114836 シナリオ走行を終了しました [シナリオ名: 新規ユーザー登録]
[ADMIN] 16:07:45.169245 シナリオ走行を終了しました [シナリオ名: ログイン]
[ADMIN] 16:07:45.169259 シナリオ走行を開始しました [シナリオ名: ログイン]
[ADMIN] 16:07:45.225837 シナリオ走行を終了しました [シナリオ名: ログイン]
[ADMIN] 16:07:45.225851 シナリオ走行を開始しました [シナリオ名: ログイン]
[ADMIN] 16:07:45.253356 シナリオ走行を終了しました [シナリオ名: ログイン]
[ADMIN] 16:07:45.253367 シナリオ走行を開始しました [シナリオ名: ログイン]
[ADMIN] 16:07:45.263804 シナリオ走行を終了しました [シナリオ名: 新規ユーザー登録]
[ADMIN] 16:07:45.269122 シナリオ走行を終了しました [シナリオ名: ログイン]
[ADMIN] 16:07:45.269130 シナリオ走行を開始しました [シナリオ名: ログイン]
[ADMIN] 16:07:45.286111 シナリオ走行を終了しました [シナリオ名: ログイン]
[ADMIN] 16:07:45.286120 シナリオ走行を開始しました [シナリオ名: ログイン]
[ADMIN] 16:07:45.367889 シナリオ走行を終了しました [シナリオ名: 新規ユーザー登録]
[ADMIN] 16:07:45.388216 シナリオ走行を終了しました [シナリオ名: 新規ユーザー登録]
[ADMIN] 16:07:45.507458 シナリオ走行を終了しました [シナリオ名: ログイン]
[ADMIN] 16:07:45.507474 シナリオ走行を開始しました [シナリオ名: ログイン]
[ADMIN] 16:07:45.526212 シナリオ走行を終了しました [シナリオ名: Banユーザログイン]
[ADMIN] 16:07:45.536891 シナリオ走行を終了しました [シナリオ名: Banユーザログイン]
[ADMIN] 16:07:45.536910 シナリオ走行を開始しました [シナリオ名: Banユーザログイン]
[ADMIN] 16:07:45.536914 シナリオ走行を開始しました [シナリオ名: Banユーザログイン]
[ADMIN] 16:07:45.548140 シナリオ走行を終了しました [シナリオ名: ログイン]
[ADMIN] 16:07:45.548151 シナリオ走行を開始しました [シナリオ名: ログイン]
[ADMIN] 16:07:45.603532 シナリオ走行を終了しました [シナリオ名: Banユーザログイン]
[ADMIN] 16:07:45.603556 シナリオ走行を開始しました [シナリオ名: Banユーザログイン]
[ADMIN] 16:07:45.617746 シナリオ走行を終了しました [シナリオ名: Banユーザログイン]
[ADMIN] 16:07:45.617759 シナリオ走行を開始しました [シナリオ名: Banユーザログイン]
[ADMIN] 16:07:45.660756 シナリオ走行を終了しました [シナリオ名: ログイン]
[ADMIN] 16:07:45.660766 シナリオ走行を開始しました [シナリオ名: ログイン]
[ADMIN] 16:07:45.677293 シナリオ走行を終了しました [シナリオ名: ログイン]
[ADMIN] 16:07:45.677304 シナリオ走行を開始しました [シナリオ名: ログイン]
[ADMIN] 16:07:45.683329 シナリオ走行を終了しました [シナリオ名: ログイン]
[ADMIN] 16:07:45.683339 シナリオ走行を開始しました [シナリオ名: ログイン]
[ADMIN] 16:07:45.695903 シナリオ走行を終了しました [シナリオ名: ログイン]
[ADMIN] 16:07:45.695912 シナリオ走行を開始しました [シナリオ名: ログイン]
[ADMIN] 16:07:45.716351 シナリオ走行を終了しました [シナリオ名: ログイン]
[ADMIN] 16:07:45.716363 シナリオ走行を開始しました [シナリオ名: ログイン]
[ADMIN] 16:07:45.727926 シナリオ走行を終了しました [シナリオ名: ログイン]
[ADMIN] 16:07:45.727937 シナリオ走行を開始しました [シナリオ名: ログイン]
[ADMIN] 16:07:45.774432 シナリオ走行を終了しました [シナリオ名: ログイン]
[ADMIN] 16:07:45.774444 シナリオ走行を開始しました [シナリオ名: ログイン]
[ADMIN] 16:07:45.794025 シナリオ走行を終了しました [シナリオ名: ログイン]
[ADMIN] 16:07:45.794038 シナリオ走行を開始しました [シナリオ名: ログイン]
[ADMIN] 16:07:45.801587 シナリオ走行を終了しました [シナリオ名: ログイン]
[ADMIN] 16:07:45.801599 シナリオ走行を開始しました [シナリオ名: ログイン]
[ADMIN] 16:07:45.869882 シナリオ走行を終了しました [シナリオ名: ログイン]
[ADMIN] 16:07:45.869895 シナリオ走行を開始しました [シナリオ名: ログイン]
[ADMIN] 16:07:45.916593 シナリオ走行を終了しました [シナリオ名: ログイン]
[ADMIN] 16:07:45.916606 シナリオ走行を開始しました [シナリオ名: ログイン]
[ADMIN] 16:07:45.918364 シナリオ走行を終了しました [シナリオ名: ログイン]
[ADMIN] 16:07:45.918376 シナリオ走行を開始しました [シナリオ名: ログイン]
[ADMIN] 16:07:45.966681 シナリオ走行を終了しました [シナリオ名: ログイン]
[ADMIN] 16:07:45.966697 シナリオ走行を開始しました [シナリオ名: ログイン]
[ADMIN] 16:07:46.040008 シナリオ走行を終了しました [シナリオ名: Banユーザログイン]
[ADMIN] 16:07:46.040021 シナリオ走行を開始しました [シナリオ名: Banユーザログイン]
[ADMIN] 16:07:46.041466 シナリオ走行を終了しました [シナリオ名: Banユーザログイン]
[ADMIN] 16:07:46.041480 シナリオ走行を開始しました [シナリオ名: Banユーザログイン]
[ADMIN] 16:07:46.119128 シナリオ走行を終了しました [シナリオ名: Banユーザログイン]
[ADMIN] 16:07:46.119145 シナリオ走行を開始しました [シナリオ名: Banユーザログイン]
[ADMIN] 16:07:46.121619 シナリオ走行を終了しました [シナリオ名: Banユーザログイン]
[ADMIN] 16:07:46.121635 シナリオ走行を開始しました [シナリオ名: Banユーザログイン]
[ADMIN] 16:07:46.174090 シナリオ走行を終了しました [シナリオ名: ログイン]
[ADMIN] 16:07:46.174101 シナリオ走行を開始しました [シナリオ名: ログイン]
[ADMIN] 16:07:46.183000 シナリオ走行を終了しました [シナリオ名: ログイン]
[ADMIN] 16:07:46.183010 シナリオ走行を開始しました [シナリオ名: ログイン]
[ADMIN] 16:07:46.196284 シナリオ走行を終了しました [シナリオ名: ログイン]
[ADMIN] 16:07:46.196294 シナリオ走行を開始しました [シナリオ名: ログイン]
[ADMIN] 16:07:46.219164 シナリオ走行を終了しました [シナリオ名: ログイン]
[ADMIN] 16:07:46.219174 シナリオ走行を開始しました [シナリオ名: ログイン]
[ADMIN] 16:07:46.239398 シナリオ走行を終了しました [シナリオ名: ログイン]
[ADMIN] 16:07:46.239408 シナリオ走行を開始しました [シナリオ名: ログイン]
[ADMIN] 16:07:46.311770 シナリオ走行を終了しました [シナリオ名: 新規ユーザー登録]
[ADMIN] 16:07:46.311813 シナリオ走行を開始しました [シナリオ名: 新規ユーザー登録]
[ADMIN] 16:07:46.311822 シナリオ走行を開始しました [シナリオ名: 新規ユーザー登録]
[ADMIN] 16:07:46.311868 シナリオ走行を開始しました [シナリオ名: 新規ユーザー登録]
[ADMIN] 16:07:46.311816 シナリオ走行を開始しました [シナリオ名: 新規ユーザー登録]
[ADMIN] 16:07:46.311960 シナリオ走行を開始しました [シナリオ名: 新規ユーザー登録]
[ADMIN] 16:07:46.458404 シナリオ走行を終了しました [シナリオ名: 新規ユーザー登録]
[ADMIN] 16:07:46.458436 シナリオ走行を開始しました [シナリオ名: 新規ユーザー登録]
[ADMIN] 16:07:46.481081 シナリオ走行を終了しました [シナリオ名: ログイン]
[ADMIN] 16:07:46.481098 シナリオ走行を開始しました [シナリオ名: ログイン]
[ADMIN] 16:07:46.512817 シナリオ走行を終了しました [シナリオ名: ログイン]
[ADMIN] 16:07:46.512829 シナリオ走行を開始しました [シナリオ名: ログイン]
[ADMIN] 16:07:46.543480 シナリオ走行を終了しました [シナリオ名: Banユーザログイン]
[ADMIN] 16:07:46.543496 シナリオ走行を開始しました [シナリオ名: Banユーザログイン]
[ADMIN] 16:07:46.543851 シナリオ走行を終了しました [シナリオ名: Banユーザログイン]
[ADMIN] 16:07:46.543864 シナリオ走行を開始しました [シナリオ名: Banユーザログイン]
[ADMIN] 16:07:46.550432 シナリオ走行を終了しました [シナリオ名: ログイン]
[ADMIN] 16:07:46.550439 シナリオ走行を開始しました [シナリオ名: ログイン]
[ADMIN] 16:07:46.606967 シナリオ走行を終了しました [シナリオ名: 新規ユーザー登録]
[ADMIN] 16:07:46.606994 シナリオ走行を開始しました [シナリオ名: 新規ユーザー登録]
[ADMIN] 16:07:46.617993 シナリオ走行を終了しました [シナリオ名: ログイン]
[ADMIN] 16:07:46.618004 シナリオ走行を開始しました [シナリオ名: ログイン]
[ADMIN] 16:07:46.627693 シナリオ走行を終了しました [シナリオ名: Banユーザログイン]
[ADMIN] 16:07:46.627703 シナリオ走行を開始しました [シナリオ名: Banユーザログイン]
[ADMIN] 16:07:46.628825 シナリオ走行を終了しました [シナリオ名: 新規ユーザー登録]
[ADMIN] 16:07:46.628843 シナリオ走行を開始しました [シナリオ名: 新規ユーザー登録]
[ADMIN] 16:07:46.631024 シナリオ走行を終了しました [シナリオ名: 新規ユーザー登録]
[ADMIN] 16:07:46.631039 シナリオ走行を開始しました [シナリオ名: 新規ユーザー登録]
[ADMIN] 16:07:46.632376 シナリオ走行を終了しました [シナリオ名: Banユーザログイン]
[ADMIN] 16:07:46.632390 シナリオ走行を開始しました [シナリオ名: Banユーザログイン]
[ADMIN] 16:07:46.670654 シナリオ走行を終了しました [シナリオ名: ログイン]
[ADMIN] 16:07:46.670664 シナリオ走行を開始しました [シナリオ名: ログイン]
[ADMIN] 16:07:46.683214 シナリオ走行を終了しました [シナリオ名: ログイン]
[ADMIN] 16:07:46.683223 シナリオ走行を開始しました [シナリオ名: ログイン]
[ADMIN] 16:07:46.685656 シナリオ走行を終了しました [シナリオ名: ログイン]
[ADMIN] 16:07:46.685665 シナリオ走行を開始しました [シナリオ名: ログイン]
[ADMIN] 16:07:46.800010 シナリオ走行を終了しました [シナリオ名: 新規ユーザー登録]
[ADMIN] 16:07:46.800032 シナリオ走行を開始しました [シナリオ名: 新規ユーザー登録]
[ADMIN] 16:07:46.872308 シナリオ走行を終了しました [シナリオ名: ログイン]
[ADMIN] 16:07:46.872322 シナリオ走行を開始しました [シナリオ名: ログイン]
[ADMIN] 16:07:46.938210 シナリオ走行を終了しました [シナリオ名: ログイン]
[ADMIN] 16:07:46.938227 シナリオ走行を開始しました [シナリオ名: ログイン]
[ADMIN] 16:07:46.980550 シナリオ走行を終了しました [シナリオ名: 新規ユーザー登録]
[ADMIN] 16:07:46.980576 シナリオ走行を開始しました [シナリオ名: 新規ユーザー登録]
[ADMIN] 16:07:47.012602 シナリオ走行を終了しました [シナリオ名: 新規ユーザー登録]
[ADMIN] 16:07:47.012628 シナリオ走行を開始しました [シナリオ名: 新規ユーザー登録]
[ADMIN] 16:07:47.014559 シナリオ走行を終了しました [シナリオ名: 新規ユーザー登録]
[ADMIN] 16:07:47.014574 シナリオ走行を開始しました [シナリオ名: 新規ユーザー登録]
[ADMIN] 16:07:47.048133 シナリオ走行を終了しました [シナリオ名: Banユーザログイン]
[ADMIN] 16:07:47.048149 シナリオ走行を開始しました [シナリオ名: Banユーザログイン]
[ADMIN] 16:07:47.048151 シナリオ走行を終了しました [シナリオ名: Banユーザログイン]
[ADMIN] 16:07:47.048163 シナリオ走行を開始しました [シナリオ名: Banユーザログイン]
[ADMIN] 16:07:47.130040 シナリオ走行を終了しました [シナリオ名: Banユーザログイン]
[ADMIN] 16:07:47.130065 シナリオ走行を開始しました [シナリオ名: Banユーザログイン]
[ADMIN] 16:07:47.134560 シナリオ走行を終了しました [シナリオ名: Banユーザログイン]
[ADMIN] 16:07:47.134575 シナリオ走行を開始しました [シナリオ名: Banユーザログイン]
[ADMIN] 16:07:47.195342 シナリオ走行を終了しました [シナリオ名: ログイン]
[ADMIN] 16:07:47.195358 シナリオ走行を開始しました [シナリオ名: ログイン]
[ADMIN] 16:07:47.195391 シナリオ走行を終了しました [シナリオ名: ログイン]
[ADMIN] 16:07:47.195405 シナリオ走行を開始しました [シナリオ名: ログイン]
[ADMIN] 16:07:47.198588 シナリオ走行を終了しました [シナリオ名: ログイン]
[ADMIN] 16:07:47.198599 シナリオ走行を開始しました [シナリオ名: ログイン]
[ADMIN] 16:07:47.199114 シナリオ走行を終了しました [シナリオ名: ログイン]
[ADMIN] 16:07:47.199123 シナリオ走行を開始しました [シナリオ名: ログイン]
[ADMIN] 16:07:47.222939 シナリオ走行を終了しました [シナリオ名: ログイン]
[ADMIN] 16:07:47.222950 シナリオ走行を開始しました [シナリオ名: ログイン]
[ADMIN] 16:07:47.375855 シナリオ走行を終了しました [シナリオ名: ログイン]
[ADMIN] 16:07:47.375870 シナリオ走行を開始しました [シナリオ名: ログイン]
[ADMIN] 16:07:47.461902 シナリオ走行を終了しました [シナリオ名: ログイン]
[ADMIN] 16:07:47.461917 シナリオ走行を開始しました [シナリオ名: ログイン]
[ADMIN] 16:07:47.477316 シナリオ走行を終了しました [シナリオ名: ログイン]
[ADMIN] 16:07:47.477329 シナリオ走行を開始しました [シナリオ名: ログイン]
[ADMIN] 16:07:47.556015 シナリオ走行を終了しました [シナリオ名: Banユーザログイン]
[ADMIN] 16:07:47.556035 シナリオ走行を開始しました [シナリオ名: Banユーザログイン]
[ADMIN] 16:07:47.557461 シナリオ走行を終了しました [シナリオ名: Banユーザログイン]
[ADMIN] 16:07:47.557477 シナリオ走行を開始しました [シナリオ名: Banユーザログイン]
[ADMIN] 16:07:47.562629 シナリオ走行を終了しました [シナリオ名: ログイン]
[ADMIN] 16:07:47.562642 シナリオ走行を開始しました [シナリオ名: ログイン]
[ADMIN] 16:07:47.562666 シナリオ走行を終了しました [シナリオ名: ログイン]
[ADMIN] 16:07:47.562675 シナリオ走行を開始しました [シナリオ名: ログイン]
[ADMIN] 16:07:47.565158 シナリオ走行を終了しました [シナリオ名: ログイン]
[ADMIN] 16:07:47.565168 シナリオ走行を開始しました [シナリオ名: ログイン]
[ADMIN] 16:07:47.580619 シナリオ走行を終了しました [シナリオ名: ログイン]
[ADMIN] 16:07:47.580634 シナリオ走行を開始しました [シナリオ名: ログイン]
[ADMIN] 16:07:47.594822 シナリオ走行を終了しました [シナリオ名: ログイン]
[ADMIN] 16:07:47.594833 シナリオ走行を開始しました [シナリオ名: ログイン]
[ADMIN] 16:07:47.633824 シナリオ走行を終了しました [シナリオ名: Banユーザログイン]
[ADMIN] 16:07:47.633841 シナリオ走行を開始しました [シナリオ名: Banユーザログイン]
[ADMIN] 16:07:47.636301 シナリオ走行を終了しました [シナリオ名: Banユーザログイン]
[ADMIN] 16:07:47.636316 シナリオ走行を開始しました [シナリオ名: Banユーザログイン]
[ADMIN] 16:07:47.765425 シナリオ走行を終了しました [シナリオ名: ログイン]
[ADMIN] 16:07:47.765438 シナリオ走行を開始しました [シナリオ名: ログイン]
[ADMIN] 16:07:47.789026 シナリオ走行を終了しました [シナリオ名: ログイン]
[ADMIN] 16:07:47.789041 シナリオ走行を開始しました [シナリオ名: ログイン]
[ADMIN] 16:07:48.029892 シナリオ走行を終了しました [シナリオ名: ログイン]
[ADMIN] 16:07:48.029908 シナリオ走行を開始しました [シナリオ名: ログイン]
[ADMIN] 16:07:48.042907 シナリオ走行を終了しました [シナリオ名: ログイン]
[ADMIN] 16:07:48.042923 シナリオ走行を開始しました [シナリオ名: ログイン]
[ADMIN] 16:07:48.059087 シナリオ走行を終了しました [シナリオ名: Banユーザログイン]
[ADMIN] 16:07:48.059119 シナリオ走行を開始しました [シナリオ名: Banユーザログイン]
[ADMIN] 16:07:48.060579 シナリオ走行を終了しました [シナリオ名: Banユーザログイン]
[ADMIN] 16:07:48.060592 シナリオ走行を開始しました [シナリオ名: Banユーザログイン]
[ADMIN] 16:07:48.139951 シナリオ走行を終了しました [シナリオ名: Banユーザログイン]
[ADMIN] 16:07:48.139969 シナリオ走行を開始しました [シナリオ名: Banユーザログイン]
[ADMIN] 16:07:48.140043 シナリオ走行を終了しました [シナリオ名: Banユーザログイン]
[ADMIN] 16:07:48.140062 シナリオ走行を開始しました [シナリオ名: Banユーザログイン]
[ADMIN] 16:07:48.187279 シナリオ走行を終了しました [シナリオ名: ログイン]
[ADMIN] 16:07:48.187291 シナリオ走行を開始しました [シナリオ名: ログイン]
[ADMIN] 16:07:48.283681 シナリオ走行を終了しました [シナリオ名: ログイン]
[ADMIN] 16:07:48.283697 シナリオ走行を開始しました [シナリオ名: ログイン]
[ADMIN] 16:07:48.290143 シナリオ走行を終了しました [シナリオ名: ログイン]
[ADMIN] 16:07:48.290154 シナリオ走行を開始しました [シナリオ名: ログイン]
[ADMIN] 16:07:48.342401 シナリオ走行を終了しました [シナリオ名: ログイン]
[ADMIN] 16:07:48.342419 シナリオ走行を開始しました [シナリオ名: ログイン]
[ADMIN] 16:07:48.475467 シナリオ走行を終了しました [シナリオ名: ログイン]
[ADMIN] 16:07:48.475480 シナリオ走行を開始しました [シナリオ名: ログイン]
[ADMIN] 16:07:48.601231 シナリオ走行を終了しました [シナリオ名: Banユーザログイン]
[ADMIN] 16:07:48.601263 シナリオ走行を開始しました [シナリオ名: Banユーザログイン]
[ADMIN] 16:07:48.607625 シナリオ走行を終了しました [シナリオ名: Banユーザログイン]
[ADMIN] 16:07:48.607640 シナリオ走行を開始しました [シナリオ名: Banユーザログイン]
[ADMIN] 16:07:48.631302 シナリオ走行を終了しました [シナリオ名: ログイン]
[ADMIN] 16:07:48.631316 シナリオ走行を開始しました [シナリオ名: ログイン]
[ADMIN] 16:07:48.643263 シナリオ走行を終了しました [シナリオ名: Banユーザログイン]
[ADMIN] 16:07:48.643286 シナリオ走行を開始しました [シナリオ名: Banユーザログイン]
[ADMIN] 16:07:48.644718 シナリオ走行を終了しました [シナリオ名: Banユーザログイン]
[ADMIN] 16:07:48.644733 シナリオ走行を開始しました [シナリオ名: Banユーザログイン]
[ADMIN] 16:07:48.685213 シナリオ走行を終了しました [シナリオ名: ログイン]
[ADMIN] 16:07:48.685488 シナリオ走行を開始しました [シナリオ名: ログイン]
[ADMIN] 16:07:48.732804 シナリオ走行を終了しました [シナリオ名: ログイン]
[ADMIN] 16:07:48.732823 シナリオ走行を開始しました [シナリオ名: ログイン]
[ADMIN] 16:07:48.744425 シナリオ走行を終了しました [シナリオ名: ログイン]
[ADMIN] 16:07:48.744440 シナリオ走行を開始しました [シナリオ名: ログイン]
[ADMIN] 16:07:48.817431 シナリオ走行を終了しました [シナリオ名: ログイン]
[ADMIN] 16:07:48.817446 シナリオ走行を開始しました [シナリオ名: ログイン]
[ADMIN] 16:07:49.104417 シナリオ走行を終了しました [シナリオ名: Banユーザログイン]
[ADMIN] 16:07:49.104437 シナリオ走行を開始しました [シナリオ名: Banユーザログイン]
[ADMIN] 16:07:49.111543 シナリオ走行を終了しました [シナリオ名: Banユーザログイン]
[ADMIN] 16:07:49.111561 シナリオ走行を開始しました [シナリオ名: Banユーザログイン]
[ADMIN] 16:07:49.145470 シナリオ走行を終了しました [シナリオ名: Banユーザログイン]
[ADMIN] 16:07:49.145505 シナリオ走行を開始しました [シナリオ名: Banユーザログイン]
[ADMIN] 16:07:49.146969 シナリオ走行を終了しました [シナリオ名: Banユーザログイン]
[ADMIN] 16:07:49.146985 シナリオ走行を開始しました [シナリオ名: Banユーザログイン]
[ADMIN] 16:07:49.265120 シナリオ走行を終了しました [シナリオ名: ログイン]
[ADMIN] 16:07:49.265136 シナリオ走行を開始しました [シナリオ名: ログイン]
[ADMIN] 16:07:49.608233 シナリオ走行を終了しました [シナリオ名: Banユーザログイン]
[ADMIN] 16:07:49.608260 シナリオ走行を開始しました [シナリオ名: Banユーザログイン]
[ADMIN] 16:07:49.614796 シナリオ走行を終了しました [シナリオ名: Banユーザログイン]
[ADMIN] 16:07:49.614815 シナリオ走行を開始しました [シナリオ名: Banユーザログイン]
[ADMIN] 16:07:49.647554 シナリオ走行を終了しました [シナリオ名: Banユーザログイン]
[ADMIN] 16:07:49.647574 シナリオ走行を開始しました [シナリオ名: Banユーザログイン]
[ADMIN] 16:07:49.649045 シナリオ走行を終了しました [シナリオ名: Banユーザログイン]
[ADMIN] 16:07:49.649057 シナリオ走行を開始しました [シナリオ名: Banユーザログイン]
[ADMIN] 16:07:49.752613 シナリオ走行を終了しました [シナリオ名: ログイン]
[ADMIN] 16:07:49.752627 シナリオ走行を開始しました [シナリオ名: ログイン]
[ADMIN] 16:07:49.831129 シナリオ走行を終了しました [シナリオ名: ログイン]
[ADMIN] 16:07:49.831144 シナリオ走行を開始しました [シナリオ名: ログイン]
[ADMIN] 16:07:49.953290 シナリオ走行を終了しました [シナリオ名: 新規ユーザー登録]
[ADMIN] 16:07:49.953315 シナリオ走行を開始しました [シナリオ名: 新規ユーザー登録]
[ADMIN] 16:07:50.141842 シナリオ走行を終了しました [シナリオ名: Banユーザログイン]
[ADMIN] 16:07:50.141863 シナリオ走行を開始しました [シナリオ名: Banユーザログイン]
[ADMIN] 16:07:50.148363 シナリオ走行を終了しました [シナリオ名: Banユーザログイン]
[ADMIN] 16:07:50.148380 シナリオ走行を開始しました [シナリオ名: Banユーザログイン]
[ADMIN] 16:07:50.149815 シナリオ走行を終了しました [シナリオ名: Banユーザログイン]
[ADMIN] 16:07:50.149828 シナリオ走行を開始しました [シナリオ名: Banユーザログイン]
[ADMIN] 16:07:50.151201 シナリオ走行を終了しました [シナリオ名: Banユーザログイン]
[ADMIN] 16:07:50.151216 シナリオ走行を開始しました [シナリオ名: Banユーザログイン]
[ADMIN] 16:07:50.400200 シナリオ走行を終了しました [シナリオ名: ログイン]
[ADMIN] 16:07:50.400215 シナリオ走行を開始しました [シナリオ名: ログイン]
[ADMIN] 16:07:50.658061 シナリオ走行を終了しました [シナリオ名: Banユーザログイン]
[ADMIN] 16:07:50.658088 シナリオ走行を開始しました [シナリオ名: Banユーザログイン]
[ADMIN] 16:07:50.674112 シナリオ走行を終了しました [シナリオ名: Banユーザログイン]
[ADMIN] 16:07:50.674129 シナリオ走行を終了しました [シナリオ名: Banユーザログイン]
[ADMIN] 16:07:50.674140 シナリオ走行を開始しました [シナリオ名: Banユーザログイン]
[ADMIN] 16:07:50.674129 シナリオ走行を開始しました [シナリオ名: Banユーザログイン]
[ADMIN] 16:07:50.693532 シナリオ走行を終了しました [シナリオ名: Banユーザログイン]
[ADMIN] 16:07:50.693548 シナリオ走行を開始しました [シナリオ名: Banユーザログイン]
[ADMIN] 16:07:51.007368 シナリオ走行を終了しました [シナリオ名: ログイン]
[ADMIN] 16:07:51.007383 シナリオ走行を開始しました [シナリオ名: ログイン]
[ADMIN] 16:07:51.189448 シナリオ走行を終了しました [シナリオ名: Banユーザログイン]
[ADMIN] 16:07:51.189474 シナリオ走行を開始しました [シナリオ名: Banユーザログイン]
[ADMIN] 16:07:51.190949 シナリオ走行を終了しました [シナリオ名: Banユーザログイン]
[ADMIN] 16:07:51.190974 シナリオ走行を開始しました [シナリオ名: Banユーザログイン]
[ADMIN] 16:07:51.194455 シナリオ走行を終了しました [シナリオ名: Banユーザログイン]
[ADMIN] 16:07:51.194473 シナリオ走行を開始しました [シナリオ名: Banユーザログイン]
[ADMIN] 16:07:51.198928 シナリオ走行を終了しました [シナリオ名: Banユーザログイン]
[ADMIN] 16:07:51.198947 シナリオ走行を開始しました [シナリオ名: Banユーザログイン]
[ADMIN] 16:07:51.702353 シナリオ走行を終了しました [シナリオ名: Banユーザログイン]
[ADMIN] 16:07:51.702389 シナリオ走行を開始しました [シナリオ名: Banユーザログイン]
[ADMIN] 16:07:51.707151 シナリオ走行を終了しました [シナリオ名: Banユーザログイン]
[ADMIN] 16:07:51.707166 シナリオ走行を開始しました [シナリオ名: Banユーザログイン]
[ADMIN] 16:07:51.709930 シナリオ走行を終了しました [シナリオ名: Banユーザログイン]
[ADMIN] 16:07:51.709947 シナリオ走行を開始しました [シナリオ名: Banユーザログイン]
[ADMIN] 16:07:51.727379 シナリオ走行を終了しました [シナリオ名: Banユーザログイン]
[ADMIN] 16:07:51.727395 シナリオ走行を開始しました [シナリオ名: Banユーザログイン]
[ADMIN] 16:07:52.205123 シナリオ走行を終了しました [シナリオ名: Banユーザログイン]
[ADMIN] 16:07:52.205161 シナリオ走行を開始しました [シナリオ名: Banユーザログイン]
[ADMIN] 16:07:52.209461 シナリオ走行を終了しました [シナリオ名: Banユーザログイン]
[ADMIN] 16:07:52.209480 シナリオ走行を開始しました [シナリオ名: Banユーザログイン]
[ADMIN] 16:07:52.217611 シナリオ走行を終了しました [シナリオ名: Banユーザログイン]
[ADMIN] 16:07:52.217629 シナリオ走行を開始しました [シナリオ名: Banユーザログイン]
[ADMIN] 16:07:52.233700 シナリオ走行を終了しました [シナリオ名: Banユーザログイン]
[ADMIN] 16:07:52.233717 シナリオ走行を開始しました [シナリオ名: Banユーザログイン]
[ADMIN] 16:07:52.341809 シナリオ走行を終了しました [シナリオ名: 新規ユーザー登録]
[ADMIN] 16:07:52.341836 シナリオ走行を開始しました [シナリオ名: 新規ユーザー登録]
[ADMIN] 16:07:52.707708 シナリオ走行を終了しました [シナリオ名: Banユーザログイン]
[ADMIN] 16:07:52.707724 シナリオ走行を開始しました [シナリオ名: Banユーザログイン]
[ADMIN] 16:07:52.716257 シナリオ走行を終了しました [シナリオ名: Banユーザログイン]
[ADMIN] 16:07:52.716284 シナリオ走行を開始しました [シナリオ名: Banユーザログイン]
[ADMIN] 16:07:52.721830 シナリオ走行を終了しました [シナリオ名: Banユーザログイン]
[ADMIN] 16:07:52.721853 シナリオ走行を開始しました [シナリオ名: Banユーザログイン]
[ADMIN] 16:07:52.742323 シナリオ走行を終了しました [シナリオ名: Banユーザログイン]
[ADMIN] 16:07:52.742358 シナリオ走行を開始しました [シナリオ名: Banユーザログイン]
[ADMIN] 16:07:53.227180 シナリオ走行を終了しました [シナリオ名: Banユーザログイン]
[ADMIN] 16:07:53.227207 シナリオ走行を開始しました [シナリオ名: Banユーザログイン]
[ADMIN] 16:07:53.228683 シナリオ走行を終了しました [シナリオ名: Banユーザログイン]
[ADMIN] 16:07:53.228692 シナリオ走行を開始しました [シナリオ名: Banユーザログイン]
[ADMIN] 16:07:53.243013 シナリオ走行を終了しました [シナリオ名: Banユーザログイン]
[ADMIN] 16:07:53.243030 シナリオ走行を開始しました [シナリオ名: Banユーザログイン]
[ADMIN] 16:07:53.258162 シナリオ走行を終了しました [シナリオ名: Banユーザログイン]
[ADMIN] 16:07:53.258176 シナリオ走行を開始しました [シナリオ名: Banユーザログイン]
16:07:53.645735 現在のログイン成功数: [total: 1095 (+522人)]
16:07:53.645745 現在のユーザー登録成功数: [total: 571 (+238人)]
[ADMIN] 16:07:53.659772 シナリオ走行を終了しました [シナリオ名: ログイン]
[ADMIN] 16:07:53.659788 シナリオ走行を開始しました [シナリオ名: ログイン]
[ADMIN] 16:07:53.732338 シナリオ走行を終了しました [シナリオ名: Banユーザログイン]
[ADMIN] 16:07:53.732363 シナリオ走行を開始しました [シナリオ名: Banユーザログイン]
[ADMIN] 16:07:53.734889 シナリオ走行を終了しました [シナリオ名: Banユーザログイン]
[ADMIN] 16:07:53.734909 シナリオ走行を開始しました [シナリオ名: Banユーザログイン]
[ADMIN] 16:07:53.749222 シナリオ走行を終了しました [シナリオ名: Banユーザログイン]
[ADMIN] 16:07:53.749244 シナリオ走行を開始しました [シナリオ名: Banユーザログイン]
[ADMIN] 16:07:53.765785 シナリオ走行を終了しました [シナリオ名: Banユーザログイン]
[ADMIN] 16:07:53.765812 シナリオ走行を開始しました [シナリオ名: Banユーザログイン]
[ADMIN] 16:07:54.239942 シナリオ走行を終了しました [シナリオ名: Banユーザログイン]
[ADMIN] 16:07:54.239971 シナリオ走行を開始しました [シナリオ名: Banユーザログイン]
[ADMIN] 16:07:54.255260 シナリオ走行を終了しました [シナリオ名: Banユーザログイン]
[ADMIN] 16:07:54.255280 シナリオ走行を開始しました [シナリオ名: Banユーザログイン]
[ADMIN] 16:07:54.274177 シナリオ走行を終了しました [シナリオ名: Banユーザログイン]
[ADMIN] 16:07:54.274192 シナリオ走行を終了しました [シナリオ名: Banユーザログイン]
[ADMIN] 16:07:54.274193 シナリオ走行を開始しました [シナリオ名: Banユーザログイン]
[ADMIN] 16:07:54.274197 シナリオ走行を開始しました [シナリオ名: Banユーザログイン]
[ADMIN] 16:07:54.564334 シナリオ走行を終了しました [シナリオ名: ログイン]
[ADMIN] 16:07:54.564371 シナリオ走行を開始しました [シナリオ名: ログイン]
[ADMIN] 16:07:54.564399 シナリオ走行を開始しました [シナリオ名: ログイン]
[ADMIN] 16:07:54.564423 シナリオ走行を開始しました [シナリオ名: ログイン]
[ADMIN] 16:07:54.564440 シナリオ走行を開始しました [シナリオ名: ログイン]
[ADMIN] 16:07:54.564539 シナリオ走行を開始しました [シナリオ名: ログイン]
[ADMIN] 16:07:54.564542 シナリオ走行を開始しました [シナリオ名: ログイン]
[ADMIN] 16:07:54.564624 シナリオ走行を開始しました [シナリオ名: ログイン]
[ADMIN] 16:07:54.564540 シナリオ走行を開始しました [シナリオ名: ログイン]
[ADMIN] 16:07:54.564711 シナリオ走行を開始しました [シナリオ名: ログイン]
[ADMIN] 16:07:54.564807 シナリオ走行を開始しました [シナリオ名: ログイン]
[ADMIN] 16:07:54.564541 シナリオ走行を開始しました [シナリオ名: ログイン]
[ADMIN] 16:07:54.564916 シナリオ走行を開始しました [シナリオ名: ログイン]
[ADMIN] 16:07:54.564988 シナリオ走行を開始しました [シナリオ名: ログイン]
[ADMIN] 16:07:54.565014 シナリオ走行を開始しました [シナリオ名: ログイン]
[ADMIN] 16:07:54.565091 シナリオ走行を開始しました [シナリオ名: ログイン]
[ADMIN] 16:07:54.565095 シナリオ走行を開始しました [シナリオ名: ログイン]
[ADMIN] 16:07:54.750126 シナリオ走行を終了しました [シナリオ名: Banユーザログイン]
[ADMIN] 16:07:54.750168 シナリオ走行を開始しました [シナリオ名: Banユーザログイン]
[ADMIN] 16:07:54.761741 シナリオ走行を終了しました [シナリオ名: Banユーザログイン]
[ADMIN] 16:07:54.761760 シナリオ走行を開始しました [シナリオ名: Banユーザログイン]
[ADMIN] 16:07:54.798394 シナリオ走行を終了しました [シナリオ名: Banユーザログイン]
[ADMIN] 16:07:54.798412 シナリオ走行を開始しました [シナリオ名: Banユーザログイン]
[ADMIN] 16:07:54.804909 シナリオ走行を終了しました [シナリオ名: Banユーザログイン]
[ADMIN] 16:07:54.804927 シナリオ走行を開始しました [シナリオ名: Banユーザログイン]
[ADMIN] 16:07:55.327727 シナリオ走行を終了しました [シナリオ名: Banユーザログイン]
[ADMIN] 16:07:55.327759 シナリオ走行を開始しました [シナリオ名: Banユーザログイン]
[ADMIN] 16:07:55.328225 シナリオ走行を終了しました [シナリオ名: Banユーザログイン]
[ADMIN] 16:07:55.328235 シナリオ走行を開始しました [シナリオ名: Banユーザログイン]
[ADMIN] 16:07:55.336700 シナリオ走行を終了しました [シナリオ名: Banユーザログイン]
[ADMIN] 16:07:55.336719 シナリオ走行を開始しました [シナリオ名: Banユーザログイン]
[ADMIN] 16:07:55.361349 シナリオ走行を終了しました [シナリオ名: Banユーザログイン]
[ADMIN] 16:07:55.361361 シナリオ走行を開始しました [シナリオ名: Banユーザログイン]
[ADMIN] 16:07:55.862251 シナリオ走行を終了しました [シナリオ名: Banユーザログイン]
[ADMIN] 16:07:55.862286 シナリオ走行を開始しました [シナリオ名: Banユーザログイン]
[ADMIN] 16:07:55.871324 シナリオ走行を終了しました [シナリオ名: Banユーザログイン]
[ADMIN] 16:07:55.871344 シナリオ走行を開始しました [シナリオ名: Banユーザログイン]
[ADMIN] 16:07:55.871421 シナリオ走行を終了しました [シナリオ名: Banユーザログイン]
[ADMIN] 16:07:55.871437 シナリオ走行を開始しました [シナリオ名: Banユーザログイン]
[ADMIN] 16:07:55.888923 シナリオ走行を終了しました [シナリオ名: Banユーザログイン]
[ADMIN] 16:07:55.888946 シナリオ走行を開始しました [シナリオ名: Banユーザログイン]
[ADMIN] 16:07:56.368898 シナリオ走行を終了しました [シナリオ名: Banユーザログイン]
[ADMIN] 16:07:56.368925 シナリオ走行を開始しました [シナリオ名: Banユーザログイン]
[ADMIN] 16:07:56.394469 シナリオ走行を終了しました [シナリオ名: Banユーザログイン]
[ADMIN] 16:07:56.394489 シナリオ走行を開始しました [シナリオ名: Banユーザログイン]
[ADMIN] 16:07:56.461402 シナリオ走行を終了しました [シナリオ名: Banユーザログイン]
[ADMIN] 16:07:56.461439 シナリオ走行を開始しました [シナリオ名: Banユーザログイン]
[ADMIN] 16:07:56.462906 シナリオ走行を終了しました [シナリオ名: Banユーザログイン]
[ADMIN] 16:07:56.462919 シナリオ走行を開始しました [シナリオ名: Banユーザログイン]
[ADMIN] 16:07:56.924024 シナリオ走行を終了しました [シナリオ名: Banユーザログイン]
[ADMIN] 16:07:56.924049 シナリオ走行を開始しました [シナリオ名: Banユーザログイン]
[ADMIN] 16:07:56.935609 シナリオ走行を終了しました [シナリオ名: Banユーザログイン]
[ADMIN] 16:07:56.935631 シナリオ走行を開始しました [シナリオ名: Banユーザログイン]
[ADMIN] 16:07:56.982947 シナリオ走行を終了しました [シナリオ名: Banユーザログイン]
[ADMIN] 16:07:56.982969 シナリオ走行を開始しました [シナリオ名: Banユーザログイン]
[ADMIN] 16:07:56.984463 シナリオ走行を終了しました [シナリオ名: Banユーザログイン]
[ADMIN] 16:07:56.984477 シナリオ走行を開始しました [シナリオ名: Banユーザログイン]
[ADMIN] 16:07:57.451411 シナリオ走行を終了しました [シナリオ名: Banユーザログイン]
[ADMIN] 16:07:57.451438 シナリオ走行を開始しました [シナリオ名: Banユーザログイン]
[ADMIN] 16:07:57.457979 シナリオ走行を終了しました [シナリオ名: Banユーザログイン]
[ADMIN] 16:07:57.457999 シナリオ走行を開始しました [シナリオ名: Banユーザログイン]
[ADMIN] 16:07:57.589614 シナリオ走行を終了しました [シナリオ名: Banユーザログイン]
[ADMIN] 16:07:57.589639 シナリオ走行を開始しました [シナリオ名: Banユーザログイン]
[ADMIN] 16:07:57.591118 シナリオ走行を終了しました [シナリオ名: Banユーザログイン]
[ADMIN] 16:07:57.591131 シナリオ走行を開始しました [シナリオ名: Banユーザログイン]
[ADMIN] 16:07:58.650131 シナリオ走行を終了しました [シナリオ名: Banユーザログイン]
[ADMIN] 16:07:58.650145 シナリオ走行を終了しました [シナリオ名: Banユーザログイン]
[ADMIN] 16:07:58.650157 シナリオ走行を開始しました [シナリオ名: Banユーザログイン]
[ADMIN] 16:07:58.650158 シナリオ走行を開始しました [シナリオ名: Banユーザログイン]
[ADMIN] 16:07:58.651639 シナリオ走行を終了しました [シナリオ名: Banユーザログイン]
[ADMIN] 16:07:58.651654 シナリオ走行を開始しました [シナリオ名: Banユーザログイン]
[ADMIN] 16:07:58.653038 シナリオ走行を終了しました [シナリオ名: Banユーザログイン]
[ADMIN] 16:07:58.653051 シナリオ走行を開始しました [シナリオ名: Banユーザログイン]
[ADMIN] 16:07:58.894832 シナリオ走行を終了しました [シナリオ名: 新規ユーザー登録]
[ADMIN] 16:07:58.894851 シナリオ走行を終了しました [シナリオ名: 新規ユーザー登録]
[ADMIN] 16:07:58.894856 シナリオ走行を開始しました [シナリオ名: 新規ユーザー登録]
[ADMIN] 16:07:58.894872 シナリオ走行を開始しました [シナリオ名: 新規ユーザー登録]
[ADMIN] 16:07:58.894879 シナリオ走行を開始しました [シナリオ名: 新規ユーザー登録]
[ADMIN] 16:07:58.895020 シナリオ走行を開始しました [シナリオ名: 新規ユーザー登録]
[ADMIN] 16:07:58.895029 シナリオ走行を開始しました [シナリオ名: 新規ユーザー登録]
[ADMIN] 16:07:58.895035 シナリオ走行を開始しました [シナリオ名: 新規ユーザー登録]
[ADMIN] 16:07:58.895024 シナリオ走行を開始しました [シナリオ名: 新規ユーザー登録]
[ADMIN] 16:07:58.895132 シナリオ走行を開始しました [シナリオ名: 新規ユーザー登録]
[ADMIN] 16:07:58.895027 シナリオ走行を開始しました [シナリオ名: 新規ユーザー登録]
[ADMIN] 16:07:58.895139 シナリオ走行を開始しました [シナリオ名: 新規ユーザー登録]
[ADMIN] 16:07:58.942103 シナリオ走行を終了しました [シナリオ名: ログイン]
[ADMIN] 16:07:59.058418 シナリオ走行を終了しました [シナリオ名: ログイン]
[ADMIN] 16:07:59.204313 シナリオ走行を終了しました [シナリオ名: Banユーザログイン]
[ADMIN] 16:07:59.204334 シナリオ走行を開始しました [シナリオ名: Banユーザログイン]
[ADMIN] 16:07:59.205751 シナリオ走行を終了しました [シナリオ名: Banユーザログイン]
[ADMIN] 16:07:59.205760 シナリオ走行を終了しました [シナリオ名: Banユーザログイン]
[ADMIN] 16:07:59.205772 シナリオ走行を開始しました [シナリオ名: Banユーザログイン]
[ADMIN] 16:07:59.205775 シナリオ走行を開始しました [シナリオ名: Banユーザログイン]
[ADMIN] 16:07:59.205802 シナリオ走行を開始しました [シナリオ名: Banユーザログイン]
[ADMIN] 16:07:59.205773 シナリオ走行を開始しました [シナリオ名: Banユーザログイン]
[ADMIN] 16:07:59.208674 シナリオ走行を終了しました [シナリオ名: Banユーザログイン]
[ADMIN] 16:07:59.210936 シナリオ走行を終了しました [シナリオ名: ログイン]
[ADMIN] 16:07:59.252139 シナリオ走行を終了しました [シナリオ名: ログイン]
[ADMIN] 16:07:59.277256 シナリオ走行を終了しました [シナリオ名: ログイン]
[ADMIN] 16:07:59.327718 シナリオ走行を終了しました [シナリオ名: ログイン]
[ADMIN] 16:07:59.342796 シナリオ走行を終了しました [シナリオ名: ログイン]
[ADMIN] 16:07:59.375145 シナリオ走行を終了しました [シナリオ名: ログイン]
[ADMIN] 16:07:59.454044 シナリオ走行を終了しました [シナリオ名: ログイン]
[ADMIN] 16:07:59.560447 シナリオ走行を終了しました [シナリオ名: ログイン]
[ADMIN] 16:07:59.560555 シナリオ走行を終了しました [シナリオ名: ログイン]
[ADMIN] 16:07:59.573546 シナリオ走行を終了しました [シナリオ名: 新規ユーザー登録]
[ADMIN] 16:07:59.740250 シナリオ走行を終了しました [シナリオ名: ログイン]
[ADMIN] 16:07:59.754364 シナリオ走行を終了しました [シナリオ名: ログイン]
[ADMIN] 16:07:59.800479 シナリオ走行を終了しました [シナリオ名: 新規ユーザー登録]
[ADMIN] 16:07:59.928874 シナリオ走行を終了しました [シナリオ名: ログイン]
[ADMIN] 16:07:59.968160 シナリオ走行を終了しました [シナリオ名: ログイン]
[ADMIN] 16:08:00.094570 シナリオ走行を終了しました [シナリオ名: ログイン]
[ADMIN] 16:08:00.140822 シナリオ走行を終了しました [シナリオ名: ログイン]
[ADMIN] 16:08:00.170826 シナリオ走行を終了しました [シナリオ名: Banユーザログイン]
[ADMIN] 16:08:00.170853 シナリオ走行を開始しました [シナリオ名: Banユーザログイン]
[ADMIN] 16:08:00.170868 シナリオ走行を開始しました [シナリオ名: Banユーザログイン]
[ADMIN] 16:08:00.200569 シナリオ走行を終了しました [シナリオ名: 新規ユーザー登録]
[ADMIN] 16:08:00.599241 シナリオ走行を終了しました [シナリオ名: ログイン]
[ADMIN] 16:08:00.609368 シナリオ走行を終了しました [シナリオ名: 新規ユーザー登録]
[ADMIN] 16:08:00.879012 シナリオ走行を終了しました [シナリオ名: ログイン]
[ADMIN] 16:08:01.340061 シナリオ走行を終了しました [シナリオ名: Banユーザログイン]
[ADMIN] 16:08:01.340087 シナリオ走行を開始しました [シナリオ名: Banユーザログイン]
[ADMIN] 16:08:01.850396 シナリオ走行を終了しました [シナリオ名: 新規ユーザー登録]
[ADMIN] 16:08:02.378452 シナリオ走行を終了しました [シナリオ名: ログイン]
[ADMIN] 16:08:02.458439 シナリオ走行を終了しました [シナリオ名: Banユーザログイン]
[ADMIN] 16:08:02.458459 シナリオ走行を開始しました [シナリオ名: Banユーザログイン]
16:08:03.645344 エラーが33件増えました(現在33件)
[ADMIN] 16:08:04.194149 シナリオ走行を終了しました [シナリオ名: ログイン]
[ADMIN] 16:08:05.864657 シナリオ走行を終了しました [シナリオ名: ログイン]
[ADMIN] 16:08:05.864694 シナリオ走行を開始しました [シナリオ名: ログイン]
[ADMIN] 16:08:05.864718 シナリオ走行を開始しました [シナリオ名: ログイン]
[ADMIN] 16:08:05.864725 シナリオ走行を開始しました [シナリオ名: ログイン]
[ADMIN] 16:08:05.864795 シナリオ走行を開始しました [シナリオ名: ログイン]
[ADMIN] 16:08:05.864883 シナリオ走行を開始しました [シナリオ名: ログイン]
[ADMIN] 16:08:05.864928 シナリオ走行を開始しました [シナリオ名: ログイン]
[ADMIN] 16:08:05.864904 シナリオ走行を開始しました [シナリオ名: ログイン]
[ADMIN] 16:08:05.864906 シナリオ走行を開始しました [シナリオ名: ログイン]
[ADMIN] 16:08:05.864907 シナリオ走行を開始しました [シナリオ名: ログイン]
[ADMIN] 16:08:05.864909 シナリオ走行を開始しました [シナリオ名: ログイン]
[ADMIN] 16:08:05.864906 シナリオ走行を開始しました [シナリオ名: ログイン]
[ADMIN] 16:08:05.864913 シナリオ走行を開始しました [シナリオ名: ログイン]
[ADMIN] 16:08:05.864910 シナリオ走行を開始しました [シナリオ名: ログイン]
[ADMIN] 16:08:05.864916 シナリオ走行を開始しました [シナリオ名: ログイン]
[ADMIN] 16:08:05.864908 シナリオ走行を開始しました [シナリオ名: ログイン]
[ADMIN] 16:08:05.864919 シナリオ走行を開始しました [シナリオ名: ログイン]
[ADMIN] 16:08:05.864922 シナリオ走行を開始しました [シナリオ名: ログイン]
[ADMIN] 16:08:05.864923 シナリオ走行を開始しました [シナリオ名: ログイン]
[ADMIN] 16:08:05.864920 シナリオ走行を開始しました [シナリオ名: ログイン]
[ADMIN] 16:08:05.864722 シナリオ走行を開始しました [シナリオ名: ログイン]
[ADMIN] 16:08:05.864927 シナリオ走行を開始しました [シナリオ名: ログイン]
[ADMIN] 16:08:05.864921 シナリオ走行を開始しました [シナリオ名: ログイン]
[ADMIN] 16:08:06.026585 シナリオ走行を終了しました [シナリオ名: ログイン]
[ADMIN] 16:08:06.026611 シナリオ走行を開始しました [シナリオ名: ログイン]
[ADMIN] 16:08:06.026648 シナリオ走行を開始しました [シナリオ名: ログイン]
[ADMIN] 16:08:06.100456 シナリオ走行を終了しました [シナリオ名: ログイン]
[ADMIN] 16:08:06.535663 シナリオ走行を終了しました [シナリオ名: ログイン]
[ADMIN] 16:08:06.672034 シナリオ走行を終了しました [シナリオ名: ログイン]
[ADMIN] 16:08:06.706108 シナリオ走行を終了しました [シナリオ名: Banユーザログイン]
[ADMIN] 16:08:06.707174 シナリオ走行を終了しました [シナリオ名: Banユーザログイン]
[ADMIN] 16:08:06.707194 シナリオ走行を開始しました [シナリオ名: Banユーザログイン]
[ADMIN] 16:08:06.707206 シナリオ走行を開始しました [シナリオ名: Banユーザログイン]
[ADMIN] 16:08:06.751893 シナリオ走行を終了しました [シナリオ名: Banユーザログイン]
[ADMIN] 16:08:06.751913 シナリオ走行を開始しました [シナリオ名: Banユーザログイン]
[ADMIN] 16:08:06.770444 シナリオ走行を終了しました [シナリオ名: Banユーザログイン]
[ADMIN] 16:08:06.770462 シナリオ走行を開始しました [シナリオ名: Banユーザログイン]
[ADMIN] 16:08:06.801175 シナリオ走行を終了しました [シナリオ名: ログイン]
[ADMIN] 16:08:06.899494 シナリオ走行を終了しました [シナリオ名: ログイン]
[ADMIN] 16:08:07.087776 シナリオ走行を終了しました [シナリオ名: ログイン]
[ADMIN] 16:08:07.275885 シナリオ走行を終了しました [シナリオ名: ログイン]
[ADMIN] 16:08:07.354176 シナリオ走行を終了しました [シナリオ名: ログイン]
[ADMIN] 16:08:08.208477 シナリオ走行を終了しました [シナリオ名: ログイン]
[ADMIN] 16:08:08.231869 シナリオ走行を終了しました [シナリオ名: ログイン]
[ADMIN] 16:08:08.267963 シナリオ走行を終了しました [シナリオ名: ログイン]
[ADMIN] 16:08:08.703414 シナリオ走行を終了しました [シナリオ名: ログイン]
[ADMIN] 16:08:08.734158 シナリオ走行を終了しました [シナリオ名: ログイン]
[ADMIN] 16:08:08.896368 シナリオ走行を終了しました [シナリオ名: 新規ユーザー登録]
[ADMIN] 16:08:08.896388 シナリオ走行を終了しました [シナリオ名: 新規ユーザー登録]
[ADMIN] 16:08:08.896398 シナリオ走行を開始しました [シナリオ名: 新規ユーザー登録]
[ADMIN] 16:08:08.896410 シナリオ走行を開始しました [シナリオ名: 新規ユーザー登録]
[ADMIN] 16:08:08.896410 シナリオ走行を開始しました [シナリオ名: 新規ユーザー登録]
[ADMIN] 16:08:08.896481 シナリオ走行を開始しました [シナリオ名: 新規ユーザー登録]
[ADMIN] 16:08:08.896550 シナリオ走行を開始しました [シナリオ名: 新規ユーザー登録]
[ADMIN] 16:08:08.896550 シナリオ走行を開始しました [シナリオ名: 新規ユーザー登録]
[ADMIN] 16:08:08.896555 シナリオ走行を開始しました [シナリオ名: 新規ユーザー登録]
[ADMIN] 16:08:09.670801 シナリオ走行を終了しました [シナリオ名: ログイン]
[ADMIN] 16:08:09.738769 シナリオ走行を終了しました [シナリオ名: Banユーザログイン]
[ADMIN] 16:08:09.738805 シナリオ走行を開始しました [シナリオ名: Banユーザログイン]
[ADMIN] 16:08:11.841407 シナリオ走行を終了しました [シナリオ名: Banユーザログイン]
[ADMIN] 16:08:11.841431 シナリオ走行を開始しました [シナリオ名: Banユーザログイン]
[ADMIN] 16:08:15.865011 シナリオ走行を終了しました [シナリオ名: ログイン]
[ADMIN] 16:08:15.865052 シナリオ走行を終了しました [シナリオ名: ログイン]
[ADMIN] 16:08:15.865052 シナリオ走行を終了しました [シナリオ名: ログイン]
[ADMIN] 16:08:15.865099 シナリオ走行を終了しました [シナリオ名: ログイン]
[ADMIN] 16:08:15.865290 シナリオ走行を終了しました [シナリオ名: ログイン]
[ADMIN] 16:08:15.866520 シナリオ走行を終了しました [シナリオ名: ログイン]
[ADMIN] 16:08:15.866597 シナリオ走行を終了しました [シナリオ名: ログイン]
[ADMIN] 16:08:15.866662 シナリオ走行を終了しました [シナリオ名: ログイン]
[ADMIN] 16:08:15.866692 シナリオ走行を終了しました [シナリオ名: ログイン]
[ADMIN] 16:08:15.866679 シナリオ走行を終了しました [シナリオ名: ログイン]
[ADMIN] 16:08:15.866687 シナリオ走行を終了しました [シナリオ名: ログイン]
[ADMIN] 16:08:15.866721 シナリオ走行を終了しました [シナリオ名: ログイン]
[ADMIN] 16:08:16.207397 シナリオ走行を終了しました [シナリオ名: 新規ユーザー登録]
[ADMIN] 16:08:17.025581 シナリオ走行を終了しました [シナリオ名: Banユーザログイン]
[ADMIN] 16:08:17.025607 シナリオ走行を開始しました [シナリオ名: Banユーザログイン]
[ADMIN] 16:08:17.208260 シナリオ走行を終了しました [シナリオ名: Banユーザログイン]
[ADMIN] 16:08:17.208284 シナリオ走行を開始しました [シナリオ名: Banユーザログイン]
[ADMIN] 16:08:17.252822 シナリオ走行を終了しました [シナリオ名: Banユーザログイン]
[ADMIN] 16:08:17.252840 シナリオ走行を開始しました [シナリオ名: Banユーザログイン]
[ADMIN] 16:08:17.272378 シナリオ走行を終了しました [シナリオ名: Banユーザログイン]
[ADMIN] 16:08:17.272397 シナリオ走行を開始しました [シナリオ名: Banユーザログイン]
[ADMIN] 16:08:18.673544 シナリオ走行を終了しました [シナリオ名: 新規ユーザー登録]
[ADMIN] 16:08:18.897518 シナリオ走行を終了しました [シナリオ名: 新規ユーザー登録]
[ADMIN] 16:08:18.897628 シナリオ走行を終了しました [シナリオ名: 新規ユーザー登録]
[ADMIN] 16:08:18.897628 シナリオ走行を開始しました [シナリオ名: 新規ユーザー登録]
[ADMIN] 16:08:18.897728 シナリオ走行を終了しました [シナリオ名: 新規ユーザー登録]
[ADMIN] 16:08:18.897736 シナリオ走行を終了しました [シナリオ名: 新規ユーザー登録]
[ADMIN] 16:08:18.897633 シナリオ走行を終了しました [シナリオ名: 新規ユーザー登録]
[ADMIN] 16:08:18.897634 シナリオ走行を終了しました [シナリオ名: 新規ユーザー登録]
[ADMIN] 16:08:18.897636 シナリオ走行を終了しました [シナリオ名: 新規ユーザー登録]
[ADMIN] 16:08:18.897641 シナリオ走行を開始しました [シナリオ名: 新規ユーザー登録]
[ADMIN] 16:08:18.897646 シナリオ走行を開始しました [シナリオ名: 新規ユーザー登録]
[ADMIN] 16:08:18.897652 シナリオ走行を開始しました [シナリオ名: 新規ユーザー登録]
[ADMIN] 16:08:19.155856 シナリオ走行を終了しました [シナリオ名: 新規ユーザー登録]
[ADMIN] 16:08:19.241557 シナリオ走行を終了しました [シナリオ名: 新規ユーザー登録]
[ADMIN] 16:08:19.914055 シナリオ走行を終了しました [シナリオ名: Banユーザログイン]
[ADMIN] 16:08:19.914081 シナリオ走行を開始しました [シナリオ名: Banユーザログイン]
16:08:19.973012 負荷走行を打ち切ります (エラー数:95)
[ADMIN] 16:08:19.972621 シナリオ走行を終了しました [シナリオ名: Banユーザログイン]
[ADMIN] 16:08:19.972657 シナリオ走行を開始しました [シナリオ名: Banユーザログイン]
[ADMIN] 16:08:19.973057 map[string]int64{"load":95, "scenario-error-invalid-request":95, "timeout":190}
[ADMIN] 16:08:19.973108 シナリオ走行を終了しました [シナリオ名: Banユーザログイン]
[ADMIN] 16:08:19.973176 シナリオ走行を終了しました [シナリオ名: Banユーザログイン]
[ADMIN] 16:08:19.973320 シナリオ走行を終了しました [シナリオ名: Banユーザログイン]
[ADMIN] 16:08:19.973465 シナリオ走行を終了しました [シナリオ名: ログイン]
[ADMIN] 16:08:19.973494 シナリオ走行を終了しました [シナリオ名: ログイン]
[ADMIN] 16:08:19.973542 シナリオ走行を終了しました [シナリオ名: ログイン]
16:08:19.974089 負荷走行がすべて終了しました
[ADMIN] 16:08:19.973619 シナリオ走行を終了しました [シナリオ名: 新規ユーザー登録]
[ADMIN] 16:08:19.973622 シナリオ走行を終了しました [シナリオ名: ログイン]
[ADMIN] 16:08:19.973657 シナリオ走行を終了しました [シナリオ名: 新規ユーザー登録]
[ADMIN] 16:08:19.973712 シナリオ走行を終了しました [シナリオ名: 新規ユーザー登録]
[ADMIN] 16:08:19.973722 シナリオ走行を終了しました [シナリオ名: 新規ユーザー登録]
[ADMIN] 16:08:19.973754 シナリオ走行を終了しました [シナリオ名: 新規ユーザー登録]
[ADMIN] 16:08:19.973773 シナリオ走行を終了しました [シナリオ名: 新規ユーザー登録]
[ADMIN] 16:08:19.973811 シナリオ走行を終了しました [シナリオ名: Banユーザログイン]
[ADMIN] 16:08:19.973844 シナリオ走行を終了しました [シナリオ名: Banユーザログイン]
[ADMIN] 16:08:19.973879 シナリオ走行を終了しました [シナリオ名: Banユーザログイン]
[ADMIN] 16:08:19.973903 シナリオ走行を終了しました [シナリオ名: ログイン]
[ADMIN] 16:08:19.973916 シナリオ走行を終了しました [シナリオ名: ログイン]
[ADMIN] 16:08:19.974033 シナリオ走行を終了しました [シナリオ名: ログイン]
[ADMIN] 16:08:19.974082 シナリオ走行を終了しました [シナリオ名: 新規ユーザー登録]
[ADMIN] 16:08:19.974085 シナリオ走行を終了しました [シナリオ名: 新規ユーザー登録]
[ADMIN] 16:08:19.974092 負荷走行がすべて終了しました
[ADMIN] 16:08:19.974192 シナリオ走行を終了しました [シナリオ名: 新規ユーザー登録]
[ADMIN] 16:08:19.974270 シナリオ走行を終了しました [シナリオ名: ログイン]
[ADMIN] 16:08:19.974278 シナリオ走行を終了しました [シナリオ名: 新規ユーザー登録]
[ADMIN] 16:08:19.974047 シナリオ走行を終了しました [シナリオ名: ログイン]
[ADMIN] 16:08:19.974355 シナリオ走行を終了しました [シナリオ名: 新規ユーザー登録]
[ADMIN] 16:08:19.974436 シナリオ走行を終了しました [シナリオ名: 新規ユーザー登録]
[ADMIN] 16:08:19.974458 シナリオ走行を終了しました [シナリオ名: ログイン]
[ADMIN] 16:08:19.974471 シナリオ走行を終了しました [シナリオ名: ログイン]
[ADMIN] 16:08:19.973690 シナリオ走行を終了しました [シナリオ名: 新規ユーザー登録]
[ADMIN] 16:08:19.974552 シナリオ走行を終了しました [シナリオ名: 新規ユーザー登録]
[ADMIN] 16:08:19.974608 シナリオ走行を終了しました [シナリオ名: ログイン]
16:08:22.976168 ERROR[0] load: timeout: scenario-error-invalid-request: timeout: Post "http://172.31.45.101/user/100004030322/card/addexp/100004030331": context deadline exceeded (Client.Timeout exceeded while awaiting headers)
16:08:22.976185 ERROR[1] load: timeout: scenario-error-invalid-request: timeout: Post "http://172.31.45.101/user/100004030299/card/addexp/100004030303": context deadline exceeded (Client.Timeout exceeded while awaiting headers)
16:08:22.976191 ERROR[2] load: timeout: scenario-error-invalid-request: timeout: Post "http://172.31.45.101/user/9522151998/gacha/draw/37/10": context deadline exceeded (Client.Timeout exceeded while awaiting headers)
16:08:22.976197 ERROR[3] load: timeout: scenario-error-invalid-request: timeout: Post "http://172.31.45.101/user/6398041088/gacha/draw/37/10": context deadline exceeded (Client.Timeout exceeded while awaiting headers)
16:08:22.976203 ERROR[4] load: timeout: scenario-error-invalid-request: timeout: Post "http://172.31.45.101/user/100004030893/gacha/draw/37/10": context deadline exceeded (Client.Timeout exceeded while awaiting headers)
16:08:22.976208 ERROR[5] load: timeout: scenario-error-invalid-request: timeout: Post "http://172.31.45.101/user/100004031052/gacha/draw/37/10": context deadline exceeded (Client.Timeout exceeded while awaiting headers)
16:08:22.976213 ERROR[6] load: timeout: scenario-error-invalid-request: timeout: Post "http://172.31.45.101/user/100004031054/gacha/draw/37/10": context deadline exceeded (Client.Timeout exceeded while awaiting headers)
16:08:22.976218 ERROR[7] load: timeout: scenario-error-invalid-request: timeout: Post "http://172.31.45.101/user/5811081915/gacha/draw/37/10": context deadline exceeded (Client.Timeout exceeded while awaiting headers)
16:08:22.976224 ERROR[8] load: timeout: scenario-error-invalid-request: timeout: Post "http://172.31.45.101/user/8238921196/gacha/draw/37/10": context deadline exceeded (Client.Timeout exceeded while awaiting headers)
16:08:22.976230 ERROR[9] load: timeout: scenario-error-invalid-request: timeout: Post "http://172.31.45.101/user/36923813/gacha/draw/37/10": context deadline exceeded (Client.Timeout exceeded while awaiting headers)
16:08:22.976235 ERROR[10] load: timeout: scenario-error-invalid-request: timeout: Post "http://172.31.45.101/user/9847804433/gacha/draw/37/10": context deadline exceeded (Client.Timeout exceeded while awaiting headers)
16:08:22.976240 ERROR[11] load: timeout: scenario-error-invalid-request: timeout: Post "http://172.31.45.101/user/6793623529/gacha/draw/37/10": context deadline exceeded (Client.Timeout exceeded while awaiting headers)
16:08:22.976244 ERROR[12] load: timeout: scenario-error-invalid-request: timeout: Post "http://172.31.45.101/user/4677169369/gacha/draw/37/10": context deadline exceeded (Client.Timeout exceeded while awaiting headers)
16:08:22.976276 ERROR[13] load: timeout: scenario-error-invalid-request: timeout: Post "http://172.31.45.101/user/100004031022/gacha/draw/37/10": context deadline exceeded (Client.Timeout exceeded while awaiting headers)
16:08:22.976288 ERROR[14] load: timeout: scenario-error-invalid-request: timeout: Post "http://172.31.45.101/user/6083507306/gacha/draw/37/10": context deadline exceeded (Client.Timeout exceeded while awaiting headers)
16:08:22.976310 ERROR[15] load: timeout: scenario-error-invalid-request: timeout: Post "http://172.31.45.101/user/581726694/gacha/draw/37/10": context deadline exceeded (Client.Timeout exceeded while awaiting headers)
16:08:22.976324 ERROR[16] load: timeout: scenario-error-invalid-request: timeout: Post "http://172.31.45.101/user/4693104273/gacha/draw/37/10": context deadline exceeded (Client.Timeout exceeded while awaiting headers)
16:08:22.976331 ERROR[17] load: timeout: scenario-error-invalid-request: timeout: Post "http://172.31.45.101/user/100004030367/card/addexp/100004030381": context deadline exceeded (Client.Timeout exceeded while awaiting headers)
16:08:22.976337 ERROR[18] load: timeout: scenario-error-invalid-request: timeout: Post "http://172.31.45.101/user/5328760834/gacha/draw/37/10": context deadline exceeded (Client.Timeout exceeded while awaiting headers)
16:08:22.976349 ERROR[19] load: timeout: scenario-error-invalid-request: timeout: Post "http://172.31.45.101/user/7785072788/gacha/draw/37/10": context deadline exceeded (Client.Timeout exceeded while awaiting headers)
16:08:22.976365 ERROR[20] load: timeout: scenario-error-invalid-request: timeout: Post "http://172.31.45.101/user/100004030537/card/addexp/100004030556": context deadline exceeded (Client.Timeout exceeded while awaiting headers)
16:08:22.976372 ERROR[21] load: timeout: scenario-error-invalid-request: timeout: Post "http://172.31.45.101/user/504326922/gacha/draw/37/10": context deadline exceeded (Client.Timeout exceeded while awaiting headers)
16:08:22.976382 ERROR[22] load: timeout: scenario-error-invalid-request: timeout: Post "http://172.31.45.101/user/7517161514/gacha/draw/37/10": context deadline exceeded (Client.Timeout exceeded while awaiting headers)
16:08:22.976395 ERROR[23] load: timeout: scenario-error-invalid-request: timeout: Post "http://172.31.45.101/user/7000375365/gacha/draw/37/10": context deadline exceeded (Client.Timeout exceeded while awaiting headers)
16:08:22.976402 ERROR[24] load: timeout: scenario-error-invalid-request: timeout: Post "http://172.31.45.101/user/2507936022/gacha/draw/37/10": context deadline exceeded (Client.Timeout exceeded while awaiting headers)
16:08:22.976410 ERROR[25] load: timeout: scenario-error-invalid-request: timeout: Post "http://172.31.45.101/user/100004030739/card/addexp/100004030761": context deadline exceeded (Client.Timeout exceeded while awaiting headers)
16:08:22.976417 ERROR[26] load: timeout: scenario-error-invalid-request: timeout: Post "http://172.31.45.101/user/3828504484/gacha/draw/37/10": context deadline exceeded (Client.Timeout exceeded while awaiting headers)
16:08:22.976424 ERROR[27] load: timeout: scenario-error-invalid-request: timeout: Post "http://172.31.45.101/user/100004030749/card/addexp/100004030751": context deadline exceeded (Client.Timeout exceeded while awaiting headers)
16:08:22.976434 ERROR[28] load: timeout: scenario-error-invalid-request: timeout: Post "http://172.31.45.101/user/553463367/gacha/draw/37/10": context deadline exceeded (Client.Timeout exceeded while awaiting headers)
16:08:22.976441 ERROR[29] load: timeout: scenario-error-invalid-request: timeout: Post "http://172.31.45.101/user/100004032486/gacha/draw/37/10": context deadline exceeded (Client.Timeout exceeded while awaiting headers)
16:08:22.976449 ERROR[30] load: timeout: scenario-error-invalid-request: timeout: Post "http://172.31.45.101/user/100004030786/card/addexp/100004030788": context deadline exceeded (Client.Timeout exceeded while awaiting headers)
16:08:22.976456 ERROR[31] load: timeout: scenario-error-invalid-request: timeout: Post "http://172.31.45.101/user/5347491899/gacha/draw/37/10": context deadline exceeded (Client.Timeout exceeded while awaiting headers)
16:08:22.976465 ERROR[32] load: timeout: scenario-error-invalid-request: timeout: Post "http://172.31.45.101/user/100004032669/gacha/draw/37/10": context deadline exceeded (Client.Timeout exceeded while awaiting headers)
16:08:22.976472 ERROR[33] load: timeout: scenario-error-invalid-request: timeout: Post "http://172.31.45.101/user/6811097072/gacha/draw/37/10": context deadline exceeded (Client.Timeout exceeded while awaiting headers)
16:08:22.976479 ERROR[34] load: timeout: scenario-error-invalid-request: timeout: Post "http://172.31.45.101/user/9407283714/gacha/draw/37/10": context deadline exceeded (Client.Timeout exceeded while awaiting headers)
16:08:22.976485 ERROR[35] load: timeout: scenario-error-invalid-request: timeout: Post "http://172.31.45.101/user/3454965033/gacha/draw/37/10": context deadline exceeded (Client.Timeout exceeded while awaiting headers)
16:08:22.976492 ERROR[36] load: timeout: scenario-error-invalid-request: timeout: Post "http://172.31.45.101/user/6863469125/gacha/draw/37/10": context deadline exceeded (Client.Timeout exceeded while awaiting headers)
16:08:22.976500 ERROR[37] load: timeout: scenario-error-invalid-request: timeout: Post "http://172.31.45.101/user/8896841372/gacha/draw/37/10": context deadline exceeded (Client.Timeout exceeded while awaiting headers)
16:08:22.976507 ERROR[38] load: timeout: scenario-error-invalid-request: timeout: Post "http://172.31.45.101/user/3221744810/gacha/draw/37/10": context deadline exceeded (Client.Timeout exceeded while awaiting headers)
16:08:22.976514 ERROR[39] load: timeout: scenario-error-invalid-request: timeout: Post "http://172.31.45.101/user/5540755083/gacha/draw/37/10": context deadline exceeded (Client.Timeout exceeded while awaiting headers)
16:08:22.976522 ERROR[40] load: timeout: scenario-error-invalid-request: timeout: Post "http://172.31.45.101/user/4617908251/gacha/draw/37/10": context deadline exceeded (Client.Timeout exceeded while awaiting headers)
16:08:22.976529 ERROR[41] load: timeout: scenario-error-invalid-request: timeout: Post "http://172.31.45.101/user/8213050464/gacha/draw/37/10": context deadline exceeded (Client.Timeout exceeded while awaiting headers)
16:08:22.976536 ERROR[42] load: timeout: scenario-error-invalid-request: timeout: Post "http://172.31.45.101/user/1149406237/gacha/draw/37/10": context deadline exceeded (Client.Timeout exceeded while awaiting headers)
16:08:22.976543 ERROR[43] load: timeout: scenario-error-invalid-request: timeout: Post "http://172.31.45.101/user/9989741295/gacha/draw/37/10": context deadline exceeded (Client.Timeout exceeded while awaiting headers)
16:08:22.976550 ERROR[44] load: timeout: scenario-error-invalid-request: timeout: Post "http://172.31.45.101/user/5070221112/gacha/draw/37/10": context deadline exceeded (Client.Timeout exceeded while awaiting headers)
16:08:22.976556 ERROR[45] load: timeout: scenario-error-invalid-request: timeout: Post "http://172.31.45.101/user/9807378590/gacha/draw/37/10": context deadline exceeded (Client.Timeout exceeded while awaiting headers)
16:08:22.976563 ERROR[46] load: timeout: scenario-error-invalid-request: timeout: Post "http://172.31.45.101/user/3369027575/gacha/draw/37/10": context deadline exceeded (Client.Timeout exceeded while awaiting headers)
16:08:22.976569 ERROR[47] load: timeout: scenario-error-invalid-request: timeout: Post "http://172.31.45.101/user/6080511322/gacha/draw/37/10": context deadline exceeded (Client.Timeout exceeded while awaiting headers)
16:08:22.976575 ERROR[48] load: timeout: scenario-error-invalid-request: timeout: Post "http://172.31.45.101/user/4717402495/gacha/draw/37/10": context deadline exceeded (Client.Timeout exceeded while awaiting headers)
16:08:22.976578 ベンチマークシナリオのERRORは最大50件まで表示しています
16:08:22.976599 [PASSED]: true
16:08:22.976605 [SCORE] 10348 (addition: 11773, deduction: 1425)
[ADMIN] 16:08:22.976633 [SCORE] map[GET /user/:userId/gacha/index:765 GET /user/:userId/home:775 GET /user/:userId/item:227 GET /user/:userId/present/index/:n:1006 POST /login:551 POST /login(ban):176 POST /user:246 POST /user/:userId/card:220 POST /user/:userId/card/addexp/:cardId:220 POST /user/:userId/gacha/draw/:gachaId:721 POST /user/:userId/present/receive:1000 POST /user/:userId/reward:539]

SCORE: 10348
BENCHMARK_PASS
2026-09-23T16:08:23.135343404Z	BENCHMARK_END
