sample	timestamp	elapsed_ms	service	available	cpu_pct	cpu_host_pct	cpu_user_pct	cpu_system_pct	memory_current_bytes	memory_pct_of_host	memory_peak_bytes	io_read_bytes_per_sec	io_write_bytes_per_sec	tasks_current
0	2026-09-23T16:06:46.19613304Z	0	isuconquest.go.service	1	0.000000	0.000000	0.000000	0.000000	1855488	0.047831	1986560	0.000000	0.000000	4
0	2026-09-23T16:06:46.19613304Z	0	nginx.service	1	0.000000	0.000000	0.000000	0.000000	6975488	0.179815	16416768	0.000000	0.000000	3
0	2026-09-23T16:06:46.19613304Z	0	mysql.service	1	0.000000	0.000000	0.000000	0.000000	450764800	11.619890	463400960	0.000000	0.000000	41
1	2026-09-23T16:06:47.207543169Z	1011	isuconquest.go.service	1	0.574742	0.287371	0.574742	0.000000	2281472	0.058812	2408448	0.000000	0.000000	5
1	2026-09-23T16:06:47.207543169Z	1011	nginx.service	1	0.000000	0.000000	0.000000	0.000000	6975488	0.179815	16416768	0.000000	0.000000	3
1	2026-09-23T16:06:47.207543169Z	1011	mysql.service	1	2.820023	1.410012	1.416834	1.403288	455294976	11.736669	463400960	97194.986830	0.000000	43
2	2026-09-23T16:06:48.208259322Z	2012	isuconquest.go.service	1	1.167064	0.583532	0.281498	0.885466	2469888	0.063669	2719744	0.000000	0.000000	5
2	2026-09-23T16:06:48.208259322Z	2012	nginx.service	1	0.000000	0.000000	0.000000	0.000000	6975488	0.179815	16416768	0.000000	0.000000	3
2	2026-09-23T16:06:48.208259322Z	2012	mysql.service	1	1.115801	0.557900	0.612461	0.503240	455614464	11.744905	463400960	0.000000	0.000000	43
3	2026-09-23T16:06:49.207962212Z	3011	isuconquest.go.service	1	1.122934	0.561467	1.063816	0.059118	2691072	0.069371	2928640	0.000000	0.000000	5
3	2026-09-23T16:06:49.207962212Z	3011	nginx.service	1	0.000000	0.000000	0.000000	0.000000	6975488	0.179815	16416768	0.000000	0.000000	3
3	2026-09-23T16:06:49.207962212Z	3011	mysql.service	1	1.078921	0.539460	0.339701	0.739220	455614464	11.744905	463400960	0.000000	0.000000	43
4	2026-09-23T16:06:50.207736998Z	4011	isuconquest.go.service	1	1.158461	0.579230	0.755570	0.402891	3121152	0.080458	3239936	0.000000	0.000000	5
4	2026-09-23T16:06:50.207736998Z	4011	nginx.service	1	0.000000	0.000000	0.000000	0.000000	6975488	0.179815	16416768	0.000000	0.000000	3
4	2026-09-23T16:06:50.207736998Z	4011	mysql.service	1	1.088245	0.544123	0.594934	0.493411	455614464	11.744905	463400960	0.000000	0.000000	43
5	2026-09-23T16:06:51.208463559Z	5012	isuconquest.go.service	1	1.113691	0.556845	0.299083	0.814708	3264512	0.084153	3436544	0.000000	0.000000	5
5	2026-09-23T16:06:51.208463559Z	5012	nginx.service	1	0.000000	0.000000	0.000000	0.000000	6975488	0.179815	16416768	0.000000	0.000000	3
5	2026-09-23T16:06:51.208463559Z	5012	mysql.service	1	1.077017	0.538509	0.588772	0.488245	455614464	11.744905	463400960	0.000000	4093.026134	43
6	2026-09-23T16:06:52.208250402Z	6012	isuconquest.go.service	1	1.144544	0.572272	0.766063	0.378481	3502080	0.090277	3747840	0.000000	0.000000	5
6	2026-09-23T16:06:52.208250402Z	6012	nginx.service	1	0.000000	0.000000	0.000000	0.000000	6975488	0.179815	16416768	0.000000	0.000000	3
6	2026-09-23T16:06:52.208250402Z	6012	mysql.service	1	1.105236	0.552618	0.604129	0.501007	455614464	11.744905	463400960	0.000000	0.000000	43
7	2026-09-23T16:06:53.207566917Z	7011	isuconquest.go.service	1	2.700546	1.350273	0.936540	1.763906	7057408	0.181927	7307264	0.000000	0.000000	9
7	2026-09-23T16:06:53.207566917Z	7011	nginx.service	1	0.011208	0.005604	0.003703	0.007505	6987776	0.180132	16416768	0.000000	0.000000	3
7	2026-09-23T16:06:53.207566917Z	7011	mysql.service	1	6.578296	3.289148	4.137428	2.440968	457117696	11.783656	463400960	98371.235461	2426490.474695	44
8	2026-09-23T16:06:54.207882241Z	8011	isuconquest.go.service	1	5.406895	2.703448	2.958167	2.448728	25194496	0.649468	25403392	0.000000	0.000000	10
8	2026-09-23T16:06:54.207882241Z	8011	nginx.service	1	0.000000	0.000000	0.000000	0.000000	6983680	0.180026	16416768	0.000000	0.000000	3
8	2026-09-23T16:06:54.207882241Z	8011	mysql.service	1	32.120072	16.060036	23.379828	8.740144	519135232	13.382354	519241728	81894.176555	8324543.046815	44
9	2026-09-23T16:06:55.207753782Z	9011	isuconquest.go.service	1	6.818476	3.409238	6.818476	0.000000	25264128	0.651263	25690112	0.000000	0.000000	10
9	2026-09-23T16:06:55.207753782Z	9011	nginx.service	1	0.000000	0.000000	0.000000	0.000000	6983680	0.180026	16416768	0.000000	0.000000	3
9	2026-09-23T16:06:55.207753782Z	9011	mysql.service	1	84.834998	42.417499	82.317175	2.517823	547381248	14.110485	547586048	16386.105008	38974350.762022	44
10	2026-09-23T16:06:56.207903827Z	10011	isuconquest.go.service	1	7.901314	3.950657	7.725541	0.175874	25272320	0.651474	25690112	0.000000	0.000000	10
10	2026-09-23T16:06:56.207903827Z	10011	nginx.service	1	0.000000	0.000000	0.000000	0.000000	6983680	0.180026	16416768	0.000000	0.000000	3
10	2026-09-23T16:06:56.207903827Z	10011	mysql.service	1	94.703190	47.351595	90.470625	4.232565	568094720	14.644440	574443520	0.000000	36326069.454909	44
11	2026-09-23T16:06:57.207585511Z	11011	isuconquest.go.service	1	6.881690	3.440845	6.881690	0.000000	25272320	0.651474	25690112	0.000000	0.000000	10
11	2026-09-23T16:06:57.207585511Z	11011	nginx.service	1	0.000000	0.000000	0.000000	0.000000	6983680	0.180026	16416768	0.000000	0.000000	3
11	2026-09-23T16:06:57.207585511Z	11011	mysql.service	1	90.974553	45.487276	85.975662	4.998891	597803008	15.410265	598024192	32778.431703	48344089.458126	44
12	2026-09-23T16:06:58.208298223Z	12012	isuconquest.go.service	1	8.953919	4.476960	7.422510	1.531309	25391104	0.654536	42217472	0.000000	0.000000	10
12	2026-09-23T16:06:58.208298223Z	12012	nginx.service	1	0.000000	0.000000	0.000000	0.000000	6983680	0.180026	16416768	0.000000	0.000000	3
12	2026-09-23T16:06:58.208298223Z	12012	mysql.service	1	83.350401	41.675200	76.701139	6.649361	616865792	15.901669	616865792	0.000000	55101084.322460	44
13	2026-09-23T16:06:59.207681855Z	13011	isuconquest.go.service	1	7.311707	3.655853	6.542833	0.768974	25542656	0.658443	42217472	0.000000	0.000000	10
13	2026-09-23T16:06:59.207681855Z	13011	nginx.service	1	0.000000	0.000000	0.000000	0.000000	6983680	0.180026	16416768	0.000000	0.000000	3
13	2026-09-23T16:06:59.207681855Z	13011	mysql.service	1	95.440227	47.720114	91.402439	4.037789	646676480	16.670133	646791168	0.000000	30718454.240825	44
14	2026-09-23T16:07:00.207583635Z	14011	isuconquest.go.service	1	7.577044	3.788522	7.355622	0.221322	26079232	0.672275	42217472	0.000000	0.000000	10
14	2026-09-23T16:07:00.207583635Z	14011	nginx.service	1	0.000000	0.000000	0.000000	0.000000	6983680	0.180026	16416768	0.000000	0.000000	3
14	2026-09-23T16:07:00.207583635Z	14011	mysql.service	1	87.367080	43.683540	83.928142	3.438938	672448512	17.334489	672534528	0.000000	34655563.453576	44
15	2026-09-23T16:07:01.207587444Z	15011	isuconquest.go.service	1	7.226272	3.613136	6.837774	0.388599	26226688	0.676076	42217472	0.000000	0.000000	10
15	2026-09-23T16:07:01.207587444Z	15011	nginx.service	1	0.000000	0.000000	0.000000	0.000000	6983680	0.180026	16416768	0.000000	0.000000	3
15	2026-09-23T16:07:01.207587444Z	15011	mysql.service	1	78.541301	39.270651	73.045222	5.495979	687935488	17.733715	693202944	0.000000	67428095.368669	44
16	2026-09-23T16:07:02.207601631Z	16011	isuconquest.go.service	1	6.263211	3.131605	5.368423	0.894687	26312704	0.678293	42217472	0.000000	0.000000	10
16	2026-09-23T16:07:02.207601631Z	16011	nginx.service	1	0.000000	0.000000	0.000000	0.000000	6983680	0.180026	16416768	0.000000	0.000000	3
16	2026-09-23T16:07:02.207601631Z	16011	mysql.service	1	78.677879	39.338939	71.659579	7.018300	713027584	18.380543	713195520	0.000000	59292851.017580	44
17	2026-09-23T16:07:03.207590225Z	17011	isuconquest.go.service	1	7.704688	3.852344	6.146370	1.558318	26595328	0.685579	42217472	0.000000	0.000000	10
17	2026-09-23T16:07:03.207590225Z	17011	nginx.service	1	0.000000	0.000000	0.000000	0.000000	6983680	0.180026	16416768	0.000000	0.000000	3
17	2026-09-23T16:07:03.207590225Z	17011	mysql.service	1	84.969375	42.484687	81.169631	3.799744	726024192	18.715572	726138880	0.000000	40591825.588239	44
18	2026-09-23T16:07:04.208198406Z	18012	isuconquest.go.service	1	6.836440	3.418220	6.507840	0.328700	26595328	0.685579	42217472	0.000000	0.000000	10
18	2026-09-23T16:07:04.208198406Z	18012	nginx.service	1	0.000000	0.000000	0.000000	0.000000	6983680	0.180026	16416768	0.000000	0.000000	3
18	2026-09-23T16:07:04.208198406Z	18012	mysql.service	1	80.086765	40.043383	75.551325	4.535440	738574336	19.039092	738586624	0.000000	72004823.192962	44
19	2026-09-23T16:07:05.208321254Z	19012	isuconquest.go.service	1	7.060835	3.530417	6.751473	0.309262	26595328	0.685579	42217472	0.000000	0.000000	10
19	2026-09-23T16:07:05.208321254Z	19012	nginx.service	1	0.000000	0.000000	0.000000	0.000000	6983680	0.180026	16416768	0.000000	0.000000	3
19	2026-09-23T16:07:05.208321254Z	19012	mysql.service	1	80.157480	40.078740	73.895947	6.261633	751644672	19.376021	751730688	0.000000	59491207.910593	44
20	2026-09-23T16:07:06.207587582Z	20011	isuconquest.go.service	1	6.873743	3.436872	6.403298	0.470445	26615808	0.686107	42217472	0.000000	0.000000	10
20	2026-09-23T16:07:06.207587582Z	20011	nginx.service	1	0.000000	0.000000	0.000000	0.000000	6983680	0.180026	16416768	0.000000	0.000000	3
20	2026-09-23T16:07:06.207587582Z	20011	mysql.service	1	69.417130	34.708565	64.353515	5.063615	761974784	19.642312	762449920	0.000000	43970051.727701	44
21	2026-09-23T16:07:07.20770631Z	21011	isuconquest.go.service	1	5.878902	2.939451	4.406677	1.472225	26722304	0.688852	42217472	0.000000	0.000000	10
21	2026-09-23T16:07:07.20770631Z	21011	nginx.service	1	0.000000	0.000000	0.000000	0.000000	6983680	0.180026	16416768	0.000000	0.000000	3
21	2026-09-23T16:07:07.20770631Z	21011	mysql.service	1	61.331518	30.665759	54.451835	6.879583	774324224	19.960658	774438912	0.000000	95368133.132289	44
22	2026-09-23T16:07:08.20824498Z	22012	isuconquest.go.service	1	8.379486	4.189743	7.176634	1.202952	26734592	0.689169	42217472	0.000000	0.000000	10
22	2026-09-23T16:07:08.20824498Z	22012	nginx.service	1	0.000000	0.000000	0.000000	0.000000	6983680	0.180026	16416768	0.000000	0.000000	3
22	2026-09-23T16:07:08.20824498Z	22012	mysql.service	1	90.589402	45.294701	81.919273	8.670130	788725760	20.331903	788795392	0.000000	72280040.910363	44
23	2026-09-23T16:07:09.207589242Z	23011	isuconquest.go.service	1	6.468141	3.234071	6.056572	0.411470	26734592	0.689169	42217472	0.000000	0.000000	10
23	2026-09-23T16:07:09.207589242Z	23011	nginx.service	1	0.000000	0.000000	0.000000	0.000000	6983680	0.180026	16416768	0.000000	0.000000	3
23	2026-09-23T16:07:09.207589242Z	23011	mysql.service	1	63.884391	31.942196	59.571563	4.312928	798330880	20.579506	798445568	0.000000	42413220.002471	44
24	2026-09-23T16:07:10.207807389Z	24011	isuconquest.go.service	1	8.412564	4.206282	6.697638	1.715026	26861568	0.692442	42217472	0.000000	0.000000	10
24	2026-09-23T16:07:10.207807389Z	24011	nginx.service	1	0.000000	0.000000	0.000000	0.000000	6983680	0.180026	16416768	0.000000	0.000000	3
24	2026-09-23T16:07:10.207807389Z	24011	mysql.service	1	81.268361	40.634181	74.737887	6.530375	812388352	20.941882	812658688	0.000000	54706523.043096	44
25	2026-09-23T16:07:11.207599551Z	25011	isuconquest.go.service	1	8.737917	4.368959	7.928749	0.809068	26808320	0.691069	42217472	0.000000	0.000000	10
25	2026-09-23T16:07:11.207599551Z	25011	nginx.service	1	0.000000	0.000000	0.000000	0.000000	6983680	0.180026	16416768	0.000000	0.000000	3
25	2026-09-23T16:07:11.207599551Z	25011	mysql.service	1	84.755526	42.377763	79.815799	4.939827	827310080	21.326536	827375616	0.000000	42996461.630154	44
26	2026-09-23T16:07:12.207907655Z	26011	isuconquest.go.service	1	7.705925	3.852963	7.121305	0.584620	26738688	0.689274	42217472	0.000000	0.000000	10
26	2026-09-23T16:07:12.207907655Z	26011	nginx.service	1	0.000000	0.000000	0.000000	0.000000	6983680	0.180026	16416768	0.000000	0.000000	3
26	2026-09-23T16:07:12.207907655Z	26011	mysql.service	1	88.781041	44.390520	84.744485	4.036456	841252864	21.685956	841474048	0.000000	46491656.805597	44
27	2026-09-23T16:07:13.207613159Z	27011	isuconquest.go.service	1	10.094573	5.047286	6.551229	3.543443	29167616	0.751888	42217472	0.000000	0.000000	10
27	2026-09-23T16:07:13.207613159Z	27011	nginx.service	1	0.000000	0.000000	0.000000	0.000000	6983680	0.180026	16416768	0.000000	0.000000	3
27	2026-09-23T16:07:13.207613159Z	27011	mysql.service	1	65.473080	32.736540	55.823539	9.649542	867438592	22.360976	867532800	16044660.815672	45036494.301806	44
28	2026-09-23T16:07:14.207591956Z	28011	isuconquest.go.service	1	2.591555	1.295778	2.409551	0.182004	29220864	0.753260	42217472	0.000000	0.000000	10
28	2026-09-23T16:07:14.207591956Z	28011	nginx.service	1	0.000000	0.000000	0.000000	0.000000	6983680	0.180026	16416768	0.000000	0.000000	3
28	2026-09-23T16:07:14.207591956Z	28011	mysql.service	1	119.817550	59.908775	100.614742	19.202809	973860864	25.104347	973885440	85559069.124786	9736399.239258	44
29	2026-09-23T16:07:15.207655193Z	29011	isuconquest.go.service	1	2.000174	1.000087	1.455708	0.544366	29224960	0.753366	42217472	0.000000	0.000000	10
29	2026-09-23T16:07:15.207655193Z	29011	nginx.service	1	0.000000	0.000000	0.000000	0.000000	6983680	0.180026	16416768	0.000000	0.000000	3
29	2026-09-23T16:07:15.207655193Z	29011	mysql.service	1	44.197705	22.098852	39.813282	4.384423	1020305408	26.301602	1020342272	38827624.502199	17591207.514446	44
30	2026-09-23T16:07:16.208331163Z	30012	isuconquest.go.service	1	1.925798	0.962899	1.589425	0.336473	29224960	0.753366	42217472	0.000000	0.000000	10
30	2026-09-23T16:07:16.208331163Z	30012	nginx.service	1	0.000000	0.000000	0.000000	0.000000	6983680	0.180026	16416768	0.000000	0.000000	3
30	2026-09-23T16:07:16.208331163Z	30012	mysql.service	1	46.392437	23.196218	43.125545	3.266891	1064345600	27.436877	1064427520	36740857.490257	18452293.400856	44
31	2026-09-23T16:07:17.207586885Z	31011	isuconquest.go.service	1	1.901015	0.950508	0.675603	1.225312	29224960	0.753366	42217472	0.000000	0.000000	10
31	2026-09-23T16:07:17.207586885Z	31011	nginx.service	1	0.000000	0.000000	0.000000	0.000000	6983680	0.180026	16416768	0.000000	0.000000	3
31	2026-09-23T16:07:17.207586885Z	31011	mysql.service	1	53.331498	26.665749	46.453278	6.878220	1111797760	28.660107	1111797760	39662419.277063	15732158.452394	44
32	2026-09-23T16:07:18.208031704Z	32011	isuconquest.go.service	1	1.799799	0.899900	1.213760	0.586139	29229056	0.753471	42217472	0.000000	0.000000	10
32	2026-09-23T16:07:18.208031704Z	32011	nginx.service	1	0.000000	0.000000	0.000000	0.000000	6983680	0.180026	16416768	0.000000	0.000000	3
32	2026-09-23T16:07:18.208031704Z	32011	mysql.service	1	50.779112	25.389556	46.744207	4.035005	1154609152	29.763706	1154609152	35914136.386539	18452463.827421	44
33	2026-09-23T16:07:19.207585738Z	33011	isuconquest.go.service	1	1.993189	0.996594	1.755483	0.237606	29229056	0.753471	42217472	0.000000	0.000000	10
33	2026-09-23T16:07:19.207585738Z	33011	nginx.service	1	0.000000	0.000000	0.000000	0.000000	6983680	0.180026	16416768	0.000000	0.000000	3
33	2026-09-23T16:07:19.207585738Z	33011	mysql.service	1	62.872339	31.436169	60.053682	2.818657	1205960704	31.087455	1206087680	43059971.196995	10252764.363807	44
34	2026-09-23T16:07:20.207906363Z	34011	isuconquest.go.service	1	2.066937	1.033469	2.066937	0.000000	29229056	0.753471	42217472	0.000000	0.000000	10
34	2026-09-23T16:07:20.207906363Z	34011	nginx.service	1	0.000000	0.000000	0.000000	0.000000	6983680	0.180026	16416768	0.000000	0.000000	3
34	2026-09-23T16:07:20.207906363Z	34011	mysql.service	1	72.075191	36.037596	66.955832	5.119259	1261260800	32.512990	1261260800	46188071.042098	5544206.399911	44
35	2026-09-23T16:07:21.207584364Z	35011	isuconquest.go.service	1	1.762868	0.881434	1.762968	0.000000	29229056	0.753471	42217472	0.000000	0.000000	10
35	2026-09-23T16:07:21.207584364Z	35011	nginx.service	1	0.000000	0.000000	0.000000	0.000000	6983680	0.180026	16416768	0.000000	0.000000	3
35	2026-09-23T16:07:21.207584364Z	35011	mysql.service	1	73.504368	36.752184	70.807000	2.697369	1313931264	33.870738	1313931264	43956041.801504	8674025.027385	44
36	2026-09-23T16:07:22.208343968Z	36012	isuconquest.go.service	1	2.178345	1.089173	1.910349	0.267996	29327360	0.756006	42217472	0.000000	0.000000	10
36	2026-09-23T16:07:22.208343968Z	36012	nginx.service	1	0.000000	0.000000	0.000000	0.000000	6983680	0.180026	16416768	0.000000	0.000000	3
36	2026-09-23T16:07:22.208343968Z	36012	mysql.service	1	76.640278	38.320139	73.004840	3.635538	1365594112	35.202511	1365643264	43122696.463705	9221282.757472	44
37	2026-09-23T16:07:23.207594531Z	37011	isuconquest.go.service	1	2.220764	1.110382	0.567325	1.653439	26755072	0.689697	42217472	0.000000	0.000000	7
37	2026-09-23T16:07:23.207594531Z	37011	nginx.service	1	0.012910	0.006455	0.004303	0.008606	6983680	0.180026	16416768	0.000000	0.000000	3
37	2026-09-23T16:07:23.207594531Z	37011	mysql.service	1	60.153986	30.076993	54.805077	5.348809	1402572800	36.155754	1402691584	30890608.820217	9448361.641534	44
38	2026-09-23T16:07:24.207532735Z	38011	isuconquest.go.service	1	49.457853	24.728927	36.527655	12.930098	27295744	0.703634	42217472	0.000000	0.000000	7
38	2026-09-23T16:07:24.207532735Z	38011	nginx.service	1	2.207236	1.103618	1.638101	0.569035	7303168	0.188262	16416768	0.000000	0.000000	3
38	2026-09-23T16:07:24.207532735Z	38011	mysql.service	1	82.919419	41.459709	67.243051	15.676468	1403559936	36.181201	1403797504	311315.218111	21714236.463245	46
39	2026-09-23T16:07:25.208427321Z	39012	isuconquest.go.service	1	51.398023	25.699012	29.001358	22.396766	27701248	0.714087	42217472	0.000000	0.000000	7
39	2026-09-23T16:07:25.208427321Z	39012	nginx.service	1	3.016302	1.508151	1.385860	1.630442	7471104	0.192591	16416768	0.000000	0.000000	3
39	2026-09-23T16:07:25.208427321Z	39012	mysql.service	1	122.225167	61.112584	91.998006	30.227161	1404416000	36.203268	1404641280	572927.504888	52455605.411847	46
40	2026-09-23T16:07:26.208186451Z	40012	isuconquest.go.service	1	52.551458	26.275729	31.481883	21.069475	28344320	0.730665	42217472	0.000000	0.000000	7
40	2026-09-23T16:07:26.208186451Z	40012	nginx.service	1	3.126453	1.563227	1.181585	1.944868	7643136	0.197026	16416768	0.000000	0.000000	3
40	2026-09-23T16:07:26.208186451Z	40012	mysql.service	1	120.669966	60.334983	98.007607	22.662259	1405947904	36.242758	1406152704	508026.368819	52597117.120198	46
41	2026-09-23T16:07:27.20787657Z	41011	isuconquest.go.service	1	52.476262	26.238131	27.186325	25.289937	28741632	0.740907	42217472	0.000000	0.000000	7
41	2026-09-23T16:07:27.20787657Z	41011	nginx.service	1	3.108563	1.554282	0.917084	2.191479	7786496	0.200722	16416768	0.000000	0.000000	3
41	2026-09-23T16:07:27.20787657Z	41011	mysql.service	1	121.952491	60.976246	95.633035	26.319556	1408491520	36.308328	1408585728	557228.677366	51424831.835438	46
42	2026-09-23T16:07:28.208055787Z	42011	isuconquest.go.service	1	51.091243	25.545622	29.842552	21.248692	28651520	0.738584	42217472	0.000000	0.000000	7
42	2026-09-23T16:07:28.208055787Z	42011	nginx.service	1	3.021359	1.510679	1.011519	2.009840	8007680	0.206423	16416768	0.000000	335811.816142	3
42	2026-09-23T16:07:28.208055787Z	42011	mysql.service	1	123.713628	61.856814	100.737246	22.976382	1410596864	36.362600	1410768896	475050.861860	51833782.401352	46
43	2026-09-23T16:07:29.207753439Z	43011	isuconquest.go.service	1	50.644812	25.322406	33.181132	17.463780	29253632	0.754105	42217472	0.000000	0.000000	7
43	2026-09-23T16:07:29.207753439Z	43011	nginx.service	1	2.970398	1.485199	1.637295	1.333203	8142848	0.209908	16416768	0.000000	0.000000	3
43	2026-09-23T16:07:29.207753439Z	43011	mysql.service	1	120.771114	60.385557	98.885697	21.885417	1412644864	36.415393	1412759552	409723.877556	86050208.764319	46
44	2026-09-23T16:07:30.207722561Z	44011	isuconquest.go.service	1	50.128948	25.064474	33.672740	16.456108	29241344	0.753788	42217472	0.000000	0.000000	7
44	2026-09-23T16:07:30.207722561Z	44011	nginx.service	1	2.972092	1.486046	1.390443	1.581549	8306688	0.214131	16416768	0.000000	0.000000	3
44	2026-09-23T16:07:30.207722561Z	44011	mysql.service	1	122.638188	61.319094	101.039321	21.598867	1414737920	36.469349	1414934528	442381.662958	94194525.197911	46
45	2026-09-23T16:07:31.207803609Z	45011	isuconquest.go.service	1	51.339839	25.669919	29.045846	22.293993	29437952	0.758856	42217472	0.000000	0.000000	7
45	2026-09-23T16:07:31.207803609Z	45011	nginx.service	1	2.923763	1.461882	0.587052	2.336811	8486912	0.218777	16416768	0.000000	0.000000	3
45	2026-09-23T16:07:31.207803609Z	45011	mysql.service	1	124.312025	62.156012	94.792817	29.519207	1416138752	36.505459	1416253440	557010.854270	51605417.380921	46
46	2026-09-23T16:07:32.208535889Z	46012	isuconquest.go.service	1	51.487696	25.743848	36.025819	15.461977	29626368	0.763713	42217472	0.000000	0.000000	7
46	2026-09-23T16:07:32.208535889Z	46012	nginx.service	1	3.098331	1.549166	1.797983	1.300348	8761344	0.225851	16416768	0.000000	0.000000	3
46	2026-09-23T16:07:32.208535889Z	46012	mysql.service	1	123.535937	61.767968	99.401310	24.134627	1417400320	36.537980	1417576448	523904.354272	51240301.649428	46
47	2026-09-23T16:07:33.207597173Z	47011	isuconquest.go.service	1	52.083992	26.041996	31.014414	21.069478	29802496	0.768254	42217472	0.000000	0.000000	7
47	2026-09-23T16:07:33.207597173Z	47011	nginx.service	1	2.996213	1.498106	0.991230	2.004882	8810496	0.227118	16416768	0.000000	0.000000	3
47	2026-09-23T16:07:33.207597173Z	47011	mysql.service	1	124.212200	62.106100	96.890152	27.321947	1418358784	36.562688	1418555392	409984.858526	51563795.656876	46
48	2026-09-23T16:07:34.207595767Z	48011	isuconquest.go.service	1	52.813870	26.406935	37.798050	15.015920	30932992	0.797396	42217472	0.000000	0.000000	7
48	2026-09-23T16:07:34.207595767Z	48011	nginx.service	1	3.246204	1.623102	1.351602	1.894603	9203712	0.237255	16416768	0.000000	0.000000	3
48	2026-09-23T16:07:34.207595767Z	48011	mysql.service	1	129.600172	64.800086	103.899638	25.700534	1421979648	36.656027	1421983744	770049.022625	51216452.015448	55
49	2026-09-23T16:07:35.207835863Z	49011	isuconquest.go.service	1	54.434535	27.217268	35.199452	19.234983	31547392	0.813234	42217472	0.000000	0.000000	7
49	2026-09-23T16:07:35.207835863Z	49011	nginx.service	1	3.040170	1.520085	2.037711	1.002459	9461760	0.243907	16416768	0.000000	0.000000	3
49	2026-09-23T16:07:35.207835863Z	49011	mysql.service	1	136.077740	68.038870	108.384286	27.693453	1460854784	37.658157	1461055488	638822.674892	51073053.854198	62
50	2026-09-23T16:07:36.207598096Z	50011	isuconquest.go.service	1	56.261777	28.130888	39.340454	16.921323	32120832	0.828016	42217472	0.000000	0.000000	7
50	2026-09-23T16:07:36.207598096Z	50011	nginx.service	1	3.212164	1.606082	1.867944	1.344320	9674752	0.249397	16416768	0.000000	0.000000	3
50	2026-09-23T16:07:36.207598096Z	50011	mysql.service	1	134.210010	67.105005	111.715462	22.494648	1462333440	37.696274	1462464512	573576.374092	47504414.697143	62
51	2026-09-23T16:07:37.207545222Z	51011	isuconquest.go.service	1	56.265175	28.132588	34.588829	21.676446	32104448	0.827594	42217472	0.000000	0.000000	8
51	2026-09-23T16:07:37.207545222Z	51011	nginx.service	1	3.196669	1.598335	1.871799	1.324870	9785344	0.252248	16416768	0.000000	0.000000	3
51	2026-09-23T16:07:37.207545222Z	51011	mysql.service	1	134.326003	67.163001	110.973068	23.352835	1464209408	37.744633	1464295424	671779.521686	43837710.006592	62
52	2026-09-23T16:07:38.207590456Z	52011	isuconquest.go.service	1	55.418293	27.709147	32.493230	22.925063	32559104	0.839314	42217472	0.000000	0.000000	8
52	2026-09-23T16:07:38.207590456Z	52011	nginx.service	1	3.343749	1.671874	1.893914	1.449734	9940992	0.256261	16416768	0.000000	0.000000	3
52	2026-09-23T16:07:38.207590456Z	52011	mysql.service	1	134.746305	67.373153	116.039451	18.706854	1465552896	37.779265	1465679872	507881.027525	40077547.212384	62
53	2026-09-23T16:07:39.20843563Z	53012	isuconquest.go.service	1	56.488457	28.244229	38.117084	18.371373	32624640	0.841003	42217472	0.000000	0.000000	8
53	2026-09-23T16:07:39.20843563Z	53012	nginx.service	1	3.103777	1.551888	0.772247	2.331529	10080256	0.259851	16416768	0.000000	0.000000	3
53	2026-09-23T16:07:39.20843563Z	53012	mysql.service	1	134.055600	67.027800	112.591640	21.464059	1466818560	37.811892	1466994688	834878.381664	37880560.297451	62
54	2026-09-23T16:07:40.207595497Z	54011	isuconquest.go.service	1	53.837227	26.918614	34.356662	19.480565	32681984	0.842482	42217472	0.000000	0.000000	8
54	2026-09-23T16:07:40.207595497Z	54011	nginx.service	1	3.011230	1.505615	1.379859	1.631471	10235904	0.263863	16416768	0.000000	0.000000	3
54	2026-09-23T16:07:40.207595497Z	54011	mysql.service	1	130.020226	65.010113	109.927247	20.092879	1467916288	37.840189	1467916288	541126.584751	34562410.879070	62
55	2026-09-23T16:07:41.208312535Z	55012	isuconquest.go.service	1	55.677076	27.838538	38.647787	17.029189	32735232	0.843854	42217472	0.000000	0.000000	8
55	2026-09-23T16:07:41.208312535Z	55012	nginx.service	1	3.235380	1.617690	2.630014	0.605366	10424320	0.268720	16416768	0.000000	8186.130054	3
55	2026-09-23T16:07:41.208312535Z	55012	mysql.service	1	135.330360	67.665180	105.461378	29.868982	1469005824	37.868276	1469054976	589401.363858	30767569.806395	62
56	2026-09-23T16:07:42.207590939Z	56011	isuconquest.go.service	1	55.001493	27.500747	33.609956	21.391538	32755712	0.844382	42217472	0.000000	0.000000	8
56	2026-09-23T16:07:42.207590939Z	56011	nginx.service	1	3.166785	1.583393	1.333362	1.833423	10555392	0.272099	16416768	0.000000	0.000000	3
56	2026-09-23T16:07:42.207590939Z	56011	mysql.service	1	136.049084	68.024542	110.879019	25.170065	1470021632	37.894461	1470148608	639437.468593	31102894.305660	62
57	2026-09-23T16:07:43.20756083Z	57011	isuconquest.go.service	1	55.247063	27.623532	35.143358	20.103705	32837632	0.846494	42217472	0.000000	0.000000	8
57	2026-09-23T16:07:43.20756083Z	57011	nginx.service	1	3.250498	1.625249	1.951459	1.299039	10715136	0.276217	16416768	0.000000	0.000000	3
57	2026-09-23T16:07:43.20756083Z	57011	mysql.service	1	135.676284	67.838142	110.279720	25.396565	1471094784	37.922125	1471205376	655379.728896	34165764.492008	62
58	2026-09-23T16:07:44.208463107Z	58012	isuconquest.go.service	1	59.714521	29.857261	38.896904	20.817617	33697792	0.868667	42217472	0.000000	0.000000	8
58	2026-09-23T16:07:44.208463107Z	58012	nginx.service	1	3.396435	1.698218	0.981614	2.414721	11055104	0.284980	16416768	0.000000	0.000000	3
58	2026-09-23T16:07:44.208463107Z	58012	mysql.service	1	130.713861	65.356930	107.114254	23.599607	1473368064	37.980726	1473368064	572923.068130	27962738.032393	72
59	2026-09-23T16:07:45.207634137Z	59011	isuconquest.go.service	1	53.477831	26.738916	29.567611	23.910321	34361344	0.885772	42217472	0.000000	0.000000	8
59	2026-09-23T16:07:45.207634137Z	59011	nginx.service	1	2.969762	1.484881	2.461440	0.508321	11399168	0.293850	16416768	0.000000	0.000000	3
59	2026-09-23T16:07:45.207634137Z	59011	mysql.service	1	138.058246	69.029123	115.260748	22.797498	1476349952	38.057594	1476403200	655903.723854	25137510.216707	81
60	2026-09-23T16:07:46.207919879Z	60011	isuconquest.go.service	1	53.794229	26.897114	34.602812	19.191316	35328000	0.910691	42217472	0.000000	0.000000	9
60	2026-09-23T16:07:46.207919879Z	60011	nginx.service	1	3.192788	1.596394	1.969437	1.223450	11730944	0.302402	16416768	0.000000	0.000000	3
60	2026-09-23T16:07:46.207919879Z	60011	mysql.service	1	137.184200	68.592100	117.388557	19.795644	1479180288	38.130555	1479389184	687931.427722	35141830.432805	81
61	2026-09-23T16:07:47.207573346Z	61011	isuconquest.go.service	1	49.101193	24.550597	31.184292	17.916901	35393536	0.912380	42217472	0.000000	0.000000	9
61	2026-09-23T16:07:47.207573346Z	61011	nginx.service	1	2.373121	1.186561	1.031257	1.341864	12025856	0.310005	16416768	0.000000	0.000000	3
61	2026-09-23T16:07:47.207573346Z	61011	mysql.service	1	143.002691	71.501346	118.080566	24.922125	1482555392	38.217559	1482805248	262234.755515	29181811.387194	88
62	2026-09-23T16:07:48.207834735Z	62011	isuconquest.go.service	1	40.296884	20.148442	31.001210	9.295674	35921920	0.926001	42217472	0.000000	0.000000	9
62	2026-09-23T16:07:48.207834735Z	62011	nginx.service	1	1.996879	0.998439	0.797692	1.199187	11943936	0.307893	16416768	0.000000	0.000000	3
62	2026-09-23T16:07:48.207834735Z	62011	mysql.service	1	152.454916	76.227458	129.225078	23.229938	1487286272	38.339512	1487507456	425872.866346	30089555.979919	92
63	2026-09-23T16:07:49.207598088Z	63011	isuconquest.go.service	1	36.264983	18.132491	27.400085	8.864898	36069376	0.929802	42217472	0.000000	0.000000	9
63	2026-09-23T16:07:49.207598088Z	63011	nginx.service	1	1.825032	0.912516	0.731473	1.093459	11993088	0.309160	16416768	0.000000	0.000000	3
63	2026-09-23T16:07:49.207598088Z	63011	mysql.service	1	156.207969	78.103984	137.745400	18.462469	1490223104	38.415218	1490432000	426084.839369	24536750.990173	92
64	2026-09-23T16:07:50.207595808Z	64011	isuconquest.go.service	1	24.218855	12.109428	19.501044	4.717811	35880960	0.924945	42217472	0.000000	0.000000	9
64	2026-09-23T16:07:50.207595808Z	64011	nginx.service	1	1.080902	0.540451	0.741502	0.339501	11972608	0.308632	16416768	0.000000	0.000000	3
64	2026-09-23T16:07:50.207595808Z	64011	mysql.service	1	170.509688	85.254844	152.589548	17.920241	1497534464	38.603692	1497665536	114688.261260	22933556.242641	110
65	2026-09-23T16:07:51.208414001Z	65012	isuconquest.go.service	1	16.224925	8.112463	14.478454	1.746471	36409344	0.938566	42217472	0.000000	0.000000	9
65	2026-09-23T16:07:51.208414001Z	65012	nginx.service	1	0.424752	0.212376	0.164366	0.260287	11980800	0.308843	16416768	0.000000	0.000000	3
65	2026-09-23T16:07:51.208414001Z	65012	mysql.service	1	179.211173	89.605587	160.713907	18.497166	1512423424	38.987502	1512501248	0.000000	20541017.750097	129
66	2026-09-23T16:07:52.20759378Z	66011	isuconquest.go.service	1	13.138576	6.569288	12.267962	0.870714	37007360	0.953982	42217472	0.000000	0.000000	9
66	2026-09-23T16:07:52.20759378Z	66011	nginx.service	1	0.224584	0.112292	0.000000	0.224584	11939840	0.307787	16416768	0.000000	0.000000	3
66	2026-09-23T16:07:52.20759378Z	66011	mysql.service	1	182.979282	91.489641	165.869248	17.110134	1530056704	39.442055	1530183680	32794.898737	18430733.090018	146
67	2026-09-23T16:07:53.2078196Z	67011	isuconquest.go.service	1	12.659741	6.329871	11.027210	1.632431	36900864	0.951237	42217472	0.000000	0.000000	9
67	2026-09-23T16:07:53.2078196Z	67011	nginx.service	1	0.254243	0.127121	0.254343	0.000000	11956224	0.308210	16416768	0.000000	0.000000	3
67	2026-09-23T16:07:53.2078196Z	67011	mysql.service	1	183.760803	91.880401	170.141778	13.618925	1548845056	39.926384	1548935168	0.000000	16556389.203077	167
68	2026-09-23T16:07:54.207596481Z	68011	isuconquest.go.service	1	13.280063	6.640032	11.434951	1.845112	37425152	0.964752	42217472	0.000000	0.000000	9
68	2026-09-23T16:07:54.207596481Z	68011	nginx.service	1	0.274761	0.137381	0.274661	0.000000	11993088	0.309160	16416768	0.000000	0.000000	3
68	2026-09-23T16:07:54.207596481Z	68011	mysql.service	1	182.735472	91.367736	170.804710	11.930762	1568546816	40.434260	1568641024	16387.656430	14736600.044939	186
69	2026-09-23T16:07:55.207598444Z	69011	isuconquest.go.service	1	19.614961	9.807481	15.662769	3.952192	37617664	0.969714	42217472	0.000000	0.000000	9
69	2026-09-23T16:07:55.207598444Z	69011	nginx.service	1	0.536399	0.268199	0.379799	0.156600	12107776	0.312116	16416768	0.000000	0.000000	3
69	2026-09-23T16:07:55.207598444Z	69011	mysql.service	1	176.476353	88.238177	157.130491	19.345862	1589075968	40.963464	1589092352	114687.774524	18378715.867445	218
70	2026-09-23T16:07:56.20818909Z	70012	isuconquest.go.service	1	20.765735	10.382867	14.932480	5.833255	37597184	0.969186	42217472	0.000000	0.000000	9
70	2026-09-23T16:07:56.20818909Z	70012	nginx.service	1	0.654613	0.327307	0.654713	0.000000	12054528	0.310744	16416768	0.000000	0.000000	3
70	2026-09-23T16:07:56.20818909Z	70012	mysql.service	1	175.331541	87.665771	158.906743	16.424899	1605378048	41.383701	1605378048	261989.257617	16108245.761291	235
71	2026-09-23T16:07:57.207592714Z	71011	isuconquest.go.service	1	18.606496	9.303248	16.022756	2.583841	37564416	0.968342	42217472	0.000000	0.000000	9
71	2026-09-23T16:07:57.207592714Z	71011	nginx.service	1	0.525413	0.262707	0.140184	0.385130	12029952	0.310110	16416768	0.000000	0.000000	3
71	2026-09-23T16:07:57.207592714Z	71011	mysql.service	1	177.642342	88.821171	163.016119	14.626123	1625661440	41.906570	1625702400	36885.997924	14221601.421770	253
72	2026-09-23T16:07:58.207591808Z	72011	isuconquest.go.service	1	14.419713	7.209857	11.920011	2.499602	37711872	0.972143	42217472	0.000000	0.000000	9
72	2026-09-23T16:07:58.207591808Z	72011	nginx.service	1	0.184900	0.092450	0.072200	0.112800	12120064	0.312433	16416768	0.000000	0.000000	3
72	2026-09-23T16:07:58.207591808Z	72011	mysql.service	1	182.294165	91.147083	160.353045	21.941220	1702502400	43.887389	1702621184	0.000000	13537292.278324	265
73	2026-09-23T16:07:59.207592298Z	73011	isuconquest.go.service	1	12.801194	6.400597	11.759994	1.041199	38170624	0.983969	42217472	0.000000	0.000000	9
73	2026-09-23T16:07:59.207592298Z	73011	nginx.service	1	0.416900	0.208450	0.013600	0.403200	12398592	0.319613	16416768	0.000000	1421311.300715	3
73	2026-09-23T16:07:59.207592298Z	73011	mysql.service	1	183.160510	91.580255	161.207221	21.953289	1727209472	44.524292	1727307776	249855.877071	11161594.508496	284
74	2026-09-23T16:08:00.207589632Z	74011	isuconquest.go.service	1	14.219038	7.109519	14.219138	0.000000	38555648	0.993894	42217472	0.000000	0.000000	9
74	2026-09-23T16:08:00.207589632Z	74011	nginx.service	1	0.230701	0.115350	0.089900	0.140800	12206080	0.314650	16416768	0.000000	0.000000	3
74	2026-09-23T16:08:00.207589632Z	74011	mysql.service	1	182.105185	91.052593	158.583623	23.521563	1753329664	45.197623	1753788416	0.000000	9523225.388919	303
75	2026-09-23T16:08:01.207591938Z	75011	isuconquest.go.service	1	11.776973	5.888486	11.776973	0.000000	38801408	1.000229	42217472	0.000000	0.000000	9
75	2026-09-23T16:08:01.207591938Z	75011	nginx.service	1	0.083100	0.041550	0.032500	0.050700	12173312	0.313806	16416768	0.000000	0.000000	3
75	2026-09-23T16:08:01.207591938Z	75011	mysql.service	1	184.885274	92.442637	158.365335	26.519839	1775575040	45.771068	1775702016	0.000000	8753131.824031	323
76	2026-09-23T16:08:02.207594119Z	76011	isuconquest.go.service	1	16.136265	8.068132	16.136165	0.000000	39538688	1.019235	42217472	0.000000	0.000000	9
76	2026-09-23T16:08:02.207594119Z	76011	nginx.service	1	0.084800	0.042400	0.033000	0.051800	12189696	0.314228	16416768	0.000000	0.000000	3
76	2026-09-23T16:08:02.207594119Z	76011	mysql.service	1	172.456823	86.228412	148.295176	24.161747	1797357568	46.332581	1797386240	0.000000	7446511.729372	343
77	2026-09-23T16:08:03.207595819Z	77011	isuconquest.go.service	1	13.053278	6.526639	12.912178	0.141200	39436288	1.016595	42217472	0.000000	0.000000	9
77	2026-09-23T16:08:03.207595819Z	77011	nginx.service	1	0.047400	0.023700	0.018500	0.028900	12189696	0.314228	16416768	0.000000	0.000000	3
77	2026-09-23T16:08:03.207595819Z	77011	mysql.service	1	183.950488	91.975244	159.712729	24.237659	1823965184	47.018477	1824006144	0.000000	5279735.040290	363
78	2026-09-23T16:08:04.207674661Z	78011	isuconquest.go.service	1	11.662581	5.831290	11.662481	0.000000	39456768	1.017123	42217472	0.000000	0.000000	9
78	2026-09-23T16:08:04.207674661Z	78011	nginx.service	1	0.042897	0.021448	0.016699	0.026098	12201984	0.314545	16416768	0.000000	0.000000	3
78	2026-09-23T16:08:04.207674661Z	78011	mysql.service	1	185.335889	92.667944	168.583809	16.752179	1846751232	47.605859	1847160832	0.000000	4382374.506741	383
79	2026-09-23T16:08:05.207589808Z	79011	isuconquest.go.service	1	12.933897	6.466949	12.478959	0.455039	39469056	1.017440	42217472	0.000000	0.000000	9
79	2026-09-23T16:08:05.207589808Z	79011	nginx.service	1	0.026002	0.013001	0.010101	0.015901	12214272	0.314862	16416768	0.000000	0.000000	3
79	2026-09-23T16:08:05.207589808Z	79011	mysql.service	1	183.913005	91.956502	164.341844	19.571161	1868570624	48.168323	1868681216	0.000000	2687204.006573	403
80	2026-09-23T16:08:06.207648966Z	80011	isuconquest.go.service	1	13.527099	6.763549	12.933134	0.593865	39321600	1.013639	42217472	0.000000	0.000000	9
80	2026-09-23T16:08:06.207648966Z	80011	nginx.service	1	0.310482	0.155241	0.000000	0.310482	12529664	0.322992	16416768	0.000000	0.000000	3
80	2026-09-23T16:08:06.207648966Z	80011	mysql.service	1	183.081658	91.540829	166.420645	16.661013	1893638144	48.814518	1893638144	0.000000	2666338.099458	423
81	2026-09-23T16:08:07.207694724Z	81011	isuconquest.go.service	1	14.666830	7.333415	14.182552	0.484278	38952960	1.004136	42217472	0.000000	0.000000	9
81	2026-09-23T16:08:07.207694724Z	81011	nginx.service	1	0.113795	0.056897	0.000000	0.113795	12382208	0.319191	16416768	0.000000	0.000000	3
81	2026-09-23T16:08:07.207694724Z	81011	mysql.service	1	181.137023	90.568511	156.615143	24.521779	1910738944	49.255345	1912201216	0.000000	1126348.530378	442
82	2026-09-23T16:08:08.207730674Z	82011	isuconquest.go.service	1	14.811267	7.405634	14.811267	0.000000	38952960	1.004136	42217472	0.000000	0.000000	9
82	2026-09-23T16:08:08.207730674Z	82011	nginx.service	1	0.037499	0.018749	0.000000	0.037499	12328960	0.317818	16416768	0.000000	0.000000	3
82	2026-09-23T16:08:08.207730674Z	82011	mysql.service	1	182.419941	91.209971	158.967984	23.451957	1933406208	49.839666	1933508608	16383.410934	655336.437378	462
83	2026-09-23T16:08:09.207558888Z	83011	isuconquest.go.service	1	16.656361	8.328181	15.796214	0.860248	39403520	1.015750	42217472	0.000000	0.000000	9
83	2026-09-23T16:08:09.207558888Z	83011	nginx.service	1	0.225639	0.112819	0.000000	0.225639	12349440	0.318346	16416768	0.000000	0.000000	3
83	2026-09-23T16:08:09.207558888Z	83011	mysql.service	1	179.989020	89.994510	162.369993	17.619127	1953841152	50.366441	1953906688	0.000000	909468.235729	481
84	2026-09-23T16:08:10.207608457Z	84011	isuconquest.go.service	1	16.111101	8.055551	14.895262	1.215740	38998016	1.005297	42217472	0.000000	0.000000	9
84	2026-09-23T16:08:10.207608457Z	84011	nginx.service	1	0.095295	0.047648	0.093495	0.001900	12304384	0.317184	16416768	0.000000	0.000000	3
84	2026-09-23T16:08:10.207608457Z	84011	mysql.service	1	180.526750	90.263375	155.526689	24.999961	1974239232	50.892266	1974616064	49149.563263	2367370.630499	499
85	2026-09-23T16:08:11.207594015Z	85011	isuconquest.go.service	1	16.803143	8.401571	16.803143	0.000000	37806080	0.974571	42217472	0.000000	0.000000	9
85	2026-09-23T16:08:11.207594015Z	85011	nginx.service	1	0.109702	0.054851	0.042601	0.067001	12091392	0.311694	16416768	0.000000	0.000000	3
85	2026-09-23T16:08:11.207594015Z	85011	mysql.service	1	178.462679	89.231340	154.612035	23.850645	2035175424	52.463089	2035625984	49152.710453	1331219.241443	516
86	2026-09-23T16:08:12.207597959Z	86011	isuconquest.go.service	1	16.069937	8.034968	16.013337	0.056600	37801984	0.974466	42217472	0.000000	0.000000	9
86	2026-09-23T16:08:12.207597959Z	86011	nginx.service	1	0.097700	0.048850	0.000000	0.097700	12005376	0.309477	16416768	0.000000	0.000000	3
86	2026-09-23T16:08:12.207597959Z	86011	mysql.service	1	180.748389	90.374195	159.094374	21.654015	2049572864	52.834229	2050027520	16383.935578	5517290.306015	534
87	2026-09-23T16:08:13.207593658Z	87011	isuconquest.go.service	1	15.456666	7.728333	15.456666	0.000000	37498880	0.966652	42217472	0.000000	0.000000	9
87	2026-09-23T16:08:13.207593658Z	87011	nginx.service	1	0.000000	0.000000	0.000000	0.000000	11968512	0.308526	16416768	0.000000	0.000000	3
87	2026-09-23T16:08:13.207593658Z	87011	mysql.service	1	180.734475	90.367237	151.261548	29.472926	2067927040	53.307366	2068045824	65536.280888	1392645.968881	552
88	2026-09-23T16:08:14.207592141Z	88011	isuconquest.go.service	1	17.295626	8.647813	17.295726	0.000000	37384192	0.963696	42217472	0.000000	0.000000	9
88	2026-09-23T16:08:14.207592141Z	88011	nginx.service	1	0.000000	0.000000	0.000000	0.000000	11956224	0.308210	16416768	0.000000	0.000000	3
88	2026-09-23T16:08:14.207592141Z	88011	mysql.service	1	179.475973	89.737986	154.959736	24.516237	2087202816	53.804260	2087559168	0.000000	442368.672400	569
89	2026-09-23T16:08:15.207593905Z	89011	isuconquest.go.service	1	14.852874	7.426437	14.852874	0.000000	37138432	0.957361	42217472	0.000000	0.000000	9
89	2026-09-23T16:08:15.207593905Z	89011	nginx.service	1	0.025200	0.012600	0.000000	0.025200	11919360	0.307259	16416768	0.000000	0.000000	3
89	2026-09-23T16:08:15.207593905Z	89011	mysql.service	1	182.401578	91.200789	160.930316	21.471262	2096390144	54.041092	2096484352	0.000000	851966.497131	587
90	2026-09-23T16:08:16.207594779Z	90011	isuconquest.go.service	1	16.140986	8.070493	16.140886	0.000000	36696064	0.945957	42217472	0.000000	0.000000	9
90	2026-09-23T16:08:16.207594779Z	90011	nginx.service	1	0.122000	0.061000	0.000000	0.122000	11837440	0.305147	16416768	0.000000	0.000000	3
90	2026-09-23T16:08:16.207594779Z	90011	mysql.service	1	180.824742	90.412371	161.172959	19.651783	2111946752	54.442113	2114240512	16383.985713	819199.285658	605
91	2026-09-23T16:08:17.207594062Z	91011	isuconquest.go.service	1	16.334512	8.167256	16.334612	0.000000	36462592	0.939939	42217472	0.000000	0.000000	9
91	2026-09-23T16:08:17.207594062Z	91011	nginx.service	1	0.051800	0.025900	0.000000	0.051800	11612160	0.299340	16416768	0.000000	0.000000	3
91	2026-09-23T16:08:17.207594062Z	91011	mysql.service	1	180.673629	90.336815	156.560512	24.113117	2127335424	54.838805	2127765504	16384.011731	770048.551355	621
92	2026-09-23T16:08:18.2075959Z	92011	isuconquest.go.service	1	15.806771	7.903385	15.806671	0.000000	35966976	0.927163	42217472	0.000000	0.000000	9
92	2026-09-23T16:08:18.2075959Z	92011	nginx.service	1	0.075300	0.037650	0.000000	0.075300	11583488	0.298601	16416768	0.000000	0.000000	3
92	2026-09-23T16:08:18.2075959Z	92011	mysql.service	1	180.566168	90.283084	153.765317	26.800951	2137292800	55.095488	2141827072	0.000000	921598.306102	641
93	2026-09-23T16:08:19.207591763Z	93011	isuconquest.go.service	1	13.823557	6.911779	13.823557	0.000000	36024320	0.928641	42217472	0.000000	0.000000	9
93	2026-09-23T16:08:19.207591763Z	93011	nginx.service	1	0.180601	0.090300	0.000000	0.180601	11558912	0.297968	16416768	0.000000	0.000000	3
93	2026-09-23T16:08:19.207591763Z	93011	mysql.service	1	183.212658	91.606329	156.731348	26.481310	2155708416	55.570209	2156142592	16384.067765	1228805.082338	660
94	2026-09-23T16:08:20.207598181Z	94011	isuconquest.go.service	1	17.061291	8.530645	16.650693	0.410597	35561472	0.916710	42217472	0.000000	0.000000	9
94	2026-09-23T16:08:20.207598181Z	94011	nginx.service	1	0.266898	0.133449	0.000000	0.266898	11137024	0.287092	16416768	0.000000	0.000000	3
94	2026-09-23T16:08:20.207598181Z	94011	mysql.service	1	179.571049	89.785524	153.799114	25.771935	2166792192	55.855928	2166792192	16383.894946	1507318.335075	676
95	2026-09-23T16:08:21.207591064Z	95011	isuconquest.go.service	1	13.379395	6.689698	12.430588	0.948907	35889152	0.925157	42217472	0.000000	0.000000	9
95	2026-09-23T16:08:21.207591064Z	95011	nginx.service	1	0.000000	0.000000	0.000000	0.000000	11108352	0.286353	16416768	0.000000	0.000000	3
95	2026-09-23T16:08:21.207591064Z	95011	mysql.service	1	181.788293	90.894146	155.105703	26.682490	2190667776	56.471397	2190790656	16384.116491	61723062.850977	694
96	2026-09-23T16:08:22.20759083Z	96011	isuconquest.go.service	1	13.256303	6.628152	12.214303	1.041900	35471360	0.914387	42217472	0.000000	0.000000	9
96	2026-09-23T16:08:22.20759083Z	96011	nginx.service	1	0.000000	0.000000	0.000000	0.000000	11042816	0.284664	16416768	0.000000	0.000000	3
96	2026-09-23T16:08:22.20759083Z	96011	mysql.service	1	183.494543	91.747272	159.279937	24.214606	2202427392	56.774538	2202746880	0.000000	1114112.261816	712
97	2026-09-23T16:08:23.207590966Z	97011	isuconquest.go.service	1	14.808098	7.404049	13.620198	1.188000	35033088	0.903089	42217472	0.000000	0.000000	9
97	2026-09-23T16:08:23.207590966Z	97011	nginx.service	1	1.615100	0.807550	0.000000	1.615100	9207808	0.237360	16416768	0.000000	0.000000	3
97	2026-09-23T16:08:23.207590966Z	97011	mysql.service	1	179.737876	89.868938	151.366780	28.371096	2217787392	57.170491	2220027904	16383.997788	1171455.841853	731
98	2026-09-23T16:08:24.207591862Z	98011	isuconquest.go.service	1	13.475788	6.737894	13.359788	0.116000	35020800	0.902772	42217472	0.000000	0.000000	9
98	2026-09-23T16:08:24.207591862Z	98011	nginx.service	1	0.000000	0.000000	0.000000	0.000000	9207808	0.237360	16416768	0.000000	0.000000	3
98	2026-09-23T16:08:24.207591862Z	98011	mysql.service	1	184.270335	92.135167	154.373062	29.897373	2240638976	57.759563	2240933888	0.000000	667647.401788	750
99	2026-09-23T16:08:25.20759047Z	99011	isuconquest.go.service	1	12.403317	6.201659	12.403217	0.000000	34746368	0.895698	42217472	0.000000	0.000000	9
99	2026-09-23T16:08:25.20759047Z	99011	nginx.service	1	0.000000	0.000000	0.000000	0.000000	9142272	0.235671	16416768	0.000000	0.000000	3
99	2026-09-23T16:08:25.20759047Z	99011	mysql.service	1	185.152958	92.576479	158.573921	26.578937	2258812928	58.228054	2259234816	16384.022807	12288.017105	765
100	2026-09-23T16:08:26.207592217Z	100011	isuconquest.go.service	1	13.429677	6.714838	13.429777	0.000000	33308672	0.858636	42217472	0.000000	0.000000	9
100	2026-09-23T16:08:26.207592217Z	100011	nginx.service	1	0.000000	0.000000	0.000000	0.000000	8925184	0.230075	16416768	0.000000	0.000000	3
100	2026-09-23T16:08:26.207592217Z	100011	mysql.service	1	182.016482	91.008241	147.868741	34.147840	2322051072	59.858217	2322153472	8191.985672	471039.176152	780
101	2026-09-23T16:08:27.207590669Z	101011	isuconquest.go.service	1	13.738121	6.869061	13.738021	0.000000	32944128	0.849239	42217472	0.000000	0.000000	9
101	2026-09-23T16:08:27.207590669Z	101011	nginx.service	1	0.000000	0.000000	0.000000	0.000000	8871936	0.228702	16416768	0.000000	0.000000	3
101	2026-09-23T16:08:27.207590669Z	101011	mysql.service	1	183.529684	91.764842	155.045340	28.484244	2334445568	60.177725	2334650368	4096.006345	536576.831158	799
102	2026-09-23T16:08:28.208145368Z	102012	isuconquest.go.service	1	12.115180	6.057590	12.115280	0.000000	32964608	0.849767	42217472	0.000000	0.000000	9
102	2026-09-23T16:08:28.208145368Z	102012	nginx.service	1	0.000000	0.000000	0.000000	0.000000	8871936	0.228702	16416768	0.000000	0.000000	3
102	2026-09-23T16:08:28.208145368Z	102012	mysql.service	1	185.904680	92.952340	158.616317	27.288463	2348793856	60.547597	2348920832	0.000000	847401.952069	817
103	2026-09-23T16:08:29.207590597Z	103011	isuconquest.go.service	1	12.639012	6.319506	12.639012	0.000000	32616448	0.840792	42217472	0.000000	0.000000	9
103	2026-09-23T16:08:29.207590597Z	103011	nginx.service	1	0.000000	0.000000	0.000000	0.000000	8826880	0.227541	16416768	0.000000	0.000000	3
103	2026-09-23T16:08:29.207590597Z	103011	mysql.service	1	184.700565	92.350283	165.798879	18.901686	2364280832	60.946823	2364747776	0.000000	540972.111853	833
104	2026-09-23T16:08:30.207593862Z	104011	isuconquest.go.service	1	12.790458	6.395229	12.790458	0.000000	32272384	0.831923	42217472	0.000000	0.000000	9
104	2026-09-23T16:08:30.207593862Z	104011	nginx.service	1	0.000000	0.000000	0.000000	0.000000	8781824	0.226379	16416768	0.000000	40959.866348	3
104	2026-09-23T16:08:30.207593862Z	104011	mysql.service	1	184.540098	92.270049	159.820379	24.719619	2382565376	61.418165	2382680064	0.000000	4095.986635	851
105	2026-09-23T16:08:31.207599765Z	105011	isuconquest.go.service	1	13.973918	6.986959	13.734419	0.239399	31944704	0.823476	42217472	0.000000	0.000000	9
105	2026-09-23T16:08:31.207599765Z	105011	nginx.service	1	0.000000	0.000000	0.000000	0.000000	8732672	0.225112	16416768	0.000000	0.000000	3
105	2026-09-23T16:08:31.207599765Z	105011	mysql.service	1	183.127119	91.563560	154.810886	28.316233	2396471296	61.776634	2396827648	0.000000	0.000000	869
106	2026-09-23T16:08:32.20759318Z	106011	isuconquest.go.service	1	13.066186	6.533093	13.066286	0.000000	31637504	0.815557	42217472	0.000000	0.000000	9
106	2026-09-23T16:08:32.20759318Z	106011	nginx.service	1	0.000000	0.000000	0.000000	0.000000	8687616	0.223951	16416768	0.000000	0.000000	3
106	2026-09-23T16:08:32.20759318Z	106011	mysql.service	1	184.256813	92.128407	151.294496	32.962417	2411225088	62.156960	2411335680	0.000000	106496.701174	887
107	2026-09-23T16:08:33.207590685Z	107011	isuconquest.go.service	1	12.014530	6.007265	12.008430	0.006000	31338496	0.807849	42217472	0.000000	0.000000	9
107	2026-09-23T16:08:33.207590685Z	107011	nginx.service	1	0.000000	0.000000	0.000000	0.000000	8638464	0.222684	16416768	0.000000	0.000000	3
107	2026-09-23T16:08:33.207590685Z	107011	mysql.service	1	185.496462	92.748231	163.983409	21.513054	2423029760	62.461263	2423156736	0.000000	274432.683886	904
108	2026-09-23T16:08:34.207590663Z	108011	isuconquest.go.service	1	13.577900	6.788950	11.072600	2.505400	30990336	0.798874	42217472	0.000000	0.000000	9
108	2026-09-23T16:08:34.207590663Z	108011	nginx.service	1	0.000000	0.000000	0.000000	0.000000	8593408	0.221522	16416768	0.000000	0.000000	3
108	2026-09-23T16:08:34.207590663Z	108011	mysql.service	1	183.431506	91.715753	162.138605	21.292801	2436792320	62.816036	2436919296	0.000000	139264.004178	923
109	2026-09-23T16:08:35.207594767Z	109011	isuconquest.go.service	1	12.913147	6.456573	12.361649	0.551398	30691328	0.791166	42217472	0.000000	0.000000	9
109	2026-09-23T16:08:35.207594767Z	109011	nginx.service	1	0.000000	0.000000	0.000000	0.000000	8552448	0.220466	16416768	0.000000	0.000000	3
109	2026-09-23T16:08:35.207594767Z	109011	mysql.service	1	183.698145	91.849073	156.319358	27.378888	2452336640	63.216740	2452758528	0.000000	1073147.590437	940
110	2026-09-23T16:08:36.207593809Z	110011	isuconquest.go.service	1	12.067412	6.033706	11.276511	0.791001	30347264	0.782297	42217472	0.000000	0.000000	9
110	2026-09-23T16:08:36.207593809Z	110011	nginx.service	1	0.000000	0.000000	0.000000	0.000000	8503296	0.219199	16416768	0.000000	0.000000	3
110	2026-09-23T16:08:36.207593809Z	110011	mysql.service	1	184.618077	92.309038	155.540649	29.077428	2466344960	63.577849	2467479552	0.000000	4096.003920	957
111	2026-09-23T16:08:37.207880571Z	111011	isuconquest.go.service	1	12.203900	6.101950	12.153615	0.050186	30081024	0.775434	42217472	0.000000	0.000000	9
111	2026-09-23T16:08:37.207880571Z	111011	nginx.service	1	0.000000	0.000000	0.000000	0.000000	8462336	0.218143	16416768	0.000000	0.000000	3
111	2026-09-23T16:08:37.207880571Z	111011	mysql.service	1	185.483610	92.741805	161.941761	23.541849	2478010368	63.878562	2481074176	0.000000	73706.863672	973
112	2026-09-23T16:08:38.207588618Z	112011	isuconquest.go.service	1	11.827953	5.913977	11.436539	0.391414	29835264	0.769098	42217472	0.000000	0.000000	9
112	2026-09-23T16:08:38.207588618Z	112011	nginx.service	1	0.000000	0.000000	0.000000	0.000000	8421376	0.217088	16416768	0.000000	0.000000	3
112	2026-09-23T16:08:38.207588618Z	112011	mysql.service	1	185.544071	92.772035	156.922914	28.621056	2491355136	64.222565	2494930944	0.000000	340067.284344	989
113	2026-09-23T16:08:39.208372882Z	113012	isuconquest.go.service	1	12.583631	6.291816	12.583731	0.000000	29802496	0.768254	42217472	0.000000	0.000000	9
113	2026-09-23T16:08:39.208372882Z	113012	nginx.service	1	0.000000	0.000000	0.000000	0.000000	8421376	0.217088	16416768	0.000000	0.000000	3
113	2026-09-23T16:08:39.208372882Z	113012	mysql.service	1	185.686373	92.843186	160.981048	24.705325	2503196672	64.527819	2503319552	16371.160688	609825.735629	1004
114	2026-09-23T16:08:40.207584862Z	114011	isuconquest.go.service	1	12.766060	6.383030	12.437501	0.328459	29474816	0.759807	42217472	0.000000	0.000000	9
114	2026-09-23T16:08:40.207584862Z	114011	nginx.service	1	0.000000	0.000000	0.000000	0.000000	8376320	0.215926	16416768	0.000000	0.000000	3
114	2026-09-23T16:08:40.207584862Z	114011	mysql.service	1	183.565653	91.782827	152.960336	30.605318	2514440192	64.817656	2514477056	0.000000	1381440.602824	1020
115	2026-09-23T16:08:41.20759514Z	115011	isuconquest.go.service	1	10.763289	5.381645	8.962408	1.800981	28151808	0.725702	42217472	0.000000	0.000000	9
115	2026-09-23T16:08:41.20759514Z	115011	nginx.service	1	0.000000	0.000000	0.000000	0.000000	8179712	0.210858	16416768	0.000000	0.000000	3
115	2026-09-23T16:08:41.20759514Z	115011	mysql.service	1	184.594603	92.297301	149.891659	34.702943	2565906432	66.144361	2565980160	0.000000	106494.905339	1032
116	2026-09-23T16:08:42.207838236Z	116011	isuconquest.go.service	1	8.165515	4.082758	7.454688	0.710827	26365952	0.679666	42217472	0.000000	0.000000	9
116	2026-09-23T16:08:42.207838236Z	116011	nginx.service	1	0.000000	0.000000	0.000000	0.000000	8179712	0.210858	16416768	0.000000	0.000000	3
116	2026-09-23T16:08:42.207838236Z	116011	mysql.service	1	189.103831	94.551915	162.541788	26.562043	2575495168	66.391541	2575556608	0.000000	1531531.699959	1040
117	2026-09-23T16:08:43.207592892Z	117011	isuconquest.go.service	1	6.768661	3.384330	6.180416	0.588144	26103808	0.672908	42217472	0.000000	0.000000	9
117	2026-09-23T16:08:43.207592892Z	117011	nginx.service	1	0.000000	0.000000	0.000000	0.000000	8142848	0.209908	16416768	0.000000	0.000000	3
117	2026-09-23T16:08:43.207592892Z	117011	mysql.service	1	190.022320	95.011160	160.749738	29.272582	2582093824	66.561642	2582130688	20485.025755	676005.849923	1049
118	2026-09-23T16:08:44.207589634Z	118011	isuconquest.go.service	1	7.015123	3.507561	6.608322	0.406801	25767936	0.664250	42217472	0.000000	0.000000	9
118	2026-09-23T16:08:44.207589634Z	118011	nginx.service	1	0.000000	0.000000	0.000000	0.000000	8142848	0.209908	16416768	0.000000	0.000000	3
118	2026-09-23T16:08:44.207589634Z	118011	mysql.service	1	190.141120	95.070560	158.952818	31.188402	2594611200	66.884317	2594660352	0.000000	4096.013349	1068
119	2026-09-23T16:08:45.208194121Z	119012	isuconquest.go.service	1	6.046345	3.023173	5.966993	0.079452	25628672	0.660660	42217472	0.000000	0.000000	9
119	2026-09-23T16:08:45.208194121Z	119012	nginx.service	1	0.000000	0.000000	0.000000	0.000000	8110080	0.209063	16416768	0.000000	0.000000	3
119	2026-09-23T16:08:45.208194121Z	119012	mysql.service	1	190.740200	95.370100	164.742115	25.997985	2606542848	67.191893	2606546944	0.000000	319294.990010	1084
120	2026-09-23T16:08:46.207590975Z	120011	isuconquest.go.service	1	6.841426	3.420713	6.248669	0.592657	24449024	0.630251	42217472	0.000000	0.000000	9
120	2026-09-23T16:08:46.207590975Z	120011	nginx.service	1	0.000000	0.000000	0.000000	0.000000	8081408	0.208324	16416768	0.000000	0.000000	3
120	2026-09-23T16:08:46.207590975Z	120011	mysql.service	1	190.873425	95.436712	162.465390	28.408134	2613981184	67.383640	2614059008	49181.663724	1590207.127068	1097
121	2026-09-23T16:08:47.20759384Z	121011	isuconquest.go.service	1	5.464684	2.732342	4.650787	0.813898	24256512	0.625288	42217472	0.000000	0.000000	9
121	2026-09-23T16:08:47.20759384Z	121011	nginx.service	1	0.000000	0.000000	0.000000	0.000000	8048640	0.207479	16416768	0.000000	0.000000	3
121	2026-09-23T16:08:47.20759384Z	121011	mysql.service	1	191.949250	95.974625	157.055950	34.893200	2620088320	67.541071	2620579840	0.000000	1646587.284174	1110
122	2026-09-23T16:08:48.207597608Z	122011	isuconquest.go.service	1	5.350880	2.675440	5.350980	0.000000	24256512	0.625288	42217472	0.000000	0.000000	9
122	2026-09-23T16:08:48.207597608Z	122011	nginx.service	1	0.000000	0.000000	0.000000	0.000000	8048640	0.207479	16416768	0.000000	0.000000	3
122	2026-09-23T16:08:48.207597608Z	122011	mysql.service	1	192.486474	96.243237	162.168788	30.317686	2631643136	67.838933	2631663616	0.000000	0.000000	1127
123	2026-09-23T16:08:49.207595105Z	123011	isuconquest.go.service	1	6.058015	3.029008	6.057915	0.000000	24010752	0.618953	42217472	0.000000	0.000000	9
123	2026-09-23T16:08:49.207595105Z	123011	nginx.service	1	0.000000	0.000000	0.000000	0.000000	8019968	0.206740	16416768	0.000000	0.000000	3
123	2026-09-23T16:08:49.207595105Z	123011	mysql.service	1	191.875881	95.937940	163.544410	28.331471	2637955072	68.001643	2638028800	0.000000	53248.133387	1142
124	2026-09-23T16:08:50.207591135Z	124011	isuconquest.go.service	1	5.520422	2.760211	5.520422	0.000000	23650304	0.609661	42217472	0.000000	0.000000	9
124	2026-09-23T16:08:50.207591135Z	124011	nginx.service	1	0.000000	0.000000	0.000000	0.000000	7954432	0.205051	16416768	0.000000	0.000000	3
124	2026-09-23T16:08:50.207591135Z	124011	mysql.service	1	191.891463	95.945731	165.216857	26.674706	2643087360	68.133944	2645491712	0.000000	0.000000	1158
125	2026-09-23T16:08:51.207598097Z	125011	isuconquest.go.service	1	6.485155	3.242577	6.166957	0.318198	23457792	0.604699	42217472	0.000000	0.000000	9
125	2026-09-23T16:08:51.207598097Z	125011	nginx.service	1	0.000000	0.000000	0.000000	0.000000	7950336	0.204945	16416768	0.000000	0.000000	3
125	2026-09-23T16:08:51.207598097Z	125011	mysql.service	1	190.605372	95.302686	162.924265	27.681107	2655629312	68.457252	2655813632	0.000000	1286135.040783	1172
126	2026-09-23T16:08:52.207592062Z	126011	isuconquest.go.service	1	3.746023	1.873011	2.917718	0.828305	23285760	0.600264	42217472	0.000000	0.000000	9
126	2026-09-23T16:08:52.207592062Z	126011	nginx.service	1	0.000000	0.000000	0.000000	0.000000	7950336	0.204945	16416768	0.000000	0.000000	3
126	2026-09-23T16:08:52.207592062Z	126011	mysql.service	1	194.054771	97.027386	161.824077	32.230695	2660933632	68.593988	2661134336	0.000000	4136984.966704	1172
127	2026-09-23T16:08:53.207592043Z	127011	isuconquest.go.service	1	2.964000	1.482000	2.236700	0.727300	23269376	0.599842	42217472	0.000000	0.000000	9
127	2026-09-23T16:08:53.207592043Z	127011	nginx.service	1	0.000000	0.000000	0.000000	0.000000	7950336	0.204945	16416768	0.000000	0.000000	3
127	2026-09-23T16:08:53.207592043Z	127011	mysql.service	1	194.489503	97.244751	167.046302	27.443100	2664337408	68.681731	2664431616	0.000000	671744.008733	1173
128	2026-09-23T16:08:54.207591049Z	128011	isuconquest.go.service	1	4.178204	2.089102	3.691804	0.486500	21893120	0.564364	42217472	0.000000	0.000000	9
128	2026-09-23T16:08:54.207591049Z	128011	nginx.service	1	0.000000	0.000000	0.000000	0.000000	7950336	0.204945	16416768	0.000000	0.000000	3
128	2026-09-23T16:08:54.207591049Z	128011	mysql.service	1	194.148094	97.074047	166.354866	27.793328	2667663360	68.767468	2667905024	0.000000	204800.204595	1177
129	2026-09-23T16:08:55.207592575Z	129011	isuconquest.go.service	1	3.040295	1.520148	2.611596	0.428599	21557248	0.555706	42217472	0.000000	0.000000	9
129	2026-09-23T16:08:55.207592575Z	129011	nginx.service	1	0.000000	0.000000	0.000000	0.000000	7884800	0.203256	16416768	0.000000	0.000000	3
129	2026-09-23T16:08:55.207592575Z	129011	mysql.service	1	194.265903	97.132952	172.690136	21.575767	2664222720	68.678775	2669387776	0.000000	299007.543116	1177
130	2026-09-23T16:08:56.207591462Z	130011	isuconquest.go.service	1	3.191504	1.595752	2.198402	0.993101	21557248	0.555706	42217472	0.000000	0.000000	9
130	2026-09-23T16:08:56.207591462Z	130011	nginx.service	1	0.000000	0.000000	0.000000	0.000000	7884800	0.203256	16416768	0.000000	0.000000	3
130	2026-09-23T16:08:56.207591462Z	130011	mysql.service	1	188.194810	94.097405	156.896575	31.298135	2666459136	68.736425	2669387776	0.000000	0.000000	1178
131	2026-09-23T16:08:57.207589949Z	131011	isuconquest.go.service	1	2.980505	1.490252	2.353304	0.627301	21032960	0.542191	42217472	0.000000	0.000000	9
131	2026-09-23T16:08:57.207589949Z	131011	nginx.service	1	0.000000	0.000000	0.000000	0.000000	7884800	0.203256	16416768	0.000000	0.000000	3
131	2026-09-23T16:08:57.207589949Z	131011	mysql.service	1	194.943495	97.471747	168.682555	26.260940	2672828416	68.900614	2672828416	0.000000	13037587.725870	1189
132	2026-09-23T16:08:58.207614033Z	132011	isuconquest.go.service	1	3.248822	1.624411	2.644936	0.603785	21168128	0.545676	42217472	0.000000	0.000000	9
132	2026-09-23T16:08:58.207614033Z	132011	nginx.service	1	0.000000	0.000000	0.000000	0.000000	7884800	0.203256	16416768	0.000000	0.000000	3
132	2026-09-23T16:08:58.207614033Z	132011	mysql.service	1	195.128803	97.564402	175.124285	20.004618	2677559296	69.022567	2677805056	0.000000	0.000000	1194
133	2026-09-23T16:08:59.207592103Z	133011	isuconquest.go.service	1	2.755160	1.377580	2.394652	0.360508	21037056	0.542297	42217472	0.000000	0.000000	9
133	2026-09-23T16:08:59.207592103Z	133011	nginx.service	1	0.000000	0.000000	0.000000	0.000000	7884800	0.203256	16416768	0.000000	0.000000	3
133	2026-09-23T16:08:59.207592103Z	133011	mysql.service	1	195.670689	97.835344	169.149607	26.520981	2680336384	69.094155	2680496128	0.000000	0.000000	1201
134	2026-09-23T16:09:00.207595591Z	134011	isuconquest.go.service	1	4.251785	2.125893	4.251785	0.000000	20709376	0.533850	42217472	0.000000	0.000000	9
134	2026-09-23T16:09:00.207595591Z	134011	nginx.service	1	0.000000	0.000000	0.000000	0.000000	7884800	0.203256	16416768	0.000000	0.000000	3
134	2026-09-23T16:09:00.207595591Z	134011	mysql.service	1	193.682325	96.841162	167.827115	25.855210	2684723200	69.207239	2684829696	0.000000	0.000000	1207
135	2026-09-23T16:09:01.207592949Z	135011	isuconquest.go.service	1	3.175208	1.587604	2.890108	0.285101	20709376	0.533850	42217472	0.000000	0.000000	9
135	2026-09-23T16:09:01.207592949Z	135011	nginx.service	1	0.000000	0.000000	0.000000	0.000000	7884800	0.203256	16416768	0.000000	0.000000	3
135	2026-09-23T16:09:01.207592949Z	135011	mysql.service	1	194.696014	97.348007	167.785143	26.910971	2685075456	69.216320	2685267968	0.000000	0.000000	1207
136	2026-09-23T16:09:02.207591427Z	136011	isuconquest.go.service	1	3.261305	1.630652	2.991905	0.269500	20709376	0.533850	42217472	0.000000	0.000000	9
136	2026-09-23T16:09:02.207591427Z	136011	nginx.service	1	0.000000	0.000000	0.000000	0.000000	7884800	0.203256	16416768	0.000000	0.000000	3
136	2026-09-23T16:09:02.207591427Z	136011	mysql.service	1	194.488796	97.244398	165.742752	28.745944	2685345792	69.223289	2685583360	0.000000	8671245.197635	1207
137	2026-09-23T16:09:03.207595716Z	137011	isuconquest.go.service	1	4.016783	2.008391	2.912788	1.103895	20709376	0.533850	42217472	0.000000	0.000000	9
137	2026-09-23T16:09:03.207595716Z	137011	nginx.service	1	0.000000	0.000000	0.000000	0.000000	7884800	0.203256	16416768	0.000000	0.000000	3
137	2026-09-23T16:09:03.207595716Z	137011	mysql.service	1	194.101167	97.050584	163.716798	30.384370	2688352256	69.300790	2688606208	0.000000	176127.244414	1212
138	2026-09-23T16:09:04.207589478Z	138011	isuconquest.go.service	1	3.109519	1.554760	2.982619	0.127001	20840448	0.537229	42217472	0.000000	0.000000	9
138	2026-09-23T16:09:04.207589478Z	138011	nginx.service	1	0.000000	0.000000	0.000000	0.000000	7884800	0.203256	16416768	0.000000	0.000000	3
138	2026-09-23T16:09:04.207589478Z	138011	mysql.service	1	194.890616	97.445308	161.329506	33.561109	2689794048	69.337957	2689904640	0.000000	512003.193364	1216
139	2026-09-23T16:09:05.207590582Z	139011	isuconquest.go.service	1	3.102297	1.551148	2.999997	0.102200	20393984	0.525719	42217472	0.000000	0.000000	9
139	2026-09-23T16:09:05.207590582Z	139011	nginx.service	1	0.000000	0.000000	0.000000	0.000000	7823360	0.201672	16416768	0.000000	0.000000	3
139	2026-09-23T16:09:05.207590582Z	139011	mysql.service	1	193.666187	96.833093	166.286317	27.379970	2688356352	69.300895	2692657152	282623.688549	0.000000	1221
140	2026-09-23T16:09:06.207615414Z	140011	isuconquest.go.service	1	3.562212	1.781106	3.432615	0.129697	20262912	0.522341	42217472	0.000000	0.000000	9
140	2026-09-23T16:09:06.207615414Z	140011	nginx.service	1	0.000000	0.000000	0.000000	0.000000	7823360	0.201672	16416768	0.000000	0.000000	3
140	2026-09-23T16:09:06.207615414Z	140011	mysql.service	1	194.367973	97.183987	172.670012	21.697961	2689691648	69.335317	2692657152	0.000000	0.000000	1221
141	2026-09-23T16:09:07.207593803Z	141011	isuconquest.go.service	1	2.644857	1.322429	2.545555	0.099202	20262912	0.522341	42217472	0.000000	0.000000	9
141	2026-09-23T16:09:07.207593803Z	141011	nginx.service	1	0.000000	0.000000	0.000000	0.000000	7823360	0.201672	16416768	0.000000	0.000000	3
141	2026-09-23T16:09:07.207593803Z	141011	mysql.service	1	194.832610	97.416305	164.789061	30.043449	2690932736	69.367310	2692657152	0.000000	7225500.143058	1222
142	2026-09-23T16:09:08.207660386Z	142011	isuconquest.go.service	1	2.826912	1.413456	2.826912	0.000000	20262912	0.522341	42217472	0.000000	0.000000	9
142	2026-09-23T16:09:08.207660386Z	142011	nginx.service	1	0.000000	0.000000	0.000000	0.000000	7823360	0.201672	16416768	0.000000	0.000000	3
142	2026-09-23T16:09:08.207660386Z	142011	mysql.service	1	194.958819	97.479409	164.632838	30.326081	2695278592	69.479338	2695405568	0.000000	0.000000	1229
143	2026-09-23T16:09:09.207637014Z	143011	isuconquest.go.service	1	3.607584	1.803792	3.607584	0.000000	20262912	0.522341	42217472	0.000000	0.000000	9
143	2026-09-23T16:09:09.207637014Z	143011	nginx.service	1	0.000000	0.000000	0.000000	0.000000	7823360	0.201672	16416768	0.000000	0.000000	3
143	2026-09-23T16:09:09.207637014Z	143011	mysql.service	1	194.860953	97.430477	170.428382	24.432471	2697207808	69.529070	2697322496	0.000000	0.000000	1233
144	2026-09-23T16:09:10.207582439Z	144011	isuconquest.go.service	1	2.920159	1.460080	2.656345	0.263914	20262912	0.522341	42217472	0.000000	0.000000	9
144	2026-09-23T16:09:10.207582439Z	144011	nginx.service	1	0.000000	0.000000	0.000000	0.000000	7823360	0.201672	16416768	0.000000	0.000000	3
144	2026-09-23T16:09:10.207582439Z	144011	mysql.service	1	195.223556	97.611778	167.846261	27.377394	2698063872	69.551138	2698194944	0.000000	0.000000	1233
145	2026-09-23T16:09:11.207629408Z	145011	isuconquest.go.service	1	2.741471	1.370736	2.044104	0.697267	20262912	0.522341	42217472	0.000000	0.000000	9
145	2026-09-23T16:09:11.207629408Z	145011	nginx.service	1	0.000000	0.000000	0.000000	0.000000	7823360	0.201672	16416768	0.000000	0.000000	3
145	2026-09-23T16:09:11.207629408Z	145011	mysql.service	1	195.442720	97.721360	171.035366	24.407254	2699939840	69.599497	2700005376	0.000000	0.000000	1236
146	2026-09-23T16:09:12.207597479Z	146011	isuconquest.go.service	1	4.011328	2.005664	4.011328	0.000000	20267008	0.522446	42217472	0.000000	0.000000	9
146	2026-09-23T16:09:12.207597479Z	146011	nginx.service	1	0.000000	0.000000	0.000000	0.000000	7823360	0.201672	16416768	0.000000	0.000000	3
146	2026-09-23T16:09:12.207597479Z	146011	mysql.service	1	193.888892	96.944446	164.499653	29.389339	2703634432	69.694736	2703724544	0.000000	4984991.195694	1244
147	2026-09-23T16:09:13.207593024Z	147011	isuconquest.go.service	1	3.023313	1.511657	1.583607	1.439806	20262912	0.522341	42217472	0.000000	0.000000	9
147	2026-09-23T16:09:13.207593024Z	147011	nginx.service	1	0.000000	0.000000	0.000000	0.000000	7823360	0.201672	16416768	0.000000	0.000000	3
147	2026-09-23T16:09:13.207593024Z	147011	mysql.service	1	195.149069	97.574534	166.821643	28.327426	2706837504	69.777306	2706968576	0.000000	0.000000	1250
148	2026-09-23T16:09:14.207593293Z	148011	isuconquest.go.service	1	3.283199	1.641600	1.439100	1.844100	20365312	0.524980	42217472	0.000000	0.000000	9
148	2026-09-23T16:09:14.207593293Z	148011	nginx.service	1	0.000000	0.000000	0.000000	0.000000	7823360	0.201672	16416768	0.000000	0.000000	3
148	2026-09-23T16:09:14.207593293Z	148011	mysql.service	1	194.474447	97.237224	164.779656	29.694692	2709712896	69.851428	2709843968	0.000000	516095.860654	1252
149	2026-09-23T16:09:15.207591309Z	149011	isuconquest.go.service	1	3.007206	1.503603	2.377605	0.629601	19914752	0.513366	42217472	0.000000	0.000000	9
149	2026-09-23T16:09:15.207591309Z	149011	nginx.service	1	0.000000	0.000000	0.000000	0.000000	7823360	0.201672	16416768	0.000000	0.000000	3
149	2026-09-23T16:09:15.207591309Z	149011	mysql.service	1	194.946087	97.473043	167.598733	27.347354	2710609920	69.874552	2710732800	0.000000	933889.853771	1253
150	2026-09-23T16:09:16.207591599Z	150011	isuconquest.go.service	1	2.800599	1.400300	2.557999	0.242600	20045824	0.516745	42217472	0.000000	0.000000	9
150	2026-09-23T16:09:16.207591599Z	150011	nginx.service	1	0.000000	0.000000	0.000000	0.000000	7823360	0.201672	16416768	0.000000	0.000000	3
150	2026-09-23T16:09:16.207591599Z	150011	mysql.service	1	194.757544	97.378772	163.728753	31.028891	2713141248	69.939805	2713391104	0.000000	241663.929917	1258
151	2026-09-23T16:09:17.207594707Z	151011	isuconquest.go.service	1	2.445592	1.222796	1.608995	0.836597	19914752	0.513366	42217472	0.000000	0.000000	9
151	2026-09-23T16:09:17.207594707Z	151011	nginx.service	1	0.000000	0.000000	0.000000	0.000000	7823360	0.201672	16416768	0.000000	0.000000	3
151	2026-09-23T16:09:17.207594707Z	151011	mysql.service	1	195.394092	97.697046	170.154471	25.239622	2714062848	69.963562	2714181632	0.000000	2215929.108460	1258
152	2026-09-23T16:09:18.207593908Z	152011	isuconquest.go.service	1	2.403502	1.201751	2.125502	0.278000	19914752	0.513366	42217472	0.000000	0.000000	9
152	2026-09-23T16:09:18.207593908Z	152011	nginx.service	1	0.000000	0.000000	0.000000	0.000000	7823360	0.201672	16416768	0.000000	0.000000	3
152	2026-09-23T16:09:18.207593908Z	152011	mysql.service	1	194.721156	97.360578	165.158732	29.562324	2714308608	69.969897	2714435584	0.000000	0.000000	1258
153	2026-09-23T16:09:19.207592123Z	153011	isuconquest.go.service	1	3.253406	1.626703	2.670605	0.582801	19542016	0.503757	42217472	0.000000	0.000000	9
153	2026-09-23T16:09:19.207592123Z	153011	nginx.service	1	0.000000	0.000000	0.000000	0.000000	7778304	0.200510	16416768	0.000000	0.000000	3
153	2026-09-23T16:09:19.207592123Z	153011	mysql.service	1	194.244346	97.122173	164.111893	30.132554	2713767936	69.955960	2714783744	0.000000	0.000000	1269
154	2026-09-23T16:09:20.20759202Z	154011	isuconquest.go.service	1	2.971600	1.485800	2.794800	0.176700	19542016	0.503757	42217472	0.000000	0.000000	9
154	2026-09-23T16:09:20.20759202Z	154011	nginx.service	1	0.000000	0.000000	0.000000	0.000000	7778304	0.200510	16416768	0.000000	0.000000	3
154	2026-09-23T16:09:20.20759202Z	154011	mysql.service	1	195.439121	97.719561	161.735518	33.703504	2718117888	70.068093	2718244864	0.000000	0.000000	1275
155	2026-09-23T16:09:21.207592783Z	155011	isuconquest.go.service	1	2.414898	1.207449	2.369398	0.045600	19542016	0.503757	42217472	0.000000	0.000000	9
155	2026-09-23T16:09:21.207592783Z	155011	nginx.service	1	0.000000	0.000000	0.000000	0.000000	7778304	0.200510	16416768	0.000000	0.000000	3
155	2026-09-23T16:09:21.207592783Z	155011	mysql.service	1	195.098050	97.549025	172.556067	22.542083	2718617600	70.080975	2718748672	0.000000	0.000000	1275
156	2026-09-23T16:09:22.207591876Z	156011	isuconquest.go.service	1	2.858003	1.429001	2.858003	0.000000	19550208	0.503969	42217472	0.000000	0.000000	9
156	2026-09-23T16:09:22.207591876Z	156011	nginx.service	1	0.000000	0.000000	0.000000	0.000000	7778304	0.200510	16416768	0.000000	0.000000	3
156	2026-09-23T16:09:22.207591876Z	156011	mysql.service	1	195.168777	97.584389	165.821650	29.347127	2718629888	70.081292	2718818304	0.000000	1875969.701505	1275
157	2026-09-23T16:09:23.207593196Z	157011	isuconquest.go.service	1	2.537397	1.268698	1.738098	0.799299	19550208	0.503969	42217472	0.000000	0.000000	9
157	2026-09-23T16:09:23.207593196Z	157011	nginx.service	1	0.000000	0.000000	0.000000	0.000000	7778304	0.200510	16416768	0.000000	0.000000	3
157	2026-09-23T16:09:23.207593196Z	157011	mysql.service	1	195.552042	97.776021	168.298978	27.253064	2719215616	70.096391	2719252480	0.000000	0.000000	1275
158	2026-09-23T16:09:24.207591308Z	158011	isuconquest.go.service	1	3.637807	1.818903	2.625305	1.012502	19529728	0.503441	42217472	0.000000	0.000000	9
158	2026-09-23T16:09:24.207591308Z	158011	nginx.service	1	0.000000	0.000000	0.000000	0.000000	7778304	0.200510	16416768	0.000000	0.000000	3
158	2026-09-23T16:09:24.207591308Z	158011	mysql.service	1	194.458967	97.229483	172.071925	22.387042	2719207424	70.096180	2719481856	0.000000	73728.139051	1275
159	2026-09-23T16:09:25.207591827Z	159011	isuconquest.go.service	1	3.318298	1.659149	2.929398	0.388900	19218432	0.495416	42217472	0.000000	0.000000	9
159	2026-09-23T16:09:25.207591827Z	159011	nginx.service	1	0.000000	0.000000	0.000000	0.000000	7778304	0.200510	16416768	0.000000	0.000000	3
159	2026-09-23T16:09:25.207591827Z	159011	mysql.service	1	194.227200	97.113600	166.822914	27.404286	2720141312	70.120253	2720272384	0.000000	544767.719445	1275
160	2026-09-23T16:09:26.207582732Z	160011	isuconquest.go.service	1	2.261421	1.130710	2.251920	0.009400	19218432	0.495416	42217472	0.000000	0.000000	9
160	2026-09-23T16:09:26.207582732Z	160011	nginx.service	1	0.000000	0.000000	0.000000	0.000000	7778304	0.200510	16416768	0.000000	0.000000	3
160	2026-09-23T16:09:26.207582732Z	160011	mysql.service	1	196.133384	98.066692	168.681634	27.451650	2720763904	70.136303	2720956416	0.000000	0.000000	1275
161	2026-09-23T16:09:27.207592312Z	161011	isuconquest.go.service	1	1.980181	0.990091	1.384087	0.596094	19218432	0.495416	42217472	0.000000	0.000000	9
161	2026-09-23T16:09:27.207592312Z	161011	nginx.service	1	0.000000	0.000000	0.000000	0.000000	7778304	0.200510	16416768	0.000000	0.000000	3
161	2026-09-23T16:09:27.207592312Z	161011	mysql.service	1	195.941123	97.970561	171.349058	24.592064	2721660928	70.159426	2721792000	0.000000	0.000000	1275
162	2026-09-23T16:09:28.207593002Z	162011	isuconquest.go.service	1	2.411798	1.205899	1.818599	0.593200	19218432	0.495416	42217472	0.000000	0.000000	9
162	2026-09-23T16:09:28.207593002Z	162011	nginx.service	1	0.000000	0.000000	0.000000	0.000000	7778304	0.200510	16416768	0.000000	0.000000	3
162	2026-09-23T16:09:28.207593002Z	162011	mysql.service	1	195.085868	97.542934	168.623786	26.462182	2721722368	70.161010	2721910784	0.000000	0.000000	1275
163	2026-09-23T16:09:29.207595367Z	163011	isuconquest.go.service	1	3.793891	1.896945	2.849093	0.944798	19161088	0.493938	42217472	0.000000	0.000000	9
163	2026-09-23T16:09:29.207595367Z	163011	nginx.service	1	0.000000	0.000000	0.000000	0.000000	7778304	0.200510	16416768	0.000000	0.000000	3
163	2026-09-23T16:09:29.207595367Z	163011	mysql.service	1	194.154438	97.077219	166.017805	28.136533	2721890304	70.165339	2722152448	0.000000	0.000000	1275
164	2026-09-23T16:09:30.207597369Z	164011	isuconquest.go.service	1	2.764594	1.382297	1.172598	1.592097	19165184	0.494043	42217472	0.000000	0.000000	9
164	2026-09-23T16:09:30.207597369Z	164011	nginx.service	1	0.000000	0.000000	0.000000	0.000000	7778304	0.200510	16416768	0.000000	0.000000	3
164	2026-09-23T16:09:30.207597369Z	164011	mysql.service	1	194.889910	97.444955	171.373357	23.516653	2722172928	70.172625	2722304000	0.000000	106495.786689	1275
165	2026-09-23T16:09:31.207598465Z	165011	isuconquest.go.service	1	2.555397	1.277699	1.692698	0.862599	19165184	0.494043	42217472	0.000000	0.000000	9
165	2026-09-23T16:09:31.207598465Z	165011	nginx.service	1	0.000000	0.000000	0.000000	0.000000	7778304	0.200510	16416768	0.000000	0.000000	3
165	2026-09-23T16:09:31.207598465Z	165011	mysql.service	1	194.900287	97.450143	169.548415	25.351772	2722123776	70.171358	2722316288	65535.928304	1306622.570555	1275
166	2026-09-23T16:09:32.207594183Z	166011	isuconquest.go.service	1	3.592615	1.796308	3.242614	0.350101	19062784	0.491404	42217472	0.000000	0.000000	9
166	2026-09-23T16:09:32.207594183Z	166011	nginx.service	1	0.000000	0.000000	0.000000	0.000000	7778304	0.200510	16416768	0.000000	0.000000	3
166	2026-09-23T16:09:32.207594183Z	166011	mysql.service	1	194.792734	97.396367	172.120237	22.672497	2722459648	70.180016	2722557952	4096.017543	4096.017543	1275
167	2026-09-23T16:09:33.207893971Z	167011	isuconquest.go.service	1	2.220934	1.110467	1.699191	0.521644	19062784	0.491404	42217472	0.000000	0.000000	9
167	2026-09-23T16:09:33.207893971Z	167011	nginx.service	1	0.000000	0.000000	0.000000	0.000000	7778304	0.200510	16416768	0.000000	0.000000	3
167	2026-09-23T16:09:33.207893971Z	167011	mysql.service	1	195.690234	97.845117	169.827488	25.862847	2722549760	70.182339	2722680832	0.000000	0.000000	1275
168	2026-09-23T16:09:34.20798193Z	168011	isuconquest.go.service	1	2.005424	1.002712	1.611958	0.393465	19062784	0.491404	42217472	0.000000	0.000000	9
168	2026-09-23T16:09:34.20798193Z	168011	nginx.service	1	0.000000	0.000000	0.000000	0.000000	7778304	0.200510	16416768	0.000000	0.000000	3
168	2026-09-23T16:09:34.20798193Z	168011	mysql.service	1	195.798878	97.899439	170.317519	25.481359	2722680832	70.185718	2722811904	0.000000	0.000000	1275
169	2026-09-23T16:09:35.207601353Z	169011	isuconquest.go.service	1	2.093697	1.046848	1.677138	0.416659	19054592	0.491192	42217472	0.000000	0.000000	9
169	2026-09-23T16:09:35.207601353Z	169011	nginx.service	1	0.000000	0.000000	0.000000	0.000000	7778304	0.200510	16416768	0.000000	0.000000	3
169	2026-09-23T16:09:35.207601353Z	169011	mysql.service	1	195.462088	97.731044	176.623518	18.838569	2722590720	70.183395	2722914304	0.000000	12292.678274	1275
170	2026-09-23T16:09:36.207585751Z	170011	isuconquest.go.service	1	2.283536	1.141768	1.851729	0.431707	18817024	0.485068	42217472	0.000000	0.000000	9
170	2026-09-23T16:09:36.207585751Z	170011	nginx.service	1	0.000000	0.000000	0.000000	0.000000	7778304	0.200510	16416768	0.000000	0.000000	3
170	2026-09-23T16:09:36.207585751Z	170011	mysql.service	1	196.080960	98.040480	182.407446	13.673413	2721583104	70.157420	2723188736	643082.035295	409606.391908	1234
171	2026-09-23T16:09:37.207595276Z	171011	isuconquest.go.service	1	1.945481	0.972741	1.593285	0.352297	18817024	0.485068	42217472	0.000000	0.000000	9
171	2026-09-23T16:09:37.207595276Z	171011	nginx.service	1	0.000000	0.000000	0.000000	0.000000	7778304	0.200510	16416768	0.000000	0.000000	3
171	2026-09-23T16:09:37.207595276Z	171011	mysql.service	1	196.426229	98.213115	182.748760	13.677570	2721079296	70.144433	2723188736	524283.006729	4095.960990	1192
172	2026-09-23T16:09:38.20759526Z	172011	isuconquest.go.service	1	1.966700	0.983350	1.923100	0.043600	18833408	0.485491	42217472	0.000000	0.000000	9
172	2026-09-23T16:09:38.20759526Z	172011	nginx.service	1	0.000000	0.000000	0.000000	0.000000	7778304	0.200510	16416768	0.000000	0.000000	3
172	2026-09-23T16:09:38.20759526Z	172011	mysql.service	1	196.260703	98.130352	176.673403	19.587200	2719936512	70.114974	2723188736	65536.001049	0.000000	1174
173	2026-09-23T16:09:39.207592209Z	173011	isuconquest.go.service	1	2.731008	1.365504	2.715908	0.015100	18817024	0.485068	42217472	0.000000	0.000000	9
173	2026-09-23T16:09:39.207592209Z	173011	nginx.service	1	0.000000	0.000000	0.000000	0.000000	7778304	0.200510	16416768	0.000000	0.000000	3
173	2026-09-23T16:09:39.207592209Z	173011	mysql.service	1	195.687297	97.843649	183.383360	12.304038	2718752768	70.084459	2723188736	196608.600049	0.000000	1152
174	2026-09-23T16:09:40.2076004Z	174011	isuconquest.go.service	1	1.801285	0.900643	1.692286	0.108999	18817024	0.485068	42217472	0.000000	0.000000	9
174	2026-09-23T16:09:40.2076004Z	174011	nginx.service	1	0.000000	0.000000	0.000000	0.000000	7778304	0.200510	16416768	0.000000	0.000000	3
174	2026-09-23T16:09:40.2076004Z	174011	mysql.service	1	196.125592	98.062796	183.854893	12.270599	2718457856	70.076857	2723188736	909304.546431	0.000000	1133
175	2026-09-23T16:09:41.207591963Z	175011	isuconquest.go.service	1	1.813915	0.906958	1.813815	0.000000	18817024	0.485068	42217472	0.000000	0.000000	9
175	2026-09-23T16:09:41.207591963Z	175011	nginx.service	1	0.000000	0.000000	0.000000	0.000000	7778304	0.200510	16416768	0.000000	0.000000	3
175	2026-09-23T16:09:41.207591963Z	175011	mysql.service	1	196.499058	98.249529	177.117995	19.381064	2718789632	70.085410	2723188736	528388.459599	0.000000	1125
176	2026-09-23T16:09:42.207592331Z	176011	isuconquest.go.service	1	2.229899	1.114950	1.776199	0.453700	18948096	0.488447	42217472	0.000000	0.000000	9
176	2026-09-23T16:09:42.207592331Z	176011	nginx.service	1	0.000000	0.000000	0.000000	0.000000	7778304	0.200510	16416768	0.000000	0.000000	3
176	2026-09-23T16:09:42.207592331Z	176011	mysql.service	1	196.134529	98.067264	173.611537	22.522992	2718056448	70.066509	2723188736	524287.810208	0.000000	1106
177	2026-09-23T16:09:43.207596476Z	177011	isuconquest.go.service	1	2.963988	1.481994	1.559594	1.404494	18558976	0.478416	42217472	0.000000	0.000000	9
177	2026-09-23T16:09:43.207596476Z	177011	nginx.service	1	0.000000	0.000000	0.000000	0.000000	7778304	0.200510	16416768	0.000000	0.000000	3
177	2026-09-23T16:09:43.207596476Z	177011	mysql.service	1	195.436289	97.718145	170.866791	24.569498	2718318592	70.073267	2723188736	540669.756761	0.000000	1102
178	2026-09-23T16:09:44.207592313Z	178011	isuconquest.go.service	1	1.730807	0.865404	0.406502	1.324206	18558976	0.478416	42217472	0.000000	0.000000	9
178	2026-09-23T16:09:44.207592313Z	178011	nginx.service	1	0.000000	0.000000	0.000000	0.000000	7778304	0.200510	16416768	0.000000	0.000000	3
178	2026-09-23T16:09:44.207592313Z	178011	mysql.service	1	196.587918	98.293959	177.807540	18.780378	2718945280	70.089422	2723188736	1228805.114287	0.000000	1089
179	2026-09-23T16:09:45.20760068Z	179011	isuconquest.go.service	1	1.756185	0.878093	1.756185	0.000000	18558976	0.478416	42217472	0.000000	0.000000	9
179	2026-09-23T16:09:45.20760068Z	179011	nginx.service	1	0.000000	0.000000	0.000000	0.000000	7778304	0.200510	16416768	0.000000	0.000000	3
179	2026-09-23T16:09:45.20760068Z	179011	mysql.service	1	196.393057	98.196529	182.452074	13.940983	2718568448	70.079708	2723188736	1118198.646268	0.000000	1069
180	2026-09-23T16:09:46.207595102Z	180011	isuconquest.go.service	1	1.755910	0.877955	0.877105	0.878805	18690048	0.481795	42217472	0.000000	0.000000	9
180	2026-09-23T16:09:46.207595102Z	180011	nginx.service	1	0.000000	0.000000	0.000000	0.000000	7778304	0.200510	16416768	0.000000	0.000000	3
180	2026-09-23T16:09:46.207595102Z	180011	mysql.service	1	195.868591	97.934296	173.618067	22.250524	2718425088	70.076012	2723188736	638979.559755	0.000000	1056
181	2026-09-23T16:09:47.207597016Z	181011	isuconquest.go.service	1	2.532795	1.266398	2.015596	0.517199	18599936	0.479472	42217472	0.000000	0.000000	9
181	2026-09-23T16:09:47.207597016Z	181011	nginx.service	1	0.000000	0.000000	0.000000	0.000000	7778304	0.200510	16416768	0.000000	0.000000	3
181	2026-09-23T16:09:47.207597016Z	181011	mysql.service	1	195.388926	97.694463	178.697058	16.691868	2719109120	70.093645	2723188736	647166.761970	0.000000	1049
182	2026-09-23T16:09:48.207594716Z	182011	isuconquest.go.service	1	1.779204	0.889602	1.466303	0.312901	18599936	0.479472	42217472	0.000000	0.000000	9
182	2026-09-23T16:09:48.207594716Z	182011	nginx.service	1	0.000000	0.000000	0.000000	0.000000	7778304	0.200510	16416768	0.000000	0.000000	3
182	2026-09-23T16:09:48.207594716Z	182011	mysql.service	1	196.858854	98.429427	185.109527	11.749327	2719035392	70.091745	2723188736	712705.642787	0.000000	1034
183	2026-09-23T16:09:49.208349908Z	183012	isuconquest.go.service	1	1.854200	0.927100	1.628270	0.226029	18599936	0.479472	42217472	0.000000	0.000000	9
183	2026-09-23T16:09:49.208349908Z	183012	nginx.service	1	0.000000	0.000000	0.000000	0.000000	7778304	0.200510	16416768	0.000000	0.000000	3
183	2026-09-23T16:09:49.208349908Z	183012	mysql.service	1	196.092015	98.046007	177.523737	18.568377	2720403456	70.127011	2723188736	990484.003319	0.000000	1032
184	2026-09-23T16:09:50.207592172Z	184011	isuconquest.go.service	1	2.294839	1.147419	1.729010	0.565829	18599936	0.479472	42217472	0.000000	0.000000	9
184	2026-09-23T16:09:50.207592172Z	184011	nginx.service	1	0.000000	0.000000	0.000000	0.000000	7778304	0.200510	16416768	0.000000	0.000000	3
184	2026-09-23T16:09:50.207592172Z	184011	mysql.service	1	195.946774	97.973387	174.576381	21.370293	2720784384	70.136831	2723188736	442703.448799	0.000000	1030
185	2026-09-23T16:09:51.207598858Z	185011	isuconquest.go.service	1	2.649282	1.324641	2.550983	0.098299	18649088	0.480739	42217472	0.000000	0.000000	9
185	2026-09-23T16:09:51.207598858Z	185011	nginx.service	1	0.000000	0.000000	0.000000	0.000000	7778304	0.200510	16416768	0.000000	0.000000	3
185	2026-09-23T16:09:51.207598858Z	185011	mysql.service	1	195.017394	97.508697	172.928542	22.088952	2720915456	70.140209	2723188736	991225.363746	135167.095056	1020
186	2026-09-23T16:09:52.207583654Z	186011	isuconquest.go.service	1	1.911029	0.955515	1.093717	0.817212	18653184	0.480845	42217472	0.000000	0.000000	9
186	2026-09-23T16:09:52.207583654Z	186011	nginx.service	1	0.000000	0.000000	0.000000	0.000000	7778304	0.200510	16416768	0.000000	0.000000	3
186	2026-09-23T16:09:52.207583654Z	186011	mysql.service	1	196.856295	98.428147	188.007460	8.848835	2719993856	70.116452	2723188736	1355796.625734	0.000000	991
187	2026-09-23T16:09:53.2075974Z	187011	isuconquest.go.service	1	1.668477	0.834239	1.563179	0.105399	18653184	0.480845	42217472	0.000000	0.000000	9
187	2026-09-23T16:09:53.2075974Z	187011	nginx.service	1	0.000000	0.000000	0.000000	0.000000	7778304	0.200510	16416768	0.000000	0.000000	3
187	2026-09-23T16:09:53.2075974Z	187011	mysql.service	1	196.152703	98.076352	174.436102	21.716501	2720223232	70.122365	2723188736	589815.890621	0.000000	989
188	2026-09-23T16:09:54.207594949Z	188011	isuconquest.go.service	1	1.703704	0.851852	1.513404	0.190300	18653184	0.480845	42217472	0.000000	0.000000	9
188	2026-09-23T16:09:54.207594949Z	188011	nginx.service	1	0.000000	0.000000	0.000000	0.000000	7778304	0.200510	16416768	0.000000	0.000000	3
188	2026-09-23T16:09:54.207594949Z	188011	mysql.service	1	196.593982	98.296991	183.817651	12.776431	2719637504	70.107266	2723188736	839682.058900	0.000000	975
189	2026-09-23T16:09:55.207593018Z	189011	isuconquest.go.service	1	2.656405	1.328203	2.347505	0.308801	18661376	0.481056	42217472	0.000000	0.000000	9
189	2026-09-23T16:09:55.207593018Z	189011	nginx.service	1	0.000000	0.000000	0.000000	0.000000	7778304	0.200510	16416768	0.000000	0.000000	3
189	2026-09-23T16:09:55.207593018Z	189011	mysql.service	1	195.599278	97.799639	182.609253	12.989925	2719318016	70.099030	2723188736	585729.131629	0.000000	966
190	2026-09-23T16:09:56.207596303Z	190011	isuconquest.go.service	1	1.723594	0.861797	1.723694	0.000000	18661376	0.481056	42217472	0.000000	0.000000	9
190	2026-09-23T16:09:56.207596303Z	190011	nginx.service	1	0.000000	0.000000	0.000000	0.000000	7778304	0.200510	16416768	0.000000	0.000000	3
190	2026-09-23T16:09:56.207596303Z	190011	mysql.service	1	195.691056	97.845528	175.463322	20.227733	2719477760	70.103148	2723188736	700413.694238	1306619.698608	964
191	2026-09-23T16:09:57.207544808Z	191011	isuconquest.go.service	1	1.847595	0.923798	1.267965	0.579530	18661376	0.481056	42217472	0.000000	0.000000	9
191	2026-09-23T16:09:57.207544808Z	191011	nginx.service	1	0.000000	0.000000	0.000000	0.000000	7778304	0.200510	16416768	0.000000	0.000000	3
191	2026-09-23T16:09:57.207544808Z	191011	mysql.service	1	196.703233	98.351616	181.928672	14.774661	2719334400	70.099453	2723188736	1003571.697992	0.000000	943
192	2026-09-23T16:09:58.20759566Z	192011	isuconquest.go.service	1	1.959800	0.979900	1.235637	0.724163	18661376	0.481056	42217472	0.000000	0.000000	9
192	2026-09-23T16:09:58.20759566Z	192011	nginx.service	1	0.000000	0.000000	0.000000	0.000000	7778304	0.200510	16416768	0.000000	0.000000	3
192	2026-09-23T16:09:58.20759566Z	192011	mysql.service	1	196.093726	98.046863	180.099839	15.993886	2718617600	70.080975	2723188736	724955.125882	0.000000	933
193	2026-09-23T16:09:59.207596047Z	193011	isuconquest.go.service	1	2.111699	1.055850	1.930399	0.181300	18661376	0.481056	42217472	0.000000	0.000000	9
193	2026-09-23T16:09:59.207596047Z	193011	nginx.service	1	0.000000	0.000000	0.000000	0.000000	7778304	0.200510	16416768	0.000000	0.000000	3
193	2026-09-23T16:09:59.207596047Z	193011	mysql.service	1	195.779122	97.889561	185.094727	10.684296	2717519872	70.052678	2723188736	888831.647134	0.000000	915
194	2026-09-23T16:10:00.207597563Z	194011	isuconquest.go.service	1	1.987597	0.993799	1.626798	0.360799	18661376	0.481056	42217472	0.000000	0.000000	9
194	2026-09-23T16:10:00.207597563Z	194011	nginx.service	1	0.000000	0.000000	0.000000	0.000000	7778304	0.200510	16416768	0.000000	0.000000	3
194	2026-09-23T16:10:00.207597563Z	194011	mysql.service	1	196.314304	98.157152	179.364830	16.949474	2716745728	70.032722	2723188736	491519.258789	0.000000	910
195	2026-09-23T16:10:01.207596881Z	195011	isuconquest.go.service	1	2.273602	1.136801	1.608601	0.665000	18661376	0.481056	42217472	0.000000	0.000000	9
195	2026-09-23T16:10:01.207596881Z	195011	nginx.service	1	0.000000	0.000000	0.000000	0.000000	7778304	0.200510	16416768	0.000000	0.000000	3
195	2026-09-23T16:10:01.207596881Z	195011	mysql.service	1	195.651133	97.825566	182.260624	13.390509	2715873280	70.010231	2723188736	643072.436646	0.000000	889
196	2026-09-23T16:10:02.207592902Z	196011	isuconquest.go.service	1	2.965612	1.482806	2.452010	0.513602	18464768	0.475988	42217472	0.000000	0.000000	9
196	2026-09-23T16:10:02.207592902Z	196011	nginx.service	1	0.000000	0.000000	0.000000	0.000000	7778304	0.200510	16416768	0.000000	0.000000	3
196	2026-09-23T16:10:02.207592902Z	196011	mysql.service	1	194.954777	97.477388	178.563311	16.391565	2715934720	70.011815	2723188736	696322.774150	139264.554830	883
197	2026-09-23T16:10:03.207592494Z	197011	isuconquest.go.service	1	1.854701	0.927350	1.078600	0.776100	18464768	0.475988	42217472	0.000000	0.000000	9
197	2026-09-23T16:10:03.207592494Z	197011	nginx.service	1	0.000000	0.000000	0.000000	0.000000	7778304	0.200510	16416768	0.000000	0.000000	3
197	2026-09-23T16:10:03.207592494Z	197011	mysql.service	1	196.213379	98.106690	180.026373	16.186907	2716090368	70.015828	2723188736	299008.120799	0.000000	881
198	2026-09-23T16:10:04.207592916Z	198011	isuconquest.go.service	1	2.017399	1.008700	1.963399	0.054000	18468864	0.476093	42217472	0.000000	0.000000	9
198	2026-09-23T16:10:04.207592916Z	198011	nginx.service	1	0.000000	0.000000	0.000000	0.000000	7778304	0.200510	16416768	0.000000	0.000000	3
198	2026-09-23T16:10:04.207592916Z	198011	mysql.service	1	196.701318	98.350659	182.570624	14.130794	2714353664	69.971059	2723188736	626687.738671	0.000000	859
199	2026-09-23T16:10:05.207593362Z	199011	isuconquest.go.service	1	1.921799	0.960900	1.654899	0.266900	18464768	0.475988	42217472	0.000000	0.000000	9
199	2026-09-23T16:10:05.207593362Z	199011	nginx.service	1	0.000000	0.000000	0.000000	0.000000	7778304	0.200510	16416768	0.000000	0.000000	3
199	2026-09-23T16:10:05.207593362Z	199011	mysql.service	1	196.112998	98.056499	177.749008	18.363890	2713911296	69.959655	2723188736	339967.823897	0.000000	857
200	2026-09-23T16:10:06.207593274Z	200011	isuconquest.go.service	1	2.970500	1.485250	2.589300	0.381300	18464768	0.475988	42217472	0.000000	0.000000	9
200	2026-09-23T16:10:06.207593274Z	200011	nginx.service	1	0.000000	0.000000	0.000000	0.000000	7778304	0.200510	16416768	0.000000	0.000000	3
200	2026-09-23T16:10:06.207593274Z	200011	mysql.service	1	195.441231	97.720616	175.735728	19.705603	2713399296	69.946457	2723188736	458752.072942	0.000000	852
201	2026-09-23T16:10:07.207586996Z	201011	isuconquest.go.service	1	1.757711	0.878856	1.555810	0.201901	18464768	0.475988	42217472	0.000000	0.000000	9
201	2026-09-23T16:10:07.207586996Z	201011	nginx.service	1	0.000000	0.000000	0.000000	0.000000	7778304	0.200510	16416768	0.000000	0.000000	3
201	2026-09-23T16:10:07.207586996Z	201011	mysql.service	1	196.164731	98.082365	180.081930	16.082801	2713337856	69.944873	2723188736	0.000000	0.000000	852
202	2026-09-23T16:10:08.207592439Z	202011	isuconquest.go.service	1	1.924190	0.962095	0.998295	0.925795	18464768	0.475988	42217472	0.000000	0.000000	9
202	2026-09-23T16:10:08.207592439Z	202011	nginx.service	1	0.000000	0.000000	0.000000	0.000000	7778304	0.200510	16416768	0.000000	0.000000	3
202	2026-09-23T16:10:08.207592439Z	202011	mysql.service	1	196.812229	98.406115	178.860227	17.951902	2711556096	69.898942	2723188736	442365.593089	0.000000	834
203	2026-09-23T16:10:09.207749914Z	203011	isuconquest.go.service	1	1.733227	0.866614	1.198711	0.534516	18464768	0.475988	42217472	0.000000	0.000000	9
203	2026-09-23T16:10:09.207749914Z	203011	nginx.service	1	0.000000	0.000000	0.000000	0.000000	7778304	0.200510	16416768	0.000000	0.000000	3
203	2026-09-23T16:10:09.207749914Z	203011	mysql.service	1	195.655389	97.827694	184.587831	11.067557	2708983808	69.832633	2723188736	339914.470949	0.000000	819
204	2026-09-23T16:10:10.207600315Z	204011	isuconquest.go.service	1	2.577986	1.288993	2.577986	0.000000	18472960	0.476199	42217472	0.000000	0.000000	9
204	2026-09-23T16:10:10.207600315Z	204011	nginx.service	1	0.000000	0.000000	0.000000	0.000000	7778304	0.200510	16416768	0.000000	0.000000	3
204	2026-09-23T16:10:10.207600315Z	204011	mysql.service	1	195.809192	97.904596	179.861906	15.947386	2708287488	69.814684	2723188736	176154.351810	0.000000	818
205	2026-09-23T16:10:11.207593102Z	205011	isuconquest.go.service	1	1.917014	0.958507	1.911414	0.005700	18472960	0.476199	42217472	0.000000	0.000000	9
205	2026-09-23T16:10:11.207593102Z	205011	nginx.service	1	0.000000	0.000000	0.000000	0.000000	7778304	0.200510	16416768	0.000000	0.000000	3
205	2026-09-23T16:10:11.207593102Z	205011	mysql.service	1	196.315420	98.157710	183.528328	12.786993	2703859712	69.700544	2723188736	147457.066704	0.000000	785
206	2026-09-23T16:10:12.207629206Z	206011	isuconquest.go.service	1	1.856933	0.928466	1.051262	0.805671	18472960	0.476199	42217472	0.000000	0.000000	9
206	2026-09-23T16:10:12.207629206Z	206011	nginx.service	1	0.000000	0.000000	0.000000	0.000000	7778304	0.200510	16416768	0.000000	0.000000	3
206	2026-09-23T16:10:12.207629206Z	206011	mysql.service	1	196.103216	98.051608	180.113093	15.990222	2701447168	69.638353	2723188736	81917.040665	0.000000	769
207	2026-09-23T16:10:13.207590553Z	207011	isuconquest.go.service	1	1.846971	0.923486	1.148044	0.698827	18472960	0.476199	42217472	0.000000	0.000000	9
207	2026-09-23T16:10:13.207590553Z	207011	nginx.service	1	0.000000	0.000000	0.000000	0.000000	7778304	0.200510	16416768	0.000000	0.000000	3
207	2026-09-23T16:10:13.207590553Z	207011	mysql.service	1	196.754007	98.377004	186.637716	10.116191	2694266880	69.453258	2723188736	335884.986657	2101329.245794	724
208	2026-09-23T16:10:14.207590993Z	208011	isuconquest.go.service	1	2.404399	1.202199	1.888799	0.515700	18472960	0.476199	42217472	0.000000	0.000000	9
208	2026-09-23T16:10:14.207590993Z	208011	nginx.service	1	0.000000	0.000000	0.000000	0.000000	7778304	0.200510	16416768	0.000000	0.000000	3
208	2026-09-23T16:10:14.207590993Z	208011	mysql.service	1	195.569913	97.784957	178.664821	16.905092	2689269760	69.324441	2723188736	114687.949079	4095.998181	697
209	2026-09-23T16:10:15.207597737Z	209011	isuconquest.go.service	1	1.765888	0.882944	1.428390	0.337498	18472960	0.476199	42217472	0.000000	0.000000	9
209	2026-09-23T16:10:15.207597737Z	209011	nginx.service	1	0.000000	0.000000	0.000000	0.000000	7778304	0.200510	16416768	0.000000	0.000000	3
209	2026-09-23T16:10:15.207597737Z	209011	mysql.service	1	196.248176	98.124088	180.647581	15.600695	2686283776	69.247468	2723188736	139263.060253	0.000000	682
210	2026-09-23T16:10:16.207598727Z	210011	isuconquest.go.service	1	2.441198	1.220599	2.183798	0.257300	18477056	0.476305	42217472	0.000000	0.000000	9
210	2026-09-23T16:10:16.207598727Z	210011	nginx.service	1	0.000000	0.000000	0.000000	0.000000	7778304	0.200510	16416768	0.000000	0.000000	3
210	2026-09-23T16:10:16.207598727Z	210011	mysql.service	1	195.198807	97.599404	184.642618	10.556190	2680778752	69.105559	2723188736	348159.656366	0.000000	638
211	2026-09-23T16:10:17.207599863Z	211011	isuconquest.go.service	1	2.560197	1.280099	2.141498	0.418700	18477056	0.476305	42217472	0.000000	0.000000	9
211	2026-09-23T16:10:17.207599863Z	211011	nginx.service	1	0.000000	0.000000	0.000000	0.000000	7778304	0.200510	16416768	0.000000	0.000000	3
211	2026-09-23T16:10:17.207599863Z	211011	mysql.service	1	195.781377	97.890688	184.602090	11.179287	2669854720	68.823957	2723188736	352255.598429	0.000000	574
212	2026-09-23T16:10:18.207599442Z	212011	isuconquest.go.service	1	2.486201	1.243101	1.980501	0.505700	18526208	0.477572	42217472	0.000000	0.000000	9
212	2026-09-23T16:10:18.207599442Z	212011	nginx.service	1	0.000000	0.000000	0.000000	0.000000	7778304	0.200510	16416768	0.000000	0.000000	3
212	2026-09-23T16:10:18.207599442Z	212011	mysql.service	1	195.503182	97.751591	179.256375	16.246807	2660864000	68.592193	2723188736	90112.037667	0.000000	527
213	2026-09-23T16:10:19.208434834Z	213012	isuconquest.go.service	1	1.896516	0.948258	1.896516	0.000000	18526208	0.477572	42217472	0.000000	0.000000	9
213	2026-09-23T16:10:19.208434834Z	213012	nginx.service	1	0.000000	0.000000	0.000000	0.000000	7778304	0.200510	16416768	0.000000	0.000000	3
213	2026-09-23T16:10:19.208434834Z	213012	mysql.service	1	196.220082	98.110041	183.433664	12.786319	2649468928	68.298449	2723188736	49110.973871	0.000000	469
214	2026-09-23T16:10:20.207600797Z	214011	isuconquest.go.service	1	2.199334	1.099667	1.837733	0.361602	18526208	0.477572	42217472	0.000000	0.000000	9
214	2026-09-23T16:10:20.207600797Z	214011	nginx.service	1	0.000000	0.000000	0.000000	0.000000	7778304	0.200510	16416768	0.000000	0.000000	3
214	2026-09-23T16:10:20.207600797Z	214011	mysql.service	1	196.151696	98.075848	187.720064	8.431632	2633641984	67.890459	2723188736	254163.979621	0.000000	383
215	2026-09-23T16:10:21.207596446Z	215011	isuconquest.go.service	1	2.020709	1.010354	1.862008	0.158801	18526208	0.477572	42217472	0.000000	0.000000	9
215	2026-09-23T16:10:21.207596446Z	215011	nginx.service	1	0.000000	0.000000	0.000000	0.000000	7778304	0.200510	16416768	0.000000	0.000000	3
215	2026-09-23T16:10:21.207596446Z	215011	mysql.service	1	195.931652	97.965826	185.970309	9.961443	2604134400	67.129808	2723188736	49152.213763	0.000000	236
216	2026-09-23T16:10:22.207583988Z	216011	isuconquest.go.service	1	2.331629	1.165815	2.331629	0.000000	18526208	0.477572	42217472	0.000000	0.000000	9
216	2026-09-23T16:10:22.207583988Z	216011	nginx.service	1	0.000000	0.000000	0.000000	0.000000	7778304	0.200510	16416768	0.000000	0.000000	3
216	2026-09-23T16:10:22.207583988Z	216011	mysql.service	1	65.479116	32.739558	64.191200	1.287916	2585681920	66.654137	2723188736	28672.357430	0.000000	145
217	2026-09-23T16:10:23.208259405Z	217012	isuconquest.go.service	1	1.134034	0.567017	0.473080	0.660854	18526208	0.477572	42217472	0.000000	0.000000	9
217	2026-09-23T16:10:23.208259405Z	217012	nginx.service	1	0.000000	0.000000	0.000000	0.000000	7778304	0.200510	16416768	0.000000	0.000000	3
217	2026-09-23T16:10:23.208259405Z	217012	mysql.service	1	1.143528	0.571764	1.051890	0.091538	2585681920	66.654137	2723188736	0.000000	0.000000	145
218	2026-09-23T16:10:24.20793247Z	218011	isuconquest.go.service	1	1.233603	0.616801	0.946109	0.287594	18526208	0.477572	42217472	0.000000	0.000000	9
218	2026-09-23T16:10:24.20793247Z	218011	nginx.service	1	0.000000	0.000000	0.000000	0.000000	7778304	0.200510	16416768	0.000000	0.000000	3
218	2026-09-23T16:10:24.20793247Z	218011	mysql.service	1	1.135971	0.567986	0.996626	0.139346	2585681920	66.654137	2723188736	0.000000	0.000000	145
219	2026-09-23T16:10:25.207609911Z	219011	isuconquest.go.service	1	1.295518	0.647759	0.993521	0.301897	18522112	0.477466	42217472	0.000000	0.000000	9
219	2026-09-23T16:10:25.207609911Z	219011	nginx.service	1	0.000000	0.000000	0.000000	0.000000	7778304	0.200510	16416768	0.000000	0.000000	3
219	2026-09-23T16:10:25.207609911Z	219011	mysql.service	1	1.138167	0.569084	0.998622	0.139545	2585681920	66.654137	2723188736	0.000000	0.000000	145
220	2026-09-23T16:10:26.208328224Z	220012	isuconquest.go.service	1	1.069732	0.534866	0.924636	0.145196	18522112	0.477466	42217472	0.000000	0.000000	9
220	2026-09-23T16:10:26.208328224Z	220012	nginx.service	1	0.000000	0.000000	0.000000	0.000000	7778304	0.200510	16416768	0.000000	0.000000	3
220	2026-09-23T16:10:26.208328224Z	220012	mysql.service	1	1.145977	0.572988	1.005478	0.140599	2585686016	66.654243	2723188736	0.000000	0.000000	145
221	2026-09-23T16:10:27.208031628Z	221011	isuconquest.go.service	1	1.034607	0.517303	1.001897	0.032610	18522112	0.477466	42217472	0.000000	0.000000	9
221	2026-09-23T16:10:27.208031628Z	221011	nginx.service	1	0.000000	0.000000	0.000000	0.000000	7778304	0.200510	16416768	0.000000	0.000000	3
221	2026-09-23T16:10:27.208031628Z	221011	mysql.service	1	1.241268	0.620634	1.089023	0.152245	2585997312	66.662267	2723188736	0.000000	1659372.053595	145
222	2026-09-23T16:10:28.207723296Z	222011	isuconquest.go.service	1	1.131149	0.565574	0.867668	0.263581	18526208	0.477572	42217472	0.000000	0.000000	9
222	2026-09-23T16:10:28.207723296Z	222011	nginx.service	1	0.000000	0.000000	0.000000	0.000000	7778304	0.200510	16416768	0.000000	0.000000	3
222	2026-09-23T16:10:28.207723296Z	222011	mysql.service	1	1.169761	0.584880	1.075031	0.094729	2585993216	66.662162	2723188736	0.000000	0.000000	145
223	2026-09-23T16:10:29.208407785Z	223012	isuconquest.go.service	1	1.378956	0.689478	1.370162	0.008794	18522112	0.477466	42217472	0.000000	0.000000	9
223	2026-09-23T16:10:29.208407785Z	223012	nginx.service	1	0.000000	0.000000	0.000000	0.000000	7778304	0.200510	16416768	0.000000	0.000000	3
223	2026-09-23T16:10:29.208407785Z	223012	mysql.service	1	1.139420	0.569710	0.999616	0.139704	2585993216	66.662162	2723188736	0.000000	0.000000	145
224	2026-09-23T16:10:30.208115032Z	224011	isuconquest.go.service	1	1.215756	0.607878	1.036904	0.178852	18526208	0.477572	42217472	0.000000	0.000000	9
224	2026-09-23T16:10:30.208115032Z	224011	nginx.service	1	0.000000	0.000000	0.000000	0.000000	7778304	0.200510	16416768	0.000000	0.000000	3
224	2026-09-23T16:10:30.208115032Z	224011	mysql.service	1	1.179245	0.589623	1.034703	0.144642	2585997312	66.662267	2723188736	0.000000	0.000000	145
225	2026-09-23T16:10:31.207843506Z	225011	isuconquest.go.service	1	1.166217	0.583108	0.998971	0.167245	18526208	0.477572	42217472	0.000000	0.000000	9
225	2026-09-23T16:10:31.207843506Z	225011	nginx.service	1	0.000000	0.000000	0.000000	0.000000	7778304	0.200510	16416768	0.000000	0.000000	3
225	2026-09-23T16:10:31.207843506Z	225011	mysql.service	1	1.142010	0.571005	1.001872	0.140038	2585993216	66.662162	2723188736	0.000000	0.000000	145
226	2026-09-23T16:10:32.208522077Z	226012	isuconquest.go.service	1	1.046290	0.523145	0.906885	0.139405	18522112	0.477466	42217472	0.000000	0.000000	9
226	2026-09-23T16:10:32.208522077Z	226012	nginx.service	1	0.000000	0.000000	0.000000	0.000000	7778304	0.200510	16416768	0.000000	0.000000	3
226	2026-09-23T16:10:32.208522077Z	226012	mysql.service	1	1.131232	0.565616	0.992527	0.138706	2585997312	66.662267	2723188736	0.000000	442068.058149	145
227	2026-09-23T16:10:33.208262949Z	227012	isuconquest.go.service	1	1.291135	0.645567	1.199011	0.092024	18522112	0.477466	42217472	0.000000	0.000000	9
227	2026-09-23T16:10:33.208262949Z	227012	nginx.service	1	0.000000	0.000000	0.000000	0.000000	7778304	0.200510	16416768	0.000000	0.000000	3
227	2026-09-23T16:10:33.208262949Z	227012	mysql.service	1	1.161901	0.580951	1.068177	0.093724	2585993216	66.662162	2723188736	0.000000	0.000000	145
228	2026-09-23T16:10:34.207992954Z	228011	isuconquest.go.service	1	1.069789	0.534894	1.069889	0.000000	18522112	0.477466	42217472	0.000000	0.000000	9
228	2026-09-23T16:10:34.207992954Z	228011	nginx.service	1	0.000000	0.000000	0.000000	0.000000	7778304	0.200510	16416768	0.000000	0.000000	3
228	2026-09-23T16:10:34.207992954Z	228011	mysql.service	1	1.133706	0.566853	0.994669	0.139038	2585993216	66.662162	2723188736	0.000000	0.000000	145
229	2026-09-23T16:10:35.20769468Z	229011	isuconquest.go.service	1	1.150743	0.575372	1.050913	0.099730	18526208	0.477572	42217472	0.000000	0.000000	9
229	2026-09-23T16:10:35.20769468Z	229011	nginx.service	1	0.000000	0.000000	0.000000	0.000000	7778304	0.200510	16416768	0.000000	0.000000	3
229	2026-09-23T16:10:35.20769468Z	229011	mysql.service	1	1.153644	0.576822	1.060916	0.092828	2585993216	66.662162	2723188736	0.000000	0.000000	145
230	2026-09-23T16:10:36.207768127Z	230011	isuconquest.go.service	1	1.258008	0.629004	0.965629	0.292479	18653184	0.480845	42217472	0.000000	0.000000	9
230	2026-09-23T16:10:36.207768127Z	230011	nginx.service	1	0.000000	0.000000	0.000000	0.000000	7778304	0.200510	16416768	0.000000	0.000000	3
230	2026-09-23T16:10:36.207768127Z	230011	mysql.service	1	1.147316	0.573658	1.006626	0.140690	2585993216	66.662162	2723188736	0.000000	0.000000	145
231	2026-09-23T16:10:37.208460095Z	231012	isuconquest.go.service	1	1.317488	0.658744	0.532132	0.785257	18522112	0.477466	42217472	0.000000	0.000000	9
231	2026-09-23T16:10:37.208460095Z	231012	nginx.service	1	0.000000	0.000000	0.000000	0.000000	7778304	0.200510	16416768	0.000000	0.000000	3
231	2026-09-23T16:10:37.208460095Z	231012	mysql.service	1	1.227051	0.613525	1.076655	0.150396	2585993216	66.662162	2723188736	0.000000	0.000000	145
232	2026-09-23T16:10:38.208162317Z	232012	isuconquest.go.service	1	1.305989	0.652994	0.658196	0.647793	18522112	0.477466	42217472	0.000000	0.000000	9
232	2026-09-23T16:10:38.208162317Z	232012	nginx.service	1	0.000000	0.000000	0.000000	0.000000	7778304	0.200510	16416768	0.000000	0.000000	3
232	2026-09-23T16:10:38.208162317Z	232012	mysql.service	1	1.167048	0.583524	1.023905	0.143143	2585993216	66.662162	2723188736	0.000000	0.000000	145
233	2026-09-23T16:10:39.207840287Z	233011	isuconquest.go.service	1	1.196785	0.598393	0.918196	0.278590	18522112	0.477466	42217472	0.000000	0.000000	9
233	2026-09-23T16:10:39.207840287Z	233011	nginx.service	1	0.000000	0.000000	0.000000	0.000000	7778304	0.200510	16416768	0.000000	0.000000	3
233	2026-09-23T16:10:39.207840287Z	233011	mysql.service	1	1.137966	0.568983	0.998321	0.139545	2585993216	66.662162	2723188736	0.000000	0.000000	145
234	2026-09-23T16:10:40.207546276Z	234011	isuconquest.go.service	1	1.156040	0.578020	0.991391	0.164748	18522112	0.477466	42217472	0.000000	0.000000	9
234	2026-09-23T16:10:40.207546276Z	234011	nginx.service	1	0.000000	0.000000	0.000000	0.000000	7778304	0.200510	16416768	0.000000	0.000000	3
234	2026-09-23T16:10:40.207546276Z	234011	mysql.service	1	1.159641	0.579820	1.017399	0.142242	2585993216	66.662162	2723188736	0.000000	0.000000	145
235	2026-09-23T16:10:41.208251795Z	235012	isuconquest.go.service	1	1.477058	0.738529	0.758665	0.718393	18522112	0.477466	42217472	0.000000	0.000000	9
235	2026-09-23T16:10:41.208251795Z	235012	nginx.service	1	0.000000	0.000000	0.000000	0.000000	7778304	0.200510	16416768	0.000000	0.000000	3
235	2026-09-23T16:10:41.208251795Z	235012	mysql.service	1	1.143993	0.571996	0.704203	0.439890	2585993216	66.662162	2723188736	0.000000	0.000000	145
236	2026-09-23T16:10:42.207959508Z	236011	isuconquest.go.service	1	1.177244	0.588622	0.663494	0.513750	18522112	0.477466	42217472	0.000000	0.000000	9
236	2026-09-23T16:10:42.207959508Z	236011	nginx.service	1	0.000000	0.000000	0.000000	0.000000	7778304	0.200510	16416768	0.000000	0.000000	3
236	2026-09-23T16:10:42.207959508Z	236011	mysql.service	1	1.147235	0.573618	1.006494	0.140641	2585993216	66.662162	2723188736	0.000000	0.000000	145
237	2026-09-23T16:10:43.207636759Z	237011	isuconquest.go.service	1	1.276912	0.638456	0.739839	0.536973	18526208	0.477572	42217472	0.000000	0.000000	9
237	2026-09-23T16:10:43.207636759Z	237011	nginx.service	1	0.000000	0.000000	0.000000	0.000000	7778304	0.200510	16416768	0.000000	0.000000	3
237	2026-09-23T16:10:43.207636759Z	237011	mysql.service	1	1.139168	0.569584	0.999423	0.139745	2585993216	66.662162	2723188736	0.000000	0.000000	145
238	2026-09-23T16:10:44.208337784Z	238012	isuconquest.go.service	1	1.506544	0.753272	1.468770	0.037873	18522112	0.477466	42217472	0.000000	0.000000	9
238	2026-09-23T16:10:44.208337784Z	238012	nginx.service	1	0.000000	0.000000	0.000000	0.000000	7778304	0.200510	16416768	0.000000	0.000000	3
238	2026-09-23T16:10:44.208337784Z	238012	mysql.service	1	1.162785	0.581392	1.020185	0.142600	2585993216	66.662162	2723188736	0.000000	0.000000	145
239	2026-09-23T16:10:45.207584429Z	239011	isuconquest.go.service	1	1.140059	0.570029	0.979037	0.161021	18522112	0.477466	42217472	0.000000	0.000000	9
239	2026-09-23T16:10:45.207584429Z	239011	nginx.service	1	0.000000	0.000000	0.000000	0.000000	7778304	0.200510	16416768	0.000000	0.000000	3
239	2026-09-23T16:10:45.207584429Z	239011	mysql.service	1	1.143561	0.571781	1.003356	0.140206	2585997312	66.662267	2723188736	0.000000	0.000000	145
240	2026-09-23T16:10:46.208126133Z	240011	isuconquest.go.service	1	1.119094	0.559547	0.858435	0.260659	18653184	0.480845	42217472	0.000000	0.000000	9
240	2026-09-23T16:10:46.208126133Z	240011	nginx.service	1	0.000000	0.000000	0.000000	0.000000	7778304	0.200510	16416768	0.000000	0.000000	3
240	2026-09-23T16:10:46.208126133Z	240011	mysql.service	1	1.164569	0.582285	1.021747	0.142823	2585993216	66.662162	2723188736	0.000000	0.000000	145
241	2026-09-23T16:10:47.209046622Z	241012	isuconquest.go.service	1	2.858469	1.429234	2.130439	0.728030	16519168	0.425834	42217472	0.000000	0.000000	9
241	2026-09-23T16:10:47.209046622Z	241012	nginx.service	1	0.000000	0.000000	0.000000	0.000000	7778304	0.200510	16416768	0.000000	0.000000	3
241	2026-09-23T16:10:47.209046622Z	241012	mysql.service	1	1.257443	0.628721	1.151940	0.105603	2585997312	66.662267	2723188736	0.000000	0.000000	145
