2026-09-23T15:15:45.407673640Z	BENCHMARK_START
[ADMIN] 15:15:46.561171 benchmarker --target-host=172.31.45.101 --request-timeout=10s --initialize-request-timeout=1m0s --exit-error-on-fail=true --stage=prod --max-parallelism=100 --prepare-only=false
15:16:39.162969 [ValidationScenario] 整合性チェックを開始します
[ADMIN] 15:16:39.162958 [LANGUAGE] go
15:16:39.559739 整合性チェック Request:POST /login (日跨ぎ前）
15:16:39.862890 整合性チェック Request:POST /login (日跨ぎ後）
15:16:39.898816 整合性チェック Request:POST /admin/login 失敗の場合
15:16:39.967425 整合性チェック Request:POST /admin/login
15:16:40.049957 整合性チェック Request:GET /admin/user/{userID}
15:16:40.067100 整合性チェック Request:POST /login 失敗の場合
15:16:40.068516 整合性チェック Request:POST /user
15:16:40.533518 整合性チェック Request:POST /login
15:16:40.749109 整合性チェック Request:GET /user/{userId}/home セッション無効の場合
15:16:40.750939 整合性チェック Request:GET /user/{userId}/home
15:16:40.753331 整合性チェック Request:GET /user/{userId}/home 他人のホーム表示の場合
15:16:40.754954 整合性チェック Request:POST /user/{userId}/reward
15:16:40.764139 整合性チェック Request:POST /user/{userId}/card
15:16:40.781431 整合性チェック Request:GET /user/{userId}/item
15:16:40.796497 整合性チェック Request:POST /user/{userId}/addexp/{cardId}
15:16:40.814167 整合性チェック Request:GET /user/{userId}/present/index/:n
15:16:40.819215 整合性チェック Request:POST /user/{userId}/present/receive
15:16:40.955018 整合性チェック Request:GET /user/{userId}/gacha/index
15:16:40.976941 整合性チェック Request:POST /user/{userId}/gacha/draw/{gachaID}/10
15:16:41.053785 整合性チェック Request:GET /admin/master
15:16:41.062716 整合性チェック Request:POST /admin/user/{userID}/ban
15:16:41.075443 整合性チェック Request:POST /login Banの場合
15:16:41.077069 [ValidationScenario] 整合性チェックを終了します
15:16:41.077074 整合性チェックに成功しました！
15:16:41.077076 初期化処理が成功しました！
15:16:41.077094 アプリケーションへの負荷走行を開始します
[ADMIN] 15:16:41.077160 シナリオ走行を開始しました [シナリオ名: 新規ユーザー登録]
[ADMIN] 15:16:41.077160 シナリオ走行を開始しました [シナリオ名: ログイン]
[ADMIN] 15:16:41.077167 シナリオ走行を開始しました [シナリオ名: Banユーザログイン]
[ADMIN] 15:16:41.350789 シナリオ走行を終了しました [シナリオ名: ログイン]
[ADMIN] 15:16:41.350804 シナリオ走行を開始しました [シナリオ名: ログイン]
[ADMIN] 15:16:41.580454 シナリオ走行を終了しました [シナリオ名: Banユーザログイン]
[ADMIN] 15:16:41.580478 シナリオ走行を開始しました [シナリオ名: Banユーザログイン]
[ADMIN] 15:16:41.608757 シナリオ走行を終了しました [シナリオ名: ログイン]
[ADMIN] 15:16:41.608770 シナリオ走行を開始しました [シナリオ名: ログイン]
[ADMIN] 15:16:41.889462 シナリオ走行を終了しました [シナリオ名: ログイン]
[ADMIN] 15:16:41.889477 シナリオ走行を開始しました [シナリオ名: ログイン]
[ADMIN] 15:16:42.036329 シナリオ走行を終了しました [シナリオ名: 新規ユーザー登録]
[ADMIN] 15:16:42.036356 シナリオ走行を開始しました [シナリオ名: 新規ユーザー登録]
[ADMIN] 15:16:42.083899 シナリオ走行を終了しました [シナリオ名: Banユーザログイン]
[ADMIN] 15:16:42.083927 シナリオ走行を開始しました [シナリオ名: Banユーザログイン]
[ADMIN] 15:16:42.187637 シナリオ走行を終了しました [シナリオ名: ログイン]
[ADMIN] 15:16:42.187652 シナリオ走行を開始しました [シナリオ名: ログイン]
[ADMIN] 15:16:42.501481 シナリオ走行を終了しました [シナリオ名: ログイン]
[ADMIN] 15:16:42.501496 シナリオ走行を開始しました [シナリオ名: ログイン]
[ADMIN] 15:16:42.587202 シナリオ走行を終了しました [シナリオ名: Banユーザログイン]
[ADMIN] 15:16:42.587226 シナリオ走行を開始しました [シナリオ名: Banユーザログイン]
[ADMIN] 15:16:42.781803 シナリオ走行を終了しました [シナリオ名: ログイン]
[ADMIN] 15:16:42.781818 シナリオ走行を開始しました [シナリオ名: ログイン]
[ADMIN] 15:16:43.020367 シナリオ走行を終了しました [シナリオ名: ログイン]
[ADMIN] 15:16:43.020382 シナリオ走行を開始しました [シナリオ名: ログイン]
[ADMIN] 15:16:43.089737 シナリオ走行を終了しました [シナリオ名: Banユーザログイン]
[ADMIN] 15:16:43.089760 シナリオ走行を開始しました [シナリオ名: Banユーザログイン]
[ADMIN] 15:16:43.103776 シナリオ走行を終了しました [シナリオ名: 新規ユーザー登録]
[ADMIN] 15:16:43.103798 シナリオ走行を開始しました [シナリオ名: 新規ユーザー登録]
[ADMIN] 15:16:43.592432 シナリオ走行を終了しました [シナリオ名: Banユーザログイン]
[ADMIN] 15:16:43.592464 シナリオ走行を開始しました [シナリオ名: Banユーザログイン]
[ADMIN] 15:16:43.625476 シナリオ走行を終了しました [シナリオ名: ログイン]
[ADMIN] 15:16:43.625490 シナリオ走行を開始しました [シナリオ名: ログイン]
[ADMIN] 15:16:43.836359 シナリオ走行を終了しました [シナリオ名: ログイン]
[ADMIN] 15:16:43.836375 シナリオ走行を開始しました [シナリオ名: ログイン]
[ADMIN] 15:16:44.062338 シナリオ走行を終了しました [シナリオ名: ログイン]
[ADMIN] 15:16:44.062353 シナリオ走行を開始しました [シナリオ名: ログイン]
[ADMIN] 15:16:44.084895 シナリオ走行を終了しました [シナリオ名: 新規ユーザー登録]
[ADMIN] 15:16:44.084922 シナリオ走行を開始しました [シナリオ名: 新規ユーザー登録]
[ADMIN] 15:16:44.095042 シナリオ走行を終了しました [シナリオ名: Banユーザログイン]
[ADMIN] 15:16:44.095060 シナリオ走行を開始しました [シナリオ名: Banユーザログイン]
[ADMIN] 15:16:44.293233 シナリオ走行を終了しました [シナリオ名: ログイン]
[ADMIN] 15:16:44.293250 シナリオ走行を開始しました [シナリオ名: ログイン]
[ADMIN] 15:16:44.598026 シナリオ走行を終了しました [シナリオ名: Banユーザログイン]
[ADMIN] 15:16:44.598056 シナリオ走行を開始しました [シナリオ名: Banユーザログイン]
[ADMIN] 15:16:44.907500 シナリオ走行を終了しました [シナリオ名: ログイン]
[ADMIN] 15:16:44.907514 シナリオ走行を開始しました [シナリオ名: ログイン]
[ADMIN] 15:16:45.100952 シナリオ走行を終了しました [シナリオ名: Banユーザログイン]
[ADMIN] 15:16:45.100975 シナリオ走行を開始しました [シナリオ名: Banユーザログイン]
[ADMIN] 15:16:45.114512 シナリオ走行を終了しました [シナリオ名: 新規ユーザー登録]
[ADMIN] 15:16:45.114531 シナリオ走行を開始しました [シナリオ名: 新規ユーザー登録]
[ADMIN] 15:16:45.161328 シナリオ走行を終了しました [シナリオ名: ログイン]
[ADMIN] 15:16:45.161344 シナリオ走行を開始しました [シナリオ名: ログイン]
[ADMIN] 15:16:45.604066 シナリオ走行を終了しました [シナリオ名: Banユーザログイン]
[ADMIN] 15:16:45.604092 シナリオ走行を開始しました [シナリオ名: Banユーザログイン]
[ADMIN] 15:16:45.828762 シナリオ走行を終了しました [シナリオ名: ログイン]
[ADMIN] 15:16:45.828780 シナリオ走行を開始しました [シナリオ名: ログイン]
[ADMIN] 15:16:46.105231 シナリオ走行を終了しました [シナリオ名: ログイン]
[ADMIN] 15:16:46.105245 シナリオ走行を開始しました [シナリオ名: ログイン]
[ADMIN] 15:16:46.106706 シナリオ走行を終了しました [シナリオ名: Banユーザログイン]
[ADMIN] 15:16:46.106724 シナリオ走行を開始しました [シナリオ名: Banユーザログイン]
[ADMIN] 15:16:46.141715 シナリオ走行を終了しました [シナリオ名: 新規ユーザー登録]
[ADMIN] 15:16:46.141744 シナリオ走行を開始しました [シナリオ名: 新規ユーザー登録]
[ADMIN] 15:16:46.609508 シナリオ走行を終了しました [シナリオ名: Banユーザログイン]
[ADMIN] 15:16:46.609539 シナリオ走行を開始しました [シナリオ名: Banユーザログイン]
[ADMIN] 15:16:46.735822 シナリオ走行を終了しました [シナリオ名: ログイン]
[ADMIN] 15:16:46.735835 シナリオ走行を開始しました [シナリオ名: ログイン]
[ADMIN] 15:16:46.979076 シナリオ走行を終了しました [シナリオ名: ログイン]
[ADMIN] 15:16:46.979093 シナリオ走行を開始しました [シナリオ名: ログイン]
[ADMIN] 15:16:47.112042 シナリオ走行を終了しました [シナリオ名: Banユーザログイン]
[ADMIN] 15:16:47.112066 シナリオ走行を開始しました [シナリオ名: Banユーザログイン]
[ADMIN] 15:16:47.174147 シナリオ走行を終了しました [シナリオ名: 新規ユーザー登録]
[ADMIN] 15:16:47.174174 シナリオ走行を開始しました [シナリオ名: 新規ユーザー登録]
[ADMIN] 15:16:47.570979 シナリオ走行を終了しました [シナリオ名: ログイン]
[ADMIN] 15:16:47.570993 シナリオ走行を開始しました [シナリオ名: ログイン]
[ADMIN] 15:16:47.614297 シナリオ走行を終了しました [シナリオ名: Banユーザログイン]
[ADMIN] 15:16:47.614322 シナリオ走行を開始しました [シナリオ名: Banユーザログイン]
[ADMIN] 15:16:47.842843 シナリオ走行を終了しました [シナリオ名: ログイン]
[ADMIN] 15:16:47.842861 シナリオ走行を開始しました [シナリオ名: ログイン]
[ADMIN] 15:16:48.085139 シナリオ走行を終了しました [シナリオ名: ログイン]
[ADMIN] 15:16:48.085162 シナリオ走行を開始しました [シナリオ名: ログイン]
[ADMIN] 15:16:48.117678 シナリオ走行を終了しました [シナリオ名: Banユーザログイン]
[ADMIN] 15:16:48.117696 シナリオ走行を開始しました [シナリオ名: Banユーザログイン]
[ADMIN] 15:16:48.139433 シナリオ走行を終了しました [シナリオ名: 新規ユーザー登録]
[ADMIN] 15:16:48.139463 シナリオ走行を開始しました [シナリオ名: 新規ユーザー登録]
[ADMIN] 15:16:48.393682 シナリオ走行を終了しました [シナリオ名: ログイン]
[ADMIN] 15:16:48.393698 シナリオ走行を開始しました [シナリオ名: ログイン]
[ADMIN] 15:16:48.620401 シナリオ走行を終了しました [シナリオ名: Banユーザログイン]
[ADMIN] 15:16:48.620429 シナリオ走行を開始しました [シナリオ名: Banユーザログイン]
[ADMIN] 15:16:48.994687 シナリオ走行を終了しました [シナリオ名: ログイン]
[ADMIN] 15:16:48.994703 シナリオ走行を開始しました [シナリオ名: ログイン]
[ADMIN] 15:16:49.123924 シナリオ走行を終了しました [シナリオ名: Banユーザログイン]
[ADMIN] 15:16:49.123947 シナリオ走行を開始しました [シナリオ名: Banユーザログイン]
[ADMIN] 15:16:49.176091 シナリオ走行を終了しました [シナリオ名: 新規ユーザー登録]
[ADMIN] 15:16:49.176119 シナリオ走行を開始しました [シナリオ名: 新規ユーザー登録]
[ADMIN] 15:16:49.212041 シナリオ走行を終了しました [シナリオ名: ログイン]
[ADMIN] 15:16:49.212057 シナリオ走行を開始しました [シナリオ名: ログイン]
[ADMIN] 15:16:49.410597 シナリオ走行を終了しました [シナリオ名: ログイン]
[ADMIN] 15:16:49.410614 シナリオ走行を開始しました [シナリオ名: ログイン]
[ADMIN] 15:16:49.626323 シナリオ走行を終了しました [シナリオ名: Banユーザログイン]
[ADMIN] 15:16:49.626349 シナリオ走行を開始しました [シナリオ名: Banユーザログイン]
[ADMIN] 15:16:49.988200 シナリオ走行を終了しました [シナリオ名: ログイン]
[ADMIN] 15:16:49.988218 シナリオ走行を開始しました [シナリオ名: ログイン]
[ADMIN] 15:16:50.129474 シナリオ走行を終了しました [シナリオ名: Banユーザログイン]
[ADMIN] 15:16:50.129495 シナリオ走行を開始しました [シナリオ名: Banユーザログイン]
[ADMIN] 15:16:50.167971 シナリオ走行を終了しました [シナリオ名: 新規ユーザー登録]
[ADMIN] 15:16:50.167997 シナリオ走行を開始しました [シナリオ名: 新規ユーザー登録]
[ADMIN] 15:16:50.252523 シナリオ走行を終了しました [シナリオ名: ログイン]
[ADMIN] 15:16:50.252537 シナリオ走行を開始しました [シナリオ名: ログイン]
[ADMIN] 15:16:50.521802 シナリオ走行を終了しました [シナリオ名: ログイン]
[ADMIN] 15:16:50.521822 シナリオ走行を開始しました [シナリオ名: ログイン]
[ADMIN] 15:16:50.632110 シナリオ走行を終了しました [シナリオ名: Banユーザログイン]
[ADMIN] 15:16:50.632129 シナリオ走行を開始しました [シナリオ名: Banユーザログイン]
[ADMIN] 15:16:50.839000 シナリオ走行を終了しました [シナリオ名: ログイン]
[ADMIN] 15:16:50.839016 シナリオ走行を開始しました [シナリオ名: ログイン]
[ADMIN] 15:16:51.067379 シナリオ走行を終了しました [シナリオ名: ログイン]
[ADMIN] 15:16:51.067397 シナリオ走行を開始しました [シナリオ名: ログイン]
15:16:51.077928 現在のログイン成功数: [total: 29 (+29人)]
15:16:51.077938 現在のユーザー登録成功数: [total: 10 (+10人)]
[ADMIN] 15:16:51.136299 シナリオ走行を終了しました [シナリオ名: Banユーザログイン]
[ADMIN] 15:16:51.136324 シナリオ走行を開始しました [シナリオ名: Banユーザログイン]
[ADMIN] 15:16:51.162459 シナリオ走行を終了しました [シナリオ名: 新規ユーザー登録]
[ADMIN] 15:16:51.162488 シナリオ走行を開始しました [シナリオ名: 新規ユーザー登録]
[ADMIN] 15:16:51.638727 シナリオ走行を終了しました [シナリオ名: Banユーザログイン]
[ADMIN] 15:16:51.638753 シナリオ走行を開始しました [シナリオ名: Banユーザログイン]
[ADMIN] 15:16:51.668488 シナリオ走行を終了しました [シナリオ名: ログイン]
[ADMIN] 15:16:51.668501 シナリオ走行を開始しました [シナリオ名: ログイン]
[ADMIN] 15:16:51.904776 シナリオ走行を終了しました [シナリオ名: ログイン]
[ADMIN] 15:16:51.904808 シナリオ走行を開始しました [シナリオ名: ログイン]
[ADMIN] 15:16:51.904846 シナリオ走行を開始しました [シナリオ名: ログイン]
[ADMIN] 15:16:51.904888 シナリオ走行を開始しました [シナリオ名: ログイン]
[ADMIN] 15:16:51.904888 シナリオ走行を開始しました [シナリオ名: ログイン]
[ADMIN] 15:16:51.948145 シナリオ走行を終了しました [シナリオ名: ログイン]
[ADMIN] 15:16:51.948161 シナリオ走行を開始しました [シナリオ名: ログイン]
[ADMIN] 15:16:52.142878 シナリオ走行を終了しました [シナリオ名: Banユーザログイン]
[ADMIN] 15:16:52.142908 シナリオ走行を開始しました [シナリオ名: Banユーザログイン]
[ADMIN] 15:16:52.357005 シナリオ走行を終了しました [シナリオ名: ログイン]
[ADMIN] 15:16:52.357024 シナリオ走行を開始しました [シナリオ名: ログイン]
[ADMIN] 15:16:52.408545 シナリオ走行を終了しました [シナリオ名: ログイン]
[ADMIN] 15:16:52.408564 シナリオ走行を開始しました [シナリオ名: ログイン]
[ADMIN] 15:16:52.465872 シナリオ走行を終了しました [シナリオ名: ログイン]
[ADMIN] 15:16:52.465890 シナリオ走行を開始しました [シナリオ名: ログイン]
[ADMIN] 15:16:52.490841 シナリオ走行を終了しました [シナリオ名: 新規ユーザー登録]
[ADMIN] 15:16:52.490869 シナリオ走行を開始しました [シナリオ名: 新規ユーザー登録]
[ADMIN] 15:16:52.645182 シナリオ走行を終了しました [シナリオ名: Banユーザログイン]
[ADMIN] 15:16:52.645212 シナリオ走行を開始しました [シナリオ名: Banユーザログイン]
[ADMIN] 15:16:52.925692 シナリオ走行を終了しました [シナリオ名: ログイン]
[ADMIN] 15:16:52.925708 シナリオ走行を開始しました [シナリオ名: ログイン]
[ADMIN] 15:16:53.152781 シナリオ走行を終了しました [シナリオ名: Banユーザログイン]
[ADMIN] 15:16:53.152808 シナリオ走行を開始しました [シナリオ名: Banユーザログイン]
[ADMIN] 15:16:53.272672 シナリオ走行を終了しました [シナリオ名: ログイン]
[ADMIN] 15:16:53.272688 シナリオ走行を開始しました [シナリオ名: ログイン]
[ADMIN] 15:16:53.655515 シナリオ走行を終了しました [シナリオ名: Banユーザログイン]
[ADMIN] 15:16:53.655540 シナリオ走行を開始しました [シナリオ名: Banユーザログイン]
[ADMIN] 15:16:53.783535 シナリオ走行を終了しました [シナリオ名: ログイン]
[ADMIN] 15:16:53.783550 シナリオ走行を開始しました [シナリオ名: ログイン]
[ADMIN] 15:16:53.817321 シナリオ走行を終了しました [シナリオ名: ログイン]
[ADMIN] 15:16:53.817337 シナリオ走行を開始しました [シナリオ名: ログイン]
[ADMIN] 15:16:53.853213 シナリオ走行を終了しました [シナリオ名: ログイン]
[ADMIN] 15:16:53.853231 シナリオ走行を開始しました [シナリオ名: ログイン]
[ADMIN] 15:16:54.158294 シナリオ走行を終了しました [シナリオ名: Banユーザログイン]
[ADMIN] 15:16:54.158324 シナリオ走行を開始しました [シナリオ名: Banユーザログイン]
[ADMIN] 15:16:54.313175 シナリオ走行を終了しました [シナリオ名: ログイン]
[ADMIN] 15:16:54.313190 シナリオ走行を開始しました [シナリオ名: ログイン]
[ADMIN] 15:16:54.341274 シナリオ走行を終了しました [シナリオ名: ログイン]
[ADMIN] 15:16:54.341290 シナリオ走行を開始しました [シナリオ名: ログイン]
[ADMIN] 15:16:54.367575 シナリオ走行を終了しました [シナリオ名: ログイン]
[ADMIN] 15:16:54.367590 シナリオ走行を開始しました [シナリオ名: ログイン]
[ADMIN] 15:16:54.661287 シナリオ走行を終了しました [シナリオ名: Banユーザログイン]
[ADMIN] 15:16:54.661308 シナリオ走行を開始しました [シナリオ名: Banユーザログイン]
[ADMIN] 15:16:54.827010 シナリオ走行を終了しました [シナリオ名: ログイン]
[ADMIN] 15:16:54.827029 シナリオ走行を開始しました [シナリオ名: ログイン]
[ADMIN] 15:16:54.895316 シナリオ走行を終了しました [シナリオ名: ログイン]
[ADMIN] 15:16:54.895329 シナリオ走行を開始しました [シナリオ名: ログイン]
[ADMIN] 15:16:55.057311 シナリオ走行を終了しました [シナリオ名: 新規ユーザー登録]
[ADMIN] 15:16:55.057376 シナリオ走行を開始しました [シナリオ名: 新規ユーザー登録]
[ADMIN] 15:16:55.057430 シナリオ走行を開始しました [シナリオ名: 新規ユーザー登録]
[ADMIN] 15:16:55.062964 シナリオ走行を終了しました [シナリオ名: ログイン]
[ADMIN] 15:16:55.062979 シナリオ走行を開始しました [シナリオ名: ログイン]
[ADMIN] 15:16:55.163752 シナリオ走行を終了しました [シナリオ名: Banユーザログイン]
[ADMIN] 15:16:55.163787 シナリオ走行を開始しました [シナリオ名: Banユーザログイン]
[ADMIN] 15:16:55.556678 シナリオ走行を終了しました [シナリオ名: ログイン]
[ADMIN] 15:16:55.556693 シナリオ走行を開始しました [シナリオ名: ログイン]
[ADMIN] 15:16:55.666595 シナリオ走行を終了しました [シナリオ名: Banユーザログイン]
[ADMIN] 15:16:55.666648 シナリオ走行を開始しました [シナリオ名: Banユーザログイン]
[ADMIN] 15:16:55.695902 シナリオ走行を終了しました [シナリオ名: ログイン]
[ADMIN] 15:16:55.695917 シナリオ走行を開始しました [シナリオ名: ログイン]
[ADMIN] 15:16:55.778329 シナリオ走行を終了しました [シナリオ名: ログイン]
[ADMIN] 15:16:55.778343 シナリオ走行を開始しました [シナリオ名: ログイン]
[ADMIN] 15:16:56.005912 シナリオ走行を終了しました [シナリオ名: ログイン]
[ADMIN] 15:16:56.005926 シナリオ走行を開始しました [シナリオ名: ログイン]
[ADMIN] 15:16:56.169564 シナリオ走行を終了しました [シナリオ名: Banユーザログイン]
[ADMIN] 15:16:56.169594 シナリオ走行を開始しました [シナリオ名: Banユーザログイン]
[ADMIN] 15:16:56.384386 シナリオ走行を終了しました [シナリオ名: ログイン]
[ADMIN] 15:16:56.384401 シナリオ走行を開始しました [シナリオ名: ログイン]
[ADMIN] 15:16:56.395953 シナリオ走行を終了しました [シナリオ名: ログイン]
[ADMIN] 15:16:56.395967 シナリオ走行を開始しました [シナリオ名: ログイン]
[ADMIN] 15:16:56.450467 シナリオ走行を終了しました [シナリオ名: ログイン]
[ADMIN] 15:16:56.450481 シナリオ走行を開始しました [シナリオ名: ログイン]
[ADMIN] 15:16:56.587214 シナリオ走行を終了しました [シナリオ名: ログイン]
[ADMIN] 15:16:56.587231 シナリオ走行を開始しました [シナリオ名: ログイン]
[ADMIN] 15:16:56.673043 シナリオ走行を終了しました [シナリオ名: Banユーザログイン]
[ADMIN] 15:16:56.673061 シナリオ走行を開始しました [シナリオ名: Banユーザログイン]
[ADMIN] 15:16:56.988281 シナリオ走行を終了しました [シナリオ名: ログイン]
[ADMIN] 15:16:56.988295 シナリオ走行を開始しました [シナリオ名: ログイン]
[ADMIN] 15:16:57.058146 シナリオ走行を終了しました [シナリオ名: ログイン]
[ADMIN] 15:16:57.058161 シナリオ走行を開始しました [シナリオ名: ログイン]
[ADMIN] 15:16:57.181088 シナリオ走行を終了しました [シナリオ名: Banユーザログイン]
[ADMIN] 15:16:57.181116 シナリオ走行を開始しました [シナリオ名: Banユーザログイン]
[ADMIN] 15:16:57.196014 シナリオ走行を終了しました [シナリオ名: ログイン]
[ADMIN] 15:16:57.196029 シナリオ走行を開始しました [シナリオ名: ログイン]
[ADMIN] 15:16:57.683642 シナリオ走行を終了しました [シナリオ名: Banユーザログイン]
[ADMIN] 15:16:57.683669 シナリオ走行を開始しました [シナリオ名: Banユーザログイン]
[ADMIN] 15:16:57.830169 シナリオ走行を終了しました [シナリオ名: ログイン]
[ADMIN] 15:16:57.830184 シナリオ走行を開始しました [シナリオ名: ログイン]
[ADMIN] 15:16:58.043444 シナリオ走行を終了しました [シナリオ名: 新規ユーザー登録]
[ADMIN] 15:16:58.043474 シナリオ走行を開始しました [シナリオ名: 新規ユーザー登録]
[ADMIN] 15:16:58.093164 シナリオ走行を終了しました [シナリオ名: 新規ユーザー登録]
[ADMIN] 15:16:58.093194 シナリオ走行を開始しました [シナリオ名: 新規ユーザー登録]
[ADMIN] 15:16:58.161036 シナリオ走行を終了しました [シナリオ名: ログイン]
[ADMIN] 15:16:58.161053 シナリオ走行を開始しました [シナリオ名: ログイン]
[ADMIN] 15:16:58.190363 シナリオ走行を終了しました [シナリオ名: Banユーザログイン]
[ADMIN] 15:16:58.190386 シナリオ走行を開始しました [シナリオ名: Banユーザログイン]
[ADMIN] 15:16:58.510776 シナリオ走行を終了しました [シナリオ名: ログイン]
[ADMIN] 15:16:58.510791 シナリオ走行を開始しました [シナリオ名: ログイン]
[ADMIN] 15:16:58.673668 シナリオ走行を終了しました [シナリオ名: ログイン]
[ADMIN] 15:16:58.673685 シナリオ走行を開始しました [シナリオ名: ログイン]
[ADMIN] 15:16:58.694202 シナリオ走行を終了しました [シナリオ名: Banユーザログイン]
[ADMIN] 15:16:58.694221 シナリオ走行を開始しました [シナリオ名: Banユーザログイン]
[ADMIN] 15:16:58.904373 シナリオ走行を終了しました [シナリオ名: ログイン]
[ADMIN] 15:16:58.904388 シナリオ走行を開始しました [シナリオ名: ログイン]
[ADMIN] 15:16:59.202096 シナリオ走行を終了しました [シナリオ名: Banユーザログイン]
[ADMIN] 15:16:59.202122 シナリオ走行を開始しました [シナリオ名: Banユーザログイン]
[ADMIN] 15:16:59.381136 シナリオ走行を終了しました [シナリオ名: ログイン]
[ADMIN] 15:16:59.381151 シナリオ走行を開始しました [シナリオ名: ログイン]
[ADMIN] 15:16:59.705304 シナリオ走行を終了しました [シナリオ名: Banユーザログイン]
[ADMIN] 15:16:59.705332 シナリオ走行を開始しました [シナリオ名: Banユーザログイン]
[ADMIN] 15:16:59.869467 シナリオ走行を終了しました [シナリオ名: ログイン]
[ADMIN] 15:16:59.869483 シナリオ走行を開始しました [シナリオ名: ログイン]
[ADMIN] 15:17:00.208187 シナリオ走行を終了しました [シナリオ名: Banユーザログイン]
[ADMIN] 15:17:00.208210 シナリオ走行を開始しました [シナリオ名: Banユーザログイン]
[ADMIN] 15:17:00.275094 シナリオ走行を終了しました [シナリオ名: ログイン]
[ADMIN] 15:17:00.275108 シナリオ走行を開始しました [シナリオ名: ログイン]
[ADMIN] 15:17:00.506708 シナリオ走行を終了しました [シナリオ名: ログイン]
[ADMIN] 15:17:00.506725 シナリオ走行を開始しました [シナリオ名: ログイン]
[ADMIN] 15:17:00.626507 シナリオ走行を終了しました [シナリオ名: ログイン]
[ADMIN] 15:17:00.626523 シナリオ走行を開始しました [シナリオ名: ログイン]
[ADMIN] 15:17:00.710541 シナリオ走行を終了しました [シナリオ名: Banユーザログイン]
[ADMIN] 15:17:00.710561 シナリオ走行を開始しました [シナリオ名: Banユーザログイン]
15:17:01.078250 現在のログイン成功数: [total: 97 (+68人)]
15:17:01.078256 現在のユーザー登録成功数: [total: 26 (+16人)]
[ADMIN] 15:17:01.078235 シナリオ走行を開始しました [シナリオ名: マスター更新]
[ADMIN] 15:17:01.175663 シナリオ走行を終了しました [シナリオ名: ログイン]
[ADMIN] 15:17:01.175681 シナリオ走行を開始しました [シナリオ名: ログイン]
[ADMIN] 15:17:01.199970 シナリオ走行を終了しました [シナリオ名: 新規ユーザー登録]
[ADMIN] 15:17:01.199993 シナリオ走行を開始しました [シナリオ名: 新規ユーザー登録]
15:17:01.204497 マスターデータの更新が完了しました。次のマスターバージョンは「2」です。
[ADMIN] 15:17:01.212563 シナリオ走行を終了しました [シナリオ名: マスター更新]
[ADMIN] 15:17:01.214696 シナリオ走行を終了しました [シナリオ名: Banユーザログイン]
[ADMIN] 15:17:01.214713 シナリオ走行を開始しました [シナリオ名: Banユーザログイン]
[ADMIN] 15:17:01.229672 シナリオ走行を終了しました [シナリオ名: ログイン]
[ADMIN] 15:17:01.229691 シナリオ走行を開始しました [シナリオ名: ログイン]
[ADMIN] 15:17:01.229740 シナリオ走行を開始しました [シナリオ名: ログイン]
[ADMIN] 15:17:01.229780 シナリオ走行を開始しました [シナリオ名: ログイン]
[ADMIN] 15:17:01.229795 シナリオ走行を開始しました [シナリオ名: ログイン]
[ADMIN] 15:17:01.229834 シナリオ走行を開始しました [シナリオ名: ログイン]
[ADMIN] 15:17:01.229872 シナリオ走行を開始しました [シナリオ名: ログイン]
[ADMIN] 15:17:01.229906 シナリオ走行を開始しました [シナリオ名: ログイン]
[ADMIN] 15:17:01.239556 シナリオ走行を終了しました [シナリオ名: 新規ユーザー登録]
[ADMIN] 15:17:01.239578 シナリオ走行を開始しました [シナリオ名: 新規ユーザー登録]
[ADMIN] 15:17:01.278762 シナリオ走行を終了しました [シナリオ名: ログイン]
[ADMIN] 15:17:01.717269 シナリオ走行を終了しました [シナリオ名: Banユーザログイン]
[ADMIN] 15:17:01.717295 シナリオ走行を開始しました [シナリオ名: Banユーザログイン]
[ADMIN] 15:17:02.220119 シナリオ走行を終了しました [シナリオ名: Banユーザログイン]
[ADMIN] 15:17:02.220150 シナリオ走行を開始しました [シナリオ名: Banユーザログイン]
[ADMIN] 15:17:02.384721 シナリオ走行を終了しました [シナリオ名: ログイン]
[ADMIN] 15:17:02.384736 シナリオ走行を開始しました [シナリオ名: ログイン]
[ADMIN] 15:17:02.384797 シナリオ走行を開始しました [シナリオ名: ログイン]
[ADMIN] 15:17:02.397953 シナリオ走行を終了しました [シナリオ名: ログイン]
[ADMIN] 15:17:02.397970 シナリオ走行を開始しました [シナリオ名: ログイン]
[ADMIN] 15:17:02.447705 シナリオ走行を終了しました [シナリオ名: ログイン]
[ADMIN] 15:17:02.447719 シナリオ走行を開始しました [シナリオ名: ログイン]
[ADMIN] 15:17:02.491917 シナリオ走行を終了しました [シナリオ名: ログイン]
[ADMIN] 15:17:02.516513 シナリオ走行を終了しました [シナリオ名: ログイン]
[ADMIN] 15:17:02.516528 シナリオ走行を開始しました [シナリオ名: ログイン]
[ADMIN] 15:17:02.516583 シナリオ走行を開始しました [シナリオ名: ログイン]
[ADMIN] 15:17:02.723285 シナリオ走行を終了しました [シナリオ名: Banユーザログイン]
[ADMIN] 15:17:02.723307 シナリオ走行を開始しました [シナリオ名: Banユーザログイン]
[ADMIN] 15:17:02.730149 シナリオ走行を終了しました [シナリオ名: ログイン]
[ADMIN] 15:17:03.227053 シナリオ走行を終了しました [シナリオ名: Banユーザログイン]
[ADMIN] 15:17:03.227078 シナリオ走行を開始しました [シナリオ名: Banユーザログイン]
[ADMIN] 15:17:03.657055 シナリオ走行を終了しました [シナリオ名: ログイン]
[ADMIN] 15:17:03.657073 シナリオ走行を開始しました [シナリオ名: ログイン]
[ADMIN] 15:17:03.657129 シナリオ走行を開始しました [シナリオ名: ログイン]
[ADMIN] 15:17:03.731604 シナリオ走行を終了しました [シナリオ名: Banユーザログイン]
[ADMIN] 15:17:03.731631 シナリオ走行を開始しました [シナリオ名: Banユーザログイン]
[ADMIN] 15:17:03.973065 シナリオ走行を終了しました [シナリオ名: ログイン]
[ADMIN] 15:17:03.973079 シナリオ走行を開始しました [シナリオ名: ログイン]
[ADMIN] 15:17:03.985495 シナリオ走行を終了しました [シナリオ名: ログイン]
[ADMIN] 15:17:03.985508 シナリオ走行を開始しました [シナリオ名: ログイン]
[ADMIN] 15:17:04.123418 シナリオ走行を終了しました [シナリオ名: ログイン]
[ADMIN] 15:17:04.123437 シナリオ走行を開始しました [シナリオ名: ログイン]
[ADMIN] 15:17:04.241055 シナリオ走行を終了しました [シナリオ名: Banユーザログイン]
[ADMIN] 15:17:04.241081 シナリオ走行を開始しました [シナリオ名: Banユーザログイン]
[ADMIN] 15:17:04.744575 シナリオ走行を終了しました [シナリオ名: Banユーザログイン]
[ADMIN] 15:17:04.744600 シナリオ走行を開始しました [シナリオ名: Banユーザログイン]
[ADMIN] 15:17:04.844926 シナリオ走行を終了しました [シナリオ名: ログイン]
[ADMIN] 15:17:04.844941 シナリオ走行を開始しました [シナリオ名: ログイン]
[ADMIN] 15:17:05.247391 シナリオ走行を終了しました [シナリオ名: ログイン]
[ADMIN] 15:17:05.247406 シナリオ走行を開始しました [シナリオ名: ログイン]
[ADMIN] 15:17:05.247858 シナリオ走行を終了しました [シナリオ名: Banユーザログイン]
[ADMIN] 15:17:05.247869 シナリオ走行を開始しました [シナリオ名: Banユーザログイン]
[ADMIN] 15:17:05.464884 シナリオ走行を終了しました [シナリオ名: ログイン]
[ADMIN] 15:17:05.464898 シナリオ走行を開始しました [シナリオ名: ログイン]
[ADMIN] 15:17:05.618453 シナリオ走行を終了しました [シナリオ名: ログイン]
[ADMIN] 15:17:05.618468 シナリオ走行を開始しました [シナリオ名: ログイン]
[ADMIN] 15:17:05.751655 シナリオ走行を終了しました [シナリオ名: Banユーザログイン]
[ADMIN] 15:17:05.751676 シナリオ走行を開始しました [シナリオ名: Banユーザログイン]
[ADMIN] 15:17:05.788544 シナリオ走行を終了しました [シナリオ名: ログイン]
[ADMIN] 15:17:05.788559 シナリオ走行を開始しました [シナリオ名: ログイン]
[ADMIN] 15:17:05.943040 シナリオ走行を終了しました [シナリオ名: ログイン]
[ADMIN] 15:17:05.943056 シナリオ走行を開始しました [シナリオ名: ログイン]
[ADMIN] 15:17:06.105267 シナリオ走行を終了しました [シナリオ名: ログイン]
[ADMIN] 15:17:06.105283 シナリオ走行を開始しました [シナリオ名: ログイン]
[ADMIN] 15:17:06.257761 シナリオ走行を終了しました [シナリオ名: Banユーザログイン]
[ADMIN] 15:17:06.257785 シナリオ走行を開始しました [シナリオ名: Banユーザログイン]
[ADMIN] 15:17:06.277154 シナリオ走行を終了しました [シナリオ名: ログイン]
[ADMIN] 15:17:06.277167 シナリオ走行を開始しました [シナリオ名: ログイン]
[ADMIN] 15:17:06.748741 シナリオ走行を終了しました [シナリオ名: ログイン]
[ADMIN] 15:17:06.748758 シナリオ走行を開始しました [シナリオ名: ログイン]
[ADMIN] 15:17:06.761659 シナリオ走行を終了しました [シナリオ名: Banユーザログイン]
[ADMIN] 15:17:06.761685 シナリオ走行を開始しました [シナリオ名: Banユーザログイン]
[ADMIN] 15:17:06.917193 シナリオ走行を終了しました [シナリオ名: ログイン]
[ADMIN] 15:17:06.917206 シナリオ走行を開始しました [シナリオ名: ログイン]
[ADMIN] 15:17:06.937401 シナリオ走行を終了しました [シナリオ名: ログイン]
[ADMIN] 15:17:06.937418 シナリオ走行を開始しました [シナリオ名: ログイン]
[ADMIN] 15:17:07.266072 シナリオ走行を終了しました [シナリオ名: Banユーザログイン]
[ADMIN] 15:17:07.266091 シナリオ走行を開始しました [シナリオ名: Banユーザログイン]
[ADMIN] 15:17:07.428952 シナリオ走行を終了しました [シナリオ名: ログイン]
[ADMIN] 15:17:07.428968 シナリオ走行を開始しました [シナリオ名: ログイン]
[ADMIN] 15:17:07.549219 シナリオ走行を終了しました [シナリオ名: ログイン]
[ADMIN] 15:17:07.549235 シナリオ走行を開始しました [シナリオ名: ログイン]
[ADMIN] 15:17:07.768736 シナリオ走行を終了しました [シナリオ名: Banユーザログイン]
[ADMIN] 15:17:07.768761 シナリオ走行を開始しました [シナリオ名: Banユーザログイン]
[ADMIN] 15:17:07.879611 シナリオ走行を終了しました [シナリオ名: ログイン]
[ADMIN] 15:17:07.879628 シナリオ走行を開始しました [シナリオ名: ログイン]
[ADMIN] 15:17:08.271235 シナリオ走行を終了しました [シナリオ名: Banユーザログイン]
[ADMIN] 15:17:08.271261 シナリオ走行を開始しました [シナリオ名: Banユーザログイン]
[ADMIN] 15:17:08.287888 シナリオ走行を終了しました [シナリオ名: ログイン]
[ADMIN] 15:17:08.287904 シナリオ走行を開始しました [シナリオ名: ログイン]
[ADMIN] 15:17:08.386139 シナリオ走行を終了しました [シナリオ名: ログイン]
[ADMIN] 15:17:08.386153 シナリオ走行を開始しました [シナリオ名: ログイン]
[ADMIN] 15:17:08.540540 シナリオ走行を終了しました [シナリオ名: ログイン]
[ADMIN] 15:17:08.540567 シナリオ走行を開始しました [シナリオ名: ログイン]
[ADMIN] 15:17:08.686594 シナリオ走行を終了しました [シナリオ名: 新規ユーザー登録]
[ADMIN] 15:17:08.686647 シナリオ走行を開始しました [シナリオ名: 新規ユーザー登録]
[ADMIN] 15:17:08.686656 シナリオ走行を開始しました [シナリオ名: 新規ユーザー登録]
[ADMIN] 15:17:08.774306 シナリオ走行を終了しました [シナリオ名: Banユーザログイン]
[ADMIN] 15:17:08.774341 シナリオ走行を開始しました [シナリオ名: Banユーザログイン]
[ADMIN] 15:17:09.046005 シナリオ走行を終了しました [シナリオ名: ログイン]
[ADMIN] 15:17:09.046022 シナリオ走行を開始しました [シナリオ名: ログイン]
[ADMIN] 15:17:09.178587 シナリオ走行を終了しました [シナリオ名: ログイン]
[ADMIN] 15:17:09.178602 シナリオ走行を開始しました [シナリオ名: ログイン]
[ADMIN] 15:17:09.278573 シナリオ走行を終了しました [シナリオ名: Banユーザログイン]
[ADMIN] 15:17:09.278600 シナリオ走行を開始しました [シナリオ名: Banユーザログイン]
[ADMIN] 15:17:09.783303 シナリオ走行を終了しました [シナリオ名: Banユーザログイン]
[ADMIN] 15:17:09.783327 シナリオ走行を開始しました [シナリオ名: Banユーザログイン]
[ADMIN] 15:17:09.964990 シナリオ走行を終了しました [シナリオ名: ログイン]
[ADMIN] 15:17:09.965006 シナリオ走行を開始しました [シナリオ名: ログイン]
[ADMIN] 15:17:10.286946 シナリオ走行を終了しました [シナリオ名: Banユーザログイン]
[ADMIN] 15:17:10.286961 シナリオ走行を開始しました [シナリオ名: Banユーザログイン]
[ADMIN] 15:17:10.423087 シナリオ走行を終了しました [シナリオ名: ログイン]
[ADMIN] 15:17:10.423105 シナリオ走行を開始しました [シナリオ名: ログイン]
[ADMIN] 15:17:10.452486 シナリオ走行を終了しました [シナリオ名: ログイン]
[ADMIN] 15:17:10.452505 シナリオ走行を開始しました [シナリオ名: ログイン]
[ADMIN] 15:17:10.549417 シナリオ走行を終了しました [シナリオ名: ログイン]
[ADMIN] 15:17:10.549431 シナリオ走行を開始しました [シナリオ名: ログイン]
[ADMIN] 15:17:10.599624 シナリオ走行を終了しました [シナリオ名: ログイン]
[ADMIN] 15:17:10.599638 シナリオ走行を開始しました [シナリオ名: ログイン]
[ADMIN] 15:17:10.646362 シナリオ走行を終了しました [シナリオ名: ログイン]
[ADMIN] 15:17:10.646373 シナリオ走行を開始しました [シナリオ名: ログイン]
[ADMIN] 15:17:10.686484 シナリオ走行を終了しました [シナリオ名: ログイン]
[ADMIN] 15:17:10.686500 シナリオ走行を開始しました [シナリオ名: ログイン]
[ADMIN] 15:17:10.789549 シナリオ走行を終了しました [シナリオ名: Banユーザログイン]
[ADMIN] 15:17:10.789569 シナリオ走行を開始しました [シナリオ名: Banユーザログイン]
15:17:11.077658 現在のログイン成功数: [total: 210 (+113人)]
15:17:11.077671 現在のユーザー登録成功数: [total: 44 (+18人)]
[ADMIN] 15:17:11.293422 シナリオ走行を終了しました [シナリオ名: Banユーザログイン]
[ADMIN] 15:17:11.293445 シナリオ走行を開始しました [シナリオ名: Banユーザログイン]
[ADMIN] 15:17:11.796441 シナリオ走行を終了しました [シナリオ名: Banユーザログイン]
[ADMIN] 15:17:11.796465 シナリオ走行を開始しました [シナリオ名: Banユーザログイン]
[ADMIN] 15:17:12.300615 シナリオ走行を終了しました [シナリオ名: Banユーザログイン]
[ADMIN] 15:17:12.300647 シナリオ走行を開始しました [シナリオ名: Banユーザログイン]
[ADMIN] 15:17:12.807835 シナリオ走行を終了しました [シナリオ名: Banユーザログイン]
[ADMIN] 15:17:12.807865 シナリオ走行を開始しました [シナリオ名: Banユーザログイン]
[ADMIN] 15:17:13.310445 シナリオ走行を終了しました [シナリオ名: Banユーザログイン]
[ADMIN] 15:17:13.310474 シナリオ走行を開始しました [シナリオ名: Banユーザログイン]
[ADMIN] 15:17:13.816879 シナリオ走行を終了しました [シナリオ名: Banユーザログイン]
[ADMIN] 15:17:13.816918 シナリオ走行を開始しました [シナリオ名: Banユーザログイン]
[ADMIN] 15:17:14.321413 シナリオ走行を終了しました [シナリオ名: Banユーザログイン]
[ADMIN] 15:17:14.321442 シナリオ走行を開始しました [シナリオ名: Banユーザログイン]
[ADMIN] 15:17:14.824616 シナリオ走行を終了しました [シナリオ名: Banユーザログイン]
[ADMIN] 15:17:14.824642 シナリオ走行を開始しました [シナリオ名: Banユーザログイン]
[ADMIN] 15:17:15.329550 シナリオ走行を終了しました [シナリオ名: Banユーザログイン]
[ADMIN] 15:17:15.329574 シナリオ走行を開始しました [シナリオ名: Banユーザログイン]
[ADMIN] 15:17:15.850159 シナリオ走行を終了しました [シナリオ名: Banユーザログイン]
[ADMIN] 15:17:15.850179 シナリオ走行を開始しました [シナリオ名: Banユーザログイン]
[ADMIN] 15:17:16.352863 シナリオ走行を終了しました [シナリオ名: Banユーザログイン]
[ADMIN] 15:17:16.352888 シナリオ走行を開始しました [シナリオ名: Banユーザログイン]
[ADMIN] 15:17:16.754970 シナリオ走行を終了しました [シナリオ名: 新規ユーザー登録]
[ADMIN] 15:17:16.863983 シナリオ走行を終了しました [シナリオ名: Banユーザログイン]
[ADMIN] 15:17:16.864017 シナリオ走行を開始しました [シナリオ名: Banユーザログイン]
[ADMIN] 15:17:17.366894 シナリオ走行を終了しました [シナリオ名: Banユーザログイン]
[ADMIN] 15:17:17.366919 シナリオ走行を開始しました [シナリオ名: Banユーザログイン]
[ADMIN] 15:17:17.869819 シナリオ走行を終了しました [シナリオ名: Banユーザログイン]
[ADMIN] 15:17:17.869844 シナリオ走行を開始しました [シナリオ名: Banユーザログイン]
[ADMIN] 15:17:18.372705 シナリオ走行を終了しました [シナリオ名: Banユーザログイン]
[ADMIN] 15:17:18.372727 シナリオ走行を開始しました [シナリオ名: Banユーザログイン]
[ADMIN] 15:17:18.687106 シナリオ走行を終了しました [シナリオ名: 新規ユーザー登録]
[ADMIN] 15:17:18.687132 シナリオ走行を開始しました [シナリオ名: 新規ユーザー登録]
[ADMIN] 15:17:18.687174 シナリオ走行を終了しました [シナリオ名: 新規ユーザー登録]
[ADMIN] 15:17:18.687188 シナリオ走行を開始しました [シナリオ名: 新規ユーザー登録]
[ADMIN] 15:17:18.687216 シナリオ走行を開始しました [シナリオ名: 新規ユーザー登録]
[ADMIN] 15:17:18.875819 シナリオ走行を終了しました [シナリオ名: Banユーザログイン]
[ADMIN] 15:17:18.875862 シナリオ走行を開始しました [シナリオ名: Banユーザログイン]
[ADMIN] 15:17:19.046775 シナリオ走行を終了しました [シナリオ名: ログイン]
[ADMIN] 15:17:19.046791 シナリオ走行を開始しました [シナリオ名: ログイン]
[ADMIN] 15:17:19.179664 シナリオ走行を終了しました [シナリオ名: ログイン]
[ADMIN] 15:17:19.179689 シナリオ走行を開始しました [シナリオ名: ログイン]
[ADMIN] 15:17:19.179697 シナリオ走行を開始しました [シナリオ名: ログイン]
[ADMIN] 15:17:19.179734 シナリオ走行を開始しました [シナリオ名: ログイン]
[ADMIN] 15:17:19.179792 シナリオ走行を開始しました [シナリオ名: ログイン]
[ADMIN] 15:17:19.179869 シナリオ走行を開始しました [シナリオ名: ログイン]
[ADMIN] 15:17:19.179885 シナリオ走行を開始しました [シナリオ名: ログイン]
[ADMIN] 15:17:19.179892 シナリオ走行を開始しました [シナリオ名: ログイン]
[ADMIN] 15:17:19.179933 シナリオ走行を開始しました [シナリオ名: ログイン]
[ADMIN] 15:17:19.179871 シナリオ走行を開始しました [シナリオ名: ログイン]
[ADMIN] 15:17:19.179887 シナリオ走行を開始しました [シナリオ名: ログイン]
[ADMIN] 15:17:19.381384 シナリオ走行を終了しました [シナリオ名: Banユーザログイン]
[ADMIN] 15:17:19.381414 シナリオ走行を開始しました [シナリオ名: Banユーザログイン]
[ADMIN] 15:17:19.886810 シナリオ走行を終了しました [シナリオ名: Banユーザログイン]
[ADMIN] 15:17:19.886837 シナリオ走行を開始しました [シナリオ名: Banユーザログイン]
[ADMIN] 15:17:20.392413 シナリオ走行を終了しました [シナリオ名: Banユーザログイン]
[ADMIN] 15:17:20.392438 シナリオ走行を開始しました [シナリオ名: Banユーザログイン]
[ADMIN] 15:17:20.895711 シナリオ走行を終了しました [シナリオ名: Banユーザログイン]
[ADMIN] 15:17:20.895741 シナリオ走行を開始しました [シナリオ名: Banユーザログイン]
[ADMIN] 15:17:21.155518 シナリオ走行を終了しました [シナリオ名: ログイン]
[ADMIN] 15:17:21.394945 シナリオ走行を終了しました [シナリオ名: ログイン]
[ADMIN] 15:17:21.398831 シナリオ走行を終了しました [シナリオ名: Banユーザログイン]
[ADMIN] 15:17:21.398845 シナリオ走行を開始しました [シナリオ名: Banユーザログイン]
[ADMIN] 15:17:21.714651 シナリオ走行を終了しました [シナリオ名: ログイン]
[ADMIN] 15:17:21.901730 シナリオ走行を終了しました [シナリオ名: Banユーザログイン]
[ADMIN] 15:17:21.901756 シナリオ走行を開始しました [シナリオ名: Banユーザログイン]
[ADMIN] 15:17:22.405361 シナリオ走行を終了しました [シナリオ名: ログイン]
[ADMIN] 15:17:22.406222 シナリオ走行を終了しました [シナリオ名: Banユーザログイン]
[ADMIN] 15:17:22.406239 シナリオ走行を開始しました [シナリオ名: Banユーザログイン]
[ADMIN] 15:17:22.909894 シナリオ走行を終了しました [シナリオ名: Banユーザログイン]
[ADMIN] 15:17:22.909916 シナリオ走行を開始しました [シナリオ名: Banユーザログイン]
[ADMIN] 15:17:23.412941 シナリオ走行を終了しました [シナリオ名: Banユーザログイン]
[ADMIN] 15:17:23.412968 シナリオ走行を開始しました [シナリオ名: Banユーザログイン]
[ADMIN] 15:17:23.502490 シナリオ走行を終了しました [シナリオ名: ログイン]
[ADMIN] 15:17:23.502504 シナリオ走行を開始しました [シナリオ名: ログイン]
[ADMIN] 15:17:23.502561 シナリオ走行を開始しました [シナリオ名: ログイン]
[ADMIN] 15:17:23.502580 シナリオ走行を開始しました [シナリオ名: ログイン]
[ADMIN] 15:17:23.502573 シナリオ走行を開始しました [シナリオ名: ログイン]
[ADMIN] 15:17:23.502576 シナリオ走行を開始しました [シナリオ名: ログイン]
[ADMIN] 15:17:23.505194 シナリオ走行を終了しました [シナリオ名: ログイン]
[ADMIN] 15:17:23.505203 シナリオ走行を開始しました [シナリオ名: ログイン]
[ADMIN] 15:17:23.505747 シナリオ走行を終了しました [シナリオ名: ログイン]
[ADMIN] 15:17:23.505757 シナリオ走行を開始しました [シナリオ名: ログイン]
[ADMIN] 15:17:23.506455 シナリオ走行を終了しました [シナリオ名: ログイン]
[ADMIN] 15:17:23.506464 シナリオ走行を開始しました [シナリオ名: ログイン]
[ADMIN] 15:17:23.507326 シナリオ走行を終了しました [シナリオ名: ログイン]
[ADMIN] 15:17:23.507336 シナリオ走行を開始しました [シナリオ名: ログイン]
[ADMIN] 15:17:23.508631 シナリオ走行を終了しました [シナリオ名: ログイン]
[ADMIN] 15:17:23.508640 シナリオ走行を開始しました [シナリオ名: ログイン]
[ADMIN] 15:17:23.509892 シナリオ走行を終了しました [シナリオ名: ログイン]
[ADMIN] 15:17:23.509903 シナリオ走行を開始しました [シナリオ名: ログイン]
[ADMIN] 15:17:23.511077 シナリオ走行を終了しました [シナリオ名: ログイン]
[ADMIN] 15:17:23.511086 シナリオ走行を開始しました [シナリオ名: ログイン]
[ADMIN] 15:17:23.512278 シナリオ走行を終了しました [シナリオ名: ログイン]
[ADMIN] 15:17:23.512285 シナリオ走行を開始しました [シナリオ名: ログイン]
[ADMIN] 15:17:23.513457 シナリオ走行を終了しました [シナリオ名: ログイン]
[ADMIN] 15:17:23.513466 シナリオ走行を開始しました [シナリオ名: ログイン]
[ADMIN] 15:17:23.515289 シナリオ走行を終了しました [シナリオ名: ログイン]
[ADMIN] 15:17:23.515299 シナリオ走行を開始しました [シナリオ名: ログイン]
[ADMIN] 15:17:23.516461 シナリオ走行を終了しました [シナリオ名: ログイン]
[ADMIN] 15:17:23.516470 シナリオ走行を開始しました [シナリオ名: ログイン]
[ADMIN] 15:17:23.517589 シナリオ走行を終了しました [シナリオ名: ログイン]
[ADMIN] 15:17:23.517597 シナリオ走行を開始しました [シナリオ名: ログイン]
[ADMIN] 15:17:23.518726 シナリオ走行を終了しました [シナリオ名: ログイン]
[ADMIN] 15:17:23.518739 シナリオ走行を開始しました [シナリオ名: ログイン]
[ADMIN] 15:17:23.519968 シナリオ走行を終了しました [シナリオ名: ログイン]
[ADMIN] 15:17:23.519976 シナリオ走行を開始しました [シナリオ名: ログイン]
[ADMIN] 15:17:23.521258 シナリオ走行を終了しました [シナリオ名: ログイン]
[ADMIN] 15:17:23.521267 シナリオ走行を開始しました [シナリオ名: ログイン]
[ADMIN] 15:17:23.521674 シナリオ走行を終了しました [シナリオ名: ログイン]
[ADMIN] 15:17:23.521681 シナリオ走行を開始しました [シナリオ名: ログイン]
[ADMIN] 15:17:23.522912 シナリオ走行を終了しました [シナリオ名: ログイン]
[ADMIN] 15:17:23.522921 シナリオ走行を開始しました [シナリオ名: ログイン]
[ADMIN] 15:17:23.524222 シナリオ走行を終了しました [シナリオ名: ログイン]
[ADMIN] 15:17:23.524231 シナリオ走行を開始しました [シナリオ名: ログイン]
[ADMIN] 15:17:23.525332 シナリオ走行を終了しました [シナリオ名: ログイン]
[ADMIN] 15:17:23.525340 シナリオ走行を開始しました [シナリオ名: ログイン]
[ADMIN] 15:17:23.526557 シナリオ走行を終了しました [シナリオ名: ログイン]
[ADMIN] 15:17:23.526566 シナリオ走行を開始しました [シナリオ名: ログイン]
[ADMIN] 15:17:23.527041 シナリオ走行を終了しました [シナリオ名: ログイン]
[ADMIN] 15:17:23.527049 シナリオ走行を開始しました [シナリオ名: ログイン]
[ADMIN] 15:17:23.528284 シナリオ走行を終了しました [シナリオ名: ログイン]
[ADMIN] 15:17:23.528292 シナリオ走行を開始しました [シナリオ名: ログイン]
[ADMIN] 15:17:23.529433 シナリオ走行を終了しました [シナリオ名: ログイン]
[ADMIN] 15:17:23.529447 シナリオ走行を開始しました [シナリオ名: ログイン]
[ADMIN] 15:17:23.530581 シナリオ走行を終了しました [シナリオ名: ログイン]
[ADMIN] 15:17:23.530589 シナリオ走行を開始しました [シナリオ名: ログイン]
[ADMIN] 15:17:23.532223 シナリオ走行を終了しました [シナリオ名: ログイン]
[ADMIN] 15:17:23.532231 シナリオ走行を開始しました [シナリオ名: ログイン]
[ADMIN] 15:17:23.533405 シナリオ走行を終了しました [シナリオ名: ログイン]
[ADMIN] 15:17:23.533413 シナリオ走行を開始しました [シナリオ名: ログイン]
[ADMIN] 15:17:23.534657 シナリオ走行を終了しました [シナリオ名: ログイン]
[ADMIN] 15:17:23.534666 シナリオ走行を開始しました [シナリオ名: ログイン]
[ADMIN] 15:17:23.535964 シナリオ走行を終了しました [シナリオ名: ログイン]
[ADMIN] 15:17:23.535973 シナリオ走行を開始しました [シナリオ名: ログイン]
[ADMIN] 15:17:23.537215 シナリオ走行を終了しました [シナリオ名: ログイン]
[ADMIN] 15:17:23.537224 シナリオ走行を開始しました [シナリオ名: ログイン]
[ADMIN] 15:17:23.537757 シナリオ走行を終了しました [シナリオ名: ログイン]
[ADMIN] 15:17:23.537767 シナリオ走行を開始しました [シナリオ名: ログイン]
[ADMIN] 15:17:23.538845 シナリオ走行を終了しました [シナリオ名: ログイン]
[ADMIN] 15:17:23.538855 シナリオ走行を開始しました [シナリオ名: ログイン]
[ADMIN] 15:17:23.540035 シナリオ走行を終了しました [シナリオ名: ログイン]
[ADMIN] 15:17:23.540044 シナリオ走行を開始しました [シナリオ名: ログイン]
[ADMIN] 15:17:23.541233 シナリオ走行を終了しました [シナリオ名: ログイン]
[ADMIN] 15:17:23.541244 シナリオ走行を開始しました [シナリオ名: ログイン]
[ADMIN] 15:17:23.542407 シナリオ走行を終了しました [シナリオ名: ログイン]
[ADMIN] 15:17:23.542415 シナリオ走行を開始しました [シナリオ名: ログイン]
[ADMIN] 15:17:23.543569 シナリオ走行を終了しました [シナリオ名: ログイン]
[ADMIN] 15:17:23.543576 シナリオ走行を開始しました [シナリオ名: ログイン]
[ADMIN] 15:17:23.545283 シナリオ走行を終了しました [シナリオ名: ログイン]
[ADMIN] 15:17:23.545291 シナリオ走行を開始しました [シナリオ名: ログイン]
[ADMIN] 15:17:23.546457 シナリオ走行を終了しました [シナリオ名: ログイン]
[ADMIN] 15:17:23.546467 シナリオ走行を開始しました [シナリオ名: ログイン]
[ADMIN] 15:17:23.547676 シナリオ走行を終了しました [シナリオ名: ログイン]
[ADMIN] 15:17:23.547684 シナリオ走行を開始しました [シナリオ名: ログイン]
[ADMIN] 15:17:23.549151 シナリオ走行を終了しました [シナリオ名: ログイン]
[ADMIN] 15:17:23.549161 シナリオ走行を開始しました [シナリオ名: ログイン]
[ADMIN] 15:17:23.550468 シナリオ走行を終了しました [シナリオ名: ログイン]
[ADMIN] 15:17:23.550477 シナリオ走行を開始しました [シナリオ名: ログイン]
[ADMIN] 15:17:23.551622 シナリオ走行を終了しました [シナリオ名: ログイン]
[ADMIN] 15:17:23.551631 シナリオ走行を開始しました [シナリオ名: ログイン]
[ADMIN] 15:17:23.551964 シナリオ走行を終了しました [シナリオ名: ログイン]
[ADMIN] 15:17:23.551974 シナリオ走行を開始しました [シナリオ名: ログイン]
[ADMIN] 15:17:23.553138 シナリオ走行を終了しました [シナリオ名: ログイン]
[ADMIN] 15:17:23.553147 シナリオ走行を開始しました [シナリオ名: ログイン]
[ADMIN] 15:17:23.554285 シナリオ走行を終了しました [シナリオ名: ログイン]
[ADMIN] 15:17:23.554294 シナリオ走行を開始しました [シナリオ名: ログイン]
[ADMIN] 15:17:23.557277 シナリオ走行を終了しました [シナリオ名: ログイン]
[ADMIN] 15:17:23.557285 シナリオ走行を開始しました [シナリオ名: ログイン]
[ADMIN] 15:17:23.558888 シナリオ走行を終了しました [シナリオ名: ログイン]
[ADMIN] 15:17:23.558897 シナリオ走行を開始しました [シナリオ名: ログイン]
[ADMIN] 15:17:23.559087 シナリオ走行を終了しました [シナリオ名: ログイン]
[ADMIN] 15:17:23.559094 シナリオ走行を開始しました [シナリオ名: ログイン]
[ADMIN] 15:17:23.560173 シナリオ走行を終了しました [シナリオ名: ログイン]
[ADMIN] 15:17:23.560182 シナリオ走行を開始しました [シナリオ名: ログイン]
[ADMIN] 15:17:23.561469 シナリオ走行を終了しました [シナリオ名: ログイン]
[ADMIN] 15:17:23.561476 シナリオ走行を開始しました [シナリオ名: ログイン]
[ADMIN] 15:17:23.562609 シナリオ走行を終了しました [シナリオ名: ログイン]
[ADMIN] 15:17:23.562631 シナリオ走行を開始しました [シナリオ名: ログイン]
[ADMIN] 15:17:23.563705 シナリオ走行を終了しました [シナリオ名: ログイン]
[ADMIN] 15:17:23.563714 シナリオ走行を開始しました [シナリオ名: ログイン]
[ADMIN] 15:17:23.564908 シナリオ走行を終了しました [シナリオ名: ログイン]
[ADMIN] 15:17:23.564915 シナリオ走行を開始しました [シナリオ名: ログイン]
[ADMIN] 15:17:23.566176 シナリオ走行を終了しました [シナリオ名: ログイン]
[ADMIN] 15:17:23.566185 シナリオ走行を開始しました [シナリオ名: ログイン]
[ADMIN] 15:17:23.567216 シナリオ走行を終了しました [シナリオ名: ログイン]
[ADMIN] 15:17:23.567224 シナリオ走行を開始しました [シナリオ名: ログイン]
[ADMIN] 15:17:23.568392 シナリオ走行を終了しました [シナリオ名: ログイン]
[ADMIN] 15:17:23.568401 シナリオ走行を開始しました [シナリオ名: ログイン]
[ADMIN] 15:17:23.569595 シナリオ走行を終了しました [シナリオ名: ログイン]
[ADMIN] 15:17:23.569603 シナリオ走行を開始しました [シナリオ名: ログイン]
[ADMIN] 15:17:23.570638 シナリオ走行を終了しました [シナリオ名: ログイン]
[ADMIN] 15:17:23.570644 シナリオ走行を開始しました [シナリオ名: ログイン]
[ADMIN] 15:17:23.572053 シナリオ走行を終了しました [シナリオ名: ログイン]
[ADMIN] 15:17:23.572062 シナリオ走行を開始しました [シナリオ名: ログイン]
[ADMIN] 15:17:23.573059 シナリオ走行を終了しました [シナリオ名: ログイン]
[ADMIN] 15:17:23.573068 シナリオ走行を開始しました [シナリオ名: ログイン]
[ADMIN] 15:17:23.574097 シナリオ走行を終了しました [シナリオ名: ログイン]
[ADMIN] 15:17:23.574106 シナリオ走行を開始しました [シナリオ名: ログイン]
[ADMIN] 15:17:23.576067 シナリオ走行を終了しました [シナリオ名: ログイン]
[ADMIN] 15:17:23.576076 シナリオ走行を開始しました [シナリオ名: ログイン]
[ADMIN] 15:17:23.577157 シナリオ走行を終了しました [シナリオ名: ログイン]
[ADMIN] 15:17:23.577166 シナリオ走行を開始しました [シナリオ名: ログイン]
[ADMIN] 15:17:23.578277 シナリオ走行を終了しました [シナリオ名: ログイン]
[ADMIN] 15:17:23.578284 シナリオ走行を開始しました [シナリオ名: ログイン]
[ADMIN] 15:17:23.579320 シナリオ走行を終了しました [シナリオ名: ログイン]
[ADMIN] 15:17:23.579327 シナリオ走行を開始しました [シナリオ名: ログイン]
[ADMIN] 15:17:23.580127 シナリオ走行を終了しました [シナリオ名: ログイン]
[ADMIN] 15:17:23.580136 シナリオ走行を開始しました [シナリオ名: ログイン]
[ADMIN] 15:17:23.580911 シナリオ走行を終了しました [シナリオ名: ログイン]
[ADMIN] 15:17:23.580919 シナリオ走行を開始しました [シナリオ名: ログイン]
[ADMIN] 15:17:23.582179 シナリオ走行を終了しました [シナリオ名: ログイン]
[ADMIN] 15:17:23.582188 シナリオ走行を開始しました [シナリオ名: ログイン]
[ADMIN] 15:17:23.583872 シナリオ走行を終了しました [シナリオ名: ログイン]
[ADMIN] 15:17:23.583881 シナリオ走行を開始しました [シナリオ名: ログイン]
[ADMIN] 15:17:23.585105 シナリオ走行を終了しました [シナリオ名: ログイン]
[ADMIN] 15:17:23.585112 シナリオ走行を開始しました [シナリオ名: ログイン]
[ADMIN] 15:17:23.586211 シナリオ走行を終了しました [シナリオ名: ログイン]
[ADMIN] 15:17:23.586218 シナリオ走行を開始しました [シナリオ名: ログイン]
[ADMIN] 15:17:23.587313 シナリオ走行を終了しました [シナリオ名: ログイン]
[ADMIN] 15:17:23.587323 シナリオ走行を開始しました [シナリオ名: ログイン]
[ADMIN] 15:17:23.588548 シナリオ走行を終了しました [シナリオ名: ログイン]
[ADMIN] 15:17:23.588556 シナリオ走行を開始しました [シナリオ名: ログイン]
[ADMIN] 15:17:23.591348 シナリオ走行を終了しました [シナリオ名: ログイン]
[ADMIN] 15:17:23.591364 シナリオ走行を開始しました [シナリオ名: ログイン]
[ADMIN] 15:17:23.596907 シナリオ走行を終了しました [シナリオ名: ログイン]
[ADMIN] 15:17:23.596917 シナリオ走行を開始しました [シナリオ名: ログイン]
[ADMIN] 15:17:23.598324 シナリオ走行を終了しました [シナリオ名: ログイン]
[ADMIN] 15:17:23.598333 シナリオ走行を開始しました [シナリオ名: ログイン]
[ADMIN] 15:17:23.601217 シナリオ走行を終了しました [シナリオ名: ログイン]
[ADMIN] 15:17:23.601231 シナリオ走行を開始しました [シナリオ名: ログイン]
[ADMIN] 15:17:23.602496 シナリオ走行を終了しました [シナリオ名: ログイン]
[ADMIN] 15:17:23.602504 シナリオ走行を開始しました [シナリオ名: ログイン]
[ADMIN] 15:17:23.603707 シナリオ走行を終了しました [シナリオ名: ログイン]
[ADMIN] 15:17:23.603717 シナリオ走行を開始しました [シナリオ名: ログイン]
[ADMIN] 15:17:23.606224 シナリオ走行を終了しました [シナリオ名: ログイン]
[ADMIN] 15:17:23.606234 シナリオ走行を開始しました [シナリオ名: ログイン]
[ADMIN] 15:17:23.607400 シナリオ走行を終了しました [シナリオ名: ログイン]
[ADMIN] 15:17:23.607409 シナリオ走行を開始しました [シナリオ名: ログイン]
[ADMIN] 15:17:23.609661 シナリオ走行を終了しました [シナリオ名: ログイン]
[ADMIN] 15:17:23.609670 シナリオ走行を開始しました [シナリオ名: ログイン]
[ADMIN] 15:17:23.612153 シナリオ走行を終了しました [シナリオ名: ログイン]
[ADMIN] 15:17:23.612162 シナリオ走行を開始しました [シナリオ名: ログイン]
[ADMIN] 15:17:23.616013 シナリオ走行を終了しました [シナリオ名: ログイン]
[ADMIN] 15:17:23.616023 シナリオ走行を開始しました [シナリオ名: ログイン]
[ADMIN] 15:17:23.617186 シナリオ走行を終了しました [シナリオ名: ログイン]
[ADMIN] 15:17:23.617193 シナリオ走行を開始しました [シナリオ名: ログイン]
[ADMIN] 15:17:23.619848 シナリオ走行を終了しました [シナリオ名: ログイン]
[ADMIN] 15:17:23.619858 シナリオ走行を開始しました [シナリオ名: ログイン]
[ADMIN] 15:17:23.620954 シナリオ走行を終了しました [シナリオ名: ログイン]
[ADMIN] 15:17:23.620963 シナリオ走行を開始しました [シナリオ名: ログイン]
[ADMIN] 15:17:23.622127 シナリオ走行を終了しました [シナリオ名: ログイン]
[ADMIN] 15:17:23.622135 シナリオ走行を開始しました [シナリオ名: ログイン]
[ADMIN] 15:17:23.623316 シナリオ走行を終了しました [シナリオ名: ログイン]
[ADMIN] 15:17:23.623323 シナリオ走行を開始しました [シナリオ名: ログイン]
[ADMIN] 15:17:23.625195 シナリオ走行を終了しました [シナリオ名: ログイン]
[ADMIN] 15:17:23.625203 シナリオ走行を開始しました [シナリオ名: ログイン]
[ADMIN] 15:17:23.626372 シナリオ走行を終了しました [シナリオ名: ログイン]
[ADMIN] 15:17:23.626380 シナリオ走行を開始しました [シナリオ名: ログイン]
[ADMIN] 15:17:23.627611 シナリオ走行を終了しました [シナリオ名: ログイン]
[ADMIN] 15:17:23.627641 シナリオ走行を開始しました [シナリオ名: ログイン]
[ADMIN] 15:17:23.628775 シナリオ走行を終了しました [シナリオ名: ログイン]
[ADMIN] 15:17:23.628784 シナリオ走行を開始しました [シナリオ名: ログイン]
[ADMIN] 15:17:23.629693 シナリオ走行を終了しました [シナリオ名: ログイン]
[ADMIN] 15:17:23.629701 シナリオ走行を開始しました [シナリオ名: ログイン]
[ADMIN] 15:17:23.630676 シナリオ走行を終了しました [シナリオ名: ログイン]
[ADMIN] 15:17:23.630684 シナリオ走行を開始しました [シナリオ名: ログイン]
[ADMIN] 15:17:23.631149 シナリオ走行を終了しました [シナリオ名: ログイン]
[ADMIN] 15:17:23.631156 シナリオ走行を開始しました [シナリオ名: ログイン]
[ADMIN] 15:17:23.632341 シナリオ走行を終了しました [シナリオ名: ログイン]
[ADMIN] 15:17:23.632351 シナリオ走行を開始しました [シナリオ名: ログイン]
[ADMIN] 15:17:23.633932 シナリオ走行を終了しました [シナリオ名: ログイン]
[ADMIN] 15:17:23.633940 シナリオ走行を開始しました [シナリオ名: ログイン]
[ADMIN] 15:17:23.635098 シナリオ走行を終了しました [シナリオ名: ログイン]
[ADMIN] 15:17:23.635108 シナリオ走行を開始しました [シナリオ名: ログイン]
[ADMIN] 15:17:23.636849 シナリオ走行を終了しました [シナリオ名: ログイン]
[ADMIN] 15:17:23.636858 シナリオ走行を開始しました [シナリオ名: ログイン]
[ADMIN] 15:17:23.637869 シナリオ走行を終了しました [シナリオ名: ログイン]
[ADMIN] 15:17:23.637878 シナリオ走行を開始しました [シナリオ名: ログイン]
[ADMIN] 15:17:23.638295 シナリオ走行を終了しました [シナリオ名: ログイン]
[ADMIN] 15:17:23.638304 シナリオ走行を開始しました [シナリオ名: ログイン]
[ADMIN] 15:17:23.639547 シナリオ走行を終了しました [シナリオ名: ログイン]
[ADMIN] 15:17:23.639554 シナリオ走行を開始しました [シナリオ名: ログイン]
[ADMIN] 15:17:23.640666 シナリオ走行を終了しました [シナリオ名: ログイン]
[ADMIN] 15:17:23.640673 シナリオ走行を開始しました [シナリオ名: ログイン]
[ADMIN] 15:17:23.671964 シナリオ走行を終了しました [シナリオ名: ログイン]
[ADMIN] 15:17:23.671974 シナリオ走行を開始しました [シナリオ名: ログイン]
[ADMIN] 15:17:23.676272 シナリオ走行を終了しました [シナリオ名: ログイン]
[ADMIN] 15:17:23.676282 シナリオ走行を開始しました [シナリオ名: ログイン]
[ADMIN] 15:17:23.680332 シナリオ走行を終了しました [シナリオ名: ログイン]
[ADMIN] 15:17:23.680341 シナリオ走行を開始しました [シナリオ名: ログイン]
[ADMIN] 15:17:23.681412 シナリオ走行を終了しました [シナリオ名: ログイン]
[ADMIN] 15:17:23.681420 シナリオ走行を開始しました [シナリオ名: ログイン]
[ADMIN] 15:17:23.682658 シナリオ走行を終了しました [シナリオ名: ログイン]
[ADMIN] 15:17:23.682667 シナリオ走行を開始しました [シナリオ名: ログイン]
[ADMIN] 15:17:23.683169 シナリオ走行を終了しました [シナリオ名: ログイン]
[ADMIN] 15:17:23.683178 シナリオ走行を開始しました [シナリオ名: ログイン]
[ADMIN] 15:17:23.684350 シナリオ走行を終了しました [シナリオ名: ログイン]
[ADMIN] 15:17:23.684359 シナリオ走行を開始しました [シナリオ名: ログイン]
[ADMIN] 15:17:23.685478 シナリオ走行を終了しました [シナリオ名: ログイン]
[ADMIN] 15:17:23.685488 シナリオ走行を開始しました [シナリオ名: ログイン]
[ADMIN] 15:17:23.687127 シナリオ走行を終了しました [シナリオ名: ログイン]
[ADMIN] 15:17:23.687138 シナリオ走行を開始しました [シナリオ名: ログイン]
[ADMIN] 15:17:23.688221 シナリオ走行を終了しました [シナリオ名: ログイン]
[ADMIN] 15:17:23.688228 シナリオ走行を開始しました [シナリオ名: ログイン]
[ADMIN] 15:17:23.689375 シナリオ走行を終了しました [シナリオ名: ログイン]
[ADMIN] 15:17:23.689384 シナリオ走行を開始しました [シナリオ名: ログイン]
[ADMIN] 15:17:23.690557 シナリオ走行を終了しました [シナリオ名: ログイン]
[ADMIN] 15:17:23.690565 シナリオ走行を開始しました [シナリオ名: ログイン]
[ADMIN] 15:17:23.691775 シナリオ走行を終了しました [シナリオ名: ログイン]
[ADMIN] 15:17:23.691785 シナリオ走行を開始しました [シナリオ名: ログイン]
[ADMIN] 15:17:23.692886 シナリオ走行を終了しました [シナリオ名: ログイン]
[ADMIN] 15:17:23.692892 シナリオ走行を開始しました [シナリオ名: ログイン]
[ADMIN] 15:17:23.694031 シナリオ走行を終了しました [シナリオ名: ログイン]
[ADMIN] 15:17:23.694040 シナリオ走行を開始しました [シナリオ名: ログイン]
[ADMIN] 15:17:23.695183 シナリオ走行を終了しました [シナリオ名: ログイン]
[ADMIN] 15:17:23.695192 シナリオ走行を開始しました [シナリオ名: ログイン]
[ADMIN] 15:17:23.696886 シナリオ走行を終了しました [シナリオ名: ログイン]
[ADMIN] 15:17:23.696895 シナリオ走行を開始しました [シナリオ名: ログイン]
[ADMIN] 15:17:23.697976 シナリオ走行を終了しました [シナリオ名: ログイン]
[ADMIN] 15:17:23.697984 シナリオ走行を開始しました [シナリオ名: ログイン]
[ADMIN] 15:17:23.699112 シナリオ走行を終了しました [シナリオ名: ログイン]
[ADMIN] 15:17:23.699121 シナリオ走行を開始しました [シナリオ名: ログイン]
[ADMIN] 15:17:23.700241 シナリオ走行を終了しました [シナリオ名: ログイン]
[ADMIN] 15:17:23.700250 シナリオ走行を開始しました [シナリオ名: ログイン]
[ADMIN] 15:17:23.702116 シナリオ走行を終了しました [シナリオ名: ログイン]
[ADMIN] 15:17:23.702125 シナリオ走行を開始しました [シナリオ名: ログイン]
[ADMIN] 15:17:23.703268 シナリオ走行を終了しました [シナリオ名: ログイン]
[ADMIN] 15:17:23.703277 シナリオ走行を開始しました [シナリオ名: ログイン]
[ADMIN] 15:17:23.704457 シナリオ走行を終了しました [シナリオ名: ログイン]
[ADMIN] 15:17:23.704465 シナリオ走行を開始しました [シナリオ名: ログイン]
[ADMIN] 15:17:23.705603 シナリオ走行を終了しました [シナリオ名: ログイン]
[ADMIN] 15:17:23.705612 シナリオ走行を開始しました [シナリオ名: ログイン]
[ADMIN] 15:17:23.707123 シナリオ走行を終了しました [シナリオ名: ログイン]
[ADMIN] 15:17:23.707132 シナリオ走行を開始しました [シナリオ名: ログイン]
[ADMIN] 15:17:23.708129 シナリオ走行を終了しました [シナリオ名: ログイン]
[ADMIN] 15:17:23.708139 シナリオ走行を開始しました [シナリオ名: ログイン]
[ADMIN] 15:17:23.708687 シナリオ走行を終了しました [シナリオ名: ログイン]
[ADMIN] 15:17:23.708695 シナリオ走行を開始しました [シナリオ名: ログイン]
[ADMIN] 15:17:23.710392 シナリオ走行を終了しました [シナリオ名: ログイン]
[ADMIN] 15:17:23.710401 シナリオ走行を開始しました [シナリオ名: ログイン]
[ADMIN] 15:17:23.711387 シナリオ走行を終了しました [シナリオ名: ログイン]
[ADMIN] 15:17:23.711395 シナリオ走行を開始しました [シナリオ名: ログイン]
[ADMIN] 15:17:23.712360 シナリオ走行を終了しました [シナリオ名: ログイン]
[ADMIN] 15:17:23.712367 シナリオ走行を開始しました [シナリオ名: ログイン]
[ADMIN] 15:17:23.713360 シナリオ走行を終了しました [シナリオ名: ログイン]
[ADMIN] 15:17:23.713368 シナリオ走行を開始しました [シナリオ名: ログイン]
[ADMIN] 15:17:23.714465 シナリオ走行を終了しました [シナリオ名: ログイン]
[ADMIN] 15:17:23.714474 シナリオ走行を開始しました [シナリオ名: ログイン]
[ADMIN] 15:17:23.717036 シナリオ走行を終了しました [シナリオ名: ログイン]
[ADMIN] 15:17:23.717045 シナリオ走行を開始しました [シナリオ名: ログイン]
[ADMIN] 15:17:23.718047 シナリオ走行を終了しました [シナリオ名: ログイン]
[ADMIN] 15:17:23.718053 シナリオ走行を開始しました [シナリオ名: ログイン]
[ADMIN] 15:17:23.719076 シナリオ走行を終了しました [シナリオ名: ログイン]
[ADMIN] 15:17:23.719086 シナリオ走行を開始しました [シナリオ名: ログイン]
[ADMIN] 15:17:23.720081 シナリオ走行を終了しました [シナリオ名: ログイン]
[ADMIN] 15:17:23.720090 シナリオ走行を開始しました [シナリオ名: ログイン]
[ADMIN] 15:17:23.721566 シナリオ走行を終了しました [シナリオ名: ログイン]
[ADMIN] 15:17:23.721575 シナリオ走行を開始しました [シナリオ名: ログイン]
[ADMIN] 15:17:23.723975 シナリオ走行を終了しました [シナリオ名: ログイン]
[ADMIN] 15:17:23.723985 シナリオ走行を開始しました [シナリオ名: ログイン]
[ADMIN] 15:17:23.724960 シナリオ走行を終了しました [シナリオ名: ログイン]
[ADMIN] 15:17:23.724966 シナリオ走行を開始しました [シナリオ名: ログイン]
[ADMIN] 15:17:23.725968 シナリオ走行を終了しました [シナリオ名: ログイン]
[ADMIN] 15:17:23.725977 シナリオ走行を開始しました [シナリオ名: ログイン]
[ADMIN] 15:17:23.726224 シナリオ走行を終了しました [シナリオ名: ログイン]
[ADMIN] 15:17:23.726233 シナリオ走行を開始しました [シナリオ名: ログイン]
[ADMIN] 15:17:23.727753 シナリオ走行を終了しました [シナリオ名: ログイン]
[ADMIN] 15:17:23.727761 シナリオ走行を開始しました [シナリオ名: ログイン]
[ADMIN] 15:17:23.728776 シナリオ走行を終了しました [シナリオ名: ログイン]
[ADMIN] 15:17:23.728785 シナリオ走行を開始しました [シナリオ名: ログイン]
[ADMIN] 15:17:23.731353 シナリオ走行を終了しました [シナリオ名: ログイン]
[ADMIN] 15:17:23.731362 シナリオ走行を開始しました [シナリオ名: ログイン]
[ADMIN] 15:17:23.732433 シナリオ走行を終了しました [シナリオ名: ログイン]
[ADMIN] 15:17:23.732443 シナリオ走行を開始しました [シナリオ名: ログイン]
[ADMIN] 15:17:23.733576 シナリオ走行を終了しました [シナリオ名: ログイン]
[ADMIN] 15:17:23.733583 シナリオ走行を開始しました [シナリオ名: ログイン]
[ADMIN] 15:17:23.734801 シナリオ走行を終了しました [シナリオ名: ログイン]
[ADMIN] 15:17:23.734808 シナリオ走行を開始しました [シナリオ名: ログイン]
[ADMIN] 15:17:23.735853 シナリオ走行を終了しました [シナリオ名: ログイン]
[ADMIN] 15:17:23.735863 シナリオ走行を開始しました [シナリオ名: ログイン]
[ADMIN] 15:17:23.737713 シナリオ走行を終了しました [シナリオ名: ログイン]
[ADMIN] 15:17:23.737721 シナリオ走行を開始しました [シナリオ名: ログイン]
[ADMIN] 15:17:23.738688 シナリオ走行を終了しました [シナリオ名: ログイン]
[ADMIN] 15:17:23.738696 シナリオ走行を開始しました [シナリオ名: ログイン]
[ADMIN] 15:17:23.739705 シナリオ走行を終了しました [シナリオ名: ログイン]
[ADMIN] 15:17:23.739714 シナリオ走行を開始しました [シナリオ名: ログイン]
[ADMIN] 15:17:23.740685 シナリオ走行を終了しました [シナリオ名: ログイン]
[ADMIN] 15:17:23.740697 シナリオ走行を開始しました [シナリオ名: ログイン]
[ADMIN] 15:17:23.742103 シナリオ走行を終了しました [シナリオ名: ログイン]
[ADMIN] 15:17:23.742112 シナリオ走行を開始しました [シナリオ名: ログイン]
[ADMIN] 15:17:23.743121 シナリオ走行を終了しました [シナリオ名: ログイン]
[ADMIN] 15:17:23.743130 シナリオ走行を開始しました [シナリオ名: ログイン]
[ADMIN] 15:17:23.744073 シナリオ走行を終了しました [シナリオ名: ログイン]
[ADMIN] 15:17:23.744081 シナリオ走行を開始しました [シナリオ名: ログイン]
[ADMIN] 15:17:23.745081 シナリオ走行を終了しました [シナリオ名: ログイン]
[ADMIN] 15:17:23.745089 シナリオ走行を開始しました [シナリオ名: ログイン]
[ADMIN] 15:17:23.746140 シナリオ走行を終了しました [シナリオ名: ログイン]
[ADMIN] 15:17:23.746148 シナリオ走行を開始しました [シナリオ名: ログイン]
[ADMIN] 15:17:23.748016 シナリオ走行を終了しました [シナリオ名: ログイン]
[ADMIN] 15:17:23.748025 シナリオ走行を開始しました [シナリオ名: ログイン]
[ADMIN] 15:17:23.749098 シナリオ走行を終了しました [シナリオ名: ログイン]
[ADMIN] 15:17:23.749106 シナリオ走行を開始しました [シナリオ名: ログイン]
[ADMIN] 15:17:23.750088 シナリオ走行を終了しました [シナリオ名: ログイン]
[ADMIN] 15:17:23.750097 シナリオ走行を開始しました [シナリオ名: ログイン]
[ADMIN] 15:17:23.751065 シナリオ走行を終了しました [シナリオ名: ログイン]
[ADMIN] 15:17:23.751073 シナリオ走行を開始しました [シナリオ名: ログイン]
[ADMIN] 15:17:23.751428 シナリオ走行を終了しました [シナリオ名: ログイン]
[ADMIN] 15:17:23.751438 シナリオ走行を開始しました [シナリオ名: ログイン]
[ADMIN] 15:17:23.752472 シナリオ走行を終了しました [シナリオ名: ログイン]
[ADMIN] 15:17:23.752481 シナリオ走行を開始しました [シナリオ名: ログイン]
[ADMIN] 15:17:23.756421 シナリオ走行を終了しました [シナリオ名: ログイン]
[ADMIN] 15:17:23.756429 シナリオ走行を開始しました [シナリオ名: ログイン]
[ADMIN] 15:17:23.758713 シナリオ走行を終了しました [シナリオ名: ログイン]
[ADMIN] 15:17:23.758720 シナリオ走行を開始しました [シナリオ名: ログイン]
[ADMIN] 15:17:23.760718 シナリオ走行を終了しました [シナリオ名: ログイン]
[ADMIN] 15:17:23.760723 シナリオ走行を開始しました [シナリオ名: ログイン]
[ADMIN] 15:17:23.763163 シナリオ走行を終了しました [シナリオ名: ログイン]
[ADMIN] 15:17:23.763172 シナリオ走行を開始しました [シナリオ名: ログイン]
[ADMIN] 15:17:23.763894 シナリオ走行を終了しました [シナリオ名: ログイン]
[ADMIN] 15:17:23.763901 シナリオ走行を開始しました [シナリオ名: ログイン]
[ADMIN] 15:17:23.764974 シナリオ走行を終了しました [シナリオ名: ログイン]
[ADMIN] 15:17:23.764981 シナリオ走行を開始しました [シナリオ名: ログイン]
[ADMIN] 15:17:23.765701 シナリオ走行を終了しました [シナリオ名: ログイン]
[ADMIN] 15:17:23.765708 シナリオ走行を開始しました [シナリオ名: ログイン]
[ADMIN] 15:17:23.767491 シナリオ走行を終了しました [シナリオ名: ログイン]
[ADMIN] 15:17:23.767502 シナリオ走行を開始しました [シナリオ名: ログイン]
[ADMIN] 15:17:23.768816 シナリオ走行を終了しました [シナリオ名: ログイン]
[ADMIN] 15:17:23.768824 シナリオ走行を開始しました [シナリオ名: ログイン]
[ADMIN] 15:17:23.770001 シナリオ走行を終了しました [シナリオ名: ログイン]
[ADMIN] 15:17:23.770010 シナリオ走行を開始しました [シナリオ名: ログイン]
[ADMIN] 15:17:23.770993 シナリオ走行を終了しました [シナリオ名: ログイン]
[ADMIN] 15:17:23.771000 シナリオ走行を開始しました [シナリオ名: ログイン]
[ADMIN] 15:17:23.774307 シナリオ走行を終了しました [シナリオ名: ログイン]
[ADMIN] 15:17:23.774315 シナリオ走行を開始しました [シナリオ名: ログイン]
[ADMIN] 15:17:23.775345 シナリオ走行を終了しました [シナリオ名: ログイン]
[ADMIN] 15:17:23.775353 シナリオ走行を開始しました [シナリオ名: ログイン]
[ADMIN] 15:17:23.776412 シナリオ走行を終了しました [シナリオ名: ログイン]
[ADMIN] 15:17:23.776420 シナリオ走行を開始しました [シナリオ名: ログイン]
[ADMIN] 15:17:23.778003 シナリオ走行を終了しました [シナリオ名: ログイン]
[ADMIN] 15:17:23.778011 シナリオ走行を開始しました [シナリオ名: ログイン]
[ADMIN] 15:17:23.780954 シナリオ走行を終了しました [シナリオ名: ログイン]
[ADMIN] 15:17:23.780962 シナリオ走行を開始しました [シナリオ名: ログイン]
[ADMIN] 15:17:23.781981 シナリオ走行を終了しました [シナリオ名: ログイン]
[ADMIN] 15:17:23.781990 シナリオ走行を開始しました [シナリオ名: ログイン]
[ADMIN] 15:17:23.783025 シナリオ走行を終了しました [シナリオ名: ログイン]
[ADMIN] 15:17:23.783033 シナリオ走行を開始しました [シナリオ名: ログイン]
[ADMIN] 15:17:23.783952 シナリオ走行を終了しました [シナリオ名: ログイン]
[ADMIN] 15:17:23.783961 シナリオ走行を開始しました [シナリオ名: ログイン]
[ADMIN] 15:17:23.784900 シナリオ走行を終了しました [シナリオ名: ログイン]
[ADMIN] 15:17:23.784910 シナリオ走行を開始しました [シナリオ名: ログイン]
[ADMIN] 15:17:23.785858 シナリオ走行を終了しました [シナリオ名: ログイン]
[ADMIN] 15:17:23.785867 シナリオ走行を開始しました [シナリオ名: ログイン]
[ADMIN] 15:17:23.786867 シナリオ走行を終了しました [シナリオ名: ログイン]
[ADMIN] 15:17:23.786876 シナリオ走行を開始しました [シナリオ名: ログイン]
[ADMIN] 15:17:23.788366 シナリオ走行を終了しました [シナリオ名: ログイン]
[ADMIN] 15:17:23.788375 シナリオ走行を開始しました [シナリオ名: ログイン]
[ADMIN] 15:17:23.792288 シナリオ走行を終了しました [シナリオ名: ログイン]
[ADMIN] 15:17:23.792297 シナリオ走行を開始しました [シナリオ名: ログイン]
[ADMIN] 15:17:23.793716 シナリオ走行を終了しました [シナリオ名: ログイン]
[ADMIN] 15:17:23.793723 シナリオ走行を開始しました [シナリオ名: ログイン]
[ADMIN] 15:17:23.794689 シナリオ走行を終了しました [シナリオ名: ログイン]
[ADMIN] 15:17:23.794698 シナリオ走行を開始しました [シナリオ名: ログイン]
[ADMIN] 15:17:23.796183 シナリオ走行を終了しました [シナリオ名: ログイン]
[ADMIN] 15:17:23.797121 シナリオ走行を終了しました [シナリオ名: ログイン]
[ADMIN] 15:17:23.797130 シナリオ走行を開始しました [シナリオ名: ログイン]
[ADMIN] 15:17:23.797190 シナリオ走行を開始しました [シナリオ名: ログイン]
[ADMIN] 15:17:23.798868 シナリオ走行を終了しました [シナリオ名: ログイン]
[ADMIN] 15:17:23.798877 シナリオ走行を開始しました [シナリオ名: ログイン]
[ADMIN] 15:17:23.798994 シナリオ走行を終了しました [シナリオ名: ログイン]
[ADMIN] 15:17:23.799003 シナリオ走行を開始しました [シナリオ名: ログイン]
[ADMIN] 15:17:23.799838 シナリオ走行を終了しました [シナリオ名: ログイン]
[ADMIN] 15:17:23.799846 シナリオ走行を開始しました [シナリオ名: ログイン]
[ADMIN] 15:17:23.802480 シナリオ走行を終了しました [シナリオ名: ログイン]
[ADMIN] 15:17:23.802490 シナリオ走行を開始しました [シナリオ名: ログイン]
[ADMIN] 15:17:23.802735 シナリオ走行を終了しました [シナリオ名: ログイン]
[ADMIN] 15:17:23.802757 シナリオ走行を開始しました [シナリオ名: ログイン]
[ADMIN] 15:17:23.803739 シナリオ走行を終了しました [シナリオ名: ログイン]
[ADMIN] 15:17:23.803748 シナリオ走行を開始しました [シナリオ名: ログイン]
[ADMIN] 15:17:23.804052 シナリオ走行を終了しました [シナリオ名: ログイン]
[ADMIN] 15:17:23.804062 シナリオ走行を開始しました [シナリオ名: ログイン]
[ADMIN] 15:17:23.804780 シナリオ走行を終了しました [シナリオ名: ログイン]
[ADMIN] 15:17:23.804789 シナリオ走行を開始しました [シナリオ名: ログイン]
[ADMIN] 15:17:23.805241 シナリオ走行を終了しました [シナリオ名: ログイン]
[ADMIN] 15:17:23.805250 シナリオ走行を開始しました [シナリオ名: ログイン]
[ADMIN] 15:17:23.805958 シナリオ走行を終了しました [シナリオ名: ログイン]
[ADMIN] 15:17:23.805967 シナリオ走行を開始しました [シナリオ名: ログイン]
[ADMIN] 15:17:23.806441 シナリオ走行を終了しました [シナリオ名: ログイン]
[ADMIN] 15:17:23.806449 シナリオ走行を開始しました [シナリオ名: ログイン]
[ADMIN] 15:17:23.807388 シナリオ走行を終了しました [シナリオ名: ログイン]
[ADMIN] 15:17:23.807397 シナリオ走行を開始しました [シナリオ名: ログイン]
[ADMIN] 15:17:23.808430 シナリオ走行を終了しました [シナリオ名: ログイン]
[ADMIN] 15:17:23.808442 シナリオ走行を開始しました [シナリオ名: ログイン]
[ADMIN] 15:17:23.808508 シナリオ走行を終了しました [シナリオ名: ログイン]
[ADMIN] 15:17:23.808517 シナリオ走行を開始しました [シナリオ名: ログイン]
[ADMIN] 15:17:23.811976 シナリオ走行を終了しました [シナリオ名: ログイン]
[ADMIN] 15:17:23.811984 シナリオ走行を開始しました [シナリオ名: ログイン]
[ADMIN] 15:17:23.812301 シナリオ走行を終了しました [シナリオ名: ログイン]
[ADMIN] 15:17:23.812310 シナリオ走行を開始しました [シナリオ名: ログイン]
[ADMIN] 15:17:23.812978 シナリオ走行を終了しました [シナリオ名: ログイン]
[ADMIN] 15:17:23.812987 シナリオ走行を開始しました [シナリオ名: ログイン]
[ADMIN] 15:17:23.813652 シナリオ走行を終了しました [シナリオ名: ログイン]
[ADMIN] 15:17:23.813659 シナリオ走行を開始しました [シナリオ名: ログイン]
[ADMIN] 15:17:23.814084 シナリオ走行を終了しました [シナリオ名: ログイン]
[ADMIN] 15:17:23.814093 シナリオ走行を開始しました [シナリオ名: ログイン]
[ADMIN] 15:17:23.815343 シナリオ走行を終了しました [シナリオ名: ログイン]
[ADMIN] 15:17:23.815352 シナリオ走行を開始しました [シナリオ名: ログイン]
[ADMIN] 15:17:23.815379 シナリオ走行を終了しました [シナリオ名: ログイン]
[ADMIN] 15:17:23.815394 シナリオ走行を開始しました [シナリオ名: ログイン]
[ADMIN] 15:17:23.816643 シナリオ走行を終了しました [シナリオ名: ログイン]
[ADMIN] 15:17:23.816653 シナリオ走行を開始しました [シナリオ名: ログイン]
[ADMIN] 15:17:23.816654 シナリオ走行を終了しました [シナリオ名: ログイン]
[ADMIN] 15:17:23.816661 シナリオ走行を開始しました [シナリオ名: ログイン]
[ADMIN] 15:17:23.819005 シナリオ走行を終了しました [シナリオ名: ログイン]
[ADMIN] 15:17:23.819015 シナリオ走行を開始しました [シナリオ名: ログイン]
[ADMIN] 15:17:23.819029 シナリオ走行を終了しました [シナリオ名: ログイン]
[ADMIN] 15:17:23.819033 シナリオ走行を開始しました [シナリオ名: ログイン]
[ADMIN] 15:17:23.820608 シナリオ走行を終了しました [シナリオ名: ログイン]
[ADMIN] 15:17:23.820620 シナリオ走行を開始しました [シナリオ名: ログイン]
[ADMIN] 15:17:23.820659 シナリオ走行を終了しました [シナリオ名: ログイン]
[ADMIN] 15:17:23.820670 シナリオ走行を開始しました [シナリオ名: ログイン]
[ADMIN] 15:17:23.820741 シナリオ走行を終了しました [シナリオ名: ログイン]
[ADMIN] 15:17:23.820749 シナリオ走行を開始しました [シナリオ名: ログイン]
[ADMIN] 15:17:23.820955 シナリオ走行を終了しました [シナリオ名: ログイン]
[ADMIN] 15:17:23.820965 シナリオ走行を開始しました [シナリオ名: ログイン]
[ADMIN] 15:17:23.821698 シナリオ走行を終了しました [シナリオ名: ログイン]
[ADMIN] 15:17:23.821707 シナリオ走行を開始しました [シナリオ名: ログイン]
[ADMIN] 15:17:23.826240 シナリオ走行を終了しました [シナリオ名: ログイン]
[ADMIN] 15:17:23.826250 シナリオ走行を開始しました [シナリオ名: ログイン]
[ADMIN] 15:17:23.826318 シナリオ走行を終了しました [シナリオ名: ログイン]
[ADMIN] 15:17:23.826325 シナリオ走行を開始しました [シナリオ名: ログイン]
[ADMIN] 15:17:23.827136 シナリオ走行を終了しました [シナリオ名: ログイン]
[ADMIN] 15:17:23.827144 シナリオ走行を開始しました [シナリオ名: ログイン]
[ADMIN] 15:17:23.828684 シナリオ走行を終了しました [シナリオ名: ログイン]
[ADMIN] 15:17:23.828694 シナリオ走行を開始しました [シナリオ名: ログイン]
[ADMIN] 15:17:23.828756 シナリオ走行を終了しました [シナリオ名: ログイン]
[ADMIN] 15:17:23.828766 シナリオ走行を開始しました [シナリオ名: ログイン]
[ADMIN] 15:17:23.835515 シナリオ走行を終了しました [シナリオ名: ログイン]
[ADMIN] 15:17:23.835525 シナリオ走行を開始しました [シナリオ名: ログイン]
[ADMIN] 15:17:23.835554 シナリオ走行を終了しました [シナリオ名: ログイン]
[ADMIN] 15:17:23.835561 シナリオ走行を開始しました [シナリオ名: ログイン]
[ADMIN] 15:17:23.837533 シナリオ走行を終了しました [シナリオ名: ログイン]
[ADMIN] 15:17:23.837543 シナリオ走行を開始しました [シナリオ名: ログイン]
[ADMIN] 15:17:23.837556 シナリオ走行を終了しました [シナリオ名: ログイン]
[ADMIN] 15:17:23.837561 シナリオ走行を開始しました [シナリオ名: ログイン]
[ADMIN] 15:17:23.844153 シナリオ走行を終了しました [シナリオ名: ログイン]
[ADMIN] 15:17:23.844162 シナリオ走行を開始しました [シナリオ名: ログイン]
[ADMIN] 15:17:23.844237 シナリオ走行を終了しました [シナリオ名: ログイン]
[ADMIN] 15:17:23.844246 シナリオ走行を開始しました [シナリオ名: ログイン]
[ADMIN] 15:17:23.848219 シナリオ走行を終了しました [シナリオ名: ログイン]
[ADMIN] 15:17:23.848227 シナリオ走行を開始しました [シナリオ名: ログイン]
[ADMIN] 15:17:23.848899 シナリオ走行を終了しました [シナリオ名: ログイン]
[ADMIN] 15:17:23.848906 シナリオ走行を開始しました [シナリオ名: ログイン]
[ADMIN] 15:17:23.849585 シナリオ走行を終了しました [シナリオ名: ログイン]
[ADMIN] 15:17:23.849592 シナリオ走行を開始しました [シナリオ名: ログイン]
[ADMIN] 15:17:23.850359 シナリオ走行を終了しました [シナリオ名: ログイン]
[ADMIN] 15:17:23.850368 シナリオ走行を開始しました [シナリオ名: ログイン]
[ADMIN] 15:17:23.850816 シナリオ走行を終了しました [シナリオ名: ログイン]
[ADMIN] 15:17:23.850825 シナリオ走行を開始しました [シナリオ名: ログイン]
[ADMIN] 15:17:23.851400 シナリオ走行を終了しました [シナリオ名: ログイン]
[ADMIN] 15:17:23.851408 シナリオ走行を開始しました [シナリオ名: ログイン]
[ADMIN] 15:17:23.851868 シナリオ走行を終了しました [シナリオ名: ログイン]
[ADMIN] 15:17:23.851878 シナリオ走行を開始しました [シナリオ名: ログイン]
[ADMIN] 15:17:23.864469 シナリオ走行を終了しました [シナリオ名: ログイン]
[ADMIN] 15:17:23.864476 シナリオ走行を開始しました [シナリオ名: ログイン]
[ADMIN] 15:17:23.869288 シナリオ走行を終了しました [シナリオ名: ログイン]
[ADMIN] 15:17:23.869297 シナリオ走行を開始しました [シナリオ名: ログイン]
[ADMIN] 15:17:23.869433 シナリオ走行を終了しました [シナリオ名: ログイン]
[ADMIN] 15:17:23.869440 シナリオ走行を開始しました [シナリオ名: ログイン]
[ADMIN] 15:17:23.871395 シナリオ走行を終了しました [シナリオ名: ログイン]
[ADMIN] 15:17:23.871404 シナリオ走行を開始しました [シナリオ名: ログイン]
[ADMIN] 15:17:23.871432 シナリオ走行を終了しました [シナリオ名: ログイン]
[ADMIN] 15:17:23.871447 シナリオ走行を開始しました [シナリオ名: ログイン]
[ADMIN] 15:17:23.872575 シナリオ走行を終了しました [シナリオ名: ログイン]
[ADMIN] 15:17:23.872585 シナリオ走行を開始しました [シナリオ名: ログイン]
[ADMIN] 15:17:23.872940 シナリオ走行を終了しました [シナリオ名: ログイン]
[ADMIN] 15:17:23.872947 シナリオ走行を開始しました [シナリオ名: ログイン]
[ADMIN] 15:17:23.874776 シナリオ走行を終了しました [シナリオ名: ログイン]
[ADMIN] 15:17:23.874785 シナリオ走行を開始しました [シナリオ名: ログイン]
[ADMIN] 15:17:23.874834 シナリオ走行を終了しました [シナリオ名: ログイン]
[ADMIN] 15:17:23.874846 シナリオ走行を開始しました [シナリオ名: ログイン]
[ADMIN] 15:17:23.875859 シナリオ走行を終了しました [シナリオ名: ログイン]
[ADMIN] 15:17:23.875868 シナリオ走行を開始しました [シナリオ名: ログイン]
[ADMIN] 15:17:23.876224 シナリオ走行を終了しました [シナリオ名: ログイン]
[ADMIN] 15:17:23.876231 シナリオ走行を開始しました [シナリオ名: ログイン]
[ADMIN] 15:17:23.877335 シナリオ走行を終了しました [シナリオ名: ログイン]
[ADMIN] 15:17:23.877342 シナリオ走行を終了しました [シナリオ名: ログイン]
[ADMIN] 15:17:23.877344 シナリオ走行を開始しました [シナリオ名: ログイン]
[ADMIN] 15:17:23.877348 シナリオ走行を開始しました [シナリオ名: ログイン]
[ADMIN] 15:17:23.880204 シナリオ走行を終了しました [シナリオ名: ログイン]
[ADMIN] 15:17:23.880214 シナリオ走行を開始しました [シナリオ名: ログイン]
[ADMIN] 15:17:23.880291 シナリオ走行を終了しました [シナリオ名: ログイン]
[ADMIN] 15:17:23.880304 シナリオ走行を開始しました [シナリオ名: ログイン]
[ADMIN] 15:17:23.882568 シナリオ走行を終了しました [シナリオ名: ログイン]
[ADMIN] 15:17:23.882575 シナリオ走行を開始しました [シナリオ名: ログイン]
[ADMIN] 15:17:23.882732 シナリオ走行を終了しました [シナリオ名: ログイン]
[ADMIN] 15:17:23.882741 シナリオ走行を開始しました [シナリオ名: ログイン]
[ADMIN] 15:17:23.884477 シナリオ走行を終了しました [シナリオ名: ログイン]
[ADMIN] 15:17:23.884486 シナリオ走行を開始しました [シナリオ名: ログイン]
[ADMIN] 15:17:23.884596 シナリオ走行を終了しました [シナリオ名: ログイン]
[ADMIN] 15:17:23.884605 シナリオ走行を開始しました [シナリオ名: ログイン]
[ADMIN] 15:17:23.885744 シナリオ走行を終了しました [シナリオ名: ログイン]
[ADMIN] 15:17:23.885751 シナリオ走行を開始しました [シナリオ名: ログイン]
[ADMIN] 15:17:23.885873 シナリオ走行を終了しました [シナリオ名: ログイン]
[ADMIN] 15:17:23.885883 シナリオ走行を開始しました [シナリオ名: ログイン]
[ADMIN] 15:17:23.890399 シナリオ走行を終了しました [シナリオ名: ログイン]
[ADMIN] 15:17:23.890409 シナリオ走行を開始しました [シナリオ名: ログイン]
[ADMIN] 15:17:23.890938 シナリオ走行を終了しました [シナリオ名: ログイン]
[ADMIN] 15:17:23.890947 シナリオ走行を開始しました [シナリオ名: ログイン]
[ADMIN] 15:17:23.891370 シナリオ走行を終了しました [シナリオ名: ログイン]
[ADMIN] 15:17:23.891378 シナリオ走行を開始しました [シナリオ名: ログイン]
[ADMIN] 15:17:23.891913 シナリオ走行を終了しました [シナリオ名: ログイン]
[ADMIN] 15:17:23.891921 シナリオ走行を開始しました [シナリオ名: ログイン]
[ADMIN] 15:17:23.892322 シナリオ走行を終了しました [シナリオ名: ログイン]
[ADMIN] 15:17:23.892335 シナリオ走行を開始しました [シナリオ名: ログイン]
[ADMIN] 15:17:23.892930 シナリオ走行を終了しました [シナリオ名: ログイン]
[ADMIN] 15:17:23.892938 シナリオ走行を開始しました [シナリオ名: ログイン]
[ADMIN] 15:17:23.893439 シナリオ走行を終了しました [シナリオ名: ログイン]
[ADMIN] 15:17:23.893448 シナリオ走行を開始しました [シナリオ名: ログイン]
[ADMIN] 15:17:23.893919 シナリオ走行を終了しました [シナリオ名: ログイン]
[ADMIN] 15:17:23.893929 シナリオ走行を開始しました [シナリオ名: ログイン]
[ADMIN] 15:17:23.894462 シナリオ走行を終了しました [シナリオ名: ログイン]
[ADMIN] 15:17:23.894471 シナリオ走行を開始しました [シナリオ名: ログイン]
[ADMIN] 15:17:23.894995 シナリオ走行を終了しました [シナリオ名: ログイン]
[ADMIN] 15:17:23.895003 シナリオ走行を開始しました [シナリオ名: ログイン]
[ADMIN] 15:17:23.895476 シナリオ走行を終了しました [シナリオ名: ログイン]
[ADMIN] 15:17:23.895483 シナリオ走行を開始しました [シナリオ名: ログイン]
[ADMIN] 15:17:23.896056 シナリオ走行を終了しました [シナリオ名: ログイン]
[ADMIN] 15:17:23.896064 シナリオ走行を開始しました [シナリオ名: ログイン]
[ADMIN] 15:17:23.897612 シナリオ走行を終了しました [シナリオ名: ログイン]
[ADMIN] 15:17:23.897621 シナリオ走行を開始しました [シナリオ名: ログイン]
[ADMIN] 15:17:23.897912 シナリオ走行を終了しました [シナリオ名: ログイン]
[ADMIN] 15:17:23.897953 シナリオ走行を開始しました [シナリオ名: ログイン]
[ADMIN] 15:17:23.899918 シナリオ走行を終了しました [シナリオ名: ログイン]
[ADMIN] 15:17:23.899927 シナリオ走行を開始しました [シナリオ名: ログイン]
[ADMIN] 15:17:23.900148 シナリオ走行を終了しました [シナリオ名: ログイン]
[ADMIN] 15:17:23.900155 シナリオ走行を開始しました [シナリオ名: ログイン]
[ADMIN] 15:17:23.905508 シナリオ走行を終了しました [シナリオ名: ログイン]
[ADMIN] 15:17:23.905517 シナリオ走行を開始しました [シナリオ名: ログイン]
[ADMIN] 15:17:23.905780 シナリオ走行を終了しました [シナリオ名: ログイン]
[ADMIN] 15:17:23.905795 シナリオ走行を開始しました [シナリオ名: ログイン]
[ADMIN] 15:17:23.906855 シナリオ走行を終了しました [シナリオ名: ログイン]
[ADMIN] 15:17:23.906864 シナリオ走行を開始しました [シナリオ名: ログイン]
[ADMIN] 15:17:23.907142 シナリオ走行を終了しました [シナリオ名: ログイン]
[ADMIN] 15:17:23.907149 シナリオ走行を開始しました [シナリオ名: ログイン]
[ADMIN] 15:17:23.907413 シナリオ走行を終了しました [シナリオ名: ログイン]
[ADMIN] 15:17:23.907423 シナリオ走行を開始しました [シナリオ名: ログイン]
[ADMIN] 15:17:23.911531 シナリオ走行を終了しました [シナリオ名: ログイン]
[ADMIN] 15:17:23.911538 シナリオ走行を開始しました [シナリオ名: ログイン]
[ADMIN] 15:17:23.911836 シナリオ走行を終了しました [シナリオ名: ログイン]
[ADMIN] 15:17:23.911845 シナリオ走行を開始しました [シナリオ名: ログイン]
[ADMIN] 15:17:23.912513 シナリオ走行を終了しました [シナリオ名: ログイン]
[ADMIN] 15:17:23.912521 シナリオ走行を開始しました [シナリオ名: ログイン]
[ADMIN] 15:17:23.913004 シナリオ走行を終了しました [シナリオ名: ログイン]
[ADMIN] 15:17:23.913011 シナリオ走行を開始しました [シナリオ名: ログイン]
[ADMIN] 15:17:23.913595 シナリオ走行を終了しました [シナリオ名: ログイン]
[ADMIN] 15:17:23.913603 シナリオ走行を開始しました [シナリオ名: ログイン]
[ADMIN] 15:17:23.914086 シナリオ走行を終了しました [シナリオ名: ログイン]
[ADMIN] 15:17:23.914094 シナリオ走行を開始しました [シナリオ名: ログイン]
[ADMIN] 15:17:23.914642 シナリオ走行を終了しました [シナリオ名: ログイン]
[ADMIN] 15:17:23.914650 シナリオ走行を開始しました [シナリオ名: ログイン]
[ADMIN] 15:17:23.915085 シナリオ走行を終了しました [シナリオ名: ログイン]
[ADMIN] 15:17:23.915093 シナリオ走行を開始しました [シナリオ名: ログイン]
[ADMIN] 15:17:23.915673 シナリオ走行を終了しました [シナリオ名: ログイン]
[ADMIN] 15:17:23.915680 シナリオ走行を開始しました [シナリオ名: ログイン]
[ADMIN] 15:17:23.916178 シナリオ走行を終了しました [シナリオ名: ログイン]
[ADMIN] 15:17:23.916187 シナリオ走行を開始しました [シナリオ名: ログイン]
[ADMIN] 15:17:23.916698 シナリオ走行を終了しました [シナリオ名: ログイン]
[ADMIN] 15:17:23.916705 シナリオ走行を開始しました [シナリオ名: ログイン]
[ADMIN] 15:17:23.916984 シナリオ走行を終了しました [シナリオ名: Banユーザログイン]
[ADMIN] 15:17:23.916995 シナリオ走行を開始しました [シナリオ名: Banユーザログイン]
[ADMIN] 15:17:23.917219 シナリオ走行を終了しました [シナリオ名: ログイン]
[ADMIN] 15:17:23.917228 シナリオ走行を開始しました [シナリオ名: ログイン]
[ADMIN] 15:17:23.920194 シナリオ走行を終了しました [シナリオ名: ログイン]
[ADMIN] 15:17:23.920204 シナリオ走行を開始しました [シナリオ名: ログイン]
[ADMIN] 15:17:23.923418 シナリオ走行を終了しました [シナリオ名: ログイン]
[ADMIN] 15:17:23.923427 シナリオ走行を開始しました [シナリオ名: ログイン]
[ADMIN] 15:17:23.923662 シナリオ走行を終了しました [シナリオ名: ログイン]
[ADMIN] 15:17:23.923691 シナリオ走行を開始しました [シナリオ名: ログイン]
[ADMIN] 15:17:23.924714 シナリオ走行を終了しました [シナリオ名: ログイン]
[ADMIN] 15:17:23.924722 シナリオ走行を開始しました [シナリオ名: ログイン]
[ADMIN] 15:17:23.924951 シナリオ走行を終了しました [シナリオ名: ログイン]
[ADMIN] 15:17:23.924960 シナリオ走行を開始しました [シナリオ名: ログイン]
[ADMIN] 15:17:23.925965 シナリオ走行を終了しました [シナリオ名: ログイン]
[ADMIN] 15:17:23.925971 シナリオ走行を開始しました [シナリオ名: ログイン]
[ADMIN] 15:17:23.926246 シナリオ走行を終了しました [シナリオ名: ログイン]
[ADMIN] 15:17:23.926256 シナリオ走行を開始しました [シナリオ名: ログイン]
[ADMIN] 15:17:23.927226 シナリオ走行を終了しました [シナリオ名: ログイン]
[ADMIN] 15:17:23.927236 シナリオ走行を開始しました [シナリオ名: ログイン]
[ADMIN] 15:17:23.927474 シナリオ走行を終了しました [シナリオ名: ログイン]
[ADMIN] 15:17:23.927483 シナリオ走行を開始しました [シナリオ名: ログイン]
[ADMIN] 15:17:23.933140 シナリオ走行を終了しました [シナリオ名: ログイン]
[ADMIN] 15:17:23.933149 シナリオ走行を開始しました [シナリオ名: ログイン]
[ADMIN] 15:17:23.933391 シナリオ走行を終了しました [シナリオ名: ログイン]
[ADMIN] 15:17:23.933398 シナリオ走行を開始しました [シナリオ名: ログイン]
[ADMIN] 15:17:23.934127 シナリオ走行を終了しました [シナリオ名: ログイン]
[ADMIN] 15:17:23.934136 シナリオ走行を開始しました [シナリオ名: ログイン]
[ADMIN] 15:17:23.934591 シナリオ走行を終了しました [シナリオ名: ログイン]
[ADMIN] 15:17:23.934601 シナリオ走行を開始しました [シナリオ名: ログイン]
[ADMIN] 15:17:23.935102 シナリオ走行を終了しました [シナリオ名: ログイン]
[ADMIN] 15:17:23.935112 シナリオ走行を開始しました [シナリオ名: ログイン]
[ADMIN] 15:17:23.935631 シナリオ走行を終了しました [シナリオ名: ログイン]
[ADMIN] 15:17:23.935639 シナリオ走行を開始しました [シナリオ名: ログイン]
[ADMIN] 15:17:23.936128 シナリオ走行を終了しました [シナリオ名: ログイン]
[ADMIN] 15:17:23.936137 シナリオ走行を開始しました [シナリオ名: ログイン]
[ADMIN] 15:17:23.936657 シナリオ走行を終了しました [シナリオ名: ログイン]
[ADMIN] 15:17:23.936666 シナリオ走行を開始しました [シナリオ名: ログイン]
[ADMIN] 15:17:23.937224 シナリオ走行を終了しました [シナリオ名: ログイン]
[ADMIN] 15:17:23.937250 シナリオ走行を開始しました [シナリオ名: ログイン]
[ADMIN] 15:17:23.941046 シナリオ走行を終了しました [シナリオ名: ログイン]
[ADMIN] 15:17:23.941055 シナリオ走行を開始しました [シナリオ名: ログイン]
[ADMIN] 15:17:23.941293 シナリオ走行を終了しました [シナリオ名: ログイン]
[ADMIN] 15:17:23.941302 シナリオ走行を開始しました [シナリオ名: ログイン]
[ADMIN] 15:17:23.942443 シナリオ走行を終了しました [シナリオ名: ログイン]
[ADMIN] 15:17:23.942452 シナリオ走行を開始しました [シナリオ名: ログイン]
[ADMIN] 15:17:23.942716 シナリオ走行を終了しました [シナリオ名: ログイン]
[ADMIN] 15:17:23.942725 シナリオ走行を開始しました [シナリオ名: ログイン]
[ADMIN] 15:17:23.946204 シナリオ走行を終了しました [シナリオ名: ログイン]
[ADMIN] 15:17:23.946212 シナリオ走行を開始しました [シナリオ名: ログイン]
[ADMIN] 15:17:23.951155 シナリオ走行を終了しました [シナリオ名: ログイン]
[ADMIN] 15:17:23.951164 シナリオ走行を開始しました [シナリオ名: ログイン]
[ADMIN] 15:17:23.952163 シナリオ走行を終了しました [シナリオ名: ログイン]
[ADMIN] 15:17:23.952172 シナリオ走行を開始しました [シナリオ名: ログイン]
[ADMIN] 15:17:23.952209 シナリオ走行を終了しました [シナリオ名: ログイン]
[ADMIN] 15:17:23.952217 シナリオ走行を開始しました [シナリオ名: ログイン]
[ADMIN] 15:17:23.952612 シナリオ走行を終了しました [シナリオ名: ログイン]
[ADMIN] 15:17:23.952624 シナリオ走行を開始しました [シナリオ名: ログイン]
[ADMIN] 15:17:23.955316 シナリオ走行を終了しました [シナリオ名: ログイン]
[ADMIN] 15:17:23.955324 シナリオ走行を開始しました [シナリオ名: ログイン]
[ADMIN] 15:17:23.960302 シナリオ走行を終了しました [シナリオ名: ログイン]
[ADMIN] 15:17:23.960310 シナリオ走行を開始しました [シナリオ名: ログイン]
[ADMIN] 15:17:23.961911 シナリオ走行を終了しました [シナリオ名: ログイン]
[ADMIN] 15:17:23.961919 シナリオ走行を開始しました [シナリオ名: ログイン]
[ADMIN] 15:17:23.964444 シナリオ走行を終了しました [シナリオ名: ログイン]
[ADMIN] 15:17:23.964453 シナリオ走行を開始しました [シナリオ名: ログイン]
[ADMIN] 15:17:23.964919 シナリオ走行を終了しました [シナリオ名: ログイン]
[ADMIN] 15:17:23.964928 シナリオ走行を開始しました [シナリオ名: ログイン]
[ADMIN] 15:17:23.966504 シナリオ走行を終了しました [シナリオ名: ログイン]
[ADMIN] 15:17:23.966512 シナリオ走行を開始しました [シナリオ名: ログイン]
[ADMIN] 15:17:23.968731 シナリオ走行を終了しました [シナリオ名: ログイン]
[ADMIN] 15:17:23.968739 シナリオ走行を開始しました [シナリオ名: ログイン]
[ADMIN] 15:17:23.969916 シナリオ走行を終了しました [シナリオ名: ログイン]
[ADMIN] 15:17:23.969925 シナリオ走行を開始しました [シナリオ名: ログイン]
[ADMIN] 15:17:23.972623 シナリオ走行を終了しました [シナリオ名: ログイン]
[ADMIN] 15:17:23.972632 シナリオ走行を開始しました [シナリオ名: ログイン]
[ADMIN] 15:17:23.972886 シナリオ走行を終了しました [シナリオ名: ログイン]
[ADMIN] 15:17:23.972895 シナリオ走行を開始しました [シナリオ名: ログイン]
[ADMIN] 15:17:23.974043 シナリオ走行を終了しました [シナリオ名: ログイン]
[ADMIN] 15:17:23.974052 シナリオ走行を開始しました [シナリオ名: ログイン]
[ADMIN] 15:17:23.976793 シナリオ走行を終了しました [シナリオ名: ログイン]
[ADMIN] 15:17:23.976803 シナリオ走行を開始しました [シナリオ名: ログイン]
[ADMIN] 15:17:23.978481 シナリオ走行を終了しました [シナリオ名: ログイン]
[ADMIN] 15:17:23.978490 シナリオ走行を開始しました [シナリオ名: ログイン]
[ADMIN] 15:17:23.985135 シナリオ走行を終了しました [シナリオ名: ログイン]
[ADMIN] 15:17:23.985145 シナリオ走行を開始しました [シナリオ名: ログイン]
[ADMIN] 15:17:23.985184 シナリオ走行を終了しました [シナリオ名: ログイン]
[ADMIN] 15:17:23.985192 シナリオ走行を開始しました [シナリオ名: ログイン]
[ADMIN] 15:17:23.986491 シナリオ走行を終了しました [シナリオ名: ログイン]
[ADMIN] 15:17:23.986498 シナリオ走行を終了しました [シナリオ名: ログイン]
[ADMIN] 15:17:23.986500 シナリオ走行を開始しました [シナリオ名: ログイン]
[ADMIN] 15:17:23.986503 シナリオ走行を開始しました [シナリオ名: ログイン]
[ADMIN] 15:17:23.988553 シナリオ走行を終了しました [シナリオ名: ログイン]
[ADMIN] 15:17:23.988563 シナリオ走行を開始しました [シナリオ名: ログイン]
[ADMIN] 15:17:23.988571 シナリオ走行を終了しました [シナリオ名: ログイン]
[ADMIN] 15:17:23.988576 シナリオ走行を開始しました [シナリオ名: ログイン]
[ADMIN] 15:17:23.990124 シナリオ走行を終了しました [シナリオ名: ログイン]
[ADMIN] 15:17:23.990134 シナリオ走行を開始しました [シナリオ名: ログイン]
[ADMIN] 15:17:23.990160 シナリオ走行を終了しました [シナリオ名: ログイン]
[ADMIN] 15:17:23.990166 シナリオ走行を開始しました [シナリオ名: ログイン]
[ADMIN] 15:17:23.991660 シナリオ走行を終了しました [シナリオ名: ログイン]
[ADMIN] 15:17:23.991668 シナリオ走行を開始しました [シナリオ名: ログイン]
[ADMIN] 15:17:23.991712 シナリオ走行を終了しました [シナリオ名: ログイン]
[ADMIN] 15:17:23.991720 シナリオ走行を開始しました [シナリオ名: ログイン]
[ADMIN] 15:17:23.993256 シナリオ走行を終了しました [シナリオ名: ログイン]
[ADMIN] 15:17:23.993264 シナリオ走行を開始しました [シナリオ名: ログイン]
[ADMIN] 15:17:23.994053 シナリオ走行を終了しました [シナリオ名: ログイン]
[ADMIN] 15:17:23.994062 シナリオ走行を開始しました [シナリオ名: ログイン]
[ADMIN] 15:17:23.994113 シナリオ走行を終了しました [シナリオ名: ログイン]
[ADMIN] 15:17:23.994122 シナリオ走行を開始しました [シナリオ名: ログイン]
[ADMIN] 15:17:23.997124 シナリオ走行を終了しました [シナリオ名: ログイン]
[ADMIN] 15:17:23.997134 シナリオ走行を開始しました [シナリオ名: ログイン]
[ADMIN] 15:17:23.997159 シナリオ走行を終了しました [シナリオ名: ログイン]
[ADMIN] 15:17:23.997171 シナリオ走行を開始しました [シナリオ名: ログイン]
[ADMIN] 15:17:23.998419 シナリオ走行を終了しました [シナリオ名: ログイン]
[ADMIN] 15:17:23.998429 シナリオ走行を開始しました [シナリオ名: ログイン]
[ADMIN] 15:17:23.998889 シナリオ走行を終了しました [シナリオ名: ログイン]
[ADMIN] 15:17:23.998898 シナリオ走行を開始しました [シナリオ名: ログイン]
[ADMIN] 15:17:23.999616 シナリオ走行を終了しました [シナリオ名: ログイン]
[ADMIN] 15:17:23.999625 シナリオ走行を開始しました [シナリオ名: ログイン]
[ADMIN] 15:17:24.003944 シナリオ走行を終了しました [シナリオ名: ログイン]
[ADMIN] 15:17:24.003955 シナリオ走行を開始しました [シナリオ名: ログイン]
[ADMIN] 15:17:24.004013 シナリオ走行を終了しました [シナリオ名: ログイン]
[ADMIN] 15:17:24.004026 シナリオ走行を開始しました [シナリオ名: ログイン]
[ADMIN] 15:17:24.005809 シナリオ走行を終了しました [シナリオ名: ログイン]
[ADMIN] 15:17:24.005818 シナリオ走行を開始しました [シナリオ名: ログイン]
[ADMIN] 15:17:24.005849 シナリオ走行を終了しました [シナリオ名: ログイン]
[ADMIN] 15:17:24.005857 シナリオ走行を開始しました [シナリオ名: ログイン]
[ADMIN] 15:17:24.012482 シナリオ走行を終了しました [シナリオ名: ログイン]
[ADMIN] 15:17:24.012511 シナリオ走行を開始しました [シナリオ名: ログイン]
[ADMIN] 15:17:24.012520 シナリオ走行を終了しました [シナリオ名: ログイン]
[ADMIN] 15:17:24.012527 シナリオ走行を開始しました [シナリオ名: ログイン]
[ADMIN] 15:17:24.015681 シナリオ走行を終了しました [シナリオ名: ログイン]
[ADMIN] 15:17:24.015690 シナリオ走行を開始しました [シナリオ名: ログイン]
[ADMIN] 15:17:24.015699 シナリオ走行を終了しました [シナリオ名: ログイン]
[ADMIN] 15:17:24.015703 シナリオ走行を開始しました [シナリオ名: ログイン]
[ADMIN] 15:17:24.018250 シナリオ走行を終了しました [シナリオ名: ログイン]
[ADMIN] 15:17:24.018259 シナリオ走行を開始しました [シナリオ名: ログイン]
[ADMIN] 15:17:24.018272 シナリオ走行を終了しました [シナリオ名: ログイン]
[ADMIN] 15:17:24.018277 シナリオ走行を開始しました [シナリオ名: ログイン]
[ADMIN] 15:17:24.020098 シナリオ走行を終了しました [シナリオ名: ログイン]
[ADMIN] 15:17:24.020108 シナリオ走行を開始しました [シナリオ名: ログイン]
[ADMIN] 15:17:24.020130 シナリオ走行を終了しました [シナリオ名: ログイン]
[ADMIN] 15:17:24.020138 シナリオ走行を開始しました [シナリオ名: ログイン]
[ADMIN] 15:17:24.020194 シナリオ走行を終了しました [シナリオ名: ログイン]
[ADMIN] 15:17:24.020205 シナリオ走行を開始しました [シナリオ名: ログイン]
[ADMIN] 15:17:24.020819 シナリオ走行を終了しました [シナリオ名: ログイン]
[ADMIN] 15:17:24.020826 シナリオ走行を開始しました [シナリオ名: ログイン]
[ADMIN] 15:17:24.022475 シナリオ走行を終了しました [シナリオ名: ログイン]
[ADMIN] 15:17:24.022485 シナリオ走行を開始しました [シナリオ名: ログイン]
[ADMIN] 15:17:24.022518 シナリオ走行を終了しました [シナリオ名: ログイン]
[ADMIN] 15:17:24.022531 シナリオ走行を開始しました [シナリオ名: ログイン]
[ADMIN] 15:17:24.023857 シナリオ走行を終了しました [シナリオ名: ログイン]
[ADMIN] 15:17:24.023867 シナリオ走行を開始しました [シナリオ名: ログイン]
[ADMIN] 15:17:24.023879 シナリオ走行を終了しました [シナリオ名: ログイン]
[ADMIN] 15:17:24.023885 シナリオ走行を開始しました [シナリオ名: ログイン]
[ADMIN] 15:17:24.025815 シナリオ走行を終了しました [シナリオ名: ログイン]
[ADMIN] 15:17:24.025824 シナリオ走行を開始しました [シナリオ名: ログイン]
[ADMIN] 15:17:24.025872 シナリオ走行を終了しました [シナリオ名: ログイン]
[ADMIN] 15:17:24.025881 シナリオ走行を開始しました [シナリオ名: ログイン]
[ADMIN] 15:17:24.026979 シナリオ走行を終了しました [シナリオ名: ログイン]
[ADMIN] 15:17:24.026988 シナリオ走行を開始しました [シナリオ名: ログイン]
[ADMIN] 15:17:24.030809 シナリオ走行を終了しました [シナリオ名: ログイン]
[ADMIN] 15:17:24.030819 シナリオ走行を開始しました [シナリオ名: ログイン]
[ADMIN] 15:17:24.030850 シナリオ走行を終了しました [シナリオ名: ログイン]
[ADMIN] 15:17:24.030858 シナリオ走行を開始しました [シナリオ名: ログイン]
[ADMIN] 15:17:24.032457 シナリオ走行を終了しました [シナリオ名: ログイン]
[ADMIN] 15:17:24.032466 シナリオ走行を開始しました [シナリオ名: ログイン]
[ADMIN] 15:17:24.032483 シナリオ走行を終了しました [シナリオ名: ログイン]
[ADMIN] 15:17:24.032488 シナリオ走行を開始しました [シナリオ名: ログイン]
[ADMIN] 15:17:24.034255 シナリオ走行を終了しました [シナリオ名: ログイン]
[ADMIN] 15:17:24.034265 シナリオ走行を開始しました [シナリオ名: ログイン]
[ADMIN] 15:17:24.034288 シナリオ走行を終了しました [シナリオ名: ログイン]
[ADMIN] 15:17:24.034293 シナリオ走行を開始しました [シナリオ名: ログイン]
[ADMIN] 15:17:24.035484 シナリオ走行を終了しました [シナリオ名: ログイン]
[ADMIN] 15:17:24.035493 シナリオ走行を開始しました [シナリオ名: ログイン]
[ADMIN] 15:17:24.038217 シナリオ走行を終了しました [シナリオ名: ログイン]
[ADMIN] 15:17:24.038226 シナリオ走行を開始しました [シナリオ名: ログイン]
[ADMIN] 15:17:24.042687 シナリオ走行を終了しました [シナリオ名: ログイン]
[ADMIN] 15:17:24.042697 シナリオ走行を開始しました [シナリオ名: ログイン]
[ADMIN] 15:17:24.043192 シナリオ走行を終了しました [シナリオ名: ログイン]
[ADMIN] 15:17:24.043200 シナリオ走行を開始しました [シナリオ名: ログイン]
[ADMIN] 15:17:24.043789 シナリオ走行を終了しました [シナリオ名: ログイン]
[ADMIN] 15:17:24.043799 シナリオ走行を開始しました [シナリオ名: ログイン]
[ADMIN] 15:17:24.044198 シナリオ走行を終了しました [シナリオ名: ログイン]
[ADMIN] 15:17:24.044205 シナリオ走行を開始しました [シナリオ名: ログイン]
[ADMIN] 15:17:24.044943 シナリオ走行を終了しました [シナリオ名: ログイン]
[ADMIN] 15:17:24.044952 シナリオ走行を開始しました [シナリオ名: ログイン]
[ADMIN] 15:17:24.047260 シナリオ走行を終了しました [シナリオ名: ログイン]
[ADMIN] 15:17:24.047269 シナリオ走行を開始しました [シナリオ名: ログイン]
[ADMIN] 15:17:24.047299 シナリオ走行を終了しました [シナリオ名: ログイン]
[ADMIN] 15:17:24.047308 シナリオ走行を開始しました [シナリオ名: ログイン]
[ADMIN] 15:17:24.048602 シナリオ走行を終了しました [シナリオ名: ログイン]
[ADMIN] 15:17:24.048611 シナリオ走行を開始しました [シナリオ名: ログイン]
[ADMIN] 15:17:24.048640 シナリオ走行を終了しました [シナリオ名: ログイン]
[ADMIN] 15:17:24.048648 シナリオ走行を開始しました [シナリオ名: ログイン]
[ADMIN] 15:17:24.050083 シナリオ走行を終了しました [シナリオ名: ログイン]
[ADMIN] 15:17:24.050098 シナリオ走行を開始しました [シナリオ名: ログイン]
[ADMIN] 15:17:24.050174 シナリオ走行を終了しました [シナリオ名: ログイン]
[ADMIN] 15:17:24.050186 シナリオ走行を開始しました [シナリオ名: ログイン]
[ADMIN] 15:17:24.050279 シナリオ走行を終了しました [シナリオ名: ログイン]
[ADMIN] 15:17:24.050289 シナリオ走行を開始しました [シナリオ名: ログイン]
[ADMIN] 15:17:24.052194 シナリオ走行を終了しました [シナリオ名: ログイン]
[ADMIN] 15:17:24.052205 シナリオ走行を開始しました [シナリオ名: ログイン]
[ADMIN] 15:17:24.052241 シナリオ走行を終了しました [シナリオ名: ログイン]
[ADMIN] 15:17:24.052261 シナリオ走行を開始しました [シナリオ名: ログイン]
[ADMIN] 15:17:24.054592 シナリオ走行を終了しました [シナリオ名: ログイン]
[ADMIN] 15:17:24.054601 シナリオ走行を開始しました [シナリオ名: ログイン]
[ADMIN] 15:17:24.054649 シナリオ走行を終了しました [シナリオ名: ログイン]
[ADMIN] 15:17:24.054662 シナリオ走行を開始しました [シナリオ名: ログイン]
[ADMIN] 15:17:24.056660 シナリオ走行を終了しました [シナリオ名: ログイン]
[ADMIN] 15:17:24.056670 シナリオ走行を開始しました [シナリオ名: ログイン]
[ADMIN] 15:17:24.056698 シナリオ走行を終了しました [シナリオ名: ログイン]
[ADMIN] 15:17:24.056712 シナリオ走行を開始しました [シナリオ名: ログイン]
[ADMIN] 15:17:24.057417 シナリオ走行を終了しました [シナリオ名: ログイン]
[ADMIN] 15:17:24.057426 シナリオ走行を開始しました [シナリオ名: ログイン]
[ADMIN] 15:17:24.063410 シナリオ走行を終了しました [シナリオ名: ログイン]
[ADMIN] 15:17:24.063420 シナリオ走行を開始しました [シナリオ名: ログイン]
[ADMIN] 15:17:24.063452 シナリオ走行を終了しました [シナリオ名: ログイン]
[ADMIN] 15:17:24.063459 シナリオ走行を開始しました [シナリオ名: ログイン]
[ADMIN] 15:17:24.065753 シナリオ走行を終了しました [シナリオ名: ログイン]
[ADMIN] 15:17:24.065762 シナリオ走行を開始しました [シナリオ名: ログイン]
[ADMIN] 15:17:24.065796 シナリオ走行を終了しました [シナリオ名: ログイン]
[ADMIN] 15:17:24.065806 シナリオ走行を開始しました [シナリオ名: ログイン]
[ADMIN] 15:17:24.069630 シナリオ走行を終了しました [シナリオ名: ログイン]
[ADMIN] 15:17:24.069637 シナリオ走行を終了しました [シナリオ名: ログイン]
[ADMIN] 15:17:24.069640 シナリオ走行を開始しました [シナリオ名: ログイン]
[ADMIN] 15:17:24.069642 シナリオ走行を開始しました [シナリオ名: ログイン]
[ADMIN] 15:17:24.075052 シナリオ走行を終了しました [シナリオ名: ログイン]
[ADMIN] 15:17:24.075062 シナリオ走行を開始しました [シナリオ名: ログイン]
[ADMIN] 15:17:24.075066 シナリオ走行を終了しました [シナリオ名: ログイン]
[ADMIN] 15:17:24.075071 シナリオ走行を開始しました [シナリオ名: ログイン]
[ADMIN] 15:17:24.078757 シナリオ走行を終了しました [シナリオ名: ログイン]
[ADMIN] 15:17:24.078766 シナリオ走行を開始しました [シナリオ名: ログイン]
[ADMIN] 15:17:24.082681 シナリオ走行を終了しました [シナリオ名: ログイン]
[ADMIN] 15:17:24.082695 シナリオ走行を開始しました [シナリオ名: ログイン]
[ADMIN] 15:17:24.082813 シナリオ走行を終了しました [シナリオ名: ログイン]
[ADMIN] 15:17:24.082821 シナリオ走行を開始しました [シナリオ名: ログイン]
[ADMIN] 15:17:24.086757 シナリオ走行を終了しました [シナリオ名: ログイン]
[ADMIN] 15:17:24.086766 シナリオ走行を開始しました [シナリオ名: ログイン]
[ADMIN] 15:17:24.086791 シナリオ走行を終了しました [シナリオ名: ログイン]
[ADMIN] 15:17:24.086797 シナリオ走行を開始しました [シナリオ名: ログイン]
[ADMIN] 15:17:24.091640 シナリオ走行を終了しました [シナリオ名: ログイン]
[ADMIN] 15:17:24.091650 シナリオ走行を開始しました [シナリオ名: ログイン]
[ADMIN] 15:17:24.095183 シナリオ走行を終了しました [シナリオ名: ログイン]
[ADMIN] 15:17:24.095192 シナリオ走行を開始しました [シナリオ名: ログイン]
[ADMIN] 15:17:24.095279 シナリオ走行を終了しました [シナリオ名: ログイン]
[ADMIN] 15:17:24.095293 シナリオ走行を開始しました [シナリオ名: ログイン]
[ADMIN] 15:17:24.096311 シナリオ走行を終了しました [シナリオ名: ログイン]
[ADMIN] 15:17:24.096319 シナリオ走行を開始しました [シナリオ名: ログイン]
[ADMIN] 15:17:24.096511 シナリオ走行を終了しました [シナリオ名: ログイン]
[ADMIN] 15:17:24.096520 シナリオ走行を開始しました [シナリオ名: ログイン]
[ADMIN] 15:17:24.097703 シナリオ走行を終了しました [シナリオ名: ログイン]
[ADMIN] 15:17:24.097711 シナリオ走行を開始しました [シナリオ名: ログイン]
[ADMIN] 15:17:24.097755 シナリオ走行を終了しました [シナリオ名: ログイン]
[ADMIN] 15:17:24.097764 シナリオ走行を開始しました [シナリオ名: ログイン]
[ADMIN] 15:17:24.098444 シナリオ走行を終了しました [シナリオ名: ログイン]
[ADMIN] 15:17:24.098453 シナリオ走行を開始しました [シナリオ名: ログイン]
[ADMIN] 15:17:24.098938 シナリオ走行を終了しました [シナリオ名: ログイン]
[ADMIN] 15:17:24.098948 シナリオ走行を開始しました [シナリオ名: ログイン]
[ADMIN] 15:17:24.100197 シナリオ走行を終了しました [シナリオ名: ログイン]
[ADMIN] 15:17:24.100206 シナリオ走行を開始しました [シナリオ名: ログイン]
[ADMIN] 15:17:24.107867 シナリオ走行を終了しました [シナリオ名: ログイン]
[ADMIN] 15:17:24.107878 シナリオ走行を開始しました [シナリオ名: ログイン]
[ADMIN] 15:17:24.107923 シナリオ走行を終了しました [シナリオ名: ログイン]
[ADMIN] 15:17:24.107936 シナリオ走行を開始しました [シナリオ名: ログイン]
[ADMIN] 15:17:24.115645 シナリオ走行を終了しました [シナリオ名: ログイン]
[ADMIN] 15:17:24.115654 シナリオ走行を開始しました [シナリオ名: ログイン]
[ADMIN] 15:17:24.122358 シナリオ走行を終了しました [シナリオ名: ログイン]
[ADMIN] 15:17:24.122366 シナリオ走行を開始しました [シナリオ名: ログイン]
[ADMIN] 15:17:24.125559 シナリオ走行を終了しました [シナリオ名: ログイン]
[ADMIN] 15:17:24.125573 シナリオ走行を開始しました [シナリオ名: ログイン]
[ADMIN] 15:17:24.125615 シナリオ走行を終了しました [シナリオ名: ログイン]
[ADMIN] 15:17:24.125624 シナリオ走行を開始しました [シナリオ名: ログイン]
[ADMIN] 15:17:24.126729 シナリオ走行を終了しました [シナリオ名: ログイン]
[ADMIN] 15:17:24.126738 シナリオ走行を開始しました [シナリオ名: ログイン]
[ADMIN] 15:17:24.126989 シナリオ走行を終了しました [シナリオ名: ログイン]
[ADMIN] 15:17:24.126997 シナリオ走行を開始しました [シナリオ名: ログイン]
[ADMIN] 15:17:24.128102 シナリオ走行を終了しました [シナリオ名: ログイン]
[ADMIN] 15:17:24.128109 シナリオ走行を開始しました [シナリオ名: ログイン]
[ADMIN] 15:17:24.128443 シナリオ走行を終了しました [シナリオ名: ログイン]
[ADMIN] 15:17:24.128452 シナリオ走行を開始しました [シナリオ名: ログイン]
[ADMIN] 15:17:24.129134 シナリオ走行を終了しました [シナリオ名: ログイン]
[ADMIN] 15:17:24.129143 シナリオ走行を開始しました [シナリオ名: ログイン]
[ADMIN] 15:17:24.129661 シナリオ走行を終了しました [シナリオ名: ログイン]
[ADMIN] 15:17:24.129669 シナリオ走行を開始しました [シナリオ名: ログイン]
[ADMIN] 15:17:24.130220 シナリオ走行を終了しました [シナリオ名: ログイン]
[ADMIN] 15:17:24.130229 シナリオ走行を開始しました [シナリオ名: ログイン]
[ADMIN] 15:17:24.131882 シナリオ走行を終了しました [シナリオ名: ログイン]
[ADMIN] 15:17:24.131889 シナリオ走行を開始しました [シナリオ名: ログイン]
[ADMIN] 15:17:24.134457 シナリオ走行を終了しました [シナリオ名: ログイン]
[ADMIN] 15:17:24.134466 シナリオ走行を開始しました [シナリオ名: ログイン]
[ADMIN] 15:17:24.134467 シナリオ走行を終了しました [シナリオ名: ログイン]
[ADMIN] 15:17:24.134473 シナリオ走行を開始しました [シナリオ名: ログイン]
[ADMIN] 15:17:24.137765 シナリオ走行を終了しました [シナリオ名: ログイン]
[ADMIN] 15:17:24.137775 シナリオ走行を開始しました [シナリオ名: ログイン]
[ADMIN] 15:17:24.142243 シナリオ走行を終了しました [シナリオ名: ログイン]
[ADMIN] 15:17:24.142254 シナリオ走行を開始しました [シナリオ名: ログイン]
[ADMIN] 15:17:24.142273 シナリオ走行を終了しました [シナリオ名: ログイン]
[ADMIN] 15:17:24.142280 シナリオ走行を開始しました [シナリオ名: ログイン]
[ADMIN] 15:17:24.144681 シナリオ走行を終了しました [シナリオ名: ログイン]
[ADMIN] 15:17:24.144691 シナリオ走行を開始しました [シナリオ名: ログイン]
[ADMIN] 15:17:24.144708 シナリオ走行を終了しました [シナリオ名: ログイン]
[ADMIN] 15:17:24.144714 シナリオ走行を開始しました [シナリオ名: ログイン]
[ADMIN] 15:17:24.147247 シナリオ走行を終了しました [シナリオ名: ログイン]
[ADMIN] 15:17:24.147257 シナリオ走行を開始しました [シナリオ名: ログイン]
[ADMIN] 15:17:24.147360 シナリオ走行を終了しました [シナリオ名: ログイン]
[ADMIN] 15:17:24.147370 シナリオ走行を開始しました [シナリオ名: ログイン]
[ADMIN] 15:17:24.148949 シナリオ走行を終了しました [シナリオ名: ログイン]
[ADMIN] 15:17:24.148957 シナリオ走行を開始しました [シナリオ名: ログイン]
[ADMIN] 15:17:24.148989 シナリオ走行を終了しました [シナリオ名: ログイン]
[ADMIN] 15:17:24.148999 シナリオ走行を開始しました [シナリオ名: ログイン]
[ADMIN] 15:17:24.150308 シナリオ走行を終了しました [シナリオ名: ログイン]
[ADMIN] 15:17:24.150315 シナリオ走行を開始しました [シナリオ名: ログイン]
[ADMIN] 15:17:24.150368 シナリオ走行を終了しました [シナリオ名: ログイン]
[ADMIN] 15:17:24.150377 シナリオ走行を開始しました [シナリオ名: ログイン]
[ADMIN] 15:17:24.157708 シナリオ走行を終了しました [シナリオ名: ログイン]
[ADMIN] 15:17:24.157718 シナリオ走行を開始しました [シナリオ名: ログイン]
[ADMIN] 15:17:24.157733 シナリオ走行を終了しました [シナリオ名: ログイン]
[ADMIN] 15:17:24.157738 シナリオ走行を開始しました [シナリオ名: ログイン]
[ADMIN] 15:17:24.158270 シナリオ走行を終了しました [シナリオ名: ログイン]
[ADMIN] 15:17:24.158279 シナリオ走行を開始しました [シナリオ名: ログイン]
[ADMIN] 15:17:24.158977 シナリオ走行を終了しました [シナリオ名: ログイン]
[ADMIN] 15:17:24.158985 シナリオ走行を開始しました [シナリオ名: ログイン]
[ADMIN] 15:17:24.159410 シナリオ走行を終了しました [シナリオ名: ログイン]
[ADMIN] 15:17:24.159418 シナリオ走行を開始しました [シナリオ名: ログイン]
[ADMIN] 15:17:24.161536 シナリオ走行を終了しました [シナリオ名: ログイン]
[ADMIN] 15:17:24.161544 シナリオ走行を開始しました [シナリオ名: ログイン]
[ADMIN] 15:17:24.161782 シナリオ走行を終了しました [シナリオ名: ログイン]
[ADMIN] 15:17:24.161790 シナリオ走行を開始しました [シナリオ名: ログイン]
[ADMIN] 15:17:24.162779 シナリオ走行を終了しました [シナリオ名: ログイン]
[ADMIN] 15:17:24.162787 シナリオ走行を開始しました [シナリオ名: ログイン]
[ADMIN] 15:17:24.163032 シナリオ走行を終了しました [シナリオ名: ログイン]
[ADMIN] 15:17:24.163041 シナリオ走行を開始しました [シナリオ名: ログイン]
[ADMIN] 15:17:24.164270 シナリオ走行を終了しました [シナリオ名: ログイン]
[ADMIN] 15:17:24.164278 シナリオ走行を開始しました [シナリオ名: ログイン]
[ADMIN] 15:17:24.164524 シナリオ走行を終了しました [シナリオ名: ログイン]
[ADMIN] 15:17:24.164532 シナリオ走行を開始しました [シナリオ名: ログイン]
[ADMIN] 15:17:24.168357 シナリオ走行を終了しました [シナリオ名: ログイン]
[ADMIN] 15:17:24.168366 シナリオ走行を開始しました [シナリオ名: ログイン]
[ADMIN] 15:17:24.168414 シナリオ走行を終了しました [シナリオ名: ログイン]
[ADMIN] 15:17:24.168425 シナリオ走行を開始しました [シナリオ名: ログイン]
[ADMIN] 15:17:24.168766 シナリオ走行を終了しました [シナリオ名: ログイン]
[ADMIN] 15:17:24.168776 シナリオ走行を開始しました [シナリオ名: ログイン]
[ADMIN] 15:17:24.173045 シナリオ走行を終了しました [シナリオ名: ログイン]
[ADMIN] 15:17:24.173055 シナリオ走行を開始しました [シナリオ名: ログイン]
[ADMIN] 15:17:24.174338 シナリオ走行を終了しました [シナリオ名: ログイン]
[ADMIN] 15:17:24.174347 シナリオ走行を開始しました [シナリオ名: ログイン]
[ADMIN] 15:17:24.174683 シナリオ走行を終了しました [シナリオ名: ログイン]
[ADMIN] 15:17:24.174693 シナリオ走行を開始しました [シナリオ名: ログイン]
[ADMIN] 15:17:24.177160 シナリオ走行を終了しました [シナリオ名: ログイン]
[ADMIN] 15:17:24.177168 シナリオ走行を開始しました [シナリオ名: ログイン]
[ADMIN] 15:17:24.177636 シナリオ走行を終了しました [シナリオ名: ログイン]
[ADMIN] 15:17:24.177642 シナリオ走行を開始しました [シナリオ名: ログイン]
[ADMIN] 15:17:24.178955 シナリオ走行を終了しました [シナリオ名: ログイン]
[ADMIN] 15:17:24.179000 シナリオ走行を開始しました [シナリオ名: ログイン]
[ADMIN] 15:17:24.179019 シナリオ走行を終了しました [シナリオ名: ログイン]
[ADMIN] 15:17:24.179025 シナリオ走行を開始しました [シナリオ名: ログイン]
[ADMIN] 15:17:24.180211 シナリオ走行を終了しました [シナリオ名: ログイン]
[ADMIN] 15:17:24.180220 シナリオ走行を開始しました [シナリオ名: ログイン]
[ADMIN] 15:17:24.180655 シナリオ走行を終了しました [シナリオ名: ログイン]
[ADMIN] 15:17:24.180663 シナリオ走行を開始しました [シナリオ名: ログイン]
[ADMIN] 15:17:24.182450 シナリオ走行を終了しました [シナリオ名: ログイン]
[ADMIN] 15:17:24.182459 シナリオ走行を開始しました [シナリオ名: ログイン]
[ADMIN] 15:17:24.182727 シナリオ走行を終了しました [シナリオ名: ログイン]
[ADMIN] 15:17:24.182736 シナリオ走行を開始しました [シナリオ名: ログイン]
[ADMIN] 15:17:24.185762 シナリオ走行を終了しました [シナリオ名: ログイン]
[ADMIN] 15:17:24.185771 シナリオ走行を開始しました [シナリオ名: ログイン]
[ADMIN] 15:17:24.185793 シナリオ走行を終了しました [シナリオ名: ログイン]
[ADMIN] 15:17:24.185798 シナリオ走行を開始しました [シナリオ名: ログイン]
[ADMIN] 15:17:24.187187 シナリオ走行を終了しました [シナリオ名: ログイン]
[ADMIN] 15:17:24.187194 シナリオ走行を開始しました [シナリオ名: ログイン]
[ADMIN] 15:17:24.187327 シナリオ走行を終了しました [シナリオ名: ログイン]
[ADMIN] 15:17:24.187336 シナリオ走行を開始しました [シナリオ名: ログイン]
[ADMIN] 15:17:24.196872 シナリオ走行を終了しました [シナリオ名: ログイン]
[ADMIN] 15:17:24.196882 シナリオ走行を開始しました [シナリオ名: ログイン]
[ADMIN] 15:17:24.196912 シナリオ走行を終了しました [シナリオ名: ログイン]
[ADMIN] 15:17:24.196920 シナリオ走行を開始しました [シナリオ名: ログイン]
[ADMIN] 15:17:24.197226 シナリオ走行を終了しました [シナリオ名: ログイン]
[ADMIN] 15:17:24.197236 シナリオ走行を開始しました [シナリオ名: ログイン]
[ADMIN] 15:17:24.199406 シナリオ走行を終了しました [シナリオ名: ログイン]
[ADMIN] 15:17:24.199414 シナリオ走行を開始しました [シナリオ名: ログイン]
[ADMIN] 15:17:24.200665 シナリオ走行を終了しました [シナリオ名: ログイン]
[ADMIN] 15:17:24.200674 シナリオ走行を開始しました [シナリオ名: ログイン]
[ADMIN] 15:17:24.200715 シナリオ走行を終了しました [シナリオ名: ログイン]
[ADMIN] 15:17:24.200727 シナリオ走行を開始しました [シナリオ名: ログイン]
[ADMIN] 15:17:24.203684 シナリオ走行を終了しました [シナリオ名: ログイン]
[ADMIN] 15:17:24.203694 シナリオ走行を開始しました [シナリオ名: ログイン]
[ADMIN] 15:17:24.203734 シナリオ走行を終了しました [シナリオ名: ログイン]
[ADMIN] 15:17:24.203741 シナリオ走行を開始しました [シナリオ名: ログイン]
[ADMIN] 15:17:24.206591 シナリオ走行を終了しました [シナリオ名: ログイン]
[ADMIN] 15:17:24.206600 シナリオ走行を開始しました [シナリオ名: ログイン]
[ADMIN] 15:17:24.206647 シナリオ走行を終了しました [シナリオ名: ログイン]
[ADMIN] 15:17:24.206654 シナリオ走行を開始しました [シナリオ名: ログイン]
[ADMIN] 15:17:24.209619 シナリオ走行を終了しました [シナリオ名: ログイン]
[ADMIN] 15:17:24.209628 シナリオ走行を開始しました [シナリオ名: ログイン]
[ADMIN] 15:17:24.209639 シナリオ走行を終了しました [シナリオ名: ログイン]
[ADMIN] 15:17:24.209645 シナリオ走行を開始しました [シナリオ名: ログイン]
[ADMIN] 15:17:24.211787 シナリオ走行を終了しました [シナリオ名: ログイン]
[ADMIN] 15:17:24.211796 シナリオ走行を開始しました [シナリオ名: ログイン]
[ADMIN] 15:17:24.212457 シナリオ走行を終了しました [シナリオ名: ログイン]
[ADMIN] 15:17:24.212466 シナリオ走行を開始しました [シナリオ名: ログイン]
[ADMIN] 15:17:24.213164 シナリオ走行を終了しました [シナリオ名: ログイン]
[ADMIN] 15:17:24.213173 シナリオ走行を開始しました [シナリオ名: ログイン]
[ADMIN] 15:17:24.214718 シナリオ走行を終了しました [シナリオ名: ログイン]
[ADMIN] 15:17:24.214727 シナリオ走行を開始しました [シナリオ名: ログイン]
[ADMIN] 15:17:24.214888 シナリオ走行を終了しました [シナリオ名: ログイン]
[ADMIN] 15:17:24.214897 シナリオ走行を開始しました [シナリオ名: ログイン]
[ADMIN] 15:17:24.216594 シナリオ走行を終了しました [シナリオ名: ログイン]
[ADMIN] 15:17:24.216604 シナリオ走行を開始しました [シナリオ名: ログイン]
[ADMIN] 15:17:24.217159 シナリオ走行を終了しました [シナリオ名: ログイン]
[ADMIN] 15:17:24.217169 シナリオ走行を開始しました [シナリオ名: ログイン]
[ADMIN] 15:17:24.218836 シナリオ走行を終了しました [シナリオ名: ログイン]
[ADMIN] 15:17:24.218845 シナリオ走行を開始しました [シナリオ名: ログイン]
[ADMIN] 15:17:24.218996 シナリオ走行を終了しました [シナリオ名: ログイン]
[ADMIN] 15:17:24.219004 シナリオ走行を開始しました [シナリオ名: ログイン]
[ADMIN] 15:17:24.221033 シナリオ走行を終了しました [シナリオ名: ログイン]
[ADMIN] 15:17:24.221042 シナリオ走行を開始しました [シナリオ名: ログイン]
[ADMIN] 15:17:24.221067 シナリオ走行を終了しました [シナリオ名: ログイン]
[ADMIN] 15:17:24.221075 シナリオ走行を開始しました [シナリオ名: ログイン]
[ADMIN] 15:17:24.224418 シナリオ走行を終了しました [シナリオ名: ログイン]
[ADMIN] 15:17:24.224427 シナリオ走行を開始しました [シナリオ名: ログイン]
[ADMIN] 15:17:24.224915 シナリオ走行を終了しました [シナリオ名: ログイン]
[ADMIN] 15:17:24.224924 シナリオ走行を開始しました [シナリオ名: ログイン]
[ADMIN] 15:17:24.227031 シナリオ走行を終了しました [シナリオ名: ログイン]
[ADMIN] 15:17:24.227043 シナリオ走行を開始しました [シナリオ名: ログイン]
[ADMIN] 15:17:24.227084 シナリオ走行を終了しました [シナリオ名: ログイン]
[ADMIN] 15:17:24.227093 シナリオ走行を開始しました [シナリオ名: ログイン]
[ADMIN] 15:17:24.228757 シナリオ走行を終了しました [シナリオ名: ログイン]
[ADMIN] 15:17:24.228762 シナリオ走行を開始しました [シナリオ名: ログイン]
[ADMIN] 15:17:24.233153 シナリオ走行を終了しました [シナリオ名: ログイン]
[ADMIN] 15:17:24.233162 シナリオ走行を開始しました [シナリオ名: ログイン]
[ADMIN] 15:17:24.233287 シナリオ走行を終了しました [シナリオ名: ログイン]
[ADMIN] 15:17:24.233295 シナリオ走行を開始しました [シナリオ名: ログイン]
[ADMIN] 15:17:24.234483 シナリオ走行を終了しました [シナリオ名: ログイン]
[ADMIN] 15:17:24.234490 シナリオ走行を開始しました [シナリオ名: ログイン]
[ADMIN] 15:17:24.234557 シナリオ走行を終了しました [シナリオ名: ログイン]
[ADMIN] 15:17:24.234567 シナリオ走行を開始しました [シナリオ名: ログイン]
[ADMIN] 15:17:24.237710 シナリオ走行を終了しました [シナリオ名: ログイン]
[ADMIN] 15:17:24.237720 シナリオ走行を開始しました [シナリオ名: ログイン]
[ADMIN] 15:17:24.237780 シナリオ走行を終了しました [シナリオ名: ログイン]
[ADMIN] 15:17:24.237789 シナリオ走行を開始しました [シナリオ名: ログイン]
[ADMIN] 15:17:24.239219 シナリオ走行を終了しました [シナリオ名: ログイン]
[ADMIN] 15:17:24.239228 シナリオ走行を開始しました [シナリオ名: ログイン]
[ADMIN] 15:17:24.239584 シナリオ走行を終了しました [シナリオ名: ログイン]
[ADMIN] 15:17:24.239594 シナリオ走行を開始しました [シナリオ名: ログイン]
[ADMIN] 15:17:24.243883 シナリオ走行を終了しました [シナリオ名: ログイン]
[ADMIN] 15:17:24.243892 シナリオ走行を開始しました [シナリオ名: ログイン]
[ADMIN] 15:17:24.243908 シナリオ走行を終了しました [シナリオ名: ログイン]
[ADMIN] 15:17:24.243914 シナリオ走行を開始しました [シナリオ名: ログイン]
[ADMIN] 15:17:24.244166 シナリオ走行を終了しました [シナリオ名: ログイン]
[ADMIN] 15:17:24.244175 シナリオ走行を開始しました [シナリオ名: ログイン]
[ADMIN] 15:17:24.245312 シナリオ走行を終了しました [シナリオ名: ログイン]
[ADMIN] 15:17:24.245321 シナリオ走行を開始しました [シナリオ名: ログイン]
[ADMIN] 15:17:24.245530 シナリオ走行を終了しました [シナリオ名: ログイン]
[ADMIN] 15:17:24.245538 シナリオ走行を開始しました [シナリオ名: ログイン]
[ADMIN] 15:17:24.253712 シナリオ走行を終了しました [シナリオ名: ログイン]
[ADMIN] 15:17:24.253720 シナリオ走行を開始しました [シナリオ名: ログイン]
[ADMIN] 15:17:24.253738 シナリオ走行を終了しました [シナリオ名: ログイン]
[ADMIN] 15:17:24.253743 シナリオ走行を開始しました [シナリオ名: ログイン]
[ADMIN] 15:17:24.257848 シナリオ走行を終了しました [シナリオ名: ログイン]
[ADMIN] 15:17:24.257857 シナリオ走行を開始しました [シナリオ名: ログイン]
[ADMIN] 15:17:24.257875 シナリオ走行を終了しました [シナリオ名: ログイン]
[ADMIN] 15:17:24.257880 シナリオ走行を開始しました [シナリオ名: ログイン]
[ADMIN] 15:17:24.260351 シナリオ走行を終了しました [シナリオ名: ログイン]
[ADMIN] 15:17:24.260359 シナリオ走行を開始しました [シナリオ名: ログイン]
[ADMIN] 15:17:24.260458 シナリオ走行を終了しました [シナリオ名: ログイン]
[ADMIN] 15:17:24.260467 シナリオ走行を開始しました [シナリオ名: ログイン]
[ADMIN] 15:17:24.263896 シナリオ走行を終了しました [シナリオ名: ログイン]
[ADMIN] 15:17:24.263904 シナリオ走行を開始しました [シナリオ名: ログイン]
[ADMIN] 15:17:24.267568 シナリオ走行を終了しました [シナリオ名: ログイン]
[ADMIN] 15:17:24.267578 シナリオ走行を開始しました [シナリオ名: ログイン]
[ADMIN] 15:17:24.267956 シナリオ走行を終了しました [シナリオ名: ログイン]
[ADMIN] 15:17:24.267966 シナリオ走行を開始しました [シナリオ名: ログイン]
[ADMIN] 15:17:24.273055 シナリオ走行を終了しました [シナリオ名: ログイン]
[ADMIN] 15:17:24.273065 シナリオ走行を開始しました [シナリオ名: ログイン]
[ADMIN] 15:17:24.273422 シナリオ走行を終了しました [シナリオ名: ログイン]
[ADMIN] 15:17:24.273432 シナリオ走行を開始しました [シナリオ名: ログイン]
[ADMIN] 15:17:24.275732 シナリオ走行を終了しました [シナリオ名: ログイン]
[ADMIN] 15:17:24.275741 シナリオ走行を開始しました [シナリオ名: ログイン]
[ADMIN] 15:17:24.276167 シナリオ走行を終了しました [シナリオ名: ログイン]
[ADMIN] 15:17:24.276176 シナリオ走行を開始しました [シナリオ名: ログイン]
[ADMIN] 15:17:24.277962 シナリオ走行を終了しました [シナリオ名: ログイン]
[ADMIN] 15:17:24.277971 シナリオ走行を開始しました [シナリオ名: ログイン]
[ADMIN] 15:17:24.278201 シナリオ走行を終了しました [シナリオ名: ログイン]
[ADMIN] 15:17:24.278209 シナリオ走行を開始しました [シナリオ名: ログイン]
[ADMIN] 15:17:24.279196 シナリオ走行を終了しました [シナリオ名: ログイン]
[ADMIN] 15:17:24.279204 シナリオ走行を開始しました [シナリオ名: ログイン]
[ADMIN] 15:17:24.279493 シナリオ走行を終了しました [シナリオ名: ログイン]
[ADMIN] 15:17:24.279502 シナリオ走行を開始しました [シナリオ名: ログイン]
[ADMIN] 15:17:24.285054 シナリオ走行を終了しました [シナリオ名: ログイン]
[ADMIN] 15:17:24.285064 シナリオ走行を開始しました [シナリオ名: ログイン]
[ADMIN] 15:17:24.285271 シナリオ走行を終了しました [シナリオ名: ログイン]
[ADMIN] 15:17:24.285279 シナリオ走行を開始しました [シナリオ名: ログイン]
[ADMIN] 15:17:24.288457 シナリオ走行を終了しました [シナリオ名: ログイン]
[ADMIN] 15:17:24.288464 シナリオ走行を開始しました [シナリオ名: ログイン]
[ADMIN] 15:17:24.288509 シナリオ走行を終了しました [シナリオ名: ログイン]
[ADMIN] 15:17:24.288518 シナリオ走行を開始しました [シナリオ名: ログイン]
[ADMIN] 15:17:24.289883 シナリオ走行を終了しました [シナリオ名: ログイン]
[ADMIN] 15:17:24.289896 シナリオ走行を開始しました [シナリオ名: ログイン]
[ADMIN] 15:17:24.289940 シナリオ走行を終了しました [シナリオ名: ログイン]
[ADMIN] 15:17:24.289950 シナリオ走行を開始しました [シナリオ名: ログイン]
[ADMIN] 15:17:24.295336 シナリオ走行を終了しました [シナリオ名: ログイン]
[ADMIN] 15:17:24.295343 シナリオ走行を開始しました [シナリオ名: ログイン]
[ADMIN] 15:17:24.295627 シナリオ走行を終了しました [シナリオ名: ログイン]
[ADMIN] 15:17:24.295638 シナリオ走行を開始しました [シナリオ名: ログイン]
[ADMIN] 15:17:24.299661 シナリオ走行を終了しました [シナリオ名: ログイン]
[ADMIN] 15:17:24.299670 シナリオ走行を開始しました [シナリオ名: ログイン]
[ADMIN] 15:17:24.301469 シナリオ走行を終了しました [シナリオ名: ログイン]
[ADMIN] 15:17:24.301477 シナリオ走行を開始しました [シナリオ名: ログイン]
[ADMIN] 15:17:24.304117 シナリオ走行を終了しました [シナリオ名: ログイン]
[ADMIN] 15:17:24.304126 シナリオ走行を開始しました [シナリオ名: ログイン]
[ADMIN] 15:17:24.304157 シナリオ走行を終了しました [シナリオ名: ログイン]
[ADMIN] 15:17:24.304165 シナリオ走行を開始しました [シナリオ名: ログイン]
[ADMIN] 15:17:24.305351 シナリオ走行を終了しました [シナリオ名: ログイン]
[ADMIN] 15:17:24.305360 シナリオ走行を開始しました [シナリオ名: ログイン]
[ADMIN] 15:17:24.305431 シナリオ走行を終了しました [シナリオ名: ログイン]
[ADMIN] 15:17:24.305442 シナリオ走行を開始しました [シナリオ名: ログイン]
[ADMIN] 15:17:24.307577 シナリオ走行を終了しました [シナリオ名: ログイン]
[ADMIN] 15:17:24.307586 シナリオ走行を開始しました [シナリオ名: ログイン]
[ADMIN] 15:17:24.307839 シナリオ走行を終了しました [シナリオ名: ログイン]
[ADMIN] 15:17:24.307849 シナリオ走行を開始しました [シナリオ名: ログイン]
[ADMIN] 15:17:24.308061 シナリオ走行を終了しました [シナリオ名: ログイン]
[ADMIN] 15:17:24.308070 シナリオ走行を開始しました [シナリオ名: ログイン]
[ADMIN] 15:17:24.309747 シナリオ走行を終了しました [シナリオ名: ログイン]
[ADMIN] 15:17:24.309755 シナリオ走行を開始しました [シナリオ名: ログイン]
[ADMIN] 15:17:24.309989 シナリオ走行を終了しました [シナリオ名: ログイン]
[ADMIN] 15:17:24.309999 シナリオ走行を開始しました [シナリオ名: ログイン]
[ADMIN] 15:17:24.315688 シナリオ走行を終了しました [シナリオ名: ログイン]
[ADMIN] 15:17:24.315713 シナリオ走行を開始しました [シナリオ名: ログイン]
[ADMIN] 15:17:24.315739 シナリオ走行を終了しました [シナリオ名: ログイン]
[ADMIN] 15:17:24.315747 シナリオ走行を開始しました [シナリオ名: ログイン]
[ADMIN] 15:17:24.318461 シナリオ走行を終了しました [シナリオ名: ログイン]
[ADMIN] 15:17:24.318470 シナリオ走行を開始しました [シナリオ名: ログイン]
[ADMIN] 15:17:24.318556 シナリオ走行を終了しました [シナリオ名: ログイン]
[ADMIN] 15:17:24.318564 シナリオ走行を開始しました [シナリオ名: ログイン]
[ADMIN] 15:17:24.320883 シナリオ走行を終了しました [シナリオ名: ログイン]
[ADMIN] 15:17:24.320890 シナリオ走行を開始しました [シナリオ名: ログイン]
[ADMIN] 15:17:24.321012 シナリオ走行を終了しました [シナリオ名: ログイン]
[ADMIN] 15:17:24.321020 シナリオ走行を開始しました [シナリオ名: ログイン]
[ADMIN] 15:17:24.328121 シナリオ走行を終了しました [シナリオ名: ログイン]
[ADMIN] 15:17:24.328129 シナリオ走行を開始しました [シナリオ名: ログイン]
[ADMIN] 15:17:24.328391 シナリオ走行を終了しました [シナリオ名: ログイン]
[ADMIN] 15:17:24.328399 シナリオ走行を開始しました [シナリオ名: ログイン]
[ADMIN] 15:17:24.329436 シナリオ走行を終了しました [シナリオ名: ログイン]
[ADMIN] 15:17:24.329446 シナリオ走行を開始しました [シナリオ名: ログイン]
[ADMIN] 15:17:24.329722 シナリオ走行を終了しました [シナリオ名: ログイン]
[ADMIN] 15:17:24.329735 シナリオ走行を開始しました [シナリオ名: ログイン]
[ADMIN] 15:17:24.331013 シナリオ走行を終了しました [シナリオ名: ログイン]
[ADMIN] 15:17:24.331023 シナリオ走行を開始しました [シナリオ名: ログイン]
[ADMIN] 15:17:24.331094 シナリオ走行を終了しました [シナリオ名: ログイン]
[ADMIN] 15:17:24.331102 シナリオ走行を開始しました [シナリオ名: ログイン]
[ADMIN] 15:17:24.336611 シナリオ走行を終了しました [シナリオ名: ログイン]
[ADMIN] 15:17:24.336620 シナリオ走行を開始しました [シナリオ名: ログイン]
[ADMIN] 15:17:24.336741 シナリオ走行を終了しました [シナリオ名: ログイン]
[ADMIN] 15:17:24.336749 シナリオ走行を開始しました [シナリオ名: ログイン]
[ADMIN] 15:17:24.337054 シナリオ走行を終了しました [シナリオ名: ログイン]
[ADMIN] 15:17:24.337066 シナリオ走行を開始しました [シナリオ名: ログイン]
[ADMIN] 15:17:24.339970 シナリオ走行を終了しました [シナリオ名: ログイン]
[ADMIN] 15:17:24.339978 シナリオ走行を開始しました [シナリオ名: ログイン]
[ADMIN] 15:17:24.340451 シナリオ走行を終了しました [シナリオ名: ログイン]
[ADMIN] 15:17:24.340469 シナリオ走行を開始しました [シナリオ名: ログイン]
[ADMIN] 15:17:24.346414 シナリオ走行を終了しました [シナリオ名: ログイン]
[ADMIN] 15:17:24.346425 シナリオ走行を開始しました [シナリオ名: ログイン]
[ADMIN] 15:17:24.346741 シナリオ走行を終了しました [シナリオ名: ログイン]
[ADMIN] 15:17:24.346751 シナリオ走行を開始しました [シナリオ名: ログイン]
[ADMIN] 15:17:24.349878 シナリオ走行を終了しました [シナリオ名: ログイン]
[ADMIN] 15:17:24.349887 シナリオ走行を開始しました [シナリオ名: ログイン]
[ADMIN] 15:17:24.350263 シナリオ走行を終了しました [シナリオ名: ログイン]
[ADMIN] 15:17:24.350271 シナリオ走行を開始しました [シナリオ名: ログイン]
[ADMIN] 15:17:24.352515 シナリオ走行を終了しました [シナリオ名: ログイン]
[ADMIN] 15:17:24.352525 シナリオ走行を開始しました [シナリオ名: ログイン]
[ADMIN] 15:17:24.352588 シナリオ走行を終了しました [シナリオ名: ログイン]
[ADMIN] 15:17:24.352596 シナリオ走行を開始しました [シナリオ名: ログイン]
[ADMIN] 15:17:24.358744 シナリオ走行を終了しました [シナリオ名: ログイン]
[ADMIN] 15:17:24.358754 シナリオ走行を開始しました [シナリオ名: ログイン]
[ADMIN] 15:17:24.359025 シナリオ走行を終了しました [シナリオ名: ログイン]
[ADMIN] 15:17:24.359034 シナリオ走行を開始しました [シナリオ名: ログイン]
[ADMIN] 15:17:24.365847 シナリオ走行を終了しました [シナリオ名: ログイン]
[ADMIN] 15:17:24.365857 シナリオ走行を開始しました [シナリオ名: ログイン]
[ADMIN] 15:17:24.365889 シナリオ走行を終了しました [シナリオ名: ログイン]
[ADMIN] 15:17:24.365898 シナリオ走行を開始しました [シナリオ名: ログイン]
[ADMIN] 15:17:24.367720 シナリオ走行を終了しました [シナリオ名: ログイン]
[ADMIN] 15:17:24.367734 シナリオ走行を開始しました [シナリオ名: ログイン]
[ADMIN] 15:17:24.367758 シナリオ走行を終了しました [シナリオ名: ログイン]
[ADMIN] 15:17:24.367764 シナリオ走行を開始しました [シナリオ名: ログイン]
[ADMIN] 15:17:24.369414 シナリオ走行を終了しました [シナリオ名: ログイン]
[ADMIN] 15:17:24.369432 シナリオ走行を開始しました [シナリオ名: ログイン]
[ADMIN] 15:17:24.369530 シナリオ走行を終了しました [シナリオ名: ログイン]
[ADMIN] 15:17:24.369539 シナリオ走行を開始しました [シナリオ名: ログイン]
[ADMIN] 15:17:24.371525 シナリオ走行を終了しました [シナリオ名: ログイン]
[ADMIN] 15:17:24.371533 シナリオ走行を開始しました [シナリオ名: ログイン]
[ADMIN] 15:17:24.371566 シナリオ走行を終了しました [シナリオ名: ログイン]
[ADMIN] 15:17:24.371576 シナリオ走行を開始しました [シナリオ名: ログイン]
[ADMIN] 15:17:24.374996 シナリオ走行を終了しました [シナリオ名: ログイン]
[ADMIN] 15:17:24.375004 シナリオ走行を開始しました [シナリオ名: ログイン]
[ADMIN] 15:17:24.375258 シナリオ走行を終了しました [シナリオ名: ログイン]
[ADMIN] 15:17:24.375267 シナリオ走行を開始しました [シナリオ名: ログイン]
[ADMIN] 15:17:24.376176 シナリオ走行を終了しました [シナリオ名: ログイン]
[ADMIN] 15:17:24.376183 シナリオ走行を開始しました [シナリオ名: ログイン]
[ADMIN] 15:17:24.376284 シナリオ走行を終了しました [シナリオ名: ログイン]
[ADMIN] 15:17:24.376292 シナリオ走行を開始しました [シナリオ名: ログイン]
[ADMIN] 15:17:24.378419 シナリオ走行を終了しました [シナリオ名: ログイン]
[ADMIN] 15:17:24.378427 シナリオ走行を開始しました [シナリオ名: ログイン]
[ADMIN] 15:17:24.378808 シナリオ走行を終了しました [シナリオ名: ログイン]
[ADMIN] 15:17:24.378816 シナリオ走行を開始しました [シナリオ名: ログイン]
[ADMIN] 15:17:24.379413 シナリオ走行を終了しました [シナリオ名: ログイン]
[ADMIN] 15:17:24.379420 シナリオ走行を開始しました [シナリオ名: ログイン]
[ADMIN] 15:17:24.379970 シナリオ走行を終了しました [シナリオ名: ログイン]
[ADMIN] 15:17:24.379979 シナリオ走行を開始しました [シナリオ名: ログイン]
[ADMIN] 15:17:24.380549 シナリオ走行を終了しました [シナリオ名: ログイン]
[ADMIN] 15:17:24.380557 シナリオ走行を開始しました [シナリオ名: ログイン]
[ADMIN] 15:17:24.381153 シナリオ走行を終了しました [シナリオ名: ログイン]
[ADMIN] 15:17:24.381161 シナリオ走行を開始しました [シナリオ名: ログイン]
[ADMIN] 15:17:24.381885 シナリオ走行を終了しました [シナリオ名: ログイン]
[ADMIN] 15:17:24.381894 シナリオ走行を開始しました [シナリオ名: ログイン]
[ADMIN] 15:17:24.382363 シナリオ走行を終了しました [シナリオ名: ログイン]
[ADMIN] 15:17:24.382371 シナリオ走行を開始しました [シナリオ名: ログイン]
[ADMIN] 15:17:24.384436 シナリオ走行を終了しました [シナリオ名: ログイン]
[ADMIN] 15:17:24.384444 シナリオ走行を開始しました [シナリオ名: ログイン]
[ADMIN] 15:17:24.384807 シナリオ走行を終了しました [シナリオ名: ログイン]
[ADMIN] 15:17:24.384815 シナリオ走行を開始しました [シナリオ名: ログイン]
[ADMIN] 15:17:24.385929 シナリオ走行を終了しました [シナリオ名: ログイン]
[ADMIN] 15:17:24.385938 シナリオ走行を開始しました [シナリオ名: ログイン]
[ADMIN] 15:17:24.386062 シナリオ走行を終了しました [シナリオ名: ログイン]
[ADMIN] 15:17:24.386069 シナリオ走行を開始しました [シナリオ名: ログイン]
[ADMIN] 15:17:24.390181 シナリオ走行を終了しました [シナリオ名: ログイン]
[ADMIN] 15:17:24.390189 シナリオ走行を開始しました [シナリオ名: ログイン]
[ADMIN] 15:17:24.390547 シナリオ走行を終了しました [シナリオ名: ログイン]
[ADMIN] 15:17:24.390554 シナリオ走行を開始しました [シナリオ名: ログイン]
[ADMIN] 15:17:24.391239 シナリオ走行を終了しました [シナリオ名: ログイン]
[ADMIN] 15:17:24.391247 シナリオ走行を開始しました [シナリオ名: ログイン]
[ADMIN] 15:17:24.391821 シナリオ走行を終了しました [シナリオ名: ログイン]
[ADMIN] 15:17:24.391829 シナリオ走行を開始しました [シナリオ名: ログイン]
[ADMIN] 15:17:24.394903 シナリオ走行を終了しました [シナリオ名: ログイン]
[ADMIN] 15:17:24.394912 シナリオ走行を開始しました [シナリオ名: ログイン]
[ADMIN] 15:17:24.395243 シナリオ走行を終了しました [シナリオ名: ログイン]
[ADMIN] 15:17:24.395253 シナリオ走行を開始しました [シナリオ名: ログイン]
[ADMIN] 15:17:24.397995 シナリオ走行を終了しました [シナリオ名: ログイン]
[ADMIN] 15:17:24.398004 シナリオ走行を開始しました [シナリオ名: ログイン]
[ADMIN] 15:17:24.398029 シナリオ走行を終了しました [シナリオ名: ログイン]
[ADMIN] 15:17:24.398036 シナリオ走行を開始しました [シナリオ名: ログイン]
[ADMIN] 15:17:24.399094 シナリオ走行を終了しました [シナリオ名: ログイン]
[ADMIN] 15:17:24.399103 シナリオ走行を開始しました [シナリオ名: ログイン]
[ADMIN] 15:17:24.401677 シナリオ走行を終了しました [シナリオ名: ログイン]
[ADMIN] 15:17:24.401685 シナリオ走行を開始しました [シナリオ名: ログイン]
[ADMIN] 15:17:24.402316 シナリオ走行を終了しました [シナリオ名: ログイン]
[ADMIN] 15:17:24.402325 シナリオ走行を開始しました [シナリオ名: ログイン]
[ADMIN] 15:17:24.402723 シナリオ走行を終了しました [シナリオ名: ログイン]
[ADMIN] 15:17:24.402732 シナリオ走行を開始しました [シナリオ名: ログイン]
[ADMIN] 15:17:24.411549 シナリオ走行を終了しました [シナリオ名: ログイン]
[ADMIN] 15:17:24.411559 シナリオ走行を開始しました [シナリオ名: ログイン]
[ADMIN] 15:17:24.412005 シナリオ走行を終了しました [シナリオ名: ログイン]
[ADMIN] 15:17:24.412014 シナリオ走行を開始しました [シナリオ名: ログイン]
[ADMIN] 15:17:24.416257 シナリオ走行を終了しました [シナリオ名: ログイン]
[ADMIN] 15:17:24.416266 シナリオ走行を開始しました [シナリオ名: ログイン]
[ADMIN] 15:17:24.416637 シナリオ走行を終了しました [シナリオ名: ログイン]
[ADMIN] 15:17:24.416649 シナリオ走行を開始しました [シナリオ名: ログイン]
[ADMIN] 15:17:24.417310 シナリオ走行を終了しました [シナリオ名: ログイン]
[ADMIN] 15:17:24.417319 シナリオ走行を開始しました [シナリオ名: ログイン]
[ADMIN] 15:17:24.419576 シナリオ走行を終了しました [シナリオ名: ログイン]
[ADMIN] 15:17:24.419585 シナリオ走行を開始しました [シナリオ名: ログイン]
[ADMIN] 15:17:24.419612 シナリオ走行を終了しました [シナリオ名: ログイン]
[ADMIN] 15:17:24.419623 シナリオ走行を開始しました [シナリオ名: ログイン]
[ADMIN] 15:17:24.420995 シナリオ走行を終了しました [シナリオ名: Banユーザログイン]
[ADMIN] 15:17:24.421008 シナリオ走行を開始しました [シナリオ名: Banユーザログイン]
[ADMIN] 15:17:24.422823 シナリオ走行を終了しました [シナリオ名: ログイン]
[ADMIN] 15:17:24.422832 シナリオ走行を開始しました [シナリオ名: ログイン]
[ADMIN] 15:17:24.425050 シナリオ走行を終了しました [シナリオ名: ログイン]
[ADMIN] 15:17:24.425060 シナリオ走行を開始しました [シナリオ名: ログイン]
[ADMIN] 15:17:24.425741 シナリオ走行を終了しました [シナリオ名: ログイン]
[ADMIN] 15:17:24.425750 シナリオ走行を開始しました [シナリオ名: ログイン]
[ADMIN] 15:17:24.426394 シナリオ走行を終了しました [シナリオ名: ログイン]
[ADMIN] 15:17:24.426403 シナリオ走行を開始しました [シナリオ名: ログイン]
[ADMIN] 15:17:24.427042 シナリオ走行を終了しました [シナリオ名: ログイン]
[ADMIN] 15:17:24.427051 シナリオ走行を開始しました [シナリオ名: ログイン]
[ADMIN] 15:17:24.427692 シナリオ走行を終了しました [シナリオ名: ログイン]
[ADMIN] 15:17:24.427700 シナリオ走行を開始しました [シナリオ名: ログイン]
[ADMIN] 15:17:24.430480 シナリオ走行を終了しました [シナリオ名: ログイン]
[ADMIN] 15:17:24.430489 シナリオ走行を開始しました [シナリオ名: ログイン]
[ADMIN] 15:17:24.431252 シナリオ走行を終了しました [シナリオ名: ログイン]
[ADMIN] 15:17:24.431261 シナリオ走行を開始しました [シナリオ名: ログイン]
[ADMIN] 15:17:24.431829 シナリオ走行を終了しました [シナリオ名: ログイン]
[ADMIN] 15:17:24.431838 シナリオ走行を開始しました [シナリオ名: ログイン]
[ADMIN] 15:17:24.432504 シナリオ走行を終了しました [シナリオ名: ログイン]
[ADMIN] 15:17:24.432512 シナリオ走行を開始しました [シナリオ名: ログイン]
[ADMIN] 15:17:24.433101 シナリオ走行を終了しました [シナリオ名: ログイン]
[ADMIN] 15:17:24.433110 シナリオ走行を開始しました [シナリオ名: ログイン]
[ADMIN] 15:17:24.434605 シナリオ走行を終了しました [シナリオ名: ログイン]
[ADMIN] 15:17:24.434612 シナリオ走行を開始しました [シナリオ名: ログイン]
[ADMIN] 15:17:24.435002 シナリオ走行を終了しました [シナリオ名: ログイン]
[ADMIN] 15:17:24.435011 シナリオ走行を開始しました [シナリオ名: ログイン]
[ADMIN] 15:17:24.436948 シナリオ走行を終了しました [シナリオ名: ログイン]
[ADMIN] 15:17:24.436956 シナリオ走行を開始しました [シナリオ名: ログイン]
[ADMIN] 15:17:24.437198 シナリオ走行を終了しました [シナリオ名: ログイン]
[ADMIN] 15:17:24.437205 シナリオ走行を開始しました [シナリオ名: ログイン]
[ADMIN] 15:17:24.440321 シナリオ走行を終了しました [シナリオ名: ログイン]
[ADMIN] 15:17:24.440329 シナリオ走行を開始しました [シナリオ名: ログイン]
[ADMIN] 15:17:24.440586 シナリオ走行を終了しました [シナリオ名: ログイン]
[ADMIN] 15:17:24.440593 シナリオ走行を開始しました [シナリオ名: ログイン]
[ADMIN] 15:17:24.441921 シナリオ走行を終了しました [シナリオ名: ログイン]
[ADMIN] 15:17:24.441930 シナリオ走行を開始しました [シナリオ名: ログイン]
[ADMIN] 15:17:24.442161 シナリオ走行を終了しました [シナリオ名: ログイン]
[ADMIN] 15:17:24.442170 シナリオ走行を開始しました [シナリオ名: ログイン]
[ADMIN] 15:17:24.445057 シナリオ走行を終了しました [シナリオ名: ログイン]
[ADMIN] 15:17:24.445066 シナリオ走行を開始しました [シナリオ名: ログイン]
[ADMIN] 15:17:24.445326 シナリオ走行を終了しました [シナリオ名: ログイン]
[ADMIN] 15:17:24.445335 シナリオ走行を開始しました [シナリオ名: ログイン]
[ADMIN] 15:17:24.450499 シナリオ走行を終了しました [シナリオ名: ログイン]
[ADMIN] 15:17:24.450507 シナリオ走行を開始しました [シナリオ名: ログイン]
[ADMIN] 15:17:24.450798 シナリオ走行を終了しました [シナリオ名: ログイン]
[ADMIN] 15:17:24.450807 シナリオ走行を開始しました [シナリオ名: ログイン]
[ADMIN] 15:17:24.453026 シナリオ走行を終了しました [シナリオ名: ログイン]
[ADMIN] 15:17:24.453035 シナリオ走行を開始しました [シナリオ名: ログイン]
[ADMIN] 15:17:24.453284 シナリオ走行を終了しました [シナリオ名: ログイン]
[ADMIN] 15:17:24.453300 シナリオ走行を開始しました [シナリオ名: ログイン]
[ADMIN] 15:17:24.455675 シナリオ走行を終了しました [シナリオ名: ログイン]
[ADMIN] 15:17:24.455685 シナリオ走行を開始しました [シナリオ名: ログイン]
[ADMIN] 15:17:24.455931 シナリオ走行を終了しました [シナリオ名: ログイン]
[ADMIN] 15:17:24.455939 シナリオ走行を開始しました [シナリオ名: ログイン]
[ADMIN] 15:17:24.458330 シナリオ走行を終了しました [シナリオ名: ログイン]
[ADMIN] 15:17:24.458338 シナリオ走行を開始しました [シナリオ名: ログイン]
[ADMIN] 15:17:24.458565 シナリオ走行を終了しました [シナリオ名: ログイン]
[ADMIN] 15:17:24.458575 シナリオ走行を開始しました [シナリオ名: ログイン]
[ADMIN] 15:17:24.460354 シナリオ走行を終了しました [シナリオ名: ログイン]
[ADMIN] 15:17:24.460363 シナリオ走行を開始しました [シナリオ名: ログイン]
[ADMIN] 15:17:24.462716 シナリオ走行を終了しました [シナリオ名: ログイン]
[ADMIN] 15:17:24.462726 シナリオ走行を開始しました [シナリオ名: ログイン]
[ADMIN] 15:17:24.462753 シナリオ走行を終了しました [シナリオ名: ログイン]
[ADMIN] 15:17:24.462758 シナリオ走行を開始しました [シナリオ名: ログイン]
[ADMIN] 15:17:24.466726 シナリオ走行を終了しました [シナリオ名: ログイン]
[ADMIN] 15:17:24.466736 シナリオ走行を開始しました [シナリオ名: ログイン]
[ADMIN] 15:17:24.470212 シナリオ走行を終了しました [シナリオ名: ログイン]
[ADMIN] 15:17:24.470221 シナリオ走行を開始しました [シナリオ名: ログイン]
[ADMIN] 15:17:24.470411 シナリオ走行を終了しました [シナリオ名: ログイン]
[ADMIN] 15:17:24.470419 シナリオ走行を開始しました [シナリオ名: ログイン]
[ADMIN] 15:17:24.473874 シナリオ走行を終了しました [シナリオ名: ログイン]
[ADMIN] 15:17:24.473883 シナリオ走行を開始しました [シナリオ名: ログイン]
[ADMIN] 15:17:24.473910 シナリオ走行を終了しました [シナリオ名: ログイン]
[ADMIN] 15:17:24.473915 シナリオ走行を開始しました [シナリオ名: ログイン]
[ADMIN] 15:17:24.478720 シナリオ走行を終了しました [シナリオ名: ログイン]
[ADMIN] 15:17:24.478727 シナリオ走行を開始しました [シナリオ名: ログイン]
[ADMIN] 15:17:24.478921 シナリオ走行を終了しました [シナリオ名: ログイン]
[ADMIN] 15:17:24.478930 シナリオ走行を開始しました [シナリオ名: ログイン]
[ADMIN] 15:17:24.483815 シナリオ走行を終了しました [シナリオ名: ログイン]
[ADMIN] 15:17:24.483824 シナリオ走行を開始しました [シナリオ名: ログイン]
[ADMIN] 15:17:24.484062 シナリオ走行を終了しました [シナリオ名: ログイン]
[ADMIN] 15:17:24.484069 シナリオ走行を開始しました [シナリオ名: ログイン]
[ADMIN] 15:17:24.485429 シナリオ走行を終了しました [シナリオ名: ログイン]
[ADMIN] 15:17:24.485438 シナリオ走行を開始しました [シナリオ名: ログイン]
[ADMIN] 15:17:24.485704 シナリオ走行を終了しました [シナリオ名: ログイン]
[ADMIN] 15:17:24.485712 シナリオ走行を開始しました [シナリオ名: ログイン]
[ADMIN] 15:17:24.488081 シナリオ走行を終了しました [シナリオ名: ログイン]
[ADMIN] 15:17:24.488090 シナリオ走行を開始しました [シナリオ名: ログイン]
[ADMIN] 15:17:24.488426 シナリオ走行を終了しました [シナリオ名: ログイン]
[ADMIN] 15:17:24.488436 シナリオ走行を開始しました [シナリオ名: ログイン]
[ADMIN] 15:17:24.490328 シナリオ走行を終了しました [シナリオ名: ログイン]
[ADMIN] 15:17:24.490336 シナリオ走行を開始しました [シナリオ名: ログイン]
[ADMIN] 15:17:24.491003 シナリオ走行を終了しました [シナリオ名: ログイン]
[ADMIN] 15:17:24.491011 シナリオ走行を開始しました [シナリオ名: ログイン]
[ADMIN] 15:17:24.491398 シナリオ走行を終了しました [シナリオ名: ログイン]
[ADMIN] 15:17:24.491407 シナリオ走行を開始しました [シナリオ名: ログイン]
[ADMIN] 15:17:24.493267 シナリオ走行を終了しました [シナリオ名: ログイン]
[ADMIN] 15:17:24.493276 シナリオ走行を開始しました [シナリオ名: ログイン]
[ADMIN] 15:17:24.493306 シナリオ走行を終了しました [シナリオ名: ログイン]
[ADMIN] 15:17:24.493314 シナリオ走行を開始しました [シナリオ名: ログイン]
[ADMIN] 15:17:24.493322 シナリオ走行を終了しました [シナリオ名: ログイン]
[ADMIN] 15:17:24.493340 シナリオ走行を開始しました [シナリオ名: ログイン]
[ADMIN] 15:17:24.497687 シナリオ走行を終了しました [シナリオ名: ログイン]
[ADMIN] 15:17:24.497696 シナリオ走行を開始しました [シナリオ名: ログイン]
[ADMIN] 15:17:24.503594 シナリオ走行を終了しました [シナリオ名: ログイン]
[ADMIN] 15:17:24.503617 シナリオ走行を開始しました [シナリオ名: ログイン]
[ADMIN] 15:17:24.503749 シナリオ走行を終了しました [シナリオ名: ログイン]
[ADMIN] 15:17:24.503757 シナリオ走行を開始しました [シナリオ名: ログイン]
[ADMIN] 15:17:24.503789 シナリオ走行を終了しました [シナリオ名: ログイン]
[ADMIN] 15:17:24.503812 シナリオ走行を開始しました [シナリオ名: ログイン]
[ADMIN] 15:17:24.506611 シナリオ走行を終了しました [シナリオ名: ログイン]
[ADMIN] 15:17:24.506635 シナリオ走行を開始しました [シナリオ名: ログイン]
[ADMIN] 15:17:24.511478 シナリオ走行を終了しました [シナリオ名: ログイン]
[ADMIN] 15:17:24.511486 シナリオ走行を開始しました [シナリオ名: ログイン]
[ADMIN] 15:17:24.511882 シナリオ走行を終了しました [シナリオ名: ログイン]
[ADMIN] 15:17:24.511891 シナリオ走行を開始しました [シナリオ名: ログイン]
[ADMIN] 15:17:24.518820 シナリオ走行を終了しました [シナリオ名: ログイン]
[ADMIN] 15:17:24.518828 シナリオ走行を開始しました [シナリオ名: ログイン]
[ADMIN] 15:17:24.519095 シナリオ走行を終了しました [シナリオ名: ログイン]
[ADMIN] 15:17:24.519103 シナリオ走行を開始しました [シナリオ名: ログイン]
[ADMIN] 15:17:24.520795 シナリオ走行を終了しました [シナリオ名: ログイン]
[ADMIN] 15:17:24.520802 シナリオ走行を開始しました [シナリオ名: ログイン]
[ADMIN] 15:17:24.521082 シナリオ走行を終了しました [シナリオ名: ログイン]
[ADMIN] 15:17:24.521091 シナリオ走行を開始しました [シナリオ名: ログイン]
[ADMIN] 15:17:24.522639 シナリオ走行を終了しました [シナリオ名: ログイン]
[ADMIN] 15:17:24.522648 シナリオ走行を開始しました [シナリオ名: ログイン]
[ADMIN] 15:17:24.527980 シナリオ走行を終了しました [シナリオ名: ログイン]
[ADMIN] 15:17:24.527990 シナリオ走行を開始しました [シナリオ名: ログイン]
[ADMIN] 15:17:24.535355 シナリオ走行を終了しました [シナリオ名: ログイン]
[ADMIN] 15:17:24.535365 シナリオ走行を開始しました [シナリオ名: ログイン]
[ADMIN] 15:17:24.535394 シナリオ走行を終了しました [シナリオ名: ログイン]
[ADMIN] 15:17:24.535406 シナリオ走行を開始しました [シナリオ名: ログイン]
[ADMIN] 15:17:24.536942 シナリオ走行を終了しました [シナリオ名: ログイン]
[ADMIN] 15:17:24.536951 シナリオ走行を開始しました [シナリオ名: ログイン]
[ADMIN] 15:17:24.546583 シナリオ走行を終了しました [シナリオ名: ログイン]
[ADMIN] 15:17:24.546592 シナリオ走行を開始しました [シナリオ名: ログイン]
[ADMIN] 15:17:24.546645 シナリオ走行を終了しました [シナリオ名: ログイン]
[ADMIN] 15:17:24.546660 シナリオ走行を開始しました [シナリオ名: ログイン]
[ADMIN] 15:17:24.552122 シナリオ走行を終了しました [シナリオ名: ログイン]
[ADMIN] 15:17:24.552131 シナリオ走行を開始しました [シナリオ名: ログイン]
[ADMIN] 15:17:24.552608 シナリオ走行を終了しました [シナリオ名: ログイン]
[ADMIN] 15:17:24.552627 シナリオ走行を開始しました [シナリオ名: ログイン]
[ADMIN] 15:17:24.556434 シナリオ走行を終了しました [シナリオ名: ログイン]
[ADMIN] 15:17:24.556442 シナリオ走行を開始しました [シナリオ名: ログイン]
[ADMIN] 15:17:24.557564 シナリオ走行を終了しました [シナリオ名: ログイン]
[ADMIN] 15:17:24.557571 シナリオ走行を開始しました [シナリオ名: ログイン]
[ADMIN] 15:17:24.557846 シナリオ走行を終了しました [シナリオ名: ログイン]
[ADMIN] 15:17:24.557855 シナリオ走行を開始しました [シナリオ名: ログイン]
[ADMIN] 15:17:24.561116 シナリオ走行を終了しました [シナリオ名: ログイン]
[ADMIN] 15:17:24.561125 シナリオ走行を開始しました [シナリオ名: ログイン]
[ADMIN] 15:17:24.561496 シナリオ走行を終了しました [シナリオ名: ログイン]
[ADMIN] 15:17:24.561506 シナリオ走行を開始しました [シナリオ名: ログイン]
[ADMIN] 15:17:24.567712 シナリオ走行を終了しました [シナリオ名: ログイン]
[ADMIN] 15:17:24.567719 シナリオ走行を開始しました [シナリオ名: ログイン]
[ADMIN] 15:17:24.568446 シナリオ走行を終了しました [シナリオ名: ログイン]
[ADMIN] 15:17:24.568454 シナリオ走行を開始しました [シナリオ名: ログイン]
[ADMIN] 15:17:24.568691 シナリオ走行を終了しました [シナリオ名: ログイン]
[ADMIN] 15:17:24.568699 シナリオ走行を開始しました [シナリオ名: ログイン]
[ADMIN] 15:17:24.570979 シナリオ走行を終了しました [シナリオ名: ログイン]
[ADMIN] 15:17:24.570989 シナリオ走行を開始しました [シナリオ名: ログイン]
[ADMIN] 15:17:24.571106 シナリオ走行を終了しました [シナリオ名: ログイン]
[ADMIN] 15:17:24.571114 シナリオ走行を開始しました [シナリオ名: ログイン]
[ADMIN] 15:17:24.571232 シナリオ走行を終了しました [シナリオ名: ログイン]
[ADMIN] 15:17:24.571240 シナリオ走行を開始しました [シナリオ名: ログイン]
[ADMIN] 15:17:24.575999 シナリオ走行を終了しました [シナリオ名: ログイン]
[ADMIN] 15:17:24.576008 シナリオ走行を開始しました [シナリオ名: ログイン]
[ADMIN] 15:17:24.576146 シナリオ走行を終了しました [シナリオ名: ログイン]
[ADMIN] 15:17:24.576154 シナリオ走行を開始しました [シナリオ名: ログイン]
[ADMIN] 15:17:24.576239 シナリオ走行を終了しました [シナリオ名: ログイン]
[ADMIN] 15:17:24.576247 シナリオ走行を開始しました [シナリオ名: ログイン]
[ADMIN] 15:17:24.578437 シナリオ走行を終了しました [シナリオ名: ログイン]
[ADMIN] 15:17:24.578446 シナリオ走行を開始しました [シナリオ名: ログイン]
[ADMIN] 15:17:24.578512 シナリオ走行を終了しました [シナリオ名: ログイン]
[ADMIN] 15:17:24.578521 シナリオ走行を開始しました [シナリオ名: ログイン]
[ADMIN] 15:17:24.578681 シナリオ走行を終了しました [シナリオ名: ログイン]
[ADMIN] 15:17:24.578688 シナリオ走行を開始しました [シナリオ名: ログイン]
[ADMIN] 15:17:24.580900 シナリオ走行を終了しました [シナリオ名: ログイン]
[ADMIN] 15:17:24.580907 シナリオ走行を開始しました [シナリオ名: ログイン]
[ADMIN] 15:17:24.581033 シナリオ走行を終了しました [シナリオ名: ログイン]
[ADMIN] 15:17:24.581042 シナリオ走行を開始しました [シナリオ名: ログイン]
[ADMIN] 15:17:24.581083 シナリオ走行を終了しました [シナリオ名: ログイン]
[ADMIN] 15:17:24.581096 シナリオ走行を開始しました [シナリオ名: ログイン]
[ADMIN] 15:17:24.584091 シナリオ走行を終了しました [シナリオ名: ログイン]
[ADMIN] 15:17:24.584098 シナリオ走行を開始しました [シナリオ名: ログイン]
[ADMIN] 15:17:24.584152 シナリオ走行を終了しました [シナリオ名: ログイン]
[ADMIN] 15:17:24.584161 シナリオ走行を開始しました [シナリオ名: ログイン]
[ADMIN] 15:17:24.584619 シナリオ走行を終了しました [シナリオ名: ログイン]
[ADMIN] 15:17:24.584625 シナリオ走行を開始しました [シナリオ名: ログイン]
[ADMIN] 15:17:24.587445 シナリオ走行を終了しました [シナリオ名: ログイン]
[ADMIN] 15:17:24.587454 シナリオ走行を開始しました [シナリオ名: ログイン]
[ADMIN] 15:17:24.587889 シナリオ走行を終了しました [シナリオ名: ログイン]
[ADMIN] 15:17:24.587897 シナリオ走行を開始しました [シナリオ名: ログイン]
[ADMIN] 15:17:24.587945 シナリオ走行を終了しました [シナリオ名: ログイン]
[ADMIN] 15:17:24.587951 シナリオ走行を開始しました [シナリオ名: ログイン]
[ADMIN] 15:17:24.591296 シナリオ走行を終了しました [シナリオ名: ログイン]
[ADMIN] 15:17:24.591308 シナリオ走行を開始しました [シナリオ名: ログイン]
[ADMIN] 15:17:24.591596 シナリオ走行を終了しました [シナリオ名: ログイン]
[ADMIN] 15:17:24.591607 シナリオ走行を開始しました [シナリオ名: ログイン]
[ADMIN] 15:17:24.591662 シナリオ走行を終了しました [シナリオ名: ログイン]
[ADMIN] 15:17:24.591674 シナリオ走行を開始しました [シナリオ名: ログイン]
[ADMIN] 15:17:24.593202 シナリオ走行を終了しました [シナリオ名: ログイン]
[ADMIN] 15:17:24.593211 シナリオ走行を開始しました [シナリオ名: ログイン]
[ADMIN] 15:17:24.593549 シナリオ走行を終了しました [シナリオ名: ログイン]
[ADMIN] 15:17:24.593559 シナリオ走行を開始しました [シナリオ名: ログイン]
[ADMIN] 15:17:24.593574 シナリオ走行を終了しました [シナリオ名: ログイン]
[ADMIN] 15:17:24.593578 シナリオ走行を開始しました [シナリオ名: ログイン]
[ADMIN] 15:17:24.595093 シナリオ走行を終了しました [シナリオ名: ログイン]
[ADMIN] 15:17:24.595101 シナリオ走行を開始しました [シナリオ名: ログイン]
[ADMIN] 15:17:24.597606 シナリオ走行を終了しました [シナリオ名: ログイン]
[ADMIN] 15:17:24.597615 シナリオ走行を開始しました [シナリオ名: ログイン]
[ADMIN] 15:17:24.597656 シナリオ走行を終了しました [シナリオ名: ログイン]
[ADMIN] 15:17:24.597664 シナリオ走行を開始しました [シナリオ名: ログイン]
[ADMIN] 15:17:24.598022 シナリオ走行を終了しました [シナリオ名: ログイン]
[ADMIN] 15:17:24.598030 シナリオ走行を開始しました [シナリオ名: ログイン]
[ADMIN] 15:17:24.604071 シナリオ走行を終了しました [シナリオ名: ログイン]
[ADMIN] 15:17:24.604079 シナリオ走行を開始しました [シナリオ名: ログイン]
[ADMIN] 15:17:24.604665 シナリオ走行を終了しました [シナリオ名: ログイン]
[ADMIN] 15:17:24.604674 シナリオ走行を開始しました [シナリオ名: ログイン]
[ADMIN] 15:17:24.605187 シナリオ走行を終了しました [シナリオ名: ログイン]
[ADMIN] 15:17:24.605196 シナリオ走行を開始しました [シナリオ名: ログイン]
[ADMIN] 15:17:24.606569 シナリオ走行を終了しました [シナリオ名: ログイン]
[ADMIN] 15:17:24.606582 シナリオ走行を開始しました [シナリオ名: ログイン]
[ADMIN] 15:17:24.608991 シナリオ走行を終了しました [シナリオ名: ログイン]
[ADMIN] 15:17:24.609000 シナリオ走行を開始しました [シナリオ名: ログイン]
[ADMIN] 15:17:24.609846 シナリオ走行を終了しました [シナリオ名: ログイン]
[ADMIN] 15:17:24.609854 シナリオ走行を開始しました [シナリオ名: ログイン]
[ADMIN] 15:17:24.611270 シナリオ走行を終了しました [シナリオ名: ログイン]
[ADMIN] 15:17:24.611279 シナリオ走行を開始しました [シナリオ名: ログイン]
[ADMIN] 15:17:24.618169 シナリオ走行を終了しました [シナリオ名: ログイン]
[ADMIN] 15:17:24.618186 シナリオ走行を開始しました [シナリオ名: ログイン]
[ADMIN] 15:17:24.618326 シナリオ走行を終了しました [シナリオ名: ログイン]
[ADMIN] 15:17:24.618339 シナリオ走行を開始しました [シナリオ名: ログイン]
[ADMIN] 15:17:24.618328 シナリオ走行を終了しました [シナリオ名: ログイン]
[ADMIN] 15:17:24.618463 シナリオ走行を開始しました [シナリオ名: ログイン]
[ADMIN] 15:17:24.620320 シナリオ走行を終了しました [シナリオ名: ログイン]
[ADMIN] 15:17:24.620334 シナリオ走行を開始しました [シナリオ名: ログイン]
[ADMIN] 15:17:24.620561 シナリオ走行を終了しました [シナリオ名: ログイン]
[ADMIN] 15:17:24.620600 シナリオ走行を開始しました [シナリオ名: ログイン]
[ADMIN] 15:17:24.620934 シナリオ走行を終了しました [シナリオ名: ログイン]
[ADMIN] 15:17:24.620982 シナリオ走行を開始しました [シナリオ名: ログイン]
[ADMIN] 15:17:24.621735 シナリオ走行を終了しました [シナリオ名: ログイン]
[ADMIN] 15:17:24.621748 シナリオ走行を開始しました [シナリオ名: ログイン]
[ADMIN] 15:17:24.622228 シナリオ走行を終了しました [シナリオ名: ログイン]
[ADMIN] 15:17:24.622276 シナリオ走行を開始しました [シナリオ名: ログイン]
[ADMIN] 15:17:24.622663 シナリオ走行を終了しました [シナリオ名: ログイン]
[ADMIN] 15:17:24.622709 シナリオ走行を開始しました [シナリオ名: ログイン]
[ADMIN] 15:17:24.623221 シナリオ走行を終了しました [シナリオ名: ログイン]
[ADMIN] 15:17:24.623267 シナリオ走行を開始しました [シナリオ名: ログイン]
[ADMIN] 15:17:24.623750 シナリオ走行を終了しました [シナリオ名: ログイン]
[ADMIN] 15:17:24.623763 シナリオ走行を開始しました [シナリオ名: ログイン]
[ADMIN] 15:17:24.624260 シナリオ走行を終了しました [シナリオ名: ログイン]
[ADMIN] 15:17:24.624269 シナリオ走行を開始しました [シナリオ名: ログイン]
[ADMIN] 15:17:24.624731 シナリオ走行を終了しました [シナリオ名: ログイン]
[ADMIN] 15:17:24.624740 シナリオ走行を開始しました [シナリオ名: ログイン]
[ADMIN] 15:17:24.646027 シナリオ走行を終了しました [シナリオ名: ログイン]
[ADMIN] 15:17:24.646037 シナリオ走行を開始しました [シナリオ名: ログイン]
[ADMIN] 15:17:24.650083 シナリオ走行を終了しました [シナリオ名: ログイン]
[ADMIN] 15:17:24.650090 シナリオ走行を開始しました [シナリオ名: ログイン]
[ADMIN] 15:17:24.650402 シナリオ走行を終了しました [シナリオ名: ログイン]
[ADMIN] 15:17:24.650411 シナリオ走行を開始しました [シナリオ名: ログイン]
[ADMIN] 15:17:24.650791 シナリオ走行を終了しました [シナリオ名: ログイン]
[ADMIN] 15:17:24.650799 シナリオ走行を開始しました [シナリオ名: ログイン]
[ADMIN] 15:17:24.654005 シナリオ走行を終了しました [シナリオ名: ログイン]
[ADMIN] 15:17:24.654014 シナリオ走行を開始しました [シナリオ名: ログイン]
[ADMIN] 15:17:24.654417 シナリオ走行を終了しました [シナリオ名: ログイン]
[ADMIN] 15:17:24.654426 シナリオ走行を開始しました [シナリオ名: ログイン]
[ADMIN] 15:17:24.654815 シナリオ走行を終了しました [シナリオ名: ログイン]
[ADMIN] 15:17:24.654823 シナリオ走行を開始しました [シナリオ名: ログイン]
[ADMIN] 15:17:24.655472 シナリオ走行を終了しました [シナリオ名: ログイン]
[ADMIN] 15:17:24.655479 シナリオ走行を開始しました [シナリオ名: ログイン]
[ADMIN] 15:17:24.656635 シナリオ走行を終了しました [シナリオ名: ログイン]
[ADMIN] 15:17:24.656645 シナリオ走行を開始しました [シナリオ名: ログイン]
[ADMIN] 15:17:24.657031 シナリオ走行を終了しました [シナリオ名: ログイン]
[ADMIN] 15:17:24.657040 シナリオ走行を開始しました [シナリオ名: ログイン]
[ADMIN] 15:17:24.657974 シナリオ走行を終了しました [シナリオ名: ログイン]
[ADMIN] 15:17:24.657982 シナリオ走行を開始しました [シナリオ名: ログイン]
[ADMIN] 15:17:24.658352 シナリオ走行を終了しました [シナリオ名: ログイン]
[ADMIN] 15:17:24.658360 シナリオ走行を開始しました [シナリオ名: ログイン]
[ADMIN] 15:17:24.660769 シナリオ走行を終了しました [シナリオ名: ログイン]
[ADMIN] 15:17:24.660778 シナリオ走行を開始しました [シナリオ名: ログイン]
[ADMIN] 15:17:24.661157 シナリオ走行を終了しました [シナリオ名: ログイン]
[ADMIN] 15:17:24.661166 シナリオ走行を開始しました [シナリオ名: ログイン]
[ADMIN] 15:17:24.661444 シナリオ走行を終了しました [シナリオ名: ログイン]
[ADMIN] 15:17:24.661466 シナリオ走行を開始しました [シナリオ名: ログイン]
[ADMIN] 15:17:24.662748 シナリオ走行を終了しました [シナリオ名: ログイン]
[ADMIN] 15:17:24.662756 シナリオ走行を開始しました [シナリオ名: ログイン]
[ADMIN] 15:17:24.663123 シナリオ走行を終了しました [シナリオ名: ログイン]
[ADMIN] 15:17:24.663131 シナリオ走行を開始しました [シナリオ名: ログイン]
[ADMIN] 15:17:24.663411 シナリオ走行を終了しました [シナリオ名: ログイン]
[ADMIN] 15:17:24.663421 シナリオ走行を開始しました [シナリオ名: ログイン]
[ADMIN] 15:17:24.664678 シナリオ走行を終了しました [シナリオ名: ログイン]
[ADMIN] 15:17:24.664686 シナリオ走行を開始しました [シナリオ名: ログイン]
[ADMIN] 15:17:24.665323 シナリオ走行を終了しました [シナリオ名: ログイン]
[ADMIN] 15:17:24.665333 シナリオ走行を開始しました [シナリオ名: ログイン]
[ADMIN] 15:17:24.666027 シナリオ走行を終了しました [シナリオ名: ログイン]
[ADMIN] 15:17:24.666036 シナリオ走行を開始しました [シナリオ名: ログイン]
[ADMIN] 15:17:24.667531 シナリオ走行を終了しました [シナリオ名: ログイン]
[ADMIN] 15:17:24.667540 シナリオ走行を開始しました [シナリオ名: ログイン]
[ADMIN] 15:17:24.667959 シナリオ走行を終了しました [シナリオ名: ログイン]
[ADMIN] 15:17:24.667968 シナリオ走行を開始しました [シナリオ名: ログイン]
[ADMIN] 15:17:24.668491 シナリオ走行を終了しました [シナリオ名: ログイン]
[ADMIN] 15:17:24.668499 シナリオ走行を開始しました [シナリオ名: ログイン]
[ADMIN] 15:17:24.669296 シナリオ走行を終了しました [シナリオ名: ログイン]
[ADMIN] 15:17:24.669305 シナリオ走行を開始しました [シナリオ名: ログイン]
[ADMIN] 15:17:24.670028 シナリオ走行を終了しました [シナリオ名: ログイン]
[ADMIN] 15:17:24.670034 シナリオ走行を開始しました [シナリオ名: ログイン]
[ADMIN] 15:17:24.670758 シナリオ走行を終了しました [シナリオ名: ログイン]
[ADMIN] 15:17:24.670766 シナリオ走行を開始しました [シナリオ名: ログイン]
[ADMIN] 15:17:24.671455 シナリオ走行を終了しました [シナリオ名: ログイン]
[ADMIN] 15:17:24.671464 シナリオ走行を開始しました [シナリオ名: ログイン]
[ADMIN] 15:17:24.672112 シナリオ走行を終了しました [シナリオ名: ログイン]
[ADMIN] 15:17:24.672121 シナリオ走行を開始しました [シナリオ名: ログイン]
[ADMIN] 15:17:24.673008 シナリオ走行を終了しました [シナリオ名: ログイン]
[ADMIN] 15:17:24.673017 シナリオ走行を開始しました [シナリオ名: ログイン]
[ADMIN] 15:17:24.673789 シナリオ走行を終了しました [シナリオ名: ログイン]
[ADMIN] 15:17:24.673798 シナリオ走行を開始しました [シナリオ名: ログイン]
[ADMIN] 15:17:24.674499 シナリオ走行を終了しました [シナリオ名: ログイン]
[ADMIN] 15:17:24.674507 シナリオ走行を開始しました [シナリオ名: ログイン]
[ADMIN] 15:17:24.675157 シナリオ走行を終了しました [シナリオ名: ログイン]
[ADMIN] 15:17:24.675166 シナリオ走行を開始しました [シナリオ名: ログイン]
[ADMIN] 15:17:24.675844 シナリオ走行を終了しました [シナリオ名: ログイン]
[ADMIN] 15:17:24.675852 シナリオ走行を開始しました [シナリオ名: ログイン]
[ADMIN] 15:17:24.677634 シナリオ走行を終了しました [シナリオ名: ログイン]
[ADMIN] 15:17:24.677642 シナリオ走行を開始しました [シナリオ名: ログイン]
[ADMIN] 15:17:24.678082 シナリオ走行を終了しました [シナリオ名: ログイン]
[ADMIN] 15:17:24.678091 シナリオ走行を開始しました [シナリオ名: ログイン]
[ADMIN] 15:17:24.679251 シナリオ走行を終了しました [シナリオ名: ログイン]
[ADMIN] 15:17:24.679259 シナリオ走行を開始しました [シナリオ名: ログイン]
[ADMIN] 15:17:24.679669 シナリオ走行を終了しました [シナリオ名: ログイン]
[ADMIN] 15:17:24.679677 シナリオ走行を開始しました [シナリオ名: ログイン]
[ADMIN] 15:17:24.680303 シナリオ走行を終了しました [シナリオ名: ログイン]
[ADMIN] 15:17:24.680312 シナリオ走行を開始しました [シナリオ名: ログイン]
[ADMIN] 15:17:24.680916 シナリオ走行を終了しました [シナリオ名: ログイン]
[ADMIN] 15:17:24.680924 シナリオ走行を開始しました [シナリオ名: ログイン]
[ADMIN] 15:17:24.681604 シナリオ走行を終了しました [シナリオ名: ログイン]
[ADMIN] 15:17:24.681614 シナリオ走行を開始しました [シナリオ名: ログイン]
[ADMIN] 15:17:24.682282 シナリオ走行を終了しました [シナリオ名: ログイン]
[ADMIN] 15:17:24.682290 シナリオ走行を開始しました [シナリオ名: ログイン]
[ADMIN] 15:17:24.682933 シナリオ走行を終了しました [シナリオ名: ログイン]
[ADMIN] 15:17:24.682942 シナリオ走行を開始しました [シナリオ名: ログイン]
[ADMIN] 15:17:24.683601 シナリオ走行を終了しました [シナリオ名: ログイン]
[ADMIN] 15:17:24.683610 シナリオ走行を開始しました [シナリオ名: ログイン]
[ADMIN] 15:17:24.684363 シナリオ走行を終了しました [シナリオ名: ログイン]
[ADMIN] 15:17:24.684372 シナリオ走行を開始しました [シナリオ名: ログイン]
[ADMIN] 15:17:24.686128 シナリオ走行を終了しました [シナリオ名: ログイン]
[ADMIN] 15:17:24.686137 シナリオ走行を開始しました [シナリオ名: ログイン]
[ADMIN] 15:17:24.687356 シナリオ走行を終了しました [シナリオ名: ログイン]
[ADMIN] 15:17:24.687364 シナリオ走行を開始しました [シナリオ名: ログイン]
[ADMIN] 15:17:24.688130 シナリオ走行を終了しました [シナリオ名: ログイン]
[ADMIN] 15:17:24.688138 シナリオ走行を開始しました [シナリオ名: ログイン]
[ADMIN] 15:17:24.688753 シナリオ走行を終了しました [シナリオ名: ログイン]
[ADMIN] 15:17:24.688760 シナリオ走行を開始しました [シナリオ名: ログイン]
[ADMIN] 15:17:24.689444 シナリオ走行を終了しました [シナリオ名: ログイン]
[ADMIN] 15:17:24.689451 シナリオ走行を開始しました [シナリオ名: ログイン]
[ADMIN] 15:17:24.690051 シナリオ走行を終了しました [シナリオ名: ログイン]
[ADMIN] 15:17:24.690059 シナリオ走行を開始しました [シナリオ名: ログイン]
[ADMIN] 15:17:24.690728 シナリオ走行を終了しました [シナリオ名: ログイン]
[ADMIN] 15:17:24.690736 シナリオ走行を開始しました [シナリオ名: ログイン]
[ADMIN] 15:17:24.691373 シナリオ走行を終了しました [シナリオ名: ログイン]
[ADMIN] 15:17:24.691382 シナリオ走行を開始しました [シナリオ名: ログイン]
[ADMIN] 15:17:24.692060 シナリオ走行を終了しました [シナリオ名: ログイン]
[ADMIN] 15:17:24.692068 シナリオ走行を開始しました [シナリオ名: ログイン]
[ADMIN] 15:17:24.692719 シナリオ走行を終了しました [シナリオ名: ログイン]
[ADMIN] 15:17:24.692730 シナリオ走行を開始しました [シナリオ名: ログイン]
[ADMIN] 15:17:24.693646 シナリオ走行を終了しました [シナリオ名: ログイン]
[ADMIN] 15:17:24.693654 シナリオ走行を開始しました [シナリオ名: ログイン]
[ADMIN] 15:17:24.694464 シナリオ走行を終了しました [シナリオ名: ログイン]
[ADMIN] 15:17:24.694474 シナリオ走行を開始しました [シナリオ名: ログイン]
[ADMIN] 15:17:24.697351 シナリオ走行を終了しました [シナリオ名: ログイン]
[ADMIN] 15:17:24.697360 シナリオ走行を開始しました [シナリオ名: ログイン]
[ADMIN] 15:17:24.697837 シナリオ走行を終了しました [シナリオ名: ログイン]
[ADMIN] 15:17:24.697846 シナリオ走行を開始しました [シナリオ名: ログイン]
[ADMIN] 15:17:24.700317 シナリオ走行を終了しました [シナリオ名: ログイン]
[ADMIN] 15:17:24.700326 シナリオ走行を開始しました [シナリオ名: ログイン]
[ADMIN] 15:17:24.703563 シナリオ走行を終了しました [シナリオ名: ログイン]
[ADMIN] 15:17:24.703572 シナリオ走行を開始しました [シナリオ名: ログイン]
[ADMIN] 15:17:24.704251 シナリオ走行を終了しました [シナリオ名: ログイン]
[ADMIN] 15:17:24.704260 シナリオ走行を開始しました [シナリオ名: ログイン]
[ADMIN] 15:17:24.704941 シナリオ走行を終了しました [シナリオ名: ログイン]
[ADMIN] 15:17:24.704950 シナリオ走行を開始しました [シナリオ名: ログイン]
[ADMIN] 15:17:24.705613 シナリオ走行を終了しました [シナリオ名: ログイン]
[ADMIN] 15:17:24.705621 シナリオ走行を開始しました [シナリオ名: ログイン]
[ADMIN] 15:17:24.706232 シナリオ走行を終了しました [シナリオ名: ログイン]
[ADMIN] 15:17:24.706240 シナリオ走行を開始しました [シナリオ名: ログイン]
[ADMIN] 15:17:24.707467 シナリオ走行を終了しました [シナリオ名: ログイン]
[ADMIN] 15:17:24.707477 シナリオ走行を開始しました [シナリオ名: ログイン]
[ADMIN] 15:17:24.707859 シナリオ走行を終了しました [シナリオ名: ログイン]
[ADMIN] 15:17:24.707866 シナリオ走行を開始しました [シナリオ名: ログイン]
[ADMIN] 15:17:24.708547 シナリオ走行を終了しました [シナリオ名: ログイン]
[ADMIN] 15:17:24.708555 シナリオ走行を開始しました [シナリオ名: ログイン]
[ADMIN] 15:17:24.709203 シナリオ走行を終了しました [シナリオ名: ログイン]
[ADMIN] 15:17:24.709212 シナリオ走行を開始しました [シナリオ名: ログイン]
[ADMIN] 15:17:24.710151 シナリオ走行を終了しました [シナリオ名: ログイン]
[ADMIN] 15:17:24.710159 シナリオ走行を開始しました [シナリオ名: ログイン]
[ADMIN] 15:17:24.710820 シナリオ走行を終了しました [シナリオ名: ログイン]
[ADMIN] 15:17:24.710829 シナリオ走行を開始しました [シナリオ名: ログイン]
[ADMIN] 15:17:24.711599 シナリオ走行を終了しました [シナリオ名: ログイン]
[ADMIN] 15:17:24.711609 シナリオ走行を開始しました [シナリオ名: ログイン]
[ADMIN] 15:17:24.712246 シナリオ走行を終了しました [シナリオ名: ログイン]
[ADMIN] 15:17:24.712255 シナリオ走行を開始しました [シナリオ名: ログイン]
[ADMIN] 15:17:24.712926 シナリオ走行を終了しました [シナリオ名: ログイン]
[ADMIN] 15:17:24.712935 シナリオ走行を開始しました [シナリオ名: ログイン]
[ADMIN] 15:17:24.714033 シナリオ走行を終了しました [シナリオ名: ログイン]
[ADMIN] 15:17:24.714039 シナリオ走行を開始しました [シナリオ名: ログイン]
[ADMIN] 15:17:24.714415 シナリオ走行を終了しました [シナリオ名: ログイン]
[ADMIN] 15:17:24.714424 シナリオ走行を開始しました [シナリオ名: ログイン]
[ADMIN] 15:17:24.714761 シナリオ走行を終了しました [シナリオ名: ログイン]
[ADMIN] 15:17:24.714770 シナリオ走行を開始しました [シナリオ名: ログイン]
[ADMIN] 15:17:24.715992 シナリオ走行を終了しました [シナリオ名: ログイン]
[ADMIN] 15:17:24.716000 シナリオ走行を開始しました [シナリオ名: ログイン]
[ADMIN] 15:17:24.717133 シナリオ走行を終了しました [シナリオ名: ログイン]
[ADMIN] 15:17:24.717148 シナリオ走行を開始しました [シナリオ名: ログイン]
[ADMIN] 15:17:24.717905 シナリオ走行を終了しました [シナリオ名: ログイン]
[ADMIN] 15:17:24.717915 シナリオ走行を開始しました [シナリオ名: ログイン]
[ADMIN] 15:17:24.718549 シナリオ走行を終了しました [シナリオ名: ログイン]
[ADMIN] 15:17:24.718557 シナリオ走行を開始しました [シナリオ名: ログイン]
[ADMIN] 15:17:24.719355 シナリオ走行を終了しました [シナリオ名: ログイン]
[ADMIN] 15:17:24.719365 シナリオ走行を開始しました [シナリオ名: ログイン]
[ADMIN] 15:17:24.720056 シナリオ走行を終了しました [シナリオ名: ログイン]
[ADMIN] 15:17:24.720065 シナリオ走行を開始しました [シナリオ名: ログイン]
[ADMIN] 15:17:24.721227 シナリオ走行を終了しました [シナリオ名: ログイン]
[ADMIN] 15:17:24.721235 シナリオ走行を開始しました [シナリオ名: ログイン]
[ADMIN] 15:17:24.721366 シナリオ走行を終了しました [シナリオ名: ログイン]
[ADMIN] 15:17:24.721372 シナリオ走行を開始しました [シナリオ名: ログイン]
[ADMIN] 15:17:24.722124 シナリオ走行を終了しました [シナリオ名: ログイン]
[ADMIN] 15:17:24.722132 シナリオ走行を開始しました [シナリオ名: ログイン]
[ADMIN] 15:17:24.722878 シナリオ走行を終了しました [シナリオ名: ログイン]
[ADMIN] 15:17:24.722886 シナリオ走行を開始しました [シナリオ名: ログイン]
[ADMIN] 15:17:24.723578 シナリオ走行を終了しました [シナリオ名: ログイン]
[ADMIN] 15:17:24.723587 シナリオ走行を開始しました [シナリオ名: ログイン]
[ADMIN] 15:17:24.724034 シナリオ走行を終了しました [シナリオ名: ログイン]
[ADMIN] 15:17:24.724041 シナリオ走行を開始しました [シナリオ名: ログイン]
[ADMIN] 15:17:24.724672 シナリオ走行を終了しました [シナリオ名: ログイン]
[ADMIN] 15:17:24.724681 シナリオ走行を開始しました [シナリオ名: ログイン]
[ADMIN] 15:17:24.725231 シナリオ走行を終了しました [シナリオ名: ログイン]
[ADMIN] 15:17:24.725239 シナリオ走行を開始しました [シナリオ名: ログイン]
[ADMIN] 15:17:24.726376 シナリオ走行を終了しました [シナリオ名: ログイン]
[ADMIN] 15:17:24.726384 シナリオ走行を開始しました [シナリオ名: ログイン]
[ADMIN] 15:17:24.727502 シナリオ走行を終了しました [シナリオ名: ログイン]
[ADMIN] 15:17:24.727510 シナリオ走行を開始しました [シナリオ名: ログイン]
[ADMIN] 15:17:24.728294 シナリオ走行を終了しました [シナリオ名: ログイン]
[ADMIN] 15:17:24.728303 シナリオ走行を開始しました [シナリオ名: ログイン]
[ADMIN] 15:17:24.729257 シナリオ走行を終了しました [シナリオ名: ログイン]
[ADMIN] 15:17:24.729265 シナリオ走行を開始しました [シナリオ名: ログイン]
[ADMIN] 15:17:24.730418 シナリオ走行を終了しました [シナリオ名: ログイン]
[ADMIN] 15:17:24.730427 シナリオ走行を開始しました [シナリオ名: ログイン]
[ADMIN] 15:17:24.730837 シナリオ走行を終了しました [シナリオ名: ログイン]
[ADMIN] 15:17:24.730844 シナリオ走行を開始しました [シナリオ名: ログイン]
[ADMIN] 15:17:24.731415 シナリオ走行を終了しました [シナリオ名: ログイン]
[ADMIN] 15:17:24.731422 シナリオ走行を開始しました [シナリオ名: ログイン]
[ADMIN] 15:17:24.732057 シナリオ走行を終了しました [シナリオ名: ログイン]
[ADMIN] 15:17:24.732064 シナリオ走行を開始しました [シナリオ名: ログイン]
[ADMIN] 15:17:24.732610 シナリオ走行を終了しました [シナリオ名: ログイン]
[ADMIN] 15:17:24.732618 シナリオ走行を開始しました [シナリオ名: ログイン]
[ADMIN] 15:17:24.733250 シナリオ走行を終了しました [シナリオ名: ログイン]
[ADMIN] 15:17:24.733257 シナリオ走行を開始しました [シナリオ名: ログイン]
[ADMIN] 15:17:24.734165 シナリオ走行を終了しました [シナリオ名: ログイン]
[ADMIN] 15:17:24.734174 シナリオ走行を開始しました [シナリオ名: ログイン]
[ADMIN] 15:17:24.734555 シナリオ走行を終了しました [シナリオ名: ログイン]
[ADMIN] 15:17:24.734564 シナリオ走行を開始しました [シナリオ名: ログイン]
[ADMIN] 15:17:24.734945 シナリオ走行を終了しました [シナリオ名: ログイン]
[ADMIN] 15:17:24.734954 シナリオ走行を開始しました [シナリオ名: ログイン]
[ADMIN] 15:17:24.735855 シナリオ走行を終了しました [シナリオ名: ログイン]
[ADMIN] 15:17:24.735863 シナリオ走行を開始しました [シナリオ名: ログイン]
[ADMIN] 15:17:24.736241 シナリオ走行を終了しました [シナリオ名: ログイン]
[ADMIN] 15:17:24.736248 シナリオ走行を開始しました [シナリオ名: ログイン]
[ADMIN] 15:17:24.736695 シナリオ走行を終了しました [シナリオ名: ログイン]
[ADMIN] 15:17:24.736703 シナリオ走行を開始しました [シナリオ名: ログイン]
[ADMIN] 15:17:24.738304 シナリオ走行を終了しました [シナリオ名: ログイン]
[ADMIN] 15:17:24.738312 シナリオ走行を開始しました [シナリオ名: ログイン]
[ADMIN] 15:17:24.738996 シナリオ走行を終了しました [シナリオ名: ログイン]
[ADMIN] 15:17:24.739005 シナリオ走行を開始しました [シナリオ名: ログイン]
[ADMIN] 15:17:24.739576 シナリオ走行を終了しました [シナリオ名: ログイン]
[ADMIN] 15:17:24.739584 シナリオ走行を開始しました [シナリオ名: ログイン]
[ADMIN] 15:17:24.740953 シナリオ走行を終了しました [シナリオ名: ログイン]
[ADMIN] 15:17:24.740962 シナリオ走行を開始しました [シナリオ名: ログイン]
[ADMIN] 15:17:24.741371 シナリオ走行を終了しました [シナリオ名: ログイン]
[ADMIN] 15:17:24.741380 シナリオ走行を開始しました [シナリオ名: ログイン]
[ADMIN] 15:17:24.742166 シナリオ走行を終了しました [シナリオ名: ログイン]
[ADMIN] 15:17:24.742176 シナリオ走行を開始しました [シナリオ名: ログイン]
[ADMIN] 15:17:24.742705 シナリオ走行を終了しました [シナリオ名: ログイン]
[ADMIN] 15:17:24.742713 シナリオ走行を開始しました [シナリオ名: ログイン]
[ADMIN] 15:17:24.743302 シナリオ走行を終了しました [シナリオ名: ログイン]
[ADMIN] 15:17:24.743310 シナリオ走行を開始しました [シナリオ名: ログイン]
[ADMIN] 15:17:24.743990 シナリオ走行を終了しました [シナリオ名: ログイン]
[ADMIN] 15:17:24.743999 シナリオ走行を開始しました [シナリオ名: ログイン]
[ADMIN] 15:17:24.744484 シナリオ走行を終了しました [シナリオ名: ログイン]
[ADMIN] 15:17:24.744493 シナリオ走行を開始しました [シナリオ名: ログイン]
[ADMIN] 15:17:24.745165 シナリオ走行を終了しました [シナリオ名: ログイン]
[ADMIN] 15:17:24.745173 シナリオ走行を開始しました [シナリオ名: ログイン]
[ADMIN] 15:17:24.745837 シナリオ走行を終了しました [シナリオ名: ログイン]
[ADMIN] 15:17:24.745848 シナリオ走行を開始しました [シナリオ名: ログイン]
[ADMIN] 15:17:24.746410 シナリオ走行を終了しました [シナリオ名: ログイン]
[ADMIN] 15:17:24.746418 シナリオ走行を開始しました [シナリオ名: ログイン]
[ADMIN] 15:17:24.747892 シナリオ走行を終了しました [シナリオ名: ログイン]
[ADMIN] 15:17:24.747901 シナリオ走行を開始しました [シナリオ名: ログイン]
[ADMIN] 15:17:24.748277 シナリオ走行を終了しました [シナリオ名: ログイン]
[ADMIN] 15:17:24.748284 シナリオ走行を開始しました [シナリオ名: ログイン]
[ADMIN] 15:17:24.748966 シナリオ走行を終了しました [シナリオ名: ログイン]
[ADMIN] 15:17:24.748975 シナリオ走行を開始しました [シナリオ名: ログイン]
[ADMIN] 15:17:24.749919 シナリオ走行を終了しました [シナリオ名: ログイン]
[ADMIN] 15:17:24.749927 シナリオ走行を開始しました [シナリオ名: ログイン]
[ADMIN] 15:17:24.750358 シナリオ走行を終了しました [シナリオ名: ログイン]
[ADMIN] 15:17:24.750367 シナリオ走行を開始しました [シナリオ名: ログイン]
[ADMIN] 15:17:24.750976 シナリオ走行を終了しました [シナリオ名: ログイン]
[ADMIN] 15:17:24.750986 シナリオ走行を開始しました [シナリオ名: ログイン]
[ADMIN] 15:17:24.751619 シナリオ走行を終了しました [シナリオ名: ログイン]
[ADMIN] 15:17:24.751628 シナリオ走行を開始しました [シナリオ名: ログイン]
[ADMIN] 15:17:24.752285 シナリオ走行を終了しました [シナリオ名: ログイン]
[ADMIN] 15:17:24.752293 シナリオ走行を開始しました [シナリオ名: ログイン]
[ADMIN] 15:17:24.752801 シナリオ走行を終了しました [シナリオ名: ログイン]
[ADMIN] 15:17:24.752811 シナリオ走行を開始しました [シナリオ名: ログイン]
[ADMIN] 15:17:24.753657 シナリオ走行を終了しました [シナリオ名: ログイン]
[ADMIN] 15:17:24.753664 シナリオ走行を開始しました [シナリオ名: ログイン]
[ADMIN] 15:17:24.754062 シナリオ走行を終了しました [シナリオ名: ログイン]
[ADMIN] 15:17:24.754068 シナリオ走行を開始しました [シナリオ名: ログイン]
[ADMIN] 15:17:24.754663 シナリオ走行を終了しました [シナリオ名: ログイン]
[ADMIN] 15:17:24.754671 シナリオ走行を開始しました [シナリオ名: ログイン]
[ADMIN] 15:17:24.755226 シナリオ走行を終了しました [シナリオ名: ログイン]
[ADMIN] 15:17:24.755236 シナリオ走行を開始しました [シナリオ名: ログイン]
[ADMIN] 15:17:24.755818 シナリオ走行を終了しました [シナリオ名: ログイン]
[ADMIN] 15:17:24.755828 シナリオ走行を開始しました [シナリオ名: ログイン]
[ADMIN] 15:17:24.756400 シナリオ走行を終了しました [シナリオ名: ログイン]
[ADMIN] 15:17:24.756408 シナリオ走行を開始しました [シナリオ名: ログイン]
[ADMIN] 15:17:24.757952 シナリオ走行を終了しました [シナリオ名: ログイン]
[ADMIN] 15:17:24.757962 シナリオ走行を開始しました [シナリオ名: ログイン]
[ADMIN] 15:17:24.758336 シナリオ走行を終了しました [シナリオ名: ログイン]
[ADMIN] 15:17:24.758345 シナリオ走行を開始しました [シナリオ名: ログイン]
[ADMIN] 15:17:24.759010 シナリオ走行を終了しました [シナリオ名: ログイン]
[ADMIN] 15:17:24.759019 シナリオ走行を開始しました [シナリオ名: ログイン]
[ADMIN] 15:17:24.759914 シナリオ走行を終了しました [シナリオ名: ログイン]
[ADMIN] 15:17:24.759924 シナリオ走行を開始しました [シナリオ名: ログイン]
[ADMIN] 15:17:24.760493 シナリオ走行を終了しました [シナリオ名: ログイン]
[ADMIN] 15:17:24.760503 シナリオ走行を開始しました [シナリオ名: ログイン]
[ADMIN] 15:17:24.761162 シナリオ走行を終了しました [シナリオ名: ログイン]
[ADMIN] 15:17:24.761170 シナリオ走行を開始しました [シナリオ名: ログイン]
[ADMIN] 15:17:24.761739 シナリオ走行を終了しました [シナリオ名: ログイン]
[ADMIN] 15:17:24.761746 シナリオ走行を開始しました [シナリオ名: ログイン]
[ADMIN] 15:17:24.762357 シナリオ走行を終了しました [シナリオ名: ログイン]
[ADMIN] 15:17:24.762365 シナリオ走行を開始しました [シナリオ名: ログイン]
[ADMIN] 15:17:24.762973 シナリオ走行を終了しました [シナリオ名: ログイン]
[ADMIN] 15:17:24.762981 シナリオ走行を開始しました [シナリオ名: ログイン]
[ADMIN] 15:17:24.763540 シナリオ走行を終了しました [シナリオ名: ログイン]
[ADMIN] 15:17:24.763549 シナリオ走行を開始しました [シナリオ名: ログイン]
[ADMIN] 15:17:24.764383 シナリオ走行を終了しました [シナリオ名: ログイン]
[ADMIN] 15:17:24.764392 シナリオ走行を開始しました [シナリオ名: ログイン]
[ADMIN] 15:17:24.764741 シナリオ走行を終了しました [シナリオ名: ログイン]
[ADMIN] 15:17:24.764750 シナリオ走行を開始しました [シナリオ名: ログイン]
[ADMIN] 15:17:24.765152 シナリオ走行を終了しました [シナリオ名: ログイン]
[ADMIN] 15:17:24.765162 シナリオ走行を開始しました [シナリオ名: ログイン]
[ADMIN] 15:17:24.765981 シナリオ走行を終了しました [シナリオ名: ログイン]
[ADMIN] 15:17:24.765990 シナリオ走行を開始しました [シナリオ名: ログイン]
[ADMIN] 15:17:24.766474 シナリオ走行を終了しました [シナリオ名: ログイン]
[ADMIN] 15:17:24.766484 シナリオ走行を開始しました [シナリオ名: ログイン]
[ADMIN] 15:17:24.767926 シナリオ走行を終了しました [シナリオ名: ログイン]
[ADMIN] 15:17:24.767935 シナリオ走行を開始しました [シナリオ名: ログイン]
[ADMIN] 15:17:24.768302 シナリオ走行を終了しました [シナリオ名: ログイン]
[ADMIN] 15:17:24.768311 シナリオ走行を開始しました [シナリオ名: ログイン]
[ADMIN] 15:17:24.768693 シナリオ走行を終了しました [シナリオ名: ログイン]
[ADMIN] 15:17:24.768700 シナリオ走行を開始しました [シナリオ名: ログイン]
[ADMIN] 15:17:24.769719 シナリオ走行を終了しました [シナリオ名: ログイン]
[ADMIN] 15:17:24.769728 シナリオ走行を開始しました [シナリオ名: ログイン]
[ADMIN] 15:17:24.770177 シナリオ走行を終了しました [シナリオ名: ログイン]
[ADMIN] 15:17:24.770186 シナリオ走行を開始しました [シナリオ名: ログイン]
[ADMIN] 15:17:24.770824 シナリオ走行を終了しました [シナリオ名: ログイン]
[ADMIN] 15:17:24.770831 シナリオ走行を開始しました [シナリオ名: ログイン]
[ADMIN] 15:17:24.770910 シナリオ走行を終了しました [シナリオ名: ログイン]
[ADMIN] 15:17:24.770918 シナリオ走行を開始しました [シナリオ名: ログイン]
[ADMIN] 15:17:24.771299 シナリオ走行を終了しました [シナリオ名: ログイン]
[ADMIN] 15:17:24.771308 シナリオ走行を開始しました [シナリオ名: ログイン]
[ADMIN] 15:17:24.771562 シナリオ走行を終了しました [シナリオ名: ログイン]
[ADMIN] 15:17:24.771586 シナリオ走行を開始しました [シナリオ名: ログイン]
[ADMIN] 15:17:24.771997 シナリオ走行を終了しました [シナリオ名: ログイン]
[ADMIN] 15:17:24.772011 シナリオ走行を開始しました [シナリオ名: ログイン]
[ADMIN] 15:17:24.772049 シナリオ走行を終了しました [シナリオ名: ログイン]
[ADMIN] 15:17:24.772054 シナリオ走行を開始しました [シナリオ名: ログイン]
[ADMIN] 15:17:24.772240 シナリオ走行を終了しました [シナリオ名: ログイン]
[ADMIN] 15:17:24.772248 シナリオ走行を開始しました [シナリオ名: ログイン]
[ADMIN] 15:17:24.772570 シナリオ走行を終了しました [シナリオ名: ログイン]
[ADMIN] 15:17:24.772580 シナリオ走行を開始しました [シナリオ名: ログイン]
[ADMIN] 15:17:24.772724 シナリオ走行を終了しました [シナリオ名: ログイン]
[ADMIN] 15:17:24.772734 シナリオ走行を開始しました [シナリオ名: ログイン]
[ADMIN] 15:17:24.776269 シナリオ走行を終了しました [シナリオ名: ログイン]
[ADMIN] 15:17:24.776278 シナリオ走行を開始しました [シナリオ名: ログイン]
[ADMIN] 15:17:24.778156 シナリオ走行を終了しました [シナリオ名: ログイン]
[ADMIN] 15:17:24.778164 シナリオ走行を開始しました [シナリオ名: ログイン]
[ADMIN] 15:17:24.778578 シナリオ走行を終了しました [シナリオ名: ログイン]
[ADMIN] 15:17:24.778588 シナリオ走行を開始しました [シナリオ名: ログイン]
[ADMIN] 15:17:24.779367 シナリオ走行を終了しました [シナリオ名: ログイン]
[ADMIN] 15:17:24.779377 シナリオ走行を開始しました [シナリオ名: ログイン]
[ADMIN] 15:17:24.780075 シナリオ走行を終了しました [シナリオ名: ログイン]
[ADMIN] 15:17:24.780084 シナリオ走行を開始しました [シナリオ名: ログイン]
[ADMIN] 15:17:24.781498 シナリオ走行を終了しました [シナリオ名: ログイン]
[ADMIN] 15:17:24.781507 シナリオ走行を開始しました [シナリオ名: ログイン]
[ADMIN] 15:17:24.781885 シナリオ走行を終了しました [シナリオ名: ログイン]
[ADMIN] 15:17:24.781894 シナリオ走行を開始しました [シナリオ名: ログイン]
[ADMIN] 15:17:24.782252 シナリオ走行を終了しました [シナリオ名: ログイン]
[ADMIN] 15:17:24.782261 シナリオ走行を開始しました [シナリオ名: ログイン]
[ADMIN] 15:17:24.783474 シナリオ走行を終了しました [シナリオ名: ログイン]
[ADMIN] 15:17:24.783483 シナリオ走行を開始しました [シナリオ名: ログイン]
[ADMIN] 15:17:24.783902 シナリオ走行を終了しました [シナリオ名: ログイン]
[ADMIN] 15:17:24.783911 シナリオ走行を開始しました [シナリオ名: ログイン]
[ADMIN] 15:17:24.784613 シナリオ走行を終了しました [シナリオ名: ログイン]
[ADMIN] 15:17:24.784623 シナリオ走行を開始しました [シナリオ名: ログイン]
[ADMIN] 15:17:24.786155 シナリオ走行を終了しました [シナリオ名: ログイン]
[ADMIN] 15:17:24.786164 シナリオ走行を開始しました [シナリオ名: ログイン]
[ADMIN] 15:17:24.786572 シナリオ走行を終了しました [シナリオ名: ログイン]
[ADMIN] 15:17:24.786578 シナリオ走行を開始しました [シナリオ名: ログイン]
[ADMIN] 15:17:24.787094 シナリオ走行を終了しました [シナリオ名: ログイン]
[ADMIN] 15:17:24.787100 シナリオ走行を開始しました [シナリオ名: ログイン]
[ADMIN] 15:17:24.788732 シナリオ走行を終了しました [シナリオ名: ログイン]
[ADMIN] 15:17:24.788741 シナリオ走行を開始しました [シナリオ名: ログイン]
[ADMIN] 15:17:24.789185 シナリオ走行を終了しました [シナリオ名: ログイン]
[ADMIN] 15:17:24.789203 シナリオ走行を開始しました [シナリオ名: ログイン]
[ADMIN] 15:17:24.789926 シナリオ走行を終了しました [シナリオ名: ログイン]
[ADMIN] 15:17:24.789933 シナリオ走行を開始しました [シナリオ名: ログイン]
[ADMIN] 15:17:24.790701 シナリオ走行を終了しました [シナリオ名: ログイン]
[ADMIN] 15:17:24.790711 シナリオ走行を開始しました [シナリオ名: ログイン]
[ADMIN] 15:17:24.791422 シナリオ走行を終了しました [シナリオ名: ログイン]
[ADMIN] 15:17:24.791431 シナリオ走行を開始しました [シナリオ名: ログイン]
[ADMIN] 15:17:24.792116 シナリオ走行を終了しました [シナリオ名: ログイン]
[ADMIN] 15:17:24.792124 シナリオ走行を開始しました [シナリオ名: ログイン]
[ADMIN] 15:17:24.792776 シナリオ走行を終了しました [シナリオ名: ログイン]
[ADMIN] 15:17:24.792785 シナリオ走行を開始しました [シナリオ名: ログイン]
[ADMIN] 15:17:24.793404 シナリオ走行を終了しました [シナリオ名: ログイン]
[ADMIN] 15:17:24.793413 シナリオ走行を開始しました [シナリオ名: ログイン]
[ADMIN] 15:17:24.794755 シナリオ走行を終了しました [シナリオ名: ログイン]
[ADMIN] 15:17:24.794765 シナリオ走行を開始しました [シナリオ名: ログイン]
[ADMIN] 15:17:24.795185 シナリオ走行を終了しました [シナリオ名: ログイン]
[ADMIN] 15:17:24.795195 シナリオ走行を開始しました [シナリオ名: ログイン]
[ADMIN] 15:17:24.795581 シナリオ走行を終了しました [シナリオ名: ログイン]
[ADMIN] 15:17:24.795590 シナリオ走行を開始しました [シナリオ名: ログイン]
[ADMIN] 15:17:24.796752 シナリオ走行を終了しました [シナリオ名: ログイン]
[ADMIN] 15:17:24.796761 シナリオ走行を開始しました [シナリオ名: ログイン]
[ADMIN] 15:17:24.797161 シナリオ走行を終了しました [シナリオ名: ログイン]
[ADMIN] 15:17:24.797168 シナリオ走行を開始しました [シナリオ名: ログイン]
[ADMIN] 15:17:24.798180 シナリオ走行を終了しました [シナリオ名: ログイン]
[ADMIN] 15:17:24.798187 シナリオ走行を開始しました [シナリオ名: ログイン]
[ADMIN] 15:17:24.799362 シナリオ走行を終了しました [シナリオ名: ログイン]
[ADMIN] 15:17:24.799371 シナリオ走行を開始しました [シナリオ名: ログイン]
[ADMIN] 15:17:24.799802 シナリオ走行を終了しました [シナリオ名: ログイン]
[ADMIN] 15:17:24.799810 シナリオ走行を開始しました [シナリオ名: ログイン]
[ADMIN] 15:17:24.800099 シナリオ走行を終了しました [シナリオ名: ログイン]
[ADMIN] 15:17:24.800109 シナリオ走行を開始しました [シナリオ名: ログイン]
[ADMIN] 15:17:24.801422 シナリオ走行を終了しました [シナリオ名: ログイン]
[ADMIN] 15:17:24.801431 シナリオ走行を開始しました [シナリオ名: ログイン]
[ADMIN] 15:17:24.801884 シナリオ走行を終了しました [シナリオ名: ログイン]
[ADMIN] 15:17:24.801892 シナリオ走行を開始しました [シナリオ名: ログイン]
[ADMIN] 15:17:24.802373 シナリオ走行を終了しました [シナリオ名: ログイン]
[ADMIN] 15:17:24.802380 シナリオ走行を開始しました [シナリオ名: ログイン]
[ADMIN] 15:17:24.804241 シナリオ走行を終了しました [シナリオ名: ログイン]
[ADMIN] 15:17:24.804250 シナリオ走行を開始しました [シナリオ名: ログイン]
[ADMIN] 15:17:24.805005 シナリオ走行を終了しました [シナリオ名: ログイン]
[ADMIN] 15:17:24.805011 シナリオ走行を開始しました [シナリオ名: ログイン]
[ADMIN] 15:17:24.805756 シナリオ走行を終了しました [シナリオ名: ログイン]
[ADMIN] 15:17:24.805766 シナリオ走行を開始しました [シナリオ名: ログイン]
[ADMIN] 15:17:24.807084 シナリオ走行を終了しました [シナリオ名: ログイン]
[ADMIN] 15:17:24.807093 シナリオ走行を開始しました [シナリオ名: ログイン]
[ADMIN] 15:17:24.808122 シナリオ走行を終了しました [シナリオ名: ログイン]
[ADMIN] 15:17:24.808132 シナリオ走行を開始しました [シナリオ名: ログイン]
[ADMIN] 15:17:24.808861 シナリオ走行を終了しました [シナリオ名: ログイン]
[ADMIN] 15:17:24.808870 シナリオ走行を開始しました [シナリオ名: ログイン]
[ADMIN] 15:17:24.809579 シナリオ走行を終了しました [シナリオ名: ログイン]
[ADMIN] 15:17:24.809586 シナリオ走行を開始しました [シナリオ名: ログイン]
[ADMIN] 15:17:24.810234 シナリオ走行を終了しました [シナリオ名: ログイン]
[ADMIN] 15:17:24.810243 シナリオ走行を開始しました [シナリオ名: ログイン]
[ADMIN] 15:17:24.810948 シナリオ走行を終了しました [シナリオ名: ログイン]
[ADMIN] 15:17:24.810956 シナリオ走行を開始しました [シナリオ名: ログイン]
[ADMIN] 15:17:24.811654 シナリオ走行を終了しました [シナリオ名: ログイン]
[ADMIN] 15:17:24.811662 シナリオ走行を開始しました [シナリオ名: ログイン]
[ADMIN] 15:17:24.812308 シナリオ走行を終了しました [シナリオ名: ログイン]
[ADMIN] 15:17:24.812317 シナリオ走行を開始しました [シナリオ名: ログイン]
[ADMIN] 15:17:24.812977 シナリオ走行を終了しました [シナリオ名: ログイン]
[ADMIN] 15:17:24.812985 シナリオ走行を開始しました [シナリオ名: ログイン]
[ADMIN] 15:17:24.813678 シナリオ走行を終了しました [シナリオ名: ログイン]
[ADMIN] 15:17:24.813685 シナリオ走行を開始しました [シナリオ名: ログイン]
[ADMIN] 15:17:24.815047 シナリオ走行を終了しました [シナリオ名: ログイン]
[ADMIN] 15:17:24.815054 シナリオ走行を開始しました [シナリオ名: ログイン]
[ADMIN] 15:17:24.815524 シナリオ走行を終了しました [シナリオ名: ログイン]
[ADMIN] 15:17:24.815534 シナリオ走行を開始しました [シナリオ名: ログイン]
[ADMIN] 15:17:24.816176 シナリオ走行を終了しました [シナリオ名: ログイン]
[ADMIN] 15:17:24.816186 シナリオ走行を開始しました [シナリオ名: ログイン]
[ADMIN] 15:17:24.817022 シナリオ走行を終了しました [シナリオ名: ログイン]
[ADMIN] 15:17:24.817029 シナリオ走行を開始しました [シナリオ名: ログイン]
[ADMIN] 15:17:24.818274 シナリオ走行を終了しました [シナリオ名: ログイン]
[ADMIN] 15:17:24.818282 シナリオ走行を開始しました [シナリオ名: ログイン]
[ADMIN] 15:17:24.820960 シナリオ走行を終了しました [シナリオ名: ログイン]
[ADMIN] 15:17:24.820970 シナリオ走行を開始しました [シナリオ名: ログイン]
[ADMIN] 15:17:24.821687 シナリオ走行を終了しました [シナリオ名: ログイン]
[ADMIN] 15:17:24.821696 シナリオ走行を開始しました [シナリオ名: ログイン]
[ADMIN] 15:17:24.823158 シナリオ走行を終了しました [シナリオ名: ログイン]
[ADMIN] 15:17:24.823169 シナリオ走行を開始しました [シナリオ名: ログイン]
[ADMIN] 15:17:24.823804 シナリオ走行を終了しました [シナリオ名: ログイン]
[ADMIN] 15:17:24.823812 シナリオ走行を開始しました [シナリオ名: ログイン]
[ADMIN] 15:17:24.823833 シナリオ走行を終了しました [シナリオ名: ログイン]
[ADMIN] 15:17:24.823839 シナリオ走行を開始しました [シナリオ名: ログイン]
[ADMIN] 15:17:24.824761 シナリオ走行を終了しました [シナリオ名: ログイン]
[ADMIN] 15:17:24.824768 シナリオ走行を開始しました [シナリオ名: ログイン]
[ADMIN] 15:17:24.827350 シナリオ走行を終了しました [シナリオ名: ログイン]
[ADMIN] 15:17:24.827359 シナリオ走行を開始しました [シナリオ名: ログイン]
[ADMIN] 15:17:24.827686 シナリオ走行を終了しました [シナリオ名: ログイン]
[ADMIN] 15:17:24.827703 シナリオ走行を開始しました [シナリオ名: ログイン]
[ADMIN] 15:17:24.829860 シナリオ走行を終了しました [シナリオ名: ログイン]
[ADMIN] 15:17:24.829869 シナリオ走行を開始しました [シナリオ名: ログイン]
[ADMIN] 15:17:24.830980 シナリオ走行を終了しました [シナリオ名: ログイン]
[ADMIN] 15:17:24.830991 シナリオ走行を開始しました [シナリオ名: ログイン]
[ADMIN] 15:17:24.831007 シナリオ走行を終了しました [シナリオ名: ログイン]
[ADMIN] 15:17:24.831014 シナリオ走行を開始しました [シナリオ名: ログイン]
[ADMIN] 15:17:24.831230 シナリオ走行を終了しました [シナリオ名: ログイン]
[ADMIN] 15:17:24.831239 シナリオ走行を開始しました [シナリオ名: ログイン]
[ADMIN] 15:17:24.834970 シナリオ走行を終了しました [シナリオ名: ログイン]
[ADMIN] 15:17:24.834979 シナリオ走行を開始しました [シナリオ名: ログイン]
[ADMIN] 15:17:24.835027 シナリオ走行を終了しました [シナリオ名: ログイン]
[ADMIN] 15:17:24.835040 シナリオ走行を開始しました [シナリオ名: ログイン]
[ADMIN] 15:17:24.835492 シナリオ走行を終了しました [シナリオ名: ログイン]
[ADMIN] 15:17:24.835500 シナリオ走行を開始しました [シナリオ名: ログイン]
[ADMIN] 15:17:24.839746 シナリオ走行を終了しました [シナリオ名: ログイン]
[ADMIN] 15:17:24.839754 シナリオ走行を開始しました [シナリオ名: ログイン]
[ADMIN] 15:17:24.840160 シナリオ走行を終了しました [シナリオ名: ログイン]
[ADMIN] 15:17:24.840170 シナリオ走行を開始しました [シナリオ名: ログイン]
[ADMIN] 15:17:24.840208 シナリオ走行を終了しました [シナリオ名: ログイン]
[ADMIN] 15:17:24.840222 シナリオ走行を開始しました [シナリオ名: ログイン]
[ADMIN] 15:17:24.841810 シナリオ走行を終了しました [シナリオ名: ログイン]
[ADMIN] 15:17:24.841818 シナリオ走行を開始しました [シナリオ名: ログイン]
[ADMIN] 15:17:24.841844 シナリオ走行を終了しました [シナリオ名: ログイン]
[ADMIN] 15:17:24.841849 シナリオ走行を開始しました [シナリオ名: ログイン]
[ADMIN] 15:17:24.842310 シナリオ走行を終了しました [シナリオ名: ログイン]
[ADMIN] 15:17:24.842319 シナリオ走行を開始しました [シナリオ名: ログイン]
[ADMIN] 15:17:24.843100 シナリオ走行を終了しました [シナリオ名: ログイン]
[ADMIN] 15:17:24.843108 シナリオ走行を開始しました [シナリオ名: ログイン]
[ADMIN] 15:17:24.844337 シナリオ走行を終了しました [シナリオ名: ログイン]
[ADMIN] 15:17:24.844344 シナリオ走行を開始しました [シナリオ名: ログイン]
[ADMIN] 15:17:24.844789 シナリオ走行を終了しました [シナリオ名: ログイン]
[ADMIN] 15:17:24.844801 シナリオ走行を開始しました [シナリオ名: ログイン]
[ADMIN] 15:17:24.844889 シナリオ走行を終了しました [シナリオ名: ログイン]
[ADMIN] 15:17:24.844897 シナリオ走行を開始しました [シナリオ名: ログイン]
[ADMIN] 15:17:24.845780 シナリオ走行を終了しました [シナリオ名: ログイン]
[ADMIN] 15:17:24.845788 シナリオ走行を開始しました [シナリオ名: ログイン]
[ADMIN] 15:17:24.846338 シナリオ走行を終了しました [シナリオ名: ログイン]
[ADMIN] 15:17:24.846346 シナリオ走行を開始しました [シナリオ名: ログイン]
[ADMIN] 15:17:24.846796 シナリオ走行を終了しました [シナリオ名: ログイン]
[ADMIN] 15:17:24.846805 シナリオ走行を開始しました [シナリオ名: ログイン]
[ADMIN] 15:17:24.847290 シナリオ走行を終了しました [シナリオ名: ログイン]
[ADMIN] 15:17:24.847298 シナリオ走行を開始しました [シナリオ名: ログイン]
[ADMIN] 15:17:24.849036 シナリオ走行を終了しました [シナリオ名: ログイン]
[ADMIN] 15:17:24.849045 シナリオ走行を開始しました [シナリオ名: ログイン]
[ADMIN] 15:17:24.849932 シナリオ走行を終了しました [シナリオ名: ログイン]
[ADMIN] 15:17:24.849940 シナリオ走行を開始しました [シナリオ名: ログイン]
[ADMIN] 15:17:24.849979 シナリオ走行を終了しました [シナリオ名: ログイン]
[ADMIN] 15:17:24.849988 シナリオ走行を開始しました [シナリオ名: ログイン]
[ADMIN] 15:17:24.853893 シナリオ走行を終了しました [シナリオ名: ログイン]
[ADMIN] 15:17:24.853902 シナリオ走行を開始しました [シナリオ名: ログイン]
[ADMIN] 15:17:24.854098 シナリオ走行を終了しました [シナリオ名: ログイン]
[ADMIN] 15:17:24.854105 シナリオ走行を開始しました [シナリオ名: ログイン]
[ADMIN] 15:17:24.854426 シナリオ走行を終了しました [シナリオ名: ログイン]
[ADMIN] 15:17:24.854436 シナリオ走行を開始しました [シナリオ名: ログイン]
[ADMIN] 15:17:24.856183 シナリオ走行を終了しました [シナリオ名: ログイン]
[ADMIN] 15:17:24.856194 シナリオ走行を開始しました [シナリオ名: ログイン]
[ADMIN] 15:17:24.856395 シナリオ走行を終了しました [シナリオ名: ログイン]
[ADMIN] 15:17:24.856402 シナリオ走行を開始しました [シナリオ名: ログイン]
[ADMIN] 15:17:24.856426 シナリオ走行を終了しました [シナリオ名: ログイン]
[ADMIN] 15:17:24.856432 シナリオ走行を開始しました [シナリオ名: ログイン]
[ADMIN] 15:17:24.857978 シナリオ走行を終了しました [シナリオ名: ログイン]
[ADMIN] 15:17:24.857987 シナリオ走行を開始しました [シナリオ名: ログイン]
[ADMIN] 15:17:24.858375 シナリオ走行を終了しました [シナリオ名: ログイン]
[ADMIN] 15:17:24.858384 シナリオ走行を開始しました [シナリオ名: ログイン]
[ADMIN] 15:17:24.858418 シナリオ走行を終了しました [シナリオ名: ログイン]
[ADMIN] 15:17:24.858425 シナリオ走行を開始しました [シナリオ名: ログイン]
[ADMIN] 15:17:24.859735 シナリオ走行を終了しました [シナリオ名: ログイン]
[ADMIN] 15:17:24.859744 シナリオ走行を開始しました [シナリオ名: ログイン]
[ADMIN] 15:17:24.860297 シナリオ走行を終了しました [シナリオ名: ログイン]
[ADMIN] 15:17:24.860307 シナリオ走行を開始しました [シナリオ名: ログイン]
[ADMIN] 15:17:24.860607 シナリオ走行を終了しました [シナリオ名: ログイン]
[ADMIN] 15:17:24.860617 シナリオ走行を開始しました [シナリオ名: ログイン]
[ADMIN] 15:17:24.860932 シナリオ走行を終了しました [シナリオ名: ログイン]
[ADMIN] 15:17:24.860941 シナリオ走行を開始しました [シナリオ名: ログイン]
[ADMIN] 15:17:24.862059 シナリオ走行を終了しました [シナリオ名: ログイン]
[ADMIN] 15:17:24.862067 シナリオ走行を開始しました [シナリオ名: ログイン]
[ADMIN] 15:17:24.862448 シナリオ走行を終了しました [シナリオ名: ログイン]
[ADMIN] 15:17:24.862457 シナリオ走行を開始しました [シナリオ名: ログイン]
[ADMIN] 15:17:24.862755 シナリオ走行を終了しました [シナリオ名: ログイン]
[ADMIN] 15:17:24.862765 シナリオ走行を開始しました [シナリオ名: ログイン]
[ADMIN] 15:17:24.864449 シナリオ走行を終了しました [シナリオ名: ログイン]
[ADMIN] 15:17:24.864457 シナリオ走行を開始しました [シナリオ名: ログイン]
[ADMIN] 15:17:24.873219 シナリオ走行を終了しました [シナリオ名: ログイン]
[ADMIN] 15:17:24.873229 シナリオ走行を開始しました [シナリオ名: ログイン]
[ADMIN] 15:17:24.873544 シナリオ走行を終了しました [シナリオ名: ログイン]
[ADMIN] 15:17:24.873555 シナリオ走行を開始しました [シナリオ名: ログイン]
[ADMIN] 15:17:24.873893 シナリオ走行を終了しました [シナリオ名: ログイン]
[ADMIN] 15:17:24.873901 シナリオ走行を開始しました [シナリオ名: ログイン]
[ADMIN] 15:17:24.875582 シナリオ走行を終了しました [シナリオ名: ログイン]
[ADMIN] 15:17:24.875604 シナリオ走行を開始しました [シナリオ名: ログイン]
[ADMIN] 15:17:24.875619 シナリオ走行を終了しました [シナリオ名: ログイン]
[ADMIN] 15:17:24.875638 シナリオ走行を開始しました [シナリオ名: ログイン]
[ADMIN] 15:17:24.875657 シナリオ走行を終了しました [シナリオ名: ログイン]
[ADMIN] 15:17:24.875665 シナリオ走行を開始しました [シナリオ名: ログイン]
[ADMIN] 15:17:24.883373 シナリオ走行を終了しました [シナリオ名: ログイン]
[ADMIN] 15:17:24.883393 シナリオ走行を開始しました [シナリオ名: ログイン]
[ADMIN] 15:17:24.883412 シナリオ走行を終了しました [シナリオ名: ログイン]
[ADMIN] 15:17:24.883424 シナリオ走行を終了しました [シナリオ名: ログイン]
[ADMIN] 15:17:24.883432 シナリオ走行を開始しました [シナリオ名: ログイン]
[ADMIN] 15:17:24.883471 シナリオ走行を開始しました [シナリオ名: ログイン]
[ADMIN] 15:17:24.886505 シナリオ走行を終了しました [シナリオ名: ログイン]
[ADMIN] 15:17:24.886516 シナリオ走行を開始しました [シナリオ名: ログイン]
[ADMIN] 15:17:24.886552 シナリオ走行を終了しました [シナリオ名: ログイン]
[ADMIN] 15:17:24.886564 シナリオ走行を開始しました [シナリオ名: ログイン]
[ADMIN] 15:17:24.886565 シナリオ走行を終了しました [シナリオ名: ログイン]
[ADMIN] 15:17:24.886655 シナリオ走行を開始しました [シナリオ名: ログイン]
[ADMIN] 15:17:24.888704 シナリオ走行を終了しました [シナリオ名: ログイン]
[ADMIN] 15:17:24.888713 シナリオ走行を開始しました [シナリオ名: ログイン]
[ADMIN] 15:17:24.897043 シナリオ走行を終了しました [シナリオ名: ログイン]
[ADMIN] 15:17:24.897053 シナリオ走行を開始しました [シナリオ名: ログイン]
[ADMIN] 15:17:24.897063 シナリオ走行を終了しました [シナリオ名: ログイン]
[ADMIN] 15:17:24.897069 シナリオ走行を開始しました [シナリオ名: ログイン]
[ADMIN] 15:17:24.897483 シナリオ走行を終了しました [シナリオ名: ログイン]
[ADMIN] 15:17:24.897492 シナリオ走行を開始しました [シナリオ名: ログイン]
[ADMIN] 15:17:24.899926 シナリオ走行を終了しました [シナリオ名: ログイン]
[ADMIN] 15:17:24.899937 シナリオ走行を開始しました [シナリオ名: ログイン]
[ADMIN] 15:17:24.899966 シナリオ走行を終了しました [シナリオ名: ログイン]
[ADMIN] 15:17:24.899972 シナリオ走行を開始しました [シナリオ名: ログイン]
[ADMIN] 15:17:24.900011 シナリオ走行を終了しました [シナリオ名: ログイン]
[ADMIN] 15:17:24.900020 シナリオ走行を開始しました [シナリオ名: ログイン]
[ADMIN] 15:17:24.901317 シナリオ走行を終了しました [シナリオ名: ログイン]
[ADMIN] 15:17:24.901323 シナリオ走行を開始しました [シナリオ名: ログイン]
[ADMIN] 15:17:24.901657 シナリオ走行を終了しました [シナリオ名: ログイン]
[ADMIN] 15:17:24.901667 シナリオ走行を開始しました [シナリオ名: ログイン]
[ADMIN] 15:17:24.901850 シナリオ走行を終了しました [シナリオ名: ログイン]
[ADMIN] 15:17:24.901858 シナリオ走行を開始しました [シナリオ名: ログイン]
[ADMIN] 15:17:24.905002 シナリオ走行を終了しました [シナリオ名: ログイン]
[ADMIN] 15:17:24.905011 シナリオ走行を開始しました [シナリオ名: ログイン]
[ADMIN] 15:17:24.905220 シナリオ走行を終了しました [シナリオ名: ログイン]
[ADMIN] 15:17:24.905230 シナリオ走行を開始しました [シナリオ名: ログイン]
[ADMIN] 15:17:24.905254 シナリオ走行を終了しました [シナリオ名: ログイン]
[ADMIN] 15:17:24.905261 シナリオ走行を開始しました [シナリオ名: ログイン]
[ADMIN] 15:17:24.913354 シナリオ走行を終了しました [シナリオ名: ログイン]
[ADMIN] 15:17:24.913367 シナリオ走行を開始しました [シナリオ名: ログイン]
[ADMIN] 15:17:24.913388 シナリオ走行を終了しました [シナリオ名: ログイン]
[ADMIN] 15:17:24.913396 シナリオ走行を開始しました [シナリオ名: ログイン]
[ADMIN] 15:17:24.913436 シナリオ走行を終了しました [シナリオ名: ログイン]
[ADMIN] 15:17:24.913450 シナリオ走行を開始しました [シナリオ名: ログイン]
[ADMIN] 15:17:24.915804 シナリオ走行を終了しました [シナリオ名: ログイン]
[ADMIN] 15:17:24.915812 シナリオ走行を開始しました [シナリオ名: ログイン]
[ADMIN] 15:17:24.916124 シナリオ走行を終了しました [シナリオ名: ログイン]
[ADMIN] 15:17:24.916133 シナリオ走行を開始しました [シナリオ名: ログイン]
[ADMIN] 15:17:24.916485 シナリオ走行を終了しました [シナリオ名: ログイン]
[ADMIN] 15:17:24.916492 シナリオ走行を開始しました [シナリオ名: ログイン]
[ADMIN] 15:17:24.919788 シナリオ走行を終了しました [シナリオ名: ログイン]
[ADMIN] 15:17:24.919795 シナリオ走行を開始しました [シナリオ名: ログイン]
[ADMIN] 15:17:24.920159 シナリオ走行を終了しました [シナリオ名: ログイン]
[ADMIN] 15:17:24.920169 シナリオ走行を開始しました [シナリオ名: ログイン]
[ADMIN] 15:17:24.922146 シナリオ走行を終了しました [シナリオ名: ログイン]
[ADMIN] 15:17:24.922154 シナリオ走行を開始しました [シナリオ名: ログイン]
[ADMIN] 15:17:24.922379 シナリオ走行を終了しました [シナリオ名: ログイン]
[ADMIN] 15:17:24.922388 シナリオ走行を開始しました [シナリオ名: ログイン]
[ADMIN] 15:17:24.922460 シナリオ走行を終了しました [シナリオ名: ログイン]
[ADMIN] 15:17:24.922472 シナリオ走行を開始しました [シナリオ名: ログイン]
[ADMIN] 15:17:24.924094 シナリオ走行を終了しました [シナリオ名: ログイン]
[ADMIN] 15:17:24.924102 シナリオ走行を開始しました [シナリオ名: ログイン]
[ADMIN] 15:17:24.924291 シナリオ走行を終了しました [シナリオ名: ログイン]
[ADMIN] 15:17:24.924300 シナリオ走行を開始しました [シナリオ名: ログイン]
[ADMIN] 15:17:24.924359 シナリオ走行を終了しました [シナリオ名: ログイン]
[ADMIN] 15:17:24.924368 シナリオ走行を開始しました [シナリオ名: ログイン]
[ADMIN] 15:17:24.925726 シナリオ走行を終了しました [シナリオ名: Banユーザログイン]
[ADMIN] 15:17:24.925738 シナリオ走行を開始しました [シナリオ名: Banユーザログイン]
[ADMIN] 15:17:24.927615 シナリオ走行を終了しました [シナリオ名: ログイン]
[ADMIN] 15:17:24.927627 シナリオ走行を開始しました [シナリオ名: ログイン]
[ADMIN] 15:17:24.927642 シナリオ走行を終了しました [シナリオ名: ログイン]
[ADMIN] 15:17:24.927648 シナリオ走行を開始しました [シナリオ名: ログイン]
[ADMIN] 15:17:24.927677 シナリオ走行を終了しました [シナリオ名: ログイン]
[ADMIN] 15:17:24.927691 シナリオ走行を開始しました [シナリオ名: ログイン]
[ADMIN] 15:17:24.934376 シナリオ走行を終了しました [シナリオ名: ログイン]
[ADMIN] 15:17:24.934384 シナリオ走行を開始しました [シナリオ名: ログイン]
[ADMIN] 15:17:24.934407 シナリオ走行を終了しました [シナリオ名: ログイン]
[ADMIN] 15:17:24.934412 シナリオ走行を開始しました [シナリオ名: ログイン]
[ADMIN] 15:17:24.934695 シナリオ走行を終了しました [シナリオ名: ログイン]
[ADMIN] 15:17:24.934715 シナリオ走行を開始しました [シナリオ名: ログイン]
[ADMIN] 15:17:24.935498 シナリオ走行を終了しました [シナリオ名: ログイン]
[ADMIN] 15:17:24.935508 シナリオ走行を開始しました [シナリオ名: ログイン]
[ADMIN] 15:17:24.935989 シナリオ走行を終了しました [シナリオ名: ログイン]
[ADMIN] 15:17:24.935999 シナリオ走行を開始しました [シナリオ名: ログイン]
[ADMIN] 15:17:24.936039 シナリオ走行を終了しました [シナリオ名: ログイン]
[ADMIN] 15:17:24.936048 シナリオ走行を開始しました [シナリオ名: ログイン]
[ADMIN] 15:17:24.938609 シナリオ走行を終了しました [シナリオ名: ログイン]
[ADMIN] 15:17:24.938634 シナリオ走行を開始しました [シナリオ名: ログイン]
[ADMIN] 15:17:24.940315 シナリオ走行を終了しました [シナリオ名: ログイン]
[ADMIN] 15:17:24.940323 シナリオ走行を開始しました [シナリオ名: ログイン]
[ADMIN] 15:17:24.940358 シナリオ走行を終了しました [シナリオ名: ログイン]
[ADMIN] 15:17:24.940368 シナリオ走行を開始しました [シナリオ名: ログイン]
[ADMIN] 15:17:24.940784 シナリオ走行を終了しました [シナリオ名: ログイン]
[ADMIN] 15:17:24.940791 シナリオ走行を開始しました [シナリオ名: ログイン]
[ADMIN] 15:17:24.942740 シナリオ走行を終了しました [シナリオ名: ログイン]
[ADMIN] 15:17:24.942749 シナリオ走行を開始しました [シナリオ名: ログイン]
[ADMIN] 15:17:24.945599 シナリオ走行を終了しました [シナリオ名: ログイン]
[ADMIN] 15:17:24.945606 シナリオ走行を開始しました [シナリオ名: ログイン]
[ADMIN] 15:17:24.946981 シナリオ走行を終了しました [シナリオ名: ログイン]
[ADMIN] 15:17:24.946991 シナリオ走行を開始しました [シナリオ名: ログイン]
[ADMIN] 15:17:24.947721 シナリオ走行を終了しました [シナリオ名: ログイン]
[ADMIN] 15:17:24.947736 シナリオ走行を開始しました [シナリオ名: ログイン]
[ADMIN] 15:17:24.951221 シナリオ走行を終了しました [シナリオ名: ログイン]
[ADMIN] 15:17:24.951231 シナリオ走行を開始しました [シナリオ名: ログイン]
[ADMIN] 15:17:24.951612 シナリオ走行を終了しました [シナリオ名: ログイン]
[ADMIN] 15:17:24.951618 シナリオ走行を開始しました [シナリオ名: ログイン]
[ADMIN] 15:17:24.951950 シナリオ走行を終了しました [シナリオ名: ログイン]
[ADMIN] 15:17:24.951957 シナリオ走行を開始しました [シナリオ名: ログイン]
[ADMIN] 15:17:24.953070 シナリオ走行を終了しました [シナリオ名: ログイン]
[ADMIN] 15:17:24.953079 シナリオ走行を開始しました [シナリオ名: ログイン]
[ADMIN] 15:17:24.953465 シナリオ走行を終了しました [シナリオ名: ログイン]
[ADMIN] 15:17:24.953474 シナリオ走行を開始しました [シナリオ名: ログイン]
[ADMIN] 15:17:24.953838 シナリオ走行を終了しました [シナリオ名: ログイン]
[ADMIN] 15:17:24.953845 シナリオ走行を開始しました [シナリオ名: ログイン]
[ADMIN] 15:17:24.954999 シナリオ走行を終了しました [シナリオ名: ログイン]
[ADMIN] 15:17:24.955008 シナリオ走行を開始しました [シナリオ名: ログイン]
[ADMIN] 15:17:24.955344 シナリオ走行を終了しました [シナリオ名: ログイン]
[ADMIN] 15:17:24.955357 シナリオ走行を開始しました [シナリオ名: ログイン]
[ADMIN] 15:17:24.956397 シナリオ走行を終了しました [シナリオ名: ログイン]
[ADMIN] 15:17:24.956411 シナリオ走行を開始しました [シナリオ名: ログイン]
[ADMIN] 15:17:24.956738 シナリオ走行を終了しました [シナリオ名: ログイン]
[ADMIN] 15:17:24.956757 シナリオ走行を開始しました [シナリオ名: ログイン]
[ADMIN] 15:17:24.957109 シナリオ走行を終了しました [シナリオ名: ログイン]
[ADMIN] 15:17:24.957119 シナリオ走行を開始しました [シナリオ名: ログイン]
[ADMIN] 15:17:24.957752 シナリオ走行を終了しました [シナリオ名: ログイン]
[ADMIN] 15:17:24.957759 シナリオ走行を開始しました [シナリオ名: ログイン]
[ADMIN] 15:17:24.959744 シナリオ走行を終了しました [シナリオ名: ログイン]
[ADMIN] 15:17:24.959753 シナリオ走行を開始しました [シナリオ名: ログイン]
[ADMIN] 15:17:24.960913 シナリオ走行を終了しました [シナリオ名: ログイン]
[ADMIN] 15:17:24.960922 シナリオ走行を開始しました [シナリオ名: ログイン]
[ADMIN] 15:17:24.961280 シナリオ走行を終了しました [シナリオ名: ログイン]
[ADMIN] 15:17:24.961289 シナリオ走行を開始しました [シナリオ名: ログイン]
[ADMIN] 15:17:24.961636 シナリオ走行を終了しました [シナリオ名: ログイン]
[ADMIN] 15:17:24.961644 シナリオ走行を開始しました [シナリオ名: ログイン]
[ADMIN] 15:17:24.962473 シナリオ走行を終了しました [シナリオ名: ログイン]
[ADMIN] 15:17:24.962482 シナリオ走行を開始しました [シナリオ名: ログイン]
[ADMIN] 15:17:24.963040 シナリオ走行を終了しました [シナリオ名: ログイン]
[ADMIN] 15:17:24.963048 シナリオ走行を開始しました [シナリオ名: ログイン]
[ADMIN] 15:17:24.963670 シナリオ走行を終了しました [シナリオ名: ログイン]
[ADMIN] 15:17:24.963679 シナリオ走行を開始しました [シナリオ名: ログイン]
[ADMIN] 15:17:24.964274 シナリオ走行を終了しました [シナリオ名: ログイン]
[ADMIN] 15:17:24.964283 シナリオ走行を開始しました [シナリオ名: ログイン]
[ADMIN] 15:17:24.964940 シナリオ走行を終了しました [シナリオ名: ログイン]
[ADMIN] 15:17:24.964950 シナリオ走行を開始しました [シナリオ名: ログイン]
[ADMIN] 15:17:24.967033 シナリオ走行を終了しました [シナリオ名: ログイン]
[ADMIN] 15:17:24.967043 シナリオ走行を開始しました [シナリオ名: ログイン]
[ADMIN] 15:17:24.967336 シナリオ走行を終了しました [シナリオ名: ログイン]
[ADMIN] 15:17:24.967346 シナリオ走行を開始しました [シナリオ名: ログイン]
[ADMIN] 15:17:24.967670 シナリオ走行を終了しました [シナリオ名: ログイン]
[ADMIN] 15:17:24.967680 シナリオ走行を開始しました [シナリオ名: ログイン]
[ADMIN] 15:17:24.969590 シナリオ走行を終了しました [シナリオ名: ログイン]
[ADMIN] 15:17:24.969598 シナリオ走行を開始しました [シナリオ名: ログイン]
[ADMIN] 15:17:24.969968 シナリオ走行を終了しました [シナリオ名: ログイン]
[ADMIN] 15:17:24.969975 シナリオ走行を開始しました [シナリオ名: ログイン]
[ADMIN] 15:17:24.970325 シナリオ走行を終了しました [シナリオ名: ログイン]
[ADMIN] 15:17:24.970334 シナリオ走行を開始しました [シナリオ名: ログイン]
[ADMIN] 15:17:24.971147 シナリオ走行を終了しました [シナリオ名: ログイン]
[ADMIN] 15:17:24.971154 シナリオ走行を開始しました [シナリオ名: ログイン]
[ADMIN] 15:17:24.971768 シナリオ走行を終了しました [シナリオ名: ログイン]
[ADMIN] 15:17:24.971779 シナリオ走行を開始しました [シナリオ名: ログイン]
[ADMIN] 15:17:24.972500 シナリオ走行を終了しました [シナリオ名: ログイン]
[ADMIN] 15:17:24.972508 シナリオ走行を開始しました [シナリオ名: ログイン]
[ADMIN] 15:17:24.973128 シナリオ走行を終了しました [シナリオ名: ログイン]
[ADMIN] 15:17:24.973138 シナリオ走行を開始しました [シナリオ名: ログイン]
[ADMIN] 15:17:24.973928 シナリオ走行を終了しました [シナリオ名: ログイン]
[ADMIN] 15:17:24.973937 シナリオ走行を開始しました [シナリオ名: ログイン]
[ADMIN] 15:17:24.976831 シナリオ走行を終了しました [シナリオ名: ログイン]
[ADMIN] 15:17:24.976841 シナリオ走行を開始しました [シナリオ名: ログイン]
[ADMIN] 15:17:24.977683 シナリオ走行を終了しました [シナリオ名: ログイン]
[ADMIN] 15:17:24.977691 シナリオ走行を開始しました [シナリオ名: ログイン]
[ADMIN] 15:17:24.977809 シナリオ走行を終了しました [シナリオ名: ログイン]
[ADMIN] 15:17:24.977816 シナリオ走行を開始しました [シナリオ名: ログイン]
[ADMIN] 15:17:24.983506 シナリオ走行を終了しました [シナリオ名: ログイン]
[ADMIN] 15:17:24.983514 シナリオ走行を開始しました [シナリオ名: ログイン]
[ADMIN] 15:17:24.984617 シナリオ走行を終了しました [シナリオ名: ログイン]
[ADMIN] 15:17:24.984626 シナリオ走行を開始しました [シナリオ名: ログイン]
[ADMIN] 15:17:24.985533 シナリオ走行を終了しました [シナリオ名: ログイン]
[ADMIN] 15:17:24.985542 シナリオ走行を開始しました [シナリオ名: ログイン]
[ADMIN] 15:17:24.986649 シナリオ走行を終了しました [シナリオ名: ログイン]
[ADMIN] 15:17:24.986658 シナリオ走行を開始しました [シナリオ名: ログイン]
[ADMIN] 15:17:24.987100 シナリオ走行を終了しました [シナリオ名: ログイン]
[ADMIN] 15:17:24.987108 シナリオ走行を開始しました [シナリオ名: ログイン]
[ADMIN] 15:17:24.988559 シナリオ走行を終了しました [シナリオ名: ログイン]
[ADMIN] 15:17:24.988573 シナリオ走行を開始しました [シナリオ名: ログイン]
[ADMIN] 15:17:24.990108 シナリオ走行を終了しました [シナリオ名: ログイン]
[ADMIN] 15:17:24.990116 シナリオ走行を開始しました [シナリオ名: ログイン]
[ADMIN] 15:17:24.991552 シナリオ走行を終了しました [シナリオ名: ログイン]
[ADMIN] 15:17:24.991561 シナリオ走行を開始しました [シナリオ名: ログイン]
[ADMIN] 15:17:24.992060 シナリオ走行を終了しました [シナリオ名: ログイン]
[ADMIN] 15:17:24.992069 シナリオ走行を開始しました [シナリオ名: ログイン]
[ADMIN] 15:17:24.992792 シナリオ走行を終了しました [シナリオ名: ログイン]
[ADMIN] 15:17:24.992800 シナリオ走行を開始しました [シナリオ名: ログイン]
[ADMIN] 15:17:24.993407 シナリオ走行を終了しました [シナリオ名: ログイン]
[ADMIN] 15:17:24.993416 シナリオ走行を開始しました [シナリオ名: ログイン]
[ADMIN] 15:17:24.994072 シナリオ走行を終了しました [シナリオ名: ログイン]
[ADMIN] 15:17:24.994079 シナリオ走行を開始しました [シナリオ名: ログイン]
[ADMIN] 15:17:24.995487 シナリオ走行を終了しました [シナリオ名: ログイン]
[ADMIN] 15:17:24.995496 シナリオ走行を開始しました [シナリオ名: ログイン]
[ADMIN] 15:17:24.995931 シナリオ走行を終了しました [シナリオ名: ログイン]
[ADMIN] 15:17:24.995940 シナリオ走行を開始しました [シナリオ名: ログイン]
[ADMIN] 15:17:24.997572 シナリオ走行を終了しました [シナリオ名: ログイン]
[ADMIN] 15:17:24.997581 シナリオ走行を開始しました [シナリオ名: ログイン]
[ADMIN] 15:17:24.997777 シナリオ走行を終了しました [シナリオ名: ログイン]
[ADMIN] 15:17:24.997785 シナリオ走行を開始しました [シナリオ名: ログイン]
[ADMIN] 15:17:24.998911 シナリオ走行を終了しました [シナリオ名: ログイン]
[ADMIN] 15:17:24.998920 シナリオ走行を開始しました [シナリオ名: ログイン]
[ADMIN] 15:17:25.000131 シナリオ走行を終了しました [シナリオ名: ログイン]
[ADMIN] 15:17:25.000140 シナリオ走行を開始しました [シナリオ名: ログイン]
[ADMIN] 15:17:25.002430 シナリオ走行を終了しました [シナリオ名: ログイン]
[ADMIN] 15:17:25.002440 シナリオ走行を開始しました [シナリオ名: ログイン]
[ADMIN] 15:17:25.002931 シナリオ走行を終了しました [シナリオ名: ログイン]
[ADMIN] 15:17:25.002940 シナリオ走行を開始しました [シナリオ名: ログイン]
[ADMIN] 15:17:25.004295 シナリオ走行を終了しました [シナリオ名: ログイン]
[ADMIN] 15:17:25.004302 シナリオ走行を開始しました [シナリオ名: ログイン]
[ADMIN] 15:17:25.004715 シナリオ走行を終了しました [シナリオ名: ログイン]
[ADMIN] 15:17:25.004721 シナリオ走行を開始しました [シナリオ名: ログイン]
[ADMIN] 15:17:25.006333 シナリオ走行を終了しました [シナリオ名: ログイン]
[ADMIN] 15:17:25.006342 シナリオ走行を開始しました [シナリオ名: ログイン]
[ADMIN] 15:17:25.006372 シナリオ走行を終了しました [シナリオ名: ログイン]
[ADMIN] 15:17:25.006380 シナリオ走行を開始しました [シナリオ名: ログイン]
[ADMIN] 15:17:25.008080 シナリオ走行を終了しました [シナリオ名: ログイン]
[ADMIN] 15:17:25.008089 シナリオ走行を開始しました [シナリオ名: ログイン]
[ADMIN] 15:17:25.008538 シナリオ走行を終了しました [シナリオ名: ログイン]
[ADMIN] 15:17:25.008547 シナリオ走行を開始しました [シナリオ名: ログイン]
[ADMIN] 15:17:25.011712 シナリオ走行を終了しました [シナリオ名: ログイン]
[ADMIN] 15:17:25.011720 シナリオ走行を開始しました [シナリオ名: ログイン]
[ADMIN] 15:17:25.014944 シナリオ走行を終了しました [シナリオ名: ログイン]
[ADMIN] 15:17:25.014955 シナリオ走行を開始しました [シナリオ名: ログイン]
[ADMIN] 15:17:25.015347 シナリオ走行を終了しました [シナリオ名: ログイン]
[ADMIN] 15:17:25.015354 シナリオ走行を開始しました [シナリオ名: ログイン]
[ADMIN] 15:17:25.016156 シナリオ走行を終了しました [シナリオ名: ログイン]
[ADMIN] 15:17:25.016165 シナリオ走行を開始しました [シナリオ名: ログイン]
[ADMIN] 15:17:25.016823 シナリオ走行を終了しました [シナリオ名: ログイン]
[ADMIN] 15:17:25.016832 シナリオ走行を開始しました [シナリオ名: ログイン]
[ADMIN] 15:17:25.017230 シナリオ走行を終了しました [シナリオ名: ログイン]
[ADMIN] 15:17:25.017239 シナリオ走行を開始しました [シナリオ名: ログイン]
[ADMIN] 15:17:25.018825 シナリオ走行を終了しました [シナリオ名: ログイン]
[ADMIN] 15:17:25.018835 シナリオ走行を開始しました [シナリオ名: ログイン]
[ADMIN] 15:17:25.019785 シナリオ走行を終了しました [シナリオ名: ログイン]
[ADMIN] 15:17:25.019794 シナリオ走行を開始しました [シナリオ名: ログイン]
[ADMIN] 15:17:25.024455 シナリオ走行を終了しました [シナリオ名: ログイン]
[ADMIN] 15:17:25.024465 シナリオ走行を開始しました [シナリオ名: ログイン]
[ADMIN] 15:17:25.024909 シナリオ走行を終了しました [シナリオ名: ログイン]
[ADMIN] 15:17:25.024916 シナリオ走行を開始しました [シナリオ名: ログイン]
[ADMIN] 15:17:25.025962 シナリオ走行を終了しました [シナリオ名: ログイン]
[ADMIN] 15:17:25.025970 シナリオ走行を開始しました [シナリオ名: ログイン]
[ADMIN] 15:17:25.026482 シナリオ走行を終了しました [シナリオ名: ログイン]
[ADMIN] 15:17:25.026489 シナリオ走行を開始しました [シナリオ名: ログイン]
[ADMIN] 15:17:25.027135 シナリオ走行を終了しました [シナリオ名: ログイン]
[ADMIN] 15:17:25.027145 シナリオ走行を開始しました [シナリオ名: ログイン]
[ADMIN] 15:17:25.027736 シナリオ走行を終了しました [シナリオ名: ログイン]
[ADMIN] 15:17:25.027745 シナリオ走行を開始しました [シナリオ名: ログイン]
[ADMIN] 15:17:25.028450 シナリオ走行を終了しました [シナリオ名: ログイン]
[ADMIN] 15:17:25.028458 シナリオ走行を開始しました [シナリオ名: ログイン]
[ADMIN] 15:17:25.028978 シナリオ走行を終了しました [シナリオ名: ログイン]
[ADMIN] 15:17:25.028987 シナリオ走行を開始しました [シナリオ名: ログイン]
[ADMIN] 15:17:25.030509 シナリオ走行を終了しました [シナリオ名: ログイン]
[ADMIN] 15:17:25.030519 シナリオ走行を開始しました [シナリオ名: ログイン]
[ADMIN] 15:17:25.030902 シナリオ走行を終了しました [シナリオ名: ログイン]
[ADMIN] 15:17:25.030910 シナリオ走行を開始しました [シナリオ名: ログイン]
[ADMIN] 15:17:25.031617 シナリオ走行を終了しました [シナリオ名: ログイン]
[ADMIN] 15:17:25.031627 シナリオ走行を開始しました [シナリオ名: ログイン]
[ADMIN] 15:17:25.032535 シナリオ走行を終了しました [シナリオ名: ログイン]
[ADMIN] 15:17:25.032543 シナリオ走行を開始しました [シナリオ名: ログイン]
[ADMIN] 15:17:25.033082 シナリオ走行を終了しました [シナリオ名: ログイン]
[ADMIN] 15:17:25.033089 シナリオ走行を開始しました [シナリオ名: ログイン]
[ADMIN] 15:17:25.033745 シナリオ走行を終了しました [シナリオ名: ログイン]
[ADMIN] 15:17:25.033753 シナリオ走行を開始しました [シナリオ名: ログイン]
[ADMIN] 15:17:25.035330 シナリオ走行を終了しました [シナリオ名: ログイン]
[ADMIN] 15:17:25.035339 シナリオ走行を開始しました [シナリオ名: ログイン]
[ADMIN] 15:17:25.042471 シナリオ走行を終了しました [シナリオ名: ログイン]
[ADMIN] 15:17:25.042480 シナリオ走行を開始しました [シナリオ名: ログイン]
[ADMIN] 15:17:25.043176 シナリオ走行を終了しました [シナリオ名: ログイン]
[ADMIN] 15:17:25.043185 シナリオ走行を開始しました [シナリオ名: ログイン]
[ADMIN] 15:17:25.043848 シナリオ走行を終了しました [シナリオ名: ログイン]
[ADMIN] 15:17:25.043857 シナリオ走行を開始しました [シナリオ名: ログイン]
[ADMIN] 15:17:25.044544 シナリオ走行を終了しました [シナリオ名: ログイン]
[ADMIN] 15:17:25.044553 シナリオ走行を開始しました [シナリオ名: ログイン]
[ADMIN] 15:17:25.045603 シナリオ走行を終了しました [シナリオ名: ログイン]
[ADMIN] 15:17:25.045609 シナリオ走行を開始しました [シナリオ名: ログイン]
[ADMIN] 15:17:25.049590 シナリオ走行を終了しました [シナリオ名: ログイン]
[ADMIN] 15:17:25.049598 シナリオ走行を開始しました [シナリオ名: ログイン]
[ADMIN] 15:17:25.053777 シナリオ走行を終了しました [シナリオ名: ログイン]
[ADMIN] 15:17:25.053785 シナリオ走行を開始しました [シナリオ名: ログイン]
[ADMIN] 15:17:25.057124 シナリオ走行を終了しました [シナリオ名: ログイン]
[ADMIN] 15:17:25.057133 シナリオ走行を開始しました [シナリオ名: ログイン]
[ADMIN] 15:17:25.057853 シナリオ走行を終了しました [シナリオ名: ログイン]
[ADMIN] 15:17:25.057862 シナリオ走行を開始しました [シナリオ名: ログイン]
[ADMIN] 15:17:25.058447 シナリオ走行を終了しました [シナリオ名: ログイン]
[ADMIN] 15:17:25.058456 シナリオ走行を開始しました [シナリオ名: ログイン]
[ADMIN] 15:17:25.059573 シナリオ走行を終了しました [シナリオ名: ログイン]
[ADMIN] 15:17:25.059581 シナリオ走行を開始しました [シナリオ名: ログイン]
[ADMIN] 15:17:25.061032 シナリオ走行を終了しました [シナリオ名: ログイン]
[ADMIN] 15:17:25.061041 シナリオ走行を開始しました [シナリオ名: ログイン]
[ADMIN] 15:17:25.061233 シナリオ走行を終了しました [シナリオ名: ログイン]
[ADMIN] 15:17:25.061241 シナリオ走行を開始しました [シナリオ名: ログイン]
[ADMIN] 15:17:25.063418 シナリオ走行を終了しました [シナリオ名: ログイン]
[ADMIN] 15:17:25.063426 シナリオ走行を開始しました [シナリオ名: ログイン]
[ADMIN] 15:17:25.063692 シナリオ走行を終了しました [シナリオ名: ログイン]
[ADMIN] 15:17:25.063701 シナリオ走行を開始しました [シナリオ名: ログイン]
[ADMIN] 15:17:25.064106 シナリオ走行を終了しました [シナリオ名: ログイン]
[ADMIN] 15:17:25.064115 シナリオ走行を開始しました [シナリオ名: ログイン]
[ADMIN] 15:17:25.066968 シナリオ走行を終了しました [シナリオ名: ログイン]
[ADMIN] 15:17:25.066977 シナリオ走行を開始しました [シナリオ名: ログイン]
[ADMIN] 15:17:25.067523 シナリオ走行を終了しました [シナリオ名: ログイン]
[ADMIN] 15:17:25.067533 シナリオ走行を開始しました [シナリオ名: ログイン]
[ADMIN] 15:17:25.069537 シナリオ走行を終了しました [シナリオ名: ログイン]
[ADMIN] 15:17:25.069547 シナリオ走行を開始しました [シナリオ名: ログイン]
[ADMIN] 15:17:25.070968 シナリオ走行を終了しました [シナリオ名: ログイン]
[ADMIN] 15:17:25.070977 シナリオ走行を開始しました [シナリオ名: ログイン]
[ADMIN] 15:17:25.071557 シナリオ走行を終了しました [シナリオ名: ログイン]
[ADMIN] 15:17:25.071567 シナリオ走行を開始しました [シナリオ名: ログイン]
[ADMIN] 15:17:25.071690 シナリオ走行を終了しました [シナリオ名: ログイン]
[ADMIN] 15:17:25.072248 シナリオ走行を終了しました [シナリオ名: ログイン]
[ADMIN] 15:17:25.072259 シナリオ走行を開始しました [シナリオ名: ログイン]
[ADMIN] 15:17:25.072318 シナリオ走行を開始しました [シナリオ名: ログイン]
[ADMIN] 15:17:25.073020 シナリオ走行を終了しました [シナリオ名: ログイン]
[ADMIN] 15:17:25.073030 シナリオ走行を開始しました [シナリオ名: ログイン]
[ADMIN] 15:17:25.074812 シナリオ走行を終了しました [シナリオ名: ログイン]
[ADMIN] 15:17:25.074820 シナリオ走行を開始しました [シナリオ名: ログイン]
[ADMIN] 15:17:25.075250 シナリオ走行を終了しました [シナリオ名: ログイン]
[ADMIN] 15:17:25.075257 シナリオ走行を開始しました [シナリオ名: ログイン]
[ADMIN] 15:17:25.075953 シナリオ走行を終了しました [シナリオ名: ログイン]
[ADMIN] 15:17:25.075960 シナリオ走行を開始しました [シナリオ名: ログイン]
[ADMIN] 15:17:25.077196 シナリオ走行を終了しました [シナリオ名: ログイン]
[ADMIN] 15:17:25.077205 シナリオ走行を開始しました [シナリオ名: ログイン]
[ADMIN] 15:17:25.077699 シナリオ走行を終了しました [シナリオ名: ログイン]
[ADMIN] 15:17:25.077707 シナリオ走行を開始しました [シナリオ名: ログイン]
[ADMIN] 15:17:25.078774 シナリオ走行を終了しました [シナリオ名: ログイン]
[ADMIN] 15:17:25.078782 シナリオ走行を開始しました [シナリオ名: ログイン]
[ADMIN] 15:17:25.079461 シナリオ走行を終了しました [シナリオ名: ログイン]
[ADMIN] 15:17:25.079469 シナリオ走行を開始しました [シナリオ名: ログイン]
[ADMIN] 15:17:25.080204 シナリオ走行を終了しました [シナリオ名: ログイン]
[ADMIN] 15:17:25.080213 シナリオ走行を開始しました [シナリオ名: ログイン]
[ADMIN] 15:17:25.081745 シナリオ走行を終了しました [シナリオ名: ログイン]
[ADMIN] 15:17:25.081753 シナリオ走行を開始しました [シナリオ名: ログイン]
[ADMIN] 15:17:25.082259 シナリオ走行を終了しました [シナリオ名: ログイン]
[ADMIN] 15:17:25.082268 シナリオ走行を開始しました [シナリオ名: ログイン]
[ADMIN] 15:17:25.083738 シナリオ走行を終了しました [シナリオ名: ログイン]
[ADMIN] 15:17:25.083748 シナリオ走行を開始しました [シナリオ名: ログイン]
[ADMIN] 15:17:25.085892 シナリオ走行を終了しました [シナリオ名: ログイン]
[ADMIN] 15:17:25.085900 シナリオ走行を開始しました [シナリオ名: ログイン]
[ADMIN] 15:17:25.086276 シナリオ走行を終了しました [シナリオ名: ログイン]
[ADMIN] 15:17:25.086285 シナリオ走行を開始しました [シナリオ名: ログイン]
[ADMIN] 15:17:25.087212 シナリオ走行を終了しました [シナリオ名: ログイン]
[ADMIN] 15:17:25.087221 シナリオ走行を開始しました [シナリオ名: ログイン]
[ADMIN] 15:17:25.087782 シナリオ走行を終了しました [シナリオ名: ログイン]
[ADMIN] 15:17:25.087790 シナリオ走行を開始しました [シナリオ名: ログイン]
[ADMIN] 15:17:25.088376 シナリオ走行を終了しました [シナリオ名: ログイン]
[ADMIN] 15:17:25.088385 シナリオ走行を開始しました [シナリオ名: ログイン]
[ADMIN] 15:17:25.089179 シナリオ走行を終了しました [シナリオ名: ログイン]
[ADMIN] 15:17:25.089188 シナリオ走行を開始しました [シナリオ名: ログイン]
[ADMIN] 15:17:25.089816 シナリオ走行を終了しました [シナリオ名: ログイン]
[ADMIN] 15:17:25.089825 シナリオ走行を開始しました [シナリオ名: ログイン]
[ADMIN] 15:17:25.091289 シナリオ走行を終了しました [シナリオ名: ログイン]
[ADMIN] 15:17:25.091298 シナリオ走行を開始しました [シナリオ名: ログイン]
[ADMIN] 15:17:25.091660 シナリオ走行を終了しました [シナリオ名: ログイン]
[ADMIN] 15:17:25.091668 シナリオ走行を開始しました [シナリオ名: ログイン]
[ADMIN] 15:17:25.092306 シナリオ走行を終了しました [シナリオ名: ログイン]
[ADMIN] 15:17:25.092315 シナリオ走行を開始しました [シナリオ名: ログイン]
[ADMIN] 15:17:25.093048 シナリオ走行を終了しました [シナリオ名: ログイン]
[ADMIN] 15:17:25.093058 シナリオ走行を開始しました [シナリオ名: ログイン]
[ADMIN] 15:17:25.093619 シナリオ走行を終了しました [シナリオ名: ログイン]
[ADMIN] 15:17:25.093628 シナリオ走行を開始しました [シナリオ名: ログイン]
[ADMIN] 15:17:25.095294 シナリオ走行を終了しました [シナリオ名: ログイン]
[ADMIN] 15:17:25.095305 シナリオ走行を開始しました [シナリオ名: ログイン]
[ADMIN] 15:17:25.095697 シナリオ走行を終了しました [シナリオ名: ログイン]
[ADMIN] 15:17:25.095705 シナリオ走行を開始しました [シナリオ名: ログイン]
[ADMIN] 15:17:25.096214 シナリオ走行を終了しました [シナリオ名: ログイン]
[ADMIN] 15:17:25.096222 シナリオ走行を開始しました [シナリオ名: ログイン]
[ADMIN] 15:17:25.096941 シナリオ走行を終了しました [シナリオ名: ログイン]
[ADMIN] 15:17:25.096950 シナリオ走行を開始しました [シナリオ名: ログイン]
[ADMIN] 15:17:25.097591 シナリオ走行を終了しました [シナリオ名: ログイン]
[ADMIN] 15:17:25.097601 シナリオ走行を開始しました [シナリオ名: ログイン]
[ADMIN] 15:17:25.098141 シナリオ走行を終了しました [シナリオ名: ログイン]
[ADMIN] 15:17:25.098150 シナリオ走行を開始しました [シナリオ名: ログイン]
[ADMIN] 15:17:25.098789 シナリオ走行を終了しました [シナリオ名: ログイン]
[ADMIN] 15:17:25.098797 シナリオ走行を開始しました [シナリオ名: ログイン]
[ADMIN] 15:17:25.099484 シナリオ走行を終了しました [シナリオ名: ログイン]
[ADMIN] 15:17:25.099493 シナリオ走行を開始しました [シナリオ名: ログイン]
[ADMIN] 15:17:25.102104 シナリオ走行を終了しました [シナリオ名: ログイン]
[ADMIN] 15:17:25.102113 シナリオ走行を開始しました [シナリオ名: ログイン]
[ADMIN] 15:17:25.102515 シナリオ走行を終了しました [シナリオ名: ログイン]
[ADMIN] 15:17:25.102524 シナリオ走行を開始しました [シナリオ名: ログイン]
[ADMIN] 15:17:25.103151 シナリオ走行を終了しました [シナリオ名: ログイン]
[ADMIN] 15:17:25.103159 シナリオ走行を開始しました [シナリオ名: ログイン]
[ADMIN] 15:17:25.103809 シナリオ走行を終了しました [シナリオ名: ログイン]
[ADMIN] 15:17:25.103818 シナリオ走行を開始しました [シナリオ名: ログイン]
[ADMIN] 15:17:25.104395 シナリオ走行を終了しました [シナリオ名: ログイン]
[ADMIN] 15:17:25.104403 シナリオ走行を開始しました [シナリオ名: ログイン]
[ADMIN] 15:17:25.104977 シナリオ走行を終了しました [シナリオ名: ログイン]
[ADMIN] 15:17:25.104985 シナリオ走行を開始しました [シナリオ名: ログイン]
[ADMIN] 15:17:25.105801 シナリオ走行を終了しました [シナリオ名: ログイン]
[ADMIN] 15:17:25.105809 シナリオ走行を開始しました [シナリオ名: ログイン]
[ADMIN] 15:17:25.106286 シナリオ走行を終了しました [シナリオ名: ログイン]
[ADMIN] 15:17:25.106294 シナリオ走行を開始しました [シナリオ名: ログイン]
[ADMIN] 15:17:25.106944 シナリオ走行を終了しました [シナリオ名: ログイン]
[ADMIN] 15:17:25.106954 シナリオ走行を開始しました [シナリオ名: ログイン]
[ADMIN] 15:17:25.107500 シナリオ走行を終了しました [シナリオ名: ログイン]
[ADMIN] 15:17:25.107509 シナリオ走行を開始しました [シナリオ名: ログイン]
[ADMIN] 15:17:25.108201 シナリオ走行を終了しました [シナリオ名: ログイン]
[ADMIN] 15:17:25.108210 シナリオ走行を開始しました [シナリオ名: ログイン]
[ADMIN] 15:17:25.108839 シナリオ走行を終了しました [シナリオ名: ログイン]
[ADMIN] 15:17:25.108847 シナリオ走行を開始しました [シナリオ名: ログイン]
[ADMIN] 15:17:25.109513 シナリオ走行を終了しました [シナリオ名: ログイン]
[ADMIN] 15:17:25.109522 シナリオ走行を開始しました [シナリオ名: ログイン]
[ADMIN] 15:17:25.110142 シナリオ走行を終了しました [シナリオ名: ログイン]
[ADMIN] 15:17:25.110150 シナリオ走行を開始しました [シナリオ名: ログイン]
[ADMIN] 15:17:25.111642 シナリオ走行を終了しました [シナリオ名: ログイン]
[ADMIN] 15:17:25.111650 シナリオ走行を開始しました [シナリオ名: ログイン]
[ADMIN] 15:17:25.112077 シナリオ走行を終了しました [シナリオ名: ログイン]
[ADMIN] 15:17:25.112085 シナリオ走行を開始しました [シナリオ名: ログイン]
[ADMIN] 15:17:25.112879 シナリオ走行を終了しました [シナリオ名: ログイン]
[ADMIN] 15:17:25.112887 シナリオ走行を開始しました [シナリオ名: ログイン]
[ADMIN] 15:17:25.119054 シナリオ走行を終了しました [シナリオ名: ログイン]
[ADMIN] 15:17:25.119063 シナリオ走行を開始しました [シナリオ名: ログイン]
[ADMIN] 15:17:25.119321 シナリオ走行を終了しました [シナリオ名: ログイン]
[ADMIN] 15:17:25.119333 シナリオ走行を開始しました [シナリオ名: ログイン]
[ADMIN] 15:17:25.120310 シナリオ走行を終了しました [シナリオ名: ログイン]
[ADMIN] 15:17:25.120316 シナリオ走行を開始しました [シナリオ名: ログイン]
[ADMIN] 15:17:25.122224 シナリオ走行を終了しました [シナリオ名: ログイン]
[ADMIN] 15:17:25.122232 シナリオ走行を開始しました [シナリオ名: ログイン]
[ADMIN] 15:17:25.122664 シナリオ走行を終了しました [シナリオ名: ログイン]
[ADMIN] 15:17:25.122674 シナリオ走行を開始しました [シナリオ名: ログイン]
[ADMIN] 15:17:25.123051 シナリオ走行を終了しました [シナリオ名: ログイン]
[ADMIN] 15:17:25.123059 シナリオ走行を開始しました [シナリオ名: ログイン]
[ADMIN] 15:17:25.125117 シナリオ走行を終了しました [シナリオ名: ログイン]
[ADMIN] 15:17:25.125126 シナリオ走行を開始しました [シナリオ名: ログイン]
[ADMIN] 15:17:25.125627 シナリオ走行を終了しました [シナリオ名: ログイン]
[ADMIN] 15:17:25.125636 シナリオ走行を開始しました [シナリオ名: ログイン]
[ADMIN] 15:17:25.126210 シナリオ走行を終了しました [シナリオ名: ログイン]
[ADMIN] 15:17:25.126217 シナリオ走行を開始しました [シナリオ名: ログイン]
[ADMIN] 15:17:25.126874 シナリオ走行を終了しました [シナリオ名: ログイン]
[ADMIN] 15:17:25.126883 シナリオ走行を開始しました [シナリオ名: ログイン]
[ADMIN] 15:17:25.127459 シナリオ走行を終了しました [シナリオ名: ログイン]
[ADMIN] 15:17:25.127468 シナリオ走行を開始しました [シナリオ名: ログイン]
[ADMIN] 15:17:25.128021 シナリオ走行を終了しました [シナリオ名: ログイン]
[ADMIN] 15:17:25.128030 シナリオ走行を開始しました [シナリオ名: ログイン]
[ADMIN] 15:17:25.128625 シナリオ走行を終了しました [シナリオ名: ログイン]
[ADMIN] 15:17:25.128633 シナリオ走行を開始しました [シナリオ名: ログイン]
[ADMIN] 15:17:25.129296 シナリオ走行を終了しました [シナリオ名: ログイン]
[ADMIN] 15:17:25.129313 シナリオ走行を開始しました [シナリオ名: ログイン]
[ADMIN] 15:17:25.129896 シナリオ走行を終了しました [シナリオ名: ログイン]
[ADMIN] 15:17:25.129905 シナリオ走行を開始しました [シナリオ名: ログイン]
[ADMIN] 15:17:25.130661 シナリオ走行を終了しました [シナリオ名: ログイン]
[ADMIN] 15:17:25.130670 シナリオ走行を開始しました [シナリオ名: ログイン]
[ADMIN] 15:17:25.132063 シナリオ走行を終了しました [シナリオ名: ログイン]
[ADMIN] 15:17:25.132072 シナリオ走行を開始しました [シナリオ名: ログイン]
[ADMIN] 15:17:25.132484 シナリオ走行を終了しました [シナリオ名: ログイン]
[ADMIN] 15:17:25.132492 シナリオ走行を開始しました [シナリオ名: ログイン]
[ADMIN] 15:17:25.133953 シナリオ走行を終了しました [シナリオ名: ログイン]
[ADMIN] 15:17:25.133961 シナリオ走行を開始しました [シナリオ名: ログイン]
[ADMIN] 15:17:25.134449 シナリオ走行を終了しました [シナリオ名: ログイン]
[ADMIN] 15:17:25.134456 シナリオ走行を開始しました [シナリオ名: ログイン]
[ADMIN] 15:17:25.135148 シナリオ走行を終了しました [シナリオ名: ログイン]
[ADMIN] 15:17:25.135156 シナリオ走行を開始しました [シナリオ名: ログイン]
[ADMIN] 15:17:25.135596 シナリオ走行を終了しました [シナリオ名: ログイン]
[ADMIN] 15:17:25.135614 シナリオ走行を開始しました [シナリオ名: ログイン]
[ADMIN] 15:17:25.136532 シナリオ走行を終了しました [シナリオ名: ログイン]
[ADMIN] 15:17:25.136540 シナリオ走行を開始しました [シナリオ名: ログイン]
[ADMIN] 15:17:25.136974 シナリオ走行を終了しました [シナリオ名: ログイン]
[ADMIN] 15:17:25.136981 シナリオ走行を開始しました [シナリオ名: ログイン]
[ADMIN] 15:17:25.137626 シナリオ走行を終了しました [シナリオ名: ログイン]
[ADMIN] 15:17:25.137633 シナリオ走行を開始しました [シナリオ名: ログイン]
[ADMIN] 15:17:25.138331 シナリオ走行を終了しました [シナリオ名: ログイン]
[ADMIN] 15:17:25.138341 シナリオ走行を開始しました [シナリオ名: ログイン]
[ADMIN] 15:17:25.139039 シナリオ走行を終了しました [シナリオ名: ログイン]
[ADMIN] 15:17:25.139048 シナリオ走行を開始しました [シナリオ名: ログイン]
[ADMIN] 15:17:25.139604 シナリオ走行を終了しました [シナリオ名: ログイン]
[ADMIN] 15:17:25.139611 シナリオ走行を開始しました [シナリオ名: ログイン]
[ADMIN] 15:17:25.140316 シナリオ走行を終了しました [シナリオ名: ログイン]
[ADMIN] 15:17:25.140323 シナリオ走行を開始しました [シナリオ名: ログイン]
[ADMIN] 15:17:25.141767 シナリオ走行を終了しました [シナリオ名: ログイン]
[ADMIN] 15:17:25.141775 シナリオ走行を開始しました [シナリオ名: ログイン]
[ADMIN] 15:17:25.142205 シナリオ走行を終了しました [シナリオ名: ログイン]
[ADMIN] 15:17:25.142216 シナリオ走行を開始しました [シナリオ名: ログイン]
[ADMIN] 15:17:25.142870 シナリオ走行を終了しました [シナリオ名: ログイン]
[ADMIN] 15:17:25.142878 シナリオ走行を開始しました [シナリオ名: ログイン]
[ADMIN] 15:17:25.143565 シナリオ走行を終了しました [シナリオ名: ログイン]
[ADMIN] 15:17:25.143575 シナリオ走行を開始しました [シナリオ名: ログイン]
[ADMIN] 15:17:25.144100 シナリオ走行を終了しました [シナリオ名: ログイン]
[ADMIN] 15:17:25.144110 シナリオ走行を開始しました [シナリオ名: ログイン]
[ADMIN] 15:17:25.144669 シナリオ走行を終了しました [シナリオ名: ログイン]
[ADMIN] 15:17:25.144677 シナリオ走行を開始しました [シナリオ名: ログイン]
[ADMIN] 15:17:25.145317 シナリオ走行を終了しました [シナリオ名: ログイン]
[ADMIN] 15:17:25.145325 シナリオ走行を開始しました [シナリオ名: ログイン]
[ADMIN] 15:17:25.145896 シナリオ走行を終了しました [シナリオ名: ログイン]
[ADMIN] 15:17:25.145904 シナリオ走行を開始しました [シナリオ名: ログイン]
[ADMIN] 15:17:25.146693 シナリオ走行を終了しました [シナリオ名: ログイン]
[ADMIN] 15:17:25.146702 シナリオ走行を開始しました [シナリオ名: ログイン]
[ADMIN] 15:17:25.147268 シナリオ走行を終了しました [シナリオ名: ログイン]
[ADMIN] 15:17:25.147275 シナリオ走行を開始しました [シナリオ名: ログイン]
[ADMIN] 15:17:25.149492 シナリオ走行を終了しました [シナリオ名: ログイン]
[ADMIN] 15:17:25.149500 シナリオ走行を開始しました [シナリオ名: ログイン]
[ADMIN] 15:17:25.149899 シナリオ走行を終了しました [シナリオ名: ログイン]
[ADMIN] 15:17:25.149908 シナリオ走行を開始しました [シナリオ名: ログイン]
[ADMIN] 15:17:25.150577 シナリオ走行を終了しました [シナリオ名: ログイン]
[ADMIN] 15:17:25.150584 シナリオ走行を開始しました [シナリオ名: ログイン]
[ADMIN] 15:17:25.151935 シナリオ走行を終了しました [シナリオ名: ログイン]
[ADMIN] 15:17:25.151944 シナリオ走行を開始しました [シナリオ名: ログイン]
[ADMIN] 15:17:25.152312 シナリオ走行を終了しました [シナリオ名: ログイン]
[ADMIN] 15:17:25.152320 シナリオ走行を開始しました [シナリオ名: ログイン]
[ADMIN] 15:17:25.153062 シナリオ走行を終了しました [シナリオ名: ログイン]
[ADMIN] 15:17:25.153070 シナリオ走行を開始しました [シナリオ名: ログイン]
[ADMIN] 15:17:25.153629 シナリオ走行を終了しました [シナリオ名: ログイン]
[ADMIN] 15:17:25.153639 シナリオ走行を開始しました [シナリオ名: ログイン]
[ADMIN] 15:17:25.154192 シナリオ走行を終了しました [シナリオ名: ログイン]
[ADMIN] 15:17:25.154201 シナリオ走行を開始しました [シナリオ名: ログイン]
[ADMIN] 15:17:25.154860 シナリオ走行を終了しました [シナリオ名: ログイン]
[ADMIN] 15:17:25.154869 シナリオ走行を開始しました [シナリオ名: ログイン]
[ADMIN] 15:17:25.155405 シナリオ走行を終了しました [シナリオ名: ログイン]
[ADMIN] 15:17:25.155415 シナリオ走行を開始しました [シナリオ名: ログイン]
[ADMIN] 15:17:25.156132 シナリオ走行を終了しました [シナリオ名: ログイン]
[ADMIN] 15:17:25.156140 シナリオ走行を開始しました [シナリオ名: ログイン]
[ADMIN] 15:17:25.156732 シナリオ走行を終了しました [シナリオ名: ログイン]
[ADMIN] 15:17:25.156740 シナリオ走行を開始しました [シナリオ名: ログイン]
[ADMIN] 15:17:25.157454 シナリオ走行を終了しました [シナリオ名: ログイン]
[ADMIN] 15:17:25.157464 シナリオ走行を開始しました [シナリオ名: ログイン]
[ADMIN] 15:17:25.158126 シナリオ走行を終了しました [シナリオ名: ログイン]
[ADMIN] 15:17:25.158135 シナリオ走行を開始しました [シナリオ名: ログイン]
[ADMIN] 15:17:25.158726 シナリオ走行を終了しました [シナリオ名: ログイン]
[ADMIN] 15:17:25.158736 シナリオ走行を開始しました [シナリオ名: ログイン]
[ADMIN] 15:17:25.159395 シナリオ走行を終了しました [シナリオ名: ログイン]
[ADMIN] 15:17:25.159404 シナリオ走行を開始しました [シナリオ名: ログイン]
[ADMIN] 15:17:25.159986 シナリオ走行を終了しました [シナリオ名: ログイン]
[ADMIN] 15:17:25.159995 シナリオ走行を開始しました [シナリオ名: ログイン]
[ADMIN] 15:17:25.160584 シナリオ走行を終了しました [シナリオ名: ログイン]
[ADMIN] 15:17:25.160592 シナリオ走行を開始しました [シナリオ名: ログイン]
[ADMIN] 15:17:25.161999 シナリオ走行を終了しました [シナリオ名: ログイン]
[ADMIN] 15:17:25.162006 シナリオ走行を開始しました [シナリオ名: ログイン]
[ADMIN] 15:17:25.162377 シナリオ走行を終了しました [シナリオ名: ログイン]
[ADMIN] 15:17:25.162384 シナリオ走行を開始しました [シナリオ名: ログイン]
[ADMIN] 15:17:25.162802 シナリオ走行を終了しました [シナリオ名: ログイン]
[ADMIN] 15:17:25.162811 シナリオ走行を開始しました [シナリオ名: ログイン]
[ADMIN] 15:17:25.163717 シナリオ走行を終了しました [シナリオ名: ログイン]
[ADMIN] 15:17:25.163725 シナリオ走行を開始しました [シナリオ名: ログイン]
[ADMIN] 15:17:25.164075 シナリオ走行を終了しました [シナリオ名: ログイン]
[ADMIN] 15:17:25.164084 シナリオ走行を開始しました [シナリオ名: ログイン]
[ADMIN] 15:17:25.164829 シナリオ走行を終了しました [シナリオ名: ログイン]
[ADMIN] 15:17:25.164834 シナリオ走行を開始しました [シナリオ名: ログイン]
[ADMIN] 15:17:25.165340 シナリオ走行を終了しました [シナリオ名: ログイン]
[ADMIN] 15:17:25.165350 シナリオ走行を開始しました [シナリオ名: ログイン]
[ADMIN] 15:17:25.166076 シナリオ走行を終了しました [シナリオ名: ログイン]
[ADMIN] 15:17:25.166084 シナリオ走行を開始しました [シナリオ名: ログイン]
[ADMIN] 15:17:25.166640 シナリオ走行を終了しました [シナリオ名: ログイン]
[ADMIN] 15:17:25.166649 シナリオ走行を開始しました [シナリオ名: ログイン]
[ADMIN] 15:17:25.167791 シナリオ走行を終了しました [シナリオ名: ログイン]
[ADMIN] 15:17:25.167798 シナリオ走行を開始しました [シナリオ名: ログイン]
[ADMIN] 15:17:25.168218 シナリオ走行を終了しました [シナリオ名: ログイン]
[ADMIN] 15:17:25.168225 シナリオ走行を開始しました [シナリオ名: ログイン]
[ADMIN] 15:17:25.169492 シナリオ走行を終了しました [シナリオ名: ログイン]
[ADMIN] 15:17:25.169499 シナリオ走行を開始しました [シナリオ名: ログイン]
[ADMIN] 15:17:25.169881 シナリオ走行を終了しました [シナリオ名: ログイン]
[ADMIN] 15:17:25.169889 シナリオ走行を開始しました [シナリオ名: ログイン]
[ADMIN] 15:17:25.170290 シナリオ走行を終了しました [シナリオ名: ログイン]
[ADMIN] 15:17:25.170298 シナリオ走行を開始しました [シナリオ名: ログイン]
[ADMIN] 15:17:25.172078 シナリオ走行を終了しました [シナリオ名: ログイン]
[ADMIN] 15:17:25.172086 シナリオ走行を開始しました [シナリオ名: ログイン]
[ADMIN] 15:17:25.172418 シナリオ走行を終了しました [シナリオ名: ログイン]
[ADMIN] 15:17:25.172434 シナリオ走行を開始しました [シナリオ名: ログイン]
[ADMIN] 15:17:25.172801 シナリオ走行を終了しました [シナリオ名: ログイン]
[ADMIN] 15:17:25.172816 シナリオ走行を開始しました [シナリオ名: ログイン]
[ADMIN] 15:17:25.175253 シナリオ走行を終了しました [シナリオ名: ログイン]
[ADMIN] 15:17:25.175267 シナリオ走行を開始しました [シナリオ名: ログイン]
[ADMIN] 15:17:25.175663 シナリオ走行を終了しました [シナリオ名: ログイン]
[ADMIN] 15:17:25.175671 シナリオ走行を開始しました [シナリオ名: ログイン]
[ADMIN] 15:17:25.176328 シナリオ走行を終了しました [シナリオ名: ログイン]
[ADMIN] 15:17:25.176335 シナリオ走行を開始しました [シナリオ名: ログイン]
[ADMIN] 15:17:25.177735 シナリオ走行を終了しました [シナリオ名: ログイン]
[ADMIN] 15:17:25.177744 シナリオ走行を開始しました [シナリオ名: ログイン]
[ADMIN] 15:17:25.178128 シナリオ走行を終了しました [シナリオ名: ログイン]
[ADMIN] 15:17:25.178137 シナリオ走行を開始しました [シナリオ名: ログイン]
[ADMIN] 15:17:25.178785 シナリオ走行を終了しました [シナリオ名: ログイン]
[ADMIN] 15:17:25.178794 シナリオ走行を開始しました [シナリオ名: ログイン]
[ADMIN] 15:17:25.179416 シナリオ走行を終了しました [シナリオ名: ログイン]
[ADMIN] 15:17:25.179424 シナリオ走行を開始しました [シナリオ名: ログイン]
[ADMIN] 15:17:25.179997 シナリオ走行を終了しました [シナリオ名: ログイン]
[ADMIN] 15:17:25.180007 シナリオ走行を開始しました [シナリオ名: ログイン]
[ADMIN] 15:17:25.180370 シナリオ走行を終了しました [シナリオ名: ログイン]
[ADMIN] 15:17:25.180377 シナリオ走行を開始しました [シナリオ名: ログイン]
[ADMIN] 15:17:25.181967 シナリオ走行を終了しました [シナリオ名: ログイン]
[ADMIN] 15:17:25.181974 シナリオ走行を開始しました [シナリオ名: ログイン]
[ADMIN] 15:17:25.182358 シナリオ走行を終了しました [シナリオ名: ログイン]
[ADMIN] 15:17:25.182368 シナリオ走行を開始しました [シナリオ名: ログイン]
[ADMIN] 15:17:25.182903 シナリオ走行を終了しました [シナリオ名: ログイン]
[ADMIN] 15:17:25.182911 シナリオ走行を開始しました [シナリオ名: ログイン]
[ADMIN] 15:17:25.183599 シナリオ走行を終了しました [シナリオ名: ログイン]
[ADMIN] 15:17:25.183604 シナリオ走行を開始しました [シナリオ名: ログイン]
[ADMIN] 15:17:25.184249 シナリオ走行を終了しました [シナリオ名: ログイン]
[ADMIN] 15:17:25.184258 シナリオ走行を開始しました [シナリオ名: ログイン]
[ADMIN] 15:17:25.184789 シナリオ走行を終了しました [シナリオ名: ログイン]
[ADMIN] 15:17:25.184797 シナリオ走行を開始しました [シナリオ名: ログイン]
[ADMIN] 15:17:25.185339 シナリオ走行を終了しました [シナリオ名: ログイン]
[ADMIN] 15:17:25.185347 シナリオ走行を開始しました [シナリオ名: ログイン]
[ADMIN] 15:17:25.187567 シナリオ走行を終了しました [シナリオ名: ログイン]
[ADMIN] 15:17:25.187575 シナリオ走行を開始しました [シナリオ名: ログイン]
[ADMIN] 15:17:25.187984 シナリオ走行を終了しました [シナリオ名: ログイン]
[ADMIN] 15:17:25.187989 シナリオ走行を開始しました [シナリオ名: ログイン]
[ADMIN] 15:17:25.188534 シナリオ走行を終了しました [シナリオ名: ログイン]
[ADMIN] 15:17:25.188543 シナリオ走行を開始しました [シナリオ名: ログイン]
[ADMIN] 15:17:25.189813 シナリオ走行を終了しました [シナリオ名: ログイン]
[ADMIN] 15:17:25.189821 シナリオ走行を開始しました [シナリオ名: ログイン]
[ADMIN] 15:17:25.190227 シナリオ走行を終了しました [シナリオ名: ログイン]
[ADMIN] 15:17:25.190236 シナリオ走行を開始しました [シナリオ名: ログイン]
[ADMIN] 15:17:25.191075 シナリオ走行を終了しました [シナリオ名: ログイン]
[ADMIN] 15:17:25.191083 シナリオ走行を開始しました [シナリオ名: ログイン]
[ADMIN] 15:17:25.192391 シナリオ走行を終了しました [シナリオ名: ログイン]
[ADMIN] 15:17:25.192399 シナリオ走行を開始しました [シナリオ名: ログイン]
[ADMIN] 15:17:25.192795 シナリオ走行を終了しました [シナリオ名: ログイン]
[ADMIN] 15:17:25.192802 シナリオ走行を開始しました [シナリオ名: ログイン]
[ADMIN] 15:17:25.193230 シナリオ走行を終了しました [シナリオ名: ログイン]
[ADMIN] 15:17:25.193240 シナリオ走行を開始しました [シナリオ名: ログイン]
[ADMIN] 15:17:25.194210 シナリオ走行を終了しました [シナリオ名: ログイン]
[ADMIN] 15:17:25.194220 シナリオ走行を開始しました [シナリオ名: ログイン]
[ADMIN] 15:17:25.194594 シナリオ走行を終了しました [シナリオ名: ログイン]
[ADMIN] 15:17:25.194602 シナリオ走行を開始しました [シナリオ名: ログイン]
[ADMIN] 15:17:25.195325 シナリオ走行を終了しました [シナリオ名: ログイン]
[ADMIN] 15:17:25.195333 シナリオ走行を開始しました [シナリオ名: ログイン]
[ADMIN] 15:17:25.195868 シナリオ走行を終了しました [シナリオ名: ログイン]
[ADMIN] 15:17:25.195877 シナリオ走行を開始しました [シナリオ名: ログイン]
[ADMIN] 15:17:25.196463 シナリオ走行を終了しました [シナリオ名: ログイン]
[ADMIN] 15:17:25.196472 シナリオ走行を開始しました [シナリオ名: ログイン]
[ADMIN] 15:17:25.197099 シナリオ走行を終了しました [シナリオ名: ログイン]
[ADMIN] 15:17:25.197107 シナリオ走行を開始しました [シナリオ名: ログイン]
[ADMIN] 15:17:25.197629 シナリオ走行を終了しました [シナリオ名: ログイン]
[ADMIN] 15:17:25.197636 シナリオ走行を開始しました [シナリオ名: ログイン]
[ADMIN] 15:17:25.198281 シナリオ走行を終了しました [シナリオ名: ログイン]
[ADMIN] 15:17:25.198290 シナリオ走行を開始しました [シナリオ名: ログイン]
[ADMIN] 15:17:25.198808 シナリオ走行を終了しました [シナリオ名: ログイン]
[ADMIN] 15:17:25.198817 シナリオ走行を開始しました [シナリオ名: ログイン]
[ADMIN] 15:17:25.199475 シナリオ走行を終了しました [シナリオ名: ログイン]
[ADMIN] 15:17:25.199482 シナリオ走行を開始しました [シナリオ名: ログイン]
[ADMIN] 15:17:25.200046 シナリオ走行を終了しました [シナリオ名: ログイン]
[ADMIN] 15:17:25.200055 シナリオ走行を開始しました [シナリオ名: ログイン]
[ADMIN] 15:17:25.200687 シナリオ走行を終了しました [シナリオ名: ログイン]
[ADMIN] 15:17:25.200696 シナリオ走行を開始しました [シナリオ名: ログイン]
[ADMIN] 15:17:25.201301 シナリオ走行を終了しました [シナリオ名: ログイン]
[ADMIN] 15:17:25.201309 シナリオ走行を開始しました [シナリオ名: ログイン]
[ADMIN] 15:17:25.202785 シナリオ走行を終了しました [シナリオ名: ログイン]
[ADMIN] 15:17:25.202794 シナリオ走行を開始しました [シナリオ名: ログイン]
[ADMIN] 15:17:25.203159 シナリオ走行を終了しました [シナリオ名: ログイン]
[ADMIN] 15:17:25.203169 シナリオ走行を開始しました [シナリオ名: ログイン]
[ADMIN] 15:17:25.203561 シナリオ走行を終了しました [シナリオ名: ログイン]
[ADMIN] 15:17:25.203569 シナリオ走行を開始しました [シナリオ名: ログイン]
[ADMIN] 15:17:25.204305 シナリオ走行を終了しました [シナリオ名: ログイン]
[ADMIN] 15:17:25.204313 シナリオ走行を開始しました [シナリオ名: ログイン]
[ADMIN] 15:17:25.204984 シナリオ走行を終了しました [シナリオ名: ログイン]
[ADMIN] 15:17:25.204993 シナリオ走行を開始しました [シナリオ名: ログイン]
[ADMIN] 15:17:25.205879 シナリオ走行を終了しました [シナリオ名: ログイン]
[ADMIN] 15:17:25.205886 シナリオ走行を開始しました [シナリオ名: ログイン]
[ADMIN] 15:17:25.206268 シナリオ走行を終了しました [シナリオ名: ログイン]
[ADMIN] 15:17:25.206276 シナリオ走行を開始しました [シナリオ名: ログイン]
[ADMIN] 15:17:25.206923 シナリオ走行を終了しました [シナリオ名: ログイン]
[ADMIN] 15:17:25.206931 シナリオ走行を開始しました [シナリオ名: ログイン]
[ADMIN] 15:17:25.207559 シナリオ走行を終了しました [シナリオ名: ログイン]
[ADMIN] 15:17:25.207568 シナリオ走行を開始しました [シナリオ名: ログイン]
[ADMIN] 15:17:25.208127 シナリオ走行を終了しました [シナリオ名: ログイン]
[ADMIN] 15:17:25.208137 シナリオ走行を開始しました [シナリオ名: ログイン]
[ADMIN] 15:17:25.208787 シナリオ走行を終了しました [シナリオ名: ログイン]
[ADMIN] 15:17:25.208794 シナリオ走行を開始しました [シナリオ名: ログイン]
[ADMIN] 15:17:25.209379 シナリオ走行を終了しました [シナリオ名: ログイン]
[ADMIN] 15:17:25.209388 シナリオ走行を開始しました [シナリオ名: ログイン]
[ADMIN] 15:17:25.210038 シナリオ走行を終了しました [シナリオ名: ログイン]
[ADMIN] 15:17:25.210046 シナリオ走行を開始しました [シナリオ名: ログイン]
[ADMIN] 15:17:25.210605 シナリオ走行を終了しました [シナリオ名: ログイン]
[ADMIN] 15:17:25.210613 シナリオ走行を開始しました [シナリオ名: ログイン]
[ADMIN] 15:17:25.211254 シナリオ走行を終了しました [シナリオ名: ログイン]
[ADMIN] 15:17:25.211263 シナリオ走行を開始しました [シナリオ名: ログイン]
[ADMIN] 15:17:25.212677 シナリオ走行を終了しました [シナリオ名: ログイン]
[ADMIN] 15:17:25.212687 シナリオ走行を開始しました [シナリオ名: ログイン]
[ADMIN] 15:17:25.213040 シナリオ走行を終了しました [シナリオ名: ログイン]
[ADMIN] 15:17:25.213050 シナリオ走行を開始しました [シナリオ名: ログイン]
[ADMIN] 15:17:25.213482 シナリオ走行を終了しました [シナリオ名: ログイン]
[ADMIN] 15:17:25.213491 シナリオ走行を開始しました [シナリオ名: ログイン]
[ADMIN] 15:17:25.214443 シナリオ走行を終了しました [シナリオ名: ログイン]
[ADMIN] 15:17:25.214451 シナリオ走行を開始しました [シナリオ名: ログイン]
[ADMIN] 15:17:25.214818 シナリオ走行を終了しました [シナリオ名: ログイン]
[ADMIN] 15:17:25.214827 シナリオ走行を開始しました [シナリオ名: ログイン]
[ADMIN] 15:17:25.215338 シナリオ走行を終了しました [シナリオ名: ログイン]
[ADMIN] 15:17:25.215345 シナリオ走行を開始しました [シナリオ名: ログイン]
[ADMIN] 15:17:25.216301 シナリオ走行を終了しました [シナリオ名: ログイン]
[ADMIN] 15:17:25.216309 シナリオ走行を開始しました [シナリオ名: ログイン]
[ADMIN] 15:17:25.217080 シナリオ走行を終了しました [シナリオ名: ログイン]
[ADMIN] 15:17:25.217090 シナリオ走行を開始しました [シナリオ名: ログイン]
[ADMIN] 15:17:25.217173 シナリオ走行を終了しました [シナリオ名: ログイン]
[ADMIN] 15:17:25.217181 シナリオ走行を開始しました [シナリオ名: ログイン]
[ADMIN] 15:17:25.217663 シナリオ走行を終了しました [シナリオ名: ログイン]
[ADMIN] 15:17:25.217671 シナリオ走行を開始しました [シナリオ名: ログイン]
[ADMIN] 15:17:25.218332 シナリオ走行を終了しました [シナリオ名: ログイン]
[ADMIN] 15:17:25.218339 シナリオ走行を開始しました [シナリオ名: ログイン]
[ADMIN] 15:17:25.218855 シナリオ走行を終了しました [シナリオ名: ログイン]
[ADMIN] 15:17:25.218864 シナリオ走行を開始しました [シナリオ名: ログイン]
[ADMIN] 15:17:25.219379 シナリオ走行を終了しました [シナリオ名: ログイン]
[ADMIN] 15:17:25.219388 シナリオ走行を開始しました [シナリオ名: ログイン]
[ADMIN] 15:17:25.219946 シナリオ走行を終了しました [シナリオ名: ログイン]
[ADMIN] 15:17:25.219953 シナリオ走行を開始しました [シナリオ名: ログイン]
[ADMIN] 15:17:25.220543 シナリオ走行を終了しました [シナリオ名: ログイン]
[ADMIN] 15:17:25.220551 シナリオ走行を開始しました [シナリオ名: ログイン]
[ADMIN] 15:17:25.221054 シナリオ走行を終了しました [シナリオ名: ログイン]
[ADMIN] 15:17:25.221063 シナリオ走行を開始しました [シナリオ名: ログイン]
[ADMIN] 15:17:25.222970 シナリオ走行を終了しました [シナリオ名: ログイン]
[ADMIN] 15:17:25.222977 シナリオ走行を開始しました [シナリオ名: ログイン]
[ADMIN] 15:17:25.223489 シナリオ走行を終了しました [シナリオ名: ログイン]
[ADMIN] 15:17:25.223499 シナリオ走行を開始しました [シナリオ名: ログイン]
[ADMIN] 15:17:25.224063 シナリオ走行を終了しました [シナリオ名: ログイン]
[ADMIN] 15:17:25.224072 シナリオ走行を開始しました [シナリオ名: ログイン]
[ADMIN] 15:17:25.224600 シナリオ走行を終了しました [シナリオ名: ログイン]
[ADMIN] 15:17:25.224608 シナリオ走行を開始しました [シナリオ名: ログイン]
[ADMIN] 15:17:25.225156 シナリオ走行を終了しました [シナリオ名: ログイン]
[ADMIN] 15:17:25.225166 シナリオ走行を開始しました [シナリオ名: ログイン]
[ADMIN] 15:17:25.225794 シナリオ走行を終了しました [シナリオ名: ログイン]
[ADMIN] 15:17:25.225802 シナリオ走行を開始しました [シナリオ名: ログイン]
[ADMIN] 15:17:25.226327 シナリオ走行を終了しました [シナリオ名: ログイン]
[ADMIN] 15:17:25.226336 シナリオ走行を開始しました [シナリオ名: ログイン]
[ADMIN] 15:17:25.227005 シナリオ走行を終了しました [シナリオ名: ログイン]
[ADMIN] 15:17:25.227014 シナリオ走行を開始しました [シナリオ名: ログイン]
[ADMIN] 15:17:25.227566 シナリオ走行を終了しました [シナリオ名: ログイン]
[ADMIN] 15:17:25.227573 シナリオ走行を開始しました [シナリオ名: ログイン]
[ADMIN] 15:17:25.228167 シナリオ走行を終了しました [シナリオ名: ログイン]
[ADMIN] 15:17:25.228175 シナリオ走行を開始しました [シナリオ名: ログイン]
[ADMIN] 15:17:25.228801 シナリオ走行を終了しました [シナリオ名: ログイン]
[ADMIN] 15:17:25.228810 シナリオ走行を開始しました [シナリオ名: ログイン]
[ADMIN] 15:17:25.229468 シナリオ走行を終了しました [シナリオ名: ログイン]
[ADMIN] 15:17:25.229476 シナリオ走行を開始しました [シナリオ名: ログイン]
[ADMIN] 15:17:25.230094 シナリオ走行を終了しました [シナリオ名: ログイン]
[ADMIN] 15:17:25.230103 シナリオ走行を開始しました [シナリオ名: ログイン]
[ADMIN] 15:17:25.230725 シナリオ走行を終了しました [シナリオ名: ログイン]
[ADMIN] 15:17:25.230735 シナリオ走行を開始しました [シナリオ名: ログイン]
[ADMIN] 15:17:25.231520 シナリオ走行を終了しました [シナリオ名: ログイン]
[ADMIN] 15:17:25.231529 シナリオ走行を開始しました [シナリオ名: ログイン]
[ADMIN] 15:17:25.232983 シナリオ走行を終了しました [シナリオ名: ログイン]
[ADMIN] 15:17:25.232991 シナリオ走行を開始しました [シナリオ名: ログイン]
[ADMIN] 15:17:25.233491 シナリオ走行を終了しました [シナリオ名: ログイン]
[ADMIN] 15:17:25.233498 シナリオ走行を開始しました [シナリオ名: ログイン]
[ADMIN] 15:17:25.234446 シナリオ走行を終了しました [シナリオ名: ログイン]
[ADMIN] 15:17:25.234455 シナリオ走行を開始しました [シナリオ名: ログイン]
[ADMIN] 15:17:25.234485 シナリオ走行を終了しました [シナリオ名: ログイン]
[ADMIN] 15:17:25.234498 シナリオ走行を開始しました [シナリオ名: ログイン]
[ADMIN] 15:17:25.238293 シナリオ走行を終了しました [シナリオ名: ログイン]
[ADMIN] 15:17:25.238302 シナリオ走行を開始しました [シナリオ名: ログイン]
[ADMIN] 15:17:25.238729 シナリオ走行を終了しました [シナリオ名: ログイン]
[ADMIN] 15:17:25.238738 シナリオ走行を開始しました [シナリオ名: ログイン]
[ADMIN] 15:17:25.239106 シナリオ走行を終了しました [シナリオ名: ログイン]
[ADMIN] 15:17:25.239113 シナリオ走行を開始しました [シナリオ名: ログイン]
[ADMIN] 15:17:25.240340 シナリオ走行を終了しました [シナリオ名: ログイン]
[ADMIN] 15:17:25.240347 シナリオ走行を開始しました [シナリオ名: ログイン]
[ADMIN] 15:17:25.241008 シナリオ走行を終了しました [シナリオ名: ログイン]
[ADMIN] 15:17:25.241017 シナリオ走行を開始しました [シナリオ名: ログイン]
[ADMIN] 15:17:25.243163 シナリオ走行を終了しました [シナリオ名: ログイン]
[ADMIN] 15:17:25.243170 シナリオ走行を開始しました [シナリオ名: ログイン]
[ADMIN] 15:17:25.243883 シナリオ走行を終了しました [シナリオ名: ログイン]
[ADMIN] 15:17:25.243891 シナリオ走行を開始しました [シナリオ名: ログイン]
[ADMIN] 15:17:25.244535 シナリオ走行を終了しました [シナリオ名: ログイン]
[ADMIN] 15:17:25.244545 シナリオ走行を開始しました [シナリオ名: ログイン]
[ADMIN] 15:17:25.245228 シナリオ走行を終了しました [シナリオ名: ログイン]
[ADMIN] 15:17:25.245237 シナリオ走行を開始しました [シナリオ名: ログイン]
[ADMIN] 15:17:25.245887 シナリオ走行を終了しました [シナリオ名: ログイン]
[ADMIN] 15:17:25.245894 シナリオ走行を開始しました [シナリオ名: ログイン]
[ADMIN] 15:17:25.246594 シナリオ走行を終了しました [シナリオ名: ログイン]
[ADMIN] 15:17:25.246602 シナリオ走行を開始しました [シナリオ名: ログイン]
[ADMIN] 15:17:25.247191 シナリオ走行を終了しました [シナリオ名: ログイン]
[ADMIN] 15:17:25.247200 シナリオ走行を開始しました [シナリオ名: ログイン]
[ADMIN] 15:17:25.247833 シナリオ走行を終了しました [シナリオ名: ログイン]
[ADMIN] 15:17:25.247843 シナリオ走行を開始しました [シナリオ名: ログイン]
[ADMIN] 15:17:25.248499 シナリオ走行を終了しました [シナリオ名: ログイン]
[ADMIN] 15:17:25.248505 シナリオ走行を開始しました [シナリオ名: ログイン]
[ADMIN] 15:17:25.249082 シナリオ走行を終了しました [シナリオ名: ログイン]
[ADMIN] 15:17:25.249088 シナリオ走行を開始しました [シナリオ名: ログイン]
[ADMIN] 15:17:25.249751 シナリオ走行を終了しました [シナリオ名: ログイン]
[ADMIN] 15:17:25.249759 シナリオ走行を開始しました [シナリオ名: ログイン]
[ADMIN] 15:17:25.250741 シナリオ走行を終了しました [シナリオ名: ログイン]
[ADMIN] 15:17:25.250749 シナリオ走行を開始しました [シナリオ名: ログイン]
[ADMIN] 15:17:25.251156 シナリオ走行を終了しました [シナリオ名: ログイン]
[ADMIN] 15:17:25.251165 シナリオ走行を開始しました [シナリオ名: ログイン]
[ADMIN] 15:17:25.251679 シナリオ走行を終了しました [シナリオ名: ログイン]
[ADMIN] 15:17:25.251688 シナリオ走行を開始しました [シナリオ名: ログイン]
[ADMIN] 15:17:25.253281 シナリオ走行を終了しました [シナリオ名: ログイン]
[ADMIN] 15:17:25.253290 シナリオ走行を開始しました [シナリオ名: ログイン]
[ADMIN] 15:17:25.253809 シナリオ走行を終了しました [シナリオ名: ログイン]
[ADMIN] 15:17:25.253818 シナリオ走行を開始しました [シナリオ名: ログイン]
[ADMIN] 15:17:25.254590 シナリオ走行を終了しました [シナリオ名: ログイン]
[ADMIN] 15:17:25.254598 シナリオ走行を開始しました [シナリオ名: ログイン]
[ADMIN] 15:17:25.255246 シナリオ走行を終了しました [シナリオ名: ログイン]
[ADMIN] 15:17:25.255255 シナリオ走行を開始しました [シナリオ名: ログイン]
[ADMIN] 15:17:25.256507 シナリオ走行を終了しました [シナリオ名: ログイン]
[ADMIN] 15:17:25.256516 シナリオ走行を開始しました [シナリオ名: ログイン]
[ADMIN] 15:17:25.256973 シナリオ走行を終了しました [シナリオ名: ログイン]
[ADMIN] 15:17:25.256981 シナリオ走行を開始しました [シナリオ名: ログイン]
[ADMIN] 15:17:25.259893 シナリオ走行を終了しました [シナリオ名: ログイン]
[ADMIN] 15:17:25.259902 シナリオ走行を開始しました [シナリオ名: ログイン]
[ADMIN] 15:17:25.260336 シナリオ走行を終了しました [シナリオ名: ログイン]
[ADMIN] 15:17:25.260345 シナリオ走行を開始しました [シナリオ名: ログイン]
[ADMIN] 15:17:25.260993 シナリオ走行を終了しました [シナリオ名: ログイン]
[ADMIN] 15:17:25.261002 シナリオ走行を開始しました [シナリオ名: ログイン]
[ADMIN] 15:17:25.261674 シナリオ走行を終了しました [シナリオ名: ログイン]
[ADMIN] 15:17:25.261683 シナリオ走行を開始しました [シナリオ名: ログイン]
[ADMIN] 15:17:25.263158 シナリオ走行を終了しました [シナリオ名: ログイン]
[ADMIN] 15:17:25.263167 シナリオ走行を開始しました [シナリオ名: ログイン]
[ADMIN] 15:17:25.263583 シナリオ走行を終了しました [シナリオ名: ログイン]
[ADMIN] 15:17:25.263592 シナリオ走行を開始しました [シナリオ名: ログイン]
[ADMIN] 15:17:25.264803 シナリオ走行を終了しました [シナリオ名: ログイン]
[ADMIN] 15:17:25.264811 シナリオ走行を開始しました [シナリオ名: ログイン]
[ADMIN] 15:17:25.265457 シナリオ走行を終了しました [シナリオ名: ログイン]
[ADMIN] 15:17:25.265465 シナリオ走行を開始しました [シナリオ名: ログイン]
[ADMIN] 15:17:25.266106 シナリオ走行を終了しました [シナリオ名: ログイン]
[ADMIN] 15:17:25.266113 シナリオ走行を開始しました [シナリオ名: ログイン]
[ADMIN] 15:17:25.266732 シナリオ走行を終了しました [シナリオ名: ログイン]
[ADMIN] 15:17:25.266741 シナリオ走行を開始しました [シナリオ名: ログイン]
[ADMIN] 15:17:25.267319 シナリオ走行を終了しました [シナリオ名: ログイン]
[ADMIN] 15:17:25.267328 シナリオ走行を開始しました [シナリオ名: ログイン]
[ADMIN] 15:17:25.267925 シナリオ走行を終了しました [シナリオ名: ログイン]
[ADMIN] 15:17:25.267934 シナリオ走行を開始しました [シナリオ名: ログイン]
[ADMIN] 15:17:25.268573 シナリオ走行を終了しました [シナリオ名: ログイン]
[ADMIN] 15:17:25.268582 シナリオ走行を開始しました [シナリオ名: ログイン]
[ADMIN] 15:17:25.269245 シナリオ走行を終了しました [シナリオ名: ログイン]
[ADMIN] 15:17:25.269254 シナリオ走行を開始しました [シナリオ名: ログイン]
[ADMIN] 15:17:25.269813 シナリオ走行を終了しました [シナリオ名: ログイン]
[ADMIN] 15:17:25.269821 シナリオ走行を開始しました [シナリオ名: ログイン]
[ADMIN] 15:17:25.270488 シナリオ走行を終了しました [シナリオ名: ログイン]
[ADMIN] 15:17:25.270497 シナリオ走行を開始しました [シナリオ名: ログイン]
[ADMIN] 15:17:25.270902 シナリオ走行を終了しました [シナリオ名: ログイン]
[ADMIN] 15:17:25.270910 シナリオ走行を開始しました [シナリオ名: ログイン]
[ADMIN] 15:17:25.272104 シナリオ走行を終了しました [シナリオ名: ログイン]
[ADMIN] 15:17:25.272113 シナリオ走行を開始しました [シナリオ名: ログイン]
[ADMIN] 15:17:25.273238 シナリオ走行を終了しました [シナリオ名: ログイン]
[ADMIN] 15:17:25.273245 シナリオ走行を開始しました [シナリオ名: ログイン]
[ADMIN] 15:17:25.273747 シナリオ走行を終了しました [シナリオ名: ログイン]
[ADMIN] 15:17:25.273756 シナリオ走行を開始しました [シナリオ名: ログイン]
[ADMIN] 15:17:25.276054 シナリオ走行を終了しました [シナリオ名: ログイン]
[ADMIN] 15:17:25.276063 シナリオ走行を開始しました [シナリオ名: ログイン]
[ADMIN] 15:17:25.276447 シナリオ走行を終了しました [シナリオ名: ログイン]
[ADMIN] 15:17:25.276454 シナリオ走行を開始しました [シナリオ名: ログイン]
[ADMIN] 15:17:25.277660 シナリオ走行を終了しました [シナリオ名: ログイン]
[ADMIN] 15:17:25.277667 シナリオ走行を開始しました [シナリオ名: ログイン]
[ADMIN] 15:17:25.278152 シナリオ走行を終了しました [シナリオ名: ログイン]
[ADMIN] 15:17:25.278161 シナリオ走行を開始しました [シナリオ名: ログイン]
[ADMIN] 15:17:25.278811 シナリオ走行を終了しました [シナリオ名: ログイン]
[ADMIN] 15:17:25.278822 シナリオ走行を開始しました [シナリオ名: ログイン]
[ADMIN] 15:17:25.279396 シナリオ走行を終了しました [シナリオ名: ログイン]
[ADMIN] 15:17:25.279406 シナリオ走行を開始しました [シナリオ名: ログイン]
[ADMIN] 15:17:25.280054 シナリオ走行を終了しました [シナリオ名: ログイン]
[ADMIN] 15:17:25.280064 シナリオ走行を開始しました [シナリオ名: ログイン]
[ADMIN] 15:17:25.280623 シナリオ走行を終了しました [シナリオ名: ログイン]
[ADMIN] 15:17:25.280630 シナリオ走行を開始しました [シナリオ名: ログイン]
[ADMIN] 15:17:25.281269 シナリオ走行を終了しました [シナリオ名: ログイン]
[ADMIN] 15:17:25.281279 シナリオ走行を開始しました [シナリオ名: ログイン]
[ADMIN] 15:17:25.287073 シナリオ走行を終了しました [シナリオ名: ログイン]
[ADMIN] 15:17:25.287083 シナリオ走行を開始しました [シナリオ名: ログイン]
[ADMIN] 15:17:25.287493 シナリオ走行を終了しました [シナリオ名: ログイン]
[ADMIN] 15:17:25.287503 シナリオ走行を開始しました [シナリオ名: ログイン]
[ADMIN] 15:17:25.288036 シナリオ走行を終了しました [シナリオ名: ログイン]
[ADMIN] 15:17:25.288045 シナリオ走行を開始しました [シナリオ名: ログイン]
[ADMIN] 15:17:25.288814 シナリオ走行を終了しました [シナリオ名: ログイン]
[ADMIN] 15:17:25.288822 シナリオ走行を開始しました [シナリオ名: ログイン]
[ADMIN] 15:17:25.289497 シナリオ走行を終了しました [シナリオ名: ログイン]
[ADMIN] 15:17:25.289506 シナリオ走行を開始しました [シナリオ名: ログイン]
[ADMIN] 15:17:25.290345 シナリオ走行を終了しました [シナリオ名: ログイン]
[ADMIN] 15:17:25.290352 シナリオ走行を開始しました [シナリオ名: ログイン]
[ADMIN] 15:17:25.290751 シナリオ走行を終了しました [シナリオ名: ログイン]
[ADMIN] 15:17:25.290760 シナリオ走行を開始しました [シナリオ名: ログイン]
[ADMIN] 15:17:25.291401 シナリオ走行を終了しました [シナリオ名: ログイン]
[ADMIN] 15:17:25.291409 シナリオ走行を開始しました [シナリオ名: ログイン]
[ADMIN] 15:17:25.293158 シナリオ走行を終了しました [シナリオ名: ログイン]
[ADMIN] 15:17:25.293167 シナリオ走行を開始しました [シナリオ名: ログイン]
[ADMIN] 15:17:25.293333 シナリオ走行を終了しました [シナリオ名: ログイン]
[ADMIN] 15:17:25.293342 シナリオ走行を開始しました [シナリオ名: ログイン]
[ADMIN] 15:17:25.293844 シナリオ走行を終了しました [シナリオ名: ログイン]
[ADMIN] 15:17:25.293853 シナリオ走行を開始しました [シナリオ名: ログイン]
[ADMIN] 15:17:25.294573 シナリオ走行を終了しました [シナリオ名: ログイン]
[ADMIN] 15:17:25.294583 シナリオ走行を開始しました [シナリオ名: ログイン]
[ADMIN] 15:17:25.295155 シナリオ走行を終了しました [シナリオ名: ログイン]
[ADMIN] 15:17:25.295164 シナリオ走行を開始しました [シナリオ名: ログイン]
[ADMIN] 15:17:25.295813 シナリオ走行を終了しました [シナリオ名: ログイン]
[ADMIN] 15:17:25.295822 シナリオ走行を開始しました [シナリオ名: ログイン]
[ADMIN] 15:17:25.296642 シナリオ走行を終了しました [シナリオ名: ログイン]
[ADMIN] 15:17:25.296650 シナリオ走行を開始しました [シナリオ名: ログイン]
[ADMIN] 15:17:25.297381 シナリオ走行を終了しました [シナリオ名: ログイン]
[ADMIN] 15:17:25.297391 シナリオ走行を開始しました [シナリオ名: ログイン]
[ADMIN] 15:17:25.298647 シナリオ走行を終了しました [シナリオ名: ログイン]
[ADMIN] 15:17:25.298655 シナリオ走行を開始しました [シナリオ名: ログイン]
[ADMIN] 15:17:25.299251 シナリオ走行を終了しました [シナリオ名: ログイン]
[ADMIN] 15:17:25.299260 シナリオ走行を開始しました [シナリオ名: ログイン]
[ADMIN] 15:17:25.299749 シナリオ走行を終了しました [シナリオ名: ログイン]
[ADMIN] 15:17:25.299758 シナリオ走行を開始しました [シナリオ名: ログイン]
[ADMIN] 15:17:25.300440 シナリオ走行を終了しました [シナリオ名: ログイン]
[ADMIN] 15:17:25.300449 シナリオ走行を開始しました [シナリオ名: ログイン]
[ADMIN] 15:17:25.301087 シナリオ走行を終了しました [シナリオ名: ログイン]
[ADMIN] 15:17:25.301095 シナリオ走行を開始しました [シナリオ名: ログイン]
[ADMIN] 15:17:25.301727 シナリオ走行を終了しました [シナリオ名: ログイン]
[ADMIN] 15:17:25.301735 シナリオ走行を開始しました [シナリオ名: ログイン]
[ADMIN] 15:17:25.302366 シナリオ走行を終了しました [シナリオ名: ログイン]
[ADMIN] 15:17:25.302377 シナリオ走行を開始しました [シナリオ名: ログイン]
[ADMIN] 15:17:25.303783 シナリオ走行を終了しました [シナリオ名: ログイン]
[ADMIN] 15:17:25.303792 シナリオ走行を開始しました [シナリオ名: ログイン]
[ADMIN] 15:17:25.304182 シナリオ走行を終了しました [シナリオ名: ログイン]
[ADMIN] 15:17:25.304190 シナリオ走行を開始しました [シナリオ名: ログイン]
[ADMIN] 15:17:25.304746 シナリオ走行を終了しました [シナリオ名: ログイン]
[ADMIN] 15:17:25.304753 シナリオ走行を開始しました [シナリオ名: ログイン]
[ADMIN] 15:17:25.305400 シナリオ走行を終了しました [シナリオ名: ログイン]
[ADMIN] 15:17:25.305409 シナリオ走行を開始しました [シナリオ名: ログイン]
[ADMIN] 15:17:25.306059 シナリオ走行を終了しました [シナリオ名: ログイン]
[ADMIN] 15:17:25.306069 シナリオ走行を開始しました [シナリオ名: ログイン]
[ADMIN] 15:17:25.306777 シナリオ走行を終了しました [シナリオ名: ログイン]
[ADMIN] 15:17:25.306787 シナリオ走行を開始しました [シナリオ名: ログイン]
[ADMIN] 15:17:25.307388 シナリオ走行を終了しました [シナリオ名: ログイン]
[ADMIN] 15:17:25.307397 シナリオ走行を開始しました [シナリオ名: ログイン]
[ADMIN] 15:17:25.308021 シナリオ走行を終了しました [シナリオ名: ログイン]
[ADMIN] 15:17:25.308029 シナリオ走行を開始しました [シナリオ名: ログイン]
[ADMIN] 15:17:25.308625 シナリオ走行を終了しました [シナリオ名: ログイン]
[ADMIN] 15:17:25.308634 シナリオ走行を開始しました [シナリオ名: ログイン]
[ADMIN] 15:17:25.309089 シナリオ走行を終了しました [シナリオ名: ログイン]
[ADMIN] 15:17:25.309098 シナリオ走行を開始しました [シナリオ名: ログイン]
[ADMIN] 15:17:25.310281 シナリオ走行を終了しました [シナリオ名: ログイン]
[ADMIN] 15:17:25.310289 シナリオ走行を開始しました [シナリオ名: ログイン]
[ADMIN] 15:17:25.310700 シナリオ走行を終了しました [シナリオ名: ログイン]
[ADMIN] 15:17:25.310709 シナリオ走行を開始しました [シナリオ名: ログイン]
[ADMIN] 15:17:25.311086 シナリオ走行を終了しました [シナリオ名: ログイン]
[ADMIN] 15:17:25.311095 シナリオ走行を開始しました [シナリオ名: ログイン]
[ADMIN] 15:17:25.312113 シナリオ走行を終了しました [シナリオ名: ログイン]
[ADMIN] 15:17:25.312120 シナリオ走行を開始しました [シナリオ名: ログイン]
[ADMIN] 15:17:25.312728 シナリオ走行を終了しました [シナリオ名: ログイン]
[ADMIN] 15:17:25.312744 シナリオ走行を開始しました [シナリオ名: ログイン]
[ADMIN] 15:17:25.314147 シナリオ走行を終了しました [シナリオ名: ログイン]
[ADMIN] 15:17:25.314156 シナリオ走行を開始しました [シナリオ名: ログイン]
[ADMIN] 15:17:25.314562 シナリオ走行を終了しました [シナリオ名: ログイン]
[ADMIN] 15:17:25.314570 シナリオ走行を開始しました [シナリオ名: ログイン]
[ADMIN] 15:17:25.315275 シナリオ走行を終了しました [シナリオ名: ログイン]
[ADMIN] 15:17:25.315284 シナリオ走行を開始しました [シナリオ名: ログイン]
[ADMIN] 15:17:25.315858 シナリオ走行を終了しました [シナリオ名: ログイン]
[ADMIN] 15:17:25.315866 シナリオ走行を開始しました [シナリオ名: ログイン]
[ADMIN] 15:17:25.316446 シナリオ走行を終了しました [シナリオ名: ログイン]
[ADMIN] 15:17:25.316456 シナリオ走行を開始しました [シナリオ名: ログイン]
[ADMIN] 15:17:25.317147 シナリオ走行を終了しました [シナリオ名: ログイン]
[ADMIN] 15:17:25.317157 シナリオ走行を開始しました [シナリオ名: ログイン]
[ADMIN] 15:17:25.317704 シナリオ走行を終了しました [シナリオ名: ログイン]
[ADMIN] 15:17:25.317712 シナリオ走行を開始しました [シナリオ名: ログイン]
[ADMIN] 15:17:25.318381 シナリオ走行を終了しました [シナリオ名: ログイン]
[ADMIN] 15:17:25.318391 シナリオ走行を開始しました [シナリオ名: ログイン]
[ADMIN] 15:17:25.319051 シナリオ走行を終了しました [シナリオ名: ログイン]
[ADMIN] 15:17:25.319059 シナリオ走行を開始しました [シナリオ名: ログイン]
[ADMIN] 15:17:25.319602 シナリオ走行を終了しました [シナリオ名: ログイン]
[ADMIN] 15:17:25.319609 シナリオ走行を開始しました [シナリオ名: ログイン]
[ADMIN] 15:17:25.320545 シナリオ走行を終了しました [シナリオ名: ログイン]
[ADMIN] 15:17:25.320553 シナリオ走行を開始しました [シナリオ名: ログイン]
[ADMIN] 15:17:25.320977 シナリオ走行を終了しました [シナリオ名: ログイン]
[ADMIN] 15:17:25.320986 シナリオ走行を開始しました [シナリオ名: ログイン]
[ADMIN] 15:17:25.321743 シナリオ走行を終了しました [シナリオ名: ログイン]
[ADMIN] 15:17:25.321752 シナリオ走行を開始しました [シナリオ名: ログイン]
[ADMIN] 15:17:25.322323 シナリオ走行を終了しました [シナリオ名: ログイン]
[ADMIN] 15:17:25.322334 シナリオ走行を開始しました [シナリオ名: ログイン]
[ADMIN] 15:17:25.323603 シナリオ走行を終了しました [シナリオ名: ログイン]
[ADMIN] 15:17:25.323611 シナリオ走行を開始しました [シナリオ名: ログイン]
[ADMIN] 15:17:25.324024 シナリオ走行を終了しました [シナリオ名: ログイン]
[ADMIN] 15:17:25.324032 シナリオ走行を開始しました [シナリオ名: ログイン]
[ADMIN] 15:17:25.324689 シナリオ走行を終了しました [シナリオ名: ログイン]
[ADMIN] 15:17:25.324697 シナリオ走行を開始しました [シナリオ名: ログイン]
[ADMIN] 15:17:25.325242 シナリオ走行を終了しました [シナリオ名: ログイン]
[ADMIN] 15:17:25.325249 シナリオ走行を開始しました [シナリオ名: ログイン]
[ADMIN] 15:17:25.326066 シナリオ走行を終了しました [シナリオ名: ログイン]
[ADMIN] 15:17:25.326075 シナリオ走行を開始しました [シナリオ名: ログイン]
[ADMIN] 15:17:25.326804 シナリオ走行を終了しました [シナリオ名: ログイン]
[ADMIN] 15:17:25.326813 シナリオ走行を開始しました [シナリオ名: ログイン]
[ADMIN] 15:17:25.326969 シナリオ走行を終了しました [シナリオ名: ログイン]
[ADMIN] 15:17:25.326977 シナリオ走行を開始しました [シナリオ名: ログイン]
[ADMIN] 15:17:25.328034 シナリオ走行を終了しました [シナリオ名: ログイン]
[ADMIN] 15:17:25.328043 シナリオ走行を開始しました [シナリオ名: ログイン]
[ADMIN] 15:17:25.328445 シナリオ走行を終了しました [シナリオ名: ログイン]
[ADMIN] 15:17:25.328454 シナリオ走行を開始しました [シナリオ名: ログイン]
[ADMIN] 15:17:25.329139 シナリオ走行を終了しました [シナリオ名: ログイン]
[ADMIN] 15:17:25.329145 シナリオ走行を開始しました [シナリオ名: ログイン]
[ADMIN] 15:17:25.329843 シナリオ走行を終了しました [シナリオ名: ログイン]
[ADMIN] 15:17:25.329852 シナリオ走行を開始しました [シナリオ名: ログイン]
[ADMIN] 15:17:25.330583 シナリオ走行を終了しました [シナリオ名: ログイン]
[ADMIN] 15:17:25.330591 シナリオ走行を開始しました [シナリオ名: ログイン]
[ADMIN] 15:17:25.331169 シナリオ走行を終了しました [シナリオ名: ログイン]
[ADMIN] 15:17:25.331178 シナリオ走行を開始しました [シナリオ名: ログイン]
[ADMIN] 15:17:25.331739 シナリオ走行を終了しました [シナリオ名: ログイン]
[ADMIN] 15:17:25.331747 シナリオ走行を開始しました [シナリオ名: ログイン]
[ADMIN] 15:17:25.332384 シナリオ走行を終了しました [シナリオ名: ログイン]
[ADMIN] 15:17:25.332396 シナリオ走行を開始しました [シナリオ名: ログイン]
[ADMIN] 15:17:25.333811 シナリオ走行を終了しました [シナリオ名: ログイン]
[ADMIN] 15:17:25.333820 シナリオ走行を開始しました [シナリオ名: ログイン]
[ADMIN] 15:17:25.334212 シナリオ走行を終了しました [シナリオ名: ログイン]
[ADMIN] 15:17:25.334218 シナリオ走行を開始しました [シナリオ名: ログイン]
[ADMIN] 15:17:25.334892 シナリオ走行を終了しました [シナリオ名: ログイン]
[ADMIN] 15:17:25.334900 シナリオ走行を開始しました [シナリオ名: ログイン]
[ADMIN] 15:17:25.335454 シナリオ走行を終了しました [シナリオ名: ログイン]
[ADMIN] 15:17:25.335464 シナリオ走行を開始しました [シナリオ名: ログイン]
[ADMIN] 15:17:25.336068 シナリオ走行を終了しました [シナリオ名: ログイン]
[ADMIN] 15:17:25.336077 シナリオ走行を開始しました [シナリオ名: ログイン]
[ADMIN] 15:17:25.336733 シナリオ走行を終了しました [シナリオ名: ログイン]
[ADMIN] 15:17:25.336742 シナリオ走行を開始しました [シナリオ名: ログイン]
[ADMIN] 15:17:25.337308 シナリオ走行を終了しました [シナリオ名: ログイン]
[ADMIN] 15:17:25.337316 シナリオ走行を開始しました [シナリオ名: ログイン]
[ADMIN] 15:17:25.338089 シナリオ走行を終了しました [シナリオ名: ログイン]
[ADMIN] 15:17:25.338098 シナリオ走行を開始しました [シナリオ名: ログイン]
[ADMIN] 15:17:25.338590 シナリオ走行を終了しました [シナリオ名: ログイン]
[ADMIN] 15:17:25.338598 シナリオ走行を開始しました [シナリオ名: ログイン]
[ADMIN] 15:17:25.339542 シナリオ走行を終了しました [シナリオ名: ログイン]
[ADMIN] 15:17:25.339550 シナリオ走行を開始しました [シナリオ名: ログイン]
[ADMIN] 15:17:25.340003 シナリオ走行を終了しました [シナリオ名: ログイン]
[ADMIN] 15:17:25.340013 シナリオ走行を開始しました [シナリオ名: ログイン]
[ADMIN] 15:17:25.340872 シナリオ走行を終了しました [シナリオ名: ログイン]
[ADMIN] 15:17:25.340882 シナリオ走行を開始しました [シナリオ名: ログイン]
[ADMIN] 15:17:25.341326 シナリオ走行を終了しました [シナリオ名: ログイン]
[ADMIN] 15:17:25.341333 シナリオ走行を開始しました [シナリオ名: ログイン]
[ADMIN] 15:17:25.342036 シナリオ走行を終了しました [シナリオ名: ログイン]
[ADMIN] 15:17:25.342045 シナリオ走行を開始しました [シナリオ名: ログイン]
[ADMIN] 15:17:25.342594 シナリオ走行を終了しました [シナリオ名: ログイン]
[ADMIN] 15:17:25.342601 シナリオ走行を開始しました [シナリオ名: ログイン]
[ADMIN] 15:17:25.344027 シナリオ走行を終了しました [シナリオ名: ログイン]
[ADMIN] 15:17:25.344036 シナリオ走行を開始しました [シナリオ名: ログイン]
[ADMIN] 15:17:25.344411 シナリオ走行を終了しました [シナリオ名: ログイン]
[ADMIN] 15:17:25.344419 シナリオ走行を開始しました [シナリオ名: ログイン]
[ADMIN] 15:17:25.345189 シナリオ走行を終了しました [シナリオ名: ログイン]
[ADMIN] 15:17:25.345199 シナリオ走行を開始しました [シナリオ名: ログイン]
[ADMIN] 15:17:25.345835 シナリオ走行を終了しました [シナリオ名: ログイン]
[ADMIN] 15:17:25.345842 シナリオ走行を開始しました [シナリオ名: ログイン]
[ADMIN] 15:17:25.346411 シナリオ走行を終了しました [シナリオ名: ログイン]
[ADMIN] 15:17:25.346419 シナリオ走行を開始しました [シナリオ名: ログイン]
[ADMIN] 15:17:25.347052 シナリオ走行を終了しました [シナリオ名: ログイン]
[ADMIN] 15:17:25.347061 シナリオ走行を開始しました [シナリオ名: ログイン]
[ADMIN] 15:17:25.348015 シナリオ走行を終了しました [シナリオ名: ログイン]
[ADMIN] 15:17:25.348023 シナリオ走行を開始しました [シナリオ名: ログイン]
[ADMIN] 15:17:25.348417 シナリオ走行を終了しました [シナリオ名: ログイン]
[ADMIN] 15:17:25.348426 シナリオ走行を開始しました [シナリオ名: ログイン]
[ADMIN] 15:17:25.349101 シナリオ走行を終了しました [シナリオ名: ログイン]
[ADMIN] 15:17:25.349111 シナリオ走行を開始しました [シナリオ名: ログイン]
[ADMIN] 15:17:25.349997 シナリオ走行を終了しました [シナリオ名: ログイン]
[ADMIN] 15:17:25.350006 シナリオ走行を開始しました [シナリオ名: ログイン]
[ADMIN] 15:17:25.350571 シナリオ走行を終了しました [シナリオ名: ログイン]
[ADMIN] 15:17:25.350579 シナリオ走行を開始しました [シナリオ名: ログイン]
[ADMIN] 15:17:25.351492 シナリオ走行を終了しました [シナリオ名: ログイン]
[ADMIN] 15:17:25.351501 シナリオ走行を開始しました [シナリオ名: ログイン]
[ADMIN] 15:17:25.351878 シナリオ走行を終了しました [シナリオ名: ログイン]
[ADMIN] 15:17:25.351886 シナリオ走行を開始しました [シナリオ名: ログイン]
[ADMIN] 15:17:25.352482 シナリオ走行を終了しました [シナリオ名: ログイン]
[ADMIN] 15:17:25.352490 シナリオ走行を開始しました [シナリオ名: ログイン]
[ADMIN] 15:17:25.353943 シナリオ走行を終了しました [シナリオ名: ログイン]
[ADMIN] 15:17:25.353952 シナリオ走行を開始しました [シナリオ名: ログイン]
[ADMIN] 15:17:25.354337 シナリオ走行を終了しました [シナリオ名: ログイン]
[ADMIN] 15:17:25.354345 シナリオ走行を開始しました [シナリオ名: ログイン]
[ADMIN] 15:17:25.354745 シナリオ走行を終了しました [シナリオ名: ログイン]
[ADMIN] 15:17:25.354761 シナリオ走行を開始しました [シナリオ名: ログイン]
[ADMIN] 15:17:25.355744 シナリオ走行を終了しました [シナリオ名: ログイン]
[ADMIN] 15:17:25.355751 シナリオ走行を開始しました [シナリオ名: ログイン]
[ADMIN] 15:17:25.356118 シナリオ走行を終了しました [シナリオ名: ログイン]
[ADMIN] 15:17:25.356126 シナリオ走行を開始しました [シナリオ名: ログイン]
[ADMIN] 15:17:25.356818 シナリオ走行を終了しました [シナリオ名: ログイン]
[ADMIN] 15:17:25.356827 シナリオ走行を開始しました [シナリオ名: ログイン]
[ADMIN] 15:17:25.357390 シナリオ走行を終了しました [シナリオ名: ログイン]
[ADMIN] 15:17:25.357398 シナリオ走行を開始しました [シナリオ名: ログイン]
[ADMIN] 15:17:25.358047 シナリオ走行を終了しました [シナリオ名: ログイン]
[ADMIN] 15:17:25.358056 シナリオ走行を開始しました [シナリオ名: ログイン]
[ADMIN] 15:17:25.358704 シナリオ走行を終了しました [シナリオ名: ログイン]
[ADMIN] 15:17:25.358717 シナリオ走行を開始しました [シナリオ名: ログイン]
[ADMIN] 15:17:25.359753 シナリオ走行を終了しました [シナリオ名: ログイン]
[ADMIN] 15:17:25.359763 シナリオ走行を開始しました [シナリオ名: ログイン]
[ADMIN] 15:17:25.360160 シナリオ走行を終了しました [シナリオ名: ログイン]
[ADMIN] 15:17:25.360167 シナリオ走行を開始しました [シナリオ名: ログイン]
[ADMIN] 15:17:25.360731 シナリオ走行を終了しました [シナリオ名: ログイン]
[ADMIN] 15:17:25.360738 シナリオ走行を開始しました [シナリオ名: ログイン]
[ADMIN] 15:17:25.361390 シナリオ走行を終了しました [シナリオ名: ログイン]
[ADMIN] 15:17:25.361397 シナリオ走行を開始しました [シナリオ名: ログイン]
[ADMIN] 15:17:25.361989 シナリオ走行を終了しました [シナリオ名: ログイン]
[ADMIN] 15:17:25.361998 シナリオ走行を開始しました [シナリオ名: ログイン]
[ADMIN] 15:17:25.362665 シナリオ走行を終了しました [シナリオ名: ログイン]
[ADMIN] 15:17:25.362673 シナリオ走行を開始しました [シナリオ名: ログイン]
[ADMIN] 15:17:25.363984 シナリオ走行を終了しました [シナリオ名: ログイン]
[ADMIN] 15:17:25.363993 シナリオ走行を開始しました [シナリオ名: ログイン]
[ADMIN] 15:17:25.364396 シナリオ走行を終了しました [シナリオ名: ログイン]
[ADMIN] 15:17:25.364404 シナリオ走行を開始しました [シナリオ名: ログイン]
[ADMIN] 15:17:25.365036 シナリオ走行を終了しました [シナリオ名: ログイン]
[ADMIN] 15:17:25.365044 シナリオ走行を開始しました [シナリオ名: ログイン]
[ADMIN] 15:17:25.365609 シナリオ走行を終了しました [シナリオ名: ログイン]
[ADMIN] 15:17:25.365618 シナリオ走行を開始しました [シナリオ名: ログイン]
[ADMIN] 15:17:25.366269 シナリオ走行を終了しました [シナリオ名: ログイン]
[ADMIN] 15:17:25.366277 シナリオ走行を開始しました [シナリオ名: ログイン]
[ADMIN] 15:17:25.366878 シナリオ走行を終了しました [シナリオ名: ログイン]
[ADMIN] 15:17:25.366887 シナリオ走行を開始しました [シナリオ名: ログイン]
[ADMIN] 15:17:25.367579 シナリオ走行を終了しました [シナリオ名: ログイン]
[ADMIN] 15:17:25.367586 シナリオ走行を開始しました [シナリオ名: ログイン]
[ADMIN] 15:17:25.368390 シナリオ走行を終了しました [シナリオ名: ログイン]
[ADMIN] 15:17:25.368398 シナリオ走行を開始しました [シナリオ名: ログイン]
[ADMIN] 15:17:25.369029 シナリオ走行を終了しました [シナリオ名: ログイン]
[ADMIN] 15:17:25.369036 シナリオ走行を開始しました [シナリオ名: ログイン]
[ADMIN] 15:17:25.369970 シナリオ走行を終了しました [シナリオ名: ログイン]
[ADMIN] 15:17:25.369978 シナリオ走行を開始しました [シナリオ名: ログイン]
[ADMIN] 15:17:25.370754 シナリオ走行を終了しました [シナリオ名: ログイン]
[ADMIN] 15:17:25.370762 シナリオ走行を開始しました [シナリオ名: ログイン]
[ADMIN] 15:17:25.372902 シナリオ走行を終了しました [シナリオ名: ログイン]
[ADMIN] 15:17:25.372911 シナリオ走行を開始しました [シナリオ名: ログイン]
[ADMIN] 15:17:25.374191 シナリオ走行を終了しました [シナリオ名: ログイン]
[ADMIN] 15:17:25.374200 シナリオ走行を開始しました [シナリオ名: ログイン]
[ADMIN] 15:17:25.374629 シナリオ走行を終了しました [シナリオ名: ログイン]
[ADMIN] 15:17:25.374639 シナリオ走行を開始しました [シナリオ名: ログイン]
[ADMIN] 15:17:25.375410 シナリオ走行を終了しました [シナリオ名: ログイン]
[ADMIN] 15:17:25.375419 シナリオ走行を開始しました [シナリオ名: ログイン]
[ADMIN] 15:17:25.376084 シナリオ走行を終了しました [シナリオ名: ログイン]
[ADMIN] 15:17:25.376093 シナリオ走行を開始しました [シナリオ名: ログイン]
[ADMIN] 15:17:25.377345 シナリオ走行を終了しました [シナリオ名: ログイン]
[ADMIN] 15:17:25.377352 シナリオ走行を開始しました [シナリオ名: ログイン]
[ADMIN] 15:17:25.377835 シナリオ走行を終了しました [シナリオ名: ログイン]
[ADMIN] 15:17:25.377844 シナリオ走行を開始しました [シナリオ名: ログイン]
[ADMIN] 15:17:25.378499 シナリオ走行を終了しました [シナリオ名: ログイン]
[ADMIN] 15:17:25.378508 シナリオ走行を開始しました [シナリオ名: ログイン]
[ADMIN] 15:17:25.379098 シナリオ走行を終了しました [シナリオ名: ログイン]
[ADMIN] 15:17:25.379108 シナリオ走行を開始しました [シナリオ名: ログイン]
[ADMIN] 15:17:25.379693 シナリオ走行を終了しました [シナリオ名: ログイン]
[ADMIN] 15:17:25.379704 シナリオ走行を開始しました [シナリオ名: ログイン]
[ADMIN] 15:17:25.380501 シナリオ走行を終了しました [シナリオ名: ログイン]
[ADMIN] 15:17:25.380509 シナリオ走行を開始しました [シナリオ名: ログイン]
[ADMIN] 15:17:25.380871 シナリオ走行を終了しました [シナリオ名: ログイン]
[ADMIN] 15:17:25.380884 シナリオ走行を開始しました [シナリオ名: ログイン]
[ADMIN] 15:17:25.381547 シナリオ走行を終了しました [シナリオ名: ログイン]
[ADMIN] 15:17:25.381555 シナリオ走行を開始しました [シナリオ名: ログイン]
[ADMIN] 15:17:25.382144 シナリオ走行を終了しました [シナリオ名: ログイン]
[ADMIN] 15:17:25.382154 シナリオ走行を開始しました [シナリオ名: ログイン]
[ADMIN] 15:17:25.382799 シナリオ走行を終了しました [シナリオ名: ログイン]
[ADMIN] 15:17:25.382807 シナリオ走行を開始しました [シナリオ名: ログイン]
[ADMIN] 15:17:25.384305 シナリオ走行を終了しました [シナリオ名: ログイン]
[ADMIN] 15:17:25.384313 シナリオ走行を開始しました [シナリオ名: ログイン]
[ADMIN] 15:17:25.384712 シナリオ走行を終了しました [シナリオ名: ログイン]
[ADMIN] 15:17:25.384721 シナリオ走行を開始しました [シナリオ名: ログイン]
[ADMIN] 15:17:25.385334 シナリオ走行を終了しました [シナリオ名: ログイン]
[ADMIN] 15:17:25.385342 シナリオ走行を開始しました [シナリオ名: ログイン]
[ADMIN] 15:17:25.386022 シナリオ走行を終了しました [シナリオ名: ログイン]
[ADMIN] 15:17:25.386032 シナリオ走行を開始しました [シナリオ名: ログイン]
[ADMIN] 15:17:25.387256 シナリオ走行を終了しました [シナリオ名: ログイン]
[ADMIN] 15:17:25.387270 シナリオ走行を開始しました [シナリオ名: ログイン]
[ADMIN] 15:17:25.387643 シナリオ走行を終了しました [シナリオ名: ログイン]
[ADMIN] 15:17:25.387652 シナリオ走行を開始しました [シナリオ名: ログイン]
[ADMIN] 15:17:25.388294 シナリオ走行を終了しました [シナリオ名: ログイン]
[ADMIN] 15:17:25.388303 シナリオ走行を開始しました [シナリオ名: ログイン]
[ADMIN] 15:17:25.388930 シナリオ走行を終了しました [シナリオ名: ログイン]
[ADMIN] 15:17:25.388938 シナリオ走行を開始しました [シナリオ名: ログイン]
[ADMIN] 15:17:25.389906 シナリオ走行を終了しました [シナリオ名: ログイン]
[ADMIN] 15:17:25.389913 シナリオ走行を開始しました [シナリオ名: ログイン]
[ADMIN] 15:17:25.390327 シナリオ走行を終了しました [シナリオ名: ログイン]
[ADMIN] 15:17:25.390335 シナリオ走行を開始しました [シナリオ名: ログイン]
[ADMIN] 15:17:25.391424 シナリオ走行を終了しました [シナリオ名: ログイン]
[ADMIN] 15:17:25.391432 シナリオ走行を開始しました [シナリオ名: ログイン]
[ADMIN] 15:17:25.391715 シナリオ走行を終了しました [シナリオ名: ログイン]
[ADMIN] 15:17:25.391723 シナリオ走行を開始しました [シナリオ名: ログイン]
[ADMIN] 15:17:25.392172 シナリオ走行を終了しました [シナリオ名: ログイン]
[ADMIN] 15:17:25.392181 シナリオ走行を開始しました [シナリオ名: ログイン]
[ADMIN] 15:17:25.392809 シナリオ走行を終了しました [シナリオ名: ログイン]
[ADMIN] 15:17:25.392818 シナリオ走行を開始しました [シナリオ名: ログイン]
[ADMIN] 15:17:25.394240 シナリオ走行を終了しました [シナリオ名: ログイン]
[ADMIN] 15:17:25.394246 シナリオ走行を開始しました [シナリオ名: ログイン]
[ADMIN] 15:17:25.394662 シナリオ走行を終了しました [シナリオ名: ログイン]
[ADMIN] 15:17:25.394671 シナリオ走行を開始しました [シナリオ名: ログイン]
[ADMIN] 15:17:25.395705 シナリオ走行を終了しました [シナリオ名: ログイン]
[ADMIN] 15:17:25.395726 シナリオ走行を開始しました [シナリオ名: ログイン]
[ADMIN] 15:17:25.395864 シナリオ走行を終了しました [シナリオ名: ログイン]
[ADMIN] 15:17:25.395872 シナリオ走行を開始しました [シナリオ名: ログイン]
[ADMIN] 15:17:25.397417 シナリオ走行を終了しました [シナリオ名: ログイン]
[ADMIN] 15:17:25.397424 シナリオ走行を開始しました [シナリオ名: ログイン]
[ADMIN] 15:17:25.401595 シナリオ走行を終了しました [シナリオ名: ログイン]
[ADMIN] 15:17:25.401605 シナリオ走行を開始しました [シナリオ名: ログイン]
[ADMIN] 15:17:25.402275 シナリオ走行を終了しました [シナリオ名: ログイン]
[ADMIN] 15:17:25.402285 シナリオ走行を開始しました [シナリオ名: ログイン]
[ADMIN] 15:17:25.404914 シナリオ走行を終了しました [シナリオ名: ログイン]
[ADMIN] 15:17:25.404924 シナリオ走行を開始しました [シナリオ名: ログイン]
[ADMIN] 15:17:25.406828 シナリオ走行を終了しました [シナリオ名: ログイン]
[ADMIN] 15:17:25.406837 シナリオ走行を開始しました [シナリオ名: ログイン]
[ADMIN] 15:17:25.407227 シナリオ走行を終了しました [シナリオ名: ログイン]
[ADMIN] 15:17:25.407234 シナリオ走行を開始しました [シナリオ名: ログイン]
[ADMIN] 15:17:25.407632 シナリオ走行を終了しました [シナリオ名: ログイン]
[ADMIN] 15:17:25.407641 シナリオ走行を開始しました [シナリオ名: ログイン]
[ADMIN] 15:17:25.408725 シナリオ走行を終了しました [シナリオ名: ログイン]
[ADMIN] 15:17:25.408734 シナリオ走行を開始しました [シナリオ名: ログイン]
[ADMIN] 15:17:25.409135 シナリオ走行を終了しました [シナリオ名: ログイン]
[ADMIN] 15:17:25.409143 シナリオ走行を開始しました [シナリオ名: ログイン]
[ADMIN] 15:17:25.409925 シナリオ走行を終了しました [シナリオ名: ログイン]
[ADMIN] 15:17:25.409931 シナリオ走行を開始しました [シナリオ名: ログイン]
[ADMIN] 15:17:25.410665 シナリオ走行を終了しました [シナリオ名: ログイン]
[ADMIN] 15:17:25.410674 シナリオ走行を開始しました [シナリオ名: ログイン]
[ADMIN] 15:17:25.411313 シナリオ走行を終了しました [シナリオ名: ログイン]
[ADMIN] 15:17:25.411323 シナリオ走行を開始しました [シナリオ名: ログイン]
[ADMIN] 15:17:25.412206 シナリオ走行を終了しました [シナリオ名: ログイン]
[ADMIN] 15:17:25.412214 シナリオ走行を開始しました [シナリオ名: ログイン]
[ADMIN] 15:17:25.412899 シナリオ走行を終了しました [シナリオ名: ログイン]
[ADMIN] 15:17:25.412907 シナリオ走行を開始しました [シナリオ名: ログイン]
[ADMIN] 15:17:25.414884 シナリオ走行を終了しました [シナリオ名: ログイン]
[ADMIN] 15:17:25.414894 シナリオ走行を開始しました [シナリオ名: ログイン]
[ADMIN] 15:17:25.415309 シナリオ走行を終了しました [シナリオ名: ログイン]
[ADMIN] 15:17:25.415317 シナリオ走行を開始しました [シナリオ名: ログイン]
[ADMIN] 15:17:25.415980 シナリオ走行を終了しました [シナリオ名: ログイン]
[ADMIN] 15:17:25.415989 シナリオ走行を開始しました [シナリオ名: ログイン]
[ADMIN] 15:17:25.416560 シナリオ走行を終了しました [シナリオ名: ログイン]
[ADMIN] 15:17:25.416568 シナリオ走行を開始しました [シナリオ名: ログイン]
[ADMIN] 15:17:25.417284 シナリオ走行を終了しました [シナリオ名: ログイン]
[ADMIN] 15:17:25.417292 シナリオ走行を開始しました [シナリオ名: ログイン]
[ADMIN] 15:17:25.417997 シナリオ走行を終了しました [シナリオ名: ログイン]
[ADMIN] 15:17:25.418008 シナリオ走行を開始しました [シナリオ名: ログイン]
[ADMIN] 15:17:25.418710 シナリオ走行を終了しました [シナリオ名: ログイン]
[ADMIN] 15:17:25.418719 シナリオ走行を開始しました [シナリオ名: ログイン]
[ADMIN] 15:17:25.419552 シナリオ走行を終了しました [シナリオ名: ログイン]
[ADMIN] 15:17:25.419561 シナリオ走行を開始しました [シナリオ名: ログイン]
[ADMIN] 15:17:25.419995 シナリオ走行を終了しました [シナリオ名: ログイン]
[ADMIN] 15:17:25.420003 シナリオ走行を開始しました [シナリオ名: ログイン]
[ADMIN] 15:17:25.420874 シナリオ走行を終了しました [シナリオ名: ログイン]
[ADMIN] 15:17:25.420883 シナリオ走行を開始しました [シナリオ名: ログイン]
[ADMIN] 15:17:25.421327 シナリオ走行を終了しました [シナリオ名: ログイン]
[ADMIN] 15:17:25.421335 シナリオ走行を開始しました [シナリオ名: ログイン]
[ADMIN] 15:17:25.422001 シナリオ走行を終了しました [シナリオ名: ログイン]
[ADMIN] 15:17:25.422010 シナリオ走行を開始しました [シナリオ名: ログイン]
[ADMIN] 15:17:25.422570 シナリオ走行を終了しました [シナリオ名: ログイン]
[ADMIN] 15:17:25.422579 シナリオ走行を開始しました [シナリオ名: ログイン]
[ADMIN] 15:17:25.423233 シナリオ走行を終了しました [シナリオ名: ログイン]
[ADMIN] 15:17:25.423242 シナリオ走行を開始しました [シナリオ名: ログイン]
[ADMIN] 15:17:25.424319 シナリオ走行を終了しました [シナリオ名: ログイン]
[ADMIN] 15:17:25.424327 シナリオ走行を開始しました [シナリオ名: ログイン]
[ADMIN] 15:17:25.425111 シナリオ走行を終了しました [シナリオ名: ログイン]
[ADMIN] 15:17:25.425119 シナリオ走行を開始しました [シナリオ名: ログイン]
[ADMIN] 15:17:25.428190 シナリオ走行を終了しました [シナリオ名: Banユーザログイン]
[ADMIN] 15:17:25.428200 シナリオ走行を開始しました [シナリオ名: Banユーザログイン]
[ADMIN] 15:17:25.428288 シナリオ走行を終了しました [シナリオ名: ログイン]
[ADMIN] 15:17:25.428298 シナリオ走行を開始しました [シナリオ名: ログイン]
[ADMIN] 15:17:25.430134 シナリオ走行を終了しました [シナリオ名: ログイン]
[ADMIN] 15:17:25.430143 シナリオ走行を開始しました [シナリオ名: ログイン]
[ADMIN] 15:17:25.430709 シナリオ走行を終了しました [シナリオ名: ログイン]
[ADMIN] 15:17:25.430717 シナリオ走行を開始しました [シナリオ名: ログイン]
[ADMIN] 15:17:25.430756 シナリオ走行を終了しました [シナリオ名: ログイン]
[ADMIN] 15:17:25.430763 シナリオ走行を開始しました [シナリオ名: ログイン]
[ADMIN] 15:17:25.437329 シナリオ走行を終了しました [シナリオ名: ログイン]
[ADMIN] 15:17:25.437338 シナリオ走行を開始しました [シナリオ名: ログイン]
[ADMIN] 15:17:25.437771 シナリオ走行を終了しました [シナリオ名: ログイン]
[ADMIN] 15:17:25.437779 シナリオ走行を開始しました [シナリオ名: ログイン]
[ADMIN] 15:17:25.438452 シナリオ走行を終了しました [シナリオ名: ログイン]
[ADMIN] 15:17:25.438460 シナリオ走行を開始しました [シナリオ名: ログイン]
[ADMIN] 15:17:25.439167 シナリオ走行を終了しました [シナリオ名: ログイン]
[ADMIN] 15:17:25.439175 シナリオ走行を開始しました [シナリオ名: ログイン]
[ADMIN] 15:17:25.439657 シナリオ走行を終了しました [シナリオ名: ログイン]
[ADMIN] 15:17:25.439665 シナリオ走行を開始しました [シナリオ名: ログイン]
[ADMIN] 15:17:25.440247 シナリオ走行を終了しました [シナリオ名: ログイン]
[ADMIN] 15:17:25.440255 シナリオ走行を開始しました [シナリオ名: ログイン]
[ADMIN] 15:17:25.442336 シナリオ走行を終了しました [シナリオ名: ログイン]
[ADMIN] 15:17:25.442343 シナリオ走行を開始しました [シナリオ名: ログイン]
[ADMIN] 15:17:25.442738 シナリオ走行を終了しました [シナリオ名: ログイン]
[ADMIN] 15:17:25.442745 シナリオ走行を開始しました [シナリオ名: ログイン]
[ADMIN] 15:17:25.443138 シナリオ走行を終了しました [シナリオ名: ログイン]
[ADMIN] 15:17:25.443148 シナリオ走行を開始しました [シナリオ名: ログイン]
[ADMIN] 15:17:25.444568 シナリオ走行を終了しました [シナリオ名: ログイン]
[ADMIN] 15:17:25.444577 シナリオ走行を開始しました [シナリオ名: ログイン]
[ADMIN] 15:17:25.444954 シナリオ走行を終了しました [シナリオ名: ログイン]
[ADMIN] 15:17:25.444963 シナリオ走行を開始しました [シナリオ名: ログイン]
[ADMIN] 15:17:25.445613 シナリオ走行を終了しました [シナリオ名: ログイン]
[ADMIN] 15:17:25.445622 シナリオ走行を開始しました [シナリオ名: ログイン]
[ADMIN] 15:17:25.446211 シナリオ走行を終了しました [シナリオ名: ログイン]
[ADMIN] 15:17:25.446219 シナリオ走行を開始しました [シナリオ名: ログイン]
[ADMIN] 15:17:25.447909 シナリオ走行を終了しました [シナリオ名: ログイン]
[ADMIN] 15:17:25.447918 シナリオ走行を開始しました [シナリオ名: ログイン]
[ADMIN] 15:17:25.448274 シナリオ走行を終了しました [シナリオ名: ログイン]
[ADMIN] 15:17:25.448282 シナリオ走行を開始しました [シナリオ名: ログイン]
[ADMIN] 15:17:25.448933 シナリオ走行を終了しました [シナリオ名: ログイン]
[ADMIN] 15:17:25.448942 シナリオ走行を開始しました [シナリオ名: ログイン]
[ADMIN] 15:17:25.449507 シナリオ走行を終了しました [シナリオ名: ログイン]
[ADMIN] 15:17:25.449515 シナリオ走行を開始しました [シナリオ名: ログイン]
[ADMIN] 15:17:25.451827 シナリオ走行を終了しました [シナリオ名: ログイン]
[ADMIN] 15:17:25.451836 シナリオ走行を開始しました [シナリオ名: ログイン]
[ADMIN] 15:17:25.452192 シナリオ走行を終了しました [シナリオ名: ログイン]
[ADMIN] 15:17:25.452200 シナリオ走行を開始しました [シナリオ名: ログイン]
[ADMIN] 15:17:25.452591 シナリオ走行を終了しました [シナリオ名: ログイン]
[ADMIN] 15:17:25.452598 シナリオ走行を開始しました [シナリオ名: ログイン]
[ADMIN] 15:17:25.453413 シナリオ走行を終了しました [シナリオ名: ログイン]
[ADMIN] 15:17:25.453422 シナリオ走行を開始しました [シナリオ名: ログイン]
[ADMIN] 15:17:25.453797 シナリオ走行を終了しました [シナリオ名: ログイン]
[ADMIN] 15:17:25.453807 シナリオ走行を開始しました [シナリオ名: ログイン]
[ADMIN] 15:17:25.455031 シナリオ走行を終了しました [シナリオ名: ログイン]
[ADMIN] 15:17:25.455042 シナリオ走行を開始しました [シナリオ名: ログイン]
[ADMIN] 15:17:25.455383 シナリオ走行を終了しました [シナリオ名: ログイン]
[ADMIN] 15:17:25.455393 シナリオ走行を開始しました [シナリオ名: ログイン]
[ADMIN] 15:17:25.455768 シナリオ走行を終了しました [シナリオ名: ログイン]
[ADMIN] 15:17:25.455775 シナリオ走行を開始しました [シナリオ名: ログイン]
[ADMIN] 15:17:25.456405 シナリオ走行を終了しました [シナリオ名: ログイン]
[ADMIN] 15:17:25.456413 シナリオ走行を開始しました [シナリオ名: ログイン]
[ADMIN] 15:17:25.456938 シナリオ走行を終了しました [シナリオ名: ログイン]
[ADMIN] 15:17:25.456949 シナリオ走行を開始しました [シナリオ名: ログイン]
[ADMIN] 15:17:25.469821 シナリオ走行を終了しました [シナリオ名: ログイン]
[ADMIN] 15:17:25.469830 シナリオ走行を開始しました [シナリオ名: ログイン]
[ADMIN] 15:17:25.470166 シナリオ走行を終了しました [シナリオ名: ログイン]
[ADMIN] 15:17:25.470175 シナリオ走行を開始しました [シナリオ名: ログイン]
[ADMIN] 15:17:25.470574 シナリオ走行を終了しました [シナリオ名: ログイン]
[ADMIN] 15:17:25.470583 シナリオ走行を開始しました [シナリオ名: ログイン]
[ADMIN] 15:17:25.475352 シナリオ走行を終了しました [シナリオ名: ログイン]
[ADMIN] 15:17:25.475361 シナリオ走行を開始しました [シナリオ名: ログイン]
[ADMIN] 15:17:25.475718 シナリオ走行を終了しました [シナリオ名: ログイン]
[ADMIN] 15:17:25.475734 シナリオ走行を開始しました [シナリオ名: ログイン]
[ADMIN] 15:17:25.476079 シナリオ走行を終了しました [シナリオ名: ログイン]
[ADMIN] 15:17:25.476086 シナリオ走行を開始しました [シナリオ名: ログイン]
[ADMIN] 15:17:25.478106 シナリオ走行を終了しました [シナリオ名: ログイン]
[ADMIN] 15:17:25.478114 シナリオ走行を開始しました [シナリオ名: ログイン]
[ADMIN] 15:17:25.478450 シナリオ走行を終了しました [シナリオ名: ログイン]
[ADMIN] 15:17:25.478464 シナリオ走行を開始しました [シナリオ名: ログイン]
[ADMIN] 15:17:25.478782 シナリオ走行を終了しました [シナリオ名: ログイン]
[ADMIN] 15:17:25.478817 シナリオ走行を開始しました [シナリオ名: ログイン]
[ADMIN] 15:17:25.479456 シナリオ走行を終了しました [シナリオ名: ログイン]
[ADMIN] 15:17:25.479465 シナリオ走行を開始しました [シナリオ名: ログイン]
[ADMIN] 15:17:25.480806 シナリオ走行を終了しました [シナリオ名: ログイン]
[ADMIN] 15:17:25.480814 シナリオ走行を開始しました [シナリオ名: ログイン]
[ADMIN] 15:17:25.481249 シナリオ走行を終了しました [シナリオ名: ログイン]
[ADMIN] 15:17:25.481257 シナリオ走行を開始しました [シナリオ名: ログイン]
[ADMIN] 15:17:25.481697 シナリオ走行を終了しました [シナリオ名: ログイン]
[ADMIN] 15:17:25.481705 シナリオ走行を開始しました [シナリオ名: ログイン]
[ADMIN] 15:17:25.482277 シナリオ走行を終了しました [シナリオ名: ログイン]
[ADMIN] 15:17:25.482286 シナリオ走行を開始しました [シナリオ名: ログイン]
[ADMIN] 15:17:25.482937 シナリオ走行を終了しました [シナリオ名: ログイン]
[ADMIN] 15:17:25.482947 シナリオ走行を開始しました [シナリオ名: ログイン]
[ADMIN] 15:17:25.483272 シナリオ走行を終了しました [シナリオ名: ログイン]
[ADMIN] 15:17:25.483280 シナリオ走行を開始しました [シナリオ名: ログイン]
[ADMIN] 15:17:25.483844 シナリオ走行を終了しました [シナリオ名: ログイン]
[ADMIN] 15:17:25.483852 シナリオ走行を開始しました [シナリオ名: ログイン]
[ADMIN] 15:17:25.486073 シナリオ走行を終了しました [シナリオ名: ログイン]
[ADMIN] 15:17:25.486082 シナリオ走行を開始しました [シナリオ名: ログイン]
[ADMIN] 15:17:25.486438 シナリオ走行を終了しました [シナリオ名: ログイン]
[ADMIN] 15:17:25.486447 シナリオ走行を開始しました [シナリオ名: ログイン]
[ADMIN] 15:17:25.486787 シナリオ走行を終了しました [シナリオ名: ログイン]
[ADMIN] 15:17:25.486796 シナリオ走行を開始しました [シナリオ名: ログイン]
[ADMIN] 15:17:25.487538 シナリオ走行を終了しました [シナリオ名: ログイン]
[ADMIN] 15:17:25.487546 シナリオ走行を開始しました [シナリオ名: ログイン]
[ADMIN] 15:17:25.488017 シナリオ走行を終了しました [シナリオ名: ログイン]
[ADMIN] 15:17:25.488025 シナリオ走行を開始しました [シナリオ名: ログイン]
[ADMIN] 15:17:25.488687 シナリオ走行を終了しました [シナリオ名: ログイン]
[ADMIN] 15:17:25.488695 シナリオ走行を開始しました [シナリオ名: ログイン]
[ADMIN] 15:17:25.489191 シナリオ走行を終了しました [シナリオ名: ログイン]
[ADMIN] 15:17:25.489199 シナリオ走行を開始しました [シナリオ名: ログイン]
[ADMIN] 15:17:25.489629 シナリオ走行を終了しました [シナリオ名: ログイン]
[ADMIN] 15:17:25.489639 シナリオ走行を開始しました [シナリオ名: ログイン]
[ADMIN] 15:17:25.490637 シナリオ走行を終了しました [シナリオ名: ログイン]
[ADMIN] 15:17:25.490645 シナリオ走行を開始しました [シナリオ名: ログイン]
[ADMIN] 15:17:25.492005 シナリオ走行を終了しました [シナリオ名: ログイン]
[ADMIN] 15:17:25.492014 シナリオ走行を開始しました [シナリオ名: ログイン]
[ADMIN] 15:17:25.492392 シナリオ走行を終了しました [シナリオ名: ログイン]
[ADMIN] 15:17:25.492400 シナリオ走行を開始しました [シナリオ名: ログイン]
[ADMIN] 15:17:25.492723 シナリオ走行を終了しました [シナリオ名: ログイン]
[ADMIN] 15:17:25.492732 シナリオ走行を開始しました [シナリオ名: ログイン]
[ADMIN] 15:17:25.493376 シナリオ走行を終了しました [シナリオ名: ログイン]
[ADMIN] 15:17:25.493382 シナリオ走行を開始しました [シナリオ名: ログイン]
[ADMIN] 15:17:25.493875 シナリオ走行を終了しました [シナリオ名: ログイン]
[ADMIN] 15:17:25.493883 シナリオ走行を開始しました [シナリオ名: ログイン]
[ADMIN] 15:17:25.495122 シナリオ走行を終了しました [シナリオ名: ログイン]
[ADMIN] 15:17:25.495130 シナリオ走行を開始しました [シナリオ名: ログイン]
[ADMIN] 15:17:25.495471 シナリオ走行を終了しました [シナリオ名: ログイン]
[ADMIN] 15:17:25.495481 シナリオ走行を開始しました [シナリオ名: ログイン]
[ADMIN] 15:17:25.495841 シナリオ走行を終了しました [シナリオ名: ログイン]
[ADMIN] 15:17:25.495849 シナリオ走行を開始しました [シナリオ名: ログイン]
[ADMIN] 15:17:25.496503 シナリオ走行を終了しました [シナリオ名: ログイン]
[ADMIN] 15:17:25.496513 シナリオ走行を開始しました [シナリオ名: ログイン]
[ADMIN] 15:17:25.497013 シナリオ走行を終了しました [シナリオ名: ログイン]
[ADMIN] 15:17:25.497021 シナリオ走行を開始しました [シナリオ名: ログイン]
[ADMIN] 15:17:25.498343 シナリオ走行を終了しました [シナリオ名: ログイン]
[ADMIN] 15:17:25.498350 シナリオ走行を開始しました [シナリオ名: ログイン]
[ADMIN] 15:17:25.498694 シナリオ走行を終了しました [シナリオ名: ログイン]
[ADMIN] 15:17:25.498704 シナリオ走行を開始しました [シナリオ名: ログイン]
[ADMIN] 15:17:25.499038 シナリオ走行を終了しました [シナリオ名: ログイン]
[ADMIN] 15:17:25.499052 シナリオ走行を開始しました [シナリオ名: ログイン]
[ADMIN] 15:17:25.499723 シナリオ走行を終了しました [シナリオ名: ログイン]
[ADMIN] 15:17:25.499736 シナリオ走行を開始しました [シナリオ名: ログイン]
[ADMIN] 15:17:25.500187 シナリオ走行を終了しました [シナリオ名: ログイン]
[ADMIN] 15:17:25.500196 シナリオ走行を開始しました [シナリオ名: ログイン]
[ADMIN] 15:17:25.500730 シナリオ走行を終了しました [シナリオ名: ログイン]
[ADMIN] 15:17:25.500738 シナリオ走行を開始しました [シナリオ名: ログイン]
[ADMIN] 15:17:25.501226 シナリオ走行を終了しました [シナリオ名: ログイン]
[ADMIN] 15:17:25.501234 シナリオ走行を開始しました [シナリオ名: ログイン]
[ADMIN] 15:17:25.501772 シナリオ走行を終了しました [シナリオ名: ログイン]
[ADMIN] 15:17:25.501781 シナリオ走行を開始しました [シナリオ名: ログイン]
[ADMIN] 15:17:25.502248 シナリオ走行を終了しました [シナリオ名: ログイン]
[ADMIN] 15:17:25.502257 シナリオ走行を開始しました [シナリオ名: ログイン]
[ADMIN] 15:17:25.502834 シナリオ走行を終了しました [シナリオ名: ログイン]
[ADMIN] 15:17:25.502843 シナリオ走行を開始しました [シナリオ名: ログイン]
[ADMIN] 15:17:25.503334 シナリオ走行を終了しました [シナリオ名: ログイン]
[ADMIN] 15:17:25.503342 シナリオ走行を開始しました [シナリオ名: ログイン]
[ADMIN] 15:17:25.503866 シナリオ走行を終了しました [シナリオ名: ログイン]
[ADMIN] 15:17:25.503874 シナリオ走行を開始しました [シナリオ名: ログイン]
[ADMIN] 15:17:25.505081 シナリオ走行を終了しました [シナリオ名: ログイン]
[ADMIN] 15:17:25.505090 シナリオ走行を開始しました [シナリオ名: ログイン]
[ADMIN] 15:17:25.505486 シナリオ走行を終了しました [シナリオ名: ログイン]
[ADMIN] 15:17:25.505494 シナリオ走行を開始しました [シナリオ名: ログイン]
[ADMIN] 15:17:25.505854 シナリオ走行を終了しました [シナリオ名: ログイン]
[ADMIN] 15:17:25.505864 シナリオ走行を開始しました [シナリオ名: ログイン]
[ADMIN] 15:17:25.506865 シナリオ走行を終了しました [シナリオ名: ログイン]
[ADMIN] 15:17:25.506874 シナリオ走行を開始しました [シナリオ名: ログイン]
[ADMIN] 15:17:25.507357 シナリオ走行を終了しました [シナリオ名: ログイン]
[ADMIN] 15:17:25.507365 シナリオ走行を開始しました [シナリオ名: ログイン]
[ADMIN] 15:17:25.519142 シナリオ走行を終了しました [シナリオ名: ログイン]
[ADMIN] 15:17:25.519159 シナリオ走行を開始しました [シナリオ名: ログイン]
[ADMIN] 15:17:25.519321 シナリオ走行を終了しました [シナリオ名: ログイン]
[ADMIN] 15:17:25.519328 シナリオ走行を終了しました [シナリオ名: ログイン]
[ADMIN] 15:17:25.519321 シナリオ走行を終了しました [シナリオ名: ログイン]
[ADMIN] 15:17:25.519335 シナリオ走行を開始しました [シナリオ名: ログイン]
[ADMIN] 15:17:25.519440 シナリオ走行を終了しました [シナリオ名: ログイン]
[ADMIN] 15:17:25.519483 シナリオ走行を開始しました [シナリオ名: ログイン]
[ADMIN] 15:17:25.519343 シナリオ走行を開始しました [シナリオ名: ログイン]
[ADMIN] 15:17:25.519348 シナリオ走行を開始しました [シナリオ名: ログイン]
[ADMIN] 15:17:25.521155 シナリオ走行を終了しました [シナリオ名: ログイン]
[ADMIN] 15:17:25.521207 シナリオ走行を開始しました [シナリオ名: ログイン]
[ADMIN] 15:17:25.521566 シナリオ走行を終了しました [シナリオ名: ログイン]
[ADMIN] 15:17:25.521580 シナリオ走行を開始しました [シナリオ名: ログイン]
[ADMIN] 15:17:25.521926 シナリオ走行を終了しました [シナリオ名: ログイン]
[ADMIN] 15:17:25.521942 シナリオ走行を開始しました [シナリオ名: ログイン]
[ADMIN] 15:17:25.522747 シナリオ走行を終了しました [シナリオ名: ログイン]
[ADMIN] 15:17:25.522761 シナリオ走行を開始しました [シナリオ名: ログイン]
[ADMIN] 15:17:25.523217 シナリオ走行を終了しました [シナリオ名: ログイン]
[ADMIN] 15:17:25.523237 シナリオ走行を開始しました [シナリオ名: ログイン]
[ADMIN] 15:17:25.523542 シナリオ走行を終了しました [シナリオ名: ログイン]
[ADMIN] 15:17:25.523559 シナリオ走行を開始しました [シナリオ名: ログイン]
[ADMIN] 15:17:25.524166 シナリオ走行を終了しました [シナリオ名: ログイン]
[ADMIN] 15:17:25.524180 シナリオ走行を開始しました [シナリオ名: ログイン]
[ADMIN] 15:17:25.525615 シナリオ走行を終了しました [シナリオ名: ログイン]
[ADMIN] 15:17:25.525696 シナリオ走行を開始しました [シナリオ名: ログイン]
[ADMIN] 15:17:25.525892 シナリオ走行を終了しました [シナリオ名: ログイン]
[ADMIN] 15:17:25.525901 シナリオ走行を開始しました [シナリオ名: ログイン]
[ADMIN] 15:17:25.526292 シナリオ走行を終了しました [シナリオ名: ログイン]
[ADMIN] 15:17:25.526301 シナリオ走行を開始しました [シナリオ名: ログイン]
[ADMIN] 15:17:25.527037 シナリオ走行を終了しました [シナリオ名: ログイン]
[ADMIN] 15:17:25.527046 シナリオ走行を開始しました [シナリオ名: ログイン]
[ADMIN] 15:17:25.527622 シナリオ走行を終了しました [シナリオ名: ログイン]
[ADMIN] 15:17:25.527630 シナリオ走行を開始しました [シナリオ名: ログイン]
[ADMIN] 15:17:25.528218 シナリオ走行を終了しました [シナリオ名: ログイン]
[ADMIN] 15:17:25.528228 シナリオ走行を開始しました [シナリオ名: ログイン]
[ADMIN] 15:17:25.531048 シナリオ走行を終了しました [シナリオ名: ログイン]
[ADMIN] 15:17:25.531058 シナリオ走行を開始しました [シナリオ名: ログイン]
[ADMIN] 15:17:25.531353 シナリオ走行を終了しました [シナリオ名: ログイン]
[ADMIN] 15:17:25.531362 シナリオ走行を開始しました [シナリオ名: ログイン]
[ADMIN] 15:17:25.531758 シナリオ走行を終了しました [シナリオ名: ログイン]
[ADMIN] 15:17:25.531766 シナリオ走行を開始しました [シナリオ名: ログイン]
[ADMIN] 15:17:25.532552 シナリオ走行を終了しました [シナリオ名: ログイン]
[ADMIN] 15:17:25.532562 シナリオ走行を開始しました [シナリオ名: ログイン]
[ADMIN] 15:17:25.533285 シナリオ走行を終了しました [シナリオ名: ログイン]
[ADMIN] 15:17:25.533294 シナリオ走行を開始しました [シナリオ名: ログイン]
[ADMIN] 15:17:25.533944 シナリオ走行を終了しました [シナリオ名: ログイン]
[ADMIN] 15:17:25.533952 シナリオ走行を開始しました [シナリオ名: ログイン]
[ADMIN] 15:17:25.534589 シナリオ走行を終了しました [シナリオ名: ログイン]
[ADMIN] 15:17:25.534596 シナリオ走行を開始しました [シナリオ名: ログイン]
[ADMIN] 15:17:25.535595 シナリオ走行を終了しました [シナリオ名: ログイン]
[ADMIN] 15:17:25.535605 シナリオ走行を開始しました [シナリオ名: ログイン]
[ADMIN] 15:17:25.536009 シナリオ走行を終了しました [シナリオ名: ログイン]
[ADMIN] 15:17:25.536019 シナリオ走行を開始しました [シナリオ名: ログイン]
[ADMIN] 15:17:25.539895 シナリオ走行を終了しました [シナリオ名: ログイン]
[ADMIN] 15:17:25.539903 シナリオ走行を開始しました [シナリオ名: ログイン]
[ADMIN] 15:17:25.596070 シナリオ走行を終了しました [シナリオ名: ログイン]
[ADMIN] 15:17:25.596085 シナリオ走行を開始しました [シナリオ名: ログイン]
[ADMIN] 15:17:25.777161 シナリオ走行を終了しました [シナリオ名: ログイン]
[ADMIN] 15:17:25.777177 シナリオ走行を開始しました [シナリオ名: ログイン]
[ADMIN] 15:17:25.777163 シナリオ走行を終了しました [シナリオ名: ログイン]
[ADMIN] 15:17:25.777194 シナリオ走行を開始しました [シナリオ名: ログイン]
[ADMIN] 15:17:25.846933 シナリオ走行を終了しました [シナリオ名: ログイン]
[ADMIN] 15:17:25.931897 シナリオ走行を終了しました [シナリオ名: Banユーザログイン]
[ADMIN] 15:17:25.931922 シナリオ走行を開始しました [シナリオ名: Banユーザログイン]
[ADMIN] 15:17:26.036763 シナリオ走行を終了しました [シナリオ名: ログイン]
[ADMIN] 15:17:26.036776 シナリオ走行を開始しました [シナリオ名: ログイン]
[ADMIN] 15:17:26.036808 シナリオ走行を終了しました [シナリオ名: ログイン]
[ADMIN] 15:17:26.036822 シナリオ走行を開始しました [シナリオ名: ログイン]
[ADMIN] 15:17:26.036808 シナリオ走行を開始しました [シナリオ名: ログイン]
[ADMIN] 15:17:26.043207 シナリオ走行を終了しました [シナリオ名: ログイン]
[ADMIN] 15:17:26.043217 シナリオ走行を開始しました [シナリオ名: ログイン]
[ADMIN] 15:17:26.275956 シナリオ走行を終了しました [シナリオ名: ログイン]
[ADMIN] 15:17:26.275968 シナリオ走行を開始しました [シナリオ名: ログイン]
[ADMIN] 15:17:26.282612 シナリオ走行を終了しました [シナリオ名: ログイン]
[ADMIN] 15:17:26.282637 シナリオ走行を開始しました [シナリオ名: ログイン]
[ADMIN] 15:17:26.536075 シナリオ走行を終了しました [シナリオ名: ログイン]
[ADMIN] 15:17:26.536088 シナリオ走行を開始しました [シナリオ名: ログイン]
[ADMIN] 15:17:26.539550 シナリオ走行を終了しました [シナリオ名: ログイン]
[ADMIN] 15:17:26.539560 シナリオ走行を開始しました [シナリオ名: ログイン]
[ADMIN] 15:17:26.775411 シナリオ走行を終了しました [シナリオ名: ログイン]
[ADMIN] 15:17:26.775426 シナリオ走行を開始しました [シナリオ名: ログイン]
[ADMIN] 15:17:26.776869 シナリオ走行を終了しました [シナリオ名: Banユーザログイン]
[ADMIN] 15:17:26.776888 シナリオ走行を開始しました [シナリオ名: Banユーザログイン]
[ADMIN] 15:17:26.780643 シナリオ走行を終了しました [シナリオ名: ログイン]
[ADMIN] 15:17:26.780654 シナリオ走行を開始しました [シナリオ名: ログイン]
[ADMIN] 15:17:27.035914 シナリオ走行を終了しました [シナリオ名: ログイン]
[ADMIN] 15:17:27.035929 シナリオ走行を開始しました [シナリオ名: ログイン]
[ADMIN] 15:17:27.035942 シナリオ走行を終了しました [シナリオ名: ログイン]
[ADMIN] 15:17:27.035953 シナリオ走行を開始しました [シナリオ名: ログイン]
[ADMIN] 15:17:27.277451 シナリオ走行を終了しました [シナリオ名: ログイン]
[ADMIN] 15:17:27.277467 シナリオ走行を終了しました [シナリオ名: ログイン]
[ADMIN] 15:17:27.277470 シナリオ走行を開始しました [シナリオ名: ログイン]
[ADMIN] 15:17:27.277474 シナリオ走行を開始しました [シナリオ名: ログイン]
[ADMIN] 15:17:27.536943 シナリオ走行を終了しました [シナリオ名: ログイン]
[ADMIN] 15:17:27.536955 シナリオ走行を開始しました [シナリオ名: ログイン]
[ADMIN] 15:17:27.774474 シナリオ走行を終了しました [シナリオ名: ログイン]
[ADMIN] 15:17:27.774489 シナリオ走行を開始しました [シナリオ名: ログイン]
[ADMIN] 15:17:27.774494 シナリオ走行を終了しました [シナリオ名: ログイン]
[ADMIN] 15:17:27.774499 シナリオ走行を開始しました [シナリオ名: ログイン]
[ADMIN] 15:17:28.037177 シナリオ走行を終了しました [シナリオ名: Banユーザログイン]
[ADMIN] 15:17:28.037205 シナリオ走行を開始しました [シナリオ名: Banユーザログイン]
[ADMIN] 15:17:28.037644 シナリオ走行を終了しました [シナリオ名: ログイン]
[ADMIN] 15:17:28.037655 シナリオ走行を開始しました [シナリオ名: ログイン]
[ADMIN] 15:17:28.037668 シナリオ走行を終了しました [シナリオ名: ログイン]
[ADMIN] 15:17:28.037675 シナリオ走行を開始しました [シナリオ名: ログイン]
[ADMIN] 15:17:28.275519 シナリオ走行を終了しました [シナリオ名: ログイン]
[ADMIN] 15:17:28.275533 シナリオ走行を開始しました [シナリオ名: ログイン]
[ADMIN] 15:17:28.275550 シナリオ走行を終了しました [シナリオ名: ログイン]
[ADMIN] 15:17:28.275559 シナリオ走行を開始しました [シナリオ名: ログイン]
[ADMIN] 15:17:28.396388 シナリオ走行を終了しました [シナリオ名: ログイン]
[ADMIN] 15:17:28.538231 シナリオ走行を終了しました [シナリオ名: ログイン]
[ADMIN] 15:17:28.538244 シナリオ走行を開始しました [シナリオ名: ログイン]
[ADMIN] 15:17:28.538253 シナリオ走行を終了しました [シナリオ名: ログイン]
[ADMIN] 15:17:28.538260 シナリオ走行を開始しました [シナリオ名: ログイン]
[ADMIN] 15:17:28.538274 シナリオ走行を開始しました [シナリオ名: ログイン]
[ADMIN] 15:17:28.688116 シナリオ走行を終了しました [シナリオ名: 新規ユーザー登録]
[ADMIN] 15:17:28.688148 シナリオ走行を開始しました [シナリオ名: 新規ユーザー登録]
[ADMIN] 15:17:28.688149 シナリオ走行を終了しました [シナリオ名: 新規ユーザー登録]
[ADMIN] 15:17:28.688170 シナリオ走行を開始しました [シナリオ名: 新規ユーザー登録]
[ADMIN] 15:17:28.688149 シナリオ走行を終了しました [シナリオ名: 新規ユーザー登録]
[ADMIN] 15:17:28.688225 シナリオ走行を開始しました [シナリオ名: 新規ユーザー登録]
[ADMIN] 15:17:28.777262 シナリオ走行を終了しました [シナリオ名: ログイン]
[ADMIN] 15:17:28.777277 シナリオ走行を開始しました [シナリオ名: ログイン]
[ADMIN] 15:17:28.777300 シナリオ走行を終了しました [シナリオ名: ログイン]
[ADMIN] 15:17:28.777313 シナリオ走行を開始しました [シナリオ名: ログイン]
[ADMIN] 15:17:29.041190 シナリオ走行を終了しました [シナリオ名: ログイン]
[ADMIN] 15:17:29.041206 シナリオ走行を開始しました [シナリオ名: ログイン]
[ADMIN] 15:17:29.041219 シナリオ走行を終了しました [シナリオ名: ログイン]
[ADMIN] 15:17:29.041230 シナリオ走行を開始しました [シナリオ名: ログイン]
[ADMIN] 15:17:29.042360 シナリオ走行を終了しました [シナリオ名: ログイン]
[ADMIN] 15:17:29.042368 シナリオ走行を開始しました [シナリオ名: ログイン]
[ADMIN] 15:17:29.042974 シナリオ走行を終了しました [シナリオ名: ログイン]
[ADMIN] 15:17:29.042983 シナリオ走行を開始しました [シナリオ名: ログイン]
[ADMIN] 15:17:29.047519 シナリオ走行を終了しました [シナリオ名: ログイン]
[ADMIN] 15:17:29.083621 シナリオ走行を終了しました [シナリオ名: ログイン]
[ADMIN] 15:17:29.083638 シナリオ走行を開始しました [シナリオ名: ログイン]
[ADMIN] 15:17:29.083665 シナリオ走行を開始しました [シナリオ名: ログイン]
[ADMIN] 15:17:29.180441 シナリオ走行を終了しました [シナリオ名: ログイン]
[ADMIN] 15:17:29.180458 シナリオ走行を開始しました [シナリオ名: ログイン]
[ADMIN] 15:17:29.180475 シナリオ走行を終了しました [シナリオ名: ログイン]
[ADMIN] 15:17:29.180484 シナリオ走行を開始しました [シナリオ名: ログイン]
[ADMIN] 15:17:29.180492 シナリオ走行を終了しました [シナリオ名: ログイン]
[ADMIN] 15:17:29.180498 シナリオ走行を開始しました [シナリオ名: ログイン]
[ADMIN] 15:17:29.195163 シナリオ走行を終了しました [シナリオ名: ログイン]
[ADMIN] 15:17:29.195177 シナリオ走行を開始しました [シナリオ名: ログイン]
[ADMIN] 15:17:29.276373 シナリオ走行を終了しました [シナリオ名: 新規ユーザー登録]
[ADMIN] 15:17:29.276394 シナリオ走行を開始しました [シナリオ名: 新規ユーザー登録]
[ADMIN] 15:17:29.276433 シナリオ走行を開始しました [シナリオ名: 新規ユーザー登録]
[ADMIN] 15:17:29.276687 シナリオ走行を終了しました [シナリオ名: 新規ユーザー登録]
[ADMIN] 15:17:29.276707 シナリオ走行を開始しました [シナリオ名: 新規ユーザー登録]
[ADMIN] 15:17:29.279214 シナリオ走行を終了しました [シナリオ名: 新規ユーザー登録]
[ADMIN] 15:17:29.281255 シナリオ走行を終了しました [シナリオ名: Banユーザログイン]
[ADMIN] 15:17:29.281279 シナリオ走行を開始しました [シナリオ名: Banユーザログイン]
[ADMIN] 15:17:29.540286 シナリオ走行を終了しました [シナリオ名: ログイン]
[ADMIN] 15:17:29.540300 シナリオ走行を開始しました [シナリオ名: ログイン]
[ADMIN] 15:17:29.541898 シナリオ走行を終了しました [シナリオ名: ログイン]
[ADMIN] 15:17:29.541908 シナリオ走行を開始しました [シナリオ名: ログイン]
[ADMIN] 15:17:29.542165 シナリオ走行を終了しました [シナリオ名: ログイン]
[ADMIN] 15:17:29.542174 シナリオ走行を開始しました [シナリオ名: ログイン]
[ADMIN] 15:17:29.542605 シナリオ走行を終了しました [シナリオ名: ログイン]
[ADMIN] 15:17:29.542633 シナリオ走行を開始しました [シナリオ名: ログイン]
[ADMIN] 15:17:29.542990 シナリオ走行を終了しました [シナリオ名: ログイン]
[ADMIN] 15:17:29.542998 シナリオ走行を開始しました [シナリオ名: ログイン]
[ADMIN] 15:17:29.543504 シナリオ走行を終了しました [シナリオ名: ログイン]
[ADMIN] 15:17:29.543513 シナリオ走行を開始しました [シナリオ名: ログイン]
[ADMIN] 15:17:29.548305 シナリオ走行を終了しました [シナリオ名: ログイン]
[ADMIN] 15:17:29.548314 シナリオ走行を開始しました [シナリオ名: ログイン]
[ADMIN] 15:17:29.776120 シナリオ走行を終了しました [シナリオ名: ログイン]
[ADMIN] 15:17:29.776134 シナリオ走行を開始しました [シナリオ名: ログイン]
[ADMIN] 15:17:29.790742 シナリオ走行を終了しました [シナリオ名: ログイン]
[ADMIN] 15:17:29.790755 シナリオ走行を開始しました [シナリオ名: ログイン]
[ADMIN] 15:17:30.041703 シナリオ走行を終了しました [シナリオ名: 新規ユーザー登録]
[ADMIN] 15:17:30.041731 シナリオ走行を開始しました [シナリオ名: 新規ユーザー登録]
[ADMIN] 15:17:30.041766 シナリオ走行を開始しました [シナリオ名: 新規ユーザー登録]
[ADMIN] 15:17:30.042677 シナリオ走行を終了しました [シナリオ名: ログイン]
[ADMIN] 15:17:30.042689 シナリオ走行を開始しました [シナリオ名: ログイン]
[ADMIN] 15:17:30.042729 シナリオ走行を終了しました [シナリオ名: ログイン]
[ADMIN] 15:17:30.042736 シナリオ走行を開始しました [シナリオ名: ログイン]
[ADMIN] 15:17:30.045925 シナリオ走行を終了しました [シナリオ名: ログイン]
[ADMIN] 15:17:30.045934 シナリオ走行を開始しました [シナリオ名: ログイン]
[ADMIN] 15:17:30.275550 シナリオ走行を終了しました [シナリオ名: 新規ユーザー登録]
[ADMIN] 15:17:30.275576 シナリオ走行を開始しました [シナリオ名: 新規ユーザー登録]
[ADMIN] 15:17:30.275579 シナリオ走行を終了しました [シナリオ名: 新規ユーザー登録]
[ADMIN] 15:17:30.275591 シナリオ走行を開始しました [シナリオ名: 新規ユーザー登録]
[ADMIN] 15:17:30.542800 シナリオ走行を終了しました [シナリオ名: ログイン]
[ADMIN] 15:17:30.542817 シナリオ走行を開始しました [シナリオ名: ログイン]
[ADMIN] 15:17:30.542862 シナリオ走行を終了しました [シナリオ名: ログイン]
[ADMIN] 15:17:30.542869 シナリオ走行を開始しました [シナリオ名: ログイン]
[ADMIN] 15:17:30.778105 シナリオ走行を終了しました [シナリオ名: ログイン]
[ADMIN] 15:17:30.778119 シナリオ走行を開始しました [シナリオ名: ログイン]
[ADMIN] 15:17:30.778203 シナリオ走行を終了しました [シナリオ名: ログイン]
[ADMIN] 15:17:30.778217 シナリオ走行を開始しました [シナリオ名: ログイン]
[ADMIN] 15:17:31.045596 シナリオ走行を終了しました [シナリオ名: Banユーザログイン]
[ADMIN] 15:17:31.045696 シナリオ走行を開始しました [シナリオ名: Banユーザログイン]
[ADMIN] 15:17:31.045714 シナリオ走行を開始しました [シナリオ名: Banユーザログイン]
15:17:31.048649 負荷走行を打ち切ります (エラー数:1866)
[ADMIN] 15:17:31.048690 map[string]int64{"load":1866, "scenario-error-invalid-request":21, "scenario-error-status-code":1804, "timeout":42}
[ADMIN] 15:17:31.048693 シナリオ走行を終了しました [シナリオ名: ログイン]
[ADMIN] 15:17:31.048823 シナリオ走行を終了しました [シナリオ名: ログイン]
[ADMIN] 15:17:31.048868 シナリオ走行を終了しました [シナリオ名: ログイン]
[ADMIN] 15:17:31.048898 シナリオ走行を終了しました [シナリオ名: ログイン]
[ADMIN] 15:17:31.048914 シナリオ走行を終了しました [シナリオ名: ログイン]
[ADMIN] 15:17:31.048947 シナリオ走行を終了しました [シナリオ名: ログイン]
15:17:31.049009 負荷走行がすべて終了しました
[ADMIN] 15:17:31.048961 シナリオ走行を終了しました [シナリオ名: Banユーザログイン]
[ADMIN] 15:17:31.048967 シナリオ走行を終了しました [シナリオ名: ログイン]
[ADMIN] 15:17:31.048996 シナリオ走行を終了しました [シナリオ名: 新規ユーザー登録]
[ADMIN] 15:17:31.049002 シナリオ走行を終了しました [シナリオ名: 新規ユーザー登録]
[ADMIN] 15:17:31.049011 負荷走行がすべて終了しました
[ADMIN] 15:17:31.049038 シナリオ走行を終了しました [シナリオ名: Banユーザログイン]
[ADMIN] 15:17:31.049078 シナリオ走行を終了しました [シナリオ名: ログイン]
[ADMIN] 15:17:31.049093 シナリオ走行を終了しました [シナリオ名: ログイン]
[ADMIN] 15:17:31.049117 シナリオ走行を終了しました [シナリオ名: ログイン]
[ADMIN] 15:17:31.049151 シナリオ走行を終了しました [シナリオ名: ログイン]
[ADMIN] 15:17:31.049157 シナリオ走行を終了しました [シナリオ名: ログイン]
[ADMIN] 15:17:31.049160 シナリオ走行を終了しました [シナリオ名: ログイン]
[ADMIN] 15:17:31.049195 シナリオ走行を終了しました [シナリオ名: 新規ユーザー登録]
[ADMIN] 15:17:31.049203 シナリオ走行を終了しました [シナリオ名: ログイン]
[ADMIN] 15:17:31.049207 シナリオ走行を終了しました [シナリオ名: ログイン]
[ADMIN] 15:17:31.049240 シナリオ走行を終了しました [シナリオ名: ログイン]
[ADMIN] 15:17:31.049248 シナリオ走行を終了しました [シナリオ名: ログイン]
[ADMIN] 15:17:31.049243 シナリオ走行を終了しました [シナリオ名: ログイン]
[ADMIN] 15:17:31.049274 シナリオ走行を終了しました [シナリオ名: ログイン]
[ADMIN] 15:17:31.049303 シナリオ走行を終了しました [シナリオ名: 新規ユーザー登録]
15:17:34.054078 ERROR[0] load: scenario-error-status-code: POST /login : expected(200) != actual(500)
15:17:34.054094 ERROR[1] load: scenario-error-status-code: POST /login : expected(200) != actual(500)
15:17:34.054105 ERROR[2] load: timeout: scenario-error-invalid-request: timeout: Post "http://172.31.45.101/user": context deadline exceeded (Client.Timeout exceeded while awaiting headers)
15:17:34.054112 ERROR[3] load: timeout: scenario-error-invalid-request: timeout: Post "http://172.31.45.101/user": context deadline exceeded (Client.Timeout exceeded while awaiting headers)
15:17:34.054117 ERROR[4] load: timeout: scenario-error-invalid-request: timeout: Post "http://172.31.45.101/user": context deadline exceeded (Client.Timeout exceeded while awaiting headers)
15:17:34.054122 ERROR[5] load: timeout: scenario-error-invalid-request: timeout: Post "http://172.31.45.101/login": context deadline exceeded (Client.Timeout exceeded while awaiting headers)
15:17:34.054128 ERROR[6] load: timeout: scenario-error-invalid-request: timeout: Post "http://172.31.45.101/login": context deadline exceeded (Client.Timeout exceeded while awaiting headers)
15:17:34.054136 ERROR[7] load: timeout: scenario-error-invalid-request: timeout: Post "http://172.31.45.101/user/7874400832/gacha/draw/37/10": context deadline exceeded (Client.Timeout exceeded while awaiting headers)
15:17:34.054142 ERROR[8] load: timeout: scenario-error-invalid-request: timeout: Post "http://172.31.45.101/user/7437651261/gacha/draw/37/10": context deadline exceeded (Client.Timeout exceeded while awaiting headers)
15:17:34.054148 ERROR[9] load: timeout: scenario-error-invalid-request: timeout: Post "http://172.31.45.101/user/649883671/gacha/draw/37/10": context deadline exceeded (Client.Timeout exceeded while awaiting headers)
15:17:34.054153 ERROR[10] load: timeout: scenario-error-invalid-request: timeout: Post "http://172.31.45.101/user/8061860847/gacha/draw/37/10": context deadline exceeded (Client.Timeout exceeded while awaiting headers)
15:17:34.054157 ERROR[11] load: scenario-error-status-code: POST /login : expected(200) != actual(500)
15:17:34.054160 ERROR[12] load: scenario-error-status-code: POST /login : expected(200) != actual(500)
15:17:34.054163 ERROR[13] load: scenario-error-status-code: POST /login : expected(200) != actual(500)
15:17:34.054166 ERROR[14] load: scenario-error-status-code: POST /login : expected(200) != actual(500)
15:17:34.054169 ERROR[15] load: scenario-error-status-code: POST /login : expected(200) != actual(500)
15:17:34.054172 ERROR[16] load: scenario-error-status-code: POST /login : expected(200) != actual(500)
15:17:34.054175 ERROR[17] load: scenario-error-status-code: POST /login : expected(200) != actual(500)
15:17:34.054178 ERROR[18] load: scenario-error-status-code: POST /login : expected(200) != actual(500)
15:17:34.054182 ERROR[19] load: scenario-error-status-code: POST /login : expected(200) != actual(500)
15:17:34.054187 ERROR[20] load: scenario-error-status-code: POST /login : expected(200) != actual(500)
15:17:34.054192 ERROR[21] load: scenario-error-status-code: POST /login : expected(200) != actual(500)
15:17:34.054195 ERROR[22] load: scenario-error-status-code: POST /login : expected(200) != actual(500)
15:17:34.054198 ERROR[23] load: scenario-error-status-code: POST /login : expected(200) != actual(500)
15:17:34.054202 ERROR[24] load: scenario-error-status-code: POST /login : expected(200) != actual(500)
15:17:34.054205 ERROR[25] load: scenario-error-status-code: POST /login : expected(200) != actual(500)
15:17:34.054211 ERROR[26] load: scenario-error-status-code: POST /login : expected(200) != actual(500)
15:17:34.054214 ERROR[27] load: scenario-error-status-code: POST /login : expected(200) != actual(500)
15:17:34.054218 ERROR[28] load: scenario-error-status-code: POST /login : expected(200) != actual(500)
15:17:34.054221 ERROR[29] load: scenario-error-status-code: POST /login : expected(200) != actual(500)
15:17:34.054224 ERROR[30] load: scenario-error-status-code: POST /login : expected(200) != actual(500)
15:17:34.054227 ERROR[31] load: scenario-error-status-code: POST /login : expected(200) != actual(500)
15:17:34.054231 ERROR[32] load: scenario-error-status-code: POST /login : expected(200) != actual(500)
15:17:34.054235 ERROR[33] load: scenario-error-status-code: POST /login : expected(200) != actual(500)
15:17:34.054239 ERROR[34] load: scenario-error-status-code: POST /login : expected(200) != actual(500)
15:17:34.054243 ERROR[35] load: scenario-error-status-code: POST /login : expected(200) != actual(500)
15:17:34.054246 ERROR[36] load: scenario-error-status-code: POST /login : expected(200) != actual(500)
15:17:34.054248 ERROR[37] load: scenario-error-status-code: POST /login : expected(200) != actual(500)
15:17:34.054251 ERROR[38] load: scenario-error-status-code: POST /login : expected(200) != actual(500)
15:17:34.054255 ERROR[39] load: scenario-error-status-code: POST /login : expected(200) != actual(500)
15:17:34.054259 ERROR[40] load: scenario-error-status-code: POST /login : expected(200) != actual(500)
15:17:34.054262 ERROR[41] load: scenario-error-status-code: POST /login : expected(200) != actual(500)
15:17:34.054265 ERROR[42] load: scenario-error-status-code: POST /login : expected(200) != actual(500)
15:17:34.054269 ERROR[43] load: scenario-error-status-code: POST /login : expected(200) != actual(500)
15:17:34.054273 ERROR[44] load: scenario-error-status-code: POST /login : expected(200) != actual(500)
15:17:34.054276 ERROR[45] load: scenario-error-status-code: POST /login : expected(200) != actual(500)
15:17:34.054280 ERROR[46] load: scenario-error-status-code: POST /login : expected(200) != actual(500)
15:17:34.054283 ERROR[47] load: scenario-error-status-code: POST /login : expected(200) != actual(500)
15:17:34.054287 ERROR[48] load: scenario-error-status-code: POST /login : expected(200) != actual(500)
15:17:34.054289 ベンチマークシナリオのERRORは最大50件まで表示しています
15:17:34.054308 [PASSED]: true
15:17:34.054314 [SCORE] 0 (addition: 1876, deduction: 27390)
[ADMIN] 15:17:34.054335 [SCORE] map[GET /user/:userId/gacha/index:129 GET /user/:userId/home:129 GET /user/:userId/item:17 GET /user/:userId/present/index/:n:146 POST /login:114 POST /login(ban):87 POST /user:18 POST /user/:userId/card:17 POST /user/:userId/card/addexp/:cardId:17 POST /user/:userId/gacha/draw/:gachaId:121 POST /user/:userId/present/receive:146 POST /user/:userId/reward:112]

SCORE: 0
BENCHMARK_PASS
2026-09-23T15:17:34.212179324Z	BENCHMARK_END
