2026-09-24T16:18:22.264525866Z	BENCHMARK_START
[ADMIN] 16:18:22.944240 benchmarker --target-host=172.31.45.101 --request-timeout=10s --initialize-request-timeout=1m0s --exit-error-on-fail=true --stage=prod --max-parallelism=100 --prepare-only=false
16:18:48.197642 [ValidationScenario] 整合性チェックを開始します
[ADMIN] 16:18:48.197631 [LANGUAGE] go
16:18:48.592353 整合性チェック Request:POST /login (日跨ぎ前）
16:18:48.610520 整合性チェック Request:POST /login (日跨ぎ後）
16:18:48.615243 整合性チェック Request:POST /admin/login 失敗の場合
16:18:48.683551 整合性チェック Request:POST /admin/login
16:18:48.745033 整合性チェック Request:GET /admin/user/{userID}
16:18:48.831839 整合性チェック Request:POST /login 失敗の場合
16:18:48.833102 整合性チェック Request:POST /user
16:18:48.843174 整合性チェック Request:POST /login
16:18:48.849976 整合性チェック Request:GET /user/{userId}/home セッション無効の場合
16:18:48.851292 整合性チェック Request:GET /user/{userId}/home
16:18:48.854077 整合性チェック Request:GET /user/{userId}/home 他人のホーム表示の場合
16:18:48.855311 整合性チェック Request:POST /user/{userId}/reward
16:18:48.858853 整合性チェック Request:POST /user/{userId}/card
16:18:48.863937 整合性チェック Request:GET /user/{userId}/item
16:18:48.866838 整合性チェック Request:POST /user/{userId}/addexp/{cardId}
16:18:48.872653 整合性チェック Request:GET /user/{userId}/present/index/:n
16:18:48.875698 整合性チェック Request:POST /user/{userId}/present/receive
16:18:48.915999 整合性チェック Request:GET /user/{userId}/gacha/index
16:18:48.919624 整合性チェック Request:POST /user/{userId}/gacha/draw/{gachaID}/10
16:18:48.924910 整合性チェック Request:GET /admin/master
16:18:48.932571 整合性チェック Request:POST /admin/user/{userID}/ban
16:18:48.933598 整合性チェック Request:POST /login Banの場合
16:18:48.934848 [ValidationScenario] 整合性チェックを終了します
16:18:48.934854 整合性チェックに成功しました！
16:18:48.934856 初期化処理が成功しました！
16:18:48.934873 アプリケーションへの負荷走行を開始します
[ADMIN] 16:18:48.934926 シナリオ走行を開始しました [シナリオ名: 新規ユーザー登録]
[ADMIN] 16:18:48.934936 シナリオ走行を開始しました [シナリオ名: Banユーザログイン]
[ADMIN] 16:18:48.934927 シナリオ走行を開始しました [シナリオ名: ログイン]
[ADMIN] 16:18:48.987378 シナリオ走行を終了しました [シナリオ名: ログイン]
[ADMIN] 16:18:48.987391 シナリオ走行を開始しました [シナリオ名: ログイン]
[ADMIN] 16:18:48.992035 シナリオ走行を終了しました [シナリオ名: 新規ユーザー登録]
[ADMIN] 16:18:48.992051 シナリオ走行を開始しました [シナリオ名: 新規ユーザー登録]
[ADMIN] 16:18:49.030747 シナリオ走行を終了しました [シナリオ名: ログイン]
[ADMIN] 16:18:49.030762 シナリオ走行を開始しました [シナリオ名: ログイン]
[ADMIN] 16:18:49.043604 シナリオ走行を終了しました [シナリオ名: 新規ユーザー登録]
[ADMIN] 16:18:49.043629 シナリオ走行を開始しました [シナリオ名: 新規ユーザー登録]
[ADMIN] 16:18:49.067447 シナリオ走行を終了しました [シナリオ名: ログイン]
[ADMIN] 16:18:49.067459 シナリオ走行を開始しました [シナリオ名: ログイン]
[ADMIN] 16:18:49.096167 シナリオ走行を終了しました [シナリオ名: 新規ユーザー登録]
[ADMIN] 16:18:49.096189 シナリオ走行を開始しました [シナリオ名: 新規ユーザー登録]
[ADMIN] 16:18:49.114406 シナリオ走行を終了しました [シナリオ名: ログイン]
[ADMIN] 16:18:49.114416 シナリオ走行を開始しました [シナリオ名: ログイン]
[ADMIN] 16:18:49.141731 シナリオ走行を終了しました [シナリオ名: ログイン]
[ADMIN] 16:18:49.141741 シナリオ走行を開始しました [シナリオ名: ログイン]
[ADMIN] 16:18:49.148495 シナリオ走行を終了しました [シナリオ名: 新規ユーザー登録]
[ADMIN] 16:18:49.148518 シナリオ走行を開始しました [シナリオ名: 新規ユーザー登録]
[ADMIN] 16:18:49.169910 シナリオ走行を終了しました [シナリオ名: ログイン]
[ADMIN] 16:18:49.169919 シナリオ走行を開始しました [シナリオ名: ログイン]
[ADMIN] 16:18:49.203763 シナリオ走行を終了しました [シナリオ名: 新規ユーザー登録]
[ADMIN] 16:18:49.203784 シナリオ走行を開始しました [シナリオ名: 新規ユーザー登録]
[ADMIN] 16:18:49.209823 シナリオ走行を終了しました [シナリオ名: ログイン]
[ADMIN] 16:18:49.209831 シナリオ走行を開始しました [シナリオ名: ログイン]
[ADMIN] 16:18:49.255259 シナリオ走行を終了しました [シナリオ名: 新規ユーザー登録]
[ADMIN] 16:18:49.255286 シナリオ走行を開始しました [シナリオ名: 新規ユーザー登録]
[ADMIN] 16:18:49.256322 シナリオ走行を終了しました [シナリオ名: ログイン]
[ADMIN] 16:18:49.256334 シナリオ走行を開始しました [シナリオ名: ログイン]
[ADMIN] 16:18:49.297836 シナリオ走行を終了しました [シナリオ名: ログイン]
[ADMIN] 16:18:49.297850 シナリオ走行を開始しました [シナリオ名: ログイン]
[ADMIN] 16:18:49.306402 シナリオ走行を終了しました [シナリオ名: 新規ユーザー登録]
[ADMIN] 16:18:49.306435 シナリオ走行を開始しました [シナリオ名: 新規ユーザー登録]
[ADMIN] 16:18:49.341078 シナリオ走行を終了しました [シナリオ名: ログイン]
[ADMIN] 16:18:49.341093 シナリオ走行を開始しました [シナリオ名: ログイン]
[ADMIN] 16:18:49.359345 シナリオ走行を終了しました [シナリオ名: 新規ユーザー登録]
[ADMIN] 16:18:49.359369 シナリオ走行を開始しました [シナリオ名: 新規ユーザー登録]
[ADMIN] 16:18:49.370631 シナリオ走行を終了しました [シナリオ名: ログイン]
[ADMIN] 16:18:49.370644 シナリオ走行を開始しました [シナリオ名: ログイン]
[ADMIN] 16:18:49.402980 シナリオ走行を終了しました [シナリオ名: ログイン]
[ADMIN] 16:18:49.402989 シナリオ走行を開始しました [シナリオ名: ログイン]
[ADMIN] 16:18:49.412836 シナリオ走行を終了しました [シナリオ名: 新規ユーザー登録]
[ADMIN] 16:18:49.412855 シナリオ走行を開始しました [シナリオ名: 新規ユーザー登録]
[ADMIN] 16:18:49.439158 シナリオ走行を終了しました [シナリオ名: Banユーザログイン]
[ADMIN] 16:18:49.439172 シナリオ走行を開始しました [シナリオ名: Banユーザログイン]
[ADMIN] 16:18:49.447171 シナリオ走行を終了しました [シナリオ名: ログイン]
[ADMIN] 16:18:49.447181 シナリオ走行を開始しました [シナリオ名: ログイン]
[ADMIN] 16:18:49.464885 シナリオ走行を終了しました [シナリオ名: 新規ユーザー登録]
[ADMIN] 16:18:49.464905 シナリオ走行を開始しました [シナリオ名: 新規ユーザー登録]
[ADMIN] 16:18:49.477013 シナリオ走行を終了しました [シナリオ名: ログイン]
[ADMIN] 16:18:49.477024 シナリオ走行を開始しました [シナリオ名: ログイン]
[ADMIN] 16:18:49.511543 シナリオ走行を終了しました [シナリオ名: ログイン]
[ADMIN] 16:18:49.511556 シナリオ走行を開始しました [シナリオ名: ログイン]
[ADMIN] 16:18:49.523816 シナリオ走行を終了しました [シナリオ名: 新規ユーザー登録]
[ADMIN] 16:18:49.523844 シナリオ走行を開始しました [シナリオ名: 新規ユーザー登録]
[ADMIN] 16:18:49.596395 シナリオ走行を終了しました [シナリオ名: ログイン]
[ADMIN] 16:18:49.596413 シナリオ走行を開始しました [シナリオ名: ログイン]
[ADMIN] 16:18:49.601523 シナリオ走行を終了しました [シナリオ名: 新規ユーザー登録]
[ADMIN] 16:18:49.601542 シナリオ走行を開始しました [シナリオ名: 新規ユーザー登録]
[ADMIN] 16:18:49.642183 シナリオ走行を終了しました [シナリオ名: ログイン]
[ADMIN] 16:18:49.642198 シナリオ走行を開始しました [シナリオ名: ログイン]
[ADMIN] 16:18:49.668929 シナリオ走行を終了しました [シナリオ名: 新規ユーザー登録]
[ADMIN] 16:18:49.668951 シナリオ走行を開始しました [シナリオ名: 新規ユーザー登録]
[ADMIN] 16:18:49.674406 シナリオ走行を終了しました [シナリオ名: ログイン]
[ADMIN] 16:18:49.674416 シナリオ走行を開始しました [シナリオ名: ログイン]
[ADMIN] 16:18:49.702926 シナリオ走行を終了しました [シナリオ名: ログイン]
[ADMIN] 16:18:49.702938 シナリオ走行を開始しました [シナリオ名: ログイン]
[ADMIN] 16:18:49.730087 シナリオ走行を終了しました [シナリオ名: 新規ユーザー登録]
[ADMIN] 16:18:49.730110 シナリオ走行を開始しました [シナリオ名: 新規ユーザー登録]
[ADMIN] 16:18:49.750865 シナリオ走行を終了しました [シナリオ名: ログイン]
[ADMIN] 16:18:49.750881 シナリオ走行を開始しました [シナリオ名: ログイン]
[ADMIN] 16:18:49.786356 シナリオ走行を終了しました [シナリオ名: 新規ユーザー登録]
[ADMIN] 16:18:49.786385 シナリオ走行を開始しました [シナリオ名: 新規ユーザー登録]
[ADMIN] 16:18:49.797974 シナリオ走行を終了しました [シナリオ名: ログイン]
[ADMIN] 16:18:49.797987 シナリオ走行を開始しました [シナリオ名: ログイン]
[ADMIN] 16:18:49.826830 シナリオ走行を終了しました [シナリオ名: ログイン]
[ADMIN] 16:18:49.826842 シナリオ走行を開始しました [シナリオ名: ログイン]
[ADMIN] 16:18:49.839239 シナリオ走行を終了しました [シナリオ名: 新規ユーザー登録]
[ADMIN] 16:18:49.839259 シナリオ走行を開始しました [シナリオ名: 新規ユーザー登録]
[ADMIN] 16:18:49.854531 シナリオ走行を終了しました [シナリオ名: ログイン]
[ADMIN] 16:18:49.854538 シナリオ走行を開始しました [シナリオ名: ログイン]
[ADMIN] 16:18:49.889852 シナリオ走行を終了しました [シナリオ名: 新規ユーザー登録]
[ADMIN] 16:18:49.889873 シナリオ走行を開始しました [シナリオ名: 新規ユーザー登録]
[ADMIN] 16:18:49.894178 シナリオ走行を終了しました [シナリオ名: ログイン]
[ADMIN] 16:18:49.894186 シナリオ走行を開始しました [シナリオ名: ログイン]
[ADMIN] 16:18:49.932358 シナリオ走行を終了しました [シナリオ名: ログイン]
[ADMIN] 16:18:49.932368 シナリオ走行を開始しました [シナリオ名: ログイン]
[ADMIN] 16:18:49.941577 シナリオ走行を終了しました [シナリオ名: Banユーザログイン]
[ADMIN] 16:18:49.941587 シナリオ走行を開始しました [シナリオ名: Banユーザログイン]
[ADMIN] 16:18:49.944391 シナリオ走行を終了しました [シナリオ名: 新規ユーザー登録]
[ADMIN] 16:18:49.944410 シナリオ走行を開始しました [シナリオ名: 新規ユーザー登録]
[ADMIN] 16:18:49.961116 シナリオ走行を終了しました [シナリオ名: ログイン]
[ADMIN] 16:18:49.961127 シナリオ走行を開始しました [シナリオ名: ログイン]
[ADMIN] 16:18:49.997561 シナリオ走行を終了しました [シナリオ名: 新規ユーザー登録]
[ADMIN] 16:18:49.997579 シナリオ走行を開始しました [シナリオ名: 新規ユーザー登録]
[ADMIN] 16:18:49.999882 シナリオ走行を終了しました [シナリオ名: ログイン]
[ADMIN] 16:18:49.999901 シナリオ走行を開始しました [シナリオ名: ログイン]
[ADMIN] 16:18:50.043544 シナリオ走行を終了しました [シナリオ名: ログイン]
[ADMIN] 16:18:50.043556 シナリオ走行を開始しました [シナリオ名: ログイン]
[ADMIN] 16:18:50.048912 シナリオ走行を終了しました [シナリオ名: 新規ユーザー登録]
[ADMIN] 16:18:50.048931 シナリオ走行を開始しました [シナリオ名: 新規ユーザー登録]
[ADMIN] 16:18:50.088259 シナリオ走行を終了しました [シナリオ名: ログイン]
[ADMIN] 16:18:50.088269 シナリオ走行を開始しました [シナリオ名: ログイン]
[ADMIN] 16:18:50.098651 シナリオ走行を終了しました [シナリオ名: 新規ユーザー登録]
[ADMIN] 16:18:50.098671 シナリオ走行を開始しました [シナリオ名: 新規ユーザー登録]
[ADMIN] 16:18:50.132095 シナリオ走行を終了しました [シナリオ名: ログイン]
[ADMIN] 16:18:50.132109 シナリオ走行を開始しました [シナリオ名: ログイン]
[ADMIN] 16:18:50.149550 シナリオ走行を終了しました [シナリオ名: 新規ユーザー登録]
[ADMIN] 16:18:50.149573 シナリオ走行を開始しました [シナリオ名: 新規ユーザー登録]
[ADMIN] 16:18:50.176872 シナリオ走行を終了しました [シナリオ名: ログイン]
[ADMIN] 16:18:50.176884 シナリオ走行を開始しました [シナリオ名: ログイン]
[ADMIN] 16:18:50.199362 シナリオ走行を終了しました [シナリオ名: 新規ユーザー登録]
[ADMIN] 16:18:50.199380 シナリオ走行を開始しました [シナリオ名: 新規ユーザー登録]
[ADMIN] 16:18:50.222993 シナリオ走行を終了しました [シナリオ名: ログイン]
[ADMIN] 16:18:50.223005 シナリオ走行を開始しました [シナリオ名: ログイン]
[ADMIN] 16:18:50.249116 シナリオ走行を終了しました [シナリオ名: ログイン]
[ADMIN] 16:18:50.249128 シナリオ走行を開始しました [シナリオ名: ログイン]
[ADMIN] 16:18:50.252859 シナリオ走行を終了しました [シナリオ名: 新規ユーザー登録]
[ADMIN] 16:18:50.252878 シナリオ走行を開始しました [シナリオ名: 新規ユーザー登録]
[ADMIN] 16:18:50.278051 シナリオ走行を終了しました [シナリオ名: ログイン]
[ADMIN] 16:18:50.278064 シナリオ走行を開始しました [シナリオ名: ログイン]
[ADMIN] 16:18:50.304021 シナリオ走行を終了しました [シナリオ名: 新規ユーザー登録]
[ADMIN] 16:18:50.304043 シナリオ走行を開始しました [シナリオ名: 新規ユーザー登録]
[ADMIN] 16:18:50.318571 シナリオ走行を終了しました [シナリオ名: ログイン]
[ADMIN] 16:18:50.318581 シナリオ走行を開始しました [シナリオ名: ログイン]
[ADMIN] 16:18:50.354866 シナリオ走行を終了しました [シナリオ名: 新規ユーザー登録]
[ADMIN] 16:18:50.354888 シナリオ走行を開始しました [シナリオ名: 新規ユーザー登録]
[ADMIN] 16:18:50.359556 シナリオ走行を終了しました [シナリオ名: ログイン]
[ADMIN] 16:18:50.359567 シナリオ走行を開始しました [シナリオ名: ログイン]
[ADMIN] 16:18:50.397826 シナリオ走行を終了しました [シナリオ名: ログイン]
[ADMIN] 16:18:50.397841 シナリオ走行を開始しました [シナリオ名: ログイン]
[ADMIN] 16:18:50.407841 シナリオ走行を終了しました [シナリオ名: 新規ユーザー登録]
[ADMIN] 16:18:50.407865 シナリオ走行を開始しました [シナリオ名: 新規ユーザー登録]
[ADMIN] 16:18:50.439521 シナリオ走行を終了しました [シナリオ名: ログイン]
[ADMIN] 16:18:50.439533 シナリオ走行を開始しました [シナリオ名: ログイン]
[ADMIN] 16:18:50.445420 シナリオ走行を終了しました [シナリオ名: Banユーザログイン]
[ADMIN] 16:18:50.445433 シナリオ走行を開始しました [シナリオ名: Banユーザログイン]
[ADMIN] 16:18:50.462017 シナリオ走行を終了しました [シナリオ名: 新規ユーザー登録]
[ADMIN] 16:18:50.462037 シナリオ走行を開始しました [シナリオ名: 新規ユーザー登録]
[ADMIN] 16:18:50.484452 シナリオ走行を終了しました [シナリオ名: ログイン]
[ADMIN] 16:18:50.484465 シナリオ走行を開始しました [シナリオ名: ログイン]
[ADMIN] 16:18:50.517760 シナリオ走行を終了しました [シナリオ名: 新規ユーザー登録]
[ADMIN] 16:18:50.517786 シナリオ走行を開始しました [シナリオ名: 新規ユーザー登録]
[ADMIN] 16:18:50.535980 シナリオ走行を終了しました [シナリオ名: ログイン]
[ADMIN] 16:18:50.535991 シナリオ走行を開始しました [シナリオ名: ログイン]
[ADMIN] 16:18:50.578101 シナリオ走行を終了しました [シナリオ名: ログイン]
[ADMIN] 16:18:50.578113 シナリオ走行を開始しました [シナリオ名: ログイン]
[ADMIN] 16:18:50.587441 シナリオ走行を終了しました [シナリオ名: 新規ユーザー登録]
[ADMIN] 16:18:50.587461 シナリオ走行を開始しました [シナリオ名: 新規ユーザー登録]
[ADMIN] 16:18:50.624265 シナリオ走行を終了しました [シナリオ名: ログイン]
[ADMIN] 16:18:50.624279 シナリオ走行を開始しました [シナリオ名: ログイン]
[ADMIN] 16:18:50.644648 シナリオ走行を終了しました [シナリオ名: 新規ユーザー登録]
[ADMIN] 16:18:50.644675 シナリオ走行を開始しました [シナリオ名: 新規ユーザー登録]
[ADMIN] 16:18:50.655125 シナリオ走行を終了しました [シナリオ名: ログイン]
[ADMIN] 16:18:50.655136 シナリオ走行を開始しました [シナリオ名: ログイン]
[ADMIN] 16:18:50.704238 シナリオ走行を終了しました [シナリオ名: 新規ユーザー登録]
[ADMIN] 16:18:50.704263 シナリオ走行を開始しました [シナリオ名: 新規ユーザー登録]
[ADMIN] 16:18:50.706541 シナリオ走行を終了しました [シナリオ名: ログイン]
[ADMIN] 16:18:50.706550 シナリオ走行を開始しました [シナリオ名: ログイン]
[ADMIN] 16:18:50.737594 シナリオ走行を終了しました [シナリオ名: ログイン]
[ADMIN] 16:18:50.737608 シナリオ走行を開始しました [シナリオ名: ログイン]
[ADMIN] 16:18:50.761379 シナリオ走行を終了しました [シナリオ名: 新規ユーザー登録]
[ADMIN] 16:18:50.761414 シナリオ走行を開始しました [シナリオ名: 新規ユーザー登録]
[ADMIN] 16:18:50.779125 シナリオ走行を終了しました [シナリオ名: ログイン]
[ADMIN] 16:18:50.779139 シナリオ走行を開始しました [シナリオ名: ログイン]
[ADMIN] 16:18:50.814209 シナリオ走行を終了しました [シナリオ名: 新規ユーザー登録]
[ADMIN] 16:18:50.814229 シナリオ走行を開始しました [シナリオ名: 新規ユーザー登録]
[ADMIN] 16:18:50.820989 シナリオ走行を終了しました [シナリオ名: ログイン]
[ADMIN] 16:18:50.821004 シナリオ走行を開始しました [シナリオ名: ログイン]
[ADMIN] 16:18:50.861874 シナリオ走行を終了しました [シナリオ名: ログイン]
[ADMIN] 16:18:50.861888 シナリオ走行を開始しました [シナリオ名: ログイン]
[ADMIN] 16:18:50.865044 シナリオ走行を終了しました [シナリオ名: 新規ユーザー登録]
[ADMIN] 16:18:50.865063 シナリオ走行を開始しました [シナリオ名: 新規ユーザー登録]
[ADMIN] 16:18:50.906309 シナリオ走行を終了しました [シナリオ名: ログイン]
[ADMIN] 16:18:50.906323 シナリオ走行を開始しました [シナリオ名: ログイン]
[ADMIN] 16:18:50.920650 シナリオ走行を終了しました [シナリオ名: 新規ユーザー登録]
[ADMIN] 16:18:50.920675 シナリオ走行を開始しました [シナリオ名: 新規ユーザー登録]
[ADMIN] 16:18:50.937527 シナリオ走行を終了しました [シナリオ名: ログイン]
[ADMIN] 16:18:50.937538 シナリオ走行を開始しました [シナリオ名: ログイン]
[ADMIN] 16:18:50.949119 シナリオ走行を終了しました [シナリオ名: Banユーザログイン]
[ADMIN] 16:18:50.949134 シナリオ走行を開始しました [シナリオ名: Banユーザログイン]
[ADMIN] 16:18:50.977182 シナリオ走行を終了しました [シナリオ名: 新規ユーザー登録]
[ADMIN] 16:18:50.977203 シナリオ走行を開始しました [シナリオ名: 新規ユーザー登録]
[ADMIN] 16:18:50.983794 シナリオ走行を終了しました [シナリオ名: ログイン]
[ADMIN] 16:18:50.983802 シナリオ走行を開始しました [シナリオ名: ログイン]
[ADMIN] 16:18:51.019523 シナリオ走行を終了しました [シナリオ名: ログイン]
[ADMIN] 16:18:51.019536 シナリオ走行を開始しました [シナリオ名: ログイン]
[ADMIN] 16:18:51.028853 シナリオ走行を終了しました [シナリオ名: 新規ユーザー登録]
[ADMIN] 16:18:51.028872 シナリオ走行を開始しました [シナリオ名: 新規ユーザー登録]
[ADMIN] 16:18:51.055485 シナリオ走行を終了しました [シナリオ名: ログイン]
[ADMIN] 16:18:51.055497 シナリオ走行を開始しました [シナリオ名: ログイン]
[ADMIN] 16:18:51.078881 シナリオ走行を終了しました [シナリオ名: 新規ユーザー登録]
[ADMIN] 16:18:51.078903 シナリオ走行を開始しました [シナリオ名: 新規ユーザー登録]
[ADMIN] 16:18:51.101852 シナリオ走行を終了しました [シナリオ名: ログイン]
[ADMIN] 16:18:51.101864 シナリオ走行を開始しました [シナリオ名: ログイン]
[ADMIN] 16:18:51.134313 シナリオ走行を終了しました [シナリオ名: 新規ユーザー登録]
[ADMIN] 16:18:51.134341 シナリオ走行を開始しました [シナリオ名: 新規ユーザー登録]
[ADMIN] 16:18:51.144952 シナリオ走行を終了しました [シナリオ名: ログイン]
[ADMIN] 16:18:51.144963 シナリオ走行を開始しました [シナリオ名: ログイン]
[ADMIN] 16:18:51.184752 シナリオ走行を終了しました [シナリオ名: 新規ユーザー登録]
[ADMIN] 16:18:51.184773 シナリオ走行を開始しました [シナリオ名: 新規ユーザー登録]
[ADMIN] 16:18:51.195016 シナリオ走行を終了しました [シナリオ名: ログイン]
[ADMIN] 16:18:51.195027 シナリオ走行を開始しました [シナリオ名: ログイン]
[ADMIN] 16:18:51.235060 シナリオ走行を終了しました [シナリオ名: ログイン]
[ADMIN] 16:18:51.235073 シナリオ走行を開始しました [シナリオ名: ログイン]
[ADMIN] 16:18:51.237117 シナリオ走行を終了しました [シナリオ名: 新規ユーザー登録]
[ADMIN] 16:18:51.237139 シナリオ走行を開始しました [シナリオ名: 新規ユーザー登録]
[ADMIN] 16:18:51.274190 シナリオ走行を終了しました [シナリオ名: ログイン]
[ADMIN] 16:18:51.274206 シナリオ走行を開始しました [シナリオ名: ログイン]
[ADMIN] 16:18:51.288190 シナリオ走行を終了しました [シナリオ名: 新規ユーザー登録]
[ADMIN] 16:18:51.288212 シナリオ走行を開始しました [シナリオ名: 新規ユーザー登録]
[ADMIN] 16:18:51.319447 シナリオ走行を終了しました [シナリオ名: ログイン]
[ADMIN] 16:18:51.319462 シナリオ走行を開始しました [シナリオ名: ログイン]
[ADMIN] 16:18:51.341000 シナリオ走行を終了しました [シナリオ名: 新規ユーザー登録]
[ADMIN] 16:18:51.341041 シナリオ走行を開始しました [シナリオ名: 新規ユーザー登録]
[ADMIN] 16:18:51.346218 シナリオ走行を終了しました [シナリオ名: ログイン]
[ADMIN] 16:18:51.346229 シナリオ走行を開始しました [シナリオ名: ログイン]
[ADMIN] 16:18:51.390573 シナリオ走行を終了しました [シナリオ名: ログイン]
[ADMIN] 16:18:51.390584 シナリオ走行を開始しました [シナリオ名: ログイン]
[ADMIN] 16:18:51.391049 シナリオ走行を終了しました [シナリオ名: 新規ユーザー登録]
[ADMIN] 16:18:51.391072 シナリオ走行を開始しました [シナリオ名: 新規ユーザー登録]
[ADMIN] 16:18:51.427686 シナリオ走行を終了しました [シナリオ名: ログイン]
[ADMIN] 16:18:51.427700 シナリオ走行を開始しました [シナリオ名: ログイン]
[ADMIN] 16:18:51.444089 シナリオ走行を終了しました [シナリオ名: 新規ユーザー登録]
[ADMIN] 16:18:51.444113 シナリオ走行を開始しました [シナリオ名: 新規ユーザー登録]
[ADMIN] 16:18:51.451564 シナリオ走行を終了しました [シナリオ名: Banユーザログイン]
[ADMIN] 16:18:51.451582 シナリオ走行を開始しました [シナリオ名: Banユーザログイン]
[ADMIN] 16:18:51.470044 シナリオ走行を終了しました [シナリオ名: ログイン]
[ADMIN] 16:18:51.470059 シナリオ走行を開始しました [シナリオ名: ログイン]
[ADMIN] 16:18:51.502404 シナリオ走行を終了しました [シナリオ名: 新規ユーザー登録]
[ADMIN] 16:18:51.502443 シナリオ走行を開始しました [シナリオ名: 新規ユーザー登録]
[ADMIN] 16:18:51.509252 シナリオ走行を終了しました [シナリオ名: ログイン]
[ADMIN] 16:18:51.509268 シナリオ走行を開始しました [シナリオ名: ログイン]
[ADMIN] 16:18:51.554143 シナリオ走行を終了しました [シナリオ名: ログイン]
[ADMIN] 16:18:51.554158 シナリオ走行を開始しました [シナリオ名: ログイン]
[ADMIN] 16:18:51.561851 シナリオ走行を終了しました [シナリオ名: 新規ユーザー登録]
[ADMIN] 16:18:51.561874 シナリオ走行を開始しました [シナリオ名: 新規ユーザー登録]
[ADMIN] 16:18:51.582215 シナリオ走行を終了しました [シナリオ名: ログイン]
[ADMIN] 16:18:51.582227 シナリオ走行を開始しました [シナリオ名: ログイン]
[ADMIN] 16:18:51.621040 シナリオ走行を終了しました [シナリオ名: 新規ユーザー登録]
[ADMIN] 16:18:51.621066 シナリオ走行を開始しました [シナリオ名: 新規ユーザー登録]
[ADMIN] 16:18:51.633617 シナリオ走行を終了しました [シナリオ名: ログイン]
[ADMIN] 16:18:51.633646 シナリオ走行を開始しました [シナリオ名: ログイン]
[ADMIN] 16:18:51.665582 シナリオ走行を終了しました [シナリオ名: ログイン]
[ADMIN] 16:18:51.665596 シナリオ走行を開始しました [シナリオ名: ログイン]
[ADMIN] 16:18:51.678504 シナリオ走行を終了しました [シナリオ名: 新規ユーザー登録]
[ADMIN] 16:18:51.678522 シナリオ走行を開始しました [シナリオ名: 新規ユーザー登録]
[ADMIN] 16:18:51.710845 シナリオ走行を終了しました [シナリオ名: ログイン]
[ADMIN] 16:18:51.710862 シナリオ走行を開始しました [シナリオ名: ログイン]
[ADMIN] 16:18:51.734486 シナリオ走行を終了しました [シナリオ名: 新規ユーザー登録]
[ADMIN] 16:18:51.734515 シナリオ走行を開始しました [シナリオ名: 新規ユーザー登録]
[ADMIN] 16:18:51.760226 シナリオ走行を終了しました [シナリオ名: ログイン]
[ADMIN] 16:18:51.760239 シナリオ走行を開始しました [シナリオ名: ログイン]
[ADMIN] 16:18:51.788351 シナリオ走行を終了しました [シナリオ名: ログイン]
[ADMIN] 16:18:51.788364 シナリオ走行を開始しました [シナリオ名: ログイン]
[ADMIN] 16:18:51.790330 シナリオ走行を終了しました [シナリオ名: 新規ユーザー登録]
[ADMIN] 16:18:51.790347 シナリオ走行を開始しました [シナリオ名: 新規ユーザー登録]
[ADMIN] 16:18:51.826416 シナリオ走行を終了しました [シナリオ名: ログイン]
[ADMIN] 16:18:51.826427 シナリオ走行を開始しました [シナリオ名: ログイン]
[ADMIN] 16:18:51.842947 シナリオ走行を終了しました [シナリオ名: 新規ユーザー登録]
[ADMIN] 16:18:51.842971 シナリオ走行を開始しました [シナリオ名: 新規ユーザー登録]
[ADMIN] 16:18:51.865009 シナリオ走行を終了しました [シナリオ名: ログイン]
[ADMIN] 16:18:51.865024 シナリオ走行を開始しました [シナリオ名: ログイン]
[ADMIN] 16:18:51.893182 シナリオ走行を終了しました [シナリオ名: 新規ユーザー登録]
[ADMIN] 16:18:51.893206 シナリオ走行を開始しました [シナリオ名: 新規ユーザー登録]
[ADMIN] 16:18:51.908827 シナリオ走行を終了しました [シナリオ名: ログイン]
[ADMIN] 16:18:51.908839 シナリオ走行を開始しました [シナリオ名: ログイン]
[ADMIN] 16:18:51.937648 シナリオ走行を終了しました [シナリオ名: ログイン]
[ADMIN] 16:18:51.937657 シナリオ走行を開始しました [シナリオ名: ログイン]
[ADMIN] 16:18:51.946783 シナリオ走行を終了しました [シナリオ名: 新規ユーザー登録]
[ADMIN] 16:18:51.946801 シナリオ走行を開始しました [シナリオ名: 新規ユーザー登録]
[ADMIN] 16:18:51.954372 シナリオ走行を終了しました [シナリオ名: Banユーザログイン]
[ADMIN] 16:18:51.954384 シナリオ走行を開始しました [シナリオ名: Banユーザログイン]
[ADMIN] 16:18:51.981777 シナリオ走行を終了しました [シナリオ名: ログイン]
[ADMIN] 16:18:51.981791 シナリオ走行を開始しました [シナリオ名: ログイン]
[ADMIN] 16:18:51.998942 シナリオ走行を終了しました [シナリオ名: 新規ユーザー登録]
[ADMIN] 16:18:51.998965 シナリオ走行を開始しました [シナリオ名: 新規ユーザー登録]
[ADMIN] 16:18:52.026767 シナリオ走行を終了しました [シナリオ名: ログイン]
[ADMIN] 16:18:52.026778 シナリオ走行を開始しました [シナリオ名: ログイン]
[ADMIN] 16:18:52.051462 シナリオ走行を終了しました [シナリオ名: 新規ユーザー登録]
[ADMIN] 16:18:52.051488 シナリオ走行を開始しました [シナリオ名: 新規ユーザー登録]
[ADMIN] 16:18:52.065239 シナリオ走行を終了しました [シナリオ名: ログイン]
[ADMIN] 16:18:52.065251 シナリオ走行を開始しました [シナリオ名: ログイン]
[ADMIN] 16:18:52.093994 シナリオ走行を終了しました [シナリオ名: ログイン]
[ADMIN] 16:18:52.094005 シナリオ走行を開始しました [シナリオ名: ログイン]
[ADMIN] 16:18:52.106251 シナリオ走行を終了しました [シナリオ名: 新規ユーザー登録]
[ADMIN] 16:18:52.106273 シナリオ走行を開始しました [シナリオ名: 新規ユーザー登録]
[ADMIN] 16:18:52.131596 シナリオ走行を終了しました [シナリオ名: ログイン]
[ADMIN] 16:18:52.131613 シナリオ走行を開始しました [シナリオ名: ログイン]
[ADMIN] 16:18:52.159363 シナリオ走行を終了しました [シナリオ名: 新規ユーザー登録]
[ADMIN] 16:18:52.159387 シナリオ走行を開始しました [シナリオ名: 新規ユーザー登録]
[ADMIN] 16:18:52.177569 シナリオ走行を終了しました [シナリオ名: ログイン]
[ADMIN] 16:18:52.177580 シナリオ走行を開始しました [シナリオ名: ログイン]
[ADMIN] 16:18:52.207113 シナリオ走行を終了しました [シナリオ名: ログイン]
[ADMIN] 16:18:52.207126 シナリオ走行を開始しました [シナリオ名: ログイン]
[ADMIN] 16:18:52.212617 シナリオ走行を終了しました [シナリオ名: 新規ユーザー登録]
[ADMIN] 16:18:52.212637 シナリオ走行を開始しました [シナリオ名: 新規ユーザー登録]
[ADMIN] 16:18:52.244093 シナリオ走行を終了しました [シナリオ名: ログイン]
[ADMIN] 16:18:52.244108 シナリオ走行を開始しました [シナリオ名: ログイン]
[ADMIN] 16:18:52.264483 シナリオ走行を終了しました [シナリオ名: 新規ユーザー登録]
[ADMIN] 16:18:52.264505 シナリオ走行を開始しました [シナリオ名: 新規ユーザー登録]
[ADMIN] 16:18:52.272186 シナリオ走行を終了しました [シナリオ名: ログイン]
[ADMIN] 16:18:52.272198 シナリオ走行を開始しました [シナリオ名: ログイン]
[ADMIN] 16:18:52.315415 シナリオ走行を終了しました [シナリオ名: 新規ユーザー登録]
[ADMIN] 16:18:52.315442 シナリオ走行を開始しました [シナリオ名: 新規ユーザー登録]
[ADMIN] 16:18:52.318362 シナリオ走行を終了しました [シナリオ名: ログイン]
[ADMIN] 16:18:52.318373 シナリオ走行を開始しました [シナリオ名: ログイン]
[ADMIN] 16:18:52.345236 シナリオ走行を終了しました [シナリオ名: ログイン]
[ADMIN] 16:18:52.345247 シナリオ走行を開始しました [シナリオ名: ログイン]
[ADMIN] 16:18:52.372835 シナリオ走行を終了しました [シナリオ名: 新規ユーザー登録]
[ADMIN] 16:18:52.372855 シナリオ走行を開始しました [シナリオ名: 新規ユーザー登録]
[ADMIN] 16:18:52.373568 シナリオ走行を終了しました [シナリオ名: ログイン]
[ADMIN] 16:18:52.373579 シナリオ走行を開始しました [シナリオ名: ログイン]
[ADMIN] 16:18:52.416750 シナリオ走行を終了しました [シナリオ名: ログイン]
[ADMIN] 16:18:52.416762 シナリオ走行を開始しました [シナリオ名: ログイン]
[ADMIN] 16:18:52.424631 シナリオ走行を終了しました [シナリオ名: 新規ユーザー登録]
[ADMIN] 16:18:52.424651 シナリオ走行を開始しました [シナリオ名: 新規ユーザー登録]
[ADMIN] 16:18:52.457647 シナリオ走行を終了しました [シナリオ名: Banユーザログイン]
[ADMIN] 16:18:52.457664 シナリオ走行を開始しました [シナリオ名: Banユーザログイン]
[ADMIN] 16:18:52.463057 シナリオ走行を終了しました [シナリオ名: ログイン]
[ADMIN] 16:18:52.463068 シナリオ走行を開始しました [シナリオ名: ログイン]
[ADMIN] 16:18:52.481019 シナリオ走行を終了しました [シナリオ名: 新規ユーザー登録]
[ADMIN] 16:18:52.481038 シナリオ走行を開始しました [シナリオ名: 新規ユーザー登録]
[ADMIN] 16:18:52.494294 シナリオ走行を終了しました [シナリオ名: ログイン]
[ADMIN] 16:18:52.494304 シナリオ走行を開始しました [シナリオ名: ログイン]
[ADMIN] 16:18:52.526426 シナリオ走行を終了しました [シナリオ名: ログイン]
[ADMIN] 16:18:52.526439 シナリオ走行を開始しました [シナリオ名: ログイン]
[ADMIN] 16:18:52.539548 シナリオ走行を終了しました [シナリオ名: 新規ユーザー登録]
[ADMIN] 16:18:52.539571 シナリオ走行を開始しました [シナリオ名: 新規ユーザー登録]
[ADMIN] 16:18:52.597976 シナリオ走行を終了しました [シナリオ名: ログイン]
[ADMIN] 16:18:52.597990 シナリオ走行を開始しました [シナリオ名: ログイン]
[ADMIN] 16:18:52.599860 シナリオ走行を終了しました [シナリオ名: 新規ユーザー登録]
[ADMIN] 16:18:52.599881 シナリオ走行を開始しました [シナリオ名: 新規ユーザー登録]
[ADMIN] 16:18:52.628431 シナリオ走行を終了しました [シナリオ名: ログイン]
[ADMIN] 16:18:52.628443 シナリオ走行を開始しました [シナリオ名: ログイン]
[ADMIN] 16:18:52.661298 シナリオ走行を終了しました [シナリオ名: 新規ユーザー登録]
[ADMIN] 16:18:52.661321 シナリオ走行を開始しました [シナリオ名: 新規ユーザー登録]
[ADMIN] 16:18:52.670863 シナリオ走行を終了しました [シナリオ名: ログイン]
[ADMIN] 16:18:52.670876 シナリオ走行を開始しました [シナリオ名: ログイン]
[ADMIN] 16:18:52.721361 シナリオ走行を終了しました [シナリオ名: ログイン]
[ADMIN] 16:18:52.721374 シナリオ走行を開始しました [シナリオ名: ログイン]
[ADMIN] 16:18:52.724484 シナリオ走行を終了しました [シナリオ名: 新規ユーザー登録]
[ADMIN] 16:18:52.724508 シナリオ走行を開始しました [シナリオ名: 新規ユーザー登録]
[ADMIN] 16:18:52.770437 シナリオ走行を終了しました [シナリオ名: ログイン]
[ADMIN] 16:18:52.770450 シナリオ走行を開始しました [シナリオ名: ログイン]
[ADMIN] 16:18:52.781527 シナリオ走行を終了しました [シナリオ名: 新規ユーザー登録]
[ADMIN] 16:18:52.781548 シナリオ走行を開始しました [シナリオ名: 新規ユーザー登録]
[ADMIN] 16:18:52.807544 シナリオ走行を終了しました [シナリオ名: ログイン]
[ADMIN] 16:18:52.807553 シナリオ走行を開始しました [シナリオ名: ログイン]
[ADMIN] 16:18:52.834315 シナリオ走行を終了しました [シナリオ名: 新規ユーザー登録]
[ADMIN] 16:18:52.834332 シナリオ走行を開始しました [シナリオ名: 新規ユーザー登録]
[ADMIN] 16:18:52.848997 シナリオ走行を終了しました [シナリオ名: ログイン]
[ADMIN] 16:18:52.849006 シナリオ走行を開始しました [シナリオ名: ログイン]
[ADMIN] 16:18:52.887493 シナリオ走行を終了しました [シナリオ名: 新規ユーザー登録]
[ADMIN] 16:18:52.887514 シナリオ走行を開始しました [シナリオ名: 新規ユーザー登録]
[ADMIN] 16:18:52.893514 シナリオ走行を終了しました [シナリオ名: ログイン]
[ADMIN] 16:18:52.893525 シナリオ走行を開始しました [シナリオ名: ログイン]
[ADMIN] 16:18:52.935479 シナリオ走行を終了しました [シナリオ名: ログイン]
[ADMIN] 16:18:52.935490 シナリオ走行を開始しました [シナリオ名: ログイン]
[ADMIN] 16:18:52.938002 シナリオ走行を終了しました [シナリオ名: 新規ユーザー登録]
[ADMIN] 16:18:52.938021 シナリオ走行を開始しました [シナリオ名: 新規ユーザー登録]
[ADMIN] 16:18:52.960929 シナリオ走行を終了しました [シナリオ名: Banユーザログイン]
[ADMIN] 16:18:52.960945 シナリオ走行を開始しました [シナリオ名: Banユーザログイン]
[ADMIN] 16:18:52.980038 シナリオ走行を終了しました [シナリオ名: ログイン]
[ADMIN] 16:18:52.980050 シナリオ走行を開始しました [シナリオ名: ログイン]
[ADMIN] 16:18:52.990365 シナリオ走行を終了しました [シナリオ名: 新規ユーザー登録]
[ADMIN] 16:18:52.990383 シナリオ走行を開始しました [シナリオ名: 新規ユーザー登録]
[ADMIN] 16:18:53.018646 シナリオ走行を終了しました [シナリオ名: ログイン]
[ADMIN] 16:18:53.018661 シナリオ走行を開始しました [シナリオ名: ログイン]
[ADMIN] 16:18:53.038936 シナリオ走行を終了しました [シナリオ名: 新規ユーザー登録]
[ADMIN] 16:18:53.038957 シナリオ走行を開始しました [シナリオ名: 新規ユーザー登録]
[ADMIN] 16:18:53.057715 シナリオ走行を終了しました [シナリオ名: ログイン]
[ADMIN] 16:18:53.057731 シナリオ走行を開始しました [シナリオ名: ログイン]
[ADMIN] 16:18:53.084163 シナリオ走行を終了しました [シナリオ名: ログイン]
[ADMIN] 16:18:53.084176 シナリオ走行を開始しました [シナリオ名: ログイン]
[ADMIN] 16:18:53.090818 シナリオ走行を終了しました [シナリオ名: 新規ユーザー登録]
[ADMIN] 16:18:53.090836 シナリオ走行を開始しました [シナリオ名: 新規ユーザー登録]
[ADMIN] 16:18:53.122073 シナリオ走行を終了しました [シナリオ名: ログイン]
[ADMIN] 16:18:53.122090 シナリオ走行を開始しました [シナリオ名: ログイン]
[ADMIN] 16:18:53.141204 シナリオ走行を終了しました [シナリオ名: 新規ユーザー登録]
[ADMIN] 16:18:53.141226 シナリオ走行を開始しました [シナリオ名: 新規ユーザー登録]
[ADMIN] 16:18:53.149448 シナリオ走行を終了しました [シナリオ名: ログイン]
[ADMIN] 16:18:53.149457 シナリオ走行を開始しました [シナリオ名: ログイン]
[ADMIN] 16:18:53.184799 シナリオ走行を終了しました [シナリオ名: ログイン]
[ADMIN] 16:18:53.184811 シナリオ走行を開始しました [シナリオ名: ログイン]
[ADMIN] 16:18:53.195288 シナリオ走行を終了しました [シナリオ名: 新規ユーザー登録]
[ADMIN] 16:18:53.195308 シナリオ走行を開始しました [シナリオ名: 新規ユーザー登録]
[ADMIN] 16:18:53.214434 シナリオ走行を終了しました [シナリオ名: ログイン]
[ADMIN] 16:18:53.214445 シナリオ走行を開始しました [シナリオ名: ログイン]
[ADMIN] 16:18:53.249265 シナリオ走行を終了しました [シナリオ名: 新規ユーザー登録]
[ADMIN] 16:18:53.249289 シナリオ走行を開始しました [シナリオ名: 新規ユーザー登録]
[ADMIN] 16:18:53.251909 シナリオ走行を終了しました [シナリオ名: ログイン]
[ADMIN] 16:18:53.251970 シナリオ走行を開始しました [シナリオ名: ログイン]
[ADMIN] 16:18:53.279039 シナリオ走行を終了しました [シナリオ名: ログイン]
[ADMIN] 16:18:53.279055 シナリオ走行を開始しました [シナリオ名: ログイン]
[ADMIN] 16:18:53.300987 シナリオ走行を終了しました [シナリオ名: 新規ユーザー登録]
[ADMIN] 16:18:53.301008 シナリオ走行を開始しました [シナリオ名: 新規ユーザー登録]
[ADMIN] 16:18:53.314111 シナリオ走行を終了しました [シナリオ名: ログイン]
[ADMIN] 16:18:53.314122 シナリオ走行を開始しました [シナリオ名: ログイン]
[ADMIN] 16:18:53.342732 シナリオ走行を終了しました [シナリオ名: ログイン]
[ADMIN] 16:18:53.342744 シナリオ走行を開始しました [シナリオ名: ログイン]
[ADMIN] 16:18:53.354249 シナリオ走行を終了しました [シナリオ名: 新規ユーザー登録]
[ADMIN] 16:18:53.354267 シナリオ走行を開始しました [シナリオ名: 新規ユーザー登録]
[ADMIN] 16:18:53.386531 シナリオ走行を終了しました [シナリオ名: ログイン]
[ADMIN] 16:18:53.386543 シナリオ走行を開始しました [シナリオ名: ログイン]
[ADMIN] 16:18:53.404429 シナリオ走行を終了しました [シナリオ名: 新規ユーザー登録]
[ADMIN] 16:18:53.404450 シナリオ走行を開始しました [シナリオ名: 新規ユーザー登録]
[ADMIN] 16:18:53.414368 シナリオ走行を終了しました [シナリオ名: ログイン]
[ADMIN] 16:18:53.414379 シナリオ走行を開始しました [シナリオ名: ログイン]
[ADMIN] 16:18:53.456777 シナリオ走行を終了しました [シナリオ名: 新規ユーザー登録]
[ADMIN] 16:18:53.456800 シナリオ走行を開始しました [シナリオ名: 新規ユーザー登録]
[ADMIN] 16:18:53.460996 シナリオ走行を終了しました [シナリオ名: ログイン]
[ADMIN] 16:18:53.461007 シナリオ走行を開始しました [シナリオ名: ログイン]
[ADMIN] 16:18:53.464427 シナリオ走行を終了しました [シナリオ名: Banユーザログイン]
[ADMIN] 16:18:53.464442 シナリオ走行を開始しました [シナリオ名: Banユーザログイン]
[ADMIN] 16:18:53.491163 シナリオ走行を終了しました [シナリオ名: ログイン]
[ADMIN] 16:18:53.491174 シナリオ走行を開始しました [シナリオ名: ログイン]
[ADMIN] 16:18:53.517388 シナリオ走行を終了しました [シナリオ名: 新規ユーザー登録]
[ADMIN] 16:18:53.517411 シナリオ走行を開始しました [シナリオ名: 新規ユーザー登録]
[ADMIN] 16:18:53.542411 シナリオ走行を終了しました [シナリオ名: ログイン]
[ADMIN] 16:18:53.542424 シナリオ走行を開始しました [シナリオ名: ログイン]
[ADMIN] 16:18:53.576270 シナリオ走行を終了しました [シナリオ名: ログイン]
[ADMIN] 16:18:53.576291 シナリオ走行を開始しました [シナリオ名: ログイン]
[ADMIN] 16:18:53.578493 シナリオ走行を終了しました [シナリオ名: 新規ユーザー登録]
[ADMIN] 16:18:53.578515 シナリオ走行を開始しました [シナリオ名: 新規ユーザー登録]
[ADMIN] 16:18:53.619169 シナリオ走行を終了しました [シナリオ名: ログイン]
[ADMIN] 16:18:53.619182 シナリオ走行を開始しました [シナリオ名: ログイン]
[ADMIN] 16:18:53.639981 シナリオ走行を終了しました [シナリオ名: 新規ユーザー登録]
[ADMIN] 16:18:53.640006 シナリオ走行を開始しました [シナリオ名: 新規ユーザー登録]
[ADMIN] 16:18:53.664199 シナリオ走行を終了しました [シナリオ名: ログイン]
[ADMIN] 16:18:53.664213 シナリオ走行を開始しました [シナリオ名: ログイン]
[ADMIN] 16:18:53.694189 シナリオ走行を終了しました [シナリオ名: ログイン]
[ADMIN] 16:18:53.694205 シナリオ走行を開始しました [シナリオ名: ログイン]
[ADMIN] 16:18:53.699741 シナリオ走行を終了しました [シナリオ名: 新規ユーザー登録]
[ADMIN] 16:18:53.699774 シナリオ走行を開始しました [シナリオ名: 新規ユーザー登録]
[ADMIN] 16:18:53.724086 シナリオ走行を終了しました [シナリオ名: ログイン]
[ADMIN] 16:18:53.724098 シナリオ走行を開始しました [シナリオ名: ログイン]
[ADMIN] 16:18:53.757648 シナリオ走行を終了しました [シナリオ名: 新規ユーザー登録]
[ADMIN] 16:18:53.757675 シナリオ走行を開始しました [シナリオ名: 新規ユーザー登録]
[ADMIN] 16:18:53.763436 シナリオ走行を終了しました [シナリオ名: ログイン]
[ADMIN] 16:18:53.763447 シナリオ走行を開始しました [シナリオ名: ログイン]
[ADMIN] 16:18:53.789358 シナリオ走行を終了しました [シナリオ名: ログイン]
[ADMIN] 16:18:53.789375 シナリオ走行を開始しました [シナリオ名: ログイン]
[ADMIN] 16:18:53.811693 シナリオ走行を終了しました [シナリオ名: 新規ユーザー登録]
[ADMIN] 16:18:53.811716 シナリオ走行を開始しました [シナリオ名: 新規ユーザー登録]
[ADMIN] 16:18:53.817461 シナリオ走行を終了しました [シナリオ名: ログイン]
[ADMIN] 16:18:53.817470 シナリオ走行を開始しました [シナリオ名: ログイン]
[ADMIN] 16:18:53.843359 シナリオ走行を終了しました [シナリオ名: ログイン]
[ADMIN] 16:18:53.843370 シナリオ走行を開始しました [シナリオ名: ログイン]
[ADMIN] 16:18:53.864539 シナリオ走行を終了しました [シナリオ名: 新規ユーザー登録]
[ADMIN] 16:18:53.864558 シナリオ走行を開始しました [シナリオ名: 新規ユーザー登録]
[ADMIN] 16:18:53.870654 シナリオ走行を終了しました [シナリオ名: ログイン]
[ADMIN] 16:18:53.870665 シナリオ走行を開始しました [シナリオ名: ログイン]
[ADMIN] 16:18:53.900200 シナリオ走行を終了しました [シナリオ名: ログイン]
[ADMIN] 16:18:53.900211 シナリオ走行を開始しました [シナリオ名: ログイン]
[ADMIN] 16:18:53.918603 シナリオ走行を終了しました [シナリオ名: 新規ユーザー登録]
[ADMIN] 16:18:53.918638 シナリオ走行を開始しました [シナリオ名: 新規ユーザー登録]
[ADMIN] 16:18:53.942077 シナリオ走行を終了しました [シナリオ名: ログイン]
[ADMIN] 16:18:53.942088 シナリオ走行を開始しました [シナリオ名: ログイン]
[ADMIN] 16:18:53.968267 シナリオ走行を終了しました [シナリオ名: Banユーザログイン]
[ADMIN] 16:18:53.968283 シナリオ走行を開始しました [シナリオ名: Banユーザログイン]
[ADMIN] 16:18:53.970744 シナリオ走行を終了しました [シナリオ名: 新規ユーザー登録]
[ADMIN] 16:18:53.970763 シナリオ走行を開始しました [シナリオ名: 新規ユーザー登録]
[ADMIN] 16:18:53.991056 シナリオ走行を終了しました [シナリオ名: ログイン]
[ADMIN] 16:18:53.991069 シナリオ走行を開始しました [シナリオ名: ログイン]
[ADMIN] 16:18:54.021290 シナリオ走行を終了しました [シナリオ名: 新規ユーザー登録]
[ADMIN] 16:18:54.021312 シナリオ走行を開始しました [シナリオ名: 新規ユーザー登録]
[ADMIN] 16:18:54.024850 シナリオ走行を終了しました [シナリオ名: ログイン]
[ADMIN] 16:18:54.024858 シナリオ走行を開始しました [シナリオ名: ログイン]
[ADMIN] 16:18:54.052711 シナリオ走行を終了しました [シナリオ名: ログイン]
[ADMIN] 16:18:54.052723 シナリオ走行を開始しました [シナリオ名: ログイン]
[ADMIN] 16:18:54.083669 シナリオ走行を終了しました [シナリオ名: ログイン]
[ADMIN] 16:18:54.083680 シナリオ走行を開始しました [シナリオ名: ログイン]
[ADMIN] 16:18:54.084392 シナリオ走行を終了しました [シナリオ名: 新規ユーザー登録]
[ADMIN] 16:18:54.084409 シナリオ走行を開始しました [シナリオ名: 新規ユーザー登録]
[ADMIN] 16:18:54.118777 シナリオ走行を終了しました [シナリオ名: ログイン]
[ADMIN] 16:18:54.118789 シナリオ走行を開始しました [シナリオ名: ログイン]
[ADMIN] 16:18:54.135838 シナリオ走行を終了しました [シナリオ名: 新規ユーザー登録]
[ADMIN] 16:18:54.135861 シナリオ走行を開始しました [シナリオ名: 新規ユーザー登録]
[ADMIN] 16:18:54.147096 シナリオ走行を終了しました [シナリオ名: ログイン]
[ADMIN] 16:18:54.147106 シナリオ走行を開始しました [シナリオ名: ログイン]
[ADMIN] 16:18:54.176939 シナリオ走行を終了しました [シナリオ名: ログイン]
[ADMIN] 16:18:54.176953 シナリオ走行を開始しました [シナリオ名: ログイン]
[ADMIN] 16:18:54.190327 シナリオ走行を終了しました [シナリオ名: 新規ユーザー登録]
[ADMIN] 16:18:54.190349 シナリオ走行を開始しました [シナリオ名: 新規ユーザー登録]
[ADMIN] 16:18:54.206729 シナリオ走行を終了しました [シナリオ名: ログイン]
[ADMIN] 16:18:54.206737 シナリオ走行を開始しました [シナリオ名: ログイン]
[ADMIN] 16:18:54.232548 シナリオ走行を終了しました [シナリオ名: ログイン]
[ADMIN] 16:18:54.232561 シナリオ走行を開始しました [シナリオ名: ログイン]
[ADMIN] 16:18:54.240989 シナリオ走行を終了しました [シナリオ名: 新規ユーザー登録]
[ADMIN] 16:18:54.241009 シナリオ走行を開始しました [シナリオ名: 新規ユーザー登録]
[ADMIN] 16:18:54.262114 シナリオ走行を終了しました [シナリオ名: ログイン]
[ADMIN] 16:18:54.262126 シナリオ走行を開始しました [シナリオ名: ログイン]
[ADMIN] 16:18:54.292310 シナリオ走行を終了しました [シナリオ名: 新規ユーザー登録]
[ADMIN] 16:18:54.292334 シナリオ走行を開始しました [シナリオ名: 新規ユーザー登録]
[ADMIN] 16:18:54.305725 シナリオ走行を終了しました [シナリオ名: ログイン]
[ADMIN] 16:18:54.305735 シナリオ走行を開始しました [シナリオ名: ログイン]
[ADMIN] 16:18:54.341318 シナリオ走行を終了しました [シナリオ名: 新規ユーザー登録]
[ADMIN] 16:18:54.341342 シナリオ走行を開始しました [シナリオ名: 新規ユーザー登録]
[ADMIN] 16:18:54.342924 シナリオ走行を終了しました [シナリオ名: ログイン]
[ADMIN] 16:18:54.342935 シナリオ走行を開始しました [シナリオ名: ログイン]
[ADMIN] 16:18:54.370669 シナリオ走行を終了しました [シナリオ名: ログイン]
[ADMIN] 16:18:54.370686 シナリオ走行を開始しました [シナリオ名: ログイン]
[ADMIN] 16:18:54.393395 シナリオ走行を終了しました [シナリオ名: 新規ユーザー登録]
[ADMIN] 16:18:54.393424 シナリオ走行を開始しました [シナリオ名: 新規ユーザー登録]
[ADMIN] 16:18:54.407658 シナリオ走行を終了しました [シナリオ名: ログイン]
[ADMIN] 16:18:54.407673 シナリオ走行を開始しました [シナリオ名: ログイン]
[ADMIN] 16:18:54.443173 シナリオ走行を終了しました [シナリオ名: 新規ユーザー登録]
[ADMIN] 16:18:54.443201 シナリオ走行を開始しました [シナリオ名: 新規ユーザー登録]
[ADMIN] 16:18:54.452755 シナリオ走行を終了しました [シナリオ名: ログイン]
[ADMIN] 16:18:54.452768 シナリオ走行を開始しました [シナリオ名: ログイン]
[ADMIN] 16:18:54.470814 シナリオ走行を終了しました [シナリオ名: Banユーザログイン]
[ADMIN] 16:18:54.470842 シナリオ走行を開始しました [シナリオ名: Banユーザログイン]
[ADMIN] 16:18:54.499306 シナリオ走行を終了しました [シナリオ名: 新規ユーザー登録]
[ADMIN] 16:18:54.499331 シナリオ走行を開始しました [シナリオ名: 新規ユーザー登録]
[ADMIN] 16:18:54.500565 シナリオ走行を終了しました [シナリオ名: ログイン]
[ADMIN] 16:18:54.500578 シナリオ走行を開始しました [シナリオ名: ログイン]
[ADMIN] 16:18:54.542823 シナリオ走行を終了しました [シナリオ名: ログイン]
[ADMIN] 16:18:54.542840 シナリオ走行を開始しました [シナリオ名: ログイン]
[ADMIN] 16:18:54.557020 シナリオ走行を終了しました [シナリオ名: 新規ユーザー登録]
[ADMIN] 16:18:54.557042 シナリオ走行を開始しました [シナリオ名: 新規ユーザー登録]
[ADMIN] 16:18:54.576706 シナリオ走行を終了しました [シナリオ名: ログイン]
[ADMIN] 16:18:54.576719 シナリオ走行を開始しました [シナリオ名: ログイン]
[ADMIN] 16:18:54.616695 シナリオ走行を終了しました [シナリオ名: 新規ユーザー登録]
[ADMIN] 16:18:54.616725 シナリオ走行を開始しました [シナリオ名: 新規ユーザー登録]
[ADMIN] 16:18:54.627677 シナリオ走行を終了しました [シナリオ名: ログイン]
[ADMIN] 16:18:54.627689 シナリオ走行を開始しました [シナリオ名: ログイン]
[ADMIN] 16:18:54.672153 シナリオ走行を終了しました [シナリオ名: 新規ユーザー登録]
[ADMIN] 16:18:54.672176 シナリオ走行を開始しました [シナリオ名: 新規ユーザー登録]
[ADMIN] 16:18:54.681688 シナリオ走行を終了しました [シナリオ名: ログイン]
[ADMIN] 16:18:54.681703 シナリオ走行を開始しました [シナリオ名: ログイン]
[ADMIN] 16:18:54.729366 シナリオ走行を終了しました [シナリオ名: 新規ユーザー登録]
[ADMIN] 16:18:54.729393 シナリオ走行を開始しました [シナリオ名: 新規ユーザー登録]
[ADMIN] 16:18:54.731442 シナリオ走行を終了しました [シナリオ名: ログイン]
[ADMIN] 16:18:54.731453 シナリオ走行を開始しました [シナリオ名: ログイン]
[ADMIN] 16:18:54.772054 シナリオ走行を終了しました [シナリオ名: ログイン]
[ADMIN] 16:18:54.772068 シナリオ走行を開始しました [シナリオ名: ログイン]
[ADMIN] 16:18:54.783456 シナリオ走行を終了しました [シナリオ名: 新規ユーザー登録]
[ADMIN] 16:18:54.783481 シナリオ走行を開始しました [シナリオ名: 新規ユーザー登録]
[ADMIN] 16:18:54.813679 シナリオ走行を終了しました [シナリオ名: ログイン]
[ADMIN] 16:18:54.813690 シナリオ走行を開始しました [シナリオ名: ログイン]
[ADMIN] 16:18:54.837048 シナリオ走行を終了しました [シナリオ名: 新規ユーザー登録]
[ADMIN] 16:18:54.837071 シナリオ走行を開始しました [シナリオ名: 新規ユーザー登録]
[ADMIN] 16:18:54.852646 シナリオ走行を終了しました [シナリオ名: ログイン]
[ADMIN] 16:18:54.852659 シナリオ走行を開始しました [シナリオ名: ログイン]
[ADMIN] 16:18:54.893356 シナリオ走行を終了しました [シナリオ名: 新規ユーザー登録]
[ADMIN] 16:18:54.893386 シナリオ走行を開始しました [シナリオ名: 新規ユーザー登録]
[ADMIN] 16:18:54.895499 シナリオ走行を終了しました [シナリオ名: ログイン]
[ADMIN] 16:18:54.895509 シナリオ走行を開始しました [シナリオ名: ログイン]
[ADMIN] 16:18:54.937944 シナリオ走行を終了しました [シナリオ名: ログイン]
[ADMIN] 16:18:54.937963 シナリオ走行を開始しました [シナリオ名: ログイン]
[ADMIN] 16:18:54.942925 シナリオ走行を終了しました [シナリオ名: 新規ユーザー登録]
[ADMIN] 16:18:54.942946 シナリオ走行を開始しました [シナリオ名: 新規ユーザー登録]
[ADMIN] 16:18:54.973915 シナリオ走行を終了しました [シナリオ名: Banユーザログイン]
[ADMIN] 16:18:54.973932 シナリオ走行を開始しました [シナリオ名: Banユーザログイン]
[ADMIN] 16:18:54.977232 シナリオ走行を終了しました [シナリオ名: ログイン]
[ADMIN] 16:18:54.977241 シナリオ走行を開始しました [シナリオ名: ログイン]
[ADMIN] 16:18:54.994695 シナリオ走行を終了しました [シナリオ名: 新規ユーザー登録]
[ADMIN] 16:18:54.994717 シナリオ走行を開始しました [シナリオ名: 新規ユーザー登録]
[ADMIN] 16:18:55.013942 シナリオ走行を終了しました [シナリオ名: ログイン]
[ADMIN] 16:18:55.013955 シナリオ走行を開始しました [シナリオ名: ログイン]
[ADMIN] 16:18:55.043659 シナリオ走行を終了しました [シナリオ名: 新規ユーザー登録]
[ADMIN] 16:18:55.043682 シナリオ走行を開始しました [シナリオ名: 新規ユーザー登録]
[ADMIN] 16:18:55.047148 シナリオ走行を終了しました [シナリオ名: ログイン]
[ADMIN] 16:18:55.047157 シナリオ走行を開始しました [シナリオ名: ログイン]
[ADMIN] 16:18:55.092397 シナリオ走行を終了しました [シナリオ名: ログイン]
[ADMIN] 16:18:55.092410 シナリオ走行を開始しました [シナリオ名: ログイン]
[ADMIN] 16:18:55.093125 シナリオ走行を終了しました [シナリオ名: 新規ユーザー登録]
[ADMIN] 16:18:55.093143 シナリオ走行を開始しました [シナリオ名: 新規ユーザー登録]
[ADMIN] 16:18:55.120518 シナリオ走行を終了しました [シナリオ名: ログイン]
[ADMIN] 16:18:55.120532 シナリオ走行を開始しました [シナリオ名: ログイン]
[ADMIN] 16:18:55.144888 シナリオ走行を終了しました [シナリオ名: 新規ユーザー登録]
[ADMIN] 16:18:55.144908 シナリオ走行を開始しました [シナリオ名: 新規ユーザー登録]
[ADMIN] 16:18:55.166286 シナリオ走行を終了しました [シナリオ名: ログイン]
[ADMIN] 16:18:55.166298 シナリオ走行を開始しました [シナリオ名: ログイン]
[ADMIN] 16:18:55.194505 シナリオ走行を終了しました [シナリオ名: 新規ユーザー登録]
[ADMIN] 16:18:55.194529 シナリオ走行を開始しました [シナリオ名: 新規ユーザー登録]
[ADMIN] 16:18:55.214170 シナリオ走行を終了しました [シナリオ名: ログイン]
[ADMIN] 16:18:55.214184 シナリオ走行を開始しました [シナリオ名: ログイン]
[ADMIN] 16:18:55.247071 シナリオ走行を終了しました [シナリオ名: 新規ユーザー登録]
[ADMIN] 16:18:55.247095 シナリオ走行を開始しました [シナリオ名: 新規ユーザー登録]
[ADMIN] 16:18:55.250484 シナリオ走行を終了しました [シナリオ名: ログイン]
[ADMIN] 16:18:55.250495 シナリオ走行を開始しました [シナリオ名: ログイン]
[ADMIN] 16:18:55.295029 シナリオ走行を終了しました [シナリオ名: ログイン]
[ADMIN] 16:18:55.295042 シナリオ走行を開始しました [シナリオ名: ログイン]
[ADMIN] 16:18:55.297584 シナリオ走行を終了しました [シナリオ名: 新規ユーザー登録]
[ADMIN] 16:18:55.297601 シナリオ走行を開始しました [シナリオ名: 新規ユーザー登録]
[ADMIN] 16:18:55.333797 シナリオ走行を終了しました [シナリオ名: ログイン]
[ADMIN] 16:18:55.333814 シナリオ走行を開始しました [シナリオ名: ログイン]
[ADMIN] 16:18:55.348550 シナリオ走行を終了しました [シナリオ名: 新規ユーザー登録]
[ADMIN] 16:18:55.348572 シナリオ走行を開始しました [シナリオ名: 新規ユーザー登録]
[ADMIN] 16:18:55.373977 シナリオ走行を終了しました [シナリオ名: ログイン]
[ADMIN] 16:18:55.373993 シナリオ走行を開始しました [シナリオ名: ログイン]
[ADMIN] 16:18:55.398739 シナリオ走行を終了しました [シナリオ名: ログイン]
[ADMIN] 16:18:55.398755 シナリオ走行を開始しました [シナリオ名: ログイン]
[ADMIN] 16:18:55.403013 シナリオ走行を終了しました [シナリオ名: 新規ユーザー登録]
[ADMIN] 16:18:55.403033 シナリオ走行を開始しました [シナリオ名: 新規ユーザー登録]
[ADMIN] 16:18:55.428789 シナリオ走行を終了しました [シナリオ名: ログイン]
[ADMIN] 16:18:55.428802 シナリオ走行を開始しました [シナリオ名: ログイン]
[ADMIN] 16:18:55.454286 シナリオ走行を終了しました [シナリオ名: 新規ユーザー登録]
[ADMIN] 16:18:55.454313 シナリオ走行を開始しました [シナリオ名: 新規ユーザー登録]
[ADMIN] 16:18:55.464198 シナリオ走行を終了しました [シナリオ名: ログイン]
[ADMIN] 16:18:55.464209 シナリオ走行を開始しました [シナリオ名: ログイン]
[ADMIN] 16:18:55.476827 シナリオ走行を終了しました [シナリオ名: Banユーザログイン]
[ADMIN] 16:18:55.476849 シナリオ走行を開始しました [シナリオ名: Banユーザログイン]
[ADMIN] 16:18:55.510663 シナリオ走行を終了しました [シナリオ名: 新規ユーザー登録]
[ADMIN] 16:18:55.510692 シナリオ走行を開始しました [シナリオ名: 新規ユーザー登録]
[ADMIN] 16:18:55.514893 シナリオ走行を終了しました [シナリオ名: ログイン]
[ADMIN] 16:18:55.514903 シナリオ走行を開始しました [シナリオ名: ログイン]
[ADMIN] 16:18:55.568270 シナリオ走行を終了しました [シナリオ名: ログイン]
[ADMIN] 16:18:55.568285 シナリオ走行を開始しました [シナリオ名: ログイン]
[ADMIN] 16:18:55.571863 シナリオ走行を終了しました [シナリオ名: 新規ユーザー登録]
[ADMIN] 16:18:55.571882 シナリオ走行を開始しました [シナリオ名: 新規ユーザー登録]
[ADMIN] 16:18:55.610443 シナリオ走行を終了しました [シナリオ名: ログイン]
[ADMIN] 16:18:55.610458 シナリオ走行を開始しました [シナリオ名: ログイン]
[ADMIN] 16:18:55.628919 シナリオ走行を終了しました [シナリオ名: 新規ユーザー登録]
[ADMIN] 16:18:55.628939 シナリオ走行を開始しました [シナリオ名: 新規ユーザー登録]
[ADMIN] 16:18:55.664044 シナリオ走行を終了しました [シナリオ名: ログイン]
[ADMIN] 16:18:55.664056 シナリオ走行を開始しました [シナリオ名: ログイン]
[ADMIN] 16:18:55.689283 シナリオ走行を終了しました [シナリオ名: 新規ユーザー登録]
[ADMIN] 16:18:55.689304 シナリオ走行を開始しました [シナリオ名: 新規ユーザー登録]
[ADMIN] 16:18:55.697071 シナリオ走行を終了しました [シナリオ名: ログイン]
[ADMIN] 16:18:55.697081 シナリオ走行を開始しました [シナリオ名: ログイン]
[ADMIN] 16:18:55.728830 シナリオ走行を終了しました [シナリオ名: ログイン]
[ADMIN] 16:18:55.728843 シナリオ走行を開始しました [シナリオ名: ログイン]
[ADMIN] 16:18:55.747157 シナリオ走行を終了しました [シナリオ名: 新規ユーザー登録]
[ADMIN] 16:18:55.747181 シナリオ走行を開始しました [シナリオ名: 新規ユーザー登録]
[ADMIN] 16:18:55.760326 シナリオ走行を終了しました [シナリオ名: ログイン]
[ADMIN] 16:18:55.760337 シナリオ走行を開始しました [シナリオ名: ログイン]
[ADMIN] 16:18:55.803252 シナリオ走行を終了しました [シナリオ名: 新規ユーザー登録]
[ADMIN] 16:18:55.803279 シナリオ走行を開始しました [シナリオ名: 新規ユーザー登録]
[ADMIN] 16:18:55.809688 シナリオ走行を終了しました [シナリオ名: ログイン]
[ADMIN] 16:18:55.809700 シナリオ走行を開始しました [シナリオ名: ログイン]
[ADMIN] 16:18:55.836710 シナリオ走行を終了しました [シナリオ名: ログイン]
[ADMIN] 16:18:55.836723 シナリオ走行を開始しました [シナリオ名: ログイン]
[ADMIN] 16:18:55.853478 シナリオ走行を終了しました [シナリオ名: 新規ユーザー登録]
[ADMIN] 16:18:55.853504 シナリオ走行を開始しました [シナリオ名: 新規ユーザー登録]
[ADMIN] 16:18:55.882191 シナリオ走行を終了しました [シナリオ名: ログイン]
[ADMIN] 16:18:55.882207 シナリオ走行を開始しました [シナリオ名: ログイン]
[ADMIN] 16:18:55.906501 シナリオ走行を終了しました [シナリオ名: 新規ユーザー登録]
[ADMIN] 16:18:55.906531 シナリオ走行を開始しました [シナリオ名: 新規ユーザー登録]
[ADMIN] 16:18:55.932570 シナリオ走行を終了しました [シナリオ名: ログイン]
[ADMIN] 16:18:55.932585 シナリオ走行を開始しました [シナリオ名: ログイン]
[ADMIN] 16:18:55.959730 シナリオ走行を終了しました [シナリオ名: 新規ユーザー登録]
[ADMIN] 16:18:55.959761 シナリオ走行を開始しました [シナリオ名: 新規ユーザー登録]
[ADMIN] 16:18:55.959894 シナリオ走行を終了しました [シナリオ名: ログイン]
[ADMIN] 16:18:55.959908 シナリオ走行を開始しました [シナリオ名: ログイン]
[ADMIN] 16:18:55.979620 シナリオ走行を終了しました [シナリオ名: Banユーザログイン]
[ADMIN] 16:18:55.979643 シナリオ走行を開始しました [シナリオ名: Banユーザログイン]
[ADMIN] 16:18:55.989736 シナリオ走行を終了しました [シナリオ名: ログイン]
[ADMIN] 16:18:55.989746 シナリオ走行を開始しました [シナリオ名: ログイン]
[ADMIN] 16:18:56.015609 シナリオ走行を終了しました [シナリオ名: 新規ユーザー登録]
[ADMIN] 16:18:56.015634 シナリオ走行を開始しました [シナリオ名: 新規ユーザー登録]
[ADMIN] 16:18:56.028750 シナリオ走行を終了しました [シナリオ名: ログイン]
[ADMIN] 16:18:56.028763 シナリオ走行を開始しました [シナリオ名: ログイン]
[ADMIN] 16:18:56.056185 シナリオ走行を終了しました [シナリオ名: ログイン]
[ADMIN] 16:18:56.056196 シナリオ走行を開始しました [シナリオ名: ログイン]
[ADMIN] 16:18:56.068643 シナリオ走行を終了しました [シナリオ名: 新規ユーザー登録]
[ADMIN] 16:18:56.068661 シナリオ走行を開始しました [シナリオ名: 新規ユーザー登録]
[ADMIN] 16:18:56.092881 シナリオ走行を終了しました [シナリオ名: ログイン]
[ADMIN] 16:18:56.092893 シナリオ走行を開始しました [シナリオ名: ログイン]
[ADMIN] 16:18:56.124224 シナリオ走行を終了しました [シナリオ名: 新規ユーザー登録]
[ADMIN] 16:18:56.124247 シナリオ走行を開始しました [シナリオ名: 新規ユーザー登録]
[ADMIN] 16:18:56.144295 シナリオ走行を終了しました [シナリオ名: ログイン]
[ADMIN] 16:18:56.144312 シナリオ走行を開始しました [シナリオ名: ログイン]
[ADMIN] 16:18:56.174806 シナリオ走行を終了しました [シナリオ名: 新規ユーザー登録]
[ADMIN] 16:18:56.174832 シナリオ走行を開始しました [シナリオ名: 新規ユーザー登録]
[ADMIN] 16:18:56.178990 シナリオ走行を終了しました [シナリオ名: ログイン]
[ADMIN] 16:18:56.179001 シナリオ走行を開始しました [シナリオ名: ログイン]
[ADMIN] 16:18:56.218649 シナリオ走行を終了しました [シナリオ名: ログイン]
[ADMIN] 16:18:56.218664 シナリオ走行を開始しました [シナリオ名: ログイン]
[ADMIN] 16:18:56.226748 シナリオ走行を終了しました [シナリオ名: 新規ユーザー登録]
[ADMIN] 16:18:56.226770 シナリオ走行を開始しました [シナリオ名: 新規ユーザー登録]
[ADMIN] 16:18:56.245873 シナリオ走行を終了しました [シナリオ名: ログイン]
[ADMIN] 16:18:56.245886 シナリオ走行を開始しました [シナリオ名: ログイン]
[ADMIN] 16:18:56.271283 シナリオ走行を終了しました [シナリオ名: ログイン]
[ADMIN] 16:18:56.271297 シナリオ走行を開始しました [シナリオ名: ログイン]
[ADMIN] 16:18:56.278602 シナリオ走行を終了しました [シナリオ名: 新規ユーザー登録]
[ADMIN] 16:18:56.278638 シナリオ走行を開始しました [シナリオ名: 新規ユーザー登録]
[ADMIN] 16:18:56.309257 シナリオ走行を終了しました [シナリオ名: ログイン]
[ADMIN] 16:18:56.309269 シナリオ走行を開始しました [シナリオ名: ログイン]
[ADMIN] 16:18:56.330286 シナリオ走行を終了しました [シナリオ名: 新規ユーザー登録]
[ADMIN] 16:18:56.330305 シナリオ走行を開始しました [シナリオ名: 新規ユーザー登録]
[ADMIN] 16:18:56.343332 シナリオ走行を終了しました [シナリオ名: ログイン]
[ADMIN] 16:18:56.343341 シナリオ走行を開始しました [シナリオ名: ログイン]
[ADMIN] 16:18:56.380409 シナリオ走行を終了しました [シナリオ名: 新規ユーザー登録]
[ADMIN] 16:18:56.380434 シナリオ走行を開始しました [シナリオ名: 新規ユーザー登録]
[ADMIN] 16:18:56.380733 シナリオ走行を終了しました [シナリオ名: ログイン]
[ADMIN] 16:18:56.380744 シナリオ走行を開始しました [シナリオ名: ログイン]
[ADMIN] 16:18:56.407295 シナリオ走行を終了しました [シナリオ名: ログイン]
[ADMIN] 16:18:56.407306 シナリオ走行を開始しました [シナリオ名: ログイン]
[ADMIN] 16:18:56.432590 シナリオ走行を終了しました [シナリオ名: 新規ユーザー登録]
[ADMIN] 16:18:56.432613 シナリオ走行を開始しました [シナリオ名: 新規ユーザー登録]
[ADMIN] 16:18:56.444887 シナリオ走行を終了しました [シナリオ名: ログイン]
[ADMIN] 16:18:56.444898 シナリオ走行を開始しました [シナリオ名: ログイン]
[ADMIN] 16:18:56.482043 シナリオ走行を終了しました [シナリオ名: Banユーザログイン]
[ADMIN] 16:18:56.482062 シナリオ走行を開始しました [シナリオ名: Banユーザログイン]
[ADMIN] 16:18:56.489250 シナリオ走行を終了しました [シナリオ名: ログイン]
[ADMIN] 16:18:56.489260 シナリオ走行を開始しました [シナリオ名: ログイン]
[ADMIN] 16:18:56.499329 シナリオ走行を終了しました [シナリオ名: 新規ユーザー登録]
[ADMIN] 16:18:56.499345 シナリオ走行を開始しました [シナリオ名: 新規ユーザー登録]
[ADMIN] 16:18:56.537842 シナリオ走行を終了しました [シナリオ名: ログイン]
[ADMIN] 16:18:56.537855 シナリオ走行を開始しました [シナリオ名: ログイン]
[ADMIN] 16:18:56.560735 シナリオ走行を終了しました [シナリオ名: 新規ユーザー登録]
[ADMIN] 16:18:56.560757 シナリオ走行を開始しました [シナリオ名: 新規ユーザー登録]
[ADMIN] 16:18:56.591103 シナリオ走行を終了しました [シナリオ名: ログイン]
[ADMIN] 16:18:56.591115 シナリオ走行を開始しました [シナリオ名: ログイン]
[ADMIN] 16:18:56.618820 シナリオ走行を終了しました [シナリオ名: 新規ユーザー登録]
[ADMIN] 16:18:56.618842 シナリオ走行を開始しました [シナリオ名: 新規ユーザー登録]
[ADMIN] 16:18:56.637345 シナリオ走行を終了しました [シナリオ名: ログイン]
[ADMIN] 16:18:56.637366 シナリオ走行を開始しました [シナリオ名: ログイン]
[ADMIN] 16:18:56.683447 シナリオ走行を終了しました [シナリオ名: 新規ユーザー登録]
[ADMIN] 16:18:56.683477 シナリオ走行を開始しました [シナリオ名: 新規ユーザー登録]
[ADMIN] 16:18:56.691127 シナリオ走行を終了しました [シナリオ名: ログイン]
[ADMIN] 16:18:56.691140 シナリオ走行を開始しました [シナリオ名: ログイン]
[ADMIN] 16:18:56.722543 シナリオ走行を終了しました [シナリオ名: ログイン]
[ADMIN] 16:18:56.722562 シナリオ走行を開始しました [シナリオ名: ログイン]
[ADMIN] 16:18:56.742790 シナリオ走行を終了しました [シナリオ名: 新規ユーザー登録]
[ADMIN] 16:18:56.742814 シナリオ走行を開始しました [シナリオ名: 新規ユーザー登録]
[ADMIN] 16:18:56.752760 シナリオ走行を終了しました [シナリオ名: ログイン]
[ADMIN] 16:18:56.752770 シナリオ走行を開始しました [シナリオ名: ログイン]
[ADMIN] 16:18:56.797346 シナリオ走行を終了しました [シナリオ名: ログイン]
[ADMIN] 16:18:56.797362 シナリオ走行を開始しました [シナリオ名: ログイン]
[ADMIN] 16:18:56.798970 シナリオ走行を終了しました [シナリオ名: 新規ユーザー登録]
[ADMIN] 16:18:56.798988 シナリオ走行を開始しました [シナリオ名: 新規ユーザー登録]
[ADMIN] 16:18:56.840238 シナリオ走行を終了しました [シナリオ名: ログイン]
[ADMIN] 16:18:56.840252 シナリオ走行を開始しました [シナリオ名: ログイン]
[ADMIN] 16:18:56.850062 シナリオ走行を終了しました [シナリオ名: 新規ユーザー登録]
[ADMIN] 16:18:56.850083 シナリオ走行を開始しました [シナリオ名: 新規ユーザー登録]
[ADMIN] 16:18:56.884059 シナリオ走行を終了しました [シナリオ名: ログイン]
[ADMIN] 16:18:56.884071 シナリオ走行を開始しました [シナリオ名: ログイン]
[ADMIN] 16:18:56.900043 シナリオ走行を終了しました [シナリオ名: 新規ユーザー登録]
[ADMIN] 16:18:56.900061 シナリオ走行を開始しました [シナリオ名: 新規ユーザー登録]
[ADMIN] 16:18:56.922445 シナリオ走行を終了しました [シナリオ名: ログイン]
[ADMIN] 16:18:56.922456 シナリオ走行を開始しました [シナリオ名: ログイン]
[ADMIN] 16:18:56.950038 シナリオ走行を終了しました [シナリオ名: 新規ユーザー登録]
[ADMIN] 16:18:56.950062 シナリオ走行を開始しました [シナリオ名: 新規ユーザー登録]
[ADMIN] 16:18:56.965233 シナリオ走行を終了しました [シナリオ名: ログイン]
[ADMIN] 16:18:56.965242 シナリオ走行を開始しました [シナリオ名: ログイン]
[ADMIN] 16:18:56.984072 シナリオ走行を終了しました [シナリオ名: Banユーザログイン]
[ADMIN] 16:18:56.984086 シナリオ走行を開始しました [シナリオ名: Banユーザログイン]
[ADMIN] 16:18:56.995189 シナリオ走行を終了しました [シナリオ名: ログイン]
[ADMIN] 16:18:56.995201 シナリオ走行を開始しました [シナリオ名: ログイン]
[ADMIN] 16:18:57.004663 シナリオ走行を終了しました [シナリオ名: 新規ユーザー登録]
[ADMIN] 16:18:57.004684 シナリオ走行を開始しました [シナリオ名: 新規ユーザー登録]
[ADMIN] 16:18:57.023415 シナリオ走行を終了しました [シナリオ名: ログイン]
[ADMIN] 16:18:57.023425 シナリオ走行を開始しました [シナリオ名: ログイン]
[ADMIN] 16:18:57.049539 シナリオ走行を終了しました [シナリオ名: ログイン]
[ADMIN] 16:18:57.049554 シナリオ走行を開始しました [シナリオ名: ログイン]
[ADMIN] 16:18:57.056724 シナリオ走行を終了しました [シナリオ名: 新規ユーザー登録]
[ADMIN] 16:18:57.056747 シナリオ走行を開始しました [シナリオ名: 新規ユーザー登録]
[ADMIN] 16:18:57.075239 シナリオ走行を終了しました [シナリオ名: ログイン]
[ADMIN] 16:18:57.075248 シナリオ走行を開始しました [シナリオ名: ログイン]
[ADMIN] 16:18:57.109299 シナリオ走行を終了しました [シナリオ名: 新規ユーザー登録]
[ADMIN] 16:18:57.109320 シナリオ走行を開始しました [シナリオ名: 新規ユーザー登録]
[ADMIN] 16:18:57.118543 シナリオ走行を終了しました [シナリオ名: ログイン]
[ADMIN] 16:18:57.118553 シナリオ走行を開始しました [シナリオ名: ログイン]
[ADMIN] 16:18:57.154630 シナリオ走行を終了しました [シナリオ名: ログイン]
[ADMIN] 16:18:57.154643 シナリオ走行を開始しました [シナリオ名: ログイン]
[ADMIN] 16:18:57.161484 シナリオ走行を終了しました [シナリオ名: 新規ユーザー登録]
[ADMIN] 16:18:57.161504 シナリオ走行を開始しました [シナリオ名: 新規ユーザー登録]
[ADMIN] 16:18:57.180967 シナリオ走行を終了しました [シナリオ名: ログイン]
[ADMIN] 16:18:57.180979 シナリオ走行を開始しました [シナリオ名: ログイン]
[ADMIN] 16:18:57.213478 シナリオ走行を終了しました [シナリオ名: 新規ユーザー登録]
[ADMIN] 16:18:57.213501 シナリオ走行を開始しました [シナリオ名: 新規ユーザー登録]
[ADMIN] 16:18:57.225017 シナリオ走行を終了しました [シナリオ名: ログイン]
[ADMIN] 16:18:57.225028 シナリオ走行を開始しました [シナリオ名: ログイン]
[ADMIN] 16:18:57.262278 シナリオ走行を終了しました [シナリオ名: 新規ユーザー登録]
[ADMIN] 16:18:57.262314 シナリオ走行を開始しました [シナリオ名: 新規ユーザー登録]
[ADMIN] 16:18:57.270088 シナリオ走行を終了しました [シナリオ名: ログイン]
[ADMIN] 16:18:57.270100 シナリオ走行を開始しました [シナリオ名: ログイン]
[ADMIN] 16:18:57.317006 シナリオ走行を終了しました [シナリオ名: ログイン]
[ADMIN] 16:18:57.317019 シナリオ走行を開始しました [シナリオ名: ログイン]
[ADMIN] 16:18:57.319973 シナリオ走行を終了しました [シナリオ名: 新規ユーザー登録]
[ADMIN] 16:18:57.319990 シナリオ走行を開始しました [シナリオ名: 新規ユーザー登録]
[ADMIN] 16:18:57.344957 シナリオ走行を終了しました [シナリオ名: ログイン]
[ADMIN] 16:18:57.344968 シナリオ走行を開始しました [シナリオ名: ログイン]
[ADMIN] 16:18:57.371476 シナリオ走行を終了しました [シナリオ名: 新規ユーザー登録]
[ADMIN] 16:18:57.371497 シナリオ走行を開始しました [シナリオ名: 新規ユーザー登録]
[ADMIN] 16:18:57.382452 シナリオ走行を終了しました [シナリオ名: ログイン]
[ADMIN] 16:18:57.382463 シナリオ走行を開始しました [シナリオ名: ログイン]
[ADMIN] 16:18:57.411069 シナリオ走行を終了しました [シナリオ名: ログイン]
[ADMIN] 16:18:57.411079 シナリオ走行を開始しました [シナリオ名: ログイン]
[ADMIN] 16:18:57.422180 シナリオ走行を終了しました [シナリオ名: 新規ユーザー登録]
[ADMIN] 16:18:57.422202 シナリオ走行を開始しました [シナリオ名: 新規ユーザー登録]
[ADMIN] 16:18:57.450209 シナリオ走行を終了しました [シナリオ名: ログイン]
[ADMIN] 16:18:57.450224 シナリオ走行を開始しました [シナリオ名: ログイン]
[ADMIN] 16:18:57.474085 シナリオ走行を終了しました [シナリオ名: 新規ユーザー登録]
[ADMIN] 16:18:57.474115 シナリオ走行を開始しました [シナリオ名: 新規ユーザー登録]
[ADMIN] 16:18:57.485937 シナリオ走行を終了しました [シナリオ名: Banユーザログイン]
[ADMIN] 16:18:57.485951 シナリオ走行を開始しました [シナリオ名: Banユーザログイン]
[ADMIN] 16:18:57.491457 シナリオ走行を終了しました [シナリオ名: ログイン]
[ADMIN] 16:18:57.491465 シナリオ走行を開始しました [シナリオ名: ログイン]
[ADMIN] 16:18:57.533238 シナリオ走行を終了しました [シナリオ名: ログイン]
[ADMIN] 16:18:57.533250 シナリオ走行を開始しました [シナリオ名: ログイン]
[ADMIN] 16:18:57.534970 シナリオ走行を終了しました [シナリオ名: 新規ユーザー登録]
[ADMIN] 16:18:57.534988 シナリオ走行を開始しました [シナリオ名: 新規ユーザー登録]
[ADMIN] 16:18:57.585686 シナリオ走行を終了しました [シナリオ名: ログイン]
[ADMIN] 16:18:57.585700 シナリオ走行を開始しました [シナリオ名: ログイン]
[ADMIN] 16:18:57.595106 シナリオ走行を終了しました [シナリオ名: 新規ユーザー登録]
[ADMIN] 16:18:57.595126 シナリオ走行を開始しました [シナリオ名: 新規ユーザー登録]
[ADMIN] 16:18:57.627476 シナリオ走行を終了しました [シナリオ名: ログイン]
[ADMIN] 16:18:57.627489 シナリオ走行を開始しました [シナリオ名: ログイン]
[ADMIN] 16:18:57.655223 シナリオ走行を終了しました [シナリオ名: 新規ユーザー登録]
[ADMIN] 16:18:57.655250 シナリオ走行を開始しました [シナリオ名: 新規ユーザー登録]
[ADMIN] 16:18:57.677626 シナリオ走行を終了しました [シナリオ名: ログイン]
[ADMIN] 16:18:57.677639 シナリオ走行を開始しました [シナリオ名: ログイン]
[ADMIN] 16:18:57.717673 シナリオ走行を終了しました [シナリオ名: 新規ユーザー登録]
[ADMIN] 16:18:57.717692 シナリオ走行を開始しました [シナリオ名: 新規ユーザー登録]
[ADMIN] 16:18:57.729514 シナリオ走行を終了しました [シナリオ名: ログイン]
[ADMIN] 16:18:57.729526 シナリオ走行を開始しました [シナリオ名: ログイン]
[ADMIN] 16:18:57.772116 シナリオ走行を終了しました [シナリオ名: ログイン]
[ADMIN] 16:18:57.772129 シナリオ走行を開始しました [シナリオ名: ログイン]
[ADMIN] 16:18:57.779093 シナリオ走行を終了しました [シナリオ名: 新規ユーザー登録]
[ADMIN] 16:18:57.779113 シナリオ走行を開始しました [シナリオ名: 新規ユーザー登録]
[ADMIN] 16:18:57.803917 シナリオ走行を終了しました [シナリオ名: ログイン]
[ADMIN] 16:18:57.803926 シナリオ走行を開始しました [シナリオ名: ログイン]
[ADMIN] 16:18:57.839429 シナリオ走行を終了しました [シナリオ名: 新規ユーザー登録]
[ADMIN] 16:18:57.839451 シナリオ走行を開始しました [シナリオ名: 新規ユーザー登録]
[ADMIN] 16:18:57.850532 シナリオ走行を終了しました [シナリオ名: ログイン]
[ADMIN] 16:18:57.850542 シナリオ走行を開始しました [シナリオ名: ログイン]
[ADMIN] 16:18:57.879290 シナリオ走行を終了しました [シナリオ名: ログイン]
[ADMIN] 16:18:57.879301 シナリオ走行を開始しました [シナリオ名: ログイン]
[ADMIN] 16:18:57.894547 シナリオ走行を終了しました [シナリオ名: 新規ユーザー登録]
[ADMIN] 16:18:57.894565 シナリオ走行を開始しました [シナリオ名: 新規ユーザー登録]
[ADMIN] 16:18:57.917301 シナリオ走行を終了しました [シナリオ名: ログイン]
[ADMIN] 16:18:57.917311 シナリオ走行を開始しました [シナリオ名: ログイン]
[ADMIN] 16:18:57.942605 シナリオ走行を終了しました [シナリオ名: ログイン]
[ADMIN] 16:18:57.942625 シナリオ走行を開始しました [シナリオ名: ログイン]
[ADMIN] 16:18:57.947252 シナリオ走行を終了しました [シナリオ名: 新規ユーザー登録]
[ADMIN] 16:18:57.947273 シナリオ走行を開始しました [シナリオ名: 新規ユーザー登録]
[ADMIN] 16:18:57.970083 シナリオ走行を終了しました [シナリオ名: ログイン]
[ADMIN] 16:18:57.970096 シナリオ走行を開始しました [シナリオ名: ログイン]
[ADMIN] 16:18:57.992986 シナリオ走行を終了しました [シナリオ名: Banユーザログイン]
[ADMIN] 16:18:57.993000 シナリオ走行を開始しました [シナリオ名: Banユーザログイン]
[ADMIN] 16:18:57.998113 シナリオ走行を終了しました [シナリオ名: ログイン]
[ADMIN] 16:18:57.998124 シナリオ走行を開始しました [シナリオ名: ログイン]
[ADMIN] 16:18:57.999788 シナリオ走行を終了しました [シナリオ名: 新規ユーザー登録]
[ADMIN] 16:18:57.999810 シナリオ走行を開始しました [シナリオ名: 新規ユーザー登録]
[ADMIN] 16:18:58.038509 シナリオ走行を終了しました [シナリオ名: ログイン]
[ADMIN] 16:18:58.038526 シナリオ走行を開始しました [シナリオ名: ログイン]
[ADMIN] 16:18:58.050739 シナリオ走行を終了しました [シナリオ名: 新規ユーザー登録]
[ADMIN] 16:18:58.050763 シナリオ走行を開始しました [シナリオ名: 新規ユーザー登録]
[ADMIN] 16:18:58.065417 シナリオ走行を終了しました [シナリオ名: ログイン]
[ADMIN] 16:18:58.065427 シナリオ走行を開始しました [シナリオ名: ログイン]
[ADMIN] 16:18:58.101281 シナリオ走行を終了しました [シナリオ名: 新規ユーザー登録]
[ADMIN] 16:18:58.101300 シナリオ走行を開始しました [シナリオ名: 新規ユーザー登録]
[ADMIN] 16:18:58.109915 シナリオ走行を終了しました [シナリオ名: ログイン]
[ADMIN] 16:18:58.109926 シナリオ走行を開始しました [シナリオ名: ログイン]
[ADMIN] 16:18:58.155299 シナリオ走行を終了しました [シナリオ名: ログイン]
[ADMIN] 16:18:58.155311 シナリオ走行を開始しました [シナリオ名: ログイン]
[ADMIN] 16:18:58.157160 シナリオ走行を終了しました [シナリオ名: 新規ユーザー登録]
[ADMIN] 16:18:58.157181 シナリオ走行を開始しました [シナリオ名: 新規ユーザー登録]
[ADMIN] 16:18:58.197912 シナリオ走行を終了しました [シナリオ名: ログイン]
[ADMIN] 16:18:58.197923 シナリオ走行を開始しました [シナリオ名: ログイン]
[ADMIN] 16:18:58.209241 シナリオ走行を終了しました [シナリオ名: 新規ユーザー登録]
[ADMIN] 16:18:58.209260 シナリオ走行を開始しました [シナリオ名: 新規ユーザー登録]
[ADMIN] 16:18:58.246125 シナリオ走行を終了しました [シナリオ名: ログイン]
[ADMIN] 16:18:58.246137 シナリオ走行を開始しました [シナリオ名: ログイン]
[ADMIN] 16:18:58.262571 シナリオ走行を終了しました [シナリオ名: 新規ユーザー登録]
[ADMIN] 16:18:58.262589 シナリオ走行を開始しました [シナリオ名: 新規ユーザー登録]
[ADMIN] 16:18:58.282908 シナリオ走行を終了しました [シナリオ名: ログイン]
[ADMIN] 16:18:58.282920 シナリオ走行を開始しました [シナリオ名: ログイン]
[ADMIN] 16:18:58.314917 シナリオ走行を終了しました [シナリオ名: 新規ユーザー登録]
[ADMIN] 16:18:58.314945 シナリオ走行を開始しました [シナリオ名: 新規ユーザー登録]
[ADMIN] 16:18:58.320230 シナリオ走行を終了しました [シナリオ名: ログイン]
[ADMIN] 16:18:58.320241 シナリオ走行を開始しました [シナリオ名: ログイン]
[ADMIN] 16:18:58.357908 シナリオ走行を終了しました [シナリオ名: ログイン]
[ADMIN] 16:18:58.357925 シナリオ走行を開始しました [シナリオ名: ログイン]
[ADMIN] 16:18:58.368258 シナリオ走行を終了しました [シナリオ名: 新規ユーザー登録]
[ADMIN] 16:18:58.368281 シナリオ走行を開始しました [シナリオ名: 新規ユーザー登録]
[ADMIN] 16:18:58.394435 シナリオ走行を終了しました [シナリオ名: ログイン]
[ADMIN] 16:18:58.394447 シナリオ走行を開始しました [シナリオ名: ログイン]
[ADMIN] 16:18:58.420196 シナリオ走行を終了しました [シナリオ名: 新規ユーザー登録]
[ADMIN] 16:18:58.420218 シナリオ走行を開始しました [シナリオ名: 新規ユーザー登録]
[ADMIN] 16:18:58.439375 シナリオ走行を終了しました [シナリオ名: ログイン]
[ADMIN] 16:18:58.439386 シナリオ走行を開始しました [シナリオ名: ログイン]
[ADMIN] 16:18:58.472587 シナリオ走行を終了しました [シナリオ名: 新規ユーザー登録]
[ADMIN] 16:18:58.472607 シナリオ走行を開始しました [シナリオ名: 新規ユーザー登録]
[ADMIN] 16:18:58.476295 シナリオ走行を終了しました [シナリオ名: ログイン]
[ADMIN] 16:18:58.476306 シナリオ走行を開始しました [シナリオ名: ログイン]
[ADMIN] 16:18:58.496775 シナリオ走行を終了しました [シナリオ名: Banユーザログイン]
[ADMIN] 16:18:58.496798 シナリオ走行を開始しました [シナリオ名: Banユーザログイン]
[ADMIN] 16:18:58.505973 シナリオ走行を終了しました [シナリオ名: ログイン]
[ADMIN] 16:18:58.505984 シナリオ走行を開始しました [シナリオ名: ログイン]
[ADMIN] 16:18:58.539407 シナリオ走行を終了しました [シナリオ名: 新規ユーザー登録]
[ADMIN] 16:18:58.539431 シナリオ走行を開始しました [シナリオ名: 新規ユーザー登録]
[ADMIN] 16:18:58.548708 シナリオ走行を終了しました [シナリオ名: ログイン]
[ADMIN] 16:18:58.548722 シナリオ走行を開始しました [シナリオ名: ログイン]
[ADMIN] 16:18:58.600722 シナリオ走行を終了しました [シナリオ名: 新規ユーザー登録]
[ADMIN] 16:18:58.600743 シナリオ走行を開始しました [シナリオ名: 新規ユーザー登録]
[ADMIN] 16:18:58.604314 シナリオ走行を終了しました [シナリオ名: ログイン]
[ADMIN] 16:18:58.604324 シナリオ走行を開始しました [シナリオ名: ログイン]
[ADMIN] 16:18:58.644641 シナリオ走行を終了しました [シナリオ名: ログイン]
[ADMIN] 16:18:58.644655 シナリオ走行を開始しました [シナリオ名: ログイン]
[ADMIN] 16:18:58.662718 シナリオ走行を終了しました [シナリオ名: 新規ユーザー登録]
[ADMIN] 16:18:58.662740 シナリオ走行を開始しました [シナリオ名: 新規ユーザー登録]
[ADMIN] 16:18:58.693166 シナリオ走行を終了しました [シナリオ名: ログイン]
[ADMIN] 16:18:58.693183 シナリオ走行を開始しました [シナリオ名: ログイン]
[ADMIN] 16:18:58.724603 シナリオ走行を終了しました [シナリオ名: 新規ユーザー登録]
[ADMIN] 16:18:58.724630 シナリオ走行を開始しました [シナリオ名: 新規ユーザー登録]
[ADMIN] 16:18:58.745778 シナリオ走行を終了しました [シナリオ名: ログイン]
[ADMIN] 16:18:58.745793 シナリオ走行を開始しました [シナリオ名: ログイン]
[ADMIN] 16:18:58.780871 シナリオ走行を終了しました [シナリオ名: 新規ユーザー登録]
[ADMIN] 16:18:58.780893 シナリオ走行を開始しました [シナリオ名: 新規ユーザー登録]
[ADMIN] 16:18:58.796150 シナリオ走行を終了しました [シナリオ名: ログイン]
[ADMIN] 16:18:58.796161 シナリオ走行を開始しました [シナリオ名: ログイン]
[ADMIN] 16:18:58.836542 シナリオ走行を終了しました [シナリオ名: 新規ユーザー登録]
[ADMIN] 16:18:58.836568 シナリオ走行を開始しました [シナリオ名: 新規ユーザー登録]
[ADMIN] 16:18:58.847070 シナリオ走行を終了しました [シナリオ名: ログイン]
[ADMIN] 16:18:58.847082 シナリオ走行を開始しました [シナリオ名: ログイン]
[ADMIN] 16:18:58.878589 シナリオ走行を終了しました [シナリオ名: ログイン]
[ADMIN] 16:18:58.878601 シナリオ走行を開始しました [シナリオ名: ログイン]
[ADMIN] 16:18:58.893384 シナリオ走行を終了しました [シナリオ名: 新規ユーザー登録]
[ADMIN] 16:18:58.893409 シナリオ走行を開始しました [シナリオ名: 新規ユーザー登録]
[ADMIN] 16:18:58.916693 シナリオ走行を終了しました [シナリオ名: ログイン]
[ADMIN] 16:18:58.916707 シナリオ走行を開始しました [シナリオ名: ログイン]
16:18:58.935277 現在のログイン成功数: [total: 258 (+258人)]
16:18:58.935284 現在のユーザー登録成功数: [total: 183 (+183人)]
[ADMIN] 16:18:58.943985 シナリオ走行を終了しました [シナリオ名: ログイン]
[ADMIN] 16:18:58.944002 シナリオ走行を開始しました [シナリオ名: ログイン]
[ADMIN] 16:18:58.945256 シナリオ走行を終了しました [シナリオ名: 新規ユーザー登録]
[ADMIN] 16:18:58.945276 シナリオ走行を開始しました [シナリオ名: 新規ユーザー登録]
[ADMIN] 16:18:58.989150 シナリオ走行を終了しました [シナリオ名: ログイン]
[ADMIN] 16:18:58.989173 シナリオ走行を開始しました [シナリオ名: ログイン]
[ADMIN] 16:18:58.989220 シナリオ走行を開始しました [シナリオ名: ログイン]
[ADMIN] 16:18:58.989243 シナリオ走行を開始しました [シナリオ名: ログイン]
[ADMIN] 16:18:58.989289 シナリオ走行を開始しました [シナリオ名: ログイン]
[ADMIN] 16:18:58.989313 シナリオ走行を開始しました [シナリオ名: ログイン]
[ADMIN] 16:18:58.989297 シナリオ走行を開始しました [シナリオ名: ログイン]
[ADMIN] 16:18:58.989294 シナリオ走行を開始しました [シナリオ名: ログイン]
[ADMIN] 16:18:58.989306 シナリオ走行を開始しました [シナリオ名: ログイン]
[ADMIN] 16:18:58.989307 シナリオ走行を開始しました [シナリオ名: ログイン]
[ADMIN] 16:18:58.989307 シナリオ走行を開始しました [シナリオ名: ログイン]
[ADMIN] 16:18:58.989308 シナリオ走行を開始しました [シナリオ名: ログイン]
[ADMIN] 16:18:58.989310 シナリオ走行を開始しました [シナリオ名: ログイン]
[ADMIN] 16:18:58.989311 シナリオ走行を開始しました [シナリオ名: ログイン]
[ADMIN] 16:18:58.999167 シナリオ走行を終了しました [シナリオ名: Banユーザログイン]
[ADMIN] 16:18:58.999185 シナリオ走行を開始しました [シナリオ名: Banユーザログイン]
[ADMIN] 16:18:59.105116 シナリオ走行を終了しました [シナリオ名: 新規ユーザー登録]
[ADMIN] 16:18:59.105141 シナリオ走行を開始しました [シナリオ名: 新規ユーザー登録]
[ADMIN] 16:18:59.121013 シナリオ走行を終了しました [シナリオ名: ログイン]
[ADMIN] 16:18:59.121028 シナリオ走行を開始しました [シナリオ名: ログイン]
[ADMIN] 16:18:59.143362 シナリオ走行を終了しました [シナリオ名: ログイン]
[ADMIN] 16:18:59.143373 シナリオ走行を開始しました [シナリオ名: ログイン]
[ADMIN] 16:18:59.156079 シナリオ走行を終了しました [シナリオ名: ログイン]
[ADMIN] 16:18:59.156090 シナリオ走行を開始しました [シナリオ名: ログイン]
[ADMIN] 16:18:59.176493 シナリオ走行を終了しました [シナリオ名: ログイン]
[ADMIN] 16:18:59.176504 シナリオ走行を開始しました [シナリオ名: ログイン]
[ADMIN] 16:18:59.192179 シナリオ走行を終了しました [シナリオ名: ログイン]
[ADMIN] 16:18:59.192188 シナリオ走行を開始しました [シナリオ名: ログイン]
[ADMIN] 16:18:59.210488 シナリオ走行を終了しました [シナリオ名: ログイン]
[ADMIN] 16:18:59.210499 シナリオ走行を開始しました [シナリオ名: ログイン]
[ADMIN] 16:18:59.217922 シナリオ走行を終了しました [シナリオ名: ログイン]
[ADMIN] 16:18:59.217932 シナリオ走行を開始しました [シナリオ名: ログイン]
[ADMIN] 16:18:59.230157 シナリオ走行を終了しました [シナリオ名: ログイン]
[ADMIN] 16:18:59.230167 シナリオ走行を開始しました [シナリオ名: ログイン]
[ADMIN] 16:18:59.235951 シナリオ走行を終了しました [シナリオ名: ログイン]
[ADMIN] 16:18:59.235959 シナリオ走行を開始しました [シナリオ名: ログイン]
[ADMIN] 16:18:59.281473 シナリオ走行を終了しました [シナリオ名: ログイン]
[ADMIN] 16:18:59.281488 シナリオ走行を開始しました [シナリオ名: ログイン]
[ADMIN] 16:18:59.299267 シナリオ走行を終了しました [シナリオ名: ログイン]
[ADMIN] 16:18:59.299276 シナリオ走行を開始しました [シナリオ名: ログイン]
[ADMIN] 16:18:59.308082 シナリオ走行を終了しました [シナリオ名: ログイン]
[ADMIN] 16:18:59.308092 シナリオ走行を開始しました [シナリオ名: ログイン]
[ADMIN] 16:18:59.311185 シナリオ走行を終了しました [シナリオ名: ログイン]
[ADMIN] 16:18:59.311194 シナリオ走行を開始しました [シナリオ名: ログイン]
[ADMIN] 16:18:59.339753 シナリオ走行を終了しました [シナリオ名: ログイン]
[ADMIN] 16:18:59.339764 シナリオ走行を開始しました [シナリオ名: ログイン]
[ADMIN] 16:18:59.372242 シナリオ走行を終了しました [シナリオ名: ログイン]
[ADMIN] 16:18:59.372253 シナリオ走行を開始しました [シナリオ名: ログイン]
[ADMIN] 16:18:59.417809 シナリオ走行を終了しました [シナリオ名: ログイン]
[ADMIN] 16:18:59.417820 シナリオ走行を開始しました [シナリオ名: ログイン]
[ADMIN] 16:18:59.437432 シナリオ走行を終了しました [シナリオ名: ログイン]
[ADMIN] 16:18:59.437445 シナリオ走行を開始しました [シナリオ名: ログイン]
[ADMIN] 16:18:59.455553 シナリオ走行を終了しました [シナリオ名: ログイン]
[ADMIN] 16:18:59.455564 シナリオ走行を開始しました [シナリオ名: ログイン]
[ADMIN] 16:18:59.458748 シナリオ走行を終了しました [シナリオ名: ログイン]
[ADMIN] 16:18:59.458759 シナリオ走行を開始しました [シナリオ名: ログイン]
[ADMIN] 16:18:59.476362 シナリオ走行を終了しました [シナリオ名: ログイン]
[ADMIN] 16:18:59.476372 シナリオ走行を開始しました [シナリオ名: ログイン]
[ADMIN] 16:18:59.485799 シナリオ走行を終了しました [シナリオ名: 新規ユーザー登録]
[ADMIN] 16:18:59.485839 シナリオ走行を開始しました [シナリオ名: 新規ユーザー登録]
[ADMIN] 16:18:59.485845 シナリオ走行を開始しました [シナリオ名: 新規ユーザー登録]
[ADMIN] 16:18:59.485883 シナリオ走行を開始しました [シナリオ名: 新規ユーザー登録]
[ADMIN] 16:18:59.485928 シナリオ走行を開始しました [シナリオ名: 新規ユーザー登録]
[ADMIN] 16:18:59.485839 シナリオ走行を開始しました [シナリオ名: 新規ユーザー登録]
[ADMIN] 16:18:59.501711 シナリオ走行を終了しました [シナリオ名: Banユーザログイン]
[ADMIN] 16:18:59.501728 シナリオ走行を開始しました [シナリオ名: Banユーザログイン]
[ADMIN] 16:18:59.524871 シナリオ走行を終了しました [シナリオ名: ログイン]
[ADMIN] 16:18:59.524883 シナリオ走行を開始しました [シナリオ名: ログイン]
[ADMIN] 16:18:59.608639 シナリオ走行を終了しました [シナリオ名: ログイン]
[ADMIN] 16:18:59.608652 シナリオ走行を開始しました [シナリオ名: ログイン]
[ADMIN] 16:18:59.614631 シナリオ走行を終了しました [シナリオ名: ログイン]
[ADMIN] 16:18:59.614643 シナリオ走行を開始しました [シナリオ名: ログイン]
[ADMIN] 16:18:59.659535 シナリオ走行を終了しました [シナリオ名: ログイン]
[ADMIN] 16:18:59.659546 シナリオ走行を開始しました [シナリオ名: ログイン]
[ADMIN] 16:18:59.667002 シナリオ走行を終了しました [シナリオ名: ログイン]
[ADMIN] 16:18:59.667012 シナリオ走行を開始しました [シナリオ名: ログイン]
[ADMIN] 16:18:59.696556 シナリオ走行を終了しました [シナリオ名: ログイン]
[ADMIN] 16:18:59.696569 シナリオ走行を開始しました [シナリオ名: ログイン]
[ADMIN] 16:18:59.771952 シナリオ走行を終了しました [シナリオ名: ログイン]
[ADMIN] 16:18:59.771966 シナリオ走行を開始しました [シナリオ名: ログイン]
[ADMIN] 16:18:59.776766 シナリオ走行を終了しました [シナリオ名: ログイン]
[ADMIN] 16:18:59.776779 シナリオ走行を開始しました [シナリオ名: ログイン]
[ADMIN] 16:18:59.779582 シナリオ走行を終了しました [シナリオ名: ログイン]
[ADMIN] 16:18:59.779595 シナリオ走行を開始しました [シナリオ名: ログイン]
[ADMIN] 16:18:59.783487 シナリオ走行を終了しました [シナリオ名: ログイン]
[ADMIN] 16:18:59.783499 シナリオ走行を開始しました [シナリオ名: ログイン]
[ADMIN] 16:18:59.784206 シナリオ走行を終了しました [シナリオ名: ログイン]
[ADMIN] 16:18:59.784213 シナリオ走行を開始しました [シナリオ名: ログイン]
[ADMIN] 16:18:59.800155 シナリオ走行を終了しました [シナリオ名: ログイン]
[ADMIN] 16:18:59.800170 シナリオ走行を開始しました [シナリオ名: ログイン]
[ADMIN] 16:18:59.812945 シナリオ走行を終了しました [シナリオ名: ログイン]
[ADMIN] 16:18:59.812957 シナリオ走行を開始しました [シナリオ名: ログイン]
[ADMIN] 16:18:59.841862 シナリオ走行を終了しました [シナリオ名: 新規ユーザー登録]
[ADMIN] 16:18:59.841888 シナリオ走行を開始しました [シナリオ名: 新規ユーザー登録]
[ADMIN] 16:18:59.917481 シナリオ走行を終了しました [シナリオ名: ログイン]
[ADMIN] 16:18:59.917492 シナリオ走行を開始しました [シナリオ名: ログイン]
[ADMIN] 16:18:59.919836 シナリオ走行を終了しました [シナリオ名: ログイン]
[ADMIN] 16:18:59.919845 シナリオ走行を開始しました [シナリオ名: ログイン]
[ADMIN] 16:18:59.935230 シナリオ走行を終了しました [シナリオ名: 新規ユーザー登録]
[ADMIN] 16:18:59.935249 シナリオ走行を開始しました [シナリオ名: 新規ユーザー登録]
[ADMIN] 16:18:59.939951 シナリオ走行を終了しました [シナリオ名: ログイン]
[ADMIN] 16:18:59.939959 シナリオ走行を開始しました [シナリオ名: ログイン]
[ADMIN] 16:18:59.944140 シナリオ走行を終了しました [シナリオ名: 新規ユーザー登録]
[ADMIN] 16:18:59.944156 シナリオ走行を開始しました [シナリオ名: 新規ユーザー登録]
[ADMIN] 16:18:59.962876 シナリオ走行を終了しました [シナリオ名: ログイン]
[ADMIN] 16:18:59.962887 シナリオ走行を開始しました [シナリオ名: ログイン]
[ADMIN] 16:18:59.974370 シナリオ走行を終了しました [シナリオ名: 新規ユーザー登録]
[ADMIN] 16:18:59.974389 シナリオ走行を開始しました [シナリオ名: 新規ユーザー登録]
[ADMIN] 16:18:59.987804 シナリオ走行を終了しました [シナリオ名: 新規ユーザー登録]
[ADMIN] 16:18:59.987822 シナリオ走行を開始しました [シナリオ名: 新規ユーザー登録]
[ADMIN] 16:18:59.998984 シナリオ走行を終了しました [シナリオ名: ログイン]
[ADMIN] 16:18:59.998993 シナリオ走行を開始しました [シナリオ名: ログイン]
[ADMIN] 16:19:00.002741 シナリオ走行を終了しました [シナリオ名: ログイン]
[ADMIN] 16:19:00.002751 シナリオ走行を開始しました [シナリオ名: ログイン]
[ADMIN] 16:19:00.020162 シナリオ走行を終了しました [シナリオ名: Banユーザログイン]
[ADMIN] 16:19:00.020196 シナリオ走行を開始しました [シナリオ名: Banユーザログイン]
[ADMIN] 16:19:00.020200 シナリオ走行を開始しました [シナリオ名: Banユーザログイン]
[ADMIN] 16:19:00.039463 シナリオ走行を終了しました [シナリオ名: ログイン]
[ADMIN] 16:19:00.039476 シナリオ走行を開始しました [シナリオ名: ログイン]
[ADMIN] 16:19:00.066396 シナリオ走行を終了しました [シナリオ名: ログイン]
[ADMIN] 16:19:00.066412 シナリオ走行を開始しました [シナリオ名: ログイン]
[ADMIN] 16:19:00.112177 シナリオ走行を終了しました [シナリオ名: ログイン]
[ADMIN] 16:19:00.112188 シナリオ走行を開始しました [シナリオ名: ログイン]
[ADMIN] 16:19:00.123113 シナリオ走行を終了しました [シナリオ名: ログイン]
[ADMIN] 16:19:00.123123 シナリオ走行を開始しました [シナリオ名: ログイン]
[ADMIN] 16:19:00.141997 シナリオ走行を終了しました [シナリオ名: ログイン]
[ADMIN] 16:19:00.142006 シナリオ走行を開始しました [シナリオ名: ログイン]
[ADMIN] 16:19:00.150949 シナリオ走行を終了しました [シナリオ名: ログイン]
[ADMIN] 16:19:00.150958 シナリオ走行を開始しました [シナリオ名: ログイン]
[ADMIN] 16:19:00.182728 シナリオ走行を終了しました [シナリオ名: ログイン]
[ADMIN] 16:19:00.182741 シナリオ走行を開始しました [シナリオ名: ログイン]
[ADMIN] 16:19:00.207878 シナリオ走行を終了しました [シナリオ名: ログイン]
[ADMIN] 16:19:00.207889 シナリオ走行を開始しました [シナリオ名: ログイン]
[ADMIN] 16:19:00.237267 シナリオ走行を終了しました [シナリオ名: 新規ユーザー登録]
[ADMIN] 16:19:00.237291 シナリオ走行を開始しました [シナリオ名: 新規ユーザー登録]
[ADMIN] 16:19:00.244004 シナリオ走行を終了しました [シナリオ名: ログイン]
[ADMIN] 16:19:00.244015 シナリオ走行を開始しました [シナリオ名: ログイン]
[ADMIN] 16:19:00.263635 シナリオ走行を終了しました [シナリオ名: ログイン]
[ADMIN] 16:19:00.263648 シナリオ走行を開始しました [シナリオ名: ログイン]
[ADMIN] 16:19:00.275326 シナリオ走行を終了しました [シナリオ名: ログイン]
[ADMIN] 16:19:00.275336 シナリオ走行を開始しました [シナリオ名: ログイン]
[ADMIN] 16:19:00.284091 シナリオ走行を終了しました [シナリオ名: ログイン]
[ADMIN] 16:19:00.284102 シナリオ走行を開始しました [シナリオ名: ログイン]
[ADMIN] 16:19:00.291172 シナリオ走行を終了しました [シナリオ名: ログイン]
[ADMIN] 16:19:00.291182 シナリオ走行を開始しました [シナリオ名: ログイン]
[ADMIN] 16:19:00.294493 シナリオ走行を終了しました [シナリオ名: ログイン]
[ADMIN] 16:19:00.294502 シナリオ走行を開始しました [シナリオ名: ログイン]
[ADMIN] 16:19:00.334436 シナリオ走行を終了しました [シナリオ名: ログイン]
[ADMIN] 16:19:00.334449 シナリオ走行を開始しました [シナリオ名: ログイン]
[ADMIN] 16:19:00.372950 シナリオ走行を終了しました [シナリオ名: ログイン]
[ADMIN] 16:19:00.372967 シナリオ走行を開始しました [シナリオ名: ログイン]
[ADMIN] 16:19:00.469844 シナリオ走行を終了しました [シナリオ名: ログイン]
[ADMIN] 16:19:00.469858 シナリオ走行を開始しました [シナリオ名: ログイン]
[ADMIN] 16:19:00.471278 シナリオ走行を終了しました [シナリオ名: 新規ユーザー登録]
[ADMIN] 16:19:00.471299 シナリオ走行を開始しました [シナリオ名: 新規ユーザー登録]
[ADMIN] 16:19:00.478241 シナリオ走行を終了しました [シナリオ名: 新規ユーザー登録]
[ADMIN] 16:19:00.478259 シナリオ走行を開始しました [シナリオ名: 新規ユーザー登録]
[ADMIN] 16:19:00.494918 シナリオ走行を終了しました [シナリオ名: ログイン]
[ADMIN] 16:19:00.494932 シナリオ走行を開始しました [シナリオ名: ログイン]
[ADMIN] 16:19:00.512405 シナリオ走行を終了しました [シナリオ名: ログイン]
[ADMIN] 16:19:00.512416 シナリオ走行を開始しました [シナリオ名: ログイン]
[ADMIN] 16:19:00.516436 シナリオ走行を終了しました [シナリオ名: ログイン]
[ADMIN] 16:19:00.516449 シナリオ走行を開始しました [シナリオ名: ログイン]
[ADMIN] 16:19:00.523241 シナリオ走行を終了しました [シナリオ名: Banユーザログイン]
[ADMIN] 16:19:00.523252 シナリオ走行を開始しました [シナリオ名: Banユーザログイン]
[ADMIN] 16:19:00.524079 シナリオ走行を終了しました [シナリオ名: Banユーザログイン]
[ADMIN] 16:19:00.524103 シナリオ走行を開始しました [シナリオ名: Banユーザログイン]
[ADMIN] 16:19:00.537846 シナリオ走行を終了しました [シナリオ名: ログイン]
[ADMIN] 16:19:00.537860 シナリオ走行を開始しました [シナリオ名: ログイン]
[ADMIN] 16:19:00.541714 シナリオ走行を終了しました [シナリオ名: ログイン]
[ADMIN] 16:19:00.541733 シナリオ走行を開始しました [シナリオ名: ログイン]
[ADMIN] 16:19:00.541971 シナリオ走行を終了しました [シナリオ名: ログイン]
[ADMIN] 16:19:00.541987 シナリオ走行を開始しました [シナリオ名: ログイン]
[ADMIN] 16:19:00.558350 シナリオ走行を終了しました [シナリオ名: 新規ユーザー登録]
[ADMIN] 16:19:00.558377 シナリオ走行を開始しました [シナリオ名: 新規ユーザー登録]
[ADMIN] 16:19:00.568507 シナリオ走行を終了しました [シナリオ名: ログイン]
[ADMIN] 16:19:00.568521 シナリオ走行を開始しました [シナリオ名: ログイン]
[ADMIN] 16:19:00.569065 シナリオ走行を終了しました [シナリオ名: ログイン]
[ADMIN] 16:19:00.569074 シナリオ走行を開始しました [シナリオ名: ログイン]
[ADMIN] 16:19:00.573348 シナリオ走行を終了しました [シナリオ名: 新規ユーザー登録]
[ADMIN] 16:19:00.573363 シナリオ走行を開始しました [シナリオ名: 新規ユーザー登録]
[ADMIN] 16:19:00.675031 シナリオ走行を終了しました [シナリオ名: ログイン]
[ADMIN] 16:19:00.675044 シナリオ走行を開始しました [シナリオ名: ログイン]
[ADMIN] 16:19:00.689144 シナリオ走行を終了しました [シナリオ名: ログイン]
[ADMIN] 16:19:00.689155 シナリオ走行を開始しました [シナリオ名: ログイン]
[ADMIN] 16:19:00.720847 シナリオ走行を終了しました [シナリオ名: ログイン]
[ADMIN] 16:19:00.720860 シナリオ走行を開始しました [シナリオ名: ログイン]
[ADMIN] 16:19:00.794645 シナリオ走行を終了しました [シナリオ名: 新規ユーザー登録]
[ADMIN] 16:19:00.794670 シナリオ走行を開始しました [シナリオ名: 新規ユーザー登録]
[ADMIN] 16:19:00.796533 シナリオ走行を終了しました [シナリオ名: ログイン]
[ADMIN] 16:19:00.796546 シナリオ走行を開始しました [シナリオ名: ログイン]
[ADMIN] 16:19:00.803191 シナリオ走行を終了しました [シナリオ名: ログイン]
[ADMIN] 16:19:00.803200 シナリオ走行を開始しました [シナリオ名: ログイン]
[ADMIN] 16:19:00.814121 シナリオ走行を終了しました [シナリオ名: ログイン]
[ADMIN] 16:19:00.814133 シナリオ走行を開始しました [シナリオ名: ログイン]
[ADMIN] 16:19:00.827204 シナリオ走行を終了しました [シナリオ名: ログイン]
[ADMIN] 16:19:00.827216 シナリオ走行を開始しました [シナリオ名: ログイン]
[ADMIN] 16:19:00.862838 シナリオ走行を終了しました [シナリオ名: ログイン]
[ADMIN] 16:19:00.862851 シナリオ走行を開始しました [シナリオ名: ログイン]
[ADMIN] 16:19:00.863290 シナリオ走行を終了しました [シナリオ名: ログイン]
[ADMIN] 16:19:00.863298 シナリオ走行を開始しました [シナリオ名: ログイン]
[ADMIN] 16:19:00.884486 シナリオ走行を終了しました [シナリオ名: ログイン]
[ADMIN] 16:19:00.884496 シナリオ走行を開始しました [シナリオ名: ログイン]
[ADMIN] 16:19:00.891607 シナリオ走行を終了しました [シナリオ名: ログイン]
[ADMIN] 16:19:00.891617 シナリオ走行を開始しました [シナリオ名: ログイン]
[ADMIN] 16:19:00.930723 シナリオ走行を終了しました [シナリオ名: ログイン]
[ADMIN] 16:19:00.930736 シナリオ走行を開始しました [シナリオ名: ログイン]
[ADMIN] 16:19:00.931214 シナリオ走行を終了しました [シナリオ名: ログイン]
[ADMIN] 16:19:00.931225 シナリオ走行を開始しました [シナリオ名: ログイン]
[ADMIN] 16:19:00.952430 シナリオ走行を終了しました [シナリオ名: ログイン]
[ADMIN] 16:19:00.952444 シナリオ走行を開始しました [シナリオ名: ログイン]
[ADMIN] 16:19:00.967840 シナリオ走行を終了しました [シナリオ名: ログイン]
[ADMIN] 16:19:00.967851 シナリオ走行を開始しました [シナリオ名: ログイン]
[ADMIN] 16:19:00.973777 シナリオ走行を終了しました [シナリオ名: 新規ユーザー登録]
[ADMIN] 16:19:00.973797 シナリオ走行を開始しました [シナリオ名: 新規ユーザー登録]
[ADMIN] 16:19:01.006383 シナリオ走行を終了しました [シナリオ名: 新規ユーザー登録]
[ADMIN] 16:19:01.006404 シナリオ走行を開始しました [シナリオ名: 新規ユーザー登録]
[ADMIN] 16:19:01.007546 シナリオ走行を終了しました [シナリオ名: ログイン]
[ADMIN] 16:19:01.007556 シナリオ走行を開始しました [シナリオ名: ログイン]
[ADMIN] 16:19:01.015170 シナリオ走行を終了しました [シナリオ名: ログイン]
[ADMIN] 16:19:01.015180 シナリオ走行を開始しました [シナリオ名: ログイン]
[ADMIN] 16:19:01.026480 シナリオ走行を終了しました [シナリオ名: Banユーザログイン]
[ADMIN] 16:19:01.026496 シナリオ走行を開始しました [シナリオ名: Banユーザログイン]
[ADMIN] 16:19:01.026856 シナリオ走行を終了しました [シナリオ名: Banユーザログイン]
[ADMIN] 16:19:01.026867 シナリオ走行を開始しました [シナリオ名: Banユーザログイン]
[ADMIN] 16:19:01.036948 シナリオ走行を終了しました [シナリオ名: 新規ユーザー登録]
[ADMIN] 16:19:01.036965 シナリオ走行を開始しました [シナリオ名: 新規ユーザー登録]
[ADMIN] 16:19:01.056869 シナリオ走行を終了しました [シナリオ名: 新規ユーザー登録]
[ADMIN] 16:19:01.056895 シナリオ走行を開始しました [シナリオ名: 新規ユーザー登録]
[ADMIN] 16:19:01.086889 シナリオ走行を終了しました [シナリオ名: ログイン]
[ADMIN] 16:19:01.086901 シナリオ走行を開始しました [シナリオ名: ログイン]
[ADMIN] 16:19:01.108714 シナリオ走行を終了しました [シナリオ名: ログイン]
[ADMIN] 16:19:01.108725 シナリオ走行を開始しました [シナリオ名: ログイン]
[ADMIN] 16:19:01.109279 シナリオ走行を終了しました [シナリオ名: ログイン]
[ADMIN] 16:19:01.109289 シナリオ走行を開始しました [シナリオ名: ログイン]
[ADMIN] 16:19:01.125227 シナリオ走行を終了しました [シナリオ名: ログイン]
[ADMIN] 16:19:01.125241 シナリオ走行を開始しました [シナリオ名: ログイン]
[ADMIN] 16:19:01.128249 シナリオ走行を終了しました [シナリオ名: ログイン]
[ADMIN] 16:19:01.128259 シナリオ走行を開始しました [シナリオ名: ログイン]
[ADMIN] 16:19:01.136485 シナリオ走行を終了しました [シナリオ名: ログイン]
[ADMIN] 16:19:01.136495 シナリオ走行を開始しました [シナリオ名: ログイン]
[ADMIN] 16:19:01.172562 シナリオ走行を終了しました [シナリオ名: ログイン]
[ADMIN] 16:19:01.172576 シナリオ走行を開始しました [シナリオ名: ログイン]
[ADMIN] 16:19:01.249026 シナリオ走行を終了しました [シナリオ名: ログイン]
[ADMIN] 16:19:01.249042 シナリオ走行を開始しました [シナリオ名: ログイン]
[ADMIN] 16:19:01.293246 シナリオ走行を終了しました [シナリオ名: ログイン]
[ADMIN] 16:19:01.293261 シナリオ走行を開始しました [シナリオ名: ログイン]
[ADMIN] 16:19:01.329599 シナリオ走行を終了しました [シナリオ名: ログイン]
[ADMIN] 16:19:01.329614 シナリオ走行を開始しました [シナリオ名: ログイン]
[ADMIN] 16:19:01.335341 シナリオ走行を終了しました [シナリオ名: ログイン]
[ADMIN] 16:19:01.335354 シナリオ走行を開始しました [シナリオ名: ログイン]
[ADMIN] 16:19:01.345609 シナリオ走行を終了しました [シナリオ名: ログイン]
[ADMIN] 16:19:01.345622 シナリオ走行を開始しました [シナリオ名: ログイン]
[ADMIN] 16:19:01.364568 シナリオ走行を終了しました [シナリオ名: ログイン]
[ADMIN] 16:19:01.364585 シナリオ走行を開始しました [シナリオ名: ログイン]
[ADMIN] 16:19:01.364620 シナリオ走行を終了しました [シナリオ名: ログイン]
[ADMIN] 16:19:01.364631 シナリオ走行を開始しました [シナリオ名: ログイン]
[ADMIN] 16:19:01.386242 シナリオ走行を終了しました [シナリオ名: ログイン]
[ADMIN] 16:19:01.386258 シナリオ走行を開始しました [シナリオ名: ログイン]
[ADMIN] 16:19:01.418574 シナリオ走行を終了しました [シナリオ名: ログイン]
[ADMIN] 16:19:01.418590 シナリオ走行を開始しました [シナリオ名: ログイン]
[ADMIN] 16:19:01.423851 シナリオ走行を終了しました [シナリオ名: ログイン]
[ADMIN] 16:19:01.423864 シナリオ走行を開始しました [シナリオ名: ログイン]
[ADMIN] 16:19:01.436882 シナリオ走行を終了しました [シナリオ名: ログイン]
[ADMIN] 16:19:01.436899 シナリオ走行を開始しました [シナリオ名: ログイン]
[ADMIN] 16:19:01.439755 シナリオ走行を終了しました [シナリオ名: 新規ユーザー登録]
[ADMIN] 16:19:01.439779 シナリオ走行を開始しました [シナリオ名: 新規ユーザー登録]
[ADMIN] 16:19:01.463863 シナリオ走行を終了しました [シナリオ名: ログイン]
[ADMIN] 16:19:01.463877 シナリオ走行を開始しました [シナリオ名: ログイン]
[ADMIN] 16:19:01.470444 シナリオ走行を終了しました [シナリオ名: 新規ユーザー登録]
[ADMIN] 16:19:01.470470 シナリオ走行を開始しました [シナリオ名: 新規ユーザー登録]
[ADMIN] 16:19:01.482202 シナリオ走行を終了しました [シナリオ名: 新規ユーザー登録]
[ADMIN] 16:19:01.482235 シナリオ走行を開始しました [シナリオ名: 新規ユーザー登録]
[ADMIN] 16:19:01.530372 シナリオ走行を終了しました [シナリオ名: Banユーザログイン]
[ADMIN] 16:19:01.530396 シナリオ走行を開始しました [シナリオ名: Banユーザログイン]
[ADMIN] 16:19:01.530781 シナリオ走行を終了しました [シナリオ名: Banユーザログイン]
[ADMIN] 16:19:01.530796 シナリオ走行を開始しました [シナリオ名: Banユーザログイン]
[ADMIN] 16:19:01.537117 シナリオ走行を終了しました [シナリオ名: ログイン]
[ADMIN] 16:19:01.537129 シナリオ走行を開始しました [シナリオ名: ログイン]
[ADMIN] 16:19:01.560578 シナリオ走行を終了しました [シナリオ名: 新規ユーザー登録]
[ADMIN] 16:19:01.560606 シナリオ走行を開始しました [シナリオ名: 新規ユーザー登録]
[ADMIN] 16:19:01.563064 シナリオ走行を終了しました [シナリオ名: 新規ユーザー登録]
[ADMIN] 16:19:01.563080 シナリオ走行を開始しました [シナリオ名: 新規ユーザー登録]
[ADMIN] 16:19:01.604761 シナリオ走行を終了しました [シナリオ名: ログイン]
[ADMIN] 16:19:01.604777 シナリオ走行を開始しました [シナリオ名: ログイン]
[ADMIN] 16:19:01.626213 シナリオ走行を終了しました [シナリオ名: ログイン]
[ADMIN] 16:19:01.626228 シナリオ走行を開始しました [シナリオ名: ログイン]
[ADMIN] 16:19:01.642398 シナリオ走行を終了しました [シナリオ名: ログイン]
[ADMIN] 16:19:01.642413 シナリオ走行を開始しました [シナリオ名: ログイン]
[ADMIN] 16:19:01.701999 シナリオ走行を終了しました [シナリオ名: ログイン]
[ADMIN] 16:19:01.702016 シナリオ走行を開始しました [シナリオ名: ログイン]
[ADMIN] 16:19:01.711860 シナリオ走行を終了しました [シナリオ名: ログイン]
[ADMIN] 16:19:01.711873 シナリオ走行を開始しました [シナリオ名: ログイン]
[ADMIN] 16:19:01.716231 シナリオ走行を終了しました [シナリオ名: ログイン]
[ADMIN] 16:19:01.716243 シナリオ走行を開始しました [シナリオ名: ログイン]
[ADMIN] 16:19:01.727567 シナリオ走行を終了しました [シナリオ名: ログイン]
[ADMIN] 16:19:01.727579 シナリオ走行を開始しました [シナリオ名: ログイン]
[ADMIN] 16:19:01.731725 シナリオ走行を終了しました [シナリオ名: ログイン]
[ADMIN] 16:19:01.731747 シナリオ走行を開始しました [シナリオ名: ログイン]
[ADMIN] 16:19:01.772969 シナリオ走行を終了しました [シナリオ名: ログイン]
[ADMIN] 16:19:01.772985 シナリオ走行を開始しました [シナリオ名: ログイン]
[ADMIN] 16:19:01.795363 シナリオ走行を終了しました [シナリオ名: ログイン]
[ADMIN] 16:19:01.795379 シナリオ走行を開始しました [シナリオ名: ログイン]
[ADMIN] 16:19:01.795908 シナリオ走行を終了しました [シナリオ名: ログイン]
[ADMIN] 16:19:01.795931 シナリオ走行を開始しました [シナリオ名: ログイン]
[ADMIN] 16:19:01.865203 シナリオ走行を終了しました [シナリオ名: ログイン]
[ADMIN] 16:19:01.865215 シナリオ走行を開始しました [シナリオ名: ログイン]
[ADMIN] 16:19:01.905589 シナリオ走行を終了しました [シナリオ名: ログイン]
[ADMIN] 16:19:01.905604 シナリオ走行を開始しました [シナリオ名: ログイン]
[ADMIN] 16:19:01.927422 シナリオ走行を終了しました [シナリオ名: 新規ユーザー登録]
[ADMIN] 16:19:01.927446 シナリオ走行を開始しました [シナリオ名: 新規ユーザー登録]
[ADMIN] 16:19:01.927471 シナリオ走行を終了しました [シナリオ名: ログイン]
[ADMIN] 16:19:01.927478 シナリオ走行を開始しました [シナリオ名: ログイン]
[ADMIN] 16:19:01.968555 シナリオ走行を終了しました [シナリオ名: ログイン]
[ADMIN] 16:19:01.968568 シナリオ走行を開始しました [シナリオ名: ログイン]
[ADMIN] 16:19:01.971678 シナリオ走行を終了しました [シナリオ名: ログイン]
[ADMIN] 16:19:01.971690 シナリオ走行を開始しました [シナリオ名: ログイン]
[ADMIN] 16:19:01.990423 シナリオ走行を終了しました [シナリオ名: 新規ユーザー登録]
[ADMIN] 16:19:01.990449 シナリオ走行を開始しました [シナリオ名: 新規ユーザー登録]
[ADMIN] 16:19:01.995307 シナリオ走行を終了しました [シナリオ名: ログイン]
[ADMIN] 16:19:01.995317 シナリオ走行を開始しました [シナリオ名: ログイン]
[ADMIN] 16:19:01.995683 シナリオ走行を終了しました [シナリオ名: 新規ユーザー登録]
[ADMIN] 16:19:01.995707 シナリオ走行を開始しました [シナリオ名: 新規ユーザー登録]
[ADMIN] 16:19:02.002292 シナリオ走行を終了しました [シナリオ名: 新規ユーザー登録]
[ADMIN] 16:19:02.002314 シナリオ走行を開始しました [シナリオ名: 新規ユーザー登録]
[ADMIN] 16:19:02.035380 シナリオ走行を終了しました [シナリオ名: Banユーザログイン]
[ADMIN] 16:19:02.035404 シナリオ走行を開始しました [シナリオ名: Banユーザログイン]
[ADMIN] 16:19:02.035388 シナリオ走行を終了しました [シナリオ名: Banユーザログイン]
[ADMIN] 16:19:02.035412 シナリオ走行を開始しました [シナリオ名: Banユーザログイン]
[ADMIN] 16:19:02.059427 シナリオ走行を終了しました [シナリオ名: ログイン]
[ADMIN] 16:19:02.059441 シナリオ走行を開始しました [シナリオ名: ログイン]
[ADMIN] 16:19:02.070327 シナリオ走行を終了しました [シナリオ名: ログイン]
[ADMIN] 16:19:02.070340 シナリオ走行を開始しました [シナリオ名: ログイン]
[ADMIN] 16:19:02.092565 シナリオ走行を終了しました [シナリオ名: ログイン]
[ADMIN] 16:19:02.092580 シナリオ走行を開始しました [シナリオ名: ログイン]
[ADMIN] 16:19:02.100150 シナリオ走行を終了しました [シナリオ名: ログイン]
[ADMIN] 16:19:02.100162 シナリオ走行を開始しました [シナリオ名: ログイン]
[ADMIN] 16:19:02.127624 シナリオ走行を終了しました [シナリオ名: ログイン]
[ADMIN] 16:19:02.127638 シナリオ走行を開始しました [シナリオ名: ログイン]
[ADMIN] 16:19:02.159402 シナリオ走行を終了しました [シナリオ名: ログイン]
[ADMIN] 16:19:02.159416 シナリオ走行を開始しました [シナリオ名: ログイン]
[ADMIN] 16:19:02.176076 シナリオ走行を終了しました [シナリオ名: ログイン]
[ADMIN] 16:19:02.176086 シナリオ走行を開始しました [シナリオ名: ログイン]
[ADMIN] 16:19:02.183108 シナリオ走行を終了しました [シナリオ名: ログイン]
[ADMIN] 16:19:02.183119 シナリオ走行を開始しました [シナリオ名: ログイン]
[ADMIN] 16:19:02.198483 シナリオ走行を終了しました [シナリオ名: 新規ユーザー登録]
[ADMIN] 16:19:02.198501 シナリオ走行を開始しました [シナリオ名: 新規ユーザー登録]
[ADMIN] 16:19:02.235474 シナリオ走行を終了しました [シナリオ名: ログイン]
[ADMIN] 16:19:02.235485 シナリオ走行を開始しました [シナリオ名: ログイン]
[ADMIN] 16:19:02.279780 シナリオ走行を終了しました [シナリオ名: ログイン]
[ADMIN] 16:19:02.279791 シナリオ走行を開始しました [シナリオ名: ログイン]
[ADMIN] 16:19:02.291530 シナリオ走行を終了しました [シナリオ名: ログイン]
[ADMIN] 16:19:02.291540 シナリオ走行を開始しました [シナリオ名: ログイン]
[ADMIN] 16:19:02.345095 シナリオ走行を終了しました [シナリオ名: ログイン]
[ADMIN] 16:19:02.345109 シナリオ走行を開始しました [シナリオ名: ログイン]
[ADMIN] 16:19:02.348425 シナリオ走行を終了しました [シナリオ名: ログイン]
[ADMIN] 16:19:02.348433 シナリオ走行を開始しました [シナリオ名: ログイン]
[ADMIN] 16:19:02.376412 シナリオ走行を終了しました [シナリオ名: ログイン]
[ADMIN] 16:19:02.376427 シナリオ走行を開始しました [シナリオ名: ログイン]
[ADMIN] 16:19:02.415739 シナリオ走行を終了しました [シナリオ名: 新規ユーザー登録]
[ADMIN] 16:19:02.415765 シナリオ走行を開始しました [シナリオ名: 新規ユーザー登録]
[ADMIN] 16:19:02.419770 シナリオ走行を終了しました [シナリオ名: ログイン]
[ADMIN] 16:19:02.419779 シナリオ走行を開始しました [シナリオ名: ログイン]
[ADMIN] 16:19:02.433867 シナリオ走行を終了しました [シナリオ名: ログイン]
[ADMIN] 16:19:02.433877 シナリオ走行を開始しました [シナリオ名: ログイン]
[ADMIN] 16:19:02.436052 シナリオ走行を終了しました [シナリオ名: ログイン]
[ADMIN] 16:19:02.436062 シナリオ走行を開始しました [シナリオ名: ログイン]
[ADMIN] 16:19:02.441513 シナリオ走行を終了しました [シナリオ名: ログイン]
[ADMIN] 16:19:02.441521 シナリオ走行を開始しました [シナリオ名: ログイン]
[ADMIN] 16:19:02.487726 シナリオ走行を終了しました [シナリオ名: 新規ユーザー登録]
[ADMIN] 16:19:02.487757 シナリオ走行を開始しました [シナリオ名: 新規ユーザー登録]
[ADMIN] 16:19:02.488473 シナリオ走行を終了しました [シナリオ名: ログイン]
[ADMIN] 16:19:02.488484 シナリオ走行を開始しました [シナリオ名: ログイン]
[ADMIN] 16:19:02.531963 シナリオ走行を終了しました [シナリオ名: ログイン]
[ADMIN] 16:19:02.531976 シナリオ走行を開始しました [シナリオ名: ログイン]
[ADMIN] 16:19:02.537918 シナリオ走行を終了しました [シナリオ名: Banユーザログイン]
[ADMIN] 16:19:02.537933 シナリオ走行を開始しました [シナリオ名: Banユーザログイン]
[ADMIN] 16:19:02.539304 シナリオ走行を終了しました [シナリオ名: Banユーザログイン]
[ADMIN] 16:19:02.539317 シナリオ走行を開始しました [シナリオ名: Banユーザログイン]
[ADMIN] 16:19:02.547624 シナリオ走行を終了しました [シナリオ名: ログイン]
[ADMIN] 16:19:02.547634 シナリオ走行を開始しました [シナリオ名: ログイン]
[ADMIN] 16:19:02.555831 シナリオ走行を終了しました [シナリオ名: 新規ユーザー登録]
[ADMIN] 16:19:02.555847 シナリオ走行を開始しました [シナリオ名: 新規ユーザー登録]
[ADMIN] 16:19:02.583835 シナリオ走行を終了しました [シナリオ名: ログイン]
[ADMIN] 16:19:02.583849 シナリオ走行を開始しました [シナリオ名: ログイン]
[ADMIN] 16:19:02.596434 シナリオ走行を終了しました [シナリオ名: 新規ユーザー登録]
[ADMIN] 16:19:02.596460 シナリオ走行を開始しました [シナリオ名: 新規ユーザー登録]
[ADMIN] 16:19:02.612891 シナリオ走行を終了しました [シナリオ名: ログイン]
[ADMIN] 16:19:02.612906 シナリオ走行を開始しました [シナリオ名: ログイン]
[ADMIN] 16:19:02.641123 シナリオ走行を終了しました [シナリオ名: ログイン]
[ADMIN] 16:19:02.641138 シナリオ走行を開始しました [シナリオ名: ログイン]
[ADMIN] 16:19:02.641979 シナリオ走行を終了しました [シナリオ名: 新規ユーザー登録]
[ADMIN] 16:19:02.641997 シナリオ走行を開始しました [シナリオ名: 新規ユーザー登録]
[ADMIN] 16:19:02.652550 シナリオ走行を終了しました [シナリオ名: ログイン]
[ADMIN] 16:19:02.652561 シナリオ走行を開始しました [シナリオ名: ログイン]
[ADMIN] 16:19:02.740560 シナリオ走行を終了しました [シナリオ名: ログイン]
[ADMIN] 16:19:02.740576 シナリオ走行を開始しました [シナリオ名: ログイン]
[ADMIN] 16:19:02.740960 シナリオ走行を終了しました [シナリオ名: ログイン]
[ADMIN] 16:19:02.740973 シナリオ走行を開始しました [シナリオ名: ログイン]
[ADMIN] 16:19:02.743880 シナリオ走行を終了しました [シナリオ名: ログイン]
[ADMIN] 16:19:02.743889 シナリオ走行を開始しました [シナリオ名: ログイン]
[ADMIN] 16:19:02.744008 シナリオ走行を終了しました [シナリオ名: ログイン]
[ADMIN] 16:19:02.744020 シナリオ走行を開始しました [シナリオ名: ログイン]
[ADMIN] 16:19:02.762640 シナリオ走行を終了しました [シナリオ名: ログイン]
[ADMIN] 16:19:02.762653 シナリオ走行を開始しました [シナリオ名: ログイン]
[ADMIN] 16:19:02.797068 シナリオ走行を終了しました [シナリオ名: ログイン]
[ADMIN] 16:19:02.797080 シナリオ走行を開始しました [シナリオ名: ログイン]
[ADMIN] 16:19:02.881488 シナリオ走行を終了しました [シナリオ名: ログイン]
[ADMIN] 16:19:02.881501 シナリオ走行を開始しました [シナリオ名: ログイン]
[ADMIN] 16:19:02.883990 シナリオ走行を終了しました [シナリオ名: ログイン]
[ADMIN] 16:19:02.884001 シナリオ走行を開始しました [シナリオ名: ログイン]
[ADMIN] 16:19:02.886229 シナリオ走行を終了しました [シナリオ名: ログイン]
[ADMIN] 16:19:02.886238 シナリオ走行を開始しました [シナリオ名: ログイン]
[ADMIN] 16:19:02.907466 シナリオ走行を終了しました [シナリオ名: ログイン]
[ADMIN] 16:19:02.907475 シナリオ走行を開始しました [シナリオ名: ログイン]
[ADMIN] 16:19:02.916975 シナリオ走行を終了しました [シナリオ名: 新規ユーザー登録]
[ADMIN] 16:19:02.916994 シナリオ走行を開始しました [シナリオ名: 新規ユーザー登録]
[ADMIN] 16:19:02.967330 シナリオ走行を終了しました [シナリオ名: ログイン]
[ADMIN] 16:19:02.967343 シナリオ走行を開始しました [シナリオ名: ログイン]
[ADMIN] 16:19:03.002967 シナリオ走行を終了しました [シナリオ名: 新規ユーザー登録]
[ADMIN] 16:19:03.002988 シナリオ走行を開始しました [シナリオ名: 新規ユーザー登録]
[ADMIN] 16:19:03.003537 シナリオ走行を終了しました [シナリオ名: ログイン]
[ADMIN] 16:19:03.003547 シナリオ走行を開始しました [シナリオ名: ログイン]
[ADMIN] 16:19:03.011168 シナリオ走行を終了しました [シナリオ名: 新規ユーザー登録]
[ADMIN] 16:19:03.011188 シナリオ走行を開始しました [シナリオ名: 新規ユーザー登録]
[ADMIN] 16:19:03.026973 シナリオ走行を終了しました [シナリオ名: ログイン]
[ADMIN] 16:19:03.026985 シナリオ走行を開始しました [シナリオ名: ログイン]
[ADMIN] 16:19:03.038334 シナリオ走行を終了しました [シナリオ名: ログイン]
[ADMIN] 16:19:03.038344 シナリオ走行を開始しました [シナリオ名: ログイン]
[ADMIN] 16:19:03.040761 シナリオ走行を終了しました [シナリオ名: Banユーザログイン]
[ADMIN] 16:19:03.040774 シナリオ走行を開始しました [シナリオ名: Banユーザログイン]
[ADMIN] 16:19:03.042132 シナリオ走行を終了しました [シナリオ名: Banユーザログイン]
[ADMIN] 16:19:03.042142 シナリオ走行を開始しました [シナリオ名: Banユーザログイン]
[ADMIN] 16:19:03.056348 シナリオ走行を終了しました [シナリオ名: ログイン]
[ADMIN] 16:19:03.056359 シナリオ走行を開始しました [シナリオ名: ログイン]
[ADMIN] 16:19:03.064996 シナリオ走行を終了しました [シナリオ名: ログイン]
[ADMIN] 16:19:03.065009 シナリオ走行を開始しました [シナリオ名: ログイン]
[ADMIN] 16:19:03.077125 シナリオ走行を終了しました [シナリオ名: ログイン]
[ADMIN] 16:19:03.077138 シナリオ走行を開始しました [シナリオ名: ログイン]
[ADMIN] 16:19:03.082760 シナリオ走行を終了しました [シナリオ名: ログイン]
[ADMIN] 16:19:03.082770 シナリオ走行を開始しました [シナリオ名: ログイン]
[ADMIN] 16:19:03.095064 シナリオ走行を終了しました [シナリオ名: 新規ユーザー登録]
[ADMIN] 16:19:03.095090 シナリオ走行を開始しました [シナリオ名: 新規ユーザー登録]
[ADMIN] 16:19:03.180605 シナリオ走行を終了しました [シナリオ名: ログイン]
[ADMIN] 16:19:03.180620 シナリオ走行を開始しました [シナリオ名: ログイン]
[ADMIN] 16:19:03.201353 シナリオ走行を終了しました [シナリオ名: ログイン]
[ADMIN] 16:19:03.201367 シナリオ走行を開始しました [シナリオ名: ログイン]
[ADMIN] 16:19:03.213272 シナリオ走行を終了しました [シナリオ名: ログイン]
[ADMIN] 16:19:03.213284 シナリオ走行を開始しました [シナリオ名: ログイン]
[ADMIN] 16:19:03.219440 シナリオ走行を終了しました [シナリオ名: 新規ユーザー登録]
[ADMIN] 16:19:03.219460 シナリオ走行を開始しました [シナリオ名: 新規ユーザー登録]
[ADMIN] 16:19:03.222894 シナリオ走行を終了しました [シナリオ名: ログイン]
[ADMIN] 16:19:03.222905 シナリオ走行を開始しました [シナリオ名: ログイン]
[ADMIN] 16:19:03.229268 シナリオ走行を終了しました [シナリオ名: ログイン]
[ADMIN] 16:19:03.229278 シナリオ走行を開始しました [シナリオ名: ログイン]
[ADMIN] 16:19:03.238348 シナリオ走行を終了しました [シナリオ名: ログイン]
[ADMIN] 16:19:03.238361 シナリオ走行を開始しました [シナリオ名: ログイン]
[ADMIN] 16:19:03.247036 シナリオ走行を終了しました [シナリオ名: ログイン]
[ADMIN] 16:19:03.247048 シナリオ走行を開始しました [シナリオ名: ログイン]
[ADMIN] 16:19:03.273758 シナリオ走行を終了しました [シナリオ名: ログイン]
[ADMIN] 16:19:03.273768 シナリオ走行を開始しました [シナリオ名: ログイン]
[ADMIN] 16:19:03.320030 シナリオ走行を終了しました [シナリオ名: ログイン]
[ADMIN] 16:19:03.320044 シナリオ走行を開始しました [シナリオ名: ログイン]
[ADMIN] 16:19:03.334723 シナリオ走行を終了しました [シナリオ名: ログイン]
[ADMIN] 16:19:03.334736 シナリオ走行を開始しました [シナリオ名: ログイン]
[ADMIN] 16:19:03.336189 シナリオ走行を終了しました [シナリオ名: ログイン]
[ADMIN] 16:19:03.336200 シナリオ走行を開始しました [シナリオ名: ログイン]
[ADMIN] 16:19:03.384620 シナリオ走行を終了しました [シナリオ名: ログイン]
[ADMIN] 16:19:03.384633 シナリオ走行を開始しました [シナリオ名: ログイン]
[ADMIN] 16:19:03.422318 シナリオ走行を終了しました [シナリオ名: ログイン]
[ADMIN] 16:19:03.422332 シナリオ走行を開始しました [シナリオ名: ログイン]
[ADMIN] 16:19:03.447772 シナリオ走行を終了しました [シナリオ名: ログイン]
[ADMIN] 16:19:03.447783 シナリオ走行を開始しました [シナリオ名: ログイン]
[ADMIN] 16:19:03.449927 シナリオ走行を終了しました [シナリオ名: 新規ユーザー登録]
[ADMIN] 16:19:03.449943 シナリオ走行を開始しました [シナリオ名: 新規ユーザー登録]
[ADMIN] 16:19:03.467886 シナリオ走行を終了しました [シナリオ名: 新規ユーザー登録]
[ADMIN] 16:19:03.467908 シナリオ走行を開始しました [シナリオ名: 新規ユーザー登録]
[ADMIN] 16:19:03.495837 シナリオ走行を終了しました [シナリオ名: ログイン]
[ADMIN] 16:19:03.495849 シナリオ走行を開始しました [シナリオ名: ログイン]
[ADMIN] 16:19:03.542100 シナリオ走行を終了しました [シナリオ名: 新規ユーザー登録]
[ADMIN] 16:19:03.542125 シナリオ走行を開始しました [シナリオ名: 新規ユーザー登録]
[ADMIN] 16:19:03.543505 シナリオ走行を終了しました [シナリオ名: Banユーザログイン]
[ADMIN] 16:19:03.543519 シナリオ走行を開始しました [シナリオ名: Banユーザログイン]
[ADMIN] 16:19:03.543604 シナリオ走行を終了しました [シナリオ名: Banユーザログイン]
[ADMIN] 16:19:03.543618 シナリオ走行を開始しました [シナリオ名: Banユーザログイン]
[ADMIN] 16:19:03.561516 シナリオ走行を終了しました [シナリオ名: ログイン]
[ADMIN] 16:19:03.561528 シナリオ走行を開始しました [シナリオ名: ログイン]
[ADMIN] 16:19:03.572652 シナリオ走行を終了しました [シナリオ名: ログイン]
[ADMIN] 16:19:03.572664 シナリオ走行を開始しました [シナリオ名: ログイン]
[ADMIN] 16:19:03.607858 シナリオ走行を終了しました [シナリオ名: ログイン]
[ADMIN] 16:19:03.607872 シナリオ走行を開始しました [シナリオ名: ログイン]
[ADMIN] 16:19:03.629107 シナリオ走行を終了しました [シナリオ名: ログイン]
[ADMIN] 16:19:03.629118 シナリオ走行を開始しました [シナリオ名: ログイン]
[ADMIN] 16:19:03.632762 シナリオ走行を終了しました [シナリオ名: ログイン]
[ADMIN] 16:19:03.632772 シナリオ走行を開始しました [シナリオ名: ログイン]
[ADMIN] 16:19:03.638225 シナリオ走行を終了しました [シナリオ名: ログイン]
[ADMIN] 16:19:03.638233 シナリオ走行を開始しました [シナリオ名: ログイン]
[ADMIN] 16:19:03.659849 シナリオ走行を終了しました [シナリオ名: ログイン]
[ADMIN] 16:19:03.659859 シナリオ走行を開始しました [シナリオ名: ログイン]
[ADMIN] 16:19:03.661688 シナリオ走行を終了しました [シナリオ名: ログイン]
[ADMIN] 16:19:03.661698 シナリオ走行を開始しました [シナリオ名: ログイン]
[ADMIN] 16:19:03.681935 シナリオ走行を終了しました [シナリオ名: 新規ユーザー登録]
[ADMIN] 16:19:03.681958 シナリオ走行を開始しました [シナリオ名: 新規ユーザー登録]
[ADMIN] 16:19:03.695431 シナリオ走行を終了しました [シナリオ名: ログイン]
[ADMIN] 16:19:03.695444 シナリオ走行を開始しました [シナリオ名: ログイン]
[ADMIN] 16:19:03.722081 シナリオ走行を終了しました [シナリオ名: ログイン]
[ADMIN] 16:19:03.722093 シナリオ走行を開始しました [シナリオ名: ログイン]
[ADMIN] 16:19:03.773082 シナリオ走行を終了しました [シナリオ名: ログイン]
[ADMIN] 16:19:03.773099 シナリオ走行を開始しました [シナリオ名: ログイン]
[ADMIN] 16:19:03.778064 シナリオ走行を終了しました [シナリオ名: ログイン]
[ADMIN] 16:19:03.778073 シナリオ走行を開始しました [シナリオ名: ログイン]
[ADMIN] 16:19:03.789834 シナリオ走行を終了しました [シナリオ名: 新規ユーザー登録]
[ADMIN] 16:19:03.789851 シナリオ走行を開始しました [シナリオ名: 新規ユーザー登録]
[ADMIN] 16:19:03.855961 シナリオ走行を終了しました [シナリオ名: ログイン]
[ADMIN] 16:19:03.855976 シナリオ走行を開始しました [シナリオ名: ログイン]
[ADMIN] 16:19:03.879818 シナリオ走行を終了しました [シナリオ名: ログイン]
[ADMIN] 16:19:03.879831 シナリオ走行を開始しました [シナリオ名: ログイン]
[ADMIN] 16:19:03.914295 シナリオ走行を終了しました [シナリオ名: 新規ユーザー登録]
[ADMIN] 16:19:03.914320 シナリオ走行を開始しました [シナリオ名: 新規ユーザー登録]
[ADMIN] 16:19:03.933488 シナリオ走行を終了しました [シナリオ名: ログイン]
[ADMIN] 16:19:03.933501 シナリオ走行を開始しました [シナリオ名: ログイン]
[ADMIN] 16:19:03.938260 シナリオ走行を終了しました [シナリオ名: ログイン]
[ADMIN] 16:19:03.938271 シナリオ走行を開始しました [シナリオ名: ログイン]
[ADMIN] 16:19:03.952361 シナリオ走行を終了しました [シナリオ名: ログイン]
[ADMIN] 16:19:03.952371 シナリオ走行を開始しました [シナリオ名: ログイン]
[ADMIN] 16:19:03.970434 シナリオ走行を終了しました [シナリオ名: ログイン]
[ADMIN] 16:19:03.970446 シナリオ走行を開始しました [シナリオ名: ログイン]
[ADMIN] 16:19:04.005597 シナリオ走行を終了しました [シナリオ名: 新規ユーザー登録]
[ADMIN] 16:19:04.005619 シナリオ走行を開始しました [シナリオ名: 新規ユーザー登録]
[ADMIN] 16:19:04.020163 シナリオ走行を終了しました [シナリオ名: ログイン]
[ADMIN] 16:19:04.020173 シナリオ走行を開始しました [シナリオ名: ログイン]
[ADMIN] 16:19:04.029054 シナリオ走行を終了しました [シナリオ名: ログイン]
[ADMIN] 16:19:04.029065 シナリオ走行を開始しました [シナリオ名: ログイン]
[ADMIN] 16:19:04.039022 シナリオ走行を終了しました [シナリオ名: ログイン]
[ADMIN] 16:19:04.039033 シナリオ走行を開始しました [シナリオ名: ログイン]
[ADMIN] 16:19:04.040369 シナリオ走行を終了しました [シナリオ名: ログイン]
[ADMIN] 16:19:04.040379 シナリオ走行を開始しました [シナリオ名: ログイン]
[ADMIN] 16:19:04.046888 シナリオ走行を終了しました [シナリオ名: Banユーザログイン]
[ADMIN] 16:19:04.046896 シナリオ走行を終了しました [シナリオ名: Banユーザログイン]
[ADMIN] 16:19:04.046900 シナリオ走行を開始しました [シナリオ名: Banユーザログイン]
[ADMIN] 16:19:04.046908 シナリオ走行を開始しました [シナリオ名: Banユーザログイン]
[ADMIN] 16:19:04.054775 シナリオ走行を終了しました [シナリオ名: ログイン]
[ADMIN] 16:19:04.054787 シナリオ走行を開始しました [シナリオ名: ログイン]
[ADMIN] 16:19:04.070396 シナリオ走行を終了しました [シナリオ名: ログイン]
[ADMIN] 16:19:04.070407 シナリオ走行を開始しました [シナリオ名: ログイン]
[ADMIN] 16:19:04.090201 シナリオ走行を終了しました [シナリオ名: 新規ユーザー登録]
[ADMIN] 16:19:04.090232 シナリオ走行を開始しました [シナリオ名: 新規ユーザー登録]
[ADMIN] 16:19:04.111947 シナリオ走行を終了しました [シナリオ名: ログイン]
[ADMIN] 16:19:04.111959 シナリオ走行を開始しました [シナリオ名: ログイン]
[ADMIN] 16:19:04.126824 シナリオ走行を終了しました [シナリオ名: 新規ユーザー登録]
[ADMIN] 16:19:04.126843 シナリオ走行を開始しました [シナリオ名: 新規ユーザー登録]
[ADMIN] 16:19:04.161666 シナリオ走行を終了しました [シナリオ名: ログイン]
[ADMIN] 16:19:04.161679 シナリオ走行を開始しました [シナリオ名: ログイン]
[ADMIN] 16:19:04.188125 シナリオ走行を終了しました [シナリオ名: ログイン]
[ADMIN] 16:19:04.188137 シナリオ走行を開始しました [シナリオ名: ログイン]
[ADMIN] 16:19:04.267528 シナリオ走行を終了しました [シナリオ名: ログイン]
[ADMIN] 16:19:04.267543 シナリオ走行を開始しました [シナリオ名: ログイン]
[ADMIN] 16:19:04.269876 シナリオ走行を終了しました [シナリオ名: ログイン]
[ADMIN] 16:19:04.269888 シナリオ走行を開始しました [シナリオ名: ログイン]
[ADMIN] 16:19:04.270114 シナリオ走行を終了しました [シナリオ名: ログイン]
[ADMIN] 16:19:04.270124 シナリオ走行を開始しました [シナリオ名: ログイン]
[ADMIN] 16:19:04.270358 シナリオ走行を終了しました [シナリオ名: ログイン]
[ADMIN] 16:19:04.270367 シナリオ走行を開始しました [シナリオ名: ログイン]
[ADMIN] 16:19:04.277559 シナリオ走行を終了しました [シナリオ名: 新規ユーザー登録]
[ADMIN] 16:19:04.277583 シナリオ走行を開始しました [シナリオ名: 新規ユーザー登録]
[ADMIN] 16:19:04.284170 シナリオ走行を終了しました [シナリオ名: ログイン]
[ADMIN] 16:19:04.284179 シナリオ走行を開始しました [シナリオ名: ログイン]
[ADMIN] 16:19:04.284684 シナリオ走行を終了しました [シナリオ名: ログイン]
[ADMIN] 16:19:04.284696 シナリオ走行を開始しました [シナリオ名: ログイン]
[ADMIN] 16:19:04.321071 シナリオ走行を終了しました [シナリオ名: 新規ユーザー登録]
[ADMIN] 16:19:04.321095 シナリオ走行を開始しました [シナリオ名: 新規ユーザー登録]
[ADMIN] 16:19:04.418837 シナリオ走行を終了しました [シナリオ名: ログイン]
[ADMIN] 16:19:04.418852 シナリオ走行を開始しました [シナリオ名: ログイン]
[ADMIN] 16:19:04.429125 シナリオ走行を終了しました [シナリオ名: 新規ユーザー登録]
[ADMIN] 16:19:04.429150 シナリオ走行を開始しました [シナリオ名: 新規ユーザー登録]
[ADMIN] 16:19:04.431907 シナリオ走行を終了しました [シナリオ名: ログイン]
[ADMIN] 16:19:04.431916 シナリオ走行を開始しました [シナリオ名: ログイン]
[ADMIN] 16:19:04.440173 シナリオ走行を終了しました [シナリオ名: ログイン]
[ADMIN] 16:19:04.440184 シナリオ走行を開始しました [シナリオ名: ログイン]
[ADMIN] 16:19:04.444741 シナリオ走行を終了しました [シナリオ名: ログイン]
[ADMIN] 16:19:04.444749 シナリオ走行を開始しました [シナリオ名: ログイン]
[ADMIN] 16:19:04.456456 シナリオ走行を終了しました [シナリオ名: ログイン]
[ADMIN] 16:19:04.456466 シナリオ走行を開始しました [シナリオ名: ログイン]
[ADMIN] 16:19:04.477321 シナリオ走行を終了しました [シナリオ名: ログイン]
[ADMIN] 16:19:04.477332 シナリオ走行を開始しました [シナリオ名: ログイン]
[ADMIN] 16:19:04.479607 シナリオ走行を終了しました [シナリオ名: ログイン]
[ADMIN] 16:19:04.479616 シナリオ走行を開始しました [シナリオ名: ログイン]
[ADMIN] 16:19:04.499830 シナリオ走行を終了しました [シナリオ名: ログイン]
[ADMIN] 16:19:04.499840 シナリオ走行を開始しました [シナリオ名: ログイン]
[ADMIN] 16:19:04.523094 シナリオ走行を終了しました [シナリオ名: 新規ユーザー登録]
[ADMIN] 16:19:04.523113 シナリオ走行を開始しました [シナリオ名: 新規ユーザー登録]
[ADMIN] 16:19:04.525367 シナリオ走行を終了しました [シナリオ名: ログイン]
[ADMIN] 16:19:04.525376 シナリオ走行を開始しました [シナリオ名: ログイン]
[ADMIN] 16:19:04.548824 シナリオ走行を終了しました [シナリオ名: Banユーザログイン]
[ADMIN] 16:19:04.548843 シナリオ走行を開始しました [シナリオ名: Banユーザログイン]
[ADMIN] 16:19:04.561082 シナリオ走行を終了しました [シナリオ名: Banユーザログイン]
[ADMIN] 16:19:04.561098 シナリオ走行を開始しました [シナリオ名: Banユーザログイン]
[ADMIN] 16:19:04.601648 シナリオ走行を終了しました [シナリオ名: ログイン]
[ADMIN] 16:19:04.601661 シナリオ走行を開始しました [シナリオ名: ログイン]
[ADMIN] 16:19:04.604781 シナリオ走行を終了しました [シナリオ名: ログイン]
[ADMIN] 16:19:04.604793 シナリオ走行を開始しました [シナリオ名: ログイン]
[ADMIN] 16:19:04.608133 シナリオ走行を終了しました [シナリオ名: ログイン]
[ADMIN] 16:19:04.608142 シナリオ走行を開始しました [シナリオ名: ログイン]
[ADMIN] 16:19:04.618243 シナリオ走行を終了しました [シナリオ名: ログイン]
[ADMIN] 16:19:04.618260 シナリオ走行を開始しました [シナリオ名: ログイン]
[ADMIN] 16:19:04.666772 シナリオ走行を終了しました [シナリオ名: ログイン]
[ADMIN] 16:19:04.666786 シナリオ走行を開始しました [シナリオ名: ログイン]
[ADMIN] 16:19:04.677362 シナリオ走行を終了しました [シナリオ名: 新規ユーザー登録]
[ADMIN] 16:19:04.677384 シナリオ走行を開始しました [シナリオ名: 新規ユーザー登録]
[ADMIN] 16:19:04.734853 シナリオ走行を終了しました [シナリオ名: ログイン]
[ADMIN] 16:19:04.734866 シナリオ走行を開始しました [シナリオ名: ログイン]
[ADMIN] 16:19:04.768042 シナリオ走行を終了しました [シナリオ名: ログイン]
[ADMIN] 16:19:04.768055 シナリオ走行を開始しました [シナリオ名: ログイン]
[ADMIN] 16:19:04.795153 シナリオ走行を終了しました [シナリオ名: ログイン]
[ADMIN] 16:19:04.795167 シナリオ走行を開始しました [シナリオ名: ログイン]
[ADMIN] 16:19:04.799018 シナリオ走行を終了しました [シナリオ名: ログイン]
[ADMIN] 16:19:04.799030 シナリオ走行を開始しました [シナリオ名: ログイン]
[ADMIN] 16:19:04.830708 シナリオ走行を終了しました [シナリオ名: ログイン]
[ADMIN] 16:19:04.830719 シナリオ走行を開始しました [シナリオ名: ログイン]
[ADMIN] 16:19:04.855138 シナリオ走行を終了しました [シナリオ名: 新規ユーザー登録]
[ADMIN] 16:19:04.855159 シナリオ走行を開始しました [シナリオ名: 新規ユーザー登録]
[ADMIN] 16:19:04.866697 シナリオ走行を終了しました [シナリオ名: ログイン]
[ADMIN] 16:19:04.866709 シナリオ走行を開始しました [シナリオ名: ログイン]
[ADMIN] 16:19:04.889371 シナリオ走行を終了しました [シナリオ名: ログイン]
[ADMIN] 16:19:04.889382 シナリオ走行を開始しました [シナリオ名: ログイン]
[ADMIN] 16:19:04.898057 シナリオ走行を終了しました [シナリオ名: 新規ユーザー登録]
[ADMIN] 16:19:04.898088 シナリオ走行を開始しました [シナリオ名: 新規ユーザー登録]
[ADMIN] 16:19:04.946477 シナリオ走行を終了しました [シナリオ名: ログイン]
[ADMIN] 16:19:04.946491 シナリオ走行を開始しました [シナリオ名: ログイン]
[ADMIN] 16:19:04.955873 シナリオ走行を終了しました [シナリオ名: 新規ユーザー登録]
[ADMIN] 16:19:04.955895 シナリオ走行を開始しました [シナリオ名: 新規ユーザー登録]
[ADMIN] 16:19:04.980372 シナリオ走行を終了しました [シナリオ名: ログイン]
[ADMIN] 16:19:04.980383 シナリオ走行を開始しました [シナリオ名: ログイン]
[ADMIN] 16:19:04.989525 シナリオ走行を終了しました [シナリオ名: ログイン]
[ADMIN] 16:19:04.989535 シナリオ走行を開始しました [シナリオ名: ログイン]
[ADMIN] 16:19:04.990562 シナリオ走行を終了しました [シナリオ名: ログイン]
[ADMIN] 16:19:04.990571 シナリオ走行を開始しました [シナリオ名: ログイン]
[ADMIN] 16:19:04.995311 シナリオ走行を終了しました [シナリオ名: ログイン]
[ADMIN] 16:19:04.995321 シナリオ走行を開始しました [シナリオ名: ログイン]
[ADMIN] 16:19:05.052611 シナリオ走行を終了しました [シナリオ名: ログイン]
[ADMIN] 16:19:05.052624 シナリオ走行を開始しました [シナリオ名: ログイン]
[ADMIN] 16:19:05.054033 シナリオ走行を終了しました [シナリオ名: Banユーザログイン]
[ADMIN] 16:19:05.054047 シナリオ走行を開始しました [シナリオ名: Banユーザログイン]
[ADMIN] 16:19:05.063288 シナリオ走行を終了しました [シナリオ名: Banユーザログイン]
[ADMIN] 16:19:05.063354 シナリオ走行を開始しました [シナリオ名: Banユーザログイン]
[ADMIN] 16:19:05.085834 シナリオ走行を終了しました [シナリオ名: ログイン]
[ADMIN] 16:19:05.085848 シナリオ走行を開始しました [シナリオ名: ログイン]
[ADMIN] 16:19:05.088448 シナリオ走行を終了しました [シナリオ名: 新規ユーザー登録]
[ADMIN] 16:19:05.088466 シナリオ走行を開始しました [シナリオ名: 新規ユーザー登録]
[ADMIN] 16:19:05.098363 シナリオ走行を終了しました [シナリオ名: 新規ユーザー登録]
[ADMIN] 16:19:05.098388 シナリオ走行を開始しました [シナリオ名: 新規ユーザー登録]
[ADMIN] 16:19:05.136625 シナリオ走行を終了しました [シナリオ名: ログイン]
[ADMIN] 16:19:05.136639 シナリオ走行を開始しました [シナリオ名: ログイン]
[ADMIN] 16:19:05.172726 シナリオ走行を終了しました [シナリオ名: ログイン]
[ADMIN] 16:19:05.172741 シナリオ走行を開始しました [シナリオ名: ログイン]
[ADMIN] 16:19:05.197093 シナリオ走行を終了しました [シナリオ名: ログイン]
[ADMIN] 16:19:05.197108 シナリオ走行を開始しました [シナリオ名: ログイン]
[ADMIN] 16:19:05.212119 シナリオ走行を終了しました [シナリオ名: ログイン]
[ADMIN] 16:19:05.212132 シナリオ走行を開始しました [シナリオ名: ログイン]
[ADMIN] 16:19:05.227200 シナリオ走行を終了しました [シナリオ名: 新規ユーザー登録]
[ADMIN] 16:19:05.227222 シナリオ走行を開始しました [シナリオ名: 新規ユーザー登録]
[ADMIN] 16:19:05.244675 シナリオ走行を終了しました [シナリオ名: ログイン]
[ADMIN] 16:19:05.244687 シナリオ走行を開始しました [シナリオ名: ログイン]
[ADMIN] 16:19:05.257361 シナリオ走行を終了しました [シナリオ名: ログイン]
[ADMIN] 16:19:05.257373 シナリオ走行を開始しました [シナリオ名: ログイン]
[ADMIN] 16:19:05.295608 シナリオ走行を終了しました [シナリオ名: ログイン]
[ADMIN] 16:19:05.295624 シナリオ走行を開始しました [シナリオ名: ログイン]
[ADMIN] 16:19:05.311301 シナリオ走行を終了しました [シナリオ名: ログイン]
[ADMIN] 16:19:05.311316 シナリオ走行を開始しました [シナリオ名: ログイン]
[ADMIN] 16:19:05.315068 シナリオ走行を終了しました [シナリオ名: ログイン]
[ADMIN] 16:19:05.315080 シナリオ走行を開始しました [シナリオ名: ログイン]
[ADMIN] 16:19:05.338117 シナリオ走行を終了しました [シナリオ名: ログイン]
[ADMIN] 16:19:05.338130 シナリオ走行を開始しました [シナリオ名: ログイン]
[ADMIN] 16:19:05.348106 シナリオ走行を終了しました [シナリオ名: ログイン]
[ADMIN] 16:19:05.348119 シナリオ走行を開始しました [シナリオ名: ログイン]
[ADMIN] 16:19:05.349899 シナリオ走行を終了しました [シナリオ名: 新規ユーザー登録]
[ADMIN] 16:19:05.349918 シナリオ走行を開始しました [シナリオ名: 新規ユーザー登録]
[ADMIN] 16:19:05.356598 シナリオ走行を終了しました [シナリオ名: 新規ユーザー登録]
[ADMIN] 16:19:05.356617 シナリオ走行を開始しました [シナリオ名: 新規ユーザー登録]
[ADMIN] 16:19:05.365624 シナリオ走行を終了しました [シナリオ名: ログイン]
[ADMIN] 16:19:05.365634 シナリオ走行を開始しました [シナリオ名: ログイン]
[ADMIN] 16:19:05.369863 シナリオ走行を終了しました [シナリオ名: ログイン]
[ADMIN] 16:19:05.369872 シナリオ走行を開始しました [シナリオ名: ログイン]
[ADMIN] 16:19:05.427908 シナリオ走行を終了しました [シナリオ名: ログイン]
[ADMIN] 16:19:05.427918 シナリオ走行を開始しました [シナリオ名: ログイン]
[ADMIN] 16:19:05.448653 シナリオ走行を終了しました [シナリオ名: ログイン]
[ADMIN] 16:19:05.448666 シナリオ走行を開始しました [シナリオ名: ログイン]
[ADMIN] 16:19:05.508000 シナリオ走行を終了しました [シナリオ名: ログイン]
[ADMIN] 16:19:05.508015 シナリオ走行を開始しました [シナリオ名: ログイン]
[ADMIN] 16:19:05.535313 シナリオ走行を終了しました [シナリオ名: 新規ユーザー登録]
[ADMIN] 16:19:05.535337 シナリオ走行を開始しました [シナリオ名: 新規ユーザー登録]
[ADMIN] 16:19:05.537625 シナリオ走行を終了しました [シナリオ名: ログイン]
[ADMIN] 16:19:05.537634 シナリオ走行を開始しました [シナリオ名: ログイン]
[ADMIN] 16:19:05.541085 シナリオ走行を終了しました [シナリオ名: 新規ユーザー登録]
[ADMIN] 16:19:05.541108 シナリオ走行を開始しました [シナリオ名: 新規ユーザー登録]
[ADMIN] 16:19:05.550077 シナリオ走行を終了しました [シナリオ名: ログイン]
[ADMIN] 16:19:05.550088 シナリオ走行を開始しました [シナリオ名: ログイン]
[ADMIN] 16:19:05.556618 シナリオ走行を終了しました [シナリオ名: Banユーザログイン]
[ADMIN] 16:19:05.556634 シナリオ走行を開始しました [シナリオ名: Banユーザログイン]
[ADMIN] 16:19:05.562453 シナリオ走行を終了しました [シナリオ名: ログイン]
[ADMIN] 16:19:05.562463 シナリオ走行を開始しました [シナリオ名: ログイン]
[ADMIN] 16:19:05.576876 シナリオ走行を終了しました [シナリオ名: Banユーザログイン]
[ADMIN] 16:19:05.576887 シナリオ走行を開始しました [シナリオ名: Banユーザログイン]
[ADMIN] 16:19:05.590779 シナリオ走行を終了しました [シナリオ名: 新規ユーザー登録]
[ADMIN] 16:19:05.590795 シナリオ走行を開始しました [シナリオ名: 新規ユーザー登録]
[ADMIN] 16:19:05.593486 シナリオ走行を終了しました [シナリオ名: ログイン]
[ADMIN] 16:19:05.593498 シナリオ走行を開始しました [シナリオ名: ログイン]
[ADMIN] 16:19:05.647520 シナリオ走行を終了しました [シナリオ名: ログイン]
[ADMIN] 16:19:05.647533 シナリオ走行を開始しました [シナリオ名: ログイン]
[ADMIN] 16:19:05.658281 シナリオ走行を終了しました [シナリオ名: ログイン]
[ADMIN] 16:19:05.658292 シナリオ走行を開始しました [シナリオ名: ログイン]
[ADMIN] 16:19:05.663865 シナリオ走行を終了しました [シナリオ名: ログイン]
[ADMIN] 16:19:05.663877 シナリオ走行を開始しました [シナリオ名: ログイン]
[ADMIN] 16:19:05.712794 シナリオ走行を終了しました [シナリオ名: ログイン]
[ADMIN] 16:19:05.712806 シナリオ走行を開始しました [シナリオ名: ログイン]
[ADMIN] 16:19:05.723037 シナリオ走行を終了しました [シナリオ名: ログイン]
[ADMIN] 16:19:05.723048 シナリオ走行を開始しました [シナリオ名: ログイン]
[ADMIN] 16:19:05.739574 シナリオ走行を終了しました [シナリオ名: ログイン]
[ADMIN] 16:19:05.739585 シナリオ走行を開始しました [シナリオ名: ログイン]
[ADMIN] 16:19:05.740059 シナリオ走行を終了しました [シナリオ名: ログイン]
[ADMIN] 16:19:05.740072 シナリオ走行を開始しました [シナリオ名: ログイン]
[ADMIN] 16:19:05.747314 シナリオ走行を終了しました [シナリオ名: ログイン]
[ADMIN] 16:19:05.747322 シナリオ走行を開始しました [シナリオ名: ログイン]
[ADMIN] 16:19:05.755487 シナリオ走行を終了しました [シナリオ名: ログイン]
[ADMIN] 16:19:05.755495 シナリオ走行を開始しました [シナリオ名: ログイン]
[ADMIN] 16:19:05.801107 シナリオ走行を終了しました [シナリオ名: ログイン]
[ADMIN] 16:19:05.801121 シナリオ走行を開始しました [シナリオ名: ログイン]
[ADMIN] 16:19:05.817220 シナリオ走行を終了しました [シナリオ名: 新規ユーザー登録]
[ADMIN] 16:19:05.817245 シナリオ走行を開始しました [シナリオ名: 新規ユーザー登録]
[ADMIN] 16:19:05.825636 シナリオ走行を終了しました [シナリオ名: ログイン]
[ADMIN] 16:19:05.825650 シナリオ走行を開始しました [シナリオ名: ログイン]
[ADMIN] 16:19:05.856375 シナリオ走行を終了しました [シナリオ名: ログイン]
[ADMIN] 16:19:05.856389 シナリオ走行を開始しました [シナリオ名: ログイン]
[ADMIN] 16:19:05.951999 シナリオ走行を終了しました [シナリオ名: 新規ユーザー登録]
[ADMIN] 16:19:05.952025 シナリオ走行を開始しました [シナリオ名: 新規ユーザー登録]
[ADMIN] 16:19:05.966655 シナリオ走行を終了しました [シナリオ名: ログイン]
[ADMIN] 16:19:05.966667 シナリオ走行を開始しました [シナリオ名: ログイン]
[ADMIN] 16:19:06.029605 シナリオ走行を終了しました [シナリオ名: ログイン]
[ADMIN] 16:19:06.029621 シナリオ走行を開始しました [シナリオ名: ログイン]
[ADMIN] 16:19:06.032722 シナリオ走行を終了しました [シナリオ名: ログイン]
[ADMIN] 16:19:06.032732 シナリオ走行を開始しました [シナリオ名: ログイン]
[ADMIN] 16:19:06.043648 シナリオ走行を終了しました [シナリオ名: 新規ユーザー登録]
[ADMIN] 16:19:06.043669 シナリオ走行を開始しました [シナリオ名: 新規ユーザー登録]
[ADMIN] 16:19:06.048590 シナリオ走行を終了しました [シナリオ名: 新規ユーザー登録]
[ADMIN] 16:19:06.048610 シナリオ走行を開始しました [シナリオ名: 新規ユーザー登録]
[ADMIN] 16:19:06.062860 シナリオ走行を終了しました [シナリオ名: ログイン]
[ADMIN] 16:19:06.062872 シナリオ走行を開始しました [シナリオ名: ログイン]
[ADMIN] 16:19:06.066506 シナリオ走行を終了しました [シナリオ名: ログイン]
[ADMIN] 16:19:06.066515 シナリオ走行を開始しました [シナリオ名: ログイン]
[ADMIN] 16:19:06.074912 シナリオ走行を終了しました [シナリオ名: Banユーザログイン]
[ADMIN] 16:19:06.074927 シナリオ走行を開始しました [シナリオ名: Banユーザログイン]
[ADMIN] 16:19:06.080476 シナリオ走行を終了しました [シナリオ名: Banユーザログイン]
[ADMIN] 16:19:06.080490 シナリオ走行を開始しました [シナリオ名: Banユーザログイン]
[ADMIN] 16:19:06.109132 シナリオ走行を終了しました [シナリオ名: ログイン]
[ADMIN] 16:19:06.109147 シナリオ走行を開始しました [シナリオ名: ログイン]
[ADMIN] 16:19:06.128056 シナリオ走行を終了しました [シナリオ名: ログイン]
[ADMIN] 16:19:06.128071 シナリオ走行を開始しました [シナリオ名: ログイン]
[ADMIN] 16:19:06.142569 シナリオ走行を終了しました [シナリオ名: ログイン]
[ADMIN] 16:19:06.142581 シナリオ走行を開始しました [シナリオ名: ログイン]
[ADMIN] 16:19:06.161927 シナリオ走行を終了しました [シナリオ名: ログイン]
[ADMIN] 16:19:06.161939 シナリオ走行を開始しました [シナリオ名: ログイン]
[ADMIN] 16:19:06.162102 シナリオ走行を終了しました [シナリオ名: 新規ユーザー登録]
[ADMIN] 16:19:06.162121 シナリオ走行を開始しました [シナリオ名: 新規ユーザー登録]
[ADMIN] 16:19:06.177350 シナリオ走行を終了しました [シナリオ名: ログイン]
[ADMIN] 16:19:06.177361 シナリオ走行を開始しました [シナリオ名: ログイン]
[ADMIN] 16:19:06.196125 シナリオ走行を終了しました [シナリオ名: ログイン]
[ADMIN] 16:19:06.196136 シナリオ走行を開始しました [シナリオ名: ログイン]
[ADMIN] 16:19:06.256863 シナリオ走行を終了しました [シナリオ名: ログイン]
[ADMIN] 16:19:06.256875 シナリオ走行を開始しました [シナリオ名: ログイン]
[ADMIN] 16:19:06.267016 シナリオ走行を終了しました [シナリオ名: ログイン]
[ADMIN] 16:19:06.267028 シナリオ走行を開始しました [シナリオ名: ログイン]
[ADMIN] 16:19:06.274545 シナリオ走行を終了しました [シナリオ名: ログイン]
[ADMIN] 16:19:06.274555 シナリオ走行を開始しました [シナリオ名: ログイン]
[ADMIN] 16:19:06.323663 シナリオ走行を終了しました [シナリオ名: ログイン]
[ADMIN] 16:19:06.323676 シナリオ走行を開始しました [シナリオ名: ログイン]
[ADMIN] 16:19:06.331466 シナリオ走行を終了しました [シナリオ名: ログイン]
[ADMIN] 16:19:06.331479 シナリオ走行を開始しました [シナリオ名: ログイン]
[ADMIN] 16:19:06.333050 シナリオ走行を終了しました [シナリオ名: 新規ユーザー登録]
[ADMIN] 16:19:06.333067 シナリオ走行を開始しました [シナリオ名: 新規ユーザー登録]
[ADMIN] 16:19:06.358199 シナリオ走行を終了しました [シナリオ名: ログイン]
[ADMIN] 16:19:06.358211 シナリオ走行を開始しました [シナリオ名: ログイン]
[ADMIN] 16:19:06.376664 シナリオ走行を終了しました [シナリオ名: ログイン]
[ADMIN] 16:19:06.376678 シナリオ走行を開始しました [シナリオ名: ログイン]
[ADMIN] 16:19:06.382613 シナリオ走行を終了しました [シナリオ名: 新規ユーザー登録]
[ADMIN] 16:19:06.382644 シナリオ走行を開始しました [シナリオ名: 新規ユーザー登録]
[ADMIN] 16:19:06.399466 シナリオ走行を終了しました [シナリオ名: ログイン]
[ADMIN] 16:19:06.399476 シナリオ走行を開始しました [シナリオ名: ログイン]
[ADMIN] 16:19:06.405777 シナリオ走行を終了しました [シナリオ名: 新規ユーザー登録]
[ADMIN] 16:19:06.405798 シナリオ走行を開始しました [シナリオ名: 新規ユーザー登録]
[ADMIN] 16:19:06.435220 シナリオ走行を終了しました [シナリオ名: 新規ユーザー登録]
[ADMIN] 16:19:06.435239 シナリオ走行を開始しました [シナリオ名: 新規ユーザー登録]
[ADMIN] 16:19:06.452373 シナリオ走行を終了しました [シナリオ名: ログイン]
[ADMIN] 16:19:06.452383 シナリオ走行を開始しました [シナリオ名: ログイン]
[ADMIN] 16:19:06.477849 シナリオ走行を終了しました [シナリオ名: ログイン]
[ADMIN] 16:19:06.477858 シナリオ走行を開始しました [シナリオ名: ログイン]
[ADMIN] 16:19:06.480562 シナリオ走行を終了しました [シナリオ名: ログイン]
[ADMIN] 16:19:06.480570 シナリオ走行を開始しました [シナリオ名: ログイン]
[ADMIN] 16:19:06.517103 シナリオ走行を終了しました [シナリオ名: ログイン]
[ADMIN] 16:19:06.517113 シナリオ走行を開始しました [シナリオ名: ログイン]
[ADMIN] 16:19:06.544285 シナリオ走行を終了しました [シナリオ名: ログイン]
[ADMIN] 16:19:06.544296 シナリオ走行を開始しました [シナリオ名: ログイン]
[ADMIN] 16:19:06.577600 シナリオ走行を終了しました [シナリオ名: Banユーザログイン]
[ADMIN] 16:19:06.577621 シナリオ走行を開始しました [シナリオ名: Banユーザログイン]
[ADMIN] 16:19:06.578408 シナリオ走行を終了しました [シナリオ名: ログイン]
[ADMIN] 16:19:06.578421 シナリオ走行を開始しました [シナリオ名: ログイン]
[ADMIN] 16:19:06.578437 シナリオ走行を終了しました [シナリオ名: ログイン]
[ADMIN] 16:19:06.578443 シナリオ走行を開始しました [シナリオ名: ログイン]
[ADMIN] 16:19:06.588094 シナリオ走行を終了しました [シナリオ名: Banユーザログイン]
[ADMIN] 16:19:06.588112 シナリオ走行を開始しました [シナリオ名: Banユーザログイン]
[ADMIN] 16:19:06.593166 シナリオ走行を終了しました [シナリオ名: ログイン]
[ADMIN] 16:19:06.593178 シナリオ走行を開始しました [シナリオ名: ログイン]
[ADMIN] 16:19:06.652960 シナリオ走行を終了しました [シナリオ名: ログイン]
[ADMIN] 16:19:06.652976 シナリオ走行を開始しました [シナリオ名: ログイン]
[ADMIN] 16:19:06.667511 シナリオ走行を終了しました [シナリオ名: 新規ユーザー登録]
[ADMIN] 16:19:06.667536 シナリオ走行を開始しました [シナリオ名: 新規ユーザー登録]
[ADMIN] 16:19:06.685569 シナリオ走行を終了しました [シナリオ名: ログイン]
[ADMIN] 16:19:06.685586 シナリオ走行を開始しました [シナリオ名: ログイン]
[ADMIN] 16:19:06.737703 シナリオ走行を終了しました [シナリオ名: ログイン]
[ADMIN] 16:19:06.737718 シナリオ走行を開始しました [シナリオ名: ログイン]
[ADMIN] 16:19:06.739498 シナリオ走行を終了しました [シナリオ名: ログイン]
[ADMIN] 16:19:06.739508 シナリオ走行を開始しました [シナリオ名: ログイン]
[ADMIN] 16:19:06.787254 シナリオ走行を終了しました [シナリオ名: ログイン]
[ADMIN] 16:19:06.787271 シナリオ走行を開始しました [シナリオ名: ログイン]
[ADMIN] 16:19:06.793132 シナリオ走行を終了しました [シナリオ名: ログイン]
[ADMIN] 16:19:06.793142 シナリオ走行を開始しました [シナリオ名: ログイン]
[ADMIN] 16:19:06.822742 シナリオ走行を終了しました [シナリオ名: 新規ユーザー登録]
[ADMIN] 16:19:06.822761 シナリオ走行を開始しました [シナリオ名: 新規ユーザー登録]
[ADMIN] 16:19:06.840463 シナリオ走行を終了しました [シナリオ名: ログイン]
[ADMIN] 16:19:06.840477 シナリオ走行を開始しました [シナリオ名: ログイン]
[ADMIN] 16:19:06.855326 シナリオ走行を終了しました [シナリオ名: ログイン]
[ADMIN] 16:19:06.855339 シナリオ走行を開始しました [シナリオ名: ログイン]
[ADMIN] 16:19:06.885755 シナリオ走行を終了しました [シナリオ名: ログイン]
[ADMIN] 16:19:06.885766 シナリオ走行を開始しました [シナリオ名: ログイン]
[ADMIN] 16:19:06.893827 シナリオ走行を終了しました [シナリオ名: 新規ユーザー登録]
[ADMIN] 16:19:06.893851 シナリオ走行を開始しました [シナリオ名: 新規ユーザー登録]
[ADMIN] 16:19:06.894242 シナリオ走行を終了しました [シナリオ名: ログイン]
[ADMIN] 16:19:06.894253 シナリオ走行を開始しました [シナリオ名: ログイン]
[ADMIN] 16:19:06.894578 シナリオ走行を終了しました [シナリオ名: ログイン]
[ADMIN] 16:19:06.894589 シナリオ走行を開始しました [シナリオ名: ログイン]
[ADMIN] 16:19:06.938961 シナリオ走行を終了しました [シナリオ名: ログイン]
[ADMIN] 16:19:06.938977 シナリオ走行を開始しました [シナリオ名: ログイン]
[ADMIN] 16:19:06.959575 シナリオ走行を終了しました [シナリオ名: 新規ユーザー登録]
[ADMIN] 16:19:06.959595 シナリオ走行を開始しました [シナリオ名: 新規ユーザー登録]
[ADMIN] 16:19:06.974095 シナリオ走行を終了しました [シナリオ名: ログイン]
[ADMIN] 16:19:06.974106 シナリオ走行を開始しました [シナリオ名: ログイン]
[ADMIN] 16:19:06.992617 シナリオ走行を終了しました [シナリオ名: 新規ユーザー登録]
[ADMIN] 16:19:06.992635 シナリオ走行を開始しました [シナリオ名: 新規ユーザー登録]
[ADMIN] 16:19:06.992842 シナリオ走行を終了しました [シナリオ名: ログイン]
[ADMIN] 16:19:06.992853 シナリオ走行を開始しました [シナリオ名: ログイン]
[ADMIN] 16:19:06.995097 シナリオ走行を終了しました [シナリオ名: ログイン]
[ADMIN] 16:19:06.995106 シナリオ走行を開始しました [シナリオ名: ログイン]
[ADMIN] 16:19:07.033016 シナリオ走行を終了しました [シナリオ名: ログイン]
[ADMIN] 16:19:07.033034 シナリオ走行を開始しました [シナリオ名: ログイン]
[ADMIN] 16:19:07.041261 シナリオ走行を終了しました [シナリオ名: ログイン]
[ADMIN] 16:19:07.041273 シナリオ走行を開始しました [シナリオ名: ログイン]
[ADMIN] 16:19:07.045245 シナリオ走行を終了しました [シナリオ名: ログイン]
[ADMIN] 16:19:07.045255 シナリオ走行を開始しました [シナリオ名: ログイン]
[ADMIN] 16:19:07.080317 シナリオ走行を終了しました [シナリオ名: Banユーザログイン]
[ADMIN] 16:19:07.080333 シナリオ走行を開始しました [シナリオ名: Banユーザログイン]
[ADMIN] 16:19:07.090100 シナリオ走行を終了しました [シナリオ名: Banユーザログイン]
[ADMIN] 16:19:07.090113 シナリオ走行を開始しました [シナリオ名: Banユーザログイン]
[ADMIN] 16:19:07.121067 シナリオ走行を終了しました [シナリオ名: ログイン]
[ADMIN] 16:19:07.121078 シナリオ走行を開始しました [シナリオ名: ログイン]
[ADMIN] 16:19:07.163494 シナリオ走行を終了しました [シナリオ名: ログイン]
[ADMIN] 16:19:07.163508 シナリオ走行を開始しました [シナリオ名: ログイン]
[ADMIN] 16:19:07.197480 シナリオ走行を終了しました [シナリオ名: ログイン]
[ADMIN] 16:19:07.197500 シナリオ走行を開始しました [シナリオ名: ログイン]
[ADMIN] 16:19:07.206504 シナリオ走行を終了しました [シナリオ名: ログイン]
[ADMIN] 16:19:07.206515 シナリオ走行を開始しました [シナリオ名: ログイン]
[ADMIN] 16:19:07.211474 シナリオ走行を終了しました [シナリオ名: 新規ユーザー登録]
[ADMIN] 16:19:07.211492 シナリオ走行を開始しました [シナリオ名: 新規ユーザー登録]
[ADMIN] 16:19:07.214532 シナリオ走行を終了しました [シナリオ名: ログイン]
[ADMIN] 16:19:07.214542 シナリオ走行を開始しました [シナリオ名: ログイン]
[ADMIN] 16:19:07.219436 シナリオ走行を終了しました [シナリオ名: 新規ユーザー登録]
[ADMIN] 16:19:07.219451 シナリオ走行を開始しました [シナリオ名: 新規ユーザー登録]
[ADMIN] 16:19:07.222325 シナリオ走行を終了しました [シナリオ名: ログイン]
[ADMIN] 16:19:07.222331 シナリオ走行を開始しました [シナリオ名: ログイン]
[ADMIN] 16:19:07.227600 シナリオ走行を終了しました [シナリオ名: ログイン]
[ADMIN] 16:19:07.227610 シナリオ走行を開始しました [シナリオ名: ログイン]
[ADMIN] 16:19:07.245606 シナリオ走行を終了しました [シナリオ名: ログイン]
[ADMIN] 16:19:07.245617 シナリオ走行を開始しました [シナリオ名: ログイン]
[ADMIN] 16:19:07.287013 シナリオ走行を終了しました [シナリオ名: ログイン]
[ADMIN] 16:19:07.287025 シナリオ走行を開始しました [シナリオ名: ログイン]
[ADMIN] 16:19:07.312063 シナリオ走行を終了しました [シナリオ名: 新規ユーザー登録]
[ADMIN] 16:19:07.312088 シナリオ走行を開始しました [シナリオ名: 新規ユーザー登録]
[ADMIN] 16:19:07.315832 シナリオ走行を終了しました [シナリオ名: ログイン]
[ADMIN] 16:19:07.315842 シナリオ走行を開始しました [シナリオ名: ログイン]
[ADMIN] 16:19:07.321327 シナリオ走行を終了しました [シナリオ名: 新規ユーザー登録]
[ADMIN] 16:19:07.321343 シナリオ走行を開始しました [シナリオ名: 新規ユーザー登録]
[ADMIN] 16:19:07.326483 シナリオ走行を終了しました [シナリオ名: ログイン]
[ADMIN] 16:19:07.326493 シナリオ走行を開始しました [シナリオ名: ログイン]
[ADMIN] 16:19:07.334949 シナリオ走行を終了しました [シナリオ名: ログイン]
[ADMIN] 16:19:07.334958 シナリオ走行を開始しました [シナリオ名: ログイン]
[ADMIN] 16:19:07.391912 シナリオ走行を終了しました [シナリオ名: ログイン]
[ADMIN] 16:19:07.391926 シナリオ走行を開始しました [シナリオ名: ログイン]
[ADMIN] 16:19:07.398303 シナリオ走行を終了しました [シナリオ名: ログイン]
[ADMIN] 16:19:07.398311 シナリオ走行を開始しました [シナリオ名: ログイン]
[ADMIN] 16:19:07.399768 シナリオ走行を終了しました [シナリオ名: 新規ユーザー登録]
[ADMIN] 16:19:07.399785 シナリオ走行を開始しました [シナリオ名: 新規ユーザー登録]
[ADMIN] 16:19:07.430076 シナリオ走行を終了しました [シナリオ名: ログイン]
[ADMIN] 16:19:07.430090 シナリオ走行を開始しました [シナリオ名: ログイン]
[ADMIN] 16:19:07.449438 シナリオ走行を終了しました [シナリオ名: ログイン]
[ADMIN] 16:19:07.449448 シナリオ走行を開始しました [シナリオ名: ログイン]
[ADMIN] 16:19:07.475695 シナリオ走行を終了しました [シナリオ名: ログイン]
[ADMIN] 16:19:07.475715 シナリオ走行を開始しました [シナリオ名: ログイン]
[ADMIN] 16:19:07.476055 シナリオ走行を終了しました [シナリオ名: ログイン]
[ADMIN] 16:19:07.476086 シナリオ走行を開始しました [シナリオ名: ログイン]
[ADMIN] 16:19:07.492399 シナリオ走行を終了しました [シナリオ名: ログイン]
[ADMIN] 16:19:07.492409 シナリオ走行を開始しました [シナリオ名: ログイン]
[ADMIN] 16:19:07.540843 シナリオ走行を終了しました [シナリオ名: ログイン]
[ADMIN] 16:19:07.540855 シナリオ走行を開始しました [シナリオ名: ログイン]
[ADMIN] 16:19:07.578540 シナリオ走行を終了しました [シナリオ名: ログイン]
[ADMIN] 16:19:07.578554 シナリオ走行を開始しました [シナリオ名: ログイン]
[ADMIN] 16:19:07.585968 シナリオ走行を終了しました [シナリオ名: Banユーザログイン]
[ADMIN] 16:19:07.585987 シナリオ走行を開始しました [シナリオ名: Banユーザログイン]
[ADMIN] 16:19:07.592712 シナリオ走行を終了しました [シナリオ名: Banユーザログイン]
[ADMIN] 16:19:07.592727 シナリオ走行を開始しました [シナリオ名: Banユーザログイン]
[ADMIN] 16:19:07.603030 シナリオ走行を終了しました [シナリオ名: ログイン]
[ADMIN] 16:19:07.603039 シナリオ走行を開始しました [シナリオ名: ログイン]
[ADMIN] 16:19:07.633436 シナリオ走行を終了しました [シナリオ名: ログイン]
[ADMIN] 16:19:07.633448 シナリオ走行を開始しました [シナリオ名: ログイン]
[ADMIN] 16:19:07.674109 シナリオ走行を終了しました [シナリオ名: 新規ユーザー登録]
[ADMIN] 16:19:07.674137 シナリオ走行を開始しました [シナリオ名: 新規ユーザー登録]
[ADMIN] 16:19:07.676105 シナリオ走行を終了しました [シナリオ名: ログイン]
[ADMIN] 16:19:07.676115 シナリオ走行を開始しました [シナリオ名: ログイン]
[ADMIN] 16:19:07.689537 シナリオ走行を終了しました [シナリオ名: ログイン]
[ADMIN] 16:19:07.689550 シナリオ走行を開始しました [シナリオ名: ログイン]
[ADMIN] 16:19:07.733439 シナリオ走行を終了しました [シナリオ名: ログイン]
[ADMIN] 16:19:07.733453 シナリオ走行を開始しました [シナリオ名: ログイン]
[ADMIN] 16:19:07.741952 シナリオ走行を終了しました [シナリオ名: ログイン]
[ADMIN] 16:19:07.741962 シナリオ走行を開始しました [シナリオ名: ログイン]
[ADMIN] 16:19:07.744675 シナリオ走行を終了しました [シナリオ名: ログイン]
[ADMIN] 16:19:07.744684 シナリオ走行を開始しました [シナリオ名: ログイン]
[ADMIN] 16:19:07.770876 シナリオ走行を終了しました [シナリオ名: 新規ユーザー登録]
[ADMIN] 16:19:07.770898 シナリオ走行を開始しました [シナリオ名: 新規ユーザー登録]
[ADMIN] 16:19:07.779184 シナリオ走行を終了しました [シナリオ名: 新規ユーザー登録]
[ADMIN] 16:19:07.779202 シナリオ走行を開始しました [シナリオ名: 新規ユーザー登録]
[ADMIN] 16:19:07.785471 シナリオ走行を終了しました [シナリオ名: ログイン]
[ADMIN] 16:19:07.785486 シナリオ走行を開始しました [シナリオ名: ログイン]
[ADMIN] 16:19:07.795496 シナリオ走行を終了しました [シナリオ名: ログイン]
[ADMIN] 16:19:07.795505 シナリオ走行を開始しました [シナリオ名: ログイン]
[ADMIN] 16:19:07.825546 シナリオ走行を終了しました [シナリオ名: ログイン]
[ADMIN] 16:19:07.825561 シナリオ走行を開始しました [シナリオ名: ログイン]
[ADMIN] 16:19:07.831660 シナリオ走行を終了しました [シナリオ名: 新規ユーザー登録]
[ADMIN] 16:19:07.831680 シナリオ走行を開始しました [シナリオ名: 新規ユーザー登録]
[ADMIN] 16:19:07.843219 シナリオ走行を終了しました [シナリオ名: ログイン]
[ADMIN] 16:19:07.843229 シナリオ走行を開始しました [シナリオ名: ログイン]
[ADMIN] 16:19:07.881389 シナリオ走行を終了しました [シナリオ名: ログイン]
[ADMIN] 16:19:07.881402 シナリオ走行を開始しました [シナリオ名: ログイン]
[ADMIN] 16:19:07.888419 シナリオ走行を終了しました [シナリオ名: ログイン]
[ADMIN] 16:19:07.888434 シナリオ走行を開始しました [シナリオ名: ログイン]
[ADMIN] 16:19:07.893392 シナリオ走行を終了しました [シナリオ名: 新規ユーザー登録]
[ADMIN] 16:19:07.893412 シナリオ走行を開始しました [シナリオ名: 新規ユーザー登録]
[ADMIN] 16:19:07.904677 シナリオ走行を終了しました [シナリオ名: ログイン]
[ADMIN] 16:19:07.904687 シナリオ走行を開始しました [シナリオ名: ログイン]
[ADMIN] 16:19:07.921147 シナリオ走行を終了しました [シナリオ名: ログイン]
[ADMIN] 16:19:07.921160 シナリオ走行を開始しました [シナリオ名: ログイン]
[ADMIN] 16:19:07.937401 シナリオ走行を終了しました [シナリオ名: ログイン]
[ADMIN] 16:19:07.937410 シナリオ走行を開始しました [シナリオ名: ログイン]
[ADMIN] 16:19:07.969062 シナリオ走行を終了しました [シナリオ名: 新規ユーザー登録]
[ADMIN] 16:19:07.969089 シナリオ走行を開始しました [シナリオ名: 新規ユーザー登録]
[ADMIN] 16:19:08.058722 シナリオ走行を終了しました [シナリオ名: ログイン]
[ADMIN] 16:19:08.058738 シナリオ走行を開始しました [シナリオ名: ログイン]
[ADMIN] 16:19:08.059399 シナリオ走行を終了しました [シナリオ名: ログイン]
[ADMIN] 16:19:08.059411 シナリオ走行を開始しました [シナリオ名: ログイン]
[ADMIN] 16:19:08.069334 シナリオ走行を終了しました [シナリオ名: ログイン]
[ADMIN] 16:19:08.069343 シナリオ走行を開始しました [シナリオ名: ログイン]
[ADMIN] 16:19:08.081305 シナリオ走行を終了しました [シナリオ名: ログイン]
[ADMIN] 16:19:08.081317 シナリオ走行を開始しました [シナリオ名: ログイン]
[ADMIN] 16:19:08.088575 シナリオ走行を終了しました [シナリオ名: Banユーザログイン]
[ADMIN] 16:19:08.088598 シナリオ走行を開始しました [シナリオ名: Banユーザログイン]
[ADMIN] 16:19:08.095068 シナリオ走行を終了しました [シナリオ名: Banユーザログイン]
[ADMIN] 16:19:08.095083 シナリオ走行を開始しました [シナリオ名: Banユーザログイン]
[ADMIN] 16:19:08.097362 シナリオ走行を終了しました [シナリオ名: ログイン]
[ADMIN] 16:19:08.097372 シナリオ走行を開始しました [シナリオ名: ログイン]
[ADMIN] 16:19:08.129166 シナリオ走行を終了しました [シナリオ名: ログイン]
[ADMIN] 16:19:08.129178 シナリオ走行を開始しました [シナリオ名: ログイン]
[ADMIN] 16:19:08.136049 シナリオ走行を終了しました [シナリオ名: ログイン]
[ADMIN] 16:19:08.136059 シナリオ走行を開始しました [シナリオ名: ログイン]
[ADMIN] 16:19:08.144208 シナリオ走行を終了しました [シナリオ名: ログイン]
[ADMIN] 16:19:08.144218 シナリオ走行を開始しました [シナリオ名: ログイン]
[ADMIN] 16:19:08.157866 シナリオ走行を終了しました [シナリオ名: ログイン]
[ADMIN] 16:19:08.157877 シナリオ走行を開始しました [シナリオ名: ログイン]
[ADMIN] 16:19:08.197137 シナリオ走行を終了しました [シナリオ名: 新規ユーザー登録]
[ADMIN] 16:19:08.197160 シナリオ走行を開始しました [シナリオ名: 新規ユーザー登録]
[ADMIN] 16:19:08.246717 シナリオ走行を終了しました [シナリオ名: ログイン]
[ADMIN] 16:19:08.246732 シナリオ走行を開始しました [シナリオ名: ログイン]
[ADMIN] 16:19:08.250794 シナリオ走行を終了しました [シナリオ名: 新規ユーザー登録]
[ADMIN] 16:19:08.250814 シナリオ走行を開始しました [シナリオ名: 新規ユーザー登録]
[ADMIN] 16:19:08.269648 シナリオ走行を終了しました [シナリオ名: 新規ユーザー登録]
[ADMIN] 16:19:08.269669 シナリオ走行を開始しました [シナリオ名: 新規ユーザー登録]
[ADMIN] 16:19:08.293507 シナリオ走行を終了しました [シナリオ名: ログイン]
[ADMIN] 16:19:08.293521 シナリオ走行を開始しました [シナリオ名: ログイン]
[ADMIN] 16:19:08.293741 シナリオ走行を終了しました [シナリオ名: ログイン]
[ADMIN] 16:19:08.293750 シナリオ走行を開始しました [シナリオ名: ログイン]
[ADMIN] 16:19:08.370725 シナリオ走行を終了しました [シナリオ名: ログイン]
[ADMIN] 16:19:08.370737 シナリオ走行を開始しました [シナリオ名: ログイン]
[ADMIN] 16:19:08.380467 シナリオ走行を終了しました [シナリオ名: ログイン]
[ADMIN] 16:19:08.380479 シナリオ走行を開始しました [シナリオ名: ログイン]
[ADMIN] 16:19:08.381013 シナリオ走行を終了しました [シナリオ名: ログイン]
[ADMIN] 16:19:08.381023 シナリオ走行を開始しました [シナリオ名: ログイン]
[ADMIN] 16:19:08.392348 シナリオ走行を終了しました [シナリオ名: 新規ユーザー登録]
[ADMIN] 16:19:08.392370 シナリオ走行を開始しました [シナリオ名: 新規ユーザー登録]
[ADMIN] 16:19:08.402080 シナリオ走行を終了しました [シナリオ名: 新規ユーザー登録]
[ADMIN] 16:19:08.402105 シナリオ走行を開始しました [シナリオ名: 新規ユーザー登録]
[ADMIN] 16:19:08.407012 シナリオ走行を終了しました [シナリオ名: ログイン]
[ADMIN] 16:19:08.407021 シナリオ走行を開始しました [シナリオ名: ログイン]
[ADMIN] 16:19:08.409096 シナリオ走行を終了しました [シナリオ名: ログイン]
[ADMIN] 16:19:08.409107 シナリオ走行を開始しました [シナリオ名: ログイン]
[ADMIN] 16:19:08.419571 シナリオ走行を終了しました [シナリオ名: ログイン]
[ADMIN] 16:19:08.419582 シナリオ走行を開始しました [シナリオ名: ログイン]
[ADMIN] 16:19:08.436099 シナリオ走行を終了しました [シナリオ名: ログイン]
[ADMIN] 16:19:08.436110 シナリオ走行を開始しました [シナリオ名: ログイン]
[ADMIN] 16:19:08.449459 シナリオ走行を終了しました [シナリオ名: ログイン]
[ADMIN] 16:19:08.449471 シナリオ走行を開始しました [シナリオ名: ログイン]
[ADMIN] 16:19:08.491870 シナリオ走行を終了しました [シナリオ名: 新規ユーザー登録]
[ADMIN] 16:19:08.491890 シナリオ走行を開始しました [シナリオ名: 新規ユーザー登録]
[ADMIN] 16:19:08.499490 シナリオ走行を終了しました [シナリオ名: ログイン]
[ADMIN] 16:19:08.499499 シナリオ走行を開始しました [シナリオ名: ログイン]
[ADMIN] 16:19:08.544472 シナリオ走行を終了しました [シナリオ名: ログイン]
[ADMIN] 16:19:08.544484 シナリオ走行を開始しました [シナリオ名: ログイン]
[ADMIN] 16:19:08.582673 シナリオ走行を終了しました [シナリオ名: ログイン]
[ADMIN] 16:19:08.582685 シナリオ走行を開始しました [シナリオ名: ログイン]
[ADMIN] 16:19:08.592273 シナリオ走行を終了しました [シナリオ名: Banユーザログイン]
[ADMIN] 16:19:08.592289 シナリオ走行を開始しました [シナリオ名: Banユーザログイン]
[ADMIN] 16:19:08.599364 シナリオ走行を終了しました [シナリオ名: 新規ユーザー登録]
[ADMIN] 16:19:08.599384 シナリオ走行を開始しました [シナリオ名: 新規ユーザー登録]
[ADMIN] 16:19:08.600760 シナリオ走行を終了しました [シナリオ名: Banユーザログイン]
[ADMIN] 16:19:08.600775 シナリオ走行を開始しました [シナリオ名: Banユーザログイン]
[ADMIN] 16:19:08.621134 シナリオ走行を終了しました [シナリオ名: ログイン]
[ADMIN] 16:19:08.621143 シナリオ走行を開始しました [シナリオ名: ログイン]
[ADMIN] 16:19:08.676422 シナリオ走行を終了しました [シナリオ名: ログイン]
[ADMIN] 16:19:08.676436 シナリオ走行を開始しました [シナリオ名: ログイン]
[ADMIN] 16:19:08.684154 シナリオ走行を終了しました [シナリオ名: ログイン]
[ADMIN] 16:19:08.684163 シナリオ走行を開始しました [シナリオ名: ログイン]
[ADMIN] 16:19:08.711409 シナリオ走行を終了しました [シナリオ名: ログイン]
[ADMIN] 16:19:08.711425 シナリオ走行を開始しました [シナリオ名: ログイン]
[ADMIN] 16:19:08.734398 シナリオ走行を終了しました [シナリオ名: ログイン]
[ADMIN] 16:19:08.734410 シナリオ走行を開始しました [シナリオ名: ログイン]
[ADMIN] 16:19:08.752036 シナリオ走行を終了しました [シナリオ名: ログイン]
[ADMIN] 16:19:08.752047 シナリオ走行を開始しました [シナリオ名: ログイン]
[ADMIN] 16:19:08.819599 シナリオ走行を終了しました [シナリオ名: ログイン]
[ADMIN] 16:19:08.819612 シナリオ走行を開始しました [シナリオ名: ログイン]
[ADMIN] 16:19:08.819940 シナリオ走行を終了しました [シナリオ名: ログイン]
[ADMIN] 16:19:08.819987 シナリオ走行を開始しました [シナリオ名: ログイン]
[ADMIN] 16:19:08.834502 シナリオ走行を終了しました [シナリオ名: 新規ユーザー登録]
[ADMIN] 16:19:08.834525 シナリオ走行を開始しました [シナリオ名: 新規ユーザー登録]
[ADMIN] 16:19:08.839486 シナリオ走行を終了しました [シナリオ名: 新規ユーザー登録]
[ADMIN] 16:19:08.839507 シナリオ走行を開始しました [シナリオ名: 新規ユーザー登録]
[ADMIN] 16:19:08.855351 シナリオ走行を終了しました [シナリオ名: ログイン]
[ADMIN] 16:19:08.855363 シナリオ走行を開始しました [シナリオ名: ログイン]
[ADMIN] 16:19:08.863592 シナリオ走行を終了しました [シナリオ名: ログイン]
[ADMIN] 16:19:08.863605 シナリオ走行を開始しました [シナリオ名: ログイン]
[ADMIN] 16:19:08.878523 シナリオ走行を終了しました [シナリオ名: ログイン]
[ADMIN] 16:19:08.878533 シナリオ走行を開始しました [シナリオ名: ログイン]
[ADMIN] 16:19:08.900627 シナリオ走行を終了しました [シナリオ名: 新規ユーザー登録]
[ADMIN] 16:19:08.900654 シナリオ走行を開始しました [シナリオ名: 新規ユーザー登録]
[ADMIN] 16:19:08.907443 シナリオ走行を終了しました [シナリオ名: ログイン]
[ADMIN] 16:19:08.907454 シナリオ走行を開始しました [シナリオ名: ログイン]
16:19:08.935290 現在のログイン成功数: [total: 915 (+657人)]
16:19:08.935297 現在のユーザー登録成功数: [total: 466 (+283人)]
[ADMIN] 16:19:08.933822 シナリオ走行を終了しました [シナリオ名: ログイン]
[ADMIN] 16:19:08.933839 シナリオ走行を開始しました [シナリオ名: ログイン]
[ADMIN] 16:19:08.935295 シナリオ走行を開始しました [シナリオ名: マスター更新]
[ADMIN] 16:19:08.942089 シナリオ走行を終了しました [シナリオ名: ログイン]
[ADMIN] 16:19:08.942098 シナリオ走行を開始しました [シナリオ名: ログイン]
[ADMIN] 16:19:08.962532 シナリオ走行を終了しました [シナリオ名: ログイン]
[ADMIN] 16:19:08.962560 シナリオ走行を開始しました [シナリオ名: ログイン]
[ADMIN] 16:19:08.962601 シナリオ走行を開始しました [シナリオ名: ログイン]
[ADMIN] 16:19:08.962613 シナリオ走行を開始しました [シナリオ名: ログイン]
[ADMIN] 16:19:08.962664 シナリオ走行を開始しました [シナリオ名: ログイン]
[ADMIN] 16:19:08.962725 シナリオ走行を開始しました [シナリオ名: ログイン]
[ADMIN] 16:19:08.962734 シナリオ走行を開始しました [シナリオ名: ログイン]
[ADMIN] 16:19:08.962780 シナリオ走行を開始しました [シナリオ名: ログイン]
[ADMIN] 16:19:08.962829 シナリオ走行を開始しました [シナリオ名: ログイン]
[ADMIN] 16:19:08.962727 シナリオ走行を開始しました [シナリオ名: ログイン]
[ADMIN] 16:19:08.962897 シナリオ走行を開始しました [シナリオ名: ログイン]
[ADMIN] 16:19:08.962930 シナリオ走行を開始しました [シナリオ名: ログイン]
[ADMIN] 16:19:08.962938 シナリオ走行を開始しました [シナリオ名: ログイン]
[ADMIN] 16:19:08.962731 シナリオ走行を開始しました [シナリオ名: ログイン]
[ADMIN] 16:19:08.963020 シナリオ走行を開始しました [シナリオ名: ログイン]
[ADMIN] 16:19:08.962898 シナリオ走行を開始しました [シナリオ名: ログイン]
[ADMIN] 16:19:08.962733 シナリオ走行を開始しました [シナリオ名: ログイン]
[ADMIN] 16:19:08.978115 シナリオ走行を終了しました [シナリオ名: ログイン]
[ADMIN] 16:19:09.026279 シナリオ走行を終了しました [シナリオ名: 新規ユーザー登録]
[ADMIN] 16:19:09.026305 シナリオ走行を開始しました [シナリオ名: 新規ユーザー登録]
[ADMIN] 16:19:09.036093 シナリオ走行を終了しました [シナリオ名: ログイン]
16:19:09.043409 マスターデータの更新が完了しました。次のマスターバージョンは「2」です。
[ADMIN] 16:19:09.049507 シナリオ走行を終了しました [シナリオ名: マスター更新]
[ADMIN] 16:19:09.095225 シナリオ走行を終了しました [シナリオ名: Banユーザログイン]
[ADMIN] 16:19:09.095242 シナリオ走行を開始しました [シナリオ名: Banユーザログイン]
[ADMIN] 16:19:09.104528 シナリオ走行を終了しました [シナリオ名: Banユーザログイン]
[ADMIN] 16:19:09.104542 シナリオ走行を開始しました [シナリオ名: Banユーザログイン]
[ADMIN] 16:19:09.196284 シナリオ走行を終了しました [シナリオ名: ログイン]
[ADMIN] 16:19:09.362798 シナリオ走行を終了しました [シナリオ名: ログイン]
[ADMIN] 16:19:09.363318 シナリオ走行を終了しました [シナリオ名: ログイン]
[ADMIN] 16:19:09.363332 シナリオ走行を開始しました [シナリオ名: ログイン]
[ADMIN] 16:19:09.363387 シナリオ走行を開始しました [シナリオ名: ログイン]
[ADMIN] 16:19:09.363394 シナリオ走行を開始しました [シナリオ名: ログイン]
[ADMIN] 16:19:09.363405 シナリオ走行を開始しました [シナリオ名: ログイン]
[ADMIN] 16:19:09.363504 シナリオ走行を開始しました [シナリオ名: ログイン]
[ADMIN] 16:19:09.415336 シナリオ走行を終了しました [シナリオ名: ログイン]
[ADMIN] 16:19:09.415350 シナリオ走行を開始しました [シナリオ名: ログイン]
[ADMIN] 16:19:09.459127 シナリオ走行を終了しました [シナリオ名: ログイン]
[ADMIN] 16:19:09.489488 シナリオ走行を終了しました [シナリオ名: ログイン]
[ADMIN] 16:19:09.489507 シナリオ走行を開始しました [シナリオ名: ログイン]
[ADMIN] 16:19:09.489564 シナリオ走行を開始しました [シナリオ名: ログイン]
[ADMIN] 16:19:09.531391 シナリオ走行を終了しました [シナリオ名: ログイン]
[ADMIN] 16:19:09.531407 シナリオ走行を開始しました [シナリオ名: ログイン]
[ADMIN] 16:19:09.544943 シナリオ走行を終了しました [シナリオ名: ログイン]
[ADMIN] 16:19:09.546132 シナリオ走行を終了しました [シナリオ名: ログイン]
[ADMIN] 16:19:09.596794 シナリオ走行を終了しました [シナリオ名: ログイン]
[ADMIN] 16:19:09.596813 シナリオ走行を開始しました [シナリオ名: ログイン]
[ADMIN] 16:19:09.596817 シナリオ走行を開始しました [シナリオ名: ログイン]
[ADMIN] 16:19:09.596828 シナリオ走行を開始しました [シナリオ名: ログイン]
[ADMIN] 16:19:09.608569 シナリオ走行を終了しました [シナリオ名: Banユーザログイン]
[ADMIN] 16:19:09.608586 シナリオ走行を開始しました [シナリオ名: Banユーザログイン]
[ADMIN] 16:19:09.613669 シナリオ走行を終了しました [シナリオ名: Banユーザログイン]
[ADMIN] 16:19:09.613683 シナリオ走行を開始しました [シナリオ名: Banユーザログイン]
[ADMIN] 16:19:09.620758 シナリオ走行を終了しました [シナリオ名: ログイン]
[ADMIN] 16:19:09.620768 シナリオ走行を開始しました [シナリオ名: ログイン]
[ADMIN] 16:19:09.673146 シナリオ走行を終了しました [シナリオ名: ログイン]
[ADMIN] 16:19:09.689675 シナリオ走行を終了しました [シナリオ名: ログイン]
[ADMIN] 16:19:09.689689 シナリオ走行を開始しました [シナリオ名: ログイン]
[ADMIN] 16:19:09.689690 シナリオ走行を開始しました [シナリオ名: ログイン]
[ADMIN] 16:19:09.692122 シナリオ走行を終了しました [シナリオ名: ログイン]
[ADMIN] 16:19:09.722394 シナリオ走行を終了しました [シナリオ名: ログイン]
[ADMIN] 16:19:09.722407 シナリオ走行を開始しました [シナリオ名: ログイン]
[ADMIN] 16:19:09.722460 シナリオ走行を開始しました [シナリオ名: ログイン]
[ADMIN] 16:19:09.735352 シナリオ走行を終了しました [シナリオ名: ログイン]
[ADMIN] 16:19:09.735366 シナリオ走行を開始しました [シナリオ名: ログイン]
[ADMIN] 16:19:09.735778 シナリオ走行を終了しました [シナリオ名: ログイン]
[ADMIN] 16:19:09.735786 シナリオ走行を開始しました [シナリオ名: ログイン]
[ADMIN] 16:19:09.743350 シナリオ走行を終了しました [シナリオ名: ログイン]
[ADMIN] 16:19:09.743357 シナリオ走行を開始しました [シナリオ名: ログイン]
[ADMIN] 16:19:09.754336 シナリオ走行を終了しました [シナリオ名: ログイン]
[ADMIN] 16:19:09.754348 シナリオ走行を開始しました [シナリオ名: ログイン]
[ADMIN] 16:19:09.759879 シナリオ走行を終了しました [シナリオ名: ログイン]
[ADMIN] 16:19:09.759890 シナリオ走行を開始しました [シナリオ名: ログイン]
[ADMIN] 16:19:09.791453 シナリオ走行を終了しました [シナリオ名: 新規ユーザー登録]
[ADMIN] 16:19:09.791487 シナリオ走行を開始しました [シナリオ名: 新規ユーザー登録]
[ADMIN] 16:19:09.791536 シナリオ走行を開始しました [シナリオ名: 新規ユーザー登録]
[ADMIN] 16:19:09.791543 シナリオ走行を開始しました [シナリオ名: 新規ユーザー登録]
[ADMIN] 16:19:09.791614 シナリオ走行を開始しました [シナリオ名: 新規ユーザー登録]
[ADMIN] 16:19:09.791656 シナリオ走行を開始しました [シナリオ名: 新規ユーザー登録]
[ADMIN] 16:19:09.791537 シナリオ走行を開始しました [シナリオ名: 新規ユーザー登録]
[ADMIN] 16:19:09.791701 シナリオ走行を開始しました [シナリオ名: 新規ユーザー登録]
[ADMIN] 16:19:09.791756 シナリオ走行を開始しました [シナリオ名: 新規ユーザー登録]
[ADMIN] 16:19:09.791830 シナリオ走行を開始しました [シナリオ名: 新規ユーザー登録]
[ADMIN] 16:19:09.843408 シナリオ走行を終了しました [シナリオ名: ログイン]
[ADMIN] 16:19:09.843421 シナリオ走行を開始しました [シナリオ名: ログイン]
[ADMIN] 16:19:09.850570 シナリオ走行を終了しました [シナリオ名: ログイン]
[ADMIN] 16:19:09.850583 シナリオ走行を開始しました [シナリオ名: ログイン]
[ADMIN] 16:19:09.874911 シナリオ走行を終了しました [シナリオ名: ログイン]
[ADMIN] 16:19:09.874924 シナリオ走行を開始しました [シナリオ名: ログイン]
[ADMIN] 16:19:09.890473 シナリオ走行を終了しました [シナリオ名: ログイン]
[ADMIN] 16:19:09.934520 シナリオ走行を終了しました [シナリオ名: ログイン]
[ADMIN] 16:19:09.937772 シナリオ走行を終了しました [シナリオ名: ログイン]
[ADMIN] 16:19:09.937784 シナリオ走行を開始しました [シナリオ名: ログイン]
[ADMIN] 16:19:09.937835 シナリオ走行を開始しました [シナリオ名: ログイン]
[ADMIN] 16:19:09.937852 シナリオ走行を開始しました [シナリオ名: ログイン]
[ADMIN] 16:19:09.952710 シナリオ走行を終了しました [シナリオ名: ログイン]
[ADMIN] 16:19:09.952721 シナリオ走行を開始しました [シナリオ名: ログイン]
[ADMIN] 16:19:09.962724 シナリオ走行を終了しました [シナリオ名: ログイン]
[ADMIN] 16:19:09.962733 シナリオ走行を開始しました [シナリオ名: ログイン]
[ADMIN] 16:19:09.971259 シナリオ走行を終了しました [シナリオ名: ログイン]
[ADMIN] 16:19:09.971271 シナリオ走行を開始しました [シナリオ名: ログイン]
[ADMIN] 16:19:09.998911 シナリオ走行を終了しました [シナリオ名: ログイン]
[ADMIN] 16:19:09.998920 シナリオ走行を開始しました [シナリオ名: ログイン]
[ADMIN] 16:19:10.018225 シナリオ走行を終了しました [シナリオ名: ログイン]
[ADMIN] 16:19:10.018234 シナリオ走行を開始しました [シナリオ名: ログイン]
[ADMIN] 16:19:10.023168 シナリオ走行を終了しました [シナリオ名: ログイン]
[ADMIN] 16:19:10.072807 シナリオ走行を終了しました [シナリオ名: ログイン]
[ADMIN] 16:19:10.072822 シナリオ走行を開始しました [シナリオ名: ログイン]
[ADMIN] 16:19:10.072878 シナリオ走行を開始しました [シナリオ名: ログイン]
[ADMIN] 16:19:10.098232 シナリオ走行を終了しました [シナリオ名: 新規ユーザー登録]
[ADMIN] 16:19:10.103771 シナリオ走行を終了しました [シナリオ名: ログイン]
[ADMIN] 16:19:10.103782 シナリオ走行を開始しました [シナリオ名: ログイン]
[ADMIN] 16:19:10.112111 シナリオ走行を終了しました [シナリオ名: Banユーザログイン]
[ADMIN] 16:19:10.112126 シナリオ走行を開始しました [シナリオ名: Banユーザログイン]
[ADMIN] 16:19:10.115729 シナリオ走行を終了しました [シナリオ名: Banユーザログイン]
[ADMIN] 16:19:10.115756 シナリオ走行を開始しました [シナリオ名: Banユーザログイン]
[ADMIN] 16:19:10.115759 シナリオ走行を開始しました [シナリオ名: Banユーザログイン]
[ADMIN] 16:19:10.115776 シナリオ走行を開始しました [シナリオ名: Banユーザログイン]
[ADMIN] 16:19:10.123125 シナリオ走行を終了しました [シナリオ名: ログイン]
[ADMIN] 16:19:10.123138 シナリオ走行を開始しました [シナリオ名: ログイン]
[ADMIN] 16:19:10.124315 シナリオ走行を終了しました [シナリオ名: 新規ユーザー登録]
[ADMIN] 16:19:10.138739 シナリオ走行を終了しました [シナリオ名: ログイン]
[ADMIN] 16:19:10.138751 シナリオ走行を開始しました [シナリオ名: ログイン]
[ADMIN] 16:19:10.156167 シナリオ走行を終了しました [シナリオ名: ログイン]
[ADMIN] 16:19:10.156181 シナリオ走行を開始しました [シナリオ名: ログイン]
[ADMIN] 16:19:10.225099 シナリオ走行を終了しました [シナリオ名: ログイン]
[ADMIN] 16:19:10.225114 シナリオ走行を開始しました [シナリオ名: ログイン]
[ADMIN] 16:19:10.257045 シナリオ走行を終了しました [シナリオ名: 新規ユーザー登録]
[ADMIN] 16:19:10.317955 シナリオ走行を終了しました [シナリオ名: ログイン]
[ADMIN] 16:19:10.317970 シナリオ走行を開始しました [シナリオ名: ログイン]
[ADMIN] 16:19:10.331031 シナリオ走行を終了しました [シナリオ名: ログイン]
[ADMIN] 16:19:10.331044 シナリオ走行を開始しました [シナリオ名: ログイン]
[ADMIN] 16:19:10.366092 シナリオ走行を終了しました [シナリオ名: 新規ユーザー登録]
[ADMIN] 16:19:10.382727 シナリオ走行を終了しました [シナリオ名: ログイン]
[ADMIN] 16:19:10.382741 シナリオ走行を開始しました [シナリオ名: ログイン]
[ADMIN] 16:19:10.383604 シナリオ走行を終了しました [シナリオ名: ログイン]
[ADMIN] 16:19:10.383614 シナリオ走行を開始しました [シナリオ名: ログイン]
[ADMIN] 16:19:10.439229 シナリオ走行を終了しました [シナリオ名: ログイン]
[ADMIN] 16:19:10.439245 シナリオ走行を開始しました [シナリオ名: ログイン]
[ADMIN] 16:19:10.440279 シナリオ走行を終了しました [シナリオ名: ログイン]
[ADMIN] 16:19:10.440291 シナリオ走行を開始しました [シナリオ名: ログイン]
[ADMIN] 16:19:10.440768 シナリオ走行を終了しました [シナリオ名: ログイン]
[ADMIN] 16:19:10.440778 シナリオ走行を開始しました [シナリオ名: ログイン]
[ADMIN] 16:19:10.443538 シナリオ走行を終了しました [シナリオ名: ログイン]
[ADMIN] 16:19:10.443547 シナリオ走行を開始しました [シナリオ名: ログイン]
[ADMIN] 16:19:10.444626 シナリオ走行を終了しました [シナリオ名: ログイン]
[ADMIN] 16:19:10.444635 シナリオ走行を開始しました [シナリオ名: ログイン]
[ADMIN] 16:19:10.466427 シナリオ走行を終了しました [シナリオ名: ログイン]
[ADMIN] 16:19:10.466437 シナリオ走行を開始しました [シナリオ名: ログイン]
[ADMIN] 16:19:10.520186 シナリオ走行を終了しました [シナリオ名: ログイン]
[ADMIN] 16:19:10.520201 シナリオ走行を開始しました [シナリオ名: ログイン]
[ADMIN] 16:19:10.522381 シナリオ走行を終了しました [シナリオ名: ログイン]
[ADMIN] 16:19:10.522393 シナリオ走行を開始しました [シナリオ名: ログイン]
[ADMIN] 16:19:10.564529 シナリオ走行を終了しました [シナリオ名: 新規ユーザー登録]
[ADMIN] 16:19:10.564565 シナリオ走行を開始しました [シナリオ名: 新規ユーザー登録]
[ADMIN] 16:19:10.564615 シナリオ走行を開始しました [シナリオ名: 新規ユーザー登録]
[ADMIN] 16:19:10.564623 シナリオ走行を開始しました [シナリオ名: 新規ユーザー登録]
[ADMIN] 16:19:10.564703 シナリオ走行を開始しました [シナリオ名: 新規ユーザー登録]
[ADMIN] 16:19:10.564775 シナリオ走行を開始しました [シナリオ名: 新規ユーザー登録]
[ADMIN] 16:19:10.576783 シナリオ走行を終了しました [シナリオ名: ログイン]
[ADMIN] 16:19:10.576794 シナリオ走行を開始しました [シナリオ名: ログイン]
[ADMIN] 16:19:10.618733 シナリオ走行を終了しました [シナリオ名: Banユーザログイン]
[ADMIN] 16:19:10.618752 シナリオ走行を開始しました [シナリオ名: Banユーザログイン]
[ADMIN] 16:19:10.619100 シナリオ走行を終了しました [シナリオ名: Banユーザログイン]
[ADMIN] 16:19:10.619112 シナリオ走行を開始しました [シナリオ名: Banユーザログイン]
[ADMIN] 16:19:10.620483 シナリオ走行を終了しました [シナリオ名: Banユーザログイン]
[ADMIN] 16:19:10.620496 シナリオ走行を開始しました [シナリオ名: Banユーザログイン]
[ADMIN] 16:19:10.625530 シナリオ走行を終了しました [シナリオ名: ログイン]
[ADMIN] 16:19:10.625540 シナリオ走行を開始しました [シナリオ名: ログイン]
[ADMIN] 16:19:10.628951 シナリオ走行を終了しました [シナリオ名: Banユーザログイン]
[ADMIN] 16:19:10.709448 シナリオ走行を終了しました [シナリオ名: 新規ユーザー登録]
[ADMIN] 16:19:10.709474 シナリオ走行を開始しました [シナリオ名: 新規ユーザー登録]
[ADMIN] 16:19:10.711724 シナリオ走行を終了しました [シナリオ名: ログイン]
[ADMIN] 16:19:10.711741 シナリオ走行を開始しました [シナリオ名: ログイン]
[ADMIN] 16:19:10.728932 シナリオ走行を終了しました [シナリオ名: 新規ユーザー登録]
[ADMIN] 16:19:10.728953 シナリオ走行を開始しました [シナリオ名: 新規ユーザー登録]
[ADMIN] 16:19:10.747985 シナリオ走行を終了しました [シナリオ名: 新規ユーザー登録]
[ADMIN] 16:19:10.748006 シナリオ走行を開始しました [シナリオ名: 新規ユーザー登録]
[ADMIN] 16:19:10.772419 シナリオ走行を終了しました [シナリオ名: ログイン]
[ADMIN] 16:19:10.772431 シナリオ走行を開始しました [シナリオ名: ログイン]
[ADMIN] 16:19:10.783727 シナリオ走行を終了しました [シナリオ名: 新規ユーザー登録]
[ADMIN] 16:19:10.783752 シナリオ走行を開始しました [シナリオ名: 新規ユーザー登録]
[ADMIN] 16:19:10.793282 シナリオ走行を終了しました [シナリオ名: ログイン]
[ADMIN] 16:19:10.793294 シナリオ走行を開始しました [シナリオ名: ログイン]
[ADMIN] 16:19:10.813495 シナリオ走行を終了しました [シナリオ名: ログイン]
[ADMIN] 16:19:10.813506 シナリオ走行を開始しました [シナリオ名: ログイン]
[ADMIN] 16:19:10.843700 シナリオ走行を終了しました [シナリオ名: ログイン]
[ADMIN] 16:19:10.843712 シナリオ走行を開始しました [シナリオ名: ログイン]
[ADMIN] 16:19:10.857341 シナリオ走行を終了しました [シナリオ名: ログイン]
[ADMIN] 16:19:10.857354 シナリオ走行を開始しました [シナリオ名: ログイン]
[ADMIN] 16:19:10.889584 シナリオ走行を終了しました [シナリオ名: ログイン]
[ADMIN] 16:19:10.889601 シナリオ走行を開始しました [シナリオ名: ログイン]
[ADMIN] 16:19:10.890041 シナリオ走行を終了しました [シナリオ名: ログイン]
[ADMIN] 16:19:10.890051 シナリオ走行を開始しました [シナリオ名: ログイン]
[ADMIN] 16:19:10.901774 シナリオ走行を終了しました [シナリオ名: ログイン]
[ADMIN] 16:19:10.901788 シナリオ走行を開始しました [シナリオ名: ログイン]
[ADMIN] 16:19:10.935371 シナリオ走行を終了しました [シナリオ名: 新規ユーザー登録]
[ADMIN] 16:19:10.935392 シナリオ走行を開始しました [シナリオ名: 新規ユーザー登録]
[ADMIN] 16:19:10.942534 シナリオ走行を終了しました [シナリオ名: ログイン]
[ADMIN] 16:19:10.942544 シナリオ走行を開始しました [シナリオ名: ログイン]
[ADMIN] 16:19:10.950347 シナリオ走行を終了しました [シナリオ名: ログイン]
[ADMIN] 16:19:10.950357 シナリオ走行を開始しました [シナリオ名: ログイン]
[ADMIN] 16:19:10.966229 シナリオ走行を終了しました [シナリオ名: ログイン]
[ADMIN] 16:19:10.966238 シナリオ走行を開始しました [シナリオ名: ログイン]
[ADMIN] 16:19:10.980295 シナリオ走行を終了しました [シナリオ名: ログイン]
[ADMIN] 16:19:10.980303 シナリオ走行を開始しました [シナリオ名: ログイン]
[ADMIN] 16:19:10.981129 シナリオ走行を終了しました [シナリオ名: ログイン]
[ADMIN] 16:19:10.981139 シナリオ走行を開始しました [シナリオ名: ログイン]
[ADMIN] 16:19:11.020891 シナリオ走行を終了しました [シナリオ名: 新規ユーザー登録]
[ADMIN] 16:19:11.020910 シナリオ走行を開始しました [シナリオ名: 新規ユーザー登録]
[ADMIN] 16:19:11.024814 シナリオ走行を終了しました [シナリオ名: 新規ユーザー登録]
[ADMIN] 16:19:11.024833 シナリオ走行を開始しました [シナリオ名: 新規ユーザー登録]
[ADMIN] 16:19:11.043296 シナリオ走行を終了しました [シナリオ名: ログイン]
[ADMIN] 16:19:11.043307 シナリオ走行を開始しました [シナリオ名: ログイン]
[ADMIN] 16:19:11.049576 シナリオ走行を終了しました [シナリオ名: ログイン]
[ADMIN] 16:19:11.049585 シナリオ走行を開始しました [シナリオ名: ログイン]
[ADMIN] 16:19:11.093614 シナリオ走行を終了しました [シナリオ名: ログイン]
[ADMIN] 16:19:11.093625 シナリオ走行を開始しました [シナリオ名: ログイン]
[ADMIN] 16:19:11.117098 シナリオ走行を終了しました [シナリオ名: ログイン]
[ADMIN] 16:19:11.117110 シナリオ走行を開始しました [シナリオ名: ログイン]
[ADMIN] 16:19:11.123482 シナリオ走行を終了しました [シナリオ名: Banユーザログイン]
[ADMIN] 16:19:11.123498 シナリオ走行を開始しました [シナリオ名: Banユーザログイン]
[ADMIN] 16:19:11.123562 シナリオ走行を開始しました [シナリオ名: Banユーザログイン]
[ADMIN] 16:19:11.123600 シナリオ走行を終了しました [シナリオ名: Banユーザログイン]
[ADMIN] 16:19:11.123612 シナリオ走行を開始しました [シナリオ名: Banユーザログイン]
[ADMIN] 16:19:11.123601 シナリオ走行を終了しました [シナリオ名: Banユーザログイン]
[ADMIN] 16:19:11.123625 シナリオ走行を開始しました [シナリオ名: Banユーザログイン]
[ADMIN] 16:19:11.188632 シナリオ走行を終了しました [シナリオ名: 新規ユーザー登録]
[ADMIN] 16:19:11.188740 シナリオ走行を開始しました [シナリオ名: 新規ユーザー登録]
[ADMIN] 16:19:11.188742 シナリオ走行を終了しました [シナリオ名: ログイン]
[ADMIN] 16:19:11.188974 シナリオ走行を開始しました [シナリオ名: ログイン]
[ADMIN] 16:19:11.200848 シナリオ走行を終了しました [シナリオ名: ログイン]
[ADMIN] 16:19:11.200860 シナリオ走行を開始しました [シナリオ名: ログイン]
[ADMIN] 16:19:11.224751 シナリオ走行を終了しました [シナリオ名: ログイン]
[ADMIN] 16:19:11.224763 シナリオ走行を開始しました [シナリオ名: ログイン]
[ADMIN] 16:19:11.281601 シナリオ走行を終了しました [シナリオ名: ログイン]
[ADMIN] 16:19:11.281614 シナリオ走行を開始しました [シナリオ名: ログイン]
[ADMIN] 16:19:11.332472 シナリオ走行を終了しました [シナリオ名: ログイン]
[ADMIN] 16:19:11.332486 シナリオ走行を開始しました [シナリオ名: ログイン]
[ADMIN] 16:19:11.342486 シナリオ走行を終了しました [シナリオ名: ログイン]
[ADMIN] 16:19:11.342499 シナリオ走行を開始しました [シナリオ名: ログイン]
[ADMIN] 16:19:11.376071 シナリオ走行を終了しました [シナリオ名: ログイン]
[ADMIN] 16:19:11.376092 シナリオ走行を開始しました [シナリオ名: ログイン]
[ADMIN] 16:19:11.417491 シナリオ走行を終了しました [シナリオ名: 新規ユーザー登録]
[ADMIN] 16:19:11.417515 シナリオ走行を開始しました [シナリオ名: 新規ユーザー登録]
[ADMIN] 16:19:11.451830 シナリオ走行を終了しました [シナリオ名: ログイン]
[ADMIN] 16:19:11.451846 シナリオ走行を開始しました [シナリオ名: ログイン]
[ADMIN] 16:19:11.453549 シナリオ走行を終了しました [シナリオ名: ログイン]
[ADMIN] 16:19:11.453560 シナリオ走行を開始しました [シナリオ名: ログイン]
[ADMIN] 16:19:11.469983 シナリオ走行を終了しました [シナリオ名: ログイン]
[ADMIN] 16:19:11.469995 シナリオ走行を開始しました [シナリオ名: ログイン]
[ADMIN] 16:19:11.477889 シナリオ走行を終了しました [シナリオ名: ログイン]
[ADMIN] 16:19:11.477904 シナリオ走行を開始しました [シナリオ名: ログイン]
[ADMIN] 16:19:11.515720 シナリオ走行を終了しました [シナリオ名: 新規ユーザー登録]
[ADMIN] 16:19:11.515758 シナリオ走行を開始しました [シナリオ名: 新規ユーザー登録]
[ADMIN] 16:19:11.544054 シナリオ走行を終了しました [シナリオ名: ログイン]
[ADMIN] 16:19:11.544068 シナリオ走行を開始しました [シナリオ名: ログイン]
[ADMIN] 16:19:11.558034 シナリオ走行を終了しました [シナリオ名: ログイン]
[ADMIN] 16:19:11.558045 シナリオ走行を開始しました [シナリオ名: ログイン]
[ADMIN] 16:19:11.601208 シナリオ走行を終了しました [シナリオ名: 新規ユーザー登録]
[ADMIN] 16:19:11.601235 シナリオ走行を開始しました [シナリオ名: 新規ユーザー登録]
[ADMIN] 16:19:11.612277 シナリオ走行を終了しました [シナリオ名: 新規ユーザー登録]
[ADMIN] 16:19:11.612296 シナリオ走行を開始しました [シナリオ名: 新規ユーザー登録]
[ADMIN] 16:19:11.627999 シナリオ走行を終了しました [シナリオ名: Banユーザログイン]
[ADMIN] 16:19:11.628012 シナリオ走行を開始しました [シナリオ名: Banユーザログイン]
[ADMIN] 16:19:11.629392 シナリオ走行を終了しました [シナリオ名: Banユーザログイン]
[ADMIN] 16:19:11.629408 シナリオ走行を開始しました [シナリオ名: Banユーザログイン]
[ADMIN] 16:19:11.629716 シナリオ走行を終了しました [シナリオ名: Banユーザログイン]
[ADMIN] 16:19:11.629732 シナリオ走行を開始しました [シナリオ名: Banユーザログイン]
[ADMIN] 16:19:11.630034 シナリオ走行を終了しました [シナリオ名: Banユーザログイン]
[ADMIN] 16:19:11.630043 シナリオ走行を開始しました [シナリオ名: Banユーザログイン]
[ADMIN] 16:19:11.649692 シナリオ走行を終了しました [シナリオ名: 新規ユーザー登録]
[ADMIN] 16:19:11.649717 シナリオ走行を開始しました [シナリオ名: 新規ユーザー登録]
[ADMIN] 16:19:11.688166 シナリオ走行を終了しました [シナリオ名: 新規ユーザー登録]
[ADMIN] 16:19:11.688196 シナリオ走行を開始しました [シナリオ名: 新規ユーザー登録]
[ADMIN] 16:19:11.689663 シナリオ走行を終了しました [シナリオ名: ログイン]
[ADMIN] 16:19:11.689672 シナリオ走行を開始しました [シナリオ名: ログイン]
[ADMIN] 16:19:11.724662 シナリオ走行を終了しました [シナリオ名: ログイン]
[ADMIN] 16:19:11.724675 シナリオ走行を開始しました [シナリオ名: ログイン]
[ADMIN] 16:19:11.725064 シナリオ走行を終了しました [シナリオ名: ログイン]
[ADMIN] 16:19:11.725110 シナリオ走行を開始しました [シナリオ名: ログイン]
[ADMIN] 16:19:11.729302 シナリオ走行を終了しました [シナリオ名: 新規ユーザー登録]
[ADMIN] 16:19:11.729321 シナリオ走行を開始しました [シナリオ名: 新規ユーザー登録]
[ADMIN] 16:19:11.758968 シナリオ走行を終了しました [シナリオ名: ログイン]
[ADMIN] 16:19:11.758982 シナリオ走行を開始しました [シナリオ名: ログイン]
[ADMIN] 16:19:11.789456 シナリオ走行を終了しました [シナリオ名: ログイン]
[ADMIN] 16:19:11.789466 シナリオ走行を開始しました [シナリオ名: ログイン]
[ADMIN] 16:19:11.790061 シナリオ走行を終了しました [シナリオ名: ログイン]
[ADMIN] 16:19:11.790068 シナリオ走行を開始しました [シナリオ名: ログイン]
[ADMIN] 16:19:11.823439 シナリオ走行を終了しました [シナリオ名: ログイン]
[ADMIN] 16:19:11.823517 シナリオ走行を開始しました [シナリオ名: ログイン]
[ADMIN] 16:19:11.823487 シナリオ走行を終了しました [シナリオ名: ログイン]
[ADMIN] 16:19:11.823688 シナリオ走行を開始しました [シナリオ名: ログイン]
[ADMIN] 16:19:11.823491 シナリオ走行を終了しました [シナリオ名: ログイン]
[ADMIN] 16:19:11.823710 シナリオ走行を開始しました [シナリオ名: ログイン]
[ADMIN] 16:19:11.824048 シナリオ走行を終了しました [シナリオ名: ログイン]
[ADMIN] 16:19:11.824057 シナリオ走行を開始しました [シナリオ名: ログイン]
[ADMIN] 16:19:11.838395 シナリオ走行を終了しました [シナリオ名: ログイン]
[ADMIN] 16:19:11.838411 シナリオ走行を開始しました [シナリオ名: ログイン]
[ADMIN] 16:19:11.854282 シナリオ走行を終了しました [シナリオ名: ログイン]
[ADMIN] 16:19:11.854291 シナリオ走行を開始しました [シナリオ名: ログイン]
[ADMIN] 16:19:11.877923 シナリオ走行を終了しました [シナリオ名: ログイン]
[ADMIN] 16:19:11.877940 シナリオ走行を開始しました [シナリオ名: ログイン]
[ADMIN] 16:19:11.887903 シナリオ走行を終了しました [シナリオ名: ログイン]
[ADMIN] 16:19:11.887913 シナリオ走行を開始しました [シナリオ名: ログイン]
[ADMIN] 16:19:11.949699 シナリオ走行を終了しました [シナリオ名: ログイン]
[ADMIN] 16:19:11.949714 シナリオ走行を開始しました [シナリオ名: ログイン]
[ADMIN] 16:19:11.980669 シナリオ走行を終了しました [シナリオ名: ログイン]
[ADMIN] 16:19:11.980683 シナリオ走行を開始しました [シナリオ名: ログイン]
[ADMIN] 16:19:12.001564 シナリオ走行を終了しました [シナリオ名: ログイン]
[ADMIN] 16:19:12.001574 シナリオ走行を開始しました [シナリオ名: ログイン]
[ADMIN] 16:19:12.007484 シナリオ走行を終了しました [シナリオ名: ログイン]
[ADMIN] 16:19:12.007494 シナリオ走行を開始しました [シナリオ名: ログイン]
[ADMIN] 16:19:12.048022 シナリオ走行を終了しました [シナリオ名: 新規ユーザー登録]
[ADMIN] 16:19:12.048042 シナリオ走行を開始しました [シナリオ名: 新規ユーザー登録]
[ADMIN] 16:19:12.088043 シナリオ走行を終了しました [シナリオ名: 新規ユーザー登録]
[ADMIN] 16:19:12.088064 シナリオ走行を開始しました [シナリオ名: 新規ユーザー登録]
[ADMIN] 16:19:12.111588 シナリオ走行を終了しました [シナリオ名: ログイン]
[ADMIN] 16:19:12.111602 シナリオ走行を開始しました [シナリオ名: ログイン]
[ADMIN] 16:19:12.134468 シナリオ走行を終了しました [シナリオ名: Banユーザログイン]
[ADMIN] 16:19:12.134491 シナリオ走行を開始しました [シナリオ名: Banユーザログイン]
[ADMIN] 16:19:12.138008 シナリオ走行を終了しました [シナリオ名: Banユーザログイン]
[ADMIN] 16:19:12.138023 シナリオ走行を開始しました [シナリオ名: Banユーザログイン]
[ADMIN] 16:19:12.138347 シナリオ走行を終了しました [シナリオ名: Banユーザログイン]
[ADMIN] 16:19:12.138363 シナリオ走行を開始しました [シナリオ名: Banユーザログイン]
[ADMIN] 16:19:12.139354 シナリオ走行を終了しました [シナリオ名: Banユーザログイン]
[ADMIN] 16:19:12.139368 シナリオ走行を開始しました [シナリオ名: Banユーザログイン]
[ADMIN] 16:19:12.201525 シナリオ走行を終了しました [シナリオ名: ログイン]
[ADMIN] 16:19:12.201546 シナリオ走行を開始しました [シナリオ名: ログイン]
[ADMIN] 16:19:12.212864 シナリオ走行を終了しました [シナリオ名: 新規ユーザー登録]
[ADMIN] 16:19:12.212885 シナリオ走行を開始しました [シナリオ名: 新規ユーザー登録]
[ADMIN] 16:19:12.215411 シナリオ走行を終了しました [シナリオ名: 新規ユーザー登録]
[ADMIN] 16:19:12.215432 シナリオ走行を開始しました [シナリオ名: 新規ユーザー登録]
[ADMIN] 16:19:12.252362 シナリオ走行を終了しました [シナリオ名: ログイン]
[ADMIN] 16:19:12.252376 シナリオ走行を開始しました [シナリオ名: ログイン]
[ADMIN] 16:19:12.282974 シナリオ走行を終了しました [シナリオ名: ログイン]
[ADMIN] 16:19:12.282986 シナリオ走行を開始しました [シナリオ名: ログイン]
[ADMIN] 16:19:12.306955 シナリオ走行を終了しました [シナリオ名: 新規ユーザー登録]
[ADMIN] 16:19:12.306983 シナリオ走行を開始しました [シナリオ名: 新規ユーザー登録]
[ADMIN] 16:19:12.329119 シナリオ走行を終了しました [シナリオ名: ログイン]
[ADMIN] 16:19:12.329135 シナリオ走行を開始しました [シナリオ名: ログイン]
[ADMIN] 16:19:12.334008 シナリオ走行を終了しました [シナリオ名: ログイン]
[ADMIN] 16:19:12.334018 シナリオ走行を開始しました [シナリオ名: ログイン]
[ADMIN] 16:19:12.376569 シナリオ走行を終了しました [シナリオ名: ログイン]
[ADMIN] 16:19:12.376583 シナリオ走行を開始しました [シナリオ名: ログイン]
[ADMIN] 16:19:12.385409 シナリオ走行を終了しました [シナリオ名: 新規ユーザー登録]
[ADMIN] 16:19:12.385430 シナリオ走行を開始しました [シナリオ名: 新規ユーザー登録]
[ADMIN] 16:19:12.441058 シナリオ走行を終了しました [シナリオ名: ログイン]
[ADMIN] 16:19:12.441068 シナリオ走行を開始しました [シナリオ名: ログイン]
[ADMIN] 16:19:12.444119 シナリオ走行を終了しました [シナリオ名: ログイン]
[ADMIN] 16:19:12.444129 シナリオ走行を開始しました [シナリオ名: ログイン]
[ADMIN] 16:19:12.455845 シナリオ走行を終了しました [シナリオ名: ログイン]
[ADMIN] 16:19:12.455855 シナリオ走行を開始しました [シナリオ名: ログイン]
[ADMIN] 16:19:12.462467 シナリオ走行を終了しました [シナリオ名: 新規ユーザー登録]
[ADMIN] 16:19:12.462487 シナリオ走行を開始しました [シナリオ名: 新規ユーザー登録]
[ADMIN] 16:19:12.468007 シナリオ走行を終了しました [シナリオ名: ログイン]
[ADMIN] 16:19:12.468017 シナリオ走行を開始しました [シナリオ名: ログイン]
[ADMIN] 16:19:12.533092 シナリオ走行を終了しました [シナリオ名: ログイン]
[ADMIN] 16:19:12.533105 シナリオ走行を開始しました [シナリオ名: ログイン]
[ADMIN] 16:19:12.533381 シナリオ走行を終了しました [シナリオ名: ログイン]
[ADMIN] 16:19:12.533392 シナリオ走行を開始しました [シナリオ名: ログイン]
[ADMIN] 16:19:12.559298 シナリオ走行を終了しました [シナリオ名: ログイン]
[ADMIN] 16:19:12.559309 シナリオ走行を開始しました [シナリオ名: ログイン]
[ADMIN] 16:19:12.559760 シナリオ走行を終了しました [シナリオ名: ログイン]
[ADMIN] 16:19:12.559771 シナリオ走行を開始しました [シナリオ名: ログイン]
[ADMIN] 16:19:12.578236 シナリオ走行を終了しました [シナリオ名: ログイン]
[ADMIN] 16:19:12.578250 シナリオ走行を開始しました [シナリオ名: ログイン]
[ADMIN] 16:19:12.614586 シナリオ走行を終了しました [シナリオ名: ログイン]
[ADMIN] 16:19:12.614600 シナリオ走行を開始しました [シナリオ名: ログイン]
[ADMIN] 16:19:12.641954 シナリオ走行を終了しました [シナリオ名: Banユーザログイン]
[ADMIN] 16:19:12.641960 シナリオ走行を終了しました [シナリオ名: Banユーザログイン]
[ADMIN] 16:19:12.641975 シナリオ走行を開始しました [シナリオ名: Banユーザログイン]
[ADMIN] 16:19:12.641984 シナリオ走行を開始しました [シナリオ名: Banユーザログイン]
[ADMIN] 16:19:12.643428 シナリオ走行を終了しました [シナリオ名: Banユーザログイン]
[ADMIN] 16:19:12.643444 シナリオ走行を開始しました [シナリオ名: Banユーザログイン]
[ADMIN] 16:19:12.652957 シナリオ走行を終了しました [シナリオ名: Banユーザログイン]
[ADMIN] 16:19:12.652970 シナリオ走行を開始しました [シナリオ名: Banユーザログイン]
[ADMIN] 16:19:12.664911 シナリオ走行を終了しました [シナリオ名: ログイン]
[ADMIN] 16:19:12.664920 シナリオ走行を開始しました [シナリオ名: ログイン]
[ADMIN] 16:19:12.667676 シナリオ走行を終了しました [シナリオ名: 新規ユーザー登録]
[ADMIN] 16:19:12.667698 シナリオ走行を開始しました [シナリオ名: 新規ユーザー登録]
[ADMIN] 16:19:12.676921 シナリオ走行を終了しました [シナリオ名: 新規ユーザー登録]
[ADMIN] 16:19:12.676941 シナリオ走行を開始しました [シナリオ名: 新規ユーザー登録]
[ADMIN] 16:19:12.678291 シナリオ走行を終了しました [シナリオ名: ログイン]
[ADMIN] 16:19:12.678301 シナリオ走行を開始しました [シナリオ名: ログイン]
[ADMIN] 16:19:12.683348 シナリオ走行を終了しました [シナリオ名: ログイン]
[ADMIN] 16:19:12.683358 シナリオ走行を開始しました [シナリオ名: ログイン]
[ADMIN] 16:19:12.685327 シナリオ走行を終了しました [シナリオ名: ログイン]
[ADMIN] 16:19:12.685336 シナリオ走行を開始しました [シナリオ名: ログイン]
[ADMIN] 16:19:12.685441 シナリオ走行を終了しました [シナリオ名: ログイン]
[ADMIN] 16:19:12.685448 シナリオ走行を開始しました [シナリオ名: ログイン]
[ADMIN] 16:19:12.782852 シナリオ走行を終了しました [シナリオ名: ログイン]
[ADMIN] 16:19:12.782867 シナリオ走行を開始しました [シナリオ名: ログイン]
[ADMIN] 16:19:12.785807 シナリオ走行を終了しました [シナリオ名: ログイン]
[ADMIN] 16:19:12.785818 シナリオ走行を開始しました [シナリオ名: ログイン]
[ADMIN] 16:19:12.804196 シナリオ走行を終了しました [シナリオ名: ログイン]
[ADMIN] 16:19:12.804210 シナリオ走行を開始しました [シナリオ名: ログイン]
[ADMIN] 16:19:12.875107 シナリオ走行を終了しました [シナリオ名: 新規ユーザー登録]
[ADMIN] 16:19:12.875130 シナリオ走行を開始しました [シナリオ名: 新規ユーザー登録]
[ADMIN] 16:19:12.876931 シナリオ走行を終了しました [シナリオ名: 新規ユーザー登録]
[ADMIN] 16:19:12.876946 シナリオ走行を開始しました [シナリオ名: 新規ユーザー登録]
[ADMIN] 16:19:12.886864 シナリオ走行を終了しました [シナリオ名: ログイン]
[ADMIN] 16:19:12.886874 シナリオ走行を開始しました [シナリオ名: ログイン]
[ADMIN] 16:19:12.902166 シナリオ走行を終了しました [シナリオ名: ログイン]
[ADMIN] 16:19:12.902175 シナリオ走行を開始しました [シナリオ名: ログイン]
[ADMIN] 16:19:12.913619 シナリオ走行を終了しました [シナリオ名: ログイン]
[ADMIN] 16:19:12.913628 シナリオ走行を開始しました [シナリオ名: ログイン]
[ADMIN] 16:19:12.997977 シナリオ走行を終了しました [シナリオ名: ログイン]
[ADMIN] 16:19:12.997989 シナリオ走行を開始しました [シナリオ名: ログイン]
[ADMIN] 16:19:13.016373 シナリオ走行を終了しました [シナリオ名: ログイン]
[ADMIN] 16:19:13.016385 シナリオ走行を開始しました [シナリオ名: ログイン]
[ADMIN] 16:19:13.058752 シナリオ走行を終了しました [シナリオ名: ログイン]
[ADMIN] 16:19:13.058764 シナリオ走行を開始しました [シナリオ名: ログイン]
[ADMIN] 16:19:13.066932 シナリオ走行を終了しました [シナリオ名: ログイン]
[ADMIN] 16:19:13.066943 シナリオ走行を開始しました [シナリオ名: ログイン]
[ADMIN] 16:19:13.078387 シナリオ走行を終了しました [シナリオ名: ログイン]
[ADMIN] 16:19:13.078398 シナリオ走行を開始しました [シナリオ名: ログイン]
[ADMIN] 16:19:13.078670 シナリオ走行を終了しました [シナリオ名: ログイン]
[ADMIN] 16:19:13.078679 シナリオ走行を開始しました [シナリオ名: ログイン]
[ADMIN] 16:19:13.090432 シナリオ走行を終了しました [シナリオ名: 新規ユーザー登録]
[ADMIN] 16:19:13.090454 シナリオ走行を開始しました [シナリオ名: 新規ユーザー登録]
[ADMIN] 16:19:13.093860 シナリオ走行を終了しました [シナリオ名: ログイン]
[ADMIN] 16:19:13.093873 シナリオ走行を開始しました [シナリオ名: ログイン]
[ADMIN] 16:19:13.111829 シナリオ走行を終了しました [シナリオ名: 新規ユーザー登録]
[ADMIN] 16:19:13.111875 シナリオ走行を開始しました [シナリオ名: 新規ユーザー登録]
[ADMIN] 16:19:13.142279 シナリオ走行を終了しました [シナリオ名: ログイン]
[ADMIN] 16:19:13.142295 シナリオ走行を開始しました [シナリオ名: ログイン]
[ADMIN] 16:19:13.146776 シナリオ走行を終了しました [シナリオ名: Banユーザログイン]
[ADMIN] 16:19:13.146784 シナリオ走行を終了しました [シナリオ名: Banユーザログイン]
[ADMIN] 16:19:13.146791 シナリオ走行を開始しました [シナリオ名: Banユーザログイン]
[ADMIN] 16:19:13.146845 シナリオ走行を終了しました [シナリオ名: Banユーザログイン]
[ADMIN] 16:19:13.146851 シナリオ走行を開始しました [シナリオ名: Banユーザログイン]
[ADMIN] 16:19:13.146853 シナリオ走行を開始しました [シナリオ名: Banユーザログイン]
[ADMIN] 16:19:13.155201 シナリオ走行を終了しました [シナリオ名: Banユーザログイン]
[ADMIN] 16:19:13.155211 シナリオ走行を開始しました [シナリオ名: Banユーザログイン]
[ADMIN] 16:19:13.201848 シナリオ走行を終了しました [シナリオ名: ログイン]
[ADMIN] 16:19:13.201857 シナリオ走行を開始しました [シナリオ名: ログイン]
[ADMIN] 16:19:13.209698 シナリオ走行を終了しました [シナリオ名: ログイン]
[ADMIN] 16:19:13.209709 シナリオ走行を開始しました [シナリオ名: ログイン]
[ADMIN] 16:19:13.217449 シナリオ走行を終了しました [シナリオ名: 新規ユーザー登録]
[ADMIN] 16:19:13.217471 シナリオ走行を開始しました [シナリオ名: 新規ユーザー登録]
[ADMIN] 16:19:13.258165 シナリオ走行を終了しました [シナリオ名: ログイン]
[ADMIN] 16:19:13.258190 シナリオ走行を開始しました [シナリオ名: ログイン]
[ADMIN] 16:19:13.304217 シナリオ走行を終了しました [シナリオ名: 新規ユーザー登録]
[ADMIN] 16:19:13.304247 シナリオ走行を開始しました [シナリオ名: 新規ユーザー登録]
[ADMIN] 16:19:13.325505 シナリオ走行を終了しました [シナリオ名: ログイン]
[ADMIN] 16:19:13.325516 シナリオ走行を開始しました [シナリオ名: ログイン]
[ADMIN] 16:19:13.328444 シナリオ走行を終了しました [シナリオ名: ログイン]
[ADMIN] 16:19:13.328454 シナリオ走行を開始しました [シナリオ名: ログイン]
[ADMIN] 16:19:13.365083 シナリオ走行を終了しました [シナリオ名: ログイン]
[ADMIN] 16:19:13.365099 シナリオ走行を開始しました [シナリオ名: ログイン]
[ADMIN] 16:19:13.404837 シナリオ走行を終了しました [シナリオ名: ログイン]
[ADMIN] 16:19:13.404850 シナリオ走行を開始しました [シナリオ名: ログイン]
[ADMIN] 16:19:13.416769 シナリオ走行を終了しました [シナリオ名: ログイン]
[ADMIN] 16:19:13.416781 シナリオ走行を開始しました [シナリオ名: ログイン]
[ADMIN] 16:19:13.435050 シナリオ走行を終了しました [シナリオ名: ログイン]
[ADMIN] 16:19:13.435067 シナリオ走行を開始しました [シナリオ名: ログイン]
[ADMIN] 16:19:13.448028 シナリオ走行を終了しました [シナリオ名: ログイン]
[ADMIN] 16:19:13.448042 シナリオ走行を開始しました [シナリオ名: ログイン]
[ADMIN] 16:19:13.452332 シナリオ走行を終了しました [シナリオ名: ログイン]
[ADMIN] 16:19:13.452341 シナリオ走行を開始しました [シナリオ名: ログイン]
[ADMIN] 16:19:13.454978 シナリオ走行を終了しました [シナリオ名: ログイン]
[ADMIN] 16:19:13.454986 シナリオ走行を開始しました [シナリオ名: ログイン]
[ADMIN] 16:19:13.469751 シナリオ走行を終了しました [シナリオ名: ログイン]
[ADMIN] 16:19:13.469763 シナリオ走行を開始しました [シナリオ名: ログイン]
[ADMIN] 16:19:13.470846 シナリオ走行を終了しました [シナリオ名: ログイン]
[ADMIN] 16:19:13.470855 シナリオ走行を開始しました [シナリオ名: ログイン]
[ADMIN] 16:19:13.479941 シナリオ走行を終了しました [シナリオ名: ログイン]
[ADMIN] 16:19:13.479951 シナリオ走行を開始しました [シナリオ名: ログイン]
[ADMIN] 16:19:13.480267 シナリオ走行を終了しました [シナリオ名: ログイン]
[ADMIN] 16:19:13.480280 シナリオ走行を開始しました [シナリオ名: ログイン]
[ADMIN] 16:19:13.513703 シナリオ走行を終了しました [シナリオ名: ログイン]
[ADMIN] 16:19:13.513714 シナリオ走行を開始しました [シナリオ名: ログイン]
[ADMIN] 16:19:13.577958 シナリオ走行を終了しました [シナリオ名: ログイン]
[ADMIN] 16:19:13.577975 シナリオ走行を開始しました [シナリオ名: ログイン]
[ADMIN] 16:19:13.587380 シナリオ走行を終了しました [シナリオ名: 新規ユーザー登録]
[ADMIN] 16:19:13.587401 シナリオ走行を開始しました [シナリオ名: 新規ユーザー登録]
[ADMIN] 16:19:13.646879 シナリオ走行を終了しました [シナリオ名: ログイン]
[ADMIN] 16:19:13.646896 シナリオ走行を開始しました [シナリオ名: ログイン]
[ADMIN] 16:19:13.659417 シナリオ走行を終了しました [シナリオ名: Banユーザログイン]
[ADMIN] 16:19:13.659434 シナリオ走行を開始しました [シナリオ名: Banユーザログイン]
[ADMIN] 16:19:13.659772 シナリオ走行を終了しました [シナリオ名: Banユーザログイン]
[ADMIN] 16:19:13.659783 シナリオ走行を開始しました [シナリオ名: Banユーザログイン]
[ADMIN] 16:19:13.659784 シナリオ走行を終了しました [シナリオ名: Banユーザログイン]
[ADMIN] 16:19:13.659791 シナリオ走行を開始しました [シナリオ名: Banユーザログイン]
[ADMIN] 16:19:13.670789 シナリオ走行を終了しました [シナリオ名: Banユーザログイン]
[ADMIN] 16:19:13.670803 シナリオ走行を開始しました [シナリオ名: Banユーザログイン]
[ADMIN] 16:19:13.692495 シナリオ走行を終了しました [シナリオ名: ログイン]
[ADMIN] 16:19:13.692505 シナリオ走行を開始しました [シナリオ名: ログイン]
[ADMIN] 16:19:13.736861 シナリオ走行を終了しました [シナリオ名: ログイン]
[ADMIN] 16:19:13.736874 シナリオ走行を開始しました [シナリオ名: ログイン]
[ADMIN] 16:19:13.762275 シナリオ走行を終了しました [シナリオ名: ログイン]
[ADMIN] 16:19:13.762289 シナリオ走行を開始しました [シナリオ名: ログイン]
[ADMIN] 16:19:13.769280 シナリオ走行を終了しました [シナリオ名: ログイン]
[ADMIN] 16:19:13.769299 シナリオ走行を開始しました [シナリオ名: ログイン]
[ADMIN] 16:19:13.776821 シナリオ走行を終了しました [シナリオ名: ログイン]
[ADMIN] 16:19:13.776831 シナリオ走行を開始しました [シナリオ名: ログイン]
[ADMIN] 16:19:13.778763 シナリオ走行を終了しました [シナリオ名: 新規ユーザー登録]
[ADMIN] 16:19:13.778784 シナリオ走行を開始しました [シナリオ名: 新規ユーザー登録]
[ADMIN] 16:19:13.784331 シナリオ走行を終了しました [シナリオ名: 新規ユーザー登録]
[ADMIN] 16:19:13.784349 シナリオ走行を開始しました [シナリオ名: 新規ユーザー登録]
[ADMIN] 16:19:13.793569 シナリオ走行を終了しました [シナリオ名: ログイン]
[ADMIN] 16:19:13.793578 シナリオ走行を開始しました [シナリオ名: ログイン]
[ADMIN] 16:19:13.817718 シナリオ走行を終了しました [シナリオ名: 新規ユーザー登録]
[ADMIN] 16:19:13.817742 シナリオ走行を開始しました [シナリオ名: 新規ユーザー登録]
[ADMIN] 16:19:13.818178 シナリオ走行を終了しました [シナリオ名: ログイン]
[ADMIN] 16:19:13.818186 シナリオ走行を開始しました [シナリオ名: ログイン]
[ADMIN] 16:19:13.855026 シナリオ走行を終了しました [シナリオ名: 新規ユーザー登録]
[ADMIN] 16:19:13.855052 シナリオ走行を開始しました [シナリオ名: 新規ユーザー登録]
[ADMIN] 16:19:13.860039 シナリオ走行を終了しました [シナリオ名: ログイン]
[ADMIN] 16:19:13.860048 シナリオ走行を開始しました [シナリオ名: ログイン]
[ADMIN] 16:19:13.861995 シナリオ走行を終了しました [シナリオ名: ログイン]
[ADMIN] 16:19:13.862002 シナリオ走行を開始しました [シナリオ名: ログイン]
[ADMIN] 16:19:13.899442 シナリオ走行を終了しました [シナリオ名: ログイン]
[ADMIN] 16:19:13.899454 シナリオ走行を開始しました [シナリオ名: ログイン]
[ADMIN] 16:19:13.908213 シナリオ走行を終了しました [シナリオ名: 新規ユーザー登録]
[ADMIN] 16:19:13.908231 シナリオ走行を開始しました [シナリオ名: 新規ユーザー登録]
[ADMIN] 16:19:13.954133 シナリオ走行を終了しました [シナリオ名: 新規ユーザー登録]
[ADMIN] 16:19:13.954157 シナリオ走行を開始しました [シナリオ名: 新規ユーザー登録]
[ADMIN] 16:19:13.982188 シナリオ走行を終了しました [シナリオ名: ログイン]
[ADMIN] 16:19:13.982204 シナリオ走行を開始しました [シナリオ名: ログイン]
[ADMIN] 16:19:14.007997 シナリオ走行を終了しました [シナリオ名: 新規ユーザー登録]
[ADMIN] 16:19:14.008019 シナリオ走行を開始しました [シナリオ名: 新規ユーザー登録]
[ADMIN] 16:19:14.054006 シナリオ走行を終了しました [シナリオ名: ログイン]
[ADMIN] 16:19:14.054021 シナリオ走行を開始しました [シナリオ名: ログイン]
[ADMIN] 16:19:14.081044 シナリオ走行を終了しました [シナリオ名: ログイン]
[ADMIN] 16:19:14.081056 シナリオ走行を開始しました [シナリオ名: ログイン]
[ADMIN] 16:19:14.082602 シナリオ走行を終了しました [シナリオ名: ログイン]
[ADMIN] 16:19:14.082629 シナリオ走行を開始しました [シナリオ名: ログイン]
[ADMIN] 16:19:14.095616 シナリオ走行を終了しました [シナリオ名: ログイン]
[ADMIN] 16:19:14.095629 シナリオ走行を開始しました [シナリオ名: ログイン]
[ADMIN] 16:19:14.109923 シナリオ走行を終了しました [シナリオ名: ログイン]
[ADMIN] 16:19:14.109937 シナリオ走行を開始しました [シナリオ名: ログイン]
[ADMIN] 16:19:14.120229 シナリオ走行を終了しました [シナリオ名: 新規ユーザー登録]
[ADMIN] 16:19:14.120251 シナリオ走行を開始しました [シナリオ名: 新規ユーザー登録]
[ADMIN] 16:19:14.145051 シナリオ走行を終了しました [シナリオ名: ログイン]
[ADMIN] 16:19:14.145069 シナリオ走行を開始しました [シナリオ名: ログイン]
[ADMIN] 16:19:14.162852 シナリオ走行を終了しました [シナリオ名: Banユーザログイン]
[ADMIN] 16:19:14.162873 シナリオ走行を開始しました [シナリオ名: Banユーザログイン]
[ADMIN] 16:19:14.165474 シナリオ走行を終了しました [シナリオ名: Banユーザログイン]
[ADMIN] 16:19:14.165484 シナリオ走行を終了しました [シナリオ名: Banユーザログイン]
[ADMIN] 16:19:14.165488 シナリオ走行を開始しました [シナリオ名: Banユーザログイン]
[ADMIN] 16:19:14.165493 シナリオ走行を開始しました [シナリオ名: Banユーザログイン]
[ADMIN] 16:19:14.173320 シナリオ走行を終了しました [シナリオ名: Banユーザログイン]
[ADMIN] 16:19:14.173339 シナリオ走行を開始しました [シナリオ名: Banユーザログイン]
[ADMIN] 16:19:14.190773 シナリオ走行を終了しました [シナリオ名: ログイン]
[ADMIN] 16:19:14.190785 シナリオ走行を開始しました [シナリオ名: ログイン]
[ADMIN] 16:19:14.211014 シナリオ走行を終了しました [シナリオ名: 新規ユーザー登録]
[ADMIN] 16:19:14.211039 シナリオ走行を開始しました [シナリオ名: 新規ユーザー登録]
[ADMIN] 16:19:14.263809 シナリオ走行を終了しました [シナリオ名: 新規ユーザー登録]
[ADMIN] 16:19:14.263835 シナリオ走行を開始しました [シナリオ名: 新規ユーザー登録]
[ADMIN] 16:19:14.272042 シナリオ走行を終了しました [シナリオ名: ログイン]
[ADMIN] 16:19:14.272053 シナリオ走行を開始しました [シナリオ名: ログイン]
[ADMIN] 16:19:14.312535 シナリオ走行を終了しました [シナリオ名: ログイン]
[ADMIN] 16:19:14.312552 シナリオ走行を開始しました [シナリオ名: ログイン]
[ADMIN] 16:19:14.339928 シナリオ走行を終了しました [シナリオ名: ログイン]
[ADMIN] 16:19:14.339946 シナリオ走行を開始しました [シナリオ名: ログイン]
[ADMIN] 16:19:14.341455 シナリオ走行を終了しました [シナリオ名: ログイン]
[ADMIN] 16:19:14.341465 シナリオ走行を開始しました [シナリオ名: ログイン]
[ADMIN] 16:19:14.371258 シナリオ走行を終了しました [シナリオ名: 新規ユーザー登録]
[ADMIN] 16:19:14.371278 シナリオ走行を開始しました [シナリオ名: 新規ユーザー登録]
[ADMIN] 16:19:14.397581 シナリオ走行を終了しました [シナリオ名: ログイン]
[ADMIN] 16:19:14.397592 シナリオ走行を開始しました [シナリオ名: ログイン]
[ADMIN] 16:19:14.413365 シナリオ走行を終了しました [シナリオ名: ログイン]
[ADMIN] 16:19:14.413375 シナリオ走行を開始しました [シナリオ名: ログイン]
[ADMIN] 16:19:14.418947 シナリオ走行を終了しました [シナリオ名: ログイン]
[ADMIN] 16:19:14.418956 シナリオ走行を開始しました [シナリオ名: ログイン]
[ADMIN] 16:19:14.425092 シナリオ走行を終了しました [シナリオ名: ログイン]
[ADMIN] 16:19:14.425101 シナリオ走行を開始しました [シナリオ名: ログイン]
[ADMIN] 16:19:14.431652 シナリオ走行を終了しました [シナリオ名: ログイン]
[ADMIN] 16:19:14.431660 シナリオ走行を開始しました [シナリオ名: ログイン]
[ADMIN] 16:19:14.545477 シナリオ走行を終了しました [シナリオ名: ログイン]
[ADMIN] 16:19:14.545491 シナリオ走行を開始しました [シナリオ名: ログイン]
[ADMIN] 16:19:14.624475 シナリオ走行を終了しました [シナリオ名: ログイン]
[ADMIN] 16:19:14.624488 シナリオ走行を開始しました [シナリオ名: ログイン]
[ADMIN] 16:19:14.636811 シナリオ走行を終了しました [シナリオ名: ログイン]
[ADMIN] 16:19:14.636824 シナリオ走行を開始しました [シナリオ名: ログイン]
[ADMIN] 16:19:14.644911 シナリオ走行を終了しました [シナリオ名: 新規ユーザー登録]
[ADMIN] 16:19:14.644931 シナリオ走行を開始しました [シナリオ名: 新規ユーザー登録]
[ADMIN] 16:19:14.670167 シナリオ走行を終了しました [シナリオ名: Banユーザログイン]
[ADMIN] 16:19:14.670194 シナリオ走行を開始しました [シナリオ名: Banユーザログイン]
[ADMIN] 16:19:14.677938 シナリオ走行を終了しました [シナリオ名: Banユーザログイン]
[ADMIN] 16:19:14.677956 シナリオ走行を開始しました [シナリオ名: Banユーザログイン]
[ADMIN] 16:19:14.678287 シナリオ走行を終了しました [シナリオ名: Banユーザログイン]
[ADMIN] 16:19:14.678296 シナリオ走行を開始しました [シナリオ名: Banユーザログイン]
[ADMIN] 16:19:14.691089 シナリオ走行を終了しました [シナリオ名: Banユーザログイン]
[ADMIN] 16:19:14.691106 シナリオ走行を開始しました [シナリオ名: Banユーザログイン]
[ADMIN] 16:19:14.698347 シナリオ走行を終了しました [シナリオ名: 新規ユーザー登録]
[ADMIN] 16:19:14.698369 シナリオ走行を開始しました [シナリオ名: 新規ユーザー登録]
[ADMIN] 16:19:14.700184 シナリオ走行を終了しました [シナリオ名: ログイン]
[ADMIN] 16:19:14.700197 シナリオ走行を開始しました [シナリオ名: ログイン]
[ADMIN] 16:19:14.740524 シナリオ走行を終了しました [シナリオ名: ログイン]
[ADMIN] 16:19:14.740538 シナリオ走行を開始しました [シナリオ名: ログイン]
[ADMIN] 16:19:14.748263 シナリオ走行を終了しました [シナリオ名: ログイン]
[ADMIN] 16:19:14.748277 シナリオ走行を開始しました [シナリオ名: ログイン]
[ADMIN] 16:19:14.757493 シナリオ走行を終了しました [シナリオ名: ログイン]
[ADMIN] 16:19:14.757504 シナリオ走行を開始しました [シナリオ名: ログイン]
[ADMIN] 16:19:14.770635 シナリオ走行を終了しました [シナリオ名: ログイン]
[ADMIN] 16:19:14.770650 シナリオ走行を開始しました [シナリオ名: ログイン]
[ADMIN] 16:19:14.771070 シナリオ走行を終了しました [シナリオ名: 新規ユーザー登録]
[ADMIN] 16:19:14.771093 シナリオ走行を開始しました [シナリオ名: 新規ユーザー登録]
[ADMIN] 16:19:14.850681 シナリオ走行を終了しました [シナリオ名: ログイン]
[ADMIN] 16:19:14.850697 シナリオ走行を開始しました [シナリオ名: ログイン]
[ADMIN] 16:19:14.911584 シナリオ走行を終了しました [シナリオ名: ログイン]
[ADMIN] 16:19:14.911600 シナリオ走行を開始しました [シナリオ名: ログイン]
[ADMIN] 16:19:14.917112 シナリオ走行を終了しました [シナリオ名: ログイン]
[ADMIN] 16:19:14.917125 シナリオ走行を開始しました [シナリオ名: ログイン]
[ADMIN] 16:19:14.931103 シナリオ走行を終了しました [シナリオ名: ログイン]
[ADMIN] 16:19:14.931120 シナリオ走行を開始しました [シナリオ名: ログイン]
[ADMIN] 16:19:14.940576 シナリオ走行を終了しました [シナリオ名: 新規ユーザー登録]
[ADMIN] 16:19:14.940596 シナリオ走行を開始しました [シナリオ名: 新規ユーザー登録]
[ADMIN] 16:19:14.951649 シナリオ走行を終了しました [シナリオ名: 新規ユーザー登録]
[ADMIN] 16:19:14.951665 シナリオ走行を開始しました [シナリオ名: 新規ユーザー登録]
[ADMIN] 16:19:14.960047 シナリオ走行を終了しました [シナリオ名: ログイン]
[ADMIN] 16:19:14.960057 シナリオ走行を開始しました [シナリオ名: ログイン]
[ADMIN] 16:19:14.961804 シナリオ走行を終了しました [シナリオ名: ログイン]
[ADMIN] 16:19:14.961812 シナリオ走行を開始しました [シナリオ名: ログイン]
[ADMIN] 16:19:14.990472 シナリオ走行を終了しました [シナリオ名: ログイン]
[ADMIN] 16:19:14.990482 シナリオ走行を開始しました [シナリオ名: ログイン]
[ADMIN] 16:19:15.014761 シナリオ走行を終了しました [シナリオ名: ログイン]
[ADMIN] 16:19:15.014775 シナリオ走行を開始しました [シナリオ名: ログイン]
[ADMIN] 16:19:15.021299 シナリオ走行を終了しました [シナリオ名: 新規ユーザー登録]
[ADMIN] 16:19:15.021319 シナリオ走行を開始しました [シナリオ名: 新規ユーザー登録]
[ADMIN] 16:19:15.026310 シナリオ走行を終了しました [シナリオ名: ログイン]
[ADMIN] 16:19:15.026323 シナリオ走行を開始しました [シナリオ名: ログイン]
[ADMIN] 16:19:15.040154 シナリオ走行を終了しました [シナリオ名: 新規ユーザー登録]
[ADMIN] 16:19:15.040176 シナリオ走行を開始しました [シナリオ名: 新規ユーザー登録]
[ADMIN] 16:19:15.067945 シナリオ走行を終了しました [シナリオ名: 新規ユーザー登録]
[ADMIN] 16:19:15.067970 シナリオ走行を開始しました [シナリオ名: 新規ユーザー登録]
[ADMIN] 16:19:15.086088 シナリオ走行を終了しました [シナリオ名: ログイン]
[ADMIN] 16:19:15.086100 シナリオ走行を開始しました [シナリオ名: ログイン]
[ADMIN] 16:19:15.092257 シナリオ走行を終了しました [シナリオ名: ログイン]
[ADMIN] 16:19:15.092267 シナリオ走行を開始しました [シナリオ名: ログイン]
[ADMIN] 16:19:15.107717 シナリオ走行を終了しました [シナリオ名: ログイン]
[ADMIN] 16:19:15.107726 シナリオ走行を開始しました [シナリオ名: ログイン]
[ADMIN] 16:19:15.122828 シナリオ走行を終了しました [シナリオ名: ログイン]
[ADMIN] 16:19:15.122837 シナリオ走行を開始しました [シナリオ名: ログイン]
[ADMIN] 16:19:15.149532 シナリオ走行を終了しました [シナリオ名: ログイン]
[ADMIN] 16:19:15.149542 シナリオ走行を開始しました [シナリオ名: ログイン]
[ADMIN] 16:19:15.160587 シナリオ走行を終了しました [シナリオ名: ログイン]
[ADMIN] 16:19:15.160598 シナリオ走行を開始しました [シナリオ名: ログイン]
[ADMIN] 16:19:15.172697 シナリオ走行を終了しました [シナリオ名: Banユーザログイン]
[ADMIN] 16:19:15.172710 シナリオ走行を開始しました [シナリオ名: Banユーザログイン]
[ADMIN] 16:19:15.182793 シナリオ走行を終了しました [シナリオ名: Banユーザログイン]
[ADMIN] 16:19:15.182805 シナリオ走行を終了しました [シナリオ名: Banユーザログイン]
[ADMIN] 16:19:15.182806 シナリオ走行を開始しました [シナリオ名: Banユーザログイン]
[ADMIN] 16:19:15.182815 シナリオ走行を開始しました [シナリオ名: Banユーザログイン]
[ADMIN] 16:19:15.194026 シナリオ走行を終了しました [シナリオ名: Banユーザログイン]
[ADMIN] 16:19:15.194039 シナリオ走行を開始しました [シナリオ名: Banユーザログイン]
[ADMIN] 16:19:15.208827 シナリオ走行を終了しました [シナリオ名: ログイン]
[ADMIN] 16:19:15.208839 シナリオ走行を開始しました [シナリオ名: ログイン]
[ADMIN] 16:19:15.237393 シナリオ走行を終了しました [シナリオ名: ログイン]
[ADMIN] 16:19:15.237406 シナリオ走行を開始しました [シナリオ名: ログイン]
[ADMIN] 16:19:15.257281 シナリオ走行を終了しました [シナリオ名: ログイン]
[ADMIN] 16:19:15.257291 シナリオ走行を開始しました [シナリオ名: ログイン]
[ADMIN] 16:19:15.282254 シナリオ走行を終了しました [シナリオ名: ログイン]
[ADMIN] 16:19:15.282264 シナリオ走行を開始しました [シナリオ名: ログイン]
[ADMIN] 16:19:15.289062 シナリオ走行を終了しました [シナリオ名: ログイン]
[ADMIN] 16:19:15.289073 シナリオ走行を開始しました [シナリオ名: ログイン]
[ADMIN] 16:19:15.289968 シナリオ走行を終了しました [シナリオ名: ログイン]
[ADMIN] 16:19:15.289978 シナリオ走行を開始しました [シナリオ名: ログイン]
[ADMIN] 16:19:15.298503 シナリオ走行を終了しました [シナリオ名: ログイン]
[ADMIN] 16:19:15.298511 シナリオ走行を開始しました [シナリオ名: ログイン]
[ADMIN] 16:19:15.325151 シナリオ走行を終了しました [シナリオ名: ログイン]
[ADMIN] 16:19:15.325163 シナリオ走行を開始しました [シナリオ名: ログイン]
[ADMIN] 16:19:15.327879 シナリオ走行を終了しました [シナリオ名: ログイン]
[ADMIN] 16:19:15.327889 シナリオ走行を開始しました [シナリオ名: ログイン]
[ADMIN] 16:19:15.375928 シナリオ走行を終了しました [シナリオ名: 新規ユーザー登録]
[ADMIN] 16:19:15.375958 シナリオ走行を開始しました [シナリオ名: 新規ユーザー登録]
[ADMIN] 16:19:15.394120 シナリオ走行を終了しました [シナリオ名: ログイン]
[ADMIN] 16:19:15.394135 シナリオ走行を開始しました [シナリオ名: ログイン]
[ADMIN] 16:19:15.433041 シナリオ走行を終了しました [シナリオ名: 新規ユーザー登録]
[ADMIN] 16:19:15.433070 シナリオ走行を開始しました [シナリオ名: 新規ユーザー登録]
[ADMIN] 16:19:15.477537 シナリオ走行を終了しました [シナリオ名: ログイン]
[ADMIN] 16:19:15.477551 シナリオ走行を開始しました [シナリオ名: ログイン]
[ADMIN] 16:19:15.482950 シナリオ走行を終了しました [シナリオ名: ログイン]
[ADMIN] 16:19:15.482960 シナリオ走行を開始しました [シナリオ名: ログイン]
[ADMIN] 16:19:15.484059 シナリオ走行を終了しました [シナリオ名: ログイン]
[ADMIN] 16:19:15.484070 シナリオ走行を開始しました [シナリオ名: ログイン]
[ADMIN] 16:19:15.487462 シナリオ走行を終了しました [シナリオ名: ログイン]
[ADMIN] 16:19:15.487472 シナリオ走行を開始しました [シナリオ名: ログイン]
[ADMIN] 16:19:15.509675 シナリオ走行を終了しました [シナリオ名: ログイン]
[ADMIN] 16:19:15.509686 シナリオ走行を開始しました [シナリオ名: ログイン]
[ADMIN] 16:19:15.516176 シナリオ走行を終了しました [シナリオ名: 新規ユーザー登録]
[ADMIN] 16:19:15.516194 シナリオ走行を開始しました [シナリオ名: 新規ユーザー登録]
[ADMIN] 16:19:15.517392 シナリオ走行を終了しました [シナリオ名: 新規ユーザー登録]
[ADMIN] 16:19:15.517407 シナリオ走行を開始しました [シナリオ名: 新規ユーザー登録]
[ADMIN] 16:19:15.591962 シナリオ走行を終了しました [シナリオ名: ログイン]
[ADMIN] 16:19:15.591976 シナリオ走行を開始しました [シナリオ名: ログイン]
[ADMIN] 16:19:15.596993 シナリオ走行を終了しました [シナリオ名: ログイン]
[ADMIN] 16:19:15.597004 シナリオ走行を開始しました [シナリオ名: ログイン]
[ADMIN] 16:19:15.609715 シナリオ走行を終了しました [シナリオ名: ログイン]
[ADMIN] 16:19:15.609725 シナリオ走行を開始しました [シナリオ名: ログイン]
[ADMIN] 16:19:15.646550 シナリオ走行を終了しました [シナリオ名: 新規ユーザー登録]
[ADMIN] 16:19:15.646570 シナリオ走行を開始しました [シナリオ名: 新規ユーザー登録]
[ADMIN] 16:19:15.675764 シナリオ走行を終了しました [シナリオ名: Banユーザログイン]
[ADMIN] 16:19:15.675788 シナリオ走行を開始しました [シナリオ名: Banユーザログイン]
[ADMIN] 16:19:15.682832 シナリオ走行を終了しました [シナリオ名: ログイン]
[ADMIN] 16:19:15.682845 シナリオ走行を開始しました [シナリオ名: ログイン]
[ADMIN] 16:19:15.685405 シナリオ走行を終了しました [シナリオ名: Banユーザログイン]
[ADMIN] 16:19:15.685418 シナリオ走行を開始しました [シナリオ名: Banユーザログイン]
[ADMIN] 16:19:15.688592 シナリオ走行を終了しました [シナリオ名: Banユーザログイン]
[ADMIN] 16:19:15.688606 シナリオ走行を開始しました [シナリオ名: Banユーザログイン]
[ADMIN] 16:19:15.698478 シナリオ走行を終了しました [シナリオ名: Banユーザログイン]
[ADMIN] 16:19:15.698495 シナリオ走行を開始しました [シナリオ名: Banユーザログイン]
[ADMIN] 16:19:15.724441 シナリオ走行を終了しました [シナリオ名: ログイン]
[ADMIN] 16:19:15.724451 シナリオ走行を開始しました [シナリオ名: ログイン]
[ADMIN] 16:19:15.777033 シナリオ走行を終了しました [シナリオ名: ログイン]
[ADMIN] 16:19:15.777069 シナリオ走行を開始しました [シナリオ名: ログイン]
[ADMIN] 16:19:15.800549 シナリオ走行を終了しました [シナリオ名: ログイン]
[ADMIN] 16:19:15.800563 シナリオ走行を開始しました [シナリオ名: ログイン]
[ADMIN] 16:19:15.827906 シナリオ走行を終了しました [シナリオ名: ログイン]
[ADMIN] 16:19:15.827923 シナリオ走行を開始しました [シナリオ名: ログイン]
[ADMIN] 16:19:15.828759 シナリオ走行を終了しました [シナリオ名: 新規ユーザー登録]
[ADMIN] 16:19:15.828782 シナリオ走行を開始しました [シナリオ名: 新規ユーザー登録]
[ADMIN] 16:19:15.830662 シナリオ走行を終了しました [シナリオ名: ログイン]
[ADMIN] 16:19:15.830669 シナリオ走行を開始しました [シナリオ名: ログイン]
[ADMIN] 16:19:15.846910 シナリオ走行を終了しました [シナリオ名: ログイン]
[ADMIN] 16:19:15.846921 シナリオ走行を開始しました [シナリオ名: ログイン]
[ADMIN] 16:19:15.853092 シナリオ走行を終了しました [シナリオ名: ログイン]
[ADMIN] 16:19:15.853102 シナリオ走行を開始しました [シナリオ名: ログイン]
[ADMIN] 16:19:15.855315 シナリオ走行を終了しました [シナリオ名: ログイン]
[ADMIN] 16:19:15.855325 シナリオ走行を開始しました [シナリオ名: ログイン]
[ADMIN] 16:19:15.902059 シナリオ走行を終了しました [シナリオ名: ログイン]
[ADMIN] 16:19:15.902071 シナリオ走行を開始しました [シナリオ名: ログイン]
[ADMIN] 16:19:15.904045 シナリオ走行を終了しました [シナリオ名: ログイン]
[ADMIN] 16:19:15.904056 シナリオ走行を開始しました [シナリオ名: ログイン]
[ADMIN] 16:19:15.907241 シナリオ走行を終了しました [シナリオ名: ログイン]
[ADMIN] 16:19:15.907252 シナリオ走行を開始しました [シナリオ名: ログイン]
[ADMIN] 16:19:15.952293 シナリオ走行を終了しました [シナリオ名: 新規ユーザー登録]
[ADMIN] 16:19:15.952310 シナリオ走行を開始しました [シナリオ名: 新規ユーザー登録]
[ADMIN] 16:19:15.956532 シナリオ走行を終了しました [シナリオ名: ログイン]
[ADMIN] 16:19:15.956540 シナリオ走行を開始しました [シナリオ名: ログイン]
[ADMIN] 16:19:15.988722 シナリオ走行を終了しました [シナリオ名: ログイン]
[ADMIN] 16:19:15.988734 シナリオ走行を開始しました [シナリオ名: ログイン]
[ADMIN] 16:19:16.010382 シナリオ走行を終了しました [シナリオ名: 新規ユーザー登録]
[ADMIN] 16:19:16.010402 シナリオ走行を開始しました [シナリオ名: 新規ユーザー登録]
[ADMIN] 16:19:16.012623 シナリオ走行を終了しました [シナリオ名: 新規ユーザー登録]
[ADMIN] 16:19:16.012640 シナリオ走行を開始しました [シナリオ名: 新規ユーザー登録]
[ADMIN] 16:19:16.043013 シナリオ走行を終了しました [シナリオ名: 新規ユーザー登録]
[ADMIN] 16:19:16.043031 シナリオ走行を開始しました [シナリオ名: 新規ユーザー登録]
[ADMIN] 16:19:16.050507 シナリオ走行を終了しました [シナリオ名: ログイン]
[ADMIN] 16:19:16.050517 シナリオ走行を開始しました [シナリオ名: ログイン]
[ADMIN] 16:19:16.075207 シナリオ走行を終了しました [シナリオ名: ログイン]
[ADMIN] 16:19:16.075237 シナリオ走行を開始しました [シナリオ名: ログイン]
[ADMIN] 16:19:16.075348 シナリオ走行を終了しました [シナリオ名: ログイン]
[ADMIN] 16:19:16.075359 シナリオ走行を開始しました [シナリオ名: ログイン]
[ADMIN] 16:19:16.083673 シナリオ走行を終了しました [シナリオ名: 新規ユーザー登録]
[ADMIN] 16:19:16.083708 シナリオ走行を開始しました [シナリオ名: 新規ユーザー登録]
[ADMIN] 16:19:16.097864 シナリオ走行を終了しました [シナリオ名: ログイン]
[ADMIN] 16:19:16.097875 シナリオ走行を開始しました [シナリオ名: ログイン]
[ADMIN] 16:19:16.142582 シナリオ走行を終了しました [シナリオ名: 新規ユーザー登録]
[ADMIN] 16:19:16.142606 シナリオ走行を開始しました [シナリオ名: 新規ユーザー登録]
[ADMIN] 16:19:16.179026 シナリオ走行を終了しました [シナリオ名: Banユーザログイン]
[ADMIN] 16:19:16.179046 シナリオ走行を開始しました [シナリオ名: Banユーザログイン]
[ADMIN] 16:19:16.185030 シナリオ走行を終了しました [シナリオ名: ログイン]
[ADMIN] 16:19:16.185042 シナリオ走行を開始しました [シナリオ名: ログイン]
[ADMIN] 16:19:16.188531 シナリオ走行を終了しました [シナリオ名: Banユーザログイン]
[ADMIN] 16:19:16.188544 シナリオ走行を開始しました [シナリオ名: Banユーザログイン]
[ADMIN] 16:19:16.190383 シナリオ走行を終了しました [シナリオ名: Banユーザログイン]
[ADMIN] 16:19:16.190395 シナリオ走行を開始しました [シナリオ名: Banユーザログイン]
[ADMIN] 16:19:16.199976 シナリオ走行を終了しました [シナリオ名: Banユーザログイン]
[ADMIN] 16:19:16.199993 シナリオ走行を開始しました [シナリオ名: Banユーザログイン]
[ADMIN] 16:19:16.218242 シナリオ走行を終了しました [シナリオ名: ログイン]
[ADMIN] 16:19:16.218254 シナリオ走行を開始しました [シナリオ名: ログイン]
[ADMIN] 16:19:16.278293 シナリオ走行を終了しました [シナリオ名: ログイン]
[ADMIN] 16:19:16.278307 シナリオ走行を開始しました [シナリオ名: ログイン]
[ADMIN] 16:19:16.292219 シナリオ走行を終了しました [シナリオ名: ログイン]
[ADMIN] 16:19:16.292233 シナリオ走行を開始しました [シナリオ名: ログイン]
[ADMIN] 16:19:16.299958 シナリオ走行を終了しました [シナリオ名: ログイン]
[ADMIN] 16:19:16.299970 シナリオ走行を開始しました [シナリオ名: ログイン]
[ADMIN] 16:19:16.316093 シナリオ走行を終了しました [シナリオ名: ログイン]
[ADMIN] 16:19:16.316104 シナリオ走行を開始しました [シナリオ名: ログイン]
[ADMIN] 16:19:16.320682 シナリオ走行を終了しました [シナリオ名: ログイン]
[ADMIN] 16:19:16.320692 シナリオ走行を開始しました [シナリオ名: ログイン]
[ADMIN] 16:19:16.322305 シナリオ走行を終了しました [シナリオ名: ログイン]
[ADMIN] 16:19:16.322313 シナリオ走行を開始しました [シナリオ名: ログイン]
[ADMIN] 16:19:16.342843 シナリオ走行を終了しました [シナリオ名: ログイン]
[ADMIN] 16:19:16.342854 シナリオ走行を開始しました [シナリオ名: ログイン]
[ADMIN] 16:19:16.418721 シナリオ走行を終了しました [シナリオ名: 新規ユーザー登録]
[ADMIN] 16:19:16.418763 シナリオ走行を開始しました [シナリオ名: 新規ユーザー登録]
[ADMIN] 16:19:16.447514 シナリオ走行を終了しました [シナリオ名: ログイン]
[ADMIN] 16:19:16.447526 シナリオ走行を開始しました [シナリオ名: ログイン]
[ADMIN] 16:19:16.493177 シナリオ走行を終了しました [シナリオ名: ログイン]
[ADMIN] 16:19:16.493192 シナリオ走行を開始しました [シナリオ名: ログイン]
[ADMIN] 16:19:16.503762 シナリオ走行を終了しました [シナリオ名: ログイン]
[ADMIN] 16:19:16.503775 シナリオ走行を開始しました [シナリオ名: ログイン]
[ADMIN] 16:19:16.506905 シナリオ走行を終了しました [シナリオ名: 新規ユーザー登録]
[ADMIN] 16:19:16.506923 シナリオ走行を開始しました [シナリオ名: 新規ユーザー登録]
[ADMIN] 16:19:16.523943 シナリオ走行を終了しました [シナリオ名: ログイン]
[ADMIN] 16:19:16.523952 シナリオ走行を開始しました [シナリオ名: ログイン]
[ADMIN] 16:19:16.582676 シナリオ走行を終了しました [シナリオ名: ログイン]
[ADMIN] 16:19:16.582688 シナリオ走行を開始しました [シナリオ名: ログイン]
[ADMIN] 16:19:16.611253 シナリオ走行を終了しました [シナリオ名: ログイン]
[ADMIN] 16:19:16.611267 シナリオ走行を開始しました [シナリオ名: ログイン]
[ADMIN] 16:19:16.639907 シナリオ走行を終了しました [シナリオ名: ログイン]
[ADMIN] 16:19:16.639922 シナリオ走行を開始しました [シナリオ名: ログイン]
[ADMIN] 16:19:16.649785 シナリオ走行を終了しました [シナリオ名: ログイン]
[ADMIN] 16:19:16.649797 シナリオ走行を開始しました [シナリオ名: ログイン]
[ADMIN] 16:19:16.664607 シナリオ走行を終了しました [シナリオ名: ログイン]
[ADMIN] 16:19:16.664620 シナリオ走行を開始しました [シナリオ名: ログイン]
[ADMIN] 16:19:16.686131 シナリオ走行を終了しました [シナリオ名: ログイン]
[ADMIN] 16:19:16.686143 シナリオ走行を開始しました [シナリオ名: ログイン]
[ADMIN] 16:19:16.690426 シナリオ走行を終了しました [シナリオ名: Banユーザログイン]
[ADMIN] 16:19:16.690444 シナリオ走行を開始しました [シナリオ名: Banユーザログイン]
[ADMIN] 16:19:16.691522 シナリオ走行を終了しました [シナリオ名: Banユーザログイン]
[ADMIN] 16:19:16.691539 シナリオ走行を開始しました [シナリオ名: Banユーザログイン]
[ADMIN] 16:19:16.692906 シナリオ走行を終了しました [シナリオ名: Banユーザログイン]
[ADMIN] 16:19:16.692914 シナリオ走行を開始しました [シナリオ名: Banユーザログイン]
[ADMIN] 16:19:16.706176 シナリオ走行を終了しました [シナリオ名: ログイン]
[ADMIN] 16:19:16.706190 シナリオ走行を開始しました [シナリオ名: ログイン]
[ADMIN] 16:19:16.730284 シナリオ走行を終了しました [シナリオ名: ログイン]
[ADMIN] 16:19:16.730293 シナリオ走行を開始しました [シナリオ名: ログイン]
[ADMIN] 16:19:16.747751 シナリオ走行を終了しました [シナリオ名: 新規ユーザー登録]
[ADMIN] 16:19:16.747773 シナリオ走行を開始しました [シナリオ名: 新規ユーザー登録]
[ADMIN] 16:19:16.749603 シナリオ走行を終了しました [シナリオ名: ログイン]
[ADMIN] 16:19:16.749615 シナリオ走行を開始しました [シナリオ名: ログイン]
[ADMIN] 16:19:16.753286 シナリオ走行を終了しました [シナリオ名: Banユーザログイン]
[ADMIN] 16:19:16.753302 シナリオ走行を開始しました [シナリオ名: Banユーザログイン]
[ADMIN] 16:19:16.766658 シナリオ走行を終了しました [シナリオ名: 新規ユーザー登録]
[ADMIN] 16:19:16.766673 シナリオ走行を開始しました [シナリオ名: 新規ユーザー登録]
[ADMIN] 16:19:16.779361 シナリオ走行を終了しました [シナリオ名: ログイン]
[ADMIN] 16:19:16.779372 シナリオ走行を開始しました [シナリオ名: ログイン]
[ADMIN] 16:19:16.790066 シナリオ走行を終了しました [シナリオ名: ログイン]
[ADMIN] 16:19:16.790077 シナリオ走行を開始しました [シナリオ名: ログイン]
[ADMIN] 16:19:16.790330 シナリオ走行を終了しました [シナリオ名: 新規ユーザー登録]
[ADMIN] 16:19:16.790345 シナリオ走行を開始しました [シナリオ名: 新規ユーザー登録]
[ADMIN] 16:19:16.818763 シナリオ走行を終了しました [シナリオ名: ログイン]
[ADMIN] 16:19:16.818776 シナリオ走行を開始しました [シナリオ名: ログイン]
[ADMIN] 16:19:16.832593 シナリオ走行を終了しました [シナリオ名: ログイン]
[ADMIN] 16:19:16.832601 シナリオ走行を開始しました [シナリオ名: ログイン]
[ADMIN] 16:19:16.850688 シナリオ走行を終了しました [シナリオ名: 新規ユーザー登録]
[ADMIN] 16:19:16.850711 シナリオ走行を開始しました [シナリオ名: 新規ユーザー登録]
[ADMIN] 16:19:16.853226 シナリオ走行を終了しました [シナリオ名: ログイン]
[ADMIN] 16:19:16.853235 シナリオ走行を開始しました [シナリオ名: ログイン]
[ADMIN] 16:19:16.858228 シナリオ走行を終了しました [シナリオ名: 新規ユーザー登録]
[ADMIN] 16:19:16.858244 シナリオ走行を開始しました [シナリオ名: 新規ユーザー登録]
[ADMIN] 16:19:16.858659 シナリオ走行を終了しました [シナリオ名: 新規ユーザー登録]
[ADMIN] 16:19:16.858673 シナリオ走行を開始しました [シナリオ名: 新規ユーザー登録]
[ADMIN] 16:19:16.869000 シナリオ走行を終了しました [シナリオ名: ログイン]
[ADMIN] 16:19:16.869010 シナリオ走行を開始しました [シナリオ名: ログイン]
[ADMIN] 16:19:16.904720 シナリオ走行を終了しました [シナリオ名: ログイン]
[ADMIN] 16:19:16.904731 シナリオ走行を開始しました [シナリオ名: ログイン]
[ADMIN] 16:19:16.908410 シナリオ走行を終了しました [シナリオ名: ログイン]
[ADMIN] 16:19:16.908421 シナリオ走行を開始しました [シナリオ名: ログイン]
[ADMIN] 16:19:16.947246 シナリオ走行を終了しました [シナリオ名: ログイン]
[ADMIN] 16:19:16.947259 シナリオ走行を開始しました [シナリオ名: ログイン]
[ADMIN] 16:19:16.977595 シナリオ走行を終了しました [シナリオ名: ログイン]
[ADMIN] 16:19:16.977609 シナリオ走行を開始しました [シナリオ名: ログイン]
[ADMIN] 16:19:17.009177 シナリオ走行を終了しました [シナリオ名: ログイン]
[ADMIN] 16:19:17.009193 シナリオ走行を開始しました [シナリオ名: ログイン]
[ADMIN] 16:19:17.123781 シナリオ走行を終了しました [シナリオ名: ログイン]
[ADMIN] 16:19:17.123794 シナリオ走行を開始しました [シナリオ名: ログイン]
[ADMIN] 16:19:17.128547 シナリオ走行を終了しました [シナリオ名: ログイン]
[ADMIN] 16:19:17.128558 シナリオ走行を開始しました [シナリオ名: ログイン]
[ADMIN] 16:19:17.141283 シナリオ走行を終了しました [シナリオ名: ログイン]
[ADMIN] 16:19:17.141293 シナリオ走行を開始しました [シナリオ名: ログイン]
[ADMIN] 16:19:17.152762 シナリオ走行を終了しました [シナリオ名: ログイン]
[ADMIN] 16:19:17.152771 シナリオ走行を開始しました [シナリオ名: ログイン]
[ADMIN] 16:19:17.194994 シナリオ走行を終了しました [シナリオ名: Banユーザログイン]
[ADMIN] 16:19:17.195005 シナリオ走行を開始しました [シナリオ名: Banユーザログイン]
[ADMIN] 16:19:17.195008 シナリオ走行を終了しました [シナリオ名: Banユーザログイン]
[ADMIN] 16:19:17.195022 シナリオ走行を開始しました [シナリオ名: Banユーザログイン]
[ADMIN] 16:19:17.195166 シナリオ走行を終了しました [シナリオ名: Banユーザログイン]
[ADMIN] 16:19:17.195178 シナリオ走行を開始しました [シナリオ名: Banユーザログイン]
[ADMIN] 16:19:17.201662 シナリオ走行を終了しました [シナリオ名: ログイン]
[ADMIN] 16:19:17.201670 シナリオ走行を開始しました [シナリオ名: ログイン]
[ADMIN] 16:19:17.203767 シナリオ走行を終了しました [シナリオ名: ログイン]
[ADMIN] 16:19:17.203774 シナリオ走行を開始しました [シナリオ名: ログイン]
[ADMIN] 16:19:17.209625 シナリオ走行を終了しました [シナリオ名: ログイン]
[ADMIN] 16:19:17.209635 シナリオ走行を開始しました [シナリオ名: ログイン]
[ADMIN] 16:19:17.219987 シナリオ走行を終了しました [シナリオ名: ログイン]
[ADMIN] 16:19:17.219996 シナリオ走行を開始しました [シナリオ名: ログイン]
[ADMIN] 16:19:17.224118 シナリオ走行を終了しました [シナリオ名: 新規ユーザー登録]
[ADMIN] 16:19:17.224139 シナリオ走行を開始しました [シナリオ名: 新規ユーザー登録]
[ADMIN] 16:19:17.256131 シナリオ走行を終了しました [シナリオ名: Banユーザログイン]
[ADMIN] 16:19:17.256147 シナリオ走行を開始しました [シナリオ名: Banユーザログイン]
[ADMIN] 16:19:17.272298 シナリオ走行を終了しました [シナリオ名: ログイン]
[ADMIN] 16:19:17.272308 シナリオ走行を開始しました [シナリオ名: ログイン]
[ADMIN] 16:19:17.301829 シナリオ走行を終了しました [シナリオ名: ログイン]
[ADMIN] 16:19:17.301839 シナリオ走行を開始しました [シナリオ名: ログイン]
[ADMIN] 16:19:17.342919 シナリオ走行を終了しました [シナリオ名: ログイン]
[ADMIN] 16:19:17.342934 シナリオ走行を開始しました [シナリオ名: ログイン]
[ADMIN] 16:19:17.350655 シナリオ走行を終了しました [シナリオ名: ログイン]
[ADMIN] 16:19:17.350669 シナリオ走行を開始しました [シナリオ名: ログイン]
[ADMIN] 16:19:17.378425 シナリオ走行を終了しました [シナリオ名: ログイン]
[ADMIN] 16:19:17.378435 シナリオ走行を開始しました [シナリオ名: ログイン]
[ADMIN] 16:19:17.389106 シナリオ走行を終了しました [シナリオ名: 新規ユーザー登録]
[ADMIN] 16:19:17.389131 シナリオ走行を開始しました [シナリオ名: 新規ユーザー登録]
[ADMIN] 16:19:17.399956 シナリオ走行を終了しました [シナリオ名: 新規ユーザー登録]
[ADMIN] 16:19:17.399977 シナリオ走行を開始しました [シナリオ名: 新規ユーザー登録]
[ADMIN] 16:19:17.442400 シナリオ走行を終了しました [シナリオ名: 新規ユーザー登録]
[ADMIN] 16:19:17.442424 シナリオ走行を開始しました [シナリオ名: 新規ユーザー登録]
[ADMIN] 16:19:17.467431 シナリオ走行を終了しました [シナリオ名: ログイン]
[ADMIN] 16:19:17.467444 シナリオ走行を開始しました [シナリオ名: ログイン]
[ADMIN] 16:19:17.472647 シナリオ走行を終了しました [シナリオ名: ログイン]
[ADMIN] 16:19:17.472655 シナリオ走行を開始しました [シナリオ名: ログイン]
[ADMIN] 16:19:17.473172 シナリオ走行を終了しました [シナリオ名: ログイン]
[ADMIN] 16:19:17.473181 シナリオ走行を開始しました [シナリオ名: ログイン]
[ADMIN] 16:19:17.500356 シナリオ走行を終了しました [シナリオ名: ログイン]
[ADMIN] 16:19:17.500366 シナリオ走行を開始しました [シナリオ名: ログイン]
[ADMIN] 16:19:17.504289 シナリオ走行を終了しました [シナリオ名: ログイン]
[ADMIN] 16:19:17.504299 シナリオ走行を開始しました [シナリオ名: ログイン]
[ADMIN] 16:19:17.526600 シナリオ走行を終了しました [シナリオ名: ログイン]
[ADMIN] 16:19:17.526610 シナリオ走行を開始しました [シナリオ名: ログイン]
[ADMIN] 16:19:17.560777 シナリオ走行を終了しました [シナリオ名: ログイン]
[ADMIN] 16:19:17.560791 シナリオ走行を開始しました [シナリオ名: ログイン]
[ADMIN] 16:19:17.560835 シナリオ走行を終了しました [シナリオ名: ログイン]
[ADMIN] 16:19:17.560844 シナリオ走行を開始しました [シナリオ名: ログイン]
[ADMIN] 16:19:17.591635 シナリオ走行を終了しました [シナリオ名: ログイン]
[ADMIN] 16:19:17.591652 シナリオ走行を開始しました [シナリオ名: ログイン]
[ADMIN] 16:19:17.597494 シナリオ走行を終了しました [シナリオ名: ログイン]
[ADMIN] 16:19:17.597504 シナリオ走行を開始しました [シナリオ名: ログイン]
[ADMIN] 16:19:17.611374 シナリオ走行を終了しました [シナリオ名: ログイン]
[ADMIN] 16:19:17.611385 シナリオ走行を開始しました [シナリオ名: ログイン]
[ADMIN] 16:19:17.622161 シナリオ走行を終了しました [シナリオ名: ログイン]
[ADMIN] 16:19:17.622174 シナリオ走行を開始しました [シナリオ名: ログイン]
[ADMIN] 16:19:17.652214 シナリオ走行を終了しました [シナリオ名: ログイン]
[ADMIN] 16:19:17.652227 シナリオ走行を開始しました [シナリオ名: ログイン]
[ADMIN] 16:19:17.678967 シナリオ走行を終了しました [シナリオ名: 新規ユーザー登録]
[ADMIN] 16:19:17.678995 シナリオ走行を開始しました [シナリオ名: 新規ユーザー登録]
[ADMIN] 16:19:17.699296 シナリオ走行を終了しました [シナリオ名: Banユーザログイン]
[ADMIN] 16:19:17.699311 シナリオ走行を開始しました [シナリオ名: Banユーザログイン]
[ADMIN] 16:19:17.699319 シナリオ走行を終了しました [シナリオ名: Banユーザログイン]
[ADMIN] 16:19:17.699328 シナリオ走行を開始しました [シナリオ名: Banユーザログイン]
[ADMIN] 16:19:17.699333 シナリオ走行を終了しました [シナリオ名: Banユーザログイン]
[ADMIN] 16:19:17.699338 シナリオ走行を開始しました [シナリオ名: Banユーザログイン]
[ADMIN] 16:19:17.720278 シナリオ走行を終了しました [シナリオ名: ログイン]
[ADMIN] 16:19:17.720291 シナリオ走行を開始しました [シナリオ名: ログイン]
[ADMIN] 16:19:17.742684 シナリオ走行を終了しました [シナリオ名: ログイン]
[ADMIN] 16:19:17.742699 シナリオ走行を開始しました [シナリオ名: ログイン]
[ADMIN] 16:19:17.758691 シナリオ走行を終了しました [シナリオ名: Banユーザログイン]
[ADMIN] 16:19:17.758729 シナリオ走行を開始しました [シナリオ名: Banユーザログイン]
[ADMIN] 16:19:17.773500 シナリオ走行を終了しました [シナリオ名: ログイン]
[ADMIN] 16:19:17.773513 シナリオ走行を開始しました [シナリオ名: ログイン]
[ADMIN] 16:19:17.792844 シナリオ走行を終了しました [シナリオ名: 新規ユーザー登録]
[ADMIN] 16:19:17.792868 シナリオ走行を開始しました [シナリオ名: 新規ユーザー登録]
[ADMIN] 16:19:17.853179 シナリオ走行を終了しました [シナリオ名: ログイン]
[ADMIN] 16:19:17.853266 シナリオ走行を開始しました [シナリオ名: ログイン]
[ADMIN] 16:19:17.894299 シナリオ走行を終了しました [シナリオ名: 新規ユーザー登録]
[ADMIN] 16:19:17.894326 シナリオ走行を開始しました [シナリオ名: 新規ユーザー登録]
[ADMIN] 16:19:17.907852 シナリオ走行を終了しました [シナリオ名: ログイン]
[ADMIN] 16:19:17.907866 シナリオ走行を開始しました [シナリオ名: ログイン]
[ADMIN] 16:19:17.928231 シナリオ走行を終了しました [シナリオ名: ログイン]
[ADMIN] 16:19:17.928243 シナリオ走行を開始しました [シナリオ名: ログイン]
[ADMIN] 16:19:17.929696 シナリオ走行を終了しました [シナリオ名: 新規ユーザー登録]
[ADMIN] 16:19:17.929722 シナリオ走行を開始しました [シナリオ名: 新規ユーザー登録]
[ADMIN] 16:19:17.999926 シナリオ走行を終了しました [シナリオ名: ログイン]
[ADMIN] 16:19:17.999942 シナリオ走行を開始しました [シナリオ名: ログイン]
[ADMIN] 16:19:18.074293 シナリオ走行を終了しました [シナリオ名: ログイン]
[ADMIN] 16:19:18.074305 シナリオ走行を開始しました [シナリオ名: ログイン]
[ADMIN] 16:19:18.083475 シナリオ走行を終了しました [シナリオ名: 新規ユーザー登録]
[ADMIN] 16:19:18.083497 シナリオ走行を開始しました [シナリオ名: 新規ユーザー登録]
[ADMIN] 16:19:18.102764 シナリオ走行を終了しました [シナリオ名: 新規ユーザー登録]
[ADMIN] 16:19:18.102783 シナリオ走行を開始しました [シナリオ名: 新規ユーザー登録]
[ADMIN] 16:19:18.124630 シナリオ走行を終了しました [シナリオ名: ログイン]
[ADMIN] 16:19:18.124643 シナリオ走行を開始しました [シナリオ名: ログイン]
[ADMIN] 16:19:18.127799 シナリオ走行を終了しました [シナリオ名: ログイン]
[ADMIN] 16:19:18.127811 シナリオ走行を開始しました [シナリオ名: ログイン]
[ADMIN] 16:19:18.131102 シナリオ走行を終了しました [シナリオ名: ログイン]
[ADMIN] 16:19:18.131112 シナリオ走行を開始しました [シナリオ名: ログイン]
[ADMIN] 16:19:18.140715 シナリオ走行を終了しました [シナリオ名: ログイン]
[ADMIN] 16:19:18.140729 シナリオ走行を開始しました [シナリオ名: ログイン]
[ADMIN] 16:19:18.165661 シナリオ走行を終了しました [シナリオ名: ログイン]
[ADMIN] 16:19:18.165677 シナリオ走行を開始しました [シナリオ名: ログイン]
[ADMIN] 16:19:18.190092 シナリオ走行を終了しました [シナリオ名: ログイン]
[ADMIN] 16:19:18.190104 シナリオ走行を開始しました [シナリオ名: ログイン]
[ADMIN] 16:19:18.191807 シナリオ走行を終了しました [シナリオ名: ログイン]
[ADMIN] 16:19:18.191816 シナリオ走行を開始しました [シナリオ名: ログイン]
[ADMIN] 16:19:18.196880 シナリオ走行を終了しました [シナリオ名: ログイン]
[ADMIN] 16:19:18.196892 シナリオ走行を開始しました [シナリオ名: ログイン]
[ADMIN] 16:19:18.202564 シナリオ走行を終了しました [シナリオ名: Banユーザログイン]
[ADMIN] 16:19:18.202577 シナリオ走行を開始しました [シナリオ名: Banユーザログイン]
[ADMIN] 16:19:18.220484 シナリオ走行を終了しました [シナリオ名: Banユーザログイン]
[ADMIN] 16:19:18.220500 シナリオ走行を開始しました [シナリオ名: Banユーザログイン]
[ADMIN] 16:19:18.225247 シナリオ走行を終了しました [シナリオ名: 新規ユーザー登録]
[ADMIN] 16:19:18.225264 シナリオ走行を開始しました [シナリオ名: 新規ユーザー登録]
[ADMIN] 16:19:18.231419 シナリオ走行を終了しました [シナリオ名: ログイン]
[ADMIN] 16:19:18.231428 シナリオ走行を開始しました [シナリオ名: ログイン]
[ADMIN] 16:19:18.245128 シナリオ走行を終了しました [シナリオ名: Banユーザログイン]
[ADMIN] 16:19:18.245143 シナリオ走行を開始しました [シナリオ名: Banユーザログイン]
[ADMIN] 16:19:18.248993 シナリオ走行を終了しました [シナリオ名: ログイン]
[ADMIN] 16:19:18.249001 シナリオ走行を開始しました [シナリオ名: ログイン]
[ADMIN] 16:19:18.260916 シナリオ走行を終了しました [シナリオ名: Banユーザログイン]
[ADMIN] 16:19:18.260931 シナリオ走行を開始しました [シナリオ名: Banユーザログイン]
[ADMIN] 16:19:18.273364 シナリオ走行を終了しました [シナリオ名: ログイン]
[ADMIN] 16:19:18.273374 シナリオ走行を開始しました [シナリオ名: ログイン]
[ADMIN] 16:19:18.321486 シナリオ走行を終了しました [シナリオ名: 新規ユーザー登録]
[ADMIN] 16:19:18.321507 シナリオ走行を開始しました [シナリオ名: 新規ユーザー登録]
[ADMIN] 16:19:18.327747 シナリオ走行を終了しました [シナリオ名: ログイン]
[ADMIN] 16:19:18.327758 シナリオ走行を開始しました [シナリオ名: ログイン]
[ADMIN] 16:19:18.333132 シナリオ走行を終了しました [シナリオ名: ログイン]
[ADMIN] 16:19:18.333142 シナリオ走行を開始しました [シナリオ名: ログイン]
[ADMIN] 16:19:18.357211 シナリオ走行を終了しました [シナリオ名: ログイン]
[ADMIN] 16:19:18.357221 シナリオ走行を開始しました [シナリオ名: ログイン]
[ADMIN] 16:19:18.390478 シナリオ走行を終了しました [シナリオ名: ログイン]
[ADMIN] 16:19:18.390490 シナリオ走行を開始しました [シナリオ名: ログイン]
[ADMIN] 16:19:18.411602 シナリオ走行を終了しました [シナリオ名: ログイン]
[ADMIN] 16:19:18.411612 シナリオ走行を開始しました [シナリオ名: ログイン]
[ADMIN] 16:19:18.417001 シナリオ走行を終了しました [シナリオ名: 新規ユーザー登録]
[ADMIN] 16:19:18.417029 シナリオ走行を開始しました [シナリオ名: 新規ユーザー登録]
[ADMIN] 16:19:18.419739 シナリオ走行を終了しました [シナリオ名: ログイン]
[ADMIN] 16:19:18.419755 シナリオ走行を開始しました [シナリオ名: ログイン]
[ADMIN] 16:19:18.429886 シナリオ走行を終了しました [シナリオ名: 新規ユーザー登録]
[ADMIN] 16:19:18.429902 シナリオ走行を開始しました [シナリオ名: 新規ユーザー登録]
[ADMIN] 16:19:18.441493 シナリオ走行を終了しました [シナリオ名: ログイン]
[ADMIN] 16:19:18.441505 シナリオ走行を開始しました [シナリオ名: ログイン]
[ADMIN] 16:19:18.465970 シナリオ走行を終了しました [シナリオ名: ログイン]
[ADMIN] 16:19:18.465989 シナリオ走行を開始しました [シナリオ名: ログイン]
[ADMIN] 16:19:18.473562 シナリオ走行を終了しました [シナリオ名: ログイン]
[ADMIN] 16:19:18.473576 シナリオ走行を開始しました [シナリオ名: ログイン]
[ADMIN] 16:19:18.522175 シナリオ走行を終了しました [シナリオ名: 新規ユーザー登録]
[ADMIN] 16:19:18.522215 シナリオ走行を開始しました [シナリオ名: 新規ユーザー登録]
[ADMIN] 16:19:18.522281 シナリオ走行を終了しました [シナリオ名: ログイン]
[ADMIN] 16:19:18.522290 シナリオ走行を開始しました [シナリオ名: ログイン]
[ADMIN] 16:19:18.545282 シナリオ走行を終了しました [シナリオ名: ログイン]
[ADMIN] 16:19:18.545294 シナリオ走行を開始しました [シナリオ名: ログイン]
[ADMIN] 16:19:18.560802 シナリオ走行を終了しました [シナリオ名: ログイン]
[ADMIN] 16:19:18.560813 シナリオ走行を開始しました [シナリオ名: ログイン]
[ADMIN] 16:19:18.607696 シナリオ走行を終了しました [シナリオ名: ログイン]
[ADMIN] 16:19:18.607705 シナリオ走行を開始しました [シナリオ名: ログイン]
[ADMIN] 16:19:18.612687 シナリオ走行を終了しました [シナリオ名: 新規ユーザー登録]
[ADMIN] 16:19:18.612710 シナリオ走行を開始しました [シナリオ名: 新規ユーザー登録]
[ADMIN] 16:19:18.617430 シナリオ走行を終了しました [シナリオ名: ログイン]
[ADMIN] 16:19:18.617448 シナリオ走行を開始しました [シナリオ名: ログイン]
[ADMIN] 16:19:18.632424 シナリオ走行を終了しました [シナリオ名: ログイン]
[ADMIN] 16:19:18.632434 シナリオ走行を開始しました [シナリオ名: ログイン]
[ADMIN] 16:19:18.649399 シナリオ走行を終了しました [シナリオ名: 新規ユーザー登録]
[ADMIN] 16:19:18.649416 シナリオ走行を開始しました [シナリオ名: 新規ユーザー登録]
[ADMIN] 16:19:18.673152 シナリオ走行を終了しました [シナリオ名: ログイン]
[ADMIN] 16:19:18.673164 シナリオ走行を開始しました [シナリオ名: ログイン]
[ADMIN] 16:19:18.706384 シナリオ走行を終了しました [シナリオ名: Banユーザログイン]
[ADMIN] 16:19:18.706401 シナリオ走行を開始しました [シナリオ名: Banユーザログイン]
[ADMIN] 16:19:18.728938 シナリオ走行を終了しました [シナリオ名: Banユーザログイン]
[ADMIN] 16:19:18.728955 シナリオ走行を開始しました [シナリオ名: Banユーザログイン]
[ADMIN] 16:19:18.750418 シナリオ走行を終了しました [シナリオ名: Banユーザログイン]
[ADMIN] 16:19:18.750452 シナリオ走行を開始しました [シナリオ名: Banユーザログイン]
[ADMIN] 16:19:18.763528 シナリオ走行を終了しました [シナリオ名: Banユーザログイン]
[ADMIN] 16:19:18.763540 シナリオ走行を開始しました [シナリオ名: Banユーザログイン]
[ADMIN] 16:19:18.767269 シナリオ走行を終了しました [シナリオ名: ログイン]
[ADMIN] 16:19:18.767277 シナリオ走行を開始しました [シナリオ名: ログイン]
[ADMIN] 16:19:18.825304 シナリオ走行を終了しました [シナリオ名: ログイン]
[ADMIN] 16:19:18.825321 シナリオ走行を開始しました [シナリオ名: ログイン]
[ADMIN] 16:19:18.825732 シナリオ走行を終了しました [シナリオ名: ログイン]
[ADMIN] 16:19:18.825749 シナリオ走行を開始しました [シナリオ名: ログイン]
[ADMIN] 16:19:18.878954 シナリオ走行を終了しました [シナリオ名: 新規ユーザー登録]
[ADMIN] 16:19:18.878987 シナリオ走行を開始しました [シナリオ名: 新規ユーザー登録]
[ADMIN] 16:19:18.879131 シナリオ走行を終了しました [シナリオ名: 新規ユーザー登録]
[ADMIN] 16:19:18.879153 シナリオ走行を開始しました [シナリオ名: 新規ユーザー登録]
[ADMIN] 16:19:18.900831 シナリオ走行を終了しました [シナリオ名: ログイン]
[ADMIN] 16:19:18.900844 シナリオ走行を開始しました [シナリオ名: ログイン]
[ADMIN] 16:19:18.901091 シナリオ走行を終了しました [シナリオ名: ログイン]
[ADMIN] 16:19:18.901103 シナリオ走行を開始しました [シナリオ名: ログイン]
16:19:18.935696 現在のログイン成功数: [total: 1957 (+1042人)]
16:19:18.935707 現在のユーザー登録成功数: [total: 855 (+389人)]
[ADMIN] 16:19:18.936868 シナリオ走行を終了しました [シナリオ名: ログイン]
[ADMIN] 16:19:18.936877 シナリオ走行を開始しました [シナリオ名: ログイン]
[ADMIN] 16:19:18.959590 シナリオ走行を終了しました [シナリオ名: ログイン]
[ADMIN] 16:19:18.959625 シナリオ走行を開始しました [シナリオ名: ログイン]
[ADMIN] 16:19:18.959674 シナリオ走行を開始しました [シナリオ名: ログイン]
[ADMIN] 16:19:18.959770 シナリオ走行を開始しました [シナリオ名: ログイン]
[ADMIN] 16:19:18.959776 シナリオ走行を開始しました [シナリオ名: ログイン]
[ADMIN] 16:19:18.959868 シナリオ走行を開始しました [シナリオ名: ログイン]
[ADMIN] 16:19:18.959875 シナリオ走行を開始しました [シナリオ名: ログイン]
[ADMIN] 16:19:18.959950 シナリオ走行を開始しました [シナリオ名: ログイン]
[ADMIN] 16:19:18.959982 シナリオ走行を開始しました [シナリオ名: ログイン]
[ADMIN] 16:19:18.960069 シナリオ走行を開始しました [シナリオ名: ログイン]
[ADMIN] 16:19:18.960086 シナリオ走行を開始しました [シナリオ名: ログイン]
[ADMIN] 16:19:18.960126 シナリオ走行を開始しました [シナリオ名: ログイン]
[ADMIN] 16:19:18.960174 シナリオ走行を開始しました [シナリオ名: ログイン]
[ADMIN] 16:19:18.960199 シナリオ走行を開始しました [シナリオ名: ログイン]
[ADMIN] 16:19:18.960184 シナリオ走行を開始しました [シナリオ名: ログイン]
[ADMIN] 16:19:18.960192 シナリオ走行を開始しました [シナリオ名: ログイン]
[ADMIN] 16:19:18.960481 シナリオ走行を開始しました [シナリオ名: ログイン]
[ADMIN] 16:19:18.978746 シナリオ走行を終了しました [シナリオ名: ログイン]
[ADMIN] 16:19:19.006688 シナリオ走行を終了しました [シナリオ名: 新規ユーザー登録]
[ADMIN] 16:19:19.006717 シナリオ走行を開始しました [シナリオ名: 新規ユーザー登録]
[ADMIN] 16:19:19.069957 シナリオ走行を終了しました [シナリオ名: ログイン]
[ADMIN] 16:19:19.073506 シナリオ走行を終了しました [シナリオ名: 新規ユーザー登録]
[ADMIN] 16:19:19.073539 シナリオ走行を開始しました [シナリオ名: 新規ユーザー登録]
[ADMIN] 16:19:19.073594 シナリオ走行を開始しました [シナリオ名: 新規ユーザー登録]
[ADMIN] 16:19:19.073604 シナリオ走行を開始しました [シナリオ名: 新規ユーザー登録]
[ADMIN] 16:19:19.073638 シナリオ走行を開始しました [シナリオ名: 新規ユーザー登録]
[ADMIN] 16:19:19.073664 シナリオ走行を開始しました [シナリオ名: 新規ユーザー登録]
[ADMIN] 16:19:19.073598 シナリオ走行を開始しました [シナリオ名: 新規ユーザー登録]
[ADMIN] 16:19:19.073647 シナリオ走行を開始しました [シナリオ名: 新規ユーザー登録]
[ADMIN] 16:19:19.073654 シナリオ走行を開始しました [シナリオ名: 新規ユーザー登録]
[ADMIN] 16:19:19.073659 シナリオ走行を開始しました [シナリオ名: 新規ユーザー登録]
[ADMIN] 16:19:19.108657 シナリオ走行を終了しました [シナリオ名: ログイン]
[ADMIN] 16:19:19.121757 シナリオ走行を終了しました [シナリオ名: 新規ユーザー登録]
[ADMIN] 16:19:19.163839 シナリオ走行を終了しました [シナリオ名: ログイン]
[ADMIN] 16:19:19.190954 シナリオ走行を終了しました [シナリオ名: ログイン]
[ADMIN] 16:19:19.233650 シナリオ走行を終了しました [シナリオ名: Banユーザログイン]
[ADMIN] 16:19:19.233671 シナリオ走行を開始しました [シナリオ名: Banユーザログイン]
[ADMIN] 16:19:19.254438 シナリオ走行を終了しました [シナリオ名: Banユーザログイン]
[ADMIN] 16:19:19.254468 シナリオ走行を開始しました [シナリオ名: Banユーザログイン]
[ADMIN] 16:19:19.254476 シナリオ走行を開始しました [シナリオ名: Banユーザログイン]
[ADMIN] 16:19:19.254500 シナリオ走行を開始しました [シナリオ名: Banユーザログイン]
[ADMIN] 16:19:19.263605 シナリオ走行を終了しました [シナリオ名: Banユーザログイン]
[ADMIN] 16:19:19.269469 シナリオ走行を終了しました [シナリオ名: Banユーザログイン]
[ADMIN] 16:19:19.287551 シナリオ走行を終了しました [シナリオ名: ログイン]
[ADMIN] 16:19:19.303831 シナリオ走行を終了しました [シナリオ名: ログイン]
[ADMIN] 16:19:19.312115 シナリオ走行を終了しました [シナリオ名: ログイン]
[ADMIN] 16:19:19.325294 シナリオ走行を終了しました [シナリオ名: ログイン]
[ADMIN] 16:19:19.336296 シナリオ走行を終了しました [シナリオ名: ログイン]
[ADMIN] 16:19:19.385332 シナリオ走行を終了しました [シナリオ名: ログイン]
[ADMIN] 16:19:19.417439 シナリオ走行を終了しました [シナリオ名: ログイン]
[ADMIN] 16:19:19.453387 シナリオ走行を終了しました [シナリオ名: ログイン]
[ADMIN] 16:19:19.486740 シナリオ走行を終了しました [シナリオ名: ログイン]
[ADMIN] 16:19:19.506008 シナリオ走行を終了しました [シナリオ名: ログイン]
[ADMIN] 16:19:19.508189 シナリオ走行を終了しました [シナリオ名: ログイン]
[ADMIN] 16:19:19.542412 シナリオ走行を終了しました [シナリオ名: 新規ユーザー登録]
[ADMIN] 16:19:19.546082 シナリオ走行を終了しました [シナリオ名: 新規ユーザー登録]
[ADMIN] 16:19:19.548580 シナリオ走行を終了しました [シナリオ名: ログイン]
[ADMIN] 16:19:19.569136 シナリオ走行を終了しました [シナリオ名: ログイン]
[ADMIN] 16:19:19.569161 シナリオ走行を開始しました [シナリオ名: ログイン]
[ADMIN] 16:19:19.569206 シナリオ走行を開始しました [シナリオ名: ログイン]
[ADMIN] 16:19:19.569218 シナリオ走行を開始しました [シナリオ名: ログイン]
[ADMIN] 16:19:19.569278 シナリオ走行を開始しました [シナリオ名: ログイン]
[ADMIN] 16:19:19.569308 シナリオ走行を開始しました [シナリオ名: ログイン]
[ADMIN] 16:19:19.569309 シナリオ走行を開始しました [シナリオ名: ログイン]
[ADMIN] 16:19:19.569371 シナリオ走行を開始しました [シナリオ名: ログイン]
[ADMIN] 16:19:19.569304 シナリオ走行を開始しました [シナリオ名: ログイン]
[ADMIN] 16:19:19.569466 シナリオ走行を開始しました [シナリオ名: ログイン]
[ADMIN] 16:19:19.569463 シナリオ走行を開始しました [シナリオ名: ログイン]
[ADMIN] 16:19:19.569562 シナリオ走行を開始しました [シナリオ名: ログイン]
[ADMIN] 16:19:19.569303 シナリオ走行を開始しました [シナリオ名: ログイン]
[ADMIN] 16:19:19.569307 シナリオ走行を開始しました [シナリオ名: ログイン]
[ADMIN] 16:19:19.569306 シナリオ走行を開始しました [シナリオ名: ログイン]
[ADMIN] 16:19:19.569455 シナリオ走行を開始しました [シナリオ名: ログイン]
[ADMIN] 16:19:19.569303 シナリオ走行を開始しました [シナリオ名: ログイン]
[ADMIN] 16:19:19.569306 シナリオ走行を開始しました [シナリオ名: ログイン]
[ADMIN] 16:19:19.569302 シナリオ走行を開始しました [シナリオ名: ログイン]
[ADMIN] 16:19:19.619416 シナリオ走行を終了しました [シナリオ名: ログイン]
[ADMIN] 16:19:19.619428 シナリオ走行を開始しました [シナリオ名: ログイン]
[ADMIN] 16:19:19.631181 シナリオ走行を終了しました [シナリオ名: ログイン]
[ADMIN] 16:19:19.635132 シナリオ走行を終了しました [シナリオ名: ログイン]
[ADMIN] 16:19:19.689098 シナリオ走行を終了しました [シナリオ名: ログイン]
[ADMIN] 16:19:19.689756 シナリオ走行を終了しました [シナリオ名: ログイン]
[ADMIN] 16:19:19.701903 シナリオ走行を終了しました [シナリオ名: ログイン]
[ADMIN] 16:19:19.701918 シナリオ走行を開始しました [シナリオ名: ログイン]
[ADMIN] 16:19:19.701969 シナリオ走行を開始しました [シナリオ名: ログイン]
[ADMIN] 16:19:19.701981 シナリオ走行を開始しました [シナリオ名: ログイン]
[ADMIN] 16:19:19.702034 シナリオ走行を開始しました [シナリオ名: ログイン]
[ADMIN] 16:19:19.702062 シナリオ走行を開始しました [シナリオ名: ログイン]
[ADMIN] 16:19:19.723352 シナリオ走行を終了しました [シナリオ名: ログイン]
[ADMIN] 16:19:19.759266 シナリオ走行を終了しました [シナリオ名: Banユーザログイン]
[ADMIN] 16:19:19.791230 シナリオ走行を終了しました [シナリオ名: Banユーザログイン]
[ADMIN] 16:19:19.791253 シナリオ走行を開始しました [シナリオ名: Banユーザログイン]
[ADMIN] 16:19:19.791255 シナリオ走行を開始しました [シナリオ名: Banユーザログイン]
[ADMIN] 16:19:19.791268 シナリオ走行を開始しました [シナリオ名: Banユーザログイン]
[ADMIN] 16:19:19.791339 シナリオ走行を開始しました [シナリオ名: Banユーザログイン]
[ADMIN] 16:19:19.808367 シナリオ走行を終了しました [シナリオ名: Banユーザログイン]
[ADMIN] 16:19:19.808387 シナリオ走行を開始しました [シナリオ名: Banユーザログイン]
[ADMIN] 16:19:19.812312 シナリオ走行を終了しました [シナリオ名: Banユーザログイン]
[ADMIN] 16:19:19.812325 シナリオ走行を開始しました [シナリオ名: Banユーザログイン]
[ADMIN] 16:19:19.890082 シナリオ走行を終了しました [シナリオ名: ログイン]
[ADMIN] 16:19:19.917402 シナリオ走行を終了しました [シナリオ名: ログイン]
[ADMIN] 16:19:19.933565 シナリオ走行を終了しました [シナリオ名: ログイン]
[ADMIN] 16:19:19.933580 シナリオ走行を開始しました [シナリオ名: ログイン]
[ADMIN] 16:19:19.933644 シナリオ走行を開始しました [シナリオ名: ログイン]
[ADMIN] 16:19:19.933668 シナリオ走行を開始しました [シナリオ名: ログイン]
[ADMIN] 16:19:19.933730 シナリオ走行を開始しました [シナリオ名: ログイン]
[ADMIN] 16:19:19.941178 シナリオ走行を終了しました [シナリオ名: ログイン]
[ADMIN] 16:19:19.971646 シナリオ走行を終了しました [シナリオ名: ログイン]
[ADMIN] 16:19:19.973242 シナリオ走行を終了しました [シナリオ名: ログイン]
[ADMIN] 16:19:19.973255 シナリオ走行を開始しました [シナリオ名: ログイン]
[ADMIN] 16:19:19.973257 シナリオ走行を開始しました [シナリオ名: ログイン]
[ADMIN] 16:19:19.973255 シナリオ走行を開始しました [シナリオ名: ログイン]
[ADMIN] 16:19:19.978885 シナリオ走行を終了しました [シナリオ名: 新規ユーザー登録]
[ADMIN] 16:19:20.007600 シナリオ走行を終了しました [シナリオ名: ログイン]
[ADMIN] 16:19:20.007613 シナリオ走行を開始しました [シナリオ名: ログイン]
[ADMIN] 16:19:20.040558 シナリオ走行を終了しました [シナリオ名: ログイン]
[ADMIN] 16:19:20.040571 シナリオ走行を開始しました [シナリオ名: ログイン]
[ADMIN] 16:19:20.052249 シナリオ走行を終了しました [シナリオ名: ログイン]
[ADMIN] 16:19:20.089922 シナリオ走行を終了しました [シナリオ名: 新規ユーザー登録]
[ADMIN] 16:19:20.096025 シナリオ走行を終了しました [シナリオ名: ログイン]
[ADMIN] 16:19:20.096037 シナリオ走行を開始しました [シナリオ名: ログイン]
[ADMIN] 16:19:20.096094 シナリオ走行を開始しました [シナリオ名: ログイン]
[ADMIN] 16:19:20.100948 シナリオ走行を終了しました [シナリオ名: ログイン]
[ADMIN] 16:19:20.100955 シナリオ走行を開始しました [シナリオ名: ログイン]
[ADMIN] 16:19:20.194968 シナリオ走行を終了しました [シナリオ名: 新規ユーザー登録]
[ADMIN] 16:19:20.255557 シナリオ走行を終了しました [シナリオ名: ログイン]
[ADMIN] 16:19:20.255570 シナリオ走行を開始しました [シナリオ名: ログイン]
[ADMIN] 16:19:20.269297 シナリオ走行を終了しました [シナリオ名: ログイン]
[ADMIN] 16:19:20.269310 シナリオ走行を開始しました [シナリオ名: ログイン]
[ADMIN] 16:19:20.278739 シナリオ走行を終了しました [シナリオ名: 新規ユーザー登録]
[ADMIN] 16:19:20.292503 シナリオ走行を終了しました [シナリオ名: 新規ユーザー登録]
[ADMIN] 16:19:20.314870 シナリオ走行を終了しました [シナリオ名: 新規ユーザー登録]
[ADMIN] 16:19:20.319767 シナリオ走行を終了しました [シナリオ名: Banユーザログイン]
[ADMIN] 16:19:20.319790 シナリオ走行を開始しました [シナリオ名: Banユーザログイン]
[ADMIN] 16:19:20.322291 シナリオ走行を終了しました [シナリオ名: Banユーザログイン]
[ADMIN] 16:19:20.322305 シナリオ走行を開始しました [シナリオ名: Banユーザログイン]
[ADMIN] 16:19:20.328755 シナリオ走行を終了しました [シナリオ名: Banユーザログイン]
[ADMIN] 16:19:20.328768 シナリオ走行を開始しました [シナリオ名: Banユーザログイン]
[ADMIN] 16:19:20.333163 シナリオ走行を終了しました [シナリオ名: Banユーザログイン]
[ADMIN] 16:19:20.333176 シナリオ走行を開始しました [シナリオ名: Banユーザログイン]
[ADMIN] 16:19:20.339234 シナリオ走行を終了しました [シナリオ名: Banユーザログイン]
[ADMIN] 16:19:20.339249 シナリオ走行を開始しました [シナリオ名: Banユーザログイン]
[ADMIN] 16:19:20.343159 シナリオ走行を終了しました [シナリオ名: ログイン]
[ADMIN] 16:19:20.343167 シナリオ走行を開始しました [シナリオ名: ログイン]
[ADMIN] 16:19:20.353020 シナリオ走行を終了しました [シナリオ名: ログイン]
[ADMIN] 16:19:20.353028 シナリオ走行を開始しました [シナリオ名: ログイン]
[ADMIN] 16:19:20.353753 シナリオ走行を終了しました [シナリオ名: ログイン]
[ADMIN] 16:19:20.353762 シナリオ走行を開始しました [シナリオ名: ログイン]
[ADMIN] 16:19:20.358008 シナリオ走行を終了しました [シナリオ名: Banユーザログイン]
[ADMIN] 16:19:20.358021 シナリオ走行を開始しました [シナリオ名: Banユーザログイン]
[ADMIN] 16:19:20.359206 シナリオ走行を終了しました [シナリオ名: 新規ユーザー登録]
[ADMIN] 16:19:20.359239 シナリオ走行を開始しました [シナリオ名: 新規ユーザー登録]
[ADMIN] 16:19:20.359255 シナリオ走行を開始しました [シナリオ名: 新規ユーザー登録]
[ADMIN] 16:19:20.359257 シナリオ走行を開始しました [シナリオ名: 新規ユーザー登録]
[ADMIN] 16:19:20.370679 シナリオ走行を開始しました [シナリオ名: 新規ユーザー登録]
[ADMIN] 16:19:20.370690 シナリオ走行を開始しました [シナリオ名: 新規ユーザー登録]
[ADMIN] 16:19:20.370767 シナリオ走行を開始しました [シナリオ名: 新規ユーザー登録]
[ADMIN] 16:19:20.370817 シナリオ走行を開始しました [シナリオ名: 新規ユーザー登録]
[ADMIN] 16:19:20.370682 シナリオ走行を開始しました [シナリオ名: 新規ユーザー登録]
[ADMIN] 16:19:20.370760 シナリオ走行を開始しました [シナリオ名: 新規ユーザー登録]
[ADMIN] 16:19:20.370952 シナリオ走行を開始しました [シナリオ名: 新規ユーザー登録]
[ADMIN] 16:19:20.390846 シナリオ走行を終了しました [シナリオ名: ログイン]
[ADMIN] 16:19:20.390855 シナリオ走行を開始しました [シナリオ名: ログイン]
[ADMIN] 16:19:20.401869 シナリオ走行を終了しました [シナリオ名: ログイン]
[ADMIN] 16:19:20.401880 シナリオ走行を開始しました [シナリオ名: ログイン]
[ADMIN] 16:19:20.445597 シナリオ走行を終了しました [シナリオ名: ログイン]
[ADMIN] 16:19:20.445617 シナリオ走行を開始しました [シナリオ名: ログイン]
[ADMIN] 16:19:20.490798 シナリオ走行を終了しました [シナリオ名: ログイン]
[ADMIN] 16:19:20.490813 シナリオ走行を開始しました [シナリオ名: ログイン]
[ADMIN] 16:19:20.491544 シナリオ走行を終了しました [シナリオ名: ログイン]
[ADMIN] 16:19:20.491553 シナリオ走行を開始しました [シナリオ名: ログイン]
[ADMIN] 16:19:20.505720 シナリオ走行を終了しました [シナリオ名: ログイン]
[ADMIN] 16:19:20.505731 シナリオ走行を開始しました [シナリオ名: ログイン]
[ADMIN] 16:19:20.508312 シナリオ走行を終了しました [シナリオ名: ログイン]
[ADMIN] 16:19:20.508321 シナリオ走行を開始しました [シナリオ名: ログイン]
[ADMIN] 16:19:20.535561 シナリオ走行を終了しました [シナリオ名: ログイン]
[ADMIN] 16:19:20.535570 シナリオ走行を開始しました [シナリオ名: ログイン]
[ADMIN] 16:19:20.591387 シナリオ走行を終了しました [シナリオ名: ログイン]
[ADMIN] 16:19:20.591398 シナリオ走行を開始しました [シナリオ名: ログイン]
[ADMIN] 16:19:20.595223 シナリオ走行を終了しました [シナリオ名: ログイン]
[ADMIN] 16:19:20.595233 シナリオ走行を開始しました [シナリオ名: ログイン]
[ADMIN] 16:19:20.626562 シナリオ走行を終了しました [シナリオ名: ログイン]
[ADMIN] 16:19:20.626575 シナリオ走行を開始しました [シナリオ名: ログイン]
[ADMIN] 16:19:20.746887 シナリオ走行を終了しました [シナリオ名: 新規ユーザー登録]
[ADMIN] 16:19:20.752178 シナリオ走行を終了しました [シナリオ名: ログイン]
[ADMIN] 16:19:20.752189 シナリオ走行を開始しました [シナリオ名: ログイン]
[ADMIN] 16:19:20.754233 シナリオ走行を終了しました [シナリオ名: ログイン]
[ADMIN] 16:19:20.754246 シナリオ走行を開始しました [シナリオ名: ログイン]
[ADMIN] 16:19:20.760527 シナリオ走行を終了しました [シナリオ名: ログイン]
[ADMIN] 16:19:20.760537 シナリオ走行を開始しました [シナリオ名: ログイン]
[ADMIN] 16:19:20.784310 シナリオ走行を終了しました [シナリオ名: ログイン]
[ADMIN] 16:19:20.784320 シナリオ走行を開始しました [シナリオ名: ログイン]
[ADMIN] 16:19:20.804282 シナリオ走行を終了しました [シナリオ名: ログイン]
[ADMIN] 16:19:20.804292 シナリオ走行を開始しました [シナリオ名: ログイン]
[ADMIN] 16:19:20.833949 シナリオ走行を終了しました [シナリオ名: Banユーザログイン]
[ADMIN] 16:19:20.833964 シナリオ走行を開始しました [シナリオ名: Banユーザログイン]
[ADMIN] 16:19:20.834666 シナリオ走行を終了しました [シナリオ名: Banユーザログイン]
[ADMIN] 16:19:20.834679 シナリオ走行を開始しました [シナリオ名: Banユーザログイン]
[ADMIN] 16:19:20.854218 シナリオ走行を終了しました [シナリオ名: 新規ユーザー登録]
[ADMIN] 16:19:20.854240 シナリオ走行を開始しました [シナリオ名: 新規ユーザー登録]
[ADMIN] 16:19:20.854248 シナリオ走行を開始しました [シナリオ名: 新規ユーザー登録]
[ADMIN] 16:19:20.871386 シナリオ走行を終了しました [シナリオ名: Banユーザログイン]
[ADMIN] 16:19:20.871394 シナリオ走行を終了しました [シナリオ名: Banユーザログイン]
[ADMIN] 16:19:20.871398 シナリオ走行を開始しました [シナリオ名: Banユーザログイン]
[ADMIN] 16:19:20.871403 シナリオ走行を開始しました [シナリオ名: Banユーザログイン]
[ADMIN] 16:19:20.872778 シナリオ走行を終了しました [シナリオ名: Banユーザログイン]
[ADMIN] 16:19:20.872791 シナリオ走行を開始しました [シナリオ名: Banユーザログイン]
[ADMIN] 16:19:20.885431 シナリオ走行を終了しました [シナリオ名: 新規ユーザー登録]
[ADMIN] 16:19:20.886838 シナリオ走行を終了しました [シナリオ名: ログイン]
[ADMIN] 16:19:20.886845 シナリオ走行を開始しました [シナリオ名: ログイン]
[ADMIN] 16:19:20.898718 シナリオ走行を終了しました [シナリオ名: Banユーザログイン]
[ADMIN] 16:19:20.898729 シナリオ走行を開始しました [シナリオ名: Banユーザログイン]
[ADMIN] 16:19:20.955723 シナリオ走行を終了しました [シナリオ名: 新規ユーザー登録]
[ADMIN] 16:19:20.955760 シナリオ走行を開始しました [シナリオ名: 新規ユーザー登録]
[ADMIN] 16:19:20.955782 シナリオ走行を開始しました [シナリオ名: 新規ユーザー登録]
[ADMIN] 16:19:20.958584 シナリオ走行を終了しました [シナリオ名: 新規ユーザー登録]
[ADMIN] 16:19:20.968254 シナリオ走行を終了しました [シナリオ名: ログイン]
[ADMIN] 16:19:20.968265 シナリオ走行を開始しました [シナリオ名: ログイン]
[ADMIN] 16:19:20.980296 シナリオ走行を終了しました [シナリオ名: ログイン]
[ADMIN] 16:19:20.980306 シナリオ走行を開始しました [シナリオ名: ログイン]
[ADMIN] 16:19:21.001211 シナリオ走行を終了しました [シナリオ名: 新規ユーザー登録]
[ADMIN] 16:19:21.001234 シナリオ走行を開始しました [シナリオ名: 新規ユーザー登録]
[ADMIN] 16:19:21.001295 シナリオ走行を開始しました [シナリオ名: 新規ユーザー登録]
[ADMIN] 16:19:21.040289 シナリオ走行を終了しました [シナリオ名: 新規ユーザー登録]
[ADMIN] 16:19:21.040312 シナリオ走行を開始しました [シナリオ名: 新規ユーザー登録]
[ADMIN] 16:19:21.043728 シナリオ走行を終了しました [シナリオ名: ログイン]
[ADMIN] 16:19:21.043743 シナリオ走行を開始しました [シナリオ名: ログイン]
[ADMIN] 16:19:21.045206 シナリオ走行を終了しました [シナリオ名: ログイン]
[ADMIN] 16:19:21.045215 シナリオ走行を開始しました [シナリオ名: ログイン]
[ADMIN] 16:19:21.047468 シナリオ走行を終了しました [シナリオ名: ログイン]
[ADMIN] 16:19:21.047476 シナリオ走行を開始しました [シナリオ名: ログイン]
[ADMIN] 16:19:21.053317 シナリオ走行を終了しました [シナリオ名: ログイン]
[ADMIN] 16:19:21.053328 シナリオ走行を開始しました [シナリオ名: ログイン]
[ADMIN] 16:19:21.100014 シナリオ走行を終了しました [シナリオ名: ログイン]
[ADMIN] 16:19:21.100029 シナリオ走行を開始しました [シナリオ名: ログイン]
[ADMIN] 16:19:21.117391 シナリオ走行を終了しました [シナリオ名: ログイン]
[ADMIN] 16:19:21.117402 シナリオ走行を開始しました [シナリオ名: ログイン]
[ADMIN] 16:19:21.121983 シナリオ走行を終了しました [シナリオ名: ログイン]
[ADMIN] 16:19:21.121992 シナリオ走行を開始しました [シナリオ名: ログイン]
[ADMIN] 16:19:21.127739 シナリオ走行を終了しました [シナリオ名: 新規ユーザー登録]
[ADMIN] 16:19:21.127760 シナリオ走行を開始しました [シナリオ名: 新規ユーザー登録]
[ADMIN] 16:19:21.131849 シナリオ走行を終了しました [シナリオ名: 新規ユーザー登録]
[ADMIN] 16:19:21.131865 シナリオ走行を開始しました [シナリオ名: 新規ユーザー登録]
[ADMIN] 16:19:21.136781 シナリオ走行を終了しました [シナリオ名: ログイン]
[ADMIN] 16:19:21.136789 シナリオ走行を開始しました [シナリオ名: ログイン]
[ADMIN] 16:19:21.140632 シナリオ走行を終了しました [シナリオ名: ログイン]
[ADMIN] 16:19:21.140642 シナリオ走行を開始しました [シナリオ名: ログイン]
[ADMIN] 16:19:21.141792 シナリオ走行を終了しました [シナリオ名: ログイン]
[ADMIN] 16:19:21.141800 シナリオ走行を開始しました [シナリオ名: ログイン]
[ADMIN] 16:19:21.201533 シナリオ走行を終了しました [シナリオ名: ログイン]
[ADMIN] 16:19:21.201546 シナリオ走行を開始しました [シナリオ名: ログイン]
[ADMIN] 16:19:21.208034 シナリオ走行を終了しました [シナリオ名: 新規ユーザー登録]
[ADMIN] 16:19:21.208058 シナリオ走行を開始しました [シナリオ名: 新規ユーザー登録]
[ADMIN] 16:19:21.234891 シナリオ走行を終了しました [シナリオ名: ログイン]
[ADMIN] 16:19:21.234905 シナリオ走行を開始しました [シナリオ名: ログイン]
[ADMIN] 16:19:21.260001 シナリオ走行を終了しました [シナリオ名: ログイン]
[ADMIN] 16:19:21.260013 シナリオ走行を開始しました [シナリオ名: ログイン]
[ADMIN] 16:19:21.310038 シナリオ走行を終了しました [シナリオ名: ログイン]
[ADMIN] 16:19:21.310050 シナリオ走行を開始しました [シナリオ名: ログイン]
[ADMIN] 16:19:21.320339 シナリオ走行を終了しました [シナリオ名: 新規ユーザー登録]
[ADMIN] 16:19:21.320362 シナリオ走行を開始しました [シナリオ名: 新規ユーザー登録]
[ADMIN] 16:19:21.321255 シナリオ走行を終了しました [シナリオ名: ログイン]
[ADMIN] 16:19:21.321264 シナリオ走行を開始しました [シナリオ名: ログイン]
[ADMIN] 16:19:21.329177 シナリオ走行を終了しました [シナリオ名: ログイン]
[ADMIN] 16:19:21.329185 シナリオ走行を開始しました [シナリオ名: ログイン]
[ADMIN] 16:19:21.329859 シナリオ走行を終了しました [シナリオ名: ログイン]
[ADMIN] 16:19:21.329866 シナリオ走行を開始しました [シナリオ名: ログイン]
[ADMIN] 16:19:21.330091 シナリオ走行を終了しました [シナリオ名: ログイン]
[ADMIN] 16:19:21.330100 シナリオ走行を開始しました [シナリオ名: ログイン]
[ADMIN] 16:19:21.351807 シナリオ走行を終了しました [シナリオ名: Banユーザログイン]
[ADMIN] 16:19:21.351823 シナリオ走行を開始しました [シナリオ名: Banユーザログイン]
[ADMIN] 16:19:21.354218 シナリオ走行を終了しました [シナリオ名: ログイン]
[ADMIN] 16:19:21.354229 シナリオ走行を開始しました [シナリオ名: ログイン]
[ADMIN] 16:19:21.362966 シナリオ走行を終了しました [シナリオ名: ログイン]
[ADMIN] 16:19:21.362979 シナリオ走行を開始しました [シナリオ名: ログイン]
[ADMIN] 16:19:21.369228 シナリオ走行を終了しました [シナリオ名: Banユーザログイン]
[ADMIN] 16:19:21.369244 シナリオ走行を開始しました [シナリオ名: Banユーザログイン]
[ADMIN] 16:19:21.376419 シナリオ走行を終了しました [シナリオ名: ログイン]
[ADMIN] 16:19:21.376430 シナリオ走行を開始しました [シナリオ名: ログイン]
[ADMIN] 16:19:21.404142 シナリオ走行を終了しました [シナリオ名: Banユーザログイン]
[ADMIN] 16:19:21.404161 シナリオ走行を開始しました [シナリオ名: Banユーザログイン]
[ADMIN] 16:19:21.420815 シナリオ走行を終了しました [シナリオ名: Banユーザログイン]
[ADMIN] 16:19:21.420830 シナリオ走行を開始しました [シナリオ名: Banユーザログイン]
[ADMIN] 16:19:21.423276 シナリオ走行を終了しました [シナリオ名: Banユーザログイン]
[ADMIN] 16:19:21.423291 シナリオ走行を開始しました [シナリオ名: Banユーザログイン]
[ADMIN] 16:19:21.425353 シナリオ走行を終了しました [シナリオ名: ログイン]
[ADMIN] 16:19:21.425362 シナリオ走行を開始しました [シナリオ名: ログイン]
[ADMIN] 16:19:21.431220 シナリオ走行を終了しました [シナリオ名: ログイン]
[ADMIN] 16:19:21.431230 シナリオ走行を開始しました [シナリオ名: ログイン]
[ADMIN] 16:19:21.449687 シナリオ走行を終了しました [シナリオ名: ログイン]
[ADMIN] 16:19:21.449702 シナリオ走行を開始しました [シナリオ名: ログイン]
[ADMIN] 16:19:21.483979 シナリオ走行を終了しました [シナリオ名: Banユーザログイン]
[ADMIN] 16:19:21.484005 シナリオ走行を開始しました [シナリオ名: Banユーザログイン]
[ADMIN] 16:19:21.487822 シナリオ走行を終了しました [シナリオ名: ログイン]
[ADMIN] 16:19:21.487840 シナリオ走行を開始しました [シナリオ名: ログイン]
[ADMIN] 16:19:21.490535 シナリオ走行を終了しました [シナリオ名: ログイン]
[ADMIN] 16:19:21.490545 シナリオ走行を開始しました [シナリオ名: ログイン]
[ADMIN] 16:19:21.624597 シナリオ走行を終了しました [シナリオ名: ログイン]
[ADMIN] 16:19:21.624610 シナリオ走行を開始しました [シナリオ名: ログイン]
[ADMIN] 16:19:21.713055 シナリオ走行を終了しました [シナリオ名: ログイン]
[ADMIN] 16:19:21.713068 シナリオ走行を開始しました [シナリオ名: ログイン]
[ADMIN] 16:19:21.717697 シナリオ走行を終了しました [シナリオ名: ログイン]
[ADMIN] 16:19:21.717709 シナリオ走行を開始しました [シナリオ名: ログイン]
[ADMIN] 16:19:21.725984 シナリオ走行を終了しました [シナリオ名: ログイン]
[ADMIN] 16:19:21.725996 シナリオ走行を開始しました [シナリオ名: ログイン]
[ADMIN] 16:19:21.748787 シナリオ走行を終了しました [シナリオ名: ログイン]
[ADMIN] 16:19:21.748799 シナリオ走行を開始しました [シナリオ名: ログイン]
[ADMIN] 16:19:21.756382 シナリオ走行を終了しました [シナリオ名: ログイン]
[ADMIN] 16:19:21.756390 シナリオ走行を開始しました [シナリオ名: ログイン]
[ADMIN] 16:19:21.871419 シナリオ走行を終了しました [シナリオ名: Banユーザログイン]
[ADMIN] 16:19:21.871439 シナリオ走行を開始しました [シナリオ名: Banユーザログイン]
[ADMIN] 16:19:21.884484 シナリオ走行を終了しました [シナリオ名: ログイン]
[ADMIN] 16:19:21.884497 シナリオ走行を開始しました [シナリオ名: ログイン]
[ADMIN] 16:19:21.928041 シナリオ走行を終了しました [シナリオ名: ログイン]
[ADMIN] 16:19:21.928057 シナリオ走行を開始しました [シナリオ名: ログイン]
[ADMIN] 16:19:21.930317 シナリオ走行を終了しました [シナリオ名: ログイン]
[ADMIN] 16:19:21.930327 シナリオ走行を開始しました [シナリオ名: ログイン]
[ADMIN] 16:19:21.930541 シナリオ走行を終了しました [シナリオ名: 新規ユーザー登録]
[ADMIN] 16:19:21.930560 シナリオ走行を開始しました [シナリオ名: 新規ユーザー登録]
[ADMIN] 16:19:21.933132 シナリオ走行を終了しました [シナリオ名: Banユーザログイン]
[ADMIN] 16:19:21.933146 シナリオ走行を開始しました [シナリオ名: Banユーザログイン]
[ADMIN] 16:19:21.940589 シナリオ走行を終了しました [シナリオ名: ログイン]
[ADMIN] 16:19:21.940598 シナリオ走行を開始しました [シナリオ名: ログイン]
[ADMIN] 16:19:21.945044 シナリオ走行を終了しました [シナリオ名: ログイン]
[ADMIN] 16:19:21.945057 シナリオ走行を開始しました [シナリオ名: ログイン]
[ADMIN] 16:19:21.951984 シナリオ走行を終了しました [シナリオ名: Banユーザログイン]
[ADMIN] 16:19:21.951996 シナリオ走行を開始しました [シナリオ名: Banユーザログイン]
[ADMIN] 16:19:21.954418 シナリオ走行を終了しました [シナリオ名: Banユーザログイン]
[ADMIN] 16:19:21.954427 シナリオ走行を開始しました [シナリオ名: Banユーザログイン]
[ADMIN] 16:19:21.954428 シナリオ走行を終了しました [シナリオ名: Banユーザログイン]
[ADMIN] 16:19:21.954435 シナリオ走行を開始しました [シナリオ名: Banユーザログイン]
[ADMIN] 16:19:22.015892 シナリオ走行を終了しました [シナリオ名: Banユーザログイン]
[ADMIN] 16:19:22.015914 シナリオ走行を開始しました [シナリオ名: Banユーザログイン]
[ADMIN] 16:19:22.018892 シナリオ走行を終了しました [シナリオ名: ログイン]
[ADMIN] 16:19:22.018903 シナリオ走行を開始しました [シナリオ名: ログイン]
[ADMIN] 16:19:22.038427 シナリオ走行を終了しました [シナリオ名: ログイン]
[ADMIN] 16:19:22.038438 シナリオ走行を開始しました [シナリオ名: ログイン]
[ADMIN] 16:19:22.046073 シナリオ走行を終了しました [シナリオ名: ログイン]
[ADMIN] 16:19:22.046081 シナリオ走行を開始しました [シナリオ名: ログイン]
[ADMIN] 16:19:22.104468 シナリオ走行を終了しました [シナリオ名: ログイン]
[ADMIN] 16:19:22.104482 シナリオ走行を開始しました [シナリオ名: ログイン]
[ADMIN] 16:19:22.105180 シナリオ走行を終了しました [シナリオ名: ログイン]
[ADMIN] 16:19:22.105189 シナリオ走行を開始しました [シナリオ名: ログイン]
[ADMIN] 16:19:22.108437 シナリオ走行を終了しました [シナリオ名: ログイン]
[ADMIN] 16:19:22.108447 シナリオ走行を開始しました [シナリオ名: ログイン]
[ADMIN] 16:19:22.149711 シナリオ走行を終了しました [シナリオ名: ログイン]
[ADMIN] 16:19:22.149725 シナリオ走行を開始しました [シナリオ名: ログイン]
[ADMIN] 16:19:22.156995 シナリオ走行を終了しました [シナリオ名: ログイン]
[ADMIN] 16:19:22.157005 シナリオ走行を開始しました [シナリオ名: ログイン]
[ADMIN] 16:19:22.163209 シナリオ走行を終了しました [シナリオ名: ログイン]
[ADMIN] 16:19:22.163220 シナリオ走行を開始しました [シナリオ名: ログイン]
[ADMIN] 16:19:22.163899 シナリオ走行を終了しました [シナリオ名: ログイン]
[ADMIN] 16:19:22.163909 シナリオ走行を開始しました [シナリオ名: ログイン]
[ADMIN] 16:19:22.192365 シナリオ走行を終了しました [シナリオ名: ログイン]
[ADMIN] 16:19:22.192377 シナリオ走行を開始しました [シナリオ名: ログイン]
[ADMIN] 16:19:22.194133 シナリオ走行を終了しました [シナリオ名: 新規ユーザー登録]
[ADMIN] 16:19:22.194150 シナリオ走行を開始しました [シナリオ名: 新規ユーザー登録]
[ADMIN] 16:19:22.267959 シナリオ走行を終了しました [シナリオ名: 新規ユーザー登録]
[ADMIN] 16:19:22.267983 シナリオ走行を開始しました [シナリオ名: 新規ユーザー登録]
[ADMIN] 16:19:22.275140 シナリオ走行を終了しました [シナリオ名: 新規ユーザー登録]
[ADMIN] 16:19:22.275167 シナリオ走行を開始しました [シナリオ名: 新規ユーザー登録]
[ADMIN] 16:19:22.288892 シナリオ走行を終了しました [シナリオ名: 新規ユーザー登録]
[ADMIN] 16:19:22.288907 シナリオ走行を開始しました [シナリオ名: 新規ユーザー登録]
[ADMIN] 16:19:22.289579 シナリオ走行を終了しました [シナリオ名: ログイン]
[ADMIN] 16:19:22.289589 シナリオ走行を開始しました [シナリオ名: ログイン]
[ADMIN] 16:19:22.313060 シナリオ走行を終了しました [シナリオ名: ログイン]
[ADMIN] 16:19:22.313069 シナリオ走行を開始しました [シナリオ名: ログイン]
[ADMIN] 16:19:22.324425 シナリオ走行を終了しました [シナリオ名: ログイン]
[ADMIN] 16:19:22.324434 シナリオ走行を開始しました [シナリオ名: ログイン]
[ADMIN] 16:19:22.332063 シナリオ走行を終了しました [シナリオ名: ログイン]
[ADMIN] 16:19:22.332074 シナリオ走行を開始しました [シナリオ名: ログイン]
[ADMIN] 16:19:22.360566 シナリオ走行を終了しました [シナリオ名: ログイン]
[ADMIN] 16:19:22.360578 シナリオ走行を開始しました [シナリオ名: ログイン]
[ADMIN] 16:19:22.368953 シナリオ走行を終了しました [シナリオ名: 新規ユーザー登録]
[ADMIN] 16:19:22.368972 シナリオ走行を開始しました [シナリオ名: 新規ユーザー登録]
[ADMIN] 16:19:22.371715 シナリオ走行を終了しました [シナリオ名: ログイン]
[ADMIN] 16:19:22.371723 シナリオ走行を開始しました [シナリオ名: ログイン]
[ADMIN] 16:19:22.397846 シナリオ走行を終了しました [シナリオ名: Banユーザログイン]
[ADMIN] 16:19:22.397862 シナリオ走行を開始しました [シナリオ名: Banユーザログイン]
[ADMIN] 16:19:22.403650 シナリオ走行を終了しました [シナリオ名: 新規ユーザー登録]
[ADMIN] 16:19:22.403681 シナリオ走行を開始しました [シナリオ名: 新規ユーザー登録]
[ADMIN] 16:19:22.410247 シナリオ走行を終了しました [シナリオ名: 新規ユーザー登録]
[ADMIN] 16:19:22.410262 シナリオ走行を開始しました [シナリオ名: 新規ユーザー登録]
[ADMIN] 16:19:22.465371 シナリオ走行を終了しました [シナリオ名: 新規ユーザー登録]
[ADMIN] 16:19:22.465390 シナリオ走行を開始しました [シナリオ名: 新規ユーザー登録]
[ADMIN] 16:19:22.469633 シナリオ走行を終了しました [シナリオ名: ログイン]
[ADMIN] 16:19:22.469644 シナリオ走行を開始しました [シナリオ名: ログイン]
[ADMIN] 16:19:22.469762 シナリオ走行を終了しました [シナリオ名: 新規ユーザー登録]
[ADMIN] 16:19:22.469780 シナリオ走行を開始しました [シナリオ名: 新規ユーザー登録]
[ADMIN] 16:19:22.469979 シナリオ走行を終了しました [シナリオ名: Banユーザログイン]
[ADMIN] 16:19:22.469988 シナリオ走行を開始しました [シナリオ名: Banユーザログイン]
[ADMIN] 16:19:22.473099 シナリオ走行を終了しました [シナリオ名: Banユーザログイン]
[ADMIN] 16:19:22.473117 シナリオ走行を開始しました [シナリオ名: Banユーザログイン]
[ADMIN] 16:19:22.495884 シナリオ走行を終了しました [シナリオ名: Banユーザログイン]
[ADMIN] 16:19:22.495896 シナリオ走行を開始しました [シナリオ名: Banユーザログイン]
[ADMIN] 16:19:22.496350 シナリオ走行を終了しました [シナリオ名: Banユーザログイン]
[ADMIN] 16:19:22.496363 シナリオ走行を開始しました [シナリオ名: Banユーザログイン]
[ADMIN] 16:19:22.496411 シナリオ走行を終了しました [シナリオ名: ログイン]
[ADMIN] 16:19:22.496421 シナリオ走行を開始しました [シナリオ名: ログイン]
[ADMIN] 16:19:22.497584 シナリオ走行を終了しました [シナリオ名: ログイン]
[ADMIN] 16:19:22.497593 シナリオ走行を開始しました [シナリオ名: ログイン]
[ADMIN] 16:19:22.505807 シナリオ走行を終了しました [シナリオ名: ログイン]
[ADMIN] 16:19:22.505821 シナリオ走行を開始しました [シナリオ名: ログイン]
[ADMIN] 16:19:22.510865 シナリオ走行を終了しました [シナリオ名: ログイン]
[ADMIN] 16:19:22.510874 シナリオ走行を開始しました [シナリオ名: ログイン]
[ADMIN] 16:19:22.535234 シナリオ走行を終了しました [シナリオ名: ログイン]
[ADMIN] 16:19:22.535243 シナリオ走行を開始しました [シナリオ名: ログイン]
[ADMIN] 16:19:22.537463 シナリオ走行を終了しました [シナリオ名: Banユーザログイン]
[ADMIN] 16:19:22.537478 シナリオ走行を開始しました [シナリオ名: Banユーザログイン]
[ADMIN] 16:19:22.573502 シナリオ走行を終了しました [シナリオ名: ログイン]
[ADMIN] 16:19:22.573516 シナリオ走行を開始しました [シナリオ名: ログイン]
[ADMIN] 16:19:22.602235 シナリオ走行を終了しました [シナリオ名: ログイン]
[ADMIN] 16:19:22.602247 シナリオ走行を開始しました [シナリオ名: ログイン]
[ADMIN] 16:19:22.614050 シナリオ走行を終了しました [シナリオ名: ログイン]
[ADMIN] 16:19:22.614059 シナリオ走行を開始しました [シナリオ名: ログイン]
[ADMIN] 16:19:22.718020 シナリオ走行を終了しました [シナリオ名: ログイン]
[ADMIN] 16:19:22.718032 シナリオ走行を開始しました [シナリオ名: ログイン]
[ADMIN] 16:19:22.719955 シナリオ走行を終了しました [シナリオ名: 新規ユーザー登録]
[ADMIN] 16:19:22.719971 シナリオ走行を開始しました [シナリオ名: 新規ユーザー登録]
[ADMIN] 16:19:22.721201 シナリオ走行を終了しました [シナリオ名: ログイン]
[ADMIN] 16:19:22.721212 シナリオ走行を開始しました [シナリオ名: ログイン]
[ADMIN] 16:19:22.724906 シナリオ走行を終了しました [シナリオ名: ログイン]
[ADMIN] 16:19:22.724916 シナリオ走行を開始しました [シナリオ名: ログイン]
[ADMIN] 16:19:22.734206 シナリオ走行を終了しました [シナリオ名: 新規ユーザー登録]
[ADMIN] 16:19:22.734222 シナリオ走行を開始しました [シナリオ名: 新規ユーザー登録]
[ADMIN] 16:19:22.734601 シナリオ走行を終了しました [シナリオ名: ログイン]
[ADMIN] 16:19:22.734611 シナリオ走行を開始しました [シナリオ名: ログイン]
[ADMIN] 16:19:22.754050 シナリオ走行を終了しました [シナリオ名: ログイン]
[ADMIN] 16:19:22.754061 シナリオ走行を開始しました [シナリオ名: ログイン]
[ADMIN] 16:19:22.773768 シナリオ走行を終了しました [シナリオ名: 新規ユーザー登録]
[ADMIN] 16:19:22.773790 シナリオ走行を開始しました [シナリオ名: 新規ユーザー登録]
[ADMIN] 16:19:22.828419 シナリオ走行を終了しました [シナリオ名: ログイン]
[ADMIN] 16:19:22.828432 シナリオ走行を開始しました [シナリオ名: ログイン]
[ADMIN] 16:19:22.830793 シナリオ走行を終了しました [シナリオ名: ログイン]
[ADMIN] 16:19:22.830803 シナリオ走行を開始しました [シナリオ名: ログイン]
[ADMIN] 16:19:22.830998 シナリオ走行を終了しました [シナリオ名: 新規ユーザー登録]
[ADMIN] 16:19:22.831017 シナリオ走行を開始しました [シナリオ名: 新規ユーザー登録]
[ADMIN] 16:19:22.865899 シナリオ走行を終了しました [シナリオ名: ログイン]
[ADMIN] 16:19:22.865912 シナリオ走行を開始しました [シナリオ名: ログイン]
[ADMIN] 16:19:22.888251 シナリオ走行を終了しました [シナリオ名: ログイン]
[ADMIN] 16:19:22.888263 シナリオ走行を開始しました [シナリオ名: ログイン]
[ADMIN] 16:19:22.889395 シナリオ走行を終了しました [シナリオ名: 新規ユーザー登録]
[ADMIN] 16:19:22.889421 シナリオ走行を開始しました [シナリオ名: 新規ユーザー登録]
[ADMIN] 16:19:22.912863 シナリオ走行を終了しました [シナリオ名: 新規ユーザー登録]
[ADMIN] 16:19:22.912882 シナリオ走行を開始しました [シナリオ名: 新規ユーザー登録]
[ADMIN] 16:19:22.921799 シナリオ走行を終了しました [シナリオ名: Banユーザログイン]
[ADMIN] 16:19:22.921812 シナリオ走行を開始しました [シナリオ名: Banユーザログイン]
[ADMIN] 16:19:22.923903 シナリオ走行を終了しました [シナリオ名: ログイン]
[ADMIN] 16:19:22.923911 シナリオ走行を開始しました [シナリオ名: ログイン]
[ADMIN] 16:19:22.926448 シナリオ走行を終了しました [シナリオ名: ログイン]
[ADMIN] 16:19:22.926460 シナリオ走行を開始しました [シナリオ名: ログイン]
[ADMIN] 16:19:22.960199 シナリオ走行を終了しました [シナリオ名: ログイン]
[ADMIN] 16:19:22.960213 シナリオ走行を開始しました [シナリオ名: ログイン]
[ADMIN] 16:19:22.985493 シナリオ走行を終了しました [シナリオ名: Banユーザログイン]
[ADMIN] 16:19:22.985516 シナリオ走行を開始しました [シナリオ名: Banユーザログイン]
[ADMIN] 16:19:22.988532 シナリオ走行を終了しました [シナリオ名: 新規ユーザー登録]
[ADMIN] 16:19:22.988553 シナリオ走行を開始しました [シナリオ名: 新規ユーザー登録]
[ADMIN] 16:19:22.993608 シナリオ走行を終了しました [シナリオ名: 新規ユーザー登録]
[ADMIN] 16:19:22.993630 シナリオ走行を開始しました [シナリオ名: 新規ユーザー登録]
[ADMIN] 16:19:23.002449 シナリオ走行を終了しました [シナリオ名: ログイン]
[ADMIN] 16:19:23.002459 シナリオ走行を開始しました [シナリオ名: ログイン]
[ADMIN] 16:19:23.013335 シナリオ走行を終了しました [シナリオ名: Banユーザログイン]
[ADMIN] 16:19:23.013350 シナリオ走行を開始しました [シナリオ名: Banユーザログイン]
[ADMIN] 16:19:23.018531 シナリオ走行を終了しました [シナリオ名: Banユーザログイン]
[ADMIN] 16:19:23.018546 シナリオ走行を開始しました [シナリオ名: Banユーザログイン]
[ADMIN] 16:19:23.022581 シナリオ走行を終了しました [シナリオ名: ログイン]
[ADMIN] 16:19:23.022591 シナリオ走行を開始しました [シナリオ名: ログイン]
[ADMIN] 16:19:23.022806 シナリオ走行を終了しました [シナリオ名: 新規ユーザー登録]
[ADMIN] 16:19:23.022826 シナリオ走行を開始しました [シナリオ名: 新規ユーザー登録]
[ADMIN] 16:19:23.026947 シナリオ走行を終了しました [シナリオ名: Banユーザログイン]
[ADMIN] 16:19:23.026962 シナリオ走行を開始しました [シナリオ名: Banユーザログイン]
[ADMIN] 16:19:23.030651 シナリオ走行を終了しました [シナリオ名: ログイン]
[ADMIN] 16:19:23.030660 シナリオ走行を開始しました [シナリオ名: ログイン]
[ADMIN] 16:19:23.048156 シナリオ走行を終了しました [シナリオ名: ログイン]
[ADMIN] 16:19:23.048165 シナリオ走行を開始しました [シナリオ名: ログイン]
[ADMIN] 16:19:23.067076 シナリオ走行を終了しました [シナリオ名: Banユーザログイン]
[ADMIN] 16:19:23.067094 シナリオ走行を開始しました [シナリオ名: Banユーザログイン]
[ADMIN] 16:19:23.178003 シナリオ走行を終了しました [シナリオ名: ログイン]
[ADMIN] 16:19:23.178017 シナリオ走行を開始しました [シナリオ名: ログイン]
[ADMIN] 16:19:23.197361 シナリオ走行を終了しました [シナリオ名: ログイン]
[ADMIN] 16:19:23.197376 シナリオ走行を開始しました [シナリオ名: ログイン]
[ADMIN] 16:19:23.202509 シナリオ走行を終了しました [シナリオ名: ログイン]
[ADMIN] 16:19:23.202521 シナリオ走行を開始しました [シナリオ名: ログイン]
[ADMIN] 16:19:23.203526 シナリオ走行を終了しました [シナリオ名: ログイン]
[ADMIN] 16:19:23.203537 シナリオ走行を開始しました [シナリオ名: ログイン]
[ADMIN] 16:19:23.217291 シナリオ走行を終了しました [シナリオ名: ログイン]
[ADMIN] 16:19:23.217302 シナリオ走行を開始しました [シナリオ名: ログイン]
[ADMIN] 16:19:23.238903 シナリオ走行を終了しました [シナリオ名: 新規ユーザー登録]
[ADMIN] 16:19:23.238928 シナリオ走行を開始しました [シナリオ名: 新規ユーザー登録]
[ADMIN] 16:19:23.240726 シナリオ走行を終了しました [シナリオ名: ログイン]
[ADMIN] 16:19:23.240737 シナリオ走行を開始しました [シナリオ名: ログイン]
[ADMIN] 16:19:23.269158 シナリオ走行を終了しました [シナリオ名: ログイン]
[ADMIN] 16:19:23.269172 シナリオ走行を開始しました [シナリオ名: ログイン]
[ADMIN] 16:19:23.280293 シナリオ走行を終了しました [シナリオ名: ログイン]
[ADMIN] 16:19:23.280310 シナリオ走行を開始しました [シナリオ名: ログイン]
[ADMIN] 16:19:23.306135 シナリオ走行を終了しました [シナリオ名: ログイン]
[ADMIN] 16:19:23.306148 シナリオ走行を開始しました [シナリオ名: ログイン]
[ADMIN] 16:19:23.308827 シナリオ走行を終了しました [シナリオ名: ログイン]
[ADMIN] 16:19:23.308836 シナリオ走行を開始しました [シナリオ名: ログイン]
[ADMIN] 16:19:23.314993 シナリオ走行を終了しました [シナリオ名: ログイン]
[ADMIN] 16:19:23.315003 シナリオ走行を開始しました [シナリオ名: ログイン]
[ADMIN] 16:19:23.332713 シナリオ走行を終了しました [シナリオ名: ログイン]
[ADMIN] 16:19:23.332727 シナリオ走行を開始しました [シナリオ名: ログイン]
[ADMIN] 16:19:23.335105 シナリオ走行を終了しました [シナリオ名: ログイン]
[ADMIN] 16:19:23.335115 シナリオ走行を開始しました [シナリオ名: ログイン]
[ADMIN] 16:19:23.381715 シナリオ走行を終了しました [シナリオ名: 新規ユーザー登録]
[ADMIN] 16:19:23.381740 シナリオ走行を開始しました [シナリオ名: 新規ユーザー登録]
[ADMIN] 16:19:23.406748 シナリオ走行を終了しました [シナリオ名: ログイン]
[ADMIN] 16:19:23.406762 シナリオ走行を開始しました [シナリオ名: ログイン]
[ADMIN] 16:19:23.414858 シナリオ走行を終了しました [シナリオ名: ログイン]
[ADMIN] 16:19:23.414871 シナリオ走行を開始しました [シナリオ名: ログイン]
[ADMIN] 16:19:23.463852 シナリオ走行を終了しました [シナリオ名: ログイン]
[ADMIN] 16:19:23.463866 シナリオ走行を開始しました [シナリオ名: ログイン]
[ADMIN] 16:19:23.465247 シナリオ走行を終了しました [シナリオ名: Banユーザログイン]
[ADMIN] 16:19:23.465260 シナリオ走行を開始しました [シナリオ名: Banユーザログイン]
[ADMIN] 16:19:23.477002 シナリオ走行を終了しました [シナリオ名: ログイン]
[ADMIN] 16:19:23.477014 シナリオ走行を開始しました [シナリオ名: ログイン]
[ADMIN] 16:19:23.534756 シナリオ走行を終了しました [シナリオ名: Banユーザログイン]
[ADMIN] 16:19:23.534772 シナリオ走行を開始しました [シナリオ名: Banユーザログイン]
[ADMIN] 16:19:23.536185 シナリオ走行を終了しました [シナリオ名: Banユーザログイン]
[ADMIN] 16:19:23.536199 シナリオ走行を開始しました [シナリオ名: Banユーザログイン]
[ADMIN] 16:19:23.537338 シナリオ走行を終了しました [シナリオ名: ログイン]
[ADMIN] 16:19:23.537349 シナリオ走行を開始しました [シナリオ名: ログイン]
[ADMIN] 16:19:23.567941 シナリオ走行を終了しました [シナリオ名: Banユーザログイン]
[ADMIN] 16:19:23.567959 シナリオ走行を開始しました [シナリオ名: Banユーザログイン]
[ADMIN] 16:19:23.574843 シナリオ走行を終了しました [シナリオ名: Banユーザログイン]
[ADMIN] 16:19:23.574861 シナリオ走行を開始しました [シナリオ名: Banユーザログイン]
[ADMIN] 16:19:23.612358 シナリオ走行を終了しました [シナリオ名: Banユーザログイン]
[ADMIN] 16:19:23.612379 シナリオ走行を開始しました [シナリオ名: Banユーザログイン]
[ADMIN] 16:19:23.726723 シナリオ走行を終了しました [シナリオ名: ログイン]
[ADMIN] 16:19:23.726738 シナリオ走行を開始しました [シナリオ名: ログイン]
[ADMIN] 16:19:23.775976 シナリオ走行を終了しました [シナリオ名: 新規ユーザー登録]
[ADMIN] 16:19:23.776002 シナリオ走行を開始しました [シナリオ名: 新規ユーザー登録]
[ADMIN] 16:19:23.780861 シナリオ走行を終了しました [シナリオ名: 新規ユーザー登録]
[ADMIN] 16:19:23.780880 シナリオ走行を開始しました [シナリオ名: 新規ユーザー登録]
[ADMIN] 16:19:23.782993 シナリオ走行を終了しました [シナリオ名: ログイン]
[ADMIN] 16:19:23.783008 シナリオ走行を開始しました [シナリオ名: ログイン]
[ADMIN] 16:19:23.814037 シナリオ走行を終了しました [シナリオ名: ログイン]
[ADMIN] 16:19:23.814048 シナリオ走行を開始しました [シナリオ名: ログイン]
[ADMIN] 16:19:23.821353 シナリオ走行を終了しました [シナリオ名: ログイン]
[ADMIN] 16:19:23.821364 シナリオ走行を開始しました [シナリオ名: ログイン]
[ADMIN] 16:19:23.844956 シナリオ走行を終了しました [シナリオ名: ログイン]
[ADMIN] 16:19:23.844966 シナリオ走行を開始しました [シナリオ名: ログイン]
[ADMIN] 16:19:23.878608 シナリオ走行を終了しました [シナリオ名: ログイン]
[ADMIN] 16:19:23.878633 シナリオ走行を開始しました [シナリオ名: ログイン]
[ADMIN] 16:19:23.904172 シナリオ走行を終了しました [シナリオ名: ログイン]
[ADMIN] 16:19:23.904190 シナリオ走行を開始しました [シナリオ名: ログイン]
[ADMIN] 16:19:23.927401 シナリオ走行を終了しました [シナリオ名: ログイン]
[ADMIN] 16:19:23.927413 シナリオ走行を開始しました [シナリオ名: ログイン]
[ADMIN] 16:19:23.962902 シナリオ走行を終了しました [シナリオ名: ログイン]
[ADMIN] 16:19:23.962923 シナリオ走行を開始しました [シナリオ名: ログイン]
[ADMIN] 16:19:24.005567 シナリオ走行を終了しました [シナリオ名: Banユーザログイン]
[ADMIN] 16:19:24.005583 シナリオ走行を開始しました [シナリオ名: Banユーザログイン]
[ADMIN] 16:19:24.016812 シナリオ走行を終了しました [シナリオ名: 新規ユーザー登録]
[ADMIN] 16:19:24.016856 シナリオ走行を開始しました [シナリオ名: 新規ユーザー登録]
[ADMIN] 16:19:24.018673 シナリオ走行を終了しました [シナリオ名: ログイン]
[ADMIN] 16:19:24.018682 シナリオ走行を開始しました [シナリオ名: ログイン]
[ADMIN] 16:19:24.071517 シナリオ走行を終了しました [シナリオ名: Banユーザログイン]
[ADMIN] 16:19:24.071539 シナリオ走行を開始しました [シナリオ名: Banユーザログイン]
[ADMIN] 16:19:24.078416 シナリオ走行を終了しました [シナリオ名: Banユーザログイン]
[ADMIN] 16:19:24.078432 シナリオ走行を開始しました [シナリオ名: Banユーザログイン]
[ADMIN] 16:19:24.106737 シナリオ走行を終了しました [シナリオ名: 新規ユーザー登録]
[ADMIN] 16:19:24.106757 シナリオ走行を開始しました [シナリオ名: 新規ユーザー登録]
[ADMIN] 16:19:24.117029 シナリオ走行を終了しました [シナリオ名: Banユーザログイン]
[ADMIN] 16:19:24.117052 シナリオ走行を開始しました [シナリオ名: Banユーザログイン]
[ADMIN] 16:19:24.119347 シナリオ走行を終了しました [シナリオ名: Banユーザログイン]
[ADMIN] 16:19:24.119361 シナリオ走行を開始しました [シナリオ名: Banユーザログイン]
[ADMIN] 16:19:24.142106 シナリオ走行を終了しました [シナリオ名: ログイン]
[ADMIN] 16:19:24.142116 シナリオ走行を開始しました [シナリオ名: ログイン]
[ADMIN] 16:19:24.146611 シナリオ走行を終了しました [シナリオ名: Banユーザログイン]
[ADMIN] 16:19:24.146643 シナリオ走行を開始しました [シナリオ名: Banユーザログイン]
[ADMIN] 16:19:24.146738 シナリオ走行を終了しました [シナリオ名: ログイン]
[ADMIN] 16:19:24.146751 シナリオ走行を開始しました [シナリオ名: ログイン]
[ADMIN] 16:19:24.213136 シナリオ走行を終了しました [シナリオ名: ログイン]
[ADMIN] 16:19:24.213148 シナリオ走行を開始しました [シナリオ名: ログイン]
[ADMIN] 16:19:24.236758 シナリオ走行を終了しました [シナリオ名: 新規ユーザー登録]
[ADMIN] 16:19:24.236783 シナリオ走行を開始しました [シナリオ名: 新規ユーザー登録]
[ADMIN] 16:19:24.248503 シナリオ走行を終了しました [シナリオ名: ログイン]
[ADMIN] 16:19:24.248515 シナリオ走行を開始しました [シナリオ名: ログイン]
[ADMIN] 16:19:24.251240 シナリオ走行を終了しました [シナリオ名: ログイン]
[ADMIN] 16:19:24.251248 シナリオ走行を開始しました [シナリオ名: ログイン]
[ADMIN] 16:19:24.268115 シナリオ走行を終了しました [シナリオ名: ログイン]
[ADMIN] 16:19:24.268128 シナリオ走行を開始しました [シナリオ名: ログイン]
[ADMIN] 16:19:24.288115 シナリオ走行を終了しました [シナリオ名: ログイン]
[ADMIN] 16:19:24.288130 シナリオ走行を開始しました [シナリオ名: ログイン]
[ADMIN] 16:19:24.294025 シナリオ走行を終了しました [シナリオ名: ログイン]
[ADMIN] 16:19:24.294037 シナリオ走行を開始しました [シナリオ名: ログイン]
[ADMIN] 16:19:24.310773 シナリオ走行を終了しました [シナリオ名: 新規ユーザー登録]
[ADMIN] 16:19:24.310798 シナリオ走行を開始しました [シナリオ名: 新規ユーザー登録]
[ADMIN] 16:19:24.312766 シナリオ走行を終了しました [シナリオ名: ログイン]
[ADMIN] 16:19:24.312777 シナリオ走行を開始しました [シナリオ名: ログイン]
[ADMIN] 16:19:24.316359 シナリオ走行を終了しました [シナリオ名: ログイン]
[ADMIN] 16:19:24.316368 シナリオ走行を終了しました [シナリオ名: ログイン]
[ADMIN] 16:19:24.316369 シナリオ走行を開始しました [シナリオ名: ログイン]
[ADMIN] 16:19:24.316385 シナリオ走行を開始しました [シナリオ名: ログイン]
[ADMIN] 16:19:24.319966 シナリオ走行を終了しました [シナリオ名: ログイン]
[ADMIN] 16:19:24.319976 シナリオ走行を開始しました [シナリオ名: ログイン]
[ADMIN] 16:19:24.331444 シナリオ走行を終了しました [シナリオ名: 新規ユーザー登録]
[ADMIN] 16:19:24.331468 シナリオ走行を開始しました [シナリオ名: 新規ユーザー登録]
[ADMIN] 16:19:24.335475 シナリオ走行を終了しました [シナリオ名: 新規ユーザー登録]
[ADMIN] 16:19:24.335534 シナリオ走行を開始しました [シナリオ名: 新規ユーザー登録]
[ADMIN] 16:19:24.363798 シナリオ走行を終了しました [シナリオ名: ログイン]
[ADMIN] 16:19:24.363811 シナリオ走行を開始しました [シナリオ名: ログイン]
[ADMIN] 16:19:24.382572 シナリオ走行を終了しました [シナリオ名: ログイン]
[ADMIN] 16:19:24.382590 シナリオ走行を開始しました [シナリオ名: ログイン]
[ADMIN] 16:19:24.397508 シナリオ走行を終了しました [シナリオ名: ログイン]
[ADMIN] 16:19:24.397518 シナリオ走行を開始しました [シナリオ名: ログイン]
[ADMIN] 16:19:24.404451 シナリオ走行を終了しました [シナリオ名: ログイン]
[ADMIN] 16:19:24.404461 シナリオ走行を開始しました [シナリオ名: ログイン]
[ADMIN] 16:19:24.410026 シナリオ走行を終了しました [シナリオ名: 新規ユーザー登録]
[ADMIN] 16:19:24.410047 シナリオ走行を開始しました [シナリオ名: 新規ユーザー登録]
[ADMIN] 16:19:24.413206 シナリオ走行を終了しました [シナリオ名: ログイン]
[ADMIN] 16:19:24.413215 シナリオ走行を開始しました [シナリオ名: ログイン]
[ADMIN] 16:19:24.461408 シナリオ走行を終了しました [シナリオ名: 新規ユーザー登録]
[ADMIN] 16:19:24.461430 シナリオ走行を開始しました [シナリオ名: 新規ユーザー登録]
[ADMIN] 16:19:24.469996 シナリオ走行を終了しました [シナリオ名: ログイン]
[ADMIN] 16:19:24.470010 シナリオ走行を開始しました [シナリオ名: ログイン]
[ADMIN] 16:19:24.475320 シナリオ走行を終了しました [シナリオ名: 新規ユーザー登録]
[ADMIN] 16:19:24.475340 シナリオ走行を開始しました [シナリオ名: 新規ユーザー登録]
[ADMIN] 16:19:24.485059 シナリオ走行を終了しました [シナリオ名: 新規ユーザー登録]
[ADMIN] 16:19:24.485076 シナリオ走行を開始しました [シナリオ名: 新規ユーザー登録]
[ADMIN] 16:19:24.491936 シナリオ走行を終了しました [シナリオ名: 新規ユーザー登録]
[ADMIN] 16:19:24.491955 シナリオ走行を開始しました [シナリオ名: 新規ユーザー登録]
[ADMIN] 16:19:24.496886 シナリオ走行を終了しました [シナリオ名: ログイン]
[ADMIN] 16:19:24.496896 シナリオ走行を開始しました [シナリオ名: ログイン]
[ADMIN] 16:19:24.516391 シナリオ走行を終了しました [シナリオ名: ログイン]
[ADMIN] 16:19:24.516418 シナリオ走行を開始しました [シナリオ名: ログイン]
[ADMIN] 16:19:24.534543 シナリオ走行を終了しました [シナリオ名: Banユーザログイン]
[ADMIN] 16:19:24.534570 シナリオ走行を開始しました [シナリオ名: Banユーザログイン]
[ADMIN] 16:19:24.539270 シナリオ走行を終了しました [シナリオ名: ログイン]
[ADMIN] 16:19:24.539280 シナリオ走行を開始しました [シナリオ名: ログイン]
[ADMIN] 16:19:24.564920 シナリオ走行を終了しました [シナリオ名: ログイン]
[ADMIN] 16:19:24.564932 シナリオ走行を開始しました [シナリオ名: ログイン]
[ADMIN] 16:19:24.584982 シナリオ走行を終了しました [シナリオ名: ログイン]
[ADMIN] 16:19:24.584995 シナリオ走行を開始しました [シナリオ名: ログイン]
[ADMIN] 16:19:24.599542 シナリオ走行を終了しました [シナリオ名: Banユーザログイン]
[ADMIN] 16:19:24.599561 シナリオ走行を開始しました [シナリオ名: Banユーザログイン]
[ADMIN] 16:19:24.605831 シナリオ走行を終了しました [シナリオ名: ログイン]
[ADMIN] 16:19:24.605840 シナリオ走行を開始しました [シナリオ名: ログイン]
[ADMIN] 16:19:24.613586 シナリオ走行を終了しました [シナリオ名: Banユーザログイン]
[ADMIN] 16:19:24.613604 シナリオ走行を開始しました [シナリオ名: Banユーザログイン]
[ADMIN] 16:19:24.657269 シナリオ走行を終了しました [シナリオ名: Banユーザログイン]
[ADMIN] 16:19:24.657296 シナリオ走行を開始しました [シナリオ名: Banユーザログイン]
[ADMIN] 16:19:24.681940 シナリオ走行を終了しました [シナリオ名: Banユーザログイン]
[ADMIN] 16:19:24.681954 シナリオ走行を開始しました [シナリオ名: Banユーザログイン]
[ADMIN] 16:19:24.681954 シナリオ走行を終了しました [シナリオ名: Banユーザログイン]
[ADMIN] 16:19:24.681969 シナリオ走行を開始しました [シナリオ名: Banユーザログイン]
[ADMIN] 16:19:24.686124 シナリオ走行を終了しました [シナリオ名: ログイン]
[ADMIN] 16:19:24.686133 シナリオ走行を開始しました [シナリオ名: ログイン]
[ADMIN] 16:19:24.689090 シナリオ走行を終了しました [シナリオ名: ログイン]
[ADMIN] 16:19:24.689099 シナリオ走行を開始しました [シナリオ名: ログイン]
[ADMIN] 16:19:24.715634 シナリオ走行を終了しました [シナリオ名: ログイン]
[ADMIN] 16:19:24.715643 シナリオ走行を開始しました [シナリオ名: ログイン]
[ADMIN] 16:19:24.719469 シナリオ走行を終了しました [シナリオ名: ログイン]
[ADMIN] 16:19:24.719480 シナリオ走行を開始しました [シナリオ名: ログイン]
[ADMIN] 16:19:24.742708 シナリオ走行を終了しました [シナリオ名: ログイン]
[ADMIN] 16:19:24.742717 シナリオ走行を開始しました [シナリオ名: ログイン]
[ADMIN] 16:19:24.751260 シナリオ走行を終了しました [シナリオ名: 新規ユーザー登録]
[ADMIN] 16:19:24.751279 シナリオ走行を開始しました [シナリオ名: 新規ユーザー登録]
[ADMIN] 16:19:24.760447 シナリオ走行を終了しました [シナリオ名: 新規ユーザー登録]
[ADMIN] 16:19:24.760488 シナリオ走行を開始しました [シナリオ名: 新規ユーザー登録]
[ADMIN] 16:19:24.784774 シナリオ走行を終了しました [シナリオ名: 新規ユーザー登録]
[ADMIN] 16:19:24.784793 シナリオ走行を開始しました [シナリオ名: 新規ユーザー登録]
[ADMIN] 16:19:24.787846 シナリオ走行を終了しました [シナリオ名: ログイン]
[ADMIN] 16:19:24.787855 シナリオ走行を開始しました [シナリオ名: ログイン]
[ADMIN] 16:19:24.803241 シナリオ走行を終了しました [シナリオ名: ログイン]
[ADMIN] 16:19:24.803252 シナリオ走行を開始しました [シナリオ名: ログイン]
[ADMIN] 16:19:24.810240 シナリオ走行を終了しました [シナリオ名: 新規ユーザー登録]
[ADMIN] 16:19:24.810256 シナリオ走行を開始しました [シナリオ名: 新規ユーザー登録]
[ADMIN] 16:19:24.827370 シナリオ走行を終了しました [シナリオ名: 新規ユーザー登録]
[ADMIN] 16:19:24.827385 シナリオ走行を開始しました [シナリオ名: 新規ユーザー登録]
[ADMIN] 16:19:24.828317 シナリオ走行を終了しました [シナリオ名: ログイン]
[ADMIN] 16:19:24.828326 シナリオ走行を開始しました [シナリオ名: ログイン]
[ADMIN] 16:19:24.850390 シナリオ走行を終了しました [シナリオ名: ログイン]
[ADMIN] 16:19:24.850398 シナリオ走行を開始しました [シナリオ名: ログイン]
[ADMIN] 16:19:24.921638 シナリオ走行を終了しました [シナリオ名: ログイン]
[ADMIN] 16:19:24.921651 シナリオ走行を開始しました [シナリオ名: ログイン]
[ADMIN] 16:19:24.932224 シナリオ走行を終了しました [シナリオ名: 新規ユーザー登録]
[ADMIN] 16:19:24.932244 シナリオ走行を開始しました [シナリオ名: 新規ユーザー登録]
[ADMIN] 16:19:24.972843 シナリオ走行を終了しました [シナリオ名: ログイン]
[ADMIN] 16:19:24.972857 シナリオ走行を開始しました [シナリオ名: ログイン]
[ADMIN] 16:19:24.975234 シナリオ走行を終了しました [シナリオ名: ログイン]
[ADMIN] 16:19:24.975243 シナリオ走行を開始しました [シナリオ名: ログイン]
[ADMIN] 16:19:24.993175 シナリオ走行を終了しました [シナリオ名: ログイン]
[ADMIN] 16:19:24.993189 シナリオ走行を開始しました [シナリオ名: ログイン]
[ADMIN] 16:19:25.037776 シナリオ走行を終了しました [シナリオ名: ログイン]
[ADMIN] 16:19:25.037790 シナリオ走行を開始しました [シナリオ名: ログイン]
[ADMIN] 16:19:25.078730 シナリオ走行を終了しました [シナリオ名: Banユーザログイン]
[ADMIN] 16:19:25.078745 シナリオ走行を開始しました [シナリオ名: Banユーザログイン]
[ADMIN] 16:19:25.080146 シナリオ走行を終了しました [シナリオ名: ログイン]
[ADMIN] 16:19:25.080157 シナリオ走行を開始しました [シナリオ名: ログイン]
[ADMIN] 16:19:25.110983 シナリオ走行を終了しました [シナリオ名: ログイン]
[ADMIN] 16:19:25.110999 シナリオ走行を開始しました [シナリオ名: ログイン]
[ADMIN] 16:19:25.128986 シナリオ走行を終了しました [シナリオ名: Banユーザログイン]
[ADMIN] 16:19:25.129003 シナリオ走行を開始しました [シナリオ名: Banユーザログイン]
[ADMIN] 16:19:25.130678 シナリオ走行を終了しました [シナリオ名: ログイン]
[ADMIN] 16:19:25.130689 シナリオ走行を開始しました [シナリオ名: ログイン]
[ADMIN] 16:19:25.136536 シナリオ走行を終了しました [シナリオ名: Banユーザログイン]
[ADMIN] 16:19:25.136549 シナリオ走行を開始しました [シナリオ名: Banユーザログイン]
[ADMIN] 16:19:25.204926 シナリオ走行を終了しました [シナリオ名: Banユーザログイン]
[ADMIN] 16:19:25.204943 シナリオ走行を開始しました [シナリオ名: Banユーザログイン]
[ADMIN] 16:19:25.208656 シナリオ走行を終了しました [シナリオ名: 新規ユーザー登録]
[ADMIN] 16:19:25.208675 シナリオ走行を開始しました [シナリオ名: 新規ユーザー登録]
[ADMIN] 16:19:25.209010 シナリオ走行を終了しました [シナリオ名: Banユーザログイン]
[ADMIN] 16:19:25.209021 シナリオ走行を開始しました [シナリオ名: Banユーザログイン]
[ADMIN] 16:19:25.220732 シナリオ走行を終了しました [シナリオ名: Banユーザログイン]
[ADMIN] 16:19:25.220747 シナリオ走行を開始しました [シナリオ名: Banユーザログイン]
[ADMIN] 16:19:25.228157 シナリオ走行を終了しました [シナリオ名: ログイン]
[ADMIN] 16:19:25.228167 シナリオ走行を開始しました [シナリオ名: ログイン]
[ADMIN] 16:19:25.242337 シナリオ走行を終了しました [シナリオ名: ログイン]
[ADMIN] 16:19:25.242347 シナリオ走行を開始しました [シナリオ名: ログイン]
[ADMIN] 16:19:25.281154 シナリオ走行を終了しました [シナリオ名: ログイン]
[ADMIN] 16:19:25.281167 シナリオ走行を開始しました [シナリオ名: ログイン]
[ADMIN] 16:19:25.283648 シナリオ走行を終了しました [シナリオ名: ログイン]
[ADMIN] 16:19:25.283658 シナリオ走行を開始しました [シナリオ名: ログイン]
[ADMIN] 16:19:25.318324 シナリオ走行を終了しました [シナリオ名: ログイン]
[ADMIN] 16:19:25.318335 シナリオ走行を開始しました [シナリオ名: ログイン]
[ADMIN] 16:19:25.373872 シナリオ走行を終了しました [シナリオ名: 新規ユーザー登録]
[ADMIN] 16:19:25.373903 シナリオ走行を開始しました [シナリオ名: 新規ユーザー登録]
[ADMIN] 16:19:25.409367 シナリオ走行を終了しました [シナリオ名: 新規ユーザー登録]
[ADMIN] 16:19:25.409395 シナリオ走行を開始しました [シナリオ名: 新規ユーザー登録]
[ADMIN] 16:19:25.415703 シナリオ走行を終了しました [シナリオ名: ログイン]
[ADMIN] 16:19:25.415713 シナリオ走行を開始しました [シナリオ名: ログイン]
[ADMIN] 16:19:25.498151 シナリオ走行を終了しました [シナリオ名: ログイン]
[ADMIN] 16:19:25.498167 シナリオ走行を開始しました [シナリオ名: ログイン]
[ADMIN] 16:19:25.498169 シナリオ走行を終了しました [シナリオ名: ログイン]
[ADMIN] 16:19:25.498177 シナリオ走行を開始しました [シナリオ名: ログイン]
[ADMIN] 16:19:25.506263 シナリオ走行を終了しました [シナリオ名: ログイン]
[ADMIN] 16:19:25.506274 シナリオ走行を開始しました [シナリオ名: ログイン]
[ADMIN] 16:19:25.509708 シナリオ走行を終了しました [シナリオ名: 新規ユーザー登録]
[ADMIN] 16:19:25.509744 シナリオ走行を開始しました [シナリオ名: 新規ユーザー登録]
[ADMIN] 16:19:25.526215 シナリオ走行を終了しました [シナリオ名: ログイン]
[ADMIN] 16:19:25.526225 シナリオ走行を開始しました [シナリオ名: ログイン]
[ADMIN] 16:19:25.526824 シナリオ走行を終了しました [シナリオ名: ログイン]
[ADMIN] 16:19:25.526832 シナリオ走行を開始しました [シナリオ名: ログイン]
[ADMIN] 16:19:25.546590 シナリオ走行を終了しました [シナリオ名: ログイン]
[ADMIN] 16:19:25.546600 シナリオ走行を開始しました [シナリオ名: ログイン]
[ADMIN] 16:19:25.562102 シナリオ走行を終了しました [シナリオ名: ログイン]
[ADMIN] 16:19:25.562112 シナリオ走行を開始しました [シナリオ名: ログイン]
[ADMIN] 16:19:25.597467 シナリオ走行を終了しました [シナリオ名: ログイン]
[ADMIN] 16:19:25.597476 シナリオ走行を開始しました [シナリオ名: ログイン]
[ADMIN] 16:19:25.603035 シナリオ走行を終了しました [シナリオ名: ログイン]
[ADMIN] 16:19:25.603043 シナリオ走行を開始しました [シナリオ名: ログイン]
[ADMIN] 16:19:25.604407 シナリオ走行を終了しました [シナリオ名: Banユーザログイン]
[ADMIN] 16:19:25.604422 シナリオ走行を開始しました [シナリオ名: Banユーザログイン]
[ADMIN] 16:19:25.607641 シナリオ走行を終了しました [シナリオ名: ログイン]
[ADMIN] 16:19:25.607651 シナリオ走行を開始しました [シナリオ名: ログイン]
[ADMIN] 16:19:25.636426 シナリオ走行を終了しました [シナリオ名: ログイン]
[ADMIN] 16:19:25.636438 シナリオ走行を開始しました [シナリオ名: ログイン]
[ADMIN] 16:19:25.658025 シナリオ走行を終了しました [シナリオ名: Banユーザログイン]
[ADMIN] 16:19:25.658043 シナリオ走行を開始しました [シナリオ名: Banユーザログイン]
[ADMIN] 16:19:25.669792 シナリオ走行を終了しました [シナリオ名: ログイン]
[ADMIN] 16:19:25.669802 シナリオ走行を開始しました [シナリオ名: ログイン]
[ADMIN] 16:19:25.681411 シナリオ走行を終了しました [シナリオ名: ログイン]
[ADMIN] 16:19:25.681424 シナリオ走行を開始しました [シナリオ名: ログイン]
[ADMIN] 16:19:25.688329 シナリオ走行を終了しました [シナリオ名: Banユーザログイン]
[ADMIN] 16:19:25.688343 シナリオ走行を開始しました [シナリオ名: Banユーザログイン]
[ADMIN] 16:19:25.708011 シナリオ走行を終了しました [シナリオ名: ログイン]
[ADMIN] 16:19:25.708022 シナリオ走行を開始しました [シナリオ名: ログイン]
[ADMIN] 16:19:25.724394 シナリオ走行を終了しました [シナリオ名: Banユーザログイン]
[ADMIN] 16:19:25.724410 シナリオ走行を開始しました [シナリオ名: Banユーザログイン]
[ADMIN] 16:19:25.724607 シナリオ走行を終了しました [シナリオ名: ログイン]
[ADMIN] 16:19:25.724616 シナリオ走行を開始しました [シナリオ名: ログイン]
[ADMIN] 16:19:25.732360 シナリオ走行を終了しました [シナリオ名: ログイン]
[ADMIN] 16:19:25.732373 シナリオ走行を開始しました [シナリオ名: ログイン]
[ADMIN] 16:19:25.740765 シナリオ走行を終了しました [シナリオ名: Banユーザログイン]
[ADMIN] 16:19:25.740778 シナリオ走行を開始しました [シナリオ名: Banユーザログイン]
[ADMIN] 16:19:25.772641 シナリオ走行を終了しました [シナリオ名: Banユーザログイン]
[ADMIN] 16:19:25.772663 シナリオ走行を開始しました [シナリオ名: Banユーザログイン]
[ADMIN] 16:19:25.796073 シナリオ走行を終了しました [シナリオ名: ログイン]
[ADMIN] 16:19:25.796089 シナリオ走行を開始しました [シナリオ名: ログイン]
[ADMIN] 16:19:25.798594 シナリオ走行を終了しました [シナリオ名: ログイン]
[ADMIN] 16:19:25.798606 シナリオ走行を開始しました [シナリオ名: ログイン]
[ADMIN] 16:19:25.805439 シナリオ走行を終了しました [シナリオ名: ログイン]
[ADMIN] 16:19:25.805450 シナリオ走行を開始しました [シナリオ名: ログイン]
[ADMIN] 16:19:25.875180 シナリオ走行を終了しました [シナリオ名: ログイン]
[ADMIN] 16:19:25.875194 シナリオ走行を開始しました [シナリオ名: ログイン]
[ADMIN] 16:19:25.949847 シナリオ走行を終了しました [シナリオ名: ログイン]
[ADMIN] 16:19:25.949862 シナリオ走行を開始しました [シナリオ名: ログイン]
[ADMIN] 16:19:25.955522 シナリオ走行を終了しました [シナリオ名: ログイン]
[ADMIN] 16:19:25.955533 シナリオ走行を開始しました [シナリオ名: ログイン]
[ADMIN] 16:19:25.965089 シナリオ走行を終了しました [シナリオ名: ログイン]
[ADMIN] 16:19:25.965099 シナリオ走行を開始しました [シナリオ名: ログイン]
[ADMIN] 16:19:25.970059 シナリオ走行を終了しました [シナリオ名: ログイン]
[ADMIN] 16:19:25.970068 シナリオ走行を開始しました [シナリオ名: ログイン]
[ADMIN] 16:19:25.993530 シナリオ走行を終了しました [シナリオ名: 新規ユーザー登録]
[ADMIN] 16:19:25.993547 シナリオ走行を終了しました [シナリオ名: 新規ユーザー登録]
[ADMIN] 16:19:25.993554 シナリオ走行を開始しました [シナリオ名: 新規ユーザー登録]
[ADMIN] 16:19:25.993559 シナリオ走行を開始しました [シナリオ名: 新規ユーザー登録]
[ADMIN] 16:19:26.009141 シナリオ走行を終了しました [シナリオ名: ログイン]
[ADMIN] 16:19:26.009150 シナリオ走行を開始しました [シナリオ名: ログイン]
[ADMIN] 16:19:26.033572 シナリオ走行を終了しました [シナリオ名: ログイン]
[ADMIN] 16:19:26.033582 シナリオ走行を開始しました [シナリオ名: ログイン]
[ADMIN] 16:19:26.067329 シナリオ走行を終了しました [シナリオ名: ログイン]
[ADMIN] 16:19:26.067340 シナリオ走行を開始しました [シナリオ名: ログイン]
[ADMIN] 16:19:26.128558 シナリオ走行を終了しました [シナリオ名: 新規ユーザー登録]
[ADMIN] 16:19:26.128582 シナリオ走行を開始しました [シナリオ名: 新規ユーザー登録]
[ADMIN] 16:19:26.128594 シナリオ走行を終了しました [シナリオ名: 新規ユーザー登録]
[ADMIN] 16:19:26.128606 シナリオ走行を開始しました [シナリオ名: 新規ユーザー登録]
[ADMIN] 16:19:26.139270 シナリオ走行を終了しました [シナリオ名: ログイン]
[ADMIN] 16:19:26.139286 シナリオ走行を開始しました [シナリオ名: ログイン]
[ADMIN] 16:19:26.152020 シナリオ走行を終了しました [シナリオ名: Banユーザログイン]
[ADMIN] 16:19:26.152068 シナリオ走行を開始しました [シナリオ名: Banユーザログイン]
[ADMIN] 16:19:26.192600 シナリオ走行を終了しました [シナリオ名: Banユーザログイン]
[ADMIN] 16:19:26.192618 シナリオ走行を開始しました [シナリオ名: Banユーザログイン]
[ADMIN] 16:19:26.198651 シナリオ走行を終了しました [シナリオ名: ログイン]
[ADMIN] 16:19:26.198664 シナリオ走行を開始しました [シナリオ名: ログイン]
[ADMIN] 16:19:26.205211 シナリオ走行を終了しました [シナリオ名: ログイン]
[ADMIN] 16:19:26.205222 シナリオ走行を開始しました [シナリオ名: ログイン]
[ADMIN] 16:19:26.213013 シナリオ走行を終了しました [シナリオ名: ログイン]
[ADMIN] 16:19:26.213024 シナリオ走行を開始しました [シナリオ名: ログイン]
[ADMIN] 16:19:26.218220 シナリオ走行を終了しました [シナリオ名: ログイン]
[ADMIN] 16:19:26.218229 シナリオ走行を開始しました [シナリオ名: ログイン]
[ADMIN] 16:19:26.231326 シナリオ走行を終了しました [シナリオ名: ログイン]
[ADMIN] 16:19:26.231334 シナリオ走行を開始しました [シナリオ名: ログイン]
[ADMIN] 16:19:26.237102 シナリオ走行を終了しました [シナリオ名: 新規ユーザー登録]
[ADMIN] 16:19:26.237126 シナリオ走行を開始しました [シナリオ名: 新規ユーザー登録]
[ADMIN] 16:19:26.237666 シナリオ走行を終了しました [シナリオ名: ログイン]
[ADMIN] 16:19:26.237675 シナリオ走行を開始しました [シナリオ名: ログイン]
[ADMIN] 16:19:26.247181 シナリオ走行を終了しました [シナリオ名: Banユーザログイン]
[ADMIN] 16:19:26.247191 シナリオ走行を終了しました [シナリオ名: Banユーザログイン]
[ADMIN] 16:19:26.247191 シナリオ走行を開始しました [シナリオ名: Banユーザログイン]
[ADMIN] 16:19:26.247198 シナリオ走行を開始しました [シナリオ名: Banユーザログイン]
[ADMIN] 16:19:26.263277 シナリオ走行を終了しました [シナリオ名: ログイン]
[ADMIN] 16:19:26.263286 シナリオ走行を開始しました [シナリオ名: ログイン]
[ADMIN] 16:19:26.274999 シナリオ走行を終了しました [シナリオ名: Banユーザログイン]
[ADMIN] 16:19:26.275013 シナリオ走行を開始しました [シナリオ名: Banユーザログイン]
[ADMIN] 16:19:26.287970 シナリオ走行を終了しました [シナリオ名: 新規ユーザー登録]
[ADMIN] 16:19:26.287986 シナリオ走行を開始しました [シナリオ名: 新規ユーザー登録]
[ADMIN] 16:19:26.289244 シナリオ走行を終了しました [シナリオ名: 新規ユーザー登録]
[ADMIN] 16:19:26.289260 シナリオ走行を開始しました [シナリオ名: 新規ユーザー登録]
[ADMIN] 16:19:26.304871 シナリオ走行を終了しました [シナリオ名: Banユーザログイン]
[ADMIN] 16:19:26.304897 シナリオ走行を開始しました [シナリオ名: Banユーザログイン]
[ADMIN] 16:19:26.383561 シナリオ走行を終了しました [シナリオ名: ログイン]
[ADMIN] 16:19:26.383575 シナリオ走行を開始しました [シナリオ名: ログイン]
[ADMIN] 16:19:26.387009 シナリオ走行を終了しました [シナリオ名: 新規ユーザー登録]
[ADMIN] 16:19:26.387026 シナリオ走行を開始しました [シナリオ名: 新規ユーザー登録]
[ADMIN] 16:19:26.405632 シナリオ走行を終了しました [シナリオ名: ログイン]
[ADMIN] 16:19:26.405645 シナリオ走行を開始しました [シナリオ名: ログイン]
[ADMIN] 16:19:26.426967 シナリオ走行を終了しました [シナリオ名: ログイン]
[ADMIN] 16:19:26.426978 シナリオ走行を開始しました [シナリオ名: ログイン]
[ADMIN] 16:19:26.434300 シナリオ走行を終了しました [シナリオ名: ログイン]
[ADMIN] 16:19:26.434309 シナリオ走行を開始しました [シナリオ名: ログイン]
[ADMIN] 16:19:26.495771 シナリオ走行を終了しました [シナリオ名: 新規ユーザー登録]
[ADMIN] 16:19:26.495799 シナリオ走行を開始しました [シナリオ名: 新規ユーザー登録]
[ADMIN] 16:19:26.533785 シナリオ走行を終了しました [シナリオ名: ログイン]
[ADMIN] 16:19:26.533797 シナリオ走行を開始しました [シナリオ名: ログイン]
[ADMIN] 16:19:26.535424 シナリオ走行を終了しました [シナリオ名: ログイン]
[ADMIN] 16:19:26.535434 シナリオ走行を開始しました [シナリオ名: ログイン]
[ADMIN] 16:19:26.536846 シナリオ走行を終了しました [シナリオ名: ログイン]
[ADMIN] 16:19:26.536857 シナリオ走行を開始しました [シナリオ名: ログイン]
[ADMIN] 16:19:26.537031 シナリオ走行を終了しました [シナリオ名: 新規ユーザー登録]
[ADMIN] 16:19:26.537052 シナリオ走行を開始しました [シナリオ名: 新規ユーザー登録]
[ADMIN] 16:19:26.573242 シナリオ走行を終了しました [シナリオ名: ログイン]
[ADMIN] 16:19:26.573253 シナリオ走行を開始しました [シナリオ名: ログイン]
[ADMIN] 16:19:26.582718 シナリオ走行を終了しました [シナリオ名: ログイン]
[ADMIN] 16:19:26.582728 シナリオ走行を開始しました [シナリオ名: ログイン]
[ADMIN] 16:19:26.597669 シナリオ走行を終了しました [シナリオ名: ログイン]
[ADMIN] 16:19:26.597678 シナリオ走行を開始しました [シナリオ名: ログイン]
[ADMIN] 16:19:26.614426 シナリオ走行を終了しました [シナリオ名: ログイン]
[ADMIN] 16:19:26.614441 シナリオ走行を開始しました [シナリオ名: ログイン]
[ADMIN] 16:19:26.624772 シナリオ走行を終了しました [シナリオ名: 新規ユーザー登録]
[ADMIN] 16:19:26.624794 シナリオ走行を開始しました [シナリオ名: 新規ユーザー登録]
[ADMIN] 16:19:26.640784 シナリオ走行を終了しました [シナリオ名: ログイン]
[ADMIN] 16:19:26.640796 シナリオ走行を開始しました [シナリオ名: ログイン]
[ADMIN] 16:19:26.662099 シナリオ走行を終了しました [シナリオ名: 新規ユーザー登録]
[ADMIN] 16:19:26.662127 シナリオ走行を開始しました [シナリオ名: 新規ユーザー登録]
[ADMIN] 16:19:26.663881 シナリオ走行を終了しました [シナリオ名: ログイン]
[ADMIN] 16:19:26.663897 シナリオ走行を開始しました [シナリオ名: ログイン]
[ADMIN] 16:19:26.684367 シナリオ走行を終了しました [シナリオ名: ログイン]
[ADMIN] 16:19:26.684386 シナリオ走行を開始しました [シナリオ名: ログイン]
[ADMIN] 16:19:26.692680 シナリオ走行を終了しました [シナリオ名: 新規ユーザー登録]
[ADMIN] 16:19:26.692707 シナリオ走行を開始しました [シナリオ名: 新規ユーザー登録]
[ADMIN] 16:19:26.702993 シナリオ走行を終了しました [シナリオ名: ログイン]
[ADMIN] 16:19:26.703006 シナリオ走行を開始しました [シナリオ名: ログイン]
[ADMIN] 16:19:26.705778 シナリオ走行を終了しました [シナリオ名: ログイン]
[ADMIN] 16:19:26.705787 シナリオ走行を開始しました [シナリオ名: ログイン]
[ADMIN] 16:19:26.712225 シナリオ走行を終了しました [シナリオ名: Banユーザログイン]
[ADMIN] 16:19:26.712241 シナリオ走行を開始しました [シナリオ名: Banユーザログイン]
[ADMIN] 16:19:26.714509 シナリオ走行を終了しました [シナリオ名: ログイン]
[ADMIN] 16:19:26.714518 シナリオ走行を開始しました [シナリオ名: ログイン]
[ADMIN] 16:19:26.727499 シナリオ走行を終了しました [シナリオ名: Banユーザログイン]
[ADMIN] 16:19:26.727517 シナリオ走行を開始しました [シナリオ名: Banユーザログイン]
[ADMIN] 16:19:26.745150 シナリオ走行を終了しました [シナリオ名: 新規ユーザー登録]
[ADMIN] 16:19:26.745177 シナリオ走行を開始しました [シナリオ名: 新規ユーザー登録]
[ADMIN] 16:19:26.779096 シナリオ走行を終了しました [シナリオ名: Banユーザログイン]
[ADMIN] 16:19:26.779112 シナリオ走行を開始しました [シナリオ名: Banユーザログイン]
[ADMIN] 16:19:26.781428 シナリオ走行を終了しました [シナリオ名: ログイン]
[ADMIN] 16:19:26.781438 シナリオ走行を開始しました [シナリオ名: ログイン]
[ADMIN] 16:19:26.785542 シナリオ走行を終了しました [シナリオ名: ログイン]
[ADMIN] 16:19:26.785552 シナリオ走行を開始しました [シナリオ名: ログイン]
[ADMIN] 16:19:26.788581 シナリオ走行を終了しました [シナリオ名: Banユーザログイン]
[ADMIN] 16:19:26.788594 シナリオ走行を開始しました [シナリオ名: Banユーザログイン]
[ADMIN] 16:19:26.795399 シナリオ走行を終了しました [シナリオ名: ログイン]
[ADMIN] 16:19:26.795409 シナリオ走行を開始しました [シナリオ名: ログイン]
[ADMIN] 16:19:26.796126 シナリオ走行を終了しました [シナリオ名: ログイン]
[ADMIN] 16:19:26.796135 シナリオ走行を開始しました [シナリオ名: ログイン]
[ADMIN] 16:19:26.796885 シナリオ走行を終了しました [シナリオ名: ログイン]
[ADMIN] 16:19:26.796894 シナリオ走行を開始しました [シナリオ名: ログイン]
[ADMIN] 16:19:26.821982 シナリオ走行を終了しました [シナリオ名: ログイン]
[ADMIN] 16:19:26.821995 シナリオ走行を開始しました [シナリオ名: ログイン]
[ADMIN] 16:19:26.823207 シナリオ走行を終了しました [シナリオ名: Banユーザログイン]
[ADMIN] 16:19:26.823223 シナリオ走行を開始しました [シナリオ名: Banユーザログイン]
[ADMIN] 16:19:26.826700 シナリオ走行を終了しました [シナリオ名: 新規ユーザー登録]
[ADMIN] 16:19:26.826721 シナリオ走行を開始しました [シナリオ名: 新規ユーザー登録]
[ADMIN] 16:19:26.831281 シナリオ走行を終了しました [シナリオ名: ログイン]
[ADMIN] 16:19:26.831290 シナリオ走行を開始しました [シナリオ名: ログイン]
[ADMIN] 16:19:26.843566 シナリオ走行を終了しました [シナリオ名: Banユーザログイン]
[ADMIN] 16:19:26.843577 シナリオ走行を開始しました [シナリオ名: Banユーザログイン]
[ADMIN] 16:19:26.843708 シナリオ走行を終了しました [シナリオ名: 新規ユーザー登録]
[ADMIN] 16:19:26.843725 シナリオ走行を開始しました [シナリオ名: 新規ユーザー登録]
[ADMIN] 16:19:26.863803 シナリオ走行を終了しました [シナリオ名: 新規ユーザー登録]
[ADMIN] 16:19:26.863826 シナリオ走行を開始しました [シナリオ名: 新規ユーザー登録]
[ADMIN] 16:19:26.954959 シナリオ走行を終了しました [シナリオ名: ログイン]
[ADMIN] 16:19:26.954973 シナリオ走行を開始しました [シナリオ名: ログイン]
[ADMIN] 16:19:26.964925 シナリオ走行を終了しました [シナリオ名: ログイン]
[ADMIN] 16:19:26.964940 シナリオ走行を開始しました [シナリオ名: ログイン]
[ADMIN] 16:19:27.030042 シナリオ走行を終了しました [シナリオ名: 新規ユーザー登録]
[ADMIN] 16:19:27.030071 シナリオ走行を開始しました [シナリオ名: 新規ユーザー登録]
[ADMIN] 16:19:27.031691 シナリオ走行を終了しました [シナリオ名: ログイン]
[ADMIN] 16:19:27.031703 シナリオ走行を開始しました [シナリオ名: ログイン]
[ADMIN] 16:19:27.078139 シナリオ走行を終了しました [シナリオ名: ログイン]
[ADMIN] 16:19:27.078151 シナリオ走行を開始しました [シナリオ名: ログイン]
[ADMIN] 16:19:27.088512 シナリオ走行を終了しました [シナリオ名: ログイン]
[ADMIN] 16:19:27.088523 シナリオ走行を開始しました [シナリオ名: ログイン]
[ADMIN] 16:19:27.088575 シナリオ走行を終了しました [シナリオ名: ログイン]
[ADMIN] 16:19:27.088588 シナリオ走行を開始しました [シナリオ名: ログイン]
[ADMIN] 16:19:27.111208 シナリオ走行を終了しました [シナリオ名: ログイン]
[ADMIN] 16:19:27.111220 シナリオ走行を開始しました [シナリオ名: ログイン]
[ADMIN] 16:19:27.140531 シナリオ走行を終了しました [シナリオ名: 新規ユーザー登録]
[ADMIN] 16:19:27.140553 シナリオ走行を開始しました [シナリオ名: 新規ユーザー登録]
[ADMIN] 16:19:27.152166 シナリオ走行を終了しました [シナリオ名: ログイン]
[ADMIN] 16:19:27.152175 シナリオ走行を開始しました [シナリオ名: ログイン]
[ADMIN] 16:19:27.153871 シナリオ走行を終了しました [シナリオ名: ログイン]
[ADMIN] 16:19:27.153881 シナリオ走行を開始しました [シナリオ名: ログイン]
[ADMIN] 16:19:27.164372 シナリオ走行を終了しました [シナリオ名: ログイン]
[ADMIN] 16:19:27.164381 シナリオ走行を開始しました [シナリオ名: ログイン]
[ADMIN] 16:19:27.199262 シナリオ走行を終了しました [シナリオ名: 新規ユーザー登録]
[ADMIN] 16:19:27.199287 シナリオ走行を開始しました [シナリオ名: 新規ユーザー登録]
[ADMIN] 16:19:27.249870 シナリオ走行を終了しました [シナリオ名: Banユーザログイン]
[ADMIN] 16:19:27.249888 シナリオ走行を開始しました [シナリオ名: Banユーザログイン]
[ADMIN] 16:19:27.260547 シナリオ走行を終了しました [シナリオ名: Banユーザログイン]
[ADMIN] 16:19:27.260563 シナリオ走行を開始しました [シナリオ名: Banユーザログイン]
[ADMIN] 16:19:27.273819 シナリオ走行を終了しました [シナリオ名: ログイン]
[ADMIN] 16:19:27.273830 シナリオ走行を開始しました [シナリオ名: ログイン]
[ADMIN] 16:19:27.292335 シナリオ走行を終了しました [シナリオ名: ログイン]
[ADMIN] 16:19:27.292344 シナリオ走行を開始しました [シナリオ名: ログイン]
[ADMIN] 16:19:27.299861 シナリオ走行を終了しました [シナリオ名: Banユーザログイン]
[ADMIN] 16:19:27.299876 シナリオ走行を開始しました [シナリオ名: Banユーザログイン]
[ADMIN] 16:19:27.305632 シナリオ走行を終了しました [シナリオ名: ログイン]
[ADMIN] 16:19:27.305640 シナリオ走行を開始しました [シナリオ名: ログイン]
[ADMIN] 16:19:27.321818 シナリオ走行を終了しました [シナリオ名: Banユーザログイン]
[ADMIN] 16:19:27.321831 シナリオ走行を開始しました [シナリオ名: Banユーザログイン]
[ADMIN] 16:19:27.353930 シナリオ走行を終了しました [シナリオ名: Banユーザログイン]
[ADMIN] 16:19:27.353948 シナリオ走行を開始しました [シナリオ名: Banユーザログイン]
[ADMIN] 16:19:27.381252 シナリオ走行を終了しました [シナリオ名: Banユーザログイン]
[ADMIN] 16:19:27.381271 シナリオ走行を開始しました [シナリオ名: Banユーザログイン]
[ADMIN] 16:19:27.422482 シナリオ走行を終了しました [シナリオ名: ログイン]
[ADMIN] 16:19:27.422493 シナリオ走行を開始しました [シナリオ名: ログイン]
[ADMIN] 16:19:27.436047 シナリオ走行を終了しました [シナリオ名: ログイン]
[ADMIN] 16:19:27.436056 シナリオ走行を開始しました [シナリオ名: ログイン]
[ADMIN] 16:19:27.447331 シナリオ走行を終了しました [シナリオ名: ログイン]
[ADMIN] 16:19:27.447340 シナリオ走行を開始しました [シナリオ名: ログイン]
[ADMIN] 16:19:27.452293 シナリオ走行を終了しました [シナリオ名: ログイン]
[ADMIN] 16:19:27.452303 シナリオ走行を開始しました [シナリオ名: ログイン]
[ADMIN] 16:19:27.460166 シナリオ走行を終了しました [シナリオ名: ログイン]
[ADMIN] 16:19:27.460174 シナリオ走行を開始しました [シナリオ名: ログイン]
[ADMIN] 16:19:27.465873 シナリオ走行を終了しました [シナリオ名: 新規ユーザー登録]
[ADMIN] 16:19:27.465899 シナリオ走行を開始しました [シナリオ名: 新規ユーザー登録]
[ADMIN] 16:19:27.468021 シナリオ走行を終了しました [シナリオ名: ログイン]
[ADMIN] 16:19:27.468031 シナリオ走行を開始しました [シナリオ名: ログイン]
[ADMIN] 16:19:27.496960 シナリオ走行を終了しました [シナリオ名: ログイン]
[ADMIN] 16:19:27.496971 シナリオ走行を開始しました [シナリオ名: ログイン]
[ADMIN] 16:19:27.611445 シナリオ走行を終了しました [シナリオ名: ログイン]
[ADMIN] 16:19:27.611463 シナリオ走行を終了しました [シナリオ名: ログイン]
[ADMIN] 16:19:27.611463 シナリオ走行を開始しました [シナリオ名: ログイン]
[ADMIN] 16:19:27.611469 シナリオ走行を開始しました [シナリオ名: ログイン]
[ADMIN] 16:19:27.646816 シナリオ走行を終了しました [シナリオ名: ログイン]
[ADMIN] 16:19:27.646830 シナリオ走行を開始しました [シナリオ名: ログイン]
[ADMIN] 16:19:27.685384 シナリオ走行を終了しました [シナリオ名: ログイン]
[ADMIN] 16:19:27.685399 シナリオ走行を開始しました [シナリオ名: ログイン]
[ADMIN] 16:19:27.688431 シナリオ走行を終了しました [シナリオ名: 新規ユーザー登録]
[ADMIN] 16:19:27.688449 シナリオ走行を開始しました [シナリオ名: 新規ユーザー登録]
[ADMIN] 16:19:27.703328 シナリオ走行を終了しました [シナリオ名: ログイン]
[ADMIN] 16:19:27.703338 シナリオ走行を開始しました [シナリオ名: ログイン]
[ADMIN] 16:19:27.709277 シナリオ走行を終了しました [シナリオ名: ログイン]
[ADMIN] 16:19:27.709289 シナリオ走行を開始しました [シナリオ名: ログイン]
[ADMIN] 16:19:27.730280 シナリオ走行を終了しました [シナリオ名: ログイン]
[ADMIN] 16:19:27.730290 シナリオ走行を開始しました [シナリオ名: ログイン]
[ADMIN] 16:19:27.749890 シナリオ走行を終了しました [シナリオ名: ログイン]
[ADMIN] 16:19:27.749899 シナリオ走行を開始しました [シナリオ名: ログイン]
[ADMIN] 16:19:27.792012 シナリオ走行を終了しました [シナリオ名: Banユーザログイン]
[ADMIN] 16:19:27.792028 シナリオ走行を開始しました [シナリオ名: Banユーザログイン]
[ADMIN] 16:19:27.801073 シナリオ走行を終了しました [シナリオ名: Banユーザログイン]
[ADMIN] 16:19:27.801088 シナリオ走行を開始しました [シナリオ名: Banユーザログイン]
[ADMIN] 16:19:27.846405 シナリオ走行を終了しました [シナリオ名: Banユーザログイン]
[ADMIN] 16:19:27.846421 シナリオ走行を開始しました [シナリオ名: Banユーザログイン]
[ADMIN] 16:19:27.857025 シナリオ走行を終了しました [シナリオ名: Banユーザログイン]
[ADMIN] 16:19:27.857043 シナリオ走行を開始しました [シナリオ名: Banユーザログイン]
[ADMIN] 16:19:27.857078 シナリオ走行を終了しました [シナリオ名: 新規ユーザー登録]
[ADMIN] 16:19:27.857094 シナリオ走行を開始しました [シナリオ名: 新規ユーザー登録]
[ADMIN] 16:19:27.866218 シナリオ走行を終了しました [シナリオ名: ログイン]
[ADMIN] 16:19:27.866229 シナリオ走行を開始しました [シナリオ名: ログイン]
[ADMIN] 16:19:27.897285 シナリオ走行を終了しました [シナリオ名: Banユーザログイン]
[ADMIN] 16:19:27.897305 シナリオ走行を開始しました [シナリオ名: Banユーザログイン]
[ADMIN] 16:19:27.904987 シナリオ走行を終了しました [シナリオ名: 新規ユーザー登録]
[ADMIN] 16:19:27.905008 シナリオ走行を開始しました [シナリオ名: 新規ユーザー登録]
[ADMIN] 16:19:27.914106 シナリオ走行を終了しました [シナリオ名: Banユーザログイン]
[ADMIN] 16:19:27.914123 シナリオ走行を開始しました [シナリオ名: Banユーザログイン]
[ADMIN] 16:19:27.926016 シナリオ走行を終了しました [シナリオ名: ログイン]
[ADMIN] 16:19:27.926027 シナリオ走行を開始しました [シナリオ名: ログイン]
[ADMIN] 16:19:27.929683 シナリオ走行を終了しました [シナリオ名: ログイン]
[ADMIN] 16:19:27.929691 シナリオ走行を開始しました [シナリオ名: ログイン]
[ADMIN] 16:19:27.937537 シナリオ走行を終了しました [シナリオ名: ログイン]
[ADMIN] 16:19:27.937545 シナリオ走行を開始しました [シナリオ名: ログイン]
[ADMIN] 16:19:27.949278 シナリオ走行を終了しました [シナリオ名: ログイン]
[ADMIN] 16:19:27.949288 シナリオ走行を開始しました [シナリオ名: ログイン]
[ADMIN] 16:19:27.976999 シナリオ走行を終了しました [シナリオ名: ログイン]
[ADMIN] 16:19:27.977010 シナリオ走行を開始しました [シナリオ名: ログイン]
[ADMIN] 16:19:28.029664 シナリオ走行を終了しました [シナリオ名: ログイン]
[ADMIN] 16:19:28.029680 シナリオ走行を開始しました [シナリオ名: ログイン]
[ADMIN] 16:19:28.038954 シナリオ走行を終了しました [シナリオ名: ログイン]
[ADMIN] 16:19:28.038969 シナリオ走行を開始しました [シナリオ名: ログイン]
[ADMIN] 16:19:28.045635 シナリオ走行を終了しました [シナリオ名: ログイン]
[ADMIN] 16:19:28.045646 シナリオ走行を開始しました [シナリオ名: ログイン]
[ADMIN] 16:19:28.051121 シナリオ走行を終了しました [シナリオ名: ログイン]
[ADMIN] 16:19:28.051130 シナリオ走行を開始しました [シナリオ名: ログイン]
[ADMIN] 16:19:28.061149 シナリオ走行を終了しました [シナリオ名: ログイン]
[ADMIN] 16:19:28.061160 シナリオ走行を開始しました [シナリオ名: ログイン]
[ADMIN] 16:19:28.080353 シナリオ走行を終了しました [シナリオ名: ログイン]
[ADMIN] 16:19:28.080371 シナリオ走行を開始しました [シナリオ名: ログイン]
[ADMIN] 16:19:28.110871 シナリオ走行を終了しました [シナリオ名: ログイン]
[ADMIN] 16:19:28.110882 シナリオ走行を開始しました [シナリオ名: ログイン]
[ADMIN] 16:19:28.111087 シナリオ走行を終了しました [シナリオ名: ログイン]
[ADMIN] 16:19:28.111096 シナリオ走行を開始しました [シナリオ名: ログイン]
[ADMIN] 16:19:28.117962 シナリオ走行を終了しました [シナリオ名: 新規ユーザー登録]
[ADMIN] 16:19:28.117981 シナリオ走行を開始しました [シナリオ名: 新規ユーザー登録]
[ADMIN] 16:19:28.119893 シナリオ走行を終了しました [シナリオ名: ログイン]
[ADMIN] 16:19:28.119901 シナリオ走行を開始しました [シナリオ名: ログイン]
[ADMIN] 16:19:28.128597 シナリオ走行を終了しました [シナリオ名: ログイン]
[ADMIN] 16:19:28.128607 シナリオ走行を開始しました [シナリオ名: ログイン]
[ADMIN] 16:19:28.166640 シナリオ走行を終了しました [シナリオ名: 新規ユーザー登録]
[ADMIN] 16:19:28.166660 シナリオ走行を開始しました [シナリオ名: 新規ユーザー登録]
[ADMIN] 16:19:28.171601 シナリオ走行を終了しました [シナリオ名: ログイン]
[ADMIN] 16:19:28.171609 シナリオ走行を開始しました [シナリオ名: ログイン]
[ADMIN] 16:19:28.188283 シナリオ走行を終了しました [シナリオ名: ログイン]
[ADMIN] 16:19:28.188292 シナリオ走行を開始しました [シナリオ名: ログイン]
[ADMIN] 16:19:28.251496 シナリオ走行を終了しました [シナリオ名: ログイン]
[ADMIN] 16:19:28.251508 シナリオ走行を開始しました [シナリオ名: ログイン]
[ADMIN] 16:19:28.281620 シナリオ走行を終了しました [シナリオ名: 新規ユーザー登録]
[ADMIN] 16:19:28.281651 シナリオ走行を開始しました [シナリオ名: 新規ユーザー登録]
[ADMIN] 16:19:28.316027 シナリオ走行を終了しました [シナリオ名: Banユーザログイン]
[ADMIN] 16:19:28.316045 シナリオ走行を開始しました [シナリオ名: Banユーザログイン]
[ADMIN] 16:19:28.319015 シナリオ走行を終了しました [シナリオ名: ログイン]
[ADMIN] 16:19:28.319028 シナリオ走行を開始しました [シナリオ名: ログイン]
[ADMIN] 16:19:28.327702 シナリオ走行を終了しました [シナリオ名: Banユーザログイン]
[ADMIN] 16:19:28.327717 シナリオ走行を開始しました [シナリオ名: Banユーザログイン]
[ADMIN] 16:19:28.373766 シナリオ走行を終了しました [シナリオ名: Banユーザログイン]
[ADMIN] 16:19:28.373783 シナリオ走行を開始しました [シナリオ名: Banユーザログイン]
[ADMIN] 16:19:28.380198 シナリオ走行を終了しました [シナリオ名: Banユーザログイン]
[ADMIN] 16:19:28.380219 シナリオ走行を開始しました [シナリオ名: Banユーザログイン]
[ADMIN] 16:19:28.423449 シナリオ走行を終了しました [シナリオ名: Banユーザログイン]
[ADMIN] 16:19:28.423473 シナリオ走行を開始しました [シナリオ名: Banユーザログイン]
[ADMIN] 16:19:28.457217 シナリオ走行を終了しました [シナリオ名: ログイン]
[ADMIN] 16:19:28.457231 シナリオ走行を開始しました [シナリオ名: ログイン]
[ADMIN] 16:19:28.460022 シナリオ走行を終了しました [シナリオ名: 新規ユーザー登録]
[ADMIN] 16:19:28.460038 シナリオ走行を開始しました [シナリオ名: 新規ユーザー登録]
[ADMIN] 16:19:28.461986 シナリオ走行を終了しました [シナリオ名: 新規ユーザー登録]
[ADMIN] 16:19:28.462000 シナリオ走行を開始しました [シナリオ名: 新規ユーザー登録]
[ADMIN] 16:19:28.464214 シナリオ走行を終了しました [シナリオ名: ログイン]
[ADMIN] 16:19:28.464222 シナリオ走行を開始しました [シナリオ名: ログイン]
[ADMIN] 16:19:28.465352 シナリオ走行を終了しました [シナリオ名: ログイン]
[ADMIN] 16:19:28.465361 シナリオ走行を開始しました [シナリオ名: ログイン]
[ADMIN] 16:19:28.470768 シナリオ走行を終了しました [シナリオ名: ログイン]
[ADMIN] 16:19:28.470778 シナリオ走行を開始しました [シナリオ名: ログイン]
[ADMIN] 16:19:28.475561 シナリオ走行を終了しました [シナリオ名: Banユーザログイン]
[ADMIN] 16:19:28.475575 シナリオ走行を開始しました [シナリオ名: Banユーザログイン]
[ADMIN] 16:19:28.483050 シナリオ走行を終了しました [シナリオ名: ログイン]
[ADMIN] 16:19:28.483061 シナリオ走行を開始しました [シナリオ名: ログイン]
[ADMIN] 16:19:28.490392 シナリオ走行を終了しました [シナリオ名: 新規ユーザー登録]
[ADMIN] 16:19:28.490409 シナリオ走行を開始しました [シナリオ名: 新規ユーザー登録]
[ADMIN] 16:19:28.494672 シナリオ走行を終了しました [シナリオ名: 新規ユーザー登録]
[ADMIN] 16:19:28.494691 シナリオ走行を開始しました [シナリオ名: 新規ユーザー登録]
[ADMIN] 16:19:28.533125 シナリオ走行を終了しました [シナリオ名: ログイン]
[ADMIN] 16:19:28.533135 シナリオ走行を開始しました [シナリオ名: ログイン]
[ADMIN] 16:19:28.535162 シナリオ走行を終了しました [シナリオ名: ログイン]
[ADMIN] 16:19:28.535171 シナリオ走行を開始しました [シナリオ名: ログイン]
[ADMIN] 16:19:28.568328 シナリオ走行を終了しました [シナリオ名: ログイン]
[ADMIN] 16:19:28.568335 シナリオ走行を開始しました [シナリオ名: ログイン]
[ADMIN] 16:19:28.592215 シナリオ走行を終了しました [シナリオ名: 新規ユーザー登録]
[ADMIN] 16:19:28.592231 シナリオ走行を開始しました [シナリオ名: 新規ユーザー登録]
[ADMIN] 16:19:28.623730 シナリオ走行を終了しました [シナリオ名: 新規ユーザー登録]
[ADMIN] 16:19:28.623763 シナリオ走行を開始しました [シナリオ名: 新規ユーザー登録]
[ADMIN] 16:19:28.625919 シナリオ走行を終了しました [シナリオ名: ログイン]
[ADMIN] 16:19:28.625927 シナリオ走行を開始しました [シナリオ名: ログイン]
[ADMIN] 16:19:28.667525 シナリオ走行を終了しました [シナリオ名: ログイン]
[ADMIN] 16:19:28.667537 シナリオ走行を開始しました [シナリオ名: ログイン]
[ADMIN] 16:19:28.672142 シナリオ走行を終了しました [シナリオ名: 新規ユーザー登録]
[ADMIN] 16:19:28.672166 シナリオ走行を開始しました [シナリオ名: 新規ユーザー登録]
[ADMIN] 16:19:28.672224 シナリオ走行を終了しました [シナリオ名: 新規ユーザー登録]
[ADMIN] 16:19:28.672249 シナリオ走行を開始しました [シナリオ名: 新規ユーザー登録]
[ADMIN] 16:19:28.684117 シナリオ走行を終了しました [シナリオ名: ログイン]
[ADMIN] 16:19:28.684127 シナリオ走行を開始しました [シナリオ名: ログイン]
[ADMIN] 16:19:28.707865 シナリオ走行を終了しました [シナリオ名: 新規ユーザー登録]
[ADMIN] 16:19:28.707885 シナリオ走行を開始しました [シナリオ名: 新規ユーザー登録]
[ADMIN] 16:19:28.717376 シナリオ走行を終了しました [シナリオ名: ログイン]
[ADMIN] 16:19:28.717389 シナリオ走行を開始しました [シナリオ名: ログイン]
[ADMIN] 16:19:28.723452 シナリオ走行を終了しました [シナリオ名: ログイン]
[ADMIN] 16:19:28.723461 シナリオ走行を開始しました [シナリオ名: ログイン]
[ADMIN] 16:19:28.768164 シナリオ走行を終了しました [シナリオ名: 新規ユーザー登録]
[ADMIN] 16:19:28.768183 シナリオ走行を開始しました [シナリオ名: 新規ユーザー登録]
[ADMIN] 16:19:28.769836 シナリオ走行を終了しました [シナリオ名: ログイン]
[ADMIN] 16:19:28.769844 シナリオ走行を開始しました [シナリオ名: ログイン]
[ADMIN] 16:19:28.779398 シナリオ走行を終了しました [シナリオ名: ログイン]
[ADMIN] 16:19:28.779407 シナリオ走行を開始しました [シナリオ名: ログイン]
[ADMIN] 16:19:28.787100 シナリオ走行を終了しました [シナリオ名: ログイン]
[ADMIN] 16:19:28.787108 シナリオ走行を開始しました [シナリオ名: ログイン]
[ADMIN] 16:19:28.849414 シナリオ走行を終了しました [シナリオ名: ログイン]
[ADMIN] 16:19:28.849427 シナリオ走行を開始しました [シナリオ名: ログイン]
[ADMIN] 16:19:28.853622 シナリオ走行を終了しました [シナリオ名: 新規ユーザー登録]
[ADMIN] 16:19:28.853641 シナリオ走行を開始しました [シナリオ名: 新規ユーザー登録]
[ADMIN] 16:19:28.858992 シナリオ走行を終了しました [シナリオ名: Banユーザログイン]
[ADMIN] 16:19:28.859009 シナリオ走行を開始しました [シナリオ名: Banユーザログイン]
[ADMIN] 16:19:28.859979 シナリオ走行を終了しました [シナリオ名: ログイン]
[ADMIN] 16:19:28.859987 シナリオ走行を開始しました [シナリオ名: ログイン]
[ADMIN] 16:19:28.865391 シナリオ走行を終了しました [シナリオ名: Banユーザログイン]
[ADMIN] 16:19:28.865405 シナリオ走行を開始しました [シナリオ名: Banユーザログイン]
[ADMIN] 16:19:28.899483 シナリオ走行を終了しました [シナリオ名: ログイン]
[ADMIN] 16:19:28.899499 シナリオ走行を開始しました [シナリオ名: ログイン]
[ADMIN] 16:19:28.907057 シナリオ走行を終了しました [シナリオ名: Banユーザログイン]
[ADMIN] 16:19:28.907074 シナリオ走行を開始しました [シナリオ名: Banユーザログイン]
[ADMIN] 16:19:28.923014 シナリオ走行を終了しました [シナリオ名: Banユーザログイン]
[ADMIN] 16:19:28.923033 シナリオ走行を開始しました [シナリオ名: Banユーザログイン]
16:19:28.935597 現在のログイン成功数: [total: 3350 (+1393人)]
16:19:28.935604 現在のユーザー登録成功数: [total: 1353 (+498人)]
[ADMIN] 16:19:28.937805 シナリオ走行を終了しました [シナリオ名: ログイン]
[ADMIN] 16:19:28.937813 シナリオ走行を開始しました [シナリオ名: ログイン]
[ADMIN] 16:19:28.942850 シナリオ走行を終了しました [シナリオ名: Banユーザログイン]
[ADMIN] 16:19:28.942867 シナリオ走行を開始しました [シナリオ名: Banユーザログイン]
[ADMIN] 16:19:28.944768 シナリオ走行を終了しました [シナリオ名: ログイン]
[ADMIN] 16:19:28.944799 シナリオ走行を開始しました [シナリオ名: ログイン]
[ADMIN] 16:19:28.944833 シナリオ走行を開始しました [シナリオ名: ログイン]
[ADMIN] 16:19:28.944862 シナリオ走行を開始しました [シナリオ名: ログイン]
[ADMIN] 16:19:28.944912 シナリオ走行を開始しました [シナリオ名: ログイン]
[ADMIN] 16:19:28.944974 シナリオ走行を開始しました [シナリオ名: ログイン]
[ADMIN] 16:19:28.944985 シナリオ走行を開始しました [シナリオ名: ログイン]
[ADMIN] 16:19:28.945000 シナリオ走行を開始しました [シナリオ名: ログイン]
[ADMIN] 16:19:28.945069 シナリオ走行を開始しました [シナリオ名: ログイン]
[ADMIN] 16:19:28.945086 シナリオ走行を開始しました [シナリオ名: ログイン]
[ADMIN] 16:19:28.945169 シナリオ走行を開始しました [シナリオ名: ログイン]
[ADMIN] 16:19:28.945200 シナリオ走行を開始しました [シナリオ名: ログイン]
[ADMIN] 16:19:28.945281 シナリオ走行を開始しました [シナリオ名: ログイン]
[ADMIN] 16:19:28.945311 シナリオ走行を開始しました [シナリオ名: ログイン]
[ADMIN] 16:19:28.945382 シナリオ走行を開始しました [シナリオ名: ログイン]
[ADMIN] 16:19:28.945437 シナリオ走行を開始しました [シナリオ名: ログイン]
[ADMIN] 16:19:28.945493 シナリオ走行を開始しました [シナリオ名: ログイン]
[ADMIN] 16:19:29.008565 シナリオ走行を終了しました [シナリオ名: ログイン]
[ADMIN] 16:19:29.009562 シナリオ走行を終了しました [シナリオ名: Banユーザログイン]
[ADMIN] 16:19:29.009581 シナリオ走行を開始しました [シナリオ名: Banユーザログイン]
[ADMIN] 16:19:29.041163 シナリオ走行を終了しました [シナリオ名: 新規ユーザー登録]
[ADMIN] 16:19:29.041193 シナリオ走行を開始しました [シナリオ名: 新規ユーザー登録]
[ADMIN] 16:19:29.041688 シナリオ走行を終了しました [シナリオ名: ログイン]
[ADMIN] 16:19:29.056244 シナリオ走行を終了しました [シナリオ名: ログイン]
[ADMIN] 16:19:29.094423 シナリオ走行を終了しました [シナリオ名: ログイン]
[ADMIN] 16:19:29.134225 シナリオ走行を終了しました [シナリオ名: 新規ユーザー登録]
[ADMIN] 16:19:29.134261 シナリオ走行を開始しました [シナリオ名: 新規ユーザー登録]
[ADMIN] 16:19:29.134300 シナリオ走行を開始しました [シナリオ名: 新規ユーザー登録]
[ADMIN] 16:19:29.134311 シナリオ走行を開始しました [シナリオ名: 新規ユーザー登録]
[ADMIN] 16:19:29.134339 シナリオ走行を開始しました [シナリオ名: 新規ユーザー登録]
[ADMIN] 16:19:29.134424 シナリオ走行を開始しました [シナリオ名: 新規ユーザー登録]
[ADMIN] 16:19:29.134436 シナリオ走行を開始しました [シナリオ名: 新規ユーザー登録]
[ADMIN] 16:19:29.134441 シナリオ走行を開始しました [シナリオ名: 新規ユーザー登録]
[ADMIN] 16:19:29.134427 シナリオ走行を開始しました [シナリオ名: 新規ユーザー登録]
[ADMIN] 16:19:29.134305 シナリオ走行を開始しました [シナリオ名: 新規ユーザー登録]
[ADMIN] 16:19:29.144468 シナリオ走行を終了しました [シナリオ名: ログイン]
[ADMIN] 16:19:29.154126 シナリオ走行を終了しました [シナリオ名: ログイン]
[ADMIN] 16:19:29.248500 シナリオ走行を終了しました [シナリオ名: ログイン]
[ADMIN] 16:19:29.292620 シナリオ走行を終了しました [シナリオ名: ログイン]
[ADMIN] 16:19:29.324535 シナリオ走行を終了しました [シナリオ名: ログイン]
[ADMIN] 16:19:29.329952 シナリオ走行を終了しました [シナリオ名: ログイン]
[ADMIN] 16:19:29.379642 シナリオ走行を終了しました [シナリオ名: 新規ユーザー登録]
[ADMIN] 16:19:29.385702 シナリオ走行を終了しました [シナリオ名: Banユーザログイン]
[ADMIN] 16:19:29.385718 シナリオ走行を開始しました [シナリオ名: Banユーザログイン]
[ADMIN] 16:19:29.390084 シナリオ走行を終了しました [シナリオ名: ログイン]
[ADMIN] 16:19:29.400332 シナリオ走行を終了しました [シナリオ名: ログイン]
[ADMIN] 16:19:29.404398 シナリオ走行を終了しました [シナリオ名: Banユーザログイン]
[ADMIN] 16:19:29.404428 シナリオ走行を開始しました [シナリオ名: Banユーザログイン]
[ADMIN] 16:19:29.404442 シナリオ走行を開始しました [シナリオ名: Banユーザログイン]
[ADMIN] 16:19:29.404498 シナリオ走行を開始しました [シナリオ名: Banユーザログイン]
[ADMIN] 16:19:29.417560 シナリオ走行を終了しました [シナリオ名: 新規ユーザー登録]
[ADMIN] 16:19:29.441241 シナリオ走行を終了しました [シナリオ名: Banユーザログイン]
[ADMIN] 16:19:29.454400 シナリオ走行を終了しました [シナリオ名: ログイン]
[ADMIN] 16:19:29.478871 シナリオ走行を終了しました [シナリオ名: Banユーザログイン]
[ADMIN] 16:19:29.490716 シナリオ走行を終了しました [シナリオ名: Banユーザログイン]
[ADMIN] 16:19:29.537895 シナリオ走行を終了しました [シナリオ名: Banユーザログイン]
[ADMIN] 16:19:29.595317 シナリオ走行を終了しました [シナリオ名: ログイン]
[ADMIN] 16:19:29.600682 シナリオ走行を終了しました [シナリオ名: ログイン]
[ADMIN] 16:19:29.692221 シナリオ走行を終了しました [シナリオ名: ログイン]
[ADMIN] 16:19:29.693165 シナリオ走行を終了しました [シナリオ名: ログイン]
[ADMIN] 16:19:29.732577 シナリオ走行を終了しました [シナリオ名: ログイン]
[ADMIN] 16:19:29.733378 シナリオ走行を終了しました [シナリオ名: ログイン]
[ADMIN] 16:19:29.739868 シナリオ走行を終了しました [シナリオ名: ログイン]
[ADMIN] 16:19:29.779430 シナリオ走行を終了しました [シナリオ名: 新規ユーザー登録]
[ADMIN] 16:19:29.806662 シナリオ走行を終了しました [シナリオ名: ログイン]
[ADMIN] 16:19:29.825413 シナリオ走行を終了しました [シナリオ名: 新規ユーザー登録]
[ADMIN] 16:19:29.840742 シナリオ走行を終了しました [シナリオ名: ログイン]
[ADMIN] 16:19:29.845352 シナリオ走行を終了しました [シナリオ名: ログイン]
[ADMIN] 16:19:29.880042 シナリオ走行を終了しました [シナリオ名: ログイン]
[ADMIN] 16:19:29.884629 シナリオ走行を終了しました [シナリオ名: ログイン]
[ADMIN] 16:19:29.893930 シナリオ走行を終了しました [シナリオ名: ログイン]
[ADMIN] 16:19:29.906289 シナリオ走行を終了しました [シナリオ名: Banユーザログイン]
[ADMIN] 16:19:29.931736 シナリオ走行を終了しました [シナリオ名: ログイン]
[ADMIN] 16:19:29.936822 シナリオ走行を終了しました [シナリオ名: ログイン]
[ADMIN] 16:19:29.951374 シナリオ走行を終了しました [シナリオ名: Banユーザログイン]
[ADMIN] 16:19:29.951397 シナリオ走行を開始しました [シナリオ名: Banユーザログイン]
[ADMIN] 16:19:29.951402 シナリオ走行を開始しました [シナリオ名: Banユーザログイン]
[ADMIN] 16:19:29.951462 シナリオ走行を開始しました [シナリオ名: Banユーザログイン]
[ADMIN] 16:19:29.951567 シナリオ走行を開始しました [シナリオ名: Banユーザログイン]
[ADMIN] 16:19:29.951578 シナリオ走行を開始しました [シナリオ名: Banユーザログイン]
[ADMIN] 16:19:29.951573 シナリオ走行を開始しました [シナリオ名: Banユーザログイン]
[ADMIN] 16:19:29.955090 シナリオ走行を終了しました [シナリオ名: Banユーザログイン]
[ADMIN] 16:19:29.955108 シナリオ走行を開始しました [シナリオ名: Banユーザログイン]
[ADMIN] 16:19:29.957455 シナリオ走行を終了しました [シナリオ名: 新規ユーザー登録]
[ADMIN] 16:19:29.963113 シナリオ走行を終了しました [シナリオ名: ログイン]
[ADMIN] 16:19:29.963142 シナリオ走行を開始しました [シナリオ名: ログイン]
[ADMIN] 16:19:29.963192 シナリオ走行を開始しました [シナリオ名: ログイン]
[ADMIN] 16:19:29.963197 シナリオ走行を開始しました [シナリオ名: ログイン]
[ADMIN] 16:19:29.963222 シナリオ走行を開始しました [シナリオ名: ログイン]
[ADMIN] 16:19:29.963272 シナリオ走行を開始しました [シナリオ名: ログイン]
[ADMIN] 16:19:29.963327 シナリオ走行を開始しました [シナリオ名: ログイン]
[ADMIN] 16:19:29.963352 シナリオ走行を開始しました [シナリオ名: ログイン]
[ADMIN] 16:19:29.963388 シナリオ走行を開始しました [シナリオ名: ログイン]
[ADMIN] 16:19:29.963449 シナリオ走行を開始しました [シナリオ名: ログイン]
[ADMIN] 16:19:29.963513 シナリオ走行を開始しました [シナリオ名: ログイン]
[ADMIN] 16:19:29.963458 シナリオ走行を開始しました [シナリオ名: ログイン]
[ADMIN] 16:19:29.963460 シナリオ走行を開始しました [シナリオ名: ログイン]
[ADMIN] 16:19:29.963193 シナリオ走行を開始しました [シナリオ名: ログイン]
[ADMIN] 16:19:29.963462 シナリオ走行を開始しました [シナリオ名: ログイン]
[ADMIN] 16:19:29.963464 シナリオ走行を開始しました [シナリオ名: ログイン]
[ADMIN] 16:19:29.963466 シナリオ走行を開始しました [シナリオ名: ログイン]
[ADMIN] 16:19:29.963467 シナリオ走行を開始しました [シナリオ名: ログイン]
[ADMIN] 16:19:29.963468 シナリオ走行を開始しました [シナリオ名: ログイン]
[ADMIN] 16:19:29.963469 シナリオ走行を開始しました [シナリオ名: ログイン]
[ADMIN] 16:19:29.963474 シナリオ走行を開始しました [シナリオ名: ログイン]
[ADMIN] 16:19:29.963476 シナリオ走行を開始しました [シナリオ名: ログイン]
[ADMIN] 16:19:29.963195 シナリオ走行を開始しました [シナリオ名: ログイン]
[ADMIN] 16:19:29.963477 シナリオ走行を開始しました [シナリオ名: ログイン]
[ADMIN] 16:19:29.963480 シナリオ走行を開始しました [シナリオ名: ログイン]
[ADMIN] 16:19:29.963479 シナリオ走行を開始しました [シナリオ名: ログイン]
[ADMIN] 16:19:29.963482 シナリオ走行を開始しました [シナリオ名: ログイン]
[ADMIN] 16:19:29.963482 シナリオ走行を開始しました [シナリオ名: ログイン]
[ADMIN] 16:19:29.963485 シナリオ走行を開始しました [シナリオ名: ログイン]
[ADMIN] 16:19:29.963491 シナリオ走行を開始しました [シナリオ名: ログイン]
[ADMIN] 16:19:29.987774 シナリオ走行を終了しました [シナリオ名: Banユーザログイン]
[ADMIN] 16:19:29.987795 シナリオ走行を開始しました [シナリオ名: Banユーザログイン]
[ADMIN] 16:19:30.027307 シナリオ走行を終了しました [シナリオ名: 新規ユーザー登録]
[ADMIN] 16:19:30.043916 シナリオ走行を終了しました [シナリオ名: ログイン]
[ADMIN] 16:19:30.043932 シナリオ走行を開始しました [シナリオ名: ログイン]
[ADMIN] 16:19:30.046465 シナリオ走行を終了しました [シナリオ名: ログイン]
[ADMIN] 16:19:30.047332 シナリオ走行を終了しました [シナリオ名: ログイン]
[ADMIN] 16:19:30.108603 シナリオ走行を終了しました [シナリオ名: 新規ユーザー登録]
[ADMIN] 16:19:30.252771 シナリオ走行を終了しました [シナリオ名: ログイン]
[ADMIN] 16:19:30.280516 シナリオ走行を終了しました [シナリオ名: ログイン]
[ADMIN] 16:19:30.295228 シナリオ走行を終了しました [シナリオ名: ログイン]
[ADMIN] 16:19:30.298569 シナリオ走行を終了しました [シナリオ名: ログイン]
[ADMIN] 16:19:30.298584 シナリオ走行を開始しました [シナリオ名: ログイン]
[ADMIN] 16:19:30.298637 シナリオ走行を開始しました [シナリオ名: ログイン]
[ADMIN] 16:19:30.298648 シナリオ走行を開始しました [シナリオ名: ログイン]
[ADMIN] 16:19:30.298650 シナリオ走行を開始しました [シナリオ名: ログイン]
[ADMIN] 16:19:30.298653 シナリオ走行を開始しました [シナリオ名: ログイン]
[ADMIN] 16:19:30.298657 シナリオ走行を開始しました [シナリオ名: ログイン]
[ADMIN] 16:19:30.337521 シナリオ走行を終了しました [シナリオ名: 新規ユーザー登録]
[ADMIN] 16:19:30.350589 シナリオ走行を終了しました [シナリオ名: ログイン]
[ADMIN] 16:19:30.400586 シナリオ走行を終了しました [シナリオ名: 新規ユーザー登録]
[ADMIN] 16:19:30.436884 シナリオ走行を終了しました [シナリオ名: ログイン]
[ADMIN] 16:19:30.440892 シナリオ走行を終了しました [シナリオ名: ログイン]
[ADMIN] 16:19:30.445357 シナリオ走行を終了しました [シナリオ名: ログイン]
[ADMIN] 16:19:30.445369 シナリオ走行を開始しました [シナリオ名: ログイン]
[ADMIN] 16:19:30.445420 シナリオ走行を開始しました [シナリオ名: ログイン]
[ADMIN] 16:19:30.445432 シナリオ走行を開始しました [シナリオ名: ログイン]
[ADMIN] 16:19:30.445479 シナリオ走行を開始しました [シナリオ名: ログイン]
[ADMIN] 16:19:30.460488 シナリオ走行を終了しました [シナリオ名: ログイン]
[ADMIN] 16:19:30.460500 シナリオ走行を開始しました [シナリオ名: ログイン]
[ADMIN] 16:19:30.465611 シナリオ走行を終了しました [シナリオ名: ログイン]
[ADMIN] 16:19:30.470725 シナリオ走行を終了しました [シナリオ名: ログイン]
[ADMIN] 16:19:30.473106 シナリオ走行を終了しました [シナリオ名: ログイン]
[ADMIN] 16:19:30.473122 シナリオ走行を開始しました [シナリオ名: ログイン]
[ADMIN] 16:19:30.473186 シナリオ走行を開始しました [シナリオ名: ログイン]
[ADMIN] 16:19:30.473196 シナリオ走行を開始しました [シナリオ名: ログイン]
[ADMIN] 16:19:30.485924 シナリオ走行を終了しました [シナリオ名: Banユーザログイン]
[ADMIN] 16:19:30.485944 シナリオ走行を開始しました [シナリオ名: Banユーザログイン]
[ADMIN] 16:19:30.492968 シナリオ走行を終了しました [シナリオ名: Banユーザログイン]
[ADMIN] 16:19:30.492995 シナリオ走行を開始しました [シナリオ名: Banユーザログイン]
[ADMIN] 16:19:30.495581 シナリオ走行を終了しました [シナリオ名: Banユーザログイン]
[ADMIN] 16:19:30.495600 シナリオ走行を開始しました [シナリオ名: Banユーザログイン]
[ADMIN] 16:19:30.501378 シナリオ走行を終了しました [シナリオ名: ログイン]
[ADMIN] 16:19:30.507147 シナリオ走行を終了しました [シナリオ名: ログイン]
[ADMIN] 16:19:30.507158 シナリオ走行を開始しました [シナリオ名: ログイン]
[ADMIN] 16:19:30.507217 シナリオ走行を開始しました [シナリオ名: ログイン]
[ADMIN] 16:19:30.508079 シナリオ走行を終了しました [シナリオ名: ログイン]
[ADMIN] 16:19:30.508089 シナリオ走行を開始しました [シナリオ名: ログイン]
[ADMIN] 16:19:30.511446 シナリオ走行を終了しました [シナリオ名: Banユーザログイン]
[ADMIN] 16:19:30.511460 シナリオ走行を開始しました [シナリオ名: Banユーザログイン]
[ADMIN] 16:19:30.516203 シナリオ走行を終了しました [シナリオ名: Banユーザログイン]
[ADMIN] 16:19:30.516217 シナリオ走行を開始しました [シナリオ名: Banユーザログイン]
[ADMIN] 16:19:30.519888 シナリオ走行を終了しました [シナリオ名: Banユーザログイン]
[ADMIN] 16:19:30.519901 シナリオ走行を開始しました [シナリオ名: Banユーザログイン]
[ADMIN] 16:19:30.527163 シナリオ走行を終了しました [シナリオ名: Banユーザログイン]
[ADMIN] 16:19:30.527174 シナリオ走行を開始しました [シナリオ名: Banユーザログイン]
[ADMIN] 16:19:30.532865 シナリオ走行を終了しました [シナリオ名: 新規ユーザー登録]
[ADMIN] 16:19:30.541549 シナリオ走行を終了しました [シナリオ名: 新規ユーザー登録]
[ADMIN] 16:19:30.541998 シナリオ走行を終了しました [シナリオ名: ログイン]
[ADMIN] 16:19:30.588145 シナリオ走行を終了しました [シナリオ名: Banユーザログイン]
[ADMIN] 16:19:30.588173 シナリオ走行を開始しました [シナリオ名: Banユーザログイン]
[ADMIN] 16:19:30.609081 シナリオ走行を終了しました [シナリオ名: ログイン]
[ADMIN] 16:19:30.616788 シナリオ走行を終了しました [シナリオ名: ログイン]
[ADMIN] 16:19:30.616808 シナリオ走行を開始しました [シナリオ名: ログイン]
[ADMIN] 16:19:30.616839 シナリオ走行を開始しました [シナリオ名: ログイン]
[ADMIN] 16:19:30.616894 シナリオ走行を開始しました [シナリオ名: ログイン]
[ADMIN] 16:19:30.619075 シナリオ走行を終了しました [シナリオ名: ログイン]
[ADMIN] 16:19:30.619087 シナリオ走行を開始しました [シナリオ名: ログイン]
[ADMIN] 16:19:30.625018 シナリオ走行を終了しました [シナリオ名: ログイン]
[ADMIN] 16:19:30.625034 シナリオ走行を開始しました [シナリオ名: ログイン]
[ADMIN] 16:19:30.658426 シナリオ走行を終了しました [シナリオ名: ログイン]
[ADMIN] 16:19:30.658442 シナリオ走行を開始しました [シナリオ名: ログイン]
[ADMIN] 16:19:30.702294 シナリオ走行を終了しました [シナリオ名: ログイン]
[ADMIN] 16:19:30.702308 シナリオ走行を開始しました [シナリオ名: ログイン]
[ADMIN] 16:19:30.705689 シナリオ走行を終了しました [シナリオ名: 新規ユーザー登録]
[ADMIN] 16:19:30.707224 シナリオ走行を終了しました [シナリオ名: ログイン]
[ADMIN] 16:19:30.707236 シナリオ走行を開始しました [シナリオ名: ログイン]
[ADMIN] 16:19:30.712362 シナリオ走行を終了しました [シナリオ名: 新規ユーザー登録]
[ADMIN] 16:19:30.716823 シナリオ走行を終了しました [シナリオ名: 新規ユーザー登録]
[ADMIN] 16:19:30.759347 シナリオ走行を終了しました [シナリオ名: ログイン]
[ADMIN] 16:19:30.764787 シナリオ走行を終了しました [シナリオ名: ログイン]
[ADMIN] 16:19:30.764802 シナリオ走行を開始しました [シナリオ名: ログイン]
[ADMIN] 16:19:30.764853 シナリオ走行を開始しました [シナリオ名: ログイン]
[ADMIN] 16:19:30.841599 シナリオ走行を終了しました [シナリオ名: ログイン]
[ADMIN] 16:19:30.841617 シナリオ走行を開始しました [シナリオ名: ログイン]
[ADMIN] 16:19:30.884730 シナリオ走行を終了しました [シナリオ名: 新規ユーザー登録]
[ADMIN] 16:19:30.918077 シナリオ走行を終了しました [シナリオ名: 新規ユーザー登録]
[ADMIN] 16:19:30.991156 シナリオ走行を終了しました [シナリオ名: ログイン]
[ADMIN] 16:19:30.991172 シナリオ走行を開始しました [シナリオ名: ログイン]
[ADMIN] 16:19:31.035394 シナリオ走行を終了しました [シナリオ名: 新規ユーザー登録]
[ADMIN] 16:19:31.035442 シナリオ走行を開始しました [シナリオ名: 新規ユーザー登録]
[ADMIN] 16:19:31.035458 シナリオ走行を開始しました [シナリオ名: 新規ユーザー登録]
[ADMIN] 16:19:31.035465 シナリオ走行を開始しました [シナリオ名: 新規ユーザー登録]
[ADMIN] 16:19:31.035593 シナリオ走行を開始しました [シナリオ名: 新規ユーザー登録]
[ADMIN] 16:19:31.035613 シナリオ走行を開始しました [シナリオ名: 新規ユーザー登録]
[ADMIN] 16:19:31.035628 シナリオ走行を開始しました [シナリオ名: 新規ユーザー登録]
[ADMIN] 16:19:31.035709 シナリオ走行を開始しました [シナリオ名: 新規ユーザー登録]
[ADMIN] 16:19:31.035727 シナリオ走行を開始しました [シナリオ名: 新規ユーザー登録]
[ADMIN] 16:19:31.035727 シナリオ走行を開始しました [シナリオ名: 新規ユーザー登録]
[ADMIN] 16:19:31.035458 シナリオ走行を開始しました [シナリオ名: 新規ユーザー登録]
[ADMIN] 16:19:31.035739 シナリオ走行を開始しました [シナリオ名: 新規ユーザー登録]
[ADMIN] 16:19:31.035739 シナリオ走行を開始しました [シナリオ名: 新規ユーザー登録]
[ADMIN] 16:19:31.035746 シナリオ走行を開始しました [シナリオ名: 新規ユーザー登録]
[ADMIN] 16:19:31.035748 シナリオ走行を開始しました [シナリオ名: 新規ユーザー登録]
[ADMIN] 16:19:31.035754 シナリオ走行を開始しました [シナリオ名: 新規ユーザー登録]
[ADMIN] 16:19:31.035754 シナリオ走行を開始しました [シナリオ名: 新規ユーザー登録]
[ADMIN] 16:19:31.035759 シナリオ走行を開始しました [シナリオ名: 新規ユーザー登録]
[ADMIN] 16:19:31.037748 シナリオ走行を終了しました [シナリオ名: ログイン]
[ADMIN] 16:19:31.037756 シナリオ走行を開始しました [シナリオ名: ログイン]
[ADMIN] 16:19:31.044102 シナリオ走行を終了しました [シナリオ名: Banユーザログイン]
[ADMIN] 16:19:31.044118 シナリオ走行を開始しました [シナリオ名: Banユーザログイン]
[ADMIN] 16:19:31.049213 シナリオ走行を終了しました [シナリオ名: Banユーザログイン]
[ADMIN] 16:19:31.049230 シナリオ走行を開始しました [シナリオ名: Banユーザログイン]
[ADMIN] 16:19:31.049319 シナリオ走行を終了しました [シナリオ名: 新規ユーザー登録]
[ADMIN] 16:19:31.053934 シナリオ走行を終了しました [シナリオ名: Banユーザログイン]
[ADMIN] 16:19:31.053951 シナリオ走行を開始しました [シナリオ名: Banユーザログイン]
[ADMIN] 16:19:31.057807 シナリオ走行を終了しました [シナリオ名: Banユーザログイン]
[ADMIN] 16:19:31.057838 シナリオ走行を開始しました [シナリオ名: Banユーザログイン]
[ADMIN] 16:19:31.069064 シナリオ走行を終了しました [シナリオ名: ログイン]
[ADMIN] 16:19:31.069082 シナリオ走行を開始しました [シナリオ名: ログイン]
[ADMIN] 16:19:31.069615 シナリオ走行を終了しました [シナリオ名: ログイン]
[ADMIN] 16:19:31.069627 シナリオ走行を開始しました [シナリオ名: ログイン]
[ADMIN] 16:19:31.070201 シナリオ走行を終了しました [シナリオ名: ログイン]
[ADMIN] 16:19:31.070210 シナリオ走行を開始しました [シナリオ名: ログイン]
[ADMIN] 16:19:31.109338 シナリオ走行を終了しました [シナリオ名: Banユーザログイン]
[ADMIN] 16:19:31.109355 シナリオ走行を終了しました [シナリオ名: Banユーザログイン]
[ADMIN] 16:19:31.109364 シナリオ走行を開始しました [シナリオ名: Banユーザログイン]
[ADMIN] 16:19:31.109375 シナリオ走行を開始しました [シナリオ名: Banユーザログイン]
[ADMIN] 16:19:31.124893 シナリオ走行を終了しました [シナリオ名: Banユーザログイン]
[ADMIN] 16:19:31.124915 シナリオ走行を開始しました [シナリオ名: Banユーザログイン]
[ADMIN] 16:19:31.127048 シナリオ走行を終了しました [シナリオ名: ログイン]
[ADMIN] 16:19:31.127063 シナリオ走行を開始しました [シナリオ名: ログイン]
[ADMIN] 16:19:31.144506 シナリオ走行を終了しました [シナリオ名: Banユーザログイン]
[ADMIN] 16:19:31.144531 シナリオ走行を開始しました [シナリオ名: Banユーザログイン]
[ADMIN] 16:19:31.220600 シナリオ走行を終了しました [シナリオ名: ログイン]
[ADMIN] 16:19:31.220614 シナリオ走行を開始しました [シナリオ名: ログイン]
[ADMIN] 16:19:31.227497 シナリオ走行を終了しました [シナリオ名: 新規ユーザー登録]
[ADMIN] 16:19:31.304201 シナリオ走行を終了しました [シナリオ名: ログイン]
[ADMIN] 16:19:31.304214 シナリオ走行を開始しました [シナリオ名: ログイン]
[ADMIN] 16:19:31.332359 シナリオ走行を終了しました [シナリオ名: 新規ユーザー登録]
[ADMIN] 16:19:31.345350 シナリオ走行を終了しました [シナリオ名: 新規ユーザー登録]
[ADMIN] 16:19:31.345378 シナリオ走行を開始しました [シナリオ名: 新規ユーザー登録]
[ADMIN] 16:19:31.345445 シナリオ走行を開始しました [シナリオ名: 新規ユーザー登録]
[ADMIN] 16:19:31.345458 シナリオ走行を開始しました [シナリオ名: 新規ユーザー登録]
[ADMIN] 16:19:31.345506 シナリオ走行を開始しました [シナリオ名: 新規ユーザー登録]
[ADMIN] 16:19:31.415108 シナリオ走行を終了しました [シナリオ名: ログイン]
[ADMIN] 16:19:31.415122 シナリオ走行を開始しました [シナリオ名: ログイン]
[ADMIN] 16:19:31.424849 シナリオ走行を終了しました [シナリオ名: ログイン]
[ADMIN] 16:19:31.424861 シナリオ走行を開始しました [シナリオ名: ログイン]
[ADMIN] 16:19:31.425641 シナリオ走行を終了しました [シナリオ名: ログイン]
[ADMIN] 16:19:31.425649 シナリオ走行を開始しました [シナリオ名: ログイン]
[ADMIN] 16:19:31.457950 シナリオ走行を終了しました [シナリオ名: 新規ユーザー登録]
[ADMIN] 16:19:31.469919 シナリオ走行を終了しました [シナリオ名: ログイン]
[ADMIN] 16:19:31.469932 シナリオ走行を開始しました [シナリオ名: ログイン]
[ADMIN] 16:19:31.521590 シナリオ走行を終了しました [シナリオ名: 新規ユーザー登録]
[ADMIN] 16:19:31.521616 シナリオ走行を開始しました [シナリオ名: 新規ユーザー登録]
[ADMIN] 16:19:31.521667 シナリオ走行を開始しました [シナリオ名: 新規ユーザー登録]
[ADMIN] 16:19:31.575363 シナリオ走行を終了しました [シナリオ名: ログイン]
[ADMIN] 16:19:31.575379 シナリオ走行を開始しました [シナリオ名: ログイン]
[ADMIN] 16:19:31.578803 シナリオ走行を終了しました [シナリオ名: 新規ユーザー登録]
[ADMIN] 16:19:31.578827 シナリオ走行を開始しました [シナリオ名: 新規ユーザー登録]
[ADMIN] 16:19:31.596309 シナリオ走行を終了しました [シナリオ名: 新規ユーザー登録]
[ADMIN] 16:19:31.596328 シナリオ走行を開始しました [シナリオ名: 新規ユーザー登録]
[ADMIN] 16:19:31.624855 シナリオ走行を終了しました [シナリオ名: ログイン]
[ADMIN] 16:19:31.624869 シナリオ走行を開始しました [シナリオ名: ログイン]
[ADMIN] 16:19:31.631852 シナリオ走行を終了しました [シナリオ名: 新規ユーザー登録]
[ADMIN] 16:19:31.631873 シナリオ走行を開始しました [シナリオ名: 新規ユーザー登録]
[ADMIN] 16:19:31.654551 シナリオ走行を終了しました [シナリオ名: 新規ユーザー登録]
[ADMIN] 16:19:31.654572 シナリオ走行を開始しました [シナリオ名: 新規ユーザー登録]
[ADMIN] 16:19:31.675465 シナリオ走行を終了しました [シナリオ名: Banユーザログイン]
[ADMIN] 16:19:31.675482 シナリオ走行を開始しました [シナリオ名: Banユーザログイン]
[ADMIN] 16:19:31.680325 シナリオ走行を終了しました [シナリオ名: ログイン]
[ADMIN] 16:19:31.680337 シナリオ走行を開始しました [シナリオ名: ログイン]
[ADMIN] 16:19:31.688293 シナリオ走行を終了しました [シナリオ名: 新規ユーザー登録]
[ADMIN] 16:19:31.688318 シナリオ走行を開始しました [シナリオ名: 新規ユーザー登録]
[ADMIN] 16:19:31.695357 シナリオ走行を終了しました [シナリオ名: ログイン]
[ADMIN] 16:19:31.695368 シナリオ走行を開始しました [シナリオ名: ログイン]
[ADMIN] 16:19:31.712095 シナリオ走行を終了しました [シナリオ名: Banユーザログイン]
[ADMIN] 16:19:31.712111 シナリオ走行を開始しました [シナリオ名: Banユーザログイン]
[ADMIN] 16:19:31.717596 シナリオ走行を終了しました [シナリオ名: ログイン]
[ADMIN] 16:19:31.717607 シナリオ走行を開始しました [シナリオ名: ログイン]
[ADMIN] 16:19:31.717733 シナリオ走行を終了しました [シナリオ名: Banユーザログイン]
[ADMIN] 16:19:31.717748 シナリオ走行を開始しました [シナリオ名: Banユーザログイン]
[ADMIN] 16:19:31.729241 シナリオ走行を終了しました [シナリオ名: Banユーザログイン]
[ADMIN] 16:19:31.729255 シナリオ走行を開始しました [シナリオ名: Banユーザログイン]
[ADMIN] 16:19:31.739948 シナリオ走行を終了しました [シナリオ名: Banユーザログイン]
[ADMIN] 16:19:31.739970 シナリオ走行を開始しました [シナリオ名: Banユーザログイン]
[ADMIN] 16:19:31.745409 シナリオ走行を終了しました [シナリオ名: Banユーザログイン]
[ADMIN] 16:19:31.745423 シナリオ走行を開始しました [シナリオ名: Banユーザログイン]
[ADMIN] 16:19:31.762436 シナリオ走行を終了しました [シナリオ名: ログイン]
[ADMIN] 16:19:31.762450 シナリオ走行を開始しました [シナリオ名: ログイン]
[ADMIN] 16:19:31.764431 シナリオ走行を終了しました [シナリオ名: ログイン]
[ADMIN] 16:19:31.764440 シナリオ走行を開始しました [シナリオ名: ログイン]
[ADMIN] 16:19:31.768555 シナリオ走行を終了しました [シナリオ名: ログイン]
[ADMIN] 16:19:31.768567 シナリオ走行を開始しました [シナリオ名: ログイン]
[ADMIN] 16:19:31.774068 シナリオ走行を終了しました [シナリオ名: 新規ユーザー登録]
[ADMIN] 16:19:31.774088 シナリオ走行を開始しました [シナリオ名: 新規ユーザー登録]
[ADMIN] 16:19:31.774170 シナリオ走行を終了しました [シナリオ名: ログイン]
[ADMIN] 16:19:31.774183 シナリオ走行を開始しました [シナリオ名: ログイン]
[ADMIN] 16:19:31.776635 シナリオ走行を終了しました [シナリオ名: Banユーザログイン]
[ADMIN] 16:19:31.776649 シナリオ走行を開始しました [シナリオ名: Banユーザログイン]
[ADMIN] 16:19:31.794743 シナリオ走行を終了しました [シナリオ名: ログイン]
[ADMIN] 16:19:31.794753 シナリオ走行を開始しました [シナリオ名: ログイン]
[ADMIN] 16:19:31.800153 シナリオ走行を終了しました [シナリオ名: ログイン]
[ADMIN] 16:19:31.800162 シナリオ走行を開始しました [シナリオ名: ログイン]
[ADMIN] 16:19:31.804857 シナリオ走行を終了しました [シナリオ名: ログイン]
[ADMIN] 16:19:31.804865 シナリオ走行を開始しました [シナリオ名: ログイン]
[ADMIN] 16:19:31.805995 シナリオ走行を終了しました [シナリオ名: ログイン]
[ADMIN] 16:19:31.806005 シナリオ走行を開始しました [シナリオ名: ログイン]
[ADMIN] 16:19:31.819723 シナリオ走行を終了しました [シナリオ名: ログイン]
[ADMIN] 16:19:31.819738 シナリオ走行を開始しました [シナリオ名: ログイン]
[ADMIN] 16:19:31.834662 シナリオ走行を終了しました [シナリオ名: ログイン]
[ADMIN] 16:19:31.834673 シナリオ走行を開始しました [シナリオ名: ログイン]
[ADMIN] 16:19:31.841358 シナリオ走行を終了しました [シナリオ名: Banユーザログイン]
[ADMIN] 16:19:31.841372 シナリオ走行を開始しました [シナリオ名: Banユーザログイン]
[ADMIN] 16:19:31.877606 シナリオ走行を終了しました [シナリオ名: ログイン]
[ADMIN] 16:19:31.877618 シナリオ走行を開始しました [シナリオ名: ログイン]
[ADMIN] 16:19:31.925717 シナリオ走行を終了しました [シナリオ名: ログイン]
[ADMIN] 16:19:31.925727 シナリオ走行を開始しました [シナリオ名: ログイン]
[ADMIN] 16:19:31.936354 シナリオ走行を終了しました [シナリオ名: ログイン]
[ADMIN] 16:19:31.936365 シナリオ走行を開始しました [シナリオ名: ログイン]
[ADMIN] 16:19:31.954575 シナリオ走行を終了しました [シナリオ名: ログイン]
[ADMIN] 16:19:31.954590 シナリオ走行を開始しました [シナリオ名: ログイン]
[ADMIN] 16:19:31.964947 シナリオ走行を終了しました [シナリオ名: ログイン]
[ADMIN] 16:19:31.964957 シナリオ走行を開始しました [シナリオ名: ログイン]
[ADMIN] 16:19:31.977952 シナリオ走行を終了しました [シナリオ名: ログイン]
[ADMIN] 16:19:31.977962 シナリオ走行を開始しました [シナリオ名: ログイン]
[ADMIN] 16:19:31.999898 シナリオ走行を終了しました [シナリオ名: ログイン]
[ADMIN] 16:19:31.999908 シナリオ走行を開始しました [シナリオ名: ログイン]
[ADMIN] 16:19:32.010206 シナリオ走行を終了しました [シナリオ名: ログイン]
[ADMIN] 16:19:32.010215 シナリオ走行を開始しました [シナリオ名: ログイン]
[ADMIN] 16:19:32.050275 シナリオ走行を終了しました [シナリオ名: ログイン]
[ADMIN] 16:19:32.050288 シナリオ走行を開始しました [シナリオ名: ログイン]
[ADMIN] 16:19:32.058730 シナリオ走行を終了しました [シナリオ名: ログイン]
[ADMIN] 16:19:32.058743 シナリオ走行を開始しました [シナリオ名: ログイン]
[ADMIN] 16:19:32.059587 シナリオ走行を終了しました [シナリオ名: ログイン]
[ADMIN] 16:19:32.059595 シナリオ走行を開始しました [シナリオ名: ログイン]
[ADMIN] 16:19:32.106925 シナリオ走行を終了しました [シナリオ名: ログイン]
[ADMIN] 16:19:32.106939 シナリオ走行を開始しました [シナリオ名: ログイン]
[ADMIN] 16:19:32.109162 シナリオ走行を終了しました [シナリオ名: ログイン]
[ADMIN] 16:19:32.109172 シナリオ走行を開始しました [シナリオ名: ログイン]
[ADMIN] 16:19:32.224009 シナリオ走行を終了しました [シナリオ名: ログイン]
[ADMIN] 16:19:32.224022 シナリオ走行を開始しました [シナリオ名: ログイン]
[ADMIN] 16:19:32.245460 シナリオ走行を終了しました [シナリオ名: ログイン]
[ADMIN] 16:19:32.245473 シナリオ走行を開始しました [シナリオ名: ログイン]
[ADMIN] 16:19:32.274538 シナリオ走行を終了しました [シナリオ名: ログイン]
[ADMIN] 16:19:32.274551 シナリオ走行を開始しました [シナリオ名: ログイン]
[ADMIN] 16:19:32.278367 シナリオ走行を終了しました [シナリオ名: ログイン]
[ADMIN] 16:19:32.278385 シナリオ走行を開始しました [シナリオ名: ログイン]
[ADMIN] 16:19:32.280280 シナリオ走行を終了しました [シナリオ名: ログイン]
[ADMIN] 16:19:32.280290 シナリオ走行を開始しました [シナリオ名: ログイン]
[ADMIN] 16:19:32.286970 シナリオ走行を終了しました [シナリオ名: Banユーザログイン]
[ADMIN] 16:19:32.286989 シナリオ走行を開始しました [シナリオ名: Banユーザログイン]
[ADMIN] 16:19:32.294478 シナリオ走行を終了しました [シナリオ名: Banユーザログイン]
[ADMIN] 16:19:32.294495 シナリオ走行を開始しました [シナリオ名: Banユーザログイン]
[ADMIN] 16:19:32.298484 シナリオ走行を終了しました [シナリオ名: ログイン]
[ADMIN] 16:19:32.298494 シナリオ走行を開始しました [シナリオ名: ログイン]
[ADMIN] 16:19:32.300689 シナリオ走行を終了しました [シナリオ名: ログイン]
[ADMIN] 16:19:32.300697 シナリオ走行を開始しました [シナリオ名: ログイン]
[ADMIN] 16:19:32.307640 シナリオ走行を終了しました [シナリオ名: Banユーザログイン]
[ADMIN] 16:19:32.307655 シナリオ走行を開始しました [シナリオ名: Banユーザログイン]
[ADMIN] 16:19:32.308977 シナリオ走行を終了しました [シナリオ名: ログイン]
[ADMIN] 16:19:32.308984 シナリオ走行を開始しました [シナリオ名: ログイン]
[ADMIN] 16:19:32.317292 シナリオ走行を終了しました [シナリオ名: Banユーザログイン]
[ADMIN] 16:19:32.317307 シナリオ走行を開始しました [シナリオ名: Banユーザログイン]
[ADMIN] 16:19:32.318645 シナリオ走行を終了しました [シナリオ名: Banユーザログイン]
[ADMIN] 16:19:32.318661 シナリオ走行を開始しました [シナリオ名: Banユーザログイン]
[ADMIN] 16:19:32.322080 シナリオ走行を終了しました [シナリオ名: ログイン]
[ADMIN] 16:19:32.322090 シナリオ走行を開始しました [シナリオ名: ログイン]
[ADMIN] 16:19:32.327031 シナリオ走行を終了しました [シナリオ名: Banユーザログイン]
[ADMIN] 16:19:32.327049 シナリオ走行を開始しました [シナリオ名: Banユーザログイン]
[ADMIN] 16:19:32.374752 シナリオ走行を終了しました [シナリオ名: ログイン]
[ADMIN] 16:19:32.374764 シナリオ走行を開始しました [シナリオ名: ログイン]
[ADMIN] 16:19:32.389148 シナリオ走行を終了しました [シナリオ名: Banユーザログイン]
[ADMIN] 16:19:32.389164 シナリオ走行を開始しました [シナリオ名: Banユーザログイン]
[ADMIN] 16:19:32.399641 シナリオ走行を終了しました [シナリオ名: ログイン]
[ADMIN] 16:19:32.399652 シナリオ走行を開始しました [シナリオ名: ログイン]
[ADMIN] 16:19:32.399657 シナリオ走行を終了しました [シナリオ名: ログイン]
[ADMIN] 16:19:32.399664 シナリオ走行を開始しました [シナリオ名: ログイン]
[ADMIN] 16:19:32.415602 シナリオ走行を終了しました [シナリオ名: Banユーザログイン]
[ADMIN] 16:19:32.415618 シナリオ走行を開始しました [シナリオ名: Banユーザログイン]
[ADMIN] 16:19:32.453521 シナリオ走行を終了しました [シナリオ名: ログイン]
[ADMIN] 16:19:32.453531 シナリオ走行を開始しました [シナリオ名: ログイン]
[ADMIN] 16:19:32.493526 シナリオ走行を終了しました [シナリオ名: ログイン]
[ADMIN] 16:19:32.493539 シナリオ走行を開始しました [シナリオ名: ログイン]
[ADMIN] 16:19:32.592486 シナリオ走行を終了しました [シナリオ名: ログイン]
[ADMIN] 16:19:32.592500 シナリオ走行を開始しました [シナリオ名: ログイン]
[ADMIN] 16:19:32.627397 シナリオ走行を終了しました [シナリオ名: ログイン]
[ADMIN] 16:19:32.627411 シナリオ走行を開始しました [シナリオ名: ログイン]
[ADMIN] 16:19:32.635591 シナリオ走行を終了しました [シナリオ名: ログイン]
[ADMIN] 16:19:32.635601 シナリオ走行を開始しました [シナリオ名: ログイン]
[ADMIN] 16:19:32.737071 シナリオ走行を終了しました [シナリオ名: ログイン]
[ADMIN] 16:19:32.737084 シナリオ走行を開始しました [シナリオ名: ログイン]
[ADMIN] 16:19:32.787554 シナリオ走行を終了しました [シナリオ名: ログイン]
[ADMIN] 16:19:32.787570 シナリオ走行を開始しました [シナリオ名: ログイン]
[ADMIN] 16:19:32.790319 シナリオ走行を終了しました [シナリオ名: ログイン]
[ADMIN] 16:19:32.790332 シナリオ走行を開始しました [シナリオ名: ログイン]
[ADMIN] 16:19:32.838584 シナリオ走行を終了しました [シナリオ名: Banユーザログイン]
[ADMIN] 16:19:32.838602 シナリオ走行を開始しました [シナリオ名: Banユーザログイン]
[ADMIN] 16:19:32.849067 シナリオ走行を終了しました [シナリオ名: ログイン]
[ADMIN] 16:19:32.849081 シナリオ走行を開始しました [シナリオ名: ログイン]
[ADMIN] 16:19:32.852536 シナリオ走行を終了しました [シナリオ名: Banユーザログイン]
[ADMIN] 16:19:32.852550 シナリオ走行を開始しました [シナリオ名: Banユーザログイン]
[ADMIN] 16:19:32.863256 シナリオ走行を終了しました [シナリオ名: Banユーザログイン]
[ADMIN] 16:19:32.863271 シナリオ走行を開始しました [シナリオ名: Banユーザログイン]
[ADMIN] 16:19:32.864782 シナリオ走行を終了しました [シナリオ名: ログイン]
[ADMIN] 16:19:32.864791 シナリオ走行を開始しました [シナリオ名: ログイン]
[ADMIN] 16:19:32.876664 シナリオ走行を終了しました [シナリオ名: Banユーザログイン]
[ADMIN] 16:19:32.876678 シナリオ走行を開始しました [シナリオ名: Banユーザログイン]
[ADMIN] 16:19:32.890194 シナリオ走行を終了しました [シナリオ名: ログイン]
[ADMIN] 16:19:32.890203 シナリオ走行を開始しました [シナリオ名: ログイン]
[ADMIN] 16:19:32.903678 シナリオ走行を終了しました [シナリオ名: Banユーザログイン]
[ADMIN] 16:19:32.903691 シナリオ走行を開始しました [シナリオ名: Banユーザログイン]
[ADMIN] 16:19:32.930569 シナリオ走行を終了しました [シナリオ名: Banユーザログイン]
[ADMIN] 16:19:32.930582 シナリオ走行を開始しました [シナリオ名: Banユーザログイン]
[ADMIN] 16:19:32.951878 シナリオ走行を終了しました [シナリオ名: Banユーザログイン]
[ADMIN] 16:19:32.951891 シナリオ走行を開始しました [シナリオ名: Banユーザログイン]
[ADMIN] 16:19:32.980578 シナリオ走行を終了しました [シナリオ名: Banユーザログイン]
[ADMIN] 16:19:32.980594 シナリオ走行を開始しました [シナリオ名: Banユーザログイン]
[ADMIN] 16:19:33.023454 シナリオ走行を終了しました [シナリオ名: ログイン]
[ADMIN] 16:19:33.023470 シナリオ走行を開始しました [シナリオ名: ログイン]
[ADMIN] 16:19:33.026296 シナリオ走行を終了しました [シナリオ名: ログイン]
[ADMIN] 16:19:33.026309 シナリオ走行を開始しました [シナリオ名: ログイン]
[ADMIN] 16:19:33.073280 シナリオ走行を終了しました [シナリオ名: ログイン]
[ADMIN] 16:19:33.073295 シナリオ走行を開始しました [シナリオ名: ログイン]
[ADMIN] 16:19:33.148016 シナリオ走行を終了しました [シナリオ名: ログイン]
[ADMIN] 16:19:33.148032 シナリオ走行を開始しました [シナリオ名: ログイン]
[ADMIN] 16:19:33.157688 シナリオ走行を終了しました [シナリオ名: ログイン]
[ADMIN] 16:19:33.157702 シナリオ走行を開始しました [シナリオ名: ログイン]
[ADMIN] 16:19:33.230890 シナリオ走行を終了しました [シナリオ名: ログイン]
[ADMIN] 16:19:33.230906 シナリオ走行を開始しました [シナリオ名: ログイン]
[ADMIN] 16:19:33.244566 シナリオ走行を終了しました [シナリオ名: ログイン]
[ADMIN] 16:19:33.244578 シナリオ走行を開始しました [シナリオ名: ログイン]
[ADMIN] 16:19:33.253551 シナリオ走行を終了しました [シナリオ名: ログイン]
[ADMIN] 16:19:33.253562 シナリオ走行を開始しました [シナリオ名: ログイン]
[ADMIN] 16:19:33.306449 シナリオ走行を終了しました [シナリオ名: ログイン]
[ADMIN] 16:19:33.306463 シナリオ走行を開始しました [シナリオ名: ログイン]
[ADMIN] 16:19:33.344446 シナリオ走行を終了しました [シナリオ名: ログイン]
[ADMIN] 16:19:33.344459 シナリオ走行を開始しました [シナリオ名: ログイン]
[ADMIN] 16:19:33.352154 シナリオ走行を終了しました [シナリオ名: ログイン]
[ADMIN] 16:19:33.352163 シナリオ走行を開始しました [シナリオ名: ログイン]
[ADMIN] 16:19:33.359204 シナリオ走行を終了しました [シナリオ名: ログイン]
[ADMIN] 16:19:33.359215 シナリオ走行を開始しました [シナリオ名: ログイン]
[ADMIN] 16:19:33.366334 シナリオ走行を終了しました [シナリオ名: ログイン]
[ADMIN] 16:19:33.366344 シナリオ走行を開始しました [シナリオ名: ログイン]
[ADMIN] 16:19:33.381360 シナリオ走行を終了しました [シナリオ名: Banユーザログイン]
[ADMIN] 16:19:33.381374 シナリオ走行を開始しました [シナリオ名: Banユーザログイン]
[ADMIN] 16:19:33.389569 シナリオ走行を終了しました [シナリオ名: 新規ユーザー登録]
[ADMIN] 16:19:33.389590 シナリオ走行を開始しました [シナリオ名: 新規ユーザー登録]
[ADMIN] 16:19:33.403888 シナリオ走行を終了しました [シナリオ名: ログイン]
[ADMIN] 16:19:33.403898 シナリオ走行を開始しました [シナリオ名: ログイン]
[ADMIN] 16:19:33.405848 シナリオ走行を終了しました [シナリオ名: 新規ユーザー登録]
[ADMIN] 16:19:33.405864 シナリオ走行を開始しました [シナリオ名: 新規ユーザー登録]
[ADMIN] 16:19:33.408208 シナリオ走行を終了しました [シナリオ名: Banユーザログイン]
[ADMIN] 16:19:33.408225 シナリオ走行を開始しました [シナリオ名: Banユーザログイン]
[ADMIN] 16:19:33.425785 シナリオ走行を終了しました [シナリオ名: ログイン]
[ADMIN] 16:19:33.425795 シナリオ走行を開始しました [シナリオ名: ログイン]
[ADMIN] 16:19:33.438609 シナリオ走行を終了しました [シナリオ名: Banユーザログイン]
[ADMIN] 16:19:33.438630 シナリオ走行を開始しました [シナリオ名: Banユーザログイン]
[ADMIN] 16:19:33.440030 シナリオ走行を終了しました [シナリオ名: Banユーザログイン]
[ADMIN] 16:19:33.440044 シナリオ走行を開始しました [シナリオ名: Banユーザログイン]
[ADMIN] 16:19:33.480885 シナリオ走行を終了しました [シナリオ名: 新規ユーザー登録]
[ADMIN] 16:19:33.480914 シナリオ走行を開始しました [シナリオ名: 新規ユーザー登録]
[ADMIN] 16:19:33.487103 シナリオ走行を終了しました [シナリオ名: 新規ユーザー登録]
[ADMIN] 16:19:33.487124 シナリオ走行を開始しました [シナリオ名: 新規ユーザー登録]
[ADMIN] 16:19:33.489697 シナリオ走行を終了しました [シナリオ名: Banユーザログイン]
[ADMIN] 16:19:33.489711 シナリオ走行を開始しました [シナリオ名: Banユーザログイン]
[ADMIN] 16:19:33.500562 シナリオ走行を終了しました [シナリオ名: Banユーザログイン]
[ADMIN] 16:19:33.500578 シナリオ走行を開始しました [シナリオ名: Banユーザログイン]
[ADMIN] 16:19:33.525002 シナリオ走行を終了しました [シナリオ名: ログイン]
[ADMIN] 16:19:33.525014 シナリオ走行を開始しました [シナリオ名: ログイン]
[ADMIN] 16:19:33.550491 シナリオ走行を終了しました [シナリオ名: 新規ユーザー登録]
[ADMIN] 16:19:33.550515 シナリオ走行を開始しました [シナリオ名: 新規ユーザー登録]
[ADMIN] 16:19:33.556101 シナリオ走行を終了しました [シナリオ名: Banユーザログイン]
[ADMIN] 16:19:33.556114 シナリオ走行を開始しました [シナリオ名: Banユーザログイン]
[ADMIN] 16:19:33.564560 シナリオ走行を終了しました [シナリオ名: Banユーザログイン]
[ADMIN] 16:19:33.564577 シナリオ走行を開始しました [シナリオ名: Banユーザログイン]
[ADMIN] 16:19:33.576383 シナリオ走行を終了しました [シナリオ名: ログイン]
[ADMIN] 16:19:33.576392 シナリオ走行を開始しました [シナリオ名: ログイン]
[ADMIN] 16:19:33.582177 シナリオ走行を終了しました [シナリオ名: ログイン]
[ADMIN] 16:19:33.582186 シナリオ走行を開始しました [シナリオ名: ログイン]
[ADMIN] 16:19:33.596475 シナリオ走行を終了しました [シナリオ名: 新規ユーザー登録]
[ADMIN] 16:19:33.596504 シナリオ走行を開始しました [シナリオ名: 新規ユーザー登録]
[ADMIN] 16:19:33.620254 シナリオ走行を終了しました [シナリオ名: ログイン]
[ADMIN] 16:19:33.620266 シナリオ走行を開始しました [シナリオ名: ログイン]
[ADMIN] 16:19:33.652859 シナリオ走行を終了しました [シナリオ名: ログイン]
[ADMIN] 16:19:33.652870 シナリオ走行を開始しました [シナリオ名: ログイン]
[ADMIN] 16:19:33.655849 シナリオ走行を終了しました [シナリオ名: 新規ユーザー登録]
[ADMIN] 16:19:33.655865 シナリオ走行を開始しました [シナリオ名: 新規ユーザー登録]
[ADMIN] 16:19:33.679264 シナリオ走行を終了しました [シナリオ名: ログイン]
[ADMIN] 16:19:33.679280 シナリオ走行を開始しました [シナリオ名: ログイン]
[ADMIN] 16:19:33.679775 シナリオ走行を終了しました [シナリオ名: ログイン]
[ADMIN] 16:19:33.679786 シナリオ走行を開始しました [シナリオ名: ログイン]
[ADMIN] 16:19:33.680371 シナリオ走行を終了しました [シナリオ名: 新規ユーザー登録]
[ADMIN] 16:19:33.680386 シナリオ走行を開始しました [シナリオ名: 新規ユーザー登録]
[ADMIN] 16:19:33.685160 シナリオ走行を終了しました [シナリオ名: ログイン]
[ADMIN] 16:19:33.685171 シナリオ走行を開始しました [シナリオ名: ログイン]
[ADMIN] 16:19:33.689761 シナリオ走行を終了しました [シナリオ名: ログイン]
[ADMIN] 16:19:33.689770 シナリオ走行を開始しました [シナリオ名: ログイン]
[ADMIN] 16:19:33.700774 シナリオ走行を終了しました [シナリオ名: ログイン]
[ADMIN] 16:19:33.700785 シナリオ走行を開始しました [シナリオ名: ログイン]
[ADMIN] 16:19:33.706854 シナリオ走行を終了しました [シナリオ名: 新規ユーザー登録]
[ADMIN] 16:19:33.706875 シナリオ走行を開始しました [シナリオ名: 新規ユーザー登録]
[ADMIN] 16:19:33.726457 シナリオ走行を終了しました [シナリオ名: ログイン]
[ADMIN] 16:19:33.726468 シナリオ走行を開始しました [シナリオ名: ログイン]
[ADMIN] 16:19:33.742924 シナリオ走行を終了しました [シナリオ名: ログイン]
[ADMIN] 16:19:33.742936 シナリオ走行を開始しました [シナリオ名: ログイン]
[ADMIN] 16:19:33.744204 シナリオ走行を終了しました [シナリオ名: ログイン]
[ADMIN] 16:19:33.744214 シナリオ走行を開始しました [シナリオ名: ログイン]
[ADMIN] 16:19:33.750045 シナリオ走行を終了しました [シナリオ名: ログイン]
[ADMIN] 16:19:33.750057 シナリオ走行を開始しました [シナリオ名: ログイン]
[ADMIN] 16:19:33.765601 シナリオ走行を終了しました [シナリオ名: ログイン]
[ADMIN] 16:19:33.765611 シナリオ走行を開始しました [シナリオ名: ログイン]
[ADMIN] 16:19:33.773953 シナリオ走行を終了しました [シナリオ名: ログイン]
[ADMIN] 16:19:33.773965 シナリオ走行を開始しました [シナリオ名: ログイン]
[ADMIN] 16:19:33.784595 シナリオ走行を終了しました [シナリオ名: ログイン]
[ADMIN] 16:19:33.784604 シナリオ走行を開始しました [シナリオ名: ログイン]
[ADMIN] 16:19:33.788018 シナリオ走行を終了しました [シナリオ名: ログイン]
[ADMIN] 16:19:33.788028 シナリオ走行を開始しました [シナリオ名: ログイン]
[ADMIN] 16:19:33.795250 シナリオ走行を終了しました [シナリオ名: ログイン]
[ADMIN] 16:19:33.795258 シナリオ走行を開始しました [シナリオ名: ログイン]
[ADMIN] 16:19:33.806892 シナリオ走行を終了しました [シナリオ名: ログイン]
[ADMIN] 16:19:33.806903 シナリオ走行を開始しました [シナリオ名: ログイン]
[ADMIN] 16:19:33.830922 シナリオ走行を終了しました [シナリオ名: ログイン]
[ADMIN] 16:19:33.830932 シナリオ走行を開始しました [シナリオ名: ログイン]
[ADMIN] 16:19:33.847411 シナリオ走行を終了しました [シナリオ名: 新規ユーザー登録]
[ADMIN] 16:19:33.847430 シナリオ走行を開始しました [シナリオ名: 新規ユーザー登録]
[ADMIN] 16:19:33.866080 シナリオ走行を終了しました [シナリオ名: 新規ユーザー登録]
[ADMIN] 16:19:33.866100 シナリオ走行を開始しました [シナリオ名: 新規ユーザー登録]
[ADMIN] 16:19:33.914732 シナリオ走行を終了しました [シナリオ名: ログイン]
[ADMIN] 16:19:33.914742 シナリオ走行を開始しました [シナリオ名: ログイン]
[ADMIN] 16:19:33.917786 シナリオ走行を終了しました [シナリオ名: ログイン]
[ADMIN] 16:19:33.917795 シナリオ走行を開始しました [シナリオ名: ログイン]
[ADMIN] 16:19:33.925969 シナリオ走行を終了しました [シナリオ名: Banユーザログイン]
[ADMIN] 16:19:33.925981 シナリオ走行を開始しました [シナリオ名: Banユーザログイン]
[ADMIN] 16:19:33.925993 シナリオ走行を終了しました [シナリオ名: 新規ユーザー登録]
[ADMIN] 16:19:33.926011 シナリオ走行を開始しました [シナリオ名: 新規ユーザー登録]
[ADMIN] 16:19:33.928142 シナリオ走行を終了しました [シナリオ名: ログイン]
[ADMIN] 16:19:33.928153 シナリオ走行を開始しました [シナリオ名: ログイン]
[ADMIN] 16:19:33.934871 シナリオ走行を終了しました [シナリオ名: ログイン]
[ADMIN] 16:19:33.934881 シナリオ走行を開始しました [シナリオ名: ログイン]
[ADMIN] 16:19:33.949161 シナリオ走行を終了しました [シナリオ名: ログイン]
[ADMIN] 16:19:33.949172 シナリオ走行を開始しました [シナリオ名: ログイン]
[ADMIN] 16:19:33.961736 シナリオ走行を終了しました [シナリオ名: Banユーザログイン]
[ADMIN] 16:19:33.961756 シナリオ走行を開始しました [シナリオ名: Banユーザログイン]
[ADMIN] 16:19:33.966245 シナリオ走行を終了しました [シナリオ名: 新規ユーザー登録]
[ADMIN] 16:19:33.966266 シナリオ走行を開始しました [シナリオ名: 新規ユーザー登録]
[ADMIN] 16:19:33.977740 シナリオ走行を終了しました [シナリオ名: Banユーザログイン]
[ADMIN] 16:19:33.977758 シナリオ走行を開始しました [シナリオ名: Banユーザログイン]
[ADMIN] 16:19:33.980321 シナリオ走行を終了しました [シナリオ名: 新規ユーザー登録]
[ADMIN] 16:19:33.980340 シナリオ走行を開始しました [シナリオ名: 新規ユーザー登録]
[ADMIN] 16:19:33.980972 シナリオ走行を終了しました [シナリオ名: ログイン]
[ADMIN] 16:19:33.980986 シナリオ走行を開始しました [シナリオ名: ログイン]
[ADMIN] 16:19:33.991268 シナリオ走行を終了しました [シナリオ名: ログイン]
[ADMIN] 16:19:33.991277 シナリオ走行を開始しました [シナリオ名: ログイン]
[ADMIN] 16:19:33.998436 シナリオ走行を終了しました [シナリオ名: Banユーザログイン]
[ADMIN] 16:19:33.998451 シナリオ走行を開始しました [シナリオ名: Banユーザログイン]
[ADMIN] 16:19:34.013516 シナリオ走行を終了しました [シナリオ名: 新規ユーザー登録]
[ADMIN] 16:19:34.013535 シナリオ走行を開始しました [シナリオ名: 新規ユーザー登録]
[ADMIN] 16:19:34.041326 シナリオ走行を終了しました [シナリオ名: Banユーザログイン]
[ADMIN] 16:19:34.041344 シナリオ走行を開始しました [シナリオ名: Banユーザログイン]
[ADMIN] 16:19:34.056729 シナリオ走行を終了しました [シナリオ名: 新規ユーザー登録]
[ADMIN] 16:19:34.056746 シナリオ走行を開始しました [シナリオ名: 新規ユーザー登録]
[ADMIN] 16:19:34.058107 シナリオ走行を終了しました [シナリオ名: 新規ユーザー登録]
[ADMIN] 16:19:34.058123 シナリオ走行を開始しました [シナリオ名: 新規ユーザー登録]
[ADMIN] 16:19:34.076174 シナリオ走行を終了しました [シナリオ名: Banユーザログイン]
[ADMIN] 16:19:34.076184 シナリオ走行を開始しました [シナリオ名: Banユーザログイン]
[ADMIN] 16:19:34.076554 シナリオ走行を終了しました [シナリオ名: 新規ユーザー登録]
[ADMIN] 16:19:34.076575 シナリオ走行を開始しました [シナリオ名: 新規ユーザー登録]
[ADMIN] 16:19:34.086569 シナリオ走行を終了しました [シナリオ名: Banユーザログイン]
[ADMIN] 16:19:34.086585 シナリオ走行を開始しました [シナリオ名: Banユーザログイン]
[ADMIN] 16:19:34.088595 シナリオ走行を終了しました [シナリオ名: 新規ユーザー登録]
[ADMIN] 16:19:34.088611 シナリオ走行を開始しました [シナリオ名: 新規ユーザー登録]
[ADMIN] 16:19:34.093112 シナリオ走行を終了しました [シナリオ名: ログイン]
[ADMIN] 16:19:34.093121 シナリオ走行を開始しました [シナリオ名: ログイン]
[ADMIN] 16:19:34.110372 シナリオ走行を終了しました [シナリオ名: 新規ユーザー登録]
[ADMIN] 16:19:34.110386 シナリオ走行を開始しました [シナリオ名: 新規ユーザー登録]
[ADMIN] 16:19:34.123547 シナリオ走行を終了しました [シナリオ名: Banユーザログイン]
[ADMIN] 16:19:34.123561 シナリオ走行を開始しました [シナリオ名: Banユーザログイン]
[ADMIN] 16:19:34.147020 シナリオ走行を終了しました [シナリオ名: ログイン]
[ADMIN] 16:19:34.147031 シナリオ走行を開始しました [シナリオ名: ログイン]
[ADMIN] 16:19:34.172218 シナリオ走行を終了しました [シナリオ名: 新規ユーザー登録]
[ADMIN] 16:19:34.172236 シナリオ走行を開始しました [シナリオ名: 新規ユーザー登録]
[ADMIN] 16:19:34.212477 シナリオ走行を終了しました [シナリオ名: ログイン]
[ADMIN] 16:19:34.212495 シナリオ走行を開始しました [シナリオ名: ログイン]
[ADMIN] 16:19:34.212531 シナリオ走行を終了しました [シナリオ名: ログイン]
[ADMIN] 16:19:34.212541 シナリオ走行を開始しました [シナリオ名: ログイン]
[ADMIN] 16:19:34.248900 シナリオ走行を終了しました [シナリオ名: 新規ユーザー登録]
[ADMIN] 16:19:34.248921 シナリオ走行を開始しました [シナリオ名: 新規ユーザー登録]
[ADMIN] 16:19:34.265161 シナリオ走行を終了しました [シナリオ名: 新規ユーザー登録]
[ADMIN] 16:19:34.265179 シナリオ走行を開始しました [シナリオ名: 新規ユーザー登録]
[ADMIN] 16:19:34.290196 シナリオ走行を終了しました [シナリオ名: ログイン]
[ADMIN] 16:19:34.290211 シナリオ走行を開始しました [シナリオ名: ログイン]
[ADMIN] 16:19:34.311843 シナリオ走行を終了しました [シナリオ名: 新規ユーザー登録]
[ADMIN] 16:19:34.311868 シナリオ走行を開始しました [シナリオ名: 新規ユーザー登録]
[ADMIN] 16:19:34.348798 シナリオ走行を終了しました [シナリオ名: ログイン]
[ADMIN] 16:19:34.348814 シナリオ走行を開始しました [シナリオ名: ログイン]
[ADMIN] 16:19:34.373344 シナリオ走行を終了しました [シナリオ名: 新規ユーザー登録]
[ADMIN] 16:19:34.373367 シナリオ走行を開始しました [シナリオ名: 新規ユーザー登録]
[ADMIN] 16:19:34.391902 シナリオ走行を終了しました [シナリオ名: 新規ユーザー登録]
[ADMIN] 16:19:34.391922 シナリオ走行を開始しました [シナリオ名: 新規ユーザー登録]
[ADMIN] 16:19:34.426472 シナリオ走行を終了しました [シナリオ名: ログイン]
[ADMIN] 16:19:34.426483 シナリオ走行を開始しました [シナリオ名: ログイン]
[ADMIN] 16:19:34.436334 シナリオ走行を終了しました [シナリオ名: 新規ユーザー登録]
[ADMIN] 16:19:34.436351 シナリオ走行を開始しました [シナリオ名: 新規ユーザー登録]
[ADMIN] 16:19:34.450485 シナリオ走行を終了しました [シナリオ名: Banユーザログイン]
[ADMIN] 16:19:34.450502 シナリオ走行を開始しました [シナリオ名: Banユーザログイン]
[ADMIN] 16:19:34.475107 シナリオ走行を終了しました [シナリオ名: ログイン]
[ADMIN] 16:19:34.475120 シナリオ走行を開始しました [シナリオ名: ログイン]
[ADMIN] 16:19:34.518561 シナリオ走行を終了しました [シナリオ名: Banユーザログイン]
[ADMIN] 16:19:34.518578 シナリオ走行を開始しました [シナリオ名: Banユーザログイン]
[ADMIN] 16:19:34.550284 シナリオ走行を終了しました [シナリオ名: Banユーザログイン]
[ADMIN] 16:19:34.550305 シナリオ走行を開始しました [シナリオ名: Banユーザログイン]
[ADMIN] 16:19:34.577567 シナリオ走行を終了しました [シナリオ名: ログイン]
[ADMIN] 16:19:34.577578 シナリオ走行を開始しました [シナリオ名: ログイン]
[ADMIN] 16:19:34.592096 シナリオ走行を終了しました [シナリオ名: Banユーザログイン]
[ADMIN] 16:19:34.592112 シナリオ走行を開始しました [シナリオ名: Banユーザログイン]
[ADMIN] 16:19:34.615592 シナリオ走行を終了しました [シナリオ名: Banユーザログイン]
[ADMIN] 16:19:34.615610 シナリオ走行を開始しました [シナリオ名: Banユーザログイン]
[ADMIN] 16:19:34.622251 シナリオ走行を終了しました [シナリオ名: 新規ユーザー登録]
[ADMIN] 16:19:34.622266 シナリオ走行を開始しました [シナリオ名: 新規ユーザー登録]
[ADMIN] 16:19:34.647695 シナリオ走行を終了しました [シナリオ名: Banユーザログイン]
[ADMIN] 16:19:34.647713 シナリオ走行を開始しました [シナリオ名: Banユーザログイン]
[ADMIN] 16:19:34.649117 シナリオ走行を終了しました [シナリオ名: Banユーザログイン]
[ADMIN] 16:19:34.649131 シナリオ走行を開始しました [シナリオ名: Banユーザログイン]
[ADMIN] 16:19:34.685942 シナリオ走行を終了しました [シナリオ名: ログイン]
[ADMIN] 16:19:34.685953 シナリオ走行を開始しました [シナリオ名: ログイン]
[ADMIN] 16:19:34.704526 シナリオ走行を終了しました [シナリオ名: ログイン]
[ADMIN] 16:19:34.704539 シナリオ走行を開始しました [シナリオ名: ログイン]
[ADMIN] 16:19:34.707211 シナリオ走行を終了しました [シナリオ名: ログイン]
[ADMIN] 16:19:34.707220 シナリオ走行を開始しました [シナリオ名: ログイン]
[ADMIN] 16:19:34.725165 シナリオ走行を終了しました [シナリオ名: ログイン]
[ADMIN] 16:19:34.725179 シナリオ走行を開始しました [シナリオ名: ログイン]
[ADMIN] 16:19:34.734928 シナリオ走行を終了しました [シナリオ名: Banユーザログイン]
[ADMIN] 16:19:34.734946 シナリオ走行を開始しました [シナリオ名: Banユーザログイン]
[ADMIN] 16:19:34.767529 シナリオ走行を終了しました [シナリオ名: ログイン]
[ADMIN] 16:19:34.767545 シナリオ走行を開始しました [シナリオ名: ログイン]
[ADMIN] 16:19:34.847777 シナリオ走行を終了しました [シナリオ名: ログイン]
[ADMIN] 16:19:34.847790 シナリオ走行を開始しました [シナリオ名: ログイン]
[ADMIN] 16:19:34.850547 シナリオ走行を終了しました [シナリオ名: ログイン]
[ADMIN] 16:19:34.850558 シナリオ走行を開始しました [シナリオ名: ログイン]
[ADMIN] 16:19:34.875850 シナリオ走行を終了しました [シナリオ名: ログイン]
[ADMIN] 16:19:34.875864 シナリオ走行を開始しました [シナリオ名: ログイン]
[ADMIN] 16:19:34.887387 シナリオ走行を終了しました [シナリオ名: ログイン]
[ADMIN] 16:19:34.887401 シナリオ走行を開始しました [シナリオ名: ログイン]
[ADMIN] 16:19:34.918804 シナリオ走行を終了しました [シナリオ名: ログイン]
[ADMIN] 16:19:34.918816 シナリオ走行を開始しました [シナリオ名: ログイン]
[ADMIN] 16:19:34.926351 シナリオ走行を終了しました [シナリオ名: ログイン]
[ADMIN] 16:19:34.926361 シナリオ走行を開始しました [シナリオ名: ログイン]
[ADMIN] 16:19:34.976941 シナリオ走行を終了しました [シナリオ名: ログイン]
[ADMIN] 16:19:34.976953 シナリオ走行を開始しました [シナリオ名: ログイン]
[ADMIN] 16:19:34.977240 シナリオ走行を終了しました [シナリオ名: Banユーザログイン]
[ADMIN] 16:19:34.977251 シナリオ走行を開始しました [シナリオ名: Banユーザログイン]
[ADMIN] 16:19:34.977812 シナリオ走行を終了しました [シナリオ名: ログイン]
[ADMIN] 16:19:34.977820 シナリオ走行を開始しました [シナリオ名: ログイン]
[ADMIN] 16:19:34.978916 シナリオ走行を終了しました [シナリオ名: ログイン]
[ADMIN] 16:19:34.978926 シナリオ走行を開始しました [シナリオ名: ログイン]
[ADMIN] 16:19:34.981062 シナリオ走行を終了しました [シナリオ名: ログイン]
[ADMIN] 16:19:34.981070 シナリオ走行を開始しました [シナリオ名: ログイン]
[ADMIN] 16:19:34.981194 シナリオ走行を終了しました [シナリオ名: 新規ユーザー登録]
[ADMIN] 16:19:34.981217 シナリオ走行を開始しました [シナリオ名: 新規ユーザー登録]
[ADMIN] 16:19:34.981778 シナリオ走行を終了しました [シナリオ名: ログイン]
[ADMIN] 16:19:34.981788 シナリオ走行を開始しました [シナリオ名: ログイン]
[ADMIN] 16:19:35.039487 シナリオ走行を終了しました [シナリオ名: ログイン]
[ADMIN] 16:19:35.039500 シナリオ走行を開始しました [シナリオ名: ログイン]
[ADMIN] 16:19:35.047791 シナリオ走行を終了しました [シナリオ名: ログイン]
[ADMIN] 16:19:35.047806 シナリオ走行を開始しました [シナリオ名: ログイン]
[ADMIN] 16:19:35.109181 シナリオ走行を終了しました [シナリオ名: ログイン]
[ADMIN] 16:19:35.109193 シナリオ走行を開始しました [シナリオ名: ログイン]
[ADMIN] 16:19:35.116551 シナリオ走行を終了しました [シナリオ名: ログイン]
[ADMIN] 16:19:35.116562 シナリオ走行を開始しました [シナリオ名: ログイン]
[ADMIN] 16:19:35.177077 シナリオ走行を終了しました [シナリオ名: Banユーザログイン]
[ADMIN] 16:19:35.177094 シナリオ走行を開始しました [シナリオ名: Banユーザログイン]
[ADMIN] 16:19:35.197042 シナリオ走行を終了しました [シナリオ名: Banユーザログイン]
[ADMIN] 16:19:35.197058 シナリオ走行を開始しました [シナリオ名: Banユーザログイン]
[ADMIN] 16:19:35.197429 シナリオ走行を終了しました [シナリオ名: Banユーザログイン]
[ADMIN] 16:19:35.197442 シナリオ走行を開始しました [シナリオ名: Banユーザログイン]
[ADMIN] 16:19:35.215059 シナリオ走行を終了しました [シナリオ名: Banユーザログイン]
[ADMIN] 16:19:35.215073 シナリオ走行を開始しました [シナリオ名: Banユーザログイン]
[ADMIN] 16:19:35.233064 シナリオ走行を終了しました [シナリオ名: Banユーザログイン]
[ADMIN] 16:19:35.233084 シナリオ走行を開始しました [シナリオ名: Banユーザログイン]
[ADMIN] 16:19:35.241715 シナリオ走行を終了しました [シナリオ名: Banユーザログイン]
[ADMIN] 16:19:35.241730 シナリオ走行を開始しました [シナリオ名: Banユーザログイン]
[ADMIN] 16:19:35.255717 シナリオ走行を終了しました [シナリオ名: ログイン]
[ADMIN] 16:19:35.255729 シナリオ走行を開始しました [シナリオ名: ログイン]
[ADMIN] 16:19:35.260770 シナリオ走行を終了しました [シナリオ名: ログイン]
[ADMIN] 16:19:35.260781 シナリオ走行を開始しました [シナリオ名: ログイン]
[ADMIN] 16:19:35.268128 シナリオ走行を終了しました [シナリオ名: Banユーザログイン]
[ADMIN] 16:19:35.268143 シナリオ走行を開始しました [シナリオ名: Banユーザログイン]
[ADMIN] 16:19:35.281053 シナリオ走行を終了しました [シナリオ名: ログイン]
[ADMIN] 16:19:35.281064 シナリオ走行を開始しました [シナリオ名: ログイン]
[ADMIN] 16:19:35.312528 シナリオ走行を終了しました [シナリオ名: ログイン]
[ADMIN] 16:19:35.312541 シナリオ走行を開始しました [シナリオ名: ログイン]
[ADMIN] 16:19:35.325386 シナリオ走行を終了しました [シナリオ名: ログイン]
[ADMIN] 16:19:35.325399 シナリオ走行を開始しました [シナリオ名: ログイン]
[ADMIN] 16:19:35.378118 シナリオ走行を終了しました [シナリオ名: ログイン]
[ADMIN] 16:19:35.378130 シナリオ走行を開始しました [シナリオ名: ログイン]
[ADMIN] 16:19:35.408335 シナリオ走行を終了しました [シナリオ名: ログイン]
[ADMIN] 16:19:35.408346 シナリオ走行を開始しました [シナリオ名: ログイン]
[ADMIN] 16:19:35.455956 シナリオ走行を終了しました [シナリオ名: ログイン]
[ADMIN] 16:19:35.455971 シナリオ走行を開始しました [シナリオ名: ログイン]
[ADMIN] 16:19:35.490223 シナリオ走行を終了しました [シナリオ名: ログイン]
[ADMIN] 16:19:35.490246 シナリオ走行を開始しました [シナリオ名: ログイン]
[ADMIN] 16:19:35.496970 シナリオ走行を終了しました [シナリオ名: ログイン]
[ADMIN] 16:19:35.496980 シナリオ走行を開始しました [シナリオ名: ログイン]
[ADMIN] 16:19:35.501419 シナリオ走行を終了しました [シナリオ名: ログイン]
[ADMIN] 16:19:35.501430 シナリオ走行を開始しました [シナリオ名: ログイン]
[ADMIN] 16:19:35.514272 シナリオ走行を終了しました [シナリオ名: ログイン]
[ADMIN] 16:19:35.514281 シナリオ走行を開始しました [シナリオ名: ログイン]
[ADMIN] 16:19:35.547254 シナリオ走行を終了しました [シナリオ名: ログイン]
[ADMIN] 16:19:35.547265 シナリオ走行を開始しました [シナリオ名: ログイン]
[ADMIN] 16:19:35.555900 シナリオ走行を終了しました [シナリオ名: ログイン]
[ADMIN] 16:19:35.555912 シナリオ走行を開始しました [シナリオ名: ログイン]
[ADMIN] 16:19:35.579006 シナリオ走行を終了しました [シナリオ名: Banユーザログイン]
[ADMIN] 16:19:35.579021 シナリオ走行を開始しました [シナリオ名: Banユーザログイン]
[ADMIN] 16:19:35.597788 シナリオ走行を終了しました [シナリオ名: ログイン]
[ADMIN] 16:19:35.597799 シナリオ走行を開始しました [シナリオ名: ログイン]
[ADMIN] 16:19:35.609007 シナリオ走行を終了しました [シナリオ名: ログイン]
[ADMIN] 16:19:35.609017 シナリオ走行を開始しました [シナリオ名: ログイン]
[ADMIN] 16:19:35.611748 シナリオ走行を終了しました [シナリオ名: ログイン]
[ADMIN] 16:19:35.611759 シナリオ走行を開始しました [シナリオ名: ログイン]
[ADMIN] 16:19:35.617664 シナリオ走行を終了しました [シナリオ名: ログイン]
[ADMIN] 16:19:35.617673 シナリオ走行を開始しました [シナリオ名: ログイン]
[ADMIN] 16:19:35.663217 シナリオ走行を終了しました [シナリオ名: ログイン]
[ADMIN] 16:19:35.663229 シナリオ走行を開始しました [シナリオ名: ログイン]
[ADMIN] 16:19:35.685941 シナリオ走行を終了しました [シナリオ名: ログイン]
[ADMIN] 16:19:35.685951 シナリオ走行を開始しました [シナリオ名: ログイン]
[ADMIN] 16:19:35.704491 シナリオ走行を終了しました [シナリオ名: ログイン]
[ADMIN] 16:19:35.704500 シナリオ走行を開始しました [シナリオ名: ログイン]
[ADMIN] 16:19:35.709020 シナリオ走行を終了しました [シナリオ名: ログイン]
[ADMIN] 16:19:35.709029 シナリオ走行を開始しました [シナリオ名: ログイン]
[ADMIN] 16:19:35.738227 シナリオ走行を終了しました [シナリオ名: Banユーザログイン]
[ADMIN] 16:19:35.738251 シナリオ走行を開始しました [シナリオ名: Banユーザログイン]
[ADMIN] 16:19:35.745495 シナリオ走行を終了しました [シナリオ名: ログイン]
[ADMIN] 16:19:35.745505 シナリオ走行を開始しました [シナリオ名: ログイン]
[ADMIN] 16:19:35.747857 シナリオ走行を終了しました [シナリオ名: ログイン]
[ADMIN] 16:19:35.747868 シナリオ走行を開始しました [シナリオ名: ログイン]
[ADMIN] 16:19:35.758312 シナリオ走行を終了しました [シナリオ名: Banユーザログイン]
[ADMIN] 16:19:35.758324 シナリオ走行を開始しました [シナリオ名: Banユーザログイン]
[ADMIN] 16:19:35.762918 シナリオ走行を終了しました [シナリオ名: ログイン]
[ADMIN] 16:19:35.762935 シナリオ走行を開始しました [シナリオ名: ログイン]
[ADMIN] 16:19:35.768921 シナリオ走行を終了しました [シナリオ名: ログイン]
[ADMIN] 16:19:35.768930 シナリオ走行を開始しました [シナリオ名: ログイン]
[ADMIN] 16:19:35.769580 シナリオ走行を終了しました [シナリオ名: Banユーザログイン]
[ADMIN] 16:19:35.769590 シナリオ走行を開始しました [シナリオ名: Banユーザログイン]
[ADMIN] 16:19:35.773717 シナリオ走行を終了しました [シナリオ名: Banユーザログイン]
[ADMIN] 16:19:35.773729 シナリオ走行を開始しました [シナリオ名: Banユーザログイン]
[ADMIN] 16:19:35.786168 シナリオ走行を終了しました [シナリオ名: Banユーザログイン]
[ADMIN] 16:19:35.786187 シナリオ走行を開始しました [シナリオ名: Banユーザログイン]
[ADMIN] 16:19:35.803642 シナリオ走行を終了しました [シナリオ名: Banユーザログイン]
[ADMIN] 16:19:35.803654 シナリオ走行を開始しました [シナリオ名: Banユーザログイン]
[ADMIN] 16:19:35.814793 シナリオ走行を終了しました [シナリオ名: Banユーザログイン]
[ADMIN] 16:19:35.814811 シナリオ走行を開始しました [シナリオ名: Banユーザログイン]
[ADMIN] 16:19:35.838220 シナリオ走行を終了しました [シナリオ名: ログイン]
[ADMIN] 16:19:35.838233 シナリオ走行を開始しました [シナリオ名: ログイン]
[ADMIN] 16:19:35.898913 シナリオ走行を終了しました [シナリオ名: ログイン]
[ADMIN] 16:19:35.898929 シナリオ走行を開始しました [シナリオ名: ログイン]
[ADMIN] 16:19:35.921455 シナリオ走行を終了しました [シナリオ名: ログイン]
[ADMIN] 16:19:35.921469 シナリオ走行を開始しました [シナリオ名: ログイン]
[ADMIN] 16:19:35.935024 シナリオ走行を終了しました [シナリオ名: 新規ユーザー登録]
[ADMIN] 16:19:35.935047 シナリオ走行を開始しました [シナリオ名: 新規ユーザー登録]
[ADMIN] 16:19:35.948398 シナリオ走行を終了しました [シナリオ名: ログイン]
[ADMIN] 16:19:35.948410 シナリオ走行を開始しました [シナリオ名: ログイン]
[ADMIN] 16:19:35.976740 シナリオ走行を終了しました [シナリオ名: ログイン]
[ADMIN] 16:19:35.976755 シナリオ走行を開始しました [シナリオ名: ログイン]
[ADMIN] 16:19:36.134846 シナリオ走行を終了しました [シナリオ名: ログイン]
[ADMIN] 16:19:36.134857 シナリオ走行を開始しました [シナリオ名: ログイン]
[ADMIN] 16:19:36.151414 シナリオ走行を終了しました [シナリオ名: 新規ユーザー登録]
[ADMIN] 16:19:36.151444 シナリオ走行を開始しました [シナリオ名: 新規ユーザー登録]
[ADMIN] 16:19:36.154512 シナリオ走行を終了しました [シナリオ名: ログイン]
[ADMIN] 16:19:36.154524 シナリオ走行を開始しました [シナリオ名: ログイン]
[ADMIN] 16:19:36.158893 シナリオ走行を終了しました [シナリオ名: 新規ユーザー登録]
[ADMIN] 16:19:36.158913 シナリオ走行を開始しました [シナリオ名: 新規ユーザー登録]
[ADMIN] 16:19:36.161483 シナリオ走行を終了しました [シナリオ名: ログイン]
[ADMIN] 16:19:36.161493 シナリオ走行を開始しました [シナリオ名: ログイン]
[ADMIN] 16:19:36.165916 シナリオ走行を終了しました [シナリオ名: Banユーザログイン]
[ADMIN] 16:19:36.165949 シナリオ走行を開始しました [シナリオ名: Banユーザログイン]
[ADMIN] 16:19:36.175280 シナリオ走行を終了しました [シナリオ名: 新規ユーザー登録]
[ADMIN] 16:19:36.175296 シナリオ走行を開始しました [シナリオ名: 新規ユーザー登録]
[ADMIN] 16:19:36.204094 シナリオ走行を終了しました [シナリオ名: 新規ユーザー登録]
[ADMIN] 16:19:36.204114 シナリオ走行を開始しました [シナリオ名: 新規ユーザー登録]
[ADMIN] 16:19:36.224409 シナリオ走行を終了しました [シナリオ名: ログイン]
[ADMIN] 16:19:36.224419 シナリオ走行を開始しました [シナリオ名: ログイン]
[ADMIN] 16:19:36.286754 シナリオ走行を終了しました [シナリオ名: ログイン]
[ADMIN] 16:19:36.286767 シナリオ走行を開始しました [シナリオ名: ログイン]
[ADMIN] 16:19:36.294485 シナリオ走行を終了しました [シナリオ名: Banユーザログイン]
[ADMIN] 16:19:36.294501 シナリオ走行を開始しました [シナリオ名: Banユーザログイン]
[ADMIN] 16:19:36.303097 シナリオ走行を終了しました [シナリオ名: ログイン]
[ADMIN] 16:19:36.303105 シナリオ走行を開始しました [シナリオ名: ログイン]
[ADMIN] 16:19:36.307519 シナリオ走行を終了しました [シナリオ名: Banユーザログイン]
[ADMIN] 16:19:36.307533 シナリオ走行を開始しました [シナリオ名: Banユーザログイン]
[ADMIN] 16:19:36.309841 シナリオ走行を終了しました [シナリオ名: ログイン]
[ADMIN] 16:19:36.309857 シナリオ走行を開始しました [シナリオ名: ログイン]
[ADMIN] 16:19:36.315357 シナリオ走行を終了しました [シナリオ名: ログイン]
[ADMIN] 16:19:36.315366 シナリオ走行を開始しました [シナリオ名: ログイン]
[ADMIN] 16:19:36.318789 シナリオ走行を終了しました [シナリオ名: Banユーザログイン]
[ADMIN] 16:19:36.318802 シナリオ走行を開始しました [シナリオ名: Banユーザログイン]
[ADMIN] 16:19:36.326241 シナリオ走行を終了しました [シナリオ名: Banユーザログイン]
[ADMIN] 16:19:36.326259 シナリオ走行を開始しました [シナリオ名: Banユーザログイン]
[ADMIN] 16:19:36.328688 シナリオ走行を終了しました [シナリオ名: Banユーザログイン]
[ADMIN] 16:19:36.328700 シナリオ走行を開始しました [シナリオ名: Banユーザログイン]
[ADMIN] 16:19:36.334386 シナリオ走行を終了しました [シナリオ名: Banユーザログイン]
[ADMIN] 16:19:36.334405 シナリオ走行を開始しました [シナリオ名: Banユーザログイン]
[ADMIN] 16:19:36.375495 シナリオ走行を終了しました [シナリオ名: 新規ユーザー登録]
[ADMIN] 16:19:36.375510 シナリオ走行を開始しました [シナリオ名: 新規ユーザー登録]
[ADMIN] 16:19:36.375792 シナリオ走行を終了しました [シナリオ名: Banユーザログイン]
[ADMIN] 16:19:36.375801 シナリオ走行を開始しました [シナリオ名: Banユーザログイン]
[ADMIN] 16:19:36.437130 シナリオ走行を終了しました [シナリオ名: ログイン]
[ADMIN] 16:19:36.437141 シナリオ走行を開始しました [シナリオ名: ログイン]
[ADMIN] 16:19:36.453972 シナリオ走行を終了しました [シナリオ名: ログイン]
[ADMIN] 16:19:36.453981 シナリオ走行を開始しました [シナリオ名: ログイン]
[ADMIN] 16:19:36.454745 シナリオ走行を終了しました [シナリオ名: ログイン]
[ADMIN] 16:19:36.454756 シナリオ走行を開始しました [シナリオ名: ログイン]
[ADMIN] 16:19:36.488397 シナリオ走行を終了しました [シナリオ名: ログイン]
[ADMIN] 16:19:36.488406 シナリオ走行を開始しました [シナリオ名: ログイン]
[ADMIN] 16:19:36.502056 シナリオ走行を終了しました [シナリオ名: ログイン]
[ADMIN] 16:19:36.502065 シナリオ走行を開始しました [シナリオ名: ログイン]
[ADMIN] 16:19:36.508374 シナリオ走行を終了しました [シナリオ名: 新規ユーザー登録]
[ADMIN] 16:19:36.508389 シナリオ走行を開始しました [シナリオ名: 新規ユーザー登録]
[ADMIN] 16:19:36.520518 シナリオ走行を終了しました [シナリオ名: 新規ユーザー登録]
[ADMIN] 16:19:36.520534 シナリオ走行を開始しました [シナリオ名: 新規ユーザー登録]
[ADMIN] 16:19:36.540353 シナリオ走行を終了しました [シナリオ名: ログイン]
[ADMIN] 16:19:36.540376 シナリオ走行を開始しました [シナリオ名: ログイン]
[ADMIN] 16:19:36.551684 シナリオ走行を終了しました [シナリオ名: 新規ユーザー登録]
[ADMIN] 16:19:36.551702 シナリオ走行を開始しました [シナリオ名: 新規ユーザー登録]
[ADMIN] 16:19:36.555661 シナリオ走行を終了しました [シナリオ名: 新規ユーザー登録]
[ADMIN] 16:19:36.555725 シナリオ走行を開始しました [シナリオ名: 新規ユーザー登録]
[ADMIN] 16:19:36.561522 シナリオ走行を終了しました [シナリオ名: ログイン]
[ADMIN] 16:19:36.561530 シナリオ走行を開始しました [シナリオ名: ログイン]
[ADMIN] 16:19:36.567520 シナリオ走行を終了しました [シナリオ名: 新規ユーザー登録]
[ADMIN] 16:19:36.567535 シナリオ走行を開始しました [シナリオ名: 新規ユーザー登録]
[ADMIN] 16:19:36.567926 シナリオ走行を終了しました [シナリオ名: ログイン]
[ADMIN] 16:19:36.567935 シナリオ走行を開始しました [シナリオ名: ログイン]
[ADMIN] 16:19:36.573520 シナリオ走行を終了しました [シナリオ名: ログイン]
[ADMIN] 16:19:36.573529 シナリオ走行を開始しました [シナリオ名: ログイン]
[ADMIN] 16:19:36.588455 シナリオ走行を終了しました [シナリオ名: 新規ユーザー登録]
[ADMIN] 16:19:36.588471 シナリオ走行を開始しました [シナリオ名: 新規ユーザー登録]
[ADMIN] 16:19:36.606989 シナリオ走行を終了しました [シナリオ名: ログイン]
[ADMIN] 16:19:36.606999 シナリオ走行を開始しました [シナリオ名: ログイン]
[ADMIN] 16:19:36.617020 シナリオ走行を終了しました [シナリオ名: 新規ユーザー登録]
[ADMIN] 16:19:36.617038 シナリオ走行を開始しました [シナリオ名: 新規ユーザー登録]
[ADMIN] 16:19:36.652723 シナリオ走行を終了しました [シナリオ名: ログイン]
[ADMIN] 16:19:36.652737 シナリオ走行を開始しました [シナリオ名: ログイン]
[ADMIN] 16:19:36.660235 シナリオ走行を終了しました [シナリオ名: ログイン]
[ADMIN] 16:19:36.660244 シナリオ走行を開始しました [シナリオ名: ログイン]
[ADMIN] 16:19:36.697891 シナリオ走行を終了しました [シナリオ名: 新規ユーザー登録]
[ADMIN] 16:19:36.697920 シナリオ走行を開始しました [シナリオ名: 新規ユーザー登録]
[ADMIN] 16:19:36.699352 シナリオ走行を終了しました [シナリオ名: ログイン]
[ADMIN] 16:19:36.699362 シナリオ走行を開始しました [シナリオ名: ログイン]
[ADMIN] 16:19:36.700941 シナリオ走行を終了しました [シナリオ名: Banユーザログイン]
[ADMIN] 16:19:36.700957 シナリオ走行を開始しました [シナリオ名: Banユーザログイン]
[ADMIN] 16:19:36.709901 シナリオ走行を終了しました [シナリオ名: ログイン]
[ADMIN] 16:19:36.709914 シナリオ走行を開始しました [シナリオ名: ログイン]
[ADMIN] 16:19:36.715041 シナリオ走行を終了しました [シナリオ名: ログイン]
[ADMIN] 16:19:36.715055 シナリオ走行を開始しました [シナリオ名: ログイン]
[ADMIN] 16:19:36.726482 シナリオ走行を終了しました [シナリオ名: 新規ユーザー登録]
[ADMIN] 16:19:36.726505 シナリオ走行を開始しました [シナリオ名: 新規ユーザー登録]
[ADMIN] 16:19:36.800879 シナリオ走行を終了しました [シナリオ名: 新規ユーザー登録]
[ADMIN] 16:19:36.800915 シナリオ走行を開始しました [シナリオ名: 新規ユーザー登録]
[ADMIN] 16:19:36.826051 シナリオ走行を終了しました [シナリオ名: ログイン]
[ADMIN] 16:19:36.826068 シナリオ走行を開始しました [シナリオ名: ログイン]
[ADMIN] 16:19:36.846215 シナリオ走行を終了しました [シナリオ名: ログイン]
[ADMIN] 16:19:36.846228 シナリオ走行を開始しました [シナリオ名: ログイン]
[ADMIN] 16:19:36.853892 シナリオ走行を終了しました [シナリオ名: 新規ユーザー登録]
[ADMIN] 16:19:36.853917 シナリオ走行を開始しました [シナリオ名: 新規ユーザー登録]
[ADMIN] 16:19:36.871173 シナリオ走行を終了しました [シナリオ名: Banユーザログイン]
[ADMIN] 16:19:36.871183 シナリオ走行を開始しました [シナリオ名: Banユーザログイン]
[ADMIN] 16:19:36.872542 シナリオ走行を終了しました [シナリオ名: Banユーザログイン]
[ADMIN] 16:19:36.872556 シナリオ走行を開始しました [シナリオ名: Banユーザログイン]
[ADMIN] 16:19:36.874560 シナリオ走行を終了しました [シナリオ名: 新規ユーザー登録]
[ADMIN] 16:19:36.874576 シナリオ走行を開始しました [シナリオ名: 新規ユーザー登録]
[ADMIN] 16:19:36.876486 シナリオ走行を終了しました [シナリオ名: 新規ユーザー登録]
[ADMIN] 16:19:36.876500 シナリオ走行を開始しました [シナリオ名: 新規ユーザー登録]
[ADMIN] 16:19:36.880854 シナリオ走行を終了しました [シナリオ名: Banユーザログイン]
[ADMIN] 16:19:36.880861 シナリオ走行を開始しました [シナリオ名: Banユーザログイン]
[ADMIN] 16:19:36.884273 シナリオ走行を終了しました [シナリオ名: Banユーザログイン]
[ADMIN] 16:19:36.884282 シナリオ走行を開始しました [シナリオ名: Banユーザログイン]
[ADMIN] 16:19:36.889884 シナリオ走行を終了しました [シナリオ名: 新規ユーザー登録]
[ADMIN] 16:19:36.889897 シナリオ走行を開始しました [シナリオ名: 新規ユーザー登録]
[ADMIN] 16:19:36.909508 シナリオ走行を終了しました [シナリオ名: ログイン]
[ADMIN] 16:19:36.909518 シナリオ走行を開始しました [シナリオ名: ログイン]
[ADMIN] 16:19:36.910868 シナリオ走行を終了しました [シナリオ名: Banユーザログイン]
[ADMIN] 16:19:36.910882 シナリオ走行を開始しました [シナリオ名: Banユーザログイン]
[ADMIN] 16:19:36.924437 シナリオ走行を終了しました [シナリオ名: Banユーザログイン]
[ADMIN] 16:19:36.924449 シナリオ走行を開始しました [シナリオ名: Banユーザログイン]
[ADMIN] 16:19:36.926945 シナリオ走行を終了しました [シナリオ名: 新規ユーザー登録]
[ADMIN] 16:19:36.926959 シナリオ走行を開始しました [シナリオ名: 新規ユーザー登録]
[ADMIN] 16:19:36.934738 シナリオ走行を終了しました [シナリオ名: 新規ユーザー登録]
[ADMIN] 16:19:36.934756 シナリオ走行を開始しました [シナリオ名: 新規ユーザー登録]
[ADMIN] 16:19:36.951772 シナリオ走行を終了しました [シナリオ名: Banユーザログイン]
[ADMIN] 16:19:36.951792 シナリオ走行を開始しました [シナリオ名: Banユーザログイン]
[ADMIN] 16:19:36.956001 シナリオ走行を終了しました [シナリオ名: ログイン]
[ADMIN] 16:19:36.956012 シナリオ走行を開始しました [シナリオ名: ログイン]
[ADMIN] 16:19:36.986254 シナリオ走行を終了しました [シナリオ名: ログイン]
[ADMIN] 16:19:36.986264 シナリオ走行を開始しました [シナリオ名: ログイン]
[ADMIN] 16:19:37.010415 シナリオ走行を終了しました [シナリオ名: 新規ユーザー登録]
[ADMIN] 16:19:37.010433 シナリオ走行を開始しました [シナリオ名: 新規ユーザー登録]
[ADMIN] 16:19:37.042987 シナリオ走行を終了しました [シナリオ名: 新規ユーザー登録]
[ADMIN] 16:19:37.043009 シナリオ走行を開始しました [シナリオ名: 新規ユーザー登録]
[ADMIN] 16:19:37.056370 シナリオ走行を終了しました [シナリオ名: ログイン]
[ADMIN] 16:19:37.056380 シナリオ走行を開始しました [シナリオ名: ログイン]
[ADMIN] 16:19:37.077095 シナリオ走行を終了しました [シナリオ名: 新規ユーザー登録]
[ADMIN] 16:19:37.077112 シナリオ走行を開始しました [シナリオ名: 新規ユーザー登録]
[ADMIN] 16:19:37.103383 シナリオ走行を終了しました [シナリオ名: ログイン]
[ADMIN] 16:19:37.103400 シナリオ走行を開始しました [シナリオ名: ログイン]
[ADMIN] 16:19:37.119969 シナリオ走行を終了しました [シナリオ名: ログイン]
[ADMIN] 16:19:37.119980 シナリオ走行を開始しました [シナリオ名: ログイン]
[ADMIN] 16:19:37.138737 シナリオ走行を終了しました [シナリオ名: ログイン]
[ADMIN] 16:19:37.138747 シナリオ走行を開始しました [シナリオ名: ログイン]
[ADMIN] 16:19:37.142848 シナリオ走行を終了しました [シナリオ名: 新規ユーザー登録]
[ADMIN] 16:19:37.142866 シナリオ走行を開始しました [シナリオ名: 新規ユーザー登録]
[ADMIN] 16:19:37.160231 シナリオ走行を終了しました [シナリオ名: ログイン]
[ADMIN] 16:19:37.160243 シナリオ走行を開始しました [シナリオ名: ログイン]
[ADMIN] 16:19:37.190363 シナリオ走行を終了しました [シナリオ名: ログイン]
[ADMIN] 16:19:37.190374 シナリオ走行を開始しました [シナリオ名: ログイン]
[ADMIN] 16:19:37.197386 シナリオ走行を終了しました [シナリオ名: 新規ユーザー登録]
[ADMIN] 16:19:37.197408 シナリオ走行を開始しました [シナリオ名: 新規ユーザー登録]
[ADMIN] 16:19:37.273266 シナリオ走行を終了しました [シナリオ名: ログイン]
[ADMIN] 16:19:37.273280 シナリオ走行を開始しました [シナリオ名: ログイン]
[ADMIN] 16:19:37.282505 シナリオ走行を終了しました [シナリオ名: ログイン]
[ADMIN] 16:19:37.282514 シナリオ走行を開始しました [シナリオ名: ログイン]
[ADMIN] 16:19:37.295140 シナリオ走行を終了しました [シナリオ名: ログイン]
[ADMIN] 16:19:37.295152 シナリオ走行を開始しました [シナリオ名: ログイン]
[ADMIN] 16:19:37.297751 シナリオ走行を終了しました [シナリオ名: Banユーザログイン]
[ADMIN] 16:19:37.297764 シナリオ走行を開始しました [シナリオ名: Banユーザログイン]
[ADMIN] 16:19:37.310074 シナリオ走行を終了しました [シナリオ名: ログイン]
[ADMIN] 16:19:37.310085 シナリオ走行を開始しました [シナリオ名: ログイン]
[ADMIN] 16:19:37.311063 シナリオ走行を終了しました [シナリオ名: ログイン]
[ADMIN] 16:19:37.311070 シナリオ走行を開始しました [シナリオ名: ログイン]
[ADMIN] 16:19:37.369146 シナリオ走行を終了しました [シナリオ名: 新規ユーザー登録]
[ADMIN] 16:19:37.369173 シナリオ走行を開始しました [シナリオ名: 新規ユーザー登録]
[ADMIN] 16:19:37.412093 シナリオ走行を終了しました [シナリオ名: Banユーザログイン]
[ADMIN] 16:19:37.412117 シナリオ走行を開始しました [シナリオ名: Banユーザログイン]
[ADMIN] 16:19:37.422363 シナリオ走行を終了しました [シナリオ名: Banユーザログイン]
[ADMIN] 16:19:37.422379 シナリオ走行を開始しました [シナリオ名: Banユーザログイン]
[ADMIN] 16:19:37.429725 シナリオ走行を終了しました [シナリオ名: ログイン]
[ADMIN] 16:19:37.429747 シナリオ走行を開始しました [シナリオ名: ログイン]
[ADMIN] 16:19:37.430931 シナリオ走行を終了しました [シナリオ名: ログイン]
[ADMIN] 16:19:37.430940 シナリオ走行を開始しました [シナリオ名: ログイン]
[ADMIN] 16:19:37.431795 シナリオ走行を終了しました [シナリオ名: ログイン]
[ADMIN] 16:19:37.431803 シナリオ走行を開始しました [シナリオ名: ログイン]
[ADMIN] 16:19:37.435642 シナリオ走行を終了しました [シナリオ名: ログイン]
[ADMIN] 16:19:37.435651 シナリオ走行を開始しました [シナリオ名: ログイン]
[ADMIN] 16:19:37.437262 シナリオ走行を終了しました [シナリオ名: ログイン]
[ADMIN] 16:19:37.437270 シナリオ走行を開始しました [シナリオ名: ログイン]
[ADMIN] 16:19:37.450423 シナリオ走行を終了しました [シナリオ名: Banユーザログイン]
[ADMIN] 16:19:37.450444 シナリオ走行を開始しました [シナリオ名: Banユーザログイン]
[ADMIN] 16:19:37.450570 シナリオ走行を終了しました [シナリオ名: ログイン]
[ADMIN] 16:19:37.450581 シナリオ走行を開始しました [シナリオ名: ログイン]
[ADMIN] 16:19:37.471762 シナリオ走行を終了しました [シナリオ名: Banユーザログイン]
[ADMIN] 16:19:37.471781 シナリオ走行を開始しました [シナリオ名: Banユーザログイン]
[ADMIN] 16:19:37.485925 シナリオ走行を終了しました [シナリオ名: Banユーザログイン]
[ADMIN] 16:19:37.485941 シナリオ走行を開始しました [シナリオ名: Banユーザログイン]
[ADMIN] 16:19:37.493081 シナリオ走行を終了しました [シナリオ名: ログイン]
[ADMIN] 16:19:37.493090 シナリオ走行を開始しました [シナリオ名: ログイン]
[ADMIN] 16:19:37.497521 シナリオ走行を終了しました [シナリオ名: Banユーザログイン]
[ADMIN] 16:19:37.497538 シナリオ走行を開始しました [シナリオ名: Banユーザログイン]
[ADMIN] 16:19:37.512056 シナリオ走行を終了しました [シナリオ名: ログイン]
[ADMIN] 16:19:37.512069 シナリオ走行を開始しました [シナリオ名: ログイン]
[ADMIN] 16:19:37.518361 シナリオ走行を終了しました [シナリオ名: 新規ユーザー登録]
[ADMIN] 16:19:37.518382 シナリオ走行を開始しました [シナリオ名: 新規ユーザー登録]
[ADMIN] 16:19:37.526230 シナリオ走行を終了しました [シナリオ名: Banユーザログイン]
[ADMIN] 16:19:37.526243 シナリオ走行を開始しました [シナリオ名: Banユーザログイン]
[ADMIN] 16:19:37.655758 シナリオ走行を終了しました [シナリオ名: ログイン]
[ADMIN] 16:19:37.655774 シナリオ走行を開始しました [シナリオ名: ログイン]
[ADMIN] 16:19:37.658324 シナリオ走行を終了しました [シナリオ名: ログイン]
[ADMIN] 16:19:37.658334 シナリオ走行を開始しました [シナリオ名: ログイン]
[ADMIN] 16:19:37.667011 シナリオ走行を終了しました [シナリオ名: ログイン]
[ADMIN] 16:19:37.667022 シナリオ走行を開始しました [シナリオ名: ログイン]
[ADMIN] 16:19:37.794239 シナリオ走行を終了しました [シナリオ名: ログイン]
[ADMIN] 16:19:37.794253 シナリオ走行を開始しました [シナリオ名: ログイン]
[ADMIN] 16:19:37.824568 シナリオ走行を終了しました [シナリオ名: ログイン]
[ADMIN] 16:19:37.824579 シナリオ走行を開始しました [シナリオ名: ログイン]
[ADMIN] 16:19:37.837597 シナリオ走行を終了しました [シナリオ名: ログイン]
[ADMIN] 16:19:37.837608 シナリオ走行を開始しました [シナリオ名: ログイン]
[ADMIN] 16:19:37.846943 シナリオ走行を終了しました [シナリオ名: Banユーザログイン]
[ADMIN] 16:19:37.846958 シナリオ走行を開始しました [シナリオ名: Banユーザログイン]
[ADMIN] 16:19:37.894356 シナリオ走行を終了しました [シナリオ名: ログイン]
[ADMIN] 16:19:37.894366 シナリオ走行を開始しました [シナリオ名: ログイン]
[ADMIN] 16:19:37.895610 シナリオ走行を終了しました [シナリオ名: ログイン]
[ADMIN] 16:19:37.895619 シナリオ走行を開始しました [シナリオ名: ログイン]
[ADMIN] 16:19:37.957079 シナリオ走行を終了しました [シナリオ名: ログイン]
[ADMIN] 16:19:37.957091 シナリオ走行を開始しました [シナリオ名: ログイン]
[ADMIN] 16:19:37.961548 シナリオ走行を終了しました [シナリオ名: Banユーザログイン]
[ADMIN] 16:19:37.961564 シナリオ走行を開始しました [シナリオ名: Banユーザログイン]
[ADMIN] 16:19:37.986554 シナリオ走行を終了しました [シナリオ名: Banユーザログイン]
[ADMIN] 16:19:37.986572 シナリオ走行を開始しました [シナリオ名: Banユーザログイン]
[ADMIN] 16:19:37.988725 シナリオ走行を終了しました [シナリオ名: ログイン]
[ADMIN] 16:19:37.988733 シナリオ走行を開始しました [シナリオ名: ログイン]
[ADMIN] 16:19:37.995295 シナリオ走行を終了しました [シナリオ名: ログイン]
[ADMIN] 16:19:37.995306 シナリオ走行を開始しました [シナリオ名: ログイン]
[ADMIN] 16:19:38.006109 シナリオ走行を終了しました [シナリオ名: ログイン]
[ADMIN] 16:19:38.006118 シナリオ走行を開始しました [シナリオ名: ログイン]
[ADMIN] 16:19:38.010953 シナリオ走行を終了しました [シナリオ名: ログイン]
[ADMIN] 16:19:38.010961 シナリオ走行を開始しました [シナリオ名: ログイン]
[ADMIN] 16:19:38.022814 シナリオ走行を終了しました [シナリオ名: ログイン]
[ADMIN] 16:19:38.022822 シナリオ走行を開始しました [シナリオ名: ログイン]
[ADMIN] 16:19:38.052491 シナリオ走行を終了しました [シナリオ名: Banユーザログイン]
[ADMIN] 16:19:38.052507 シナリオ走行を開始しました [シナリオ名: Banユーザログイン]
[ADMIN] 16:19:38.088160 シナリオ走行を終了しました [シナリオ名: Banユーザログイン]
[ADMIN] 16:19:38.088178 シナリオ走行を開始しました [シナリオ名: Banユーザログイン]
[ADMIN] 16:19:38.102071 シナリオ走行を終了しました [シナリオ名: ログイン]
[ADMIN] 16:19:38.102086 シナリオ走行を開始しました [シナリオ名: ログイン]
[ADMIN] 16:19:38.108941 シナリオ走行を終了しました [シナリオ名: Banユーザログイン]
[ADMIN] 16:19:38.108955 シナリオ走行を開始しました [シナリオ名: Banユーザログイン]
[ADMIN] 16:19:38.153840 シナリオ走行を終了しました [シナリオ名: ログイン]
[ADMIN] 16:19:38.153854 シナリオ走行を開始しました [シナリオ名: ログイン]
[ADMIN] 16:19:38.159804 シナリオ走行を終了しました [シナリオ名: Banユーザログイン]
[ADMIN] 16:19:38.159819 シナリオ走行を開始しました [シナリオ名: Banユーザログイン]
[ADMIN] 16:19:38.190868 シナリオ走行を終了しました [シナリオ名: Banユーザログイン]
[ADMIN] 16:19:38.190886 シナリオ走行を開始しました [シナリオ名: Banユーザログイン]
[ADMIN] 16:19:38.229376 シナリオ走行を終了しました [シナリオ名: ログイン]
[ADMIN] 16:19:38.229390 シナリオ走行を開始しました [シナリオ名: ログイン]
[ADMIN] 16:19:38.253129 シナリオ走行を終了しました [シナリオ名: ログイン]
[ADMIN] 16:19:38.253145 シナリオ走行を開始しました [シナリオ名: ログイン]
[ADMIN] 16:19:38.259935 シナリオ走行を終了しました [シナリオ名: ログイン]
[ADMIN] 16:19:38.259945 シナリオ走行を開始しました [シナリオ名: ログイン]
[ADMIN] 16:19:38.288175 シナリオ走行を終了しました [シナリオ名: ログイン]
[ADMIN] 16:19:38.288186 シナリオ走行を開始しました [シナリオ名: ログイン]
[ADMIN] 16:19:38.295443 シナリオ走行を終了しました [シナリオ名: ログイン]
[ADMIN] 16:19:38.295454 シナリオ走行を開始しました [シナリオ名: ログイン]
[ADMIN] 16:19:38.313307 シナリオ走行を終了しました [シナリオ名: ログイン]
[ADMIN] 16:19:38.313320 シナリオ走行を開始しました [シナリオ名: ログイン]
[ADMIN] 16:19:38.328988 シナリオ走行を終了しました [シナリオ名: ログイン]
[ADMIN] 16:19:38.329004 シナリオ走行を開始しました [シナリオ名: ログイン]
[ADMIN] 16:19:38.344386 シナリオ走行を終了しました [シナリオ名: ログイン]
[ADMIN] 16:19:38.344400 シナリオ走行を開始しました [シナリオ名: ログイン]
[ADMIN] 16:19:38.356805 シナリオ走行を終了しました [シナリオ名: ログイン]
[ADMIN] 16:19:38.356819 シナリオ走行を開始しました [シナリオ名: ログイン]
[ADMIN] 16:19:38.357452 シナリオ走行を終了しました [シナリオ名: ログイン]
[ADMIN] 16:19:38.357461 シナリオ走行を開始しました [シナリオ名: ログイン]
[ADMIN] 16:19:38.424805 シナリオ走行を終了しました [シナリオ名: ログイン]
[ADMIN] 16:19:38.424818 シナリオ走行を開始しました [シナリオ名: ログイン]
[ADMIN] 16:19:38.460376 シナリオ走行を終了しました [シナリオ名: ログイン]
[ADMIN] 16:19:38.460388 シナリオ走行を開始しました [シナリオ名: ログイン]
[ADMIN] 16:19:38.479046 シナリオ走行を終了しました [シナリオ名: Banユーザログイン]
[ADMIN] 16:19:38.479065 シナリオ走行を開始しました [シナリオ名: Banユーザログイン]
[ADMIN] 16:19:38.487112 シナリオ走行を終了しました [シナリオ名: ログイン]
[ADMIN] 16:19:38.487123 シナリオ走行を開始しました [シナリオ名: ログイン]
[ADMIN] 16:19:38.489666 シナリオ走行を終了しました [シナリオ名: ログイン]
[ADMIN] 16:19:38.489674 シナリオ走行を開始しました [シナリオ名: ログイン]
[ADMIN] 16:19:38.491877 シナリオ走行を終了しました [シナリオ名: Banユーザログイン]
[ADMIN] 16:19:38.491891 シナリオ走行を開始しました [シナリオ名: Banユーザログイン]
[ADMIN] 16:19:38.492540 シナリオ走行を終了しました [シナリオ名: ログイン]
[ADMIN] 16:19:38.492549 シナリオ走行を開始しました [シナリオ名: ログイン]
[ADMIN] 16:19:38.494164 シナリオ走行を終了しました [シナリオ名: ログイン]
[ADMIN] 16:19:38.494171 シナリオ走行を開始しました [シナリオ名: ログイン]
[ADMIN] 16:19:38.497030 シナリオ走行を終了しました [シナリオ名: ログイン]
[ADMIN] 16:19:38.497040 シナリオ走行を開始しました [シナリオ名: ログイン]
[ADMIN] 16:19:38.500300 シナリオ走行を終了しました [シナリオ名: ログイン]
[ADMIN] 16:19:38.500310 シナリオ走行を開始しました [シナリオ名: ログイン]
[ADMIN] 16:19:38.511150 シナリオ走行を終了しました [シナリオ名: ログイン]
[ADMIN] 16:19:38.511158 シナリオ走行を開始しました [シナリオ名: ログイン]
[ADMIN] 16:19:38.520454 シナリオ走行を終了しました [シナリオ名: 新規ユーザー登録]
[ADMIN] 16:19:38.520474 シナリオ走行を開始しました [シナリオ名: 新規ユーザー登録]
[ADMIN] 16:19:38.563320 シナリオ走行を終了しました [シナリオ名: ログイン]
[ADMIN] 16:19:38.563333 シナリオ走行を開始しました [シナリオ名: ログイン]
[ADMIN] 16:19:38.565141 シナリオ走行を終了しました [シナリオ名: 新規ユーザー登録]
[ADMIN] 16:19:38.565161 シナリオ走行を開始しました [シナリオ名: 新規ユーザー登録]
[ADMIN] 16:19:38.581381 シナリオ走行を終了しました [シナリオ名: Banユーザログイン]
[ADMIN] 16:19:38.581394 シナリオ走行を開始しました [シナリオ名: Banユーザログイン]
[ADMIN] 16:19:38.611984 シナリオ走行を終了しました [シナリオ名: Banユーザログイン]
[ADMIN] 16:19:38.611998 シナリオ走行を開始しました [シナリオ名: Banユーザログイン]
[ADMIN] 16:19:38.612077 シナリオ走行を終了しました [シナリオ名: ログイン]
[ADMIN] 16:19:38.612090 シナリオ走行を開始しました [シナリオ名: ログイン]
[ADMIN] 16:19:38.631242 シナリオ走行を終了しました [シナリオ名: Banユーザログイン]
[ADMIN] 16:19:38.631255 シナリオ走行を開始しました [シナリオ名: Banユーザログイン]
[ADMIN] 16:19:38.654009 シナリオ走行を終了しました [シナリオ名: Banユーザログイン]
[ADMIN] 16:19:38.654023 シナリオ走行を開始しました [シナリオ名: Banユーザログイン]
[ADMIN] 16:19:38.703349 シナリオ走行を終了しました [シナリオ名: ログイン]
[ADMIN] 16:19:38.703360 シナリオ走行を開始しました [シナリオ名: ログイン]
[ADMIN] 16:19:38.714297 シナリオ走行を終了しました [シナリオ名: Banユーザログイン]
[ADMIN] 16:19:38.714313 シナリオ走行を開始しました [シナリオ名: Banユーザログイン]
[ADMIN] 16:19:38.723505 シナリオ走行を終了しました [シナリオ名: Banユーザログイン]
[ADMIN] 16:19:38.723520 シナリオ走行を開始しました [シナリオ名: Banユーザログイン]
[ADMIN] 16:19:38.734389 シナリオ走行を終了しました [シナリオ名: ログイン]
[ADMIN] 16:19:38.734398 シナリオ走行を開始しました [シナリオ名: ログイン]
[ADMIN] 16:19:38.757349 シナリオ走行を終了しました [シナリオ名: ログイン]
[ADMIN] 16:19:38.757358 シナリオ走行を開始しました [シナリオ名: ログイン]
[ADMIN] 16:19:38.806788 シナリオ走行を終了しました [シナリオ名: ログイン]
[ADMIN] 16:19:38.806799 シナリオ走行を開始しました [シナリオ名: ログイン]
[ADMIN] 16:19:38.850802 シナリオ走行を終了しました [シナリオ名: ログイン]
[ADMIN] 16:19:38.850814 シナリオ走行を開始しました [シナリオ名: ログイン]
[ADMIN] 16:19:38.854094 シナリオ走行を終了しました [シナリオ名: ログイン]
[ADMIN] 16:19:38.854103 シナリオ走行を開始しました [シナリオ名: ログイン]
[ADMIN] 16:19:38.856521 シナリオ走行を終了しました [シナリオ名: ログイン]
[ADMIN] 16:19:38.856530 シナリオ走行を開始しました [シナリオ名: ログイン]
[ADMIN] 16:19:38.856936 シナリオ走行を終了しました [シナリオ名: 新規ユーザー登録]
[ADMIN] 16:19:38.856953 シナリオ走行を開始しました [シナリオ名: 新規ユーザー登録]
[ADMIN] 16:19:38.876127 シナリオ走行を終了しました [シナリオ名: 新規ユーザー登録]
[ADMIN] 16:19:38.876146 シナリオ走行を開始しました [シナリオ名: 新規ユーザー登録]
16:19:38.935672 現在のログイン成功数: [total: 5076 (+1726人)]
16:19:38.935682 現在のユーザー登録成功数: [total: 1957 (+604人)]
[ADMIN] 16:19:38.949072 シナリオ走行を終了しました [シナリオ名: ログイン]
[ADMIN] 16:19:38.949085 シナリオ走行を開始しました [シナリオ名: ログイン]
[ADMIN] 16:19:38.955932 シナリオ走行を終了しました [シナリオ名: ログイン]
[ADMIN] 16:19:38.955968 シナリオ走行を開始しました [シナリオ名: ログイン]
[ADMIN] 16:19:38.956001 シナリオ走行を開始しました [シナリオ名: ログイン]
[ADMIN] 16:19:38.956007 シナリオ走行を開始しました [シナリオ名: ログイン]
[ADMIN] 16:19:38.956053 シナリオ走行を開始しました [シナリオ名: ログイン]
[ADMIN] 16:19:38.956101 シナリオ走行を開始しました [シナリオ名: ログイン]
[ADMIN] 16:19:38.956119 シナリオ走行を開始しました [シナリオ名: ログイン]
[ADMIN] 16:19:38.956134 シナリオ走行を開始しました [シナリオ名: ログイン]
[ADMIN] 16:19:38.956206 シナリオ走行を開始しました [シナリオ名: ログイン]
[ADMIN] 16:19:38.956209 シナリオ走行を開始しました [シナリオ名: ログイン]
[ADMIN] 16:19:38.956224 シナリオ走行を開始しました [シナリオ名: ログイン]
[ADMIN] 16:19:38.956299 シナリオ走行を開始しました [シナリオ名: ログイン]
[ADMIN] 16:19:38.956006 シナリオ走行を開始しました [シナリオ名: ログイン]
[ADMIN] 16:19:38.956320 シナリオ走行を開始しました [シナリオ名: ログイン]
[ADMIN] 16:19:38.956222 シナリオ走行を開始しました [シナリオ名: ログイン]
[ADMIN] 16:19:38.956324 シナリオ走行を開始しました [シナリオ名: ログイン]
[ADMIN] 16:19:38.956327 シナリオ走行を開始しました [シナリオ名: ログイン]
[ADMIN] 16:19:38.997682 シナリオ走行を終了しました [シナリオ名: 新規ユーザー登録]
[ADMIN] 16:19:38.997708 シナリオ走行を開始しました [シナリオ名: 新規ユーザー登録]
[ADMIN] 16:19:39.016310 シナリオ走行を終了しました [シナリオ名: ログイン]
[ADMIN] 16:19:39.017328 シナリオ走行を終了しました [シナリオ名: 新規ユーザー登録]
[ADMIN] 16:19:39.017364 シナリオ走行を開始しました [シナリオ名: 新規ユーザー登録]
[ADMIN] 16:19:39.017410 シナリオ走行を開始しました [シナリオ名: 新規ユーザー登録]
[ADMIN] 16:19:39.017421 シナリオ走行を開始しました [シナリオ名: 新規ユーザー登録]
[ADMIN] 16:19:39.017425 シナリオ走行を開始しました [シナリオ名: 新規ユーザー登録]
[ADMIN] 16:19:39.017494 シナリオ走行を開始しました [シナリオ名: 新規ユーザー登録]
[ADMIN] 16:19:39.017533 シナリオ走行を開始しました [シナリオ名: 新規ユーザー登録]
[ADMIN] 16:19:39.017536 シナリオ走行を開始しました [シナリオ名: 新規ユーザー登録]
[ADMIN] 16:19:39.017540 シナリオ走行を開始しました [シナリオ名: 新規ユーザー登録]
[ADMIN] 16:19:39.017578 シナリオ走行を開始しました [シナリオ名: 新規ユーザー登録]
[ADMIN] 16:19:39.017622 シナリオ走行を開始しました [シナリオ名: 新規ユーザー登録]
[ADMIN] 16:19:39.017627 シナリオ走行を開始しました [シナリオ名: 新規ユーザー登録]
[ADMIN] 16:19:39.017628 シナリオ走行を開始しました [シナリオ名: 新規ユーザー登録]
[ADMIN] 16:19:39.017660 シナリオ走行を開始しました [シナリオ名: 新規ユーザー登録]
[ADMIN] 16:19:39.017708 シナリオ走行を開始しました [シナリオ名: 新規ユーザー登録]
[ADMIN] 16:19:39.017737 シナリオ走行を開始しました [シナリオ名: 新規ユーザー登録]
[ADMIN] 16:19:39.017622 シナリオ走行を開始しました [シナリオ名: 新規ユーザー登録]
[ADMIN] 16:19:39.017622 シナリオ走行を開始しました [シナリオ名: 新規ユーザー登録]
[ADMIN] 16:19:39.036527 シナリオ走行を終了しました [シナリオ名: ログイン]
[ADMIN] 16:19:39.046940 シナリオ走行を終了しました [シナリオ名: Banユーザログイン]
[ADMIN] 16:19:39.046959 シナリオ走行を開始しました [シナリオ名: Banユーザログイン]
[ADMIN] 16:19:39.081865 シナリオ走行を終了しました [シナリオ名: Banユーザログイン]
[ADMIN] 16:19:39.081896 シナリオ走行を開始しました [シナリオ名: Banユーザログイン]
[ADMIN] 16:19:39.081901 シナリオ走行を開始しました [シナリオ名: Banユーザログイン]
[ADMIN] 16:19:39.081908 シナリオ走行を開始しました [シナリオ名: Banユーザログイン]
[ADMIN] 16:19:39.081966 シナリオ走行を開始しました [シナリオ名: Banユーザログイン]
[ADMIN] 16:19:39.128889 シナリオ走行を終了しました [シナリオ名: 新規ユーザー登録]
[ADMIN] 16:19:39.155588 シナリオ走行を終了しました [シナリオ名: Banユーザログイン]
[ADMIN] 16:19:39.170198 シナリオ走行を終了しました [シナリオ名: Banユーザログイン]
[ADMIN] 16:19:39.185063 シナリオ走行を終了しました [シナリオ名: ログイン]
[ADMIN] 16:19:39.215135 シナリオ走行を終了しました [シナリオ名: Banユーザログイン]
[ADMIN] 16:19:39.228222 シナリオ走行を終了しました [シナリオ名: Banユーザログイン]
[ADMIN] 16:19:39.238709 シナリオ走行を終了しました [シナリオ名: ログイン]
[ADMIN] 16:19:39.264763 シナリオ走行を終了しました [シナリオ名: ログイン]
[ADMIN] 16:19:39.288656 シナリオ走行を終了しました [シナリオ名: Banユーザログイン]
[ADMIN] 16:19:39.314799 シナリオ走行を終了しました [シナリオ名: Banユーザログイン]
[ADMIN] 16:19:39.373513 シナリオ走行を終了しました [シナリオ名: ログイン]
[ADMIN] 16:19:39.382367 シナリオ走行を終了しました [シナリオ名: 新規ユーザー登録]
[ADMIN] 16:19:39.395002 シナリオ走行を終了しました [シナリオ名: ログイン]
[ADMIN] 16:19:39.410217 シナリオ走行を終了しました [シナリオ名: 新規ユーザー登録]
[ADMIN] 16:19:39.426177 シナリオ走行を終了しました [シナリオ名: 新規ユーザー登録]
[ADMIN] 16:19:39.427412 シナリオ走行を終了しました [シナリオ名: ログイン]
[ADMIN] 16:19:39.436694 シナリオ走行を終了しました [シナリオ名: ログイン]
[ADMIN] 16:19:39.460897 シナリオ走行を終了しました [シナリオ名: ログイン]
[ADMIN] 16:19:39.473844 シナリオ走行を終了しました [シナリオ名: 新規ユーザー登録]
[ADMIN] 16:19:39.488095 シナリオ走行を終了しました [シナリオ名: ログイン]
[ADMIN] 16:19:39.490356 シナリオ走行を終了しました [シナリオ名: 新規ユーザー登録]
[ADMIN] 16:19:39.516358 シナリオ走行を終了しました [シナリオ名: 新規ユーザー登録]
[ADMIN] 16:19:39.562096 シナリオ走行を終了しました [シナリオ名: 新規ユーザー登録]
[ADMIN] 16:19:39.602719 シナリオ走行を終了しました [シナリオ名: ログイン]
[ADMIN] 16:19:39.607524 シナリオ走行を終了しました [シナリオ名: ログイン]
[ADMIN] 16:19:39.619606 シナリオ走行を終了しました [シナリオ名: ログイン]
[ADMIN] 16:19:39.622080 シナリオ走行を終了しました [シナリオ名: ログイン]
[ADMIN] 16:19:39.637772 シナリオ走行を終了しました [シナリオ名: 新規ユーザー登録]
[ADMIN] 16:19:39.652159 シナリオ走行を終了しました [シナリオ名: ログイン]
[ADMIN] 16:19:39.656626 シナリオ走行を終了しました [シナリオ名: ログイン]
[ADMIN] 16:19:39.662226 シナリオ走行を終了しました [シナリオ名: ログイン]
[ADMIN] 16:19:39.673157 シナリオ走行を終了しました [シナリオ名: 新規ユーザー登録]
[ADMIN] 16:19:39.676041 シナリオ走行を終了しました [シナリオ名: ログイン]
[ADMIN] 16:19:39.692144 シナリオ走行を終了しました [シナリオ名: Banユーザログイン]
[ADMIN] 16:19:39.692179 シナリオ走行を開始しました [シナリオ名: Banユーザログイン]
[ADMIN] 16:19:39.692183 シナリオ走行を開始しました [シナリオ名: Banユーザログイン]
[ADMIN] 16:19:39.692191 シナリオ走行を開始しました [シナリオ名: Banユーザログイン]
[ADMIN] 16:19:39.692319 シナリオ走行を開始しました [シナリオ名: Banユーザログイン]
[ADMIN] 16:19:39.692180 シナリオ走行を開始しました [シナリオ名: Banユーザログイン]
[ADMIN] 16:19:39.692182 シナリオ走行を開始しました [シナリオ名: Banユーザログイン]
[ADMIN] 16:19:39.692451 シナリオ走行を開始しました [シナリオ名: Banユーザログイン]
[ADMIN] 16:19:39.706350 シナリオ走行を終了しました [シナリオ名: 新規ユーザー登録]
[ADMIN] 16:19:39.709014 シナリオ走行を終了しました [シナリオ名: ログイン]
[ADMIN] 16:19:39.718076 シナリオ走行を終了しました [シナリオ名: 新規ユーザー登録]
[ADMIN] 16:19:39.732949 シナリオ走行を終了しました [シナリオ名: Banユーザログイン]
[ADMIN] 16:19:39.732974 シナリオ走行を開始しました [シナリオ名: Banユーザログイン]
[ADMIN] 16:19:39.740869 シナリオ走行を終了しました [シナリオ名: 新規ユーザー登録]
[ADMIN] 16:19:39.755922 シナリオ走行を終了しました [シナリオ名: 新規ユーザー登録]
[ADMIN] 16:19:39.762086 シナリオ走行を終了しました [シナリオ名: Banユーザログイン]
[ADMIN] 16:19:39.762103 シナリオ走行を開始しました [シナリオ名: Banユーザログイン]
[ADMIN] 16:19:39.782476 シナリオ走行を終了しました [シナリオ名: ログイン]
[ADMIN] 16:19:39.785577 シナリオ走行を終了しました [シナリオ名: Banユーザログイン]
[ADMIN] 16:19:39.794695 シナリオ走行を終了しました [シナリオ名: 新規ユーザー登録]
[ADMIN] 16:19:39.806838 シナリオ走行を終了しました [シナリオ名: Banユーザログイン]
[ADMIN] 16:19:39.806868 シナリオ走行を開始しました [シナリオ名: Banユーザログイン]
[ADMIN] 16:19:39.806878 シナリオ走行を開始しました [シナリオ名: Banユーザログイン]
[ADMIN] 16:19:39.818166 シナリオ走行を終了しました [シナリオ名: 新規ユーザー登録]
[ADMIN] 16:19:39.821203 シナリオ走行を終了しました [シナリオ名: ログイン]
[ADMIN] 16:19:39.837503 シナリオ走行を終了しました [シナリオ名: ログイン]
[ADMIN] 16:19:39.855353 シナリオ走行を終了しました [シナリオ名: ログイン]
[ADMIN] 16:19:39.871105 シナリオ走行を終了しました [シナリオ名: 新規ユーザー登録]
[ADMIN] 16:19:39.927678 シナリオ走行を終了しました [シナリオ名: 新規ユーザー登録]
[ADMIN] 16:19:39.972430 シナリオ走行を終了しました [シナリオ名: 新規ユーザー登録]
[ADMIN] 16:19:40.005902 シナリオ走行を終了しました [シナリオ名: ログイン]
[ADMIN] 16:19:40.006336 シナリオ走行を終了しました [シナリオ名: ログイン]
[ADMIN] 16:19:40.006824 シナリオ走行を終了しました [シナリオ名: ログイン]
[ADMIN] 16:19:40.008901 シナリオ走行を終了しました [シナリオ名: ログイン]
[ADMIN] 16:19:40.010472 シナリオ走行を終了しました [シナリオ名: ログイン]
[ADMIN] 16:19:40.010843 シナリオ走行を終了しました [シナリオ名: ログイン]
[ADMIN] 16:19:40.013043 シナリオ走行を終了しました [シナリオ名: ログイン]
[ADMIN] 16:19:40.013569 シナリオ走行を終了しました [シナリオ名: ログイン]
[ADMIN] 16:19:40.015814 シナリオ走行を終了しました [シナリオ名: ログイン]
[ADMIN] 16:19:40.028675 シナリオ走行を終了しました [シナリオ名: ログイン]
[ADMIN] 16:19:40.061640 シナリオ走行を終了しました [シナリオ名: 新規ユーザー登録]
[ADMIN] 16:19:40.096326 シナリオ走行を終了しました [シナリオ名: 新規ユーザー登録]
[ADMIN] 16:19:40.103350 シナリオ走行を終了しました [シナリオ名: 新規ユーザー登録]
[ADMIN] 16:19:40.145113 シナリオ走行を終了しました [シナリオ名: ログイン]
[ADMIN] 16:19:40.149917 シナリオ走行を終了しました [シナリオ名: ログイン]
[ADMIN] 16:19:40.150232 シナリオ走行を終了しました [シナリオ名: ログイン]
[ADMIN] 16:19:40.154125 シナリオ走行を終了しました [シナリオ名: ログイン]
[ADMIN] 16:19:40.154724 シナリオ走行を終了しました [シナリオ名: ログイン]
[ADMIN] 16:19:40.155632 シナリオ走行を終了しました [シナリオ名: ログイン]
[ADMIN] 16:19:40.163237 シナリオ走行を終了しました [シナリオ名: 新規ユーザー登録]
[ADMIN] 16:19:40.170309 シナリオ走行を終了しました [シナリオ名: ログイン]
[ADMIN] 16:19:40.180365 シナリオ走行を終了しました [シナリオ名: ログイン]
[ADMIN] 16:19:40.189155 シナリオ走行を終了しました [シナリオ名: ログイン]
[ADMIN] 16:19:40.192682 シナリオ走行を終了しました [シナリオ名: ログイン]
[ADMIN] 16:19:40.208186 シナリオ走行を終了しました [シナリオ名: ログイン]
[ADMIN] 16:19:40.208230 シナリオ走行を開始しました [シナリオ名: ログイン]
[ADMIN] 16:19:40.208252 シナリオ走行を開始しました [シナリオ名: ログイン]
[ADMIN] 16:19:40.208267 シナリオ走行を開始しました [シナリオ名: ログイン]
[ADMIN] 16:19:40.208307 シナリオ走行を開始しました [シナリオ名: ログイン]
[ADMIN] 16:19:40.208406 シナリオ走行を開始しました [シナリオ名: ログイン]
[ADMIN] 16:19:40.208418 シナリオ走行を開始しました [シナリオ名: ログイン]
[ADMIN] 16:19:40.208459 シナリオ走行を開始しました [シナリオ名: ログイン]
[ADMIN] 16:19:40.208501 シナリオ走行を開始しました [シナリオ名: ログイン]
[ADMIN] 16:19:40.208529 シナリオ走行を開始しました [シナリオ名: ログイン]
[ADMIN] 16:19:40.208536 シナリオ走行を開始しました [シナリオ名: ログイン]
[ADMIN] 16:19:40.208593 シナリオ走行を開始しました [シナリオ名: ログイン]
[ADMIN] 16:19:40.208530 シナリオ走行を開始しました [シナリオ名: ログイン]
[ADMIN] 16:19:40.208624 シナリオ走行を開始しました [シナリオ名: ログイン]
[ADMIN] 16:19:40.208408 シナリオ走行を開始しました [シナリオ名: ログイン]
[ADMIN] 16:19:40.208508 シナリオ走行を開始しました [シナリオ名: ログイン]
[ADMIN] 16:19:40.208410 シナリオ走行を開始しました [シナリオ名: ログイン]
[ADMIN] 16:19:40.208411 シナリオ走行を開始しました [シナリオ名: ログイン]
[ADMIN] 16:19:40.208412 シナリオ走行を開始しました [シナリオ名: ログイン]
[ADMIN] 16:19:40.208413 シナリオ走行を開始しました [シナリオ名: ログイン]
[ADMIN] 16:19:40.208414 シナリオ走行を開始しました [シナリオ名: ログイン]
[ADMIN] 16:19:40.208416 シナリオ走行を開始しました [シナリオ名: ログイン]
[ADMIN] 16:19:40.208508 シナリオ走行を開始しました [シナリオ名: ログイン]
[ADMIN] 16:19:40.208509 シナリオ走行を開始しました [シナリオ名: ログイン]
[ADMIN] 16:19:40.208510 シナリオ走行を開始しました [シナリオ名: ログイン]
[ADMIN] 16:19:40.208512 シナリオ走行を開始しました [シナリオ名: ログイン]
[ADMIN] 16:19:40.208514 シナリオ走行を開始しました [シナリオ名: ログイン]
[ADMIN] 16:19:40.208515 シナリオ走行を開始しました [シナリオ名: ログイン]
[ADMIN] 16:19:40.208516 シナリオ走行を開始しました [シナリオ名: ログイン]
[ADMIN] 16:19:40.208517 シナリオ走行を開始しました [シナリオ名: ログイン]
[ADMIN] 16:19:40.208510 シナリオ走行を開始しました [シナリオ名: ログイン]
[ADMIN] 16:19:40.208519 シナリオ走行を開始しました [シナリオ名: ログイン]
[ADMIN] 16:19:40.208520 シナリオ走行を開始しました [シナリオ名: ログイン]
[ADMIN] 16:19:40.208520 シナリオ走行を開始しました [シナリオ名: ログイン]
[ADMIN] 16:19:40.208521 シナリオ走行を開始しました [シナリオ名: ログイン]
[ADMIN] 16:19:40.208521 シナリオ走行を開始しました [シナリオ名: ログイン]
[ADMIN] 16:19:40.208523 シナリオ走行を開始しました [シナリオ名: ログイン]
[ADMIN] 16:19:40.208523 シナリオ走行を開始しました [シナリオ名: ログイン]
[ADMIN] 16:19:40.208524 シナリオ走行を開始しました [シナリオ名: ログイン]
[ADMIN] 16:19:40.208525 シナリオ走行を開始しました [シナリオ名: ログイン]
[ADMIN] 16:19:40.208524 シナリオ走行を開始しました [シナリオ名: ログイン]
[ADMIN] 16:19:40.208527 シナリオ走行を開始しました [シナリオ名: ログイン]
[ADMIN] 16:19:40.208528 シナリオ走行を開始しました [シナリオ名: ログイン]
[ADMIN] 16:19:40.208528 シナリオ走行を開始しました [シナリオ名: ログイン]
[ADMIN] 16:19:40.208406 シナリオ走行を開始しました [シナリオ名: ログイン]
[ADMIN] 16:19:40.208532 シナリオ走行を開始しました [シナリオ名: ログイン]
[ADMIN] 16:19:40.221735 シナリオ走行を終了しました [シナリオ名: ログイン]
[ADMIN] 16:19:40.235563 シナリオ走行を終了しました [シナリオ名: Banユーザログイン]
[ADMIN] 16:19:40.235588 シナリオ走行を開始しました [シナリオ名: Banユーザログイン]
[ADMIN] 16:19:40.236404 シナリオ走行を終了しました [シナリオ名: ログイン]
[ADMIN] 16:19:40.236419 シナリオ走行を開始しました [シナリオ名: ログイン]
[ADMIN] 16:19:40.236493 シナリオ走行を開始しました [シナリオ名: ログイン]
[ADMIN] 16:19:40.236995 シナリオ走行を終了しました [シナリオ名: ログイン]
[ADMIN] 16:19:40.240193 シナリオ走行を終了しました [シナリオ名: ログイン]
[ADMIN] 16:19:40.240205 シナリオ走行を開始しました [シナリオ名: ログイン]
[ADMIN] 16:19:40.240269 シナリオ走行を開始しました [シナリオ名: ログイン]
[ADMIN] 16:19:40.241244 シナリオ走行を終了しました [シナリオ名: ログイン]
[ADMIN] 16:19:40.241257 シナリオ走行を開始しました [シナリオ名: ログイン]
[ADMIN] 16:19:40.243937 シナリオ走行を終了しました [シナリオ名: ログイン]
[ADMIN] 16:19:40.251208 シナリオ走行を終了しました [シナリオ名: ログイン]
[ADMIN] 16:19:40.251222 シナリオ走行を開始しました [シナリオ名: ログイン]
[ADMIN] 16:19:40.251258 シナリオ走行を開始しました [シナリオ名: ログイン]
[ADMIN] 16:19:40.255561 シナリオ走行を終了しました [シナリオ名: Banユーザログイン]
[ADMIN] 16:19:40.255583 シナリオ走行を開始しました [シナリオ名: Banユーザログイン]
[ADMIN] 16:19:40.258658 シナリオ走行を終了しました [シナリオ名: Banユーザログイン]
[ADMIN] 16:19:40.258683 シナリオ走行を開始しました [シナリオ名: Banユーザログイン]
[ADMIN] 16:19:40.259940 シナリオ走行を終了しました [シナリオ名: Banユーザログイン]
[ADMIN] 16:19:40.259966 シナリオ走行を開始しました [シナリオ名: Banユーザログイン]
[ADMIN] 16:19:40.285681 シナリオ走行を終了しました [シナリオ名: Banユーザログイン]
[ADMIN] 16:19:40.285713 シナリオ走行を開始しました [シナリオ名: Banユーザログイン]
[ADMIN] 16:19:40.297186 シナリオ走行を終了しました [シナリオ名: Banユーザログイン]
[ADMIN] 16:19:40.297213 シナリオ走行を開始しました [シナリオ名: Banユーザログイン]
[ADMIN] 16:19:40.301738 シナリオ走行を終了しました [シナリオ名: Banユーザログイン]
[ADMIN] 16:19:40.301758 シナリオ走行を開始しました [シナリオ名: Banユーザログイン]
[ADMIN] 16:19:40.323036 シナリオ走行を終了しました [シナリオ名: Banユーザログイン]
[ADMIN] 16:19:40.323068 シナリオ走行を開始しました [シナリオ名: Banユーザログイン]
[ADMIN] 16:19:40.395029 シナリオ走行を終了しました [シナリオ名: Banユーザログイン]
[ADMIN] 16:19:40.395044 シナリオ走行を開始しました [シナリオ名: Banユーザログイン]
[ADMIN] 16:19:40.404554 シナリオ走行を終了しました [シナリオ名: Banユーザログイン]
[ADMIN] 16:19:40.404581 シナリオ走行を開始しました [シナリオ名: Banユーザログイン]
[ADMIN] 16:19:40.408095 シナリオ走行を終了しました [シナリオ名: Banユーザログイン]
[ADMIN] 16:19:40.408118 シナリオ走行を開始しました [シナリオ名: Banユーザログイン]
[ADMIN] 16:19:40.459040 シナリオ走行を終了しました [シナリオ名: ログイン]
[ADMIN] 16:19:40.459055 シナリオ走行を開始しました [シナリオ名: ログイン]
[ADMIN] 16:19:40.486944 シナリオ走行を終了しました [シナリオ名: ログイン]
[ADMIN] 16:19:40.495147 シナリオ走行を終了しました [シナリオ名: ログイン]
[ADMIN] 16:19:40.555628 シナリオ走行を終了しました [シナリオ名: ログイン]
[ADMIN] 16:19:40.719341 シナリオ走行を終了しました [シナリオ名: ログイン]
[ADMIN] 16:19:40.719359 シナリオ走行を開始しました [シナリオ名: ログイン]
[ADMIN] 16:19:40.719410 シナリオ走行を開始しました [シナリオ名: ログイン]
[ADMIN] 16:19:40.719435 シナリオ走行を開始しました [シナリオ名: ログイン]
[ADMIN] 16:19:40.719479 シナリオ走行を開始しました [シナリオ名: ログイン]
[ADMIN] 16:19:40.730105 シナリオ走行を終了しました [シナリオ名: ログイン]
[ADMIN] 16:19:40.730122 シナリオ走行を開始しました [シナリオ名: ログイン]
[ADMIN] 16:19:40.738689 シナリオ走行を終了しました [シナリオ名: ログイン]
[ADMIN] 16:19:40.738704 シナリオ走行を開始しました [シナリオ名: ログイン]
[ADMIN] 16:19:40.747676 シナリオ走行を終了しました [シナリオ名: ログイン]
[ADMIN] 16:19:40.748177 シナリオ走行を終了しました [シナリオ名: ログイン]
[ADMIN] 16:19:40.783937 シナリオ走行を終了しました [シナリオ名: Banユーザログイン]
[ADMIN] 16:19:40.783977 シナリオ走行を開始しました [シナリオ名: Banユーザログイン]
[ADMIN] 16:19:40.860184 シナリオ走行を終了しました [シナリオ名: ログイン]
[ADMIN] 16:19:40.861453 シナリオ走行を終了しました [シナリオ名: ログイン]
[ADMIN] 16:19:40.861467 シナリオ走行を開始しました [シナリオ名: ログイン]
[ADMIN] 16:19:40.861474 シナリオ走行を開始しました [シナリオ名: ログイン]
[ADMIN] 16:19:40.861489 シナリオ走行を開始しました [シナリオ名: ログイン]
[ADMIN] 16:19:40.861557 シナリオ走行を開始しました [シナリオ名: ログイン]
[ADMIN] 16:19:40.866074 シナリオ走行を終了しました [シナリオ名: Banユーザログイン]
[ADMIN] 16:19:40.866097 シナリオ走行を開始しました [シナリオ名: Banユーザログイン]
[ADMIN] 16:19:40.869213 シナリオ走行を終了しました [シナリオ名: Banユーザログイン]
[ADMIN] 16:19:40.869237 シナリオ走行を開始しました [シナリオ名: Banユーザログイン]
[ADMIN] 16:19:40.884036 シナリオ走行を終了しました [シナリオ名: Banユーザログイン]
[ADMIN] 16:19:40.884048 シナリオ走行を終了しました [シナリオ名: Banユーザログイン]
[ADMIN] 16:19:40.884058 シナリオ走行を開始しました [シナリオ名: Banユーザログイン]
[ADMIN] 16:19:40.884063 シナリオ走行を開始しました [シナリオ名: Banユーザログイン]
[ADMIN] 16:19:40.887157 シナリオ走行を終了しました [シナリオ名: ログイン]
[ADMIN] 16:19:40.889187 シナリオ走行を終了しました [シナリオ名: 新規ユーザー登録]
[ADMIN] 16:19:40.892028 シナリオ走行を終了しました [シナリオ名: ログイン]
[ADMIN] 16:19:40.922677 シナリオ走行を終了しました [シナリオ名: ログイン]
[ADMIN] 16:19:40.927086 シナリオ走行を終了しました [シナリオ名: ログイン]
[ADMIN] 16:19:40.927104 シナリオ走行を開始しました [シナリオ名: ログイン]
[ADMIN] 16:19:40.927155 シナリオ走行を開始しました [シナリオ名: ログイン]
[ADMIN] 16:19:40.927179 シナリオ走行を開始しました [シナリオ名: ログイン]
[ADMIN] 16:19:40.927197 シナリオ走行を開始しました [シナリオ名: ログイン]
[ADMIN] 16:19:40.939184 シナリオ走行を終了しました [シナリオ名: Banユーザログイン]
[ADMIN] 16:19:40.939206 シナリオ走行を開始しました [シナリオ名: Banユーザログイン]
[ADMIN] 16:19:40.941727 シナリオ走行を終了しました [シナリオ名: Banユーザログイン]
[ADMIN] 16:19:40.941752 シナリオ走行を開始しました [シナリオ名: Banユーザログイン]
[ADMIN] 16:19:40.944751 シナリオ走行を終了しました [シナリオ名: Banユーザログイン]
[ADMIN] 16:19:40.944770 シナリオ走行を開始しました [シナリオ名: Banユーザログイン]
[ADMIN] 16:19:40.971814 シナリオ走行を終了しました [シナリオ名: Banユーザログイン]
[ADMIN] 16:19:40.971835 シナリオ走行を開始しました [シナリオ名: Banユーザログイン]
[ADMIN] 16:19:40.975724 シナリオ走行を終了しました [シナリオ名: Banユーザログイン]
[ADMIN] 16:19:40.975753 シナリオ走行を開始しました [シナリオ名: Banユーザログイン]
[ADMIN] 16:19:40.979821 シナリオ走行を終了しました [シナリオ名: ログイン]
[ADMIN] 16:19:40.979839 シナリオ走行を開始しました [シナリオ名: ログイン]
[ADMIN] 16:19:40.979893 シナリオ走行を終了しました [シナリオ名: ログイン]
[ADMIN] 16:19:41.000100 シナリオ走行を終了しました [シナリオ名: ログイン]
[ADMIN] 16:19:41.000117 シナリオ走行を開始しました [シナリオ名: ログイン]
[ADMIN] 16:19:41.000177 シナリオ走行を開始しました [シナリオ名: ログイン]
[ADMIN] 16:19:41.006915 シナリオ走行を終了しました [シナリオ名: 新規ユーザー登録]
[ADMIN] 16:19:41.008594 シナリオ走行を終了しました [シナリオ名: ログイン]
[ADMIN] 16:19:41.008609 シナリオ走行を開始しました [シナリオ名: ログイン]
[ADMIN] 16:19:41.022709 シナリオ走行を終了しました [シナリオ名: Banユーザログイン]
[ADMIN] 16:19:41.022734 シナリオ走行を開始しました [シナリオ名: Banユーザログイン]
[ADMIN] 16:19:41.081251 シナリオ走行を終了しました [シナリオ名: 新規ユーザー登録]
[ADMIN] 16:19:41.199370 シナリオ走行を終了しました [シナリオ名: ログイン]
[ADMIN] 16:19:41.199385 シナリオ走行を開始しました [シナリオ名: ログイン]
[ADMIN] 16:19:41.210426 シナリオ走行を終了しました [シナリオ名: 新規ユーザー登録]
[ADMIN] 16:19:41.210483 シナリオ走行を開始しました [シナリオ名: 新規ユーザー登録]
[ADMIN] 16:19:41.210504 シナリオ走行を開始しました [シナリオ名: 新規ユーザー登録]
[ADMIN] 16:19:41.210510 シナリオ走行を開始しました [シナリオ名: 新規ユーザー登録]
[ADMIN] 16:19:41.210572 シナリオ走行を開始しました [シナリオ名: 新規ユーザー登録]
[ADMIN] 16:19:41.210677 シナリオ走行を開始しました [シナリオ名: 新規ユーザー登録]
[ADMIN] 16:19:41.210701 シナリオ走行を開始しました [シナリオ名: 新規ユーザー登録]
[ADMIN] 16:19:41.210706 シナリオ走行を開始しました [シナリオ名: 新規ユーザー登録]
[ADMIN] 16:19:41.210775 シナリオ走行を開始しました [シナリオ名: 新規ユーザー登録]
[ADMIN] 16:19:41.210810 シナリオ走行を開始しました [シナリオ名: 新規ユーザー登録]
[ADMIN] 16:19:41.210821 シナリオ走行を開始しました [シナリオ名: 新規ユーザー登録]
[ADMIN] 16:19:41.210833 シナリオ走行を開始しました [シナリオ名: 新規ユーザー登録]
[ADMIN] 16:19:41.210812 シナリオ走行を開始しました [シナリオ名: 新規ユーザー登録]
[ADMIN] 16:19:41.210935 シナリオ走行を開始しました [シナリオ名: 新規ユーザー登録]
[ADMIN] 16:19:41.210793 シナリオ走行を開始しました [シナリオ名: 新規ユーザー登録]
[ADMIN] 16:19:41.210990 シナリオ走行を開始しました [シナリオ名: 新規ユーザー登録]
[ADMIN] 16:19:41.211046 シナリオ走行を開始しました [シナリオ名: 新規ユーザー登録]
[ADMIN] 16:19:41.210688 シナリオ走行を開始しました [シナリオ名: 新規ユーザー登録]
[ADMIN] 16:19:41.211077 シナリオ走行を開始しました [シナリオ名: 新規ユーザー登録]
[ADMIN] 16:19:41.210684 シナリオ走行を開始しました [シナリオ名: 新規ユーザー登録]
[ADMIN] 16:19:41.210689 シナリオ走行を開始しました [シナリオ名: 新規ユーザー登録]
[ADMIN] 16:19:41.210827 シナリオ走行を開始しました [シナリオ名: 新規ユーザー登録]
[ADMIN] 16:19:41.211196 シナリオ走行を開始しました [シナリオ名: 新規ユーザー登録]
[ADMIN] 16:19:41.210804 シナリオ走行を開始しました [シナリオ名: 新規ユーザー登録]
[ADMIN] 16:19:41.210697 シナリオ走行を開始しました [シナリオ名: 新規ユーザー登録]
[ADMIN] 16:19:41.210805 シナリオ走行を開始しました [シナリオ名: 新規ユーザー登録]
[ADMIN] 16:19:41.210504 シナリオ走行を開始しました [シナリオ名: 新規ユーザー登録]
[ADMIN] 16:19:41.210694 シナリオ走行を開始しました [シナリオ名: 新規ユーザー登録]
[ADMIN] 16:19:41.276116 シナリオ走行を終了しました [シナリオ名: ログイン]
[ADMIN] 16:19:41.276132 シナリオ走行を開始しました [シナリオ名: ログイン]
[ADMIN] 16:19:41.314266 シナリオ走行を終了しました [シナリオ名: 新規ユーザー登録]
[ADMIN] 16:19:41.314298 シナリオ走行を開始しました [シナリオ名: 新規ユーザー登録]
[ADMIN] 16:19:41.326010 シナリオ走行を終了しました [シナリオ名: Banユーザログイン]
[ADMIN] 16:19:41.326028 シナリオ走行を開始しました [シナリオ名: Banユーザログイン]
[ADMIN] 16:19:41.408198 シナリオ走行を終了しました [シナリオ名: Banユーザログイン]
[ADMIN] 16:19:41.408225 シナリオ走行を開始しました [シナリオ名: Banユーザログイン]
[ADMIN] 16:19:41.430948 シナリオ走行を終了しました [シナリオ名: Banユーザログイン]
[ADMIN] 16:19:41.430975 シナリオ走行を開始しました [シナリオ名: Banユーザログイン]
[ADMIN] 16:19:41.433227 シナリオ走行を終了しました [シナリオ名: Banユーザログイン]
[ADMIN] 16:19:41.433250 シナリオ走行を開始しました [シナリオ名: Banユーザログイン]
[ADMIN] 16:19:41.436742 シナリオ走行を終了しました [シナリオ名: Banユーザログイン]
[ADMIN] 16:19:41.436767 シナリオ走行を開始しました [シナリオ名: Banユーザログイン]
[ADMIN] 16:19:41.471476 シナリオ走行を終了しました [シナリオ名: Banユーザログイン]
[ADMIN] 16:19:41.471499 シナリオ走行を開始しました [シナリオ名: Banユーザログイン]
[ADMIN] 16:19:41.487579 シナリオ走行を終了しました [シナリオ名: Banユーザログイン]
[ADMIN] 16:19:41.487610 シナリオ走行を開始しました [シナリオ名: Banユーザログイン]
[ADMIN] 16:19:41.509920 シナリオ走行を終了しました [シナリオ名: Banユーザログイン]
[ADMIN] 16:19:41.509947 シナリオ走行を開始しました [シナリオ名: Banユーザログイン]
[ADMIN] 16:19:41.519053 シナリオ走行を終了しました [シナリオ名: Banユーザログイン]
[ADMIN] 16:19:41.519082 シナリオ走行を開始しました [シナリオ名: Banユーザログイン]
[ADMIN] 16:19:41.540590 シナリオ走行を終了しました [シナリオ名: Banユーザログイン]
[ADMIN] 16:19:41.540616 シナリオ走行を開始しました [シナリオ名: Banユーザログイン]
[ADMIN] 16:19:41.548480 シナリオ走行を終了しました [シナリオ名: 新規ユーザー登録]
[ADMIN] 16:19:41.548505 シナリオ走行を開始しました [シナリオ名: 新規ユーザー登録]
[ADMIN] 16:19:41.579377 シナリオ走行を終了しました [シナリオ名: 新規ユーザー登録]
[ADMIN] 16:19:41.579409 シナリオ走行を開始しました [シナリオ名: 新規ユーザー登録]
[ADMIN] 16:19:41.638360 シナリオ走行を終了しました [シナリオ名: Banユーザログイン]
[ADMIN] 16:19:41.638387 シナリオ走行を開始しました [シナリオ名: Banユーザログイン]
[ADMIN] 16:19:41.779659 シナリオ走行を終了しました [シナリオ名: 新規ユーザー登録]
[ADMIN] 16:19:41.779696 シナリオ走行を開始しました [シナリオ名: 新規ユーザー登録]
[ADMIN] 16:19:41.780335 シナリオ走行を終了しました [シナリオ名: 新規ユーザー登録]
[ADMIN] 16:19:41.780356 シナリオ走行を開始しました [シナリオ名: 新規ユーザー登録]
[ADMIN] 16:19:41.799902 シナリオ走行を終了しました [シナリオ名: 新規ユーザー登録]
[ADMIN] 16:19:41.799924 シナリオ走行を開始しました [シナリオ名: 新規ユーザー登録]
[ADMIN] 16:19:41.809818 シナリオ走行を終了しました [シナリオ名: 新規ユーザー登録]
[ADMIN] 16:19:41.835182 シナリオ走行を終了しました [シナリオ名: 新規ユーザー登録]
[ADMIN] 16:19:41.839644 シナリオ走行を終了しました [シナリオ名: 新規ユーザー登録]
[ADMIN] 16:19:41.839681 シナリオ走行を開始しました [シナリオ名: 新規ユーザー登録]
[ADMIN] 16:19:41.839689 シナリオ走行を開始しました [シナリオ名: 新規ユーザー登録]
[ADMIN] 16:19:41.839693 シナリオ走行を開始しました [シナリオ名: 新規ユーザー登録]
[ADMIN] 16:19:41.941080 シナリオ走行を終了しました [シナリオ名: 新規ユーザー登録]
[ADMIN] 16:19:41.941207 シナリオ走行を開始しました [シナリオ名: 新規ユーザー登録]
[ADMIN] 16:19:41.953085 シナリオ走行を終了しました [シナリオ名: ログイン]
[ADMIN] 16:19:41.953106 シナリオ走行を開始しました [シナリオ名: ログイン]
[ADMIN] 16:19:41.959449 シナリオ走行を終了しました [シナリオ名: ログイン]
[ADMIN] 16:19:41.959464 シナリオ走行を開始しました [シナリオ名: ログイン]
[ADMIN] 16:19:41.971422 シナリオ走行を終了しました [シナリオ名: ログイン]
[ADMIN] 16:19:41.971438 シナリオ走行を開始しました [シナリオ名: ログイン]
[ADMIN] 16:19:41.999205 シナリオ走行を終了しました [シナリオ名: ログイン]
[ADMIN] 16:19:41.999220 シナリオ走行を開始しました [シナリオ名: ログイン]
[ADMIN] 16:19:42.016936 シナリオ走行を終了しました [シナリオ名: ログイン]
[ADMIN] 16:19:42.016956 シナリオ走行を開始しました [シナリオ名: ログイン]
[ADMIN] 16:19:42.030837 シナリオ走行を終了しました [シナリオ名: ログイン]
[ADMIN] 16:19:42.030853 シナリオ走行を開始しました [シナリオ名: ログイン]
[ADMIN] 16:19:42.051513 シナリオ走行を終了しました [シナリオ名: 新規ユーザー登録]
[ADMIN] 16:19:42.051544 シナリオ走行を開始しました [シナリオ名: 新規ユーザー登録]
[ADMIN] 16:19:42.057807 シナリオ走行を終了しました [シナリオ名: ログイン]
[ADMIN] 16:19:42.057822 シナリオ走行を開始しました [シナリオ名: ログイン]
[ADMIN] 16:19:42.058288 シナリオ走行を終了しました [シナリオ名: ログイン]
[ADMIN] 16:19:42.058301 シナリオ走行を開始しました [シナリオ名: ログイン]
[ADMIN] 16:19:42.059075 シナリオ走行を終了しました [シナリオ名: ログイン]
[ADMIN] 16:19:42.059086 シナリオ走行を開始しました [シナリオ名: ログイン]
[ADMIN] 16:19:42.061490 シナリオ走行を終了しました [シナリオ名: ログイン]
[ADMIN] 16:19:42.061502 シナリオ走行を開始しました [シナリオ名: ログイン]
[ADMIN] 16:19:42.063731 シナリオ走行を終了しました [シナリオ名: Banユーザログイン]
[ADMIN] 16:19:42.063758 シナリオ走行を開始しました [シナリオ名: Banユーザログイン]
[ADMIN] 16:19:42.072619 シナリオ走行を終了しました [シナリオ名: 新規ユーザー登録]
[ADMIN] 16:19:42.072655 シナリオ走行を開始しました [シナリオ名: 新規ユーザー登録]
[ADMIN] 16:19:42.087109 シナリオ走行を終了しました [シナリオ名: ログイン]
[ADMIN] 16:19:42.087127 シナリオ走行を開始しました [シナリオ名: ログイン]
[ADMIN] 16:19:42.093594 シナリオ走行を終了しました [シナリオ名: Banユーザログイン]
[ADMIN] 16:19:42.093622 シナリオ走行を開始しました [シナリオ名: Banユーザログイン]
[ADMIN] 16:19:42.093942 シナリオ走行を終了しました [シナリオ名: Banユーザログイン]
[ADMIN] 16:19:42.093956 シナリオ走行を開始しました [シナリオ名: Banユーザログイン]
[ADMIN] 16:19:42.098440 シナリオ走行を終了しました [シナリオ名: Banユーザログイン]
[ADMIN] 16:19:42.098464 シナリオ走行を開始しました [シナリオ名: Banユーザログイン]
[ADMIN] 16:19:42.100224 シナリオ走行を終了しました [シナリオ名: ログイン]
[ADMIN] 16:19:42.100241 シナリオ走行を開始しました [シナリオ名: ログイン]
[ADMIN] 16:19:42.107331 シナリオ走行を終了しました [シナリオ名: ログイン]
[ADMIN] 16:19:42.107347 シナリオ走行を開始しました [シナリオ名: ログイン]
[ADMIN] 16:19:42.125289 シナリオ走行を終了しました [シナリオ名: ログイン]
[ADMIN] 16:19:42.125302 シナリオ走行を開始しました [シナリオ名: ログイン]
[ADMIN] 16:19:42.126094 シナリオ走行を終了しました [シナリオ名: ログイン]
[ADMIN] 16:19:42.126104 シナリオ走行を開始しました [シナリオ名: ログイン]
[ADMIN] 16:19:42.149261 シナリオ走行を終了しました [シナリオ名: Banユーザログイン]
[ADMIN] 16:19:42.149294 シナリオ走行を開始しました [シナリオ名: Banユーザログイン]
[ADMIN] 16:19:42.150963 シナリオ走行を終了しました [シナリオ名: ログイン]
[ADMIN] 16:19:42.150976 シナリオ走行を開始しました [シナリオ名: ログイン]
[ADMIN] 16:19:42.151040 シナリオ走行を終了しました [シナリオ名: ログイン]
[ADMIN] 16:19:42.151059 シナリオ走行を開始しました [シナリオ名: ログイン]
[ADMIN] 16:19:42.165318 シナリオ走行を終了しました [シナリオ名: Banユーザログイン]
[ADMIN] 16:19:42.165350 シナリオ走行を開始しました [シナリオ名: Banユーザログイン]
[ADMIN] 16:19:42.169493 シナリオ走行を終了しました [シナリオ名: Banユーザログイン]
[ADMIN] 16:19:42.169518 シナリオ走行を開始しました [シナリオ名: Banユーザログイン]
[ADMIN] 16:19:42.172047 シナリオ走行を終了しました [シナリオ名: 新規ユーザー登録]
[ADMIN] 16:19:42.172072 シナリオ走行を開始しました [シナリオ名: 新規ユーザー登録]
[ADMIN] 16:19:42.173064 シナリオ走行を終了しました [シナリオ名: ログイン]
[ADMIN] 16:19:42.173076 シナリオ走行を開始しました [シナリオ名: ログイン]
[ADMIN] 16:19:42.177453 シナリオ走行を終了しました [シナリオ名: ログイン]
[ADMIN] 16:19:42.177468 シナリオ走行を開始しました [シナリオ名: ログイン]
[ADMIN] 16:19:42.177508 シナリオ走行を終了しました [シナリオ名: ログイン]
[ADMIN] 16:19:42.177526 シナリオ走行を開始しました [シナリオ名: ログイン]
[ADMIN] 16:19:42.179916 シナリオ走行を終了しました [シナリオ名: ログイン]
[ADMIN] 16:19:42.179928 シナリオ走行を開始しました [シナリオ名: ログイン]
[ADMIN] 16:19:42.187925 シナリオ走行を終了しました [シナリオ名: ログイン]
[ADMIN] 16:19:42.187939 シナリオ走行を開始しました [シナリオ名: ログイン]
[ADMIN] 16:19:42.190181 シナリオ走行を終了しました [シナリオ名: Banユーザログイン]
[ADMIN] 16:19:42.190198 シナリオ走行を開始しました [シナリオ名: Banユーザログイン]
[ADMIN] 16:19:42.191353 シナリオ走行を終了しました [シナリオ名: ログイン]
[ADMIN] 16:19:42.191368 シナリオ走行を開始しました [シナリオ名: ログイン]
[ADMIN] 16:19:42.191599 シナリオ走行を終了しました [シナリオ名: 新規ユーザー登録]
[ADMIN] 16:19:42.191620 シナリオ走行を開始しました [シナリオ名: 新規ユーザー登録]
[ADMIN] 16:19:42.208206 シナリオ走行を終了しました [シナリオ名: ログイン]
[ADMIN] 16:19:42.208222 シナリオ走行を開始しました [シナリオ名: ログイン]
[ADMIN] 16:19:42.214420 シナリオ走行を終了しました [シナリオ名: 新規ユーザー登録]
[ADMIN] 16:19:42.214451 シナリオ走行を開始しました [シナリオ名: 新規ユーザー登録]
[ADMIN] 16:19:42.215884 シナリオ走行を終了しました [シナリオ名: Banユーザログイン]
[ADMIN] 16:19:42.215904 シナリオ走行を開始しました [シナリオ名: Banユーザログイン]
[ADMIN] 16:19:42.220931 シナリオ走行を終了しました [シナリオ名: 新規ユーザー登録]
[ADMIN] 16:19:42.220956 シナリオ走行を開始しました [シナリオ名: 新規ユーザー登録]
[ADMIN] 16:19:42.222546 シナリオ走行を終了しました [シナリオ名: ログイン]
[ADMIN] 16:19:42.222560 シナリオ走行を開始しました [シナリオ名: ログイン]
[ADMIN] 16:19:42.225312 シナリオ走行を終了しました [シナリオ名: Banユーザログイン]
[ADMIN] 16:19:42.225330 シナリオ走行を開始しました [シナリオ名: Banユーザログイン]
[ADMIN] 16:19:42.227897 シナリオ走行を終了しました [シナリオ名: ログイン]
[ADMIN] 16:19:42.228015 シナリオ走行を開始しました [シナリオ名: ログイン]
[ADMIN] 16:19:42.233707 シナリオ走行を終了しました [シナリオ名: ログイン]
[ADMIN] 16:19:42.233722 シナリオ走行を開始しました [シナリオ名: ログイン]
[ADMIN] 16:19:42.234855 シナリオ走行を終了しました [シナリオ名: ログイン]
[ADMIN] 16:19:42.234870 シナリオ走行を開始しました [シナリオ名: ログイン]
[ADMIN] 16:19:42.237971 シナリオ走行を終了しました [シナリオ名: ログイン]
[ADMIN] 16:19:42.237984 シナリオ走行を開始しました [シナリオ名: ログイン]
[ADMIN] 16:19:42.299684 シナリオ走行を終了しました [シナリオ名: 新規ユーザー登録]
[ADMIN] 16:19:42.299708 シナリオ走行を開始しました [シナリオ名: 新規ユーザー登録]
[ADMIN] 16:19:42.306647 シナリオ走行を終了しました [シナリオ名: Banユーザログイン]
[ADMIN] 16:19:42.306668 シナリオ走行を開始しました [シナリオ名: Banユーザログイン]
[ADMIN] 16:19:42.341792 シナリオ走行を終了しました [シナリオ名: ログイン]
[ADMIN] 16:19:42.341811 シナリオ走行を開始しました [シナリオ名: ログイン]
[ADMIN] 16:19:42.342487 シナリオ走行を終了しました [シナリオ名: ログイン]
[ADMIN] 16:19:42.342497 シナリオ走行を開始しました [シナリオ名: ログイン]
[ADMIN] 16:19:42.376720 シナリオ走行を終了しました [シナリオ名: ログイン]
[ADMIN] 16:19:42.376739 シナリオ走行を開始しました [シナリオ名: ログイン]
[ADMIN] 16:19:42.382716 シナリオ走行を終了しました [シナリオ名: ログイン]
[ADMIN] 16:19:42.382731 シナリオ走行を開始しました [シナリオ名: ログイン]
[ADMIN] 16:19:42.384976 シナリオ走行を終了しました [シナリオ名: 新規ユーザー登録]
[ADMIN] 16:19:42.385004 シナリオ走行を開始しました [シナリオ名: 新規ユーザー登録]
[ADMIN] 16:19:42.397670 シナリオ走行を終了しました [シナリオ名: ログイン]
[ADMIN] 16:19:42.397691 シナリオ走行を開始しました [シナリオ名: ログイン]
[ADMIN] 16:19:42.405421 シナリオ走行を終了しました [シナリオ名: ログイン]
[ADMIN] 16:19:42.405435 シナリオ走行を開始しました [シナリオ名: ログイン]
[ADMIN] 16:19:42.406010 シナリオ走行を終了しました [シナリオ名: ログイン]
[ADMIN] 16:19:42.406049 シナリオ走行を開始しました [シナリオ名: ログイン]
[ADMIN] 16:19:42.435052 シナリオ走行を終了しました [シナリオ名: ログイン]
[ADMIN] 16:19:42.435068 シナリオ走行を開始しました [シナリオ名: ログイン]
[ADMIN] 16:19:42.442300 シナリオ走行を終了しました [シナリオ名: ログイン]
[ADMIN] 16:19:42.442319 シナリオ走行を開始しました [シナリオ名: ログイン]
[ADMIN] 16:19:42.446757 シナリオ走行を終了しました [シナリオ名: ログイン]
[ADMIN] 16:19:42.446774 シナリオ走行を開始しました [シナリオ名: ログイン]
[ADMIN] 16:19:42.473859 シナリオ走行を終了しました [シナリオ名: ログイン]
[ADMIN] 16:19:42.473875 シナリオ走行を開始しました [シナリオ名: ログイン]
[ADMIN] 16:19:42.495147 シナリオ走行を終了しました [シナリオ名: ログイン]
[ADMIN] 16:19:42.495160 シナリオ走行を開始しました [シナリオ名: ログイン]
[ADMIN] 16:19:42.565567 シナリオ走行を終了しました [シナリオ名: ログイン]
[ADMIN] 16:19:42.565583 シナリオ走行を開始しました [シナリオ名: ログイン]
[ADMIN] 16:19:42.604184 シナリオ走行を終了しました [シナリオ名: ログイン]
[ADMIN] 16:19:42.604200 シナリオ走行を開始しました [シナリオ名: ログイン]
[ADMIN] 16:19:42.646272 シナリオ走行を終了しました [シナリオ名: Banユーザログイン]
[ADMIN] 16:19:42.646296 シナリオ走行を開始しました [シナリオ名: Banユーザログイン]
[ADMIN] 16:19:42.651490 シナリオ走行を終了しました [シナリオ名: Banユーザログイン]
[ADMIN] 16:19:42.651509 シナリオ走行を開始しました [シナリオ名: Banユーザログイン]
[ADMIN] 16:19:42.656018 シナリオ走行を終了しました [シナリオ名: Banユーザログイン]
[ADMIN] 16:19:42.656036 シナリオ走行を開始しました [シナリオ名: Banユーザログイン]
[ADMIN] 16:19:42.678507 シナリオ走行を終了しました [シナリオ名: ログイン]
[ADMIN] 16:19:42.678522 シナリオ走行を開始しました [シナリオ名: ログイン]
[ADMIN] 16:19:42.693713 シナリオ走行を終了しました [シナリオ名: ログイン]
[ADMIN] 16:19:42.693726 シナリオ走行を開始しました [シナリオ名: ログイン]
[ADMIN] 16:19:42.694825 シナリオ走行を終了しました [シナリオ名: ログイン]
[ADMIN] 16:19:42.694838 シナリオ走行を開始しました [シナリオ名: ログイン]
[ADMIN] 16:19:42.715076 シナリオ走行を終了しました [シナリオ名: ログイン]
[ADMIN] 16:19:42.715103 シナリオ走行を開始しました [シナリオ名: ログイン]
[ADMIN] 16:19:42.731208 シナリオ走行を終了しました [シナリオ名: ログイン]
[ADMIN] 16:19:42.731221 シナリオ走行を開始しました [シナリオ名: ログイン]
[ADMIN] 16:19:42.753488 シナリオ走行を終了しました [シナリオ名: Banユーザログイン]
[ADMIN] 16:19:42.753508 シナリオ走行を開始しました [シナリオ名: Banユーザログイン]
[ADMIN] 16:19:42.780395 シナリオ走行を終了しました [シナリオ名: Banユーザログイン]
[ADMIN] 16:19:42.780421 シナリオ走行を開始しました [シナリオ名: Banユーザログイン]
[ADMIN] 16:19:42.803780 シナリオ走行を終了しました [シナリオ名: Banユーザログイン]
[ADMIN] 16:19:42.803807 シナリオ走行を開始しました [シナリオ名: Banユーザログイン]
[ADMIN] 16:19:42.820158 シナリオ走行を終了しました [シナリオ名: Banユーザログイン]
[ADMIN] 16:19:42.820182 シナリオ走行を開始しました [シナリオ名: Banユーザログイン]
[ADMIN] 16:19:42.860328 シナリオ走行を終了しました [シナリオ名: ログイン]
[ADMIN] 16:19:42.860342 シナリオ走行を開始しました [シナリオ名: ログイン]
[ADMIN] 16:19:42.871661 シナリオ走行を終了しました [シナリオ名: Banユーザログイン]
[ADMIN] 16:19:42.871680 シナリオ走行を開始しました [シナリオ名: Banユーザログイン]
[ADMIN] 16:19:42.905976 シナリオ走行を終了しました [シナリオ名: Banユーザログイン]
[ADMIN] 16:19:42.905998 シナリオ走行を開始しました [シナリオ名: Banユーザログイン]
[ADMIN] 16:19:42.912361 シナリオ走行を終了しました [シナリオ名: ログイン]
[ADMIN] 16:19:42.912373 シナリオ走行を開始しました [シナリオ名: ログイン]
[ADMIN] 16:19:42.914896 シナリオ走行を終了しました [シナリオ名: Banユーザログイン]
[ADMIN] 16:19:42.914911 シナリオ走行を開始しました [シナリオ名: Banユーザログイン]
[ADMIN] 16:19:42.955027 シナリオ走行を終了しました [シナリオ名: Banユーザログイン]
[ADMIN] 16:19:42.955043 シナリオ走行を開始しました [シナリオ名: Banユーザログイン]
[ADMIN] 16:19:42.983459 シナリオ走行を終了しました [シナリオ名: ログイン]
[ADMIN] 16:19:42.983473 シナリオ走行を開始しました [シナリオ名: ログイン]
[ADMIN] 16:19:43.031995 シナリオ走行を終了しました [シナリオ名: ログイン]
[ADMIN] 16:19:43.032010 シナリオ走行を開始しました [シナリオ名: ログイン]
[ADMIN] 16:19:43.080922 シナリオ走行を終了しました [シナリオ名: ログイン]
[ADMIN] 16:19:43.080942 シナリオ走行を開始しました [シナリオ名: ログイン]
[ADMIN] 16:19:43.087554 シナリオ走行を終了しました [シナリオ名: ログイン]
[ADMIN] 16:19:43.087568 シナリオ走行を開始しました [シナリオ名: ログイン]
[ADMIN] 16:19:43.114184 シナリオ走行を終了しました [シナリオ名: ログイン]
[ADMIN] 16:19:43.114198 シナリオ走行を開始しました [シナリオ名: ログイン]
[ADMIN] 16:19:43.127823 シナリオ走行を終了しました [シナリオ名: ログイン]
[ADMIN] 16:19:43.127834 シナリオ走行を開始しました [シナリオ名: ログイン]
[ADMIN] 16:19:43.204687 シナリオ走行を終了しました [シナリオ名: ログイン]
[ADMIN] 16:19:43.204706 シナリオ走行を開始しました [シナリオ名: ログイン]
[ADMIN] 16:19:43.221650 シナリオ走行を終了しました [シナリオ名: ログイン]
[ADMIN] 16:19:43.221663 シナリオ走行を開始しました [シナリオ名: ログイン]
[ADMIN] 16:19:43.239007 シナリオ走行を終了しました [シナリオ名: Banユーザログイン]
[ADMIN] 16:19:43.239034 シナリオ走行を開始しました [シナリオ名: Banユーザログイン]
[ADMIN] 16:19:43.254100 シナリオ走行を終了しました [シナリオ名: ログイン]
[ADMIN] 16:19:43.254116 シナリオ走行を開始しました [シナリオ名: ログイン]
[ADMIN] 16:19:43.283015 シナリオ走行を終了しました [シナリオ名: Banユーザログイン]
[ADMIN] 16:19:43.283037 シナリオ走行を開始しました [シナリオ名: Banユーザログイン]
[ADMIN] 16:19:43.306133 シナリオ走行を終了しました [シナリオ名: ログイン]
[ADMIN] 16:19:43.306151 シナリオ走行を開始しました [シナリオ名: ログイン]
[ADMIN] 16:19:43.321237 シナリオ走行を終了しました [シナリオ名: ログイン]
[ADMIN] 16:19:43.321251 シナリオ走行を開始しました [シナリオ名: ログイン]
[ADMIN] 16:19:43.327112 シナリオ走行を終了しました [シナリオ名: Banユーザログイン]
[ADMIN] 16:19:43.327131 シナリオ走行を開始しました [シナリオ名: Banユーザログイン]
[ADMIN] 16:19:43.328712 シナリオ走行を終了しました [シナリオ名: Banユーザログイン]
[ADMIN] 16:19:43.328728 シナリオ走行を開始しました [シナリオ名: Banユーザログイン]
[ADMIN] 16:19:43.356088 シナリオ走行を終了しました [シナリオ名: Banユーザログイン]
[ADMIN] 16:19:43.356108 シナリオ走行を開始しました [シナリオ名: Banユーザログイン]
[ADMIN] 16:19:43.375636 シナリオ走行を終了しました [シナリオ名: Banユーザログイン]
[ADMIN] 16:19:43.375654 シナリオ走行を開始しました [シナリオ名: Banユーザログイン]
[ADMIN] 16:19:43.388977 シナリオ走行を終了しました [シナリオ名: Banユーザログイン]
[ADMIN] 16:19:43.389004 シナリオ走行を開始しました [シナリオ名: Banユーザログイン]
[ADMIN] 16:19:43.451573 シナリオ走行を終了しました [シナリオ名: Banユーザログイン]
[ADMIN] 16:19:43.451587 シナリオ走行を開始しました [シナリオ名: Banユーザログイン]
[ADMIN] 16:19:43.451813 シナリオ走行を終了しました [シナリオ名: ログイン]
[ADMIN] 16:19:43.451829 シナリオ走行を開始しました [シナリオ名: ログイン]
[ADMIN] 16:19:43.494281 シナリオ走行を終了しました [シナリオ名: ログイン]
[ADMIN] 16:19:43.494293 シナリオ走行を開始しました [シナリオ名: ログイン]
[ADMIN] 16:19:43.500621 シナリオ走行を終了しました [シナリオ名: ログイン]
[ADMIN] 16:19:43.500631 シナリオ走行を開始しました [シナリオ名: ログイン]
[ADMIN] 16:19:43.504086 シナリオ走行を終了しました [シナリオ名: Banユーザログイン]
[ADMIN] 16:19:43.504096 シナリオ走行を開始しました [シナリオ名: Banユーザログイン]
[ADMIN] 16:19:43.526453 シナリオ走行を終了しました [シナリオ名: Banユーザログイン]
[ADMIN] 16:19:43.526470 シナリオ走行を開始しました [シナリオ名: Banユーザログイン]
[ADMIN] 16:19:43.535820 シナリオ走行を終了しました [シナリオ名: Banユーザログイン]
[ADMIN] 16:19:43.535837 シナリオ走行を開始しました [シナリオ名: Banユーザログイン]
[ADMIN] 16:19:43.558714 シナリオ走行を終了しました [シナリオ名: ログイン]
[ADMIN] 16:19:43.558726 シナリオ走行を開始しました [シナリオ名: ログイン]
[ADMIN] 16:19:43.613808 シナリオ走行を終了しました [シナリオ名: ログイン]
[ADMIN] 16:19:43.613823 シナリオ走行を開始しました [シナリオ名: ログイン]
[ADMIN] 16:19:43.705553 シナリオ走行を終了しました [シナリオ名: ログイン]
[ADMIN] 16:19:43.705573 シナリオ走行を開始しました [シナリオ名: ログイン]
[ADMIN] 16:19:43.747584 シナリオ走行を終了しました [シナリオ名: ログイン]
[ADMIN] 16:19:43.747600 シナリオ走行を開始しました [シナリオ名: ログイン]
[ADMIN] 16:19:43.793944 シナリオ走行を終了しました [シナリオ名: ログイン]
[ADMIN] 16:19:43.793958 シナリオ走行を開始しました [シナリオ名: ログイン]
[ADMIN] 16:19:43.799232 シナリオ走行を終了しました [シナリオ名: ログイン]
[ADMIN] 16:19:43.799250 シナリオ走行を開始しました [シナリオ名: ログイン]
[ADMIN] 16:19:43.805801 シナリオ走行を終了しました [シナリオ名: ログイン]
[ADMIN] 16:19:43.805816 シナリオ走行を開始しました [シナリオ名: ログイン]
[ADMIN] 16:19:43.883312 シナリオ走行を終了しました [シナリオ名: Banユーザログイン]
[ADMIN] 16:19:43.883323 シナリオ走行を終了しました [シナリオ名: Banユーザログイン]
[ADMIN] 16:19:43.883340 シナリオ走行を開始しました [シナリオ名: Banユーザログイン]
[ADMIN] 16:19:43.883401 シナリオ走行を開始しました [シナリオ名: Banユーザログイン]
[ADMIN] 16:19:43.916051 シナリオ走行を終了しました [シナリオ名: ログイン]
[ADMIN] 16:19:43.916070 シナリオ走行を開始しました [シナリオ名: ログイン]
[ADMIN] 16:19:43.932813 シナリオ走行を終了しました [シナリオ名: ログイン]
[ADMIN] 16:19:43.932828 シナリオ走行を開始しました [シナリオ名: ログイン]
[ADMIN] 16:19:43.936837 シナリオ走行を終了しました [シナリオ名: Banユーザログイン]
[ADMIN] 16:19:43.936856 シナリオ走行を開始しました [シナリオ名: Banユーザログイン]
[ADMIN] 16:19:43.937803 シナリオ走行を終了しました [シナリオ名: ログイン]
[ADMIN] 16:19:43.937812 シナリオ走行を開始しました [シナリオ名: ログイン]
[ADMIN] 16:19:43.947118 シナリオ走行を終了しました [シナリオ名: ログイン]
[ADMIN] 16:19:43.947129 シナリオ走行を開始しました [シナリオ名: ログイン]
[ADMIN] 16:19:43.956689 シナリオ走行を終了しました [シナリオ名: Banユーザログイン]
[ADMIN] 16:19:43.956705 シナリオ走行を開始しました [シナリオ名: Banユーザログイン]
[ADMIN] 16:19:43.972185 シナリオ走行を終了しました [シナリオ名: ログイン]
[ADMIN] 16:19:43.972198 シナリオ走行を開始しました [シナリオ名: ログイン]
[ADMIN] 16:19:43.977223 シナリオ走行を終了しました [シナリオ名: Banユーザログイン]
[ADMIN] 16:19:43.977241 シナリオ走行を開始しました [シナリオ名: Banユーザログイン]
[ADMIN] 16:19:43.977692 シナリオ走行を終了しました [シナリオ名: ログイン]
[ADMIN] 16:19:43.977700 シナリオ走行を開始しました [シナリオ名: ログイン]
[ADMIN] 16:19:43.997007 シナリオ走行を終了しました [シナリオ名: Banユーザログイン]
[ADMIN] 16:19:43.997025 シナリオ走行を開始しました [シナリオ名: Banユーザログイン]
[ADMIN] 16:19:44.005149 シナリオ走行を終了しました [シナリオ名: Banユーザログイン]
[ADMIN] 16:19:44.005165 シナリオ走行を開始しました [シナリオ名: Banユーザログイン]
[ADMIN] 16:19:44.082430 シナリオ走行を終了しました [シナリオ名: Banユーザログイン]
[ADMIN] 16:19:44.082447 シナリオ走行を開始しました [シナリオ名: Banユーザログイン]
[ADMIN] 16:19:44.087028 シナリオ走行を終了しました [シナリオ名: Banユーザログイン]
[ADMIN] 16:19:44.087046 シナリオ走行を開始しました [シナリオ名: Banユーザログイン]
[ADMIN] 16:19:44.090085 シナリオ走行を終了しました [シナリオ名: Banユーザログイン]
[ADMIN] 16:19:44.090104 シナリオ走行を開始しました [シナリオ名: Banユーザログイン]
[ADMIN] 16:19:44.101600 シナリオ走行を終了しました [シナリオ名: 新規ユーザー登録]
[ADMIN] 16:19:44.101617 シナリオ走行を開始しました [シナリオ名: 新規ユーザー登録]
[ADMIN] 16:19:44.131407 シナリオ走行を終了しました [シナリオ名: ログイン]
[ADMIN] 16:19:44.131422 シナリオ走行を開始しました [シナリオ名: ログイン]
[ADMIN] 16:19:44.158912 シナリオ走行を終了しました [シナリオ名: Banユーザログイン]
[ADMIN] 16:19:44.158928 シナリオ走行を開始しました [シナリオ名: Banユーザログイン]
[ADMIN] 16:19:44.194611 シナリオ走行を終了しました [シナリオ名: ログイン]
[ADMIN] 16:19:44.194642 シナリオ走行を開始しました [シナリオ名: ログイン]
[ADMIN] 16:19:44.208316 シナリオ走行を終了しました [シナリオ名: ログイン]
[ADMIN] 16:19:44.208328 シナリオ走行を開始しました [シナリオ名: ログイン]
[ADMIN] 16:19:44.211444 シナリオ走行を終了しました [シナリオ名: ログイン]
[ADMIN] 16:19:44.211452 シナリオ走行を開始しました [シナリオ名: ログイン]
[ADMIN] 16:19:44.240208 シナリオ走行を終了しました [シナリオ名: 新規ユーザー登録]
[ADMIN] 16:19:44.240233 シナリオ走行を開始しました [シナリオ名: 新規ユーザー登録]
[ADMIN] 16:19:44.261668 シナリオ走行を終了しました [シナリオ名: ログイン]
[ADMIN] 16:19:44.261681 シナリオ走行を開始しました [シナリオ名: ログイン]
[ADMIN] 16:19:44.269953 シナリオ走行を終了しました [シナリオ名: ログイン]
[ADMIN] 16:19:44.269963 シナリオ走行を開始しました [シナリオ名: ログイン]
[ADMIN] 16:19:44.315699 シナリオ走行を終了しました [シナリオ名: ログイン]
[ADMIN] 16:19:44.315712 シナリオ走行を開始しました [シナリオ名: ログイン]
[ADMIN] 16:19:44.319052 シナリオ走行を終了しました [シナリオ名: 新規ユーザー登録]
[ADMIN] 16:19:44.319073 シナリオ走行を開始しました [シナリオ名: 新規ユーザー登録]
[ADMIN] 16:19:44.320481 シナリオ走行を終了しました [シナリオ名: 新規ユーザー登録]
[ADMIN] 16:19:44.320496 シナリオ走行を開始しました [シナリオ名: 新規ユーザー登録]
[ADMIN] 16:19:44.320931 シナリオ走行を終了しました [シナリオ名: 新規ユーザー登録]
[ADMIN] 16:19:44.320942 シナリオ走行を開始しました [シナリオ名: 新規ユーザー登録]
[ADMIN] 16:19:44.372143 シナリオ走行を終了しました [シナリオ名: ログイン]
[ADMIN] 16:19:44.372155 シナリオ走行を開始しました [シナリオ名: ログイン]
[ADMIN] 16:19:44.391577 シナリオ走行を終了しました [シナリオ名: ログイン]
[ADMIN] 16:19:44.391587 シナリオ走行を開始しました [シナリオ名: ログイン]
[ADMIN] 16:19:44.392039 シナリオ走行を終了しました [シナリオ名: ログイン]
[ADMIN] 16:19:44.392048 シナリオ走行を開始しました [シナリオ名: ログイン]
[ADMIN] 16:19:44.420918 シナリオ走行を終了しました [シナリオ名: 新規ユーザー登録]
[ADMIN] 16:19:44.420939 シナリオ走行を開始しました [シナリオ名: 新規ユーザー登録]
[ADMIN] 16:19:44.441533 シナリオ走行を終了しました [シナリオ名: ログイン]
[ADMIN] 16:19:44.441547 シナリオ走行を開始しました [シナリオ名: ログイン]
[ADMIN] 16:19:44.454270 シナリオ走行を終了しました [シナリオ名: Banユーザログイン]
[ADMIN] 16:19:44.454287 シナリオ走行を開始しました [シナリオ名: Banユーザログイン]
[ADMIN] 16:19:44.459673 シナリオ走行を終了しました [シナリオ名: Banユーザログイン]
[ADMIN] 16:19:44.459694 シナリオ走行を開始しました [シナリオ名: Banユーザログイン]
[ADMIN] 16:19:44.473559 シナリオ走行を終了しました [シナリオ名: ログイン]
[ADMIN] 16:19:44.473574 シナリオ走行を開始しました [シナリオ名: ログイン]
[ADMIN] 16:19:44.474522 シナリオ走行を終了しました [シナリオ名: ログイン]
[ADMIN] 16:19:44.474531 シナリオ走行を開始しました [シナリオ名: ログイン]
[ADMIN] 16:19:44.478321 シナリオ走行を終了しました [シナリオ名: Banユーザログイン]
[ADMIN] 16:19:44.478335 シナリオ走行を開始しました [シナリオ名: Banユーザログイン]
[ADMIN] 16:19:44.486747 シナリオ走行を終了しました [シナリオ名: ログイン]
[ADMIN] 16:19:44.486755 シナリオ走行を開始しました [シナリオ名: ログイン]
[ADMIN] 16:19:44.507837 シナリオ走行を終了しました [シナリオ名: ログイン]
[ADMIN] 16:19:44.507852 シナリオ走行を開始しました [シナリオ名: ログイン]
[ADMIN] 16:19:44.552304 シナリオ走行を終了しました [シナリオ名: 新規ユーザー登録]
[ADMIN] 16:19:44.552328 シナリオ走行を開始しました [シナリオ名: 新規ユーザー登録]
[ADMIN] 16:19:44.562095 シナリオ走行を終了しました [シナリオ名: ログイン]
[ADMIN] 16:19:44.562108 シナリオ走行を開始しました [シナリオ名: ログイン]
[ADMIN] 16:19:44.564884 シナリオ走行を終了しました [シナリオ名: ログイン]
[ADMIN] 16:19:44.564895 シナリオ走行を開始しました [シナリオ名: ログイン]
[ADMIN] 16:19:44.568741 シナリオ走行を終了しました [シナリオ名: 新規ユーザー登録]
[ADMIN] 16:19:44.568762 シナリオ走行を開始しました [シナリオ名: 新規ユーザー登録]
[ADMIN] 16:19:44.571703 シナリオ走行を終了しました [シナリオ名: ログイン]
[ADMIN] 16:19:44.571710 シナリオ走行を開始しました [シナリオ名: ログイン]
[ADMIN] 16:19:44.576412 シナリオ走行を終了しました [シナリオ名: ログイン]
[ADMIN] 16:19:44.576422 シナリオ走行を開始しました [シナリオ名: ログイン]
[ADMIN] 16:19:44.582851 シナリオ走行を終了しました [シナリオ名: Banユーザログイン]
[ADMIN] 16:19:44.582866 シナリオ走行を開始しました [シナリオ名: Banユーザログイン]
[ADMIN] 16:19:44.586453 シナリオ走行を終了しました [シナリオ名: Banユーザログイン]
[ADMIN] 16:19:44.586471 シナリオ走行を開始しました [シナリオ名: Banユーザログイン]
[ADMIN] 16:19:44.587546 シナリオ走行を終了しました [シナリオ名: ログイン]
[ADMIN] 16:19:44.587556 シナリオ走行を開始しました [シナリオ名: ログイン]
[ADMIN] 16:19:44.608542 シナリオ走行を終了しました [シナリオ名: ログイン]
[ADMIN] 16:19:44.608556 シナリオ走行を開始しました [シナリオ名: ログイン]
[ADMIN] 16:19:44.612391 シナリオ走行を終了しました [シナリオ名: Banユーザログイン]
[ADMIN] 16:19:44.612413 シナリオ走行を開始しました [シナリオ名: Banユーザログイン]
[ADMIN] 16:19:44.612473 シナリオ走行を終了しました [シナリオ名: ログイン]
[ADMIN] 16:19:44.612485 シナリオ走行を開始しました [シナリオ名: ログイン]
[ADMIN] 16:19:44.632364 シナリオ走行を終了しました [シナリオ名: 新規ユーザー登録]
[ADMIN] 16:19:44.632389 シナリオ走行を開始しました [シナリオ名: 新規ユーザー登録]
[ADMIN] 16:19:44.632574 シナリオ走行を終了しました [シナリオ名: ログイン]
[ADMIN] 16:19:44.632586 シナリオ走行を開始しました [シナリオ名: ログイン]
[ADMIN] 16:19:44.632905 シナリオ走行を終了しました [シナリオ名: Banユーザログイン]
[ADMIN] 16:19:44.632979 シナリオ走行を開始しました [シナリオ名: Banユーザログイン]
[ADMIN] 16:19:44.649354 シナリオ走行を終了しました [シナリオ名: ログイン]
[ADMIN] 16:19:44.649369 シナリオ走行を開始しました [シナリオ名: ログイン]
[ADMIN] 16:19:44.671148 シナリオ走行を終了しました [シナリオ名: Banユーザログイン]
[ADMIN] 16:19:44.671168 シナリオ走行を開始しました [シナリオ名: Banユーザログイン]
[ADMIN] 16:19:44.704222 シナリオ走行を終了しました [シナリオ名: Banユーザログイン]
[ADMIN] 16:19:44.704240 シナリオ走行を開始しました [シナリオ名: Banユーザログイン]
[ADMIN] 16:19:44.706480 シナリオ走行を終了しました [シナリオ名: 新規ユーザー登録]
[ADMIN] 16:19:44.706506 シナリオ走行を開始しました [シナリオ名: 新規ユーザー登録]
[ADMIN] 16:19:44.710076 シナリオ走行を終了しました [シナリオ名: 新規ユーザー登録]
[ADMIN] 16:19:44.710097 シナリオ走行を開始しました [シナリオ名: 新規ユーザー登録]
[ADMIN] 16:19:44.726089 シナリオ走行を終了しました [シナリオ名: Banユーザログイン]
[ADMIN] 16:19:44.726107 シナリオ走行を開始しました [シナリオ名: Banユーザログイン]
[ADMIN] 16:19:44.729621 シナリオ走行を終了しました [シナリオ名: ログイン]
[ADMIN] 16:19:44.729630 シナリオ走行を開始しました [シナリオ名: ログイン]
[ADMIN] 16:19:44.733698 シナリオ走行を終了しました [シナリオ名: ログイン]
[ADMIN] 16:19:44.733709 シナリオ走行を開始しました [シナリオ名: ログイン]
[ADMIN] 16:19:44.738297 シナリオ走行を終了しました [シナリオ名: ログイン]
[ADMIN] 16:19:44.738307 シナリオ走行を開始しました [シナリオ名: ログイン]
[ADMIN] 16:19:44.739092 シナリオ走行を終了しました [シナリオ名: ログイン]
[ADMIN] 16:19:44.739101 シナリオ走行を開始しました [シナリオ名: ログイン]
[ADMIN] 16:19:44.740988 シナリオ走行を終了しました [シナリオ名: ログイン]
[ADMIN] 16:19:44.740998 シナリオ走行を開始しました [シナリオ名: ログイン]
[ADMIN] 16:19:44.744034 シナリオ走行を終了しました [シナリオ名: 新規ユーザー登録]
[ADMIN] 16:19:44.744052 シナリオ走行を開始しました [シナリオ名: 新規ユーザー登録]
[ADMIN] 16:19:44.745399 シナリオ走行を終了しました [シナリオ名: Banユーザログイン]
[ADMIN] 16:19:44.745413 シナリオ走行を開始しました [シナリオ名: Banユーザログイン]
[ADMIN] 16:19:44.778320 シナリオ走行を終了しました [シナリオ名: 新規ユーザー登録]
[ADMIN] 16:19:44.778343 シナリオ走行を開始しました [シナリオ名: 新規ユーザー登録]
[ADMIN] 16:19:44.795612 シナリオ走行を終了しました [シナリオ名: ログイン]
[ADMIN] 16:19:44.795625 シナリオ走行を開始しました [シナリオ名: ログイン]
[ADMIN] 16:19:44.796265 シナリオ走行を終了しました [シナリオ名: 新規ユーザー登録]
[ADMIN] 16:19:44.796281 シナリオ走行を開始しました [シナリオ名: 新規ユーザー登録]
[ADMIN] 16:19:44.805953 シナリオ走行を終了しました [シナリオ名: ログイン]
[ADMIN] 16:19:44.805967 シナリオ走行を開始しました [シナリオ名: ログイン]
[ADMIN] 16:19:44.808906 シナリオ走行を終了しました [シナリオ名: 新規ユーザー登録]
[ADMIN] 16:19:44.808928 シナリオ走行を開始しました [シナリオ名: 新規ユーザー登録]
[ADMIN] 16:19:44.824370 シナリオ走行を終了しました [シナリオ名: ログイン]
[ADMIN] 16:19:44.824384 シナリオ走行を開始しました [シナリオ名: ログイン]
[ADMIN] 16:19:44.880593 シナリオ走行を終了しました [シナリオ名: ログイン]
[ADMIN] 16:19:44.880608 シナリオ走行を開始しました [シナリオ名: ログイン]
[ADMIN] 16:19:44.891425 シナリオ走行を終了しました [シナリオ名: ログイン]
[ADMIN] 16:19:44.891435 シナリオ走行を開始しました [シナリオ名: ログイン]
[ADMIN] 16:19:44.916638 シナリオ走行を終了しました [シナリオ名: ログイン]
[ADMIN] 16:19:44.916651 シナリオ走行を開始しました [シナリオ名: ログイン]
[ADMIN] 16:19:44.947605 シナリオ走行を終了しました [シナリオ名: 新規ユーザー登録]
[ADMIN] 16:19:44.947629 シナリオ走行を開始しました [シナリオ名: 新規ユーザー登録]
[ADMIN] 16:19:44.952114 シナリオ走行を終了しました [シナリオ名: 新規ユーザー登録]
[ADMIN] 16:19:44.952136 シナリオ走行を開始しました [シナリオ名: 新規ユーザー登録]
[ADMIN] 16:19:44.970308 シナリオ走行を終了しました [シナリオ名: 新規ユーザー登録]
[ADMIN] 16:19:44.970333 シナリオ走行を開始しました [シナリオ名: 新規ユーザー登録]
[ADMIN] 16:19:45.012437 シナリオ走行を終了しました [シナリオ名: ログイン]
[ADMIN] 16:19:45.012455 シナリオ走行を開始しました [シナリオ名: ログイン]
[ADMIN] 16:19:45.016386 シナリオ走行を終了しました [シナリオ名: 新規ユーザー登録]
[ADMIN] 16:19:45.016461 シナリオ走行を開始しました [シナリオ名: 新規ユーザー登録]
[ADMIN] 16:19:45.028556 シナリオ走行を終了しました [シナリオ名: ログイン]
[ADMIN] 16:19:45.028568 シナリオ走行を開始しました [シナリオ名: ログイン]
[ADMIN] 16:19:45.029104 シナリオ走行を終了しました [シナリオ名: 新規ユーザー登録]
[ADMIN] 16:19:45.029123 シナリオ走行を開始しました [シナリオ名: 新規ユーザー登録]
[ADMIN] 16:19:45.033540 シナリオ走行を終了しました [シナリオ名: 新規ユーザー登録]
[ADMIN] 16:19:45.033559 シナリオ走行を開始しました [シナリオ名: 新規ユーザー登録]
[ADMIN] 16:19:45.040214 シナリオ走行を終了しました [シナリオ名: 新規ユーザー登録]
[ADMIN] 16:19:45.040236 シナリオ走行を開始しました [シナリオ名: 新規ユーザー登録]
[ADMIN] 16:19:45.058761 シナリオ走行を終了しました [シナリオ名: ログイン]
[ADMIN] 16:19:45.058775 シナリオ走行を開始しました [シナリオ名: ログイン]
[ADMIN] 16:19:45.062894 シナリオ走行を終了しました [シナリオ名: Banユーザログイン]
[ADMIN] 16:19:45.062907 シナリオ走行を開始しました [シナリオ名: Banユーザログイン]
[ADMIN] 16:19:45.072120 シナリオ走行を終了しました [シナリオ名: ログイン]
[ADMIN] 16:19:45.072132 シナリオ走行を開始しました [シナリオ名: ログイン]
[ADMIN] 16:19:45.114000 シナリオ走行を終了しました [シナリオ名: 新規ユーザー登録]
[ADMIN] 16:19:45.114021 シナリオ走行を開始しました [シナリオ名: 新規ユーザー登録]
[ADMIN] 16:19:45.121921 シナリオ走行を終了しました [シナリオ名: ログイン]
[ADMIN] 16:19:45.121934 シナリオ走行を開始しました [シナリオ名: ログイン]
[ADMIN] 16:19:45.137284 シナリオ走行を終了しました [シナリオ名: 新規ユーザー登録]
[ADMIN] 16:19:45.137305 シナリオ走行を開始しました [シナリオ名: 新規ユーザー登録]
[ADMIN] 16:19:45.142091 シナリオ走行を終了しました [シナリオ名: ログイン]
[ADMIN] 16:19:45.142100 シナリオ走行を開始しました [シナリオ名: ログイン]
[ADMIN] 16:19:45.151353 シナリオ走行を終了しました [シナリオ名: ログイン]
[ADMIN] 16:19:45.151362 シナリオ走行を開始しました [シナリオ名: ログイン]
[ADMIN] 16:19:45.159208 シナリオ走行を終了しました [シナリオ名: 新規ユーザー登録]
[ADMIN] 16:19:45.159227 シナリオ走行を開始しました [シナリオ名: 新規ユーザー登録]
[ADMIN] 16:19:45.168261 シナリオ走行を終了しました [シナリオ名: Banユーザログイン]
[ADMIN] 16:19:45.168279 シナリオ走行を開始しました [シナリオ名: Banユーザログイン]
[ADMIN] 16:19:45.171233 シナリオ走行を終了しました [シナリオ名: ログイン]
[ADMIN] 16:19:45.171245 シナリオ走行を開始しました [シナリオ名: ログイン]
[ADMIN] 16:19:45.174512 シナリオ走行を終了しました [シナリオ名: 新規ユーザー登録]
[ADMIN] 16:19:45.174528 シナリオ走行を開始しました [シナリオ名: 新規ユーザー登録]
[ADMIN] 16:19:45.181143 シナリオ走行を終了しました [シナリオ名: 新規ユーザー登録]
[ADMIN] 16:19:45.181162 シナリオ走行を開始しました [シナリオ名: 新規ユーザー登録]
[ADMIN] 16:19:45.185665 シナリオ走行を終了しました [シナリオ名: ログイン]
[ADMIN] 16:19:45.185674 シナリオ走行を開始しました [シナリオ名: ログイン]
[ADMIN] 16:19:45.191588 シナリオ走行を終了しました [シナリオ名: 新規ユーザー登録]
[ADMIN] 16:19:45.191608 シナリオ走行を開始しました [シナリオ名: 新規ユーザー登録]
[ADMIN] 16:19:45.199224 シナリオ走行を終了しました [シナリオ名: Banユーザログイン]
[ADMIN] 16:19:45.199238 シナリオ走行を開始しました [シナリオ名: Banユーザログイン]
[ADMIN] 16:19:45.201667 シナリオ走行を終了しました [シナリオ名: Banユーザログイン]
[ADMIN] 16:19:45.201680 シナリオ走行を開始しました [シナリオ名: Banユーザログイン]
[ADMIN] 16:19:45.204646 シナリオ走行を終了しました [シナリオ名: 新規ユーザー登録]
[ADMIN] 16:19:45.204664 シナリオ走行を開始しました [シナリオ名: 新規ユーザー登録]
[ADMIN] 16:19:45.209098 シナリオ走行を終了しました [シナリオ名: Banユーザログイン]
[ADMIN] 16:19:45.209111 シナリオ走行を開始しました [シナリオ名: Banユーザログイン]
[ADMIN] 16:19:45.244611 シナリオ走行を終了しました [シナリオ名: ログイン]
[ADMIN] 16:19:45.244623 シナリオ走行を開始しました [シナリオ名: ログイン]
[ADMIN] 16:19:45.257658 シナリオ走行を終了しました [シナリオ名: Banユーザログイン]
[ADMIN] 16:19:45.257676 シナリオ走行を開始しました [シナリオ名: Banユーザログイン]
[ADMIN] 16:19:45.259074 シナリオ走行を終了しました [シナリオ名: Banユーザログイン]
[ADMIN] 16:19:45.259089 シナリオ走行を開始しました [シナリオ名: Banユーザログイン]
[ADMIN] 16:19:45.263860 シナリオ走行を終了しました [シナリオ名: 新規ユーザー登録]
[ADMIN] 16:19:45.263881 シナリオ走行を開始しました [シナリオ名: 新規ユーザー登録]
[ADMIN] 16:19:45.273392 シナリオ走行を終了しました [シナリオ名: 新規ユーザー登録]
[ADMIN] 16:19:45.273411 シナリオ走行を開始しました [シナリオ名: 新規ユーザー登録]
[ADMIN] 16:19:45.310486 シナリオ走行を終了しました [シナリオ名: Banユーザログイン]
[ADMIN] 16:19:45.310503 シナリオ走行を開始しました [シナリオ名: Banユーザログイン]
[ADMIN] 16:19:45.315423 シナリオ走行を終了しました [シナリオ名: 新規ユーザー登録]
[ADMIN] 16:19:45.315438 シナリオ走行を開始しました [シナリオ名: 新規ユーザー登録]
[ADMIN] 16:19:45.325455 シナリオ走行を終了しました [シナリオ名: ログイン]
[ADMIN] 16:19:45.325467 シナリオ走行を開始しました [シナリオ名: ログイン]
[ADMIN] 16:19:45.325648 シナリオ走行を終了しました [シナリオ名: Banユーザログイン]
[ADMIN] 16:19:45.325656 シナリオ走行を開始しました [シナリオ名: Banユーザログイン]
[ADMIN] 16:19:45.362379 シナリオ走行を終了しました [シナリオ名: ログイン]
[ADMIN] 16:19:45.362389 シナリオ走行を開始しました [シナリオ名: ログイン]
[ADMIN] 16:19:45.367107 シナリオ走行を終了しました [シナリオ名: Banユーザログイン]
[ADMIN] 16:19:45.367120 シナリオ走行を開始しました [シナリオ名: Banユーザログイン]
[ADMIN] 16:19:45.386319 シナリオ走行を終了しました [シナリオ名: 新規ユーザー登録]
[ADMIN] 16:19:45.386341 シナリオ走行を開始しました [シナリオ名: 新規ユーザー登録]
[ADMIN] 16:19:45.388091 シナリオ走行を終了しました [シナリオ名: ログイン]
[ADMIN] 16:19:45.388100 シナリオ走行を開始しました [シナリオ名: ログイン]
[ADMIN] 16:19:45.408687 シナリオ走行を終了しました [シナリオ名: ログイン]
[ADMIN] 16:19:45.408699 シナリオ走行を開始しました [シナリオ名: ログイン]
[ADMIN] 16:19:45.441966 シナリオ走行を終了しました [シナリオ名: Banユーザログイン]
[ADMIN] 16:19:45.441985 シナリオ走行を開始しました [シナリオ名: Banユーザログイン]
[ADMIN] 16:19:45.482393 シナリオ走行を終了しました [シナリオ名: 新規ユーザー登録]
[ADMIN] 16:19:45.482420 シナリオ走行を開始しました [シナリオ名: 新規ユーザー登録]
[ADMIN] 16:19:45.512194 シナリオ走行を終了しました [シナリオ名: 新規ユーザー登録]
[ADMIN] 16:19:45.512217 シナリオ走行を開始しました [シナリオ名: 新規ユーザー登録]
[ADMIN] 16:19:45.551470 シナリオ走行を終了しました [シナリオ名: ログイン]
[ADMIN] 16:19:45.551483 シナリオ走行を開始しました [シナリオ名: ログイン]
[ADMIN] 16:19:45.551810 シナリオ走行を終了しました [シナリオ名: ログイン]
[ADMIN] 16:19:45.551823 シナリオ走行を開始しました [シナリオ名: ログイン]
[ADMIN] 16:19:45.558861 シナリオ走行を終了しました [シナリオ名: ログイン]
[ADMIN] 16:19:45.558872 シナリオ走行を開始しました [シナリオ名: ログイン]
[ADMIN] 16:19:45.561893 シナリオ走行を終了しました [シナリオ名: ログイン]
[ADMIN] 16:19:45.561900 シナリオ走行を開始しました [シナリオ名: ログイン]
[ADMIN] 16:19:45.565135 シナリオ走行を終了しました [シナリオ名: ログイン]
[ADMIN] 16:19:45.565145 シナリオ走行を開始しました [シナリオ名: ログイン]
[ADMIN] 16:19:45.570732 シナリオ走行を終了しました [シナリオ名: ログイン]
[ADMIN] 16:19:45.570743 シナリオ走行を開始しました [シナリオ名: ログイン]
[ADMIN] 16:19:45.583869 シナリオ走行を終了しました [シナリオ名: ログイン]
[ADMIN] 16:19:45.583880 シナリオ走行を開始しました [シナリオ名: ログイン]
[ADMIN] 16:19:45.584862 シナリオ走行を終了しました [シナリオ名: 新規ユーザー登録]
[ADMIN] 16:19:45.584882 シナリオ走行を開始しました [シナリオ名: 新規ユーザー登録]
[ADMIN] 16:19:45.618095 シナリオ走行を終了しました [シナリオ名: Banユーザログイン]
[ADMIN] 16:19:45.618110 シナリオ走行を開始しました [シナリオ名: Banユーザログイン]
[ADMIN] 16:19:45.618121 シナリオ走行を終了しました [シナリオ名: 新規ユーザー登録]
[ADMIN] 16:19:45.618142 シナリオ走行を開始しました [シナリオ名: 新規ユーザー登録]
[ADMIN] 16:19:45.638281 シナリオ走行を終了しました [シナリオ名: 新規ユーザー登録]
[ADMIN] 16:19:45.638312 シナリオ走行を開始しました [シナリオ名: 新規ユーザー登録]
[ADMIN] 16:19:45.667478 シナリオ走行を終了しました [シナリオ名: 新規ユーザー登録]
[ADMIN] 16:19:45.667498 シナリオ走行を開始しました [シナリオ名: 新規ユーザー登録]
[ADMIN] 16:19:45.694674 シナリオ走行を終了しました [シナリオ名: 新規ユーザー登録]
[ADMIN] 16:19:45.694700 シナリオ走行を開始しました [シナリオ名: 新規ユーザー登録]
[ADMIN] 16:19:45.750743 シナリオ走行を終了しました [シナリオ名: 新規ユーザー登録]
[ADMIN] 16:19:45.750766 シナリオ走行を開始しました [シナリオ名: 新規ユーザー登録]
[ADMIN] 16:19:45.752168 シナリオ走行を終了しました [シナリオ名: Banユーザログイン]
[ADMIN] 16:19:45.752186 シナリオ走行を開始しました [シナリオ名: Banユーザログイン]
[ADMIN] 16:19:45.757273 シナリオ走行を終了しました [シナリオ名: 新規ユーザー登録]
[ADMIN] 16:19:45.757290 シナリオ走行を開始しました [シナリオ名: 新規ユーザー登録]
[ADMIN] 16:19:45.804595 シナリオ走行を終了しました [シナリオ名: Banユーザログイン]
[ADMIN] 16:19:45.804621 シナリオ走行を開始しました [シナリオ名: Banユーザログイン]
[ADMIN] 16:19:45.831287 シナリオ走行を終了しました [シナリオ名: ログイン]
[ADMIN] 16:19:45.831300 シナリオ走行を開始しました [シナリオ名: ログイン]
[ADMIN] 16:19:45.859912 シナリオ走行を終了しました [シナリオ名: Banユーザログイン]
[ADMIN] 16:19:45.859930 シナリオ走行を開始しました [シナリオ名: Banユーザログイン]
[ADMIN] 16:19:45.865388 シナリオ走行を終了しました [シナリオ名: Banユーザログイン]
[ADMIN] 16:19:45.865406 シナリオ走行を開始しました [シナリオ名: Banユーザログイン]
[ADMIN] 16:19:45.901540 シナリオ走行を終了しました [シナリオ名: Banユーザログイン]
[ADMIN] 16:19:45.901559 シナリオ走行を開始しました [シナリオ名: Banユーザログイン]
[ADMIN] 16:19:45.904258 シナリオ走行を終了しました [シナリオ名: 新規ユーザー登録]
[ADMIN] 16:19:45.904278 シナリオ走行を開始しました [シナリオ名: 新規ユーザー登録]
[ADMIN] 16:19:45.913300 シナリオ走行を終了しました [シナリオ名: Banユーザログイン]
[ADMIN] 16:19:45.913311 シナリオ走行を開始しました [シナリオ名: Banユーザログイン]
[ADMIN] 16:19:45.938856 シナリオ走行を終了しました [シナリオ名: 新規ユーザー登録]
[ADMIN] 16:19:45.938874 シナリオ走行を開始しました [シナリオ名: 新規ユーザー登録]
[ADMIN] 16:19:45.939395 シナリオ走行を終了しました [シナリオ名: ログイン]
[ADMIN] 16:19:45.939405 シナリオ走行を開始しました [シナリオ名: ログイン]
[ADMIN] 16:19:45.943389 シナリオ走行を終了しました [シナリオ名: Banユーザログイン]
[ADMIN] 16:19:45.943402 シナリオ走行を開始しました [シナリオ名: Banユーザログイン]
[ADMIN] 16:19:45.960950 シナリオ走行を終了しました [シナリオ名: Banユーザログイン]
[ADMIN] 16:19:45.960966 シナリオ走行を開始しました [シナリオ名: Banユーザログイン]
[ADMIN] 16:19:45.972672 シナリオ走行を終了しました [シナリオ名: ログイン]
[ADMIN] 16:19:45.972685 シナリオ走行を開始しました [シナリオ名: ログイン]
[ADMIN] 16:19:45.998831 シナリオ走行を終了しました [シナリオ名: ログイン]
[ADMIN] 16:19:45.998847 シナリオ走行を開始しました [シナリオ名: ログイン]
[ADMIN] 16:19:46.015265 シナリオ走行を終了しました [シナリオ名: Banユーザログイン]
[ADMIN] 16:19:46.015289 シナリオ走行を開始しました [シナリオ名: Banユーザログイン]
[ADMIN] 16:19:46.021064 シナリオ走行を終了しました [シナリオ名: Banユーザログイン]
[ADMIN] 16:19:46.021083 シナリオ走行を開始しました [シナリオ名: Banユーザログイン]
[ADMIN] 16:19:46.068063 シナリオ走行を終了しました [シナリオ名: 新規ユーザー登録]
[ADMIN] 16:19:46.068093 シナリオ走行を開始しました [シナリオ名: 新規ユーザー登録]
[ADMIN] 16:19:46.077083 シナリオ走行を終了しました [シナリオ名: ログイン]
[ADMIN] 16:19:46.077097 シナリオ走行を開始しました [シナリオ名: ログイン]
[ADMIN] 16:19:46.099697 シナリオ走行を終了しました [シナリオ名: ログイン]
[ADMIN] 16:19:46.099715 シナリオ走行を開始しました [シナリオ名: ログイン]
[ADMIN] 16:19:46.120330 シナリオ走行を終了しました [シナリオ名: ログイン]
[ADMIN] 16:19:46.120346 シナリオ走行を開始しました [シナリオ名: ログイン]
[ADMIN] 16:19:46.181168 シナリオ走行を終了しました [シナリオ名: ログイン]
[ADMIN] 16:19:46.181182 シナリオ走行を開始しました [シナリオ名: ログイン]
[ADMIN] 16:19:46.228545 シナリオ走行を終了しました [シナリオ名: Banユーザログイン]
[ADMIN] 16:19:46.228570 シナリオ走行を開始しました [シナリオ名: Banユーザログイン]
[ADMIN] 16:19:46.234924 シナリオ走行を終了しました [シナリオ名: ログイン]
[ADMIN] 16:19:46.234938 シナリオ走行を開始しました [シナリオ名: ログイン]
[ADMIN] 16:19:46.278885 シナリオ走行を終了しました [シナリオ名: ログイン]
[ADMIN] 16:19:46.278903 シナリオ走行を開始しました [シナリオ名: ログイン]
[ADMIN] 16:19:46.341949 シナリオ走行を終了しました [シナリオ名: ログイン]
[ADMIN] 16:19:46.341965 シナリオ走行を開始しました [シナリオ名: ログイン]
[ADMIN] 16:19:46.344329 シナリオ走行を終了しました [シナリオ名: ログイン]
[ADMIN] 16:19:46.344340 シナリオ走行を開始しました [シナリオ名: ログイン]
[ADMIN] 16:19:46.352777 シナリオ走行を終了しました [シナリオ名: ログイン]
[ADMIN] 16:19:46.352788 シナリオ走行を開始しました [シナリオ名: ログイン]
[ADMIN] 16:19:46.372657 シナリオ走行を終了しました [シナリオ名: ログイン]
[ADMIN] 16:19:46.372672 シナリオ走行を開始しました [シナリオ名: ログイン]
[ADMIN] 16:19:46.443126 シナリオ走行を終了しました [シナリオ名: Banユーザログイン]
[ADMIN] 16:19:46.443171 シナリオ走行を開始しました [シナリオ名: Banユーザログイン]
[ADMIN] 16:19:46.456380 シナリオ走行を終了しました [シナリオ名: ログイン]
[ADMIN] 16:19:46.456395 シナリオ走行を開始しました [シナリオ名: ログイン]
[ADMIN] 16:19:46.457461 シナリオ走行を終了しました [シナリオ名: ログイン]
[ADMIN] 16:19:46.457471 シナリオ走行を開始しました [シナリオ名: ログイン]
[ADMIN] 16:19:46.463317 シナリオ走行を終了しました [シナリオ名: ログイン]
[ADMIN] 16:19:46.463330 シナリオ走行を開始しました [シナリオ名: ログイン]
[ADMIN] 16:19:46.467775 シナリオ走行を終了しました [シナリオ名: Banユーザログイン]
[ADMIN] 16:19:46.467787 シナリオ走行を開始しました [シナリオ名: Banユーザログイン]
[ADMIN] 16:19:46.472868 シナリオ走行を終了しました [シナリオ名: Banユーザログイン]
[ADMIN] 16:19:46.472880 シナリオ走行を開始しました [シナリオ名: Banユーザログイン]
[ADMIN] 16:19:46.483087 シナリオ走行を終了しました [シナリオ名: Banユーザログイン]
[ADMIN] 16:19:46.483103 シナリオ走行を開始しました [シナリオ名: Banユーザログイン]
[ADMIN] 16:19:46.498856 シナリオ走行を終了しました [シナリオ名: ログイン]
[ADMIN] 16:19:46.498872 シナリオ走行を開始しました [シナリオ名: ログイン]
[ADMIN] 16:19:46.504586 シナリオ走行を終了しました [シナリオ名: ログイン]
[ADMIN] 16:19:46.504597 シナリオ走行を開始しました [シナリオ名: ログイン]
[ADMIN] 16:19:46.547170 シナリオ走行を終了しました [シナリオ名: Banユーザログイン]
[ADMIN] 16:19:46.547186 シナリオ走行を開始しました [シナリオ名: Banユーザログイン]
[ADMIN] 16:19:46.566465 シナリオ走行を終了しました [シナリオ名: Banユーザログイン]
[ADMIN] 16:19:46.566484 シナリオ走行を開始しました [シナリオ名: Banユーザログイン]
[ADMIN] 16:19:46.572980 シナリオ走行を終了しました [シナリオ名: Banユーザログイン]
[ADMIN] 16:19:46.573000 シナリオ走行を開始しました [シナリオ名: Banユーザログイン]
[ADMIN] 16:19:46.573350 シナリオ走行を終了しました [シナリオ名: Banユーザログイン]
[ADMIN] 16:19:46.573363 シナリオ走行を開始しました [シナリオ名: Banユーザログイン]
[ADMIN] 16:19:46.578808 シナリオ走行を終了しました [シナリオ名: Banユーザログイン]
[ADMIN] 16:19:46.578830 シナリオ走行を開始しました [シナリオ名: Banユーザログイン]
[ADMIN] 16:19:46.599352 シナリオ走行を終了しました [シナリオ名: ログイン]
[ADMIN] 16:19:46.599366 シナリオ走行を開始しました [シナリオ名: ログイン]
[ADMIN] 16:19:46.624245 シナリオ走行を終了しました [シナリオ名: ログイン]
[ADMIN] 16:19:46.624256 シナリオ走行を開始しました [シナリオ名: ログイン]
[ADMIN] 16:19:46.632222 シナリオ走行を終了しました [シナリオ名: ログイン]
[ADMIN] 16:19:46.632234 シナリオ走行を開始しました [シナリオ名: ログイン]
[ADMIN] 16:19:46.746409 シナリオ走行を終了しました [シナリオ名: ログイン]
[ADMIN] 16:19:46.746422 シナリオ走行を開始しました [シナリオ名: ログイン]
[ADMIN] 16:19:46.753939 シナリオ走行を終了しました [シナリオ名: ログイン]
[ADMIN] 16:19:46.753951 シナリオ走行を開始しました [シナリオ名: ログイン]
[ADMIN] 16:19:46.760880 シナリオ走行を終了しました [シナリオ名: Banユーザログイン]
[ADMIN] 16:19:46.760895 シナリオ走行を開始しました [シナリオ名: Banユーザログイン]
[ADMIN] 16:19:46.776021 シナリオ走行を終了しました [シナリオ名: ログイン]
[ADMIN] 16:19:46.776031 シナリオ走行を開始しました [シナリオ名: ログイン]
[ADMIN] 16:19:46.776878 シナリオ走行を終了しました [シナリオ名: ログイン]
[ADMIN] 16:19:46.776885 シナリオ走行を開始しました [シナリオ名: ログイン]
[ADMIN] 16:19:46.777920 シナリオ走行を終了しました [シナリオ名: ログイン]
[ADMIN] 16:19:46.777930 シナリオ走行を開始しました [シナリオ名: ログイン]
[ADMIN] 16:19:46.835373 シナリオ走行を終了しました [シナリオ名: ログイン]
[ADMIN] 16:19:46.835386 シナリオ走行を開始しました [シナリオ名: ログイン]
[ADMIN] 16:19:46.869690 シナリオ走行を終了しました [シナリオ名: ログイン]
[ADMIN] 16:19:46.869703 シナリオ走行を開始しました [シナリオ名: ログイン]
[ADMIN] 16:19:46.904771 シナリオ走行を終了しました [シナリオ名: Banユーザログイン]
[ADMIN] 16:19:46.904788 シナリオ走行を開始しました [シナリオ名: Banユーザログイン]
[ADMIN] 16:19:46.947496 シナリオ走行を終了しました [シナリオ名: ログイン]
[ADMIN] 16:19:46.947508 シナリオ走行を開始しました [シナリオ名: ログイン]
[ADMIN] 16:19:46.973657 シナリオ走行を終了しました [シナリオ名: ログイン]
[ADMIN] 16:19:46.973670 シナリオ走行を開始しました [シナリオ名: ログイン]
[ADMIN] 16:19:46.981339 シナリオ走行を終了しました [シナリオ名: ログイン]
[ADMIN] 16:19:46.981349 シナリオ走行を開始しました [シナリオ名: ログイン]
[ADMIN] 16:19:47.032685 シナリオ走行を終了しました [シナリオ名: ログイン]
[ADMIN] 16:19:47.032701 シナリオ走行を開始しました [シナリオ名: ログイン]
[ADMIN] 16:19:47.056129 シナリオ走行を終了しました [シナリオ名: Banユーザログイン]
[ADMIN] 16:19:47.056150 シナリオ走行を開始しました [シナリオ名: Banユーザログイン]
[ADMIN] 16:19:47.076960 シナリオ走行を終了しました [シナリオ名: ログイン]
[ADMIN] 16:19:47.076972 シナリオ走行を開始しました [シナリオ名: ログイン]
[ADMIN] 16:19:47.082438 シナリオ走行を終了しました [シナリオ名: ログイン]
[ADMIN] 16:19:47.082449 シナリオ走行を開始しました [シナリオ名: ログイン]
[ADMIN] 16:19:47.101456 シナリオ走行を終了しました [シナリオ名: ログイン]
[ADMIN] 16:19:47.101469 シナリオ走行を開始しました [シナリオ名: ログイン]
[ADMIN] 16:19:47.101898 シナリオ走行を終了しました [シナリオ名: ログイン]
[ADMIN] 16:19:47.101907 シナリオ走行を開始しました [シナリオ名: ログイン]
[ADMIN] 16:19:47.114945 シナリオ走行を終了しました [シナリオ名: Banユーザログイン]
[ADMIN] 16:19:47.114961 シナリオ走行を開始しました [シナリオ名: Banユーザログイン]
[ADMIN] 16:19:47.118417 シナリオ走行を終了しました [シナリオ名: Banユーザログイン]
[ADMIN] 16:19:47.118432 シナリオ走行を開始しました [シナリオ名: Banユーザログイン]
[ADMIN] 16:19:47.124143 シナリオ走行を終了しました [シナリオ名: Banユーザログイン]
[ADMIN] 16:19:47.124154 シナリオ走行を開始しました [シナリオ名: Banユーザログイン]
[ADMIN] 16:19:47.133594 シナリオ走行を終了しました [シナリオ名: Banユーザログイン]
[ADMIN] 16:19:47.133609 シナリオ走行を開始しました [シナリオ名: Banユーザログイン]
[ADMIN] 16:19:47.137995 シナリオ走行を終了しました [シナリオ名: Banユーザログイン]
[ADMIN] 16:19:47.138011 シナリオ走行を開始しました [シナリオ名: Banユーザログイン]
[ADMIN] 16:19:47.143663 シナリオ走行を終了しました [シナリオ名: ログイン]
[ADMIN] 16:19:47.143674 シナリオ走行を開始しました [シナリオ名: ログイン]
[ADMIN] 16:19:47.149802 シナリオ走行を終了しました [シナリオ名: ログイン]
[ADMIN] 16:19:47.149813 シナリオ走行を開始しました [シナリオ名: ログイン]
[ADMIN] 16:19:47.160340 シナリオ走行を終了しました [シナリオ名: Banユーザログイン]
[ADMIN] 16:19:47.160356 シナリオ走行を開始しました [シナリオ名: Banユーザログイン]
[ADMIN] 16:19:47.167241 シナリオ走行を終了しました [シナリオ名: Banユーザログイン]
[ADMIN] 16:19:47.167257 シナリオ走行を開始しました [シナリオ名: Banユーザログイン]
[ADMIN] 16:19:47.193926 シナリオ走行を終了しました [シナリオ名: ログイン]
[ADMIN] 16:19:47.193940 シナリオ走行を開始しました [シナリオ名: ログイン]
[ADMIN] 16:19:47.228979 シナリオ走行を終了しました [シナリオ名: ログイン]
[ADMIN] 16:19:47.228992 シナリオ走行を開始しました [シナリオ名: ログイン]
[ADMIN] 16:19:47.234485 シナリオ走行を終了しました [シナリオ名: ログイン]
[ADMIN] 16:19:47.234495 シナリオ走行を開始しました [シナリオ名: ログイン]
[ADMIN] 16:19:47.241394 シナリオ走行を終了しました [シナリオ名: ログイン]
[ADMIN] 16:19:47.241405 シナリオ走行を開始しました [シナリオ名: ログイン]
[ADMIN] 16:19:47.267511 シナリオ走行を終了しました [シナリオ名: ログイン]
[ADMIN] 16:19:47.267525 シナリオ走行を開始しました [シナリオ名: ログイン]
[ADMIN] 16:19:47.289213 シナリオ走行を終了しました [シナリオ名: ログイン]
[ADMIN] 16:19:47.289226 シナリオ走行を開始しました [シナリオ名: ログイン]
[ADMIN] 16:19:47.295345 シナリオ走行を終了しました [シナリオ名: ログイン]
[ADMIN] 16:19:47.295357 シナリオ走行を開始しました [シナリオ名: ログイン]
[ADMIN] 16:19:47.299368 シナリオ走行を終了しました [シナリオ名: ログイン]
[ADMIN] 16:19:47.299378 シナリオ走行を開始しました [シナリオ名: ログイン]
[ADMIN] 16:19:47.310597 シナリオ走行を終了しました [シナリオ名: Banユーザログイン]
[ADMIN] 16:19:47.310609 シナリオ走行を開始しました [シナリオ名: Banユーザログイン]
[ADMIN] 16:19:47.333536 シナリオ走行を終了しました [シナリオ名: ログイン]
[ADMIN] 16:19:47.333545 シナリオ走行を開始しました [シナリオ名: ログイン]
[ADMIN] 16:19:47.333721 シナリオ走行を終了しました [シナリオ名: ログイン]
[ADMIN] 16:19:47.333730 シナリオ走行を開始しました [シナリオ名: ログイン]
[ADMIN] 16:19:47.339190 シナリオ走行を終了しました [シナリオ名: 新規ユーザー登録]
[ADMIN] 16:19:47.339205 シナリオ走行を開始しました [シナリオ名: 新規ユーザー登録]
[ADMIN] 16:19:47.355849 シナリオ走行を終了しました [シナリオ名: ログイン]
[ADMIN] 16:19:47.355860 シナリオ走行を開始しました [シナリオ名: ログイン]
[ADMIN] 16:19:47.395481 シナリオ走行を終了しました [シナリオ名: Banユーザログイン]
[ADMIN] 16:19:47.395499 シナリオ走行を開始しました [シナリオ名: Banユーザログイン]
[ADMIN] 16:19:47.433983 シナリオ走行を終了しました [シナリオ名: ログイン]
[ADMIN] 16:19:47.433999 シナリオ走行を開始しました [シナリオ名: ログイン]
[ADMIN] 16:19:47.439843 シナリオ走行を終了しました [シナリオ名: ログイン]
[ADMIN] 16:19:47.439855 シナリオ走行を開始しました [シナリオ名: ログイン]
[ADMIN] 16:19:47.456847 シナリオ走行を終了しました [シナリオ名: ログイン]
[ADMIN] 16:19:47.456857 シナリオ走行を開始しました [シナリオ名: ログイン]
[ADMIN] 16:19:47.461297 シナリオ走行を終了しました [シナリオ名: ログイン]
[ADMIN] 16:19:47.461309 シナリオ走行を開始しました [シナリオ名: ログイン]
[ADMIN] 16:19:47.465699 シナリオ走行を終了しました [シナリオ名: ログイン]
[ADMIN] 16:19:47.465711 シナリオ走行を開始しました [シナリオ名: ログイン]
[ADMIN] 16:19:47.489387 シナリオ走行を終了しました [シナリオ名: Banユーザログイン]
[ADMIN] 16:19:47.489400 シナリオ走行を開始しました [シナリオ名: Banユーザログイン]
[ADMIN] 16:19:47.545032 シナリオ走行を終了しました [シナリオ名: ログイン]
[ADMIN] 16:19:47.545043 シナリオ走行を開始しました [シナリオ名: ログイン]
[ADMIN] 16:19:47.614612 シナリオ走行を終了しました [シナリオ名: ログイン]
[ADMIN] 16:19:47.614648 シナリオ走行を開始しました [シナリオ名: ログイン]
[ADMIN] 16:19:47.633920 シナリオ走行を終了しました [シナリオ名: ログイン]
[ADMIN] 16:19:47.633932 シナリオ走行を開始しました [シナリオ名: ログイン]
[ADMIN] 16:19:47.693814 シナリオ走行を終了しました [シナリオ名: Banユーザログイン]
[ADMIN] 16:19:47.693829 シナリオ走行を開始しました [シナリオ名: Banユーザログイン]
[ADMIN] 16:19:47.695218 シナリオ走行を終了しました [シナリオ名: Banユーザログイン]
[ADMIN] 16:19:47.695230 シナリオ走行を開始しました [シナリオ名: Banユーザログイン]
[ADMIN] 16:19:47.697543 シナリオ走行を終了しました [シナリオ名: 新規ユーザー登録]
[ADMIN] 16:19:47.697569 シナリオ走行を開始しました [シナリオ名: 新規ユーザー登録]
[ADMIN] 16:19:47.699969 シナリオ走行を終了しました [シナリオ名: Banユーザログイン]
[ADMIN] 16:19:47.699986 シナリオ走行を開始しました [シナリオ名: Banユーザログイン]
[ADMIN] 16:19:47.714800 シナリオ走行を終了しました [シナリオ名: Banユーザログイン]
[ADMIN] 16:19:47.714816 シナリオ走行を開始しました [シナリオ名: Banユーザログイン]
[ADMIN] 16:19:47.719700 シナリオ走行を終了しました [シナリオ名: Banユーザログイン]
[ADMIN] 16:19:47.719715 シナリオ走行を開始しました [シナリオ名: Banユーザログイン]
[ADMIN] 16:19:47.729184 シナリオ走行を終了しました [シナリオ名: ログイン]
[ADMIN] 16:19:47.729193 シナリオ走行を開始しました [シナリオ名: ログイン]
[ADMIN] 16:19:47.788440 シナリオ走行を終了しました [シナリオ名: ログイン]
[ADMIN] 16:19:47.788453 シナリオ走行を開始しました [シナリオ名: ログイン]
[ADMIN] 16:19:47.789211 シナリオ走行を終了しました [シナリオ名: ログイン]
[ADMIN] 16:19:47.789221 シナリオ走行を開始しました [シナリオ名: ログイン]
[ADMIN] 16:19:47.796012 シナリオ走行を終了しました [シナリオ名: Banユーザログイン]
[ADMIN] 16:19:47.796039 シナリオ走行を開始しました [シナリオ名: Banユーザログイン]
[ADMIN] 16:19:47.808793 シナリオ走行を終了しました [シナリオ名: Banユーザログイン]
[ADMIN] 16:19:47.808814 シナリオ走行を開始しました [シナリオ名: Banユーザログイン]
[ADMIN] 16:19:47.824178 シナリオ走行を終了しました [シナリオ名: Banユーザログイン]
[ADMIN] 16:19:47.824200 シナリオ走行を開始しました [シナリオ名: Banユーザログイン]
[ADMIN] 16:19:47.873582 シナリオ走行を終了しました [シナリオ名: 新規ユーザー登録]
[ADMIN] 16:19:47.873619 シナリオ走行を開始しました [シナリオ名: 新規ユーザー登録]
[ADMIN] 16:19:47.890889 シナリオ走行を終了しました [シナリオ名: ログイン]
[ADMIN] 16:19:47.890904 シナリオ走行を開始しました [シナリオ名: ログイン]
[ADMIN] 16:19:47.892392 シナリオ走行を終了しました [シナリオ名: ログイン]
[ADMIN] 16:19:47.892404 シナリオ走行を開始しました [シナリオ名: ログイン]
[ADMIN] 16:19:47.896875 シナリオ走行を終了しました [シナリオ名: Banユーザログイン]
[ADMIN] 16:19:47.896894 シナリオ走行を開始しました [シナリオ名: Banユーザログイン]
[ADMIN] 16:19:47.904599 シナリオ走行を終了しました [シナリオ名: ログイン]
[ADMIN] 16:19:47.904613 シナリオ走行を開始しました [シナリオ名: ログイン]
[ADMIN] 16:19:47.945263 シナリオ走行を終了しました [シナリオ名: ログイン]
[ADMIN] 16:19:47.945278 シナリオ走行を開始しました [シナリオ名: ログイン]
[ADMIN] 16:19:47.961163 シナリオ走行を終了しました [シナリオ名: Banユーザログイン]
[ADMIN] 16:19:47.961186 シナリオ走行を開始しました [シナリオ名: Banユーザログイン]
[ADMIN] 16:19:47.965132 シナリオ走行を終了しました [シナリオ名: ログイン]
[ADMIN] 16:19:47.965145 シナリオ走行を開始しました [シナリオ名: ログイン]
[ADMIN] 16:19:47.965364 シナリオ走行を終了しました [シナリオ名: ログイン]
[ADMIN] 16:19:47.965375 シナリオ走行を開始しました [シナリオ名: ログイン]
[ADMIN] 16:19:47.970887 シナリオ走行を終了しました [シナリオ名: ログイン]
[ADMIN] 16:19:47.970896 シナリオ走行を開始しました [シナリオ名: ログイン]
[ADMIN] 16:19:47.980296 シナリオ走行を終了しました [シナリオ名: 新規ユーザー登録]
[ADMIN] 16:19:47.980314 シナリオ走行を開始しました [シナリオ名: 新規ユーザー登録]
[ADMIN] 16:19:47.990965 シナリオ走行を終了しました [シナリオ名: ログイン]
[ADMIN] 16:19:47.990978 シナリオ走行を開始しました [シナリオ名: ログイン]
[ADMIN] 16:19:47.996458 シナリオ走行を終了しました [シナリオ名: ログイン]
[ADMIN] 16:19:47.996470 シナリオ走行を開始しました [シナリオ名: ログイン]
[ADMIN] 16:19:48.014759 シナリオ走行を終了しました [シナリオ名: Banユーザログイン]
[ADMIN] 16:19:48.014777 シナリオ走行を開始しました [シナリオ名: Banユーザログイン]
[ADMIN] 16:19:48.023588 シナリオ走行を終了しました [シナリオ名: 新規ユーザー登録]
[ADMIN] 16:19:48.023615 シナリオ走行を開始しました [シナリオ名: 新規ユーザー登録]
[ADMIN] 16:19:48.053142 シナリオ走行を終了しました [シナリオ名: ログイン]
[ADMIN] 16:19:48.053156 シナリオ走行を開始しました [シナリオ名: ログイン]
[ADMIN] 16:19:48.098213 シナリオ走行を終了しました [シナリオ名: 新規ユーザー登録]
[ADMIN] 16:19:48.098236 シナリオ走行を開始しました [シナリオ名: 新規ユーザー登録]
[ADMIN] 16:19:48.107365 シナリオ走行を終了しました [シナリオ名: 新規ユーザー登録]
[ADMIN] 16:19:48.107391 シナリオ走行を開始しました [シナリオ名: 新規ユーザー登録]
[ADMIN] 16:19:48.121147 シナリオ走行を終了しました [シナリオ名: ログイン]
[ADMIN] 16:19:48.121157 シナリオ走行を開始しました [シナリオ名: ログイン]
[ADMIN] 16:19:48.231809 シナリオ走行を終了しました [シナリオ名: 新規ユーザー登録]
[ADMIN] 16:19:48.231854 シナリオ走行を開始しました [シナリオ名: 新規ユーザー登録]
[ADMIN] 16:19:48.244182 シナリオ走行を終了しました [シナリオ名: 新規ユーザー登録]
[ADMIN] 16:19:48.244204 シナリオ走行を開始しました [シナリオ名: 新規ユーザー登録]
[ADMIN] 16:19:48.249643 シナリオ走行を終了しました [シナリオ名: ログイン]
[ADMIN] 16:19:48.249655 シナリオ走行を開始しました [シナリオ名: ログイン]
[ADMIN] 16:19:48.270351 シナリオ走行を終了しました [シナリオ名: Banユーザログイン]
[ADMIN] 16:19:48.270370 シナリオ走行を開始しました [シナリオ名: Banユーザログイン]
[ADMIN] 16:19:48.270713 シナリオ走行を終了しました [シナリオ名: ログイン]
[ADMIN] 16:19:48.270727 シナリオ走行を開始しました [シナリオ名: ログイン]
[ADMIN] 16:19:48.279169 シナリオ走行を終了しました [シナリオ名: Banユーザログイン]
[ADMIN] 16:19:48.279187 シナリオ走行を開始しました [シナリオ名: Banユーザログイン]
[ADMIN] 16:19:48.281465 シナリオ走行を終了しました [シナリオ名: Banユーザログイン]
[ADMIN] 16:19:48.281487 シナリオ走行を開始しました [シナリオ名: Banユーザログイン]
[ADMIN] 16:19:48.281670 シナリオ走行を終了しました [シナリオ名: 新規ユーザー登録]
[ADMIN] 16:19:48.281692 シナリオ走行を開始しました [シナリオ名: 新規ユーザー登録]
[ADMIN] 16:19:48.309488 シナリオ走行を終了しました [シナリオ名: ログイン]
[ADMIN] 16:19:48.309499 シナリオ走行を開始しました [シナリオ名: ログイン]
[ADMIN] 16:19:48.323670 シナリオ走行を終了しました [シナリオ名: 新規ユーザー登録]
[ADMIN] 16:19:48.323690 シナリオ走行を開始しました [シナリオ名: 新規ユーザー登録]
[ADMIN] 16:19:48.334262 シナリオ走行を終了しました [シナリオ名: 新規ユーザー登録]
[ADMIN] 16:19:48.334282 シナリオ走行を開始しました [シナリオ名: 新規ユーザー登録]
[ADMIN] 16:19:48.338705 シナリオ走行を終了しました [シナリオ名: Banユーザログイン]
[ADMIN] 16:19:48.338719 シナリオ走行を開始しました [シナリオ名: Banユーザログイン]
[ADMIN] 16:19:48.354795 シナリオ走行を終了しました [シナリオ名: 新規ユーザー登録]
[ADMIN] 16:19:48.354815 シナリオ走行を開始しました [シナリオ名: 新規ユーザー登録]
[ADMIN] 16:19:48.356213 シナリオ走行を終了しました [シナリオ名: Banユーザログイン]
[ADMIN] 16:19:48.356229 シナリオ走行を開始しました [シナリオ名: Banユーザログイン]
[ADMIN] 16:19:48.364631 シナリオ走行を終了しました [シナリオ名: Banユーザログイン]
[ADMIN] 16:19:48.364647 シナリオ走行を開始しました [シナリオ名: Banユーザログイン]
[ADMIN] 16:19:48.366037 シナリオ走行を終了しました [シナリオ名: Banユーザログイン]
[ADMIN] 16:19:48.366049 シナリオ走行を開始しました [シナリオ名: Banユーザログイン]
[ADMIN] 16:19:48.375230 シナリオ走行を終了しました [シナリオ名: 新規ユーザー登録]
[ADMIN] 16:19:48.375245 シナリオ走行を開始しました [シナリオ名: 新規ユーザー登録]
[ADMIN] 16:19:48.375556 シナリオ走行を終了しました [シナリオ名: Banユーザログイン]
[ADMIN] 16:19:48.375566 シナリオ走行を開始しました [シナリオ名: Banユーザログイン]
[ADMIN] 16:19:48.382002 シナリオ走行を終了しました [シナリオ名: 新規ユーザー登録]
[ADMIN] 16:19:48.382018 シナリオ走行を開始しました [シナリオ名: 新規ユーザー登録]
[ADMIN] 16:19:48.385083 シナリオ走行を終了しました [シナリオ名: 新規ユーザー登録]
[ADMIN] 16:19:48.385099 シナリオ走行を開始しました [シナリオ名: 新規ユーザー登録]
[ADMIN] 16:19:48.389770 シナリオ走行を終了しました [シナリオ名: ログイン]
[ADMIN] 16:19:48.389779 シナリオ走行を開始しました [シナリオ名: ログイン]
[ADMIN] 16:19:48.401372 シナリオ走行を終了しました [シナリオ名: ログイン]
[ADMIN] 16:19:48.401387 シナリオ走行を開始しました [シナリオ名: ログイン]
[ADMIN] 16:19:48.406199 シナリオ走行を終了しました [シナリオ名: ログイン]
[ADMIN] 16:19:48.406211 シナリオ走行を開始しました [シナリオ名: ログイン]
[ADMIN] 16:19:48.410046 シナリオ走行を終了しました [シナリオ名: ログイン]
[ADMIN] 16:19:48.410057 シナリオ走行を開始しました [シナリオ名: ログイン]
[ADMIN] 16:19:48.417596 シナリオ走行を終了しました [シナリオ名: 新規ユーザー登録]
[ADMIN] 16:19:48.417619 シナリオ走行を開始しました [シナリオ名: 新規ユーザー登録]
[ADMIN] 16:19:48.435125 シナリオ走行を終了しました [シナリオ名: ログイン]
[ADMIN] 16:19:48.435137 シナリオ走行を開始しました [シナリオ名: ログイン]
[ADMIN] 16:19:48.436952 シナリオ走行を終了しました [シナリオ名: ログイン]
[ADMIN] 16:19:48.436962 シナリオ走行を開始しました [シナリオ名: ログイン]
[ADMIN] 16:19:48.500237 シナリオ走行を終了しました [シナリオ名: Banユーザログイン]
[ADMIN] 16:19:48.500255 シナリオ走行を開始しました [シナリオ名: Banユーザログイン]
[ADMIN] 16:19:48.505910 シナリオ走行を終了しました [シナリオ名: 新規ユーザー登録]
[ADMIN] 16:19:48.505934 シナリオ走行を開始しました [シナリオ名: 新規ユーザー登録]
[ADMIN] 16:19:48.537533 シナリオ走行を終了しました [シナリオ名: Banユーザログイン]
[ADMIN] 16:19:48.537544 シナリオ走行を開始しました [シナリオ名: Banユーザログイン]
[ADMIN] 16:19:48.560116 シナリオ走行を終了しました [シナリオ名: Banユーザログイン]
[ADMIN] 16:19:48.560135 シナリオ走行を開始しました [シナリオ名: Banユーザログイン]
[ADMIN] 16:19:48.564220 シナリオ走行を終了しました [シナリオ名: 新規ユーザー登録]
[ADMIN] 16:19:48.564238 シナリオ走行を開始しました [シナリオ名: 新規ユーザー登録]
[ADMIN] 16:19:48.577653 シナリオ走行を終了しました [シナリオ名: 新規ユーザー登録]
[ADMIN] 16:19:48.577677 シナリオ走行を開始しました [シナリオ名: 新規ユーザー登録]
[ADMIN] 16:19:48.652807 シナリオ走行を終了しました [シナリオ名: 新規ユーザー登録]
[ADMIN] 16:19:48.652817 シナリオ走行を終了しました [シナリオ名: ログイン]
[ADMIN] 16:19:48.652824 シナリオ走行を開始しました [シナリオ名: ログイン]
[ADMIN] 16:19:48.652836 シナリオ走行を開始しました [シナリオ名: 新規ユーザー登録]
[ADMIN] 16:19:48.659248 シナリオ走行を終了しました [シナリオ名: ログイン]
[ADMIN] 16:19:48.659258 シナリオ走行を開始しました [シナリオ名: ログイン]
[ADMIN] 16:19:48.669932 シナリオ走行を終了しました [シナリオ名: 新規ユーザー登録]
[ADMIN] 16:19:48.669949 シナリオ走行を開始しました [シナリオ名: 新規ユーザー登録]
[ADMIN] 16:19:48.732559 シナリオ走行を終了しました [シナリオ名: ログイン]
[ADMIN] 16:19:48.732585 シナリオ走行を終了しました [シナリオ名: ログイン]
[ADMIN] 16:19:48.732588 シナリオ走行を開始しました [シナリオ名: ログイン]
[ADMIN] 16:19:48.732594 シナリオ走行を開始しました [シナリオ名: ログイン]
[ADMIN] 16:19:48.735525 シナリオ走行を終了しました [シナリオ名: 新規ユーザー登録]
[ADMIN] 16:19:48.735545 シナリオ走行を開始しました [シナリオ名: 新規ユーザー登録]
[ADMIN] 16:19:48.738612 シナリオ走行を終了しました [シナリオ名: 新規ユーザー登録]
[ADMIN] 16:19:48.738639 シナリオ走行を開始しました [シナリオ名: 新規ユーザー登録]
[ADMIN] 16:19:48.750062 シナリオ走行を終了しました [シナリオ名: 新規ユーザー登録]
[ADMIN] 16:19:48.750080 シナリオ走行を開始しました [シナリオ名: 新規ユーザー登録]
[ADMIN] 16:19:48.784720 シナリオ走行を終了しました [シナリオ名: 新規ユーザー登録]
[ADMIN] 16:19:48.784742 シナリオ走行を開始しました [シナリオ名: 新規ユーザー登録]
[ADMIN] 16:19:48.834027 シナリオ走行を終了しました [シナリオ名: 新規ユーザー登録]
[ADMIN] 16:19:48.834055 シナリオ走行を開始しました [シナリオ名: 新規ユーザー登録]
[ADMIN] 16:19:48.835911 シナリオ走行を終了しました [シナリオ名: 新規ユーザー登録]
[ADMIN] 16:19:48.835928 シナリオ走行を開始しました [シナリオ名: 新規ユーザー登録]
[ADMIN] 16:19:48.836930 シナリオ走行を終了しました [シナリオ名: 新規ユーザー登録]
[ADMIN] 16:19:48.836948 シナリオ走行を開始しました [シナリオ名: 新規ユーザー登録]
[ADMIN] 16:19:48.844124 シナリオ走行を終了しました [シナリオ名: 新規ユーザー登録]
[ADMIN] 16:19:48.844143 シナリオ走行を開始しました [シナリオ名: 新規ユーザー登録]
[ADMIN] 16:19:48.848843 シナリオ走行を終了しました [シナリオ名: ログイン]
[ADMIN] 16:19:48.848852 シナリオ走行を開始しました [シナリオ名: ログイン]
[ADMIN] 16:19:48.855603 シナリオ走行を終了しました [シナリオ名: ログイン]
[ADMIN] 16:19:48.855612 シナリオ走行を開始しました [シナリオ名: ログイン]
[ADMIN] 16:19:48.871193 シナリオ走行を終了しました [シナリオ名: Banユーザログイン]
[ADMIN] 16:19:48.871206 シナリオ走行を開始しました [シナリオ名: Banユーザログイン]
[ADMIN] 16:19:48.871275 シナリオ走行を終了しました [シナリオ名: ログイン]
[ADMIN] 16:19:48.871285 シナリオ走行を開始しました [シナリオ名: ログイン]
[ADMIN] 16:19:48.873688 シナリオ走行を終了しました [シナリオ名: Banユーザログイン]
[ADMIN] 16:19:48.873700 シナリオ走行を開始しました [シナリオ名: Banユーザログイン]
[ADMIN] 16:19:48.879015 シナリオ走行を終了しました [シナリオ名: 新規ユーザー登録]
[ADMIN] 16:19:48.879031 シナリオ走行を開始しました [シナリオ名: 新規ユーザー登録]
[ADMIN] 16:19:48.895628 シナリオ走行を終了しました [シナリオ名: Banユーザログイン]
[ADMIN] 16:19:48.895643 シナリオ走行を開始しました [シナリオ名: Banユーザログイン]
[ADMIN] 16:19:48.914554 シナリオ走行を終了しました [シナリオ名: Banユーザログイン]
[ADMIN] 16:19:48.914570 シナリオ走行を開始しました [シナリオ名: Banユーザログイン]
[ADMIN] 16:19:48.932578 シナリオ走行を終了しました [シナリオ名: ログイン]
[ADMIN] 16:19:48.932589 シナリオ走行を開始しました [シナリオ名: ログイン]
16:19:48.935008 現在のログイン成功数: [total: 7113 (+2037人)]
16:19:48.935015 現在のユーザー登録成功数: [total: 2686 (+729人)]
16:19:48.936124 負荷走行がすべて終了しました
[ADMIN] 16:19:48.935145 シナリオ走行を終了しました [シナリオ名: Banユーザログイン]
[ADMIN] 16:19:48.935444 シナリオ走行を終了しました [シナリオ名: Banユーザログイン]
[ADMIN] 16:19:48.935641 シナリオ走行を終了しました [シナリオ名: Banユーザログイン]
[ADMIN] 16:19:48.935682 シナリオ走行を終了しました [シナリオ名: ログイン]
[ADMIN] 16:19:48.935870 シナリオ走行を終了しました [シナリオ名: Banユーザログイン]
[ADMIN] 16:19:48.935884 シナリオ走行を終了しました [シナリオ名: ログイン]
[ADMIN] 16:19:48.935974 シナリオ走行を終了しました [シナリオ名: ログイン]
[ADMIN] 16:19:48.936046 シナリオ走行を終了しました [シナリオ名: 新規ユーザー登録]
[ADMIN] 16:19:48.936069 シナリオ走行を終了しました [シナリオ名: ログイン]
[ADMIN] 16:19:48.936132 負荷走行がすべて終了しました
[ADMIN] 16:19:48.936148 シナリオ走行を終了しました [シナリオ名: Banユーザログイン]
[ADMIN] 16:19:48.936179 シナリオ走行を終了しました [シナリオ名: Banユーザログイン]
[ADMIN] 16:19:48.936189 シナリオ走行を終了しました [シナリオ名: Banユーザログイン]
[ADMIN] 16:19:48.936195 シナリオ走行を終了しました [シナリオ名: Banユーザログイン]
[ADMIN] 16:19:48.936245 シナリオ走行を終了しました [シナリオ名: ログイン]
[ADMIN] 16:19:48.936262 シナリオ走行を終了しました [シナリオ名: Banユーザログイン]
[ADMIN] 16:19:48.936314 シナリオ走行を終了しました [シナリオ名: Banユーザログイン]
[ADMIN] 16:19:48.936329 シナリオ走行を終了しました [シナリオ名: ログイン]
[ADMIN] 16:19:48.936401 シナリオ走行を終了しました [シナリオ名: 新規ユーザー登録]
[ADMIN] 16:19:48.936606 シナリオ走行を終了しました [シナリオ名: ログイン]
[ADMIN] 16:19:48.936678 シナリオ走行を終了しました [シナリオ名: 新規ユーザー登録]
[ADMIN] 16:19:48.936702 シナリオ走行を終了しました [シナリオ名: 新規ユーザー登録]
[ADMIN] 16:19:48.936860 シナリオ走行を終了しました [シナリオ名: 新規ユーザー登録]
[ADMIN] 16:19:48.936937 シナリオ走行を終了しました [シナリオ名: Banユーザログイン]
[ADMIN] 16:19:48.937008 シナリオ走行を終了しました [シナリオ名: 新規ユーザー登録]
[ADMIN] 16:19:48.937045 シナリオ走行を終了しました [シナリオ名: 新規ユーザー登録]
[ADMIN] 16:19:48.937121 シナリオ走行を終了しました [シナリオ名: ログイン]
[ADMIN] 16:19:48.937143 シナリオ走行を終了しました [シナリオ名: ログイン]
[ADMIN] 16:19:48.937167 シナリオ走行を終了しました [シナリオ名: ログイン]
[ADMIN] 16:19:48.937202 シナリオ走行を終了しました [シナリオ名: ログイン]
[ADMIN] 16:19:48.937211 シナリオ走行を終了しました [シナリオ名: ログイン]
[ADMIN] 16:19:48.937289 シナリオ走行を終了しました [シナリオ名: ログイン]
[ADMIN] 16:19:48.937351 シナリオ走行を終了しました [シナリオ名: ログイン]
[ADMIN] 16:19:48.937365 シナリオ走行を終了しました [シナリオ名: ログイン]
[ADMIN] 16:19:48.937414 シナリオ走行を終了しました [シナリオ名: ログイン]
[ADMIN] 16:19:48.937482 シナリオ走行を終了しました [シナリオ名: ログイン]
[ADMIN] 16:19:48.937483 シナリオ走行を終了しました [シナリオ名: ログイン]
[ADMIN] 16:19:48.937560 シナリオ走行を終了しました [シナリオ名: 新規ユーザー登録]
[ADMIN] 16:19:48.937595 シナリオ走行を終了しました [シナリオ名: ログイン]
[ADMIN] 16:19:48.937629 シナリオ走行を終了しました [シナリオ名: ログイン]
[ADMIN] 16:19:48.937732 シナリオ走行を終了しました [シナリオ名: ログイン]
[ADMIN] 16:19:48.937769 シナリオ走行を終了しました [シナリオ名: ログイン]
[ADMIN] 16:19:48.937756 シナリオ走行を終了しました [シナリオ名: 新規ユーザー登録]
[ADMIN] 16:19:48.937852 シナリオ走行を終了しました [シナリオ名: ログイン]
[ADMIN] 16:19:48.937897 シナリオ走行を終了しました [シナリオ名: 新規ユーザー登録]
[ADMIN] 16:19:48.937973 シナリオ走行を終了しました [シナリオ名: 新規ユーザー登録]
[ADMIN] 16:19:48.938000 シナリオ走行を終了しました [シナリオ名: ログイン]
[ADMIN] 16:19:48.937975 シナリオ走行を終了しました [シナリオ名: 新規ユーザー登録]
[ADMIN] 16:19:48.938022 シナリオ走行を終了しました [シナリオ名: ログイン]
[ADMIN] 16:19:48.938074 シナリオ走行を終了しました [シナリオ名: 新規ユーザー登録]
[ADMIN] 16:19:48.938199 シナリオ走行を終了しました [シナリオ名: ログイン]
[ADMIN] 16:19:48.938212 シナリオ走行を終了しました [シナリオ名: ログイン]
[ADMIN] 16:19:48.938289 シナリオ走行を終了しました [シナリオ名: ログイン]
[ADMIN] 16:19:48.938290 シナリオ走行を終了しました [シナリオ名: 新規ユーザー登録]
[ADMIN] 16:19:48.938315 シナリオ走行を終了しました [シナリオ名: ログイン]
[ADMIN] 16:19:48.938409 シナリオ走行を終了しました [シナリオ名: 新規ユーザー登録]
[ADMIN] 16:19:48.938427 シナリオ走行を終了しました [シナリオ名: ログイン]
[ADMIN] 16:19:48.938450 シナリオ走行を終了しました [シナリオ名: ログイン]
[ADMIN] 16:19:48.938686 シナリオ走行を終了しました [シナリオ名: ログイン]
[ADMIN] 16:19:48.938706 シナリオ走行を終了しました [シナリオ名: ログイン]
[ADMIN] 16:19:48.938716 シナリオ走行を終了しました [シナリオ名: ログイン]
[ADMIN] 16:19:48.938805 シナリオ走行を終了しました [シナリオ名: ログイン]
[ADMIN] 16:19:48.938810 シナリオ走行を終了しました [シナリオ名: ログイン]
[ADMIN] 16:19:48.938883 シナリオ走行を終了しました [シナリオ名: 新規ユーザー登録]
[ADMIN] 16:19:48.938901 シナリオ走行を終了しました [シナリオ名: 新規ユーザー登録]
[ADMIN] 16:19:48.938967 シナリオ走行を終了しました [シナリオ名: 新規ユーザー登録]
[ADMIN] 16:19:48.938968 シナリオ走行を終了しました [シナリオ名: 新規ユーザー登録]
[ADMIN] 16:19:48.939017 シナリオ走行を終了しました [シナリオ名: ログイン]
[ADMIN] 16:19:48.939029 シナリオ走行を終了しました [シナリオ名: ログイン]
[ADMIN] 16:19:48.939132 シナリオ走行を終了しました [シナリオ名: ログイン]
[ADMIN] 16:19:48.939175 シナリオ走行を終了しました [シナリオ名: ログイン]
[ADMIN] 16:19:48.939250 シナリオ走行を終了しました [シナリオ名: ログイン]
[ADMIN] 16:19:48.939293 シナリオ走行を終了しました [シナリオ名: 新規ユーザー登録]
[ADMIN] 16:19:48.939365 シナリオ走行を終了しました [シナリオ名: 新規ユーザー登録]
[ADMIN] 16:19:48.939447 シナリオ走行を終了しました [シナリオ名: ログイン]
[ADMIN] 16:19:48.939456 シナリオ走行を終了しました [シナリオ名: 新規ユーザー登録]
[ADMIN] 16:19:48.939520 シナリオ走行を終了しました [シナリオ名: ログイン]
[ADMIN] 16:19:48.939522 シナリオ走行を終了しました [シナリオ名: 新規ユーザー登録]
[ADMIN] 16:19:48.939523 シナリオ走行を終了しました [シナリオ名: 新規ユーザー登録]
[ADMIN] 16:19:48.939580 シナリオ走行を終了しました [シナリオ名: 新規ユーザー登録]
[ADMIN] 16:19:48.939655 シナリオ走行を終了しました [シナリオ名: ログイン]
[ADMIN] 16:19:48.939675 シナリオ走行を終了しました [シナリオ名: ログイン]
[ADMIN] 16:19:48.939708 シナリオ走行を終了しました [シナリオ名: ログイン]
[ADMIN] 16:19:48.935772 シナリオ走行を終了しました [シナリオ名: ログイン]
[ADMIN] 16:19:48.939728 シナリオ走行を終了しました [シナリオ名: ログイン]
[ADMIN] 16:19:48.939804 シナリオ走行を終了しました [シナリオ名: 新規ユーザー登録]
[ADMIN] 16:19:48.939842 シナリオ走行を終了しました [シナリオ名: ログイン]
[ADMIN] 16:19:48.939876 シナリオ走行を終了しました [シナリオ名: ログイン]
[ADMIN] 16:19:48.939879 シナリオ走行を終了しました [シナリオ名: 新規ユーザー登録]
[ADMIN] 16:19:48.939914 シナリオ走行を終了しました [シナリオ名: ログイン]
[ADMIN] 16:19:48.939914 シナリオ走行を終了しました [シナリオ名: ログイン]
[ADMIN] 16:19:48.939945 シナリオ走行を終了しました [シナリオ名: 新規ユーザー登録]
[ADMIN] 16:19:48.939979 シナリオ走行を終了しました [シナリオ名: ログイン]
[ADMIN] 16:19:48.940006 シナリオ走行を終了しました [シナリオ名: 新規ユーザー登録]
[ADMIN] 16:19:48.940051 シナリオ走行を終了しました [シナリオ名: ログイン]
[ADMIN] 16:19:48.940082 シナリオ走行を終了しました [シナリオ名: ログイン]
[ADMIN] 16:19:48.940121 シナリオ走行を終了しました [シナリオ名: 新規ユーザー登録]
[ADMIN] 16:19:48.940123 シナリオ走行を終了しました [シナリオ名: ログイン]
[ADMIN] 16:19:48.940146 シナリオ走行を終了しました [シナリオ名: 新規ユーザー登録]
[ADMIN] 16:19:48.940173 シナリオ走行を終了しました [シナリオ名: 新規ユーザー登録]
[ADMIN] 16:19:48.940210 シナリオ走行を終了しました [シナリオ名: ログイン]
[ADMIN] 16:19:48.940256 シナリオ走行を終了しました [シナリオ名: ログイン]
[ADMIN] 16:19:48.940284 シナリオ走行を終了しました [シナリオ名: ログイン]
[ADMIN] 16:19:48.940326 シナリオ走行を終了しました [シナリオ名: ログイン]
[ADMIN] 16:19:48.940329 シナリオ走行を終了しました [シナリオ名: 新規ユーザー登録]
[ADMIN] 16:19:48.940329 シナリオ走行を終了しました [シナリオ名: ログイン]
[ADMIN] 16:19:48.940387 シナリオ走行を終了しました [シナリオ名: 新規ユーザー登録]
[ADMIN] 16:19:48.940424 シナリオ走行を終了しました [シナリオ名: 新規ユーザー登録]
[ADMIN] 16:19:48.940466 シナリオ走行を終了しました [シナリオ名: 新規ユーザー登録]
[ADMIN] 16:19:48.940508 シナリオ走行を終了しました [シナリオ名: ログイン]
[ADMIN] 16:19:48.940576 シナリオ走行を終了しました [シナリオ名: ログイン]
[ADMIN] 16:19:48.940578 シナリオ走行を終了しました [シナリオ名: ログイン]
[ADMIN] 16:19:48.940607 シナリオ走行を終了しました [シナリオ名: ログイン]
[ADMIN] 16:19:48.940658 シナリオ走行を終了しました [シナリオ名: 新規ユーザー登録]
[ADMIN] 16:19:48.940706 シナリオ走行を終了しました [シナリオ名: ログイン]
[ADMIN] 16:19:48.940728 シナリオ走行を終了しました [シナリオ名: 新規ユーザー登録]
[ADMIN] 16:19:48.940792 シナリオ走行を終了しました [シナリオ名: ログイン]
[ADMIN] 16:19:48.940793 シナリオ走行を終了しました [シナリオ名: 新規ユーザー登録]
[ADMIN] 16:19:48.940856 シナリオ走行を終了しました [シナリオ名: ログイン]
[ADMIN] 16:19:48.940937 シナリオ走行を終了しました [シナリオ名: 新規ユーザー登録]
[ADMIN] 16:19:48.940946 シナリオ走行を終了しました [シナリオ名: ログイン]
[ADMIN] 16:19:48.940947 シナリオ走行を終了しました [シナリオ名: ログイン]
[ADMIN] 16:19:48.940971 シナリオ走行を終了しました [シナリオ名: 新規ユーザー登録]
[ADMIN] 16:19:48.941089 シナリオ走行を終了しました [シナリオ名: 新規ユーザー登録]
[ADMIN] 16:19:48.941090 シナリオ走行を終了しました [シナリオ名: ログイン]
[ADMIN] 16:19:48.941097 シナリオ走行を終了しました [シナリオ名: ログイン]
[ADMIN] 16:19:48.941151 シナリオ走行を終了しました [シナリオ名: 新規ユーザー登録]
[ADMIN] 16:19:48.941172 シナリオ走行を終了しました [シナリオ名: ログイン]
[ADMIN] 16:19:48.941208 シナリオ走行を終了しました [シナリオ名: 新規ユーザー登録]
[ADMIN] 16:19:48.941233 シナリオ走行を終了しました [シナリオ名: 新規ユーザー登録]
16:19:51.942665 [PASSED]: true
16:19:51.942679 [SCORE] 40820 (addition: 40820, deduction: 0)
[ADMIN] 16:19:51.942722 [SCORE] map[GET /user/:userId/gacha/index:2678 GET /user/:userId/home:2747 GET /user/:userId/item:706 GET /user/:userId/present/index/:n:3434 POST /login:2037 POST /login(ban):548 POST /user:729 POST /user/:userId/card:697 POST /user/:userId/card/addexp/:cardId:698 POST /user/:userId/gacha/draw/:gachaId:2659 POST /user/:userId/present/receive:3409 POST /user/:userId/reward:2010]

SCORE: 40820
BENCHMARK_PASS
2026-09-24T16:19:52.111481633Z	BENCHMARK_END
