sample	timestamp	elapsed_ms	service	available	cpu_pct	cpu_host_pct	cpu_user_pct	cpu_system_pct	memory_current_bytes	memory_pct_of_host	memory_peak_bytes	io_read_bytes_per_sec	io_write_bytes_per_sec	tasks_current
0	2026-09-24T16:18:20.150614991Z	0	isuconquest.go.service	1	0.000000	0.000000	0.000000	0.000000	32968704	0.849875	42229760	0.000000	0.000000	4
0	2026-09-24T16:18:20.150614991Z	0	nginx.service	1	0.000000	0.000000	0.000000	0.000000	5869568	0.151307	9048064	0.000000	0.000000	3
0	2026-09-24T16:18:20.150614991Z	0	mysql.service	1	0.000000	0.000000	0.000000	0.000000	1676304384	43.212143	2171797504	0.000000	0.000000	43
1	2026-09-24T16:18:21.161189616Z	1010	isuconquest.go.service	1	0.516835	0.258417	0.111026	0.405809	33341440	0.859483	42229760	60797.094016	0.000000	5
1	2026-09-24T16:18:21.161189616Z	1010	nginx.service	1	0.000000	0.000000	0.000000	0.000000	5869568	0.151307	9048064	0.000000	0.000000	3
1	2026-09-24T16:18:21.161189616Z	1010	mysql.service	1	1.072459	0.536230	0.669124	0.403434	1676328960	43.212777	2171797504	0.000000	0.000000	43
2	2026-09-24T16:18:22.161975714Z	2011	isuconquest.go.service	1	1.001513	0.500756	0.860923	0.140589	33656832	0.867613	42229760	0.000000	0.000000	6
2	2026-09-24T16:18:22.161975714Z	2011	nginx.service	1	0.000000	0.000000	0.000000	0.000000	5869568	0.151307	9048064	0.000000	0.000000	3
2	2026-09-24T16:18:22.161975714Z	2011	mysql.service	1	1.043680	0.521840	1.020897	0.022682	1676328960	43.212777	2171797504	0.000000	0.000000	43
3	2026-09-24T16:18:23.162029662Z	3011	isuconquest.go.service	1	1.153038	0.576519	0.991247	0.161791	33931264	0.874688	42229760	0.000000	0.000000	6
3	2026-09-24T16:18:23.162029662Z	3011	nginx.service	1	0.000000	0.000000	0.000000	0.000000	5869568	0.151307	9048064	0.000000	0.000000	3
3	2026-09-24T16:18:23.162029662Z	3011	mysql.service	1	1.046444	0.523222	1.046444	0.000000	1676328960	43.212777	2171797504	0.000000	0.000000	43
4	2026-09-24T16:18:24.161800166Z	4011	isuconquest.go.service	1	1.076047	0.538023	0.636546	0.439501	34209792	0.881868	42229760	0.000000	0.000000	6
4	2026-09-24T16:18:24.161800166Z	4011	nginx.service	1	0.000000	0.000000	0.000000	0.000000	5869568	0.151307	9048064	0.000000	0.000000	3
4	2026-09-24T16:18:24.161800166Z	4011	mysql.service	1	1.025335	0.512668	1.025435	0.000000	1676328960	43.212777	2171797504	0.000000	0.000000	43
5	2026-09-24T16:18:25.161645141Z	5011	isuconquest.go.service	1	1.072666	0.536333	0.690607	0.382159	34549760	0.890631	42229760	0.000000	0.000000	6
5	2026-09-24T16:18:25.161645141Z	5011	nginx.service	1	0.000000	0.000000	0.000000	0.000000	5869568	0.151307	9048064	0.000000	0.000000	3
5	2026-09-24T16:18:25.161645141Z	5011	mysql.service	1	1.090769	0.545385	1.090669	0.000000	1676328960	43.212777	2171797504	0.000000	4096.635085	43
6	2026-09-24T16:18:26.161415837Z	6010	isuconquest.go.service	1	1.315902	0.657951	0.497414	0.818388	35205120	0.907525	42229760	0.000000	0.000000	6
6	2026-09-24T16:18:26.161415837Z	6010	nginx.service	1	0.000000	0.000000	0.000000	0.000000	5869568	0.151307	9048064	0.000000	0.000000	3
6	2026-09-24T16:18:26.161415837Z	6010	mysql.service	1	1.073946	0.536973	1.073946	0.000000	1676328960	43.212777	2171797504	0.000000	0.000000	43
7	2026-09-24T16:18:27.162158786Z	7011	isuconquest.go.service	1	1.097485	0.548742	0.376620	0.720964	35418112	0.913016	42229760	0.000000	0.000000	6
7	2026-09-24T16:18:27.162158786Z	7011	nginx.service	1	0.000000	0.000000	0.000000	0.000000	5869568	0.151307	9048064	0.000000	0.000000	3
7	2026-09-24T16:18:27.162158786Z	7011	mysql.service	1	1.030434	0.515217	0.757337	0.273197	1676328960	43.212777	2171797504	0.000000	0.000000	43
8	2026-09-24T16:18:28.16192944Z	8011	isuconquest.go.service	1	1.120857	0.560429	1.071146	0.049611	35598336	0.917662	42229760	0.000000	0.000000	6
8	2026-09-24T16:18:28.16192944Z	8011	nginx.service	1	0.000000	0.000000	0.000000	0.000000	5869568	0.151307	9048064	0.000000	0.000000	3
8	2026-09-24T16:18:28.16192944Z	8011	mysql.service	1	1.039838	0.519919	1.039738	0.000000	1676328960	43.212777	2171797504	0.000000	0.000000	43
9	2026-09-24T16:18:29.161718107Z	9011	isuconquest.go.service	1	1.022516	0.511258	0.926996	0.095620	35725312	0.920935	42229760	0.000000	0.000000	6
9	2026-09-24T16:18:29.161718107Z	9011	nginx.service	1	0.000000	0.000000	0.000000	0.000000	5869568	0.151307	9048064	0.000000	0.000000	3
9	2026-09-24T16:18:29.161718107Z	9011	mysql.service	1	1.074427	0.537214	1.074527	0.000000	1676328960	43.212777	2171797504	0.000000	0.000000	43
10	2026-09-24T16:18:30.161516759Z	10010	isuconquest.go.service	1	1.071716	0.535858	0.627626	0.444089	35807232	0.923047	42229760	0.000000	0.000000	6
10	2026-09-24T16:18:30.161516759Z	10010	nginx.service	1	0.000000	0.000000	0.000000	0.000000	5869568	0.151307	9048064	0.000000	0.000000	3
10	2026-09-24T16:18:30.161516759Z	10010	mysql.service	1	1.041610	0.520805	1.041610	0.000000	1676328960	43.212777	2171797504	0.000000	0.000000	43
11	2026-09-24T16:18:31.161294529Z	11010	isuconquest.go.service	1	1.131251	0.565626	0.954812	0.176439	35815424	0.923258	42229760	0.000000	0.000000	6
11	2026-09-24T16:18:31.161294529Z	11010	nginx.service	1	0.000000	0.000000	0.000000	0.000000	5869568	0.151307	9048064	0.000000	0.000000	3
11	2026-09-24T16:18:31.161294529Z	11010	mysql.service	1	1.108546	0.554273	1.108446	0.000000	1676328960	43.212777	2171797504	0.000000	0.000000	43
12	2026-09-24T16:18:32.16205254Z	12011	isuconquest.go.service	1	1.055300	0.527650	0.890725	0.164575	35815424	0.923258	42229760	0.000000	0.000000	6
12	2026-09-24T16:18:32.16205254Z	12011	nginx.service	1	0.000000	0.000000	0.000000	0.000000	5869568	0.151307	9048064	0.000000	0.000000	3
12	2026-09-24T16:18:32.16205254Z	12011	mysql.service	1	1.032817	0.516409	0.982255	0.050662	1676328960	43.212777	2171797504	0.000000	0.000000	43
13	2026-09-24T16:18:33.1618593Z	13011	isuconquest.go.service	1	1.037300	0.518650	0.939882	0.097419	35835904	0.923786	42229760	0.000000	0.000000	6
13	2026-09-24T16:18:33.1618593Z	13011	nginx.service	1	0.000000	0.000000	0.000000	0.000000	5869568	0.151307	9048064	0.000000	0.000000	3
13	2026-09-24T16:18:33.1618593Z	13011	mysql.service	1	1.036600	0.518300	1.015196	0.021404	1676333056	43.212883	2171797504	0.000000	0.000000	43
14	2026-09-24T16:18:34.16123195Z	14010	isuconquest.go.service	1	1.061866	0.530933	0.896763	0.165004	35897344	0.925370	42229760	0.000000	0.000000	6
14	2026-09-24T16:18:34.16123195Z	14010	nginx.service	1	0.000000	0.000000	0.000000	0.000000	5869568	0.151307	9048064	0.000000	0.000000	3
14	2026-09-24T16:18:34.16123195Z	14010	mysql.service	1	1.039352	0.519676	1.039352	0.000000	1676328960	43.212777	2171797504	0.000000	0.000000	43
15	2026-09-24T16:18:35.161992065Z	15011	isuconquest.go.service	1	1.298113	0.649057	1.161517	0.136596	36532224	0.941736	42229760	0.000000	0.000000	6
15	2026-09-24T16:18:35.161992065Z	15011	nginx.service	1	0.000000	0.000000	0.000000	0.000000	5869568	0.151307	9048064	0.000000	0.000000	3
15	2026-09-24T16:18:35.161992065Z	15011	mysql.service	1	1.016927	0.508464	1.016827	0.000000	1676328960	43.212777	2171797504	0.000000	0.000000	43
16	2026-09-24T16:18:36.161232238Z	16010	isuconquest.go.service	1	1.257055	0.628528	1.127757	0.129298	36728832	0.946804	42229760	0.000000	0.000000	6
16	2026-09-24T16:18:36.161232238Z	16010	nginx.service	1	0.000000	0.000000	0.000000	0.000000	5869568	0.151307	9048064	0.000000	0.000000	3
16	2026-09-24T16:18:36.161232238Z	16010	mysql.service	1	1.063108	0.531554	1.063208	0.000000	1676333056	43.212883	2171797504	0.000000	0.000000	43
17	2026-09-24T16:18:37.161598527Z	17010	isuconquest.go.service	1	1.138683	0.569341	0.962947	0.175836	37093376	0.956201	42229760	0.000000	0.000000	6
17	2026-09-24T16:18:37.161598527Z	17010	nginx.service	1	0.000000	0.000000	0.000000	0.000000	5869568	0.151307	9048064	0.000000	0.000000	3
17	2026-09-24T16:18:37.161598527Z	17010	mysql.service	1	1.051015	0.525508	1.050915	0.000000	1676328960	43.212777	2171797504	0.000000	0.000000	43
18	2026-09-24T16:18:38.161231212Z	18010	isuconquest.go.service	1	1.141219	0.570610	0.965054	0.176165	37216256	0.959369	42229760	0.000000	0.000000	6
18	2026-09-24T16:18:38.161231212Z	18010	nginx.service	1	0.000000	0.000000	0.000000	0.000000	5869568	0.151307	9048064	0.000000	0.000000	3
18	2026-09-24T16:18:38.161231212Z	18010	mysql.service	1	1.019174	0.509587	0.758379	0.260896	1676328960	43.212777	2171797504	0.000000	0.000000	43
19	2026-09-24T16:18:39.162019518Z	19011	isuconquest.go.service	1	1.139502	0.569751	1.139502	0.000000	37281792	0.961058	42229760	0.000000	0.000000	6
19	2026-09-24T16:18:39.162019518Z	19011	nginx.service	1	0.000000	0.000000	0.000000	0.000000	5869568	0.151307	9048064	0.000000	0.000000	3
19	2026-09-24T16:18:39.162019518Z	19011	mysql.service	1	1.096735	0.548368	0.611718	0.485018	1676328960	43.212777	2171797504	0.000000	0.000000	43
20	2026-09-24T16:18:40.161897845Z	20011	isuconquest.go.service	1	1.009423	0.504711	0.877907	0.131516	37281792	0.961058	42229760	0.000000	0.000000	6
20	2026-09-24T16:18:40.161897845Z	20011	nginx.service	1	0.000000	0.000000	0.000000	0.000000	5869568	0.151307	9048064	0.000000	0.000000	3
20	2026-09-24T16:18:40.161897845Z	20011	mysql.service	1	1.107735	0.553867	1.074031	0.033604	1676328960	43.212777	2171797504	0.000000	0.000000	43
21	2026-09-24T16:18:41.161680836Z	21011	isuconquest.go.service	1	1.083835	0.541918	0.617134	0.466601	37285888	0.961164	42229760	0.000000	0.000000	6
21	2026-09-24T16:18:41.161680836Z	21011	nginx.service	1	0.000000	0.000000	0.000000	0.000000	5869568	0.151307	9048064	0.000000	0.000000	3
21	2026-09-24T16:18:41.161680836Z	21011	mysql.service	1	1.170754	0.585377	1.051628	0.119126	1676328960	43.212777	2171797504	0.000000	0.000000	43
22	2026-09-24T16:18:42.161415559Z	22010	isuconquest.go.service	1	1.088589	0.544294	1.054480	0.034209	37285888	0.961164	42229760	0.000000	0.000000	6
22	2026-09-24T16:18:42.161415559Z	22010	nginx.service	1	0.000000	0.000000	0.000000	0.000000	5869568	0.151307	9048064	0.000000	0.000000	3
22	2026-09-24T16:18:42.161415559Z	22010	mysql.service	1	1.045477	0.522739	1.022671	0.022906	1676328960	43.212777	2171797504	0.000000	0.000000	43
23	2026-09-24T16:18:43.162164026Z	23011	isuconquest.go.service	1	1.169325	0.584662	0.823384	0.345841	37412864	0.964437	42229760	0.000000	0.000000	6
23	2026-09-24T16:18:43.162164026Z	23011	nginx.service	1	0.000000	0.000000	0.000000	0.000000	5869568	0.151307	9048064	0.000000	0.000000	3
23	2026-09-24T16:18:43.162164026Z	23011	mysql.service	1	1.034426	0.517213	0.637023	0.397303	1676333056	43.212883	2171797504	0.000000	0.000000	43
24	2026-09-24T16:18:44.162182Z	24011	isuconquest.go.service	1	1.007882	0.503941	0.918783	0.089098	37289984	0.961269	42229760	0.000000	0.000000	6
24	2026-09-24T16:18:44.162182Z	24011	nginx.service	1	0.000000	0.000000	0.000000	0.000000	5869568	0.151307	9048064	0.000000	0.000000	3
24	2026-09-24T16:18:44.162182Z	24011	mysql.service	1	1.000982	0.500491	0.531690	0.469391	1676328960	43.212777	2171797504	0.000000	0.000000	43
25	2026-09-24T16:18:45.161905229Z	25011	isuconquest.go.service	1	1.113809	0.556904	0.941261	0.172548	37040128	0.954829	42229760	0.000000	0.000000	6
25	2026-09-24T16:18:45.161905229Z	25011	nginx.service	1	0.000000	0.000000	0.000000	0.000000	5869568	0.151307	9048064	0.000000	0.000000	3
25	2026-09-24T16:18:45.161905229Z	25011	mysql.service	1	1.051191	0.525596	0.270375	0.780816	1676328960	43.212777	2171797504	0.000000	0.000000	43
26	2026-09-24T16:18:46.161653005Z	26011	isuconquest.go.service	1	0.971445	0.485723	0.821107	0.150438	37040128	0.954829	42229760	0.000000	0.000000	6
26	2026-09-24T16:18:46.161653005Z	26011	nginx.service	1	0.000000	0.000000	0.000000	0.000000	5869568	0.151307	9048064	0.000000	0.000000	3
26	2026-09-24T16:18:46.161653005Z	26011	mysql.service	1	1.029760	0.514880	1.009555	0.020205	1676333056	43.212883	2171797504	0.000000	0.000000	43
27	2026-09-24T16:18:47.161393679Z	27010	isuconquest.go.service	1	1.083481	0.541740	1.052373	0.031008	37040128	0.954829	42229760	0.000000	0.000000	6
27	2026-09-24T16:18:47.161393679Z	27010	nginx.service	1	0.000000	0.000000	0.000000	0.000000	5869568	0.151307	9048064	0.000000	0.000000	3
27	2026-09-24T16:18:47.161393679Z	27010	mysql.service	1	1.016764	0.508382	0.619661	0.397003	1676328960	43.212777	2171797504	0.000000	0.000000	43
28	2026-09-24T16:18:48.161233024Z	28010	isuconquest.go.service	1	1.094176	0.547088	0.994160	0.100116	37040128	0.954829	42229760	0.000000	0.000000	6
28	2026-09-24T16:18:48.161233024Z	28010	nginx.service	1	0.000000	0.000000	0.000000	0.000000	5869568	0.151307	9048064	0.000000	0.000000	3
28	2026-09-24T16:18:48.161233024Z	28010	mysql.service	1	1.015763	0.507882	0.997860	0.018003	1676328960	43.212777	2171797504	0.000000	0.000000	43
29	2026-09-24T16:18:49.161990944Z	29011	isuconquest.go.service	1	1.068190	0.534095	1.040511	0.027579	37044224	0.954934	42229760	0.000000	0.000000	6
29	2026-09-24T16:18:49.161990944Z	29011	nginx.service	1	0.000000	0.000000	0.000000	0.000000	5869568	0.151307	9048064	0.000000	0.000000	3
29	2026-09-24T16:18:49.161990944Z	29011	mysql.service	1	1.050404	0.525202	0.951179	0.099125	1676328960	43.212777	2171797504	0.000000	0.000000	43
30	2026-09-24T16:18:50.161721288Z	30011	isuconquest.go.service	1	1.086493	0.543246	0.611565	0.475028	37044224	0.954934	42229760	0.000000	0.000000	6
30	2026-09-24T16:18:50.161721288Z	30011	nginx.service	1	0.000000	0.000000	0.000000	0.000000	5869568	0.151307	9048064	0.000000	0.000000	3
30	2026-09-24T16:18:50.161721288Z	30011	mysql.service	1	1.037780	0.518890	0.562252	0.475528	1676328960	43.212777	2171797504	0.000000	0.000000	43
31	2026-09-24T16:18:51.161434173Z	31010	isuconquest.go.service	1	1.053502	0.526751	0.512747	0.540655	37044224	0.954934	42229760	0.000000	0.000000	6
31	2026-09-24T16:18:51.161434173Z	31010	nginx.service	1	0.000000	0.000000	0.000000	0.000000	5869568	0.151307	9048064	0.000000	0.000000	3
31	2026-09-24T16:18:51.161434173Z	31010	mysql.service	1	1.118321	0.559161	1.083411	0.034910	1676333056	43.212883	2171797504	0.000000	0.000000	43
32	2026-09-24T16:18:52.162150637Z	32011	isuconquest.go.service	1	1.000583	0.500292	0.843296	0.157287	37044224	0.954934	42229760	0.000000	0.000000	6
32	2026-09-24T16:18:52.162150637Z	32011	nginx.service	1	0.000000	0.000000	0.000000	0.000000	5869568	0.151307	9048064	0.000000	0.000000	3
32	2026-09-24T16:18:52.162150637Z	32011	mysql.service	1	1.023767	0.511883	0.929034	0.094732	1676333056	43.212883	2171797504	0.000000	0.000000	43
33	2026-09-24T16:18:53.161890598Z	33011	isuconquest.go.service	1	1.119691	0.559846	1.014764	0.105027	37052416	0.955145	42229760	0.000000	0.000000	6
33	2026-09-24T16:18:53.161890598Z	33011	nginx.service	1	0.000000	0.000000	0.000000	0.000000	5869568	0.151307	9048064	0.000000	0.000000	3
33	2026-09-24T16:18:53.161890598Z	33011	mysql.service	1	1.033269	0.516634	0.558545	0.474823	1676328960	43.212777	2171797504	0.000000	0.000000	43
34	2026-09-24T16:18:54.161673536Z	34011	isuconquest.go.service	1	1.330589	0.665294	0.738360	0.592129	37109760	0.956624	42229760	0.000000	0.000000	6
34	2026-09-24T16:18:54.161673536Z	34011	nginx.service	1	0.000000	0.000000	0.000000	0.000000	5869568	0.151307	9048064	0.000000	0.000000	3
34	2026-09-24T16:18:54.161673536Z	34011	mysql.service	1	1.018421	0.509211	0.924601	0.093820	1676328960	43.212777	2171797504	0.000000	0.000000	43
35	2026-09-24T16:18:55.161364263Z	35010	isuconquest.go.service	1	1.056927	0.528463	0.507157	0.549770	37134336	0.957257	42229760	0.000000	0.000000	6
35	2026-09-24T16:18:55.161364263Z	35010	nginx.service	1	0.000000	0.000000	0.000000	0.000000	5869568	0.151307	9048064	0.000000	0.000000	3
35	2026-09-24T16:18:55.161364263Z	35010	mysql.service	1	1.090437	0.545219	1.090437	0.000000	1676333056	43.212883	2171797504	0.000000	0.000000	43
36	2026-09-24T16:18:56.16208988Z	36011	isuconquest.go.service	1	1.190836	0.595418	0.911838	0.278998	37249024	0.960214	42229760	0.000000	0.000000	6
36	2026-09-24T16:18:56.16208988Z	36011	nginx.service	1	0.000000	0.000000	0.000000	0.000000	5869568	0.151307	9048064	0.000000	0.000000	3
36	2026-09-24T16:18:56.16208988Z	36011	mysql.service	1	1.103899	0.551949	1.103899	0.000000	1676328960	43.212777	2171797504	0.000000	0.000000	43
37	2026-09-24T16:18:57.161821816Z	37011	isuconquest.go.service	1	1.085691	0.542846	0.909144	0.176547	37347328	0.962748	42229760	0.000000	0.000000	6
37	2026-09-24T16:18:57.161821816Z	37011	nginx.service	1	0.000000	0.000000	0.000000	0.000000	5869568	0.151307	9048064	0.000000	0.000000	3
37	2026-09-24T16:18:57.161821816Z	37011	mysql.service	1	1.087091	0.543546	0.766606	0.320486	1676333056	43.212883	2171797504	0.000000	0.000000	43
38	2026-09-24T16:18:58.161615951Z	38011	isuconquest.go.service	1	1.098126	0.549063	0.994205	0.103921	37437440	0.965071	42229760	0.000000	0.000000	6
38	2026-09-24T16:18:58.161615951Z	38011	nginx.service	1	0.000000	0.000000	0.000000	0.000000	5869568	0.151307	9048064	0.000000	0.000000	3
38	2026-09-24T16:18:58.161615951Z	38011	mysql.service	1	1.085123	0.542562	1.085023	0.000000	1676328960	43.212777	2171797504	0.000000	0.000000	43
39	2026-09-24T16:18:59.16133405Z	39010	isuconquest.go.service	1	1.095709	0.547854	1.095709	0.000000	37437440	0.965071	42229760	0.000000	0.000000	6
39	2026-09-24T16:18:59.16133405Z	39010	nginx.service	1	0.000000	0.000000	0.000000	0.000000	5869568	0.151307	9048064	0.000000	0.000000	3
39	2026-09-24T16:18:59.16133405Z	39010	mysql.service	1	1.090908	0.545454	0.652084	0.438924	1676328960	43.212777	2171797504	0.000000	0.000000	43
40	2026-09-24T16:19:00.162034822Z	40011	isuconquest.go.service	1	0.990106	0.495053	0.990106	0.000000	37441536	0.965176	42229760	0.000000	0.000000	6
40	2026-09-24T16:19:00.162034822Z	40011	nginx.service	1	0.000000	0.000000	0.000000	0.000000	5869568	0.151307	9048064	0.000000	0.000000	3
40	2026-09-24T16:19:00.162034822Z	40011	mysql.service	1	1.080743	0.540371	1.080743	0.000000	1676328960	43.212777	2171797504	0.000000	0.000000	43
41	2026-09-24T16:19:01.161764646Z	41011	isuconquest.go.service	1	1.075991	0.537995	0.772509	0.303582	37445632	0.965282	42229760	0.000000	0.000000	6
41	2026-09-24T16:19:01.161764646Z	41011	nginx.service	1	0.000000	0.000000	0.000000	0.000000	5869568	0.151307	9048064	0.000000	0.000000	3
41	2026-09-24T16:19:01.161764646Z	41011	mysql.service	1	1.172017	0.586008	0.720695	0.451322	1676328960	43.212777	2171797504	0.000000	0.000000	43
42	2026-09-24T16:19:02.161230877Z	42010	isuconquest.go.service	1	1.134906	0.567453	0.952508	0.182397	37445632	0.965282	42229760	0.000000	0.000000	6
42	2026-09-24T16:19:02.161230877Z	42010	nginx.service	1	0.000000	0.000000	0.000000	0.000000	5869568	0.151307	9048064	0.000000	0.000000	3
42	2026-09-24T16:19:02.161230877Z	42010	mysql.service	1	1.085079	0.542540	0.752502	0.332578	1676328960	43.212777	2171797504	0.000000	0.000000	43
43	2026-09-24T16:19:03.161930713Z	43011	isuconquest.go.service	1	1.151494	0.575747	0.195163	0.956231	37179392	0.958419	42229760	0.000000	0.000000	6
43	2026-09-24T16:19:03.161930713Z	43011	nginx.service	1	0.000000	0.000000	0.000000	0.000000	5869568	0.151307	9048064	0.000000	0.000000	3
43	2026-09-24T16:19:03.161930713Z	43011	mysql.service	1	1.086540	0.543270	1.086540	0.000000	1676328960	43.212777	2171797504	0.000000	0.000000	43
44	2026-09-24T16:19:04.161646062Z	44011	isuconquest.go.service	1	0.999885	0.499942	0.910659	0.089225	37179392	0.958419	42229760	0.000000	0.000000	6
44	2026-09-24T16:19:04.161646062Z	44011	nginx.service	1	0.000000	0.000000	0.000000	0.000000	5869568	0.151307	9048064	0.000000	0.000000	3
44	2026-09-24T16:19:04.161646062Z	44011	mysql.service	1	1.078507	0.539253	1.020290	0.058217	1676328960	43.212777	2171797504	0.000000	0.000000	43
45	2026-09-24T16:19:05.161368952Z	45010	isuconquest.go.service	1	1.147318	0.573659	1.110508	0.036910	37183488	0.958524	42229760	0.000000	0.000000	6
45	2026-09-24T16:19:05.161368952Z	45010	nginx.service	1	0.000000	0.000000	0.000000	0.000000	5869568	0.151307	9048064	0.000000	0.000000	3
45	2026-09-24T16:19:05.161368952Z	45010	mysql.service	1	1.105506	0.552753	0.769613	0.335893	1676328960	43.212777	2171797504	0.000000	0.000000	43
46	2026-09-24T16:19:06.16205666Z	46011	isuconquest.go.service	1	1.101542	0.550771	0.610280	0.491262	37183488	0.958524	42229760	0.000000	0.000000	6
46	2026-09-24T16:19:06.16205666Z	46011	nginx.service	1	0.000000	0.000000	0.000000	0.000000	5869568	0.151307	9048064	0.000000	0.000000	3
46	2026-09-24T16:19:06.16205666Z	46011	mysql.service	1	1.083455	0.541727	0.978727	0.104628	1676328960	43.212777	2171797504	0.000000	0.000000	43
47	2026-09-24T16:19:07.161229742Z	47010	isuconquest.go.service	1	1.077191	0.538595	0.898143	0.179048	37183488	0.958524	42229760	0.000000	0.000000	6
47	2026-09-24T16:19:07.161229742Z	47010	nginx.service	1	0.000000	0.000000	0.000000	0.000000	5869568	0.151307	9048064	0.000000	0.000000	3
47	2026-09-24T16:19:07.161229742Z	47010	mysql.service	1	1.088900	0.544450	1.058876	0.030025	1676333056	43.212883	2171797504	0.000000	0.000000	43
48	2026-09-24T16:19:08.162043955Z	48011	isuconquest.go.service	1	1.085816	0.542908	0.982900	0.102816	37187584	0.958630	42229760	0.000000	0.000000	6
48	2026-09-24T16:19:08.162043955Z	48011	nginx.service	1	0.000000	0.000000	0.000000	0.000000	5869568	0.151307	9048064	0.000000	0.000000	3
48	2026-09-24T16:19:08.162043955Z	48011	mysql.service	1	1.072627	0.536313	1.045049	0.027578	1676328960	43.212777	2171797504	0.000000	0.000000	43
49	2026-09-24T16:19:09.161770458Z	49011	isuconquest.go.service	1	1.082196	0.541098	0.980768	0.101528	37191680	0.958735	42229760	0.000000	0.000000	6
49	2026-09-24T16:19:09.161770458Z	49011	nginx.service	1	0.000000	0.000000	0.000000	0.000000	5869568	0.151307	9048064	0.000000	0.000000	3
49	2026-09-24T16:19:09.161770458Z	49011	mysql.service	1	1.082496	0.541248	1.082596	0.000000	1676328960	43.212777	2171797504	0.000000	0.000000	43
50	2026-09-24T16:19:10.161516188Z	50010	isuconquest.go.service	1	1.158395	0.579197	1.044866	0.113529	37187584	0.958630	42229760	0.000000	0.000000	6
50	2026-09-24T16:19:10.161516188Z	50010	nginx.service	1	0.000000	0.000000	0.000000	0.000000	5869568	0.151307	9048064	0.000000	0.000000	3
50	2026-09-24T16:19:10.161516188Z	50010	mysql.service	1	1.119785	0.559892	1.119785	0.000000	1676333056	43.212883	2171797504	0.000000	0.000000	43
51	2026-09-24T16:19:11.161222655Z	51010	isuconquest.go.service	1	1.020800	0.510400	0.852550	0.168149	37208064	0.959158	42229760	0.000000	0.000000	6
51	2026-09-24T16:19:11.161222655Z	51010	nginx.service	1	0.000000	0.000000	0.000000	0.000000	5869568	0.151307	9048064	0.000000	0.000000	3
51	2026-09-24T16:19:11.161222655Z	51010	mysql.service	1	1.198952	0.599476	1.198952	0.000000	1676328960	43.212777	2171797504	0.000000	0.000000	43
52	2026-09-24T16:19:12.161948609Z	52011	isuconquest.go.service	1	1.150964	0.575482	1.151064	0.000000	37208064	0.959158	42229760	0.000000	0.000000	6
52	2026-09-24T16:19:12.161948609Z	52011	nginx.service	1	0.000000	0.000000	0.000000	0.000000	5869568	0.151307	9048064	0.000000	0.000000	3
52	2026-09-24T16:19:12.161948609Z	52011	mysql.service	1	1.079316	0.539658	1.079316	0.000000	1676328960	43.212777	2171797504	0.000000	0.000000	43
53	2026-09-24T16:19:13.161667402Z	53011	isuconquest.go.service	1	1.194036	0.597018	1.194036	0.000000	37208064	0.959158	42229760	0.000000	0.000000	6
53	2026-09-24T16:19:13.161667402Z	53011	nginx.service	1	0.000000	0.000000	0.000000	0.000000	5869568	0.151307	9048064	0.000000	0.000000	3
53	2026-09-24T16:19:13.161667402Z	53011	mysql.service	1	1.096608	0.548304	1.096508	0.000000	1676328960	43.212777	2171797504	0.000000	0.000000	43
54	2026-09-24T16:19:14.161384614Z	54010	isuconquest.go.service	1	1.132920	0.566460	0.709801	0.423020	37257216	0.960425	42229760	0.000000	0.000000	6
54	2026-09-24T16:19:14.161384614Z	54010	nginx.service	1	0.000000	0.000000	0.000000	0.000000	5869568	0.151307	9048064	0.000000	0.000000	3
54	2026-09-24T16:19:14.161384614Z	54010	mysql.service	1	1.100811	0.550406	1.100911	0.000000	1676328960	43.212777	2171797504	0.000000	0.000000	43
55	2026-09-24T16:19:15.162133641Z	55011	isuconquest.go.service	1	1.159432	0.579716	0.257107	0.902424	37470208	0.965915	42229760	0.000000	0.000000	6
55	2026-09-24T16:19:15.162133641Z	55011	nginx.service	1	0.000000	0.000000	0.000000	0.000000	5869568	0.151307	9048064	0.000000	0.000000	3
55	2026-09-24T16:19:15.162133641Z	55011	mysql.service	1	1.093981	0.546990	1.082789	0.011092	1676328960	43.212777	2171797504	0.000000	0.000000	43
56	2026-09-24T16:19:16.161569884Z	56010	isuconquest.go.service	1	1.059497	0.529749	0.961142	0.098255	37490688	0.966443	42229760	0.000000	0.000000	6
56	2026-09-24T16:19:16.161569884Z	56010	nginx.service	1	0.000000	0.000000	0.000000	0.000000	5869568	0.151307	9048064	0.000000	0.000000	3
56	2026-09-24T16:19:16.161569884Z	56010	mysql.service	1	1.091816	0.545908	0.833570	0.258346	1676328960	43.212777	2171797504	0.000000	0.000000	43
57	2026-09-24T16:19:17.161299518Z	57010	isuconquest.go.service	1	1.127805	0.563902	0.938754	0.189051	37543936	0.967816	42229760	0.000000	0.000000	6
57	2026-09-24T16:19:17.161299518Z	57010	nginx.service	1	0.000000	0.000000	0.000000	0.000000	5869568	0.151307	9048064	0.000000	0.000000	3
57	2026-09-24T16:19:17.161299518Z	57010	mysql.service	1	1.093096	0.546548	1.062387	0.030708	1676333056	43.212883	2171797504	0.000000	0.000000	43
58	2026-09-24T16:19:18.161986678Z	58011	isuconquest.go.service	1	1.137918	0.568959	0.710512	0.427506	37548032	0.967921	42229760	0.000000	0.000000	6
58	2026-09-24T16:19:18.161986678Z	58011	nginx.service	1	0.000000	0.000000	0.000000	0.000000	5869568	0.151307	9048064	0.000000	0.000000	3
58	2026-09-24T16:19:18.161986678Z	58011	mysql.service	1	1.074162	0.537081	0.971033	0.103129	1676333056	43.212883	2171797504	0.000000	0.000000	43
59	2026-09-24T16:19:19.16173159Z	59011	isuconquest.go.service	1	1.013659	0.506829	0.842315	0.171344	37548032	0.967921	42229760	0.000000	0.000000	6
59	2026-09-24T16:19:19.16173159Z	59011	nginx.service	1	0.000000	0.000000	0.000000	0.000000	5869568	0.151307	9048064	0.000000	0.000000	3
59	2026-09-24T16:19:19.16173159Z	59011	mysql.service	1	1.093379	0.546689	1.093279	0.000000	1676328960	43.212777	2171797504	0.000000	0.000000	43
60	2026-09-24T16:19:20.161522147Z	60010	isuconquest.go.service	1	1.026415	0.513207	0.934196	0.092119	37543936	0.967816	42229760	0.000000	0.000000	6
60	2026-09-24T16:19:20.161522147Z	60010	nginx.service	1	0.000000	0.000000	0.000000	0.000000	5869568	0.151307	9048064	0.000000	0.000000	3
60	2026-09-24T16:19:20.161522147Z	60010	mysql.service	1	1.093829	0.546915	1.093929	0.000000	1676328960	43.212777	2171797504	0.000000	0.000000	43
61	2026-09-24T16:19:21.161216181Z	61010	isuconquest.go.service	1	1.018712	0.509356	0.046814	0.971897	37548032	0.967921	42229760	0.000000	0.000000	6
61	2026-09-24T16:19:21.161216181Z	61010	nginx.service	1	0.000000	0.000000	0.000000	0.000000	5869568	0.151307	9048064	0.000000	0.000000	3
61	2026-09-24T16:19:21.161216181Z	61010	mysql.service	1	1.192665	0.596332	1.192565	0.000000	1676328960	43.212777	2171797504	0.000000	0.000000	43
62	2026-09-24T16:19:22.161919652Z	62011	isuconquest.go.service	1	1.175573	0.587787	1.138299	0.037374	37220352	0.959474	42229760	0.000000	0.000000	6
62	2026-09-24T16:19:22.161919652Z	62011	nginx.service	1	0.000000	0.000000	0.000000	0.000000	5869568	0.151307	9048064	0.000000	0.000000	3
62	2026-09-24T16:19:22.161919652Z	62011	mysql.service	1	1.096229	0.548114	1.096229	0.000000	1676328960	43.212777	2171797504	0.000000	0.000000	43
63	2026-09-24T16:19:23.161662241Z	63011	isuconquest.go.service	1	1.198308	0.599154	1.158098	0.040210	37216256	0.959369	42229760	0.000000	0.000000	6
63	2026-09-24T16:19:23.161662241Z	63011	nginx.service	1	0.000000	0.000000	0.000000	0.000000	5869568	0.151307	9048064	0.000000	0.000000	3
63	2026-09-24T16:19:23.161662241Z	63011	mysql.service	1	1.092781	0.546391	1.072076	0.020805	1676333056	43.212883	2171797504	0.000000	0.000000	43
64	2026-09-24T16:19:24.161411854Z	64010	isuconquest.go.service	1	1.091173	0.545587	0.987247	0.103926	37216256	0.959369	42229760	0.000000	0.000000	6
64	2026-09-24T16:19:24.161411854Z	64010	nginx.service	1	0.000000	0.000000	0.000000	0.000000	5869568	0.151307	9048064	0.000000	0.000000	3
64	2026-09-24T16:19:24.161411854Z	64010	mysql.service	1	1.087172	0.543586	0.678770	0.408302	1676328960	43.212777	2171797504	0.000000	0.000000	43
65	2026-09-24T16:19:25.162104394Z	65011	isuconquest.go.service	1	1.107133	0.553567	0.515643	0.591490	37216256	0.959369	42229760	0.000000	0.000000	6
65	2026-09-24T16:19:25.162104394Z	65011	nginx.service	1	0.000000	0.000000	0.000000	0.000000	5869568	0.151307	9048064	0.000000	0.000000	3
65	2026-09-24T16:19:25.162104394Z	65011	mysql.service	1	1.112230	0.556115	1.078153	0.034076	1676328960	43.212777	2171797504	0.000000	0.000000	43
66	2026-09-24T16:19:26.161833784Z	66011	isuconquest.go.service	1	1.108700	0.554350	0.683685	0.425015	37220352	0.959474	42229760	0.000000	0.000000	6
66	2026-09-24T16:19:26.161833784Z	66011	nginx.service	1	0.000000	0.000000	0.000000	0.000000	5869568	0.151307	9048064	0.000000	0.000000	3
66	2026-09-24T16:19:26.161833784Z	66011	mysql.service	1	1.094096	0.547048	1.094096	0.000000	1676333056	43.212883	2171797504	0.000000	0.000000	43
67	2026-09-24T16:19:27.161565151Z	67010	isuconquest.go.service	1	1.092093	0.546047	0.500134	0.591959	37216256	0.959369	42229760	0.000000	0.000000	6
67	2026-09-24T16:19:27.161565151Z	67010	nginx.service	1	0.000000	0.000000	0.000000	0.000000	5869568	0.151307	9048064	0.000000	0.000000	3
67	2026-09-24T16:19:27.161565151Z	67010	mysql.service	1	1.092994	0.546497	0.652775	0.440218	1676328960	43.212777	2171797504	0.000000	0.000000	43
68	2026-09-24T16:19:28.161284248Z	68010	isuconquest.go.service	1	1.022187	0.511094	0.440024	0.582164	37216256	0.959369	42229760	0.000000	0.000000	6
68	2026-09-24T16:19:28.161284248Z	68010	nginx.service	1	0.000000	0.000000	0.000000	0.000000	5869568	0.151307	9048064	0.000000	0.000000	3
68	2026-09-24T16:19:28.161284248Z	68010	mysql.service	1	1.093207	0.546604	1.062498	0.030809	1676328960	43.212777	2171797504	0.000000	0.000000	43
69	2026-09-24T16:19:29.161983699Z	69011	isuconquest.go.service	1	1.050465	0.525233	0.549316	0.501050	37216256	0.959369	42229760	0.000000	0.000000	6
69	2026-09-24T16:19:29.161983699Z	69011	nginx.service	1	0.000000	0.000000	0.000000	0.000000	5869568	0.151307	9048064	0.000000	0.000000	3
69	2026-09-24T16:19:29.161983699Z	69011	mysql.service	1	1.115720	0.557860	0.627561	0.488159	1676333056	43.212883	2171797504	0.000000	0.000000	43
70	2026-09-24T16:19:30.161767242Z	70011	isuconquest.go.service	1	1.081534	0.540767	0.485105	0.596429	37216256	0.959369	42229760	0.000000	0.000000	6
70	2026-09-24T16:19:30.161767242Z	70011	nginx.service	1	0.000000	0.000000	0.000000	0.000000	5869568	0.151307	9048064	0.000000	0.000000	3
70	2026-09-24T16:19:30.161767242Z	70011	mysql.service	1	1.078233	0.539117	0.671445	0.406788	1676333056	43.212883	2171797504	0.000000	0.000000	43
71	2026-09-24T16:19:31.161521063Z	71010	isuconquest.go.service	1	1.224201	0.612101	1.000746	0.223455	37216256	0.959369	42229760	0.000000	0.000000	6
71	2026-09-24T16:19:31.161521063Z	71010	nginx.service	1	0.000000	0.000000	0.000000	0.000000	5869568	0.151307	9048064	0.000000	0.000000	3
71	2026-09-24T16:19:31.161521063Z	71010	mysql.service	1	1.194494	0.597247	0.768289	0.426105	1676328960	43.212777	2171797504	0.000000	0.000000	43
72	2026-09-24T16:19:32.161215942Z	72010	isuconquest.go.service	1	1.036716	0.518358	0.534463	0.502353	37224448	0.959580	42229760	0.000000	0.000000	6
72	2026-09-24T16:19:32.161215942Z	72010	nginx.service	1	0.000000	0.000000	0.000000	0.000000	5869568	0.151307	9048064	0.000000	0.000000	3
72	2026-09-24T16:19:32.161215942Z	72010	mysql.service	1	1.090133	0.545066	1.059823	0.030309	1676328960	43.212777	2171797504	0.000000	0.000000	43
73	2026-09-24T16:19:33.161919996Z	73011	isuconquest.go.service	1	1.209149	0.604574	0.857296	0.351752	37326848	0.962220	42229760	0.000000	0.000000	6
73	2026-09-24T16:19:33.161919996Z	73011	nginx.service	1	0.000000	0.000000	0.000000	0.000000	5869568	0.151307	9048064	0.000000	0.000000	3
73	2026-09-24T16:19:33.161919996Z	73011	mysql.service	1	1.082538	0.541269	1.082538	0.000000	1676333056	43.212883	2171797504	0.000000	0.000000	43
74	2026-09-24T16:19:34.161645031Z	74011	isuconquest.go.service	1	1.068194	0.534097	0.870639	0.197554	37441536	0.965176	42229760	0.000000	0.000000	6
74	2026-09-24T16:19:34.161645031Z	74011	nginx.service	1	0.000000	0.000000	0.000000	0.000000	5869568	0.151307	9048064	0.000000	0.000000	3
74	2026-09-24T16:19:34.161645031Z	74011	mysql.service	1	1.099102	0.549551	0.584361	0.514842	1676328960	43.212777	2171797504	0.000000	0.000000	43
75	2026-09-24T16:19:35.161443211Z	75010	isuconquest.go.service	1	1.122026	0.561013	0.914585	0.207542	37543936	0.967816	42229760	0.000000	0.000000	6
75	2026-09-24T16:19:35.161443211Z	75010	nginx.service	1	0.000000	0.000000	0.000000	0.000000	5869568	0.151307	9048064	0.000000	0.000000	3
75	2026-09-24T16:19:35.161443211Z	75010	mysql.service	1	1.072416	0.536208	0.741950	0.330467	1676328960	43.212777	2171797504	0.000000	0.000000	43
76	2026-09-24T16:19:36.162102432Z	76011	isuconquest.go.service	1	1.572563	0.786282	1.152840	0.419723	37208064	0.959158	42229760	0.000000	0.000000	6
76	2026-09-24T16:19:36.162102432Z	76011	nginx.service	1	0.000000	0.000000	0.000000	0.000000	5869568	0.151307	9048064	0.000000	0.000000	3
76	2026-09-24T16:19:36.162102432Z	76011	mysql.service	1	1.140248	0.570124	1.140248	0.000000	1676328960	43.212777	2171797504	0.000000	0.000000	43
77	2026-09-24T16:19:37.161215321Z	77010	isuconquest.go.service	1	0.979369	0.489684	0.485731	0.493538	37343232	0.962642	42229760	0.000000	0.000000	6
77	2026-09-24T16:19:37.161215321Z	77010	nginx.service	1	0.000000	0.000000	0.000000	0.000000	5869568	0.151307	9048064	0.000000	0.000000	3
77	2026-09-24T16:19:37.161215321Z	77010	mysql.service	1	1.096873	0.548437	1.096873	0.000000	1676328960	43.212777	2171797504	0.000000	0.000000	43
78	2026-09-24T16:19:38.161904162Z	78011	isuconquest.go.service	1	1.025893	0.512947	0.833826	0.192068	37212160	0.959263	42229760	0.000000	0.000000	6
78	2026-09-24T16:19:38.161904162Z	78011	nginx.service	1	0.000000	0.000000	0.000000	0.000000	5869568	0.151307	9048064	0.000000	0.000000	3
78	2026-09-24T16:19:38.161904162Z	78011	mysql.service	1	1.065466	0.532733	1.065466	0.000000	1676333056	43.212883	2171797504	0.000000	0.000000	43
79	2026-09-24T16:19:39.161681036Z	79011	isuconquest.go.service	1	1.079141	0.539570	1.063837	0.015403	37212160	0.959263	42229760	0.000000	0.000000	6
79	2026-09-24T16:19:39.161681036Z	79011	nginx.service	1	0.000000	0.000000	0.000000	0.000000	5869568	0.151307	9048064	0.000000	0.000000	3
79	2026-09-24T16:19:39.161681036Z	79011	mysql.service	1	1.104446	0.552223	1.104446	0.000000	1676333056	43.212883	2171797504	0.000000	0.000000	43
80	2026-09-24T16:19:40.161443477Z	80010	isuconquest.go.service	1	1.086258	0.543129	1.069654	0.016504	37212160	0.959263	42229760	0.000000	0.000000	6
80	2026-09-24T16:19:40.161443477Z	80010	nginx.service	1	0.000000	0.000000	0.000000	0.000000	5869568	0.151307	9048064	0.000000	0.000000	3
80	2026-09-24T16:19:40.161443477Z	80010	mysql.service	1	1.127268	0.563634	1.127268	0.000000	1676333056	43.212883	2171797504	0.000000	0.000000	43
81	2026-09-24T16:19:41.161177693Z	81010	isuconquest.go.service	1	1.008768	0.504384	0.821919	0.186950	37212160	0.959263	42229760	0.000000	0.000000	6
81	2026-09-24T16:19:41.161177693Z	81010	nginx.service	1	0.000000	0.000000	0.000000	0.000000	5869568	0.151307	9048064	0.000000	0.000000	3
81	2026-09-24T16:19:41.161177693Z	81010	mysql.service	1	1.182714	0.591357	1.182714	0.000000	1676328960	43.212777	2171797504	0.000000	0.000000	43
82	2026-09-24T16:19:42.161869035Z	82011	isuconquest.go.service	1	1.099040	0.549520	0.988417	0.110624	37216256	0.959369	42229760	0.000000	0.000000	6
82	2026-09-24T16:19:42.161869035Z	82011	nginx.service	1	0.000000	0.000000	0.000000	0.000000	5869568	0.151307	9048064	0.000000	0.000000	3
82	2026-09-24T16:19:42.161869035Z	82011	mysql.service	1	1.088647	0.544324	1.088647	0.000000	1676333056	43.212883	2171797504	0.000000	0.000000	43
83	2026-09-24T16:19:43.161604405Z	83010	isuconquest.go.service	1	1.072684	0.536342	0.054414	1.018269	37232640	0.959791	42229760	0.000000	0.000000	6
83	2026-09-24T16:19:43.161604405Z	83010	nginx.service	1	0.000000	0.000000	0.000000	0.000000	5869568	0.151307	9048064	0.000000	0.000000	3
83	2026-09-24T16:19:43.161604405Z	83010	mysql.service	1	1.081886	0.540943	1.081886	0.000000	1676328960	43.212777	2171797504	0.000000	0.000000	43
84	2026-09-24T16:19:44.161367887Z	84010	isuconquest.go.service	1	0.976131	0.488065	0.791687	0.184444	37326848	0.962220	42229760	0.000000	0.000000	6
84	2026-09-24T16:19:44.161367887Z	84010	nginx.service	1	0.000000	0.000000	0.000000	0.000000	5869568	0.151307	9048064	0.000000	0.000000	3
84	2026-09-24T16:19:44.161367887Z	84010	mysql.service	1	1.090458	0.545229	1.090458	0.000000	1676328960	43.212777	2171797504	0.000000	0.000000	43
85	2026-09-24T16:19:45.162103097Z	85011	isuconquest.go.service	1	1.004462	0.502231	1.004462	0.000000	37429248	0.964859	42229760	0.000000	0.000000	6
85	2026-09-24T16:19:45.162103097Z	85011	nginx.service	1	0.000000	0.000000	0.000000	0.000000	5869568	0.151307	9048064	0.000000	0.000000	3
85	2026-09-24T16:19:45.162103097Z	85011	mysql.service	1	1.085202	0.542601	1.085202	0.000000	1676328960	43.212777	2171797504	0.000000	0.000000	43
86	2026-09-24T16:19:46.161751942Z	86011	isuconquest.go.service	1	1.075378	0.537689	1.064374	0.011004	37523456	0.967288	42229760	0.000000	0.000000	6
86	2026-09-24T16:19:46.161751942Z	86011	nginx.service	1	0.000000	0.000000	0.000000	0.000000	5869568	0.151307	9048064	0.000000	0.000000	3
86	2026-09-24T16:19:46.161751942Z	86011	mysql.service	1	1.102287	0.551144	1.102187	0.000000	1676333056	43.212883	2171797504	0.000000	0.000000	43
87	2026-09-24T16:19:47.161478206Z	87010	isuconquest.go.service	1	1.030082	0.515041	0.520242	0.509840	37605376	0.969400	42229760	0.000000	0.000000	6
87	2026-09-24T16:19:47.161478206Z	87010	nginx.service	1	0.000000	0.000000	0.000000	0.000000	5869568	0.151307	9048064	0.000000	0.000000	3
87	2026-09-24T16:19:47.161478206Z	87010	mysql.service	1	1.099101	0.549550	1.099201	0.000000	1676333056	43.212883	2171797504	0.000000	0.000000	43
88	2026-09-24T16:19:48.16119218Z	88010	isuconquest.go.service	1	0.966577	0.483288	0.966476	0.000000	37605376	0.969400	42229760	0.000000	0.000000	6
88	2026-09-24T16:19:48.16119218Z	88010	nginx.service	1	0.000000	0.000000	0.000000	0.000000	5869568	0.151307	9048064	0.000000	0.000000	3
88	2026-09-24T16:19:48.16119218Z	88010	mysql.service	1	1.074607	0.537304	0.951772	0.122735	1676333056	43.212883	2171797504	0.000000	0.000000	43
89	2026-09-24T16:19:49.161905085Z	89011	isuconquest.go.service	1	1.086525	0.543263	1.086625	0.000000	37613568	0.969611	42229760	0.000000	0.000000	6
89	2026-09-24T16:19:49.161905085Z	89011	nginx.service	1	0.000000	0.000000	0.000000	0.000000	5869568	0.151307	9048064	0.000000	0.000000	3
89	2026-09-24T16:19:49.161905085Z	89011	mysql.service	1	1.088624	0.544312	1.088724	0.000000	1676328960	43.212777	2171797504	0.000000	0.000000	43
90	2026-09-24T16:19:50.161661946Z	90011	isuconquest.go.service	1	1.019248	0.509624	1.011846	0.007302	37613568	0.969611	42229760	0.000000	0.000000	6
90	2026-09-24T16:19:50.161661946Z	90011	nginx.service	1	0.000000	0.000000	0.000000	0.000000	5869568	0.151307	9048064	0.000000	0.000000	3
90	2026-09-24T16:19:50.161661946Z	90011	mysql.service	1	1.090165	0.545083	0.726477	0.363688	1676333056	43.212883	2171797504	0.000000	0.000000	43
91	2026-09-24T16:19:51.161375491Z	91010	isuconquest.go.service	1	1.064005	0.532002	0.960475	0.103530	37609472	0.969505	42229760	0.000000	0.000000	6
91	2026-09-24T16:19:51.161375491Z	91010	nginx.service	1	0.000000	0.000000	0.000000	0.000000	5869568	0.151307	9048064	0.000000	0.000000	3
91	2026-09-24T16:19:51.161375491Z	91010	mysql.service	1	1.188240	0.594120	1.188240	0.000000	1676333056	43.212883	2171797504	0.000000	0.000000	43
92	2026-09-24T16:19:52.162084889Z	92011	isuconquest.go.service	1	1.269200	0.634600	0.619760	0.649439	37285888	0.961164	42229760	0.000000	0.000000	6
92	2026-09-24T16:19:52.162084889Z	92011	nginx.service	1	0.000000	0.000000	0.000000	0.000000	5869568	0.151307	9048064	0.000000	0.000000	3
92	2026-09-24T16:19:52.162084889Z	92011	mysql.service	1	1.124302	0.562151	0.663429	0.460773	1676328960	43.212777	2171797504	0.000000	0.000000	43
93	2026-09-24T16:19:53.161826629Z	93011	isuconquest.go.service	1	1.108286	0.554143	0.900633	0.207654	37281792	0.961058	42229760	0.000000	0.000000	6
93	2026-09-24T16:19:53.161826629Z	93011	nginx.service	1	0.000000	0.000000	0.000000	0.000000	5869568	0.151307	9048064	0.000000	0.000000	3
93	2026-09-24T16:19:53.161826629Z	93011	mysql.service	1	1.082179	0.541090	1.053272	0.028907	1676328960	43.212777	2171797504	0.000000	0.000000	43
94	2026-09-24T16:19:54.162028485Z	94011	isuconquest.go.service	1	0.953707	0.476854	0.871024	0.082683	37281792	0.961058	42229760	0.000000	0.000000	6
94	2026-09-24T16:19:54.162028485Z	94011	nginx.service	1	0.000000	0.000000	0.000000	0.000000	5869568	0.151307	9048064	0.000000	0.000000	3
94	2026-09-24T16:19:54.162028485Z	94011	mysql.service	1	1.094679	0.547339	1.094779	0.000000	1676328960	43.212777	2171797504	0.000000	0.000000	43
95	2026-09-24T16:19:55.161771783Z	95011	isuconquest.go.service	1	1.083378	0.541689	0.880926	0.202552	37281792	0.961058	42229760	0.000000	0.000000	6
95	2026-09-24T16:19:55.161771783Z	95011	nginx.service	1	0.000000	0.000000	0.000000	0.000000	5869568	0.151307	9048064	0.000000	0.000000	3
95	2026-09-24T16:19:55.161771783Z	95011	mysql.service	1	1.115286	0.557643	0.292675	0.822611	1676328960	43.212777	2171797504	0.000000	0.000000	43
96	2026-09-24T16:19:56.16151506Z	96010	isuconquest.go.service	1	1.168600	0.584300	0.627161	0.541339	37281792	0.961058	42229760	0.000000	0.000000	6
96	2026-09-24T16:19:56.16151506Z	96010	nginx.service	1	0.000000	0.000000	0.000000	0.000000	5869568	0.151307	9048064	0.000000	0.000000	3
96	2026-09-24T16:19:56.16151506Z	96010	mysql.service	1	1.106784	0.553392	1.106684	0.000000	1676333056	43.212883	2171797504	0.000000	0.000000	43
97	2026-09-24T16:19:57.161230267Z	97010	isuconquest.go.service	1	0.982080	0.491040	0.982180	0.000000	37285888	0.961164	42229760	0.000000	0.000000	6
97	2026-09-24T16:19:57.161230267Z	97010	nginx.service	1	0.000000	0.000000	0.000000	0.000000	5869568	0.151307	9048064	0.000000	0.000000	3
97	2026-09-24T16:19:57.161230267Z	97010	mysql.service	1	1.089610	0.544805	1.089710	0.000000	1676328960	43.212777	2171797504	0.000000	0.000000	43
98	2026-09-24T16:19:58.161938511Z	98011	isuconquest.go.service	1	1.028072	0.514036	0.941333	0.086739	37281792	0.961058	42229760	0.000000	0.000000	6
98	2026-09-24T16:19:58.161938511Z	98011	nginx.service	1	0.000000	0.000000	0.000000	0.000000	5869568	0.151307	9048064	0.000000	0.000000	3
98	2026-09-24T16:19:58.161938511Z	98011	mysql.service	1	1.077037	0.538519	1.076937	0.000000	1676333056	43.212883	2171797504	0.000000	0.000000	43
99	2026-09-24T16:19:59.161676715Z	99011	isuconquest.go.service	1	0.999662	0.499831	0.909538	0.090124	37281792	0.961058	42229760	0.000000	0.000000	6
99	2026-09-24T16:19:59.161676715Z	99011	nginx.service	1	0.000000	0.000000	0.000000	0.000000	5869568	0.151307	9048064	0.000000	0.000000	3
99	2026-09-24T16:19:59.161676715Z	99011	mysql.service	1	1.088685	0.544343	1.088685	0.000000	1676328960	43.212777	2171797504	0.000000	0.000000	43
100	2026-09-24T16:20:00.161416137Z	100010	isuconquest.go.service	1	1.015865	0.507932	0.406706	0.609059	37285888	0.961164	42229760	0.000000	0.000000	6
100	2026-09-24T16:20:00.161416137Z	100010	nginx.service	1	0.000000	0.000000	0.000000	0.000000	5869568	0.151307	9048064	0.000000	0.000000	3
100	2026-09-24T16:20:00.161416137Z	100010	mysql.service	1	1.085783	0.542891	1.085783	0.000000	1676333056	43.212883	2171797504	0.000000	0.000000	43
101	2026-09-24T16:20:01.161300802Z	101010	isuconquest.go.service	1	1.047121	0.523560	0.849698	0.197423	37281792	0.961058	42229760	0.000000	0.000000	6
101	2026-09-24T16:20:01.161300802Z	101010	nginx.service	1	0.000000	0.000000	0.000000	0.000000	5869568	0.151307	9048064	0.000000	0.000000	3
101	2026-09-24T16:20:01.161300802Z	101010	mysql.service	1	1.187337	0.593668	1.187337	0.000000	1676328960	43.212777	2171797504	0.000000	0.000000	43
102	2026-09-24T16:20:02.16200782Z	102011	isuconquest.go.service	1	1.302179	0.651090	1.154684	0.147596	37285888	0.961164	42229760	0.000000	0.000000	6
102	2026-09-24T16:20:02.16200782Z	102011	nginx.service	1	0.000000	0.000000	0.000000	0.000000	5869568	0.151307	9048064	0.000000	0.000000	3
102	2026-09-24T16:20:02.16200782Z	102011	mysql.service	1	1.141193	0.570597	1.141193	0.000000	1676333056	43.212883	2171797504	0.000000	0.000000	43
103	2026-09-24T16:20:03.161735546Z	103011	isuconquest.go.service	1	1.011675	0.505838	0.919950	0.091625	37281792	0.961058	42229760	0.000000	0.000000	6
103	2026-09-24T16:20:03.161735546Z	103011	nginx.service	1	0.000000	0.000000	0.000000	0.000000	5869568	0.151307	9048064	0.000000	0.000000	3
103	2026-09-24T16:20:03.161735546Z	103011	mysql.service	1	1.087296	0.543648	1.087296	0.000000	1676333056	43.212883	2171797504	0.000000	0.000000	43
104	2026-09-24T16:20:04.161454479Z	104010	isuconquest.go.service	1	1.101910	0.550955	1.092107	0.009803	37281792	0.961058	42229760	0.000000	0.000000	6
104	2026-09-24T16:20:04.161454479Z	104010	nginx.service	1	0.000000	0.000000	0.000000	0.000000	5869568	0.151307	9048064	0.000000	0.000000	3
104	2026-09-24T16:20:04.161454479Z	104010	mysql.service	1	1.101910	0.550955	1.102010	0.000000	1676333056	43.212883	2171797504	0.000000	0.000000	43
105	2026-09-24T16:20:05.161174644Z	105010	isuconquest.go.service	1	1.074901	0.537450	0.545353	0.529548	37281792	0.961058	42229760	0.000000	0.000000	6
105	2026-09-24T16:20:05.161174644Z	105010	nginx.service	1	0.000000	0.000000	0.000000	0.000000	5869568	0.151307	9048064	0.000000	0.000000	3
105	2026-09-24T16:20:05.161174644Z	105010	mysql.service	1	1.086904	0.543452	1.086904	0.000000	1676328960	43.212777	2171797504	0.000000	0.000000	43
106	2026-09-24T16:20:06.161297795Z	106010	isuconquest.go.service	1	0.992678	0.496339	0.805801	0.186877	37285888	0.961164	42229760	0.000000	0.000000	6
106	2026-09-24T16:20:06.161297795Z	106010	nginx.service	1	0.000000	0.000000	0.000000	0.000000	5869568	0.151307	9048064	0.000000	0.000000	3
106	2026-09-24T16:20:06.161297795Z	106010	mysql.service	1	1.105564	0.552782	0.060593	1.044871	1676333056	43.212883	2171797504	0.000000	0.000000	43
107	2026-09-24T16:20:07.161226776Z	107010	isuconquest.go.service	1	1.133881	0.566940	0.920465	0.213515	37285888	0.961164	42229760	0.000000	0.000000	6
107	2026-09-24T16:20:07.161226776Z	107010	nginx.service	1	0.000000	0.000000	0.000000	0.000000	5869568	0.151307	9048064	0.000000	0.000000	3
107	2026-09-24T16:20:07.161226776Z	107010	mysql.service	1	1.092778	0.546389	1.092778	0.000000	1676328960	43.212777	2171797504	0.000000	0.000000	43
108	2026-09-24T16:20:08.161229703Z	108010	isuconquest.go.service	1	1.062397	0.531198	0.532098	0.530298	37281792	0.961058	42229760	0.000000	0.000000	6
108	2026-09-24T16:20:08.161229703Z	108010	nginx.service	1	0.000000	0.000000	0.000000	0.000000	5869568	0.151307	9048064	0.000000	0.000000	3
108	2026-09-24T16:20:08.161229703Z	108010	mysql.service	1	1.089497	0.544748	0.652298	0.437199	1676333056	43.212883	2171797504	0.000000	0.000000	43
109	2026-09-24T16:20:09.161973269Z	109011	isuconquest.go.service	1	1.020641	0.510321	0.927710	0.092931	37281792	0.961058	42229760	0.000000	0.000000	6
109	2026-09-24T16:20:09.161973269Z	109011	nginx.service	1	0.000000	0.000000	0.000000	0.000000	5869568	0.151307	9048064	0.000000	0.000000	3
109	2026-09-24T16:20:09.161973269Z	109011	mysql.service	1	1.097684	0.548842	1.097784	0.000000	1676333056	43.212883	2171797504	0.000000	0.000000	43
110	2026-09-24T16:20:10.161700477Z	110011	isuconquest.go.service	1	1.113404	0.556702	1.103601	0.009703	37281792	0.961058	42229760	0.000000	0.000000	6
110	2026-09-24T16:20:10.161700477Z	110011	nginx.service	1	0.000000	0.000000	0.000000	0.000000	5869568	0.151307	9048064	0.000000	0.000000	3
110	2026-09-24T16:20:10.161700477Z	110011	mysql.service	1	1.118805	0.559403	1.118705	0.000000	1676333056	43.212883	2171797504	0.000000	0.000000	43
111	2026-09-24T16:20:11.161384787Z	111010	isuconquest.go.service	1	1.140860	0.570430	0.925992	0.214868	37281792	0.961058	42229760	0.000000	0.000000	6
111	2026-09-24T16:20:11.161384787Z	111010	nginx.service	1	0.000000	0.000000	0.000000	0.000000	5869568	0.151307	9048064	0.000000	0.000000	3
111	2026-09-24T16:20:11.161384787Z	111010	mysql.service	1	1.175571	0.587786	1.175571	0.000000	1676333056	43.212883	2171797504	0.000000	0.000000	43
112	2026-09-24T16:20:12.162015288Z	112011	isuconquest.go.service	1	1.035347	0.517674	0.941007	0.094341	37412864	0.964437	42229760	0.000000	0.000000	6
112	2026-09-24T16:20:12.162015288Z	112011	nginx.service	1	0.000000	0.000000	0.000000	0.000000	5869568	0.151307	9048064	0.000000	0.000000	3
112	2026-09-24T16:20:12.162015288Z	112011	mysql.service	1	1.090712	0.545356	0.949102	0.141711	1676328960	43.212777	2171797504	0.000000	0.000000	43
113	2026-09-24T16:20:13.161667825Z	113011	isuconquest.go.service	1	1.063069	0.531535	0.964035	0.099034	37412864	0.964437	42229760	0.000000	0.000000	6
113	2026-09-24T16:20:13.161667825Z	113011	nginx.service	1	0.000000	0.000000	0.000000	0.000000	5869568	0.151307	9048064	0.000000	0.000000	3
113	2026-09-24T16:20:13.161667825Z	113011	mysql.service	1	1.077774	0.538887	0.595707	0.482067	1676328960	43.212777	2171797504	0.000000	0.000000	43
114	2026-09-24T16:20:14.161349411Z	114010	isuconquest.go.service	1	1.008421	0.504211	0.819361	0.189160	37285888	0.961164	42229760	0.000000	0.000000	6
114	2026-09-24T16:20:14.161349411Z	114010	nginx.service	1	0.000000	0.000000	0.000000	0.000000	5869568	0.151307	9048064	0.000000	0.000000	3
114	2026-09-24T16:20:14.161349411Z	114010	mysql.service	1	1.093348	0.546674	1.093348	0.000000	1676328960	43.212777	2171797504	0.000000	0.000000	43
115	2026-09-24T16:20:15.161970057Z	115011	isuconquest.go.service	1	1.080629	0.540315	0.877955	0.202574	37416960	0.964543	42229760	0.000000	0.000000	6
115	2026-09-24T16:20:15.161970057Z	115011	nginx.service	1	0.000000	0.000000	0.000000	0.000000	5869568	0.151307	9048064	0.000000	0.000000	3
115	2026-09-24T16:20:15.161970057Z	115011	mysql.service	1	1.068037	0.534019	1.067937	0.000000	1676328960	43.212777	2171797504	0.000000	0.000000	43
116	2026-09-24T16:20:16.162081347Z	116011	isuconquest.go.service	1	1.030485	0.515243	0.499344	0.531141	37285888	0.961164	42229760	0.000000	0.000000	6
116	2026-09-24T16:20:16.162081347Z	116011	nginx.service	1	0.000000	0.000000	0.000000	0.000000	5869568	0.151307	9048064	0.000000	0.000000	3
116	2026-09-24T16:20:16.162081347Z	116011	mysql.service	1	1.085179	0.542590	1.085179	0.000000	1676328960	43.212777	2171797504	0.000000	0.000000	43
117	2026-09-24T16:20:17.161232214Z	117010	isuconquest.go.service	1	1.035479	0.517740	0.942300	0.093179	37416960	0.964543	42229760	0.000000	0.000000	6
117	2026-09-24T16:20:17.161232214Z	117010	nginx.service	1	0.000000	0.000000	0.000000	0.000000	5869568	0.151307	9048064	0.000000	0.000000	3
117	2026-09-24T16:20:17.161232214Z	117010	mysql.service	1	1.088424	0.544212	0.894159	0.194365	1676333056	43.212883	2171797504	0.000000	0.000000	43
118	2026-09-24T16:20:18.161863833Z	118011	isuconquest.go.service	1	1.023054	0.511527	0.830276	0.192878	37285888	0.961164	42229760	0.000000	0.000000	6
118	2026-09-24T16:20:18.161863833Z	118011	nginx.service	1	0.000000	0.000000	0.000000	0.000000	5869568	0.151307	9048064	0.000000	0.000000	3
118	2026-09-24T16:20:18.161863833Z	118011	mysql.service	1	1.078919	0.539459	1.049837	0.028982	1676328960	43.212777	2171797504	0.000000	0.000000	43
119	2026-09-24T16:20:19.161520324Z	119010	isuconquest.go.service	1	1.054962	0.527481	1.054862	0.000000	37285888	0.961164	42229760	0.000000	0.000000	6
119	2026-09-24T16:20:19.161520324Z	119010	nginx.service	1	0.000000	0.000000	0.000000	0.000000	5869568	0.151307	9048064	0.000000	0.000000	3
119	2026-09-24T16:20:19.161520324Z	119010	mysql.service	1	1.099878	0.549939	1.067967	0.031911	1676328960	43.212777	2171797504	0.000000	0.000000	43
120	2026-09-24T16:20:20.162154236Z	120011	isuconquest.go.service	1	1.163363	0.581681	1.053732	0.109631	37289984	0.961269	42229760	0.000000	0.000000	6
120	2026-09-24T16:20:20.162154236Z	120011	nginx.service	1	0.000000	0.000000	0.000000	0.000000	5869568	0.151307	9048064	0.000000	0.000000	3
120	2026-09-24T16:20:20.162154236Z	120011	mysql.service	1	1.100103	0.550051	1.068023	0.032080	1676328960	43.212777	2171797504	0.000000	0.000000	43
121	2026-09-24T16:20:21.161721152Z	121011	isuconquest.go.service	1	1.089572	0.544786	0.988028	0.101544	37285888	0.961164	42229760	0.000000	0.000000	6
121	2026-09-24T16:20:21.161721152Z	121011	nginx.service	1	0.000000	0.000000	0.000000	0.000000	5869568	0.151307	9048064	0.000000	0.000000	3
121	2026-09-24T16:20:21.161721152Z	121011	mysql.service	1	1.182512	0.591256	0.758328	0.424184	1676337152	43.212988	2171797504	0.000000	0.000000	43
122	2026-09-24T16:20:22.161230707Z	122010	isuconquest.go.service	1	1.118449	0.559224	0.566778	0.551671	37285888	0.961164	42229760	0.000000	0.000000	6
122	2026-09-24T16:20:22.161230707Z	122010	nginx.service	1	0.000000	0.000000	0.000000	0.000000	5869568	0.151307	9048064	0.000000	0.000000	3
122	2026-09-24T16:20:22.161230707Z	122010	mysql.service	1	1.085132	0.542566	1.085232	0.000000	1676328960	43.212777	2171797504	0.000000	0.000000	43
123	2026-09-24T16:20:23.161867287Z	123011	isuconquest.go.service	1	0.985673	0.492836	0.800191	0.185582	37289984	0.961269	42229760	0.000000	0.000000	6
123	2026-09-24T16:20:23.161867287Z	123011	nginx.service	1	0.000000	0.000000	0.000000	0.000000	5869568	0.151307	9048064	0.000000	0.000000	3
123	2026-09-24T16:20:23.161867287Z	123011	mysql.service	1	1.098501	0.549250	1.098501	0.000000	1676328960	43.212777	2171797504	0.000000	0.000000	43
124	2026-09-24T16:20:24.161536419Z	124010	isuconquest.go.service	1	1.138377	0.569188	0.924106	0.214271	37285888	0.961164	42229760	0.000000	0.000000	6
124	2026-09-24T16:20:24.161536419Z	124010	nginx.service	1	0.000000	0.000000	0.000000	0.000000	5869568	0.151307	9048064	0.000000	0.000000	3
124	2026-09-24T16:20:24.161536419Z	124010	mysql.service	1	1.085459	0.542730	1.069954	0.015405	1676333056	43.212883	2171797504	0.000000	0.000000	43
125	2026-09-24T16:20:25.16118025Z	125010	isuconquest.go.service	1	1.120199	0.560099	1.013461	0.106738	37416960	0.964543	42229760	0.000000	0.000000	6
125	2026-09-24T16:20:25.16118025Z	125010	nginx.service	1	0.000000	0.000000	0.000000	0.000000	5869568	0.151307	9048064	0.000000	0.000000	3
125	2026-09-24T16:20:25.16118025Z	125010	mysql.service	1	1.114997	0.557499	0.777477	0.337620	1676328960	43.212777	2171797504	0.000000	0.000000	43
126	2026-09-24T16:20:26.161865251Z	126011	isuconquest.go.service	1	1.004512	0.502256	0.815941	0.188571	37285888	0.961164	42229760	0.000000	0.000000	6
126	2026-09-24T16:20:26.161865251Z	126011	nginx.service	1	0.000000	0.000000	0.000000	0.000000	5869568	0.151307	9048064	0.000000	0.000000	3
126	2026-09-24T16:20:26.161865251Z	126011	mysql.service	1	1.102445	0.551222	1.069867	0.032478	1676333056	43.212883	2171797504	0.000000	0.000000	43
127	2026-09-24T16:20:27.161230756Z	127010	isuconquest.go.service	1	1.192256	0.596128	1.192156	0.000000	37285888	0.961164	42229760	0.000000	0.000000	6
127	2026-09-24T16:20:27.161230756Z	127010	nginx.service	1	0.000000	0.000000	0.000000	0.000000	5869568	0.151307	9048064	0.000000	0.000000	3
127	2026-09-24T16:20:27.161230756Z	127010	mysql.service	1	1.091593	0.545796	1.060773	0.030920	1676333056	43.212883	2171797504	0.000000	0.000000	43
128	2026-09-24T16:20:28.1619436Z	128011	isuconquest.go.service	1	1.162271	0.581136	1.137489	0.024882	37289984	0.961269	42229760	0.000000	0.000000	6
128	2026-09-24T16:20:28.1619436Z	128011	nginx.service	1	0.000000	0.000000	0.000000	0.000000	5869568	0.151307	9048064	0.000000	0.000000	3
128	2026-09-24T16:20:28.1619436Z	128011	mysql.service	1	1.106211	0.553106	1.073035	0.033076	1676328960	43.212777	2171797504	0.000000	0.000000	43
129	2026-09-24T16:20:29.161229875Z	129010	isuconquest.go.service	1	1.023230	0.511615	0.379371	0.643759	37285888	0.961164	42229760	0.000000	0.000000	6
129	2026-09-24T16:20:29.161229875Z	129010	nginx.service	1	0.000000	0.000000	0.000000	0.000000	5869568	0.151307	9048064	0.000000	0.000000	3
129	2026-09-24T16:20:29.161229875Z	129010	mysql.service	1	1.106790	0.553395	0.998513	0.108377	1676328960	43.212777	2171797504	0.000000	0.000000	43
130	2026-09-24T16:20:30.161945659Z	130011	isuconquest.go.service	1	1.225723	0.612861	0.995487	0.230335	37421056	0.964648	42229760	0.000000	0.000000	6
130	2026-09-24T16:20:30.161945659Z	130011	nginx.service	1	0.000000	0.000000	0.000000	0.000000	5869568	0.151307	9048064	0.000000	0.000000	3
130	2026-09-24T16:20:30.161945659Z	130011	mysql.service	1	1.136886	0.568443	1.136786	0.000000	1676328960	43.212777	2171797504	0.000000	0.000000	43
131	2026-09-24T16:20:31.16166929Z	131011	isuconquest.go.service	1	1.201532	0.600766	0.626373	0.575159	37294080	0.961375	42229760	0.000000	0.000000	6
131	2026-09-24T16:20:31.16166929Z	131011	nginx.service	1	0.000000	0.000000	0.000000	0.000000	5869568	0.151307	9048064	0.000000	0.000000	3
131	2026-09-24T16:20:31.16166929Z	131011	mysql.service	1	1.207134	0.603567	1.043889	0.163245	1676328960	43.212777	2171797504	0.000000	0.000000	43
132	2026-09-24T16:20:32.161379398Z	132010	isuconquest.go.service	1	1.018795	0.509398	0.825939	0.192856	37289984	0.961269	42229760	0.000000	0.000000	6
132	2026-09-24T16:20:32.161379398Z	132010	nginx.service	1	0.000000	0.000000	0.000000	0.000000	5869568	0.151307	9048064	0.000000	0.000000	3
132	2026-09-24T16:20:32.161379398Z	132010	mysql.service	1	1.114523	0.557262	1.004891	0.109632	1676328960	43.212777	2171797504	0.000000	0.000000	43
133	2026-09-24T16:20:33.16209316Z	133011	isuconquest.go.service	1	1.115304	0.557652	0.904155	0.211149	37289984	0.961269	42229760	0.000000	0.000000	6
133	2026-09-24T16:20:33.16209316Z	133011	nginx.service	1	0.000000	0.000000	0.000000	0.000000	5869568	0.151307	9048064	0.000000	0.000000	3
133	2026-09-24T16:20:33.16209316Z	133011	mysql.service	1	1.091721	0.545860	0.532420	0.559301	1676333056	43.212883	2171797504	0.000000	0.000000	43
134	2026-09-24T16:20:34.161813445Z	134011	isuconquest.go.service	1	0.998979	0.499490	0.916856	0.082123	37289984	0.961269	42229760	0.000000	0.000000	6
134	2026-09-24T16:20:34.161813445Z	134011	nginx.service	1	0.000000	0.000000	0.000000	0.000000	5869568	0.151307	9048064	0.000000	0.000000	3
134	2026-09-24T16:20:34.161813445Z	134011	mysql.service	1	1.034990	0.517495	0.106130	0.928860	1676333056	43.212883	2171797504	0.000000	0.000000	43
135	2026-09-24T16:20:35.161542332Z	135010	isuconquest.go.service	1	1.098898	0.549449	0.539546	0.559352	37289984	0.961269	42229760	0.000000	0.000000	6
135	2026-09-24T16:20:35.161542332Z	135010	nginx.service	1	0.000000	0.000000	0.000000	0.000000	5869568	0.151307	9048064	0.000000	0.000000	3
135	2026-09-24T16:20:35.161542332Z	135010	mysql.service	1	1.029179	0.514590	0.555151	0.474029	1676328960	43.212777	2171797504	0.000000	0.000000	43
136	2026-09-24T16:20:36.161282107Z	136010	isuconquest.go.service	1	1.028568	0.514284	1.028568	0.000000	37289984	0.961269	42229760	0.000000	0.000000	6
136	2026-09-24T16:20:36.161282107Z	136010	nginx.service	1	0.000000	0.000000	0.000000	0.000000	5869568	0.151307	9048064	0.000000	0.000000	3
136	2026-09-24T16:20:36.161282107Z	136010	mysql.service	1	1.063177	0.531588	1.063177	0.000000	1676333056	43.212883	2171797504	0.000000	0.000000	43
137	2026-09-24T16:20:37.161238656Z	137010	isuconquest.go.service	1	0.965242	0.482621	0.908839	0.056302	37294080	0.961375	42229760	0.000000	0.000000	6
137	2026-09-24T16:20:37.161238656Z	137010	nginx.service	1	0.038202	0.019101	0.008100	0.030101	5885952	0.151729	9048064	0.000000	0.000000	3
137	2026-09-24T16:20:37.161238656Z	137010	mysql.service	1	1.026445	0.513222	0.753133	0.273312	1676328960	43.212777	2171797504	0.000000	0.000000	43
138	2026-09-24T16:20:38.161231891Z	138010	isuconquest.go.service	1	1.098007	0.549004	1.098107	0.000000	37425152	0.964754	42229760	0.000000	0.000000	6
138	2026-09-24T16:20:38.161231891Z	138010	nginx.service	1	0.004700	0.002350	0.001000	0.003800	5873664	0.151413	9048064	0.000000	0.000000	3
138	2026-09-24T16:20:38.161231891Z	138010	mysql.service	1	1.019607	0.509803	1.000507	0.019200	1676328960	43.212777	2171797504	0.000000	0.000000	43
139	2026-09-24T16:20:39.161914365Z	139011	isuconquest.go.service	1	1.195284	0.597642	0.166686	1.028598	37302272	0.961586	42229760	0.000000	0.000000	6
139	2026-09-24T16:20:39.161914365Z	139011	nginx.service	1	0.000000	0.000000	0.000000	0.000000	5873664	0.151413	9048064	0.000000	0.000000	3
139	2026-09-24T16:20:39.161914365Z	139011	mysql.service	1	1.064573	0.532287	0.584901	0.479573	1676333056	43.212883	2171797504	0.000000	0.000000	43
140	2026-09-24T16:20:40.161228489Z	140010	isuconquest.go.service	1	1.015597	0.507798	0.581099	0.434398	37302272	0.961586	42229760	0.000000	0.000000	6
140	2026-09-24T16:20:40.161228489Z	140010	nginx.service	1	0.000000	0.000000	0.000000	0.000000	5873664	0.151413	9048064	0.000000	0.000000	3
140	2026-09-24T16:20:40.161228489Z	140010	mysql.service	1	1.104658	0.552329	1.104658	0.000000	1676328960	43.212777	2171797504	0.000000	0.000000	43
141	2026-09-24T16:20:41.161918461Z	141011	isuconquest.go.service	1	0.955741	0.477870	0.772067	0.183773	37302272	0.961586	42229760	0.000000	0.000000	6
141	2026-09-24T16:20:41.161918461Z	141011	nginx.service	1	0.000000	0.000000	0.000000	0.000000	5873664	0.151413	9048064	0.000000	0.000000	3
141	2026-09-24T16:20:41.161918461Z	141011	mysql.service	1	1.119927	0.559964	1.051974	0.067953	1676333056	43.212883	2171797504	0.000000	0.000000	43
142	2026-09-24T16:20:42.161709376Z	142011	isuconquest.go.service	1	1.086227	0.543114	0.986306	0.099921	37302272	0.961586	42229760	0.000000	0.000000	6
142	2026-09-24T16:20:42.161709376Z	142011	nginx.service	1	0.000000	0.000000	0.000000	0.000000	5873664	0.151413	9048064	0.000000	4096.856550	3
142	2026-09-24T16:20:42.161709376Z	142011	mysql.service	1	1.050520	0.525260	0.951499	0.099021	1676328960	43.212777	2171797504	0.000000	0.000000	43
143	2026-09-24T16:20:43.161433576Z	143010	isuconquest.go.service	1	1.192829	0.596414	0.614770	0.578059	37302272	0.961586	42229760	0.000000	0.000000	6
143	2026-09-24T16:20:43.161433576Z	143010	nginx.service	1	0.000000	0.000000	0.000000	0.000000	5873664	0.151413	9048064	0.000000	0.000000	3
143	2026-09-24T16:20:43.161433576Z	143010	mysql.service	1	1.040187	0.520093	0.564356	0.475831	1676328960	43.212777	2171797504	0.000000	0.000000	43
144	2026-09-24T16:20:44.161194408Z	144010	isuconquest.go.service	1	1.023345	0.511672	0.022705	1.000539	37302272	0.961586	42229760	0.000000	0.000000	6
144	2026-09-24T16:20:44.161194408Z	144010	nginx.service	1	0.000000	0.000000	0.000000	0.000000	5873664	0.151413	9048064	0.000000	0.000000	3
144	2026-09-24T16:20:44.161194408Z	144010	mysql.service	1	1.008641	0.504321	0.991837	0.016804	1676328960	43.212777	2171797504	0.000000	0.000000	43
145	2026-09-24T16:20:45.161907004Z	145011	isuconquest.go.service	1	1.083728	0.541864	0.871179	0.212648	37302272	0.961586	42229760	0.000000	0.000000	6
145	2026-09-24T16:20:45.161907004Z	145011	nginx.service	1	0.000000	0.000000	0.000000	0.000000	5873664	0.151413	9048064	0.000000	0.000000	3
145	2026-09-24T16:20:45.161907004Z	145011	mysql.service	1	1.062543	0.531271	1.062643	0.000000	1676328960	43.212777	2171797504	0.000000	0.000000	43
146	2026-09-24T16:20:46.161627172Z	146011	isuconquest.go.service	1	1.196435	0.598217	0.961669	0.234666	37306368	0.961692	42229760	0.000000	0.000000	6
146	2026-09-24T16:20:46.161627172Z	146011	nginx.service	1	0.000000	0.000000	0.000000	0.000000	5873664	0.151413	9048064	0.000000	0.000000	3
146	2026-09-24T16:20:46.161627172Z	146011	mysql.service	1	1.049794	0.524897	1.049794	0.000000	1676333056	43.212883	2171797504	0.000000	0.000000	43
147	2026-09-24T16:20:47.161338376Z	147010	isuconquest.go.service	1	1.036599	0.518300	1.036599	0.000000	37302272	0.961586	42229760	0.000000	0.000000	6
147	2026-09-24T16:20:47.161338376Z	147010	nginx.service	1	0.000000	0.000000	0.000000	0.000000	5873664	0.151413	9048064	0.000000	0.000000	3
147	2026-09-24T16:20:47.161338376Z	147010	mysql.service	1	1.040701	0.520350	1.040701	0.000000	1676328960	43.212777	2171797504	0.000000	0.000000	43
148	2026-09-24T16:20:48.161863736Z	148011	isuconquest.go.service	1	1.136103	0.568052	1.045851	0.090253	37302272	0.961586	42229760	0.000000	0.000000	6
148	2026-09-24T16:20:48.161863736Z	148011	nginx.service	1	0.000000	0.000000	0.000000	0.000000	5873664	0.151413	9048064	0.000000	0.000000	3
148	2026-09-24T16:20:48.161863736Z	148011	mysql.service	1	1.034057	0.517028	0.713725	0.320232	1676328960	43.212777	2171797504	0.000000	0.000000	43
149	2026-09-24T16:20:49.161602081Z	149010	isuconquest.go.service	1	1.027969	0.513984	0.000000	1.027969	37306368	0.961692	42229760	0.000000	0.000000	6
149	2026-09-24T16:20:49.161602081Z	149010	nginx.service	1	0.000000	0.000000	0.000000	0.000000	5873664	0.151413	9048064	0.000000	0.000000	3
149	2026-09-24T16:20:49.161602081Z	149010	mysql.service	1	1.042173	0.521086	0.641368	0.400805	1676328960	43.212777	2171797504	0.000000	0.000000	43
150	2026-09-24T16:20:50.161229662Z	150010	isuconquest.go.service	1	1.003674	0.501837	0.254695	0.749079	37302272	0.961586	42229760	0.000000	0.000000	6
150	2026-09-24T16:20:50.161229662Z	150010	nginx.service	1	0.000000	0.000000	0.000000	0.000000	5873664	0.151413	9048064	0.000000	0.000000	3
150	2026-09-24T16:20:50.161229662Z	150010	mysql.service	1	1.049491	0.524745	1.049491	0.000000	1676328960	43.212777	2171797504	0.000000	0.000000	43
151	2026-09-24T16:20:51.161930587Z	151011	isuconquest.go.service	1	1.058358	0.529179	0.732986	0.325372	37302272	0.961586	42229760	0.000000	0.000000	6
151	2026-09-24T16:20:51.161930587Z	151011	nginx.service	1	0.000000	0.000000	0.000000	0.000000	5873664	0.151413	9048064	0.000000	0.000000	3
151	2026-09-24T16:20:51.161930587Z	151011	mysql.service	1	1.135504	0.567752	1.135504	0.000000	1676333056	43.212883	2171797504	0.000000	0.000000	43
152	2026-09-24T16:20:52.161619447Z	152011	isuconquest.go.service	1	1.071833	0.535917	0.062619	1.009114	37306368	0.961692	42229760	0.000000	0.000000	6
152	2026-09-24T16:20:52.161619447Z	152011	nginx.service	1	0.000000	0.000000	0.000000	0.000000	5873664	0.151413	9048064	0.000000	0.000000	3
152	2026-09-24T16:20:52.161619447Z	152011	mysql.service	1	1.009214	0.504607	1.009214	0.000000	1676328960	43.212777	2171797504	0.000000	0.000000	43
153	2026-09-24T16:20:53.161288359Z	153010	isuconquest.go.service	1	0.989628	0.494814	0.904099	0.085628	37306368	0.961692	42229760	0.000000	0.000000	6
153	2026-09-24T16:20:53.161288359Z	153010	nginx.service	1	0.000000	0.000000	0.000000	0.000000	5873664	0.151413	9048064	0.000000	0.000000	3
153	2026-09-24T16:20:53.161288359Z	153010	mysql.service	1	1.036943	0.518472	0.784660	0.252384	1676333056	43.212883	2171797504	0.000000	0.000000	43
154	2026-09-24T16:20:54.161922121Z	154011	isuconquest.go.service	1	1.097904	0.548952	0.421333	0.676571	37302272	0.961586	42229760	0.000000	0.000000	6
154	2026-09-24T16:20:54.161922121Z	154011	nginx.service	1	0.000000	0.000000	0.000000	0.000000	5873664	0.151413	9048064	0.000000	0.000000	3
154	2026-09-24T16:20:54.161922121Z	154011	mysql.service	1	1.035244	0.517622	1.035244	0.000000	1676328960	43.212777	2171797504	0.000000	0.000000	43
155	2026-09-24T16:20:55.161875771Z	155011	isuconquest.go.service	1	1.124952	0.562476	0.894841	0.230111	37437440	0.965071	42229760	0.000000	0.000000	6
155	2026-09-24T16:20:55.161875771Z	155011	nginx.service	1	0.000000	0.000000	0.000000	0.000000	5873664	0.151413	9048064	0.000000	0.000000	3
155	2026-09-24T16:20:55.161875771Z	155011	mysql.service	1	1.094251	0.547125	1.094251	0.000000	1676328960	43.212777	2171797504	0.000000	0.000000	43
156	2026-09-24T16:20:56.161541687Z	156010	isuconquest.go.service	1	0.968724	0.484362	0.770457	0.198166	37302272	0.961586	42229760	0.000000	0.000000	6
156	2026-09-24T16:20:56.161541687Z	156010	nginx.service	1	0.000000	0.000000	0.000000	0.000000	5873664	0.151413	9048064	0.000000	0.000000	3
156	2026-09-24T16:20:56.161541687Z	156010	mysql.service	1	1.034746	0.517373	0.732945	0.301801	1676328960	43.212777	2171797504	0.000000	0.000000	43
157	2026-09-24T16:20:57.161188409Z	157010	isuconquest.go.service	1	1.215729	0.607865	0.512481	0.703348	37306368	0.961692	42229760	0.000000	0.000000	6
157	2026-09-24T16:20:57.161188409Z	157010	nginx.service	1	0.000000	0.000000	0.000000	0.000000	5873664	0.151413	9048064	0.000000	0.000000	3
157	2026-09-24T16:20:57.161188409Z	157010	mysql.service	1	1.041768	0.520884	1.041668	0.000000	1676333056	43.212883	2171797504	0.000000	0.000000	43
158	2026-09-24T16:20:58.161390662Z	158010	isuconquest.go.service	1	1.191659	0.595829	1.183161	0.008398	37302272	0.961586	42229760	0.000000	0.000000	6
158	2026-09-24T16:20:58.161390662Z	158010	nginx.service	1	0.000000	0.000000	0.000000	0.000000	5873664	0.151413	9048064	0.000000	0.000000	3
158	2026-09-24T16:20:58.161390662Z	158010	mysql.service	1	1.016094	0.508047	0.597579	0.418615	1676328960	43.212777	2171797504	0.000000	0.000000	43
159	2026-09-24T16:20:59.162082981Z	159011	isuconquest.go.service	1	1.024291	0.512145	0.475271	0.549120	37302272	0.961586	42229760	0.000000	0.000000	6
159	2026-09-24T16:20:59.162082981Z	159011	nginx.service	1	0.000000	0.000000	0.000000	0.000000	5873664	0.151413	9048064	0.000000	0.000000	3
159	2026-09-24T16:20:59.162082981Z	159011	mysql.service	1	1.025790	0.512895	1.025690	0.000000	1676328960	43.212777	2171797504	0.000000	0.000000	43
160	2026-09-24T16:21:00.161851837Z	160011	isuconquest.go.service	1	1.096553	0.548277	0.989029	0.107425	37302272	0.961586	42229760	0.000000	0.000000	6
160	2026-09-24T16:21:00.161851837Z	160011	nginx.service	1	0.000000	0.000000	0.000000	0.000000	5873664	0.151413	9048064	0.000000	0.000000	3
160	2026-09-24T16:21:00.161851837Z	160011	mysql.service	1	1.031738	0.515869	0.687759	0.343980	1676328960	43.212777	2171797504	0.000000	0.000000	43
161	2026-09-24T16:21:01.161595945Z	161010	isuconquest.go.service	1	1.075075	0.537538	1.075075	0.000000	37306368	0.961692	42229760	0.000000	0.000000	6
161	2026-09-24T16:21:01.161595945Z	161010	nginx.service	1	0.000000	0.000000	0.000000	0.000000	5873664	0.151413	9048064	0.000000	0.000000	3
161	2026-09-24T16:21:01.161595945Z	161010	mysql.service	1	1.138991	0.569496	1.100682	0.038410	1676328960	43.212777	2171797504	0.000000	0.000000	43
162	2026-09-24T16:21:02.161281281Z	162010	isuconquest.go.service	1	1.039827	0.519914	1.039927	0.000000	37310464	0.961797	42229760	0.000000	0.000000	6
162	2026-09-24T16:21:02.161281281Z	162010	nginx.service	1	0.000000	0.000000	0.000000	0.000000	5873664	0.151413	9048064	0.000000	0.000000	3
162	2026-09-24T16:21:02.161281281Z	162010	mysql.service	1	1.081040	0.540520	0.976907	0.104033	1676328960	43.212777	2171797504	0.000000	0.000000	43
163	2026-09-24T16:21:03.162190539Z	163011	isuconquest.go.service	1	0.972016	0.486008	0.929954	0.041962	37314560	0.961903	42229760	0.000000	0.000000	6
163	2026-09-24T16:21:03.162190539Z	163011	nginx.service	1	0.000000	0.000000	0.000000	0.000000	5873664	0.151413	9048064	0.000000	0.000000	3
163	2026-09-24T16:21:03.162190539Z	163011	mysql.service	1	1.094805	0.547402	1.094904	0.000000	1676328960	43.212777	2171797504	0.000000	0.000000	43
164	2026-09-24T16:21:04.161228714Z	164010	isuconquest.go.service	1	1.071030	0.535515	0.852520	0.218610	37441536	0.965176	42229760	0.000000	0.000000	6
164	2026-09-24T16:21:04.161228714Z	164010	nginx.service	1	0.000000	0.000000	0.000000	0.000000	5873664	0.151413	9048064	0.000000	0.000000	3
164	2026-09-24T16:21:04.161228714Z	164010	mysql.service	1	1.032493	0.516246	1.032493	0.000000	1676328960	43.212777	2171797504	0.000000	0.000000	43
165	2026-09-24T16:21:05.161847162Z	165011	isuconquest.go.service	1	1.023767	0.511883	0.472608	0.551059	37310464	0.961797	42229760	0.000000	0.000000	6
165	2026-09-24T16:21:05.161847162Z	165011	nginx.service	1	0.000000	0.000000	0.000000	0.000000	5873664	0.151413	9048064	0.000000	0.000000	3
165	2026-09-24T16:21:05.161847162Z	165011	mysql.service	1	1.030463	0.515231	0.730448	0.300014	1676328960	43.212777	2171797504	0.000000	0.000000	43
166	2026-09-24T16:21:06.161514499Z	166010	isuconquest.go.service	1	1.032544	0.516272	0.359920	0.672624	37441536	0.965176	42229760	0.000000	0.000000	6
166	2026-09-24T16:21:06.161514499Z	166010	nginx.service	1	0.000000	0.000000	0.000000	0.000000	5873664	0.151413	9048064	0.000000	0.000000	3
166	2026-09-24T16:21:06.161514499Z	166010	mysql.service	1	1.053050	0.526525	1.052950	0.000000	1676328960	43.212777	2171797504	0.000000	0.000000	43
167	2026-09-24T16:21:07.161236639Z	167010	isuconquest.go.service	1	1.097005	0.548502	1.097005	0.000000	37310464	0.961797	42229760	0.000000	0.000000	6
167	2026-09-24T16:21:07.161236639Z	167010	nginx.service	1	0.000000	0.000000	0.000000	0.000000	5873664	0.151413	9048064	0.000000	0.000000	3
167	2026-09-24T16:21:07.161236639Z	167010	mysql.service	1	1.030186	0.515093	1.030186	0.000000	1676328960	43.212777	2171797504	0.000000	0.000000	43
168	2026-09-24T16:21:08.161231381Z	168010	isuconquest.go.service	1	1.005205	0.502603	0.594103	0.411102	37310464	0.961797	42229760	0.000000	0.000000	6
168	2026-09-24T16:21:08.161231381Z	168010	nginx.service	1	0.000000	0.000000	0.000000	0.000000	5873664	0.151413	9048064	0.000000	0.000000	3
168	2026-09-24T16:21:08.161231381Z	168010	mysql.service	1	1.120006	0.560003	0.736804	0.383302	1676333056	43.212883	2171797504	0.000000	0.000000	43
169	2026-09-24T16:21:09.161853915Z	169011	isuconquest.go.service	1	1.076430	0.538215	0.635005	0.441425	37441536	0.965176	42229760	0.000000	0.000000	6
169	2026-09-24T16:21:09.161853915Z	169011	nginx.service	1	0.000000	0.000000	0.000000	0.000000	5873664	0.151413	9048064	0.000000	0.000000	3
169	2026-09-24T16:21:09.161853915Z	169011	mysql.service	1	1.030858	0.515429	0.178689	0.852170	1676328960	43.212777	2171797504	0.000000	0.000000	43
170	2026-09-24T16:21:10.161514624Z	170010	isuconquest.go.service	1	1.012444	0.506222	0.922313	0.090231	37441536	0.965176	42229760	0.000000	0.000000	6
170	2026-09-24T16:21:10.161514624Z	170010	nginx.service	1	0.000000	0.000000	0.000000	0.000000	5873664	0.151413	9048064	0.000000	0.000000	3
170	2026-09-24T16:21:10.161514624Z	170010	mysql.service	1	1.113478	0.556739	1.113478	0.000000	1676328960	43.212777	2171797504	0.000000	0.000000	43
171	2026-09-24T16:21:11.162151468Z	171011	isuconquest.go.service	1	1.067720	0.533860	1.067620	0.000000	37441536	0.965176	42229760	0.000000	0.000000	6
171	2026-09-24T16:21:11.162151468Z	171011	nginx.service	1	0.000000	0.000000	0.000000	0.000000	5873664	0.151413	9048064	0.000000	0.000000	3
171	2026-09-24T16:21:11.162151468Z	171011	mysql.service	1	1.154765	0.577382	0.323194	0.831570	1676328960	43.212777	2171797504	0.000000	0.000000	43
172	2026-09-24T16:21:12.161808524Z	172011	isuconquest.go.service	1	1.111981	0.555991	0.561192	0.550789	37441536	0.965176	42229760	0.000000	0.000000	6
172	2026-09-24T16:21:12.161808524Z	172011	nginx.service	1	0.000000	0.000000	0.000000	0.000000	5873664	0.151413	9048064	0.000000	0.000000	3
172	2026-09-24T16:21:12.161808524Z	172011	mysql.service	1	1.020250	0.510125	1.020250	0.000000	1676328960	43.212777	2171797504	0.000000	0.000000	43
173	2026-09-24T16:21:13.161800584Z	173011	isuconquest.go.service	1	1.035008	0.517504	0.820307	0.214702	37310464	0.961797	42229760	0.000000	0.000000	6
173	2026-09-24T16:21:13.161800584Z	173011	nginx.service	1	0.000000	0.000000	0.000000	0.000000	5873664	0.151413	9048064	0.000000	0.000000	3
173	2026-09-24T16:21:13.161800584Z	173011	mysql.service	1	1.084709	0.542354	0.658205	0.426503	1676328960	43.212777	2171797504	0.000000	0.000000	43
174	2026-09-24T16:21:14.161230363Z	174010	isuconquest.go.service	1	1.073512	0.536756	0.513993	0.559619	37441536	0.965176	42229760	0.000000	0.000000	6
174	2026-09-24T16:21:14.161230363Z	174010	nginx.service	1	0.000000	0.000000	0.000000	0.000000	5873664	0.151413	9048064	0.000000	0.000000	3
174	2026-09-24T16:21:14.161230363Z	174010	mysql.service	1	1.025685	0.512842	0.930731	0.094854	1676333056	43.212883	2171797504	0.000000	0.000000	43
175	2026-09-24T16:21:15.161857718Z	175011	isuconquest.go.service	1	1.090616	0.545308	0.404346	0.686170	37314560	0.961903	42229760	0.000000	0.000000	6
175	2026-09-24T16:21:15.161857718Z	175011	nginx.service	1	0.000000	0.000000	0.000000	0.000000	5873664	0.151413	9048064	0.000000	0.000000	3
175	2026-09-24T16:21:15.161857718Z	175011	mysql.service	1	1.047543	0.523771	0.949005	0.098638	1676328960	43.212777	2171797504	0.000000	0.000000	43
176	2026-09-24T16:21:16.161517912Z	176010	isuconquest.go.service	1	1.147690	0.573845	0.906608	0.241182	37453824	0.965493	42229760	0.000000	0.000000	6
176	2026-09-24T16:21:16.161517912Z	176010	nginx.service	1	0.000000	0.000000	0.000000	0.000000	5873664	0.151413	9048064	0.000000	0.000000	3
176	2026-09-24T16:21:16.161517912Z	176010	mysql.service	1	1.071764	0.535882	0.000000	1.071764	1676328960	43.212777	2171797504	0.000000	0.000000	43
177	2026-09-24T16:21:17.162142755Z	177011	isuconquest.go.service	1	1.200350	0.600175	0.275828	0.924422	37326848	0.962220	42229760	0.000000	0.000000	6
177	2026-09-24T16:21:17.162142755Z	177011	nginx.service	1	0.000000	0.000000	0.000000	0.000000	5873664	0.151413	9048064	0.000000	0.000000	3
177	2026-09-24T16:21:17.162142755Z	177011	mysql.service	1	1.018164	0.509082	0.457714	0.560350	1676328960	43.212777	2171797504	0.000000	0.000000	43
178	2026-09-24T16:21:18.161246079Z	178010	isuconquest.go.service	1	1.222897	0.611448	0.504853	0.718044	37322752	0.962114	42229760	0.000000	0.000000	6
178	2026-09-24T16:21:18.161246079Z	178010	nginx.service	1	0.000000	0.000000	0.000000	0.000000	5873664	0.151413	9048064	0.000000	0.000000	3
178	2026-09-24T16:21:18.161246079Z	178010	mysql.service	1	1.083271	0.541636	1.083371	0.000000	1676328960	43.212777	2171797504	0.000000	0.000000	43
179	2026-09-24T16:21:19.161866848Z	179011	isuconquest.go.service	1	1.069036	0.534518	0.759329	0.309708	37326848	0.962220	42229760	0.000000	0.000000	6
179	2026-09-24T16:21:19.161866848Z	179011	nginx.service	1	0.000000	0.000000	0.000000	0.000000	5873664	0.151413	9048064	0.000000	0.000000	3
179	2026-09-24T16:21:19.161866848Z	179011	mysql.service	1	1.050148	0.525074	0.844975	0.205173	1676333056	43.212883	2171797504	0.000000	0.000000	43
180	2026-09-24T16:21:20.161529515Z	180010	isuconquest.go.service	1	1.018644	0.509322	1.018644	0.000000	37322752	0.962114	42229760	0.000000	0.000000	6
180	2026-09-24T16:21:20.161529515Z	180010	nginx.service	1	0.000000	0.000000	0.000000	0.000000	5873664	0.151413	9048064	0.000000	0.000000	3
180	2026-09-24T16:21:20.161529515Z	180010	mysql.service	1	1.063259	0.531629	0.886699	0.176460	1676328960	43.212777	2171797504	0.000000	0.000000	43
181	2026-09-24T16:21:21.1621652Z	181011	isuconquest.go.service	1	0.991969	0.495985	0.933806	0.058263	37457920	0.965599	42229760	0.000000	0.000000	6
181	2026-09-24T16:21:21.1621652Z	181011	nginx.service	1	0.000000	0.000000	0.000000	0.000000	5873664	0.151413	9048064	0.000000	0.000000	3
181	2026-09-24T16:21:21.1621652Z	181011	mysql.service	1	1.180649	0.590325	0.832271	0.348379	1676328960	43.212777	2171797504	0.000000	0.000000	43
182	2026-09-24T16:21:22.161811882Z	182011	isuconquest.go.service	1	1.038567	0.519283	0.360427	0.678040	37322752	0.962114	42229760	0.000000	0.000000	6
182	2026-09-24T16:21:22.161811882Z	182011	nginx.service	1	0.000000	0.000000	0.000000	0.000000	5873664	0.151413	9048064	0.000000	0.000000	3
182	2026-09-24T16:21:22.161811882Z	182011	mysql.service	1	1.026663	0.513331	1.026763	0.000000	1676328960	43.212777	2171797504	0.000000	0.000000	43
183	2026-09-24T16:21:23.161487656Z	183010	isuconquest.go.service	1	1.093254	0.546627	0.405531	0.687823	37453824	0.965493	42229760	0.000000	0.000000	6
183	2026-09-24T16:21:23.161487656Z	183010	nginx.service	1	0.000000	0.000000	0.000000	0.000000	5873664	0.151413	9048064	0.000000	0.000000	3
183	2026-09-24T16:21:23.161487656Z	183010	mysql.service	1	1.074748	0.537374	0.650811	0.423937	1676333056	43.212883	2171797504	0.000000	0.000000	43
184	2026-09-24T16:21:24.162105945Z	184011	isuconquest.go.service	1	1.122606	0.561303	0.880256	0.242350	37322752	0.962114	42229760	0.000000	0.000000	6
184	2026-09-24T16:21:24.162105945Z	184011	nginx.service	1	0.000000	0.000000	0.000000	0.000000	5873664	0.151413	9048064	0.000000	0.000000	3
184	2026-09-24T16:21:24.162105945Z	184011	mysql.service	1	1.025966	0.512983	0.552858	0.473107	1676333056	43.212883	2171797504	0.000000	0.000000	43
185	2026-09-24T16:21:25.161782717Z	185011	isuconquest.go.service	1	1.177181	0.588590	1.049239	0.127841	37330944	0.962325	42229760	0.000000	0.000000	6
185	2026-09-24T16:21:25.161782717Z	185011	nginx.service	1	0.000000	0.000000	0.000000	0.000000	5873664	0.151413	9048064	0.000000	0.000000	3
185	2026-09-24T16:21:25.161782717Z	185011	mysql.service	1	1.105357	0.552679	1.105257	0.000000	1676328960	43.212777	2171797504	0.000000	0.000000	43
186	2026-09-24T16:21:26.161444893Z	186010	isuconquest.go.service	1	1.063659	0.531830	0.960725	0.103035	37466112	0.965810	42229760	0.000000	0.000000	6
186	2026-09-24T16:21:26.161444893Z	186010	nginx.service	1	0.000000	0.000000	0.000000	0.000000	5873664	0.151413	9048064	0.000000	0.000000	3
186	2026-09-24T16:21:26.161444893Z	186010	mysql.service	1	1.079765	0.539882	0.261388	0.818376	1676333056	43.212883	2171797504	0.000000	0.000000	43
187	2026-09-24T16:21:27.162066484Z	187011	isuconquest.go.service	1	1.103314	0.551657	0.074953	1.028361	37330944	0.962325	42229760	0.000000	0.000000	6
187	2026-09-24T16:21:27.162066484Z	187011	nginx.service	1	0.000000	0.000000	0.000000	0.000000	5873664	0.151413	9048064	0.000000	0.000000	3
187	2026-09-24T16:21:27.162066484Z	187011	mysql.service	1	1.063039	0.531520	1.063139	0.000000	1676328960	43.212777	2171797504	0.000000	0.000000	43
188	2026-09-24T16:21:28.161725454Z	188011	isuconquest.go.service	1	1.154994	0.577497	1.031052	0.123842	37330944	0.962325	42229760	0.000000	0.000000	6
188	2026-09-24T16:21:28.161725454Z	188011	nginx.service	1	0.000000	0.000000	0.000000	0.000000	5873664	0.151413	9048064	0.000000	0.000000	3
188	2026-09-24T16:21:28.161725454Z	188011	mysql.service	1	1.107678	0.553839	1.107678	0.000000	1676333056	43.212883	2171797504	0.000000	0.000000	43
189	2026-09-24T16:21:29.161376713Z	189010	isuconquest.go.service	1	1.114289	0.557144	1.114389	0.000000	37462016	0.965704	42229760	0.000000	0.000000	6
189	2026-09-24T16:21:29.161376713Z	189010	nginx.service	1	0.000000	0.000000	0.000000	0.000000	5873664	0.151413	9048064	0.000000	0.000000	3
189	2026-09-24T16:21:29.161376713Z	189010	mysql.service	1	1.095382	0.547691	1.080277	0.015005	1676333056	43.212883	2171797504	0.000000	0.000000	43
190	2026-09-24T16:21:30.161855026Z	190011	isuconquest.go.service	1	1.102373	0.551186	0.215097	0.887276	37330944	0.962325	42229760	0.000000	0.000000	6
190	2026-09-24T16:21:30.161855026Z	190011	nginx.service	1	0.000000	0.000000	0.000000	0.000000	5873664	0.151413	9048064	0.000000	0.000000	3
190	2026-09-24T16:21:30.161855026Z	190011	mysql.service	1	1.053196	0.526598	0.953644	0.099552	1676328960	43.212777	2171797504	0.000000	0.000000	43
191	2026-09-24T16:21:31.161230995Z	191010	isuconquest.go.service	1	1.043351	0.521676	1.043251	0.000000	37330944	0.962325	42229760	0.000000	0.000000	6
191	2026-09-24T16:21:31.161230995Z	191010	nginx.service	1	0.000000	0.000000	0.000000	0.000000	5873664	0.151413	9048064	0.000000	0.000000	3
191	2026-09-24T16:21:31.161230995Z	191010	mysql.service	1	1.166428	0.583214	0.290982	0.875446	1676333056	43.212883	2171797504	0.000000	0.000000	43
192	2026-09-24T16:21:32.161861266Z	192011	isuconquest.go.service	1	1.083917	0.541958	1.083917	0.000000	37330944	0.962325	42229760	0.000000	0.000000	6
192	2026-09-24T16:21:32.161861266Z	192011	nginx.service	1	0.000000	0.000000	0.000000	0.000000	5873664	0.151413	9048064	0.000000	0.000000	3
192	2026-09-24T16:21:32.161861266Z	192011	mysql.service	1	1.021656	0.510828	1.002568	0.019088	1676328960	43.212777	2171797504	0.000000	0.000000	43
193	2026-09-24T16:21:33.161515398Z	193010	isuconquest.go.service	1	1.184210	0.592105	0.768466	0.415744	37330944	0.962325	42229760	0.000000	0.000000	6
193	2026-09-24T16:21:33.161515398Z	193010	nginx.service	1	0.000000	0.000000	0.000000	0.000000	5873664	0.151413	9048064	0.000000	0.000000	3
193	2026-09-24T16:21:33.161515398Z	193010	mysql.service	1	1.063368	0.531684	1.037459	0.025909	1676328960	43.212777	2171797504	0.000000	0.000000	43
194	2026-09-24T16:21:34.162145986Z	194011	isuconquest.go.service	1	0.976084	0.488042	0.000000	0.976184	37330944	0.962325	42229760	0.000000	0.000000	6
194	2026-09-24T16:21:34.162145986Z	194011	nginx.service	1	0.000000	0.000000	0.000000	0.000000	5873664	0.151413	9048064	0.000000	0.000000	3
194	2026-09-24T16:21:34.162145986Z	194011	mysql.service	1	1.044242	0.522121	0.568042	0.476200	1676328960	43.212777	2171797504	0.000000	0.000000	43
195	2026-09-24T16:21:35.161750318Z	195011	isuconquest.go.service	1	1.117242	0.558621	0.854138	0.263104	37466112	0.965810	42229760	0.000000	0.000000	6
195	2026-09-24T16:21:35.161750318Z	195011	nginx.service	1	0.000000	0.000000	0.000000	0.000000	5873664	0.151413	9048064	0.000000	0.000000	3
195	2026-09-24T16:21:35.161750318Z	195011	mysql.service	1	1.033009	0.516504	1.012301	0.020808	1676333056	43.212883	2171797504	0.000000	0.000000	43
196	2026-09-24T16:21:36.161228986Z	196010	isuconquest.go.service	1	1.012828	0.506414	0.140273	0.872555	37335040	0.962431	42229760	0.000000	0.000000	6
196	2026-09-24T16:21:36.161228986Z	196010	nginx.service	1	0.000000	0.000000	0.000000	0.000000	5873664	0.151413	9048064	0.000000	0.000000	3
196	2026-09-24T16:21:36.161228986Z	196010	mysql.service	1	1.077862	0.538931	1.077862	0.000000	1676328960	43.212777	2171797504	0.000000	0.000000	43
197	2026-09-24T16:21:37.161241129Z	197010	isuconquest.go.service	1	1.093387	0.546693	0.528294	0.564993	37339136	0.962536	42229760	0.000000	0.000000	6
197	2026-09-24T16:21:37.161241129Z	197010	nginx.service	1	0.000000	0.000000	0.000000	0.000000	5873664	0.151413	9048064	0.000000	0.000000	3
197	2026-09-24T16:21:37.161241129Z	197010	mysql.service	1	1.039487	0.519744	1.039387	0.000000	1676328960	43.212777	2171797504	0.000000	0.000000	43
198	2026-09-24T16:21:38.16187255Z	198011	isuconquest.go.service	1	1.158868	0.579434	0.709152	0.449816	37339136	0.962536	42229760	0.000000	0.000000	6
198	2026-09-24T16:21:38.16187255Z	198011	nginx.service	1	0.000000	0.000000	0.000000	0.000000	5873664	0.151413	9048064	0.000000	0.000000	3
198	2026-09-24T16:21:38.16187255Z	198011	mysql.service	1	1.031948	0.515974	0.507679	0.524269	1676328960	43.212777	2171797504	0.000000	0.000000	43
199	2026-09-24T16:21:39.161543364Z	199010	isuconquest.go.service	1	1.009432	0.504716	0.333710	0.675722	37335040	0.962431	42229760	0.000000	0.000000	6
199	2026-09-24T16:21:39.161543364Z	199010	nginx.service	1	0.000000	0.000000	0.000000	0.000000	5873664	0.151413	9048064	0.000000	0.000000	3
199	2026-09-24T16:21:39.161543364Z	199010	mysql.service	1	1.042543	0.521272	0.869486	0.173157	1676328960	43.212777	2171797504	0.000000	0.000000	43
200	2026-09-24T16:21:40.161191881Z	200010	isuconquest.go.service	1	1.056471	0.528236	0.818788	0.237684	37470208	0.965915	42229760	0.000000	0.000000	6
200	2026-09-24T16:21:40.161191881Z	200010	nginx.service	1	0.000000	0.000000	0.000000	0.000000	5873664	0.151413	9048064	0.000000	0.000000	3
200	2026-09-24T16:21:40.161191881Z	200010	mysql.service	1	1.100787	0.550393	0.690243	0.410544	1676328960	43.212777	2171797504	0.000000	0.000000	43
201	2026-09-24T16:21:41.161897319Z	201011	isuconquest.go.service	1	1.045462	0.522731	0.941136	0.104326	37335040	0.962431	42229760	0.000000	0.000000	6
201	2026-09-24T16:21:41.161897319Z	201011	nginx.service	1	0.000000	0.000000	0.000000	0.000000	5873664	0.151413	9048064	0.000000	0.000000	3
201	2026-09-24T16:21:41.161897319Z	201011	mysql.service	1	1.187662	0.593831	0.690113	0.497549	1676328960	43.212777	2171797504	0.000000	0.000000	43
202	2026-09-24T16:21:42.161655121Z	202011	isuconquest.go.service	1	1.099666	0.549833	0.000000	1.099566	37335040	0.962431	42229760	0.000000	0.000000	6
202	2026-09-24T16:21:42.161655121Z	202011	nginx.service	1	0.000000	0.000000	0.000000	0.000000	5873664	0.151413	9048064	0.000000	0.000000	3
202	2026-09-24T16:21:42.161655121Z	202011	mysql.service	1	1.026349	0.513174	1.006544	0.019705	1676333056	43.212883	2171797504	0.000000	0.000000	43
203	2026-09-24T16:21:43.161404356Z	203010	isuconquest.go.service	1	1.099776	0.549888	0.000000	1.099776	37339136	0.962536	42229760	0.000000	0.000000	6
203	2026-09-24T16:21:43.161404356Z	203010	nginx.service	1	0.000000	0.000000	0.000000	0.000000	5873664	0.151413	9048064	0.000000	0.000000	3
203	2026-09-24T16:21:43.161404356Z	203010	mysql.service	1	1.053764	0.526882	1.053864	0.000000	1676333056	43.212883	2171797504	0.000000	0.000000	43
204	2026-09-24T16:21:44.16209793Z	204011	isuconquest.go.service	1	1.220953	0.610477	0.000000	1.220953	37343232	0.962642	42229760	0.000000	0.000000	6
204	2026-09-24T16:21:44.16209793Z	204011	nginx.service	1	0.000000	0.000000	0.000000	0.000000	5873664	0.151413	9048064	0.000000	0.000000	3
204	2026-09-24T16:21:44.16209793Z	204011	mysql.service	1	1.009100	0.504550	1.009000	0.000000	1676328960	43.212777	2171797504	0.000000	0.000000	43
205	2026-09-24T16:21:45.161821197Z	205011	isuconquest.go.service	1	1.133914	0.566957	0.000000	1.133914	37339136	0.962536	42229760	0.000000	0.000000	6
205	2026-09-24T16:21:45.161821197Z	205011	nginx.service	1	0.000000	0.000000	0.000000	0.000000	5873664	0.151413	9048064	0.000000	0.000000	3
205	2026-09-24T16:21:45.161821197Z	205011	mysql.service	1	1.081899	0.540950	0.784017	0.297982	1676333056	43.212883	2171797504	0.000000	0.000000	43
206	2026-09-24T16:21:46.161229584Z	206010	isuconquest.go.service	1	1.028709	0.514354	0.200819	0.827890	37339136	0.962536	42229760	0.000000	0.000000	6
206	2026-09-24T16:21:46.161229584Z	206010	nginx.service	1	0.000000	0.000000	0.000000	0.000000	5873664	0.151413	9048064	0.000000	0.000000	3
206	2026-09-24T16:21:46.161229584Z	206010	mysql.service	1	1.082140	0.541070	1.053223	0.028917	1676328960	43.212777	2171797504	0.000000	0.000000	43
207	2026-09-24T16:21:47.161931315Z	207011	isuconquest.go.service	1	1.100728	0.550364	0.674227	0.426601	37339136	0.962536	42229760	0.000000	0.000000	6
207	2026-09-24T16:21:47.161931315Z	207011	nginx.service	1	0.000000	0.000000	0.000000	0.000000	5873664	0.151413	9048064	0.000000	0.000000	3
207	2026-09-24T16:21:47.161931315Z	207011	mysql.service	1	1.015587	0.507794	0.997400	0.018087	1676333056	43.212883	2171797504	0.000000	0.000000	43
208	2026-09-24T16:21:48.16165683Z	208011	isuconquest.go.service	1	1.132811	0.566405	0.863737	0.268974	37339136	0.962536	42229760	0.000000	0.000000	6
208	2026-09-24T16:21:48.16165683Z	208011	nginx.service	1	0.000000	0.000000	0.000000	0.000000	5873664	0.151413	9048064	0.000000	0.000000	3
208	2026-09-24T16:21:48.16165683Z	208011	mysql.service	1	1.014178	0.507089	0.164345	0.849933	1676328960	43.212777	2171797504	0.000000	0.000000	43
209	2026-09-24T16:21:49.161381096Z	209010	isuconquest.go.service	1	1.082098	0.541049	0.385506	0.696592	37339136	0.962536	42229760	0.000000	0.000000	6
209	2026-09-24T16:21:49.161381096Z	209010	nginx.service	1	0.000000	0.000000	0.000000	0.000000	5873664	0.151413	9048064	0.000000	0.000000	3
209	2026-09-24T16:21:49.161381096Z	209010	mysql.service	1	1.041587	0.520793	1.019281	0.022206	1676328960	43.212777	2171797504	0.000000	0.000000	43
210	2026-09-24T16:21:50.162076083Z	210011	isuconquest.go.service	1	1.150301	0.575150	0.574701	0.575600	37339136	0.962536	42229760	0.000000	0.000000	6
210	2026-09-24T16:21:50.162076083Z	210011	nginx.service	1	0.000000	0.000000	0.000000	0.000000	5873664	0.151413	9048064	0.000000	0.000000	3
210	2026-09-24T16:21:50.162076083Z	210011	mysql.service	1	1.052069	0.526035	1.052069	0.000000	1676328960	43.212777	2171797504	0.000000	0.000000	43
211	2026-09-24T16:21:51.161817873Z	211011	isuconquest.go.service	1	1.072577	0.536288	0.815511	0.257166	37339136	0.962536	42229760	0.000000	0.000000	6
211	2026-09-24T16:21:51.161817873Z	211011	nginx.service	1	0.000000	0.000000	0.000000	0.000000	5873664	0.151413	9048064	0.000000	0.000000	3
211	2026-09-24T16:21:51.161817873Z	211011	mysql.service	1	1.128491	0.564246	1.128491	0.000000	1676328960	43.212777	2171797504	0.000000	0.000000	43
212	2026-09-24T16:21:52.161525152Z	212010	isuconquest.go.service	1	1.073014	0.536507	0.516851	0.556163	37339136	0.962536	42229760	0.000000	0.000000	6
212	2026-09-24T16:21:52.161525152Z	212010	nginx.service	1	0.000000	0.000000	0.000000	0.000000	5873664	0.151413	9048064	0.000000	0.000000	3
212	2026-09-24T16:21:52.161525152Z	212010	mysql.service	1	1.038304	0.519152	1.038304	0.000000	1676328960	43.212777	2171797504	0.000000	0.000000	43
213	2026-09-24T16:21:53.161263361Z	213010	isuconquest.go.service	1	1.136297	0.568149	0.862826	0.273372	37339136	0.962536	42229760	0.000000	0.000000	6
213	2026-09-24T16:21:53.161263361Z	213010	nginx.service	1	0.000000	0.000000	0.000000	0.000000	5873664	0.151413	9048064	0.000000	0.000000	3
213	2026-09-24T16:21:53.161263361Z	213010	mysql.service	1	1.035071	0.517535	1.035071	0.000000	1676333056	43.212883	2171797504	0.000000	0.000000	43
214	2026-09-24T16:21:54.16196689Z	214011	isuconquest.go.service	1	1.038369	0.519185	0.788645	0.249824	37339136	0.962536	42229760	0.000000	0.000000	6
214	2026-09-24T16:21:54.16196689Z	214011	nginx.service	1	0.000000	0.000000	0.000000	0.000000	5873664	0.151413	9048064	0.000000	0.000000	3
214	2026-09-24T16:21:54.16196689Z	214011	mysql.service	1	1.010189	0.505095	1.010189	0.000000	1676328960	43.212777	2171797504	0.000000	0.000000	43
215	2026-09-24T16:21:55.161823723Z	215011	isuconquest.go.service	1	1.089156	0.544578	1.089156	0.000000	37355520	0.962959	42229760	0.000000	0.000000	6
215	2026-09-24T16:21:55.161823723Z	215011	nginx.service	1	0.000000	0.000000	0.000000	0.000000	5873664	0.151413	9048064	0.000000	0.000000	3
215	2026-09-24T16:21:55.161823723Z	215011	mysql.service	1	1.108459	0.554229	1.108459	0.000000	1676328960	43.212777	2171797504	0.000000	0.000000	43
216	2026-09-24T16:21:56.161540749Z	216010	isuconquest.go.service	1	1.020889	0.510444	0.490239	0.530650	37462016	0.965704	42229760	0.000000	0.000000	6
216	2026-09-24T16:21:56.161540749Z	216010	nginx.service	1	0.000000	0.000000	0.000000	0.000000	5873664	0.151413	9048064	0.000000	0.000000	3
216	2026-09-24T16:21:56.161540749Z	216010	mysql.service	1	1.046796	0.523398	1.046796	0.000000	1676328960	43.212777	2171797504	0.000000	0.000000	43
217	2026-09-24T16:21:57.161191282Z	217010	isuconquest.go.service	1	1.112889	0.556444	0.985244	0.127645	37568512	0.968449	42229760	0.000000	0.000000	6
217	2026-09-24T16:21:57.161191282Z	217010	nginx.service	1	0.000000	0.000000	0.000000	0.000000	5873664	0.151413	9048064	0.000000	0.000000	3
217	2026-09-24T16:21:57.161191282Z	217010	mysql.service	1	1.016555	0.508278	0.593307	0.423248	1676328960	43.212777	2171797504	0.000000	0.000000	43
218	2026-09-24T16:21:58.16190537Z	218011	isuconquest.go.service	1	1.104611	0.552306	1.104611	0.000000	37670912	0.971089	42229760	0.000000	0.000000	6
218	2026-09-24T16:21:58.16190537Z	218011	nginx.service	1	0.000000	0.000000	0.000000	0.000000	5873664	0.151413	9048064	0.000000	0.000000	3
218	2026-09-24T16:21:58.16190537Z	218011	mysql.service	1	1.090221	0.545111	1.059743	0.030478	1676328960	43.212777	2171797504	0.000000	0.000000	43
219	2026-09-24T16:21:59.161231002Z	219010	isuconquest.go.service	1	0.984164	0.492082	0.984164	0.000000	37666816	0.970983	42229760	0.000000	0.000000	6
219	2026-09-24T16:21:59.161231002Z	219010	nginx.service	1	0.000000	0.000000	0.000000	0.000000	5873664	0.151413	9048064	0.000000	0.000000	3
219	2026-09-24T16:21:59.161231002Z	219010	mysql.service	1	1.036599	0.518300	1.015285	0.021414	1676328960	43.212777	2171797504	0.000000	0.000000	43
220	2026-09-24T16:22:00.161924413Z	220011	isuconquest.go.service	1	1.030386	0.515193	0.979721	0.050665	37666816	0.970983	42229760	0.000000	0.000000	6
220	2026-09-24T16:22:00.161924413Z	220011	nginx.service	1	0.000000	0.000000	0.000000	0.000000	5873664	0.151413	9048064	0.000000	0.000000	3
220	2026-09-24T16:22:00.161924413Z	220011	mysql.service	1	1.045075	0.522538	0.643953	0.401022	1676328960	43.212777	2171797504	0.000000	0.000000	43
221	2026-09-24T16:22:01.161686888Z	221011	isuconquest.go.service	1	1.071754	0.535877	0.650454	0.421200	37675008	0.971195	42229760	0.000000	0.000000	6
221	2026-09-24T16:22:01.161686888Z	221011	nginx.service	1	0.000000	0.000000	0.000000	0.000000	5873664	0.151413	9048064	0.000000	0.000000	3
221	2026-09-24T16:22:01.161686888Z	221011	mysql.service	1	1.146072	0.573036	1.146072	0.000000	1676333056	43.212883	2171797504	0.000000	0.000000	43
222	2026-09-24T16:22:02.161629481Z	222011	isuconquest.go.service	1	1.215070	0.607535	1.064062	0.151009	37351424	0.962853	42229760	0.000000	0.000000	6
222	2026-09-24T16:22:02.161629481Z	222011	nginx.service	1	0.000000	0.000000	0.000000	0.000000	5873664	0.151413	9048064	0.000000	0.000000	3
222	2026-09-24T16:22:02.161629481Z	222011	mysql.service	1	1.092263	0.546132	1.092363	0.000000	1676328960	43.212777	2171797504	0.000000	0.000000	43
223	2026-09-24T16:22:03.161336807Z	223010	isuconquest.go.service	1	1.011196	0.505598	0.325795	0.685400	37347328	0.962748	42229760	0.000000	0.000000	6
223	2026-09-24T16:22:03.161336807Z	223010	nginx.service	1	0.000000	0.000000	0.000000	0.000000	5873664	0.151413	9048064	0.000000	0.000000	3
223	2026-09-24T16:22:03.161336807Z	223010	mysql.service	1	1.040004	0.520002	1.040004	0.000000	1676328960	43.212777	2171797504	0.000000	0.000000	43
224	2026-09-24T16:22:04.162017949Z	224011	isuconquest.go.service	1	1.015908	0.507954	0.027181	0.988827	37347328	0.962748	42229760	0.000000	0.000000	6
224	2026-09-24T16:22:04.162017949Z	224011	nginx.service	1	0.000000	0.000000	0.000000	0.000000	5873664	0.151413	9048064	0.000000	0.000000	3
224	2026-09-24T16:22:04.162017949Z	224011	mysql.service	1	1.073269	0.536635	1.073169	0.000000	1676328960	43.212777	2171797504	0.000000	0.000000	43
225	2026-09-24T16:22:05.161741629Z	225011	isuconquest.go.service	1	1.201432	0.600716	0.610269	0.591163	37347328	0.962748	42229760	0.000000	0.000000	6
225	2026-09-24T16:22:05.161741629Z	225011	nginx.service	1	0.000000	0.000000	0.000000	0.000000	5873664	0.151413	9048064	0.000000	0.000000	3
225	2026-09-24T16:22:05.161741629Z	225011	mysql.service	1	1.024983	0.512492	1.024983	0.000000	1676328960	43.212777	2171797504	0.000000	0.000000	43
226	2026-09-24T16:22:06.161464492Z	226010	isuconquest.go.service	1	1.082100	0.541050	0.960966	0.121034	37347328	0.962748	42229760	0.000000	0.000000	6
226	2026-09-24T16:22:06.161464492Z	226010	nginx.service	1	0.000000	0.000000	0.000000	0.000000	5873664	0.151413	9048064	0.000000	0.000000	3
226	2026-09-24T16:22:06.161464492Z	226010	mysql.service	1	1.047490	0.523745	1.047590	0.000000	1676328960	43.212777	2171797504	0.000000	0.000000	43
227	2026-09-24T16:22:07.161298834Z	227010	isuconquest.go.service	1	1.101182	0.550591	1.101282	0.000000	37478400	0.966126	42229760	0.000000	0.000000	6
227	2026-09-24T16:22:07.161298834Z	227010	nginx.service	1	0.000000	0.000000	0.000000	0.000000	5873664	0.151413	9048064	0.000000	0.000000	3
227	2026-09-24T16:22:07.161298834Z	227010	mysql.service	1	1.025470	0.512735	1.025470	0.000000	1676333056	43.212883	2171797504	0.000000	0.000000	43
228	2026-09-24T16:22:08.16214851Z	228011	isuconquest.go.service	1	1.223660	0.611830	0.923116	0.300545	37351424	0.962853	42229760	0.000000	0.000000	6
228	2026-09-24T16:22:08.16214851Z	228011	nginx.service	1	0.000000	0.000000	0.000000	0.000000	5873664	0.151413	9048064	0.000000	0.000000	3
228	2026-09-24T16:22:08.16214851Z	228011	mysql.service	1	1.071689	0.535845	0.709497	0.362192	1676333056	43.212883	2171797504	0.000000	0.000000	43
229	2026-09-24T16:22:09.161231682Z	229010	isuconquest.go.service	1	1.027442	0.513721	0.779414	0.248027	37347328	0.962748	42229760	0.000000	0.000000	6
229	2026-09-24T16:22:09.161231682Z	229010	nginx.service	1	0.000000	0.000000	0.000000	0.000000	5873664	0.151413	9048064	0.000000	0.000000	3
229	2026-09-24T16:22:09.161231682Z	229010	mysql.service	1	1.016732	0.508366	0.923246	0.093386	1676328960	43.212777	2171797504	0.000000	0.000000	43
230	2026-09-24T16:22:10.161943215Z	230011	isuconquest.go.service	1	1.070838	0.535419	0.932337	0.138501	37351424	0.962853	42229760	0.000000	0.000000	6
230	2026-09-24T16:22:10.161943215Z	230011	nginx.service	1	0.000000	0.000000	0.000000	0.000000	5873664	0.151413	9048064	0.000000	0.000000	3
230	2026-09-24T16:22:10.161943215Z	230011	mysql.service	1	1.100917	0.550458	1.101017	0.000000	1676333056	43.212883	2171797504	0.000000	0.000000	43
231	2026-09-24T16:22:11.161643268Z	231011	isuconquest.go.service	1	1.165550	0.582775	0.425928	0.739622	37347328	0.962748	42229760	0.000000	0.000000	6
231	2026-09-24T16:22:11.161643268Z	231011	nginx.service	1	0.000000	0.000000	0.000000	0.000000	5873664	0.151413	9048064	0.000000	0.000000	3
231	2026-09-24T16:22:11.161643268Z	231011	mysql.service	1	1.150645	0.575323	0.850255	0.300390	1676328960	43.212777	2171797504	0.000000	0.000000	43
232	2026-09-24T16:22:12.16119452Z	232010	isuconquest.go.service	1	1.129207	0.564603	0.557450	0.571657	37494784	0.966549	42229760	0.000000	0.000000	6
232	2026-09-24T16:22:12.16119452Z	232010	nginx.service	1	0.000000	0.000000	0.000000	0.000000	5873664	0.151413	9048064	0.000000	0.000000	3
232	2026-09-24T16:22:12.16119452Z	232010	mysql.service	1	1.034964	0.517482	0.559951	0.475013	1676333056	43.212883	2171797504	0.000000	0.000000	43
233	2026-09-24T16:22:13.161879501Z	233011	isuconquest.go.service	1	1.113138	0.556569	0.842423	0.270715	37502976	0.966760	42229760	0.000000	0.000000	6
233	2026-09-24T16:22:13.161879501Z	233011	nginx.service	1	0.000000	0.000000	0.000000	0.000000	5873664	0.151413	9048064	0.000000	0.000000	3
233	2026-09-24T16:22:13.161879501Z	233011	mysql.service	1	1.033292	0.516646	1.012207	0.020986	1676328960	43.212777	2171797504	0.000000	0.000000	43
234	2026-09-24T16:22:14.161599327Z	234010	isuconquest.go.service	1	1.040191	0.520096	0.928260	0.112031	37601280	0.969294	42229760	0.000000	0.000000	6
234	2026-09-24T16:22:14.161599327Z	234010	nginx.service	1	0.000000	0.000000	0.000000	0.000000	5873664	0.151413	9048064	0.000000	0.000000	3
234	2026-09-24T16:22:14.161599327Z	234010	mysql.service	1	1.029488	0.514744	0.555456	0.474033	1676328960	43.212777	2171797504	0.000000	0.000000	43
235	2026-09-24T16:22:15.161315856Z	235010	isuconquest.go.service	1	1.137322	0.568661	0.861144	0.276178	37679104	0.971300	42229760	0.000000	0.000000	6
235	2026-09-24T16:22:15.161315856Z	235010	nginx.service	1	0.000000	0.000000	0.000000	0.000000	5873664	0.151413	9048064	0.000000	0.000000	3
235	2026-09-24T16:22:15.161315856Z	235010	mysql.service	1	1.066602	0.533301	1.066602	0.000000	1676328960	43.212777	2171797504	0.000000	0.000000	43
236	2026-09-24T16:22:16.162010502Z	236011	isuconquest.go.service	1	1.001604	0.500802	0.318079	0.683525	37675008	0.971195	42229760	0.000000	0.000000	6
236	2026-09-24T16:22:16.162010502Z	236011	nginx.service	1	0.000000	0.000000	0.000000	0.000000	5873664	0.151413	9048064	0.000000	0.000000	3
236	2026-09-24T16:22:16.162010502Z	236011	mysql.service	1	1.043575	0.521788	0.691719	0.351956	1676328960	43.212777	2171797504	0.000000	0.000000	43
237	2026-09-24T16:22:17.161639882Z	237011	isuconquest.go.service	1	1.114913	0.557457	1.114913	0.000000	37675008	0.971195	42229760	0.000000	0.000000	6
237	2026-09-24T16:22:17.161639882Z	237011	nginx.service	1	0.000000	0.000000	0.000000	0.000000	5873664	0.151413	9048064	0.000000	0.000000	3
237	2026-09-24T16:22:17.161639882Z	237011	mysql.service	1	1.024680	0.512340	0.626732	0.397947	1676328960	43.212777	2171797504	0.000000	0.000000	43
238	2026-09-24T16:22:18.161377528Z	238010	isuconquest.go.service	1	0.990360	0.495180	0.903237	0.087123	37675008	0.971195	42229760	0.000000	0.000000	6
238	2026-09-24T16:22:18.161377528Z	238010	nginx.service	1	0.000000	0.000000	0.000000	0.000000	5873664	0.151413	9048064	0.000000	0.000000	3
238	2026-09-24T16:22:18.161377528Z	238010	mysql.service	1	1.030870	0.515435	0.556546	0.474224	1676328960	43.212777	2171797504	0.000000	0.000000	43
239	2026-09-24T16:22:19.162063076Z	239011	isuconquest.go.service	1	1.066369	0.533184	1.066269	0.000000	37679104	0.971300	42229760	0.000000	0.000000	6
239	2026-09-24T16:22:19.162063076Z	239011	nginx.service	1	0.000000	0.000000	0.000000	0.000000	5873664	0.151413	9048064	0.000000	0.000000	3
239	2026-09-24T16:22:19.162063076Z	239011	mysql.service	1	1.038988	0.519494	0.714310	0.324777	1676328960	43.212777	2171797504	0.000000	0.000000	43
240	2026-09-24T16:22:20.161781197Z	240011	isuconquest.go.service	1	1.019387	0.509694	0.796424	0.223063	37675008	0.971195	42229760	0.000000	0.000000	6
240	2026-09-24T16:22:20.161781197Z	240011	nginx.service	1	0.000000	0.000000	0.000000	0.000000	5873664	0.151413	9048064	0.000000	0.000000	3
240	2026-09-24T16:22:20.161781197Z	240011	mysql.service	1	1.042794	0.521397	0.641781	0.400913	1676328960	43.212777	2171797504	0.000000	0.000000	43
241	2026-09-24T16:22:21.161486707Z	241010	isuconquest.go.service	1	1.249268	0.624634	1.087720	0.161548	37613568	0.969611	42229760	0.000000	0.000000	6
241	2026-09-24T16:22:21.161486707Z	241010	nginx.service	1	0.000000	0.000000	0.000000	0.000000	5873664	0.151413	9048064	0.000000	0.000000	3
241	2026-09-24T16:22:21.161486707Z	241010	mysql.service	1	1.144737	0.572369	0.651692	0.493145	1676328960	43.212777	2171797504	0.000000	0.000000	43
