2026-09-24T17:00:58.297345847Z	BENCHMARK_START
[ADMIN] 17:00:58.359685 benchmarker --target-host=172.31.45.101 --request-timeout=10s --initialize-request-timeout=1m0s --exit-error-on-fail=true --stage=prod --max-parallelism=100 --prepare-only=false
17:01:29.072121 [ValidationScenario] 整合性チェックを開始します
[ADMIN] 17:01:29.072108 [LANGUAGE] go
17:01:29.466588 整合性チェック Request:POST /login (日跨ぎ前）
17:01:29.487088 整合性チェック Request:POST /login (日跨ぎ後）
17:01:29.493582 整合性チェック Request:POST /admin/login 失敗の場合
17:01:29.567249 整合性チェック Request:POST /admin/login
17:01:29.640370 整合性チェック Request:GET /admin/user/{userID}
17:01:29.797091 整合性チェック Request:POST /login 失敗の場合
17:01:29.798888 整合性チェック Request:POST /user
17:01:29.808135 整合性チェック Request:POST /login
17:01:29.814103 整合性チェック Request:GET /user/{userId}/home セッション無効の場合
17:01:29.815740 整合性チェック Request:GET /user/{userId}/home
17:01:29.818746 整合性チェック Request:GET /user/{userId}/home 他人のホーム表示の場合
17:01:29.820312 整合性チェック Request:POST /user/{userId}/reward
17:01:29.822984 整合性チェック Request:POST /user/{userId}/card
17:01:29.828372 整合性チェック Request:GET /user/{userId}/item
17:01:29.831794 整合性チェック Request:POST /user/{userId}/addexp/{cardId}
17:01:29.841458 整合性チェック Request:GET /user/{userId}/present/index/:n
17:01:29.844738 整合性チェック Request:POST /user/{userId}/present/receive
17:01:29.893811 整合性チェック Request:GET /user/{userId}/gacha/index
17:01:29.899952 整合性チェック Request:POST /user/{userId}/gacha/draw/{gachaID}/10
17:01:29.910864 整合性チェック Request:GET /admin/master
17:01:29.922733 整合性チェック Request:POST /admin/user/{userID}/ban
17:01:29.924249 整合性チェック Request:POST /login Banの場合
17:01:29.925807 [ValidationScenario] 整合性チェックを終了します
17:01:29.925813 整合性チェックに成功しました！
17:01:29.925815 初期化処理が成功しました！
17:01:29.925832 アプリケーションへの負荷走行を開始します
[ADMIN] 17:01:29.925892 シナリオ走行を開始しました [シナリオ名: Banユーザログイン]
[ADMIN] 17:01:29.925954 シナリオ走行を開始しました [シナリオ名: ログイン]
[ADMIN] 17:01:29.925894 シナリオ走行を開始しました [シナリオ名: 新規ユーザー登録]
[ADMIN] 17:01:29.981222 シナリオ走行を終了しました [シナリオ名: ログイン]
[ADMIN] 17:01:29.981240 シナリオ走行を開始しました [シナリオ名: ログイン]
[ADMIN] 17:01:30.019609 シナリオ走行を終了しました [シナリオ名: 新規ユーザー登録]
[ADMIN] 17:01:30.019638 シナリオ走行を開始しました [シナリオ名: 新規ユーザー登録]
[ADMIN] 17:01:30.075395 シナリオ走行を終了しました [シナリオ名: ログイン]
[ADMIN] 17:01:30.075411 シナリオ走行を開始しました [シナリオ名: ログイン]
[ADMIN] 17:01:30.115729 シナリオ走行を終了しました [シナリオ名: 新規ユーザー登録]
[ADMIN] 17:01:30.115764 シナリオ走行を開始しました [シナリオ名: 新規ユーザー登録]
[ADMIN] 17:01:30.147640 シナリオ走行を終了しました [シナリオ名: ログイン]
[ADMIN] 17:01:30.147654 シナリオ走行を開始しました [シナリオ名: ログイン]
[ADMIN] 17:01:30.191799 シナリオ走行を終了しました [シナリオ名: 新規ユーザー登録]
[ADMIN] 17:01:30.191826 シナリオ走行を開始しました [シナリオ名: 新規ユーザー登録]
[ADMIN] 17:01:30.211272 シナリオ走行を終了しました [シナリオ名: ログイン]
[ADMIN] 17:01:30.211283 シナリオ走行を開始しました [シナリオ名: ログイン]
[ADMIN] 17:01:30.252941 シナリオ走行を終了しました [シナリオ名: ログイン]
[ADMIN] 17:01:30.252953 シナリオ走行を開始しました [シナリオ名: ログイン]
[ADMIN] 17:01:30.274764 シナリオ走行を終了しました [シナリオ名: 新規ユーザー登録]
[ADMIN] 17:01:30.274820 シナリオ走行を開始しました [シナリオ名: 新規ユーザー登録]
[ADMIN] 17:01:30.295832 シナリオ走行を終了しました [シナリオ名: ログイン]
[ADMIN] 17:01:30.295843 シナリオ走行を開始しました [シナリオ名: ログイン]
[ADMIN] 17:01:30.337155 シナリオ走行を終了しました [シナリオ名: ログイン]
[ADMIN] 17:01:30.337166 シナリオ走行を開始しました [シナリオ名: ログイン]
[ADMIN] 17:01:30.345781 シナリオ走行を終了しました [シナリオ名: 新規ユーザー登録]
[ADMIN] 17:01:30.345806 シナリオ走行を開始しました [シナリオ名: 新規ユーザー登録]
[ADMIN] 17:01:30.401272 シナリオ走行を終了しました [シナリオ名: ログイン]
[ADMIN] 17:01:30.401288 シナリオ走行を開始しました [シナリオ名: ログイン]
[ADMIN] 17:01:30.414978 シナリオ走行を終了しました [シナリオ名: 新規ユーザー登録]
[ADMIN] 17:01:30.415004 シナリオ走行を開始しました [シナリオ名: 新規ユーザー登録]
[ADMIN] 17:01:30.431273 シナリオ走行を終了しました [シナリオ名: Banユーザログイン]
[ADMIN] 17:01:30.431289 シナリオ走行を開始しました [シナリオ名: Banユーザログイン]
[ADMIN] 17:01:30.464459 シナリオ走行を終了しました [シナリオ名: ログイン]
[ADMIN] 17:01:30.464472 シナリオ走行を開始しました [シナリオ名: ログイン]
[ADMIN] 17:01:30.482501 シナリオ走行を終了しました [シナリオ名: 新規ユーザー登録]
[ADMIN] 17:01:30.482523 シナリオ走行を開始しました [シナリオ名: 新規ユーザー登録]
[ADMIN] 17:01:30.529896 シナリオ走行を終了しました [シナリオ名: ログイン]
[ADMIN] 17:01:30.529911 シナリオ走行を開始しました [シナリオ名: ログイン]
[ADMIN] 17:01:30.549779 シナリオ走行を終了しました [シナリオ名: 新規ユーザー登録]
[ADMIN] 17:01:30.549805 シナリオ走行を開始しました [シナリオ名: 新規ユーザー登録]
[ADMIN] 17:01:30.573156 シナリオ走行を終了しました [シナリオ名: ログイン]
[ADMIN] 17:01:30.573169 シナリオ走行を開始しました [シナリオ名: ログイン]
[ADMIN] 17:01:30.599171 シナリオ走行を終了しました [シナリオ名: 新規ユーザー登録]
[ADMIN] 17:01:30.599194 シナリオ走行を開始しました [シナリオ名: 新規ユーザー登録]
[ADMIN] 17:01:30.608014 シナリオ走行を終了しました [シナリオ名: ログイン]
[ADMIN] 17:01:30.608027 シナリオ走行を開始しました [シナリオ名: ログイン]
[ADMIN] 17:01:30.651665 シナリオ走行を終了しました [シナリオ名: 新規ユーザー登録]
[ADMIN] 17:01:30.651695 シナリオ走行を開始しました [シナリオ名: 新規ユーザー登録]
[ADMIN] 17:01:30.652731 シナリオ走行を終了しました [シナリオ名: ログイン]
[ADMIN] 17:01:30.652740 シナリオ走行を開始しました [シナリオ名: ログイン]
[ADMIN] 17:01:30.695035 シナリオ走行を終了しました [シナリオ名: ログイン]
[ADMIN] 17:01:30.695055 シナリオ走行を開始しました [シナリオ名: ログイン]
[ADMIN] 17:01:30.702293 シナリオ走行を終了しました [シナリオ名: 新規ユーザー登録]
[ADMIN] 17:01:30.702314 シナリオ走行を開始しました [シナリオ名: 新規ユーザー登録]
[ADMIN] 17:01:30.718045 シナリオ走行を終了しました [シナリオ名: ログイン]
[ADMIN] 17:01:30.718056 シナリオ走行を開始しました [シナリオ名: ログイン]
[ADMIN] 17:01:30.755219 シナリオ走行を終了しました [シナリオ名: ログイン]
[ADMIN] 17:01:30.755232 シナリオ走行を開始しました [シナリオ名: ログイン]
[ADMIN] 17:01:30.772421 シナリオ走行を終了しました [シナリオ名: 新規ユーザー登録]
[ADMIN] 17:01:30.772457 シナリオ走行を開始しました [シナリオ名: 新規ユーザー登録]
[ADMIN] 17:01:30.797143 シナリオ走行を終了しました [シナリオ名: ログイン]
[ADMIN] 17:01:30.797155 シナリオ走行を開始しました [シナリオ名: ログイン]
[ADMIN] 17:01:30.823367 シナリオ走行を終了しました [シナリオ名: 新規ユーザー登録]
[ADMIN] 17:01:30.823394 シナリオ走行を開始しました [シナリオ名: 新規ユーザー登録]
[ADMIN] 17:01:30.840919 シナリオ走行を終了しました [シナリオ名: ログイン]
[ADMIN] 17:01:30.840934 シナリオ走行を開始しました [シナリオ名: ログイン]
[ADMIN] 17:01:30.873246 シナリオ走行を終了しました [シナリオ名: 新規ユーザー登録]
[ADMIN] 17:01:30.873268 シナリオ走行を開始しました [シナリオ名: 新規ユーザー登録]
[ADMIN] 17:01:30.880840 シナリオ走行を終了しました [シナリオ名: ログイン]
[ADMIN] 17:01:30.880853 シナリオ走行を開始しました [シナリオ名: ログイン]
[ADMIN] 17:01:30.923379 シナリオ走行を終了しました [シナリオ名: ログイン]
[ADMIN] 17:01:30.923395 シナリオ走行を開始しました [シナリオ名: ログイン]
[ADMIN] 17:01:30.924371 シナリオ走行を終了しました [シナリオ名: 新規ユーザー登録]
[ADMIN] 17:01:30.924393 シナリオ走行を開始しました [シナリオ名: 新規ユーザー登録]
[ADMIN] 17:01:30.934767 シナリオ走行を終了しました [シナリオ名: Banユーザログイン]
[ADMIN] 17:01:30.934778 シナリオ走行を開始しました [シナリオ名: Banユーザログイン]
[ADMIN] 17:01:30.951360 シナリオ走行を終了しました [シナリオ名: ログイン]
[ADMIN] 17:01:30.951374 シナリオ走行を開始しました [シナリオ名: ログイン]
[ADMIN] 17:01:30.978256 シナリオ走行を終了しました [シナリオ名: 新規ユーザー登録]
[ADMIN] 17:01:30.978282 シナリオ走行を開始しました [シナリオ名: 新規ユーザー登録]
[ADMIN] 17:01:30.993274 シナリオ走行を終了しました [シナリオ名: ログイン]
[ADMIN] 17:01:30.993285 シナリオ走行を開始しました [シナリオ名: ログイン]
[ADMIN] 17:01:31.049639 シナリオ走行を終了しました [シナリオ名: ログイン]
[ADMIN] 17:01:31.049655 シナリオ走行を開始しました [シナリオ名: ログイン]
[ADMIN] 17:01:31.054369 シナリオ走行を終了しました [シナリオ名: 新規ユーザー登録]
[ADMIN] 17:01:31.054391 シナリオ走行を開始しました [シナリオ名: 新規ユーザー登録]
[ADMIN] 17:01:31.082760 シナリオ走行を終了しました [シナリオ名: ログイン]
[ADMIN] 17:01:31.082773 シナリオ走行を開始しました [シナリオ名: ログイン]
[ADMIN] 17:01:31.112947 シナリオ走行を終了しました [シナリオ名: 新規ユーザー登録]
[ADMIN] 17:01:31.112982 シナリオ走行を開始しました [シナリオ名: 新規ユーザー登録]
[ADMIN] 17:01:31.127556 シナリオ走行を終了しました [シナリオ名: ログイン]
[ADMIN] 17:01:31.127568 シナリオ走行を開始しました [シナリオ名: ログイン]
[ADMIN] 17:01:31.170059 シナリオ走行を終了しました [シナリオ名: 新規ユーザー登録]
[ADMIN] 17:01:31.170085 シナリオ走行を開始しました [シナリオ名: 新規ユーザー登録]
[ADMIN] 17:01:31.173982 シナリオ走行を終了しました [シナリオ名: ログイン]
[ADMIN] 17:01:31.173993 シナリオ走行を開始しました [シナリオ名: ログイン]
[ADMIN] 17:01:31.200655 シナリオ走行を終了しました [シナリオ名: ログイン]
[ADMIN] 17:01:31.200669 シナリオ走行を開始しました [シナリオ名: ログイン]
[ADMIN] 17:01:31.223025 シナリオ走行を終了しました [シナリオ名: 新規ユーザー登録]
[ADMIN] 17:01:31.223049 シナリオ走行を開始しました [シナリオ名: 新規ユーザー登録]
[ADMIN] 17:01:31.239883 シナリオ走行を終了しました [シナリオ名: ログイン]
[ADMIN] 17:01:31.239901 シナリオ走行を開始しました [シナリオ名: ログイン]
[ADMIN] 17:01:31.273695 シナリオ走行を終了しました [シナリオ名: 新規ユーザー登録]
[ADMIN] 17:01:31.273721 シナリオ走行を開始しました [シナリオ名: 新規ユーザー登録]
[ADMIN] 17:01:31.276045 シナリオ走行を終了しました [シナリオ名: ログイン]
[ADMIN] 17:01:31.276054 シナリオ走行を開始しました [シナリオ名: ログイン]
[ADMIN] 17:01:31.310321 シナリオ走行を終了しました [シナリオ名: ログイン]
[ADMIN] 17:01:31.310336 シナリオ走行を開始しました [シナリオ名: ログイン]
[ADMIN] 17:01:31.326310 シナリオ走行を終了しました [シナリオ名: 新規ユーザー登録]
[ADMIN] 17:01:31.326330 シナリオ走行を開始しました [シナリオ名: 新規ユーザー登録]
[ADMIN] 17:01:31.355808 シナリオ走行を終了しました [シナリオ名: ログイン]
[ADMIN] 17:01:31.355819 シナリオ走行を開始しました [シナリオ名: ログイン]
[ADMIN] 17:01:31.375729 シナリオ走行を終了しました [シナリオ名: 新規ユーザー登録]
[ADMIN] 17:01:31.375754 シナリオ走行を開始しました [シナリオ名: 新規ユーザー登録]
[ADMIN] 17:01:31.393988 シナリオ走行を終了しました [シナリオ名: ログイン]
[ADMIN] 17:01:31.393999 シナリオ走行を開始しました [シナリオ名: ログイン]
[ADMIN] 17:01:31.431295 シナリオ走行を終了しました [シナリオ名: ログイン]
[ADMIN] 17:01:31.431308 シナリオ走行を開始しました [シナリオ名: ログイン]
[ADMIN] 17:01:31.437906 シナリオ走行を終了しました [シナリオ名: Banユーザログイン]
[ADMIN] 17:01:31.437919 シナリオ走行を開始しました [シナリオ名: Banユーザログイン]
[ADMIN] 17:01:31.441374 シナリオ走行を終了しました [シナリオ名: 新規ユーザー登録]
[ADMIN] 17:01:31.441389 シナリオ走行を開始しました [シナリオ名: 新規ユーザー登録]
[ADMIN] 17:01:31.458657 シナリオ走行を終了しました [シナリオ名: ログイン]
[ADMIN] 17:01:31.458667 シナリオ走行を開始しました [シナリオ名: ログイン]
[ADMIN] 17:01:31.497674 シナリオ走行を終了しました [シナリオ名: 新規ユーザー登録]
[ADMIN] 17:01:31.497704 シナリオ走行を開始しました [シナリオ名: 新規ユーザー登録]
[ADMIN] 17:01:31.502022 シナリオ走行を終了しました [シナリオ名: ログイン]
[ADMIN] 17:01:31.502035 シナリオ走行を開始しました [シナリオ名: ログイン]
[ADMIN] 17:01:31.540811 シナリオ走行を終了しました [シナリオ名: ログイン]
[ADMIN] 17:01:31.540829 シナリオ走行を開始しました [シナリオ名: ログイン]
[ADMIN] 17:01:31.549779 シナリオ走行を終了しました [シナリオ名: 新規ユーザー登録]
[ADMIN] 17:01:31.549802 シナリオ走行を開始しました [シナリオ名: 新規ユーザー登録]
[ADMIN] 17:01:31.568828 シナリオ走行を終了しました [シナリオ名: ログイン]
[ADMIN] 17:01:31.568842 シナリオ走行を開始しました [シナリオ名: ログイン]
[ADMIN] 17:01:31.596743 シナリオ走行を終了しました [シナリオ名: ログイン]
[ADMIN] 17:01:31.596757 シナリオ走行を開始しました [シナリオ名: ログイン]
[ADMIN] 17:01:31.602180 シナリオ走行を終了しました [シナリオ名: 新規ユーザー登録]
[ADMIN] 17:01:31.602199 シナリオ走行を開始しました [シナリオ名: 新規ユーザー登録]
[ADMIN] 17:01:31.625015 シナリオ走行を終了しました [シナリオ名: ログイン]
[ADMIN] 17:01:31.625030 シナリオ走行を開始しました [シナリオ名: ログイン]
[ADMIN] 17:01:31.650672 シナリオ走行を終了しました [シナリオ名: 新規ユーザー登録]
[ADMIN] 17:01:31.650696 シナリオ走行を開始しました [シナリオ名: 新規ユーザー登録]
[ADMIN] 17:01:31.659420 シナリオ走行を終了しました [シナリオ名: ログイン]
[ADMIN] 17:01:31.659429 シナリオ走行を開始しました [シナリオ名: ログイン]
[ADMIN] 17:01:31.699381 シナリオ走行を終了しました [シナリオ名: ログイン]
[ADMIN] 17:01:31.699392 シナリオ走行を開始しました [シナリオ名: ログイン]
[ADMIN] 17:01:31.703567 シナリオ走行を終了しました [シナリオ名: 新規ユーザー登録]
[ADMIN] 17:01:31.703589 シナリオ走行を開始しました [シナリオ名: 新規ユーザー登録]
[ADMIN] 17:01:31.761241 シナリオ走行を終了しました [シナリオ名: ログイン]
[ADMIN] 17:01:31.761257 シナリオ走行を開始しました [シナリオ名: ログイン]
[ADMIN] 17:01:31.770422 シナリオ走行を終了しました [シナリオ名: 新規ユーザー登録]
[ADMIN] 17:01:31.770447 シナリオ走行を開始しました [シナリオ名: 新規ユーザー登録]
[ADMIN] 17:01:31.797409 シナリオ走行を終了しました [シナリオ名: ログイン]
[ADMIN] 17:01:31.797422 シナリオ走行を開始しました [シナリオ名: ログイン]
[ADMIN] 17:01:31.824138 シナリオ走行を終了しました [シナリオ名: 新規ユーザー登録]
[ADMIN] 17:01:31.824165 シナリオ走行を開始しました [シナリオ名: 新規ユーザー登録]
[ADMIN] 17:01:31.844877 シナリオ走行を終了しました [シナリオ名: ログイン]
[ADMIN] 17:01:31.844889 シナリオ走行を開始しました [シナリオ名: ログイン]
[ADMIN] 17:01:31.876933 シナリオ走行を終了しました [シナリオ名: 新規ユーザー登録]
[ADMIN] 17:01:31.876954 シナリオ走行を開始しました [シナリオ名: 新規ユーザー登録]
[ADMIN] 17:01:31.878879 シナリオ走行を終了しました [シナリオ名: ログイン]
[ADMIN] 17:01:31.878890 シナリオ走行を開始しました [シナリオ名: ログイン]
[ADMIN] 17:01:31.905585 シナリオ走行を終了しました [シナリオ名: ログイン]
[ADMIN] 17:01:31.905598 シナリオ走行を開始しました [シナリオ名: ログイン]
[ADMIN] 17:01:31.931366 シナリオ走行を終了しました [シナリオ名: 新規ユーザー登録]
[ADMIN] 17:01:31.931386 シナリオ走行を開始しました [シナリオ名: 新規ユーザー登録]
[ADMIN] 17:01:31.940301 シナリオ走行を終了しました [シナリオ名: Banユーザログイン]
[ADMIN] 17:01:31.940319 シナリオ走行を開始しました [シナリオ名: Banユーザログイン]
[ADMIN] 17:01:31.950594 シナリオ走行を終了しました [シナリオ名: ログイン]
[ADMIN] 17:01:31.950606 シナリオ走行を開始しました [シナリオ名: ログイン]
[ADMIN] 17:01:31.982546 シナリオ走行を終了しました [シナリオ名: ログイン]
[ADMIN] 17:01:31.982560 シナリオ走行を開始しました [シナリオ名: ログイン]
[ADMIN] 17:01:31.991162 シナリオ走行を終了しました [シナリオ名: 新規ユーザー登録]
[ADMIN] 17:01:31.991179 シナリオ走行を開始しました [シナリオ名: 新規ユーザー登録]
[ADMIN] 17:01:32.030597 シナリオ走行を終了しました [シナリオ名: ログイン]
[ADMIN] 17:01:32.030637 シナリオ走行を開始しました [シナリオ名: ログイン]
[ADMIN] 17:01:32.051516 シナリオ走行を終了しました [シナリオ名: 新規ユーザー登録]
[ADMIN] 17:01:32.051542 シナリオ走行を開始しました [シナリオ名: 新規ユーザー登録]
[ADMIN] 17:01:32.063646 シナリオ走行を終了しました [シナリオ名: ログイン]
[ADMIN] 17:01:32.063656 シナリオ走行を開始しました [シナリオ名: ログイン]
[ADMIN] 17:01:32.110478 シナリオ走行を終了しました [シナリオ名: 新規ユーザー登録]
[ADMIN] 17:01:32.110500 シナリオ走行を開始しました [シナリオ名: 新規ユーザー登録]
[ADMIN] 17:01:32.112738 シナリオ走行を終了しました [シナリオ名: ログイン]
[ADMIN] 17:01:32.112747 シナリオ走行を開始しました [シナリオ名: ログイン]
[ADMIN] 17:01:32.161129 シナリオ走行を終了しました [シナリオ名: ログイン]
[ADMIN] 17:01:32.161142 シナリオ走行を開始しました [シナリオ名: ログイン]
[ADMIN] 17:01:32.165087 シナリオ走行を終了しました [シナリオ名: 新規ユーザー登録]
[ADMIN] 17:01:32.165110 シナリオ走行を開始しました [シナリオ名: 新規ユーザー登録]
[ADMIN] 17:01:32.195531 シナリオ走行を終了しました [シナリオ名: ログイン]
[ADMIN] 17:01:32.195543 シナリオ走行を開始しました [シナリオ名: ログイン]
[ADMIN] 17:01:32.214818 シナリオ走行を終了しました [シナリオ名: 新規ユーザー登録]
[ADMIN] 17:01:32.214842 シナリオ走行を開始しました [シナリオ名: 新規ユーザー登録]
[ADMIN] 17:01:32.234982 シナリオ走行を終了しました [シナリオ名: ログイン]
[ADMIN] 17:01:32.234993 シナリオ走行を開始しました [シナリオ名: ログイン]
[ADMIN] 17:01:32.272458 シナリオ走行を終了しました [シナリオ名: 新規ユーザー登録]
[ADMIN] 17:01:32.272482 シナリオ走行を開始しました [シナリオ名: 新規ユーザー登録]
[ADMIN] 17:01:32.275866 シナリオ走行を終了しました [シナリオ名: ログイン]
[ADMIN] 17:01:32.275876 シナリオ走行を開始しました [シナリオ名: ログイン]
[ADMIN] 17:01:32.304787 シナリオ走行を終了しました [シナリオ名: ログイン]
[ADMIN] 17:01:32.304802 シナリオ走行を開始しました [シナリオ名: ログイン]
[ADMIN] 17:01:32.321904 シナリオ走行を終了しました [シナリオ名: 新規ユーザー登録]
[ADMIN] 17:01:32.321928 シナリオ走行を開始しました [シナリオ名: 新規ユーザー登録]
[ADMIN] 17:01:32.336109 シナリオ走行を終了しました [シナリオ名: ログイン]
[ADMIN] 17:01:32.336120 シナリオ走行を開始しました [シナリオ名: ログイン]
[ADMIN] 17:01:32.363597 シナリオ走行を終了しました [シナリオ名: ログイン]
[ADMIN] 17:01:32.363611 シナリオ走行を開始しました [シナリオ名: ログイン]
[ADMIN] 17:01:32.379236 シナリオ走行を終了しました [シナリオ名: 新規ユーザー登録]
[ADMIN] 17:01:32.379254 シナリオ走行を開始しました [シナリオ名: 新規ユーザー登録]
[ADMIN] 17:01:32.390522 シナリオ走行を終了しました [シナリオ名: ログイン]
[ADMIN] 17:01:32.390531 シナリオ走行を開始しました [シナリオ名: ログイン]
[ADMIN] 17:01:32.428145 シナリオ走行を終了しました [シナリオ名: 新規ユーザー登録]
[ADMIN] 17:01:32.428162 シナリオ走行を開始しました [シナリオ名: 新規ユーザー登録]
[ADMIN] 17:01:32.437930 シナリオ走行を終了しました [シナリオ名: ログイン]
[ADMIN] 17:01:32.437940 シナリオ走行を開始しました [シナリオ名: ログイン]
[ADMIN] 17:01:32.442020 シナリオ走行を終了しました [シナリオ名: Banユーザログイン]
[ADMIN] 17:01:32.442040 シナリオ走行を開始しました [シナリオ名: Banユーザログイン]
[ADMIN] 17:01:32.483270 シナリオ走行を終了しました [シナリオ名: 新規ユーザー登録]
[ADMIN] 17:01:32.483293 シナリオ走行を開始しました [シナリオ名: 新規ユーザー登録]
[ADMIN] 17:01:32.488785 シナリオ走行を終了しました [シナリオ名: ログイン]
[ADMIN] 17:01:32.488797 シナリオ走行を開始しました [シナリオ名: ログイン]
[ADMIN] 17:01:32.529079 シナリオ走行を終了しました [シナリオ名: 新規ユーザー登録]
[ADMIN] 17:01:32.529102 シナリオ走行を開始しました [シナリオ名: 新規ユーザー登録]
[ADMIN] 17:01:32.541071 シナリオ走行を終了しました [シナリオ名: ログイン]
[ADMIN] 17:01:32.541081 シナリオ走行を開始しました [シナリオ名: ログイン]
[ADMIN] 17:01:32.583869 シナリオ走行を終了しました [シナリオ名: 新規ユーザー登録]
[ADMIN] 17:01:32.583909 シナリオ走行を開始しました [シナリオ名: 新規ユーザー登録]
[ADMIN] 17:01:32.586022 シナリオ走行を終了しました [シナリオ名: ログイン]
[ADMIN] 17:01:32.586031 シナリオ走行を開始しました [シナリオ名: ログイン]
[ADMIN] 17:01:32.629461 シナリオ走行を終了しました [シナリオ名: ログイン]
[ADMIN] 17:01:32.629476 シナリオ走行を開始しました [シナリオ名: ログイン]
[ADMIN] 17:01:32.633102 シナリオ走行を終了しました [シナリオ名: 新規ユーザー登録]
[ADMIN] 17:01:32.633120 シナリオ走行を開始しました [シナリオ名: 新規ユーザー登録]
[ADMIN] 17:01:32.664512 シナリオ走行を終了しました [シナリオ名: ログイン]
[ADMIN] 17:01:32.664523 シナリオ走行を開始しました [シナリオ名: ログイン]
[ADMIN] 17:01:32.685853 シナリオ走行を終了しました [シナリオ名: 新規ユーザー登録]
[ADMIN] 17:01:32.685871 シナリオ走行を開始しました [シナリオ名: 新規ユーザー登録]
[ADMIN] 17:01:32.707945 シナリオ走行を終了しました [シナリオ名: ログイン]
[ADMIN] 17:01:32.707955 シナリオ走行を開始しました [シナリオ名: ログイン]
[ADMIN] 17:01:32.736279 シナリオ走行を終了しました [シナリオ名: 新規ユーザー登録]
[ADMIN] 17:01:32.736302 シナリオ走行を開始しました [シナリオ名: 新規ユーザー登録]
[ADMIN] 17:01:32.753137 シナリオ走行を終了しました [シナリオ名: ログイン]
[ADMIN] 17:01:32.753154 シナリオ走行を開始しました [シナリオ名: ログイン]
[ADMIN] 17:01:32.783713 シナリオ走行を終了しました [シナリオ名: ログイン]
[ADMIN] 17:01:32.783726 シナリオ走行を開始しました [シナリオ名: ログイン]
[ADMIN] 17:01:32.784871 シナリオ走行を終了しました [シナリオ名: 新規ユーザー登録]
[ADMIN] 17:01:32.784918 シナリオ走行を開始しました [シナリオ名: 新規ユーザー登録]
[ADMIN] 17:01:32.829208 シナリオ走行を終了しました [シナリオ名: ログイン]
[ADMIN] 17:01:32.829220 シナリオ走行を開始しました [シナリオ名: ログイン]
[ADMIN] 17:01:32.836349 シナリオ走行を終了しました [シナリオ名: 新規ユーザー登録]
[ADMIN] 17:01:32.836371 シナリオ走行を開始しました [シナリオ名: 新規ユーザー登録]
[ADMIN] 17:01:32.873856 シナリオ走行を終了しました [シナリオ名: ログイン]
[ADMIN] 17:01:32.873874 シナリオ走行を開始しました [シナリオ名: ログイン]
[ADMIN] 17:01:32.884192 シナリオ走行を終了しました [シナリオ名: 新規ユーザー登録]
[ADMIN] 17:01:32.884237 シナリオ走行を開始しました [シナリオ名: 新規ユーザー登録]
[ADMIN] 17:01:32.920233 シナリオ走行を終了しました [シナリオ名: ログイン]
[ADMIN] 17:01:32.920246 シナリオ走行を開始しました [シナリオ名: ログイン]
[ADMIN] 17:01:32.936288 シナリオ走行を終了しました [シナリオ名: 新規ユーザー登録]
[ADMIN] 17:01:32.936312 シナリオ走行を開始しました [シナリオ名: 新規ユーザー登録]
[ADMIN] 17:01:32.945266 シナリオ走行を終了しました [シナリオ名: Banユーザログイン]
[ADMIN] 17:01:32.945281 シナリオ走行を開始しました [シナリオ名: Banユーザログイン]
[ADMIN] 17:01:32.959016 シナリオ走行を終了しました [シナリオ名: ログイン]
[ADMIN] 17:01:32.959027 シナリオ走行を開始しました [シナリオ名: ログイン]
[ADMIN] 17:01:32.995247 シナリオ走行を終了しました [シナリオ名: 新規ユーザー登録]
[ADMIN] 17:01:32.995272 シナリオ走行を開始しました [シナリオ名: 新規ユーザー登録]
[ADMIN] 17:01:33.013041 シナリオ走行を終了しました [シナリオ名: ログイン]
[ADMIN] 17:01:33.013051 シナリオ走行を開始しました [シナリオ名: ログイン]
[ADMIN] 17:01:33.052821 シナリオ走行を終了しました [シナリオ名: ログイン]
[ADMIN] 17:01:33.052835 シナリオ走行を開始しました [シナリオ名: ログイン]
[ADMIN] 17:01:33.058337 シナリオ走行を終了しました [シナリオ名: 新規ユーザー登録]
[ADMIN] 17:01:33.058355 シナリオ走行を開始しました [シナリオ名: 新規ユーザー登録]
[ADMIN] 17:01:33.098672 シナリオ走行を終了しました [シナリオ名: ログイン]
[ADMIN] 17:01:33.098685 シナリオ走行を開始しました [シナリオ名: ログイン]
[ADMIN] 17:01:33.114209 シナリオ走行を終了しました [シナリオ名: 新規ユーザー登録]
[ADMIN] 17:01:33.114231 シナリオ走行を開始しました [シナリオ名: 新規ユーザー登録]
[ADMIN] 17:01:33.138147 シナリオ走行を終了しました [シナリオ名: ログイン]
[ADMIN] 17:01:33.138158 シナリオ走行を開始しました [シナリオ名: ログイン]
[ADMIN] 17:01:33.175942 シナリオ走行を終了しました [シナリオ名: 新規ユーザー登録]
[ADMIN] 17:01:33.175963 シナリオ走行を開始しました [シナリオ名: 新規ユーザー登録]
[ADMIN] 17:01:33.176709 シナリオ走行を終了しました [シナリオ名: ログイン]
[ADMIN] 17:01:33.176718 シナリオ走行を開始しました [シナリオ名: ログイン]
[ADMIN] 17:01:33.206322 シナリオ走行を終了しました [シナリオ名: ログイン]
[ADMIN] 17:01:33.206338 シナリオ走行を開始しました [シナリオ名: ログイン]
[ADMIN] 17:01:33.227807 シナリオ走行を終了しました [シナリオ名: 新規ユーザー登録]
[ADMIN] 17:01:33.227826 シナリオ走行を開始しました [シナリオ名: 新規ユーザー登録]
[ADMIN] 17:01:33.235002 シナリオ走行を終了しました [シナリオ名: ログイン]
[ADMIN] 17:01:33.235012 シナリオ走行を開始しました [シナリオ名: ログイン]
[ADMIN] 17:01:33.272832 シナリオ走行を終了しました [シナリオ名: ログイン]
[ADMIN] 17:01:33.272848 シナリオ走行を開始しました [シナリオ名: ログイン]
[ADMIN] 17:01:33.278820 シナリオ走行を終了しました [シナリオ名: 新規ユーザー登録]
[ADMIN] 17:01:33.278841 シナリオ走行を開始しました [シナリオ名: 新規ユーザー登録]
[ADMIN] 17:01:33.302731 シナリオ走行を終了しました [シナリオ名: ログイン]
[ADMIN] 17:01:33.302745 シナリオ走行を開始しました [シナリオ名: ログイン]
[ADMIN] 17:01:33.326760 シナリオ走行を終了しました [シナリオ名: 新規ユーザー登録]
[ADMIN] 17:01:33.326784 シナリオ走行を開始しました [シナリオ名: 新規ユーザー登録]
[ADMIN] 17:01:33.340914 シナリオ走行を終了しました [シナリオ名: ログイン]
[ADMIN] 17:01:33.340924 シナリオ走行を開始しました [シナリオ名: ログイン]
[ADMIN] 17:01:33.366968 シナリオ走行を終了しました [シナリオ名: ログイン]
[ADMIN] 17:01:33.366981 シナリオ走行を開始しました [シナリオ名: ログイン]
[ADMIN] 17:01:33.379659 シナリオ走行を終了しました [シナリオ名: 新規ユーザー登録]
[ADMIN] 17:01:33.379679 シナリオ走行を開始しました [シナリオ名: 新規ユーザー登録]
[ADMIN] 17:01:33.395741 シナリオ走行を終了しました [シナリオ名: ログイン]
[ADMIN] 17:01:33.395753 シナリオ走行を開始しました [シナリオ名: ログイン]
[ADMIN] 17:01:33.429533 シナリオ走行を終了しました [シナリオ名: 新規ユーザー登録]
[ADMIN] 17:01:33.429564 シナリオ走行を開始しました [シナリオ名: 新規ユーザー登録]
[ADMIN] 17:01:33.437308 シナリオ走行を終了しました [シナリオ名: ログイン]
[ADMIN] 17:01:33.437318 シナリオ走行を開始しました [シナリオ名: ログイン]
[ADMIN] 17:01:33.447410 シナリオ走行を終了しました [シナリオ名: Banユーザログイン]
[ADMIN] 17:01:33.447428 シナリオ走行を開始しました [シナリオ名: Banユーザログイン]
[ADMIN] 17:01:33.482828 シナリオ走行を終了しました [シナリオ名: ログイン]
[ADMIN] 17:01:33.482841 シナリオ走行を開始しました [シナリオ名: ログイン]
[ADMIN] 17:01:33.484094 シナリオ走行を終了しました [シナリオ名: 新規ユーザー登録]
[ADMIN] 17:01:33.484111 シナリオ走行を開始しました [シナリオ名: 新規ユーザー登録]
[ADMIN] 17:01:33.524071 シナリオ走行を終了しました [シナリオ名: ログイン]
[ADMIN] 17:01:33.524083 シナリオ走行を開始しました [シナリオ名: ログイン]
[ADMIN] 17:01:33.536471 シナリオ走行を終了しました [シナリオ名: 新規ユーザー登録]
[ADMIN] 17:01:33.536499 シナリオ走行を開始しました [シナリオ名: 新規ユーザー登録]
[ADMIN] 17:01:33.565430 シナリオ走行を終了しました [シナリオ名: ログイン]
[ADMIN] 17:01:33.565444 シナリオ走行を開始しました [シナリオ名: ログイン]
[ADMIN] 17:01:33.585509 シナリオ走行を終了しました [シナリオ名: 新規ユーザー登録]
[ADMIN] 17:01:33.585534 シナリオ走行を開始しました [シナリオ名: 新規ユーザー登録]
[ADMIN] 17:01:33.604806 シナリオ走行を終了しました [シナリオ名: ログイン]
[ADMIN] 17:01:33.604823 シナリオ走行を開始しました [シナリオ名: ログイン]
[ADMIN] 17:01:33.633554 シナリオ走行を終了しました [シナリオ名: ログイン]
[ADMIN] 17:01:33.633569 シナリオ走行を開始しました [シナリオ名: ログイン]
[ADMIN] 17:01:33.642068 シナリオ走行を終了しました [シナリオ名: 新規ユーザー登録]
[ADMIN] 17:01:33.642090 シナリオ走行を開始しました [シナリオ名: 新規ユーザー登録]
[ADMIN] 17:01:33.668032 シナリオ走行を終了しました [シナリオ名: ログイン]
[ADMIN] 17:01:33.668049 シナリオ走行を開始しました [シナリオ名: ログイン]
[ADMIN] 17:01:33.704362 シナリオ走行を終了しました [シナリオ名: 新規ユーザー登録]
[ADMIN] 17:01:33.704387 シナリオ走行を開始しました [シナリオ名: 新規ユーザー登録]
[ADMIN] 17:01:33.713596 シナリオ走行を終了しました [シナリオ名: ログイン]
[ADMIN] 17:01:33.713607 シナリオ走行を開始しました [シナリオ名: ログイン]
[ADMIN] 17:01:33.753952 シナリオ走行を終了しました [シナリオ名: 新規ユーザー登録]
[ADMIN] 17:01:33.753975 シナリオ走行を開始しました [シナリオ名: 新規ユーザー登録]
[ADMIN] 17:01:33.757716 シナリオ走行を終了しました [シナリオ名: ログイン]
[ADMIN] 17:01:33.757728 シナリオ走行を開始しました [シナリオ名: ログイン]
[ADMIN] 17:01:33.787240 シナリオ走行を終了しました [シナリオ名: ログイン]
[ADMIN] 17:01:33.787256 シナリオ走行を開始しました [シナリオ名: ログイン]
[ADMIN] 17:01:33.807280 シナリオ走行を終了しました [シナリオ名: 新規ユーザー登録]
[ADMIN] 17:01:33.807302 シナリオ走行を開始しました [シナリオ名: 新規ユーザー登録]
[ADMIN] 17:01:33.814399 シナリオ走行を終了しました [シナリオ名: ログイン]
[ADMIN] 17:01:33.814409 シナリオ走行を開始しました [シナリオ名: ログイン]
[ADMIN] 17:01:33.841520 シナリオ走行を終了しました [シナリオ名: ログイン]
[ADMIN] 17:01:33.841530 シナリオ走行を開始しました [シナリオ名: ログイン]
[ADMIN] 17:01:33.860000 シナリオ走行を終了しました [シナリオ名: 新規ユーザー登録]
[ADMIN] 17:01:33.860019 シナリオ走行を開始しました [シナリオ名: 新規ユーザー登録]
[ADMIN] 17:01:33.883788 シナリオ走行を終了しました [シナリオ名: ログイン]
[ADMIN] 17:01:33.883799 シナリオ走行を開始しました [シナリオ名: ログイン]
[ADMIN] 17:01:33.920512 シナリオ走行を終了しました [シナリオ名: 新規ユーザー登録]
[ADMIN] 17:01:33.920532 シナリオ走行を開始しました [シナリオ名: 新規ユーザー登録]
[ADMIN] 17:01:33.924113 シナリオ走行を終了しました [シナリオ名: ログイン]
[ADMIN] 17:01:33.924124 シナリオ走行を開始しました [シナリオ名: ログイン]
[ADMIN] 17:01:33.949757 シナリオ走行を終了しました [シナリオ名: ログイン]
[ADMIN] 17:01:33.949767 シナリオ走行を開始しました [シナリオ名: ログイン]
[ADMIN] 17:01:33.950082 シナリオ走行を終了しました [シナリオ名: Banユーザログイン]
[ADMIN] 17:01:33.950092 シナリオ走行を開始しました [シナリオ名: Banユーザログイン]
[ADMIN] 17:01:33.977647 シナリオ走行を終了しました [シナリオ名: 新規ユーザー登録]
[ADMIN] 17:01:33.977665 シナリオ走行を開始しました [シナリオ名: 新規ユーザー登録]
[ADMIN] 17:01:34.002426 シナリオ走行を終了しました [シナリオ名: ログイン]
[ADMIN] 17:01:34.002439 シナリオ走行を開始しました [シナリオ名: ログイン]
[ADMIN] 17:01:34.036341 シナリオ走行を終了しました [シナリオ名: 新規ユーザー登録]
[ADMIN] 17:01:34.036364 シナリオ走行を開始しました [シナリオ名: 新規ユーザー登録]
[ADMIN] 17:01:34.038854 シナリオ走行を終了しました [シナリオ名: ログイン]
[ADMIN] 17:01:34.038865 シナリオ走行を開始しました [シナリオ名: ログイン]
[ADMIN] 17:01:34.087530 シナリオ走行を終了しました [シナリオ名: ログイン]
[ADMIN] 17:01:34.087544 シナリオ走行を開始しました [シナリオ名: ログイン]
[ADMIN] 17:01:34.094204 シナリオ走行を終了しました [シナリオ名: 新規ユーザー登録]
[ADMIN] 17:01:34.094226 シナリオ走行を開始しました [シナリオ名: 新規ユーザー登録]
[ADMIN] 17:01:34.132193 シナリオ走行を終了しました [シナリオ名: ログイン]
[ADMIN] 17:01:34.132210 シナリオ走行を開始しました [シナリオ名: ログイン]
[ADMIN] 17:01:34.157283 シナリオ走行を終了しました [シナリオ名: 新規ユーザー登録]
[ADMIN] 17:01:34.157309 シナリオ走行を開始しました [シナリオ名: 新規ユーザー登録]
[ADMIN] 17:01:34.173915 シナリオ走行を終了しました [シナリオ名: ログイン]
[ADMIN] 17:01:34.173926 シナリオ走行を開始しました [シナリオ名: ログイン]
[ADMIN] 17:01:34.217472 シナリオ走行を終了しました [シナリオ名: 新規ユーザー登録]
[ADMIN] 17:01:34.217504 シナリオ走行を開始しました [シナリオ名: 新規ユーザー登録]
[ADMIN] 17:01:34.226191 シナリオ走行を終了しました [シナリオ名: ログイン]
[ADMIN] 17:01:34.226206 シナリオ走行を開始しました [シナリオ名: ログイン]
[ADMIN] 17:01:34.283598 シナリオ走行を終了しました [シナリオ名: 新規ユーザー登録]
[ADMIN] 17:01:34.283624 シナリオ走行を開始しました [シナリオ名: 新規ユーザー登録]
[ADMIN] 17:01:34.287281 シナリオ走行を終了しました [シナリオ名: ログイン]
[ADMIN] 17:01:34.287294 シナリオ走行を開始しました [シナリオ名: ログイン]
[ADMIN] 17:01:34.335233 シナリオ走行を終了しました [シナリオ名: ログイン]
[ADMIN] 17:01:34.335248 シナリオ走行を開始しました [シナリオ名: ログイン]
[ADMIN] 17:01:34.336753 シナリオ走行を終了しました [シナリオ名: 新規ユーザー登録]
[ADMIN] 17:01:34.336773 シナリオ走行を開始しました [シナリオ名: 新規ユーザー登録]
[ADMIN] 17:01:34.380588 シナリオ走行を終了しました [シナリオ名: ログイン]
[ADMIN] 17:01:34.380602 シナリオ走行を開始しました [シナリオ名: ログイン]
[ADMIN] 17:01:34.388926 シナリオ走行を終了しました [シナリオ名: 新規ユーザー登録]
[ADMIN] 17:01:34.388970 シナリオ走行を開始しました [シナリオ名: 新規ユーザー登録]
[ADMIN] 17:01:34.407763 シナリオ走行を終了しました [シナリオ名: ログイン]
[ADMIN] 17:01:34.407774 シナリオ走行を開始しました [シナリオ名: ログイン]
[ADMIN] 17:01:34.440801 シナリオ走行を終了しました [シナリオ名: 新規ユーザー登録]
[ADMIN] 17:01:34.440824 シナリオ走行を開始しました [シナリオ名: 新規ユーザー登録]
[ADMIN] 17:01:34.442214 シナリオ走行を終了しました [シナリオ名: ログイン]
[ADMIN] 17:01:34.442224 シナリオ走行を開始しました [シナリオ名: ログイン]
[ADMIN] 17:01:34.453277 シナリオ走行を終了しました [シナリオ名: Banユーザログイン]
[ADMIN] 17:01:34.453289 シナリオ走行を開始しました [シナリオ名: Banユーザログイン]
[ADMIN] 17:01:34.470683 シナリオ走行を終了しました [シナリオ名: ログイン]
[ADMIN] 17:01:34.470691 シナリオ走行を開始しました [シナリオ名: ログイン]
[ADMIN] 17:01:34.493367 シナリオ走行を終了しました [シナリオ名: 新規ユーザー登録]
[ADMIN] 17:01:34.493384 シナリオ走行を開始しました [シナリオ名: 新規ユーザー登録]
[ADMIN] 17:01:34.501464 シナリオ走行を終了しました [シナリオ名: ログイン]
[ADMIN] 17:01:34.501474 シナリオ走行を開始しました [シナリオ名: ログイン]
[ADMIN] 17:01:34.542740 シナリオ走行を終了しました [シナリオ名: 新規ユーザー登録]
[ADMIN] 17:01:34.542769 シナリオ走行を開始しました [シナリオ名: 新規ユーザー登録]
[ADMIN] 17:01:34.546977 シナリオ走行を終了しました [シナリオ名: ログイン]
[ADMIN] 17:01:34.546987 シナリオ走行を開始しました [シナリオ名: ログイン]
[ADMIN] 17:01:34.592945 シナリオ走行を終了しました [シナリオ名: ログイン]
[ADMIN] 17:01:34.592960 シナリオ走行を開始しました [シナリオ名: ログイン]
[ADMIN] 17:01:34.597189 シナリオ走行を終了しました [シナリオ名: 新規ユーザー登録]
[ADMIN] 17:01:34.597210 シナリオ走行を開始しました [シナリオ名: 新規ユーザー登録]
[ADMIN] 17:01:34.628148 シナリオ走行を終了しました [シナリオ名: ログイン]
[ADMIN] 17:01:34.628161 シナリオ走行を開始しました [シナリオ名: ログイン]
[ADMIN] 17:01:34.648250 シナリオ走行を終了しました [シナリオ名: 新規ユーザー登録]
[ADMIN] 17:01:34.648279 シナリオ走行を開始しました [シナリオ名: 新規ユーザー登録]
[ADMIN] 17:01:34.665191 シナリオ走行を終了しました [シナリオ名: ログイン]
[ADMIN] 17:01:34.665205 シナリオ走行を開始しました [シナリオ名: ログイン]
[ADMIN] 17:01:34.692764 シナリオ走行を終了しました [シナリオ名: ログイン]
[ADMIN] 17:01:34.692774 シナリオ走行を開始しました [シナリオ名: ログイン]
[ADMIN] 17:01:34.701539 シナリオ走行を終了しました [シナリオ名: 新規ユーザー登録]
[ADMIN] 17:01:34.701563 シナリオ走行を開始しました [シナリオ名: 新規ユーザー登録]
[ADMIN] 17:01:34.720793 シナリオ走行を終了しました [シナリオ名: ログイン]
[ADMIN] 17:01:34.720803 シナリオ走行を開始しました [シナリオ名: ログイン]
[ADMIN] 17:01:34.753564 シナリオ走行を終了しました [シナリオ名: 新規ユーザー登録]
[ADMIN] 17:01:34.753584 シナリオ走行を開始しました [シナリオ名: 新規ユーザー登録]
[ADMIN] 17:01:34.765376 シナリオ走行を終了しました [シナリオ名: ログイン]
[ADMIN] 17:01:34.765385 シナリオ走行を開始しました [シナリオ名: ログイン]
[ADMIN] 17:01:34.802241 シナリオ走行を終了しました [シナリオ名: 新規ユーザー登録]
[ADMIN] 17:01:34.802267 シナリオ走行を開始しました [シナリオ名: 新規ユーザー登録]
[ADMIN] 17:01:34.812032 シナリオ走行を終了しました [シナリオ名: ログイン]
[ADMIN] 17:01:34.812044 シナリオ走行を開始しました [シナリオ名: ログイン]
[ADMIN] 17:01:34.852098 シナリオ走行を終了しました [シナリオ名: ログイン]
[ADMIN] 17:01:34.852111 シナリオ走行を開始しました [シナリオ名: ログイン]
[ADMIN] 17:01:34.855528 シナリオ走行を終了しました [シナリオ名: 新規ユーザー登録]
[ADMIN] 17:01:34.855547 シナリオ走行を開始しました [シナリオ名: 新規ユーザー登録]
[ADMIN] 17:01:34.895638 シナリオ走行を終了しました [シナリオ名: ログイン]
[ADMIN] 17:01:34.895650 シナリオ走行を開始しました [シナリオ名: ログイン]
[ADMIN] 17:01:34.907364 シナリオ走行を終了しました [シナリオ名: 新規ユーザー登録]
[ADMIN] 17:01:34.907387 シナリオ走行を開始しました [シナリオ名: 新規ユーザー登録]
[ADMIN] 17:01:34.930538 シナリオ走行を終了しました [シナリオ名: ログイン]
[ADMIN] 17:01:34.930549 シナリオ走行を開始しました [シナリオ名: ログイン]
[ADMIN] 17:01:34.956470 シナリオ走行を終了しました [シナリオ名: Banユーザログイン]
[ADMIN] 17:01:34.956490 シナリオ走行を開始しました [シナリオ名: Banユーザログイン]
[ADMIN] 17:01:34.961869 シナリオ走行を終了しました [シナリオ名: 新規ユーザー登録]
[ADMIN] 17:01:34.961890 シナリオ走行を開始しました [シナリオ名: 新規ユーザー登録]
[ADMIN] 17:01:34.976760 シナリオ走行を終了しました [シナリオ名: ログイン]
[ADMIN] 17:01:34.976771 シナリオ走行を開始しました [シナリオ名: ログイン]
[ADMIN] 17:01:35.020058 シナリオ走行を終了しました [シナリオ名: 新規ユーザー登録]
[ADMIN] 17:01:35.020083 シナリオ走行を開始しました [シナリオ名: 新規ユーザー登録]
[ADMIN] 17:01:35.031919 シナリオ走行を終了しました [シナリオ名: ログイン]
[ADMIN] 17:01:35.031933 シナリオ走行を開始しました [シナリオ名: ログイン]
[ADMIN] 17:01:35.077167 シナリオ走行を終了しました [シナリオ名: 新規ユーザー登録]
[ADMIN] 17:01:35.077192 シナリオ走行を開始しました [シナリオ名: 新規ユーザー登録]
[ADMIN] 17:01:35.083981 シナリオ走行を終了しました [シナリオ名: ログイン]
[ADMIN] 17:01:35.083993 シナリオ走行を開始しました [シナリオ名: ログイン]
[ADMIN] 17:01:35.135311 シナリオ走行を終了しました [シナリオ名: ログイン]
[ADMIN] 17:01:35.135326 シナリオ走行を開始しました [シナリオ名: ログイン]
[ADMIN] 17:01:35.138528 シナリオ走行を終了しました [シナリオ名: 新規ユーザー登録]
[ADMIN] 17:01:35.138549 シナリオ走行を開始しました [シナリオ名: 新規ユーザー登録]
[ADMIN] 17:01:35.168939 シナリオ走行を終了しました [シナリオ名: ログイン]
[ADMIN] 17:01:35.168952 シナリオ走行を開始しました [シナリオ名: ログイン]
[ADMIN] 17:01:35.194354 シナリオ走行を終了しました [シナリオ名: 新規ユーザー登録]
[ADMIN] 17:01:35.194381 シナリオ走行を開始しました [シナリオ名: 新規ユーザー登録]
[ADMIN] 17:01:35.211669 シナリオ走行を終了しました [シナリオ名: ログイン]
[ADMIN] 17:01:35.211689 シナリオ走行を開始しました [シナリオ名: ログイン]
[ADMIN] 17:01:35.243040 シナリオ走行を終了しました [シナリオ名: ログイン]
[ADMIN] 17:01:35.243053 シナリオ走行を開始しました [シナリオ名: ログイン]
[ADMIN] 17:01:35.252102 シナリオ走行を終了しました [シナリオ名: 新規ユーザー登録]
[ADMIN] 17:01:35.252122 シナリオ走行を開始しました [シナリオ名: 新規ユーザー登録]
[ADMIN] 17:01:35.293937 シナリオ走行を終了しました [シナリオ名: ログイン]
[ADMIN] 17:01:35.293953 シナリオ走行を開始しました [シナリオ名: ログイン]
[ADMIN] 17:01:35.312775 シナリオ走行を終了しました [シナリオ名: 新規ユーザー登録]
[ADMIN] 17:01:35.312801 シナリオ走行を開始しました [シナリオ名: 新規ユーザー登録]
[ADMIN] 17:01:35.340392 シナリオ走行を終了しました [シナリオ名: ログイン]
[ADMIN] 17:01:35.340403 シナリオ走行を開始しました [シナリオ名: ログイン]
[ADMIN] 17:01:35.367534 シナリオ走行を終了しました [シナリオ名: 新規ユーザー登録]
[ADMIN] 17:01:35.367558 シナリオ走行を開始しました [シナリオ名: 新規ユーザー登録]
[ADMIN] 17:01:35.383952 シナリオ走行を終了しました [シナリオ名: ログイン]
[ADMIN] 17:01:35.383964 シナリオ走行を開始しました [シナリオ名: ログイン]
[ADMIN] 17:01:35.411427 シナリオ走行を終了しました [シナリオ名: ログイン]
[ADMIN] 17:01:35.411438 シナリオ走行を開始しました [シナリオ名: ログイン]
[ADMIN] 17:01:35.421168 シナリオ走行を終了しました [シナリオ名: 新規ユーザー登録]
[ADMIN] 17:01:35.421188 シナリオ走行を開始しました [シナリオ名: 新規ユーザー登録]
[ADMIN] 17:01:35.447743 シナリオ走行を終了しました [シナリオ名: ログイン]
[ADMIN] 17:01:35.447754 シナリオ走行を開始しました [シナリオ名: ログイン]
[ADMIN] 17:01:35.459632 シナリオ走行を終了しました [シナリオ名: Banユーザログイン]
[ADMIN] 17:01:35.459649 シナリオ走行を開始しました [シナリオ名: Banユーザログイン]
[ADMIN] 17:01:35.477366 シナリオ走行を終了しました [シナリオ名: ログイン]
[ADMIN] 17:01:35.477376 シナリオ走行を開始しました [シナリオ名: ログイン]
[ADMIN] 17:01:35.477595 シナリオ走行を終了しました [シナリオ名: 新規ユーザー登録]
[ADMIN] 17:01:35.477612 シナリオ走行を開始しました [シナリオ名: 新規ユーザー登録]
[ADMIN] 17:01:35.513046 シナリオ走行を終了しました [シナリオ名: ログイン]
[ADMIN] 17:01:35.513058 シナリオ走行を開始しました [シナリオ名: ログイン]
[ADMIN] 17:01:35.528415 シナリオ走行を終了しました [シナリオ名: 新規ユーザー登録]
[ADMIN] 17:01:35.528433 シナリオ走行を開始しました [シナリオ名: 新規ユーザー登録]
[ADMIN] 17:01:35.547112 シナリオ走行を終了しました [シナリオ名: ログイン]
[ADMIN] 17:01:35.547124 シナリオ走行を開始しました [シナリオ名: ログイン]
[ADMIN] 17:01:35.579398 シナリオ走行を終了しました [シナリオ名: 新規ユーザー登録]
[ADMIN] 17:01:35.579418 シナリオ走行を開始しました [シナリオ名: 新規ユーザー登録]
[ADMIN] 17:01:35.593722 シナリオ走行を終了しました [シナリオ名: ログイン]
[ADMIN] 17:01:35.593732 シナリオ走行を開始しました [シナリオ名: ログイン]
[ADMIN] 17:01:35.629318 シナリオ走行を終了しました [シナリオ名: 新規ユーザー登録]
[ADMIN] 17:01:35.629341 シナリオ走行を開始しました [シナリオ名: 新規ユーザー登録]
[ADMIN] 17:01:35.636923 シナリオ走行を終了しました [シナリオ名: ログイン]
[ADMIN] 17:01:35.636933 シナリオ走行を開始しました [シナリオ名: ログイン]
[ADMIN] 17:01:35.684339 シナリオ走行を終了しました [シナリオ名: 新規ユーザー登録]
[ADMIN] 17:01:35.684366 シナリオ走行を開始しました [シナリオ名: 新規ユーザー登録]
[ADMIN] 17:01:35.685835 シナリオ走行を終了しました [シナリオ名: ログイン]
[ADMIN] 17:01:35.685848 シナリオ走行を開始しました [シナリオ名: ログイン]
[ADMIN] 17:01:35.711805 シナリオ走行を終了しました [シナリオ名: ログイン]
[ADMIN] 17:01:35.711825 シナリオ走行を開始しました [シナリオ名: ログイン]
[ADMIN] 17:01:35.736569 シナリオ走行を終了しました [シナリオ名: 新規ユーザー登録]
[ADMIN] 17:01:35.736613 シナリオ走行を開始しました [シナリオ名: 新規ユーザー登録]
[ADMIN] 17:01:35.740610 シナリオ走行を終了しました [シナリオ名: ログイン]
[ADMIN] 17:01:35.740621 シナリオ走行を開始しました [シナリオ名: ログイン]
[ADMIN] 17:01:35.767973 シナリオ走行を終了しました [シナリオ名: ログイン]
[ADMIN] 17:01:35.767989 シナリオ走行を開始しました [シナリオ名: ログイン]
[ADMIN] 17:01:35.787525 シナリオ走行を終了しました [シナリオ名: 新規ユーザー登録]
[ADMIN] 17:01:35.787551 シナリオ走行を開始しました [シナリオ名: 新規ユーザー登録]
[ADMIN] 17:01:35.804954 シナリオ走行を終了しました [シナリオ名: ログイン]
[ADMIN] 17:01:35.804968 シナリオ走行を開始しました [シナリオ名: ログイン]
[ADMIN] 17:01:35.835318 シナリオ走行を終了しました [シナリオ名: ログイン]
[ADMIN] 17:01:35.835332 シナリオ走行を開始しました [シナリオ名: ログイン]
[ADMIN] 17:01:35.837035 シナリオ走行を終了しました [シナリオ名: 新規ユーザー登録]
[ADMIN] 17:01:35.837055 シナリオ走行を開始しました [シナリオ名: 新規ユーザー登録]
[ADMIN] 17:01:35.873932 シナリオ走行を終了しました [シナリオ名: ログイン]
[ADMIN] 17:01:35.873948 シナリオ走行を開始しました [シナリオ名: ログイン]
[ADMIN] 17:01:35.890699 シナリオ走行を終了しました [シナリオ名: 新規ユーザー登録]
[ADMIN] 17:01:35.890725 シナリオ走行を開始しました [シナリオ名: 新規ユーザー登録]
[ADMIN] 17:01:35.911599 シナリオ走行を終了しました [シナリオ名: ログイン]
[ADMIN] 17:01:35.911615 シナリオ走行を開始しました [シナリオ名: ログイン]
[ADMIN] 17:01:35.940734 シナリオ走行を終了しました [シナリオ名: 新規ユーザー登録]
[ADMIN] 17:01:35.940765 シナリオ走行を開始しました [シナリオ名: 新規ユーザー登録]
[ADMIN] 17:01:35.947335 シナリオ走行を終了しました [シナリオ名: ログイン]
[ADMIN] 17:01:35.947348 シナリオ走行を開始しました [シナリオ名: ログイン]
[ADMIN] 17:01:35.962646 シナリオ走行を終了しました [シナリオ名: Banユーザログイン]
[ADMIN] 17:01:35.962667 シナリオ走行を開始しました [シナリオ名: Banユーザログイン]
[ADMIN] 17:01:35.978968 シナリオ走行を終了しました [シナリオ名: ログイン]
[ADMIN] 17:01:35.978984 シナリオ走行を開始しました [シナリオ名: ログイン]
[ADMIN] 17:01:36.007280 シナリオ走行を終了しました [シナリオ名: 新規ユーザー登録]
[ADMIN] 17:01:36.007305 シナリオ走行を開始しました [シナリオ名: 新規ユーザー登録]
[ADMIN] 17:01:36.015722 シナリオ走行を終了しました [シナリオ名: ログイン]
[ADMIN] 17:01:36.015742 シナリオ走行を開始しました [シナリオ名: ログイン]
[ADMIN] 17:01:36.047633 シナリオ走行を終了しました [シナリオ名: ログイン]
[ADMIN] 17:01:36.047649 シナリオ走行を開始しました [シナリオ名: ログイン]
[ADMIN] 17:01:36.072792 シナリオ走行を終了しました [シナリオ名: 新規ユーザー登録]
[ADMIN] 17:01:36.072813 シナリオ走行を開始しました [シナリオ名: 新規ユーザー登録]
[ADMIN] 17:01:36.094368 シナリオ走行を終了しました [シナリオ名: ログイン]
[ADMIN] 17:01:36.094385 シナリオ走行を開始しました [シナリオ名: ログイン]
[ADMIN] 17:01:36.128383 シナリオ走行を終了しました [シナリオ名: ログイン]
[ADMIN] 17:01:36.128393 シナリオ走行を開始しました [シナリオ名: ログイン]
[ADMIN] 17:01:36.131876 シナリオ走行を終了しました [シナリオ名: 新規ユーザー登録]
[ADMIN] 17:01:36.131897 シナリオ走行を開始しました [シナリオ名: 新規ユーザー登録]
[ADMIN] 17:01:36.160807 シナリオ走行を終了しました [シナリオ名: ログイン]
[ADMIN] 17:01:36.160818 シナリオ走行を開始しました [シナリオ名: ログイン]
[ADMIN] 17:01:36.188945 シナリオ走行を終了しました [シナリオ名: 新規ユーザー登録]
[ADMIN] 17:01:36.188969 シナリオ走行を開始しました [シナリオ名: 新規ユーザー登録]
[ADMIN] 17:01:36.196543 シナリオ走行を終了しました [シナリオ名: ログイン]
[ADMIN] 17:01:36.196553 シナリオ走行を開始しました [シナリオ名: ログイン]
[ADMIN] 17:01:36.226284 シナリオ走行を終了しました [シナリオ名: ログイン]
[ADMIN] 17:01:36.226295 シナリオ走行を開始しました [シナリオ名: ログイン]
[ADMIN] 17:01:36.247269 シナリオ走行を終了しました [シナリオ名: 新規ユーザー登録]
[ADMIN] 17:01:36.247287 シナリオ走行を開始しました [シナリオ名: 新規ユーザー登録]
[ADMIN] 17:01:36.266007 シナリオ走行を終了しました [シナリオ名: ログイン]
[ADMIN] 17:01:36.266018 シナリオ走行を開始しました [シナリオ名: ログイン]
[ADMIN] 17:01:36.305520 シナリオ走行を終了しました [シナリオ名: 新規ユーザー登録]
[ADMIN] 17:01:36.305538 シナリオ走行を開始しました [シナリオ名: 新規ユーザー登録]
[ADMIN] 17:01:36.306028 シナリオ走行を終了しました [シナリオ名: ログイン]
[ADMIN] 17:01:36.306038 シナリオ走行を開始しました [シナリオ名: ログイン]
[ADMIN] 17:01:36.339639 シナリオ走行を終了しました [シナリオ名: ログイン]
[ADMIN] 17:01:36.339650 シナリオ走行を開始しました [シナリオ名: ログイン]
[ADMIN] 17:01:36.358073 シナリオ走行を終了しました [シナリオ名: 新規ユーザー登録]
[ADMIN] 17:01:36.358092 シナリオ走行を開始しました [シナリオ名: 新規ユーザー登録]
[ADMIN] 17:01:36.369668 シナリオ走行を終了しました [シナリオ名: ログイン]
[ADMIN] 17:01:36.369677 シナリオ走行を開始しました [シナリオ名: ログイン]
[ADMIN] 17:01:36.396231 シナリオ走行を終了しました [シナリオ名: ログイン]
[ADMIN] 17:01:36.396242 シナリオ走行を開始しました [シナリオ名: ログイン]
[ADMIN] 17:01:36.409064 シナリオ走行を終了しました [シナリオ名: 新規ユーザー登録]
[ADMIN] 17:01:36.409080 シナリオ走行を開始しました [シナリオ名: 新規ユーザー登録]
[ADMIN] 17:01:36.438215 シナリオ走行を終了しました [シナリオ名: ログイン]
[ADMIN] 17:01:36.438227 シナリオ走行を開始しました [シナリオ名: ログイン]
[ADMIN] 17:01:36.461433 シナリオ走行を終了しました [シナリオ名: 新規ユーザー登録]
[ADMIN] 17:01:36.461457 シナリオ走行を開始しました [シナリオ名: 新規ユーザー登録]
[ADMIN] 17:01:36.465892 シナリオ走行を終了しました [シナリオ名: Banユーザログイン]
[ADMIN] 17:01:36.465908 シナリオ走行を開始しました [シナリオ名: Banユーザログイン]
[ADMIN] 17:01:36.477895 シナリオ走行を終了しました [シナリオ名: ログイン]
[ADMIN] 17:01:36.477906 シナリオ走行を開始しました [シナリオ名: ログイン]
[ADMIN] 17:01:36.513270 シナリオ走行を終了しました [シナリオ名: 新規ユーザー登録]
[ADMIN] 17:01:36.513295 シナリオ走行を開始しました [シナリオ名: 新規ユーザー登録]
[ADMIN] 17:01:36.518959 シナリオ走行を終了しました [シナリオ名: ログイン]
[ADMIN] 17:01:36.518971 シナリオ走行を開始しました [シナリオ名: ログイン]
[ADMIN] 17:01:36.555323 シナリオ走行を終了しました [シナリオ名: ログイン]
[ADMIN] 17:01:36.555336 シナリオ走行を開始しました [シナリオ名: ログイン]
[ADMIN] 17:01:36.576056 シナリオ走行を終了しました [シナリオ名: 新規ユーザー登録]
[ADMIN] 17:01:36.576078 シナリオ走行を開始しました [シナリオ名: 新規ユーザー登録]
[ADMIN] 17:01:36.604668 シナリオ走行を終了しました [シナリオ名: ログイン]
[ADMIN] 17:01:36.604683 シナリオ走行を開始しました [シナリオ名: ログイン]
[ADMIN] 17:01:36.631122 シナリオ走行を終了しました [シナリオ名: 新規ユーザー登録]
[ADMIN] 17:01:36.631148 シナリオ走行を開始しました [シナリオ名: 新規ユーザー登録]
[ADMIN] 17:01:36.639728 シナリオ走行を終了しました [シナリオ名: ログイン]
[ADMIN] 17:01:36.639744 シナリオ走行を開始しました [シナリオ名: ログイン]
[ADMIN] 17:01:36.679990 シナリオ走行を終了しました [シナリオ名: 新規ユーザー登録]
[ADMIN] 17:01:36.680018 シナリオ走行を開始しました [シナリオ名: 新規ユーザー登録]
[ADMIN] 17:01:36.688203 シナリオ走行を終了しました [シナリオ名: ログイン]
[ADMIN] 17:01:36.688215 シナリオ走行を開始しました [シナリオ名: ログイン]
[ADMIN] 17:01:36.724357 シナリオ走行を終了しました [シナリオ名: ログイン]
[ADMIN] 17:01:36.724372 シナリオ走行を開始しました [シナリオ名: ログイン]
[ADMIN] 17:01:36.735858 シナリオ走行を終了しました [シナリオ名: 新規ユーザー登録]
[ADMIN] 17:01:36.735886 シナリオ走行を開始しました [シナリオ名: 新規ユーザー登録]
[ADMIN] 17:01:36.761513 シナリオ走行を終了しました [シナリオ名: ログイン]
[ADMIN] 17:01:36.761529 シナリオ走行を開始しました [シナリオ名: ログイン]
[ADMIN] 17:01:36.785955 シナリオ走行を終了しました [シナリオ名: 新規ユーザー登録]
[ADMIN] 17:01:36.785980 シナリオ走行を開始しました [シナリオ名: 新規ユーザー登録]
[ADMIN] 17:01:36.802415 シナリオ走行を終了しました [シナリオ名: ログイン]
[ADMIN] 17:01:36.802427 シナリオ走行を開始しました [シナリオ名: ログイン]
[ADMIN] 17:01:36.836790 シナリオ走行を終了しました [シナリオ名: 新規ユーザー登録]
[ADMIN] 17:01:36.836815 シナリオ走行を開始しました [シナリオ名: 新規ユーザー登録]
[ADMIN] 17:01:36.838654 シナリオ走行を終了しました [シナリオ名: ログイン]
[ADMIN] 17:01:36.838663 シナリオ走行を開始しました [シナリオ名: ログイン]
[ADMIN] 17:01:36.865968 シナリオ走行を終了しました [シナリオ名: ログイン]
[ADMIN] 17:01:36.865981 シナリオ走行を開始しました [シナリオ名: ログイン]
[ADMIN] 17:01:36.886991 シナリオ走行を終了しました [シナリオ名: 新規ユーザー登録]
[ADMIN] 17:01:36.887014 シナリオ走行を開始しました [シナリオ名: 新規ユーザー登録]
[ADMIN] 17:01:36.892909 シナリオ走行を終了しました [シナリオ名: ログイン]
[ADMIN] 17:01:36.892921 シナリオ走行を開始しました [シナリオ名: ログイン]
[ADMIN] 17:01:36.930224 シナリオ走行を終了しました [シナリオ名: ログイン]
[ADMIN] 17:01:36.930235 シナリオ走行を開始しました [シナリオ名: ログイン]
[ADMIN] 17:01:36.939495 シナリオ走行を終了しました [シナリオ名: 新規ユーザー登録]
[ADMIN] 17:01:36.939514 シナリオ走行を開始しました [シナリオ名: 新規ユーザー登録]
[ADMIN] 17:01:36.967352 シナリオ走行を終了しました [シナリオ名: ログイン]
[ADMIN] 17:01:36.967362 シナリオ走行を開始しました [シナリオ名: ログイン]
[ADMIN] 17:01:36.968734 シナリオ走行を終了しました [シナリオ名: Banユーザログイン]
[ADMIN] 17:01:36.968742 シナリオ走行を開始しました [シナリオ名: Banユーザログイン]
[ADMIN] 17:01:36.997814 シナリオ走行を終了しました [シナリオ名: 新規ユーザー登録]
[ADMIN] 17:01:36.997833 シナリオ走行を開始しました [シナリオ名: 新規ユーザー登録]
[ADMIN] 17:01:37.022829 シナリオ走行を終了しました [シナリオ名: ログイン]
[ADMIN] 17:01:37.022843 シナリオ走行を開始しました [シナリオ名: ログイン]
[ADMIN] 17:01:37.058545 シナリオ走行を終了しました [シナリオ名: 新規ユーザー登録]
[ADMIN] 17:01:37.058564 シナリオ走行を開始しました [シナリオ名: 新規ユーザー登録]
[ADMIN] 17:01:37.073539 シナリオ走行を終了しました [シナリオ名: ログイン]
[ADMIN] 17:01:37.073551 シナリオ走行を開始しました [シナリオ名: ログイン]
[ADMIN] 17:01:37.118052 シナリオ走行を終了しました [シナリオ名: ログイン]
[ADMIN] 17:01:37.118065 シナリオ走行を開始しました [シナリオ名: ログイン]
[ADMIN] 17:01:37.120891 シナリオ走行を終了しました [シナリオ名: 新規ユーザー登録]
[ADMIN] 17:01:37.120909 シナリオ走行を開始しました [シナリオ名: 新規ユーザー登録]
[ADMIN] 17:01:37.158259 シナリオ走行を終了しました [シナリオ名: ログイン]
[ADMIN] 17:01:37.158272 シナリオ走行を開始しました [シナリオ名: ログイン]
[ADMIN] 17:01:37.178410 シナリオ走行を終了しました [シナリオ名: 新規ユーザー登録]
[ADMIN] 17:01:37.178433 シナリオ走行を開始しました [シナリオ名: 新規ユーザー登録]
[ADMIN] 17:01:37.206715 シナリオ走行を終了しました [シナリオ名: ログイン]
[ADMIN] 17:01:37.206725 シナリオ走行を開始しました [シナリオ名: ログイン]
[ADMIN] 17:01:37.238505 シナリオ走行を終了しました [シナリオ名: ログイン]
[ADMIN] 17:01:37.238517 シナリオ走行を開始しました [シナリオ名: ログイン]
[ADMIN] 17:01:37.241088 シナリオ走行を終了しました [シナリオ名: 新規ユーザー登録]
[ADMIN] 17:01:37.241107 シナリオ走行を開始しました [シナリオ名: 新規ユーザー登録]
[ADMIN] 17:01:37.278401 シナリオ走行を終了しました [シナリオ名: ログイン]
[ADMIN] 17:01:37.278416 シナリオ走行を開始しました [シナリオ名: ログイン]
[ADMIN] 17:01:37.300633 シナリオ走行を終了しました [シナリオ名: 新規ユーザー登録]
[ADMIN] 17:01:37.300656 シナリオ走行を開始しました [シナリオ名: 新規ユーザー登録]
[ADMIN] 17:01:37.327755 シナリオ走行を終了しました [シナリオ名: ログイン]
[ADMIN] 17:01:37.327768 シナリオ走行を開始しました [シナリオ名: ログイン]
[ADMIN] 17:01:37.364093 シナリオ走行を終了しました [シナリオ名: 新規ユーザー登録]
[ADMIN] 17:01:37.364117 シナリオ走行を開始しました [シナリオ名: 新規ユーザー登録]
[ADMIN] 17:01:37.372267 シナリオ走行を終了しました [シナリオ名: ログイン]
[ADMIN] 17:01:37.372280 シナリオ走行を開始しました [シナリオ名: ログイン]
[ADMIN] 17:01:37.403455 シナリオ走行を終了しました [シナリオ名: ログイン]
[ADMIN] 17:01:37.403467 シナリオ走行を開始しました [シナリオ名: ログイン]
[ADMIN] 17:01:37.421169 シナリオ走行を終了しました [シナリオ名: 新規ユーザー登録]
[ADMIN] 17:01:37.421192 シナリオ走行を開始しました [シナリオ名: 新規ユーザー登録]
[ADMIN] 17:01:37.449699 シナリオ走行を終了しました [シナリオ名: ログイン]
[ADMIN] 17:01:37.449714 シナリオ走行を開始しました [シナリオ名: ログイン]
[ADMIN] 17:01:37.471233 シナリオ走行を終了しました [シナリオ名: Banユーザログイン]
[ADMIN] 17:01:37.471252 シナリオ走行を開始しました [シナリオ名: Banユーザログイン]
[ADMIN] 17:01:37.471872 シナリオ走行を終了しました [シナリオ名: 新規ユーザー登録]
[ADMIN] 17:01:37.471906 シナリオ走行を開始しました [シナリオ名: 新規ユーザー登録]
[ADMIN] 17:01:37.477354 シナリオ走行を終了しました [シナリオ名: ログイン]
[ADMIN] 17:01:37.477365 シナリオ走行を開始しました [シナリオ名: ログイン]
[ADMIN] 17:01:37.502731 シナリオ走行を終了しました [シナリオ名: ログイン]
[ADMIN] 17:01:37.502743 シナリオ走行を開始しました [シナリオ名: ログイン]
[ADMIN] 17:01:37.523668 シナリオ走行を終了しました [シナリオ名: 新規ユーザー登録]
[ADMIN] 17:01:37.523689 シナリオ走行を開始しました [シナリオ名: 新規ユーザー登録]
[ADMIN] 17:01:37.534668 シナリオ走行を終了しました [シナリオ名: ログイン]
[ADMIN] 17:01:37.534679 シナリオ走行を開始しました [シナリオ名: ログイン]
[ADMIN] 17:01:37.570660 シナリオ走行を終了しました [シナリオ名: ログイン]
[ADMIN] 17:01:37.570676 シナリオ走行を開始しました [シナリオ名: ログイン]
[ADMIN] 17:01:37.575447 シナリオ走行を終了しました [シナリオ名: 新規ユーザー登録]
[ADMIN] 17:01:37.575469 シナリオ走行を開始しました [シナリオ名: 新規ユーザー登録]
[ADMIN] 17:01:37.597996 シナリオ走行を終了しました [シナリオ名: ログイン]
[ADMIN] 17:01:37.598007 シナリオ走行を開始しました [シナリオ名: ログイン]
[ADMIN] 17:01:37.626315 シナリオ走行を終了しました [シナリオ名: 新規ユーザー登録]
[ADMIN] 17:01:37.626339 シナリオ走行を開始しました [シナリオ名: 新規ユーザー登録]
[ADMIN] 17:01:37.628033 シナリオ走行を終了しました [シナリオ名: ログイン]
[ADMIN] 17:01:37.628042 シナリオ走行を開始しました [シナリオ名: ログイン]
[ADMIN] 17:01:37.662545 シナリオ走行を終了しました [シナリオ名: ログイン]
[ADMIN] 17:01:37.662557 シナリオ走行を開始しました [シナリオ名: ログイン]
[ADMIN] 17:01:37.673114 シナリオ走行を終了しました [シナリオ名: 新規ユーザー登録]
[ADMIN] 17:01:37.673131 シナリオ走行を開始しました [シナリオ名: 新規ユーザー登録]
[ADMIN] 17:01:37.707094 シナリオ走行を終了しました [シナリオ名: ログイン]
[ADMIN] 17:01:37.707106 シナリオ走行を開始しました [シナリオ名: ログイン]
[ADMIN] 17:01:37.734829 シナリオ走行を終了しました [シナリオ名: 新規ユーザー登録]
[ADMIN] 17:01:37.734854 シナリオ走行を開始しました [シナリオ名: 新規ユーザー登録]
[ADMIN] 17:01:37.736750 シナリオ走行を終了しました [シナリオ名: ログイン]
[ADMIN] 17:01:37.736760 シナリオ走行を開始しました [シナリオ名: ログイン]
[ADMIN] 17:01:37.764527 シナリオ走行を終了しました [シナリオ名: ログイン]
[ADMIN] 17:01:37.764543 シナリオ走行を開始しました [シナリオ名: ログイン]
[ADMIN] 17:01:37.784194 シナリオ走行を終了しました [シナリオ名: 新規ユーザー登録]
[ADMIN] 17:01:37.784216 シナリオ走行を開始しました [シナリオ名: 新規ユーザー登録]
[ADMIN] 17:01:37.797325 シナリオ走行を終了しました [シナリオ名: ログイン]
[ADMIN] 17:01:37.797335 シナリオ走行を開始しました [シナリオ名: ログイン]
[ADMIN] 17:01:37.827038 シナリオ走行を終了しました [シナリオ名: ログイン]
[ADMIN] 17:01:37.827047 シナリオ走行を開始しました [シナリオ名: ログイン]
[ADMIN] 17:01:37.834201 シナリオ走行を終了しました [シナリオ名: 新規ユーザー登録]
[ADMIN] 17:01:37.834223 シナリオ走行を開始しました [シナリオ名: 新規ユーザー登録]
[ADMIN] 17:01:37.871620 シナリオ走行を終了しました [シナリオ名: ログイン]
[ADMIN] 17:01:37.871633 シナリオ走行を開始しました [シナリオ名: ログイン]
[ADMIN] 17:01:37.885281 シナリオ走行を終了しました [シナリオ名: 新規ユーザー登録]
[ADMIN] 17:01:37.885307 シナリオ走行を開始しました [シナリオ名: 新規ユーザー登録]
[ADMIN] 17:01:37.916449 シナリオ走行を終了しました [シナリオ名: ログイン]
[ADMIN] 17:01:37.916461 シナリオ走行を開始しました [シナリオ名: ログイン]
[ADMIN] 17:01:37.935968 シナリオ走行を終了しました [シナリオ名: 新規ユーザー登録]
[ADMIN] 17:01:37.935994 シナリオ走行を開始しました [シナリオ名: 新規ユーザー登録]
[ADMIN] 17:01:37.960941 シナリオ走行を終了しました [シナリオ名: ログイン]
[ADMIN] 17:01:37.960954 シナリオ走行を開始しました [シナリオ名: ログイン]
[ADMIN] 17:01:37.972813 シナリオ走行を終了しました [シナリオ名: Banユーザログイン]
[ADMIN] 17:01:37.972836 シナリオ走行を開始しました [シナリオ名: Banユーザログイン]
[ADMIN] 17:01:37.994589 シナリオ走行を終了しました [シナリオ名: 新規ユーザー登録]
[ADMIN] 17:01:37.994630 シナリオ走行を開始しました [シナリオ名: 新規ユーザー登録]
[ADMIN] 17:01:38.007803 シナリオ走行を終了しました [シナリオ名: ログイン]
[ADMIN] 17:01:38.007816 シナリオ走行を開始しました [シナリオ名: ログイン]
[ADMIN] 17:01:38.040957 シナリオ走行を終了しました [シナリオ名: ログイン]
[ADMIN] 17:01:38.040976 シナリオ走行を開始しました [シナリオ名: ログイン]
[ADMIN] 17:01:38.055492 シナリオ走行を終了しました [シナリオ名: 新規ユーザー登録]
[ADMIN] 17:01:38.055519 シナリオ走行を開始しました [シナリオ名: 新規ユーザー登録]
[ADMIN] 17:01:38.071451 シナリオ走行を終了しました [シナリオ名: ログイン]
[ADMIN] 17:01:38.071462 シナリオ走行を開始しました [シナリオ名: ログイン]
[ADMIN] 17:01:38.113650 シナリオ走行を終了しました [シナリオ名: 新規ユーザー登録]
[ADMIN] 17:01:38.113673 シナリオ走行を開始しました [シナリオ名: 新規ユーザー登録]
[ADMIN] 17:01:38.115530 シナリオ走行を終了しました [シナリオ名: ログイン]
[ADMIN] 17:01:38.115542 シナリオ走行を開始しました [シナリオ名: ログイン]
[ADMIN] 17:01:38.160883 シナリオ走行を終了しました [シナリオ名: ログイン]
[ADMIN] 17:01:38.160896 シナリオ走行を開始しました [シナリオ名: ログイン]
[ADMIN] 17:01:38.174884 シナリオ走行を終了しました [シナリオ名: 新規ユーザー登録]
[ADMIN] 17:01:38.174908 シナリオ走行を開始しました [シナリオ名: 新規ユーザー登録]
[ADMIN] 17:01:38.197404 シナリオ走行を終了しました [シナリオ名: ログイン]
[ADMIN] 17:01:38.197418 シナリオ走行を開始しました [シナリオ名: ログイン]
[ADMIN] 17:01:38.228894 シナリオ走行を終了しました [シナリオ名: ログイン]
[ADMIN] 17:01:38.228910 シナリオ走行を開始しました [シナリオ名: ログイン]
[ADMIN] 17:01:38.235565 シナリオ走行を終了しました [シナリオ名: 新規ユーザー登録]
[ADMIN] 17:01:38.235583 シナリオ走行を開始しました [シナリオ名: 新規ユーザー登録]
[ADMIN] 17:01:38.260892 シナリオ走行を終了しました [シナリオ名: ログイン]
[ADMIN] 17:01:38.260904 シナリオ走行を開始しました [シナリオ名: ログイン]
[ADMIN] 17:01:38.293299 シナリオ走行を終了しました [シナリオ名: 新規ユーザー登録]
[ADMIN] 17:01:38.293330 シナリオ走行を開始しました [シナリオ名: 新規ユーザー登録]
[ADMIN] 17:01:38.293333 シナリオ走行を終了しました [シナリオ名: ログイン]
[ADMIN] 17:01:38.293340 シナリオ走行を開始しました [シナリオ名: ログイン]
[ADMIN] 17:01:38.324221 シナリオ走行を終了しました [シナリオ名: ログイン]
[ADMIN] 17:01:38.324237 シナリオ走行を開始しました [シナリオ名: ログイン]
[ADMIN] 17:01:38.353861 シナリオ走行を終了しました [シナリオ名: 新規ユーザー登録]
[ADMIN] 17:01:38.353888 シナリオ走行を開始しました [シナリオ名: 新規ユーザー登録]
[ADMIN] 17:01:38.377251 シナリオ走行を終了しました [シナリオ名: ログイン]
[ADMIN] 17:01:38.377264 シナリオ走行を開始しました [シナリオ名: ログイン]
[ADMIN] 17:01:38.405947 シナリオ走行を終了しました [シナリオ名: 新規ユーザー登録]
[ADMIN] 17:01:38.405967 シナリオ走行を開始しました [シナリオ名: 新規ユーザー登録]
[ADMIN] 17:01:38.423058 シナリオ走行を終了しました [シナリオ名: ログイン]
[ADMIN] 17:01:38.423069 シナリオ走行を開始しました [シナリオ名: ログイン]
[ADMIN] 17:01:38.453425 シナリオ走行を終了しました [シナリオ名: ログイン]
[ADMIN] 17:01:38.453435 シナリオ走行を開始しました [シナリオ名: ログイン]
[ADMIN] 17:01:38.462339 シナリオ走行を終了しました [シナリオ名: 新規ユーザー登録]
[ADMIN] 17:01:38.462355 シナリオ走行を開始しました [シナリオ名: 新規ユーザー登録]
[ADMIN] 17:01:38.475695 シナリオ走行を終了しました [シナリオ名: Banユーザログイン]
[ADMIN] 17:01:38.475711 シナリオ走行を開始しました [シナリオ名: Banユーザログイン]
[ADMIN] 17:01:38.490692 シナリオ走行を終了しました [シナリオ名: ログイン]
[ADMIN] 17:01:38.490703 シナリオ走行を開始しました [シナリオ名: ログイン]
[ADMIN] 17:01:38.511567 シナリオ走行を終了しました [シナリオ名: 新規ユーザー登録]
[ADMIN] 17:01:38.511588 シナリオ走行を開始しました [シナリオ名: 新規ユーザー登録]
[ADMIN] 17:01:38.542549 シナリオ走行を終了しました [シナリオ名: ログイン]
[ADMIN] 17:01:38.542561 シナリオ走行を開始しました [シナリオ名: ログイン]
[ADMIN] 17:01:38.562965 シナリオ走行を終了しました [シナリオ名: 新規ユーザー登録]
[ADMIN] 17:01:38.562984 シナリオ走行を開始しました [シナリオ名: 新規ユーザー登録]
[ADMIN] 17:01:38.570127 シナリオ走行を終了しました [シナリオ名: ログイン]
[ADMIN] 17:01:38.570138 シナリオ走行を開始しました [シナリオ名: ログイン]
[ADMIN] 17:01:38.604210 シナリオ走行を終了しました [シナリオ名: ログイン]
[ADMIN] 17:01:38.604222 シナリオ走行を開始しました [シナリオ名: ログイン]
[ADMIN] 17:01:38.613131 シナリオ走行を終了しました [シナリオ名: 新規ユーザー登録]
[ADMIN] 17:01:38.613152 シナリオ走行を開始しました [シナリオ名: 新規ユーザー登録]
[ADMIN] 17:01:38.641239 シナリオ走行を終了しました [シナリオ名: ログイン]
[ADMIN] 17:01:38.641248 シナリオ走行を開始しました [シナリオ名: ログイン]
[ADMIN] 17:01:38.662969 シナリオ走行を終了しました [シナリオ名: 新規ユーザー登録]
[ADMIN] 17:01:38.662991 シナリオ走行を開始しました [シナリオ名: 新規ユーザー登録]
[ADMIN] 17:01:38.684581 シナリオ走行を終了しました [シナリオ名: ログイン]
[ADMIN] 17:01:38.684594 シナリオ走行を開始しました [シナリオ名: ログイン]
[ADMIN] 17:01:38.714353 シナリオ走行を終了しました [シナリオ名: 新規ユーザー登録]
[ADMIN] 17:01:38.714373 シナリオ走行を開始しました [シナリオ名: 新規ユーザー登録]
[ADMIN] 17:01:38.723621 シナリオ走行を終了しました [シナリオ名: ログイン]
[ADMIN] 17:01:38.723632 シナリオ走行を開始しました [シナリオ名: ログイン]
[ADMIN] 17:01:38.750952 シナリオ走行を終了しました [シナリオ名: ログイン]
[ADMIN] 17:01:38.750963 シナリオ走行を開始しました [シナリオ名: ログイン]
[ADMIN] 17:01:38.764818 シナリオ走行を終了しました [シナリオ名: 新規ユーザー登録]
[ADMIN] 17:01:38.764835 シナリオ走行を開始しました [シナリオ名: 新規ユーザー登録]
[ADMIN] 17:01:38.796432 シナリオ走行を終了しました [シナリオ名: ログイン]
[ADMIN] 17:01:38.796445 シナリオ走行を開始しました [シナリオ名: ログイン]
[ADMIN] 17:01:38.814513 シナリオ走行を終了しました [シナリオ名: 新規ユーザー登録]
[ADMIN] 17:01:38.814533 シナリオ走行を開始しました [シナリオ名: 新規ユーザー登録]
[ADMIN] 17:01:38.839992 シナリオ走行を終了しました [シナリオ名: ログイン]
[ADMIN] 17:01:38.840004 シナリオ走行を開始しました [シナリオ名: ログイン]
[ADMIN] 17:01:38.863167 シナリオ走行を終了しました [シナリオ名: 新規ユーザー登録]
[ADMIN] 17:01:38.863187 シナリオ走行を開始しました [シナリオ名: 新規ユーザー登録]
[ADMIN] 17:01:38.867022 シナリオ走行を終了しました [シナリオ名: ログイン]
[ADMIN] 17:01:38.867037 シナリオ走行を開始しました [シナリオ名: ログイン]
[ADMIN] 17:01:38.896188 シナリオ走行を終了しました [シナリオ名: ログイン]
[ADMIN] 17:01:38.896200 シナリオ走行を開始しました [シナリオ名: ログイン]
[ADMIN] 17:01:38.919437 シナリオ走行を終了しました [シナリオ名: 新規ユーザー登録]
[ADMIN] 17:01:38.919459 シナリオ走行を開始しました [シナリオ名: 新規ユーザー登録]
[ADMIN] 17:01:38.926102 シナリオ走行を終了しました [シナリオ名: ログイン]
[ADMIN] 17:01:38.926113 シナリオ走行を開始しました [シナリオ名: ログイン]
[ADMIN] 17:01:38.958067 シナリオ走行を終了しました [シナリオ名: ログイン]
[ADMIN] 17:01:38.958082 シナリオ走行を開始しました [シナリオ名: ログイン]
[ADMIN] 17:01:38.971965 シナリオ走行を終了しました [シナリオ名: 新規ユーザー登録]
[ADMIN] 17:01:38.971989 シナリオ走行を開始しました [シナリオ名: 新規ユーザー登録]
[ADMIN] 17:01:38.978456 シナリオ走行を終了しました [シナリオ名: Banユーザログイン]
[ADMIN] 17:01:38.978478 シナリオ走行を開始しました [シナリオ名: Banユーザログイン]
[ADMIN] 17:01:38.999521 シナリオ走行を終了しました [シナリオ名: ログイン]
[ADMIN] 17:01:38.999533 シナリオ走行を開始しました [シナリオ名: ログイン]
[ADMIN] 17:01:39.032732 シナリオ走行を終了しました [シナリオ名: 新規ユーザー登録]
[ADMIN] 17:01:39.032763 シナリオ走行を開始しました [シナリオ名: 新規ユーザー登録]
[ADMIN] 17:01:39.041027 シナリオ走行を終了しました [シナリオ名: ログイン]
[ADMIN] 17:01:39.041039 シナリオ走行を開始しました [シナリオ名: ログイン]
[ADMIN] 17:01:39.072895 シナリオ走行を終了しました [シナリオ名: ログイン]
[ADMIN] 17:01:39.072907 シナリオ走行を開始しました [シナリオ名: ログイン]
[ADMIN] 17:01:39.089061 シナリオ走行を終了しました [シナリオ名: 新規ユーザー登録]
[ADMIN] 17:01:39.089090 シナリオ走行を開始しました [シナリオ名: 新規ユーザー登録]
[ADMIN] 17:01:39.112214 シナリオ走行を終了しました [シナリオ名: ログイン]
[ADMIN] 17:01:39.112231 シナリオ走行を開始しました [シナリオ名: ログイン]
[ADMIN] 17:01:39.144686 シナリオ走行を終了しました [シナリオ名: ログイン]
[ADMIN] 17:01:39.144701 シナリオ走行を開始しました [シナリオ名: ログイン]
[ADMIN] 17:01:39.150683 シナリオ走行を終了しました [シナリオ名: 新規ユーザー登録]
[ADMIN] 17:01:39.150702 シナリオ走行を開始しました [シナリオ名: 新規ユーザー登録]
[ADMIN] 17:01:39.184756 シナリオ走行を終了しました [シナリオ名: ログイン]
[ADMIN] 17:01:39.184770 シナリオ走行を開始しました [シナリオ名: ログイン]
[ADMIN] 17:01:39.205409 シナリオ走行を終了しました [シナリオ名: 新規ユーザー登録]
[ADMIN] 17:01:39.205431 シナリオ走行を開始しました [シナリオ名: 新規ユーザー登録]
[ADMIN] 17:01:39.231962 シナリオ走行を終了しました [シナリオ名: ログイン]
[ADMIN] 17:01:39.231973 シナリオ走行を開始しました [シナリオ名: ログイン]
[ADMIN] 17:01:39.263058 シナリオ走行を終了しました [シナリオ名: 新規ユーザー登録]
[ADMIN] 17:01:39.263080 シナリオ走行を開始しました [シナリオ名: 新規ユーザー登録]
[ADMIN] 17:01:39.283307 シナリオ走行を終了しました [シナリオ名: ログイン]
[ADMIN] 17:01:39.283320 シナリオ走行を開始しました [シナリオ名: ログイン]
[ADMIN] 17:01:39.321621 シナリオ走行を終了しました [シナリオ名: ログイン]
[ADMIN] 17:01:39.321633 シナリオ走行を開始しました [シナリオ名: ログイン]
[ADMIN] 17:01:39.322273 シナリオ走行を終了しました [シナリオ名: 新規ユーザー登録]
[ADMIN] 17:01:39.322290 シナリオ走行を開始しました [シナリオ名: 新規ユーザー登録]
[ADMIN] 17:01:39.356354 シナリオ走行を終了しました [シナリオ名: ログイン]
[ADMIN] 17:01:39.356371 シナリオ走行を開始しました [シナリオ名: ログイン]
[ADMIN] 17:01:39.378359 シナリオ走行を終了しました [シナリオ名: 新規ユーザー登録]
[ADMIN] 17:01:39.378381 シナリオ走行を開始しました [シナリオ名: 新規ユーザー登録]
[ADMIN] 17:01:39.403239 シナリオ走行を終了しました [シナリオ名: ログイン]
[ADMIN] 17:01:39.403254 シナリオ走行を開始しました [シナリオ名: ログイン]
[ADMIN] 17:01:39.430487 シナリオ走行を終了しました [シナリオ名: 新規ユーザー登録]
[ADMIN] 17:01:39.430517 シナリオ走行を開始しました [シナリオ名: 新規ユーザー登録]
[ADMIN] 17:01:39.452477 シナリオ走行を終了しました [シナリオ名: ログイン]
[ADMIN] 17:01:39.452492 シナリオ走行を開始しました [シナリオ名: ログイン]
[ADMIN] 17:01:39.481115 シナリオ走行を終了しました [シナリオ名: Banユーザログイン]
[ADMIN] 17:01:39.481132 シナリオ走行を開始しました [シナリオ名: Banユーザログイン]
[ADMIN] 17:01:39.483133 シナリオ走行を終了しました [シナリオ名: 新規ユーザー登録]
[ADMIN] 17:01:39.483153 シナリオ走行を開始しました [シナリオ名: 新規ユーザー登録]
[ADMIN] 17:01:39.497525 シナリオ走行を終了しました [シナリオ名: ログイン]
[ADMIN] 17:01:39.497537 シナリオ走行を開始しました [シナリオ名: ログイン]
[ADMIN] 17:01:39.535926 シナリオ走行を終了しました [シナリオ名: 新規ユーザー登録]
[ADMIN] 17:01:39.535947 シナリオ走行を開始しました [シナリオ名: 新規ユーザー登録]
[ADMIN] 17:01:39.539257 シナリオ走行を終了しました [シナリオ名: ログイン]
[ADMIN] 17:01:39.539265 シナリオ走行を開始しました [シナリオ名: ログイン]
[ADMIN] 17:01:39.573321 シナリオ走行を終了しました [シナリオ名: ログイン]
[ADMIN] 17:01:39.573333 シナリオ走行を開始しました [シナリオ名: ログイン]
[ADMIN] 17:01:39.585842 シナリオ走行を終了しました [シナリオ名: 新規ユーザー登録]
[ADMIN] 17:01:39.585869 シナリオ走行を開始しました [シナリオ名: 新規ユーザー登録]
[ADMIN] 17:01:39.607105 シナリオ走行を終了しました [シナリオ名: ログイン]
[ADMIN] 17:01:39.607118 シナリオ走行を開始しました [シナリオ名: ログイン]
[ADMIN] 17:01:39.637217 シナリオ走行を終了しました [シナリオ名: ログイン]
[ADMIN] 17:01:39.637229 シナリオ走行を開始しました [シナリオ名: ログイン]
[ADMIN] 17:01:39.638730 シナリオ走行を終了しました [シナリオ名: 新規ユーザー登録]
[ADMIN] 17:01:39.638750 シナリオ走行を開始しました [シナリオ名: 新規ユーザー登録]
[ADMIN] 17:01:39.672533 シナリオ走行を終了しました [シナリオ名: ログイン]
[ADMIN] 17:01:39.672545 シナリオ走行を開始しました [シナリオ名: ログイン]
[ADMIN] 17:01:39.688379 シナリオ走行を終了しました [シナリオ名: 新規ユーザー登録]
[ADMIN] 17:01:39.688396 シナリオ走行を開始しました [シナリオ名: 新規ユーザー登録]
[ADMIN] 17:01:39.715228 シナリオ走行を終了しました [シナリオ名: ログイン]
[ADMIN] 17:01:39.715307 シナリオ走行を開始しました [シナリオ名: ログイン]
[ADMIN] 17:01:39.739104 シナリオ走行を終了しました [シナリオ名: 新規ユーザー登録]
[ADMIN] 17:01:39.739136 シナリオ走行を開始しました [シナリオ名: 新規ユーザー登録]
[ADMIN] 17:01:39.751559 シナリオ走行を終了しました [シナリオ名: ログイン]
[ADMIN] 17:01:39.751569 シナリオ走行を開始しました [シナリオ名: ログイン]
[ADMIN] 17:01:39.788735 シナリオ走行を終了しました [シナリオ名: 新規ユーザー登録]
[ADMIN] 17:01:39.788760 シナリオ走行を開始しました [シナリオ名: 新規ユーザー登録]
[ADMIN] 17:01:39.791197 シナリオ走行を終了しました [シナリオ名: ログイン]
[ADMIN] 17:01:39.791207 シナリオ走行を開始しました [シナリオ名: ログイン]
[ADMIN] 17:01:39.834022 シナリオ走行を終了しました [シナリオ名: ログイン]
[ADMIN] 17:01:39.834034 シナリオ走行を開始しました [シナリオ名: ログイン]
[ADMIN] 17:01:39.838284 シナリオ走行を終了しました [シナリオ名: 新規ユーザー登録]
[ADMIN] 17:01:39.838304 シナリオ走行を開始しました [シナリオ名: 新規ユーザー登録]
[ADMIN] 17:01:39.870604 シナリオ走行を終了しました [シナリオ名: ログイン]
[ADMIN] 17:01:39.870632 シナリオ走行を開始しました [シナリオ名: ログイン]
[ADMIN] 17:01:39.889115 シナリオ走行を終了しました [シナリオ名: 新規ユーザー登録]
[ADMIN] 17:01:39.889137 シナリオ走行を開始しました [シナリオ名: 新規ユーザー登録]
[ADMIN] 17:01:39.899119 シナリオ走行を終了しました [シナリオ名: ログイン]
[ADMIN] 17:01:39.899130 シナリオ走行を開始しました [シナリオ名: ログイン]
17:01:39.926034 現在のログイン成功数: [total: 255 (+255人)]
17:01:39.926042 現在のユーザー登録成功数: [total: 180 (+180人)]
[ADMIN] 17:01:39.937832 シナリオ走行を終了しました [シナリオ名: 新規ユーザー登録]
[ADMIN] 17:01:39.937855 シナリオ走行を開始しました [シナリオ名: 新規ユーザー登録]
[ADMIN] 17:01:39.943846 シナリオ走行を終了しました [シナリオ名: ログイン]
[ADMIN] 17:01:39.943857 シナリオ走行を開始しました [シナリオ名: ログイン]
[ADMIN] 17:01:39.975446 シナリオ走行を終了しました [シナリオ名: ログイン]
[ADMIN] 17:01:39.975482 シナリオ走行を開始しました [シナリオ名: ログイン]
[ADMIN] 17:01:39.975520 シナリオ走行を開始しました [シナリオ名: ログイン]
[ADMIN] 17:01:39.975538 シナリオ走行を開始しました [シナリオ名: ログイン]
[ADMIN] 17:01:39.975543 シナリオ走行を開始しました [シナリオ名: ログイン]
[ADMIN] 17:01:39.975642 シナリオ走行を開始しました [シナリオ名: ログイン]
[ADMIN] 17:01:39.975655 シナリオ走行を開始しました [シナリオ名: ログイン]
[ADMIN] 17:01:39.975678 シナリオ走行を開始しました [シナリオ名: ログイン]
[ADMIN] 17:01:39.975748 シナリオ走行を開始しました [シナリオ名: ログイン]
[ADMIN] 17:01:39.975776 シナリオ走行を開始しました [シナリオ名: ログイン]
[ADMIN] 17:01:39.975751 シナリオ走行を開始しました [シナリオ名: ログイン]
[ADMIN] 17:01:39.975879 シナリオ走行を開始しました [シナリオ名: ログイン]
[ADMIN] 17:01:39.975884 シナリオ走行を開始しました [シナリオ名: ログイン]
[ADMIN] 17:01:39.975898 シナリオ走行を開始しました [シナリオ名: ログイン]
[ADMIN] 17:01:39.983527 シナリオ走行を終了しました [シナリオ名: Banユーザログイン]
[ADMIN] 17:01:39.983543 シナリオ走行を開始しました [シナリオ名: Banユーザログイン]
[ADMIN] 17:01:40.093456 シナリオ走行を終了しました [シナリオ名: ログイン]
[ADMIN] 17:01:40.093472 シナリオ走行を開始しました [シナリオ名: ログイン]
[ADMIN] 17:01:40.095820 シナリオ走行を終了しました [シナリオ名: ログイン]
[ADMIN] 17:01:40.095831 シナリオ走行を開始しました [シナリオ名: ログイン]
[ADMIN] 17:01:40.130645 シナリオ走行を終了しました [シナリオ名: ログイン]
[ADMIN] 17:01:40.130655 シナリオ走行を開始しました [シナリオ名: ログイン]
[ADMIN] 17:01:40.139110 シナリオ走行を終了しました [シナリオ名: 新規ユーザー登録]
[ADMIN] 17:01:40.139134 シナリオ走行を開始しました [シナリオ名: 新規ユーザー登録]
[ADMIN] 17:01:40.195346 シナリオ走行を終了しました [シナリオ名: ログイン]
[ADMIN] 17:01:40.195357 シナリオ走行を開始しました [シナリオ名: ログイン]
[ADMIN] 17:01:40.221548 シナリオ走行を終了しました [シナリオ名: ログイン]
[ADMIN] 17:01:40.221558 シナリオ走行を開始しました [シナリオ名: ログイン]
[ADMIN] 17:01:40.221801 シナリオ走行を終了しました [シナリオ名: ログイン]
[ADMIN] 17:01:40.221810 シナリオ走行を開始しました [シナリオ名: ログイン]
[ADMIN] 17:01:40.233789 シナリオ走行を終了しました [シナリオ名: ログイン]
[ADMIN] 17:01:40.233799 シナリオ走行を開始しました [シナリオ名: ログイン]
[ADMIN] 17:01:40.290959 シナリオ走行を終了しました [シナリオ名: ログイン]
[ADMIN] 17:01:40.290970 シナリオ走行を開始しました [シナリオ名: ログイン]
[ADMIN] 17:01:40.296022 シナリオ走行を終了しました [シナリオ名: ログイン]
[ADMIN] 17:01:40.296031 シナリオ走行を開始しました [シナリオ名: ログイン]
[ADMIN] 17:01:40.301753 シナリオ走行を終了しました [シナリオ名: ログイン]
[ADMIN] 17:01:40.301761 シナリオ走行を開始しました [シナリオ名: ログイン]
[ADMIN] 17:01:40.319209 シナリオ走行を終了しました [シナリオ名: ログイン]
[ADMIN] 17:01:40.319219 シナリオ走行を開始しました [シナリオ名: ログイン]
[ADMIN] 17:01:40.340297 シナリオ走行を終了しました [シナリオ名: ログイン]
[ADMIN] 17:01:40.340307 シナリオ走行を開始しました [シナリオ名: ログイン]
[ADMIN] 17:01:40.345681 シナリオ走行を終了しました [シナリオ名: ログイン]
[ADMIN] 17:01:40.345688 シナリオ走行を開始しました [シナリオ名: ログイン]
[ADMIN] 17:01:40.351110 シナリオ走行を終了しました [シナリオ名: 新規ユーザー登録]
[ADMIN] 17:01:40.351136 シナリオ走行を開始しました [シナリオ名: 新規ユーザー登録]
[ADMIN] 17:01:40.351186 シナリオ走行を開始しました [シナリオ名: 新規ユーザー登録]
[ADMIN] 17:01:40.351202 シナリオ走行を開始しました [シナリオ名: 新規ユーザー登録]
[ADMIN] 17:01:40.351242 シナリオ走行を開始しました [シナリオ名: 新規ユーザー登録]
[ADMIN] 17:01:40.351245 シナリオ走行を開始しました [シナリオ名: 新規ユーザー登録]
[ADMIN] 17:01:40.425482 シナリオ走行を終了しました [シナリオ名: ログイン]
[ADMIN] 17:01:40.425496 シナリオ走行を開始しました [シナリオ名: ログイン]
[ADMIN] 17:01:40.433926 シナリオ走行を終了しました [シナリオ名: ログイン]
[ADMIN] 17:01:40.433935 シナリオ走行を開始しました [シナリオ名: ログイン]
[ADMIN] 17:01:40.465343 シナリオ走行を終了しました [シナリオ名: ログイン]
[ADMIN] 17:01:40.465356 シナリオ走行を開始しました [シナリオ名: ログイン]
[ADMIN] 17:01:40.468052 シナリオ走行を終了しました [シナリオ名: ログイン]
[ADMIN] 17:01:40.468061 シナリオ走行を開始しました [シナリオ名: ログイン]
[ADMIN] 17:01:40.486191 シナリオ走行を終了しました [シナリオ名: Banユーザログイン]
[ADMIN] 17:01:40.486209 シナリオ走行を開始しました [シナリオ名: Banユーザログイン]
[ADMIN] 17:01:40.488625 シナリオ走行を終了しました [シナリオ名: ログイン]
[ADMIN] 17:01:40.488637 シナリオ走行を開始しました [シナリオ名: ログイン]
[ADMIN] 17:01:40.513776 シナリオ走行を終了しました [シナリオ名: ログイン]
[ADMIN] 17:01:40.513786 シナリオ走行を開始しました [シナリオ名: ログイン]
[ADMIN] 17:01:40.552102 シナリオ走行を終了しました [シナリオ名: ログイン]
[ADMIN] 17:01:40.552118 シナリオ走行を開始しました [シナリオ名: ログイン]
[ADMIN] 17:01:40.562029 シナリオ走行を終了しました [シナリオ名: ログイン]
[ADMIN] 17:01:40.562039 シナリオ走行を開始しました [シナリオ名: ログイン]
[ADMIN] 17:01:40.580984 シナリオ走行を終了しました [シナリオ名: ログイン]
[ADMIN] 17:01:40.580997 シナリオ走行を開始しました [シナリオ名: ログイン]
[ADMIN] 17:01:40.611013 シナリオ走行を終了しました [シナリオ名: ログイン]
[ADMIN] 17:01:40.611030 シナリオ走行を開始しました [シナリオ名: ログイン]
[ADMIN] 17:01:40.615704 シナリオ走行を終了しました [シナリオ名: ログイン]
[ADMIN] 17:01:40.615716 シナリオ走行を開始しました [シナリオ名: ログイン]
[ADMIN] 17:01:40.627502 シナリオ走行を終了しました [シナリオ名: ログイン]
[ADMIN] 17:01:40.627513 シナリオ走行を開始しました [シナリオ名: ログイン]
[ADMIN] 17:01:40.639227 シナリオ走行を終了しました [シナリオ名: ログイン]
[ADMIN] 17:01:40.639237 シナリオ走行を開始しました [シナリオ名: ログイン]
[ADMIN] 17:01:40.656550 シナリオ走行を終了しました [シナリオ名: ログイン]
[ADMIN] 17:01:40.656564 シナリオ走行を開始しました [シナリオ名: ログイン]
[ADMIN] 17:01:40.660776 シナリオ走行を終了しました [シナリオ名: ログイン]
[ADMIN] 17:01:40.660788 シナリオ走行を開始しました [シナリオ名: ログイン]
[ADMIN] 17:01:40.660853 シナリオ走行を終了しました [シナリオ名: ログイン]
[ADMIN] 17:01:40.660865 シナリオ走行を開始しました [シナリオ名: ログイン]
[ADMIN] 17:01:40.673414 シナリオ走行を終了しました [シナリオ名: ログイン]
[ADMIN] 17:01:40.673425 シナリオ走行を開始しました [シナリオ名: ログイン]
[ADMIN] 17:01:40.714688 シナリオ走行を終了しました [シナリオ名: ログイン]
[ADMIN] 17:01:40.714699 シナリオ走行を開始しました [シナリオ名: ログイン]
[ADMIN] 17:01:40.722954 シナリオ走行を終了しました [シナリオ名: 新規ユーザー登録]
[ADMIN] 17:01:40.722979 シナリオ走行を開始しました [シナリオ名: 新規ユーザー登録]
[ADMIN] 17:01:40.731360 シナリオ走行を終了しました [シナリオ名: 新規ユーザー登録]
[ADMIN] 17:01:40.731385 シナリオ走行を開始しました [シナリオ名: 新規ユーザー登録]
[ADMIN] 17:01:40.763149 シナリオ走行を終了しました [シナリオ名: ログイン]
[ADMIN] 17:01:40.763160 シナリオ走行を開始しました [シナリオ名: ログイン]
[ADMIN] 17:01:40.791031 シナリオ走行を終了しました [シナリオ名: ログイン]
[ADMIN] 17:01:40.791044 シナリオ走行を開始しました [シナリオ名: ログイン]
[ADMIN] 17:01:40.831093 シナリオ走行を終了しました [シナリオ名: 新規ユーザー登録]
[ADMIN] 17:01:40.831113 シナリオ走行を開始しました [シナリオ名: 新規ユーザー登録]
[ADMIN] 17:01:40.849386 シナリオ走行を終了しました [シナリオ名: 新規ユーザー登録]
[ADMIN] 17:01:40.849405 シナリオ走行を開始しました [シナリオ名: 新規ユーザー登録]
[ADMIN] 17:01:40.862588 シナリオ走行を終了しました [シナリオ名: ログイン]
[ADMIN] 17:01:40.862598 シナリオ走行を開始しました [シナリオ名: ログイン]
[ADMIN] 17:01:40.869826 シナリオ走行を終了しました [シナリオ名: ログイン]
[ADMIN] 17:01:40.869836 シナリオ走行を開始しました [シナリオ名: ログイン]
[ADMIN] 17:01:40.871534 シナリオ走行を終了しました [シナリオ名: ログイン]
[ADMIN] 17:01:40.871545 シナリオ走行を開始しました [シナリオ名: ログイン]
[ADMIN] 17:01:40.887400 シナリオ走行を終了しました [シナリオ名: ログイン]
[ADMIN] 17:01:40.887408 シナリオ走行を開始しました [シナリオ名: ログイン]
[ADMIN] 17:01:40.896480 シナリオ走行を終了しました [シナリオ名: 新規ユーザー登録]
[ADMIN] 17:01:40.896499 シナリオ走行を開始しました [シナリオ名: 新規ユーザー登録]
[ADMIN] 17:01:40.914879 シナリオ走行を終了しました [シナリオ名: ログイン]
[ADMIN] 17:01:40.914887 シナリオ走行を開始しました [シナリオ名: ログイン]
[ADMIN] 17:01:40.944368 シナリオ走行を終了しました [シナリオ名: ログイン]
[ADMIN] 17:01:40.944377 シナリオ走行を開始しました [シナリオ名: ログイン]
[ADMIN] 17:01:40.956214 シナリオ走行を終了しました [シナリオ名: ログイン]
[ADMIN] 17:01:40.956223 シナリオ走行を開始しました [シナリオ名: ログイン]
[ADMIN] 17:01:40.962635 シナリオ走行を終了しました [シナリオ名: ログイン]
[ADMIN] 17:01:40.962643 シナリオ走行を開始しました [シナリオ名: ログイン]
[ADMIN] 17:01:40.987509 シナリオ走行を終了しました [シナリオ名: ログイン]
[ADMIN] 17:01:40.987518 シナリオ走行を開始しました [シナリオ名: ログイン]
[ADMIN] 17:01:40.988894 シナリオ走行を終了しました [シナリオ名: Banユーザログイン]
[ADMIN] 17:01:40.988913 シナリオ走行を開始しました [シナリオ名: Banユーザログイン]
[ADMIN] 17:01:40.988920 シナリオ走行を開始しました [シナリオ名: Banユーザログイン]
[ADMIN] 17:01:41.034646 シナリオ走行を終了しました [シナリオ名: ログイン]
[ADMIN] 17:01:41.034670 シナリオ走行を開始しました [シナリオ名: ログイン]
[ADMIN] 17:01:41.065701 シナリオ走行を終了しました [シナリオ名: ログイン]
[ADMIN] 17:01:41.065711 シナリオ走行を開始しました [シナリオ名: ログイン]
[ADMIN] 17:01:41.067057 シナリオ走行を終了しました [シナリオ名: ログイン]
[ADMIN] 17:01:41.067066 シナリオ走行を開始しました [シナリオ名: ログイン]
[ADMIN] 17:01:41.080722 シナリオ走行を終了しました [シナリオ名: ログイン]
[ADMIN] 17:01:41.080732 シナリオ走行を開始しました [シナリオ名: ログイン]
[ADMIN] 17:01:41.083074 シナリオ走行を終了しました [シナリオ名: ログイン]
[ADMIN] 17:01:41.083083 シナリオ走行を開始しました [シナリオ名: ログイン]
[ADMIN] 17:01:41.178127 シナリオ走行を終了しました [シナリオ名: ログイン]
[ADMIN] 17:01:41.178141 シナリオ走行を開始しました [シナリオ名: ログイン]
[ADMIN] 17:01:41.216233 シナリオ走行を終了しました [シナリオ名: 新規ユーザー登録]
[ADMIN] 17:01:41.216257 シナリオ走行を開始しました [シナリオ名: 新規ユーザー登録]
[ADMIN] 17:01:41.234648 シナリオ走行を終了しました [シナリオ名: ログイン]
[ADMIN] 17:01:41.234659 シナリオ走行を開始しました [シナリオ名: ログイン]
[ADMIN] 17:01:41.272752 シナリオ走行を終了しました [シナリオ名: ログイン]
[ADMIN] 17:01:41.272766 シナリオ走行を開始しました [シナリオ名: ログイン]
[ADMIN] 17:01:41.299904 シナリオ走行を終了しました [シナリオ名: ログイン]
[ADMIN] 17:01:41.299917 シナリオ走行を開始しました [シナリオ名: ログイン]
[ADMIN] 17:01:41.300458 シナリオ走行を終了しました [シナリオ名: ログイン]
[ADMIN] 17:01:41.300468 シナリオ走行を開始しました [シナリオ名: ログイン]
[ADMIN] 17:01:41.317608 シナリオ走行を終了しました [シナリオ名: ログイン]
[ADMIN] 17:01:41.317618 シナリオ走行を開始しました [シナリオ名: ログイン]
[ADMIN] 17:01:41.320841 シナリオ走行を終了しました [シナリオ名: ログイン]
[ADMIN] 17:01:41.320851 シナリオ走行を開始しました [シナリオ名: ログイン]
[ADMIN] 17:01:41.334393 シナリオ走行を終了しました [シナリオ名: 新規ユーザー登録]
[ADMIN] 17:01:41.334413 シナリオ走行を開始しました [シナリオ名: 新規ユーザー登録]
[ADMIN] 17:01:41.338376 シナリオ走行を終了しました [シナリオ名: 新規ユーザー登録]
[ADMIN] 17:01:41.338401 シナリオ走行を開始しました [シナリオ名: 新規ユーザー登録]
[ADMIN] 17:01:41.344841 シナリオ走行を終了しました [シナリオ名: ログイン]
[ADMIN] 17:01:41.344851 シナリオ走行を開始しました [シナリオ名: ログイン]
[ADMIN] 17:01:41.355837 シナリオ走行を終了しました [シナリオ名: ログイン]
[ADMIN] 17:01:41.355845 シナリオ走行を開始しました [シナリオ名: ログイン]
[ADMIN] 17:01:41.386611 シナリオ走行を終了しました [シナリオ名: 新規ユーザー登録]
[ADMIN] 17:01:41.386654 シナリオ走行を開始しました [シナリオ名: 新規ユーザー登録]
[ADMIN] 17:01:41.400520 シナリオ走行を終了しました [シナリオ名: ログイン]
[ADMIN] 17:01:41.400533 シナリオ走行を開始しました [シナリオ名: ログイン]
[ADMIN] 17:01:41.424429 シナリオ走行を終了しました [シナリオ名: 新規ユーザー登録]
[ADMIN] 17:01:41.424453 シナリオ走行を開始しました [シナリオ名: 新規ユーザー登録]
[ADMIN] 17:01:41.444823 シナリオ走行を終了しました [シナリオ名: ログイン]
[ADMIN] 17:01:41.444835 シナリオ走行を開始しました [シナリオ名: ログイン]
[ADMIN] 17:01:41.472443 シナリオ走行を終了しました [シナリオ名: ログイン]
[ADMIN] 17:01:41.472456 シナリオ走行を開始しました [シナリオ名: ログイン]
[ADMIN] 17:01:41.481317 シナリオ走行を終了しました [シナリオ名: ログイン]
[ADMIN] 17:01:41.481329 シナリオ走行を開始しました [シナリオ名: ログイン]
[ADMIN] 17:01:41.492247 シナリオ走行を終了しました [シナリオ名: Banユーザログイン]
[ADMIN] 17:01:41.492264 シナリオ走行を開始しました [シナリオ名: Banユーザログイン]
[ADMIN] 17:01:41.492576 シナリオ走行を終了しました [シナリオ名: Banユーザログイン]
[ADMIN] 17:01:41.492590 シナリオ走行を開始しました [シナリオ名: Banユーザログイン]
[ADMIN] 17:01:41.528789 シナリオ走行を終了しました [シナリオ名: ログイン]
[ADMIN] 17:01:41.528801 シナリオ走行を開始しました [シナリオ名: ログイン]
[ADMIN] 17:01:41.531665 シナリオ走行を終了しました [シナリオ名: ログイン]
[ADMIN] 17:01:41.531675 シナリオ走行を開始しました [シナリオ名: ログイン]
[ADMIN] 17:01:41.567678 シナリオ走行を終了しました [シナリオ名: ログイン]
[ADMIN] 17:01:41.567695 シナリオ走行を開始しました [シナリオ名: ログイン]
[ADMIN] 17:01:41.574972 シナリオ走行を終了しました [シナリオ名: ログイン]
[ADMIN] 17:01:41.574985 シナリオ走行を開始しました [シナリオ名: ログイン]
[ADMIN] 17:01:41.594507 シナリオ走行を終了しました [シナリオ名: ログイン]
[ADMIN] 17:01:41.594522 シナリオ走行を開始しました [シナリオ名: ログイン]
[ADMIN] 17:01:41.608626 シナリオ走行を終了しました [シナリオ名: ログイン]
[ADMIN] 17:01:41.608639 シナリオ走行を開始しました [シナリオ名: ログイン]
[ADMIN] 17:01:41.617260 シナリオ走行を終了しました [シナリオ名: ログイン]
[ADMIN] 17:01:41.617276 シナリオ走行を開始しました [シナリオ名: ログイン]
[ADMIN] 17:01:41.667423 シナリオ走行を終了しました [シナリオ名: ログイン]
[ADMIN] 17:01:41.667439 シナリオ走行を開始しました [シナリオ名: ログイン]
[ADMIN] 17:01:41.690291 シナリオ走行を終了しました [シナリオ名: ログイン]
[ADMIN] 17:01:41.690304 シナリオ走行を開始しました [シナリオ名: ログイン]
[ADMIN] 17:01:41.698354 シナリオ走行を終了しました [シナリオ名: ログイン]
[ADMIN] 17:01:41.698366 シナリオ走行を開始しました [シナリオ名: ログイン]
[ADMIN] 17:01:41.746113 シナリオ走行を終了しました [シナリオ名: 新規ユーザー登録]
[ADMIN] 17:01:41.746215 シナリオ走行を開始しました [シナリオ名: 新規ユーザー登録]
[ADMIN] 17:01:41.758031 シナリオ走行を終了しました [シナリオ名: ログイン]
[ADMIN] 17:01:41.758043 シナリオ走行を開始しました [シナリオ名: ログイン]
[ADMIN] 17:01:41.769757 シナリオ走行を終了しました [シナリオ名: ログイン]
[ADMIN] 17:01:41.769768 シナリオ走行を開始しました [シナリオ名: ログイン]
[ADMIN] 17:01:41.796130 シナリオ走行を終了しました [シナリオ名: ログイン]
[ADMIN] 17:01:41.796141 シナリオ走行を開始しました [シナリオ名: ログイン]
[ADMIN] 17:01:41.800498 シナリオ走行を終了しました [シナリオ名: ログイン]
[ADMIN] 17:01:41.800508 シナリオ走行を開始しました [シナリオ名: ログイン]
[ADMIN] 17:01:41.824208 シナリオ走行を終了しました [シナリオ名: 新規ユーザー登録]
[ADMIN] 17:01:41.824229 シナリオ走行を開始しました [シナリオ名: 新規ユーザー登録]
[ADMIN] 17:01:41.825852 シナリオ走行を終了しました [シナリオ名: ログイン]
[ADMIN] 17:01:41.825862 シナリオ走行を開始しました [シナリオ名: ログイン]
[ADMIN] 17:01:41.839882 シナリオ走行を終了しました [シナリオ名: ログイン]
[ADMIN] 17:01:41.839893 シナリオ走行を開始しました [シナリオ名: ログイン]
[ADMIN] 17:01:41.848094 シナリオ走行を終了しました [シナリオ名: 新規ユーザー登録]
[ADMIN] 17:01:41.848112 シナリオ走行を開始しました [シナリオ名: 新規ユーザー登録]
[ADMIN] 17:01:41.891965 シナリオ走行を終了しました [シナリオ名: 新規ユーザー登録]
[ADMIN] 17:01:41.891987 シナリオ走行を開始しました [シナリオ名: 新規ユーザー登録]
[ADMIN] 17:01:41.893721 シナリオ走行を終了しました [シナリオ名: ログイン]
[ADMIN] 17:01:41.893733 シナリオ走行を開始しました [シナリオ名: ログイン]
[ADMIN] 17:01:41.924469 シナリオ走行を終了しました [シナリオ名: ログイン]
[ADMIN] 17:01:41.924482 シナリオ走行を開始しました [シナリオ名: ログイン]
[ADMIN] 17:01:41.936431 シナリオ走行を終了しました [シナリオ名: ログイン]
[ADMIN] 17:01:41.936441 シナリオ走行を開始しました [シナリオ名: ログイン]
[ADMIN] 17:01:41.950544 シナリオ走行を終了しました [シナリオ名: 新規ユーザー登録]
[ADMIN] 17:01:41.950562 シナリオ走行を開始しました [シナリオ名: 新規ユーザー登録]
[ADMIN] 17:01:41.991822 シナリオ走行を終了しました [シナリオ名: ログイン]
[ADMIN] 17:01:41.991834 シナリオ走行を開始しました [シナリオ名: ログイン]
[ADMIN] 17:01:41.992563 シナリオ走行を終了しました [シナリオ名: ログイン]
[ADMIN] 17:01:41.992574 シナリオ走行を開始しました [シナリオ名: ログイン]
[ADMIN] 17:01:41.995919 シナリオ走行を終了しました [シナリオ名: Banユーザログイン]
[ADMIN] 17:01:41.995930 シナリオ走行を開始しました [シナリオ名: Banユーザログイン]
[ADMIN] 17:01:41.995937 シナリオ走行を終了しました [シナリオ名: Banユーザログイン]
[ADMIN] 17:01:41.995946 シナリオ走行を開始しました [シナリオ名: Banユーザログイン]
[ADMIN] 17:01:42.003937 シナリオ走行を終了しました [シナリオ名: ログイン]
[ADMIN] 17:01:42.003949 シナリオ走行を開始しました [シナリオ名: ログイン]
[ADMIN] 17:01:42.031117 シナリオ走行を終了しました [シナリオ名: ログイン]
[ADMIN] 17:01:42.031134 シナリオ走行を開始しました [シナリオ名: ログイン]
[ADMIN] 17:01:42.031765 シナリオ走行を終了しました [シナリオ名: ログイン]
[ADMIN] 17:01:42.031775 シナリオ走行を開始しました [シナリオ名: ログイン]
[ADMIN] 17:01:42.062204 シナリオ走行を終了しました [シナリオ名: ログイン]
[ADMIN] 17:01:42.062216 シナリオ走行を開始しました [シナリオ名: ログイン]
[ADMIN] 17:01:42.095805 シナリオ走行を終了しました [シナリオ名: ログイン]
[ADMIN] 17:01:42.095818 シナリオ走行を開始しました [シナリオ名: ログイン]
[ADMIN] 17:01:42.100562 シナリオ走行を終了しました [シナリオ名: ログイン]
[ADMIN] 17:01:42.100571 シナリオ走行を開始しました [シナリオ名: ログイン]
[ADMIN] 17:01:42.154843 シナリオ走行を終了しました [シナリオ名: ログイン]
[ADMIN] 17:01:42.154858 シナリオ走行を開始しました [シナリオ名: ログイン]
[ADMIN] 17:01:42.175557 シナリオ走行を終了しました [シナリオ名: ログイン]
[ADMIN] 17:01:42.175571 シナリオ走行を開始しました [シナリオ名: ログイン]
[ADMIN] 17:01:42.220499 シナリオ走行を終了しました [シナリオ名: 新規ユーザー登録]
[ADMIN] 17:01:42.220524 シナリオ走行を開始しました [シナリオ名: 新規ユーザー登録]
[ADMIN] 17:01:42.221389 シナリオ走行を終了しました [シナリオ名: ログイン]
[ADMIN] 17:01:42.221398 シナリオ走行を開始しました [シナリオ名: ログイン]
[ADMIN] 17:01:42.249870 シナリオ走行を終了しました [シナリオ名: ログイン]
[ADMIN] 17:01:42.249884 シナリオ走行を開始しました [シナリオ名: ログイン]
[ADMIN] 17:01:42.251934 シナリオ走行を終了しました [シナリオ名: ログイン]
[ADMIN] 17:01:42.251945 シナリオ走行を開始しました [シナリオ名: ログイン]
[ADMIN] 17:01:42.305495 シナリオ走行を終了しました [シナリオ名: ログイン]
[ADMIN] 17:01:42.305512 シナリオ走行を開始しました [シナリオ名: ログイン]
[ADMIN] 17:01:42.306613 シナリオ走行を終了しました [シナリオ名: 新規ユーザー登録]
[ADMIN] 17:01:42.306648 シナリオ走行を開始しました [シナリオ名: 新規ユーザー登録]
[ADMIN] 17:01:42.310494 シナリオ走行を終了しました [シナリオ名: ログイン]
[ADMIN] 17:01:42.310505 シナリオ走行を開始しました [シナリオ名: ログイン]
[ADMIN] 17:01:42.341453 シナリオ走行を終了しました [シナリオ名: ログイン]
[ADMIN] 17:01:42.341467 シナリオ走行を開始しました [シナリオ名: ログイン]
[ADMIN] 17:01:42.350496 シナリオ走行を終了しました [シナリオ名: 新規ユーザー登録]
[ADMIN] 17:01:42.350518 シナリオ走行を開始しました [シナリオ名: 新規ユーザー登録]
[ADMIN] 17:01:42.377426 シナリオ走行を終了しました [シナリオ名: ログイン]
[ADMIN] 17:01:42.377439 シナリオ走行を開始しました [シナリオ名: ログイン]
[ADMIN] 17:01:42.408998 シナリオ走行を終了しました [シナリオ名: 新規ユーザー登録]
[ADMIN] 17:01:42.409017 シナリオ走行を開始しました [シナリオ名: 新規ユーザー登録]
[ADMIN] 17:01:42.413944 シナリオ走行を終了しました [シナリオ名: ログイン]
[ADMIN] 17:01:42.413956 シナリオ走行を開始しました [シナリオ名: ログイン]
[ADMIN] 17:01:42.424114 シナリオ走行を終了しました [シナリオ名: ログイン]
[ADMIN] 17:01:42.424123 シナリオ走行を開始しました [シナリオ名: ログイン]
[ADMIN] 17:01:42.469453 シナリオ走行を終了しました [シナリオ名: 新規ユーザー登録]
[ADMIN] 17:01:42.469475 シナリオ走行を開始しました [シナリオ名: 新規ユーザー登録]
[ADMIN] 17:01:42.501830 シナリオ走行を終了しました [シナリオ名: Banユーザログイン]
[ADMIN] 17:01:42.501846 シナリオ走行を開始しました [シナリオ名: Banユーザログイン]
[ADMIN] 17:01:42.506219 シナリオ走行を終了しました [シナリオ名: Banユーザログイン]
[ADMIN] 17:01:42.506233 シナリオ走行を開始しました [シナリオ名: Banユーザログイン]
[ADMIN] 17:01:42.509108 シナリオ走行を終了しました [シナリオ名: ログイン]
[ADMIN] 17:01:42.509116 シナリオ走行を開始しました [シナリオ名: ログイン]
[ADMIN] 17:01:42.516325 シナリオ走行を終了しました [シナリオ名: ログイン]
[ADMIN] 17:01:42.516334 シナリオ走行を開始しました [シナリオ名: ログイン]
[ADMIN] 17:01:42.522855 シナリオ走行を終了しました [シナリオ名: ログイン]
[ADMIN] 17:01:42.522867 シナリオ走行を開始しました [シナリオ名: ログイン]
[ADMIN] 17:01:42.531848 シナリオ走行を終了しました [シナリオ名: ログイン]
[ADMIN] 17:01:42.531857 シナリオ走行を開始しました [シナリオ名: ログイン]
[ADMIN] 17:01:42.535447 シナリオ走行を終了しました [シナリオ名: ログイン]
[ADMIN] 17:01:42.535455 シナリオ走行を開始しました [シナリオ名: ログイン]
[ADMIN] 17:01:42.538671 シナリオ走行を終了しました [シナリオ名: ログイン]
[ADMIN] 17:01:42.538681 シナリオ走行を開始しました [シナリオ名: ログイン]
[ADMIN] 17:01:42.561482 シナリオ走行を終了しました [シナリオ名: ログイン]
[ADMIN] 17:01:42.561493 シナリオ走行を開始しました [シナリオ名: ログイン]
[ADMIN] 17:01:42.564855 シナリオ走行を終了しました [シナリオ名: ログイン]
[ADMIN] 17:01:42.564865 シナリオ走行を開始しました [シナリオ名: ログイン]
[ADMIN] 17:01:42.620580 シナリオ走行を終了しました [シナリオ名: ログイン]
[ADMIN] 17:01:42.620592 シナリオ走行を開始しました [シナリオ名: ログイン]
[ADMIN] 17:01:42.633228 シナリオ走行を終了しました [シナリオ名: ログイン]
[ADMIN] 17:01:42.633239 シナリオ走行を開始しました [シナリオ名: ログイン]
[ADMIN] 17:01:42.662209 シナリオ走行を終了しました [シナリオ名: ログイン]
[ADMIN] 17:01:42.662222 シナリオ走行を開始しました [シナリオ名: ログイン]
[ADMIN] 17:01:42.681715 シナリオ走行を終了しました [シナリオ名: ログイン]
[ADMIN] 17:01:42.681730 シナリオ走行を開始しました [シナリオ名: ログイン]
[ADMIN] 17:01:42.708037 シナリオ走行を終了しました [シナリオ名: 新規ユーザー登録]
[ADMIN] 17:01:42.708056 シナリオ走行を開始しました [シナリオ名: 新規ユーザー登録]
[ADMIN] 17:01:42.754744 シナリオ走行を終了しました [シナリオ名: ログイン]
[ADMIN] 17:01:42.754758 シナリオ走行を開始しました [シナリオ名: ログイン]
[ADMIN] 17:01:42.788448 シナリオ走行を終了しました [シナリオ名: 新規ユーザー登録]
[ADMIN] 17:01:42.788477 シナリオ走行を開始しました [シナリオ名: 新規ユーザー登録]
[ADMIN] 17:01:42.810160 シナリオ走行を終了しました [シナリオ名: ログイン]
[ADMIN] 17:01:42.810174 シナリオ走行を開始しました [シナリオ名: ログイン]
[ADMIN] 17:01:42.816216 シナリオ走行を終了しました [シナリオ名: 新規ユーザー登録]
[ADMIN] 17:01:42.816239 シナリオ走行を開始しました [シナリオ名: 新規ユーザー登録]
[ADMIN] 17:01:42.842162 シナリオ走行を終了しました [シナリオ名: ログイン]
[ADMIN] 17:01:42.842176 シナリオ走行を開始しました [シナリオ名: ログイン]
[ADMIN] 17:01:42.842383 シナリオ走行を終了しました [シナリオ名: ログイン]
[ADMIN] 17:01:42.842395 シナリオ走行を開始しました [シナリオ名: ログイン]
[ADMIN] 17:01:42.842949 シナリオ走行を終了しました [シナリオ名: ログイン]
[ADMIN] 17:01:42.842958 シナリオ走行を開始しました [シナリオ名: ログイン]
[ADMIN] 17:01:42.852597 シナリオ走行を終了しました [シナリオ名: ログイン]
[ADMIN] 17:01:42.852607 シナリオ走行を開始しました [シナリオ名: ログイン]
[ADMIN] 17:01:42.855493 シナリオ走行を終了しました [シナリオ名: ログイン]
[ADMIN] 17:01:42.855502 シナリオ走行を開始しました [シナリオ名: ログイン]
[ADMIN] 17:01:42.856154 シナリオ走行を終了しました [シナリオ名: ログイン]
[ADMIN] 17:01:42.856161 シナリオ走行を開始しました [シナリオ名: ログイン]
[ADMIN] 17:01:42.859059 シナリオ走行を終了しました [シナリオ名: ログイン]
[ADMIN] 17:01:42.859066 シナリオ走行を開始しました [シナリオ名: ログイン]
[ADMIN] 17:01:42.875872 シナリオ走行を終了しました [シナリオ名: ログイン]
[ADMIN] 17:01:42.875883 シナリオ走行を開始しました [シナリオ名: ログイン]
[ADMIN] 17:01:42.915487 シナリオ走行を終了しました [シナリオ名: 新規ユーザー登録]
[ADMIN] 17:01:42.915507 シナリオ走行を開始しました [シナリオ名: 新規ユーザー登録]
[ADMIN] 17:01:42.990965 シナリオ走行を終了しました [シナリオ名: ログイン]
[ADMIN] 17:01:42.990981 シナリオ走行を開始しました [シナリオ名: ログイン]
[ADMIN] 17:01:43.006303 シナリオ走行を終了しました [シナリオ名: Banユーザログイン]
[ADMIN] 17:01:43.006318 シナリオ走行を開始しました [シナリオ名: Banユーザログイン]
[ADMIN] 17:01:43.009791 シナリオ走行を終了しました [シナリオ名: Banユーザログイン]
[ADMIN] 17:01:43.009804 シナリオ走行を開始しました [シナリオ名: Banユーザログイン]
[ADMIN] 17:01:43.026658 シナリオ走行を終了しました [シナリオ名: ログイン]
[ADMIN] 17:01:43.026670 シナリオ走行を開始しました [シナリオ名: ログイン]
[ADMIN] 17:01:43.069762 シナリオ走行を終了しました [シナリオ名: ログイン]
[ADMIN] 17:01:43.069774 シナリオ走行を開始しました [シナリオ名: ログイン]
[ADMIN] 17:01:43.075758 シナリオ走行を終了しました [シナリオ名: 新規ユーザー登録]
[ADMIN] 17:01:43.075782 シナリオ走行を開始しました [シナリオ名: 新規ユーザー登録]
[ADMIN] 17:01:43.084198 シナリオ走行を終了しました [シナリオ名: ログイン]
[ADMIN] 17:01:43.084208 シナリオ走行を開始しました [シナリオ名: ログイン]
[ADMIN] 17:01:43.088969 シナリオ走行を終了しました [シナリオ名: ログイン]
[ADMIN] 17:01:43.088979 シナリオ走行を開始しました [シナリオ名: ログイン]
[ADMIN] 17:01:43.104251 シナリオ走行を終了しました [シナリオ名: ログイン]
[ADMIN] 17:01:43.104260 シナリオ走行を開始しました [シナリオ名: ログイン]
[ADMIN] 17:01:43.112148 シナリオ走行を終了しました [シナリオ名: ログイン]
[ADMIN] 17:01:43.112159 シナリオ走行を開始しました [シナリオ名: ログイン]
[ADMIN] 17:01:43.127690 シナリオ走行を終了しました [シナリオ名: ログイン]
[ADMIN] 17:01:43.127700 シナリオ走行を開始しました [シナリオ名: ログイン]
[ADMIN] 17:01:43.173246 シナリオ走行を終了しました [シナリオ名: ログイン]
[ADMIN] 17:01:43.173257 シナリオ走行を開始しました [シナリオ名: ログイン]
[ADMIN] 17:01:43.203298 シナリオ走行を終了しました [シナリオ名: ログイン]
[ADMIN] 17:01:43.203309 シナリオ走行を開始しました [シナリオ名: ログイン]
[ADMIN] 17:01:43.211534 シナリオ走行を終了しました [シナリオ名: ログイン]
[ADMIN] 17:01:43.211545 シナリオ走行を開始しました [シナリオ名: ログイン]
[ADMIN] 17:01:43.243495 シナリオ走行を終了しました [シナリオ名: 新規ユーザー登録]
[ADMIN] 17:01:43.243515 シナリオ走行を開始しました [シナリオ名: 新規ユーザー登録]
[ADMIN] 17:01:43.275603 シナリオ走行を終了しました [シナリオ名: 新規ユーザー登録]
[ADMIN] 17:01:43.275619 シナリオ走行を開始しました [シナリオ名: 新規ユーザー登録]
[ADMIN] 17:01:43.303436 シナリオ走行を終了しました [シナリオ名: ログイン]
[ADMIN] 17:01:43.303449 シナリオ走行を開始しました [シナリオ名: ログイン]
[ADMIN] 17:01:43.311626 シナリオ走行を終了しました [シナリオ名: ログイン]
[ADMIN] 17:01:43.311644 シナリオ走行を開始しました [シナリオ名: ログイン]
[ADMIN] 17:01:43.314310 シナリオ走行を終了しました [シナリオ名: ログイン]
[ADMIN] 17:01:43.314320 シナリオ走行を開始しました [シナリオ名: ログイン]
[ADMIN] 17:01:43.358554 シナリオ走行を終了しました [シナリオ名: 新規ユーザー登録]
[ADMIN] 17:01:43.358572 シナリオ走行を開始しました [シナリオ名: 新規ユーザー登録]
[ADMIN] 17:01:43.391048 シナリオ走行を終了しました [シナリオ名: ログイン]
[ADMIN] 17:01:43.391063 シナリオ走行を開始しました [シナリオ名: ログイン]
[ADMIN] 17:01:43.404500 シナリオ走行を終了しました [シナリオ名: ログイン]
[ADMIN] 17:01:43.404512 シナリオ走行を開始しました [シナリオ名: ログイン]
[ADMIN] 17:01:43.426173 シナリオ走行を終了しました [シナリオ名: ログイン]
[ADMIN] 17:01:43.426185 シナリオ走行を開始しました [シナリオ名: ログイン]
[ADMIN] 17:01:43.428393 シナリオ走行を終了しました [シナリオ名: 新規ユーザー登録]
[ADMIN] 17:01:43.428411 シナリオ走行を開始しました [シナリオ名: 新規ユーザー登録]
[ADMIN] 17:01:43.434554 シナリオ走行を終了しました [シナリオ名: ログイン]
[ADMIN] 17:01:43.434564 シナリオ走行を開始しました [シナリオ名: ログイン]
[ADMIN] 17:01:43.466187 シナリオ走行を終了しました [シナリオ名: ログイン]
[ADMIN] 17:01:43.466199 シナリオ走行を開始しました [シナリオ名: ログイン]
[ADMIN] 17:01:43.474814 シナリオ走行を終了しました [シナリオ名: ログイン]
[ADMIN] 17:01:43.474825 シナリオ走行を開始しました [シナリオ名: ログイン]
[ADMIN] 17:01:43.509714 シナリオ走行を終了しました [シナリオ名: Banユーザログイン]
[ADMIN] 17:01:43.509731 シナリオ走行を開始しました [シナリオ名: Banユーザログイン]
[ADMIN] 17:01:43.512220 シナリオ走行を終了しました [シナリオ名: Banユーザログイン]
[ADMIN] 17:01:43.512233 シナリオ走行を開始しました [シナリオ名: Banユーザログイン]
[ADMIN] 17:01:43.512676 シナリオ走行を終了しました [シナリオ名: ログイン]
[ADMIN] 17:01:43.512686 シナリオ走行を開始しました [シナリオ名: ログイン]
[ADMIN] 17:01:43.519886 シナリオ走行を終了しました [シナリオ名: ログイン]
[ADMIN] 17:01:43.519896 シナリオ走行を開始しました [シナリオ名: ログイン]
[ADMIN] 17:01:43.523243 シナリオ走行を終了しました [シナリオ名: ログイン]
[ADMIN] 17:01:43.523252 シナリオ走行を開始しました [シナリオ名: ログイン]
[ADMIN] 17:01:43.539589 シナリオ走行を終了しました [シナリオ名: ログイン]
[ADMIN] 17:01:43.539601 シナリオ走行を開始しました [シナリオ名: ログイン]
[ADMIN] 17:01:43.566980 シナリオ走行を終了しました [シナリオ名: ログイン]
[ADMIN] 17:01:43.566994 シナリオ走行を開始しました [シナリオ名: ログイン]
[ADMIN] 17:01:43.571787 シナリオ走行を終了しました [シナリオ名: 新規ユーザー登録]
[ADMIN] 17:01:43.571804 シナリオ走行を開始しました [シナリオ名: 新規ユーザー登録]
[ADMIN] 17:01:43.600386 シナリオ走行を終了しました [シナリオ名: ログイン]
[ADMIN] 17:01:43.600400 シナリオ走行を開始しました [シナリオ名: ログイン]
[ADMIN] 17:01:43.622328 シナリオ走行を終了しました [シナリオ名: ログイン]
[ADMIN] 17:01:43.622343 シナリオ走行を開始しました [シナリオ名: ログイン]
[ADMIN] 17:01:43.657899 シナリオ走行を終了しました [シナリオ名: ログイン]
[ADMIN] 17:01:43.657916 シナリオ走行を開始しました [シナリオ名: ログイン]
[ADMIN] 17:01:43.720226 シナリオ走行を終了しました [シナリオ名: ログイン]
[ADMIN] 17:01:43.720243 シナリオ走行を開始しました [シナリオ名: ログイン]
[ADMIN] 17:01:43.730972 シナリオ走行を終了しました [シナリオ名: ログイン]
[ADMIN] 17:01:43.730983 シナリオ走行を開始しました [シナリオ名: ログイン]
[ADMIN] 17:01:43.756514 シナリオ走行を終了しました [シナリオ名: ログイン]
[ADMIN] 17:01:43.756525 シナリオ走行を開始しました [シナリオ名: ログイン]
[ADMIN] 17:01:43.764736 シナリオ走行を終了しました [シナリオ名: 新規ユーザー登録]
[ADMIN] 17:01:43.764754 シナリオ走行を開始しました [シナリオ名: 新規ユーザー登録]
[ADMIN] 17:01:43.790594 シナリオ走行を終了しました [シナリオ名: ログイン]
[ADMIN] 17:01:43.790604 シナリオ走行を開始しました [シナリオ名: ログイン]
[ADMIN] 17:01:43.814644 シナリオ走行を終了しました [シナリオ名: ログイン]
[ADMIN] 17:01:43.814658 シナリオ走行を開始しました [シナリオ名: ログイン]
[ADMIN] 17:01:43.835826 シナリオ走行を終了しました [シナリオ名: ログイン]
[ADMIN] 17:01:43.835838 シナリオ走行を開始しました [シナリオ名: ログイン]
[ADMIN] 17:01:43.837055 シナリオ走行を終了しました [シナリオ名: 新規ユーザー登録]
[ADMIN] 17:01:43.837074 シナリオ走行を開始しました [シナリオ名: 新規ユーザー登録]
[ADMIN] 17:01:43.852383 シナリオ走行を終了しました [シナリオ名: ログイン]
[ADMIN] 17:01:43.852393 シナリオ走行を開始しました [シナリオ名: ログイン]
[ADMIN] 17:01:43.895872 シナリオ走行を終了しました [シナリオ名: ログイン]
[ADMIN] 17:01:43.895885 シナリオ走行を開始しました [シナリオ名: ログイン]
[ADMIN] 17:01:43.900663 シナリオ走行を終了しました [シナリオ名: ログイン]
[ADMIN] 17:01:43.900671 シナリオ走行を開始しました [シナリオ名: ログイン]
[ADMIN] 17:01:43.915149 シナリオ走行を終了しました [シナリオ名: ログイン]
[ADMIN] 17:01:43.915158 シナリオ走行を開始しました [シナリオ名: ログイン]
[ADMIN] 17:01:43.922022 シナリオ走行を終了しました [シナリオ名: ログイン]
[ADMIN] 17:01:43.922032 シナリオ走行を開始しました [シナリオ名: ログイン]
[ADMIN] 17:01:43.923756 シナリオ走行を終了しました [シナリオ名: ログイン]
[ADMIN] 17:01:43.923766 シナリオ走行を開始しました [シナリオ名: ログイン]
[ADMIN] 17:01:43.961962 シナリオ走行を終了しました [シナリオ名: 新規ユーザー登録]
[ADMIN] 17:01:43.961987 シナリオ走行を開始しました [シナリオ名: 新規ユーザー登録]
[ADMIN] 17:01:43.961993 シナリオ走行を終了しました [シナリオ名: 新規ユーザー登録]
[ADMIN] 17:01:43.962013 シナリオ走行を開始しました [シナリオ名: 新規ユーザー登録]
[ADMIN] 17:01:43.969115 シナリオ走行を終了しました [シナリオ名: ログイン]
[ADMIN] 17:01:43.969125 シナリオ走行を開始しました [シナリオ名: ログイン]
[ADMIN] 17:01:44.012790 シナリオ走行を終了しました [シナリオ名: ログイン]
[ADMIN] 17:01:44.012802 シナリオ走行を開始しました [シナリオ名: ログイン]
[ADMIN] 17:01:44.014192 シナリオ走行を終了しました [シナリオ名: Banユーザログイン]
[ADMIN] 17:01:44.014207 シナリオ走行を開始しました [シナリオ名: Banユーザログイン]
[ADMIN] 17:01:44.015586 シナリオ走行を終了しました [シナリオ名: Banユーザログイン]
[ADMIN] 17:01:44.015601 シナリオ走行を開始しました [シナリオ名: Banユーザログイン]
[ADMIN] 17:01:44.028299 シナリオ走行を終了しました [シナリオ名: ログイン]
[ADMIN] 17:01:44.028309 シナリオ走行を開始しました [シナリオ名: ログイン]
[ADMIN] 17:01:44.054567 シナリオ走行を終了しました [シナリオ名: ログイン]
[ADMIN] 17:01:44.054577 シナリオ走行を開始しました [シナリオ名: ログイン]
[ADMIN] 17:01:44.057172 シナリオ走行を終了しました [シナリオ名: 新規ユーザー登録]
[ADMIN] 17:01:44.057189 シナリオ走行を開始しました [シナリオ名: 新規ユーザー登録]
[ADMIN] 17:01:44.077741 シナリオ走行を終了しました [シナリオ名: ログイン]
[ADMIN] 17:01:44.077755 シナリオ走行を開始しました [シナリオ名: ログイン]
[ADMIN] 17:01:44.096328 シナリオ走行を終了しました [シナリオ名: ログイン]
[ADMIN] 17:01:44.096341 シナリオ走行を開始しました [シナリオ名: ログイン]
[ADMIN] 17:01:44.098883 シナリオ走行を終了しました [シナリオ名: ログイン]
[ADMIN] 17:01:44.098894 シナリオ走行を開始しました [シナリオ名: ログイン]
[ADMIN] 17:01:44.243486 シナリオ走行を終了しました [シナリオ名: ログイン]
[ADMIN] 17:01:44.243499 シナリオ走行を開始しました [シナリオ名: ログイン]
[ADMIN] 17:01:44.255555 シナリオ走行を終了しました [シナリオ名: 新規ユーザー登録]
[ADMIN] 17:01:44.255579 シナリオ走行を開始しました [シナリオ名: 新規ユーザー登録]
[ADMIN] 17:01:44.271460 シナリオ走行を終了しました [シナリオ名: ログイン]
[ADMIN] 17:01:44.271471 シナリオ走行を開始しました [シナリオ名: ログイン]
[ADMIN] 17:01:44.273216 シナリオ走行を終了しました [シナリオ名: ログイン]
[ADMIN] 17:01:44.273227 シナリオ走行を開始しました [シナリオ名: ログイン]
[ADMIN] 17:01:44.294528 シナリオ走行を終了しました [シナリオ名: ログイン]
[ADMIN] 17:01:44.294540 シナリオ走行を開始しました [シナリオ名: ログイン]
[ADMIN] 17:01:44.307170 シナリオ走行を終了しました [シナリオ名: ログイン]
[ADMIN] 17:01:44.307187 シナリオ走行を開始しました [シナリオ名: ログイン]
[ADMIN] 17:01:44.319147 シナリオ走行を終了しました [シナリオ名: ログイン]
[ADMIN] 17:01:44.319157 シナリオ走行を開始しました [シナリオ名: ログイン]
[ADMIN] 17:01:44.328128 シナリオ走行を終了しました [シナリオ名: ログイン]
[ADMIN] 17:01:44.328138 シナリオ走行を開始しました [シナリオ名: ログイン]
[ADMIN] 17:01:44.381212 シナリオ走行を終了しました [シナリオ名: ログイン]
[ADMIN] 17:01:44.381225 シナリオ走行を開始しました [シナリオ名: ログイン]
[ADMIN] 17:01:44.395964 シナリオ走行を終了しました [シナリオ名: ログイン]
[ADMIN] 17:01:44.395978 シナリオ走行を開始しました [シナリオ名: ログイン]
[ADMIN] 17:01:44.423606 シナリオ走行を終了しました [シナリオ名: ログイン]
[ADMIN] 17:01:44.423618 シナリオ走行を開始しました [シナリオ名: ログイン]
[ADMIN] 17:01:44.442326 シナリオ走行を終了しました [シナリオ名: ログイン]
[ADMIN] 17:01:44.442340 シナリオ走行を開始しました [シナリオ名: ログイン]
[ADMIN] 17:01:44.464804 シナリオ走行を終了しました [シナリオ名: ログイン]
[ADMIN] 17:01:44.464817 シナリオ走行を開始しました [シナリオ名: ログイン]
[ADMIN] 17:01:44.468311 シナリオ走行を終了しました [シナリオ名: 新規ユーザー登録]
[ADMIN] 17:01:44.468327 シナリオ走行を開始しました [シナリオ名: 新規ユーザー登録]
[ADMIN] 17:01:44.476559 シナリオ走行を終了しました [シナリオ名: 新規ユーザー登録]
[ADMIN] 17:01:44.476575 シナリオ走行を開始しました [シナリオ名: 新規ユーザー登録]
[ADMIN] 17:01:44.496239 シナリオ走行を終了しました [シナリオ名: 新規ユーザー登録]
[ADMIN] 17:01:44.496262 シナリオ走行を開始しました [シナリオ名: 新規ユーザー登録]
[ADMIN] 17:01:44.506352 シナリオ走行を終了しました [シナリオ名: 新規ユーザー登録]
[ADMIN] 17:01:44.506376 シナリオ走行を開始しました [シナリオ名: 新規ユーザー登録]
[ADMIN] 17:01:44.518227 シナリオ走行を終了しました [シナリオ名: Banユーザログイン]
[ADMIN] 17:01:44.518241 シナリオ走行を終了しました [シナリオ名: Banユーザログイン]
[ADMIN] 17:01:44.518252 シナリオ走行を開始しました [シナリオ名: Banユーザログイン]
[ADMIN] 17:01:44.518243 シナリオ走行を開始しました [シナリオ名: Banユーザログイン]
[ADMIN] 17:01:44.523616 シナリオ走行を終了しました [シナリオ名: ログイン]
[ADMIN] 17:01:44.523627 シナリオ走行を開始しました [シナリオ名: ログイン]
[ADMIN] 17:01:44.525981 シナリオ走行を終了しました [シナリオ名: ログイン]
[ADMIN] 17:01:44.525989 シナリオ走行を開始しました [シナリオ名: ログイン]
[ADMIN] 17:01:44.532698 シナリオ走行を終了しました [シナリオ名: ログイン]
[ADMIN] 17:01:44.532706 シナリオ走行を開始しました [シナリオ名: ログイン]
[ADMIN] 17:01:44.533810 シナリオ走行を終了しました [シナリオ名: ログイン]
[ADMIN] 17:01:44.533817 シナリオ走行を開始しました [シナリオ名: ログイン]
[ADMIN] 17:01:44.563204 シナリオ走行を終了しました [シナリオ名: ログイン]
[ADMIN] 17:01:44.563214 シナリオ走行を開始しました [シナリオ名: ログイン]
[ADMIN] 17:01:44.567780 シナリオ走行を終了しました [シナリオ名: ログイン]
[ADMIN] 17:01:44.567789 シナリオ走行を開始しました [シナリオ名: ログイン]
[ADMIN] 17:01:44.589072 シナリオ走行を終了しました [シナリオ名: ログイン]
[ADMIN] 17:01:44.589082 シナリオ走行を開始しました [シナリオ名: ログイン]
[ADMIN] 17:01:44.640843 シナリオ走行を終了しました [シナリオ名: ログイン]
[ADMIN] 17:01:44.640859 シナリオ走行を開始しました [シナリオ名: ログイン]
[ADMIN] 17:01:44.695273 シナリオ走行を終了しました [シナリオ名: ログイン]
[ADMIN] 17:01:44.695284 シナリオ走行を開始しました [シナリオ名: ログイン]
[ADMIN] 17:01:44.703124 シナリオ走行を終了しました [シナリオ名: ログイン]
[ADMIN] 17:01:44.703133 シナリオ走行を開始しました [シナリオ名: ログイン]
[ADMIN] 17:01:44.757011 シナリオ走行を終了しました [シナリオ名: ログイン]
[ADMIN] 17:01:44.757027 シナリオ走行を開始しました [シナリオ名: ログイン]
[ADMIN] 17:01:44.779326 シナリオ走行を終了しました [シナリオ名: ログイン]
[ADMIN] 17:01:44.779342 シナリオ走行を開始しました [シナリオ名: ログイン]
[ADMIN] 17:01:44.779691 シナリオ走行を終了しました [シナリオ名: ログイン]
[ADMIN] 17:01:44.779704 シナリオ走行を開始しました [シナリオ名: ログイン]
[ADMIN] 17:01:44.812426 シナリオ走行を終了しました [シナリオ名: ログイン]
[ADMIN] 17:01:44.812438 シナリオ走行を開始しました [シナリオ名: ログイン]
[ADMIN] 17:01:44.827270 シナリオ走行を終了しました [シナリオ名: ログイン]
[ADMIN] 17:01:44.827280 シナリオ走行を開始しました [シナリオ名: ログイン]
[ADMIN] 17:01:44.887501 シナリオ走行を終了しました [シナリオ名: ログイン]
[ADMIN] 17:01:44.887511 シナリオ走行を開始しました [シナリオ名: ログイン]
[ADMIN] 17:01:44.887858 シナリオ走行を終了しました [シナリオ名: ログイン]
[ADMIN] 17:01:44.887867 シナリオ走行を開始しました [シナリオ名: ログイン]
[ADMIN] 17:01:44.905515 シナリオ走行を終了しました [シナリオ名: 新規ユーザー登録]
[ADMIN] 17:01:44.905546 シナリオ走行を開始しました [シナリオ名: 新規ユーザー登録]
[ADMIN] 17:01:44.914816 シナリオ走行を終了しました [シナリオ名: ログイン]
[ADMIN] 17:01:44.914827 シナリオ走行を開始しました [シナリオ名: ログイン]
[ADMIN] 17:01:44.917027 シナリオ走行を終了しました [シナリオ名: ログイン]
[ADMIN] 17:01:44.917036 シナリオ走行を開始しました [シナリオ名: ログイン]
[ADMIN] 17:01:44.934917 シナリオ走行を終了しました [シナリオ名: ログイン]
[ADMIN] 17:01:44.934928 シナリオ走行を開始しました [シナリオ名: ログイン]
[ADMIN] 17:01:44.946083 シナリオ走行を終了しました [シナリオ名: 新規ユーザー登録]
[ADMIN] 17:01:44.946100 シナリオ走行を開始しました [シナリオ名: 新規ユーザー登録]
[ADMIN] 17:01:44.955101 シナリオ走行を終了しました [シナリオ名: 新規ユーザー登録]
[ADMIN] 17:01:44.955116 シナリオ走行を開始しました [シナリオ名: 新規ユーザー登録]
[ADMIN] 17:01:44.962247 シナリオ走行を終了しました [シナリオ名: 新規ユーザー登録]
[ADMIN] 17:01:44.962264 シナリオ走行を開始しました [シナリオ名: 新規ユーザー登録]
[ADMIN] 17:01:44.965096 シナリオ走行を終了しました [シナリオ名: ログイン]
[ADMIN] 17:01:44.965103 シナリオ走行を開始しました [シナリオ名: ログイン]
[ADMIN] 17:01:44.978309 シナリオ走行を終了しました [シナリオ名: ログイン]
[ADMIN] 17:01:44.978319 シナリオ走行を開始しました [シナリオ名: ログイン]
[ADMIN] 17:01:45.000305 シナリオ走行を終了しました [シナリオ名: 新規ユーザー登録]
[ADMIN] 17:01:45.000325 シナリオ走行を開始しました [シナリオ名: 新規ユーザー登録]
[ADMIN] 17:01:45.024542 シナリオ走行を終了しました [シナリオ名: Banユーザログイン]
[ADMIN] 17:01:45.024566 シナリオ走行を開始しました [シナリオ名: Banユーザログイン]
[ADMIN] 17:01:45.024953 シナリオ走行を終了しました [シナリオ名: Banユーザログイン]
[ADMIN] 17:01:45.024964 シナリオ走行を開始しました [シナリオ名: Banユーザログイン]
[ADMIN] 17:01:45.055448 シナリオ走行を終了しました [シナリオ名: ログイン]
[ADMIN] 17:01:45.055462 シナリオ走行を開始しました [シナリオ名: ログイン]
[ADMIN] 17:01:45.057258 シナリオ走行を終了しました [シナリオ名: ログイン]
[ADMIN] 17:01:45.057269 シナリオ走行を開始しました [シナリオ名: ログイン]
[ADMIN] 17:01:45.060791 シナリオ走行を終了しました [シナリオ名: ログイン]
[ADMIN] 17:01:45.060801 シナリオ走行を開始しました [シナリオ名: ログイン]
[ADMIN] 17:01:45.087350 シナリオ走行を終了しました [シナリオ名: ログイン]
[ADMIN] 17:01:45.087363 シナリオ走行を開始しました [シナリオ名: ログイン]
[ADMIN] 17:01:45.094774 シナリオ走行を終了しました [シナリオ名: ログイン]
[ADMIN] 17:01:45.094783 シナリオ走行を開始しました [シナリオ名: ログイン]
[ADMIN] 17:01:45.099327 シナリオ走行を終了しました [シナリオ名: ログイン]
[ADMIN] 17:01:45.099336 シナリオ走行を開始しました [シナリオ名: ログイン]
[ADMIN] 17:01:45.186494 シナリオ走行を終了しました [シナリオ名: ログイン]
[ADMIN] 17:01:45.186510 シナリオ走行を開始しました [シナリオ名: ログイン]
[ADMIN] 17:01:45.226471 シナリオ走行を終了しました [シナリオ名: ログイン]
[ADMIN] 17:01:45.226487 シナリオ走行を開始しました [シナリオ名: ログイン]
[ADMIN] 17:01:45.248128 シナリオ走行を終了しました [シナリオ名: ログイン]
[ADMIN] 17:01:45.248140 シナリオ走行を開始しました [シナリオ名: ログイン]
[ADMIN] 17:01:45.249548 シナリオ走行を終了しました [シナリオ名: ログイン]
[ADMIN] 17:01:45.249558 シナリオ走行を開始しました [シナリオ名: ログイン]
[ADMIN] 17:01:45.317821 シナリオ走行を終了しました [シナリオ名: ログイン]
[ADMIN] 17:01:45.317836 シナリオ走行を開始しました [シナリオ名: ログイン]
[ADMIN] 17:01:45.325005 シナリオ走行を終了しました [シナリオ名: ログイン]
[ADMIN] 17:01:45.325017 シナリオ走行を開始しました [シナリオ名: ログイン]
[ADMIN] 17:01:45.327802 シナリオ走行を終了しました [シナリオ名: ログイン]
[ADMIN] 17:01:45.327810 シナリオ走行を開始しました [シナリオ名: ログイン]
[ADMIN] 17:01:45.330552 シナリオ走行を終了しました [シナリオ名: ログイン]
[ADMIN] 17:01:45.330562 シナリオ走行を開始しました [シナリオ名: ログイン]
[ADMIN] 17:01:45.333466 シナリオ走行を終了しました [シナリオ名: ログイン]
[ADMIN] 17:01:45.333476 シナリオ走行を開始しました [シナリオ名: ログイン]
[ADMIN] 17:01:45.371476 シナリオ走行を終了しました [シナリオ名: ログイン]
[ADMIN] 17:01:45.371488 シナリオ走行を開始しました [シナリオ名: ログイン]
[ADMIN] 17:01:45.417445 シナリオ走行を終了しました [シナリオ名: 新規ユーザー登録]
[ADMIN] 17:01:45.417471 シナリオ走行を開始しました [シナリオ名: 新規ユーザー登録]
[ADMIN] 17:01:45.441412 シナリオ走行を終了しました [シナリオ名: 新規ユーザー登録]
[ADMIN] 17:01:45.441436 シナリオ走行を開始しました [シナリオ名: 新規ユーザー登録]
[ADMIN] 17:01:45.457013 シナリオ走行を終了しました [シナリオ名: ログイン]
[ADMIN] 17:01:45.457024 シナリオ走行を開始しました [シナリオ名: ログイン]
[ADMIN] 17:01:45.474791 シナリオ走行を終了しました [シナリオ名: ログイン]
[ADMIN] 17:01:45.474801 シナリオ走行を開始しました [シナリオ名: ログイン]
[ADMIN] 17:01:45.475282 シナリオ走行を終了しました [シナリオ名: 新規ユーザー登録]
[ADMIN] 17:01:45.475300 シナリオ走行を開始しました [シナリオ名: 新規ユーザー登録]
[ADMIN] 17:01:45.491411 シナリオ走行を終了しました [シナリオ名: 新規ユーザー登録]
[ADMIN] 17:01:45.491426 シナリオ走行を開始しました [シナリオ名: 新規ユーザー登録]
[ADMIN] 17:01:45.528630 シナリオ走行を終了しました [シナリオ名: Banユーザログイン]
[ADMIN] 17:01:45.528642 シナリオ走行を開始しました [シナリオ名: Banユーザログイン]
[ADMIN] 17:01:45.528644 シナリオ走行を終了しました [シナリオ名: Banユーザログイン]
[ADMIN] 17:01:45.528657 シナリオ走行を開始しました [シナリオ名: Banユーザログイン]
[ADMIN] 17:01:45.530805 シナリオ走行を終了しました [シナリオ名: 新規ユーザー登録]
[ADMIN] 17:01:45.530818 シナリオ走行を開始しました [シナリオ名: 新規ユーザー登録]
[ADMIN] 17:01:45.536347 シナリオ走行を終了しました [シナリオ名: ログイン]
[ADMIN] 17:01:45.536356 シナリオ走行を開始しました [シナリオ名: ログイン]
[ADMIN] 17:01:45.540370 シナリオ走行を終了しました [シナリオ名: ログイン]
[ADMIN] 17:01:45.540381 シナリオ走行を開始しました [シナリオ名: ログイン]
[ADMIN] 17:01:45.573737 シナリオ走行を終了しました [シナリオ名: ログイン]
[ADMIN] 17:01:45.573748 シナリオ走行を開始しました [シナリオ名: ログイン]
[ADMIN] 17:01:45.579791 シナリオ走行を終了しました [シナリオ名: ログイン]
[ADMIN] 17:01:45.579801 シナリオ走行を開始しました [シナリオ名: ログイン]
[ADMIN] 17:01:45.596532 シナリオ走行を終了しました [シナリオ名: ログイン]
[ADMIN] 17:01:45.596541 シナリオ走行を開始しました [シナリオ名: ログイン]
[ADMIN] 17:01:45.602946 シナリオ走行を終了しました [シナリオ名: ログイン]
[ADMIN] 17:01:45.602958 シナリオ走行を開始しました [シナリオ名: ログイン]
[ADMIN] 17:01:45.620565 シナリオ走行を終了しました [シナリオ名: ログイン]
[ADMIN] 17:01:45.620576 シナリオ走行を開始しました [シナリオ名: ログイン]
[ADMIN] 17:01:45.621093 シナリオ走行を終了しました [シナリオ名: ログイン]
[ADMIN] 17:01:45.621103 シナリオ走行を開始しました [シナリオ名: ログイン]
[ADMIN] 17:01:45.681142 シナリオ走行を終了しました [シナリオ名: ログイン]
[ADMIN] 17:01:45.681180 シナリオ走行を開始しました [シナリオ名: ログイン]
[ADMIN] 17:01:45.687624 シナリオ走行を終了しました [シナリオ名: ログイン]
[ADMIN] 17:01:45.687633 シナリオ走行を開始しました [シナリオ名: ログイン]
[ADMIN] 17:01:45.733150 シナリオ走行を終了しました [シナリオ名: ログイン]
[ADMIN] 17:01:45.733163 シナリオ走行を開始しました [シナリオ名: ログイン]
[ADMIN] 17:01:45.745315 シナリオ走行を終了しました [シナリオ名: ログイン]
[ADMIN] 17:01:45.745329 シナリオ走行を開始しました [シナリオ名: ログイン]
[ADMIN] 17:01:45.782788 シナリオ走行を終了しました [シナリオ名: ログイン]
[ADMIN] 17:01:45.782801 シナリオ走行を開始しました [シナリオ名: ログイン]
[ADMIN] 17:01:45.783857 シナリオ走行を終了しました [シナリオ名: ログイン]
[ADMIN] 17:01:45.783868 シナリオ走行を開始しました [シナリオ名: ログイン]
[ADMIN] 17:01:45.818559 シナリオ走行を終了しました [シナリオ名: ログイン]
[ADMIN] 17:01:45.818576 シナリオ走行を開始しました [シナリオ名: ログイン]
[ADMIN] 17:01:45.818586 シナリオ走行を終了しました [シナリオ名: ログイン]
[ADMIN] 17:01:45.818592 シナリオ走行を開始しました [シナリオ名: ログイン]
[ADMIN] 17:01:45.845261 シナリオ走行を終了しました [シナリオ名: 新規ユーザー登録]
[ADMIN] 17:01:45.845286 シナリオ走行を開始しました [シナリオ名: 新規ユーザー登録]
[ADMIN] 17:01:45.861354 シナリオ走行を終了しました [シナリオ名: 新規ユーザー登録]
[ADMIN] 17:01:45.861376 シナリオ走行を開始しました [シナリオ名: 新規ユーザー登録]
[ADMIN] 17:01:45.900283 シナリオ走行を終了しました [シナリオ名: ログイン]
[ADMIN] 17:01:45.900296 シナリオ走行を開始しました [シナリオ名: ログイン]
[ADMIN] 17:01:45.900655 シナリオ走行を終了しました [シナリオ名: 新規ユーザー登録]
[ADMIN] 17:01:45.900677 シナリオ走行を開始しました [シナリオ名: 新規ユーザー登録]
[ADMIN] 17:01:45.928929 シナリオ走行を終了しました [シナリオ名: 新規ユーザー登録]
[ADMIN] 17:01:45.928956 シナリオ走行を開始しました [シナリオ名: 新規ユーザー登録]
[ADMIN] 17:01:45.972981 シナリオ走行を終了しました [シナリオ名: ログイン]
[ADMIN] 17:01:45.972994 シナリオ走行を開始しました [シナリオ名: ログイン]
[ADMIN] 17:01:45.974742 シナリオ走行を終了しました [シナリオ名: ログイン]
[ADMIN] 17:01:45.974748 シナリオ走行を開始しました [シナリオ名: ログイン]
[ADMIN] 17:01:45.986577 シナリオ走行を終了しました [シナリオ名: ログイン]
[ADMIN] 17:01:45.986585 シナリオ走行を開始しました [シナリオ名: ログイン]
[ADMIN] 17:01:46.011188 シナリオ走行を終了しました [シナリオ名: ログイン]
[ADMIN] 17:01:46.011199 シナリオ走行を開始しました [シナリオ名: ログイン]
[ADMIN] 17:01:46.020075 シナリオ走行を終了しました [シナリオ名: ログイン]
[ADMIN] 17:01:46.020084 シナリオ走行を開始しました [シナリオ名: ログイン]
[ADMIN] 17:01:46.026469 シナリオ走行を終了しました [シナリオ名: ログイン]
[ADMIN] 17:01:46.026478 シナリオ走行を開始しました [シナリオ名: ログイン]
[ADMIN] 17:01:46.029828 シナリオ走行を終了しました [シナリオ名: ログイン]
[ADMIN] 17:01:46.029836 シナリオ走行を開始しました [シナリオ名: ログイン]
[ADMIN] 17:01:46.033186 シナリオ走行を終了しました [シナリオ名: Banユーザログイン]
[ADMIN] 17:01:46.033198 シナリオ走行を開始しました [シナリオ名: Banユーザログイン]
[ADMIN] 17:01:46.046567 シナリオ走行を終了しました [シナリオ名: Banユーザログイン]
[ADMIN] 17:01:46.046582 シナリオ走行を開始しました [シナリオ名: Banユーザログイン]
[ADMIN] 17:01:46.088315 シナリオ走行を終了しました [シナリオ名: ログイン]
[ADMIN] 17:01:46.088324 シナリオ走行を開始しました [シナリオ名: ログイン]
[ADMIN] 17:01:46.090522 シナリオ走行を終了しました [シナリオ名: ログイン]
[ADMIN] 17:01:46.090531 シナリオ走行を開始しました [シナリオ名: ログイン]
[ADMIN] 17:01:46.098233 シナリオ走行を終了しました [シナリオ名: ログイン]
[ADMIN] 17:01:46.098242 シナリオ走行を開始しました [シナリオ名: ログイン]
[ADMIN] 17:01:46.103907 シナリオ走行を終了しました [シナリオ名: 新規ユーザー登録]
[ADMIN] 17:01:46.103927 シナリオ走行を開始しました [シナリオ名: 新規ユーザー登録]
[ADMIN] 17:01:46.114304 シナリオ走行を終了しました [シナリオ名: ログイン]
[ADMIN] 17:01:46.114314 シナリオ走行を開始しました [シナリオ名: ログイン]
[ADMIN] 17:01:46.148656 シナリオ走行を終了しました [シナリオ名: ログイン]
[ADMIN] 17:01:46.148669 シナリオ走行を開始しました [シナリオ名: ログイン]
[ADMIN] 17:01:46.156735 シナリオ走行を終了しました [シナリオ名: ログイン]
[ADMIN] 17:01:46.156745 シナリオ走行を開始しました [シナリオ名: ログイン]
[ADMIN] 17:01:46.183527 シナリオ走行を終了しました [シナリオ名: ログイン]
[ADMIN] 17:01:46.183535 シナリオ走行を開始しました [シナリオ名: ログイン]
[ADMIN] 17:01:46.303468 シナリオ走行を終了しました [シナリオ名: ログイン]
[ADMIN] 17:01:46.303482 シナリオ走行を開始しました [シナリオ名: ログイン]
[ADMIN] 17:01:46.318226 シナリオ走行を終了しました [シナリオ名: 新規ユーザー登録]
[ADMIN] 17:01:46.318250 シナリオ走行を開始しました [シナリオ名: 新規ユーザー登録]
[ADMIN] 17:01:46.325963 シナリオ走行を終了しました [シナリオ名: ログイン]
[ADMIN] 17:01:46.325973 シナリオ走行を開始しました [シナリオ名: ログイン]
[ADMIN] 17:01:46.336259 シナリオ走行を終了しました [シナリオ名: ログイン]
[ADMIN] 17:01:46.336269 シナリオ走行を開始しました [シナリオ名: ログイン]
[ADMIN] 17:01:46.343557 シナリオ走行を終了しました [シナリオ名: ログイン]
[ADMIN] 17:01:46.343565 シナリオ走行を開始しました [シナリオ名: ログイン]
[ADMIN] 17:01:46.347585 シナリオ走行を終了しました [シナリオ名: ログイン]
[ADMIN] 17:01:46.347593 シナリオ走行を開始しました [シナリオ名: ログイン]
[ADMIN] 17:01:46.353539 シナリオ走行を終了しました [シナリオ名: 新規ユーザー登録]
[ADMIN] 17:01:46.353569 シナリオ走行を開始しました [シナリオ名: 新規ユーザー登録]
[ADMIN] 17:01:46.378724 シナリオ走行を終了しました [シナリオ名: ログイン]
[ADMIN] 17:01:46.378736 シナリオ走行を開始しました [シナリオ名: ログイン]
[ADMIN] 17:01:46.394128 シナリオ走行を終了しました [シナリオ名: 新規ユーザー登録]
[ADMIN] 17:01:46.394146 シナリオ走行を開始しました [シナリオ名: 新規ユーザー登録]
[ADMIN] 17:01:46.403213 シナリオ走行を終了しました [シナリオ名: ログイン]
[ADMIN] 17:01:46.403223 シナリオ走行を開始しました [シナリオ名: ログイン]
[ADMIN] 17:01:46.415008 シナリオ走行を終了しました [シナリオ名: ログイン]
[ADMIN] 17:01:46.415017 シナリオ走行を開始しました [シナリオ名: ログイン]
[ADMIN] 17:01:46.450612 シナリオ走行を終了しました [シナリオ名: ログイン]
[ADMIN] 17:01:46.450644 シナリオ走行を開始しました [シナリオ名: ログイン]
[ADMIN] 17:01:46.475438 シナリオ走行を終了しました [シナリオ名: ログイン]
[ADMIN] 17:01:46.475450 シナリオ走行を開始しました [シナリオ名: ログイン]
[ADMIN] 17:01:46.477579 シナリオ走行を終了しました [シナリオ名: ログイン]
[ADMIN] 17:01:46.477590 シナリオ走行を開始しました [シナリオ名: ログイン]
[ADMIN] 17:01:46.502329 シナリオ走行を終了しました [シナリオ名: 新規ユーザー登録]
[ADMIN] 17:01:46.502358 シナリオ走行を開始しました [シナリオ名: 新規ユーザー登録]
[ADMIN] 17:01:46.508312 シナリオ走行を終了しました [シナリオ名: 新規ユーザー登録]
[ADMIN] 17:01:46.508331 シナリオ走行を開始しました [シナリオ名: 新規ユーザー登録]
[ADMIN] 17:01:46.535856 シナリオ走行を終了しました [シナリオ名: Banユーザログイン]
[ADMIN] 17:01:46.535874 シナリオ走行を開始しました [シナリオ名: Banユーザログイン]
[ADMIN] 17:01:46.547010 シナリオ走行を終了しました [シナリオ名: ログイン]
[ADMIN] 17:01:46.547021 シナリオ走行を開始しました [シナリオ名: ログイン]
[ADMIN] 17:01:46.549489 シナリオ走行を終了しました [シナリオ名: Banユーザログイン]
[ADMIN] 17:01:46.549506 シナリオ走行を開始しました [シナリオ名: Banユーザログイン]
[ADMIN] 17:01:46.558916 シナリオ走行を終了しました [シナリオ名: ログイン]
[ADMIN] 17:01:46.558928 シナリオ走行を開始しました [シナリオ名: ログイン]
[ADMIN] 17:01:46.564999 シナリオ走行を終了しました [シナリオ名: ログイン]
[ADMIN] 17:01:46.565008 シナリオ走行を開始しました [シナリオ名: ログイン]
[ADMIN] 17:01:46.572868 シナリオ走行を終了しました [シナリオ名: ログイン]
[ADMIN] 17:01:46.572877 シナリオ走行を終了しました [シナリオ名: ログイン]
[ADMIN] 17:01:46.572879 シナリオ走行を開始しました [シナリオ名: ログイン]
[ADMIN] 17:01:46.572882 シナリオ走行を開始しました [シナリオ名: ログイン]
[ADMIN] 17:01:46.632817 シナリオ走行を終了しました [シナリオ名: ログイン]
[ADMIN] 17:01:46.632831 シナリオ走行を開始しました [シナリオ名: ログイン]
[ADMIN] 17:01:46.670551 シナリオ走行を終了しました [シナリオ名: 新規ユーザー登録]
[ADMIN] 17:01:46.670576 シナリオ走行を開始しました [シナリオ名: 新規ユーザー登録]
[ADMIN] 17:01:46.677008 シナリオ走行を終了しました [シナリオ名: ログイン]
[ADMIN] 17:01:46.677018 シナリオ走行を開始しました [シナリオ名: ログイン]
[ADMIN] 17:01:46.702489 シナリオ走行を終了しました [シナリオ名: ログイン]
[ADMIN] 17:01:46.702501 シナリオ走行を開始しました [シナリオ名: ログイン]
[ADMIN] 17:01:46.711141 シナリオ走行を終了しました [シナリオ名: ログイン]
[ADMIN] 17:01:46.711150 シナリオ走行を開始しました [シナリオ名: ログイン]
[ADMIN] 17:01:46.762066 シナリオ走行を終了しました [シナリオ名: 新規ユーザー登録]
[ADMIN] 17:01:46.762092 シナリオ走行を開始しました [シナリオ名: 新規ユーザー登録]
[ADMIN] 17:01:46.764062 シナリオ走行を終了しました [シナリオ名: ログイン]
[ADMIN] 17:01:46.764071 シナリオ走行を開始しました [シナリオ名: ログイン]
[ADMIN] 17:01:46.815379 シナリオ走行を終了しました [シナリオ名: ログイン]
[ADMIN] 17:01:46.815391 シナリオ走行を開始しました [シナリオ名: ログイン]
[ADMIN] 17:01:46.816332 シナリオ走行を終了しました [シナリオ名: ログイン]
[ADMIN] 17:01:46.816341 シナリオ走行を開始しました [シナリオ名: ログイン]
[ADMIN] 17:01:46.829794 シナリオ走行を終了しました [シナリオ名: ログイン]
[ADMIN] 17:01:46.829806 シナリオ走行を開始しました [シナリオ名: ログイン]
[ADMIN] 17:01:46.854239 シナリオ走行を終了しました [シナリオ名: ログイン]
[ADMIN] 17:01:46.854252 シナリオ走行を開始しました [シナリオ名: ログイン]
[ADMIN] 17:01:46.858021 シナリオ走行を終了しました [シナリオ名: ログイン]
[ADMIN] 17:01:46.858029 シナリオ走行を開始しました [シナリオ名: ログイン]
[ADMIN] 17:01:46.858356 シナリオ走行を終了しました [シナリオ名: ログイン]
[ADMIN] 17:01:46.858367 シナリオ走行を開始しました [シナリオ名: ログイン]
[ADMIN] 17:01:46.861268 シナリオ走行を終了しました [シナリオ名: ログイン]
[ADMIN] 17:01:46.861277 シナリオ走行を開始しました [シナリオ名: ログイン]
[ADMIN] 17:01:46.875807 シナリオ走行を終了しました [シナリオ名: ログイン]
[ADMIN] 17:01:46.875816 シナリオ走行を開始しました [シナリオ名: ログイン]
[ADMIN] 17:01:46.915954 シナリオ走行を終了しました [シナリオ名: ログイン]
[ADMIN] 17:01:46.915970 シナリオ走行を開始しました [シナリオ名: ログイン]
[ADMIN] 17:01:46.930902 シナリオ走行を終了しました [シナリオ名: 新規ユーザー登録]
[ADMIN] 17:01:46.930929 シナリオ走行を開始しました [シナリオ名: 新規ユーザー登録]
[ADMIN] 17:01:46.949703 シナリオ走行を終了しました [シナリオ名: 新規ユーザー登録]
[ADMIN] 17:01:46.949724 シナリオ走行を開始しました [シナリオ名: 新規ユーザー登録]
[ADMIN] 17:01:46.959297 シナリオ走行を終了しました [シナリオ名: ログイン]
[ADMIN] 17:01:46.959310 シナリオ走行を開始しました [シナリオ名: ログイン]
[ADMIN] 17:01:46.968562 シナリオ走行を終了しました [シナリオ名: 新規ユーザー登録]
[ADMIN] 17:01:46.968585 シナリオ走行を開始しました [シナリオ名: 新規ユーザー登録]
[ADMIN] 17:01:47.037961 シナリオ走行を終了しました [シナリオ名: ログイン]
[ADMIN] 17:01:47.037972 シナリオ走行を開始しました [シナリオ名: ログイン]
[ADMIN] 17:01:47.038097 シナリオ走行を終了しました [シナリオ名: Banユーザログイン]
[ADMIN] 17:01:47.038117 シナリオ走行を開始しました [シナリオ名: Banユーザログイン]
[ADMIN] 17:01:47.052279 シナリオ走行を終了しました [シナリオ名: Banユーザログイン]
[ADMIN] 17:01:47.052293 シナリオ走行を開始しました [シナリオ名: Banユーザログイン]
[ADMIN] 17:01:47.052371 シナリオ走行を終了しました [シナリオ名: ログイン]
[ADMIN] 17:01:47.052380 シナリオ走行を開始しました [シナリオ名: ログイン]
[ADMIN] 17:01:47.073979 シナリオ走行を終了しました [シナリオ名: ログイン]
[ADMIN] 17:01:47.073991 シナリオ走行を開始しました [シナリオ名: ログイン]
[ADMIN] 17:01:47.080886 シナリオ走行を終了しました [シナリオ名: ログイン]
[ADMIN] 17:01:47.080896 シナリオ走行を開始しました [シナリオ名: ログイン]
[ADMIN] 17:01:47.178254 シナリオ走行を終了しました [シナリオ名: ログイン]
[ADMIN] 17:01:47.178282 シナリオ走行を開始しました [シナリオ名: ログイン]
[ADMIN] 17:01:47.191121 シナリオ走行を終了しました [シナリオ名: ログイン]
[ADMIN] 17:01:47.191133 シナリオ走行を開始しました [シナリオ名: ログイン]
[ADMIN] 17:01:47.201373 シナリオ走行を終了しました [シナリオ名: ログイン]
[ADMIN] 17:01:47.201385 シナリオ走行を開始しました [シナリオ名: ログイン]
[ADMIN] 17:01:47.254381 シナリオ走行を終了しました [シナリオ名: ログイン]
[ADMIN] 17:01:47.254397 シナリオ走行を開始しました [シナリオ名: ログイン]
[ADMIN] 17:01:47.258988 シナリオ走行を終了しました [シナリオ名: ログイン]
[ADMIN] 17:01:47.258999 シナリオ走行を開始しました [シナリオ名: ログイン]
[ADMIN] 17:01:47.272938 シナリオ走行を終了しました [シナリオ名: 新規ユーザー登録]
[ADMIN] 17:01:47.272963 シナリオ走行を開始しました [シナリオ名: 新規ユーザー登録]
[ADMIN] 17:01:47.283481 シナリオ走行を終了しました [シナリオ名: ログイン]
[ADMIN] 17:01:47.283494 シナリオ走行を開始しました [シナリオ名: ログイン]
[ADMIN] 17:01:47.297210 シナリオ走行を終了しました [シナリオ名: ログイン]
[ADMIN] 17:01:47.297220 シナリオ走行を開始しました [シナリオ名: ログイン]
[ADMIN] 17:01:47.373753 シナリオ走行を終了しました [シナリオ名: ログイン]
[ADMIN] 17:01:47.373770 シナリオ走行を開始しました [シナリオ名: ログイン]
[ADMIN] 17:01:47.383082 シナリオ走行を終了しました [シナリオ名: ログイン]
[ADMIN] 17:01:47.383095 シナリオ走行を開始しました [シナリオ名: ログイン]
[ADMIN] 17:01:47.387891 シナリオ走行を終了しました [シナリオ名: ログイン]
[ADMIN] 17:01:47.387900 シナリオ走行を開始しました [シナリオ名: ログイン]
[ADMIN] 17:01:47.412747 シナリオ走行を終了しました [シナリオ名: ログイン]
[ADMIN] 17:01:47.412759 シナリオ走行を開始しました [シナリオ名: ログイン]
[ADMIN] 17:01:47.420131 シナリオ走行を終了しました [シナリオ名: ログイン]
[ADMIN] 17:01:47.420143 シナリオ走行を開始しました [シナリオ名: ログイン]
[ADMIN] 17:01:47.440966 シナリオ走行を終了しました [シナリオ名: ログイン]
[ADMIN] 17:01:47.440977 シナリオ走行を開始しました [シナリオ名: ログイン]
[ADMIN] 17:01:47.447406 シナリオ走行を終了しました [シナリオ名: 新規ユーザー登録]
[ADMIN] 17:01:47.447423 シナリオ走行を開始しました [シナリオ名: 新規ユーザー登録]
[ADMIN] 17:01:47.480816 シナリオ走行を終了しました [シナリオ名: 新規ユーザー登録]
[ADMIN] 17:01:47.480836 シナリオ走行を開始しました [シナリオ名: 新規ユーザー登録]
[ADMIN] 17:01:47.501266 シナリオ走行を終了しました [シナリオ名: 新規ユーザー登録]
[ADMIN] 17:01:47.501285 シナリオ走行を開始しました [シナリオ名: 新規ユーザー登録]
[ADMIN] 17:01:47.510747 シナリオ走行を終了しました [シナリオ名: ログイン]
[ADMIN] 17:01:47.510756 シナリオ走行を開始しました [シナリオ名: ログイン]
[ADMIN] 17:01:47.522676 シナリオ走行を終了しました [シナリオ名: ログイン]
[ADMIN] 17:01:47.522686 シナリオ走行を開始しました [シナリオ名: ログイン]
[ADMIN] 17:01:47.524146 シナリオ走行を終了しました [シナリオ名: ログイン]
[ADMIN] 17:01:47.524154 シナリオ走行を開始しました [シナリオ名: ログイン]
[ADMIN] 17:01:47.541016 シナリオ走行を終了しました [シナリオ名: Banユーザログイン]
[ADMIN] 17:01:47.541031 シナリオ走行を開始しました [シナリオ名: Banユーザログイン]
[ADMIN] 17:01:47.547613 シナリオ走行を終了しました [シナリオ名: 新規ユーザー登録]
[ADMIN] 17:01:47.547633 シナリオ走行を開始しました [シナリオ名: 新規ユーザー登録]
[ADMIN] 17:01:47.555290 シナリオ走行を終了しました [シナリオ名: Banユーザログイン]
[ADMIN] 17:01:47.555305 シナリオ走行を開始しました [シナリオ名: Banユーザログイン]
[ADMIN] 17:01:47.589200 シナリオ走行を終了しました [シナリオ名: ログイン]
[ADMIN] 17:01:47.589210 シナリオ走行を開始しました [シナリオ名: ログイン]
[ADMIN] 17:01:47.621556 シナリオ走行を終了しました [シナリオ名: ログイン]
[ADMIN] 17:01:47.621565 シナリオ走行を開始しました [シナリオ名: ログイン]
[ADMIN] 17:01:47.628669 シナリオ走行を終了しました [シナリオ名: ログイン]
[ADMIN] 17:01:47.628679 シナリオ走行を開始しました [シナリオ名: ログイン]
[ADMIN] 17:01:47.638024 シナリオ走行を終了しました [シナリオ名: ログイン]
[ADMIN] 17:01:47.638034 シナリオ走行を開始しました [シナリオ名: ログイン]
[ADMIN] 17:01:47.640619 シナリオ走行を終了しました [シナリオ名: ログイン]
[ADMIN] 17:01:47.640627 シナリオ走行を開始しました [シナリオ名: ログイン]
[ADMIN] 17:01:47.677169 シナリオ走行を終了しました [シナリオ名: ログイン]
[ADMIN] 17:01:47.677180 シナリオ走行を開始しました [シナリオ名: ログイン]
[ADMIN] 17:01:47.720268 シナリオ走行を終了しました [シナリオ名: ログイン]
[ADMIN] 17:01:47.720286 シナリオ走行を開始しました [シナリオ名: ログイン]
[ADMIN] 17:01:47.761852 シナリオ走行を終了しました [シナリオ名: ログイン]
[ADMIN] 17:01:47.761863 シナリオ走行を開始しました [シナリオ名: ログイン]
[ADMIN] 17:01:47.780486 シナリオ走行を終了しました [シナリオ名: ログイン]
[ADMIN] 17:01:47.780498 シナリオ走行を開始しました [シナリオ名: ログイン]
[ADMIN] 17:01:47.783741 シナリオ走行を終了しました [シナリオ名: ログイン]
[ADMIN] 17:01:47.783754 シナリオ走行を開始しました [シナリオ名: ログイン]
[ADMIN] 17:01:47.828311 シナリオ走行を終了しました [シナリオ名: ログイン]
[ADMIN] 17:01:47.828325 シナリオ走行を開始しました [シナリオ名: ログイン]
[ADMIN] 17:01:47.846001 シナリオ走行を終了しました [シナリオ名: ログイン]
[ADMIN] 17:01:47.846016 シナリオ走行を開始しました [シナリオ名: ログイン]
[ADMIN] 17:01:47.858687 シナリオ走行を終了しました [シナリオ名: ログイン]
[ADMIN] 17:01:47.858696 シナリオ走行を開始しました [シナリオ名: ログイン]
[ADMIN] 17:01:47.859888 シナリオ走行を終了しました [シナリオ名: ログイン]
[ADMIN] 17:01:47.859898 シナリオ走行を開始しました [シナリオ名: ログイン]
[ADMIN] 17:01:47.872121 シナリオ走行を終了しました [シナリオ名: ログイン]
[ADMIN] 17:01:47.872130 シナリオ走行を開始しました [シナリオ名: ログイン]
[ADMIN] 17:01:47.882696 シナリオ走行を終了しました [シナリオ名: 新規ユーザー登録]
[ADMIN] 17:01:47.882713 シナリオ走行を開始しました [シナリオ名: 新規ユーザー登録]
[ADMIN] 17:01:47.917540 シナリオ走行を終了しました [シナリオ名: 新規ユーザー登録]
[ADMIN] 17:01:47.917567 シナリオ走行を開始しました [シナリオ名: 新規ユーザー登録]
[ADMIN] 17:01:47.929418 シナリオ走行を終了しました [シナリオ名: 新規ユーザー登録]
[ADMIN] 17:01:47.929443 シナリオ走行を開始しました [シナリオ名: 新規ユーザー登録]
[ADMIN] 17:01:47.932671 シナリオ走行を終了しました [シナリオ名: ログイン]
[ADMIN] 17:01:47.932681 シナリオ走行を開始しました [シナリオ名: ログイン]
[ADMIN] 17:01:47.941545 シナリオ走行を終了しました [シナリオ名: 新規ユーザー登録]
[ADMIN] 17:01:47.941565 シナリオ走行を開始しました [シナリオ名: 新規ユーザー登録]
[ADMIN] 17:01:47.979700 シナリオ走行を終了しました [シナリオ名: ログイン]
[ADMIN] 17:01:47.979713 シナリオ走行を開始しました [シナリオ名: ログイン]
[ADMIN] 17:01:48.021725 シナリオ走行を終了しました [シナリオ名: ログイン]
[ADMIN] 17:01:48.021739 シナリオ走行を開始しました [シナリオ名: ログイン]
[ADMIN] 17:01:48.043698 シナリオ走行を終了しました [シナリオ名: Banユーザログイン]
[ADMIN] 17:01:48.043722 シナリオ走行を開始しました [シナリオ名: Banユーザログイン]
[ADMIN] 17:01:48.058318 シナリオ走行を終了しました [シナリオ名: Banユーザログイン]
[ADMIN] 17:01:48.058335 シナリオ走行を開始しました [シナリオ名: Banユーザログイン]
[ADMIN] 17:01:48.069105 シナリオ走行を終了しました [シナリオ名: 新規ユーザー登録]
[ADMIN] 17:01:48.069126 シナリオ走行を開始しました [シナリオ名: 新規ユーザー登録]
[ADMIN] 17:01:48.081252 シナリオ走行を終了しました [シナリオ名: ログイン]
[ADMIN] 17:01:48.081265 シナリオ走行を開始しました [シナリオ名: ログイン]
[ADMIN] 17:01:48.081872 シナリオ走行を終了しました [シナリオ名: ログイン]
[ADMIN] 17:01:48.081882 シナリオ走行を開始しました [シナリオ名: ログイン]
[ADMIN] 17:01:48.121840 シナリオ走行を終了しました [シナリオ名: ログイン]
[ADMIN] 17:01:48.121853 シナリオ走行を開始しました [シナリオ名: ログイン]
[ADMIN] 17:01:48.192157 シナリオ走行を終了しました [シナリオ名: ログイン]
[ADMIN] 17:01:48.192170 シナリオ走行を開始しました [シナリオ名: ログイン]
[ADMIN] 17:01:48.204466 シナリオ走行を終了しました [シナリオ名: ログイン]
[ADMIN] 17:01:48.204476 シナリオ走行を開始しました [シナリオ名: ログイン]
[ADMIN] 17:01:48.204998 シナリオ走行を終了しました [シナリオ名: ログイン]
[ADMIN] 17:01:48.205008 シナリオ走行を開始しました [シナリオ名: ログイン]
[ADMIN] 17:01:48.260988 シナリオ走行を終了しました [シナリオ名: ログイン]
[ADMIN] 17:01:48.260999 シナリオ走行を開始しました [シナリオ名: ログイン]
[ADMIN] 17:01:48.261464 シナリオ走行を終了しました [シナリオ名: ログイン]
[ADMIN] 17:01:48.261473 シナリオ走行を開始しました [シナリオ名: ログイン]
[ADMIN] 17:01:48.285977 シナリオ走行を終了しました [シナリオ名: ログイン]
[ADMIN] 17:01:48.285989 シナリオ走行を開始しました [シナリオ名: ログイン]
[ADMIN] 17:01:48.345649 シナリオ走行を終了しました [シナリオ名: ログイン]
[ADMIN] 17:01:48.345660 シナリオ走行を開始しました [シナリオ名: ログイン]
[ADMIN] 17:01:48.353878 シナリオ走行を終了しました [シナリオ名: 新規ユーザー登録]
[ADMIN] 17:01:48.353897 シナリオ走行を開始しました [シナリオ名: 新規ユーザー登録]
[ADMIN] 17:01:48.375953 シナリオ走行を終了しました [シナリオ名: ログイン]
[ADMIN] 17:01:48.375964 シナリオ走行を開始しました [シナリオ名: ログイン]
[ADMIN] 17:01:48.385135 シナリオ走行を終了しました [シナリオ名: ログイン]
[ADMIN] 17:01:48.385146 シナリオ走行を開始しました [シナリオ名: ログイン]
[ADMIN] 17:01:48.400525 シナリオ走行を終了しました [シナリオ名: ログイン]
[ADMIN] 17:01:48.400536 シナリオ走行を開始しました [シナリオ名: ログイン]
[ADMIN] 17:01:48.408096 シナリオ走行を終了しました [シナリオ名: ログイン]
[ADMIN] 17:01:48.408106 シナリオ走行を開始しました [シナリオ名: ログイン]
[ADMIN] 17:01:48.420507 シナリオ走行を終了しました [シナリオ名: ログイン]
[ADMIN] 17:01:48.420515 シナリオ走行を開始しました [シナリオ名: ログイン]
[ADMIN] 17:01:48.437533 シナリオ走行を終了しました [シナリオ名: 新規ユーザー登録]
[ADMIN] 17:01:48.437554 シナリオ走行を開始しました [シナリオ名: 新規ユーザー登録]
[ADMIN] 17:01:48.452284 シナリオ走行を終了しました [シナリオ名: ログイン]
[ADMIN] 17:01:48.452295 シナリオ走行を開始しました [シナリオ名: ログイン]
[ADMIN] 17:01:48.452465 シナリオ走行を終了しました [シナリオ名: ログイン]
[ADMIN] 17:01:48.452474 シナリオ走行を開始しました [シナリオ名: ログイン]
[ADMIN] 17:01:48.494741 シナリオ走行を終了しました [シナリオ名: ログイン]
[ADMIN] 17:01:48.494753 シナリオ走行を開始しました [シナリオ名: ログイン]
[ADMIN] 17:01:48.539417 シナリオ走行を終了しました [シナリオ名: ログイン]
[ADMIN] 17:01:48.539430 シナリオ走行を開始しました [シナリオ名: ログイン]
[ADMIN] 17:01:48.549652 シナリオ走行を終了しました [シナリオ名: Banユーザログイン]
[ADMIN] 17:01:48.549667 シナリオ走行を開始しました [シナリオ名: Banユーザログイン]
[ADMIN] 17:01:48.553809 シナリオ走行を終了しました [シナリオ名: ログイン]
[ADMIN] 17:01:48.553820 シナリオ走行を開始しました [シナリオ名: ログイン]
[ADMIN] 17:01:48.558700 シナリオ走行を終了しました [シナリオ名: 新規ユーザー登録]
[ADMIN] 17:01:48.558717 シナリオ走行を開始しました [シナリオ名: 新規ユーザー登録]
[ADMIN] 17:01:48.561606 シナリオ走行を終了しました [シナリオ名: Banユーザログイン]
[ADMIN] 17:01:48.561621 シナリオ走行を開始しました [シナリオ名: Banユーザログイン]
[ADMIN] 17:01:48.592013 シナリオ走行を終了しました [シナリオ名: 新規ユーザー登録]
[ADMIN] 17:01:48.592054 シナリオ走行を開始しました [シナリオ名: 新規ユーザー登録]
[ADMIN] 17:01:48.606197 シナリオ走行を終了しました [シナリオ名: ログイン]
[ADMIN] 17:01:48.606209 シナリオ走行を開始しました [シナリオ名: ログイン]
[ADMIN] 17:01:48.610047 シナリオ走行を終了しました [シナリオ名: ログイン]
[ADMIN] 17:01:48.610058 シナリオ走行を開始しました [シナリオ名: ログイン]
[ADMIN] 17:01:48.618471 シナリオ走行を終了しました [シナリオ名: 新規ユーザー登録]
[ADMIN] 17:01:48.618492 シナリオ走行を開始しました [シナリオ名: 新規ユーザー登録]
[ADMIN] 17:01:48.683969 シナリオ走行を終了しました [シナリオ名: ログイン]
[ADMIN] 17:01:48.683986 シナリオ走行を開始しました [シナリオ名: ログイン]
[ADMIN] 17:01:48.763951 シナリオ走行を終了しました [シナリオ名: ログイン]
[ADMIN] 17:01:48.763966 シナリオ走行を開始しました [シナリオ名: ログイン]
[ADMIN] 17:01:48.764621 シナリオ走行を終了しました [シナリオ名: ログイン]
[ADMIN] 17:01:48.764633 シナリオ走行を開始しました [シナリオ名: ログイン]
[ADMIN] 17:01:48.782425 シナリオ走行を終了しました [シナリオ名: ログイン]
[ADMIN] 17:01:48.782434 シナリオ走行を開始しました [シナリオ名: ログイン]
[ADMIN] 17:01:48.810706 シナリオ走行を終了しました [シナリオ名: ログイン]
[ADMIN] 17:01:48.810718 シナリオ走行を開始しました [シナリオ名: ログイン]
[ADMIN] 17:01:48.818367 シナリオ走行を終了しました [シナリオ名: ログイン]
[ADMIN] 17:01:48.818378 シナリオ走行を開始しました [シナリオ名: ログイン]
[ADMIN] 17:01:48.835667 シナリオ走行を終了しました [シナリオ名: ログイン]
[ADMIN] 17:01:48.835680 シナリオ走行を開始しました [シナリオ名: ログイン]
[ADMIN] 17:01:48.836222 シナリオ走行を終了しました [シナリオ名: ログイン]
[ADMIN] 17:01:48.836232 シナリオ走行を開始しました [シナリオ名: ログイン]
[ADMIN] 17:01:48.847196 シナリオ走行を終了しました [シナリオ名: ログイン]
[ADMIN] 17:01:48.847208 シナリオ走行を開始しました [シナリオ名: ログイン]
[ADMIN] 17:01:48.872248 シナリオ走行を終了しました [シナリオ名: ログイン]
[ADMIN] 17:01:48.872260 シナリオ走行を開始しました [シナリオ名: ログイン]
[ADMIN] 17:01:48.879567 シナリオ走行を終了しました [シナリオ名: ログイン]
[ADMIN] 17:01:48.879578 シナリオ走行を開始しました [シナリオ名: ログイン]
[ADMIN] 17:01:48.896605 シナリオ走行を終了しました [シナリオ名: ログイン]
[ADMIN] 17:01:48.896616 シナリオ走行を開始しました [シナリオ名: ログイン]
[ADMIN] 17:01:48.898939 シナリオ走行を終了しました [シナリオ名: ログイン]
[ADMIN] 17:01:48.898950 シナリオ走行を開始しました [シナリオ名: ログイン]
[ADMIN] 17:01:48.934190 シナリオ走行を終了しました [シナリオ名: 新規ユーザー登録]
[ADMIN] 17:01:48.934211 シナリオ走行を開始しました [シナリオ名: 新規ユーザー登録]
[ADMIN] 17:01:48.978110 シナリオ走行を終了しました [シナリオ名: 新規ユーザー登録]
[ADMIN] 17:01:48.978130 シナリオ走行を開始しました [シナリオ名: 新規ユーザー登録]
[ADMIN] 17:01:48.981010 シナリオ走行を終了しました [シナリオ名: ログイン]
[ADMIN] 17:01:48.981020 シナリオ走行を開始しました [シナリオ名: ログイン]
[ADMIN] 17:01:49.008999 シナリオ走行を終了しました [シナリオ名: ログイン]
[ADMIN] 17:01:49.009010 シナリオ走行を開始しました [シナリオ名: ログイン]
[ADMIN] 17:01:49.058686 シナリオ走行を終了しました [シナリオ名: Banユーザログイン]
[ADMIN] 17:01:49.058704 シナリオ走行を開始しました [シナリオ名: Banユーザログイン]
[ADMIN] 17:01:49.062578 シナリオ走行を終了しました [シナリオ名: 新規ユーザー登録]
[ADMIN] 17:01:49.062603 シナリオ走行を開始しました [シナリオ名: 新規ユーザー登録]
[ADMIN] 17:01:49.064012 シナリオ走行を終了しました [シナリオ名: Banユーザログイン]
[ADMIN] 17:01:49.064028 シナリオ走行を開始しました [シナリオ名: Banユーザログイン]
[ADMIN] 17:01:49.095361 シナリオ走行を終了しました [シナリオ名: ログイン]
[ADMIN] 17:01:49.095372 シナリオ走行を開始しました [シナリオ名: ログイン]
[ADMIN] 17:01:49.105912 シナリオ走行を終了しました [シナリオ名: ログイン]
[ADMIN] 17:01:49.105923 シナリオ走行を開始しました [シナリオ名: ログイン]
[ADMIN] 17:01:49.110608 シナリオ走行を終了しました [シナリオ名: ログイン]
[ADMIN] 17:01:49.110630 シナリオ走行を開始しました [シナリオ名: ログイン]
[ADMIN] 17:01:49.112955 シナリオ走行を終了しました [シナリオ名: ログイン]
[ADMIN] 17:01:49.112962 シナリオ走行を開始しました [シナリオ名: ログイン]
[ADMIN] 17:01:49.208755 シナリオ走行を終了しました [シナリオ名: 新規ユーザー登録]
[ADMIN] 17:01:49.208779 シナリオ走行を開始しました [シナリオ名: 新規ユーザー登録]
[ADMIN] 17:01:49.223478 シナリオ走行を終了しました [シナリオ名: 新規ユーザー登録]
[ADMIN] 17:01:49.223499 シナリオ走行を開始しました [シナリオ名: 新規ユーザー登録]
[ADMIN] 17:01:49.225822 シナリオ走行を終了しました [シナリオ名: ログイン]
[ADMIN] 17:01:49.225831 シナリオ走行を開始しました [シナリオ名: ログイン]
[ADMIN] 17:01:49.280157 シナリオ走行を終了しました [シナリオ名: ログイン]
[ADMIN] 17:01:49.280170 シナリオ走行を開始しました [シナリオ名: ログイン]
[ADMIN] 17:01:49.281294 シナリオ走行を終了しました [シナリオ名: ログイン]
[ADMIN] 17:01:49.281305 シナリオ走行を開始しました [シナリオ名: ログイン]
[ADMIN] 17:01:49.295682 シナリオ走行を終了しました [シナリオ名: ログイン]
[ADMIN] 17:01:49.295693 シナリオ走行を開始しました [シナリオ名: ログイン]
[ADMIN] 17:01:49.311272 シナリオ走行を終了しました [シナリオ名: ログイン]
[ADMIN] 17:01:49.311283 シナリオ走行を開始しました [シナリオ名: ログイン]
[ADMIN] 17:01:49.319917 シナリオ走行を終了しました [シナリオ名: ログイン]
[ADMIN] 17:01:49.319926 シナリオ走行を開始しました [シナリオ名: ログイン]
[ADMIN] 17:01:49.323563 シナリオ走行を終了しました [シナリオ名: ログイン]
[ADMIN] 17:01:49.323572 シナリオ走行を開始しました [シナリオ名: ログイン]
[ADMIN] 17:01:49.363918 シナリオ走行を終了しました [シナリオ名: ログイン]
[ADMIN] 17:01:49.363933 シナリオ走行を開始しました [シナリオ名: ログイン]
[ADMIN] 17:01:49.364530 シナリオ走行を終了しました [シナリオ名: ログイン]
[ADMIN] 17:01:49.364539 シナリオ走行を開始しました [シナリオ名: ログイン]
[ADMIN] 17:01:49.397305 シナリオ走行を終了しました [シナリオ名: ログイン]
[ADMIN] 17:01:49.397318 シナリオ走行を開始しました [シナリオ名: ログイン]
[ADMIN] 17:01:49.400800 シナリオ走行を終了しました [シナリオ名: ログイン]
[ADMIN] 17:01:49.400809 シナリオ走行を開始しました [シナリオ名: ログイン]
[ADMIN] 17:01:49.406076 シナリオ走行を終了しました [シナリオ名: ログイン]
[ADMIN] 17:01:49.406086 シナリオ走行を開始しました [シナリオ名: ログイン]
[ADMIN] 17:01:49.428427 シナリオ走行を終了しました [シナリオ名: 新規ユーザー登録]
[ADMIN] 17:01:49.428449 シナリオ走行を開始しました [シナリオ名: 新規ユーザー登録]
[ADMIN] 17:01:49.435817 シナリオ走行を終了しました [シナリオ名: ログイン]
[ADMIN] 17:01:49.435829 シナリオ走行を開始しました [シナリオ名: ログイン]
[ADMIN] 17:01:49.496192 シナリオ走行を終了しました [シナリオ名: ログイン]
[ADMIN] 17:01:49.496203 シナリオ走行を開始しました [シナリオ名: ログイン]
[ADMIN] 17:01:49.501013 シナリオ走行を終了しました [シナリオ名: ログイン]
[ADMIN] 17:01:49.501023 シナリオ走行を開始しました [シナリオ名: ログイン]
[ADMIN] 17:01:49.540352 シナリオ走行を終了しました [シナリオ名: 新規ユーザー登録]
[ADMIN] 17:01:49.540375 シナリオ走行を開始しました [シナリオ名: 新規ユーザー登録]
[ADMIN] 17:01:49.561952 シナリオ走行を終了しました [シナリオ名: Banユーザログイン]
[ADMIN] 17:01:49.561982 シナリオ走行を開始しました [シナリオ名: Banユーザログイン]
[ADMIN] 17:01:49.563708 シナリオ走行を終了しました [シナリオ名: ログイン]
[ADMIN] 17:01:49.563721 シナリオ走行を開始しました [シナリオ名: ログイン]
[ADMIN] 17:01:49.565801 シナリオ走行を終了しました [シナリオ名: ログイン]
[ADMIN] 17:01:49.565813 シナリオ走行を開始しました [シナリオ名: ログイン]
[ADMIN] 17:01:49.567185 シナリオ走行を終了しました [シナリオ名: Banユーザログイン]
[ADMIN] 17:01:49.567197 シナリオ走行を開始しました [シナリオ名: Banユーザログイン]
[ADMIN] 17:01:49.567471 シナリオ走行を終了しました [シナリオ名: ログイン]
[ADMIN] 17:01:49.567481 シナリオ走行を開始しました [シナリオ名: ログイン]
[ADMIN] 17:01:49.576031 シナリオ走行を終了しました [シナリオ名: 新規ユーザー登録]
[ADMIN] 17:01:49.576047 シナリオ走行を開始しました [シナリオ名: 新規ユーザー登録]
[ADMIN] 17:01:49.631183 シナリオ走行を終了しました [シナリオ名: ログイン]
[ADMIN] 17:01:49.631196 シナリオ走行を開始しました [シナリオ名: ログイン]
[ADMIN] 17:01:49.649198 シナリオ走行を終了しました [シナリオ名: ログイン]
[ADMIN] 17:01:49.649211 シナリオ走行を開始しました [シナリオ名: ログイン]
[ADMIN] 17:01:49.671394 シナリオ走行を終了しました [シナリオ名: ログイン]
[ADMIN] 17:01:49.671405 シナリオ走行を開始しました [シナリオ名: ログイン]
[ADMIN] 17:01:49.692379 シナリオ走行を終了しました [シナリオ名: ログイン]
[ADMIN] 17:01:49.692391 シナリオ走行を開始しました [シナリオ名: ログイン]
[ADMIN] 17:01:49.708603 シナリオ走行を終了しました [シナリオ名: ログイン]
[ADMIN] 17:01:49.708613 シナリオ走行を開始しました [シナリオ名: ログイン]
[ADMIN] 17:01:49.716963 シナリオ走行を終了しました [シナリオ名: 新規ユーザー登録]
[ADMIN] 17:01:49.716986 シナリオ走行を開始しました [シナリオ名: 新規ユーザー登録]
[ADMIN] 17:01:49.717156 シナリオ走行を終了しました [シナリオ名: ログイン]
[ADMIN] 17:01:49.717163 シナリオ走行を開始しました [シナリオ名: ログイン]
[ADMIN] 17:01:49.744741 シナリオ走行を終了しました [シナリオ名: ログイン]
[ADMIN] 17:01:49.744755 シナリオ走行を開始しました [シナリオ名: ログイン]
[ADMIN] 17:01:49.752274 シナリオ走行を終了しました [シナリオ名: ログイン]
[ADMIN] 17:01:49.752285 シナリオ走行を開始しました [シナリオ名: ログイン]
[ADMIN] 17:01:49.782397 シナリオ走行を終了しました [シナリオ名: 新規ユーザー登録]
[ADMIN] 17:01:49.782419 シナリオ走行を開始しました [シナリオ名: 新規ユーザー登録]
[ADMIN] 17:01:49.783694 シナリオ走行を終了しました [シナリオ名: ログイン]
[ADMIN] 17:01:49.783703 シナリオ走行を開始しました [シナリオ名: ログイン]
[ADMIN] 17:01:49.811022 シナリオ走行を終了しました [シナリオ名: ログイン]
[ADMIN] 17:01:49.811033 シナリオ走行を開始しました [シナリオ名: ログイン]
[ADMIN] 17:01:49.811547 シナリオ走行を終了しました [シナリオ名: ログイン]
[ADMIN] 17:01:49.811557 シナリオ走行を開始しました [シナリオ名: ログイン]
[ADMIN] 17:01:49.820759 シナリオ走行を終了しました [シナリオ名: ログイン]
[ADMIN] 17:01:49.820769 シナリオ走行を開始しました [シナリオ名: ログイン]
[ADMIN] 17:01:49.831911 シナリオ走行を終了しました [シナリオ名: ログイン]
[ADMIN] 17:01:49.831922 シナリオ走行を開始しました [シナリオ名: ログイン]
[ADMIN] 17:01:49.836308 シナリオ走行を終了しました [シナリオ名: ログイン]
[ADMIN] 17:01:49.836318 シナリオ走行を開始しました [シナリオ名: ログイン]
[ADMIN] 17:01:49.893395 シナリオ走行を終了しました [シナリオ名: ログイン]
[ADMIN] 17:01:49.893409 シナリオ走行を開始しました [シナリオ名: ログイン]
[ADMIN] 17:01:49.899159 シナリオ走行を終了しました [シナリオ名: ログイン]
[ADMIN] 17:01:49.899170 シナリオ走行を開始しました [シナリオ名: ログイン]
[ADMIN] 17:01:49.903589 シナリオ走行を終了しました [シナリオ名: 新規ユーザー登録]
[ADMIN] 17:01:49.903606 シナリオ走行を開始しました [シナリオ名: 新規ユーザー登録]
[ADMIN] 17:01:49.921216 シナリオ走行を終了しました [シナリオ名: ログイン]
[ADMIN] 17:01:49.921225 シナリオ走行を開始しました [シナリオ名: ログイン]
17:01:49.926247 現在のログイン成功数: [total: 917 (+662人)]
17:01:49.926252 現在のユーザー登録成功数: [total: 457 (+277人)]
[ADMIN] 17:01:49.926234 シナリオ走行を開始しました [シナリオ名: マスター更新]
[ADMIN] 17:01:49.950298 シナリオ走行を終了しました [シナリオ名: ログイン]
[ADMIN] 17:01:49.950314 シナリオ走行を開始しました [シナリオ名: ログイン]
[ADMIN] 17:01:50.021319 シナリオ走行を終了しました [シナリオ名: ログイン]
[ADMIN] 17:01:50.021342 シナリオ走行を開始しました [シナリオ名: ログイン]
[ADMIN] 17:01:50.021350 シナリオ走行を開始しました [シナリオ名: ログイン]
[ADMIN] 17:01:50.021356 シナリオ走行を開始しました [シナリオ名: ログイン]
[ADMIN] 17:01:50.021411 シナリオ走行を開始しました [シナリオ名: ログイン]
[ADMIN] 17:01:50.021490 シナリオ走行を開始しました [シナリオ名: ログイン]
[ADMIN] 17:01:50.021498 シナリオ走行を開始しました [シナリオ名: ログイン]
[ADMIN] 17:01:50.021499 シナリオ走行を開始しました [シナリオ名: ログイン]
[ADMIN] 17:01:50.021594 シナリオ走行を開始しました [シナリオ名: ログイン]
[ADMIN] 17:01:50.021598 シナリオ走行を開始しました [シナリオ名: ログイン]
[ADMIN] 17:01:50.021497 シナリオ走行を開始しました [シナリオ名: ログイン]
[ADMIN] 17:01:50.021600 シナリオ走行を開始しました [シナリオ名: ログイン]
[ADMIN] 17:01:50.021494 シナリオ走行を開始しました [シナリオ名: ログイン]
[ADMIN] 17:01:50.021493 シナリオ走行を開始しました [シナリオ名: ログイン]
[ADMIN] 17:01:50.021496 シナリオ走行を開始しました [シナリオ名: ログイン]
[ADMIN] 17:01:50.021602 シナリオ走行を開始しました [シナリオ名: ログイン]
[ADMIN] 17:01:50.021603 シナリオ走行を開始しました [シナリオ名: ログイン]
17:01:50.041860 マスターデータの更新が完了しました。次のマスターバージョンは「2」です。
[ADMIN] 17:01:50.045192 シナリオ走行を終了しました [シナリオ名: ログイン]
[ADMIN] 17:01:50.045201 シナリオ走行を開始しました [シナリオ名: ログイン]
[ADMIN] 17:01:50.048028 シナリオ走行を終了しました [シナリオ名: マスター更新]
[ADMIN] 17:01:50.069785 シナリオ走行を終了しました [シナリオ名: Banユーザログイン]
[ADMIN] 17:01:50.069799 シナリオ走行を開始しました [シナリオ名: Banユーザログイン]
[ADMIN] 17:01:50.083556 シナリオ走行を終了しました [シナリオ名: Banユーザログイン]
[ADMIN] 17:01:50.083574 シナリオ走行を開始しました [シナリオ名: Banユーザログイン]
[ADMIN] 17:01:50.367217 シナリオ走行を終了しました [シナリオ名: ログイン]
[ADMIN] 17:01:50.367230 シナリオ走行を開始しました [シナリオ名: ログイン]
[ADMIN] 17:01:50.375342 シナリオ走行を終了しました [シナリオ名: ログイン]
[ADMIN] 17:01:50.404523 シナリオ走行を終了しました [シナリオ名: ログイン]
[ADMIN] 17:01:50.404536 シナリオ走行を開始しました [シナリオ名: ログイン]
[ADMIN] 17:01:50.404595 シナリオ走行を開始しました [シナリオ名: ログイン]
[ADMIN] 17:01:50.421780 シナリオ走行を終了しました [シナリオ名: ログイン]
[ADMIN] 17:01:50.458294 シナリオ走行を終了しました [シナリオ名: ログイン]
[ADMIN] 17:01:50.458308 シナリオ走行を開始しました [シナリオ名: ログイン]
[ADMIN] 17:01:50.458367 シナリオ走行を開始しました [シナリオ名: ログイン]
[ADMIN] 17:01:50.475237 シナリオ走行を終了しました [シナリオ名: ログイン]
[ADMIN] 17:01:50.475250 シナリオ走行を開始しました [シナリオ名: ログイン]
[ADMIN] 17:01:50.482597 シナリオ走行を終了しました [シナリオ名: ログイン]
[ADMIN] 17:01:50.534159 シナリオ走行を終了しました [シナリオ名: ログイン]
[ADMIN] 17:01:50.549204 シナリオ走行を終了しました [シナリオ名: ログイン]
[ADMIN] 17:01:50.572746 シナリオ走行を終了しました [シナリオ名: Banユーザログイン]
[ADMIN] 17:01:50.572757 シナリオ走行を開始しました [シナリオ名: Banユーザログイン]
[ADMIN] 17:01:50.576762 シナリオ走行を終了しました [シナリオ名: ログイン]
[ADMIN] 17:01:50.576773 シナリオ走行を開始しました [シナリオ名: ログイン]
[ADMIN] 17:01:50.576829 シナリオ走行を開始しました [シナリオ名: ログイン]
[ADMIN] 17:01:50.576839 シナリオ走行を開始しました [シナリオ名: ログイン]
[ADMIN] 17:01:50.576869 シナリオ走行を開始しました [シナリオ名: ログイン]
[ADMIN] 17:01:50.593979 シナリオ走行を終了しました [シナリオ名: Banユーザログイン]
[ADMIN] 17:01:50.593996 シナリオ走行を開始しました [シナリオ名: Banユーザログイン]
[ADMIN] 17:01:50.658798 シナリオ走行を終了しました [シナリオ名: ログイン]
[ADMIN] 17:01:50.658811 シナリオ走行を開始しました [シナリオ名: ログイン]
[ADMIN] 17:01:50.669961 シナリオ走行を終了しました [シナリオ名: ログイン]
[ADMIN] 17:01:50.683920 シナリオ走行を終了しました [シナリオ名: ログイン]
[ADMIN] 17:01:50.692846 シナリオ走行を終了しました [シナリオ名: ログイン]
[ADMIN] 17:01:50.692863 シナリオ走行を開始しました [シナリオ名: ログイン]
[ADMIN] 17:01:50.692920 シナリオ走行を開始しました [シナリオ名: ログイン]
[ADMIN] 17:01:50.692927 シナリオ走行を開始しました [シナリオ名: ログイン]
[ADMIN] 17:01:50.707718 シナリオ走行を終了しました [シナリオ名: ログイン]
[ADMIN] 17:01:50.707737 シナリオ走行を開始しました [シナリオ名: ログイン]
[ADMIN] 17:01:50.723896 シナリオ走行を終了しました [シナリオ名: ログイン]
[ADMIN] 17:01:50.741663 シナリオ走行を終了しました [シナリオ名: ログイン]
[ADMIN] 17:01:50.741676 シナリオ走行を開始しました [シナリオ名: ログイン]
[ADMIN] 17:01:50.741730 シナリオ走行を開始しました [シナリオ名: ログイン]
[ADMIN] 17:01:50.757536 シナリオ走行を終了しました [シナリオ名: ログイン]
[ADMIN] 17:01:50.773854 シナリオ走行を終了しました [シナリオ名: ログイン]
[ADMIN] 17:01:50.773866 シナリオ走行を開始しました [シナリオ名: ログイン]
[ADMIN] 17:01:50.773929 シナリオ走行を開始しました [シナリオ名: ログイン]
[ADMIN] 17:01:50.794252 シナリオ走行を終了しました [シナリオ名: ログイン]
[ADMIN] 17:01:50.818284 シナリオ走行を終了しました [シナリオ名: ログイン]
[ADMIN] 17:01:50.818298 シナリオ走行を開始しました [シナリオ名: ログイン]
[ADMIN] 17:01:50.818351 シナリオ走行を開始しました [シナリオ名: ログイン]
[ADMIN] 17:01:50.838090 シナリオ走行を終了しました [シナリオ名: ログイン]
[ADMIN] 17:01:50.838103 シナリオ走行を開始しました [シナリオ名: ログイン]
[ADMIN] 17:01:50.848047 シナリオ走行を終了しました [シナリオ名: ログイン]
[ADMIN] 17:01:50.848061 シナリオ走行を開始しました [シナリオ名: ログイン]
[ADMIN] 17:01:50.899460 シナリオ走行を終了しました [シナリオ名: ログイン]
[ADMIN] 17:01:50.899478 シナリオ走行を開始しました [シナリオ名: ログイン]
[ADMIN] 17:01:50.949591 シナリオ走行を終了しました [シナリオ名: ログイン]
[ADMIN] 17:01:50.951150 シナリオ走行を終了しました [シナリオ名: ログイン]
[ADMIN] 17:01:50.951164 シナリオ走行を開始しました [シナリオ名: ログイン]
[ADMIN] 17:01:50.951167 シナリオ走行を開始しました [シナリオ名: ログイン]
[ADMIN] 17:01:50.951951 シナリオ走行を終了しました [シナリオ名: ログイン]
[ADMIN] 17:01:50.951960 シナリオ走行を開始しました [シナリオ名: ログイン]
[ADMIN] 17:01:50.978248 シナリオ走行を終了しました [シナリオ名: ログイン]
[ADMIN] 17:01:50.978260 シナリオ走行を開始しました [シナリオ名: ログイン]
[ADMIN] 17:01:50.981584 シナリオ走行を終了しました [シナリオ名: ログイン]
[ADMIN] 17:01:50.981594 シナリオ走行を開始しました [シナリオ名: ログイン]
[ADMIN] 17:01:50.984516 シナリオ走行を終了しました [シナリオ名: ログイン]
[ADMIN] 17:01:50.984524 シナリオ走行を開始しました [シナリオ名: ログイン]
[ADMIN] 17:01:51.014341 シナリオ走行を終了しました [シナリオ名: ログイン]
[ADMIN] 17:01:51.014351 シナリオ走行を開始しました [シナリオ名: ログイン]
[ADMIN] 17:01:51.020762 シナリオ走行を終了しました [シナリオ名: ログイン]
[ADMIN] 17:01:51.020773 シナリオ走行を開始しました [シナリオ名: ログイン]
[ADMIN] 17:01:51.021498 シナリオ走行を終了しました [シナリオ名: ログイン]
[ADMIN] 17:01:51.021516 シナリオ走行を開始しました [シナリオ名: ログイン]
[ADMIN] 17:01:51.027414 シナリオ走行を終了しました [シナリオ名: ログイン]
[ADMIN] 17:01:51.075404 シナリオ走行を終了しました [シナリオ名: Banユーザログイン]
[ADMIN] 17:01:51.075423 シナリオ走行を開始しました [シナリオ名: Banユーザログイン]
[ADMIN] 17:01:51.090438 シナリオ走行を終了しました [シナリオ名: ログイン]
[ADMIN] 17:01:51.090448 シナリオ走行を開始しました [シナリオ名: ログイン]
[ADMIN] 17:01:51.090506 シナリオ走行を開始しました [シナリオ名: ログイン]
[ADMIN] 17:01:51.096392 シナリオ走行を終了しました [シナリオ名: Banユーザログイン]
[ADMIN] 17:01:51.096405 シナリオ走行を開始しました [シナリオ名: Banユーザログイン]
[ADMIN] 17:01:51.096461 シナリオ走行を終了しました [シナリオ名: ログイン]
[ADMIN] 17:01:51.096471 シナリオ走行を開始しました [シナリオ名: ログイン]
[ADMIN] 17:01:51.121290 シナリオ走行を終了しました [シナリオ名: ログイン]
[ADMIN] 17:01:51.121301 シナリオ走行を開始しました [シナリオ名: ログイン]
[ADMIN] 17:01:51.132749 シナリオ走行を終了しました [シナリオ名: 新規ユーザー登録]
[ADMIN] 17:01:51.132771 シナリオ走行を開始しました [シナリオ名: 新規ユーザー登録]
[ADMIN] 17:01:51.135115 シナリオ走行を終了しました [シナリオ名: ログイン]
[ADMIN] 17:01:51.135126 シナリオ走行を開始しました [シナリオ名: ログイン]
[ADMIN] 17:01:51.150285 シナリオ走行を終了しました [シナリオ名: ログイン]
[ADMIN] 17:01:51.150295 シナリオ走行を開始しました [シナリオ名: ログイン]
[ADMIN] 17:01:51.216767 シナリオ走行を終了しました [シナリオ名: ログイン]
[ADMIN] 17:01:51.216781 シナリオ走行を開始しました [シナリオ名: ログイン]
[ADMIN] 17:01:51.229811 シナリオ走行を終了しました [シナリオ名: ログイン]
[ADMIN] 17:01:51.229824 シナリオ走行を開始しました [シナリオ名: ログイン]
[ADMIN] 17:01:51.273274 シナリオ走行を終了しました [シナリオ名: 新規ユーザー登録]
[ADMIN] 17:01:51.273322 シナリオ走行を開始しました [シナリオ名: 新規ユーザー登録]
[ADMIN] 17:01:51.273366 シナリオ走行を開始しました [シナリオ名: 新規ユーザー登録]
[ADMIN] 17:01:51.273377 シナリオ走行を開始しました [シナリオ名: 新規ユーザー登録]
[ADMIN] 17:01:51.273410 シナリオ走行を開始しました [シナリオ名: 新規ユーザー登録]
[ADMIN] 17:01:51.273460 シナリオ走行を開始しました [シナリオ名: 新規ユーザー登録]
[ADMIN] 17:01:51.273366 シナリオ走行を開始しました [シナリオ名: 新規ユーザー登録]
[ADMIN] 17:01:51.273489 シナリオ走行を開始しました [シナリオ名: 新規ユーザー登録]
[ADMIN] 17:01:51.273552 シナリオ走行を開始しました [シナリオ名: 新規ユーザー登録]
[ADMIN] 17:01:51.273372 シナリオ走行を開始しました [シナリオ名: 新規ユーザー登録]
[ADMIN] 17:01:51.327034 シナリオ走行を終了しました [シナリオ名: 新規ユーザー登録]
[ADMIN] 17:01:51.340501 シナリオ走行を終了しました [シナリオ名: 新規ユーザー登録]
[ADMIN] 17:01:51.377655 シナリオ走行を終了しました [シナリオ名: ログイン]
[ADMIN] 17:01:51.377734 シナリオ走行を開始しました [シナリオ名: ログイン]
[ADMIN] 17:01:51.418759 シナリオ走行を終了しました [シナリオ名: ログイン]
[ADMIN] 17:01:51.418770 シナリオ走行を開始しました [シナリオ名: ログイン]
[ADMIN] 17:01:51.533507 シナリオ走行を終了しました [シナリオ名: ログイン]
[ADMIN] 17:01:51.533519 シナリオ走行を開始しました [シナリオ名: ログイン]
[ADMIN] 17:01:51.573569 シナリオ走行を終了しました [シナリオ名: ログイン]
[ADMIN] 17:01:51.573586 シナリオ走行を開始しました [シナリオ名: ログイン]
[ADMIN] 17:01:51.578957 シナリオ走行を終了しました [シナリオ名: Banユーザログイン]
[ADMIN] 17:01:51.578976 シナリオ走行を開始しました [シナリオ名: Banユーザログイン]
[ADMIN] 17:01:51.589808 シナリオ走行を終了しました [シナリオ名: ログイン]
[ADMIN] 17:01:51.589821 シナリオ走行を開始しました [シナリオ名: ログイン]
[ADMIN] 17:01:51.613738 シナリオ走行を終了しました [シナリオ名: ログイン]
[ADMIN] 17:01:51.613751 シナリオ走行を開始しました [シナリオ名: ログイン]
[ADMIN] 17:01:51.625803 シナリオ走行を終了しました [シナリオ名: Banユーザログイン]
[ADMIN] 17:01:51.625836 シナリオ走行を開始しました [シナリオ名: Banユーザログイン]
[ADMIN] 17:01:51.625847 シナリオ走行を開始しました [シナリオ名: Banユーザログイン]
[ADMIN] 17:01:51.625837 シナリオ走行を開始しました [シナリオ名: Banユーザログイン]
[ADMIN] 17:01:51.633689 シナリオ走行を終了しました [シナリオ名: ログイン]
[ADMIN] 17:01:51.633700 シナリオ走行を開始しました [シナリオ名: ログイン]
[ADMIN] 17:01:51.669003 シナリオ走行を終了しました [シナリオ名: ログイン]
[ADMIN] 17:01:51.669016 シナリオ走行を開始しました [シナリオ名: ログイン]
[ADMIN] 17:01:51.677223 シナリオ走行を終了しました [シナリオ名: ログイン]
[ADMIN] 17:01:51.677232 シナリオ走行を開始しました [シナリオ名: ログイン]
[ADMIN] 17:01:51.684456 シナリオ走行を終了しました [シナリオ名: ログイン]
[ADMIN] 17:01:51.684464 シナリオ走行を開始しました [シナリオ名: ログイン]
[ADMIN] 17:01:51.697290 シナリオ走行を終了しました [シナリオ名: 新規ユーザー登録]
[ADMIN] 17:01:51.713411 シナリオ走行を終了しました [シナリオ名: ログイン]
[ADMIN] 17:01:51.713421 シナリオ走行を開始しました [シナリオ名: ログイン]
[ADMIN] 17:01:51.716202 シナリオ走行を終了しました [シナリオ名: ログイン]
[ADMIN] 17:01:51.716213 シナリオ走行を開始しました [シナリオ名: ログイン]
[ADMIN] 17:01:51.727061 シナリオ走行を終了しました [シナリオ名: ログイン]
[ADMIN] 17:01:51.727069 シナリオ走行を開始しました [シナリオ名: ログイン]
[ADMIN] 17:01:51.740135 シナリオ走行を終了しました [シナリオ名: ログイン]
[ADMIN] 17:01:51.740145 シナリオ走行を開始しました [シナリオ名: ログイン]
[ADMIN] 17:01:51.799276 シナリオ走行を終了しました [シナリオ名: ログイン]
[ADMIN] 17:01:51.799291 シナリオ走行を開始しました [シナリオ名: ログイン]
[ADMIN] 17:01:51.802486 シナリオ走行を終了しました [シナリオ名: ログイン]
[ADMIN] 17:01:51.802496 シナリオ走行を開始しました [シナリオ名: ログイン]
[ADMIN] 17:01:51.818040 シナリオ走行を終了しました [シナリオ名: ログイン]
[ADMIN] 17:01:51.818051 シナリオ走行を開始しました [シナリオ名: ログイン]
[ADMIN] 17:01:51.856501 シナリオ走行を終了しました [シナリオ名: ログイン]
[ADMIN] 17:01:51.856516 シナリオ走行を開始しました [シナリオ名: ログイン]
[ADMIN] 17:01:51.864639 シナリオ走行を終了しました [シナリオ名: ログイン]
[ADMIN] 17:01:51.864650 シナリオ走行を開始しました [シナリオ名: ログイン]
[ADMIN] 17:01:51.867371 シナリオ走行を終了しました [シナリオ名: ログイン]
[ADMIN] 17:01:51.867382 シナリオ走行を開始しました [シナリオ名: ログイン]
[ADMIN] 17:01:51.911219 シナリオ走行を終了しました [シナリオ名: ログイン]
[ADMIN] 17:01:51.911233 シナリオ走行を開始しました [シナリオ名: ログイン]
[ADMIN] 17:01:51.925769 シナリオ走行を終了しました [シナリオ名: ログイン]
[ADMIN] 17:01:51.925779 シナリオ走行を開始しました [シナリオ名: ログイン]
[ADMIN] 17:01:51.984959 シナリオ走行を終了しました [シナリオ名: ログイン]
[ADMIN] 17:01:51.984972 シナリオ走行を開始しました [シナリオ名: ログイン]
[ADMIN] 17:01:51.985173 シナリオ走行を終了しました [シナリオ名: 新規ユーザー登録]
[ADMIN] 17:01:51.985199 シナリオ走行を開始しました [シナリオ名: 新規ユーザー登録]
[ADMIN] 17:01:51.985215 シナリオ走行を開始しました [シナリオ名: 新規ユーザー登録]
[ADMIN] 17:01:51.985221 シナリオ走行を開始しました [シナリオ名: 新規ユーザー登録]
[ADMIN] 17:01:51.985273 シナリオ走行を開始しました [シナリオ名: 新規ユーザー登録]
[ADMIN] 17:01:52.023218 シナリオ走行を終了しました [シナリオ名: ログイン]
[ADMIN] 17:01:52.023231 シナリオ走行を開始しました [シナリオ名: ログイン]
[ADMIN] 17:01:52.024444 シナリオ走行を終了しました [シナリオ名: ログイン]
[ADMIN] 17:01:52.024455 シナリオ走行を開始しました [シナリオ名: ログイン]
[ADMIN] 17:01:52.038378 シナリオ走行を終了しました [シナリオ名: ログイン]
[ADMIN] 17:01:52.038390 シナリオ走行を開始しました [シナリオ名: ログイン]
[ADMIN] 17:01:52.081872 シナリオ走行を終了しました [シナリオ名: ログイン]
[ADMIN] 17:01:52.081883 シナリオ走行を開始しました [シナリオ名: ログイン]
[ADMIN] 17:01:52.086249 シナリオ走行を終了しました [シナリオ名: Banユーザログイン]
[ADMIN] 17:01:52.102492 シナリオ走行を終了しました [シナリオ名: ログイン]
[ADMIN] 17:01:52.102504 シナリオ走行を開始しました [シナリオ名: ログイン]
[ADMIN] 17:01:52.114531 シナリオ走行を終了しました [シナリオ名: ログイン]
[ADMIN] 17:01:52.114541 シナリオ走行を開始しました [シナリオ名: ログイン]
[ADMIN] 17:01:52.129216 シナリオ走行を終了しました [シナリオ名: Banユーザログイン]
[ADMIN] 17:01:52.129235 シナリオ走行を開始しました [シナリオ名: Banユーザログイン]
[ADMIN] 17:01:52.129300 シナリオ走行を開始しました [シナリオ名: Banユーザログイン]
[ADMIN] 17:01:52.129427 シナリオ走行を終了しました [シナリオ名: Banユーザログイン]
[ADMIN] 17:01:52.129445 シナリオ走行を開始しました [シナリオ名: Banユーザログイン]
[ADMIN] 17:01:52.129534 シナリオ走行を終了しました [シナリオ名: Banユーザログイン]
[ADMIN] 17:01:52.129542 シナリオ走行を開始しました [シナリオ名: Banユーザログイン]
[ADMIN] 17:01:52.134681 シナリオ走行を終了しました [シナリオ名: ログイン]
[ADMIN] 17:01:52.134691 シナリオ走行を開始しました [シナリオ名: ログイン]
[ADMIN] 17:01:52.135099 シナリオ走行を終了しました [シナリオ名: ログイン]
[ADMIN] 17:01:52.135109 シナリオ走行を開始しました [シナリオ名: ログイン]
[ADMIN] 17:01:52.143995 シナリオ走行を終了しました [シナリオ名: 新規ユーザー登録]
[ADMIN] 17:01:52.144016 シナリオ走行を開始しました [シナリオ名: 新規ユーザー登録]
[ADMIN] 17:01:52.290032 シナリオ走行を終了しました [シナリオ名: ログイン]
[ADMIN] 17:01:52.290046 シナリオ走行を開始しました [シナリオ名: ログイン]
[ADMIN] 17:01:52.324328 シナリオ走行を終了しました [シナリオ名: ログイン]
[ADMIN] 17:01:52.324341 シナリオ走行を開始しました [シナリオ名: ログイン]
[ADMIN] 17:01:52.325910 シナリオ走行を終了しました [シナリオ名: ログイン]
[ADMIN] 17:01:52.325921 シナリオ走行を開始しました [シナリオ名: ログイン]
[ADMIN] 17:01:52.370538 シナリオ走行を終了しました [シナリオ名: 新規ユーザー登録]
[ADMIN] 17:01:52.370568 シナリオ走行を開始しました [シナリオ名: 新規ユーザー登録]
[ADMIN] 17:01:52.374136 シナリオ走行を終了しました [シナリオ名: ログイン]
[ADMIN] 17:01:52.374148 シナリオ走行を開始しました [シナリオ名: ログイン]
[ADMIN] 17:01:52.408549 シナリオ走行を終了しました [シナリオ名: ログイン]
[ADMIN] 17:01:52.408563 シナリオ走行を開始しました [シナリオ名: ログイン]
[ADMIN] 17:01:52.416678 シナリオ走行を終了しました [シナリオ名: ログイン]
[ADMIN] 17:01:52.416687 シナリオ走行を開始しました [シナリオ名: ログイン]
[ADMIN] 17:01:52.434675 シナリオ走行を終了しました [シナリオ名: ログイン]
[ADMIN] 17:01:52.434688 シナリオ走行を開始しました [シナリオ名: ログイン]
[ADMIN] 17:01:52.481766 シナリオ走行を終了しました [シナリオ名: ログイン]
[ADMIN] 17:01:52.481777 シナリオ走行を開始しました [シナリオ名: ログイン]
[ADMIN] 17:01:52.501067 シナリオ走行を終了しました [シナリオ名: 新規ユーザー登録]
[ADMIN] 17:01:52.501088 シナリオ走行を開始しました [シナリオ名: 新規ユーザー登録]
[ADMIN] 17:01:52.521419 シナリオ走行を終了しました [シナリオ名: 新規ユーザー登録]
[ADMIN] 17:01:52.521441 シナリオ走行を開始しました [シナリオ名: 新規ユーザー登録]
[ADMIN] 17:01:52.531350 シナリオ走行を終了しました [シナリオ名: 新規ユーザー登録]
[ADMIN] 17:01:52.531365 シナリオ走行を開始しました [シナリオ名: 新規ユーザー登録]
[ADMIN] 17:01:52.561610 シナリオ走行を終了しました [シナリオ名: 新規ユーザー登録]
[ADMIN] 17:01:52.561634 シナリオ走行を開始しました [シナリオ名: 新規ユーザー登録]
[ADMIN] 17:01:52.589023 シナリオ走行を終了しました [シナリオ名: ログイン]
[ADMIN] 17:01:52.589033 シナリオ走行を開始しました [シナリオ名: ログイン]
[ADMIN] 17:01:52.594888 シナリオ走行を終了しました [シナリオ名: ログイン]
[ADMIN] 17:01:52.594897 シナリオ走行を開始しました [シナリオ名: ログイン]
[ADMIN] 17:01:52.600619 シナリオ走行を終了しました [シナリオ名: ログイン]
[ADMIN] 17:01:52.600628 シナリオ走行を開始しました [シナリオ名: ログイン]
[ADMIN] 17:01:52.602443 シナリオ走行を終了しました [シナリオ名: ログイン]
[ADMIN] 17:01:52.602453 シナリオ走行を開始しました [シナリオ名: ログイン]
[ADMIN] 17:01:52.633238 シナリオ走行を終了しました [シナリオ名: Banユーザログイン]
[ADMIN] 17:01:52.633246 シナリオ走行を終了しました [シナリオ名: Banユーザログイン]
[ADMIN] 17:01:52.633251 シナリオ走行を開始しました [シナリオ名: Banユーザログイン]
[ADMIN] 17:01:52.633251 シナリオ走行を開始しました [シナリオ名: Banユーザログイン]
[ADMIN] 17:01:52.643694 シナリオ走行を終了しました [シナリオ名: Banユーザログイン]
[ADMIN] 17:01:52.643705 シナリオ走行を開始しました [シナリオ名: Banユーザログイン]
[ADMIN] 17:01:52.643705 シナリオ走行を終了しました [シナリオ名: Banユーザログイン]
[ADMIN] 17:01:52.643713 シナリオ走行を開始しました [シナリオ名: Banユーザログイン]
[ADMIN] 17:01:52.648159 シナリオ走行を終了しました [シナリオ名: 新規ユーザー登録]
[ADMIN] 17:01:52.648174 シナリオ走行を開始しました [シナリオ名: 新規ユーザー登録]
[ADMIN] 17:01:52.656133 シナリオ走行を終了しました [シナリオ名: 新規ユーザー登録]
[ADMIN] 17:01:52.656153 シナリオ走行を開始しました [シナリオ名: 新規ユーザー登録]
[ADMIN] 17:01:52.667220 シナリオ走行を終了しました [シナリオ名: ログイン]
[ADMIN] 17:01:52.667230 シナリオ走行を開始しました [シナリオ名: ログイン]
[ADMIN] 17:01:52.677950 シナリオ走行を終了しました [シナリオ名: 新規ユーザー登録]
[ADMIN] 17:01:52.677971 シナリオ走行を開始しました [シナリオ名: 新規ユーザー登録]
[ADMIN] 17:01:52.706062 シナリオ走行を終了しました [シナリオ名: ログイン]
[ADMIN] 17:01:52.706071 シナリオ走行を開始しました [シナリオ名: ログイン]
[ADMIN] 17:01:52.707680 シナリオ走行を終了しました [シナリオ名: ログイン]
[ADMIN] 17:01:52.707690 シナリオ走行を開始しました [シナリオ名: ログイン]
[ADMIN] 17:01:52.710701 シナリオ走行を終了しました [シナリオ名: ログイン]
[ADMIN] 17:01:52.710713 シナリオ走行を開始しました [シナリオ名: ログイン]
[ADMIN] 17:01:52.720122 シナリオ走行を終了しました [シナリオ名: 新規ユーザー登録]
[ADMIN] 17:01:52.727098 シナリオ走行を終了しました [シナリオ名: ログイン]
[ADMIN] 17:01:52.727111 シナリオ走行を開始しました [シナリオ名: ログイン]
[ADMIN] 17:01:52.741940 シナリオ走行を終了しました [シナリオ名: ログイン]
[ADMIN] 17:01:52.741949 シナリオ走行を開始しました [シナリオ名: ログイン]
[ADMIN] 17:01:52.745094 シナリオ走行を終了しました [シナリオ名: ログイン]
[ADMIN] 17:01:52.745104 シナリオ走行を開始しました [シナリオ名: ログイン]
[ADMIN] 17:01:52.827434 シナリオ走行を終了しました [シナリオ名: ログイン]
[ADMIN] 17:01:52.827446 シナリオ走行を開始しました [シナリオ名: ログイン]
[ADMIN] 17:01:52.828431 シナリオ走行を終了しました [シナリオ名: ログイン]
[ADMIN] 17:01:52.828441 シナリオ走行を開始しました [シナリオ名: ログイン]
[ADMIN] 17:01:52.856130 シナリオ走行を終了しました [シナリオ名: ログイン]
[ADMIN] 17:01:52.856142 シナリオ走行を開始しました [シナリオ名: ログイン]
[ADMIN] 17:01:52.873446 シナリオ走行を終了しました [シナリオ名: ログイン]
[ADMIN] 17:01:52.873459 シナリオ走行を開始しました [シナリオ名: ログイン]
[ADMIN] 17:01:52.897159 シナリオ走行を終了しました [シナリオ名: ログイン]
[ADMIN] 17:01:52.897175 シナリオ走行を開始しました [シナリオ名: ログイン]
[ADMIN] 17:01:52.943211 シナリオ走行を終了しました [シナリオ名: 新規ユーザー登録]
[ADMIN] 17:01:52.943237 シナリオ走行を開始しました [シナリオ名: 新規ユーザー登録]
[ADMIN] 17:01:52.943288 シナリオ走行を開始しました [シナリオ名: 新規ユーザー登録]
[ADMIN] 17:01:52.943920 シナリオ走行を終了しました [シナリオ名: ログイン]
[ADMIN] 17:01:52.943929 シナリオ走行を開始しました [シナリオ名: ログイン]
[ADMIN] 17:01:52.962577 シナリオ走行を終了しました [シナリオ名: ログイン]
[ADMIN] 17:01:52.962589 シナリオ走行を開始しました [シナリオ名: ログイン]
[ADMIN] 17:01:52.962661 シナリオ走行を終了しました [シナリオ名: ログイン]
[ADMIN] 17:01:52.962672 シナリオ走行を開始しました [シナリオ名: ログイン]
[ADMIN] 17:01:52.979879 シナリオ走行を終了しました [シナリオ名: ログイン]
[ADMIN] 17:01:52.979891 シナリオ走行を開始しました [シナリオ名: ログイン]
[ADMIN] 17:01:53.031549 シナリオ走行を終了しました [シナリオ名: ログイン]
[ADMIN] 17:01:53.031564 シナリオ走行を開始しました [シナリオ名: ログイン]
[ADMIN] 17:01:53.032311 シナリオ走行を終了しました [シナリオ名: ログイン]
[ADMIN] 17:01:53.032319 シナリオ走行を開始しました [シナリオ名: ログイン]
[ADMIN] 17:01:53.046711 シナリオ走行を終了しました [シナリオ名: ログイン]
[ADMIN] 17:01:53.046722 シナリオ走行を開始しました [シナリオ名: ログイン]
[ADMIN] 17:01:53.071103 シナリオ走行を終了しました [シナリオ名: ログイン]
[ADMIN] 17:01:53.071115 シナリオ走行を開始しました [シナリオ名: ログイン]
[ADMIN] 17:01:53.122428 シナリオ走行を終了しました [シナリオ名: ログイン]
[ADMIN] 17:01:53.122442 シナリオ走行を開始しました [シナリオ名: ログイン]
[ADMIN] 17:01:53.136028 シナリオ走行を終了しました [シナリオ名: Banユーザログイン]
[ADMIN] 17:01:53.136046 シナリオ走行を開始しました [シナリオ名: Banユーザログイン]
[ADMIN] 17:01:53.138668 シナリオ走行を終了しました [シナリオ名: Banユーザログイン]
[ADMIN] 17:01:53.138683 シナリオ走行を開始しました [シナリオ名: Banユーザログイン]
[ADMIN] 17:01:53.146866 シナリオ走行を終了しました [シナリオ名: Banユーザログイン]
[ADMIN] 17:01:53.146881 シナリオ走行を開始しました [シナリオ名: Banユーザログイン]
[ADMIN] 17:01:53.147899 シナリオ走行を終了しました [シナリオ名: Banユーザログイン]
[ADMIN] 17:01:53.147914 シナリオ走行を開始しました [シナリオ名: Banユーザログイン]
[ADMIN] 17:01:53.174229 シナリオ走行を終了しました [シナリオ名: 新規ユーザー登録]
[ADMIN] 17:01:53.174258 シナリオ走行を開始しました [シナリオ名: 新規ユーザー登録]
[ADMIN] 17:01:53.253656 シナリオ走行を終了しました [シナリオ名: ログイン]
[ADMIN] 17:01:53.253746 シナリオ走行を開始しました [シナリオ名: ログイン]
[ADMIN] 17:01:53.275201 シナリオ走行を終了しました [シナリオ名: ログイン]
[ADMIN] 17:01:53.275212 シナリオ走行を開始しました [シナリオ名: ログイン]
[ADMIN] 17:01:53.283402 シナリオ走行を終了しました [シナリオ名: ログイン]
[ADMIN] 17:01:53.283411 シナリオ走行を開始しました [シナリオ名: ログイン]
[ADMIN] 17:01:53.314223 シナリオ走行を終了しました [シナリオ名: ログイン]
[ADMIN] 17:01:53.314234 シナリオ走行を開始しました [シナリオ名: ログイン]
[ADMIN] 17:01:53.320373 シナリオ走行を終了しました [シナリオ名: ログイン]
[ADMIN] 17:01:53.320384 シナリオ走行を開始しました [シナリオ名: ログイン]
[ADMIN] 17:01:53.333624 シナリオ走行を終了しました [シナリオ名: ログイン]
[ADMIN] 17:01:53.333634 シナリオ走行を開始しました [シナリオ名: ログイン]
[ADMIN] 17:01:53.375150 シナリオ走行を終了しました [シナリオ名: ログイン]
[ADMIN] 17:01:53.375163 シナリオ走行を開始しました [シナリオ名: ログイン]
[ADMIN] 17:01:53.408489 シナリオ走行を終了しました [シナリオ名: 新規ユーザー登録]
[ADMIN] 17:01:53.408512 シナリオ走行を開始しました [シナリオ名: 新規ユーザー登録]
[ADMIN] 17:01:53.429067 シナリオ走行を終了しました [シナリオ名: ログイン]
[ADMIN] 17:01:53.429077 シナリオ走行を開始しました [シナリオ名: ログイン]
[ADMIN] 17:01:53.431324 シナリオ走行を終了しました [シナリオ名: 新規ユーザー登録]
[ADMIN] 17:01:53.431339 シナリオ走行を開始しました [シナリオ名: 新規ユーザー登録]
[ADMIN] 17:01:53.469701 シナリオ走行を終了しました [シナリオ名: ログイン]
[ADMIN] 17:01:53.469710 シナリオ走行を開始しました [シナリオ名: ログイン]
[ADMIN] 17:01:53.502551 シナリオ走行を終了しました [シナリオ名: ログイン]
[ADMIN] 17:01:53.502564 シナリオ走行を開始しました [シナリオ名: ログイン]
[ADMIN] 17:01:53.509965 シナリオ走行を終了しました [シナリオ名: ログイン]
[ADMIN] 17:01:53.509974 シナリオ走行を開始しました [シナリオ名: ログイン]
[ADMIN] 17:01:53.514320 シナリオ走行を終了しました [シナリオ名: ログイン]
[ADMIN] 17:01:53.514333 シナリオ走行を開始しました [シナリオ名: ログイン]
[ADMIN] 17:01:53.519309 シナリオ走行を終了しました [シナリオ名: ログイン]
[ADMIN] 17:01:53.519317 シナリオ走行を開始しました [シナリオ名: ログイン]
[ADMIN] 17:01:53.531749 シナリオ走行を終了しました [シナリオ名: ログイン]
[ADMIN] 17:01:53.531758 シナリオ走行を開始しました [シナリオ名: ログイン]
[ADMIN] 17:01:53.542710 シナリオ走行を終了しました [シナリオ名: ログイン]
[ADMIN] 17:01:53.542718 シナリオ走行を開始しました [シナリオ名: ログイン]
[ADMIN] 17:01:53.556860 シナリオ走行を終了しました [シナリオ名: ログイン]
[ADMIN] 17:01:53.556870 シナリオ走行を開始しました [シナリオ名: ログイン]
[ADMIN] 17:01:53.563606 シナリオ走行を終了しました [シナリオ名: ログイン]
[ADMIN] 17:01:53.563614 シナリオ走行を開始しました [シナリオ名: ログイン]
[ADMIN] 17:01:53.568702 シナリオ走行を終了しました [シナリオ名: 新規ユーザー登録]
[ADMIN] 17:01:53.568717 シナリオ走行を開始しました [シナリオ名: 新規ユーザー登録]
[ADMIN] 17:01:53.579970 シナリオ走行を終了しました [シナリオ名: 新規ユーザー登録]
[ADMIN] 17:01:53.580022 シナリオ走行を終了しました [シナリオ名: ログイン]
[ADMIN] 17:01:53.580031 シナリオ走行を開始しました [シナリオ名: ログイン]
[ADMIN] 17:01:53.580032 シナリオ走行を開始しました [シナリオ名: 新規ユーザー登録]
[ADMIN] 17:01:53.587455 シナリオ走行を終了しました [シナリオ名: ログイン]
[ADMIN] 17:01:53.587462 シナリオ走行を開始しました [シナリオ名: ログイン]
[ADMIN] 17:01:53.603625 シナリオ走行を終了しました [シナリオ名: ログイン]
[ADMIN] 17:01:53.603639 シナリオ走行を開始しました [シナリオ名: ログイン]
[ADMIN] 17:01:53.619955 シナリオ走行を終了しました [シナリオ名: 新規ユーザー登録]
[ADMIN] 17:01:53.619982 シナリオ走行を開始しました [シナリオ名: 新規ユーザー登録]
[ADMIN] 17:01:53.639087 シナリオ走行を終了しました [シナリオ名: Banユーザログイン]
[ADMIN] 17:01:53.639109 シナリオ走行を開始しました [シナリオ名: Banユーザログイン]
[ADMIN] 17:01:53.648862 シナリオ走行を終了しました [シナリオ名: Banユーザログイン]
[ADMIN] 17:01:53.648880 シナリオ走行を開始しました [シナリオ名: Banユーザログイン]
[ADMIN] 17:01:53.661021 シナリオ走行を終了しました [シナリオ名: Banユーザログイン]
[ADMIN] 17:01:53.661040 シナリオ走行を開始しました [シナリオ名: Banユーザログイン]
[ADMIN] 17:01:53.662635 シナリオ走行を終了しました [シナリオ名: 新規ユーザー登録]
[ADMIN] 17:01:53.662638 シナリオ走行を終了しました [シナリオ名: Banユーザログイン]
[ADMIN] 17:01:53.662650 シナリオ走行を開始しました [シナリオ名: Banユーザログイン]
[ADMIN] 17:01:53.662659 シナリオ走行を開始しました [シナリオ名: 新規ユーザー登録]
[ADMIN] 17:01:53.784615 シナリオ走行を終了しました [シナリオ名: ログイン]
[ADMIN] 17:01:53.784629 シナリオ走行を開始しました [シナリオ名: ログイン]
[ADMIN] 17:01:53.791901 シナリオ走行を終了しました [シナリオ名: ログイン]
[ADMIN] 17:01:53.791913 シナリオ走行を開始しました [シナリオ名: ログイン]
[ADMIN] 17:01:53.842144 シナリオ走行を終了しました [シナリオ名: ログイン]
[ADMIN] 17:01:53.842160 シナリオ走行を開始しました [シナリオ名: ログイン]
[ADMIN] 17:01:53.853540 シナリオ走行を終了しました [シナリオ名: ログイン]
[ADMIN] 17:01:53.853554 シナリオ走行を開始しました [シナリオ名: ログイン]
[ADMIN] 17:01:53.855547 シナリオ走行を終了しました [シナリオ名: ログイン]
[ADMIN] 17:01:53.855558 シナリオ走行を開始しました [シナリオ名: ログイン]
[ADMIN] 17:01:53.879309 シナリオ走行を終了しました [シナリオ名: 新規ユーザー登録]
[ADMIN] 17:01:53.879340 シナリオ走行を開始しました [シナリオ名: 新規ユーザー登録]
[ADMIN] 17:01:53.915380 シナリオ走行を終了しました [シナリオ名: 新規ユーザー登録]
[ADMIN] 17:01:53.915402 シナリオ走行を開始しました [シナリオ名: 新規ユーザー登録]
[ADMIN] 17:01:53.919189 シナリオ走行を終了しました [シナリオ名: ログイン]
[ADMIN] 17:01:53.919199 シナリオ走行を開始しました [シナリオ名: ログイン]
[ADMIN] 17:01:53.939649 シナリオ走行を終了しました [シナリオ名: ログイン]
[ADMIN] 17:01:53.939662 シナリオ走行を開始しました [シナリオ名: ログイン]
[ADMIN] 17:01:53.941344 シナリオ走行を終了しました [シナリオ名: ログイン]
[ADMIN] 17:01:53.941354 シナリオ走行を開始しました [シナリオ名: ログイン]
[ADMIN] 17:01:53.957113 シナリオ走行を終了しました [シナリオ名: ログイン]
[ADMIN] 17:01:53.957126 シナリオ走行を開始しました [シナリオ名: ログイン]
[ADMIN] 17:01:53.989456 シナリオ走行を終了しました [シナリオ名: ログイン]
[ADMIN] 17:01:53.989469 シナリオ走行を開始しました [シナリオ名: ログイン]
[ADMIN] 17:01:53.989772 シナリオ走行を終了しました [シナリオ名: ログイン]
[ADMIN] 17:01:53.989788 シナリオ走行を開始しました [シナリオ名: ログイン]
[ADMIN] 17:01:53.997513 シナリオ走行を終了しました [シナリオ名: 新規ユーザー登録]
[ADMIN] 17:01:53.997530 シナリオ走行を開始しました [シナリオ名: 新規ユーザー登録]
[ADMIN] 17:01:54.034953 シナリオ走行を終了しました [シナリオ名: 新規ユーザー登録]
[ADMIN] 17:01:54.034980 シナリオ走行を開始しました [シナリオ名: 新規ユーザー登録]
[ADMIN] 17:01:54.035204 シナリオ走行を終了しました [シナリオ名: ログイン]
[ADMIN] 17:01:54.035215 シナリオ走行を開始しました [シナリオ名: ログイン]
[ADMIN] 17:01:54.092894 シナリオ走行を終了しました [シナリオ名: 新規ユーザー登録]
[ADMIN] 17:01:54.092918 シナリオ走行を開始しました [シナリオ名: 新規ユーザー登録]
[ADMIN] 17:01:54.139133 シナリオ走行を終了しました [シナリオ名: ログイン]
[ADMIN] 17:01:54.139146 シナリオ走行を開始しました [シナリオ名: ログイン]
[ADMIN] 17:01:54.141306 シナリオ走行を終了しました [シナリオ名: Banユーザログイン]
[ADMIN] 17:01:54.141320 シナリオ走行を開始しました [シナリオ名: Banユーザログイン]
[ADMIN] 17:01:54.152239 シナリオ走行を終了しました [シナリオ名: Banユーザログイン]
[ADMIN] 17:01:54.152256 シナリオ走行を開始しました [シナリオ名: Banユーザログイン]
[ADMIN] 17:01:54.164185 シナリオ走行を終了しました [シナリオ名: Banユーザログイン]
[ADMIN] 17:01:54.164199 シナリオ走行を開始しました [シナリオ名: Banユーザログイン]
[ADMIN] 17:01:54.168267 シナリオ走行を終了しました [シナリオ名: ログイン]
[ADMIN] 17:01:54.168277 シナリオ走行を開始しました [シナリオ名: ログイン]
[ADMIN] 17:01:54.168655 シナリオ走行を終了しました [シナリオ名: ログイン]
[ADMIN] 17:01:54.168664 シナリオ走行を開始しました [シナリオ名: ログイン]
[ADMIN] 17:01:54.193650 シナリオ走行を終了しました [シナリオ名: Banユーザログイン]
[ADMIN] 17:01:54.193663 シナリオ走行を開始しました [シナリオ名: Banユーザログイン]
[ADMIN] 17:01:54.196690 シナリオ走行を終了しました [シナリオ名: ログイン]
[ADMIN] 17:01:54.196700 シナリオ走行を開始しました [シナリオ名: ログイン]
[ADMIN] 17:01:54.278757 シナリオ走行を終了しました [シナリオ名: ログイン]
[ADMIN] 17:01:54.278768 シナリオ走行を開始しました [シナリオ名: ログイン]
[ADMIN] 17:01:54.317392 シナリオ走行を終了しました [シナリオ名: ログイン]
[ADMIN] 17:01:54.317403 シナリオ走行を開始しました [シナリオ名: ログイン]
[ADMIN] 17:01:54.319625 シナリオ走行を終了しました [シナリオ名: ログイン]
[ADMIN] 17:01:54.319634 シナリオ走行を開始しました [シナリオ名: ログイン]
[ADMIN] 17:01:54.320935 シナリオ走行を終了しました [シナリオ名: ログイン]
[ADMIN] 17:01:54.320944 シナリオ走行を開始しました [シナリオ名: ログイン]
[ADMIN] 17:01:54.408064 シナリオ走行を終了しました [シナリオ名: ログイン]
[ADMIN] 17:01:54.408077 シナリオ走行を開始しました [シナリオ名: ログイン]
[ADMIN] 17:01:54.412662 シナリオ走行を終了しました [シナリオ名: ログイン]
[ADMIN] 17:01:54.412672 シナリオ走行を開始しました [シナリオ名: ログイン]
[ADMIN] 17:01:54.413478 シナリオ走行を終了しました [シナリオ名: ログイン]
[ADMIN] 17:01:54.413487 シナリオ走行を開始しました [シナリオ名: ログイン]
[ADMIN] 17:01:54.448101 シナリオ走行を終了しました [シナリオ名: ログイン]
[ADMIN] 17:01:54.448115 シナリオ走行を開始しました [シナリオ名: ログイン]
[ADMIN] 17:01:54.467942 シナリオ走行を終了しました [シナリオ名: ログイン]
[ADMIN] 17:01:54.467957 シナリオ走行を開始しました [シナリオ名: ログイン]
[ADMIN] 17:01:54.481231 シナリオ走行を終了しました [シナリオ名: ログイン]
[ADMIN] 17:01:54.481242 シナリオ走行を開始しました [シナリオ名: ログイン]
[ADMIN] 17:01:54.486877 シナリオ走行を終了しました [シナリオ名: ログイン]
[ADMIN] 17:01:54.486888 シナリオ走行を開始しました [シナリオ名: ログイン]
[ADMIN] 17:01:54.517530 シナリオ走行を終了しました [シナリオ名: ログイン]
[ADMIN] 17:01:54.517544 シナリオ走行を開始しました [シナリオ名: ログイン]
[ADMIN] 17:01:54.529586 シナリオ走行を終了しました [シナリオ名: ログイン]
[ADMIN] 17:01:54.529597 シナリオ走行を開始しました [シナリオ名: ログイン]
[ADMIN] 17:01:54.544570 シナリオ走行を終了しました [シナリオ名: 新規ユーザー登録]
[ADMIN] 17:01:54.544589 シナリオ走行を開始しました [シナリオ名: 新規ユーザー登録]
[ADMIN] 17:01:54.582919 シナリオ走行を終了しました [シナリオ名: ログイン]
[ADMIN] 17:01:54.582932 シナリオ走行を開始しました [シナリオ名: ログイン]
[ADMIN] 17:01:54.593082 シナリオ走行を終了しました [シナリオ名: ログイン]
[ADMIN] 17:01:54.593095 シナリオ走行を開始しました [シナリオ名: ログイン]
[ADMIN] 17:01:54.603671 シナリオ走行を終了しました [シナリオ名: ログイン]
[ADMIN] 17:01:54.603685 シナリオ走行を開始しました [シナリオ名: ログイン]
[ADMIN] 17:01:54.620835 シナリオ走行を終了しました [シナリオ名: ログイン]
[ADMIN] 17:01:54.620846 シナリオ走行を開始しました [シナリオ名: ログイン]
[ADMIN] 17:01:54.643617 シナリオ走行を終了しました [シナリオ名: Banユーザログイン]
[ADMIN] 17:01:54.643637 シナリオ走行を開始しました [シナリオ名: Banユーザログイン]
[ADMIN] 17:01:54.654831 シナリオ走行を終了しました [シナリオ名: Banユーザログイン]
[ADMIN] 17:01:54.654847 シナリオ走行を開始しました [シナリオ名: Banユーザログイン]
[ADMIN] 17:01:54.666988 シナリオ走行を終了しました [シナリオ名: Banユーザログイン]
[ADMIN] 17:01:54.667007 シナリオ走行を開始しました [シナリオ名: Banユーザログイン]
[ADMIN] 17:01:54.681766 シナリオ走行を終了しました [シナリオ名: ログイン]
[ADMIN] 17:01:54.681780 シナリオ走行を開始しました [シナリオ名: ログイン]
[ADMIN] 17:01:54.681858 シナリオ走行を終了しました [シナリオ名: ログイン]
[ADMIN] 17:01:54.681864 シナリオ走行を開始しました [シナリオ名: ログイン]
[ADMIN] 17:01:54.686868 シナリオ走行を終了しました [シナリオ名: 新規ユーザー登録]
[ADMIN] 17:01:54.686885 シナリオ走行を開始しました [シナリオ名: 新規ユーザー登録]
[ADMIN] 17:01:54.687772 シナリオ走行を終了しました [シナリオ名: ログイン]
[ADMIN] 17:01:54.687782 シナリオ走行を開始しました [シナリオ名: ログイン]
[ADMIN] 17:01:54.692960 シナリオ走行を終了しました [シナリオ名: ログイン]
[ADMIN] 17:01:54.692969 シナリオ走行を開始しました [シナリオ名: ログイン]
[ADMIN] 17:01:54.732676 シナリオ走行を終了しました [シナリオ名: Banユーザログイン]
[ADMIN] 17:01:54.732694 シナリオ走行を開始しました [シナリオ名: Banユーザログイン]
[ADMIN] 17:01:54.750364 シナリオ走行を終了しました [シナリオ名: 新規ユーザー登録]
[ADMIN] 17:01:54.750391 シナリオ走行を開始しました [シナリオ名: 新規ユーザー登録]
[ADMIN] 17:01:54.772136 シナリオ走行を終了しました [シナリオ名: 新規ユーザー登録]
[ADMIN] 17:01:54.772163 シナリオ走行を開始しました [シナリオ名: 新規ユーザー登録]
[ADMIN] 17:01:54.794070 シナリオ走行を終了しました [シナリオ名: 新規ユーザー登録]
[ADMIN] 17:01:54.794100 シナリオ走行を開始しました [シナリオ名: 新規ユーザー登録]
[ADMIN] 17:01:54.795698 シナリオ走行を終了しました [シナリオ名: ログイン]
[ADMIN] 17:01:54.795707 シナリオ走行を開始しました [シナリオ名: ログイン]
[ADMIN] 17:01:54.814560 シナリオ走行を終了しました [シナリオ名: 新規ユーザー登録]
[ADMIN] 17:01:54.814583 シナリオ走行を開始しました [シナリオ名: 新規ユーザー登録]
[ADMIN] 17:01:54.816925 シナリオ走行を終了しました [シナリオ名: ログイン]
[ADMIN] 17:01:54.816934 シナリオ走行を開始しました [シナリオ名: ログイン]
[ADMIN] 17:01:54.871553 シナリオ走行を終了しました [シナリオ名: ログイン]
[ADMIN] 17:01:54.871567 シナリオ走行を開始しました [シナリオ名: ログイン]
[ADMIN] 17:01:54.872659 シナリオ走行を終了しました [シナリオ名: 新規ユーザー登録]
[ADMIN] 17:01:54.872683 シナリオ走行を開始しました [シナリオ名: 新規ユーザー登録]
[ADMIN] 17:01:54.878819 シナリオ走行を終了しました [シナリオ名: 新規ユーザー登録]
[ADMIN] 17:01:54.878838 シナリオ走行を開始しました [シナリオ名: 新規ユーザー登録]
[ADMIN] 17:01:54.890197 シナリオ走行を終了しました [シナリオ名: ログイン]
[ADMIN] 17:01:54.890209 シナリオ走行を開始しました [シナリオ名: ログイン]
[ADMIN] 17:01:54.891954 シナリオ走行を終了しました [シナリオ名: 新規ユーザー登録]
[ADMIN] 17:01:54.891974 シナリオ走行を開始しました [シナリオ名: 新規ユーザー登録]
[ADMIN] 17:01:54.951423 シナリオ走行を終了しました [シナリオ名: ログイン]
[ADMIN] 17:01:54.951436 シナリオ走行を開始しました [シナリオ名: ログイン]
[ADMIN] 17:01:54.991136 シナリオ走行を終了しました [シナリオ名: ログイン]
[ADMIN] 17:01:54.991146 シナリオ走行を開始しました [シナリオ名: ログイン]
[ADMIN] 17:01:55.009054 シナリオ走行を終了しました [シナリオ名: ログイン]
[ADMIN] 17:01:55.009063 シナリオ走行を開始しました [シナリオ名: ログイン]
[ADMIN] 17:01:55.064837 シナリオ走行を終了しました [シナリオ名: ログイン]
[ADMIN] 17:01:55.064851 シナリオ走行を開始しました [シナリオ名: ログイン]
[ADMIN] 17:01:55.074552 シナリオ走行を終了しました [シナリオ名: ログイン]
[ADMIN] 17:01:55.074563 シナリオ走行を開始しました [シナリオ名: ログイン]
[ADMIN] 17:01:55.079440 シナリオ走行を終了しました [シナリオ名: 新規ユーザー登録]
[ADMIN] 17:01:55.079478 シナリオ走行を開始しました [シナリオ名: 新規ユーザー登録]
[ADMIN] 17:01:55.084943 シナリオ走行を終了しました [シナリオ名: ログイン]
[ADMIN] 17:01:55.084951 シナリオ走行を開始しました [シナリオ名: ログイン]
[ADMIN] 17:01:55.146267 シナリオ走行を終了しました [シナリオ名: Banユーザログイン]
[ADMIN] 17:01:55.146288 シナリオ走行を開始しました [シナリオ名: Banユーザログイン]
[ADMIN] 17:01:55.157551 シナリオ走行を終了しました [シナリオ名: Banユーザログイン]
[ADMIN] 17:01:55.157568 シナリオ走行を開始しました [シナリオ名: Banユーザログイン]
[ADMIN] 17:01:55.178134 シナリオ走行を終了しました [シナリオ名: ログイン]
[ADMIN] 17:01:55.178146 シナリオ走行を開始しました [シナリオ名: ログイン]
[ADMIN] 17:01:55.196372 シナリオ走行を終了しました [シナリオ名: Banユーザログイン]
[ADMIN] 17:01:55.196386 シナリオ走行を開始しました [シナリオ名: Banユーザログイン]
[ADMIN] 17:01:55.200857 シナリオ走行を終了しました [シナリオ名: 新規ユーザー登録]
[ADMIN] 17:01:55.200875 シナリオ走行を開始しました [シナリオ名: 新規ユーザー登録]
[ADMIN] 17:01:55.221520 シナリオ走行を終了しました [シナリオ名: ログイン]
[ADMIN] 17:01:55.221529 シナリオ走行を開始しました [シナリオ名: ログイン]
[ADMIN] 17:01:55.238839 シナリオ走行を終了しました [シナリオ名: ログイン]
[ADMIN] 17:01:55.238850 シナリオ走行を開始しました [シナリオ名: ログイン]
[ADMIN] 17:01:55.244386 シナリオ走行を終了しました [シナリオ名: 新規ユーザー登録]
[ADMIN] 17:01:55.244401 シナリオ走行を開始しました [シナリオ名: 新規ユーザー登録]
[ADMIN] 17:01:55.250170 シナリオ走行を終了しました [シナリオ名: ログイン]
[ADMIN] 17:01:55.250179 シナリオ走行を開始しました [シナリオ名: ログイン]
[ADMIN] 17:01:55.259111 シナリオ走行を終了しました [シナリオ名: Banユーザログイン]
[ADMIN] 17:01:55.259127 シナリオ走行を開始しました [シナリオ名: Banユーザログイン]
[ADMIN] 17:01:55.286789 シナリオ走行を終了しました [シナリオ名: ログイン]
[ADMIN] 17:01:55.286799 シナリオ走行を開始しました [シナリオ名: ログイン]
[ADMIN] 17:01:55.314381 シナリオ走行を終了しました [シナリオ名: ログイン]
[ADMIN] 17:01:55.314393 シナリオ走行を開始しました [シナリオ名: ログイン]
[ADMIN] 17:01:55.331452 シナリオ走行を終了しました [シナリオ名: ログイン]
[ADMIN] 17:01:55.331477 シナリオ走行を開始しました [シナリオ名: ログイン]
[ADMIN] 17:01:55.368152 シナリオ走行を終了しました [シナリオ名: ログイン]
[ADMIN] 17:01:55.368166 シナリオ走行を開始しました [シナリオ名: ログイン]
[ADMIN] 17:01:55.383479 シナリオ走行を終了しました [シナリオ名: ログイン]
[ADMIN] 17:01:55.383490 シナリオ走行を開始しました [シナリオ名: ログイン]
[ADMIN] 17:01:55.394033 シナリオ走行を終了しました [シナリオ名: ログイン]
[ADMIN] 17:01:55.394044 シナリオ走行を開始しました [シナリオ名: ログイン]
[ADMIN] 17:01:55.446113 シナリオ走行を終了しました [シナリオ名: 新規ユーザー登録]
[ADMIN] 17:01:55.446136 シナリオ走行を開始しました [シナリオ名: 新規ユーザー登録]
[ADMIN] 17:01:55.453228 シナリオ走行を終了しました [シナリオ名: ログイン]
[ADMIN] 17:01:55.453237 シナリオ走行を開始しました [シナリオ名: ログイン]
[ADMIN] 17:01:55.528730 シナリオ走行を終了しました [シナリオ名: ログイン]
[ADMIN] 17:01:55.528746 シナリオ走行を開始しました [シナリオ名: ログイン]
[ADMIN] 17:01:55.537269 シナリオ走行を終了しました [シナリオ名: ログイン]
[ADMIN] 17:01:55.537281 シナリオ走行を開始しました [シナリオ名: ログイン]
[ADMIN] 17:01:55.563555 シナリオ走行を終了しました [シナリオ名: ログイン]
[ADMIN] 17:01:55.563568 シナリオ走行を開始しました [シナリオ名: ログイン]
[ADMIN] 17:01:55.569502 シナリオ走行を終了しました [シナリオ名: ログイン]
[ADMIN] 17:01:55.569514 シナリオ走行を開始しました [シナリオ名: ログイン]
[ADMIN] 17:01:55.583953 シナリオ走行を終了しました [シナリオ名: ログイン]
[ADMIN] 17:01:55.583964 シナリオ走行を開始しました [シナリオ名: ログイン]
[ADMIN] 17:01:55.612978 シナリオ走行を終了しました [シナリオ名: ログイン]
[ADMIN] 17:01:55.612995 シナリオ走行を開始しました [シナリオ名: ログイン]
[ADMIN] 17:01:55.634025 シナリオ走行を終了しました [シナリオ名: ログイン]
[ADMIN] 17:01:55.634037 シナリオ走行を開始しました [シナリオ名: ログイン]
[ADMIN] 17:01:55.650466 シナリオ走行を終了しました [シナリオ名: Banユーザログイン]
[ADMIN] 17:01:55.650482 シナリオ走行を開始しました [シナリオ名: Banユーザログイン]
[ADMIN] 17:01:55.656961 シナリオ走行を終了しました [シナリオ名: ログイン]
[ADMIN] 17:01:55.656974 シナリオ走行を開始しました [シナリオ名: ログイン]
[ADMIN] 17:01:55.661001 シナリオ走行を終了しました [シナリオ名: Banユーザログイン]
[ADMIN] 17:01:55.661016 シナリオ走行を開始しました [シナリオ名: Banユーザログイン]
[ADMIN] 17:01:55.679583 シナリオ走行を終了しました [シナリオ名: ログイン]
[ADMIN] 17:01:55.679596 シナリオ走行を開始しました [シナリオ名: ログイン]
[ADMIN] 17:01:55.679623 シナリオ走行を終了しました [シナリオ名: ログイン]
[ADMIN] 17:01:55.679634 シナリオ走行を開始しました [シナリオ名: ログイン]
[ADMIN] 17:01:55.704540 シナリオ走行を終了しました [シナリオ名: Banユーザログイン]
[ADMIN] 17:01:55.704557 シナリオ走行を開始しました [シナリオ名: Banユーザログイン]
[ADMIN] 17:01:55.708651 シナリオ走行を終了しました [シナリオ名: ログイン]
[ADMIN] 17:01:55.708661 シナリオ走行を開始しました [シナリオ名: ログイン]
[ADMIN] 17:01:55.724771 シナリオ走行を終了しました [シナリオ名: ログイン]
[ADMIN] 17:01:55.724779 シナリオ走行を開始しました [シナリオ名: ログイン]
[ADMIN] 17:01:55.733797 シナリオ走行を終了しました [シナリオ名: ログイン]
[ADMIN] 17:01:55.733807 シナリオ走行を開始しました [シナリオ名: ログイン]
[ADMIN] 17:01:55.753633 シナリオ走行を終了しました [シナリオ名: 新規ユーザー登録]
[ADMIN] 17:01:55.753656 シナリオ走行を開始しました [シナリオ名: 新規ユーザー登録]
[ADMIN] 17:01:55.754826 シナリオ走行を終了しました [シナリオ名: 新規ユーザー登録]
[ADMIN] 17:01:55.754841 シナリオ走行を開始しました [シナリオ名: 新規ユーザー登録]
[ADMIN] 17:01:55.762479 シナリオ走行を終了しました [シナリオ名: Banユーザログイン]
[ADMIN] 17:01:55.762495 シナリオ走行を開始しました [シナリオ名: Banユーザログイン]
[ADMIN] 17:01:55.782080 シナリオ走行を終了しました [シナリオ名: ログイン]
[ADMIN] 17:01:55.782090 シナリオ走行を開始しました [シナリオ名: ログイン]
[ADMIN] 17:01:55.788342 シナリオ走行を終了しました [シナリオ名: ログイン]
[ADMIN] 17:01:55.788351 シナリオ走行を開始しました [シナリオ名: ログイン]
[ADMIN] 17:01:55.791058 シナリオ走行を終了しました [シナリオ名: ログイン]
[ADMIN] 17:01:55.791065 シナリオ走行を開始しました [シナリオ名: ログイン]
[ADMIN] 17:01:55.807112 シナリオ走行を終了しました [シナリオ名: ログイン]
[ADMIN] 17:01:55.807122 シナリオ走行を開始しました [シナリオ名: ログイン]
[ADMIN] 17:01:55.812211 シナリオ走行を終了しました [シナリオ名: ログイン]
[ADMIN] 17:01:55.812220 シナリオ走行を開始しました [シナリオ名: ログイン]
[ADMIN] 17:01:55.815327 シナリオ走行を終了しました [シナリオ名: ログイン]
[ADMIN] 17:01:55.815337 シナリオ走行を開始しました [シナリオ名: ログイン]
[ADMIN] 17:01:55.853433 シナリオ走行を終了しました [シナリオ名: 新規ユーザー登録]
[ADMIN] 17:01:55.853451 シナリオ走行を開始しました [シナリオ名: 新規ユーザー登録]
[ADMIN] 17:01:55.908122 シナリオ走行を終了しました [シナリオ名: ログイン]
[ADMIN] 17:01:55.908133 シナリオ走行を開始しました [シナリオ名: ログイン]
[ADMIN] 17:01:55.947143 シナリオ走行を終了しました [シナリオ名: ログイン]
[ADMIN] 17:01:55.947157 シナリオ走行を開始しました [シナリオ名: ログイン]
[ADMIN] 17:01:55.987414 シナリオ走行を終了しました [シナリオ名: 新規ユーザー登録]
[ADMIN] 17:01:55.987435 シナリオ走行を開始しました [シナリオ名: 新規ユーザー登録]
[ADMIN] 17:01:56.001938 シナリオ走行を終了しました [シナリオ名: 新規ユーザー登録]
[ADMIN] 17:01:56.001957 シナリオ走行を開始しました [シナリオ名: 新規ユーザー登録]
[ADMIN] 17:01:56.014590 シナリオ走行を終了しました [シナリオ名: ログイン]
[ADMIN] 17:01:56.014601 シナリオ走行を開始しました [シナリオ名: ログイン]
[ADMIN] 17:01:56.017183 シナリオ走行を終了しました [シナリオ名: 新規ユーザー登録]
[ADMIN] 17:01:56.017209 シナリオ走行を開始しました [シナリオ名: 新規ユーザー登録]
[ADMIN] 17:01:56.021677 シナリオ走行を終了しました [シナリオ名: ログイン]
[ADMIN] 17:01:56.021685 シナリオ走行を開始しました [シナリオ名: ログイン]
[ADMIN] 17:01:56.055427 シナリオ走行を終了しました [シナリオ名: ログイン]
[ADMIN] 17:01:56.055439 シナリオ走行を開始しました [シナリオ名: ログイン]
[ADMIN] 17:01:56.057188 シナリオ走行を終了しました [シナリオ名: ログイン]
[ADMIN] 17:01:56.057195 シナリオ走行を開始しました [シナリオ名: ログイン]
[ADMIN] 17:01:56.094209 シナリオ走行を終了しました [シナリオ名: ログイン]
[ADMIN] 17:01:56.094220 シナリオ走行を開始しました [シナリオ名: ログイン]
[ADMIN] 17:01:56.124291 シナリオ走行を終了しました [シナリオ名: 新規ユーザー登録]
[ADMIN] 17:01:56.124318 シナリオ走行を開始しました [シナリオ名: 新規ユーザー登録]
[ADMIN] 17:01:56.151161 シナリオ走行を終了しました [シナリオ名: ログイン]
[ADMIN] 17:01:56.151175 シナリオ走行を開始しました [シナリオ名: ログイン]
[ADMIN] 17:01:56.154640 シナリオ走行を終了しました [シナリオ名: Banユーザログイン]
[ADMIN] 17:01:56.154659 シナリオ走行を開始しました [シナリオ名: Banユーザログイン]
[ADMIN] 17:01:56.166055 シナリオ走行を終了しました [シナリオ名: Banユーザログイン]
[ADMIN] 17:01:56.166072 シナリオ走行を開始しました [シナリオ名: Banユーザログイン]
[ADMIN] 17:01:56.184182 シナリオ走行を終了しました [シナリオ名: 新規ユーザー登録]
[ADMIN] 17:01:56.184205 シナリオ走行を開始しました [シナリオ名: 新規ユーザー登録]
[ADMIN] 17:01:56.215114 シナリオ走行を終了しました [シナリオ名: Banユーザログイン]
[ADMIN] 17:01:56.215129 シナリオ走行を開始しました [シナリオ名: Banユーザログイン]
[ADMIN] 17:01:56.253380 シナリオ走行を終了しました [シナリオ名: ログイン]
[ADMIN] 17:01:56.253396 シナリオ走行を開始しました [シナリオ名: ログイン]
[ADMIN] 17:01:56.262584 シナリオ走行を終了しました [シナリオ名: 新規ユーザー登録]
[ADMIN] 17:01:56.262602 シナリオ走行を開始しました [シナリオ名: 新規ユーザー登録]
[ADMIN] 17:01:56.266016 シナリオ走行を終了しました [シナリオ名: Banユーザログイン]
[ADMIN] 17:01:56.266029 シナリオ走行を開始しました [シナリオ名: Banユーザログイン]
[ADMIN] 17:01:56.269697 シナリオ走行を終了しました [シナリオ名: ログイン]
[ADMIN] 17:01:56.269708 シナリオ走行を開始しました [シナリオ名: ログイン]
[ADMIN] 17:01:56.316407 シナリオ走行を終了しました [シナリオ名: 新規ユーザー登録]
[ADMIN] 17:01:56.316430 シナリオ走行を開始しました [シナリオ名: 新規ユーザー登録]
[ADMIN] 17:01:56.400361 シナリオ走行を終了しました [シナリオ名: ログイン]
[ADMIN] 17:01:56.400376 シナリオ走行を開始しました [シナリオ名: ログイン]
[ADMIN] 17:01:56.407330 シナリオ走行を終了しました [シナリオ名: 新規ユーザー登録]
[ADMIN] 17:01:56.407352 シナリオ走行を開始しました [シナリオ名: 新規ユーザー登録]
[ADMIN] 17:01:56.422766 シナリオ走行を終了しました [シナリオ名: ログイン]
[ADMIN] 17:01:56.422781 シナリオ走行を開始しました [シナリオ名: ログイン]
[ADMIN] 17:01:56.422814 シナリオ走行を終了しました [シナリオ名: ログイン]
[ADMIN] 17:01:56.422824 シナリオ走行を開始しました [シナリオ名: ログイン]
[ADMIN] 17:01:56.422837 シナリオ走行を終了しました [シナリオ名: ログイン]
[ADMIN] 17:01:56.422846 シナリオ走行を開始しました [シナリオ名: ログイン]
[ADMIN] 17:01:56.423084 シナリオ走行を終了しました [シナリオ名: 新規ユーザー登録]
[ADMIN] 17:01:56.423122 シナリオ走行を開始しました [シナリオ名: 新規ユーザー登録]
[ADMIN] 17:01:56.442221 シナリオ走行を終了しました [シナリオ名: ログイン]
[ADMIN] 17:01:56.442236 シナリオ走行を開始しました [シナリオ名: ログイン]
[ADMIN] 17:01:56.456859 シナリオ走行を終了しました [シナリオ名: 新規ユーザー登録]
[ADMIN] 17:01:56.456881 シナリオ走行を開始しました [シナリオ名: 新規ユーザー登録]
[ADMIN] 17:01:56.461497 シナリオ走行を終了しました [シナリオ名: ログイン]
[ADMIN] 17:01:56.461507 シナリオ走行を開始しました [シナリオ名: ログイン]
[ADMIN] 17:01:56.467579 シナリオ走行を終了しました [シナリオ名: ログイン]
[ADMIN] 17:01:56.467591 シナリオ走行を開始しました [シナリオ名: ログイン]
[ADMIN] 17:01:56.471708 シナリオ走行を終了しました [シナリオ名: ログイン]
[ADMIN] 17:01:56.471717 シナリオ走行を開始しました [シナリオ名: ログイン]
[ADMIN] 17:01:56.495970 シナリオ走行を終了しました [シナリオ名: ログイン]
[ADMIN] 17:01:56.495981 シナリオ走行を開始しました [シナリオ名: ログイン]
[ADMIN] 17:01:56.496914 シナリオ走行を終了しました [シナリオ名: ログイン]
[ADMIN] 17:01:56.496922 シナリオ走行を開始しました [シナリオ名: ログイン]
[ADMIN] 17:01:56.516288 シナリオ走行を終了しました [シナリオ名: ログイン]
[ADMIN] 17:01:56.516299 シナリオ走行を開始しました [シナリオ名: ログイン]
[ADMIN] 17:01:56.580299 シナリオ走行を終了しました [シナリオ名: ログイン]
[ADMIN] 17:01:56.580311 シナリオ走行を開始しました [シナリオ名: ログイン]
[ADMIN] 17:01:56.598481 シナリオ走行を終了しました [シナリオ名: ログイン]
[ADMIN] 17:01:56.598493 シナリオ走行を開始しました [シナリオ名: ログイン]
[ADMIN] 17:01:56.613821 シナリオ走行を終了しました [シナリオ名: ログイン]
[ADMIN] 17:01:56.613833 シナリオ走行を開始しました [シナリオ名: ログイン]
[ADMIN] 17:01:56.630850 シナリオ走行を終了しました [シナリオ名: 新規ユーザー登録]
[ADMIN] 17:01:56.630873 シナリオ走行を開始しました [シナリオ名: 新規ユーザー登録]
[ADMIN] 17:01:56.640288 シナリオ走行を終了しました [シナリオ名: ログイン]
[ADMIN] 17:01:56.640298 シナリオ走行を開始しました [シナリオ名: ログイン]
[ADMIN] 17:01:56.649972 シナリオ走行を終了しました [シナリオ名: ログイン]
[ADMIN] 17:01:56.649983 シナリオ走行を開始しました [シナリオ名: ログイン]
[ADMIN] 17:01:56.657890 シナリオ走行を終了しました [シナリオ名: Banユーザログイン]
[ADMIN] 17:01:56.657906 シナリオ走行を開始しました [シナリオ名: Banユーザログイン]
[ADMIN] 17:01:56.664496 シナリオ走行を終了しました [シナリオ名: ログイン]
[ADMIN] 17:01:56.664506 シナリオ走行を開始しました [シナリオ名: ログイン]
[ADMIN] 17:01:56.669596 シナリオ走行を終了しました [シナリオ名: Banユーザログイン]
[ADMIN] 17:01:56.669612 シナリオ走行を開始しました [シナリオ名: Banユーザログイン]
[ADMIN] 17:01:56.681278 シナリオ走行を終了しました [シナリオ名: ログイン]
[ADMIN] 17:01:56.681288 シナリオ走行を開始しました [シナリオ名: ログイン]
[ADMIN] 17:01:56.688413 シナリオ走行を終了しました [シナリオ名: ログイン]
[ADMIN] 17:01:56.688422 シナリオ走行を開始しました [シナリオ名: ログイン]
[ADMIN] 17:01:56.719151 シナリオ走行を終了しました [シナリオ名: Banユーザログイン]
[ADMIN] 17:01:56.719166 シナリオ走行を開始しました [シナリオ名: Banユーザログイン]
[ADMIN] 17:01:56.770051 シナリオ走行を終了しました [シナリオ名: Banユーザログイン]
[ADMIN] 17:01:56.770069 シナリオ走行を開始しました [シナリオ名: Banユーザログイン]
[ADMIN] 17:01:56.774276 シナリオ走行を終了しました [シナリオ名: ログイン]
[ADMIN] 17:01:56.774286 シナリオ走行を開始しました [シナリオ名: ログイン]
[ADMIN] 17:01:56.804687 シナリオ走行を終了しました [シナリオ名: ログイン]
[ADMIN] 17:01:56.804700 シナリオ走行を開始しました [シナリオ名: ログイン]
[ADMIN] 17:01:56.819599 シナリオ走行を終了しました [シナリオ名: 新規ユーザー登録]
[ADMIN] 17:01:56.819625 シナリオ走行を開始しました [シナリオ名: 新規ユーザー登録]
[ADMIN] 17:01:56.826541 シナリオ走行を終了しました [シナリオ名: ログイン]
[ADMIN] 17:01:56.826552 シナリオ走行を開始しました [シナリオ名: ログイン]
[ADMIN] 17:01:56.843781 シナリオ走行を終了しました [シナリオ名: ログイン]
[ADMIN] 17:01:56.843796 シナリオ走行を開始しました [シナリオ名: ログイン]
[ADMIN] 17:01:56.865792 シナリオ走行を終了しました [シナリオ名: 新規ユーザー登録]
[ADMIN] 17:01:56.865813 シナリオ走行を開始しました [シナリオ名: 新規ユーザー登録]
[ADMIN] 17:01:56.890166 シナリオ走行を終了しました [シナリオ名: ログイン]
[ADMIN] 17:01:56.890178 シナリオ走行を開始しました [シナリオ名: ログイン]
[ADMIN] 17:01:56.890744 シナリオ走行を終了しました [シナリオ名: ログイン]
[ADMIN] 17:01:56.890752 シナリオ走行を開始しました [シナリオ名: ログイン]
[ADMIN] 17:01:56.909479 シナリオ走行を終了しました [シナリオ名: ログイン]
[ADMIN] 17:01:56.909489 シナリオ走行を開始しました [シナリオ名: ログイン]
[ADMIN] 17:01:56.923294 シナリオ走行を終了しました [シナリオ名: 新規ユーザー登録]
[ADMIN] 17:01:56.923312 シナリオ走行を開始しました [シナリオ名: 新規ユーザー登録]
[ADMIN] 17:01:56.978330 シナリオ走行を終了しました [シナリオ名: 新規ユーザー登録]
[ADMIN] 17:01:56.978352 シナリオ走行を開始しました [シナリオ名: 新規ユーザー登録]
[ADMIN] 17:01:57.130304 シナリオ走行を終了しました [シナリオ名: ログイン]
[ADMIN] 17:01:57.130318 シナリオ走行を開始しました [シナリオ名: ログイン]
[ADMIN] 17:01:57.132750 シナリオ走行を終了しました [シナリオ名: ログイン]
[ADMIN] 17:01:57.132760 シナリオ走行を開始しました [シナリオ名: ログイン]
[ADMIN] 17:01:57.136516 シナリオ走行を終了しました [シナリオ名: ログイン]
[ADMIN] 17:01:57.136526 シナリオ走行を開始しました [シナリオ名: ログイン]
[ADMIN] 17:01:57.140526 シナリオ走行を終了しました [シナリオ名: ログイン]
[ADMIN] 17:01:57.140536 シナリオ走行を開始しました [シナリオ名: ログイン]
[ADMIN] 17:01:57.155084 シナリオ走行を終了しました [シナリオ名: ログイン]
[ADMIN] 17:01:57.155096 シナリオ走行を開始しました [シナリオ名: ログイン]
[ADMIN] 17:01:57.155938 シナリオ走行を終了しました [シナリオ名: ログイン]
[ADMIN] 17:01:57.155946 シナリオ走行を開始しました [シナリオ名: ログイン]
[ADMIN] 17:01:57.161367 シナリオ走行を終了しました [シナリオ名: Banユーザログイン]
[ADMIN] 17:01:57.161383 シナリオ走行を開始しました [シナリオ名: Banユーザログイン]
[ADMIN] 17:01:57.167205 シナリオ走行を終了しました [シナリオ名: ログイン]
[ADMIN] 17:01:57.167213 シナリオ走行を開始しました [シナリオ名: ログイン]
[ADMIN] 17:01:57.173662 シナリオ走行を終了しました [シナリオ名: Banユーザログイン]
[ADMIN] 17:01:57.173679 シナリオ走行を開始しました [シナリオ名: Banユーザログイン]
[ADMIN] 17:01:57.221831 シナリオ走行を終了しました [シナリオ名: Banユーザログイン]
[ADMIN] 17:01:57.221853 シナリオ走行を開始しました [シナリオ名: Banユーザログイン]
[ADMIN] 17:01:57.224268 シナリオ走行を終了しました [シナリオ名: ログイン]
[ADMIN] 17:01:57.224276 シナリオ走行を開始しました [シナリオ名: ログイン]
[ADMIN] 17:01:57.225924 シナリオ走行を終了しました [シナリオ名: ログイン]
[ADMIN] 17:01:57.225934 シナリオ走行を開始しました [シナリオ名: ログイン]
[ADMIN] 17:01:57.232804 シナリオ走行を終了しました [シナリオ名: ログイン]
[ADMIN] 17:01:57.232814 シナリオ走行を開始しました [シナリオ名: ログイン]
[ADMIN] 17:01:57.235066 シナリオ走行を終了しました [シナリオ名: 新規ユーザー登録]
[ADMIN] 17:01:57.235085 シナリオ走行を開始しました [シナリオ名: 新規ユーザー登録]
[ADMIN] 17:01:57.249312 シナリオ走行を終了しました [シナリオ名: ログイン]
[ADMIN] 17:01:57.249320 シナリオ走行を開始しました [シナリオ名: ログイン]
[ADMIN] 17:01:57.249648 シナリオ走行を終了しました [シナリオ名: ログイン]
[ADMIN] 17:01:57.249656 シナリオ走行を開始しました [シナリオ名: ログイン]
[ADMIN] 17:01:57.251120 シナリオ走行を終了しました [シナリオ名: 新規ユーザー登録]
[ADMIN] 17:01:57.251133 シナリオ走行を開始しました [シナリオ名: 新規ユーザー登録]
[ADMIN] 17:01:57.258793 シナリオ走行を終了しました [シナリオ名: ログイン]
[ADMIN] 17:01:57.258804 シナリオ走行を開始しました [シナリオ名: ログイン]
[ADMIN] 17:01:57.265549 シナリオ走行を終了しました [シナリオ名: ログイン]
[ADMIN] 17:01:57.265557 シナリオ走行を開始しました [シナリオ名: ログイン]
[ADMIN] 17:01:57.272124 シナリオ走行を終了しました [シナリオ名: Banユーザログイン]
[ADMIN] 17:01:57.272141 シナリオ走行を開始しました [シナリオ名: Banユーザログイン]
[ADMIN] 17:01:57.273868 シナリオ走行を終了しました [シナリオ名: 新規ユーザー登録]
[ADMIN] 17:01:57.273889 シナリオ走行を開始しました [シナリオ名: 新規ユーザー登録]
[ADMIN] 17:01:57.315564 シナリオ走行を終了しました [シナリオ名: ログイン]
[ADMIN] 17:01:57.315578 シナリオ走行を開始しました [シナリオ名: ログイン]
[ADMIN] 17:01:57.340386 シナリオ走行を終了しました [シナリオ名: ログイン]
[ADMIN] 17:01:57.340399 シナリオ走行を開始しました [シナリオ名: ログイン]
[ADMIN] 17:01:57.354289 シナリオ走行を終了しました [シナリオ名: ログイン]
[ADMIN] 17:01:57.354300 シナリオ走行を開始しました [シナリオ名: ログイン]
[ADMIN] 17:01:57.383089 シナリオ走行を終了しました [シナリオ名: ログイン]
[ADMIN] 17:01:57.383103 シナリオ走行を開始しました [シナリオ名: ログイン]
[ADMIN] 17:01:57.392378 シナリオ走行を終了しました [シナリオ名: ログイン]
[ADMIN] 17:01:57.392389 シナリオ走行を開始しました [シナリオ名: ログイン]
[ADMIN] 17:01:57.406497 シナリオ走行を終了しました [シナリオ名: ログイン]
[ADMIN] 17:01:57.406509 シナリオ走行を開始しました [シナリオ名: ログイン]
[ADMIN] 17:01:57.425688 シナリオ走行を終了しました [シナリオ名: ログイン]
[ADMIN] 17:01:57.425706 シナリオ走行を開始しました [シナリオ名: ログイン]
[ADMIN] 17:01:57.432610 シナリオ走行を終了しました [シナリオ名: 新規ユーザー登録]
[ADMIN] 17:01:57.432630 シナリオ走行を開始しました [シナリオ名: 新規ユーザー登録]
[ADMIN] 17:01:57.446300 シナリオ走行を終了しました [シナリオ名: ログイン]
[ADMIN] 17:01:57.446311 シナリオ走行を開始しました [シナリオ名: ログイン]
[ADMIN] 17:01:57.497351 シナリオ走行を終了しました [シナリオ名: ログイン]
[ADMIN] 17:01:57.497366 シナリオ走行を開始しました [シナリオ名: ログイン]
[ADMIN] 17:01:57.515666 シナリオ走行を終了しました [シナリオ名: 新規ユーザー登録]
[ADMIN] 17:01:57.515686 シナリオ走行を開始しました [シナリオ名: 新規ユーザー登録]
[ADMIN] 17:01:57.539567 シナリオ走行を終了しました [シナリオ名: ログイン]
[ADMIN] 17:01:57.539581 シナリオ走行を開始しました [シナリオ名: ログイン]
[ADMIN] 17:01:57.561767 シナリオ走行を終了しました [シナリオ名: ログイン]
[ADMIN] 17:01:57.561778 シナリオ走行を開始しました [シナリオ名: ログイン]
[ADMIN] 17:01:57.570379 シナリオ走行を終了しました [シナリオ名: ログイン]
[ADMIN] 17:01:57.570389 シナリオ走行を開始しました [シナリオ名: ログイン]
[ADMIN] 17:01:57.603283 シナリオ走行を終了しました [シナリオ名: ログイン]
[ADMIN] 17:01:57.603292 シナリオ走行を開始しました [シナリオ名: ログイン]
[ADMIN] 17:01:57.604538 シナリオ走行を終了しました [シナリオ名: ログイン]
[ADMIN] 17:01:57.604545 シナリオ走行を開始しました [シナリオ名: ログイン]
[ADMIN] 17:01:57.616422 シナリオ走行を終了しました [シナリオ名: ログイン]
[ADMIN] 17:01:57.616430 シナリオ走行を開始しました [シナリオ名: ログイン]
[ADMIN] 17:01:57.619644 シナリオ走行を終了しました [シナリオ名: ログイン]
[ADMIN] 17:01:57.619656 シナリオ走行を開始しました [シナリオ名: ログイン]
[ADMIN] 17:01:57.634899 シナリオ走行を終了しました [シナリオ名: 新規ユーザー登録]
[ADMIN] 17:01:57.634917 シナリオ走行を開始しました [シナリオ名: 新規ユーザー登録]
[ADMIN] 17:01:57.664188 シナリオ走行を終了しました [シナリオ名: Banユーザログイン]
[ADMIN] 17:01:57.664206 シナリオ走行を開始しました [シナリオ名: Banユーザログイン]
[ADMIN] 17:01:57.676833 シナリオ走行を終了しました [シナリオ名: Banユーザログイン]
[ADMIN] 17:01:57.676850 シナリオ走行を開始しました [シナリオ名: Banユーザログイン]
[ADMIN] 17:01:57.696062 シナリオ走行を終了しました [シナリオ名: ログイン]
[ADMIN] 17:01:57.696071 シナリオ走行を開始しました [シナリオ名: ログイン]
[ADMIN] 17:01:57.705484 シナリオ走行を終了しました [シナリオ名: ログイン]
[ADMIN] 17:01:57.705495 シナリオ走行を開始しました [シナリオ名: ログイン]
[ADMIN] 17:01:57.714553 シナリオ走行を終了しました [シナリオ名: 新規ユーザー登録]
[ADMIN] 17:01:57.714575 シナリオ走行を開始しました [シナリオ名: 新規ユーザー登録]
[ADMIN] 17:01:57.730326 シナリオ走行を終了しました [シナリオ名: Banユーザログイン]
[ADMIN] 17:01:57.730347 シナリオ走行を開始しました [シナリオ名: Banユーザログイン]
[ADMIN] 17:01:57.751782 シナリオ走行を終了しました [シナリオ名: 新規ユーザー登録]
[ADMIN] 17:01:57.751804 シナリオ走行を開始しました [シナリオ名: 新規ユーザー登録]
[ADMIN] 17:01:57.775831 シナリオ走行を終了しました [シナリオ名: ログイン]
[ADMIN] 17:01:57.775844 シナリオ走行を開始しました [シナリオ名: ログイン]
[ADMIN] 17:01:57.776072 シナリオ走行を終了しました [シナリオ名: ログイン]
[ADMIN] 17:01:57.776081 シナリオ走行を開始しました [シナリオ名: ログイン]
[ADMIN] 17:01:57.804631 シナリオ走行を終了しました [シナリオ名: Banユーザログイン]
[ADMIN] 17:01:57.804648 シナリオ走行を開始しました [シナリオ名: Banユーザログイン]
[ADMIN] 17:01:57.816506 シナリオ走行を終了しました [シナリオ名: 新規ユーザー登録]
[ADMIN] 17:01:57.816524 シナリオ走行を開始しました [シナリオ名: 新規ユーザー登録]
[ADMIN] 17:01:57.851204 シナリオ走行を終了しました [シナリオ名: ログイン]
[ADMIN] 17:01:57.851226 シナリオ走行を開始しました [シナリオ名: ログイン]
[ADMIN] 17:01:57.889562 シナリオ走行を終了しました [シナリオ名: ログイン]
[ADMIN] 17:01:57.889577 シナリオ走行を開始しました [シナリオ名: ログイン]
[ADMIN] 17:01:57.936613 シナリオ走行を終了しました [シナリオ名: 新規ユーザー登録]
[ADMIN] 17:01:57.936639 シナリオ走行を開始しました [シナリオ名: 新規ユーザー登録]
[ADMIN] 17:01:57.963967 シナリオ走行を終了しました [シナリオ名: ログイン]
[ADMIN] 17:01:57.963979 シナリオ走行を開始しました [シナリオ名: ログイン]
[ADMIN] 17:01:57.998132 シナリオ走行を終了しました [シナリオ名: ログイン]
[ADMIN] 17:01:57.998145 シナリオ走行を開始しました [シナリオ名: ログイン]
[ADMIN] 17:01:57.998630 シナリオ走行を終了しました [シナリオ名: ログイン]
[ADMIN] 17:01:57.998640 シナリオ走行を開始しました [シナリオ名: ログイン]
[ADMIN] 17:01:58.000290 シナリオ走行を終了しました [シナリオ名: ログイン]
[ADMIN] 17:01:58.000299 シナリオ走行を開始しました [シナリオ名: ログイン]
[ADMIN] 17:01:58.021093 シナリオ走行を終了しました [シナリオ名: 新規ユーザー登録]
[ADMIN] 17:01:58.021111 シナリオ走行を開始しました [シナリオ名: 新規ユーザー登録]
[ADMIN] 17:01:58.022440 シナリオ走行を終了しました [シナリオ名: ログイン]
[ADMIN] 17:01:58.022449 シナリオ走行を開始しました [シナリオ名: ログイン]
[ADMIN] 17:01:58.041855 シナリオ走行を終了しました [シナリオ名: ログイン]
[ADMIN] 17:01:58.041866 シナリオ走行を開始しました [シナリオ名: ログイン]
[ADMIN] 17:01:58.045284 シナリオ走行を終了しました [シナリオ名: ログイン]
[ADMIN] 17:01:58.045294 シナリオ走行を開始しました [シナリオ名: ログイン]
[ADMIN] 17:01:58.092784 シナリオ走行を終了しました [シナリオ名: 新規ユーザー登録]
[ADMIN] 17:01:58.092801 シナリオ走行を開始しました [シナリオ名: 新規ユーザー登録]
[ADMIN] 17:01:58.099263 シナリオ走行を終了しました [シナリオ名: 新規ユーザー登録]
[ADMIN] 17:01:58.099281 シナリオ走行を開始しました [シナリオ名: 新規ユーザー登録]
[ADMIN] 17:01:58.129465 シナリオ走行を終了しました [シナリオ名: ログイン]
[ADMIN] 17:01:58.129479 シナリオ走行を開始しました [シナリオ名: ログイン]
[ADMIN] 17:01:58.167261 シナリオ走行を終了しました [シナリオ名: Banユーザログイン]
[ADMIN] 17:01:58.167277 シナリオ走行を開始しました [シナリオ名: Banユーザログイン]
[ADMIN] 17:01:58.179699 シナリオ走行を終了しました [シナリオ名: Banユーザログイン]
[ADMIN] 17:01:58.179714 シナリオ走行を開始しました [シナリオ名: Banユーザログイン]
[ADMIN] 17:01:58.217770 シナリオ走行を終了しました [シナリオ名: 新規ユーザー登録]
[ADMIN] 17:01:58.217790 シナリオ走行を開始しました [シナリオ名: 新規ユーザー登録]
[ADMIN] 17:01:58.220311 シナリオ走行を終了しました [シナリオ名: ログイン]
[ADMIN] 17:01:58.220323 シナリオ走行を開始しました [シナリオ名: ログイン]
[ADMIN] 17:01:58.234854 シナリオ走行を終了しました [シナリオ名: Banユーザログイン]
[ADMIN] 17:01:58.234869 シナリオ走行を開始しました [シナリオ名: Banユーザログイン]
[ADMIN] 17:01:58.240608 シナリオ走行を終了しました [シナリオ名: ログイン]
[ADMIN] 17:01:58.240620 シナリオ走行を開始しました [シナリオ名: ログイン]
[ADMIN] 17:01:58.257071 シナリオ走行を終了しました [シナリオ名: ログイン]
[ADMIN] 17:01:58.257091 シナリオ走行を開始しました [シナリオ名: ログイン]
[ADMIN] 17:01:58.261303 シナリオ走行を終了しました [シナリオ名: ログイン]
[ADMIN] 17:01:58.261311 シナリオ走行を開始しました [シナリオ名: ログイン]
[ADMIN] 17:01:58.297879 シナリオ走行を終了しました [シナリオ名: ログイン]
[ADMIN] 17:01:58.297889 シナリオ走行を開始しました [シナリオ名: ログイン]
[ADMIN] 17:01:58.301033 シナリオ走行を終了しました [シナリオ名: ログイン]
[ADMIN] 17:01:58.301043 シナリオ走行を開始しました [シナリオ名: ログイン]
[ADMIN] 17:01:58.306491 シナリオ走行を終了しました [シナリオ名: Banユーザログイン]
[ADMIN] 17:01:58.306504 シナリオ走行を開始しました [シナリオ名: Banユーザログイン]
[ADMIN] 17:01:58.306885 シナリオ走行を終了しました [シナリオ名: ログイン]
[ADMIN] 17:01:58.306894 シナリオ走行を開始しました [シナリオ名: ログイン]
[ADMIN] 17:01:58.318848 シナリオ走行を終了しました [シナリオ名: ログイン]
[ADMIN] 17:01:58.318859 シナリオ走行を開始しました [シナリオ名: ログイン]
[ADMIN] 17:01:58.356580 シナリオ走行を終了しました [シナリオ名: ログイン]
[ADMIN] 17:01:58.356594 シナリオ走行を開始しました [シナリオ名: ログイン]
[ADMIN] 17:01:58.368041 シナリオ走行を終了しました [シナリオ名: ログイン]
[ADMIN] 17:01:58.368052 シナリオ走行を開始しました [シナリオ名: ログイン]
[ADMIN] 17:01:58.392975 シナリオ走行を終了しました [シナリオ名: ログイン]
[ADMIN] 17:01:58.392986 シナリオ走行を開始しました [シナリオ名: ログイン]
[ADMIN] 17:01:58.398749 シナリオ走行を終了しました [シナリオ名: ログイン]
[ADMIN] 17:01:58.398758 シナリオ走行を開始しました [シナリオ名: ログイン]
[ADMIN] 17:01:58.526093 シナリオ走行を終了しました [シナリオ名: 新規ユーザー登録]
[ADMIN] 17:01:58.526119 シナリオ走行を開始しました [シナリオ名: 新規ユーザー登録]
[ADMIN] 17:01:58.572623 シナリオ走行を終了しました [シナリオ名: ログイン]
[ADMIN] 17:01:58.572636 シナリオ走行を開始しました [シナリオ名: ログイン]
[ADMIN] 17:01:58.578296 シナリオ走行を終了しました [シナリオ名: 新規ユーザー登録]
[ADMIN] 17:01:58.578318 シナリオ走行を開始しました [シナリオ名: 新規ユーザー登録]
[ADMIN] 17:01:58.578399 シナリオ走行を終了しました [シナリオ名: 新規ユーザー登録]
[ADMIN] 17:01:58.578420 シナリオ走行を開始しました [シナリオ名: 新規ユーザー登録]
[ADMIN] 17:01:58.588499 シナリオ走行を終了しました [シナリオ名: ログイン]
[ADMIN] 17:01:58.588508 シナリオ走行を開始しました [シナリオ名: ログイン]
[ADMIN] 17:01:58.613241 シナリオ走行を終了しました [シナリオ名: ログイン]
[ADMIN] 17:01:58.613254 シナリオ走行を開始しました [シナリオ名: ログイン]
[ADMIN] 17:01:58.671026 シナリオ走行を終了しました [シナリオ名: Banユーザログイン]
[ADMIN] 17:01:58.671050 シナリオ走行を開始しました [シナリオ名: Banユーザログイン]
[ADMIN] 17:01:58.682300 シナリオ走行を終了しました [シナリオ名: Banユーザログイン]
[ADMIN] 17:01:58.682321 シナリオ走行を開始しました [シナリオ名: Banユーザログイン]
[ADMIN] 17:01:58.688563 シナリオ走行を終了しました [シナリオ名: ログイン]
[ADMIN] 17:01:58.688573 シナリオ走行を開始しました [シナリオ名: ログイン]
[ADMIN] 17:01:58.704413 シナリオ走行を終了しました [シナリオ名: 新規ユーザー登録]
[ADMIN] 17:01:58.704430 シナリオ走行を開始しました [シナリオ名: 新規ユーザー登録]
[ADMIN] 17:01:58.705532 シナリオ走行を終了しました [シナリオ名: ログイン]
[ADMIN] 17:01:58.705542 シナリオ走行を開始しました [シナリオ名: ログイン]
[ADMIN] 17:01:58.715714 シナリオ走行を終了しました [シナリオ名: ログイン]
[ADMIN] 17:01:58.715722 シナリオ走行を開始しました [シナリオ名: ログイン]
[ADMIN] 17:01:58.728131 シナリオ走行を終了しました [シナリオ名: 新規ユーザー登録]
[ADMIN] 17:01:58.728150 シナリオ走行を開始しました [シナリオ名: 新規ユーザー登録]
[ADMIN] 17:01:58.735183 シナリオ走行を終了しました [シナリオ名: ログイン]
[ADMIN] 17:01:58.735192 シナリオ走行を開始しました [シナリオ名: ログイン]
[ADMIN] 17:01:58.744574 シナリオ走行を終了しました [シナリオ名: ログイン]
[ADMIN] 17:01:58.744584 シナリオ走行を開始しました [シナリオ名: ログイン]
[ADMIN] 17:01:58.747008 シナリオ走行を終了しました [シナリオ名: Banユーザログイン]
[ADMIN] 17:01:58.747018 シナリオ走行を開始しました [シナリオ名: Banユーザログイン]
[ADMIN] 17:01:58.760739 シナリオ走行を終了しました [シナリオ名: 新規ユーザー登録]
[ADMIN] 17:01:58.760762 シナリオ走行を開始しました [シナリオ名: 新規ユーザー登録]
[ADMIN] 17:01:58.766345 シナリオ走行を終了しました [シナリオ名: ログイン]
[ADMIN] 17:01:58.766357 シナリオ走行を開始しました [シナリオ名: ログイン]
[ADMIN] 17:01:58.768713 シナリオ走行を終了しました [シナリオ名: ログイン]
[ADMIN] 17:01:58.768725 シナリオ走行を開始しました [シナリオ名: ログイン]
[ADMIN] 17:01:58.801635 シナリオ走行を終了しました [シナリオ名: 新規ユーザー登録]
[ADMIN] 17:01:58.801655 シナリオ走行を開始しました [シナリオ名: 新規ユーザー登録]
[ADMIN] 17:01:58.825208 シナリオ走行を終了しました [シナリオ名: Banユーザログイン]
[ADMIN] 17:01:58.825224 シナリオ走行を開始しました [シナリオ名: Banユーザログイン]
[ADMIN] 17:01:58.866929 シナリオ走行を終了しました [シナリオ名: ログイン]
[ADMIN] 17:01:58.866941 シナリオ走行を開始しました [シナリオ名: ログイン]
[ADMIN] 17:01:58.893631 シナリオ走行を終了しました [シナリオ名: 新規ユーザー登録]
[ADMIN] 17:01:58.893650 シナリオ走行を開始しました [シナリオ名: 新規ユーザー登録]
[ADMIN] 17:01:58.896501 シナリオ走行を終了しました [シナリオ名: ログイン]
[ADMIN] 17:01:58.896510 シナリオ走行を開始しました [シナリオ名: ログイン]
[ADMIN] 17:01:58.907573 シナリオ走行を終了しました [シナリオ名: ログイン]
[ADMIN] 17:01:58.907584 シナリオ走行を開始しました [シナリオ名: ログイン]
[ADMIN] 17:01:58.925369 シナリオ走行を終了しました [シナリオ名: ログイン]
[ADMIN] 17:01:58.925391 シナリオ走行を開始しました [シナリオ名: ログイン]
[ADMIN] 17:01:58.965665 シナリオ走行を終了しました [シナリオ名: ログイン]
[ADMIN] 17:01:58.965678 シナリオ走行を開始しました [シナリオ名: ログイン]
[ADMIN] 17:01:59.000826 シナリオ走行を終了しました [シナリオ名: ログイン]
[ADMIN] 17:01:59.000839 シナリオ走行を開始しました [シナリオ名: ログイン]
[ADMIN] 17:01:59.046459 シナリオ走行を終了しました [シナリオ名: 新規ユーザー登録]
[ADMIN] 17:01:59.046485 シナリオ走行を開始しました [シナリオ名: 新規ユーザー登録]
[ADMIN] 17:01:59.083971 シナリオ走行を終了しました [シナリオ名: ログイン]
[ADMIN] 17:01:59.083987 シナリオ走行を開始しました [シナリオ名: ログイン]
[ADMIN] 17:01:59.097080 シナリオ走行を終了しました [シナリオ名: ログイン]
[ADMIN] 17:01:59.097093 シナリオ走行を開始しました [シナリオ名: ログイン]
[ADMIN] 17:01:59.097670 シナリオ走行を終了しました [シナリオ名: ログイン]
[ADMIN] 17:01:59.097680 シナリオ走行を開始しました [シナリオ名: ログイン]
[ADMIN] 17:01:59.132440 シナリオ走行を終了しました [シナリオ名: ログイン]
[ADMIN] 17:01:59.132453 シナリオ走行を開始しました [シナリオ名: ログイン]
[ADMIN] 17:01:59.150881 シナリオ走行を終了しました [シナリオ名: ログイン]
[ADMIN] 17:01:59.150895 シナリオ走行を開始しました [シナリオ名: ログイン]
[ADMIN] 17:01:59.154665 シナリオ走行を終了しました [シナリオ名: ログイン]
[ADMIN] 17:01:59.154674 シナリオ走行を開始しました [シナリオ名: ログイン]
[ADMIN] 17:01:59.174345 シナリオ走行を終了しました [シナリオ名: Banユーザログイン]
[ADMIN] 17:01:59.174361 シナリオ走行を開始しました [シナリオ名: Banユーザログイン]
[ADMIN] 17:01:59.185123 シナリオ走行を終了しました [シナリオ名: Banユーザログイン]
[ADMIN] 17:01:59.185138 シナリオ走行を開始しました [シナリオ名: Banユーザログイン]
[ADMIN] 17:01:59.192600 シナリオ走行を終了しました [シナリオ名: 新規ユーザー登録]
[ADMIN] 17:01:59.192622 シナリオ走行を開始しました [シナリオ名: 新規ユーザー登録]
[ADMIN] 17:01:59.210701 シナリオ走行を終了しました [シナリオ名: ログイン]
[ADMIN] 17:01:59.210714 シナリオ走行を開始しました [シナリオ名: ログイン]
[ADMIN] 17:01:59.212974 シナリオ走行を終了しました [シナリオ名: ログイン]
[ADMIN] 17:01:59.212988 シナリオ走行を開始しました [シナリオ名: ログイン]
[ADMIN] 17:01:59.250229 シナリオ走行を終了しました [シナリオ名: Banユーザログイン]
[ADMIN] 17:01:59.250257 シナリオ走行を開始しました [シナリオ名: Banユーザログイン]
[ADMIN] 17:01:59.264383 シナリオ走行を終了しました [シナリオ名: ログイン]
[ADMIN] 17:01:59.264394 シナリオ走行を開始しました [シナリオ名: ログイン]
[ADMIN] 17:01:59.309010 シナリオ走行を終了しました [シナリオ名: ログイン]
[ADMIN] 17:01:59.309024 シナリオ走行を開始しました [シナリオ名: ログイン]
[ADMIN] 17:01:59.329790 シナリオ走行を終了しました [シナリオ名: 新規ユーザー登録]
[ADMIN] 17:01:59.329819 シナリオ走行を開始しました [シナリオ名: 新規ユーザー登録]
[ADMIN] 17:01:59.337655 シナリオ走行を終了しました [シナリオ名: 新規ユーザー登録]
[ADMIN] 17:01:59.337680 シナリオ走行を開始しました [シナリオ名: 新規ユーザー登録]
[ADMIN] 17:01:59.340366 シナリオ走行を終了しました [シナリオ名: Banユーザログイン]
[ADMIN] 17:01:59.340384 シナリオ走行を開始しました [シナリオ名: Banユーザログイン]
[ADMIN] 17:01:59.368380 シナリオ走行を終了しました [シナリオ名: ログイン]
[ADMIN] 17:01:59.368396 シナリオ走行を開始しました [シナリオ名: ログイン]
[ADMIN] 17:01:59.392822 シナリオ走行を終了しました [シナリオ名: ログイン]
[ADMIN] 17:01:59.392839 シナリオ走行を開始しました [シナリオ名: ログイン]
[ADMIN] 17:01:59.395309 シナリオ走行を終了しました [シナリオ名: ログイン]
[ADMIN] 17:01:59.395328 シナリオ走行を開始しました [シナリオ名: ログイン]
[ADMIN] 17:01:59.426114 シナリオ走行を終了しました [シナリオ名: ログイン]
[ADMIN] 17:01:59.426128 シナリオ走行を開始しました [シナリオ名: ログイン]
[ADMIN] 17:01:59.443399 シナリオ走行を終了しました [シナリオ名: 新規ユーザー登録]
[ADMIN] 17:01:59.443425 シナリオ走行を開始しました [シナリオ名: 新規ユーザー登録]
[ADMIN] 17:01:59.456053 シナリオ走行を終了しました [シナリオ名: ログイン]
[ADMIN] 17:01:59.456063 シナリオ走行を開始しました [シナリオ名: ログイン]
[ADMIN] 17:01:59.541574 シナリオ走行を終了しました [シナリオ名: ログイン]
[ADMIN] 17:01:59.541588 シナリオ走行を開始しました [シナリオ名: ログイン]
[ADMIN] 17:01:59.552452 シナリオ走行を終了しました [シナリオ名: ログイン]
[ADMIN] 17:01:59.552467 シナリオ走行を開始しました [シナリオ名: ログイン]
[ADMIN] 17:01:59.566919 シナリオ走行を終了しました [シナリオ名: ログイン]
[ADMIN] 17:01:59.566930 シナリオ走行を開始しました [シナリオ名: ログイン]
[ADMIN] 17:01:59.646947 シナリオ走行を終了しました [シナリオ名: ログイン]
[ADMIN] 17:01:59.646961 シナリオ走行を開始しました [シナリオ名: ログイン]
[ADMIN] 17:01:59.649484 シナリオ走行を終了しました [シナリオ名: ログイン]
[ADMIN] 17:01:59.649494 シナリオ走行を開始しました [シナリオ名: ログイン]
[ADMIN] 17:01:59.650633 シナリオ走行を終了しました [シナリオ名: ログイン]
[ADMIN] 17:01:59.650643 シナリオ走行を開始しました [シナリオ名: ログイン]
[ADMIN] 17:01:59.654172 シナリオ走行を終了しました [シナリオ名: 新規ユーザー登録]
[ADMIN] 17:01:59.654192 シナリオ走行を開始しました [シナリオ名: 新規ユーザー登録]
[ADMIN] 17:01:59.658166 シナリオ走行を終了しました [シナリオ名: 新規ユーザー登録]
[ADMIN] 17:01:59.658181 シナリオ走行を開始しました [シナリオ名: 新規ユーザー登録]
[ADMIN] 17:01:59.660994 シナリオ走行を終了しました [シナリオ名: ログイン]
[ADMIN] 17:01:59.661004 シナリオ走行を開始しました [シナリオ名: ログイン]
[ADMIN] 17:01:59.669113 シナリオ走行を終了しました [シナリオ名: ログイン]
[ADMIN] 17:01:59.669122 シナリオ走行を開始しました [シナリオ名: ログイン]
[ADMIN] 17:01:59.689281 シナリオ走行を終了しました [シナリオ名: Banユーザログイン]
[ADMIN] 17:01:59.689298 シナリオ走行を開始しました [シナリオ名: Banユーザログイン]
[ADMIN] 17:01:59.696049 シナリオ走行を終了しました [シナリオ名: ログイン]
[ADMIN] 17:01:59.696063 シナリオ走行を開始しました [シナリオ名: ログイン]
[ADMIN] 17:01:59.701708 シナリオ走行を終了しました [シナリオ名: Banユーザログイン]
[ADMIN] 17:01:59.701721 シナリオ走行を開始しました [シナリオ名: Banユーザログイン]
[ADMIN] 17:01:59.703397 シナリオ走行を終了しました [シナリオ名: ログイン]
[ADMIN] 17:01:59.703405 シナリオ走行を開始しました [シナリオ名: ログイン]
[ADMIN] 17:01:59.713288 シナリオ走行を終了しました [シナリオ名: ログイン]
[ADMIN] 17:01:59.713298 シナリオ走行を開始しました [シナリオ名: ログイン]
[ADMIN] 17:01:59.713800 シナリオ走行を終了しました [シナリオ名: ログイン]
[ADMIN] 17:01:59.713809 シナリオ走行を開始しました [シナリオ名: ログイン]
[ADMIN] 17:01:59.736073 シナリオ走行を終了しました [シナリオ名: ログイン]
[ADMIN] 17:01:59.736084 シナリオ走行を開始しました [シナリオ名: ログイン]
[ADMIN] 17:01:59.743282 シナリオ走行を終了しました [シナリオ名: ログイン]
[ADMIN] 17:01:59.743290 シナリオ走行を開始しました [シナリオ名: ログイン]
[ADMIN] 17:01:59.754404 シナリオ走行を終了しました [シナリオ名: ログイン]
[ADMIN] 17:01:59.754412 シナリオ走行を開始しました [シナリオ名: ログイン]
[ADMIN] 17:01:59.781472 シナリオ走行を終了しました [シナリオ名: Banユーザログイン]
[ADMIN] 17:01:59.781491 シナリオ走行を開始しました [シナリオ名: Banユーザログイン]
[ADMIN] 17:01:59.812827 シナリオ走行を終了しました [シナリオ名: ログイン]
[ADMIN] 17:01:59.812841 シナリオ走行を開始しました [シナリオ名: ログイン]
[ADMIN] 17:01:59.846407 シナリオ走行を終了しました [シナリオ名: Banユーザログイン]
[ADMIN] 17:01:59.846424 シナリオ走行を開始しました [シナリオ名: Banユーザログイン]
[ADMIN] 17:01:59.848355 シナリオ走行を終了しました [シナリオ名: 新規ユーザー登録]
[ADMIN] 17:01:59.848372 シナリオ走行を開始しました [シナリオ名: 新規ユーザー登録]
[ADMIN] 17:01:59.907070 シナリオ走行を終了しました [シナリオ名: ログイン]
[ADMIN] 17:01:59.907080 シナリオ走行を開始しました [シナリオ名: ログイン]
[ADMIN] 17:01:59.914958 シナリオ走行を終了しました [シナリオ名: 新規ユーザー登録]
[ADMIN] 17:01:59.914980 シナリオ走行を開始しました [シナリオ名: 新規ユーザー登録]
17:01:59.926693 現在のログイン成功数: [total: 1965 (+1048人)]
17:01:59.926699 現在のユーザー登録成功数: [total: 838 (+381人)]
[ADMIN] 17:01:59.950351 シナリオ走行を終了しました [シナリオ名: ログイン]
[ADMIN] 17:01:59.950362 シナリオ走行を開始しました [シナリオ名: ログイン]
[ADMIN] 17:01:59.966852 シナリオ走行を終了しました [シナリオ名: ログイン]
[ADMIN] 17:01:59.966887 シナリオ走行を開始しました [シナリオ名: ログイン]
[ADMIN] 17:01:59.966921 シナリオ走行を開始しました [シナリオ名: ログイン]
[ADMIN] 17:01:59.966930 シナリオ走行を開始しました [シナリオ名: ログイン]
[ADMIN] 17:01:59.966970 シナリオ走行を開始しました [シナリオ名: ログイン]
[ADMIN] 17:01:59.967042 シナリオ走行を開始しました [シナリオ名: ログイン]
[ADMIN] 17:01:59.967051 シナリオ走行を開始しました [シナリオ名: ログイン]
[ADMIN] 17:01:59.967053 シナリオ走行を開始しました [シナリオ名: ログイン]
[ADMIN] 17:01:59.967055 シナリオ走行を開始しました [シナリオ名: ログイン]
[ADMIN] 17:01:59.967044 シナリオ走行を開始しました [シナリオ名: ログイン]
[ADMIN] 17:01:59.967045 シナリオ走行を開始しました [シナリオ名: ログイン]
[ADMIN] 17:01:59.967078 シナリオ走行を開始しました [シナリオ名: ログイン]
[ADMIN] 17:01:59.967157 シナリオ走行を開始しました [シナリオ名: ログイン]
[ADMIN] 17:01:59.967046 シナリオ走行を開始しました [シナリオ名: ログイン]
[ADMIN] 17:01:59.967050 シナリオ走行を開始しました [シナリオ名: ログイン]
[ADMIN] 17:01:59.967174 シナリオ走行を開始しました [シナリオ名: ログイン]
[ADMIN] 17:01:59.967179 シナリオ走行を開始しました [シナリオ名: ログイン]
[ADMIN] 17:02:00.002527 シナリオ走行を終了しました [シナリオ名: ログイン]
[ADMIN] 17:02:00.085168 シナリオ走行を終了しました [シナリオ名: ログイン]
[ADMIN] 17:02:00.135464 シナリオ走行を終了しました [シナリオ名: ログイン]
[ADMIN] 17:02:00.160133 シナリオ走行を終了しました [シナリオ名: 新規ユーザー登録]
[ADMIN] 17:02:00.160165 シナリオ走行を開始しました [シナリオ名: 新規ユーザー登録]
[ADMIN] 17:02:00.184411 シナリオ走行を終了しました [シナリオ名: 新規ユーザー登録]
[ADMIN] 17:02:00.184459 シナリオ走行を開始しました [シナリオ名: 新規ユーザー登録]
[ADMIN] 17:02:00.184488 シナリオ走行を開始しました [シナリオ名: 新規ユーザー登録]
[ADMIN] 17:02:00.184494 シナリオ走行を開始しました [シナリオ名: 新規ユーザー登録]
[ADMIN] 17:02:00.184542 シナリオ走行を開始しました [シナリオ名: 新規ユーザー登録]
[ADMIN] 17:02:00.184600 シナリオ走行を開始しました [シナリオ名: 新規ユーザー登録]
[ADMIN] 17:02:00.184624 シナリオ走行を開始しました [シナリオ名: 新規ユーザー登録]
[ADMIN] 17:02:00.184627 シナリオ走行を開始しました [シナリオ名: 新規ユーザー登録]
[ADMIN] 17:02:00.184647 シナリオ走行を開始しました [シナリオ名: 新規ユーザー登録]
[ADMIN] 17:02:00.184711 シナリオ走行を開始しました [シナリオ名: 新規ユーザー登録]
[ADMIN] 17:02:00.186014 シナリオ走行を終了しました [シナリオ名: 新規ユーザー登録]
[ADMIN] 17:02:00.192529 シナリオ走行を終了しました [シナリオ名: 新規ユーザー登録]
[ADMIN] 17:02:00.202369 シナリオ走行を終了しました [シナリオ名: Banユーザログイン]
[ADMIN] 17:02:00.202386 シナリオ走行を開始しました [シナリオ名: Banユーザログイン]
[ADMIN] 17:02:00.215869 シナリオ走行を終了しました [シナリオ名: Banユーザログイン]
[ADMIN] 17:02:00.215905 シナリオ走行を開始しました [シナリオ名: Banユーザログイン]
[ADMIN] 17:02:00.215972 シナリオ走行を開始しました [シナリオ名: Banユーザログイン]
[ADMIN] 17:02:00.216032 シナリオ走行を開始しました [シナリオ名: Banユーザログイン]
[ADMIN] 17:02:00.235057 シナリオ走行を終了しました [シナリオ名: ログイン]
[ADMIN] 17:02:00.245783 シナリオ走行を終了しました [シナリオ名: ログイン]
[ADMIN] 17:02:00.285934 シナリオ走行を終了しました [シナリオ名: Banユーザログイン]
[ADMIN] 17:02:00.291618 シナリオ走行を終了しました [シナリオ名: ログイン]
[ADMIN] 17:02:00.322387 シナリオ走行を終了しました [シナリオ名: ログイン]
[ADMIN] 17:02:00.343492 シナリオ走行を終了しました [シナリオ名: ログイン]
[ADMIN] 17:02:00.348887 シナリオ走行を終了しました [シナリオ名: Banユーザログイン]
[ADMIN] 17:02:00.383702 シナリオ走行を終了しました [シナリオ名: ログイン]
[ADMIN] 17:02:00.396286 シナリオ走行を終了しました [シナリオ名: ログイン]
[ADMIN] 17:02:00.427178 シナリオ走行を終了しました [シナリオ名: ログイン]
[ADMIN] 17:02:00.459410 シナリオ走行を終了しました [シナリオ名: ログイン]
[ADMIN] 17:02:00.467640 シナリオ走行を終了しました [シナリオ名: ログイン]
[ADMIN] 17:02:00.472051 シナリオ走行を終了しました [シナリオ名: ログイン]
[ADMIN] 17:02:00.489715 シナリオ走行を終了しました [シナリオ名: 新規ユーザー登録]
[ADMIN] 17:02:00.493075 シナリオ走行を終了しました [シナリオ名: ログイン]
[ADMIN] 17:02:00.508333 シナリオ走行を終了しました [シナリオ名: 新規ユーザー登録]
[ADMIN] 17:02:00.523679 シナリオ走行を終了しました [シナリオ名: ログイン]
[ADMIN] 17:02:00.523700 シナリオ走行を開始しました [シナリオ名: ログイン]
[ADMIN] 17:02:00.523748 シナリオ走行を開始しました [シナリオ名: ログイン]
[ADMIN] 17:02:00.523772 シナリオ走行を開始しました [シナリオ名: ログイン]
[ADMIN] 17:02:00.523810 シナリオ走行を開始しました [シナリオ名: ログイン]
[ADMIN] 17:02:00.523836 シナリオ走行を開始しました [シナリオ名: ログイン]
[ADMIN] 17:02:00.523855 シナリオ走行を開始しました [シナリオ名: ログイン]
[ADMIN] 17:02:00.523928 シナリオ走行を開始しました [シナリオ名: ログイン]
[ADMIN] 17:02:00.523949 シナリオ走行を開始しました [シナリオ名: ログイン]
[ADMIN] 17:02:00.523972 シナリオ走行を開始しました [シナリオ名: ログイン]
[ADMIN] 17:02:00.524026 シナリオ走行を開始しました [シナリオ名: ログイン]
[ADMIN] 17:02:00.524059 シナリオ走行を開始しました [シナリオ名: ログイン]
[ADMIN] 17:02:00.523830 シナリオ走行を開始しました [シナリオ名: ログイン]
[ADMIN] 17:02:00.523832 シナリオ走行を開始しました [シナリオ名: ログイン]
[ADMIN] 17:02:00.523833 シナリオ走行を開始しました [シナリオ名: ログイン]
[ADMIN] 17:02:00.523834 シナリオ走行を開始しました [シナリオ名: ログイン]
[ADMIN] 17:02:00.523835 シナリオ走行を開始しました [シナリオ名: ログイン]
[ADMIN] 17:02:00.541700 シナリオ走行を終了しました [シナリオ名: ログイン]
[ADMIN] 17:02:00.541710 シナリオ走行を開始しました [シナリオ名: ログイン]
[ADMIN] 17:02:00.575146 シナリオ走行を終了しました [シナリオ名: ログイン]
[ADMIN] 17:02:00.593861 シナリオ走行を終了しました [シナリオ名: ログイン]
[ADMIN] 17:02:00.594146 シナリオ走行を終了しました [シナリオ名: ログイン]
[ADMIN] 17:02:00.603442 シナリオ走行を終了しました [シナリオ名: 新規ユーザー登録]
[ADMIN] 17:02:00.614708 シナリオ走行を終了しました [シナリオ名: ログイン]
[ADMIN] 17:02:00.667295 シナリオ走行を終了しました [シナリオ名: ログイン]
[ADMIN] 17:02:00.668189 シナリオ走行を終了しました [シナリオ名: 新規ユーザー登録]
[ADMIN] 17:02:00.676574 シナリオ走行を終了しました [シナリオ名: ログイン]
[ADMIN] 17:02:00.676624 シナリオ走行を終了しました [シナリオ名: ログイン]
[ADMIN] 17:02:00.716972 シナリオ走行を終了しました [シナリオ名: ログイン]
[ADMIN] 17:02:00.716988 シナリオ走行を開始しました [シナリオ名: ログイン]
[ADMIN] 17:02:00.717039 シナリオ走行を開始しました [シナリオ名: ログイン]
[ADMIN] 17:02:00.717074 シナリオ走行を開始しました [シナリオ名: ログイン]
[ADMIN] 17:02:00.717107 シナリオ走行を開始しました [シナリオ名: ログイン]
[ADMIN] 17:02:00.717131 シナリオ走行を開始しました [シナリオ名: ログイン]
[ADMIN] 17:02:00.717079 シナリオ走行を開始しました [シナリオ名: ログイン]
[ADMIN] 17:02:00.717128 シナリオ走行を開始しました [シナリオ名: ログイン]
[ADMIN] 17:02:00.717130 シナリオ走行を開始しました [シナリオ名: ログイン]
[ADMIN] 17:02:00.721430 シナリオ走行を終了しました [シナリオ名: Banユーザログイン]
[ADMIN] 17:02:00.725054 シナリオ走行を終了しました [シナリオ名: Banユーザログイン]
[ADMIN] 17:02:00.725067 シナリオ走行を開始しました [シナリオ名: Banユーザログイン]
[ADMIN] 17:02:00.725097 シナリオ走行を開始しました [シナリオ名: Banユーザログイン]
[ADMIN] 17:02:00.725103 シナリオ走行を開始しました [シナリオ名: Banユーザログイン]
[ADMIN] 17:02:00.725135 シナリオ走行を開始しました [シナリオ名: Banユーザログイン]
[ADMIN] 17:02:00.728101 シナリオ走行を終了しました [シナリオ名: ログイン]
[ADMIN] 17:02:00.744169 シナリオ走行を終了しました [シナリオ名: Banユーザログイン]
[ADMIN] 17:02:00.744178 シナリオ走行を開始しました [シナリオ名: Banユーザログイン]
[ADMIN] 17:02:00.745115 シナリオ走行を終了しました [シナリオ名: ログイン]
[ADMIN] 17:02:00.745123 シナリオ走行を開始しました [シナリオ名: ログイン]
[ADMIN] 17:02:00.745180 シナリオ走行を開始しました [シナリオ名: ログイン]
[ADMIN] 17:02:00.750170 シナリオ走行を終了しました [シナリオ名: ログイン]
[ADMIN] 17:02:00.764631 シナリオ走行を終了しました [シナリオ名: 新規ユーザー登録]
[ADMIN] 17:02:00.777964 シナリオ走行を終了しました [シナリオ名: Banユーザログイン]
[ADMIN] 17:02:00.777980 シナリオ走行を開始しました [シナリオ名: Banユーザログイン]
[ADMIN] 17:02:00.794137 シナリオ走行を終了しました [シナリオ名: ログイン]
[ADMIN] 17:02:00.794149 シナリオ走行を開始しました [シナリオ名: ログイン]
[ADMIN] 17:02:00.794205 シナリオ走行を開始しました [シナリオ名: ログイン]
[ADMIN] 17:02:00.905551 シナリオ走行を終了しました [シナリオ名: ログイン]
[ADMIN] 17:02:00.905567 シナリオ走行を開始しました [シナリオ名: ログイン]
[ADMIN] 17:02:00.972239 シナリオ走行を終了しました [シナリオ名: ログイン]
[ADMIN] 17:02:00.972252 シナリオ走行を開始しました [シナリオ名: ログイン]
[ADMIN] 17:02:01.016660 シナリオ走行を終了しました [シナリオ名: ログイン]
[ADMIN] 17:02:01.016677 シナリオ走行を開始しました [シナリオ名: ログイン]
[ADMIN] 17:02:01.027705 シナリオ走行を終了しました [シナリオ名: ログイン]
[ADMIN] 17:02:01.027716 シナリオ走行を開始しました [シナリオ名: ログイン]
[ADMIN] 17:02:01.058342 シナリオ走行を終了しました [シナリオ名: ログイン]
[ADMIN] 17:02:01.058357 シナリオ走行を開始しました [シナリオ名: ログイン]
[ADMIN] 17:02:01.114974 シナリオ走行を終了しました [シナリオ名: ログイン]
[ADMIN] 17:02:01.131312 シナリオ走行を終了しました [シナリオ名: ログイン]
[ADMIN] 17:02:01.131326 シナリオ走行を開始しました [シナリオ名: ログイン]
[ADMIN] 17:02:01.131379 シナリオ走行を開始しました [シナリオ名: ログイン]
[ADMIN] 17:02:01.179512 シナリオ走行を終了しました [シナリオ名: ログイン]
[ADMIN] 17:02:01.201142 シナリオ走行を終了しました [シナリオ名: 新規ユーザー登録]
[ADMIN] 17:02:01.238208 シナリオ走行を終了しました [シナリオ名: Banユーザログイン]
[ADMIN] 17:02:01.238227 シナリオ走行を開始しました [シナリオ名: Banユーザログイン]
[ADMIN] 17:02:01.241671 シナリオ走行を終了しました [シナリオ名: Banユーザログイン]
[ADMIN] 17:02:01.241688 シナリオ走行を開始しました [シナリオ名: Banユーザログイン]
[ADMIN] 17:02:01.248363 シナリオ走行を終了しました [シナリオ名: Banユーザログイン]
[ADMIN] 17:02:01.248381 シナリオ走行を開始しました [シナリオ名: Banユーザログイン]
[ADMIN] 17:02:01.257206 シナリオ走行を終了しました [シナリオ名: Banユーザログイン]
[ADMIN] 17:02:01.257222 シナリオ走行を開始しました [シナリオ名: Banユーザログイン]
[ADMIN] 17:02:01.266312 シナリオ走行を終了しました [シナリオ名: Banユーザログイン]
[ADMIN] 17:02:01.266328 シナリオ走行を開始しました [シナリオ名: Banユーザログイン]
[ADMIN] 17:02:01.289642 シナリオ走行を終了しました [シナリオ名: ログイン]
[ADMIN] 17:02:01.289652 シナリオ走行を開始しました [シナリオ名: ログイン]
[ADMIN] 17:02:01.289710 シナリオ走行を開始しました [シナリオ名: ログイン]
[ADMIN] 17:02:01.292399 シナリオ走行を終了しました [シナリオ名: ログイン]
[ADMIN] 17:02:01.292419 シナリオ走行を開始しました [シナリオ名: ログイン]
[ADMIN] 17:02:01.305188 シナリオ走行を終了しました [シナリオ名: ログイン]
[ADMIN] 17:02:01.315945 シナリオ走行を終了しました [シナリオ名: Banユーザログイン]
[ADMIN] 17:02:01.315958 シナリオ走行を開始しました [シナリオ名: Banユーザログイン]
[ADMIN] 17:02:01.335634 シナリオ走行を終了しました [シナリオ名: ログイン]
[ADMIN] 17:02:01.335643 シナリオ走行を開始しました [シナリオ名: ログイン]
[ADMIN] 17:02:01.335702 シナリオ走行を開始しました [シナリオ名: ログイン]
[ADMIN] 17:02:01.344237 シナリオ走行を終了しました [シナリオ名: ログイン]
[ADMIN] 17:02:01.344249 シナリオ走行を開始しました [シナリオ名: ログイン]
[ADMIN] 17:02:01.353084 シナリオ走行を終了しました [シナリオ名: ログイン]
[ADMIN] 17:02:01.353094 シナリオ走行を開始しました [シナリオ名: ログイン]
[ADMIN] 17:02:01.387580 シナリオ走行を終了しました [シナリオ名: ログイン]
[ADMIN] 17:02:01.387593 シナリオ走行を開始しました [シナリオ名: ログイン]
[ADMIN] 17:02:01.390634 シナリオ走行を終了しました [シナリオ名: ログイン]
[ADMIN] 17:02:01.390646 シナリオ走行を開始しました [シナリオ名: ログイン]
[ADMIN] 17:02:01.403507 シナリオ走行を終了しました [シナリオ名: ログイン]
[ADMIN] 17:02:01.403516 シナリオ走行を開始しました [シナリオ名: ログイン]
[ADMIN] 17:02:01.443280 シナリオ走行を終了しました [シナリオ名: ログイン]
[ADMIN] 17:02:01.443293 シナリオ走行を開始しました [シナリオ名: ログイン]
[ADMIN] 17:02:01.446133 シナリオ走行を終了しました [シナリオ名: ログイン]
[ADMIN] 17:02:01.446142 シナリオ走行を開始しました [シナリオ名: ログイン]
[ADMIN] 17:02:01.446946 シナリオ走行を終了しました [シナリオ名: 新規ユーザー登録]
[ADMIN] 17:02:01.479224 シナリオ走行を終了しました [シナリオ名: ログイン]
[ADMIN] 17:02:01.479233 シナリオ走行を開始しました [シナリオ名: ログイン]
[ADMIN] 17:02:01.513861 シナリオ走行を終了しました [シナリオ名: ログイン]
[ADMIN] 17:02:01.513875 シナリオ走行を開始しました [シナリオ名: ログイン]
[ADMIN] 17:02:01.518754 シナリオ走行を終了しました [シナリオ名: ログイン]
[ADMIN] 17:02:01.518764 シナリオ走行を開始しました [シナリオ名: ログイン]
[ADMIN] 17:02:01.526737 シナリオ走行を終了しました [シナリオ名: ログイン]
[ADMIN] 17:02:01.526747 シナリオ走行を開始しました [シナリオ名: ログイン]
[ADMIN] 17:02:01.546332 シナリオ走行を終了しました [シナリオ名: ログイン]
[ADMIN] 17:02:01.546343 シナリオ走行を開始しました [シナリオ名: ログイン]
[ADMIN] 17:02:01.550320 シナリオ走行を終了しました [シナリオ名: ログイン]
[ADMIN] 17:02:01.550331 シナリオ走行を開始しました [シナリオ名: ログイン]
[ADMIN] 17:02:01.557964 シナリオ走行を終了しました [シナリオ名: ログイン]
[ADMIN] 17:02:01.557977 シナリオ走行を開始しました [シナリオ名: ログイン]
[ADMIN] 17:02:01.617312 シナリオ走行を終了しました [シナリオ名: ログイン]
[ADMIN] 17:02:01.617333 シナリオ走行を開始しました [シナリオ名: ログイン]
[ADMIN] 17:02:01.666063 シナリオ走行を終了しました [シナリオ名: ログイン]
[ADMIN] 17:02:01.666079 シナリオ走行を開始しました [シナリオ名: ログイン]
[ADMIN] 17:02:01.666105 シナリオ走行を終了しました [シナリオ名: ログイン]
[ADMIN] 17:02:01.666115 シナリオ走行を開始しました [シナリオ名: ログイン]
[ADMIN] 17:02:01.718564 シナリオ走行を終了しました [シナリオ名: 新規ユーザー登録]
[ADMIN] 17:02:01.720517 シナリオ走行を終了しました [シナリオ名: ログイン]
[ADMIN] 17:02:01.720532 シナリオ走行を開始しました [シナリオ名: ログイン]
[ADMIN] 17:02:01.721880 シナリオ走行を終了しました [シナリオ名: 新規ユーザー登録]
[ADMIN] 17:02:01.751903 シナリオ走行を終了しました [シナリオ名: ログイン]
[ADMIN] 17:02:01.751915 シナリオ走行を開始しました [シナリオ名: ログイン]
[ADMIN] 17:02:01.753940 シナリオ走行を終了しました [シナリオ名: Banユーザログイン]
[ADMIN] 17:02:01.753956 シナリオ走行を開始しました [シナリオ名: Banユーザログイン]
[ADMIN] 17:02:01.769886 シナリオ走行を終了しました [シナリオ名: Banユーザログイン]
[ADMIN] 17:02:01.769899 シナリオ走行を開始しました [シナリオ名: Banユーザログイン]
[ADMIN] 17:02:01.770942 シナリオ走行を終了しました [シナリオ名: Banユーザログイン]
[ADMIN] 17:02:01.770958 シナリオ走行を開始しました [シナリオ名: Banユーザログイン]
[ADMIN] 17:02:01.773136 シナリオ走行を終了しました [シナリオ名: Banユーザログイン]
[ADMIN] 17:02:01.773150 シナリオ走行を開始しました [シナリオ名: Banユーザログイン]
[ADMIN] 17:02:01.795311 シナリオ走行を終了しました [シナリオ名: Banユーザログイン]
[ADMIN] 17:02:01.795330 シナリオ走行を開始しました [シナリオ名: Banユーザログイン]
[ADMIN] 17:02:01.810710 シナリオ走行を終了しました [シナリオ名: ログイン]
[ADMIN] 17:02:01.810726 シナリオ走行を開始しました [シナリオ名: ログイン]
[ADMIN] 17:02:01.832003 シナリオ走行を終了しました [シナリオ名: ログイン]
[ADMIN] 17:02:01.832014 シナリオ走行を開始しました [シナリオ名: ログイン]
[ADMIN] 17:02:01.840123 シナリオ走行を終了しました [シナリオ名: ログイン]
[ADMIN] 17:02:01.840134 シナリオ走行を開始しました [シナリオ名: ログイン]
[ADMIN] 17:02:01.846995 シナリオ走行を終了しました [シナリオ名: Banユーザログイン]
[ADMIN] 17:02:01.847017 シナリオ走行を開始しました [シナリオ名: Banユーザログイン]
[ADMIN] 17:02:01.858480 シナリオ走行を終了しました [シナリオ名: ログイン]
[ADMIN] 17:02:01.858491 シナリオ走行を開始しました [シナリオ名: ログイン]
[ADMIN] 17:02:01.925820 シナリオ走行を終了しました [シナリオ名: 新規ユーザー登録]
[ADMIN] 17:02:01.925859 シナリオ走行を開始しました [シナリオ名: 新規ユーザー登録]
[ADMIN] 17:02:01.925901 シナリオ走行を開始しました [シナリオ名: 新規ユーザー登録]
[ADMIN] 17:02:01.925909 シナリオ走行を開始しました [シナリオ名: 新規ユーザー登録]
[ADMIN] 17:02:01.925950 シナリオ走行を開始しました [シナリオ名: 新規ユーザー登録]
[ADMIN] 17:02:01.926025 シナリオ走行を開始しました [シナリオ名: 新規ユーザー登録]
[ADMIN] 17:02:01.926037 シナリオ走行を開始しました [シナリオ名: 新規ユーザー登録]
[ADMIN] 17:02:01.926039 シナリオ走行を開始しました [シナリオ名: 新規ユーザー登録]
[ADMIN] 17:02:01.926121 シナリオ走行を開始しました [シナリオ名: 新規ユーザー登録]
[ADMIN] 17:02:01.926134 シナリオ走行を開始しました [シナリオ名: 新規ユーザー登録]
[ADMIN] 17:02:01.926031 シナリオ走行を開始しました [シナリオ名: 新規ユーザー登録]
[ADMIN] 17:02:01.926124 シナリオ走行を開始しました [シナリオ名: 新規ユーザー登録]
[ADMIN] 17:02:01.926026 シナリオ走行を開始しました [シナリオ名: 新規ユーザー登録]
[ADMIN] 17:02:01.933606 シナリオ走行を終了しました [シナリオ名: 新規ユーザー登録]
[ADMIN] 17:02:01.933624 シナリオ走行を開始しました [シナリオ名: 新規ユーザー登録]
[ADMIN] 17:02:01.942404 シナリオ走行を終了しました [シナリオ名: 新規ユーザー登録]
[ADMIN] 17:02:01.942427 シナリオ走行を開始しました [シナリオ名: 新規ユーザー登録]
[ADMIN] 17:02:01.942698 シナリオ走行を終了しました [シナリオ名: 新規ユーザー登録]
[ADMIN] 17:02:01.942713 シナリオ走行を開始しました [シナリオ名: 新規ユーザー登録]
[ADMIN] 17:02:01.954164 シナリオ走行を終了しました [シナリオ名: ログイン]
[ADMIN] 17:02:01.954177 シナリオ走行を開始しました [シナリオ名: ログイン]
[ADMIN] 17:02:01.958671 シナリオ走行を終了しました [シナリオ名: ログイン]
[ADMIN] 17:02:01.958684 シナリオ走行を開始しました [シナリオ名: ログイン]
[ADMIN] 17:02:02.010437 シナリオ走行を終了しました [シナリオ名: 新規ユーザー登録]
[ADMIN] 17:02:02.010464 シナリオ走行を開始しました [シナリオ名: 新規ユーザー登録]
[ADMIN] 17:02:02.011786 シナリオ走行を終了しました [シナリオ名: ログイン]
[ADMIN] 17:02:02.011796 シナリオ走行を開始しました [シナリオ名: ログイン]
[ADMIN] 17:02:02.012785 シナリオ走行を終了しました [シナリオ名: 新規ユーザー登録]
[ADMIN] 17:02:02.012802 シナリオ走行を開始しました [シナリオ名: 新規ユーザー登録]
[ADMIN] 17:02:02.047317 シナリオ走行を終了しました [シナリオ名: ログイン]
[ADMIN] 17:02:02.047329 シナリオ走行を開始しました [シナリオ名: ログイン]
[ADMIN] 17:02:02.084462 シナリオ走行を終了しました [シナリオ名: ログイン]
[ADMIN] 17:02:02.084474 シナリオ走行を開始しました [シナリオ名: ログイン]
[ADMIN] 17:02:02.090842 シナリオ走行を終了しました [シナリオ名: 新規ユーザー登録]
[ADMIN] 17:02:02.093244 シナリオ走行を終了しました [シナリオ名: ログイン]
[ADMIN] 17:02:02.093254 シナリオ走行を開始しました [シナリオ名: ログイン]
[ADMIN] 17:02:02.156810 シナリオ走行を終了しました [シナリオ名: 新規ユーザー登録]
[ADMIN] 17:02:02.156834 シナリオ走行を開始しました [シナリオ名: 新規ユーザー登録]
[ADMIN] 17:02:02.156852 シナリオ走行を開始しました [シナリオ名: 新規ユーザー登録]
[ADMIN] 17:02:02.175814 シナリオ走行を終了しました [シナリオ名: 新規ユーザー登録]
[ADMIN] 17:02:02.175840 シナリオ走行を開始しました [シナリオ名: 新規ユーザー登録]
[ADMIN] 17:02:02.206727 シナリオ走行を終了しました [シナリオ名: ログイン]
[ADMIN] 17:02:02.206739 シナリオ走行を開始しました [シナリオ名: ログイン]
[ADMIN] 17:02:02.274856 シナリオ走行を終了しました [シナリオ名: Banユーザログイン]
[ADMIN] 17:02:02.274874 シナリオ走行を開始しました [シナリオ名: Banユーザログイン]
[ADMIN] 17:02:02.284383 シナリオ走行を終了しました [シナリオ名: 新規ユーザー登録]
[ADMIN] 17:02:02.284405 シナリオ走行を開始しました [シナリオ名: 新規ユーザー登録]
[ADMIN] 17:02:02.284950 シナリオ走行を終了しました [シナリオ名: ログイン]
[ADMIN] 17:02:02.284960 シナリオ走行を開始しました [シナリオ名: ログイン]
[ADMIN] 17:02:02.305895 シナリオ走行を終了しました [シナリオ名: ログイン]
[ADMIN] 17:02:02.305906 シナリオ走行を開始しました [シナリオ名: ログイン]
[ADMIN] 17:02:02.308146 シナリオ走行を終了しました [シナリオ名: Banユーザログイン]
[ADMIN] 17:02:02.308158 シナリオ走行を開始しました [シナリオ名: Banユーザログイン]
[ADMIN] 17:02:02.314670 シナリオ走行を終了しました [シナリオ名: Banユーザログイン]
[ADMIN] 17:02:02.314683 シナリオ走行を開始しました [シナリオ名: Banユーザログイン]
[ADMIN] 17:02:02.321510 シナリオ走行を終了しました [シナリオ名: Banユーザログイン]
[ADMIN] 17:02:02.321519 シナリオ走行を開始しました [シナリオ名: Banユーザログイン]
[ADMIN] 17:02:02.321539 シナリオ走行を終了しました [シナリオ名: Banユーザログイン]
[ADMIN] 17:02:02.321548 シナリオ走行を開始しました [シナリオ名: Banユーザログイン]
[ADMIN] 17:02:02.343649 シナリオ走行を終了しました [シナリオ名: ログイン]
[ADMIN] 17:02:02.343658 シナリオ走行を開始しました [シナリオ名: ログイン]
[ADMIN] 17:02:02.346361 シナリオ走行を終了しました [シナリオ名: ログイン]
[ADMIN] 17:02:02.346369 シナリオ走行を開始しました [シナリオ名: ログイン]
[ADMIN] 17:02:02.347178 シナリオ走行を終了しました [シナリオ名: ログイン]
[ADMIN] 17:02:02.347185 シナリオ走行を開始しました [シナリオ名: ログイン]
[ADMIN] 17:02:02.349999 シナリオ走行を終了しました [シナリオ名: Banユーザログイン]
[ADMIN] 17:02:02.350012 シナリオ走行を開始しました [シナリオ名: Banユーザログイン]
[ADMIN] 17:02:02.368447 シナリオ走行を終了しました [シナリオ名: ログイン]
[ADMIN] 17:02:02.368458 シナリオ走行を開始しました [シナリオ名: ログイン]
[ADMIN] 17:02:02.372257 シナリオ走行を終了しました [シナリオ名: ログイン]
[ADMIN] 17:02:02.372268 シナリオ走行を開始しました [シナリオ名: ログイン]
[ADMIN] 17:02:02.393004 シナリオ走行を終了しました [シナリオ名: ログイン]
[ADMIN] 17:02:02.393015 シナリオ走行を開始しました [シナリオ名: ログイン]
[ADMIN] 17:02:02.406766 シナリオ走行を終了しました [シナリオ名: ログイン]
[ADMIN] 17:02:02.406779 シナリオ走行を開始しました [シナリオ名: ログイン]
[ADMIN] 17:02:02.447476 シナリオ走行を終了しました [シナリオ名: ログイン]
[ADMIN] 17:02:02.447488 シナリオ走行を開始しました [シナリオ名: ログイン]
[ADMIN] 17:02:02.450753 シナリオ走行を終了しました [シナリオ名: ログイン]
[ADMIN] 17:02:02.450762 シナリオ走行を開始しました [シナリオ名: ログイン]
[ADMIN] 17:02:02.477267 シナリオ走行を終了しました [シナリオ名: ログイン]
[ADMIN] 17:02:02.477280 シナリオ走行を開始しました [シナリオ名: ログイン]
[ADMIN] 17:02:02.498765 シナリオ走行を終了しました [シナリオ名: ログイン]
[ADMIN] 17:02:02.498775 シナリオ走行を開始しました [シナリオ名: ログイン]
[ADMIN] 17:02:02.562603 シナリオ走行を終了しました [シナリオ名: ログイン]
[ADMIN] 17:02:02.562630 シナリオ走行を開始しました [シナリオ名: ログイン]
[ADMIN] 17:02:02.565730 シナリオ走行を終了しました [シナリオ名: ログイン]
[ADMIN] 17:02:02.565739 シナリオ走行を開始しました [シナリオ名: ログイン]
[ADMIN] 17:02:02.574750 シナリオ走行を終了しました [シナリオ名: ログイン]
[ADMIN] 17:02:02.574761 シナリオ走行を開始しました [シナリオ名: ログイン]
[ADMIN] 17:02:02.602221 シナリオ走行を終了しました [シナリオ名: ログイン]
[ADMIN] 17:02:02.602231 シナリオ走行を開始しました [シナリオ名: ログイン]
[ADMIN] 17:02:02.613347 シナリオ走行を終了しました [シナリオ名: ログイン]
[ADMIN] 17:02:02.613357 シナリオ走行を開始しました [シナリオ名: ログイン]
[ADMIN] 17:02:02.633142 シナリオ走行を終了しました [シナリオ名: ログイン]
[ADMIN] 17:02:02.633152 シナリオ走行を開始しました [シナリオ名: ログイン]
[ADMIN] 17:02:02.707239 シナリオ走行を終了しました [シナリオ名: ログイン]
[ADMIN] 17:02:02.707251 シナリオ走行を開始しました [シナリオ名: ログイン]
[ADMIN] 17:02:02.759136 シナリオ走行を終了しました [シナリオ名: ログイン]
[ADMIN] 17:02:02.759149 シナリオ走行を開始しました [シナリオ名: ログイン]
[ADMIN] 17:02:02.823673 シナリオ走行を終了しました [シナリオ名: Banユーザログイン]
[ADMIN] 17:02:02.823696 シナリオ走行を開始しました [シナリオ名: Banユーザログイン]
[ADMIN] 17:02:02.835624 シナリオ走行を終了しました [シナリオ名: Banユーザログイン]
[ADMIN] 17:02:02.835652 シナリオ走行を開始しました [シナリオ名: Banユーザログイン]
[ADMIN] 17:02:02.845050 シナリオ走行を終了しました [シナリオ名: Banユーザログイン]
[ADMIN] 17:02:02.845063 シナリオ走行を開始しました [シナリオ名: Banユーザログイン]
[ADMIN] 17:02:02.862265 シナリオ走行を終了しました [シナリオ名: Banユーザログイン]
[ADMIN] 17:02:02.862282 シナリオ走行を開始しました [シナリオ名: Banユーザログイン]
[ADMIN] 17:02:02.874928 シナリオ走行を終了しました [シナリオ名: Banユーザログイン]
[ADMIN] 17:02:02.874944 シナリオ走行を開始しました [シナリオ名: Banユーザログイン]
[ADMIN] 17:02:02.879188 シナリオ走行を終了しました [シナリオ名: ログイン]
[ADMIN] 17:02:02.879200 シナリオ走行を開始しました [シナリオ名: ログイン]
[ADMIN] 17:02:02.888471 シナリオ走行を終了しました [シナリオ名: Banユーザログイン]
[ADMIN] 17:02:02.888490 シナリオ走行を開始しました [シナリオ名: Banユーザログイン]
[ADMIN] 17:02:02.892262 シナリオ走行を終了しました [シナリオ名: ログイン]
[ADMIN] 17:02:02.892270 シナリオ走行を開始しました [シナリオ名: ログイン]
[ADMIN] 17:02:02.892764 シナリオ走行を終了しました [シナリオ名: ログイン]
[ADMIN] 17:02:02.892772 シナリオ走行を開始しました [シナリオ名: ログイン]
[ADMIN] 17:02:02.897114 シナリオ走行を終了しました [シナリオ名: ログイン]
[ADMIN] 17:02:02.897121 シナリオ走行を開始しました [シナリオ名: ログイン]
[ADMIN] 17:02:02.929840 シナリオ走行を終了しました [シナリオ名: ログイン]
[ADMIN] 17:02:02.929854 シナリオ走行を開始しました [シナリオ名: ログイン]
[ADMIN] 17:02:02.946132 シナリオ走行を終了しました [シナリオ名: ログイン]
[ADMIN] 17:02:02.946143 シナリオ走行を開始しました [シナリオ名: ログイン]
[ADMIN] 17:02:02.949578 シナリオ走行を終了しました [シナリオ名: ログイン]
[ADMIN] 17:02:02.949589 シナリオ走行を開始しました [シナリオ名: ログイン]
[ADMIN] 17:02:03.014609 シナリオ走行を終了しました [シナリオ名: ログイン]
[ADMIN] 17:02:03.014639 シナリオ走行を開始しました [シナリオ名: ログイン]
[ADMIN] 17:02:03.054692 シナリオ走行を終了しました [シナリオ名: ログイン]
[ADMIN] 17:02:03.054706 シナリオ走行を開始しました [シナリオ名: ログイン]
[ADMIN] 17:02:03.112862 シナリオ走行を終了しました [シナリオ名: ログイン]
[ADMIN] 17:02:03.112882 シナリオ走行を開始しました [シナリオ名: ログイン]
[ADMIN] 17:02:03.143378 シナリオ走行を終了しました [シナリオ名: ログイン]
[ADMIN] 17:02:03.143392 シナリオ走行を開始しました [シナリオ名: ログイン]
[ADMIN] 17:02:03.245757 シナリオ走行を終了しました [シナリオ名: ログイン]
[ADMIN] 17:02:03.245770 シナリオ走行を開始しました [シナリオ名: ログイン]
[ADMIN] 17:02:03.260835 シナリオ走行を終了しました [シナリオ名: ログイン]
[ADMIN] 17:02:03.260845 シナリオ走行を開始しました [シナリオ名: ログイン]
[ADMIN] 17:02:03.270602 シナリオ走行を終了しました [シナリオ名: ログイン]
[ADMIN] 17:02:03.270611 シナリオ走行を開始しました [シナリオ名: ログイン]
[ADMIN] 17:02:03.376014 シナリオ走行を終了しました [シナリオ名: Banユーザログイン]
[ADMIN] 17:02:03.376031 シナリオ走行を開始しました [シナリオ名: Banユーザログイン]
[ADMIN] 17:02:03.383105 シナリオ走行を終了しました [シナリオ名: Banユーザログイン]
[ADMIN] 17:02:03.383122 シナリオ走行を開始しました [シナリオ名: Banユーザログイン]
[ADMIN] 17:02:03.385583 シナリオ走行を終了しました [シナリオ名: Banユーザログイン]
[ADMIN] 17:02:03.385596 シナリオ走行を開始しました [シナリオ名: Banユーザログイン]
[ADMIN] 17:02:03.421373 シナリオ走行を終了しました [シナリオ名: Banユーザログイン]
[ADMIN] 17:02:03.421388 シナリオ走行を開始しました [シナリオ名: Banユーザログイン]
[ADMIN] 17:02:03.422433 シナリオ走行を終了しました [シナリオ名: Banユーザログイン]
[ADMIN] 17:02:03.422442 シナリオ走行を開始しました [シナリオ名: Banユーザログイン]
[ADMIN] 17:02:03.453864 シナリオ走行を終了しました [シナリオ名: ログイン]
[ADMIN] 17:02:03.453875 シナリオ走行を開始しました [シナリオ名: ログイン]
[ADMIN] 17:02:03.459961 シナリオ走行を終了しました [シナリオ名: Banユーザログイン]
[ADMIN] 17:02:03.459969 シナリオ走行を開始しました [シナリオ名: Banユーザログイン]
[ADMIN] 17:02:03.512476 シナリオ走行を終了しました [シナリオ名: ログイン]
[ADMIN] 17:02:03.512490 シナリオ走行を開始しました [シナリオ名: ログイン]
[ADMIN] 17:02:03.518949 シナリオ走行を終了しました [シナリオ名: ログイン]
[ADMIN] 17:02:03.518959 シナリオ走行を開始しました [シナリオ名: ログイン]
[ADMIN] 17:02:03.587835 シナリオ走行を終了しました [シナリオ名: ログイン]
[ADMIN] 17:02:03.587848 シナリオ走行を開始しました [シナリオ名: ログイン]
[ADMIN] 17:02:03.617111 シナリオ走行を終了しました [シナリオ名: ログイン]
[ADMIN] 17:02:03.617130 シナリオ走行を開始しました [シナリオ名: ログイン]
[ADMIN] 17:02:03.637806 シナリオ走行を終了しました [シナリオ名: ログイン]
[ADMIN] 17:02:03.637820 シナリオ走行を開始しました [シナリオ名: ログイン]
[ADMIN] 17:02:03.657341 シナリオ走行を終了しました [シナリオ名: ログイン]
[ADMIN] 17:02:03.657353 シナリオ走行を開始しました [シナリオ名: ログイン]
[ADMIN] 17:02:03.690535 シナリオ走行を終了しました [シナリオ名: ログイン]
[ADMIN] 17:02:03.690548 シナリオ走行を開始しました [シナリオ名: ログイン]
[ADMIN] 17:02:03.698198 シナリオ走行を終了しました [シナリオ名: ログイン]
[ADMIN] 17:02:03.698210 シナリオ走行を開始しました [シナリオ名: ログイン]
[ADMIN] 17:02:03.747438 シナリオ走行を終了しました [シナリオ名: ログイン]
[ADMIN] 17:02:03.747452 シナリオ走行を開始しました [シナリオ名: ログイン]
[ADMIN] 17:02:03.781790 シナリオ走行を終了しました [シナリオ名: ログイン]
[ADMIN] 17:02:03.781803 シナリオ走行を開始しました [シナリオ名: ログイン]
[ADMIN] 17:02:03.808575 シナリオ走行を終了しました [シナリオ名: ログイン]
[ADMIN] 17:02:03.808589 シナリオ走行を開始しました [シナリオ名: ログイン]
[ADMIN] 17:02:03.811311 シナリオ走行を終了しました [シナリオ名: ログイン]
[ADMIN] 17:02:03.811325 シナリオ走行を開始しました [シナリオ名: ログイン]
[ADMIN] 17:02:03.814918 シナリオ走行を終了しました [シナリオ名: ログイン]
[ADMIN] 17:02:03.814932 シナリオ走行を開始しました [シナリオ名: ログイン]
[ADMIN] 17:02:03.880796 シナリオ走行を終了しました [シナリオ名: 新規ユーザー登録]
[ADMIN] 17:02:03.880827 シナリオ走行を開始しました [シナリオ名: 新規ユーザー登録]
[ADMIN] 17:02:03.903159 シナリオ走行を終了しました [シナリオ名: ログイン]
[ADMIN] 17:02:03.903175 シナリオ走行を開始しました [シナリオ名: ログイン]
[ADMIN] 17:02:03.928073 シナリオ走行を終了しました [シナリオ名: Banユーザログイン]
[ADMIN] 17:02:03.928093 シナリオ走行を開始しました [シナリオ名: Banユーザログイン]
[ADMIN] 17:02:03.932811 シナリオ走行を終了しました [シナリオ名: Banユーザログイン]
[ADMIN] 17:02:03.932826 シナリオ走行を開始しました [シナリオ名: Banユーザログイン]
[ADMIN] 17:02:03.948253 シナリオ走行を終了しました [シナリオ名: 新規ユーザー登録]
[ADMIN] 17:02:03.948278 シナリオ走行を開始しました [シナリオ名: 新規ユーザー登録]
[ADMIN] 17:02:03.949887 シナリオ走行を終了しました [シナリオ名: ログイン]
[ADMIN] 17:02:03.949899 シナリオ走行を開始しました [シナリオ名: ログイン]
[ADMIN] 17:02:03.953820 シナリオ走行を終了しました [シナリオ名: Banユーザログイン]
[ADMIN] 17:02:03.953836 シナリオ走行を開始しました [シナリオ名: Banユーザログイン]
[ADMIN] 17:02:03.955235 シナリオ走行を終了しました [シナリオ名: Banユーザログイン]
[ADMIN] 17:02:03.955248 シナリオ走行を開始しました [シナリオ名: Banユーザログイン]
[ADMIN] 17:02:03.962099 シナリオ走行を終了しました [シナリオ名: Banユーザログイン]
[ADMIN] 17:02:03.962116 シナリオ走行を開始しました [シナリオ名: Banユーザログイン]
[ADMIN] 17:02:03.971197 シナリオ走行を終了しました [シナリオ名: ログイン]
[ADMIN] 17:02:03.971206 シナリオ走行を開始しました [シナリオ名: ログイン]
[ADMIN] 17:02:03.982005 シナリオ走行を終了しました [シナリオ名: 新規ユーザー登録]
[ADMIN] 17:02:03.982022 シナリオ走行を開始しました [シナリオ名: 新規ユーザー登録]
[ADMIN] 17:02:03.989539 シナリオ走行を終了しました [シナリオ名: Banユーザログイン]
[ADMIN] 17:02:03.989554 シナリオ走行を開始しました [シナリオ名: Banユーザログイン]
[ADMIN] 17:02:04.007051 シナリオ走行を終了しました [シナリオ名: 新規ユーザー登録]
[ADMIN] 17:02:04.007096 シナリオ走行を開始しました [シナリオ名: 新規ユーザー登録]
[ADMIN] 17:02:04.011472 シナリオ走行を終了しました [シナリオ名: 新規ユーザー登録]
[ADMIN] 17:02:04.011487 シナリオ走行を開始しました [シナリオ名: 新規ユーザー登録]
[ADMIN] 17:02:04.015502 シナリオ走行を終了しました [シナリオ名: 新規ユーザー登録]
[ADMIN] 17:02:04.015520 シナリオ走行を開始しました [シナリオ名: 新規ユーザー登録]
[ADMIN] 17:02:04.027243 シナリオ走行を終了しました [シナリオ名: 新規ユーザー登録]
[ADMIN] 17:02:04.027258 シナリオ走行を開始しました [シナリオ名: 新規ユーザー登録]
[ADMIN] 17:02:04.038281 シナリオ走行を終了しました [シナリオ名: 新規ユーザー登録]
[ADMIN] 17:02:04.038310 シナリオ走行を開始しました [シナリオ名: 新規ユーザー登録]
[ADMIN] 17:02:04.055093 シナリオ走行を終了しました [シナリオ名: ログイン]
[ADMIN] 17:02:04.055105 シナリオ走行を開始しました [シナリオ名: ログイン]
[ADMIN] 17:02:04.065285 シナリオ走行を終了しました [シナリオ名: 新規ユーザー登録]
[ADMIN] 17:02:04.065303 シナリオ走行を開始しました [シナリオ名: 新規ユーザー登録]
[ADMIN] 17:02:04.078085 シナリオ走行を終了しました [シナリオ名: 新規ユーザー登録]
[ADMIN] 17:02:04.078102 シナリオ走行を開始しました [シナリオ名: 新規ユーザー登録]
[ADMIN] 17:02:04.078389 シナリオ走行を終了しました [シナリオ名: ログイン]
[ADMIN] 17:02:04.078398 シナリオ走行を開始しました [シナリオ名: ログイン]
[ADMIN] 17:02:04.091891 シナリオ走行を終了しました [シナリオ名: ログイン]
[ADMIN] 17:02:04.091900 シナリオ走行を開始しました [シナリオ名: ログイン]
[ADMIN] 17:02:04.093835 シナリオ走行を終了しました [シナリオ名: ログイン]
[ADMIN] 17:02:04.093843 シナリオ走行を開始しました [シナリオ名: ログイン]
[ADMIN] 17:02:04.103400 シナリオ走行を終了しました [シナリオ名: 新規ユーザー登録]
[ADMIN] 17:02:04.103415 シナリオ走行を開始しました [シナリオ名: 新規ユーザー登録]
[ADMIN] 17:02:04.115188 シナリオ走行を終了しました [シナリオ名: ログイン]
[ADMIN] 17:02:04.115196 シナリオ走行を開始しました [シナリオ名: ログイン]
[ADMIN] 17:02:04.203082 シナリオ走行を終了しました [シナリオ名: 新規ユーザー登録]
[ADMIN] 17:02:04.203105 シナリオ走行を開始しました [シナリオ名: 新規ユーザー登録]
[ADMIN] 17:02:04.220848 シナリオ走行を終了しました [シナリオ名: ログイン]
[ADMIN] 17:02:04.220859 シナリオ走行を開始しました [シナリオ名: ログイン]
[ADMIN] 17:02:04.252613 シナリオ走行を終了しました [シナリオ名: ログイン]
[ADMIN] 17:02:04.252626 シナリオ走行を開始しました [シナリオ名: ログイン]
[ADMIN] 17:02:04.273539 シナリオ走行を終了しました [シナリオ名: 新規ユーザー登録]
[ADMIN] 17:02:04.273563 シナリオ走行を開始しました [シナリオ名: 新規ユーザー登録]
[ADMIN] 17:02:04.284619 シナリオ走行を終了しました [シナリオ名: 新規ユーザー登録]
[ADMIN] 17:02:04.284637 シナリオ走行を開始しました [シナリオ名: 新規ユーザー登録]
[ADMIN] 17:02:04.285027 シナリオ走行を終了しました [シナリオ名: ログイン]
[ADMIN] 17:02:04.285039 シナリオ走行を開始しました [シナリオ名: ログイン]
[ADMIN] 17:02:04.293033 シナリオ走行を終了しました [シナリオ名: 新規ユーザー登録]
[ADMIN] 17:02:04.293050 シナリオ走行を開始しました [シナリオ名: 新規ユーザー登録]
[ADMIN] 17:02:04.297201 シナリオ走行を終了しました [シナリオ名: ログイン]
[ADMIN] 17:02:04.297210 シナリオ走行を開始しました [シナリオ名: ログイン]
[ADMIN] 17:02:04.297614 シナリオ走行を終了しました [シナリオ名: ログイン]
[ADMIN] 17:02:04.297622 シナリオ走行を開始しました [シナリオ名: ログイン]
[ADMIN] 17:02:04.301777 シナリオ走行を終了しました [シナリオ名: 新規ユーザー登録]
[ADMIN] 17:02:04.301792 シナリオ走行を開始しました [シナリオ名: 新規ユーザー登録]
[ADMIN] 17:02:04.330167 シナリオ走行を終了しました [シナリオ名: ログイン]
[ADMIN] 17:02:04.330176 シナリオ走行を開始しました [シナリオ名: ログイン]
[ADMIN] 17:02:04.349500 シナリオ走行を終了しました [シナリオ名: ログイン]
[ADMIN] 17:02:04.349510 シナリオ走行を開始しました [シナリオ名: ログイン]
[ADMIN] 17:02:04.350520 シナリオ走行を終了しました [シナリオ名: 新規ユーザー登録]
[ADMIN] 17:02:04.350540 シナリオ走行を開始しました [シナリオ名: 新規ユーザー登録]
[ADMIN] 17:02:04.363673 シナリオ走行を終了しました [シナリオ名: 新規ユーザー登録]
[ADMIN] 17:02:04.363695 シナリオ走行を開始しました [シナリオ名: 新規ユーザー登録]
[ADMIN] 17:02:04.368345 シナリオ走行を終了しました [シナリオ名: ログイン]
[ADMIN] 17:02:04.368355 シナリオ走行を開始しました [シナリオ名: ログイン]
[ADMIN] 17:02:04.382787 シナリオ走行を終了しました [シナリオ名: ログイン]
[ADMIN] 17:02:04.382799 シナリオ走行を開始しました [シナリオ名: ログイン]
[ADMIN] 17:02:04.384570 シナリオ走行を終了しました [シナリオ名: ログイン]
[ADMIN] 17:02:04.384580 シナリオ走行を開始しました [シナリオ名: ログイン]
[ADMIN] 17:02:04.466238 シナリオ走行を終了しました [シナリオ名: 新規ユーザー登録]
[ADMIN] 17:02:04.466268 シナリオ走行を開始しました [シナリオ名: 新規ユーザー登録]
[ADMIN] 17:02:04.467699 シナリオ走行を終了しました [シナリオ名: Banユーザログイン]
[ADMIN] 17:02:04.467706 シナリオ走行を終了しました [シナリオ名: Banユーザログイン]
[ADMIN] 17:02:04.467709 シナリオ走行を開始しました [シナリオ名: Banユーザログイン]
[ADMIN] 17:02:04.467712 シナリオ走行を開始しました [シナリオ名: Banユーザログイン]
[ADMIN] 17:02:04.481923 シナリオ走行を終了しました [シナリオ名: Banユーザログイン]
[ADMIN] 17:02:04.481934 シナリオ走行を開始しました [シナリオ名: Banユーザログイン]
[ADMIN] 17:02:04.482535 シナリオ走行を終了しました [シナリオ名: ログイン]
[ADMIN] 17:02:04.482545 シナリオ走行を開始しました [シナリオ名: ログイン]
[ADMIN] 17:02:04.483820 シナリオ走行を終了しました [シナリオ名: ログイン]
[ADMIN] 17:02:04.483828 シナリオ走行を開始しました [シナリオ名: ログイン]
[ADMIN] 17:02:04.486211 シナリオ走行を終了しました [シナリオ名: ログイン]
[ADMIN] 17:02:04.486220 シナリオ走行を開始しました [シナリオ名: ログイン]
[ADMIN] 17:02:04.489088 シナリオ走行を終了しました [シナリオ名: ログイン]
[ADMIN] 17:02:04.489098 シナリオ走行を開始しました [シナリオ名: ログイン]
[ADMIN] 17:02:04.491610 シナリオ走行を終了しました [シナリオ名: Banユーザログイン]
[ADMIN] 17:02:04.491626 シナリオ走行を開始しました [シナリオ名: Banユーザログイン]
[ADMIN] 17:02:04.492640 シナリオ走行を終了しました [シナリオ名: ログイン]
[ADMIN] 17:02:04.492647 シナリオ走行を開始しました [シナリオ名: ログイン]
[ADMIN] 17:02:04.501377 シナリオ走行を終了しました [シナリオ名: Banユーザログイン]
[ADMIN] 17:02:04.501391 シナリオ走行を開始しました [シナリオ名: Banユーザログイン]
[ADMIN] 17:02:04.541451 シナリオ走行を終了しました [シナリオ名: Banユーザログイン]
[ADMIN] 17:02:04.541475 シナリオ走行を開始しました [シナリオ名: Banユーザログイン]
[ADMIN] 17:02:04.563554 シナリオ走行を終了しました [シナリオ名: 新規ユーザー登録]
[ADMIN] 17:02:04.563583 シナリオ走行を開始しました [シナリオ名: 新規ユーザー登録]
[ADMIN] 17:02:04.577757 シナリオ走行を終了しました [シナリオ名: ログイン]
[ADMIN] 17:02:04.577771 シナリオ走行を開始しました [シナリオ名: ログイン]
[ADMIN] 17:02:04.605901 シナリオ走行を終了しました [シナリオ名: 新規ユーザー登録]
[ADMIN] 17:02:04.605937 シナリオ走行を開始しました [シナリオ名: 新規ユーザー登録]
[ADMIN] 17:02:04.625371 シナリオ走行を終了しました [シナリオ名: ログイン]
[ADMIN] 17:02:04.625384 シナリオ走行を開始しました [シナリオ名: ログイン]
[ADMIN] 17:02:04.634415 シナリオ走行を終了しました [シナリオ名: ログイン]
[ADMIN] 17:02:04.634429 シナリオ走行を開始しました [シナリオ名: ログイン]
[ADMIN] 17:02:04.661252 シナリオ走行を終了しました [シナリオ名: ログイン]
[ADMIN] 17:02:04.661268 シナリオ走行を開始しました [シナリオ名: ログイン]
[ADMIN] 17:02:04.670988 シナリオ走行を終了しました [シナリオ名: ログイン]
[ADMIN] 17:02:04.670998 シナリオ走行を開始しました [シナリオ名: ログイン]
[ADMIN] 17:02:04.708965 シナリオ走行を終了しました [シナリオ名: ログイン]
[ADMIN] 17:02:04.708977 シナリオ走行を開始しました [シナリオ名: ログイン]
[ADMIN] 17:02:04.755853 シナリオ走行を終了しました [シナリオ名: ログイン]
[ADMIN] 17:02:04.755869 シナリオ走行を開始しました [シナリオ名: ログイン]
[ADMIN] 17:02:04.838809 シナリオ走行を終了しました [シナリオ名: ログイン]
[ADMIN] 17:02:04.838830 シナリオ走行を開始しました [シナリオ名: ログイン]
[ADMIN] 17:02:04.967366 シナリオ走行を終了しました [シナリオ名: ログイン]
[ADMIN] 17:02:04.967379 シナリオ走行を開始しました [シナリオ名: ログイン]
[ADMIN] 17:02:04.968716 シナリオ走行を終了しました [シナリオ名: ログイン]
[ADMIN] 17:02:04.968725 シナリオ走行を開始しました [シナリオ名: ログイン]
[ADMIN] 17:02:04.988592 シナリオ走行を終了しました [シナリオ名: Banユーザログイン]
[ADMIN] 17:02:04.988609 シナリオ走行を開始しました [シナリオ名: Banユーザログイン]
[ADMIN] 17:02:05.010223 シナリオ走行を終了しました [シナリオ名: ログイン]
[ADMIN] 17:02:05.010237 シナリオ走行を開始しました [シナリオ名: ログイン]
[ADMIN] 17:02:05.013479 シナリオ走行を終了しました [シナリオ名: ログイン]
[ADMIN] 17:02:05.013490 シナリオ走行を開始しました [シナリオ名: ログイン]
[ADMIN] 17:02:05.015949 シナリオ走行を終了しました [シナリオ名: Banユーザログイン]
[ADMIN] 17:02:05.015960 シナリオ走行を開始しました [シナリオ名: Banユーザログイン]
[ADMIN] 17:02:05.025228 シナリオ走行を終了しました [シナリオ名: Banユーザログイン]
[ADMIN] 17:02:05.025245 シナリオ走行を開始しました [シナリオ名: Banユーザログイン]
[ADMIN] 17:02:05.047412 シナリオ走行を終了しました [シナリオ名: Banユーザログイン]
[ADMIN] 17:02:05.047430 シナリオ走行を開始しました [シナリオ名: Banユーザログイン]
[ADMIN] 17:02:05.050471 シナリオ走行を終了しました [シナリオ名: Banユーザログイン]
[ADMIN] 17:02:05.050485 シナリオ走行を開始しました [シナリオ名: Banユーザログイン]
[ADMIN] 17:02:05.072645 シナリオ走行を終了しました [シナリオ名: ログイン]
[ADMIN] 17:02:05.072658 シナリオ走行を開始しました [シナリオ名: ログイン]
[ADMIN] 17:02:05.081051 シナリオ走行を終了しました [シナリオ名: ログイン]
[ADMIN] 17:02:05.081061 シナリオ走行を開始しました [シナリオ名: ログイン]
[ADMIN] 17:02:05.085675 シナリオ走行を終了しました [シナリオ名: ログイン]
[ADMIN] 17:02:05.085686 シナリオ走行を開始しました [シナリオ名: ログイン]
[ADMIN] 17:02:05.108152 シナリオ走行を終了しました [シナリオ名: Banユーザログイン]
[ADMIN] 17:02:05.108165 シナリオ走行を開始しました [シナリオ名: Banユーザログイン]
[ADMIN] 17:02:05.143019 シナリオ走行を終了しました [シナリオ名: ログイン]
[ADMIN] 17:02:05.143036 シナリオ走行を開始しました [シナリオ名: ログイン]
[ADMIN] 17:02:05.143220 シナリオ走行を終了しました [シナリオ名: ログイン]
[ADMIN] 17:02:05.143231 シナリオ走行を開始しました [シナリオ名: ログイン]
[ADMIN] 17:02:05.203852 シナリオ走行を終了しました [シナリオ名: ログイン]
[ADMIN] 17:02:05.203869 シナリオ走行を開始しました [シナリオ名: ログイン]
[ADMIN] 17:02:05.204314 シナリオ走行を終了しました [シナリオ名: ログイン]
[ADMIN] 17:02:05.204330 シナリオ走行を開始しました [シナリオ名: ログイン]
[ADMIN] 17:02:05.208135 シナリオ走行を終了しました [シナリオ名: ログイン]
[ADMIN] 17:02:05.208145 シナリオ走行を開始しました [シナリオ名: ログイン]
[ADMIN] 17:02:05.251445 シナリオ走行を終了しました [シナリオ名: ログイン]
[ADMIN] 17:02:05.251457 シナリオ走行を開始しました [シナリオ名: ログイン]
[ADMIN] 17:02:05.279068 シナリオ走行を終了しました [シナリオ名: ログイン]
[ADMIN] 17:02:05.279080 シナリオ走行を開始しました [シナリオ名: ログイン]
[ADMIN] 17:02:05.361660 シナリオ走行を終了しました [シナリオ名: ログイン]
[ADMIN] 17:02:05.361673 シナリオ走行を開始しました [シナリオ名: ログイン]
[ADMIN] 17:02:05.405026 シナリオ走行を終了しました [シナリオ名: ログイン]
[ADMIN] 17:02:05.405039 シナリオ走行を開始しました [シナリオ名: ログイン]
[ADMIN] 17:02:05.424643 シナリオ走行を終了しました [シナリオ名: ログイン]
[ADMIN] 17:02:05.424655 シナリオ走行を開始しました [シナリオ名: ログイン]
[ADMIN] 17:02:05.427399 シナリオ走行を終了しました [シナリオ名: ログイン]
[ADMIN] 17:02:05.427411 シナリオ走行を開始しました [シナリオ名: ログイン]
[ADMIN] 17:02:05.470664 シナリオ走行を終了しました [シナリオ名: ログイン]
[ADMIN] 17:02:05.470681 シナリオ走行を開始しました [シナリオ名: ログイン]
[ADMIN] 17:02:05.476968 シナリオ走行を終了しました [シナリオ名: ログイン]
[ADMIN] 17:02:05.476979 シナリオ走行を開始しました [シナリオ名: ログイン]
[ADMIN] 17:02:05.496061 シナリオ走行を終了しました [シナリオ名: ログイン]
[ADMIN] 17:02:05.496073 シナリオ走行を開始しました [シナリオ名: ログイン]
[ADMIN] 17:02:05.520473 シナリオ走行を終了しました [シナリオ名: ログイン]
[ADMIN] 17:02:05.520486 シナリオ走行を開始しました [シナリオ名: ログイン]
[ADMIN] 17:02:05.534393 シナリオ走行を終了しました [シナリオ名: Banユーザログイン]
[ADMIN] 17:02:05.534410 シナリオ走行を開始しました [シナリオ名: Banユーザログイン]
[ADMIN] 17:02:05.534510 シナリオ走行を終了しました [シナリオ名: Banユーザログイン]
[ADMIN] 17:02:05.534556 シナリオ走行を開始しました [シナリオ名: Banユーザログイン]
[ADMIN] 17:02:05.568204 シナリオ走行を終了しました [シナリオ名: Banユーザログイン]
[ADMIN] 17:02:05.568228 シナリオ走行を開始しました [シナリオ名: Banユーザログイン]
[ADMIN] 17:02:05.574902 シナリオ走行を終了しました [シナリオ名: ログイン]
[ADMIN] 17:02:05.574912 シナリオ走行を開始しました [シナリオ名: ログイン]
[ADMIN] 17:02:05.577281 シナリオ走行を終了しました [シナリオ名: ログイン]
[ADMIN] 17:02:05.577291 シナリオ走行を開始しました [シナリオ名: ログイン]
[ADMIN] 17:02:05.583557 シナリオ走行を終了しました [シナリオ名: ログイン]
[ADMIN] 17:02:05.583566 シナリオ走行を開始しました [シナリオ名: ログイン]
[ADMIN] 17:02:05.588095 シナリオ走行を終了しました [シナリオ名: Banユーザログイン]
[ADMIN] 17:02:05.588110 シナリオ走行を開始しました [シナリオ名: Banユーザログイン]
[ADMIN] 17:02:05.590807 シナリオ走行を終了しました [シナリオ名: Banユーザログイン]
[ADMIN] 17:02:05.590817 シナリオ走行を開始しました [シナリオ名: Banユーザログイン]
[ADMIN] 17:02:05.590895 シナリオ走行を終了しました [シナリオ名: ログイン]
[ADMIN] 17:02:05.590907 シナリオ走行を開始しました [シナリオ名: ログイン]
[ADMIN] 17:02:05.629988 シナリオ走行を終了しました [シナリオ名: ログイン]
[ADMIN] 17:02:05.630002 シナリオ走行を開始しました [シナリオ名: ログイン]
[ADMIN] 17:02:05.656051 シナリオ走行を終了しました [シナリオ名: Banユーザログイン]
[ADMIN] 17:02:05.656072 シナリオ走行を開始しました [シナリオ名: Banユーザログイン]
[ADMIN] 17:02:05.656746 シナリオ走行を終了しました [シナリオ名: ログイン]
[ADMIN] 17:02:05.656756 シナリオ走行を開始しました [シナリオ名: ログイン]
[ADMIN] 17:02:05.718840 シナリオ走行を終了しました [シナリオ名: ログイン]
[ADMIN] 17:02:05.718854 シナリオ走行を開始しました [シナリオ名: ログイン]
[ADMIN] 17:02:05.728917 シナリオ走行を終了しました [シナリオ名: ログイン]
[ADMIN] 17:02:05.728928 シナリオ走行を開始しました [シナリオ名: ログイン]
[ADMIN] 17:02:05.775763 シナリオ走行を終了しました [シナリオ名: ログイン]
[ADMIN] 17:02:05.775776 シナリオ走行を開始しました [シナリオ名: ログイン]
[ADMIN] 17:02:05.786852 シナリオ走行を終了しました [シナリオ名: ログイン]
[ADMIN] 17:02:05.786862 シナリオ走行を開始しました [シナリオ名: ログイン]
[ADMIN] 17:02:05.852410 シナリオ走行を終了しました [シナリオ名: 新規ユーザー登録]
[ADMIN] 17:02:05.852438 シナリオ走行を開始しました [シナリオ名: 新規ユーザー登録]
[ADMIN] 17:02:05.862950 シナリオ走行を終了しました [シナリオ名: ログイン]
[ADMIN] 17:02:05.862962 シナリオ走行を開始しました [シナリオ名: ログイン]
[ADMIN] 17:02:05.863913 シナリオ走行を終了しました [シナリオ名: 新規ユーザー登録]
[ADMIN] 17:02:05.863929 シナリオ走行を開始しました [シナリオ名: 新規ユーザー登録]
[ADMIN] 17:02:05.875802 シナリオ走行を終了しました [シナリオ名: ログイン]
[ADMIN] 17:02:05.875813 シナリオ走行を開始しました [シナリオ名: ログイン]
[ADMIN] 17:02:05.929057 シナリオ走行を終了しました [シナリオ名: 新規ユーザー登録]
[ADMIN] 17:02:05.929084 シナリオ走行を開始しました [シナリオ名: 新規ユーザー登録]
[ADMIN] 17:02:05.986442 シナリオ走行を終了しました [シナリオ名: 新規ユーザー登録]
[ADMIN] 17:02:05.986470 シナリオ走行を開始しました [シナリオ名: 新規ユーザー登録]
[ADMIN] 17:02:05.991283 シナリオ走行を終了しました [シナリオ名: ログイン]
[ADMIN] 17:02:05.991292 シナリオ走行を開始しました [シナリオ名: ログイン]
[ADMIN] 17:02:05.993126 シナリオ走行を終了しました [シナリオ名: ログイン]
[ADMIN] 17:02:05.993136 シナリオ走行を開始しました [シナリオ名: ログイン]
[ADMIN] 17:02:06.000011 シナリオ走行を終了しました [シナリオ名: 新規ユーザー登録]
[ADMIN] 17:02:06.000030 シナリオ走行を開始しました [シナリオ名: 新規ユーザー登録]
[ADMIN] 17:02:06.007024 シナリオ走行を終了しました [シナリオ名: ログイン]
[ADMIN] 17:02:06.007034 シナリオ走行を開始しました [シナリオ名: ログイン]
[ADMIN] 17:02:06.009612 シナリオ走行を終了しました [シナリオ名: ログイン]
[ADMIN] 17:02:06.009622 シナリオ走行を開始しました [シナリオ名: ログイン]
[ADMIN] 17:02:06.018519 シナリオ走行を終了しました [シナリオ名: ログイン]
[ADMIN] 17:02:06.018529 シナリオ走行を開始しました [シナリオ名: ログイン]
[ADMIN] 17:02:06.029692 シナリオ走行を終了しました [シナリオ名: 新規ユーザー登録]
[ADMIN] 17:02:06.029710 シナリオ走行を開始しました [シナリオ名: 新規ユーザー登録]
[ADMIN] 17:02:06.040462 シナリオ走行を終了しました [シナリオ名: ログイン]
[ADMIN] 17:02:06.040472 シナリオ走行を開始しました [シナリオ名: ログイン]
[ADMIN] 17:02:06.041269 シナリオ走行を終了しました [シナリオ名: 新規ユーザー登録]
[ADMIN] 17:02:06.041284 シナリオ走行を開始しました [シナリオ名: 新規ユーザー登録]
[ADMIN] 17:02:06.043545 シナリオ走行を終了しました [シナリオ名: ログイン]
[ADMIN] 17:02:06.043560 シナリオ走行を開始しました [シナリオ名: ログイン]
[ADMIN] 17:02:06.054705 シナリオ走行を終了しました [シナリオ名: Banユーザログイン]
[ADMIN] 17:02:06.054719 シナリオ走行を開始しました [シナリオ名: Banユーザログイン]
[ADMIN] 17:02:06.072478 シナリオ走行を終了しました [シナリオ名: Banユーザログイン]
[ADMIN] 17:02:06.072496 シナリオ走行を開始しました [シナリオ名: Banユーザログイン]
[ADMIN] 17:02:06.089573 シナリオ走行を終了しました [シナリオ名: ログイン]
[ADMIN] 17:02:06.089587 シナリオ走行を開始しました [シナリオ名: ログイン]
[ADMIN] 17:02:06.099034 シナリオ走行を終了しました [シナリオ名: ログイン]
[ADMIN] 17:02:06.099045 シナリオ走行を開始しました [シナリオ名: ログイン]
[ADMIN] 17:02:06.103206 シナリオ走行を終了しました [シナリオ名: ログイン]
[ADMIN] 17:02:06.103219 シナリオ走行を開始しました [シナリオ名: ログイン]
[ADMIN] 17:02:06.109649 シナリオ走行を終了しました [シナリオ名: Banユーザログイン]
[ADMIN] 17:02:06.109664 シナリオ走行を開始しました [シナリオ名: Banユーザログイン]
[ADMIN] 17:02:06.118590 シナリオ走行を終了しました [シナリオ名: Banユーザログイン]
[ADMIN] 17:02:06.118609 シナリオ走行を開始しました [シナリオ名: Banユーザログイン]
[ADMIN] 17:02:06.118682 シナリオ走行を終了しました [シナリオ名: ログイン]
[ADMIN] 17:02:06.118691 シナリオ走行を開始しました [シナリオ名: ログイン]
[ADMIN] 17:02:06.131927 シナリオ走行を終了しました [シナリオ名: Banユーザログイン]
[ADMIN] 17:02:06.131943 シナリオ走行を開始しました [シナリオ名: Banユーザログイン]
[ADMIN] 17:02:06.153030 シナリオ走行を終了しました [シナリオ名: ログイン]
[ADMIN] 17:02:06.153040 シナリオ走行を開始しました [シナリオ名: ログイン]
[ADMIN] 17:02:06.169598 シナリオ走行を終了しました [シナリオ名: 新規ユーザー登録]
[ADMIN] 17:02:06.169618 シナリオ走行を開始しました [シナリオ名: 新規ユーザー登録]
[ADMIN] 17:02:06.170110 シナリオ走行を終了しました [シナリオ名: ログイン]
[ADMIN] 17:02:06.170118 シナリオ走行を開始しました [シナリオ名: ログイン]
[ADMIN] 17:02:06.193126 シナリオ走行を終了しました [シナリオ名: 新規ユーザー登録]
[ADMIN] 17:02:06.193144 シナリオ走行を開始しました [シナリオ名: 新規ユーザー登録]
[ADMIN] 17:02:06.194600 シナリオ走行を終了しました [シナリオ名: Banユーザログイン]
[ADMIN] 17:02:06.194612 シナリオ走行を開始しました [シナリオ名: Banユーザログイン]
[ADMIN] 17:02:06.194762 シナリオ走行を終了しました [シナリオ名: ログイン]
[ADMIN] 17:02:06.194771 シナリオ走行を開始しました [シナリオ名: ログイン]
[ADMIN] 17:02:06.195475 シナリオ走行を終了しました [シナリオ名: 新規ユーザー登録]
[ADMIN] 17:02:06.195500 シナリオ走行を開始しました [シナリオ名: 新規ユーザー登録]
[ADMIN] 17:02:06.233665 シナリオ走行を終了しました [シナリオ名: 新規ユーザー登録]
[ADMIN] 17:02:06.233682 シナリオ走行を開始しました [シナリオ名: 新規ユーザー登録]
[ADMIN] 17:02:06.282671 シナリオ走行を終了しました [シナリオ名: 新規ユーザー登録]
[ADMIN] 17:02:06.282697 シナリオ走行を開始しました [シナリオ名: 新規ユーザー登録]
[ADMIN] 17:02:06.297112 シナリオ走行を終了しました [シナリオ名: 新規ユーザー登録]
[ADMIN] 17:02:06.297137 シナリオ走行を開始しました [シナリオ名: 新規ユーザー登録]
[ADMIN] 17:02:06.313482 シナリオ走行を終了しました [シナリオ名: ログイン]
[ADMIN] 17:02:06.313497 シナリオ走行を開始しました [シナリオ名: ログイン]
[ADMIN] 17:02:06.320590 シナリオ走行を終了しました [シナリオ名: ログイン]
[ADMIN] 17:02:06.320601 シナリオ走行を開始しました [シナリオ名: ログイン]
[ADMIN] 17:02:06.351371 シナリオ走行を終了しました [シナリオ名: ログイン]
[ADMIN] 17:02:06.351382 シナリオ走行を開始しました [シナリオ名: ログイン]
[ADMIN] 17:02:06.352893 シナリオ走行を終了しました [シナリオ名: ログイン]
[ADMIN] 17:02:06.352903 シナリオ走行を開始しました [シナリオ名: ログイン]
[ADMIN] 17:02:06.372036 シナリオ走行を終了しました [シナリオ名: 新規ユーザー登録]
[ADMIN] 17:02:06.372054 シナリオ走行を開始しました [シナリオ名: 新規ユーザー登録]
[ADMIN] 17:02:06.404973 シナリオ走行を終了しました [シナリオ名: ログイン]
[ADMIN] 17:02:06.404984 シナリオ走行を開始しました [シナリオ名: ログイン]
[ADMIN] 17:02:06.419858 シナリオ走行を終了しました [シナリオ名: ログイン]
[ADMIN] 17:02:06.419869 シナリオ走行を開始しました [シナリオ名: ログイン]
[ADMIN] 17:02:06.426944 シナリオ走行を終了しました [シナリオ名: ログイン]
[ADMIN] 17:02:06.426957 シナリオ走行を開始しました [シナリオ名: ログイン]
[ADMIN] 17:02:06.451656 シナリオ走行を終了しました [シナリオ名: ログイン]
[ADMIN] 17:02:06.451669 シナリオ走行を開始しました [シナリオ名: ログイン]
[ADMIN] 17:02:06.452634 シナリオ走行を終了しました [シナリオ名: ログイン]
[ADMIN] 17:02:06.452642 シナリオ走行を開始しました [シナリオ名: ログイン]
[ADMIN] 17:02:06.507403 シナリオ走行を終了しました [シナリオ名: 新規ユーザー登録]
[ADMIN] 17:02:06.507431 シナリオ走行を開始しました [シナリオ名: 新規ユーザー登録]
[ADMIN] 17:02:06.512410 シナリオ走行を終了しました [シナリオ名: 新規ユーザー登録]
[ADMIN] 17:02:06.512427 シナリオ走行を開始しました [シナリオ名: 新規ユーザー登録]
[ADMIN] 17:02:06.527601 シナリオ走行を終了しました [シナリオ名: ログイン]
[ADMIN] 17:02:06.527611 シナリオ走行を開始しました [シナリオ名: ログイン]
[ADMIN] 17:02:06.540747 シナリオ走行を終了しました [シナリオ名: 新規ユーザー登録]
[ADMIN] 17:02:06.540767 シナリオ走行を開始しました [シナリオ名: 新規ユーザー登録]
[ADMIN] 17:02:06.547049 シナリオ走行を終了しました [シナリオ名: ログイン]
[ADMIN] 17:02:06.547059 シナリオ走行を開始しました [シナリオ名: ログイン]
[ADMIN] 17:02:06.582457 シナリオ走行を終了しました [シナリオ名: 新規ユーザー登録]
[ADMIN] 17:02:06.582491 シナリオ走行を開始しました [シナリオ名: 新規ユーザー登録]
[ADMIN] 17:02:06.586109 シナリオ走行を終了しました [シナリオ名: Banユーザログイン]
[ADMIN] 17:02:06.586124 シナリオ走行を開始しました [シナリオ名: Banユーザログイン]
[ADMIN] 17:02:06.590543 シナリオ走行を終了しました [シナリオ名: Banユーザログイン]
[ADMIN] 17:02:06.590571 シナリオ走行を開始しました [シナリオ名: Banユーザログイン]
[ADMIN] 17:02:06.591149 シナリオ走行を終了しました [シナリオ名: ログイン]
[ADMIN] 17:02:06.591160 シナリオ走行を開始しました [シナリオ名: ログイン]
[ADMIN] 17:02:06.606565 シナリオ走行を終了しました [シナリオ名: 新規ユーザー登録]
[ADMIN] 17:02:06.606589 シナリオ走行を開始しました [シナリオ名: 新規ユーザー登録]
[ADMIN] 17:02:06.622850 シナリオ走行を終了しました [シナリオ名: ログイン]
[ADMIN] 17:02:06.622862 シナリオ走行を開始しました [シナリオ名: ログイン]
[ADMIN] 17:02:06.645422 シナリオ走行を終了しました [シナリオ名: 新規ユーザー登録]
[ADMIN] 17:02:06.645444 シナリオ走行を開始しました [シナリオ名: 新規ユーザー登録]
[ADMIN] 17:02:06.645891 シナリオ走行を終了しました [シナリオ名: ログイン]
[ADMIN] 17:02:06.645901 シナリオ走行を開始しました [シナリオ名: ログイン]
[ADMIN] 17:02:06.648335 シナリオ走行を終了しました [シナリオ名: Banユーザログイン]
[ADMIN] 17:02:06.648350 シナリオ走行を開始しました [シナリオ名: Banユーザログイン]
[ADMIN] 17:02:06.651070 シナリオ走行を終了しました [シナリオ名: ログイン]
[ADMIN] 17:02:06.651080 シナリオ走行を開始しました [シナリオ名: ログイン]
[ADMIN] 17:02:06.655096 シナリオ走行を終了しました [シナリオ名: 新規ユーザー登録]
[ADMIN] 17:02:06.655112 シナリオ走行を開始しました [シナリオ名: 新規ユーザー登録]
[ADMIN] 17:02:06.661521 シナリオ走行を終了しました [シナリオ名: Banユーザログイン]
[ADMIN] 17:02:06.661530 シナリオ走行を開始しました [シナリオ名: Banユーザログイン]
[ADMIN] 17:02:06.696879 シナリオ走行を終了しました [シナリオ名: Banユーザログイン]
[ADMIN] 17:02:06.696897 シナリオ走行を開始しました [シナリオ名: Banユーザログイン]
[ADMIN] 17:02:06.716404 シナリオ走行を終了しました [シナリオ名: ログイン]
[ADMIN] 17:02:06.716418 シナリオ走行を開始しました [シナリオ名: ログイン]
[ADMIN] 17:02:06.741750 シナリオ走行を終了しました [シナリオ名: Banユーザログイン]
[ADMIN] 17:02:06.741766 シナリオ走行を開始しました [シナリオ名: Banユーザログイン]
[ADMIN] 17:02:06.775687 シナリオ走行を終了しました [シナリオ名: ログイン]
[ADMIN] 17:02:06.775700 シナリオ走行を開始しました [シナリオ名: ログイン]
[ADMIN] 17:02:06.782099 シナリオ走行を終了しました [シナリオ名: ログイン]
[ADMIN] 17:02:06.782115 シナリオ走行を開始しました [シナリオ名: ログイン]
[ADMIN] 17:02:06.895459 シナリオ走行を終了しました [シナリオ名: ログイン]
[ADMIN] 17:02:06.895475 シナリオ走行を開始しました [シナリオ名: ログイン]
[ADMIN] 17:02:06.925786 シナリオ走行を終了しました [シナリオ名: ログイン]
[ADMIN] 17:02:06.925803 シナリオ走行を開始しました [シナリオ名: ログイン]
[ADMIN] 17:02:06.937079 シナリオ走行を終了しました [シナリオ名: ログイン]
[ADMIN] 17:02:06.937095 シナリオ走行を開始しました [シナリオ名: ログイン]
[ADMIN] 17:02:06.960359 シナリオ走行を終了しました [シナリオ名: ログイン]
[ADMIN] 17:02:06.960374 シナリオ走行を開始しました [シナリオ名: ログイン]
[ADMIN] 17:02:06.998790 シナリオ走行を終了しました [シナリオ名: ログイン]
[ADMIN] 17:02:06.998804 シナリオ走行を開始しました [シナリオ名: ログイン]
[ADMIN] 17:02:07.007156 シナリオ走行を終了しました [シナリオ名: ログイン]
[ADMIN] 17:02:07.007166 シナリオ走行を開始しました [シナリオ名: ログイン]
[ADMIN] 17:02:07.078370 シナリオ走行を終了しました [シナリオ名: ログイン]
[ADMIN] 17:02:07.078386 シナリオ走行を開始しました [シナリオ名: ログイン]
[ADMIN] 17:02:07.106165 シナリオ走行を終了しました [シナリオ名: Banユーザログイン]
[ADMIN] 17:02:07.106187 シナリオ走行を開始しました [シナリオ名: Banユーザログイン]
[ADMIN] 17:02:07.109737 シナリオ走行を終了しました [シナリオ名: Banユーザログイン]
[ADMIN] 17:02:07.109754 シナリオ走行を開始しました [シナリオ名: Banユーザログイン]
[ADMIN] 17:02:07.130775 シナリオ走行を終了しました [シナリオ名: ログイン]
[ADMIN] 17:02:07.130786 シナリオ走行を開始しました [シナリオ名: ログイン]
[ADMIN] 17:02:07.180357 シナリオ走行を終了しました [シナリオ名: ログイン]
[ADMIN] 17:02:07.180373 シナリオ走行を開始しました [シナリオ名: ログイン]
[ADMIN] 17:02:07.184013 シナリオ走行を終了しました [シナリオ名: Banユーザログイン]
[ADMIN] 17:02:07.184030 シナリオ走行を開始しました [シナリオ名: Banユーザログイン]
[ADMIN] 17:02:07.198902 シナリオ走行を終了しました [シナリオ名: ログイン]
[ADMIN] 17:02:07.198914 シナリオ走行を開始しました [シナリオ名: ログイン]
[ADMIN] 17:02:07.199822 シナリオ走行を終了しました [シナリオ名: ログイン]
[ADMIN] 17:02:07.199831 シナリオ走行を開始しました [シナリオ名: ログイン]
[ADMIN] 17:02:07.219922 シナリオ走行を終了しました [シナリオ名: Banユーザログイン]
[ADMIN] 17:02:07.219945 シナリオ走行を開始しました [シナリオ名: Banユーザログイン]
[ADMIN] 17:02:07.232467 シナリオ走行を終了しました [シナリオ名: Banユーザログイン]
[ADMIN] 17:02:07.232484 シナリオ走行を開始しました [シナリオ名: Banユーザログイン]
[ADMIN] 17:02:07.250895 シナリオ走行を終了しました [シナリオ名: ログイン]
[ADMIN] 17:02:07.250907 シナリオ走行を開始しました [シナリオ名: ログイン]
[ADMIN] 17:02:07.280378 シナリオ走行を終了しました [シナリオ名: ログイン]
[ADMIN] 17:02:07.280392 シナリオ走行を開始しました [シナリオ名: ログイン]
[ADMIN] 17:02:07.280738 シナリオ走行を終了しました [シナリオ名: ログイン]
[ADMIN] 17:02:07.280747 シナリオ走行を開始しました [シナリオ名: ログイン]
[ADMIN] 17:02:07.299532 シナリオ走行を終了しました [シナリオ名: Banユーザログイン]
[ADMIN] 17:02:07.299547 シナリオ走行を開始しました [シナリオ名: Banユーザログイン]
[ADMIN] 17:02:07.325750 シナリオ走行を終了しました [シナリオ名: ログイン]
[ADMIN] 17:02:07.325763 シナリオ走行を開始しました [シナリオ名: ログイン]
[ADMIN] 17:02:07.361038 シナリオ走行を終了しました [シナリオ名: ログイン]
[ADMIN] 17:02:07.361053 シナリオ走行を開始しました [シナリオ名: ログイン]
[ADMIN] 17:02:07.396111 シナリオ走行を終了しました [シナリオ名: ログイン]
[ADMIN] 17:02:07.396127 シナリオ走行を開始しました [シナリオ名: ログイン]
[ADMIN] 17:02:07.401318 シナリオ走行を終了しました [シナリオ名: ログイン]
[ADMIN] 17:02:07.401329 シナリオ走行を開始しました [シナリオ名: ログイン]
[ADMIN] 17:02:07.408488 シナリオ走行を終了しました [シナリオ名: ログイン]
[ADMIN] 17:02:07.408501 シナリオ走行を開始しました [シナリオ名: ログイン]
[ADMIN] 17:02:07.422697 シナリオ走行を終了しました [シナリオ名: ログイン]
[ADMIN] 17:02:07.422751 シナリオ走行を開始しました [シナリオ名: ログイン]
[ADMIN] 17:02:07.425583 シナリオ走行を終了しました [シナリオ名: ログイン]
[ADMIN] 17:02:07.425591 シナリオ走行を開始しました [シナリオ名: ログイン]
[ADMIN] 17:02:07.512139 シナリオ走行を終了しました [シナリオ名: ログイン]
[ADMIN] 17:02:07.512157 シナリオ走行を開始しました [シナリオ名: ログイン]
[ADMIN] 17:02:07.546850 シナリオ走行を終了しました [シナリオ名: ログイン]
[ADMIN] 17:02:07.546864 シナリオ走行を開始しました [シナリオ名: ログイン]
[ADMIN] 17:02:07.551810 シナリオ走行を終了しました [シナリオ名: ログイン]
[ADMIN] 17:02:07.551822 シナリオ走行を開始しました [シナリオ名: ログイン]
[ADMIN] 17:02:07.572132 シナリオ走行を終了しました [シナリオ名: ログイン]
[ADMIN] 17:02:07.572146 シナリオ走行を開始しました [シナリオ名: ログイン]
[ADMIN] 17:02:07.575959 シナリオ走行を終了しました [シナリオ名: ログイン]
[ADMIN] 17:02:07.575970 シナリオ走行を開始しました [シナリオ名: ログイン]
[ADMIN] 17:02:07.594299 シナリオ走行を終了しました [シナリオ名: ログイン]
[ADMIN] 17:02:07.594310 シナリオ走行を開始しました [シナリオ名: ログイン]
[ADMIN] 17:02:07.606934 シナリオ走行を終了しました [シナリオ名: ログイン]
[ADMIN] 17:02:07.606947 シナリオ走行を開始しました [シナリオ名: ログイン]
[ADMIN] 17:02:07.607210 シナリオ走行を終了しました [シナリオ名: ログイン]
[ADMIN] 17:02:07.607220 シナリオ走行を開始しました [シナリオ名: ログイン]
[ADMIN] 17:02:07.610938 シナリオ走行を終了しました [シナリオ名: ログイン]
[ADMIN] 17:02:07.610946 シナリオ走行を開始しました [シナリオ名: ログイン]
[ADMIN] 17:02:07.620715 シナリオ走行を終了しました [シナリオ名: Banユーザログイン]
[ADMIN] 17:02:07.620731 シナリオ走行を開始しました [シナリオ名: Banユーザログイン]
[ADMIN] 17:02:07.636108 シナリオ走行を終了しました [シナリオ名: Banユーザログイン]
[ADMIN] 17:02:07.636125 シナリオ走行を開始しました [シナリオ名: Banユーザログイン]
[ADMIN] 17:02:07.685666 シナリオ走行を終了しました [シナリオ名: ログイン]
[ADMIN] 17:02:07.685682 シナリオ走行を開始しました [シナリオ名: ログイン]
[ADMIN] 17:02:07.690689 シナリオ走行を終了しました [シナリオ名: 新規ユーザー登録]
[ADMIN] 17:02:07.690708 シナリオ走行を開始しました [シナリオ名: 新規ユーザー登録]
[ADMIN] 17:02:07.705747 シナリオ走行を終了しました [シナリオ名: Banユーザログイン]
[ADMIN] 17:02:07.705774 シナリオ走行を開始しました [シナリオ名: Banユーザログイン]
[ADMIN] 17:02:07.706961 シナリオ走行を終了しました [シナリオ名: ログイン]
[ADMIN] 17:02:07.706972 シナリオ走行を開始しました [シナリオ名: ログイン]
[ADMIN] 17:02:07.728855 シナリオ走行を終了しました [シナリオ名: ログイン]
[ADMIN] 17:02:07.728871 シナリオ走行を開始しました [シナリオ名: ログイン]
[ADMIN] 17:02:07.749691 シナリオ走行を終了しました [シナリオ名: ログイン]
[ADMIN] 17:02:07.749703 シナリオ走行を開始しました [シナリオ名: ログイン]
[ADMIN] 17:02:07.757063 シナリオ走行を終了しました [シナリオ名: Banユーザログイン]
[ADMIN] 17:02:07.757078 シナリオ走行を開始しました [シナリオ名: Banユーザログイン]
[ADMIN] 17:02:07.764660 シナリオ走行を終了しました [シナリオ名: Banユーザログイン]
[ADMIN] 17:02:07.764672 シナリオ走行を開始しました [シナリオ名: Banユーザログイン]
[ADMIN] 17:02:07.769561 シナリオ走行を終了しました [シナリオ名: 新規ユーザー登録]
[ADMIN] 17:02:07.769580 シナリオ走行を開始しました [シナリオ名: 新規ユーザー登録]
[ADMIN] 17:02:07.818825 シナリオ走行を終了しました [シナリオ名: 新規ユーザー登録]
[ADMIN] 17:02:07.818870 シナリオ走行を開始しました [シナリオ名: 新規ユーザー登録]
[ADMIN] 17:02:07.819691 シナリオ走行を終了しました [シナリオ名: 新規ユーザー登録]
[ADMIN] 17:02:07.819707 シナリオ走行を開始しました [シナリオ名: 新規ユーザー登録]
[ADMIN] 17:02:07.832667 シナリオ走行を終了しました [シナリオ名: Banユーザログイン]
[ADMIN] 17:02:07.832679 シナリオ走行を開始しました [シナリオ名: Banユーザログイン]
[ADMIN] 17:02:07.835472 シナリオ走行を終了しました [シナリオ名: 新規ユーザー登録]
[ADMIN] 17:02:07.835489 シナリオ走行を開始しました [シナリオ名: 新規ユーザー登録]
[ADMIN] 17:02:07.840066 シナリオ走行を終了しました [シナリオ名: 新規ユーザー登録]
[ADMIN] 17:02:07.840083 シナリオ走行を開始しました [シナリオ名: 新規ユーザー登録]
[ADMIN] 17:02:07.841747 シナリオ走行を終了しました [シナリオ名: ログイン]
[ADMIN] 17:02:07.841758 シナリオ走行を開始しました [シナリオ名: ログイン]
[ADMIN] 17:02:07.851786 シナリオ走行を終了しました [シナリオ名: ログイン]
[ADMIN] 17:02:07.851797 シナリオ走行を開始しました [シナリオ名: ログイン]
[ADMIN] 17:02:07.871719 シナリオ走行を終了しました [シナリオ名: 新規ユーザー登録]
[ADMIN] 17:02:07.871752 シナリオ走行を開始しました [シナリオ名: 新規ユーザー登録]
[ADMIN] 17:02:07.872796 シナリオ走行を終了しました [シナリオ名: ログイン]
[ADMIN] 17:02:07.872807 シナリオ走行を開始しました [シナリオ名: ログイン]
[ADMIN] 17:02:07.939848 シナリオ走行を終了しました [シナリオ名: 新規ユーザー登録]
[ADMIN] 17:02:07.939881 シナリオ走行を開始しました [シナリオ名: 新規ユーザー登録]
[ADMIN] 17:02:07.944167 シナリオ走行を終了しました [シナリオ名: 新規ユーザー登録]
[ADMIN] 17:02:07.944185 シナリオ走行を開始しました [シナリオ名: 新規ユーザー登録]
[ADMIN] 17:02:07.970771 シナリオ走行を終了しました [シナリオ名: ログイン]
[ADMIN] 17:02:07.970784 シナリオ走行を開始しました [シナリオ名: ログイン]
[ADMIN] 17:02:07.976552 シナリオ走行を終了しました [シナリオ名: 新規ユーザー登録]
[ADMIN] 17:02:07.976571 シナリオ走行を開始しました [シナリオ名: 新規ユーザー登録]
[ADMIN] 17:02:07.989686 シナリオ走行を終了しました [シナリオ名: ログイン]
[ADMIN] 17:02:07.989698 シナリオ走行を開始しました [シナリオ名: ログイン]
[ADMIN] 17:02:08.000466 シナリオ走行を終了しました [シナリオ名: ログイン]
[ADMIN] 17:02:08.000478 シナリオ走行を開始しました [シナリオ名: ログイン]
[ADMIN] 17:02:08.009450 シナリオ走行を終了しました [シナリオ名: ログイン]
[ADMIN] 17:02:08.009461 シナリオ走行を開始しました [シナリオ名: ログイン]
[ADMIN] 17:02:08.077394 シナリオ走行を終了しました [シナリオ名: 新規ユーザー登録]
[ADMIN] 17:02:08.077420 シナリオ走行を開始しました [シナリオ名: 新規ユーザー登録]
[ADMIN] 17:02:08.108693 シナリオ走行を終了しました [シナリオ名: ログイン]
[ADMIN] 17:02:08.108708 シナリオ走行を開始しました [シナリオ名: ログイン]
[ADMIN] 17:02:08.132419 シナリオ走行を終了しました [シナリオ名: 新規ユーザー登録]
[ADMIN] 17:02:08.132443 シナリオ走行を開始しました [シナリオ名: 新規ユーザー登録]
[ADMIN] 17:02:08.153000 シナリオ走行を終了しました [シナリオ名: Banユーザログイン]
[ADMIN] 17:02:08.153015 シナリオ走行を開始しました [シナリオ名: Banユーザログイン]
[ADMIN] 17:02:08.160626 シナリオ走行を終了しました [シナリオ名: ログイン]
[ADMIN] 17:02:08.160640 シナリオ走行を開始しました [シナリオ名: ログイン]
[ADMIN] 17:02:08.174418 シナリオ走行を終了しました [シナリオ名: Banユーザログイン]
[ADMIN] 17:02:08.174434 シナリオ走行を開始しました [シナリオ名: Banユーザログイン]
[ADMIN] 17:02:08.198753 シナリオ走行を終了しました [シナリオ名: ログイン]
[ADMIN] 17:02:08.198765 シナリオ走行を開始しました [シナリオ名: ログイン]
[ADMIN] 17:02:08.223390 シナリオ走行を終了しました [シナリオ名: 新規ユーザー登録]
[ADMIN] 17:02:08.223406 シナリオ走行を開始しました [シナリオ名: 新規ユーザー登録]
[ADMIN] 17:02:08.231904 シナリオ走行を終了しました [シナリオ名: Banユーザログイン]
[ADMIN] 17:02:08.231922 シナリオ走行を開始しました [シナリオ名: Banユーザログイン]
[ADMIN] 17:02:08.294831 シナリオ走行を終了しました [シナリオ名: Banユーザログイン]
[ADMIN] 17:02:08.294848 シナリオ走行を開始しました [シナリオ名: Banユーザログイン]
[ADMIN] 17:02:08.303084 シナリオ走行を終了しました [シナリオ名: ログイン]
[ADMIN] 17:02:08.303094 シナリオ走行を開始しました [シナリオ名: ログイン]
[ADMIN] 17:02:08.303290 シナリオ走行を終了しました [シナリオ名: ログイン]
[ADMIN] 17:02:08.303300 シナリオ走行を開始しました [シナリオ名: ログイン]
[ADMIN] 17:02:08.305796 シナリオ走行を終了しました [シナリオ名: ログイン]
[ADMIN] 17:02:08.305806 シナリオ走行を開始しました [シナリオ名: ログイン]
[ADMIN] 17:02:08.307510 シナリオ走行を終了しました [シナリオ名: Banユーザログイン]
[ADMIN] 17:02:08.307522 シナリオ走行を開始しました [シナリオ名: Banユーザログイン]
[ADMIN] 17:02:08.325205 シナリオ走行を終了しました [シナリオ名: 新規ユーザー登録]
[ADMIN] 17:02:08.325220 シナリオ走行を開始しました [シナリオ名: 新規ユーザー登録]
[ADMIN] 17:02:08.331174 シナリオ走行を終了しました [シナリオ名: ログイン]
[ADMIN] 17:02:08.331185 シナリオ走行を開始しました [シナリオ名: ログイン]
[ADMIN] 17:02:08.350436 シナリオ走行を終了しました [シナリオ名: ログイン]
[ADMIN] 17:02:08.350446 シナリオ走行を開始しました [シナリオ名: ログイン]
[ADMIN] 17:02:08.354748 シナリオ走行を終了しました [シナリオ名: ログイン]
[ADMIN] 17:02:08.354758 シナリオ走行を開始しました [シナリオ名: ログイン]
[ADMIN] 17:02:08.360662 シナリオ走行を終了しました [シナリオ名: ログイン]
[ADMIN] 17:02:08.360671 シナリオ走行を開始しました [シナリオ名: ログイン]
[ADMIN] 17:02:08.364094 シナリオ走行を終了しました [シナリオ名: Banユーザログイン]
[ADMIN] 17:02:08.364108 シナリオ走行を開始しました [シナリオ名: Banユーザログイン]
[ADMIN] 17:02:08.376756 シナリオ走行を終了しました [シナリオ名: ログイン]
[ADMIN] 17:02:08.376764 シナリオ走行を開始しました [シナリオ名: ログイン]
[ADMIN] 17:02:08.377937 シナリオ走行を終了しました [シナリオ名: ログイン]
[ADMIN] 17:02:08.377946 シナリオ走行を開始しました [シナリオ名: ログイン]
[ADMIN] 17:02:08.380855 シナリオ走行を終了しました [シナリオ名: 新規ユーザー登録]
[ADMIN] 17:02:08.380873 シナリオ走行を開始しました [シナリオ名: 新規ユーザー登録]
[ADMIN] 17:02:08.396219 シナリオ走行を終了しました [シナリオ名: ログイン]
[ADMIN] 17:02:08.396230 シナリオ走行を開始しました [シナリオ名: ログイン]
[ADMIN] 17:02:08.405091 シナリオ走行を終了しました [シナリオ名: ログイン]
[ADMIN] 17:02:08.405099 シナリオ走行を開始しました [シナリオ名: ログイン]
[ADMIN] 17:02:08.408627 シナリオ走行を終了しました [シナリオ名: 新規ユーザー登録]
[ADMIN] 17:02:08.408645 シナリオ走行を開始しました [シナリオ名: 新規ユーザー登録]
[ADMIN] 17:02:08.424431 シナリオ走行を終了しました [シナリオ名: ログイン]
[ADMIN] 17:02:08.424441 シナリオ走行を開始しました [シナリオ名: ログイン]
[ADMIN] 17:02:08.442875 シナリオ走行を終了しました [シナリオ名: ログイン]
[ADMIN] 17:02:08.442885 シナリオ走行を開始しました [シナリオ名: ログイン]
[ADMIN] 17:02:08.445995 シナリオ走行を終了しました [シナリオ名: 新規ユーザー登録]
[ADMIN] 17:02:08.446012 シナリオ走行を開始しました [シナリオ名: 新規ユーザー登録]
[ADMIN] 17:02:08.462963 シナリオ走行を終了しました [シナリオ名: 新規ユーザー登録]
[ADMIN] 17:02:08.462999 シナリオ走行を開始しました [シナリオ名: 新規ユーザー登録]
[ADMIN] 17:02:08.499558 シナリオ走行を終了しました [シナリオ名: 新規ユーザー登録]
[ADMIN] 17:02:08.499579 シナリオ走行を開始しました [シナリオ名: 新規ユーザー登録]
[ADMIN] 17:02:08.554352 シナリオ走行を終了しました [シナリオ名: 新規ユーザー登録]
[ADMIN] 17:02:08.554379 シナリオ走行を開始しました [シナリオ名: 新規ユーザー登録]
[ADMIN] 17:02:08.561331 シナリオ走行を終了しました [シナリオ名: ログイン]
[ADMIN] 17:02:08.561343 シナリオ走行を開始しました [シナリオ名: ログイン]
[ADMIN] 17:02:08.564002 シナリオ走行を終了しました [シナリオ名: ログイン]
[ADMIN] 17:02:08.564012 シナリオ走行を開始しました [シナリオ名: ログイン]
[ADMIN] 17:02:08.606231 シナリオ走行を終了しました [シナリオ名: 新規ユーザー登録]
[ADMIN] 17:02:08.606255 シナリオ走行を開始しました [シナリオ名: 新規ユーザー登録]
[ADMIN] 17:02:08.615292 シナリオ走行を終了しました [シナリオ名: ログイン]
[ADMIN] 17:02:08.615303 シナリオ走行を開始しました [シナリオ名: ログイン]
[ADMIN] 17:02:08.662668 シナリオ走行を終了しました [シナリオ名: ログイン]
[ADMIN] 17:02:08.662683 シナリオ走行を開始しました [シナリオ名: ログイン]
[ADMIN] 17:02:08.667252 シナリオ走行を終了しました [シナリオ名: ログイン]
[ADMIN] 17:02:08.667262 シナリオ走行を開始しました [シナリオ名: ログイン]
[ADMIN] 17:02:08.670700 シナリオ走行を終了しました [シナリオ名: Banユーザログイン]
[ADMIN] 17:02:08.670715 シナリオ走行を開始しました [シナリオ名: Banユーザログイン]
[ADMIN] 17:02:08.680030 シナリオ走行を終了しました [シナリオ名: ログイン]
[ADMIN] 17:02:08.680042 シナリオ走行を開始しました [シナリオ名: ログイン]
[ADMIN] 17:02:08.680498 シナリオ走行を終了しました [シナリオ名: ログイン]
[ADMIN] 17:02:08.680508 シナリオ走行を開始しました [シナリオ名: ログイン]
[ADMIN] 17:02:08.709828 シナリオ走行を終了しました [シナリオ名: ログイン]
[ADMIN] 17:02:08.709844 シナリオ走行を開始しました [シナリオ名: ログイン]
[ADMIN] 17:02:08.733702 シナリオ走行を終了しました [シナリオ名: Banユーザログイン]
[ADMIN] 17:02:08.733722 シナリオ走行を開始しました [シナリオ名: Banユーザログイン]
[ADMIN] 17:02:08.746692 シナリオ走行を終了しました [シナリオ名: ログイン]
[ADMIN] 17:02:08.746704 シナリオ走行を開始しました [シナリオ名: ログイン]
[ADMIN] 17:02:08.758513 シナリオ走行を終了しました [シナリオ名: Banユーザログイン]
[ADMIN] 17:02:08.758530 シナリオ走行を開始しました [シナリオ名: Banユーザログイン]
[ADMIN] 17:02:08.795852 シナリオ走行を終了しました [シナリオ名: ログイン]
[ADMIN] 17:02:08.795867 シナリオ走行を開始しました [シナリオ名: ログイン]
[ADMIN] 17:02:08.810565 シナリオ走行を終了しました [シナリオ名: ログイン]
[ADMIN] 17:02:08.810576 シナリオ走行を開始しました [シナリオ名: ログイン]
[ADMIN] 17:02:08.831167 シナリオ走行を終了しました [シナリオ名: Banユーザログイン]
[ADMIN] 17:02:08.831185 シナリオ走行を開始しました [シナリオ名: Banユーザログイン]
[ADMIN] 17:02:08.841677 シナリオ走行を終了しました [シナリオ名: Banユーザログイン]
[ADMIN] 17:02:08.841693 シナリオ走行を開始しました [シナリオ名: Banユーザログイン]
[ADMIN] 17:02:08.841741 シナリオ走行を終了しました [シナリオ名: ログイン]
[ADMIN] 17:02:08.841749 シナリオ走行を開始しました [シナリオ名: ログイン]
[ADMIN] 17:02:08.842030 シナリオ走行を終了しました [シナリオ名: ログイン]
[ADMIN] 17:02:08.842041 シナリオ走行を開始しました [シナリオ名: ログイン]
[ADMIN] 17:02:08.866027 シナリオ走行を終了しました [シナリオ名: ログイン]
[ADMIN] 17:02:08.866039 シナリオ走行を開始しました [シナリオ名: ログイン]
[ADMIN] 17:02:08.870241 シナリオ走行を終了しました [シナリオ名: ログイン]
[ADMIN] 17:02:08.870251 シナリオ走行を開始しました [シナリオ名: ログイン]
[ADMIN] 17:02:08.915025 シナリオ走行を終了しました [シナリオ名: Banユーザログイン]
[ADMIN] 17:02:08.915051 シナリオ走行を開始しました [シナリオ名: Banユーザログイン]
[ADMIN] 17:02:08.950634 シナリオ走行を終了しました [シナリオ名: ログイン]
[ADMIN] 17:02:08.950650 シナリオ走行を開始しました [シナリオ名: ログイン]
[ADMIN] 17:02:08.955597 シナリオ走行を終了しました [シナリオ名: ログイン]
[ADMIN] 17:02:08.955608 シナリオ走行を開始しました [シナリオ名: ログイン]
[ADMIN] 17:02:08.997329 シナリオ走行を終了しました [シナリオ名: ログイン]
[ADMIN] 17:02:08.997341 シナリオ走行を開始しました [シナリオ名: ログイン]
[ADMIN] 17:02:09.069650 シナリオ走行を終了しました [シナリオ名: ログイン]
[ADMIN] 17:02:09.069663 シナリオ走行を開始しました [シナリオ名: ログイン]
[ADMIN] 17:02:09.199648 シナリオ走行を終了しました [シナリオ名: Banユーザログイン]
[ADMIN] 17:02:09.199672 シナリオ走行を開始しました [シナリオ名: Banユーザログイン]
[ADMIN] 17:02:09.278636 シナリオ走行を終了しました [シナリオ名: Banユーザログイン]
[ADMIN] 17:02:09.278660 シナリオ走行を開始しました [シナリオ名: Banユーザログイン]
[ADMIN] 17:02:09.279067 シナリオ走行を終了しました [シナリオ名: ログイン]
[ADMIN] 17:02:09.279078 シナリオ走行を開始しました [シナリオ名: ログイン]
[ADMIN] 17:02:09.286670 シナリオ走行を終了しました [シナリオ名: ログイン]
[ADMIN] 17:02:09.286681 シナリオ走行を開始しました [シナリオ名: ログイン]
[ADMIN] 17:02:09.289806 シナリオ走行を終了しました [シナリオ名: ログイン]
[ADMIN] 17:02:09.289813 シナリオ走行を開始しました [シナリオ名: ログイン]
[ADMIN] 17:02:09.290309 シナリオ走行を終了しました [シナリオ名: ログイン]
[ADMIN] 17:02:09.290320 シナリオ走行を開始しました [シナリオ名: ログイン]
[ADMIN] 17:02:09.302307 シナリオ走行を終了しました [シナリオ名: Banユーザログイン]
[ADMIN] 17:02:09.302323 シナリオ走行を開始しました [シナリオ名: Banユーザログイン]
[ADMIN] 17:02:09.367352 シナリオ走行を終了しました [シナリオ名: Banユーザログイン]
[ADMIN] 17:02:09.367375 シナリオ走行を開始しました [シナリオ名: Banユーザログイン]
[ADMIN] 17:02:09.370700 シナリオ走行を終了しました [シナリオ名: ログイン]
[ADMIN] 17:02:09.370763 シナリオ走行を開始しました [シナリオ名: ログイン]
[ADMIN] 17:02:09.370742 シナリオ走行を終了しました [シナリオ名: ログイン]
[ADMIN] 17:02:09.370823 シナリオ走行を開始しました [シナリオ名: ログイン]
[ADMIN] 17:02:09.371009 シナリオ走行を終了しました [シナリオ名: ログイン]
[ADMIN] 17:02:09.371025 シナリオ走行を開始しました [シナリオ名: ログイン]
[ADMIN] 17:02:09.374433 シナリオ走行を終了しました [シナリオ名: ログイン]
[ADMIN] 17:02:09.374441 シナリオ走行を開始しました [シナリオ名: ログイン]
[ADMIN] 17:02:09.375595 シナリオ走行を終了しました [シナリオ名: ログイン]
[ADMIN] 17:02:09.375604 シナリオ走行を開始しました [シナリオ名: ログイン]
[ADMIN] 17:02:09.377957 シナリオ走行を終了しました [シナリオ名: Banユーザログイン]
[ADMIN] 17:02:09.377975 シナリオ走行を開始しました [シナリオ名: Banユーザログイン]
[ADMIN] 17:02:09.378117 シナリオ走行を終了しました [シナリオ名: ログイン]
[ADMIN] 17:02:09.378127 シナリオ走行を開始しました [シナリオ名: ログイン]
[ADMIN] 17:02:09.396733 シナリオ走行を終了しました [シナリオ名: ログイン]
[ADMIN] 17:02:09.396745 シナリオ走行を開始しました [シナリオ名: ログイン]
[ADMIN] 17:02:09.456984 シナリオ走行を終了しました [シナリオ名: ログイン]
[ADMIN] 17:02:09.457004 シナリオ走行を開始しました [シナリオ名: ログイン]
[ADMIN] 17:02:09.464383 シナリオ走行を終了しました [シナリオ名: Banユーザログイン]
[ADMIN] 17:02:09.464399 シナリオ走行を開始しました [シナリオ名: Banユーザログイン]
[ADMIN] 17:02:09.474380 シナリオ走行を終了しました [シナリオ名: ログイン]
[ADMIN] 17:02:09.474392 シナリオ走行を開始しました [シナリオ名: ログイン]
[ADMIN] 17:02:09.489112 シナリオ走行を終了しました [シナリオ名: ログイン]
[ADMIN] 17:02:09.489123 シナリオ走行を開始しました [シナリオ名: ログイン]
[ADMIN] 17:02:09.492480 シナリオ走行を終了しました [シナリオ名: ログイン]
[ADMIN] 17:02:09.492494 シナリオ走行を開始しました [シナリオ名: ログイン]
[ADMIN] 17:02:09.500175 シナリオ走行を終了しました [シナリオ名: ログイン]
[ADMIN] 17:02:09.500187 シナリオ走行を開始しました [シナリオ名: ログイン]
[ADMIN] 17:02:09.545745 シナリオ走行を終了しました [シナリオ名: ログイン]
[ADMIN] 17:02:09.545757 シナリオ走行を開始しました [シナリオ名: ログイン]
[ADMIN] 17:02:09.593695 シナリオ走行を終了しました [シナリオ名: 新規ユーザー登録]
[ADMIN] 17:02:09.593720 シナリオ走行を開始しました [シナリオ名: 新規ユーザー登録]
[ADMIN] 17:02:09.621456 シナリオ走行を終了しました [シナリオ名: ログイン]
[ADMIN] 17:02:09.621470 シナリオ走行を開始しました [シナリオ名: ログイン]
[ADMIN] 17:02:09.625332 シナリオ走行を終了しました [シナリオ名: ログイン]
[ADMIN] 17:02:09.625344 シナリオ走行を開始しました [シナリオ名: ログイン]
[ADMIN] 17:02:09.627512 シナリオ走行を終了しました [シナリオ名: ログイン]
[ADMIN] 17:02:09.627519 シナリオ走行を開始しました [シナリオ名: ログイン]
[ADMIN] 17:02:09.630639 シナリオ走行を終了しました [シナリオ名: ログイン]
[ADMIN] 17:02:09.630648 シナリオ走行を開始しました [シナリオ名: ログイン]
[ADMIN] 17:02:09.646707 シナリオ走行を終了しました [シナリオ名: 新規ユーザー登録]
[ADMIN] 17:02:09.646731 シナリオ走行を開始しました [シナリオ名: 新規ユーザー登録]
[ADMIN] 17:02:09.651059 シナリオ走行を終了しました [シナリオ名: ログイン]
[ADMIN] 17:02:09.651068 シナリオ走行を開始しました [シナリオ名: ログイン]
[ADMIN] 17:02:09.673721 シナリオ走行を終了しました [シナリオ名: ログイン]
[ADMIN] 17:02:09.673732 シナリオ走行を開始しました [シナリオ名: ログイン]
[ADMIN] 17:02:09.676677 シナリオ走行を終了しました [シナリオ名: ログイン]
[ADMIN] 17:02:09.676686 シナリオ走行を開始しました [シナリオ名: ログイン]
[ADMIN] 17:02:09.741831 シナリオ走行を終了しました [シナリオ名: Banユーザログイン]
[ADMIN] 17:02:09.741849 シナリオ走行を開始しました [シナリオ名: Banユーザログイン]
[ADMIN] 17:02:09.744689 シナリオ走行を終了しました [シナリオ名: 新規ユーザー登録]
[ADMIN] 17:02:09.744709 シナリオ走行を開始しました [シナリオ名: 新規ユーザー登録]
[ADMIN] 17:02:09.778768 シナリオ走行を終了しました [シナリオ名: ログイン]
[ADMIN] 17:02:09.778790 シナリオ走行を開始しました [シナリオ名: ログイン]
[ADMIN] 17:02:09.790988 シナリオ走行を終了しました [シナリオ名: ログイン]
[ADMIN] 17:02:09.790999 シナリオ走行を開始しました [シナリオ名: ログイン]
[ADMIN] 17:02:09.801286 シナリオ走行を終了しました [シナリオ名: ログイン]
[ADMIN] 17:02:09.801298 シナリオ走行を開始しました [シナリオ名: ログイン]
[ADMIN] 17:02:09.801487 シナリオ走行を終了しました [シナリオ名: ログイン]
[ADMIN] 17:02:09.801497 シナリオ走行を開始しました [シナリオ名: ログイン]
[ADMIN] 17:02:09.801949 シナリオ走行を終了しました [シナリオ名: ログイン]
[ADMIN] 17:02:09.801959 シナリオ走行を開始しました [シナリオ名: ログイン]
[ADMIN] 17:02:09.809399 シナリオ走行を終了しました [シナリオ名: ログイン]
[ADMIN] 17:02:09.809408 シナリオ走行を開始しました [シナリオ名: ログイン]
[ADMIN] 17:02:09.816960 シナリオ走行を終了しました [シナリオ名: Banユーザログイン]
[ADMIN] 17:02:09.816974 シナリオ走行を開始しました [シナリオ名: Banユーザログイン]
[ADMIN] 17:02:09.818953 シナリオ走行を終了しました [シナリオ名: 新規ユーザー登録]
[ADMIN] 17:02:09.818972 シナリオ走行を開始しました [シナリオ名: 新規ユーザー登録]
[ADMIN] 17:02:09.836773 シナリオ走行を終了しました [シナリオ名: Banユーザログイン]
[ADMIN] 17:02:09.836785 シナリオ走行を開始しました [シナリオ名: Banユーザログイン]
[ADMIN] 17:02:09.839212 シナリオ走行を終了しました [シナリオ名: 新規ユーザー登録]
[ADMIN] 17:02:09.839231 シナリオ走行を開始しました [シナリオ名: 新規ユーザー登録]
[ADMIN] 17:02:09.839980 シナリオ走行を終了しました [シナリオ名: 新規ユーザー登録]
[ADMIN] 17:02:09.840000 シナリオ走行を開始しました [シナリオ名: 新規ユーザー登録]
[ADMIN] 17:02:09.848390 シナリオ走行を終了しました [シナリオ名: 新規ユーザー登録]
[ADMIN] 17:02:09.848407 シナリオ走行を開始しました [シナリオ名: 新規ユーザー登録]
[ADMIN] 17:02:09.863086 シナリオ走行を終了しました [シナリオ名: 新規ユーザー登録]
[ADMIN] 17:02:09.863113 シナリオ走行を開始しました [シナリオ名: 新規ユーザー登録]
[ADMIN] 17:02:09.876899 シナリオ走行を終了しました [シナリオ名: ログイン]
[ADMIN] 17:02:09.876924 シナリオ走行を開始しました [シナリオ名: ログイン]
[ADMIN] 17:02:09.880308 シナリオ走行を終了しました [シナリオ名: 新規ユーザー登録]
[ADMIN] 17:02:09.880331 シナリオ走行を開始しました [シナリオ名: 新規ユーザー登録]
[ADMIN] 17:02:09.887103 シナリオ走行を終了しました [シナリオ名: 新規ユーザー登録]
[ADMIN] 17:02:09.887120 シナリオ走行を開始しました [シナリオ名: 新規ユーザー登録]
[ADMIN] 17:02:09.891290 シナリオ走行を終了しました [シナリオ名: Banユーザログイン]
[ADMIN] 17:02:09.891306 シナリオ走行を開始しました [シナリオ名: Banユーザログイン]
[ADMIN] 17:02:09.916052 シナリオ走行を終了しました [シナリオ名: Banユーザログイン]
[ADMIN] 17:02:09.916066 シナリオ走行を開始しました [シナリオ名: Banユーザログイン]
17:02:09.925972 現在のログイン成功数: [total: 3349 (+1384人)]
17:02:09.925980 現在のユーザー登録成功数: [total: 1316 (+478人)]
[ADMIN] 17:02:10.001697 シナリオ走行を終了しました [シナリオ名: Banユーザログイン]
[ADMIN] 17:02:10.001714 シナリオ走行を開始しました [シナリオ名: Banユーザログイン]
[ADMIN] 17:02:10.008440 シナリオ走行を終了しました [シナリオ名: 新規ユーザー登録]
[ADMIN] 17:02:10.008456 シナリオ走行を開始しました [シナリオ名: 新規ユーザー登録]
[ADMIN] 17:02:10.009719 シナリオ走行を終了しました [シナリオ名: 新規ユーザー登録]
[ADMIN] 17:02:10.009734 シナリオ走行を開始しました [シナリオ名: 新規ユーザー登録]
[ADMIN] 17:02:10.053237 シナリオ走行を終了しました [シナリオ名: 新規ユーザー登録]
[ADMIN] 17:02:10.053255 シナリオ走行を開始しました [シナリオ名: 新規ユーザー登録]
[ADMIN] 17:02:10.096909 シナリオ走行を終了しました [シナリオ名: ログイン]
[ADMIN] 17:02:10.096922 シナリオ走行を開始しました [シナリオ名: ログイン]
[ADMIN] 17:02:10.114722 シナリオ走行を終了しました [シナリオ名: ログイン]
[ADMIN] 17:02:10.114745 シナリオ走行を開始しました [シナリオ名: ログイン]
[ADMIN] 17:02:10.114797 シナリオ走行を開始しました [シナリオ名: ログイン]
[ADMIN] 17:02:10.114807 シナリオ走行を開始しました [シナリオ名: ログイン]
[ADMIN] 17:02:10.114814 シナリオ走行を開始しました [シナリオ名: ログイン]
[ADMIN] 17:02:10.114861 シナリオ走行を開始しました [シナリオ名: ログイン]
[ADMIN] 17:02:10.114802 シナリオ走行を開始しました [シナリオ名: ログイン]
[ADMIN] 17:02:10.114942 シナリオ走行を開始しました [シナリオ名: ログイン]
[ADMIN] 17:02:10.114948 シナリオ走行を開始しました [シナリオ名: ログイン]
[ADMIN] 17:02:10.114949 シナリオ走行を開始しました [シナリオ名: ログイン]
[ADMIN] 17:02:10.114804 シナリオ走行を開始しました [シナリオ名: ログイン]
[ADMIN] 17:02:10.115031 シナリオ走行を開始しました [シナリオ名: ログイン]
[ADMIN] 17:02:10.115064 シナリオ走行を開始しました [シナリオ名: ログイン]
[ADMIN] 17:02:10.114806 シナリオ走行を開始しました [シナリオ名: ログイン]
[ADMIN] 17:02:10.115115 シナリオ走行を開始しました [シナリオ名: ログイン]
[ADMIN] 17:02:10.115146 シナリオ走行を開始しました [シナリオ名: ログイン]
[ADMIN] 17:02:10.115180 シナリオ走行を開始しました [シナリオ名: ログイン]
[ADMIN] 17:02:10.150561 シナリオ走行を終了しました [シナリオ名: ログイン]
[ADMIN] 17:02:10.191751 シナリオ走行を終了しました [シナリオ名: ログイン]
[ADMIN] 17:02:10.226801 シナリオ走行を終了しました [シナリオ名: ログイン]
[ADMIN] 17:02:10.229181 シナリオ走行を終了しました [シナリオ名: ログイン]
[ADMIN] 17:02:10.244167 シナリオ走行を終了しました [シナリオ名: ログイン]
[ADMIN] 17:02:10.260593 シナリオ走行を終了しました [シナリオ名: ログイン]
[ADMIN] 17:02:10.281707 シナリオ走行を終了しました [シナリオ名: Banユーザログイン]
[ADMIN] 17:02:10.281732 シナリオ走行を開始しました [シナリオ名: Banユーザログイン]
[ADMIN] 17:02:10.287120 シナリオ走行を終了しました [シナリオ名: 新規ユーザー登録]
[ADMIN] 17:02:10.287143 シナリオ走行を開始しました [シナリオ名: 新規ユーザー登録]
[ADMIN] 17:02:10.336372 シナリオ走行を終了しました [シナリオ名: ログイン]
[ADMIN] 17:02:10.336664 シナリオ走行を終了しました [シナリオ名: 新規ユーザー登録]
[ADMIN] 17:02:10.336702 シナリオ走行を開始しました [シナリオ名: 新規ユーザー登録]
[ADMIN] 17:02:10.336707 シナリオ走行を開始しました [シナリオ名: 新規ユーザー登録]
[ADMIN] 17:02:10.336719 シナリオ走行を開始しました [シナリオ名: 新規ユーザー登録]
[ADMIN] 17:02:10.336765 シナリオ走行を開始しました [シナリオ名: 新規ユーザー登録]
[ADMIN] 17:02:10.336853 シナリオ走行を開始しました [シナリオ名: 新規ユーザー登録]
[ADMIN] 17:02:10.336864 シナリオ走行を開始しました [シナリオ名: 新規ユーザー登録]
[ADMIN] 17:02:10.336865 シナリオ走行を開始しました [シナリオ名: 新規ユーザー登録]
[ADMIN] 17:02:10.336712 シナリオ走行を開始しました [シナリオ名: 新規ユーザー登録]
[ADMIN] 17:02:10.336968 シナリオ走行を開始しました [シナリオ名: 新規ユーザー登録]
[ADMIN] 17:02:10.342366 シナリオ走行を終了しました [シナリオ名: Banユーザログイン]
[ADMIN] 17:02:10.342384 シナリオ走行を開始しました [シナリオ名: Banユーザログイン]
[ADMIN] 17:02:10.351208 シナリオ走行を終了しました [シナリオ名: 新規ユーザー登録]
[ADMIN] 17:02:10.378832 シナリオ走行を終了しました [シナリオ名: Banユーザログイン]
[ADMIN] 17:02:10.378861 シナリオ走行を開始しました [シナリオ名: Banユーザログイン]
[ADMIN] 17:02:10.378864 シナリオ走行を開始しました [シナリオ名: Banユーザログイン]
[ADMIN] 17:02:10.378871 シナリオ走行を開始しました [シナリオ名: Banユーザログイン]
[ADMIN] 17:02:10.379083 シナリオ走行を終了しました [シナリオ名: ログイン]
[ADMIN] 17:02:10.428283 シナリオ走行を終了しました [シナリオ名: Banユーザログイン]
[ADMIN] 17:02:10.437728 シナリオ走行を終了しました [シナリオ名: 新規ユーザー登録]
[ADMIN] 17:02:10.440826 シナリオ走行を終了しました [シナリオ名: Banユーザログイン]
[ADMIN] 17:02:10.444321 シナリオ走行を終了しました [シナリオ名: ログイン]
[ADMIN] 17:02:10.477434 シナリオ走行を終了しました [シナリオ名: 新規ユーザー登録]
[ADMIN] 17:02:10.499789 シナリオ走行を終了しました [シナリオ名: ログイン]
[ADMIN] 17:02:10.512374 シナリオ走行を終了しました [シナリオ名: ログイン]
[ADMIN] 17:02:10.513791 シナリオ走行を終了しました [シナリオ名: ログイン]
[ADMIN] 17:02:10.519141 シナリオ走行を終了しました [シナリオ名: ログイン]
[ADMIN] 17:02:10.530050 シナリオ走行を終了しました [シナリオ名: ログイン]
[ADMIN] 17:02:10.534063 シナリオ走行を終了しました [シナリオ名: ログイン]
[ADMIN] 17:02:10.543968 シナリオ走行を終了しました [シナリオ名: Banユーザログイン]
[ADMIN] 17:02:10.549621 シナリオ走行を終了しました [シナリオ名: ログイン]
[ADMIN] 17:02:10.605369 シナリオ走行を終了しました [シナリオ名: ログイン]
[ADMIN] 17:02:10.629256 シナリオ走行を終了しました [シナリオ名: 新規ユーザー登録]
[ADMIN] 17:02:10.635182 シナリオ走行を終了しました [シナリオ名: ログイン]
[ADMIN] 17:02:10.636323 シナリオ走行を終了しました [シナリオ名: ログイン]
[ADMIN] 17:02:10.682219 シナリオ走行を終了しました [シナリオ名: ログイン]
[ADMIN] 17:02:10.714160 シナリオ走行を終了しました [シナリオ名: ログイン]
[ADMIN] 17:02:10.747996 シナリオ走行を終了しました [シナリオ名: ログイン]
[ADMIN] 17:02:10.770714 シナリオ走行を終了しました [シナリオ名: ログイン]
[ADMIN] 17:02:10.778338 シナリオ走行を終了しました [シナリオ名: 新規ユーザー登録]
[ADMIN] 17:02:10.788719 シナリオ走行を終了しました [シナリオ名: 新規ユーザー登録]
[ADMIN] 17:02:10.789663 シナリオ走行を終了しました [シナリオ名: ログイン]
[ADMIN] 17:02:10.791219 シナリオ走行を終了しました [シナリオ名: ログイン]
[ADMIN] 17:02:10.797900 シナリオ走行を終了しました [シナリオ名: ログイン]
[ADMIN] 17:02:10.808184 シナリオ走行を終了しました [シナリオ名: ログイン]
[ADMIN] 17:02:10.817429 シナリオ走行を終了しました [シナリオ名: ログイン]
[ADMIN] 17:02:10.834149 シナリオ走行を終了しました [シナリオ名: Banユーザログイン]
[ADMIN] 17:02:10.856617 シナリオ走行を終了しました [シナリオ名: ログイン]
[ADMIN] 17:02:10.871236 シナリオ走行を終了しました [シナリオ名: ログイン]
[ADMIN] 17:02:10.878141 シナリオ走行を終了しました [シナリオ名: ログイン]
[ADMIN] 17:02:10.896106 シナリオ走行を終了しました [シナリオ名: ログイン]
[ADMIN] 17:02:10.898174 シナリオ走行を終了しました [シナリオ名: Banユーザログイン]
[ADMIN] 17:02:10.938072 シナリオ走行を終了しました [シナリオ名: Banユーザログイン]
[ADMIN] 17:02:10.938101 シナリオ走行を開始しました [シナリオ名: Banユーザログイン]
[ADMIN] 17:02:10.938104 シナリオ走行を開始しました [シナリオ名: Banユーザログイン]
[ADMIN] 17:02:10.938112 シナリオ走行を開始しました [シナリオ名: Banユーザログイン]
[ADMIN] 17:02:10.938114 シナリオ走行を開始しました [シナリオ名: Banユーザログイン]
[ADMIN] 17:02:10.938117 シナリオ走行を開始しました [シナリオ名: Banユーザログイン]
[ADMIN] 17:02:10.938120 シナリオ走行を開始しました [シナリオ名: Banユーザログイン]
[ADMIN] 17:02:10.941467 シナリオ走行を終了しました [シナリオ名: Banユーザログイン]
[ADMIN] 17:02:10.941485 シナリオ走行を開始しました [シナリオ名: Banユーザログイン]
[ADMIN] 17:02:10.941928 シナリオ走行を終了しました [シナリオ名: ログイン]
[ADMIN] 17:02:10.945269 シナリオ走行を終了しました [シナリオ名: Banユーザログイン]
[ADMIN] 17:02:10.945283 シナリオ走行を開始しました [シナリオ名: Banユーザログイン]
[ADMIN] 17:02:10.946585 シナリオ走行を終了しました [シナリオ名: ログイン]
[ADMIN] 17:02:10.963848 シナリオ走行を終了しました [シナリオ名: ログイン]
[ADMIN] 17:02:10.967848 シナリオ走行を終了しました [シナリオ名: ログイン]
[ADMIN] 17:02:10.967892 シナリオ走行を開始しました [シナリオ名: ログイン]
[ADMIN] 17:02:10.967915 シナリオ走行を開始しました [シナリオ名: ログイン]
[ADMIN] 17:02:10.967927 シナリオ走行を開始しました [シナリオ名: ログイン]
[ADMIN] 17:02:10.967964 シナリオ走行を開始しました [シナリオ名: ログイン]
[ADMIN] 17:02:10.968037 シナリオ走行を開始しました [シナリオ名: ログイン]
[ADMIN] 17:02:10.968045 シナリオ走行を開始しました [シナリオ名: ログイン]
[ADMIN] 17:02:10.968051 シナリオ走行を開始しました [シナリオ名: ログイン]
[ADMIN] 17:02:10.968136 シナリオ走行を開始しました [シナリオ名: ログイン]
[ADMIN] 17:02:10.968166 シナリオ走行を開始しました [シナリオ名: ログイン]
[ADMIN] 17:02:10.968173 シナリオ走行を開始しました [シナリオ名: ログイン]
[ADMIN] 17:02:10.968180 シナリオ走行を開始しました [シナリオ名: ログイン]
[ADMIN] 17:02:10.968150 シナリオ走行を開始しました [シナリオ名: ログイン]
[ADMIN] 17:02:10.968276 シナリオ走行を開始しました [シナリオ名: ログイン]
[ADMIN] 17:02:10.968152 シナリオ走行を開始しました [シナリオ名: ログイン]
[ADMIN] 17:02:10.968152 シナリオ走行を開始しました [シナリオ名: ログイン]
[ADMIN] 17:02:10.968155 シナリオ走行を開始しました [シナリオ名: ログイン]
[ADMIN] 17:02:10.968157 シナリオ走行を開始しました [シナリオ名: ログイン]
[ADMIN] 17:02:10.968158 シナリオ走行を開始しました [シナリオ名: ログイン]
[ADMIN] 17:02:10.968153 シナリオ走行を開始しました [シナリオ名: ログイン]
[ADMIN] 17:02:10.968159 シナリオ走行を開始しました [シナリオ名: ログイン]
[ADMIN] 17:02:10.968161 シナリオ走行を開始しました [シナリオ名: ログイン]
[ADMIN] 17:02:10.968161 シナリオ走行を開始しました [シナリオ名: ログイン]
[ADMIN] 17:02:10.968161 シナリオ走行を開始しました [シナリオ名: ログイン]
[ADMIN] 17:02:10.968162 シナリオ走行を開始しました [シナリオ名: ログイン]
[ADMIN] 17:02:10.968163 シナリオ走行を開始しました [シナリオ名: ログイン]
[ADMIN] 17:02:10.968164 シナリオ走行を開始しました [シナリオ名: ログイン]
[ADMIN] 17:02:10.968164 シナリオ走行を開始しました [シナリオ名: ログイン]
[ADMIN] 17:02:10.968165 シナリオ走行を開始しました [シナリオ名: ログイン]
[ADMIN] 17:02:10.968166 シナリオ走行を開始しました [シナリオ名: ログイン]
[ADMIN] 17:02:10.968167 シナリオ走行を開始しました [シナリオ名: ログイン]
[ADMIN] 17:02:10.968169 シナリオ走行を開始しました [シナリオ名: ログイン]
[ADMIN] 17:02:10.968169 シナリオ走行を開始しました [シナリオ名: ログイン]
[ADMIN] 17:02:10.968171 シナリオ走行を開始しました [シナリオ名: ログイン]
[ADMIN] 17:02:10.968170 シナリオ走行を開始しました [シナリオ名: ログイン]
[ADMIN] 17:02:10.968270 シナリオ走行を開始しました [シナリオ名: ログイン]
[ADMIN] 17:02:10.968273 シナリオ走行を開始しました [シナリオ名: ログイン]
[ADMIN] 17:02:11.052155 シナリオ走行を終了しました [シナリオ名: ログイン]
[ADMIN] 17:02:11.052167 シナリオ走行を開始しました [シナリオ名: ログイン]
[ADMIN] 17:02:11.052968 シナリオ走行を終了しました [シナリオ名: ログイン]
[ADMIN] 17:02:11.054588 シナリオ走行を終了しました [シナリオ名: ログイン]
[ADMIN] 17:02:11.102344 シナリオ走行を終了しました [シナリオ名: ログイン]
[ADMIN] 17:02:11.118653 シナリオ走行を終了しました [シナリオ名: ログイン]
[ADMIN] 17:02:11.118668 シナリオ走行を開始しました [シナリオ名: ログイン]
[ADMIN] 17:02:11.118669 シナリオ走行を開始しました [シナリオ名: ログイン]
[ADMIN] 17:02:11.118744 シナリオ走行を開始しました [シナリオ名: ログイン]
[ADMIN] 17:02:11.118780 シナリオ走行を開始しました [シナリオ名: ログイン]
[ADMIN] 17:02:11.352586 シナリオ走行を終了しました [シナリオ名: ログイン]
[ADMIN] 17:02:11.352599 シナリオ走行を開始しました [シナリオ名: ログイン]
[ADMIN] 17:02:11.361269 シナリオ走行を終了しました [シナリオ名: ログイン]
[ADMIN] 17:02:11.374964 シナリオ走行を終了しました [シナリオ名: ログイン]
[ADMIN] 17:02:11.374973 シナリオ走行を開始しました [シナリオ名: ログイン]
[ADMIN] 17:02:11.375034 シナリオ走行を開始しました [シナリオ名: ログイン]
[ADMIN] 17:02:11.423264 シナリオ走行を終了しました [シナリオ名: ログイン]
[ADMIN] 17:02:11.443332 シナリオ走行を終了しました [シナリオ名: Banユーザログイン]
[ADMIN] 17:02:11.443343 シナリオ走行を終了しました [シナリオ名: Banユーザログイン]
[ADMIN] 17:02:11.443350 シナリオ走行を開始しました [シナリオ名: Banユーザログイン]
[ADMIN] 17:02:11.443350 シナリオ走行を開始しました [シナリオ名: Banユーザログイン]
[ADMIN] 17:02:11.443353 シナリオ走行を終了しました [シナリオ名: Banユーザログイン]
[ADMIN] 17:02:11.443362 シナリオ走行を開始しました [シナリオ名: Banユーザログイン]
[ADMIN] 17:02:11.444866 シナリオ走行を終了しました [シナリオ名: Banユーザログイン]
[ADMIN] 17:02:11.444878 シナリオ走行を開始しました [シナリオ名: Banユーザログイン]
[ADMIN] 17:02:11.447492 シナリオ走行を終了しました [シナリオ名: Banユーザログイン]
[ADMIN] 17:02:11.447504 シナリオ走行を開始しました [シナリオ名: Banユーザログイン]
[ADMIN] 17:02:11.449666 シナリオ走行を終了しました [シナリオ名: Banユーザログイン]
[ADMIN] 17:02:11.449679 シナリオ走行を開始しました [シナリオ名: Banユーザログイン]
[ADMIN] 17:02:11.451032 シナリオ走行を終了しました [シナリオ名: Banユーザログイン]
[ADMIN] 17:02:11.451040 シナリオ走行を開始しました [シナリオ名: Banユーザログイン]
[ADMIN] 17:02:11.451045 シナリオ走行を終了しました [シナリオ名: Banユーザログイン]
[ADMIN] 17:02:11.451055 シナリオ走行を開始しました [シナリオ名: Banユーザログイン]
[ADMIN] 17:02:11.516387 シナリオ走行を終了しました [シナリオ名: 新規ユーザー登録]
[ADMIN] 17:02:11.536678 シナリオ走行を終了しました [シナリオ名: ログイン]
[ADMIN] 17:02:11.536688 シナリオ走行を開始しました [シナリオ名: ログイン]
[ADMIN] 17:02:11.536744 シナリオ走行を開始しました [シナリオ名: ログイン]
[ADMIN] 17:02:11.539576 シナリオ走行を終了しました [シナリオ名: ログイン]
[ADMIN] 17:02:11.539587 シナリオ走行を開始しました [シナリオ名: ログイン]
[ADMIN] 17:02:11.545708 シナリオ走行を終了しました [シナリオ名: ログイン]
[ADMIN] 17:02:11.550331 シナリオ走行を終了しました [シナリオ名: ログイン]
[ADMIN] 17:02:11.550342 シナリオ走行を開始しました [シナリオ名: ログイン]
[ADMIN] 17:02:11.550398 シナリオ走行を開始しました [シナリオ名: ログイン]
[ADMIN] 17:02:11.567402 シナリオ走行を終了しました [シナリオ名: 新規ユーザー登録]
[ADMIN] 17:02:11.575408 シナリオ走行を終了しました [シナリオ名: ログイン]
[ADMIN] 17:02:11.575419 シナリオ走行を開始しました [シナリオ名: ログイン]
[ADMIN] 17:02:11.595259 シナリオ走行を終了しました [シナリオ名: 新規ユーザー登録]
[ADMIN] 17:02:11.618842 シナリオ走行を終了しました [シナリオ名: ログイン]
[ADMIN] 17:02:11.618854 シナリオ走行を開始しました [シナリオ名: ログイン]
[ADMIN] 17:02:11.683785 シナリオ走行を終了しました [シナリオ名: ログイン]
[ADMIN] 17:02:11.683799 シナリオ走行を開始しました [シナリオ名: ログイン]
[ADMIN] 17:02:11.714422 シナリオ走行を終了しました [シナリオ名: ログイン]
[ADMIN] 17:02:11.720281 シナリオ走行を終了しました [シナリオ名: 新規ユーザー登録]
[ADMIN] 17:02:11.807708 シナリオ走行を終了しました [シナリオ名: ログイン]
[ADMIN] 17:02:11.807724 シナリオ走行を開始しました [シナリオ名: ログイン]
[ADMIN] 17:02:11.807777 シナリオ走行を開始しました [シナリオ名: ログイン]
[ADMIN] 17:02:11.810799 シナリオ走行を終了しました [シナリオ名: ログイン]
[ADMIN] 17:02:11.810808 シナリオ走行を開始しました [シナリオ名: ログイン]
[ADMIN] 17:02:11.869089 シナリオ走行を終了しました [シナリオ名: ログイン]
[ADMIN] 17:02:11.869100 シナリオ走行を開始しました [シナリオ名: ログイン]
[ADMIN] 17:02:11.942508 シナリオ走行を終了しました [シナリオ名: 新規ユーザー登録]
[ADMIN] 17:02:11.982081 シナリオ走行を終了しました [シナリオ名: Banユーザログイン]
[ADMIN] 17:02:11.982099 シナリオ走行を終了しました [シナリオ名: Banユーザログイン]
[ADMIN] 17:02:11.982101 シナリオ走行を開始しました [シナリオ名: Banユーザログイン]
[ADMIN] 17:02:11.982110 シナリオ走行を開始しました [シナリオ名: Banユーザログイン]
[ADMIN] 17:02:11.982524 シナリオ走行を終了しました [シナリオ名: Banユーザログイン]
[ADMIN] 17:02:11.982536 シナリオ走行を開始しました [シナリオ名: Banユーザログイン]
[ADMIN] 17:02:11.986917 シナリオ走行を終了しました [シナリオ名: Banユーザログイン]
[ADMIN] 17:02:11.986933 シナリオ走行を開始しました [シナリオ名: Banユーザログイン]
[ADMIN] 17:02:11.992394 シナリオ走行を終了しました [シナリオ名: Banユーザログイン]
[ADMIN] 17:02:11.992407 シナリオ走行を開始しました [シナリオ名: Banユーザログイン]
[ADMIN] 17:02:12.001988 シナリオ走行を終了しました [シナリオ名: Banユーザログイン]
[ADMIN] 17:02:12.002005 シナリオ走行を開始しました [シナリオ名: Banユーザログイン]
[ADMIN] 17:02:12.004483 シナリオ走行を終了しました [シナリオ名: 新規ユーザー登録]
[ADMIN] 17:02:12.016567 シナリオ走行を終了しました [シナリオ名: Banユーザログイン]
[ADMIN] 17:02:12.016590 シナリオ走行を開始しました [シナリオ名: Banユーザログイン]
[ADMIN] 17:02:12.034837 シナリオ走行を終了しました [シナリオ名: Banユーザログイン]
[ADMIN] 17:02:12.034853 シナリオ走行を開始しました [シナリオ名: Banユーザログイン]
[ADMIN] 17:02:12.047666 シナリオ走行を終了しました [シナリオ名: ログイン]
[ADMIN] 17:02:12.047678 シナリオ走行を開始しました [シナリオ名: ログイン]
[ADMIN] 17:02:12.188933 シナリオ走行を終了しました [シナリオ名: 新規ユーザー登録]
[ADMIN] 17:02:12.254228 シナリオ走行を終了しました [シナリオ名: ログイン]
[ADMIN] 17:02:12.254243 シナリオ走行を開始しました [シナリオ名: ログイン]
[ADMIN] 17:02:12.257209 シナリオ走行を終了しました [シナリオ名: 新規ユーザー登録]
[ADMIN] 17:02:12.259661 シナリオ走行を終了しました [シナリオ名: ログイン]
[ADMIN] 17:02:12.259671 シナリオ走行を開始しました [シナリオ名: ログイン]
[ADMIN] 17:02:12.297635 シナリオ走行を終了しました [シナリオ名: 新規ユーザー登録]
[ADMIN] 17:02:12.335349 シナリオ走行を終了しました [シナリオ名: ログイン]
[ADMIN] 17:02:12.335363 シナリオ走行を開始しました [シナリオ名: ログイン]
[ADMIN] 17:02:12.336897 シナリオ走行を終了しました [シナリオ名: ログイン]
[ADMIN] 17:02:12.336907 シナリオ走行を開始しました [シナリオ名: ログイン]
[ADMIN] 17:02:12.352562 シナリオ走行を終了しました [シナリオ名: 新規ユーザー登録]
[ADMIN] 17:02:12.366128 シナリオ走行を終了しました [シナリオ名: ログイン]
[ADMIN] 17:02:12.366142 シナリオ走行を開始しました [シナリオ名: ログイン]
[ADMIN] 17:02:12.381239 シナリオ走行を終了しました [シナリオ名: 新規ユーザー登録]
[ADMIN] 17:02:12.393108 シナリオ走行を終了しました [シナリオ名: ログイン]
[ADMIN] 17:02:12.393120 シナリオ走行を開始しました [シナリオ名: ログイン]
[ADMIN] 17:02:12.395850 シナリオ走行を終了しました [シナリオ名: ログイン]
[ADMIN] 17:02:12.395861 シナリオ走行を開始しました [シナリオ名: ログイン]
[ADMIN] 17:02:12.436142 シナリオ走行を終了しました [シナリオ名: ログイン]
[ADMIN] 17:02:12.436158 シナリオ走行を開始しました [シナリオ名: ログイン]
[ADMIN] 17:02:12.436172 シナリオ走行を終了しました [シナリオ名: ログイン]
[ADMIN] 17:02:12.436181 シナリオ走行を開始しました [シナリオ名: ログイン]
[ADMIN] 17:02:12.446017 シナリオ走行を終了しました [シナリオ名: ログイン]
[ADMIN] 17:02:12.446031 シナリオ走行を開始しました [シナリオ名: ログイン]
[ADMIN] 17:02:12.453323 シナリオ走行を終了しました [シナリオ名: ログイン]
[ADMIN] 17:02:12.453334 シナリオ走行を開始しました [シナリオ名: ログイン]
[ADMIN] 17:02:12.456926 シナリオ走行を終了しました [シナリオ名: ログイン]
[ADMIN] 17:02:12.456935 シナリオ走行を開始しました [シナリオ名: ログイン]
[ADMIN] 17:02:12.458569 シナリオ走行を終了しました [シナリオ名: ログイン]
[ADMIN] 17:02:12.458578 シナリオ走行を開始しました [シナリオ名: ログイン]
[ADMIN] 17:02:12.468264 シナリオ走行を終了しました [シナリオ名: ログイン]
[ADMIN] 17:02:12.468273 シナリオ走行を開始しました [シナリオ名: ログイン]
[ADMIN] 17:02:12.478010 シナリオ走行を終了しました [シナリオ名: 新規ユーザー登録]
[ADMIN] 17:02:12.478050 シナリオ走行を開始しました [シナリオ名: 新規ユーザー登録]
[ADMIN] 17:02:12.478086 シナリオ走行を開始しました [シナリオ名: 新規ユーザー登録]
[ADMIN] 17:02:12.478096 シナリオ走行を開始しました [シナリオ名: 新規ユーザー登録]
[ADMIN] 17:02:12.478153 シナリオ走行を開始しました [シナリオ名: 新規ユーザー登録]
[ADMIN] 17:02:12.478199 シナリオ走行を開始しました [シナリオ名: 新規ユーザー登録]
[ADMIN] 17:02:12.478215 シナリオ走行を開始しました [シナリオ名: 新規ユーザー登録]
[ADMIN] 17:02:12.478217 シナリオ走行を開始しました [シナリオ名: 新規ユーザー登録]
[ADMIN] 17:02:12.478303 シナリオ走行を開始しました [シナリオ名: 新規ユーザー登録]
[ADMIN] 17:02:12.478311 シナリオ走行を開始しました [シナリオ名: 新規ユーザー登録]
[ADMIN] 17:02:12.478316 シナリオ走行を開始しました [シナリオ名: 新規ユーザー登録]
[ADMIN] 17:02:12.478298 シナリオ走行を開始しました [シナリオ名: 新規ユーザー登録]
[ADMIN] 17:02:12.478427 シナリオ走行を開始しました [シナリオ名: 新規ユーザー登録]
[ADMIN] 17:02:12.478178 シナリオ走行を開始しました [シナリオ名: 新規ユーザー登録]
[ADMIN] 17:02:12.478522 シナリオ走行を開始しました [シナリオ名: 新規ユーザー登録]
[ADMIN] 17:02:12.478186 シナリオ走行を開始しました [シナリオ名: 新規ユーザー登録]
[ADMIN] 17:02:12.478173 シナリオ走行を開始しました [シナリオ名: 新規ユーザー登録]
[ADMIN] 17:02:12.478191 シナリオ走行を開始しました [シナリオ名: 新規ユーザー登録]
[ADMIN] 17:02:12.478308 シナリオ走行を開始しました [シナリオ名: 新規ユーザー登録]
[ADMIN] 17:02:12.497927 シナリオ走行を終了しました [シナリオ名: ログイン]
[ADMIN] 17:02:12.497936 シナリオ走行を開始しました [シナリオ名: ログイン]
[ADMIN] 17:02:12.511729 シナリオ走行を終了しました [シナリオ名: ログイン]
[ADMIN] 17:02:12.511739 シナリオ走行を開始しました [シナリオ名: ログイン]
[ADMIN] 17:02:12.514851 シナリオ走行を終了しました [シナリオ名: ログイン]
[ADMIN] 17:02:12.514860 シナリオ走行を開始しました [シナリオ名: ログイン]
[ADMIN] 17:02:12.516020 シナリオ走行を終了しました [シナリオ名: ログイン]
[ADMIN] 17:02:12.516029 シナリオ走行を開始しました [シナリオ名: ログイン]
[ADMIN] 17:02:12.566939 シナリオ走行を終了しました [シナリオ名: ログイン]
[ADMIN] 17:02:12.566949 シナリオ走行を開始しました [シナリオ名: ログイン]
[ADMIN] 17:02:12.569851 シナリオ走行を終了しました [シナリオ名: 新規ユーザー登録]
[ADMIN] 17:02:12.576000 シナリオ走行を終了しました [シナリオ名: Banユーザログイン]
[ADMIN] 17:02:12.576018 シナリオ走行を開始しました [シナリオ名: Banユーザログイン]
[ADMIN] 17:02:12.591847 シナリオ走行を終了しました [シナリオ名: Banユーザログイン]
[ADMIN] 17:02:12.591863 シナリオ走行を開始しました [シナリオ名: Banユーザログイン]
[ADMIN] 17:02:12.599630 シナリオ走行を終了しました [シナリオ名: 新規ユーザー登録]
[ADMIN] 17:02:12.599650 シナリオ走行を開始しました [シナリオ名: 新規ユーザー登録]
[ADMIN] 17:02:12.599722 シナリオ走行を開始しました [シナリオ名: 新規ユーザー登録]
[ADMIN] 17:02:12.611609 シナリオ走行を終了しました [シナリオ名: Banユーザログイン]
[ADMIN] 17:02:12.611627 シナリオ走行を開始しました [シナリオ名: Banユーザログイン]
[ADMIN] 17:02:12.617608 シナリオ走行を終了しました [シナリオ名: ログイン]
[ADMIN] 17:02:12.617618 シナリオ走行を開始しました [シナリオ名: ログイン]
[ADMIN] 17:02:12.621061 シナリオ走行を終了しました [シナリオ名: Banユーザログイン]
[ADMIN] 17:02:12.621074 シナリオ走行を開始しました [シナリオ名: Banユーザログイン]
[ADMIN] 17:02:12.636469 シナリオ走行を終了しました [シナリオ名: ログイン]
[ADMIN] 17:02:12.636481 シナリオ走行を開始しました [シナリオ名: ログイン]
[ADMIN] 17:02:12.647706 シナリオ走行を終了しました [シナリオ名: Banユーザログイン]
[ADMIN] 17:02:12.647727 シナリオ走行を開始しました [シナリオ名: Banユーザログイン]
[ADMIN] 17:02:12.648055 シナリオ走行を終了しました [シナリオ名: ログイン]
[ADMIN] 17:02:12.648062 シナリオ走行を開始しました [シナリオ名: ログイン]
[ADMIN] 17:02:12.663707 シナリオ走行を終了しました [シナリオ名: Banユーザログイン]
[ADMIN] 17:02:12.663724 シナリオ走行を開始しました [シナリオ名: Banユーザログイン]
[ADMIN] 17:02:12.666797 シナリオ走行を終了しました [シナリオ名: Banユーザログイン]
[ADMIN] 17:02:12.666814 シナリオ走行を開始しました [シナリオ名: Banユーザログイン]
[ADMIN] 17:02:12.667843 シナリオ走行を終了しました [シナリオ名: ログイン]
[ADMIN] 17:02:12.667853 シナリオ走行を開始しました [シナリオ名: ログイン]
[ADMIN] 17:02:12.678592 シナリオ走行を終了しました [シナリオ名: 新規ユーザー登録]
[ADMIN] 17:02:12.678611 シナリオ走行を開始しました [シナリオ名: 新規ユーザー登録]
[ADMIN] 17:02:12.685498 シナリオ走行を終了しました [シナリオ名: Banユーザログイン]
[ADMIN] 17:02:12.685509 シナリオ走行を開始しました [シナリオ名: Banユーザログイン]
[ADMIN] 17:02:12.705393 シナリオ走行を終了しました [シナリオ名: ログイン]
[ADMIN] 17:02:12.705404 シナリオ走行を開始しました [シナリオ名: ログイン]
[ADMIN] 17:02:12.725278 シナリオ走行を終了しました [シナリオ名: ログイン]
[ADMIN] 17:02:12.725289 シナリオ走行を開始しました [シナリオ名: ログイン]
[ADMIN] 17:02:12.737508 シナリオ走行を終了しました [シナリオ名: 新規ユーザー登録]
[ADMIN] 17:02:12.742261 シナリオ走行を終了しました [シナリオ名: 新規ユーザー登録]
[ADMIN] 17:02:12.756353 シナリオ走行を終了しました [シナリオ名: 新規ユーザー登録]
[ADMIN] 17:02:12.756379 シナリオ走行を開始しました [シナリオ名: 新規ユーザー登録]
[ADMIN] 17:02:12.756403 シナリオ走行を開始しました [シナリオ名: 新規ユーザー登録]
[ADMIN] 17:02:12.756468 シナリオ走行を開始しました [シナリオ名: 新規ユーザー登録]
[ADMIN] 17:02:12.791947 シナリオ走行を終了しました [シナリオ名: 新規ユーザー登録]
[ADMIN] 17:02:12.791970 シナリオ走行を開始しました [シナリオ名: 新規ユーザー登録]
[ADMIN] 17:02:12.793561 シナリオ走行を終了しました [シナリオ名: ログイン]
[ADMIN] 17:02:12.793575 シナリオ走行を開始しました [シナリオ名: ログイン]
[ADMIN] 17:02:12.849013 シナリオ走行を終了しました [シナリオ名: 新規ユーザー登録]
[ADMIN] 17:02:12.849040 シナリオ走行を開始しました [シナリオ名: 新規ユーザー登録]
[ADMIN] 17:02:12.894746 シナリオ走行を終了しました [シナリオ名: ログイン]
[ADMIN] 17:02:12.894760 シナリオ走行を開始しました [シナリオ名: ログイン]
[ADMIN] 17:02:12.895099 シナリオ走行を終了しました [シナリオ名: ログイン]
[ADMIN] 17:02:12.895118 シナリオ走行を開始しました [シナリオ名: ログイン]
[ADMIN] 17:02:12.895221 シナリオ走行を終了しました [シナリオ名: 新規ユーザー登録]
[ADMIN] 17:02:12.895246 シナリオ走行を開始しました [シナリオ名: 新規ユーザー登録]
[ADMIN] 17:02:12.895685 シナリオ走行を終了しました [シナリオ名: 新規ユーザー登録]
[ADMIN] 17:02:12.895702 シナリオ走行を開始しました [シナリオ名: 新規ユーザー登録]
[ADMIN] 17:02:12.895773 シナリオ走行を終了しました [シナリオ名: ログイン]
[ADMIN] 17:02:12.895783 シナリオ走行を開始しました [シナリオ名: ログイン]
[ADMIN] 17:02:12.895960 シナリオ走行を終了しました [シナリオ名: ログイン]
[ADMIN] 17:02:12.895971 シナリオ走行を開始しました [シナリオ名: ログイン]
[ADMIN] 17:02:12.923151 シナリオ走行を終了しました [シナリオ名: ログイン]
[ADMIN] 17:02:12.923163 シナリオ走行を開始しました [シナリオ名: ログイン]
[ADMIN] 17:02:12.930521 シナリオ走行を終了しました [シナリオ名: ログイン]
[ADMIN] 17:02:12.930530 シナリオ走行を開始しました [シナリオ名: ログイン]
[ADMIN] 17:02:12.943886 シナリオ走行を終了しました [シナリオ名: ログイン]
[ADMIN] 17:02:12.943894 シナリオ走行を開始しました [シナリオ名: ログイン]
[ADMIN] 17:02:12.957910 シナリオ走行を終了しました [シナリオ名: ログイン]
[ADMIN] 17:02:12.957919 シナリオ走行を開始しました [シナリオ名: ログイン]
[ADMIN] 17:02:12.959614 シナリオ走行を終了しました [シナリオ名: ログイン]
[ADMIN] 17:02:12.959622 シナリオ走行を開始しました [シナリオ名: ログイン]
[ADMIN] 17:02:12.960030 シナリオ走行を終了しました [シナリオ名: ログイン]
[ADMIN] 17:02:12.960039 シナリオ走行を開始しました [シナリオ名: ログイン]
[ADMIN] 17:02:13.007733 シナリオ走行を終了しました [シナリオ名: ログイン]
[ADMIN] 17:02:13.007746 シナリオ走行を開始しました [シナリオ名: ログイン]
[ADMIN] 17:02:13.010206 シナリオ走行を終了しました [シナリオ名: 新規ユーザー登録]
[ADMIN] 17:02:13.010228 シナリオ走行を開始しました [シナリオ名: 新規ユーザー登録]
[ADMIN] 17:02:13.012058 シナリオ走行を終了しました [シナリオ名: ログイン]
[ADMIN] 17:02:13.012066 シナリオ走行を開始しました [シナリオ名: ログイン]
[ADMIN] 17:02:13.013027 シナリオ走行を終了しました [シナリオ名: ログイン]
[ADMIN] 17:02:13.013087 シナリオ走行を開始しました [シナリオ名: ログイン]
[ADMIN] 17:02:13.014636 シナリオ走行を終了しました [シナリオ名: ログイン]
[ADMIN] 17:02:13.014646 シナリオ走行を開始しました [シナリオ名: ログイン]
[ADMIN] 17:02:13.023198 シナリオ走行を終了しました [シナリオ名: ログイン]
[ADMIN] 17:02:13.023209 シナリオ走行を開始しました [シナリオ名: ログイン]
[ADMIN] 17:02:13.027303 シナリオ走行を終了しました [シナリオ名: ログイン]
[ADMIN] 17:02:13.027313 シナリオ走行を開始しました [シナリオ名: ログイン]
[ADMIN] 17:02:13.032657 シナリオ走行を終了しました [シナリオ名: ログイン]
[ADMIN] 17:02:13.032667 シナリオ走行を開始しました [シナリオ名: ログイン]
[ADMIN] 17:02:13.089625 シナリオ走行を終了しました [シナリオ名: ログイン]
[ADMIN] 17:02:13.089636 シナリオ走行を開始しました [シナリオ名: ログイン]
[ADMIN] 17:02:13.113652 シナリオ走行を終了しました [シナリオ名: Banユーザログイン]
[ADMIN] 17:02:13.113673 シナリオ走行を開始しました [シナリオ名: Banユーザログイン]
[ADMIN] 17:02:13.136303 シナリオ走行を終了しました [シナリオ名: Banユーザログイン]
[ADMIN] 17:02:13.136324 シナリオ走行を開始しました [シナリオ名: Banユーザログイン]
[ADMIN] 17:02:13.140073 シナリオ走行を終了しました [シナリオ名: ログイン]
[ADMIN] 17:02:13.140084 シナリオ走行を開始しました [シナリオ名: ログイン]
[ADMIN] 17:02:13.173620 シナリオ走行を終了しました [シナリオ名: ログイン]
[ADMIN] 17:02:13.173634 シナリオ走行を開始しました [シナリオ名: ログイン]
[ADMIN] 17:02:13.181879 シナリオ走行を終了しました [シナリオ名: Banユーザログイン]
[ADMIN] 17:02:13.181893 シナリオ走行を開始しました [シナリオ名: Banユーザログイン]
[ADMIN] 17:02:13.199109 シナリオ走行を終了しました [シナリオ名: Banユーザログイン]
[ADMIN] 17:02:13.199128 シナリオ走行を開始しました [シナリオ名: Banユーザログイン]
[ADMIN] 17:02:13.200515 シナリオ走行を終了しました [シナリオ名: Banユーザログイン]
[ADMIN] 17:02:13.200522 シナリオ走行を開始しました [シナリオ名: Banユーザログイン]
[ADMIN] 17:02:13.202941 シナリオ走行を終了しました [シナリオ名: ログイン]
[ADMIN] 17:02:13.202951 シナリオ走行を開始しました [シナリオ名: ログイン]
[ADMIN] 17:02:13.222425 シナリオ走行を終了しました [シナリオ名: Banユーザログイン]
[ADMIN] 17:02:13.222434 シナリオ走行を開始しました [シナリオ名: Banユーザログイン]
[ADMIN] 17:02:13.232711 シナリオ走行を終了しました [シナリオ名: ログイン]
[ADMIN] 17:02:13.232722 シナリオ走行を開始しました [シナリオ名: ログイン]
[ADMIN] 17:02:13.244391 シナリオ走行を終了しました [シナリオ名: Banユーザログイン]
[ADMIN] 17:02:13.244401 シナリオ走行を開始しました [シナリオ名: Banユーザログイン]
[ADMIN] 17:02:13.244406 シナリオ走行を終了しました [シナリオ名: Banユーザログイン]
[ADMIN] 17:02:13.244421 シナリオ走行を開始しました [シナリオ名: Banユーザログイン]
[ADMIN] 17:02:13.291921 シナリオ走行を終了しました [シナリオ名: ログイン]
[ADMIN] 17:02:13.291934 シナリオ走行を開始しました [シナリオ名: ログイン]
[ADMIN] 17:02:13.443368 シナリオ走行を終了しました [シナリオ名: ログイン]
[ADMIN] 17:02:13.443385 シナリオ走行を開始しました [シナリオ名: ログイン]
[ADMIN] 17:02:13.447269 シナリオ走行を終了しました [シナリオ名: ログイン]
[ADMIN] 17:02:13.447280 シナリオ走行を開始しました [シナリオ名: ログイン]
[ADMIN] 17:02:13.448507 シナリオ走行を終了しました [シナリオ名: ログイン]
[ADMIN] 17:02:13.448518 シナリオ走行を開始しました [シナリオ名: ログイン]
[ADMIN] 17:02:13.463894 シナリオ走行を終了しました [シナリオ名: ログイン]
[ADMIN] 17:02:13.463906 シナリオ走行を開始しました [シナリオ名: ログイン]
[ADMIN] 17:02:13.487999 シナリオ走行を終了しました [シナリオ名: ログイン]
[ADMIN] 17:02:13.488010 シナリオ走行を開始しました [シナリオ名: ログイン]
[ADMIN] 17:02:13.495363 シナリオ走行を終了しました [シナリオ名: ログイン]
[ADMIN] 17:02:13.495373 シナリオ走行を開始しました [シナリオ名: ログイン]
[ADMIN] 17:02:13.623475 シナリオ走行を終了しました [シナリオ名: ログイン]
[ADMIN] 17:02:13.623490 シナリオ走行を開始しました [シナリオ名: ログイン]
[ADMIN] 17:02:13.667172 シナリオ走行を終了しました [シナリオ名: ログイン]
[ADMIN] 17:02:13.667188 シナリオ走行を開始しました [シナリオ名: ログイン]
[ADMIN] 17:02:13.684579 シナリオ走行を終了しました [シナリオ名: ログイン]
[ADMIN] 17:02:13.684592 シナリオ走行を開始しました [シナリオ名: ログイン]
[ADMIN] 17:02:13.741277 シナリオ走行を終了しました [シナリオ名: Banユーザログイン]
[ADMIN] 17:02:13.741293 シナリオ走行を開始しました [シナリオ名: Banユーザログイン]
[ADMIN] 17:02:13.742699 シナリオ走行を終了しました [シナリオ名: Banユーザログイン]
[ADMIN] 17:02:13.742712 シナリオ走行を開始しました [シナリオ名: Banユーザログイン]
[ADMIN] 17:02:13.744086 シナリオ走行を終了しました [シナリオ名: Banユーザログイン]
[ADMIN] 17:02:13.744099 シナリオ走行を開始しました [シナリオ名: Banユーザログイン]
[ADMIN] 17:02:13.754803 シナリオ走行を終了しました [シナリオ名: ログイン]
[ADMIN] 17:02:13.754814 シナリオ走行を開始しました [シナリオ名: ログイン]
[ADMIN] 17:02:13.767430 シナリオ走行を終了しました [シナリオ名: Banユーザログイン]
[ADMIN] 17:02:13.767449 シナリオ走行を開始しました [シナリオ名: Banユーザログイン]
[ADMIN] 17:02:13.771042 シナリオ走行を終了しました [シナリオ名: ログイン]
[ADMIN] 17:02:13.771052 シナリオ走行を開始しました [シナリオ名: ログイン]
[ADMIN] 17:02:13.774706 シナリオ走行を終了しました [シナリオ名: Banユーザログイン]
[ADMIN] 17:02:13.774722 シナリオ走行を開始しました [シナリオ名: Banユーザログイン]
[ADMIN] 17:02:13.795348 シナリオ走行を終了しました [シナリオ名: Banユーザログイン]
[ADMIN] 17:02:13.795360 シナリオ走行を開始しました [シナリオ名: Banユーザログイン]
[ADMIN] 17:02:13.803511 シナリオ走行を終了しました [シナリオ名: Banユーザログイン]
[ADMIN] 17:02:13.803526 シナリオ走行を開始しました [シナリオ名: Banユーザログイン]
[ADMIN] 17:02:13.862567 シナリオ走行を終了しました [シナリオ名: ログイン]
[ADMIN] 17:02:13.862577 シナリオ走行を開始しました [シナリオ名: ログイン]
[ADMIN] 17:02:13.876172 シナリオ走行を終了しました [シナリオ名: ログイン]
[ADMIN] 17:02:13.876182 シナリオ走行を開始しました [シナリオ名: ログイン]
[ADMIN] 17:02:13.889450 シナリオ走行を終了しました [シナリオ名: ログイン]
[ADMIN] 17:02:13.889459 シナリオ走行を開始しました [シナリオ名: ログイン]
[ADMIN] 17:02:13.895635 シナリオ走行を終了しました [シナリオ名: ログイン]
[ADMIN] 17:02:13.895646 シナリオ走行を開始しました [シナリオ名: ログイン]
[ADMIN] 17:02:13.943252 シナリオ走行を終了しました [シナリオ名: Banユーザログイン]
[ADMIN] 17:02:13.943270 シナリオ走行を開始しました [シナリオ名: Banユーザログイン]
[ADMIN] 17:02:13.954092 シナリオ走行を終了しました [シナリオ名: ログイン]
[ADMIN] 17:02:13.954104 シナリオ走行を開始しました [シナリオ名: ログイン]
[ADMIN] 17:02:13.956440 シナリオ走行を終了しました [シナリオ名: ログイン]
[ADMIN] 17:02:13.956448 シナリオ走行を開始しました [シナリオ名: ログイン]
[ADMIN] 17:02:13.960741 シナリオ走行を終了しました [シナリオ名: ログイン]
[ADMIN] 17:02:13.960750 シナリオ走行を開始しました [シナリオ名: ログイン]
[ADMIN] 17:02:13.980906 シナリオ走行を終了しました [シナリオ名: ログイン]
[ADMIN] 17:02:13.980917 シナリオ走行を開始しました [シナリオ名: ログイン]
[ADMIN] 17:02:13.985745 シナリオ走行を終了しました [シナリオ名: ログイン]
[ADMIN] 17:02:13.985753 シナリオ走行を開始しました [シナリオ名: ログイン]
[ADMIN] 17:02:13.998389 シナリオ走行を終了しました [シナリオ名: ログイン]
[ADMIN] 17:02:13.998397 シナリオ走行を開始しました [シナリオ名: ログイン]
[ADMIN] 17:02:14.068431 シナリオ走行を終了しました [シナリオ名: ログイン]
[ADMIN] 17:02:14.068447 シナリオ走行を開始しました [シナリオ名: ログイン]
[ADMIN] 17:02:14.101165 シナリオ走行を終了しました [シナリオ名: ログイン]
[ADMIN] 17:02:14.101178 シナリオ走行を開始しました [シナリオ名: ログイン]
[ADMIN] 17:02:14.119357 シナリオ走行を終了しました [シナリオ名: ログイン]
[ADMIN] 17:02:14.119373 シナリオ走行を開始しました [シナリオ名: ログイン]
[ADMIN] 17:02:14.163400 シナリオ走行を終了しました [シナリオ名: ログイン]
[ADMIN] 17:02:14.163414 シナリオ走行を開始しました [シナリオ名: ログイン]
[ADMIN] 17:02:14.172064 シナリオ走行を終了しました [シナリオ名: ログイン]
[ADMIN] 17:02:14.172076 シナリオ走行を開始しました [シナリオ名: ログイン]
[ADMIN] 17:02:14.175065 シナリオ走行を終了しました [シナリオ名: ログイン]
[ADMIN] 17:02:14.175075 シナリオ走行を開始しました [シナリオ名: ログイン]
[ADMIN] 17:02:14.194336 シナリオ走行を終了しました [シナリオ名: ログイン]
[ADMIN] 17:02:14.194349 シナリオ走行を開始しました [シナリオ名: ログイン]
[ADMIN] 17:02:14.209071 シナリオ走行を終了しました [シナリオ名: ログイン]
[ADMIN] 17:02:14.209084 シナリオ走行を開始しました [シナリオ名: ログイン]
[ADMIN] 17:02:14.214646 シナリオ走行を終了しました [シナリオ名: ログイン]
[ADMIN] 17:02:14.214658 シナリオ走行を開始しました [シナリオ名: ログイン]
[ADMIN] 17:02:14.250887 シナリオ走行を終了しました [シナリオ名: ログイン]
[ADMIN] 17:02:14.250899 シナリオ走行を開始しました [シナリオ名: ログイン]
[ADMIN] 17:02:14.259074 シナリオ走行を終了しました [シナリオ名: Banユーザログイン]
[ADMIN] 17:02:14.259093 シナリオ走行を開始しました [シナリオ名: Banユーザログイン]
[ADMIN] 17:02:14.274837 シナリオ走行を終了しました [シナリオ名: ログイン]
[ADMIN] 17:02:14.274849 シナリオ走行を開始しました [シナリオ名: ログイン]
[ADMIN] 17:02:14.292111 シナリオ走行を終了しました [シナリオ名: Banユーザログイン]
[ADMIN] 17:02:14.292132 シナリオ走行を開始しました [シナリオ名: Banユーザログイン]
[ADMIN] 17:02:14.320378 シナリオ走行を終了しました [シナリオ名: Banユーザログイン]
[ADMIN] 17:02:14.320396 シナリオ走行を開始しました [シナリオ名: Banユーザログイン]
[ADMIN] 17:02:14.329969 シナリオ走行を終了しました [シナリオ名: Banユーザログイン]
[ADMIN] 17:02:14.329985 シナリオ走行を開始しました [シナリオ名: Banユーザログイン]
[ADMIN] 17:02:14.333320 シナリオ走行を終了しました [シナリオ名: Banユーザログイン]
[ADMIN] 17:02:14.333333 シナリオ走行を開始しました [シナリオ名: Banユーザログイン]
[ADMIN] 17:02:14.357733 シナリオ走行を終了しました [シナリオ名: Banユーザログイン]
[ADMIN] 17:02:14.357745 シナリオ走行を開始しました [シナリオ名: Banユーザログイン]
[ADMIN] 17:02:14.394421 シナリオ走行を終了しました [シナリオ名: ログイン]
[ADMIN] 17:02:14.394431 シナリオ走行を開始しました [シナリオ名: ログイン]
[ADMIN] 17:02:14.436291 シナリオ走行を終了しました [シナリオ名: Banユーザログイン]
[ADMIN] 17:02:14.436308 シナリオ走行を開始しました [シナリオ名: Banユーザログイン]
[ADMIN] 17:02:14.446875 シナリオ走行を終了しました [シナリオ名: ログイン]
[ADMIN] 17:02:14.446886 シナリオ走行を開始しました [シナリオ名: ログイン]
[ADMIN] 17:02:14.458065 シナリオ走行を終了しました [シナリオ名: ログイン]
[ADMIN] 17:02:14.458074 シナリオ走行を開始しました [シナリオ名: ログイン]
[ADMIN] 17:02:14.482029 シナリオ走行を終了しました [シナリオ名: Banユーザログイン]
[ADMIN] 17:02:14.482042 シナリオ走行を開始しました [シナリオ名: Banユーザログイン]
[ADMIN] 17:02:14.528887 シナリオ走行を終了しました [シナリオ名: ログイン]
[ADMIN] 17:02:14.528897 シナリオ走行を開始しました [シナリオ名: ログイン]
[ADMIN] 17:02:14.557203 シナリオ走行を終了しました [シナリオ名: ログイン]
[ADMIN] 17:02:14.557211 シナリオ走行を開始しました [シナリオ名: ログイン]
[ADMIN] 17:02:14.557499 シナリオ走行を終了しました [シナリオ名: ログイン]
[ADMIN] 17:02:14.557509 シナリオ走行を開始しました [シナリオ名: ログイン]
[ADMIN] 17:02:14.565770 シナリオ走行を終了しました [シナリオ名: ログイン]
[ADMIN] 17:02:14.565779 シナリオ走行を開始しました [シナリオ名: ログイン]
[ADMIN] 17:02:14.600075 シナリオ走行を終了しました [シナリオ名: ログイン]
[ADMIN] 17:02:14.600086 シナリオ走行を開始しました [シナリオ名: ログイン]
[ADMIN] 17:02:14.600363 シナリオ走行を終了しました [シナリオ名: ログイン]
[ADMIN] 17:02:14.600375 シナリオ走行を開始しました [シナリオ名: ログイン]
[ADMIN] 17:02:14.612195 シナリオ走行を終了しました [シナリオ名: ログイン]
[ADMIN] 17:02:14.612204 シナリオ走行を開始しました [シナリオ名: ログイン]
[ADMIN] 17:02:14.686207 シナリオ走行を終了しました [シナリオ名: ログイン]
[ADMIN] 17:02:14.686223 シナリオ走行を開始しました [シナリオ名: ログイン]
[ADMIN] 17:02:14.713793 シナリオ走行を終了しました [シナリオ名: ログイン]
[ADMIN] 17:02:14.713804 シナリオ走行を開始しました [シナリオ名: ログイン]
[ADMIN] 17:02:14.714686 シナリオ走行を終了しました [シナリオ名: 新規ユーザー登録]
[ADMIN] 17:02:14.714709 シナリオ走行を開始しました [シナリオ名: 新規ユーザー登録]
[ADMIN] 17:02:14.715309 シナリオ走行を終了しました [シナリオ名: ログイン]
[ADMIN] 17:02:14.715317 シナリオ走行を開始しました [シナリオ名: ログイン]
[ADMIN] 17:02:14.715485 シナリオ走行を終了しました [シナリオ名: ログイン]
[ADMIN] 17:02:14.715494 シナリオ走行を開始しました [シナリオ名: ログイン]
[ADMIN] 17:02:14.736244 シナリオ走行を終了しました [シナリオ名: ログイン]
[ADMIN] 17:02:14.736255 シナリオ走行を開始しました [シナリオ名: ログイン]
[ADMIN] 17:02:14.759181 シナリオ走行を終了しました [シナリオ名: ログイン]
[ADMIN] 17:02:14.759191 シナリオ走行を開始しました [シナリオ名: ログイン]
[ADMIN] 17:02:14.768261 シナリオ走行を終了しました [シナリオ名: ログイン]
[ADMIN] 17:02:14.768271 シナリオ走行を開始しました [シナリオ名: ログイン]
[ADMIN] 17:02:14.790120 シナリオ走行を終了しました [シナリオ名: 新規ユーザー登録]
[ADMIN] 17:02:14.790144 シナリオ走行を開始しました [シナリオ名: 新規ユーザー登録]
[ADMIN] 17:02:14.792825 シナリオ走行を終了しました [シナリオ名: 新規ユーザー登録]
[ADMIN] 17:02:14.792842 シナリオ走行を開始しました [シナリオ名: 新規ユーザー登録]
[ADMIN] 17:02:14.799773 シナリオ走行を終了しました [シナリオ名: 新規ユーザー登録]
[ADMIN] 17:02:14.799792 シナリオ走行を開始しました [シナリオ名: 新規ユーザー登録]
[ADMIN] 17:02:14.805230 シナリオ走行を終了しました [シナリオ名: 新規ユーザー登録]
[ADMIN] 17:02:14.805248 シナリオ走行を開始しました [シナリオ名: 新規ユーザー登録]
[ADMIN] 17:02:14.810254 シナリオ走行を終了しました [シナリオ名: 新規ユーザー登録]
[ADMIN] 17:02:14.810269 シナリオ走行を開始しました [シナリオ名: 新規ユーザー登録]
[ADMIN] 17:02:14.813720 シナリオ走行を終了しました [シナリオ名: Banユーザログイン]
[ADMIN] 17:02:14.813734 シナリオ走行を開始しました [シナリオ名: Banユーザログイン]
[ADMIN] 17:02:14.823589 シナリオ走行を終了しました [シナリオ名: 新規ユーザー登録]
[ADMIN] 17:02:14.823605 シナリオ走行を開始しました [シナリオ名: 新規ユーザー登録]
[ADMIN] 17:02:14.848108 シナリオ走行を終了しました [シナリオ名: ログイン]
[ADMIN] 17:02:14.848122 シナリオ走行を開始しました [シナリオ名: ログイン]
[ADMIN] 17:02:14.855760 シナリオ走行を終了しました [シナリオ名: Banユーザログイン]
[ADMIN] 17:02:14.855775 シナリオ走行を開始しました [シナリオ名: Banユーザログイン]
[ADMIN] 17:02:14.867588 シナリオ走行を終了しました [シナリオ名: ログイン]
[ADMIN] 17:02:14.867599 シナリオ走行を開始しました [シナリオ名: ログイン]
[ADMIN] 17:02:14.868750 シナリオ走行を終了しました [シナリオ名: ログイン]
[ADMIN] 17:02:14.868758 シナリオ走行を開始しました [シナリオ名: ログイン]
[ADMIN] 17:02:14.884987 シナリオ走行を終了しました [シナリオ名: Banユーザログイン]
[ADMIN] 17:02:14.885004 シナリオ走行を開始しました [シナリオ名: Banユーザログイン]
[ADMIN] 17:02:14.888876 シナリオ走行を終了しました [シナリオ名: Banユーザログイン]
[ADMIN] 17:02:14.888892 シナリオ走行を開始しました [シナリオ名: Banユーザログイン]
[ADMIN] 17:02:14.903271 シナリオ走行を終了しました [シナリオ名: Banユーザログイン]
[ADMIN] 17:02:14.903288 シナリオ走行を開始しました [シナリオ名: Banユーザログイン]
[ADMIN] 17:02:14.921391 シナリオ走行を終了しました [シナリオ名: ログイン]
[ADMIN] 17:02:14.921403 シナリオ走行を開始しました [シナリオ名: ログイン]
[ADMIN] 17:02:14.938328 シナリオ走行を終了しました [シナリオ名: ログイン]
[ADMIN] 17:02:14.938342 シナリオ走行を開始しました [シナリオ名: ログイン]
[ADMIN] 17:02:14.963828 シナリオ走行を終了しました [シナリオ名: 新規ユーザー登録]
[ADMIN] 17:02:14.963853 シナリオ走行を開始しました [シナリオ名: 新規ユーザー登録]
[ADMIN] 17:02:14.967494 シナリオ走行を終了しました [シナリオ名: Banユーザログイン]
[ADMIN] 17:02:14.967506 シナリオ走行を開始しました [シナリオ名: Banユーザログイン]
[ADMIN] 17:02:14.967773 シナリオ走行を終了しました [シナリオ名: 新規ユーザー登録]
[ADMIN] 17:02:14.967794 シナリオ走行を開始しました [シナリオ名: 新規ユーザー登録]
[ADMIN] 17:02:14.969788 シナリオ走行を終了しました [シナリオ名: ログイン]
[ADMIN] 17:02:14.969798 シナリオ走行を開始しました [シナリオ名: ログイン]
[ADMIN] 17:02:14.982638 シナリオ走行を終了しました [シナリオ名: Banユーザログイン]
[ADMIN] 17:02:14.982652 シナリオ走行を開始しました [シナリオ名: Banユーザログイン]
[ADMIN] 17:02:15.009754 シナリオ走行を終了しました [シナリオ名: 新規ユーザー登録]
[ADMIN] 17:02:15.009779 シナリオ走行を開始しました [シナリオ名: 新規ユーザー登録]
[ADMIN] 17:02:15.012653 シナリオ走行を終了しました [シナリオ名: 新規ユーザー登録]
[ADMIN] 17:02:15.012672 シナリオ走行を開始しました [シナリオ名: 新規ユーザー登録]
[ADMIN] 17:02:15.058364 シナリオ走行を終了しました [シナリオ名: ログイン]
[ADMIN] 17:02:15.058377 シナリオ走行を開始しました [シナリオ名: ログイン]
[ADMIN] 17:02:15.062846 シナリオ走行を終了しました [シナリオ名: Banユーザログイン]
[ADMIN] 17:02:15.062863 シナリオ走行を開始しました [シナリオ名: Banユーザログイン]
[ADMIN] 17:02:15.080481 シナリオ走行を終了しました [シナリオ名: ログイン]
[ADMIN] 17:02:15.080492 シナリオ走行を開始しました [シナリオ名: ログイン]
[ADMIN] 17:02:15.099548 シナリオ走行を終了しました [シナリオ名: ログイン]
[ADMIN] 17:02:15.099559 シナリオ走行を開始しました [シナリオ名: ログイン]
[ADMIN] 17:02:15.124561 シナリオ走行を終了しました [シナリオ名: 新規ユーザー登録]
[ADMIN] 17:02:15.124584 シナリオ走行を開始しました [シナリオ名: 新規ユーザー登録]
[ADMIN] 17:02:15.128547 シナリオ走行を終了しました [シナリオ名: ログイン]
[ADMIN] 17:02:15.128576 シナリオ走行を開始しました [シナリオ名: ログイン]
[ADMIN] 17:02:15.131700 シナリオ走行を終了しました [シナリオ名: ログイン]
[ADMIN] 17:02:15.131710 シナリオ走行を開始しました [シナリオ名: ログイン]
[ADMIN] 17:02:15.152289 シナリオ走行を終了しました [シナリオ名: ログイン]
[ADMIN] 17:02:15.152303 シナリオ走行を開始しました [シナリオ名: ログイン]
[ADMIN] 17:02:15.183129 シナリオ走行を終了しました [シナリオ名: 新規ユーザー登録]
[ADMIN] 17:02:15.183153 シナリオ走行を開始しました [シナリオ名: 新規ユーザー登録]
[ADMIN] 17:02:15.193816 シナリオ走行を終了しました [シナリオ名: ログイン]
[ADMIN] 17:02:15.193831 シナリオ走行を開始しました [シナリオ名: ログイン]
[ADMIN] 17:02:15.202171 シナリオ走行を終了しました [シナリオ名: 新規ユーザー登録]
[ADMIN] 17:02:15.202196 シナリオ走行を開始しました [シナリオ名: 新規ユーザー登録]
[ADMIN] 17:02:15.205504 シナリオ走行を終了しました [シナリオ名: 新規ユーザー登録]
[ADMIN] 17:02:15.205550 シナリオ走行を開始しました [シナリオ名: 新規ユーザー登録]
[ADMIN] 17:02:15.213279 シナリオ走行を終了しました [シナリオ名: ログイン]
[ADMIN] 17:02:15.213292 シナリオ走行を開始しました [シナリオ名: ログイン]
[ADMIN] 17:02:15.234061 シナリオ走行を終了しました [シナリオ名: 新規ユーザー登録]
[ADMIN] 17:02:15.234090 シナリオ走行を開始しました [シナリオ名: 新規ユーザー登録]
[ADMIN] 17:02:15.263060 シナリオ走行を終了しました [シナリオ名: ログイン]
[ADMIN] 17:02:15.263074 シナリオ走行を開始しました [シナリオ名: ログイン]
[ADMIN] 17:02:15.283714 シナリオ走行を終了しました [シナリオ名: 新規ユーザー登録]
[ADMIN] 17:02:15.283744 シナリオ走行を開始しました [シナリオ名: 新規ユーザー登録]
[ADMIN] 17:02:15.301661 シナリオ走行を終了しました [シナリオ名: ログイン]
[ADMIN] 17:02:15.301677 シナリオ走行を開始しました [シナリオ名: ログイン]
[ADMIN] 17:02:15.340669 シナリオ走行を終了しました [シナリオ名: 新規ユーザー登録]
[ADMIN] 17:02:15.340692 シナリオ走行を開始しました [シナリオ名: 新規ユーザー登録]
[ADMIN] 17:02:15.345200 シナリオ走行を終了しました [シナリオ名: ログイン]
[ADMIN] 17:02:15.345213 シナリオ走行を開始しました [シナリオ名: ログイン]
[ADMIN] 17:02:15.354537 シナリオ走行を終了しました [シナリオ名: ログイン]
[ADMIN] 17:02:15.354545 シナリオ走行を開始しました [シナリオ名: ログイン]
[ADMIN] 17:02:15.380913 シナリオ走行を終了しました [シナリオ名: 新規ユーザー登録]
[ADMIN] 17:02:15.380933 シナリオ走行を開始しました [シナリオ名: 新規ユーザー登録]
[ADMIN] 17:02:15.382422 シナリオ走行を終了しました [シナリオ名: 新規ユーザー登録]
[ADMIN] 17:02:15.382438 シナリオ走行を開始しました [シナリオ名: 新規ユーザー登録]
[ADMIN] 17:02:15.387871 シナリオ走行を終了しました [シナリオ名: Banユーザログイン]
[ADMIN] 17:02:15.387887 シナリオ走行を開始しました [シナリオ名: Banユーザログイン]
[ADMIN] 17:02:15.392135 シナリオ走行を終了しました [シナリオ名: 新規ユーザー登録]
[ADMIN] 17:02:15.392148 シナリオ走行を開始しました [シナリオ名: 新規ユーザー登録]
[ADMIN] 17:02:15.395451 シナリオ走行を終了しました [シナリオ名: Banユーザログイン]
[ADMIN] 17:02:15.395465 シナリオ走行を開始しました [シナリオ名: Banユーザログイン]
[ADMIN] 17:02:15.427124 シナリオ走行を終了しました [シナリオ名: ログイン]
[ADMIN] 17:02:15.427134 シナリオ走行を開始しました [シナリオ名: ログイン]
[ADMIN] 17:02:15.435699 シナリオ走行を終了しました [シナリオ名: 新規ユーザー登録]
[ADMIN] 17:02:15.435716 シナリオ走行を開始しました [シナリオ名: 新規ユーザー登録]
[ADMIN] 17:02:15.436035 シナリオ走行を終了しました [シナリオ名: Banユーザログイン]
[ADMIN] 17:02:15.436047 シナリオ走行を開始しました [シナリオ名: Banユーザログイン]
[ADMIN] 17:02:15.440496 シナリオ走行を終了しました [シナリオ名: Banユーザログイン]
[ADMIN] 17:02:15.440508 シナリオ走行を開始しました [シナリオ名: Banユーザログイン]
[ADMIN] 17:02:15.454260 シナリオ走行を終了しました [シナリオ名: 新規ユーザー登録]
[ADMIN] 17:02:15.454279 シナリオ走行を開始しました [シナリオ名: 新規ユーザー登録]
[ADMIN] 17:02:15.455667 シナリオ走行を終了しました [シナリオ名: Banユーザログイン]
[ADMIN] 17:02:15.455679 シナリオ走行を開始しました [シナリオ名: Banユーザログイン]
[ADMIN] 17:02:15.457760 シナリオ走行を終了しました [シナリオ名: 新規ユーザー登録]
[ADMIN] 17:02:15.457775 シナリオ走行を開始しました [シナリオ名: 新規ユーザー登録]
[ADMIN] 17:02:15.485176 シナリオ走行を終了しました [シナリオ名: ログイン]
[ADMIN] 17:02:15.485191 シナリオ走行を開始しました [シナリオ名: ログイン]
[ADMIN] 17:02:15.487662 シナリオ走行を終了しました [シナリオ名: ログイン]
[ADMIN] 17:02:15.487673 シナリオ走行を開始しました [シナリオ名: ログイン]
[ADMIN] 17:02:15.488447 シナリオ走行を終了しました [シナリオ名: 新規ユーザー登録]
[ADMIN] 17:02:15.488465 シナリオ走行を開始しました [シナリオ名: 新規ユーザー登録]
[ADMIN] 17:02:15.488878 シナリオ走行を終了しました [シナリオ名: ログイン]
[ADMIN] 17:02:15.488888 シナリオ走行を開始しました [シナリオ名: ログイン]
[ADMIN] 17:02:15.489612 シナリオ走行を終了しました [シナリオ名: 新規ユーザー登録]
[ADMIN] 17:02:15.489627 シナリオ走行を開始しました [シナリオ名: 新規ユーザー登録]
[ADMIN] 17:02:15.490966 シナリオ走行を終了しました [シナリオ名: Banユーザログイン]
[ADMIN] 17:02:15.490983 シナリオ走行を開始しました [シナリオ名: Banユーザログイン]
[ADMIN] 17:02:15.552386 シナリオ走行を終了しました [シナリオ名: Banユーザログイン]
[ADMIN] 17:02:15.552403 シナリオ走行を開始しました [シナリオ名: Banユーザログイン]
[ADMIN] 17:02:15.617836 シナリオ走行を終了しました [シナリオ名: ログイン]
[ADMIN] 17:02:15.617851 シナリオ走行を開始しました [シナリオ名: ログイン]
[ADMIN] 17:02:15.624701 シナリオ走行を終了しました [シナリオ名: 新規ユーザー登録]
[ADMIN] 17:02:15.624725 シナリオ走行を開始しました [シナリオ名: 新規ユーザー登録]
[ADMIN] 17:02:15.625846 シナリオ走行を終了しました [シナリオ名: 新規ユーザー登録]
[ADMIN] 17:02:15.625860 シナリオ走行を開始しました [シナリオ名: 新規ユーザー登録]
[ADMIN] 17:02:15.646543 シナリオ走行を終了しました [シナリオ名: ログイン]
[ADMIN] 17:02:15.646553 シナリオ走行を開始しました [シナリオ名: ログイン]
[ADMIN] 17:02:15.654434 シナリオ走行を終了しました [シナリオ名: Banユーザログイン]
[ADMIN] 17:02:15.654449 シナリオ走行を開始しました [シナリオ名: Banユーザログイン]
[ADMIN] 17:02:15.731283 シナリオ走行を終了しました [シナリオ名: ログイン]
[ADMIN] 17:02:15.731299 シナリオ走行を開始しました [シナリオ名: ログイン]
[ADMIN] 17:02:15.777798 シナリオ走行を終了しました [シナリオ名: ログイン]
[ADMIN] 17:02:15.777813 シナリオ走行を開始しました [シナリオ名: ログイン]
[ADMIN] 17:02:15.839285 シナリオ走行を終了しました [シナリオ名: ログイン]
[ADMIN] 17:02:15.839363 シナリオ走行を開始しました [シナリオ名: ログイン]
[ADMIN] 17:02:15.848228 シナリオ走行を終了しました [シナリオ名: ログイン]
[ADMIN] 17:02:15.848253 シナリオ走行を開始しました [シナリオ名: ログイン]
[ADMIN] 17:02:15.893015 シナリオ走行を終了しました [シナリオ名: ログイン]
[ADMIN] 17:02:15.893030 シナリオ走行を開始しました [シナリオ名: ログイン]
[ADMIN] 17:02:15.897494 シナリオ走行を終了しました [シナリオ名: ログイン]
[ADMIN] 17:02:15.897508 シナリオ走行を開始しました [シナリオ名: ログイン]
[ADMIN] 17:02:15.909180 シナリオ走行を終了しました [シナリオ名: ログイン]
[ADMIN] 17:02:15.909191 シナリオ走行を開始しました [シナリオ名: ログイン]
[ADMIN] 17:02:15.909801 シナリオ走行を終了しました [シナリオ名: 新規ユーザー登録]
[ADMIN] 17:02:15.909818 シナリオ走行を開始しました [シナリオ名: 新規ユーザー登録]
[ADMIN] 17:02:15.921349 シナリオ走行を終了しました [シナリオ名: ログイン]
[ADMIN] 17:02:15.921358 シナリオ走行を開始しました [シナリオ名: ログイン]
[ADMIN] 17:02:15.932082 シナリオ走行を終了しました [シナリオ名: ログイン]
[ADMIN] 17:02:15.932092 シナリオ走行を開始しました [シナリオ名: ログイン]
[ADMIN] 17:02:15.938226 シナリオ走行を終了しました [シナリオ名: ログイン]
[ADMIN] 17:02:15.938234 シナリオ走行を開始しました [シナリオ名: ログイン]
[ADMIN] 17:02:15.941491 シナリオ走行を終了しました [シナリオ名: ログイン]
[ADMIN] 17:02:15.941499 シナリオ走行を開始しました [シナリオ名: ログイン]
[ADMIN] 17:02:15.966519 シナリオ走行を終了しました [シナリオ名: ログイン]
[ADMIN] 17:02:15.966531 シナリオ走行を開始しました [シナリオ名: ログイン]
[ADMIN] 17:02:15.966560 シナリオ走行を終了しました [シナリオ名: ログイン]
[ADMIN] 17:02:15.966566 シナリオ走行を開始しました [シナリオ名: ログイン]
[ADMIN] 17:02:15.973507 シナリオ走行を終了しました [シナリオ名: Banユーザログイン]
[ADMIN] 17:02:15.973523 シナリオ走行を開始しました [シナリオ名: Banユーザログイン]
[ADMIN] 17:02:15.983561 シナリオ走行を終了しました [シナリオ名: Banユーザログイン]
[ADMIN] 17:02:15.983577 シナリオ走行を開始しました [シナリオ名: Banユーザログイン]
[ADMIN] 17:02:15.989604 シナリオ走行を終了しました [シナリオ名: Banユーザログイン]
[ADMIN] 17:02:15.989621 シナリオ走行を開始しました [シナリオ名: Banユーザログイン]
[ADMIN] 17:02:16.018884 シナリオ走行を終了しました [シナリオ名: ログイン]
[ADMIN] 17:02:16.018894 シナリオ走行を開始しました [シナリオ名: ログイン]
[ADMIN] 17:02:16.047372 シナリオ走行を終了しました [シナリオ名: Banユーザログイン]
[ADMIN] 17:02:16.047395 シナリオ走行を開始しました [シナリオ名: Banユーザログイン]
[ADMIN] 17:02:16.047471 シナリオ走行を終了しました [シナリオ名: ログイン]
[ADMIN] 17:02:16.047484 シナリオ走行を開始しました [シナリオ名: ログイン]
[ADMIN] 17:02:16.054031 シナリオ走行を終了しました [シナリオ名: ログイン]
[ADMIN] 17:02:16.054043 シナリオ走行を開始しました [シナリオ名: ログイン]
[ADMIN] 17:02:16.063528 シナリオ走行を終了しました [シナリオ名: ログイン]
[ADMIN] 17:02:16.063539 シナリオ走行を開始しました [シナリオ名: ログイン]
[ADMIN] 17:02:16.069833 シナリオ走行を終了しました [シナリオ名: Banユーザログイン]
[ADMIN] 17:02:16.069850 シナリオ走行を開始しました [シナリオ名: Banユーザログイン]
[ADMIN] 17:02:16.076671 シナリオ走行を終了しました [シナリオ名: ログイン]
[ADMIN] 17:02:16.076681 シナリオ走行を開始しました [シナリオ名: ログイン]
[ADMIN] 17:02:16.086768 シナリオ走行を終了しました [シナリオ名: Banユーザログイン]
[ADMIN] 17:02:16.086784 シナリオ走行を開始しました [シナリオ名: Banユーザログイン]
[ADMIN] 17:02:16.111200 シナリオ走行を終了しました [シナリオ名: Banユーザログイン]
[ADMIN] 17:02:16.111217 シナリオ走行を開始しました [シナリオ名: Banユーザログイン]
[ADMIN] 17:02:16.170405 シナリオ走行を終了しました [シナリオ名: ログイン]
[ADMIN] 17:02:16.170418 シナリオ走行を開始しました [シナリオ名: ログイン]
[ADMIN] 17:02:16.186476 シナリオ走行を終了しました [シナリオ名: ログイン]
[ADMIN] 17:02:16.186489 シナリオ走行を開始しました [シナリオ名: ログイン]
[ADMIN] 17:02:16.190224 シナリオ走行を終了しました [シナリオ名: ログイン]
[ADMIN] 17:02:16.190234 シナリオ走行を開始しました [シナリオ名: ログイン]
[ADMIN] 17:02:16.191918 シナリオ走行を終了しました [シナリオ名: ログイン]
[ADMIN] 17:02:16.191927 シナリオ走行を開始しました [シナリオ名: ログイン]
[ADMIN] 17:02:16.220511 シナリオ走行を終了しました [シナリオ名: ログイン]
[ADMIN] 17:02:16.220525 シナリオ走行を開始しました [シナリオ名: ログイン]
[ADMIN] 17:02:16.247677 シナリオ走行を終了しました [シナリオ名: Banユーザログイン]
[ADMIN] 17:02:16.247713 シナリオ走行を開始しました [シナリオ名: Banユーザログイン]
[ADMIN] 17:02:16.265230 シナリオ走行を終了しました [シナリオ名: ログイン]
[ADMIN] 17:02:16.265245 シナリオ走行を開始しました [シナリオ名: ログイン]
[ADMIN] 17:02:16.269537 シナリオ走行を終了しました [シナリオ名: ログイン]
[ADMIN] 17:02:16.269548 シナリオ走行を開始しました [シナリオ名: ログイン]
[ADMIN] 17:02:16.303911 シナリオ走行を終了しました [シナリオ名: ログイン]
[ADMIN] 17:02:16.303922 シナリオ走行を開始しました [シナリオ名: ログイン]
[ADMIN] 17:02:16.348418 シナリオ走行を終了しました [シナリオ名: ログイン]
[ADMIN] 17:02:16.348430 シナリオ走行を開始しました [シナリオ名: ログイン]
[ADMIN] 17:02:16.465633 シナリオ走行を終了しました [シナリオ名: ログイン]
[ADMIN] 17:02:16.465646 シナリオ走行を開始しました [シナリオ名: ログイン]
[ADMIN] 17:02:16.491683 シナリオ走行を終了しました [シナリオ名: ログイン]
[ADMIN] 17:02:16.491698 シナリオ走行を開始しました [シナリオ名: ログイン]
[ADMIN] 17:02:16.522657 シナリオ走行を終了しました [シナリオ名: Banユーザログイン]
[ADMIN] 17:02:16.522673 シナリオ走行を開始しました [シナリオ名: Banユーザログイン]
[ADMIN] 17:02:16.538576 シナリオ走行を終了しました [シナリオ名: Banユーザログイン]
[ADMIN] 17:02:16.538592 シナリオ走行を開始しました [シナリオ名: Banユーザログイン]
[ADMIN] 17:02:16.550421 シナリオ走行を終了しました [シナリオ名: ログイン]
[ADMIN] 17:02:16.550433 シナリオ走行を開始しました [シナリオ名: ログイン]
[ADMIN] 17:02:16.585634 シナリオ走行を終了しました [シナリオ名: ログイン]
[ADMIN] 17:02:16.585649 シナリオ走行を開始しました [シナリオ名: ログイン]
[ADMIN] 17:02:16.588920 シナリオ走行を終了しました [シナリオ名: ログイン]
[ADMIN] 17:02:16.588930 シナリオ走行を開始しました [シナリオ名: ログイン]
[ADMIN] 17:02:16.593912 シナリオ走行を終了しました [シナリオ名: ログイン]
[ADMIN] 17:02:16.593921 シナリオ走行を開始しました [シナリオ名: ログイン]
[ADMIN] 17:02:16.596648 シナリオ走行を終了しました [シナリオ名: ログイン]
[ADMIN] 17:02:16.596658 シナリオ走行を開始しました [シナリオ名: ログイン]
[ADMIN] 17:02:16.608893 シナリオ走行を終了しました [シナリオ名: ログイン]
[ADMIN] 17:02:16.608904 シナリオ走行を開始しました [シナリオ名: ログイン]
[ADMIN] 17:02:16.616868 シナリオ走行を終了しました [シナリオ名: ログイン]
[ADMIN] 17:02:16.616877 シナリオ走行を開始しました [シナリオ名: ログイン]
[ADMIN] 17:02:16.630481 シナリオ走行を終了しました [シナリオ名: Banユーザログイン]
[ADMIN] 17:02:16.630494 シナリオ走行を開始しました [シナリオ名: Banユーザログイン]
[ADMIN] 17:02:16.654485 シナリオ走行を終了しました [シナリオ名: Banユーザログイン]
[ADMIN] 17:02:16.654502 シナリオ走行を開始しました [シナリオ名: Banユーザログイン]
[ADMIN] 17:02:16.659146 シナリオ走行を終了しました [シナリオ名: Banユーザログイン]
[ADMIN] 17:02:16.659164 シナリオ走行を開始しました [シナリオ名: Banユーザログイン]
[ADMIN] 17:02:16.674915 シナリオ走行を終了しました [シナリオ名: ログイン]
[ADMIN] 17:02:16.674924 シナリオ走行を開始しました [シナリオ名: ログイン]
[ADMIN] 17:02:16.683953 シナリオ走行を終了しました [シナリオ名: ログイン]
[ADMIN] 17:02:16.683965 シナリオ走行を開始しました [シナリオ名: ログイン]
[ADMIN] 17:02:16.689372 シナリオ走行を終了しました [シナリオ名: ログイン]
[ADMIN] 17:02:16.689382 シナリオ走行を開始しました [シナリオ名: ログイン]
[ADMIN] 17:02:16.735665 シナリオ走行を終了しました [シナリオ名: Banユーザログイン]
[ADMIN] 17:02:16.735683 シナリオ走行を開始しました [シナリオ名: Banユーザログイン]
[ADMIN] 17:02:16.735798 シナリオ走行を終了しました [シナリオ名: ログイン]
[ADMIN] 17:02:16.735808 シナリオ走行を開始しました [シナリオ名: ログイン]
[ADMIN] 17:02:16.744901 シナリオ走行を終了しました [シナリオ名: ログイン]
[ADMIN] 17:02:16.744914 シナリオ走行を開始しました [シナリオ名: ログイン]
[ADMIN] 17:02:16.768362 シナリオ走行を終了しました [シナリオ名: ログイン]
[ADMIN] 17:02:16.768374 シナリオ走行を開始しました [シナリオ名: ログイン]
[ADMIN] 17:02:16.788684 シナリオ走行を終了しました [シナリオ名: Banユーザログイン]
[ADMIN] 17:02:16.788706 シナリオ走行を開始しました [シナリオ名: Banユーザログイン]
[ADMIN] 17:02:16.792989 シナリオ走行を終了しました [シナリオ名: Banユーザログイン]
[ADMIN] 17:02:16.793008 シナリオ走行を開始しました [シナリオ名: Banユーザログイン]
[ADMIN] 17:02:16.816600 シナリオ走行を終了しました [シナリオ名: ログイン]
[ADMIN] 17:02:16.816615 シナリオ走行を開始しました [シナリオ名: ログイン]
[ADMIN] 17:02:16.837651 シナリオ走行を終了しました [シナリオ名: ログイン]
[ADMIN] 17:02:16.837672 シナリオ走行を開始しました [シナリオ名: ログイン]
[ADMIN] 17:02:16.854473 シナリオ走行を終了しました [シナリオ名: ログイン]
[ADMIN] 17:02:16.854485 シナリオ走行を開始しました [シナリオ名: ログイン]
[ADMIN] 17:02:16.908961 シナリオ走行を終了しました [シナリオ名: ログイン]
[ADMIN] 17:02:16.908975 シナリオ走行を開始しました [シナリオ名: ログイン]
[ADMIN] 17:02:16.928091 シナリオ走行を終了しました [シナリオ名: ログイン]
[ADMIN] 17:02:16.928102 シナリオ走行を開始しました [シナリオ名: ログイン]
[ADMIN] 17:02:17.038042 シナリオ走行を終了しました [シナリオ名: ログイン]
[ADMIN] 17:02:17.038055 シナリオ走行を開始しました [シナリオ名: ログイン]
[ADMIN] 17:02:17.066508 シナリオ走行を終了しました [シナリオ名: ログイン]
[ADMIN] 17:02:17.066520 シナリオ走行を開始しました [シナリオ名: ログイン]
[ADMIN] 17:02:17.080556 シナリオ走行を終了しました [シナリオ名: ログイン]
[ADMIN] 17:02:17.080566 シナリオ走行を開始しました [シナリオ名: ログイン]
[ADMIN] 17:02:17.086107 シナリオ走行を終了しました [シナリオ名: Banユーザログイン]
[ADMIN] 17:02:17.086124 シナリオ走行を開始しました [シナリオ名: Banユーザログイン]
[ADMIN] 17:02:17.096399 シナリオ走行を終了しました [シナリオ名: Banユーザログイン]
[ADMIN] 17:02:17.096414 シナリオ走行を開始しました [シナリオ名: Banユーザログイン]
[ADMIN] 17:02:17.100673 シナリオ走行を終了しました [シナリオ名: ログイン]
[ADMIN] 17:02:17.100683 シナリオ走行を開始しました [シナリオ名: ログイン]
[ADMIN] 17:02:17.114662 シナリオ走行を終了しました [シナリオ名: ログイン]
[ADMIN] 17:02:17.114672 シナリオ走行を開始しました [シナリオ名: ログイン]
[ADMIN] 17:02:17.170176 シナリオ走行を終了しました [シナリオ名: ログイン]
[ADMIN] 17:02:17.170192 シナリオ走行を開始しました [シナリオ名: ログイン]
[ADMIN] 17:02:17.208216 シナリオ走行を終了しました [シナリオ名: Banユーザログイン]
[ADMIN] 17:02:17.208233 シナリオ走行を開始しました [シナリオ名: Banユーザログイン]
[ADMIN] 17:02:17.228413 シナリオ走行を終了しました [シナリオ名: Banユーザログイン]
[ADMIN] 17:02:17.228431 シナリオ走行を開始しました [シナリオ名: Banユーザログイン]
[ADMIN] 17:02:17.235539 シナリオ走行を終了しました [シナリオ名: ログイン]
[ADMIN] 17:02:17.235549 シナリオ走行を開始しました [シナリオ名: ログイン]
[ADMIN] 17:02:17.255157 シナリオ走行を終了しました [シナリオ名: Banユーザログイン]
[ADMIN] 17:02:17.255172 シナリオ走行を開始しました [シナリオ名: Banユーザログイン]
[ADMIN] 17:02:17.255964 シナリオ走行を終了しました [シナリオ名: 新規ユーザー登録]
[ADMIN] 17:02:17.255986 シナリオ走行を開始しました [シナリオ名: 新規ユーザー登録]
[ADMIN] 17:02:17.277502 シナリオ走行を終了しました [シナリオ名: Banユーザログイン]
[ADMIN] 17:02:17.277519 シナリオ走行を開始しました [シナリオ名: Banユーザログイン]
[ADMIN] 17:02:17.354326 シナリオ走行を終了しました [シナリオ名: ログイン]
[ADMIN] 17:02:17.354339 シナリオ走行を開始しました [シナリオ名: ログイン]
[ADMIN] 17:02:17.361393 シナリオ走行を終了しました [シナリオ名: Banユーザログイン]
[ADMIN] 17:02:17.361410 シナリオ走行を開始しました [シナリオ名: Banユーザログイン]
[ADMIN] 17:02:17.366815 シナリオ走行を終了しました [シナリオ名: Banユーザログイン]
[ADMIN] 17:02:17.366833 シナリオ走行を開始しました [シナリオ名: Banユーザログイン]
[ADMIN] 17:02:17.397138 シナリオ走行を終了しました [シナリオ名: ログイン]
[ADMIN] 17:02:17.397147 シナリオ走行を開始しました [シナリオ名: ログイン]
[ADMIN] 17:02:17.397648 シナリオ走行を終了しました [シナリオ名: 新規ユーザー登録]
[ADMIN] 17:02:17.397665 シナリオ走行を開始しました [シナリオ名: 新規ユーザー登録]
[ADMIN] 17:02:17.402383 シナリオ走行を終了しました [シナリオ名: 新規ユーザー登録]
[ADMIN] 17:02:17.402398 シナリオ走行を開始しました [シナリオ名: 新規ユーザー登録]
[ADMIN] 17:02:17.420187 シナリオ走行を終了しました [シナリオ名: ログイン]
[ADMIN] 17:02:17.420198 シナリオ走行を開始しました [シナリオ名: ログイン]
[ADMIN] 17:02:17.435852 シナリオ走行を終了しました [シナリオ名: 新規ユーザー登録]
[ADMIN] 17:02:17.435874 シナリオ走行を開始しました [シナリオ名: 新規ユーザー登録]
[ADMIN] 17:02:17.444835 シナリオ走行を終了しました [シナリオ名: ログイン]
[ADMIN] 17:02:17.444849 シナリオ走行を開始しました [シナリオ名: ログイン]
[ADMIN] 17:02:17.445017 シナリオ走行を終了しました [シナリオ名: ログイン]
[ADMIN] 17:02:17.445026 シナリオ走行を開始しました [シナリオ名: ログイン]
[ADMIN] 17:02:17.445969 シナリオ走行を終了しました [シナリオ名: 新規ユーザー登録]
[ADMIN] 17:02:17.445983 シナリオ走行を開始しました [シナリオ名: 新規ユーザー登録]
[ADMIN] 17:02:17.472471 シナリオ走行を終了しました [シナリオ名: 新規ユーザー登録]
[ADMIN] 17:02:17.472493 シナリオ走行を開始しました [シナリオ名: 新規ユーザー登録]
[ADMIN] 17:02:17.479750 シナリオ走行を終了しました [シナリオ名: ログイン]
[ADMIN] 17:02:17.479765 シナリオ走行を開始しました [シナリオ名: ログイン]
[ADMIN] 17:02:17.495104 シナリオ走行を終了しました [シナリオ名: ログイン]
[ADMIN] 17:02:17.495114 シナリオ走行を開始しました [シナリオ名: ログイン]
[ADMIN] 17:02:17.502174 シナリオ走行を終了しました [シナリオ名: 新規ユーザー登録]
[ADMIN] 17:02:17.502193 シナリオ走行を開始しました [シナリオ名: 新規ユーザー登録]
[ADMIN] 17:02:17.509833 シナリオ走行を終了しました [シナリオ名: ログイン]
[ADMIN] 17:02:17.509842 シナリオ走行を開始しました [シナリオ名: ログイン]
[ADMIN] 17:02:17.528898 シナリオ走行を終了しました [シナリオ名: ログイン]
[ADMIN] 17:02:17.528907 シナリオ走行を開始しました [シナリオ名: ログイン]
[ADMIN] 17:02:17.537870 シナリオ走行を終了しました [シナリオ名: ログイン]
[ADMIN] 17:02:17.537881 シナリオ走行を開始しました [シナリオ名: ログイン]
[ADMIN] 17:02:17.547469 シナリオ走行を終了しました [シナリオ名: ログイン]
[ADMIN] 17:02:17.547478 シナリオ走行を開始しました [シナリオ名: ログイン]
[ADMIN] 17:02:17.556389 シナリオ走行を終了しました [シナリオ名: ログイン]
[ADMIN] 17:02:17.556397 シナリオ走行を開始しました [シナリオ名: ログイン]
[ADMIN] 17:02:17.566727 シナリオ走行を終了しました [シナリオ名: ログイン]
[ADMIN] 17:02:17.566736 シナリオ走行を開始しました [シナリオ名: ログイン]
[ADMIN] 17:02:17.573776 シナリオ走行を終了しました [シナリオ名: 新規ユーザー登録]
[ADMIN] 17:02:17.573797 シナリオ走行を開始しました [シナリオ名: 新規ユーザー登録]
[ADMIN] 17:02:17.587806 シナリオ走行を終了しました [シナリオ名: ログイン]
[ADMIN] 17:02:17.587816 シナリオ走行を開始しました [シナリオ名: ログイン]
[ADMIN] 17:02:17.590268 シナリオ走行を終了しました [シナリオ名: ログイン]
[ADMIN] 17:02:17.590277 シナリオ走行を開始しました [シナリオ名: ログイン]
[ADMIN] 17:02:17.596134 シナリオ走行を終了しました [シナリオ名: ログイン]
[ADMIN] 17:02:17.596143 シナリオ走行を開始しました [シナリオ名: ログイン]
[ADMIN] 17:02:17.606572 シナリオ走行を終了しました [シナリオ名: 新規ユーザー登録]
[ADMIN] 17:02:17.606592 シナリオ走行を開始しました [シナリオ名: 新規ユーザー登録]
[ADMIN] 17:02:17.634512 シナリオ走行を終了しました [シナリオ名: 新規ユーザー登録]
[ADMIN] 17:02:17.634534 シナリオ走行を開始しました [シナリオ名: 新規ユーザー登録]
[ADMIN] 17:02:17.656887 シナリオ走行を終了しました [シナリオ名: ログイン]
[ADMIN] 17:02:17.656900 シナリオ走行を開始しました [シナリオ名: ログイン]
[ADMIN] 17:02:17.660375 シナリオ走行を終了しました [シナリオ名: Banユーザログイン]
[ADMIN] 17:02:17.660390 シナリオ走行を開始しました [シナリオ名: Banユーザログイン]
[ADMIN] 17:02:17.663849 シナリオ走行を終了しました [シナリオ名: ログイン]
[ADMIN] 17:02:17.663865 シナリオ走行を開始しました [シナリオ名: ログイン]
[ADMIN] 17:02:17.667110 シナリオ走行を終了しました [シナリオ名: ログイン]
[ADMIN] 17:02:17.667120 シナリオ走行を開始しました [シナリオ名: ログイン]
[ADMIN] 17:02:17.672851 シナリオ走行を終了しました [シナリオ名: 新規ユーザー登録]
[ADMIN] 17:02:17.672870 シナリオ走行を開始しました [シナリオ名: 新規ユーザー登録]
[ADMIN] 17:02:17.695670 シナリオ走行を終了しました [シナリオ名: Banユーザログイン]
[ADMIN] 17:02:17.695686 シナリオ走行を開始しました [シナリオ名: Banユーザログイン]
[ADMIN] 17:02:17.703034 シナリオ走行を終了しました [シナリオ名: ログイン]
[ADMIN] 17:02:17.703043 シナリオ走行を開始しました [シナリオ名: ログイン]
[ADMIN] 17:02:17.709515 シナリオ走行を終了しました [シナリオ名: ログイン]
[ADMIN] 17:02:17.709523 シナリオ走行を開始しました [シナリオ名: ログイン]
[ADMIN] 17:02:17.731641 シナリオ走行を終了しました [シナリオ名: 新規ユーザー登録]
[ADMIN] 17:02:17.731667 シナリオ走行を開始しました [シナリオ名: 新規ユーザー登録]
[ADMIN] 17:02:17.770988 シナリオ走行を終了しました [シナリオ名: 新規ユーザー登録]
[ADMIN] 17:02:17.771006 シナリオ走行を開始しました [シナリオ名: 新規ユーザー登録]
[ADMIN] 17:02:17.772074 シナリオ走行を終了しました [シナリオ名: ログイン]
[ADMIN] 17:02:17.772085 シナリオ走行を開始しました [シナリオ名: ログイン]
[ADMIN] 17:02:17.777427 シナリオ走行を終了しました [シナリオ名: Banユーザログイン]
[ADMIN] 17:02:17.777439 シナリオ走行を開始しました [シナリオ名: Banユーザログイン]
[ADMIN] 17:02:17.778689 シナリオ走行を終了しました [シナリオ名: 新規ユーザー登録]
[ADMIN] 17:02:17.778714 シナリオ走行を開始しました [シナリオ名: 新規ユーザー登録]
[ADMIN] 17:02:17.786288 シナリオ走行を終了しました [シナリオ名: 新規ユーザー登録]
[ADMIN] 17:02:17.786307 シナリオ走行を開始しました [シナリオ名: 新規ユーザー登録]
[ADMIN] 17:02:17.796320 シナリオ走行を終了しました [シナリオ名: 新規ユーザー登録]
[ADMIN] 17:02:17.796334 シナリオ走行を開始しました [シナリオ名: 新規ユーザー登録]
[ADMIN] 17:02:17.798498 シナリオ走行を終了しました [シナリオ名: ログイン]
[ADMIN] 17:02:17.798507 シナリオ走行を開始しました [シナリオ名: ログイン]
[ADMIN] 17:02:17.802939 シナリオ走行を終了しました [シナリオ名: Banユーザログイン]
[ADMIN] 17:02:17.802953 シナリオ走行を開始しました [シナリオ名: Banユーザログイン]
[ADMIN] 17:02:17.805371 シナリオ走行を終了しました [シナリオ名: Banユーザログイン]
[ADMIN] 17:02:17.805384 シナリオ走行を開始しました [シナリオ名: Banユーザログイン]
[ADMIN] 17:02:17.808963 シナリオ走行を終了しました [シナリオ名: ログイン]
[ADMIN] 17:02:17.808971 シナリオ走行を開始しました [シナリオ名: ログイン]
[ADMIN] 17:02:17.811167 シナリオ走行を終了しました [シナリオ名: 新規ユーザー登録]
[ADMIN] 17:02:17.811185 シナリオ走行を開始しました [シナリオ名: 新規ユーザー登録]
[ADMIN] 17:02:17.816816 シナリオ走行を終了しました [シナリオ名: Banユーザログイン]
[ADMIN] 17:02:17.816828 シナリオ走行を開始しました [シナリオ名: Banユーザログイン]
[ADMIN] 17:02:17.816848 シナリオ走行を終了しました [シナリオ名: 新規ユーザー登録]
[ADMIN] 17:02:17.816860 シナリオ走行を開始しました [シナリオ名: 新規ユーザー登録]
[ADMIN] 17:02:17.846201 シナリオ走行を終了しました [シナリオ名: 新規ユーザー登録]
[ADMIN] 17:02:17.846223 シナリオ走行を開始しました [シナリオ名: 新規ユーザー登録]
[ADMIN] 17:02:17.873298 シナリオ走行を終了しました [シナリオ名: ログイン]
[ADMIN] 17:02:17.873310 シナリオ走行を開始しました [シナリオ名: ログイン]
[ADMIN] 17:02:17.886144 シナリオ走行を終了しました [シナリオ名: ログイン]
[ADMIN] 17:02:17.886155 シナリオ走行を開始しました [シナリオ名: ログイン]
[ADMIN] 17:02:17.903272 シナリオ走行を終了しました [シナリオ名: Banユーザログイン]
[ADMIN] 17:02:17.903289 シナリオ走行を開始しました [シナリオ名: Banユーザログイン]
[ADMIN] 17:02:17.918665 シナリオ走行を終了しました [シナリオ名: Banユーザログイン]
[ADMIN] 17:02:17.918677 シナリオ走行を開始しました [シナリオ名: Banユーザログイン]
[ADMIN] 17:02:17.934121 シナリオ走行を終了しました [シナリオ名: ログイン]
[ADMIN] 17:02:17.934133 シナリオ走行を開始しました [シナリオ名: ログイン]
[ADMIN] 17:02:17.947342 シナリオ走行を終了しました [シナリオ名: 新規ユーザー登録]
[ADMIN] 17:02:17.947363 シナリオ走行を開始しました [シナリオ名: 新規ユーザー登録]
[ADMIN] 17:02:17.947500 シナリオ走行を終了しました [シナリオ名: ログイン]
[ADMIN] 17:02:17.947508 シナリオ走行を開始しました [シナリオ名: ログイン]
[ADMIN] 17:02:17.956388 シナリオ走行を終了しました [シナリオ名: ログイン]
[ADMIN] 17:02:17.956397 シナリオ走行を開始しました [シナリオ名: ログイン]
[ADMIN] 17:02:17.959304 シナリオ走行を終了しました [シナリオ名: ログイン]
[ADMIN] 17:02:17.959313 シナリオ走行を開始しました [シナリオ名: ログイン]
[ADMIN] 17:02:17.979194 シナリオ走行を終了しました [シナリオ名: 新規ユーザー登録]
[ADMIN] 17:02:17.979216 シナリオ走行を開始しました [シナリオ名: 新規ユーザー登録]
[ADMIN] 17:02:18.013283 シナリオ走行を終了しました [シナリオ名: 新規ユーザー登録]
[ADMIN] 17:02:18.013305 シナリオ走行を開始しました [シナリオ名: 新規ユーザー登録]
[ADMIN] 17:02:18.029660 シナリオ走行を終了しました [シナリオ名: ログイン]
[ADMIN] 17:02:18.029670 シナリオ走行を開始しました [シナリオ名: ログイン]
[ADMIN] 17:02:18.063486 シナリオ走行を終了しました [シナリオ名: ログイン]
[ADMIN] 17:02:18.063499 シナリオ走行を開始しました [シナリオ名: ログイン]
[ADMIN] 17:02:18.072618 シナリオ走行を終了しました [シナリオ名: 新規ユーザー登録]
[ADMIN] 17:02:18.072636 シナリオ走行を開始しました [シナリオ名: 新規ユーザー登録]
[ADMIN] 17:02:18.112650 シナリオ走行を終了しました [シナリオ名: 新規ユーザー登録]
[ADMIN] 17:02:18.112678 シナリオ走行を開始しました [シナリオ名: 新規ユーザー登録]
[ADMIN] 17:02:18.113446 シナリオ走行を終了しました [シナリオ名: ログイン]
[ADMIN] 17:02:18.113456 シナリオ走行を開始しました [シナリオ名: ログイン]
[ADMIN] 17:02:18.142631 シナリオ走行を終了しました [シナリオ名: ログイン]
[ADMIN] 17:02:18.142644 シナリオ走行を開始しました [シナリオ名: ログイン]
[ADMIN] 17:02:18.150713 シナリオ走行を終了しました [シナリオ名: 新規ユーザー登録]
[ADMIN] 17:02:18.150729 シナリオ走行を開始しました [シナリオ名: 新規ユーザー登録]
[ADMIN] 17:02:18.157057 シナリオ走行を終了しました [シナリオ名: 新規ユーザー登録]
[ADMIN] 17:02:18.157081 シナリオ走行を開始しました [シナリオ名: 新規ユーザー登録]
[ADMIN] 17:02:18.185356 シナリオ走行を終了しました [シナリオ名: ログイン]
[ADMIN] 17:02:18.185370 シナリオ走行を開始しました [シナリオ名: ログイン]
[ADMIN] 17:02:18.185633 シナリオ走行を終了しました [シナリオ名: ログイン]
[ADMIN] 17:02:18.185642 シナリオ走行を開始しました [シナリオ名: ログイン]
[ADMIN] 17:02:18.201122 シナリオ走行を終了しました [シナリオ名: Banユーザログイン]
[ADMIN] 17:02:18.201139 シナリオ走行を開始しました [シナリオ名: Banユーザログイン]
[ADMIN] 17:02:18.205020 シナリオ走行を終了しました [シナリオ名: ログイン]
[ADMIN] 17:02:18.205029 シナリオ走行を開始しました [シナリオ名: ログイン]
[ADMIN] 17:02:18.209059 シナリオ走行を終了しました [シナリオ名: ログイン]
[ADMIN] 17:02:18.209068 シナリオ走行を開始しました [シナリオ名: ログイン]
[ADMIN] 17:02:18.230287 シナリオ走行を終了しました [シナリオ名: 新規ユーザー登録]
[ADMIN] 17:02:18.230308 シナリオ走行を開始しました [シナリオ名: 新規ユーザー登録]
[ADMIN] 17:02:18.233397 シナリオ走行を終了しました [シナリオ名: Banユーザログイン]
[ADMIN] 17:02:18.233411 シナリオ走行を開始しました [シナリオ名: Banユーザログイン]
[ADMIN] 17:02:18.281972 シナリオ走行を終了しました [シナリオ名: 新規ユーザー登録]
[ADMIN] 17:02:18.281998 シナリオ走行を開始しました [シナリオ名: 新規ユーザー登録]
[ADMIN] 17:02:18.287104 シナリオ走行を終了しました [シナリオ名: ログイン]
[ADMIN] 17:02:18.287120 シナリオ走行を開始しました [シナリオ名: ログイン]
[ADMIN] 17:02:18.291146 シナリオ走行を終了しました [シナリオ名: ログイン]
[ADMIN] 17:02:18.291156 シナリオ走行を開始しました [シナリオ名: ログイン]
[ADMIN] 17:02:18.338640 シナリオ走行を終了しました [シナリオ名: Banユーザログイン]
[ADMIN] 17:02:18.338656 シナリオ走行を開始しました [シナリオ名: Banユーザログイン]
[ADMIN] 17:02:18.340016 シナリオ走行を終了しました [シナリオ名: Banユーザログイン]
[ADMIN] 17:02:18.340028 シナリオ走行を開始しました [シナリオ名: Banユーザログイン]
[ADMIN] 17:02:18.349557 シナリオ走行を終了しました [シナリオ名: ログイン]
[ADMIN] 17:02:18.349568 シナリオ走行を開始しました [シナリオ名: ログイン]
[ADMIN] 17:02:18.410569 シナリオ走行を終了しました [シナリオ名: ログイン]
[ADMIN] 17:02:18.410585 シナリオ走行を開始しました [シナリオ名: ログイン]
[ADMIN] 17:02:18.417498 シナリオ走行を終了しました [シナリオ名: Banユーザログイン]
[ADMIN] 17:02:18.417513 シナリオ走行を開始しました [シナリオ名: Banユーザログイン]
[ADMIN] 17:02:18.431274 シナリオ走行を終了しました [シナリオ名: Banユーザログイン]
[ADMIN] 17:02:18.431292 シナリオ走行を開始しました [シナリオ名: Banユーザログイン]
[ADMIN] 17:02:18.446588 シナリオ走行を終了しました [シナリオ名: Banユーザログイン]
[ADMIN] 17:02:18.446602 シナリオ走行を開始しました [シナリオ名: Banユーザログイン]
[ADMIN] 17:02:18.456479 シナリオ走行を終了しました [シナリオ名: ログイン]
[ADMIN] 17:02:18.456488 シナリオ走行を開始しました [シナリオ名: ログイン]
[ADMIN] 17:02:18.512054 シナリオ走行を終了しました [シナリオ名: ログイン]
[ADMIN] 17:02:18.512067 シナリオ走行を開始しました [シナリオ名: ログイン]
[ADMIN] 17:02:18.528715 シナリオ走行を終了しました [シナリオ名: ログイン]
[ADMIN] 17:02:18.528727 シナリオ走行を開始しました [シナリオ名: ログイン]
[ADMIN] 17:02:18.533269 シナリオ走行を終了しました [シナリオ名: Banユーザログイン]
[ADMIN] 17:02:18.533284 シナリオ走行を開始しました [シナリオ名: Banユーザログイン]
[ADMIN] 17:02:18.534740 シナリオ走行を終了しました [シナリオ名: ログイン]
[ADMIN] 17:02:18.534750 シナリオ走行を開始しました [シナリオ名: ログイン]
[ADMIN] 17:02:18.536922 シナリオ走行を終了しました [シナリオ名: ログイン]
[ADMIN] 17:02:18.536931 シナリオ走行を開始しました [シナリオ名: ログイン]
[ADMIN] 17:02:18.581210 シナリオ走行を終了しました [シナリオ名: ログイン]
[ADMIN] 17:02:18.581219 シナリオ走行を開始しました [シナリオ名: ログイン]
[ADMIN] 17:02:18.593996 シナリオ走行を終了しました [シナリオ名: ログイン]
[ADMIN] 17:02:18.594006 シナリオ走行を開始しました [シナリオ名: ログイン]
[ADMIN] 17:02:18.599558 シナリオ走行を終了しました [シナリオ名: ログイン]
[ADMIN] 17:02:18.599567 シナリオ走行を開始しました [シナリオ名: ログイン]
[ADMIN] 17:02:18.628796 シナリオ走行を終了しました [シナリオ名: 新規ユーザー登録]
[ADMIN] 17:02:18.628813 シナリオ走行を開始しました [シナリオ名: 新規ユーザー登録]
[ADMIN] 17:02:18.630175 シナリオ走行を終了しました [シナリオ名: ログイン]
[ADMIN] 17:02:18.630184 シナリオ走行を開始しました [シナリオ名: ログイン]
[ADMIN] 17:02:18.646975 シナリオ走行を終了しました [シナリオ名: ログイン]
[ADMIN] 17:02:18.646985 シナリオ走行を開始しました [シナリオ名: ログイン]
[ADMIN] 17:02:18.670146 シナリオ走行を終了しました [シナリオ名: ログイン]
[ADMIN] 17:02:18.670157 シナリオ走行を開始しました [シナリオ名: ログイン]
[ADMIN] 17:02:18.707280 シナリオ走行を終了しました [シナリオ名: ログイン]
[ADMIN] 17:02:18.707289 シナリオ走行を開始しました [シナリオ名: ログイン]
[ADMIN] 17:02:18.735076 シナリオ走行を終了しました [シナリオ名: Banユーザログイン]
[ADMIN] 17:02:18.735100 シナリオ走行を開始しました [シナリオ名: Banユーザログイン]
[ADMIN] 17:02:18.801334 シナリオ走行を終了しました [シナリオ名: Banユーザログイン]
[ADMIN] 17:02:18.801355 シナリオ走行を開始しました [シナリオ名: Banユーザログイン]
[ADMIN] 17:02:18.883379 シナリオ走行を終了しました [シナリオ名: ログイン]
[ADMIN] 17:02:18.883392 シナリオ走行を開始しました [シナリオ名: ログイン]
[ADMIN] 17:02:18.885805 シナリオ走行を終了しました [シナリオ名: ログイン]
[ADMIN] 17:02:18.885815 シナリオ走行を開始しました [シナリオ名: ログイン]
[ADMIN] 17:02:18.907977 シナリオ走行を終了しました [シナリオ名: Banユーザログイン]
[ADMIN] 17:02:18.907993 シナリオ走行を開始しました [シナリオ名: Banユーザログイン]
[ADMIN] 17:02:18.914063 シナリオ走行を終了しました [シナリオ名: Banユーザログイン]
[ADMIN] 17:02:18.914077 シナリオ走行を開始しました [シナリオ名: Banユーザログイン]
[ADMIN] 17:02:18.932301 シナリオ走行を終了しました [シナリオ名: ログイン]
[ADMIN] 17:02:18.932311 シナリオ走行を開始しました [シナリオ名: ログイン]
[ADMIN] 17:02:18.952906 シナリオ走行を終了しました [シナリオ名: ログイン]
[ADMIN] 17:02:18.952913 シナリオ走行を開始しました [シナリオ名: ログイン]
[ADMIN] 17:02:18.976215 シナリオ走行を終了しました [シナリオ名: Banユーザログイン]
[ADMIN] 17:02:18.976238 シナリオ走行を開始しました [シナリオ名: Banユーザログイン]
[ADMIN] 17:02:18.977233 シナリオ走行を終了しました [シナリオ名: ログイン]
[ADMIN] 17:02:18.977241 シナリオ走行を開始しました [シナリオ名: ログイン]
[ADMIN] 17:02:18.978606 シナリオ走行を終了しました [シナリオ名: Banユーザログイン]
[ADMIN] 17:02:18.978628 シナリオ走行を開始しました [シナリオ名: Banユーザログイン]
[ADMIN] 17:02:18.984395 シナリオ走行を終了しました [シナリオ名: ログイン]
[ADMIN] 17:02:18.984403 シナリオ走行を開始しました [シナリオ名: ログイン]
[ADMIN] 17:02:18.985073 シナリオ走行を終了しました [シナリオ名: ログイン]
[ADMIN] 17:02:18.985081 シナリオ走行を開始しました [シナリオ名: ログイン]
[ADMIN] 17:02:18.994143 シナリオ走行を終了しました [シナリオ名: ログイン]
[ADMIN] 17:02:18.994151 シナリオ走行を開始しました [シナリオ名: ログイン]
[ADMIN] 17:02:19.013938 シナリオ走行を終了しました [シナリオ名: Banユーザログイン]
[ADMIN] 17:02:19.013949 シナリオ走行を開始しました [シナリオ名: Banユーザログイン]
[ADMIN] 17:02:19.073150 シナリオ走行を終了しました [シナリオ名: ログイン]
[ADMIN] 17:02:19.073165 シナリオ走行を開始しました [シナリオ名: ログイン]
[ADMIN] 17:02:19.118239 シナリオ走行を終了しました [シナリオ名: Banユーザログイン]
[ADMIN] 17:02:19.118261 シナリオ走行を開始しました [シナリオ名: Banユーザログイン]
[ADMIN] 17:02:19.121479 シナリオ走行を終了しました [シナリオ名: ログイン]
[ADMIN] 17:02:19.121488 シナリオ走行を開始しました [シナリオ名: ログイン]
[ADMIN] 17:02:19.159028 シナリオ走行を終了しました [シナリオ名: ログイン]
[ADMIN] 17:02:19.159042 シナリオ走行を開始しました [シナリオ名: ログイン]
[ADMIN] 17:02:19.177542 シナリオ走行を終了しました [シナリオ名: ログイン]
[ADMIN] 17:02:19.177554 シナリオ走行を開始しました [シナリオ名: ログイン]
[ADMIN] 17:02:19.197704 シナリオ走行を終了しました [シナリオ名: ログイン]
[ADMIN] 17:02:19.197715 シナリオ走行を開始しました [シナリオ名: ログイン]
[ADMIN] 17:02:19.275630 シナリオ走行を終了しました [シナリオ名: Banユーザログイン]
[ADMIN] 17:02:19.275650 シナリオ走行を開始しました [シナリオ名: Banユーザログイン]
[ADMIN] 17:02:19.280309 シナリオ走行を終了しました [シナリオ名: ログイン]
[ADMIN] 17:02:19.280318 シナリオ走行を開始しました [シナリオ名: ログイン]
[ADMIN] 17:02:19.300729 シナリオ走行を終了しました [シナリオ名: ログイン]
[ADMIN] 17:02:19.300740 シナリオ走行を開始しました [シナリオ名: ログイン]
[ADMIN] 17:02:19.317783 シナリオ走行を終了しました [シナリオ名: ログイン]
[ADMIN] 17:02:19.317792 シナリオ走行を開始しました [シナリオ名: ログイン]
[ADMIN] 17:02:19.330659 シナリオ走行を終了しました [シナリオ名: ログイン]
[ADMIN] 17:02:19.330669 シナリオ走行を開始しました [シナリオ名: ログイン]
[ADMIN] 17:02:19.335176 シナリオ走行を終了しました [シナリオ名: ログイン]
[ADMIN] 17:02:19.335184 シナリオ走行を開始しました [シナリオ名: ログイン]
[ADMIN] 17:02:19.390605 シナリオ走行を終了しました [シナリオ名: ログイン]
[ADMIN] 17:02:19.390628 シナリオ走行を開始しました [シナリオ名: ログイン]
[ADMIN] 17:02:19.390785 シナリオ走行を終了しました [シナリオ名: ログイン]
[ADMIN] 17:02:19.390797 シナリオ走行を開始しました [シナリオ名: ログイン]
[ADMIN] 17:02:19.411403 シナリオ走行を終了しました [シナリオ名: ログイン]
[ADMIN] 17:02:19.411412 シナリオ走行を開始しました [シナリオ名: ログイン]
[ADMIN] 17:02:19.441021 シナリオ走行を終了しました [シナリオ名: Banユーザログイン]
[ADMIN] 17:02:19.441038 シナリオ走行を開始しました [シナリオ名: Banユーザログイン]
[ADMIN] 17:02:19.443247 シナリオ走行を終了しました [シナリオ名: ログイン]
[ADMIN] 17:02:19.443255 シナリオ走行を開始しました [シナリオ名: ログイン]
[ADMIN] 17:02:19.473079 シナリオ走行を終了しました [シナリオ名: Banユーザログイン]
[ADMIN] 17:02:19.473109 シナリオ走行を開始しました [シナリオ名: Banユーザログイン]
[ADMIN] 17:02:19.514251 シナリオ走行を終了しました [シナリオ名: Banユーザログイン]
[ADMIN] 17:02:19.514272 シナリオ走行を開始しました [シナリオ名: Banユーザログイン]
[ADMIN] 17:02:19.517427 シナリオ走行を終了しました [シナリオ名: ログイン]
[ADMIN] 17:02:19.517437 シナリオ走行を開始しました [シナリオ名: ログイン]
[ADMIN] 17:02:19.518422 シナリオ走行を終了しました [シナリオ名: ログイン]
[ADMIN] 17:02:19.518431 シナリオ走行を開始しました [シナリオ名: ログイン]
[ADMIN] 17:02:19.543601 シナリオ走行を終了しました [シナリオ名: Banユーザログイン]
[ADMIN] 17:02:19.543617 シナリオ走行を開始しました [シナリオ名: Banユーザログイン]
[ADMIN] 17:02:19.583268 シナリオ走行を終了しました [シナリオ名: ログイン]
[ADMIN] 17:02:19.583280 シナリオ走行を開始しました [シナリオ名: ログイン]
[ADMIN] 17:02:19.596743 シナリオ走行を終了しました [シナリオ名: ログイン]
[ADMIN] 17:02:19.596755 シナリオ走行を開始しました [シナリオ名: ログイン]
[ADMIN] 17:02:19.598951 シナリオ走行を終了しました [シナリオ名: Banユーザログイン]
[ADMIN] 17:02:19.598965 シナリオ走行を開始しました [シナリオ名: Banユーザログイン]
[ADMIN] 17:02:19.615840 シナリオ走行を終了しました [シナリオ名: ログイン]
[ADMIN] 17:02:19.615851 シナリオ走行を開始しました [シナリオ名: ログイン]
[ADMIN] 17:02:19.637026 シナリオ走行を終了しました [シナリオ名: ログイン]
[ADMIN] 17:02:19.637036 シナリオ走行を開始しました [シナリオ名: ログイン]
[ADMIN] 17:02:19.645658 シナリオ走行を終了しました [シナリオ名: Banユーザログイン]
[ADMIN] 17:02:19.645673 シナリオ走行を開始しました [シナリオ名: Banユーザログイン]
[ADMIN] 17:02:19.692363 シナリオ走行を終了しました [シナリオ名: ログイン]
[ADMIN] 17:02:19.692372 シナリオ走行を開始しました [シナリオ名: ログイン]
[ADMIN] 17:02:19.712542 シナリオ走行を終了しました [シナリオ名: Banユーザログイン]
[ADMIN] 17:02:19.712556 シナリオ走行を開始しました [シナリオ名: Banユーザログイン]
[ADMIN] 17:02:19.727481 シナリオ走行を終了しました [シナリオ名: ログイン]
[ADMIN] 17:02:19.727490 シナリオ走行を開始しました [シナリオ名: ログイン]
[ADMIN] 17:02:19.765561 シナリオ走行を終了しました [シナリオ名: ログイン]
[ADMIN] 17:02:19.765573 シナリオ走行を開始しました [シナリオ名: ログイン]
[ADMIN] 17:02:19.771955 シナリオ走行を終了しました [シナリオ名: ログイン]
[ADMIN] 17:02:19.771964 シナリオ走行を開始しました [シナリオ名: ログイン]
[ADMIN] 17:02:19.779430 シナリオ走行を終了しました [シナリオ名: ログイン]
[ADMIN] 17:02:19.779441 シナリオ走行を開始しました [シナリオ名: ログイン]
[ADMIN] 17:02:19.788198 シナリオ走行を終了しました [シナリオ名: 新規ユーザー登録]
[ADMIN] 17:02:19.788220 シナリオ走行を開始しました [シナリオ名: 新規ユーザー登録]
[ADMIN] 17:02:19.805253 シナリオ走行を終了しました [シナリオ名: ログイン]
[ADMIN] 17:02:19.805266 シナリオ走行を開始しました [シナリオ名: ログイン]
[ADMIN] 17:02:19.807565 シナリオ走行を終了しました [シナリオ名: ログイン]
[ADMIN] 17:02:19.807576 シナリオ走行を開始しました [シナリオ名: ログイン]
[ADMIN] 17:02:19.849371 シナリオ走行を終了しました [シナリオ名: Banユーザログイン]
[ADMIN] 17:02:19.849388 シナリオ走行を開始しました [シナリオ名: Banユーザログイン]
[ADMIN] 17:02:19.911976 シナリオ走行を終了しました [シナリオ名: ログイン]
[ADMIN] 17:02:19.911989 シナリオ走行を開始しました [シナリオ名: ログイン]
17:02:19.925890 現在のログイン成功数: [total: 5074 (+1725人)]
17:02:19.925902 現在のユーザー登録成功数: [total: 1902 (+586人)]
[ADMIN] 17:02:19.929561 シナリオ走行を終了しました [シナリオ名: 新規ユーザー登録]
[ADMIN] 17:02:19.929581 シナリオ走行を開始しました [シナリオ名: 新規ユーザー登録]
[ADMIN] 17:02:19.949254 シナリオ走行を終了しました [シナリオ名: ログイン]
[ADMIN] 17:02:19.949269 シナリオ走行を開始しました [シナリオ名: ログイン]
[ADMIN] 17:02:20.000218 シナリオ走行を終了しました [シナリオ名: ログイン]
[ADMIN] 17:02:20.000255 シナリオ走行を開始しました [シナリオ名: ログイン]
[ADMIN] 17:02:20.000286 シナリオ走行を開始しました [シナリオ名: ログイン]
[ADMIN] 17:02:20.000293 シナリオ走行を開始しました [シナリオ名: ログイン]
[ADMIN] 17:02:20.000346 シナリオ走行を開始しました [シナリオ名: ログイン]
[ADMIN] 17:02:20.000418 シナリオ走行を開始しました [シナリオ名: ログイン]
[ADMIN] 17:02:20.000431 シナリオ走行を開始しました [シナリオ名: ログイン]
[ADMIN] 17:02:20.000433 シナリオ走行を開始しました [シナリオ名: ログイン]
[ADMIN] 17:02:20.000422 シナリオ走行を開始しました [シナリオ名: ログイン]
[ADMIN] 17:02:20.000520 シナリオ走行を開始しました [シナリオ名: ログイン]
[ADMIN] 17:02:20.000424 シナリオ走行を開始しました [シナリオ名: ログイン]
[ADMIN] 17:02:20.000424 シナリオ走行を開始しました [シナリオ名: ログイン]
[ADMIN] 17:02:20.000425 シナリオ走行を開始しました [シナリオ名: ログイン]
[ADMIN] 17:02:20.000426 シナリオ走行を開始しました [シナリオ名: ログイン]
[ADMIN] 17:02:20.000517 シナリオ走行を開始しました [シナリオ名: ログイン]
[ADMIN] 17:02:20.000520 シナリオ走行を開始しました [シナリオ名: ログイン]
[ADMIN] 17:02:20.000521 シナリオ走行を開始しました [シナリオ名: ログイン]
[ADMIN] 17:02:20.015058 シナリオ走行を終了しました [シナリオ名: 新規ユーザー登録]
[ADMIN] 17:02:20.015077 シナリオ走行を開始しました [シナリオ名: 新規ユーザー登録]
[ADMIN] 17:02:20.018515 シナリオ走行を終了しました [シナリオ名: Banユーザログイン]
[ADMIN] 17:02:20.018531 シナリオ走行を開始しました [シナリオ名: Banユーザログイン]
[ADMIN] 17:02:20.028200 シナリオ走行を終了しました [シナリオ名: Banユーザログイン]
[ADMIN] 17:02:20.028215 シナリオ走行を開始しました [シナリオ名: Banユーザログイン]
[ADMIN] 17:02:20.028985 シナリオ走行を終了しました [シナリオ名: ログイン]
[ADMIN] 17:02:20.029869 シナリオ走行を終了しました [シナリオ名: ログイン]
[ADMIN] 17:02:20.040172 シナリオ走行を終了しました [シナリオ名: Banユーザログイン]
[ADMIN] 17:02:20.040189 シナリオ走行を開始しました [シナリオ名: Banユーザログイン]
[ADMIN] 17:02:20.050283 シナリオ走行を終了しました [シナリオ名: ログイン]
[ADMIN] 17:02:20.052897 シナリオ走行を終了しました [シナリオ名: 新規ユーザー登録]
[ADMIN] 17:02:20.052935 シナリオ走行を開始しました [シナリオ名: 新規ユーザー登録]
[ADMIN] 17:02:20.052979 シナリオ走行を開始しました [シナリオ名: 新規ユーザー登録]
[ADMIN] 17:02:20.052989 シナリオ走行を開始しました [シナリオ名: 新規ユーザー登録]
[ADMIN] 17:02:20.053030 シナリオ走行を開始しました [シナリオ名: 新規ユーザー登録]
[ADMIN] 17:02:20.053058 シナリオ走行を開始しました [シナリオ名: 新規ユーザー登録]
[ADMIN] 17:02:20.053089 シナリオ走行を開始しました [シナリオ名: 新規ユーザー登録]
[ADMIN] 17:02:20.053141 シナリオ走行を開始しました [シナリオ名: 新規ユーザー登録]
[ADMIN] 17:02:20.053148 シナリオ走行を開始しました [シナリオ名: 新規ユーザー登録]
[ADMIN] 17:02:20.053183 シナリオ走行を開始しました [シナリオ名: 新規ユーザー登録]
[ADMIN] 17:02:20.053143 シナリオ走行を開始しました [シナリオ名: 新規ユーザー登録]
[ADMIN] 17:02:20.053243 シナリオ走行を開始しました [シナリオ名: 新規ユーザー登録]
[ADMIN] 17:02:20.053269 シナリオ走行を開始しました [シナリオ名: 新規ユーザー登録]
[ADMIN] 17:02:20.053344 シナリオ走行を開始しました [シナリオ名: 新規ユーザー登録]
[ADMIN] 17:02:20.053355 シナリオ走行を開始しました [シナリオ名: 新規ユーザー登録]
[ADMIN] 17:02:20.053045 シナリオ走行を開始しました [シナリオ名: 新規ユーザー登録]
[ADMIN] 17:02:20.053348 シナリオ走行を開始しました [シナリオ名: 新規ユーザー登録]
[ADMIN] 17:02:20.052983 シナリオ走行を開始しました [シナリオ名: 新規ユーザー登録]
[ADMIN] 17:02:20.075228 シナリオ走行を終了しました [シナリオ名: ログイン]
[ADMIN] 17:02:20.109586 シナリオ走行を終了しました [シナリオ名: Banユーザログイン]
[ADMIN] 17:02:20.109603 シナリオ走行を開始しました [シナリオ名: Banユーザログイン]
[ADMIN] 17:02:20.122859 シナリオ走行を終了しました [シナリオ名: 新規ユーザー登録]
[ADMIN] 17:02:20.127315 シナリオ走行を終了しました [シナリオ名: 新規ユーザー登録]
[ADMIN] 17:02:20.145501 シナリオ走行を終了しました [シナリオ名: 新規ユーザー登録]
[ADMIN] 17:02:20.165760 シナリオ走行を終了しました [シナリオ名: Banユーザログイン]
[ADMIN] 17:02:20.165789 シナリオ走行を開始しました [シナリオ名: Banユーザログイン]
[ADMIN] 17:02:20.165850 シナリオ走行を開始しました [シナリオ名: Banユーザログイン]
[ADMIN] 17:02:20.165871 シナリオ走行を開始しました [シナリオ名: Banユーザログイン]
[ADMIN] 17:02:20.165916 シナリオ走行を開始しました [シナリオ名: Banユーザログイン]
[ADMIN] 17:02:20.183574 シナリオ走行を終了しました [シナリオ名: ログイン]
[ADMIN] 17:02:20.194938 シナリオ走行を終了しました [シナリオ名: ログイン]
[ADMIN] 17:02:20.231577 シナリオ走行を終了しました [シナリオ名: Banユーザログイン]
[ADMIN] 17:02:20.234453 シナリオ走行を終了しました [シナリオ名: ログイン]
[ADMIN] 17:02:20.261643 シナリオ走行を終了しました [シナリオ名: Banユーザログイン]
[ADMIN] 17:02:20.273936 シナリオ走行を終了しました [シナリオ名: 新規ユーザー登録]
[ADMIN] 17:02:20.293481 シナリオ走行を終了しました [シナリオ名: 新規ユーザー登録]
[ADMIN] 17:02:20.356703 シナリオ走行を終了しました [シナリオ名: 新規ユーザー登録]
[ADMIN] 17:02:20.382739 シナリオ走行を終了しました [シナリオ名: 新規ユーザー登録]
[ADMIN] 17:02:20.389801 シナリオ走行を終了しました [シナリオ名: Banユーザログイン]
[ADMIN] 17:02:20.406279 シナリオ走行を終了しました [シナリオ名: ログイン]
[ADMIN] 17:02:20.411306 シナリオ走行を終了しました [シナリオ名: ログイン]
[ADMIN] 17:02:20.423153 シナリオ走行を終了しました [シナリオ名: ログイン]
[ADMIN] 17:02:20.425542 シナリオ走行を終了しました [シナリオ名: ログイン]
[ADMIN] 17:02:20.438143 シナリオ走行を終了しました [シナリオ名: ログイン]
[ADMIN] 17:02:20.445218 シナリオ走行を終了しました [シナリオ名: ログイン]
[ADMIN] 17:02:20.454918 シナリオ走行を終了しました [シナリオ名: 新規ユーザー登録]
[ADMIN] 17:02:20.464414 シナリオ走行を終了しました [シナリオ名: 新規ユーザー登録]
[ADMIN] 17:02:20.476571 シナリオ走行を終了しました [シナリオ名: ログイン]
[ADMIN] 17:02:20.500667 シナリオ走行を終了しました [シナリオ名: ログイン]
[ADMIN] 17:02:20.511765 シナリオ走行を終了しました [シナリオ名: ログイン]
[ADMIN] 17:02:20.523561 シナリオ走行を終了しました [シナリオ名: ログイン]
[ADMIN] 17:02:20.532774 シナリオ走行を終了しました [シナリオ名: 新規ユーザー登録]
[ADMIN] 17:02:20.549576 シナリオ走行を終了しました [シナリオ名: Banユーザログイン]
[ADMIN] 17:02:20.573965 シナリオ走行を終了しました [シナリオ名: ログイン]
[ADMIN] 17:02:20.574304 シナリオ走行を終了しました [シナリオ名: ログイン]
[ADMIN] 17:02:20.578364 シナリオ走行を終了しました [シナリオ名: Banユーザログイン]
[ADMIN] 17:02:20.588771 シナリオ走行を終了しました [シナリオ名: 新規ユーザー登録]
[ADMIN] 17:02:20.589134 シナリオ走行を終了しました [シナリオ名: 新規ユーザー登録]
[ADMIN] 17:02:20.589806 シナリオ走行を終了しました [シナリオ名: 新規ユーザー登録]
[ADMIN] 17:02:20.605957 シナリオ走行を終了しました [シナリオ名: ログイン]
[ADMIN] 17:02:20.616696 シナリオ走行を終了しました [シナリオ名: 新規ユーザー登録]
[ADMIN] 17:02:20.617373 シナリオ走行を終了しました [シナリオ名: ログイン]
[ADMIN] 17:02:20.625420 シナリオ走行を終了しました [シナリオ名: ログイン]
[ADMIN] 17:02:20.635798 シナリオ走行を終了しました [シナリオ名: ログイン]
[ADMIN] 17:02:20.640294 シナリオ走行を終了しました [シナリオ名: ログイン]
[ADMIN] 17:02:20.645620 シナリオ走行を終了しました [シナリオ名: ログイン]
[ADMIN] 17:02:20.652681 シナリオ走行を終了しました [シナリオ名: Banユーザログイン]
[ADMIN] 17:02:20.665148 シナリオ走行を終了しました [シナリオ名: 新規ユーザー登録]
[ADMIN] 17:02:20.679387 シナリオ走行を終了しました [シナリオ名: 新規ユーザー登録]
[ADMIN] 17:02:20.683849 シナリオ走行を終了しました [シナリオ名: 新規ユーザー登録]
[ADMIN] 17:02:20.689139 シナリオ走行を終了しました [シナリオ名: 新規ユーザー登録]
[ADMIN] 17:02:20.696834 シナリオ走行を終了しました [シナリオ名: Banユーザログイン]
[ADMIN] 17:02:20.706126 シナリオ走行を終了しました [シナリオ名: 新規ユーザー登録]
[ADMIN] 17:02:20.708260 シナリオ走行を終了しました [シナリオ名: 新規ユーザー登録]
[ADMIN] 17:02:20.746962 シナリオ走行を終了しました [シナリオ名: 新規ユーザー登録]
[ADMIN] 17:02:20.750686 シナリオ走行を終了しました [シナリオ名: ログイン]
[ADMIN] 17:02:20.755707 シナリオ走行を終了しました [シナリオ名: Banユーザログイン]
[ADMIN] 17:02:20.755738 シナリオ走行を開始しました [シナリオ名: Banユーザログイン]
[ADMIN] 17:02:20.755739 シナリオ走行を開始しました [シナリオ名: Banユーザログイン]
[ADMIN] 17:02:20.755746 シナリオ走行を開始しました [シナリオ名: Banユーザログイン]
[ADMIN] 17:02:20.755816 シナリオ走行を開始しました [シナリオ名: Banユーザログイン]
[ADMIN] 17:02:20.755907 シナリオ走行を開始しました [シナリオ名: Banユーザログイン]
[ADMIN] 17:02:20.755910 シナリオ走行を開始しました [シナリオ名: Banユーザログイン]
[ADMIN] 17:02:20.755912 シナリオ走行を開始しました [シナリオ名: Banユーザログイン]
[ADMIN] 17:02:20.755914 シナリオ走行を開始しました [シナリオ名: Banユーザログイン]
[ADMIN] 17:02:20.765218 シナリオ走行を終了しました [シナリオ名: ログイン]
[ADMIN] 17:02:20.771240 シナリオ走行を終了しました [シナリオ名: 新規ユーザー登録]
[ADMIN] 17:02:20.806310 シナリオ走行を終了しました [シナリオ名: ログイン]
[ADMIN] 17:02:20.808204 シナリオ走行を終了しました [シナリオ名: ログイン]
[ADMIN] 17:02:20.810947 シナリオ走行を終了しました [シナリオ名: ログイン]
[ADMIN] 17:02:20.817537 シナリオ走行を終了しました [シナリオ名: Banユーザログイン]
[ADMIN] 17:02:20.817552 シナリオ走行を開始しました [シナリオ名: Banユーザログイン]
[ADMIN] 17:02:20.836478 シナリオ走行を終了しました [シナリオ名: 新規ユーザー登録]
[ADMIN] 17:02:20.862079 シナリオ走行を終了しました [シナリオ名: Banユーザログイン]
[ADMIN] 17:02:20.862094 シナリオ走行を開始しました [シナリオ名: Banユーザログイン]
[ADMIN] 17:02:20.863511 シナリオ走行を終了しました [シナリオ名: Banユーザログイン]
[ADMIN] 17:02:20.863530 シナリオ走行を開始しました [シナリオ名: Banユーザログイン]
[ADMIN] 17:02:20.875678 シナリオ走行を終了しました [シナリオ名: 新規ユーザー登録]
[ADMIN] 17:02:20.911802 シナリオ走行を終了しました [シナリオ名: ログイン]
[ADMIN] 17:02:20.942021 シナリオ走行を終了しました [シナリオ名: ログイン]
[ADMIN] 17:02:20.952307 シナリオ走行を終了しました [シナリオ名: ログイン]
[ADMIN] 17:02:20.976516 シナリオ走行を終了しました [シナリオ名: ログイン]
[ADMIN] 17:02:21.001684 シナリオ走行を終了しました [シナリオ名: ログイン]
[ADMIN] 17:02:21.039901 シナリオ走行を終了しました [シナリオ名: ログイン]
[ADMIN] 17:02:21.055890 シナリオ走行を終了しました [シナリオ名: 新規ユーザー登録]
[ADMIN] 17:02:21.064692 シナリオ走行を終了しました [シナリオ名: ログイン]
[ADMIN] 17:02:21.073164 シナリオ走行を終了しました [シナリオ名: ログイン]
[ADMIN] 17:02:21.081095 シナリオ走行を終了しました [シナリオ名: ログイン]
[ADMIN] 17:02:21.094250 シナリオ走行を終了しました [シナリオ名: ログイン]
[ADMIN] 17:02:21.125860 シナリオ走行を終了しました [シナリオ名: ログイン]
[ADMIN] 17:02:21.127926 シナリオ走行を終了しました [シナリオ名: ログイン]
[ADMIN] 17:02:21.131431 シナリオ走行を終了しました [シナリオ名: ログイン]
[ADMIN] 17:02:21.150274 シナリオ走行を終了しました [シナリオ名: ログイン]
[ADMIN] 17:02:21.202147 シナリオ走行を終了しました [シナリオ名: ログイン]
[ADMIN] 17:02:21.211868 シナリオ走行を終了しました [シナリオ名: ログイン]
[ADMIN] 17:02:21.226809 シナリオ走行を終了しました [シナリオ名: ログイン]
[ADMIN] 17:02:21.234439 シナリオ走行を終了しました [シナリオ名: ログイン]
[ADMIN] 17:02:21.238251 シナリオ走行を終了しました [シナリオ名: ログイン]
[ADMIN] 17:02:21.265738 シナリオ走行を終了しました [シナリオ名: ログイン]
[ADMIN] 17:02:21.286984 シナリオ走行を終了しました [シナリオ名: Banユーザログイン]
[ADMIN] 17:02:21.287004 シナリオ走行を開始しました [シナリオ名: Banユーザログイン]
[ADMIN] 17:02:21.287357 シナリオ走行を終了しました [シナリオ名: Banユーザログイン]
[ADMIN] 17:02:21.287376 シナリオ走行を開始しました [シナリオ名: Banユーザログイン]
[ADMIN] 17:02:21.288398 シナリオ走行を終了しました [シナリオ名: Banユーザログイン]
[ADMIN] 17:02:21.288408 シナリオ走行を開始しました [シナリオ名: Banユーザログイン]
[ADMIN] 17:02:21.289126 シナリオ走行を終了しました [シナリオ名: Banユーザログイン]
[ADMIN] 17:02:21.289138 シナリオ走行を開始しました [シナリオ名: Banユーザログイン]
[ADMIN] 17:02:21.298343 シナリオ走行を終了しました [シナリオ名: ログイン]
[ADMIN] 17:02:21.299063 シナリオ走行を終了しました [シナリオ名: ログイン]
[ADMIN] 17:02:21.299113 シナリオ走行を開始しました [シナリオ名: ログイン]
[ADMIN] 17:02:21.299127 シナリオ走行を開始しました [シナリオ名: ログイン]
[ADMIN] 17:02:21.299146 シナリオ走行を開始しました [シナリオ名: ログイン]
[ADMIN] 17:02:21.299172 シナリオ走行を開始しました [シナリオ名: ログイン]
[ADMIN] 17:02:21.299234 シナリオ走行を開始しました [シナリオ名: ログイン]
[ADMIN] 17:02:21.299258 シナリオ走行を開始しました [シナリオ名: ログイン]
[ADMIN] 17:02:21.299261 シナリオ走行を開始しました [シナリオ名: ログイン]
[ADMIN] 17:02:21.299336 シナリオ走行を開始しました [シナリオ名: ログイン]
[ADMIN] 17:02:21.299348 シナリオ走行を開始しました [シナリオ名: ログイン]
[ADMIN] 17:02:21.299352 シナリオ走行を開始しました [シナリオ名: ログイン]
[ADMIN] 17:02:21.299356 シナリオ走行を開始しました [シナリオ名: ログイン]
[ADMIN] 17:02:21.299360 シナリオ走行を開始しました [シナリオ名: ログイン]
[ADMIN] 17:02:21.299391 シナリオ走行を開始しました [シナリオ名: ログイン]
[ADMIN] 17:02:21.299452 シナリオ走行を開始しました [シナリオ名: ログイン]
[ADMIN] 17:02:21.299458 シナリオ走行を開始しました [シナリオ名: ログイン]
[ADMIN] 17:02:21.299461 シナリオ走行を開始しました [シナリオ名: ログイン]
[ADMIN] 17:02:21.299462 シナリオ走行を開始しました [シナリオ名: ログイン]
[ADMIN] 17:02:21.299464 シナリオ走行を開始しました [シナリオ名: ログイン]
[ADMIN] 17:02:21.299343 シナリオ走行を開始しました [シナリオ名: ログイン]
[ADMIN] 17:02:21.299344 シナリオ走行を開始しました [シナリオ名: ログイン]
[ADMIN] 17:02:21.299435 シナリオ走行を開始しました [シナリオ名: ログイン]
[ADMIN] 17:02:21.299436 シナリオ走行を開始しました [シナリオ名: ログイン]
[ADMIN] 17:02:21.299445 シナリオ走行を開始しました [シナリオ名: ログイン]
[ADMIN] 17:02:21.299517 シナリオ走行を開始しました [シナリオ名: ログイン]
[ADMIN] 17:02:21.299541 シナリオ走行を開始しました [シナリオ名: ログイン]
[ADMIN] 17:02:21.299573 シナリオ走行を開始しました [シナリオ名: ログイン]
[ADMIN] 17:02:21.299692 シナリオ走行を開始しました [シナリオ名: ログイン]
[ADMIN] 17:02:21.299772 シナリオ走行を開始しました [シナリオ名: ログイン]
[ADMIN] 17:02:21.299827 シナリオ走行を開始しました [シナリオ名: ログイン]
[ADMIN] 17:02:21.299929 シナリオ走行を開始しました [シナリオ名: ログイン]
[ADMIN] 17:02:21.299560 シナリオ走行を開始しました [シナリオ名: ログイン]
[ADMIN] 17:02:21.299340 シナリオ走行を開始しました [シナリオ名: ログイン]
[ADMIN] 17:02:21.299925 シナリオ走行を開始しました [シナリオ名: ログイン]
[ADMIN] 17:02:21.299434 シナリオ走行を開始しました [シナリオ名: ログイン]
[ADMIN] 17:02:21.299588 シナリオ走行を開始しました [シナリオ名: ログイン]
[ADMIN] 17:02:21.299448 シナリオ走行を開始しました [シナリオ名: ログイン]
[ADMIN] 17:02:21.299449 シナリオ走行を開始しました [シナリオ名: ログイン]
[ADMIN] 17:02:21.299451 シナリオ走行を開始しました [シナリオ名: ログイン]
[ADMIN] 17:02:21.299455 シナリオ走行を開始しました [シナリオ名: ログイン]
[ADMIN] 17:02:21.299561 シナリオ走行を開始しました [シナリオ名: ログイン]
[ADMIN] 17:02:21.299563 シナリオ走行を開始しました [シナリオ名: ログイン]
[ADMIN] 17:02:21.299565 シナリオ走行を開始しました [シナリオ名: ログイン]
[ADMIN] 17:02:21.299566 シナリオ走行を開始しました [シナリオ名: ログイン]
[ADMIN] 17:02:21.299567 シナリオ走行を開始しました [シナリオ名: ログイン]
[ADMIN] 17:02:21.299345 シナリオ走行を開始しました [シナリオ名: ログイン]
[ADMIN] 17:02:21.299571 シナリオ走行を開始しました [シナリオ名: ログイン]
[ADMIN] 17:02:21.299260 シナリオ走行を開始しました [シナリオ名: ログイン]
[ADMIN] 17:02:21.299341 シナリオ走行を開始しました [シナリオ名: ログイン]
[ADMIN] 17:02:21.299447 シナリオ走行を開始しました [シナリオ名: ログイン]
[ADMIN] 17:02:21.299931 シナリオ走行を開始しました [シナリオ名: ログイン]
[ADMIN] 17:02:21.299932 シナリオ走行を開始しました [シナリオ名: ログイン]
[ADMIN] 17:02:21.299933 シナリオ走行を開始しました [シナリオ名: ログイン]
[ADMIN] 17:02:21.317154 シナリオ走行を終了しました [シナリオ名: Banユーザログイン]
[ADMIN] 17:02:21.317170 シナリオ走行を開始しました [シナリオ名: Banユーザログイン]
[ADMIN] 17:02:21.321589 シナリオ走行を終了しました [シナリオ名: Banユーザログイン]
[ADMIN] 17:02:21.321601 シナリオ走行を開始しました [シナリオ名: Banユーザログイン]
[ADMIN] 17:02:21.328619 シナリオ走行を終了しました [シナリオ名: Banユーザログイン]
[ADMIN] 17:02:21.328633 シナリオ走行を開始しました [シナリオ名: Banユーザログイン]
[ADMIN] 17:02:21.361890 シナリオ走行を終了しました [シナリオ名: Banユーザログイン]
[ADMIN] 17:02:21.361906 シナリオ走行を開始しました [シナリオ名: Banユーザログイン]
[ADMIN] 17:02:21.362084 シナリオ走行を終了しました [シナリオ名: ログイン]
[ADMIN] 17:02:21.372067 シナリオ走行を終了しました [シナリオ名: Banユーザログイン]
[ADMIN] 17:02:21.372084 シナリオ走行を開始しました [シナリオ名: Banユーザログイン]
[ADMIN] 17:02:21.397773 シナリオ走行を終了しました [シナリオ名: Banユーザログイン]
[ADMIN] 17:02:21.397791 シナリオ走行を開始しました [シナリオ名: Banユーザログイン]
[ADMIN] 17:02:21.416283 シナリオ走行を終了しました [シナリオ名: ログイン]
[ADMIN] 17:02:21.416300 シナリオ走行を開始しました [シナリオ名: ログイン]
[ADMIN] 17:02:21.416352 シナリオ走行を開始しました [シナリオ名: ログイン]
[ADMIN] 17:02:21.443169 シナリオ走行を終了しました [シナリオ名: Banユーザログイン]
[ADMIN] 17:02:21.443188 シナリオ走行を開始しました [シナリオ名: Banユーザログイン]
[ADMIN] 17:02:21.462579 シナリオ走行を終了しました [シナリオ名: ログイン]
[ADMIN] 17:02:21.476419 シナリオ走行を終了しました [シナリオ名: ログイン]
[ADMIN] 17:02:21.476433 シナリオ走行を開始しました [シナリオ名: ログイン]
[ADMIN] 17:02:21.476485 シナリオ走行を開始しました [シナリオ名: ログイン]
[ADMIN] 17:02:21.482742 シナリオ走行を終了しました [シナリオ名: ログイン]
[ADMIN] 17:02:21.584072 シナリオ走行を終了しました [シナリオ名: 新規ユーザー登録]
[ADMIN] 17:02:21.584111 シナリオ走行を開始しました [シナリオ名: 新規ユーザー登録]
[ADMIN] 17:02:21.584114 シナリオ走行を開始しました [シナリオ名: 新規ユーザー登録]
[ADMIN] 17:02:21.584131 シナリオ走行を開始しました [シナリオ名: 新規ユーザー登録]
[ADMIN] 17:02:21.584212 シナリオ走行を開始しました [シナリオ名: 新規ユーザー登録]
[ADMIN] 17:02:21.584247 シナリオ走行を開始しました [シナリオ名: 新規ユーザー登録]
[ADMIN] 17:02:21.584259 シナリオ走行を開始しました [シナリオ名: 新規ユーザー登録]
[ADMIN] 17:02:21.584277 シナリオ走行を開始しました [シナリオ名: 新規ユーザー登録]
[ADMIN] 17:02:21.584339 シナリオ走行を開始しました [シナリオ名: 新規ユーザー登録]
[ADMIN] 17:02:21.584352 シナリオ走行を開始しました [シナリオ名: 新規ユーザー登録]
[ADMIN] 17:02:21.584375 シナリオ走行を開始しました [シナリオ名: 新規ユーザー登録]
[ADMIN] 17:02:21.584420 シナリオ走行を開始しました [シナリオ名: 新規ユーザー登録]
[ADMIN] 17:02:21.584436 シナリオ走行を開始しました [シナリオ名: 新規ユーザー登録]
[ADMIN] 17:02:21.584508 シナリオ走行を開始しました [シナリオ名: 新規ユーザー登録]
[ADMIN] 17:02:21.584520 シナリオ走行を開始しました [シナリオ名: 新規ユーザー登録]
[ADMIN] 17:02:21.584527 シナリオ走行を開始しました [シナリオ名: 新規ユーザー登録]
[ADMIN] 17:02:21.584339 シナリオ走行を開始しました [シナリオ名: 新規ユーザー登録]
[ADMIN] 17:02:21.584521 シナリオ走行を開始しました [シナリオ名: 新規ユーザー登録]
[ADMIN] 17:02:21.584621 シナリオ走行を開始しました [シナリオ名: 新規ユーザー登録]
[ADMIN] 17:02:21.584241 シナリオ走行を開始しました [シナリオ名: 新規ユーザー登録]
[ADMIN] 17:02:21.584424 シナリオ走行を開始しました [シナリオ名: 新規ユーザー登録]
[ADMIN] 17:02:21.584248 シナリオ走行を開始しました [シナリオ名: 新規ユーザー登録]
[ADMIN] 17:02:21.584510 シナリオ走行を開始しました [シナリオ名: 新規ユーザー登録]
[ADMIN] 17:02:21.584254 シナリオ走行を開始しました [シナリオ名: 新規ユーザー登録]
[ADMIN] 17:02:21.584344 シナリオ走行を開始しました [シナリオ名: 新規ユーザー登録]
[ADMIN] 17:02:21.584614 シナリオ走行を開始しました [シナリオ名: 新規ユーザー登録]
[ADMIN] 17:02:21.584715 シナリオ走行を開始しました [シナリオ名: 新規ユーザー登録]
[ADMIN] 17:02:21.712066 シナリオ走行を終了しました [シナリオ名: ログイン]
[ADMIN] 17:02:21.712080 シナリオ走行を開始しました [シナリオ名: ログイン]
[ADMIN] 17:02:21.712140 シナリオ走行を開始しました [シナリオ名: ログイン]
[ADMIN] 17:02:21.736852 シナリオ走行を終了しました [シナリオ名: ログイン]
[ADMIN] 17:02:21.736864 シナリオ走行を開始しました [シナリオ名: ログイン]
[ADMIN] 17:02:21.812270 シナリオ走行を終了しました [シナリオ名: Banユーザログイン]
[ADMIN] 17:02:21.812299 シナリオ走行を開始しました [シナリオ名: Banユーザログイン]
[ADMIN] 17:02:21.815265 シナリオ走行を終了しました [シナリオ名: Banユーザログイン]
[ADMIN] 17:02:21.815284 シナリオ走行を開始しました [シナリオ名: Banユーザログイン]
[ADMIN] 17:02:21.828205 シナリオ走行を終了しました [シナリオ名: Banユーザログイン]
[ADMIN] 17:02:21.828228 シナリオ走行を開始しました [シナリオ名: Banユーザログイン]
[ADMIN] 17:02:21.868693 シナリオ走行を終了しました [シナリオ名: 新規ユーザー登録]
[ADMIN] 17:02:21.868717 シナリオ走行を開始しました [シナリオ名: 新規ユーザー登録]
[ADMIN] 17:02:21.871340 シナリオ走行を終了しました [シナリオ名: Banユーザログイン]
[ADMIN] 17:02:21.871354 シナリオ走行を開始しました [シナリオ名: Banユーザログイン]
[ADMIN] 17:02:21.887584 シナリオ走行を終了しました [シナリオ名: ログイン]
[ADMIN] 17:02:21.887597 シナリオ走行を開始しました [シナリオ名: ログイン]
[ADMIN] 17:02:21.890985 シナリオ走行を終了しました [シナリオ名: ログイン]
[ADMIN] 17:02:21.890995 シナリオ走行を開始しました [シナリオ名: ログイン]
[ADMIN] 17:02:21.899508 シナリオ走行を終了しました [シナリオ名: ログイン]
[ADMIN] 17:02:21.899519 シナリオ走行を開始しました [シナリオ名: ログイン]
[ADMIN] 17:02:21.921605 シナリオ走行を終了しました [シナリオ名: Banユーザログイン]
[ADMIN] 17:02:21.921620 シナリオ走行を開始しました [シナリオ名: Banユーザログイン]
[ADMIN] 17:02:21.925185 シナリオ走行を終了しました [シナリオ名: Banユーザログイン]
[ADMIN] 17:02:21.925193 シナリオ走行を開始しました [シナリオ名: Banユーザログイン]
[ADMIN] 17:02:21.925198 シナリオ走行を終了しました [シナリオ名: Banユーザログイン]
[ADMIN] 17:02:21.925212 シナリオ走行を開始しました [シナリオ名: Banユーザログイン]
[ADMIN] 17:02:21.932876 シナリオ走行を終了しました [シナリオ名: Banユーザログイン]
[ADMIN] 17:02:21.932886 シナリオ走行を開始しました [シナリオ名: Banユーザログイン]
[ADMIN] 17:02:21.938659 シナリオ走行を終了しました [シナリオ名: ログイン]
[ADMIN] 17:02:21.938668 シナリオ走行を開始しました [シナリオ名: ログイン]
[ADMIN] 17:02:21.957781 シナリオ走行を終了しました [シナリオ名: Banユーザログイン]
[ADMIN] 17:02:21.957798 シナリオ走行を開始しました [シナリオ名: Banユーザログイン]
[ADMIN] 17:02:21.962310 シナリオ走行を終了しました [シナリオ名: Banユーザログイン]
[ADMIN] 17:02:21.962327 シナリオ走行を開始しました [シナリオ名: Banユーザログイン]
[ADMIN] 17:02:21.968978 シナリオ走行を終了しました [シナリオ名: ログイン]
[ADMIN] 17:02:21.968988 シナリオ走行を開始しました [シナリオ名: ログイン]
[ADMIN] 17:02:21.969970 シナリオ走行を終了しました [シナリオ名: ログイン]
[ADMIN] 17:02:21.979964 シナリオ走行を終了しました [シナリオ名: ログイン]
[ADMIN] 17:02:21.979974 シナリオ走行を開始しました [シナリオ名: ログイン]
[ADMIN] 17:02:21.980034 シナリオ走行を開始しました [シナリオ名: ログイン]
[ADMIN] 17:02:22.014774 シナリオ走行を終了しました [シナリオ名: Banユーザログイン]
[ADMIN] 17:02:22.014791 シナリオ走行を開始しました [シナリオ名: Banユーザログイン]
[ADMIN] 17:02:22.061140 シナリオ走行を終了しました [シナリオ名: ログイン]
[ADMIN] 17:02:22.061156 シナリオ走行を開始しました [シナリオ名: ログイン]
[ADMIN] 17:02:22.158237 シナリオ走行を終了しました [シナリオ名: ログイン]
[ADMIN] 17:02:22.158252 シナリオ走行を開始しました [シナリオ名: ログイン]
[ADMIN] 17:02:22.193348 シナリオ走行を終了しました [シナリオ名: ログイン]
[ADMIN] 17:02:22.193365 シナリオ走行を開始しました [シナリオ名: ログイン]
[ADMIN] 17:02:22.266898 シナリオ走行を終了しました [シナリオ名: 新規ユーザー登録]
[ADMIN] 17:02:22.279886 シナリオ走行を終了しました [シナリオ名: ログイン]
[ADMIN] 17:02:22.279900 シナリオ走行を開始しました [シナリオ名: ログイン]
[ADMIN] 17:02:22.341807 シナリオ走行を終了しました [シナリオ名: ログイン]
[ADMIN] 17:02:22.376538 シナリオ走行を終了しました [シナリオ名: ログイン]
[ADMIN] 17:02:22.376557 シナリオ走行を開始しました [シナリオ名: ログイン]
[ADMIN] 17:02:22.376610 シナリオ走行を開始しました [シナリオ名: ログイン]
[ADMIN] 17:02:22.393092 シナリオ走行を終了しました [シナリオ名: Banユーザログイン]
[ADMIN] 17:02:22.393110 シナリオ走行を開始しました [シナリオ名: Banユーザログイン]
[ADMIN] 17:02:22.398581 シナリオ走行を終了しました [シナリオ名: 新規ユーザー登録]
[ADMIN] 17:02:22.398604 シナリオ走行を開始しました [シナリオ名: 新規ユーザー登録]
[ADMIN] 17:02:22.398643 シナリオ走行を開始しました [シナリオ名: 新規ユーザー登録]
[ADMIN] 17:02:22.400008 シナリオ走行を終了しました [シナリオ名: Banユーザログイン]
[ADMIN] 17:02:22.400022 シナリオ走行を開始しました [シナリオ名: Banユーザログイン]
[ADMIN] 17:02:22.404611 シナリオ走行を終了しました [シナリオ名: Banユーザログイン]
[ADMIN] 17:02:22.404623 シナリオ走行を開始しました [シナリオ名: Banユーザログイン]
[ADMIN] 17:02:22.452509 シナリオ走行を終了しました [シナリオ名: Banユーザログイン]
[ADMIN] 17:02:22.452527 シナリオ走行を開始しました [シナリオ名: Banユーザログイン]
[ADMIN] 17:02:22.488443 シナリオ走行を終了しました [シナリオ名: Banユーザログイン]
[ADMIN] 17:02:22.488455 シナリオ走行を開始しました [シナリオ名: Banユーザログイン]
[ADMIN] 17:02:22.491775 シナリオ走行を終了しました [シナリオ名: 新規ユーザー登録]
[ADMIN] 17:02:22.491794 シナリオ走行を開始しました [シナリオ名: 新規ユーザー登録]
[ADMIN] 17:02:22.499693 シナリオ走行を終了しました [シナリオ名: Banユーザログイン]
[ADMIN] 17:02:22.499707 シナリオ走行を開始しました [シナリオ名: Banユーザログイン]
[ADMIN] 17:02:22.501091 シナリオ走行を終了しました [シナリオ名: Banユーザログイン]
[ADMIN] 17:02:22.501104 シナリオ走行を開始しました [シナリオ名: Banユーザログイン]
[ADMIN] 17:02:22.502739 シナリオ走行を終了しました [シナリオ名: Banユーザログイン]
[ADMIN] 17:02:22.502752 シナリオ走行を開始しました [シナリオ名: Banユーザログイン]
[ADMIN] 17:02:22.526882 シナリオ走行を終了しました [シナリオ名: 新規ユーザー登録]
[ADMIN] 17:02:22.526901 シナリオ走行を開始しました [シナリオ名: 新規ユーザー登録]
[ADMIN] 17:02:22.528268 シナリオ走行を終了しました [シナリオ名: Banユーザログイン]
[ADMIN] 17:02:22.528281 シナリオ走行を開始しました [シナリオ名: Banユーザログイン]
[ADMIN] 17:02:22.564912 シナリオ走行を終了しました [シナリオ名: ログイン]
[ADMIN] 17:02:22.614875 シナリオ走行を終了しました [シナリオ名: Banユーザログイン]
[ADMIN] 17:02:22.614894 シナリオ走行を開始しました [シナリオ名: Banユーザログイン]
[ADMIN] 17:02:22.619656 シナリオ走行を終了しました [シナリオ名: Banユーザログイン]
[ADMIN] 17:02:22.619667 シナリオ走行を開始しました [シナリオ名: Banユーザログイン]
[ADMIN] 17:02:22.667754 シナリオ走行を終了しました [シナリオ名: 新規ユーザー登録]
[ADMIN] 17:02:22.667782 シナリオ走行を開始しました [シナリオ名: 新規ユーザー登録]
[ADMIN] 17:02:22.678584 シナリオ走行を終了しました [シナリオ名: 新規ユーザー登録]
[ADMIN] 17:02:22.678598 シナリオ走行を開始しました [シナリオ名: 新規ユーザー登録]
[ADMIN] 17:02:22.897129 シナリオ走行を終了しました [シナリオ名: 新規ユーザー登録]
[ADMIN] 17:02:22.897160 シナリオ走行を開始しました [シナリオ名: 新規ユーザー登録]
[ADMIN] 17:02:22.973173 シナリオ走行を終了しました [シナリオ名: 新規ユーザー登録]
[ADMIN] 17:02:22.973198 シナリオ走行を開始しました [シナリオ名: 新規ユーザー登録]
[ADMIN] 17:02:23.027009 シナリオ走行を終了しました [シナリオ名: Banユーザログイン]
[ADMIN] 17:02:23.027035 シナリオ走行を開始しました [シナリオ名: Banユーザログイン]
[ADMIN] 17:02:23.060895 シナリオ走行を終了しました [シナリオ名: Banユーザログイン]
[ADMIN] 17:02:23.060917 シナリオ走行を開始しました [シナリオ名: Banユーザログイン]
[ADMIN] 17:02:23.071530 シナリオ走行を終了しました [シナリオ名: 新規ユーザー登録]
[ADMIN] 17:02:23.071552 シナリオ走行を開始しました [シナリオ名: 新規ユーザー登録]
[ADMIN] 17:02:23.098325 シナリオ走行を終了しました [シナリオ名: ログイン]
[ADMIN] 17:02:23.098340 シナリオ走行を開始しました [シナリオ名: ログイン]
[ADMIN] 17:02:23.098389 シナリオ走行を開始しました [シナリオ名: ログイン]
[ADMIN] 17:02:23.128210 シナリオ走行を終了しました [シナリオ名: Banユーザログイン]
[ADMIN] 17:02:23.128230 シナリオ走行を開始しました [シナリオ名: Banユーザログイン]
[ADMIN] 17:02:23.135273 シナリオ走行を終了しました [シナリオ名: 新規ユーザー登録]
[ADMIN] 17:02:23.145169 シナリオ走行を終了しました [シナリオ名: ログイン]
[ADMIN] 17:02:23.145179 シナリオ走行を開始しました [シナリオ名: ログイン]
[ADMIN] 17:02:23.147633 シナリオ走行を終了しました [シナリオ名: Banユーザログイン]
[ADMIN] 17:02:23.147649 シナリオ走行を開始しました [シナリオ名: Banユーザログイン]
[ADMIN] 17:02:23.176554 シナリオ走行を終了しました [シナリオ名: Banユーザログイン]
[ADMIN] 17:02:23.176570 シナリオ走行を開始しました [シナリオ名: Banユーザログイン]
[ADMIN] 17:02:23.180967 シナリオ走行を終了しました [シナリオ名: ログイン]
[ADMIN] 17:02:23.180975 シナリオ走行を開始しました [シナリオ名: ログイン]
[ADMIN] 17:02:23.187097 シナリオ走行を終了しました [シナリオ名: Banユーザログイン]
[ADMIN] 17:02:23.187151 シナリオ走行を開始しました [シナリオ名: Banユーザログイン]
[ADMIN] 17:02:23.198193 シナリオ走行を終了しました [シナリオ名: Banユーザログイン]
[ADMIN] 17:02:23.198207 シナリオ走行を開始しました [シナリオ名: Banユーザログイン]
[ADMIN] 17:02:23.201658 シナリオ走行を終了しました [シナリオ名: Banユーザログイン]
[ADMIN] 17:02:23.201670 シナリオ走行を開始しました [シナリオ名: Banユーザログイン]
[ADMIN] 17:02:23.214098 シナリオ走行を終了しました [シナリオ名: 新規ユーザー登録]
[ADMIN] 17:02:23.214120 シナリオ走行を開始しました [シナリオ名: 新規ユーザー登録]
[ADMIN] 17:02:23.214147 シナリオ走行を開始しました [シナリオ名: 新規ユーザー登録]
[ADMIN] 17:02:23.221229 シナリオ走行を終了しました [シナリオ名: ログイン]
[ADMIN] 17:02:23.221237 シナリオ走行を開始しました [シナリオ名: ログイン]
[ADMIN] 17:02:23.225082 シナリオ走行を終了しました [シナリオ名: ログイン]
[ADMIN] 17:02:23.225091 シナリオ走行を開始しました [シナリオ名: ログイン]
[ADMIN] 17:02:23.258847 シナリオ走行を終了しました [シナリオ名: Banユーザログイン]
[ADMIN] 17:02:23.258863 シナリオ走行を開始しました [シナリオ名: Banユーザログイン]
[ADMIN] 17:02:23.271295 シナリオ走行を終了しました [シナリオ名: Banユーザログイン]
[ADMIN] 17:02:23.271311 シナリオ走行を開始しました [シナリオ名: Banユーザログイン]
[ADMIN] 17:02:23.294510 シナリオ走行を終了しました [シナリオ名: ログイン]
[ADMIN] 17:02:23.294521 シナリオ走行を開始しました [シナリオ名: ログイン]
[ADMIN] 17:02:23.296271 シナリオ走行を終了しました [シナリオ名: ログイン]
[ADMIN] 17:02:23.296281 シナリオ走行を開始しました [シナリオ名: ログイン]
[ADMIN] 17:02:23.304077 シナリオ走行を終了しました [シナリオ名: ログイン]
[ADMIN] 17:02:23.304128 シナリオ走行を開始しました [シナリオ名: ログイン]
[ADMIN] 17:02:23.311339 シナリオ走行を終了しました [シナリオ名: ログイン]
[ADMIN] 17:02:23.311352 シナリオ走行を開始しました [シナリオ名: ログイン]
[ADMIN] 17:02:23.323173 シナリオ走行を終了しました [シナリオ名: ログイン]
[ADMIN] 17:02:23.323184 シナリオ走行を開始しました [シナリオ名: ログイン]
[ADMIN] 17:02:23.342422 シナリオ走行を終了しました [シナリオ名: ログイン]
[ADMIN] 17:02:23.342432 シナリオ走行を開始しました [シナリオ名: ログイン]
[ADMIN] 17:02:23.345371 シナリオ走行を終了しました [シナリオ名: ログイン]
[ADMIN] 17:02:23.345379 シナリオ走行を開始しました [シナリオ名: ログイン]
[ADMIN] 17:02:23.353344 シナリオ走行を終了しました [シナリオ名: Banユーザログイン]
[ADMIN] 17:02:23.353360 シナリオ走行を開始しました [シナリオ名: Banユーザログイン]
[ADMIN] 17:02:23.383370 シナリオ走行を終了しました [シナリオ名: ログイン]
[ADMIN] 17:02:23.383382 シナリオ走行を開始しました [シナリオ名: ログイン]
[ADMIN] 17:02:23.390752 シナリオ走行を終了しました [シナリオ名: ログイン]
[ADMIN] 17:02:23.390761 シナリオ走行を開始しました [シナリオ名: ログイン]
[ADMIN] 17:02:23.392851 シナリオ走行を終了しました [シナリオ名: 新規ユーザー登録]
[ADMIN] 17:02:23.392866 シナリオ走行を開始しました [シナリオ名: 新規ユーザー登録]
[ADMIN] 17:02:23.393226 シナリオ走行を終了しました [シナリオ名: ログイン]
[ADMIN] 17:02:23.393241 シナリオ走行を開始しました [シナリオ名: ログイン]
[ADMIN] 17:02:23.397032 シナリオ走行を終了しました [シナリオ名: 新規ユーザー登録]
[ADMIN] 17:02:23.401907 シナリオ走行を終了しました [シナリオ名: ログイン]
[ADMIN] 17:02:23.401915 シナリオ走行を開始しました [シナリオ名: ログイン]
[ADMIN] 17:02:23.408469 シナリオ走行を終了しました [シナリオ名: ログイン]
[ADMIN] 17:02:23.408480 シナリオ走行を開始しました [シナリオ名: ログイン]
[ADMIN] 17:02:23.412919 シナリオ走行を終了しました [シナリオ名: 新規ユーザー登録]
[ADMIN] 17:02:23.412938 シナリオ走行を開始しました [シナリオ名: 新規ユーザー登録]
[ADMIN] 17:02:23.412979 シナリオ走行を開始しました [シナリオ名: 新規ユーザー登録]
[ADMIN] 17:02:23.414842 シナリオ走行を終了しました [シナリオ名: ログイン]
[ADMIN] 17:02:23.414850 シナリオ走行を開始しました [シナリオ名: ログイン]
[ADMIN] 17:02:23.423596 シナリオ走行を終了しました [シナリオ名: ログイン]
[ADMIN] 17:02:23.423605 シナリオ走行を開始しました [シナリオ名: ログイン]
[ADMIN] 17:02:23.425236 シナリオ走行を終了しました [シナリオ名: ログイン]
[ADMIN] 17:02:23.425245 シナリオ走行を開始しました [シナリオ名: ログイン]
[ADMIN] 17:02:23.447009 シナリオ走行を終了しました [シナリオ名: ログイン]
[ADMIN] 17:02:23.447018 シナリオ走行を開始しました [シナリオ名: ログイン]
[ADMIN] 17:02:23.447441 シナリオ走行を終了しました [シナリオ名: ログイン]
[ADMIN] 17:02:23.447450 シナリオ走行を開始しました [シナリオ名: ログイン]
[ADMIN] 17:02:23.462579 シナリオ走行を終了しました [シナリオ名: ログイン]
[ADMIN] 17:02:23.462588 シナリオ走行を開始しました [シナリオ名: ログイン]
[ADMIN] 17:02:23.466554 シナリオ走行を終了しました [シナリオ名: ログイン]
[ADMIN] 17:02:23.466563 シナリオ走行を開始しました [シナリオ名: ログイン]
[ADMIN] 17:02:23.488776 シナリオ走行を終了しました [シナリオ名: ログイン]
[ADMIN] 17:02:23.488788 シナリオ走行を開始しました [シナリオ名: ログイン]
[ADMIN] 17:02:23.498486 シナリオ走行を終了しました [シナリオ名: ログイン]
[ADMIN] 17:02:23.498497 シナリオ走行を開始しました [シナリオ名: ログイン]
[ADMIN] 17:02:23.503295 シナリオ走行を終了しました [シナリオ名: ログイン]
[ADMIN] 17:02:23.503303 シナリオ走行を開始しました [シナリオ名: ログイン]
[ADMIN] 17:02:23.508036 シナリオ走行を終了しました [シナリオ名: ログイン]
[ADMIN] 17:02:23.508047 シナリオ走行を開始しました [シナリオ名: ログイン]
[ADMIN] 17:02:23.516224 シナリオ走行を終了しました [シナリオ名: ログイン]
[ADMIN] 17:02:23.516236 シナリオ走行を開始しました [シナリオ名: ログイン]
[ADMIN] 17:02:23.518689 シナリオ走行を終了しました [シナリオ名: ログイン]
[ADMIN] 17:02:23.518699 シナリオ走行を開始しました [シナリオ名: ログイン]
[ADMIN] 17:02:23.520078 シナリオ走行を終了しました [シナリオ名: ログイン]
[ADMIN] 17:02:23.520087 シナリオ走行を開始しました [シナリオ名: ログイン]
[ADMIN] 17:02:23.524982 シナリオ走行を終了しました [シナリオ名: 新規ユーザー登録]
[ADMIN] 17:02:23.524999 シナリオ走行を開始しました [シナリオ名: 新規ユーザー登録]
[ADMIN] 17:02:23.531616 シナリオ走行を終了しました [シナリオ名: ログイン]
[ADMIN] 17:02:23.531626 シナリオ走行を開始しました [シナリオ名: ログイン]
[ADMIN] 17:02:23.552755 シナリオ走行を終了しました [シナリオ名: ログイン]
[ADMIN] 17:02:23.552767 シナリオ走行を開始しました [シナリオ名: ログイン]
[ADMIN] 17:02:23.557000 シナリオ走行を終了しました [シナリオ名: 新規ユーザー登録]
[ADMIN] 17:02:23.557022 シナリオ走行を開始しました [シナリオ名: 新規ユーザー登録]
[ADMIN] 17:02:23.566589 シナリオ走行を終了しました [シナリオ名: ログイン]
[ADMIN] 17:02:23.566598 シナリオ走行を開始しました [シナリオ名: ログイン]
[ADMIN] 17:02:23.573197 シナリオ走行を終了しました [シナリオ名: ログイン]
[ADMIN] 17:02:23.573208 シナリオ走行を開始しました [シナリオ名: ログイン]
[ADMIN] 17:02:23.573209 シナリオ走行を終了しました [シナリオ名: ログイン]
[ADMIN] 17:02:23.573216 シナリオ走行を開始しました [シナリオ名: ログイン]
[ADMIN] 17:02:23.586808 シナリオ走行を終了しました [シナリオ名: ログイン]
[ADMIN] 17:02:23.586819 シナリオ走行を開始しました [シナリオ名: ログイン]
[ADMIN] 17:02:23.598106 シナリオ走行を終了しました [シナリオ名: ログイン]
[ADMIN] 17:02:23.598119 シナリオ走行を開始しました [シナリオ名: ログイン]
[ADMIN] 17:02:23.606081 シナリオ走行を終了しました [シナリオ名: Banユーザログイン]
[ADMIN] 17:02:23.606102 シナリオ走行を開始しました [シナリオ名: Banユーザログイン]
[ADMIN] 17:02:23.618971 シナリオ走行を終了しました [シナリオ名: ログイン]
[ADMIN] 17:02:23.618986 シナリオ走行を開始しました [シナリオ名: ログイン]
[ADMIN] 17:02:23.640804 シナリオ走行を終了しました [シナリオ名: 新規ユーザー登録]
[ADMIN] 17:02:23.640833 シナリオ走行を開始しました [シナリオ名: 新規ユーザー登録]
[ADMIN] 17:02:23.673993 シナリオ走行を終了しました [シナリオ名: ログイン]
[ADMIN] 17:02:23.674011 シナリオ走行を開始しました [シナリオ名: ログイン]
[ADMIN] 17:02:23.684045 シナリオ走行を終了しました [シナリオ名: ログイン]
[ADMIN] 17:02:23.684056 シナリオ走行を開始しました [シナリオ名: ログイン]
[ADMIN] 17:02:23.692934 シナリオ走行を終了しました [シナリオ名: Banユーザログイン]
[ADMIN] 17:02:23.692950 シナリオ走行を開始しました [シナリオ名: Banユーザログイン]
[ADMIN] 17:02:23.711700 シナリオ走行を終了しました [シナリオ名: Banユーザログイン]
[ADMIN] 17:02:23.711717 シナリオ走行を開始しました [シナリオ名: Banユーザログイン]
[ADMIN] 17:02:23.722630 シナリオ走行を終了しました [シナリオ名: ログイン]
[ADMIN] 17:02:23.722643 シナリオ走行を開始しました [シナリオ名: ログイン]
[ADMIN] 17:02:23.726059 シナリオ走行を終了しました [シナリオ名: Banユーザログイン]
[ADMIN] 17:02:23.726077 シナリオ走行を開始しました [シナリオ名: Banユーザログイン]
[ADMIN] 17:02:23.735338 シナリオ走行を終了しました [シナリオ名: 新規ユーザー登録]
[ADMIN] 17:02:23.735359 シナリオ走行を開始しました [シナリオ名: 新規ユーザー登録]
[ADMIN] 17:02:23.756293 シナリオ走行を終了しました [シナリオ名: ログイン]
[ADMIN] 17:02:23.756305 シナリオ走行を開始しました [シナリオ名: ログイン]
[ADMIN] 17:02:23.766512 シナリオ走行を終了しました [シナリオ名: ログイン]
[ADMIN] 17:02:23.766523 シナリオ走行を開始しました [シナリオ名: ログイン]
[ADMIN] 17:02:23.791429 シナリオ走行を終了しました [シナリオ名: ログイン]
[ADMIN] 17:02:23.791441 シナリオ走行を開始しました [シナリオ名: ログイン]
[ADMIN] 17:02:23.805092 シナリオ走行を終了しました [シナリオ名: Banユーザログイン]
[ADMIN] 17:02:23.805109 シナリオ走行を開始しました [シナリオ名: Banユーザログイン]
[ADMIN] 17:02:23.813834 シナリオ走行を終了しました [シナリオ名: Banユーザログイン]
[ADMIN] 17:02:23.813852 シナリオ走行を開始しました [シナリオ名: Banユーザログイン]
[ADMIN] 17:02:23.815250 シナリオ走行を終了しました [シナリオ名: Banユーザログイン]
[ADMIN] 17:02:23.815265 シナリオ走行を開始しました [シナリオ名: Banユーザログイン]
[ADMIN] 17:02:23.821639 シナリオ走行を終了しました [シナリオ名: Banユーザログイン]
[ADMIN] 17:02:23.821654 シナリオ走行を開始しました [シナリオ名: Banユーザログイン]
[ADMIN] 17:02:23.822390 シナリオ走行を終了しました [シナリオ名: ログイン]
[ADMIN] 17:02:23.822401 シナリオ走行を開始しました [シナリオ名: ログイン]
[ADMIN] 17:02:23.837769 シナリオ走行を終了しました [シナリオ名: Banユーザログイン]
[ADMIN] 17:02:23.837793 シナリオ走行を開始しました [シナリオ名: Banユーザログイン]
[ADMIN] 17:02:23.849708 シナリオ走行を終了しました [シナリオ名: ログイン]
[ADMIN] 17:02:23.849719 シナリオ走行を開始しました [シナリオ名: ログイン]
[ADMIN] 17:02:23.860451 シナリオ走行を終了しました [シナリオ名: ログイン]
[ADMIN] 17:02:23.860462 シナリオ走行を開始しました [シナリオ名: ログイン]
[ADMIN] 17:02:23.865919 シナリオ走行を終了しました [シナリオ名: Banユーザログイン]
[ADMIN] 17:02:23.865934 シナリオ走行を開始しました [シナリオ名: Banユーザログイン]
[ADMIN] 17:02:23.889183 シナリオ走行を終了しました [シナリオ名: ログイン]
[ADMIN] 17:02:23.889195 シナリオ走行を開始しました [シナリオ名: ログイン]
[ADMIN] 17:02:23.907056 シナリオ走行を終了しました [シナリオ名: ログイン]
[ADMIN] 17:02:23.907070 シナリオ走行を開始しました [シナリオ名: ログイン]
[ADMIN] 17:02:23.907155 シナリオ走行を終了しました [シナリオ名: ログイン]
[ADMIN] 17:02:23.907166 シナリオ走行を開始しました [シナリオ名: ログイン]
[ADMIN] 17:02:23.920386 シナリオ走行を終了しました [シナリオ名: Banユーザログイン]
[ADMIN] 17:02:23.920398 シナリオ走行を開始しました [シナリオ名: Banユーザログイン]
[ADMIN] 17:02:23.930509 シナリオ走行を終了しました [シナリオ名: ログイン]
[ADMIN] 17:02:23.930520 シナリオ走行を開始しました [シナリオ名: ログイン]
[ADMIN] 17:02:23.957353 シナリオ走行を終了しました [シナリオ名: ログイン]
[ADMIN] 17:02:23.957366 シナリオ走行を開始しました [シナリオ名: ログイン]
[ADMIN] 17:02:23.967578 シナリオ走行を終了しました [シナリオ名: ログイン]
[ADMIN] 17:02:23.967588 シナリオ走行を開始しました [シナリオ名: ログイン]
[ADMIN] 17:02:24.031725 シナリオ走行を終了しました [シナリオ名: ログイン]
[ADMIN] 17:02:24.031737 シナリオ走行を開始しました [シナリオ名: ログイン]
[ADMIN] 17:02:24.049088 シナリオ走行を終了しました [シナリオ名: ログイン]
[ADMIN] 17:02:24.049099 シナリオ走行を開始しました [シナリオ名: ログイン]
[ADMIN] 17:02:24.111821 シナリオ走行を終了しました [シナリオ名: ログイン]
[ADMIN] 17:02:24.111830 シナリオ走行を開始しました [シナリオ名: ログイン]
[ADMIN] 17:02:24.122646 シナリオ走行を終了しました [シナリオ名: ログイン]
[ADMIN] 17:02:24.122658 シナリオ走行を開始しました [シナリオ名: ログイン]
[ADMIN] 17:02:24.148935 シナリオ走行を終了しました [シナリオ名: ログイン]
[ADMIN] 17:02:24.148944 シナリオ走行を開始しました [シナリオ名: ログイン]
[ADMIN] 17:02:24.244892 シナリオ走行を終了しました [シナリオ名: Banユーザログイン]
[ADMIN] 17:02:24.244913 シナリオ走行を開始しました [シナリオ名: Banユーザログイン]
[ADMIN] 17:02:24.265317 シナリオ走行を終了しました [シナリオ名: Banユーザログイン]
[ADMIN] 17:02:24.265336 シナリオ走行を開始しました [シナリオ名: Banユーザログイン]
[ADMIN] 17:02:24.279818 シナリオ走行を終了しました [シナリオ名: Banユーザログイン]
[ADMIN] 17:02:24.279834 シナリオ走行を開始しました [シナリオ名: Banユーザログイン]
[ADMIN] 17:02:24.283061 シナリオ走行を終了しました [シナリオ名: ログイン]
[ADMIN] 17:02:24.283073 シナリオ走行を開始しました [シナリオ名: ログイン]
[ADMIN] 17:02:24.323801 シナリオ走行を終了しました [シナリオ名: Banユーザログイン]
[ADMIN] 17:02:24.323827 シナリオ走行を開始しました [シナリオ名: Banユーザログイン]
[ADMIN] 17:02:24.341976 シナリオ走行を終了しました [シナリオ名: ログイン]
[ADMIN] 17:02:24.341993 シナリオ走行を開始しました [シナリオ名: ログイン]
[ADMIN] 17:02:24.370747 シナリオ走行を終了しました [シナリオ名: ログイン]
[ADMIN] 17:02:24.370761 シナリオ走行を開始しました [シナリオ名: ログイン]
[ADMIN] 17:02:24.373115 シナリオ走行を終了しました [シナリオ名: Banユーザログイン]
[ADMIN] 17:02:24.373129 シナリオ走行を開始しました [シナリオ名: Banユーザログイン]
[ADMIN] 17:02:24.419841 シナリオ走行を終了しました [シナリオ名: Banユーザログイン]
[ADMIN] 17:02:24.419864 シナリオ走行を開始しました [シナリオ名: Banユーザログイン]
[ADMIN] 17:02:24.434071 シナリオ走行を終了しました [シナリオ名: Banユーザログイン]
[ADMIN] 17:02:24.434092 シナリオ走行を開始しました [シナリオ名: Banユーザログイン]
[ADMIN] 17:02:24.436326 シナリオ走行を終了しました [シナリオ名: Banユーザログイン]
[ADMIN] 17:02:24.436337 シナリオ走行を開始しました [シナリオ名: Banユーザログイン]
[ADMIN] 17:02:24.436415 シナリオ走行を終了しました [シナリオ名: ログイン]
[ADMIN] 17:02:24.436424 シナリオ走行を開始しました [シナリオ名: ログイン]
[ADMIN] 17:02:24.441906 シナリオ走行を終了しました [シナリオ名: ログイン]
[ADMIN] 17:02:24.441917 シナリオ走行を開始しました [シナリオ名: ログイン]
[ADMIN] 17:02:24.456892 シナリオ走行を終了しました [シナリオ名: Banユーザログイン]
[ADMIN] 17:02:24.456906 シナリオ走行を開始しました [シナリオ名: Banユーザログイン]
[ADMIN] 17:02:24.475103 シナリオ走行を終了しました [シナリオ名: Banユーザログイン]
[ADMIN] 17:02:24.475124 シナリオ走行を開始しました [シナリオ名: Banユーザログイン]
[ADMIN] 17:02:24.476983 シナリオ走行を終了しました [シナリオ名: ログイン]
[ADMIN] 17:02:24.476993 シナリオ走行を開始しました [シナリオ名: ログイン]
[ADMIN] 17:02:24.499215 シナリオ走行を終了しました [シナリオ名: ログイン]
[ADMIN] 17:02:24.499229 シナリオ走行を開始しました [シナリオ名: ログイン]
[ADMIN] 17:02:24.596578 シナリオ走行を終了しました [シナリオ名: ログイン]
[ADMIN] 17:02:24.596592 シナリオ走行を開始しました [シナリオ名: ログイン]
[ADMIN] 17:02:24.628167 シナリオ走行を終了しました [シナリオ名: ログイン]
[ADMIN] 17:02:24.628186 シナリオ走行を開始しました [シナリオ名: ログイン]
[ADMIN] 17:02:24.647338 シナリオ走行を終了しました [シナリオ名: ログイン]
[ADMIN] 17:02:24.647354 シナリオ走行を開始しました [シナリオ名: ログイン]
[ADMIN] 17:02:24.653839 シナリオ走行を終了しました [シナリオ名: Banユーザログイン]
[ADMIN] 17:02:24.653859 シナリオ走行を開始しました [シナリオ名: Banユーザログイン]
[ADMIN] 17:02:24.721900 シナリオ走行を終了しました [シナリオ名: ログイン]
[ADMIN] 17:02:24.721913 シナリオ走行を開始しました [シナリオ名: ログイン]
[ADMIN] 17:02:24.760531 シナリオ走行を終了しました [シナリオ名: ログイン]
[ADMIN] 17:02:24.760544 シナリオ走行を開始しました [シナリオ名: ログイン]
[ADMIN] 17:02:24.774977 シナリオ走行を終了しました [シナリオ名: Banユーザログイン]
[ADMIN] 17:02:24.774994 シナリオ走行を開始しました [シナリオ名: Banユーザログイン]
[ADMIN] 17:02:24.809315 シナリオ走行を終了しました [シナリオ名: 新規ユーザー登録]
[ADMIN] 17:02:24.809336 シナリオ走行を開始しました [シナリオ名: 新規ユーザー登録]
[ADMIN] 17:02:24.810721 シナリオ走行を終了しました [シナリオ名: Banユーザログイン]
[ADMIN] 17:02:24.810735 シナリオ走行を開始しました [シナリオ名: Banユーザログイン]
[ADMIN] 17:02:24.819892 シナリオ走行を終了しました [シナリオ名: ログイン]
[ADMIN] 17:02:24.819904 シナリオ走行を開始しました [シナリオ名: ログイン]
[ADMIN] 17:02:24.854818 シナリオ走行を終了しました [シナリオ名: Banユーザログイン]
[ADMIN] 17:02:24.854832 シナリオ走行を開始しました [シナリオ名: Banユーザログイン]
[ADMIN] 17:02:24.925928 シナリオ走行を終了しました [シナリオ名: 新規ユーザー登録]
[ADMIN] 17:02:24.925959 シナリオ走行を開始しました [シナリオ名: 新規ユーザー登録]
[ADMIN] 17:02:24.977799 シナリオ走行を終了しました [シナリオ名: Banユーザログイン]
[ADMIN] 17:02:24.977817 シナリオ走行を開始しました [シナリオ名: Banユーザログイン]
[ADMIN] 17:02:24.995432 シナリオ走行を終了しました [シナリオ名: Banユーザログイン]
[ADMIN] 17:02:24.995451 シナリオ走行を開始しました [シナリオ名: Banユーザログイン]
[ADMIN] 17:02:25.004554 シナリオ走行を終了しました [シナリオ名: Banユーザログイン]
[ADMIN] 17:02:25.004573 シナリオ走行を開始しました [シナリオ名: Banユーザログイン]
[ADMIN] 17:02:25.021298 シナリオ走行を終了しました [シナリオ名: 新規ユーザー登録]
[ADMIN] 17:02:25.021320 シナリオ走行を開始しました [シナリオ名: 新規ユーザー登録]
[ADMIN] 17:02:25.046300 シナリオ走行を終了しました [シナリオ名: Banユーザログイン]
[ADMIN] 17:02:25.046320 シナリオ走行を開始しました [シナリオ名: Banユーザログイン]
[ADMIN] 17:02:25.071201 シナリオ走行を終了しました [シナリオ名: Banユーザログイン]
[ADMIN] 17:02:25.071224 シナリオ走行を開始しました [シナリオ名: Banユーザログイン]
[ADMIN] 17:02:25.099464 シナリオ走行を終了しました [シナリオ名: Banユーザログイン]
[ADMIN] 17:02:25.099489 シナリオ走行を開始しました [シナリオ名: Banユーザログイン]
[ADMIN] 17:02:25.123860 シナリオ走行を終了しました [シナリオ名: Banユーザログイン]
[ADMIN] 17:02:25.123874 シナリオ走行を開始しました [シナリオ名: Banユーザログイン]
[ADMIN] 17:02:25.170047 シナリオ走行を終了しました [シナリオ名: 新規ユーザー登録]
[ADMIN] 17:02:25.170074 シナリオ走行を開始しました [シナリオ名: 新規ユーザー登録]
[ADMIN] 17:02:25.236278 シナリオ走行を終了しました [シナリオ名: ログイン]
[ADMIN] 17:02:25.236292 シナリオ走行を開始しました [シナリオ名: ログイン]
[ADMIN] 17:02:25.239513 シナリオ走行を終了しました [シナリオ名: 新規ユーザー登録]
[ADMIN] 17:02:25.239536 シナリオ走行を開始しました [シナリオ名: 新規ユーザー登録]
[ADMIN] 17:02:25.270153 シナリオ走行を終了しました [シナリオ名: 新規ユーザー登録]
[ADMIN] 17:02:25.270176 シナリオ走行を開始しました [シナリオ名: 新規ユーザー登録]
[ADMIN] 17:02:25.286494 シナリオ走行を終了しました [シナリオ名: 新規ユーザー登録]
[ADMIN] 17:02:25.286519 シナリオ走行を開始しました [シナリオ名: 新規ユーザー登録]
[ADMIN] 17:02:25.317037 シナリオ走行を終了しました [シナリオ名: 新規ユーザー登録]
[ADMIN] 17:02:25.317057 シナリオ走行を開始しました [シナリオ名: 新規ユーザー登録]
[ADMIN] 17:02:25.335871 シナリオ走行を終了しました [シナリオ名: ログイン]
[ADMIN] 17:02:25.335884 シナリオ走行を開始しました [シナリオ名: ログイン]
[ADMIN] 17:02:25.358072 シナリオ走行を終了しました [シナリオ名: Banユーザログイン]
[ADMIN] 17:02:25.358093 シナリオ走行を開始しました [シナリオ名: Banユーザログイン]
[ADMIN] 17:02:25.384823 シナリオ走行を終了しました [シナリオ名: 新規ユーザー登録]
[ADMIN] 17:02:25.384849 シナリオ走行を開始しました [シナリオ名: 新規ユーザー登録]
[ADMIN] 17:02:25.387353 シナリオ走行を終了しました [シナリオ名: 新規ユーザー登録]
[ADMIN] 17:02:25.387369 シナリオ走行を開始しました [シナリオ名: 新規ユーザー登録]
[ADMIN] 17:02:25.388722 シナリオ走行を終了しました [シナリオ名: Banユーザログイン]
[ADMIN] 17:02:25.388736 シナリオ走行を開始しました [シナリオ名: Banユーザログイン]
[ADMIN] 17:02:25.391393 シナリオ走行を終了しました [シナリオ名: ログイン]
[ADMIN] 17:02:25.391404 シナリオ走行を開始しました [シナリオ名: ログイン]
[ADMIN] 17:02:25.404755 シナリオ走行を終了しました [シナリオ名: ログイン]
[ADMIN] 17:02:25.404768 シナリオ走行を開始しました [シナリオ名: ログイン]
[ADMIN] 17:02:25.419067 シナリオ走行を終了しました [シナリオ名: ログイン]
[ADMIN] 17:02:25.419076 シナリオ走行を開始しました [シナリオ名: ログイン]
[ADMIN] 17:02:25.425438 シナリオ走行を終了しました [シナリオ名: 新規ユーザー登録]
[ADMIN] 17:02:25.425458 シナリオ走行を開始しました [シナリオ名: 新規ユーザー登録]
[ADMIN] 17:02:25.433496 シナリオ走行を終了しました [シナリオ名: 新規ユーザー登録]
[ADMIN] 17:02:25.433510 シナリオ走行を開始しました [シナリオ名: 新規ユーザー登録]
[ADMIN] 17:02:25.443853 シナリオ走行を終了しました [シナリオ名: Banユーザログイン]
[ADMIN] 17:02:25.443864 シナリオ走行を開始しました [シナリオ名: Banユーザログイン]
[ADMIN] 17:02:25.443940 シナリオ走行を終了しました [シナリオ名: ログイン]
[ADMIN] 17:02:25.443951 シナリオ走行を開始しました [シナリオ名: ログイン]
[ADMIN] 17:02:25.445354 シナリオ走行を終了しました [シナリオ名: ログイン]
[ADMIN] 17:02:25.445363 シナリオ走行を開始しました [シナリオ名: ログイン]
[ADMIN] 17:02:25.452933 シナリオ走行を終了しました [シナリオ名: ログイン]
[ADMIN] 17:02:25.452944 シナリオ走行を開始しました [シナリオ名: ログイン]
[ADMIN] 17:02:25.453538 シナリオ走行を終了しました [シナリオ名: 新規ユーザー登録]
[ADMIN] 17:02:25.453555 シナリオ走行を開始しました [シナリオ名: 新規ユーザー登録]
[ADMIN] 17:02:25.466472 シナリオ走行を終了しました [シナリオ名: ログイン]
[ADMIN] 17:02:25.466484 シナリオ走行を開始しました [シナリオ名: ログイン]
[ADMIN] 17:02:25.471451 シナリオ走行を終了しました [シナリオ名: 新規ユーザー登録]
[ADMIN] 17:02:25.471466 シナリオ走行を開始しました [シナリオ名: 新規ユーザー登録]
[ADMIN] 17:02:25.479227 シナリオ走行を終了しました [シナリオ名: Banユーザログイン]
[ADMIN] 17:02:25.479244 シナリオ走行を開始しました [シナリオ名: Banユーザログイン]
[ADMIN] 17:02:25.550431 シナリオ走行を終了しました [シナリオ名: ログイン]
[ADMIN] 17:02:25.550444 シナリオ走行を開始しました [シナリオ名: ログイン]
[ADMIN] 17:02:25.553663 シナリオ走行を終了しました [シナリオ名: 新規ユーザー登録]
[ADMIN] 17:02:25.553685 シナリオ走行を開始しました [シナリオ名: 新規ユーザー登録]
[ADMIN] 17:02:25.580559 シナリオ走行を終了しました [シナリオ名: ログイン]
[ADMIN] 17:02:25.580571 シナリオ走行を開始しました [シナリオ名: ログイン]
[ADMIN] 17:02:25.588876 シナリオ走行を終了しました [シナリオ名: Banユーザログイン]
[ADMIN] 17:02:25.588891 シナリオ走行を開始しました [シナリオ名: Banユーザログイン]
[ADMIN] 17:02:25.595425 シナリオ走行を終了しました [シナリオ名: ログイン]
[ADMIN] 17:02:25.595434 シナリオ走行を開始しました [シナリオ名: ログイン]
[ADMIN] 17:02:25.602956 シナリオ走行を終了しました [シナリオ名: ログイン]
[ADMIN] 17:02:25.602963 シナリオ走行を開始しました [シナリオ名: ログイン]
[ADMIN] 17:02:25.603454 シナリオ走行を終了しました [シナリオ名: ログイン]
[ADMIN] 17:02:25.603463 シナリオ走行を開始しました [シナリオ名: ログイン]
[ADMIN] 17:02:25.603846 シナリオ走行を終了しました [シナリオ名: 新規ユーザー登録]
[ADMIN] 17:02:25.603861 シナリオ走行を開始しました [シナリオ名: 新規ユーザー登録]
[ADMIN] 17:02:25.604966 シナリオ走行を終了しました [シナリオ名: ログイン]
[ADMIN] 17:02:25.604975 シナリオ走行を開始しました [シナリオ名: ログイン]
[ADMIN] 17:02:25.617832 シナリオ走行を終了しました [シナリオ名: 新規ユーザー登録]
[ADMIN] 17:02:25.617851 シナリオ走行を開始しました [シナリオ名: 新規ユーザー登録]
[ADMIN] 17:02:25.634374 シナリオ走行を終了しました [シナリオ名: Banユーザログイン]
[ADMIN] 17:02:25.634386 シナリオ走行を開始しました [シナリオ名: Banユーザログイン]
[ADMIN] 17:02:25.639223 シナリオ走行を終了しました [シナリオ名: ログイン]
[ADMIN] 17:02:25.639231 シナリオ走行を開始しました [シナリオ名: ログイン]
[ADMIN] 17:02:25.659782 シナリオ走行を終了しました [シナリオ名: 新規ユーザー登録]
[ADMIN] 17:02:25.659796 シナリオ走行を開始しました [シナリオ名: 新規ユーザー登録]
[ADMIN] 17:02:25.664244 シナリオ走行を終了しました [シナリオ名: Banユーザログイン]
[ADMIN] 17:02:25.664258 シナリオ走行を開始しました [シナリオ名: Banユーザログイン]
[ADMIN] 17:02:25.675265 シナリオ走行を終了しました [シナリオ名: ログイン]
[ADMIN] 17:02:25.675273 シナリオ走行を開始しました [シナリオ名: ログイン]
[ADMIN] 17:02:25.681928 シナリオ走行を終了しました [シナリオ名: Banユーザログイン]
[ADMIN] 17:02:25.681941 シナリオ走行を開始しました [シナリオ名: Banユーザログイン]
[ADMIN] 17:02:25.691640 シナリオ走行を終了しました [シナリオ名: Banユーザログイン]
[ADMIN] 17:02:25.691653 シナリオ走行を開始しました [シナリオ名: Banユーザログイン]
[ADMIN] 17:02:25.698289 シナリオ走行を終了しました [シナリオ名: 新規ユーザー登録]
[ADMIN] 17:02:25.698305 シナリオ走行を開始しました [シナリオ名: 新規ユーザー登録]
[ADMIN] 17:02:25.699619 シナリオ走行を終了しました [シナリオ名: Banユーザログイン]
[ADMIN] 17:02:25.699633 シナリオ走行を開始しました [シナリオ名: Banユーザログイン]
[ADMIN] 17:02:25.701130 シナリオ走行を終了しました [シナリオ名: 新規ユーザー登録]
[ADMIN] 17:02:25.701143 シナリオ走行を開始しました [シナリオ名: 新規ユーザー登録]
[ADMIN] 17:02:25.712152 シナリオ走行を終了しました [シナリオ名: Banユーザログイン]
[ADMIN] 17:02:25.712169 シナリオ走行を開始しました [シナリオ名: Banユーザログイン]
[ADMIN] 17:02:25.724489 シナリオ走行を終了しました [シナリオ名: 新規ユーザー登録]
[ADMIN] 17:02:25.724510 シナリオ走行を開始しました [シナリオ名: 新規ユーザー登録]
[ADMIN] 17:02:25.728202 シナリオ走行を終了しました [シナリオ名: 新規ユーザー登録]
[ADMIN] 17:02:25.728215 シナリオ走行を開始しました [シナリオ名: 新規ユーザー登録]
[ADMIN] 17:02:25.728601 シナリオ走行を終了しました [シナリオ名: 新規ユーザー登録]
[ADMIN] 17:02:25.728620 シナリオ走行を開始しました [シナリオ名: 新規ユーザー登録]
[ADMIN] 17:02:25.734707 シナリオ走行を終了しました [シナリオ名: 新規ユーザー登録]
[ADMIN] 17:02:25.734725 シナリオ走行を開始しました [シナリオ名: 新規ユーザー登録]
[ADMIN] 17:02:25.738101 シナリオ走行を終了しました [シナリオ名: ログイン]
[ADMIN] 17:02:25.738112 シナリオ走行を開始しました [シナリオ名: ログイン]
[ADMIN] 17:02:25.779741 シナリオ走行を終了しました [シナリオ名: 新規ユーザー登録]
[ADMIN] 17:02:25.779764 シナリオ走行を開始しました [シナリオ名: 新規ユーザー登録]
[ADMIN] 17:02:25.785357 シナリオ走行を終了しました [シナリオ名: ログイン]
[ADMIN] 17:02:25.785365 シナリオ走行を開始しました [シナリオ名: ログイン]
[ADMIN] 17:02:25.795550 シナリオ走行を終了しました [シナリオ名: ログイン]
[ADMIN] 17:02:25.795562 シナリオ走行を開始しました [シナリオ名: ログイン]
[ADMIN] 17:02:25.800107 シナリオ走行を終了しました [シナリオ名: ログイン]
[ADMIN] 17:02:25.800115 シナリオ走行を開始しました [シナリオ名: ログイン]
[ADMIN] 17:02:25.801512 シナリオ走行を終了しました [シナリオ名: ログイン]
[ADMIN] 17:02:25.801522 シナリオ走行を開始しました [シナリオ名: ログイン]
[ADMIN] 17:02:25.810839 シナリオ走行を終了しました [シナリオ名: ログイン]
[ADMIN] 17:02:25.810848 シナリオ走行を開始しました [シナリオ名: ログイン]
[ADMIN] 17:02:25.820439 シナリオ走行を終了しました [シナリオ名: ログイン]
[ADMIN] 17:02:25.820449 シナリオ走行を開始しました [シナリオ名: ログイン]
[ADMIN] 17:02:25.829734 シナリオ走行を終了しました [シナリオ名: ログイン]
[ADMIN] 17:02:25.829746 シナリオ走行を開始しました [シナリオ名: ログイン]
[ADMIN] 17:02:25.831691 シナリオ走行を終了しました [シナリオ名: ログイン]
[ADMIN] 17:02:25.831700 シナリオ走行を開始しました [シナリオ名: ログイン]
[ADMIN] 17:02:25.855465 シナリオ走行を終了しました [シナリオ名: ログイン]
[ADMIN] 17:02:25.855479 シナリオ走行を開始しました [シナリオ名: ログイン]
[ADMIN] 17:02:25.878143 シナリオ走行を終了しました [シナリオ名: ログイン]
[ADMIN] 17:02:25.878154 シナリオ走行を開始しました [シナリオ名: ログイン]
[ADMIN] 17:02:25.900163 シナリオ走行を終了しました [シナリオ名: 新規ユーザー登録]
[ADMIN] 17:02:25.900183 シナリオ走行を開始しました [シナリオ名: 新規ユーザー登録]
[ADMIN] 17:02:25.927735 シナリオ走行を終了しました [シナリオ名: ログイン]
[ADMIN] 17:02:25.927751 シナリオ走行を開始しました [シナリオ名: ログイン]
[ADMIN] 17:02:25.936728 シナリオ走行を終了しました [シナリオ名: ログイン]
[ADMIN] 17:02:25.936739 シナリオ走行を開始しました [シナリオ名: ログイン]
[ADMIN] 17:02:25.942175 シナリオ走行を終了しました [シナリオ名: ログイン]
[ADMIN] 17:02:25.942183 シナリオ走行を開始しました [シナリオ名: ログイン]
[ADMIN] 17:02:25.946659 シナリオ走行を終了しました [シナリオ名: 新規ユーザー登録]
[ADMIN] 17:02:25.946677 シナリオ走行を開始しました [シナリオ名: 新規ユーザー登録]
[ADMIN] 17:02:25.963820 シナリオ走行を終了しました [シナリオ名: 新規ユーザー登録]
[ADMIN] 17:02:25.963839 シナリオ走行を開始しました [シナリオ名: 新規ユーザー登録]
[ADMIN] 17:02:25.985684 シナリオ走行を終了しました [シナリオ名: ログイン]
[ADMIN] 17:02:25.985692 シナリオ走行を開始しました [シナリオ名: ログイン]
[ADMIN] 17:02:25.987553 シナリオ走行を終了しました [シナリオ名: ログイン]
[ADMIN] 17:02:25.987562 シナリオ走行を開始しました [シナリオ名: ログイン]
[ADMIN] 17:02:25.987856 シナリオ走行を終了しました [シナリオ名: Banユーザログイン]
[ADMIN] 17:02:25.987873 シナリオ走行を開始しました [シナリオ名: Banユーザログイン]
[ADMIN] 17:02:25.988842 シナリオ走行を終了しました [シナリオ名: ログイン]
[ADMIN] 17:02:25.988849 シナリオ走行を開始しました [シナリオ名: ログイン]
[ADMIN] 17:02:25.997191 シナリオ走行を終了しました [シナリオ名: ログイン]
[ADMIN] 17:02:25.997202 シナリオ走行を開始しました [シナリオ名: ログイン]
[ADMIN] 17:02:25.997713 シナリオ走行を終了しました [シナリオ名: ログイン]
[ADMIN] 17:02:25.997720 シナリオ走行を開始しました [シナリオ名: ログイン]
[ADMIN] 17:02:26.001910 シナリオ走行を終了しました [シナリオ名: ログイン]
[ADMIN] 17:02:26.001920 シナリオ走行を開始しました [シナリオ名: ログイン]
[ADMIN] 17:02:26.003328 シナリオ走行を終了しました [シナリオ名: Banユーザログイン]
[ADMIN] 17:02:26.003345 シナリオ走行を開始しました [シナリオ名: Banユーザログイン]
[ADMIN] 17:02:26.012331 シナリオ走行を終了しました [シナリオ名: Banユーザログイン]
[ADMIN] 17:02:26.012342 シナリオ走行を開始しました [シナリオ名: Banユーザログイン]
[ADMIN] 17:02:26.059247 シナリオ走行を終了しました [シナリオ名: Banユーザログイン]
[ADMIN] 17:02:26.059267 シナリオ走行を開始しました [シナリオ名: Banユーザログイン]
[ADMIN] 17:02:26.132276 シナリオ走行を終了しました [シナリオ名: ログイン]
[ADMIN] 17:02:26.132293 シナリオ走行を開始しました [シナリオ名: ログイン]
[ADMIN] 17:02:26.136031 シナリオ走行を終了しました [シナリオ名: ログイン]
[ADMIN] 17:02:26.136043 シナリオ走行を開始しました [シナリオ名: ログイン]
[ADMIN] 17:02:26.138786 シナリオ走行を終了しました [シナリオ名: ログイン]
[ADMIN] 17:02:26.138796 シナリオ走行を開始しました [シナリオ名: ログイン]
[ADMIN] 17:02:26.152353 シナリオ走行を終了しました [シナリオ名: ログイン]
[ADMIN] 17:02:26.152363 シナリオ走行を開始しました [シナリオ名: ログイン]
[ADMIN] 17:02:26.154506 シナリオ走行を終了しました [シナリオ名: 新規ユーザー登録]
[ADMIN] 17:02:26.154526 シナリオ走行を開始しました [シナリオ名: 新規ユーザー登録]
[ADMIN] 17:02:26.188539 シナリオ走行を終了しました [シナリオ名: ログイン]
[ADMIN] 17:02:26.188551 シナリオ走行を開始しました [シナリオ名: ログイン]
[ADMIN] 17:02:26.200908 シナリオ走行を終了しました [シナリオ名: 新規ユーザー登録]
[ADMIN] 17:02:26.200935 シナリオ走行を開始しました [シナリオ名: 新規ユーザー登録]
[ADMIN] 17:02:26.209028 シナリオ走行を終了しました [シナリオ名: ログイン]
[ADMIN] 17:02:26.209039 シナリオ走行を開始しました [シナリオ名: ログイン]
[ADMIN] 17:02:26.210393 シナリオ走行を終了しました [シナリオ名: Banユーザログイン]
[ADMIN] 17:02:26.210404 シナリオ走行を開始しました [シナリオ名: Banユーザログイン]
[ADMIN] 17:02:26.248489 シナリオ走行を終了しました [シナリオ名: Banユーザログイン]
[ADMIN] 17:02:26.248504 シナリオ走行を開始しました [シナリオ名: Banユーザログイン]
[ADMIN] 17:02:26.260355 シナリオ走行を終了しました [シナリオ名: ログイン]
[ADMIN] 17:02:26.260367 シナリオ走行を開始しました [シナリオ名: ログイン]
[ADMIN] 17:02:26.287078 シナリオ走行を終了しました [シナリオ名: Banユーザログイン]
[ADMIN] 17:02:26.287109 シナリオ走行を開始しました [シナリオ名: Banユーザログイン]
[ADMIN] 17:02:26.289592 シナリオ走行を終了しました [シナリオ名: Banユーザログイン]
[ADMIN] 17:02:26.289606 シナリオ走行を開始しました [シナリオ名: Banユーザログイン]
[ADMIN] 17:02:26.297543 シナリオ走行を終了しました [シナリオ名: ログイン]
[ADMIN] 17:02:26.297551 シナリオ走行を開始しました [シナリオ名: ログイン]
[ADMIN] 17:02:26.309920 シナリオ走行を終了しました [シナリオ名: Banユーザログイン]
[ADMIN] 17:02:26.309936 シナリオ走行を開始しました [シナリオ名: Banユーザログイン]
[ADMIN] 17:02:26.314469 シナリオ走行を終了しました [シナリオ名: ログイン]
[ADMIN] 17:02:26.314477 シナリオ走行を開始しました [シナリオ名: ログイン]
[ADMIN] 17:02:26.322034 シナリオ走行を終了しました [シナリオ名: Banユーザログイン]
[ADMIN] 17:02:26.322048 シナリオ走行を開始しました [シナリオ名: Banユーザログイン]
[ADMIN] 17:02:26.341730 シナリオ走行を終了しました [シナリオ名: ログイン]
[ADMIN] 17:02:26.341743 シナリオ走行を開始しました [シナリオ名: ログイン]
[ADMIN] 17:02:26.342707 シナリオ走行を終了しました [シナリオ名: 新規ユーザー登録]
[ADMIN] 17:02:26.342736 シナリオ走行を開始しました [シナリオ名: 新規ユーザー登録]
[ADMIN] 17:02:26.355536 シナリオ走行を終了しました [シナリオ名: 新規ユーザー登録]
[ADMIN] 17:02:26.355559 シナリオ走行を開始しました [シナリオ名: 新規ユーザー登録]
[ADMIN] 17:02:26.382392 シナリオ走行を終了しました [シナリオ名: Banユーザログイン]
[ADMIN] 17:02:26.382411 シナリオ走行を開始しました [シナリオ名: Banユーザログイン]
[ADMIN] 17:02:26.428127 シナリオ走行を終了しました [シナリオ名: ログイン]
[ADMIN] 17:02:26.428142 シナリオ走行を開始しました [シナリオ名: ログイン]
[ADMIN] 17:02:26.477422 シナリオ走行を終了しました [シナリオ名: 新規ユーザー登録]
[ADMIN] 17:02:26.477444 シナリオ走行を開始しました [シナリオ名: 新規ユーザー登録]
[ADMIN] 17:02:26.477911 シナリオ走行を終了しました [シナリオ名: ログイン]
[ADMIN] 17:02:26.477923 シナリオ走行を開始しました [シナリオ名: ログイン]
[ADMIN] 17:02:26.512433 シナリオ走行を終了しました [シナリオ名: ログイン]
[ADMIN] 17:02:26.512444 シナリオ走行を開始しました [シナリオ名: ログイン]
[ADMIN] 17:02:26.524795 シナリオ走行を終了しました [シナリオ名: ログイン]
[ADMIN] 17:02:26.524807 シナリオ走行を開始しました [シナリオ名: ログイン]
[ADMIN] 17:02:26.526509 シナリオ走行を終了しました [シナリオ名: ログイン]
[ADMIN] 17:02:26.526523 シナリオ走行を開始しました [シナリオ名: ログイン]
[ADMIN] 17:02:26.533259 シナリオ走行を終了しました [シナリオ名: ログイン]
[ADMIN] 17:02:26.533267 シナリオ走行を開始しました [シナリオ名: ログイン]
[ADMIN] 17:02:26.536557 シナリオ走行を終了しました [シナリオ名: ログイン]
[ADMIN] 17:02:26.536567 シナリオ走行を開始しました [シナリオ名: ログイン]
[ADMIN] 17:02:26.539659 シナリオ走行を終了しました [シナリオ名: ログイン]
[ADMIN] 17:02:26.539668 シナリオ走行を開始しました [シナリオ名: ログイン]
[ADMIN] 17:02:26.555344 シナリオ走行を終了しました [シナリオ名: ログイン]
[ADMIN] 17:02:26.555355 シナリオ走行を開始しました [シナリオ名: ログイン]
[ADMIN] 17:02:26.577378 シナリオ走行を終了しました [シナリオ名: ログイン]
[ADMIN] 17:02:26.577388 シナリオ走行を開始しました [シナリオ名: ログイン]
[ADMIN] 17:02:26.585338 シナリオ走行を終了しました [シナリオ名: Banユーザログイン]
[ADMIN] 17:02:26.585354 シナリオ走行を開始しました [シナリオ名: Banユーザログイン]
[ADMIN] 17:02:26.589855 シナリオ走行を終了しました [シナリオ名: 新規ユーザー登録]
[ADMIN] 17:02:26.589876 シナリオ走行を開始しました [シナリオ名: 新規ユーザー登録]
[ADMIN] 17:02:26.593065 シナリオ走行を終了しました [シナリオ名: 新規ユーザー登録]
[ADMIN] 17:02:26.593081 シナリオ走行を開始しました [シナリオ名: 新規ユーザー登録]
[ADMIN] 17:02:26.629890 シナリオ走行を終了しました [シナリオ名: Banユーザログイン]
[ADMIN] 17:02:26.629904 シナリオ走行を開始しました [シナリオ名: Banユーザログイン]
[ADMIN] 17:02:26.630261 シナリオ走行を終了しました [シナリオ名: Banユーザログイン]
[ADMIN] 17:02:26.630274 シナリオ走行を開始しました [シナリオ名: Banユーザログイン]
[ADMIN] 17:02:26.630790 シナリオ走行を終了しました [シナリオ名: ログイン]
[ADMIN] 17:02:26.630810 シナリオ走行を開始しました [シナリオ名: ログイン]
[ADMIN] 17:02:26.645174 シナリオ走行を終了しました [シナリオ名: Banユーザログイン]
[ADMIN] 17:02:26.645192 シナリオ走行を開始しました [シナリオ名: Banユーザログイン]
[ADMIN] 17:02:26.664270 シナリオ走行を終了しました [シナリオ名: ログイン]
[ADMIN] 17:02:26.664281 シナリオ走行を開始しました [シナリオ名: ログイン]
[ADMIN] 17:02:26.667834 シナリオ走行を終了しました [シナリオ名: ログイン]
[ADMIN] 17:02:26.667844 シナリオ走行を開始しました [シナリオ名: ログイン]
[ADMIN] 17:02:26.671298 シナリオ走行を終了しました [シナリオ名: 新規ユーザー登録]
[ADMIN] 17:02:26.671321 シナリオ走行を開始しました [シナリオ名: 新規ユーザー登録]
[ADMIN] 17:02:26.708985 シナリオ走行を終了しました [シナリオ名: ログイン]
[ADMIN] 17:02:26.708996 シナリオ走行を開始しました [シナリオ名: ログイン]
[ADMIN] 17:02:26.726557 シナリオ走行を終了しました [シナリオ名: ログイン]
[ADMIN] 17:02:26.726567 シナリオ走行を開始しました [シナリオ名: ログイン]
[ADMIN] 17:02:26.739697 シナリオ走行を終了しました [シナリオ名: 新規ユーザー登録]
[ADMIN] 17:02:26.739720 シナリオ走行を開始しました [シナリオ名: 新規ユーザー登録]
[ADMIN] 17:02:26.749806 シナリオ走行を終了しました [シナリオ名: 新規ユーザー登録]
[ADMIN] 17:02:26.749827 シナリオ走行を開始しました [シナリオ名: 新規ユーザー登録]
[ADMIN] 17:02:26.790323 シナリオ走行を終了しました [シナリオ名: ログイン]
[ADMIN] 17:02:26.790340 シナリオ走行を開始しました [シナリオ名: ログイン]
[ADMIN] 17:02:26.799839 シナリオ走行を終了しました [シナリオ名: 新規ユーザー登録]
[ADMIN] 17:02:26.799863 シナリオ走行を開始しました [シナリオ名: 新規ユーザー登録]
[ADMIN] 17:02:26.834162 シナリオ走行を終了しました [シナリオ名: Banユーザログイン]
[ADMIN] 17:02:26.834180 シナリオ走行を開始しました [シナリオ名: Banユーザログイン]
[ADMIN] 17:02:26.844030 シナリオ走行を終了しました [シナリオ名: Banユーザログイン]
[ADMIN] 17:02:26.844046 シナリオ走行を開始しました [シナリオ名: Banユーザログイン]
[ADMIN] 17:02:26.870839 シナリオ走行を終了しました [シナリオ名: Banユーザログイン]
[ADMIN] 17:02:26.870854 シナリオ走行を開始しました [シナリオ名: Banユーザログイン]
[ADMIN] 17:02:26.917308 シナリオ走行を終了しました [シナリオ名: Banユーザログイン]
[ADMIN] 17:02:26.917328 シナリオ走行を開始しました [シナリオ名: Banユーザログイン]
[ADMIN] 17:02:26.917977 シナリオ走行を終了しました [シナリオ名: ログイン]
[ADMIN] 17:02:26.917990 シナリオ走行を開始しました [シナリオ名: ログイン]
[ADMIN] 17:02:26.933351 シナリオ走行を終了しました [シナリオ名: Banユーザログイン]
[ADMIN] 17:02:26.933365 シナリオ走行を開始しました [シナリオ名: Banユーザログイン]
[ADMIN] 17:02:26.940476 シナリオ走行を終了しました [シナリオ名: ログイン]
[ADMIN] 17:02:26.940487 シナリオ走行を開始しました [シナリオ名: ログイン]
[ADMIN] 17:02:26.954384 シナリオ走行を終了しました [シナリオ名: ログイン]
[ADMIN] 17:02:26.954393 シナリオ走行を開始しました [シナリオ名: ログイン]
[ADMIN] 17:02:26.987113 シナリオ走行を終了しました [シナリオ名: Banユーザログイン]
[ADMIN] 17:02:26.987129 シナリオ走行を開始しました [シナリオ名: Banユーザログイン]
[ADMIN] 17:02:27.027803 シナリオ走行を終了しました [シナリオ名: 新規ユーザー登録]
[ADMIN] 17:02:27.027827 シナリオ走行を開始しました [シナリオ名: 新規ユーザー登録]
[ADMIN] 17:02:27.045595 シナリオ走行を終了しました [シナリオ名: Banユーザログイン]
[ADMIN] 17:02:27.045612 シナリオ走行を開始しました [シナリオ名: Banユーザログイン]
[ADMIN] 17:02:27.049630 シナリオ走行を終了しました [シナリオ名: ログイン]
[ADMIN] 17:02:27.049642 シナリオ走行を開始しました [シナリオ名: ログイン]
[ADMIN] 17:02:27.124912 シナリオ走行を終了しました [シナリオ名: ログイン]
[ADMIN] 17:02:27.124927 シナリオ走行を開始しました [シナリオ名: ログイン]
[ADMIN] 17:02:27.133617 シナリオ走行を終了しました [シナリオ名: 新規ユーザー登録]
[ADMIN] 17:02:27.133637 シナリオ走行を開始しました [シナリオ名: 新規ユーザー登録]
[ADMIN] 17:02:27.177307 シナリオ走行を終了しました [シナリオ名: Banユーザログイン]
[ADMIN] 17:02:27.177332 シナリオ走行を開始しました [シナリオ名: Banユーザログイン]
[ADMIN] 17:02:27.189142 シナリオ走行を終了しました [シナリオ名: ログイン]
[ADMIN] 17:02:27.189156 シナリオ走行を開始しました [シナリオ名: ログイン]
[ADMIN] 17:02:27.195090 シナリオ走行を終了しました [シナリオ名: Banユーザログイン]
[ADMIN] 17:02:27.195107 シナリオ走行を開始しました [シナリオ名: Banユーザログイン]
[ADMIN] 17:02:27.202492 シナリオ走行を終了しました [シナリオ名: Banユーザログイン]
[ADMIN] 17:02:27.202506 シナリオ走行を開始しました [シナリオ名: Banユーザログイン]
[ADMIN] 17:02:27.233006 シナリオ走行を終了しました [シナリオ名: 新規ユーザー登録]
[ADMIN] 17:02:27.233027 シナリオ走行を開始しました [シナリオ名: 新規ユーザー登録]
[ADMIN] 17:02:27.279625 シナリオ走行を終了しました [シナリオ名: Banユーザログイン]
[ADMIN] 17:02:27.279640 シナリオ走行を開始しました [シナリオ名: Banユーザログイン]
[ADMIN] 17:02:27.300975 シナリオ走行を終了しました [シナリオ名: ログイン]
[ADMIN] 17:02:27.300987 シナリオ走行を開始しました [シナリオ名: ログイン]
[ADMIN] 17:02:27.376603 シナリオ走行を終了しました [シナリオ名: 新規ユーザー登録]
[ADMIN] 17:02:27.376626 シナリオ走行を開始しました [シナリオ名: 新規ユーザー登録]
[ADMIN] 17:02:27.380177 シナリオ走行を終了しました [シナリオ名: ログイン]
[ADMIN] 17:02:27.380188 シナリオ走行を開始しました [シナリオ名: ログイン]
[ADMIN] 17:02:27.474067 シナリオ走行を終了しました [シナリオ名: 新規ユーザー登録]
[ADMIN] 17:02:27.474091 シナリオ走行を開始しました [シナリオ名: 新規ユーザー登録]
[ADMIN] 17:02:27.477865 シナリオ走行を終了しました [シナリオ名: Banユーザログイン]
[ADMIN] 17:02:27.477882 シナリオ走行を開始しました [シナリオ名: Banユーザログイン]
[ADMIN] 17:02:27.491321 シナリオ走行を終了しました [シナリオ名: Banユーザログイン]
[ADMIN] 17:02:27.491339 シナリオ走行を開始しました [シナリオ名: Banユーザログイン]
[ADMIN] 17:02:27.493967 シナリオ走行を終了しました [シナリオ名: Banユーザログイン]
[ADMIN] 17:02:27.493979 シナリオ走行を開始しました [シナリオ名: Banユーザログイン]
[ADMIN] 17:02:27.518016 シナリオ走行を終了しました [シナリオ名: ログイン]
[ADMIN] 17:02:27.518025 シナリオ走行を開始しました [シナリオ名: ログイン]
[ADMIN] 17:02:27.562858 シナリオ走行を終了しました [シナリオ名: Banユーザログイン]
[ADMIN] 17:02:27.562872 シナリオ走行を開始しました [シナリオ名: Banユーザログイン]
[ADMIN] 17:02:27.591297 シナリオ走行を終了しました [シナリオ名: Banユーザログイン]
[ADMIN] 17:02:27.591318 シナリオ走行を終了しました [シナリオ名: Banユーザログイン]
[ADMIN] 17:02:27.591321 シナリオ走行を開始しました [シナリオ名: Banユーザログイン]
[ADMIN] 17:02:27.591327 シナリオ走行を開始しました [シナリオ名: Banユーザログイン]
[ADMIN] 17:02:27.595337 シナリオ走行を終了しました [シナリオ名: ログイン]
[ADMIN] 17:02:27.595346 シナリオ走行を開始しました [シナリオ名: ログイン]
[ADMIN] 17:02:27.618913 シナリオ走行を終了しました [シナリオ名: ログイン]
[ADMIN] 17:02:27.618926 シナリオ走行を開始しました [シナリオ名: ログイン]
[ADMIN] 17:02:27.644062 シナリオ走行を終了しました [シナリオ名: ログイン]
[ADMIN] 17:02:27.644072 シナリオ走行を開始しました [シナリオ名: ログイン]
[ADMIN] 17:02:27.644480 シナリオ走行を終了しました [シナリオ名: ログイン]
[ADMIN] 17:02:27.644491 シナリオ走行を開始しました [シナリオ名: ログイン]
[ADMIN] 17:02:27.671986 シナリオ走行を終了しました [シナリオ名: Banユーザログイン]
[ADMIN] 17:02:27.672005 シナリオ走行を開始しました [シナリオ名: Banユーザログイン]
[ADMIN] 17:02:27.680677 シナリオ走行を終了しました [シナリオ名: ログイン]
[ADMIN] 17:02:27.680686 シナリオ走行を開始しました [シナリオ名: ログイン]
[ADMIN] 17:02:27.685334 シナリオ走行を終了しました [シナリオ名: ログイン]
[ADMIN] 17:02:27.685341 シナリオ走行を開始しました [シナリオ名: ログイン]
[ADMIN] 17:02:27.762586 シナリオ走行を終了しました [シナリオ名: ログイン]
[ADMIN] 17:02:27.762600 シナリオ走行を開始しました [シナリオ名: ログイン]
[ADMIN] 17:02:27.786387 シナリオ走行を終了しました [シナリオ名: ログイン]
[ADMIN] 17:02:27.786401 シナリオ走行を開始しました [シナリオ名: ログイン]
[ADMIN] 17:02:27.811945 シナリオ走行を終了しました [シナリオ名: Banユーザログイン]
[ADMIN] 17:02:27.811961 シナリオ走行を開始しました [シナリオ名: Banユーザログイン]
[ADMIN] 17:02:27.823141 シナリオ走行を終了しました [シナリオ名: ログイン]
[ADMIN] 17:02:27.823150 シナリオ走行を開始しました [シナリオ名: ログイン]
[ADMIN] 17:02:27.841725 シナリオ走行を終了しました [シナリオ名: ログイン]
[ADMIN] 17:02:27.841734 シナリオ走行を開始しました [シナリオ名: ログイン]
[ADMIN] 17:02:27.847297 シナリオ走行を終了しました [シナリオ名: ログイン]
[ADMIN] 17:02:27.847313 シナリオ走行を開始しました [シナリオ名: ログイン]
[ADMIN] 17:02:27.858221 シナリオ走行を終了しました [シナリオ名: ログイン]
[ADMIN] 17:02:27.858232 シナリオ走行を開始しました [シナリオ名: ログイン]
[ADMIN] 17:02:27.871607 シナリオ走行を終了しました [シナリオ名: ログイン]
[ADMIN] 17:02:27.871620 シナリオ走行を開始しました [シナリオ名: ログイン]
[ADMIN] 17:02:27.885903 シナリオ走行を終了しました [シナリオ名: Banユーザログイン]
[ADMIN] 17:02:27.885920 シナリオ走行を開始しました [シナリオ名: Banユーザログイン]
[ADMIN] 17:02:27.893234 シナリオ走行を終了しました [シナリオ名: Banユーザログイン]
[ADMIN] 17:02:27.893252 シナリオ走行を開始しました [シナリオ名: Banユーザログイン]
[ADMIN] 17:02:27.895852 シナリオ走行を終了しました [シナリオ名: ログイン]
[ADMIN] 17:02:27.895864 シナリオ走行を開始しました [シナリオ名: ログイン]
[ADMIN] 17:02:27.925225 シナリオ走行を終了しました [シナリオ名: Banユーザログイン]
[ADMIN] 17:02:27.925247 シナリオ走行を開始しました [シナリオ名: Banユーザログイン]
[ADMIN] 17:02:27.936438 シナリオ走行を終了しました [シナリオ名: ログイン]
[ADMIN] 17:02:27.936449 シナリオ走行を開始しました [シナリオ名: ログイン]
[ADMIN] 17:02:27.977589 シナリオ走行を終了しました [シナリオ名: 新規ユーザー登録]
[ADMIN] 17:02:27.977619 シナリオ走行を開始しました [シナリオ名: 新規ユーザー登録]
[ADMIN] 17:02:28.028561 シナリオ走行を終了しました [シナリオ名: ログイン]
[ADMIN] 17:02:28.028571 シナリオ走行を開始しました [シナリオ名: ログイン]
[ADMIN] 17:02:28.031017 シナリオ走行を終了しました [シナリオ名: Banユーザログイン]
[ADMIN] 17:02:28.031033 シナリオ走行を開始しました [シナリオ名: Banユーザログイン]
[ADMIN] 17:02:28.063463 シナリオ走行を終了しました [シナリオ名: Banユーザログイン]
[ADMIN] 17:02:28.063483 シナリオ走行を開始しました [シナリオ名: Banユーザログイン]
[ADMIN] 17:02:28.083550 シナリオ走行を終了しました [シナリオ名: Banユーザログイン]
[ADMIN] 17:02:28.083571 シナリオ走行を開始しました [シナリオ名: Banユーザログイン]
[ADMIN] 17:02:28.094996 シナリオ走行を終了しました [シナリオ名: ログイン]
[ADMIN] 17:02:28.095007 シナリオ走行を開始しました [シナリオ名: ログイン]
[ADMIN] 17:02:28.131642 シナリオ走行を終了しました [シナリオ名: Banユーザログイン]
[ADMIN] 17:02:28.131657 シナリオ走行を開始しました [シナリオ名: Banユーザログイン]
[ADMIN] 17:02:28.206838 シナリオ走行を終了しました [シナリオ名: ログイン]
[ADMIN] 17:02:28.206916 シナリオ走行を開始しました [シナリオ名: ログイン]
[ADMIN] 17:02:28.223030 シナリオ走行を終了しました [シナリオ名: ログイン]
[ADMIN] 17:02:28.223043 シナリオ走行を開始しました [シナリオ名: ログイン]
[ADMIN] 17:02:28.242555 シナリオ走行を終了しました [シナリオ名: Banユーザログイン]
[ADMIN] 17:02:28.242574 シナリオ走行を開始しました [シナリオ名: Banユーザログイン]
[ADMIN] 17:02:28.256135 シナリオ走行を終了しました [シナリオ名: ログイン]
[ADMIN] 17:02:28.256150 シナリオ走行を開始しました [シナリオ名: ログイン]
[ADMIN] 17:02:28.264252 シナリオ走行を終了しました [シナリオ名: ログイン]
[ADMIN] 17:02:28.264261 シナリオ走行を開始しました [シナリオ名: ログイン]
[ADMIN] 17:02:28.269925 シナリオ走行を終了しました [シナリオ名: 新規ユーザー登録]
[ADMIN] 17:02:28.269947 シナリオ走行を開始しました [シナリオ名: 新規ユーザー登録]
[ADMIN] 17:02:28.326359 シナリオ走行を終了しました [シナリオ名: ログイン]
[ADMIN] 17:02:28.326372 シナリオ走行を開始しました [シナリオ名: ログイン]
[ADMIN] 17:02:28.329607 シナリオ走行を終了しました [シナリオ名: 新規ユーザー登録]
[ADMIN] 17:02:28.329626 シナリオ走行を開始しました [シナリオ名: 新規ユーザー登録]
[ADMIN] 17:02:28.336022 シナリオ走行を終了しました [シナリオ名: ログイン]
[ADMIN] 17:02:28.336031 シナリオ走行を開始しました [シナリオ名: ログイン]
[ADMIN] 17:02:28.337755 シナリオ走行を終了しました [シナリオ名: ログイン]
[ADMIN] 17:02:28.337763 シナリオ走行を開始しました [シナリオ名: ログイン]
[ADMIN] 17:02:28.380681 シナリオ走行を終了しました [シナリオ名: Banユーザログイン]
[ADMIN] 17:02:28.380698 シナリオ走行を開始しました [シナリオ名: Banユーザログイン]
[ADMIN] 17:02:28.388183 シナリオ走行を終了しました [シナリオ名: ログイン]
[ADMIN] 17:02:28.388195 シナリオ走行を開始しました [シナリオ名: ログイン]
[ADMIN] 17:02:28.412468 シナリオ走行を終了しました [シナリオ名: Banユーザログイン]
[ADMIN] 17:02:28.412490 シナリオ走行を開始しました [シナリオ名: Banユーザログイン]
[ADMIN] 17:02:28.415479 シナリオ走行を終了しました [シナリオ名: ログイン]
[ADMIN] 17:02:28.415490 シナリオ走行を開始しました [シナリオ名: ログイン]
[ADMIN] 17:02:28.421951 シナリオ走行を終了しました [シナリオ名: ログイン]
[ADMIN] 17:02:28.421975 シナリオ走行を開始しました [シナリオ名: ログイン]
[ADMIN] 17:02:28.423680 シナリオ走行を終了しました [シナリオ名: ログイン]
[ADMIN] 17:02:28.423689 シナリオ走行を開始しました [シナリオ名: ログイン]
[ADMIN] 17:02:28.425079 シナリオ走行を終了しました [シナリオ名: ログイン]
[ADMIN] 17:02:28.425087 シナリオ走行を開始しました [シナリオ名: ログイン]
[ADMIN] 17:02:28.430864 シナリオ走行を終了しました [シナリオ名: Banユーザログイン]
[ADMIN] 17:02:28.430879 シナリオ走行を開始しました [シナリオ名: Banユーザログイン]
[ADMIN] 17:02:28.433923 シナリオ走行を終了しました [シナリオ名: ログイン]
[ADMIN] 17:02:28.433933 シナリオ走行を開始しました [シナリオ名: ログイン]
[ADMIN] 17:02:28.462092 シナリオ走行を終了しました [シナリオ名: ログイン]
[ADMIN] 17:02:28.462103 シナリオ走行を開始しました [シナリオ名: ログイン]
[ADMIN] 17:02:28.477632 シナリオ走行を終了しました [シナリオ名: Banユーザログイン]
[ADMIN] 17:02:28.477652 シナリオ走行を開始しました [シナリオ名: Banユーザログイン]
[ADMIN] 17:02:28.499411 シナリオ走行を終了しました [シナリオ名: ログイン]
[ADMIN] 17:02:28.499423 シナリオ走行を開始しました [シナリオ名: ログイン]
[ADMIN] 17:02:28.516119 シナリオ走行を終了しました [シナリオ名: Banユーザログイン]
[ADMIN] 17:02:28.516134 シナリオ走行を開始しました [シナリオ名: Banユーザログイン]
[ADMIN] 17:02:28.517943 シナリオ走行を終了しました [シナリオ名: Banユーザログイン]
[ADMIN] 17:02:28.517953 シナリオ走行を開始しました [シナリオ名: Banユーザログイン]
[ADMIN] 17:02:28.519390 シナリオ走行を終了しました [シナリオ名: ログイン]
[ADMIN] 17:02:28.519401 シナリオ走行を開始しました [シナリオ名: ログイン]
[ADMIN] 17:02:28.526105 シナリオ走行を終了しました [シナリオ名: ログイン]
[ADMIN] 17:02:28.526113 シナリオ走行を開始しました [シナリオ名: ログイン]
[ADMIN] 17:02:28.556592 シナリオ走行を終了しました [シナリオ名: ログイン]
[ADMIN] 17:02:28.556607 シナリオ走行を開始しました [シナリオ名: ログイン]
[ADMIN] 17:02:28.558679 シナリオ走行を終了しました [シナリオ名: ログイン]
[ADMIN] 17:02:28.558689 シナリオ走行を開始しました [シナリオ名: ログイン]
[ADMIN] 17:02:28.563867 シナリオ走行を終了しました [シナリオ名: ログイン]
[ADMIN] 17:02:28.563877 シナリオ走行を開始しました [シナリオ名: ログイン]
[ADMIN] 17:02:28.567168 シナリオ走行を終了しました [シナリオ名: ログイン]
[ADMIN] 17:02:28.567176 シナリオ走行を開始しました [シナリオ名: ログイン]
[ADMIN] 17:02:28.598770 シナリオ走行を終了しました [シナリオ名: ログイン]
[ADMIN] 17:02:28.598783 シナリオ走行を開始しました [シナリオ名: ログイン]
[ADMIN] 17:02:28.610217 シナリオ走行を終了しました [シナリオ名: 新規ユーザー登録]
[ADMIN] 17:02:28.610234 シナリオ走行を開始しました [シナリオ名: 新規ユーザー登録]
[ADMIN] 17:02:28.613030 シナリオ走行を終了しました [シナリオ名: ログイン]
[ADMIN] 17:02:28.613040 シナリオ走行を開始しました [シナリオ名: ログイン]
[ADMIN] 17:02:28.615416 シナリオ走行を終了しました [シナリオ名: ログイン]
[ADMIN] 17:02:28.615423 シナリオ走行を開始しました [シナリオ名: ログイン]
[ADMIN] 17:02:28.617741 シナリオ走行を終了しました [シナリオ名: ログイン]
[ADMIN] 17:02:28.617751 シナリオ走行を開始しました [シナリオ名: ログイン]
[ADMIN] 17:02:28.634890 シナリオ走行を終了しました [シナリオ名: Banユーザログイン]
[ADMIN] 17:02:28.634906 シナリオ走行を開始しました [シナリオ名: Banユーザログイン]
[ADMIN] 17:02:28.635270 シナリオ走行を終了しました [シナリオ名: ログイン]
[ADMIN] 17:02:28.635281 シナリオ走行を開始しました [シナリオ名: ログイン]
[ADMIN] 17:02:28.645384 シナリオ走行を終了しました [シナリオ名: ログイン]
[ADMIN] 17:02:28.645397 シナリオ走行を開始しました [シナリオ名: ログイン]
[ADMIN] 17:02:28.680547 シナリオ走行を終了しました [シナリオ名: Banユーザログイン]
[ADMIN] 17:02:28.680565 シナリオ走行を開始しました [シナリオ名: Banユーザログイン]
[ADMIN] 17:02:28.683013 シナリオ走行を終了しました [シナリオ名: Banユーザログイン]
[ADMIN] 17:02:28.683022 シナリオ走行を開始しました [シナリオ名: Banユーザログイン]
[ADMIN] 17:02:28.696834 シナリオ走行を終了しました [シナリオ名: 新規ユーザー登録]
[ADMIN] 17:02:28.696853 シナリオ走行を開始しました [シナリオ名: 新規ユーザー登録]
[ADMIN] 17:02:28.698555 シナリオ走行を終了しました [シナリオ名: 新規ユーザー登録]
[ADMIN] 17:02:28.698571 シナリオ走行を開始しました [シナリオ名: 新規ユーザー登録]
[ADMIN] 17:02:28.731649 シナリオ走行を終了しました [シナリオ名: ログイン]
[ADMIN] 17:02:28.731661 シナリオ走行を開始しました [シナリオ名: ログイン]
[ADMIN] 17:02:28.731879 シナリオ走行を終了しました [シナリオ名: ログイン]
[ADMIN] 17:02:28.731889 シナリオ走行を開始しました [シナリオ名: ログイン]
[ADMIN] 17:02:28.732072 シナリオ走行を終了しました [シナリオ名: ログイン]
[ADMIN] 17:02:28.732081 シナリオ走行を開始しました [シナリオ名: ログイン]
[ADMIN] 17:02:28.742275 シナリオ走行を終了しました [シナリオ名: ログイン]
[ADMIN] 17:02:28.742286 シナリオ走行を開始しました [シナリオ名: ログイン]
[ADMIN] 17:02:28.747481 シナリオ走行を終了しました [シナリオ名: ログイン]
[ADMIN] 17:02:28.747492 シナリオ走行を開始しました [シナリオ名: ログイン]
[ADMIN] 17:02:28.751126 シナリオ走行を終了しました [シナリオ名: ログイン]
[ADMIN] 17:02:28.751134 シナリオ走行を開始しました [シナリオ名: ログイン]
[ADMIN] 17:02:28.751473 シナリオ走行を終了しました [シナリオ名: ログイン]
[ADMIN] 17:02:28.751481 シナリオ走行を開始しました [シナリオ名: ログイン]
[ADMIN] 17:02:28.776791 シナリオ走行を終了しました [シナリオ名: Banユーザログイン]
[ADMIN] 17:02:28.776806 シナリオ走行を開始しました [シナリオ名: Banユーザログイン]
[ADMIN] 17:02:28.785120 シナリオ走行を終了しました [シナリオ名: ログイン]
[ADMIN] 17:02:28.785131 シナリオ走行を開始しました [シナリオ名: ログイン]
[ADMIN] 17:02:28.795223 シナリオ走行を終了しました [シナリオ名: ログイン]
[ADMIN] 17:02:28.795232 シナリオ走行を開始しました [シナリオ名: ログイン]
[ADMIN] 17:02:28.811657 シナリオ走行を終了しました [シナリオ名: ログイン]
[ADMIN] 17:02:28.811667 シナリオ走行を開始しました [シナリオ名: ログイン]
[ADMIN] 17:02:28.813183 シナリオ走行を終了しました [シナリオ名: ログイン]
[ADMIN] 17:02:28.813191 シナリオ走行を開始しました [シナリオ名: ログイン]
[ADMIN] 17:02:28.816787 シナリオ走行を終了しました [シナリオ名: Banユーザログイン]
[ADMIN] 17:02:28.816797 シナリオ走行を開始しました [シナリオ名: Banユーザログイン]
[ADMIN] 17:02:28.848022 シナリオ走行を終了しました [シナリオ名: 新規ユーザー登録]
[ADMIN] 17:02:28.848043 シナリオ走行を開始しました [シナリオ名: 新規ユーザー登録]
[ADMIN] 17:02:28.913456 シナリオ走行を終了しました [シナリオ名: 新規ユーザー登録]
[ADMIN] 17:02:28.913481 シナリオ走行を開始しました [シナリオ名: 新規ユーザー登録]
[ADMIN] 17:02:28.944516 シナリオ走行を終了しました [シナリオ名: 新規ユーザー登録]
[ADMIN] 17:02:28.944547 シナリオ走行を開始しました [シナリオ名: 新規ユーザー登録]
[ADMIN] 17:02:28.974124 シナリオ走行を終了しました [シナリオ名: 新規ユーザー登録]
[ADMIN] 17:02:28.974149 シナリオ走行を開始しました [シナリオ名: 新規ユーザー登録]
[ADMIN] 17:02:28.979982 シナリオ走行を終了しました [シナリオ名: ログイン]
[ADMIN] 17:02:28.979994 シナリオ走行を開始しました [シナリオ名: ログイン]
[ADMIN] 17:02:28.983456 シナリオ走行を終了しました [シナリオ名: 新規ユーザー登録]
[ADMIN] 17:02:28.983473 シナリオ走行を開始しました [シナリオ名: 新規ユーザー登録]
[ADMIN] 17:02:28.989066 シナリオ走行を終了しました [シナリオ名: 新規ユーザー登録]
[ADMIN] 17:02:28.989083 シナリオ走行を開始しました [シナリオ名: 新規ユーザー登録]
[ADMIN] 17:02:29.002393 シナリオ走行を終了しました [シナリオ名: Banユーザログイン]
[ADMIN] 17:02:29.002416 シナリオ走行を開始しました [シナリオ名: Banユーザログイン]
[ADMIN] 17:02:29.058932 シナリオ走行を終了しました [シナリオ名: ログイン]
[ADMIN] 17:02:29.058945 シナリオ走行を開始しました [シナリオ名: ログイン]
[ADMIN] 17:02:29.061570 シナリオ走行を終了しました [シナリオ名: 新規ユーザー登録]
[ADMIN] 17:02:29.061590 シナリオ走行を開始しました [シナリオ名: 新規ユーザー登録]
[ADMIN] 17:02:29.063994 シナリオ走行を終了しました [シナリオ名: Banユーザログイン]
[ADMIN] 17:02:29.064007 シナリオ走行を開始しました [シナリオ名: Banユーザログイン]
[ADMIN] 17:02:29.065498 シナリオ走行を終了しました [シナリオ名: 新規ユーザー登録]
[ADMIN] 17:02:29.065511 シナリオ走行を開始しました [シナリオ名: 新規ユーザー登録]
[ADMIN] 17:02:29.084253 シナリオ走行を終了しました [シナリオ名: Banユーザログイン]
[ADMIN] 17:02:29.084277 シナリオ走行を開始しました [シナリオ名: Banユーザログイン]
[ADMIN] 17:02:29.084603 シナリオ走行を終了しました [シナリオ名: Banユーザログイン]
[ADMIN] 17:02:29.084613 シナリオ走行を開始しました [シナリオ名: Banユーザログイン]
[ADMIN] 17:02:29.084839 シナリオ走行を終了しました [シナリオ名: Banユーザログイン]
[ADMIN] 17:02:29.084885 シナリオ走行を開始しました [シナリオ名: Banユーザログイン]
[ADMIN] 17:02:29.101703 シナリオ走行を終了しました [シナリオ名: 新規ユーザー登録]
[ADMIN] 17:02:29.101725 シナリオ走行を開始しました [シナリオ名: 新規ユーザー登録]
[ADMIN] 17:02:29.113862 シナリオ走行を終了しました [シナリオ名: ログイン]
[ADMIN] 17:02:29.113872 シナリオ走行を開始しました [シナリオ名: ログイン]
[ADMIN] 17:02:29.120306 シナリオ走行を終了しました [シナリオ名: ログイン]
[ADMIN] 17:02:29.120318 シナリオ走行を開始しました [シナリオ名: ログイン]
[ADMIN] 17:02:29.152499 シナリオ走行を終了しました [シナリオ名: 新規ユーザー登録]
[ADMIN] 17:02:29.152519 シナリオ走行を開始しました [シナリオ名: 新規ユーザー登録]
[ADMIN] 17:02:29.166108 シナリオ走行を終了しました [シナリオ名: ログイン]
[ADMIN] 17:02:29.166119 シナリオ走行を開始しました [シナリオ名: ログイン]
[ADMIN] 17:02:29.179559 シナリオ走行を終了しました [シナリオ名: Banユーザログイン]
[ADMIN] 17:02:29.179577 シナリオ走行を開始しました [シナリオ名: Banユーザログイン]
[ADMIN] 17:02:29.189390 シナリオ走行を終了しました [シナリオ名: ログイン]
[ADMIN] 17:02:29.189399 シナリオ走行を開始しました [シナリオ名: ログイン]
[ADMIN] 17:02:29.215997 シナリオ走行を終了しました [シナリオ名: 新規ユーザー登録]
[ADMIN] 17:02:29.216017 シナリオ走行を開始しました [シナリオ名: 新規ユーザー登録]
[ADMIN] 17:02:29.235707 シナリオ走行を終了しました [シナリオ名: 新規ユーザー登録]
[ADMIN] 17:02:29.235723 シナリオ走行を開始しました [シナリオ名: 新規ユーザー登録]
[ADMIN] 17:02:29.240324 シナリオ走行を終了しました [シナリオ名: 新規ユーザー登録]
[ADMIN] 17:02:29.240339 シナリオ走行を開始しました [シナリオ名: 新規ユーザー登録]
[ADMIN] 17:02:29.268329 シナリオ走行を終了しました [シナリオ名: Banユーザログイン]
[ADMIN] 17:02:29.268346 シナリオ走行を開始しました [シナリオ名: Banユーザログイン]
[ADMIN] 17:02:29.269900 シナリオ走行を終了しました [シナリオ名: Banユーザログイン]
[ADMIN] 17:02:29.269910 シナリオ走行を開始しました [シナリオ名: Banユーザログイン]
[ADMIN] 17:02:29.306910 シナリオ走行を終了しました [シナリオ名: Banユーザログイン]
[ADMIN] 17:02:29.306929 シナリオ走行を開始しました [シナリオ名: Banユーザログイン]
[ADMIN] 17:02:29.307475 シナリオ走行を終了しました [シナリオ名: Banユーザログイン]
[ADMIN] 17:02:29.307485 シナリオ走行を開始しました [シナリオ名: Banユーザログイン]
[ADMIN] 17:02:29.348088 シナリオ走行を終了しました [シナリオ名: 新規ユーザー登録]
[ADMIN] 17:02:29.348114 シナリオ走行を開始しました [シナリオ名: 新規ユーザー登録]
[ADMIN] 17:02:29.363214 シナリオ走行を終了しました [シナリオ名: 新規ユーザー登録]
[ADMIN] 17:02:29.363239 シナリオ走行を開始しました [シナリオ名: 新規ユーザー登録]
[ADMIN] 17:02:29.424008 シナリオ走行を終了しました [シナリオ名: Banユーザログイン]
[ADMIN] 17:02:29.424027 シナリオ走行を開始しました [シナリオ名: Banユーザログイン]
[ADMIN] 17:02:29.426798 シナリオ走行を終了しました [シナリオ名: 新規ユーザー登録]
[ADMIN] 17:02:29.426821 シナリオ走行を開始しました [シナリオ名: 新規ユーザー登録]
[ADMIN] 17:02:29.427131 シナリオ走行を終了しました [シナリオ名: ログイン]
[ADMIN] 17:02:29.427146 シナリオ走行を開始しました [シナリオ名: ログイン]
[ADMIN] 17:02:29.437699 シナリオ走行を終了しました [シナリオ名: ログイン]
[ADMIN] 17:02:29.437711 シナリオ走行を開始しました [シナリオ名: ログイン]
[ADMIN] 17:02:29.446773 シナリオ走行を終了しました [シナリオ名: ログイン]
[ADMIN] 17:02:29.446783 シナリオ走行を開始しました [シナリオ名: ログイン]
[ADMIN] 17:02:29.452734 シナリオ走行を終了しました [シナリオ名: ログイン]
[ADMIN] 17:02:29.452742 シナリオ走行を開始しました [シナリオ名: ログイン]
[ADMIN] 17:02:29.464377 シナリオ走行を終了しました [シナリオ名: 新規ユーザー登録]
[ADMIN] 17:02:29.464396 シナリオ走行を開始しました [シナリオ名: 新規ユーザー登録]
[ADMIN] 17:02:29.512721 シナリオ走行を終了しました [シナリオ名: 新規ユーザー登録]
[ADMIN] 17:02:29.512741 シナリオ走行を開始しました [シナリオ名: 新規ユーザー登録]
[ADMIN] 17:02:29.516994 シナリオ走行を終了しました [シナリオ名: 新規ユーザー登録]
[ADMIN] 17:02:29.517013 シナリオ走行を開始しました [シナリオ名: 新規ユーザー登録]
[ADMIN] 17:02:29.522815 シナリオ走行を終了しました [シナリオ名: ログイン]
[ADMIN] 17:02:29.522825 シナリオ走行を開始しました [シナリオ名: ログイン]
[ADMIN] 17:02:29.548737 シナリオ走行を終了しました [シナリオ名: Banユーザログイン]
[ADMIN] 17:02:29.548764 シナリオ走行を開始しました [シナリオ名: Banユーザログイン]
[ADMIN] 17:02:29.549213 シナリオ走行を終了しました [シナリオ名: ログイン]
[ADMIN] 17:02:29.549223 シナリオ走行を開始しました [シナリオ名: ログイン]
[ADMIN] 17:02:29.574439 シナリオ走行を終了しました [シナリオ名: ログイン]
[ADMIN] 17:02:29.574454 シナリオ走行を開始しました [シナリオ名: ログイン]
[ADMIN] 17:02:29.593014 シナリオ走行を終了しました [シナリオ名: 新規ユーザー登録]
[ADMIN] 17:02:29.593033 シナリオ走行を開始しました [シナリオ名: 新規ユーザー登録]
[ADMIN] 17:02:29.594266 シナリオ走行を終了しました [シナリオ名: ログイン]
[ADMIN] 17:02:29.594276 シナリオ走行を開始しました [シナリオ名: ログイン]
[ADMIN] 17:02:29.605047 シナリオ走行を終了しました [シナリオ名: 新規ユーザー登録]
[ADMIN] 17:02:29.605063 シナリオ走行を開始しました [シナリオ名: 新規ユーザー登録]
[ADMIN] 17:02:29.627290 シナリオ走行を終了しました [シナリオ名: ログイン]
[ADMIN] 17:02:29.627300 シナリオ走行を開始しました [シナリオ名: ログイン]
[ADMIN] 17:02:29.637860 シナリオ走行を終了しました [シナリオ名: 新規ユーザー登録]
[ADMIN] 17:02:29.637885 シナリオ走行を開始しました [シナリオ名: 新規ユーザー登録]
[ADMIN] 17:02:29.643442 シナリオ走行を終了しました [シナリオ名: Banユーザログイン]
[ADMIN] 17:02:29.643458 シナリオ走行を開始しました [シナリオ名: Banユーザログイン]
[ADMIN] 17:02:29.645927 シナリオ走行を終了しました [シナリオ名: Banユーザログイン]
[ADMIN] 17:02:29.645939 シナリオ走行を開始しました [シナリオ名: Banユーザログイン]
[ADMIN] 17:02:29.710509 シナリオ走行を終了しました [シナリオ名: ログイン]
[ADMIN] 17:02:29.710520 シナリオ走行を開始しました [シナリオ名: ログイン]
[ADMIN] 17:02:29.731077 シナリオ走行を終了しました [シナリオ名: ログイン]
[ADMIN] 17:02:29.731089 シナリオ走行を開始しました [シナリオ名: ログイン]
[ADMIN] 17:02:29.734057 シナリオ走行を終了しました [シナリオ名: ログイン]
[ADMIN] 17:02:29.734067 シナリオ走行を開始しました [シナリオ名: ログイン]
[ADMIN] 17:02:29.736945 シナリオ走行を終了しました [シナリオ名: 新規ユーザー登録]
[ADMIN] 17:02:29.736964 シナリオ走行を開始しました [シナリオ名: 新規ユーザー登録]
[ADMIN] 17:02:29.753130 シナリオ走行を終了しました [シナリオ名: Banユーザログイン]
[ADMIN] 17:02:29.753143 シナリオ走行を開始しました [シナリオ名: Banユーザログイン]
[ADMIN] 17:02:29.760940 シナリオ走行を終了しました [シナリオ名: 新規ユーザー登録]
[ADMIN] 17:02:29.760959 シナリオ走行を開始しました [シナリオ名: 新規ユーザー登録]
[ADMIN] 17:02:29.771366 シナリオ走行を終了しました [シナリオ名: 新規ユーザー登録]
[ADMIN] 17:02:29.771385 シナリオ走行を開始しました [シナリオ名: 新規ユーザー登録]
[ADMIN] 17:02:29.779901 シナリオ走行を終了しました [シナリオ名: 新規ユーザー登録]
[ADMIN] 17:02:29.779913 シナリオ走行を開始しました [シナリオ名: 新規ユーザー登録]
[ADMIN] 17:02:29.787428 シナリオ走行を終了しました [シナリオ名: Banユーザログイン]
[ADMIN] 17:02:29.787442 シナリオ走行を開始しました [シナリオ名: Banユーザログイン]
[ADMIN] 17:02:29.797549 シナリオ走行を終了しました [シナリオ名: Banユーザログイン]
[ADMIN] 17:02:29.797566 シナリオ走行を開始しました [シナリオ名: Banユーザログイン]
[ADMIN] 17:02:29.847674 シナリオ走行を終了しました [シナリオ名: Banユーザログイン]
[ADMIN] 17:02:29.847692 シナリオ走行を開始しました [シナリオ名: Banユーザログイン]
[ADMIN] 17:02:29.853584 シナリオ走行を終了しました [シナリオ名: Banユーザログイン]
[ADMIN] 17:02:29.853603 シナリオ走行を開始しました [シナリオ名: Banユーザログイン]
[ADMIN] 17:02:29.873667 シナリオ走行を終了しました [シナリオ名: Banユーザログイン]
[ADMIN] 17:02:29.873683 シナリオ走行を開始しました [シナリオ名: Banユーザログイン]
[ADMIN] 17:02:29.912398 シナリオ走行を終了しました [シナリオ名: ログイン]
[ADMIN] 17:02:29.912408 シナリオ走行を開始しました [シナリオ名: ログイン]
[ADMIN] 17:02:29.921829 シナリオ走行を終了しました [シナリオ名: ログイン]
[ADMIN] 17:02:29.921840 シナリオ走行を開始しました [シナリオ名: ログイン]
[ADMIN] 17:02:29.922210 シナリオ走行を終了しました [シナリオ名: ログイン]
[ADMIN] 17:02:29.922219 シナリオ走行を開始しました [シナリオ名: ログイン]
17:02:29.926037 現在のログイン成功数: [total: 7107 (+2033人)]
17:02:29.926044 現在のユーザー登録成功数: [total: 2624 (+722人)]
17:02:29.926727 負荷走行がすべて終了しました
[ADMIN] 17:02:29.926252 シナリオ走行を終了しました [シナリオ名: Banユーザログイン]
[ADMIN] 17:02:29.926291 シナリオ走行を終了しました [シナリオ名: Banユーザログイン]
[ADMIN] 17:02:29.926357 シナリオ走行を終了しました [シナリオ名: ログイン]
[ADMIN] 17:02:29.926435 シナリオ走行を終了しました [シナリオ名: Banユーザログイン]
[ADMIN] 17:02:29.926460 シナリオ走行を終了しました [シナリオ名: Banユーザログイン]
[ADMIN] 17:02:29.926480 シナリオ走行を終了しました [シナリオ名: ログイン]
[ADMIN] 17:02:29.926496 シナリオ走行を終了しました [シナリオ名: Banユーザログイン]
[ADMIN] 17:02:29.926588 シナリオ走行を終了しました [シナリオ名: ログイン]
[ADMIN] 17:02:29.926699 シナリオ走行を終了しました [シナリオ名: ログイン]
[ADMIN] 17:02:29.926706 シナリオ走行を終了しました [シナリオ名: 新規ユーザー登録]
[ADMIN] 17:02:29.926729 負荷走行がすべて終了しました
[ADMIN] 17:02:29.926768 シナリオ走行を終了しました [シナリオ名: 新規ユーザー登録]
[ADMIN] 17:02:29.926841 シナリオ走行を終了しました [シナリオ名: 新規ユーザー登録]
[ADMIN] 17:02:29.926924 シナリオ走行を終了しました [シナリオ名: ログイン]
[ADMIN] 17:02:29.926990 シナリオ走行を終了しました [シナリオ名: Banユーザログイン]
[ADMIN] 17:02:29.927005 シナリオ走行を終了しました [シナリオ名: ログイン]
[ADMIN] 17:02:29.927008 シナリオ走行を終了しました [シナリオ名: Banユーザログイン]
[ADMIN] 17:02:29.927020 シナリオ走行を終了しました [シナリオ名: ログイン]
[ADMIN] 17:02:29.927160 シナリオ走行を終了しました [シナリオ名: 新規ユーザー登録]
[ADMIN] 17:02:29.927277 シナリオ走行を終了しました [シナリオ名: ログイン]
[ADMIN] 17:02:29.927362 シナリオ走行を終了しました [シナリオ名: ログイン]
[ADMIN] 17:02:29.927378 シナリオ走行を終了しました [シナリオ名: ログイン]
[ADMIN] 17:02:29.927537 シナリオ走行を終了しました [シナリオ名: 新規ユーザー登録]
[ADMIN] 17:02:29.927646 シナリオ走行を終了しました [シナリオ名: ログイン]
[ADMIN] 17:02:29.927718 シナリオ走行を終了しました [シナリオ名: ログイン]
[ADMIN] 17:02:29.927772 シナリオ走行を終了しました [シナリオ名: 新規ユーザー登録]
[ADMIN] 17:02:29.927862 シナリオ走行を終了しました [シナリオ名: ログイン]
[ADMIN] 17:02:29.927929 シナリオ走行を終了しました [シナリオ名: ログイン]
[ADMIN] 17:02:29.928034 シナリオ走行を終了しました [シナリオ名: 新規ユーザー登録]
[ADMIN] 17:02:29.928049 シナリオ走行を終了しました [シナリオ名: 新規ユーザー登録]
[ADMIN] 17:02:29.928117 シナリオ走行を終了しました [シナリオ名: Banユーザログイン]
[ADMIN] 17:02:29.928174 シナリオ走行を終了しました [シナリオ名: Banユーザログイン]
[ADMIN] 17:02:29.928224 シナリオ走行を終了しました [シナリオ名: 新規ユーザー登録]
[ADMIN] 17:02:29.928263 シナリオ走行を終了しました [シナリオ名: ログイン]
[ADMIN] 17:02:29.928293 シナリオ走行を終了しました [シナリオ名: ログイン]
[ADMIN] 17:02:29.928388 シナリオ走行を終了しました [シナリオ名: ログイン]
[ADMIN] 17:02:29.928459 シナリオ走行を終了しました [シナリオ名: 新規ユーザー登録]
[ADMIN] 17:02:29.928569 シナリオ走行を終了しました [シナリオ名: ログイン]
[ADMIN] 17:02:29.928605 シナリオ走行を終了しました [シナリオ名: ログイン]
[ADMIN] 17:02:29.928638 シナリオ走行を終了しました [シナリオ名: ログイン]
[ADMIN] 17:02:29.928658 シナリオ走行を終了しました [シナリオ名: ログイン]
[ADMIN] 17:02:29.928729 シナリオ走行を終了しました [シナリオ名: ログイン]
[ADMIN] 17:02:29.928809 シナリオ走行を終了しました [シナリオ名: 新規ユーザー登録]
[ADMIN] 17:02:29.928822 シナリオ走行を終了しました [シナリオ名: ログイン]
[ADMIN] 17:02:29.928833 シナリオ走行を終了しました [シナリオ名: ログイン]
[ADMIN] 17:02:29.928877 シナリオ走行を終了しました [シナリオ名: 新規ユーザー登録]
[ADMIN] 17:02:29.928912 シナリオ走行を終了しました [シナリオ名: 新規ユーザー登録]
[ADMIN] 17:02:29.928928 シナリオ走行を終了しました [シナリオ名: 新規ユーザー登録]
[ADMIN] 17:02:29.929008 シナリオ走行を終了しました [シナリオ名: ログイン]
[ADMIN] 17:02:29.929011 シナリオ走行を終了しました [シナリオ名: ログイン]
[ADMIN] 17:02:29.929072 シナリオ走行を終了しました [シナリオ名: 新規ユーザー登録]
[ADMIN] 17:02:29.929085 シナリオ走行を終了しました [シナリオ名: ログイン]
[ADMIN] 17:02:29.929204 シナリオ走行を終了しました [シナリオ名: ログイン]
[ADMIN] 17:02:29.929291 シナリオ走行を終了しました [シナリオ名: 新規ユーザー登録]
[ADMIN] 17:02:29.929371 シナリオ走行を終了しました [シナリオ名: ログイン]
[ADMIN] 17:02:29.929380 シナリオ走行を終了しました [シナリオ名: ログイン]
[ADMIN] 17:02:29.929377 シナリオ走行を終了しました [シナリオ名: ログイン]
[ADMIN] 17:02:29.929443 シナリオ走行を終了しました [シナリオ名: 新規ユーザー登録]
[ADMIN] 17:02:29.929472 シナリオ走行を終了しました [シナリオ名: 新規ユーザー登録]
[ADMIN] 17:02:29.929545 シナリオ走行を終了しました [シナリオ名: ログイン]
[ADMIN] 17:02:29.929569 シナリオ走行を終了しました [シナリオ名: 新規ユーザー登録]
[ADMIN] 17:02:29.929639 シナリオ走行を終了しました [シナリオ名: ログイン]
[ADMIN] 17:02:29.929665 シナリオ走行を終了しました [シナリオ名: ログイン]
[ADMIN] 17:02:29.929739 シナリオ走行を終了しました [シナリオ名: ログイン]
[ADMIN] 17:02:29.929888 シナリオ走行を終了しました [シナリオ名: 新規ユーザー登録]
[ADMIN] 17:02:29.929936 シナリオ走行を終了しました [シナリオ名: ログイン]
[ADMIN] 17:02:29.929959 シナリオ走行を終了しました [シナリオ名: ログイン]
[ADMIN] 17:02:29.929977 シナリオ走行を終了しました [シナリオ名: 新規ユーザー登録]
[ADMIN] 17:02:29.930020 シナリオ走行を終了しました [シナリオ名: ログイン]
[ADMIN] 17:02:29.930066 シナリオ走行を終了しました [シナリオ名: ログイン]
[ADMIN] 17:02:29.930146 シナリオ走行を終了しました [シナリオ名: 新規ユーザー登録]
[ADMIN] 17:02:29.930192 シナリオ走行を終了しました [シナリオ名: ログイン]
[ADMIN] 17:02:29.930267 シナリオ走行を終了しました [シナリオ名: Banユーザログイン]
[ADMIN] 17:02:29.930356 シナリオ走行を終了しました [シナリオ名: 新規ユーザー登録]
[ADMIN] 17:02:29.930469 シナリオ走行を終了しました [シナリオ名: ログイン]
[ADMIN] 17:02:29.930516 シナリオ走行を終了しました [シナリオ名: ログイン]
[ADMIN] 17:02:29.930564 シナリオ走行を終了しました [シナリオ名: 新規ユーザー登録]
[ADMIN] 17:02:29.930594 シナリオ走行を終了しました [シナリオ名: 新規ユーザー登録]
[ADMIN] 17:02:29.930636 シナリオ走行を終了しました [シナリオ名: 新規ユーザー登録]
[ADMIN] 17:02:29.930828 シナリオ走行を終了しました [シナリオ名: 新規ユーザー登録]
[ADMIN] 17:02:29.930829 シナリオ走行を終了しました [シナリオ名: 新規ユーザー登録]
[ADMIN] 17:02:29.930910 シナリオ走行を終了しました [シナリオ名: ログイン]
[ADMIN] 17:02:29.930913 シナリオ走行を終了しました [シナリオ名: ログイン]
[ADMIN] 17:02:29.930927 シナリオ走行を終了しました [シナリオ名: 新規ユーザー登録]
[ADMIN] 17:02:29.930991 シナリオ走行を終了しました [シナリオ名: ログイン]
[ADMIN] 17:02:29.931055 シナリオ走行を終了しました [シナリオ名: 新規ユーザー登録]
[ADMIN] 17:02:29.931074 シナリオ走行を終了しました [シナリオ名: ログイン]
[ADMIN] 17:02:29.931145 シナリオ走行を終了しました [シナリオ名: ログイン]
[ADMIN] 17:02:29.931208 シナリオ走行を終了しました [シナリオ名: 新規ユーザー登録]
[ADMIN] 17:02:29.931221 シナリオ走行を終了しました [シナリオ名: ログイン]
[ADMIN] 17:02:29.931257 シナリオ走行を終了しました [シナリオ名: 新規ユーザー登録]
[ADMIN] 17:02:29.931297 シナリオ走行を終了しました [シナリオ名: ログイン]
[ADMIN] 17:02:29.931341 シナリオ走行を終了しました [シナリオ名: ログイン]
[ADMIN] 17:02:29.931366 シナリオ走行を終了しました [シナリオ名: ログイン]
[ADMIN] 17:02:29.931439 シナリオ走行を終了しました [シナリオ名: ログイン]
[ADMIN] 17:02:29.931444 シナリオ走行を終了しました [シナリオ名: ログイン]
[ADMIN] 17:02:29.931494 シナリオ走行を終了しました [シナリオ名: 新規ユーザー登録]
[ADMIN] 17:02:29.931511 シナリオ走行を終了しました [シナリオ名: ログイン]
[ADMIN] 17:02:29.931559 シナリオ走行を終了しました [シナリオ名: Banユーザログイン]
[ADMIN] 17:02:29.931602 シナリオ走行を終了しました [シナリオ名: ログイン]
[ADMIN] 17:02:29.931618 シナリオ走行を終了しました [シナリオ名: ログイン]
[ADMIN] 17:02:29.931693 シナリオ走行を終了しました [シナリオ名: 新規ユーザー登録]
[ADMIN] 17:02:29.931702 シナリオ走行を終了しました [シナリオ名: ログイン]
[ADMIN] 17:02:29.931767 シナリオ走行を終了しました [シナリオ名: 新規ユーザー登録]
[ADMIN] 17:02:29.931811 シナリオ走行を終了しました [シナリオ名: 新規ユーザー登録]
[ADMIN] 17:02:29.931912 シナリオ走行を終了しました [シナリオ名: ログイン]
[ADMIN] 17:02:29.931972 シナリオ走行を終了しました [シナリオ名: ログイン]
[ADMIN] 17:02:29.932110 シナリオ走行を終了しました [シナリオ名: 新規ユーザー登録]
[ADMIN] 17:02:29.932119 シナリオ走行を終了しました [シナリオ名: 新規ユーザー登録]
[ADMIN] 17:02:29.932194 シナリオ走行を終了しました [シナリオ名: ログイン]
[ADMIN] 17:02:29.932241 シナリオ走行を終了しました [シナリオ名: 新規ユーザー登録]
[ADMIN] 17:02:29.932265 シナリオ走行を終了しました [シナリオ名: 新規ユーザー登録]
[ADMIN] 17:02:29.932338 シナリオ走行を終了しました [シナリオ名: ログイン]
[ADMIN] 17:02:29.932361 シナリオ走行を終了しました [シナリオ名: ログイン]
[ADMIN] 17:02:29.932469 シナリオ走行を終了しました [シナリオ名: 新規ユーザー登録]
[ADMIN] 17:02:29.932503 シナリオ走行を終了しました [シナリオ名: ログイン]
[ADMIN] 17:02:29.932530 シナリオ走行を終了しました [シナリオ名: ログイン]
[ADMIN] 17:02:29.932580 シナリオ走行を終了しました [シナリオ名: ログイン]
[ADMIN] 17:02:29.932657 シナリオ走行を終了しました [シナリオ名: ログイン]
[ADMIN] 17:02:29.932721 シナリオ走行を終了しました [シナリオ名: 新規ユーザー登録]
[ADMIN] 17:02:29.932745 シナリオ走行を終了しました [シナリオ名: 新規ユーザー登録]
[ADMIN] 17:02:29.932780 シナリオ走行を終了しました [シナリオ名: ログイン]
[ADMIN] 17:02:29.932872 シナリオ走行を終了しました [シナリオ名: ログイン]
[ADMIN] 17:02:29.932900 シナリオ走行を終了しました [シナリオ名: ログイン]
[ADMIN] 17:02:29.932968 シナリオ走行を終了しました [シナリオ名: ログイン]
[ADMIN] 17:02:29.932969 シナリオ走行を終了しました [シナリオ名: ログイン]
[ADMIN] 17:02:29.933104 シナリオ走行を終了しました [シナリオ名: 新規ユーザー登録]
[ADMIN] 17:02:29.933145 シナリオ走行を終了しました [シナリオ名: ログイン]
[ADMIN] 17:02:29.933158 シナリオ走行を終了しました [シナリオ名: ログイン]
[ADMIN] 17:02:29.933170 シナリオ走行を終了しました [シナリオ名: 新規ユーザー登録]
17:02:32.929143 [PASSED]: true
17:02:32.929156 [SCORE] 40462 (addition: 40462, deduction: 0)
[ADMIN] 17:02:32.929176 [SCORE] map[GET /user/:userId/gacha/index:2647 GET /user/:userId/home:2726 GET /user/:userId/item:686 GET /user/:userId/present/index/:n:3407 POST /login:2033 POST /login(ban):554 POST /user:722 POST /user/:userId/card:677 POST /user/:userId/card/addexp/:cardId:681 POST /user/:userId/gacha/draw/:gachaId:2634 POST /user/:userId/present/receive:3365 POST /user/:userId/reward:2007]

SCORE: 40462
BENCHMARK_PASS
2026-09-24T17:02:33.067500151Z	BENCHMARK_END
