2026-09-24T04:58:59.635096208Z	BENCHMARK_START
[ADMIN] 04:59:00.352448 benchmarker --target-host=172.31.45.101 --request-timeout=10s --initialize-request-timeout=1m0s --exit-error-on-fail=true --stage=prod --max-parallelism=100 --prepare-only=false
04:59:25.636724 [ValidationScenario] 整合性チェックを開始します
[ADMIN] 04:59:25.636713 [LANGUAGE] go
04:59:26.031333 整合性チェック Request:POST /login (日跨ぎ前）
04:59:26.057234 整合性チェック Request:POST /login (日跨ぎ後）
04:59:26.068825 整合性チェック Request:POST /admin/login 失敗の場合
04:59:26.132952 整合性チェック Request:POST /admin/login
04:59:26.194573 整合性チェック Request:GET /admin/user/{userID}
04:59:26.280063 整合性チェック Request:POST /login 失敗の場合
04:59:26.281325 整合性チェック Request:POST /user
04:59:26.299614 整合性チェック Request:POST /login
04:59:26.312705 整合性チェック Request:GET /user/{userId}/home セッション無効の場合
04:59:26.314744 整合性チェック Request:GET /user/{userId}/home
04:59:26.317913 整合性チェック Request:GET /user/{userId}/home 他人のホーム表示の場合
04:59:26.319186 整合性チェック Request:POST /user/{userId}/reward
04:59:26.321992 整合性チェック Request:POST /user/{userId}/card
04:59:26.326757 整合性チェック Request:GET /user/{userId}/item
04:59:26.329771 整合性チェック Request:POST /user/{userId}/addexp/{cardId}
04:59:26.335941 整合性チェック Request:GET /user/{userId}/present/index/:n
04:59:26.343278 整合性チェック Request:POST /user/{userId}/present/receive
04:59:26.390162 整合性チェック Request:GET /user/{userId}/gacha/index
04:59:26.393880 整合性チェック Request:POST /user/{userId}/gacha/draw/{gachaID}/10
04:59:26.402440 整合性チェック Request:GET /admin/master
04:59:26.410788 整合性チェック Request:POST /admin/user/{userID}/ban
04:59:26.411772 整合性チェック Request:POST /login Banの場合
04:59:26.412993 [ValidationScenario] 整合性チェックを終了します
04:59:26.412998 整合性チェックに成功しました！
04:59:26.413000 初期化処理が成功しました！
04:59:26.413012 アプリケーションへの負荷走行を開始します
[ADMIN] 04:59:26.413065 シナリオ走行を開始しました [シナリオ名: Banユーザログイン]
[ADMIN] 04:59:26.413070 シナリオ走行を開始しました [シナリオ名: 新規ユーザー登録]
[ADMIN] 04:59:26.413086 シナリオ走行を開始しました [シナリオ名: ログイン]
[ADMIN] 04:59:26.469142 シナリオ走行を終了しました [シナリオ名: ログイン]
[ADMIN] 04:59:26.469154 シナリオ走行を開始しました [シナリオ名: ログイン]
[ADMIN] 04:59:26.489281 シナリオ走行を終了しました [シナリオ名: 新規ユーザー登録]
[ADMIN] 04:59:26.489308 シナリオ走行を開始しました [シナリオ名: 新規ユーザー登録]
[ADMIN] 04:59:26.521350 シナリオ走行を終了しました [シナリオ名: ログイン]
[ADMIN] 04:59:26.521364 シナリオ走行を開始しました [シナリオ名: ログイン]
[ADMIN] 04:59:26.560105 シナリオ走行を終了しました [シナリオ名: 新規ユーザー登録]
[ADMIN] 04:59:26.560130 シナリオ走行を開始しました [シナリオ名: 新規ユーザー登録]
[ADMIN] 04:59:26.579651 シナリオ走行を終了しました [シナリオ名: ログイン]
[ADMIN] 04:59:26.579661 シナリオ走行を開始しました [シナリオ名: ログイン]
[ADMIN] 04:59:26.637700 シナリオ走行を終了しました [シナリオ名: 新規ユーザー登録]
[ADMIN] 04:59:26.637728 シナリオ走行を開始しました [シナリオ名: 新規ユーザー登録]
[ADMIN] 04:59:26.642075 シナリオ走行を終了しました [シナリオ名: ログイン]
[ADMIN] 04:59:26.642085 シナリオ走行を開始しました [シナリオ名: ログイン]
[ADMIN] 04:59:26.698934 シナリオ走行を終了しました [シナリオ名: ログイン]
[ADMIN] 04:59:26.698948 シナリオ走行を開始しました [シナリオ名: ログイン]
[ADMIN] 04:59:26.719890 シナリオ走行を終了しました [シナリオ名: 新規ユーザー登録]
[ADMIN] 04:59:26.719917 シナリオ走行を開始しました [シナリオ名: 新規ユーザー登録]
[ADMIN] 04:59:26.770930 シナリオ走行を終了しました [シナリオ名: ログイン]
[ADMIN] 04:59:26.770943 シナリオ走行を開始しました [シナリオ名: ログイン]
[ADMIN] 04:59:26.797408 シナリオ走行を終了しました [シナリオ名: 新規ユーザー登録]
[ADMIN] 04:59:26.797434 シナリオ走行を開始しました [シナリオ名: 新規ユーザー登録]
[ADMIN] 04:59:26.832362 シナリオ走行を終了しました [シナリオ名: ログイン]
[ADMIN] 04:59:26.832375 シナリオ走行を開始しました [シナリオ名: ログイン]
[ADMIN] 04:59:26.878364 シナリオ走行を終了しました [シナリオ名: 新規ユーザー登録]
[ADMIN] 04:59:26.878388 シナリオ走行を開始しました [シナリオ名: 新規ユーザー登録]
[ADMIN] 04:59:26.905210 シナリオ走行を終了しました [シナリオ名: ログイン]
[ADMIN] 04:59:26.905219 シナリオ走行を開始しました [シナリオ名: ログイン]
[ADMIN] 04:59:26.916326 シナリオ走行を終了しました [シナリオ名: Banユーザログイン]
[ADMIN] 04:59:26.916340 シナリオ走行を開始しました [シナリオ名: Banユーザログイン]
[ADMIN] 04:59:26.957367 シナリオ走行を終了しました [シナリオ名: 新規ユーザー登録]
[ADMIN] 04:59:26.957389 シナリオ走行を開始しました [シナリオ名: 新規ユーザー登録]
[ADMIN] 04:59:26.982223 シナリオ走行を終了しました [シナリオ名: ログイン]
[ADMIN] 04:59:26.982232 シナリオ走行を開始しました [シナリオ名: ログイン]
[ADMIN] 04:59:27.026933 シナリオ走行を終了しました [シナリオ名: 新規ユーザー登録]
[ADMIN] 04:59:27.026954 シナリオ走行を開始しました [シナリオ名: 新規ユーザー登録]
[ADMIN] 04:59:27.034081 シナリオ走行を終了しました [シナリオ名: ログイン]
[ADMIN] 04:59:27.034094 シナリオ走行を開始しました [シナリオ名: ログイン]
[ADMIN] 04:59:27.071298 シナリオ走行を終了しました [シナリオ名: ログイン]
[ADMIN] 04:59:27.071312 シナリオ走行を開始しました [シナリオ名: ログイン]
[ADMIN] 04:59:27.097661 シナリオ走行を終了しました [シナリオ名: 新規ユーザー登録]
[ADMIN] 04:59:27.097684 シナリオ走行を開始しました [シナリオ名: 新規ユーザー登録]
[ADMIN] 04:59:27.122497 シナリオ走行を終了しました [シナリオ名: ログイン]
[ADMIN] 04:59:27.122507 シナリオ走行を開始しました [シナリオ名: ログイン]
[ADMIN] 04:59:27.165012 シナリオ走行を終了しました [シナリオ名: 新規ユーザー登録]
[ADMIN] 04:59:27.165038 シナリオ走行を開始しました [シナリオ名: 新規ユーザー登録]
[ADMIN] 04:59:27.183518 シナリオ走行を終了しました [シナリオ名: ログイン]
[ADMIN] 04:59:27.183530 シナリオ走行を開始しました [シナリオ名: ログイン]
[ADMIN] 04:59:27.223294 シナリオ走行を終了しました [シナリオ名: ログイン]
[ADMIN] 04:59:27.223309 シナリオ走行を開始しました [シナリオ名: ログイン]
[ADMIN] 04:59:27.236863 シナリオ走行を終了しました [シナリオ名: 新規ユーザー登録]
[ADMIN] 04:59:27.236885 シナリオ走行を開始しました [シナリオ名: 新規ユーザー登録]
[ADMIN] 04:59:27.279173 シナリオ走行を終了しました [シナリオ名: ログイン]
[ADMIN] 04:59:27.279187 シナリオ走行を開始しました [シナリオ名: ログイン]
[ADMIN] 04:59:27.330042 シナリオ走行を終了しました [シナリオ名: 新規ユーザー登録]
[ADMIN] 04:59:27.330066 シナリオ走行を開始しました [シナリオ名: 新規ユーザー登録]
[ADMIN] 04:59:27.345563 シナリオ走行を終了しました [シナリオ名: ログイン]
[ADMIN] 04:59:27.345576 シナリオ走行を開始しました [シナリオ名: ログイン]
[ADMIN] 04:59:27.399267 シナリオ走行を終了しました [シナリオ名: 新規ユーザー登録]
[ADMIN] 04:59:27.399291 シナリオ走行を開始しました [シナリオ名: 新規ユーザー登録]
[ADMIN] 04:59:27.414454 シナリオ走行を終了しました [シナリオ名: ログイン]
[ADMIN] 04:59:27.414469 シナリオ走行を開始しました [シナリオ名: ログイン]
[ADMIN] 04:59:27.419008 シナリオ走行を終了しました [シナリオ名: Banユーザログイン]
[ADMIN] 04:59:27.419027 シナリオ走行を開始しました [シナリオ名: Banユーザログイン]
[ADMIN] 04:59:27.452300 シナリオ走行を終了しました [シナリオ名: ログイン]
[ADMIN] 04:59:27.452312 シナリオ走行を開始しました [シナリオ名: ログイン]
[ADMIN] 04:59:27.471582 シナリオ走行を終了しました [シナリオ名: 新規ユーザー登録]
[ADMIN] 04:59:27.471605 シナリオ走行を開始しました [シナリオ名: 新規ユーザー登録]
[ADMIN] 04:59:27.518592 シナリオ走行を終了しました [シナリオ名: ログイン]
[ADMIN] 04:59:27.518606 シナリオ走行を開始しました [シナリオ名: ログイン]
[ADMIN] 04:59:27.541766 シナリオ走行を終了しました [シナリオ名: 新規ユーザー登録]
[ADMIN] 04:59:27.541793 シナリオ走行を開始しました [シナリオ名: 新規ユーザー登録]
[ADMIN] 04:59:27.577958 シナリオ走行を終了しました [シナリオ名: ログイン]
[ADMIN] 04:59:27.577970 シナリオ走行を開始しました [シナリオ名: ログイン]
[ADMIN] 04:59:27.621468 シナリオ走行を終了しました [シナリオ名: 新規ユーザー登録]
[ADMIN] 04:59:27.621489 シナリオ走行を開始しました [シナリオ名: 新規ユーザー登録]
[ADMIN] 04:59:27.635350 シナリオ走行を終了しました [シナリオ名: ログイン]
[ADMIN] 04:59:27.635362 シナリオ走行を開始しました [シナリオ名: ログイン]
[ADMIN] 04:59:27.694756 シナリオ走行を終了しました [シナリオ名: ログイン]
[ADMIN] 04:59:27.694768 シナリオ走行を開始しました [シナリオ名: ログイン]
[ADMIN] 04:59:27.698019 シナリオ走行を終了しました [シナリオ名: 新規ユーザー登録]
[ADMIN] 04:59:27.698038 シナリオ走行を開始しました [シナリオ名: 新規ユーザー登録]
[ADMIN] 04:59:27.766987 シナリオ走行を終了しました [シナリオ名: ログイン]
[ADMIN] 04:59:27.766998 シナリオ走行を開始しました [シナリオ名: ログイン]
[ADMIN] 04:59:27.778201 シナリオ走行を終了しました [シナリオ名: 新規ユーザー登録]
[ADMIN] 04:59:27.778222 シナリオ走行を開始しました [シナリオ名: 新規ユーザー登録]
[ADMIN] 04:59:27.835429 シナリオ走行を終了しました [シナリオ名: ログイン]
[ADMIN] 04:59:27.835443 シナリオ走行を開始しました [シナリオ名: ログイン]
[ADMIN] 04:59:27.856842 シナリオ走行を終了しました [シナリオ名: 新規ユーザー登録]
[ADMIN] 04:59:27.856863 シナリオ走行を開始しました [シナリオ名: 新規ユーザー登録]
[ADMIN] 04:59:27.895053 シナリオ走行を終了しました [シナリオ名: ログイン]
[ADMIN] 04:59:27.895068 シナリオ走行を開始しました [シナリオ名: ログイン]
[ADMIN] 04:59:27.922067 シナリオ走行を終了しました [シナリオ名: Banユーザログイン]
[ADMIN] 04:59:27.922084 シナリオ走行を開始しました [シナリオ名: Banユーザログイン]
[ADMIN] 04:59:27.932375 シナリオ走行を終了しました [シナリオ名: 新規ユーザー登録]
[ADMIN] 04:59:27.932395 シナリオ走行を開始しました [シナリオ名: 新規ユーザー登録]
[ADMIN] 04:59:27.956644 シナリオ走行を終了しました [シナリオ名: ログイン]
[ADMIN] 04:59:27.956653 シナリオ走行を開始しました [シナリオ名: ログイン]
[ADMIN] 04:59:27.994910 シナリオ走行を終了しました [シナリオ名: ログイン]
[ADMIN] 04:59:27.994918 シナリオ走行を開始しました [シナリオ名: ログイン]
[ADMIN] 04:59:28.004718 シナリオ走行を終了しました [シナリオ名: 新規ユーザー登録]
[ADMIN] 04:59:28.004739 シナリオ走行を開始しました [シナリオ名: 新規ユーザー登録]
[ADMIN] 04:59:28.031866 シナリオ走行を終了しました [シナリオ名: ログイン]
[ADMIN] 04:59:28.031878 シナリオ走行を開始しました [シナリオ名: ログイン]
[ADMIN] 04:59:28.072908 シナリオ走行を終了しました [シナリオ名: 新規ユーザー登録]
[ADMIN] 04:59:28.072935 シナリオ走行を開始しました [シナリオ名: 新規ユーザー登録]
[ADMIN] 04:59:28.096979 シナリオ走行を終了しました [シナリオ名: ログイン]
[ADMIN] 04:59:28.096990 シナリオ走行を開始しました [シナリオ名: ログイン]
[ADMIN] 04:59:28.143879 シナリオ走行を終了しました [シナリオ名: 新規ユーザー登録]
[ADMIN] 04:59:28.143905 シナリオ走行を開始しました [シナリオ名: 新規ユーザー登録]
[ADMIN] 04:59:28.148168 シナリオ走行を終了しました [シナリオ名: ログイン]
[ADMIN] 04:59:28.148177 シナリオ走行を開始しました [シナリオ名: ログイン]
[ADMIN] 04:59:28.206921 シナリオ走行を終了しました [シナリオ名: ログイン]
[ADMIN] 04:59:28.206938 シナリオ走行を開始しました [シナリオ名: ログイン]
[ADMIN] 04:59:28.212937 シナリオ走行を終了しました [シナリオ名: 新規ユーザー登録]
[ADMIN] 04:59:28.212958 シナリオ走行を開始しました [シナリオ名: 新規ユーザー登録]
[ADMIN] 04:59:28.271026 シナリオ走行を終了しました [シナリオ名: ログイン]
[ADMIN] 04:59:28.271040 シナリオ走行を開始しました [シナリオ名: ログイン]
[ADMIN] 04:59:28.280177 シナリオ走行を終了しました [シナリオ名: 新規ユーザー登録]
[ADMIN] 04:59:28.280203 シナリオ走行を開始しました [シナリオ名: 新規ユーザー登録]
[ADMIN] 04:59:28.307056 シナリオ走行を終了しました [シナリオ名: ログイン]
[ADMIN] 04:59:28.307070 シナリオ走行を開始しました [シナリオ名: ログイン]
[ADMIN] 04:59:28.350112 シナリオ走行を終了しました [シナリオ名: 新規ユーザー登録]
[ADMIN] 04:59:28.350137 シナリオ走行を開始しました [シナリオ名: 新規ユーザー登録]
[ADMIN] 04:59:28.357685 シナリオ走行を終了しました [シナリオ名: ログイン]
[ADMIN] 04:59:28.357697 シナリオ走行を開始しました [シナリオ名: ログイン]
[ADMIN] 04:59:28.420415 シナリオ走行を終了しました [シナリオ名: 新規ユーザー登録]
[ADMIN] 04:59:28.420440 シナリオ走行を開始しました [シナリオ名: 新規ユーザー登録]
[ADMIN] 04:59:28.426380 シナリオ走行を終了しました [シナリオ名: Banユーザログイン]
[ADMIN] 04:59:28.426399 シナリオ走行を開始しました [シナリオ名: Banユーザログイン]
[ADMIN] 04:59:28.429517 シナリオ走行を終了しました [シナリオ名: ログイン]
[ADMIN] 04:59:28.429528 シナリオ走行を開始しました [シナリオ名: ログイン]
[ADMIN] 04:59:28.491379 シナリオ走行を終了しました [シナリオ名: 新規ユーザー登録]
[ADMIN] 04:59:28.491407 シナリオ走行を開始しました [シナリオ名: 新規ユーザー登録]
[ADMIN] 04:59:28.492408 シナリオ走行を終了しました [シナリオ名: ログイン]
[ADMIN] 04:59:28.492418 シナリオ走行を開始しました [シナリオ名: ログイン]
[ADMIN] 04:59:28.529888 シナリオ走行を終了しました [シナリオ名: ログイン]
[ADMIN] 04:59:28.529902 シナリオ走行を開始しました [シナリオ名: ログイン]
[ADMIN] 04:59:28.563525 シナリオ走行を終了しました [シナリオ名: 新規ユーザー登録]
[ADMIN] 04:59:28.563548 シナリオ走行を開始しました [シナリオ名: 新規ユーザー登録]
[ADMIN] 04:59:28.591368 シナリオ走行を終了しました [シナリオ名: ログイン]
[ADMIN] 04:59:28.591380 シナリオ走行を開始しました [シナリオ名: ログイン]
[ADMIN] 04:59:28.639152 シナリオ走行を終了しました [シナリオ名: 新規ユーザー登録]
[ADMIN] 04:59:28.639185 シナリオ走行を開始しました [シナリオ名: 新規ユーザー登録]
[ADMIN] 04:59:28.649979 シナリオ走行を終了しました [シナリオ名: ログイン]
[ADMIN] 04:59:28.649991 シナリオ走行を開始しました [シナリオ名: ログイン]
[ADMIN] 04:59:28.694191 シナリオ走行を終了しました [シナリオ名: ログイン]
[ADMIN] 04:59:28.694205 シナリオ走行を開始しました [シナリオ名: ログイン]
[ADMIN] 04:59:28.721165 シナリオ走行を終了しました [シナリオ名: 新規ユーザー登録]
[ADMIN] 04:59:28.721187 シナリオ走行を開始しました [シナリオ名: 新規ユーザー登録]
[ADMIN] 04:59:28.771865 シナリオ走行を終了しました [シナリオ名: ログイン]
[ADMIN] 04:59:28.771878 シナリオ走行を開始しました [シナリオ名: ログイン]
[ADMIN] 04:59:28.801582 シナリオ走行を終了しました [シナリオ名: 新規ユーザー登録]
[ADMIN] 04:59:28.801606 シナリオ走行を開始しました [シナリオ名: 新規ユーザー登録]
[ADMIN] 04:59:28.814520 シナリオ走行を終了しました [シナリオ名: ログイン]
[ADMIN] 04:59:28.814532 シナリオ走行を開始しました [シナリオ名: ログイン]
[ADMIN] 04:59:28.883204 シナリオ走行を終了しました [シナリオ名: 新規ユーザー登録]
[ADMIN] 04:59:28.883228 シナリオ走行を開始しました [シナリオ名: 新規ユーザー登録]
[ADMIN] 04:59:28.885281 シナリオ走行を終了しました [シナリオ名: ログイン]
[ADMIN] 04:59:28.885291 シナリオ走行を開始しました [シナリオ名: ログイン]
[ADMIN] 04:59:28.929308 シナリオ走行を終了しました [シナリオ名: Banユーザログイン]
[ADMIN] 04:59:28.929320 シナリオ走行を開始しました [シナリオ名: Banユーザログイン]
[ADMIN] 04:59:28.945858 シナリオ走行を終了しました [シナリオ名: ログイン]
[ADMIN] 04:59:28.945869 シナリオ走行を開始しました [シナリオ名: ログイン]
[ADMIN] 04:59:28.963311 シナリオ走行を終了しました [シナリオ名: 新規ユーザー登録]
[ADMIN] 04:59:28.963330 シナリオ走行を開始しました [シナリオ名: 新規ユーザー登録]
[ADMIN] 04:59:28.985919 シナリオ走行を終了しました [シナリオ名: ログイン]
[ADMIN] 04:59:28.985931 シナリオ走行を開始しました [シナリオ名: ログイン]
[ADMIN] 04:59:29.030247 シナリオ走行を終了しました [シナリオ名: 新規ユーザー登録]
[ADMIN] 04:59:29.030268 シナリオ走行を開始しました [シナリオ名: 新規ユーザー登録]
[ADMIN] 04:59:29.050570 シナリオ走行を終了しました [シナリオ名: ログイン]
[ADMIN] 04:59:29.050579 シナリオ走行を開始しました [シナリオ名: ログイン]
[ADMIN] 04:59:29.100581 シナリオ走行を終了しました [シナリオ名: ログイン]
[ADMIN] 04:59:29.100592 シナリオ走行を開始しました [シナリオ名: ログイン]
[ADMIN] 04:59:29.101940 シナリオ走行を終了しました [シナリオ名: 新規ユーザー登録]
[ADMIN] 04:59:29.101961 シナリオ走行を開始しました [シナリオ名: 新規ユーザー登録]
[ADMIN] 04:59:29.161567 シナリオ走行を終了しました [シナリオ名: ログイン]
[ADMIN] 04:59:29.161584 シナリオ走行を開始しました [シナリオ名: ログイン]
[ADMIN] 04:59:29.171791 シナリオ走行を終了しました [シナリオ名: 新規ユーザー登録]
[ADMIN] 04:59:29.171813 シナリオ走行を開始しました [シナリオ名: 新規ユーザー登録]
[ADMIN] 04:59:29.217283 シナリオ走行を終了しました [シナリオ名: ログイン]
[ADMIN] 04:59:29.217297 シナリオ走行を開始しました [シナリオ名: ログイン]
[ADMIN] 04:59:29.243818 シナリオ走行を終了しました [シナリオ名: 新規ユーザー登録]
[ADMIN] 04:59:29.243845 シナリオ走行を開始しました [シナリオ名: 新規ユーザー登録]
[ADMIN] 04:59:29.256039 シナリオ走行を終了しました [シナリオ名: ログイン]
[ADMIN] 04:59:29.256053 シナリオ走行を開始しました [シナリオ名: ログイン]
[ADMIN] 04:59:29.311947 シナリオ走行を終了しました [シナリオ名: ログイン]
[ADMIN] 04:59:29.311962 シナリオ走行を開始しました [シナリオ名: ログイン]
[ADMIN] 04:59:29.314725 シナリオ走行を終了しました [シナリオ名: 新規ユーザー登録]
[ADMIN] 04:59:29.314745 シナリオ走行を開始しました [シナリオ名: 新規ユーザー登録]
[ADMIN] 04:59:29.376032 シナリオ走行を終了しました [シナリオ名: ログイン]
[ADMIN] 04:59:29.376046 シナリオ走行を開始しました [シナリオ名: ログイン]
[ADMIN] 04:59:29.387741 シナリオ走行を終了しました [シナリオ名: 新規ユーザー登録]
[ADMIN] 04:59:29.387767 シナリオ走行を開始しました [シナリオ名: 新規ユーザー登録]
[ADMIN] 04:59:29.412927 シナリオ走行を終了しました [シナリオ名: ログイン]
[ADMIN] 04:59:29.412938 シナリオ走行を開始しました [シナリオ名: ログイン]
[ADMIN] 04:59:29.432425 シナリオ走行を終了しました [シナリオ名: Banユーザログイン]
[ADMIN] 04:59:29.432438 シナリオ走行を開始しました [シナリオ名: Banユーザログイン]
[ADMIN] 04:59:29.452218 シナリオ走行を終了しました [シナリオ名: ログイン]
[ADMIN] 04:59:29.452229 シナリオ走行を開始しました [シナリオ名: ログイン]
[ADMIN] 04:59:29.461791 シナリオ走行を終了しました [シナリオ名: 新規ユーザー登録]
[ADMIN] 04:59:29.461813 シナリオ走行を開始しました [シナリオ名: 新規ユーザー登録]
[ADMIN] 04:59:29.489704 シナリオ走行を終了しました [シナリオ名: ログイン]
[ADMIN] 04:59:29.489715 シナリオ走行を開始しました [シナリオ名: ログイン]
[ADMIN] 04:59:29.532504 シナリオ走行を終了しました [シナリオ名: 新規ユーザー登録]
[ADMIN] 04:59:29.532526 シナリオ走行を開始しました [シナリオ名: 新規ユーザー登録]
[ADMIN] 04:59:29.550527 シナリオ走行を終了しました [シナリオ名: ログイン]
[ADMIN] 04:59:29.550537 シナリオ走行を開始しました [シナリオ名: ログイン]
[ADMIN] 04:59:29.604998 シナリオ走行を終了しました [シナリオ名: 新規ユーザー登録]
[ADMIN] 04:59:29.605020 シナリオ走行を開始しました [シナリオ名: 新規ユーザー登録]
[ADMIN] 04:59:29.610783 シナリオ走行を終了しました [シナリオ名: ログイン]
[ADMIN] 04:59:29.610792 シナリオ走行を開始しました [シナリオ名: ログイン]
[ADMIN] 04:59:29.671452 シナリオ走行を終了しました [シナリオ名: ログイン]
[ADMIN] 04:59:29.671464 シナリオ走行を開始しました [シナリオ名: ログイン]
[ADMIN] 04:59:29.682243 シナリオ走行を終了しました [シナリオ名: 新規ユーザー登録]
[ADMIN] 04:59:29.682265 シナリオ走行を開始しました [シナリオ名: 新規ユーザー登録]
[ADMIN] 04:59:29.746543 シナリオ走行を終了しました [シナリオ名: ログイン]
[ADMIN] 04:59:29.746558 シナリオ走行を開始しました [シナリオ名: ログイン]
[ADMIN] 04:59:29.760333 シナリオ走行を終了しました [シナリオ名: 新規ユーザー登録]
[ADMIN] 04:59:29.760357 シナリオ走行を開始しました [シナリオ名: 新規ユーザー登録]
[ADMIN] 04:59:29.821262 シナリオ走行を終了しました [シナリオ名: ログイン]
[ADMIN] 04:59:29.821274 シナリオ走行を開始しました [シナリオ名: ログイン]
[ADMIN] 04:59:29.839434 シナリオ走行を終了しました [シナリオ名: 新規ユーザー登録]
[ADMIN] 04:59:29.839457 シナリオ走行を開始しました [シナリオ名: 新規ユーザー登録]
[ADMIN] 04:59:29.867465 シナリオ走行を終了しました [シナリオ名: ログイン]
[ADMIN] 04:59:29.867478 シナリオ走行を開始しました [シナリオ名: ログイン]
[ADMIN] 04:59:29.920873 シナリオ走行を終了しました [シナリオ名: 新規ユーザー登録]
[ADMIN] 04:59:29.920897 シナリオ走行を開始しました [シナリオ名: 新規ユーザー登録]
[ADMIN] 04:59:29.935675 シナリオ走行を終了しました [シナリオ名: ログイン]
[ADMIN] 04:59:29.935687 シナリオ走行を開始しました [シナリオ名: ログイン]
[ADMIN] 04:59:29.937103 シナリオ走行を終了しました [シナリオ名: Banユーザログイン]
[ADMIN] 04:59:29.937115 シナリオ走行を開始しました [シナリオ名: Banユーザログイン]
[ADMIN] 04:59:30.000407 シナリオ走行を終了しました [シナリオ名: 新規ユーザー登録]
[ADMIN] 04:59:30.000438 シナリオ走行を開始しました [シナリオ名: 新規ユーザー登録]
[ADMIN] 04:59:30.006987 シナリオ走行を終了しました [シナリオ名: ログイン]
[ADMIN] 04:59:30.007001 シナリオ走行を開始しました [シナリオ名: ログイン]
[ADMIN] 04:59:30.071671 シナリオ走行を終了しました [シナリオ名: ログイン]
[ADMIN] 04:59:30.071687 シナリオ走行を開始しました [シナリオ名: ログイン]
[ADMIN] 04:59:30.072720 シナリオ走行を終了しました [シナリオ名: 新規ユーザー登録]
[ADMIN] 04:59:30.072735 シナリオ走行を開始しました [シナリオ名: 新規ユーザー登録]
[ADMIN] 04:59:30.129372 シナリオ走行を終了しました [シナリオ名: ログイン]
[ADMIN] 04:59:30.129389 シナリオ走行を開始しました [シナリオ名: ログイン]
[ADMIN] 04:59:30.141542 シナリオ走行を終了しました [シナリオ名: 新規ユーザー登録]
[ADMIN] 04:59:30.141580 シナリオ走行を開始しました [シナリオ名: 新規ユーザー登録]
[ADMIN] 04:59:30.165134 シナリオ走行を終了しました [シナリオ名: ログイン]
[ADMIN] 04:59:30.165146 シナリオ走行を開始しました [シナリオ名: ログイン]
[ADMIN] 04:59:30.202370 シナリオ走行を終了しました [シナリオ名: ログイン]
[ADMIN] 04:59:30.202385 シナリオ走行を開始しました [シナリオ名: ログイン]
[ADMIN] 04:59:30.214266 シナリオ走行を終了しました [シナリオ名: 新規ユーザー登録]
[ADMIN] 04:59:30.214289 シナリオ走行を開始しました [シナリオ名: 新規ユーザー登録]
[ADMIN] 04:59:30.242863 シナリオ走行を終了しました [シナリオ名: ログイン]
[ADMIN] 04:59:30.242876 シナリオ走行を開始しました [シナリオ名: ログイン]
[ADMIN] 04:59:30.282398 シナリオ走行を終了しました [シナリオ名: 新規ユーザー登録]
[ADMIN] 04:59:30.282424 シナリオ走行を開始しました [シナリオ名: 新規ユーザー登録]
[ADMIN] 04:59:30.296632 シナリオ走行を終了しました [シナリオ名: ログイン]
[ADMIN] 04:59:30.296646 シナリオ走行を開始しました [シナリオ名: ログイン]
[ADMIN] 04:59:30.349532 シナリオ走行を終了しました [シナリオ名: ログイン]
[ADMIN] 04:59:30.349546 シナリオ走行を開始しました [シナリオ名: ログイン]
[ADMIN] 04:59:30.355247 シナリオ走行を終了しました [シナリオ名: 新規ユーザー登録]
[ADMIN] 04:59:30.355269 シナリオ走行を開始しました [シナリオ名: 新規ユーザー登録]
[ADMIN] 04:59:30.412318 シナリオ走行を終了しました [シナリオ名: ログイン]
[ADMIN] 04:59:30.412329 シナリオ走行を開始しました [シナリオ名: ログイン]
[ADMIN] 04:59:30.423913 シナリオ走行を終了しました [シナリオ名: 新規ユーザー登録]
[ADMIN] 04:59:30.423955 シナリオ走行を開始しました [シナリオ名: 新規ユーザー登録]
[ADMIN] 04:59:30.440009 シナリオ走行を終了しました [シナリオ名: Banユーザログイン]
[ADMIN] 04:59:30.440023 シナリオ走行を開始しました [シナリオ名: Banユーザログイン]
[ADMIN] 04:59:30.472853 シナリオ走行を終了しました [シナリオ名: ログイン]
[ADMIN] 04:59:30.472864 シナリオ走行を開始しました [シナリオ名: ログイン]
[ADMIN] 04:59:30.491613 シナリオ走行を終了しました [シナリオ名: 新規ユーザー登録]
[ADMIN] 04:59:30.491634 シナリオ走行を開始しました [シナリオ名: 新規ユーザー登録]
[ADMIN] 04:59:30.525546 シナリオ走行を終了しました [シナリオ名: ログイン]
[ADMIN] 04:59:30.525559 シナリオ走行を開始しました [シナリオ名: ログイン]
[ADMIN] 04:59:30.561804 シナリオ走行を終了しました [シナリオ名: ログイン]
[ADMIN] 04:59:30.561814 シナリオ走行を開始しました [シナリオ名: ログイン]
[ADMIN] 04:59:30.562574 シナリオ走行を終了しました [シナリオ名: 新規ユーザー登録]
[ADMIN] 04:59:30.562587 シナリオ走行を開始しました [シナリオ名: 新規ユーザー登録]
[ADMIN] 04:59:30.627796 シナリオ走行を終了しました [シナリオ名: ログイン]
[ADMIN] 04:59:30.627807 シナリオ走行を開始しました [シナリオ名: ログイン]
[ADMIN] 04:59:30.641233 シナリオ走行を終了しました [シナリオ名: 新規ユーザー登録]
[ADMIN] 04:59:30.641255 シナリオ走行を開始しました [シナリオ名: 新規ユーザー登録]
[ADMIN] 04:59:30.701274 シナリオ走行を終了しました [シナリオ名: ログイン]
[ADMIN] 04:59:30.701287 シナリオ走行を開始しました [シナリオ名: ログイン]
[ADMIN] 04:59:30.718936 シナリオ走行を終了しました [シナリオ名: 新規ユーザー登録]
[ADMIN] 04:59:30.718956 シナリオ走行を開始しました [シナリオ名: 新規ユーザー登録]
[ADMIN] 04:59:30.745948 シナリオ走行を終了しました [シナリオ名: ログイン]
[ADMIN] 04:59:30.745961 シナリオ走行を開始しました [シナリオ名: ログイン]
[ADMIN] 04:59:30.797723 シナリオ走行を終了しました [シナリオ名: 新規ユーザー登録]
[ADMIN] 04:59:30.797744 シナリオ走行を開始しました [シナリオ名: 新規ユーザー登録]
[ADMIN] 04:59:30.822249 シナリオ走行を終了しました [シナリオ名: ログイン]
[ADMIN] 04:59:30.822260 シナリオ走行を開始しました [シナリオ名: ログイン]
[ADMIN] 04:59:30.878662 シナリオ走行を終了しました [シナリオ名: 新規ユーザー登録]
[ADMIN] 04:59:30.878685 シナリオ走行を開始しました [シナリオ名: 新規ユーザー登録]
[ADMIN] 04:59:30.893452 シナリオ走行を終了しました [シナリオ名: ログイン]
[ADMIN] 04:59:30.893467 シナリオ走行を開始しました [シナリオ名: ログイン]
[ADMIN] 04:59:30.932199 シナリオ走行を終了しました [シナリオ名: ログイン]
[ADMIN] 04:59:30.932214 シナリオ走行を開始しました [シナリオ名: ログイン]
[ADMIN] 04:59:30.944498 シナリオ走行を終了しました [シナリオ名: Banユーザログイン]
[ADMIN] 04:59:30.944516 シナリオ走行を開始しました [シナリオ名: Banユーザログイン]
[ADMIN] 04:59:30.957797 シナリオ走行を終了しました [シナリオ名: 新規ユーザー登録]
[ADMIN] 04:59:30.957820 シナリオ走行を開始しました [シナリオ名: 新規ユーザー登録]
[ADMIN] 04:59:31.002837 シナリオ走行を終了しました [シナリオ名: ログイン]
[ADMIN] 04:59:31.002849 シナリオ走行を開始しました [シナリオ名: ログイン]
[ADMIN] 04:59:31.028290 シナリオ走行を終了しました [シナリオ名: 新規ユーザー登録]
[ADMIN] 04:59:31.028312 シナリオ走行を開始しました [シナリオ名: 新規ユーザー登録]
[ADMIN] 04:59:31.061118 シナリオ走行を終了しました [シナリオ名: ログイン]
[ADMIN] 04:59:31.061130 シナリオ走行を開始しました [シナリオ名: ログイン]
[ADMIN] 04:59:31.096448 シナリオ走行を終了しました [シナリオ名: 新規ユーザー登録]
[ADMIN] 04:59:31.096473 シナリオ走行を開始しました [シナリオ名: 新規ユーザー登録]
[ADMIN] 04:59:31.112300 シナリオ走行を終了しました [シナリオ名: ログイン]
[ADMIN] 04:59:31.112312 シナリオ走行を開始しました [シナリオ名: ログイン]
[ADMIN] 04:59:31.165519 シナリオ走行を終了しました [シナリオ名: 新規ユーザー登録]
[ADMIN] 04:59:31.165543 シナリオ走行を開始しました [シナリオ名: 新規ユーザー登録]
[ADMIN] 04:59:31.179424 シナリオ走行を終了しました [シナリオ名: ログイン]
[ADMIN] 04:59:31.179438 シナリオ走行を開始しました [シナリオ名: ログイン]
[ADMIN] 04:59:31.215779 シナリオ走行を終了しました [シナリオ名: ログイン]
[ADMIN] 04:59:31.215795 シナリオ走行を開始しました [シナリオ名: ログイン]
[ADMIN] 04:59:31.236947 シナリオ走行を終了しました [シナリオ名: 新規ユーザー登録]
[ADMIN] 04:59:31.236968 シナリオ走行を開始しました [シナリオ名: 新規ユーザー登録]
[ADMIN] 04:59:31.278926 シナリオ走行を終了しました [シナリオ名: ログイン]
[ADMIN] 04:59:31.278938 シナリオ走行を開始しました [シナリオ名: ログイン]
[ADMIN] 04:59:31.303132 シナリオ走行を終了しました [シナリオ名: 新規ユーザー登録]
[ADMIN] 04:59:31.303156 シナリオ走行を開始しました [シナリオ名: 新規ユーザー登録]
[ADMIN] 04:59:31.344071 シナリオ走行を終了しました [シナリオ名: ログイン]
[ADMIN] 04:59:31.344087 シナリオ走行を開始しました [シナリオ名: ログイン]
[ADMIN] 04:59:31.370847 シナリオ走行を終了しました [シナリオ名: 新規ユーザー登録]
[ADMIN] 04:59:31.370869 シナリオ走行を開始しました [シナリオ名: 新規ユーザー登録]
[ADMIN] 04:59:31.425071 シナリオ走行を終了しました [シナリオ名: ログイン]
[ADMIN] 04:59:31.425088 シナリオ走行を開始しました [シナリオ名: ログイン]
[ADMIN] 04:59:31.439566 シナリオ走行を終了しました [シナリオ名: 新規ユーザー登録]
[ADMIN] 04:59:31.439584 シナリオ走行を開始しました [シナリオ名: 新規ユーザー登録]
[ADMIN] 04:59:31.447970 シナリオ走行を終了しました [シナリオ名: Banユーザログイン]
[ADMIN] 04:59:31.447987 シナリオ走行を開始しました [シナリオ名: Banユーザログイン]
[ADMIN] 04:59:31.485135 シナリオ走行を終了しました [シナリオ名: ログイン]
[ADMIN] 04:59:31.485152 シナリオ走行を開始しました [シナリオ名: ログイン]
[ADMIN] 04:59:31.512464 シナリオ走行を終了しました [シナリオ名: 新規ユーザー登録]
[ADMIN] 04:59:31.512492 シナリオ走行を開始しました [シナリオ名: 新規ユーザー登録]
[ADMIN] 04:59:31.539052 シナリオ走行を終了しました [シナリオ名: ログイン]
[ADMIN] 04:59:31.539065 シナリオ走行を開始しました [シナリオ名: ログイン]
[ADMIN] 04:59:31.577201 シナリオ走行を終了しました [シナリオ名: ログイン]
[ADMIN] 04:59:31.577214 シナリオ走行を開始しました [シナリオ名: ログイン]
[ADMIN] 04:59:31.588934 シナリオ走行を終了しました [シナリオ名: 新規ユーザー登録]
[ADMIN] 04:59:31.588960 シナリオ走行を開始しました [シナリオ名: 新規ユーザー登録]
[ADMIN] 04:59:31.620161 シナリオ走行を終了しました [シナリオ名: ログイン]
[ADMIN] 04:59:31.620173 シナリオ走行を開始しました [シナリオ名: ログイン]
[ADMIN] 04:59:31.675397 シナリオ走行を終了しました [シナリオ名: 新規ユーザー登録]
[ADMIN] 04:59:31.675427 シナリオ走行を開始しました [シナリオ名: 新規ユーザー登録]
[ADMIN] 04:59:31.692852 シナリオ走行を終了しました [シナリオ名: ログイン]
[ADMIN] 04:59:31.692867 シナリオ走行を開始しました [シナリオ名: ログイン]
[ADMIN] 04:59:31.738039 シナリオ走行を終了しました [シナリオ名: ログイン]
[ADMIN] 04:59:31.738054 シナリオ走行を開始しました [シナリオ名: ログイン]
[ADMIN] 04:59:31.759498 シナリオ走行を終了しました [シナリオ名: 新規ユーザー登録]
[ADMIN] 04:59:31.759527 シナリオ走行を開始しました [シナリオ名: 新規ユーザー登録]
[ADMIN] 04:59:31.808248 シナリオ走行を終了しました [シナリオ名: ログイン]
[ADMIN] 04:59:31.808261 シナリオ走行を開始しました [シナリオ名: ログイン]
[ADMIN] 04:59:31.847835 シナリオ走行を終了しました [シナリオ名: 新規ユーザー登録]
[ADMIN] 04:59:31.847864 シナリオ走行を開始しました [シナリオ名: 新規ユーザー登録]
[ADMIN] 04:59:31.864859 シナリオ走行を終了しました [シナリオ名: ログイン]
[ADMIN] 04:59:31.864872 シナリオ走行を開始しました [シナリオ名: ログイン]
[ADMIN] 04:59:31.926278 シナリオ走行を終了しました [シナリオ名: 新規ユーザー登録]
[ADMIN] 04:59:31.926309 シナリオ走行を開始しました [シナリオ名: 新規ユーザー登録]
[ADMIN] 04:59:31.927413 シナリオ走行を終了しました [シナリオ名: ログイン]
[ADMIN] 04:59:31.927424 シナリオ走行を開始しました [シナリオ名: ログイン]
[ADMIN] 04:59:31.950952 シナリオ走行を終了しました [シナリオ名: Banユーザログイン]
[ADMIN] 04:59:31.950975 シナリオ走行を開始しました [シナリオ名: Banユーザログイン]
[ADMIN] 04:59:31.994736 シナリオ走行を終了しました [シナリオ名: ログイン]
[ADMIN] 04:59:31.994751 シナリオ走行を開始しました [シナリオ名: ログイン]
[ADMIN] 04:59:32.004595 シナリオ走行を終了しました [シナリオ名: 新規ユーザー登録]
[ADMIN] 04:59:32.004622 シナリオ走行を開始しました [シナリオ名: 新規ユーザー登録]
[ADMIN] 04:59:32.048261 シナリオ走行を終了しました [シナリオ名: ログイン]
[ADMIN] 04:59:32.048279 シナリオ走行を開始しました [シナリオ名: ログイン]
[ADMIN] 04:59:32.075009 シナリオ走行を終了しました [シナリオ名: 新規ユーザー登録]
[ADMIN] 04:59:32.075038 シナリオ走行を開始しました [シナリオ名: 新規ユーザー登録]
[ADMIN] 04:59:32.088035 シナリオ走行を終了しました [シナリオ名: ログイン]
[ADMIN] 04:59:32.088049 シナリオ走行を開始しました [シナリオ名: ログイン]
[ADMIN] 04:59:32.146442 シナリオ走行を終了しました [シナリオ名: 新規ユーザー登録]
[ADMIN] 04:59:32.146468 シナリオ走行を開始しました [シナリオ名: 新規ユーザー登録]
[ADMIN] 04:59:32.150789 シナリオ走行を終了しました [シナリオ名: ログイン]
[ADMIN] 04:59:32.150802 シナリオ走行を開始しました [シナリオ名: ログイン]
[ADMIN] 04:59:32.185005 シナリオ走行を終了しました [シナリオ名: ログイン]
[ADMIN] 04:59:32.185022 シナリオ走行を開始しました [シナリオ名: ログイン]
[ADMIN] 04:59:32.221904 シナリオ走行を終了しました [シナリオ名: 新規ユーザー登録]
[ADMIN] 04:59:32.221933 シナリオ走行を開始しました [シナリオ名: 新規ユーザー登録]
[ADMIN] 04:59:32.238533 シナリオ走行を終了しました [シナリオ名: ログイン]
[ADMIN] 04:59:32.238548 シナリオ走行を開始しました [シナリオ名: ログイン]
[ADMIN] 04:59:32.274214 シナリオ走行を終了しました [シナリオ名: ログイン]
[ADMIN] 04:59:32.274229 シナリオ走行を開始しました [シナリオ名: ログイン]
[ADMIN] 04:59:32.293692 シナリオ走行を終了しました [シナリオ名: 新規ユーザー登録]
[ADMIN] 04:59:32.293739 シナリオ走行を開始しました [シナリオ名: 新規ユーザー登録]
[ADMIN] 04:59:32.327316 シナリオ走行を終了しました [シナリオ名: ログイン]
[ADMIN] 04:59:32.327333 シナリオ走行を開始しました [シナリオ名: ログイン]
[ADMIN] 04:59:32.363518 シナリオ走行を終了しました [シナリオ名: ログイン]
[ADMIN] 04:59:32.363534 シナリオ走行を開始しました [シナリオ名: ログイン]
[ADMIN] 04:59:32.365207 シナリオ走行を終了しました [シナリオ名: 新規ユーザー登録]
[ADMIN] 04:59:32.365251 シナリオ走行を開始しました [シナリオ名: 新規ユーザー登録]
[ADMIN] 04:59:32.416807 シナリオ走行を終了しました [シナリオ名: ログイン]
[ADMIN] 04:59:32.416822 シナリオ走行を開始しました [シナリオ名: ログイン]
[ADMIN] 04:59:32.439681 シナリオ走行を終了しました [シナリオ名: 新規ユーザー登録]
[ADMIN] 04:59:32.439707 シナリオ走行を開始しました [シナリオ名: 新規ユーザー登録]
[ADMIN] 04:59:32.453303 シナリオ走行を終了しました [シナリオ名: Banユーザログイン]
[ADMIN] 04:59:32.453319 シナリオ走行を開始しました [シナリオ名: Banユーザログイン]
[ADMIN] 04:59:32.453386 シナリオ走行を終了しました [シナリオ名: ログイン]
[ADMIN] 04:59:32.453398 シナリオ走行を開始しました [シナリオ名: ログイン]
[ADMIN] 04:59:32.506654 シナリオ走行を終了しました [シナリオ名: ログイン]
[ADMIN] 04:59:32.506671 シナリオ走行を開始しました [シナリオ名: ログイン]
[ADMIN] 04:59:32.519113 シナリオ走行を終了しました [シナリオ名: 新規ユーザー登録]
[ADMIN] 04:59:32.519141 シナリオ走行を開始しました [シナリオ名: 新規ユーザー登録]
[ADMIN] 04:59:32.566421 シナリオ走行を終了しました [シナリオ名: ログイン]
[ADMIN] 04:59:32.566438 シナリオ走行を開始しました [シナリオ名: ログイン]
[ADMIN] 04:59:32.593130 シナリオ走行を終了しました [シナリオ名: 新規ユーザー登録]
[ADMIN] 04:59:32.593158 シナリオ走行を開始しました [シナリオ名: 新規ユーザー登録]
[ADMIN] 04:59:32.643005 シナリオ走行を終了しました [シナリオ名: ログイン]
[ADMIN] 04:59:32.643023 シナリオ走行を開始しました [シナリオ名: ログイン]
[ADMIN] 04:59:32.679243 シナリオ走行を終了しました [シナリオ名: 新規ユーザー登録]
[ADMIN] 04:59:32.679277 シナリオ走行を開始しました [シナリオ名: 新規ユーザー登録]
[ADMIN] 04:59:32.694205 シナリオ走行を終了しました [シナリオ名: ログイン]
[ADMIN] 04:59:32.694222 シナリオ走行を開始しました [シナリオ名: ログイン]
[ADMIN] 04:59:32.758424 シナリオ走行を終了しました [シナリオ名: 新規ユーザー登録]
[ADMIN] 04:59:32.758455 シナリオ走行を開始しました [シナリオ名: 新規ユーザー登録]
[ADMIN] 04:59:32.766103 シナリオ走行を終了しました [シナリオ名: ログイン]
[ADMIN] 04:59:32.766117 シナリオ走行を開始しました [シナリオ名: ログイン]
[ADMIN] 04:59:32.824806 シナリオ走行を終了しました [シナリオ名: ログイン]
[ADMIN] 04:59:32.824822 シナリオ走行を開始しました [シナリオ名: ログイン]
[ADMIN] 04:59:32.838057 シナリオ走行を終了しました [シナリオ名: 新規ユーザー登録]
[ADMIN] 04:59:32.838081 シナリオ走行を開始しました [シナリオ名: 新規ユーザー登録]
[ADMIN] 04:59:32.896210 シナリオ走行を終了しました [シナリオ名: ログイン]
[ADMIN] 04:59:32.896225 シナリオ走行を開始しました [シナリオ名: ログイン]
[ADMIN] 04:59:32.916722 シナリオ走行を終了しました [シナリオ名: 新規ユーザー登録]
[ADMIN] 04:59:32.916748 シナリオ走行を開始しました [シナリオ名: 新規ユーザー登録]
[ADMIN] 04:59:32.939221 シナリオ走行を終了しました [シナリオ名: ログイン]
[ADMIN] 04:59:32.939237 シナリオ走行を開始しました [シナリオ名: ログイン]
[ADMIN] 04:59:32.964355 シナリオ走行を終了しました [シナリオ名: Banユーザログイン]
[ADMIN] 04:59:32.964375 シナリオ走行を開始しました [シナリオ名: Banユーザログイン]
[ADMIN] 04:59:32.993652 シナリオ走行を終了しました [シナリオ名: 新規ユーザー登録]
[ADMIN] 04:59:32.993688 シナリオ走行を開始しました [シナリオ名: 新規ユーザー登録]
[ADMIN] 04:59:33.000607 シナリオ走行を終了しました [シナリオ名: ログイン]
[ADMIN] 04:59:33.000622 シナリオ走行を開始しました [シナリオ名: ログイン]
[ADMIN] 04:59:33.040115 シナリオ走行を終了しました [シナリオ名: ログイン]
[ADMIN] 04:59:33.040130 シナリオ走行を開始しました [シナリオ名: ログイン]
[ADMIN] 04:59:33.065024 シナリオ走行を終了しました [シナリオ名: 新規ユーザー登録]
[ADMIN] 04:59:33.065055 シナリオ走行を開始しました [シナリオ名: 新規ユーザー登録]
[ADMIN] 04:59:33.075650 シナリオ走行を終了しました [シナリオ名: ログイン]
[ADMIN] 04:59:33.075666 シナリオ走行を開始しました [シナリオ名: ログイン]
[ADMIN] 04:59:33.126236 シナリオ走行を終了しました [シナリオ名: ログイン]
[ADMIN] 04:59:33.126261 シナリオ走行を開始しました [シナリオ名: ログイン]
[ADMIN] 04:59:33.134064 シナリオ走行を終了しました [シナリオ名: 新規ユーザー登録]
[ADMIN] 04:59:33.134087 シナリオ走行を開始しました [シナリオ名: 新規ユーザー登録]
[ADMIN] 04:59:33.186730 シナリオ走行を終了しました [シナリオ名: ログイン]
[ADMIN] 04:59:33.186747 シナリオ走行を開始しました [シナリオ名: ログイン]
[ADMIN] 04:59:33.205066 シナリオ走行を終了しました [シナリオ名: 新規ユーザー登録]
[ADMIN] 04:59:33.205098 シナリオ走行を開始しました [シナリオ名: 新規ユーザー登録]
[ADMIN] 04:59:33.251215 シナリオ走行を終了しました [シナリオ名: ログイン]
[ADMIN] 04:59:33.251230 シナリオ走行を開始しました [シナリオ名: ログイン]
[ADMIN] 04:59:33.275204 シナリオ走行を終了しました [シナリオ名: 新規ユーザー登録]
[ADMIN] 04:59:33.275234 シナリオ走行を開始しました [シナリオ名: 新規ユーザー登録]
[ADMIN] 04:59:33.316757 シナリオ走行を終了しました [シナリオ名: ログイン]
[ADMIN] 04:59:33.316775 シナリオ走行を開始しました [シナリオ名: ログイン]
[ADMIN] 04:59:33.346605 シナリオ走行を終了しました [シナリオ名: 新規ユーザー登録]
[ADMIN] 04:59:33.346648 シナリオ走行を開始しました [シナリオ名: 新規ユーザー登録]
[ADMIN] 04:59:33.377107 シナリオ走行を終了しました [シナリオ名: ログイン]
[ADMIN] 04:59:33.377123 シナリオ走行を開始しました [シナリオ名: ログイン]
[ADMIN] 04:59:33.415777 シナリオ走行を終了しました [シナリオ名: 新規ユーザー登録]
[ADMIN] 04:59:33.415804 シナリオ走行を開始しました [シナリオ名: 新規ユーザー登録]
[ADMIN] 04:59:33.442046 シナリオ走行を終了しました [シナリオ名: ログイン]
[ADMIN] 04:59:33.442059 シナリオ走行を開始しました [シナリオ名: ログイン]
[ADMIN] 04:59:33.468859 シナリオ走行を終了しました [シナリオ名: Banユーザログイン]
[ADMIN] 04:59:33.468876 シナリオ走行を開始しました [シナリオ名: Banユーザログイン]
[ADMIN] 04:59:33.486870 シナリオ走行を終了しました [シナリオ名: 新規ユーザー登録]
[ADMIN] 04:59:33.486894 シナリオ走行を開始しました [シナリオ名: 新規ユーザー登録]
[ADMIN] 04:59:33.505308 シナリオ走行を終了しました [シナリオ名: ログイン]
[ADMIN] 04:59:33.505325 シナリオ走行を開始しました [シナリオ名: ログイン]
[ADMIN] 04:59:33.563908 シナリオ走行を終了しました [シナリオ名: 新規ユーザー登録]
[ADMIN] 04:59:33.563937 シナリオ走行を開始しました [シナリオ名: 新規ユーザー登録]
[ADMIN] 04:59:33.583348 シナリオ走行を終了しました [シナリオ名: ログイン]
[ADMIN] 04:59:33.583363 シナリオ走行を開始しました [シナリオ名: ログイン]
[ADMIN] 04:59:33.627255 シナリオ走行を終了しました [シナリオ名: ログイン]
[ADMIN] 04:59:33.627273 シナリオ走行を開始しました [シナリオ名: ログイン]
[ADMIN] 04:59:33.640824 シナリオ走行を終了しました [シナリオ名: 新規ユーザー登録]
[ADMIN] 04:59:33.640853 シナリオ走行を開始しました [シナリオ名: 新規ユーザー登録]
[ADMIN] 04:59:33.696086 シナリオ走行を終了しました [シナリオ名: ログイン]
[ADMIN] 04:59:33.696103 シナリオ走行を開始しました [シナリオ名: ログイン]
[ADMIN] 04:59:33.721759 シナリオ走行を終了しました [シナリオ名: 新規ユーザー登録]
[ADMIN] 04:59:33.721787 シナリオ走行を開始しました [シナリオ名: 新規ユーザー登録]
[ADMIN] 04:59:33.756878 シナリオ走行を終了しました [シナリオ名: ログイン]
[ADMIN] 04:59:33.756893 シナリオ走行を開始しました [シナリオ名: ログイン]
[ADMIN] 04:59:33.798768 シナリオ走行を終了しました [シナリオ名: ログイン]
[ADMIN] 04:59:33.798794 シナリオ走行を開始しました [シナリオ名: ログイン]
[ADMIN] 04:59:33.801038 シナリオ走行を終了しました [シナリオ名: 新規ユーザー登録]
[ADMIN] 04:59:33.801063 シナリオ走行を開始しました [シナリオ名: 新規ユーザー登録]
[ADMIN] 04:59:33.865681 シナリオ走行を終了しました [シナリオ名: ログイン]
[ADMIN] 04:59:33.865699 シナリオ走行を開始しました [シナリオ名: ログイン]
[ADMIN] 04:59:33.887576 シナリオ走行を終了しました [シナリオ名: 新規ユーザー登録]
[ADMIN] 04:59:33.887602 シナリオ走行を開始しました [シナリオ名: 新規ユーザー登録]
[ADMIN] 04:59:33.936367 シナリオ走行を終了しました [シナリオ名: ログイン]
[ADMIN] 04:59:33.936382 シナリオ走行を開始しました [シナリオ名: ログイン]
[ADMIN] 04:59:33.964630 シナリオ走行を終了しました [シナリオ名: 新規ユーザー登録]
[ADMIN] 04:59:33.964659 シナリオ走行を開始しました [シナリオ名: 新規ユーザー登録]
[ADMIN] 04:59:33.971655 シナリオ走行を終了しました [シナリオ名: Banユーザログイン]
[ADMIN] 04:59:33.971675 シナリオ走行を開始しました [シナリオ名: Banユーザログイン]
[ADMIN] 04:59:33.975858 シナリオ走行を終了しました [シナリオ名: ログイン]
[ADMIN] 04:59:33.975871 シナリオ走行を開始しました [シナリオ名: ログイン]
[ADMIN] 04:59:34.013501 シナリオ走行を終了しました [シナリオ名: ログイン]
[ADMIN] 04:59:34.013516 シナリオ走行を開始しました [シナリオ名: ログイン]
[ADMIN] 04:59:34.038703 シナリオ走行を終了しました [シナリオ名: 新規ユーザー登録]
[ADMIN] 04:59:34.038749 シナリオ走行を開始しました [シナリオ名: 新規ユーザー登録]
[ADMIN] 04:59:34.080877 シナリオ走行を終了しました [シナリオ名: ログイン]
[ADMIN] 04:59:34.080893 シナリオ走行を開始しました [シナリオ名: ログイン]
[ADMIN] 04:59:34.111257 シナリオ走行を終了しました [シナリオ名: 新規ユーザー登録]
[ADMIN] 04:59:34.111288 シナリオ走行を開始しました [シナリオ名: 新規ユーザー登録]
[ADMIN] 04:59:34.118654 シナリオ走行を終了しました [シナリオ名: ログイン]
[ADMIN] 04:59:34.118668 シナリオ走行を開始しました [シナリオ名: ログイン]
[ADMIN] 04:59:34.175883 シナリオ走行を終了しました [シナリオ名: ログイン]
[ADMIN] 04:59:34.175896 シナリオ走行を開始しました [シナリオ名: ログイン]
[ADMIN] 04:59:34.186971 シナリオ走行を終了しました [シナリオ名: 新規ユーザー登録]
[ADMIN] 04:59:34.187008 シナリオ走行を開始しました [シナリオ名: 新規ユーザー登録]
[ADMIN] 04:59:34.228411 シナリオ走行を終了しました [シナリオ名: ログイン]
[ADMIN] 04:59:34.228430 シナリオ走行を開始しました [シナリオ名: ログイン]
[ADMIN] 04:59:34.256280 シナリオ走行を終了しました [シナリオ名: 新規ユーザー登録]
[ADMIN] 04:59:34.256310 シナリオ走行を開始しました [シナリオ名: 新規ユーザー登録]
[ADMIN] 04:59:34.290791 シナリオ走行を終了しました [シナリオ名: ログイン]
[ADMIN] 04:59:34.290807 シナリオ走行を開始しました [シナリオ名: ログイン]
[ADMIN] 04:59:34.326934 シナリオ走行を終了しました [シナリオ名: 新規ユーザー登録]
[ADMIN] 04:59:34.326962 シナリオ走行を開始しました [シナリオ名: 新規ユーザー登録]
[ADMIN] 04:59:34.353225 シナリオ走行を終了しました [シナリオ名: ログイン]
[ADMIN] 04:59:34.353240 シナリオ走行を開始しました [シナリオ名: ログイン]
[ADMIN] 04:59:34.396609 シナリオ走行を終了しました [シナリオ名: 新規ユーザー登録]
[ADMIN] 04:59:34.396646 シナリオ走行を開始しました [シナリオ名: 新規ユーザー登録]
[ADMIN] 04:59:34.413868 シナリオ走行を終了しました [シナリオ名: ログイン]
[ADMIN] 04:59:34.413882 シナリオ走行を開始しました [シナリオ名: ログイン]
[ADMIN] 04:59:34.466346 シナリオ走行を終了しました [シナリオ名: 新規ユーザー登録]
[ADMIN] 04:59:34.466403 シナリオ走行を開始しました [シナリオ名: 新規ユーザー登録]
[ADMIN] 04:59:34.468886 シナリオ走行を終了しました [シナリオ名: ログイン]
[ADMIN] 04:59:34.468900 シナリオ走行を開始しました [シナリオ名: ログイン]
[ADMIN] 04:59:34.474369 シナリオ走行を終了しました [シナリオ名: Banユーザログイン]
[ADMIN] 04:59:34.474391 シナリオ走行を開始しました [シナリオ名: Banユーザログイン]
[ADMIN] 04:59:34.512036 シナリオ走行を終了しました [シナリオ名: ログイン]
[ADMIN] 04:59:34.512053 シナリオ走行を開始しました [シナリオ名: ログイン]
[ADMIN] 04:59:34.537315 シナリオ走行を終了しました [シナリオ名: 新規ユーザー登録]
[ADMIN] 04:59:34.537344 シナリオ走行を開始しました [シナリオ名: 新規ユーザー登録]
[ADMIN] 04:59:34.569844 シナリオ走行を終了しました [シナリオ名: ログイン]
[ADMIN] 04:59:34.569859 シナリオ走行を開始しました [シナリオ名: ログイン]
[ADMIN] 04:59:34.613960 シナリオ走行を終了しました [シナリオ名: 新規ユーザー登録]
[ADMIN] 04:59:34.613994 シナリオ走行を開始しました [シナリオ名: 新規ユーザー登録]
[ADMIN] 04:59:34.627447 シナリオ走行を終了しました [シナリオ名: ログイン]
[ADMIN] 04:59:34.627461 シナリオ走行を開始しました [シナリオ名: ログイン]
[ADMIN] 04:59:34.673800 シナリオ走行を終了しました [シナリオ名: ログイン]
[ADMIN] 04:59:34.673817 シナリオ走行を開始しました [シナリオ名: ログイン]
[ADMIN] 04:59:34.695210 シナリオ走行を終了しました [シナリオ名: 新規ユーザー登録]
[ADMIN] 04:59:34.695236 シナリオ走行を開始しました [シナリオ名: 新規ユーザー登録]
[ADMIN] 04:59:34.717639 シナリオ走行を終了しました [シナリオ名: ログイン]
[ADMIN] 04:59:34.717657 シナリオ走行を開始しました [シナリオ名: ログイン]
[ADMIN] 04:59:34.776729 シナリオ走行を終了しました [シナリオ名: 新規ユーザー登録]
[ADMIN] 04:59:34.776761 シナリオ走行を開始しました [シナリオ名: 新規ユーザー登録]
[ADMIN] 04:59:34.788739 シナリオ走行を終了しました [シナリオ名: ログイン]
[ADMIN] 04:59:34.788757 シナリオ走行を開始しました [シナリオ名: ログイン]
[ADMIN] 04:59:34.861692 シナリオ走行を終了しました [シナリオ名: 新規ユーザー登録]
[ADMIN] 04:59:34.861716 シナリオ走行を開始しました [シナリオ名: 新規ユーザー登録]
[ADMIN] 04:59:34.863836 シナリオ走行を終了しました [シナリオ名: ログイン]
[ADMIN] 04:59:34.863847 シナリオ走行を開始しました [シナリオ名: ログイン]
[ADMIN] 04:59:34.925844 シナリオ走行を終了しました [シナリオ名: ログイン]
[ADMIN] 04:59:34.925860 シナリオ走行を開始しました [シナリオ名: ログイン]
[ADMIN] 04:59:34.940941 シナリオ走行を終了しました [シナリオ名: 新規ユーザー登録]
[ADMIN] 04:59:34.940965 シナリオ走行を開始しました [シナリオ名: 新規ユーザー登録]
[ADMIN] 04:59:34.977185 シナリオ走行を終了しました [シナリオ名: Banユーザログイン]
[ADMIN] 04:59:34.977213 シナリオ走行を開始しました [シナリオ名: Banユーザログイン]
[ADMIN] 04:59:34.984747 シナリオ走行を終了しました [シナリオ名: ログイン]
[ADMIN] 04:59:34.984763 シナリオ走行を開始しました [シナリオ名: ログイン]
[ADMIN] 04:59:35.019119 シナリオ走行を終了しました [シナリオ名: 新規ユーザー登録]
[ADMIN] 04:59:35.019147 シナリオ走行を開始しました [シナリオ名: 新規ユーザー登録]
[ADMIN] 04:59:35.048587 シナリオ走行を終了しました [シナリオ名: ログイン]
[ADMIN] 04:59:35.048599 シナリオ走行を開始しました [シナリオ名: ログイン]
[ADMIN] 04:59:35.086003 シナリオ走行を終了しました [シナリオ名: 新規ユーザー登録]
[ADMIN] 04:59:35.086034 シナリオ走行を開始しました [シナリオ名: 新規ユーザー登録]
[ADMIN] 04:59:35.108069 シナリオ走行を終了しました [シナリオ名: ログイン]
[ADMIN] 04:59:35.108086 シナリオ走行を開始しました [シナリオ名: ログイン]
[ADMIN] 04:59:35.156264 シナリオ走行を終了しました [シナリオ名: 新規ユーザー登録]
[ADMIN] 04:59:35.156296 シナリオ走行を開始しました [シナリオ名: 新規ユーザー登録]
[ADMIN] 04:59:35.162437 シナリオ走行を終了しました [シナリオ名: ログイン]
[ADMIN] 04:59:35.162451 シナリオ走行を開始しました [シナリオ名: ログイン]
[ADMIN] 04:59:35.199309 シナリオ走行を終了しました [シナリオ名: ログイン]
[ADMIN] 04:59:35.199325 シナリオ走行を開始しました [シナリオ名: ログイン]
[ADMIN] 04:59:35.225304 シナリオ走行を終了しました [シナリオ名: 新規ユーザー登録]
[ADMIN] 04:59:35.225330 シナリオ走行を開始しました [シナリオ名: 新規ユーザー登録]
[ADMIN] 04:59:35.250965 シナリオ走行を終了しました [シナリオ名: ログイン]
[ADMIN] 04:59:35.250981 シナリオ走行を開始しました [シナリオ名: ログイン]
[ADMIN] 04:59:35.291917 シナリオ走行を終了しました [シナリオ名: ログイン]
[ADMIN] 04:59:35.291933 シナリオ走行を開始しました [シナリオ名: ログイン]
[ADMIN] 04:59:35.295305 シナリオ走行を終了しました [シナリオ名: 新規ユーザー登録]
[ADMIN] 04:59:35.295327 シナリオ走行を開始しました [シナリオ名: 新規ユーザー登録]
[ADMIN] 04:59:35.329746 シナリオ走行を終了しました [シナリオ名: ログイン]
[ADMIN] 04:59:35.329762 シナリオ走行を開始しました [シナリオ名: ログイン]
[ADMIN] 04:59:35.362955 シナリオ走行を終了しました [シナリオ名: 新規ユーザー登録]
[ADMIN] 04:59:35.362987 シナリオ走行を開始しました [シナリオ名: 新規ユーザー登録]
[ADMIN] 04:59:35.387797 シナリオ走行を終了しました [シナリオ名: ログイン]
[ADMIN] 04:59:35.387813 シナリオ走行を開始しました [シナリオ名: ログイン]
[ADMIN] 04:59:35.424493 シナリオ走行を終了しました [シナリオ名: ログイン]
[ADMIN] 04:59:35.424508 シナリオ走行を開始しました [シナリオ名: ログイン]
[ADMIN] 04:59:35.434491 シナリオ走行を終了しました [シナリオ名: 新規ユーザー登録]
[ADMIN] 04:59:35.434517 シナリオ走行を開始しました [シナリオ名: 新規ユーザー登録]
[ADMIN] 04:59:35.461688 シナリオ走行を終了しました [シナリオ名: ログイン]
[ADMIN] 04:59:35.461706 シナリオ走行を開始しました [シナリオ名: ログイン]
[ADMIN] 04:59:35.479958 シナリオ走行を終了しました [シナリオ名: Banユーザログイン]
[ADMIN] 04:59:35.479980 シナリオ走行を開始しました [シナリオ名: Banユーザログイン]
[ADMIN] 04:59:35.505146 シナリオ走行を終了しました [シナリオ名: 新規ユーザー登録]
[ADMIN] 04:59:35.505179 シナリオ走行を開始しました [シナリオ名: 新規ユーザー登録]
[ADMIN] 04:59:35.523407 シナリオ走行を終了しました [シナリオ名: ログイン]
[ADMIN] 04:59:35.523422 シナリオ走行を開始しました [シナリオ名: ログイン]
[ADMIN] 04:59:35.576882 シナリオ走行を終了しました [シナリオ名: 新規ユーザー登録]
[ADMIN] 04:59:35.576910 シナリオ走行を開始しました [シナリオ名: 新規ユーザー登録]
[ADMIN] 04:59:35.582369 シナリオ走行を終了しました [シナリオ名: ログイン]
[ADMIN] 04:59:35.582382 シナリオ走行を開始しました [シナリオ名: ログイン]
[ADMIN] 04:59:35.641444 シナリオ走行を終了しました [シナリオ名: ログイン]
[ADMIN] 04:59:35.641461 シナリオ走行を開始しました [シナリオ名: ログイン]
[ADMIN] 04:59:35.657977 シナリオ走行を終了しました [シナリオ名: 新規ユーザー登録]
[ADMIN] 04:59:35.658000 シナリオ走行を開始しました [シナリオ名: 新規ユーザー登録]
[ADMIN] 04:59:35.712879 シナリオ走行を終了しました [シナリオ名: ログイン]
[ADMIN] 04:59:35.712896 シナリオ走行を開始しました [シナリオ名: ログイン]
[ADMIN] 04:59:35.742151 シナリオ走行を終了しました [シナリオ名: 新規ユーザー登録]
[ADMIN] 04:59:35.742183 シナリオ走行を開始しました [シナリオ名: 新規ユーザー登録]
[ADMIN] 04:59:35.785696 シナリオ走行を終了しました [シナリオ名: ログイン]
[ADMIN] 04:59:35.785710 シナリオ走行を開始しました [シナリオ名: ログイン]
[ADMIN] 04:59:35.825833 シナリオ走行を終了しました [シナリオ名: 新規ユーザー登録]
[ADMIN] 04:59:35.825864 シナリオ走行を開始しました [シナリオ名: 新規ユーザー登録]
[ADMIN] 04:59:35.844478 シナリオ走行を終了しました [シナリオ名: ログイン]
[ADMIN] 04:59:35.844494 シナリオ走行を開始しました [シナリオ名: ログイン]
[ADMIN] 04:59:35.908828 シナリオ走行を終了しました [シナリオ名: 新規ユーザー登録]
[ADMIN] 04:59:35.908862 シナリオ走行を開始しました [シナリオ名: 新規ユーザー登録]
[ADMIN] 04:59:35.919082 シナリオ走行を終了しました [シナリオ名: ログイン]
[ADMIN] 04:59:35.919098 シナリオ走行を開始しました [シナリオ名: ログイン]
[ADMIN] 04:59:35.980248 シナリオ走行を終了しました [シナリオ名: ログイン]
[ADMIN] 04:59:35.980261 シナリオ走行を開始しました [シナリオ名: ログイン]
[ADMIN] 04:59:35.980680 シナリオ走行を終了しました [シナリオ名: 新規ユーザー登録]
[ADMIN] 04:59:35.980703 シナリオ走行を開始しました [シナリオ名: 新規ユーザー登録]
[ADMIN] 04:59:35.983105 シナリオ走行を終了しました [シナリオ名: Banユーザログイン]
[ADMIN] 04:59:35.983121 シナリオ走行を開始しました [シナリオ名: Banユーザログイン]
[ADMIN] 04:59:36.032625 シナリオ走行を終了しました [シナリオ名: ログイン]
[ADMIN] 04:59:36.032641 シナリオ走行を開始しました [シナリオ名: ログイン]
[ADMIN] 04:59:36.052386 シナリオ走行を終了しました [シナリオ名: 新規ユーザー登録]
[ADMIN] 04:59:36.052418 シナリオ走行を開始しました [シナリオ名: 新規ユーザー登録]
[ADMIN] 04:59:36.069334 シナリオ走行を終了しました [シナリオ名: ログイン]
[ADMIN] 04:59:36.069350 シナリオ走行を開始しました [シナリオ名: ログイン]
[ADMIN] 04:59:36.122829 シナリオ走行を終了しました [シナリオ名: 新規ユーザー登録]
[ADMIN] 04:59:36.122857 シナリオ走行を開始しました [シナリオ名: 新規ユーザー登録]
[ADMIN] 04:59:36.148351 シナリオ走行を終了しました [シナリオ名: ログイン]
[ADMIN] 04:59:36.148368 シナリオ走行を開始しました [シナリオ名: ログイン]
[ADMIN] 04:59:36.185072 シナリオ走行を終了しました [シナリオ名: ログイン]
[ADMIN] 04:59:36.185092 シナリオ走行を開始しました [シナリオ名: ログイン]
[ADMIN] 04:59:36.196488 シナリオ走行を終了しました [シナリオ名: 新規ユーザー登録]
[ADMIN] 04:59:36.196513 シナリオ走行を開始しました [シナリオ名: 新規ユーザー登録]
[ADMIN] 04:59:36.250646 シナリオ走行を終了しました [シナリオ名: ログイン]
[ADMIN] 04:59:36.250662 シナリオ走行を開始しました [シナリオ名: ログイン]
[ADMIN] 04:59:36.268725 シナリオ走行を終了しました [シナリオ名: 新規ユーザー登録]
[ADMIN] 04:59:36.268756 シナリオ走行を開始しました [シナリオ名: 新規ユーザー登録]
[ADMIN] 04:59:36.290380 シナリオ走行を終了しました [シナリオ名: ログイン]
[ADMIN] 04:59:36.290399 シナリオ走行を開始しました [シナリオ名: ログイン]
[ADMIN] 04:59:36.328149 シナリオ走行を終了しました [シナリオ名: ログイン]
[ADMIN] 04:59:36.328166 シナリオ走行を開始しました [シナリオ名: ログイン]
[ADMIN] 04:59:36.341754 シナリオ走行を終了しました [シナリオ名: 新規ユーザー登録]
[ADMIN] 04:59:36.341780 シナリオ走行を開始しました [シナリオ名: 新規ユーザー登録]
[ADMIN] 04:59:36.380502 シナリオ走行を終了しました [シナリオ名: ログイン]
[ADMIN] 04:59:36.380515 シナリオ走行を開始しました [シナリオ名: ログイン]
[ADMIN] 04:59:36.410725 シナリオ走行を終了しました [シナリオ名: 新規ユーザー登録]
[ADMIN] 04:59:36.410748 シナリオ走行を開始しました [シナリオ名: 新規ユーザー登録]
04:59:36.413896 現在のログイン成功数: [total: 179 (+179人)]
04:59:36.413906 現在のユーザー登録成功数: [total: 134 (+134人)]
[ADMIN] 04:59:36.420709 シナリオ走行を終了しました [シナリオ名: ログイン]
[ADMIN] 04:59:36.420728 シナリオ走行を開始しました [シナリオ名: ログイン]
[ADMIN] 04:59:36.474079 シナリオ走行を終了しました [シナリオ名: ログイン]
[ADMIN] 04:59:36.474108 シナリオ走行を開始しました [シナリオ名: ログイン]
[ADMIN] 04:59:36.474146 シナリオ走行を開始しました [シナリオ名: ログイン]
[ADMIN] 04:59:36.474169 シナリオ走行を開始しました [シナリオ名: ログイン]
[ADMIN] 04:59:36.474179 シナリオ走行を開始しました [シナリオ名: ログイン]
[ADMIN] 04:59:36.474285 シナリオ走行を開始しました [シナリオ名: ログイン]
[ADMIN] 04:59:36.474286 シナリオ走行を開始しました [シナリオ名: ログイン]
[ADMIN] 04:59:36.474170 シナリオ走行を開始しました [シナリオ名: ログイン]
[ADMIN] 04:59:36.474173 シナリオ走行を開始しました [シナリオ名: ログイン]
[ADMIN] 04:59:36.474384 シナリオ走行を開始しました [シナリオ名: ログイン]
[ADMIN] 04:59:36.474176 シナリオ走行を開始しました [シナリオ名: ログイン]
[ADMIN] 04:59:36.487969 シナリオ走行を終了しました [シナリオ名: Banユーザログイン]
[ADMIN] 04:59:36.487995 シナリオ走行を開始しました [シナリオ名: Banユーザログイン]
[ADMIN] 04:59:36.514644 シナリオ走行を終了しました [シナリオ名: 新規ユーザー登録]
[ADMIN] 04:59:36.514669 シナリオ走行を開始しました [シナリオ名: 新規ユーザー登録]
[ADMIN] 04:59:36.616196 シナリオ走行を終了しました [シナリオ名: ログイン]
[ADMIN] 04:59:36.616210 シナリオ走行を開始しました [シナリオ名: ログイン]
[ADMIN] 04:59:36.651395 シナリオ走行を終了しました [シナリオ名: ログイン]
[ADMIN] 04:59:36.651412 シナリオ走行を開始しました [シナリオ名: ログイン]
[ADMIN] 04:59:36.772863 シナリオ走行を終了しました [シナリオ名: ログイン]
[ADMIN] 04:59:36.772877 シナリオ走行を開始しました [シナリオ名: ログイン]
[ADMIN] 04:59:36.815578 シナリオ走行を終了しました [シナリオ名: ログイン]
[ADMIN] 04:59:36.815592 シナリオ走行を開始しました [シナリオ名: ログイン]
[ADMIN] 04:59:36.824418 シナリオ走行を終了しました [シナリオ名: 新規ユーザー登録]
[ADMIN] 04:59:36.824455 シナリオ走行を開始しました [シナリオ名: 新規ユーザー登録]
[ADMIN] 04:59:36.824510 シナリオ走行を開始しました [シナリオ名: 新規ユーザー登録]
[ADMIN] 04:59:36.824511 シナリオ走行を開始しました [シナリオ名: 新規ユーザー登録]
[ADMIN] 04:59:36.824519 シナリオ走行を開始しました [シナリオ名: 新規ユーザー登録]
[ADMIN] 04:59:36.824530 シナリオ走行を開始しました [シナリオ名: 新規ユーザー登録]
[ADMIN] 04:59:36.862241 シナリオ走行を終了しました [シナリオ名: ログイン]
[ADMIN] 04:59:36.862257 シナリオ走行を開始しました [シナリオ名: ログイン]
[ADMIN] 04:59:36.891634 シナリオ走行を終了しました [シナリオ名: ログイン]
[ADMIN] 04:59:36.891651 シナリオ走行を開始しました [シナリオ名: ログイン]
[ADMIN] 04:59:36.915926 シナリオ走行を終了しました [シナリオ名: ログイン]
[ADMIN] 04:59:36.915943 シナリオ走行を開始しました [シナリオ名: ログイン]
[ADMIN] 04:59:36.949987 シナリオ走行を終了しました [シナリオ名: ログイン]
[ADMIN] 04:59:36.950006 シナリオ走行を開始しました [シナリオ名: ログイン]
[ADMIN] 04:59:36.958195 シナリオ走行を終了しました [シナリオ名: ログイン]
[ADMIN] 04:59:36.958212 シナリオ走行を開始しました [シナリオ名: ログイン]
[ADMIN] 04:59:36.964854 シナリオ走行を終了しました [シナリオ名: ログイン]
[ADMIN] 04:59:36.964868 シナリオ走行を開始しました [シナリオ名: ログイン]
[ADMIN] 04:59:36.979912 シナリオ走行を終了しました [シナリオ名: ログイン]
[ADMIN] 04:59:36.979929 シナリオ走行を開始しました [シナリオ名: ログイン]
[ADMIN] 04:59:37.020899 シナリオ走行を終了しました [シナリオ名: ログイン]
[ADMIN] 04:59:37.020916 シナリオ走行を開始しました [シナリオ名: ログイン]
[ADMIN] 04:59:37.028393 シナリオ走行を終了しました [シナリオ名: Banユーザログイン]
[ADMIN] 04:59:37.028412 シナリオ走行を開始しました [シナリオ名: Banユーザログイン]
[ADMIN] 04:59:37.049590 シナリオ走行を終了しました [シナリオ名: ログイン]
[ADMIN] 04:59:37.049607 シナリオ走行を開始しました [シナリオ名: ログイン]
[ADMIN] 04:59:37.129033 シナリオ走行を終了しました [シナリオ名: ログイン]
[ADMIN] 04:59:37.129052 シナリオ走行を開始しました [シナリオ名: ログイン]
[ADMIN] 04:59:37.140545 シナリオ走行を終了しました [シナリオ名: ログイン]
[ADMIN] 04:59:37.140560 シナリオ走行を開始しました [シナリオ名: ログイン]
[ADMIN] 04:59:37.285517 シナリオ走行を終了しました [シナリオ名: ログイン]
[ADMIN] 04:59:37.285546 シナリオ走行を開始しました [シナリオ名: ログイン]
[ADMIN] 04:59:37.292215 シナリオ走行を終了しました [シナリオ名: ログイン]
[ADMIN] 04:59:37.292241 シナリオ走行を開始しました [シナリオ名: ログイン]
[ADMIN] 04:59:37.337456 シナリオ走行を終了しました [シナリオ名: ログイン]
[ADMIN] 04:59:37.337473 シナリオ走行を開始しました [シナリオ名: ログイン]
[ADMIN] 04:59:37.356302 シナリオ走行を終了しました [シナリオ名: 新規ユーザー登録]
[ADMIN] 04:59:37.356335 シナリオ走行を開始しました [シナリオ名: 新規ユーザー登録]
[ADMIN] 04:59:37.385909 シナリオ走行を終了しました [シナリオ名: 新規ユーザー登録]
[ADMIN] 04:59:37.385942 シナリオ走行を開始しました [シナリオ名: 新規ユーザー登録]
[ADMIN] 04:59:37.389797 シナリオ走行を終了しました [シナリオ名: 新規ユーザー登録]
[ADMIN] 04:59:37.389820 シナリオ走行を開始しました [シナリオ名: 新規ユーザー登録]
[ADMIN] 04:59:37.396675 シナリオ走行を終了しました [シナリオ名: ログイン]
[ADMIN] 04:59:37.396688 シナリオ走行を開始しました [シナリオ名: ログイン]
[ADMIN] 04:59:37.403822 シナリオ走行を終了しました [シナリオ名: ログイン]
[ADMIN] 04:59:37.403837 シナリオ走行を開始しました [シナリオ名: ログイン]
[ADMIN] 04:59:37.410328 シナリオ走行を終了しました [シナリオ名: 新規ユーザー登録]
[ADMIN] 04:59:37.410354 シナリオ走行を開始しました [シナリオ名: 新規ユーザー登録]
[ADMIN] 04:59:37.410749 シナリオ走行を終了しました [シナリオ名: 新規ユーザー登録]
[ADMIN] 04:59:37.410773 シナリオ走行を開始しました [シナリオ名: 新規ユーザー登録]
[ADMIN] 04:59:37.437149 シナリオ走行を終了しました [シナリオ名: ログイン]
[ADMIN] 04:59:37.437165 シナリオ走行を開始しました [シナリオ名: ログイン]
[ADMIN] 04:59:37.462800 シナリオ走行を終了しました [シナリオ名: ログイン]
[ADMIN] 04:59:37.462818 シナリオ走行を開始しました [シナリオ名: ログイン]
[ADMIN] 04:59:37.463561 シナリオ走行を終了しました [シナリオ名: ログイン]
[ADMIN] 04:59:37.463571 シナリオ走行を開始しました [シナリオ名: ログイン]
[ADMIN] 04:59:37.510389 シナリオ走行を終了しました [シナリオ名: ログイン]
[ADMIN] 04:59:37.510407 シナリオ走行を開始しました [シナリオ名: ログイン]
[ADMIN] 04:59:37.533184 シナリオ走行を終了しました [シナリオ名: Banユーザログイン]
[ADMIN] 04:59:37.533221 シナリオ走行を開始しました [シナリオ名: Banユーザログイン]
[ADMIN] 04:59:37.533231 シナリオ走行を開始しました [シナリオ名: Banユーザログイン]
[ADMIN] 04:59:37.540997 シナリオ走行を終了しました [シナリオ名: ログイン]
[ADMIN] 04:59:37.541011 シナリオ走行を開始しました [シナリオ名: ログイン]
[ADMIN] 04:59:37.617509 シナリオ走行を終了しました [シナリオ名: ログイン]
[ADMIN] 04:59:37.617528 シナリオ走行を開始しました [シナリオ名: ログイン]
[ADMIN] 04:59:37.619322 シナリオ走行を終了しました [シナリオ名: ログイン]
[ADMIN] 04:59:37.619334 シナリオ走行を開始しました [シナリオ名: ログイン]
[ADMIN] 04:59:37.678879 シナリオ走行を終了しました [シナリオ名: ログイン]
[ADMIN] 04:59:37.678894 シナリオ走行を開始しました [シナリオ名: ログイン]
[ADMIN] 04:59:37.780414 シナリオ走行を終了しました [シナリオ名: ログイン]
[ADMIN] 04:59:37.780428 シナリオ走行を開始しました [シナリオ名: ログイン]
[ADMIN] 04:59:37.799750 シナリオ走行を終了しました [シナリオ名: ログイン]
[ADMIN] 04:59:37.799768 シナリオ走行を開始しました [シナリオ名: ログイン]
[ADMIN] 04:59:37.811204 シナリオ走行を終了しました [シナリオ名: 新規ユーザー登録]
[ADMIN] 04:59:37.811233 シナリオ走行を開始しました [シナリオ名: 新規ユーザー登録]
[ADMIN] 04:59:37.832579 シナリオ走行を終了しました [シナリオ名: ログイン]
[ADMIN] 04:59:37.832594 シナリオ走行を開始しました [シナリオ名: ログイン]
[ADMIN] 04:59:37.840526 シナリオ走行を終了しました [シナリオ名: ログイン]
[ADMIN] 04:59:37.840542 シナリオ走行を開始しました [シナリオ名: ログイン]
[ADMIN] 04:59:37.909461 シナリオ走行を終了しました [シナリオ名: ログイン]
[ADMIN] 04:59:37.909478 シナリオ走行を開始しました [シナリオ名: ログイン]
[ADMIN] 04:59:37.941125 シナリオ走行を終了しました [シナリオ名: ログイン]
[ADMIN] 04:59:37.941144 シナリオ走行を開始しました [シナリオ名: ログイン]
[ADMIN] 04:59:37.953485 シナリオ走行を終了しました [シナリオ名: ログイン]
[ADMIN] 04:59:37.953501 シナリオ走行を開始しました [シナリオ名: ログイン]
[ADMIN] 04:59:37.968972 シナリオ走行を終了しました [シナリオ名: ログイン]
[ADMIN] 04:59:37.968987 シナリオ走行を開始しました [シナリオ名: ログイン]
[ADMIN] 04:59:37.983463 シナリオ走行を終了しました [シナリオ名: ログイン]
[ADMIN] 04:59:37.983480 シナリオ走行を開始しました [シナリオ名: ログイン]
[ADMIN] 04:59:38.005000 シナリオ走行を終了しました [シナリオ名: 新規ユーザー登録]
[ADMIN] 04:59:38.005028 シナリオ走行を開始しました [シナリオ名: 新規ユーザー登録]
[ADMIN] 04:59:38.024997 シナリオ走行を終了しました [シナリオ名: 新規ユーザー登録]
[ADMIN] 04:59:38.025029 シナリオ走行を開始しました [シナリオ名: 新規ユーザー登録]
[ADMIN] 04:59:38.036316 シナリオ走行を終了しました [シナリオ名: Banユーザログイン]
[ADMIN] 04:59:38.036337 シナリオ走行を開始しました [シナリオ名: Banユーザログイン]
[ADMIN] 04:59:38.036340 シナリオ走行を終了しました [シナリオ名: Banユーザログイン]
[ADMIN] 04:59:38.036358 シナリオ走行を開始しました [シナリオ名: Banユーザログイン]
[ADMIN] 04:59:38.074966 シナリオ走行を終了しました [シナリオ名: ログイン]
[ADMIN] 04:59:38.074983 シナリオ走行を開始しました [シナリオ名: ログイン]
[ADMIN] 04:59:38.078783 シナリオ走行を終了しました [シナリオ名: ログイン]
[ADMIN] 04:59:38.078799 シナリオ走行を開始しました [シナリオ名: ログイン]
[ADMIN] 04:59:38.085931 シナリオ走行を終了しました [シナリオ名: 新規ユーザー登録]
[ADMIN] 04:59:38.085955 シナリオ走行を開始しました [シナリオ名: 新規ユーザー登録]
[ADMIN] 04:59:38.140689 シナリオ走行を終了しました [シナリオ名: 新規ユーザー登録]
[ADMIN] 04:59:38.140722 シナリオ走行を開始しました [シナリオ名: 新規ユーザー登録]
[ADMIN] 04:59:38.210440 シナリオ走行を終了しました [シナリオ名: ログイン]
[ADMIN] 04:59:38.210460 シナリオ走行を開始しました [シナリオ名: ログイン]
[ADMIN] 04:59:38.213513 シナリオ走行を終了しました [シナリオ名: ログイン]
[ADMIN] 04:59:38.213528 シナリオ走行を開始しました [シナリオ名: ログイン]
[ADMIN] 04:59:38.220630 シナリオ走行を終了しました [シナリオ名: 新規ユーザー登録]
[ADMIN] 04:59:38.220660 シナリオ走行を開始しました [シナリオ名: 新規ユーザー登録]
[ADMIN] 04:59:38.244820 シナリオ走行を終了しました [シナリオ名: ログイン]
[ADMIN] 04:59:38.244837 シナリオ走行を開始しました [シナリオ名: ログイン]
[ADMIN] 04:59:38.261966 シナリオ走行を終了しました [シナリオ名: ログイン]
[ADMIN] 04:59:38.261981 シナリオ走行を開始しました [シナリオ名: ログイン]
[ADMIN] 04:59:38.299717 シナリオ走行を終了しました [シナリオ名: ログイン]
[ADMIN] 04:59:38.299731 シナリオ走行を開始しました [シナリオ名: ログイン]
[ADMIN] 04:59:38.321611 シナリオ走行を終了しました [シナリオ名: ログイン]
[ADMIN] 04:59:38.321624 シナリオ走行を開始しました [シナリオ名: ログイン]
[ADMIN] 04:59:38.349781 シナリオ走行を終了しました [シナリオ名: ログイン]
[ADMIN] 04:59:38.349795 シナリオ走行を開始しました [シナリオ名: ログイン]
[ADMIN] 04:59:38.441261 シナリオ走行を終了しました [シナリオ名: ログイン]
[ADMIN] 04:59:38.441277 シナリオ走行を開始しました [シナリオ名: ログイン]
[ADMIN] 04:59:38.445127 シナリオ走行を終了しました [シナリオ名: 新規ユーザー登録]
[ADMIN] 04:59:38.445156 シナリオ走行を開始しました [シナリオ名: 新規ユーザー登録]
[ADMIN] 04:59:38.470762 シナリオ走行を終了しました [シナリオ名: 新規ユーザー登録]
[ADMIN] 04:59:38.470796 シナリオ走行を開始しました [シナリオ名: 新規ユーザー登録]
[ADMIN] 04:59:38.480168 シナリオ走行を終了しました [シナリオ名: ログイン]
[ADMIN] 04:59:38.480185 シナリオ走行を開始しました [シナリオ名: ログイン]
[ADMIN] 04:59:38.503670 シナリオ走行を終了しました [シナリオ名: ログイン]
[ADMIN] 04:59:38.503685 シナリオ走行を開始しました [シナリオ名: ログイン]
[ADMIN] 04:59:38.540179 シナリオ走行を終了しました [シナリオ名: Banユーザログイン]
[ADMIN] 04:59:38.540190 シナリオ走行を終了しました [シナリオ名: Banユーザログイン]
[ADMIN] 04:59:38.540211 シナリオ走行を開始しました [シナリオ名: Banユーザログイン]
[ADMIN] 04:59:38.540230 シナリオ走行を開始しました [シナリオ名: Banユーザログイン]
[ADMIN] 04:59:38.549942 シナリオ走行を終了しました [シナリオ名: ログイン]
[ADMIN] 04:59:38.549955 シナリオ走行を開始しました [シナリオ名: ログイン]
[ADMIN] 04:59:38.565325 シナリオ走行を終了しました [シナリオ名: ログイン]
[ADMIN] 04:59:38.565340 シナリオ走行を開始しました [シナリオ名: ログイン]
[ADMIN] 04:59:38.588495 シナリオ走行を終了しました [シナリオ名: ログイン]
[ADMIN] 04:59:38.588509 シナリオ走行を開始しました [シナリオ名: ログイン]
[ADMIN] 04:59:38.616512 シナリオ走行を終了しました [シナリオ名: 新規ユーザー登録]
[ADMIN] 04:59:38.616542 シナリオ走行を開始しました [シナリオ名: 新規ユーザー登録]
[ADMIN] 04:59:38.648566 シナリオ走行を終了しました [シナリオ名: 新規ユーザー登録]
[ADMIN] 04:59:38.648595 シナリオ走行を開始しました [シナリオ名: 新規ユーザー登録]
[ADMIN] 04:59:38.675158 シナリオ走行を終了しました [シナリオ名: ログイン]
[ADMIN] 04:59:38.675175 シナリオ走行を開始しました [シナリオ名: ログイン]
[ADMIN] 04:59:38.676280 シナリオ走行を終了しました [シナリオ名: ログイン]
[ADMIN] 04:59:38.676292 シナリオ走行を開始しました [シナリオ名: ログイン]
[ADMIN] 04:59:38.721421 シナリオ走行を終了しました [シナリオ名: ログイン]
[ADMIN] 04:59:38.721440 シナリオ走行を開始しました [シナリオ名: ログイン]
[ADMIN] 04:59:38.779450 シナリオ走行を終了しました [シナリオ名: ログイン]
[ADMIN] 04:59:38.779467 シナリオ走行を開始しました [シナリオ名: ログイン]
[ADMIN] 04:59:38.819032 シナリオ走行を終了しました [シナリオ名: 新規ユーザー登録]
[ADMIN] 04:59:38.819059 シナリオ走行を開始しました [シナリオ名: 新規ユーザー登録]
[ADMIN] 04:59:38.825655 シナリオ走行を終了しました [シナリオ名: ログイン]
[ADMIN] 04:59:38.825669 シナリオ走行を開始しました [シナリオ名: ログイン]
[ADMIN] 04:59:38.844523 シナリオ走行を終了しました [シナリオ名: ログイン]
[ADMIN] 04:59:38.844541 シナリオ走行を開始しました [シナリオ名: ログイン]
[ADMIN] 04:59:38.866809 シナリオ走行を終了しました [シナリオ名: ログイン]
[ADMIN] 04:59:38.866824 シナリオ走行を開始しました [シナリオ名: ログイン]
[ADMIN] 04:59:38.930190 シナリオ走行を終了しました [シナリオ名: ログイン]
[ADMIN] 04:59:38.930205 シナリオ走行を開始しました [シナリオ名: ログイン]
[ADMIN] 04:59:38.938450 シナリオ走行を終了しました [シナリオ名: ログイン]
[ADMIN] 04:59:38.938464 シナリオ走行を開始しました [シナリオ名: ログイン]
[ADMIN] 04:59:38.959876 シナリオ走行を終了しました [シナリオ名: ログイン]
[ADMIN] 04:59:38.959892 シナリオ走行を開始しました [シナリオ名: ログイン]
[ADMIN] 04:59:38.984877 シナリオ走行を終了しました [シナリオ名: 新規ユーザー登録]
[ADMIN] 04:59:38.984903 シナリオ走行を開始しました [シナリオ名: 新規ユーザー登録]
[ADMIN] 04:59:39.000360 シナリオ走行を終了しました [シナリオ名: ログイン]
[ADMIN] 04:59:39.000376 シナリオ走行を開始しました [シナリオ名: ログイン]
[ADMIN] 04:59:39.010499 シナリオ走行を終了しました [シナリオ名: 新規ユーザー登録]
[ADMIN] 04:59:39.010530 シナリオ走行を開始しました [シナリオ名: 新規ユーザー登録]
[ADMIN] 04:59:39.014002 シナリオ走行を終了しました [シナリオ名: ログイン]
[ADMIN] 04:59:39.014017 シナリオ走行を開始しました [シナリオ名: ログイン]
[ADMIN] 04:59:39.034759 シナリオ走行を終了しました [シナリオ名: ログイン]
[ADMIN] 04:59:39.034774 シナリオ走行を開始しました [シナリオ名: ログイン]
[ADMIN] 04:59:39.043658 シナリオ走行を終了しました [シナリオ名: Banユーザログイン]
[ADMIN] 04:59:39.043677 シナリオ走行を終了しました [シナリオ名: Banユーザログイン]
[ADMIN] 04:59:39.043696 シナリオ走行を開始しました [シナリオ名: Banユーザログイン]
[ADMIN] 04:59:39.043679 シナリオ走行を開始しました [シナリオ名: Banユーザログイン]
[ADMIN] 04:59:39.091869 シナリオ走行を終了しました [シナリオ名: ログイン]
[ADMIN] 04:59:39.091888 シナリオ走行を開始しました [シナリオ名: ログイン]
[ADMIN] 04:59:39.141284 シナリオ走行を終了しました [シナリオ名: 新規ユーザー登録]
[ADMIN] 04:59:39.141310 シナリオ走行を開始しました [シナリオ名: 新規ユーザー登録]
[ADMIN] 04:59:39.159838 シナリオ走行を終了しました [シナリオ名: ログイン]
[ADMIN] 04:59:39.159853 シナリオ走行を開始しました [シナリオ名: ログイン]
[ADMIN] 04:59:39.182562 シナリオ走行を終了しました [シナリオ名: 新規ユーザー登録]
[ADMIN] 04:59:39.182591 シナリオ走行を開始しました [シナリオ名: 新規ユーザー登録]
[ADMIN] 04:59:39.212572 シナリオ走行を終了しました [シナリオ名: ログイン]
[ADMIN] 04:59:39.212587 シナリオ走行を開始しました [シナリオ名: ログイン]
[ADMIN] 04:59:39.231396 シナリオ走行を終了しました [シナリオ名: ログイン]
[ADMIN] 04:59:39.231410 シナリオ走行を開始しました [シナリオ名: ログイン]
[ADMIN] 04:59:39.263588 シナリオ走行を終了しました [シナリオ名: 新規ユーザー登録]
[ADMIN] 04:59:39.263619 シナリオ走行を開始しました [シナリオ名: 新規ユーザー登録]
[ADMIN] 04:59:39.317385 シナリオ走行を終了しました [シナリオ名: ログイン]
[ADMIN] 04:59:39.317400 シナリオ走行を開始しました [シナリオ名: ログイン]
[ADMIN] 04:59:39.341218 シナリオ走行を終了しました [シナリオ名: ログイン]
[ADMIN] 04:59:39.341237 シナリオ走行を開始しました [シナリオ名: ログイン]
[ADMIN] 04:59:39.353866 シナリオ走行を終了しました [シナリオ名: ログイン]
[ADMIN] 04:59:39.353882 シナリオ走行を開始しました [シナリオ名: ログイン]
[ADMIN] 04:59:39.374050 シナリオ走行を終了しました [シナリオ名: ログイン]
[ADMIN] 04:59:39.374065 シナリオ走行を開始しました [シナリオ名: ログイン]
[ADMIN] 04:59:39.387340 シナリオ走行を終了しました [シナリオ名: ログイン]
[ADMIN] 04:59:39.387354 シナリオ走行を開始しました [シナリオ名: ログイン]
[ADMIN] 04:59:39.444361 シナリオ走行を終了しました [シナリオ名: 新規ユーザー登録]
[ADMIN] 04:59:39.444392 シナリオ走行を開始しました [シナリオ名: 新規ユーザー登録]
[ADMIN] 04:59:39.466802 シナリオ走行を終了しました [シナリオ名: ログイン]
[ADMIN] 04:59:39.466820 シナリオ走行を開始しました [シナリオ名: ログイン]
[ADMIN] 04:59:39.495024 シナリオ走行を終了しました [シナリオ名: ログイン]
[ADMIN] 04:59:39.495039 シナリオ走行を開始しました [シナリオ名: ログイン]
[ADMIN] 04:59:39.502609 シナリオ走行を終了しました [シナリオ名: ログイン]
[ADMIN] 04:59:39.502641 シナリオ走行を開始しました [シナリオ名: ログイン]
[ADMIN] 04:59:39.547166 シナリオ走行を終了しました [シナリオ名: Banユーザログイン]
[ADMIN] 04:59:39.547183 シナリオ走行を終了しました [シナリオ名: Banユーザログイン]
[ADMIN] 04:59:39.547188 シナリオ走行を開始しました [シナリオ名: Banユーザログイン]
[ADMIN] 04:59:39.547201 シナリオ走行を開始しました [シナリオ名: Banユーザログイン]
[ADMIN] 04:59:39.563354 シナリオ走行を終了しました [シナリオ名: 新規ユーザー登録]
[ADMIN] 04:59:39.563379 シナリオ走行を開始しました [シナリオ名: 新規ユーザー登録]
[ADMIN] 04:59:39.578685 シナリオ走行を終了しました [シナリオ名: ログイン]
[ADMIN] 04:59:39.578700 シナリオ走行を開始しました [シナリオ名: ログイン]
[ADMIN] 04:59:39.630882 シナリオ走行を終了しました [シナリオ名: 新規ユーザー登録]
[ADMIN] 04:59:39.630912 シナリオ走行を開始しました [シナリオ名: 新規ユーザー登録]
[ADMIN] 04:59:39.638165 シナリオ走行を終了しました [シナリオ名: ログイン]
[ADMIN] 04:59:39.638177 シナリオ走行を開始しました [シナリオ名: ログイン]
[ADMIN] 04:59:39.709888 シナリオ走行を終了しました [シナリオ名: ログイン]
[ADMIN] 04:59:39.709902 シナリオ走行を開始しました [シナリオ名: ログイン]
[ADMIN] 04:59:39.726280 シナリオ走行を終了しました [シナリオ名: ログイン]
[ADMIN] 04:59:39.726294 シナリオ走行を開始しました [シナリオ名: ログイン]
[ADMIN] 04:59:39.790920 シナリオ走行を終了しました [シナリオ名: 新規ユーザー登録]
[ADMIN] 04:59:39.790944 シナリオ走行を開始しました [シナリオ名: 新規ユーザー登録]
[ADMIN] 04:59:39.792459 シナリオ走行を終了しました [シナリオ名: ログイン]
[ADMIN] 04:59:39.792468 シナリオ走行を開始しました [シナリオ名: ログイン]
[ADMIN] 04:59:39.807459 シナリオ走行を終了しました [シナリオ名: 新規ユーザー登録]
[ADMIN] 04:59:39.807481 シナリオ走行を開始しました [シナリオ名: 新規ユーザー登録]
[ADMIN] 04:59:39.827410 シナリオ走行を終了しました [シナリオ名: ログイン]
[ADMIN] 04:59:39.827425 シナリオ走行を開始しました [シナリオ名: ログイン]
[ADMIN] 04:59:39.852263 シナリオ走行を終了しました [シナリオ名: ログイン]
[ADMIN] 04:59:39.852278 シナリオ走行を開始しました [シナリオ名: ログイン]
[ADMIN] 04:59:39.883265 シナリオ走行を終了しました [シナリオ名: ログイン]
[ADMIN] 04:59:39.883283 シナリオ走行を開始しました [シナリオ名: ログイン]
[ADMIN] 04:59:39.890098 シナリオ走行を終了しました [シナリオ名: ログイン]
[ADMIN] 04:59:39.890114 シナリオ走行を開始しました [シナリオ名: ログイン]
[ADMIN] 04:59:39.918655 シナリオ走行を終了しました [シナリオ名: ログイン]
[ADMIN] 04:59:39.918669 シナリオ走行を開始しました [シナリオ名: ログイン]
[ADMIN] 04:59:39.941843 シナリオ走行を終了しました [シナリオ名: ログイン]
[ADMIN] 04:59:39.941857 シナリオ走行を開始しました [シナリオ名: ログイン]
[ADMIN] 04:59:39.946463 シナリオ走行を終了しました [シナリオ名: ログイン]
[ADMIN] 04:59:39.946478 シナリオ走行を開始しました [シナリオ名: ログイン]
[ADMIN] 04:59:39.993091 シナリオ走行を終了しました [シナリオ名: 新規ユーザー登録]
[ADMIN] 04:59:39.993120 シナリオ走行を開始しました [シナリオ名: 新規ユーザー登録]
[ADMIN] 04:59:40.035230 シナリオ走行を終了しました [シナリオ名: ログイン]
[ADMIN] 04:59:40.035244 シナリオ走行を開始しました [シナリオ名: ログイン]
[ADMIN] 04:59:40.051222 シナリオ走行を終了しました [シナリオ名: Banユーザログイン]
[ADMIN] 04:59:40.051250 シナリオ走行を開始しました [シナリオ名: Banユーザログイン]
[ADMIN] 04:59:40.053893 シナリオ走行を終了しました [シナリオ名: Banユーザログイン]
[ADMIN] 04:59:40.053913 シナリオ走行を開始しました [シナリオ名: Banユーザログイン]
[ADMIN] 04:59:40.114647 シナリオ走行を終了しました [シナリオ名: ログイン]
[ADMIN] 04:59:40.114660 シナリオ走行を開始しました [シナリオ名: ログイン]
[ADMIN] 04:59:40.137148 シナリオ走行を終了しました [シナリオ名: ログイン]
[ADMIN] 04:59:40.137161 シナリオ走行を開始しました [シナリオ名: ログイン]
[ADMIN] 04:59:40.138282 シナリオ走行を終了しました [シナリオ名: 新規ユーザー登録]
[ADMIN] 04:59:40.138301 シナリオ走行を開始しました [シナリオ名: 新規ユーザー登録]
[ADMIN] 04:59:40.161235 シナリオ走行を終了しました [シナリオ名: ログイン]
[ADMIN] 04:59:40.161248 シナリオ走行を開始しました [シナリオ名: ログイン]
[ADMIN] 04:59:40.178293 シナリオ走行を終了しました [シナリオ名: ログイン]
[ADMIN] 04:59:40.178311 シナリオ走行を開始しました [シナリオ名: ログイン]
[ADMIN] 04:59:40.181343 シナリオ走行を終了しました [シナリオ名: 新規ユーザー登録]
[ADMIN] 04:59:40.181366 シナリオ走行を開始しました [シナリオ名: 新規ユーザー登録]
[ADMIN] 04:59:40.191319 シナリオ走行を終了しました [シナリオ名: ログイン]
[ADMIN] 04:59:40.191332 シナリオ走行を開始しました [シナリオ名: ログイン]
[ADMIN] 04:59:40.243058 シナリオ走行を終了しました [シナリオ名: 新規ユーザー登録]
[ADMIN] 04:59:40.243086 シナリオ走行を開始しました [シナリオ名: 新規ユーザー登録]
[ADMIN] 04:59:40.266481 シナリオ走行を終了しました [シナリオ名: 新規ユーザー登録]
[ADMIN] 04:59:40.266528 シナリオ走行を開始しました [シナリオ名: 新規ユーザー登録]
[ADMIN] 04:59:40.266650 シナリオ走行を終了しました [シナリオ名: ログイン]
[ADMIN] 04:59:40.266664 シナリオ走行を開始しました [シナリオ名: ログイン]
[ADMIN] 04:59:40.269024 シナリオ走行を終了しました [シナリオ名: ログイン]
[ADMIN] 04:59:40.269037 シナリオ走行を開始しました [シナリオ名: ログイン]
[ADMIN] 04:59:40.304472 シナリオ走行を終了しました [シナリオ名: ログイン]
[ADMIN] 04:59:40.304486 シナリオ走行を開始しました [シナリオ名: ログイン]
[ADMIN] 04:59:40.382580 シナリオ走行を終了しました [シナリオ名: ログイン]
[ADMIN] 04:59:40.382597 シナリオ走行を開始しました [シナリオ名: ログイン]
[ADMIN] 04:59:40.405950 シナリオ走行を終了しました [シナリオ名: ログイン]
[ADMIN] 04:59:40.405963 シナリオ走行を開始しました [シナリオ名: ログイン]
[ADMIN] 04:59:40.471811 シナリオ走行を終了しました [シナリオ名: ログイン]
[ADMIN] 04:59:40.471825 シナリオ走行を開始しました [シナリオ名: ログイン]
[ADMIN] 04:59:40.476547 シナリオ走行を終了しました [シナリオ名: ログイン]
[ADMIN] 04:59:40.476559 シナリオ走行を開始しました [シナリオ名: ログイン]
[ADMIN] 04:59:40.491078 シナリオ走行を終了しました [シナリオ名: 新規ユーザー登録]
[ADMIN] 04:59:40.491108 シナリオ走行を開始しました [シナリオ名: 新規ユーザー登録]
[ADMIN] 04:59:40.499164 シナリオ走行を終了しました [シナリオ名: ログイン]
[ADMIN] 04:59:40.499177 シナリオ走行を開始しました [シナリオ名: ログイン]
[ADMIN] 04:59:40.513307 シナリオ走行を終了しました [シナリオ名: ログイン]
[ADMIN] 04:59:40.513320 シナリオ走行を開始しました [シナリオ名: ログイン]
[ADMIN] 04:59:40.543875 シナリオ走行を終了しました [シナリオ名: ログイン]
[ADMIN] 04:59:40.543887 シナリオ走行を開始しました [シナリオ名: ログイン]
[ADMIN] 04:59:40.558335 シナリオ走行を終了しました [シナリオ名: Banユーザログイン]
[ADMIN] 04:59:40.558360 シナリオ走行を開始しました [シナリオ名: Banユーザログイン]
[ADMIN] 04:59:40.562042 シナリオ走行を終了しました [シナリオ名: Banユーザログイン]
[ADMIN] 04:59:40.562060 シナリオ走行を開始しました [シナリオ名: Banユーザログイン]
[ADMIN] 04:59:40.629770 シナリオ走行を終了しました [シナリオ名: ログイン]
[ADMIN] 04:59:40.629785 シナリオ走行を開始しました [シナリオ名: ログイン]
[ADMIN] 04:59:40.652821 シナリオ走行を終了しました [シナリオ名: ログイン]
[ADMIN] 04:59:40.652835 シナリオ走行を開始しました [シナリオ名: ログイン]
[ADMIN] 04:59:40.671013 シナリオ走行を終了しました [シナリオ名: ログイン]
[ADMIN] 04:59:40.671027 シナリオ走行を開始しました [シナリオ名: ログイン]
[ADMIN] 04:59:40.727213 シナリオ走行を終了しました [シナリオ名: 新規ユーザー登録]
[ADMIN] 04:59:40.727248 シナリオ走行を開始しました [シナリオ名: 新規ユーザー登録]
[ADMIN] 04:59:40.733752 シナリオ走行を終了しました [シナリオ名: ログイン]
[ADMIN] 04:59:40.733765 シナリオ走行を開始しました [シナリオ名: ログイン]
[ADMIN] 04:59:40.738369 シナリオ走行を終了しました [シナリオ名: ログイン]
[ADMIN] 04:59:40.738381 シナリオ走行を開始しました [シナリオ名: ログイン]
[ADMIN] 04:59:40.740077 シナリオ走行を終了しました [シナリオ名: ログイン]
[ADMIN] 04:59:40.740090 シナリオ走行を開始しました [シナリオ名: ログイン]
[ADMIN] 04:59:40.767170 シナリオ走行を終了しました [シナリオ名: 新規ユーザー登録]
[ADMIN] 04:59:40.767198 シナリオ走行を開始しました [シナリオ名: 新規ユーザー登録]
[ADMIN] 04:59:40.798274 シナリオ走行を終了しました [シナリオ名: ログイン]
[ADMIN] 04:59:40.798288 シナリオ走行を開始しました [シナリオ名: ログイン]
[ADMIN] 04:59:40.810352 シナリオ走行を終了しました [シナリオ名: 新規ユーザー登録]
[ADMIN] 04:59:40.810379 シナリオ走行を開始しました [シナリオ名: 新規ユーザー登録]
[ADMIN] 04:59:40.839001 シナリオ走行を終了しました [シナリオ名: 新規ユーザー登録]
[ADMIN] 04:59:40.839029 シナリオ走行を開始しました [シナリオ名: 新規ユーザー登録]
[ADMIN] 04:59:40.899019 シナリオ走行を終了しました [シナリオ名: ログイン]
[ADMIN] 04:59:40.899034 シナリオ走行を開始しました [シナリオ名: ログイン]
[ADMIN] 04:59:40.942308 シナリオ走行を終了しました [シナリオ名: ログイン]
[ADMIN] 04:59:40.942326 シナリオ走行を開始しました [シナリオ名: ログイン]
[ADMIN] 04:59:40.969925 シナリオ走行を終了しました [シナリオ名: ログイン]
[ADMIN] 04:59:40.969940 シナリオ走行を開始しました [シナリオ名: ログイン]
[ADMIN] 04:59:40.971933 シナリオ走行を終了しました [シナリオ名: ログイン]
[ADMIN] 04:59:40.971944 シナリオ走行を開始しました [シナリオ名: ログイン]
[ADMIN] 04:59:40.986940 シナリオ走行を終了しました [シナリオ名: ログイン]
[ADMIN] 04:59:40.986952 シナリオ走行を開始しました [シナリオ名: ログイン]
[ADMIN] 04:59:40.987490 シナリオ走行を終了しました [シナリオ名: 新規ユーザー登録]
[ADMIN] 04:59:40.987514 シナリオ走行を開始しました [シナリオ名: 新規ユーザー登録]
[ADMIN] 04:59:41.044442 シナリオ走行を終了しました [シナリオ名: ログイン]
[ADMIN] 04:59:41.044457 シナリオ走行を開始しました [シナリオ名: ログイン]
[ADMIN] 04:59:41.054660 シナリオ走行を終了しました [シナリオ名: ログイン]
[ADMIN] 04:59:41.054676 シナリオ走行を開始しました [シナリオ名: ログイン]
[ADMIN] 04:59:41.060341 シナリオ走行を終了しました [シナリオ名: ログイン]
[ADMIN] 04:59:41.060353 シナリオ走行を開始しました [シナリオ名: ログイン]
[ADMIN] 04:59:41.060497 シナリオ走行を終了しました [シナリオ名: Banユーザログイン]
[ADMIN] 04:59:41.060511 シナリオ走行を開始しました [シナリオ名: Banユーザログイン]
[ADMIN] 04:59:41.066402 シナリオ走行を終了しました [シナリオ名: Banユーザログイン]
[ADMIN] 04:59:41.066426 シナリオ走行を開始しました [シナリオ名: Banユーザログイン]
[ADMIN] 04:59:41.076107 シナリオ走行を終了しました [シナリオ名: ログイン]
[ADMIN] 04:59:41.076123 シナリオ走行を開始しました [シナリオ名: ログイン]
[ADMIN] 04:59:41.108471 シナリオ走行を終了しました [シナリオ名: ログイン]
[ADMIN] 04:59:41.108487 シナリオ走行を開始しました [シナリオ名: ログイン]
[ADMIN] 04:59:41.160422 シナリオ走行を終了しました [シナリオ名: ログイン]
[ADMIN] 04:59:41.160439 シナリオ走行を開始しました [シナリオ名: ログイン]
[ADMIN] 04:59:41.185375 シナリオ走行を終了しました [シナリオ名: ログイン]
[ADMIN] 04:59:41.185392 シナリオ走行を開始しました [シナリオ名: ログイン]
[ADMIN] 04:59:41.189962 シナリオ走行を終了しました [シナリオ名: 新規ユーザー登録]
[ADMIN] 04:59:41.189983 シナリオ走行を開始しました [シナリオ名: 新規ユーザー登録]
[ADMIN] 04:59:41.208147 シナリオ走行を終了しました [シナリオ名: ログイン]
[ADMIN] 04:59:41.208164 シナリオ走行を開始しました [シナリオ名: ログイン]
[ADMIN] 04:59:41.309313 シナリオ走行を終了しました [シナリオ名: 新規ユーザー登録]
[ADMIN] 04:59:41.309343 シナリオ走行を開始しました [シナリオ名: 新規ユーザー登録]
[ADMIN] 04:59:41.337285 シナリオ走行を終了しました [シナリオ名: ログイン]
[ADMIN] 04:59:41.337301 シナリオ走行を開始しました [シナリオ名: ログイン]
[ADMIN] 04:59:41.349528 シナリオ走行を終了しました [シナリオ名: ログイン]
[ADMIN] 04:59:41.349541 シナリオ走行を開始しました [シナリオ名: ログイン]
[ADMIN] 04:59:41.391745 シナリオ走行を終了しました [シナリオ名: 新規ユーザー登録]
[ADMIN] 04:59:41.391774 シナリオ走行を開始しました [シナリオ名: 新規ユーザー登録]
[ADMIN] 04:59:41.411612 シナリオ走行を終了しました [シナリオ名: 新規ユーザー登録]
[ADMIN] 04:59:41.411645 シナリオ走行を開始しました [シナリオ名: 新規ユーザー登録]
[ADMIN] 04:59:41.444753 シナリオ走行を終了しました [シナリオ名: 新規ユーザー登録]
[ADMIN] 04:59:41.444787 シナリオ走行を開始しました [シナリオ名: 新規ユーザー登録]
[ADMIN] 04:59:41.456068 シナリオ走行を終了しました [シナリオ名: ログイン]
[ADMIN] 04:59:41.456084 シナリオ走行を開始しました [シナリオ名: ログイン]
[ADMIN] 04:59:41.464786 シナリオ走行を終了しました [シナリオ名: ログイン]
[ADMIN] 04:59:41.464799 シナリオ走行を開始しました [シナリオ名: ログイン]
[ADMIN] 04:59:41.476032 シナリオ走行を終了しました [シナリオ名: ログイン]
[ADMIN] 04:59:41.476045 シナリオ走行を開始しました [シナリオ名: ログイン]
[ADMIN] 04:59:41.483195 シナリオ走行を終了しました [シナリオ名: ログイン]
[ADMIN] 04:59:41.483206 シナリオ走行を開始しました [シナリオ名: ログイン]
[ADMIN] 04:59:41.493162 シナリオ走行を終了しました [シナリオ名: ログイン]
[ADMIN] 04:59:41.493172 シナリオ走行を開始しました [シナリオ名: ログイン]
[ADMIN] 04:59:41.539585 シナリオ走行を終了しました [シナリオ名: ログイン]
[ADMIN] 04:59:41.539598 シナリオ走行を開始しました [シナリオ名: ログイン]
[ADMIN] 04:59:41.556415 シナリオ走行を終了しました [シナリオ名: ログイン]
[ADMIN] 04:59:41.556432 シナリオ走行を開始しました [シナリオ名: ログイン]
[ADMIN] 04:59:41.561608 シナリオ走行を終了しました [シナリオ名: ログイン]
[ADMIN] 04:59:41.561623 シナリオ走行を開始しました [シナリオ名: ログイン]
[ADMIN] 04:59:41.563741 シナリオ走行を終了しました [シナリオ名: Banユーザログイン]
[ADMIN] 04:59:41.563755 シナリオ走行を開始しました [シナリオ名: Banユーザログイン]
[ADMIN] 04:59:41.567981 シナリオ走行を終了しました [シナリオ名: Banユーザログイン]
[ADMIN] 04:59:41.567997 シナリオ走行を開始しました [シナリオ名: Banユーザログイン]
[ADMIN] 04:59:41.709372 シナリオ走行を終了しました [シナリオ名: ログイン]
[ADMIN] 04:59:41.709391 シナリオ走行を開始しました [シナリオ名: ログイン]
[ADMIN] 04:59:41.710323 シナリオ走行を終了しました [シナリオ名: ログイン]
[ADMIN] 04:59:41.710334 シナリオ走行を開始しました [シナリオ名: ログイン]
[ADMIN] 04:59:41.759521 シナリオ走行を終了しました [シナリオ名: ログイン]
[ADMIN] 04:59:41.759536 シナリオ走行を開始しました [シナリオ名: ログイン]
[ADMIN] 04:59:41.763540 シナリオ走行を終了しました [シナリオ名: 新規ユーザー登録]
[ADMIN] 04:59:41.763562 シナリオ走行を開始しました [シナリオ名: 新規ユーザー登録]
[ADMIN] 04:59:41.805004 シナリオ走行を終了しました [シナリオ名: ログイン]
[ADMIN] 04:59:41.805022 シナリオ走行を開始しました [シナリオ名: ログイン]
[ADMIN] 04:59:41.821341 シナリオ走行を終了しました [シナリオ名: ログイン]
[ADMIN] 04:59:41.821358 シナリオ走行を開始しました [シナリオ名: ログイン]
[ADMIN] 04:59:41.895586 シナリオ走行を終了しました [シナリオ名: 新規ユーザー登録]
[ADMIN] 04:59:41.895613 シナリオ走行を開始しました [シナリオ名: 新規ユーザー登録]
[ADMIN] 04:59:41.904116 シナリオ走行を終了しました [シナリオ名: 新規ユーザー登録]
[ADMIN] 04:59:41.904146 シナリオ走行を開始しました [シナリオ名: 新規ユーザー登録]
[ADMIN] 04:59:41.951748 シナリオ走行を終了しました [シナリオ名: ログイン]
[ADMIN] 04:59:41.951763 シナリオ走行を開始しました [シナリオ名: ログイン]
[ADMIN] 04:59:41.975123 シナリオ走行を終了しました [シナリオ名: ログイン]
[ADMIN] 04:59:41.975137 シナリオ走行を開始しました [シナリオ名: ログイン]
[ADMIN] 04:59:41.981113 シナリオ走行を終了しました [シナリオ名: ログイン]
[ADMIN] 04:59:41.981129 シナリオ走行を開始しました [シナリオ名: ログイン]
[ADMIN] 04:59:41.981491 シナリオ走行を終了しました [シナリオ名: 新規ユーザー登録]
[ADMIN] 04:59:41.981514 シナリオ走行を開始しました [シナリオ名: 新規ユーザー登録]
[ADMIN] 04:59:41.984545 シナリオ走行を終了しました [シナリオ名: ログイン]
[ADMIN] 04:59:41.984554 シナリオ走行を開始しました [シナリオ名: ログイン]
[ADMIN] 04:59:42.023008 シナリオ走行を終了しました [シナリオ名: 新規ユーザー登録]
[ADMIN] 04:59:42.023034 シナリオ走行を開始しました [シナリオ名: 新規ユーザー登録]
[ADMIN] 04:59:42.026682 シナリオ走行を終了しました [シナリオ名: ログイン]
[ADMIN] 04:59:42.026696 シナリオ走行を開始しました [シナリオ名: ログイン]
[ADMIN] 04:59:42.030814 シナリオ走行を終了しました [シナリオ名: ログイン]
[ADMIN] 04:59:42.030831 シナリオ走行を開始しました [シナリオ名: ログイン]
[ADMIN] 04:59:42.055812 シナリオ走行を終了しました [シナリオ名: ログイン]
[ADMIN] 04:59:42.055829 シナリオ走行を開始しました [シナリオ名: ログイン]
[ADMIN] 04:59:42.068416 シナリオ走行を終了しました [シナリオ名: Banユーザログイン]
[ADMIN] 04:59:42.068437 シナリオ走行を開始しました [シナリオ名: Banユーザログイン]
[ADMIN] 04:59:42.073704 シナリオ走行を終了しました [シナリオ名: Banユーザログイン]
[ADMIN] 04:59:42.073726 シナリオ走行を開始しました [シナリオ名: Banユーザログイン]
[ADMIN] 04:59:42.101542 シナリオ走行を終了しました [シナリオ名: ログイン]
[ADMIN] 04:59:42.101555 シナリオ走行を開始しました [シナリオ名: ログイン]
[ADMIN] 04:59:42.196692 シナリオ走行を終了しました [シナリオ名: 新規ユーザー登録]
[ADMIN] 04:59:42.196718 シナリオ走行を開始しました [シナリオ名: 新規ユーザー登録]
[ADMIN] 04:59:42.257108 シナリオ走行を終了しました [シナリオ名: ログイン]
[ADMIN] 04:59:42.257125 シナリオ走行を開始しました [シナリオ名: ログイン]
[ADMIN] 04:59:42.331865 シナリオ走行を終了しました [シナリオ名: ログイン]
[ADMIN] 04:59:42.331882 シナリオ走行を開始しました [シナリオ名: ログイン]
[ADMIN] 04:59:42.346691 シナリオ走行を終了しました [シナリオ名: ログイン]
[ADMIN] 04:59:42.346710 シナリオ走行を開始しました [シナリオ名: ログイン]
[ADMIN] 04:59:42.356451 シナリオ走行を終了しました [シナリオ名: ログイン]
[ADMIN] 04:59:42.356468 シナリオ走行を開始しました [シナリオ名: ログイン]
[ADMIN] 04:59:42.361849 シナリオ走行を終了しました [シナリオ名: ログイン]
[ADMIN] 04:59:42.361865 シナリオ走行を開始しました [シナリオ名: ログイン]
[ADMIN] 04:59:42.374197 シナリオ走行を終了しました [シナリオ名: ログイン]
[ADMIN] 04:59:42.374213 シナリオ走行を開始しました [シナリオ名: ログイン]
[ADMIN] 04:59:42.389784 シナリオ走行を終了しました [シナリオ名: ログイン]
[ADMIN] 04:59:42.389801 シナリオ走行を開始しました [シナリオ名: ログイン]
[ADMIN] 04:59:42.401663 シナリオ走行を終了しました [シナリオ名: 新規ユーザー登録]
[ADMIN] 04:59:42.401691 シナリオ走行を開始しました [シナリオ名: 新規ユーザー登録]
[ADMIN] 04:59:42.412047 シナリオ走行を終了しました [シナリオ名: ログイン]
[ADMIN] 04:59:42.412063 シナリオ走行を開始しました [シナリオ名: ログイン]
[ADMIN] 04:59:42.428423 シナリオ走行を終了しました [シナリオ名: 新規ユーザー登録]
[ADMIN] 04:59:42.428450 シナリオ走行を開始しました [シナリオ名: 新規ユーザー登録]
[ADMIN] 04:59:42.468094 シナリオ走行を終了しました [シナリオ名: ログイン]
[ADMIN] 04:59:42.468108 シナリオ走行を開始しました [シナリオ名: ログイン]
[ADMIN] 04:59:42.477738 シナリオ走行を終了しました [シナリオ名: ログイン]
[ADMIN] 04:59:42.477754 シナリオ走行を開始しました [シナリオ名: ログイン]
[ADMIN] 04:59:42.492192 シナリオ走行を終了しました [シナリオ名: 新規ユーザー登録]
[ADMIN] 04:59:42.492223 シナリオ走行を開始しました [シナリオ名: 新規ユーザー登録]
[ADMIN] 04:59:42.523447 シナリオ走行を終了しました [シナリオ名: ログイン]
[ADMIN] 04:59:42.523463 シナリオ走行を開始しました [シナリオ名: ログイン]
[ADMIN] 04:59:42.570596 シナリオ走行を終了しました [シナリオ名: 新規ユーザー登録]
[ADMIN] 04:59:42.570644 シナリオ走行を開始しました [シナリオ名: 新規ユーザー登録]
[ADMIN] 04:59:42.572351 シナリオ走行を終了しました [シナリオ名: Banユーザログイン]
[ADMIN] 04:59:42.572373 シナリオ走行を開始しました [シナリオ名: Banユーザログイン]
[ADMIN] 04:59:42.575790 シナリオ走行を終了しました [シナリオ名: Banユーザログイン]
[ADMIN] 04:59:42.575810 シナリオ走行を開始しました [シナリオ名: Banユーザログイン]
[ADMIN] 04:59:42.661200 シナリオ走行を終了しました [シナリオ名: 新規ユーザー登録]
[ADMIN] 04:59:42.661231 シナリオ走行を開始しました [シナリオ名: 新規ユーザー登録]
[ADMIN] 04:59:42.680750 シナリオ走行を終了しました [シナリオ名: ログイン]
[ADMIN] 04:59:42.680767 シナリオ走行を開始しました [シナリオ名: ログイン]
[ADMIN] 04:59:42.702076 シナリオ走行を終了しました [シナリオ名: ログイン]
[ADMIN] 04:59:42.702090 シナリオ走行を開始しました [シナリオ名: ログイン]
[ADMIN] 04:59:42.717442 シナリオ走行を終了しました [シナリオ名: ログイン]
[ADMIN] 04:59:42.717459 シナリオ走行を開始しました [シナリオ名: ログイン]
[ADMIN] 04:59:42.753518 シナリオ走行を終了しました [シナリオ名: ログイン]
[ADMIN] 04:59:42.753534 シナリオ走行を開始しました [シナリオ名: ログイン]
[ADMIN] 04:59:42.777157 シナリオ走行を終了しました [シナリオ名: ログイン]
[ADMIN] 04:59:42.777171 シナリオ走行を開始しました [シナリオ名: ログイン]
[ADMIN] 04:59:42.792760 シナリオ走行を終了しました [シナリオ名: ログイン]
[ADMIN] 04:59:42.792774 シナリオ走行を開始しました [シナリオ名: ログイン]
[ADMIN] 04:59:42.861600 シナリオ走行を終了しました [シナリオ名: 新規ユーザー登録]
[ADMIN] 04:59:42.861632 シナリオ走行を開始しました [シナリオ名: 新規ユーザー登録]
[ADMIN] 04:59:42.869914 シナリオ走行を終了しました [シナリオ名: ログイン]
[ADMIN] 04:59:42.869928 シナリオ走行を開始しました [シナリオ名: ログイン]
[ADMIN] 04:59:42.912527 シナリオ走行を終了しました [シナリオ名: ログイン]
[ADMIN] 04:59:42.912542 シナリオ走行を開始しました [シナリオ名: ログイン]
[ADMIN] 04:59:42.948671 シナリオ走行を終了しました [シナリオ名: ログイン]
[ADMIN] 04:59:42.948689 シナリオ走行を開始しました [シナリオ名: ログイン]
[ADMIN] 04:59:43.011162 シナリオ走行を終了しました [シナリオ名: 新規ユーザー登録]
[ADMIN] 04:59:43.011198 シナリオ走行を開始しました [シナリオ名: 新規ユーザー登録]
[ADMIN] 04:59:43.020222 シナリオ走行を終了しました [シナリオ名: ログイン]
[ADMIN] 04:59:43.020236 シナリオ走行を開始しました [シナリオ名: ログイン]
[ADMIN] 04:59:43.029367 シナリオ走行を終了しました [シナリオ名: ログイン]
[ADMIN] 04:59:43.029384 シナリオ走行を開始しました [シナリオ名: ログイン]
[ADMIN] 04:59:43.052219 シナリオ走行を終了しました [シナリオ名: 新規ユーザー登録]
[ADMIN] 04:59:43.052251 シナリオ走行を開始しました [シナリオ名: 新規ユーザー登録]
[ADMIN] 04:59:43.074797 シナリオ走行を終了しました [シナリオ名: Banユーザログイン]
[ADMIN] 04:59:43.074841 シナリオ走行を開始しました [シナリオ名: Banユーザログイン]
[ADMIN] 04:59:43.077313 シナリオ走行を終了しました [シナリオ名: Banユーザログイン]
[ADMIN] 04:59:43.077336 シナリオ走行を開始しました [シナリオ名: Banユーザログイン]
[ADMIN] 04:59:43.143143 シナリオ走行を終了しました [シナリオ名: ログイン]
[ADMIN] 04:59:43.143160 シナリオ走行を開始しました [シナリオ名: ログイン]
[ADMIN] 04:59:43.155127 シナリオ走行を終了しました [シナリオ名: ログイン]
[ADMIN] 04:59:43.155145 シナリオ走行を開始しました [シナリオ名: ログイン]
[ADMIN] 04:59:43.166178 シナリオ走行を終了しました [シナリオ名: 新規ユーザー登録]
[ADMIN] 04:59:43.166206 シナリオ走行を開始しました [シナリオ名: 新規ユーザー登録]
[ADMIN] 04:59:43.175448 シナリオ走行を終了しました [シナリオ名: ログイン]
[ADMIN] 04:59:43.175463 シナリオ走行を開始しました [シナリオ名: ログイン]
[ADMIN] 04:59:43.181637 シナリオ走行を終了しました [シナリオ名: 新規ユーザー登録]
[ADMIN] 04:59:43.181661 シナリオ走行を開始しました [シナリオ名: 新規ユーザー登録]
[ADMIN] 04:59:43.182809 シナリオ走行を終了しました [シナリオ名: ログイン]
[ADMIN] 04:59:43.182821 シナリオ走行を開始しました [シナリオ名: ログイン]
[ADMIN] 04:59:43.208094 シナリオ走行を終了しました [シナリオ名: ログイン]
[ADMIN] 04:59:43.208111 シナリオ走行を開始しました [シナリオ名: ログイン]
[ADMIN] 04:59:43.251421 シナリオ走行を終了しました [シナリオ名: ログイン]
[ADMIN] 04:59:43.251436 シナリオ走行を開始しました [シナリオ名: ログイン]
[ADMIN] 04:59:43.255413 シナリオ走行を終了しました [シナリオ名: ログイン]
[ADMIN] 04:59:43.255430 シナリオ走行を開始しました [シナリオ名: ログイン]
[ADMIN] 04:59:43.259196 シナリオ走行を終了しました [シナリオ名: ログイン]
[ADMIN] 04:59:43.259212 シナリオ走行を開始しました [シナリオ名: ログイン]
[ADMIN] 04:59:43.269746 シナリオ走行を終了しました [シナリオ名: ログイン]
[ADMIN] 04:59:43.269761 シナリオ走行を開始しました [シナリオ名: ログイン]
[ADMIN] 04:59:43.312588 シナリオ走行を終了しました [シナリオ名: ログイン]
[ADMIN] 04:59:43.312604 シナリオ走行を開始しました [シナリオ名: ログイン]
[ADMIN] 04:59:43.323884 シナリオ走行を終了しました [シナリオ名: 新規ユーザー登録]
[ADMIN] 04:59:43.323917 シナリオ走行を開始しました [シナリオ名: 新規ユーザー登録]
[ADMIN] 04:59:43.436622 シナリオ走行を終了しました [シナリオ名: ログイン]
[ADMIN] 04:59:43.436638 シナリオ走行を開始しました [シナリオ名: ログイン]
[ADMIN] 04:59:43.523332 シナリオ走行を終了しました [シナリオ名: ログイン]
[ADMIN] 04:59:43.523346 シナリオ走行を開始しました [シナリオ名: ログイン]
[ADMIN] 04:59:43.523556 シナリオ走行を終了しました [シナリオ名: ログイン]
[ADMIN] 04:59:43.523570 シナリオ走行を開始しました [シナリオ名: ログイン]
[ADMIN] 04:59:43.554697 シナリオ走行を終了しました [シナリオ名: ログイン]
[ADMIN] 04:59:43.554711 シナリオ走行を開始しました [シナリオ名: ログイン]
[ADMIN] 04:59:43.556726 シナリオ走行を終了しました [シナリオ名: ログイン]
[ADMIN] 04:59:43.556735 シナリオ走行を開始しました [シナリオ名: ログイン]
[ADMIN] 04:59:43.578644 シナリオ走行を終了しました [シナリオ名: Banユーザログイン]
[ADMIN] 04:59:43.578668 シナリオ走行を開始しました [シナリオ名: Banユーザログイン]
[ADMIN] 04:59:43.580173 シナリオ走行を終了しました [シナリオ名: Banユーザログイン]
[ADMIN] 04:59:43.580195 シナリオ走行を開始しました [シナリオ名: Banユーザログイン]
[ADMIN] 04:59:43.588945 シナリオ走行を終了しました [シナリオ名: ログイン]
[ADMIN] 04:59:43.588959 シナリオ走行を開始しました [シナリオ名: ログイン]
[ADMIN] 04:59:43.589151 シナリオ走行を終了しました [シナリオ名: ログイン]
[ADMIN] 04:59:43.589163 シナリオ走行を開始しました [シナリオ名: ログイン]
[ADMIN] 04:59:43.596926 シナリオ走行を終了しました [シナリオ名: 新規ユーザー登録]
[ADMIN] 04:59:43.596951 シナリオ走行を開始しました [シナリオ名: 新規ユーザー登録]
[ADMIN] 04:59:43.636088 シナリオ走行を終了しました [シナリオ名: ログイン]
[ADMIN] 04:59:43.636106 シナリオ走行を開始しました [シナリオ名: ログイン]
[ADMIN] 04:59:43.680626 シナリオ走行を終了しました [シナリオ名: ログイン]
[ADMIN] 04:59:43.680643 シナリオ走行を開始しました [シナリオ名: ログイン]
[ADMIN] 04:59:43.683863 シナリオ走行を終了しました [シナリオ名: 新規ユーザー登録]
[ADMIN] 04:59:43.683888 シナリオ走行を開始しました [シナリオ名: 新規ユーザー登録]
[ADMIN] 04:59:43.693220 シナリオ走行を終了しました [シナリオ名: 新規ユーザー登録]
[ADMIN] 04:59:43.693248 シナリオ走行を開始しました [シナリオ名: 新規ユーザー登録]
[ADMIN] 04:59:43.746345 シナリオ走行を終了しました [シナリオ名: ログイン]
[ADMIN] 04:59:43.746368 シナリオ走行を開始しました [シナリオ名: ログイン]
[ADMIN] 04:59:43.747567 シナリオ走行を終了しました [シナリオ名: 新規ユーザー登録]
[ADMIN] 04:59:43.747589 シナリオ走行を開始しました [シナリオ名: 新規ユーザー登録]
[ADMIN] 04:59:43.841209 シナリオ走行を終了しました [シナリオ名: ログイン]
[ADMIN] 04:59:43.841227 シナリオ走行を開始しました [シナリオ名: ログイン]
[ADMIN] 04:59:43.921455 シナリオ走行を終了しました [シナリオ名: ログイン]
[ADMIN] 04:59:43.921477 シナリオ走行を開始しました [シナリオ名: ログイン]
[ADMIN] 04:59:43.923702 シナリオ走行を終了しました [シナリオ名: ログイン]
[ADMIN] 04:59:43.923714 シナリオ走行を開始しました [シナリオ名: ログイン]
[ADMIN] 04:59:43.945448 シナリオ走行を終了しました [シナリオ名: 新規ユーザー登録]
[ADMIN] 04:59:43.945477 シナリオ走行を開始しました [シナリオ名: 新規ユーザー登録]
[ADMIN] 04:59:43.964722 シナリオ走行を終了しました [シナリオ名: ログイン]
[ADMIN] 04:59:43.964736 シナリオ走行を開始しました [シナリオ名: ログイン]
[ADMIN] 04:59:43.980038 シナリオ走行を終了しました [シナリオ名: ログイン]
[ADMIN] 04:59:43.980054 シナリオ走行を開始しました [シナリオ名: ログイン]
[ADMIN] 04:59:43.981590 シナリオ走行を終了しました [シナリオ名: ログイン]
[ADMIN] 04:59:43.981605 シナリオ走行を開始しました [シナリオ名: ログイン]
[ADMIN] 04:59:44.007419 シナリオ走行を終了しました [シナリオ名: ログイン]
[ADMIN] 04:59:44.007435 シナリオ走行を開始しました [シナリオ名: ログイン]
[ADMIN] 04:59:44.068354 シナリオ走行を終了しました [シナリオ名: ログイン]
[ADMIN] 04:59:44.068368 シナリオ走行を開始しました [シナリオ名: ログイン]
[ADMIN] 04:59:44.077259 シナリオ走行を終了しました [シナリオ名: ログイン]
[ADMIN] 04:59:44.077276 シナリオ走行を開始しました [シナリオ名: ログイン]
[ADMIN] 04:59:44.083253 シナリオ走行を終了しました [シナリオ名: ログイン]
[ADMIN] 04:59:44.083283 シナリオ走行を開始しました [シナリオ名: ログイン]
[ADMIN] 04:59:44.083367 シナリオ走行を終了しました [シナリオ名: Banユーザログイン]
[ADMIN] 04:59:44.083380 シナリオ走行を開始しました [シナリオ名: Banユーザログイン]
[ADMIN] 04:59:44.084763 シナリオ走行を終了しました [シナリオ名: Banユーザログイン]
[ADMIN] 04:59:44.084781 シナリオ走行を開始しました [シナリオ名: Banユーザログイン]
[ADMIN] 04:59:44.111718 シナリオ走行を終了しました [シナリオ名: ログイン]
[ADMIN] 04:59:44.111732 シナリオ走行を開始しました [シナリオ名: ログイン]
[ADMIN] 04:59:44.157779 シナリオ走行を終了しました [シナリオ名: ログイン]
[ADMIN] 04:59:44.157797 シナリオ走行を開始しました [シナリオ名: ログイン]
[ADMIN] 04:59:44.171566 シナリオ走行を終了しました [シナリオ名: 新規ユーザー登録]
[ADMIN] 04:59:44.171592 シナリオ走行を開始しました [シナリオ名: 新規ユーザー登録]
[ADMIN] 04:59:44.188257 シナリオ走行を終了しました [シナリオ名: 新規ユーザー登録]
[ADMIN] 04:59:44.188285 シナリオ走行を開始しました [シナリオ名: 新規ユーザー登録]
[ADMIN] 04:59:44.216766 シナリオ走行を終了しました [シナリオ名: ログイン]
[ADMIN] 04:59:44.216782 シナリオ走行を開始しました [シナリオ名: ログイン]
[ADMIN] 04:59:44.247703 シナリオ走行を終了しました [シナリオ名: 新規ユーザー登録]
[ADMIN] 04:59:44.247740 シナリオ走行を開始しました [シナリオ名: 新規ユーザー登録]
[ADMIN] 04:59:44.289311 シナリオ走行を終了しました [シナリオ名: 新規ユーザー登録]
[ADMIN] 04:59:44.289336 シナリオ走行を開始しました [シナリオ名: 新規ユーザー登録]
[ADMIN] 04:59:44.334739 シナリオ走行を終了しました [シナリオ名: ログイン]
[ADMIN] 04:59:44.334756 シナリオ走行を開始しました [シナリオ名: ログイン]
[ADMIN] 04:59:44.335540 シナリオ走行を終了しました [シナリオ名: ログイン]
[ADMIN] 04:59:44.335551 シナリオ走行を開始しました [シナリオ名: ログイン]
[ADMIN] 04:59:44.347438 シナリオ走行を終了しました [シナリオ名: ログイン]
[ADMIN] 04:59:44.347454 シナリオ走行を開始しました [シナリオ名: ログイン]
[ADMIN] 04:59:44.348421 シナリオ走行を終了しました [シナリオ名: ログイン]
[ADMIN] 04:59:44.348430 シナリオ走行を開始しました [シナリオ名: ログイン]
[ADMIN] 04:59:44.377206 シナリオ走行を終了しました [シナリオ名: ログイン]
[ADMIN] 04:59:44.377221 シナリオ走行を開始しました [シナリオ名: ログイン]
[ADMIN] 04:59:44.427627 シナリオ走行を終了しました [シナリオ名: ログイン]
[ADMIN] 04:59:44.427644 シナリオ走行を開始しました [シナリオ名: ログイン]
[ADMIN] 04:59:44.430877 シナリオ走行を終了しました [シナリオ名: ログイン]
[ADMIN] 04:59:44.430892 シナリオ走行を開始しました [シナリオ名: ログイン]
[ADMIN] 04:59:44.459203 シナリオ走行を終了しました [シナリオ名: ログイン]
[ADMIN] 04:59:44.459219 シナリオ走行を開始しました [シナリオ名: ログイン]
[ADMIN] 04:59:44.511266 シナリオ走行を終了しました [シナリオ名: 新規ユーザー登録]
[ADMIN] 04:59:44.511293 シナリオ走行を開始しました [シナリオ名: 新規ユーザー登録]
[ADMIN] 04:59:44.560359 シナリオ走行を終了しました [シナリオ名: ログイン]
[ADMIN] 04:59:44.560377 シナリオ走行を開始しました [シナリオ名: ログイン]
[ADMIN] 04:59:44.585828 シナリオ走行を終了しました [シナリオ名: Banユーザログイン]
[ADMIN] 04:59:44.585860 シナリオ走行を開始しました [シナリオ名: Banユーザログイン]
[ADMIN] 04:59:44.586183 シナリオ走行を終了しました [シナリオ名: Banユーザログイン]
[ADMIN] 04:59:44.586197 シナリオ走行を開始しました [シナリオ名: Banユーザログイン]
[ADMIN] 04:59:44.614339 シナリオ走行を終了しました [シナリオ名: ログイン]
[ADMIN] 04:59:44.614355 シナリオ走行を開始しました [シナリオ名: ログイン]
[ADMIN] 04:59:44.625741 シナリオ走行を終了しました [シナリオ名: ログイン]
[ADMIN] 04:59:44.625759 シナリオ走行を開始しました [シナリオ名: ログイン]
[ADMIN] 04:59:44.694986 シナリオ走行を終了しました [シナリオ名: 新規ユーザー登録]
[ADMIN] 04:59:44.695013 シナリオ走行を開始しました [シナリオ名: 新規ユーザー登録]
[ADMIN] 04:59:44.705978 シナリオ走行を終了しました [シナリオ名: 新規ユーザー登録]
[ADMIN] 04:59:44.706007 シナリオ走行を開始しました [シナリオ名: 新規ユーザー登録]
[ADMIN] 04:59:44.735157 シナリオ走行を終了しました [シナリオ名: ログイン]
[ADMIN] 04:59:44.735173 シナリオ走行を開始しました [シナリオ名: ログイン]
[ADMIN] 04:59:44.779150 シナリオ走行を終了しました [シナリオ名: ログイン]
[ADMIN] 04:59:44.779165 シナリオ走行を開始しました [シナリオ名: ログイン]
[ADMIN] 04:59:44.802321 シナリオ走行を終了しました [シナリオ名: 新規ユーザー登録]
[ADMIN] 04:59:44.802350 シナリオ走行を開始しました [シナリオ名: 新規ユーザー登録]
[ADMIN] 04:59:44.803982 シナリオ走行を終了しました [シナリオ名: ログイン]
[ADMIN] 04:59:44.803994 シナリオ走行を開始しました [シナリオ名: ログイン]
[ADMIN] 04:59:44.830141 シナリオ走行を終了しました [シナリオ名: 新規ユーザー登録]
[ADMIN] 04:59:44.830168 シナリオ走行を開始しました [シナリオ名: 新規ユーザー登録]
[ADMIN] 04:59:44.833688 シナリオ走行を終了しました [シナリオ名: ログイン]
[ADMIN] 04:59:44.833702 シナリオ走行を開始しました [シナリオ名: ログイン]
[ADMIN] 04:59:44.892906 シナリオ走行を終了しました [シナリオ名: ログイン]
[ADMIN] 04:59:44.892923 シナリオ走行を開始しました [シナリオ名: ログイン]
[ADMIN] 04:59:44.916667 シナリオ走行を終了しました [シナリオ名: ログイン]
[ADMIN] 04:59:44.916682 シナリオ走行を開始しました [シナリオ名: ログイン]
[ADMIN] 04:59:44.954582 シナリオ走行を終了しました [シナリオ名: ログイン]
[ADMIN] 04:59:44.954599 シナリオ走行を開始しました [シナリオ名: ログイン]
[ADMIN] 04:59:44.956239 シナリオ走行を終了しました [シナリオ名: ログイン]
[ADMIN] 04:59:44.956249 シナリオ走行を開始しました [シナリオ名: ログイン]
[ADMIN] 04:59:45.049969 シナリオ走行を終了しました [シナリオ名: ログイン]
[ADMIN] 04:59:45.049985 シナリオ走行を開始しました [シナリオ名: ログイン]
[ADMIN] 04:59:45.069735 シナリオ走行を終了しました [シナリオ名: ログイン]
[ADMIN] 04:59:45.069754 シナリオ走行を開始しました [シナリオ名: ログイン]
[ADMIN] 04:59:45.088831 シナリオ走行を終了しました [シナリオ名: Banユーザログイン]
[ADMIN] 04:59:45.088884 シナリオ走行を開始しました [シナリオ名: Banユーザログイン]
[ADMIN] 04:59:45.090338 シナリオ走行を終了しました [シナリオ名: Banユーザログイン]
[ADMIN] 04:59:45.090355 シナリオ走行を開始しました [シナリオ名: Banユーザログイン]
[ADMIN] 04:59:45.119717 シナリオ走行を終了しました [シナリオ名: ログイン]
[ADMIN] 04:59:45.119750 シナリオ走行を開始しました [シナリオ名: ログイン]
[ADMIN] 04:59:45.136181 シナリオ走行を終了しました [シナリオ名: ログイン]
[ADMIN] 04:59:45.136196 シナリオ走行を開始しました [シナリオ名: ログイン]
[ADMIN] 04:59:45.175837 シナリオ走行を終了しました [シナリオ名: ログイン]
[ADMIN] 04:59:45.175854 シナリオ走行を開始しました [シナリオ名: ログイン]
[ADMIN] 04:59:45.185267 シナリオ走行を終了しました [シナリオ名: 新規ユーザー登録]
[ADMIN] 04:59:45.185296 シナリオ走行を開始しました [シナリオ名: 新規ユーザー登録]
[ADMIN] 04:59:45.201866 シナリオ走行を終了しました [シナリオ名: 新規ユーザー登録]
[ADMIN] 04:59:45.201890 シナリオ走行を開始しました [シナリオ名: 新規ユーザー登録]
[ADMIN] 04:59:45.250231 シナリオ走行を終了しました [シナリオ名: ログイン]
[ADMIN] 04:59:45.250245 シナリオ走行を開始しました [シナリオ名: ログイン]
[ADMIN] 04:59:45.254916 シナリオ走行を終了しました [シナリオ名: 新規ユーザー登録]
[ADMIN] 04:59:45.254939 シナリオ走行を開始しました [シナリオ名: 新規ユーザー登録]
[ADMIN] 04:59:45.297683 シナリオ走行を終了しました [シナリオ名: ログイン]
[ADMIN] 04:59:45.297700 シナリオ走行を開始しました [シナリオ名: ログイン]
[ADMIN] 04:59:45.343099 シナリオ走行を終了しました [シナリオ名: 新規ユーザー登録]
[ADMIN] 04:59:45.343129 シナリオ走行を開始しました [シナリオ名: 新規ユーザー登録]
[ADMIN] 04:59:45.350107 シナリオ走行を終了しました [シナリオ名: 新規ユーザー登録]
[ADMIN] 04:59:45.350134 シナリオ走行を開始しました [シナリオ名: 新規ユーザー登録]
[ADMIN] 04:59:45.357449 シナリオ走行を終了しました [シナリオ名: ログイン]
[ADMIN] 04:59:45.357465 シナリオ走行を開始しました [シナリオ名: ログイン]
[ADMIN] 04:59:45.370343 シナリオ走行を終了しました [シナリオ名: ログイン]
[ADMIN] 04:59:45.370361 シナリオ走行を開始しました [シナリオ名: ログイン]
[ADMIN] 04:59:45.376754 シナリオ走行を終了しました [シナリオ名: ログイン]
[ADMIN] 04:59:45.376769 シナリオ走行を開始しました [シナリオ名: ログイン]
[ADMIN] 04:59:45.407044 シナリオ走行を終了しました [シナリオ名: ログイン]
[ADMIN] 04:59:45.407058 シナリオ走行を開始しました [シナリオ名: ログイン]
[ADMIN] 04:59:45.421232 シナリオ走行を終了しました [シナリオ名: ログイン]
[ADMIN] 04:59:45.421248 シナリオ走行を開始しました [シナリオ名: ログイン]
[ADMIN] 04:59:45.490110 シナリオ走行を終了しました [シナリオ名: ログイン]
[ADMIN] 04:59:45.490126 シナリオ走行を開始しました [シナリオ名: ログイン]
[ADMIN] 04:59:45.496086 シナリオ走行を終了しました [シナリオ名: ログイン]
[ADMIN] 04:59:45.496100 シナリオ走行を開始しました [シナリオ名: ログイン]
[ADMIN] 04:59:45.591761 シナリオ走行を終了しました [シナリオ名: Banユーザログイン]
[ADMIN] 04:59:45.591786 シナリオ走行を開始しました [シナリオ名: Banユーザログイン]
[ADMIN] 04:59:45.593223 シナリオ走行を終了しました [シナリオ名: Banユーザログイン]
[ADMIN] 04:59:45.593245 シナリオ走行を開始しました [シナリオ名: Banユーザログイン]
[ADMIN] 04:59:45.604114 シナリオ走行を終了しました [シナリオ名: ログイン]
[ADMIN] 04:59:45.604130 シナリオ走行を開始しました [シナリオ名: ログイン]
[ADMIN] 04:59:45.615879 シナリオ走行を終了しました [シナリオ名: ログイン]
[ADMIN] 04:59:45.615893 シナリオ走行を開始しました [シナリオ名: ログイン]
[ADMIN] 04:59:45.700772 シナリオ走行を終了しました [シナリオ名: 新規ユーザー登録]
[ADMIN] 04:59:45.700801 シナリオ走行を開始しました [シナリオ名: 新規ユーザー登録]
[ADMIN] 04:59:45.710962 シナリオ走行を終了しました [シナリオ名: ログイン]
[ADMIN] 04:59:45.710975 シナリオ走行を開始しました [シナリオ名: ログイン]
[ADMIN] 04:59:45.759204 シナリオ走行を終了しました [シナリオ名: 新規ユーザー登録]
[ADMIN] 04:59:45.759233 シナリオ走行を開始しました [シナリオ名: 新規ユーザー登録]
[ADMIN] 04:59:45.794840 シナリオ走行を終了しました [シナリオ名: ログイン]
[ADMIN] 04:59:45.794857 シナリオ走行を開始しました [シナリオ名: ログイン]
[ADMIN] 04:59:45.814162 シナリオ走行を終了しました [シナリオ名: 新規ユーザー登録]
[ADMIN] 04:59:45.814196 シナリオ走行を開始しました [シナリオ名: 新規ユーザー登録]
[ADMIN] 04:59:45.814251 シナリオ走行を終了しました [シナリオ名: ログイン]
[ADMIN] 04:59:45.814272 シナリオ走行を開始しました [シナリオ名: ログイン]
[ADMIN] 04:59:45.823332 シナリオ走行を終了しました [シナリオ名: 新規ユーザー登録]
[ADMIN] 04:59:45.823363 シナリオ走行を開始しました [シナリオ名: 新規ユーザー登録]
[ADMIN] 04:59:45.852178 シナリオ走行を終了しました [シナリオ名: ログイン]
[ADMIN] 04:59:45.852193 シナリオ走行を開始しました [シナリオ名: ログイン]
[ADMIN] 04:59:45.860409 シナリオ走行を終了しました [シナリオ名: ログイン]
[ADMIN] 04:59:45.860425 シナリオ走行を開始しました [シナリオ名: ログイン]
[ADMIN] 04:59:45.870718 シナリオ走行を終了しました [シナリオ名: ログイン]
[ADMIN] 04:59:45.870732 シナリオ走行を開始しました [シナリオ名: ログイン]
[ADMIN] 04:59:45.900476 シナリオ走行を終了しました [シナリオ名: ログイン]
[ADMIN] 04:59:45.900492 シナリオ走行を開始しました [シナリオ名: ログイン]
[ADMIN] 04:59:45.923114 シナリオ走行を終了しました [シナリオ名: ログイン]
[ADMIN] 04:59:45.923130 シナリオ走行を開始しました [シナリオ名: ログイン]
[ADMIN] 04:59:45.930975 シナリオ走行を終了しました [シナリオ名: 新規ユーザー登録]
[ADMIN] 04:59:45.930999 シナリオ走行を開始しました [シナリオ名: 新規ユーザー登録]
[ADMIN] 04:59:45.978437 シナリオ走行を終了しました [シナリオ名: ログイン]
[ADMIN] 04:59:45.978453 シナリオ走行を開始しました [シナリオ名: ログイン]
[ADMIN] 04:59:46.041323 シナリオ走行を終了しました [シナリオ名: ログイン]
[ADMIN] 04:59:46.041338 シナリオ走行を開始しました [シナリオ名: ログイン]
[ADMIN] 04:59:46.055104 シナリオ走行を終了しました [シナリオ名: ログイン]
[ADMIN] 04:59:46.055118 シナリオ走行を開始しました [シナリオ名: ログイン]
[ADMIN] 04:59:46.083836 シナリオ走行を終了しました [シナリオ名: ログイン]
[ADMIN] 04:59:46.083852 シナリオ走行を開始しました [シナリオ名: ログイン]
[ADMIN] 04:59:46.097461 シナリオ走行を終了しました [シナリオ名: Banユーザログイン]
[ADMIN] 04:59:46.097484 シナリオ走行を開始しました [シナリオ名: Banユーザログイン]
[ADMIN] 04:59:46.097585 シナリオ走行を終了しました [シナリオ名: Banユーザログイン]
[ADMIN] 04:59:46.097606 シナリオ走行を開始しました [シナリオ名: Banユーザログイン]
[ADMIN] 04:59:46.106461 シナリオ走行を終了しました [シナリオ名: ログイン]
[ADMIN] 04:59:46.106477 シナリオ走行を開始しました [シナリオ名: ログイン]
[ADMIN] 04:59:46.153556 シナリオ走行を終了しました [シナリオ名: ログイン]
[ADMIN] 04:59:46.153571 シナリオ走行を開始しました [シナリオ名: ログイン]
[ADMIN] 04:59:46.187309 シナリオ走行を終了しました [シナリオ名: ログイン]
[ADMIN] 04:59:46.187323 シナリオ走行を開始しました [シナリオ名: ログイン]
[ADMIN] 04:59:46.204017 シナリオ走行を終了しました [シナリオ名: 新規ユーザー登録]
[ADMIN] 04:59:46.204051 シナリオ走行を開始しました [シナリオ名: 新規ユーザー登録]
[ADMIN] 04:59:46.233004 シナリオ走行を終了しました [シナリオ名: ログイン]
[ADMIN] 04:59:46.233020 シナリオ走行を開始しました [シナリオ名: ログイン]
[ADMIN] 04:59:46.242363 シナリオ走行を終了しました [シナリオ名: 新規ユーザー登録]
[ADMIN] 04:59:46.242396 シナリオ走行を開始しました [シナリオ名: 新規ユーザー登録]
[ADMIN] 04:59:46.257917 シナリオ走行を終了しました [シナリオ名: ログイン]
[ADMIN] 04:59:46.257932 シナリオ走行を開始しました [シナリオ名: ログイン]
[ADMIN] 04:59:46.270916 シナリオ走行を終了しました [シナリオ名: 新規ユーザー登録]
[ADMIN] 04:59:46.270944 シナリオ走行を開始しました [シナリオ名: 新規ユーザー登録]
[ADMIN] 04:59:46.325252 シナリオ走行を終了しました [シナリオ名: ログイン]
[ADMIN] 04:59:46.325272 シナリオ走行を開始しました [シナリオ名: ログイン]
[ADMIN] 04:59:46.358821 シナリオ走行を終了しました [シナリオ名: ログイン]
[ADMIN] 04:59:46.358838 シナリオ走行を開始しました [シナリオ名: ログイン]
[ADMIN] 04:59:46.374024 シナリオ走行を終了しました [シナリオ名: 新規ユーザー登録]
[ADMIN] 04:59:46.374057 シナリオ走行を開始しました [シナリオ名: 新規ユーザー登録]
04:59:46.413770 現在のログイン成功数: [total: 625 (+446人)]
04:59:46.413775 現在のユーザー登録成功数: [total: 360 (+226人)]
[ADMIN] 04:59:46.413751 シナリオ走行を開始しました [シナリオ名: マスター更新]
[ADMIN] 04:59:46.512254 シナリオ走行を終了しました [シナリオ名: 新規ユーザー登録]
[ADMIN] 04:59:46.512295 シナリオ走行を開始しました [シナリオ名: 新規ユーザー登録]
04:59:46.517319 マスターデータの更新が完了しました。次のマスターバージョンは「2」です。
[ADMIN] 04:59:46.518553 シナリオ走行を終了しました [シナリオ名: マスター更新]
[ADMIN] 04:59:46.555188 シナリオ走行を終了しました [シナリオ名: ログイン]
[ADMIN] 04:59:46.555203 シナリオ走行を開始しました [シナリオ名: ログイン]
[ADMIN] 04:59:46.556469 シナリオ走行を終了しました [シナリオ名: ログイン]
[ADMIN] 04:59:46.556500 シナリオ走行を開始しました [シナリオ名: ログイン]
[ADMIN] 04:59:46.556543 シナリオ走行を開始しました [シナリオ名: ログイン]
[ADMIN] 04:59:46.556548 シナリオ走行を開始しました [シナリオ名: ログイン]
[ADMIN] 04:59:46.556579 シナリオ走行を開始しました [シナリオ名: ログイン]
[ADMIN] 04:59:46.556615 シナリオ走行を開始しました [シナリオ名: ログイン]
[ADMIN] 04:59:46.556650 シナリオ走行を開始しました [シナリオ名: ログイン]
[ADMIN] 04:59:46.556684 シナリオ走行を開始しました [シナリオ名: ログイン]
[ADMIN] 04:59:46.556704 シナリオ走行を開始しました [シナリオ名: ログイン]
[ADMIN] 04:59:46.556773 シナリオ走行を開始しました [シナリオ名: ログイン]
[ADMIN] 04:59:46.556798 シナリオ走行を開始しました [シナリオ名: ログイン]
[ADMIN] 04:59:46.556806 シナリオ走行を開始しました [シナリオ名: ログイン]
[ADMIN] 04:59:46.556902 シナリオ走行を開始しました [シナリオ名: ログイン]
[ADMIN] 04:59:46.556904 シナリオ走行を開始しました [シナリオ名: ログイン]
[ADMIN] 04:59:46.602720 シナリオ走行を終了しました [シナリオ名: Banユーザログイン]
[ADMIN] 04:59:46.602740 シナリオ走行を開始しました [シナリオ名: Banユーザログイン]
[ADMIN] 04:59:46.602725 シナリオ走行を終了しました [シナリオ名: Banユーザログイン]
[ADMIN] 04:59:46.602788 シナリオ走行を開始しました [シナリオ名: Banユーザログイン]
[ADMIN] 04:59:46.644692 シナリオ走行を終了しました [シナリオ名: ログイン]
[ADMIN] 04:59:46.662854 シナリオ走行を終了しました [シナリオ名: ログイン]
[ADMIN] 04:59:46.859693 シナリオ走行を終了しました [シナリオ名: ログイン]
[ADMIN] 04:59:46.919395 シナリオ走行を終了しました [シナリオ名: ログイン]
[ADMIN] 04:59:46.919412 シナリオ走行を開始しました [シナリオ名: ログイン]
[ADMIN] 04:59:46.919470 シナリオ走行を開始しました [シナリオ名: ログイン]
[ADMIN] 04:59:46.919478 シナリオ走行を開始しました [シナリオ名: ログイン]
[ADMIN] 04:59:46.919518 シナリオ走行を開始しました [シナリオ名: ログイン]
[ADMIN] 04:59:46.926943 シナリオ走行を終了しました [シナリオ名: ログイン]
[ADMIN] 04:59:46.926955 シナリオ走行を開始しました [シナリオ名: ログイン]
[ADMIN] 04:59:46.943563 シナリオ走行を終了しました [シナリオ名: ログイン]
[ADMIN] 04:59:47.010311 シナリオ走行を終了しました [シナリオ名: ログイン]
[ADMIN] 04:59:47.010325 シナリオ走行を開始しました [シナリオ名: ログイン]
[ADMIN] 04:59:47.010390 シナリオ走行を開始しました [シナリオ名: ログイン]
[ADMIN] 04:59:47.028261 シナリオ走行を終了しました [シナリオ名: ログイン]
[ADMIN] 04:59:47.031150 シナリオ走行を終了しました [シナリオ名: ログイン]
[ADMIN] 04:59:47.031162 シナリオ走行を開始しました [シナリオ名: ログイン]
[ADMIN] 04:59:47.031218 シナリオ走行を開始しました [シナリオ名: ログイン]
[ADMIN] 04:59:47.062101 シナリオ走行を終了しました [シナリオ名: ログイン]
[ADMIN] 04:59:47.062114 シナリオ走行を開始しました [シナリオ名: ログイン]
[ADMIN] 04:59:47.063623 シナリオ走行を終了しました [シナリオ名: ログイン]
[ADMIN] 04:59:47.088751 シナリオ走行を終了しました [シナリオ名: ログイン]
[ADMIN] 04:59:47.088762 シナリオ走行を開始しました [シナリオ名: ログイン]
[ADMIN] 04:59:47.088825 シナリオ走行を開始しました [シナリオ名: ログイン]
[ADMIN] 04:59:47.106089 シナリオ走行を終了しました [シナリオ名: Banユーザログイン]
[ADMIN] 04:59:47.106108 シナリオ走行を開始しました [シナリオ名: Banユーザログイン]
[ADMIN] 04:59:47.108405 シナリオ走行を終了しました [シナリオ名: Banユーザログイン]
[ADMIN] 04:59:47.108416 シナリオ走行を開始しました [シナリオ名: Banユーザログイン]
[ADMIN] 04:59:47.157812 シナリオ走行を終了しました [シナリオ名: ログイン]
[ADMIN] 04:59:47.246928 シナリオ走行を終了しました [シナリオ名: ログイン]
[ADMIN] 04:59:47.276583 シナリオ走行を終了しました [シナリオ名: ログイン]
[ADMIN] 04:59:47.276612 シナリオ走行を開始しました [シナリオ名: ログイン]
[ADMIN] 04:59:47.276665 シナリオ走行を開始しました [シナリオ名: ログイン]
[ADMIN] 04:59:47.276667 シナリオ走行を開始しました [シナリオ名: ログイン]
[ADMIN] 04:59:47.292214 シナリオ走行を終了しました [シナリオ名: ログイン]
[ADMIN] 04:59:47.292227 シナリオ走行を開始しました [シナリオ名: ログイン]
[ADMIN] 04:59:47.390295 シナリオ走行を終了しました [シナリオ名: ログイン]
[ADMIN] 04:59:47.390312 シナリオ走行を開始しました [シナリオ名: ログイン]
[ADMIN] 04:59:47.407665 シナリオ走行を終了しました [シナリオ名: ログイン]
[ADMIN] 04:59:47.407682 シナリオ走行を開始しました [シナリオ名: ログイン]
[ADMIN] 04:59:47.414178 シナリオ走行を終了しました [シナリオ名: ログイン]
[ADMIN] 04:59:47.414196 シナリオ走行を開始しました [シナリオ名: ログイン]
[ADMIN] 04:59:47.419247 シナリオ走行を終了しました [シナリオ名: ログイン]
[ADMIN] 04:59:47.419258 シナリオ走行を開始しました [シナリオ名: ログイン]
[ADMIN] 04:59:47.423227 シナリオ走行を終了しました [シナリオ名: ログイン]
[ADMIN] 04:59:47.423236 シナリオ走行を開始しました [シナリオ名: ログイン]
[ADMIN] 04:59:47.496614 シナリオ走行を終了しました [シナリオ名: ログイン]
[ADMIN] 04:59:47.496630 シナリオ走行を開始しました [シナリオ名: ログイン]
[ADMIN] 04:59:47.511712 シナリオ走行を終了しました [シナリオ名: ログイン]
[ADMIN] 04:59:47.511726 シナリオ走行を開始しました [シナリオ名: ログイン]
[ADMIN] 04:59:47.514783 シナリオ走行を終了しました [シナリオ名: ログイン]
[ADMIN] 04:59:47.514797 シナリオ走行を開始しました [シナリオ名: ログイン]
[ADMIN] 04:59:47.534296 シナリオ走行を終了しました [シナリオ名: ログイン]
[ADMIN] 04:59:47.534311 シナリオ走行を開始しました [シナリオ名: ログイン]
[ADMIN] 04:59:47.542841 シナリオ走行を終了しました [シナリオ名: ログイン]
[ADMIN] 04:59:47.576649 シナリオ走行を終了しました [シナリオ名: ログイン]
[ADMIN] 04:59:47.576667 シナリオ走行を開始しました [シナリオ名: ログイン]
[ADMIN] 04:59:47.576720 シナリオ走行を開始しました [シナリオ名: ログイン]
[ADMIN] 04:59:47.609183 シナリオ走行を終了しました [シナリオ名: Banユーザログイン]
[ADMIN] 04:59:47.609205 シナリオ走行を開始しました [シナリオ名: Banユーザログイン]
[ADMIN] 04:59:47.610647 シナリオ走行を終了しました [シナリオ名: Banユーザログイン]
[ADMIN] 04:59:47.610672 シナリオ走行を開始しました [シナリオ名: Banユーザログイン]
[ADMIN] 04:59:47.629079 シナリオ走行を終了しました [シナリオ名: ログイン]
[ADMIN] 04:59:47.629095 シナリオ走行を開始しました [シナリオ名: ログイン]
[ADMIN] 04:59:47.637243 シナリオ走行を終了しました [シナリオ名: 新規ユーザー登録]
[ADMIN] 04:59:47.637281 シナリオ走行を開始しました [シナリオ名: 新規ユーザー登録]
[ADMIN] 04:59:47.743920 シナリオ走行を終了しました [シナリオ名: 新規ユーザー登録]
[ADMIN] 04:59:47.743971 シナリオ走行を開始しました [シナリオ名: 新規ユーザー登録]
[ADMIN] 04:59:47.744004 シナリオ走行を開始しました [シナリオ名: 新規ユーザー登録]
[ADMIN] 04:59:47.744022 シナリオ走行を開始しました [シナリオ名: 新規ユーザー登録]
[ADMIN] 04:59:47.744065 シナリオ走行を開始しました [シナリオ名: 新規ユーザー登録]
[ADMIN] 04:59:47.744157 シナリオ走行を開始しました [シナリオ名: 新規ユーザー登録]
[ADMIN] 04:59:47.744159 シナリオ走行を開始しました [シナリオ名: 新規ユーザー登録]
[ADMIN] 04:59:47.744159 シナリオ走行を開始しました [シナリオ名: 新規ユーザー登録]
[ADMIN] 04:59:47.744165 シナリオ走行を開始しました [シナリオ名: 新規ユーザー登録]
[ADMIN] 04:59:47.744167 シナリオ走行を開始しました [シナリオ名: 新規ユーザー登録]
[ADMIN] 04:59:47.762364 シナリオ走行を終了しました [シナリオ名: ログイン]
[ADMIN] 04:59:47.762382 シナリオ走行を開始しました [シナリオ名: ログイン]
[ADMIN] 04:59:47.777849 シナリオ走行を終了しました [シナリオ名: ログイン]
[ADMIN] 04:59:47.777862 シナリオ走行を開始しました [シナリオ名: ログイン]
[ADMIN] 04:59:47.785397 シナリオ走行を終了しました [シナリオ名: 新規ユーザー登録]
[ADMIN] 04:59:47.788842 シナリオ走行を終了しました [シナリオ名: ログイン]
[ADMIN] 04:59:47.788855 シナリオ走行を開始しました [シナリオ名: ログイン]
[ADMIN] 04:59:47.830008 シナリオ走行を終了しました [シナリオ名: ログイン]
[ADMIN] 04:59:47.830025 シナリオ走行を開始しました [シナリオ名: ログイン]
[ADMIN] 04:59:47.871023 シナリオ走行を終了しました [シナリオ名: 新規ユーザー登録]
[ADMIN] 04:59:47.912402 シナリオ走行を終了しました [シナリオ名: ログイン]
[ADMIN] 04:59:47.912416 シナリオ走行を開始しました [シナリオ名: ログイン]
[ADMIN] 04:59:47.935888 シナリオ走行を終了しました [シナリオ名: ログイン]
[ADMIN] 04:59:47.935903 シナリオ走行を開始しました [シナリオ名: ログイン]
[ADMIN] 04:59:48.001803 シナリオ走行を終了しました [シナリオ名: ログイン]
[ADMIN] 04:59:48.001816 シナリオ走行を開始しました [シナリオ名: ログイン]
[ADMIN] 04:59:48.002263 シナリオ走行を終了しました [シナリオ名: ログイン]
[ADMIN] 04:59:48.002272 シナリオ走行を開始しました [シナリオ名: ログイン]
[ADMIN] 04:59:48.011852 シナリオ走行を終了しました [シナリオ名: ログイン]
[ADMIN] 04:59:48.011862 シナリオ走行を開始しました [シナリオ名: ログイン]
[ADMIN] 04:59:48.025647 シナリオ走行を終了しました [シナリオ名: ログイン]
[ADMIN] 04:59:48.025660 シナリオ走行を開始しました [シナリオ名: ログイン]
[ADMIN] 04:59:48.088358 シナリオ走行を終了しました [シナリオ名: ログイン]
[ADMIN] 04:59:48.088372 シナリオ走行を開始しました [シナリオ名: ログイン]
[ADMIN] 04:59:48.115407 シナリオ走行を終了しました [シナリオ名: Banユーザログイン]
[ADMIN] 04:59:48.115426 シナリオ走行を開始しました [シナリオ名: Banユーザログイン]
[ADMIN] 04:59:48.128671 シナリオ走行を終了しました [シナリオ名: 新規ユーザー登録]
[ADMIN] 04:59:48.129695 シナリオ走行を終了しました [シナリオ名: Banユーザログイン]
[ADMIN] 04:59:48.129708 シナリオ走行を開始しました [シナリオ名: Banユーザログイン]
[ADMIN] 04:59:48.129767 シナリオ走行を開始しました [シナリオ名: Banユーザログイン]
[ADMIN] 04:59:48.129780 シナリオ走行を開始しました [シナリオ名: Banユーザログイン]
[ADMIN] 04:59:48.256245 シナリオ走行を終了しました [シナリオ名: ログイン]
[ADMIN] 04:59:48.256260 シナリオ走行を開始しました [シナリオ名: ログイン]
[ADMIN] 04:59:48.326193 シナリオ走行を終了しました [シナリオ名: ログイン]
[ADMIN] 04:59:48.326208 シナリオ走行を開始しました [シナリオ名: ログイン]
[ADMIN] 04:59:48.343885 シナリオ走行を終了しました [シナリオ名: ログイン]
[ADMIN] 04:59:48.343898 シナリオ走行を開始しました [シナリオ名: ログイン]
[ADMIN] 04:59:48.363803 シナリオ走行を終了しました [シナリオ名: ログイン]
[ADMIN] 04:59:48.363819 シナリオ走行を開始しました [シナリオ名: ログイン]
[ADMIN] 04:59:48.367932 シナリオ走行を終了しました [シナリオ名: ログイン]
[ADMIN] 04:59:48.367942 シナリオ走行を開始しました [シナリオ名: ログイン]
[ADMIN] 04:59:48.523324 シナリオ走行を終了しました [シナリオ名: ログイン]
[ADMIN] 04:59:48.523338 シナリオ走行を開始しました [シナリオ名: ログイン]
[ADMIN] 04:59:48.583396 シナリオ走行を終了しました [シナリオ名: ログイン]
[ADMIN] 04:59:48.583413 シナリオ走行を開始しました [シナリオ名: ログイン]
[ADMIN] 04:59:48.584983 シナリオ走行を終了しました [シナリオ名: ログイン]
[ADMIN] 04:59:48.584995 シナリオ走行を開始しました [シナリオ名: ログイン]
[ADMIN] 04:59:48.598698 シナリオ走行を終了しました [シナリオ名: ログイン]
[ADMIN] 04:59:48.598712 シナリオ走行を開始しました [シナリオ名: ログイン]
[ADMIN] 04:59:48.615886 シナリオ走行を終了しました [シナリオ名: ログイン]
[ADMIN] 04:59:48.615901 シナリオ走行を開始しました [シナリオ名: ログイン]
[ADMIN] 04:59:48.619413 シナリオ走行を終了しました [シナリオ名: Banユーザログイン]
[ADMIN] 04:59:48.633416 シナリオ走行を終了しました [シナリオ名: Banユーザログイン]
[ADMIN] 04:59:48.633445 シナリオ走行を開始しました [シナリオ名: Banユーザログイン]
[ADMIN] 04:59:48.633448 シナリオ走行を開始しました [シナリオ名: Banユーザログイン]
[ADMIN] 04:59:48.635019 シナリオ走行を終了しました [シナリオ名: Banユーザログイン]
[ADMIN] 04:59:48.635037 シナリオ走行を開始しました [シナリオ名: Banユーザログイン]
[ADMIN] 04:59:48.642539 シナリオ走行を終了しました [シナリオ名: Banユーザログイン]
[ADMIN] 04:59:48.642563 シナリオ走行を開始しました [シナリオ名: Banユーザログイン]
[ADMIN] 04:59:48.650222 シナリオ走行を終了しました [シナリオ名: ログイン]
[ADMIN] 04:59:48.650241 シナリオ走行を開始しました [シナリオ名: ログイン]
[ADMIN] 04:59:48.658963 シナリオ走行を終了しました [シナリオ名: ログイン]
[ADMIN] 04:59:48.658978 シナリオ走行を開始しました [シナリオ名: ログイン]
[ADMIN] 04:59:48.706697 シナリオ走行を終了しました [シナリオ名: ログイン]
[ADMIN] 04:59:48.706713 シナリオ走行を開始しました [シナリオ名: ログイン]
[ADMIN] 04:59:48.741821 シナリオ走行を終了しました [シナリオ名: ログイン]
[ADMIN] 04:59:48.741836 シナリオ走行を開始しました [シナリオ名: ログイン]
[ADMIN] 04:59:48.765167 シナリオ走行を終了しました [シナリオ名: 新規ユーザー登録]
[ADMIN] 04:59:48.765196 シナリオ走行を開始しました [シナリオ名: 新規ユーザー登録]
[ADMIN] 04:59:48.765233 シナリオ走行を開始しました [シナリオ名: 新規ユーザー登録]
[ADMIN] 04:59:48.765285 シナリオ走行を開始しました [シナリオ名: 新規ユーザー登録]
[ADMIN] 04:59:48.765324 シナリオ走行を開始しました [シナリオ名: 新規ユーザー登録]
[ADMIN] 04:59:48.766128 シナリオ走行を終了しました [シナリオ名: ログイン]
[ADMIN] 04:59:48.766136 シナリオ走行を開始しました [シナリオ名: ログイン]
[ADMIN] 04:59:48.794947 シナリオ走行を終了しました [シナリオ名: ログイン]
[ADMIN] 04:59:48.794961 シナリオ走行を開始しました [シナリオ名: ログイン]
[ADMIN] 04:59:48.842727 シナリオ走行を終了しました [シナリオ名: ログイン]
[ADMIN] 04:59:48.842745 シナリオ走行を開始しました [シナリオ名: ログイン]
[ADMIN] 04:59:48.853594 シナリオ走行を終了しました [シナリオ名: ログイン]
[ADMIN] 04:59:48.853608 シナリオ走行を開始しました [シナリオ名: ログイン]
[ADMIN] 04:59:48.882253 シナリオ走行を終了しました [シナリオ名: ログイン]
[ADMIN] 04:59:48.882267 シナリオ走行を開始しました [シナリオ名: ログイン]
[ADMIN] 04:59:48.886294 シナリオ走行を終了しました [シナリオ名: ログイン]
[ADMIN] 04:59:48.886304 シナリオ走行を開始しました [シナリオ名: ログイン]
[ADMIN] 04:59:48.890685 シナリオ走行を終了しました [シナリオ名: 新規ユーザー登録]
[ADMIN] 04:59:48.890705 シナリオ走行を開始しました [シナリオ名: 新規ユーザー登録]
[ADMIN] 04:59:48.897056 シナリオ走行を終了しました [シナリオ名: 新規ユーザー登録]
[ADMIN] 04:59:48.897074 シナリオ走行を開始しました [シナリオ名: 新規ユーザー登録]
[ADMIN] 04:59:48.897386 シナリオ走行を終了しました [シナリオ名: 新規ユーザー登録]
[ADMIN] 04:59:48.904606 シナリオ走行を終了しました [シナリオ名: 新規ユーザー登録]
[ADMIN] 04:59:48.904625 シナリオ走行を開始しました [シナリオ名: 新規ユーザー登録]
[ADMIN] 04:59:48.904670 シナリオ走行を開始しました [シナリオ名: 新規ユーザー登録]
[ADMIN] 04:59:48.918699 シナリオ走行を終了しました [シナリオ名: 新規ユーザー登録]
[ADMIN] 04:59:48.918721 シナリオ走行を開始しました [シナリオ名: 新規ユーザー登録]
[ADMIN] 04:59:48.922387 シナリオ走行を終了しました [シナリオ名: 新規ユーザー登録]
[ADMIN] 04:59:48.922402 シナリオ走行を開始しました [シナリオ名: 新規ユーザー登録]
[ADMIN] 04:59:48.953440 シナリオ走行を終了しました [シナリオ名: ログイン]
[ADMIN] 04:59:48.953454 シナリオ走行を開始しました [シナリオ名: ログイン]
[ADMIN] 04:59:49.009172 シナリオ走行を終了しました [シナリオ名: 新規ユーザー登録]
[ADMIN] 04:59:49.009199 シナリオ走行を開始しました [シナリオ名: 新規ユーザー登録]
[ADMIN] 04:59:49.023656 シナリオ走行を終了しました [シナリオ名: ログイン]
[ADMIN] 04:59:49.023667 シナリオ走行を開始しました [シナリオ名: ログイン]
[ADMIN] 04:59:49.030091 シナリオ走行を終了しました [シナリオ名: ログイン]
[ADMIN] 04:59:49.030101 シナリオ走行を開始しました [シナリオ名: ログイン]
[ADMIN] 04:59:49.030911 シナリオ走行を終了しました [シナリオ名: 新規ユーザー登録]
[ADMIN] 04:59:49.030940 シナリオ走行を開始しました [シナリオ名: 新規ユーザー登録]
[ADMIN] 04:59:49.077566 シナリオ走行を終了しました [シナリオ名: 新規ユーザー登録]
[ADMIN] 04:59:49.077588 シナリオ走行を開始しました [シナリオ名: 新規ユーザー登録]
[ADMIN] 04:59:49.136037 シナリオ走行を終了しました [シナリオ名: Banユーザログイン]
[ADMIN] 04:59:49.136058 シナリオ走行を開始しました [シナリオ名: Banユーザログイン]
[ADMIN] 04:59:49.137444 シナリオ走行を終了しました [シナリオ名: Banユーザログイン]
[ADMIN] 04:59:49.137460 シナリオ走行を開始しました [シナリオ名: Banユーザログイン]
[ADMIN] 04:59:49.138816 シナリオ走行を終了しました [シナリオ名: Banユーザログイン]
[ADMIN] 04:59:49.138830 シナリオ走行を開始しました [シナリオ名: Banユーザログイン]
[ADMIN] 04:59:49.146396 シナリオ走行を終了しました [シナリオ名: Banユーザログイン]
[ADMIN] 04:59:49.146409 シナリオ走行を開始しました [シナリオ名: Banユーザログイン]
[ADMIN] 04:59:49.148274 シナリオ走行を終了しました [シナリオ名: ログイン]
[ADMIN] 04:59:49.148282 シナリオ走行を開始しました [シナリオ名: ログイン]
[ADMIN] 04:59:49.199875 シナリオ走行を終了しました [シナリオ名: ログイン]
[ADMIN] 04:59:49.199884 シナリオ走行を開始しました [シナリオ名: ログイン]
[ADMIN] 04:59:49.323328 シナリオ走行を終了しました [シナリオ名: ログイン]
[ADMIN] 04:59:49.323339 シナリオ走行を開始しました [シナリオ名: ログイン]
[ADMIN] 04:59:49.349701 シナリオ走行を終了しました [シナリオ名: ログイン]
[ADMIN] 04:59:49.349714 シナリオ走行を開始しました [シナリオ名: ログイン]
[ADMIN] 04:59:49.360043 シナリオ走行を終了しました [シナリオ名: ログイン]
[ADMIN] 04:59:49.360055 シナリオ走行を開始しました [シナリオ名: ログイン]
[ADMIN] 04:59:49.385692 シナリオ走行を終了しました [シナリオ名: ログイン]
[ADMIN] 04:59:49.385704 シナリオ走行を開始しました [シナリオ名: ログイン]
[ADMIN] 04:59:49.396821 シナリオ走行を終了しました [シナリオ名: ログイン]
[ADMIN] 04:59:49.396831 シナリオ走行を開始しました [シナリオ名: ログイン]
[ADMIN] 04:59:49.406519 シナリオ走行を終了しました [シナリオ名: ログイン]
[ADMIN] 04:59:49.406531 シナリオ走行を開始しました [シナリオ名: ログイン]
[ADMIN] 04:59:49.538312 シナリオ走行を終了しました [シナリオ名: ログイン]
[ADMIN] 04:59:49.538324 シナリオ走行を開始しました [シナリオ名: ログイン]
[ADMIN] 04:59:49.552394 シナリオ走行を終了しました [シナリオ名: ログイン]
[ADMIN] 04:59:49.552406 シナリオ走行を開始しました [シナリオ名: ログイン]
[ADMIN] 04:59:49.574370 シナリオ走行を終了しました [シナリオ名: ログイン]
[ADMIN] 04:59:49.574381 シナリオ走行を終了しました [シナリオ名: 新規ユーザー登録]
[ADMIN] 04:59:49.574385 シナリオ走行を開始しました [シナリオ名: ログイン]
[ADMIN] 04:59:49.574398 シナリオ走行を開始しました [シナリオ名: 新規ユーザー登録]
[ADMIN] 04:59:49.626736 シナリオ走行を終了しました [シナリオ名: ログイン]
[ADMIN] 04:59:49.626750 シナリオ走行を開始しました [シナリオ名: ログイン]
[ADMIN] 04:59:49.640143 シナリオ走行を終了しました [シナリオ名: Banユーザログイン]
[ADMIN] 04:59:49.640166 シナリオ走行を開始しました [シナリオ名: Banユーザログイン]
[ADMIN] 04:59:49.641585 シナリオ走行を終了しました [シナリオ名: Banユーザログイン]
[ADMIN] 04:59:49.641595 シナリオ走行を終了しました [シナリオ名: Banユーザログイン]
[ADMIN] 04:59:49.641596 シナリオ走行を開始しました [シナリオ名: Banユーザログイン]
[ADMIN] 04:59:49.641607 シナリオ走行を開始しました [シナリオ名: Banユーザログイン]
[ADMIN] 04:59:49.662314 シナリオ走行を終了しました [シナリオ名: Banユーザログイン]
[ADMIN] 04:59:49.662339 シナリオ走行を開始しました [シナリオ名: Banユーザログイン]
[ADMIN] 04:59:49.701898 シナリオ走行を終了しました [シナリオ名: ログイン]
[ADMIN] 04:59:49.701911 シナリオ走行を開始しました [シナリオ名: ログイン]
[ADMIN] 04:59:49.753985 シナリオ走行を終了しました [シナリオ名: ログイン]
[ADMIN] 04:59:49.753999 シナリオ走行を開始しました [シナリオ名: ログイン]
[ADMIN] 04:59:49.812193 シナリオ走行を終了しました [シナリオ名: ログイン]
[ADMIN] 04:59:49.812207 シナリオ走行を開始しました [シナリオ名: ログイン]
[ADMIN] 04:59:49.842672 シナリオ走行を終了しました [シナリオ名: ログイン]
[ADMIN] 04:59:49.842684 シナリオ走行を開始しました [シナリオ名: ログイン]
[ADMIN] 04:59:49.859749 シナリオ走行を終了しました [シナリオ名: 新規ユーザー登録]
[ADMIN] 04:59:49.859775 シナリオ走行を開始しました [シナリオ名: 新規ユーザー登録]
[ADMIN] 04:59:49.880013 シナリオ走行を終了しました [シナリオ名: ログイン]
[ADMIN] 04:59:49.880025 シナリオ走行を開始しました [シナリオ名: ログイン]
[ADMIN] 04:59:49.926080 シナリオ走行を終了しました [シナリオ名: ログイン]
[ADMIN] 04:59:49.926096 シナリオ走行を開始しました [シナリオ名: ログイン]
[ADMIN] 04:59:50.000572 シナリオ走行を終了しました [シナリオ名: ログイン]
[ADMIN] 04:59:50.000588 シナリオ走行を開始しました [シナリオ名: ログイン]
[ADMIN] 04:59:50.001313 シナリオ走行を終了しました [シナリオ名: ログイン]
[ADMIN] 04:59:50.001323 シナリオ走行を開始しました [シナリオ名: ログイン]
[ADMIN] 04:59:50.002683 シナリオ走行を終了しました [シナリオ名: ログイン]
[ADMIN] 04:59:50.002692 シナリオ走行を開始しました [シナリオ名: ログイン]
[ADMIN] 04:59:50.010941 シナリオ走行を終了しました [シナリオ名: ログイン]
[ADMIN] 04:59:50.010952 シナリオ走行を開始しました [シナリオ名: ログイン]
[ADMIN] 04:59:50.033050 シナリオ走行を終了しました [シナリオ名: ログイン]
[ADMIN] 04:59:50.033063 シナリオ走行を開始しました [シナリオ名: ログイン]
[ADMIN] 04:59:50.069103 シナリオ走行を終了しました [シナリオ名: ログイン]
[ADMIN] 04:59:50.069119 シナリオ走行を開始しました [シナリオ名: ログイン]
[ADMIN] 04:59:50.144257 シナリオ走行を終了しました [シナリオ名: Banユーザログイン]
[ADMIN] 04:59:50.144279 シナリオ走行を開始しました [シナリオ名: Banユーザログイン]
[ADMIN] 04:59:50.145704 シナリオ走行を終了しました [シナリオ名: Banユーザログイン]
[ADMIN] 04:59:50.145715 シナリオ走行を開始しました [シナリオ名: Banユーザログイン]
[ADMIN] 04:59:50.145716 シナリオ走行を終了しました [シナリオ名: Banユーザログイン]
[ADMIN] 04:59:50.145732 シナリオ走行を開始しました [シナリオ名: Banユーザログイン]
[ADMIN] 04:59:50.162030 シナリオ走行を終了しました [シナリオ名: 新規ユーザー登録]
[ADMIN] 04:59:50.162051 シナリオ走行を開始しました [シナリオ名: 新規ユーザー登録]
[ADMIN] 04:59:50.164206 シナリオ走行を終了しました [シナリオ名: Banユーザログイン]
[ADMIN] 04:59:50.164218 シナリオ走行を開始しました [シナリオ名: Banユーザログイン]
[ADMIN] 04:59:50.170592 シナリオ走行を終了しました [シナリオ名: ログイン]
[ADMIN] 04:59:50.170603 シナリオ走行を開始しました [シナリオ名: ログイン]
[ADMIN] 04:59:50.259037 シナリオ走行を終了しました [シナリオ名: 新規ユーザー登録]
[ADMIN] 04:59:50.259065 シナリオ走行を開始しました [シナリオ名: 新規ユーザー登録]
[ADMIN] 04:59:50.271037 シナリオ走行を終了しました [シナリオ名: 新規ユーザー登録]
[ADMIN] 04:59:50.271060 シナリオ走行を開始しました [シナリオ名: 新規ユーザー登録]
[ADMIN] 04:59:50.280014 シナリオ走行を終了しました [シナリオ名: 新規ユーザー登録]
[ADMIN] 04:59:50.280037 シナリオ走行を開始しました [シナリオ名: 新規ユーザー登録]
[ADMIN] 04:59:50.283833 シナリオ走行を終了しました [シナリオ名: ログイン]
[ADMIN] 04:59:50.283844 シナリオ走行を開始しました [シナリオ名: ログイン]
[ADMIN] 04:59:50.327961 シナリオ走行を終了しました [シナリオ名: 新規ユーザー登録]
[ADMIN] 04:59:50.327984 シナリオ走行を開始しました [シナリオ名: 新規ユーザー登録]
[ADMIN] 04:59:50.328976 シナリオ走行を終了しました [シナリオ名: 新規ユーザー登録]
[ADMIN] 04:59:50.328991 シナリオ走行を開始しました [シナリオ名: 新規ユーザー登録]
[ADMIN] 04:59:50.368022 シナリオ走行を終了しました [シナリオ名: 新規ユーザー登録]
[ADMIN] 04:59:50.368044 シナリオ走行を開始しました [シナリオ名: 新規ユーザー登録]
[ADMIN] 04:59:50.413385 シナリオ走行を終了しました [シナリオ名: ログイン]
[ADMIN] 04:59:50.413404 シナリオ走行を開始しました [シナリオ名: ログイン]
[ADMIN] 04:59:50.413754 シナリオ走行を終了しました [シナリオ名: ログイン]
[ADMIN] 04:59:50.413765 シナリオ走行を開始しました [シナリオ名: ログイン]
[ADMIN] 04:59:50.414217 シナリオ走行を終了しました [シナリオ名: ログイン]
[ADMIN] 04:59:50.414226 シナリオ走行を開始しました [シナリオ名: ログイン]
[ADMIN] 04:59:50.417387 シナリオ走行を終了しました [シナリオ名: ログイン]
[ADMIN] 04:59:50.417396 シナリオ走行を開始しました [シナリオ名: ログイン]
[ADMIN] 04:59:50.420613 シナリオ走行を終了しました [シナリオ名: 新規ユーザー登録]
[ADMIN] 04:59:50.420634 シナリオ走行を開始しました [シナリオ名: 新規ユーザー登録]
[ADMIN] 04:59:50.429102 シナリオ走行を終了しました [シナリオ名: ログイン]
[ADMIN] 04:59:50.429113 シナリオ走行を開始しました [シナリオ名: ログイン]
[ADMIN] 04:59:50.462002 シナリオ走行を終了しました [シナリオ名: ログイン]
[ADMIN] 04:59:50.462019 シナリオ走行を開始しました [シナリオ名: ログイン]
[ADMIN] 04:59:50.485424 シナリオ走行を終了しました [シナリオ名: 新規ユーザー登録]
[ADMIN] 04:59:50.485457 シナリオ走行を開始しました [シナリオ名: 新規ユーザー登録]
[ADMIN] 04:59:50.503554 シナリオ走行を終了しました [シナリオ名: ログイン]
[ADMIN] 04:59:50.503569 シナリオ走行を開始しました [シナリオ名: ログイン]
[ADMIN] 04:59:50.583590 シナリオ走行を終了しました [シナリオ名: 新規ユーザー登録]
[ADMIN] 04:59:50.583619 シナリオ走行を開始しました [シナリオ名: 新規ユーザー登録]
[ADMIN] 04:59:50.587666 シナリオ走行を終了しました [シナリオ名: ログイン]
[ADMIN] 04:59:50.587680 シナリオ走行を開始しました [シナリオ名: ログイン]
[ADMIN] 04:59:50.648754 シナリオ走行を終了しました [シナリオ名: Banユーザログイン]
[ADMIN] 04:59:50.648766 シナリオ走行を開始しました [シナリオ名: Banユーザログイン]
[ADMIN] 04:59:50.650207 シナリオ走行を終了しました [シナリオ名: Banユーザログイン]
[ADMIN] 04:59:50.650224 シナリオ走行を開始しました [シナリオ名: Banユーザログイン]
[ADMIN] 04:59:50.651620 シナリオ走行を終了しました [シナリオ名: Banユーザログイン]
[ADMIN] 04:59:50.651638 シナリオ走行を開始しました [シナリオ名: Banユーザログイン]
[ADMIN] 04:59:50.653797 シナリオ走行を終了しました [シナリオ名: 新規ユーザー登録]
[ADMIN] 04:59:50.653816 シナリオ走行を開始しました [シナリオ名: 新規ユーザー登録]
[ADMIN] 04:59:50.668839 シナリオ走行を終了しました [シナリオ名: Banユーザログイン]
[ADMIN] 04:59:50.668862 シナリオ走行を開始しました [シナリオ名: Banユーザログイン]
[ADMIN] 04:59:50.675633 シナリオ走行を終了しました [シナリオ名: ログイン]
[ADMIN] 04:59:50.675649 シナリオ走行を開始しました [シナリオ名: ログイン]
[ADMIN] 04:59:50.691106 シナリオ走行を終了しました [シナリオ名: ログイン]
[ADMIN] 04:59:50.691124 シナリオ走行を開始しました [シナリオ名: ログイン]
[ADMIN] 04:59:50.794744 シナリオ走行を終了しました [シナリオ名: ログイン]
[ADMIN] 04:59:50.794760 シナリオ走行を開始しました [シナリオ名: ログイン]
[ADMIN] 04:59:50.863306 シナリオ走行を終了しました [シナリオ名: ログイン]
[ADMIN] 04:59:50.863414 シナリオ走行を開始しました [シナリオ名: ログイン]
[ADMIN] 04:59:50.863381 シナリオ走行を終了しました [シナリオ名: ログイン]
[ADMIN] 04:59:50.863518 シナリオ走行を開始しました [シナリオ名: ログイン]
[ADMIN] 04:59:50.872118 シナリオ走行を終了しました [シナリオ名: 新規ユーザー登録]
[ADMIN] 04:59:50.872152 シナリオ走行を開始しました [シナリオ名: 新規ユーザー登録]
[ADMIN] 04:59:50.931359 シナリオ走行を終了しました [シナリオ名: ログイン]
[ADMIN] 04:59:50.931376 シナリオ走行を開始しました [シナリオ名: ログイン]
[ADMIN] 04:59:50.953400 シナリオ走行を終了しました [シナリオ名: ログイン]
[ADMIN] 04:59:50.953414 シナリオ走行を開始しました [シナリオ名: ログイン]
[ADMIN] 04:59:50.953606 シナリオ走行を終了しました [シナリオ名: ログイン]
[ADMIN] 04:59:50.953616 シナリオ走行を開始しました [シナリオ名: ログイン]
[ADMIN] 04:59:51.014925 シナリオ走行を終了しました [シナリオ名: ログイン]
[ADMIN] 04:59:51.014939 シナリオ走行を開始しました [シナリオ名: ログイン]
[ADMIN] 04:59:51.072087 シナリオ走行を終了しました [シナリオ名: ログイン]
[ADMIN] 04:59:51.072105 シナリオ走行を開始しました [シナリオ名: ログイン]
[ADMIN] 04:59:51.089363 シナリオ走行を終了しました [シナリオ名: ログイン]
[ADMIN] 04:59:51.089377 シナリオ走行を開始しました [シナリオ名: ログイン]
[ADMIN] 04:59:51.132878 シナリオ走行を終了しました [シナリオ名: 新規ユーザー登録]
[ADMIN] 04:59:51.132907 シナリオ走行を開始しました [シナリオ名: 新規ユーザー登録]
[ADMIN] 04:59:51.145496 シナリオ走行を終了しました [シナリオ名: ログイン]
[ADMIN] 04:59:51.145513 シナリオ走行を開始しました [シナリオ名: ログイン]
[ADMIN] 04:59:51.155296 シナリオ走行を終了しました [シナリオ名: Banユーザログイン]
[ADMIN] 04:59:51.155314 シナリオ走行を終了しました [シナリオ名: Banユーザログイン]
[ADMIN] 04:59:51.155330 シナリオ走行を開始しました [シナリオ名: Banユーザログイン]
[ADMIN] 04:59:51.155314 シナリオ走行を開始しました [シナリオ名: Banユーザログイン]
[ADMIN] 04:59:51.155731 シナリオ走行を終了しました [シナリオ名: Banユーザログイン]
[ADMIN] 04:59:51.155754 シナリオ走行を開始しました [シナリオ名: Banユーザログイン]
[ADMIN] 04:59:51.157977 シナリオ走行を終了しました [シナリオ名: ログイン]
[ADMIN] 04:59:51.157985 シナリオ走行を開始しました [シナリオ名: ログイン]
[ADMIN] 04:59:51.192741 シナリオ走行を終了しました [シナリオ名: Banユーザログイン]
[ADMIN] 04:59:51.192761 シナリオ走行を開始しました [シナリオ名: Banユーザログイン]
[ADMIN] 04:59:51.202646 シナリオ走行を終了しました [シナリオ名: ログイン]
[ADMIN] 04:59:51.202661 シナリオ走行を開始しました [シナリオ名: ログイン]
[ADMIN] 04:59:51.270799 シナリオ走行を終了しました [シナリオ名: ログイン]
[ADMIN] 04:59:51.270815 シナリオ走行を開始しました [シナリオ名: ログイン]
[ADMIN] 04:59:51.286966 シナリオ走行を終了しました [シナリオ名: ログイン]
[ADMIN] 04:59:51.286984 シナリオ走行を開始しました [シナリオ名: ログイン]
[ADMIN] 04:59:51.308116 シナリオ走行を終了しました [シナリオ名: 新規ユーザー登録]
[ADMIN] 04:59:51.308145 シナリオ走行を開始しました [シナリオ名: 新規ユーザー登録]
[ADMIN] 04:59:51.334747 シナリオ走行を終了しました [シナリオ名: 新規ユーザー登録]
[ADMIN] 04:59:51.334774 シナリオ走行を開始しました [シナリオ名: 新規ユーザー登録]
[ADMIN] 04:59:51.388026 シナリオ走行を終了しました [シナリオ名: ログイン]
[ADMIN] 04:59:51.388041 シナリオ走行を開始しました [シナリオ名: ログイン]
[ADMIN] 04:59:51.443584 シナリオ走行を終了しました [シナリオ名: ログイン]
[ADMIN] 04:59:51.443601 シナリオ走行を開始しました [シナリオ名: ログイン]
[ADMIN] 04:59:51.537264 シナリオ走行を終了しました [シナリオ名: ログイン]
[ADMIN] 04:59:51.537281 シナリオ走行を開始しました [シナリオ名: ログイン]
[ADMIN] 04:59:51.588917 シナリオ走行を終了しました [シナリオ名: ログイン]
[ADMIN] 04:59:51.588933 シナリオ走行を開始しました [シナリオ名: ログイン]
[ADMIN] 04:59:51.646278 シナリオ走行を終了しました [シナリオ名: ログイン]
[ADMIN] 04:59:51.646291 シナリオ走行を開始しました [シナリオ名: ログイン]
[ADMIN] 04:59:51.646669 シナリオ走行を終了しました [シナリオ名: ログイン]
[ADMIN] 04:59:51.646705 シナリオ走行を開始しました [シナリオ名: ログイン]
[ADMIN] 04:59:51.654690 シナリオ走行を終了しました [シナリオ名: ログイン]
[ADMIN] 04:59:51.654709 シナリオ走行を開始しました [シナリオ名: ログイン]
[ADMIN] 04:59:51.654811 シナリオ走行を終了しました [シナリオ名: 新規ユーザー登録]
[ADMIN] 04:59:51.654884 シナリオ走行を開始しました [シナリオ名: 新規ユーザー登録]
[ADMIN] 04:59:51.660429 シナリオ走行を終了しました [シナリオ名: Banユーザログイン]
[ADMIN] 04:59:51.660450 シナリオ走行を開始しました [シナリオ名: Banユーザログイン]
[ADMIN] 04:59:51.660497 シナリオ走行を終了しました [シナリオ名: Banユーザログイン]
[ADMIN] 04:59:51.660531 シナリオ走行を開始しました [シナリオ名: Banユーザログイン]
[ADMIN] 04:59:51.660433 シナリオ走行を終了しました [シナリオ名: Banユーザログイン]
[ADMIN] 04:59:51.660645 シナリオ走行を開始しました [シナリオ名: Banユーザログイン]
[ADMIN] 04:59:51.695058 シナリオ走行を終了しました [シナリオ名: Banユーザログイン]
[ADMIN] 04:59:51.695082 シナリオ走行を開始しました [シナリオ名: Banユーザログイン]
[ADMIN] 04:59:51.700625 シナリオ走行を終了しました [シナリオ名: ログイン]
[ADMIN] 04:59:51.700637 シナリオ走行を開始しました [シナリオ名: ログイン]
[ADMIN] 04:59:51.731427 シナリオ走行を終了しました [シナリオ名: ログイン]
[ADMIN] 04:59:51.731441 シナリオ走行を開始しました [シナリオ名: ログイン]
[ADMIN] 04:59:51.750554 シナリオ走行を終了しました [シナリオ名: ログイン]
[ADMIN] 04:59:51.750573 シナリオ走行を開始しました [シナリオ名: ログイン]
[ADMIN] 04:59:51.752518 シナリオ走行を終了しました [シナリオ名: ログイン]
[ADMIN] 04:59:51.752531 シナリオ走行を開始しました [シナリオ名: ログイン]
[ADMIN] 04:59:51.786864 シナリオ走行を終了しました [シナリオ名: 新規ユーザー登録]
[ADMIN] 04:59:51.786883 シナリオ走行を開始しました [シナリオ名: 新規ユーザー登録]
[ADMIN] 04:59:51.788464 シナリオ走行を終了しました [シナリオ名: 新規ユーザー登録]
[ADMIN] 04:59:51.788484 シナリオ走行を開始しました [シナリオ名: 新規ユーザー登録]
[ADMIN] 04:59:51.812981 シナリオ走行を終了しました [シナリオ名: 新規ユーザー登録]
[ADMIN] 04:59:51.812997 シナリオ走行を開始しました [シナリオ名: 新規ユーザー登録]
[ADMIN] 04:59:51.860174 シナリオ走行を終了しました [シナリオ名: ログイン]
[ADMIN] 04:59:51.860190 シナリオ走行を開始しました [シナリオ名: ログイン]
[ADMIN] 04:59:51.961200 シナリオ走行を終了しました [シナリオ名: 新規ユーザー登録]
[ADMIN] 04:59:51.961227 シナリオ走行を開始しました [シナリオ名: 新規ユーザー登録]
[ADMIN] 04:59:51.984204 シナリオ走行を終了しました [シナリオ名: 新規ユーザー登録]
[ADMIN] 04:59:51.984229 シナリオ走行を開始しました [シナリオ名: 新規ユーザー登録]
[ADMIN] 04:59:52.004608 シナリオ走行を終了しました [シナリオ名: ログイン]
[ADMIN] 04:59:52.004621 シナリオ走行を開始しました [シナリオ名: ログイン]
[ADMIN] 04:59:52.008161 シナリオ走行を終了しました [シナリオ名: ログイン]
[ADMIN] 04:59:52.008173 シナリオ走行を開始しました [シナリオ名: ログイン]
[ADMIN] 04:59:52.067355 シナリオ走行を終了しました [シナリオ名: 新規ユーザー登録]
[ADMIN] 04:59:52.067382 シナリオ走行を開始しました [シナリオ名: 新規ユーザー登録]
[ADMIN] 04:59:52.099125 シナリオ走行を終了しました [シナリオ名: ログイン]
[ADMIN] 04:59:52.099138 シナリオ走行を開始しました [シナリオ名: ログイン]
[ADMIN] 04:59:52.160782 シナリオ走行を終了しました [シナリオ名: 新規ユーザー登録]
[ADMIN] 04:59:52.160803 シナリオ走行を開始しました [シナリオ名: 新規ユーザー登録]
[ADMIN] 04:59:52.164552 シナリオ走行を終了しました [シナリオ名: Banユーザログイン]
[ADMIN] 04:59:52.164564 シナリオ走行を開始しました [シナリオ名: Banユーザログイン]
[ADMIN] 04:59:52.164567 シナリオ走行を終了しました [シナリオ名: Banユーザログイン]
[ADMIN] 04:59:52.164576 シナリオ走行を開始しました [シナリオ名: Banユーザログイン]
[ADMIN] 04:59:52.164882 シナリオ走行を終了しました [シナリオ名: Banユーザログイン]
[ADMIN] 04:59:52.164938 シナリオ走行を開始しました [シナリオ名: Banユーザログイン]
[ADMIN] 04:59:52.200207 シナリオ走行を終了しました [シナリオ名: 新規ユーザー登録]
[ADMIN] 04:59:52.200232 シナリオ走行を開始しました [シナリオ名: 新規ユーザー登録]
[ADMIN] 04:59:52.202041 シナリオ走行を終了しました [シナリオ名: ログイン]
[ADMIN] 04:59:52.202051 シナリオ走行を開始しました [シナリオ名: ログイン]
[ADMIN] 04:59:52.206831 シナリオ走行を終了しました [シナリオ名: ログイン]
[ADMIN] 04:59:52.206842 シナリオ走行を開始しました [シナリオ名: ログイン]
[ADMIN] 04:59:52.210811 シナリオ走行を終了しました [シナリオ名: 新規ユーザー登録]
[ADMIN] 04:59:52.210828 シナリオ走行を開始しました [シナリオ名: 新規ユーザー登録]
[ADMIN] 04:59:52.218991 シナリオ走行を終了しました [シナリオ名: Banユーザログイン]
[ADMIN] 04:59:52.219003 シナリオ走行を開始しました [シナリオ名: Banユーザログイン]
[ADMIN] 04:59:52.251552 シナリオ走行を終了しました [シナリオ名: ログイン]
[ADMIN] 04:59:52.251563 シナリオ走行を開始しました [シナリオ名: ログイン]
[ADMIN] 04:59:52.331649 シナリオ走行を終了しました [シナリオ名: ログイン]
[ADMIN] 04:59:52.331663 シナリオ走行を開始しました [シナリオ名: ログイン]
[ADMIN] 04:59:52.333282 シナリオ走行を終了しました [シナリオ名: ログイン]
[ADMIN] 04:59:52.333291 シナリオ走行を開始しました [シナリオ名: ログイン]
[ADMIN] 04:59:52.366083 シナリオ走行を終了しました [シナリオ名: 新規ユーザー登録]
[ADMIN] 04:59:52.366110 シナリオ走行を開始しました [シナリオ名: 新規ユーザー登録]
[ADMIN] 04:59:52.375304 シナリオ走行を終了しました [シナリオ名: ログイン]
[ADMIN] 04:59:52.375315 シナリオ走行を開始しました [シナリオ名: ログイン]
[ADMIN] 04:59:52.416226 シナリオ走行を終了しました [シナリオ名: ログイン]
[ADMIN] 04:59:52.416239 シナリオ走行を開始しました [シナリオ名: ログイン]
[ADMIN] 04:59:52.432970 シナリオ走行を終了しました [シナリオ名: ログイン]
[ADMIN] 04:59:52.432982 シナリオ走行を開始しました [シナリオ名: ログイン]
[ADMIN] 04:59:52.446154 シナリオ走行を終了しました [シナリオ名: ログイン]
[ADMIN] 04:59:52.446164 シナリオ走行を開始しました [シナリオ名: ログイン]
[ADMIN] 04:59:52.484663 シナリオ走行を終了しました [シナリオ名: 新規ユーザー登録]
[ADMIN] 04:59:52.484689 シナリオ走行を開始しました [シナリオ名: 新規ユーザー登録]
[ADMIN] 04:59:52.485830 シナリオ走行を終了しました [シナリオ名: ログイン]
[ADMIN] 04:59:52.485842 シナリオ走行を開始しました [シナリオ名: ログイン]
[ADMIN] 04:59:52.591287 シナリオ走行を終了しました [シナリオ名: ログイン]
[ADMIN] 04:59:52.591300 シナリオ走行を開始しました [シナリオ名: ログイン]
[ADMIN] 04:59:52.619887 シナリオ走行を終了しました [シナリオ名: ログイン]
[ADMIN] 04:59:52.619899 シナリオ走行を開始しました [シナリオ名: ログイン]
[ADMIN] 04:59:52.673175 シナリオ走行を終了しました [シナリオ名: Banユーザログイン]
[ADMIN] 04:59:52.673199 シナリオ走行を開始しました [シナリオ名: Banユーザログイン]
[ADMIN] 04:59:52.674339 シナリオ走行を終了しました [シナリオ名: Banユーザログイン]
[ADMIN] 04:59:52.674354 シナリオ走行を開始しました [シナリオ名: Banユーザログイン]
[ADMIN] 04:59:52.674428 シナリオ走行を終了しました [シナリオ名: Banユーザログイン]
[ADMIN] 04:59:52.674442 シナリオ走行を開始しました [シナリオ名: Banユーザログイン]
[ADMIN] 04:59:52.704772 シナリオ走行を終了しました [シナリオ名: ログイン]
[ADMIN] 04:59:52.704784 シナリオ走行を開始しました [シナリオ名: ログイン]
[ADMIN] 04:59:52.721828 シナリオ走行を終了しました [シナリオ名: Banユーザログイン]
[ADMIN] 04:59:52.721840 シナリオ走行を開始しました [シナリオ名: Banユーザログイン]
[ADMIN] 04:59:52.725286 シナリオ走行を終了しました [シナリオ名: 新規ユーザー登録]
[ADMIN] 04:59:52.725304 シナリオ走行を開始しました [シナリオ名: 新規ユーザー登録]
[ADMIN] 04:59:52.736461 シナリオ走行を終了しました [シナリオ名: ログイン]
[ADMIN] 04:59:52.736471 シナリオ走行を開始しました [シナリオ名: ログイン]
[ADMIN] 04:59:52.785074 シナリオ走行を終了しました [シナリオ名: ログイン]
[ADMIN] 04:59:52.785085 シナリオ走行を開始しました [シナリオ名: ログイン]
[ADMIN] 04:59:52.885717 シナリオ走行を終了しました [シナリオ名: ログイン]
[ADMIN] 04:59:52.885732 シナリオ走行を開始しました [シナリオ名: ログイン]
[ADMIN] 04:59:52.887781 シナリオ走行を終了しました [シナリオ名: ログイン]
[ADMIN] 04:59:52.887791 シナリオ走行を開始しました [シナリオ名: ログイン]
[ADMIN] 04:59:52.889033 シナリオ走行を終了しました [シナリオ名: 新規ユーザー登録]
[ADMIN] 04:59:52.889052 シナリオ走行を開始しました [シナリオ名: 新規ユーザー登録]
[ADMIN] 04:59:52.920327 シナリオ走行を終了しました [シナリオ名: 新規ユーザー登録]
[ADMIN] 04:59:52.920353 シナリオ走行を開始しました [シナリオ名: 新規ユーザー登録]
[ADMIN] 04:59:52.920724 シナリオ走行を終了しました [シナリオ名: ログイン]
[ADMIN] 04:59:52.920733 シナリオ走行を開始しました [シナリオ名: ログイン]
[ADMIN] 04:59:52.923793 シナリオ走行を終了しました [シナリオ名: 新規ユーザー登録]
[ADMIN] 04:59:52.923818 シナリオ走行を開始しました [シナリオ名: 新規ユーザー登録]
[ADMIN] 04:59:52.943063 シナリオ走行を終了しました [シナリオ名: ログイン]
[ADMIN] 04:59:52.943073 シナリオ走行を開始しました [シナリオ名: ログイン]
[ADMIN] 04:59:52.944496 シナリオ走行を終了しました [シナリオ名: ログイン]
[ADMIN] 04:59:52.944508 シナリオ走行を開始しました [シナリオ名: ログイン]
[ADMIN] 04:59:53.012175 シナリオ走行を終了しました [シナリオ名: ログイン]
[ADMIN] 04:59:53.012189 シナリオ走行を開始しました [シナリオ名: ログイン]
[ADMIN] 04:59:53.022500 シナリオ走行を終了しました [シナリオ名: ログイン]
[ADMIN] 04:59:53.022512 シナリオ走行を開始しました [シナリオ名: ログイン]
[ADMIN] 04:59:53.055769 シナリオ走行を終了しました [シナリオ名: 新規ユーザー登録]
[ADMIN] 04:59:53.055790 シナリオ走行を開始しました [シナリオ名: 新規ユーザー登録]
[ADMIN] 04:59:53.134071 シナリオ走行を終了しました [シナリオ名: ログイン]
[ADMIN] 04:59:53.134085 シナリオ走行を開始しました [シナリオ名: ログイン]
[ADMIN] 04:59:53.145618 シナリオ走行を終了しました [シナリオ名: ログイン]
[ADMIN] 04:59:53.145632 シナリオ走行を開始しました [シナリオ名: ログイン]
[ADMIN] 04:59:53.176483 シナリオ走行を終了しました [シナリオ名: Banユーザログイン]
[ADMIN] 04:59:53.176503 シナリオ走行を開始しました [シナリオ名: Banユーザログイン]
[ADMIN] 04:59:53.178993 シナリオ走行を終了しました [シナリオ名: Banユーザログイン]
[ADMIN] 04:59:53.179005 シナリオ走行を終了しました [シナリオ名: Banユーザログイン]
[ADMIN] 04:59:53.179008 シナリオ走行を開始しました [シナリオ名: Banユーザログイン]
[ADMIN] 04:59:53.179011 シナリオ走行を開始しました [シナリオ名: Banユーザログイン]
[ADMIN] 04:59:53.213701 シナリオ走行を終了しました [シナリオ名: ログイン]
[ADMIN] 04:59:53.213714 シナリオ走行を開始しました [シナリオ名: ログイン]
[ADMIN] 04:59:53.226375 シナリオ走行を終了しました [シナリオ名: Banユーザログイン]
[ADMIN] 04:59:53.226386 シナリオ走行を開始しました [シナリオ名: Banユーザログイン]
[ADMIN] 04:59:53.264947 シナリオ走行を終了しました [シナリオ名: ログイン]
[ADMIN] 04:59:53.264959 シナリオ走行を開始しました [シナリオ名: ログイン]
[ADMIN] 04:59:53.269525 シナリオ走行を終了しました [シナリオ名: ログイン]
[ADMIN] 04:59:53.269537 シナリオ走行を開始しました [シナリオ名: ログイン]
[ADMIN] 04:59:53.397491 シナリオ走行を終了しました [シナリオ名: ログイン]
[ADMIN] 04:59:53.397504 シナリオ走行を開始しました [シナリオ名: ログイン]
[ADMIN] 04:59:53.401180 シナリオ走行を終了しました [シナリオ名: ログイン]
[ADMIN] 04:59:53.401190 シナリオ走行を開始しました [シナリオ名: ログイン]
[ADMIN] 04:59:53.453441 シナリオ走行を終了しました [シナリオ名: 新規ユーザー登録]
[ADMIN] 04:59:53.453473 シナリオ走行を開始しました [シナリオ名: 新規ユーザー登録]
[ADMIN] 04:59:53.478114 シナリオ走行を終了しました [シナリオ名: 新規ユーザー登録]
[ADMIN] 04:59:53.478140 シナリオ走行を開始しました [シナリオ名: 新規ユーザー登録]
[ADMIN] 04:59:53.483799 シナリオ走行を終了しました [シナリオ名: ログイン]
[ADMIN] 04:59:53.483808 シナリオ走行を開始しました [シナリオ名: ログイン]
[ADMIN] 04:59:53.567478 シナリオ走行を終了しました [シナリオ名: ログイン]
[ADMIN] 04:59:53.567491 シナリオ走行を開始しました [シナリオ名: ログイン]
[ADMIN] 04:59:53.582393 シナリオ走行を終了しました [シナリオ名: 新規ユーザー登録]
[ADMIN] 04:59:53.582419 シナリオ走行を開始しました [シナリオ名: 新規ユーザー登録]
[ADMIN] 04:59:53.599133 シナリオ走行を終了しました [シナリオ名: ログイン]
[ADMIN] 04:59:53.599142 シナリオ走行を開始しました [シナリオ名: ログイン]
[ADMIN] 04:59:53.609812 シナリオ走行を終了しました [シナリオ名: ログイン]
[ADMIN] 04:59:53.609822 シナリオ走行を開始しました [シナリオ名: ログイン]
[ADMIN] 04:59:53.619411 シナリオ走行を終了しました [シナリオ名: ログイン]
[ADMIN] 04:59:53.619420 シナリオ走行を開始しました [シナリオ名: ログイン]
[ADMIN] 04:59:53.622879 シナリオ走行を終了しました [シナリオ名: ログイン]
[ADMIN] 04:59:53.622888 シナリオ走行を開始しました [シナリオ名: ログイン]
[ADMIN] 04:59:53.628962 シナリオ走行を終了しました [シナリオ名: 新規ユーザー登録]
[ADMIN] 04:59:53.628977 シナリオ走行を開始しました [シナリオ名: 新規ユーザー登録]
[ADMIN] 04:59:53.635219 シナリオ走行を終了しました [シナリオ名: 新規ユーザー登録]
[ADMIN] 04:59:53.635237 シナリオ走行を開始しました [シナリオ名: 新規ユーザー登録]
[ADMIN] 04:59:53.638526 シナリオ走行を終了しました [シナリオ名: ログイン]
[ADMIN] 04:59:53.638534 シナリオ走行を開始しました [シナリオ名: ログイン]
[ADMIN] 04:59:53.646269 シナリオ走行を終了しました [シナリオ名: ログイン]
[ADMIN] 04:59:53.646278 シナリオ走行を開始しました [シナリオ名: ログイン]
[ADMIN] 04:59:53.682394 シナリオ走行を終了しました [シナリオ名: Banユーザログイン]
[ADMIN] 04:59:53.682407 シナリオ走行を終了しました [シナリオ名: Banユーザログイン]
[ADMIN] 04:59:53.682437 シナリオ走行を開始しました [シナリオ名: Banユーザログイン]
[ADMIN] 04:59:53.682425 シナリオ走行を開始しました [シナリオ名: Banユーザログイン]
[ADMIN] 04:59:53.682503 シナリオ走行を終了しました [シナリオ名: Banユーザログイン]
[ADMIN] 04:59:53.682508 シナリオ走行を開始しました [シナリオ名: Banユーザログイン]
[ADMIN] 04:59:53.712329 シナリオ走行を終了しました [シナリオ名: ログイン]
[ADMIN] 04:59:53.712342 シナリオ走行を開始しました [シナリオ名: ログイン]
[ADMIN] 04:59:53.729699 シナリオ走行を終了しました [シナリオ名: Banユーザログイン]
[ADMIN] 04:59:53.729721 シナリオ走行を開始しました [シナリオ名: Banユーザログイン]
[ADMIN] 04:59:53.736434 シナリオ走行を終了しました [シナリオ名: 新規ユーザー登録]
[ADMIN] 04:59:53.736454 シナリオ走行を開始しました [シナリオ名: 新規ユーザー登録]
[ADMIN] 04:59:53.747510 シナリオ走行を終了しました [シナリオ名: ログイン]
[ADMIN] 04:59:53.747520 シナリオ走行を開始しました [シナリオ名: ログイン]
[ADMIN] 04:59:53.776482 シナリオ走行を終了しました [シナリオ名: 新規ユーザー登録]
[ADMIN] 04:59:53.776508 シナリオ走行を開始しました [シナリオ名: 新規ユーザー登録]
[ADMIN] 04:59:53.777468 シナリオ走行を終了しました [シナリオ名: ログイン]
[ADMIN] 04:59:53.777479 シナリオ走行を開始しました [シナリオ名: ログイン]
[ADMIN] 04:59:53.818390 シナリオ走行を終了しました [シナリオ名: ログイン]
[ADMIN] 04:59:53.818402 シナリオ走行を開始しました [シナリオ名: ログイン]
[ADMIN] 04:59:53.874326 シナリオ走行を終了しました [シナリオ名: 新規ユーザー登録]
[ADMIN] 04:59:53.874351 シナリオ走行を開始しました [シナリオ名: 新規ユーザー登録]
[ADMIN] 04:59:53.940156 シナリオ走行を終了しました [シナリオ名: 新規ユーザー登録]
[ADMIN] 04:59:53.940185 シナリオ走行を開始しました [シナリオ名: 新規ユーザー登録]
[ADMIN] 04:59:53.950355 シナリオ走行を終了しました [シナリオ名: ログイン]
[ADMIN] 04:59:53.950367 シナリオ走行を開始しました [シナリオ名: ログイン]
[ADMIN] 04:59:53.957468 シナリオ走行を終了しました [シナリオ名: ログイン]
[ADMIN] 04:59:53.957478 シナリオ走行を開始しました [シナリオ名: ログイン]
[ADMIN] 04:59:53.965815 シナリオ走行を終了しました [シナリオ名: ログイン]
[ADMIN] 04:59:53.965824 シナリオ走行を開始しました [シナリオ名: ログイン]
[ADMIN] 04:59:53.975378 シナリオ走行を終了しました [シナリオ名: ログイン]
[ADMIN] 04:59:53.975387 シナリオ走行を開始しました [シナリオ名: ログイン]
[ADMIN] 04:59:54.047711 シナリオ走行を終了しました [シナリオ名: ログイン]
[ADMIN] 04:59:54.047725 シナリオ走行を開始しました [シナリオ名: ログイン]
[ADMIN] 04:59:54.075301 シナリオ走行を終了しました [シナリオ名: ログイン]
[ADMIN] 04:59:54.075316 シナリオ走行を開始しました [シナリオ名: ログイン]
[ADMIN] 04:59:54.088839 シナリオ走行を終了しました [シナリオ名: ログイン]
[ADMIN] 04:59:54.088851 シナリオ走行を開始しました [シナリオ名: ログイン]
[ADMIN] 04:59:54.132333 シナリオ走行を終了しました [シナリオ名: 新規ユーザー登録]
[ADMIN] 04:59:54.132357 シナリオ走行を開始しました [シナリオ名: 新規ユーザー登録]
[ADMIN] 04:59:54.186054 シナリオ走行を終了しました [シナリオ名: Banユーザログイン]
[ADMIN] 04:59:54.186075 シナリオ走行を開始しました [シナリオ名: Banユーザログイン]
[ADMIN] 04:59:54.188609 シナリオ走行を終了しました [シナリオ名: Banユーザログイン]
[ADMIN] 04:59:54.188620 シナリオ走行を開始しました [シナリオ名: Banユーザログイン]
[ADMIN] 04:59:54.189974 シナリオ走行を終了しました [シナリオ名: Banユーザログイン]
[ADMIN] 04:59:54.189988 シナリオ走行を開始しました [シナリオ名: Banユーザログイン]
[ADMIN] 04:59:54.200912 シナリオ走行を終了しました [シナリオ名: ログイン]
[ADMIN] 04:59:54.200923 シナリオ走行を開始しました [シナリオ名: ログイン]
[ADMIN] 04:59:54.232344 シナリオ走行を終了しました [シナリオ名: Banユーザログイン]
[ADMIN] 04:59:54.232361 シナリオ走行を開始しました [シナリオ名: Banユーザログイン]
[ADMIN] 04:59:54.341917 シナリオ走行を終了しました [シナリオ名: ログイン]
[ADMIN] 04:59:54.341933 シナリオ走行を開始しました [シナリオ名: ログイン]
[ADMIN] 04:59:54.375883 シナリオ走行を終了しました [シナリオ名: ログイン]
[ADMIN] 04:59:54.375903 シナリオ走行を開始しました [シナリオ名: ログイン]
[ADMIN] 04:59:54.400914 シナリオ走行を終了しました [シナリオ名: ログイン]
[ADMIN] 04:59:54.400932 シナリオ走行を開始しました [シナリオ名: ログイン]
[ADMIN] 04:59:54.414251 シナリオ走行を終了しました [シナリオ名: 新規ユーザー登録]
[ADMIN] 04:59:54.414274 シナリオ走行を開始しました [シナリオ名: 新規ユーザー登録]
[ADMIN] 04:59:54.416049 シナリオ走行を終了しました [シナリオ名: ログイン]
[ADMIN] 04:59:54.416060 シナリオ走行を開始しました [シナリオ名: ログイン]
[ADMIN] 04:59:54.418901 シナリオ走行を終了しました [シナリオ名: ログイン]
[ADMIN] 04:59:54.418911 シナリオ走行を開始しました [シナリオ名: ログイン]
[ADMIN] 04:59:54.432970 シナリオ走行を終了しました [シナリオ名: ログイン]
[ADMIN] 04:59:54.432986 シナリオ走行を開始しました [シナリオ名: ログイン]
[ADMIN] 04:59:54.451300 シナリオ走行を終了しました [シナリオ名: 新規ユーザー登録]
[ADMIN] 04:59:54.451328 シナリオ走行を開始しました [シナリオ名: 新規ユーザー登録]
[ADMIN] 04:59:54.487000 シナリオ走行を終了しました [シナリオ名: ログイン]
[ADMIN] 04:59:54.487017 シナリオ走行を開始しました [シナリオ名: ログイン]
[ADMIN] 04:59:54.489212 シナリオ走行を終了しました [シナリオ名: 新規ユーザー登録]
[ADMIN] 04:59:54.489228 シナリオ走行を開始しました [シナリオ名: 新規ユーザー登録]
[ADMIN] 04:59:54.544268 シナリオ走行を終了しました [シナリオ名: ログイン]
[ADMIN] 04:59:54.544282 シナリオ走行を開始しました [シナリオ名: ログイン]
[ADMIN] 04:59:54.691176 シナリオ走行を終了しました [シナリオ名: Banユーザログイン]
[ADMIN] 04:59:54.691195 シナリオ走行を開始しました [シナリオ名: Banユーザログイン]
[ADMIN] 04:59:54.691560 シナリオ走行を終了しました [シナリオ名: Banユーザログイン]
[ADMIN] 04:59:54.691571 シナリオ走行を開始しました [シナリオ名: Banユーザログイン]
[ADMIN] 04:59:54.699038 シナリオ走行を終了しました [シナリオ名: ログイン]
[ADMIN] 04:59:54.699052 シナリオ走行を開始しました [シナリオ名: ログイン]
[ADMIN] 04:59:54.703301 シナリオ走行を終了しました [シナリオ名: Banユーザログイン]
[ADMIN] 04:59:54.703319 シナリオ走行を開始しました [シナリオ名: Banユーザログイン]
[ADMIN] 04:59:54.713924 シナリオ走行を終了しました [シナリオ名: ログイン]
[ADMIN] 04:59:54.713936 シナリオ走行を開始しました [シナリオ名: ログイン]
[ADMIN] 04:59:54.734645 シナリオ走行を終了しました [シナリオ名: Banユーザログイン]
[ADMIN] 04:59:54.734662 シナリオ走行を開始しました [シナリオ名: Banユーザログイン]
[ADMIN] 04:59:54.746167 シナリオ走行を終了しました [シナリオ名: 新規ユーザー登録]
[ADMIN] 04:59:54.746187 シナリオ走行を開始しました [シナリオ名: 新規ユーザー登録]
[ADMIN] 04:59:54.757349 シナリオ走行を終了しました [シナリオ名: ログイン]
[ADMIN] 04:59:54.757362 シナリオ走行を開始しました [シナリオ名: ログイン]
[ADMIN] 04:59:54.807854 シナリオ走行を終了しました [シナリオ名: 新規ユーザー登録]
[ADMIN] 04:59:54.807882 シナリオ走行を開始しました [シナリオ名: 新規ユーザー登録]
[ADMIN] 04:59:54.834722 シナリオ走行を終了しました [シナリオ名: ログイン]
[ADMIN] 04:59:54.834736 シナリオ走行を開始しました [シナリオ名: ログイン]
[ADMIN] 04:59:54.873182 シナリオ走行を終了しました [シナリオ名: 新規ユーザー登録]
[ADMIN] 04:59:54.873218 シナリオ走行を開始しました [シナリオ名: 新規ユーザー登録]
[ADMIN] 04:59:54.888550 シナリオ走行を終了しました [シナリオ名: 新規ユーザー登録]
[ADMIN] 04:59:54.888576 シナリオ走行を開始しました [シナリオ名: 新規ユーザー登録]
[ADMIN] 04:59:54.892219 シナリオ走行を終了しました [シナリオ名: ログイン]
[ADMIN] 04:59:54.892230 シナリオ走行を開始しました [シナリオ名: ログイン]
[ADMIN] 04:59:54.902233 シナリオ走行を終了しました [シナリオ名: ログイン]
[ADMIN] 04:59:54.902245 シナリオ走行を開始しました [シナリオ名: ログイン]
[ADMIN] 04:59:54.964625 シナリオ走行を終了しました [シナリオ名: ログイン]
[ADMIN] 04:59:54.964639 シナリオ走行を開始しました [シナリオ名: ログイン]
[ADMIN] 04:59:54.988542 シナリオ走行を終了しました [シナリオ名: ログイン]
[ADMIN] 04:59:54.988549 シナリオ走行を終了しました [シナリオ名: 新規ユーザー登録]
[ADMIN] 04:59:54.988558 シナリオ走行を開始しました [シナリオ名: ログイン]
[ADMIN] 04:59:54.988569 シナリオ走行を開始しました [シナリオ名: 新規ユーザー登録]
[ADMIN] 04:59:54.992146 シナリオ走行を終了しました [シナリオ名: ログイン]
[ADMIN] 04:59:54.992155 シナリオ走行を開始しました [シナリオ名: ログイン]
[ADMIN] 04:59:54.997584 シナリオ走行を終了しました [シナリオ名: 新規ユーザー登録]
[ADMIN] 04:59:54.997603 シナリオ走行を開始しました [シナリオ名: 新規ユーザー登録]
[ADMIN] 04:59:55.053193 シナリオ走行を終了しました [シナリオ名: ログイン]
[ADMIN] 04:59:55.053209 シナリオ走行を開始しました [シナリオ名: ログイン]
[ADMIN] 04:59:55.127758 シナリオ走行を終了しました [シナリオ名: ログイン]
[ADMIN] 04:59:55.127774 シナリオ走行を開始しました [シナリオ名: ログイン]
[ADMIN] 04:59:55.134262 シナリオ走行を終了しました [シナリオ名: ログイン]
[ADMIN] 04:59:55.134275 シナリオ走行を開始しました [シナリオ名: ログイン]
[ADMIN] 04:59:55.143214 シナリオ走行を終了しました [シナリオ名: ログイン]
[ADMIN] 04:59:55.143228 シナリオ走行を開始しました [シナリオ名: ログイン]
[ADMIN] 04:59:55.150770 シナリオ走行を終了しました [シナリオ名: ログイン]
[ADMIN] 04:59:55.150780 シナリオ走行を開始しました [シナリオ名: ログイン]
[ADMIN] 04:59:55.196339 シナリオ走行を終了しました [シナリオ名: Banユーザログイン]
[ADMIN] 04:59:55.196358 シナリオ走行を開始しました [シナリオ名: Banユーザログイン]
[ADMIN] 04:59:55.196709 シナリオ走行を終了しました [シナリオ名: Banユーザログイン]
[ADMIN] 04:59:55.196722 シナリオ走行を開始しました [シナリオ名: Banユーザログイン]
[ADMIN] 04:59:55.206805 シナリオ走行を終了しました [シナリオ名: Banユーザログイン]
[ADMIN] 04:59:55.206821 シナリオ走行を開始しました [シナリオ名: Banユーザログイン]
[ADMIN] 04:59:55.214640 シナリオ走行を終了しました [シナリオ名: 新規ユーザー登録]
[ADMIN] 04:59:55.214662 シナリオ走行を開始しました [シナリオ名: 新規ユーザー登録]
[ADMIN] 04:59:55.237596 シナリオ走行を終了しました [シナリオ名: Banユーザログイン]
[ADMIN] 04:59:55.237617 シナリオ走行を開始しました [シナリオ名: Banユーザログイン]
[ADMIN] 04:59:55.246189 シナリオ走行を終了しました [シナリオ名: ログイン]
[ADMIN] 04:59:55.246202 シナリオ走行を開始しました [シナリオ名: ログイン]
[ADMIN] 04:59:55.290475 シナリオ走行を終了しました [シナリオ名: ログイン]
[ADMIN] 04:59:55.290487 シナリオ走行を開始しました [シナリオ名: ログイン]
[ADMIN] 04:59:55.290908 シナリオ走行を終了しました [シナリオ名: 新規ユーザー登録]
[ADMIN] 04:59:55.290925 シナリオ走行を開始しました [シナリオ名: 新規ユーザー登録]
[ADMIN] 04:59:55.309535 シナリオ走行を終了しました [シナリオ名: 新規ユーザー登録]
[ADMIN] 04:59:55.309552 シナリオ走行を開始しました [シナリオ名: 新規ユーザー登録]
[ADMIN] 04:59:55.371653 シナリオ走行を終了しました [シナリオ名: ログイン]
[ADMIN] 04:59:55.371667 シナリオ走行を開始しました [シナリオ名: ログイン]
[ADMIN] 04:59:55.372187 シナリオ走行を終了しました [シナリオ名: ログイン]
[ADMIN] 04:59:55.372195 シナリオ走行を開始しました [シナリオ名: ログイン]
[ADMIN] 04:59:55.374125 シナリオ走行を終了しました [シナリオ名: ログイン]
[ADMIN] 04:59:55.374135 シナリオ走行を開始しました [シナリオ名: ログイン]
[ADMIN] 04:59:55.400379 シナリオ走行を終了しました [シナリオ名: ログイン]
[ADMIN] 04:59:55.400393 シナリオ走行を開始しました [シナリオ名: ログイン]
[ADMIN] 04:59:55.422007 シナリオ走行を終了しました [シナリオ名: ログイン]
[ADMIN] 04:59:55.422020 シナリオ走行を開始しました [シナリオ名: ログイン]
[ADMIN] 04:59:55.427029 シナリオ走行を終了しました [シナリオ名: ログイン]
[ADMIN] 04:59:55.427041 シナリオ走行を開始しました [シナリオ名: ログイン]
[ADMIN] 04:59:55.431882 シナリオ走行を終了しました [シナリオ名: ログイン]
[ADMIN] 04:59:55.431893 シナリオ走行を開始しました [シナリオ名: ログイン]
[ADMIN] 04:59:55.439265 シナリオ走行を終了しました [シナリオ名: 新規ユーザー登録]
[ADMIN] 04:59:55.439288 シナリオ走行を開始しました [シナリオ名: 新規ユーザー登録]
[ADMIN] 04:59:55.506692 シナリオ走行を終了しました [シナリオ名: ログイン]
[ADMIN] 04:59:55.506707 シナリオ走行を開始しました [シナリオ名: ログイン]
[ADMIN] 04:59:55.575601 シナリオ走行を終了しました [シナリオ名: 新規ユーザー登録]
[ADMIN] 04:59:55.575634 シナリオ走行を開始しました [シナリオ名: 新規ユーザー登録]
[ADMIN] 04:59:55.604355 シナリオ走行を終了しました [シナリオ名: ログイン]
[ADMIN] 04:59:55.604372 シナリオ走行を開始しました [シナリオ名: ログイン]
[ADMIN] 04:59:55.700103 シナリオ走行を終了しました [シナリオ名: Banユーザログイン]
[ADMIN] 04:59:55.700128 シナリオ走行を開始しました [シナリオ名: Banユーザログイン]
[ADMIN] 04:59:55.704628 シナリオ走行を終了しました [シナリオ名: Banユーザログイン]
[ADMIN] 04:59:55.704648 シナリオ走行を開始しました [シナリオ名: Banユーザログイン]
[ADMIN] 04:59:55.709526 シナリオ走行を終了しました [シナリオ名: Banユーザログイン]
[ADMIN] 04:59:55.709551 シナリオ走行を開始しました [シナリオ名: Banユーザログイン]
[ADMIN] 04:59:55.726365 シナリオ走行を終了しました [シナリオ名: 新規ユーザー登録]
[ADMIN] 04:59:55.726391 シナリオ走行を開始しました [シナリオ名: 新規ユーザー登録]
[ADMIN] 04:59:55.740707 シナリオ走行を終了しました [シナリオ名: Banユーザログイン]
[ADMIN] 04:59:55.740722 シナリオ走行を開始しました [シナリオ名: Banユーザログイン]
[ADMIN] 04:59:55.780120 シナリオ走行を終了しました [シナリオ名: ログイン]
[ADMIN] 04:59:55.780132 シナリオ走行を開始しました [シナリオ名: ログイン]
[ADMIN] 04:59:55.787684 シナリオ走行を終了しました [シナリオ名: ログイン]
[ADMIN] 04:59:55.787696 シナリオ走行を開始しました [シナリオ名: ログイン]
[ADMIN] 04:59:55.790986 シナリオ走行を終了しました [シナリオ名: ログイン]
[ADMIN] 04:59:55.790997 シナリオ走行を開始しました [シナリオ名: ログイン]
[ADMIN] 04:59:55.795134 シナリオ走行を終了しました [シナリオ名: ログイン]
[ADMIN] 04:59:55.795144 シナリオ走行を開始しました [シナリオ名: ログイン]
[ADMIN] 04:59:55.895353 シナリオ走行を終了しました [シナリオ名: ログイン]
[ADMIN] 04:59:55.895373 シナリオ走行を開始しました [シナリオ名: ログイン]
[ADMIN] 04:59:55.919795 シナリオ走行を終了しました [シナリオ名: ログイン]
[ADMIN] 04:59:55.919811 シナリオ走行を開始しました [シナリオ名: ログイン]
[ADMIN] 04:59:55.931860 シナリオ走行を終了しました [シナリオ名: 新規ユーザー登録]
[ADMIN] 04:59:55.931884 シナリオ走行を開始しました [シナリオ名: 新規ユーザー登録]
[ADMIN] 04:59:55.950057 シナリオ走行を終了しました [シナリオ名: ログイン]
[ADMIN] 04:59:55.950069 シナリオ走行を開始しました [シナリオ名: ログイン]
[ADMIN] 04:59:56.003147 シナリオ走行を終了しました [シナリオ名: ログイン]
[ADMIN] 04:59:56.003160 シナリオ走行を開始しました [シナリオ名: ログイン]
[ADMIN] 04:59:56.004391 シナリオ走行を終了しました [シナリオ名: ログイン]
[ADMIN] 04:59:56.004401 シナリオ走行を開始しました [シナリオ名: ログイン]
[ADMIN] 04:59:56.031527 シナリオ走行を終了しました [シナリオ名: ログイン]
[ADMIN] 04:59:56.031538 シナリオ走行を開始しました [シナリオ名: ログイン]
[ADMIN] 04:59:56.100400 シナリオ走行を終了しました [シナリオ名: ログイン]
[ADMIN] 04:59:56.100414 シナリオ走行を開始しました [シナリオ名: ログイン]
[ADMIN] 04:59:56.122961 シナリオ走行を終了しました [シナリオ名: ログイン]
[ADMIN] 04:59:56.122973 シナリオ走行を開始しました [シナリオ名: ログイン]
[ADMIN] 04:59:56.138652 シナリオ走行を終了しました [シナリオ名: 新規ユーザー登録]
[ADMIN] 04:59:56.138683 シナリオ走行を開始しました [シナリオ名: 新規ユーザー登録]
[ADMIN] 04:59:56.196462 シナリオ走行を終了しました [シナリオ名: ログイン]
[ADMIN] 04:59:56.196476 シナリオ走行を開始しました [シナリオ名: ログイン]
[ADMIN] 04:59:56.211444 シナリオ走行を終了しました [シナリオ名: Banユーザログイン]
[ADMIN] 04:59:56.211465 シナリオ走行を開始しました [シナリオ名: Banユーザログイン]
[ADMIN] 04:59:56.214317 シナリオ走行を終了しました [シナリオ名: Banユーザログイン]
[ADMIN] 04:59:56.214331 シナリオ走行を開始しました [シナリオ名: Banユーザログイン]
[ADMIN] 04:59:56.226641 シナリオ走行を終了しました [シナリオ名: ログイン]
[ADMIN] 04:59:56.226651 シナリオ走行を開始しました [シナリオ名: ログイン]
[ADMIN] 04:59:56.229093 シナリオ走行を終了しました [シナリオ名: Banユーザログイン]
[ADMIN] 04:59:56.229107 シナリオ走行を開始しました [シナリオ名: Banユーザログイン]
[ADMIN] 04:59:56.242922 シナリオ走行を終了しました [シナリオ名: Banユーザログイン]
[ADMIN] 04:59:56.242941 シナリオ走行を開始しました [シナリオ名: Banユーザログイン]
[ADMIN] 04:59:56.277014 シナリオ走行を終了しました [シナリオ名: 新規ユーザー登録]
[ADMIN] 04:59:56.277041 シナリオ走行を開始しました [シナリオ名: 新規ユーザー登録]
[ADMIN] 04:59:56.297995 シナリオ走行を終了しました [シナリオ名: 新規ユーザー登録]
[ADMIN] 04:59:56.298017 シナリオ走行を開始しました [シナリオ名: 新規ユーザー登録]
[ADMIN] 04:59:56.391853 シナリオ走行を終了しました [シナリオ名: 新規ユーザー登録]
[ADMIN] 04:59:56.391883 シナリオ走行を開始しました [シナリオ名: 新規ユーザー登録]
04:59:56.413590 現在のログイン成功数: [total: 1314 (+689人)]
04:59:56.413598 現在のユーザー登録成功数: [total: 676 (+316人)]
[ADMIN] 04:59:56.472114 シナリオ走行を終了しました [シナリオ名: 新規ユーザー登録]
[ADMIN] 04:59:56.472144 シナリオ走行を開始しました [シナリオ名: 新規ユーザー登録]
[ADMIN] 04:59:56.485973 シナリオ走行を終了しました [シナリオ名: 新規ユーザー登録]
[ADMIN] 04:59:56.485999 シナリオ走行を開始しました [シナリオ名: 新規ユーザー登録]
[ADMIN] 04:59:56.514801 シナリオ走行を終了しました [シナリオ名: ログイン]
[ADMIN] 04:59:56.514817 シナリオ走行を開始しました [シナリオ名: ログイン]
[ADMIN] 04:59:56.518694 シナリオ走行を終了しました [シナリオ名: ログイン]
[ADMIN] 04:59:56.518729 シナリオ走行を開始しました [シナリオ名: ログイン]
[ADMIN] 04:59:56.518759 シナリオ走行を開始しました [シナリオ名: ログイン]
[ADMIN] 04:59:56.518769 シナリオ走行を開始しました [シナリオ名: ログイン]
[ADMIN] 04:59:56.518808 シナリオ走行を開始しました [シナリオ名: ログイン]
[ADMIN] 04:59:56.518832 シナリオ走行を開始しました [シナリオ名: ログイン]
[ADMIN] 04:59:56.518860 シナリオ走行を開始しました [シナリオ名: ログイン]
[ADMIN] 04:59:56.518818 シナリオ走行を開始しました [シナリオ名: ログイン]
[ADMIN] 04:59:56.518815 シナリオ走行を開始しました [シナリオ名: ログイン]
[ADMIN] 04:59:56.518820 シナリオ走行を開始しました [シナリオ名: ログイン]
[ADMIN] 04:59:56.518821 シナリオ走行を開始しました [シナリオ名: ログイン]
[ADMIN] 04:59:56.518825 シナリオ走行を開始しました [シナリオ名: ログイン]
[ADMIN] 04:59:56.518822 シナリオ走行を開始しました [シナリオ名: ログイン]
[ADMIN] 04:59:56.518826 シナリオ走行を開始しました [シナリオ名: ログイン]
[ADMIN] 04:59:56.518829 シナリオ走行を開始しました [シナリオ名: ログイン]
[ADMIN] 04:59:56.518858 シナリオ走行を開始しました [シナリオ名: ログイン]
[ADMIN] 04:59:56.518859 シナリオ走行を開始しました [シナリオ名: ログイン]
[ADMIN] 04:59:56.569673 シナリオ走行を終了しました [シナリオ名: 新規ユーザー登録]
[ADMIN] 04:59:56.569699 シナリオ走行を開始しました [シナリオ名: 新規ユーザー登録]
[ADMIN] 04:59:56.635728 シナリオ走行を終了しました [シナリオ名: ログイン]
[ADMIN] 04:59:56.649074 シナリオ走行を終了しました [シナリオ名: 新規ユーザー登録]
[ADMIN] 04:59:56.649106 シナリオ走行を開始しました [シナリオ名: 新規ユーザー登録]
[ADMIN] 04:59:56.649139 シナリオ走行を開始しました [シナリオ名: 新規ユーザー登録]
[ADMIN] 04:59:56.649153 シナリオ走行を開始しました [シナリオ名: 新規ユーザー登録]
[ADMIN] 04:59:56.649266 シナリオ走行を開始しました [シナリオ名: 新規ユーザー登録]
[ADMIN] 04:59:56.649270 シナリオ走行を開始しました [シナリオ名: 新規ユーザー登録]
[ADMIN] 04:59:56.649278 シナリオ走行を開始しました [シナリオ名: 新規ユーザー登録]
[ADMIN] 04:59:56.649144 シナリオ走行を開始しました [シナリオ名: 新規ユーザー登録]
[ADMIN] 04:59:56.649382 シナリオ走行を開始しました [シナリオ名: 新規ユーザー登録]
[ADMIN] 04:59:56.649273 シナリオ走行を開始しました [シナリオ名: 新規ユーザー登録]
[ADMIN] 04:59:56.712017 シナリオ走行を終了しました [シナリオ名: ログイン]
[ADMIN] 04:59:56.714074 シナリオ走行を終了しました [シナリオ名: Banユーザログイン]
[ADMIN] 04:59:56.714092 シナリオ走行を開始しました [シナリオ名: Banユーザログイン]
[ADMIN] 04:59:56.716566 シナリオ走行を終了しました [シナリオ名: Banユーザログイン]
[ADMIN] 04:59:56.716590 シナリオ走行を開始しました [シナリオ名: Banユーザログイン]
[ADMIN] 04:59:56.716599 シナリオ走行を開始しました [シナリオ名: Banユーザログイン]
[ADMIN] 04:59:56.716607 シナリオ走行を開始しました [シナリオ名: Banユーザログイン]
[ADMIN] 04:59:56.731817 シナリオ走行を終了しました [シナリオ名: Banユーザログイン]
[ADMIN] 04:59:56.745092 シナリオ走行を終了しました [シナリオ名: Banユーザログイン]
[ADMIN] 04:59:56.943304 シナリオ走行を終了しました [シナリオ名: ログイン]
[ADMIN] 04:59:56.953905 シナリオ走行を終了しました [シナリオ名: ログイン]
[ADMIN] 04:59:56.958826 シナリオ走行を終了しました [シナリオ名: ログイン]
[ADMIN] 04:59:56.995286 シナリオ走行を終了しました [シナリオ名: ログイン]
[ADMIN] 04:59:57.009079 シナリオ走行を終了しました [シナリオ名: ログイン]
[ADMIN] 04:59:57.010529 シナリオ走行を終了しました [シナリオ名: ログイン]
[ADMIN] 04:59:57.070749 シナリオ走行を終了しました [シナリオ名: 新規ユーザー登録]
[ADMIN] 04:59:57.086270 シナリオ走行を終了しました [シナリオ名: 新規ユーザー登録]
[ADMIN] 04:59:57.086315 シナリオ走行を終了しました [シナリオ名: 新規ユーザー登録]
[ADMIN] 04:59:57.118868 シナリオ走行を終了しました [シナリオ名: ログイン]
[ADMIN] 04:59:57.119324 シナリオ走行を終了しました [シナリオ名: ログイン]
[ADMIN] 04:59:57.126227 シナリオ走行を終了しました [シナリオ名: ログイン]
[ADMIN] 04:59:57.193564 シナリオ走行を終了しました [シナリオ名: ログイン]
[ADMIN] 04:59:57.205338 シナリオ走行を終了しました [シナリオ名: ログイン]
[ADMIN] 04:59:57.225258 シナリオ走行を終了しました [シナリオ名: Banユーザログイン]
[ADMIN] 04:59:57.231082 シナリオ走行を終了しました [シナリオ名: ログイン]
[ADMIN] 04:59:57.233018 シナリオ走行を終了しました [シナリオ名: ログイン]
[ADMIN] 04:59:57.233040 シナリオ走行を開始しました [シナリオ名: ログイン]
[ADMIN] 04:59:57.233047 シナリオ走行を開始しました [シナリオ名: ログイン]
[ADMIN] 04:59:57.233047 シナリオ走行を開始しました [シナリオ名: ログイン]
[ADMIN] 04:59:57.233124 シナリオ走行を開始しました [シナリオ名: ログイン]
[ADMIN] 04:59:57.233207 シナリオ走行を開始しました [シナリオ名: ログイン]
[ADMIN] 04:59:57.233227 シナリオ走行を開始しました [シナリオ名: ログイン]
[ADMIN] 04:59:57.233217 シナリオ走行を開始しました [シナリオ名: ログイン]
[ADMIN] 04:59:57.233317 シナリオ走行を開始しました [シナリオ名: ログイン]
[ADMIN] 04:59:57.233214 シナリオ走行を開始しました [シナリオ名: ログイン]
[ADMIN] 04:59:57.233212 シナリオ走行を開始しました [シナリオ名: ログイン]
[ADMIN] 04:59:57.233215 シナリオ走行を開始しました [シナリオ名: ログイン]
[ADMIN] 04:59:57.233439 シナリオ走行を開始しました [シナリオ名: ログイン]
[ADMIN] 04:59:57.233222 シナリオ走行を開始しました [シナリオ名: ログイン]
[ADMIN] 04:59:57.233223 シナリオ走行を開始しました [シナリオ名: ログイン]
[ADMIN] 04:59:57.233220 シナリオ走行を開始しました [シナリオ名: ログイン]
[ADMIN] 04:59:57.245335 シナリオ走行を終了しました [シナリオ名: Banユーザログイン]
[ADMIN] 04:59:57.245366 シナリオ走行を開始しました [シナリオ名: Banユーザログイン]
[ADMIN] 04:59:57.245370 シナリオ走行を開始しました [シナリオ名: Banユーザログイン]
[ADMIN] 04:59:57.245384 シナリオ走行を開始しました [シナリオ名: Banユーザログイン]
[ADMIN] 04:59:57.245458 シナリオ走行を開始しました [シナリオ名: Banユーザログイン]
[ADMIN] 04:59:57.249017 シナリオ走行を終了しました [シナリオ名: Banユーザログイン]
[ADMIN] 04:59:57.249041 シナリオ走行を開始しました [シナリオ名: Banユーザログイン]
[ADMIN] 04:59:57.250542 シナリオ走行を終了しました [シナリオ名: Banユーザログイン]
[ADMIN] 04:59:57.250559 シナリオ走行を開始しました [シナリオ名: Banユーザログイン]
[ADMIN] 04:59:57.294384 シナリオ走行を終了しました [シナリオ名: ログイン]
[ADMIN] 04:59:57.326558 シナリオ走行を終了しました [シナリオ名: ログイン]
[ADMIN] 04:59:57.429338 シナリオ走行を終了しました [シナリオ名: ログイン]
[ADMIN] 04:59:57.429356 シナリオ走行を開始しました [シナリオ名: ログイン]
[ADMIN] 04:59:57.429406 シナリオ走行を開始しました [シナリオ名: ログイン]
[ADMIN] 04:59:57.429418 シナリオ走行を開始しました [シナリオ名: ログイン]
[ADMIN] 04:59:57.528631 シナリオ走行を終了しました [シナリオ名: 新規ユーザー登録]
[ADMIN] 04:59:57.573102 シナリオ走行を終了しました [シナリオ名: ログイン]
[ADMIN] 04:59:57.583063 シナリオ走行を終了しました [シナリオ名: ログイン]
[ADMIN] 04:59:57.585934 シナリオ走行を終了しました [シナリオ名: ログイン]
[ADMIN] 04:59:57.589187 シナリオ走行を終了しました [シナリオ名: ログイン]
[ADMIN] 04:59:57.589199 シナリオ走行を開始しました [シナリオ名: ログイン]
[ADMIN] 04:59:57.589254 シナリオ走行を開始しました [シナリオ名: ログイン]
[ADMIN] 04:59:57.589267 シナリオ走行を開始しました [シナリオ名: ログイン]
[ADMIN] 04:59:57.589319 シナリオ走行を開始しました [シナリオ名: ログイン]
[ADMIN] 04:59:57.605667 シナリオ走行を終了しました [シナリオ名: ログイン]
[ADMIN] 04:59:57.644811 シナリオ走行を終了しました [シナリオ名: ログイン]
[ADMIN] 04:59:57.644830 シナリオ走行を開始しました [シナリオ名: ログイン]
[ADMIN] 04:59:57.644838 シナリオ走行を開始しました [シナリオ名: ログイン]
[ADMIN] 04:59:57.733972 シナリオ走行を終了しました [シナリオ名: ログイン]
[ADMIN] 04:59:57.733985 シナリオ走行を開始しました [シナリオ名: ログイン]
[ADMIN] 04:59:57.785206 シナリオ走行を終了しました [シナリオ名: ログイン]
[ADMIN] 04:59:57.785219 シナリオ走行を開始しました [シナリオ名: ログイン]
[ADMIN] 04:59:57.801113 シナリオ走行を終了しました [シナリオ名: Banユーザログイン]
[ADMIN] 04:59:57.801139 シナリオ走行を開始しました [シナリオ名: Banユーザログイン]
[ADMIN] 04:59:57.804781 シナリオ走行を終了しました [シナリオ名: Banユーザログイン]
[ADMIN] 04:59:57.804799 シナリオ走行を開始しました [シナリオ名: Banユーザログイン]
[ADMIN] 04:59:57.821512 シナリオ走行を終了しました [シナリオ名: Banユーザログイン]
[ADMIN] 04:59:57.821533 シナリオ走行を開始しました [シナリオ名: Banユーザログイン]
[ADMIN] 04:59:57.826961 シナリオ走行を終了しました [シナリオ名: Banユーザログイン]
[ADMIN] 04:59:57.826978 シナリオ走行を開始しました [シナリオ名: Banユーザログイン]
[ADMIN] 04:59:57.830468 シナリオ走行を終了しました [シナリオ名: Banユーザログイン]
[ADMIN] 04:59:57.830487 シナリオ走行を開始しました [シナリオ名: Banユーザログイン]
[ADMIN] 04:59:57.832974 シナリオ走行を終了しました [シナリオ名: Banユーザログイン]
[ADMIN] 04:59:57.832992 シナリオ走行を開始しました [シナリオ名: Banユーザログイン]
[ADMIN] 04:59:57.855424 シナリオ走行を終了しました [シナリオ名: ログイン]
[ADMIN] 04:59:57.858517 シナリオ走行を終了しました [シナリオ名: ログイン]
[ADMIN] 04:59:57.858528 シナリオ走行を開始しました [シナリオ名: ログイン]
[ADMIN] 04:59:57.858586 シナリオ走行を開始しました [シナリオ名: ログイン]
[ADMIN] 04:59:57.862097 シナリオ走行を終了しました [シナリオ名: ログイン]
[ADMIN] 04:59:57.862111 シナリオ走行を開始しました [シナリオ名: ログイン]
[ADMIN] 04:59:58.045600 シナリオ走行を終了しました [シナリオ名: 新規ユーザー登録]
[ADMIN] 04:59:58.060098 シナリオ走行を終了しました [シナリオ名: ログイン]
[ADMIN] 04:59:58.060113 シナリオ走行を開始しました [シナリオ名: ログイン]
[ADMIN] 04:59:58.107688 シナリオ走行を終了しました [シナリオ名: ログイン]
[ADMIN] 04:59:58.107707 シナリオ走行を開始しました [シナリオ名: ログイン]
[ADMIN] 04:59:58.132441 シナリオ走行を終了しました [シナリオ名: 新規ユーザー登録]
[ADMIN] 04:59:58.136511 シナリオ走行を終了しました [シナリオ名: 新規ユーザー登録]
[ADMIN] 04:59:58.179416 シナリオ走行を終了しました [シナリオ名: ログイン]
[ADMIN] 04:59:58.179430 シナリオ走行を開始しました [シナリオ名: ログイン]
[ADMIN] 04:59:58.221981 シナリオ走行を終了しました [シナリオ名: 新規ユーザー登録]
[ADMIN] 04:59:58.234285 シナリオ走行を終了しました [シナリオ名: ログイン]
[ADMIN] 04:59:58.234305 シナリオ走行を開始しました [シナリオ名: ログイン]
[ADMIN] 04:59:58.281977 シナリオ走行を終了しました [シナリオ名: ログイン]
[ADMIN] 04:59:58.281991 シナリオ走行を開始しました [シナリオ名: ログイン]
[ADMIN] 04:59:58.332874 シナリオ走行を終了しました [シナリオ名: ログイン]
[ADMIN] 04:59:58.332891 シナリオ走行を開始しました [シナリオ名: ログイン]
[ADMIN] 04:59:58.337157 シナリオ走行を終了しました [シナリオ名: Banユーザログイン]
[ADMIN] 04:59:58.337183 シナリオ走行を開始しました [シナリオ名: Banユーザログイン]
[ADMIN] 04:59:58.337284 シナリオ走行を終了しました [シナリオ名: Banユーザログイン]
[ADMIN] 04:59:58.337292 シナリオ走行を開始しました [シナリオ名: Banユーザログイン]
[ADMIN] 04:59:58.345339 シナリオ走行を終了しました [シナリオ名: Banユーザログイン]
[ADMIN] 04:59:58.345359 シナリオ走行を開始しました [シナリオ名: Banユーザログイン]
[ADMIN] 04:59:58.352775 シナリオ走行を終了しました [シナリオ名: Banユーザログイン]
[ADMIN] 04:59:58.352804 シナリオ走行を開始しました [シナリオ名: Banユーザログイン]
[ADMIN] 04:59:58.359767 シナリオ走行を終了しました [シナリオ名: Banユーザログイン]
[ADMIN] 04:59:58.359779 シナリオ走行を開始しました [シナリオ名: Banユーザログイン]
[ADMIN] 04:59:58.360132 シナリオ走行を終了しました [シナリオ名: Banユーザログイン]
[ADMIN] 04:59:58.360147 シナリオ走行を開始しました [シナリオ名: Banユーザログイン]
[ADMIN] 04:59:58.367004 シナリオ走行を終了しました [シナリオ名: ログイン]
[ADMIN] 04:59:58.367020 シナリオ走行を開始しました [シナリオ名: ログイン]
[ADMIN] 04:59:58.374705 シナリオ走行を終了しました [シナリオ名: 新規ユーザー登録]
[ADMIN] 04:59:58.402030 シナリオ走行を終了しました [シナリオ名: ログイン]
[ADMIN] 04:59:58.402047 シナリオ走行を開始しました [シナリオ名: ログイン]
[ADMIN] 04:59:58.429733 シナリオ走行を終了しました [シナリオ名: ログイン]
[ADMIN] 04:59:58.429747 シナリオ走行を開始しました [シナリオ名: ログイン]
[ADMIN] 04:59:58.443952 シナリオ走行を終了しました [シナリオ名: ログイン]
[ADMIN] 04:59:58.443966 シナリオ走行を開始しました [シナリオ名: ログイン]
[ADMIN] 04:59:58.537242 シナリオ走行を終了しました [シナリオ名: ログイン]
[ADMIN] 04:59:58.537255 シナリオ走行を開始しました [シナリオ名: ログイン]
[ADMIN] 04:59:58.549890 シナリオ走行を終了しました [シナリオ名: 新規ユーザー登録]
[ADMIN] 04:59:58.563303 シナリオ走行を終了しました [シナリオ名: ログイン]
[ADMIN] 04:59:58.563316 シナリオ走行を開始しました [シナリオ名: ログイン]
[ADMIN] 04:59:58.580552 シナリオ走行を終了しました [シナリオ名: ログイン]
[ADMIN] 04:59:58.580566 シナリオ走行を開始しました [シナリオ名: ログイン]
[ADMIN] 04:59:58.603913 シナリオ走行を終了しました [シナリオ名: 新規ユーザー登録]
[ADMIN] 04:59:58.603941 シナリオ走行を開始しました [シナリオ名: 新規ユーザー登録]
[ADMIN] 04:59:58.603996 シナリオ走行を開始しました [シナリオ名: 新規ユーザー登録]
[ADMIN] 04:59:58.604028 シナリオ走行を開始しました [シナリオ名: 新規ユーザー登録]
[ADMIN] 04:59:58.604066 シナリオ走行を開始しました [シナリオ名: 新規ユーザー登録]
[ADMIN] 04:59:58.604101 シナリオ走行を開始しました [シナリオ名: 新規ユーザー登録]
[ADMIN] 04:59:58.604114 シナリオ走行を開始しました [シナリオ名: 新規ユーザー登録]
[ADMIN] 04:59:58.604193 シナリオ走行を開始しました [シナリオ名: 新規ユーザー登録]
[ADMIN] 04:59:58.604209 シナリオ走行を開始しました [シナリオ名: 新規ユーザー登録]
[ADMIN] 04:59:58.604211 シナリオ走行を開始しました [シナリオ名: 新規ユーザー登録]
[ADMIN] 04:59:58.604107 シナリオ走行を開始しました [シナリオ名: 新規ユーザー登録]
[ADMIN] 04:59:58.604309 シナリオ走行を開始しました [シナリオ名: 新規ユーザー登録]
[ADMIN] 04:59:58.640375 シナリオ走行を終了しました [シナリオ名: ログイン]
[ADMIN] 04:59:58.640391 シナリオ走行を開始しました [シナリオ名: ログイン]
[ADMIN] 04:59:58.693987 シナリオ走行を終了しました [シナリオ名: ログイン]
[ADMIN] 04:59:58.694001 シナリオ走行を開始しました [シナリオ名: ログイン]
[ADMIN] 04:59:58.843172 シナリオ走行を終了しました [シナリオ名: Banユーザログイン]
[ADMIN] 04:59:58.843188 シナリオ走行を開始しました [シナリオ名: Banユーザログイン]
[ADMIN] 04:59:58.850637 シナリオ走行を終了しました [シナリオ名: Banユーザログイン]
[ADMIN] 04:59:58.850653 シナリオ走行を開始しました [シナリオ名: Banユーザログイン]
[ADMIN] 04:59:58.874012 シナリオ走行を終了しました [シナリオ名: Banユーザログイン]
[ADMIN] 04:59:58.874023 シナリオ走行を終了しました [シナリオ名: Banユーザログイン]
[ADMIN] 04:59:58.874030 シナリオ走行を開始しました [シナリオ名: Banユーザログイン]
[ADMIN] 04:59:58.874034 シナリオ走行を開始しました [シナリオ名: Banユーザログイン]
[ADMIN] 04:59:58.878548 シナリオ走行を終了しました [シナリオ名: Banユーザログイン]
[ADMIN] 04:59:58.878561 シナリオ走行を開始しました [シナリオ名: Banユーザログイン]
[ADMIN] 04:59:58.883498 シナリオ走行を終了しました [シナリオ名: Banユーザログイン]
[ADMIN] 04:59:58.883519 シナリオ走行を開始しました [シナリオ名: Banユーザログイン]
[ADMIN] 04:59:58.917001 シナリオ走行を終了しました [シナリオ名: ログイン]
[ADMIN] 04:59:58.917016 シナリオ走行を開始しました [シナリオ名: ログイン]
[ADMIN] 04:59:58.933922 シナリオ走行を終了しました [シナリオ名: ログイン]
[ADMIN] 04:59:58.933938 シナリオ走行を開始しました [シナリオ名: ログイン]
[ADMIN] 04:59:59.014057 シナリオ走行を終了しました [シナリオ名: ログイン]
[ADMIN] 04:59:59.014072 シナリオ走行を開始しました [シナリオ名: ログイン]
[ADMIN] 04:59:59.032659 シナリオ走行を終了しました [シナリオ名: 新規ユーザー登録]
[ADMIN] 04:59:59.038667 シナリオ走行を終了しました [シナリオ名: ログイン]
[ADMIN] 04:59:59.038684 シナリオ走行を開始しました [シナリオ名: ログイン]
[ADMIN] 04:59:59.063901 シナリオ走行を終了しました [シナリオ名: 新規ユーザー登録]
[ADMIN] 04:59:59.063925 シナリオ走行を開始しました [シナリオ名: 新規ユーザー登録]
[ADMIN] 04:59:59.063964 シナリオ走行を開始しました [シナリオ名: 新規ユーザー登録]
[ADMIN] 04:59:59.072969 シナリオ走行を終了しました [シナリオ名: 新規ユーザー登録]
[ADMIN] 04:59:59.072990 シナリオ走行を開始しました [シナリオ名: 新規ユーザー登録]
[ADMIN] 04:59:59.074021 シナリオ走行を終了しました [シナリオ名: ログイン]
[ADMIN] 04:59:59.074030 シナリオ走行を開始しました [シナリオ名: ログイン]
[ADMIN] 04:59:59.078758 シナリオ走行を終了しました [シナリオ名: 新規ユーザー登録]
[ADMIN] 04:59:59.078771 シナリオ走行を開始しました [シナリオ名: 新規ユーザー登録]
[ADMIN] 04:59:59.120424 シナリオ走行を終了しました [シナリオ名: ログイン]
[ADMIN] 04:59:59.120438 シナリオ走行を開始しました [シナリオ名: ログイン]
[ADMIN] 04:59:59.139908 シナリオ走行を終了しました [シナリオ名: ログイン]
[ADMIN] 04:59:59.139927 シナリオ走行を開始しました [シナリオ名: ログイン]
[ADMIN] 04:59:59.149809 シナリオ走行を終了しました [シナリオ名: 新規ユーザー登録]
[ADMIN] 04:59:59.149835 シナリオ走行を開始しました [シナリオ名: 新規ユーザー登録]
[ADMIN] 04:59:59.150513 シナリオ走行を終了しました [シナリオ名: ログイン]
[ADMIN] 04:59:59.150524 シナリオ走行を開始しました [シナリオ名: ログイン]
[ADMIN] 04:59:59.152540 シナリオ走行を終了しました [シナリオ名: 新規ユーザー登録]
[ADMIN] 04:59:59.172659 シナリオ走行を終了しました [シナリオ名: ログイン]
[ADMIN] 04:59:59.172674 シナリオ走行を開始しました [シナリオ名: ログイン]
[ADMIN] 04:59:59.189694 シナリオ走行を終了しました [シナリオ名: ログイン]
[ADMIN] 04:59:59.189707 シナリオ走行を開始しました [シナリオ名: ログイン]
[ADMIN] 04:59:59.216861 シナリオ走行を終了しました [シナリオ名: ログイン]
[ADMIN] 04:59:59.216876 シナリオ走行を開始しました [シナリオ名: ログイン]
[ADMIN] 04:59:59.237442 シナリオ走行を終了しました [シナリオ名: ログイン]
[ADMIN] 04:59:59.237455 シナリオ走行を開始しました [シナリオ名: ログイン]
[ADMIN] 04:59:59.316557 シナリオ走行を終了しました [シナリオ名: ログイン]
[ADMIN] 04:59:59.316572 シナリオ走行を開始しました [シナリオ名: ログイン]
[ADMIN] 04:59:59.322325 シナリオ走行を終了しました [シナリオ名: ログイン]
[ADMIN] 04:59:59.322344 シナリオ走行を開始しました [シナリオ名: ログイン]
[ADMIN] 04:59:59.330766 シナリオ走行を終了しました [シナリオ名: ログイン]
[ADMIN] 04:59:59.330782 シナリオ走行を開始しました [シナリオ名: ログイン]
[ADMIN] 04:59:59.380642 シナリオ走行を終了しました [シナリオ名: Banユーザログイン]
[ADMIN] 04:59:59.380683 シナリオ走行を開始しました [シナリオ名: Banユーザログイン]
[ADMIN] 04:59:59.384230 シナリオ走行を終了しました [シナリオ名: Banユーザログイン]
[ADMIN] 04:59:59.384246 シナリオ走行を開始しました [シナリオ名: Banユーザログイン]
[ADMIN] 04:59:59.398806 シナリオ走行を終了しました [シナリオ名: Banユーザログイン]
[ADMIN] 04:59:59.398830 シナリオ走行を開始しました [シナリオ名: Banユーザログイン]
[ADMIN] 04:59:59.400288 シナリオ走行を終了しました [シナリオ名: Banユーザログイン]
[ADMIN] 04:59:59.400310 シナリオ走行を開始しました [シナリオ名: Banユーザログイン]
[ADMIN] 04:59:59.406018 シナリオ走行を終了しました [シナリオ名: Banユーザログイン]
[ADMIN] 04:59:59.406041 シナリオ走行を開始しました [シナリオ名: Banユーザログイン]
[ADMIN] 04:59:59.409552 シナリオ走行を終了しました [シナリオ名: ログイン]
[ADMIN] 04:59:59.409566 シナリオ走行を開始しました [シナリオ名: ログイン]
[ADMIN] 04:59:59.418959 シナリオ走行を終了しました [シナリオ名: Banユーザログイン]
[ADMIN] 04:59:59.418983 シナリオ走行を開始しました [シナリオ名: Banユーザログイン]
[ADMIN] 04:59:59.421170 シナリオ走行を終了しました [シナリオ名: ログイン]
[ADMIN] 04:59:59.421184 シナリオ走行を開始しました [シナリオ名: ログイン]
[ADMIN] 04:59:59.440720 シナリオ走行を終了しました [シナリオ名: 新規ユーザー登録]
[ADMIN] 04:59:59.440755 シナリオ走行を開始しました [シナリオ名: 新規ユーザー登録]
[ADMIN] 04:59:59.440813 シナリオ走行を開始しました [シナリオ名: 新規ユーザー登録]
[ADMIN] 04:59:59.446463 シナリオ走行を終了しました [シナリオ名: ログイン]
[ADMIN] 04:59:59.446483 シナリオ走行を開始しました [シナリオ名: ログイン]
[ADMIN] 04:59:59.475192 シナリオ走行を終了しました [シナリオ名: ログイン]
[ADMIN] 04:59:59.475206 シナリオ走行を開始しました [シナリオ名: ログイン]
[ADMIN] 04:59:59.484963 シナリオ走行を終了しました [シナリオ名: 新規ユーザー登録]
[ADMIN] 04:59:59.484996 シナリオ走行を開始しました [シナリオ名: 新規ユーザー登録]
[ADMIN] 04:59:59.485040 シナリオ走行を終了しました [シナリオ名: ログイン]
[ADMIN] 04:59:59.485048 シナリオ走行を開始しました [シナリオ名: ログイン]
[ADMIN] 04:59:59.552552 シナリオ走行を終了しました [シナリオ名: ログイン]
[ADMIN] 04:59:59.552569 シナリオ走行を開始しました [シナリオ名: ログイン]
[ADMIN] 04:59:59.553116 シナリオ走行を終了しました [シナリオ名: ログイン]
[ADMIN] 04:59:59.553129 シナリオ走行を開始しました [シナリオ名: ログイン]
[ADMIN] 04:59:59.554883 シナリオ走行を終了しました [シナリオ名: 新規ユーザー登録]
[ADMIN] 04:59:59.554907 シナリオ走行を開始しました [シナリオ名: 新規ユーザー登録]
[ADMIN] 04:59:59.557680 シナリオ走行を終了しました [シナリオ名: ログイン]
[ADMIN] 04:59:59.557690 シナリオ走行を開始しました [シナリオ名: ログイン]
[ADMIN] 04:59:59.561491 シナリオ走行を終了しました [シナリオ名: 新規ユーザー登録]
[ADMIN] 04:59:59.561515 シナリオ走行を開始しました [シナリオ名: 新規ユーザー登録]
[ADMIN] 04:59:59.603608 シナリオ走行を終了しました [シナリオ名: ログイン]
[ADMIN] 04:59:59.603621 シナリオ走行を開始しました [シナリオ名: ログイン]
[ADMIN] 04:59:59.619646 シナリオ走行を終了しました [シナリオ名: ログイン]
[ADMIN] 04:59:59.619657 シナリオ走行を開始しました [シナリオ名: ログイン]
[ADMIN] 04:59:59.677482 シナリオ走行を終了しました [シナリオ名: ログイン]
[ADMIN] 04:59:59.677503 シナリオ走行を開始しました [シナリオ名: ログイン]
[ADMIN] 04:59:59.720941 シナリオ走行を終了しました [シナリオ名: ログイン]
[ADMIN] 04:59:59.720955 シナリオ走行を開始しました [シナリオ名: ログイン]
[ADMIN] 04:59:59.749621 シナリオ走行を終了しました [シナリオ名: ログイン]
[ADMIN] 04:59:59.749637 シナリオ走行を開始しました [シナリオ名: ログイン]
[ADMIN] 04:59:59.751195 シナリオ走行を終了しました [シナリオ名: ログイン]
[ADMIN] 04:59:59.751209 シナリオ走行を開始しました [シナリオ名: ログイン]
[ADMIN] 04:59:59.770462 シナリオ走行を終了しました [シナリオ名: ログイン]
[ADMIN] 04:59:59.770476 シナリオ走行を開始しました [シナリオ名: ログイン]
[ADMIN] 04:59:59.876246 シナリオ走行を終了しました [シナリオ名: ログイン]
[ADMIN] 04:59:59.876264 シナリオ走行を開始しました [シナリオ名: ログイン]
[ADMIN] 04:59:59.891986 シナリオ走行を終了しました [シナリオ名: ログイン]
[ADMIN] 04:59:59.892002 シナリオ走行を開始しました [シナリオ名: ログイン]
[ADMIN] 04:59:59.895910 シナリオ走行を終了しました [シナリオ名: ログイン]
[ADMIN] 04:59:59.895923 シナリオ走行を開始しました [シナリオ名: ログイン]
[ADMIN] 04:59:59.905093 シナリオ走行を終了しました [シナリオ名: Banユーザログイン]
[ADMIN] 04:59:59.905120 シナリオ走行を開始しました [シナリオ名: Banユーザログイン]
[ADMIN] 04:59:59.916038 シナリオ走行を終了しました [シナリオ名: Banユーザログイン]
[ADMIN] 04:59:59.916063 シナリオ走行を開始しました [シナリオ名: Banユーザログイン]
[ADMIN] 04:59:59.938413 シナリオ走行を終了しました [シナリオ名: Banユーザログイン]
[ADMIN] 04:59:59.938424 シナリオ走行を終了しました [シナリオ名: Banユーザログイン]
[ADMIN] 04:59:59.938439 シナリオ走行を開始しました [シナリオ名: Banユーザログイン]
[ADMIN] 04:59:59.938451 シナリオ走行を開始しました [シナリオ名: Banユーザログイン]
[ADMIN] 04:59:59.939912 シナリオ走行を終了しました [シナリオ名: Banユーザログイン]
[ADMIN] 04:59:59.939937 シナリオ走行を開始しました [シナリオ名: Banユーザログイン]
[ADMIN] 04:59:59.942417 シナリオ走行を終了しました [シナリオ名: Banユーザログイン]
[ADMIN] 04:59:59.942444 シナリオ走行を開始しました [シナリオ名: Banユーザログイン]
[ADMIN] 05:00:00.083804 シナリオ走行を終了しました [シナリオ名: ログイン]
[ADMIN] 05:00:00.083821 シナリオ走行を開始しました [シナリオ名: ログイン]
[ADMIN] 05:00:00.085230 シナリオ走行を終了しました [シナリオ名: ログイン]
[ADMIN] 05:00:00.085245 シナリオ走行を開始しました [シナリオ名: ログイン]
[ADMIN] 05:00:00.150718 シナリオ走行を終了しました [シナリオ名: ログイン]
[ADMIN] 05:00:00.150737 シナリオ走行を開始しました [シナリオ名: ログイン]
[ADMIN] 05:00:00.161142 シナリオ走行を終了しました [シナリオ名: ログイン]
[ADMIN] 05:00:00.161159 シナリオ走行を開始しました [シナリオ名: ログイン]
[ADMIN] 05:00:00.237227 シナリオ走行を終了しました [シナリオ名: ログイン]
[ADMIN] 05:00:00.237244 シナリオ走行を開始しました [シナリオ名: ログイン]
[ADMIN] 05:00:00.348685 シナリオ走行を終了しました [シナリオ名: ログイン]
[ADMIN] 05:00:00.348702 シナリオ走行を開始しました [シナリオ名: ログイン]
[ADMIN] 05:00:00.369157 シナリオ走行を終了しました [シナリオ名: ログイン]
[ADMIN] 05:00:00.369173 シナリオ走行を開始しました [シナリオ名: ログイン]
[ADMIN] 05:00:00.369789 シナリオ走行を終了しました [シナリオ名: ログイン]
[ADMIN] 05:00:00.369799 シナリオ走行を開始しました [シナリオ名: ログイン]
[ADMIN] 05:00:00.426160 シナリオ走行を終了しました [シナリオ名: ログイン]
[ADMIN] 05:00:00.426175 シナリオ走行を開始しました [シナリオ名: ログイン]
[ADMIN] 05:00:00.443941 シナリオ走行を終了しました [シナリオ名: Banユーザログイン]
[ADMIN] 05:00:00.443967 シナリオ走行を開始しました [シナリオ名: Banユーザログイン]
[ADMIN] 05:00:00.451359 シナリオ走行を終了しました [シナリオ名: Banユーザログイン]
[ADMIN] 05:00:00.451380 シナリオ走行を開始しました [シナリオ名: Banユーザログイン]
[ADMIN] 05:00:00.451519 シナリオ走行を終了しました [シナリオ名: Banユーザログイン]
[ADMIN] 05:00:00.451531 シナリオ走行を開始しました [シナリオ名: Banユーザログイン]
[ADMIN] 05:00:00.455527 シナリオ走行を終了しました [シナリオ名: Banユーザログイン]
[ADMIN] 05:00:00.455551 シナリオ走行を開始しました [シナリオ名: Banユーザログイン]
[ADMIN] 05:00:00.459008 シナリオ走行を終了しました [シナリオ名: Banユーザログイン]
[ADMIN] 05:00:00.459042 シナリオ走行を開始しました [シナリオ名: Banユーザログイン]
[ADMIN] 05:00:00.512729 シナリオ走行を終了しました [シナリオ名: ログイン]
[ADMIN] 05:00:00.512746 シナリオ走行を開始しました [シナリオ名: ログイン]
[ADMIN] 05:00:00.547719 シナリオ走行を終了しました [シナリオ名: Banユーザログイン]
[ADMIN] 05:00:00.547751 シナリオ走行を開始しました [シナリオ名: Banユーザログイン]
[ADMIN] 05:00:00.551320 シナリオ走行を終了しました [シナリオ名: ログイン]
[ADMIN] 05:00:00.551339 シナリオ走行を開始しました [シナリオ名: ログイン]
[ADMIN] 05:00:00.564056 シナリオ走行を終了しました [シナリオ名: ログイン]
[ADMIN] 05:00:00.564075 シナリオ走行を開始しました [シナリオ名: ログイン]
[ADMIN] 05:00:00.708303 シナリオ走行を終了しました [シナリオ名: 新規ユーザー登録]
[ADMIN] 05:00:00.708361 シナリオ走行を開始しました [シナリオ名: 新規ユーザー登録]
[ADMIN] 05:00:00.759984 シナリオ走行を終了しました [シナリオ名: 新規ユーザー登録]
[ADMIN] 05:00:00.760010 シナリオ走行を開始しました [シナリオ名: 新規ユーザー登録]
[ADMIN] 05:00:00.775900 シナリオ走行を終了しました [シナリオ名: 新規ユーザー登録]
[ADMIN] 05:00:00.775931 シナリオ走行を開始しました [シナリオ名: 新規ユーザー登録]
[ADMIN] 05:00:00.777734 シナリオ走行を終了しました [シナリオ名: ログイン]
[ADMIN] 05:00:00.777747 シナリオ走行を開始しました [シナリオ名: ログイン]
[ADMIN] 05:00:00.781299 シナリオ走行を終了しました [シナリオ名: ログイン]
[ADMIN] 05:00:00.781312 シナリオ走行を開始しました [シナリオ名: ログイン]
[ADMIN] 05:00:00.786731 シナリオ走行を終了しました [シナリオ名: ログイン]
[ADMIN] 05:00:00.786747 シナリオ走行を開始しました [シナリオ名: ログイン]
[ADMIN] 05:00:00.787492 シナリオ走行を終了しました [シナリオ名: 新規ユーザー登録]
[ADMIN] 05:00:00.787513 シナリオ走行を開始しました [シナリオ名: 新規ユーザー登録]
[ADMIN] 05:00:00.811132 シナリオ走行を終了しました [シナリオ名: ログイン]
[ADMIN] 05:00:00.811149 シナリオ走行を開始しました [シナリオ名: ログイン]
[ADMIN] 05:00:00.817763 シナリオ走行を終了しました [シナリオ名: ログイン]
[ADMIN] 05:00:00.817781 シナリオ走行を開始しました [シナリオ名: ログイン]
[ADMIN] 05:00:00.885487 シナリオ走行を終了しました [シナリオ名: ログイン]
[ADMIN] 05:00:00.885503 シナリオ走行を開始しました [シナリオ名: ログイン]
[ADMIN] 05:00:00.969900 シナリオ走行を終了しました [シナリオ名: Banユーザログイン]
[ADMIN] 05:00:00.969927 シナリオ走行を開始しました [シナリオ名: Banユーザログイン]
[ADMIN] 05:00:00.972761 シナリオ走行を終了しました [シナリオ名: Banユーザログイン]
[ADMIN] 05:00:00.972780 シナリオ走行を開始しました [シナリオ名: Banユーザログイン]
[ADMIN] 05:00:00.974212 シナリオ走行を終了しました [シナリオ名: Banユーザログイン]
[ADMIN] 05:00:00.974230 シナリオ走行を開始しました [シナリオ名: Banユーザログイン]
[ADMIN] 05:00:00.974566 シナリオ走行を終了しました [シナリオ名: Banユーザログイン]
[ADMIN] 05:00:00.974588 シナリオ走行を開始しました [シナリオ名: Banユーザログイン]
[ADMIN] 05:00:00.977053 シナリオ走行を終了しました [シナリオ名: ログイン]
[ADMIN] 05:00:00.977066 シナリオ走行を開始しました [シナリオ名: ログイン]
[ADMIN] 05:00:00.978570 シナリオ走行を終了しました [シナリオ名: Banユーザログイン]
[ADMIN] 05:00:00.978589 シナリオ走行を開始しました [シナリオ名: Banユーザログイン]
[ADMIN] 05:00:01.026803 シナリオ走行を終了しました [シナリオ名: ログイン]
[ADMIN] 05:00:01.026818 シナリオ走行を開始しました [シナリオ名: ログイン]
[ADMIN] 05:00:01.049958 シナリオ走行を終了しました [シナリオ名: 新規ユーザー登録]
[ADMIN] 05:00:01.049984 シナリオ走行を開始しました [シナリオ名: 新規ユーザー登録]
[ADMIN] 05:00:01.084314 シナリオ走行を終了しました [シナリオ名: Banユーザログイン]
[ADMIN] 05:00:01.084363 シナリオ走行を開始しました [シナリオ名: Banユーザログイン]
[ADMIN] 05:00:01.091138 シナリオ走行を終了しました [シナリオ名: 新規ユーザー登録]
[ADMIN] 05:00:01.091167 シナリオ走行を開始しました [シナリオ名: 新規ユーザー登録]
[ADMIN] 05:00:01.132653 シナリオ走行を終了しました [シナリオ名: ログイン]
[ADMIN] 05:00:01.132669 シナリオ走行を開始しました [シナリオ名: ログイン]
[ADMIN] 05:00:01.155983 シナリオ走行を終了しました [シナリオ名: 新規ユーザー登録]
[ADMIN] 05:00:01.156035 シナリオ走行を開始しました [シナリオ名: 新規ユーザー登録]
[ADMIN] 05:00:01.213055 シナリオ走行を終了しました [シナリオ名: 新規ユーザー登録]
[ADMIN] 05:00:01.213086 シナリオ走行を開始しました [シナリオ名: 新規ユーザー登録]
[ADMIN] 05:00:01.216031 シナリオ走行を終了しました [シナリオ名: 新規ユーザー登録]
[ADMIN] 05:00:01.216053 シナリオ走行を開始しました [シナリオ名: 新規ユーザー登録]
[ADMIN] 05:00:01.222635 シナリオ走行を終了しました [シナリオ名: 新規ユーザー登録]
[ADMIN] 05:00:01.222658 シナリオ走行を開始しました [シナリオ名: 新規ユーザー登録]
[ADMIN] 05:00:01.222887 シナリオ走行を終了しました [シナリオ名: 新規ユーザー登録]
[ADMIN] 05:00:01.222911 シナリオ走行を開始しました [シナリオ名: 新規ユーザー登録]
[ADMIN] 05:00:01.253432 シナリオ走行を終了しました [シナリオ名: ログイン]
[ADMIN] 05:00:01.253453 シナリオ走行を開始しました [シナリオ名: ログイン]
[ADMIN] 05:00:01.259842 シナリオ走行を終了しました [シナリオ名: ログイン]
[ADMIN] 05:00:01.259858 シナリオ走行を開始しました [シナリオ名: ログイン]
[ADMIN] 05:00:01.290261 シナリオ走行を終了しました [シナリオ名: ログイン]
[ADMIN] 05:00:01.290276 シナリオ走行を開始しました [シナリオ名: ログイン]
[ADMIN] 05:00:01.293341 シナリオ走行を終了しました [シナリオ名: ログイン]
[ADMIN] 05:00:01.293356 シナリオ走行を開始しました [シナリオ名: ログイン]
[ADMIN] 05:00:01.296479 シナリオ走行を終了しました [シナリオ名: ログイン]
[ADMIN] 05:00:01.296495 シナリオ走行を開始しました [シナリオ名: ログイン]
[ADMIN] 05:00:01.298192 シナリオ走行を終了しました [シナリオ名: ログイン]
[ADMIN] 05:00:01.298204 シナリオ走行を開始しました [シナリオ名: ログイン]
[ADMIN] 05:00:01.392331 シナリオ走行を終了しました [シナリオ名: ログイン]
[ADMIN] 05:00:01.392347 シナリオ走行を開始しました [シナリオ名: ログイン]
[ADMIN] 05:00:01.396369 シナリオ走行を終了しました [シナリオ名: ログイン]
[ADMIN] 05:00:01.396383 シナリオ走行を開始しました [シナリオ名: ログイン]
[ADMIN] 05:00:01.460760 シナリオ走行を終了しました [シナリオ名: 新規ユーザー登録]
[ADMIN] 05:00:01.460790 シナリオ走行を開始しました [シナリオ名: 新規ユーザー登録]
[ADMIN] 05:00:01.491719 シナリオ走行を終了しました [シナリオ名: Banユーザログイン]
[ADMIN] 05:00:01.491760 シナリオ走行を開始しました [シナリオ名: Banユーザログイン]
[ADMIN] 05:00:01.495304 シナリオ走行を終了しました [シナリオ名: Banユーザログイン]
[ADMIN] 05:00:01.495326 シナリオ走行を開始しました [シナリオ名: Banユーザログイン]
[ADMIN] 05:00:01.499830 シナリオ走行を終了しました [シナリオ名: Banユーザログイン]
[ADMIN] 05:00:01.499879 シナリオ走行を開始しました [シナリオ名: Banユーザログイン]
[ADMIN] 05:00:01.517487 シナリオ走行を終了しました [シナリオ名: Banユーザログイン]
[ADMIN] 05:00:01.517509 シナリオ走行を開始しました [シナリオ名: Banユーザログイン]
[ADMIN] 05:00:01.522982 シナリオ走行を終了しました [シナリオ名: Banユーザログイン]
[ADMIN] 05:00:01.523001 シナリオ走行を開始しました [シナリオ名: Banユーザログイン]
[ADMIN] 05:00:01.550836 シナリオ走行を終了しました [シナリオ名: 新規ユーザー登録]
[ADMIN] 05:00:01.550862 シナリオ走行を開始しました [シナリオ名: 新規ユーザー登録]
[ADMIN] 05:00:01.554741 シナリオ走行を終了しました [シナリオ名: ログイン]
[ADMIN] 05:00:01.554753 シナリオ走行を開始しました [シナリオ名: ログイン]
[ADMIN] 05:00:01.577735 シナリオ走行を終了しました [シナリオ名: ログイン]
[ADMIN] 05:00:01.577749 シナリオ走行を開始しました [シナリオ名: ログイン]
[ADMIN] 05:00:01.596773 シナリオ走行を終了しました [シナリオ名: 新規ユーザー登録]
[ADMIN] 05:00:01.596806 シナリオ走行を開始しました [シナリオ名: 新規ユーザー登録]
[ADMIN] 05:00:01.603557 シナリオ走行を終了しました [シナリオ名: ログイン]
[ADMIN] 05:00:01.603572 シナリオ走行を開始しました [シナリオ名: ログイン]
[ADMIN] 05:00:01.618779 シナリオ走行を終了しました [シナリオ名: 新規ユーザー登録]
[ADMIN] 05:00:01.618810 シナリオ走行を開始しました [シナリオ名: 新規ユーザー登録]
[ADMIN] 05:00:01.628796 シナリオ走行を終了しました [シナリオ名: Banユーザログイン]
[ADMIN] 05:00:01.628820 シナリオ走行を開始しました [シナリオ名: Banユーザログイン]
[ADMIN] 05:00:01.640778 シナリオ走行を終了しました [シナリオ名: ログイン]
[ADMIN] 05:00:01.640800 シナリオ走行を開始しました [シナリオ名: ログイン]
[ADMIN] 05:00:01.643791 シナリオ走行を終了しました [シナリオ名: ログイン]
[ADMIN] 05:00:01.643803 シナリオ走行を開始しました [シナリオ名: ログイン]
[ADMIN] 05:00:01.657024 シナリオ走行を終了しました [シナリオ名: ログイン]
[ADMIN] 05:00:01.657042 シナリオ走行を開始しました [シナリオ名: ログイン]
[ADMIN] 05:00:01.674175 シナリオ走行を終了しました [シナリオ名: 新規ユーザー登録]
[ADMIN] 05:00:01.674201 シナリオ走行を開始しました [シナリオ名: 新規ユーザー登録]
[ADMIN] 05:00:01.681663 シナリオ走行を終了しました [シナリオ名: ログイン]
[ADMIN] 05:00:01.681677 シナリオ走行を開始しました [シナリオ名: ログイン]
[ADMIN] 05:00:01.685857 シナリオ走行を終了しました [シナリオ名: ログイン]
[ADMIN] 05:00:01.685873 シナリオ走行を開始しました [シナリオ名: ログイン]
[ADMIN] 05:00:01.696157 シナリオ走行を終了しました [シナリオ名: 新規ユーザー登録]
[ADMIN] 05:00:01.696182 シナリオ走行を開始しました [シナリオ名: 新規ユーザー登録]
[ADMIN] 05:00:01.697245 シナリオ走行を終了しました [シナリオ名: 新規ユーザー登録]
[ADMIN] 05:00:01.697265 シナリオ走行を開始しました [シナリオ名: 新規ユーザー登録]
[ADMIN] 05:00:01.699160 シナリオ走行を終了しました [シナリオ名: 新規ユーザー登録]
[ADMIN] 05:00:01.699184 シナリオ走行を開始しました [シナリオ名: 新規ユーザー登録]
[ADMIN] 05:00:01.740006 シナリオ走行を終了しました [シナリオ名: ログイン]
[ADMIN] 05:00:01.740021 シナリオ走行を開始しました [シナリオ名: ログイン]
[ADMIN] 05:00:01.758540 シナリオ走行を終了しました [シナリオ名: ログイン]
[ADMIN] 05:00:01.758558 シナリオ走行を開始しました [シナリオ名: ログイン]
[ADMIN] 05:00:01.828303 シナリオ走行を終了しました [シナリオ名: ログイン]
[ADMIN] 05:00:01.828318 シナリオ走行を開始しました [シナリオ名: ログイン]
[ADMIN] 05:00:01.829148 シナリオ走行を終了しました [シナリオ名: ログイン]
[ADMIN] 05:00:01.829157 シナリオ走行を開始しました [シナリオ名: ログイン]
[ADMIN] 05:00:01.876845 シナリオ走行を終了しました [シナリオ名: 新規ユーザー登録]
[ADMIN] 05:00:01.876871 シナリオ走行を開始しました [シナリオ名: 新規ユーザー登録]
[ADMIN] 05:00:01.886240 シナリオ走行を終了しました [シナリオ名: ログイン]
[ADMIN] 05:00:01.886255 シナリオ走行を開始しました [シナリオ名: ログイン]
[ADMIN] 05:00:01.908769 シナリオ走行を終了しました [シナリオ名: ログイン]
[ADMIN] 05:00:01.908783 シナリオ走行を開始しました [シナリオ名: ログイン]
[ADMIN] 05:00:02.010409 シナリオ走行を終了しました [シナリオ名: Banユーザログイン]
[ADMIN] 05:00:02.010438 シナリオ走行を開始しました [シナリオ名: Banユーザログイン]
[ADMIN] 05:00:02.015014 シナリオ走行を終了しました [シナリオ名: Banユーザログイン]
[ADMIN] 05:00:02.015038 シナリオ走行を開始しました [シナリオ名: Banユーザログイン]
[ADMIN] 05:00:02.034732 シナリオ走行を終了しました [シナリオ名: Banユーザログイン]
[ADMIN] 05:00:02.034760 シナリオ走行を開始しました [シナリオ名: Banユーザログイン]
[ADMIN] 05:00:02.040984 シナリオ走行を終了しました [シナリオ名: Banユーザログイン]
[ADMIN] 05:00:02.041000 シナリオ走行を開始しました [シナリオ名: Banユーザログイン]
[ADMIN] 05:00:02.047269 シナリオ走行を終了しました [シナリオ名: Banユーザログイン]
[ADMIN] 05:00:02.047309 シナリオ走行を開始しました [シナリオ名: Banユーザログイン]
[ADMIN] 05:00:02.070095 シナリオ走行を終了しました [シナリオ名: 新規ユーザー登録]
[ADMIN] 05:00:02.070122 シナリオ走行を開始しました [シナリオ名: 新規ユーザー登録]
[ADMIN] 05:00:02.101162 シナリオ走行を終了しました [シナリオ名: ログイン]
[ADMIN] 05:00:02.101179 シナリオ走行を開始しました [シナリオ名: ログイン]
[ADMIN] 05:00:02.109746 シナリオ走行を終了しました [シナリオ名: ログイン]
[ADMIN] 05:00:02.109761 シナリオ走行を開始しました [シナリオ名: ログイン]
[ADMIN] 05:00:02.113188 シナリオ走行を終了しました [シナリオ名: ログイン]
[ADMIN] 05:00:02.113203 シナリオ走行を開始しました [シナリオ名: ログイン]
[ADMIN] 05:00:02.158280 シナリオ走行を終了しました [シナリオ名: Banユーザログイン]
[ADMIN] 05:00:02.158298 シナリオ走行を開始しました [シナリオ名: Banユーザログイン]
[ADMIN] 05:00:02.242095 シナリオ走行を終了しました [シナリオ名: ログイン]
[ADMIN] 05:00:02.242111 シナリオ走行を開始しました [シナリオ名: ログイン]
[ADMIN] 05:00:02.308707 シナリオ走行を終了しました [シナリオ名: ログイン]
[ADMIN] 05:00:02.308724 シナリオ走行を開始しました [シナリオ名: ログイン]
[ADMIN] 05:00:02.408518 シナリオ走行を終了しました [シナリオ名: ログイン]
[ADMIN] 05:00:02.408532 シナリオ走行を開始しました [シナリオ名: ログイン]
[ADMIN] 05:00:02.463498 シナリオ走行を終了しました [シナリオ名: ログイン]
[ADMIN] 05:00:02.463513 シナリオ走行を開始しました [シナリオ名: ログイン]
[ADMIN] 05:00:02.533592 シナリオ走行を終了しました [シナリオ名: Banユーザログイン]
[ADMIN] 05:00:02.533613 シナリオ走行を開始しました [シナリオ名: Banユーザログイン]
[ADMIN] 05:00:02.538158 シナリオ走行を終了しました [シナリオ名: Banユーザログイン]
[ADMIN] 05:00:02.538182 シナリオ走行を開始しました [シナリオ名: Banユーザログイン]
[ADMIN] 05:00:02.560649 シナリオ走行を終了しました [シナリオ名: Banユーザログイン]
[ADMIN] 05:00:02.560675 シナリオ走行を開始しました [シナリオ名: Banユーザログイン]
[ADMIN] 05:00:02.564737 シナリオ走行を終了しました [シナリオ名: Banユーザログイン]
[ADMIN] 05:00:02.564756 シナリオ走行を開始しました [シナリオ名: Banユーザログイン]
[ADMIN] 05:00:02.566848 シナリオ走行を終了しました [シナリオ名: ログイン]
[ADMIN] 05:00:02.566867 シナリオ走行を開始しました [シナリオ名: ログイン]
[ADMIN] 05:00:02.572307 シナリオ走行を終了しました [シナリオ名: Banユーザログイン]
[ADMIN] 05:00:02.572334 シナリオ走行を開始しました [シナリオ名: Banユーザログイン]
[ADMIN] 05:00:02.620676 シナリオ走行を終了しました [シナリオ名: ログイン]
[ADMIN] 05:00:02.620693 シナリオ走行を開始しました [シナリオ名: ログイン]
[ADMIN] 05:00:02.697837 シナリオ走行を終了しました [シナリオ名: Banユーザログイン]
[ADMIN] 05:00:02.697867 シナリオ走行を開始しました [シナリオ名: Banユーザログイン]
[ADMIN] 05:00:02.760445 シナリオ走行を終了しました [シナリオ名: ログイン]
[ADMIN] 05:00:02.760460 シナリオ走行を開始しました [シナリオ名: ログイン]
[ADMIN] 05:00:02.799991 シナリオ走行を終了しました [シナリオ名: ログイン]
[ADMIN] 05:00:02.800008 シナリオ走行を開始しました [シナリオ名: ログイン]
[ADMIN] 05:00:02.802786 シナリオ走行を終了しました [シナリオ名: ログイン]
[ADMIN] 05:00:02.802798 シナリオ走行を開始しました [シナリオ名: ログイン]
[ADMIN] 05:00:02.807758 シナリオ走行を終了しました [シナリオ名: ログイン]
[ADMIN] 05:00:02.807771 シナリオ走行を開始しました [シナリオ名: ログイン]
[ADMIN] 05:00:02.817746 シナリオ走行を終了しました [シナリオ名: ログイン]
[ADMIN] 05:00:02.817761 シナリオ走行を開始しました [シナリオ名: ログイン]
[ADMIN] 05:00:02.980711 シナリオ走行を終了しました [シナリオ名: ログイン]
[ADMIN] 05:00:02.980726 シナリオ走行を開始しました [シナリオ名: ログイン]
[ADMIN] 05:00:03.021965 シナリオ走行を終了しました [シナリオ名: ログイン]
[ADMIN] 05:00:03.021979 シナリオ走行を開始しました [シナリオ名: ログイン]
[ADMIN] 05:00:03.060940 シナリオ走行を終了しました [シナリオ名: Banユーザログイン]
[ADMIN] 05:00:03.060966 シナリオ走行を開始しました [シナリオ名: Banユーザログイン]
[ADMIN] 05:00:03.075648 シナリオ走行を終了しました [シナリオ名: Banユーザログイン]
[ADMIN] 05:00:03.075671 シナリオ走行を開始しました [シナリオ名: Banユーザログイン]
[ADMIN] 05:00:03.077177 シナリオ走行を終了しました [シナリオ名: Banユーザログイン]
[ADMIN] 05:00:03.077195 シナリオ走行を開始しました [シナリオ名: Banユーザログイン]
[ADMIN] 05:00:03.077367 シナリオ走行を終了しました [シナリオ名: ログイン]
[ADMIN] 05:00:03.077379 シナリオ走行を開始しました [シナリオ名: ログイン]
[ADMIN] 05:00:03.097184 シナリオ走行を終了しました [シナリオ名: ログイン]
[ADMIN] 05:00:03.097202 シナリオ走行を開始しました [シナリオ名: ログイン]
[ADMIN] 05:00:03.097718 シナリオ走行を終了しました [シナリオ名: ログイン]
[ADMIN] 05:00:03.097731 シナリオ走行を開始しました [シナリオ名: ログイン]
[ADMIN] 05:00:03.119896 シナリオ走行を終了しました [シナリオ名: Banユーザログイン]
[ADMIN] 05:00:03.119925 シナリオ走行を開始しました [シナリオ名: Banユーザログイン]
[ADMIN] 05:00:03.132751 シナリオ走行を終了しました [シナリオ名: 新規ユーザー登録]
[ADMIN] 05:00:03.132778 シナリオ走行を開始しました [シナリオ名: 新規ユーザー登録]
[ADMIN] 05:00:03.133150 シナリオ走行を終了しました [シナリオ名: Banユーザログイン]
[ADMIN] 05:00:03.133165 シナリオ走行を開始しました [シナリオ名: Banユーザログイン]
[ADMIN] 05:00:03.139499 シナリオ走行を終了しました [シナリオ名: ログイン]
[ADMIN] 05:00:03.139517 シナリオ走行を開始しました [シナリオ名: ログイン]
[ADMIN] 05:00:03.156225 シナリオ走行を終了しました [シナリオ名: ログイン]
[ADMIN] 05:00:03.156245 シナリオ走行を開始しました [シナリオ名: ログイン]
[ADMIN] 05:00:03.186503 シナリオ走行を終了しました [シナリオ名: 新規ユーザー登録]
[ADMIN] 05:00:03.186530 シナリオ走行を開始しました [シナリオ名: 新規ユーザー登録]
[ADMIN] 05:00:03.187048 シナリオ走行を終了しました [シナリオ名: ログイン]
[ADMIN] 05:00:03.187059 シナリオ走行を開始しました [シナリオ名: ログイン]
[ADMIN] 05:00:03.190468 シナリオ走行を終了しました [シナリオ名: 新規ユーザー登録]
[ADMIN] 05:00:03.190492 シナリオ走行を開始しました [シナリオ名: 新規ユーザー登録]
[ADMIN] 05:00:03.238127 シナリオ走行を終了しました [シナリオ名: Banユーザログイン]
[ADMIN] 05:00:03.238152 シナリオ走行を開始しました [シナリオ名: Banユーザログイン]
[ADMIN] 05:00:03.262870 シナリオ走行を終了しました [シナリオ名: ログイン]
[ADMIN] 05:00:03.262886 シナリオ走行を開始しました [シナリオ名: ログイン]
[ADMIN] 05:00:03.308061 シナリオ走行を終了しました [シナリオ名: 新規ユーザー登録]
[ADMIN] 05:00:03.308089 シナリオ走行を開始しました [シナリオ名: 新規ユーザー登録]
[ADMIN] 05:00:03.311451 シナリオ走行を終了しました [シナリオ名: ログイン]
[ADMIN] 05:00:03.311465 シナリオ走行を開始しました [シナリオ名: ログイン]
[ADMIN] 05:00:03.311792 シナリオ走行を終了しました [シナリオ名: ログイン]
[ADMIN] 05:00:03.311803 シナリオ走行を開始しました [シナリオ名: ログイン]
[ADMIN] 05:00:03.327083 シナリオ走行を終了しました [シナリオ名: ログイン]
[ADMIN] 05:00:03.327102 シナリオ走行を開始しました [シナリオ名: ログイン]
[ADMIN] 05:00:03.336534 シナリオ走行を終了しました [シナリオ名: ログイン]
[ADMIN] 05:00:03.336564 シナリオ走行を開始しました [シナリオ名: ログイン]
[ADMIN] 05:00:03.385225 シナリオ走行を終了しました [シナリオ名: ログイン]
[ADMIN] 05:00:03.385241 シナリオ走行を開始しました [シナリオ名: ログイン]
[ADMIN] 05:00:03.396294 シナリオ走行を終了しました [シナリオ名: 新規ユーザー登録]
[ADMIN] 05:00:03.396326 シナリオ走行を開始しました [シナリオ名: 新規ユーザー登録]
[ADMIN] 05:00:03.401646 シナリオ走行を終了しました [シナリオ名: ログイン]
[ADMIN] 05:00:03.401660 シナリオ走行を開始しました [シナリオ名: ログイン]
[ADMIN] 05:00:03.406144 シナリオ走行を終了しました [シナリオ名: ログイン]
[ADMIN] 05:00:03.406158 シナリオ走行を開始しました [シナリオ名: ログイン]
[ADMIN] 05:00:03.407888 シナリオ走行を終了しました [シナリオ名: ログイン]
[ADMIN] 05:00:03.407899 シナリオ走行を開始しました [シナリオ名: ログイン]
[ADMIN] 05:00:03.412029 シナリオ走行を終了しました [シナリオ名: ログイン]
[ADMIN] 05:00:03.412042 シナリオ走行を開始しました [シナリオ名: ログイン]
[ADMIN] 05:00:03.426160 シナリオ走行を終了しました [シナリオ名: ログイン]
[ADMIN] 05:00:03.426175 シナリオ走行を開始しました [シナリオ名: ログイン]
[ADMIN] 05:00:03.468634 シナリオ走行を終了しました [シナリオ名: 新規ユーザー登録]
[ADMIN] 05:00:03.468660 シナリオ走行を開始しました [シナリオ名: 新規ユーザー登録]
[ADMIN] 05:00:03.475841 シナリオ走行を終了しました [シナリオ名: 新規ユーザー登録]
[ADMIN] 05:00:03.475872 シナリオ走行を開始しました [シナリオ名: 新規ユーザー登録]
[ADMIN] 05:00:03.556342 シナリオ走行を終了しました [シナリオ名: ログイン]
[ADMIN] 05:00:03.556361 シナリオ走行を開始しました [シナリオ名: ログイン]
[ADMIN] 05:00:03.578389 シナリオ走行を終了しました [シナリオ名: ログイン]
[ADMIN] 05:00:03.578402 シナリオ走行を開始しました [シナリオ名: ログイン]
[ADMIN] 05:00:03.584859 シナリオ走行を終了しました [シナリオ名: Banユーザログイン]
[ADMIN] 05:00:03.584883 シナリオ走行を開始しました [シナリオ名: Banユーザログイン]
[ADMIN] 05:00:03.588730 シナリオ走行を終了しました [シナリオ名: Banユーザログイン]
[ADMIN] 05:00:03.588755 シナリオ走行を開始しました [シナリオ名: Banユーザログイン]
[ADMIN] 05:00:03.629509 シナリオ走行を終了しました [シナリオ名: Banユーザログイン]
[ADMIN] 05:00:03.629539 シナリオ走行を開始しました [シナリオ名: Banユーザログイン]
[ADMIN] 05:00:03.645733 シナリオ走行を終了しました [シナリオ名: Banユーザログイン]
[ADMIN] 05:00:03.645761 シナリオ走行を開始しました [シナリオ名: Banユーザログイン]
[ADMIN] 05:00:03.647327 シナリオ走行を終了しました [シナリオ名: ログイン]
[ADMIN] 05:00:03.647341 シナリオ走行を開始しました [シナリオ名: ログイン]
[ADMIN] 05:00:03.657138 シナリオ走行を終了しました [シナリオ名: ログイン]
[ADMIN] 05:00:03.657154 シナリオ走行を開始しました [シナリオ名: ログイン]
[ADMIN] 05:00:03.666718 シナリオ走行を終了しました [シナリオ名: Banユーザログイン]
[ADMIN] 05:00:03.666741 シナリオ走行を開始しました [シナリオ名: Banユーザログイン]
[ADMIN] 05:00:03.688301 シナリオ走行を終了しました [シナリオ名: ログイン]
[ADMIN] 05:00:03.688324 シナリオ走行を開始しました [シナリオ名: ログイン]
[ADMIN] 05:00:03.751022 シナリオ走行を終了しました [シナリオ名: Banユーザログイン]
[ADMIN] 05:00:03.751039 シナリオ走行を開始しました [シナリオ名: Banユーザログイン]
[ADMIN] 05:00:03.772405 シナリオ走行を終了しました [シナリオ名: ログイン]
[ADMIN] 05:00:03.772419 シナリオ走行を開始しました [シナリオ名: ログイン]
[ADMIN] 05:00:03.815223 シナリオ走行を終了しました [シナリオ名: 新規ユーザー登録]
[ADMIN] 05:00:03.815248 シナリオ走行を開始しました [シナリオ名: 新規ユーザー登録]
[ADMIN] 05:00:03.815526 シナリオ走行を終了しました [シナリオ名: 新規ユーザー登録]
[ADMIN] 05:00:03.815561 シナリオ走行を開始しました [シナリオ名: 新規ユーザー登録]
[ADMIN] 05:00:03.856256 シナリオ走行を終了しました [シナリオ名: ログイン]
[ADMIN] 05:00:03.856284 シナリオ走行を開始しました [シナリオ名: ログイン]
[ADMIN] 05:00:03.865241 シナリオ走行を終了しました [シナリオ名: 新規ユーザー登録]
[ADMIN] 05:00:03.865271 シナリオ走行を開始しました [シナリオ名: 新規ユーザー登録]
[ADMIN] 05:00:03.899188 シナリオ走行を終了しました [シナリオ名: ログイン]
[ADMIN] 05:00:03.899206 シナリオ走行を開始しました [シナリオ名: ログイン]
[ADMIN] 05:00:03.912609 シナリオ走行を終了しました [シナリオ名: 新規ユーザー登録]
[ADMIN] 05:00:03.912636 シナリオ走行を開始しました [シナリオ名: 新規ユーザー登録]
[ADMIN] 05:00:03.954338 シナリオ走行を終了しました [シナリオ名: ログイン]
[ADMIN] 05:00:03.954354 シナリオ走行を開始しました [シナリオ名: ログイン]
[ADMIN] 05:00:03.957940 シナリオ走行を終了しました [シナリオ名: 新規ユーザー登録]
[ADMIN] 05:00:03.957964 シナリオ走行を開始しました [シナリオ名: 新規ユーザー登録]
[ADMIN] 05:00:04.057005 シナリオ走行を終了しました [シナリオ名: 新規ユーザー登録]
[ADMIN] 05:00:04.057037 シナリオ走行を開始しました [シナリオ名: 新規ユーザー登録]
[ADMIN] 05:00:04.132194 シナリオ走行を終了しました [シナリオ名: Banユーザログイン]
[ADMIN] 05:00:04.132214 シナリオ走行を開始しました [シナリオ名: Banユーザログイン]
[ADMIN] 05:00:04.147547 シナリオ走行を終了しました [シナリオ名: Banユーザログイン]
[ADMIN] 05:00:04.147559 シナリオ走行を開始しました [シナリオ名: Banユーザログイン]
[ADMIN] 05:00:04.152947 シナリオ走行を終了しました [シナリオ名: ログイン]
[ADMIN] 05:00:04.152959 シナリオ走行を開始しました [シナリオ名: ログイン]
[ADMIN] 05:00:04.161916 シナリオ走行を終了しました [シナリオ名: 新規ユーザー登録]
[ADMIN] 05:00:04.161946 シナリオ走行を開始しました [シナリオ名: 新規ユーザー登録]
[ADMIN] 05:00:04.169577 シナリオ走行を終了しました [シナリオ名: Banユーザログイン]
[ADMIN] 05:00:04.169605 シナリオ走行を開始しました [シナリオ名: Banユーザログイン]
[ADMIN] 05:00:04.176404 シナリオ走行を終了しました [シナリオ名: Banユーザログイン]
[ADMIN] 05:00:04.176422 シナリオ走行を開始しました [シナリオ名: Banユーザログイン]
[ADMIN] 05:00:04.180612 シナリオ走行を終了しました [シナリオ名: 新規ユーザー登録]
[ADMIN] 05:00:04.180630 シナリオ走行を開始しました [シナリオ名: 新規ユーザー登録]
[ADMIN] 05:00:04.187009 シナリオ走行を終了しました [シナリオ名: 新規ユーザー登録]
[ADMIN] 05:00:04.187031 シナリオ走行を開始しました [シナリオ名: 新規ユーザー登録]
[ADMIN] 05:00:04.190829 シナリオ走行を終了しました [シナリオ名: ログイン]
[ADMIN] 05:00:04.190839 シナリオ走行を開始しました [シナリオ名: ログイン]
[ADMIN] 05:00:04.203012 シナリオ走行を終了しました [シナリオ名: Banユーザログイン]
[ADMIN] 05:00:04.203029 シナリオ走行を開始しました [シナリオ名: Banユーザログイン]
[ADMIN] 05:00:04.204961 シナリオ走行を終了しました [シナリオ名: 新規ユーザー登録]
[ADMIN] 05:00:04.204978 シナリオ走行を開始しました [シナリオ名: 新規ユーザー登録]
[ADMIN] 05:00:04.206397 シナリオ走行を終了しました [シナリオ名: 新規ユーザー登録]
[ADMIN] 05:00:04.206415 シナリオ走行を開始しました [シナリオ名: 新規ユーザー登録]
[ADMIN] 05:00:04.259880 シナリオ走行を終了しました [シナリオ名: 新規ユーザー登録]
[ADMIN] 05:00:04.259907 シナリオ走行を開始しました [シナリオ名: 新規ユーザー登録]
[ADMIN] 05:00:04.270639 シナリオ走行を終了しました [シナリオ名: 新規ユーザー登録]
[ADMIN] 05:00:04.270663 シナリオ走行を開始しました [シナリオ名: 新規ユーザー登録]
[ADMIN] 05:00:04.272130 シナリオ走行を終了しました [シナリオ名: 新規ユーザー登録]
[ADMIN] 05:00:04.272153 シナリオ走行を開始しました [シナリオ名: 新規ユーザー登録]
[ADMIN] 05:00:04.286547 シナリオ走行を終了しました [シナリオ名: Banユーザログイン]
[ADMIN] 05:00:04.286586 シナリオ走行を開始しました [シナリオ名: Banユーザログイン]
[ADMIN] 05:00:04.305052 シナリオ走行を終了しました [シナリオ名: ログイン]
[ADMIN] 05:00:04.305065 シナリオ走行を開始しました [シナリオ名: ログイン]
[ADMIN] 05:00:04.342519 シナリオ走行を終了しました [シナリオ名: ログイン]
[ADMIN] 05:00:04.342534 シナリオ走行を開始しました [シナリオ名: ログイン]
[ADMIN] 05:00:04.473787 シナリオ走行を終了しました [シナリオ名: ログイン]
[ADMIN] 05:00:04.473800 シナリオ走行を開始しました [シナリオ名: ログイン]
[ADMIN] 05:00:04.485635 シナリオ走行を終了しました [シナリオ名: ログイン]
[ADMIN] 05:00:04.485647 シナリオ走行を開始しました [シナリオ名: ログイン]
[ADMIN] 05:00:04.500392 シナリオ走行を終了しました [シナリオ名: ログイン]
[ADMIN] 05:00:04.500405 シナリオ走行を開始しました [シナリオ名: ログイン]
[ADMIN] 05:00:04.515001 シナリオ走行を終了しました [シナリオ名: ログイン]
[ADMIN] 05:00:04.515014 シナリオ走行を開始しました [シナリオ名: ログイン]
[ADMIN] 05:00:04.524125 シナリオ走行を終了しました [シナリオ名: ログイン]
[ADMIN] 05:00:04.524138 シナリオ走行を開始しました [シナリオ名: ログイン]
[ADMIN] 05:00:04.563701 シナリオ走行を終了しました [シナリオ名: ログイン]
[ADMIN] 05:00:04.563714 シナリオ走行を開始しました [シナリオ名: ログイン]
[ADMIN] 05:00:04.648606 シナリオ走行を終了しました [シナリオ名: Banユーザログイン]
[ADMIN] 05:00:04.648629 シナリオ走行を開始しました [シナリオ名: Banユーザログイン]
[ADMIN] 05:00:04.674004 シナリオ走行を終了しました [シナリオ名: Banユーザログイン]
[ADMIN] 05:00:04.674035 シナリオ走行を開始しました [シナリオ名: Banユーザログイン]
[ADMIN] 05:00:04.710330 シナリオ走行を終了しました [シナリオ名: Banユーザログイン]
[ADMIN] 05:00:04.710357 シナリオ走行を開始しました [シナリオ名: Banユーザログイン]
[ADMIN] 05:00:04.724867 シナリオ走行を終了しました [シナリオ名: Banユーザログイン]
[ADMIN] 05:00:04.724944 シナリオ走行を開始しました [シナリオ名: Banユーザログイン]
[ADMIN] 05:00:04.724971 シナリオ走行を終了しました [シナリオ名: ログイン]
[ADMIN] 05:00:04.724979 シナリオ走行を開始しました [シナリオ名: ログイン]
[ADMIN] 05:00:04.730061 シナリオ走行を終了しました [シナリオ名: Banユーザログイン]
[ADMIN] 05:00:04.730079 シナリオ走行を開始しました [シナリオ名: Banユーザログイン]
[ADMIN] 05:00:04.768967 シナリオ走行を終了しました [シナリオ名: ログイン]
[ADMIN] 05:00:04.768984 シナリオ走行を開始しました [シナリオ名: ログイン]
[ADMIN] 05:00:04.808274 シナリオ走行を終了しました [シナリオ名: ログイン]
[ADMIN] 05:00:04.808287 シナリオ走行を開始しました [シナリオ名: ログイン]
[ADMIN] 05:00:04.809248 シナリオ走行を終了しました [シナリオ名: ログイン]
[ADMIN] 05:00:04.809260 シナリオ走行を開始しました [シナリオ名: ログイン]
[ADMIN] 05:00:04.825302 シナリオ走行を終了しました [シナリオ名: Banユーザログイン]
[ADMIN] 05:00:04.825323 シナリオ走行を開始しました [シナリオ名: Banユーザログイン]
[ADMIN] 05:00:04.840018 シナリオ走行を終了しました [シナリオ名: ログイン]
[ADMIN] 05:00:04.840031 シナリオ走行を開始しました [シナリオ名: ログイン]
[ADMIN] 05:00:04.852534 シナリオ走行を終了しました [シナリオ名: ログイン]
[ADMIN] 05:00:04.852545 シナリオ走行を開始しました [シナリオ名: ログイン]
[ADMIN] 05:00:04.887884 シナリオ走行を終了しました [シナリオ名: ログイン]
[ADMIN] 05:00:04.887897 シナリオ走行を開始しました [シナリオ名: ログイン]
[ADMIN] 05:00:04.930326 シナリオ走行を終了しました [シナリオ名: ログイン]
[ADMIN] 05:00:04.930340 シナリオ走行を開始しました [シナリオ名: ログイン]
[ADMIN] 05:00:05.007741 シナリオ走行を終了しました [シナリオ名: ログイン]
[ADMIN] 05:00:05.007755 シナリオ走行を開始しました [シナリオ名: ログイン]
[ADMIN] 05:00:05.062891 シナリオ走行を終了しました [シナリオ名: ログイン]
[ADMIN] 05:00:05.062908 シナリオ走行を開始しました [シナリオ名: ログイン]
[ADMIN] 05:00:05.080543 シナリオ走行を終了しました [シナリオ名: ログイン]
[ADMIN] 05:00:05.080558 シナリオ走行を開始しました [シナリオ名: ログイン]
[ADMIN] 05:00:05.096252 シナリオ走行を終了しました [シナリオ名: ログイン]
[ADMIN] 05:00:05.096271 シナリオ走行を開始しました [シナリオ名: ログイン]
[ADMIN] 05:00:05.135666 シナリオ走行を終了しました [シナリオ名: ログイン]
[ADMIN] 05:00:05.135682 シナリオ走行を開始しました [シナリオ名: ログイン]
[ADMIN] 05:00:05.145682 シナリオ走行を終了しました [シナリオ名: ログイン]
[ADMIN] 05:00:05.145696 シナリオ走行を開始しました [シナリオ名: ログイン]
[ADMIN] 05:00:05.170758 シナリオ走行を終了しました [シナリオ名: ログイン]
[ADMIN] 05:00:05.170771 シナリオ走行を開始しました [シナリオ名: ログイン]
[ADMIN] 05:00:05.173200 シナリオ走行を終了しました [シナリオ名: ログイン]
[ADMIN] 05:00:05.173213 シナリオ走行を開始しました [シナリオ名: ログイン]
[ADMIN] 05:00:05.206044 シナリオ走行を終了しました [シナリオ名: Banユーザログイン]
[ADMIN] 05:00:05.206072 シナリオ走行を開始しました [シナリオ名: Banユーザログイン]
[ADMIN] 05:00:05.221048 シナリオ走行を終了しました [シナリオ名: Banユーザログイン]
[ADMIN] 05:00:05.221091 シナリオ走行を開始しました [シナリオ名: Banユーザログイン]
[ADMIN] 05:00:05.228332 シナリオ走行を終了しました [シナリオ名: Banユーザログイン]
[ADMIN] 05:00:05.228354 シナリオ走行を開始しました [シナリオ名: Banユーザログイン]
[ADMIN] 05:00:05.236317 シナリオ走行を終了しました [シナリオ名: Banユーザログイン]
[ADMIN] 05:00:05.236343 シナリオ走行を開始しました [シナリオ名: Banユーザログイン]
[ADMIN] 05:00:05.260851 シナリオ走行を終了しました [シナリオ名: Banユーザログイン]
[ADMIN] 05:00:05.260884 シナリオ走行を開始しました [シナリオ名: Banユーザログイン]
[ADMIN] 05:00:05.294502 シナリオ走行を終了しました [シナリオ名: ログイン]
[ADMIN] 05:00:05.294515 シナリオ走行を開始しました [シナリオ名: ログイン]
[ADMIN] 05:00:05.309660 シナリオ走行を終了しました [シナリオ名: ログイン]
[ADMIN] 05:00:05.309672 シナリオ走行を開始しました [シナリオ名: ログイン]
[ADMIN] 05:00:05.341872 シナリオ走行を終了しました [シナリオ名: ログイン]
[ADMIN] 05:00:05.341886 シナリオ走行を開始しました [シナリオ名: ログイン]
[ADMIN] 05:00:05.346596 シナリオ走行を終了しました [シナリオ名: Banユーザログイン]
[ADMIN] 05:00:05.346641 シナリオ走行を開始しました [シナリオ名: Banユーザログイン]
[ADMIN] 05:00:05.407331 シナリオ走行を終了しました [シナリオ名: 新規ユーザー登録]
[ADMIN] 05:00:05.407358 シナリオ走行を開始しました [シナリオ名: 新規ユーザー登録]
[ADMIN] 05:00:05.462419 シナリオ走行を終了しました [シナリオ名: ログイン]
[ADMIN] 05:00:05.462434 シナリオ走行を開始しました [シナリオ名: ログイン]
[ADMIN] 05:00:05.551085 シナリオ走行を終了しました [シナリオ名: ログイン]
[ADMIN] 05:00:05.551100 シナリオ走行を開始しました [シナリオ名: ログイン]
[ADMIN] 05:00:05.584665 シナリオ走行を終了しました [シナリオ名: ログイン]
[ADMIN] 05:00:05.584684 シナリオ走行を開始しました [シナリオ名: ログイン]
[ADMIN] 05:00:05.656773 シナリオ走行を終了しました [シナリオ名: ログイン]
[ADMIN] 05:00:05.656788 シナリオ走行を開始しました [シナリオ名: ログイン]
[ADMIN] 05:00:05.735500 シナリオ走行を終了しました [シナリオ名: Banユーザログイン]
[ADMIN] 05:00:05.735530 シナリオ走行を開始しました [シナリオ名: Banユーザログイン]
[ADMIN] 05:00:05.762584 シナリオ走行を終了しました [シナリオ名: Banユーザログイン]
[ADMIN] 05:00:05.762609 シナリオ走行を開始しました [シナリオ名: Banユーザログイン]
[ADMIN] 05:00:05.786897 シナリオ走行を終了しました [シナリオ名: Banユーザログイン]
[ADMIN] 05:00:05.786924 シナリオ走行を開始しました [シナリオ名: Banユーザログイン]
[ADMIN] 05:00:05.792909 シナリオ走行を終了しました [シナリオ名: Banユーザログイン]
[ADMIN] 05:00:05.792936 シナリオ走行を開始しました [シナリオ名: Banユーザログイン]
[ADMIN] 05:00:05.798481 シナリオ走行を終了しました [シナリオ名: Banユーザログイン]
[ADMIN] 05:00:05.798508 シナリオ走行を開始しました [シナリオ名: Banユーザログイン]
[ADMIN] 05:00:05.846837 シナリオ走行を終了しました [シナリオ名: 新規ユーザー登録]
[ADMIN] 05:00:05.846863 シナリオ走行を開始しました [シナリオ名: 新規ユーザー登録]
[ADMIN] 05:00:05.877507 シナリオ走行を終了しました [シナリオ名: Banユーザログイン]
[ADMIN] 05:00:05.877534 シナリオ走行を開始しました [シナリオ名: Banユーザログイン]
[ADMIN] 05:00:05.882686 シナリオ走行を終了しました [シナリオ名: ログイン]
[ADMIN] 05:00:05.882702 シナリオ走行を開始しました [シナリオ名: ログイン]
[ADMIN] 05:00:05.884168 シナリオ走行を終了しました [シナリオ名: ログイン]
[ADMIN] 05:00:05.884178 シナリオ走行を開始しました [シナリオ名: ログイン]
[ADMIN] 05:00:05.936200 シナリオ走行を終了しました [シナリオ名: ログイン]
[ADMIN] 05:00:05.936214 シナリオ走行を開始しました [シナリオ名: ログイン]
[ADMIN] 05:00:05.946417 シナリオ走行を終了しました [シナリオ名: 新規ユーザー登録]
[ADMIN] 05:00:05.946446 シナリオ走行を開始しました [シナリオ名: 新規ユーザー登録]
[ADMIN] 05:00:05.946899 シナリオ走行を終了しました [シナリオ名: ログイン]
[ADMIN] 05:00:05.946909 シナリオ走行を開始しました [シナリオ名: ログイン]
[ADMIN] 05:00:05.963351 シナリオ走行を終了しました [シナリオ名: ログイン]
[ADMIN] 05:00:05.963363 シナリオ走行を開始しました [シナリオ名: ログイン]
[ADMIN] 05:00:05.996046 シナリオ走行を終了しました [シナリオ名: 新規ユーザー登録]
[ADMIN] 05:00:05.996084 シナリオ走行を開始しました [シナリオ名: 新規ユーザー登録]
[ADMIN] 05:00:06.020685 シナリオ走行を終了しました [シナリオ名: 新規ユーザー登録]
[ADMIN] 05:00:06.020709 シナリオ走行を開始しました [シナリオ名: 新規ユーザー登録]
[ADMIN] 05:00:06.037233 シナリオ走行を終了しました [シナリオ名: ログイン]
[ADMIN] 05:00:06.037250 シナリオ走行を開始しました [シナリオ名: ログイン]
[ADMIN] 05:00:06.038432 シナリオ走行を終了しました [シナリオ名: 新規ユーザー登録]
[ADMIN] 05:00:06.038451 シナリオ走行を開始しました [シナリオ名: 新規ユーザー登録]
[ADMIN] 05:00:06.052329 シナリオ走行を終了しました [シナリオ名: ログイン]
[ADMIN] 05:00:06.052341 シナリオ走行を開始しました [シナリオ名: ログイン]
[ADMIN] 05:00:06.066812 シナリオ走行を終了しました [シナリオ名: ログイン]
[ADMIN] 05:00:06.066825 シナリオ走行を開始しました [シナリオ名: ログイン]
[ADMIN] 05:00:06.111407 シナリオ走行を終了しました [シナリオ名: 新規ユーザー登録]
[ADMIN] 05:00:06.111449 シナリオ走行を開始しました [シナリオ名: 新規ユーザー登録]
[ADMIN] 05:00:06.249764 シナリオ走行を終了しました [シナリオ名: Banユーザログイン]
[ADMIN] 05:00:06.249784 シナリオ走行を開始しました [シナリオ名: Banユーザログイン]
[ADMIN] 05:00:06.286038 シナリオ走行を終了しました [シナリオ名: Banユーザログイン]
[ADMIN] 05:00:06.286061 シナリオ走行を開始しました [シナリオ名: Banユーザログイン]
[ADMIN] 05:00:06.320668 シナリオ走行を終了しました [シナリオ名: Banユーザログイン]
[ADMIN] 05:00:06.320687 シナリオ走行を開始しました [シナリオ名: Banユーザログイン]
[ADMIN] 05:00:06.328898 シナリオ走行を終了しました [シナリオ名: Banユーザログイン]
[ADMIN] 05:00:06.328920 シナリオ走行を開始しました [シナリオ名: Banユーザログイン]
[ADMIN] 05:00:06.335627 シナリオ走行を終了しました [シナリオ名: Banユーザログイン]
[ADMIN] 05:00:06.335647 シナリオ走行を開始しました [シナリオ名: Banユーザログイン]
[ADMIN] 05:00:06.357654 シナリオ走行を終了しました [シナリオ名: ログイン]
[ADMIN] 05:00:06.357671 シナリオ走行を開始しました [シナリオ名: ログイン]
[ADMIN] 05:00:06.358356 シナリオ走行を終了しました [シナリオ名: ログイン]
[ADMIN] 05:00:06.358366 シナリオ走行を開始しました [シナリオ名: ログイン]
[ADMIN] 05:00:06.366285 シナリオ走行を終了しました [シナリオ名: ログイン]
[ADMIN] 05:00:06.366296 シナリオ走行を開始しました [シナリオ名: ログイン]
[ADMIN] 05:00:06.376816 シナリオ走行を終了しました [シナリオ名: 新規ユーザー登録]
[ADMIN] 05:00:06.376844 シナリオ走行を開始しました [シナリオ名: 新規ユーザー登録]
[ADMIN] 05:00:06.394647 シナリオ走行を終了しました [シナリオ名: Banユーザログイン]
[ADMIN] 05:00:06.394675 シナリオ走行を開始しました [シナリオ名: Banユーザログイン]
[ADMIN] 05:00:06.397153 シナリオ走行を終了しました [シナリオ名: ログイン]
[ADMIN] 05:00:06.397166 シナリオ走行を開始しました [シナリオ名: ログイン]
[ADMIN] 05:00:06.397176 シナリオ走行を終了しました [シナリオ名: ログイン]
[ADMIN] 05:00:06.397191 シナリオ走行を開始しました [シナリオ名: ログイン]
[ADMIN] 05:00:06.412558 シナリオ走行を終了しました [シナリオ名: ログイン]
[ADMIN] 05:00:06.412573 シナリオ走行を開始しました [シナリオ名: ログイン]
05:00:06.414025 現在のログイン成功数: [total: 2223 (+909人)]
05:00:06.414030 現在のユーザー登録成功数: [total: 1073 (+397人)]
[ADMIN] 05:00:06.418206 シナリオ走行を終了しました [シナリオ名: 新規ユーザー登録]
[ADMIN] 05:00:06.418229 シナリオ走行を開始しました [シナリオ名: 新規ユーザー登録]
[ADMIN] 05:00:06.422783 シナリオ走行を終了しました [シナリオ名: 新規ユーザー登録]
[ADMIN] 05:00:06.422799 シナリオ走行を開始しました [シナリオ名: 新規ユーザー登録]
[ADMIN] 05:00:06.424890 シナリオ走行を終了しました [シナリオ名: 新規ユーザー登録]
[ADMIN] 05:00:06.424912 シナリオ走行を開始しました [シナリオ名: 新規ユーザー登録]
[ADMIN] 05:00:06.428978 シナリオ走行を終了しました [シナリオ名: 新規ユーザー登録]
[ADMIN] 05:00:06.429001 シナリオ走行を開始しました [シナリオ名: 新規ユーザー登録]
[ADMIN] 05:00:06.452349 シナリオ走行を終了しました [シナリオ名: ログイン]
[ADMIN] 05:00:06.452364 シナリオ走行を開始しました [シナリオ名: ログイン]
[ADMIN] 05:00:06.472785 シナリオ走行を終了しました [シナリオ名: ログイン]
[ADMIN] 05:00:06.472829 シナリオ走行を開始しました [シナリオ名: ログイン]
[ADMIN] 05:00:06.472852 シナリオ走行を開始しました [シナリオ名: ログイン]
[ADMIN] 05:00:06.472857 シナリオ走行を開始しました [シナリオ名: ログイン]
[ADMIN] 05:00:06.472904 シナリオ走行を開始しました [シナリオ名: ログイン]
[ADMIN] 05:00:06.472945 シナリオ走行を開始しました [シナリオ名: ログイン]
[ADMIN] 05:00:06.473011 シナリオ走行を開始しました [シナリオ名: ログイン]
[ADMIN] 05:00:06.473018 シナリオ走行を開始しました [シナリオ名: ログイン]
[ADMIN] 05:00:06.473104 シナリオ走行を開始しました [シナリオ名: ログイン]
[ADMIN] 05:00:06.473107 シナリオ走行を開始しました [シナリオ名: ログイン]
[ADMIN] 05:00:06.473142 シナリオ走行を開始しました [シナリオ名: ログイン]
[ADMIN] 05:00:06.473012 シナリオ走行を開始しました [シナリオ名: ログイン]
[ADMIN] 05:00:06.473231 シナリオ走行を開始しました [シナリオ名: ログイン]
[ADMIN] 05:00:06.473288 シナリオ走行を開始しました [シナリオ名: ログイン]
[ADMIN] 05:00:06.472856 シナリオ走行を開始しました [シナリオ名: ログイン]
[ADMIN] 05:00:06.473016 シナリオ走行を開始しました [シナリオ名: ログイン]
[ADMIN] 05:00:06.473014 シナリオ走行を開始しました [シナリオ名: ログイン]
[ADMIN] 05:00:06.522053 シナリオ走行を終了しました [シナリオ名: 新規ユーザー登録]
[ADMIN] 05:00:06.522086 シナリオ走行を開始しました [シナリオ名: 新規ユーザー登録]
[ADMIN] 05:00:06.526817 シナリオ走行を終了しました [シナリオ名: ログイン]
[ADMIN] 05:00:06.563222 シナリオ走行を終了しました [シナリオ名: ログイン]
[ADMIN] 05:00:06.646223 シナリオ走行を終了しました [シナリオ名: 新規ユーザー登録]
[ADMIN] 05:00:06.646266 シナリオ走行を開始しました [シナリオ名: 新規ユーザー登録]
[ADMIN] 05:00:06.646316 シナリオ走行を開始しました [シナリオ名: 新規ユーザー登録]
[ADMIN] 05:00:06.646336 シナリオ走行を開始しました [シナリオ名: 新規ユーザー登録]
[ADMIN] 05:00:06.646418 シナリオ走行を開始しました [シナリオ名: 新規ユーザー登録]
[ADMIN] 05:00:06.646480 シナリオ走行を開始しました [シナリオ名: 新規ユーザー登録]
[ADMIN] 05:00:06.646484 シナリオ走行を開始しました [シナリオ名: 新規ユーザー登録]
[ADMIN] 05:00:06.646526 シナリオ走行を開始しました [シナリオ名: 新規ユーザー登録]
[ADMIN] 05:00:06.646579 シナリオ走行を開始しました [シナリオ名: 新規ユーザー登録]
[ADMIN] 05:00:06.646596 シナリオ走行を開始しました [シナリオ名: 新規ユーザー登録]
[ADMIN] 05:00:06.770082 シナリオ走行を終了しました [シナリオ名: Banユーザログイン]
[ADMIN] 05:00:06.770112 シナリオ走行を開始しました [シナリオ名: Banユーザログイン]
[ADMIN] 05:00:06.811609 シナリオ走行を終了しました [シナリオ名: Banユーザログイン]
[ADMIN] 05:00:06.811650 シナリオ走行を開始しました [シナリオ名: Banユーザログイン]
[ADMIN] 05:00:06.811657 シナリオ走行を開始しました [シナリオ名: Banユーザログイン]
[ADMIN] 05:00:06.811652 シナリオ走行を開始しました [シナリオ名: Banユーザログイン]
[ADMIN] 05:00:06.833231 シナリオ走行を終了しました [シナリオ名: Banユーザログイン]
[ADMIN] 05:00:06.838339 シナリオ走行を終了しました [シナリオ名: Banユーザログイン]
[ADMIN] 05:00:06.845150 シナリオ走行を終了しました [シナリオ名: Banユーザログイン]
[ADMIN] 05:00:06.904638 シナリオ走行を終了しました [シナリオ名: Banユーザログイン]
[ADMIN] 05:00:07.050720 シナリオ走行を終了しました [シナリオ名: 新規ユーザー登録]
[ADMIN] 05:00:07.106692 シナリオ走行を終了しました [シナリオ名: ログイン]
[ADMIN] 05:00:07.143125 シナリオ走行を終了しました [シナリオ名: 新規ユーザー登録]
[ADMIN] 05:00:07.155665 シナリオ走行を終了しました [シナリオ名: 新規ユーザー登録]
[ADMIN] 05:00:07.171513 シナリオ走行を終了しました [シナリオ名: ログイン]
[ADMIN] 05:00:07.182689 シナリオ走行を終了しました [シナリオ名: ログイン]
[ADMIN] 05:00:07.216561 シナリオ走行を終了しました [シナリオ名: ログイン]
[ADMIN] 05:00:07.261256 シナリオ走行を終了しました [シナリオ名: ログイン]
[ADMIN] 05:00:07.273611 シナリオ走行を終了しました [シナリオ名: ログイン]
[ADMIN] 05:00:07.274308 シナリオ走行を終了しました [シナリオ名: ログイン]
[ADMIN] 05:00:07.293431 シナリオ走行を終了しました [シナリオ名: 新規ユーザー登録]
[ADMIN] 05:00:07.300868 シナリオ走行を終了しました [シナリオ名: ログイン]
[ADMIN] 05:00:07.310333 シナリオ走行を終了しました [シナリオ名: ログイン]
[ADMIN] 05:00:07.312339 シナリオ走行を終了しました [シナリオ名: ログイン]
[ADMIN] 05:00:07.350561 シナリオ走行を終了しました [シナリオ名: ログイン]
[ADMIN] 05:00:07.354026 シナリオ走行を終了しました [シナリオ名: ログイン]
[ADMIN] 05:00:07.360413 シナリオ走行を終了しました [シナリオ名: Banユーザログイン]
[ADMIN] 05:00:07.360430 シナリオ走行を開始しました [シナリオ名: Banユーザログイン]
[ADMIN] 05:00:07.360496 シナリオ走行を開始しました [シナリオ名: Banユーザログイン]
[ADMIN] 05:00:07.360508 シナリオ走行を開始しました [シナリオ名: Banユーザログイン]
[ADMIN] 05:00:07.360513 シナリオ走行を開始しました [シナリオ名: Banユーザログイン]
[ADMIN] 05:00:07.360517 シナリオ走行を開始しました [シナリオ名: Banユーザログイン]
[ADMIN] 05:00:07.360524 シナリオ走行を終了しました [シナリオ名: ログイン]
[ADMIN] 05:00:07.370311 シナリオ走行を終了しました [シナリオ名: Banユーザログイン]
[ADMIN] 05:00:07.370332 シナリオ走行を開始しました [シナリオ名: Banユーザログイン]
[ADMIN] 05:00:07.371778 シナリオ走行を終了しました [シナリオ名: ログイン]
[ADMIN] 05:00:07.372771 シナリオ走行を終了しました [シナリオ名: Banユーザログイン]
[ADMIN] 05:00:07.378138 シナリオ走行を終了しました [シナリオ名: Banユーザログイン]
[ADMIN] 05:00:07.378155 シナリオ走行を開始しました [シナリオ名: Banユーザログイン]
[ADMIN] 05:00:07.378164 シナリオ走行を開始しました [シナリオ名: Banユーザログイン]
[ADMIN] 05:00:07.407333 シナリオ走行を終了しました [シナリオ名: ログイン]
[ADMIN] 05:00:07.429348 シナリオ走行を終了しました [シナリオ名: ログイン]
[ADMIN] 05:00:07.454505 シナリオ走行を終了しました [シナリオ名: 新規ユーザー登録]
[ADMIN] 05:00:07.464244 シナリオ走行を終了しました [シナリオ名: 新規ユーザー登録]
[ADMIN] 05:00:07.518182 シナリオ走行を終了しました [シナリオ名: ログイン]
[ADMIN] 05:00:07.553723 シナリオ走行を終了しました [シナリオ名: ログイン]
[ADMIN] 05:00:07.556030 シナリオ走行を終了しました [シナリオ名: ログイン]
[ADMIN] 05:00:07.559765 シナリオ走行を終了しました [シナリオ名: 新規ユーザー登録]
[ADMIN] 05:00:07.585888 シナリオ走行を終了しました [シナリオ名: ログイン]
[ADMIN] 05:00:07.613521 シナリオ走行を終了しました [シナリオ名: ログイン]
[ADMIN] 05:00:07.677993 シナリオ走行を終了しました [シナリオ名: ログイン]
[ADMIN] 05:00:07.694362 シナリオ走行を終了しました [シナリオ名: ログイン]
[ADMIN] 05:00:07.704212 シナリオ走行を終了しました [シナリオ名: ログイン]
[ADMIN] 05:00:07.708428 シナリオ走行を終了しました [シナリオ名: ログイン]
[ADMIN] 05:00:07.708484 シナリオ走行を開始しました [シナリオ名: ログイン]
[ADMIN] 05:00:07.708494 シナリオ走行を開始しました [シナリオ名: ログイン]
[ADMIN] 05:00:07.708548 シナリオ走行を開始しました [シナリオ名: ログイン]
[ADMIN] 05:00:07.708577 シナリオ走行を開始しました [シナリオ名: ログイン]
[ADMIN] 05:00:07.708643 シナリオ走行を開始しました [シナリオ名: ログイン]
[ADMIN] 05:00:07.708652 シナリオ走行を開始しました [シナリオ名: ログイン]
[ADMIN] 05:00:07.708697 シナリオ走行を開始しました [シナリオ名: ログイン]
[ADMIN] 05:00:07.708746 シナリオ走行を開始しました [シナリオ名: ログイン]
[ADMIN] 05:00:07.708764 シナリオ走行を開始しました [シナリオ名: ログイン]
[ADMIN] 05:00:07.708565 シナリオ走行を開始しました [シナリオ名: ログイン]
[ADMIN] 05:00:07.708847 シナリオ走行を開始しました [シナリオ名: ログイン]
[ADMIN] 05:00:07.708900 シナリオ走行を開始しました [シナリオ名: ログイン]
[ADMIN] 05:00:07.708933 シナリオ走行を開始しました [シナリオ名: ログイン]
[ADMIN] 05:00:07.708900 シナリオ走行を開始しました [シナリオ名: ログイン]
[ADMIN] 05:00:07.708647 シナリオ走行を開始しました [シナリオ名: ログイン]
[ADMIN] 05:00:07.709348 シナリオ走行を終了しました [シナリオ名: ログイン]
[ADMIN] 05:00:07.709358 シナリオ走行を開始しました [シナリオ名: ログイン]
[ADMIN] 05:00:07.708566 シナリオ走行を開始しました [シナリオ名: ログイン]
[ADMIN] 05:00:07.708570 シナリオ走行を開始しました [シナリオ名: ログイン]
[ADMIN] 05:00:07.708571 シナリオ走行を開始しました [シナリオ名: ログイン]
[ADMIN] 05:00:07.708574 シナリオ走行を開始しました [シナリオ名: ログイン]
[ADMIN] 05:00:07.726820 シナリオ走行を終了しました [シナリオ名: ログイン]
[ADMIN] 05:00:07.708575 シナリオ走行を開始しました [シナリオ名: ログイン]
[ADMIN] 05:00:07.708902 シナリオ走行を開始しました [シナリオ名: ログイン]
[ADMIN] 05:00:07.708903 シナリオ走行を開始しました [シナリオ名: ログイン]
[ADMIN] 05:00:07.708904 シナリオ走行を開始しました [シナリオ名: ログイン]
[ADMIN] 05:00:07.708563 シナリオ走行を開始しました [シナリオ名: ログイン]
[ADMIN] 05:00:07.708951 シナリオ走行を開始しました [シナリオ名: ログイン]
[ADMIN] 05:00:07.708956 シナリオ走行を開始しました [シナリオ名: ログイン]
[ADMIN] 05:00:07.708952 シナリオ走行を開始しました [シナリオ名: ログイン]
[ADMIN] 05:00:07.745465 シナリオ走行を終了しました [シナリオ名: ログイン]
[ADMIN] 05:00:07.748928 シナリオ走行を終了しました [シナリオ名: ログイン]
[ADMIN] 05:00:07.819517 シナリオ走行を終了しました [シナリオ名: ログイン]
[ADMIN] 05:00:07.837730 シナリオ走行を終了しました [シナリオ名: ログイン]
[ADMIN] 05:00:07.868382 シナリオ走行を終了しました [シナリオ名: ログイン]
[ADMIN] 05:00:07.868403 シナリオ走行を開始しました [シナリオ名: ログイン]
[ADMIN] 05:00:07.868448 シナリオ走行を開始しました [シナリオ名: ログイン]
[ADMIN] 05:00:07.868462 シナリオ走行を開始しました [シナリオ名: ログイン]
[ADMIN] 05:00:07.868508 シナリオ走行を開始しました [シナリオ名: ログイン]
[ADMIN] 05:00:07.868592 シナリオ走行を開始しました [シナリオ名: ログイン]
[ADMIN] 05:00:07.868595 シナリオ走行を開始しました [シナリオ名: ログイン]
[ADMIN] 05:00:07.876087 シナリオ走行を終了しました [シナリオ名: Banユーザログイン]
[ADMIN] 05:00:07.876102 シナリオ走行を開始しました [シナリオ名: Banユーザログイン]
[ADMIN] 05:00:07.881563 シナリオ走行を終了しました [シナリオ名: Banユーザログイン]
[ADMIN] 05:00:07.881576 シナリオ走行を開始しました [シナリオ名: Banユーザログイン]
[ADMIN] 05:00:07.893000 シナリオ走行を終了しました [シナリオ名: Banユーザログイン]
[ADMIN] 05:00:07.893011 シナリオ走行を開始しました [シナリオ名: Banユーザログイン]
[ADMIN] 05:00:07.896460 シナリオ走行を終了しました [シナリオ名: Banユーザログイン]
[ADMIN] 05:00:07.896477 シナリオ走行を開始しました [シナリオ名: Banユーザログイン]
[ADMIN] 05:00:07.909016 シナリオ走行を終了しました [シナリオ名: Banユーザログイン]
[ADMIN] 05:00:07.909033 シナリオ走行を開始しました [シナリオ名: Banユーザログイン]
[ADMIN] 05:00:07.909115 シナリオ走行を終了しました [シナリオ名: Banユーザログイン]
[ADMIN] 05:00:07.909124 シナリオ走行を開始しました [シナリオ名: Banユーザログイン]
[ADMIN] 05:00:07.937887 シナリオ走行を終了しました [シナリオ名: Banユーザログイン]
[ADMIN] 05:00:07.937908 シナリオ走行を開始しました [シナリオ名: Banユーザログイン]
[ADMIN] 05:00:07.949341 シナリオ走行を終了しました [シナリオ名: Banユーザログイン]
[ADMIN] 05:00:07.949366 シナリオ走行を開始しました [シナリオ名: Banユーザログイン]
[ADMIN] 05:00:08.186942 シナリオ走行を終了しました [シナリオ名: ログイン]
[ADMIN] 05:00:08.186956 シナリオ走行を開始しました [シナリオ名: ログイン]
[ADMIN] 05:00:08.242470 シナリオ走行を終了しました [シナリオ名: ログイン]
[ADMIN] 05:00:08.242484 シナリオ走行を開始しました [シナリオ名: ログイン]
[ADMIN] 05:00:08.267039 シナリオ走行を終了しました [シナリオ名: ログイン]
[ADMIN] 05:00:08.267054 シナリオ走行を開始しました [シナリオ名: ログイン]
[ADMIN] 05:00:08.305355 シナリオ走行を終了しました [シナリオ名: ログイン]
[ADMIN] 05:00:08.305369 シナリオ走行を開始しました [シナリオ名: ログイン]
[ADMIN] 05:00:08.315672 シナリオ走行を終了しました [シナリオ名: ログイン]
[ADMIN] 05:00:08.315686 シナリオ走行を開始しました [シナリオ名: ログイン]
[ADMIN] 05:00:08.338343 シナリオ走行を終了しました [シナリオ名: ログイン]
[ADMIN] 05:00:08.338357 シナリオ走行を開始しました [シナリオ名: ログイン]
[ADMIN] 05:00:08.347626 シナリオ走行を終了しました [シナリオ名: ログイン]
[ADMIN] 05:00:08.354134 シナリオ走行を終了しました [シナリオ名: ログイン]
[ADMIN] 05:00:08.356056 シナリオ走行を終了しました [シナリオ名: ログイン]
[ADMIN] 05:00:08.356067 シナリオ走行を開始しました [シナリオ名: ログイン]
[ADMIN] 05:00:08.356122 シナリオ走行を開始しました [シナリオ名: ログイン]
[ADMIN] 05:00:08.356134 シナリオ走行を開始しました [シナリオ名: ログイン]
[ADMIN] 05:00:08.365015 シナリオ走行を終了しました [シナリオ名: ログイン]
[ADMIN] 05:00:08.365089 シナリオ走行を開始しました [シナリオ名: ログイン]
[ADMIN] 05:00:08.371330 シナリオ走行を終了しました [シナリオ名: ログイン]
[ADMIN] 05:00:08.371347 シナリオ走行を開始しました [シナリオ名: ログイン]
[ADMIN] 05:00:08.410306 シナリオ走行を終了しました [シナリオ名: ログイン]
[ADMIN] 05:00:08.425438 シナリオ走行を終了しました [シナリオ名: ログイン]
[ADMIN] 05:00:08.425451 シナリオ走行を開始しました [シナリオ名: ログイン]
[ADMIN] 05:00:08.425457 シナリオ走行を開始しました [シナリオ名: ログイン]
[ADMIN] 05:00:08.425943 シナリオ走行を終了しました [シナリオ名: 新規ユーザー登録]
[ADMIN] 05:00:08.459643 シナリオ走行を終了しました [シナリオ名: Banユーザログイン]
[ADMIN] 05:00:08.459657 シナリオ走行を開始しました [シナリオ名: Banユーザログイン]
[ADMIN] 05:00:08.470279 シナリオ走行を終了しました [シナリオ名: Banユーザログイン]
[ADMIN] 05:00:08.470294 シナリオ走行を開始しました [シナリオ名: Banユーザログイン]
[ADMIN] 05:00:08.492709 シナリオ走行を終了しました [シナリオ名: Banユーザログイン]
[ADMIN] 05:00:08.492726 シナリオ走行を開始しました [シナリオ名: Banユーザログイン]
[ADMIN] 05:00:08.529719 シナリオ走行を終了しました [シナリオ名: Banユーザログイン]
[ADMIN] 05:00:08.529735 シナリオ走行を開始しました [シナリオ名: Banユーザログイン]
[ADMIN] 05:00:08.531139 シナリオ走行を終了しました [シナリオ名: Banユーザログイン]
[ADMIN] 05:00:08.531153 シナリオ走行を開始しました [シナリオ名: Banユーザログイン]
[ADMIN] 05:00:08.532527 シナリオ走行を終了しました [シナリオ名: Banユーザログイン]
[ADMIN] 05:00:08.532544 シナリオ走行を開始しました [シナリオ名: Banユーザログイン]
[ADMIN] 05:00:08.533941 シナリオ走行を終了しました [シナリオ名: Banユーザログイン]
[ADMIN] 05:00:08.533952 シナリオ走行を開始しました [シナリオ名: Banユーザログイン]
[ADMIN] 05:00:08.545366 シナリオ走行を終了しました [シナリオ名: Banユーザログイン]
[ADMIN] 05:00:08.545380 シナリオ走行を開始しました [シナリオ名: Banユーザログイン]
[ADMIN] 05:00:08.619189 シナリオ走行を終了しました [シナリオ名: ログイン]
[ADMIN] 05:00:08.646411 シナリオ走行を終了しました [シナリオ名: ログイン]
[ADMIN] 05:00:08.646425 シナリオ走行を開始しました [シナリオ名: ログイン]
[ADMIN] 05:00:08.646479 シナリオ走行を開始しました [シナリオ名: ログイン]
[ADMIN] 05:00:08.729196 シナリオ走行を終了しました [シナリオ名: 新規ユーザー登録]
[ADMIN] 05:00:08.760206 シナリオ走行を終了しました [シナリオ名: ログイン]
[ADMIN] 05:00:08.769814 シナリオ走行を終了しました [シナリオ名: 新規ユーザー登録]
[ADMIN] 05:00:08.892652 シナリオ走行を終了しました [シナリオ名: 新規ユーザー登録]
[ADMIN] 05:00:08.893854 シナリオ走行を終了しました [シナリオ名: ログイン]
[ADMIN] 05:00:08.893867 シナリオ走行を開始しました [シナリオ名: ログイン]
[ADMIN] 05:00:08.893869 シナリオ走行を開始しました [シナリオ名: ログイン]
[ADMIN] 05:00:08.894075 シナリオ走行を終了しました [シナリオ名: 新規ユーザー登録]
[ADMIN] 05:00:08.900523 シナリオ走行を終了しました [シナリオ名: 新規ユーザー登録]
[ADMIN] 05:00:08.969409 シナリオ走行を終了しました [シナリオ名: ログイン]
[ADMIN] 05:00:08.969425 シナリオ走行を開始しました [シナリオ名: ログイン]
[ADMIN] 05:00:08.983431 シナリオ走行を終了しました [シナリオ名: ログイン]
[ADMIN] 05:00:08.983444 シナリオ走行を開始しました [シナリオ名: ログイン]
[ADMIN] 05:00:09.014213 シナリオ走行を終了しました [シナリオ名: Banユーザログイン]
[ADMIN] 05:00:09.014251 シナリオ走行を開始しました [シナリオ名: Banユーザログイン]
[ADMIN] 05:00:09.023698 シナリオ走行を終了しました [シナリオ名: Banユーザログイン]
[ADMIN] 05:00:09.023712 シナリオ走行を開始しました [シナリオ名: Banユーザログイン]
[ADMIN] 05:00:09.030187 シナリオ走行を終了しました [シナリオ名: Banユーザログイン]
[ADMIN] 05:00:09.030201 シナリオ走行を開始しました [シナリオ名: Banユーザログイン]
[ADMIN] 05:00:09.068501 シナリオ走行を終了しました [シナリオ名: ログイン]
[ADMIN] 05:00:09.068513 シナリオ走行を開始しました [シナリオ名: ログイン]
[ADMIN] 05:00:09.074580 シナリオ走行を終了しました [シナリオ名: Banユーザログイン]
[ADMIN] 05:00:09.074598 シナリオ走行を開始しました [シナリオ名: Banユーザログイン]
[ADMIN] 05:00:09.096624 シナリオ走行を終了しました [シナリオ名: Banユーザログイン]
[ADMIN] 05:00:09.096643 シナリオ走行を開始しました [シナリオ名: Banユーザログイン]
[ADMIN] 05:00:09.098057 シナリオ走行を終了しました [シナリオ名: Banユーザログイン]
[ADMIN] 05:00:09.098066 シナリオ走行を開始しました [シナリオ名: Banユーザログイン]
[ADMIN] 05:00:09.116475 シナリオ走行を終了しました [シナリオ名: Banユーザログイン]
[ADMIN] 05:00:09.116501 シナリオ走行を開始しました [シナリオ名: Banユーザログイン]
[ADMIN] 05:00:09.156999 シナリオ走行を終了しました [シナリオ名: Banユーザログイン]
[ADMIN] 05:00:09.157013 シナリオ走行を開始しました [シナリオ名: Banユーザログイン]
[ADMIN] 05:00:09.219974 シナリオ走行を終了しました [シナリオ名: 新規ユーザー登録]
[ADMIN] 05:00:09.220016 シナリオ走行を開始しました [シナリオ名: 新規ユーザー登録]
[ADMIN] 05:00:09.220063 シナリオ走行を開始しました [シナリオ名: 新規ユーザー登録]
[ADMIN] 05:00:09.220097 シナリオ走行を開始しました [シナリオ名: 新規ユーザー登録]
[ADMIN] 05:00:09.220109 シナリオ走行を開始しました [シナリオ名: 新規ユーザー登録]
[ADMIN] 05:00:09.220165 シナリオ走行を開始しました [シナリオ名: 新規ユーザー登録]
[ADMIN] 05:00:09.220104 シナリオ走行を開始しました [シナリオ名: 新規ユーザー登録]
[ADMIN] 05:00:09.220065 シナリオ走行を開始しました [シナリオ名: 新規ユーザー登録]
[ADMIN] 05:00:09.220065 シナリオ走行を開始しました [シナリオ名: 新規ユーザー登録]
[ADMIN] 05:00:09.220077 シナリオ走行を開始しました [シナリオ名: 新規ユーザー登録]
[ADMIN] 05:00:09.220072 シナリオ走行を開始しました [シナリオ名: 新規ユーザー登録]
[ADMIN] 05:00:09.220082 シナリオ走行を開始しました [シナリオ名: 新規ユーザー登録]
[ADMIN] 05:00:09.220090 シナリオ走行を開始しました [シナリオ名: 新規ユーザー登録]
[ADMIN] 05:00:09.220092 シナリオ走行を開始しました [シナリオ名: 新規ユーザー登録]
[ADMIN] 05:00:09.220083 シナリオ走行を開始しました [シナリオ名: 新規ユーザー登録]
[ADMIN] 05:00:09.221662 シナリオ走行を終了しました [シナリオ名: 新規ユーザー登録]
[ADMIN] 05:00:09.386580 シナリオ走行を終了しました [シナリオ名: ログイン]
[ADMIN] 05:00:09.386609 シナリオ走行を開始しました [シナリオ名: ログイン]
[ADMIN] 05:00:09.386588 シナリオ走行を終了しました [シナリオ名: ログイン]
[ADMIN] 05:00:09.386747 シナリオ走行を開始しました [シナリオ名: ログイン]
[ADMIN] 05:00:09.396146 シナリオ走行を終了しました [シナリオ名: 新規ユーザー登録]
[ADMIN] 05:00:09.396163 シナリオ走行を開始しました [シナリオ名: 新規ユーザー登録]
[ADMIN] 05:00:09.396224 シナリオ走行を開始しました [シナリオ名: 新規ユーザー登録]
[ADMIN] 05:00:09.405783 シナリオ走行を終了しました [シナリオ名: 新規ユーザー登録]
[ADMIN] 05:00:09.445706 シナリオ走行を終了しました [シナリオ名: 新規ユーザー登録]
[ADMIN] 05:00:09.445730 シナリオ走行を開始しました [シナリオ名: 新規ユーザー登録]
[ADMIN] 05:00:09.445783 シナリオ走行を開始しました [シナリオ名: 新規ユーザー登録]
[ADMIN] 05:00:09.450786 シナリオ走行を終了しました [シナリオ名: 新規ユーザー登録]
[ADMIN] 05:00:09.450803 シナリオ走行を開始しました [シナリオ名: 新規ユーザー登録]
[ADMIN] 05:00:09.451015 シナリオ走行を終了しました [シナリオ名: 新規ユーザー登録]
[ADMIN] 05:00:09.459012 シナリオ走行を終了しました [シナリオ名: 新規ユーザー登録]
[ADMIN] 05:00:09.537529 シナリオ走行を終了しました [シナリオ名: 新規ユーザー登録]
[ADMIN] 05:00:09.540045 シナリオ走行を終了しました [シナリオ名: 新規ユーザー登録]
[ADMIN] 05:00:09.540073 シナリオ走行を開始しました [シナリオ名: 新規ユーザー登録]
[ADMIN] 05:00:09.540079 シナリオ走行を開始しました [シナリオ名: 新規ユーザー登録]
[ADMIN] 05:00:09.540104 シナリオ走行を開始しました [シナリオ名: 新規ユーザー登録]
[ADMIN] 05:00:09.540150 シナリオ走行を開始しました [シナリオ名: 新規ユーザー登録]
[ADMIN] 05:00:09.559824 シナリオ走行を終了しました [シナリオ名: Banユーザログイン]
[ADMIN] 05:00:09.559844 シナリオ走行を開始しました [シナリオ名: Banユーザログイン]
[ADMIN] 05:00:09.599826 シナリオ走行を終了しました [シナリオ名: Banユーザログイン]
[ADMIN] 05:00:09.599850 シナリオ走行を開始しました [シナリオ名: Banユーザログイン]
[ADMIN] 05:00:09.632425 シナリオ走行を終了しました [シナリオ名: Banユーザログイン]
[ADMIN] 05:00:09.632453 シナリオ走行を開始しました [シナリオ名: Banユーザログイン]
[ADMIN] 05:00:09.646945 シナリオ走行を終了しました [シナリオ名: Banユーザログイン]
[ADMIN] 05:00:09.646959 シナリオ走行を終了しました [シナリオ名: Banユーザログイン]
[ADMIN] 05:00:09.646963 シナリオ走行を開始しました [シナリオ名: Banユーザログイン]
[ADMIN] 05:00:09.646975 シナリオ走行を開始しました [シナリオ名: Banユーザログイン]
[ADMIN] 05:00:09.656499 シナリオ走行を終了しました [シナリオ名: Banユーザログイン]
[ADMIN] 05:00:09.656518 シナリオ走行を開始しました [シナリオ名: Banユーザログイン]
[ADMIN] 05:00:09.662006 シナリオ走行を終了しました [シナリオ名: ログイン]
[ADMIN] 05:00:09.662019 シナリオ走行を開始しました [シナリオ名: ログイン]
[ADMIN] 05:00:09.686389 シナリオ走行を終了しました [シナリオ名: Banユーザログイン]
[ADMIN] 05:00:09.686408 シナリオ走行を開始しました [シナリオ名: Banユーザログイン]
[ADMIN] 05:00:09.735059 シナリオ走行を終了しました [シナリオ名: ログイン]
[ADMIN] 05:00:09.735071 シナリオ走行を開始しました [シナリオ名: ログイン]
[ADMIN] 05:00:09.737184 シナリオ走行を終了しました [シナリオ名: ログイン]
[ADMIN] 05:00:09.737193 シナリオ走行を開始しました [シナリオ名: ログイン]
[ADMIN] 05:00:09.739632 シナリオ走行を終了しました [シナリオ名: Banユーザログイン]
[ADMIN] 05:00:09.739650 シナリオ走行を開始しました [シナリオ名: Banユーザログイン]
[ADMIN] 05:00:09.795370 シナリオ走行を終了しました [シナリオ名: 新規ユーザー登録]
[ADMIN] 05:00:09.837312 シナリオ走行を終了しました [シナリオ名: ログイン]
[ADMIN] 05:00:09.837328 シナリオ走行を開始しました [シナリオ名: ログイン]
[ADMIN] 05:00:09.846267 シナリオ走行を終了しました [シナリオ名: ログイン]
[ADMIN] 05:00:09.846278 シナリオ走行を開始しました [シナリオ名: ログイン]
[ADMIN] 05:00:09.855669 シナリオ走行を終了しました [シナリオ名: ログイン]
[ADMIN] 05:00:09.855678 シナリオ走行を開始しました [シナリオ名: ログイン]
[ADMIN] 05:00:09.878073 シナリオ走行を終了しました [シナリオ名: 新規ユーザー登録]
[ADMIN] 05:00:09.878092 シナリオ走行を開始しました [シナリオ名: 新規ユーザー登録]
[ADMIN] 05:00:09.878150 シナリオ走行を開始しました [シナリオ名: 新規ユーザー登録]
[ADMIN] 05:00:09.933738 シナリオ走行を終了しました [シナリオ名: 新規ユーザー登録]
[ADMIN] 05:00:09.933762 シナリオ走行を開始しました [シナリオ名: 新規ユーザー登録]
[ADMIN] 05:00:09.946650 シナリオ走行を終了しました [シナリオ名: ログイン]
[ADMIN] 05:00:09.946666 シナリオ走行を開始しました [シナリオ名: ログイン]
[ADMIN] 05:00:09.982306 シナリオ走行を終了しました [シナリオ名: ログイン]
[ADMIN] 05:00:09.982322 シナリオ走行を開始しました [シナリオ名: ログイン]
[ADMIN] 05:00:09.994800 シナリオ走行を終了しました [シナリオ名: 新規ユーザー登録]
[ADMIN] 05:00:10.008638 シナリオ走行を終了しました [シナリオ名: 新規ユーザー登録]
[ADMIN] 05:00:10.008665 シナリオ走行を開始しました [シナリオ名: 新規ユーザー登録]
[ADMIN] 05:00:10.008717 シナリオ走行を開始しました [シナリオ名: 新規ユーザー登録]
[ADMIN] 05:00:10.010533 シナリオ走行を終了しました [シナリオ名: ログイン]
[ADMIN] 05:00:10.010542 シナリオ走行を開始しました [シナリオ名: ログイン]
[ADMIN] 05:00:10.032498 シナリオ走行を終了しました [シナリオ名: 新規ユーザー登録]
[ADMIN] 05:00:10.032531 シナリオ走行を開始しました [シナリオ名: 新規ユーザー登録]
[ADMIN] 05:00:10.045368 シナリオ走行を終了しました [シナリオ名: ログイン]
[ADMIN] 05:00:10.045381 シナリオ走行を開始しました [シナリオ名: ログイン]
[ADMIN] 05:00:10.047284 シナリオ走行を終了しました [シナリオ名: ログイン]
[ADMIN] 05:00:10.047297 シナリオ走行を開始しました [シナリオ名: ログイン]
[ADMIN] 05:00:10.053288 シナリオ走行を終了しました [シナリオ名: ログイン]
[ADMIN] 05:00:10.053300 シナリオ走行を開始しました [シナリオ名: ログイン]
[ADMIN] 05:00:10.124817 シナリオ走行を終了しました [シナリオ名: ログイン]
[ADMIN] 05:00:10.124831 シナリオ走行を開始しました [シナリオ名: ログイン]
[ADMIN] 05:00:10.135775 シナリオ走行を終了しました [シナリオ名: ログイン]
[ADMIN] 05:00:10.135787 シナリオ走行を開始しました [シナリオ名: ログイン]
[ADMIN] 05:00:10.158946 シナリオ走行を終了しました [シナリオ名: ログイン]
[ADMIN] 05:00:10.158959 シナリオ走行を開始しました [シナリオ名: ログイン]
[ADMIN] 05:00:10.163920 シナリオ走行を終了しました [シナリオ名: ログイン]
[ADMIN] 05:00:10.163930 シナリオ走行を開始しました [シナリオ名: ログイン]
[ADMIN] 05:00:10.172391 シナリオ走行を終了しました [シナリオ名: Banユーザログイン]
[ADMIN] 05:00:10.172408 シナリオ走行を開始しました [シナリオ名: Banユーザログイン]
[ADMIN] 05:00:10.178939 シナリオ走行を終了しました [シナリオ名: ログイン]
[ADMIN] 05:00:10.178949 シナリオ走行を開始しました [シナリオ名: ログイン]
[ADMIN] 05:00:10.179271 シナリオ走行を終了しました [シナリオ名: ログイン]
[ADMIN] 05:00:10.179282 シナリオ走行を開始しました [シナリオ名: ログイン]
[ADMIN] 05:00:10.209884 シナリオ走行を終了しました [シナリオ名: ログイン]
[ADMIN] 05:00:10.209896 シナリオ走行を開始しました [シナリオ名: ログイン]
[ADMIN] 05:00:10.213536 シナリオ走行を終了しました [シナリオ名: ログイン]
[ADMIN] 05:00:10.213545 シナリオ走行を開始しました [シナリオ名: ログイン]
[ADMIN] 05:00:10.219856 シナリオ走行を終了しました [シナリオ名: ログイン]
[ADMIN] 05:00:10.219866 シナリオ走行を開始しました [シナリオ名: ログイン]
[ADMIN] 05:00:10.219911 シナリオ走行を終了しました [シナリオ名: ログイン]
[ADMIN] 05:00:10.219923 シナリオ走行を開始しました [シナリオ名: ログイン]
[ADMIN] 05:00:10.224993 シナリオ走行を終了しました [シナリオ名: Banユーザログイン]
[ADMIN] 05:00:10.225009 シナリオ走行を開始しました [シナリオ名: Banユーザログイン]
[ADMIN] 05:00:10.227439 シナリオ走行を終了しました [シナリオ名: Banユーザログイン]
[ADMIN] 05:00:10.227454 シナリオ走行を開始しました [シナリオ名: Banユーザログイン]
[ADMIN] 05:00:10.236446 シナリオ走行を終了しました [シナリオ名: ログイン]
[ADMIN] 05:00:10.236455 シナリオ走行を開始しました [シナリオ名: ログイン]
[ADMIN] 05:00:10.241663 シナリオ走行を終了しました [シナリオ名: Banユーザログイン]
[ADMIN] 05:00:10.241672 シナリオ走行を開始しました [シナリオ名: Banユーザログイン]
[ADMIN] 05:00:10.242691 シナリオ走行を終了しました [シナリオ名: Banユーザログイン]
[ADMIN] 05:00:10.242700 シナリオ走行を開始しました [シナリオ名: Banユーザログイン]
[ADMIN] 05:00:10.249128 シナリオ走行を終了しました [シナリオ名: Banユーザログイン]
[ADMIN] 05:00:10.249142 シナリオ走行を開始しました [シナリオ名: Banユーザログイン]
[ADMIN] 05:00:10.249877 シナリオ走行を終了しました [シナリオ名: ログイン]
[ADMIN] 05:00:10.249885 シナリオ走行を開始しました [シナリオ名: ログイン]
[ADMIN] 05:00:10.256314 シナリオ走行を終了しました [シナリオ名: ログイン]
[ADMIN] 05:00:10.256322 シナリオ走行を開始しました [シナリオ名: ログイン]
[ADMIN] 05:00:10.260006 シナリオ走行を終了しました [シナリオ名: Banユーザログイン]
[ADMIN] 05:00:10.260025 シナリオ走行を開始しました [シナリオ名: Banユーザログイン]
[ADMIN] 05:00:10.281231 シナリオ走行を終了しました [シナリオ名: ログイン]
[ADMIN] 05:00:10.281242 シナリオ走行を開始しました [シナリオ名: ログイン]
[ADMIN] 05:00:10.283262 シナリオ走行を終了しました [シナリオ名: ログイン]
[ADMIN] 05:00:10.283272 シナリオ走行を開始しました [シナリオ名: ログイン]
[ADMIN] 05:00:10.290852 シナリオ走行を終了しました [シナリオ名: ログイン]
[ADMIN] 05:00:10.290866 シナリオ走行を開始しました [シナリオ名: ログイン]
[ADMIN] 05:00:10.300298 シナリオ走行を終了しました [シナリオ名: Banユーザログイン]
[ADMIN] 05:00:10.300314 シナリオ走行を開始しました [シナリオ名: Banユーザログイン]
[ADMIN] 05:00:10.330841 シナリオ走行を終了しました [シナリオ名: ログイン]
[ADMIN] 05:00:10.330854 シナリオ走行を開始しました [シナリオ名: ログイン]
[ADMIN] 05:00:10.336458 シナリオ走行を終了しました [シナリオ名: ログイン]
[ADMIN] 05:00:10.336470 シナリオ走行を開始しました [シナリオ名: ログイン]
[ADMIN] 05:00:10.355509 シナリオ走行を終了しました [シナリオ名: ログイン]
[ADMIN] 05:00:10.355525 シナリオ走行を開始しました [シナリオ名: ログイン]
[ADMIN] 05:00:10.370693 シナリオ走行を終了しました [シナリオ名: ログイン]
[ADMIN] 05:00:10.370706 シナリオ走行を開始しました [シナリオ名: ログイン]
[ADMIN] 05:00:10.412847 シナリオ走行を終了しました [シナリオ名: ログイン]
[ADMIN] 05:00:10.412860 シナリオ走行を開始しました [シナリオ名: ログイン]
[ADMIN] 05:00:10.480141 シナリオ走行を終了しました [シナリオ名: ログイン]
[ADMIN] 05:00:10.480153 シナリオ走行を開始しました [シナリオ名: ログイン]
[ADMIN] 05:00:10.509038 シナリオ走行を終了しました [シナリオ名: ログイン]
[ADMIN] 05:00:10.509051 シナリオ走行を開始しました [シナリオ名: ログイン]
[ADMIN] 05:00:10.512542 シナリオ走行を終了しました [シナリオ名: ログイン]
[ADMIN] 05:00:10.512556 シナリオ走行を開始しました [シナリオ名: ログイン]
[ADMIN] 05:00:10.512575 シナリオ走行を終了しました [シナリオ名: ログイン]
[ADMIN] 05:00:10.512581 シナリオ走行を開始しました [シナリオ名: ログイン]
[ADMIN] 05:00:10.546331 シナリオ走行を終了しました [シナリオ名: ログイン]
[ADMIN] 05:00:10.546341 シナリオ走行を開始しました [シナリオ名: ログイン]
[ADMIN] 05:00:10.598723 シナリオ走行を終了しました [シナリオ名: ログイン]
[ADMIN] 05:00:10.598737 シナリオ走行を開始しました [シナリオ名: ログイン]
[ADMIN] 05:00:10.686263 シナリオ走行を終了しました [シナリオ名: ログイン]
[ADMIN] 05:00:10.686279 シナリオ走行を開始しました [シナリオ名: ログイン]
[ADMIN] 05:00:10.727856 シナリオ走行を終了しました [シナリオ名: ログイン]
[ADMIN] 05:00:10.727870 シナリオ走行を開始しました [シナリオ名: ログイン]
[ADMIN] 05:00:10.746592 シナリオ走行を終了しました [シナリオ名: Banユーザログイン]
[ADMIN] 05:00:10.746608 シナリオ走行を開始しました [シナリオ名: Banユーザログイン]
[ADMIN] 05:00:10.777043 シナリオ走行を終了しました [シナリオ名: Banユーザログイン]
[ADMIN] 05:00:10.777060 シナリオ走行を開始しました [シナリオ名: Banユーザログイン]
[ADMIN] 05:00:10.777145 シナリオ走行を終了しました [シナリオ名: Banユーザログイン]
[ADMIN] 05:00:10.777157 シナリオ走行を開始しました [シナリオ名: Banユーザログイン]
[ADMIN] 05:00:10.780576 シナリオ走行を終了しました [シナリオ名: Banユーザログイン]
[ADMIN] 05:00:10.780590 シナリオ走行を開始しました [シナリオ名: Banユーザログイン]
[ADMIN] 05:00:10.830517 シナリオ走行を終了しました [シナリオ名: ログイン]
[ADMIN] 05:00:10.830529 シナリオ走行を開始しました [シナリオ名: ログイン]
[ADMIN] 05:00:10.838740 シナリオ走行を終了しました [シナリオ名: Banユーザログイン]
[ADMIN] 05:00:10.838754 シナリオ走行を開始しました [シナリオ名: Banユーザログイン]
[ADMIN] 05:00:10.848341 シナリオ走行を終了しました [シナリオ名: Banユーザログイン]
[ADMIN] 05:00:10.848357 シナリオ走行を開始しました [シナリオ名: Banユーザログイン]
[ADMIN] 05:00:10.854785 シナリオ走行を終了しました [シナリオ名: Banユーザログイン]
[ADMIN] 05:00:10.854799 シナリオ走行を開始しました [シナリオ名: Banユーザログイン]
[ADMIN] 05:00:10.936133 シナリオ走行を終了しました [シナリオ名: Banユーザログイン]
[ADMIN] 05:00:10.936151 シナリオ走行を開始しました [シナリオ名: Banユーザログイン]
[ADMIN] 05:00:10.940164 シナリオ走行を終了しました [シナリオ名: ログイン]
[ADMIN] 05:00:10.940175 シナリオ走行を開始しました [シナリオ名: ログイン]
[ADMIN] 05:00:11.051382 シナリオ走行を終了しました [シナリオ名: ログイン]
[ADMIN] 05:00:11.051403 シナリオ走行を開始しました [シナリオ名: ログイン]
[ADMIN] 05:00:11.071764 シナリオ走行を終了しました [シナリオ名: ログイン]
[ADMIN] 05:00:11.071778 シナリオ走行を開始しました [シナリオ名: ログイン]
[ADMIN] 05:00:11.083518 シナリオ走行を終了しました [シナリオ名: ログイン]
[ADMIN] 05:00:11.083530 シナリオ走行を開始しました [シナリオ名: ログイン]
[ADMIN] 05:00:11.100932 シナリオ走行を終了しました [シナリオ名: ログイン]
[ADMIN] 05:00:11.100944 シナリオ走行を開始しました [シナリオ名: ログイン]
[ADMIN] 05:00:11.120590 シナリオ走行を終了しました [シナリオ名: ログイン]
[ADMIN] 05:00:11.120604 シナリオ走行を開始しました [シナリオ名: ログイン]
[ADMIN] 05:00:11.208382 シナリオ走行を終了しました [シナリオ名: ログイン]
[ADMIN] 05:00:11.208395 シナリオ走行を開始しました [シナリオ名: ログイン]
[ADMIN] 05:00:11.282112 シナリオ走行を終了しました [シナリオ名: Banユーザログイン]
[ADMIN] 05:00:11.282131 シナリオ走行を開始しました [シナリオ名: Banユーザログイン]
[ADMIN] 05:00:11.329010 シナリオ走行を終了しました [シナリオ名: Banユーザログイン]
[ADMIN] 05:00:11.329029 シナリオ走行を開始しました [シナリオ名: Banユーザログイン]
[ADMIN] 05:00:11.337584 シナリオ走行を終了しました [シナリオ名: Banユーザログイン]
[ADMIN] 05:00:11.337607 シナリオ走行を開始しました [シナリオ名: Banユーザログイン]
[ADMIN] 05:00:11.367158 シナリオ走行を終了しました [シナリオ名: Banユーザログイン]
[ADMIN] 05:00:11.367180 シナリオ走行を開始しました [シナリオ名: Banユーザログイン]
[ADMIN] 05:00:11.372274 シナリオ走行を終了しました [シナリオ名: ログイン]
[ADMIN] 05:00:11.372286 シナリオ走行を開始しました [シナリオ名: ログイン]
[ADMIN] 05:00:11.389057 シナリオ走行を終了しました [シナリオ名: Banユーザログイン]
[ADMIN] 05:00:11.389074 シナリオ走行を開始しました [シナリオ名: Banユーザログイン]
[ADMIN] 05:00:11.394204 シナリオ走行を終了しました [シナリオ名: Banユーザログイン]
[ADMIN] 05:00:11.394219 シナリオ走行を開始しました [シナリオ名: Banユーザログイン]
[ADMIN] 05:00:11.404938 シナリオ走行を終了しました [シナリオ名: Banユーザログイン]
[ADMIN] 05:00:11.404953 シナリオ走行を開始しました [シナリオ名: Banユーザログイン]
[ADMIN] 05:00:11.483266 シナリオ走行を終了しました [シナリオ名: Banユーザログイン]
[ADMIN] 05:00:11.483284 シナリオ走行を開始しました [シナリオ名: Banユーザログイン]
[ADMIN] 05:00:11.874593 シナリオ走行を終了しました [シナリオ名: Banユーザログイン]
[ADMIN] 05:00:11.874629 シナリオ走行を開始しました [シナリオ名: Banユーザログイン]
[ADMIN] 05:00:11.878068 シナリオ走行を終了しました [シナリオ名: ログイン]
[ADMIN] 05:00:11.878077 シナリオ走行を開始しました [シナリオ名: ログイン]
[ADMIN] 05:00:11.878722 シナリオ走行を終了しました [シナリオ名: ログイン]
[ADMIN] 05:00:11.878730 シナリオ走行を開始しました [シナリオ名: ログイン]
[ADMIN] 05:00:11.915886 シナリオ走行を終了しました [シナリオ名: Banユーザログイン]
[ADMIN] 05:00:11.915905 シナリオ走行を開始しました [シナリオ名: Banユーザログイン]
[ADMIN] 05:00:11.917318 シナリオ走行を終了しました [シナリオ名: Banユーザログイン]
[ADMIN] 05:00:11.917329 シナリオ走行を開始しました [シナリオ名: Banユーザログイン]
[ADMIN] 05:00:11.919698 シナリオ走行を終了しました [シナリオ名: Banユーザログイン]
[ADMIN] 05:00:11.919715 シナリオ走行を開始しました [シナリオ名: Banユーザログイン]
[ADMIN] 05:00:11.923152 シナリオ走行を終了しました [シナリオ名: Banユーザログイン]
[ADMIN] 05:00:11.923165 シナリオ走行を開始しました [シナリオ名: Banユーザログイン]
[ADMIN] 05:00:11.959921 シナリオ走行を終了しました [シナリオ名: ログイン]
[ADMIN] 05:00:11.959936 シナリオ走行を開始しました [シナリオ名: ログイン]
[ADMIN] 05:00:11.963402 シナリオ走行を終了しました [シナリオ名: Banユーザログイン]
[ADMIN] 05:00:11.963416 シナリオ走行を開始しました [シナリオ名: Banユーザログイン]
[ADMIN] 05:00:11.975912 シナリオ走行を終了しました [シナリオ名: Banユーザログイン]
[ADMIN] 05:00:11.975928 シナリオ走行を開始しました [シナリオ名: Banユーザログイン]
[ADMIN] 05:00:12.010028 シナリオ走行を終了しました [シナリオ名: ログイン]
[ADMIN] 05:00:12.010041 シナリオ走行を開始しました [シナリオ名: ログイン]
[ADMIN] 05:00:12.070277 シナリオ走行を終了しました [シナリオ名: ログイン]
[ADMIN] 05:00:12.070292 シナリオ走行を開始しました [シナリオ名: ログイン]
[ADMIN] 05:00:12.070802 シナリオ走行を終了しました [シナリオ名: ログイン]
[ADMIN] 05:00:12.070812 シナリオ走行を開始しました [シナリオ名: ログイン]
[ADMIN] 05:00:12.085435 シナリオ走行を終了しました [シナリオ名: Banユーザログイン]
[ADMIN] 05:00:12.085454 シナリオ走行を開始しました [シナリオ名: Banユーザログイン]
[ADMIN] 05:00:12.098962 シナリオ走行を終了しました [シナリオ名: ログイン]
[ADMIN] 05:00:12.098973 シナリオ走行を開始しました [シナリオ名: ログイン]
[ADMIN] 05:00:12.123831 シナリオ走行を終了しました [シナリオ名: ログイン]
[ADMIN] 05:00:12.123842 シナリオ走行を開始しました [シナリオ名: ログイン]
[ADMIN] 05:00:12.159616 シナリオ走行を終了しました [シナリオ名: ログイン]
[ADMIN] 05:00:12.159634 シナリオ走行を開始しました [シナリオ名: ログイン]
[ADMIN] 05:00:12.171364 シナリオ走行を終了しました [シナリオ名: ログイン]
[ADMIN] 05:00:12.171378 シナリオ走行を開始しました [シナリオ名: ログイン]
[ADMIN] 05:00:12.215653 シナリオ走行を終了しました [シナリオ名: ログイン]
[ADMIN] 05:00:12.215668 シナリオ走行を開始しました [シナリオ名: ログイン]
[ADMIN] 05:00:12.274851 シナリオ走行を終了しました [シナリオ名: ログイン]
[ADMIN] 05:00:12.274865 シナリオ走行を開始しました [シナリオ名: ログイン]
[ADMIN] 05:00:12.292749 シナリオ走行を終了しました [シナリオ名: ログイン]
[ADMIN] 05:00:12.292762 シナリオ走行を開始しました [シナリオ名: ログイン]
[ADMIN] 05:00:12.312627 シナリオ走行を終了しました [シナリオ名: ログイン]
[ADMIN] 05:00:12.312638 シナリオ走行を開始しました [シナリオ名: ログイン]
[ADMIN] 05:00:12.328023 シナリオ走行を終了しました [シナリオ名: ログイン]
[ADMIN] 05:00:12.328031 シナリオ走行を開始しました [シナリオ名: ログイン]
[ADMIN] 05:00:12.371823 シナリオ走行を終了しました [シナリオ名: ログイン]
[ADMIN] 05:00:12.371836 シナリオ走行を開始しました [シナリオ名: ログイン]
[ADMIN] 05:00:12.434250 シナリオ走行を終了しました [シナリオ名: ログイン]
[ADMIN] 05:00:12.434264 シナリオ走行を開始しました [シナリオ名: ログイン]
[ADMIN] 05:00:12.443967 シナリオ走行を終了しました [シナリオ名: ログイン]
[ADMIN] 05:00:12.443977 シナリオ走行を開始しました [シナリオ名: ログイン]
[ADMIN] 05:00:12.454553 シナリオ走行を終了しました [シナリオ名: Banユーザログイン]
[ADMIN] 05:00:12.454566 シナリオ走行を開始しました [シナリオ名: Banユーザログイン]
[ADMIN] 05:00:12.457012 シナリオ走行を終了しました [シナリオ名: Banユーザログイン]
[ADMIN] 05:00:12.457025 シナリオ走行を開始しました [シナリオ名: Banユーザログイン]
[ADMIN] 05:00:12.464449 シナリオ走行を終了しました [シナリオ名: Banユーザログイン]
[ADMIN] 05:00:12.464465 シナリオ走行を開始しました [シナリオ名: Banユーザログイン]
[ADMIN] 05:00:12.482464 シナリオ走行を終了しました [シナリオ名: ログイン]
[ADMIN] 05:00:12.482473 シナリオ走行を開始しました [シナリオ名: ログイン]
[ADMIN] 05:00:12.487790 シナリオ走行を終了しました [シナリオ名: 新規ユーザー登録]
[ADMIN] 05:00:12.487805 シナリオ走行を開始しました [シナリオ名: 新規ユーザー登録]
[ADMIN] 05:00:12.504242 シナリオ走行を終了しました [シナリオ名: ログイン]
[ADMIN] 05:00:12.504251 シナリオ走行を開始しました [シナリオ名: ログイン]
[ADMIN] 05:00:12.507704 シナリオ走行を終了しました [シナリオ名: Banユーザログイン]
[ADMIN] 05:00:12.507720 シナリオ走行を開始しました [シナリオ名: Banユーザログイン]
[ADMIN] 05:00:12.510166 シナリオ走行を終了しました [シナリオ名: Banユーザログイン]
[ADMIN] 05:00:12.510178 シナリオ走行を開始しました [シナリオ名: Banユーザログイン]
[ADMIN] 05:00:12.517788 シナリオ走行を終了しました [シナリオ名: 新規ユーザー登録]
[ADMIN] 05:00:12.517807 シナリオ走行を開始しました [シナリオ名: 新規ユーザー登録]
[ADMIN] 05:00:12.536668 シナリオ走行を終了しました [シナリオ名: Banユーザログイン]
[ADMIN] 05:00:12.536684 シナリオ走行を開始しました [シナリオ名: Banユーザログイン]
[ADMIN] 05:00:12.539092 シナリオ走行を終了しました [シナリオ名: Banユーザログイン]
[ADMIN] 05:00:12.539111 シナリオ走行を開始しました [シナリオ名: Banユーザログイン]
[ADMIN] 05:00:12.582844 シナリオ走行を終了しました [シナリオ名: ログイン]
[ADMIN] 05:00:12.582853 シナリオ走行を開始しました [シナリオ名: ログイン]
[ADMIN] 05:00:12.618060 シナリオ走行を終了しました [シナリオ名: ログイン]
[ADMIN] 05:00:12.618075 シナリオ走行を開始しました [シナリオ名: ログイン]
[ADMIN] 05:00:12.630473 シナリオ走行を終了しました [シナリオ名: 新規ユーザー登録]
[ADMIN] 05:00:12.630495 シナリオ走行を開始しました [シナリオ名: 新規ユーザー登録]
[ADMIN] 05:00:12.635385 シナリオ走行を終了しました [シナリオ名: 新規ユーザー登録]
[ADMIN] 05:00:12.635408 シナリオ走行を開始しました [シナリオ名: 新規ユーザー登録]
[ADMIN] 05:00:12.636369 シナリオ走行を終了しました [シナリオ名: 新規ユーザー登録]
[ADMIN] 05:00:12.636380 シナリオ走行を開始しました [シナリオ名: 新規ユーザー登録]
[ADMIN] 05:00:12.654643 シナリオ走行を終了しました [シナリオ名: Banユーザログイン]
[ADMIN] 05:00:12.654661 シナリオ走行を開始しました [シナリオ名: Banユーザログイン]
[ADMIN] 05:00:12.676764 シナリオ走行を終了しました [シナリオ名: ログイン]
[ADMIN] 05:00:12.676778 シナリオ走行を開始しました [シナリオ名: ログイン]
[ADMIN] 05:00:12.684316 シナリオ走行を終了しました [シナリオ名: 新規ユーザー登録]
[ADMIN] 05:00:12.684339 シナリオ走行を開始しました [シナリオ名: 新規ユーザー登録]
[ADMIN] 05:00:12.695862 シナリオ走行を終了しました [シナリオ名: ログイン]
[ADMIN] 05:00:12.695874 シナリオ走行を開始しました [シナリオ名: ログイン]
[ADMIN] 05:00:12.721870 シナリオ走行を終了しました [シナリオ名: 新規ユーザー登録]
[ADMIN] 05:00:12.721896 シナリオ走行を開始しました [シナリオ名: 新規ユーザー登録]
[ADMIN] 05:00:12.729237 シナリオ走行を終了しました [シナリオ名: ログイン]
[ADMIN] 05:00:12.729248 シナリオ走行を開始しました [シナリオ名: ログイン]
[ADMIN] 05:00:12.731802 シナリオ走行を終了しました [シナリオ名: ログイン]
[ADMIN] 05:00:12.731812 シナリオ走行を開始しました [シナリオ名: ログイン]
[ADMIN] 05:00:12.736116 シナリオ走行を終了しました [シナリオ名: ログイン]
[ADMIN] 05:00:12.736126 シナリオ走行を開始しました [シナリオ名: ログイン]
[ADMIN] 05:00:12.747718 シナリオ走行を終了しました [シナリオ名: ログイン]
[ADMIN] 05:00:12.747734 シナリオ走行を開始しました [シナリオ名: ログイン]
[ADMIN] 05:00:12.749653 シナリオ走行を終了しました [シナリオ名: ログイン]
[ADMIN] 05:00:12.749663 シナリオ走行を開始しました [シナリオ名: ログイン]
[ADMIN] 05:00:12.767446 シナリオ走行を終了しました [シナリオ名: ログイン]
[ADMIN] 05:00:12.767458 シナリオ走行を開始しました [シナリオ名: ログイン]
[ADMIN] 05:00:12.789086 シナリオ走行を終了しました [シナリオ名: 新規ユーザー登録]
[ADMIN] 05:00:12.789108 シナリオ走行を開始しました [シナリオ名: 新規ユーザー登録]
[ADMIN] 05:00:12.796770 シナリオ走行を終了しました [シナリオ名: ログイン]
[ADMIN] 05:00:12.796781 シナリオ走行を開始しました [シナリオ名: ログイン]
[ADMIN] 05:00:12.798401 シナリオ走行を終了しました [シナリオ名: 新規ユーザー登録]
[ADMIN] 05:00:12.798420 シナリオ走行を開始しました [シナリオ名: 新規ユーザー登録]
[ADMIN] 05:00:12.813118 シナリオ走行を終了しました [シナリオ名: 新規ユーザー登録]
[ADMIN] 05:00:12.813138 シナリオ走行を開始しました [シナリオ名: 新規ユーザー登録]
[ADMIN] 05:00:12.826102 シナリオ走行を終了しました [シナリオ名: ログイン]
[ADMIN] 05:00:12.826112 シナリオ走行を開始しました [シナリオ名: ログイン]
[ADMIN] 05:00:12.840292 シナリオ走行を終了しました [シナリオ名: 新規ユーザー登録]
[ADMIN] 05:00:12.840317 シナリオ走行を開始しました [シナリオ名: 新規ユーザー登録]
[ADMIN] 05:00:12.847164 シナリオ走行を終了しました [シナリオ名: ログイン]
[ADMIN] 05:00:12.847178 シナリオ走行を開始しました [シナリオ名: ログイン]
[ADMIN] 05:00:12.880694 シナリオ走行を終了しました [シナリオ名: 新規ユーザー登録]
[ADMIN] 05:00:12.880718 シナリオ走行を開始しました [シナリオ名: 新規ユーザー登録]
[ADMIN] 05:00:12.889856 シナリオ走行を終了しました [シナリオ名: ログイン]
[ADMIN] 05:00:12.889869 シナリオ走行を開始しました [シナリオ名: ログイン]
[ADMIN] 05:00:12.900554 シナリオ走行を終了しました [シナリオ名: ログイン]
[ADMIN] 05:00:12.900564 シナリオ走行を開始しました [シナリオ名: ログイン]
[ADMIN] 05:00:12.903895 シナリオ走行を終了しました [シナリオ名: 新規ユーザー登録]
[ADMIN] 05:00:12.903918 シナリオ走行を開始しました [シナリオ名: 新規ユーザー登録]
[ADMIN] 05:00:12.919400 シナリオ走行を終了しました [シナリオ名: ログイン]
[ADMIN] 05:00:12.919413 シナリオ走行を開始しました [シナリオ名: ログイン]
[ADMIN] 05:00:12.944421 シナリオ走行を終了しました [シナリオ名: ログイン]
[ADMIN] 05:00:12.944435 シナリオ走行を開始しました [シナリオ名: ログイン]
[ADMIN] 05:00:12.947752 シナリオ走行を終了しました [シナリオ名: 新規ユーザー登録]
[ADMIN] 05:00:12.947772 シナリオ走行を開始しました [シナリオ名: 新規ユーザー登録]
[ADMIN] 05:00:12.983063 シナリオ走行を終了しました [シナリオ名: Banユーザログイン]
[ADMIN] 05:00:12.983084 シナリオ走行を開始しました [シナリオ名: Banユーザログイン]
[ADMIN] 05:00:13.017476 シナリオ走行を終了しました [シナリオ名: Banユーザログイン]
[ADMIN] 05:00:13.017498 シナリオ走行を開始しました [シナリオ名: Banユーザログイン]
[ADMIN] 05:00:13.020556 シナリオ走行を終了しました [シナリオ名: ログイン]
[ADMIN] 05:00:13.020567 シナリオ走行を開始しました [シナリオ名: ログイン]
[ADMIN] 05:00:13.029238 シナリオ走行を終了しました [シナリオ名: 新規ユーザー登録]
[ADMIN] 05:00:13.029255 シナリオ走行を開始しました [シナリオ名: 新規ユーザー登録]
[ADMIN] 05:00:13.032811 シナリオ走行を終了しました [シナリオ名: Banユーザログイン]
[ADMIN] 05:00:13.032827 シナリオ走行を開始しました [シナリオ名: Banユーザログイン]
[ADMIN] 05:00:13.036268 シナリオ走行を終了しました [シナリオ名: ログイン]
[ADMIN] 05:00:13.036278 シナリオ走行を開始しました [シナリオ名: ログイン]
[ADMIN] 05:00:13.053261 シナリオ走行を終了しました [シナリオ名: 新規ユーザー登録]
[ADMIN] 05:00:13.053282 シナリオ走行を開始しました [シナリオ名: 新規ユーザー登録]
[ADMIN] 05:00:13.069107 シナリオ走行を終了しました [シナリオ名: Banユーザログイン]
[ADMIN] 05:00:13.069121 シナリオ走行を開始しました [シナリオ名: Banユーザログイン]
[ADMIN] 05:00:13.091775 シナリオ走行を終了しました [シナリオ名: Banユーザログイン]
[ADMIN] 05:00:13.091792 シナリオ走行を開始しました [シナリオ名: Banユーザログイン]
[ADMIN] 05:00:13.116281 シナリオ走行を終了しました [シナリオ名: Banユーザログイン]
[ADMIN] 05:00:13.116299 シナリオ走行を開始しました [シナリオ名: Banユーザログイン]
[ADMIN] 05:00:13.121492 シナリオ走行を終了しました [シナリオ名: 新規ユーザー登録]
[ADMIN] 05:00:13.121512 シナリオ走行を開始しました [シナリオ名: 新規ユーザー登録]
[ADMIN] 05:00:13.141826 シナリオ走行を終了しました [シナリオ名: Banユーザログイン]
[ADMIN] 05:00:13.141841 シナリオ走行を開始しました [シナリオ名: Banユーザログイン]
[ADMIN] 05:00:13.183706 シナリオ走行を終了しました [シナリオ名: 新規ユーザー登録]
[ADMIN] 05:00:13.183727 シナリオ走行を開始しました [シナリオ名: 新規ユーザー登録]
[ADMIN] 05:00:13.191079 シナリオ走行を終了しました [シナリオ名: ログイン]
[ADMIN] 05:00:13.191091 シナリオ走行を開始しました [シナリオ名: ログイン]
[ADMIN] 05:00:13.252074 シナリオ走行を終了しました [シナリオ名: Banユーザログイン]
[ADMIN] 05:00:13.252094 シナリオ走行を開始しました [シナリオ名: Banユーザログイン]
[ADMIN] 05:00:13.312989 シナリオ走行を終了しました [シナリオ名: 新規ユーザー登録]
[ADMIN] 05:00:13.313021 シナリオ走行を開始しました [シナリオ名: 新規ユーザー登録]
[ADMIN] 05:00:13.313069 シナリオ走行を終了しました [シナリオ名: ログイン]
[ADMIN] 05:00:13.313086 シナリオ走行を開始しました [シナリオ名: ログイン]
[ADMIN] 05:00:13.331240 シナリオ走行を終了しました [シナリオ名: 新規ユーザー登録]
[ADMIN] 05:00:13.331266 シナリオ走行を開始しました [シナリオ名: 新規ユーザー登録]
[ADMIN] 05:00:13.383185 シナリオ走行を終了しました [シナリオ名: 新規ユーザー登録]
[ADMIN] 05:00:13.383209 シナリオ走行を開始しました [シナリオ名: 新規ユーザー登録]
[ADMIN] 05:00:13.383914 シナリオ走行を終了しました [シナリオ名: ログイン]
[ADMIN] 05:00:13.383925 シナリオ走行を開始しました [シナリオ名: ログイン]
[ADMIN] 05:00:13.391199 シナリオ走行を終了しました [シナリオ名: ログイン]
[ADMIN] 05:00:13.391213 シナリオ走行を開始しました [シナリオ名: ログイン]
[ADMIN] 05:00:13.398418 シナリオ走行を終了しました [シナリオ名: 新規ユーザー登録]
[ADMIN] 05:00:13.398436 シナリオ走行を開始しました [シナリオ名: 新規ユーザー登録]
[ADMIN] 05:00:13.458742 シナリオ走行を終了しました [シナリオ名: 新規ユーザー登録]
[ADMIN] 05:00:13.458764 シナリオ走行を開始しました [シナリオ名: 新規ユーザー登録]
[ADMIN] 05:00:13.479517 シナリオ走行を終了しました [シナリオ名: ログイン]
[ADMIN] 05:00:13.479531 シナリオ走行を開始しました [シナリオ名: ログイン]
[ADMIN] 05:00:13.518930 シナリオ走行を終了しました [シナリオ名: ログイン]
[ADMIN] 05:00:13.518944 シナリオ走行を開始しました [シナリオ名: ログイン]
[ADMIN] 05:00:13.519541 シナリオ走行を終了しました [シナリオ名: 新規ユーザー登録]
[ADMIN] 05:00:13.519560 シナリオ走行を開始しました [シナリオ名: 新規ユーザー登録]
[ADMIN] 05:00:13.553118 シナリオ走行を終了しました [シナリオ名: Banユーザログイン]
[ADMIN] 05:00:13.553136 シナリオ走行を開始しました [シナリオ名: Banユーザログイン]
[ADMIN] 05:00:13.556747 シナリオ走行を終了しました [シナリオ名: 新規ユーザー登録]
[ADMIN] 05:00:13.556766 シナリオ走行を開始しました [シナリオ名: 新規ユーザー登録]
[ADMIN] 05:00:13.596881 シナリオ走行を終了しました [シナリオ名: ログイン]
[ADMIN] 05:00:13.596893 シナリオ走行を開始しました [シナリオ名: ログイン]
[ADMIN] 05:00:13.604636 シナリオ走行を終了しました [シナリオ名: 新規ユーザー登録]
[ADMIN] 05:00:13.604656 シナリオ走行を開始しました [シナリオ名: 新規ユーザー登録]
[ADMIN] 05:00:13.611239 シナリオ走行を終了しました [シナリオ名: Banユーザログイン]
[ADMIN] 05:00:13.611253 シナリオ走行を開始しました [シナリオ名: Banユーザログイン]
[ADMIN] 05:00:13.613373 シナリオ走行を終了しました [シナリオ名: 新規ユーザー登録]
[ADMIN] 05:00:13.613395 シナリオ走行を開始しました [シナリオ名: 新規ユーザー登録]
[ADMIN] 05:00:13.618890 シナリオ走行を終了しました [シナリオ名: Banユーザログイン]
[ADMIN] 05:00:13.618904 シナリオ走行を開始しました [シナリオ名: Banユーザログイン]
[ADMIN] 05:00:13.688960 シナリオ走行を終了しました [シナリオ名: Banユーザログイン]
[ADMIN] 05:00:13.688979 シナリオ走行を開始しました [シナリオ名: Banユーザログイン]
[ADMIN] 05:00:13.694792 シナリオ走行を終了しました [シナリオ名: Banユーザログイン]
[ADMIN] 05:00:13.694804 シナリオ走行を開始しました [シナリオ名: Banユーザログイン]
[ADMIN] 05:00:13.698505 シナリオ走行を終了しました [シナリオ名: ログイン]
[ADMIN] 05:00:13.698516 シナリオ走行を開始しました [シナリオ名: ログイン]
[ADMIN] 05:00:13.724598 シナリオ走行を終了しました [シナリオ名: ログイン]
[ADMIN] 05:00:13.724609 シナリオ走行を開始しました [シナリオ名: ログイン]
[ADMIN] 05:00:13.733073 シナリオ走行を終了しました [シナリオ名: Banユーザログイン]
[ADMIN] 05:00:13.733088 シナリオ走行を開始しました [シナリオ名: Banユーザログイン]
[ADMIN] 05:00:13.757152 シナリオ走行を終了しました [シナリオ名: ログイン]
[ADMIN] 05:00:13.757163 シナリオ走行を開始しました [シナリオ名: ログイン]
[ADMIN] 05:00:13.809106 シナリオ走行を終了しました [シナリオ名: Banユーザログイン]
[ADMIN] 05:00:13.809130 シナリオ走行を開始しました [シナリオ名: Banユーザログイン]
[ADMIN] 05:00:13.809174 シナリオ走行を終了しました [シナリオ名: ログイン]
[ADMIN] 05:00:13.809192 シナリオ走行を開始しました [シナリオ名: ログイン]
[ADMIN] 05:00:13.842453 シナリオ走行を終了しました [シナリオ名: ログイン]
[ADMIN] 05:00:13.842469 シナリオ走行を開始しました [シナリオ名: ログイン]
[ADMIN] 05:00:13.843072 シナリオ走行を終了しました [シナリオ名: 新規ユーザー登録]
[ADMIN] 05:00:13.843100 シナリオ走行を開始しました [シナリオ名: 新規ユーザー登録]
[ADMIN] 05:00:13.848532 シナリオ走行を終了しました [シナリオ名: Banユーザログイン]
[ADMIN] 05:00:13.848553 シナリオ走行を開始しました [シナリオ名: Banユーザログイン]
[ADMIN] 05:00:13.889017 シナリオ走行を終了しました [シナリオ名: 新規ユーザー登録]
[ADMIN] 05:00:13.889046 シナリオ走行を開始しました [シナリオ名: 新規ユーザー登録]
[ADMIN] 05:00:13.898969 シナリオ走行を終了しました [シナリオ名: ログイン]
[ADMIN] 05:00:13.898987 シナリオ走行を開始しました [シナリオ名: ログイン]
[ADMIN] 05:00:13.913675 シナリオ走行を終了しました [シナリオ名: ログイン]
[ADMIN] 05:00:13.913692 シナリオ走行を開始しました [シナリオ名: ログイン]
[ADMIN] 05:00:13.919676 シナリオ走行を終了しました [シナリオ名: ログイン]
[ADMIN] 05:00:13.919694 シナリオ走行を開始しました [シナリオ名: ログイン]
[ADMIN] 05:00:13.942534 シナリオ走行を終了しました [シナリオ名: ログイン]
[ADMIN] 05:00:13.942550 シナリオ走行を開始しました [シナリオ名: ログイン]
[ADMIN] 05:00:14.099887 シナリオ走行を終了しました [シナリオ名: Banユーザログイン]
[ADMIN] 05:00:14.099908 シナリオ走行を開始しました [シナリオ名: Banユーザログイン]
[ADMIN] 05:00:14.167824 シナリオ走行を終了しました [シナリオ名: ログイン]
[ADMIN] 05:00:14.167840 シナリオ走行を開始しました [シナリオ名: ログイン]
[ADMIN] 05:00:14.185776 シナリオ走行を終了しました [シナリオ名: Banユーザログイン]
[ADMIN] 05:00:14.185800 シナリオ走行を開始しました [シナリオ名: Banユーザログイン]
[ADMIN] 05:00:14.191446 シナリオ走行を終了しました [シナリオ名: ログイン]
[ADMIN] 05:00:14.191457 シナリオ走行を開始しました [シナリオ名: ログイン]
[ADMIN] 05:00:14.271970 シナリオ走行を終了しました [シナリオ名: Banユーザログイン]
[ADMIN] 05:00:14.271992 シナリオ走行を開始しました [シナリオ名: Banユーザログイン]
[ADMIN] 05:00:14.277658 シナリオ走行を終了しました [シナリオ名: Banユーザログイン]
[ADMIN] 05:00:14.277688 シナリオ走行を開始しました [シナリオ名: Banユーザログイン]
[ADMIN] 05:00:14.279117 シナリオ走行を終了しました [シナリオ名: Banユーザログイン]
[ADMIN] 05:00:14.279131 シナリオ走行を開始しました [シナリオ名: Banユーザログイン]
[ADMIN] 05:00:14.283594 シナリオ走行を終了しました [シナリオ名: Banユーザログイン]
[ADMIN] 05:00:14.283609 シナリオ走行を開始しました [シナリオ名: Banユーザログイン]
[ADMIN] 05:00:14.313907 シナリオ走行を終了しました [シナリオ名: ログイン]
[ADMIN] 05:00:14.313922 シナリオ走行を開始しました [シナリオ名: ログイン]
[ADMIN] 05:00:14.367859 シナリオ走行を終了しました [シナリオ名: ログイン]
[ADMIN] 05:00:14.367874 シナリオ走行を開始しました [シナリオ名: ログイン]
[ADMIN] 05:00:14.412109 シナリオ走行を終了しました [シナリオ名: Banユーザログイン]
[ADMIN] 05:00:14.412133 シナリオ走行を開始しました [シナリオ名: Banユーザログイン]
[ADMIN] 05:00:14.434308 シナリオ走行を終了しました [シナリオ名: Banユーザログイン]
[ADMIN] 05:00:14.434333 シナリオ走行を開始しました [シナリオ名: Banユーザログイン]
[ADMIN] 05:00:14.454964 シナリオ走行を終了しました [シナリオ名: ログイン]
[ADMIN] 05:00:14.454979 シナリオ走行を開始しました [シナリオ名: ログイン]
[ADMIN] 05:00:14.615976 シナリオ走行を終了しました [シナリオ名: ログイン]
[ADMIN] 05:00:14.615989 シナリオ走行を開始しました [シナリオ名: ログイン]
[ADMIN] 05:00:14.629858 シナリオ走行を終了しました [シナリオ名: Banユーザログイン]
[ADMIN] 05:00:14.629889 シナリオ走行を開始しました [シナリオ名: Banユーザログイン]
[ADMIN] 05:00:14.660861 シナリオ走行を終了しました [シナリオ名: ログイン]
[ADMIN] 05:00:14.660875 シナリオ走行を開始しました [シナリオ名: ログイン]
[ADMIN] 05:00:14.691834 シナリオ走行を終了しました [シナリオ名: ログイン]
[ADMIN] 05:00:14.691851 シナリオ走行を開始しました [シナリオ名: ログイン]
[ADMIN] 05:00:14.725079 シナリオ走行を終了しました [シナリオ名: ログイン]
[ADMIN] 05:00:14.725094 シナリオ走行を開始しました [シナリオ名: ログイン]
[ADMIN] 05:00:14.746392 シナリオ走行を終了しました [シナリオ名: Banユーザログイン]
[ADMIN] 05:00:14.746421 シナリオ走行を開始しました [シナリオ名: Banユーザログイン]
[ADMIN] 05:00:14.775997 シナリオ走行を終了しました [シナリオ名: ログイン]
[ADMIN] 05:00:14.776014 シナリオ走行を開始しました [シナリオ名: ログイン]
[ADMIN] 05:00:14.792636 シナリオ走行を終了しました [シナリオ名: ログイン]
[ADMIN] 05:00:14.792652 シナリオ走行を開始しました [シナリオ名: ログイン]
[ADMIN] 05:00:14.813247 シナリオ走行を終了しました [シナリオ名: Banユーザログイン]
[ADMIN] 05:00:14.813269 シナリオ走行を開始しました [シナリオ名: Banユーザログイン]
[ADMIN] 05:00:14.824626 シナリオ走行を終了しました [シナリオ名: Banユーザログイン]
[ADMIN] 05:00:14.824652 シナリオ走行を開始しました [シナリオ名: Banユーザログイン]
[ADMIN] 05:00:14.843423 シナリオ走行を終了しました [シナリオ名: ログイン]
[ADMIN] 05:00:14.843438 シナリオ走行を開始しました [シナリオ名: ログイン]
[ADMIN] 05:00:14.855854 シナリオ走行を終了しました [シナリオ名: Banユーザログイン]
[ADMIN] 05:00:14.855866 シナリオ走行を開始しました [シナリオ名: Banユーザログイン]
[ADMIN] 05:00:14.872992 シナリオ走行を終了しました [シナリオ名: Banユーザログイン]
[ADMIN] 05:00:14.873019 シナリオ走行を開始しました [シナリオ名: Banユーザログイン]
[ADMIN] 05:00:14.890522 シナリオ走行を終了しました [シナリオ名: ログイン]
[ADMIN] 05:00:14.890537 シナリオ走行を開始しました [シナリオ名: ログイン]
[ADMIN] 05:00:14.923070 シナリオ走行を終了しました [シナリオ名: ログイン]
[ADMIN] 05:00:14.923086 シナリオ走行を開始しました [シナリオ名: ログイン]
[ADMIN] 05:00:14.928151 シナリオ走行を終了しました [シナリオ名: ログイン]
[ADMIN] 05:00:14.928165 シナリオ走行を開始しました [シナリオ名: ログイン]
[ADMIN] 05:00:14.980991 シナリオ走行を終了しました [シナリオ名: ログイン]
[ADMIN] 05:00:14.981007 シナリオ走行を開始しました [シナリオ名: ログイン]
[ADMIN] 05:00:14.989552 シナリオ走行を終了しました [シナリオ名: ログイン]
[ADMIN] 05:00:14.989566 シナリオ走行を開始しました [シナリオ名: ログイン]
[ADMIN] 05:00:15.011185 シナリオ走行を終了しました [シナリオ名: ログイン]
[ADMIN] 05:00:15.011201 シナリオ走行を開始しました [シナリオ名: ログイン]
[ADMIN] 05:00:15.015707 シナリオ走行を終了しました [シナリオ名: Banユーザログイン]
[ADMIN] 05:00:15.015727 シナリオ走行を開始しました [シナリオ名: Banユーザログイン]
[ADMIN] 05:00:15.026458 シナリオ走行を終了しました [シナリオ名: Banユーザログイン]
[ADMIN] 05:00:15.026476 シナリオ走行を開始しました [シナリオ名: Banユーザログイン]
[ADMIN] 05:00:15.044430 シナリオ走行を終了しました [シナリオ名: ログイン]
[ADMIN] 05:00:15.044445 シナリオ走行を開始しました [シナリオ名: ログイン]
[ADMIN] 05:00:15.053626 シナリオ走行を終了しました [シナリオ名: ログイン]
[ADMIN] 05:00:15.053641 シナリオ走行を開始しました [シナリオ名: ログイン]
[ADMIN] 05:00:15.058470 シナリオ走行を終了しました [シナリオ名: ログイン]
[ADMIN] 05:00:15.058480 シナリオ走行を開始しました [シナリオ名: ログイン]
[ADMIN] 05:00:15.074595 シナリオ走行を終了しました [シナリオ名: ログイン]
[ADMIN] 05:00:15.074607 シナリオ走行を開始しました [シナリオ名: ログイン]
[ADMIN] 05:00:15.083356 シナリオ走行を終了しました [シナリオ名: ログイン]
[ADMIN] 05:00:15.083369 シナリオ走行を開始しました [シナリオ名: ログイン]
[ADMIN] 05:00:15.097300 シナリオ走行を終了しました [シナリオ名: ログイン]
[ADMIN] 05:00:15.097313 シナリオ走行を開始しました [シナリオ名: ログイン]
[ADMIN] 05:00:15.159016 シナリオ走行を終了しました [シナリオ名: ログイン]
[ADMIN] 05:00:15.159031 シナリオ走行を開始しました [シナリオ名: ログイン]
[ADMIN] 05:00:15.180304 シナリオ走行を終了しました [シナリオ名: ログイン]
[ADMIN] 05:00:15.180319 シナリオ走行を開始しました [シナリオ名: ログイン]
[ADMIN] 05:00:15.215888 シナリオ走行を終了しました [シナリオ名: Banユーザログイン]
[ADMIN] 05:00:15.215910 シナリオ走行を開始しました [シナリオ名: Banユーザログイン]
[ADMIN] 05:00:15.285745 シナリオ走行を終了しました [シナリオ名: Banユーザログイン]
[ADMIN] 05:00:15.285768 シナリオ走行を開始しました [シナリオ名: Banユーザログイン]
[ADMIN] 05:00:15.301903 シナリオ走行を終了しました [シナリオ名: ログイン]
[ADMIN] 05:00:15.301916 シナリオ走行を開始しました [シナリオ名: ログイン]
[ADMIN] 05:00:15.364118 シナリオ走行を終了しました [シナリオ名: Banユーザログイン]
[ADMIN] 05:00:15.364133 シナリオ走行を開始しました [シナリオ名: Banユーザログイン]
[ADMIN] 05:00:15.369181 シナリオ走行を終了しました [シナリオ名: Banユーザログイン]
[ADMIN] 05:00:15.369199 シナリオ走行を開始しました [シナリオ名: Banユーザログイン]
[ADMIN] 05:00:15.377131 シナリオ走行を終了しました [シナリオ名: Banユーザログイン]
[ADMIN] 05:00:15.377157 シナリオ走行を開始しました [シナリオ名: Banユーザログイン]
[ADMIN] 05:00:15.439556 シナリオ走行を終了しました [シナリオ名: ログイン]
[ADMIN] 05:00:15.439571 シナリオ走行を開始しました [シナリオ名: ログイン]
[ADMIN] 05:00:15.442049 シナリオ走行を終了しました [シナリオ名: Banユーザログイン]
[ADMIN] 05:00:15.442070 シナリオ走行を開始しました [シナリオ名: Banユーザログイン]
[ADMIN] 05:00:15.445190 シナリオ走行を終了しました [シナリオ名: ログイン]
[ADMIN] 05:00:15.445202 シナリオ走行を開始しました [シナリオ名: ログイン]
[ADMIN] 05:00:15.451983 シナリオ走行を終了しました [シナリオ名: ログイン]
[ADMIN] 05:00:15.451997 シナリオ走行を開始しました [シナリオ名: ログイン]
[ADMIN] 05:00:15.462338 シナリオ走行を終了しました [シナリオ名: ログイン]
[ADMIN] 05:00:15.462351 シナリオ走行を開始しました [シナリオ名: ログイン]
[ADMIN] 05:00:15.465228 シナリオ走行を終了しました [シナリオ名: ログイン]
[ADMIN] 05:00:15.465241 シナリオ走行を開始しました [シナリオ名: ログイン]
[ADMIN] 05:00:15.530434 シナリオ走行を終了しました [シナリオ名: ログイン]
[ADMIN] 05:00:15.530449 シナリオ走行を開始しました [シナリオ名: ログイン]
[ADMIN] 05:00:15.537395 シナリオ走行を終了しました [シナリオ名: ログイン]
[ADMIN] 05:00:15.537407 シナリオ走行を開始しました [シナリオ名: ログイン]
[ADMIN] 05:00:15.558439 シナリオ走行を終了しました [シナリオ名: ログイン]
[ADMIN] 05:00:15.558456 シナリオ走行を開始しました [シナリオ名: ログイン]
[ADMIN] 05:00:15.560016 シナリオ走行を終了しました [シナリオ名: ログイン]
[ADMIN] 05:00:15.560030 シナリオ走行を開始しました [シナリオ名: ログイン]
[ADMIN] 05:00:15.569532 シナリオ走行を終了しました [シナリオ名: Banユーザログイン]
[ADMIN] 05:00:15.569556 シナリオ走行を開始しました [シナリオ名: Banユーザログイン]
[ADMIN] 05:00:15.570950 シナリオ走行を終了しました [シナリオ名: Banユーザログイン]
[ADMIN] 05:00:15.570965 シナリオ走行を開始しました [シナリオ名: Banユーザログイン]
[ADMIN] 05:00:15.604803 シナリオ走行を終了しました [シナリオ名: ログイン]
[ADMIN] 05:00:15.604817 シナリオ走行を開始しました [シナリオ名: ログイン]
[ADMIN] 05:00:15.617047 シナリオ走行を終了しました [シナリオ名: ログイン]
[ADMIN] 05:00:15.617065 シナリオ走行を開始しました [シナリオ名: ログイン]
[ADMIN] 05:00:15.646085 シナリオ走行を終了しました [シナリオ名: ログイン]
[ADMIN] 05:00:15.646100 シナリオ走行を開始しました [シナリオ名: ログイン]
[ADMIN] 05:00:15.701209 シナリオ走行を終了しました [シナリオ名: ログイン]
[ADMIN] 05:00:15.701227 シナリオ走行を開始しました [シナリオ名: ログイン]
[ADMIN] 05:00:15.732733 シナリオ走行を終了しました [シナリオ名: ログイン]
[ADMIN] 05:00:15.732752 シナリオ走行を開始しました [シナリオ名: ログイン]
[ADMIN] 05:00:15.740645 シナリオ走行を終了しました [シナリオ名: ログイン]
[ADMIN] 05:00:15.740662 シナリオ走行を開始しました [シナリオ名: ログイン]
[ADMIN] 05:00:15.751611 シナリオ走行を終了しました [シナリオ名: ログイン]
[ADMIN] 05:00:15.751626 シナリオ走行を開始しました [シナリオ名: ログイン]
[ADMIN] 05:00:15.776053 シナリオ走行を終了しました [シナリオ名: Banユーザログイン]
[ADMIN] 05:00:15.776079 シナリオ走行を開始しました [シナリオ名: Banユーザログイン]
[ADMIN] 05:00:15.827704 シナリオ走行を終了しました [シナリオ名: ログイン]
[ADMIN] 05:00:15.827724 シナリオ走行を開始しました [シナリオ名: ログイン]
[ADMIN] 05:00:15.853381 シナリオ走行を終了しました [シナリオ名: 新規ユーザー登録]
[ADMIN] 05:00:15.853412 シナリオ走行を開始しました [シナリオ名: 新規ユーザー登録]
[ADMIN] 05:00:15.870784 シナリオ走行を終了しました [シナリオ名: 新規ユーザー登録]
[ADMIN] 05:00:15.870810 シナリオ走行を開始しました [シナリオ名: 新規ユーザー登録]
[ADMIN] 05:00:15.882715 シナリオ走行を終了しました [シナリオ名: Banユーザログイン]
[ADMIN] 05:00:15.882736 シナリオ走行を開始しました [シナリオ名: Banユーザログイン]
[ADMIN] 05:00:15.898649 シナリオ走行を終了しました [シナリオ名: Banユーザログイン]
[ADMIN] 05:00:15.898671 シナリオ走行を開始しました [シナリオ名: Banユーザログイン]
[ADMIN] 05:00:15.909576 シナリオ走行を終了しました [シナリオ名: 新規ユーザー登録]
[ADMIN] 05:00:15.909597 シナリオ走行を開始しました [シナリオ名: 新規ユーザー登録]
[ADMIN] 05:00:15.931928 シナリオ走行を終了しました [シナリオ名: Banユーザログイン]
[ADMIN] 05:00:15.931951 シナリオ走行を開始しました [シナリオ名: Banユーザログイン]
[ADMIN] 05:00:15.949416 シナリオ走行を終了しました [シナリオ名: Banユーザログイン]
[ADMIN] 05:00:15.949443 シナリオ走行を開始しました [シナリオ名: Banユーザログイン]
[ADMIN] 05:00:15.978805 シナリオ走行を終了しました [シナリオ名: ログイン]
[ADMIN] 05:00:15.978823 シナリオ走行を開始しました [シナリオ名: ログイン]
[ADMIN] 05:00:15.982320 シナリオ走行を終了しました [シナリオ名: ログイン]
[ADMIN] 05:00:15.982333 シナリオ走行を開始しました [シナリオ名: ログイン]
[ADMIN] 05:00:15.996638 シナリオ走行を終了しました [シナリオ名: Banユーザログイン]
[ADMIN] 05:00:15.996665 シナリオ走行を開始しました [シナリオ名: Banユーザログイン]
[ADMIN] 05:00:16.024904 シナリオ走行を終了しました [シナリオ名: ログイン]
[ADMIN] 05:00:16.024923 シナリオ走行を開始しました [シナリオ名: ログイン]
[ADMIN] 05:00:16.054585 シナリオ走行を終了しました [シナリオ名: 新規ユーザー登録]
[ADMIN] 05:00:16.054632 シナリオ走行を開始しました [シナリオ名: 新規ユーザー登録]
[ADMIN] 05:00:16.094370 シナリオ走行を終了しました [シナリオ名: 新規ユーザー登録]
[ADMIN] 05:00:16.094417 シナリオ走行を開始しました [シナリオ名: 新規ユーザー登録]
[ADMIN] 05:00:16.114742 シナリオ走行を終了しました [シナリオ名: 新規ユーザー登録]
[ADMIN] 05:00:16.114773 シナリオ走行を開始しました [シナリオ名: 新規ユーザー登録]
[ADMIN] 05:00:16.145824 シナリオ走行を終了しました [シナリオ名: ログイン]
[ADMIN] 05:00:16.145841 シナリオ走行を開始しました [シナリオ名: ログイン]
[ADMIN] 05:00:16.145896 シナリオ走行を終了しました [シナリオ名: ログイン]
[ADMIN] 05:00:16.145907 シナリオ走行を開始しました [シナリオ名: ログイン]
[ADMIN] 05:00:16.147370 シナリオ走行を終了しました [シナリオ名: Banユーザログイン]
[ADMIN] 05:00:16.147390 シナリオ走行を開始しました [シナリオ名: Banユーザログイン]
[ADMIN] 05:00:16.159881 シナリオ走行を終了しました [シナリオ名: 新規ユーザー登録]
[ADMIN] 05:00:16.159909 シナリオ走行を開始しました [シナリオ名: 新規ユーザー登録]
[ADMIN] 05:00:16.163418 シナリオ走行を終了しました [シナリオ名: Banユーザログイン]
[ADMIN] 05:00:16.163443 シナリオ走行を開始しました [シナリオ名: Banユーザログイン]
[ADMIN] 05:00:16.183417 シナリオ走行を終了しました [シナリオ名: 新規ユーザー登録]
[ADMIN] 05:00:16.183449 シナリオ走行を開始しました [シナリオ名: 新規ユーザー登録]
[ADMIN] 05:00:16.189413 シナリオ走行を終了しました [シナリオ名: ログイン]
[ADMIN] 05:00:16.189428 シナリオ走行を開始しました [シナリオ名: ログイン]
[ADMIN] 05:00:16.239391 シナリオ走行を終了しました [シナリオ名: 新規ユーザー登録]
[ADMIN] 05:00:16.239419 シナリオ走行を開始しました [シナリオ名: 新規ユーザー登録]
[ADMIN] 05:00:16.289929 シナリオ走行を終了しました [シナリオ名: 新規ユーザー登録]
[ADMIN] 05:00:16.289959 シナリオ走行を開始しました [シナリオ名: 新規ユーザー登録]
[ADMIN] 05:00:16.311848 シナリオ走行を終了しました [シナリオ名: ログイン]
[ADMIN] 05:00:16.311864 シナリオ走行を開始しました [シナリオ名: ログイン]
[ADMIN] 05:00:16.324336 シナリオ走行を終了しました [シナリオ名: ログイン]
[ADMIN] 05:00:16.324356 シナリオ走行を開始しました [シナリオ名: ログイン]
[ADMIN] 05:00:16.347382 シナリオ走行を終了しました [シナリオ名: Banユーザログイン]
[ADMIN] 05:00:16.347409 シナリオ走行を開始しました [シナリオ名: Banユーザログイン]
[ADMIN] 05:00:16.354018 シナリオ走行を終了しました [シナリオ名: 新規ユーザー登録]
[ADMIN] 05:00:16.354041 シナリオ走行を開始しました [シナリオ名: 新規ユーザー登録]
[ADMIN] 05:00:16.366179 シナリオ走行を終了しました [シナリオ名: ログイン]
[ADMIN] 05:00:16.366188 シナリオ走行を開始しました [シナリオ名: ログイン]
[ADMIN] 05:00:16.397525 シナリオ走行を終了しました [シナリオ名: 新規ユーザー登録]
[ADMIN] 05:00:16.397544 シナリオ走行を開始しました [シナリオ名: 新規ユーザー登録]
[ADMIN] 05:00:16.404039 シナリオ走行を終了しました [シナリオ名: 新規ユーザー登録]
[ADMIN] 05:00:16.404057 シナリオ走行を開始しました [シナリオ名: 新規ユーザー登録]
05:00:16.413351 現在のログイン成功数: [total: 3361 (+1138人)]
05:00:16.413358 現在のユーザー登録成功数: [total: 1550 (+477人)]
[ADMIN] 05:00:16.416102 シナリオ走行を終了しました [シナリオ名: 新規ユーザー登録]
[ADMIN] 05:00:16.416121 シナリオ走行を開始しました [シナリオ名: 新規ユーザー登録]
[ADMIN] 05:00:16.431557 シナリオ走行を終了しました [シナリオ名: Banユーザログイン]
[ADMIN] 05:00:16.431571 シナリオ走行を開始しました [シナリオ名: Banユーザログイン]
[ADMIN] 05:00:16.448372 シナリオ走行を終了しました [シナリオ名: ログイン]
[ADMIN] 05:00:16.448384 シナリオ走行を開始しました [シナリオ名: ログイン]
[ADMIN] 05:00:16.523007 シナリオ走行を終了しました [シナリオ名: Banユーザログイン]
[ADMIN] 05:00:16.523027 シナリオ走行を開始しました [シナリオ名: Banユーザログイン]
[ADMIN] 05:00:16.543405 シナリオ走行を終了しました [シナリオ名: Banユーザログイン]
[ADMIN] 05:00:16.543426 シナリオ走行を終了しました [シナリオ名: 新規ユーザー登録]
[ADMIN] 05:00:16.543431 シナリオ走行を開始しました [シナリオ名: Banユーザログイン]
[ADMIN] 05:00:16.543450 シナリオ走行を開始しました [シナリオ名: 新規ユーザー登録]
[ADMIN] 05:00:16.548253 シナリオ走行を終了しました [シナリオ名: ログイン]
[ADMIN] 05:00:16.548309 シナリオ走行を開始しました [シナリオ名: ログイン]
[ADMIN] 05:00:16.548315 シナリオ走行を開始しました [シナリオ名: ログイン]
[ADMIN] 05:00:16.548321 シナリオ走行を開始しました [シナリオ名: ログイン]
[ADMIN] 05:00:16.548368 シナリオ走行を開始しました [シナリオ名: ログイン]
[ADMIN] 05:00:16.548468 シナリオ走行を開始しました [シナリオ名: ログイン]
[ADMIN] 05:00:16.548489 シナリオ走行を開始しました [シナリオ名: ログイン]
[ADMIN] 05:00:16.548500 シナリオ走行を開始しました [シナリオ名: ログイン]
[ADMIN] 05:00:16.548550 シナリオ走行を開始しました [シナリオ名: ログイン]
[ADMIN] 05:00:16.548579 シナリオ走行を開始しました [シナリオ名: ログイン]
[ADMIN] 05:00:16.548613 シナリオ走行を開始しました [シナリオ名: ログイン]
[ADMIN] 05:00:16.548623 シナリオ走行を開始しました [シナリオ名: ログイン]
[ADMIN] 05:00:16.548706 シナリオ走行を開始しました [シナリオ名: ログイン]
[ADMIN] 05:00:16.548742 シナリオ走行を開始しました [シナリオ名: ログイン]
[ADMIN] 05:00:16.548784 シナリオ走行を開始しました [シナリオ名: ログイン]
[ADMIN] 05:00:16.548856 シナリオ走行を開始しました [シナリオ名: ログイン]
[ADMIN] 05:00:16.548576 シナリオ走行を開始しました [シナリオ名: ログイン]
[ADMIN] 05:00:16.550141 シナリオ走行を終了しました [シナリオ名: 新規ユーザー登録]
[ADMIN] 05:00:16.550159 シナリオ走行を開始しました [シナリオ名: 新規ユーザー登録]
[ADMIN] 05:00:16.553917 シナリオ走行を終了しました [シナリオ名: ログイン]
[ADMIN] 05:00:16.570116 シナリオ走行を終了しました [シナリオ名: 新規ユーザー登録]
[ADMIN] 05:00:16.570158 シナリオ走行を開始しました [シナリオ名: 新規ユーザー登録]
[ADMIN] 05:00:16.570194 シナリオ走行を開始しました [シナリオ名: 新規ユーザー登録]
[ADMIN] 05:00:16.570224 シナリオ走行を開始しました [シナリオ名: 新規ユーザー登録]
[ADMIN] 05:00:16.570333 シナリオ走行を開始しました [シナリオ名: 新規ユーザー登録]
[ADMIN] 05:00:16.570339 シナリオ走行を開始しました [シナリオ名: 新規ユーザー登録]
[ADMIN] 05:00:16.570355 シナリオ走行を開始しました [シナリオ名: 新規ユーザー登録]
[ADMIN] 05:00:16.570430 シナリオ走行を開始しました [シナリオ名: 新規ユーザー登録]
[ADMIN] 05:00:16.570457 シナリオ走行を開始しました [シナリオ名: 新規ユーザー登録]
[ADMIN] 05:00:16.570435 シナリオ走行を開始しました [シナリオ名: 新規ユーザー登録]
[ADMIN] 05:00:16.584005 シナリオ走行を終了しました [シナリオ名: Banユーザログイン]
[ADMIN] 05:00:16.584029 シナリオ走行を開始しました [シナリオ名: Banユーザログイン]
[ADMIN] 05:00:16.586514 シナリオ走行を終了しました [シナリオ名: Banユーザログイン]
[ADMIN] 05:00:16.586535 シナリオ走行を開始しました [シナリオ名: Banユーザログイン]
[ADMIN] 05:00:16.586541 シナリオ走行を開始しました [シナリオ名: Banユーザログイン]
[ADMIN] 05:00:16.586547 シナリオ走行を開始しました [シナリオ名: Banユーザログイン]
[ADMIN] 05:00:16.629115 シナリオ走行を終了しました [シナリオ名: ログイン]
[ADMIN] 05:00:16.673439 シナリオ走行を終了しました [シナリオ名: Banユーザログイン]
[ADMIN] 05:00:16.726781 シナリオ走行を終了しました [シナリオ名: Banユーザログイン]
[ADMIN] 05:00:16.827370 シナリオ走行を終了しました [シナリオ名: ログイン]
[ADMIN] 05:00:16.883292 シナリオ走行を終了しました [シナリオ名: Banユーザログイン]
[ADMIN] 05:00:16.919333 シナリオ走行を終了しました [シナリオ名: ログイン]
[ADMIN] 05:00:16.919397 シナリオ走行を終了しました [シナリオ名: ログイン]
[ADMIN] 05:00:16.953995 シナリオ走行を終了しました [シナリオ名: 新規ユーザー登録]
[ADMIN] 05:00:17.004632 シナリオ走行を終了しました [シナリオ名: 新規ユーザー登録]
[ADMIN] 05:00:17.120021 シナリオ走行を終了しました [シナリオ名: 新規ユーザー登録]
[ADMIN] 05:00:17.130842 シナリオ走行を終了しました [シナリオ名: Banユーザログイン]
[ADMIN] 05:00:17.138325 シナリオ走行を終了しました [シナリオ名: Banユーザログイン]
[ADMIN] 05:00:17.142893 シナリオ走行を終了しました [シナリオ名: 新規ユーザー登録]
[ADMIN] 05:00:17.169160 シナリオ走行を終了しました [シナリオ名: ログイン]
[ADMIN] 05:00:17.169378 シナリオ走行を終了しました [シナリオ名: 新規ユーザー登録]
[ADMIN] 05:00:17.171419 シナリオ走行を終了しました [シナリオ名: Banユーザログイン]
[ADMIN] 05:00:17.180209 シナリオ走行を終了しました [シナリオ名: Banユーザログイン]
[ADMIN] 05:00:17.209914 シナリオ走行を終了しました [シナリオ名: 新規ユーザー登録]
[ADMIN] 05:00:17.236564 シナリオ走行を終了しました [シナリオ名: Banユーザログイン]
[ADMIN] 05:00:17.236588 シナリオ走行を開始しました [シナリオ名: Banユーザログイン]
[ADMIN] 05:00:17.236591 シナリオ走行を開始しました [シナリオ名: Banユーザログイン]
[ADMIN] 05:00:17.236600 シナリオ走行を開始しました [シナリオ名: Banユーザログイン]
[ADMIN] 05:00:17.236666 シナリオ走行を開始しました [シナリオ名: Banユーザログイン]
[ADMIN] 05:00:17.236743 シナリオ走行を開始しました [シナリオ名: Banユーザログイン]
[ADMIN] 05:00:17.236588 シナリオ走行を開始しました [シナリオ名: Banユーザログイン]
[ADMIN] 05:00:17.236590 シナリオ走行を開始しました [シナリオ名: Banユーザログイン]
[ADMIN] 05:00:17.236749 シナリオ走行を開始しました [シナリオ名: Banユーザログイン]
[ADMIN] 05:00:17.239244 シナリオ走行を終了しました [シナリオ名: ログイン]
[ADMIN] 05:00:17.264992 シナリオ走行を終了しました [シナリオ名: Banユーザログイン]
[ADMIN] 05:00:17.265004 シナリオ走行を開始しました [シナリオ名: Banユーザログイン]
[ADMIN] 05:00:17.301904 シナリオ走行を終了しました [シナリオ名: ログイン]
[ADMIN] 05:00:17.336418 シナリオ走行を終了しました [シナリオ名: Banユーザログイン]
[ADMIN] 05:00:17.336440 シナリオ走行を開始しました [シナリオ名: Banユーザログイン]
[ADMIN] 05:00:17.372139 シナリオ走行を終了しました [シナリオ名: ログイン]
[ADMIN] 05:00:17.378101 シナリオ走行を終了しました [シナリオ名: ログイン]
[ADMIN] 05:00:17.391205 シナリオ走行を終了しました [シナリオ名: ログイン]
[ADMIN] 05:00:17.397422 シナリオ走行を終了しました [シナリオ名: ログイン]
[ADMIN] 05:00:17.412673 シナリオ走行を終了しました [シナリオ名: ログイン]
[ADMIN] 05:00:17.419604 シナリオ走行を終了しました [シナリオ名: 新規ユーザー登録]
[ADMIN] 05:00:17.420328 シナリオ走行を終了しました [シナリオ名: 新規ユーザー登録]
[ADMIN] 05:00:17.432105 シナリオ走行を終了しました [シナリオ名: 新規ユーザー登録]
[ADMIN] 05:00:17.433704 シナリオ走行を終了しました [シナリオ名: ログイン]
[ADMIN] 05:00:17.459056 シナリオ走行を終了しました [シナリオ名: 新規ユーザー登録]
[ADMIN] 05:00:17.488296 シナリオ走行を終了しました [シナリオ名: ログイン]
[ADMIN] 05:00:17.489209 シナリオ走行を終了しました [シナリオ名: ログイン]
[ADMIN] 05:00:17.489820 シナリオ走行を終了しました [シナリオ名: ログイン]
[ADMIN] 05:00:17.502238 シナリオ走行を終了しました [シナリオ名: 新規ユーザー登録]
[ADMIN] 05:00:17.527018 シナリオ走行を終了しました [シナリオ名: ログイン]
[ADMIN] 05:00:17.527771 シナリオ走行を終了しました [シナリオ名: ログイン]
[ADMIN] 05:00:17.535699 シナリオ走行を終了しました [シナリオ名: ログイン]
[ADMIN] 05:00:17.587059 シナリオ走行を終了しました [シナリオ名: ログイン]
[ADMIN] 05:00:17.607297 シナリオ走行を終了しました [シナリオ名: ログイン]
[ADMIN] 05:00:17.607580 シナリオ走行を終了しました [シナリオ名: ログイン]
[ADMIN] 05:00:17.674256 シナリオ走行を終了しました [シナリオ名: ログイン]
[ADMIN] 05:00:17.709438 シナリオ走行を終了しました [シナリオ名: ログイン]
[ADMIN] 05:00:17.737579 シナリオ走行を終了しました [シナリオ名: ログイン]
[ADMIN] 05:00:17.745810 シナリオ走行を終了しました [シナリオ名: ログイン]
[ADMIN] 05:00:17.773198 シナリオ走行を終了しました [シナリオ名: ログイン]
[ADMIN] 05:00:17.774195 シナリオ走行を終了しました [シナリオ名: Banユーザログイン]
[ADMIN] 05:00:17.774217 シナリオ走行を開始しました [シナリオ名: Banユーザログイン]
[ADMIN] 05:00:17.780692 シナリオ走行を終了しました [シナリオ名: Banユーザログイン]
[ADMIN] 05:00:17.780707 シナリオ走行を開始しました [シナリオ名: Banユーザログイン]
[ADMIN] 05:00:17.798172 シナリオ走行を終了しました [シナリオ名: Banユーザログイン]
[ADMIN] 05:00:17.798201 シナリオ走行を開始しました [シナリオ名: Banユーザログイン]
[ADMIN] 05:00:17.800707 シナリオ走行を終了しました [シナリオ名: Banユーザログイン]
[ADMIN] 05:00:17.800730 シナリオ走行を開始しました [シナリオ名: Banユーザログイン]
[ADMIN] 05:00:17.804194 シナリオ走行を終了しました [シナリオ名: Banユーザログイン]
[ADMIN] 05:00:17.804212 シナリオ走行を開始しました [シナリオ名: Banユーザログイン]
[ADMIN] 05:00:17.805613 シナリオ走行を終了しました [シナリオ名: Banユーザログイン]
[ADMIN] 05:00:17.805627 シナリオ走行を開始しました [シナリオ名: Banユーザログイン]
[ADMIN] 05:00:17.812575 シナリオ走行を終了しました [シナリオ名: Banユーザログイン]
[ADMIN] 05:00:17.812593 シナリオ走行を開始しました [シナリオ名: Banユーザログイン]
[ADMIN] 05:00:17.817068 シナリオ走行を終了しました [シナリオ名: Banユーザログイン]
[ADMIN] 05:00:17.817087 シナリオ走行を開始しました [シナリオ名: Banユーザログイン]
[ADMIN] 05:00:17.819033 シナリオ走行を終了しました [シナリオ名: ログイン]
[ADMIN] 05:00:17.823000 シナリオ走行を終了しました [シナリオ名: Banユーザログイン]
[ADMIN] 05:00:17.823014 シナリオ走行を開始しました [シナリオ名: Banユーザログイン]
[ADMIN] 05:00:17.892195 シナリオ走行を終了しました [シナリオ名: ログイン]
[ADMIN] 05:00:17.910591 シナリオ走行を終了しました [シナリオ名: 新規ユーザー登録]
[ADMIN] 05:00:17.913695 シナリオ走行を終了しました [シナリオ名: Banユーザログイン]
[ADMIN] 05:00:17.913714 シナリオ走行を開始しました [シナリオ名: Banユーザログイン]
[ADMIN] 05:00:17.928763 シナリオ走行を終了しました [シナリオ名: ログイン]
[ADMIN] 05:00:17.956853 シナリオ走行を終了しました [シナリオ名: ログイン]
[ADMIN] 05:00:17.958226 シナリオ走行を終了しました [シナリオ名: ログイン]
[ADMIN] 05:00:17.976748 シナリオ走行を終了しました [シナリオ名: ログイン]
[ADMIN] 05:00:18.009146 シナリオ走行を終了しました [シナリオ名: ログイン]
[ADMIN] 05:00:18.059950 シナリオ走行を終了しました [シナリオ名: ログイン]
[ADMIN] 05:00:18.090717 シナリオ走行を終了しました [シナリオ名: ログイン]
[ADMIN] 05:00:18.214950 シナリオ走行を終了しました [シナリオ名: ログイン]
[ADMIN] 05:00:18.214993 シナリオ走行を開始しました [シナリオ名: ログイン]
[ADMIN] 05:00:18.215008 シナリオ走行を開始しました [シナリオ名: ログイン]
[ADMIN] 05:00:18.215018 シナリオ走行を開始しました [シナリオ名: ログイン]
[ADMIN] 05:00:18.215050 シナリオ走行を開始しました [シナリオ名: ログイン]
[ADMIN] 05:00:18.215161 シナリオ走行を開始しました [シナリオ名: ログイン]
[ADMIN] 05:00:18.215164 シナリオ走行を開始しました [シナリオ名: ログイン]
[ADMIN] 05:00:18.215174 シナリオ走行を開始しました [シナリオ名: ログイン]
[ADMIN] 05:00:18.215178 シナリオ走行を開始しました [シナリオ名: ログイン]
[ADMIN] 05:00:18.215260 シナリオ走行を開始しました [シナリオ名: ログイン]
[ADMIN] 05:00:18.215265 シナリオ走行を開始しました [シナリオ名: ログイン]
[ADMIN] 05:00:18.215270 シナリオ走行を開始しました [シナリオ名: ログイン]
[ADMIN] 05:00:18.215283 シナリオ走行を開始しました [シナリオ名: ログイン]
[ADMIN] 05:00:18.215163 シナリオ走行を開始しました [シナリオ名: ログイン]
[ADMIN] 05:00:18.215373 シナリオ走行を開始しました [シナリオ名: ログイン]
[ADMIN] 05:00:18.215392 シナリオ走行を開始しました [シナリオ名: ログイン]
[ADMIN] 05:00:18.215394 シナリオ走行を開始しました [シナリオ名: ログイン]
[ADMIN] 05:00:18.215269 シナリオ走行を開始しました [シナリオ名: ログイン]
[ADMIN] 05:00:18.215485 シナリオ走行を開始しました [シナリオ名: ログイン]
[ADMIN] 05:00:18.215489 シナリオ走行を開始しました [シナリオ名: ログイン]
[ADMIN] 05:00:18.215500 シナリオ走行を開始しました [シナリオ名: ログイン]
[ADMIN] 05:00:18.215550 シナリオ走行を開始しました [シナリオ名: ログイン]
[ADMIN] 05:00:18.215566 シナリオ走行を開始しました [シナリオ名: ログイン]
[ADMIN] 05:00:18.215617 シナリオ走行を開始しました [シナリオ名: ログイン]
[ADMIN] 05:00:18.215267 シナリオ走行を開始しました [シナリオ名: ログイン]
[ADMIN] 05:00:18.215628 シナリオ走行を開始しました [シナリオ名: ログイン]
[ADMIN] 05:00:18.215656 シナリオ走行を開始しました [シナリオ名: ログイン]
[ADMIN] 05:00:18.215720 シナリオ走行を開始しました [シナリオ名: ログイン]
[ADMIN] 05:00:18.215722 シナリオ走行を開始しました [シナリオ名: ログイン]
[ADMIN] 05:00:18.215161 シナリオ走行を開始しました [シナリオ名: ログイン]
[ADMIN] 05:00:18.215393 シナリオ走行を開始しました [シナリオ名: ログイン]
[ADMIN] 05:00:18.215839 シナリオ走行を開始しました [シナリオ名: ログイン]
[ADMIN] 05:00:18.215847 シナリオ走行を開始しました [シナリオ名: ログイン]
[ADMIN] 05:00:18.215871 シナリオ走行を開始しました [シナリオ名: ログイン]
[ADMIN] 05:00:18.215619 シナリオ走行を開始しました [シナリオ名: ログイン]
[ADMIN] 05:00:18.215935 シナリオ走行を開始しました [シナリオ名: ログイン]
[ADMIN] 05:00:18.215936 シナリオ走行を開始しました [シナリオ名: ログイン]
[ADMIN] 05:00:18.215876 シナリオ走行を開始しました [シナリオ名: ログイン]
[ADMIN] 05:00:18.215874 シナリオ走行を開始しました [シナリオ名: ログイン]
[ADMIN] 05:00:18.248013 シナリオ走行を終了しました [シナリオ名: ログイン]
[ADMIN] 05:00:18.248026 シナリオ走行を開始しました [シナリオ名: ログイン]
[ADMIN] 05:00:18.260264 シナリオ走行を終了しました [シナリオ名: ログイン]
[ADMIN] 05:00:18.336247 シナリオ走行を終了しました [シナリオ名: ログイン]
[ADMIN] 05:00:18.340529 シナリオ走行を終了しました [シナリオ名: ログイン]
[ADMIN] 05:00:18.370495 シナリオ走行を終了しました [シナリオ名: Banユーザログイン]
[ADMIN] 05:00:18.370530 シナリオ走行を開始しました [シナリオ名: Banユーザログイン]
[ADMIN] 05:00:18.382050 シナリオ走行を終了しました [シナリオ名: Banユーザログイン]
[ADMIN] 05:00:18.382068 シナリオ走行を開始しました [シナリオ名: Banユーザログイン]
[ADMIN] 05:00:18.383931 シナリオ走行を終了しました [シナリオ名: Banユーザログイン]
[ADMIN] 05:00:18.383943 シナリオ走行を開始しました [シナリオ名: Banユーザログイン]
[ADMIN] 05:00:18.389397 シナリオ走行を終了しました [シナリオ名: Banユーザログイン]
[ADMIN] 05:00:18.389408 シナリオ走行を開始しました [シナリオ名: Banユーザログイン]
[ADMIN] 05:00:18.389536 シナリオ走行を終了しました [シナリオ名: Banユーザログイン]
[ADMIN] 05:00:18.389551 シナリオ走行を開始しました [シナリオ名: Banユーザログイン]
[ADMIN] 05:00:18.390903 シナリオ走行を終了しました [シナリオ名: Banユーザログイン]
[ADMIN] 05:00:18.390915 シナリオ走行を開始しました [シナリオ名: Banユーザログイン]
[ADMIN] 05:00:18.392271 シナリオ走行を終了しました [シナリオ名: Banユーザログイン]
[ADMIN] 05:00:18.392283 シナリオ走行を開始しました [シナリオ名: Banユーザログイン]
[ADMIN] 05:00:18.409344 シナリオ走行を終了しました [シナリオ名: Banユーザログイン]
[ADMIN] 05:00:18.409360 シナリオ走行を開始しました [シナリオ名: Banユーザログイン]
[ADMIN] 05:00:18.447476 シナリオ走行を終了しました [シナリオ名: Banユーザログイン]
[ADMIN] 05:00:18.447494 シナリオ走行を開始しました [シナリオ名: Banユーザログイン]
[ADMIN] 05:00:18.463823 シナリオ走行を終了しました [シナリオ名: Banユーザログイン]
[ADMIN] 05:00:18.463849 シナリオ走行を開始しました [シナリオ名: Banユーザログイン]
[ADMIN] 05:00:18.486525 シナリオ走行を終了しました [シナリオ名: ログイン]
[ADMIN] 05:00:18.552911 シナリオ走行を終了しました [シナリオ名: ログイン]
[ADMIN] 05:00:18.552928 シナリオ走行を開始しました [シナリオ名: ログイン]
[ADMIN] 05:00:18.552975 シナリオ走行を開始しました [シナリオ名: ログイン]
[ADMIN] 05:00:18.552996 シナリオ走行を開始しました [シナリオ名: ログイン]
[ADMIN] 05:00:18.553051 シナリオ走行を開始しました [シナリオ名: ログイン]
[ADMIN] 05:00:18.553066 シナリオ走行を開始しました [シナリオ名: ログイン]
[ADMIN] 05:00:18.806378 シナリオ走行を終了しました [シナリオ名: ログイン]
[ADMIN] 05:00:18.806394 シナリオ走行を開始しました [シナリオ名: ログイン]
[ADMIN] 05:00:18.818505 シナリオ走行を終了しました [シナリオ名: ログイン]
[ADMIN] 05:00:18.860929 シナリオ走行を終了しました [シナリオ名: ログイン]
[ADMIN] 05:00:18.871634 シナリオ走行を終了しました [シナリオ名: ログイン]
[ADMIN] 05:00:18.949658 シナリオ走行を終了しました [シナリオ名: ログイン]
[ADMIN] 05:00:18.963592 シナリオ走行を終了しました [シナリオ名: Banユーザログイン]
[ADMIN] 05:00:18.963608 シナリオ走行を開始しました [シナリオ名: Banユーザログイン]
[ADMIN] 05:00:18.989635 シナリオ走行を終了しました [シナリオ名: 新規ユーザー登録]
[ADMIN] 05:00:19.000358 シナリオ走行を終了しました [シナリオ名: ログイン]
[ADMIN] 05:00:19.000370 シナリオ走行を開始しました [シナリオ名: ログイン]
[ADMIN] 05:00:19.000427 シナリオ走行を開始しました [シナリオ名: ログイン]
[ADMIN] 05:00:19.000437 シナリオ走行を開始しました [シナリオ名: ログイン]
[ADMIN] 05:00:19.000488 シナリオ走行を開始しました [シナリオ名: ログイン]
[ADMIN] 05:00:19.000517 シナリオ走行を開始しました [シナリオ名: ログイン]
[ADMIN] 05:00:19.033521 シナリオ走行を終了しました [シナリオ名: Banユーザログイン]
[ADMIN] 05:00:19.033539 シナリオ走行を開始しました [シナリオ名: Banユーザログイン]
[ADMIN] 05:00:19.042912 シナリオ走行を終了しました [シナリオ名: ログイン]
[ADMIN] 05:00:19.042922 シナリオ走行を開始しました [シナリオ名: ログイン]
[ADMIN] 05:00:19.047358 シナリオ走行を終了しました [シナリオ名: Banユーザログイン]
[ADMIN] 05:00:19.047370 シナリオ走行を開始しました [シナリオ名: Banユーザログイン]
[ADMIN] 05:00:19.061422 シナリオ走行を終了しました [シナリオ名: Banユーザログイン]
[ADMIN] 05:00:19.061434 シナリオ走行を開始しました [シナリオ名: Banユーザログイン]
[ADMIN] 05:00:19.073682 シナリオ走行を終了しました [シナリオ名: ログイン]
[ADMIN] 05:00:19.079245 シナリオ走行を終了しました [シナリオ名: Banユーザログイン]
[ADMIN] 05:00:19.079260 シナリオ走行を開始しました [シナリオ名: Banユーザログイン]
[ADMIN] 05:00:19.080306 シナリオ走行を終了しました [シナリオ名: ログイン]
[ADMIN] 05:00:19.080317 シナリオ走行を開始しました [シナリオ名: ログイン]
[ADMIN] 05:00:19.080324 シナリオ走行を開始しました [シナリオ名: ログイン]
[ADMIN] 05:00:19.083502 シナリオ走行を終了しました [シナリオ名: Banユーザログイン]
[ADMIN] 05:00:19.083511 シナリオ走行を開始しました [シナリオ名: Banユーザログイン]
[ADMIN] 05:00:19.085259 シナリオ走行を終了しました [シナリオ名: ログイン]
[ADMIN] 05:00:19.085261 シナリオ走行を終了しました [シナリオ名: Banユーザログイン]
[ADMIN] 05:00:19.085273 シナリオ走行を開始しました [シナリオ名: Banユーザログイン]
[ADMIN] 05:00:19.093467 シナリオ走行を終了しました [シナリオ名: ログイン]
[ADMIN] 05:00:19.100043 シナリオ走行を終了しました [シナリオ名: Banユーザログイン]
[ADMIN] 05:00:19.100057 シナリオ走行を開始しました [シナリオ名: Banユーザログイン]
[ADMIN] 05:00:19.102269 シナリオ走行を終了しました [シナリオ名: ログイン]
[ADMIN] 05:00:19.109396 シナリオ走行を終了しました [シナリオ名: ログイン]
[ADMIN] 05:00:19.109410 シナリオ走行を開始しました [シナリオ名: ログイン]
[ADMIN] 05:00:19.109468 シナリオ走行を開始しました [シナリオ名: ログイン]
[ADMIN] 05:00:19.109476 シナリオ走行を開始しました [シナリオ名: ログイン]
[ADMIN] 05:00:19.109509 シナリオ走行を開始しました [シナリオ名: ログイン]
[ADMIN] 05:00:19.126257 シナリオ走行を終了しました [シナリオ名: Banユーザログイン]
[ADMIN] 05:00:19.126272 シナリオ走行を開始しました [シナリオ名: Banユーザログイン]
[ADMIN] 05:00:19.129312 シナリオ走行を終了しました [シナリオ名: ログイン]
[ADMIN] 05:00:19.129323 シナリオ走行を開始しました [シナリオ名: ログイン]
[ADMIN] 05:00:19.148418 シナリオ走行を終了しました [シナリオ名: Banユーザログイン]
[ADMIN] 05:00:19.148434 シナリオ走行を開始しました [シナリオ名: Banユーザログイン]
[ADMIN] 05:00:19.148847 シナリオ走行を終了しました [シナリオ名: ログイン]
[ADMIN] 05:00:19.148857 シナリオ走行を開始しました [シナリオ名: ログイン]
[ADMIN] 05:00:19.149462 シナリオ走行を終了しました [シナリオ名: ログイン]
[ADMIN] 05:00:19.169363 シナリオ走行を終了しました [シナリオ名: ログイン]
[ADMIN] 05:00:19.169375 シナリオ走行を開始しました [シナリオ名: ログイン]
[ADMIN] 05:00:19.169377 シナリオ走行を開始しました [シナリオ名: ログイン]
[ADMIN] 05:00:19.251559 シナリオ走行を終了しました [シナリオ名: ログイン]
[ADMIN] 05:00:19.251573 シナリオ走行を開始しました [シナリオ名: ログイン]
[ADMIN] 05:00:19.263817 シナリオ走行を終了しました [シナリオ名: ログイン]
[ADMIN] 05:00:19.263827 シナリオ走行を開始しました [シナリオ名: ログイン]
[ADMIN] 05:00:19.273399 シナリオ走行を終了しました [シナリオ名: ログイン]
[ADMIN] 05:00:19.273409 シナリオ走行を開始しました [シナリオ名: ログイン]
[ADMIN] 05:00:19.317002 シナリオ走行を終了しました [シナリオ名: 新規ユーザー登録]
[ADMIN] 05:00:19.342664 シナリオ走行を終了しました [シナリオ名: 新規ユーザー登録]
[ADMIN] 05:00:19.342709 シナリオ走行を開始しました [シナリオ名: 新規ユーザー登録]
[ADMIN] 05:00:19.342716 シナリオ走行を開始しました [シナリオ名: 新規ユーザー登録]
[ADMIN] 05:00:19.342716 シナリオ走行を開始しました [シナリオ名: 新規ユーザー登録]
[ADMIN] 05:00:19.342796 シナリオ走行を開始しました [シナリオ名: 新規ユーザー登録]
[ADMIN] 05:00:19.342709 シナリオ走行を開始しました [シナリオ名: 新規ユーザー登録]
[ADMIN] 05:00:19.342858 シナリオ走行を開始しました [シナリオ名: 新規ユーザー登録]
[ADMIN] 05:00:19.342871 シナリオ走行を開始しました [シナリオ名: 新規ユーザー登録]
[ADMIN] 05:00:19.342851 シナリオ走行を開始しました [シナリオ名: 新規ユーザー登録]
[ADMIN] 05:00:19.342948 シナリオ走行を開始しました [シナリオ名: 新規ユーザー登録]
[ADMIN] 05:00:19.342980 シナリオ走行を開始しました [シナリオ名: 新規ユーザー登録]
[ADMIN] 05:00:19.343022 シナリオ走行を開始しました [シナリオ名: 新規ユーザー登録]
[ADMIN] 05:00:19.343031 シナリオ走行を開始しました [シナリオ名: 新規ユーザー登録]
[ADMIN] 05:00:19.342709 シナリオ走行を開始しました [シナリオ名: 新規ユーザー登録]
[ADMIN] 05:00:19.343121 シナリオ走行を開始しました [シナリオ名: 新規ユーザー登録]
[ADMIN] 05:00:19.343125 シナリオ走行を開始しました [シナリオ名: 新規ユーザー登録]
[ADMIN] 05:00:19.406240 シナリオ走行を終了しました [シナリオ名: ログイン]
[ADMIN] 05:00:19.528192 シナリオ走行を終了しました [シナリオ名: Banユーザログイン]
[ADMIN] 05:00:19.528216 シナリオ走行を開始しました [シナリオ名: Banユーザログイン]
[ADMIN] 05:00:19.577397 シナリオ走行を終了しました [シナリオ名: Banユーザログイン]
[ADMIN] 05:00:19.577422 シナリオ走行を開始しました [シナリオ名: Banユーザログイン]
[ADMIN] 05:00:19.614120 シナリオ走行を終了しました [シナリオ名: Banユーザログイン]
[ADMIN] 05:00:19.614154 シナリオ走行を開始しました [シナリオ名: Banユーザログイン]
[ADMIN] 05:00:19.616667 シナリオ走行を終了しました [シナリオ名: Banユーザログイン]
[ADMIN] 05:00:19.616683 シナリオ走行を開始しました [シナリオ名: Banユーザログイン]
[ADMIN] 05:00:19.621370 シナリオ走行を終了しました [シナリオ名: Banユーザログイン]
[ADMIN] 05:00:19.621384 シナリオ走行を開始しました [シナリオ名: Banユーザログイン]
[ADMIN] 05:00:19.634080 シナリオ走行を終了しました [シナリオ名: Banユーザログイン]
[ADMIN] 05:00:19.634099 シナリオ走行を開始しました [シナリオ名: Banユーザログイン]
[ADMIN] 05:00:19.637697 シナリオ走行を終了しました [シナリオ名: Banユーザログイン]
[ADMIN] 05:00:19.637711 シナリオ走行を開始しました [シナリオ名: Banユーザログイン]
[ADMIN] 05:00:19.639673 シナリオ走行を終了しました [シナリオ名: Banユーザログイン]
[ADMIN] 05:00:19.639687 シナリオ走行を開始しました [シナリオ名: Banユーザログイン]
[ADMIN] 05:00:19.664189 シナリオ走行を終了しました [シナリオ名: 新規ユーザー登録]
[ADMIN] 05:00:19.684756 シナリオ走行を終了しました [シナリオ名: Banユーザログイン]
[ADMIN] 05:00:19.684772 シナリオ走行を開始しました [シナリオ名: Banユーザログイン]
[ADMIN] 05:00:19.751311 シナリオ走行を終了しました [シナリオ名: Banユーザログイン]
[ADMIN] 05:00:19.751326 シナリオ走行を開始しました [シナリオ名: Banユーザログイン]
[ADMIN] 05:00:19.759201 シナリオ走行を終了しました [シナリオ名: ログイン]
[ADMIN] 05:00:19.759219 シナリオ走行を開始しました [シナリオ名: ログイン]
[ADMIN] 05:00:19.759242 シナリオ走行を開始しました [シナリオ名: ログイン]
[ADMIN] 05:00:19.985214 シナリオ走行を終了しました [シナリオ名: ログイン]
[ADMIN] 05:00:19.985230 シナリオ走行を開始しました [シナリオ名: ログイン]
[ADMIN] 05:00:20.011798 シナリオ走行を終了しました [シナリオ名: 新規ユーザー登録]
[ADMIN] 05:00:20.108400 シナリオ走行を終了しました [シナリオ名: 新規ユーザー登録]
[ADMIN] 05:00:20.128595 シナリオ走行を終了しました [シナリオ名: 新規ユーザー登録]
[ADMIN] 05:00:20.128623 シナリオ走行を開始しました [シナリオ名: 新規ユーザー登録]
[ADMIN] 05:00:20.128654 シナリオ走行を開始しました [シナリオ名: 新規ユーザー登録]
[ADMIN] 05:00:20.128724 シナリオ走行を開始しました [シナリオ名: 新規ユーザー登録]
[ADMIN] 05:00:20.128736 シナリオ走行を開始しました [シナリオ名: 新規ユーザー登録]
[ADMIN] 05:00:20.148748 シナリオ走行を終了しました [シナリオ名: 新規ユーザー登録]
[ADMIN] 05:00:20.189819 シナリオ走行を終了しました [シナリオ名: 新規ユーザー登録]
[ADMIN] 05:00:20.199151 シナリオ走行を終了しました [シナリオ名: Banユーザログイン]
[ADMIN] 05:00:20.199169 シナリオ走行を開始しました [シナリオ名: Banユーザログイン]
[ADMIN] 05:00:20.219699 シナリオ走行を終了しました [シナリオ名: Banユーザログイン]
[ADMIN] 05:00:20.219713 シナリオ走行を開始しました [シナリオ名: Banユーザログイン]
[ADMIN] 05:00:20.221141 シナリオ走行を終了しました [シナリオ名: Banユーザログイン]
[ADMIN] 05:00:20.221154 シナリオ走行を開始しました [シナリオ名: Banユーザログイン]
[ADMIN] 05:00:20.229402 シナリオ走行を終了しました [シナリオ名: 新規ユーザー登録]
[ADMIN] 05:00:20.229422 シナリオ走行を開始しました [シナリオ名: 新規ユーザー登録]
[ADMIN] 05:00:20.229485 シナリオ走行を開始しました [シナリオ名: 新規ユーザー登録]
[ADMIN] 05:00:20.229505 シナリオ走行を開始しました [シナリオ名: 新規ユーザー登録]
[ADMIN] 05:00:20.230858 シナリオ走行を終了しました [シナリオ名: Banユーザログイン]
[ADMIN] 05:00:20.230871 シナリオ走行を開始しました [シナリオ名: Banユーザログイン]
[ADMIN] 05:00:20.238428 シナリオ走行を終了しました [シナリオ名: Banユーザログイン]
[ADMIN] 05:00:20.238441 シナリオ走行を開始しました [シナリオ名: Banユーザログイン]
[ADMIN] 05:00:20.248860 シナリオ走行を終了しました [シナリオ名: Banユーザログイン]
[ADMIN] 05:00:20.248875 シナリオ走行を開始しました [シナリオ名: Banユーザログイン]
[ADMIN] 05:00:20.259946 シナリオ走行を終了しました [シナリオ名: 新規ユーザー登録]
[ADMIN] 05:00:20.269597 シナリオ走行を終了しました [シナリオ名: Banユーザログイン]
[ADMIN] 05:00:20.269613 シナリオ走行を開始しました [シナリオ名: Banユーザログイン]
[ADMIN] 05:00:20.269963 シナリオ走行を終了しました [シナリオ名: Banユーザログイン]
[ADMIN] 05:00:20.269981 シナリオ走行を開始しました [シナリオ名: Banユーザログイン]
[ADMIN] 05:00:20.289053 シナリオ走行を終了しました [シナリオ名: Banユーザログイン]
[ADMIN] 05:00:20.289067 シナリオ走行を開始しました [シナリオ名: Banユーザログイン]
[ADMIN] 05:00:20.311904 シナリオ走行を終了しました [シナリオ名: Banユーザログイン]
[ADMIN] 05:00:20.311922 シナリオ走行を開始しました [シナリオ名: Banユーザログイン]
[ADMIN] 05:00:20.327713 シナリオ走行を終了しました [シナリオ名: ログイン]
[ADMIN] 05:00:20.327734 シナリオ走行を開始しました [シナリオ名: ログイン]
[ADMIN] 05:00:20.442427 シナリオ走行を終了しました [シナリオ名: ログイン]
[ADMIN] 05:00:20.442440 シナリオ走行を開始しました [シナリオ名: ログイン]
[ADMIN] 05:00:20.458012 シナリオ走行を終了しました [シナリオ名: 新規ユーザー登録]
[ADMIN] 05:00:20.476471 シナリオ走行を終了しました [シナリオ名: ログイン]
[ADMIN] 05:00:20.476484 シナリオ走行を開始しました [シナリオ名: ログイン]
[ADMIN] 05:00:20.524985 シナリオ走行を終了しました [シナリオ名: 新規ユーザー登録]
[ADMIN] 05:00:20.558503 シナリオ走行を終了しました [シナリオ名: ログイン]
[ADMIN] 05:00:20.558517 シナリオ走行を開始しました [シナリオ名: ログイン]
[ADMIN] 05:00:20.585050 シナリオ走行を終了しました [シナリオ名: 新規ユーザー登録]
[ADMIN] 05:00:20.585078 シナリオ走行を開始しました [シナリオ名: 新規ユーザー登録]
[ADMIN] 05:00:20.585126 シナリオ走行を開始しました [シナリオ名: 新規ユーザー登録]
[ADMIN] 05:00:20.585155 シナリオ走行を開始しました [シナリオ名: 新規ユーザー登録]
[ADMIN] 05:00:20.585198 シナリオ走行を開始しました [シナリオ名: 新規ユーザー登録]
[ADMIN] 05:00:20.627378 シナリオ走行を終了しました [シナリオ名: ログイン]
[ADMIN] 05:00:20.627393 シナリオ走行を開始しました [シナリオ名: ログイン]
[ADMIN] 05:00:20.630487 シナリオ走行を終了しました [シナリオ名: 新規ユーザー登録]
[ADMIN] 05:00:20.630508 シナリオ走行を開始しました [シナリオ名: 新規ユーザー登録]
[ADMIN] 05:00:20.665402 シナリオ走行を終了しました [シナリオ名: 新規ユーザー登録]
[ADMIN] 05:00:20.665425 シナリオ走行を開始しました [シナリオ名: 新規ユーザー登録]
[ADMIN] 05:00:20.761489 シナリオ走行を終了しました [シナリオ名: Banユーザログイン]
[ADMIN] 05:00:20.761515 シナリオ走行を開始しました [シナリオ名: Banユーザログイン]
[ADMIN] 05:00:20.767312 シナリオ走行を終了しました [シナリオ名: ログイン]
[ADMIN] 05:00:20.767323 シナリオ走行を開始しました [シナリオ名: ログイン]
[ADMIN] 05:00:20.789864 シナリオ走行を終了しました [シナリオ名: 新規ユーザー登録]
[ADMIN] 05:00:20.799855 シナリオ走行を終了しました [シナリオ名: 新規ユーザー登録]
[ADMIN] 05:00:20.799881 シナリオ走行を開始しました [シナリオ名: 新規ユーザー登録]
[ADMIN] 05:00:20.799934 シナリオ走行を開始しました [シナリオ名: 新規ユーザー登録]
[ADMIN] 05:00:20.808365 シナリオ走行を終了しました [シナリオ名: Banユーザログイン]
[ADMIN] 05:00:20.808381 シナリオ走行を開始しました [シナリオ名: Banユーザログイン]
[ADMIN] 05:00:20.816788 シナリオ走行を終了しました [シナリオ名: 新規ユーザー登録]
[ADMIN] 05:00:20.827589 シナリオ走行を終了しました [シナリオ名: 新規ユーザー登録]
[ADMIN] 05:00:20.833824 シナリオ走行を終了しました [シナリオ名: Banユーザログイン]
[ADMIN] 05:00:20.833839 シナリオ走行を開始しました [シナリオ名: Banユーザログイン]
[ADMIN] 05:00:20.862266 シナリオ走行を終了しました [シナリオ名: ログイン]
[ADMIN] 05:00:20.862277 シナリオ走行を開始しました [シナリオ名: ログイン]
[ADMIN] 05:00:20.868616 シナリオ走行を終了しました [シナリオ名: Banユーザログイン]
[ADMIN] 05:00:20.868628 シナリオ走行を開始しました [シナリオ名: Banユーザログイン]
[ADMIN] 05:00:20.918352 シナリオ走行を終了しました [シナリオ名: 新規ユーザー登録]
[ADMIN] 05:00:20.918383 シナリオ走行を開始しました [シナリオ名: 新規ユーザー登録]
[ADMIN] 05:00:20.918451 シナリオ走行を開始しました [シナリオ名: 新規ユーザー登録]
[ADMIN] 05:00:20.918458 シナリオ走行を開始しました [シナリオ名: 新規ユーザー登録]
[ADMIN] 05:00:20.935319 シナリオ走行を終了しました [シナリオ名: Banユーザログイン]
[ADMIN] 05:00:20.935339 シナリオ走行を開始しました [シナリオ名: Banユーザログイン]
[ADMIN] 05:00:20.938752 シナリオ走行を終了しました [シナリオ名: Banユーザログイン]
[ADMIN] 05:00:20.938767 シナリオ走行を開始しました [シナリオ名: Banユーザログイン]
[ADMIN] 05:00:20.944231 シナリオ走行を終了しました [シナリオ名: Banユーザログイン]
[ADMIN] 05:00:20.944249 シナリオ走行を開始しました [シナリオ名: Banユーザログイン]
[ADMIN] 05:00:20.956875 シナリオ走行を終了しました [シナリオ名: 新規ユーザー登録]
[ADMIN] 05:00:20.956896 シナリオ走行を開始しました [シナリオ名: 新規ユーザー登録]
[ADMIN] 05:00:20.960301 シナリオ走行を終了しました [シナリオ名: 新規ユーザー登録]
[ADMIN] 05:00:20.979864 シナリオ走行を終了しました [シナリオ名: Banユーザログイン]
[ADMIN] 05:00:20.979881 シナリオ走行を開始しました [シナリオ名: Banユーザログイン]
[ADMIN] 05:00:20.983897 シナリオ走行を終了しました [シナリオ名: 新規ユーザー登録]
[ADMIN] 05:00:20.999481 シナリオ走行を終了しました [シナリオ名: ログイン]
[ADMIN] 05:00:20.999492 シナリオ走行を開始しました [シナリオ名: ログイン]
[ADMIN] 05:00:20.999542 シナリオ走行を終了しました [シナリオ名: ログイン]
[ADMIN] 05:00:20.999557 シナリオ走行を開始しました [シナリオ名: ログイン]
[ADMIN] 05:00:21.025550 シナリオ走行を終了しました [シナリオ名: Banユーザログイン]
[ADMIN] 05:00:21.025567 シナリオ走行を開始しました [シナリオ名: Banユーザログイン]
[ADMIN] 05:00:21.051438 シナリオ走行を終了しました [シナリオ名: ログイン]
[ADMIN] 05:00:21.051448 シナリオ走行を開始しました [シナリオ名: ログイン]
[ADMIN] 05:00:21.075251 シナリオ走行を終了しました [シナリオ名: Banユーザログイン]
[ADMIN] 05:00:21.075269 シナリオ走行を開始しました [シナリオ名: Banユーザログイン]
[ADMIN] 05:00:21.090362 シナリオ走行を終了しました [シナリオ名: 新規ユーザー登録]
[ADMIN] 05:00:21.099449 シナリオ走行を終了しました [シナリオ名: ログイン]
[ADMIN] 05:00:21.099460 シナリオ走行を開始しました [シナリオ名: ログイン]
[ADMIN] 05:00:21.129708 シナリオ走行を終了しました [シナリオ名: ログイン]
[ADMIN] 05:00:21.129723 シナリオ走行を開始しました [シナリオ名: ログイン]
[ADMIN] 05:00:21.139869 シナリオ走行を終了しました [シナリオ名: ログイン]
[ADMIN] 05:00:21.139883 シナリオ走行を開始しました [シナリオ名: ログイン]
[ADMIN] 05:00:21.141576 シナリオ走行を終了しました [シナリオ名: ログイン]
[ADMIN] 05:00:21.141586 シナリオ走行を開始しました [シナリオ名: ログイン]
[ADMIN] 05:00:21.145439 シナリオ走行を終了しました [シナリオ名: ログイン]
[ADMIN] 05:00:21.145449 シナリオ走行を開始しました [シナリオ名: ログイン]
[ADMIN] 05:00:21.253715 シナリオ走行を終了しました [シナリオ名: ログイン]
[ADMIN] 05:00:21.253730 シナリオ走行を開始しました [シナリオ名: ログイン]
[ADMIN] 05:00:21.271558 シナリオ走行を終了しました [シナリオ名: ログイン]
[ADMIN] 05:00:21.271572 シナリオ走行を開始しました [シナリオ名: ログイン]
[ADMIN] 05:00:21.328602 シナリオ走行を終了しました [シナリオ名: ログイン]
[ADMIN] 05:00:21.328619 シナリオ走行を開始しました [シナリオ名: ログイン]
[ADMIN] 05:00:21.332823 シナリオ走行を終了しました [シナリオ名: Banユーザログイン]
[ADMIN] 05:00:21.332844 シナリオ走行を開始しました [シナリオ名: Banユーザログイン]
[ADMIN] 05:00:21.344285 シナリオ走行を終了しました [シナリオ名: ログイン]
[ADMIN] 05:00:21.344298 シナリオ走行を開始しました [シナリオ名: ログイン]
[ADMIN] 05:00:21.345107 シナリオ走行を終了しました [シナリオ名: ログイン]
[ADMIN] 05:00:21.345116 シナリオ走行を開始しました [シナリオ名: ログイン]
[ADMIN] 05:00:21.378354 シナリオ走行を終了しました [シナリオ名: ログイン]
[ADMIN] 05:00:21.378368 シナリオ走行を開始しました [シナリオ名: ログイン]
[ADMIN] 05:00:21.391438 シナリオ走行を終了しました [シナリオ名: ログイン]
[ADMIN] 05:00:21.391450 シナリオ走行を開始しました [シナリオ名: ログイン]
[ADMIN] 05:00:21.407221 シナリオ走行を終了しました [シナリオ名: ログイン]
[ADMIN] 05:00:21.407232 シナリオ走行を開始しました [シナリオ名: ログイン]
[ADMIN] 05:00:21.408600 シナリオ走行を終了しました [シナリオ名: Banユーザログイン]
[ADMIN] 05:00:21.408608 シナリオ走行を開始しました [シナリオ名: Banユーザログイン]
[ADMIN] 05:00:21.434187 シナリオ走行を終了しました [シナリオ名: Banユーザログイン]
[ADMIN] 05:00:21.434209 シナリオ走行を開始しました [シナリオ名: Banユーザログイン]
[ADMIN] 05:00:21.435744 シナリオ走行を終了しました [シナリオ名: ログイン]
[ADMIN] 05:00:21.435752 シナリオ走行を開始しました [シナリオ名: ログイン]
[ADMIN] 05:00:21.437787 シナリオ走行を終了しました [シナリオ名: ログイン]
[ADMIN] 05:00:21.437794 シナリオ走行を開始しました [シナリオ名: ログイン]
[ADMIN] 05:00:21.446691 シナリオ走行を終了しました [シナリオ名: ログイン]
[ADMIN] 05:00:21.446703 シナリオ走行を開始しました [シナリオ名: ログイン]
[ADMIN] 05:00:21.464151 シナリオ走行を終了しました [シナリオ名: Banユーザログイン]
[ADMIN] 05:00:21.464166 シナリオ走行を開始しました [シナリオ名: Banユーザログイン]
[ADMIN] 05:00:21.486939 シナリオ走行を終了しました [シナリオ名: ログイン]
[ADMIN] 05:00:21.486955 シナリオ走行を開始しました [シナリオ名: ログイン]
[ADMIN] 05:00:21.516827 シナリオ走行を終了しました [シナリオ名: ログイン]
[ADMIN] 05:00:21.516840 シナリオ走行を開始しました [シナリオ名: ログイン]
[ADMIN] 05:00:21.519348 シナリオ走行を終了しました [シナリオ名: ログイン]
[ADMIN] 05:00:21.519366 シナリオ走行を開始しました [シナリオ名: ログイン]
[ADMIN] 05:00:21.520747 シナリオ走行を終了しました [シナリオ名: Banユーザログイン]
[ADMIN] 05:00:21.520760 シナリオ走行を開始しました [シナリオ名: Banユーザログイン]
[ADMIN] 05:00:21.533793 シナリオ走行を終了しました [シナリオ名: ログイン]
[ADMIN] 05:00:21.533804 シナリオ走行を開始しました [シナリオ名: ログイン]
[ADMIN] 05:00:21.542212 シナリオ走行を終了しました [シナリオ名: Banユーザログイン]
[ADMIN] 05:00:21.542230 シナリオ走行を開始しました [シナリオ名: Banユーザログイン]
[ADMIN] 05:00:21.551288 シナリオ走行を終了しました [シナリオ名: Banユーザログイン]
[ADMIN] 05:00:21.551303 シナリオ走行を開始しました [シナリオ名: Banユーザログイン]
[ADMIN] 05:00:21.581926 シナリオ走行を終了しました [シナリオ名: Banユーザログイン]
[ADMIN] 05:00:21.581938 シナリオ走行を開始しました [シナリオ名: Banユーザログイン]
[ADMIN] 05:00:21.603581 シナリオ走行を終了しました [シナリオ名: ログイン]
[ADMIN] 05:00:21.603593 シナリオ走行を開始しました [シナリオ名: ログイン]
[ADMIN] 05:00:21.605745 シナリオ走行を終了しました [シナリオ名: ログイン]
[ADMIN] 05:00:21.605756 シナリオ走行を開始しました [シナリオ名: ログイン]
[ADMIN] 05:00:21.616155 シナリオ走行を終了しました [シナリオ名: ログイン]
[ADMIN] 05:00:21.616166 シナリオ走行を開始しました [シナリオ名: ログイン]
[ADMIN] 05:00:21.675872 シナリオ走行を終了しました [シナリオ名: ログイン]
[ADMIN] 05:00:21.675888 シナリオ走行を開始しました [シナリオ名: ログイン]
[ADMIN] 05:00:21.685401 シナリオ走行を終了しました [シナリオ名: Banユーザログイン]
[ADMIN] 05:00:21.685413 シナリオ走行を開始しました [シナリオ名: Banユーザログイン]
[ADMIN] 05:00:21.686432 シナリオ走行を終了しました [シナリオ名: ログイン]
[ADMIN] 05:00:21.686441 シナリオ走行を開始しました [シナリオ名: ログイン]
[ADMIN] 05:00:21.697754 シナリオ走行を終了しました [シナリオ名: ログイン]
[ADMIN] 05:00:21.697766 シナリオ走行を開始しました [シナリオ名: ログイン]
[ADMIN] 05:00:21.714649 シナリオ走行を終了しました [シナリオ名: ログイン]
[ADMIN] 05:00:21.714660 シナリオ走行を開始しました [シナリオ名: ログイン]
[ADMIN] 05:00:21.745756 シナリオ走行を終了しました [シナリオ名: ログイン]
[ADMIN] 05:00:21.745771 シナリオ走行を開始しました [シナリオ名: ログイン]
[ADMIN] 05:00:21.778573 シナリオ走行を終了しました [シナリオ名: Banユーザログイン]
[ADMIN] 05:00:21.778591 シナリオ走行を開始しました [シナリオ名: Banユーザログイン]
[ADMIN] 05:00:21.793249 シナリオ走行を終了しました [シナリオ名: ログイン]
[ADMIN] 05:00:21.793261 シナリオ走行を開始しました [シナリオ名: ログイン]
[ADMIN] 05:00:21.828901 シナリオ走行を終了しました [シナリオ名: ログイン]
[ADMIN] 05:00:21.828919 シナリオ走行を開始しました [シナリオ名: ログイン]
[ADMIN] 05:00:21.876148 シナリオ走行を終了しました [シナリオ名: ログイン]
[ADMIN] 05:00:21.876165 シナリオ走行を開始しました [シナリオ名: ログイン]
[ADMIN] 05:00:21.892288 シナリオ走行を終了しました [シナリオ名: ログイン]
[ADMIN] 05:00:21.892302 シナリオ走行を開始しました [シナリオ名: ログイン]
[ADMIN] 05:00:21.901551 シナリオ走行を終了しました [シナリオ名: ログイン]
[ADMIN] 05:00:21.901561 シナリオ走行を開始しました [シナリオ名: ログイン]
[ADMIN] 05:00:21.906996 シナリオ走行を終了しました [シナリオ名: ログイン]
[ADMIN] 05:00:21.907013 シナリオ走行を開始しました [シナリオ名: ログイン]
[ADMIN] 05:00:21.936770 シナリオ走行を終了しました [シナリオ名: ログイン]
[ADMIN] 05:00:21.936781 シナリオ走行を開始しました [シナリオ名: ログイン]
[ADMIN] 05:00:21.941619 シナリオ走行を終了しました [シナリオ名: ログイン]
[ADMIN] 05:00:21.941629 シナリオ走行を開始しました [シナリオ名: ログイン]
[ADMIN] 05:00:21.979139 シナリオ走行を終了しました [シナリオ名: ログイン]
[ADMIN] 05:00:21.979149 シナリオ走行を開始しました [シナリオ名: ログイン]
[ADMIN] 05:00:21.989952 シナリオ走行を終了しました [シナリオ名: ログイン]
[ADMIN] 05:00:21.989963 シナリオ走行を開始しました [シナリオ名: ログイン]
[ADMIN] 05:00:22.031800 シナリオ走行を終了しました [シナリオ名: ログイン]
[ADMIN] 05:00:22.031811 シナリオ走行を開始しました [シナリオ名: ログイン]
[ADMIN] 05:00:22.043228 シナリオ走行を終了しました [シナリオ名: Banユーザログイン]
[ADMIN] 05:00:22.043244 シナリオ走行を開始しました [シナリオ名: Banユーザログイン]
[ADMIN] 05:00:22.045460 シナリオ走行を終了しました [シナリオ名: ログイン]
[ADMIN] 05:00:22.045471 シナリオ走行を開始しました [シナリオ名: ログイン]
[ADMIN] 05:00:22.055854 シナリオ走行を終了しました [シナリオ名: Banユーザログイン]
[ADMIN] 05:00:22.055872 シナリオ走行を開始しました [シナリオ名: Banユーザログイン]
[ADMIN] 05:00:22.095210 シナリオ走行を終了しました [シナリオ名: Banユーザログイン]
[ADMIN] 05:00:22.095233 シナリオ走行を開始しました [シナリオ名: Banユーザログイン]
[ADMIN] 05:00:22.115123 シナリオ走行を終了しました [シナリオ名: Banユーザログイン]
[ADMIN] 05:00:22.115139 シナリオ走行を開始しました [シナリオ名: Banユーザログイン]
[ADMIN] 05:00:22.134214 シナリオ走行を終了しました [シナリオ名: Banユーザログイン]
[ADMIN] 05:00:22.134257 シナリオ走行を開始しました [シナリオ名: Banユーザログイン]
[ADMIN] 05:00:22.143875 シナリオ走行を終了しました [シナリオ名: ログイン]
[ADMIN] 05:00:22.143891 シナリオ走行を開始しました [シナリオ名: ログイン]
[ADMIN] 05:00:22.160527 シナリオ走行を終了しました [シナリオ名: Banユーザログイン]
[ADMIN] 05:00:22.160544 シナリオ走行を開始しました [シナリオ名: Banユーザログイン]
[ADMIN] 05:00:22.162298 シナリオ走行を終了しました [シナリオ名: Banユーザログイン]
[ADMIN] 05:00:22.162311 シナリオ走行を開始しました [シナリオ名: Banユーザログイン]
[ADMIN] 05:00:22.171206 シナリオ走行を終了しました [シナリオ名: ログイン]
[ADMIN] 05:00:22.171216 シナリオ走行を開始しました [シナリオ名: ログイン]
[ADMIN] 05:00:22.199678 シナリオ走行を終了しました [シナリオ名: ログイン]
[ADMIN] 05:00:22.199690 シナリオ走行を開始しました [シナリオ名: ログイン]
[ADMIN] 05:00:22.227127 シナリオ走行を終了しました [シナリオ名: Banユーザログイン]
[ADMIN] 05:00:22.227144 シナリオ走行を開始しました [シナリオ名: Banユーザログイン]
[ADMIN] 05:00:22.239911 シナリオ走行を終了しました [シナリオ名: ログイン]
[ADMIN] 05:00:22.239924 シナリオ走行を開始しました [シナリオ名: ログイン]
[ADMIN] 05:00:22.252817 シナリオ走行を終了しました [シナリオ名: Banユーザログイン]
[ADMIN] 05:00:22.252835 シナリオ走行を開始しました [シナリオ名: Banユーザログイン]
[ADMIN] 05:00:22.316097 シナリオ走行を終了しました [シナリオ名: ログイン]
[ADMIN] 05:00:22.316112 シナリオ走行を開始しました [シナリオ名: ログイン]
[ADMIN] 05:00:22.316585 シナリオ走行を終了しました [シナリオ名: ログイン]
[ADMIN] 05:00:22.316593 シナリオ走行を開始しました [シナリオ名: ログイン]
[ADMIN] 05:00:22.347511 シナリオ走行を終了しました [シナリオ名: ログイン]
[ADMIN] 05:00:22.347522 シナリオ走行を開始しました [シナリオ名: ログイン]
[ADMIN] 05:00:22.408782 シナリオ走行を終了しました [シナリオ名: Banユーザログイン]
[ADMIN] 05:00:22.408802 シナリオ走行を開始しました [シナリオ名: Banユーザログイン]
[ADMIN] 05:00:22.483267 シナリオ走行を終了しました [シナリオ名: ログイン]
[ADMIN] 05:00:22.483281 シナリオ走行を開始しました [シナリオ名: ログイン]
[ADMIN] 05:00:22.516123 シナリオ走行を終了しました [シナリオ名: ログイン]
[ADMIN] 05:00:22.516135 シナリオ走行を開始しました [シナリオ名: ログイン]
[ADMIN] 05:00:22.520551 シナリオ走行を終了しました [シナリオ名: ログイン]
[ADMIN] 05:00:22.520561 シナリオ走行を開始しました [シナリオ名: ログイン]
[ADMIN] 05:00:22.558882 シナリオ走行を終了しました [シナリオ名: ログイン]
[ADMIN] 05:00:22.558893 シナリオ走行を開始しました [シナリオ名: ログイン]
[ADMIN] 05:00:22.566004 シナリオ走行を終了しました [シナリオ名: ログイン]
[ADMIN] 05:00:22.566012 シナリオ走行を開始しました [シナリオ名: ログイン]
[ADMIN] 05:00:22.573457 シナリオ走行を終了しました [シナリオ名: Banユーザログイン]
[ADMIN] 05:00:22.573473 シナリオ走行を開始しました [シナリオ名: Banユーザログイン]
[ADMIN] 05:00:22.629097 シナリオ走行を終了しました [シナリオ名: ログイン]
[ADMIN] 05:00:22.629112 シナリオ走行を開始しました [シナリオ名: ログイン]
[ADMIN] 05:00:22.663717 シナリオ走行を終了しました [シナリオ名: Banユーザログイン]
[ADMIN] 05:00:22.663758 シナリオ走行を開始しました [シナリオ名: Banユーザログイン]
[ADMIN] 05:00:22.732146 シナリオ走行を終了しました [シナリオ名: Banユーザログイン]
[ADMIN] 05:00:22.732173 シナリオ走行を開始しました [シナリオ名: Banユーザログイン]
[ADMIN] 05:00:22.736681 シナリオ走行を終了しました [シナリオ名: Banユーザログイン]
[ADMIN] 05:00:22.736701 シナリオ走行を開始しました [シナリオ名: Banユーザログイン]
[ADMIN] 05:00:22.748189 シナリオ走行を終了しました [シナリオ名: Banユーザログイン]
[ADMIN] 05:00:22.748215 シナリオ走行を開始しました [シナリオ名: Banユーザログイン]
[ADMIN] 05:00:22.767872 シナリオ走行を終了しました [シナリオ名: ログイン]
[ADMIN] 05:00:22.767886 シナリオ走行を開始しました [シナリオ名: ログイン]
[ADMIN] 05:00:22.798647 シナリオ走行を終了しました [シナリオ名: Banユーザログイン]
[ADMIN] 05:00:22.798674 シナリオ走行を開始しました [シナリオ名: Banユーザログイン]
[ADMIN] 05:00:22.801317 シナリオ走行を終了しました [シナリオ名: Banユーザログイン]
[ADMIN] 05:00:22.801339 シナリオ走行を開始しました [シナリオ名: Banユーザログイン]
[ADMIN] 05:00:22.811844 シナリオ走行を終了しました [シナリオ名: ログイン]
[ADMIN] 05:00:22.811860 シナリオ走行を開始しました [シナリオ名: ログイン]
[ADMIN] 05:00:22.813224 シナリオ走行を終了しました [シナリオ名: ログイン]
[ADMIN] 05:00:22.813234 シナリオ走行を開始しました [シナリオ名: ログイン]
[ADMIN] 05:00:22.815684 シナリオ走行を終了しました [シナリオ名: Banユーザログイン]
[ADMIN] 05:00:22.815702 シナリオ走行を開始しました [シナリオ名: Banユーザログイン]
[ADMIN] 05:00:22.825836 シナリオ走行を終了しました [シナリオ名: Banユーザログイン]
[ADMIN] 05:00:22.825858 シナリオ走行を開始しました [シナリオ名: Banユーザログイン]
[ADMIN] 05:00:22.980145 シナリオ走行を終了しました [シナリオ名: Banユーザログイン]
[ADMIN] 05:00:22.980168 シナリオ走行を開始しました [シナリオ名: Banユーザログイン]
[ADMIN] 05:00:23.103768 シナリオ走行を終了しました [シナリオ名: 新規ユーザー登録]
[ADMIN] 05:00:23.103801 シナリオ走行を開始しました [シナリオ名: 新規ユーザー登録]
[ADMIN] 05:00:23.103850 シナリオ走行を開始しました [シナリオ名: 新規ユーザー登録]
[ADMIN] 05:00:23.103858 シナリオ走行を開始しました [シナリオ名: 新規ユーザー登録]
[ADMIN] 05:00:23.104022 シナリオ走行を開始しました [シナリオ名: 新規ユーザー登録]
[ADMIN] 05:00:23.126968 シナリオ走行を終了しました [シナリオ名: Banユーザログイン]
[ADMIN] 05:00:23.126995 シナリオ走行を開始しました [シナリオ名: Banユーザログイン]
[ADMIN] 05:00:23.305845 シナリオ走行を終了しました [シナリオ名: Banユーザログイン]
[ADMIN] 05:00:23.305866 シナリオ走行を開始しました [シナリオ名: Banユーザログイン]
[ADMIN] 05:00:23.350557 シナリオ走行を終了しました [シナリオ名: Banユーザログイン]
[ADMIN] 05:00:23.350569 シナリオ走行を終了しました [シナリオ名: Banユーザログイン]
[ADMIN] 05:00:23.350573 シナリオ走行を開始しました [シナリオ名: Banユーザログイン]
[ADMIN] 05:00:23.350575 シナリオ走行を開始しました [シナリオ名: Banユーザログイン]
[ADMIN] 05:00:23.404625 シナリオ走行を終了しました [シナリオ名: Banユーザログイン]
[ADMIN] 05:00:23.404652 シナリオ走行を開始しました [シナリオ名: Banユーザログイン]
[ADMIN] 05:00:23.410133 シナリオ走行を終了しました [シナリオ名: Banユーザログイン]
[ADMIN] 05:00:23.410150 シナリオ走行を開始しました [シナリオ名: Banユーザログイン]
[ADMIN] 05:00:23.427610 シナリオ走行を終了しました [シナリオ名: Banユーザログイン]
[ADMIN] 05:00:23.427627 シナリオ走行を開始しました [シナリオ名: Banユーザログイン]
[ADMIN] 05:00:23.433309 シナリオ走行を終了しました [シナリオ名: Banユーザログイン]
[ADMIN] 05:00:23.433324 シナリオ走行を開始しました [シナリオ名: Banユーザログイン]
[ADMIN] 05:00:23.522168 シナリオ走行を終了しました [シナリオ名: Banユーザログイン]
[ADMIN] 05:00:23.522189 シナリオ走行を開始しました [シナリオ名: Banユーザログイン]
[ADMIN] 05:00:23.524391 シナリオ走行を終了しました [シナリオ名: Banユーザログイン]
[ADMIN] 05:00:23.524407 シナリオ走行を開始しました [シナリオ名: Banユーザログイン]
[ADMIN] 05:00:23.534346 シナリオ走行を終了しました [シナリオ名: ログイン]
[ADMIN] 05:00:23.534360 シナリオ走行を開始しました [シナリオ名: ログイン]
[ADMIN] 05:00:23.534648 シナリオ走行を終了しました [シナリオ名: ログイン]
[ADMIN] 05:00:23.534660 シナリオ走行を開始しました [シナリオ名: ログイン]
[ADMIN] 05:00:23.542941 シナリオ走行を終了しました [シナリオ名: ログイン]
[ADMIN] 05:00:23.542953 シナリオ走行を開始しました [シナリオ名: ログイン]
[ADMIN] 05:00:23.615314 シナリオ走行を終了しました [シナリオ名: 新規ユーザー登録]
[ADMIN] 05:00:23.615343 シナリオ走行を開始しました [シナリオ名: 新規ユーザー登録]
[ADMIN] 05:00:23.669567 シナリオ走行を終了しました [シナリオ名: ログイン]
[ADMIN] 05:00:23.669584 シナリオ走行を開始しました [シナリオ名: ログイン]
[ADMIN] 05:00:23.680999 シナリオ走行を終了しました [シナリオ名: ログイン]
[ADMIN] 05:00:23.681014 シナリオ走行を開始しました [シナリオ名: ログイン]
[ADMIN] 05:00:23.684311 シナリオ走行を終了しました [シナリオ名: ログイン]
[ADMIN] 05:00:23.684321 シナリオ走行を開始しました [シナリオ名: ログイン]
[ADMIN] 05:00:23.802557 シナリオ走行を終了しました [シナリオ名: Banユーザログイン]
[ADMIN] 05:00:23.802577 シナリオ走行を開始しました [シナリオ名: Banユーザログイン]
[ADMIN] 05:00:23.874032 シナリオ走行を終了しました [シナリオ名: 新規ユーザー登録]
[ADMIN] 05:00:23.874067 シナリオ走行を開始しました [シナリオ名: 新規ユーザー登録]
[ADMIN] 05:00:23.892189 シナリオ走行を終了しました [シナリオ名: 新規ユーザー登録]
[ADMIN] 05:00:23.892211 シナリオ走行を開始しました [シナリオ名: 新規ユーザー登録]
[ADMIN] 05:00:23.936788 シナリオ走行を終了しました [シナリオ名: 新規ユーザー登録]
[ADMIN] 05:00:23.936814 シナリオ走行を開始しました [シナリオ名: 新規ユーザー登録]
[ADMIN] 05:00:23.944228 シナリオ走行を終了しました [シナリオ名: Banユーザログイン]
[ADMIN] 05:00:23.944243 シナリオ走行を開始しました [シナリオ名: Banユーザログイン]
[ADMIN] 05:00:23.973191 シナリオ走行を終了しました [シナリオ名: 新規ユーザー登録]
[ADMIN] 05:00:23.973210 シナリオ走行を開始しました [シナリオ名: 新規ユーザー登録]
[ADMIN] 05:00:23.977871 シナリオ走行を終了しました [シナリオ名: Banユーザログイン]
[ADMIN] 05:00:23.977886 シナリオ走行を開始しました [シナリオ名: Banユーザログイン]
[ADMIN] 05:00:23.979638 シナリオ走行を終了しました [シナリオ名: ログイン]
[ADMIN] 05:00:23.979646 シナリオ走行を開始しました [シナリオ名: ログイン]
[ADMIN] 05:00:23.987976 シナリオ走行を終了しました [シナリオ名: Banユーザログイン]
[ADMIN] 05:00:23.987989 シナリオ走行を開始しました [シナリオ名: Banユーザログイン]
[ADMIN] 05:00:23.997473 シナリオ走行を終了しました [シナリオ名: Banユーザログイン]
[ADMIN] 05:00:23.997489 シナリオ走行を開始しました [シナリオ名: Banユーザログイン]
[ADMIN] 05:00:23.997729 シナリオ走行を終了しました [シナリオ名: 新規ユーザー登録]
[ADMIN] 05:00:23.997747 シナリオ走行を開始しました [シナリオ名: 新規ユーザー登録]
[ADMIN] 05:00:23.998206 シナリオ走行を終了しました [シナリオ名: Banユーザログイン]
[ADMIN] 05:00:23.998219 シナリオ走行を開始しました [シナリオ名: Banユーザログイン]
[ADMIN] 05:00:23.998295 シナリオ走行を終了しました [シナリオ名: ログイン]
[ADMIN] 05:00:23.998303 シナリオ走行を開始しました [シナリオ名: ログイン]
[ADMIN] 05:00:24.015649 シナリオ走行を終了しました [シナリオ名: 新規ユーザー登録]
[ADMIN] 05:00:24.015669 シナリオ走行を開始しました [シナリオ名: 新規ユーザー登録]
[ADMIN] 05:00:24.029559 シナリオ走行を終了しました [シナリオ名: ログイン]
[ADMIN] 05:00:24.029568 シナリオ走行を開始しました [シナリオ名: ログイン]
[ADMIN] 05:00:24.043598 シナリオ走行を終了しました [シナリオ名: Banユーザログイン]
[ADMIN] 05:00:24.043611 シナリオ走行を開始しました [シナリオ名: Banユーザログイン]
[ADMIN] 05:00:24.089524 シナリオ走行を終了しました [シナリオ名: Banユーザログイン]
[ADMIN] 05:00:24.089544 シナリオ走行を開始しました [シナリオ名: Banユーザログイン]
[ADMIN] 05:00:24.095890 シナリオ走行を終了しました [シナリオ名: ログイン]
[ADMIN] 05:00:24.095905 シナリオ走行を開始しました [シナリオ名: ログイン]
[ADMIN] 05:00:24.098528 シナリオ走行を終了しました [シナリオ名: 新規ユーザー登録]
[ADMIN] 05:00:24.098546 シナリオ走行を開始しました [シナリオ名: 新規ユーザー登録]
[ADMIN] 05:00:24.129646 シナリオ走行を終了しました [シナリオ名: Banユーザログイン]
[ADMIN] 05:00:24.129672 シナリオ走行を開始しました [シナリオ名: Banユーザログイン]
[ADMIN] 05:00:24.139694 シナリオ走行を終了しました [シナリオ名: 新規ユーザー登録]
[ADMIN] 05:00:24.139720 シナリオ走行を開始しました [シナリオ名: 新規ユーザー登録]
[ADMIN] 05:00:24.141358 シナリオ走行を終了しました [シナリオ名: 新規ユーザー登録]
[ADMIN] 05:00:24.141382 シナリオ走行を開始しました [シナリオ名: 新規ユーザー登録]
[ADMIN] 05:00:24.166198 シナリオ走行を終了しました [シナリオ名: 新規ユーザー登録]
[ADMIN] 05:00:24.166226 シナリオ走行を開始しました [シナリオ名: 新規ユーザー登録]
[ADMIN] 05:00:24.166528 シナリオ走行を終了しました [シナリオ名: ログイン]
[ADMIN] 05:00:24.166542 シナリオ走行を開始しました [シナリオ名: ログイン]
[ADMIN] 05:00:24.180147 シナリオ走行を終了しました [シナリオ名: ログイン]
[ADMIN] 05:00:24.180163 シナリオ走行を開始しました [シナリオ名: ログイン]
[ADMIN] 05:00:24.189744 シナリオ走行を終了しました [シナリオ名: ログイン]
[ADMIN] 05:00:24.189761 シナリオ走行を開始しました [シナリオ名: ログイン]
[ADMIN] 05:00:24.205165 シナリオ走行を終了しました [シナリオ名: ログイン]
[ADMIN] 05:00:24.205180 シナリオ走行を開始しました [シナリオ名: ログイン]
[ADMIN] 05:00:24.210483 シナリオ走行を終了しました [シナリオ名: ログイン]
[ADMIN] 05:00:24.210499 シナリオ走行を開始しました [シナリオ名: ログイン]
[ADMIN] 05:00:24.239941 シナリオ走行を終了しました [シナリオ名: Banユーザログイン]
[ADMIN] 05:00:24.239966 シナリオ走行を開始しました [シナリオ名: Banユーザログイン]
[ADMIN] 05:00:24.285172 シナリオ走行を終了しました [シナリオ名: ログイン]
[ADMIN] 05:00:24.285192 シナリオ走行を開始しました [シナリオ名: ログイン]
[ADMIN] 05:00:24.290817 シナリオ走行を終了しました [シナリオ名: ログイン]
[ADMIN] 05:00:24.290834 シナリオ走行を開始しました [シナリオ名: ログイン]
[ADMIN] 05:00:24.297090 シナリオ走行を終了しました [シナリオ名: ログイン]
[ADMIN] 05:00:24.297104 シナリオ走行を開始しました [シナリオ名: ログイン]
[ADMIN] 05:00:24.303133 シナリオ走行を終了しました [シナリオ名: ログイン]
[ADMIN] 05:00:24.303152 シナリオ走行を開始しました [シナリオ名: ログイン]
[ADMIN] 05:00:24.305560 シナリオ走行を終了しました [シナリオ名: ログイン]
[ADMIN] 05:00:24.305575 シナリオ走行を開始しました [シナリオ名: ログイン]
[ADMIN] 05:00:24.321366 シナリオ走行を終了しました [シナリオ名: ログイン]
[ADMIN] 05:00:24.321382 シナリオ走行を開始しました [シナリオ名: ログイン]
[ADMIN] 05:00:24.336293 シナリオ走行を終了しました [シナリオ名: ログイン]
[ADMIN] 05:00:24.336308 シナリオ走行を開始しました [シナリオ名: ログイン]
[ADMIN] 05:00:24.364215 シナリオ走行を終了しました [シナリオ名: 新規ユーザー登録]
[ADMIN] 05:00:24.364246 シナリオ走行を開始しました [シナリオ名: 新規ユーザー登録]
[ADMIN] 05:00:24.393993 シナリオ走行を終了しました [シナリオ名: Banユーザログイン]
[ADMIN] 05:00:24.394017 シナリオ走行を開始しました [シナリオ名: Banユーザログイン]
[ADMIN] 05:00:24.403224 シナリオ走行を終了しました [シナリオ名: ログイン]
[ADMIN] 05:00:24.403245 シナリオ走行を開始しました [シナリオ名: ログイン]
[ADMIN] 05:00:24.403320 シナリオ走行を終了しました [シナリオ名: ログイン]
[ADMIN] 05:00:24.403338 シナリオ走行を開始しました [シナリオ名: ログイン]
[ADMIN] 05:00:24.433704 シナリオ走行を終了しました [シナリオ名: 新規ユーザー登録]
[ADMIN] 05:00:24.433730 シナリオ走行を開始しました [シナリオ名: 新規ユーザー登録]
[ADMIN] 05:00:24.464819 シナリオ走行を終了しました [シナリオ名: ログイン]
[ADMIN] 05:00:24.464835 シナリオ走行を開始しました [シナリオ名: ログイン]
[ADMIN] 05:00:24.474850 シナリオ走行を終了しました [シナリオ名: ログイン]
[ADMIN] 05:00:24.474864 シナリオ走行を開始しました [シナリオ名: ログイン]
[ADMIN] 05:00:24.501562 シナリオ走行を終了しました [シナリオ名: ログイン]
[ADMIN] 05:00:24.501576 シナリオ走行を開始しました [シナリオ名: ログイン]
[ADMIN] 05:00:24.504038 シナリオ走行を終了しました [シナリオ名: Banユーザログイン]
[ADMIN] 05:00:24.504059 シナリオ走行を開始しました [シナリオ名: Banユーザログイン]
[ADMIN] 05:00:24.505492 シナリオ走行を終了しました [シナリオ名: ログイン]
[ADMIN] 05:00:24.505502 シナリオ走行を開始しました [シナリオ名: ログイン]
[ADMIN] 05:00:24.505763 シナリオ走行を終了しました [シナリオ名: ログイン]
[ADMIN] 05:00:24.505771 シナリオ走行を開始しました [シナリオ名: ログイン]
[ADMIN] 05:00:24.526180 シナリオ走行を終了しました [シナリオ名: ログイン]
[ADMIN] 05:00:24.526197 シナリオ走行を開始しました [シナリオ名: ログイン]
[ADMIN] 05:00:24.528277 シナリオ走行を終了しました [シナリオ名: 新規ユーザー登録]
[ADMIN] 05:00:24.528302 シナリオ走行を開始しました [シナリオ名: 新規ユーザー登録]
[ADMIN] 05:00:24.534253 シナリオ走行を終了しました [シナリオ名: ログイン]
[ADMIN] 05:00:24.534267 シナリオ走行を開始しました [シナリオ名: ログイン]
[ADMIN] 05:00:24.538101 シナリオ走行を終了しました [シナリオ名: Banユーザログイン]
[ADMIN] 05:00:24.538121 シナリオ走行を開始しました [シナリオ名: Banユーザログイン]
[ADMIN] 05:00:24.546052 シナリオ走行を終了しました [シナリオ名: ログイン]
[ADMIN] 05:00:24.546070 シナリオ走行を開始しました [シナリオ名: ログイン]
[ADMIN] 05:00:24.582989 シナリオ走行を終了しました [シナリオ名: ログイン]
[ADMIN] 05:00:24.583003 シナリオ走行を開始しました [シナリオ名: ログイン]
[ADMIN] 05:00:24.585145 シナリオ走行を終了しました [シナリオ名: ログイン]
[ADMIN] 05:00:24.585160 シナリオ走行を開始しました [シナリオ名: ログイン]
[ADMIN] 05:00:24.593674 シナリオ走行を終了しました [シナリオ名: Banユーザログイン]
[ADMIN] 05:00:24.593702 シナリオ走行を開始しました [シナリオ名: Banユーザログイン]
[ADMIN] 05:00:24.595052 シナリオ走行を終了しました [シナリオ名: Banユーザログイン]
[ADMIN] 05:00:24.595068 シナリオ走行を開始しました [シナリオ名: Banユーザログイン]
[ADMIN] 05:00:24.605379 シナリオ走行を終了しました [シナリオ名: Banユーザログイン]
[ADMIN] 05:00:24.605414 シナリオ走行を開始しました [シナリオ名: Banユーザログイン]
[ADMIN] 05:00:24.620008 シナリオ走行を終了しました [シナリオ名: 新規ユーザー登録]
[ADMIN] 05:00:24.620036 シナリオ走行を開始しました [シナリオ名: 新規ユーザー登録]
[ADMIN] 05:00:24.625604 シナリオ走行を終了しました [シナリオ名: Banユーザログイン]
[ADMIN] 05:00:24.625628 シナリオ走行を開始しました [シナリオ名: Banユーザログイン]
[ADMIN] 05:00:24.638961 シナリオ走行を終了しました [シナリオ名: ログイン]
[ADMIN] 05:00:24.638977 シナリオ走行を開始しました [シナリオ名: ログイン]
[ADMIN] 05:00:24.653611 シナリオ走行を終了しました [シナリオ名: ログイン]
[ADMIN] 05:00:24.653626 シナリオ走行を開始しました [シナリオ名: ログイン]
[ADMIN] 05:00:24.653772 シナリオ走行を終了しました [シナリオ名: Banユーザログイン]
[ADMIN] 05:00:24.653781 シナリオ走行を開始しました [シナリオ名: Banユーザログイン]
[ADMIN] 05:00:24.664171 シナリオ走行を終了しました [シナリオ名: Banユーザログイン]
[ADMIN] 05:00:24.664198 シナリオ走行を開始しました [シナリオ名: Banユーザログイン]
[ADMIN] 05:00:24.711150 シナリオ走行を終了しました [シナリオ名: ログイン]
[ADMIN] 05:00:24.711164 シナリオ走行を開始しました [シナリオ名: ログイン]
[ADMIN] 05:00:24.716055 シナリオ走行を終了しました [シナリオ名: 新規ユーザー登録]
[ADMIN] 05:00:24.716080 シナリオ走行を開始しました [シナリオ名: 新規ユーザー登録]
[ADMIN] 05:00:24.797787 シナリオ走行を終了しました [シナリオ名: 新規ユーザー登録]
[ADMIN] 05:00:24.797813 シナリオ走行を開始しました [シナリオ名: 新規ユーザー登録]
[ADMIN] 05:00:24.820200 シナリオ走行を終了しました [シナリオ名: ログイン]
[ADMIN] 05:00:24.820215 シナリオ走行を開始しました [シナリオ名: ログイン]
[ADMIN] 05:00:24.846008 シナリオ走行を終了しました [シナリオ名: Banユーザログイン]
[ADMIN] 05:00:24.846029 シナリオ走行を開始しました [シナリオ名: Banユーザログイン]
[ADMIN] 05:00:24.848787 シナリオ走行を終了しました [シナリオ名: 新規ユーザー登録]
[ADMIN] 05:00:24.848812 シナリオ走行を開始しました [シナリオ名: 新規ユーザー登録]
[ADMIN] 05:00:24.873325 シナリオ走行を終了しました [シナリオ名: ログイン]
[ADMIN] 05:00:24.873346 シナリオ走行を開始しました [シナリオ名: ログイン]
[ADMIN] 05:00:24.906169 シナリオ走行を終了しました [シナリオ名: ログイン]
[ADMIN] 05:00:24.906187 シナリオ走行を開始しました [シナリオ名: ログイン]
[ADMIN] 05:00:24.906974 シナリオ走行を終了しました [シナリオ名: 新規ユーザー登録]
[ADMIN] 05:00:24.906997 シナリオ走行を開始しました [シナリオ名: 新規ユーザー登録]
[ADMIN] 05:00:24.929028 シナリオ走行を終了しました [シナリオ名: ログイン]
[ADMIN] 05:00:24.929045 シナリオ走行を開始しました [シナリオ名: ログイン]
[ADMIN] 05:00:24.933673 シナリオ走行を終了しました [シナリオ名: ログイン]
[ADMIN] 05:00:24.933685 シナリオ走行を開始しました [シナリオ名: ログイン]
[ADMIN] 05:00:25.013545 シナリオ走行を終了しました [シナリオ名: Banユーザログイン]
[ADMIN] 05:00:25.013566 シナリオ走行を開始しました [シナリオ名: Banユーザログイン]
[ADMIN] 05:00:25.013636 シナリオ走行を終了しました [シナリオ名: ログイン]
[ADMIN] 05:00:25.013648 シナリオ走行を開始しました [シナリオ名: ログイン]
[ADMIN] 05:00:25.041868 シナリオ走行を終了しました [シナリオ名: ログイン]
[ADMIN] 05:00:25.041885 シナリオ走行を開始しました [シナリオ名: ログイン]
[ADMIN] 05:00:25.068555 シナリオ走行を終了しました [シナリオ名: Banユーザログイン]
[ADMIN] 05:00:25.068575 シナリオ走行を開始しました [シナリオ名: Banユーザログイン]
[ADMIN] 05:00:25.081192 シナリオ走行を終了しました [シナリオ名: 新規ユーザー登録]
[ADMIN] 05:00:25.081218 シナリオ走行を開始しました [シナリオ名: 新規ユーザー登録]
[ADMIN] 05:00:25.086245 シナリオ走行を終了しました [シナリオ名: ログイン]
[ADMIN] 05:00:25.086261 シナリオ走行を開始しました [シナリオ名: ログイン]
[ADMIN] 05:00:25.126651 シナリオ走行を終了しました [シナリオ名: Banユーザログイン]
[ADMIN] 05:00:25.126679 シナリオ走行を開始しました [シナリオ名: Banユーザログイン]
[ADMIN] 05:00:25.134909 シナリオ走行を終了しました [シナリオ名: ログイン]
[ADMIN] 05:00:25.134925 シナリオ走行を開始しました [シナリオ名: ログイン]
[ADMIN] 05:00:25.150104 シナリオ走行を終了しました [シナリオ名: 新規ユーザー登録]
[ADMIN] 05:00:25.150136 シナリオ走行を開始しました [シナリオ名: 新規ユーザー登録]
[ADMIN] 05:00:25.151816 シナリオ走行を終了しました [シナリオ名: ログイン]
[ADMIN] 05:00:25.151834 シナリオ走行を開始しました [シナリオ名: ログイン]
[ADMIN] 05:00:25.162749 シナリオ走行を終了しました [シナリオ名: ログイン]
[ADMIN] 05:00:25.162764 シナリオ走行を開始しました [シナリオ名: ログイン]
[ADMIN] 05:00:25.195900 シナリオ走行を終了しました [シナリオ名: Banユーザログイン]
[ADMIN] 05:00:25.195921 シナリオ走行を開始しました [シナリオ名: Banユーザログイン]
[ADMIN] 05:00:25.200809 シナリオ走行を終了しました [シナリオ名: ログイン]
[ADMIN] 05:00:25.200823 シナリオ走行を開始しました [シナリオ名: ログイン]
[ADMIN] 05:00:25.207097 シナリオ走行を終了しました [シナリオ名: 新規ユーザー登録]
[ADMIN] 05:00:25.207122 シナリオ走行を開始しました [シナリオ名: 新規ユーザー登録]
[ADMIN] 05:00:25.212831 シナリオ走行を終了しました [シナリオ名: 新規ユーザー登録]
[ADMIN] 05:00:25.212856 シナリオ走行を開始しました [シナリオ名: 新規ユーザー登録]
[ADMIN] 05:00:25.236972 シナリオ走行を終了しました [シナリオ名: Banユーザログイン]
[ADMIN] 05:00:25.237001 シナリオ走行を開始しました [シナリオ名: Banユーザログイン]
[ADMIN] 05:00:25.261970 シナリオ走行を終了しました [シナリオ名: ログイン]
[ADMIN] 05:00:25.261984 シナリオ走行を開始しました [シナリオ名: ログイン]
[ADMIN] 05:00:25.263060 シナリオ走行を終了しました [シナリオ名: ログイン]
[ADMIN] 05:00:25.263072 シナリオ走行を開始しました [シナリオ名: ログイン]
[ADMIN] 05:00:25.277527 シナリオ走行を終了しました [シナリオ名: ログイン]
[ADMIN] 05:00:25.277543 シナリオ走行を開始しました [シナリオ名: ログイン]
[ADMIN] 05:00:25.281739 シナリオ走行を終了しました [シナリオ名: 新規ユーザー登録]
[ADMIN] 05:00:25.281765 シナリオ走行を開始しました [シナリオ名: 新規ユーザー登録]
[ADMIN] 05:00:25.286139 シナリオ走行を終了しました [シナリオ名: Banユーザログイン]
[ADMIN] 05:00:25.286160 シナリオ走行を開始しました [シナリオ名: Banユーザログイン]
[ADMIN] 05:00:25.289681 シナリオ走行を終了しました [シナリオ名: Banユーザログイン]
[ADMIN] 05:00:25.289703 シナリオ走行を開始しました [シナリオ名: Banユーザログイン]
[ADMIN] 05:00:25.300383 シナリオ走行を終了しました [シナリオ名: ログイン]
[ADMIN] 05:00:25.300402 シナリオ走行を開始しました [シナリオ名: ログイン]
[ADMIN] 05:00:25.319885 シナリオ走行を終了しました [シナリオ名: Banユーザログイン]
[ADMIN] 05:00:25.319910 シナリオ走行を開始しました [シナリオ名: Banユーザログイン]
[ADMIN] 05:00:25.333806 シナリオ走行を終了しました [シナリオ名: Banユーザログイン]
[ADMIN] 05:00:25.333830 シナリオ走行を開始しました [シナリオ名: Banユーザログイン]
[ADMIN] 05:00:25.334586 シナリオ走行を終了しました [シナリオ名: 新規ユーザー登録]
[ADMIN] 05:00:25.334608 シナリオ走行を開始しました [シナリオ名: 新規ユーザー登録]
[ADMIN] 05:00:25.335583 シナリオ走行を終了しました [シナリオ名: ログイン]
[ADMIN] 05:00:25.335595 シナリオ走行を開始しました [シナリオ名: ログイン]
[ADMIN] 05:00:25.345572 シナリオ走行を終了しました [シナリオ名: 新規ユーザー登録]
[ADMIN] 05:00:25.345599 シナリオ走行を開始しました [シナリオ名: 新規ユーザー登録]
[ADMIN] 05:00:25.406315 シナリオ走行を終了しました [シナリオ名: ログイン]
[ADMIN] 05:00:25.406332 シナリオ走行を開始しました [シナリオ名: ログイン]
[ADMIN] 05:00:25.451858 シナリオ走行を終了しました [シナリオ名: 新規ユーザー登録]
[ADMIN] 05:00:25.451885 シナリオ走行を開始しました [シナリオ名: 新規ユーザー登録]
[ADMIN] 05:00:25.464271 シナリオ走行を終了しました [シナリオ名: 新規ユーザー登録]
[ADMIN] 05:00:25.464296 シナリオ走行を開始しました [シナリオ名: 新規ユーザー登録]
[ADMIN] 05:00:25.470328 シナリオ走行を終了しました [シナリオ名: Banユーザログイン]
[ADMIN] 05:00:25.470352 シナリオ走行を開始しました [シナリオ名: Banユーザログイン]
[ADMIN] 05:00:25.492100 シナリオ走行を終了しました [シナリオ名: ログイン]
[ADMIN] 05:00:25.492118 シナリオ走行を開始しました [シナリオ名: ログイン]
[ADMIN] 05:00:25.589613 シナリオ走行を終了しました [シナリオ名: Banユーザログイン]
[ADMIN] 05:00:25.589637 シナリオ走行を開始しました [シナリオ名: Banユーザログイン]
[ADMIN] 05:00:25.620428 シナリオ走行を終了しました [シナリオ名: Banユーザログイン]
[ADMIN] 05:00:25.620447 シナリオ走行を開始しました [シナリオ名: Banユーザログイン]
[ADMIN] 05:00:25.636649 シナリオ走行を終了しました [シナリオ名: 新規ユーザー登録]
[ADMIN] 05:00:25.636680 シナリオ走行を開始しました [シナリオ名: 新規ユーザー登録]
[ADMIN] 05:00:25.650375 シナリオ走行を終了しました [シナリオ名: 新規ユーザー登録]
[ADMIN] 05:00:25.650401 シナリオ走行を開始しました [シナリオ名: 新規ユーザー登録]
[ADMIN] 05:00:25.664750 シナリオ走行を終了しました [シナリオ名: ログイン]
[ADMIN] 05:00:25.664765 シナリオ走行を開始しました [シナリオ名: ログイン]
[ADMIN] 05:00:25.690557 シナリオ走行を終了しました [シナリオ名: Banユーザログイン]
[ADMIN] 05:00:25.690585 シナリオ走行を開始しました [シナリオ名: Banユーザログイン]
[ADMIN] 05:00:25.713227 シナリオ走行を終了しました [シナリオ名: 新規ユーザー登録]
[ADMIN] 05:00:25.713255 シナリオ走行を開始しました [シナリオ名: 新規ユーザー登録]
[ADMIN] 05:00:25.726147 シナリオ走行を終了しました [シナリオ名: Banユーザログイン]
[ADMIN] 05:00:25.726173 シナリオ走行を開始しました [シナリオ名: Banユーザログイン]
[ADMIN] 05:00:25.747442 シナリオ走行を終了しました [シナリオ名: ログイン]
[ADMIN] 05:00:25.747457 シナリオ走行を開始しました [シナリオ名: ログイン]
[ADMIN] 05:00:25.798480 シナリオ走行を終了しました [シナリオ名: 新規ユーザー登録]
[ADMIN] 05:00:25.798509 シナリオ走行を開始しました [シナリオ名: 新規ユーザー登録]
[ADMIN] 05:00:25.806127 シナリオ走行を終了しました [シナリオ名: ログイン]
[ADMIN] 05:00:25.806140 シナリオ走行を開始しました [シナリオ名: ログイン]
[ADMIN] 05:00:25.840716 シナリオ走行を終了しました [シナリオ名: 新規ユーザー登録]
[ADMIN] 05:00:25.840745 シナリオ走行を開始しました [シナリオ名: 新規ユーザー登録]
[ADMIN] 05:00:25.852749 シナリオ走行を終了しました [シナリオ名: Banユーザログイン]
[ADMIN] 05:00:25.852772 シナリオ走行を開始しました [シナリオ名: Banユーザログイン]
[ADMIN] 05:00:25.863405 シナリオ走行を終了しました [シナリオ名: Banユーザログイン]
[ADMIN] 05:00:25.863427 シナリオ走行を開始しました [シナリオ名: Banユーザログイン]
[ADMIN] 05:00:25.890568 シナリオ走行を終了しました [シナリオ名: ログイン]
[ADMIN] 05:00:25.890585 シナリオ走行を開始しました [シナリオ名: ログイン]
[ADMIN] 05:00:25.916786 シナリオ走行を終了しました [シナリオ名: ログイン]
[ADMIN] 05:00:25.916806 シナリオ走行を開始しました [シナリオ名: ログイン]
[ADMIN] 05:00:25.919160 シナリオ走行を終了しました [シナリオ名: Banユーザログイン]
[ADMIN] 05:00:25.919178 シナリオ走行を開始しました [シナリオ名: Banユーザログイン]
[ADMIN] 05:00:25.994182 シナリオ走行を終了しました [シナリオ名: ログイン]
[ADMIN] 05:00:25.994199 シナリオ走行を開始しました [シナリオ名: ログイン]
[ADMIN] 05:00:26.002378 シナリオ走行を終了しました [シナリオ名: ログイン]
[ADMIN] 05:00:26.002394 シナリオ走行を開始しました [シナリオ名: ログイン]
[ADMIN] 05:00:26.005931 シナリオ走行を終了しました [シナリオ名: Banユーザログイン]
[ADMIN] 05:00:26.005948 シナリオ走行を終了しました [シナリオ名: Banユーザログイン]
[ADMIN] 05:00:26.005962 シナリオ走行を開始しました [シナリオ名: Banユーザログイン]
[ADMIN] 05:00:26.005951 シナリオ走行を開始しました [シナリオ名: Banユーザログイン]
[ADMIN] 05:00:26.080129 シナリオ走行を終了しました [シナリオ名: ログイン]
[ADMIN] 05:00:26.080143 シナリオ走行を開始しました [シナリオ名: ログイン]
[ADMIN] 05:00:26.097181 シナリオ走行を終了しました [シナリオ名: Banユーザログイン]
[ADMIN] 05:00:26.097206 シナリオ走行を開始しました [シナリオ名: Banユーザログイン]
[ADMIN] 05:00:26.115943 シナリオ走行を終了しました [シナリオ名: Banユーザログイン]
[ADMIN] 05:00:26.115966 シナリオ走行を開始しました [シナリオ名: Banユーザログイン]
[ADMIN] 05:00:26.149037 シナリオ走行を終了しました [シナリオ名: ログイン]
[ADMIN] 05:00:26.149053 シナリオ走行を開始しました [シナリオ名: ログイン]
[ADMIN] 05:00:26.183223 シナリオ走行を終了しました [シナリオ名: ログイン]
[ADMIN] 05:00:26.183238 シナリオ走行を開始しました [シナリオ名: ログイン]
[ADMIN] 05:00:26.231340 シナリオ走行を終了しました [シナリオ名: ログイン]
[ADMIN] 05:00:26.231357 シナリオ走行を開始しました [シナリオ名: ログイン]
[ADMIN] 05:00:26.237906 シナリオ走行を終了しました [シナリオ名: Banユーザログイン]
[ADMIN] 05:00:26.237939 シナリオ走行を開始しました [シナリオ名: Banユーザログイン]
[ADMIN] 05:00:26.292053 シナリオ走行を終了しました [シナリオ名: Banユーザログイン]
[ADMIN] 05:00:26.292082 シナリオ走行を開始しました [シナリオ名: Banユーザログイン]
[ADMIN] 05:00:26.359471 シナリオ走行を終了しました [シナリオ名: Banユーザログイン]
[ADMIN] 05:00:26.359496 シナリオ走行を開始しました [シナリオ名: Banユーザログイン]
05:00:26.413319 現在のログイン成功数: [total: 4720 (+1359人)]
05:00:26.413332 現在のユーザー登録成功数: [total: 2118 (+568人)]
05:00:26.414567 負荷走行がすべて終了しました
[ADMIN] 05:00:26.413436 シナリオ走行を終了しました [シナリオ名: Banユーザログイン]
[ADMIN] 05:00:26.413607 シナリオ走行を終了しました [シナリオ名: Banユーザログイン]
[ADMIN] 05:00:26.413705 シナリオ走行を終了しました [シナリオ名: Banユーザログイン]
[ADMIN] 05:00:26.413728 シナリオ走行を終了しました [シナリオ名: ログイン]
[ADMIN] 05:00:26.413974 シナリオ走行を終了しました [シナリオ名: ログイン]
[ADMIN] 05:00:26.414062 シナリオ走行を終了しました [シナリオ名: ログイン]
[ADMIN] 05:00:26.414199 シナリオ走行を終了しました [シナリオ名: ログイン]
[ADMIN] 05:00:26.413437 シナリオ走行を終了しました [シナリオ名: Banユーザログイン]
[ADMIN] 05:00:26.414543 シナリオ走行を終了しました [シナリオ名: ログイン]
[ADMIN] 05:00:26.414547 シナリオ走行を終了しました [シナリオ名: 新規ユーザー登録]
[ADMIN] 05:00:26.414570 負荷走行がすべて終了しました
[ADMIN] 05:00:26.414670 シナリオ走行を終了しました [シナリオ名: Banユーザログイン]
[ADMIN] 05:00:26.414678 シナリオ走行を終了しました [シナリオ名: ログイン]
[ADMIN] 05:00:26.414681 シナリオ走行を終了しました [シナリオ名: Banユーザログイン]
[ADMIN] 05:00:26.414686 シナリオ走行を終了しました [シナリオ名: Banユーザログイン]
[ADMIN] 05:00:26.414765 シナリオ走行を終了しました [シナリオ名: ログイン]
[ADMIN] 05:00:26.414864 シナリオ走行を終了しました [シナリオ名: ログイン]
[ADMIN] 05:00:26.414928 シナリオ走行を終了しました [シナリオ名: 新規ユーザー登録]
[ADMIN] 05:00:26.415067 シナリオ走行を終了しました [シナリオ名: 新規ユーザー登録]
[ADMIN] 05:00:26.415159 シナリオ走行を終了しました [シナリオ名: ログイン]
[ADMIN] 05:00:26.415160 シナリオ走行を終了しました [シナリオ名: ログイン]
[ADMIN] 05:00:26.415451 シナリオ走行を終了しました [シナリオ名: 新規ユーザー登録]
[ADMIN] 05:00:26.415484 シナリオ走行を終了しました [シナリオ名: ログイン]
[ADMIN] 05:00:26.415564 シナリオ走行を終了しました [シナリオ名: 新規ユーザー登録]
[ADMIN] 05:00:26.415645 シナリオ走行を終了しました [シナリオ名: 新規ユーザー登録]
[ADMIN] 05:00:26.415680 シナリオ走行を終了しました [シナリオ名: 新規ユーザー登録]
[ADMIN] 05:00:26.415707 シナリオ走行を終了しました [シナリオ名: 新規ユーザー登録]
[ADMIN] 05:00:26.415933 シナリオ走行を終了しました [シナリオ名: ログイン]
[ADMIN] 05:00:26.415965 シナリオ走行を終了しました [シナリオ名: 新規ユーザー登録]
[ADMIN] 05:00:26.415995 シナリオ走行を終了しました [シナリオ名: 新規ユーザー登録]
[ADMIN] 05:00:26.416033 シナリオ走行を終了しました [シナリオ名: ログイン]
[ADMIN] 05:00:26.416067 シナリオ走行を終了しました [シナリオ名: Banユーザログイン]
[ADMIN] 05:00:26.416294 シナリオ走行を終了しました [シナリオ名: ログイン]
[ADMIN] 05:00:26.416294 シナリオ走行を終了しました [シナリオ名: ログイン]
[ADMIN] 05:00:26.416347 シナリオ走行を終了しました [シナリオ名: 新規ユーザー登録]
[ADMIN] 05:00:26.416396 シナリオ走行を終了しました [シナリオ名: Banユーザログイン]
[ADMIN] 05:00:26.416504 シナリオ走行を終了しました [シナリオ名: 新規ユーザー登録]
[ADMIN] 05:00:26.416511 シナリオ走行を終了しました [シナリオ名: ログイン]
[ADMIN] 05:00:26.416619 シナリオ走行を終了しました [シナリオ名: ログイン]
[ADMIN] 05:00:26.416703 シナリオ走行を終了しました [シナリオ名: ログイン]
[ADMIN] 05:00:26.416725 シナリオ走行を終了しました [シナリオ名: ログイン]
[ADMIN] 05:00:26.416784 シナリオ走行を終了しました [シナリオ名: ログイン]
[ADMIN] 05:00:26.416796 シナリオ走行を終了しました [シナリオ名: 新規ユーザー登録]
[ADMIN] 05:00:26.416819 シナリオ走行を終了しました [シナリオ名: ログイン]
[ADMIN] 05:00:26.416850 シナリオ走行を終了しました [シナリオ名: ログイン]
[ADMIN] 05:00:26.416948 シナリオ走行を終了しました [シナリオ名: ログイン]
[ADMIN] 05:00:26.417059 シナリオ走行を終了しました [シナリオ名: ログイン]
[ADMIN] 05:00:26.417112 シナリオ走行を終了しました [シナリオ名: ログイン]
[ADMIN] 05:00:26.417154 シナリオ走行を終了しました [シナリオ名: ログイン]
[ADMIN] 05:00:26.417189 シナリオ走行を終了しました [シナリオ名: 新規ユーザー登録]
[ADMIN] 05:00:26.417247 シナリオ走行を終了しました [シナリオ名: 新規ユーザー登録]
[ADMIN] 05:00:26.417345 シナリオ走行を終了しました [シナリオ名: ログイン]
[ADMIN] 05:00:26.417353 シナリオ走行を終了しました [シナリオ名: 新規ユーザー登録]
[ADMIN] 05:00:26.417408 シナリオ走行を終了しました [シナリオ名: ログイン]
[ADMIN] 05:00:26.417423 シナリオ走行を終了しました [シナリオ名: ログイン]
[ADMIN] 05:00:26.417493 シナリオ走行を終了しました [シナリオ名: ログイン]
[ADMIN] 05:00:26.417651 シナリオ走行を終了しました [シナリオ名: ログイン]
[ADMIN] 05:00:26.417703 シナリオ走行を終了しました [シナリオ名: 新規ユーザー登録]
[ADMIN] 05:00:26.417704 シナリオ走行を終了しました [シナリオ名: 新規ユーザー登録]
[ADMIN] 05:00:26.417717 シナリオ走行を終了しました [シナリオ名: 新規ユーザー登録]
[ADMIN] 05:00:26.417792 シナリオ走行を終了しました [シナリオ名: ログイン]
[ADMIN] 05:00:26.417803 シナリオ走行を終了しました [シナリオ名: ログイン]
[ADMIN] 05:00:26.417860 シナリオ走行を終了しました [シナリオ名: ログイン]
[ADMIN] 05:00:26.417940 シナリオ走行を終了しました [シナリオ名: 新規ユーザー登録]
[ADMIN] 05:00:26.418004 シナリオ走行を終了しました [シナリオ名: ログイン]
[ADMIN] 05:00:26.418018 シナリオ走行を終了しました [シナリオ名: ログイン]
[ADMIN] 05:00:26.418085 シナリオ走行を終了しました [シナリオ名: 新規ユーザー登録]
[ADMIN] 05:00:26.418155 シナリオ走行を終了しました [シナリオ名: ログイン]
[ADMIN] 05:00:26.418249 シナリオ走行を終了しました [シナリオ名: 新規ユーザー登録]
[ADMIN] 05:00:26.418264 シナリオ走行を終了しました [シナリオ名: ログイン]
[ADMIN] 05:00:26.418342 シナリオ走行を終了しました [シナリオ名: ログイン]
[ADMIN] 05:00:26.418367 シナリオ走行を終了しました [シナリオ名: 新規ユーザー登録]
[ADMIN] 05:00:26.418398 シナリオ走行を終了しました [シナリオ名: 新規ユーザー登録]
[ADMIN] 05:00:26.418458 シナリオ走行を終了しました [シナリオ名: 新規ユーザー登録]
[ADMIN] 05:00:26.418499 シナリオ走行を終了しました [シナリオ名: ログイン]
[ADMIN] 05:00:26.418667 シナリオ走行を終了しました [シナリオ名: ログイン]
[ADMIN] 05:00:26.418678 シナリオ走行を終了しました [シナリオ名: 新規ユーザー登録]
[ADMIN] 05:00:26.418749 シナリオ走行を終了しました [シナリオ名: ログイン]
[ADMIN] 05:00:26.418839 シナリオ走行を終了しました [シナリオ名: 新規ユーザー登録]
[ADMIN] 05:00:26.418912 シナリオ走行を終了しました [シナリオ名: 新規ユーザー登録]
[ADMIN] 05:00:26.418928 シナリオ走行を終了しました [シナリオ名: 新規ユーザー登録]
[ADMIN] 05:00:26.418994 シナリオ走行を終了しました [シナリオ名: 新規ユーザー登録]
[ADMIN] 05:00:26.419004 シナリオ走行を終了しました [シナリオ名: ログイン]
[ADMIN] 05:00:26.419077 シナリオ走行を終了しました [シナリオ名: ログイン]
[ADMIN] 05:00:26.419079 シナリオ走行を終了しました [シナリオ名: ログイン]
[ADMIN] 05:00:26.419164 シナリオ走行を終了しました [シナリオ名: ログイン]
[ADMIN] 05:00:26.419180 シナリオ走行を終了しました [シナリオ名: ログイン]
[ADMIN] 05:00:26.419241 シナリオ走行を終了しました [シナリオ名: ログイン]
[ADMIN] 05:00:26.419335 シナリオ走行を終了しました [シナリオ名: ログイン]
[ADMIN] 05:00:26.419350 シナリオ走行を終了しました [シナリオ名: ログイン]
[ADMIN] 05:00:26.419414 シナリオ走行を終了しました [シナリオ名: ログイン]
[ADMIN] 05:00:26.419421 シナリオ走行を終了しました [シナリオ名: ログイン]
[ADMIN] 05:00:26.419500 シナリオ走行を終了しました [シナリオ名: ログイン]
[ADMIN] 05:00:26.419587 シナリオ走行を終了しました [シナリオ名: 新規ユーザー登録]
[ADMIN] 05:00:26.419656 シナリオ走行を終了しました [シナリオ名: 新規ユーザー登録]
[ADMIN] 05:00:26.419676 シナリオ走行を終了しました [シナリオ名: ログイン]
[ADMIN] 05:00:26.419723 シナリオ走行を終了しました [シナリオ名: 新規ユーザー登録]
[ADMIN] 05:00:26.419724 シナリオ走行を終了しました [シナリオ名: ログイン]
[ADMIN] 05:00:26.419812 シナリオ走行を終了しました [シナリオ名: ログイン]
[ADMIN] 05:00:26.419821 シナリオ走行を終了しました [シナリオ名: ログイン]
[ADMIN] 05:00:26.419856 シナリオ走行を終了しました [シナリオ名: ログイン]
[ADMIN] 05:00:26.419901 シナリオ走行を終了しました [シナリオ名: ログイン]
[ADMIN] 05:00:26.420114 シナリオ走行を終了しました [シナリオ名: ログイン]
[ADMIN] 05:00:26.420114 シナリオ走行を終了しました [シナリオ名: ログイン]
[ADMIN] 05:00:26.420159 シナリオ走行を終了しました [シナリオ名: 新規ユーザー登録]
[ADMIN] 05:00:26.420174 シナリオ走行を終了しました [シナリオ名: ログイン]
[ADMIN] 05:00:26.420203 シナリオ走行を終了しました [シナリオ名: ログイン]
[ADMIN] 05:00:26.420325 シナリオ走行を終了しました [シナリオ名: 新規ユーザー登録]
[ADMIN] 05:00:26.420329 シナリオ走行を終了しました [シナリオ名: ログイン]
[ADMIN] 05:00:26.420391 シナリオ走行を終了しました [シナリオ名: ログイン]
[ADMIN] 05:00:26.420401 シナリオ走行を終了しました [シナリオ名: ログイン]
[ADMIN] 05:00:26.420467 シナリオ走行を終了しました [シナリオ名: Banユーザログイン]
[ADMIN] 05:00:26.420491 シナリオ走行を終了しました [シナリオ名: 新規ユーザー登録]
[ADMIN] 05:00:26.420624 シナリオ走行を終了しました [シナリオ名: ログイン]
[ADMIN] 05:00:26.420669 シナリオ走行を終了しました [シナリオ名: 新規ユーザー登録]
05:00:29.418683 ERROR[0] load: scenario-error-status-code: POST /login : expected(200) != actual(500)
05:00:29.418711 [PASSED]: true
05:00:29.418714 [SCORE] 28691 (addition: 28706, deduction: 15)
[ADMIN] 05:00:29.418730 [SCORE] map[GET /user/:userId/gacha/index:1840 GET /user/:userId/home:1912 GET /user/:userId/item:530 GET /user/:userId/present/index/:n:2425 POST /login:1359 POST /login(ban):535 POST /user:568 POST /user/:userId/card:530 POST /user/:userId/card/addexp/:cardId:530 POST /user/:userId/gacha/draw/:gachaId:1825 POST /user/:userId/present/receive:2389 POST /user/:userId/reward:1345]

SCORE: 28691
BENCHMARK_PASS
2026-09-24T05:00:29.585941705Z	BENCHMARK_END
