sample	timestamp	elapsed_ms	cpu_count	cpu_busy_pct	cpu_nonidle_pct	cpu_user_pct	cpu_system_pct	cpu_iowait_pct	cpu_steal_pct	cpu_idle_pct	load1	load5	load15	procs_running	procs_blocked	context_switches_per_sec	interrupts_per_sec	mem_total_bytes	mem_used_bytes	mem_available_bytes	mem_free_bytes	buffers_bytes	cached_bytes	swap_total_bytes	swap_used_bytes	swap_in_bytes_per_sec	swap_out_bytes_per_sec	disk_read_bytes_per_sec	disk_write_bytes_per_sec	disk_io_in_progress	disk_io_time_millis_per_sec	net_rx_bytes_per_sec	net_tx_bytes_per_sec	net_rx_packets_per_sec	net_tx_packets_per_sec	net_rx_errors_per_sec	net_tx_errors_per_sec	net_rx_drops_per_sec	net_tx_drops_per_sec	cpu_pressure_some_avg10	memory_pressure_some_avg10	memory_pressure_full_avg10	io_pressure_some_avg10	io_pressure_full_avg10
0	2026-09-24T20:00:42.639447777Z	0	2	0.000000	0.000000	0.000000	0.000000	0.000000	0.000000	0.000000	0.000000	0.020000	0.130000	5	0	0.000000	0.000000	3849883648	1914241024	1935642624	1078222848	79896576	962207744	0	0	0.000000	0.000000	0.000000	0.000000	0	0.000000	0.000000	0.000000	0.000000	0.000000	0.000000	0.000000	0.000000	0.000000	0.180000	0.000000	0.000000	0.540000	0.540000
1	2026-09-24T20:00:43.654096362Z	1014	2	13.432836	13.930348	6.965174	6.467662	0.497512	0.000000	86.069652	0.000000	0.020000	0.130000	1	0	4696.207228	3771.749226	3849883648	1921830912	1928052736	1060913152	79896576	972038144	0	0	0.000000	0.000000	435981.489832	0.000000	0	31.538013	3951508.014773	98628.236292	3027.649235	887.006612	0.000000	0.000000	0.000000	0.000000	0.180000	0.000000	0.000000	0.540000	0.540000
2	2026-09-24T20:00:44.653791012Z	2014	2	2.030457	2.030457	1.015228	1.015228	0.000000	0.000000	97.969543	0.000000	0.020000	0.130000	1	0	3012.919992	1716.524139	3849883648	1926443008	1923440640	1056296960	79896576	972042240	0	0	0.000000	0.000000	0.000000	0.000000	0	0.000000	61363.737356	60725.542484	91.027795	88.026879	0.000000	0.000000	0.000000	0.000000	1.050000	0.000000	0.000000	0.440000	0.440000
3	2026-09-24T20:00:45.654415054Z	3014	2	0.000000	0.000000	0.000000	0.000000	0.000000	0.000000	100.000000	0.000000	0.020000	0.130000	1	0	3100.065448	1813.868081	3849883648	1926443008	1923440640	1056296960	79896576	972042240	0	0	0.000000	0.000000	0.000000	298821.524611	0	11.992516	58268.638272	58268.638272	62.960710	62.960710	0.000000	0.000000	0.000000	0.000000	1.050000	0.000000	0.000000	0.440000	0.440000
4	2026-09-24T20:00:46.653852188Z	4014	2	1.010101	1.010101	1.010101	0.000000	0.000000	0.000000	98.989899	0.000000	0.020000	0.130000	1	0	2884.623680	1660.934897	3849883648	1926438912	1923444736	1056296960	79896576	972046336	0	0	0.000000	0.000000	0.000000	0.000000	0	0.000000	58389.866138	58389.866138	64.036044	64.036044	0.000000	0.000000	0.000000	0.000000	0.860000	0.000000	0.000000	0.360000	0.360000
5	2026-09-24T20:00:47.654382732Z	5014	2	1.010101	2.020202	0.505051	0.505051	1.010101	0.000000	97.979798	0.000000	0.020000	0.130000	1	0	2750.540676	1631.134587	3849883648	1926946816	1922936832	1055780864	79896576	972054528	0	0	0.000000	0.000000	0.000000	19498902.681692	0	31.983031	58274.082161	58274.082161	62.966593	62.966593	0.000000	0.000000	0.000000	0.000000	0.860000	0.000000	0.000000	0.360000	0.360000
6	2026-09-24T20:00:48.653794044Z	6014	2	0.507614	0.507614	0.507614	0.000000	0.000000	0.000000	99.492386	0.000000	0.020000	0.130000	1	0	2799.648128	1648.970734	3849883648	1927204864	1922678784	1055522816	79896576	972054528	0	0	0.000000	0.000000	0.000000	0.000000	0	0.000000	58339.343847	58339.343847	63.037109	63.037109	0.000000	0.000000	0.000000	0.000000	0.700000	0.000000	0.000000	0.290000	0.290000
7	2026-09-24T20:00:49.65420119Z	7014	2	1.507538	1.507538	1.005025	0.502513	0.000000	0.000000	98.492462	0.000000	0.020000	0.130000	1	0	2909.815269	1617.341499	3849883648	1927458816	1922424832	1055264768	79896576	972062720	0	0	0.000000	0.000000	0.000000	0.000000	0	0.000000	58281.270781	58281.270781	62.974360	62.974360	0.000000	0.000000	0.000000	0.000000	0.700000	0.000000	0.000000	0.290000	0.290000
8	2026-09-24T20:00:50.654540401Z	8015	2	23.958333	54.687500	21.354167	2.604167	30.729167	0.000000	45.312500	0.160000	0.060000	0.140000	1	1	18098.860740	8759.028876	3849883648	1931067392	1918816256	1051652096	79896576	972062720	0	0	0.000000	0.000000	1703358.208972	13029052.454204	0	687.766705	76008.217481	75944.239182	170.942015	169.942354	0.000000	0.000000	0.000000	0.000000	0.570000	0.000000	0.000000	0.780000	0.780000
9	2026-09-24T20:00:51.654087729Z	9014	2	23.469388	54.591837	19.897959	3.571429	31.122449	0.000000	45.408163	0.160000	0.060000	0.140000	3	0	10455.732997	5510.494436	3849883648	1996320768	1853562880	985362432	79896576	973099008	0	0	0.000000	0.000000	180305.618945	30201191.173208	0	752.340562	2372318.877586	2372318.877586	443.200624	443.200624	0.000000	0.000000	0.000000	0.000000	0.570000	0.000000	0.000000	0.780000	0.780000
10	2026-09-24T20:00:52.653793591Z	10014	2	53.030303	58.585859	47.474747	5.555556	5.555556	0.000000	41.414141	0.160000	0.060000	0.140000	5	0	6993.056224	2388.702369	3849883648	1994362880	1855520768	983187456	79896576	977231872	0	0	0.000000	0.000000	0.000000	28127310.498124	0	164.048236	4209318.699652	4209318.699652	479.140886	479.140886	0.000000	0.000000	0.000000	0.000000	0.830000	0.000000	0.000000	5.890000	5.530000
11	2026-09-24T20:00:53.653801362Z	11014	2	53.233831	60.199005	46.268657	6.467662	6.965174	0.497512	39.800995	0.160000	0.060000	0.140000	3	0	9177.929578	3073.976413	3849883648	1995444224	1854439424	978059264	79896576	981278720	0	0	0.000000	0.000000	0.000000	27922217.752823	0	207.998404	4210612.691969	4210612.691969	484.996279	484.996279	0.000000	0.000000	0.000000	0.000000	0.830000	0.000000	0.000000	5.890000	5.530000
12	2026-09-24T20:00:54.654275857Z	12014	2	51.269036	60.406091	44.670051	6.598985	9.137056	0.000000	39.593909	0.160000	0.060000	0.140000	4	0	9418.530766	3446.364648	3849883648	1995665408	1854218240	974733312	79896576	984383488	0	0	0.000000	0.000000	0.000000	37890500.389208	0	259.876685	3169465.041296	3169465.041296	371.823564	371.823564	0.000000	0.000000	0.000000	0.000000	1.040000	0.000000	0.000000	6.270000	5.620000
13	2026-09-24T20:00:55.653801466Z	13014	2	48.453608	63.402062	42.268041	6.185567	14.948454	0.000000	36.597938	0.230000	0.070000	0.140000	3	0	8684.119816	3578.697763	3849883648	2020413440	1829470208	945860608	79896576	988508160	0	0	0.000000	0.000000	0.000000	31918886.575142	0	320.151883	4210191.348457	4210205.355102	470.223078	470.223078	0.000000	0.000000	0.000000	0.000000	1.040000	0.000000	0.000000	6.270000	5.620000
14	2026-09-24T20:00:56.653803547Z	14014	2	48.717949	64.102564	44.615385	4.102564	15.384615	0.000000	35.897436	0.230000	0.070000	0.140000	3	0	10955.977223	4123.991426	3849883648	1996931072	1852952576	966246400	79896576	991604736	0	0	0.000000	0.000000	0.000000	42110888.451463	0	395.999177	3170970.407553	3170970.407553	373.999222	373.999222	0.000000	0.000000	0.000000	0.000000	1.400000	0.000000	0.000000	7.490000	6.410000
15	2026-09-24T20:00:57.653807441Z	15014	2	48.717949	63.076923	44.615385	4.102564	14.358974	0.000000	36.923077	0.230000	0.070000	0.140000	6	0	12169.952805	4091.984131	3849883648	2011205632	1838678016	947847168	79896576	995729408	0	0	0.000000	0.000000	0.000000	39071592.480364	0	383.998511	3171081.702545	3171081.702545	373.998550	373.998550	0.000000	0.000000	0.000000	0.000000	1.400000	0.000000	0.000000	7.490000	6.410000
16	2026-09-24T20:00:58.653806404Z	16014	2	51.282051	68.205128	43.589744	7.692308	16.923077	0.000000	31.794872	0.230000	0.070000	0.140000	5	0	11811.012024	4156.004231	3849883648	1996316672	1853566976	959639552	79896576	998825984	0	0	0.000000	0.000000	0.000000	39993384.713266	0	496.000505	4207917.283660	4207917.283660	466.000474	466.000474	0.000000	0.000000	0.000000	0.000000	1.690000	0.000000	0.000000	9.210000	7.780000
17	2026-09-24T20:00:59.653795907Z	17014	2	52.791878	61.928934	46.700508	6.091371	9.137056	0.000000	38.071066	0.230000	0.070000	0.140000	3	0	7041.073938	2825.029666	3849883648	1993228288	1856655360	957571072	79896576	1003982848	0	0	0.000000	0.000000	0.000000	29454645.303230	0	256.002688	5245701.085107	5245701.085107	571.005996	571.005996	0.000000	0.000000	0.000000	0.000000	1.690000	0.000000	0.000000	9.210000	7.780000
18	2026-09-24T20:01:00.653800785Z	18014	2	47.715736	67.005076	43.147208	4.568528	19.289340	0.000000	32.994924	0.290000	0.090000	0.150000	3	0	9206.955098	3903.980960	3849883648	1996279808	1853603840	951410688	79896576	1007091712	0	0	0.000000	0.000000	0.000000	48131861.260913	0	471.997698	3170762.536191	3170762.536191	368.998200	368.998200	0.000000	0.000000	0.000000	0.000000	1.920000	0.000000	0.000000	10.260000	8.730000
19	2026-09-24T20:01:01.654193926Z	19014	2	49.748744	64.824121	42.713568	7.035176	15.075377	0.000000	35.175879	0.290000	0.090000	0.150000	5	0	11751.380051	4197.349850	3849883648	2013519872	1836363776	930058240	79896576	1011204096	0	0	0.000000	0.000000	0.000000	44616571.396505	0	387.847521	4206835.120634	4206835.120634	475.812938	475.812938	0.000000	0.000000	0.000000	0.000000	1.920000	0.000000	0.000000	10.260000	8.730000
20	2026-09-24T20:01:02.65379247Z	20014	2	48.469388	67.346939	42.857143	5.612245	18.877551	0.000000	32.653061	0.290000	0.090000	0.150000	3	0	10722.304576	4528.818139	3849883648	1995206656	1854676992	944246784	79896576	1015328768	0	0	0.000000	0.000000	0.000000	49548723.830669	0	508.204024	3171771.339322	3171771.339322	361.144985	361.144985	0.000000	0.000000	0.000000	0.000000	2.120000	0.000000	0.000000	12.020000	10.040000
21	2026-09-24T20:01:03.653758596Z	21014	2	51.813472	68.393782	46.632124	5.181347	16.580311	0.000000	31.606218	0.290000	0.090000	0.150000	2	0	9370.317345	3590.121587	3849883648	1999331328	1850552320	936079360	79896576	1019371520	0	0	0.000000	0.000000	0.000000	43197878.982568	0	460.015579	5070364.718042	5070364.718042	511.017307	511.017307	0.000000	0.000000	0.000000	0.000000	2.120000	0.000000	0.000000	12.020000	10.040000
22	2026-09-24T20:01:04.653807228Z	22014	2	32.512315	62.561576	28.571429	3.940887	30.049261	0.000000	37.438424	0.290000	0.090000	0.150000	2	0	10426.493001	5237.745309	3849883648	1998983168	1850900480	934014976	79896576	1021784064	0	0	0.000000	0.000000	0.000000	59708584.610365	0	739.964019	2583743.362895	2583743.362895	301.985316	301.985316	0.000000	0.000000	0.000000	0.000000	2.280000	0.000000	0.000000	14.190000	11.850000
23	2026-09-24T20:01:05.653805012Z	23014	2	47.715736	69.035533	42.131980	5.583756	21.319797	0.000000	30.964467	0.350000	0.100000	0.150000	3	0	9124.020219	4066.009010	3849883648	2032504832	1817378816	896339968	79896576	1025937408	0	0	0.000000	0.000000	0.000000	51064945.159918	0	648.001436	4201488.310498	4201516.310560	462.001024	462.001024	0.000000	0.000000	0.000000	0.000000	2.280000	0.000000	0.000000	14.190000	11.850000
24	2026-09-24T20:01:06.654424047Z	24014	2	51.010101	71.717172	44.949495	5.555556	20.707071	0.505051	28.282828	0.350000	0.100000	0.150000	1	1	11871.650178	4658.116128	3849883648	2000027648	1849856000	924983296	79896576	1029771264	0	0	0.000000	0.000000	0.000000	65282591.090878	1	571.646090	3902543.907749	3902557.899087	450.720956	450.720956	0.000000	0.000000	0.000000	0.000000	2.410000	0.000000	0.000000	16.150000	13.690000
25	2026-09-24T20:01:07.654488135Z	25015	2	35.897436	62.051282	30.769231	5.128205	26.153846	0.000000	37.948718	0.350000	0.100000	0.150000	5	0	9535.389563	4564.707777	3849883648	1993068544	1856815104	929091584	79896576	1032622080	0	0	0.000000	0.000000	32765.902392	53322410.405931	0	715.954166	2926462.653714	2926462.653714	362.976763	362.976763	0.000000	0.000000	0.000000	0.000000	2.410000	0.000000	0.000000	16.150000	13.690000
26	2026-09-24T20:01:08.653808994Z	26014	2	51.020408	65.306122	46.938776	4.081633	14.285714	0.000000	34.693878	0.350000	0.100000	0.150000	4	0	11870.061469	4411.996376	3849883648	1992912896	1856970752	924188672	79896576	1037774848	0	0	0.000000	0.000000	0.000000	50156815.650251	0	396.269123	5248833.708671	5248833.708671	557.378540	557.378540	0.000000	0.000000	0.000000	0.000000	2.510000	0.000000	0.000000	18.300000	15.370000
27	2026-09-24T20:01:09.653916469Z	27014	2	49.479167	67.708333	46.354167	3.125000	18.229167	0.000000	32.291667	0.350000	0.100000	0.150000	5	0	13218.579307	4625.502865	3849883648	1992912896	1856970752	920059904	79896576	1041907712	0	0	0.000000	0.000000	0.000000	56150125.152999	0	447.951855	4207253.816982	4207253.816982	456.950888	456.950888	0.000000	0.000000	0.000000	0.000000	2.510000	0.000000	0.000000	18.300000	15.370000
28	2026-09-24T20:01:10.653955151Z	28014	2	49.253731	69.154229	45.771144	3.482587	19.900498	0.000000	30.845771	0.400000	0.120000	0.160000	3	0	12987.497760	5410.790759	3849883648	1993519104	1856364544	914210816	79896576	1047052288	0	0	0.000000	0.000000	0.000000	62551693.063478	0	447.982676	4566638.403526	4566638.403526	420.983720	420.983720	0.000000	0.000000	0.000000	0.000000	2.600000	0.000000	0.000000	18.600000	15.490000
29	2026-09-24T20:01:11.653800114Z	29014	2	44.270833	64.583333	39.062500	5.208333	20.312500	0.000000	35.416667	0.400000	0.120000	0.160000	3	0	12815.986811	5196.805640	3849883648	1990946816	1858936832	915783680	79896576	1048236032	0	0	0.000000	0.000000	213025.024417	75296152.861393	0	436.067602	1150007.281029	1149898.264128	295.045740	295.045740	0.000000	0.000000	0.000000	0.000000	2.600000	0.000000	0.000000	18.600000	15.490000
30	2026-09-24T20:01:12.654695672Z	30015	2	54.081633	60.714286	52.551020	1.530612	6.632653	0.000000	39.285714	0.400000	0.120000	0.160000	5	0	10346.733848	3291.052655	3849883648	1990885376	1858998272	915783680	79896576	1048297472	0	0	0.000000	0.000000	0.000000	28233019.552311	0	195.824627	58252.830920	58252.830920	62.943630	62.943630	0.000000	0.000000	0.000000	0.000000	2.670000	0.000000	0.000000	19.760000	16.120000
31	2026-09-24T20:01:13.653801505Z	31014	2	56.122449	67.857143	53.571429	2.551020	11.734694	0.000000	32.142857	0.400000	0.120000	0.160000	3	0	11567.343160	3677.288117	3849883648	1990873088	1859010560	915783680	79896576	1048309760	0	0	0.000000	0.000000	0.000000	107161164.191024	0	336.300710	60521.116106	60521.116106	73.065333	73.065333	0.000000	0.000000	0.000000	0.000000	2.670000	0.000000	0.000000	19.760000	16.120000
32	2026-09-24T20:01:14.654007921Z	32014	2	56.345178	64.467005	54.314721	2.030457	8.121827	0.000000	35.532995	0.400000	0.120000	0.160000	4	0	12331.454627	3404.297309	3849883648	1991122944	1858760704	915525632	79896576	1048317952	0	0	0.000000	0.000000	0.000000	33662171.690155	0	231.952122	68922.773444	65256.530204	93.980601	94.980395	0.000000	0.000000	0.000000	0.000000	2.730000	0.000000	0.000000	17.990000	14.650000
33	2026-09-24T20:01:15.653796143Z	33014	2	22.448980	30.612245	21.428571	1.020408	8.163265	0.000000	69.387755	0.450000	0.130000	0.160000	1	0	7137.511125	3082.652647	3849883648	1991118848	1858764800	915525632	79896576	1048326144	0	0	0.000000	0.000000	0.000000	30222590.605993	0	220.046587	58797.448361	58903.470807	70.014823	70.014823	0.000000	0.000000	0.000000	0.000000	2.730000	0.000000	0.000000	17.990000	14.650000
34	2026-09-24T20:01:16.654644105Z	34015	2	29.230769	45.641026	24.615385	4.615385	16.410256	0.000000	54.358974	0.450000	0.130000	0.160000	1	0	15487.867806	7916.287764	3849883648	1989844992	1860038656	915267584	79896576	1049858048	0	0	0.000000	0.000000	1571531.495302	33350026.445876	0	467.603518	1086766.528487	1277852.506304	1142.031669	1149.025739	0.000000	0.000000	0.000000	0.000000	2.600000	0.000000	0.000000	17.090000	13.620000
35	2026-09-24T20:01:17.653798688Z	35014	2	31.632653	43.367347	28.571429	3.061224	11.734694	0.000000	56.632653	0.450000	0.130000	0.160000	3	1	13164.129376	6581.564265	3849883648	1990176768	1859706880	914751488	79900672	1050046464	0	0	0.000000	0.000000	418145.513598	29512054.435205	0	296.250460	923622.860322	1062227.040731	935.791148	977.826686	0.000000	0.000000	0.000000	0.000000	2.600000	0.000000	0.000000	17.090000	13.620000
36	2026-09-24T20:01:18.653728949Z	36014	2	25.773196	38.144330	22.164948	3.608247	12.371134	0.000000	61.855670	0.450000	0.130000	0.160000	3	0	15516.080928	8129.566346	3849883648	1989840896	1860042752	914751488	79900672	1050415104	0	0	0.000000	0.000000	213006.839121	29644817.206191	0	288.020065	1219575.961759	1466130.137956	1329.092591	1351.094124	0.000000	0.000000	0.000000	0.000000	2.850000	0.000000	0.000000	17.070000	13.690000
37	2026-09-24T20:01:19.654423951Z	37014	2	19.791667	32.812500	16.145833	3.645833	13.020833	0.000000	67.187500	0.450000	0.130000	0.160000	1	0	15413.288628	8016.429031	3849883648	1989931008	1859952640	914493440	79900672	1050611712	0	0	0.000000	0.000000	229216.707225	27538750.110843	0	291.797217	1145632.849325	1396484.521461	1331.074977	1329.076366	0.000000	0.000000	0.000000	0.000000	2.850000	0.000000	0.000000	17.070000	13.690000
38	2026-09-24T20:01:20.654513867Z	38015	2	27.319588	40.721649	24.226804	2.577320	13.402062	0.515464	59.278351	0.410000	0.130000	0.160000	4	0	14767.672239	7217.351088	3849883648	1990369280	1859514368	913977344	79900672	1050636288	0	0	0.000000	0.000000	180207.797517	29668756.482105	0	291.973749	1154847.167691	1378628.047552	1186.893286	1220.890230	0.000000	0.000000	0.000000	0.000000	3.060000	0.000000	0.000000	16.690000	13.380000
39	2026-09-24T20:01:21.653793798Z	39014	2	22.959184	45.918367	19.897959	3.061224	22.959184	0.000000	54.081633	0.410000	0.130000	0.160000	3	0	15988.512784	8099.832414	3849883648	1990451200	1859432448	913719296	79900672	1050816512	0	0	0.000000	0.000000	65583.224250	55372736.024538	0	392.282469	854986.646815	1006120.473145	951.685276	965.695364	0.000000	0.000000	0.000000	0.000000	3.060000	0.000000	0.000000	16.690000	13.380000
40	2026-09-24T20:01:22.654392474Z	40014	2	35.602094	55.497382	29.319372	6.282723	19.895288	0.000000	44.502618	0.410000	0.130000	0.160000	3	0	20539.703414	9572.269331	3849883648	1990705152	1859178496	913203200	79900672	1051070464	0	0	0.000000	0.000000	98245.183163	64764043.451051	0	467.719988	1411954.699432	1697858.536239	1525.086970	1539.078594	0.000000	0.000000	0.000000	0.000000	3.410000	0.000000	0.000000	17.470000	14.220000
41	2026-09-24T20:01:23.653793141Z	41014	2	27.777778	49.494949	23.737374	4.040404	21.717172	0.000000	50.505051	0.410000	0.130000	0.160000	3	0	16551.920112	8414.042814	3849883648	1991045120	1858838528	912687104	79900672	1051250688	0	0	0.000000	0.000000	65575.301442	55841467.634322	0	380.227883	989618.110791	1148124.108666	975.584700	1002.600892	0.000000	0.000000	0.000000	0.000000	3.410000	0.000000	0.000000	17.470000	14.220000
42	2026-09-24T20:01:24.65437168Z	42014	2	37.500000	59.895833	31.250000	6.250000	22.395833	0.000000	40.104167	0.410000	0.130000	0.160000	6	0	20845.938227	10134.136237	3849883648	1990889472	1858994176	912429056	79900672	1051672576	0	0	0.000000	0.000000	212868.830901	59742456.118753	0	459.733991	1754855.614219	2091972.553301	1747.988588	1747.988588	0.000000	0.000000	0.000000	0.000000	4.060000	0.000000	0.000000	19.020000	15.270000
43	2026-09-24T20:01:25.653789279Z	43014	2	27.319588	46.391753	24.226804	3.092784	19.072165	0.000000	53.608247	0.540000	0.160000	0.170000	2	0	19390.294284	9262.395077	3849883648	1991315456	1858568192	911912960	79900672	1051762688	0	0	0.000000	0.000000	131148.390134	60836459.473386	0	420.244780	1333403.668968	1575244.534259	1280.745997	1304.759985	0.000000	0.000000	0.000000	0.000000	4.060000	0.000000	0.000000	19.020000	15.270000
44	2026-09-24T20:01:26.654169Z	44014	2	37.696335	59.162304	28.795812	8.900524	21.465969	0.000000	40.837696	0.540000	0.160000	0.170000	5	0	28232.278256	14570.466588	3849883648	1992093696	1857789952	910880768	79900672	1052020736	0	0	0.000000	0.000000	167872.247325	70395793.859762	0	523.801077	3247776.595130	3921969.557543	3716.588555	3726.584759	0.000000	0.000000	0.000000	0.000000	4.230000	0.000000	0.000000	20.280000	16.120000
45	2026-09-24T20:01:27.654432051Z	45014	2	64.948454	70.618557	50.515464	14.432990	5.670103	0.000000	29.381443	0.540000	0.160000	0.170000	8	0	38348.914044	19430.889579	3849883648	1993351168	1856532480	908816384	79900672	1052811264	0	0	0.000000	0.000000	282549.688019	59572940.018910	0	419.889567	5755250.340384	6920653.833439	6721.232282	6766.220450	0.000000	0.000000	0.000000	0.000000	4.230000	0.000000	0.000000	20.280000	16.120000
46	2026-09-24T20:01:28.654007331Z	46014	2	74.619289	82.741117	58.883249	15.736041	8.121827	0.000000	17.258883	0.540000	0.160000	0.170000	7	0	31928.561241	16578.041308	3849883648	1995329536	1854554112	905244672	79900672	1054396416	0	0	0.000000	0.000000	508119.817287	58405094.804752	0	468.198861	6905162.878165	8145176.557856	8062.424410	8147.460528	0.000000	0.000000	0.000000	0.000000	9.260000	0.000000	0.000000	21.680000	15.010000
47	2026-09-24T20:01:29.654157315Z	47014	2	56.716418	69.154229	45.771144	10.945274	12.437811	0.000000	30.845771	0.540000	0.160000	0.170000	5	0	35280.706024	18382.241689	3849883648	1995976704	1853906944	903725056	79900672	1055281152	0	0	0.000000	0.000000	212960.044706	50893355.299357	0	371.944189	4857960.048521	5820098.676733	5633.154728	5649.152328	0.000000	0.000000	0.000000	0.000000	9.260000	0.000000	0.000000	21.680000	15.010000
48	2026-09-24T20:01:30.654497045Z	48015	2	72.916667	80.208333	59.375000	13.541667	7.291667	0.000000	19.791667	0.900000	0.240000	0.200000	6	0	34220.376125	17606.019640	3849883648	1997254656	1852628992	901660672	79900672	1056059392	0	0	0.000000	0.000000	556866.845141	50625747.597933	0	403.862817	6656039.096608	7956386.398537	7883.322217	7920.309653	0.000000	0.000000	0.000000	0.000000	12.830000	0.000000	0.000000	22.100000	14.290000
49	2026-09-24T20:01:31.653780438Z	49014	2	64.248705	67.875648	48.186528	16.062176	3.626943	0.000000	32.124352	0.900000	0.240000	0.200000	1	0	34914.013167	17685.670403	3849883648	1997336576	1852547072	900915200	79900672	1056817152	0	0	0.000000	0.000000	377102.164287	44854662.867281	0	368.263832	5913528.581974	7018639.307610	6651.765471	6688.791998	0.000000	0.000000	0.000000	0.000000	12.830000	0.000000	0.000000	22.100000	14.290000
50	2026-09-24T20:01:32.653798491Z	50014	2	57.812500	66.666667	45.833333	11.979167	8.854167	0.000000	33.333333	0.900000	0.240000	0.200000	1	0	34878.376968	18528.669022	3849883648	1996808192	1853075456	900657152	79900672	1057533952	0	0	0.000000	0.000000	507894.927473	49310863.160051	0	407.992712	5521905.362205	6425083.228738	5841.895646	5891.894753	0.000000	0.000000	0.000000	0.000000	15.760000	0.000000	0.000000	22.080000	12.780000
51	2026-09-24T20:01:33.654292554Z	51014	2	66.839378	68.911917	50.777202	16.062176	2.072539	0.000000	31.088083	0.900000	0.240000	0.200000	7	0	35122.647621	18215.000861	3849883648	1999081472	1850802176	897617920	79900672	1058279424	0	0	0.000000	0.000000	327518.189311	44276365.217488	0	339.832106	6014800.381857	7169153.072755	7399.344347	7426.331014	0.000000	0.000000	0.000000	0.000000	15.760000	0.000000	0.000000	22.080000	12.780000
52	2026-09-24T20:01:34.654410612Z	52014	2	89.795918	91.836735	70.918367	18.367347	2.040816	0.510204	8.163265	0.900000	0.240000	0.200000	1	0	35414.818572	18202.850789	3849883648	2000715776	1849167872	895324160	79900672	1059037184	0	0	0.000000	0.000000	556990.236163	39669172.260831	0	375.955611	7963278.775675	9584943.305744	10661.741168	10738.732078	0.000000	0.000000	0.000000	0.000000	19.610000	0.000000	0.000000	21.340000	11.010000
53	2026-09-24T20:01:35.654010061Z	53014	2	64.102564	68.205128	50.769231	13.333333	4.102564	0.000000	31.794872	0.900000	0.250000	0.200000	4	0	33370.362661	17184.881428	3849883648	2000879616	1849004032	894320640	79900672	1059807232	0	0	0.000000	0.000000	508107.464012	36800912.373346	0	332.132998	6096944.429943	7206210.618949	6544.620695	6538.618292	0.000000	0.000000	0.000000	0.000000	19.610000	0.000000	0.000000	21.340000	11.010000
54	2026-09-24T20:01:36.653831976Z	54014	2	93.969849	96.482412	74.371859	19.597990	2.512563	0.000000	3.517588	0.900000	0.250000	0.200000	7	0	29747.300999	16718.979339	3849883648	2003558400	1846325248	890748928	79900672	1060663296	0	0	0.000000	0.000000	606316.046126	41618680.490482	0	388.069154	8728022.342309	10264672.174846	11661.078016	11850.111702	0.000000	0.000000	0.000000	0.000000	23.120000	0.000000	0.000000	20.550000	9.560000
55	2026-09-24T20:01:37.654555319Z	55015	2	65.104167	70.312500	52.604167	12.500000	5.208333	0.000000	29.687500	0.900000	0.250000	0.200000	2	0	31355.317313	16594.995048	3849883648	2004455424	1845428224	889200640	79900672	1061294080	0	0	0.000000	0.000000	360187.437526	35940976.010426	0	307.777351	5956541.989872	7048127.328306	7195.794505	7344.686795	0.000000	0.000000	0.000000	0.000000	23.120000	0.000000	0.000000	20.550000	9.560000
56	2026-09-24T20:01:38.654582451Z	56015	2	73.575130	77.720207	59.067358	14.507772	4.145078	0.000000	22.279793	0.900000	0.250000	0.200000	4	0	34860.056303	18458.500310	3849883648	2005102592	1844781056	885129216	79900672	1064734720	0	0	0.000000	0.000000	737260.041633	25488717.994915	0	375.989822	6827973.159939	8048198.127228	7810.788554	7929.785333	0.000000	0.000000	0.000000	0.000000	25.820000	0.000000	0.000000	19.910000	8.550000
57	2026-09-24T20:01:39.653803868Z	57014	2	71.428571	74.489796	56.122449	15.306122	3.061224	0.000000	25.510204	0.900000	0.250000	0.200000	5	0	29881.265165	16449.807606	3849883648	2006441984	1843441664	882864128	79900672	1065660416	0	0	0.000000	0.000000	754251.250218	22488164.992917	0	276.215057	6718324.800351	7923205.905116	7768.048101	7884.138488	0.000000	0.000000	0.000000	0.000000	25.820000	0.000000	0.000000	19.910000	8.550000
58	2026-09-24T20:01:40.653842991Z	58014	2	82.474227	84.536082	68.556701	13.917526	2.061856	0.000000	15.463918	0.990000	0.280000	0.210000	4	0	32975.709957	18358.281806	3849883648	2046775296	1803108352	841662464	79900672	1066450944	0	0	0.000000	0.000000	524267.490132	17919298.979105	0	251.990142	7057872.888955	8505768.245840	10027.607710	10238.599456	0.000000	0.000000	0.000000	0.000000	27.300000	0.000000	0.000000	18.470000	7.540000
59	2026-09-24T20:01:41.653954338Z	59014	2	78.894472	81.909548	64.321608	14.572864	3.015075	0.000000	18.090452	0.990000	0.280000	0.210000	8	1	36465.939372	19055.878052	3849883648	2048024576	1801859072	839684096	79900672	1067249664	0	0	0.000000	0.000000	458700.921818	22562351.591901	0	239.973278	7011124.283267	8361790.881138	8780.022309	8911.007724	0.000000	0.000000	0.000000	0.000000	27.300000	0.000000	0.000000	18.470000	7.540000
60	2026-09-24T20:01:42.654414218Z	60014	2	90.099010	91.089109	68.811881	21.287129	0.990099	0.000000	8.910891	0.990000	0.280000	0.210000	5	0	32674.971376	17865.782758	3849883648	2049130496	1800753152	837648384	79900672	1068179456	0	0	0.000000	0.000000	802446.920156	39401781.426445	0	399.816107	7872032.313841	9307006.307598	10589.129604	10797.033980	0.000000	0.000000	0.000000	0.000000	31.410000	0.000000	0.000000	17.300000	6.360000
61	2026-09-24T20:01:43.653796063Z	61014	2	76.804124	81.958763	61.855670	14.948454	5.154639	0.000000	18.041237	0.990000	0.280000	0.210000	1	0	32046.812173	16864.426027	3849883648	2050424832	1799458816	835354624	79900672	1069178880	0	0	0.000000	0.000000	639371.275946	23960028.712711	0	344.212801	7042436.817544	8335576.269975	8203.071352	8363.170329	0.000000	0.000000	0.000000	0.000000	31.410000	0.000000	0.000000	17.300000	6.360000
62	2026-09-24T20:01:44.653812446Z	62014	2	75.000000	77.040816	60.204082	14.795918	2.040816	0.000000	22.959184	0.990000	0.280000	0.210000	5	0	29634.514438	16104.736124	3849883648	2050936832	1798946816	834064384	79900672	1069961216	0	0	0.000000	0.000000	573430.604340	18624206.842371	0	255.995806	6988662.490765	8267882.530745	8605.858993	8785.856044	0.000000	0.000000	0.000000	0.000000	34.050000	0.000000	0.000000	16.700000	5.750000
63	2026-09-24T20:01:45.653942217Z	63014	2	65.829146	70.854271	49.246231	16.582915	5.025126	0.000000	29.145729	1.070000	0.310000	0.220000	6	0	32988.718955	17627.712399	3849883648	2051006464	1798877184	833290240	79900672	1070678016	0	0	0.000000	0.000000	409546.851876	22639749.971727	0	255.966782	5896710.766154	6975952.709689	6985.093523	7078.081456	0.000000	0.000000	0.000000	0.000000	34.050000	0.000000	0.000000	16.700000	5.750000
64	2026-09-24T20:01:46.653820145Z	64014	2	74.129353	76.119403	58.208955	15.920398	1.990050	0.000000	23.880597	1.070000	0.310000	0.220000	4	0	33755.120656	18488.256954	3849883648	2051964928	1797918720	831483904	79900672	1071534080	0	0	0.000000	0.000000	639054.012519	16824325.829576	0	216.026371	6756123.753807	8007661.535282	8102.989172	8246.006631	0.000000	0.000000	0.000000	0.000000	33.860000	0.000000	0.000000	15.310000	5.250000
65	2026-09-24T20:01:47.654086756Z	65014	2	80.693069	81.683168	65.346535	14.851485	0.990099	0.495050	18.316832	1.070000	0.310000	0.220000	7	0	31235.670321	16945.481115	3849883648	2052861952	1797021696	829935616	79900672	1072259072	0	0	0.000000	0.000000	851740.864560	23046142.239157	0	287.923219	7230142.923326	8489224.161614	8760.663776	8898.626985	0.000000	0.000000	0.000000	0.000000	33.860000	0.000000	0.000000	15.310000	5.250000
66	2026-09-24T20:01:48.653806315Z	66014	2	71.065990	73.096447	55.837563	15.228426	2.030457	0.000000	26.903553	1.070000	0.310000	0.220000	9	0	32252.046602	17695.963665	3849883648	2053042176	1796841472	828903424	79900672	1073012736	0	0	0.000000	0.000000	639155.281139	18437171.571314	0	260.072950	6303162.018037	7419482.142483	7570.123397	7698.159311	0.000000	0.000000	0.000000	0.000000	35.330000	0.000000	0.000000	14.340000	4.480000
67	2026-09-24T20:01:49.654555576Z	67015	2	80.500000	82.500000	64.500000	16.000000	2.000000	0.000000	17.500000	1.070000	0.310000	0.220000	5	0	30173.390475	16514.625261	3849883648	2054463488	1795420160	826839040	79900672	1073651712	0	0	0.000000	0.000000	900445.278344	21401947.093004	0	283.787352	7244199.776224	8392821.091300	8547.595116	8655.514250	0.000000	0.000000	0.000000	0.000000	35.330000	0.000000	0.000000	14.340000	4.480000
68	2026-09-24T20:01:50.654572222Z	68015	2	83.919598	86.432161	65.326633	18.592965	2.512563	0.000000	13.567839	1.070000	0.320000	0.220000	6	0	31375.479638	17479.710099	3849883648	2055168000	1794715648	825290752	79900672	1074524160	0	0	0.000000	0.000000	770035.228966	23035521.955868	0	291.995157	7225051.172526	8601015.352160	10081.832793	10294.829260	0.000000	0.000000	0.000000	0.000000	36.540000	0.000000	0.000000	13.560000	4.030000
69	2026-09-24T20:01:51.654268789Z	69014	2	86.069652	86.567164	71.144279	14.925373	0.497512	0.000000	13.432836	1.070000	0.320000	0.220000	3	0	27831.435485	15291.634772	3849883648	2056040448	1793843200	823742464	79900672	1075171328	0	0	0.000000	0.000000	721114.564055	25587275.298445	0	316.095806	7362981.660838	8810286.327304	10050.046089	10251.107029	0.000000	0.000000	0.000000	0.000000	36.540000	0.000000	0.000000	13.560000	4.030000
70	2026-09-24T20:01:52.653772589Z	70014	2	58.421053	64.210526	47.894737	10.526316	5.789474	0.000000	35.789474	1.070000	0.320000	0.220000	7	0	32872.322456	17948.912371	3849883648	2056630272	1793253376	822452224	79900672	1075974144	0	0	0.000000	0.000000	508156.320448	26083991.771358	0	308.153011	5193311.692181	6196575.853971	6234.095484	6329.142679	0.000000	0.000000	0.000000	0.000000	38.250000	0.000000	0.000000	13.270000	3.660000
71	2026-09-24T20:01:53.654705584Z	71015	2	63.917526	69.587629	50.515464	13.402062	5.670103	0.000000	30.412371	1.070000	0.320000	0.220000	7	0	29137.814681	15855.207234	3849883648	2057654272	1792229376	820903936	79900672	1076396032	0	0	0.000000	0.000000	589274.212463	21455310.388505	0	259.757648	5735028.270239	6651712.012558	6515.920705	6597.844271	0.000000	0.000000	0.000000	0.000000	38.250000	0.000000	0.000000	13.270000	3.660000
72	2026-09-24T20:01:54.654572136Z	72015	2	90.816327	91.326531	75.510204	15.306122	0.510204	0.000000	8.673469	1.070000	0.320000	0.220000	9	0	27516.672017	15244.034271	3849883648	2057990144	1791893504	819871744	79900672	1077198848	0	0	0.000000	0.000000	1048715.947997	23419957.323045	0	364.048581	8090749.686273	9411936.994756	9955.328509	10113.349596	0.000000	0.000000	0.000000	0.000000	38.210000	0.000000	0.000000	12.860000	3.540000
73	2026-09-24T20:01:55.654364114Z	73014	2	79.381443	81.443299	63.402062	15.979381	2.061856	0.000000	18.556701	1.060000	0.340000	0.230000	4	0	33060.877291	17474.635056	3849883648	2058944512	1790939136	818065408	79900672	1077952512	0	0	0.000000	0.000000	442460.040095	25293965.625435	0	284.059090	6753413.838393	8137055.662182	8965.865070	9160.905642	0.000000	0.000000	0.000000	0.000000	38.210000	0.000000	0.000000	12.860000	3.540000
74	2026-09-24T20:01:56.653810502Z	74014	2	70.618557	75.257732	56.701031	13.917526	4.639175	0.000000	24.742268	1.060000	0.340000	0.230000	6	0	23482.000081	13490.468580	3849883648	2060161024	1789722624	816001024	79900672	1078800384	0	0	0.000000	0.000000	540971.492096	21364275.668932	0	372.206060	6195376.878352	7322573.916049	9316.157602	9532.277250	0.000000	0.000000	0.000000	0.000000	39.440000	0.000000	0.000000	12.700000	3.080000
75	2026-09-24T20:01:57.653809943Z	75014	2	81.958763	85.567010	66.494845	15.463918	3.608247	0.000000	14.432990	1.060000	0.340000	0.230000	6	0	28399.014001	16016.007896	3849883648	2059747328	1790136320	815742976	79900672	1079459840	0	0	0.000000	0.000000	802816.395788	40144915.791443	0	384.000189	7190938.545133	8433942.157933	8943.004409	9109.004491	0.000000	0.000000	0.000000	0.000000	39.440000	0.000000	0.000000	12.700000	3.080000
76	2026-09-24T20:01:58.654702001Z	76015	2	52.604167	57.291667	38.020833	14.583333	4.687500	0.000000	42.708333	1.060000	0.340000	0.230000	7	0	28725.376992	15747.952842	3849883648	2066690048	1783193600	808263680	79900672	1080205312	0	0	0.000000	0.000000	266002.725835	19242227.951909	0	187.832454	4133568.860710	4980944.002930	4970.566260	5049.495855	0.000000	0.000000	0.000000	0.000000	40.080000	0.000000	0.000000	13.120000	3.430000
77	2026-09-24T20:01:59.654037683Z	77014	2	83.673469	85.204082	67.346939	16.326531	1.530612	0.000000	14.795918	1.060000	0.340000	0.230000	4	0	30053.963285	16823.174760	3849883648	2065825792	1784057856	808263680	79900672	1080872960	0	0	0.000000	0.000000	688585.391469	24633322.635294	0	292.194089	7220986.525858	8573455.900935	9527.328509	9663.418907	0.000000	0.000000	0.000000	0.000000	40.080000	0.000000	0.000000	13.120000	3.430000
78	2026-09-24T20:02:00.654207487Z	78014	2	88.832487	89.847716	72.588832	15.736041	1.015228	0.507614	10.152284	1.380000	0.410000	0.250000	6	1	26870.439173	15733.329519	3849883648	2065330176	1784553472	808005632	79900672	1081630720	0	0	0.000000	0.000000	933729.514355	23273617.675777	1	295.949767	7649421.633069	9150480.852283	11045.125267	11256.089459	0.000000	0.000000	0.000000	0.000000	40.250000	0.000000	0.000000	12.550000	2.980000
79	2026-09-24T20:02:01.653793985Z	79014	2	78.894472	79.396985	65.326633	13.567839	0.502513	0.000000	20.603015	1.380000	0.410000	0.250000	4	0	27865.522449	15081.236121	3849883648	2064510976	1785372672	808005632	79900672	1082433536	0	0	0.000000	0.000000	786757.325728	21144103.128932	0	304.125757	6795632.007426	8010961.548622	8720.605988	8812.644046	0.000000	0.000000	0.000000	0.000000	40.250000	0.000000	0.000000	12.550000	2.980000
80	2026-09-24T20:02:02.65397961Z	80014	2	83.333333	84.848485	68.181818	15.151515	1.515152	0.000000	15.151515	1.380000	0.410000	0.250000	9	0	33186.839826	17709.712705	3849883648	2063691776	1786191872	808005632	79900672	1083256832	0	0	0.000000	0.000000	851809.886197	27483154.549369	0	307.942839	7119326.503495	8394220.856330	8885.350692	8988.331577	0.000000	0.000000	0.000000	0.000000	42.190000	0.000000	0.000000	12.450000	2.620000
81	2026-09-24T20:02:03.653759754Z	81014	2	84.653465	86.633663	69.306931	15.346535	1.980198	0.000000	13.366337	1.380000	0.410000	0.250000	7	0	30981.811413	16548.638251	3849883648	2063699968	1786183680	807231488	79900672	1084030976	0	0	0.000000	0.000000	753829.730974	25322943.299730	0	316.069489	7196169.092167	8493594.333701	9311.047052	9373.060686	0.000000	0.000000	0.000000	0.000000	42.190000	0.000000	0.000000	12.450000	2.620000
82	2026-09-24T20:02:04.65418749Z	82014	2	54.871795	57.948718	42.051282	12.820513	3.076923	0.000000	42.051282	1.380000	0.410000	0.250000	4	0	29807.250455	16116.106609	3849883648	2063499264	1786384384	806973440	79900672	1084477440	0	0	0.000000	0.000000	556817.830639	19893954.699075	0	247.893968	4907420.934122	5698725.467060	5236.760065	5283.739970	0.000000	0.000000	0.000000	0.000000	42.520000	0.000000	0.000000	12.190000	2.510000
83	2026-09-24T20:02:05.654037138Z	83014	2	61.224490	62.244898	50.510204	10.714286	1.020408	0.000000	37.755102	1.350000	0.420000	0.260000	1	0	29766.475777	16889.539562	3849883648	2064850944	1785032704	804909056	79900672	1085296640	0	0	0.000000	0.000000	524366.845372	18897689.513288	0	244.036694	5257777.575210	6250617.861654	6897.037059	7031.057211	0.000000	0.000000	0.000000	0.000000	42.520000	0.000000	0.000000	12.190000	2.510000
84	2026-09-24T20:02:06.653844557Z	84014	2	87.817259	89.847716	70.558376	17.258883	2.030457	0.000000	10.152284	1.350000	0.420000	0.260000	5	0	27090.216763	16116.103478	3849883648	2065309696	1784573952	800780288	79900672	1088966656	0	0	0.000000	0.000000	852132.095078	25309961.939371	0	316.060864	7765282.360424	9301262.144051	11010.120219	11232.162978	0.000000	0.000000	0.000000	0.000000	39.710000	0.000000	0.000000	11.790000	2.240000
85	2026-09-24T20:02:07.653770586Z	85014	2	85.148515	86.138614	68.316832	16.831683	0.990099	0.000000	13.861386	1.350000	0.420000	0.260000	5	0	27598.041731	15611.154929	3849883648	2065592320	1784291328	799490048	79900672	1089855488	0	0	0.000000	0.000000	475171.153637	24143610.168424	0	288.021308	7385450.383005	8852059.884242	10388.768571	10577.782555	0.000000	0.000000	0.000000	0.000000	39.710000	0.000000	0.000000	11.790000	2.240000
86	2026-09-24T20:02:08.653798526Z	86014	2	65.989848	70.050761	51.776650	14.213198	4.060914	0.000000	29.949239	1.350000	0.420000	0.260000	3	0	30875.136608	16671.533797	3849883648	2065985536	1783898112	798457856	79900672	1090600960	0	0	0.000000	0.000000	524273.339220	26287392.899345	0	307.991387	5736663.579940	6742684.447572	6796.809934	6911.806718	0.000000	0.000000	0.000000	0.000000	41.210000	0.000000	0.000000	12.010000	2.190000
87	2026-09-24T20:02:09.65380301Z	87014	2	57.142857	62.244898	44.897959	12.244898	5.102041	0.000000	37.755102	1.350000	0.420000	0.260000	3	0	32609.854136	18057.919227	3849883648	2066378752	1783504896	797454336	79900672	1091108864	0	0	0.000000	0.000000	360446.387723	20471716.430012	0	219.999016	4880010.171715	5843897.860245	5982.973238	6054.972916	0.000000	0.000000	0.000000	0.000000	41.210000	0.000000	0.000000	12.010000	2.190000
88	2026-09-24T20:02:10.653776673Z	88014	2	72.959184	76.020408	59.693878	13.265306	3.061224	0.000000	23.979592	1.240000	0.420000	0.260000	3	0	29960.789107	15776.415519	3849883648	2067697664	1782185984	795418624	79900672	1091833856	0	0	0.000000	0.000000	819221.576658	22049348.735747	0	284.007480	6482031.723752	7585665.791266	7343.193405	7386.194538	0.000000	0.000000	0.000000	0.000000	38.820000	0.000000	0.000000	11.640000	2.340000
89	2026-09-24T20:02:11.653819425Z	89014	2	77.500000	82.000000	61.000000	16.500000	4.500000	0.000000	18.000000	1.240000	0.420000	0.260000	4	0	29701.730103	16089.312101	3849883648	2068090880	1781792768	793640960	79900672	1093255168	0	0	0.000000	0.000000	638948.681749	25267143.703271	0	379.983754	6718271.760291	8002236.864363	8254.647073	8333.643695	0.000000	0.000000	0.000000	0.000000	38.820000	0.000000	0.000000	11.640000	2.340000
90	2026-09-24T20:02:12.653756048Z	90014	2	63.402062	66.494845	50.515464	12.886598	3.092784	0.000000	33.505155	1.240000	0.420000	0.260000	5	0	25794.634864	14047.890355	3849883648	2068566016	1781317632	790544384	79900672	1095827456	0	0	0.000000	0.000000	753711.770252	25941612.179380	0	308.019522	5659044.670251	6655647.834960	6708.425180	6799.430948	0.000000	0.000000	0.000000	0.000000	38.670000	0.000000	0.000000	12.070000	2.460000
91	2026-09-24T20:02:13.653796637Z	91014	2	78.109453	83.084577	61.194030	16.915423	4.975124	0.000000	16.915423	1.240000	0.420000	0.260000	6	0	34015.619272	17849.275480	3849883648	2070085632	1779798016	788307968	79900672	1096753152	0	0	0.000000	0.000000	589800.059426	40712587.435363	0	403.983602	6707411.739450	7973700.339530	7991.675610	8056.672972	0.000000	0.000000	0.000000	0.000000	38.670000	0.000000	0.000000	12.070000	2.460000
92	2026-09-24T20:02:14.653803388Z	92014	2	80.512821	81.538462	63.589744	16.410256	1.025641	0.512821	18.461538	1.240000	0.420000	0.260000	6	0	27055.817454	14921.899322	3849883648	2071519232	1778364416	786014208	79900672	1097404416	0	0	0.000000	0.000000	933881.699100	22994788.854160	0	351.997625	7158640.700651	8401280.316562	8763.940870	8886.940040	0.000000	0.000000	0.000000	0.000000	38.180000	0.000000	0.000000	12.960000	2.550000
93	2026-09-24T20:02:15.653807361Z	93014	2	77.777778	82.010582	65.608466	12.169312	4.232804	0.000000	17.989418	1.780000	0.540000	0.300000	5	0	29011.884388	16031.936113	3849883648	2071678976	1778204672	785010688	79900672	1098174464	0	0	0.000000	0.000000	851964.604921	24838045.020391	0	331.998677	7090826.743055	8393911.550262	8341.966757	8427.966415	0.000000	0.000000	0.000000	0.000000	38.180000	0.000000	0.000000	12.960000	2.550000
94	2026-09-24T20:02:16.653923993Z	94014	2	17.171717	25.252525	13.131313	4.040404	8.080808	0.000000	74.747475	1.780000	0.540000	0.300000	2	0	10514.773872	5764.327822	3849883648	2071703552	1778180096	784752640	79900672	1098506240	0	0	0.000000	0.000000	114674.627792	17324059.841382	0	187.978080	1341439.574731	1478884.547273	1448.831052	1452.830585	0.000000	0.000000	0.000000	0.000000	37.060000	0.000000	0.000000	12.790000	3.180000
95	2026-09-24T20:02:17.654584102Z	95015	2	2.525253	10.101010	1.515152	1.010101	7.575758	0.000000	89.898990	1.780000	0.540000	0.300000	1	0	4389.102666	2395.418736	3849883648	2071699456	1778184192	784752640	79900672	1098514432	0	0	0.000000	0.000000	0.000000	13053527.105687	0	127.915560	58269.535114	58269.535114	62.958440	62.958440	0.000000	0.000000	0.000000	0.000000	37.060000	0.000000	0.000000	12.790000	3.180000
96	2026-09-24T20:02:18.654022546Z	96014	2	3.500000	8.000000	2.500000	1.000000	4.500000	0.000000	92.000000	1.780000	0.540000	0.300000	1	0	4246.384566	2334.310837	3849883648	2071666688	1778216960	784752640	79900672	1098522624	0	0	0.000000	0.000000	0.000000	9040852.909033	0	76.042702	58340.761371	58340.761371	63.035398	63.035398	0.000000	0.000000	0.000000	0.000000	30.350000	0.000000	0.000000	11.560000	3.510000
97	2026-09-24T20:02:19.654363859Z	97014	2	3.030303	5.555556	2.020202	1.010101	2.525253	0.000000	94.444444	1.780000	0.540000	0.300000	1	0	4116.594965	2290.218326	3849883648	2071666688	1778216960	784752640	79904768	1098522624	0	0	0.000000	0.000000	0.000000	4139643.098414	0	59.979528	58288.105687	58288.105687	62.978505	62.978505	0.000000	0.000000	0.000000	0.000000	30.350000	0.000000	0.000000	11.560000	3.510000
98	2026-09-24T20:02:20.653795838Z	98014	2	1.522843	3.045685	1.015228	0.507614	1.522843	0.000000	96.954315	1.640000	0.530000	0.300000	1	0	3332.893140	1926.094054	3849883648	2071650304	1778233344	784752640	79904768	1098530816	0	0	0.000000	0.000000	0.000000	1143433.489660	0	36.020460	58341.138759	58341.138759	63.035805	63.035805	0.000000	0.000000	0.000000	0.000000	24.850000	0.000000	0.000000	9.820000	3.230000
99	2026-09-24T20:02:21.653866957Z	99014	2	2.538071	2.538071	2.538071	0.000000	0.000000	0.000000	97.461929	1.640000	0.530000	0.300000	2	0	2796.801094	1660.881880	3849883648	2071646208	1778237440	784752640	79904768	1098539008	0	0	0.000000	0.000000	0.000000	298986.736362	0	19.998578	58563.834999	58633.830021	67.995164	67.995164	0.000000	0.000000	0.000000	0.000000	24.850000	0.000000	0.000000	9.820000	3.230000
100	2026-09-24T20:02:22.653793572Z	100014	2	2.020202	2.525253	1.515152	0.505051	0.505051	0.000000	97.474747	1.640000	0.530000	0.300000	1	0	3136.229958	1820.133458	3849883648	2071900160	1777983488	784494592	79904768	1098539008	0	0	0.000000	0.000000	0.000000	24577.802118	0	8.000587	58468.287070	58510.290150	66.004840	66.004840	0.000000	0.000000	0.000000	0.000000	20.350000	0.000000	0.000000	8.040000	2.650000
101	2026-09-24T20:02:23.654186595Z	101014	2	1.522843	1.522843	1.522843	0.000000	0.000000	0.000000	98.477157	1.640000	0.530000	0.300000	1	0	3173.752858	1890.257214	3849883648	2071900160	1777983488	784494592	79904768	1098543104	0	0	0.000000	0.000000	0.000000	0.000000	0	0.000000	60252.323548	60252.323548	68.972897	68.972897	0.000000	0.000000	0.000000	0.000000	20.350000	0.000000	0.000000	8.040000	2.650000
102	2026-09-24T20:02:24.65454814Z	102015	2	1.530612	1.530612	1.020408	0.510204	0.000000	0.000000	98.469388	1.640000	0.530000	0.300000	1	0	3016.909242	1723.376917	3849883648	2071900160	1777983488	784494592	79904768	1098543104	0	0	0.000000	0.000000	0.000000	0.000000	0	0.000000	58286.926478	58286.926478	62.977231	62.977231	0.000000	0.000000	0.000000	0.000000	16.660000	0.000000	0.000000	6.590000	2.170000
103	2026-09-24T20:02:25.65396907Z	103014	2	3.000000	3.000000	2.500000	0.500000	0.000000	0.000000	97.000000	1.510000	0.520000	0.300000	1	0	2991.732431	1787.034824	3849883648	2072145920	1777737728	784236544	79904768	1098555392	0	0	0.000000	0.000000	0.000000	0.000000	0	0.000000	58445.844410	58473.860634	65.037662	65.037662	0.000000	0.000000	0.000000	0.000000	16.660000	0.000000	0.000000	6.590000	2.170000
104	2026-09-24T20:02:26.65374536Z	104014	2	0.512821	0.512821	0.512821	0.000000	0.000000	0.000000	99.487179	1.510000	0.520000	0.300000	1	0	3114.696814	1856.415314	3849883648	2072141824	1777741824	784236544	79904768	1098559488	0	0	0.000000	0.000000	0.000000	0.000000	0	0.000000	58425.070740	58453.077005	65.014545	65.014545	0.000000	0.000000	0.000000	0.000000	13.640000	0.000000	0.000000	5.390000	1.770000
105	2026-09-24T20:02:27.654328135Z	105014	2	3.535354	3.535354	3.030303	0.505051	0.000000	0.000000	96.464646	1.510000	0.520000	0.300000	1	0	3697.844948	2141.751817	3849883648	2072125440	1777758208	784236544	79904768	1098571776	0	0	0.000000	0.000000	0.000000	45029.757288	0	15.990681	58603.846499	58681.801068	68.959811	68.959811	0.000000	0.000000	0.000000	0.000000	13.640000	0.000000	0.000000	5.390000	1.770000
106	2026-09-24T20:02:28.653794006Z	106014	2	1.515152	2.525253	1.515152	0.000000	1.010101	0.000000	97.474747	1.510000	0.520000	0.300000	1	0	3201.710174	1922.026639	3849883648	2072125440	1777758208	784236544	79904768	1098575872	0	0	0.000000	0.000000	0.000000	372935.201100	0	16.008551	58391.189303	58405.196785	64.034203	64.034203	0.000000	0.000000	0.000000	0.000000	11.170000	0.000000	0.000000	4.410000	1.450000
107	2026-09-24T20:02:29.653795281Z	107014	2	3.015075	3.015075	2.010050	0.502513	0.000000	0.502513	96.984925	1.510000	0.520000	0.300000	1	0	3458.995507	2009.997389	3849883648	2072121344	1777762304	784236544	79904768	1098579968	0	0	0.000000	0.000000	0.000000	24575.968076	0	7.999990	58723.923718	58779.923645	70.999908	70.999908	0.000000	0.000000	0.000000	0.000000	11.170000	0.000000	0.000000	4.410000	1.450000
108	2026-09-24T20:02:30.653795088Z	108014	2	2.030457	2.030457	2.030457	0.000000	0.000000	0.000000	97.969543	1.390000	0.510000	0.290000	1	0	3501.000721	2017.000416	3849883648	2072121344	1777762304	784236544	79904768	1098584064	0	0	0.000000	0.000000	0.000000	0.000000	0	0.000000	59036.012161	59232.012202	77.000016	77.000016	0.000000	0.000000	0.000000	0.000000	9.140000	0.000000	0.000000	3.610000	1.190000
109	2026-09-24T20:02:31.653801865Z	109014	2	3.000000	3.000000	2.500000	0.500000	0.000000	0.000000	97.000000	1.390000	0.510000	0.290000	1	0	2589.982479	1635.988933	3849883648	2072379392	1777504256	783978496	79904768	1098588160	0	0	0.000000	0.000000	0.000000	0.000000	0	0.000000	59763.595699	60099.593426	90.999384	90.999384	0.000000	0.000000	0.000000	0.000000	9.140000	0.000000	0.000000	3.610000	1.190000
110	2026-09-24T20:02:32.653794033Z	110014	2	0.512821	0.512821	0.512821	0.000000	0.000000	0.000000	99.487179	1.390000	0.510000	0.290000	1	0	3160.024696	1831.014309	3849883648	2072358912	1777524736	783978496	79904768	1098596352	0	0	0.000000	0.000000	0.000000	0.000000	0	0.000000	58308.455681	58308.455681	63.000492	63.000492	0.000000	0.000000	0.000000	0.000000	7.490000	0.000000	0.000000	2.960000	0.970000
111	2026-09-24T20:02:33.653795422Z	111014	2	4.477612	4.477612	3.980100	0.497512	0.000000	0.000000	95.522388	1.390000	0.510000	0.290000	1	0	3200.995298	1868.997254	3849883648	2072358912	1777524736	783978496	79904768	1098600448	0	0	0.000000	0.000000	0.000000	786430.844733	0	3.999994	60275.911455	60275.911455	68.999899	68.999899	0.000000	0.000000	0.000000	0.000000	7.490000	0.000000	0.000000	2.960000	0.970000
112	2026-09-24T20:02:34.654129108Z	112014	2	2.020202	2.020202	1.515152	0.505051	0.000000	0.000000	97.979798	1.390000	0.510000	0.290000	1	0	2657.113571	1600.466075	3849883648	2072354816	1777528832	783978496	79904768	1098604544	0	0	0.000000	0.000000	0.000000	32757.072044	0	7.997332	58288.554588	58288.554588	62.978990	62.978990	0.000000	0.000000	0.000000	0.000000	6.130000	0.000000	0.000000	2.420000	0.790000
113	2026-09-24T20:02:35.654487572Z	113015	2	2.020202	2.020202	1.515152	0.505051	0.000000	0.000000	97.979798	1.270000	0.510000	0.290000	1	0	2921.952585	1692.393338	3849883648	2072612864	1777270784	783720448	79904768	1098612736	0	0	0.000000	0.000000	0.000000	0.000000	0	0.000000	58287.106171	58287.106171	62.977425	62.977425	0.000000	0.000000	0.000000	0.000000	6.130000	0.000000	0.000000	2.420000	0.790000
114	2026-09-24T20:02:36.653797385Z	114014	2	2.020202	2.020202	2.020202	0.000000	0.000000	0.000000	97.979798	1.270000	0.510000	0.290000	1	0	2844.963540	1685.163068	3849883648	2072596480	1777287168	783720448	79904768	1098616832	0	0	0.000000	0.000000	0.000000	0.000000	0	0.000000	58400.306782	58414.316451	64.044202	64.044202	0.000000	0.000000	0.000000	0.000000	5.020000	0.000000	0.000000	1.980000	0.650000
115	2026-09-24T20:02:37.653831073Z	115014	2	1.530612	1.530612	1.530612	0.000000	0.000000	0.000000	98.469388	1.270000	0.510000	0.290000	1	0	3417.884882	2034.931461	3849883648	2072592384	1777291264	783720448	79904768	1098625024	0	0	0.000000	0.000000	0.000000	24575.172284	0	3.999865	58698.022992	58810.019220	70.997609	70.997609	0.000000	0.000000	0.000000	0.000000	5.020000	0.000000	0.000000	1.980000	0.650000
116	2026-09-24T20:02:38.654333524Z	116014	2	3.000000	4.000000	2.500000	0.500000	1.000000	0.000000	96.000000	1.270000	0.510000	0.290000	1	0	3214.384929	1884.053356	3849883648	2072584192	1777299456	783720448	79904768	1098633216	0	0	0.000000	0.000000	0.000000	372548.812477	0	15.991965	58278.717800	58278.717800	62.968361	62.968361	0.000000	0.000000	0.000000	0.000000	4.110000	0.000000	0.000000	1.620000	0.530000
117	2026-09-24T20:02:39.653793865Z	117014	2	2.538071	2.538071	2.030457	0.507614	0.000000	0.000000	97.461929	1.270000	0.510000	0.290000	1	0	2686.449778	1649.890385	3849883648	2072580096	1777303552	783720448	79904768	1098633216	0	0	0.000000	0.000000	0.000000	24589.269919	0	8.004320	58339.483661	58339.483661	63.034017	63.034017	0.000000	0.000000	0.000000	0.000000	4.110000	0.000000	0.000000	1.620000	0.530000
118	2026-09-24T20:02:40.654132594Z	118014	2	2.020202	2.020202	2.020202	0.000000	0.000000	0.000000	97.979798	1.170000	0.500000	0.290000	1	0	3299.882264	1938.343444	3849883648	2072580096	1777303552	783720448	79904768	1098637312	0	0	0.000000	0.000000	0.000000	0.000000	0	0.000000	58392.221387	58420.211906	64.977991	64.977991	0.000000	0.000000	0.000000	0.000000	3.360000	0.000000	0.000000	1.330000	0.430000
119	2026-09-24T20:02:41.654491817Z	119015	2	1.522843	1.522843	1.522843	0.000000	0.000000	0.000000	98.477157	1.170000	0.500000	0.290000	1	0	3038.908312	1762.366893	3849883648	2072576000	1777307648	783720448	79904768	1098641408	0	0	0.000000	0.000000	0.000000	0.000000	0	0.000000	58391.023784	58419.013729	64.976658	64.976658	0.000000	0.000000	0.000000	0.000000	3.360000	0.000000	0.000000	1.330000	0.430000
120	2026-09-24T20:02:42.653800928Z	120014	2	2.030457	2.030457	1.522843	0.507614	0.000000	0.000000	97.969543	1.170000	0.500000	0.290000	1	0	2978.057522	1802.245160	3849883648	2072576000	1777307648	783720448	79904768	1098645504	0	0	0.000000	0.000000	0.000000	0.000000	0	0.000000	58556.456304	58612.495021	67.046322	67.046322	0.000000	0.000000	0.000000	0.000000	2.750000	0.000000	0.000000	1.080000	0.350000
121	2026-09-24T20:02:43.653795856Z	121014	2	2.512563	2.512563	2.512563	0.000000	0.000000	0.000000	97.487437	1.170000	0.500000	0.290000	1	0	3017.015293	1769.008967	3849883648	2072576000	1777307648	783720448	79904768	1098649600	0	0	0.000000	0.000000	0.000000	0.000000	0	0.000000	60404.306189	60432.306331	71.000360	71.000360	0.000000	0.000000	0.000000	0.000000	2.750000	0.000000	0.000000	1.080000	0.350000
122	2026-09-24T20:02:44.654158988Z	122014	2	3.500000	5.500000	2.500000	0.500000	2.000000	0.500000	94.500000	1.170000	0.500000	0.290000	1	0	3615.687061	2109.234089	3849883648	2072809472	1777074176	783462400	79904768	1098661888	0	0	0.000000	0.000000	0.000000	6215471.019517	0	59.978221	58702.683705	58758.663378	70.974228	70.974228	0.000000	0.000000	0.000000	0.000000	2.250000	0.000000	0.000000	1.070000	0.470000
123	2026-09-24T20:02:45.654730295Z	123015	2	2.030457	2.030457	2.030457	0.000000	0.000000	0.000000	97.969543	1.080000	0.490000	0.290000	1	0	3266.134012	1950.885432	3849883648	2072809472	1777074176	783462400	79904768	1098665984	0	0	0.000000	0.000000	0.000000	0.000000	0	0.000000	58950.320856	59132.216937	75.956605	75.956605	0.000000	0.000000	0.000000	0.000000	2.250000	0.000000	0.000000	1.070000	0.470000
124	2026-09-24T20:02:46.653796156Z	124014	2	1.530612	1.530612	1.530612	0.000000	0.000000	0.000000	98.469388	1.080000	0.490000	0.290000	1	0	2830.644209	1695.583908	3849883648	2072809472	1777074176	783462400	79904768	1098674176	0	0	0.000000	0.000000	0.000000	0.000000	0	0.000000	60080.123066	60430.450320	96.089761	96.089761	0.000000	0.000000	0.000000	0.000000	1.840000	0.000000	0.000000	0.870000	0.380000
125	2026-09-24T20:02:47.65415017Z	125014	2	2.020202	2.020202	1.515152	0.505051	0.000000	0.000000	97.979798	1.080000	0.490000	0.290000	1	0	2725.035302	1624.424932	3849883648	2072809472	1777074176	783462400	79904768	1098678272	0	0	0.000000	0.000000	0.000000	0.000000	0	0.000000	58287.365515	58287.365515	62.977705	62.977705	0.000000	0.000000	0.000000	0.000000	1.840000	0.000000	0.000000	0.870000	0.380000
126	2026-09-24T20:02:48.653802763Z	126014	2	2.020202	2.020202	1.515152	0.505051	0.000000	0.000000	97.979798	1.080000	0.490000	0.290000	1	0	3103.078037	1806.627639	3849883648	2072809472	1777074176	783462400	79904768	1098686464	0	0	0.000000	0.000000	0.000000	0.000000	0	0.000000	58356.273495	58370.278360	64.022242	64.022242	0.000000	0.000000	0.000000	0.000000	1.510000	0.000000	0.000000	0.710000	0.310000
127	2026-09-24T20:02:49.653795746Z	127014	2	2.020202	2.020202	2.020202	0.000000	0.000000	0.000000	97.979798	1.080000	0.490000	0.290000	1	0	2764.019359	1651.011564	3849883648	2072805376	1777078272	783462400	79904768	1098686464	0	0	0.000000	0.000000	0.000000	24576.172132	0	8.000056	58308.408392	58308.408392	63.000441	63.000441	0.000000	0.000000	0.000000	0.000000	1.510000	0.000000	0.000000	0.710000	0.310000
128	2026-09-24T20:02:50.654159923Z	128014	2	2.030457	2.030457	1.522843	0.507614	0.000000	0.000000	97.969543	0.990000	0.480000	0.290000	1	0	3056.886822	1839.330201	3849883648	2072776704	1777106944	783462400	79904768	1098698752	0	0	0.000000	0.000000	0.000000	192441.921505	0	3.998544	58286.774638	58286.774638	62.977067	62.977067	0.000000	0.000000	0.000000	0.000000	1.230000	0.000000	0.000000	0.580000	0.250000
129	2026-09-24T20:02:51.654523309Z	129015	2	2.525253	2.525253	2.525253	0.000000	0.000000	0.000000	97.474747	0.990000	0.480000	0.290000	1	0	2940.931263	1720.374814	3849883648	2072776704	1777106944	783462400	79904768	1098698752	0	0	0.000000	0.000000	0.000000	0.000000	0	0.000000	58338.799622	58352.794536	63.976751	63.976751	0.000000	0.000000	0.000000	0.000000	1.230000	0.000000	0.000000	0.580000	0.250000
130	2026-09-24T20:02:52.653795367Z	130014	2	2.020202	2.020202	2.020202	0.000000	0.000000	0.000000	97.979798	0.990000	0.480000	0.290000	1	0	3073.237135	1802.311977	3849883648	2072772608	1777111040	783462400	79904768	1098702848	0	0	0.000000	0.000000	0.000000	0.000000	0	0.000000	58714.740867	58812.812257	70.050993	70.050993	0.000000	0.000000	0.000000	0.000000	1.010000	0.000000	0.000000	0.480000	0.210000
131	2026-09-24T20:02:53.653803345Z	131014	2	2.525253	2.525253	2.525253	0.000000	0.000000	0.000000	97.474747	0.990000	0.480000	0.290000	1	0	3330.973442	1956.984397	3849883648	2072764416	1777119232	783462400	79904768	1098706944	0	0	0.000000	0.000000	0.000000	0.000000	0	0.000000	60275.519423	60275.519423	68.999450	68.999450	0.000000	0.000000	0.000000	0.000000	1.010000	0.000000	0.000000	0.480000	0.210000
132	2026-09-24T20:02:54.654169972Z	132014	2	2.500000	3.000000	2.000000	0.500000	0.500000	0.000000	97.000000	0.990000	0.480000	0.290000	1	0	2953.917014	1716.370732	3849883648	2072760320	1777123328	783462400	79904768	1098715136	0	0	0.000000	0.000000	0.000000	110551.468847	0	11.995602	58286.630548	58286.630548	62.976911	62.976911	0.000000	0.000000	0.000000	0.000000	0.820000	0.000000	0.000000	0.390000	0.170000
133	2026-09-24T20:02:55.6540188Z	133014	2	0.512821	0.512821	0.512821	0.000000	0.000000	0.000000	99.487179	0.910000	0.470000	0.280000	1	0	2794.422472	1669.252364	3849883648	2072760320	1777123328	783462400	79904768	1098719232	0	0	0.000000	0.000000	0.000000	0.000000	0	0.000000	58524.848021	58448.836529	67.010131	65.009828	0.000000	0.000000	0.000000	0.000000	0.820000	0.000000	0.000000	0.390000	0.170000
134	2026-09-24T20:02:56.65440484Z	134014	2	3.015075	3.015075	2.512563	0.502513	0.000000	0.000000	96.984925	0.910000	0.470000	0.280000	1	0	3405.685222	2000.227804	3849883648	2072760320	1777123328	783462400	79904768	1098723328	0	0	0.000000	0.000000	0.000000	0.000000	0	0.000000	58441.438449	58417.447711	65.974530	64.974916	0.000000	0.000000	0.000000	0.000000	0.670000	0.000000	0.000000	0.320000	0.140000
135	2026-09-24T20:02:57.653771271Z	135014	2	3.015075	3.015075	2.512563	0.502513	0.000000	0.000000	96.984925	0.910000	0.470000	0.280000	1	0	3449.185304	2007.271749	3849883648	2072760320	1777123328	783462400	79904768	1098735616	0	0	0.000000	0.000000	0.000000	0.000000	0	0.000000	58553.097545	58609.133047	67.042476	67.042476	0.000000	0.000000	0.000000	0.000000	0.670000	0.000000	0.000000	0.320000	0.140000
136	2026-09-24T20:02:58.653793909Z	136014	2	1.020408	1.020408	1.020408	0.000000	0.000000	0.000000	98.979592	0.910000	0.470000	0.280000	1	0	2543.942395	1549.964903	3849883648	2072739840	1777143808	783462400	79904768	1098743808	0	0	0.000000	0.000000	0.000000	0.000000	0	0.000000	58306.679704	58306.679704	62.998573	62.998573	0.000000	0.000000	0.000000	0.000000	0.550000	0.000000	0.000000	0.260000	0.110000
137	2026-09-24T20:02:59.653861524Z	137014	2	2.030457	2.030457	1.522843	0.507614	0.000000	0.000000	97.969543	0.910000	0.470000	0.280000	2	0	3263.779329	1919.870194	3849883648	2072739840	1777143808	783462400	79904768	1098743808	0	0	0.000000	0.000000	0.000000	16382.892320	0	3.999730	58848.021168	58932.015489	72.995065	72.995065	0.000000	0.000000	0.000000	0.000000	0.550000	0.000000	0.000000	0.260000	0.110000
138	2026-09-24T20:03:00.654326294Z	138014	2	2.020202	2.020202	1.515152	0.000000	0.000000	0.505051	97.979798	0.840000	0.460000	0.280000	1	0	2952.627707	1749.187030	3849883648	2072727552	1777156096	783462400	79904768	1098756096	0	0	0.000000	0.000000	0.000000	0.000000	0	0.000000	59060.550428	59204.483532	77.963765	76.964229	0.000000	0.000000	0.000000	0.000000	0.450000	0.000000	0.000000	0.210000	0.090000
139	2026-09-24T20:03:01.654672847Z	139015	2	2.020202	2.020202	2.020202	0.000000	0.000000	0.000000	97.979798	0.840000	0.460000	0.280000	1	0	3188.894879	1946.325495	3849883648	2072727552	1777156096	783462400	79904768	1098756096	0	0	0.000000	0.000000	0.000000	0.000000	0	0.000000	59743.295782	60079.179380	90.968475	90.968475	0.000000	0.000000	0.000000	0.000000	0.450000	0.000000	0.000000	0.210000	0.090000
140	2026-09-24T20:03:02.653795431Z	140014	2	2.020202	2.020202	1.515152	0.505051	0.000000	0.000000	97.979798	0.840000	0.460000	0.280000	1	0	2899.544115	1665.461307	3849883648	2072727552	1777156096	783462400	79904768	1098760192	0	0	0.000000	0.000000	0.000000	0.000000	0	0.000000	58359.205476	58359.205476	63.055326	63.055326	0.000000	0.000000	0.000000	0.000000	0.370000	0.000000	0.000000	0.170000	0.070000
141	2026-09-24T20:03:03.654164721Z	141014	2	3.015075	3.015075	2.512563	0.502513	0.000000	0.000000	96.984925	0.840000	0.460000	0.280000	1	0	3232.806154	1908.295284	3849883648	2072727552	1777156096	783462400	79904768	1098760192	0	0	0.000000	0.000000	0.000000	0.000000	0	0.000000	60253.748833	60253.748833	68.974528	68.974528	0.000000	0.000000	0.000000	0.000000	0.370000	0.000000	0.000000	0.170000	0.070000
142	2026-09-24T20:03:04.653806229Z	142014	2	3.015075	3.015075	2.512563	0.502513	0.000000	0.000000	96.984925	0.840000	0.460000	0.280000	1	0	2727.977945	1636.586695	3849883648	2072973312	1776910336	783204352	79904768	1098776576	0	0	0.000000	0.000000	0.000000	16389.875557	0	4.001434	58328.910156	58328.910156	63.022593	63.022593	0.000000	0.000000	0.000000	0.000000	0.300000	0.000000	0.000000	0.140000	0.060000
143	2026-09-24T20:03:05.653798213Z	143014	2	1.522843	1.522843	1.522843	0.000000	0.000000	0.000000	98.477157	0.770000	0.460000	0.280000	1	0	3109.024754	1793.014276	3849883648	2072952832	1776930816	783204352	79904768	1098776576	0	0	0.000000	0.000000	0.000000	0.000000	0	0.000000	58308.464252	58308.464252	63.000502	63.000502	0.000000	0.000000	0.000000	0.000000	0.300000	0.000000	0.000000	0.140000	0.060000
144	2026-09-24T20:03:06.654260957Z	144014	2	1.522843	1.522843	1.522843	0.000000	0.000000	0.000000	98.477157	0.770000	0.460000	0.280000	1	0	2714.743926	1656.233684	3849883648	2072948736	1776934912	783204352	79904768	1098784768	0	0	0.000000	0.000000	0.000000	0.000000	0	0.000000	58696.841793	58742.820519	70.967164	69.967627	0.000000	0.000000	0.000000	0.000000	0.240000	0.000000	0.000000	0.110000	0.050000
145	2026-09-24T20:03:07.653794011Z	145014	2	2.512563	2.512563	2.010050	0.502513	0.000000	0.000000	97.487437	0.770000	0.460000	0.280000	1	0	3065.431428	1788.835311	3849883648	2072948736	1776934912	783204352	79904768	1098792960	0	0	0.000000	0.000000	0.000000	0.000000	0	0.000000	58647.385866	58533.332608	69.032235	66.030834	0.000000	0.000000	0.000000	0.000000	0.240000	0.000000	0.000000	0.110000	0.050000
146	2026-09-24T20:03:08.654257079Z	146014	2	2.512563	2.512563	2.010050	0.502513	0.000000	0.000000	97.487437	0.770000	0.460000	0.280000	1	0	3049.587803	1785.173326	3849883648	2072948736	1776934912	783204352	79904768	1098797056	0	0	0.000000	0.000000	0.000000	0.000000	0	0.000000	58281.011346	58281.011346	62.970840	62.970840	0.000000	0.000000	0.000000	0.000000	0.200000	0.000000	0.000000	0.090000	0.040000
147	2026-09-24T20:03:09.654260719Z	147014	2	2.020202	2.020202	1.010101	1.010101	0.000000	0.000000	97.979798	0.770000	0.460000	0.280000	1	0	3088.988747	1857.993231	3849883648	2072948736	1776934912	783204352	79904768	1098801152	0	0	0.000000	0.000000	0.000000	16383.940313	0	3.999985	58307.787585	58307.787585	62.999770	62.999770	0.000000	0.000000	0.000000	0.000000	0.200000	0.000000	0.000000	0.090000	0.040000
148	2026-09-24T20:03:10.653795955Z	148014	2	1.530612	1.530612	1.530612	0.000000	0.000000	0.000000	98.469388	0.710000	0.450000	0.280000	1	0	2949.370767	1700.790470	3849883648	2072948736	1776934912	783204352	79904768	1098805248	0	0	0.000000	0.000000	0.000000	0.000000	0	0.000000	58335.112177	58335.112177	63.029294	63.029294	0.000000	0.000000	0.000000	0.000000	0.160000	0.000000	0.000000	0.070000	0.030000
149	2026-09-24T20:03:11.654115682Z	149014	2	2.020202	2.020202	1.515152	0.505051	0.000000	0.000000	97.979798	0.710000	0.450000	0.280000	1	0	2716.131569	1633.477727	3849883648	2072948736	1776934912	783204352	79904768	1098809344	0	0	0.000000	0.000000	0.000000	0.000000	0	0.000000	58601.263359	58883.173224	68.977946	71.976987	0.000000	0.000000	0.000000	0.000000	0.160000	0.000000	0.000000	0.070000	0.030000
150	2026-09-24T20:03:12.654460028Z	150015	2	1.015228	1.015228	1.015228	0.000000	0.000000	0.000000	98.984772	0.710000	0.450000	0.280000	1	0	2610.101227	1556.464041	3849883648	2072948736	1776934912	783204352	79904768	1098817536	0	0	0.000000	0.000000	0.000000	0.000000	0	0.000000	58287.928901	58287.928901	62.978314	62.978314	0.000000	0.000000	0.000000	0.000000	0.130000	0.000000	0.000000	0.060000	0.020000
151	2026-09-24T20:03:13.653793705Z	151014	2	2.030457	2.030457	2.030457	0.000000	0.000000	0.000000	97.969543	0.710000	0.450000	0.280000	1	0	3398.264352	1961.306870	3849883648	2072932352	1776951296	783204352	79904768	1098821632	0	0	0.000000	0.000000	0.000000	0.000000	0	0.000000	60472.294262	60712.454287	72.048007	75.050008	0.000000	0.000000	0.000000	0.000000	0.130000	0.000000	0.000000	0.060000	0.020000
152	2026-09-24T20:03:14.653794397Z	152014	2	1.015228	1.015228	0.507614	0.507614	0.000000	0.000000	98.984772	0.710000	0.450000	0.280000	1	0	2798.997873	1723.998690	3849883648	2072907776	1776975872	783204352	79904768	1098829824	0	0	0.000000	0.000000	0.000000	16383.987548	0	7.999994	58723.955370	58647.955428	70.999946	68.999948	0.000000	0.000000	0.000000	0.000000	0.110000	0.000000	0.000000	0.050000	0.020000
153	2026-09-24T20:03:15.653796705Z	153014	2	2.020202	2.020202	1.515152	0.000000	0.000000	0.505051	97.979798	0.650000	0.440000	0.280000	1	0	2946.993248	1777.995927	3849883648	2072899584	1776984064	783204352	79904768	1098833920	0	0	0.000000	0.000000	0.000000	0.000000	0	0.000000	60203.862073	60641.861069	98.999773	97.999775	0.000000	0.000000	0.000000	0.000000	0.110000	0.000000	0.000000	0.050000	0.020000
154	2026-09-24T20:03:16.653806561Z	154014	2	1.010101	1.010101	1.010101	0.000000	0.000000	0.000000	98.989899	0.650000	0.440000	0.280000	1	0	2867.971862	1725.983066	3849883648	2072907776	1776975872	783204352	79904768	1098833920	0	0	0.000000	0.000000	0.000000	0.000000	0	0.000000	60491.406519	60627.405185	104.998970	98.999029	0.000000	0.000000	0.000000	0.000000	0.090000	0.000000	0.000000	0.040000	0.010000
155	2026-09-24T20:03:17.654093345Z	155014	2	1.010101	1.010101	0.505051	0.505051	0.000000	0.000000	98.989899	0.650000	0.440000	0.280000	1	0	2787.200692	1662.523225	3849883648	2072907776	1776975872	783204352	79904768	1098846208	0	0	0.000000	0.000000	0.000000	0.000000	0	0.000000	58291.283342	58291.283342	62.981938	62.981938	0.000000	0.000000	0.000000	0.000000	0.090000	0.000000	0.000000	0.040000	0.010000
156	2026-09-24T20:03:18.65440617Z	156014	2	0.505051	0.505051	0.505051	0.000000	0.000000	0.000000	99.494949	0.650000	0.440000	0.280000	1	0	2936.081520	1653.482749	3849883648	2072907776	1776975872	783204352	79904768	1098850304	0	0	0.000000	0.000000	0.000000	0.000000	0	0.000000	58289.765504	58289.765504	62.980298	62.980298	0.000000	0.000000	0.000000	0.000000	0.070000	0.000000	0.000000	0.030000	0.010000
157	2026-09-24T20:03:19.653762513Z	157014	2	0.505051	1.010101	0.000000	0.505051	0.505051	0.000000	98.989899	0.650000	0.440000	0.280000	1	0	2855.838183	1664.071093	3849883648	2072907776	1776975872	783204352	79904768	1098854400	0	0	0.000000	0.000000	0.000000	16394.552485	0	8.005153	58345.554583	58345.554583	63.040577	63.040577	0.000000	0.000000	0.000000	0.000000	0.070000	0.000000	0.000000	0.030000	0.010000
158	2026-09-24T20:03:20.654068924Z	158014	2	0.507614	0.507614	0.507614	0.000000	0.000000	0.000000	99.492386	0.600000	0.430000	0.270000	1	0	3146.036055	1762.459982	3849883648	2072907776	1776975872	783204352	79904768	1098858496	0	0	0.000000	0.000000	0.000000	0.000000	0	0.000000	58290.139901	58290.139901	62.980703	62.980703	0.000000	0.000000	0.000000	0.000000	0.060000	0.000000	0.000000	0.020000	0.010000
159	2026-09-24T20:03:21.653796876Z	159014	2	1.515152	1.515152	1.515152	0.000000	0.000000	0.000000	98.484848	0.600000	0.430000	0.270000	2	0	2688.731456	1578.429404	3849883648	2072875008	1777008640	783204352	79904768	1098862592	0	0	0.000000	0.000000	0.000000	155690.354783	0	4.001088	58323.866716	58323.866716	63.017143	63.017143	0.000000	0.000000	0.000000	0.000000	0.060000	0.000000	0.000000	0.020000	0.010000
160	2026-09-24T20:03:22.654303274Z	160014	2	0.000000	0.000000	0.000000	0.000000	0.000000	0.000000	100.000000	0.600000	0.430000	0.270000	1	0	3057.451713	1786.095525	3849883648	2072870912	1777012736	783204352	79904768	1098870784	0	0	0.000000	0.000000	0.000000	0.000000	0	0.000000	58278.487890	58278.487890	62.968113	62.968113	0.000000	0.000000	0.000000	0.000000	0.040000	0.000000	0.000000	0.020000	0.000000
161	2026-09-24T20:03:23.653749406Z	161014	2	0.507614	0.507614	0.000000	0.507614	0.000000	0.000000	99.492386	0.600000	0.430000	0.270000	1	0	2887.599285	1646.912136	3849883648	2072870912	1777012736	783204352	79904768	1098878976	0	0	0.000000	0.000000	0.000000	0.000000	0	0.000000	60309.402121	60309.402121	69.038237	69.038237	0.000000	0.000000	0.000000	0.000000	0.040000	0.000000	0.000000	0.020000	0.000000
162	2026-09-24T20:03:24.653796495Z	162014	2	1.010101	1.010101	1.010101	0.000000	0.000000	0.000000	98.989899	0.600000	0.430000	0.270000	1	0	2662.874467	1563.926273	3849883648	2072858624	1777025024	783204352	79904768	1098878976	0	0	0.000000	0.000000	0.000000	90107.752140	0	7.999623	58305.251374	58305.251374	62.997030	62.997030	0.000000	0.000000	0.000000	0.000000	0.040000	0.000000	0.000000	0.010000	0.000000
163	2026-09-24T20:03:25.653967168Z	163014	2	0.000000	0.000000	0.000000	0.000000	0.000000	0.000000	100.000000	0.550000	0.430000	0.270000	1	0	2813.519994	1637.720593	3849883648	2072858624	1777025024	783204352	79904768	1098883072	0	0	0.000000	0.000000	0.000000	0.000000	0	0.000000	58298.053944	58298.053944	62.989254	62.989254	0.000000	0.000000	0.000000	0.000000	0.040000	0.000000	0.000000	0.010000	0.000000
164	2026-09-24T20:03:26.654393828Z	164014	2	1.500000	1.500000	1.000000	0.500000	0.000000	0.000000	98.500000	0.550000	0.430000	0.270000	1	0	2991.723548	1662.290765	3849883648	2072858624	1777025024	783204352	79904768	1098891264	0	0	0.000000	0.000000	0.000000	45036.784560	0	3.998294	58283.132860	58283.132860	62.973132	62.973132	0.000000	0.000000	0.000000	0.000000	0.030000	0.000000	0.000000	0.010000	0.000000
165	2026-09-24T20:03:27.653802851Z	165014	2	0.507614	0.507614	0.507614	0.000000	0.000000	0.000000	99.492386	0.550000	0.430000	0.270000	1	0	2874.698884	1657.979830	3849883648	2073116672	1776766976	782946304	79904768	1098903552	0	0	0.000000	0.000000	0.000000	0.000000	0	0.000000	58342.479122	58342.479122	63.037254	63.037254	0.000000	0.000000	0.000000	0.000000	0.030000	0.000000	0.000000	0.010000	0.000000
166	2026-09-24T20:03:28.654763524Z	166015	2	1.010101	1.010101	0.505051	0.505051	0.000000	0.000000	98.989899	0.550000	0.430000	0.270000	1	0	2707.399075	1595.467278	3849883648	2073104384	1776779264	782946304	79904768	1098907648	0	0	0.000000	0.000000	0.000000	0.000000	0	0.000000	58252.038839	58252.038839	62.939536	62.939536	0.000000	0.000000	0.000000	0.000000	0.020000	0.000000	0.000000	0.010000	0.000000
167	2026-09-24T20:03:29.653796146Z	167014	2	1.010101	1.010101	1.010101	0.000000	0.000000	0.000000	98.989899	0.550000	0.430000	0.270000	1	0	2721.632270	1574.522825	3849883648	2073104384	1776779264	782946304	79904768	1098915840	0	0	0.000000	0.000000	0.000000	28699.757430	0	4.003872	58572.649475	58572.649475	67.064863	67.064863	0.000000	0.000000	0.000000	0.000000	0.020000	0.000000	0.000000	0.010000	0.000000
168	2026-09-24T20:03:30.653795133Z	168014	2	0.507614	0.507614	0.507614	0.000000	0.000000	0.000000	99.492386	0.510000	0.420000	0.270000	1	0	2975.003644	1731.002120	3849883648	2073100288	1776783360	782946304	79904768	1098915840	0	0	0.000000	0.000000	0.000000	0.000000	0	0.000000	58308.071427	58308.071427	63.000077	63.000077	0.000000	0.000000	0.000000	0.000000	0.020000	0.000000	0.000000	0.000000	0.000000
169	2026-09-24T20:03:31.654167475Z	169014	2	1.507538	1.507538	0.502513	0.502513	0.000000	0.502513	98.492462	0.510000	0.420000	0.270000	1	0	2965.895667	1671.377673	3849883648	2073075712	1776807936	782946304	79904768	1098919936	0	0	0.000000	0.000000	0.000000	0.000000	0	0.000000	58674.153031	58716.137399	69.973946	69.973946	0.000000	0.000000	0.000000	0.000000	0.020000	0.000000	0.000000	0.000000	0.000000
170	2026-09-24T20:03:32.653794893Z	170014	2	1.507538	1.507538	1.005025	0.502513	0.000000	0.000000	98.492462	0.510000	0.420000	0.270000	1	0	2907.083159	1657.617617	3849883648	2073075712	1776807936	782946304	79904768	1098928128	0	0	0.000000	0.000000	0.000000	0.000000	0	0.000000	58329.733250	58329.733250	63.023482	63.023482	0.000000	0.000000	0.000000	0.000000	0.010000	0.000000	0.000000	0.000000	0.000000
171	2026-09-24T20:03:33.653796657Z	171014	2	1.515152	1.515152	1.010101	0.505051	0.000000	0.000000	98.484848	0.510000	0.420000	0.270000	2	0	2885.994886	1734.996926	3849883648	2073075712	1776807936	782946304	79904768	1098936320	0	0	0.000000	0.000000	0.000000	0.000000	0	0.000000	60275.893191	60275.893191	68.999878	68.999878	0.000000	0.000000	0.000000	0.000000	0.010000	0.000000	0.000000	0.000000	0.000000
172	2026-09-24T20:03:34.653792522Z	172014	2	1.010101	1.010101	1.010101	0.000000	0.000000	0.000000	98.989899	0.510000	0.420000	0.270000	1	0	2719.011235	1581.006533	3849883648	2073059328	1776824320	782946304	79904768	1098936320	0	0	0.000000	0.000000	0.000000	28672.118473	0	8.000033	58308.240930	58308.240930	63.000260	63.000260	0.000000	0.000000	0.000000	0.000000	0.010000	0.000000	0.000000	0.000000	0.000000
173	2026-09-24T20:03:35.654254551Z	173014	2	1.005025	1.005025	1.005025	0.000000	0.000000	0.000000	98.994975	0.470000	0.410000	0.270000	1	0	2782.714322	1637.243556	3849883648	2073059328	1776824320	782946304	79904768	1098940416	0	0	0.000000	0.000000	0.000000	0.000000	0	0.000000	58281.072804	58281.072804	62.970906	62.970906	0.000000	0.000000	0.000000	0.000000	0.010000	0.000000	0.000000	0.000000	0.000000
174	2026-09-24T20:03:36.654666778Z	174015	2	1.010101	1.010101	0.505051	0.505051	0.000000	0.000000	98.989899	0.470000	0.410000	0.270000	1	0	3034.748973	1736.284245	3849883648	2073051136	1776832512	782946304	79904768	1098948608	0	0	0.000000	0.000000	0.000000	102357.804633	0	3.998352	58311.961827	58325.956058	63.973628	63.973628	0.000000	0.000000	0.000000	0.000000	0.010000	0.000000	0.000000	0.000000	0.000000
175	2026-09-24T20:03:37.653794313Z	175014	2	1.010101	1.010101	0.505051	0.505051	0.000000	0.000000	98.989899	0.470000	0.410000	0.270000	1	0	2756.404870	1575.374461	3849883648	2073051136	1776832512	782946304	79904768	1098956800	0	0	0.000000	0.000000	0.000000	0.000000	0	0.000000	58358.916170	58358.916170	63.055013	63.055013	0.000000	0.000000	0.000000	0.000000	0.010000	0.000000	0.000000	0.000000	0.000000
176	2026-09-24T20:03:38.653801577Z	176014	2	1.010101	1.010101	1.010101	0.000000	0.000000	0.000000	98.989899	0.470000	0.410000	0.270000	1	0	3031.978009	1764.987199	3849883648	2073038848	1776844800	782946304	79904768	1098960896	0	0	0.000000	0.000000	0.000000	0.000000	0	0.000000	58307.577095	58307.577095	62.999543	62.999543	0.000000	0.000000	0.000000	0.000000	0.000000	0.000000	0.000000	0.000000	0.000000
177	2026-09-24T20:03:39.653793906Z	177014	2	1.010101	1.010101	0.505051	0.505051	0.000000	0.000000	98.989899	0.470000	0.410000	0.270000	1	0	2735.020956	1551.011884	3849883648	2073034752	1776848896	782946304	79904768	1098964992	0	0	0.000000	0.000000	0.000000	57344.439373	0	8.000061	58336.446974	58350.447081	64.000490	64.000490	0.000000	0.000000	0.000000	0.000000	0.000000	0.000000	0.000000	0.000000	0.000000
178	2026-09-24T20:03:40.653795Z	178014	2	0.507614	0.507614	0.507614	0.000000	0.000000	0.000000	99.492386	0.430000	0.400000	0.270000	1	0	2988.996697	1708.998112	3849883648	2073034752	1776848896	782946304	79904768	1098969088	0	0	0.000000	0.000000	0.000000	0.000000	0	0.000000	58307.935570	58307.935570	62.999930	62.999930	0.000000	0.000000	0.000000	0.000000	0.000000	0.000000	0.000000	0.000000	0.000000
179	2026-09-24T20:03:41.653793366Z	179014	2	0.000000	0.000000	0.000000	0.000000	0.000000	0.000000	100.000000	0.430000	0.400000	0.270000	1	0	2922.004620	1714.002710	3849883648	2073034752	1776848896	782946304	79904768	1098977280	0	0	0.000000	0.000000	0.000000	0.000000	0	0.000000	58308.092185	58308.092185	63.000100	63.000100	0.000000	0.000000	0.000000	0.000000	0.000000	0.000000	0.000000	0.000000	0.000000
180	2026-09-24T20:03:42.653793068Z	180014	2	1.005025	1.005025	0.502513	0.502513	0.000000	0.000000	98.994975	0.430000	0.400000	0.270000	1	0	3139.001136	1740.000630	3849883648	2073034752	1776848896	782946304	79904768	1098981376	0	0	0.000000	0.000000	0.000000	0.000000	0	0.000000	58308.021108	58308.021108	63.000023	63.000023	0.000000	0.000000	0.000000	0.000000	0.000000	0.000000	0.000000	0.000000	0.000000
181	2026-09-24T20:03:43.653793777Z	181014	2	0.510204	0.510204	0.510204	0.000000	0.000000	0.000000	99.489796	0.430000	0.400000	0.270000	1	0	3090.997586	1816.998581	3849883648	2073010176	1776873472	782946304	79904768	1098993664	0	0	0.000000	0.000000	0.000000	0.000000	0	0.000000	60275.952924	60275.952924	68.999946	68.999946	0.000000	0.000000	0.000000	0.000000	0.000000	0.000000	0.000000	0.000000	0.000000
182	2026-09-24T20:03:44.653807483Z	182014	2	1.990050	2.487562	0.995025	0.995025	0.497512	0.000000	97.512438	0.430000	0.400000	0.270000	1	0	3001.959074	1706.976729	3849883648	2073010176	1776873472	782946304	79904768	1098993664	0	0	0.000000	0.000000	0.000000	57343.218240	0	7.999891	58515.202262	58515.202262	66.999087	66.999087	0.000000	0.000000	0.000000	0.000000	0.000000	0.000000	0.000000	0.000000	0.000000
183	2026-09-24T20:03:45.654157133Z	183014	2	0.507614	0.507614	0.507614	0.000000	0.000000	0.000000	99.492386	0.390000	0.400000	0.270000	1	0	2860.999649	1620.433414	3849883648	2073006080	1776877568	782946304	79904768	1099001856	0	0	0.000000	0.000000	0.000000	0.000000	0	0.000000	58287.619675	58287.619675	62.977980	62.977980	0.000000	0.000000	0.000000	0.000000	0.000000	0.000000	0.000000	0.000000	0.000000
184	2026-09-24T20:03:46.654505053Z	184015	2	1.010101	1.010101	0.505051	0.505051	0.000000	0.000000	98.989899	0.390000	0.400000	0.270000	1	0	2978.963562	1769.384398	3849883648	2073006080	1776877568	782946304	79904768	1099001856	0	0	0.000000	0.000000	0.000000	0.000000	0	0.000000	58599.612082	58627.602343	68.976002	68.976002	0.000000	0.000000	0.000000	0.000000	0.000000	0.000000	0.000000	0.000000	0.000000
185	2026-09-24T20:03:47.653793167Z	185014	2	1.010101	1.010101	0.505051	0.000000	0.000000	0.505051	98.989899	0.390000	0.400000	0.270000	1	0	2973.116511	1666.186130	3849883648	2073006080	1776877568	782946304	79904768	1099014144	0	0	0.000000	0.000000	0.000000	0.000000	0	0.000000	58425.592186	58439.602159	64.045593	64.045593	0.000000	0.000000	0.000000	0.000000	0.000000	0.000000	0.000000	0.000000	0.000000
186	2026-09-24T20:03:48.65379436Z	186014	2	1.507538	1.507538	0.502513	1.005025	0.000000	0.000000	98.492462	0.390000	0.400000	0.270000	1	0	2760.996737	1611.998095	3849883648	2072981504	1776902144	782946304	79904768	1099018240	0	0	0.000000	0.000000	0.000000	0.000000	0	0.000000	58515.930834	58515.930834	66.999921	66.999921	0.000000	0.000000	0.000000	0.000000	0.000000	0.000000	0.000000	0.000000	0.000000
187	2026-09-24T20:03:49.653794428Z	187014	2	0.507614	0.507614	0.507614	0.000000	0.000000	0.000000	99.492386	0.390000	0.400000	0.270000	1	0	3056.999755	1752.999860	3849883648	2072981504	1776902144	782946304	79904768	1099022336	0	0	0.000000	0.000000	0.000000	20479.998362	0	7.999999	58307.995335	58307.995335	62.999995	62.999995	0.000000	0.000000	0.000000	0.000000	0.000000	0.000000	0.000000	0.000000	0.000000
188	2026-09-24T20:03:50.653797469Z	188014	2	0.000000	0.000000	0.000000	0.000000	0.000000	0.000000	100.000000	0.360000	0.390000	0.270000	2	0	3008.990847	1680.994886	3849883648	2072977408	1776906240	782946304	79904768	1099026432	0	0	0.000000	0.000000	0.000000	0.000000	0	0.000000	58307.822628	58307.822628	62.999808	62.999808	0.000000	0.000000	0.000000	0.000000	0.000000	0.000000	0.000000	0.000000	0.000000
189	2026-09-24T20:03:51.654334535Z	189014	2	1.010101	1.010101	0.505051	0.505051	0.000000	0.000000	98.989899	0.360000	0.390000	0.270000	1	0	2986.396132	1706.083734	3849883648	2072969216	1776914432	782946304	79904768	1099030528	0	0	0.000000	0.000000	0.000000	0.000000	0	0.000000	58276.702031	58276.702031	62.966184	62.966184	0.000000	0.000000	0.000000	0.000000	0.000000	0.000000	0.000000	0.000000	0.000000
190	2026-09-24T20:03:52.653777337Z	190014	2	0.507614	0.507614	0.507614	0.000000	0.000000	0.000000	99.492386	0.360000	0.390000	0.270000	1	0	2978.659682	1691.942735	3849883648	2072969216	1776914432	782946304	79904768	1099038720	0	0	0.000000	0.000000	0.000000	0.000000	0	0.000000	58340.506805	58340.506805	63.035123	63.035123	0.000000	0.000000	0.000000	0.000000	0.000000	0.000000	0.000000	0.000000	0.000000
191	2026-09-24T20:03:53.653793452Z	191014	2	0.000000	0.000000	0.000000	0.000000	0.000000	0.000000	100.000000	0.360000	0.390000	0.270000	1	0	2947.952503	1645.973480	3849883648	2073227264	1776656384	782688256	79904768	1099038720	0	0	0.000000	0.000000	0.000000	0.000000	0	0.000000	60275.028849	60275.028849	68.998888	68.998888	0.000000	0.000000	0.000000	0.000000	0.000000	0.000000	0.000000	0.000000	0.000000
192	2026-09-24T20:03:54.654231612Z	192014	2	1.005025	1.005025	0.502513	0.502513	0.000000	0.000000	98.994975	0.360000	0.390000	0.270000	1	0	2675.827551	1610.294429	3849883648	2073227264	1776656384	782688256	79904768	1099051008	0	0	0.000000	0.000000	0.000000	16376.824282	0	3.998248	58282.462781	58282.462781	62.972408	62.972408	0.000000	0.000000	0.000000	0.000000	0.000000	0.000000	0.000000	0.000000	0.000000
193	2026-09-24T20:03:55.654695203Z	193015	2	1.010101	1.010101	1.010101	0.000000	0.000000	0.000000	98.989899	0.330000	0.380000	0.260000	1	0	3120.553333	1759.184454	3849883648	2073227264	1776656384	782688256	79904768	1099055104	0	0	0.000000	0.000000	0.000000	0.000000	0	0.000000	58280.981345	58280.981345	62.970807	62.970807	0.000000	0.000000	0.000000	0.000000	0.000000	0.000000	0.000000	0.000000	0.000000
194	2026-09-24T20:03:56.653802013Z	194014	2	0.510204	0.510204	0.510204	0.000000	0.000000	0.000000	99.489796	0.330000	0.380000	0.260000	1	0	3274.925143	1878.678024	3849883648	2073452544	1776431104	782430208	79904768	1099059200	0	0	0.000000	0.000000	0.000000	32797.294347	0	4.003576	58360.126915	58360.126915	63.056322	63.056322	0.000000	0.000000	0.000000	0.000000	0.000000	0.000000	0.000000	0.000000	0.000000
195	2026-09-24T20:03:57.65417567Z	195014	2	1.015228	2.030457	1.015228	0.000000	1.015228	0.000000	97.969543	0.330000	0.380000	0.260000	1	0	3203.802861	1848.309357	3849883648	2073452544	1776431104	782430208	79904768	1099059200	0	0	0.000000	0.000000	0.000000	1252907.835952	0	27.989541	58362.192267	58376.187037	63.976095	63.976095	0.000000	0.000000	0.000000	0.000000	0.000000	0.000000	0.000000	0.000000	0.000000
196	2026-09-24T20:03:58.653795705Z	196014	2	0.505051	1.010101	0.000000	0.505051	0.505051	0.000000	98.989899	0.330000	0.380000	0.260000	1	0	2655.008826	1503.571313	3849883648	2073440256	1776443392	782430208	79904768	1099075584	0	0	0.000000	0.000000	0.000000	24585.341717	0	8.003041	58330.163771	58330.163771	63.023947	63.023947	0.000000	0.000000	0.000000	0.000000	0.000000	0.000000	0.000000	0.000000	0.000000
197	2026-09-24T20:03:59.654107163Z	197014	2	1.010101	1.010101	0.505051	0.505051	0.000000	0.000000	98.989899	0.330000	0.380000	0.260000	1	0	2705.157452	1602.500885	3849883648	2073440256	1776443392	782430208	79904768	1099075584	0	0	0.000000	0.000000	0.000000	16378.898628	0	3.998755	58497.780281	58497.780281	66.979139	66.979139	0.000000	0.000000	0.000000	0.000000	0.000000	0.000000	0.000000	0.000000	0.000000
198	2026-09-24T20:04:00.653796993Z	198014	2	1.010101	1.010101	0.505051	0.505051	0.000000	0.000000	98.989899	0.310000	0.380000	0.260000	1	0	2767.858504	1593.494253	3849883648	2073440256	1776443392	782430208	79904768	1099083776	0	0	0.000000	0.000000	0.000000	0.000000	0	0.000000	58326.090945	58326.090945	63.019547	63.019547	0.000000	0.000000	0.000000	0.000000	0.000000	0.000000	0.000000	0.000000	0.000000
199	2026-09-24T20:04:01.65380268Z	199014	2	1.010101	1.010101	1.010101	0.000000	0.000000	0.000000	98.989899	0.310000	0.380000	0.260000	1	0	3012.982868	1697.990345	3849883648	2073440256	1776443392	782430208	79904768	1099087872	0	0	0.000000	0.000000	0.000000	0.000000	0	0.000000	58619.666689	58647.666529	68.999608	68.999608	0.000000	0.000000	0.000000	0.000000	0.000000	0.000000	0.000000	0.000000	0.000000
200	2026-09-24T20:04:02.653795774Z	200014	2	1.010101	1.010101	0.000000	1.010101	0.000000	0.000000	98.989899	0.310000	0.380000	0.260000	1	0	3009.020786	1741.012027	3849883648	2073419776	1776463872	782430208	79904768	1099096064	0	0	0.000000	0.000000	0.000000	0.000000	0	0.000000	58308.402794	58308.402794	63.000435	63.000435	0.000000	0.000000	0.000000	0.000000	0.000000	0.000000	0.000000	0.000000	0.000000
201	2026-09-24T20:04:03.653793436Z	201014	2	1.010101	1.010101	0.505051	0.000000	0.000000	0.505051	98.989899	0.310000	0.380000	0.260000	1	0	3073.007163	1733.004040	3849883648	2073419776	1776463872	782430208	79904768	1099096064	0	0	0.000000	0.000000	0.000000	16384.038191	0	8.000019	60276.140504	60276.140504	69.000161	69.000161	0.000000	0.000000	0.000000	0.000000	0.000000	0.000000	0.000000	0.000000	0.000000
202	2026-09-24T20:04:04.654127832Z	202014	2	0.507614	0.507614	0.000000	0.507614	0.000000	0.000000	99.492386	0.310000	0.380000	0.260000	1	0	2917.024576	1702.430724	3849883648	2073419776	1776463872	782430208	79904768	1099108352	0	0	0.000000	0.000000	0.000000	0.000000	0	0.000000	58364.483500	58378.478820	63.978606	63.978606	0.000000	0.000000	0.000000	0.000000	0.000000	0.000000	0.000000	0.000000	0.000000
203	2026-09-24T20:04:05.65445509Z	203015	2	1.010101	1.010101	1.010101	0.000000	0.000000	0.000000	98.989899	0.280000	0.370000	0.260000	1	0	3058.998918	1740.430430	3849883648	2073419776	1776463872	782430208	79904768	1099108352	0	0	0.000000	0.000000	0.000000	0.000000	0	0.000000	58288.924483	58288.924483	62.979389	62.979389	0.000000	0.000000	0.000000	0.000000	0.000000	0.000000	0.000000	0.000000	0.000000
204	2026-09-24T20:04:06.653796617Z	204014	2	1.010101	1.010101	0.505051	0.505051	0.000000	0.000000	98.989899	0.280000	0.370000	0.260000	1	0	3051.009001	1701.120138	3849883648	2073419776	1776463872	782430208	79904768	1099112448	0	0	0.000000	0.000000	0.000000	0.000000	0	0.000000	58374.437874	58388.447099	64.042170	64.042170	0.000000	0.000000	0.000000	0.000000	0.000000	0.000000	0.000000	0.000000	0.000000
205	2026-09-24T20:04:07.653801759Z	205014	2	1.507538	1.507538	0.502513	1.005025	0.000000	0.000000	98.492462	0.280000	0.370000	0.260000	1	0	2778.985722	1638.991579	3849883648	2073419776	1776463872	782430208	79904768	1099116544	0	0	0.000000	0.000000	0.000000	151551.221330	0	3.999979	58307.700415	58307.700415	62.999676	62.999676	0.000000	0.000000	0.000000	0.000000	0.000000	0.000000	0.000000	0.000000	0.000000
206	2026-09-24T20:04:08.653794297Z	206014	2	1.010101	1.010101	1.010101	0.000000	0.000000	0.000000	98.989899	0.280000	0.370000	0.260000	1	0	3022.022538	1743.012999	3849883648	2073395200	1776488448	782430208	79904768	1099128832	0	0	0.000000	0.000000	0.000000	94208.702609	0	12.000089	58308.434864	58308.434864	63.000470	63.000470	0.000000	0.000000	0.000000	0.000000	0.000000	0.000000	0.000000	0.000000	0.000000
207	2026-09-24T20:04:09.653792378Z	207014	2	0.507614	0.507614	0.507614	0.000000	0.000000	0.000000	99.492386	0.280000	0.370000	0.260000	1	0	2828.005430	1645.003158	3849883648	2073378816	1776504832	782430208	79904768	1099132928	0	0	0.000000	0.000000	0.000000	0.000000	0	0.000000	58308.111952	58308.111952	63.000121	63.000121	0.000000	0.000000	0.000000	0.000000	0.000000	0.000000	0.000000	0.000000	0.000000
208	2026-09-24T20:04:10.653795063Z	208014	2	0.507614	0.507614	0.507614	0.000000	0.000000	0.000000	99.492386	0.260000	0.360000	0.260000	1	0	2560.993108	1539.995856	3849883648	2073378816	1776504832	782430208	79904768	1099141120	0	0	0.000000	0.000000	0.000000	0.000000	0	0.000000	58307.843094	58307.843094	62.999830	62.999830	0.000000	0.000000	0.000000	0.000000	0.000000	0.000000	0.000000	0.000000	0.000000
209	2026-09-24T20:04:11.653795194Z	209014	2	0.507614	0.507614	0.507614	0.000000	0.000000	0.000000	99.492386	0.260000	0.360000	0.260000	1	0	2894.999644	1617.999801	3849883648	2073378816	1776504832	782430208	79904768	1099145216	0	0	0.000000	0.000000	0.000000	0.000000	0	0.000000	58307.992828	58307.992828	62.999992	62.999992	0.000000	0.000000	0.000000	0.000000	0.000000	0.000000	0.000000	0.000000	0.000000
210	2026-09-24T20:04:12.653848652Z	210014	2	1.010101	1.010101	0.505051	0.505051	0.000000	0.000000	98.989899	0.260000	0.360000	0.260000	2	0	2934.843109	1702.908966	3849883648	2073366528	1776517120	782430208	79904768	1099153408	0	0	0.000000	0.000000	0.000000	98298.745146	0	3.999786	58304.883138	58304.883138	62.996632	62.996632	0.000000	0.000000	0.000000	0.000000	0.000000	0.000000	0.000000	0.000000	0.000000
211	2026-09-24T20:04:13.65433891Z	211014	2	0.507614	0.507614	0.000000	0.507614	0.000000	0.000000	99.492386	0.260000	0.360000	0.260000	1	0	2619.715663	1546.241943	3849883648	2073366528	1776517120	782430208	79904768	1099153408	0	0	0.000000	0.000000	0.000000	57315.900421	0	7.996080	60246.463689	60246.463689	68.966189	68.966189	0.000000	0.000000	0.000000	0.000000	0.000000	0.000000	0.000000	0.000000	0.000000
212	2026-09-24T20:04:14.653794967Z	212014	2	1.507538	1.507538	1.005025	0.502513	0.000000	0.000000	98.492462	0.260000	0.360000	0.260000	1	0	2821.534743	1594.867511	3849883648	2073366528	1776517120	782430208	79904768	1099161600	0	0	0.000000	0.000000	0.000000	0.000000	0	0.000000	58339.733256	58339.733256	63.034287	63.034287	0.000000	0.000000	0.000000	0.000000	0.000000	0.000000	0.000000	0.000000	0.000000
213	2026-09-24T20:04:15.654125092Z	213014	2	0.000000	0.000000	0.000000	0.000000	0.000000	0.000000	100.000000	0.240000	0.360000	0.260000	1	0	2788.079619	1650.455163	3849883648	2073366528	1776517120	782430208	79904768	1099165696	0	0	0.000000	0.000000	0.000000	0.000000	0	0.000000	58496.689482	58496.689482	66.977890	66.977890	0.000000	0.000000	0.000000	0.000000	0.000000	0.000000	0.000000	0.000000	0.000000
214	2026-09-24T20:04:16.653794535Z	214014	2	1.005025	1.005025	0.502513	0.502513	0.000000	0.000000	98.994975	0.240000	0.360000	0.260000	1	0	2833.936755	1621.535997	3849883648	2073366528	1776517120	782430208	79904768	1099169792	0	0	0.000000	0.000000	0.000000	0.000000	0	0.000000	58639.383189	58667.392448	69.022815	69.022815	0.000000	0.000000	0.000000	0.000000	0.000000	0.000000	0.000000	0.000000	0.000000
215	2026-09-24T20:04:17.653794879Z	215014	2	0.000000	0.000000	0.000000	0.000000	0.000000	0.000000	100.000000	0.240000	0.360000	0.260000	1	0	2820.999021	1632.999433	3849883648	2073354240	1776529408	782430208	79904768	1099173888	0	0	0.000000	0.000000	0.000000	0.000000	0	0.000000	58307.979767	58307.979767	62.999978	62.999978	0.000000	0.000000	0.000000	0.000000	0.000000	0.000000	0.000000	0.000000	0.000000
216	2026-09-24T20:04:18.653798073Z	216014	2	0.507614	0.507614	0.507614	0.000000	0.000000	0.000000	99.492386	0.240000	0.360000	0.260000	1	0	2756.991202	1654.994719	3849883648	2073354240	1776529408	782430208	79904768	1099186176	0	0	0.000000	0.000000	0.000000	61439.803946	0	11.999962	58307.813940	58307.813940	62.999799	62.999799	0.000000	0.000000	0.000000	0.000000	0.000000	0.000000	0.000000	0.000000	0.000000
217	2026-09-24T20:04:19.653793757Z	217014	2	1.507538	1.507538	0.502513	0.502513	0.000000	0.502513	98.492462	0.240000	0.360000	0.260000	1	0	2598.011047	1477.006280	3849883648	2073329664	1776553984	782430208	79904768	1099186176	0	0	0.000000	0.000000	0.000000	0.000000	0	0.000000	58308.247927	58308.247927	63.000268	63.000268	0.000000	0.000000	0.000000	0.000000	0.000000	0.000000	0.000000	0.000000	0.000000
218	2026-09-24T20:04:20.653794011Z	218014	2	1.010101	1.010101	0.505051	0.505051	0.000000	0.000000	98.989899	0.220000	0.350000	0.260000	1	0	2478.999519	1496.999710	3849883648	2073329664	1776553984	782430208	79904768	1099190272	0	0	0.000000	0.000000	0.000000	0.000000	0	0.000000	58383.988674	58397.988671	63.999988	63.999988	0.000000	0.000000	0.000000	0.000000	0.000000	0.000000	0.000000	0.000000	0.000000
219	2026-09-24T20:04:21.653792584Z	219014	2	1.010101	1.010101	1.010101	0.000000	0.000000	0.000000	98.989899	0.220000	0.350000	0.260000	1	0	2622.003742	1552.002215	3849883648	2073321472	1776562176	782430208	79904768	1099198464	0	0	0.000000	0.000000	0.000000	0.000000	0	0.000000	58308.083206	58308.083206	63.000090	63.000090	0.000000	0.000000	0.000000	0.000000	0.000000	0.000000	0.000000	0.000000	0.000000
220	2026-09-24T20:04:22.653794145Z	220014	2	1.010101	1.010101	1.010101	0.000000	0.000000	0.000000	98.989899	0.220000	0.350000	0.260000	1	0	2748.995538	1559.997468	3849883648	2073313280	1776570368	782430208	79904768	1099202560	0	0	0.000000	0.000000	0.000000	0.000000	0	0.000000	58307.905366	58307.905366	62.999898	62.999898	0.000000	0.000000	0.000000	0.000000	0.000000	0.000000	0.000000	0.000000	0.000000
221	2026-09-24T20:04:23.653793415Z	221014	2	0.505051	1.010101	0.000000	0.505051	0.505051	0.000000	98.989899	0.220000	0.350000	0.260000	1	0	2700.002184	1605.001298	3849883648	2073313280	1776570368	782430208	79904768	1099214848	0	0	0.000000	0.000000	0.000000	16384.013255	0	8.000006	60276.048763	60276.048763	69.000056	69.000056	0.000000	0.000000	0.000000	0.000000	0.000000	0.000000	0.000000	0.000000	0.000000
222	2026-09-24T20:04:24.654082749Z	222014	2	1.507538	1.507538	1.005025	0.502513	0.000000	0.000000	98.492462	0.220000	0.350000	0.260000	1	0	2889.164020	1622.530521	3849883648	2073313280	1776570368	782430208	79904768	1099218944	0	0	0.000000	0.000000	0.000000	0.000000	0	0.000000	58291.133461	58291.133461	62.981776	62.981776	0.000000	0.000000	0.000000	0.000000	0.000000	0.000000	0.000000	0.000000	0.000000
223	2026-09-24T20:04:25.654511892Z	223015	2	1.010101	1.010101	1.010101	0.000000	0.000000	0.000000	98.989899	0.200000	0.350000	0.250000	1	0	2791.801909	1579.322240	3849883648	2073571328	1776312320	782172160	79904768	1099218944	0	0	0.000000	0.000000	0.000000	0.000000	0	0.000000	58310.976078	58324.970072	63.972546	63.972546	0.000000	0.000000	0.000000	0.000000	0.000000	0.000000	0.000000	0.000000	0.000000
224	2026-09-24T20:04:26.653794374Z	224014	2	1.010101	1.010101	0.505051	0.505051	0.000000	0.000000	98.989899	0.200000	0.350000	0.250000	1	0	2894.076572	1724.237183	3849883648	2073571328	1776312320	782172160	79904768	1099231232	0	0	0.000000	0.000000	0.000000	0.000000	0	0.000000	58349.867489	58349.867489	63.045237	63.045237	0.000000	0.000000	0.000000	0.000000	0.000000	0.000000	0.000000	0.000000	0.000000
225	2026-09-24T20:04:27.653796183Z	225014	2	1.507538	1.507538	1.005025	0.502513	0.000000	0.000000	98.492462	0.200000	0.350000	0.250000	1	0	3195.994222	1774.996791	3849883648	2073559040	1776324608	782172160	79904768	1099231232	0	0	0.000000	0.000000	0.000000	0.000000	0	0.000000	58307.894579	58307.894579	62.999886	62.999886	0.000000	0.000000	0.000000	0.000000	0.000000	0.000000	0.000000	0.000000	0.000000
226	2026-09-24T20:04:28.654237059Z	226014	2	0.507614	0.507614	0.507614	0.000000	0.000000	0.000000	99.492386	0.200000	0.350000	0.250000	1	0	2887.726865	1686.256567	3849883648	2073530368	1776353280	782172160	79904768	1099239424	0	0	0.000000	0.000000	0.000000	16376.779838	0	7.996475	58282.304614	58282.304614	62.972237	62.972237	0.000000	0.000000	0.000000	0.000000	0.000000	0.000000	0.000000	0.000000	0.000000
227	2026-09-24T20:04:29.653803289Z	227014	2	0.507614	0.507614	0.507614	0.000000	0.000000	0.000000	99.492386	0.200000	0.350000	0.250000	1	0	2998.300603	1734.752501	3849883648	2073530368	1776353280	782172160	79904768	1099239424	0	0	0.000000	0.000000	0.000000	0.000000	0	0.000000	58333.303821	58333.303821	63.027340	63.027340	0.000000	0.000000	0.000000	0.000000	0.000000	0.000000	0.000000	0.000000	0.000000
228	2026-09-24T20:04:30.654152397Z	228014	2	0.507614	0.507614	0.507614	0.000000	0.000000	0.000000	99.492386	0.180000	0.340000	0.250000	1	0	2860.001508	1615.436014	3849883648	2073530368	1776353280	782172160	79904768	1099251712	0	0	0.000000	0.000000	0.000000	0.000000	0	0.000000	58495.577848	58495.577848	66.976617	66.976617	0.000000	0.000000	0.000000	0.000000	0.000000	0.000000	0.000000	0.000000	0.000000
229	2026-09-24T20:04:31.653794431Z	229014	2	1.990050	1.990050	0.995025	0.995025	0.000000	0.000000	98.009950	0.180000	0.340000	0.250000	1	0	2667.955043	1613.577609	3849883648	2073530368	1776353280	782172160	79904768	1099255808	0	0	0.000000	0.000000	0.000000	0.000000	0	0.000000	58640.991598	58669.001625	69.024709	69.024709	0.000000	0.000000	0.000000	0.000000	0.000000	0.000000	0.000000	0.000000	0.000000
230	2026-09-24T20:04:32.653794461Z	230014	2	1.507538	1.507538	1.005025	0.502513	0.000000	0.000000	98.492462	0.180000	0.340000	0.250000	1	0	2748.999926	1578.999957	3849883648	2073518080	1776365568	782172160	79904768	1099255808	0	0	0.000000	0.000000	0.000000	0.000000	0	0.000000	58307.998426	58307.998426	62.999998	62.999998	0.000000	0.000000	0.000000	0.000000	0.000000	0.000000	0.000000	0.000000	0.000000
231	2026-09-24T20:04:33.65379588Z	231014	2	1.515152	1.515152	1.010101	0.505051	0.000000	0.000000	98.484848	0.180000	0.340000	0.250000	1	0	2905.995690	1681.997506	3849883648	2073509888	1776373760	782172160	79904768	1099268096	0	0	0.000000	0.000000	0.000000	16383.975703	0	7.999988	60275.910611	60275.910611	68.999898	68.999898	0.000000	0.000000	0.000000	0.000000	0.000000	0.000000	0.000000	0.000000	0.000000
232	2026-09-24T20:04:34.653809931Z	232014	2	0.507614	0.507614	0.507614	0.000000	0.000000	0.000000	99.492386	0.180000	0.340000	0.250000	1	0	2568.964068	1535.978516	3849883648	2073509888	1776373760	782172160	79904768	1099268096	0	0	0.000000	0.000000	0.000000	0.000000	0	0.000000	58307.184457	58307.184457	62.999119	62.999119	0.000000	0.000000	0.000000	0.000000	0.000000	0.000000	0.000000	0.000000	0.000000
233	2026-09-24T20:04:35.653797369Z	233014	2	1.010101	1.010101	0.505051	0.000000	0.000000	0.505051	98.989899	0.170000	0.330000	0.250000	1	0	2971.037361	1718.021604	3849883648	2073509888	1776373760	782172160	79904768	1099272192	0	0	0.000000	0.000000	0.000000	0.000000	0	0.000000	58308.733232	58308.733232	63.000792	63.000792	0.000000	0.000000	0.000000	0.000000	0.000000	0.000000	0.000000	0.000000	0.000000
234	2026-09-24T20:04:36.654278318Z	234014	2	1.010101	1.010101	1.010101	0.000000	0.000000	0.000000	98.989899	0.170000	0.330000	0.250000	1	0	2766.669334	1636.213042	3849883648	2073497600	1776386048	782172160	79904768	1099280384	0	0	0.000000	0.000000	0.000000	0.000000	0	0.000000	58355.932955	58369.926225	63.969233	63.969233	0.000000	0.000000	0.000000	0.000000	0.000000	0.000000	0.000000	0.000000	0.000000
235	2026-09-24T20:04:37.653762402Z	235014	2	1.010101	1.010101	1.010101	0.000000	0.000000	0.000000	98.989899	0.170000	0.330000	0.250000	1	0	2797.443243	1650.851699	3849883648	2073489408	1776394240	782172160	79904768	1099288576	0	0	0.000000	0.000000	0.000000	0.000000	0	0.000000	58366.111953	58380.119179	64.033036	64.033036	0.000000	0.000000	0.000000	0.000000	0.000000	0.000000	0.000000	0.000000	0.000000
236	2026-09-24T20:04:38.653793408Z	236014	2	0.507614	0.507614	0.000000	0.507614	0.000000	0.000000	99.492386	0.170000	0.330000	0.250000	1	0	3006.906145	1698.946971	3849883648	2073489408	1776394240	782172160	79904768	1099292672	0	0	0.000000	0.000000	0.000000	16383.488622	0	7.999750	58306.180089	58306.180089	62.998034	62.998034	0.000000	0.000000	0.000000	0.000000	0.000000	0.000000	0.000000	0.000000	0.000000
237	2026-09-24T20:04:39.654421394Z	237014	2	1.005025	1.005025	0.502513	0.502513	0.000000	0.000000	98.994975	0.170000	0.330000	0.250000	1	0	2737.281589	1627.977988	3849883648	2073481216	1776402432	782172160	79904768	1099296768	0	0	0.000000	0.000000	0.000000	0.000000	0	0.000000	58271.418369	58271.418369	62.960475	62.960475	0.000000	0.000000	0.000000	0.000000	0.000000	0.000000	0.000000	0.000000	0.000000
238	2026-09-24T20:04:40.653800958Z	238014	2	0.507614	0.507614	0.507614	0.000000	0.000000	0.000000	99.492386	0.160000	0.330000	0.250000	1	0	2627.630282	1508.936201	3849883648	2073481216	1776402432	782172160	79904768	1099309056	0	0	0.000000	0.000000	0.000000	0.000000	0	0.000000	58372.216341	58386.225033	64.039733	64.039733	0.000000	0.000000	0.000000	0.000000	0.000000	0.000000	0.000000	0.000000	0.000000
239	2026-09-24T20:04:41.654314938Z	239014	2	1.010101	1.010101	0.505051	0.505051	0.000000	0.000000	98.989899	0.160000	0.330000	0.250000	1	0	2911.503566	1636.159058	3849883648	2073456640	1776427008	782172160	79904768	1099313152	0	0	0.000000	0.000000	0.000000	0.000000	0	0.000000	58278.046658	58278.046658	62.967636	62.967636	0.000000	0.000000	0.000000	0.000000	0.000000	0.000000	0.000000	0.000000	0.000000
240	2026-09-24T20:04:42.654722571Z	240015	2	0.507614	0.507614	0.507614	0.000000	0.000000	0.000000	99.492386	0.160000	0.330000	0.250000	1	0	2910.813430	1698.307698	3849883648	2073456640	1776427008	782172160	79904768	1099317248	0	0	0.000000	0.000000	0.000000	0.000000	0	0.000000	58284.240895	58284.240895	62.974329	62.974329	0.000000	0.000000	0.000000	0.000000	0.000000	0.000000	0.000000	0.000000	0.000000
241	2026-09-24T20:04:43.654029581Z	241014	2	5.050505	5.050505	4.040404	1.010101	0.000000	0.000000	94.949495	0.160000	0.330000	0.250000	1	0	2677.855722	1729.198314	3849883648	2068451328	1781432320	787062784	79904768	1099431936	0	0	0.000000	0.000000	0.000000	159854.777443	0	8.005548	235585.257757	406079.408157	218.151176	299.207347	0.000000	0.000000	0.000000	0.000000	0.000000	0.000000	0.000000	0.000000	0.000000
