2026-09-24T15:34:31.507017767Z	BENCHMARK_START
[ADMIN] 15:34:32.235310 benchmarker --target-host=172.31.45.101 --request-timeout=10s --initialize-request-timeout=1m0s --exit-error-on-fail=true --stage=prod --max-parallelism=100 --prepare-only=false
15:34:59.140157 [ValidationScenario] 整合性チェックを開始します
[ADMIN] 15:34:59.140147 [LANGUAGE] go
15:34:59.536899 整合性チェック Request:POST /login (日跨ぎ前）
15:34:59.548629 整合性チェック Request:POST /login (日跨ぎ後）
15:34:59.553130 整合性チェック Request:POST /admin/login 失敗の場合
15:34:59.617660 整合性チェック Request:POST /admin/login
15:34:59.679336 整合性チェック Request:GET /admin/user/{userID}
15:34:59.767110 整合性チェック Request:POST /login 失敗の場合
15:34:59.768375 整合性チェック Request:POST /user
15:34:59.779513 整合性チェック Request:POST /login
15:34:59.785958 整合性チェック Request:GET /user/{userId}/home セッション無効の場合
15:34:59.787337 整合性チェック Request:GET /user/{userId}/home
15:34:59.789161 整合性チェック Request:GET /user/{userId}/home 他人のホーム表示の場合
15:34:59.790406 整合性チェック Request:POST /user/{userId}/reward
15:34:59.792669 整合性チェック Request:POST /user/{userId}/card
15:34:59.796395 整合性チェック Request:GET /user/{userId}/item
15:34:59.799216 整合性チェック Request:POST /user/{userId}/addexp/{cardId}
15:34:59.804063 整合性チェック Request:GET /user/{userId}/present/index/:n
15:34:59.807656 整合性チェック Request:POST /user/{userId}/present/receive
15:34:59.843787 整合性チェック Request:GET /user/{userId}/gacha/index
15:34:59.848433 整合性チェック Request:POST /user/{userId}/gacha/draw/{gachaID}/10
15:34:59.859726 整合性チェック Request:GET /admin/master
15:34:59.868975 整合性チェック Request:POST /admin/user/{userID}/ban
15:34:59.869981 整合性チェック Request:POST /login Banの場合
15:34:59.871465 [ValidationScenario] 整合性チェックを終了します
15:34:59.871472 整合性チェックに成功しました！
15:34:59.871474 初期化処理が成功しました！
15:34:59.871493 アプリケーションへの負荷走行を開始します
[ADMIN] 15:34:59.871555 シナリオ走行を開始しました [シナリオ名: Banユーザログイン]
[ADMIN] 15:34:59.871581 シナリオ走行を開始しました [シナリオ名: 新規ユーザー登録]
[ADMIN] 15:34:59.871626 シナリオ走行を開始しました [シナリオ名: ログイン]
[ADMIN] 15:34:59.919738 シナリオ走行を終了しました [シナリオ名: ログイン]
[ADMIN] 15:34:59.919752 シナリオ走行を開始しました [シナリオ名: ログイン]
[ADMIN] 15:34:59.940772 シナリオ走行を終了しました [シナリオ名: 新規ユーザー登録]
[ADMIN] 15:34:59.940793 シナリオ走行を開始しました [シナリオ名: 新規ユーザー登録]
[ADMIN] 15:34:59.977202 シナリオ走行を終了しました [シナリオ名: ログイン]
[ADMIN] 15:34:59.977213 シナリオ走行を開始しました [シナリオ名: ログイン]
[ADMIN] 15:35:00.006196 シナリオ走行を終了しました [シナリオ名: 新規ユーザー登録]
[ADMIN] 15:35:00.006218 シナリオ走行を開始しました [シナリオ名: 新規ユーザー登録]
[ADMIN] 15:35:00.011325 シナリオ走行を終了しました [シナリオ名: ログイン]
[ADMIN] 15:35:00.011337 シナリオ走行を開始しました [シナリオ名: ログイン]
[ADMIN] 15:35:00.064665 シナリオ走行を終了しました [シナリオ名: ログイン]
[ADMIN] 15:35:00.064680 シナリオ走行を開始しました [シナリオ名: ログイン]
[ADMIN] 15:35:00.071089 シナリオ走行を終了しました [シナリオ名: 新規ユーザー登録]
[ADMIN] 15:35:00.071108 シナリオ走行を開始しました [シナリオ名: 新規ユーザー登録]
[ADMIN] 15:35:00.125709 シナリオ走行を終了しました [シナリオ名: ログイン]
[ADMIN] 15:35:00.125723 シナリオ走行を開始しました [シナリオ名: ログイン]
[ADMIN] 15:35:00.135354 シナリオ走行を終了しました [シナリオ名: 新規ユーザー登録]
[ADMIN] 15:35:00.135376 シナリオ走行を開始しました [シナリオ名: 新規ユーザー登録]
[ADMIN] 15:35:00.169332 シナリオ走行を終了しました [シナリオ名: ログイン]
[ADMIN] 15:35:00.169347 シナリオ走行を開始しました [シナリオ名: ログイン]
[ADMIN] 15:35:00.200447 シナリオ走行を終了しました [シナリオ名: 新規ユーザー登録]
[ADMIN] 15:35:00.200478 シナリオ走行を開始しました [シナリオ名: 新規ユーザー登録]
[ADMIN] 15:35:00.202215 シナリオ走行を終了しました [シナリオ名: ログイン]
[ADMIN] 15:35:00.202227 シナリオ走行を開始しました [シナリオ名: ログイン]
[ADMIN] 15:35:00.247174 シナリオ走行を終了しました [シナリオ名: ログイン]
[ADMIN] 15:35:00.247190 シナリオ走行を開始しました [シナリオ名: ログイン]
[ADMIN] 15:35:00.265227 シナリオ走行を終了しました [シナリオ名: 新規ユーザー登録]
[ADMIN] 15:35:00.265251 シナリオ走行を開始しました [シナリオ名: 新規ユーザー登録]
[ADMIN] 15:35:00.279800 シナリオ走行を終了しました [シナリオ名: ログイン]
[ADMIN] 15:35:00.279812 シナリオ走行を開始しました [シナリオ名: ログイン]
[ADMIN] 15:35:00.323301 シナリオ走行を終了しました [シナリオ名: 新規ユーザー登録]
[ADMIN] 15:35:00.323329 シナリオ走行を開始しました [シナリオ名: 新規ユーザー登録]
[ADMIN] 15:35:00.324015 シナリオ走行を終了しました [シナリオ名: ログイン]
[ADMIN] 15:35:00.324025 シナリオ走行を開始しました [シナリオ名: ログイン]
[ADMIN] 15:35:00.364226 シナリオ走行を終了しました [シナリオ名: ログイン]
[ADMIN] 15:35:00.364239 シナリオ走行を開始しました [シナリオ名: ログイン]
[ADMIN] 15:35:00.373840 シナリオ走行を終了しました [シナリオ名: Banユーザログイン]
[ADMIN] 15:35:00.373859 シナリオ走行を開始しました [シナリオ名: Banユーザログイン]
[ADMIN] 15:35:00.379582 シナリオ走行を終了しました [シナリオ名: 新規ユーザー登録]
[ADMIN] 15:35:00.379607 シナリオ走行を開始しました [シナリオ名: 新規ユーザー登録]
[ADMIN] 15:35:00.407614 シナリオ走行を終了しました [シナリオ名: ログイン]
[ADMIN] 15:35:00.407627 シナリオ走行を開始しました [シナリオ名: ログイン]
[ADMIN] 15:35:00.439169 シナリオ走行を終了しました [シナリオ名: 新規ユーザー登録]
[ADMIN] 15:35:00.439194 シナリオ走行を開始しました [シナリオ名: 新規ユーザー登録]
[ADMIN] 15:35:00.447800 シナリオ走行を終了しました [シナリオ名: ログイン]
[ADMIN] 15:35:00.447811 シナリオ走行を開始しました [シナリオ名: ログイン]
[ADMIN] 15:35:00.488673 シナリオ走行を終了しました [シナリオ名: ログイン]
[ADMIN] 15:35:00.488688 シナリオ走行を開始しました [シナリオ名: ログイン]
[ADMIN] 15:35:00.495177 シナリオ走行を終了しました [シナリオ名: 新規ユーザー登録]
[ADMIN] 15:35:00.495200 シナリオ走行を開始しました [シナリオ名: 新規ユーザー登録]
[ADMIN] 15:35:00.539200 シナリオ走行を終了しました [シナリオ名: ログイン]
[ADMIN] 15:35:00.539215 シナリオ走行を開始しました [シナリオ名: ログイン]
[ADMIN] 15:35:00.549137 シナリオ走行を終了しました [シナリオ名: 新規ユーザー登録]
[ADMIN] 15:35:00.549172 シナリオ走行を開始しました [シナリオ名: 新規ユーザー登録]
[ADMIN] 15:35:00.591813 シナリオ走行を終了しました [シナリオ名: ログイン]
[ADMIN] 15:35:00.591828 シナリオ走行を開始しました [シナリオ名: ログイン]
[ADMIN] 15:35:00.620935 シナリオ走行を終了しました [シナリオ名: 新規ユーザー登録]
[ADMIN] 15:35:00.620959 シナリオ走行を開始しました [シナリオ名: 新規ユーザー登録]
[ADMIN] 15:35:00.631768 シナリオ走行を終了しました [シナリオ名: ログイン]
[ADMIN] 15:35:00.631781 シナリオ走行を開始しました [シナリオ名: ログイン]
[ADMIN] 15:35:00.669379 シナリオ走行を終了しました [シナリオ名: ログイン]
[ADMIN] 15:35:00.669392 シナリオ走行を開始しました [シナリオ名: ログイン]
[ADMIN] 15:35:00.676658 シナリオ走行を終了しました [シナリオ名: 新規ユーザー登録]
[ADMIN] 15:35:00.676681 シナリオ走行を開始しました [シナリオ名: 新規ユーザー登録]
[ADMIN] 15:35:00.725938 シナリオ走行を終了しました [シナリオ名: ログイン]
[ADMIN] 15:35:00.725952 シナリオ走行を開始しました [シナリオ名: ログイン]
[ADMIN] 15:35:00.736202 シナリオ走行を終了しました [シナリオ名: 新規ユーザー登録]
[ADMIN] 15:35:00.736220 シナリオ走行を開始しました [シナリオ名: 新規ユーザー登録]
[ADMIN] 15:35:00.752964 シナリオ走行を終了しました [シナリオ名: ログイン]
[ADMIN] 15:35:00.752974 シナリオ走行を開始しました [シナリオ名: ログイン]
[ADMIN] 15:35:00.781887 シナリオ走行を終了しました [シナリオ名: ログイン]
[ADMIN] 15:35:00.781899 シナリオ走行を開始しました [シナリオ名: ログイン]
[ADMIN] 15:35:00.798023 シナリオ走行を終了しました [シナリオ名: 新規ユーザー登録]
[ADMIN] 15:35:00.798046 シナリオ走行を開始しました [シナリオ名: 新規ユーザー登録]
[ADMIN] 15:35:00.809362 シナリオ走行を終了しました [シナリオ名: ログイン]
[ADMIN] 15:35:00.809371 シナリオ走行を開始しました [シナリオ名: ログイン]
[ADMIN] 15:35:00.837056 シナリオ走行を終了しました [シナリオ名: ログイン]
[ADMIN] 15:35:00.837067 シナリオ走行を開始しました [シナリオ名: ログイン]
[ADMIN] 15:35:00.853409 シナリオ走行を終了しました [シナリオ名: 新規ユーザー登録]
[ADMIN] 15:35:00.853431 シナリオ走行を開始しました [シナリオ名: 新規ユーザー登録]
[ADMIN] 15:35:00.875988 シナリオ走行を終了しました [シナリオ名: ログイン]
[ADMIN] 15:35:00.876000 シナリオ走行を終了しました [シナリオ名: Banユーザログイン]
[ADMIN] 15:35:00.876005 シナリオ走行を開始しました [シナリオ名: Banユーザログイン]
[ADMIN] 15:35:00.876052 シナリオ走行を開始しました [シナリオ名: ログイン]
[ADMIN] 15:35:00.923881 シナリオ走行を終了しました [シナリオ名: 新規ユーザー登録]
[ADMIN] 15:35:00.923914 シナリオ走行を開始しました [シナリオ名: 新規ユーザー登録]
[ADMIN] 15:35:00.937462 シナリオ走行を終了しました [シナリオ名: ログイン]
[ADMIN] 15:35:00.937479 シナリオ走行を開始しました [シナリオ名: ログイン]
[ADMIN] 15:35:00.987227 シナリオ走行を終了しました [シナリオ名: 新規ユーザー登録]
[ADMIN] 15:35:00.987257 シナリオ走行を開始しました [シナリオ名: 新規ユーザー登録]
[ADMIN] 15:35:00.989505 シナリオ走行を終了しました [シナリオ名: ログイン]
[ADMIN] 15:35:00.989514 シナリオ走行を開始しました [シナリオ名: ログイン]
[ADMIN] 15:35:01.050989 シナリオ走行を終了しました [シナリオ名: ログイン]
[ADMIN] 15:35:01.051005 シナリオ走行を開始しました [シナリオ名: ログイン]
[ADMIN] 15:35:01.055638 シナリオ走行を終了しました [シナリオ名: 新規ユーザー登録]
[ADMIN] 15:35:01.055657 シナリオ走行を開始しました [シナリオ名: 新規ユーザー登録]
[ADMIN] 15:35:01.106752 シナリオ走行を終了しました [シナリオ名: ログイン]
[ADMIN] 15:35:01.106767 シナリオ走行を開始しました [シナリオ名: ログイン]
[ADMIN] 15:35:01.124333 シナリオ走行を終了しました [シナリオ名: 新規ユーザー登録]
[ADMIN] 15:35:01.124356 シナリオ走行を開始しました [シナリオ名: 新規ユーザー登録]
[ADMIN] 15:35:01.162486 シナリオ走行を終了しました [シナリオ名: ログイン]
[ADMIN] 15:35:01.162499 シナリオ走行を開始しました [シナリオ名: ログイン]
[ADMIN] 15:35:01.187095 シナリオ走行を終了しました [シナリオ名: 新規ユーザー登録]
[ADMIN] 15:35:01.187118 シナリオ走行を開始しました [シナリオ名: 新規ユーザー登録]
[ADMIN] 15:35:01.195217 シナリオ走行を終了しました [シナリオ名: ログイン]
[ADMIN] 15:35:01.195226 シナリオ走行を開始しました [シナリオ名: ログイン]
[ADMIN] 15:35:01.230696 シナリオ走行を終了しました [シナリオ名: ログイン]
[ADMIN] 15:35:01.230707 シナリオ走行を開始しました [シナリオ名: ログイン]
[ADMIN] 15:35:01.251623 シナリオ走行を終了しました [シナリオ名: 新規ユーザー登録]
[ADMIN] 15:35:01.251641 シナリオ走行を開始しました [シナリオ名: 新規ユーザー登録]
[ADMIN] 15:35:01.263383 シナリオ走行を終了しました [シナリオ名: ログイン]
[ADMIN] 15:35:01.263394 シナリオ走行を開始しました [シナリオ名: ログイン]
[ADMIN] 15:35:01.311699 シナリオ走行を終了しました [シナリオ名: 新規ユーザー登録]
[ADMIN] 15:35:01.311721 シナリオ走行を開始しました [シナリオ名: 新規ユーザー登録]
[ADMIN] 15:35:01.316671 シナリオ走行を終了しました [シナリオ名: ログイン]
[ADMIN] 15:35:01.316679 シナリオ走行を開始しました [シナリオ名: ログイン]
[ADMIN] 15:35:01.367349 シナリオ走行を終了しました [シナリオ名: 新規ユーザー登録]
[ADMIN] 15:35:01.367368 シナリオ走行を開始しました [シナリオ名: 新規ユーザー登録]
[ADMIN] 15:35:01.367577 シナリオ走行を終了しました [シナリオ名: ログイン]
[ADMIN] 15:35:01.367589 シナリオ走行を開始しました [シナリオ名: ログイン]
[ADMIN] 15:35:01.380494 シナリオ走行を終了しました [シナリオ名: Banユーザログイン]
[ADMIN] 15:35:01.380509 シナリオ走行を開始しました [シナリオ名: Banユーザログイン]
[ADMIN] 15:35:01.420139 シナリオ走行を終了しました [シナリオ名: ログイン]
[ADMIN] 15:35:01.420153 シナリオ走行を開始しました [シナリオ名: ログイン]
[ADMIN] 15:35:01.426200 シナリオ走行を終了しました [シナリオ名: 新規ユーザー登録]
[ADMIN] 15:35:01.426219 シナリオ走行を開始しました [シナリオ名: 新規ユーザー登録]
[ADMIN] 15:35:01.470430 シナリオ走行を終了しました [シナリオ名: ログイン]
[ADMIN] 15:35:01.470445 シナリオ走行を開始しました [シナリオ名: ログイン]
[ADMIN] 15:35:01.482962 シナリオ走行を終了しました [シナリオ名: 新規ユーザー登録]
[ADMIN] 15:35:01.482988 シナリオ走行を開始しました [シナリオ名: 新規ユーザー登録]
[ADMIN] 15:35:01.520804 シナリオ走行を終了しました [シナリオ名: ログイン]
[ADMIN] 15:35:01.520816 シナリオ走行を開始しました [シナリオ名: ログイン]
[ADMIN] 15:35:01.543231 シナリオ走行を終了しました [シナリオ名: 新規ユーザー登録]
[ADMIN] 15:35:01.543252 シナリオ走行を開始しました [シナリオ名: 新規ユーザー登録]
[ADMIN] 15:35:01.548353 シナリオ走行を終了しました [シナリオ名: ログイン]
[ADMIN] 15:35:01.548364 シナリオ走行を開始しました [シナリオ名: ログイン]
[ADMIN] 15:35:01.589100 シナリオ走行を終了しました [シナリオ名: ログイン]
[ADMIN] 15:35:01.589116 シナリオ走行を開始しました [シナリオ名: ログイン]
[ADMIN] 15:35:01.600725 シナリオ走行を終了しました [シナリオ名: 新規ユーザー登録]
[ADMIN] 15:35:01.600747 シナリオ走行を開始しました [シナリオ名: 新規ユーザー登録]
[ADMIN] 15:35:01.628553 シナリオ走行を終了しました [シナリオ名: ログイン]
[ADMIN] 15:35:01.628568 シナリオ走行を開始しました [シナリオ名: ログイン]
[ADMIN] 15:35:01.657894 シナリオ走行を終了しました [シナリオ名: 新規ユーザー登録]
[ADMIN] 15:35:01.657923 シナリオ走行を開始しました [シナリオ名: 新規ユーザー登録]
[ADMIN] 15:35:01.667485 シナリオ走行を終了しました [シナリオ名: ログイン]
[ADMIN] 15:35:01.667497 シナリオ走行を開始しました [シナリオ名: ログイン]
[ADMIN] 15:35:01.699396 シナリオ走行を終了しました [シナリオ名: ログイン]
[ADMIN] 15:35:01.699411 シナリオ走行を開始しました [シナリオ名: ログイン]
[ADMIN] 15:35:01.729326 シナリオ走行を終了しました [シナリオ名: 新規ユーザー登録]
[ADMIN] 15:35:01.729355 シナリオ走行を開始しました [シナリオ名: 新規ユーザー登録]
[ADMIN] 15:35:01.738782 シナリオ走行を終了しました [シナリオ名: ログイン]
[ADMIN] 15:35:01.738794 シナリオ走行を開始しました [シナリオ名: ログイン]
[ADMIN] 15:35:01.766892 シナリオ走行を終了しました [シナリオ名: ログイン]
[ADMIN] 15:35:01.766906 シナリオ走行を開始しました [シナリオ名: ログイン]
[ADMIN] 15:35:01.788110 シナリオ走行を終了しました [シナリオ名: 新規ユーザー登録]
[ADMIN] 15:35:01.788134 シナリオ走行を開始しました [シナリオ名: 新規ユーザー登録]
[ADMIN] 15:35:01.819587 シナリオ走行を終了しました [シナリオ名: ログイン]
[ADMIN] 15:35:01.819602 シナリオ走行を開始しました [シナリオ名: ログイン]
[ADMIN] 15:35:01.845747 シナリオ走行を終了しました [シナリオ名: 新規ユーザー登録]
[ADMIN] 15:35:01.845779 シナリオ走行を開始しました [シナリオ名: 新規ユーザー登録]
[ADMIN] 15:35:01.873612 シナリオ走行を終了しました [シナリオ名: ログイン]
[ADMIN] 15:35:01.873638 シナリオ走行を開始しました [シナリオ名: ログイン]
[ADMIN] 15:35:01.883677 シナリオ走行を終了しました [シナリオ名: Banユーザログイン]
[ADMIN] 15:35:01.883701 シナリオ走行を開始しました [シナリオ名: Banユーザログイン]
[ADMIN] 15:35:01.911624 シナリオ走行を終了しました [シナリオ名: 新規ユーザー登録]
[ADMIN] 15:35:01.911649 シナリオ走行を開始しました [シナリオ名: 新規ユーザー登録]
[ADMIN] 15:35:01.932034 シナリオ走行を終了しました [シナリオ名: ログイン]
[ADMIN] 15:35:01.932045 シナリオ走行を開始しました [シナリオ名: ログイン]
[ADMIN] 15:35:01.965668 シナリオ走行を終了しました [シナリオ名: ログイン]
[ADMIN] 15:35:01.965681 シナリオ走行を開始しました [シナリオ名: ログイン]
[ADMIN] 15:35:01.978792 シナリオ走行を終了しました [シナリオ名: 新規ユーザー登録]
[ADMIN] 15:35:01.978816 シナリオ走行を開始しました [シナリオ名: 新規ユーザー登録]
[ADMIN] 15:35:02.021844 シナリオ走行を終了しました [シナリオ名: ログイン]
[ADMIN] 15:35:02.021858 シナリオ走行を開始しました [シナリオ名: ログイン]
[ADMIN] 15:35:02.044646 シナリオ走行を終了しました [シナリオ名: 新規ユーザー登録]
[ADMIN] 15:35:02.044676 シナリオ走行を開始しました [シナリオ名: 新規ユーザー登録]
[ADMIN] 15:35:02.067146 シナリオ走行を終了しました [シナリオ名: ログイン]
[ADMIN] 15:35:02.067158 シナリオ走行を開始しました [シナリオ名: ログイン]
[ADMIN] 15:35:02.111961 シナリオ走行を終了しました [シナリオ名: 新規ユーザー登録]
[ADMIN] 15:35:02.111983 シナリオ走行を開始しました [シナリオ名: 新規ユーザー登録]
[ADMIN] 15:35:02.116884 シナリオ走行を終了しました [シナリオ名: ログイン]
[ADMIN] 15:35:02.116895 シナリオ走行を開始しました [シナリオ名: ログイン]
[ADMIN] 15:35:02.151674 シナリオ走行を終了しました [シナリオ名: ログイン]
[ADMIN] 15:35:02.151686 シナリオ走行を開始しました [シナリオ名: ログイン]
[ADMIN] 15:35:02.179103 シナリオ走行を終了しました [シナリオ名: 新規ユーザー登録]
[ADMIN] 15:35:02.179122 シナリオ走行を開始しました [シナリオ名: 新規ユーザー登録]
[ADMIN] 15:35:02.199491 シナリオ走行を終了しました [シナリオ名: ログイン]
[ADMIN] 15:35:02.199505 シナリオ走行を開始しました [シナリオ名: ログイン]
[ADMIN] 15:35:02.241196 シナリオ走行を終了しました [シナリオ名: 新規ユーザー登録]
[ADMIN] 15:35:02.241221 シナリオ走行を開始しました [シナリオ名: 新規ユーザー登録]
[ADMIN] 15:35:02.243369 シナリオ走行を終了しました [シナリオ名: ログイン]
[ADMIN] 15:35:02.243381 シナリオ走行を開始しました [シナリオ名: ログイン]
[ADMIN] 15:35:02.290322 シナリオ走行を終了しました [シナリオ名: ログイン]
[ADMIN] 15:35:02.290335 シナリオ走行を開始しました [シナリオ名: ログイン]
[ADMIN] 15:35:02.301287 シナリオ走行を終了しました [シナリオ名: 新規ユーザー登録]
[ADMIN] 15:35:02.301310 シナリオ走行を開始しました [シナリオ名: 新規ユーザー登録]
[ADMIN] 15:35:02.331260 シナリオ走行を終了しました [シナリオ名: ログイン]
[ADMIN] 15:35:02.331274 シナリオ走行を開始しました [シナリオ名: ログイン]
[ADMIN] 15:35:02.358599 シナリオ走行を終了しました [シナリオ名: 新規ユーザー登録]
[ADMIN] 15:35:02.358639 シナリオ走行を開始しました [シナリオ名: 新規ユーザー登録]
[ADMIN] 15:35:02.383597 シナリオ走行を終了しました [シナリオ名: ログイン]
[ADMIN] 15:35:02.383610 シナリオ走行を開始しました [シナリオ名: ログイン]
[ADMIN] 15:35:02.387120 シナリオ走行を終了しました [シナリオ名: Banユーザログイン]
[ADMIN] 15:35:02.387138 シナリオ走行を開始しました [シナリオ名: Banユーザログイン]
[ADMIN] 15:35:02.415368 シナリオ走行を終了しました [シナリオ名: ログイン]
[ADMIN] 15:35:02.415385 シナリオ走行を開始しました [シナリオ名: ログイン]
[ADMIN] 15:35:02.420413 シナリオ走行を終了しました [シナリオ名: 新規ユーザー登録]
[ADMIN] 15:35:02.420432 シナリオ走行を開始しました [シナリオ名: 新規ユーザー登録]
[ADMIN] 15:35:02.458524 シナリオ走行を終了しました [シナリオ名: ログイン]
[ADMIN] 15:35:02.458537 シナリオ走行を開始しました [シナリオ名: ログイン]
[ADMIN] 15:35:02.478462 シナリオ走行を終了しました [シナリオ名: 新規ユーザー登録]
[ADMIN] 15:35:02.478485 シナリオ走行を開始しました [シナリオ名: 新規ユーザー登録]
[ADMIN] 15:35:02.509214 シナリオ走行を終了しました [シナリオ名: ログイン]
[ADMIN] 15:35:02.509229 シナリオ走行を開始しました [シナリオ名: ログイン]
[ADMIN] 15:35:02.536207 シナリオ走行を終了しました [シナリオ名: 新規ユーザー登録]
[ADMIN] 15:35:02.536233 シナリオ走行を開始しました [シナリオ名: 新規ユーザー登録]
[ADMIN] 15:35:02.562730 シナリオ走行を終了しました [シナリオ名: ログイン]
[ADMIN] 15:35:02.562743 シナリオ走行を開始しました [シナリオ名: ログイン]
[ADMIN] 15:35:02.591715 シナリオ走行を終了しました [シナリオ名: 新規ユーザー登録]
[ADMIN] 15:35:02.591752 シナリオ走行を開始しました [シナリオ名: 新規ユーザー登録]
[ADMIN] 15:35:02.614740 シナリオ走行を終了しました [シナリオ名: ログイン]
[ADMIN] 15:35:02.614751 シナリオ走行を開始しました [シナリオ名: ログイン]
[ADMIN] 15:35:02.650055 シナリオ走行を終了しました [シナリオ名: 新規ユーザー登録]
[ADMIN] 15:35:02.650073 シナリオ走行を開始しました [シナリオ名: 新規ユーザー登録]
[ADMIN] 15:35:02.661748 シナリオ走行を終了しました [シナリオ名: ログイン]
[ADMIN] 15:35:02.661760 シナリオ走行を開始しました [シナリオ名: ログイン]
[ADMIN] 15:35:02.711438 シナリオ走行を終了しました [シナリオ名: ログイン]
[ADMIN] 15:35:02.711448 シナリオ走行を開始しました [シナリオ名: ログイン]
[ADMIN] 15:35:02.712262 シナリオ走行を終了しました [シナリオ名: 新規ユーザー登録]
[ADMIN] 15:35:02.712279 シナリオ走行を開始しました [シナリオ名: 新規ユーザー登録]
[ADMIN] 15:35:02.752957 シナリオ走行を終了しました [シナリオ名: ログイン]
[ADMIN] 15:35:02.752967 シナリオ走行を開始しました [シナリオ名: ログイン]
[ADMIN] 15:35:02.767028 シナリオ走行を終了しました [シナリオ名: 新規ユーザー登録]
[ADMIN] 15:35:02.767045 シナリオ走行を開始しました [シナリオ名: 新規ユーザー登録]
[ADMIN] 15:35:02.802538 シナリオ走行を終了しました [シナリオ名: ログイン]
[ADMIN] 15:35:02.802549 シナリオ走行を開始しました [シナリオ名: ログイン]
[ADMIN] 15:35:02.832853 シナリオ走行を終了しました [シナリオ名: ログイン]
[ADMIN] 15:35:02.832865 シナリオ走行を開始しました [シナリオ名: ログイン]
[ADMIN] 15:35:02.836339 シナリオ走行を終了しました [シナリオ名: 新規ユーザー登録]
[ADMIN] 15:35:02.836361 シナリオ走行を開始しました [シナリオ名: 新規ユーザー登録]
[ADMIN] 15:35:02.885462 シナリオ走行を終了しました [シナリオ名: ログイン]
[ADMIN] 15:35:02.885473 シナリオ走行を開始しました [シナリオ名: ログイン]
[ADMIN] 15:35:02.889903 シナリオ走行を終了しました [シナリオ名: Banユーザログイン]
[ADMIN] 15:35:02.889914 シナリオ走行を開始しました [シナリオ名: Banユーザログイン]
[ADMIN] 15:35:02.901443 シナリオ走行を終了しました [シナリオ名: 新規ユーザー登録]
[ADMIN] 15:35:02.901463 シナリオ走行を開始しました [シナリオ名: 新規ユーザー登録]
[ADMIN] 15:35:02.920388 シナリオ走行を終了しました [シナリオ名: ログイン]
[ADMIN] 15:35:02.920398 シナリオ走行を開始しました [シナリオ名: ログイン]
[ADMIN] 15:35:02.969129 シナリオ走行を終了しました [シナリオ名: 新規ユーザー登録]
[ADMIN] 15:35:02.969157 シナリオ走行を開始しました [シナリオ名: 新規ユーザー登録]
[ADMIN] 15:35:02.974366 シナリオ走行を終了しました [シナリオ名: ログイン]
[ADMIN] 15:35:02.974378 シナリオ走行を開始しました [シナリオ名: ログイン]
[ADMIN] 15:35:03.005866 シナリオ走行を終了しました [シナリオ名: ログイン]
[ADMIN] 15:35:03.005878 シナリオ走行を開始しました [シナリオ名: ログイン]
[ADMIN] 15:35:03.037207 シナリオ走行を終了しました [シナリオ名: 新規ユーザー登録]
[ADMIN] 15:35:03.037229 シナリオ走行を開始しました [シナリオ名: 新規ユーザー登録]
[ADMIN] 15:35:03.053084 シナリオ走行を終了しました [シナリオ名: ログイン]
[ADMIN] 15:35:03.053093 シナリオ走行を開始しました [シナリオ名: ログイン]
[ADMIN] 15:35:03.104457 シナリオ走行を終了しました [シナリオ名: 新規ユーザー登録]
[ADMIN] 15:35:03.104487 シナリオ走行を開始しました [シナリオ名: 新規ユーザー登録]
[ADMIN] 15:35:03.108830 シナリオ走行を終了しました [シナリオ名: ログイン]
[ADMIN] 15:35:03.108840 シナリオ走行を開始しました [シナリオ名: ログイン]
[ADMIN] 15:35:03.142337 シナリオ走行を終了しました [シナリオ名: ログイン]
[ADMIN] 15:35:03.142353 シナリオ走行を開始しました [シナリオ名: ログイン]
[ADMIN] 15:35:03.169039 シナリオ走行を終了しました [シナリオ名: 新規ユーザー登録]
[ADMIN] 15:35:03.169062 シナリオ走行を開始しました [シナリオ名: 新規ユーザー登録]
[ADMIN] 15:35:03.189392 シナリオ走行を終了しました [シナリオ名: ログイン]
[ADMIN] 15:35:03.189403 シナリオ走行を開始しました [シナリオ名: ログイン]
[ADMIN] 15:35:03.221429 シナリオ走行を終了しました [シナリオ名: ログイン]
[ADMIN] 15:35:03.221441 シナリオ走行を開始しました [シナリオ名: ログイン]
[ADMIN] 15:35:03.235463 シナリオ走行を終了しました [シナリオ名: 新規ユーザー登録]
[ADMIN] 15:35:03.235492 シナリオ走行を開始しました [シナリオ名: 新規ユーザー登録]
[ADMIN] 15:35:03.264063 シナリオ走行を終了しました [シナリオ名: ログイン]
[ADMIN] 15:35:03.264075 シナリオ走行を開始しました [シナリオ名: ログイン]
[ADMIN] 15:35:03.294764 シナリオ走行を終了しました [シナリオ名: ログイン]
[ADMIN] 15:35:03.294779 シナリオ走行を開始しました [シナリオ名: ログイン]
[ADMIN] 15:35:03.296927 シナリオ走行を終了しました [シナリオ名: 新規ユーザー登録]
[ADMIN] 15:35:03.296949 シナリオ走行を開始しました [シナリオ名: 新規ユーザー登録]
[ADMIN] 15:35:03.335914 シナリオ走行を終了しました [シナリオ名: ログイン]
[ADMIN] 15:35:03.335931 シナリオ走行を開始しました [シナリオ名: ログイン]
[ADMIN] 15:35:03.354497 シナリオ走行を終了しました [シナリオ名: 新規ユーザー登録]
[ADMIN] 15:35:03.354529 シナリオ走行を開始しました [シナリオ名: 新規ユーザー登録]
[ADMIN] 15:35:03.375868 シナリオ走行を終了しました [シナリオ名: ログイン]
[ADMIN] 15:35:03.375881 シナリオ走行を開始しました [シナリオ名: ログイン]
[ADMIN] 15:35:03.393386 シナリオ走行を終了しました [シナリオ名: Banユーザログイン]
[ADMIN] 15:35:03.393403 シナリオ走行を開始しました [シナリオ名: Banユーザログイン]
[ADMIN] 15:35:03.413915 シナリオ走行を終了しました [シナリオ名: 新規ユーザー登録]
[ADMIN] 15:35:03.413942 シナリオ走行を開始しました [シナリオ名: 新規ユーザー登録]
[ADMIN] 15:35:03.429923 シナリオ走行を終了しました [シナリオ名: ログイン]
[ADMIN] 15:35:03.429936 シナリオ走行を開始しました [シナリオ名: ログイン]
[ADMIN] 15:35:03.468817 シナリオ走行を終了しました [シナリオ名: 新規ユーザー登録]
[ADMIN] 15:35:03.468842 シナリオ走行を開始しました [シナリオ名: 新規ユーザー登録]
[ADMIN] 15:35:03.473349 シナリオ走行を終了しました [シナリオ名: ログイン]
[ADMIN] 15:35:03.473359 シナリオ走行を開始しました [シナリオ名: ログイン]
[ADMIN] 15:35:03.502149 シナリオ走行を終了しました [シナリオ名: ログイン]
[ADMIN] 15:35:03.502161 シナリオ走行を開始しました [シナリオ名: ログイン]
[ADMIN] 15:35:03.530780 シナリオ走行を終了しました [シナリオ名: 新規ユーザー登録]
[ADMIN] 15:35:03.530800 シナリオ走行を開始しました [シナリオ名: 新規ユーザー登録]
[ADMIN] 15:35:03.546453 シナリオ走行を終了しました [シナリオ名: ログイン]
[ADMIN] 15:35:03.546464 シナリオ走行を開始しました [シナリオ名: ログイン]
[ADMIN] 15:35:03.586487 シナリオ走行を終了しました [シナリオ名: ログイン]
[ADMIN] 15:35:03.586499 シナリオ走行を開始しました [シナリオ名: ログイン]
[ADMIN] 15:35:03.586950 シナリオ走行を終了しました [シナリオ名: 新規ユーザー登録]
[ADMIN] 15:35:03.586971 シナリオ走行を開始しました [シナリオ名: 新規ユーザー登録]
[ADMIN] 15:35:03.612748 シナリオ走行を終了しました [シナリオ名: ログイン]
[ADMIN] 15:35:03.612758 シナリオ走行を開始しました [シナリオ名: ログイン]
[ADMIN] 15:35:03.643341 シナリオ走行を終了しました [シナリオ名: ログイン]
[ADMIN] 15:35:03.643352 シナリオ走行を開始しました [シナリオ名: ログイン]
[ADMIN] 15:35:03.644782 シナリオ走行を終了しました [シナリオ名: 新規ユーザー登録]
[ADMIN] 15:35:03.644800 シナリオ走行を開始しました [シナリオ名: 新規ユーザー登録]
[ADMIN] 15:35:03.682596 シナリオ走行を終了しました [シナリオ名: ログイン]
[ADMIN] 15:35:03.682608 シナリオ走行を開始しました [シナリオ名: ログイン]
[ADMIN] 15:35:03.701061 シナリオ走行を終了しました [シナリオ名: 新規ユーザー登録]
[ADMIN] 15:35:03.701080 シナリオ走行を開始しました [シナリオ名: 新規ユーザー登録]
[ADMIN] 15:35:03.722354 シナリオ走行を終了しました [シナリオ名: ログイン]
[ADMIN] 15:35:03.722362 シナリオ走行を開始しました [シナリオ名: ログイン]
[ADMIN] 15:35:03.757946 シナリオ走行を終了しました [シナリオ名: 新規ユーザー登録]
[ADMIN] 15:35:03.757965 シナリオ走行を開始しました [シナリオ名: 新規ユーザー登録]
[ADMIN] 15:35:03.763872 シナリオ走行を終了しました [シナリオ名: ログイン]
[ADMIN] 15:35:03.763880 シナリオ走行を開始しました [シナリオ名: ログイン]
[ADMIN] 15:35:03.797587 シナリオ走行を終了しました [シナリオ名: ログイン]
[ADMIN] 15:35:03.797599 シナリオ走行を開始しました [シナリオ名: ログイン]
[ADMIN] 15:35:03.813916 シナリオ走行を終了しました [シナリオ名: 新規ユーザー登録]
[ADMIN] 15:35:03.813936 シナリオ走行を開始しました [シナリオ名: 新規ユーザー登録]
[ADMIN] 15:35:03.847748 シナリオ走行を終了しました [シナリオ名: ログイン]
[ADMIN] 15:35:03.847760 シナリオ走行を開始しました [シナリオ名: ログイン]
[ADMIN] 15:35:03.873895 シナリオ走行を終了しました [シナリオ名: 新規ユーザー登録]
[ADMIN] 15:35:03.873914 シナリオ走行を開始しました [シナリオ名: 新規ユーザー登録]
[ADMIN] 15:35:03.893786 シナリオ走行を終了しました [シナリオ名: ログイン]
[ADMIN] 15:35:03.893796 シナリオ走行を開始しました [シナリオ名: ログイン]
[ADMIN] 15:35:03.896938 シナリオ走行を終了しました [シナリオ名: Banユーザログイン]
[ADMIN] 15:35:03.896955 シナリオ走行を開始しました [シナリオ名: Banユーザログイン]
[ADMIN] 15:35:03.926999 シナリオ走行を終了しました [シナリオ名: ログイン]
[ADMIN] 15:35:03.927009 シナリオ走行を開始しました [シナリオ名: ログイン]
[ADMIN] 15:35:03.953128 シナリオ走行を終了しました [シナリオ名: 新規ユーザー登録]
[ADMIN] 15:35:03.953151 シナリオ走行を開始しました [シナリオ名: 新規ユーザー登録]
[ADMIN] 15:35:03.985241 シナリオ走行を終了しました [シナリオ名: ログイン]
[ADMIN] 15:35:03.985255 シナリオ走行を開始しました [シナリオ名: ログイン]
[ADMIN] 15:35:04.020384 シナリオ走行を終了しました [シナリオ名: 新規ユーザー登録]
[ADMIN] 15:35:04.020413 シナリオ走行を開始しました [シナリオ名: 新規ユーザー登録]
[ADMIN] 15:35:04.042937 シナリオ走行を終了しました [シナリオ名: ログイン]
[ADMIN] 15:35:04.042949 シナリオ走行を開始しました [シナリオ名: ログイン]
[ADMIN] 15:35:04.085003 シナリオ走行を終了しました [シナリオ名: 新規ユーザー登録]
[ADMIN] 15:35:04.085027 シナリオ走行を開始しました [シナリオ名: 新規ユーザー登録]
[ADMIN] 15:35:04.097283 シナリオ走行を終了しました [シナリオ名: ログイン]
[ADMIN] 15:35:04.097299 シナリオ走行を開始しました [シナリオ名: ログイン]
[ADMIN] 15:35:04.155508 シナリオ走行を終了しました [シナリオ名: ログイン]
[ADMIN] 15:35:04.155522 シナリオ走行を開始しました [シナリオ名: ログイン]
[ADMIN] 15:35:04.158258 シナリオ走行を終了しました [シナリオ名: 新規ユーザー登録]
[ADMIN] 15:35:04.158277 シナリオ走行を開始しました [シナリオ名: 新規ユーザー登録]
[ADMIN] 15:35:04.186272 シナリオ走行を終了しました [シナリオ名: ログイン]
[ADMIN] 15:35:04.186283 シナリオ走行を開始しました [シナリオ名: ログイン]
[ADMIN] 15:35:04.223428 シナリオ走行を終了しました [シナリオ名: 新規ユーザー登録]
[ADMIN] 15:35:04.223453 シナリオ走行を開始しました [シナリオ名: 新規ユーザー登録]
[ADMIN] 15:35:04.230503 シナリオ走行を終了しました [シナリオ名: ログイン]
[ADMIN] 15:35:04.230517 シナリオ走行を開始しました [シナリオ名: ログイン]
[ADMIN] 15:35:04.271807 シナリオ走行を終了しました [シナリオ名: ログイン]
[ADMIN] 15:35:04.271823 シナリオ走行を開始しました [シナリオ名: ログイン]
[ADMIN] 15:35:04.291747 シナリオ走行を終了しました [シナリオ名: 新規ユーザー登録]
[ADMIN] 15:35:04.291770 シナリオ走行を開始しました [シナリオ名: 新規ユーザー登録]
[ADMIN] 15:35:04.299805 シナリオ走行を終了しました [シナリオ名: ログイン]
[ADMIN] 15:35:04.299816 シナリオ走行を開始しました [シナリオ名: ログイン]
[ADMIN] 15:35:04.328642 シナリオ走行を終了しました [シナリオ名: ログイン]
[ADMIN] 15:35:04.328652 シナリオ走行を開始しました [シナリオ名: ログイン]
[ADMIN] 15:35:04.350457 シナリオ走行を終了しました [シナリオ名: 新規ユーザー登録]
[ADMIN] 15:35:04.350474 シナリオ走行を開始しました [シナリオ名: 新規ユーザー登録]
[ADMIN] 15:35:04.357042 シナリオ走行を終了しました [シナリオ名: ログイン]
[ADMIN] 15:35:04.357053 シナリオ走行を開始しました [シナリオ名: ログイン]
[ADMIN] 15:35:04.400487 シナリオ走行を終了しました [シナリオ名: Banユーザログイン]
[ADMIN] 15:35:04.400508 シナリオ走行を開始しました [シナリオ名: Banユーザログイン]
[ADMIN] 15:35:04.405086 シナリオ走行を終了しました [シナリオ名: ログイン]
[ADMIN] 15:35:04.405094 シナリオ走行を開始しました [シナリオ名: ログイン]
[ADMIN] 15:35:04.413001 シナリオ走行を終了しました [シナリオ名: 新規ユーザー登録]
[ADMIN] 15:35:04.413020 シナリオ走行を開始しました [シナリオ名: 新規ユーザー登録]
[ADMIN] 15:35:04.445987 シナリオ走行を終了しました [シナリオ名: ログイン]
[ADMIN] 15:35:04.445999 シナリオ走行を開始しました [シナリオ名: ログイン]
[ADMIN] 15:35:04.471407 シナリオ走行を終了しました [シナリオ名: 新規ユーザー登録]
[ADMIN] 15:35:04.471428 シナリオ走行を開始しました [シナリオ名: 新規ユーザー登録]
[ADMIN] 15:35:04.487422 シナリオ走行を終了しました [シナリオ名: ログイン]
[ADMIN] 15:35:04.487432 シナリオ走行を開始しました [シナリオ名: ログイン]
[ADMIN] 15:35:04.517547 シナリオ走行を終了しました [シナリオ名: ログイン]
[ADMIN] 15:35:04.517559 シナリオ走行を開始しました [シナリオ名: ログイン]
[ADMIN] 15:35:04.528942 シナリオ走行を終了しました [シナリオ名: 新規ユーザー登録]
[ADMIN] 15:35:04.528964 シナリオ走行を開始しました [シナリオ名: 新規ユーザー登録]
[ADMIN] 15:35:04.549108 シナリオ走行を終了しました [シナリオ名: ログイン]
[ADMIN] 15:35:04.549119 シナリオ走行を開始しました [シナリオ名: ログイン]
[ADMIN] 15:35:04.588310 シナリオ走行を終了しました [シナリオ名: 新規ユーザー登録]
[ADMIN] 15:35:04.588331 シナリオ走行を開始しました [シナリオ名: 新規ユーザー登録]
[ADMIN] 15:35:04.590847 シナリオ走行を終了しました [シナリオ名: ログイン]
[ADMIN] 15:35:04.590858 シナリオ走行を開始しました [シナリオ名: ログイン]
[ADMIN] 15:35:04.627492 シナリオ走行を終了しました [シナリオ名: ログイン]
[ADMIN] 15:35:04.627505 シナリオ走行を開始しました [シナリオ名: ログイン]
[ADMIN] 15:35:04.648514 シナリオ走行を終了しました [シナリオ名: 新規ユーザー登録]
[ADMIN] 15:35:04.648539 シナリオ走行を開始しました [シナリオ名: 新規ユーザー登録]
[ADMIN] 15:35:04.669992 シナリオ走行を終了しました [シナリオ名: ログイン]
[ADMIN] 15:35:04.670005 シナリオ走行を開始しました [シナリオ名: ログイン]
[ADMIN] 15:35:04.702347 シナリオ走行を終了しました [シナリオ名: ログイン]
[ADMIN] 15:35:04.702361 シナリオ走行を開始しました [シナリオ名: ログイン]
[ADMIN] 15:35:04.708035 シナリオ走行を終了しました [シナリオ名: 新規ユーザー登録]
[ADMIN] 15:35:04.708054 シナリオ走行を開始しました [シナリオ名: 新規ユーザー登録]
[ADMIN] 15:35:04.741999 シナリオ走行を終了しました [シナリオ名: ログイン]
[ADMIN] 15:35:04.742013 シナリオ走行を開始しました [シナリオ名: ログイン]
[ADMIN] 15:35:04.766753 シナリオ走行を終了しました [シナリオ名: 新規ユーザー登録]
[ADMIN] 15:35:04.766780 シナリオ走行を開始しました [シナリオ名: 新規ユーザー登録]
[ADMIN] 15:35:04.792728 シナリオ走行を終了しました [シナリオ名: ログイン]
[ADMIN] 15:35:04.792743 シナリオ走行を開始しました [シナリオ名: ログイン]
[ADMIN] 15:35:04.822669 シナリオ走行を終了しました [シナリオ名: ログイン]
[ADMIN] 15:35:04.822689 シナリオ走行を開始しました [シナリオ名: ログイン]
[ADMIN] 15:35:04.826983 シナリオ走行を終了しました [シナリオ名: 新規ユーザー登録]
[ADMIN] 15:35:04.827006 シナリオ走行を開始しました [シナリオ名: 新規ユーザー登録]
[ADMIN] 15:35:04.868023 シナリオ走行を終了しました [シナリオ名: ログイン]
[ADMIN] 15:35:04.868037 シナリオ走行を開始しました [シナリオ名: ログイン]
[ADMIN] 15:35:04.886266 シナリオ走行を終了しました [シナリオ名: 新規ユーザー登録]
[ADMIN] 15:35:04.886286 シナリオ走行を開始しました [シナリオ名: 新規ユーザー登録]
[ADMIN] 15:35:04.901475 シナリオ走行を終了しました [シナリオ名: ログイン]
[ADMIN] 15:35:04.901493 シナリオ走行を開始しました [シナリオ名: ログイン]
[ADMIN] 15:35:04.902886 シナリオ走行を終了しました [シナリオ名: Banユーザログイン]
[ADMIN] 15:35:04.902902 シナリオ走行を開始しました [シナリオ名: Banユーザログイン]
[ADMIN] 15:35:04.950903 シナリオ走行を終了しました [シナリオ名: ログイン]
[ADMIN] 15:35:04.950918 シナリオ走行を開始しました [シナリオ名: ログイン]
[ADMIN] 15:35:04.956126 シナリオ走行を終了しました [シナリオ名: 新規ユーザー登録]
[ADMIN] 15:35:04.956150 シナリオ走行を開始しました [シナリオ名: 新規ユーザー登録]
[ADMIN] 15:35:05.002757 シナリオ走行を終了しました [シナリオ名: ログイン]
[ADMIN] 15:35:05.002772 シナリオ走行を開始しました [シナリオ名: ログイン]
[ADMIN] 15:35:05.015941 シナリオ走行を終了しました [シナリオ名: 新規ユーザー登録]
[ADMIN] 15:35:05.015963 シナリオ走行を開始しました [シナリオ名: 新規ユーザー登録]
[ADMIN] 15:35:05.062789 シナリオ走行を終了しました [シナリオ名: ログイン]
[ADMIN] 15:35:05.062803 シナリオ走行を開始しました [シナリオ名: ログイン]
[ADMIN] 15:35:05.083246 シナリオ走行を終了しました [シナリオ名: 新規ユーザー登録]
[ADMIN] 15:35:05.083265 シナリオ走行を開始しました [シナリオ名: 新規ユーザー登録]
[ADMIN] 15:35:05.097817 シナリオ走行を終了しました [シナリオ名: ログイン]
[ADMIN] 15:35:05.097829 シナリオ走行を開始しました [シナリオ名: ログイン]
[ADMIN] 15:35:05.134369 シナリオ走行を終了しました [シナリオ名: ログイン]
[ADMIN] 15:35:05.134380 シナリオ走行を開始しました [シナリオ名: ログイン]
[ADMIN] 15:35:05.149465 シナリオ走行を終了しました [シナリオ名: 新規ユーザー登録]
[ADMIN] 15:35:05.149486 シナリオ走行を開始しました [シナリオ名: 新規ユーザー登録]
[ADMIN] 15:35:05.170892 シナリオ走行を終了しました [シナリオ名: ログイン]
[ADMIN] 15:35:05.170902 シナリオ走行を開始しました [シナリオ名: ログイン]
[ADMIN] 15:35:05.205667 シナリオ走行を終了しました [シナリオ名: ログイン]
[ADMIN] 15:35:05.205679 シナリオ走行を開始しました [シナリオ名: ログイン]
[ADMIN] 15:35:05.215786 シナリオ走行を終了しました [シナリオ名: 新規ユーザー登録]
[ADMIN] 15:35:05.215805 シナリオ走行を開始しました [シナリオ名: 新規ユーザー登録]
[ADMIN] 15:35:05.240227 シナリオ走行を終了しました [シナリオ名: ログイン]
[ADMIN] 15:35:05.240241 シナリオ走行を開始しました [シナリオ名: ログイン]
[ADMIN] 15:35:05.276655 シナリオ走行を終了しました [シナリオ名: 新規ユーザー登録]
[ADMIN] 15:35:05.276676 シナリオ走行を開始しました [シナリオ名: 新規ユーザー登録]
[ADMIN] 15:35:05.291135 シナリオ走行を終了しました [シナリオ名: ログイン]
[ADMIN] 15:35:05.291146 シナリオ走行を開始しました [シナリオ名: ログイン]
[ADMIN] 15:35:05.334297 シナリオ走行を終了しました [シナリオ名: 新規ユーザー登録]
[ADMIN] 15:35:05.334318 シナリオ走行を開始しました [シナリオ名: 新規ユーザー登録]
[ADMIN] 15:35:05.340344 シナリオ走行を終了しました [シナリオ名: ログイン]
[ADMIN] 15:35:05.340355 シナリオ走行を開始しました [シナリオ名: ログイン]
[ADMIN] 15:35:05.385974 シナリオ走行を終了しました [シナリオ名: ログイン]
[ADMIN] 15:35:05.385988 シナリオ走行を開始しました [シナリオ名: ログイン]
[ADMIN] 15:35:05.389807 シナリオ走行を終了しました [シナリオ名: 新規ユーザー登録]
[ADMIN] 15:35:05.389831 シナリオ走行を開始しました [シナリオ名: 新規ユーザー登録]
[ADMIN] 15:35:05.405309 シナリオ走行を終了しました [シナリオ名: Banユーザログイン]
[ADMIN] 15:35:05.405326 シナリオ走行を開始しました [シナリオ名: Banユーザログイン]
[ADMIN] 15:35:05.415716 シナリオ走行を終了しました [シナリオ名: ログイン]
[ADMIN] 15:35:05.415729 シナリオ走行を開始しました [シナリオ名: ログイン]
[ADMIN] 15:35:05.449179 シナリオ走行を終了しました [シナリオ名: 新規ユーザー登録]
[ADMIN] 15:35:05.449205 シナリオ走行を開始しました [シナリオ名: 新規ユーザー登録]
[ADMIN] 15:35:05.464176 シナリオ走行を終了しました [シナリオ名: ログイン]
[ADMIN] 15:35:05.464190 シナリオ走行を開始しました [シナリオ名: ログイン]
[ADMIN] 15:35:05.504646 シナリオ走行を終了しました [シナリオ名: ログイン]
[ADMIN] 15:35:05.504662 シナリオ走行を開始しました [シナリオ名: ログイン]
[ADMIN] 15:35:05.505128 シナリオ走行を終了しました [シナリオ名: 新規ユーザー登録]
[ADMIN] 15:35:05.505143 シナリオ走行を開始しました [シナリオ名: 新規ユーザー登録]
[ADMIN] 15:35:05.536533 シナリオ走行を終了しました [シナリオ名: ログイン]
[ADMIN] 15:35:05.536548 シナリオ走行を開始しました [シナリオ名: ログイン]
[ADMIN] 15:35:05.561165 シナリオ走行を終了しました [シナリオ名: 新規ユーザー登録]
[ADMIN] 15:35:05.561188 シナリオ走行を開始しました [シナリオ名: 新規ユーザー登録]
[ADMIN] 15:35:05.583369 シナリオ走行を終了しました [シナリオ名: ログイン]
[ADMIN] 15:35:05.583384 シナリオ走行を開始しました [シナリオ名: ログイン]
[ADMIN] 15:35:05.608484 シナリオ走行を終了しました [シナリオ名: ログイン]
[ADMIN] 15:35:05.608502 シナリオ走行を開始しました [シナリオ名: ログイン]
[ADMIN] 15:35:05.624290 シナリオ走行を終了しました [シナリオ名: 新規ユーザー登録]
[ADMIN] 15:35:05.624312 シナリオ走行を開始しました [シナリオ名: 新規ユーザー登録]
[ADMIN] 15:35:05.655190 シナリオ走行を終了しました [シナリオ名: ログイン]
[ADMIN] 15:35:05.655205 シナリオ走行を開始しました [シナリオ名: ログイン]
[ADMIN] 15:35:05.681597 シナリオ走行を終了しました [シナリオ名: 新規ユーザー登録]
[ADMIN] 15:35:05.681623 シナリオ走行を開始しました [シナリオ名: 新規ユーザー登録]
[ADMIN] 15:35:05.693678 シナリオ走行を終了しました [シナリオ名: ログイン]
[ADMIN] 15:35:05.693689 シナリオ走行を開始しました [シナリオ名: ログイン]
[ADMIN] 15:35:05.729967 シナリオ走行を終了しました [シナリオ名: ログイン]
[ADMIN] 15:35:05.729984 シナリオ走行を開始しました [シナリオ名: ログイン]
[ADMIN] 15:35:05.741465 シナリオ走行を終了しました [シナリオ名: 新規ユーザー登録]
[ADMIN] 15:35:05.741496 シナリオ走行を開始しました [シナリオ名: 新規ユーザー登録]
[ADMIN] 15:35:05.781826 シナリオ走行を終了しました [シナリオ名: ログイン]
[ADMIN] 15:35:05.781840 シナリオ走行を開始しました [シナリオ名: ログイン]
[ADMIN] 15:35:05.799741 シナリオ走行を終了しました [シナリオ名: 新規ユーザー登録]
[ADMIN] 15:35:05.799762 シナリオ走行を開始しました [シナリオ名: 新規ユーザー登録]
[ADMIN] 15:35:05.829446 シナリオ走行を終了しました [シナリオ名: ログイン]
[ADMIN] 15:35:05.829457 シナリオ走行を開始しました [シナリオ名: ログイン]
[ADMIN] 15:35:05.856005 シナリオ走行を終了しました [シナリオ名: 新規ユーザー登録]
[ADMIN] 15:35:05.856029 シナリオ走行を開始しました [シナリオ名: 新規ユーザー登録]
[ADMIN] 15:35:05.884473 シナリオ走行を終了しました [シナリオ名: ログイン]
[ADMIN] 15:35:05.884486 シナリオ走行を開始しました [シナリオ名: ログイン]
[ADMIN] 15:35:05.907828 シナリオ走行を終了しました [シナリオ名: Banユーザログイン]
[ADMIN] 15:35:05.907841 シナリオ走行を開始しました [シナリオ名: Banユーザログイン]
[ADMIN] 15:35:05.919237 シナリオ走行を終了しました [シナリオ名: 新規ユーザー登録]
[ADMIN] 15:35:05.919263 シナリオ走行を開始しました [シナリオ名: 新規ユーザー登録]
[ADMIN] 15:35:05.937821 シナリオ走行を終了しました [シナリオ名: ログイン]
[ADMIN] 15:35:05.937832 シナリオ走行を開始しました [シナリオ名: ログイン]
[ADMIN] 15:35:05.986688 シナリオ走行を終了しました [シナリオ名: 新規ユーザー登録]
[ADMIN] 15:35:05.986713 シナリオ走行を開始しました [シナリオ名: 新規ユーザー登録]
[ADMIN] 15:35:05.993920 シナリオ走行を終了しました [シナリオ名: ログイン]
[ADMIN] 15:35:05.993931 シナリオ走行を開始しました [シナリオ名: ログイン]
[ADMIN] 15:35:06.047780 シナリオ走行を終了しました [シナリオ名: ログイン]
[ADMIN] 15:35:06.047798 シナリオ走行を開始しました [シナリオ名: ログイン]
[ADMIN] 15:35:06.052315 シナリオ走行を終了しました [シナリオ名: 新規ユーザー登録]
[ADMIN] 15:35:06.052337 シナリオ走行を開始しました [シナリオ名: 新規ユーザー登録]
[ADMIN] 15:35:06.102913 シナリオ走行を終了しました [シナリオ名: ログイン]
[ADMIN] 15:35:06.102926 シナリオ走行を開始しました [シナリオ名: ログイン]
[ADMIN] 15:35:06.117918 シナリオ走行を終了しました [シナリオ名: 新規ユーザー登録]
[ADMIN] 15:35:06.117940 シナリオ走行を開始しました [シナリオ名: 新規ユーザー登録]
[ADMIN] 15:35:06.148278 シナリオ走行を終了しました [シナリオ名: ログイン]
[ADMIN] 15:35:06.148292 シナリオ走行を開始しました [シナリオ名: ログイン]
[ADMIN] 15:35:06.192186 シナリオ走行を終了しました [シナリオ名: 新規ユーザー登録]
[ADMIN] 15:35:06.192216 シナリオ走行を開始しました [シナリオ名: 新規ユーザー登録]
[ADMIN] 15:35:06.201261 シナリオ走行を終了しました [シナリオ名: ログイン]
[ADMIN] 15:35:06.201273 シナリオ走行を開始しました [シナリオ名: ログイン]
[ADMIN] 15:35:06.252336 シナリオ走行を終了しました [シナリオ名: 新規ユーザー登録]
[ADMIN] 15:35:06.252361 シナリオ走行を開始しました [シナリオ名: 新規ユーザー登録]
[ADMIN] 15:35:06.259348 シナリオ走行を終了しました [シナリオ名: ログイン]
[ADMIN] 15:35:06.259358 シナリオ走行を開始しました [シナリオ名: ログイン]
[ADMIN] 15:35:06.290667 シナリオ走行を終了しました [シナリオ名: ログイン]
[ADMIN] 15:35:06.290682 シナリオ走行を開始しました [シナリオ名: ログイン]
[ADMIN] 15:35:06.309202 シナリオ走行を終了しました [シナリオ名: 新規ユーザー登録]
[ADMIN] 15:35:06.309228 シナリオ走行を開始しました [シナリオ名: 新規ユーザー登録]
[ADMIN] 15:35:06.317414 シナリオ走行を終了しました [シナリオ名: ログイン]
[ADMIN] 15:35:06.317425 シナリオ走行を開始しました [シナリオ名: ログイン]
[ADMIN] 15:35:06.364024 シナリオ走行を終了しました [シナリオ名: ログイン]
[ADMIN] 15:35:06.364037 シナリオ走行を開始しました [シナリオ名: ログイン]
[ADMIN] 15:35:06.365077 シナリオ走行を終了しました [シナリオ名: 新規ユーザー登録]
[ADMIN] 15:35:06.365098 シナリオ走行を開始しました [シナリオ名: 新規ユーザー登録]
[ADMIN] 15:35:06.395790 シナリオ走行を終了しました [シナリオ名: ログイン]
[ADMIN] 15:35:06.395802 シナリオ走行を開始しました [シナリオ名: ログイン]
[ADMIN] 15:35:06.411697 シナリオ走行を終了しました [シナリオ名: Banユーザログイン]
[ADMIN] 15:35:06.411714 シナリオ走行を開始しました [シナリオ名: Banユーザログイン]
[ADMIN] 15:35:06.425661 シナリオ走行を終了しました [シナリオ名: 新規ユーザー登録]
[ADMIN] 15:35:06.425683 シナリオ走行を開始しました [シナリオ名: 新規ユーザー登録]
[ADMIN] 15:35:06.426597 シナリオ走行を終了しました [シナリオ名: ログイン]
[ADMIN] 15:35:06.426608 シナリオ走行を開始しました [シナリオ名: ログイン]
[ADMIN] 15:35:06.464886 シナリオ走行を終了しました [シナリオ名: ログイン]
[ADMIN] 15:35:06.464897 シナリオ走行を開始しました [シナリオ名: ログイン]
[ADMIN] 15:35:06.481442 シナリオ走行を終了しました [シナリオ名: 新規ユーザー登録]
[ADMIN] 15:35:06.481461 シナリオ走行を開始しました [シナリオ名: 新規ユーザー登録]
[ADMIN] 15:35:06.495826 シナリオ走行を終了しました [シナリオ名: ログイン]
[ADMIN] 15:35:06.495834 シナリオ走行を開始しました [シナリオ名: ログイン]
[ADMIN] 15:35:06.536388 シナリオ走行を終了しました [シナリオ名: ログイン]
[ADMIN] 15:35:06.536398 シナリオ走行を開始しました [シナリオ名: ログイン]
[ADMIN] 15:35:06.539078 シナリオ走行を終了しました [シナリオ名: 新規ユーザー登録]
[ADMIN] 15:35:06.539093 シナリオ走行を開始しました [シナリオ名: 新規ユーザー登録]
[ADMIN] 15:35:06.564907 シナリオ走行を終了しました [シナリオ名: ログイン]
[ADMIN] 15:35:06.564915 シナリオ走行を開始しました [シナリオ名: ログイン]
[ADMIN] 15:35:06.594537 シナリオ走行を終了しました [シナリオ名: ログイン]
[ADMIN] 15:35:06.594553 シナリオ走行を開始しました [シナリオ名: ログイン]
[ADMIN] 15:35:06.597015 シナリオ走行を終了しました [シナリオ名: 新規ユーザー登録]
[ADMIN] 15:35:06.597038 シナリオ走行を開始しました [シナリオ名: 新規ユーザー登録]
[ADMIN] 15:35:06.643275 シナリオ走行を終了しました [シナリオ名: ログイン]
[ADMIN] 15:35:06.643292 シナリオ走行を開始しました [シナリオ名: ログイン]
[ADMIN] 15:35:06.654339 シナリオ走行を終了しました [シナリオ名: 新規ユーザー登録]
[ADMIN] 15:35:06.654367 シナリオ走行を開始しました [シナリオ名: 新規ユーザー登録]
[ADMIN] 15:35:06.679809 シナリオ走行を終了しました [シナリオ名: ログイン]
[ADMIN] 15:35:06.679822 シナリオ走行を開始しました [シナリオ名: ログイン]
[ADMIN] 15:35:06.710678 シナリオ走行を終了しました [シナリオ名: 新規ユーザー登録]
[ADMIN] 15:35:06.710702 シナリオ走行を開始しました [シナリオ名: 新規ユーザー登録]
[ADMIN] 15:35:06.728906 シナリオ走行を終了しました [シナリオ名: ログイン]
[ADMIN] 15:35:06.728918 シナリオ走行を開始しました [シナリオ名: ログイン]
[ADMIN] 15:35:06.766932 シナリオ走行を終了しました [シナリオ名: 新規ユーザー登録]
[ADMIN] 15:35:06.766956 シナリオ走行を開始しました [シナリオ名: 新規ユーザー登録]
[ADMIN] 15:35:06.778724 シナリオ走行を終了しました [シナリオ名: ログイン]
[ADMIN] 15:35:06.778738 シナリオ走行を開始しました [シナリオ名: ログイン]
[ADMIN] 15:35:06.824587 シナリオ走行を終了しました [シナリオ名: 新規ユーザー登録]
[ADMIN] 15:35:06.824612 シナリオ走行を開始しました [シナリオ名: 新規ユーザー登録]
[ADMIN] 15:35:06.825041 シナリオ走行を終了しました [シナリオ名: ログイン]
[ADMIN] 15:35:06.825053 シナリオ走行を開始しました [シナリオ名: ログイン]
[ADMIN] 15:35:06.854093 シナリオ走行を終了しました [シナリオ名: ログイン]
[ADMIN] 15:35:06.854104 シナリオ走行を開始しました [シナリオ名: ログイン]
[ADMIN] 15:35:06.886094 シナリオ走行を終了しました [シナリオ名: 新規ユーザー登録]
[ADMIN] 15:35:06.886115 シナリオ走行を開始しました [シナリオ名: 新規ユーザー登録]
[ADMIN] 15:35:06.900578 シナリオ走行を終了しました [シナリオ名: ログイン]
[ADMIN] 15:35:06.900589 シナリオ走行を開始しました [シナリオ名: ログイン]
[ADMIN] 15:35:06.915030 シナリオ走行を終了しました [シナリオ名: Banユーザログイン]
[ADMIN] 15:35:06.915046 シナリオ走行を開始しました [シナリオ名: Banユーザログイン]
[ADMIN] 15:35:06.935389 シナリオ走行を終了しました [シナリオ名: ログイン]
[ADMIN] 15:35:06.935401 シナリオ走行を開始しました [シナリオ名: ログイン]
[ADMIN] 15:35:06.951725 シナリオ走行を終了しました [シナリオ名: 新規ユーザー登録]
[ADMIN] 15:35:06.951745 シナリオ走行を開始しました [シナリオ名: 新規ユーザー登録]
[ADMIN] 15:35:06.986419 シナリオ走行を終了しました [シナリオ名: ログイン]
[ADMIN] 15:35:06.986433 シナリオ走行を開始しました [シナリオ名: ログイン]
[ADMIN] 15:35:07.018343 シナリオ走行を終了しました [シナリオ名: 新規ユーザー登録]
[ADMIN] 15:35:07.018370 シナリオ走行を開始しました [シナリオ名: 新規ユーザー登録]
[ADMIN] 15:35:07.033936 シナリオ走行を終了しました [シナリオ名: ログイン]
[ADMIN] 15:35:07.033951 シナリオ走行を開始しました [シナリオ名: ログイン]
[ADMIN] 15:35:07.065840 シナリオ走行を終了しました [シナリオ名: ログイン]
[ADMIN] 15:35:07.065852 シナリオ走行を開始しました [シナリオ名: ログイン]
[ADMIN] 15:35:07.082823 シナリオ走行を終了しました [シナリオ名: 新規ユーザー登録]
[ADMIN] 15:35:07.082846 シナリオ走行を開始しました [シナリオ名: 新規ユーザー登録]
[ADMIN] 15:35:07.111997 シナリオ走行を終了しました [シナリオ名: ログイン]
[ADMIN] 15:35:07.112009 シナリオ走行を開始しました [シナリオ名: ログイン]
[ADMIN] 15:35:07.147801 シナリオ走行を終了しました [シナリオ名: 新規ユーザー登録]
[ADMIN] 15:35:07.147826 シナリオ走行を開始しました [シナリオ名: 新規ユーザー登録]
[ADMIN] 15:35:07.168602 シナリオ走行を終了しました [シナリオ名: ログイン]
[ADMIN] 15:35:07.168614 シナリオ走行を開始しました [シナリオ名: ログイン]
[ADMIN] 15:35:07.209179 シナリオ走行を終了しました [シナリオ名: 新規ユーザー登録]
[ADMIN] 15:35:07.209208 シナリオ走行を開始しました [シナリオ名: 新規ユーザー登録]
[ADMIN] 15:35:07.215635 シナリオ走行を終了しました [シナリオ名: ログイン]
[ADMIN] 15:35:07.215645 シナリオ走行を開始しました [シナリオ名: ログイン]
[ADMIN] 15:35:07.249211 シナリオ走行を終了しました [シナリオ名: ログイン]
[ADMIN] 15:35:07.249223 シナリオ走行を開始しました [シナリオ名: ログイン]
[ADMIN] 15:35:07.273602 シナリオ走行を終了しました [シナリオ名: 新規ユーザー登録]
[ADMIN] 15:35:07.273624 シナリオ走行を開始しました [シナリオ名: 新規ユーザー登録]
[ADMIN] 15:35:07.292998 シナリオ走行を終了しました [シナリオ名: ログイン]
[ADMIN] 15:35:07.293007 シナリオ走行を開始しました [シナリオ名: ログイン]
[ADMIN] 15:35:07.329879 シナリオ走行を終了しました [シナリオ名: 新規ユーザー登録]
[ADMIN] 15:35:07.329905 シナリオ走行を開始しました [シナリオ名: 新規ユーザー登録]
[ADMIN] 15:35:07.331616 シナリオ走行を終了しました [シナリオ名: ログイン]
[ADMIN] 15:35:07.331624 シナリオ走行を開始しました [シナリオ名: ログイン]
[ADMIN] 15:35:07.370504 シナリオ走行を終了しました [シナリオ名: ログイン]
[ADMIN] 15:35:07.370513 シナリオ走行を開始しました [シナリオ名: ログイン]
[ADMIN] 15:35:07.387155 シナリオ走行を終了しました [シナリオ名: 新規ユーザー登録]
[ADMIN] 15:35:07.387172 シナリオ走行を開始しました [シナリオ名: 新規ユーザー登録]
[ADMIN] 15:35:07.418254 シナリオ走行を終了しました [シナリオ名: Banユーザログイン]
[ADMIN] 15:35:07.418265 シナリオ走行を開始しました [シナリオ名: Banユーザログイン]
[ADMIN] 15:35:07.420233 シナリオ走行を終了しました [シナリオ名: ログイン]
[ADMIN] 15:35:07.420243 シナリオ走行を開始しました [シナリオ名: ログイン]
[ADMIN] 15:35:07.442161 シナリオ走行を終了しました [シナリオ名: 新規ユーザー登録]
[ADMIN] 15:35:07.442177 シナリオ走行を開始しました [シナリオ名: 新規ユーザー登録]
[ADMIN] 15:35:07.471106 シナリオ走行を終了しました [シナリオ名: ログイン]
[ADMIN] 15:35:07.471117 シナリオ走行を開始しました [シナリオ名: ログイン]
[ADMIN] 15:35:07.500631 シナリオ走行を終了しました [シナリオ名: 新規ユーザー登録]
[ADMIN] 15:35:07.500653 シナリオ走行を開始しました [シナリオ名: 新規ユーザー登録]
[ADMIN] 15:35:07.500909 シナリオ走行を終了しました [シナリオ名: ログイン]
[ADMIN] 15:35:07.500939 シナリオ走行を開始しました [シナリオ名: ログイン]
[ADMIN] 15:35:07.541359 シナリオ走行を終了しました [シナリオ名: ログイン]
[ADMIN] 15:35:07.541373 シナリオ走行を開始しました [シナリオ名: ログイン]
[ADMIN] 15:35:07.557659 シナリオ走行を終了しました [シナリオ名: 新規ユーザー登録]
[ADMIN] 15:35:07.557681 シナリオ走行を開始しました [シナリオ名: 新規ユーザー登録]
[ADMIN] 15:35:07.569418 シナリオ走行を終了しました [シナリオ名: ログイン]
[ADMIN] 15:35:07.569428 シナリオ走行を開始しました [シナリオ名: ログイン]
[ADMIN] 15:35:07.608833 シナリオ走行を終了しました [シナリオ名: ログイン]
[ADMIN] 15:35:07.608845 シナリオ走行を開始しました [シナリオ名: ログイン]
[ADMIN] 15:35:07.613943 シナリオ走行を終了しました [シナリオ名: 新規ユーザー登録]
[ADMIN] 15:35:07.613964 シナリオ走行を開始しました [シナリオ名: 新規ユーザー登録]
[ADMIN] 15:35:07.659412 シナリオ走行を終了しました [シナリオ名: ログイン]
[ADMIN] 15:35:07.659425 シナリオ走行を開始しました [シナリオ名: ログイン]
[ADMIN] 15:35:07.674872 シナリオ走行を終了しました [シナリオ名: 新規ユーザー登録]
[ADMIN] 15:35:07.674893 シナリオ走行を開始しました [シナリオ名: 新規ユーザー登録]
[ADMIN] 15:35:07.706268 シナリオ走行を終了しました [シナリオ名: ログイン]
[ADMIN] 15:35:07.706282 シナリオ走行を開始しました [シナリオ名: ログイン]
[ADMIN] 15:35:07.733124 シナリオ走行を終了しました [シナリオ名: 新規ユーザー登録]
[ADMIN] 15:35:07.733142 シナリオ走行を開始しました [シナリオ名: 新規ユーザー登録]
[ADMIN] 15:35:07.755557 シナリオ走行を終了しました [シナリオ名: ログイン]
[ADMIN] 15:35:07.755573 シナリオ走行を開始しました [シナリオ名: ログイン]
[ADMIN] 15:35:07.788829 シナリオ走行を終了しました [シナリオ名: 新規ユーザー登録]
[ADMIN] 15:35:07.788851 シナリオ走行を開始しました [シナリオ名: 新規ユーザー登録]
[ADMIN] 15:35:07.796117 シナリオ走行を終了しました [シナリオ名: ログイン]
[ADMIN] 15:35:07.796132 シナリオ走行を開始しました [シナリオ名: ログイン]
[ADMIN] 15:35:07.844720 シナリオ走行を終了しました [シナリオ名: ログイン]
[ADMIN] 15:35:07.844737 シナリオ走行を開始しました [シナリオ名: ログイン]
[ADMIN] 15:35:07.845053 シナリオ走行を終了しました [シナリオ名: 新規ユーザー登録]
[ADMIN] 15:35:07.845074 シナリオ走行を開始しました [シナリオ名: 新規ユーザー登録]
[ADMIN] 15:35:07.905600 シナリオ走行を終了しました [シナリオ名: ログイン]
[ADMIN] 15:35:07.905614 シナリオ走行を開始しました [シナリオ名: ログイン]
[ADMIN] 15:35:07.913569 シナリオ走行を終了しました [シナリオ名: 新規ユーザー登録]
[ADMIN] 15:35:07.913590 シナリオ走行を開始しました [シナリオ名: 新規ユーザー登録]
[ADMIN] 15:35:07.921397 シナリオ走行を終了しました [シナリオ名: Banユーザログイン]
[ADMIN] 15:35:07.921412 シナリオ走行を開始しました [シナリオ名: Banユーザログイン]
[ADMIN] 15:35:07.957095 シナリオ走行を終了しました [シナリオ名: ログイン]
[ADMIN] 15:35:07.957107 シナリオ走行を開始しました [シナリオ名: ログイン]
[ADMIN] 15:35:07.978926 シナリオ走行を終了しました [シナリオ名: 新規ユーザー登録]
[ADMIN] 15:35:07.978955 シナリオ走行を開始しました [シナリオ名: 新規ユーザー登録]
[ADMIN] 15:35:08.014421 シナリオ走行を終了しました [シナリオ名: ログイン]
[ADMIN] 15:35:08.014435 シナリオ走行を開始しました [シナリオ名: ログイン]
[ADMIN] 15:35:08.044455 シナリオ走行を終了しました [シナリオ名: 新規ユーザー登録]
[ADMIN] 15:35:08.044485 シナリオ走行を開始しました [シナリオ名: 新規ユーザー登録]
[ADMIN] 15:35:08.068692 シナリオ走行を終了しました [シナリオ名: ログイン]
[ADMIN] 15:35:08.068702 シナリオ走行を開始しました [シナリオ名: ログイン]
[ADMIN] 15:35:08.108958 シナリオ走行を終了しました [シナリオ名: 新規ユーザー登録]
[ADMIN] 15:35:08.108980 シナリオ走行を開始しました [シナリオ名: 新規ユーザー登録]
[ADMIN] 15:35:08.113519 シナリオ走行を終了しました [シナリオ名: ログイン]
[ADMIN] 15:35:08.113530 シナリオ走行を開始しました [シナリオ名: ログイン]
[ADMIN] 15:35:08.170517 シナリオ走行を終了しました [シナリオ名: ログイン]
[ADMIN] 15:35:08.170529 シナリオ走行を開始しました [シナリオ名: ログイン]
[ADMIN] 15:35:08.175716 シナリオ走行を終了しました [シナリオ名: 新規ユーザー登録]
[ADMIN] 15:35:08.175732 シナリオ走行を開始しました [シナリオ名: 新規ユーザー登録]
[ADMIN] 15:35:08.229488 シナリオ走行を終了しました [シナリオ名: ログイン]
[ADMIN] 15:35:08.229500 シナリオ走行を開始しました [シナリオ名: ログイン]
[ADMIN] 15:35:08.237007 シナリオ走行を終了しました [シナリオ名: 新規ユーザー登録]
[ADMIN] 15:35:08.237026 シナリオ走行を開始しました [シナリオ名: 新規ユーザー登録]
[ADMIN] 15:35:08.270599 シナリオ走行を終了しました [シナリオ名: ログイン]
[ADMIN] 15:35:08.270607 シナリオ走行を開始しました [シナリオ名: ログイン]
[ADMIN] 15:35:08.295126 シナリオ走行を終了しました [シナリオ名: 新規ユーザー登録]
[ADMIN] 15:35:08.295146 シナリオ走行を開始しました [シナリオ名: 新規ユーザー登録]
[ADMIN] 15:35:08.314963 シナリオ走行を終了しました [シナリオ名: ログイン]
[ADMIN] 15:35:08.314974 シナリオ走行を開始しました [シナリオ名: ログイン]
[ADMIN] 15:35:08.345010 シナリオ走行を終了しました [シナリオ名: ログイン]
[ADMIN] 15:35:08.345022 シナリオ走行を開始しました [シナリオ名: ログイン]
[ADMIN] 15:35:08.369566 シナリオ走行を終了しました [シナリオ名: 新規ユーザー登録]
[ADMIN] 15:35:08.369585 シナリオ走行を開始しました [シナリオ名: 新規ユーザー登録]
[ADMIN] 15:35:08.393803 シナリオ走行を終了しました [シナリオ名: ログイン]
[ADMIN] 15:35:08.393814 シナリオ走行を開始しました [シナリオ名: ログイン]
[ADMIN] 15:35:08.424386 シナリオ走行を終了しました [シナリオ名: Banユーザログイン]
[ADMIN] 15:35:08.424407 シナリオ走行を開始しました [シナリオ名: Banユーザログイン]
[ADMIN] 15:35:08.429724 シナリオ走行を終了しました [シナリオ名: 新規ユーザー登録]
[ADMIN] 15:35:08.429741 シナリオ走行を開始しました [シナリオ名: 新規ユーザー登録]
[ADMIN] 15:35:08.445809 シナリオ走行を終了しました [シナリオ名: ログイン]
[ADMIN] 15:35:08.445821 シナリオ走行を開始しました [シナリオ名: ログイン]
[ADMIN] 15:35:08.488263 シナリオ走行を終了しました [シナリオ名: 新規ユーザー登録]
[ADMIN] 15:35:08.488290 シナリオ走行を開始しました [シナリオ名: 新規ユーザー登録]
[ADMIN] 15:35:08.495063 シナリオ走行を終了しました [シナリオ名: ログイン]
[ADMIN] 15:35:08.495080 シナリオ走行を開始しました [シナリオ名: ログイン]
[ADMIN] 15:35:08.533515 シナリオ走行を終了しました [シナリオ名: ログイン]
[ADMIN] 15:35:08.533532 シナリオ走行を開始しました [シナリオ名: ログイン]
[ADMIN] 15:35:08.542494 シナリオ走行を終了しました [シナリオ名: 新規ユーザー登録]
[ADMIN] 15:35:08.542523 シナリオ走行を開始しました [シナリオ名: 新規ユーザー登録]
[ADMIN] 15:35:08.580658 シナリオ走行を終了しました [シナリオ名: ログイン]
[ADMIN] 15:35:08.580670 シナリオ走行を開始しました [シナリオ名: ログイン]
[ADMIN] 15:35:08.598211 シナリオ走行を終了しました [シナリオ名: 新規ユーザー登録]
[ADMIN] 15:35:08.598235 シナリオ走行を開始しました [シナリオ名: 新規ユーザー登録]
[ADMIN] 15:35:08.616905 シナリオ走行を終了しました [シナリオ名: ログイン]
[ADMIN] 15:35:08.616917 シナリオ走行を開始しました [シナリオ名: ログイン]
[ADMIN] 15:35:08.645753 シナリオ走行を終了しました [シナリオ名: ログイン]
[ADMIN] 15:35:08.645770 シナリオ走行を開始しました [シナリオ名: ログイン]
[ADMIN] 15:35:08.655291 シナリオ走行を終了しました [シナリオ名: 新規ユーザー登録]
[ADMIN] 15:35:08.655316 シナリオ走行を開始しました [シナリオ名: 新規ユーザー登録]
[ADMIN] 15:35:08.693458 シナリオ走行を終了しました [シナリオ名: ログイン]
[ADMIN] 15:35:08.693472 シナリオ走行を開始しました [シナリオ名: ログイン]
[ADMIN] 15:35:08.712207 シナリオ走行を終了しました [シナリオ名: 新規ユーザー登録]
[ADMIN] 15:35:08.712231 シナリオ走行を開始しました [シナリオ名: 新規ユーザー登録]
[ADMIN] 15:35:08.741141 シナリオ走行を終了しました [シナリオ名: ログイン]
[ADMIN] 15:35:08.741155 シナリオ走行を開始しました [シナリオ名: ログイン]
[ADMIN] 15:35:08.770877 シナリオ走行を終了しました [シナリオ名: 新規ユーザー登録]
[ADMIN] 15:35:08.770900 シナリオ走行を開始しました [シナリオ名: 新規ユーザー登録]
[ADMIN] 15:35:08.779275 シナリオ走行を終了しました [シナリオ名: ログイン]
[ADMIN] 15:35:08.779287 シナリオ走行を開始しました [シナリオ名: ログイン]
[ADMIN] 15:35:08.820495 シナリオ走行を終了しました [シナリオ名: ログイン]
[ADMIN] 15:35:08.820510 シナリオ走行を開始しました [シナリオ名: ログイン]
[ADMIN] 15:35:08.829517 シナリオ走行を終了しました [シナリオ名: 新規ユーザー登録]
[ADMIN] 15:35:08.829537 シナリオ走行を開始しました [シナリオ名: 新規ユーザー登録]
[ADMIN] 15:35:08.868225 シナリオ走行を終了しました [シナリオ名: ログイン]
[ADMIN] 15:35:08.868238 シナリオ走行を開始しました [シナリオ名: ログイン]
[ADMIN] 15:35:08.890144 シナリオ走行を終了しました [シナリオ名: 新規ユーザー登録]
[ADMIN] 15:35:08.890167 シナリオ走行を開始しました [シナリオ名: 新規ユーザー登録]
[ADMIN] 15:35:08.914717 シナリオ走行を終了しました [シナリオ名: ログイン]
[ADMIN] 15:35:08.914731 シナリオ走行を開始しました [シナリオ名: ログイン]
[ADMIN] 15:35:08.927109 シナリオ走行を終了しました [シナリオ名: Banユーザログイン]
[ADMIN] 15:35:08.927124 シナリオ走行を開始しました [シナリオ名: Banユーザログイン]
[ADMIN] 15:35:08.951108 シナリオ走行を終了しました [シナリオ名: ログイン]
[ADMIN] 15:35:08.951121 シナリオ走行を開始しました [シナリオ名: ログイン]
[ADMIN] 15:35:08.955886 シナリオ走行を終了しました [シナリオ名: 新規ユーザー登録]
[ADMIN] 15:35:08.955903 シナリオ走行を開始しました [シナリオ名: 新規ユーザー登録]
[ADMIN] 15:35:08.987914 シナリオ走行を終了しました [シナリオ名: ログイン]
[ADMIN] 15:35:08.987927 シナリオ走行を開始しました [シナリオ名: ログイン]
[ADMIN] 15:35:09.020034 シナリオ走行を終了しました [シナリオ名: 新規ユーザー登録]
[ADMIN] 15:35:09.020058 シナリオ走行を開始しました [シナリオ名: 新規ユーザー登録]
[ADMIN] 15:35:09.042063 シナリオ走行を終了しました [シナリオ名: ログイン]
[ADMIN] 15:35:09.042074 シナリオ走行を開始しました [シナリオ名: ログイン]
[ADMIN] 15:35:09.082639 シナリオ走行を終了しました [シナリオ名: 新規ユーザー登録]
[ADMIN] 15:35:09.082658 シナリオ走行を開始しました [シナリオ名: 新規ユーザー登録]
[ADMIN] 15:35:09.097542 シナリオ走行を終了しました [シナリオ名: ログイン]
[ADMIN] 15:35:09.097552 シナリオ走行を開始しました [シナリオ名: ログイン]
[ADMIN] 15:35:09.134101 シナリオ走行を終了しました [シナリオ名: ログイン]
[ADMIN] 15:35:09.134110 シナリオ走行を開始しました [シナリオ名: ログイン]
[ADMIN] 15:35:09.147639 シナリオ走行を終了しました [シナリオ名: 新規ユーザー登録]
[ADMIN] 15:35:09.147663 シナリオ走行を開始しました [シナリオ名: 新規ユーザー登録]
[ADMIN] 15:35:09.188925 シナリオ走行を終了しました [シナリオ名: ログイン]
[ADMIN] 15:35:09.188937 シナリオ走行を開始しました [シナリオ名: ログイン]
[ADMIN] 15:35:09.211936 シナリオ走行を終了しました [シナリオ名: 新規ユーザー登録]
[ADMIN] 15:35:09.211956 シナリオ走行を開始しました [シナリオ名: 新規ユーザー登録]
[ADMIN] 15:35:09.235498 シナリオ走行を終了しました [シナリオ名: ログイン]
[ADMIN] 15:35:09.235510 シナリオ走行を開始しました [シナリオ名: ログイン]
[ADMIN] 15:35:09.272855 シナリオ走行を終了しました [シナリオ名: 新規ユーザー登録]
[ADMIN] 15:35:09.272878 シナリオ走行を開始しました [シナリオ名: 新規ユーザー登録]
[ADMIN] 15:35:09.282560 シナリオ走行を終了しました [シナリオ名: ログイン]
[ADMIN] 15:35:09.282573 シナリオ走行を開始しました [シナリオ名: ログイン]
[ADMIN] 15:35:09.311295 シナリオ走行を終了しました [シナリオ名: ログイン]
[ADMIN] 15:35:09.311307 シナリオ走行を開始しました [シナリオ名: ログイン]
[ADMIN] 15:35:09.332620 シナリオ走行を終了しました [シナリオ名: 新規ユーザー登録]
[ADMIN] 15:35:09.332641 シナリオ走行を開始しました [シナリオ名: 新規ユーザー登録]
[ADMIN] 15:35:09.349028 シナリオ走行を終了しました [シナリオ名: ログイン]
[ADMIN] 15:35:09.349039 シナリオ走行を開始しました [シナリオ名: ログイン]
[ADMIN] 15:35:09.393288 シナリオ走行を終了しました [シナリオ名: 新規ユーザー登録]
[ADMIN] 15:35:09.393310 シナリオ走行を開始しました [シナリオ名: 新規ユーザー登録]
[ADMIN] 15:35:09.397264 シナリオ走行を終了しました [シナリオ名: ログイン]
[ADMIN] 15:35:09.397276 シナリオ走行を開始しました [シナリオ名: ログイン]
[ADMIN] 15:35:09.430684 シナリオ走行を終了しました [シナリオ名: Banユーザログイン]
[ADMIN] 15:35:09.430698 シナリオ走行を開始しました [シナリオ名: Banユーザログイン]
[ADMIN] 15:35:09.434270 シナリオ走行を終了しました [シナリオ名: ログイン]
[ADMIN] 15:35:09.434278 シナリオ走行を開始しました [シナリオ名: ログイン]
[ADMIN] 15:35:09.538219 シナリオ走行を終了しました [シナリオ名: 新規ユーザー登録]
[ADMIN] 15:35:09.538245 シナリオ走行を開始しました [シナリオ名: 新規ユーザー登録]
[ADMIN] 15:35:09.540876 シナリオ走行を終了しました [シナリオ名: ログイン]
[ADMIN] 15:35:09.540888 シナリオ走行を開始しました [シナリオ名: ログイン]
[ADMIN] 15:35:09.590628 シナリオ走行を終了しました [シナリオ名: ログイン]
[ADMIN] 15:35:09.590643 シナリオ走行を開始しました [シナリオ名: ログイン]
[ADMIN] 15:35:09.597330 シナリオ走行を終了しました [シナリオ名: 新規ユーザー登録]
[ADMIN] 15:35:09.597350 シナリオ走行を開始しました [シナリオ名: 新規ユーザー登録]
[ADMIN] 15:35:09.620264 シナリオ走行を終了しました [シナリオ名: ログイン]
[ADMIN] 15:35:09.620281 シナリオ走行を開始しました [シナリオ名: ログイン]
[ADMIN] 15:35:09.655535 シナリオ走行を終了しました [シナリオ名: 新規ユーザー登録]
[ADMIN] 15:35:09.655559 シナリオ走行を開始しました [シナリオ名: 新規ユーザー登録]
[ADMIN] 15:35:09.658911 シナリオ走行を終了しました [シナリオ名: ログイン]
[ADMIN] 15:35:09.658921 シナリオ走行を開始しました [シナリオ名: ログイン]
[ADMIN] 15:35:09.698409 シナリオ走行を終了しました [シナリオ名: ログイン]
[ADMIN] 15:35:09.698426 シナリオ走行を開始しました [シナリオ名: ログイン]
[ADMIN] 15:35:09.713575 シナリオ走行を終了しました [シナリオ名: 新規ユーザー登録]
[ADMIN] 15:35:09.713605 シナリオ走行を開始しました [シナリオ名: 新規ユーザー登録]
[ADMIN] 15:35:09.728009 シナリオ走行を終了しました [シナリオ名: ログイン]
[ADMIN] 15:35:09.728023 シナリオ走行を開始しました [シナリオ名: ログイン]
[ADMIN] 15:35:09.775290 シナリオ走行を終了しました [シナリオ名: 新規ユーザー登録]
[ADMIN] 15:35:09.775313 シナリオ走行を開始しました [シナリオ名: 新規ユーザー登録]
[ADMIN] 15:35:09.781355 シナリオ走行を終了しました [シナリオ名: ログイン]
[ADMIN] 15:35:09.781364 シナリオ走行を開始しました [シナリオ名: ログイン]
[ADMIN] 15:35:09.834548 シナリオ走行を終了しました [シナリオ名: ログイン]
[ADMIN] 15:35:09.834561 シナリオ走行を開始しました [シナリオ名: ログイン]
[ADMIN] 15:35:09.836257 シナリオ走行を終了しました [シナリオ名: 新規ユーザー登録]
[ADMIN] 15:35:09.836279 シナリオ走行を開始しました [シナリオ名: 新規ユーザー登録]
15:35:09.871593 現在のログイン成功数: [total: 231 (+231人)]
15:35:09.871600 現在のユーザー登録成功数: [total: 162 (+162人)]
[ADMIN] 15:35:09.878927 シナリオ走行を終了しました [シナリオ名: ログイン]
[ADMIN] 15:35:09.878940 シナリオ走行を開始しました [シナリオ名: ログイン]
[ADMIN] 15:35:09.901781 シナリオ走行を終了しました [シナリオ名: 新規ユーザー登録]
[ADMIN] 15:35:09.901804 シナリオ走行を開始しました [シナリオ名: 新規ユーザー登録]
[ADMIN] 15:35:09.912835 シナリオ走行を終了しました [シナリオ名: ログイン]
[ADMIN] 15:35:09.912865 シナリオ走行を開始しました [シナリオ名: ログイン]
[ADMIN] 15:35:09.912914 シナリオ走行を開始しました [シナリオ名: ログイン]
[ADMIN] 15:35:09.912926 シナリオ走行を開始しました [シナリオ名: ログイン]
[ADMIN] 15:35:09.912963 シナリオ走行を開始しました [シナリオ名: ログイン]
[ADMIN] 15:35:09.912985 シナリオ走行を開始しました [シナリオ名: ログイン]
[ADMIN] 15:35:09.913026 シナリオ走行を開始しました [シナリオ名: ログイン]
[ADMIN] 15:35:09.913075 シナリオ走行を開始しました [シナリオ名: ログイン]
[ADMIN] 15:35:09.913078 シナリオ走行を開始しました [シナリオ名: ログイン]
[ADMIN] 15:35:09.913079 シナリオ走行を開始しました [シナリオ名: ログイン]
[ADMIN] 15:35:09.913107 シナリオ走行を開始しました [シナリオ名: ログイン]
[ADMIN] 15:35:09.913117 シナリオ走行を開始しました [シナリオ名: ログイン]
[ADMIN] 15:35:09.913181 シナリオ走行を開始しました [シナリオ名: ログイン]
[ADMIN] 15:35:09.913196 シナリオ走行を開始しました [シナリオ名: ログイン]
[ADMIN] 15:35:09.933711 シナリオ走行を終了しました [シナリオ名: Banユーザログイン]
[ADMIN] 15:35:09.933723 シナリオ走行を開始しました [シナリオ名: Banユーザログイン]
[ADMIN] 15:35:10.144685 シナリオ走行を終了しました [シナリオ名: ログイン]
[ADMIN] 15:35:10.144702 シナリオ走行を開始しました [シナリオ名: ログイン]
[ADMIN] 15:35:10.145262 シナリオ走行を終了しました [シナリオ名: ログイン]
[ADMIN] 15:35:10.145275 シナリオ走行を開始しました [シナリオ名: ログイン]
[ADMIN] 15:35:10.160705 シナリオ走行を終了しました [シナリオ名: ログイン]
[ADMIN] 15:35:10.160717 シナリオ走行を開始しました [シナリオ名: ログイン]
[ADMIN] 15:35:10.167662 シナリオ走行を終了しました [シナリオ名: ログイン]
[ADMIN] 15:35:10.167672 シナリオ走行を開始しました [シナリオ名: ログイン]
[ADMIN] 15:35:10.173631 シナリオ走行を終了しました [シナリオ名: ログイン]
[ADMIN] 15:35:10.173641 シナリオ走行を開始しました [シナリオ名: ログイン]
[ADMIN] 15:35:10.178897 シナリオ走行を終了しました [シナリオ名: ログイン]
[ADMIN] 15:35:10.178907 シナリオ走行を開始しました [シナリオ名: ログイン]
[ADMIN] 15:35:10.209794 シナリオ走行を終了しました [シナリオ名: ログイン]
[ADMIN] 15:35:10.209805 シナリオ走行を開始しました [シナリオ名: ログイン]
[ADMIN] 15:35:10.235246 シナリオ走行を終了しました [シナリオ名: ログイン]
[ADMIN] 15:35:10.235259 シナリオ走行を開始しました [シナリオ名: ログイン]
[ADMIN] 15:35:10.246421 シナリオ走行を終了しました [シナリオ名: ログイン]
[ADMIN] 15:35:10.246432 シナリオ走行を開始しました [シナリオ名: ログイン]
[ADMIN] 15:35:10.250369 シナリオ走行を終了しました [シナリオ名: ログイン]
[ADMIN] 15:35:10.250381 シナリオ走行を開始しました [シナリオ名: ログイン]
[ADMIN] 15:35:10.289553 シナリオ走行を終了しました [シナリオ名: ログイン]
[ADMIN] 15:35:10.289565 シナリオ走行を開始しました [シナリオ名: ログイン]
[ADMIN] 15:35:10.308018 シナリオ走行を終了しました [シナリオ名: ログイン]
[ADMIN] 15:35:10.308026 シナリオ走行を開始しました [シナリオ名: ログイン]
[ADMIN] 15:35:10.308821 シナリオ走行を終了しました [シナリオ名: 新規ユーザー登録]
[ADMIN] 15:35:10.308842 シナリオ走行を開始しました [シナリオ名: 新規ユーザー登録]
[ADMIN] 15:35:10.313824 シナリオ走行を終了しました [シナリオ名: ログイン]
[ADMIN] 15:35:10.313833 シナリオ走行を開始しました [シナリオ名: ログイン]
[ADMIN] 15:35:10.336552 シナリオ走行を終了しました [シナリオ名: ログイン]
[ADMIN] 15:35:10.336567 シナリオ走行を開始しました [シナリオ名: ログイン]
[ADMIN] 15:35:10.414034 シナリオ走行を終了しました [シナリオ名: ログイン]
[ADMIN] 15:35:10.414048 シナリオ走行を開始しました [シナリオ名: ログイン]
[ADMIN] 15:35:10.421715 シナリオ走行を終了しました [シナリオ名: ログイン]
[ADMIN] 15:35:10.421727 シナリオ走行を開始しました [シナリオ名: ログイン]
[ADMIN] 15:35:10.436345 シナリオ走行を終了しました [シナリオ名: Banユーザログイン]
[ADMIN] 15:35:10.436360 シナリオ走行を開始しました [シナリオ名: Banユーザログイン]
[ADMIN] 15:35:10.467567 シナリオ走行を終了しました [シナリオ名: ログイン]
[ADMIN] 15:35:10.467581 シナリオ走行を開始しました [シナリオ名: ログイン]
[ADMIN] 15:35:10.475787 シナリオ走行を終了しました [シナリオ名: ログイン]
[ADMIN] 15:35:10.475799 シナリオ走行を開始しました [シナリオ名: ログイン]
[ADMIN] 15:35:10.483369 シナリオ走行を終了しました [シナリオ名: ログイン]
[ADMIN] 15:35:10.483381 シナリオ走行を開始しました [シナリオ名: ログイン]
[ADMIN] 15:35:10.492255 シナリオ走行を終了しました [シナリオ名: ログイン]
[ADMIN] 15:35:10.492264 シナリオ走行を開始しました [シナリオ名: ログイン]
[ADMIN] 15:35:10.536060 シナリオ走行を終了しました [シナリオ名: ログイン]
[ADMIN] 15:35:10.536072 シナリオ走行を開始しました [シナリオ名: ログイン]
[ADMIN] 15:35:10.538748 シナリオ走行を終了しました [シナリオ名: ログイン]
[ADMIN] 15:35:10.538760 シナリオ走行を開始しました [シナリオ名: ログイン]
[ADMIN] 15:35:10.562013 シナリオ走行を終了しました [シナリオ名: ログイン]
[ADMIN] 15:35:10.562025 シナリオ走行を開始しました [シナリオ名: ログイン]
[ADMIN] 15:35:10.563229 シナリオ走行を終了しました [シナリオ名: ログイン]
[ADMIN] 15:35:10.563240 シナリオ走行を開始しました [シナリオ名: ログイン]
[ADMIN] 15:35:10.632336 シナリオ走行を終了しました [シナリオ名: ログイン]
[ADMIN] 15:35:10.632348 シナリオ走行を開始しました [シナリオ名: ログイン]
[ADMIN] 15:35:10.637637 シナリオ走行を終了しました [シナリオ名: ログイン]
[ADMIN] 15:35:10.637649 シナリオ走行を開始しました [シナリオ名: ログイン]
[ADMIN] 15:35:10.651090 シナリオ走行を終了しました [シナリオ名: ログイン]
[ADMIN] 15:35:10.651102 シナリオ走行を開始しました [シナリオ名: ログイン]
[ADMIN] 15:35:10.673508 シナリオ走行を終了しました [シナリオ名: 新規ユーザー登録]
[ADMIN] 15:35:10.673556 シナリオ走行を開始しました [シナリオ名: 新規ユーザー登録]
[ADMIN] 15:35:10.673590 シナリオ走行を開始しました [シナリオ名: 新規ユーザー登録]
[ADMIN] 15:35:10.673608 シナリオ走行を開始しました [シナリオ名: 新規ユーザー登録]
[ADMIN] 15:35:10.673613 シナリオ走行を開始しました [シナリオ名: 新規ユーザー登録]
[ADMIN] 15:35:10.673615 シナリオ走行を開始しました [シナリオ名: 新規ユーザー登録]
[ADMIN] 15:35:10.694433 シナリオ走行を終了しました [シナリオ名: ログイン]
[ADMIN] 15:35:10.694443 シナリオ走行を開始しました [シナリオ名: ログイン]
[ADMIN] 15:35:10.695079 シナリオ走行を終了しました [シナリオ名: ログイン]
[ADMIN] 15:35:10.695088 シナリオ走行を開始しました [シナリオ名: ログイン]
[ADMIN] 15:35:10.717391 シナリオ走行を終了しました [シナリオ名: ログイン]
[ADMIN] 15:35:10.717401 シナリオ走行を開始しました [シナリオ名: ログイン]
[ADMIN] 15:35:10.768076 シナリオ走行を終了しました [シナリオ名: ログイン]
[ADMIN] 15:35:10.768088 シナリオ走行を開始しました [シナリオ名: ログイン]
[ADMIN] 15:35:10.790367 シナリオ走行を終了しました [シナリオ名: ログイン]
[ADMIN] 15:35:10.790379 シナリオ走行を開始しました [シナリオ名: ログイン]
[ADMIN] 15:35:10.800414 シナリオ走行を終了しました [シナリオ名: ログイン]
[ADMIN] 15:35:10.800427 シナリオ走行を開始しました [シナリオ名: ログイン]
[ADMIN] 15:35:10.802565 シナリオ走行を終了しました [シナリオ名: ログイン]
[ADMIN] 15:35:10.802577 シナリオ走行を開始しました [シナリオ名: ログイン]
[ADMIN] 15:35:10.841884 シナリオ走行を終了しました [シナリオ名: ログイン]
[ADMIN] 15:35:10.841895 シナリオ走行を開始しました [シナリオ名: ログイン]
[ADMIN] 15:35:10.896341 シナリオ走行を終了しました [シナリオ名: ログイン]
[ADMIN] 15:35:10.896351 シナリオ走行を開始しました [シナリオ名: ログイン]
[ADMIN] 15:35:10.908779 シナリオ走行を終了しました [シナリオ名: ログイン]
[ADMIN] 15:35:10.908790 シナリオ走行を開始しました [シナリオ名: ログイン]
[ADMIN] 15:35:10.931779 シナリオ走行を終了しました [シナリオ名: ログイン]
[ADMIN] 15:35:10.931788 シナリオ走行を開始しました [シナリオ名: ログイン]
[ADMIN] 15:35:10.939200 シナリオ走行を終了しました [シナリオ名: Banユーザログイン]
[ADMIN] 15:35:10.939215 シナリオ走行を開始しました [シナリオ名: Banユーザログイン]
[ADMIN] 15:35:10.941933 シナリオ走行を終了しました [シナリオ名: ログイン]
[ADMIN] 15:35:10.941942 シナリオ走行を開始しました [シナリオ名: ログイン]
[ADMIN] 15:35:10.995176 シナリオ走行を終了しました [シナリオ名: ログイン]
[ADMIN] 15:35:10.995189 シナリオ走行を開始しました [シナリオ名: ログイン]
[ADMIN] 15:35:11.065987 シナリオ走行を終了しました [シナリオ名: ログイン]
[ADMIN] 15:35:11.066001 シナリオ走行を開始しました [シナリオ名: ログイン]
[ADMIN] 15:35:11.103655 シナリオ走行を終了しました [シナリオ名: ログイン]
[ADMIN] 15:35:11.103670 シナリオ走行を開始しました [シナリオ名: ログイン]
[ADMIN] 15:35:11.129619 シナリオ走行を終了しました [シナリオ名: ログイン]
[ADMIN] 15:35:11.129629 シナリオ走行を開始しました [シナリオ名: ログイン]
[ADMIN] 15:35:11.130324 シナリオ走行を終了しました [シナリオ名: 新規ユーザー登録]
[ADMIN] 15:35:11.130339 シナリオ走行を開始しました [シナリオ名: 新規ユーザー登録]
[ADMIN] 15:35:11.168337 シナリオ走行を終了しました [シナリオ名: 新規ユーザー登録]
[ADMIN] 15:35:11.168361 シナリオ走行を開始しました [シナリオ名: 新規ユーザー登録]
[ADMIN] 15:35:11.186541 シナリオ走行を終了しました [シナリオ名: ログイン]
[ADMIN] 15:35:11.186556 シナリオ走行を開始しました [シナリオ名: ログイン]
[ADMIN] 15:35:11.198968 シナリオ走行を終了しました [シナリオ名: ログイン]
[ADMIN] 15:35:11.198982 シナリオ走行を開始しました [シナリオ名: ログイン]
[ADMIN] 15:35:11.246271 シナリオ走行を終了しました [シナリオ名: 新規ユーザー登録]
[ADMIN] 15:35:11.246295 シナリオ走行を開始しました [シナリオ名: 新規ユーザー登録]
[ADMIN] 15:35:11.287526 シナリオ走行を終了しました [シナリオ名: ログイン]
[ADMIN] 15:35:11.287537 シナリオ走行を開始しました [シナリオ名: ログイン]
[ADMIN] 15:35:11.287946 シナリオ走行を終了しました [シナリオ名: ログイン]
[ADMIN] 15:35:11.287954 シナリオ走行を開始しました [シナリオ名: ログイン]
[ADMIN] 15:35:11.296936 シナリオ走行を終了しました [シナリオ名: ログイン]
[ADMIN] 15:35:11.296947 シナリオ走行を開始しました [シナリオ名: ログイン]
[ADMIN] 15:35:11.301468 シナリオ走行を終了しました [シナリオ名: 新規ユーザー登録]
[ADMIN] 15:35:11.301484 シナリオ走行を開始しました [シナリオ名: 新規ユーザー登録]
[ADMIN] 15:35:11.309126 シナリオ走行を終了しました [シナリオ名: ログイン]
[ADMIN] 15:35:11.309135 シナリオ走行を開始しました [シナリオ名: ログイン]
[ADMIN] 15:35:11.312870 シナリオ走行を終了しました [シナリオ名: ログイン]
[ADMIN] 15:35:11.312881 シナリオ走行を開始しました [シナリオ名: ログイン]
[ADMIN] 15:35:11.355242 シナリオ走行を終了しました [シナリオ名: 新規ユーザー登録]
[ADMIN] 15:35:11.355265 シナリオ走行を開始しました [シナリオ名: 新規ユーザー登録]
[ADMIN] 15:35:11.373060 シナリオ走行を終了しました [シナリオ名: ログイン]
[ADMIN] 15:35:11.373074 シナリオ走行を開始しました [シナリオ名: ログイン]
[ADMIN] 15:35:11.389249 シナリオ走行を終了しました [シナリオ名: ログイン]
[ADMIN] 15:35:11.389259 シナリオ走行を開始しました [シナリオ名: ログイン]
[ADMIN] 15:35:11.429381 シナリオ走行を終了しました [シナリオ名: ログイン]
[ADMIN] 15:35:11.429394 シナリオ走行を開始しました [シナリオ名: ログイン]
[ADMIN] 15:35:11.446601 シナリオ走行を終了しました [シナリオ名: ログイン]
[ADMIN] 15:35:11.446632 シナリオ走行を開始しました [シナリオ名: ログイン]
[ADMIN] 15:35:11.456955 シナリオ走行を終了しました [シナリオ名: Banユーザログイン]
[ADMIN] 15:35:11.456974 シナリオ走行を開始しました [シナリオ名: Banユーザログイン]
[ADMIN] 15:35:11.456980 シナリオ走行を開始しました [シナリオ名: Banユーザログイン]
[ADMIN] 15:35:11.457766 シナリオ走行を終了しました [シナリオ名: ログイン]
[ADMIN] 15:35:11.457775 シナリオ走行を開始しました [シナリオ名: ログイン]
[ADMIN] 15:35:11.491743 シナリオ走行を終了しました [シナリオ名: ログイン]
[ADMIN] 15:35:11.491760 シナリオ走行を開始しました [シナリオ名: ログイン]
[ADMIN] 15:35:11.500460 シナリオ走行を終了しました [シナリオ名: ログイン]
[ADMIN] 15:35:11.500475 シナリオ走行を開始しました [シナリオ名: ログイン]
[ADMIN] 15:35:11.555510 シナリオ走行を終了しました [シナリオ名: ログイン]
[ADMIN] 15:35:11.555528 シナリオ走行を開始しました [シナリオ名: ログイン]
[ADMIN] 15:35:11.584175 シナリオ走行を終了しました [シナリオ名: ログイン]
[ADMIN] 15:35:11.584188 シナリオ走行を開始しました [シナリオ名: ログイン]
[ADMIN] 15:35:11.588798 シナリオ走行を終了しました [シナリオ名: ログイン]
[ADMIN] 15:35:11.588810 シナリオ走行を開始しました [シナリオ名: ログイン]
[ADMIN] 15:35:11.596936 シナリオ走行を終了しました [シナリオ名: ログイン]
[ADMIN] 15:35:11.596946 シナリオ走行を開始しました [シナリオ名: ログイン]
[ADMIN] 15:35:11.630077 シナリオ走行を終了しました [シナリオ名: 新規ユーザー登録]
[ADMIN] 15:35:11.630098 シナリオ走行を開始しました [シナリオ名: 新規ユーザー登録]
[ADMIN] 15:35:11.641919 シナリオ走行を終了しました [シナリオ名: ログイン]
[ADMIN] 15:35:11.641928 シナリオ走行を開始しました [シナリオ名: ログイン]
[ADMIN] 15:35:11.676745 シナリオ走行を終了しました [シナリオ名: 新規ユーザー登録]
[ADMIN] 15:35:11.676765 シナリオ走行を開始しました [シナリオ名: 新規ユーザー登録]
[ADMIN] 15:35:11.688499 シナリオ走行を終了しました [シナリオ名: ログイン]
[ADMIN] 15:35:11.688517 シナリオ走行を開始しました [シナリオ名: ログイン]
[ADMIN] 15:35:11.702826 シナリオ走行を終了しました [シナリオ名: ログイン]
[ADMIN] 15:35:11.702834 シナリオ走行を開始しました [シナリオ名: ログイン]
[ADMIN] 15:35:11.723404 シナリオ走行を終了しました [シナリオ名: ログイン]
[ADMIN] 15:35:11.723417 シナリオ走行を開始しました [シナリオ名: ログイン]
[ADMIN] 15:35:11.735640 シナリオ走行を終了しました [シナリオ名: 新規ユーザー登録]
[ADMIN] 15:35:11.735660 シナリオ走行を開始しました [シナリオ名: 新規ユーザー登録]
[ADMIN] 15:35:11.737691 シナリオ走行を終了しました [シナリオ名: ログイン]
[ADMIN] 15:35:11.737699 シナリオ走行を開始しました [シナリオ名: ログイン]
[ADMIN] 15:35:11.740968 シナリオ走行を終了しました [シナリオ名: ログイン]
[ADMIN] 15:35:11.740977 シナリオ走行を開始しました [シナリオ名: ログイン]
[ADMIN] 15:35:11.779090 シナリオ走行を終了しました [シナリオ名: ログイン]
[ADMIN] 15:35:11.779100 シナリオ走行を開始しました [シナリオ名: ログイン]
[ADMIN] 15:35:11.796280 シナリオ走行を終了しました [シナリオ名: ログイン]
[ADMIN] 15:35:11.796290 シナリオ走行を開始しました [シナリオ名: ログイン]
[ADMIN] 15:35:11.823009 シナリオ走行を終了しました [シナリオ名: ログイン]
[ADMIN] 15:35:11.823020 シナリオ走行を開始しました [シナリオ名: ログイン]
[ADMIN] 15:35:11.851185 シナリオ走行を終了しました [シナリオ名: ログイン]
[ADMIN] 15:35:11.851200 シナリオ走行を開始しました [シナリオ名: ログイン]
[ADMIN] 15:35:11.862109 シナリオ走行を終了しました [シナリオ名: 新規ユーザー登録]
[ADMIN] 15:35:11.862126 シナリオ走行を開始しました [シナリオ名: 新規ユーザー登録]
[ADMIN] 15:35:11.908201 シナリオ走行を終了しました [シナリオ名: ログイン]
[ADMIN] 15:35:11.908213 シナリオ走行を開始しました [シナリオ名: ログイン]
[ADMIN] 15:35:11.960145 シナリオ走行を終了しました [シナリオ名: Banユーザログイン]
[ADMIN] 15:35:11.960170 シナリオ走行を開始しました [シナリオ名: Banユーザログイン]
[ADMIN] 15:35:11.962579 シナリオ走行を終了しました [シナリオ名: Banユーザログイン]
[ADMIN] 15:35:11.962595 シナリオ走行を開始しました [シナリオ名: Banユーザログイン]
[ADMIN] 15:35:11.977047 シナリオ走行を終了しました [シナリオ名: ログイン]
[ADMIN] 15:35:11.977062 シナリオ走行を開始しました [シナリオ名: ログイン]
[ADMIN] 15:35:11.983886 シナリオ走行を終了しました [シナリオ名: ログイン]
[ADMIN] 15:35:11.983899 シナリオ走行を開始しました [シナリオ名: ログイン]
[ADMIN] 15:35:11.996477 シナリオ走行を終了しました [シナリオ名: ログイン]
[ADMIN] 15:35:11.996488 シナリオ走行を開始しました [シナリオ名: ログイン]
[ADMIN] 15:35:12.025831 シナリオ走行を終了しました [シナリオ名: ログイン]
[ADMIN] 15:35:12.025844 シナリオ走行を開始しました [シナリオ名: ログイン]
[ADMIN] 15:35:12.031640 シナリオ走行を終了しました [シナリオ名: ログイン]
[ADMIN] 15:35:12.031653 シナリオ走行を開始しました [シナリオ名: ログイン]
[ADMIN] 15:35:12.042495 シナリオ走行を終了しました [シナリオ名: ログイン]
[ADMIN] 15:35:12.042503 シナリオ走行を開始しました [シナリオ名: ログイン]
[ADMIN] 15:35:12.074362 シナリオ走行を終了しました [シナリオ名: ログイン]
[ADMIN] 15:35:12.074373 シナリオ走行を開始しました [シナリオ名: ログイン]
[ADMIN] 15:35:12.088048 シナリオ走行を終了しました [シナリオ名: 新規ユーザー登録]
[ADMIN] 15:35:12.088069 シナリオ走行を開始しました [シナリオ名: 新規ユーザー登録]
[ADMIN] 15:35:12.104091 シナリオ走行を終了しました [シナリオ名: ログイン]
[ADMIN] 15:35:12.104105 シナリオ走行を開始しました [シナリオ名: ログイン]
[ADMIN] 15:35:12.120793 シナリオ走行を終了しました [シナリオ名: 新規ユーザー登録]
[ADMIN] 15:35:12.120817 シナリオ走行を開始しました [シナリオ名: 新規ユーザー登録]
[ADMIN] 15:35:12.161890 シナリオ走行を終了しました [シナリオ名: ログイン]
[ADMIN] 15:35:12.161908 シナリオ走行を開始しました [シナリオ名: ログイン]
[ADMIN] 15:35:12.191697 シナリオ走行を終了しました [シナリオ名: 新規ユーザー登録]
[ADMIN] 15:35:12.191725 シナリオ走行を開始しました [シナリオ名: 新規ユーザー登録]
[ADMIN] 15:35:12.213790 シナリオ走行を終了しました [シナリオ名: ログイン]
[ADMIN] 15:35:12.213803 シナリオ走行を開始しました [シナリオ名: ログイン]
[ADMIN] 15:35:12.233244 シナリオ走行を終了しました [シナリオ名: ログイン]
[ADMIN] 15:35:12.233261 シナリオ走行を開始しました [シナリオ名: ログイン]
[ADMIN] 15:35:12.243295 シナリオ走行を終了しました [シナリオ名: ログイン]
[ADMIN] 15:35:12.243311 シナリオ走行を開始しました [シナリオ名: ログイン]
[ADMIN] 15:35:12.269968 シナリオ走行を終了しました [シナリオ名: ログイン]
[ADMIN] 15:35:12.269982 シナリオ走行を開始しました [シナリオ名: ログイン]
[ADMIN] 15:35:12.273949 シナリオ走行を終了しました [シナリオ名: ログイン]
[ADMIN] 15:35:12.273960 シナリオ走行を開始しました [シナリオ名: ログイン]
[ADMIN] 15:35:12.294204 シナリオ走行を終了しました [シナリオ名: 新規ユーザー登録]
[ADMIN] 15:35:12.294239 シナリオ走行を開始しました [シナリオ名: 新規ユーザー登録]
[ADMIN] 15:35:12.355283 シナリオ走行を終了しました [シナリオ名: ログイン]
[ADMIN] 15:35:12.355300 シナリオ走行を開始しました [シナリオ名: ログイン]
[ADMIN] 15:35:12.363482 シナリオ走行を終了しました [シナリオ名: ログイン]
[ADMIN] 15:35:12.363495 シナリオ走行を開始しました [シナリオ名: ログイン]
[ADMIN] 15:35:12.370490 シナリオ走行を終了しました [シナリオ名: 新規ユーザー登録]
[ADMIN] 15:35:12.370509 シナリオ走行を開始しました [シナリオ名: 新規ユーザー登録]
[ADMIN] 15:35:12.374864 シナリオ走行を終了しました [シナリオ名: ログイン]
[ADMIN] 15:35:12.374875 シナリオ走行を開始しました [シナリオ名: ログイン]
[ADMIN] 15:35:12.375461 シナリオ走行を終了しました [シナリオ名: ログイン]
[ADMIN] 15:35:12.375471 シナリオ走行を開始しました [シナリオ名: ログイン]
[ADMIN] 15:35:12.375577 シナリオ走行を終了しました [シナリオ名: ログイン]
[ADMIN] 15:35:12.375588 シナリオ走行を開始しました [シナリオ名: ログイン]
[ADMIN] 15:35:12.404539 シナリオ走行を終了しました [シナリオ名: ログイン]
[ADMIN] 15:35:12.404556 シナリオ走行を開始しました [シナリオ名: ログイン]
[ADMIN] 15:35:12.462995 シナリオ走行を終了しました [シナリオ名: Banユーザログイン]
[ADMIN] 15:35:12.463039 シナリオ走行を開始しました [シナリオ名: Banユーザログイン]
[ADMIN] 15:35:12.464462 シナリオ走行を終了しました [シナリオ名: Banユーザログイン]
[ADMIN] 15:35:12.464475 シナリオ走行を開始しました [シナリオ名: Banユーザログイン]
[ADMIN] 15:35:12.529573 シナリオ走行を終了しました [シナリオ名: ログイン]
[ADMIN] 15:35:12.529591 シナリオ走行を開始しました [シナリオ名: ログイン]
[ADMIN] 15:35:12.581834 シナリオ走行を終了しました [シナリオ名: ログイン]
[ADMIN] 15:35:12.581856 シナリオ走行を開始しました [シナリオ名: ログイン]
[ADMIN] 15:35:12.585993 シナリオ走行を終了しました [シナリオ名: ログイン]
[ADMIN] 15:35:12.586013 シナリオ走行を開始しました [シナリオ名: ログイン]
[ADMIN] 15:35:12.605052 シナリオ走行を終了しました [シナリオ名: ログイン]
[ADMIN] 15:35:12.605068 シナリオ走行を開始しました [シナリオ名: ログイン]
[ADMIN] 15:35:12.606023 シナリオ走行を終了しました [シナリオ名: ログイン]
[ADMIN] 15:35:12.606034 シナリオ走行を開始しました [シナリオ名: ログイン]
[ADMIN] 15:35:12.622689 シナリオ走行を終了しました [シナリオ名: ログイン]
[ADMIN] 15:35:12.622704 シナリオ走行を開始しました [シナリオ名: ログイン]
[ADMIN] 15:35:12.627325 シナリオ走行を終了しました [シナリオ名: ログイン]
[ADMIN] 15:35:12.627339 シナリオ走行を開始しました [シナリオ名: ログイン]
[ADMIN] 15:35:12.631699 シナリオ走行を終了しました [シナリオ名: ログイン]
[ADMIN] 15:35:12.631712 シナリオ走行を開始しました [シナリオ名: ログイン]
[ADMIN] 15:35:12.681386 シナリオ走行を終了しました [シナリオ名: ログイン]
[ADMIN] 15:35:12.681402 シナリオ走行を開始しました [シナリオ名: ログイン]
[ADMIN] 15:35:12.691239 シナリオ走行を終了しました [シナリオ名: 新規ユーザー登録]
[ADMIN] 15:35:12.691268 シナリオ走行を開始しました [シナリオ名: 新規ユーザー登録]
[ADMIN] 15:35:12.710941 シナリオ走行を終了しました [シナリオ名: 新規ユーザー登録]
[ADMIN] 15:35:12.710965 シナリオ走行を開始しました [シナリオ名: 新規ユーザー登録]
[ADMIN] 15:35:12.720485 シナリオ走行を終了しました [シナリオ名: 新規ユーザー登録]
[ADMIN] 15:35:12.720510 シナリオ走行を開始しました [シナリオ名: 新規ユーザー登録]
[ADMIN] 15:35:12.748131 シナリオ走行を終了しました [シナリオ名: ログイン]
[ADMIN] 15:35:12.748147 シナリオ走行を開始しました [シナリオ名: ログイン]
[ADMIN] 15:35:12.754800 シナリオ走行を終了しました [シナリオ名: ログイン]
[ADMIN] 15:35:12.754815 シナリオ走行を開始しました [シナリオ名: ログイン]
[ADMIN] 15:35:12.775449 シナリオ走行を終了しました [シナリオ名: ログイン]
[ADMIN] 15:35:12.775465 シナリオ走行を開始しました [シナリオ名: ログイン]
[ADMIN] 15:35:12.785759 シナリオ走行を終了しました [シナリオ名: ログイン]
[ADMIN] 15:35:12.785775 シナリオ走行を開始しました [シナリオ名: ログイン]
[ADMIN] 15:35:12.798926 シナリオ走行を終了しました [シナリオ名: ログイン]
[ADMIN] 15:35:12.798944 シナリオ走行を開始しました [シナリオ名: ログイン]
[ADMIN] 15:35:12.801098 シナリオ走行を終了しました [シナリオ名: 新規ユーザー登録]
[ADMIN] 15:35:12.801118 シナリオ走行を開始しました [シナリオ名: 新規ユーザー登録]
[ADMIN] 15:35:12.824219 シナリオ走行を終了しました [シナリオ名: ログイン]
[ADMIN] 15:35:12.824234 シナリオ走行を開始しました [シナリオ名: ログイン]
[ADMIN] 15:35:12.833236 シナリオ走行を終了しました [シナリオ名: ログイン]
[ADMIN] 15:35:12.833253 シナリオ走行を開始しました [シナリオ名: ログイン]
[ADMIN] 15:35:12.854899 シナリオ走行を終了しました [シナリオ名: ログイン]
[ADMIN] 15:35:12.854913 シナリオ走行を開始しました [シナリオ名: ログイン]
[ADMIN] 15:35:12.886785 シナリオ走行を終了しました [シナリオ名: ログイン]
[ADMIN] 15:35:12.886802 シナリオ走行を開始しました [シナリオ名: ログイン]
[ADMIN] 15:35:12.916661 シナリオ走行を終了しました [シナリオ名: ログイン]
[ADMIN] 15:35:12.916677 シナリオ走行を開始しました [シナリオ名: ログイン]
[ADMIN] 15:35:12.943263 シナリオ走行を終了しました [シナリオ名: ログイン]
[ADMIN] 15:35:12.943279 シナリオ走行を開始しました [シナリオ名: ログイン]
[ADMIN] 15:35:12.963589 シナリオ走行を終了しました [シナリオ名: ログイン]
[ADMIN] 15:35:12.963607 シナリオ走行を開始しました [シナリオ名: ログイン]
[ADMIN] 15:35:12.971529 シナリオ走行を終了しました [シナリオ名: Banユーザログイン]
[ADMIN] 15:35:12.971547 シナリオ走行を開始しました [シナリオ名: Banユーザログイン]
[ADMIN] 15:35:12.974736 シナリオ走行を終了しました [シナリオ名: Banユーザログイン]
[ADMIN] 15:35:12.974751 シナリオ走行を開始しました [シナリオ名: Banユーザログイン]
[ADMIN] 15:35:12.996282 シナリオ走行を終了しました [シナリオ名: 新規ユーザー登録]
[ADMIN] 15:35:12.996307 シナリオ走行を開始しました [シナリオ名: 新規ユーザー登録]
[ADMIN] 15:35:13.125256 シナリオ走行を終了しました [シナリオ名: ログイン]
[ADMIN] 15:35:13.125284 シナリオ走行を開始しました [シナリオ名: ログイン]
[ADMIN] 15:35:13.136168 シナリオ走行を終了しました [シナリオ名: ログイン]
[ADMIN] 15:35:13.136184 シナリオ走行を開始しました [シナリオ名: ログイン]
[ADMIN] 15:35:13.143319 シナリオ走行を終了しました [シナリオ名: 新規ユーザー登録]
[ADMIN] 15:35:13.143349 シナリオ走行を開始しました [シナリオ名: 新規ユーザー登録]
[ADMIN] 15:35:13.157370 シナリオ走行を終了しました [シナリオ名: ログイン]
[ADMIN] 15:35:13.157388 シナリオ走行を開始しました [シナリオ名: ログイン]
[ADMIN] 15:35:13.235466 シナリオ走行を終了しました [シナリオ名: ログイン]
[ADMIN] 15:35:13.235485 シナリオ走行を開始しました [シナリオ名: ログイン]
[ADMIN] 15:35:13.243055 シナリオ走行を終了しました [シナリオ名: ログイン]
[ADMIN] 15:35:13.243080 シナリオ走行を開始しました [シナリオ名: ログイン]
[ADMIN] 15:35:13.271103 シナリオ走行を終了しました [シナリオ名: ログイン]
[ADMIN] 15:35:13.271120 シナリオ走行を開始しました [シナリオ名: ログイン]
[ADMIN] 15:35:13.305823 シナリオ走行を終了しました [シナリオ名: 新規ユーザー登録]
[ADMIN] 15:35:13.305848 シナリオ走行を開始しました [シナリオ名: 新規ユーザー登録]
[ADMIN] 15:35:13.320690 シナリオ走行を終了しました [シナリオ名: ログイン]
[ADMIN] 15:35:13.320714 シナリオ走行を開始しました [シナリオ名: ログイン]
[ADMIN] 15:35:13.321505 シナリオ走行を終了しました [シナリオ名: ログイン]
[ADMIN] 15:35:13.321518 シナリオ走行を開始しました [シナリオ名: ログイン]
[ADMIN] 15:35:13.327030 シナリオ走行を終了しました [シナリオ名: 新規ユーザー登録]
[ADMIN] 15:35:13.327054 シナリオ走行を開始しました [シナリオ名: 新規ユーザー登録]
[ADMIN] 15:35:13.353960 シナリオ走行を終了しました [シナリオ名: ログイン]
[ADMIN] 15:35:13.353976 シナリオ走行を開始しました [シナリオ名: ログイン]
[ADMIN] 15:35:13.357221 シナリオ走行を終了しました [シナリオ名: ログイン]
[ADMIN] 15:35:13.357236 シナリオ走行を開始しました [シナリオ名: ログイン]
[ADMIN] 15:35:13.364081 シナリオ走行を終了しました [シナリオ名: ログイン]
[ADMIN] 15:35:13.364098 シナリオ走行を開始しました [シナリオ名: ログイン]
[ADMIN] 15:35:13.375003 シナリオ走行を終了しました [シナリオ名: ログイン]
[ADMIN] 15:35:13.375020 シナリオ走行を開始しました [シナリオ名: ログイン]
[ADMIN] 15:35:13.390190 シナリオ走行を終了しました [シナリオ名: ログイン]
[ADMIN] 15:35:13.390203 シナリオ走行を開始しました [シナリオ名: ログイン]
[ADMIN] 15:35:13.396585 シナリオ走行を終了しました [シナリオ名: ログイン]
[ADMIN] 15:35:13.396598 シナリオ走行を開始しました [シナリオ名: ログイン]
[ADMIN] 15:35:13.415706 シナリオ走行を終了しました [シナリオ名: 新規ユーザー登録]
[ADMIN] 15:35:13.415753 シナリオ走行を開始しました [シナリオ名: 新規ユーザー登録]
[ADMIN] 15:35:13.474853 シナリオ走行を終了しました [シナリオ名: Banユーザログイン]
[ADMIN] 15:35:13.474881 シナリオ走行を開始しました [シナリオ名: Banユーザログイン]
[ADMIN] 15:35:13.477868 シナリオ走行を終了しました [シナリオ名: Banユーザログイン]
[ADMIN] 15:35:13.477886 シナリオ走行を開始しました [シナリオ名: Banユーザログイン]
[ADMIN] 15:35:13.479195 シナリオ走行を終了しました [シナリオ名: ログイン]
[ADMIN] 15:35:13.479205 シナリオ走行を開始しました [シナリオ名: ログイン]
[ADMIN] 15:35:13.512332 シナリオ走行を終了しました [シナリオ名: ログイン]
[ADMIN] 15:35:13.512348 シナリオ走行を開始しました [シナリオ名: ログイン]
[ADMIN] 15:35:13.552253 シナリオ走行を終了しました [シナリオ名: ログイン]
[ADMIN] 15:35:13.552267 シナリオ走行を開始しました [シナリオ名: ログイン]
[ADMIN] 15:35:13.591575 シナリオ走行を終了しました [シナリオ名: 新規ユーザー登録]
[ADMIN] 15:35:13.591609 シナリオ走行を開始しました [シナリオ名: 新規ユーザー登録]
[ADMIN] 15:35:13.605307 シナリオ走行を終了しました [シナリオ名: ログイン]
[ADMIN] 15:35:13.605322 シナリオ走行を開始しました [シナリオ名: ログイン]
[ADMIN] 15:35:13.641030 シナリオ走行を終了しました [シナリオ名: ログイン]
[ADMIN] 15:35:13.641048 シナリオ走行を開始しました [シナリオ名: ログイン]
[ADMIN] 15:35:13.656582 シナリオ走行を終了しました [シナリオ名: 新規ユーザー登録]
[ADMIN] 15:35:13.656610 シナリオ走行を開始しました [シナリオ名: 新規ユーザー登録]
[ADMIN] 15:35:13.657224 シナリオ走行を終了しました [シナリオ名: ログイン]
[ADMIN] 15:35:13.657237 シナリオ走行を開始しました [シナリオ名: ログイン]
[ADMIN] 15:35:13.727214 シナリオ走行を終了しました [シナリオ名: ログイン]
[ADMIN] 15:35:13.727231 シナリオ走行を開始しました [シナリオ名: ログイン]
[ADMIN] 15:35:13.738141 シナリオ走行を終了しました [シナリオ名: ログイン]
[ADMIN] 15:35:13.738157 シナリオ走行を開始しました [シナリオ名: ログイン]
[ADMIN] 15:35:13.772875 シナリオ走行を終了しました [シナリオ名: ログイン]
[ADMIN] 15:35:13.772891 シナリオ走行を開始しました [シナリオ名: ログイン]
[ADMIN] 15:35:13.804713 シナリオ走行を終了しました [シナリオ名: 新規ユーザー登録]
[ADMIN] 15:35:13.804746 シナリオ走行を開始しました [シナリオ名: 新規ユーザー登録]
[ADMIN] 15:35:13.810740 シナリオ走行を終了しました [シナリオ名: 新規ユーザー登録]
[ADMIN] 15:35:13.810769 シナリオ走行を開始しました [シナリオ名: 新規ユーザー登録]
[ADMIN] 15:35:13.828121 シナリオ走行を終了しました [シナリオ名: ログイン]
[ADMIN] 15:35:13.828138 シナリオ走行を開始しました [シナリオ名: ログイン]
[ADMIN] 15:35:13.828191 シナリオ走行を終了しました [シナリオ名: ログイン]
[ADMIN] 15:35:13.828220 シナリオ走行を開始しました [シナリオ名: ログイン]
[ADMIN] 15:35:13.831367 シナリオ走行を終了しました [シナリオ名: ログイン]
[ADMIN] 15:35:13.831379 シナリオ走行を開始しました [シナリオ名: ログイン]
[ADMIN] 15:35:13.862602 シナリオ走行を終了しました [シナリオ名: ログイン]
[ADMIN] 15:35:13.862632 シナリオ走行を開始しました [シナリオ名: ログイン]
[ADMIN] 15:35:13.898750 シナリオ走行を終了しました [シナリオ名: ログイン]
[ADMIN] 15:35:13.898762 シナリオ走行を開始しました [シナリオ名: ログイン]
[ADMIN] 15:35:13.901743 シナリオ走行を終了しました [シナリオ名: ログイン]
[ADMIN] 15:35:13.901755 シナリオ走行を開始しました [シナリオ名: ログイン]
[ADMIN] 15:35:13.929775 シナリオ走行を終了しました [シナリオ名: 新規ユーザー登録]
[ADMIN] 15:35:13.929803 シナリオ走行を開始しました [シナリオ名: 新規ユーザー登録]
[ADMIN] 15:35:13.935945 シナリオ走行を終了しました [シナリオ名: ログイン]
[ADMIN] 15:35:13.935957 シナリオ走行を開始しました [シナリオ名: ログイン]
[ADMIN] 15:35:13.936173 シナリオ走行を終了しました [シナリオ名: ログイン]
[ADMIN] 15:35:13.936185 シナリオ走行を開始しました [シナリオ名: ログイン]
[ADMIN] 15:35:13.942234 シナリオ走行を終了しました [シナリオ名: 新規ユーザー登録]
[ADMIN] 15:35:13.942251 シナリオ走行を開始しました [シナリオ名: 新規ユーザー登録]
[ADMIN] 15:35:13.979489 シナリオ走行を終了しました [シナリオ名: Banユーザログイン]
[ADMIN] 15:35:13.979510 シナリオ走行を開始しました [シナリオ名: Banユーザログイン]
[ADMIN] 15:35:13.980911 シナリオ走行を終了しました [シナリオ名: Banユーザログイン]
[ADMIN] 15:35:13.980928 シナリオ走行を開始しました [シナリオ名: Banユーザログイン]
[ADMIN] 15:35:14.008833 シナリオ走行を終了しました [シナリオ名: ログイン]
[ADMIN] 15:35:14.008846 シナリオ走行を開始しました [シナリオ名: ログイン]
[ADMIN] 15:35:14.017056 シナリオ走行を終了しました [シナリオ名: ログイン]
[ADMIN] 15:35:14.017069 シナリオ走行を開始しました [シナリオ名: ログイン]
[ADMIN] 15:35:14.072650 シナリオ走行を終了しました [シナリオ名: ログイン]
[ADMIN] 15:35:14.072668 シナリオ走行を開始しました [シナリオ名: ログイン]
[ADMIN] 15:35:14.106742 シナリオ走行を終了しました [シナリオ名: ログイン]
[ADMIN] 15:35:14.106756 シナリオ走行を開始しました [シナリオ名: ログイン]
[ADMIN] 15:35:14.121961 シナリオ走行を終了しました [シナリオ名: ログイン]
[ADMIN] 15:35:14.121978 シナリオ走行を開始しました [シナリオ名: ログイン]
[ADMIN] 15:35:14.128908 シナリオ走行を終了しました [シナリオ名: ログイン]
[ADMIN] 15:35:14.128920 シナリオ走行を開始しました [シナリオ名: ログイン]
[ADMIN] 15:35:14.153078 シナリオ走行を終了しました [シナリオ名: 新規ユーザー登録]
[ADMIN] 15:35:14.153102 シナリオ走行を開始しました [シナリオ名: 新規ユーザー登録]
[ADMIN] 15:35:14.202218 シナリオ走行を終了しました [シナリオ名: ログイン]
[ADMIN] 15:35:14.202233 シナリオ走行を開始しました [シナリオ名: ログイン]
[ADMIN] 15:35:14.218695 シナリオ走行を終了しました [シナリオ名: ログイン]
[ADMIN] 15:35:14.218708 シナリオ走行を開始しました [シナリオ名: ログイン]
[ADMIN] 15:35:14.236904 シナリオ走行を終了しました [シナリオ名: ログイン]
[ADMIN] 15:35:14.236923 シナリオ走行を開始しました [シナリオ名: ログイン]
[ADMIN] 15:35:14.252174 シナリオ走行を終了しました [シナリオ名: ログイン]
[ADMIN] 15:35:14.252190 シナリオ走行を開始しました [シナリオ名: ログイン]
[ADMIN] 15:35:14.256696 シナリオ走行を終了しました [シナリオ名: ログイン]
[ADMIN] 15:35:14.256706 シナリオ走行を開始しました [シナリオ名: ログイン]
[ADMIN] 15:35:14.272902 シナリオ走行を終了しました [シナリオ名: ログイン]
[ADMIN] 15:35:14.272914 シナリオ走行を開始しました [シナリオ名: ログイン]
[ADMIN] 15:35:14.281513 シナリオ走行を終了しました [シナリオ名: ログイン]
[ADMIN] 15:35:14.281524 シナリオ走行を開始しました [シナリオ名: ログイン]
[ADMIN] 15:35:14.305791 シナリオ走行を終了しました [シナリオ名: 新規ユーザー登録]
[ADMIN] 15:35:14.305819 シナリオ走行を開始しました [シナリオ名: 新規ユーザー登録]
[ADMIN] 15:35:14.348906 シナリオ走行を終了しました [シナリオ名: ログイン]
[ADMIN] 15:35:14.348922 シナリオ走行を開始しました [シナリオ名: ログイン]
[ADMIN] 15:35:14.358731 シナリオ走行を終了しました [シナリオ名: 新規ユーザー登録]
[ADMIN] 15:35:14.358754 シナリオ走行を開始しました [シナリオ名: 新規ユーザー登録]
[ADMIN] 15:35:14.377036 シナリオ走行を終了しました [シナリオ名: ログイン]
[ADMIN] 15:35:14.377047 シナリオ走行を開始しました [シナリオ名: ログイン]
[ADMIN] 15:35:14.397420 シナリオ走行を終了しました [シナリオ名: ログイン]
[ADMIN] 15:35:14.397433 シナリオ走行を開始しました [シナリオ名: ログイン]
[ADMIN] 15:35:14.417913 シナリオ走行を終了しました [シナリオ名: ログイン]
[ADMIN] 15:35:14.417927 シナリオ走行を開始しました [シナリオ名: ログイン]
[ADMIN] 15:35:14.419931 シナリオ走行を終了しました [シナリオ名: 新規ユーザー登録]
[ADMIN] 15:35:14.419951 シナリオ走行を開始しました [シナリオ名: 新規ユーザー登録]
[ADMIN] 15:35:14.427013 シナリオ走行を終了しました [シナリオ名: ログイン]
[ADMIN] 15:35:14.427023 シナリオ走行を開始しました [シナリオ名: ログイン]
[ADMIN] 15:35:14.436943 シナリオ走行を終了しました [シナリオ名: ログイン]
[ADMIN] 15:35:14.436955 シナリオ走行を開始しました [シナリオ名: ログイン]
[ADMIN] 15:35:14.447584 シナリオ走行を終了しました [シナリオ名: ログイン]
[ADMIN] 15:35:14.447597 シナリオ走行を開始しました [シナリオ名: ログイン]
[ADMIN] 15:35:14.462194 シナリオ走行を終了しました [シナリオ名: ログイン]
[ADMIN] 15:35:14.462206 シナリオ走行を開始しました [シナリオ名: ログイン]
[ADMIN] 15:35:14.480184 シナリオ走行を終了しました [シナリオ名: ログイン]
[ADMIN] 15:35:14.480198 シナリオ走行を開始しました [シナリオ名: ログイン]
[ADMIN] 15:35:14.482642 シナリオ走行を終了しました [シナリオ名: Banユーザログイン]
[ADMIN] 15:35:14.482657 シナリオ走行を開始しました [シナリオ名: Banユーザログイン]
[ADMIN] 15:35:14.483293 シナリオ走行を終了しました [シナリオ名: Banユーザログイン]
[ADMIN] 15:35:14.483303 シナリオ走行を開始しました [シナリオ名: Banユーザログイン]
[ADMIN] 15:35:14.603491 シナリオ走行を終了しました [シナリオ名: 新規ユーザー登録]
[ADMIN] 15:35:14.603514 シナリオ走行を開始しました [シナリオ名: 新規ユーザー登録]
[ADMIN] 15:35:14.639115 シナリオ走行を終了しました [シナリオ名: ログイン]
[ADMIN] 15:35:14.639130 シナリオ走行を開始しました [シナリオ名: ログイン]
[ADMIN] 15:35:14.657602 シナリオ走行を終了しました [シナリオ名: ログイン]
[ADMIN] 15:35:14.657618 シナリオ走行を開始しました [シナリオ名: ログイン]
[ADMIN] 15:35:14.662458 シナリオ走行を終了しました [シナリオ名: ログイン]
[ADMIN] 15:35:14.662469 シナリオ走行を開始しました [シナリオ名: ログイン]
[ADMIN] 15:35:14.686020 シナリオ走行を終了しました [シナリオ名: 新規ユーザー登録]
[ADMIN] 15:35:14.686043 シナリオ走行を開始しました [シナリオ名: 新規ユーザー登録]
[ADMIN] 15:35:14.695742 シナリオ走行を終了しました [シナリオ名: ログイン]
[ADMIN] 15:35:14.695756 シナリオ走行を開始しました [シナリオ名: ログイン]
[ADMIN] 15:35:14.711899 シナリオ走行を終了しました [シナリオ名: ログイン]
[ADMIN] 15:35:14.711916 シナリオ走行を開始しました [シナリオ名: ログイン]
[ADMIN] 15:35:14.731772 シナリオ走行を終了しました [シナリオ名: 新規ユーザー登録]
[ADMIN] 15:35:14.731802 シナリオ走行を開始しました [シナリオ名: 新規ユーザー登録]
[ADMIN] 15:35:14.739592 シナリオ走行を終了しました [シナリオ名: ログイン]
[ADMIN] 15:35:14.739608 シナリオ走行を開始しました [シナリオ名: ログイン]
[ADMIN] 15:35:14.757418 シナリオ走行を終了しました [シナリオ名: 新規ユーザー登録]
[ADMIN] 15:35:14.757438 シナリオ走行を開始しました [シナリオ名: 新規ユーザー登録]
[ADMIN] 15:35:14.757727 シナリオ走行を終了しました [シナリオ名: ログイン]
[ADMIN] 15:35:14.757737 シナリオ走行を開始しました [シナリオ名: ログイン]
[ADMIN] 15:35:14.761893 シナリオ走行を終了しました [シナリオ名: ログイン]
[ADMIN] 15:35:14.761905 シナリオ走行を開始しました [シナリオ名: ログイン]
[ADMIN] 15:35:14.782901 シナリオ走行を終了しました [シナリオ名: ログイン]
[ADMIN] 15:35:14.782915 シナリオ走行を開始しました [シナリオ名: ログイン]
[ADMIN] 15:35:14.853884 シナリオ走行を終了しました [シナリオ名: ログイン]
[ADMIN] 15:35:14.853899 シナリオ走行を開始しました [シナリオ名: ログイン]
[ADMIN] 15:35:14.872658 シナリオ走行を終了しました [シナリオ名: ログイン]
[ADMIN] 15:35:14.872673 シナリオ走行を開始しました [シナリオ名: ログイン]
[ADMIN] 15:35:14.881933 シナリオ走行を終了しました [シナリオ名: ログイン]
[ADMIN] 15:35:14.881946 シナリオ走行を開始しました [シナリオ名: ログイン]
[ADMIN] 15:35:14.889031 シナリオ走行を終了しました [シナリオ名: ログイン]
[ADMIN] 15:35:14.889043 シナリオ走行を開始しました [シナリオ名: ログイン]
[ADMIN] 15:35:14.894608 シナリオ走行を終了しました [シナリオ名: ログイン]
[ADMIN] 15:35:14.894632 シナリオ走行を開始しました [シナリオ名: ログイン]
[ADMIN] 15:35:14.991463 シナリオ走行を終了しました [シナリオ名: Banユーザログイン]
[ADMIN] 15:35:14.991478 シナリオ走行を開始しました [シナリオ名: Banユーザログイン]
[ADMIN] 15:35:15.000537 シナリオ走行を終了しました [シナリオ名: ログイン]
[ADMIN] 15:35:15.000546 シナリオ走行を開始しました [シナリオ名: ログイン]
[ADMIN] 15:35:15.005186 シナリオ走行を終了しました [シナリオ名: Banユーザログイン]
[ADMIN] 15:35:15.005202 シナリオ走行を開始しました [シナリオ名: Banユーザログイン]
[ADMIN] 15:35:15.017770 シナリオ走行を終了しました [シナリオ名: ログイン]
[ADMIN] 15:35:15.017784 シナリオ走行を開始しました [シナリオ名: ログイン]
[ADMIN] 15:35:15.033062 シナリオ走行を終了しました [シナリオ名: ログイン]
[ADMIN] 15:35:15.033076 シナリオ走行を開始しました [シナリオ名: ログイン]
[ADMIN] 15:35:15.059395 シナリオ走行を終了しました [シナリオ名: ログイン]
[ADMIN] 15:35:15.059409 シナリオ走行を開始しました [シナリオ名: ログイン]
[ADMIN] 15:35:15.085557 シナリオ走行を終了しました [シナリオ名: ログイン]
[ADMIN] 15:35:15.085572 シナリオ走行を開始しました [シナリオ名: ログイン]
[ADMIN] 15:35:15.160322 シナリオ走行を終了しました [シナリオ名: ログイン]
[ADMIN] 15:35:15.160339 シナリオ走行を開始しました [シナリオ名: ログイン]
[ADMIN] 15:35:15.162431 シナリオ走行を終了しました [シナリオ名: 新規ユーザー登録]
[ADMIN] 15:35:15.162455 シナリオ走行を開始しました [シナリオ名: 新規ユーザー登録]
[ADMIN] 15:35:15.178963 シナリオ走行を終了しました [シナリオ名: ログイン]
[ADMIN] 15:35:15.178978 シナリオ走行を開始しました [シナリオ名: ログイン]
[ADMIN] 15:35:15.203587 シナリオ走行を終了しました [シナリオ名: 新規ユーザー登録]
[ADMIN] 15:35:15.203617 シナリオ走行を開始しました [シナリオ名: 新規ユーザー登録]
[ADMIN] 15:35:15.233322 シナリオ走行を終了しました [シナリオ名: ログイン]
[ADMIN] 15:35:15.233334 シナリオ走行を開始しました [シナリオ名: ログイン]
[ADMIN] 15:35:15.233336 シナリオ走行を終了しました [シナリオ名: ログイン]
[ADMIN] 15:35:15.233343 シナリオ走行を開始しました [シナリオ名: ログイン]
[ADMIN] 15:35:15.239463 シナリオ走行を終了しました [シナリオ名: ログイン]
[ADMIN] 15:35:15.239471 シナリオ走行を開始しました [シナリオ名: ログイン]
[ADMIN] 15:35:15.258482 シナリオ走行を終了しました [シナリオ名: 新規ユーザー登録]
[ADMIN] 15:35:15.258507 シナリオ走行を開始しました [シナリオ名: 新規ユーザー登録]
[ADMIN] 15:35:15.287946 シナリオ走行を終了しました [シナリオ名: ログイン]
[ADMIN] 15:35:15.287959 シナリオ走行を開始しました [シナリオ名: ログイン]
[ADMIN] 15:35:15.288129 シナリオ走行を終了しました [シナリオ名: ログイン]
[ADMIN] 15:35:15.288141 シナリオ走行を開始しました [シナリオ名: ログイン]
[ADMIN] 15:35:15.295010 シナリオ走行を終了しました [シナリオ名: ログイン]
[ADMIN] 15:35:15.295020 シナリオ走行を開始しました [シナリオ名: ログイン]
[ADMIN] 15:35:15.317004 シナリオ走行を終了しました [シナリオ名: 新規ユーザー登録]
[ADMIN] 15:35:15.317031 シナリオ走行を開始しました [シナリオ名: 新規ユーザー登録]
[ADMIN] 15:35:15.322009 シナリオ走行を終了しました [シナリオ名: 新規ユーザー登録]
[ADMIN] 15:35:15.322026 シナリオ走行を開始しました [シナリオ名: 新規ユーザー登録]
[ADMIN] 15:35:15.339904 シナリオ走行を終了しました [シナリオ名: ログイン]
[ADMIN] 15:35:15.339916 シナリオ走行を開始しました [シナリオ名: ログイン]
[ADMIN] 15:35:15.383414 シナリオ走行を終了しました [シナリオ名: ログイン]
[ADMIN] 15:35:15.383432 シナリオ走行を開始しました [シナリオ名: ログイン]
[ADMIN] 15:35:15.404220 シナリオ走行を終了しました [シナリオ名: ログイン]
[ADMIN] 15:35:15.404237 シナリオ走行を開始しました [シナリオ名: ログイン]
[ADMIN] 15:35:15.408180 シナリオ走行を終了しました [シナリオ名: ログイン]
[ADMIN] 15:35:15.408191 シナリオ走行を開始しました [シナリオ名: ログイン]
[ADMIN] 15:35:15.469607 シナリオ走行を終了しました [シナリオ名: ログイン]
[ADMIN] 15:35:15.469621 シナリオ走行を開始しました [シナリオ名: ログイン]
[ADMIN] 15:35:15.471831 シナリオ走行を終了しました [シナリオ名: ログイン]
[ADMIN] 15:35:15.471842 シナリオ走行を開始しました [シナリオ名: ログイン]
[ADMIN] 15:35:15.507388 シナリオ走行を終了しました [シナリオ名: Banユーザログイン]
[ADMIN] 15:35:15.507408 シナリオ走行を開始しました [シナリオ名: Banユーザログイン]
[ADMIN] 15:35:15.510713 シナリオ走行を終了しました [シナリオ名: Banユーザログイン]
[ADMIN] 15:35:15.510733 シナリオ走行を開始しました [シナリオ名: Banユーザログイン]
[ADMIN] 15:35:15.534891 シナリオ走行を終了しました [シナリオ名: 新規ユーザー登録]
[ADMIN] 15:35:15.534918 シナリオ走行を開始しました [シナリオ名: 新規ユーザー登録]
[ADMIN] 15:35:15.555210 シナリオ走行を終了しました [シナリオ名: ログイン]
[ADMIN] 15:35:15.555233 シナリオ走行を開始しました [シナリオ名: ログイン]
[ADMIN] 15:35:15.595727 シナリオ走行を終了しました [シナリオ名: ログイン]
[ADMIN] 15:35:15.595750 シナリオ走行を開始しました [シナリオ名: ログイン]
[ADMIN] 15:35:15.596183 シナリオ走行を終了しました [シナリオ名: ログイン]
[ADMIN] 15:35:15.596196 シナリオ走行を開始しました [シナリオ名: ログイン]
[ADMIN] 15:35:15.599353 シナリオ走行を終了しました [シナリオ名: ログイン]
[ADMIN] 15:35:15.599364 シナリオ走行を開始しました [シナリオ名: ログイン]
[ADMIN] 15:35:15.618432 シナリオ走行を終了しました [シナリオ名: ログイン]
[ADMIN] 15:35:15.618451 シナリオ走行を開始しました [シナリオ名: ログイン]
[ADMIN] 15:35:15.641984 シナリオ走行を終了しました [シナリオ名: ログイン]
[ADMIN] 15:35:15.641996 シナリオ走行を開始しました [シナリオ名: ログイン]
[ADMIN] 15:35:15.652830 シナリオ走行を終了しました [シナリオ名: ログイン]
[ADMIN] 15:35:15.652845 シナリオ走行を開始しました [シナリオ名: ログイン]
[ADMIN] 15:35:15.669645 シナリオ走行を終了しました [シナリオ名: 新規ユーザー登録]
[ADMIN] 15:35:15.669669 シナリオ走行を開始しました [シナリオ名: 新規ユーザー登録]
[ADMIN] 15:35:15.683700 シナリオ走行を終了しました [シナリオ名: ログイン]
[ADMIN] 15:35:15.683712 シナリオ走行を開始しました [シナリオ名: ログイン]
[ADMIN] 15:35:15.695365 シナリオ走行を終了しました [シナリオ名: ログイン]
[ADMIN] 15:35:15.695374 シナリオ走行を開始しました [シナリオ名: ログイン]
[ADMIN] 15:35:15.696512 シナリオ走行を終了しました [シナリオ名: ログイン]
[ADMIN] 15:35:15.696523 シナリオ走行を開始しました [シナリオ名: ログイン]
[ADMIN] 15:35:15.734598 シナリオ走行を終了しました [シナリオ名: ログイン]
[ADMIN] 15:35:15.734611 シナリオ走行を開始しました [シナリオ名: ログイン]
[ADMIN] 15:35:15.745837 シナリオ走行を終了しました [シナリオ名: ログイン]
[ADMIN] 15:35:15.745848 シナリオ走行を開始しました [シナリオ名: ログイン]
[ADMIN] 15:35:15.749299 シナリオ走行を終了しました [シナリオ名: ログイン]
[ADMIN] 15:35:15.749309 シナリオ走行を開始しました [シナリオ名: ログイン]
[ADMIN] 15:35:15.760852 シナリオ走行を終了しました [シナリオ名: 新規ユーザー登録]
[ADMIN] 15:35:15.760877 シナリオ走行を開始しました [シナリオ名: 新規ユーザー登録]
[ADMIN] 15:35:15.764828 シナリオ走行を終了しました [シナリオ名: 新規ユーザー登録]
[ADMIN] 15:35:15.764848 シナリオ走行を開始しました [シナリオ名: 新規ユーザー登録]
[ADMIN] 15:35:15.848079 シナリオ走行を終了しました [シナリオ名: 新規ユーザー登録]
[ADMIN] 15:35:15.848112 シナリオ走行を開始しました [シナリオ名: 新規ユーザー登録]
[ADMIN] 15:35:15.868551 シナリオ走行を終了しました [シナリオ名: ログイン]
[ADMIN] 15:35:15.868565 シナリオ走行を開始しました [シナリオ名: ログイン]
[ADMIN] 15:35:15.880149 シナリオ走行を終了しました [シナリオ名: ログイン]
[ADMIN] 15:35:15.880162 シナリオ走行を開始しました [シナリオ名: ログイン]
[ADMIN] 15:35:15.917207 シナリオ走行を終了しました [シナリオ名: ログイン]
[ADMIN] 15:35:15.917221 シナリオ走行を開始しました [シナリオ名: ログイン]
[ADMIN] 15:35:15.948165 シナリオ走行を終了しました [シナリオ名: ログイン]
[ADMIN] 15:35:15.948178 シナリオ走行を開始しました [シナリオ名: ログイン]
[ADMIN] 15:35:15.963342 シナリオ走行を終了しました [シナリオ名: ログイン]
[ADMIN] 15:35:15.963353 シナリオ走行を開始しました [シナリオ名: ログイン]
[ADMIN] 15:35:15.992499 シナリオ走行を終了しました [シナリオ名: ログイン]
[ADMIN] 15:35:15.992513 シナリオ走行を開始しました [シナリオ名: ログイン]
[ADMIN] 15:35:16.010452 シナリオ走行を終了しました [シナリオ名: Banユーザログイン]
[ADMIN] 15:35:16.010470 シナリオ走行を開始しました [シナリオ名: Banユーザログイン]
[ADMIN] 15:35:16.012924 シナリオ走行を終了しました [シナリオ名: Banユーザログイン]
[ADMIN] 15:35:16.012934 シナリオ走行を開始しました [シナリオ名: Banユーザログイン]
[ADMIN] 15:35:16.052478 シナリオ走行を終了しました [シナリオ名: ログイン]
[ADMIN] 15:35:16.052491 シナリオ走行を開始しました [シナリオ名: ログイン]
[ADMIN] 15:35:16.055221 シナリオ走行を終了しました [シナリオ名: ログイン]
[ADMIN] 15:35:16.055232 シナリオ走行を開始しました [シナリオ名: ログイン]
[ADMIN] 15:35:16.059198 シナリオ走行を終了しました [シナリオ名: ログイン]
[ADMIN] 15:35:16.059210 シナリオ走行を開始しました [シナリオ名: ログイン]
[ADMIN] 15:35:16.078445 シナリオ走行を終了しました [シナリオ名: 新規ユーザー登録]
[ADMIN] 15:35:16.078462 シナリオ走行を開始しました [シナリオ名: 新規ユーザー登録]
[ADMIN] 15:35:16.086884 シナリオ走行を終了しました [シナリオ名: ログイン]
[ADMIN] 15:35:16.086892 シナリオ走行を開始しました [シナリオ名: ログイン]
[ADMIN] 15:35:16.119085 シナリオ走行を終了しました [シナリオ名: ログイン]
[ADMIN] 15:35:16.119096 シナリオ走行を開始しました [シナリオ名: ログイン]
[ADMIN] 15:35:16.123888 シナリオ走行を終了しました [シナリオ名: ログイン]
[ADMIN] 15:35:16.123898 シナリオ走行を開始しました [シナリオ名: ログイン]
[ADMIN] 15:35:16.139408 シナリオ走行を終了しました [シナリオ名: ログイン]
[ADMIN] 15:35:16.139420 シナリオ走行を開始しました [シナリオ名: ログイン]
[ADMIN] 15:35:16.177002 シナリオ走行を終了しました [シナリオ名: ログイン]
[ADMIN] 15:35:16.177017 シナリオ走行を開始しました [シナリオ名: ログイン]
[ADMIN] 15:35:16.179633 シナリオ走行を終了しました [シナリオ名: 新規ユーザー登録]
[ADMIN] 15:35:16.179650 シナリオ走行を開始しました [シナリオ名: 新規ユーザー登録]
[ADMIN] 15:35:16.190553 シナリオ走行を終了しました [シナリオ名: ログイン]
[ADMIN] 15:35:16.190563 シナリオ走行を開始しました [シナリオ名: ログイン]
[ADMIN] 15:35:16.216013 シナリオ走行を終了しました [シナリオ名: ログイン]
[ADMIN] 15:35:16.216021 シナリオ走行を開始しました [シナリオ名: ログイン]
[ADMIN] 15:35:16.231919 シナリオ走行を終了しました [シナリオ名: 新規ユーザー登録]
[ADMIN] 15:35:16.231938 シナリオ走行を開始しました [シナリオ名: 新規ユーザー登録]
[ADMIN] 15:35:16.240342 シナリオ走行を終了しました [シナリオ名: ログイン]
[ADMIN] 15:35:16.240352 シナリオ走行を開始しました [シナリオ名: ログイン]
[ADMIN] 15:35:16.291295 シナリオ走行を終了しました [シナリオ名: ログイン]
[ADMIN] 15:35:16.291309 シナリオ走行を開始しました [シナリオ名: ログイン]
[ADMIN] 15:35:16.297194 シナリオ走行を終了しました [シナリオ名: ログイン]
[ADMIN] 15:35:16.297206 シナリオ走行を開始しました [シナリオ名: ログイン]
[ADMIN] 15:35:16.309163 シナリオ走行を終了しました [シナリオ名: ログイン]
[ADMIN] 15:35:16.309173 シナリオ走行を開始しました [シナリオ名: ログイン]
[ADMIN] 15:35:16.317889 シナリオ走行を終了しました [シナリオ名: ログイン]
[ADMIN] 15:35:16.317904 シナリオ走行を開始しました [シナリオ名: ログイン]
[ADMIN] 15:35:16.344050 シナリオ走行を終了しました [シナリオ名: ログイン]
[ADMIN] 15:35:16.344064 シナリオ走行を開始しました [シナリオ名: ログイン]
[ADMIN] 15:35:16.370489 シナリオ走行を終了しました [シナリオ名: ログイン]
[ADMIN] 15:35:16.370503 シナリオ走行を開始しました [シナリオ名: ログイン]
[ADMIN] 15:35:16.390739 シナリオ走行を終了しました [シナリオ名: ログイン]
[ADMIN] 15:35:16.390752 シナリオ走行を開始しました [シナリオ名: ログイン]
[ADMIN] 15:35:16.394941 シナリオ走行を終了しました [シナリオ名: 新規ユーザー登録]
[ADMIN] 15:35:16.394960 シナリオ走行を開始しました [シナリオ名: 新規ユーザー登録]
[ADMIN] 15:35:16.467646 シナリオ走行を終了しました [シナリオ名: ログイン]
[ADMIN] 15:35:16.467658 シナリオ走行を開始しました [シナリオ名: ログイン]
[ADMIN] 15:35:16.469330 シナリオ走行を終了しました [シナリオ名: ログイン]
[ADMIN] 15:35:16.469340 シナリオ走行を開始しました [シナリオ名: ログイン]
[ADMIN] 15:35:16.481662 シナリオ走行を終了しました [シナリオ名: ログイン]
[ADMIN] 15:35:16.481672 シナリオ走行を開始しました [シナリオ名: ログイン]
[ADMIN] 15:35:16.495793 シナリオ走行を終了しました [シナリオ名: ログイン]
[ADMIN] 15:35:16.495804 シナリオ走行を開始しました [シナリオ名: ログイン]
[ADMIN] 15:35:16.506496 シナリオ走行を終了しました [シナリオ名: ログイン]
[ADMIN] 15:35:16.506509 シナリオ走行を開始しました [シナリオ名: ログイン]
[ADMIN] 15:35:16.515579 シナリオ走行を終了しました [シナリオ名: Banユーザログイン]
[ADMIN] 15:35:16.515594 シナリオ走行を開始しました [シナリオ名: Banユーザログイン]
[ADMIN] 15:35:16.516986 シナリオ走行を終了しました [シナリオ名: Banユーザログイン]
[ADMIN] 15:35:16.517000 シナリオ走行を開始しました [シナリオ名: Banユーザログイン]
[ADMIN] 15:35:16.553177 シナリオ走行を終了しました [シナリオ名: 新規ユーザー登録]
[ADMIN] 15:35:16.553206 シナリオ走行を開始しました [シナリオ名: 新規ユーザー登録]
[ADMIN] 15:35:16.572727 シナリオ走行を終了しました [シナリオ名: ログイン]
[ADMIN] 15:35:16.572740 シナリオ走行を開始しました [シナリオ名: ログイン]
[ADMIN] 15:35:16.581159 シナリオ走行を終了しました [シナリオ名: ログイン]
[ADMIN] 15:35:16.581172 シナリオ走行を開始しました [シナリオ名: ログイン]
[ADMIN] 15:35:16.624592 シナリオ走行を終了しました [シナリオ名: ログイン]
[ADMIN] 15:35:16.624609 シナリオ走行を開始しました [シナリオ名: ログイン]
[ADMIN] 15:35:16.658068 シナリオ走行を終了しました [シナリオ名: ログイン]
[ADMIN] 15:35:16.658080 シナリオ走行を開始しました [シナリオ名: ログイン]
[ADMIN] 15:35:16.668574 シナリオ走行を終了しました [シナリオ名: 新規ユーザー登録]
[ADMIN] 15:35:16.668594 シナリオ走行を開始しました [シナリオ名: 新規ユーザー登録]
[ADMIN] 15:35:16.674716 シナリオ走行を終了しました [シナリオ名: 新規ユーザー登録]
[ADMIN] 15:35:16.674734 シナリオ走行を開始しました [シナリオ名: 新規ユーザー登録]
[ADMIN] 15:35:16.703079 シナリオ走行を終了しました [シナリオ名: ログイン]
[ADMIN] 15:35:16.703090 シナリオ走行を開始しました [シナリオ名: ログイン]
[ADMIN] 15:35:16.711866 シナリオ走行を終了しました [シナリオ名: ログイン]
[ADMIN] 15:35:16.711876 シナリオ走行を開始しました [シナリオ名: ログイン]
[ADMIN] 15:35:16.740569 シナリオ走行を終了しました [シナリオ名: ログイン]
[ADMIN] 15:35:16.740579 シナリオ走行を開始しました [シナリオ名: ログイン]
[ADMIN] 15:35:16.749872 シナリオ走行を終了しました [シナリオ名: ログイン]
[ADMIN] 15:35:16.749884 シナリオ走行を開始しました [シナリオ名: ログイン]
[ADMIN] 15:35:16.776306 シナリオ走行を終了しました [シナリオ名: ログイン]
[ADMIN] 15:35:16.776319 シナリオ走行を開始しました [シナリオ名: ログイン]
[ADMIN] 15:35:16.792455 シナリオ走行を終了しました [シナリオ名: ログイン]
[ADMIN] 15:35:16.792468 シナリオ走行を開始しました [シナリオ名: ログイン]
[ADMIN] 15:35:16.799997 シナリオ走行を終了しました [シナリオ名: ログイン]
[ADMIN] 15:35:16.800007 シナリオ走行を開始しました [シナリオ名: ログイン]
[ADMIN] 15:35:16.863557 シナリオ走行を終了しました [シナリオ名: ログイン]
[ADMIN] 15:35:16.863566 シナリオ走行を開始しました [シナリオ名: ログイン]
[ADMIN] 15:35:16.905356 シナリオ走行を終了しました [シナリオ名: ログイン]
[ADMIN] 15:35:16.905368 シナリオ走行を開始しました [シナリオ名: ログイン]
[ADMIN] 15:35:16.913593 シナリオ走行を終了しました [シナリオ名: 新規ユーザー登録]
[ADMIN] 15:35:16.913613 シナリオ走行を開始しました [シナリオ名: 新規ユーザー登録]
[ADMIN] 15:35:16.913964 シナリオ走行を終了しました [シナリオ名: 新規ユーザー登録]
[ADMIN] 15:35:16.913987 シナリオ走行を開始しました [シナリオ名: 新規ユーザー登録]
[ADMIN] 15:35:16.948219 シナリオ走行を終了しました [シナリオ名: ログイン]
[ADMIN] 15:35:16.948232 シナリオ走行を開始しました [シナリオ名: ログイン]
[ADMIN] 15:35:16.970504 シナリオ走行を終了しました [シナリオ名: ログイン]
[ADMIN] 15:35:16.970514 シナリオ走行を開始しました [シナリオ名: ログイン]
[ADMIN] 15:35:16.985468 シナリオ走行を終了しました [シナリオ名: ログイン]
[ADMIN] 15:35:16.985481 シナリオ走行を開始しました [シナリオ名: ログイン]
[ADMIN] 15:35:16.991964 シナリオ走行を終了しました [シナリオ名: ログイン]
[ADMIN] 15:35:16.991975 シナリオ走行を開始しました [シナリオ名: ログイン]
[ADMIN] 15:35:17.004544 シナリオ走行を終了しました [シナリオ名: 新規ユーザー登録]
[ADMIN] 15:35:17.004560 シナリオ走行を開始しました [シナリオ名: 新規ユーザー登録]
[ADMIN] 15:35:17.018041 シナリオ走行を終了しました [シナリオ名: Banユーザログイン]
[ADMIN] 15:35:17.018060 シナリオ走行を開始しました [シナリオ名: Banユーザログイン]
[ADMIN] 15:35:17.020503 シナリオ走行を終了しました [シナリオ名: Banユーザログイン]
[ADMIN] 15:35:17.020516 シナリオ走行を開始しました [シナリオ名: Banユーザログイン]
[ADMIN] 15:35:17.127244 シナリオ走行を終了しました [シナリオ名: ログイン]
[ADMIN] 15:35:17.127257 シナリオ走行を開始しました [シナリオ名: ログイン]
[ADMIN] 15:35:17.156989 シナリオ走行を終了しました [シナリオ名: ログイン]
[ADMIN] 15:35:17.157003 シナリオ走行を開始しました [シナリオ名: ログイン]
[ADMIN] 15:35:17.163127 シナリオ走行を終了しました [シナリオ名: ログイン]
[ADMIN] 15:35:17.163138 シナリオ走行を開始しました [シナリオ名: ログイン]
[ADMIN] 15:35:17.169047 シナリオ走行を終了しました [シナリオ名: ログイン]
[ADMIN] 15:35:17.169056 シナリオ走行を開始しました [シナリオ名: ログイン]
[ADMIN] 15:35:17.208073 シナリオ走行を終了しました [シナリオ名: ログイン]
[ADMIN] 15:35:17.208086 シナリオ走行を開始しました [シナリオ名: ログイン]
[ADMIN] 15:35:17.215796 シナリオ走行を終了しました [シナリオ名: ログイン]
[ADMIN] 15:35:17.215809 シナリオ走行を開始しました [シナリオ名: ログイン]
[ADMIN] 15:35:17.219607 シナリオ走行を終了しました [シナリオ名: ログイン]
[ADMIN] 15:35:17.219618 シナリオ走行を開始しました [シナリオ名: ログイン]
[ADMIN] 15:35:17.250735 シナリオ走行を終了しました [シナリオ名: 新規ユーザー登録]
[ADMIN] 15:35:17.250761 シナリオ走行を開始しました [シナリオ名: 新規ユーザー登録]
[ADMIN] 15:35:17.274289 シナリオ走行を終了しました [シナリオ名: ログイン]
[ADMIN] 15:35:17.274305 シナリオ走行を開始しました [シナリオ名: ログイン]
[ADMIN] 15:35:17.366427 シナリオ走行を終了しました [シナリオ名: 新規ユーザー登録]
[ADMIN] 15:35:17.366458 シナリオ走行を開始しました [シナリオ名: 新規ユーザー登録]
[ADMIN] 15:35:17.401648 シナリオ走行を終了しました [シナリオ名: ログイン]
[ADMIN] 15:35:17.401662 シナリオ走行を開始しました [シナリオ名: ログイン]
[ADMIN] 15:35:17.407177 シナリオ走行を終了しました [シナリオ名: ログイン]
[ADMIN] 15:35:17.407189 シナリオ走行を開始しました [シナリオ名: ログイン]
[ADMIN] 15:35:17.422166 シナリオ走行を終了しました [シナリオ名: ログイン]
[ADMIN] 15:35:17.422178 シナリオ走行を開始しました [シナリオ名: ログイン]
[ADMIN] 15:35:17.432214 シナリオ走行を終了しました [シナリオ名: ログイン]
[ADMIN] 15:35:17.432225 シナリオ走行を開始しました [シナリオ名: ログイン]
[ADMIN] 15:35:17.442144 シナリオ走行を終了しました [シナリオ名: 新規ユーザー登録]
[ADMIN] 15:35:17.442164 シナリオ走行を開始しました [シナリオ名: 新規ユーザー登録]
[ADMIN] 15:35:17.443346 シナリオ走行を終了しました [シナリオ名: ログイン]
[ADMIN] 15:35:17.443356 シナリオ走行を開始しました [シナリオ名: ログイン]
[ADMIN] 15:35:17.451858 シナリオ走行を終了しました [シナリオ名: 新規ユーザー登録]
[ADMIN] 15:35:17.451877 シナリオ走行を開始しました [シナリオ名: 新規ユーザー登録]
[ADMIN] 15:35:17.509146 シナリオ走行を終了しました [シナリオ名: ログイン]
[ADMIN] 15:35:17.509161 シナリオ走行を開始しました [シナリオ名: ログイン]
[ADMIN] 15:35:17.513186 シナリオ走行を終了しました [シナリオ名: ログイン]
[ADMIN] 15:35:17.513195 シナリオ走行を開始しました [シナリオ名: ログイン]
[ADMIN] 15:35:17.523272 シナリオ走行を終了しました [シナリオ名: Banユーザログイン]
[ADMIN] 15:35:17.523284 シナリオ走行を開始しました [シナリオ名: Banユーザログイン]
[ADMIN] 15:35:17.551703 シナリオ走行を終了しました [シナリオ名: ログイン]
[ADMIN] 15:35:17.551714 シナリオ走行を開始しました [シナリオ名: ログイン]
[ADMIN] 15:35:17.555142 シナリオ走行を終了しました [シナリオ名: 新規ユーザー登録]
[ADMIN] 15:35:17.555159 シナリオ走行を開始しました [シナリオ名: 新規ユーザー登録]
[ADMIN] 15:35:17.562529 シナリオ走行を終了しました [シナリオ名: ログイン]
[ADMIN] 15:35:17.562538 シナリオ走行を開始しました [シナリオ名: ログイン]
[ADMIN] 15:35:17.602948 シナリオ走行を終了しました [シナリオ名: ログイン]
[ADMIN] 15:35:17.602959 シナリオ走行を開始しました [シナリオ名: ログイン]
[ADMIN] 15:35:17.619188 シナリオ走行を終了しました [シナリオ名: Banユーザログイン]
[ADMIN] 15:35:17.619205 シナリオ走行を開始しました [シナリオ名: Banユーザログイン]
[ADMIN] 15:35:17.663721 シナリオ走行を終了しました [シナリオ名: ログイン]
[ADMIN] 15:35:17.663741 シナリオ走行を開始しました [シナリオ名: ログイン]
[ADMIN] 15:35:17.670649 シナリオ走行を終了しました [シナリオ名: ログイン]
[ADMIN] 15:35:17.670662 シナリオ走行を開始しました [シナリオ名: ログイン]
[ADMIN] 15:35:17.681154 シナリオ走行を終了しました [シナリオ名: ログイン]
[ADMIN] 15:35:17.681163 シナリオ走行を開始しました [シナリオ名: ログイン]
[ADMIN] 15:35:17.685270 シナリオ走行を終了しました [シナリオ名: ログイン]
[ADMIN] 15:35:17.685281 シナリオ走行を開始しました [シナリオ名: ログイン]
[ADMIN] 15:35:17.731461 シナリオ走行を終了しました [シナリオ名: ログイン]
[ADMIN] 15:35:17.731473 シナリオ走行を開始しました [シナリオ名: ログイン]
[ADMIN] 15:35:17.741859 シナリオ走行を終了しました [シナリオ名: 新規ユーザー登録]
[ADMIN] 15:35:17.741882 シナリオ走行を開始しました [シナリオ名: 新規ユーザー登録]
[ADMIN] 15:35:17.747831 シナリオ走行を終了しました [シナリオ名: ログイン]
[ADMIN] 15:35:17.747842 シナリオ走行を開始しました [シナリオ名: ログイン]
[ADMIN] 15:35:17.758482 シナリオ走行を終了しました [シナリオ名: ログイン]
[ADMIN] 15:35:17.758492 シナリオ走行を開始しました [シナリオ名: ログイン]
[ADMIN] 15:35:17.786300 シナリオ走行を終了しました [シナリオ名: ログイン]
[ADMIN] 15:35:17.786317 シナリオ走行を開始しました [シナリオ名: ログイン]
[ADMIN] 15:35:17.795917 シナリオ走行を終了しました [シナリオ名: ログイン]
[ADMIN] 15:35:17.795930 シナリオ走行を開始しました [シナリオ名: ログイン]
[ADMIN] 15:35:17.836417 シナリオ走行を終了しました [シナリオ名: ログイン]
[ADMIN] 15:35:17.836431 シナリオ走行を開始しました [シナリオ名: ログイン]
[ADMIN] 15:35:17.839436 シナリオ走行を終了しました [シナリオ名: ログイン]
[ADMIN] 15:35:17.839445 シナリオ走行を開始しました [シナリオ名: ログイン]
[ADMIN] 15:35:17.865772 シナリオ走行を終了しました [シナリオ名: ログイン]
[ADMIN] 15:35:17.865781 シナリオ走行を開始しました [シナリオ名: ログイン]
[ADMIN] 15:35:17.897304 シナリオ走行を終了しました [シナリオ名: ログイン]
[ADMIN] 15:35:17.897315 シナリオ走行を開始しました [シナリオ名: ログイン]
[ADMIN] 15:35:17.922657 シナリオ走行を終了しました [シナリオ名: 新規ユーザー登録]
[ADMIN] 15:35:17.922676 シナリオ走行を開始しました [シナリオ名: 新規ユーザー登録]
[ADMIN] 15:35:17.959392 シナリオ走行を終了しました [シナリオ名: 新規ユーザー登録]
[ADMIN] 15:35:17.959413 シナリオ走行を開始しました [シナリオ名: 新規ユーザー登録]
[ADMIN] 15:35:17.976078 シナリオ走行を終了しました [シナリオ名: ログイン]
[ADMIN] 15:35:17.976089 シナリオ走行を開始しました [シナリオ名: ログイン]
[ADMIN] 15:35:17.986210 シナリオ走行を終了しました [シナリオ名: 新規ユーザー登録]
[ADMIN] 15:35:17.986228 シナリオ走行を開始しました [シナリオ名: 新規ユーザー登録]
[ADMIN] 15:35:18.014715 シナリオ走行を終了しました [シナリオ名: 新規ユーザー登録]
[ADMIN] 15:35:18.014734 シナリオ走行を開始しました [シナリオ名: 新規ユーザー登録]
[ADMIN] 15:35:18.026185 シナリオ走行を終了しました [シナリオ名: Banユーザログイン]
[ADMIN] 15:35:18.026199 シナリオ走行を開始しました [シナリオ名: Banユーザログイン]
[ADMIN] 15:35:18.030844 シナリオ走行を終了しました [シナリオ名: ログイン]
[ADMIN] 15:35:18.030855 シナリオ走行を開始しました [シナリオ名: ログイン]
[ADMIN] 15:35:18.122312 シナリオ走行を終了しました [シナリオ名: Banユーザログイン]
[ADMIN] 15:35:18.122334 シナリオ走行を開始しました [シナリオ名: Banユーザログイン]
[ADMIN] 15:35:18.122714 シナリオ走行を終了しました [シナリオ名: ログイン]
[ADMIN] 15:35:18.122738 シナリオ走行を開始しました [シナリオ名: ログイン]
[ADMIN] 15:35:18.141053 シナリオ走行を終了しました [シナリオ名: ログイン]
[ADMIN] 15:35:18.141064 シナリオ走行を開始しました [シナリオ名: ログイン]
[ADMIN] 15:35:18.184676 シナリオ走行を終了しました [シナリオ名: ログイン]
[ADMIN] 15:35:18.184689 シナリオ走行を開始しました [シナリオ名: ログイン]
[ADMIN] 15:35:18.185961 シナリオ走行を終了しました [シナリオ名: ログイン]
[ADMIN] 15:35:18.185973 シナリオ走行を開始しました [シナリオ名: ログイン]
[ADMIN] 15:35:18.247093 シナリオ走行を終了しました [シナリオ名: ログイン]
[ADMIN] 15:35:18.247107 シナリオ走行を開始しました [シナリオ名: ログイン]
[ADMIN] 15:35:18.248899 シナリオ走行を終了しました [シナリオ名: ログイン]
[ADMIN] 15:35:18.248909 シナリオ走行を開始しました [シナリオ名: ログイン]
[ADMIN] 15:35:18.260889 シナリオ走行を終了しました [シナリオ名: ログイン]
[ADMIN] 15:35:18.260899 シナリオ走行を開始しました [シナリオ名: ログイン]
[ADMIN] 15:35:18.269621 シナリオ走行を終了しました [シナリオ名: 新規ユーザー登録]
[ADMIN] 15:35:18.269639 シナリオ走行を開始しました [シナリオ名: 新規ユーザー登録]
[ADMIN] 15:35:18.283378 シナリオ走行を終了しました [シナリオ名: ログイン]
[ADMIN] 15:35:18.283388 シナリオ走行を開始しました [シナリオ名: ログイン]
[ADMIN] 15:35:18.283784 シナリオ走行を終了しました [シナリオ名: ログイン]
[ADMIN] 15:35:18.283792 シナリオ走行を開始しました [シナリオ名: ログイン]
[ADMIN] 15:35:18.303367 シナリオ走行を終了しました [シナリオ名: ログイン]
[ADMIN] 15:35:18.303379 シナリオ走行を開始しました [シナリオ名: ログイン]
[ADMIN] 15:35:18.306378 シナリオ走行を終了しました [シナリオ名: ログイン]
[ADMIN] 15:35:18.306387 シナリオ走行を開始しました [シナリオ名: ログイン]
[ADMIN] 15:35:18.338983 シナリオ走行を終了しました [シナリオ名: ログイン]
[ADMIN] 15:35:18.338993 シナリオ走行を開始しました [シナリオ名: ログイン]
[ADMIN] 15:35:18.387229 シナリオ走行を終了しました [シナリオ名: ログイン]
[ADMIN] 15:35:18.387240 シナリオ走行を開始しました [シナリオ名: ログイン]
[ADMIN] 15:35:18.389358 シナリオ走行を終了しました [シナリオ名: 新規ユーザー登録]
[ADMIN] 15:35:18.389373 シナリオ走行を開始しました [シナリオ名: 新規ユーザー登録]
[ADMIN] 15:35:18.402137 シナリオ走行を終了しました [シナリオ名: 新規ユーザー登録]
[ADMIN] 15:35:18.402155 シナリオ走行を開始しました [シナリオ名: 新規ユーザー登録]
[ADMIN] 15:35:18.460085 シナリオ走行を終了しました [シナリオ名: ログイン]
[ADMIN] 15:35:18.460098 シナリオ走行を開始しました [シナリオ名: ログイン]
[ADMIN] 15:35:18.470211 シナリオ走行を終了しました [シナリオ名: ログイン]
[ADMIN] 15:35:18.470221 シナリオ走行を開始しました [シナリオ名: ログイン]
[ADMIN] 15:35:18.476691 シナリオ走行を終了しました [シナリオ名: ログイン]
[ADMIN] 15:35:18.476702 シナリオ走行を開始しました [シナリオ名: ログイン]
[ADMIN] 15:35:18.476972 シナリオ走行を終了しました [シナリオ名: ログイン]
[ADMIN] 15:35:18.476980 シナリオ走行を開始しました [シナリオ名: ログイン]
[ADMIN] 15:35:18.486435 シナリオ走行を終了しました [シナリオ名: ログイン]
[ADMIN] 15:35:18.486444 シナリオ走行を開始しました [シナリオ名: ログイン]
[ADMIN] 15:35:18.495572 シナリオ走行を終了しました [シナリオ名: 新規ユーザー登録]
[ADMIN] 15:35:18.495588 シナリオ走行を開始しました [シナリオ名: 新規ユーザー登録]
[ADMIN] 15:35:18.529161 シナリオ走行を終了しました [シナリオ名: Banユーザログイン]
[ADMIN] 15:35:18.529177 シナリオ走行を開始しました [シナリオ名: Banユーザログイン]
[ADMIN] 15:35:18.556086 シナリオ走行を終了しました [シナリオ名: 新規ユーザー登録]
[ADMIN] 15:35:18.556113 シナリオ走行を開始しました [シナリオ名: 新規ユーザー登録]
[ADMIN] 15:35:18.562034 シナリオ走行を終了しました [シナリオ名: ログイン]
[ADMIN] 15:35:18.562043 シナリオ走行を開始しました [シナリオ名: ログイン]
[ADMIN] 15:35:18.585724 シナリオ走行を終了しました [シナリオ名: ログイン]
[ADMIN] 15:35:18.585740 シナリオ走行を開始しました [シナリオ名: ログイン]
[ADMIN] 15:35:18.626607 シナリオ走行を終了しました [シナリオ名: Banユーザログイン]
[ADMIN] 15:35:18.626640 シナリオ走行を開始しました [シナリオ名: Banユーザログイン]
[ADMIN] 15:35:18.645512 シナリオ走行を終了しました [シナリオ名: ログイン]
[ADMIN] 15:35:18.645528 シナリオ走行を開始しました [シナリオ名: ログイン]
[ADMIN] 15:35:18.658124 シナリオ走行を終了しました [シナリオ名: ログイン]
[ADMIN] 15:35:18.658138 シナリオ走行を開始しました [シナリオ名: ログイン]
[ADMIN] 15:35:18.673798 シナリオ走行を終了しました [シナリオ名: ログイン]
[ADMIN] 15:35:18.673812 シナリオ走行を開始しました [シナリオ名: ログイン]
[ADMIN] 15:35:18.682102 シナリオ走行を終了しました [シナリオ名: ログイン]
[ADMIN] 15:35:18.682116 シナリオ走行を開始しました [シナリオ名: ログイン]
[ADMIN] 15:35:18.703964 シナリオ走行を終了しました [シナリオ名: ログイン]
[ADMIN] 15:35:18.703975 シナリオ走行を開始しました [シナリオ名: ログイン]
[ADMIN] 15:35:18.738368 シナリオ走行を終了しました [シナリオ名: ログイン]
[ADMIN] 15:35:18.738384 シナリオ走行を開始しました [シナリオ名: ログイン]
[ADMIN] 15:35:18.812336 シナリオ走行を終了しました [シナリオ名: ログイン]
[ADMIN] 15:35:18.812349 シナリオ走行を開始しました [シナリオ名: ログイン]
[ADMIN] 15:35:18.814162 シナリオ走行を終了しました [シナリオ名: 新規ユーザー登録]
[ADMIN] 15:35:18.814179 シナリオ走行を開始しました [シナリオ名: 新規ユーザー登録]
[ADMIN] 15:35:18.830728 シナリオ走行を終了しました [シナリオ名: ログイン]
[ADMIN] 15:35:18.830741 シナリオ走行を開始しました [シナリオ名: ログイン]
[ADMIN] 15:35:18.867997 シナリオ走行を終了しました [シナリオ名: ログイン]
[ADMIN] 15:35:18.868012 シナリオ走行を開始しました [シナリオ名: ログイン]
[ADMIN] 15:35:18.874873 シナリオ走行を終了しました [シナリオ名: ログイン]
[ADMIN] 15:35:18.874882 シナリオ走行を開始しました [シナリオ名: ログイン]
[ADMIN] 15:35:18.885700 シナリオ走行を終了しました [シナリオ名: 新規ユーザー登録]
[ADMIN] 15:35:18.885720 シナリオ走行を開始しました [シナリオ名: 新規ユーザー登録]
[ADMIN] 15:35:18.955605 シナリオ走行を終了しました [シナリオ名: ログイン]
[ADMIN] 15:35:18.955621 シナリオ走行を開始しました [シナリオ名: ログイン]
[ADMIN] 15:35:18.956932 シナリオ走行を終了しました [シナリオ名: ログイン]
[ADMIN] 15:35:18.956942 シナリオ走行を開始しました [シナリオ名: ログイン]
[ADMIN] 15:35:18.959924 シナリオ走行を終了しました [シナリオ名: 新規ユーザー登録]
[ADMIN] 15:35:18.959947 シナリオ走行を開始しました [シナリオ名: 新規ユーザー登録]
[ADMIN] 15:35:18.964205 シナリオ走行を終了しました [シナリオ名: ログイン]
[ADMIN] 15:35:18.964215 シナリオ走行を開始しました [シナリオ名: ログイン]
[ADMIN] 15:35:18.986794 シナリオ走行を終了しました [シナリオ名: ログイン]
[ADMIN] 15:35:18.986802 シナリオ走行を開始しました [シナリオ名: ログイン]
[ADMIN] 15:35:18.998282 シナリオ走行を終了しました [シナリオ名: 新規ユーザー登録]
[ADMIN] 15:35:18.998302 シナリオ走行を開始しました [シナリオ名: 新規ユーザー登録]
[ADMIN] 15:35:19.005982 シナリオ走行を終了しました [シナリオ名: 新規ユーザー登録]
[ADMIN] 15:35:19.006002 シナリオ走行を開始しました [シナリオ名: 新規ユーザー登録]
[ADMIN] 15:35:19.010807 シナリオ走行を終了しました [シナリオ名: ログイン]
[ADMIN] 15:35:19.010816 シナリオ走行を開始しました [シナリオ名: ログイン]
[ADMIN] 15:35:19.032092 シナリオ走行を終了しました [シナリオ名: Banユーザログイン]
[ADMIN] 15:35:19.032109 シナリオ走行を開始しました [シナリオ名: Banユーザログイン]
[ADMIN] 15:35:19.033772 シナリオ走行を終了しました [シナリオ名: ログイン]
[ADMIN] 15:35:19.033784 シナリオ走行を開始しました [シナリオ名: ログイン]
[ADMIN] 15:35:19.067960 シナリオ走行を終了しました [シナリオ名: ログイン]
[ADMIN] 15:35:19.067971 シナリオ走行を開始しました [シナリオ名: ログイン]
[ADMIN] 15:35:19.074793 シナリオ走行を終了しました [シナリオ名: ログイン]
[ADMIN] 15:35:19.074805 シナリオ走行を開始しました [シナリオ名: ログイン]
[ADMIN] 15:35:19.104507 シナリオ走行を終了しました [シナリオ名: ログイン]
[ADMIN] 15:35:19.104516 シナリオ走行を開始しました [シナリオ名: ログイン]
[ADMIN] 15:35:19.112746 シナリオ走行を終了しました [シナリオ名: ログイン]
[ADMIN] 15:35:19.112754 シナリオ走行を開始しました [シナリオ名: ログイン]
[ADMIN] 15:35:19.127843 シナリオ走行を終了しました [シナリオ名: ログイン]
[ADMIN] 15:35:19.127852 シナリオ走行を開始しました [シナリオ名: ログイン]
[ADMIN] 15:35:19.129872 シナリオ走行を終了しました [シナリオ名: Banユーザログイン]
[ADMIN] 15:35:19.129884 シナリオ走行を開始しました [シナリオ名: Banユーザログイン]
[ADMIN] 15:35:19.241233 シナリオ走行を終了しました [シナリオ名: ログイン]
[ADMIN] 15:35:19.241247 シナリオ走行を開始しました [シナリオ名: ログイン]
[ADMIN] 15:35:19.270210 シナリオ走行を終了しました [シナリオ名: ログイン]
[ADMIN] 15:35:19.270222 シナリオ走行を開始しました [シナリオ名: ログイン]
[ADMIN] 15:35:19.283929 シナリオ走行を終了しました [シナリオ名: ログイン]
[ADMIN] 15:35:19.283948 シナリオ走行を開始しました [シナリオ名: ログイン]
[ADMIN] 15:35:19.317611 シナリオ走行を終了しました [シナリオ名: ログイン]
[ADMIN] 15:35:19.317623 シナリオ走行を開始しました [シナリオ名: ログイン]
[ADMIN] 15:35:19.341801 シナリオ走行を終了しました [シナリオ名: ログイン]
[ADMIN] 15:35:19.341816 シナリオ走行を開始しました [シナリオ名: ログイン]
[ADMIN] 15:35:19.355109 シナリオ走行を終了しました [シナリオ名: ログイン]
[ADMIN] 15:35:19.355121 シナリオ走行を開始しました [シナリオ名: ログイン]
[ADMIN] 15:35:19.355384 シナリオ走行を終了しました [シナリオ名: 新規ユーザー登録]
[ADMIN] 15:35:19.355422 シナリオ走行を開始しました [シナリオ名: 新規ユーザー登録]
[ADMIN] 15:35:19.388188 シナリオ走行を終了しました [シナリオ名: 新規ユーザー登録]
[ADMIN] 15:35:19.388228 シナリオ走行を開始しました [シナリオ名: 新規ユーザー登録]
[ADMIN] 15:35:19.388393 シナリオ走行を終了しました [シナリオ名: ログイン]
[ADMIN] 15:35:19.388407 シナリオ走行を開始しました [シナリオ名: ログイン]
[ADMIN] 15:35:19.388608 シナリオ走行を終了しました [シナリオ名: 新規ユーザー登録]
[ADMIN] 15:35:19.388634 シナリオ走行を開始しました [シナリオ名: 新規ユーザー登録]
[ADMIN] 15:35:19.388913 シナリオ走行を終了しました [シナリオ名: ログイン]
[ADMIN] 15:35:19.388945 シナリオ走行を開始しました [シナリオ名: ログイン]
[ADMIN] 15:35:19.406379 シナリオ走行を終了しました [シナリオ名: ログイン]
[ADMIN] 15:35:19.406396 シナリオ走行を開始しました [シナリオ名: ログイン]
[ADMIN] 15:35:19.434976 シナリオ走行を終了しました [シナリオ名: ログイン]
[ADMIN] 15:35:19.434991 シナリオ走行を開始しました [シナリオ名: ログイン]
[ADMIN] 15:35:19.475775 シナリオ走行を終了しました [シナリオ名: ログイン]
[ADMIN] 15:35:19.475788 シナリオ走行を開始しました [シナリオ名: ログイン]
[ADMIN] 15:35:19.536372 シナリオ走行を終了しました [シナリオ名: Banユーザログイン]
[ADMIN] 15:35:19.536391 シナリオ走行を開始しました [シナリオ名: Banユーザログイン]
[ADMIN] 15:35:19.542899 シナリオ走行を終了しました [シナリオ名: 新規ユーザー登録]
[ADMIN] 15:35:19.542925 シナリオ走行を開始しました [シナリオ名: 新規ユーザー登録]
[ADMIN] 15:35:19.570569 シナリオ走行を終了しました [シナリオ名: ログイン]
[ADMIN] 15:35:19.570582 シナリオ走行を開始しました [シナリオ名: ログイン]
[ADMIN] 15:35:19.582452 シナリオ走行を終了しました [シナリオ名: ログイン]
[ADMIN] 15:35:19.582465 シナリオ走行を開始しました [シナリオ名: ログイン]
[ADMIN] 15:35:19.592310 シナリオ走行を終了しました [シナリオ名: ログイン]
[ADMIN] 15:35:19.592322 シナリオ走行を開始しました [シナリオ名: ログイン]
[ADMIN] 15:35:19.597784 シナリオ走行を終了しました [シナリオ名: 新規ユーザー登録]
[ADMIN] 15:35:19.597807 シナリオ走行を開始しました [シナリオ名: 新規ユーザー登録]
[ADMIN] 15:35:19.613009 シナリオ走行を終了しました [シナリオ名: ログイン]
[ADMIN] 15:35:19.613021 シナリオ走行を開始しました [シナリオ名: ログイン]
[ADMIN] 15:35:19.621769 シナリオ走行を終了しました [シナリオ名: ログイン]
[ADMIN] 15:35:19.621779 シナリオ走行を開始しました [シナリオ名: ログイン]
[ADMIN] 15:35:19.634569 シナリオ走行を終了しました [シナリオ名: Banユーザログイン]
[ADMIN] 15:35:19.634587 シナリオ走行を開始しました [シナリオ名: Banユーザログイン]
[ADMIN] 15:35:19.663704 シナリオ走行を終了しました [シナリオ名: ログイン]
[ADMIN] 15:35:19.663721 シナリオ走行を開始しました [シナリオ名: ログイン]
[ADMIN] 15:35:19.745846 シナリオ走行を終了しました [シナリオ名: ログイン]
[ADMIN] 15:35:19.745864 シナリオ走行を開始しました [シナリオ名: ログイン]
[ADMIN] 15:35:19.775095 シナリオ走行を終了しました [シナリオ名: ログイン]
[ADMIN] 15:35:19.775110 シナリオ走行を開始しました [シナリオ名: ログイン]
[ADMIN] 15:35:19.805242 シナリオ走行を終了しました [シナリオ名: ログイン]
[ADMIN] 15:35:19.805255 シナリオ走行を開始しました [シナリオ名: ログイン]
[ADMIN] 15:35:19.806007 シナリオ走行を終了しました [シナリオ名: ログイン]
[ADMIN] 15:35:19.806020 シナリオ走行を開始しました [シナリオ名: ログイン]
[ADMIN] 15:35:19.824482 シナリオ走行を終了しました [シナリオ名: ログイン]
[ADMIN] 15:35:19.824494 シナリオ走行を開始しました [シナリオ名: ログイン]
[ADMIN] 15:35:19.828511 シナリオ走行を終了しました [シナリオ名: 新規ユーザー登録]
[ADMIN] 15:35:19.828525 シナリオ走行を開始しました [シナリオ名: 新規ユーザー登録]
[ADMIN] 15:35:19.840880 シナリオ走行を終了しました [シナリオ名: ログイン]
[ADMIN] 15:35:19.840891 シナリオ走行を開始しました [シナリオ名: ログイン]
[ADMIN] 15:35:19.848171 シナリオ走行を終了しました [シナリオ名: ログイン]
[ADMIN] 15:35:19.848180 シナリオ走行を開始しました [シナリオ名: ログイン]
15:35:19.872097 現在のログイン成功数: [total: 828 (+597人)]
15:35:19.872103 現在のユーザー登録成功数: [total: 413 (+251人)]
[ADMIN] 15:35:19.872089 シナリオ走行を開始しました [シナリオ名: マスター更新]
[ADMIN] 15:35:19.881258 シナリオ走行を終了しました [シナリオ名: ログイン]
[ADMIN] 15:35:19.881270 シナリオ走行を開始しました [シナリオ名: ログイン]
[ADMIN] 15:35:19.882388 シナリオ走行を終了しました [シナリオ名: ログイン]
[ADMIN] 15:35:19.882416 シナリオ走行を開始しました [シナリオ名: ログイン]
[ADMIN] 15:35:19.882472 シナリオ走行を開始しました [シナリオ名: ログイン]
[ADMIN] 15:35:19.882481 シナリオ走行を開始しました [シナリオ名: ログイン]
[ADMIN] 15:35:19.882530 シナリオ走行を開始しました [シナリオ名: ログイン]
[ADMIN] 15:35:19.882561 シナリオ走行を開始しました [シナリオ名: ログイン]
[ADMIN] 15:35:19.882579 シナリオ走行を開始しました [シナリオ名: ログイン]
[ADMIN] 15:35:19.882650 シナリオ走行を開始しました [シナリオ名: ログイン]
[ADMIN] 15:35:19.882678 シナリオ走行を開始しました [シナリオ名: ログイン]
[ADMIN] 15:35:19.882684 シナリオ走行を開始しました [シナリオ名: ログイン]
[ADMIN] 15:35:19.882537 シナリオ走行を開始しました [シナリオ名: ログイン]
[ADMIN] 15:35:19.882539 シナリオ走行を開始しました [シナリオ名: ログイン]
[ADMIN] 15:35:19.882540 シナリオ走行を開始しました [シナリオ名: ログイン]
[ADMIN] 15:35:19.882553 シナリオ走行を開始しました [シナリオ名: ログイン]
[ADMIN] 15:35:19.882554 シナリオ走行を開始しました [シナリオ名: ログイン]
[ADMIN] 15:35:19.882557 シナリオ走行を開始しました [シナリオ名: ログイン]
[ADMIN] 15:35:19.882558 シナリオ走行を開始しました [シナリオ名: ログイン]
[ADMIN] 15:35:19.925035 シナリオ走行を終了しました [シナリオ名: 新規ユーザー登録]
[ADMIN] 15:35:19.925061 シナリオ走行を開始しました [シナリオ名: 新規ユーザー登録]
[ADMIN] 15:35:20.000305 シナリオ走行を終了しました [シナリオ名: ログイン]
[ADMIN] 15:35:20.003078 シナリオ走行を終了しました [シナリオ名: ログイン]
[ADMIN] 15:35:20.019597 シナリオ走行を終了しました [シナリオ名: ログイン]
[ADMIN] 15:35:20.019609 シナリオ走行を開始しました [シナリオ名: ログイン]
[ADMIN] 15:35:20.019649 シナリオ走行を開始しました [シナリオ名: ログイン]
[ADMIN] 15:35:20.019670 シナリオ走行を開始しました [シナリオ名: ログイン]
[ADMIN] 15:35:20.021476 シナリオ走行を終了しました [シナリオ名: ログイン]
[ADMIN] 15:35:20.021483 シナリオ走行を開始しました [シナリオ名: ログイン]
[ADMIN] 15:35:20.022608 シナリオ走行を終了しました [シナリオ名: ログイン]
15:35:20.025136 マスターデータの更新が完了しました。次のマスターバージョンは「2」です。
[ADMIN] 15:35:20.023984 シナリオ走行を終了しました [シナリオ名: ログイン]
[ADMIN] 15:35:20.023995 シナリオ走行を開始しました [シナリオ名: ログイン]
[ADMIN] 15:35:20.024033 シナリオ走行を開始しました [シナリオ名: ログイン]
[ADMIN] 15:35:20.024432 シナリオ走行を終了しました [シナリオ名: ログイン]
[ADMIN] 15:35:20.024446 シナリオ走行を開始しました [シナリオ名: ログイン]
[ADMIN] 15:35:20.026653 シナリオ走行を終了しました [シナリオ名: ログイン]
[ADMIN] 15:35:20.026663 シナリオ走行を開始しました [シナリオ名: ログイン]
[ADMIN] 15:35:20.027280 シナリオ走行を終了しました [シナリオ名: マスター更新]
[ADMIN] 15:35:20.030362 シナリオ走行を終了しました [シナリオ名: ログイン]
[ADMIN] 15:35:20.030369 シナリオ走行を開始しました [シナリオ名: ログイン]
[ADMIN] 15:35:20.030920 シナリオ走行を終了しました [シナリオ名: ログイン]
[ADMIN] 15:35:20.030930 シナリオ走行を開始しました [シナリオ名: ログイン]
[ADMIN] 15:35:20.032125 シナリオ走行を終了しました [シナリオ名: ログイン]
[ADMIN] 15:35:20.032133 シナリオ走行を開始しました [シナリオ名: ログイン]
[ADMIN] 15:35:20.033324 シナリオ走行を終了しました [シナリオ名: 新規ユーザー登録]
[ADMIN] 15:35:20.033356 シナリオ走行を開始しました [シナリオ名: 新規ユーザー登録]
[ADMIN] 15:35:20.033364 シナリオ走行を開始しました [シナリオ名: 新規ユーザー登録]
[ADMIN] 15:35:20.033374 シナリオ走行を開始しました [シナリオ名: 新規ユーザー登録]
[ADMIN] 15:35:20.033415 シナリオ走行を開始しました [シナリオ名: 新規ユーザー登録]
[ADMIN] 15:35:20.033466 シナリオ走行を開始しました [シナリオ名: 新規ユーザー登録]
[ADMIN] 15:35:20.033479 シナリオ走行を開始しました [シナリオ名: 新規ユーザー登録]
[ADMIN] 15:35:20.033486 シナリオ走行を開始しました [シナリオ名: 新規ユーザー登録]
[ADMIN] 15:35:20.033481 シナリオ走行を開始しました [シナリオ名: 新規ユーザー登録]
[ADMIN] 15:35:20.033598 シナリオ走行を開始しました [シナリオ名: 新規ユーザー登録]
[ADMIN] 15:35:20.040013 シナリオ走行を終了しました [シナリオ名: Banユーザログイン]
[ADMIN] 15:35:20.040027 シナリオ走行を開始しました [シナリオ名: Banユーザログイン]
[ADMIN] 15:35:20.045876 シナリオ走行を終了しました [シナリオ名: ログイン]
[ADMIN] 15:35:20.045886 シナリオ走行を開始しました [シナリオ名: ログイン]
[ADMIN] 15:35:20.103327 シナリオ走行を終了しました [シナリオ名: ログイン]
[ADMIN] 15:35:20.145709 シナリオ走行を終了しました [シナリオ名: Banユーザログイン]
[ADMIN] 15:35:20.145734 シナリオ走行を開始しました [シナリオ名: Banユーザログイン]
[ADMIN] 15:35:20.145784 シナリオ走行を開始しました [シナリオ名: Banユーザログイン]
[ADMIN] 15:35:20.145789 シナリオ走行を開始しました [シナリオ名: Banユーザログイン]
[ADMIN] 15:35:20.501757 シナリオ走行を終了しました [シナリオ名: ログイン]
[ADMIN] 15:35:20.501770 シナリオ走行を開始しました [シナリオ名: ログイン]
[ADMIN] 15:35:20.501830 シナリオ走行を開始しました [シナリオ名: ログイン]
[ADMIN] 15:35:20.508012 シナリオ走行を終了しました [シナリオ名: ログイン]
[ADMIN] 15:35:20.513577 シナリオ走行を終了しました [シナリオ名: ログイン]
[ADMIN] 15:35:20.543014 シナリオ走行を終了しました [シナリオ名: Banユーザログイン]
[ADMIN] 15:35:20.631184 シナリオ走行を終了しました [シナリオ名: ログイン]
[ADMIN] 15:35:20.648540 シナリオ走行を終了しました [シナリオ名: Banユーザログイン]
[ADMIN] 15:35:20.648552 シナリオ走行を終了しました [シナリオ名: Banユーザログイン]
[ADMIN] 15:35:20.648556 シナリオ走行を開始しました [シナリオ名: Banユーザログイン]
[ADMIN] 15:35:20.648563 シナリオ走行を開始しました [シナリオ名: Banユーザログイン]
[ADMIN] 15:35:20.648554 シナリオ走行を開始しました [シナリオ名: Banユーザログイン]
[ADMIN] 15:35:20.650041 シナリオ走行を終了しました [シナリオ名: Banユーザログイン]
[ADMIN] 15:35:20.650054 シナリオ走行を開始しました [シナリオ名: Banユーザログイン]
[ADMIN] 15:35:20.668964 シナリオ走行を終了しました [シナリオ名: ログイン]
[ADMIN] 15:35:20.668980 シナリオ走行を開始しました [シナリオ名: ログイン]
[ADMIN] 15:35:20.668979 シナリオ走行を開始しました [シナリオ名: ログイン]
[ADMIN] 15:35:20.669044 シナリオ走行を開始しました [シナリオ名: ログイン]
[ADMIN] 15:35:20.669081 シナリオ走行を開始しました [シナリオ名: ログイン]
[ADMIN] 15:35:20.687943 シナリオ走行を終了しました [シナリオ名: ログイン]
[ADMIN] 15:35:20.687954 シナリオ走行を開始しました [シナリオ名: ログイン]
[ADMIN] 15:35:20.761681 シナリオ走行を終了しました [シナリオ名: ログイン]
[ADMIN] 15:35:20.761694 シナリオ走行を開始しました [シナリオ名: ログイン]
[ADMIN] 15:35:20.820867 シナリオ走行を終了しました [シナリオ名: ログイン]
[ADMIN] 15:35:20.820888 シナリオ走行を開始しました [シナリオ名: ログイン]
[ADMIN] 15:35:20.853681 シナリオ走行を終了しました [シナリオ名: ログイン]
[ADMIN] 15:35:20.881065 シナリオ走行を終了しました [シナリオ名: ログイン]
[ADMIN] 15:35:20.907543 シナリオ走行を終了しました [シナリオ名: ログイン]
[ADMIN] 15:35:20.907561 シナリオ走行を開始しました [シナリオ名: ログイン]
[ADMIN] 15:35:20.907624 シナリオ走行を開始しました [シナリオ名: ログイン]
[ADMIN] 15:35:20.907630 シナリオ走行を開始しました [シナリオ名: ログイン]
[ADMIN] 15:35:20.950281 シナリオ走行を終了しました [シナリオ名: 新規ユーザー登録]
[ADMIN] 15:35:20.950304 シナリオ走行を開始しました [シナリオ名: 新規ユーザー登録]
[ADMIN] 15:35:20.971311 シナリオ走行を終了しました [シナリオ名: ログイン]
[ADMIN] 15:35:20.971322 シナリオ走行を開始しました [シナリオ名: ログイン]
[ADMIN] 15:35:20.984754 シナリオ走行を終了しました [シナリオ名: ログイン]
[ADMIN] 15:35:20.984764 シナリオ走行を開始しました [シナリオ名: ログイン]
[ADMIN] 15:35:20.995737 シナリオ走行を終了しました [シナリオ名: ログイン]
[ADMIN] 15:35:21.000163 シナリオ走行を終了しました [シナリオ名: ログイン]
[ADMIN] 15:35:21.004028 シナリオ走行を終了しました [シナリオ名: ログイン]
[ADMIN] 15:35:21.004044 シナリオ走行を開始しました [シナリオ名: ログイン]
[ADMIN] 15:35:21.004045 シナリオ走行を開始しました [シナリオ名: ログイン]
[ADMIN] 15:35:21.004052 シナリオ走行を開始しました [シナリオ名: ログイン]
[ADMIN] 15:35:21.015906 シナリオ走行を終了しました [シナリオ名: ログイン]
[ADMIN] 15:35:21.015920 シナリオ走行を開始しました [シナリオ名: ログイン]
[ADMIN] 15:35:21.038764 シナリオ走行を終了しました [シナリオ名: ログイン]
[ADMIN] 15:35:21.038777 シナリオ走行を開始しました [シナリオ名: ログイン]
[ADMIN] 15:35:21.104225 シナリオ走行を終了しました [シナリオ名: 新規ユーザー登録]
[ADMIN] 15:35:21.104254 シナリオ走行を開始しました [シナリオ名: 新規ユーザー登録]
[ADMIN] 15:35:21.107574 シナリオ走行を終了しました [シナリオ名: ログイン]
[ADMIN] 15:35:21.107584 シナリオ走行を開始しました [シナリオ名: ログイン]
[ADMIN] 15:35:21.111242 シナリオ走行を終了しました [シナリオ名: ログイン]
[ADMIN] 15:35:21.111253 シナリオ走行を開始しました [シナリオ名: ログイン]
[ADMIN] 15:35:21.155929 シナリオ走行を終了しました [シナリオ名: Banユーザログイン]
[ADMIN] 15:35:21.155942 シナリオ走行を終了しました [シナリオ名: Banユーザログイン]
[ADMIN] 15:35:21.155949 シナリオ走行を開始しました [シナリオ名: Banユーザログイン]
[ADMIN] 15:35:21.155951 シナリオ走行を開始しました [シナリオ名: Banユーザログイン]
[ADMIN] 15:35:21.156869 シナリオ走行を終了しました [シナリオ名: Banユーザログイン]
[ADMIN] 15:35:21.156883 シナリオ走行を開始しました [シナリオ名: Banユーザログイン]
[ADMIN] 15:35:21.158289 シナリオ走行を終了しました [シナリオ名: Banユーザログイン]
[ADMIN] 15:35:21.158301 シナリオ走行を開始しました [シナリオ名: Banユーザログイン]
[ADMIN] 15:35:21.167923 シナリオ走行を終了しました [シナリオ名: ログイン]
[ADMIN] 15:35:21.178157 シナリオ走行を終了しました [シナリオ名: 新規ユーザー登録]
[ADMIN] 15:35:21.178174 シナリオ走行を開始しました [シナリオ名: 新規ユーザー登録]
[ADMIN] 15:35:21.179314 シナリオ走行を終了しました [シナリオ名: ログイン]
[ADMIN] 15:35:21.179323 シナリオ走行を開始しました [シナリオ名: ログイン]
[ADMIN] 15:35:21.179384 シナリオ走行を開始しました [シナリオ名: ログイン]
[ADMIN] 15:35:21.188040 シナリオ走行を終了しました [シナリオ名: ログイン]
[ADMIN] 15:35:21.188049 シナリオ走行を開始しました [シナリオ名: ログイン]
[ADMIN] 15:35:21.210124 シナリオ走行を終了しました [シナリオ名: ログイン]
[ADMIN] 15:35:21.210135 シナリオ走行を開始しました [シナリオ名: ログイン]
[ADMIN] 15:35:21.224669 シナリオ走行を終了しました [シナリオ名: ログイン]
[ADMIN] 15:35:21.224678 シナリオ走行を開始しました [シナリオ名: ログイン]
[ADMIN] 15:35:21.232279 シナリオ走行を終了しました [シナリオ名: ログイン]
[ADMIN] 15:35:21.232290 シナリオ走行を開始しました [シナリオ名: ログイン]
[ADMIN] 15:35:21.237608 シナリオ走行を終了しました [シナリオ名: 新規ユーザー登録]
[ADMIN] 15:35:21.237628 シナリオ走行を開始しました [シナリオ名: 新規ユーザー登録]
[ADMIN] 15:35:21.257951 シナリオ走行を終了しました [シナリオ名: 新規ユーザー登録]
[ADMIN] 15:35:21.257977 シナリオ走行を開始しました [シナリオ名: 新規ユーザー登録]
[ADMIN] 15:35:21.288034 シナリオ走行を終了しました [シナリオ名: ログイン]
[ADMIN] 15:35:21.288048 シナリオ走行を開始しました [シナリオ名: ログイン]
[ADMIN] 15:35:21.354520 シナリオ走行を終了しました [シナリオ名: ログイン]
[ADMIN] 15:35:21.354534 シナリオ走行を開始しました [シナリオ名: ログイン]
[ADMIN] 15:35:21.361195 シナリオ走行を終了しました [シナリオ名: ログイン]
[ADMIN] 15:35:21.361205 シナリオ走行を開始しました [シナリオ名: ログイン]
[ADMIN] 15:35:21.379771 シナリオ走行を終了しました [シナリオ名: 新規ユーザー登録]
[ADMIN] 15:35:21.379793 シナリオ走行を開始しました [シナリオ名: 新規ユーザー登録]
[ADMIN] 15:35:21.388841 シナリオ走行を終了しました [シナリオ名: ログイン]
[ADMIN] 15:35:21.388851 シナリオ走行を開始しました [シナリオ名: ログイン]
[ADMIN] 15:35:21.409612 シナリオ走行を終了しました [シナリオ名: 新規ユーザー登録]
[ADMIN] 15:35:21.416374 シナリオ走行を終了しました [シナリオ名: 新規ユーザー登録]
[ADMIN] 15:35:21.416395 シナリオ走行を開始しました [シナリオ名: 新規ユーザー登録]
[ADMIN] 15:35:21.416451 シナリオ走行を開始しました [シナリオ名: 新規ユーザー登録]
[ADMIN] 15:35:21.424415 シナリオ走行を終了しました [シナリオ名: ログイン]
[ADMIN] 15:35:21.424426 シナリオ走行を開始しました [シナリオ名: ログイン]
[ADMIN] 15:35:21.435261 シナリオ走行を終了しました [シナリオ名: 新規ユーザー登録]
[ADMIN] 15:35:21.435281 シナリオ走行を開始しました [シナリオ名: 新規ユーザー登録]
[ADMIN] 15:35:21.441634 シナリオ走行を終了しました [シナリオ名: ログイン]
[ADMIN] 15:35:21.441647 シナリオ走行を開始しました [シナリオ名: ログイン]
[ADMIN] 15:35:21.446146 シナリオ走行を終了しました [シナリオ名: ログイン]
[ADMIN] 15:35:21.446156 シナリオ走行を開始しました [シナリオ名: ログイン]
[ADMIN] 15:35:21.501084 シナリオ走行を終了しました [シナリオ名: 新規ユーザー登録]
[ADMIN] 15:35:21.527486 シナリオ走行を終了しました [シナリオ名: 新規ユーザー登録]
[ADMIN] 15:35:21.527511 シナリオ走行を開始しました [シナリオ名: 新規ユーザー登録]
[ADMIN] 15:35:21.527584 シナリオ走行を開始しました [シナリオ名: 新規ユーザー登録]
[ADMIN] 15:35:21.576212 シナリオ走行を終了しました [シナリオ名: ログイン]
[ADMIN] 15:35:21.576229 シナリオ走行を開始しました [シナリオ名: ログイン]
[ADMIN] 15:35:21.602809 シナリオ走行を終了しました [シナリオ名: ログイン]
[ADMIN] 15:35:21.602821 シナリオ走行を開始しました [シナリオ名: ログイン]
[ADMIN] 15:35:21.608131 シナリオ走行を終了しました [シナリオ名: ログイン]
[ADMIN] 15:35:21.608141 シナリオ走行を開始しました [シナリオ名: ログイン]
[ADMIN] 15:35:21.617687 シナリオ走行を終了しました [シナリオ名: ログイン]
[ADMIN] 15:35:21.617700 シナリオ走行を開始しました [シナリオ名: ログイン]
[ADMIN] 15:35:21.662467 シナリオ走行を終了しました [シナリオ名: Banユーザログイン]
[ADMIN] 15:35:21.662486 シナリオ走行を開始しました [シナリオ名: Banユーザログイン]
[ADMIN] 15:35:21.662836 シナリオ走行を終了しました [シナリオ名: Banユーザログイン]
[ADMIN] 15:35:21.662847 シナリオ走行を開始しました [シナリオ名: Banユーザログイン]
[ADMIN] 15:35:21.662968 シナリオ走行を終了しました [シナリオ名: Banユーザログイン]
[ADMIN] 15:35:21.662980 シナリオ走行を開始しました [シナリオ名: Banユーザログイン]
[ADMIN] 15:35:21.664353 シナリオ走行を終了しました [シナリオ名: Banユーザログイン]
[ADMIN] 15:35:21.664368 シナリオ走行を開始しました [シナリオ名: Banユーザログイン]
[ADMIN] 15:35:21.674035 シナリオ走行を終了しました [シナリオ名: 新規ユーザー登録]
[ADMIN] 15:35:21.682442 シナリオ走行を終了しました [シナリオ名: ログイン]
[ADMIN] 15:35:21.682453 シナリオ走行を開始しました [シナリオ名: ログイン]
[ADMIN] 15:35:21.689977 シナリオ走行を終了しました [シナリオ名: ログイン]
[ADMIN] 15:35:21.689987 シナリオ走行を開始しました [シナリオ名: ログイン]
[ADMIN] 15:35:21.693860 シナリオ走行を終了しました [シナリオ名: ログイン]
[ADMIN] 15:35:21.693871 シナリオ走行を開始しました [シナリオ名: ログイン]
[ADMIN] 15:35:21.708085 シナリオ走行を終了しました [シナリオ名: ログイン]
[ADMIN] 15:35:21.708097 シナリオ走行を開始しました [シナリオ名: ログイン]
[ADMIN] 15:35:21.721373 シナリオ走行を終了しました [シナリオ名: ログイン]
[ADMIN] 15:35:21.721381 シナリオ走行を開始しました [シナリオ名: ログイン]
[ADMIN] 15:35:21.752870 シナリオ走行を終了しました [シナリオ名: 新規ユーザー登録]
[ADMIN] 15:35:21.835564 シナリオ走行を終了しました [シナリオ名: ログイン]
[ADMIN] 15:35:21.835579 シナリオ走行を開始しました [シナリオ名: ログイン]
[ADMIN] 15:35:21.840353 シナリオ走行を終了しました [シナリオ名: ログイン]
[ADMIN] 15:35:21.840365 シナリオ走行を開始しました [シナリオ名: ログイン]
[ADMIN] 15:35:21.861471 シナリオ走行を終了しました [シナリオ名: ログイン]
[ADMIN] 15:35:21.861488 シナリオ走行を開始しました [シナリオ名: ログイン]
[ADMIN] 15:35:21.865912 シナリオ走行を終了しました [シナリオ名: ログイン]
[ADMIN] 15:35:21.865923 シナリオ走行を開始しました [シナリオ名: ログイン]
[ADMIN] 15:35:21.876831 シナリオ走行を終了しました [シナリオ名: ログイン]
[ADMIN] 15:35:21.876843 シナリオ走行を開始しました [シナリオ名: ログイン]
[ADMIN] 15:35:21.895226 シナリオ走行を終了しました [シナリオ名: ログイン]
[ADMIN] 15:35:21.895237 シナリオ走行を開始しました [シナリオ名: ログイン]
[ADMIN] 15:35:22.033360 シナリオ走行を終了しました [シナリオ名: ログイン]
[ADMIN] 15:35:22.033373 シナリオ走行を開始しました [シナリオ名: ログイン]
[ADMIN] 15:35:22.043031 シナリオ走行を終了しました [シナリオ名: ログイン]
[ADMIN] 15:35:22.043041 シナリオ走行を開始しました [シナリオ名: ログイン]
[ADMIN] 15:35:22.068893 シナリオ走行を終了しました [シナリオ名: ログイン]
[ADMIN] 15:35:22.068904 シナリオ走行を開始しました [シナリオ名: ログイン]
[ADMIN] 15:35:22.076992 シナリオ走行を終了しました [シナリオ名: ログイン]
[ADMIN] 15:35:22.077001 シナリオ走行を開始しました [シナリオ名: ログイン]
[ADMIN] 15:35:22.095266 シナリオ走行を終了しました [シナリオ名: ログイン]
[ADMIN] 15:35:22.095276 シナリオ走行を開始しました [シナリオ名: ログイン]
[ADMIN] 15:35:22.159281 シナリオ走行を終了しました [シナリオ名: ログイン]
[ADMIN] 15:35:22.159291 シナリオ走行を開始しました [シナリオ名: ログイン]
[ADMIN] 15:35:22.165151 シナリオ走行を終了しました [シナリオ名: Banユーザログイン]
[ADMIN] 15:35:22.165164 シナリオ走行を開始しました [シナリオ名: Banユーザログイン]
[ADMIN] 15:35:22.166928 シナリオ走行を終了しました [シナリオ名: Banユーザログイン]
[ADMIN] 15:35:22.166937 シナリオ走行を開始しました [シナリオ名: Banユーザログイン]
[ADMIN] 15:35:22.168238 シナリオ走行を終了しました [シナリオ名: Banユーザログイン]
[ADMIN] 15:35:22.168247 シナリオ走行を開始しました [シナリオ名: Banユーザログイン]
[ADMIN] 15:35:22.168250 シナリオ走行を終了しました [シナリオ名: Banユーザログイン]
[ADMIN] 15:35:22.168256 シナリオ走行を開始しました [シナリオ名: Banユーザログイン]
[ADMIN] 15:35:22.186797 シナリオ走行を終了しました [シナリオ名: ログイン]
[ADMIN] 15:35:22.186809 シナリオ走行を開始しました [シナリオ名: ログイン]
[ADMIN] 15:35:22.232737 シナリオ走行を終了しました [シナリオ名: 新規ユーザー登録]
[ADMIN] 15:35:22.232762 シナリオ走行を開始しました [シナリオ名: 新規ユーザー登録]
[ADMIN] 15:35:22.232796 シナリオ走行を開始しました [シナリオ名: 新規ユーザー登録]
[ADMIN] 15:35:22.232874 シナリオ走行を開始しました [シナリオ名: 新規ユーザー登録]
[ADMIN] 15:35:22.233189 シナリオ走行を終了しました [シナリオ名: ログイン]
[ADMIN] 15:35:22.233203 シナリオ走行を開始しました [シナリオ名: ログイン]
[ADMIN] 15:35:22.297096 シナリオ走行を終了しました [シナリオ名: ログイン]
[ADMIN] 15:35:22.297108 シナリオ走行を開始しました [シナリオ名: ログイン]
[ADMIN] 15:35:22.317786 シナリオ走行を終了しました [シナリオ名: ログイン]
[ADMIN] 15:35:22.317797 シナリオ走行を開始しました [シナリオ名: ログイン]
[ADMIN] 15:35:22.344564 シナリオ走行を終了しました [シナリオ名: ログイン]
[ADMIN] 15:35:22.344576 シナリオ走行を開始しました [シナリオ名: ログイン]
[ADMIN] 15:35:22.358746 シナリオ走行を終了しました [シナリオ名: ログイン]
[ADMIN] 15:35:22.358773 シナリオ走行を開始しました [シナリオ名: ログイン]
[ADMIN] 15:35:22.367138 シナリオ走行を終了しました [シナリオ名: ログイン]
[ADMIN] 15:35:22.367147 シナリオ走行を開始しました [シナリオ名: ログイン]
[ADMIN] 15:35:22.379374 シナリオ走行を終了しました [シナリオ名: ログイン]
[ADMIN] 15:35:22.379385 シナリオ走行を開始しました [シナリオ名: ログイン]
[ADMIN] 15:35:22.399396 シナリオ走行を終了しました [シナリオ名: ログイン]
[ADMIN] 15:35:22.399411 シナリオ走行を開始しました [シナリオ名: ログイン]
[ADMIN] 15:35:22.430734 シナリオ走行を終了しました [シナリオ名: ログイン]
[ADMIN] 15:35:22.430749 シナリオ走行を開始しました [シナリオ名: ログイン]
[ADMIN] 15:35:22.439753 シナリオ走行を終了しました [シナリオ名: ログイン]
[ADMIN] 15:35:22.439765 シナリオ走行を開始しました [シナリオ名: ログイン]
[ADMIN] 15:35:22.455507 シナリオ走行を終了しました [シナリオ名: ログイン]
[ADMIN] 15:35:22.455518 シナリオ走行を開始しました [シナリオ名: ログイン]
[ADMIN] 15:35:22.484752 シナリオ走行を終了しました [シナリオ名: 新規ユーザー登録]
[ADMIN] 15:35:22.484772 シナリオ走行を開始しました [シナリオ名: 新規ユーザー登録]
[ADMIN] 15:35:22.502406 シナリオ走行を終了しました [シナリオ名: ログイン]
[ADMIN] 15:35:22.502418 シナリオ走行を開始しました [シナリオ名: ログイン]
[ADMIN] 15:35:22.508871 シナリオ走行を終了しました [シナリオ名: 新規ユーザー登録]
[ADMIN] 15:35:22.508892 シナリオ走行を開始しました [シナリオ名: 新規ユーザー登録]
[ADMIN] 15:35:22.549976 シナリオ走行を終了しました [シナリオ名: 新規ユーザー登録]
[ADMIN] 15:35:22.550006 シナリオ走行を開始しました [シナリオ名: 新規ユーザー登録]
[ADMIN] 15:35:22.551256 シナリオ走行を終了しました [シナリオ名: ログイン]
[ADMIN] 15:35:22.551265 シナリオ走行を開始しました [シナリオ名: ログイン]
[ADMIN] 15:35:22.554297 シナリオ走行を終了しました [シナリオ名: 新規ユーザー登録]
[ADMIN] 15:35:22.554314 シナリオ走行を開始しました [シナリオ名: 新規ユーザー登録]
[ADMIN] 15:35:22.565908 シナリオ走行を終了しました [シナリオ名: 新規ユーザー登録]
[ADMIN] 15:35:22.565930 シナリオ走行を開始しました [シナリオ名: 新規ユーザー登録]
[ADMIN] 15:35:22.626276 シナリオ走行を終了しました [シナリオ名: 新規ユーザー登録]
[ADMIN] 15:35:22.626308 シナリオ走行を開始しました [シナリオ名: 新規ユーザー登録]
[ADMIN] 15:35:22.641719 シナリオ走行を終了しました [シナリオ名: ログイン]
[ADMIN] 15:35:22.641733 シナリオ走行を開始しました [シナリオ名: ログイン]
[ADMIN] 15:35:22.676804 シナリオ走行を終了しました [シナリオ名: ログイン]
[ADMIN] 15:35:22.676815 シナリオ走行を開始しました [シナリオ名: ログイン]
[ADMIN] 15:35:22.683710 シナリオ走行を終了しました [シナリオ名: 新規ユーザー登録]
[ADMIN] 15:35:22.683729 シナリオ走行を開始しました [シナリオ名: 新規ユーザー登録]
[ADMIN] 15:35:22.685216 シナリオ走行を終了しました [シナリオ名: Banユーザログイン]
[ADMIN] 15:35:22.685228 シナリオ走行を開始しました [シナリオ名: Banユーザログイン]
[ADMIN] 15:35:22.685557 シナリオ走行を終了しました [シナリオ名: Banユーザログイン]
[ADMIN] 15:35:22.685567 シナリオ走行を開始しました [シナリオ名: Banユーザログイン]
[ADMIN] 15:35:22.689964 シナリオ走行を終了しました [シナリオ名: Banユーザログイン]
[ADMIN] 15:35:22.689976 シナリオ走行を開始しました [シナリオ名: Banユーザログイン]
[ADMIN] 15:35:22.707363 シナリオ走行を終了しました [シナリオ名: Banユーザログイン]
[ADMIN] 15:35:22.707378 シナリオ走行を開始しました [シナリオ名: Banユーザログイン]
[ADMIN] 15:35:22.735071 シナリオ走行を終了しました [シナリオ名: ログイン]
[ADMIN] 15:35:22.735082 シナリオ走行を開始しました [シナリオ名: ログイン]
[ADMIN] 15:35:22.745706 シナリオ走行を終了しました [シナリオ名: ログイン]
[ADMIN] 15:35:22.745718 シナリオ走行を開始しました [シナリオ名: ログイン]
[ADMIN] 15:35:22.761836 シナリオ走行を終了しました [シナリオ名: ログイン]
[ADMIN] 15:35:22.761848 シナリオ走行を開始しました [シナリオ名: ログイン]
[ADMIN] 15:35:22.786413 シナリオ走行を終了しました [シナリオ名: ログイン]
[ADMIN] 15:35:22.786426 シナリオ走行を開始しました [シナリオ名: ログイン]
[ADMIN] 15:35:22.816459 シナリオ走行を終了しました [シナリオ名: ログイン]
[ADMIN] 15:35:22.816473 シナリオ走行を開始しました [シナリオ名: ログイン]
[ADMIN] 15:35:22.823235 シナリオ走行を終了しました [シナリオ名: ログイン]
[ADMIN] 15:35:22.823245 シナリオ走行を開始しました [シナリオ名: ログイン]
[ADMIN] 15:35:22.829347 シナリオ走行を終了しました [シナリオ名: 新規ユーザー登録]
[ADMIN] 15:35:22.829362 シナリオ走行を開始しました [シナリオ名: 新規ユーザー登録]
[ADMIN] 15:35:22.845382 シナリオ走行を終了しました [シナリオ名: ログイン]
[ADMIN] 15:35:22.845393 シナリオ走行を開始しました [シナリオ名: ログイン]
[ADMIN] 15:35:22.855502 シナリオ走行を終了しました [シナリオ名: 新規ユーザー登録]
[ADMIN] 15:35:22.855523 シナリオ走行を開始しました [シナリオ名: 新規ユーザー登録]
[ADMIN] 15:35:22.862322 シナリオ走行を終了しました [シナリオ名: 新規ユーザー登録]
[ADMIN] 15:35:22.862340 シナリオ走行を開始しました [シナリオ名: 新規ユーザー登録]
[ADMIN] 15:35:22.896000 シナリオ走行を終了しました [シナリオ名: ログイン]
[ADMIN] 15:35:22.896009 シナリオ走行を開始しました [シナリオ名: ログイン]
[ADMIN] 15:35:22.910486 シナリオ走行を終了しました [シナリオ名: ログイン]
[ADMIN] 15:35:22.910496 シナリオ走行を開始しました [シナリオ名: ログイン]
[ADMIN] 15:35:22.930203 シナリオ走行を終了しました [シナリオ名: ログイン]
[ADMIN] 15:35:22.930212 シナリオ走行を開始しました [シナリオ名: ログイン]
[ADMIN] 15:35:22.976211 シナリオ走行を終了しました [シナリオ名: ログイン]
[ADMIN] 15:35:22.976220 シナリオ走行を開始しました [シナリオ名: ログイン]
[ADMIN] 15:35:23.061531 シナリオ走行を終了しました [シナリオ名: ログイン]
[ADMIN] 15:35:23.061543 シナリオ走行を開始しました [シナリオ名: ログイン]
[ADMIN] 15:35:23.107228 シナリオ走行を終了しました [シナリオ名: ログイン]
[ADMIN] 15:35:23.107240 シナリオ走行を開始しました [シナリオ名: ログイン]
[ADMIN] 15:35:23.111680 シナリオ走行を終了しました [シナリオ名: ログイン]
[ADMIN] 15:35:23.111691 シナリオ走行を開始しました [シナリオ名: ログイン]
[ADMIN] 15:35:23.112910 シナリオ走行を終了しました [シナリオ名: ログイン]
[ADMIN] 15:35:23.112919 シナリオ走行を開始しました [シナリオ名: ログイン]
[ADMIN] 15:35:23.135289 シナリオ走行を終了しました [シナリオ名: ログイン]
[ADMIN] 15:35:23.135300 シナリオ走行を開始しました [シナリオ名: ログイン]
[ADMIN] 15:35:23.148372 シナリオ走行を終了しました [シナリオ名: ログイン]
[ADMIN] 15:35:23.148383 シナリオ走行を開始しました [シナリオ名: ログイン]
[ADMIN] 15:35:23.155803 シナリオ走行を終了しました [シナリオ名: ログイン]
[ADMIN] 15:35:23.155814 シナリオ走行を開始しました [シナリオ名: ログイン]
[ADMIN] 15:35:23.189247 シナリオ走行を終了しました [シナリオ名: Banユーザログイン]
[ADMIN] 15:35:23.189266 シナリオ走行を開始しました [シナリオ名: Banユーザログイン]
[ADMIN] 15:35:23.192476 シナリオ走行を終了しました [シナリオ名: Banユーザログイン]
[ADMIN] 15:35:23.192492 シナリオ走行を開始しました [シナリオ名: Banユーザログイン]
[ADMIN] 15:35:23.192563 シナリオ走行を終了しました [シナリオ名: ログイン]
[ADMIN] 15:35:23.192574 シナリオ走行を開始しました [シナリオ名: ログイン]
[ADMIN] 15:35:23.196705 シナリオ走行を終了しました [シナリオ名: Banユーザログイン]
[ADMIN] 15:35:23.196725 シナリオ走行を開始しました [シナリオ名: Banユーザログイン]
[ADMIN] 15:35:23.205372 シナリオ走行を終了しました [シナリオ名: ログイン]
[ADMIN] 15:35:23.205382 シナリオ走行を開始しました [シナリオ名: ログイン]
[ADMIN] 15:35:23.209081 シナリオ走行を終了しました [シナリオ名: Banユーザログイン]
[ADMIN] 15:35:23.209095 シナリオ走行を開始しました [シナリオ名: Banユーザログイン]
[ADMIN] 15:35:23.218307 シナリオ走行を終了しました [シナリオ名: ログイン]
[ADMIN] 15:35:23.218317 シナリオ走行を開始しました [シナリオ名: ログイン]
[ADMIN] 15:35:23.234389 シナリオ走行を終了しました [シナリオ名: ログイン]
[ADMIN] 15:35:23.234397 シナリオ走行を開始しました [シナリオ名: ログイン]
[ADMIN] 15:35:23.253985 シナリオ走行を終了しました [シナリオ名: ログイン]
[ADMIN] 15:35:23.253995 シナリオ走行を開始しました [シナリオ名: ログイン]
[ADMIN] 15:35:23.307862 シナリオ走行を終了しました [シナリオ名: ログイン]
[ADMIN] 15:35:23.307875 シナリオ走行を開始しました [シナリオ名: ログイン]
[ADMIN] 15:35:23.311875 シナリオ走行を終了しました [シナリオ名: ログイン]
[ADMIN] 15:35:23.311883 シナリオ走行を開始しました [シナリオ名: ログイン]
[ADMIN] 15:35:23.327679 シナリオ走行を終了しました [シナリオ名: ログイン]
[ADMIN] 15:35:23.327691 シナリオ走行を開始しました [シナリオ名: ログイン]
[ADMIN] 15:35:23.524150 シナリオ走行を終了しました [シナリオ名: ログイン]
[ADMIN] 15:35:23.524165 シナリオ走行を開始しました [シナリオ名: ログイン]
[ADMIN] 15:35:23.528217 シナリオ走行を終了しました [シナリオ名: ログイン]
[ADMIN] 15:35:23.528228 シナリオ走行を開始しました [シナリオ名: ログイン]
[ADMIN] 15:35:23.538861 シナリオ走行を終了しました [シナリオ名: ログイン]
[ADMIN] 15:35:23.538874 シナリオ走行を開始しました [シナリオ名: ログイン]
[ADMIN] 15:35:23.599143 シナリオ走行を終了しました [シナリオ名: ログイン]
[ADMIN] 15:35:23.599157 シナリオ走行を開始しました [シナリオ名: ログイン]
[ADMIN] 15:35:23.610523 シナリオ走行を終了しました [シナリオ名: ログイン]
[ADMIN] 15:35:23.610536 シナリオ走行を開始しました [シナリオ名: ログイン]
[ADMIN] 15:35:23.643003 シナリオ走行を終了しました [シナリオ名: 新規ユーザー登録]
[ADMIN] 15:35:23.643028 シナリオ走行を開始しました [シナリオ名: 新規ユーザー登録]
[ADMIN] 15:35:23.661436 シナリオ走行を終了しました [シナリオ名: 新規ユーザー登録]
[ADMIN] 15:35:23.661458 シナリオ走行を開始しました [シナリオ名: 新規ユーザー登録]
[ADMIN] 15:35:23.672924 シナリオ走行を終了しました [シナリオ名: ログイン]
[ADMIN] 15:35:23.672941 シナリオ走行を開始しました [シナリオ名: ログイン]
[ADMIN] 15:35:23.697261 シナリオ走行を終了しました [シナリオ名: Banユーザログイン]
[ADMIN] 15:35:23.697274 シナリオ走行を開始しました [シナリオ名: Banユーザログイン]
[ADMIN] 15:35:23.701265 シナリオ走行を終了しました [シナリオ名: Banユーザログイン]
[ADMIN] 15:35:23.701280 シナリオ走行を開始しました [シナリオ名: Banユーザログイン]
[ADMIN] 15:35:23.703125 シナリオ走行を終了しました [シナリオ名: Banユーザログイン]
[ADMIN] 15:35:23.703141 シナリオ走行を開始しました [シナリオ名: Banユーザログイン]
[ADMIN] 15:35:23.709860 シナリオ走行を終了しました [シナリオ名: 新規ユーザー登録]
[ADMIN] 15:35:23.709880 シナリオ走行を開始しました [シナリオ名: 新規ユーザー登録]
[ADMIN] 15:35:23.714471 シナリオ走行を終了しました [シナリオ名: Banユーザログイン]
[ADMIN] 15:35:23.714485 シナリオ走行を開始しました [シナリオ名: Banユーザログイン]
[ADMIN] 15:35:23.725339 シナリオ走行を終了しました [シナリオ名: 新規ユーザー登録]
[ADMIN] 15:35:23.725361 シナリオ走行を開始しました [シナリオ名: 新規ユーザー登録]
[ADMIN] 15:35:23.735383 シナリオ走行を終了しました [シナリオ名: ログイン]
[ADMIN] 15:35:23.735392 シナリオ走行を開始しました [シナリオ名: ログイン]
[ADMIN] 15:35:23.750139 シナリオ走行を終了しました [シナリオ名: ログイン]
[ADMIN] 15:35:23.750150 シナリオ走行を開始しました [シナリオ名: ログイン]
[ADMIN] 15:35:23.752813 シナリオ走行を終了しました [シナリオ名: ログイン]
[ADMIN] 15:35:23.752821 シナリオ走行を開始しました [シナリオ名: ログイン]
[ADMIN] 15:35:23.771117 シナリオ走行を終了しました [シナリオ名: 新規ユーザー登録]
[ADMIN] 15:35:23.771141 シナリオ走行を開始しました [シナリオ名: 新規ユーザー登録]
[ADMIN] 15:35:23.800484 シナリオ走行を終了しました [シナリオ名: ログイン]
[ADMIN] 15:35:23.800493 シナリオ走行を開始しました [シナリオ名: ログイン]
[ADMIN] 15:35:23.802893 シナリオ走行を終了しました [シナリオ名: ログイン]
[ADMIN] 15:35:23.802901 シナリオ走行を開始しました [シナリオ名: ログイン]
[ADMIN] 15:35:23.809310 シナリオ走行を終了しました [シナリオ名: 新規ユーザー登録]
[ADMIN] 15:35:23.809328 シナリオ走行を開始しました [シナリオ名: 新規ユーザー登録]
[ADMIN] 15:35:23.821524 シナリオ走行を終了しました [シナリオ名: 新規ユーザー登録]
[ADMIN] 15:35:23.821539 シナリオ走行を開始しました [シナリオ名: 新規ユーザー登録]
[ADMIN] 15:35:23.843184 シナリオ走行を終了しました [シナリオ名: ログイン]
[ADMIN] 15:35:23.843197 シナリオ走行を開始しました [シナリオ名: ログイン]
[ADMIN] 15:35:23.880401 シナリオ走行を終了しました [シナリオ名: ログイン]
[ADMIN] 15:35:23.880411 シナリオ走行を開始しました [シナリオ名: ログイン]
[ADMIN] 15:35:23.905473 シナリオ走行を終了しました [シナリオ名: ログイン]
[ADMIN] 15:35:23.905484 シナリオ走行を開始しました [シナリオ名: ログイン]
[ADMIN] 15:35:23.907150 シナリオ走行を終了しました [シナリオ名: ログイン]
[ADMIN] 15:35:23.907158 シナリオ走行を開始しました [シナリオ名: ログイン]
[ADMIN] 15:35:23.910751 シナリオ走行を終了しました [シナリオ名: ログイン]
[ADMIN] 15:35:23.910760 シナリオ走行を開始しました [シナリオ名: ログイン]
[ADMIN] 15:35:23.912919 シナリオ走行を終了しました [シナリオ名: ログイン]
[ADMIN] 15:35:23.912928 シナリオ走行を開始しました [シナリオ名: ログイン]
[ADMIN] 15:35:23.920073 シナリオ走行を終了しました [シナリオ名: ログイン]
[ADMIN] 15:35:23.920082 シナリオ走行を開始しました [シナリオ名: ログイン]
[ADMIN] 15:35:23.960372 シナリオ走行を終了しました [シナリオ名: ログイン]
[ADMIN] 15:35:23.960397 シナリオ走行を開始しました [シナリオ名: ログイン]
[ADMIN] 15:35:23.967415 シナリオ走行を終了しました [シナリオ名: ログイン]
[ADMIN] 15:35:23.967427 シナリオ走行を開始しました [シナリオ名: ログイン]
[ADMIN] 15:35:23.973448 シナリオ走行を終了しました [シナリオ名: ログイン]
[ADMIN] 15:35:23.973458 シナリオ走行を開始しました [シナリオ名: ログイン]
[ADMIN] 15:35:23.988377 シナリオ走行を終了しました [シナリオ名: ログイン]
[ADMIN] 15:35:23.988388 シナリオ走行を開始しました [シナリオ名: ログイン]
[ADMIN] 15:35:24.006937 シナリオ走行を終了しました [シナリオ名: ログイン]
[ADMIN] 15:35:24.006947 シナリオ走行を開始しました [シナリオ名: ログイン]
[ADMIN] 15:35:24.019193 シナリオ走行を終了しました [シナリオ名: 新規ユーザー登録]
[ADMIN] 15:35:24.019210 シナリオ走行を開始しました [シナリオ名: 新規ユーザー登録]
[ADMIN] 15:35:24.033607 シナリオ走行を終了しました [シナリオ名: 新規ユーザー登録]
[ADMIN] 15:35:24.033625 シナリオ走行を開始しました [シナリオ名: 新規ユーザー登録]
[ADMIN] 15:35:24.053967 シナリオ走行を終了しました [シナリオ名: ログイン]
[ADMIN] 15:35:24.053980 シナリオ走行を開始しました [シナリオ名: ログイン]
[ADMIN] 15:35:24.083090 シナリオ走行を終了しました [シナリオ名: ログイン]
[ADMIN] 15:35:24.083106 シナリオ走行を開始しました [シナリオ名: ログイン]
[ADMIN] 15:35:24.134655 シナリオ走行を終了しました [シナリオ名: 新規ユーザー登録]
[ADMIN] 15:35:24.134678 シナリオ走行を開始しました [シナリオ名: 新規ユーザー登録]
[ADMIN] 15:35:24.173216 シナリオ走行を終了しました [シナリオ名: 新規ユーザー登録]
[ADMIN] 15:35:24.173241 シナリオ走行を開始しました [シナリオ名: 新規ユーザー登録]
[ADMIN] 15:35:24.200358 シナリオ走行を終了しました [シナリオ名: Banユーザログイン]
[ADMIN] 15:35:24.200387 シナリオ走行を開始しました [シナリオ名: Banユーザログイン]
[ADMIN] 15:35:24.206120 シナリオ走行を終了しました [シナリオ名: ログイン]
[ADMIN] 15:35:24.206132 シナリオ走行を開始しました [シナリオ名: ログイン]
[ADMIN] 15:35:24.206263 シナリオ走行を終了しました [シナリオ名: Banユーザログイン]
[ADMIN] 15:35:24.206272 シナリオ走行を開始しました [シナリオ名: Banユーザログイン]
[ADMIN] 15:35:24.212489 シナリオ走行を終了しました [シナリオ名: Banユーザログイン]
[ADMIN] 15:35:24.212506 シナリオ走行を開始しました [シナリオ名: Banユーザログイン]
[ADMIN] 15:35:24.216381 シナリオ走行を終了しました [シナリオ名: Banユーザログイン]
[ADMIN] 15:35:24.216391 シナリオ走行を開始しました [シナリオ名: Banユーザログイン]
[ADMIN] 15:35:24.227005 シナリオ走行を終了しました [シナリオ名: ログイン]
[ADMIN] 15:35:24.227014 シナリオ走行を開始しました [シナリオ名: ログイン]
[ADMIN] 15:35:24.229727 シナリオ走行を終了しました [シナリオ名: 新規ユーザー登録]
[ADMIN] 15:35:24.229749 シナリオ走行を開始しました [シナリオ名: 新規ユーザー登録]
[ADMIN] 15:35:24.230578 シナリオ走行を終了しました [シナリオ名: ログイン]
[ADMIN] 15:35:24.230591 シナリオ走行を開始しました [シナリオ名: ログイン]
[ADMIN] 15:35:24.283551 シナリオ走行を終了しました [シナリオ名: 新規ユーザー登録]
[ADMIN] 15:35:24.283583 シナリオ走行を開始しました [シナリオ名: 新規ユーザー登録]
[ADMIN] 15:35:24.292011 シナリオ走行を終了しました [シナリオ名: ログイン]
[ADMIN] 15:35:24.292025 シナリオ走行を開始しました [シナリオ名: ログイン]
[ADMIN] 15:35:24.362487 シナリオ走行を終了しました [シナリオ名: ログイン]
[ADMIN] 15:35:24.362502 シナリオ走行を開始しました [シナリオ名: ログイン]
[ADMIN] 15:35:24.378002 シナリオ走行を終了しました [シナリオ名: ログイン]
[ADMIN] 15:35:24.378017 シナリオ走行を開始しました [シナリオ名: ログイン]
[ADMIN] 15:35:24.379201 シナリオ走行を終了しました [シナリオ名: ログイン]
[ADMIN] 15:35:24.379210 シナリオ走行を開始しました [シナリオ名: ログイン]
[ADMIN] 15:35:24.400735 シナリオ走行を終了しました [シナリオ名: ログイン]
[ADMIN] 15:35:24.400748 シナリオ走行を開始しました [シナリオ名: ログイン]
[ADMIN] 15:35:24.425687 シナリオ走行を終了しました [シナリオ名: ログイン]
[ADMIN] 15:35:24.425699 シナリオ走行を開始しました [シナリオ名: ログイン]
[ADMIN] 15:35:24.446035 シナリオ走行を終了しました [シナリオ名: ログイン]
[ADMIN] 15:35:24.446045 シナリオ走行を開始しました [シナリオ名: ログイン]
[ADMIN] 15:35:24.446394 シナリオ走行を終了しました [シナリオ名: ログイン]
[ADMIN] 15:35:24.446406 シナリオ走行を開始しました [シナリオ名: ログイン]
[ADMIN] 15:35:24.463226 シナリオ走行を終了しました [シナリオ名: ログイン]
[ADMIN] 15:35:24.463237 シナリオ走行を開始しました [シナリオ名: ログイン]
[ADMIN] 15:35:24.465770 シナリオ走行を終了しました [シナリオ名: ログイン]
[ADMIN] 15:35:24.465780 シナリオ走行を開始しました [シナリオ名: ログイン]
[ADMIN] 15:35:24.471191 シナリオ走行を終了しました [シナリオ名: ログイン]
[ADMIN] 15:35:24.471201 シナリオ走行を開始しました [シナリオ名: ログイン]
[ADMIN] 15:35:24.481450 シナリオ走行を終了しました [シナリオ名: ログイン]
[ADMIN] 15:35:24.481459 シナリオ走行を開始しました [シナリオ名: ログイン]
[ADMIN] 15:35:24.507567 シナリオ走行を終了しました [シナリオ名: ログイン]
[ADMIN] 15:35:24.507577 シナリオ走行を開始しました [シナリオ名: ログイン]
[ADMIN] 15:35:24.562187 シナリオ走行を終了しました [シナリオ名: ログイン]
[ADMIN] 15:35:24.562197 シナリオ走行を開始しました [シナリオ名: ログイン]
[ADMIN] 15:35:24.579714 シナリオ走行を終了しました [シナリオ名: 新規ユーザー登録]
[ADMIN] 15:35:24.579761 シナリオ走行を開始しました [シナリオ名: 新規ユーザー登録]
[ADMIN] 15:35:24.596876 シナリオ走行を終了しました [シナリオ名: ログイン]
[ADMIN] 15:35:24.596888 シナリオ走行を開始しました [シナリオ名: ログイン]
[ADMIN] 15:35:24.611630 シナリオ走行を終了しました [シナリオ名: ログイン]
[ADMIN] 15:35:24.611642 シナリオ走行を開始しました [シナリオ名: ログイン]
[ADMIN] 15:35:24.688464 シナリオ走行を終了しました [シナリオ名: 新規ユーザー登録]
[ADMIN] 15:35:24.688489 シナリオ走行を開始しました [シナリオ名: 新規ユーザー登録]
[ADMIN] 15:35:24.689322 シナリオ走行を終了しました [シナリオ名: ログイン]
[ADMIN] 15:35:24.689330 シナリオ走行を開始しました [シナリオ名: ログイン]
[ADMIN] 15:35:24.708705 シナリオ走行を終了しました [シナリオ名: Banユーザログイン]
[ADMIN] 15:35:24.708721 シナリオ走行を開始しました [シナリオ名: Banユーザログイン]
[ADMIN] 15:35:24.714002 シナリオ走行を終了しました [シナリオ名: Banユーザログイン]
[ADMIN] 15:35:24.714013 シナリオ走行を開始しました [シナリオ名: Banユーザログイン]
[ADMIN] 15:35:24.719694 シナリオ走行を終了しました [シナリオ名: Banユーザログイン]
[ADMIN] 15:35:24.719708 シナリオ走行を開始しました [シナリオ名: Banユーザログイン]
[ADMIN] 15:35:24.728473 シナリオ走行を終了しました [シナリオ名: Banユーザログイン]
[ADMIN] 15:35:24.728486 シナリオ走行を開始しました [シナリオ名: Banユーザログイン]
[ADMIN] 15:35:24.845790 シナリオ走行を終了しました [シナリオ名: ログイン]
[ADMIN] 15:35:24.845804 シナリオ走行を開始しました [シナリオ名: ログイン]
[ADMIN] 15:35:24.921060 シナリオ走行を終了しました [シナリオ名: ログイン]
[ADMIN] 15:35:24.921072 シナリオ走行を開始しました [シナリオ名: ログイン]
[ADMIN] 15:35:24.928133 シナリオ走行を終了しました [シナリオ名: ログイン]
[ADMIN] 15:35:24.928144 シナリオ走行を開始しました [シナリオ名: ログイン]
[ADMIN] 15:35:24.934867 シナリオ走行を終了しました [シナリオ名: ログイン]
[ADMIN] 15:35:24.934878 シナリオ走行を開始しました [シナリオ名: ログイン]
[ADMIN] 15:35:24.940894 シナリオ走行を終了しました [シナリオ名: ログイン]
[ADMIN] 15:35:24.940905 シナリオ走行を開始しました [シナリオ名: ログイン]
[ADMIN] 15:35:24.945263 シナリオ走行を終了しました [シナリオ名: 新規ユーザー登録]
[ADMIN] 15:35:24.945283 シナリオ走行を開始しました [シナリオ名: 新規ユーザー登録]
[ADMIN] 15:35:24.964008 シナリオ走行を終了しました [シナリオ名: ログイン]
[ADMIN] 15:35:24.964018 シナリオ走行を開始しました [シナリオ名: ログイン]
[ADMIN] 15:35:24.976355 シナリオ走行を終了しました [シナリオ名: ログイン]
[ADMIN] 15:35:24.976363 シナリオ走行を開始しました [シナリオ名: ログイン]
[ADMIN] 15:35:24.977630 シナリオ走行を終了しました [シナリオ名: ログイン]
[ADMIN] 15:35:24.977637 シナリオ走行を開始しました [シナリオ名: ログイン]
[ADMIN] 15:35:24.994600 シナリオ走行を終了しました [シナリオ名: ログイン]
[ADMIN] 15:35:24.994612 シナリオ走行を開始しました [シナリオ名: ログイン]
[ADMIN] 15:35:24.995412 シナリオ走行を終了しました [シナリオ名: ログイン]
[ADMIN] 15:35:24.995421 シナリオ走行を開始しました [シナリオ名: ログイン]
[ADMIN] 15:35:25.003472 シナリオ走行を終了しました [シナリオ名: ログイン]
[ADMIN] 15:35:25.003484 シナリオ走行を開始しました [シナリオ名: ログイン]
[ADMIN] 15:35:25.027723 シナリオ走行を終了しました [シナリオ名: ログイン]
[ADMIN] 15:35:25.027739 シナリオ走行を開始しました [シナリオ名: ログイン]
[ADMIN] 15:35:25.037481 シナリオ走行を終了しました [シナリオ名: ログイン]
[ADMIN] 15:35:25.037491 シナリオ走行を開始しました [シナリオ名: ログイン]
[ADMIN] 15:35:25.079029 シナリオ走行を終了しました [シナリオ名: ログイン]
[ADMIN] 15:35:25.079040 シナリオ走行を開始しました [シナリオ名: ログイン]
[ADMIN] 15:35:25.119263 シナリオ走行を終了しました [シナリオ名: 新規ユーザー登録]
[ADMIN] 15:35:25.119285 シナリオ走行を開始しました [シナリオ名: 新規ユーザー登録]
[ADMIN] 15:35:25.119988 シナリオ走行を終了しました [シナリオ名: ログイン]
[ADMIN] 15:35:25.119998 シナリオ走行を開始しました [シナリオ名: ログイン]
[ADMIN] 15:35:25.142140 シナリオ走行を終了しました [シナリオ名: ログイン]
[ADMIN] 15:35:25.142151 シナリオ走行を開始しました [シナリオ名: ログイン]
[ADMIN] 15:35:25.146265 シナリオ走行を終了しました [シナリオ名: 新規ユーザー登録]
[ADMIN] 15:35:25.146285 シナリオ走行を開始しました [シナリオ名: 新規ユーザー登録]
[ADMIN] 15:35:25.152090 シナリオ走行を終了しました [シナリオ名: 新規ユーザー登録]
[ADMIN] 15:35:25.152107 シナリオ走行を開始しました [シナリオ名: 新規ユーザー登録]
[ADMIN] 15:35:25.162411 シナリオ走行を終了しました [シナリオ名: ログイン]
[ADMIN] 15:35:25.162420 シナリオ走行を開始しました [シナリオ名: ログイン]
[ADMIN] 15:35:25.163720 シナリオ走行を終了しました [シナリオ名: ログイン]
[ADMIN] 15:35:25.163728 シナリオ走行を開始しました [シナリオ名: ログイン]
[ADMIN] 15:35:25.192517 シナリオ走行を終了しました [シナリオ名: ログイン]
[ADMIN] 15:35:25.192529 シナリオ走行を開始しました [シナリオ名: ログイン]
[ADMIN] 15:35:25.206230 シナリオ走行を終了しました [シナリオ名: 新規ユーザー登録]
[ADMIN] 15:35:25.206250 シナリオ走行を開始しました [シナリオ名: 新規ユーザー登録]
[ADMIN] 15:35:25.211698 シナリオ走行を終了しました [シナリオ名: Banユーザログイン]
[ADMIN] 15:35:25.211713 シナリオ走行を開始しました [シナリオ名: Banユーザログイン]
[ADMIN] 15:35:25.216110 シナリオ走行を終了しました [シナリオ名: Banユーザログイン]
[ADMIN] 15:35:25.216127 シナリオ走行を開始しました [シナリオ名: Banユーザログイン]
[ADMIN] 15:35:25.222462 シナリオ走行を終了しました [シナリオ名: Banユーザログイン]
[ADMIN] 15:35:25.222477 シナリオ走行を開始しました [シナリオ名: Banユーザログイン]
[ADMIN] 15:35:25.232011 シナリオ走行を終了しました [シナリオ名: Banユーザログイン]
[ADMIN] 15:35:25.232026 シナリオ走行を開始しました [シナリオ名: Banユーザログイン]
[ADMIN] 15:35:25.270552 シナリオ走行を終了しました [シナリオ名: ログイン]
[ADMIN] 15:35:25.270571 シナリオ走行を開始しました [シナリオ名: ログイン]
[ADMIN] 15:35:25.287067 シナリオ走行を終了しました [シナリオ名: ログイン]
[ADMIN] 15:35:25.287081 シナリオ走行を開始しました [シナリオ名: ログイン]
[ADMIN] 15:35:25.335622 シナリオ走行を終了しました [シナリオ名: ログイン]
[ADMIN] 15:35:25.335635 シナリオ走行を開始しました [シナリオ名: ログイン]
[ADMIN] 15:35:25.359235 シナリオ走行を終了しました [シナリオ名: ログイン]
[ADMIN] 15:35:25.359253 シナリオ走行を開始しました [シナリオ名: ログイン]
[ADMIN] 15:35:25.369828 シナリオ走行を終了しました [シナリオ名: ログイン]
[ADMIN] 15:35:25.369838 シナリオ走行を開始しました [シナリオ名: ログイン]
[ADMIN] 15:35:25.386704 シナリオ走行を終了しました [シナリオ名: 新規ユーザー登録]
[ADMIN] 15:35:25.386724 シナリオ走行を開始しました [シナリオ名: 新規ユーザー登録]
[ADMIN] 15:35:25.425039 シナリオ走行を終了しました [シナリオ名: ログイン]
[ADMIN] 15:35:25.425050 シナリオ走行を開始しました [シナリオ名: ログイン]
[ADMIN] 15:35:25.438904 シナリオ走行を終了しました [シナリオ名: ログイン]
[ADMIN] 15:35:25.438915 シナリオ走行を開始しました [シナリオ名: ログイン]
[ADMIN] 15:35:25.445860 シナリオ走行を終了しました [シナリオ名: 新規ユーザー登録]
[ADMIN] 15:35:25.445878 シナリオ走行を開始しました [シナリオ名: 新規ユーザー登録]
[ADMIN] 15:35:25.473014 シナリオ走行を終了しました [シナリオ名: ログイン]
[ADMIN] 15:35:25.473023 シナリオ走行を開始しました [シナリオ名: ログイン]
[ADMIN] 15:35:25.475773 シナリオ走行を終了しました [シナリオ名: 新規ユーザー登録]
[ADMIN] 15:35:25.475787 シナリオ走行を開始しました [シナリオ名: 新規ユーザー登録]
[ADMIN] 15:35:25.502364 シナリオ走行を終了しました [シナリオ名: 新規ユーザー登録]
[ADMIN] 15:35:25.502382 シナリオ走行を開始しました [シナリオ名: 新規ユーザー登録]
[ADMIN] 15:35:25.523078 シナリオ走行を終了しました [シナリオ名: ログイン]
[ADMIN] 15:35:25.523092 シナリオ走行を開始しました [シナリオ名: ログイン]
[ADMIN] 15:35:25.547617 シナリオ走行を終了しました [シナリオ名: ログイン]
[ADMIN] 15:35:25.547631 シナリオ走行を開始しました [シナリオ名: ログイン]
[ADMIN] 15:35:25.568349 シナリオ走行を終了しました [シナリオ名: 新規ユーザー登録]
[ADMIN] 15:35:25.568375 シナリオ走行を開始しました [シナリオ名: 新規ユーザー登録]
[ADMIN] 15:35:25.569179 シナリオ走行を終了しました [シナリオ名: ログイン]
[ADMIN] 15:35:25.569188 シナリオ走行を開始しました [シナリオ名: ログイン]
[ADMIN] 15:35:25.589297 シナリオ走行を終了しました [シナリオ名: 新規ユーザー登録]
[ADMIN] 15:35:25.589322 シナリオ走行を開始しました [シナリオ名: 新規ユーザー登録]
[ADMIN] 15:35:25.590177 シナリオ走行を終了しました [シナリオ名: ログイン]
[ADMIN] 15:35:25.590187 シナリオ走行を開始しました [シナリオ名: ログイン]
[ADMIN] 15:35:25.590985 シナリオ走行を終了しました [シナリオ名: ログイン]
[ADMIN] 15:35:25.590995 シナリオ走行を開始しました [シナリオ名: ログイン]
[ADMIN] 15:35:25.609386 シナリオ走行を終了しました [シナリオ名: ログイン]
[ADMIN] 15:35:25.609398 シナリオ走行を開始しました [シナリオ名: ログイン]
[ADMIN] 15:35:25.639042 シナリオ走行を終了しました [シナリオ名: ログイン]
[ADMIN] 15:35:25.639054 シナリオ走行を開始しました [シナリオ名: ログイン]
[ADMIN] 15:35:25.644027 シナリオ走行を終了しました [シナリオ名: ログイン]
[ADMIN] 15:35:25.644036 シナリオ走行を開始しました [シナリオ名: ログイン]
[ADMIN] 15:35:25.655005 シナリオ走行を終了しました [シナリオ名: ログイン]
[ADMIN] 15:35:25.655014 シナリオ走行を開始しました [シナリオ名: ログイン]
[ADMIN] 15:35:25.720061 シナリオ走行を終了しました [シナリオ名: Banユーザログイン]
[ADMIN] 15:35:25.720085 シナリオ走行を開始しました [シナリオ名: Banユーザログイン]
[ADMIN] 15:35:25.724808 シナリオ走行を終了しました [シナリオ名: Banユーザログイン]
[ADMIN] 15:35:25.724825 シナリオ走行を開始しました [シナリオ名: Banユーザログイン]
[ADMIN] 15:35:25.726217 シナリオ走行を終了しました [シナリオ名: Banユーザログイン]
[ADMIN] 15:35:25.726230 シナリオ走行を開始しました [シナリオ名: Banユーザログイン]
[ADMIN] 15:35:25.734768 シナリオ走行を終了しました [シナリオ名: Banユーザログイン]
[ADMIN] 15:35:25.734780 シナリオ走行を開始しました [シナリオ名: Banユーザログイン]
[ADMIN] 15:35:25.740616 シナリオ走行を終了しました [シナリオ名: ログイン]
[ADMIN] 15:35:25.740626 シナリオ走行を開始しました [シナリオ名: ログイン]
[ADMIN] 15:35:25.779710 シナリオ走行を終了しました [シナリオ名: ログイン]
[ADMIN] 15:35:25.779720 シナリオ走行を開始しました [シナリオ名: ログイン]
[ADMIN] 15:35:25.780188 シナリオ走行を終了しました [シナリオ名: ログイン]
[ADMIN] 15:35:25.780202 シナリオ走行を開始しました [シナリオ名: ログイン]
[ADMIN] 15:35:25.785512 シナリオ走行を終了しました [シナリオ名: ログイン]
[ADMIN] 15:35:25.785522 シナリオ走行を開始しました [シナリオ名: ログイン]
[ADMIN] 15:35:25.801854 シナリオ走行を終了しました [シナリオ名: ログイン]
[ADMIN] 15:35:25.801864 シナリオ走行を開始しました [シナリオ名: ログイン]
[ADMIN] 15:35:25.815396 シナリオ走行を終了しました [シナリオ名: 新規ユーザー登録]
[ADMIN] 15:35:25.815415 シナリオ走行を開始しました [シナリオ名: 新規ユーザー登録]
[ADMIN] 15:35:25.845504 シナリオ走行を終了しました [シナリオ名: 新規ユーザー登録]
[ADMIN] 15:35:25.845527 シナリオ走行を開始しました [シナリオ名: 新規ユーザー登録]
[ADMIN] 15:35:25.992116 シナリオ走行を終了しました [シナリオ名: ログイン]
[ADMIN] 15:35:25.992130 シナリオ走行を開始しました [シナリオ名: ログイン]
[ADMIN] 15:35:25.999894 シナリオ走行を終了しました [シナリオ名: ログイン]
[ADMIN] 15:35:25.999905 シナリオ走行を開始しました [シナリオ名: ログイン]
[ADMIN] 15:35:26.003928 シナリオ走行を終了しました [シナリオ名: ログイン]
[ADMIN] 15:35:26.003939 シナリオ走行を開始しました [シナリオ名: ログイン]
[ADMIN] 15:35:26.033567 シナリオ走行を終了しました [シナリオ名: ログイン]
[ADMIN] 15:35:26.033579 シナリオ走行を開始しました [シナリオ名: ログイン]
[ADMIN] 15:35:26.039038 シナリオ走行を終了しました [シナリオ名: ログイン]
[ADMIN] 15:35:26.039048 シナリオ走行を開始しました [シナリオ名: ログイン]
[ADMIN] 15:35:26.048397 シナリオ走行を終了しました [シナリオ名: ログイン]
[ADMIN] 15:35:26.048407 シナリオ走行を開始しました [シナリオ名: ログイン]
[ADMIN] 15:35:26.072940 シナリオ走行を終了しました [シナリオ名: ログイン]
[ADMIN] 15:35:26.072950 シナリオ走行を開始しました [シナリオ名: ログイン]
[ADMIN] 15:35:26.102922 シナリオ走行を終了しました [シナリオ名: ログイン]
[ADMIN] 15:35:26.102935 シナリオ走行を開始しました [シナリオ名: ログイン]
[ADMIN] 15:35:26.106464 シナリオ走行を終了しました [シナリオ名: ログイン]
[ADMIN] 15:35:26.106476 シナリオ走行を開始しました [シナリオ名: ログイン]
[ADMIN] 15:35:26.123145 シナリオ走行を終了しました [シナリオ名: ログイン]
[ADMIN] 15:35:26.123156 シナリオ走行を開始しました [シナリオ名: ログイン]
[ADMIN] 15:35:26.142067 シナリオ走行を終了しました [シナリオ名: ログイン]
[ADMIN] 15:35:26.142078 シナリオ走行を開始しました [シナリオ名: ログイン]
[ADMIN] 15:35:26.143538 シナリオ走行を終了しました [シナリオ名: ログイン]
[ADMIN] 15:35:26.143548 シナリオ走行を開始しました [シナリオ名: ログイン]
[ADMIN] 15:35:26.181974 シナリオ走行を終了しました [シナリオ名: ログイン]
[ADMIN] 15:35:26.181983 シナリオ走行を開始しました [シナリオ名: ログイン]
[ADMIN] 15:35:26.215020 シナリオ走行を終了しました [シナリオ名: ログイン]
[ADMIN] 15:35:26.215030 シナリオ走行を開始しました [シナリオ名: ログイン]
[ADMIN] 15:35:26.222961 シナリオ走行を終了しました [シナリオ名: Banユーザログイン]
[ADMIN] 15:35:26.222975 シナリオ走行を開始しました [シナリオ名: Banユーザログイン]
[ADMIN] 15:35:26.228015 シナリオ走行を終了しました [シナリオ名: Banユーザログイン]
[ADMIN] 15:35:26.228026 シナリオ走行を開始しました [シナリオ名: Banユーザログイン]
[ADMIN] 15:35:26.229415 シナリオ走行を終了しました [シナリオ名: Banユーザログイン]
[ADMIN] 15:35:26.229428 シナリオ走行を開始しました [シナリオ名: Banユーザログイン]
[ADMIN] 15:35:26.230268 シナリオ走行を終了しました [シナリオ名: ログイン]
[ADMIN] 15:35:26.230275 シナリオ走行を開始しました [シナリオ名: ログイン]
[ADMIN] 15:35:26.236409 シナリオ走行を終了しました [シナリオ名: Banユーザログイン]
[ADMIN] 15:35:26.236422 シナリオ走行を開始しました [シナリオ名: Banユーザログイン]
[ADMIN] 15:35:26.239394 シナリオ走行を終了しました [シナリオ名: ログイン]
[ADMIN] 15:35:26.239403 シナリオ走行を開始しました [シナリオ名: ログイン]
[ADMIN] 15:35:26.318493 シナリオ走行を終了しました [シナリオ名: ログイン]
[ADMIN] 15:35:26.318509 シナリオ走行を開始しました [シナリオ名: ログイン]
[ADMIN] 15:35:26.318532 シナリオ走行を終了しました [シナリオ名: ログイン]
[ADMIN] 15:35:26.318538 シナリオ走行を開始しました [シナリオ名: ログイン]
[ADMIN] 15:35:26.344253 シナリオ走行を終了しました [シナリオ名: ログイン]
[ADMIN] 15:35:26.344267 シナリオ走行を開始しました [シナリオ名: ログイン]
[ADMIN] 15:35:26.354940 シナリオ走行を終了しました [シナリオ名: ログイン]
[ADMIN] 15:35:26.354953 シナリオ走行を開始しました [シナリオ名: ログイン]
[ADMIN] 15:35:26.402503 シナリオ走行を終了しました [シナリオ名: ログイン]
[ADMIN] 15:35:26.402516 シナリオ走行を開始しました [シナリオ名: ログイン]
[ADMIN] 15:35:26.462227 シナリオ走行を終了しました [シナリオ名: ログイン]
[ADMIN] 15:35:26.462241 シナリオ走行を開始しました [シナリオ名: ログイン]
[ADMIN] 15:35:26.467667 シナリオ走行を終了しました [シナリオ名: ログイン]
[ADMIN] 15:35:26.467678 シナリオ走行を開始しました [シナリオ名: ログイン]
[ADMIN] 15:35:26.512478 シナリオ走行を終了しました [シナリオ名: 新規ユーザー登録]
[ADMIN] 15:35:26.512520 シナリオ走行を開始しました [シナリオ名: 新規ユーザー登録]
[ADMIN] 15:35:26.576253 シナリオ走行を終了しました [シナリオ名: 新規ユーザー登録]
[ADMIN] 15:35:26.576283 シナリオ走行を開始しました [シナリオ名: 新規ユーザー登録]
[ADMIN] 15:35:26.603313 シナリオ走行を終了しました [シナリオ名: ログイン]
[ADMIN] 15:35:26.603326 シナリオ走行を開始しました [シナリオ名: ログイン]
[ADMIN] 15:35:26.610256 シナリオ走行を終了しました [シナリオ名: 新規ユーザー登録]
[ADMIN] 15:35:26.610281 シナリオ走行を開始しました [シナリオ名: 新規ユーザー登録]
[ADMIN] 15:35:26.627411 シナリオ走行を終了しました [シナリオ名: ログイン]
[ADMIN] 15:35:26.627423 シナリオ走行を開始しました [シナリオ名: ログイン]
[ADMIN] 15:35:26.629752 シナリオ走行を終了しました [シナリオ名: 新規ユーザー登録]
[ADMIN] 15:35:26.629794 シナリオ走行を開始しました [シナリオ名: 新規ユーザー登録]
[ADMIN] 15:35:26.651466 シナリオ走行を終了しました [シナリオ名: ログイン]
[ADMIN] 15:35:26.651476 シナリオ走行を開始しました [シナリオ名: ログイン]
[ADMIN] 15:35:26.667928 シナリオ走行を終了しました [シナリオ名: ログイン]
[ADMIN] 15:35:26.667939 シナリオ走行を開始しました [シナリオ名: ログイン]
[ADMIN] 15:35:26.673798 シナリオ走行を終了しました [シナリオ名: 新規ユーザー登録]
[ADMIN] 15:35:26.673816 シナリオ走行を開始しました [シナリオ名: 新規ユーザー登録]
[ADMIN] 15:35:26.680226 シナリオ走行を終了しました [シナリオ名: 新規ユーザー登録]
[ADMIN] 15:35:26.680240 シナリオ走行を開始しました [シナリオ名: 新規ユーザー登録]
[ADMIN] 15:35:26.705700 シナリオ走行を終了しました [シナリオ名: ログイン]
[ADMIN] 15:35:26.705711 シナリオ走行を開始しました [シナリオ名: ログイン]
[ADMIN] 15:35:26.726266 シナリオ走行を終了しました [シナリオ名: Banユーザログイン]
[ADMIN] 15:35:26.726282 シナリオ走行を開始しました [シナリオ名: Banユーザログイン]
[ADMIN] 15:35:26.730854 シナリオ走行を終了しました [シナリオ名: Banユーザログイン]
[ADMIN] 15:35:26.730872 シナリオ走行を開始しました [シナリオ名: Banユーザログイン]
[ADMIN] 15:35:26.738556 シナリオ走行を終了しました [シナリオ名: Banユーザログイン]
[ADMIN] 15:35:26.738575 シナリオ走行を開始しました [シナリオ名: Banユーザログイン]
[ADMIN] 15:35:26.738678 シナリオ走行を終了しました [シナリオ名: Banユーザログイン]
[ADMIN] 15:35:26.738695 シナリオ走行を開始しました [シナリオ名: Banユーザログイン]
[ADMIN] 15:35:26.745070 シナリオ走行を終了しました [シナリオ名: ログイン]
[ADMIN] 15:35:26.745083 シナリオ走行を開始しました [シナリオ名: ログイン]
[ADMIN] 15:35:26.760887 シナリオ走行を終了しました [シナリオ名: 新規ユーザー登録]
[ADMIN] 15:35:26.760905 シナリオ走行を開始しました [シナリオ名: 新規ユーザー登録]
[ADMIN] 15:35:26.795571 シナリオ走行を終了しました [シナリオ名: ログイン]
[ADMIN] 15:35:26.795584 シナリオ走行を開始しました [シナリオ名: ログイン]
[ADMIN] 15:35:26.800245 シナリオ走行を終了しました [シナリオ名: ログイン]
[ADMIN] 15:35:26.800257 シナリオ走行を開始しました [シナリオ名: ログイン]
[ADMIN] 15:35:26.826747 シナリオ走行を終了しました [シナリオ名: ログイン]
[ADMIN] 15:35:26.826759 シナリオ走行を開始しました [シナリオ名: ログイン]
[ADMIN] 15:35:26.869765 シナリオ走行を終了しました [シナリオ名: ログイン]
[ADMIN] 15:35:26.869777 シナリオ走行を開始しました [シナリオ名: ログイン]
[ADMIN] 15:35:26.880876 シナリオ走行を終了しました [シナリオ名: ログイン]
[ADMIN] 15:35:26.880888 シナリオ走行を開始しました [シナリオ名: ログイン]
[ADMIN] 15:35:26.914390 シナリオ走行を終了しました [シナリオ名: 新規ユーザー登録]
[ADMIN] 15:35:26.914423 シナリオ走行を開始しました [シナリオ名: 新規ユーザー登録]
[ADMIN] 15:35:26.920106 シナリオ走行を終了しました [シナリオ名: ログイン]
[ADMIN] 15:35:26.920118 シナリオ走行を開始しました [シナリオ名: ログイン]
[ADMIN] 15:35:26.937303 シナリオ走行を終了しました [シナリオ名: ログイン]
[ADMIN] 15:35:26.937315 シナリオ走行を開始しました [シナリオ名: ログイン]
[ADMIN] 15:35:26.965461 シナリオ走行を終了しました [シナリオ名: ログイン]
[ADMIN] 15:35:26.965472 シナリオ走行を開始しました [シナリオ名: ログイン]
[ADMIN] 15:35:26.984255 シナリオ走行を終了しました [シナリオ名: ログイン]
[ADMIN] 15:35:26.984268 シナリオ走行を開始しました [シナリオ名: ログイン]
[ADMIN] 15:35:26.996754 シナリオ走行を終了しました [シナリオ名: ログイン]
[ADMIN] 15:35:26.996764 シナリオ走行を開始しました [シナリオ名: ログイン]
[ADMIN] 15:35:27.000422 シナリオ走行を終了しました [シナリオ名: ログイン]
[ADMIN] 15:35:27.000435 シナリオ走行を開始しました [シナリオ名: ログイン]
[ADMIN] 15:35:27.014437 シナリオ走行を終了しました [シナリオ名: 新規ユーザー登録]
[ADMIN] 15:35:27.014458 シナリオ走行を開始しました [シナリオ名: 新規ユーザー登録]
[ADMIN] 15:35:27.016897 シナリオ走行を終了しました [シナリオ名: 新規ユーザー登録]
[ADMIN] 15:35:27.016918 シナリオ走行を開始しました [シナリオ名: 新規ユーザー登録]
[ADMIN] 15:35:27.022099 シナリオ走行を終了しました [シナリオ名: ログイン]
[ADMIN] 15:35:27.022108 シナリオ走行を開始しました [シナリオ名: ログイン]
[ADMIN] 15:35:27.026926 シナリオ走行を終了しました [シナリオ名: ログイン]
[ADMIN] 15:35:27.026934 シナリオ走行を開始しました [シナリオ名: ログイン]
[ADMIN] 15:35:27.062693 シナリオ走行を終了しました [シナリオ名: 新規ユーザー登録]
[ADMIN] 15:35:27.062725 シナリオ走行を開始しました [シナリオ名: 新規ユーザー登録]
[ADMIN] 15:35:27.078123 シナリオ走行を終了しました [シナリオ名: ログイン]
[ADMIN] 15:35:27.078133 シナリオ走行を開始しました [シナリオ名: ログイン]
[ADMIN] 15:35:27.128106 シナリオ走行を終了しました [シナリオ名: 新規ユーザー登録]
[ADMIN] 15:35:27.128133 シナリオ走行を開始しました [シナリオ名: 新規ユーザー登録]
[ADMIN] 15:35:27.144280 シナリオ走行を終了しました [シナリオ名: ログイン]
[ADMIN] 15:35:27.144290 シナリオ走行を開始しました [シナリオ名: ログイン]
[ADMIN] 15:35:27.160105 シナリオ走行を終了しました [シナリオ名: 新規ユーザー登録]
[ADMIN] 15:35:27.160121 シナリオ走行を開始しました [シナリオ名: 新規ユーザー登録]
[ADMIN] 15:35:27.187045 シナリオ走行を終了しました [シナリオ名: ログイン]
[ADMIN] 15:35:27.187055 シナリオ走行を開始しました [シナリオ名: ログイン]
[ADMIN] 15:35:27.192547 シナリオ走行を終了しました [シナリオ名: ログイン]
[ADMIN] 15:35:27.192557 シナリオ走行を開始しました [シナリオ名: ログイン]
[ADMIN] 15:35:27.208569 シナリオ走行を終了しました [シナリオ名: ログイン]
[ADMIN] 15:35:27.208577 シナリオ走行を開始しました [シナリオ名: ログイン]
[ADMIN] 15:35:27.231774 シナリオ走行を終了しました [シナリオ名: Banユーザログイン]
[ADMIN] 15:35:27.231790 シナリオ走行を開始しました [シナリオ名: Banユーザログイン]
[ADMIN] 15:35:27.233176 シナリオ走行を終了しました [シナリオ名: Banユーザログイン]
[ADMIN] 15:35:27.233196 シナリオ走行を開始しました [シナリオ名: Banユーザログイン]
[ADMIN] 15:35:27.242070 シナリオ走行を終了しました [シナリオ名: Banユーザログイン]
[ADMIN] 15:35:27.242083 シナリオ走行を開始しました [シナリオ名: Banユーザログイン]
[ADMIN] 15:35:27.242814 シナリオ走行を終了しました [シナリオ名: Banユーザログイン]
[ADMIN] 15:35:27.242824 シナリオ走行を開始しました [シナリオ名: Banユーザログイン]
[ADMIN] 15:35:27.270894 シナリオ走行を終了しました [シナリオ名: ログイン]
[ADMIN] 15:35:27.270911 シナリオ走行を開始しました [シナリオ名: ログイン]
[ADMIN] 15:35:27.274152 シナリオ走行を終了しました [シナリオ名: ログイン]
[ADMIN] 15:35:27.274208 シナリオ走行を開始しました [シナリオ名: ログイン]
[ADMIN] 15:35:27.278405 シナリオ走行を終了しました [シナリオ名: ログイン]
[ADMIN] 15:35:27.278417 シナリオ走行を開始しました [シナリオ名: ログイン]
[ADMIN] 15:35:27.340359 シナリオ走行を終了しました [シナリオ名: ログイン]
[ADMIN] 15:35:27.340371 シナリオ走行を開始しました [シナリオ名: ログイン]
[ADMIN] 15:35:27.453310 シナリオ走行を終了しました [シナリオ名: ログイン]
[ADMIN] 15:35:27.453324 シナリオ走行を開始しました [シナリオ名: ログイン]
[ADMIN] 15:35:27.465559 シナリオ走行を終了しました [シナリオ名: ログイン]
[ADMIN] 15:35:27.465570 シナリオ走行を開始しました [シナリオ名: ログイン]
[ADMIN] 15:35:27.475451 シナリオ走行を終了しました [シナリオ名: ログイン]
[ADMIN] 15:35:27.475462 シナリオ走行を開始しました [シナリオ名: ログイン]
[ADMIN] 15:35:27.519178 シナリオ走行を終了しました [シナリオ名: ログイン]
[ADMIN] 15:35:27.519190 シナリオ走行を開始しました [シナリオ名: ログイン]
[ADMIN] 15:35:27.607713 シナリオ走行を終了しました [シナリオ名: ログイン]
[ADMIN] 15:35:27.607724 シナリオ走行を開始しました [シナリオ名: ログイン]
[ADMIN] 15:35:27.616381 シナリオ走行を終了しました [シナリオ名: ログイン]
[ADMIN] 15:35:27.616392 シナリオ走行を開始しました [シナリオ名: ログイン]
[ADMIN] 15:35:27.622725 シナリオ走行を終了しました [シナリオ名: ログイン]
[ADMIN] 15:35:27.622734 シナリオ走行を開始しました [シナリオ名: ログイン]
[ADMIN] 15:35:27.629703 シナリオ走行を終了しました [シナリオ名: ログイン]
[ADMIN] 15:35:27.629713 シナリオ走行を開始しました [シナリオ名: ログイン]
[ADMIN] 15:35:27.632851 シナリオ走行を終了しました [シナリオ名: ログイン]
[ADMIN] 15:35:27.632862 シナリオ走行を開始しました [シナリオ名: ログイン]
[ADMIN] 15:35:27.634707 シナリオ走行を終了しました [シナリオ名: ログイン]
[ADMIN] 15:35:27.634717 シナリオ走行を開始しました [シナリオ名: ログイン]
[ADMIN] 15:35:27.650480 シナリオ走行を終了しました [シナリオ名: 新規ユーザー登録]
[ADMIN] 15:35:27.650500 シナリオ走行を開始しました [シナリオ名: 新規ユーザー登録]
[ADMIN] 15:35:27.688591 シナリオ走行を終了しました [シナリオ名: ログイン]
[ADMIN] 15:35:27.688600 シナリオ走行を開始しました [シナリオ名: ログイン]
[ADMIN] 15:35:27.689729 シナリオ走行を終了しました [シナリオ名: ログイン]
[ADMIN] 15:35:27.689737 シナリオ走行を開始しました [シナリオ名: ログイン]
[ADMIN] 15:35:27.736613 シナリオ走行を終了しました [シナリオ名: Banユーザログイン]
[ADMIN] 15:35:27.736624 シナリオ走行を終了しました [シナリオ名: Banユーザログイン]
[ADMIN] 15:35:27.736639 シナリオ走行を開始しました [シナリオ名: Banユーザログイン]
[ADMIN] 15:35:27.736641 シナリオ走行を開始しました [シナリオ名: Banユーザログイン]
[ADMIN] 15:35:27.745482 シナリオ走行を終了しました [シナリオ名: Banユーザログイン]
[ADMIN] 15:35:27.745498 シナリオ走行を開始しました [シナリオ名: Banユーザログイン]
[ADMIN] 15:35:27.755593 シナリオ走行を終了しました [シナリオ名: ログイン]
[ADMIN] 15:35:27.755603 シナリオ走行を開始しました [シナリオ名: ログイン]
[ADMIN] 15:35:27.771633 シナリオ走行を終了しました [シナリオ名: Banユーザログイン]
[ADMIN] 15:35:27.771649 シナリオ走行を開始しました [シナリオ名: Banユーザログイン]
[ADMIN] 15:35:27.778293 シナリオ走行を終了しました [シナリオ名: ログイン]
[ADMIN] 15:35:27.778306 シナリオ走行を開始しました [シナリオ名: ログイン]
[ADMIN] 15:35:27.808102 シナリオ走行を終了しました [シナリオ名: 新規ユーザー登録]
[ADMIN] 15:35:27.808128 シナリオ走行を開始しました [シナリオ名: 新規ユーザー登録]
[ADMIN] 15:35:27.890285 シナリオ走行を終了しました [シナリオ名: ログイン]
[ADMIN] 15:35:27.890300 シナリオ走行を開始しました [シナリオ名: ログイン]
[ADMIN] 15:35:27.966879 シナリオ走行を終了しました [シナリオ名: ログイン]
[ADMIN] 15:35:27.966892 シナリオ走行を開始しました [シナリオ名: ログイン]
[ADMIN] 15:35:27.977714 シナリオ走行を終了しました [シナリオ名: 新規ユーザー登録]
[ADMIN] 15:35:27.977736 シナリオ走行を開始しました [シナリオ名: 新規ユーザー登録]
[ADMIN] 15:35:27.978644 シナリオ走行を終了しました [シナリオ名: ログイン]
[ADMIN] 15:35:27.978654 シナリオ走行を開始しました [シナリオ名: ログイン]
[ADMIN] 15:35:28.048669 シナリオ走行を終了しました [シナリオ名: ログイン]
[ADMIN] 15:35:28.048683 シナリオ走行を開始しました [シナリオ名: ログイン]
[ADMIN] 15:35:28.066641 シナリオ走行を終了しました [シナリオ名: ログイン]
[ADMIN] 15:35:28.066650 シナリオ走行を開始しました [シナリオ名: ログイン]
[ADMIN] 15:35:28.099033 シナリオ走行を終了しました [シナリオ名: ログイン]
[ADMIN] 15:35:28.099046 シナリオ走行を開始しました [シナリオ名: ログイン]
[ADMIN] 15:35:28.117961 シナリオ走行を終了しました [シナリオ名: ログイン]
[ADMIN] 15:35:28.117969 シナリオ走行を開始しました [シナリオ名: ログイン]
[ADMIN] 15:35:28.134529 シナリオ走行を終了しました [シナリオ名: ログイン]
[ADMIN] 15:35:28.134539 シナリオ走行を開始しました [シナリオ名: ログイン]
[ADMIN] 15:35:28.138516 シナリオ走行を終了しました [シナリオ名: ログイン]
[ADMIN] 15:35:28.138526 シナリオ走行を開始しました [シナリオ名: ログイン]
[ADMIN] 15:35:28.138768 シナリオ走行を終了しました [シナリオ名: ログイン]
[ADMIN] 15:35:28.138776 シナリオ走行を開始しました [シナリオ名: ログイン]
[ADMIN] 15:35:28.152152 シナリオ走行を終了しました [シナリオ名: ログイン]
[ADMIN] 15:35:28.152161 シナリオ走行を開始しました [シナリオ名: ログイン]
[ADMIN] 15:35:28.153589 シナリオ走行を終了しました [シナリオ名: ログイン]
[ADMIN] 15:35:28.153598 シナリオ走行を開始しました [シナリオ名: ログイン]
[ADMIN] 15:35:28.166534 シナリオ走行を終了しました [シナリオ名: 新規ユーザー登録]
[ADMIN] 15:35:28.166554 シナリオ走行を開始しました [シナリオ名: 新規ユーザー登録]
[ADMIN] 15:35:28.190179 シナリオ走行を終了しました [シナリオ名: 新規ユーザー登録]
[ADMIN] 15:35:28.190199 シナリオ走行を開始しました [シナリオ名: 新規ユーザー登録]
[ADMIN] 15:35:28.202791 シナリオ走行を終了しました [シナリオ名: ログイン]
[ADMIN] 15:35:28.202803 シナリオ走行を開始しました [シナリオ名: ログイン]
[ADMIN] 15:35:28.208350 シナリオ走行を終了しました [シナリオ名: ログイン]
[ADMIN] 15:35:28.208360 シナリオ走行を開始しました [シナリオ名: ログイン]
[ADMIN] 15:35:28.240391 シナリオ走行を終了しました [シナリオ名: Banユーザログイン]
[ADMIN] 15:35:28.240404 シナリオ走行を開始しました [シナリオ名: Banユーザログイン]
[ADMIN] 15:35:28.248232 シナリオ走行を終了しました [シナリオ名: Banユーザログイン]
[ADMIN] 15:35:28.248247 シナリオ走行を開始しました [シナリオ名: Banユーザログイン]
[ADMIN] 15:35:28.249617 シナリオ走行を終了しました [シナリオ名: Banユーザログイン]
[ADMIN] 15:35:28.249633 シナリオ走行を開始しました [シナリオ名: Banユーザログイン]
[ADMIN] 15:35:28.262896 シナリオ走行を終了しました [シナリオ名: ログイン]
[ADMIN] 15:35:28.262907 シナリオ走行を開始しました [シナリオ名: ログイン]
[ADMIN] 15:35:28.274343 シナリオ走行を終了しました [シナリオ名: Banユーザログイン]
[ADMIN] 15:35:28.274358 シナリオ走行を開始しました [シナリオ名: Banユーザログイン]
[ADMIN] 15:35:28.275810 シナリオ走行を終了しました [シナリオ名: 新規ユーザー登録]
[ADMIN] 15:35:28.275829 シナリオ走行を開始しました [シナリオ名: 新規ユーザー登録]
[ADMIN] 15:35:28.283445 シナリオ走行を終了しました [シナリオ名: 新規ユーザー登録]
[ADMIN] 15:35:28.283462 シナリオ走行を開始しました [シナリオ名: 新規ユーザー登録]
[ADMIN] 15:35:28.326425 シナリオ走行を終了しました [シナリオ名: ログイン]
[ADMIN] 15:35:28.326435 シナリオ走行を開始しました [シナリオ名: ログイン]
[ADMIN] 15:35:28.356421 シナリオ走行を終了しました [シナリオ名: ログイン]
[ADMIN] 15:35:28.356432 シナリオ走行を開始しました [シナリオ名: ログイン]
[ADMIN] 15:35:28.359812 シナリオ走行を終了しました [シナリオ名: ログイン]
[ADMIN] 15:35:28.359821 シナリオ走行を開始しました [シナリオ名: ログイン]
[ADMIN] 15:35:28.372614 シナリオ走行を終了しました [シナリオ名: 新規ユーザー登録]
[ADMIN] 15:35:28.372639 シナリオ走行を開始しました [シナリオ名: 新規ユーザー登録]
[ADMIN] 15:35:28.410790 シナリオ走行を終了しました [シナリオ名: 新規ユーザー登録]
[ADMIN] 15:35:28.410810 シナリオ走行を開始しました [シナリオ名: 新規ユーザー登録]
[ADMIN] 15:35:28.443761 シナリオ走行を終了しました [シナリオ名: 新規ユーザー登録]
[ADMIN] 15:35:28.443786 シナリオ走行を開始しました [シナリオ名: 新規ユーザー登録]
[ADMIN] 15:35:28.459714 シナリオ走行を終了しました [シナリオ名: ログイン]
[ADMIN] 15:35:28.459725 シナリオ走行を開始しました [シナリオ名: ログイン]
[ADMIN] 15:35:28.507587 シナリオ走行を終了しました [シナリオ名: ログイン]
[ADMIN] 15:35:28.507602 シナリオ走行を開始しました [シナリオ名: ログイン]
[ADMIN] 15:35:28.513406 シナリオ走行を終了しました [シナリオ名: ログイン]
[ADMIN] 15:35:28.513418 シナリオ走行を開始しました [シナリオ名: ログイン]
[ADMIN] 15:35:28.523780 シナリオ走行を終了しました [シナリオ名: 新規ユーザー登録]
[ADMIN] 15:35:28.523800 シナリオ走行を開始しました [シナリオ名: 新規ユーザー登録]
[ADMIN] 15:35:28.543788 シナリオ走行を終了しました [シナリオ名: ログイン]
[ADMIN] 15:35:28.543797 シナリオ走行を開始しました [シナリオ名: ログイン]
[ADMIN] 15:35:28.562462 シナリオ走行を終了しました [シナリオ名: 新規ユーザー登録]
[ADMIN] 15:35:28.562478 シナリオ走行を開始しました [シナリオ名: 新規ユーザー登録]
[ADMIN] 15:35:28.563916 シナリオ走行を終了しました [シナリオ名: ログイン]
[ADMIN] 15:35:28.563925 シナリオ走行を開始しました [シナリオ名: ログイン]
[ADMIN] 15:35:28.653125 シナリオ走行を終了しました [シナリオ名: ログイン]
[ADMIN] 15:35:28.653140 シナリオ走行を開始しました [シナリオ名: ログイン]
[ADMIN] 15:35:28.695715 シナリオ走行を終了しました [シナリオ名: ログイン]
[ADMIN] 15:35:28.695731 シナリオ走行を開始しました [シナリオ名: ログイン]
[ADMIN] 15:35:28.698969 シナリオ走行を終了しました [シナリオ名: ログイン]
[ADMIN] 15:35:28.698981 シナリオ走行を開始しました [シナリオ名: ログイン]
[ADMIN] 15:35:28.707952 シナリオ走行を終了しました [シナリオ名: ログイン]
[ADMIN] 15:35:28.707963 シナリオ走行を開始しました [シナリオ名: ログイン]
[ADMIN] 15:35:28.742943 シナリオ走行を終了しました [シナリオ名: Banユーザログイン]
[ADMIN] 15:35:28.742963 シナリオ走行を開始しました [シナリオ名: Banユーザログイン]
[ADMIN] 15:35:28.747660 シナリオ走行を終了しました [シナリオ名: ログイン]
[ADMIN] 15:35:28.747671 シナリオ走行を開始しました [シナリオ名: ログイン]
[ADMIN] 15:35:28.750132 シナリオ走行を終了しました [シナリオ名: Banユーザログイン]
[ADMIN] 15:35:28.750146 シナリオ走行を開始しました [シナリオ名: Banユーザログイン]
[ADMIN] 15:35:28.751524 シナリオ走行を終了しました [シナリオ名: Banユーザログイン]
[ADMIN] 15:35:28.751539 シナリオ走行を開始しました [シナリオ名: Banユーザログイン]
[ADMIN] 15:35:28.779752 シナリオ走行を終了しました [シナリオ名: Banユーザログイン]
[ADMIN] 15:35:28.779765 シナリオ走行を開始しました [シナリオ名: Banユーザログイン]
[ADMIN] 15:35:28.806604 シナリオ走行を終了しました [シナリオ名: ログイン]
[ADMIN] 15:35:28.806638 シナリオ走行を開始しました [シナリオ名: ログイン]
[ADMIN] 15:35:28.829531 シナリオ走行を終了しました [シナリオ名: ログイン]
[ADMIN] 15:35:28.829541 シナリオ走行を開始しました [シナリオ名: ログイン]
[ADMIN] 15:35:28.887664 シナリオ走行を終了しました [シナリオ名: 新規ユーザー登録]
[ADMIN] 15:35:28.887688 シナリオ走行を開始しました [シナリオ名: 新規ユーザー登録]
[ADMIN] 15:35:28.917162 シナリオ走行を終了しました [シナリオ名: ログイン]
[ADMIN] 15:35:28.917175 シナリオ走行を開始しました [シナリオ名: ログイン]
[ADMIN] 15:35:29.019603 シナリオ走行を終了しました [シナリオ名: ログイン]
[ADMIN] 15:35:29.019615 シナリオ走行を開始しました [シナリオ名: ログイン]
[ADMIN] 15:35:29.026646 シナリオ走行を終了しました [シナリオ名: ログイン]
[ADMIN] 15:35:29.026658 シナリオ走行を開始しました [シナリオ名: ログイン]
[ADMIN] 15:35:29.056981 シナリオ走行を終了しました [シナリオ名: 新規ユーザー登録]
[ADMIN] 15:35:29.057005 シナリオ走行を開始しました [シナリオ名: 新規ユーザー登録]
[ADMIN] 15:35:29.061390 シナリオ走行を終了しました [シナリオ名: ログイン]
[ADMIN] 15:35:29.061399 シナリオ走行を開始しました [シナリオ名: ログイン]
[ADMIN] 15:35:29.062542 シナリオ走行を終了しました [シナリオ名: ログイン]
[ADMIN] 15:35:29.062551 シナリオ走行を開始しました [シナリオ名: ログイン]
[ADMIN] 15:35:29.063274 シナリオ走行を終了しました [シナリオ名: ログイン]
[ADMIN] 15:35:29.063282 シナリオ走行を開始しました [シナリオ名: ログイン]
[ADMIN] 15:35:29.074339 シナリオ走行を終了しました [シナリオ名: 新規ユーザー登録]
[ADMIN] 15:35:29.074362 シナリオ走行を開始しました [シナリオ名: 新規ユーザー登録]
[ADMIN] 15:35:29.097910 シナリオ走行を終了しました [シナリオ名: ログイン]
[ADMIN] 15:35:29.097924 シナリオ走行を開始しました [シナリオ名: ログイン]
[ADMIN] 15:35:29.112892 シナリオ走行を終了しました [シナリオ名: ログイン]
[ADMIN] 15:35:29.112903 シナリオ走行を開始しました [シナリオ名: ログイン]
[ADMIN] 15:35:29.123382 シナリオ走行を終了しました [シナリオ名: ログイン]
[ADMIN] 15:35:29.123391 シナリオ走行を開始しました [シナリオ名: ログイン]
[ADMIN] 15:35:29.132987 シナリオ走行を終了しました [シナリオ名: ログイン]
[ADMIN] 15:35:29.132998 シナリオ走行を開始しました [シナリオ名: ログイン]
[ADMIN] 15:35:29.246586 シナリオ走行を終了しました [シナリオ名: Banユーザログイン]
[ADMIN] 15:35:29.246605 シナリオ走行を開始しました [シナリオ名: Banユーザログイン]
[ADMIN] 15:35:29.256385 シナリオ走行を終了しました [シナリオ名: ログイン]
[ADMIN] 15:35:29.256398 シナリオ走行を開始しました [シナリオ名: ログイン]
[ADMIN] 15:35:29.259608 シナリオ走行を終了しました [シナリオ名: ログイン]
[ADMIN] 15:35:29.259618 シナリオ走行を開始しました [シナリオ名: ログイン]
[ADMIN] 15:35:29.270388 シナリオ走行を終了しました [シナリオ名: Banユーザログイン]
[ADMIN] 15:35:29.270404 シナリオ走行を開始しました [シナリオ名: Banユーザログイン]
[ADMIN] 15:35:29.272863 シナリオ走行を終了しました [シナリオ名: Banユーザログイン]
[ADMIN] 15:35:29.272875 シナリオ走行を開始しました [シナリオ名: Banユーザログイン]
[ADMIN] 15:35:29.276429 シナリオ走行を終了しました [シナリオ名: ログイン]
[ADMIN] 15:35:29.276440 シナリオ走行を開始しました [シナリオ名: ログイン]
[ADMIN] 15:35:29.309060 シナリオ走行を終了しました [シナリオ名: ログイン]
[ADMIN] 15:35:29.309075 シナリオ走行を開始しました [シナリオ名: ログイン]
[ADMIN] 15:35:29.310657 シナリオ走行を終了しました [シナリオ名: ログイン]
[ADMIN] 15:35:29.310670 シナリオ走行を開始しました [シナリオ名: ログイン]
[ADMIN] 15:35:29.316572 シナリオ走行を終了しました [シナリオ名: ログイン]
[ADMIN] 15:35:29.316582 シナリオ走行を開始しました [シナリオ名: ログイン]
[ADMIN] 15:35:29.345066 シナリオ走行を終了しました [シナリオ名: Banユーザログイン]
[ADMIN] 15:35:29.345086 シナリオ走行を開始しました [シナリオ名: Banユーザログイン]
[ADMIN] 15:35:29.348340 シナリオ走行を終了しました [シナリオ名: ログイン]
[ADMIN] 15:35:29.348350 シナリオ走行を開始しました [シナリオ名: ログイン]
[ADMIN] 15:35:29.364988 シナリオ走行を終了しました [シナリオ名: ログイン]
[ADMIN] 15:35:29.365000 シナリオ走行を開始しました [シナリオ名: ログイン]
[ADMIN] 15:35:29.378417 シナリオ走行を終了しました [シナリオ名: ログイン]
[ADMIN] 15:35:29.378428 シナリオ走行を開始しました [シナリオ名: ログイン]
[ADMIN] 15:35:29.386129 シナリオ走行を終了しました [シナリオ名: ログイン]
[ADMIN] 15:35:29.386142 シナリオ走行を開始しました [シナリオ名: ログイン]
[ADMIN] 15:35:29.400075 シナリオ走行を終了しました [シナリオ名: 新規ユーザー登録]
[ADMIN] 15:35:29.400094 シナリオ走行を開始しました [シナリオ名: 新規ユーザー登録]
[ADMIN] 15:35:29.469816 シナリオ走行を終了しました [シナリオ名: 新規ユーザー登録]
[ADMIN] 15:35:29.469839 シナリオ走行を開始しました [シナリオ名: 新規ユーザー登録]
[ADMIN] 15:35:29.518097 シナリオ走行を終了しました [シナリオ名: ログイン]
[ADMIN] 15:35:29.518117 シナリオ走行を開始しました [シナリオ名: ログイン]
[ADMIN] 15:35:29.526069 シナリオ走行を終了しました [シナリオ名: ログイン]
[ADMIN] 15:35:29.526081 シナリオ走行を開始しました [シナリオ名: ログイン]
[ADMIN] 15:35:29.556534 シナリオ走行を終了しました [シナリオ名: ログイン]
[ADMIN] 15:35:29.556549 シナリオ走行を開始しました [シナリオ名: ログイン]
[ADMIN] 15:35:29.579097 シナリオ走行を終了しました [シナリオ名: 新規ユーザー登録]
[ADMIN] 15:35:29.579119 シナリオ走行を開始しました [シナリオ名: 新規ユーザー登録]
[ADMIN] 15:35:29.583635 シナリオ走行を終了しました [シナリオ名: ログイン]
[ADMIN] 15:35:29.583649 シナリオ走行を開始しました [シナリオ名: ログイン]
[ADMIN] 15:35:29.591844 シナリオ走行を終了しました [シナリオ名: ログイン]
[ADMIN] 15:35:29.591853 シナリオ走行を開始しました [シナリオ名: ログイン]
[ADMIN] 15:35:29.599488 シナリオ走行を終了しました [シナリオ名: 新規ユーザー登録]
[ADMIN] 15:35:29.599508 シナリオ走行を開始しました [シナリオ名: 新規ユーザー登録]
[ADMIN] 15:35:29.639150 シナリオ走行を終了しました [シナリオ名: ログイン]
[ADMIN] 15:35:29.639161 シナリオ走行を開始しました [シナリオ名: ログイン]
[ADMIN] 15:35:29.713458 シナリオ走行を終了しました [シナリオ名: 新規ユーザー登録]
[ADMIN] 15:35:29.713484 シナリオ走行を開始しました [シナリオ名: 新規ユーザー登録]
[ADMIN] 15:35:29.734529 シナリオ走行を終了しました [シナリオ名: 新規ユーザー登録]
[ADMIN] 15:35:29.734549 シナリオ走行を開始しました [シナリオ名: 新規ユーザー登録]
[ADMIN] 15:35:29.744800 シナリオ走行を終了しました [シナリオ名: ログイン]
[ADMIN] 15:35:29.744812 シナリオ走行を開始しました [シナリオ名: ログイン]
[ADMIN] 15:35:29.761175 シナリオ走行を終了しました [シナリオ名: Banユーザログイン]
[ADMIN] 15:35:29.761191 シナリオ走行を開始しました [シナリオ名: Banユーザログイン]
[ADMIN] 15:35:29.764850 シナリオ走行を終了しました [シナリオ名: ログイン]
[ADMIN] 15:35:29.764860 シナリオ走行を開始しました [シナリオ名: ログイン]
[ADMIN] 15:35:29.774888 シナリオ走行を終了しました [シナリオ名: Banユーザログイン]
[ADMIN] 15:35:29.774901 シナリオ走行を開始しました [シナリオ名: Banユーザログイン]
[ADMIN] 15:35:29.776290 シナリオ走行を終了しました [シナリオ名: Banユーザログイン]
[ADMIN] 15:35:29.776302 シナリオ走行を開始しました [シナリオ名: Banユーザログイン]
[ADMIN] 15:35:29.787434 シナリオ走行を終了しました [シナリオ名: 新規ユーザー登録]
[ADMIN] 15:35:29.787452 シナリオ走行を開始しました [シナリオ名: 新規ユーザー登録]
[ADMIN] 15:35:29.850431 シナリオ走行を終了しました [シナリオ名: Banユーザログイン]
[ADMIN] 15:35:29.850449 シナリオ走行を開始しました [シナリオ名: Banユーザログイン]
[ADMIN] 15:35:29.851641 シナリオ走行を終了しました [シナリオ名: 新規ユーザー登録]
[ADMIN] 15:35:29.851663 シナリオ走行を開始しました [シナリオ名: 新規ユーザー登録]
15:35:29.871824 現在のログイン成功数: [total: 1777 (+949人)]
15:35:29.871835 現在のユーザー登録成功数: [total: 760 (+347人)]
[ADMIN] 15:35:29.913636 シナリオ走行を終了しました [シナリオ名: 新規ユーザー登録]
[ADMIN] 15:35:29.913661 シナリオ走行を開始しました [シナリオ名: 新規ユーザー登録]
[ADMIN] 15:35:29.942808 シナリオ走行を終了しました [シナリオ名: ログイン]
[ADMIN] 15:35:29.942823 シナリオ走行を開始しました [シナリオ名: ログイン]
[ADMIN] 15:35:29.951855 シナリオ走行を終了しました [シナリオ名: ログイン]
[ADMIN] 15:35:29.951882 シナリオ走行を開始しました [シナリオ名: ログイン]
[ADMIN] 15:35:29.951925 シナリオ走行を開始しました [シナリオ名: ログイン]
[ADMIN] 15:35:29.951954 シナリオ走行を開始しました [シナリオ名: ログイン]
[ADMIN] 15:35:29.951986 シナリオ走行を開始しました [シナリオ名: ログイン]
[ADMIN] 15:35:29.951999 シナリオ走行を開始しました [シナリオ名: ログイン]
[ADMIN] 15:35:29.952066 シナリオ走行を開始しました [シナリオ名: ログイン]
[ADMIN] 15:35:29.952096 シナリオ走行を開始しました [シナリオ名: ログイン]
[ADMIN] 15:35:29.952108 シナリオ走行を開始しました [シナリオ名: ログイン]
[ADMIN] 15:35:29.952177 シナリオ走行を開始しました [シナリオ名: ログイン]
[ADMIN] 15:35:29.952200 シナリオ走行を開始しました [シナリオ名: ログイン]
[ADMIN] 15:35:29.951961 シナリオ走行を開始しました [シナリオ名: ログイン]
[ADMIN] 15:35:29.951998 シナリオ走行を開始しました [シナリオ名: ログイン]
[ADMIN] 15:35:29.952296 シナリオ走行を開始しました [シナリオ名: ログイン]
[ADMIN] 15:35:29.951959 シナリオ走行を開始しました [シナリオ名: ログイン]
[ADMIN] 15:35:29.952359 シナリオ走行を開始しました [シナリオ名: ログイン]
[ADMIN] 15:35:29.951997 シナリオ走行を開始しました [シナリオ名: ログイン]
[ADMIN] 15:35:30.032482 シナリオ走行を終了しました [シナリオ名: ログイン]
[ADMIN] 15:35:30.080837 シナリオ走行を終了しました [シナリオ名: ログイン]
[ADMIN] 15:35:30.083994 シナリオ走行を終了しました [シナリオ名: 新規ユーザー登録]
[ADMIN] 15:35:30.084019 シナリオ走行を開始しました [シナリオ名: 新規ユーザー登録]
[ADMIN] 15:35:30.174288 シナリオ走行を終了しました [シナリオ名: ログイン]
[ADMIN] 15:35:30.236577 シナリオ走行を終了しました [シナリオ名: ログイン]
[ADMIN] 15:35:30.243566 シナリオ走行を終了しました [シナリオ名: ログイン]
[ADMIN] 15:35:30.247569 シナリオ走行を終了しました [シナリオ名: ログイン]
[ADMIN] 15:35:30.247578 シナリオ走行を終了しました [シナリオ名: ログイン]
[ADMIN] 15:35:30.249436 シナリオ走行を終了しました [シナリオ名: ログイン]
[ADMIN] 15:35:30.253598 シナリオ走行を終了しました [シナリオ名: ログイン]
[ADMIN] 15:35:30.264505 シナリオ走行を終了しました [シナリオ名: Banユーザログイン]
[ADMIN] 15:35:30.264525 シナリオ走行を開始しました [シナリオ名: Banユーザログイン]
[ADMIN] 15:35:30.279183 シナリオ走行を終了しました [シナリオ名: Banユーザログイン]
[ADMIN] 15:35:30.279195 シナリオ走行を開始しました [シナリオ名: Banユーザログイン]
[ADMIN] 15:35:30.281062 シナリオ走行を終了しました [シナリオ名: Banユーザログイン]
[ADMIN] 15:35:30.281075 シナリオ走行を開始しました [シナリオ名: Banユーザログイン]
[ADMIN] 15:35:30.337857 シナリオ走行を終了しました [シナリオ名: 新規ユーザー登録]
[ADMIN] 15:35:30.337895 シナリオ走行を開始しました [シナリオ名: 新規ユーザー登録]
[ADMIN] 15:35:30.337913 シナリオ走行を開始しました [シナリオ名: 新規ユーザー登録]
[ADMIN] 15:35:30.337961 シナリオ走行を開始しました [シナリオ名: 新規ユーザー登録]
[ADMIN] 15:35:30.337989 シナリオ走行を開始しました [シナリオ名: 新規ユーザー登録]
[ADMIN] 15:35:30.338039 シナリオ走行を開始しました [シナリオ名: 新規ユーザー登録]
[ADMIN] 15:35:30.338057 シナリオ走行を開始しました [シナリオ名: 新規ユーザー登録]
[ADMIN] 15:35:30.337965 シナリオ走行を開始しました [シナリオ名: 新規ユーザー登録]
[ADMIN] 15:35:30.338124 シナリオ走行を開始しました [シナリオ名: 新規ユーザー登録]
[ADMIN] 15:35:30.337980 シナリオ走行を開始しました [シナリオ名: 新規ユーザー登録]
[ADMIN] 15:35:30.354002 シナリオ走行を終了しました [シナリオ名: Banユーザログイン]
[ADMIN] 15:35:30.354019 シナリオ走行を開始しました [シナリオ名: Banユーザログイン]
[ADMIN] 15:35:30.358115 シナリオ走行を終了しました [シナリオ名: ログイン]
[ADMIN] 15:35:30.404203 シナリオ走行を終了しました [シナリオ名: ログイン]
[ADMIN] 15:35:30.417441 シナリオ走行を終了しました [シナリオ名: ログイン]
[ADMIN] 15:35:30.417467 シナリオ走行を開始しました [シナリオ名: ログイン]
[ADMIN] 15:35:30.417515 シナリオ走行を開始しました [シナリオ名: ログイン]
[ADMIN] 15:35:30.417522 シナリオ走行を開始しました [シナリオ名: ログイン]
[ADMIN] 15:35:30.417559 シナリオ走行を開始しました [シナリオ名: ログイン]
[ADMIN] 15:35:30.417608 シナリオ走行を開始しました [シナリオ名: ログイン]
[ADMIN] 15:35:30.417641 シナリオ走行を開始しました [シナリオ名: ログイン]
[ADMIN] 15:35:30.417643 シナリオ走行を開始しました [シナリオ名: ログイン]
[ADMIN] 15:35:30.417670 シナリオ走行を開始しました [シナリオ名: ログイン]
[ADMIN] 15:35:30.417721 シナリオ走行を開始しました [シナリオ名: ログイン]
[ADMIN] 15:35:30.417737 シナリオ走行を開始しました [シナリオ名: ログイン]
[ADMIN] 15:35:30.417741 シナリオ走行を開始しました [シナリオ名: ログイン]
[ADMIN] 15:35:30.417763 シナリオ走行を開始しました [シナリオ名: ログイン]
[ADMIN] 15:35:30.442267 シナリオ走行を終了しました [シナリオ名: ログイン]
[ADMIN] 15:35:30.584844 シナリオ走行を終了しました [シナリオ名: ログイン]
[ADMIN] 15:35:30.629445 シナリオ走行を終了しました [シナリオ名: 新規ユーザー登録]
[ADMIN] 15:35:30.631521 シナリオ走行を終了しました [シナリオ名: ログイン]
[ADMIN] 15:35:30.640972 シナリオ走行を終了しました [シナリオ名: ログイン]
[ADMIN] 15:35:30.658223 シナリオ走行を終了しました [シナリオ名: ログイン]
[ADMIN] 15:35:30.669198 シナリオ走行を終了しました [シナリオ名: ログイン]
[ADMIN] 15:35:30.683523 シナリオ走行を終了しました [シナリオ名: ログイン]
[ADMIN] 15:35:30.693305 シナリオ走行を終了しました [シナリオ名: ログイン]
[ADMIN] 15:35:30.708915 シナリオ走行を終了しました [シナリオ名: ログイン]
[ADMIN] 15:35:30.710678 シナリオ走行を終了しました [シナリオ名: ログイン]
[ADMIN] 15:35:30.783763 シナリオ走行を終了しました [シナリオ名: Banユーザログイン]
[ADMIN] 15:35:30.783797 シナリオ走行を開始しました [シナリオ名: Banユーザログイン]
[ADMIN] 15:35:30.783808 シナリオ走行を開始しました [シナリオ名: Banユーザログイン]
[ADMIN] 15:35:30.783810 シナリオ走行を開始しました [シナリオ名: Banユーザログイン]
[ADMIN] 15:35:30.785302 シナリオ走行を終了しました [シナリオ名: Banユーザログイン]
[ADMIN] 15:35:30.823962 シナリオ走行を終了しました [シナリオ名: Banユーザログイン]
[ADMIN] 15:35:30.849634 シナリオ走行を終了しました [シナリオ名: ログイン]
[ADMIN] 15:35:30.849658 シナリオ走行を開始しました [シナリオ名: ログイン]
[ADMIN] 15:35:30.849702 シナリオ走行を開始しました [シナリオ名: ログイン]
[ADMIN] 15:35:30.849755 シナリオ走行を開始しました [シナリオ名: ログイン]
[ADMIN] 15:35:30.849785 シナリオ走行を開始しました [シナリオ名: ログイン]
[ADMIN] 15:35:30.849797 シナリオ走行を開始しました [シナリオ名: ログイン]
[ADMIN] 15:35:30.849800 シナリオ走行を開始しました [シナリオ名: ログイン]
[ADMIN] 15:35:30.849803 シナリオ走行を開始しました [シナリオ名: ログイン]
[ADMIN] 15:35:30.849775 シナリオ走行を開始しました [シナリオ名: ログイン]
[ADMIN] 15:35:30.849778 シナリオ走行を開始しました [シナリオ名: ログイン]
[ADMIN] 15:35:30.849781 シナリオ走行を開始しました [シナリオ名: ログイン]
[ADMIN] 15:35:30.849784 シナリオ走行を開始しました [シナリオ名: ログイン]
[ADMIN] 15:35:30.852711 シナリオ走行を終了しました [シナリオ名: ログイン]
[ADMIN] 15:35:30.852721 シナリオ走行を開始しました [シナリオ名: ログイン]
[ADMIN] 15:35:30.859821 シナリオ走行を終了しました [シナリオ名: ログイン]
[ADMIN] 15:35:30.870560 シナリオ走行を終了しました [シナリオ名: Banユーザログイン]
[ADMIN] 15:35:30.873729 シナリオ走行を終了しました [シナリオ名: ログイン]
[ADMIN] 15:35:30.876151 シナリオ走行を終了しました [シナリオ名: ログイン]
[ADMIN] 15:35:30.876173 シナリオ走行を開始しました [シナリオ名: ログイン]
[ADMIN] 15:35:30.876217 シナリオ走行を開始しました [シナリオ名: ログイン]
[ADMIN] 15:35:30.876225 シナリオ走行を開始しました [シナリオ名: ログイン]
[ADMIN] 15:35:30.884679 シナリオ走行を終了しました [シナリオ名: ログイン]
[ADMIN] 15:35:30.884691 シナリオ走行を開始しました [シナリオ名: ログイン]
[ADMIN] 15:35:30.901185 シナリオ走行を終了しました [シナリオ名: ログイン]
[ADMIN] 15:35:30.901206 シナリオ走行を開始しました [シナリオ名: ログイン]
[ADMIN] 15:35:30.902174 シナリオ走行を終了しました [シナリオ名: ログイン]
[ADMIN] 15:35:30.938018 シナリオ走行を終了しました [シナリオ名: ログイン]
[ADMIN] 15:35:30.940254 シナリオ走行を終了しました [シナリオ名: ログイン]
[ADMIN] 15:35:30.940264 シナリオ走行を開始しました [シナリオ名: ログイン]
[ADMIN] 15:35:30.940310 シナリオ走行を開始しました [シナリオ名: ログイン]
[ADMIN] 15:35:30.940318 シナリオ走行を開始しました [シナリオ名: ログイン]
[ADMIN] 15:35:30.998162 シナリオ走行を終了しました [シナリオ名: ログイン]
[ADMIN] 15:35:30.998176 シナリオ走行を開始しました [シナリオ名: ログイン]
[ADMIN] 15:35:31.023086 シナリオ走行を終了しました [シナリオ名: ログイン]
[ADMIN] 15:35:31.023098 シナリオ走行を開始しました [シナリオ名: ログイン]
[ADMIN] 15:35:31.102169 シナリオ走行を終了しました [シナリオ名: 新規ユーザー登録]
[ADMIN] 15:35:31.119412 シナリオ走行を終了しました [シナリオ名: ログイン]
[ADMIN] 15:35:31.128845 シナリオ走行を終了しました [シナリオ名: ログイン]
[ADMIN] 15:35:31.128858 シナリオ走行を開始しました [シナリオ名: ログイン]
[ADMIN] 15:35:31.128914 シナリオ走行を開始しました [シナリオ名: ログイン]
[ADMIN] 15:35:31.187878 シナリオ走行を終了しました [シナリオ名: ログイン]
[ADMIN] 15:35:31.187892 シナリオ走行を開始しました [シナリオ名: ログイン]
[ADMIN] 15:35:31.189867 シナリオ走行を終了しました [シナリオ名: ログイン]
[ADMIN] 15:35:31.189879 シナリオ走行を開始しました [シナリオ名: ログイン]
[ADMIN] 15:35:31.293540 シナリオ走行を終了しました [シナリオ名: Banユーザログイン]
[ADMIN] 15:35:31.293557 シナリオ走行を開始しました [シナリオ名: Banユーザログイン]
[ADMIN] 15:35:31.293560 シナリオ走行を開始しました [シナリオ名: Banユーザログイン]
[ADMIN] 15:35:31.293607 シナリオ走行を開始しました [シナリオ名: Banユーザログイン]
[ADMIN] 15:35:31.293664 シナリオ走行を開始しました [シナリオ名: Banユーザログイン]
[ADMIN] 15:35:31.295047 シナリオ走行を終了しました [シナリオ名: Banユーザログイン]
[ADMIN] 15:35:31.295062 シナリオ走行を開始しました [シナリオ名: Banユーザログイン]
[ADMIN] 15:35:31.295363 シナリオ走行を終了しました [シナリオ名: Banユーザログイン]
[ADMIN] 15:35:31.295372 シナリオ走行を開始しました [シナリオ名: Banユーザログイン]
[ADMIN] 15:35:31.351003 シナリオ走行を終了しました [シナリオ名: ログイン]
[ADMIN] 15:35:31.351014 シナリオ走行を開始しました [シナリオ名: ログイン]
[ADMIN] 15:35:31.353307 シナリオ走行を終了しました [シナリオ名: ログイン]
[ADMIN] 15:35:31.353321 シナリオ走行を開始しました [シナリオ名: ログイン]
[ADMIN] 15:35:31.355590 シナリオ走行を終了しました [シナリオ名: ログイン]
[ADMIN] 15:35:31.382201 シナリオ走行を終了しました [シナリオ名: ログイン]
[ADMIN] 15:35:31.382213 シナリオ走行を開始しました [シナリオ名: ログイン]
[ADMIN] 15:35:31.382267 シナリオ走行を開始しました [シナリオ名: ログイン]
[ADMIN] 15:35:31.418382 シナリオ走行を終了しました [シナリオ名: 新規ユーザー登録]
[ADMIN] 15:35:31.425899 シナリオ走行を終了しました [シナリオ名: ログイン]
[ADMIN] 15:35:31.425912 シナリオ走行を開始しました [シナリオ名: ログイン]
[ADMIN] 15:35:31.435025 シナリオ走行を終了しました [シナリオ名: ログイン]
[ADMIN] 15:35:31.435036 シナリオ走行を開始しました [シナリオ名: ログイン]
[ADMIN] 15:35:31.465677 シナリオ走行を終了しました [シナリオ名: 新規ユーザー登録]
[ADMIN] 15:35:31.508190 シナリオ走行を終了しました [シナリオ名: 新規ユーザー登録]
[ADMIN] 15:35:31.585306 シナリオ走行を終了しました [シナリオ名: ログイン]
[ADMIN] 15:35:31.585322 シナリオ走行を開始しました [シナリオ名: ログイン]
[ADMIN] 15:35:31.598227 シナリオ走行を終了しました [シナリオ名: ログイン]
[ADMIN] 15:35:31.598240 シナリオ走行を開始しました [シナリオ名: ログイン]
[ADMIN] 15:35:31.604530 シナリオ走行を終了しました [シナリオ名: ログイン]
[ADMIN] 15:35:31.604543 シナリオ走行を開始しました [シナリオ名: ログイン]
[ADMIN] 15:35:31.619486 シナリオ走行を終了しました [シナリオ名: 新規ユーザー登録]
[ADMIN] 15:35:31.637479 シナリオ走行を終了しました [シナリオ名: 新規ユーザー登録]
[ADMIN] 15:35:31.651853 シナリオ走行を終了しました [シナリオ名: ログイン]
[ADMIN] 15:35:31.651869 シナリオ走行を開始しました [シナリオ名: ログイン]
[ADMIN] 15:35:31.669588 シナリオ走行を終了しました [シナリオ名: ログイン]
[ADMIN] 15:35:31.669606 シナリオ走行を開始しました [シナリオ名: ログイン]
[ADMIN] 15:35:31.677303 シナリオ走行を終了しました [シナリオ名: 新規ユーザー登録]
[ADMIN] 15:35:31.685132 シナリオ走行を終了しました [シナリオ名: 新規ユーザー登録]
[ADMIN] 15:35:31.694351 シナリオ走行を終了しました [シナリオ名: ログイン]
[ADMIN] 15:35:31.694365 シナリオ走行を開始しました [シナリオ名: ログイン]
[ADMIN] 15:35:31.725151 シナリオ走行を終了しました [シナリオ名: ログイン]
[ADMIN] 15:35:31.725165 シナリオ走行を開始しました [シナリオ名: ログイン]
[ADMIN] 15:35:31.727682 シナリオ走行を終了しました [シナリオ名: ログイン]
[ADMIN] 15:35:31.727695 シナリオ走行を開始しました [シナリオ名: ログイン]
[ADMIN] 15:35:31.731782 シナリオ走行を終了しました [シナリオ名: ログイン]
[ADMIN] 15:35:31.731794 シナリオ走行を開始しました [シナリオ名: ログイン]
[ADMIN] 15:35:31.744333 シナリオ走行を終了しました [シナリオ名: ログイン]
[ADMIN] 15:35:31.744352 シナリオ走行を開始しました [シナリオ名: ログイン]
[ADMIN] 15:35:31.764836 シナリオ走行を終了しました [シナリオ名: ログイン]
[ADMIN] 15:35:31.764847 シナリオ走行を開始しました [シナリオ名: ログイン]
[ADMIN] 15:35:31.784742 シナリオ走行を終了しました [シナリオ名: ログイン]
[ADMIN] 15:35:31.784757 シナリオ走行を開始しました [シナリオ名: ログイン]
[ADMIN] 15:35:31.786132 シナリオ走行を終了しました [シナリオ名: ログイン]
[ADMIN] 15:35:31.786142 シナリオ走行を開始しました [シナリオ名: ログイン]
[ADMIN] 15:35:31.818060 シナリオ走行を終了しました [シナリオ名: Banユーザログイン]
[ADMIN] 15:35:31.818078 シナリオ走行を開始しました [シナリオ名: Banユーザログイン]
[ADMIN] 15:35:31.819499 シナリオ走行を終了しました [シナリオ名: Banユーザログイン]
[ADMIN] 15:35:31.819513 シナリオ走行を開始しました [シナリオ名: Banユーザログイン]
[ADMIN] 15:35:31.821928 シナリオ走行を終了しました [シナリオ名: Banユーザログイン]
[ADMIN] 15:35:31.821940 シナリオ走行を開始しました [シナリオ名: Banユーザログイン]
[ADMIN] 15:35:31.829379 シナリオ走行を終了しました [シナリオ名: Banユーザログイン]
[ADMIN] 15:35:31.829393 シナリオ走行を開始しました [シナリオ名: Banユーザログイン]
[ADMIN] 15:35:31.831834 シナリオ走行を終了しました [シナリオ名: Banユーザログイン]
[ADMIN] 15:35:31.831846 シナリオ走行を開始しました [シナリオ名: Banユーザログイン]
[ADMIN] 15:35:31.831907 シナリオ走行を終了しました [シナリオ名: Banユーザログイン]
[ADMIN] 15:35:31.831918 シナリオ走行を開始しました [シナリオ名: Banユーザログイン]
[ADMIN] 15:35:31.836092 シナリオ走行を終了しました [シナリオ名: 新規ユーザー登録]
[ADMIN] 15:35:31.844129 シナリオ走行を終了しました [シナリオ名: ログイン]
[ADMIN] 15:35:31.844139 シナリオ走行を開始しました [シナリオ名: ログイン]
[ADMIN] 15:35:31.865912 シナリオ走行を終了しました [シナリオ名: ログイン]
[ADMIN] 15:35:31.865922 シナリオ走行を開始しました [シナリオ名: ログイン]
[ADMIN] 15:35:31.922373 シナリオ走行を終了しました [シナリオ名: 新規ユーザー登録]
[ADMIN] 15:35:31.995325 シナリオ走行を終了しました [シナリオ名: ログイン]
[ADMIN] 15:35:31.995343 シナリオ走行を開始しました [シナリオ名: ログイン]
[ADMIN] 15:35:32.003373 シナリオ走行を終了しました [シナリオ名: ログイン]
[ADMIN] 15:35:32.003384 シナリオ走行を開始しました [シナリオ名: ログイン]
[ADMIN] 15:35:32.017657 シナリオ走行を終了しました [シナリオ名: ログイン]
[ADMIN] 15:35:32.017665 シナリオ走行を開始しました [シナリオ名: ログイン]
[ADMIN] 15:35:32.020761 シナリオ走行を終了しました [シナリオ名: ログイン]
[ADMIN] 15:35:32.020770 シナリオ走行を開始しました [シナリオ名: ログイン]
[ADMIN] 15:35:32.027141 シナリオ走行を終了しました [シナリオ名: ログイン]
[ADMIN] 15:35:32.027152 シナリオ走行を開始しました [シナリオ名: ログイン]
[ADMIN] 15:35:32.032755 シナリオ走行を終了しました [シナリオ名: ログイン]
[ADMIN] 15:35:32.032763 シナリオ走行を開始しました [シナリオ名: ログイン]
[ADMIN] 15:35:32.034165 シナリオ走行を終了しました [シナリオ名: ログイン]
[ADMIN] 15:35:32.034176 シナリオ走行を開始しました [シナリオ名: ログイン]
[ADMIN] 15:35:32.046049 シナリオ走行を終了しました [シナリオ名: 新規ユーザー登録]
[ADMIN] 15:35:32.063190 シナリオ走行を終了しました [シナリオ名: ログイン]
[ADMIN] 15:35:32.063198 シナリオ走行を開始しました [シナリオ名: ログイン]
[ADMIN] 15:35:32.075026 シナリオ走行を終了しました [シナリオ名: 新規ユーザー登録]
[ADMIN] 15:35:32.075102 シナリオ走行を開始しました [シナリオ名: 新規ユーザー登録]
[ADMIN] 15:35:32.075116 シナリオ走行を開始しました [シナリオ名: 新規ユーザー登録]
[ADMIN] 15:35:32.075124 シナリオ走行を開始しました [シナリオ名: 新規ユーザー登録]
[ADMIN] 15:35:32.075184 シナリオ走行を開始しました [シナリオ名: 新規ユーザー登録]
[ADMIN] 15:35:32.075234 シナリオ走行を開始しました [シナリオ名: 新規ユーザー登録]
[ADMIN] 15:35:32.075264 シナリオ走行を開始しました [シナリオ名: 新規ユーザー登録]
[ADMIN] 15:35:32.075274 シナリオ走行を開始しました [シナリオ名: 新規ユーザー登録]
[ADMIN] 15:35:32.075353 シナリオ走行を開始しました [シナリオ名: 新規ユーザー登録]
[ADMIN] 15:35:32.075103 シナリオ走行を開始しました [シナリオ名: 新規ユーザー登録]
[ADMIN] 15:35:32.075373 シナリオ走行を開始しました [シナリオ名: 新規ユーザー登録]
[ADMIN] 15:35:32.075471 シナリオ走行を開始しました [シナリオ名: 新規ユーザー登録]
[ADMIN] 15:35:32.075118 シナリオ走行を開始しました [シナリオ名: 新規ユーザー登録]
[ADMIN] 15:35:32.075501 シナリオ走行を開始しました [シナリオ名: 新規ユーザー登録]
[ADMIN] 15:35:32.077768 シナリオ走行を終了しました [シナリオ名: ログイン]
[ADMIN] 15:35:32.077777 シナリオ走行を開始しました [シナリオ名: ログイン]
[ADMIN] 15:35:32.092110 シナリオ走行を終了しました [シナリオ名: ログイン]
[ADMIN] 15:35:32.092119 シナリオ走行を開始しました [シナリオ名: ログイン]
[ADMIN] 15:35:32.096847 シナリオ走行を終了しました [シナリオ名: ログイン]
[ADMIN] 15:35:32.096856 シナリオ走行を開始しました [シナリオ名: ログイン]
[ADMIN] 15:35:32.128912 シナリオ走行を終了しました [シナリオ名: ログイン]
[ADMIN] 15:35:32.128923 シナリオ走行を開始しました [シナリオ名: ログイン]
[ADMIN] 15:35:32.157339 シナリオ走行を終了しました [シナリオ名: ログイン]
[ADMIN] 15:35:32.157352 シナリオ走行を開始しました [シナリオ名: ログイン]
[ADMIN] 15:35:32.192873 シナリオ走行を終了しました [シナリオ名: ログイン]
[ADMIN] 15:35:32.192886 シナリオ走行を開始しました [シナリオ名: ログイン]
[ADMIN] 15:35:32.257345 シナリオ走行を終了しました [シナリオ名: ログイン]
[ADMIN] 15:35:32.257360 シナリオ走行を開始しました [シナリオ名: ログイン]
[ADMIN] 15:35:32.288935 シナリオ走行を終了しました [シナリオ名: ログイン]
[ADMIN] 15:35:32.288951 シナリオ走行を開始しました [シナリオ名: ログイン]
[ADMIN] 15:35:32.298002 シナリオ走行を終了しました [シナリオ名: 新規ユーザー登録]
[ADMIN] 15:35:32.298021 シナリオ走行を開始しました [シナリオ名: 新規ユーザー登録]
[ADMIN] 15:35:32.344989 シナリオ走行を終了しました [シナリオ名: Banユーザログイン]
[ADMIN] 15:35:32.345002 シナリオ走行を終了しました [シナリオ名: Banユーザログイン]
[ADMIN] 15:35:32.345007 シナリオ走行を開始しました [シナリオ名: Banユーザログイン]
[ADMIN] 15:35:32.345014 シナリオ走行を開始しました [シナリオ名: Banユーザログイン]
[ADMIN] 15:35:32.349526 シナリオ走行を終了しました [シナリオ名: Banユーザログイン]
[ADMIN] 15:35:32.349542 シナリオ走行を開始しました [シナリオ名: Banユーザログイン]
[ADMIN] 15:35:32.354384 シナリオ走行を終了しました [シナリオ名: ログイン]
[ADMIN] 15:35:32.354392 シナリオ走行を開始しました [シナリオ名: ログイン]
[ADMIN] 15:35:32.360393 シナリオ走行を終了しました [シナリオ名: Banユーザログイン]
[ADMIN] 15:35:32.360405 シナリオ走行を開始しました [シナリオ名: Banユーザログイン]
[ADMIN] 15:35:32.365678 シナリオ走行を終了しました [シナリオ名: Banユーザログイン]
[ADMIN] 15:35:32.365693 シナリオ走行を開始しました [シナリオ名: Banユーザログイン]
[ADMIN] 15:35:32.379471 シナリオ走行を終了しました [シナリオ名: Banユーザログイン]
[ADMIN] 15:35:32.379485 シナリオ走行を開始しました [シナリオ名: Banユーザログイン]
[ADMIN] 15:35:32.448496 シナリオ走行を終了しました [シナリオ名: 新規ユーザー登録]
[ADMIN] 15:35:32.448518 シナリオ走行を開始しました [シナリオ名: 新規ユーザー登録]
[ADMIN] 15:35:32.485209 シナリオ走行を終了しました [シナリオ名: 新規ユーザー登録]
[ADMIN] 15:35:32.485228 シナリオ走行を開始しました [シナリオ名: 新規ユーザー登録]
[ADMIN] 15:35:32.533926 シナリオ走行を終了しました [シナリオ名: ログイン]
[ADMIN] 15:35:32.533937 シナリオ走行を開始しました [シナリオ名: ログイン]
[ADMIN] 15:35:32.551805 シナリオ走行を終了しました [シナリオ名: ログイン]
[ADMIN] 15:35:32.551815 シナリオ走行を開始しました [シナリオ名: ログイン]
[ADMIN] 15:35:32.565429 シナリオ走行を終了しました [シナリオ名: 新規ユーザー登録]
[ADMIN] 15:35:32.565444 シナリオ走行を開始しました [シナリオ名: 新規ユーザー登録]
[ADMIN] 15:35:32.613834 シナリオ走行を終了しました [シナリオ名: ログイン]
[ADMIN] 15:35:32.613843 シナリオ走行を開始しました [シナリオ名: ログイン]
[ADMIN] 15:35:32.624019 シナリオ走行を終了しました [シナリオ名: 新規ユーザー登録]
[ADMIN] 15:35:32.624035 シナリオ走行を開始しました [シナリオ名: 新規ユーザー登録]
[ADMIN] 15:35:32.626696 シナリオ走行を終了しました [シナリオ名: 新規ユーザー登録]
[ADMIN] 15:35:32.626712 シナリオ走行を開始しました [シナリオ名: 新規ユーザー登録]
[ADMIN] 15:35:32.626849 シナリオ走行を終了しました [シナリオ名: ログイン]
[ADMIN] 15:35:32.626857 シナリオ走行を開始しました [シナリオ名: ログイン]
[ADMIN] 15:35:32.628484 シナリオ走行を終了しました [シナリオ名: 新規ユーザー登録]
[ADMIN] 15:35:32.628498 シナリオ走行を開始しました [シナリオ名: 新規ユーザー登録]
[ADMIN] 15:35:32.644688 シナリオ走行を終了しました [シナリオ名: ログイン]
[ADMIN] 15:35:32.644697 シナリオ走行を開始しました [シナリオ名: ログイン]
[ADMIN] 15:35:32.667289 シナリオ走行を終了しました [シナリオ名: ログイン]
[ADMIN] 15:35:32.667298 シナリオ走行を開始しました [シナリオ名: ログイン]
[ADMIN] 15:35:32.675805 シナリオ走行を終了しました [シナリオ名: ログイン]
[ADMIN] 15:35:32.675815 シナリオ走行を開始しました [シナリオ名: ログイン]
[ADMIN] 15:35:32.687598 シナリオ走行を終了しました [シナリオ名: 新規ユーザー登録]
[ADMIN] 15:35:32.687613 シナリオ走行を開始しました [シナリオ名: 新規ユーザー登録]
[ADMIN] 15:35:32.733570 シナリオ走行を終了しました [シナリオ名: ログイン]
[ADMIN] 15:35:32.733581 シナリオ走行を開始しました [シナリオ名: ログイン]
[ADMIN] 15:35:32.735144 シナリオ走行を終了しました [シナリオ名: ログイン]
[ADMIN] 15:35:32.735152 シナリオ走行を開始しました [シナリオ名: ログイン]
[ADMIN] 15:35:32.754468 シナリオ走行を終了しました [シナリオ名: ログイン]
[ADMIN] 15:35:32.754478 シナリオ走行を開始しました [シナリオ名: ログイン]
[ADMIN] 15:35:32.768494 シナリオ走行を終了しました [シナリオ名: ログイン]
[ADMIN] 15:35:32.768502 シナリオ走行を開始しました [シナリオ名: ログイン]
[ADMIN] 15:35:32.782367 シナリオ走行を終了しました [シナリオ名: ログイン]
[ADMIN] 15:35:32.782377 シナリオ走行を開始しました [シナリオ名: ログイン]
[ADMIN] 15:35:32.786061 シナリオ走行を終了しました [シナリオ名: ログイン]
[ADMIN] 15:35:32.786071 シナリオ走行を開始しました [シナリオ名: ログイン]
[ADMIN] 15:35:32.809207 シナリオ走行を終了しました [シナリオ名: ログイン]
[ADMIN] 15:35:32.809216 シナリオ走行を開始しました [シナリオ名: ログイン]
[ADMIN] 15:35:32.820848 シナリオ走行を終了しました [シナリオ名: ログイン]
[ADMIN] 15:35:32.820858 シナリオ走行を開始しました [シナリオ名: ログイン]
[ADMIN] 15:35:32.849186 シナリオ走行を終了しました [シナリオ名: ログイン]
[ADMIN] 15:35:32.849196 シナリオ走行を開始しました [シナリオ名: ログイン]
[ADMIN] 15:35:32.872102 シナリオ走行を終了しました [シナリオ名: Banユーザログイン]
[ADMIN] 15:35:32.872121 シナリオ走行を開始しました [シナリオ名: Banユーザログイン]
[ADMIN] 15:35:32.887616 シナリオ走行を終了しました [シナリオ名: Banユーザログイン]
[ADMIN] 15:35:32.887631 シナリオ走行を開始しました [シナリオ名: Banユーザログイン]
[ADMIN] 15:35:32.897980 シナリオ走行を終了しました [シナリオ名: Banユーザログイン]
[ADMIN] 15:35:32.897994 シナリオ走行を開始しました [シナリオ名: Banユーザログイン]
[ADMIN] 15:35:32.907753 シナリオ走行を終了しました [シナリオ名: Banユーザログイン]
[ADMIN] 15:35:32.907767 シナリオ走行を開始しました [シナリオ名: Banユーザログイン]
[ADMIN] 15:35:32.912855 シナリオ走行を終了しました [シナリオ名: Banユーザログイン]
[ADMIN] 15:35:32.912871 シナリオ走行を開始しました [シナリオ名: Banユーザログイン]
[ADMIN] 15:35:32.919470 シナリオ走行を終了しました [シナリオ名: Banユーザログイン]
[ADMIN] 15:35:32.919485 シナリオ走行を開始しました [シナリオ名: Banユーザログイン]
[ADMIN] 15:35:33.040976 シナリオ走行を終了しました [シナリオ名: ログイン]
[ADMIN] 15:35:33.040989 シナリオ走行を開始しました [シナリオ名: ログイン]
[ADMIN] 15:35:33.056618 シナリオ走行を終了しました [シナリオ名: ログイン]
[ADMIN] 15:35:33.056630 シナリオ走行を開始しました [シナリオ名: ログイン]
[ADMIN] 15:35:33.072171 シナリオ走行を終了しました [シナリオ名: ログイン]
[ADMIN] 15:35:33.072186 シナリオ走行を開始しました [シナリオ名: ログイン]
[ADMIN] 15:35:33.074059 シナリオ走行を終了しました [シナリオ名: ログイン]
[ADMIN] 15:35:33.074069 シナリオ走行を開始しました [シナリオ名: ログイン]
[ADMIN] 15:35:33.083947 シナリオ走行を終了しました [シナリオ名: ログイン]
[ADMIN] 15:35:33.083960 シナリオ走行を開始しました [シナリオ名: ログイン]
[ADMIN] 15:35:33.087576 シナリオ走行を終了しました [シナリオ名: ログイン]
[ADMIN] 15:35:33.087586 シナリオ走行を開始しました [シナリオ名: ログイン]
[ADMIN] 15:35:33.139001 シナリオ走行を終了しました [シナリオ名: ログイン]
[ADMIN] 15:35:33.139014 シナリオ走行を開始しました [シナリオ名: ログイン]
[ADMIN] 15:35:33.203556 シナリオ走行を終了しました [シナリオ名: ログイン]
[ADMIN] 15:35:33.203571 シナリオ走行を開始しました [シナリオ名: ログイン]
[ADMIN] 15:35:33.244935 シナリオ走行を終了しました [シナリオ名: ログイン]
[ADMIN] 15:35:33.244949 シナリオ走行を開始しました [シナリオ名: ログイン]
[ADMIN] 15:35:33.254187 シナリオ走行を終了しました [シナリオ名: ログイン]
[ADMIN] 15:35:33.254201 シナリオ走行を開始しました [シナリオ名: ログイン]
[ADMIN] 15:35:33.256721 シナリオ走行を終了しました [シナリオ名: ログイン]
[ADMIN] 15:35:33.256734 シナリオ走行を開始しました [シナリオ名: ログイン]
[ADMIN] 15:35:33.259833 シナリオ走行を終了しました [シナリオ名: ログイン]
[ADMIN] 15:35:33.259841 シナリオ走行を開始しました [シナリオ名: ログイン]
[ADMIN] 15:35:33.263809 シナリオ走行を終了しました [シナリオ名: ログイン]
[ADMIN] 15:35:33.263819 シナリオ走行を開始しました [シナリオ名: ログイン]
[ADMIN] 15:35:33.263847 シナリオ走行を終了しました [シナリオ名: ログイン]
[ADMIN] 15:35:33.263868 シナリオ走行を開始しました [シナリオ名: ログイン]
[ADMIN] 15:35:33.285435 シナリオ走行を終了しました [シナリオ名: ログイン]
[ADMIN] 15:35:33.285447 シナリオ走行を開始しました [シナリオ名: ログイン]
[ADMIN] 15:35:33.355783 シナリオ走行を終了しました [シナリオ名: ログイン]
[ADMIN] 15:35:33.355794 シナリオ走行を開始しました [シナリオ名: ログイン]
[ADMIN] 15:35:33.405084 シナリオ走行を終了しました [シナリオ名: Banユーザログイン]
[ADMIN] 15:35:33.405105 シナリオ走行を開始しました [シナリオ名: Banユーザログイン]
[ADMIN] 15:35:33.406491 シナリオ走行を終了しました [シナリオ名: Banユーザログイン]
[ADMIN] 15:35:33.406504 シナリオ走行を開始しました [シナリオ名: Banユーザログイン]
[ADMIN] 15:35:33.428992 シナリオ走行を終了しました [シナリオ名: ログイン]
[ADMIN] 15:35:33.429002 シナリオ走行を開始しました [シナリオ名: ログイン]
[ADMIN] 15:35:33.431810 シナリオ走行を終了しました [シナリオ名: ログイン]
[ADMIN] 15:35:33.431819 シナリオ走行を開始しました [シナリオ名: ログイン]
[ADMIN] 15:35:33.456279 シナリオ走行を終了しました [シナリオ名: Banユーザログイン]
[ADMIN] 15:35:33.456293 シナリオ走行を開始しました [シナリオ名: Banユーザログイン]
[ADMIN] 15:35:33.461195 シナリオ走行を終了しました [シナリオ名: Banユーザログイン]
[ADMIN] 15:35:33.461206 シナリオ走行を開始しました [シナリオ名: Banユーザログイン]
[ADMIN] 15:35:33.463053 シナリオ走行を終了しました [シナリオ名: Banユーザログイン]
[ADMIN] 15:35:33.463067 シナリオ走行を開始しました [シナリオ名: Banユーザログイン]
[ADMIN] 15:35:33.464421 シナリオ走行を終了しました [シナリオ名: Banユーザログイン]
[ADMIN] 15:35:33.464436 シナリオ走行を開始しました [シナリオ名: Banユーザログイン]
[ADMIN] 15:35:33.485327 シナリオ走行を終了しました [シナリオ名: ログイン]
[ADMIN] 15:35:33.485345 シナリオ走行を開始しました [シナリオ名: ログイン]
[ADMIN] 15:35:33.485639 シナリオ走行を終了しました [シナリオ名: ログイン]
[ADMIN] 15:35:33.485649 シナリオ走行を開始しました [シナリオ名: ログイン]
[ADMIN] 15:35:33.612189 シナリオ走行を終了しました [シナリオ名: ログイン]
[ADMIN] 15:35:33.612202 シナリオ走行を開始しました [シナリオ名: ログイン]
[ADMIN] 15:35:33.628699 シナリオ走行を終了しました [シナリオ名: ログイン]
[ADMIN] 15:35:33.628710 シナリオ走行を開始しました [シナリオ名: ログイン]
[ADMIN] 15:35:33.665280 シナリオ走行を終了しました [シナリオ名: ログイン]
[ADMIN] 15:35:33.665292 シナリオ走行を開始しました [シナリオ名: ログイン]
[ADMIN] 15:35:33.667585 シナリオ走行を終了しました [シナリオ名: ログイン]
[ADMIN] 15:35:33.667596 シナリオ走行を開始しました [シナリオ名: ログイン]
[ADMIN] 15:35:33.669535 シナリオ走行を終了しました [シナリオ名: ログイン]
[ADMIN] 15:35:33.669545 シナリオ走行を開始しました [シナリオ名: ログイン]
[ADMIN] 15:35:33.670680 シナリオ走行を終了しました [シナリオ名: ログイン]
[ADMIN] 15:35:33.670691 シナリオ走行を開始しました [シナリオ名: ログイン]
[ADMIN] 15:35:33.708400 シナリオ走行を終了しました [シナリオ名: ログイン]
[ADMIN] 15:35:33.708414 シナリオ走行を開始しました [シナリオ名: ログイン]
[ADMIN] 15:35:33.794141 シナリオ走行を終了しました [シナリオ名: ログイン]
[ADMIN] 15:35:33.794155 シナリオ走行を開始しました [シナリオ名: ログイン]
[ADMIN] 15:35:33.851406 シナリオ走行を終了しました [シナリオ名: ログイン]
[ADMIN] 15:35:33.851428 シナリオ走行を開始しました [シナリオ名: ログイン]
[ADMIN] 15:35:33.895521 シナリオ走行を終了しました [シナリオ名: ログイン]
[ADMIN] 15:35:33.895534 シナリオ走行を開始しました [シナリオ名: ログイン]
[ADMIN] 15:35:33.899438 シナリオ走行を終了しました [シナリオ名: ログイン]
[ADMIN] 15:35:33.899449 シナリオ走行を開始しました [シナリオ名: ログイン]
[ADMIN] 15:35:33.931280 シナリオ走行を終了しました [シナリオ名: ログイン]
[ADMIN] 15:35:33.931298 シナリオ走行を開始しました [シナリオ名: ログイン]
[ADMIN] 15:35:33.932050 シナリオ走行を終了しました [シナリオ名: ログイン]
[ADMIN] 15:35:33.932060 シナリオ走行を開始しました [シナリオ名: ログイン]
[ADMIN] 15:35:33.937015 シナリオ走行を終了しました [シナリオ名: Banユーザログイン]
[ADMIN] 15:35:33.937028 シナリオ走行を開始しました [シナリオ名: Banユーザログイン]
[ADMIN] 15:35:33.945911 シナリオ走行を終了しました [シナリオ名: ログイン]
[ADMIN] 15:35:33.945924 シナリオ走行を開始しました [シナリオ名: ログイン]
[ADMIN] 15:35:33.948381 シナリオ走行を終了しました [シナリオ名: Banユーザログイン]
[ADMIN] 15:35:33.948395 シナリオ走行を開始しました [シナリオ名: Banユーザログイン]
[ADMIN] 15:35:33.970392 シナリオ走行を終了しました [シナリオ名: 新規ユーザー登録]
[ADMIN] 15:35:33.970416 シナリオ走行を開始しました [シナリオ名: 新規ユーザー登録]
[ADMIN] 15:35:33.972882 シナリオ走行を終了しました [シナリオ名: Banユーザログイン]
[ADMIN] 15:35:33.972899 シナリオ走行を開始しました [シナリオ名: Banユーザログイン]
[ADMIN] 15:35:33.998854 シナリオ走行を終了しました [シナリオ名: Banユーザログイン]
[ADMIN] 15:35:33.998871 シナリオ走行を開始しました [シナリオ名: Banユーザログイン]
[ADMIN] 15:35:34.000830 シナリオ走行を終了しました [シナリオ名: 新規ユーザー登録]
[ADMIN] 15:35:34.000849 シナリオ走行を開始しました [シナリオ名: 新規ユーザー登録]
[ADMIN] 15:35:34.020689 シナリオ走行を終了しました [シナリオ名: Banユーザログイン]
[ADMIN] 15:35:34.020704 シナリオ走行を開始しました [シナリオ名: Banユーザログイン]
[ADMIN] 15:35:34.026131 シナリオ走行を終了しました [シナリオ名: Banユーザログイン]
[ADMIN] 15:35:34.026144 シナリオ走行を開始しました [シナリオ名: Banユーザログイン]
[ADMIN] 15:35:34.032000 シナリオ走行を終了しました [シナリオ名: 新規ユーザー登録]
[ADMIN] 15:35:34.032027 シナリオ走行を開始しました [シナリオ名: 新規ユーザー登録]
[ADMIN] 15:35:34.033738 シナリオ走行を終了しました [シナリオ名: 新規ユーザー登録]
[ADMIN] 15:35:34.033752 シナリオ走行を開始しました [シナリオ名: 新規ユーザー登録]
[ADMIN] 15:35:34.067631 シナリオ走行を終了しました [シナリオ名: 新規ユーザー登録]
[ADMIN] 15:35:34.067652 シナリオ走行を開始しました [シナリオ名: 新規ユーザー登録]
[ADMIN] 15:35:34.102315 シナリオ走行を終了しました [シナリオ名: ログイン]
[ADMIN] 15:35:34.102327 シナリオ走行を開始しました [シナリオ名: ログイン]
[ADMIN] 15:35:34.116887 シナリオ走行を終了しました [シナリオ名: ログイン]
[ADMIN] 15:35:34.116897 シナリオ走行を開始しました [シナリオ名: ログイン]
[ADMIN] 15:35:34.173210 シナリオ走行を終了しました [シナリオ名: ログイン]
[ADMIN] 15:35:34.173223 シナリオ走行を開始しました [シナリオ名: ログイン]
[ADMIN] 15:35:34.199241 シナリオ走行を終了しました [シナリオ名: ログイン]
[ADMIN] 15:35:34.199252 シナリオ走行を開始しました [シナリオ名: ログイン]
[ADMIN] 15:35:34.199664 シナリオ走行を終了しました [シナリオ名: ログイン]
[ADMIN] 15:35:34.199675 シナリオ走行を開始しました [シナリオ名: ログイン]
[ADMIN] 15:35:34.199860 シナリオ走行を終了しました [シナリオ名: 新規ユーザー登録]
[ADMIN] 15:35:34.199880 シナリオ走行を開始しました [シナリオ名: 新規ユーザー登録]
[ADMIN] 15:35:34.208819 シナリオ走行を終了しました [シナリオ名: ログイン]
[ADMIN] 15:35:34.208829 シナリオ走行を開始しました [シナリオ名: ログイン]
[ADMIN] 15:35:34.221423 シナリオ走行を終了しました [シナリオ名: ログイン]
[ADMIN] 15:35:34.221434 シナリオ走行を開始しました [シナリオ名: ログイン]
[ADMIN] 15:35:34.225298 シナリオ走行を終了しました [シナリオ名: 新規ユーザー登録]
[ADMIN] 15:35:34.225319 シナリオ走行を開始しました [シナリオ名: 新規ユーザー登録]
[ADMIN] 15:35:34.235649 シナリオ走行を終了しました [シナリオ名: ログイン]
[ADMIN] 15:35:34.235658 シナリオ走行を開始しました [シナリオ名: ログイン]
[ADMIN] 15:35:34.238400 シナリオ走行を終了しました [シナリオ名: ログイン]
[ADMIN] 15:35:34.238411 シナリオ走行を開始しました [シナリオ名: ログイン]
[ADMIN] 15:35:34.266299 シナリオ走行を終了しました [シナリオ名: ログイン]
[ADMIN] 15:35:34.266309 シナリオ走行を開始しました [シナリオ名: ログイン]
[ADMIN] 15:35:34.279972 シナリオ走行を終了しました [シナリオ名: ログイン]
[ADMIN] 15:35:34.279981 シナリオ走行を開始しました [シナリオ名: ログイン]
[ADMIN] 15:35:34.281310 シナリオ走行を終了しました [シナリオ名: 新規ユーザー登録]
[ADMIN] 15:35:34.281326 シナリオ走行を開始しました [シナリオ名: 新規ユーザー登録]
[ADMIN] 15:35:34.291937 シナリオ走行を終了しました [シナリオ名: ログイン]
[ADMIN] 15:35:34.291949 シナリオ走行を開始しました [シナリオ名: ログイン]
[ADMIN] 15:35:34.345414 シナリオ走行を終了しました [シナリオ名: 新規ユーザー登録]
[ADMIN] 15:35:34.345433 シナリオ走行を開始しました [シナリオ名: 新規ユーザー登録]
[ADMIN] 15:35:34.383020 シナリオ走行を終了しました [シナリオ名: 新規ユーザー登録]
[ADMIN] 15:35:34.383043 シナリオ走行を開始しました [シナリオ名: 新規ユーザー登録]
[ADMIN] 15:35:34.406153 シナリオ走行を終了しました [シナリオ名: ログイン]
[ADMIN] 15:35:34.406166 シナリオ走行を開始しました [シナリオ名: ログイン]
[ADMIN] 15:35:34.438748 シナリオ走行を終了しました [シナリオ名: ログイン]
[ADMIN] 15:35:34.438759 シナリオ走行を開始しました [シナリオ名: ログイン]
[ADMIN] 15:35:34.444965 シナリオ走行を終了しました [シナリオ名: 新規ユーザー登録]
[ADMIN] 15:35:34.444983 シナリオ走行を開始しました [シナリオ名: 新規ユーザー登録]
[ADMIN] 15:35:34.451091 シナリオ走行を終了しました [シナリオ名: Banユーザログイン]
[ADMIN] 15:35:34.451106 シナリオ走行を開始しました [シナリオ名: Banユーザログイン]
[ADMIN] 15:35:34.483167 シナリオ走行を終了しました [シナリオ名: 新規ユーザー登録]
[ADMIN] 15:35:34.483187 シナリオ走行を開始しました [シナリオ名: 新規ユーザー登録]
[ADMIN] 15:35:34.487454 シナリオ走行を終了しました [シナリオ名: Banユーザログイン]
[ADMIN] 15:35:34.487465 シナリオ走行を開始しました [シナリオ名: Banユーザログイン]
[ADMIN] 15:35:34.495446 シナリオ走行を終了しました [シナリオ名: ログイン]
[ADMIN] 15:35:34.495457 シナリオ走行を開始しました [シナリオ名: ログイン]
[ADMIN] 15:35:34.504891 シナリオ走行を終了しました [シナリオ名: Banユーザログイン]
[ADMIN] 15:35:34.504900 シナリオ走行を開始しました [シナリオ名: Banユーザログイン]
[ADMIN] 15:35:34.535976 シナリオ走行を終了しました [シナリオ名: Banユーザログイン]
[ADMIN] 15:35:34.535993 シナリオ走行を開始しました [シナリオ名: Banユーザログイン]
[ADMIN] 15:35:34.554104 シナリオ走行を終了しました [シナリオ名: Banユーザログイン]
[ADMIN] 15:35:34.554119 シナリオ走行を開始しました [シナリオ名: Banユーザログイン]
[ADMIN] 15:35:34.556436 シナリオ走行を終了しました [シナリオ名: Banユーザログイン]
[ADMIN] 15:35:34.556446 シナリオ走行を開始しました [シナリオ名: Banユーザログイン]
[ADMIN] 15:35:34.556493 シナリオ走行を終了しました [シナリオ名: 新規ユーザー登録]
[ADMIN] 15:35:34.556512 シナリオ走行を開始しました [シナリオ名: 新規ユーザー登録]
[ADMIN] 15:35:34.558748 シナリオ走行を終了しました [シナリオ名: ログイン]
[ADMIN] 15:35:34.558756 シナリオ走行を開始しました [シナリオ名: ログイン]
[ADMIN] 15:35:34.615180 シナリオ走行を終了しました [シナリオ名: 新規ユーザー登録]
[ADMIN] 15:35:34.615208 シナリオ走行を開始しました [シナリオ名: 新規ユーザー登録]
[ADMIN] 15:35:34.627903 シナリオ走行を終了しました [シナリオ名: ログイン]
[ADMIN] 15:35:34.627915 シナリオ走行を開始しました [シナリオ名: ログイン]
[ADMIN] 15:35:34.646981 シナリオ走行を終了しました [シナリオ名: 新規ユーザー登録]
[ADMIN] 15:35:34.647000 シナリオ走行を開始しました [シナリオ名: 新規ユーザー登録]
[ADMIN] 15:35:34.650744 シナリオ走行を終了しました [シナリオ名: ログイン]
[ADMIN] 15:35:34.650753 シナリオ走行を開始しました [シナリオ名: ログイン]
[ADMIN] 15:35:34.653715 シナリオ走行を終了しました [シナリオ名: ログイン]
[ADMIN] 15:35:34.653724 シナリオ走行を開始しました [シナリオ名: ログイン]
[ADMIN] 15:35:34.675765 シナリオ走行を終了しました [シナリオ名: ログイン]
[ADMIN] 15:35:34.675776 シナリオ走行を開始しました [シナリオ名: ログイン]
[ADMIN] 15:35:34.678698 シナリオ走行を終了しました [シナリオ名: 新規ユーザー登録]
[ADMIN] 15:35:34.678716 シナリオ走行を開始しました [シナリオ名: 新規ユーザー登録]
[ADMIN] 15:35:34.684830 シナリオ走行を終了しました [シナリオ名: ログイン]
[ADMIN] 15:35:34.684839 シナリオ走行を開始しました [シナリオ名: ログイン]
[ADMIN] 15:35:34.712471 シナリオ走行を終了しました [シナリオ名: ログイン]
[ADMIN] 15:35:34.712481 シナリオ走行を開始しました [シナリオ名: ログイン]
[ADMIN] 15:35:34.733772 シナリオ走行を終了しました [シナリオ名: 新規ユーザー登録]
[ADMIN] 15:35:34.733792 シナリオ走行を開始しました [シナリオ名: 新規ユーザー登録]
[ADMIN] 15:35:34.754837 シナリオ走行を終了しました [シナリオ名: ログイン]
[ADMIN] 15:35:34.754849 シナリオ走行を開始しました [シナリオ名: ログイン]
[ADMIN] 15:35:34.782399 シナリオ走行を終了しました [シナリオ名: ログイン]
[ADMIN] 15:35:34.782411 シナリオ走行を開始しました [シナリオ名: ログイン]
[ADMIN] 15:35:34.792450 シナリオ走行を終了しました [シナリオ名: ログイン]
[ADMIN] 15:35:34.792461 シナリオ走行を開始しました [シナリオ名: ログイン]
[ADMIN] 15:35:34.810487 シナリオ走行を終了しました [シナリオ名: ログイン]
[ADMIN] 15:35:34.810498 シナリオ走行を開始しました [シナリオ名: ログイン]
[ADMIN] 15:35:34.835924 シナリオ走行を終了しました [シナリオ名: 新規ユーザー登録]
[ADMIN] 15:35:34.835946 シナリオ走行を開始しました [シナリオ名: 新規ユーザー登録]
[ADMIN] 15:35:34.890737 シナリオ走行を終了しました [シナリオ名: ログイン]
[ADMIN] 15:35:34.890751 シナリオ走行を開始しました [シナリオ名: ログイン]
[ADMIN] 15:35:34.895270 シナリオ走行を終了しました [シナリオ名: ログイン]
[ADMIN] 15:35:34.895279 シナリオ走行を開始しました [シナリオ名: ログイン]
[ADMIN] 15:35:34.979981 シナリオ走行を終了しました [シナリオ名: Banユーザログイン]
[ADMIN] 15:35:34.980004 シナリオ走行を開始しました [シナリオ名: Banユーザログイン]
[ADMIN] 15:35:34.986698 シナリオ走行を終了しました [シナリオ名: 新規ユーザー登録]
[ADMIN] 15:35:34.986720 シナリオ走行を開始しました [シナリオ名: 新規ユーザー登録]
[ADMIN] 15:35:35.011501 シナリオ走行を終了しました [シナリオ名: ログイン]
[ADMIN] 15:35:35.011516 シナリオ走行を開始しました [シナリオ名: ログイン]
[ADMIN] 15:35:35.013110 シナリオ走行を終了しました [シナリオ名: ログイン]
[ADMIN] 15:35:35.013121 シナリオ走行を開始しました [シナリオ名: ログイン]
[ADMIN] 15:35:35.019791 シナリオ走行を終了しました [シナリオ名: Banユーザログイン]
[ADMIN] 15:35:35.019810 シナリオ走行を開始しました [シナリオ名: Banユーザログイン]
[ADMIN] 15:35:35.038350 シナリオ走行を終了しました [シナリオ名: 新規ユーザー登録]
[ADMIN] 15:35:35.038367 シナリオ走行を開始しました [シナリオ名: 新規ユーザー登録]
[ADMIN] 15:35:35.040794 シナリオ走行を終了しました [シナリオ名: ログイン]
[ADMIN] 15:35:35.040801 シナリオ走行を開始しました [シナリオ名: ログイン]
[ADMIN] 15:35:35.048478 シナリオ走行を終了しました [シナリオ名: Banユーザログイン]
[ADMIN] 15:35:35.048492 シナリオ走行を開始しました [シナリオ名: Banユーザログイン]
[ADMIN] 15:35:35.053317 シナリオ走行を終了しました [シナリオ名: ログイン]
[ADMIN] 15:35:35.053326 シナリオ走行を開始しました [シナリオ名: ログイン]
[ADMIN] 15:35:35.074638 シナリオ走行を終了しました [シナリオ名: Banユーザログイン]
[ADMIN] 15:35:35.074653 シナリオ走行を開始しました [シナリオ名: Banユーザログイン]
[ADMIN] 15:35:35.077294 シナリオ走行を終了しました [シナリオ名: Banユーザログイン]
[ADMIN] 15:35:35.077309 シナリオ走行を開始しました [シナリオ名: Banユーザログイン]
[ADMIN] 15:35:35.081739 シナリオ走行を終了しました [シナリオ名: Banユーザログイン]
[ADMIN] 15:35:35.081751 シナリオ走行を開始しました [シナリオ名: Banユーザログイン]
[ADMIN] 15:35:35.115482 シナリオ走行を終了しました [シナリオ名: ログイン]
[ADMIN] 15:35:35.115493 シナリオ走行を開始しました [シナリオ名: ログイン]
[ADMIN] 15:35:35.117448 シナリオ走行を終了しました [シナリオ名: ログイン]
[ADMIN] 15:35:35.117457 シナリオ走行を開始しました [シナリオ名: ログイン]
[ADMIN] 15:35:35.122776 シナリオ走行を終了しました [シナリオ名: ログイン]
[ADMIN] 15:35:35.122786 シナリオ走行を開始しました [シナリオ名: ログイン]
[ADMIN] 15:35:35.137687 シナリオ走行を終了しました [シナリオ名: ログイン]
[ADMIN] 15:35:35.137696 シナリオ走行を開始しました [シナリオ名: ログイン]
[ADMIN] 15:35:35.190132 シナリオ走行を終了しました [シナリオ名: ログイン]
[ADMIN] 15:35:35.190145 シナリオ走行を開始しました [シナリオ名: ログイン]
[ADMIN] 15:35:35.193061 シナリオ走行を終了しました [シナリオ名: ログイン]
[ADMIN] 15:35:35.193071 シナリオ走行を開始しました [シナリオ名: ログイン]
[ADMIN] 15:35:35.196241 シナリオ走行を終了しました [シナリオ名: ログイン]
[ADMIN] 15:35:35.196252 シナリオ走行を開始しました [シナリオ名: ログイン]
[ADMIN] 15:35:35.254034 シナリオ走行を終了しました [シナリオ名: ログイン]
[ADMIN] 15:35:35.254047 シナリオ走行を開始しました [シナリオ名: ログイン]
[ADMIN] 15:35:35.258474 シナリオ走行を終了しました [シナリオ名: ログイン]
[ADMIN] 15:35:35.258485 シナリオ走行を開始しました [シナリオ名: ログイン]
[ADMIN] 15:35:35.259724 シナリオ走行を終了しました [シナリオ名: ログイン]
[ADMIN] 15:35:35.259737 シナリオ走行を開始しました [シナリオ名: ログイン]
[ADMIN] 15:35:35.283393 シナリオ走行を終了しました [シナリオ名: 新規ユーザー登録]
[ADMIN] 15:35:35.283417 シナリオ走行を開始しました [シナリオ名: 新規ユーザー登録]
[ADMIN] 15:35:35.319807 シナリオ走行を終了しました [シナリオ名: ログイン]
[ADMIN] 15:35:35.319823 シナリオ走行を開始しました [シナリオ名: ログイン]
[ADMIN] 15:35:35.339951 シナリオ走行を終了しました [シナリオ名: ログイン]
[ADMIN] 15:35:35.339963 シナリオ走行を開始しました [シナリオ名: ログイン]
[ADMIN] 15:35:35.346356 シナリオ走行を終了しました [シナリオ名: ログイン]
[ADMIN] 15:35:35.346364 シナリオ走行を開始しました [シナリオ名: ログイン]
[ADMIN] 15:35:35.347396 シナリオ走行を終了しました [シナリオ名: ログイン]
[ADMIN] 15:35:35.347406 シナリオ走行を開始しました [シナリオ名: ログイン]
[ADMIN] 15:35:35.423149 シナリオ走行を終了しました [シナリオ名: ログイン]
[ADMIN] 15:35:35.423159 シナリオ走行を開始しました [シナリオ名: ログイン]
[ADMIN] 15:35:35.511671 シナリオ走行を終了しました [シナリオ名: Banユーザログイン]
[ADMIN] 15:35:35.511692 シナリオ走行を開始しました [シナリオ名: Banユーザログイン]
[ADMIN] 15:35:35.539434 シナリオ走行を終了しました [シナリオ名: ログイン]
[ADMIN] 15:35:35.539449 シナリオ走行を開始しました [シナリオ名: ログイン]
[ADMIN] 15:35:35.557326 シナリオ走行を終了しました [シナリオ名: ログイン]
[ADMIN] 15:35:35.557339 シナリオ走行を開始しました [シナリオ名: ログイン]
[ADMIN] 15:35:35.570367 シナリオ走行を終了しました [シナリオ名: Banユーザログイン]
[ADMIN] 15:35:35.570383 シナリオ走行を開始しました [シナリオ名: Banユーザログイン]
[ADMIN] 15:35:35.571724 シナリオ走行を終了しました [シナリオ名: Banユーザログイン]
[ADMIN] 15:35:35.571743 シナリオ走行を開始しました [シナリオ名: Banユーザログイン]
[ADMIN] 15:35:35.611942 シナリオ走行を終了しました [シナリオ名: Banユーザログイン]
[ADMIN] 15:35:35.611955 シナリオ走行を開始しました [シナリオ名: Banユーザログイン]
[ADMIN] 15:35:35.632965 シナリオ走行を終了しました [シナリオ名: Banユーザログイン]
[ADMIN] 15:35:35.632987 シナリオ走行を開始しました [シナリオ名: Banユーザログイン]
[ADMIN] 15:35:35.638293 シナリオ走行を終了しました [シナリオ名: ログイン]
[ADMIN] 15:35:35.638303 シナリオ走行を開始しました [シナリオ名: ログイン]
[ADMIN] 15:35:35.653669 シナリオ走行を終了しました [シナリオ名: Banユーザログイン]
[ADMIN] 15:35:35.653684 シナリオ走行を開始しました [シナリオ名: Banユーザログイン]
[ADMIN] 15:35:35.741386 シナリオ走行を終了しました [シナリオ名: ログイン]
[ADMIN] 15:35:35.741401 シナリオ走行を開始しました [シナリオ名: ログイン]
[ADMIN] 15:35:35.744735 シナリオ走行を終了しました [シナリオ名: ログイン]
[ADMIN] 15:35:35.744746 シナリオ走行を開始しました [シナリオ名: ログイン]
[ADMIN] 15:35:35.747897 シナリオ走行を終了しました [シナリオ名: ログイン]
[ADMIN] 15:35:35.747906 シナリオ走行を開始しました [シナリオ名: ログイン]
[ADMIN] 15:35:35.752991 シナリオ走行を終了しました [シナリオ名: ログイン]
[ADMIN] 15:35:35.753000 シナリオ走行を開始しました [シナリオ名: ログイン]
[ADMIN] 15:35:35.763041 シナリオ走行を終了しました [シナリオ名: ログイン]
[ADMIN] 15:35:35.763049 シナリオ走行を開始しました [シナリオ名: ログイン]
[ADMIN] 15:35:35.790157 シナリオ走行を終了しました [シナリオ名: ログイン]
[ADMIN] 15:35:35.790171 シナリオ走行を開始しました [シナリオ名: ログイン]
[ADMIN] 15:35:35.794546 シナリオ走行を終了しました [シナリオ名: ログイン]
[ADMIN] 15:35:35.794561 シナリオ走行を開始しました [シナリオ名: ログイン]
[ADMIN] 15:35:35.809749 シナリオ走行を終了しました [シナリオ名: ログイン]
[ADMIN] 15:35:35.809762 シナリオ走行を開始しました [シナリオ名: ログイン]
[ADMIN] 15:35:35.910285 シナリオ走行を終了しました [シナリオ名: ログイン]
[ADMIN] 15:35:35.910297 シナリオ走行を開始しました [シナリオ名: ログイン]
[ADMIN] 15:35:35.937653 シナリオ走行を終了しました [シナリオ名: ログイン]
[ADMIN] 15:35:35.937665 シナリオ走行を開始しました [シナリオ名: ログイン]
[ADMIN] 15:35:35.963443 シナリオ走行を終了しました [シナリオ名: ログイン]
[ADMIN] 15:35:35.963459 シナリオ走行を開始しました [シナリオ名: ログイン]
[ADMIN] 15:35:36.002191 シナリオ走行を終了しました [シナリオ名: ログイン]
[ADMIN] 15:35:36.002204 シナリオ走行を開始しました [シナリオ名: ログイン]
[ADMIN] 15:35:36.040788 シナリオ走行を終了しました [シナリオ名: Banユーザログイン]
[ADMIN] 15:35:36.040803 シナリオ走行を開始しました [シナリオ名: Banユーザログイン]
[ADMIN] 15:35:36.043323 シナリオ走行を終了しました [シナリオ名: ログイン]
[ADMIN] 15:35:36.043335 シナリオ走行を開始しました [シナリオ名: ログイン]
[ADMIN] 15:35:36.054507 シナリオ走行を終了しました [シナリオ名: ログイン]
[ADMIN] 15:35:36.054518 シナリオ走行を開始しました [シナリオ名: ログイン]
[ADMIN] 15:35:36.085012 シナリオ走行を終了しました [シナリオ名: Banユーザログイン]
[ADMIN] 15:35:36.085030 シナリオ走行を開始しました [シナリオ名: Banユーザログイン]
[ADMIN] 15:35:36.098701 シナリオ走行を終了しました [シナリオ名: 新規ユーザー登録]
[ADMIN] 15:35:36.098726 シナリオ走行を開始しました [シナリオ名: 新規ユーザー登録]
[ADMIN] 15:35:36.107298 シナリオ走行を終了しました [シナリオ名: Banユーザログイン]
[ADMIN] 15:35:36.107314 シナリオ走行を開始しました [シナリオ名: Banユーザログイン]
[ADMIN] 15:35:36.112912 シナリオ走行を終了しました [シナリオ名: 新規ユーザー登録]
[ADMIN] 15:35:36.112949 シナリオ走行を開始しました [シナリオ名: 新規ユーザー登録]
[ADMIN] 15:35:36.123829 シナリオ走行を終了しました [シナリオ名: ログイン]
[ADMIN] 15:35:36.123839 シナリオ走行を開始しました [シナリオ名: ログイン]
[ADMIN] 15:35:36.143087 シナリオ走行を終了しました [シナリオ名: Banユーザログイン]
[ADMIN] 15:35:36.143100 シナリオ走行を開始しました [シナリオ名: Banユーザログイン]
[ADMIN] 15:35:36.161387 シナリオ走行を終了しました [シナリオ名: Banユーザログイン]
[ADMIN] 15:35:36.161400 シナリオ走行を開始しました [シナリオ名: Banユーザログイン]
[ADMIN] 15:35:36.183193 シナリオ走行を終了しました [シナリオ名: Banユーザログイン]
[ADMIN] 15:35:36.183206 シナリオ走行を開始しました [シナリオ名: Banユーザログイン]
[ADMIN] 15:35:36.228187 シナリオ走行を終了しました [シナリオ名: ログイン]
[ADMIN] 15:35:36.228201 シナリオ走行を開始しました [シナリオ名: ログイン]
[ADMIN] 15:35:36.238023 シナリオ走行を終了しました [シナリオ名: ログイン]
[ADMIN] 15:35:36.238035 シナリオ走行を開始しました [シナリオ名: ログイン]
[ADMIN] 15:35:36.240871 シナリオ走行を終了しました [シナリオ名: ログイン]
[ADMIN] 15:35:36.240882 シナリオ走行を開始しました [シナリオ名: ログイン]
[ADMIN] 15:35:36.246563 シナリオ走行を終了しました [シナリオ名: ログイン]
[ADMIN] 15:35:36.246573 シナリオ走行を開始しました [シナリオ名: ログイン]
[ADMIN] 15:35:36.256494 シナリオ走行を終了しました [シナリオ名: ログイン]
[ADMIN] 15:35:36.256502 シナリオ走行を開始しました [シナリオ名: ログイン]
[ADMIN] 15:35:36.257310 シナリオ走行を終了しました [シナリオ名: ログイン]
[ADMIN] 15:35:36.257321 シナリオ走行を開始しました [シナリオ名: ログイン]
[ADMIN] 15:35:36.258069 シナリオ走行を終了しました [シナリオ名: ログイン]
[ADMIN] 15:35:36.258079 シナリオ走行を開始しました [シナリオ名: ログイン]
[ADMIN] 15:35:36.279627 シナリオ走行を終了しました [シナリオ名: 新規ユーザー登録]
[ADMIN] 15:35:36.279646 シナリオ走行を開始しました [シナリオ名: 新規ユーザー登録]
[ADMIN] 15:35:36.291343 シナリオ走行を終了しました [シナリオ名: ログイン]
[ADMIN] 15:35:36.291352 シナリオ走行を開始しました [シナリオ名: ログイン]
[ADMIN] 15:35:36.313723 シナリオ走行を終了しました [シナリオ名: ログイン]
[ADMIN] 15:35:36.313732 シナリオ走行を開始しました [シナリオ名: ログイン]
[ADMIN] 15:35:36.374934 シナリオ走行を終了しました [シナリオ名: 新規ユーザー登録]
[ADMIN] 15:35:36.374960 シナリオ走行を開始しました [シナリオ名: 新規ユーザー登録]
[ADMIN] 15:35:36.404011 シナリオ走行を終了しました [シナリオ名: ログイン]
[ADMIN] 15:35:36.404024 シナリオ走行を開始しました [シナリオ名: ログイン]
[ADMIN] 15:35:36.458181 シナリオ走行を終了しました [シナリオ名: 新規ユーザー登録]
[ADMIN] 15:35:36.458204 シナリオ走行を開始しました [シナリオ名: 新規ユーザー登録]
[ADMIN] 15:35:36.473316 シナリオ走行を終了しました [シナリオ名: ログイン]
[ADMIN] 15:35:36.473327 シナリオ走行を開始しました [シナリオ名: ログイン]
[ADMIN] 15:35:36.485489 シナリオ走行を終了しました [シナリオ名: ログイン]
[ADMIN] 15:35:36.485510 シナリオ走行を開始しました [シナリオ名: ログイン]
[ADMIN] 15:35:36.518135 シナリオ走行を終了しました [シナリオ名: ログイン]
[ADMIN] 15:35:36.518144 シナリオ走行を開始しました [シナリオ名: ログイン]
[ADMIN] 15:35:36.520096 シナリオ走行を終了しました [シナリオ名: 新規ユーザー登録]
[ADMIN] 15:35:36.520116 シナリオ走行を開始しました [シナリオ名: 新規ユーザー登録]
[ADMIN] 15:35:36.541750 シナリオ走行を終了しました [シナリオ名: ログイン]
[ADMIN] 15:35:36.541762 シナリオ走行を開始しました [シナリオ名: ログイン]
[ADMIN] 15:35:36.574344 シナリオ走行を終了しました [シナリオ名: 新規ユーザー登録]
[ADMIN] 15:35:36.574364 シナリオ走行を開始しました [シナリオ名: 新規ユーザー登録]
[ADMIN] 15:35:36.586659 シナリオ走行を終了しました [シナリオ名: 新規ユーザー登録]
[ADMIN] 15:35:36.586679 シナリオ走行を開始しました [シナリオ名: 新規ユーザー登録]
[ADMIN] 15:35:36.599903 シナリオ走行を終了しました [シナリオ名: Banユーザログイン]
[ADMIN] 15:35:36.599919 シナリオ走行を開始しました [シナリオ名: Banユーザログイン]
[ADMIN] 15:35:36.609525 シナリオ走行を終了しました [シナリオ名: 新規ユーザー登録]
[ADMIN] 15:35:36.609545 シナリオ走行を開始しました [シナリオ名: 新規ユーザー登録]
[ADMIN] 15:35:36.610364 シナリオ走行を終了しました [シナリオ名: 新規ユーザー登録]
[ADMIN] 15:35:36.610376 シナリオ走行を開始しました [シナリオ名: 新規ユーザー登録]
[ADMIN] 15:35:36.622246 シナリオ走行を終了しました [シナリオ名: 新規ユーザー登録]
[ADMIN] 15:35:36.622276 シナリオ走行を開始しました [シナリオ名: 新規ユーザー登録]
[ADMIN] 15:35:36.625705 シナリオ走行を終了しました [シナリオ名: Banユーザログイン]
[ADMIN] 15:35:36.625717 シナリオ走行を開始しました [シナリオ名: Banユーザログイン]
[ADMIN] 15:35:36.628823 シナリオ走行を終了しました [シナリオ名: 新規ユーザー登録]
[ADMIN] 15:35:36.628836 シナリオ走行を開始しました [シナリオ名: 新規ユーザー登録]
[ADMIN] 15:35:36.643108 シナリオ走行を終了しました [シナリオ名: Banユーザログイン]
[ADMIN] 15:35:36.643126 シナリオ走行を開始しました [シナリオ名: Banユーザログイン]
[ADMIN] 15:35:36.672627 シナリオ走行を終了しました [シナリオ名: ログイン]
[ADMIN] 15:35:36.672642 シナリオ走行を開始しました [シナリオ名: ログイン]
[ADMIN] 15:35:36.675440 シナリオ走行を終了しました [シナリオ名: Banユーザログイン]
[ADMIN] 15:35:36.675456 シナリオ走行を開始しました [シナリオ名: Banユーザログイン]
[ADMIN] 15:35:36.697074 シナリオ走行を終了しました [シナリオ名: Banユーザログイン]
[ADMIN] 15:35:36.697094 シナリオ走行を開始しました [シナリオ名: Banユーザログイン]
[ADMIN] 15:35:36.713781 シナリオ走行を終了しました [シナリオ名: Banユーザログイン]
[ADMIN] 15:35:36.713800 シナリオ走行を開始しました [シナリオ名: Banユーザログイン]
[ADMIN] 15:35:36.720479 シナリオ走行を終了しました [シナリオ名: ログイン]
[ADMIN] 15:35:36.720491 シナリオ走行を開始しました [シナリオ名: ログイン]
[ADMIN] 15:35:36.744816 シナリオ走行を終了しました [シナリオ名: ログイン]
[ADMIN] 15:35:36.744826 シナリオ走行を開始しました [シナリオ名: ログイン]
[ADMIN] 15:35:36.751890 シナリオ走行を終了しました [シナリオ名: ログイン]
[ADMIN] 15:35:36.751898 シナリオ走行を開始しました [シナリオ名: ログイン]
[ADMIN] 15:35:36.753167 シナリオ走行を終了しました [シナリオ名: ログイン]
[ADMIN] 15:35:36.753176 シナリオ走行を開始しました [シナリオ名: ログイン]
[ADMIN] 15:35:36.768250 シナリオ走行を終了しました [シナリオ名: ログイン]
[ADMIN] 15:35:36.768259 シナリオ走行を開始しました [シナリオ名: ログイン]
[ADMIN] 15:35:36.778353 シナリオ走行を終了しました [シナリオ名: ログイン]
[ADMIN] 15:35:36.778367 シナリオ走行を開始しました [シナリオ名: ログイン]
[ADMIN] 15:35:36.790198 シナリオ走行を終了しました [シナリオ名: ログイン]
[ADMIN] 15:35:36.790207 シナリオ走行を開始しました [シナリオ名: ログイン]
[ADMIN] 15:35:36.790631 シナリオ走行を終了しました [シナリオ名: ログイン]
[ADMIN] 15:35:36.790643 シナリオ走行を開始しました [シナリオ名: ログイン]
[ADMIN] 15:35:36.799762 シナリオ走行を終了しました [シナリオ名: 新規ユーザー登録]
[ADMIN] 15:35:36.799780 シナリオ走行を開始しました [シナリオ名: 新規ユーザー登録]
[ADMIN] 15:35:36.822203 シナリオ走行を終了しました [シナリオ名: 新規ユーザー登録]
[ADMIN] 15:35:36.822221 シナリオ走行を開始しました [シナリオ名: 新規ユーザー登録]
[ADMIN] 15:35:36.831052 シナリオ走行を終了しました [シナリオ名: ログイン]
[ADMIN] 15:35:36.831064 シナリオ走行を開始しました [シナリオ名: ログイン]
[ADMIN] 15:35:36.839605 シナリオ走行を終了しました [シナリオ名: ログイン]
[ADMIN] 15:35:36.839616 シナリオ走行を開始しました [シナリオ名: ログイン]
[ADMIN] 15:35:36.840076 シナリオ走行を終了しました [シナリオ名: ログイン]
[ADMIN] 15:35:36.840085 シナリオ走行を開始しました [シナリオ名: ログイン]
[ADMIN] 15:35:36.847638 シナリオ走行を終了しました [シナリオ名: ログイン]
[ADMIN] 15:35:36.847646 シナリオ走行を開始しました [シナリオ名: ログイン]
[ADMIN] 15:35:36.852663 シナリオ走行を終了しました [シナリオ名: 新規ユーザー登録]
[ADMIN] 15:35:36.852699 シナリオ走行を開始しました [シナリオ名: 新規ユーザー登録]
[ADMIN] 15:35:36.867295 シナリオ走行を終了しました [シナリオ名: 新規ユーザー登録]
[ADMIN] 15:35:36.867310 シナリオ走行を開始しました [シナリオ名: 新規ユーザー登録]
[ADMIN] 15:35:36.875982 シナリオ走行を終了しました [シナリオ名: ログイン]
[ADMIN] 15:35:36.875993 シナリオ走行を開始しました [シナリオ名: ログイン]
[ADMIN] 15:35:36.947602 シナリオ走行を終了しました [シナリオ名: ログイン]
[ADMIN] 15:35:36.947620 シナリオ走行を開始しました [シナリオ名: ログイン]
[ADMIN] 15:35:36.947621 シナリオ走行を終了しました [シナリオ名: ログイン]
[ADMIN] 15:35:36.947627 シナリオ走行を開始しました [シナリオ名: ログイン]
[ADMIN] 15:35:36.963912 シナリオ走行を終了しました [シナリオ名: ログイン]
[ADMIN] 15:35:36.963925 シナリオ走行を開始しました [シナリオ名: ログイン]
[ADMIN] 15:35:36.971271 シナリオ走行を終了しました [シナリオ名: 新規ユーザー登録]
[ADMIN] 15:35:36.971310 シナリオ走行を開始しました [シナリオ名: 新規ユーザー登録]
[ADMIN] 15:35:36.999005 シナリオ走行を終了しました [シナリオ名: ログイン]
[ADMIN] 15:35:36.999014 シナリオ走行を開始しました [シナリオ名: ログイン]
[ADMIN] 15:35:37.001674 シナリオ走行を終了しました [シナリオ名: 新規ユーザー登録]
[ADMIN] 15:35:37.001689 シナリオ走行を開始しました [シナリオ名: 新規ユーザー登録]
[ADMIN] 15:35:37.046641 シナリオ走行を終了しました [シナリオ名: ログイン]
[ADMIN] 15:35:37.046652 シナリオ走行を開始しました [シナリオ名: ログイン]
[ADMIN] 15:35:37.047554 シナリオ走行を終了しました [シナリオ名: ログイン]
[ADMIN] 15:35:37.047562 シナリオ走行を開始しました [シナリオ名: ログイン]
[ADMIN] 15:35:37.078726 シナリオ走行を終了しました [シナリオ名: ログイン]
[ADMIN] 15:35:37.078736 シナリオ走行を開始しました [シナリオ名: ログイン]
[ADMIN] 15:35:37.101920 シナリオ走行を終了しました [シナリオ名: 新規ユーザー登録]
[ADMIN] 15:35:37.101943 シナリオ走行を開始しました [シナリオ名: 新規ユーザー登録]
[ADMIN] 15:35:37.120966 シナリオ走行を終了しました [シナリオ名: Banユーザログイン]
[ADMIN] 15:35:37.120984 シナリオ走行を開始しました [シナリオ名: Banユーザログイン]
[ADMIN] 15:35:37.145939 シナリオ走行を終了しました [シナリオ名: Banユーザログイン]
[ADMIN] 15:35:37.145956 シナリオ走行を開始しました [シナリオ名: Banユーザログイン]
[ADMIN] 15:35:37.173240 シナリオ走行を終了しました [シナリオ名: ログイン]
[ADMIN] 15:35:37.173254 シナリオ走行を開始しました [シナリオ名: ログイン]
[ADMIN] 15:35:37.174688 シナリオ走行を終了しました [シナリオ名: Banユーザログイン]
[ADMIN] 15:35:37.174703 シナリオ走行を開始しました [シナリオ名: Banユーザログイン]
[ADMIN] 15:35:37.195675 シナリオ走行を終了しました [シナリオ名: ログイン]
[ADMIN] 15:35:37.195688 シナリオ走行を開始しました [シナリオ名: ログイン]
[ADMIN] 15:35:37.198586 シナリオ走行を終了しました [シナリオ名: ログイン]
[ADMIN] 15:35:37.198598 シナリオ走行を開始しました [シナリオ名: ログイン]
[ADMIN] 15:35:37.203240 シナリオ走行を終了しました [シナリオ名: ログイン]
[ADMIN] 15:35:37.203259 シナリオ走行を開始しました [シナリオ名: ログイン]
[ADMIN] 15:35:37.210066 シナリオ走行を終了しました [シナリオ名: Banユーザログイン]
[ADMIN] 15:35:37.210082 シナリオ走行を開始しました [シナリオ名: Banユーザログイン]
[ADMIN] 15:35:37.227264 シナリオ走行を終了しました [シナリオ名: Banユーザログイン]
[ADMIN] 15:35:37.227283 シナリオ走行を開始しました [シナリオ名: Banユーザログイン]
[ADMIN] 15:35:37.242019 シナリオ走行を終了しました [シナリオ名: Banユーザログイン]
[ADMIN] 15:35:37.242036 シナリオ走行を開始しました [シナリオ名: Banユーザログイン]
[ADMIN] 15:35:37.253415 シナリオ走行を終了しました [シナリオ名: 新規ユーザー登録]
[ADMIN] 15:35:37.253433 シナリオ走行を開始しました [シナリオ名: 新規ユーザー登録]
[ADMIN] 15:35:37.344265 シナリオ走行を終了しました [シナリオ名: 新規ユーザー登録]
[ADMIN] 15:35:37.344288 シナリオ走行を終了しました [シナリオ名: ログイン]
[ADMIN] 15:35:37.344298 シナリオ走行を開始しました [シナリオ名: 新規ユーザー登録]
[ADMIN] 15:35:37.344298 シナリオ走行を開始しました [シナリオ名: ログイン]
[ADMIN] 15:35:37.344419 シナリオ走行を終了しました [シナリオ名: ログイン]
[ADMIN] 15:35:37.344459 シナリオ走行を開始しました [シナリオ名: ログイン]
[ADMIN] 15:35:37.441389 シナリオ走行を終了しました [シナリオ名: ログイン]
[ADMIN] 15:35:37.441402 シナリオ走行を開始しました [シナリオ名: ログイン]
[ADMIN] 15:35:37.443212 シナリオ走行を終了しました [シナリオ名: ログイン]
[ADMIN] 15:35:37.443224 シナリオ走行を開始しました [シナリオ名: ログイン]
[ADMIN] 15:35:37.445604 シナリオ走行を終了しました [シナリオ名: ログイン]
[ADMIN] 15:35:37.445615 シナリオ走行を開始しました [シナリオ名: ログイン]
[ADMIN] 15:35:37.563890 シナリオ走行を終了しました [シナリオ名: ログイン]
[ADMIN] 15:35:37.563968 シナリオ走行を開始しました [シナリオ名: ログイン]
[ADMIN] 15:35:37.574543 シナリオ走行を終了しました [シナリオ名: ログイン]
[ADMIN] 15:35:37.574559 シナリオ走行を開始しました [シナリオ名: ログイン]
[ADMIN] 15:35:37.603303 シナリオ走行を終了しました [シナリオ名: ログイン]
[ADMIN] 15:35:37.603318 シナリオ走行を開始しました [シナリオ名: ログイン]
[ADMIN] 15:35:37.630589 シナリオ走行を終了しました [シナリオ名: ログイン]
[ADMIN] 15:35:37.630608 シナリオ走行を開始しました [シナリオ名: ログイン]
[ADMIN] 15:35:37.651617 シナリオ走行を終了しました [シナリオ名: ログイン]
[ADMIN] 15:35:37.651629 シナリオ走行を開始しました [シナリオ名: ログイン]
[ADMIN] 15:35:37.653855 シナリオ走行を終了しました [シナリオ名: Banユーザログイン]
[ADMIN] 15:35:37.653868 シナリオ走行を開始しました [シナリオ名: Banユーザログイン]
[ADMIN] 15:35:37.679579 シナリオ走行を終了しました [シナリオ名: Banユーザログイン]
[ADMIN] 15:35:37.679594 シナリオ走行を開始しました [シナリオ名: Banユーザログイン]
[ADMIN] 15:35:37.689144 シナリオ走行を終了しました [シナリオ名: Banユーザログイン]
[ADMIN] 15:35:37.689157 シナリオ走行を開始しました [シナリオ名: Banユーザログイン]
[ADMIN] 15:35:37.731454 シナリオ走行を終了しました [シナリオ名: Banユーザログイン]
[ADMIN] 15:35:37.731470 シナリオ走行を開始しました [シナリオ名: Banユーザログイン]
[ADMIN] 15:35:37.734657 シナリオ走行を終了しました [シナリオ名: ログイン]
[ADMIN] 15:35:37.734667 シナリオ走行を開始しました [シナリオ名: ログイン]
[ADMIN] 15:35:37.741647 シナリオ走行を終了しました [シナリオ名: ログイン]
[ADMIN] 15:35:37.741657 シナリオ走行を開始しました [シナリオ名: ログイン]
[ADMIN] 15:35:37.743915 シナリオ走行を終了しました [シナリオ名: ログイン]
[ADMIN] 15:35:37.743925 シナリオ走行を開始しました [シナリオ名: ログイン]
[ADMIN] 15:35:37.753647 シナリオ走行を終了しました [シナリオ名: Banユーザログイン]
[ADMIN] 15:35:37.753658 シナリオ走行を開始しました [シナリオ名: Banユーザログイン]
[ADMIN] 15:35:37.785095 シナリオ走行を終了しました [シナリオ名: Banユーザログイン]
[ADMIN] 15:35:37.785113 シナリオ走行を開始しました [シナリオ名: Banユーザログイン]
[ADMIN] 15:35:37.811872 シナリオ走行を終了しました [シナリオ名: ログイン]
[ADMIN] 15:35:37.811884 シナリオ走行を開始しました [シナリオ名: ログイン]
[ADMIN] 15:35:37.930710 シナリオ走行を終了しました [シナリオ名: ログイン]
[ADMIN] 15:35:37.930729 シナリオ走行を開始しました [シナリオ名: ログイン]
[ADMIN] 15:35:37.952100 シナリオ走行を終了しました [シナリオ名: ログイン]
[ADMIN] 15:35:37.952112 シナリオ走行を開始しました [シナリオ名: ログイン]
[ADMIN] 15:35:37.963155 シナリオ走行を終了しました [シナリオ名: ログイン]
[ADMIN] 15:35:37.963166 シナリオ走行を開始しました [シナリオ名: ログイン]
[ADMIN] 15:35:37.991526 シナリオ走行を終了しました [シナリオ名: ログイン]
[ADMIN] 15:35:37.991539 シナリオ走行を開始しました [シナリオ名: ログイン]
[ADMIN] 15:35:38.008606 シナリオ走行を終了しました [シナリオ名: ログイン]
[ADMIN] 15:35:38.008620 シナリオ走行を開始しました [シナリオ名: ログイン]
[ADMIN] 15:35:38.027862 シナリオ走行を終了しました [シナリオ名: ログイン]
[ADMIN] 15:35:38.027875 シナリオ走行を開始しました [シナリオ名: ログイン]
[ADMIN] 15:35:38.031589 シナリオ走行を終了しました [シナリオ名: ログイン]
[ADMIN] 15:35:38.031597 シナリオ走行を開始しました [シナリオ名: ログイン]
[ADMIN] 15:35:38.079292 シナリオ走行を終了しました [シナリオ名: ログイン]
[ADMIN] 15:35:38.079305 シナリオ走行を開始しました [シナリオ名: ログイン]
[ADMIN] 15:35:38.081614 シナリオ走行を終了しました [シナリオ名: ログイン]
[ADMIN] 15:35:38.081629 シナリオ走行を開始しました [シナリオ名: ログイン]
[ADMIN] 15:35:38.087624 シナリオ走行を終了しました [シナリオ名: ログイン]
[ADMIN] 15:35:38.087636 シナリオ走行を開始しました [シナリオ名: ログイン]
[ADMIN] 15:35:38.114200 シナリオ走行を終了しました [シナリオ名: 新規ユーザー登録]
[ADMIN] 15:35:38.114222 シナリオ走行を開始しました [シナリオ名: 新規ユーザー登録]
[ADMIN] 15:35:38.158541 シナリオ走行を終了しました [シナリオ名: ログイン]
[ADMIN] 15:35:38.158553 シナリオ走行を開始しました [シナリオ名: ログイン]
[ADMIN] 15:35:38.176155 シナリオ走行を終了しました [シナリオ名: ログイン]
[ADMIN] 15:35:38.176167 シナリオ走行を開始しました [シナリオ名: ログイン]
[ADMIN] 15:35:38.188695 シナリオ走行を終了しました [シナリオ名: Banユーザログイン]
[ADMIN] 15:35:38.188712 シナリオ走行を開始しました [シナリオ名: Banユーザログイン]
[ADMIN] 15:35:38.205956 シナリオ走行を終了しました [シナリオ名: Banユーザログイン]
[ADMIN] 15:35:38.205976 シナリオ走行を開始しました [シナリオ名: Banユーザログイン]
[ADMIN] 15:35:38.213605 シナリオ走行を終了しました [シナリオ名: 新規ユーザー登録]
[ADMIN] 15:35:38.213633 シナリオ走行を開始しました [シナリオ名: 新規ユーザー登録]
[ADMIN] 15:35:38.221133 シナリオ走行を終了しました [シナリオ名: Banユーザログイン]
[ADMIN] 15:35:38.221146 シナリオ走行を開始しました [シナリオ名: Banユーザログイン]
[ADMIN] 15:35:38.245255 シナリオ走行を終了しました [シナリオ名: ログイン]
[ADMIN] 15:35:38.245267 シナリオ走行を開始しました [シナリオ名: ログイン]
[ADMIN] 15:35:38.254209 シナリオ走行を終了しました [シナリオ名: ログイン]
[ADMIN] 15:35:38.254221 シナリオ走行を開始しました [シナリオ名: ログイン]
[ADMIN] 15:35:38.264304 シナリオ走行を終了しました [シナリオ名: Banユーザログイン]
[ADMIN] 15:35:38.264321 シナリオ走行を開始しました [シナリオ名: Banユーザログイン]
[ADMIN] 15:35:38.282639 シナリオ走行を終了しました [シナリオ名: Banユーザログイン]
[ADMIN] 15:35:38.282656 シナリオ走行を開始しました [シナリオ名: Banユーザログイン]
[ADMIN] 15:35:38.306130 シナリオ走行を終了しました [シナリオ名: Banユーザログイン]
[ADMIN] 15:35:38.306151 シナリオ走行を開始しました [シナリオ名: Banユーザログイン]
[ADMIN] 15:35:38.345286 シナリオ走行を終了しました [シナリオ名: ログイン]
[ADMIN] 15:35:38.345299 シナリオ走行を開始しました [シナリオ名: ログイン]
[ADMIN] 15:35:38.375223 シナリオ走行を終了しました [シナリオ名: 新規ユーザー登録]
[ADMIN] 15:35:38.375250 シナリオ走行を開始しました [シナリオ名: 新規ユーザー登録]
[ADMIN] 15:35:38.385853 シナリオ走行を終了しました [シナリオ名: 新規ユーザー登録]
[ADMIN] 15:35:38.385878 シナリオ走行を開始しました [シナリオ名: 新規ユーザー登録]
[ADMIN] 15:35:38.398070 シナリオ走行を終了しました [シナリオ名: ログイン]
[ADMIN] 15:35:38.398083 シナリオ走行を開始しました [シナリオ名: ログイン]
[ADMIN] 15:35:38.408205 シナリオ走行を終了しました [シナリオ名: ログイン]
[ADMIN] 15:35:38.408220 シナリオ走行を開始しました [シナリオ名: ログイン]
[ADMIN] 15:35:38.451828 シナリオ走行を終了しました [シナリオ名: ログイン]
[ADMIN] 15:35:38.451842 シナリオ走行を開始しました [シナリオ名: ログイン]
[ADMIN] 15:35:38.456306 シナリオ走行を終了しました [シナリオ名: ログイン]
[ADMIN] 15:35:38.456315 シナリオ走行を開始しました [シナリオ名: ログイン]
[ADMIN] 15:35:38.472133 シナリオ走行を終了しました [シナリオ名: ログイン]
[ADMIN] 15:35:38.472149 シナリオ走行を開始しました [シナリオ名: ログイン]
[ADMIN] 15:35:38.478431 シナリオ走行を終了しました [シナリオ名: ログイン]
[ADMIN] 15:35:38.478439 シナリオ走行を開始しました [シナリオ名: ログイン]
[ADMIN] 15:35:38.493778 シナリオ走行を終了しました [シナリオ名: ログイン]
[ADMIN] 15:35:38.493787 シナリオ走行を開始しました [シナリオ名: ログイン]
[ADMIN] 15:35:38.500617 シナリオ走行を終了しました [シナリオ名: ログイン]
[ADMIN] 15:35:38.500626 シナリオ走行を開始しました [シナリオ名: ログイン]
[ADMIN] 15:35:38.528911 シナリオ走行を終了しました [シナリオ名: ログイン]
[ADMIN] 15:35:38.528923 シナリオ走行を開始しました [シナリオ名: ログイン]
[ADMIN] 15:35:38.592844 シナリオ走行を終了しました [シナリオ名: ログイン]
[ADMIN] 15:35:38.592856 シナリオ走行を開始しました [シナリオ名: ログイン]
[ADMIN] 15:35:38.606922 シナリオ走行を終了しました [シナリオ名: ログイン]
[ADMIN] 15:35:38.606935 シナリオ走行を開始しました [シナリオ名: ログイン]
[ADMIN] 15:35:38.625042 シナリオ走行を終了しました [シナリオ名: 新規ユーザー登録]
[ADMIN] 15:35:38.625064 シナリオ走行を開始しました [シナリオ名: 新規ユーザー登録]
[ADMIN] 15:35:38.637573 シナリオ走行を終了しました [シナリオ名: ログイン]
[ADMIN] 15:35:38.637582 シナリオ走行を開始しました [シナリオ名: ログイン]
[ADMIN] 15:35:38.638417 シナリオ走行を終了しました [シナリオ名: 新規ユーザー登録]
[ADMIN] 15:35:38.638434 シナリオ走行を開始しました [シナリオ名: 新規ユーザー登録]
[ADMIN] 15:35:38.647334 シナリオ走行を終了しました [シナリオ名: 新規ユーザー登録]
[ADMIN] 15:35:38.647352 シナリオ走行を開始しました [シナリオ名: 新規ユーザー登録]
[ADMIN] 15:35:38.649422 シナリオ走行を終了しました [シナリオ名: ログイン]
[ADMIN] 15:35:38.649432 シナリオ走行を開始しました [シナリオ名: ログイン]
[ADMIN] 15:35:38.695593 シナリオ走行を終了しました [シナリオ名: 新規ユーザー登録]
[ADMIN] 15:35:38.695610 シナリオ走行を開始しました [シナリオ名: 新規ユーザー登録]
[ADMIN] 15:35:38.698751 シナリオ走行を終了しました [シナリオ名: 新規ユーザー登録]
[ADMIN] 15:35:38.698767 シナリオ走行を開始しました [シナリオ名: 新規ユーザー登録]
[ADMIN] 15:35:38.716059 シナリオ走行を終了しました [シナリオ名: Banユーザログイン]
[ADMIN] 15:35:38.716076 シナリオ走行を開始しました [シナリオ名: Banユーザログイン]
[ADMIN] 15:35:38.740064 シナリオ走行を終了しました [シナリオ名: ログイン]
[ADMIN] 15:35:38.740074 シナリオ走行を開始しました [シナリオ名: ログイン]
[ADMIN] 15:35:38.768699 シナリオ走行を終了しました [シナリオ名: Banユーザログイン]
[ADMIN] 15:35:38.768719 シナリオ走行を開始しました [シナリオ名: Banユーザログイン]
[ADMIN] 15:35:38.773420 シナリオ走行を終了しました [シナリオ名: ログイン]
[ADMIN] 15:35:38.773429 シナリオ走行を開始しました [シナリオ名: ログイン]
[ADMIN] 15:35:38.780334 シナリオ走行を終了しました [シナリオ名: Banユーザログイン]
[ADMIN] 15:35:38.780353 シナリオ走行を開始しました [シナリオ名: Banユーザログイン]
[ADMIN] 15:35:38.782304 シナリオ走行を終了しました [シナリオ名: ログイン]
[ADMIN] 15:35:38.782315 シナリオ走行を開始しました [シナリオ名: ログイン]
[ADMIN] 15:35:38.793863 シナリオ走行を終了しました [シナリオ名: 新規ユーザー登録]
[ADMIN] 15:35:38.793881 シナリオ走行を開始しました [シナリオ名: 新規ユーザー登録]
[ADMIN] 15:35:38.800542 シナリオ走行を終了しました [シナリオ名: Banユーザログイン]
[ADMIN] 15:35:38.800558 シナリオ走行を開始しました [シナリオ名: Banユーザログイン]
[ADMIN] 15:35:38.808136 シナリオ走行を終了しました [シナリオ名: Banユーザログイン]
[ADMIN] 15:35:38.808151 シナリオ走行を開始しました [シナリオ名: Banユーザログイン]
[ADMIN] 15:35:38.837392 シナリオ走行を終了しました [シナリオ名: Banユーザログイン]
[ADMIN] 15:35:38.837409 シナリオ走行を開始しました [シナリオ名: Banユーザログイン]
[ADMIN] 15:35:38.926018 シナリオ走行を終了しました [シナリオ名: 新規ユーザー登録]
[ADMIN] 15:35:38.926047 シナリオ走行を開始しました [シナリオ名: 新規ユーザー登録]
[ADMIN] 15:35:38.947840 シナリオ走行を終了しました [シナリオ名: ログイン]
[ADMIN] 15:35:38.947855 シナリオ走行を開始しました [シナリオ名: ログイン]
[ADMIN] 15:35:38.972593 シナリオ走行を終了しました [シナリオ名: ログイン]
[ADMIN] 15:35:38.972606 シナリオ走行を開始しました [シナリオ名: ログイン]
[ADMIN] 15:35:38.983766 シナリオ走行を終了しました [シナリオ名: ログイン]
[ADMIN] 15:35:38.983781 シナリオ走行を開始しました [シナリオ名: ログイン]
[ADMIN] 15:35:39.025061 シナリオ走行を終了しました [シナリオ名: ログイン]
[ADMIN] 15:35:39.025072 シナリオ走行を開始しました [シナリオ名: ログイン]
[ADMIN] 15:35:39.095753 シナリオ走行を終了しました [シナリオ名: ログイン]
[ADMIN] 15:35:39.095767 シナリオ走行を開始しました [シナリオ名: ログイン]
[ADMIN] 15:35:39.153397 シナリオ走行を終了しました [シナリオ名: ログイン]
[ADMIN] 15:35:39.153415 シナリオ走行を開始しました [シナリオ名: ログイン]
[ADMIN] 15:35:39.154593 シナリオ走行を終了しました [シナリオ名: ログイン]
[ADMIN] 15:35:39.154603 シナリオ走行を開始しました [シナリオ名: ログイン]
[ADMIN] 15:35:39.176040 シナリオ走行を終了しました [シナリオ名: 新規ユーザー登録]
[ADMIN] 15:35:39.176064 シナリオ走行を開始しました [シナリオ名: 新規ユーザー登録]
[ADMIN] 15:35:39.189012 シナリオ走行を終了しました [シナリオ名: ログイン]
[ADMIN] 15:35:39.189024 シナリオ走行を開始しました [シナリオ名: ログイン]
[ADMIN] 15:35:39.249725 シナリオ走行を終了しました [シナリオ名: Banユーザログイン]
[ADMIN] 15:35:39.249742 シナリオ走行を開始しました [シナリオ名: Banユーザログイン]
[ADMIN] 15:35:39.267359 シナリオ走行を終了しました [シナリオ名: 新規ユーザー登録]
[ADMIN] 15:35:39.267377 シナリオ走行を開始しました [シナリオ名: 新規ユーザー登録]
[ADMIN] 15:35:39.268933 シナリオ走行を終了しました [シナリオ名: ログイン]
[ADMIN] 15:35:39.268942 シナリオ走行を開始しました [シナリオ名: ログイン]
[ADMIN] 15:35:39.301247 シナリオ走行を終了しました [シナリオ名: ログイン]
[ADMIN] 15:35:39.301257 シナリオ走行を開始しました [シナリオ名: ログイン]
[ADMIN] 15:35:39.306759 シナリオ走行を終了しました [シナリオ名: Banユーザログイン]
[ADMIN] 15:35:39.306777 シナリオ走行を開始しました [シナリオ名: Banユーザログイン]
[ADMIN] 15:35:39.307142 シナリオ走行を終了しました [シナリオ名: Banユーザログイン]
[ADMIN] 15:35:39.307158 シナリオ走行を開始しました [シナリオ名: Banユーザログイン]
[ADMIN] 15:35:39.316625 シナリオ走行を終了しました [シナリオ名: 新規ユーザー登録]
[ADMIN] 15:35:39.316644 シナリオ走行を開始しました [シナリオ名: 新規ユーザー登録]
[ADMIN] 15:35:39.318555 シナリオ走行を終了しました [シナリオ名: ログイン]
[ADMIN] 15:35:39.318565 シナリオ走行を開始しました [シナリオ名: ログイン]
[ADMIN] 15:35:39.331436 シナリオ走行を終了しました [シナリオ名: Banユーザログイン]
[ADMIN] 15:35:39.331449 シナリオ走行を開始しました [シナリオ名: Banユーザログイン]
[ADMIN] 15:35:39.337963 シナリオ走行を終了しました [シナリオ名: Banユーザログイン]
[ADMIN] 15:35:39.337980 シナリオ走行を開始しました [シナリオ名: Banユーザログイン]
[ADMIN] 15:35:39.349205 シナリオ走行を終了しました [シナリオ名: 新規ユーザー登録]
[ADMIN] 15:35:39.349229 シナリオ走行を開始しました [シナリオ名: 新規ユーザー登録]
[ADMIN] 15:35:39.364791 シナリオ走行を終了しました [シナリオ名: ログイン]
[ADMIN] 15:35:39.364801 シナリオ走行を開始しました [シナリオ名: ログイン]
[ADMIN] 15:35:39.392227 シナリオ走行を終了しました [シナリオ名: Banユーザログイン]
[ADMIN] 15:35:39.392242 シナリオ走行を開始しました [シナリオ名: Banユーザログイン]
[ADMIN] 15:35:39.411537 シナリオ走行を終了しました [シナリオ名: 新規ユーザー登録]
[ADMIN] 15:35:39.411562 シナリオ走行を開始しました [シナリオ名: 新規ユーザー登録]
[ADMIN] 15:35:39.494332 シナリオ走行を終了しました [シナリオ名: ログイン]
[ADMIN] 15:35:39.494344 シナリオ走行を開始しました [シナリオ名: ログイン]
[ADMIN] 15:35:39.531549 シナリオ走行を終了しました [シナリオ名: 新規ユーザー登録]
[ADMIN] 15:35:39.531579 シナリオ走行を開始しました [シナリオ名: 新規ユーザー登録]
[ADMIN] 15:35:39.540759 シナリオ走行を終了しました [シナリオ名: ログイン]
[ADMIN] 15:35:39.540776 シナリオ走行を開始しました [シナリオ名: ログイン]
[ADMIN] 15:35:39.556538 シナリオ走行を終了しました [シナリオ名: 新規ユーザー登録]
[ADMIN] 15:35:39.556563 シナリオ走行を開始しました [シナリオ名: 新規ユーザー登録]
[ADMIN] 15:35:39.556624 シナリオ走行を終了しました [シナリオ名: ログイン]
[ADMIN] 15:35:39.556635 シナリオ走行を開始しました [シナリオ名: ログイン]
[ADMIN] 15:35:39.563173 シナリオ走行を終了しました [シナリオ名: ログイン]
[ADMIN] 15:35:39.563183 シナリオ走行を開始しました [シナリオ名: ログイン]
[ADMIN] 15:35:39.593352 シナリオ走行を終了しました [シナリオ名: ログイン]
[ADMIN] 15:35:39.593363 シナリオ走行を開始しました [シナリオ名: ログイン]
[ADMIN] 15:35:39.597242 シナリオ走行を終了しました [シナリオ名: ログイン]
[ADMIN] 15:35:39.597253 シナリオ走行を開始しました [シナリオ名: ログイン]
[ADMIN] 15:35:39.606653 シナリオ走行を終了しました [シナリオ名: 新規ユーザー登録]
[ADMIN] 15:35:39.606669 シナリオ走行を開始しました [シナリオ名: 新規ユーザー登録]
[ADMIN] 15:35:39.611281 シナリオ走行を終了しました [シナリオ名: ログイン]
[ADMIN] 15:35:39.611288 シナリオ走行を開始しました [シナリオ名: ログイン]
[ADMIN] 15:35:39.619812 シナリオ走行を終了しました [シナリオ名: ログイン]
[ADMIN] 15:35:39.619820 シナリオ走行を開始しました [シナリオ名: ログイン]
[ADMIN] 15:35:39.633132 シナリオ走行を終了しました [シナリオ名: 新規ユーザー登録]
[ADMIN] 15:35:39.633152 シナリオ走行を開始しました [シナリオ名: 新規ユーザー登録]
[ADMIN] 15:35:39.664493 シナリオ走行を終了しました [シナリオ名: ログイン]
[ADMIN] 15:35:39.664501 シナリオ走行を開始しました [シナリオ名: ログイン]
[ADMIN] 15:35:39.681173 シナリオ走行を終了しました [シナリオ名: ログイン]
[ADMIN] 15:35:39.681182 シナリオ走行を開始しました [シナリオ名: ログイン]
[ADMIN] 15:35:39.683429 シナリオ走行を終了しました [シナリオ名: ログイン]
[ADMIN] 15:35:39.683438 シナリオ走行を開始しました [シナリオ名: ログイン]
[ADMIN] 15:35:39.687915 シナリオ走行を終了しました [シナリオ名: ログイン]
[ADMIN] 15:35:39.687922 シナリオ走行を開始しました [シナリオ名: ログイン]
[ADMIN] 15:35:39.692997 シナリオ走行を終了しました [シナリオ名: ログイン]
[ADMIN] 15:35:39.693008 シナリオ走行を開始しました [シナリオ名: ログイン]
[ADMIN] 15:35:39.698097 シナリオ走行を終了しました [シナリオ名: 新規ユーザー登録]
[ADMIN] 15:35:39.698115 シナリオ走行を開始しました [シナリオ名: 新規ユーザー登録]
[ADMIN] 15:35:39.728343 シナリオ走行を終了しました [シナリオ名: ログイン]
[ADMIN] 15:35:39.728353 シナリオ走行を開始しました [シナリオ名: ログイン]
[ADMIN] 15:35:39.758480 シナリオ走行を終了しました [シナリオ名: ログイン]
[ADMIN] 15:35:39.758492 シナリオ走行を開始しました [シナリオ名: ログイン]
[ADMIN] 15:35:39.774917 シナリオ走行を終了しました [シナリオ名: ログイン]
[ADMIN] 15:35:39.774927 シナリオ走行を開始しました [シナリオ名: ログイン]
[ADMIN] 15:35:39.814167 シナリオ走行を終了しました [シナリオ名: Banユーザログイン]
[ADMIN] 15:35:39.814189 シナリオ走行を開始しました [シナリオ名: Banユーザログイン]
[ADMIN] 15:35:39.826355 シナリオ走行を終了しました [シナリオ名: ログイン]
[ADMIN] 15:35:39.826366 シナリオ走行を開始しました [シナリオ名: ログイン]
[ADMIN] 15:35:39.855408 シナリオ走行を終了しました [シナリオ名: Banユーザログイン]
[ADMIN] 15:35:39.855422 シナリオ走行を開始しました [シナリオ名: Banユーザログイン]
[ADMIN] 15:35:39.857396 シナリオ走行を終了しました [シナリオ名: Banユーザログイン]
[ADMIN] 15:35:39.857412 シナリオ走行を開始しました [シナリオ名: Banユーザログイン]
[ADMIN] 15:35:39.861845 シナリオ走行を終了しました [シナリオ名: Banユーザログイン]
[ADMIN] 15:35:39.861859 シナリオ走行を開始しました [シナリオ名: Banユーザログイン]
15:35:39.872296 現在のログイン成功数: [total: 3039 (+1262人)]
15:35:39.872304 現在のユーザー登録成功数: [total: 1203 (+443人)]
[ADMIN] 15:35:39.877597 シナリオ走行を終了しました [シナリオ名: ログイン]
[ADMIN] 15:35:39.877608 シナリオ走行を開始しました [シナリオ名: ログイン]
[ADMIN] 15:35:39.881090 シナリオ走行を終了しました [シナリオ名: Banユーザログイン]
[ADMIN] 15:35:39.881107 シナリオ走行を開始しました [シナリオ名: Banユーザログイン]
[ADMIN] 15:35:39.882173 シナリオ走行を終了しました [シナリオ名: ログイン]
[ADMIN] 15:35:39.882206 シナリオ走行を開始しました [シナリオ名: ログイン]
[ADMIN] 15:35:39.882250 シナリオ走行を開始しました [シナリオ名: ログイン]
[ADMIN] 15:35:39.882257 シナリオ走行を開始しました [シナリオ名: ログイン]
[ADMIN] 15:35:39.882269 シナリオ走行を開始しました [シナリオ名: ログイン]
[ADMIN] 15:35:39.882308 シナリオ走行を開始しました [シナリオ名: ログイン]
[ADMIN] 15:35:39.882341 シナリオ走行を開始しました [シナリオ名: ログイン]
[ADMIN] 15:35:39.882406 シナリオ走行を開始しました [シナリオ名: ログイン]
[ADMIN] 15:35:39.882408 シナリオ走行を開始しました [シナリオ名: ログイン]
[ADMIN] 15:35:39.882451 シナリオ走行を開始しました [シナリオ名: ログイン]
[ADMIN] 15:35:39.882466 シナリオ走行を開始しました [シナリオ名: ログイン]
[ADMIN] 15:35:39.882505 シナリオ走行を開始しました [シナリオ名: ログイン]
[ADMIN] 15:35:39.882507 シナリオ走行を開始しました [シナリオ名: ログイン]
[ADMIN] 15:35:39.882574 シナリオ走行を開始しました [シナリオ名: ログイン]
[ADMIN] 15:35:39.882582 シナリオ走行を開始しました [シナリオ名: ログイン]
[ADMIN] 15:35:39.882406 シナリオ走行を開始しました [シナリオ名: ログイン]
[ADMIN] 15:35:39.882649 シナリオ走行を開始しました [シナリオ名: ログイン]
[ADMIN] 15:35:39.893697 シナリオ走行を終了しました [シナリオ名: ログイン]
[ADMIN] 15:35:39.928732 シナリオ走行を終了しました [シナリオ名: Banユーザログイン]
[ADMIN] 15:35:39.928749 シナリオ走行を開始しました [シナリオ名: Banユーザログイン]
[ADMIN] 15:35:40.022510 シナリオ走行を終了しました [シナリオ名: ログイン]
[ADMIN] 15:35:40.023913 シナリオ走行を終了しました [シナリオ名: ログイン]
[ADMIN] 15:35:40.207856 シナリオ走行を終了しました [シナリオ名: ログイン]
[ADMIN] 15:35:40.279254 シナリオ走行を終了しました [シナリオ名: ログイン]
[ADMIN] 15:35:40.305077 シナリオ走行を終了しました [シナリオ名: ログイン]
[ADMIN] 15:35:40.316408 シナリオ走行を終了しました [シナリオ名: ログイン]
[ADMIN] 15:35:40.339224 シナリオ走行を終了しました [シナリオ名: ログイン]
[ADMIN] 15:35:40.344399 シナリオ走行を終了しました [シナリオ名: Banユーザログイン]
[ADMIN] 15:35:40.344412 シナリオ走行を開始しました [シナリオ名: Banユーザログイン]
[ADMIN] 15:35:40.366590 シナリオ走行を終了しました [シナリオ名: ログイン]
[ADMIN] 15:35:40.399216 シナリオ走行を終了しました [シナリオ名: Banユーザログイン]
[ADMIN] 15:35:40.399227 シナリオ走行を開始しました [シナリオ名: Banユーザログイン]
[ADMIN] 15:35:40.399233 シナリオ走行を終了しました [シナリオ名: Banユーザログイン]
[ADMIN] 15:35:40.399247 シナリオ走行を開始しました [シナリオ名: Banユーザログイン]
[ADMIN] 15:35:40.407061 シナリオ走行を終了しました [シナリオ名: Banユーザログイン]
[ADMIN] 15:35:40.407076 シナリオ走行を開始しました [シナリオ名: Banユーザログイン]
[ADMIN] 15:35:40.418204 シナリオ走行を終了しました [シナリオ名: Banユーザログイン]
[ADMIN] 15:35:40.418218 シナリオ走行を開始しました [シナリオ名: Banユーザログイン]
[ADMIN] 15:35:40.430437 シナリオ走行を終了しました [シナリオ名: ログイン]
[ADMIN] 15:35:40.445757 シナリオ走行を終了しました [シナリオ名: ログイン]
[ADMIN] 15:35:40.462925 シナリオ走行を終了しました [シナリオ名: 新規ユーザー登録]
[ADMIN] 15:35:40.462949 シナリオ走行を開始しました [シナリオ名: 新規ユーザー登録]
[ADMIN] 15:35:40.469351 シナリオ走行を終了しました [シナリオ名: ログイン]
[ADMIN] 15:35:40.485797 シナリオ走行を終了しました [シナリオ名: ログイン]
[ADMIN] 15:35:40.490681 シナリオ走行を終了しました [シナリオ名: ログイン]
[ADMIN] 15:35:40.492600 シナリオ走行を終了しました [シナリオ名: Banユーザログイン]
[ADMIN] 15:35:40.492642 シナリオ走行を開始しました [シナリオ名: Banユーザログイン]
[ADMIN] 15:35:40.507739 シナリオ走行を終了しました [シナリオ名: ログイン]
[ADMIN] 15:35:40.599451 シナリオ走行を終了しました [シナリオ名: 新規ユーザー登録]
[ADMIN] 15:35:40.599492 シナリオ走行を開始しました [シナリオ名: 新規ユーザー登録]
[ADMIN] 15:35:40.599506 シナリオ走行を開始しました [シナリオ名: 新規ユーザー登録]
[ADMIN] 15:35:40.599512 シナリオ走行を開始しました [シナリオ名: 新規ユーザー登録]
[ADMIN] 15:35:40.599574 シナリオ走行を開始しました [シナリオ名: 新規ユーザー登録]
[ADMIN] 15:35:40.599639 シナリオ走行を開始しました [シナリオ名: 新規ユーザー登録]
[ADMIN] 15:35:40.599646 シナリオ走行を開始しました [シナリオ名: 新規ユーザー登録]
[ADMIN] 15:35:40.599650 シナリオ走行を開始しました [シナリオ名: 新規ユーザー登録]
[ADMIN] 15:35:40.599741 シナリオ走行を開始しました [シナリオ名: 新規ユーザー登録]
[ADMIN] 15:35:40.599645 シナリオ走行を開始しました [シナリオ名: 新規ユーザー登録]
[ADMIN] 15:35:40.608164 シナリオ走行を終了しました [シナリオ名: ログイン]
[ADMIN] 15:35:40.628938 シナリオ走行を終了しました [シナリオ名: 新規ユーザー登録]
[ADMIN] 15:35:40.643015 シナリオ走行を終了しました [シナリオ名: ログイン]
[ADMIN] 15:35:40.670213 シナリオ走行を終了しました [シナリオ名: ログイン]
[ADMIN] 15:35:40.721247 シナリオ走行を終了しました [シナリオ名: ログイン]
[ADMIN] 15:35:40.786458 シナリオ走行を終了しました [シナリオ名: ログイン]
[ADMIN] 15:35:40.787373 シナリオ走行を終了しました [シナリオ名: ログイン]
[ADMIN] 15:35:40.875479 シナリオ走行を終了しました [シナリオ名: Banユーザログイン]
[ADMIN] 15:35:40.875501 シナリオ走行を開始しました [シナリオ名: Banユーザログイン]
[ADMIN] 15:35:40.910245 シナリオ走行を終了しました [シナリオ名: ログイン]
[ADMIN] 15:35:40.932536 シナリオ走行を終了しました [シナリオ名: Banユーザログイン]
[ADMIN] 15:35:40.932550 シナリオ走行を終了しました [シナリオ名: Banユーザログイン]
[ADMIN] 15:35:40.932566 シナリオ走行を開始しました [シナリオ名: Banユーザログイン]
[ADMIN] 15:35:40.932575 シナリオ走行を開始しました [シナリオ名: Banユーザログイン]
[ADMIN] 15:35:40.932581 シナリオ走行を開始しました [シナリオ名: Banユーザログイン]
[ADMIN] 15:35:40.932619 シナリオ走行を開始しました [シナリオ名: Banユーザログイン]
[ADMIN] 15:35:40.938145 シナリオ走行を終了しました [シナリオ名: Banユーザログイン]
[ADMIN] 15:35:40.988707 シナリオ走行を終了しました [シナリオ名: Banユーザログイン]
[ADMIN] 15:35:40.998308 シナリオ走行を終了しました [シナリオ名: ログイン]
[ADMIN] 15:35:41.002766 シナリオ走行を終了しました [シナリオ名: ログイン]
[ADMIN] 15:35:41.002794 シナリオ走行を開始しました [シナリオ名: ログイン]
[ADMIN] 15:35:41.002837 シナリオ走行を開始しました [シナリオ名: ログイン]
[ADMIN] 15:35:41.002851 シナリオ走行を開始しました [シナリオ名: ログイン]
[ADMIN] 15:35:41.002908 シナリオ走行を開始しました [シナリオ名: ログイン]
[ADMIN] 15:35:41.002944 シナリオ走行を開始しました [シナリオ名: ログイン]
[ADMIN] 15:35:41.002976 シナリオ走行を開始しました [シナリオ名: ログイン]
[ADMIN] 15:35:41.002985 シナリオ走行を開始しました [シナリオ名: ログイン]
[ADMIN] 15:35:41.003053 シナリオ走行を開始しました [シナリオ名: ログイン]
[ADMIN] 15:35:41.002983 シナリオ走行を開始しました [シナリオ名: ログイン]
[ADMIN] 15:35:41.003107 シナリオ走行を開始しました [シナリオ名: ログイン]
[ADMIN] 15:35:41.003146 シナリオ走行を開始しました [シナリオ名: ログイン]
[ADMIN] 15:35:41.003202 シナリオ走行を開始しました [シナリオ名: ログイン]
[ADMIN] 15:35:41.003208 シナリオ走行を開始しました [シナリオ名: ログイン]
[ADMIN] 15:35:41.003280 シナリオ走行を開始しました [シナリオ名: ログイン]
[ADMIN] 15:35:41.003397 シナリオ走行を開始しました [シナリオ名: ログイン]
[ADMIN] 15:35:41.003207 シナリオ走行を開始しました [シナリオ名: ログイン]
[ADMIN] 15:35:41.003529 シナリオ走行を開始しました [シナリオ名: ログイン]
[ADMIN] 15:35:41.003641 シナリオ走行を開始しました [シナリオ名: ログイン]
[ADMIN] 15:35:41.003263 シナリオ走行を開始しました [シナリオ名: ログイン]
[ADMIN] 15:35:41.003750 シナリオ走行を開始しました [シナリオ名: ログイン]
[ADMIN] 15:35:41.003105 シナリオ走行を開始しました [シナリオ名: ログイン]
[ADMIN] 15:35:41.003488 シナリオ走行を開始しました [シナリオ名: ログイン]
[ADMIN] 15:35:41.003905 シナリオ走行を開始しました [シナリオ名: ログイン]
[ADMIN] 15:35:41.003522 シナリオ走行を開始しました [シナリオ名: ログイン]
[ADMIN] 15:35:41.007426 シナリオ走行を終了しました [シナリオ名: Banユーザログイン]
[ADMIN] 15:35:41.055411 シナリオ走行を終了しました [シナリオ名: 新規ユーザー登録]
[ADMIN] 15:35:41.055756 シナリオ走行を終了しました [シナリオ名: ログイン]
[ADMIN] 15:35:41.091841 シナリオ走行を終了しました [シナリオ名: 新規ユーザー登録]
[ADMIN] 15:35:41.112669 シナリオ走行を終了しました [シナリオ名: ログイン]
[ADMIN] 15:35:41.115520 シナリオ走行を終了しました [シナリオ名: ログイン]
[ADMIN] 15:35:41.115530 シナリオ走行を開始しました [シナリオ名: ログイン]
[ADMIN] 15:35:41.115584 シナリオ走行を開始しました [シナリオ名: ログイン]
[ADMIN] 15:35:41.115620 シナリオ走行を開始しました [シナリオ名: ログイン]
[ADMIN] 15:35:41.163759 シナリオ走行を終了しました [シナリオ名: ログイン]
[ADMIN] 15:35:41.165695 シナリオ走行を終了しました [シナリオ名: 新規ユーザー登録]
[ADMIN] 15:35:41.199755 シナリオ走行を終了しました [シナリオ名: ログイン]
[ADMIN] 15:35:41.222295 シナリオ走行を終了しました [シナリオ名: ログイン]
[ADMIN] 15:35:41.235882 シナリオ走行を終了しました [シナリオ名: ログイン]
[ADMIN] 15:35:41.260242 シナリオ走行を終了しました [シナリオ名: ログイン]
[ADMIN] 15:35:41.260258 シナリオ走行を開始しました [シナリオ名: ログイン]
[ADMIN] 15:35:41.260308 シナリオ走行を開始しました [シナリオ名: ログイン]
[ADMIN] 15:35:41.260353 シナリオ走行を開始しました [シナリオ名: ログイン]
[ADMIN] 15:35:41.260360 シナリオ走行を開始しました [シナリオ名: ログイン]
[ADMIN] 15:35:41.260364 シナリオ走行を開始しました [シナリオ名: ログイン]
[ADMIN] 15:35:41.264309 シナリオ走行を終了しました [シナリオ名: ログイン]
[ADMIN] 15:35:41.275507 シナリオ走行を終了しました [シナリオ名: 新規ユーザー登録]
[ADMIN] 15:35:41.298491 シナリオ走行を終了しました [シナリオ名: 新規ユーザー登録]
[ADMIN] 15:35:41.315494 シナリオ走行を終了しました [シナリオ名: ログイン]
[ADMIN] 15:35:41.323870 シナリオ走行を終了しました [シナリオ名: ログイン]
[ADMIN] 15:35:41.323882 シナリオ走行を開始しました [シナリオ名: ログイン]
[ADMIN] 15:35:41.323934 シナリオ走行を開始しました [シナリオ名: ログイン]
[ADMIN] 15:35:41.323953 シナリオ走行を開始しました [シナリオ名: ログイン]
[ADMIN] 15:35:41.330998 シナリオ走行を終了しました [シナリオ名: ログイン]
[ADMIN] 15:35:41.331012 シナリオ走行を開始しました [シナリオ名: ログイン]
[ADMIN] 15:35:41.356147 シナリオ走行を終了しました [シナリオ名: ログイン]
[ADMIN] 15:35:41.356157 シナリオ走行を開始しました [シナリオ名: ログイン]
[ADMIN] 15:35:41.361594 シナリオ走行を終了しました [シナリオ名: ログイン]
[ADMIN] 15:35:41.376293 シナリオ走行を終了しました [シナリオ名: 新規ユーザー登録]
[ADMIN] 15:35:41.376835 シナリオ走行を終了しました [シナリオ名: ログイン]
[ADMIN] 15:35:41.400586 シナリオ走行を終了しました [シナリオ名: 新規ユーザー登録]
[ADMIN] 15:35:41.439291 シナリオ走行を終了しました [シナリオ名: ログイン]
[ADMIN] 15:35:41.443567 シナリオ走行を終了しました [シナリオ名: Banユーザログイン]
[ADMIN] 15:35:41.465840 シナリオ走行を終了しました [シナリオ名: ログイン]
[ADMIN] 15:35:41.487710 シナリオ走行を終了しました [シナリオ名: Banユーザログイン]
[ADMIN] 15:35:41.487725 シナリオ走行を終了しました [シナリオ名: Banユーザログイン]
[ADMIN] 15:35:41.487730 シナリオ走行を開始しました [シナリオ名: Banユーザログイン]
[ADMIN] 15:35:41.487742 シナリオ走行を開始しました [シナリオ名: Banユーザログイン]
[ADMIN] 15:35:41.487798 シナリオ走行を開始しました [シナリオ名: Banユーザログイン]
[ADMIN] 15:35:41.487864 シナリオ走行を開始しました [シナリオ名: Banユーザログイン]
[ADMIN] 15:35:41.487900 シナリオ走行を開始しました [シナリオ名: Banユーザログイン]
[ADMIN] 15:35:41.487908 シナリオ走行を開始しました [シナリオ名: Banユーザログイン]
[ADMIN] 15:35:41.492089 シナリオ走行を終了しました [シナリオ名: ログイン]
[ADMIN] 15:35:41.504029 シナリオ走行を終了しました [シナリオ名: Banユーザログイン]
[ADMIN] 15:35:41.504046 シナリオ走行を開始しました [シナリオ名: Banユーザログイン]
[ADMIN] 15:35:41.546000 シナリオ走行を終了しました [シナリオ名: Banユーザログイン]
[ADMIN] 15:35:41.546016 シナリオ走行を開始しました [シナリオ名: Banユーザログイン]
[ADMIN] 15:35:41.553438 シナリオ走行を終了しました [シナリオ名: ログイン]
[ADMIN] 15:35:41.619058 シナリオ走行を終了しました [シナリオ名: ログイン]
[ADMIN] 15:35:41.641014 シナリオ走行を終了しました [シナリオ名: 新規ユーザー登録]
[ADMIN] 15:35:41.711348 シナリオ走行を終了しました [シナリオ名: ログイン]
[ADMIN] 15:35:41.711369 シナリオ走行を開始しました [シナリオ名: ログイン]
[ADMIN] 15:35:41.711412 シナリオ走行を開始しました [シナリオ名: ログイン]
[ADMIN] 15:35:41.711427 シナリオ走行を開始しました [シナリオ名: ログイン]
[ADMIN] 15:35:41.711432 シナリオ走行を開始しました [シナリオ名: ログイン]
[ADMIN] 15:35:41.711565 シナリオ走行を開始しました [シナリオ名: ログイン]
[ADMIN] 15:35:41.711567 シナリオ走行を開始しました [シナリオ名: ログイン]
[ADMIN] 15:35:41.711597 シナリオ走行を開始しました [シナリオ名: ログイン]
[ADMIN] 15:35:41.711572 シナリオ走行を開始しました [シナリオ名: ログイン]
[ADMIN] 15:35:41.713510 シナリオ走行を終了しました [シナリオ名: ログイン]
[ADMIN] 15:35:41.713520 シナリオ走行を開始しました [シナリオ名: ログイン]
[ADMIN] 15:35:41.715980 シナリオ走行を終了しました [シナリオ名: ログイン]
[ADMIN] 15:35:41.715989 シナリオ走行を開始しました [シナリオ名: ログイン]
[ADMIN] 15:35:41.719739 シナリオ走行を終了しました [シナリオ名: 新規ユーザー登録]
[ADMIN] 15:35:41.771904 シナリオ走行を終了しました [シナリオ名: 新規ユーザー登録]
[ADMIN] 15:35:41.793970 シナリオ走行を終了しました [シナリオ名: ログイン]
[ADMIN] 15:35:41.793984 シナリオ走行を開始しました [シナリオ名: ログイン]
[ADMIN] 15:35:41.812932 シナリオ走行を終了しました [シナリオ名: ログイン]
[ADMIN] 15:35:41.812944 シナリオ走行を開始しました [シナリオ名: ログイン]
[ADMIN] 15:35:41.816226 シナリオ走行を終了しました [シナリオ名: ログイン]
[ADMIN] 15:35:41.816238 シナリオ走行を開始しました [シナリオ名: ログイン]
[ADMIN] 15:35:41.819166 シナリオ走行を終了しました [シナリオ名: ログイン]
[ADMIN] 15:35:41.819325 シナリオ走行を終了しました [シナリオ名: ログイン]
[ADMIN] 15:35:41.819335 シナリオ走行を開始しました [シナリオ名: ログイン]
[ADMIN] 15:35:41.819393 シナリオ走行を開始しました [シナリオ名: ログイン]
[ADMIN] 15:35:41.835373 シナリオ走行を終了しました [シナリオ名: ログイン]
[ADMIN] 15:35:41.883170 シナリオ走行を終了しました [シナリオ名: ログイン]
[ADMIN] 15:35:41.883185 シナリオ走行を開始しました [シナリオ名: ログイン]
[ADMIN] 15:35:41.883236 シナリオ走行を開始しました [シナリオ名: ログイン]
[ADMIN] 15:35:41.905428 シナリオ走行を終了しました [シナリオ名: ログイン]
[ADMIN] 15:35:41.914045 シナリオ走行を終了しました [シナリオ名: ログイン]
[ADMIN] 15:35:41.914058 シナリオ走行を開始しました [シナリオ名: ログイン]
[ADMIN] 15:35:41.914060 シナリオ走行を開始しました [シナリオ名: ログイン]
[ADMIN] 15:35:42.004501 シナリオ走行を終了しました [シナリオ名: ログイン]
[ADMIN] 15:35:42.004517 シナリオ走行を開始しました [シナリオ名: ログイン]
[ADMIN] 15:35:42.009620 シナリオ走行を終了しました [シナリオ名: Banユーザログイン]
[ADMIN] 15:35:42.009642 シナリオ走行を開始しました [シナリオ名: Banユーザログイン]
[ADMIN] 15:35:42.027516 シナリオ走行を終了しました [シナリオ名: Banユーザログイン]
[ADMIN] 15:35:42.027534 シナリオ走行を開始しました [シナリオ名: Banユーザログイン]
[ADMIN] 15:35:42.029334 シナリオ走行を終了しました [シナリオ名: Banユーザログイン]
[ADMIN] 15:35:42.029346 シナリオ走行を開始しました [シナリオ名: Banユーザログイン]
[ADMIN] 15:35:42.033762 シナリオ走行を終了しました [シナリオ名: Banユーザログイン]
[ADMIN] 15:35:42.033776 シナリオ走行を開始しました [シナリオ名: Banユーザログイン]
[ADMIN] 15:35:42.037245 シナリオ走行を終了しました [シナリオ名: Banユーザログイン]
[ADMIN] 15:35:42.037257 シナリオ走行を開始しました [シナリオ名: Banユーザログイン]
[ADMIN] 15:35:42.042636 シナリオ走行を終了しました [シナリオ名: Banユーザログイン]
[ADMIN] 15:35:42.042651 シナリオ走行を開始しました [シナリオ名: Banユーザログイン]
[ADMIN] 15:35:42.055183 シナリオ走行を終了しました [シナリオ名: Banユーザログイン]
[ADMIN] 15:35:42.055195 シナリオ走行を開始しました [シナリオ名: Banユーザログイン]
[ADMIN] 15:35:42.062168 シナリオ走行を終了しました [シナリオ名: ログイン]
[ADMIN] 15:35:42.083555 シナリオ走行を終了しました [シナリオ名: Banユーザログイン]
[ADMIN] 15:35:42.083568 シナリオ走行を開始しました [シナリオ名: Banユーザログイン]
[ADMIN] 15:35:42.140223 シナリオ走行を終了しました [シナリオ名: 新規ユーザー登録]
[ADMIN] 15:35:42.164082 シナリオ走行を終了しました [シナリオ名: 新規ユーザー登録]
[ADMIN] 15:35:42.249964 シナリオ走行を終了しました [シナリオ名: 新規ユーザー登録]
[ADMIN] 15:35:42.327801 シナリオ走行を終了しました [シナリオ名: 新規ユーザー登録]
[ADMIN] 15:35:42.363558 シナリオ走行を終了しました [シナリオ名: ログイン]
[ADMIN] 15:35:42.363574 シナリオ走行を開始しました [シナリオ名: ログイン]
[ADMIN] 15:35:42.363629 シナリオ走行を開始しました [シナリオ名: ログイン]
[ADMIN] 15:35:42.455915 シナリオ走行を終了しました [シナリオ名: 新規ユーザー登録]
[ADMIN] 15:35:42.469434 シナリオ走行を終了しました [シナリオ名: ログイン]
[ADMIN] 15:35:42.469449 シナリオ走行を開始しました [シナリオ名: ログイン]
[ADMIN] 15:35:42.520127 シナリオ走行を終了しました [シナリオ名: 新規ユーザー登録]
[ADMIN] 15:35:42.523083 シナリオ走行を終了しました [シナリオ名: 新規ユーザー登録]
[ADMIN] 15:35:42.528804 シナリオ走行を終了しました [シナリオ名: ログイン]
[ADMIN] 15:35:42.528814 シナリオ走行を開始しました [シナリオ名: ログイン]
[ADMIN] 15:35:42.562366 シナリオ走行を終了しました [シナリオ名: Banユーザログイン]
[ADMIN] 15:35:42.562381 シナリオ走行を開始しました [シナリオ名: Banユーザログイン]
[ADMIN] 15:35:42.566753 シナリオ走行を終了しました [シナリオ名: ログイン]
[ADMIN] 15:35:42.566763 シナリオ走行を開始しました [シナリオ名: ログイン]
[ADMIN] 15:35:42.582653 シナリオ走行を終了しました [シナリオ名: ログイン]
[ADMIN] 15:35:42.582663 シナリオ走行を開始しました [シナリオ名: ログイン]
[ADMIN] 15:35:42.589787 シナリオ走行を終了しました [シナリオ名: ログイン]
[ADMIN] 15:35:42.589796 シナリオ走行を開始しました [シナリオ名: ログイン]
[ADMIN] 15:35:42.597258 シナリオ走行を終了しました [シナリオ名: Banユーザログイン]
[ADMIN] 15:35:42.597270 シナリオ走行を開始しました [シナリオ名: Banユーザログイン]
[ADMIN] 15:35:42.598638 シナリオ走行を終了しました [シナリオ名: Banユーザログイン]
[ADMIN] 15:35:42.598657 シナリオ走行を開始しました [シナリオ名: Banユーザログイン]
[ADMIN] 15:35:42.615257 シナリオ走行を終了しました [シナリオ名: Banユーザログイン]
[ADMIN] 15:35:42.615278 シナリオ走行を開始しました [シナリオ名: Banユーザログイン]
[ADMIN] 15:35:42.616660 シナリオ走行を終了しました [シナリオ名: Banユーザログイン]
[ADMIN] 15:35:42.616669 シナリオ走行を開始しました [シナリオ名: Banユーザログイン]
[ADMIN] 15:35:42.616672 シナリオ走行を終了しました [シナリオ名: Banユーザログイン]
[ADMIN] 15:35:42.616679 シナリオ走行を開始しました [シナリオ名: Banユーザログイン]
[ADMIN] 15:35:42.633216 シナリオ走行を終了しました [シナリオ名: Banユーザログイン]
[ADMIN] 15:35:42.633230 シナリオ走行を開始しました [シナリオ名: Banユーザログイン]
[ADMIN] 15:35:42.641371 シナリオ走行を終了しました [シナリオ名: ログイン]
[ADMIN] 15:35:42.641382 シナリオ走行を開始しました [シナリオ名: ログイン]
[ADMIN] 15:35:42.650228 シナリオ走行を終了しました [シナリオ名: Banユーザログイン]
[ADMIN] 15:35:42.650240 シナリオ走行を開始しました [シナリオ名: Banユーザログイン]
[ADMIN] 15:35:42.693517 シナリオ走行を終了しました [シナリオ名: ログイン]
[ADMIN] 15:35:42.693527 シナリオ走行を開始しました [シナリオ名: ログイン]
[ADMIN] 15:35:42.772739 シナリオ走行を終了しました [シナリオ名: ログイン]
[ADMIN] 15:35:42.772754 シナリオ走行を開始しました [シナリオ名: ログイン]
[ADMIN] 15:35:42.775024 シナリオ走行を終了しました [シナリオ名: ログイン]
[ADMIN] 15:35:42.775035 シナリオ走行を開始しました [シナリオ名: ログイン]
[ADMIN] 15:35:42.781499 シナリオ走行を終了しました [シナリオ名: 新規ユーザー登録]
[ADMIN] 15:35:42.813935 シナリオ走行を終了しました [シナリオ名: ログイン]
[ADMIN] 15:35:42.813946 シナリオ走行を開始しました [シナリオ名: ログイン]
[ADMIN] 15:35:42.829609 シナリオ走行を終了しました [シナリオ名: ログイン]
[ADMIN] 15:35:42.829619 シナリオ走行を開始しました [シナリオ名: ログイン]
[ADMIN] 15:35:42.842207 シナリオ走行を終了しました [シナリオ名: ログイン]
[ADMIN] 15:35:42.842218 シナリオ走行を開始しました [シナリオ名: ログイン]
[ADMIN] 15:35:42.877034 シナリオ走行を終了しました [シナリオ名: ログイン]
[ADMIN] 15:35:42.877045 シナリオ走行を開始しました [シナリオ名: ログイン]
[ADMIN] 15:35:42.883865 シナリオ走行を終了しました [シナリオ名: ログイン]
[ADMIN] 15:35:42.883875 シナリオ走行を開始しました [シナリオ名: ログイン]
[ADMIN] 15:35:42.894389 シナリオ走行を終了しました [シナリオ名: ログイン]
[ADMIN] 15:35:42.894399 シナリオ走行を開始しました [シナリオ名: ログイン]
[ADMIN] 15:35:42.921684 シナリオ走行を終了しました [シナリオ名: ログイン]
[ADMIN] 15:35:42.921694 シナリオ走行を開始しました [シナリオ名: ログイン]
[ADMIN] 15:35:42.951162 シナリオ走行を終了しました [シナリオ名: ログイン]
[ADMIN] 15:35:42.951173 シナリオ走行を開始しました [シナリオ名: ログイン]
[ADMIN] 15:35:42.952538 シナリオ走行を終了しました [シナリオ名: ログイン]
[ADMIN] 15:35:42.952546 シナリオ走行を開始しました [シナリオ名: ログイン]
[ADMIN] 15:35:42.954031 シナリオ走行を終了しました [シナリオ名: ログイン]
[ADMIN] 15:35:42.954041 シナリオ走行を開始しました [シナリオ名: ログイン]
[ADMIN] 15:35:42.955691 シナリオ走行を終了しました [シナリオ名: ログイン]
[ADMIN] 15:35:42.955700 シナリオ走行を開始しました [シナリオ名: ログイン]
[ADMIN] 15:35:42.963113 シナリオ走行を終了しました [シナリオ名: ログイン]
[ADMIN] 15:35:42.963124 シナリオ走行を開始しました [シナリオ名: ログイン]
[ADMIN] 15:35:42.975049 シナリオ走行を終了しました [シナリオ名: ログイン]
[ADMIN] 15:35:42.975055 シナリオ走行を開始しました [シナリオ名: ログイン]
[ADMIN] 15:35:42.976832 シナリオ走行を終了しました [シナリオ名: ログイン]
[ADMIN] 15:35:42.976839 シナリオ走行を開始しました [シナリオ名: ログイン]
[ADMIN] 15:35:43.047458 シナリオ走行を終了しました [シナリオ名: ログイン]
[ADMIN] 15:35:43.047473 シナリオ走行を開始しました [シナリオ名: ログイン]
[ADMIN] 15:35:43.067567 シナリオ走行を終了しました [シナリオ名: ログイン]
[ADMIN] 15:35:43.067582 シナリオ走行を開始しました [シナリオ名: ログイン]
[ADMIN] 15:35:43.091491 シナリオ走行を終了しました [シナリオ名: ログイン]
[ADMIN] 15:35:43.091507 シナリオ走行を開始しました [シナリオ名: ログイン]
[ADMIN] 15:35:43.095376 シナリオ走行を終了しました [シナリオ名: ログイン]
[ADMIN] 15:35:43.095387 シナリオ走行を開始しました [シナリオ名: ログイン]
[ADMIN] 15:35:43.098907 シナリオ走行を終了しました [シナリオ名: ログイン]
[ADMIN] 15:35:43.098916 シナリオ走行を開始しました [シナリオ名: ログイン]
[ADMIN] 15:35:43.099506 シナリオ走行を終了しました [シナリオ名: ログイン]
[ADMIN] 15:35:43.099515 シナリオ走行を開始しました [シナリオ名: ログイン]
[ADMIN] 15:35:43.100874 シナリオ走行を終了しました [シナリオ名: Banユーザログイン]
[ADMIN] 15:35:43.100888 シナリオ走行を開始しました [シナリオ名: Banユーザログイン]
[ADMIN] 15:35:43.134340 シナリオ走行を終了しました [シナリオ名: ログイン]
[ADMIN] 15:35:43.134354 シナリオ走行を開始しました [シナリオ名: ログイン]
[ADMIN] 15:35:43.144722 シナリオ走行を終了しました [シナリオ名: Banユーザログイン]
[ADMIN] 15:35:43.144745 シナリオ走行を開始しました [シナリオ名: Banユーザログイン]
[ADMIN] 15:35:43.152734 シナリオ走行を終了しました [シナリオ名: ログイン]
[ADMIN] 15:35:43.152744 シナリオ走行を開始しました [シナリオ名: ログイン]
[ADMIN] 15:35:43.156246 シナリオ走行を終了しました [シナリオ名: ログイン]
[ADMIN] 15:35:43.156258 シナリオ走行を開始しました [シナリオ名: ログイン]
[ADMIN] 15:35:43.158686 シナリオ走行を終了しました [シナリオ名: Banユーザログイン]
[ADMIN] 15:35:43.158703 シナリオ走行を開始しました [シナリオ名: Banユーザログイン]
[ADMIN] 15:35:43.165047 シナリオ走行を終了しました [シナリオ名: Banユーザログイン]
[ADMIN] 15:35:43.165068 シナリオ走行を開始しました [シナリオ名: Banユーザログイン]
[ADMIN] 15:35:43.168509 シナリオ走行を終了しました [シナリオ名: ログイン]
[ADMIN] 15:35:43.168522 シナリオ走行を開始しました [シナリオ名: ログイン]
[ADMIN] 15:35:43.168890 シナリオ走行を終了しました [シナリオ名: Banユーザログイン]
[ADMIN] 15:35:43.168912 シナリオ走行を開始しました [シナリオ名: Banユーザログイン]
[ADMIN] 15:35:43.169028 シナリオ走行を終了しました [シナリオ名: ログイン]
[ADMIN] 15:35:43.169038 シナリオ走行を開始しました [シナリオ名: ログイン]
[ADMIN] 15:35:43.178893 シナリオ走行を終了しました [シナリオ名: Banユーザログイン]
[ADMIN] 15:35:43.178920 シナリオ走行を開始しました [シナリオ名: Banユーザログイン]
[ADMIN] 15:35:43.182748 シナリオ走行を終了しました [シナリオ名: ログイン]
[ADMIN] 15:35:43.182757 シナリオ走行を開始しました [シナリオ名: ログイン]
[ADMIN] 15:35:43.188487 シナリオ走行を終了しました [シナリオ名: Banユーザログイン]
[ADMIN] 15:35:43.188495 シナリオ走行を開始しました [シナリオ名: Banユーザログイン]
[ADMIN] 15:35:43.215352 シナリオ走行を終了しました [シナリオ名: Banユーザログイン]
[ADMIN] 15:35:43.215368 シナリオ走行を開始しました [シナリオ名: Banユーザログイン]
[ADMIN] 15:35:43.233825 シナリオ走行を終了しました [シナリオ名: ログイン]
[ADMIN] 15:35:43.233837 シナリオ走行を開始しました [シナリオ名: ログイン]
[ADMIN] 15:35:43.254113 シナリオ走行を終了しました [シナリオ名: 新規ユーザー登録]
[ADMIN] 15:35:43.254157 シナリオ走行を開始しました [シナリオ名: 新規ユーザー登録]
[ADMIN] 15:35:43.254193 シナリオ走行を開始しました [シナリオ名: 新規ユーザー登録]
[ADMIN] 15:35:43.254204 シナリオ走行を開始しました [シナリオ名: 新規ユーザー登録]
[ADMIN] 15:35:43.254267 シナリオ走行を開始しました [シナリオ名: 新規ユーザー登録]
[ADMIN] 15:35:43.254316 シナリオ走行を開始しました [シナリオ名: 新規ユーザー登録]
[ADMIN] 15:35:43.254351 シナリオ走行を開始しました [シナリオ名: 新規ユーザー登録]
[ADMIN] 15:35:43.254355 シナリオ走行を開始しました [シナリオ名: 新規ユーザー登録]
[ADMIN] 15:35:43.254440 シナリオ走行を開始しました [シナリオ名: 新規ユーザー登録]
[ADMIN] 15:35:43.254450 シナリオ走行を開始しました [シナリオ名: 新規ユーザー登録]
[ADMIN] 15:35:43.254469 シナリオ走行を開始しました [シナリオ名: 新規ユーザー登録]
[ADMIN] 15:35:43.254196 シナリオ走行を開始しました [シナリオ名: 新規ユーザー登録]
[ADMIN] 15:35:43.254326 シナリオ走行を開始しました [シナリオ名: 新規ユーザー登録]
[ADMIN] 15:35:43.254654 シナリオ走行を開始しました [シナリオ名: 新規ユーザー登録]
[ADMIN] 15:35:43.254693 シナリオ走行を開始しました [シナリオ名: 新規ユーザー登録]
[ADMIN] 15:35:43.254700 シナリオ走行を開始しました [シナリオ名: 新規ユーザー登録]
[ADMIN] 15:35:43.254711 シナリオ走行を開始しました [シナリオ名: 新規ユーザー登録]
[ADMIN] 15:35:43.254445 シナリオ走行を開始しました [シナリオ名: 新規ユーザー登録]
[ADMIN] 15:35:43.254694 シナリオ走行を開始しました [シナリオ名: 新規ユーザー登録]
[ADMIN] 15:35:43.254683 シナリオ走行を開始しました [シナリオ名: 新規ユーザー登録]
[ADMIN] 15:35:43.254578 シナリオ走行を開始しました [シナリオ名: 新規ユーザー登録]
[ADMIN] 15:35:43.256634 シナリオ走行を終了しました [シナリオ名: 新規ユーザー登録]
[ADMIN] 15:35:43.256648 シナリオ走行を開始しました [シナリオ名: 新規ユーザー登録]
[ADMIN] 15:35:43.264565 シナリオ走行を終了しました [シナリオ名: 新規ユーザー登録]
[ADMIN] 15:35:43.264579 シナリオ走行を開始しました [シナリオ名: 新規ユーザー登録]
[ADMIN] 15:35:43.283971 シナリオ走行を終了しました [シナリオ名: ログイン]
[ADMIN] 15:35:43.283982 シナリオ走行を開始しました [シナリオ名: ログイン]
[ADMIN] 15:35:43.298366 シナリオ走行を終了しました [シナリオ名: ログイン]
[ADMIN] 15:35:43.298384 シナリオ走行を開始しました [シナリオ名: ログイン]
[ADMIN] 15:35:43.318575 シナリオ走行を終了しました [シナリオ名: 新規ユーザー登録]
[ADMIN] 15:35:43.318595 シナリオ走行を開始しました [シナリオ名: 新規ユーザー登録]
[ADMIN] 15:35:43.327128 シナリオ走行を終了しました [シナリオ名: ログイン]
[ADMIN] 15:35:43.327138 シナリオ走行を開始しました [シナリオ名: ログイン]
[ADMIN] 15:35:43.345451 シナリオ走行を終了しました [シナリオ名: 新規ユーザー登録]
[ADMIN] 15:35:43.345471 シナリオ走行を開始しました [シナリオ名: 新規ユーザー登録]
[ADMIN] 15:35:43.381603 シナリオ走行を終了しました [シナリオ名: ログイン]
[ADMIN] 15:35:43.381616 シナリオ走行を開始しました [シナリオ名: ログイン]
[ADMIN] 15:35:43.409637 シナリオ走行を終了しました [シナリオ名: ログイン]
[ADMIN] 15:35:43.409649 シナリオ走行を開始しました [シナリオ名: ログイン]
[ADMIN] 15:35:43.412613 シナリオ走行を終了しました [シナリオ名: ログイン]
[ADMIN] 15:35:43.412623 シナリオ走行を開始しました [シナリオ名: ログイン]
[ADMIN] 15:35:43.504159 シナリオ走行を終了しました [シナリオ名: ログイン]
[ADMIN] 15:35:43.504173 シナリオ走行を開始しました [シナリオ名: ログイン]
[ADMIN] 15:35:43.510304 シナリオ走行を終了しました [シナリオ名: ログイン]
[ADMIN] 15:35:43.510316 シナリオ走行を開始しました [シナリオ名: ログイン]
[ADMIN] 15:35:43.558853 シナリオ走行を終了しました [シナリオ名: 新規ユーザー登録]
[ADMIN] 15:35:43.558877 シナリオ走行を開始しました [シナリオ名: 新規ユーザー登録]
[ADMIN] 15:35:43.568829 シナリオ走行を終了しました [シナリオ名: ログイン]
[ADMIN] 15:35:43.568841 シナリオ走行を開始しました [シナリオ名: ログイン]
[ADMIN] 15:35:43.602719 シナリオ走行を終了しました [シナリオ名: 新規ユーザー登録]
[ADMIN] 15:35:43.629176 シナリオ走行を終了しました [シナリオ名: Banユーザログイン]
[ADMIN] 15:35:43.629195 シナリオ走行を開始しました [シナリオ名: Banユーザログイン]
[ADMIN] 15:35:43.688247 シナリオ走行を終了しました [シナリオ名: Banユーザログイン]
[ADMIN] 15:35:43.688270 シナリオ走行を開始しました [シナリオ名: Banユーザログイン]
[ADMIN] 15:35:43.695424 シナリオ走行を終了しました [シナリオ名: Banユーザログイン]
[ADMIN] 15:35:43.695441 シナリオ走行を開始しました [シナリオ名: Banユーザログイン]
[ADMIN] 15:35:43.708231 シナリオ走行を終了しました [シナリオ名: Banユーザログイン]
[ADMIN] 15:35:43.708243 シナリオ走行を開始しました [シナリオ名: Banユーザログイン]
[ADMIN] 15:35:43.717443 シナリオ走行を終了しました [シナリオ名: Banユーザログイン]
[ADMIN] 15:35:43.717459 シナリオ走行を開始しました [シナリオ名: Banユーザログイン]
[ADMIN] 15:35:43.719892 シナリオ走行を終了しました [シナリオ名: Banユーザログイン]
[ADMIN] 15:35:43.719902 シナリオ走行を開始しました [シナリオ名: Banユーザログイン]
[ADMIN] 15:35:43.719904 シナリオ走行を終了しました [シナリオ名: Banユーザログイン]
[ADMIN] 15:35:43.719918 シナリオ走行を開始しました [シナリオ名: Banユーザログイン]
[ADMIN] 15:35:43.735246 シナリオ走行を終了しました [シナリオ名: ログイン]
[ADMIN] 15:35:43.735263 シナリオ走行を開始しました [シナリオ名: ログイン]
[ADMIN] 15:35:43.749387 シナリオ走行を終了しました [シナリオ名: 新規ユーザー登録]
[ADMIN] 15:35:43.749416 シナリオ走行を開始しました [シナリオ名: 新規ユーザー登録]
[ADMIN] 15:35:43.749460 シナリオ走行を開始しました [シナリオ名: 新規ユーザー登録]
[ADMIN] 15:35:43.751891 シナリオ走行を終了しました [シナリオ名: Banユーザログイン]
[ADMIN] 15:35:43.751905 シナリオ走行を開始しました [シナリオ名: Banユーザログイン]
[ADMIN] 15:35:43.755327 シナリオ走行を終了しました [シナリオ名: 新規ユーザー登録]
[ADMIN] 15:35:43.755346 シナリオ走行を開始しました [シナリオ名: 新規ユーザー登録]
[ADMIN] 15:35:43.788829 シナリオ走行を終了しました [シナリオ名: ログイン]
[ADMIN] 15:35:43.788847 シナリオ走行を開始しました [シナリオ名: ログイン]
[ADMIN] 15:35:43.790948 シナリオ走行を終了しました [シナリオ名: 新規ユーザー登録]
[ADMIN] 15:35:43.790966 シナリオ走行を開始しました [シナリオ名: 新規ユーザー登録]
[ADMIN] 15:35:43.943067 シナリオ走行を終了しました [シナリオ名: ログイン]
[ADMIN] 15:35:43.943083 シナリオ走行を開始しました [シナリオ名: ログイン]
[ADMIN] 15:35:43.947524 シナリオ走行を終了しました [シナリオ名: ログイン]
[ADMIN] 15:35:43.947536 シナリオ走行を開始しました [シナリオ名: ログイン]
[ADMIN] 15:35:43.948022 シナリオ走行を終了しました [シナリオ名: ログイン]
[ADMIN] 15:35:43.948030 シナリオ走行を開始しました [シナリオ名: ログイン]
[ADMIN] 15:35:43.986427 シナリオ走行を終了しました [シナリオ名: ログイン]
[ADMIN] 15:35:43.986437 シナリオ走行を開始しました [シナリオ名: ログイン]
[ADMIN] 15:35:43.994275 シナリオ走行を終了しました [シナリオ名: ログイン]
[ADMIN] 15:35:43.994285 シナリオ走行を開始しました [シナリオ名: ログイン]
[ADMIN] 15:35:44.040568 シナリオ走行を終了しました [シナリオ名: ログイン]
[ADMIN] 15:35:44.040582 シナリオ走行を開始しました [シナリオ名: ログイン]
[ADMIN] 15:35:44.061326 シナリオ走行を終了しました [シナリオ名: ログイン]
[ADMIN] 15:35:44.061339 シナリオ走行を開始しました [シナリオ名: ログイン]
[ADMIN] 15:35:44.063339 シナリオ走行を終了しました [シナリオ名: ログイン]
[ADMIN] 15:35:44.063351 シナリオ走行を開始しました [シナリオ名: ログイン]
[ADMIN] 15:35:44.068470 シナリオ走行を終了しました [シナリオ名: ログイン]
[ADMIN] 15:35:44.068479 シナリオ走行を開始しました [シナリオ名: ログイン]
[ADMIN] 15:35:44.103874 シナリオ走行を終了しました [シナリオ名: ログイン]
[ADMIN] 15:35:44.103886 シナリオ走行を開始しました [シナリオ名: ログイン]
[ADMIN] 15:35:44.104218 シナリオ走行を終了しました [シナリオ名: ログイン]
[ADMIN] 15:35:44.104226 シナリオ走行を開始しました [シナリオ名: ログイン]
[ADMIN] 15:35:44.105246 シナリオ走行を終了しました [シナリオ名: ログイン]
[ADMIN] 15:35:44.105256 シナリオ走行を開始しました [シナリオ名: ログイン]
[ADMIN] 15:35:44.109631 シナリオ走行を終了しました [シナリオ名: ログイン]
[ADMIN] 15:35:44.109640 シナリオ走行を開始しました [シナリオ名: ログイン]
[ADMIN] 15:35:44.112179 シナリオ走行を終了しました [シナリオ名: ログイン]
[ADMIN] 15:35:44.112188 シナリオ走行を開始しました [シナリオ名: ログイン]
[ADMIN] 15:35:44.114950 シナリオ走行を終了しました [シナリオ名: ログイン]
[ADMIN] 15:35:44.114958 シナリオ走行を開始しました [シナリオ名: ログイン]
[ADMIN] 15:35:44.139277 シナリオ走行を終了しました [シナリオ名: ログイン]
[ADMIN] 15:35:44.139288 シナリオ走行を開始しました [シナリオ名: ログイン]
[ADMIN] 15:35:44.195607 シナリオ走行を終了しました [シナリオ名: ログイン]
[ADMIN] 15:35:44.195619 シナリオ走行を開始しました [シナリオ名: ログイン]
[ADMIN] 15:35:44.235430 シナリオ走行を終了しました [シナリオ名: Banユーザログイン]
[ADMIN] 15:35:44.235446 シナリオ走行を開始しました [シナリオ名: Banユーザログイン]
[ADMIN] 15:35:44.238959 シナリオ走行を終了しました [シナリオ名: Banユーザログイン]
[ADMIN] 15:35:44.238974 シナリオ走行を開始しました [シナリオ名: Banユーザログイン]
[ADMIN] 15:35:44.245693 シナリオ走行を終了しました [シナリオ名: ログイン]
[ADMIN] 15:35:44.245701 シナリオ走行を開始しました [シナリオ名: ログイン]
[ADMIN] 15:35:44.254208 シナリオ走行を終了しました [シナリオ名: Banユーザログイン]
[ADMIN] 15:35:44.254232 シナリオ走行を開始しました [シナリオ名: Banユーザログイン]
[ADMIN] 15:35:44.265611 シナリオ走行を終了しました [シナリオ名: Banユーザログイン]
[ADMIN] 15:35:44.265629 シナリオ走行を開始しました [シナリオ名: Banユーザログイン]
[ADMIN] 15:35:44.279118 シナリオ走行を終了しました [シナリオ名: Banユーザログイン]
[ADMIN] 15:35:44.279137 シナリオ走行を開始しました [シナリオ名: Banユーザログイン]
[ADMIN] 15:35:44.297095 シナリオ走行を終了しました [シナリオ名: Banユーザログイン]
[ADMIN] 15:35:44.297114 シナリオ走行を開始しました [シナリオ名: Banユーザログイン]
[ADMIN] 15:35:44.309100 シナリオ走行を終了しました [シナリオ名: ログイン]
[ADMIN] 15:35:44.309112 シナリオ走行を開始しました [シナリオ名: ログイン]
[ADMIN] 15:35:44.314558 シナリオ走行を終了しました [シナリオ名: Banユーザログイン]
[ADMIN] 15:35:44.314573 シナリオ走行を開始しました [シナリオ名: Banユーザログイン]
[ADMIN] 15:35:44.330126 シナリオ走行を終了しました [シナリオ名: Banユーザログイン]
[ADMIN] 15:35:44.330140 シナリオ走行を開始しました [シナリオ名: Banユーザログイン]
[ADMIN] 15:35:44.376854 シナリオ走行を終了しました [シナリオ名: ログイン]
[ADMIN] 15:35:44.376865 シナリオ走行を開始しました [シナリオ名: ログイン]
[ADMIN] 15:35:44.456924 シナリオ走行を終了しました [シナリオ名: ログイン]
[ADMIN] 15:35:44.456938 シナリオ走行を開始しました [シナリオ名: ログイン]
[ADMIN] 15:35:44.497622 シナリオ走行を終了しました [シナリオ名: ログイン]
[ADMIN] 15:35:44.497636 シナリオ走行を開始しました [シナリオ名: ログイン]
[ADMIN] 15:35:44.501389 シナリオ走行を終了しました [シナリオ名: ログイン]
[ADMIN] 15:35:44.501398 シナリオ走行を開始しました [シナリオ名: ログイン]
[ADMIN] 15:35:44.543742 シナリオ走行を終了しました [シナリオ名: ログイン]
[ADMIN] 15:35:44.543753 シナリオ走行を開始しました [シナリオ名: ログイン]
[ADMIN] 15:35:44.547008 シナリオ走行を終了しました [シナリオ名: ログイン]
[ADMIN] 15:35:44.547019 シナリオ走行を開始しました [シナリオ名: ログイン]
[ADMIN] 15:35:44.692719 シナリオ走行を終了しました [シナリオ名: ログイン]
[ADMIN] 15:35:44.692735 シナリオ走行を開始しました [シナリオ名: ログイン]
[ADMIN] 15:35:44.699553 シナリオ走行を終了しました [シナリオ名: ログイン]
[ADMIN] 15:35:44.699563 シナリオ走行を開始しました [シナリオ名: ログイン]
[ADMIN] 15:35:44.708116 シナリオ走行を終了しました [シナリオ名: ログイン]
[ADMIN] 15:35:44.708130 シナリオ走行を開始しました [シナリオ名: ログイン]
[ADMIN] 15:35:44.709051 シナリオ走行を終了しました [シナリオ名: ログイン]
[ADMIN] 15:35:44.709062 シナリオ走行を開始しました [シナリオ名: ログイン]
[ADMIN] 15:35:44.730154 シナリオ走行を終了しました [シナリオ名: ログイン]
[ADMIN] 15:35:44.730171 シナリオ走行を開始しました [シナリオ名: ログイン]
[ADMIN] 15:35:44.739461 シナリオ走行を終了しました [シナリオ名: ログイン]
[ADMIN] 15:35:44.739472 シナリオ走行を開始しました [シナリオ名: ログイン]
[ADMIN] 15:35:44.742708 シナリオ走行を終了しました [シナリオ名: ログイン]
[ADMIN] 15:35:44.742720 シナリオ走行を開始しました [シナリオ名: ログイン]
[ADMIN] 15:35:44.805532 シナリオ走行を終了しました [シナリオ名: Banユーザログイン]
[ADMIN] 15:35:44.805551 シナリオ走行を開始しました [シナリオ名: Banユーザログイン]
[ADMIN] 15:35:44.807010 シナリオ走行を終了しました [シナリオ名: Banユーザログイン]
[ADMIN] 15:35:44.807023 シナリオ走行を開始しました [シナリオ名: Banユーザログイン]
[ADMIN] 15:35:44.828847 シナリオ走行を終了しました [シナリオ名: Banユーザログイン]
[ADMIN] 15:35:44.828864 シナリオ走行を開始しました [シナリオ名: Banユーザログイン]
[ADMIN] 15:35:44.845344 シナリオ走行を終了しました [シナリオ名: Banユーザログイン]
[ADMIN] 15:35:44.845367 シナリオ走行を開始しました [シナリオ名: Banユーザログイン]
[ADMIN] 15:35:44.846778 シナリオ走行を終了しました [シナリオ名: Banユーザログイン]
[ADMIN] 15:35:44.846793 シナリオ走行を開始しました [シナリオ名: Banユーザログイン]
[ADMIN] 15:35:44.848198 シナリオ走行を終了しました [シナリオ名: Banユーザログイン]
[ADMIN] 15:35:44.848218 シナリオ走行を開始しました [シナリオ名: Banユーザログイン]
[ADMIN] 15:35:44.850735 シナリオ走行を終了しました [シナリオ名: ログイン]
[ADMIN] 15:35:44.850746 シナリオ走行を開始しました [シナリオ名: ログイン]
[ADMIN] 15:35:44.851590 シナリオ走行を終了しました [シナリオ名: ログイン]
[ADMIN] 15:35:44.851598 シナリオ走行を開始しました [シナリオ名: ログイン]
[ADMIN] 15:35:44.852128 シナリオ走行を終了しました [シナリオ名: ログイン]
[ADMIN] 15:35:44.852137 シナリオ走行を開始しました [シナリオ名: ログイン]
[ADMIN] 15:35:44.854482 シナリオ走行を終了しました [シナリオ名: ログイン]
[ADMIN] 15:35:44.854492 シナリオ走行を開始しました [シナリオ名: ログイン]
[ADMIN] 15:35:44.854865 シナリオ走行を終了しました [シナリオ名: ログイン]
[ADMIN] 15:35:44.854878 シナリオ走行を開始しました [シナリオ名: ログイン]
[ADMIN] 15:35:44.855003 シナリオ走行を終了しました [シナリオ名: ログイン]
[ADMIN] 15:35:44.855015 シナリオ走行を開始しました [シナリオ名: ログイン]
[ADMIN] 15:35:44.855058 シナリオ走行を終了しました [シナリオ名: ログイン]
[ADMIN] 15:35:44.855070 シナリオ走行を開始しました [シナリオ名: ログイン]
[ADMIN] 15:35:44.872526 シナリオ走行を終了しました [シナリオ名: ログイン]
[ADMIN] 15:35:44.872538 シナリオ走行を開始しました [シナリオ名: ログイン]
[ADMIN] 15:35:44.886606 シナリオ走行を終了しました [シナリオ名: Banユーザログイン]
[ADMIN] 15:35:44.886633 シナリオ走行を開始しました [シナリオ名: Banユーザログイン]
[ADMIN] 15:35:44.903902 シナリオ走行を終了しました [シナリオ名: ログイン]
[ADMIN] 15:35:44.903911 シナリオ走行を開始しました [シナリオ名: ログイン]
[ADMIN] 15:35:44.920301 シナリオ走行を終了しました [シナリオ名: Banユーザログイン]
[ADMIN] 15:35:44.920315 シナリオ走行を開始しました [シナリオ名: Banユーザログイン]
[ADMIN] 15:35:45.049072 シナリオ走行を終了しました [シナリオ名: ログイン]
[ADMIN] 15:35:45.049084 シナリオ走行を開始しました [シナリオ名: ログイン]
[ADMIN] 15:35:45.150553 シナリオ走行を終了しました [シナリオ名: ログイン]
[ADMIN] 15:35:45.150566 シナリオ走行を開始しました [シナリオ名: ログイン]
[ADMIN] 15:35:45.255068 シナリオ走行を終了しました [シナリオ名: ログイン]
[ADMIN] 15:35:45.255081 シナリオ走行を開始しました [シナリオ名: ログイン]
[ADMIN] 15:35:45.289620 シナリオ走行を終了しました [シナリオ名: ログイン]
[ADMIN] 15:35:45.289633 シナリオ走行を開始しました [シナリオ名: ログイン]
[ADMIN] 15:35:45.351854 シナリオ走行を終了しました [シナリオ名: ログイン]
[ADMIN] 15:35:45.351869 シナリオ走行を開始しました [シナリオ名: ログイン]
[ADMIN] 15:35:45.355227 シナリオ走行を終了しました [シナリオ名: ログイン]
[ADMIN] 15:35:45.355237 シナリオ走行を開始しました [シナリオ名: ログイン]
[ADMIN] 15:35:45.356556 シナリオ走行を終了しました [シナリオ名: ログイン]
[ADMIN] 15:35:45.356567 シナリオ走行を開始しました [シナリオ名: ログイン]
[ADMIN] 15:35:45.362214 シナリオ走行を終了しました [シナリオ名: Banユーザログイン]
[ADMIN] 15:35:45.362225 シナリオ走行を開始しました [シナリオ名: Banユーザログイン]
[ADMIN] 15:35:45.376407 シナリオ走行を終了しました [シナリオ名: Banユーザログイン]
[ADMIN] 15:35:45.376416 シナリオ走行を開始しました [シナリオ名: Banユーザログイン]
[ADMIN] 15:35:45.376526 シナリオ走行を終了しました [シナリオ名: ログイン]
[ADMIN] 15:35:45.376537 シナリオ走行を開始しました [シナリオ名: ログイン]
[ADMIN] 15:35:45.377886 シナリオ走行を終了しました [シナリオ名: Banユーザログイン]
[ADMIN] 15:35:45.377899 シナリオ走行を開始しました [シナリオ名: Banユーザログイン]
[ADMIN] 15:35:45.386866 シナリオ走行を終了しました [シナリオ名: Banユーザログイン]
[ADMIN] 15:35:45.386876 シナリオ走行を開始しました [シナリオ名: Banユーザログイン]
[ADMIN] 15:35:45.386877 シナリオ走行を終了しました [シナリオ名: Banユーザログイン]
[ADMIN] 15:35:45.386894 シナリオ走行を開始しました [シナリオ名: Banユーザログイン]
[ADMIN] 15:35:45.402091 シナリオ走行を終了しました [シナリオ名: ログイン]
[ADMIN] 15:35:45.402100 シナリオ走行を開始しました [シナリオ名: ログイン]
[ADMIN] 15:35:45.423977 シナリオ走行を終了しました [シナリオ名: Banユーザログイン]
[ADMIN] 15:35:45.423991 シナリオ走行を開始しました [シナリオ名: Banユーザログイン]
[ADMIN] 15:35:45.428987 シナリオ走行を終了しました [シナリオ名: ログイン]
[ADMIN] 15:35:45.428998 シナリオ走行を開始しました [シナリオ名: ログイン]
[ADMIN] 15:35:45.434986 シナリオ走行を終了しました [シナリオ名: ログイン]
[ADMIN] 15:35:45.434999 シナリオ走行を開始しました [シナリオ名: ログイン]
[ADMIN] 15:35:45.488328 シナリオ走行を終了しました [シナリオ名: Banユーザログイン]
[ADMIN] 15:35:45.488344 シナリオ走行を開始しました [シナリオ名: Banユーザログイン]
[ADMIN] 15:35:45.497396 シナリオ走行を終了しました [シナリオ名: Banユーザログイン]
[ADMIN] 15:35:45.497412 シナリオ走行を開始しました [シナリオ名: Banユーザログイン]
[ADMIN] 15:35:45.511386 シナリオ走行を終了しました [シナリオ名: ログイン]
[ADMIN] 15:35:45.511397 シナリオ走行を開始しました [シナリオ名: ログイン]
[ADMIN] 15:35:45.520294 シナリオ走行を終了しました [シナリオ名: ログイン]
[ADMIN] 15:35:45.520304 シナリオ走行を開始しました [シナリオ名: ログイン]
[ADMIN] 15:35:45.520471 シナリオ走行を終了しました [シナリオ名: 新規ユーザー登録]
[ADMIN] 15:35:45.520487 シナリオ走行を開始しました [シナリオ名: 新規ユーザー登録]
[ADMIN] 15:35:45.555264 シナリオ走行を終了しました [シナリオ名: ログイン]
[ADMIN] 15:35:45.555280 シナリオ走行を開始しました [シナリオ名: ログイン]
[ADMIN] 15:35:45.580264 シナリオ走行を終了しました [シナリオ名: ログイン]
[ADMIN] 15:35:45.580276 シナリオ走行を開始しました [シナリオ名: ログイン]
[ADMIN] 15:35:45.583721 シナリオ走行を終了しました [シナリオ名: ログイン]
[ADMIN] 15:35:45.583739 シナリオ走行を開始しました [シナリオ名: ログイン]
[ADMIN] 15:35:45.627193 シナリオ走行を終了しました [シナリオ名: ログイン]
[ADMIN] 15:35:45.627205 シナリオ走行を開始しました [シナリオ名: ログイン]
[ADMIN] 15:35:45.705997 シナリオ走行を終了しました [シナリオ名: ログイン]
[ADMIN] 15:35:45.706012 シナリオ走行を開始しました [シナリオ名: ログイン]
[ADMIN] 15:35:45.731233 シナリオ走行を終了しました [シナリオ名: ログイン]
[ADMIN] 15:35:45.731246 シナリオ走行を開始しました [シナリオ名: ログイン]
[ADMIN] 15:35:45.775313 シナリオ走行を終了しました [シナリオ名: ログイン]
[ADMIN] 15:35:45.775327 シナリオ走行を開始しました [シナリオ名: ログイン]
[ADMIN] 15:35:45.778835 シナリオ走行を終了しました [シナリオ名: ログイン]
[ADMIN] 15:35:45.778844 シナリオ走行を開始しました [シナリオ名: ログイン]
[ADMIN] 15:35:45.780799 シナリオ走行を終了しました [シナリオ名: 新規ユーザー登録]
[ADMIN] 15:35:45.780818 シナリオ走行を開始しました [シナリオ名: 新規ユーザー登録]
[ADMIN] 15:35:45.783697 シナリオ走行を終了しました [シナリオ名: ログイン]
[ADMIN] 15:35:45.783708 シナリオ走行を開始しました [シナリオ名: ログイン]
[ADMIN] 15:35:45.819458 シナリオ走行を終了しました [シナリオ名: 新規ユーザー登録]
[ADMIN] 15:35:45.819479 シナリオ走行を開始しました [シナリオ名: 新規ユーザー登録]
[ADMIN] 15:35:45.826498 シナリオ走行を終了しました [シナリオ名: ログイン]
[ADMIN] 15:35:45.826509 シナリオ走行を開始しました [シナリオ名: ログイン]
[ADMIN] 15:35:45.839621 シナリオ走行を終了しました [シナリオ名: 新規ユーザー登録]
[ADMIN] 15:35:45.839643 シナリオ走行を開始しました [シナリオ名: 新規ユーザー登録]
[ADMIN] 15:35:45.865939 シナリオ走行を終了しました [シナリオ名: 新規ユーザー登録]
[ADMIN] 15:35:45.865955 シナリオ走行を開始しました [シナリオ名: 新規ユーザー登録]
[ADMIN] 15:35:45.880507 シナリオ走行を終了しました [シナリオ名: 新規ユーザー登録]
[ADMIN] 15:35:45.880527 シナリオ走行を開始しました [シナリオ名: 新規ユーザー登録]
[ADMIN] 15:35:45.881225 シナリオ走行を終了しました [シナリオ名: ログイン]
[ADMIN] 15:35:45.881233 シナリオ走行を開始しました [シナリオ名: ログイン]
[ADMIN] 15:35:45.881795 シナリオ走行を終了しました [シナリオ名: ログイン]
[ADMIN] 15:35:45.881805 シナリオ走行を開始しました [シナリオ名: ログイン]
[ADMIN] 15:35:45.884393 シナリオ走行を終了しました [シナリオ名: 新規ユーザー登録]
[ADMIN] 15:35:45.884407 シナリオ走行を開始しました [シナリオ名: 新規ユーザー登録]
[ADMIN] 15:35:45.914774 シナリオ走行を終了しました [シナリオ名: ログイン]
[ADMIN] 15:35:45.914782 シナリオ走行を開始しました [シナリオ名: ログイン]
[ADMIN] 15:35:45.916465 シナリオ走行を終了しました [シナリオ名: Banユーザログイン]
[ADMIN] 15:35:45.916479 シナリオ走行を開始しました [シナリオ名: Banユーザログイン]
[ADMIN] 15:35:45.921041 シナリオ走行を終了しました [シナリオ名: Banユーザログイン]
[ADMIN] 15:35:45.921055 シナリオ走行を開始しました [シナリオ名: Banユーザログイン]
[ADMIN] 15:35:45.922427 シナリオ走行を終了しました [シナリオ名: Banユーザログイン]
[ADMIN] 15:35:45.922441 シナリオ走行を開始しました [シナリオ名: Banユーザログイン]
[ADMIN] 15:35:45.944616 シナリオ走行を終了しました [シナリオ名: ログイン]
[ADMIN] 15:35:45.944627 シナリオ走行を開始しました [シナリオ名: ログイン]
[ADMIN] 15:35:45.947751 シナリオ走行を終了しました [シナリオ名: ログイン]
[ADMIN] 15:35:45.947761 シナリオ走行を開始しました [シナリオ名: ログイン]
[ADMIN] 15:35:45.958637 シナリオ走行を終了しました [シナリオ名: Banユーザログイン]
[ADMIN] 15:35:45.958653 シナリオ走行を開始しました [シナリオ名: Banユーザログイン]
[ADMIN] 15:35:45.972465 シナリオ走行を終了しました [シナリオ名: Banユーザログイン]
[ADMIN] 15:35:45.972477 シナリオ走行を開始しました [シナリオ名: Banユーザログイン]
[ADMIN] 15:35:45.989865 シナリオ走行を終了しました [シナリオ名: Banユーザログイン]
[ADMIN] 15:35:45.989880 シナリオ走行を開始しました [シナリオ名: Banユーザログイン]
[ADMIN] 15:35:46.003279 シナリオ走行を終了しました [シナリオ名: ログイン]
[ADMIN] 15:35:46.003289 シナリオ走行を開始しました [シナリオ名: ログイン]
[ADMIN] 15:35:46.014398 シナリオ走行を終了しました [シナリオ名: 新規ユーザー登録]
[ADMIN] 15:35:46.014414 シナリオ走行を開始しました [シナリオ名: 新規ユーザー登録]
[ADMIN] 15:35:46.017233 シナリオ走行を終了しました [シナリオ名: 新規ユーザー登録]
[ADMIN] 15:35:46.017250 シナリオ走行を開始しました [シナリオ名: 新規ユーザー登録]
[ADMIN] 15:35:46.029004 シナリオ走行を終了しました [シナリオ名: ログイン]
[ADMIN] 15:35:46.029013 シナリオ走行を開始しました [シナリオ名: ログイン]
[ADMIN] 15:35:46.046395 シナリオ走行を終了しました [シナリオ名: Banユーザログイン]
[ADMIN] 15:35:46.046411 シナリオ走行を開始しました [シナリオ名: Banユーザログイン]
[ADMIN] 15:35:46.046835 シナリオ走行を終了しました [シナリオ名: 新規ユーザー登録]
[ADMIN] 15:35:46.046849 シナリオ走行を開始しました [シナリオ名: 新規ユーザー登録]
[ADMIN] 15:35:46.053300 シナリオ走行を終了しました [シナリオ名: 新規ユーザー登録]
[ADMIN] 15:35:46.053316 シナリオ走行を開始しました [シナリオ名: 新規ユーザー登録]
[ADMIN] 15:35:46.058552 シナリオ走行を終了しました [シナリオ名: 新規ユーザー登録]
[ADMIN] 15:35:46.058570 シナリオ走行を開始しました [シナリオ名: 新規ユーザー登録]
[ADMIN] 15:35:46.073622 シナリオ走行を終了しました [シナリオ名: ログイン]
[ADMIN] 15:35:46.073631 シナリオ走行を開始しました [シナリオ名: ログイン]
[ADMIN] 15:35:46.074979 シナリオ走行を終了しました [シナリオ名: Banユーザログイン]
[ADMIN] 15:35:46.074991 シナリオ走行を開始しました [シナリオ名: Banユーザログイン]
[ADMIN] 15:35:46.078869 シナリオ走行を終了しました [シナリオ名: 新規ユーザー登録]
[ADMIN] 15:35:46.078886 シナリオ走行を開始しました [シナリオ名: 新規ユーザー登録]
[ADMIN] 15:35:46.081835 シナリオ走行を終了しました [シナリオ名: 新規ユーザー登録]
[ADMIN] 15:35:46.081865 シナリオ走行を開始しました [シナリオ名: 新規ユーザー登録]
[ADMIN] 15:35:46.086793 シナリオ走行を終了しました [シナリオ名: 新規ユーザー登録]
[ADMIN] 15:35:46.086811 シナリオ走行を開始しました [シナリオ名: 新規ユーザー登録]
[ADMIN] 15:35:46.093601 シナリオ走行を終了しました [シナリオ名: ログイン]
[ADMIN] 15:35:46.093610 シナリオ走行を開始しました [シナリオ名: ログイン]
[ADMIN] 15:35:46.094117 シナリオ走行を終了しました [シナリオ名: 新規ユーザー登録]
[ADMIN] 15:35:46.094132 シナリオ走行を開始しました [シナリオ名: 新規ユーザー登録]
[ADMIN] 15:35:46.109853 シナリオ走行を終了しました [シナリオ名: 新規ユーザー登録]
[ADMIN] 15:35:46.109869 シナリオ走行を開始しました [シナリオ名: 新規ユーザー登録]
[ADMIN] 15:35:46.168451 シナリオ走行を終了しました [シナリオ名: 新規ユーザー登録]
[ADMIN] 15:35:46.168468 シナリオ走行を開始しました [シナリオ名: 新規ユーザー登録]
[ADMIN] 15:35:46.186255 シナリオ走行を終了しました [シナリオ名: 新規ユーザー登録]
[ADMIN] 15:35:46.186271 シナリオ走行を開始しました [シナリオ名: 新規ユーザー登録]
[ADMIN] 15:35:46.194379 シナリオ走行を終了しました [シナリオ名: ログイン]
[ADMIN] 15:35:46.194389 シナリオ走行を開始しました [シナリオ名: ログイン]
[ADMIN] 15:35:46.205736 シナリオ走行を終了しました [シナリオ名: ログイン]
[ADMIN] 15:35:46.205745 シナリオ走行を開始しました [シナリオ名: ログイン]
[ADMIN] 15:35:46.235335 シナリオ走行を終了しました [シナリオ名: ログイン]
[ADMIN] 15:35:46.235347 シナリオ走行を開始しました [シナリオ名: ログイン]
[ADMIN] 15:35:46.256231 シナリオ走行を終了しました [シナリオ名: ログイン]
[ADMIN] 15:35:46.256243 シナリオ走行を開始しました [シナリオ名: ログイン]
[ADMIN] 15:35:46.265633 シナリオ走行を終了しました [シナリオ名: ログイン]
[ADMIN] 15:35:46.265644 シナリオ走行を開始しました [シナリオ名: ログイン]
[ADMIN] 15:35:46.267770 シナリオ走行を終了しました [シナリオ名: 新規ユーザー登録]
[ADMIN] 15:35:46.267790 シナリオ走行を開始しました [シナリオ名: 新規ユーザー登録]
[ADMIN] 15:35:46.283810 シナリオ走行を終了しました [シナリオ名: ログイン]
[ADMIN] 15:35:46.283823 シナリオ走行を開始しました [シナリオ名: ログイン]
[ADMIN] 15:35:46.304913 シナリオ走行を終了しました [シナリオ名: 新規ユーザー登録]
[ADMIN] 15:35:46.304941 シナリオ走行を開始しました [シナリオ名: 新規ユーザー登録]
[ADMIN] 15:35:46.306671 シナリオ走行を終了しました [シナリオ名: 新規ユーザー登録]
[ADMIN] 15:35:46.306688 シナリオ走行を開始しました [シナリオ名: 新規ユーザー登録]
[ADMIN] 15:35:46.307339 シナリオ走行を終了しました [シナリオ名: ログイン]
[ADMIN] 15:35:46.307348 シナリオ走行を開始しました [シナリオ名: ログイン]
[ADMIN] 15:35:46.309435 シナリオ走行を終了しました [シナリオ名: ログイン]
[ADMIN] 15:35:46.309444 シナリオ走行を開始しました [シナリオ名: ログイン]
[ADMIN] 15:35:46.321115 シナリオ走行を終了しました [シナリオ名: ログイン]
[ADMIN] 15:35:46.321125 シナリオ走行を開始しました [シナリオ名: ログイン]
[ADMIN] 15:35:46.334317 シナリオ走行を終了しました [シナリオ名: 新規ユーザー登録]
[ADMIN] 15:35:46.334339 シナリオ走行を開始しました [シナリオ名: 新規ユーザー登録]
[ADMIN] 15:35:46.386414 シナリオ走行を終了しました [シナリオ名: ログイン]
[ADMIN] 15:35:46.386427 シナリオ走行を開始しました [シナリオ名: ログイン]
[ADMIN] 15:35:46.387754 シナリオ走行を終了しました [シナリオ名: ログイン]
[ADMIN] 15:35:46.387765 シナリオ走行を開始しました [シナリオ名: ログイン]
[ADMIN] 15:35:46.431844 シナリオ走行を終了しました [シナリオ名: ログイン]
[ADMIN] 15:35:46.431858 シナリオ走行を開始しました [シナリオ名: ログイン]
[ADMIN] 15:35:46.458422 シナリオ走行を終了しました [シナリオ名: Banユーザログイン]
[ADMIN] 15:35:46.458440 シナリオ走行を開始しました [シナリオ名: Banユーザログイン]
[ADMIN] 15:35:46.464458 シナリオ走行を終了しました [シナリオ名: Banユーザログイン]
[ADMIN] 15:35:46.464477 シナリオ走行を開始しました [シナリオ名: Banユーザログイン]
[ADMIN] 15:35:46.493804 シナリオ走行を終了しました [シナリオ名: ログイン]
[ADMIN] 15:35:46.493817 シナリオ走行を開始しました [シナリオ名: ログイン]
[ADMIN] 15:35:46.503786 シナリオ走行を終了しました [シナリオ名: Banユーザログイン]
[ADMIN] 15:35:46.503801 シナリオ走行を開始しました [シナリオ名: Banユーザログイン]
[ADMIN] 15:35:46.518461 シナリオ走行を終了しました [シナリオ名: Banユーザログイン]
[ADMIN] 15:35:46.518475 シナリオ走行を開始しました [シナリオ名: Banユーザログイン]
[ADMIN] 15:35:46.522665 シナリオ走行を終了しました [シナリオ名: Banユーザログイン]
[ADMIN] 15:35:46.522680 シナリオ走行を開始しました [シナリオ名: Banユーザログイン]
[ADMIN] 15:35:46.537813 シナリオ走行を終了しました [シナリオ名: 新規ユーザー登録]
[ADMIN] 15:35:46.537832 シナリオ走行を開始しました [シナリオ名: 新規ユーザー登録]
[ADMIN] 15:35:46.546699 シナリオ走行を終了しました [シナリオ名: 新規ユーザー登録]
[ADMIN] 15:35:46.546715 シナリオ走行を開始しました [シナリオ名: 新規ユーザー登録]
[ADMIN] 15:35:46.567324 シナリオ走行を終了しました [シナリオ名: Banユーザログイン]
[ADMIN] 15:35:46.567336 シナリオ走行を開始しました [シナリオ名: Banユーザログイン]
[ADMIN] 15:35:46.586606 シナリオ走行を終了しました [シナリオ名: 新規ユーザー登録]
[ADMIN] 15:35:46.586640 シナリオ走行を開始しました [シナリオ名: 新規ユーザー登録]
[ADMIN] 15:35:46.597760 シナリオ走行を終了しました [シナリオ名: 新規ユーザー登録]
[ADMIN] 15:35:46.597776 シナリオ走行を開始しました [シナリオ名: 新規ユーザー登録]
[ADMIN] 15:35:46.609291 シナリオ走行を終了しました [シナリオ名: ログイン]
[ADMIN] 15:35:46.609303 シナリオ走行を開始しました [シナリオ名: ログイン]
[ADMIN] 15:35:46.630636 シナリオ走行を終了しました [シナリオ名: ログイン]
[ADMIN] 15:35:46.630647 シナリオ走行を開始しました [シナリオ名: ログイン]
[ADMIN] 15:35:46.634643 シナリオ走行を終了しました [シナリオ名: Banユーザログイン]
[ADMIN] 15:35:46.634659 シナリオ走行を開始しました [シナリオ名: Banユーザログイン]
[ADMIN] 15:35:46.638627 シナリオ走行を終了しました [シナリオ名: 新規ユーザー登録]
[ADMIN] 15:35:46.638648 シナリオ走行を開始しました [シナリオ名: 新規ユーザー登録]
[ADMIN] 15:35:46.649494 シナリオ走行を終了しました [シナリオ名: ログイン]
[ADMIN] 15:35:46.649502 シナリオ走行を開始しました [シナリオ名: ログイン]
[ADMIN] 15:35:46.661510 シナリオ走行を終了しました [シナリオ名: Banユーザログイン]
[ADMIN] 15:35:46.661525 シナリオ走行を開始しました [シナリオ名: Banユーザログイン]
[ADMIN] 15:35:46.667450 シナリオ走行を終了しました [シナリオ名: ログイン]
[ADMIN] 15:35:46.667458 シナリオ走行を開始しました [シナリオ名: ログイン]
[ADMIN] 15:35:46.678374 シナリオ走行を終了しました [シナリオ名: ログイン]
[ADMIN] 15:35:46.678384 シナリオ走行を開始しました [シナリオ名: ログイン]
[ADMIN] 15:35:46.708263 シナリオ走行を終了しました [シナリオ名: ログイン]
[ADMIN] 15:35:46.708294 シナリオ走行を開始しました [シナリオ名: ログイン]
[ADMIN] 15:35:46.761541 シナリオ走行を終了しました [シナリオ名: ログイン]
[ADMIN] 15:35:46.761552 シナリオ走行を開始しました [シナリオ名: ログイン]
[ADMIN] 15:35:46.782489 シナリオ走行を終了しました [シナリオ名: ログイン]
[ADMIN] 15:35:46.782498 シナリオ走行を開始しました [シナリオ名: ログイン]
[ADMIN] 15:35:46.794706 シナリオ走行を終了しました [シナリオ名: 新規ユーザー登録]
[ADMIN] 15:35:46.794725 シナリオ走行を開始しました [シナリオ名: 新規ユーザー登録]
[ADMIN] 15:35:46.832218 シナリオ走行を終了しました [シナリオ名: ログイン]
[ADMIN] 15:35:46.832228 シナリオ走行を開始しました [シナリオ名: ログイン]
[ADMIN] 15:35:46.877147 シナリオ走行を終了しました [シナリオ名: ログイン]
[ADMIN] 15:35:46.877157 シナリオ走行を開始しました [シナリオ名: ログイン]
[ADMIN] 15:35:46.882736 シナリオ走行を終了しました [シナリオ名: ログイン]
[ADMIN] 15:35:46.882744 シナリオ走行を開始しました [シナリオ名: ログイン]
[ADMIN] 15:35:46.912947 シナリオ走行を終了しました [シナリオ名: ログイン]
[ADMIN] 15:35:46.912958 シナリオ走行を開始しました [シナリオ名: ログイン]
[ADMIN] 15:35:46.976553 シナリオ走行を終了しました [シナリオ名: ログイン]
[ADMIN] 15:35:46.976568 シナリオ走行を開始しました [シナリオ名: ログイン]
[ADMIN] 15:35:46.977982 シナリオ走行を終了しました [シナリオ名: ログイン]
[ADMIN] 15:35:46.977992 シナリオ走行を開始しました [シナリオ名: ログイン]
[ADMIN] 15:35:46.994388 シナリオ走行を終了しました [シナリオ名: ログイン]
[ADMIN] 15:35:46.994398 シナリオ走行を開始しました [シナリオ名: ログイン]
[ADMIN] 15:35:46.995363 シナリオ走行を終了しました [シナリオ名: ログイン]
[ADMIN] 15:35:46.995374 シナリオ走行を開始しました [シナリオ名: ログイン]
[ADMIN] 15:35:46.997952 シナリオ走行を終了しました [シナリオ名: ログイン]
[ADMIN] 15:35:46.997961 シナリオ走行を開始しました [シナリオ名: ログイン]
[ADMIN] 15:35:47.003226 シナリオ走行を終了しました [シナリオ名: Banユーザログイン]
[ADMIN] 15:35:47.003250 シナリオ走行を開始しました [シナリオ名: Banユーザログイン]
[ADMIN] 15:35:47.054855 シナリオ走行を終了しました [シナリオ名: Banユーザログイン]
[ADMIN] 15:35:47.054878 シナリオ走行を開始しました [シナリオ名: Banユーザログイン]
[ADMIN] 15:35:47.056297 シナリオ走行を終了しました [シナリオ名: Banユーザログイン]
[ADMIN] 15:35:47.056317 シナリオ走行を開始しました [シナリオ名: Banユーザログイン]
[ADMIN] 15:35:47.056412 シナリオ走行を終了しました [シナリオ名: Banユーザログイン]
[ADMIN] 15:35:47.056426 シナリオ走行を開始しました [シナリオ名: Banユーザログイン]
[ADMIN] 15:35:47.101678 シナリオ走行を終了しました [シナリオ名: ログイン]
[ADMIN] 15:35:47.101691 シナリオ走行を開始しました [シナリオ名: ログイン]
[ADMIN] 15:35:47.103104 シナリオ走行を終了しました [シナリオ名: Banユーザログイン]
[ADMIN] 15:35:47.103121 シナリオ走行を開始しました [シナリオ名: Banユーザログイン]
[ADMIN] 15:35:47.134959 シナリオ走行を終了しました [シナリオ名: ログイン]
[ADMIN] 15:35:47.134972 シナリオ走行を開始しました [シナリオ名: ログイン]
[ADMIN] 15:35:47.164707 シナリオ走行を終了しました [シナリオ名: Banユーザログイン]
[ADMIN] 15:35:47.164725 シナリオ走行を開始しました [シナリオ名: Banユーザログイン]
[ADMIN] 15:35:47.173173 シナリオ走行を終了しました [シナリオ名: Banユーザログイン]
[ADMIN] 15:35:47.173194 シナリオ走行を開始しました [シナリオ名: Banユーザログイン]
[ADMIN] 15:35:47.189075 シナリオ走行を終了しました [シナリオ名: Banユーザログイン]
[ADMIN] 15:35:47.189093 シナリオ走行を開始しました [シナリオ名: Banユーザログイン]
[ADMIN] 15:35:47.189443 シナリオ走行を終了しました [シナリオ名: ログイン]
[ADMIN] 15:35:47.189455 シナリオ走行を開始しました [シナリオ名: ログイン]
[ADMIN] 15:35:47.194827 シナリオ走行を終了しました [シナリオ名: ログイン]
[ADMIN] 15:35:47.194837 シナリオ走行を開始しました [シナリオ名: ログイン]
[ADMIN] 15:35:47.217933 シナリオ走行を終了しました [シナリオ名: ログイン]
[ADMIN] 15:35:47.217946 シナリオ走行を開始しました [シナリオ名: ログイン]
[ADMIN] 15:35:47.267157 シナリオ走行を終了しました [シナリオ名: ログイン]
[ADMIN] 15:35:47.267174 シナリオ走行を開始しました [シナリオ名: ログイン]
[ADMIN] 15:35:47.325595 シナリオ走行を終了しました [シナリオ名: ログイン]
[ADMIN] 15:35:47.325608 シナリオ走行を開始しました [シナリオ名: ログイン]
[ADMIN] 15:35:47.364899 シナリオ走行を終了しました [シナリオ名: ログイン]
[ADMIN] 15:35:47.364911 シナリオ走行を開始しました [シナリオ名: ログイン]
[ADMIN] 15:35:47.379963 シナリオ走行を終了しました [シナリオ名: ログイン]
[ADMIN] 15:35:47.379973 シナリオ走行を開始しました [シナリオ名: ログイン]
[ADMIN] 15:35:47.393038 シナリオ走行を終了しました [シナリオ名: ログイン]
[ADMIN] 15:35:47.393046 シナリオ走行を開始しました [シナリオ名: ログイン]
[ADMIN] 15:35:47.401161 シナリオ走行を終了しました [シナリオ名: ログイン]
[ADMIN] 15:35:47.401170 シナリオ走行を開始しました [シナリオ名: ログイン]
[ADMIN] 15:35:47.410755 シナリオ走行を終了しました [シナリオ名: ログイン]
[ADMIN] 15:35:47.410763 シナリオ走行を開始しました [シナリオ名: ログイン]
[ADMIN] 15:35:47.471619 シナリオ走行を終了しました [シナリオ名: ログイン]
[ADMIN] 15:35:47.471632 シナリオ走行を開始しました [シナリオ名: ログイン]
[ADMIN] 15:35:47.496003 シナリオ走行を終了しました [シナリオ名: ログイン]
[ADMIN] 15:35:47.496014 シナリオ走行を開始しました [シナリオ名: ログイン]
[ADMIN] 15:35:47.517484 シナリオ走行を終了しました [シナリオ名: ログイン]
[ADMIN] 15:35:47.517493 シナリオ走行を開始しました [シナリオ名: ログイン]
[ADMIN] 15:35:47.539807 シナリオ走行を終了しました [シナリオ名: ログイン]
[ADMIN] 15:35:47.539818 シナリオ走行を開始しました [シナリオ名: ログイン]
[ADMIN] 15:35:47.552842 シナリオ走行を終了しました [シナリオ名: ログイン]
[ADMIN] 15:35:47.552851 シナリオ走行を開始しました [シナリオ名: ログイン]
[ADMIN] 15:35:47.557271 シナリオ走行を終了しました [シナリオ名: Banユーザログイン]
[ADMIN] 15:35:47.557287 シナリオ走行を開始しました [シナリオ名: Banユーザログイン]
[ADMIN] 15:35:47.566349 シナリオ走行を終了しました [シナリオ名: Banユーザログイン]
[ADMIN] 15:35:47.566362 シナリオ走行を開始しました [シナリオ名: Banユーザログイン]
[ADMIN] 15:35:47.569848 シナリオ走行を終了しました [シナリオ名: Banユーザログイン]
[ADMIN] 15:35:47.569867 シナリオ走行を開始しました [シナリオ名: Banユーザログイン]
[ADMIN] 15:35:47.625888 シナリオ走行を終了しました [シナリオ名: Banユーザログイン]
[ADMIN] 15:35:47.625909 シナリオ走行を開始しました [シナリオ名: Banユーザログイン]
[ADMIN] 15:35:47.637202 シナリオ走行を終了しました [シナリオ名: ログイン]
[ADMIN] 15:35:47.637214 シナリオ走行を開始しました [シナリオ名: ログイン]
[ADMIN] 15:35:47.649863 シナリオ走行を終了しました [シナリオ名: ログイン]
[ADMIN] 15:35:47.649872 シナリオ走行を開始しました [シナリオ名: ログイン]
[ADMIN] 15:35:47.692820 シナリオ走行を終了しました [シナリオ名: ログイン]
[ADMIN] 15:35:47.692830 シナリオ走行を開始しました [シナリオ名: ログイン]
[ADMIN] 15:35:47.710291 シナリオ走行を終了しました [シナリオ名: Banユーザログイン]
[ADMIN] 15:35:47.710302 シナリオ走行を開始しました [シナリオ名: Banユーザログイン]
[ADMIN] 15:35:47.717714 シナリオ走行を終了しました [シナリオ名: Banユーザログイン]
[ADMIN] 15:35:47.717728 シナリオ走行を開始しました [シナリオ名: Banユーザログイン]
[ADMIN] 15:35:47.740341 シナリオ走行を終了しました [シナリオ名: ログイン]
[ADMIN] 15:35:47.740350 シナリオ走行を開始しました [シナリオ名: ログイン]
[ADMIN] 15:35:47.759164 シナリオ走行を終了しました [シナリオ名: Banユーザログイン]
[ADMIN] 15:35:47.759178 シナリオ走行を開始しました [シナリオ名: Banユーザログイン]
[ADMIN] 15:35:47.765162 シナリオ走行を終了しました [シナリオ名: ログイン]
[ADMIN] 15:35:47.765172 シナリオ走行を開始しました [シナリオ名: ログイン]
[ADMIN] 15:35:47.800948 シナリオ走行を終了しました [シナリオ名: Banユーザログイン]
[ADMIN] 15:35:47.800968 シナリオ走行を開始しました [シナリオ名: Banユーザログイン]
[ADMIN] 15:35:47.845041 シナリオ走行を終了しました [シナリオ名: ログイン]
[ADMIN] 15:35:47.845055 シナリオ走行を開始しました [シナリオ名: ログイン]
[ADMIN] 15:35:47.864030 シナリオ走行を終了しました [シナリオ名: ログイン]
[ADMIN] 15:35:47.864043 シナリオ走行を開始しました [シナリオ名: ログイン]
[ADMIN] 15:35:47.881986 シナリオ走行を終了しました [シナリオ名: ログイン]
[ADMIN] 15:35:47.881998 シナリオ走行を開始しました [シナリオ名: ログイン]
[ADMIN] 15:35:47.931330 シナリオ走行を終了しました [シナリオ名: ログイン]
[ADMIN] 15:35:47.931344 シナリオ走行を開始しました [シナリオ名: ログイン]
[ADMIN] 15:35:47.956457 シナリオ走行を終了しました [シナリオ名: ログイン]
[ADMIN] 15:35:47.956471 シナリオ走行を開始しました [シナリオ名: ログイン]
[ADMIN] 15:35:47.992061 シナリオ走行を終了しました [シナリオ名: ログイン]
[ADMIN] 15:35:47.992074 シナリオ走行を開始しました [シナリオ名: ログイン]
[ADMIN] 15:35:47.995108 シナリオ走行を終了しました [シナリオ名: ログイン]
[ADMIN] 15:35:47.995118 シナリオ走行を開始しました [シナリオ名: ログイン]
[ADMIN] 15:35:48.076556 シナリオ走行を終了しました [シナリオ名: ログイン]
[ADMIN] 15:35:48.076573 シナリオ走行を開始しました [シナリオ名: ログイン]
[ADMIN] 15:35:48.079049 シナリオ走行を終了しました [シナリオ名: Banユーザログイン]
[ADMIN] 15:35:48.079063 シナリオ走行を開始しました [シナリオ名: Banユーザログイン]
[ADMIN] 15:35:48.119094 シナリオ走行を終了しました [シナリオ名: Banユーザログイン]
[ADMIN] 15:35:48.119118 シナリオ走行を開始しました [シナリオ名: Banユーザログイン]
[ADMIN] 15:35:48.132039 シナリオ走行を終了しました [シナリオ名: ログイン]
[ADMIN] 15:35:48.132053 シナリオ走行を開始しました [シナリオ名: ログイン]
[ADMIN] 15:35:48.158261 シナリオ走行を終了しました [シナリオ名: ログイン]
[ADMIN] 15:35:48.158274 シナリオ走行を開始しました [シナリオ名: ログイン]
[ADMIN] 15:35:48.160261 シナリオ走行を終了しました [シナリオ名: Banユーザログイン]
[ADMIN] 15:35:48.160278 シナリオ走行を開始しました [シナリオ名: Banユーザログイン]
[ADMIN] 15:35:48.167587 シナリオ走行を終了しました [シナリオ名: 新規ユーザー登録]
[ADMIN] 15:35:48.167608 シナリオ走行を開始しました [シナリオ名: 新規ユーザー登録]
[ADMIN] 15:35:48.171061 シナリオ走行を終了しました [シナリオ名: Banユーザログイン]
[ADMIN] 15:35:48.171070 シナリオ走行を開始しました [シナリオ名: Banユーザログイン]
[ADMIN] 15:35:48.176117 シナリオ走行を終了しました [シナリオ名: ログイン]
[ADMIN] 15:35:48.176128 シナリオ走行を開始しました [シナリオ名: ログイン]
[ADMIN] 15:35:48.187830 シナリオ走行を終了しました [シナリオ名: ログイン]
[ADMIN] 15:35:48.187846 シナリオ走行を開始しました [シナリオ名: ログイン]
[ADMIN] 15:35:48.220994 シナリオ走行を終了しました [シナリオ名: ログイン]
[ADMIN] 15:35:48.221006 シナリオ走行を開始しました [シナリオ名: ログイン]
[ADMIN] 15:35:48.237062 シナリオ走行を終了しました [シナリオ名: ログイン]
[ADMIN] 15:35:48.237073 シナリオ走行を開始しました [シナリオ名: ログイン]
[ADMIN] 15:35:48.246696 シナリオ走行を終了しました [シナリオ名: ログイン]
[ADMIN] 15:35:48.246706 シナリオ走行を開始しました [シナリオ名: ログイン]
[ADMIN] 15:35:48.256264 シナリオ走行を終了しました [シナリオ名: ログイン]
[ADMIN] 15:35:48.256274 シナリオ走行を開始しました [シナリオ名: ログイン]
[ADMIN] 15:35:48.273458 シナリオ走行を終了しました [シナリオ名: Banユーザログイン]
[ADMIN] 15:35:48.273475 シナリオ走行を開始しました [シナリオ名: Banユーザログイン]
[ADMIN] 15:35:48.290872 シナリオ走行を終了しました [シナリオ名: ログイン]
[ADMIN] 15:35:48.290882 シナリオ走行を開始しました [シナリオ名: ログイン]
[ADMIN] 15:35:48.305956 シナリオ走行を終了しました [シナリオ名: Banユーザログイン]
[ADMIN] 15:35:48.305976 シナリオ走行を開始しました [シナリオ名: Banユーザログイン]
[ADMIN] 15:35:48.325233 シナリオ走行を終了しました [シナリオ名: ログイン]
[ADMIN] 15:35:48.325244 シナリオ走行を開始しました [シナリオ名: ログイン]
[ADMIN] 15:35:48.329860 シナリオ走行を終了しました [シナリオ名: Banユーザログイン]
[ADMIN] 15:35:48.329877 シナリオ走行を開始しました [シナリオ名: Banユーザログイン]
[ADMIN] 15:35:48.337466 シナリオ走行を終了しました [シナリオ名: ログイン]
[ADMIN] 15:35:48.337474 シナリオ走行を開始しました [シナリオ名: ログイン]
[ADMIN] 15:35:48.358682 シナリオ走行を終了しました [シナリオ名: ログイン]
[ADMIN] 15:35:48.358694 シナリオ走行を開始しました [シナリオ名: ログイン]
[ADMIN] 15:35:48.371424 シナリオ走行を終了しました [シナリオ名: Banユーザログイン]
[ADMIN] 15:35:48.371437 シナリオ走行を開始しました [シナリオ名: Banユーザログイン]
[ADMIN] 15:35:48.388671 シナリオ走行を終了しました [シナリオ名: ログイン]
[ADMIN] 15:35:48.388679 シナリオ走行を開始しました [シナリオ名: ログイン]
[ADMIN] 15:35:48.405066 シナリオ走行を終了しました [シナリオ名: 新規ユーザー登録]
[ADMIN] 15:35:48.405082 シナリオ走行を開始しました [シナリオ名: 新規ユーザー登録]
[ADMIN] 15:35:48.418678 シナリオ走行を終了しました [シナリオ名: ログイン]
[ADMIN] 15:35:48.418687 シナリオ走行を開始しました [シナリオ名: ログイン]
[ADMIN] 15:35:48.460502 シナリオ走行を終了しました [シナリオ名: 新規ユーザー登録]
[ADMIN] 15:35:48.460521 シナリオ走行を開始しました [シナリオ名: 新規ユーザー登録]
[ADMIN] 15:35:48.551921 シナリオ走行を終了しました [シナリオ名: 新規ユーザー登録]
[ADMIN] 15:35:48.551944 シナリオ走行を開始しました [シナリオ名: 新規ユーザー登録]
[ADMIN] 15:35:48.554058 シナリオ走行を終了しました [シナリオ名: ログイン]
[ADMIN] 15:35:48.554069 シナリオ走行を開始しました [シナリオ名: ログイン]
[ADMIN] 15:35:48.559997 シナリオ走行を終了しました [シナリオ名: ログイン]
[ADMIN] 15:35:48.560009 シナリオ走行を開始しました [シナリオ名: ログイン]
[ADMIN] 15:35:48.582026 シナリオ走行を終了しました [シナリオ名: ログイン]
[ADMIN] 15:35:48.582043 シナリオ走行を開始しました [シナリオ名: ログイン]
[ADMIN] 15:35:48.649694 シナリオ走行を終了しました [シナリオ名: Banユーザログイン]
[ADMIN] 15:35:48.649712 シナリオ走行を開始しました [シナリオ名: Banユーザログイン]
[ADMIN] 15:35:48.663789 シナリオ走行を終了しました [シナリオ名: Banユーザログイン]
[ADMIN] 15:35:48.663805 シナリオ走行を開始しました [シナリオ名: Banユーザログイン]
[ADMIN] 15:35:48.695162 シナリオ走行を終了しました [シナリオ名: Banユーザログイン]
[ADMIN] 15:35:48.695184 シナリオ走行を開始しました [シナリオ名: Banユーザログイン]
[ADMIN] 15:35:48.705334 シナリオ走行を終了しました [シナリオ名: ログイン]
[ADMIN] 15:35:48.705347 シナリオ走行を開始しました [シナリオ名: ログイン]
[ADMIN] 15:35:48.721011 シナリオ走行を終了しました [シナリオ名: ログイン]
[ADMIN] 15:35:48.721022 シナリオ走行を開始しました [シナリオ名: ログイン]
[ADMIN] 15:35:48.748989 シナリオ走行を終了しました [シナリオ名: ログイン]
[ADMIN] 15:35:48.749005 シナリオ走行を開始しました [シナリオ名: ログイン]
[ADMIN] 15:35:48.757263 シナリオ走行を終了しました [シナリオ名: Banユーザログイン]
[ADMIN] 15:35:48.757282 シナリオ走行を開始しました [シナリオ名: Banユーザログイン]
[ADMIN] 15:35:48.759680 シナリオ走行を終了しました [シナリオ名: ログイン]
[ADMIN] 15:35:48.759690 シナリオ走行を開始しました [シナリオ名: ログイン]
[ADMIN] 15:35:48.840601 シナリオ走行を終了しました [シナリオ名: Banユーザログイン]
[ADMIN] 15:35:48.840622 シナリオ走行を開始しました [シナリオ名: Banユーザログイン]
[ADMIN] 15:35:48.850237 シナリオ走行を終了しました [シナリオ名: ログイン]
[ADMIN] 15:35:48.850246 シナリオ走行を開始しました [シナリオ名: ログイン]
[ADMIN] 15:35:48.851213 シナリオ走行を終了しました [シナリオ名: ログイン]
[ADMIN] 15:35:48.851222 シナリオ走行を開始しました [シナリオ名: ログイン]
[ADMIN] 15:35:48.857764 シナリオ走行を終了しました [シナリオ名: Banユーザログイン]
[ADMIN] 15:35:48.857778 シナリオ走行を開始しました [シナリオ名: Banユーザログイン]
[ADMIN] 15:35:48.857780 シナリオ走行を終了しました [シナリオ名: Banユーザログイン]
[ADMIN] 15:35:48.857785 シナリオ走行を開始しました [シナリオ名: Banユーザログイン]
[ADMIN] 15:35:48.872774 シナリオ走行を終了しました [シナリオ名: ログイン]
[ADMIN] 15:35:48.872784 シナリオ走行を開始しました [シナリオ名: ログイン]
[ADMIN] 15:35:48.900921 シナリオ走行を終了しました [シナリオ名: 新規ユーザー登録]
[ADMIN] 15:35:48.900946 シナリオ走行を開始しました [シナリオ名: 新規ユーザー登録]
[ADMIN] 15:35:48.922297 シナリオ走行を終了しました [シナリオ名: Banユーザログイン]
[ADMIN] 15:35:48.922316 シナリオ走行を開始しました [シナリオ名: Banユーザログイン]
[ADMIN] 15:35:48.950524 シナリオ走行を終了しました [シナリオ名: ログイン]
[ADMIN] 15:35:48.950537 シナリオ走行を開始しました [シナリオ名: ログイン]
[ADMIN] 15:35:48.961651 シナリオ走行を終了しました [シナリオ名: ログイン]
[ADMIN] 15:35:48.961659 シナリオ走行を開始しました [シナリオ名: ログイン]
[ADMIN] 15:35:48.962919 シナリオ走行を終了しました [シナリオ名: ログイン]
[ADMIN] 15:35:48.962926 シナリオ走行を開始しました [シナリオ名: ログイン]
[ADMIN] 15:35:48.966980 シナリオ走行を終了しました [シナリオ名: ログイン]
[ADMIN] 15:35:48.966990 シナリオ走行を開始しました [シナリオ名: ログイン]
[ADMIN] 15:35:48.990666 シナリオ走行を終了しました [シナリオ名: ログイン]
[ADMIN] 15:35:48.990675 シナリオ走行を開始しました [シナリオ名: ログイン]
[ADMIN] 15:35:49.012756 シナリオ走行を終了しました [シナリオ名: 新規ユーザー登録]
[ADMIN] 15:35:49.012778 シナリオ走行を開始しました [シナリオ名: 新規ユーザー登録]
[ADMIN] 15:35:49.014771 シナリオ走行を終了しました [シナリオ名: 新規ユーザー登録]
[ADMIN] 15:35:49.014787 シナリオ走行を開始しました [シナリオ名: 新規ユーザー登録]
[ADMIN] 15:35:49.022136 シナリオ走行を終了しました [シナリオ名: 新規ユーザー登録]
[ADMIN] 15:35:49.022155 シナリオ走行を開始しました [シナリオ名: 新規ユーザー登録]
[ADMIN] 15:35:49.044517 シナリオ走行を終了しました [シナリオ名: ログイン]
[ADMIN] 15:35:49.044527 シナリオ走行を開始しました [シナリオ名: ログイン]
[ADMIN] 15:35:49.045432 シナリオ走行を終了しました [シナリオ名: ログイン]
[ADMIN] 15:35:49.045442 シナリオ走行を開始しました [シナリオ名: ログイン]
[ADMIN] 15:35:49.046855 シナリオ走行を終了しました [シナリオ名: ログイン]
[ADMIN] 15:35:49.046864 シナリオ走行を開始しました [シナリオ名: ログイン]
[ADMIN] 15:35:49.066793 シナリオ走行を終了しました [シナリオ名: 新規ユーザー登録]
[ADMIN] 15:35:49.066813 シナリオ走行を開始しました [シナリオ名: 新規ユーザー登録]
[ADMIN] 15:35:49.096449 シナリオ走行を終了しました [シナリオ名: 新規ユーザー登録]
[ADMIN] 15:35:49.096467 シナリオ走行を開始しました [シナリオ名: 新規ユーザー登録]
[ADMIN] 15:35:49.097463 シナリオ走行を終了しました [シナリオ名: ログイン]
[ADMIN] 15:35:49.097474 シナリオ走行を開始しました [シナリオ名: ログイン]
[ADMIN] 15:35:49.103112 シナリオ走行を終了しました [シナリオ名: 新規ユーザー登録]
[ADMIN] 15:35:49.103129 シナリオ走行を開始しました [シナリオ名: 新規ユーザー登録]
[ADMIN] 15:35:49.109040 シナリオ走行を終了しました [シナリオ名: 新規ユーザー登録]
[ADMIN] 15:35:49.109053 シナリオ走行を開始しました [シナリオ名: 新規ユーザー登録]
[ADMIN] 15:35:49.141950 シナリオ走行を終了しました [シナリオ名: 新規ユーザー登録]
[ADMIN] 15:35:49.141966 シナリオ走行を開始しました [シナリオ名: 新規ユーザー登録]
[ADMIN] 15:35:49.143794 シナリオ走行を終了しました [シナリオ名: 新規ユーザー登録]
[ADMIN] 15:35:49.143813 シナリオ走行を開始しました [シナリオ名: 新規ユーザー登録]
[ADMIN] 15:35:49.158113 シナリオ走行を終了しました [シナリオ名: ログイン]
[ADMIN] 15:35:49.158123 シナリオ走行を開始しました [シナリオ名: ログイン]
[ADMIN] 15:35:49.159276 シナリオ走行を終了しました [シナリオ名: 新規ユーザー登録]
[ADMIN] 15:35:49.159291 シナリオ走行を開始しました [シナリオ名: 新規ユーザー登録]
[ADMIN] 15:35:49.160278 シナリオ走行を終了しました [シナリオ名: 新規ユーザー登録]
[ADMIN] 15:35:49.160291 シナリオ走行を開始しました [シナリオ名: 新規ユーザー登録]
[ADMIN] 15:35:49.172837 シナリオ走行を終了しました [シナリオ名: ログイン]
[ADMIN] 15:35:49.172845 シナリオ走行を開始しました [シナリオ名: ログイン]
[ADMIN] 15:35:49.196863 シナリオ走行を終了しました [シナリオ名: 新規ユーザー登録]
[ADMIN] 15:35:49.196883 シナリオ走行を開始しました [シナリオ名: 新規ユーザー登録]
[ADMIN] 15:35:49.198089 シナリオ走行を終了しました [シナリオ名: ログイン]
[ADMIN] 15:35:49.198096 シナリオ走行を開始しました [シナリオ名: ログイン]
[ADMIN] 15:35:49.203618 シナリオ走行を終了しました [シナリオ名: ログイン]
[ADMIN] 15:35:49.203627 シナリオ走行を開始しました [シナリオ名: ログイン]
[ADMIN] 15:35:49.224020 シナリオ走行を終了しました [シナリオ名: ログイン]
[ADMIN] 15:35:49.224030 シナリオ走行を開始しました [シナリオ名: ログイン]
[ADMIN] 15:35:49.224352 シナリオ走行を終了しました [シナリオ名: Banユーザログイン]
[ADMIN] 15:35:49.224361 シナリオ走行を開始しました [シナリオ名: Banユーザログイン]
[ADMIN] 15:35:49.235271 シナリオ走行を終了しました [シナリオ名: ログイン]
[ADMIN] 15:35:49.235280 シナリオ走行を開始しました [シナリオ名: ログイン]
[ADMIN] 15:35:49.237336 シナリオ走行を終了しました [シナリオ名: ログイン]
[ADMIN] 15:35:49.237345 シナリオ走行を開始しました [シナリオ名: ログイン]
[ADMIN] 15:35:49.238232 シナリオ走行を終了しました [シナリオ名: Banユーザログイン]
[ADMIN] 15:35:49.238242 シナリオ走行を開始しました [シナリオ名: Banユーザログイン]
[ADMIN] 15:35:49.253455 シナリオ走行を終了しました [シナリオ名: 新規ユーザー登録]
[ADMIN] 15:35:49.253469 シナリオ走行を開始しました [シナリオ名: 新規ユーザー登録]
[ADMIN] 15:35:49.260076 シナリオ走行を終了しました [シナリオ名: 新規ユーザー登録]
[ADMIN] 15:35:49.260091 シナリオ走行を開始しました [シナリオ名: 新規ユーザー登録]
[ADMIN] 15:35:49.275993 シナリオ走行を終了しました [シナリオ名: ログイン]
[ADMIN] 15:35:49.276002 シナリオ走行を開始しました [シナリオ名: ログイン]
[ADMIN] 15:35:49.280386 シナリオ走行を終了しました [シナリオ名: Banユーザログイン]
[ADMIN] 15:35:49.280402 シナリオ走行を開始しました [シナリオ名: Banユーザログイン]
[ADMIN] 15:35:49.286755 シナリオ走行を終了しました [シナリオ名: Banユーザログイン]
[ADMIN] 15:35:49.286770 シナリオ走行を開始しました [シナリオ名: Banユーザログイン]
[ADMIN] 15:35:49.313726 シナリオ走行を終了しました [シナリオ名: ログイン]
[ADMIN] 15:35:49.313734 シナリオ走行を開始しました [シナリオ名: ログイン]
[ADMIN] 15:35:49.376174 シナリオ走行を終了しました [シナリオ名: Banユーザログイン]
[ADMIN] 15:35:49.376191 シナリオ走行を開始しました [シナリオ名: Banユーザログイン]
[ADMIN] 15:35:49.400489 シナリオ走行を終了しました [シナリオ名: Banユーザログイン]
[ADMIN] 15:35:49.400508 シナリオ走行を開始しました [シナリオ名: Banユーザログイン]
[ADMIN] 15:35:49.412311 シナリオ走行を終了しました [シナリオ名: Banユーザログイン]
[ADMIN] 15:35:49.412336 シナリオ走行を開始しました [シナリオ名: Banユーザログイン]
[ADMIN] 15:35:49.477582 シナリオ走行を終了しました [シナリオ名: 新規ユーザー登録]
[ADMIN] 15:35:49.477602 シナリオ走行を開始しました [シナリオ名: 新規ユーザー登録]
[ADMIN] 15:35:49.482449 シナリオ走行を終了しました [シナリオ名: Banユーザログイン]
[ADMIN] 15:35:49.482466 シナリオ走行を開始しました [シナリオ名: Banユーザログイン]
[ADMIN] 15:35:49.522716 シナリオ走行を終了しました [シナリオ名: ログイン]
[ADMIN] 15:35:49.522728 シナリオ走行を開始しました [シナリオ名: ログイン]
[ADMIN] 15:35:49.546656 シナリオ走行を終了しました [シナリオ名: 新規ユーザー登録]
[ADMIN] 15:35:49.546678 シナリオ走行を開始しました [シナリオ名: 新規ユーザー登録]
[ADMIN] 15:35:49.547062 シナリオ走行を終了しました [シナリオ名: 新規ユーザー登録]
[ADMIN] 15:35:49.547079 シナリオ走行を開始しました [シナリオ名: 新規ユーザー登録]
[ADMIN] 15:35:49.547404 シナリオ走行を終了しました [シナリオ名: 新規ユーザー登録]
[ADMIN] 15:35:49.547422 シナリオ走行を開始しました [シナリオ名: 新規ユーザー登録]
[ADMIN] 15:35:49.559284 シナリオ走行を終了しました [シナリオ名: ログイン]
[ADMIN] 15:35:49.559294 シナリオ走行を開始しました [シナリオ名: ログイン]
[ADMIN] 15:35:49.611274 シナリオ走行を終了しました [シナリオ名: ログイン]
[ADMIN] 15:35:49.611288 シナリオ走行を開始しました [シナリオ名: ログイン]
[ADMIN] 15:35:49.617157 シナリオ走行を終了しました [シナリオ名: ログイン]
[ADMIN] 15:35:49.617176 シナリオ走行を開始しました [シナリオ名: ログイン]
[ADMIN] 15:35:49.620801 シナリオ走行を終了しました [シナリオ名: ログイン]
[ADMIN] 15:35:49.620812 シナリオ走行を開始しました [シナリオ名: ログイン]
[ADMIN] 15:35:49.670033 シナリオ走行を終了しました [シナリオ名: 新規ユーザー登録]
[ADMIN] 15:35:49.670061 シナリオ走行を開始しました [シナリオ名: 新規ユーザー登録]
[ADMIN] 15:35:49.687673 シナリオ走行を終了しました [シナリオ名: 新規ユーザー登録]
[ADMIN] 15:35:49.687693 シナリオ走行を開始しました [シナリオ名: 新規ユーザー登録]
[ADMIN] 15:35:49.698502 シナリオ走行を終了しました [シナリオ名: ログイン]
[ADMIN] 15:35:49.698515 シナリオ走行を開始しました [シナリオ名: ログイン]
[ADMIN] 15:35:49.738595 シナリオ走行を終了しました [シナリオ名: ログイン]
[ADMIN] 15:35:49.738608 シナリオ走行を開始しました [シナリオ名: ログイン]
[ADMIN] 15:35:49.758693 シナリオ走行を終了しました [シナリオ名: ログイン]
[ADMIN] 15:35:49.758706 シナリオ走行を開始しました [シナリオ名: ログイン]
[ADMIN] 15:35:49.767019 シナリオ走行を終了しました [シナリオ名: Banユーザログイン]
[ADMIN] 15:35:49.767035 シナリオ走行を開始しました [シナリオ名: Banユーザログイン]
[ADMIN] 15:35:49.790846 シナリオ走行を終了しました [シナリオ名: Banユーザログイン]
[ADMIN] 15:35:49.790861 シナリオ走行を開始しました [シナリオ名: Banユーザログイン]
[ADMIN] 15:35:49.799698 シナリオ走行を終了しました [シナリオ名: 新規ユーザー登録]
[ADMIN] 15:35:49.799720 シナリオ走行を開始しました [シナリオ名: 新規ユーザー登録]
[ADMIN] 15:35:49.809273 シナリオ走行を終了しました [シナリオ名: ログイン]
[ADMIN] 15:35:49.809285 シナリオ走行を開始しました [シナリオ名: ログイン]
[ADMIN] 15:35:49.850339 シナリオ走行を終了しました [シナリオ名: ログイン]
[ADMIN] 15:35:49.850352 シナリオ走行を開始しました [シナリオ名: ログイン]
[ADMIN] 15:35:49.852813 シナリオ走行を終了しました [シナリオ名: Banユーザログイン]
[ADMIN] 15:35:49.852826 シナリオ走行を開始しました [シナリオ名: Banユーザログイン]
[ADMIN] 15:35:49.855623 シナリオ走行を終了しました [シナリオ名: ログイン]
[ADMIN] 15:35:49.855637 シナリオ走行を開始しました [シナリオ名: ログイン]
15:35:49.871783 現在のログイン成功数: [total: 4612 (+1573人)]
15:35:49.871790 現在のユーザー登録成功数: [total: 1736 (+533人)]
[ADMIN] 15:35:49.889694 シナリオ走行を終了しました [シナリオ名: ログイン]
[ADMIN] 15:35:49.889703 シナリオ走行を開始しました [シナリオ名: ログイン]
[ADMIN] 15:35:49.889932 シナリオ走行を終了しました [シナリオ名: ログイン]
[ADMIN] 15:35:49.889964 シナリオ走行を開始しました [シナリオ名: ログイン]
[ADMIN] 15:35:49.889997 シナリオ走行を開始しました [シナリオ名: ログイン]
[ADMIN] 15:35:49.890072 シナリオ走行を開始しました [シナリオ名: ログイン]
[ADMIN] 15:35:49.890108 シナリオ走行を開始しました [シナリオ名: ログイン]
[ADMIN] 15:35:49.890091 シナリオ走行を開始しました [シナリオ名: ログイン]
[ADMIN] 15:35:49.890094 シナリオ走行を開始しました [シナリオ名: ログイン]
[ADMIN] 15:35:49.890093 シナリオ走行を開始しました [シナリオ名: ログイン]
[ADMIN] 15:35:49.890095 シナリオ走行を開始しました [シナリオ名: ログイン]
[ADMIN] 15:35:49.890097 シナリオ走行を開始しました [シナリオ名: ログイン]
[ADMIN] 15:35:49.890097 シナリオ走行を開始しました [シナリオ名: ログイン]
[ADMIN] 15:35:49.890098 シナリオ走行を開始しました [シナリオ名: ログイン]
[ADMIN] 15:35:49.890098 シナリオ走行を開始しました [シナリオ名: ログイン]
[ADMIN] 15:35:49.890099 シナリオ走行を開始しました [シナリオ名: ログイン]
[ADMIN] 15:35:49.890102 シナリオ走行を開始しました [シナリオ名: ログイン]
[ADMIN] 15:35:49.890103 シナリオ走行を開始しました [シナリオ名: ログイン]
[ADMIN] 15:35:49.890107 シナリオ走行を開始しました [シナリオ名: ログイン]
[ADMIN] 15:35:49.942145 シナリオ走行を終了しました [シナリオ名: Banユーザログイン]
[ADMIN] 15:35:49.942173 シナリオ走行を開始しました [シナリオ名: Banユーザログイン]
[ADMIN] 15:35:49.952958 シナリオ走行を終了しました [シナリオ名: Banユーザログイン]
[ADMIN] 15:35:49.952969 シナリオ走行を開始しました [シナリオ名: Banユーザログイン]
[ADMIN] 15:35:49.976326 シナリオ走行を終了しました [シナリオ名: Banユーザログイン]
[ADMIN] 15:35:49.976337 シナリオ走行を開始しました [シナリオ名: Banユーザログイン]
[ADMIN] 15:35:49.980776 シナリオ走行を終了しました [シナリオ名: Banユーザログイン]
[ADMIN] 15:35:49.980789 シナリオ走行を開始しました [シナリオ名: Banユーザログイン]
[ADMIN] 15:35:50.020291 シナリオ走行を終了しました [シナリオ名: ログイン]
[ADMIN] 15:35:50.023647 シナリオ走行を終了しました [シナリオ名: ログイン]
[ADMIN] 15:35:50.028117 シナリオ走行を終了しました [シナリオ名: Banユーザログイン]
[ADMIN] 15:35:50.028132 シナリオ走行を開始しました [シナリオ名: Banユーザログイン]
[ADMIN] 15:35:50.056448 シナリオ走行を終了しました [シナリオ名: ログイン]
[ADMIN] 15:35:50.058004 シナリオ走行を終了しました [シナリオ名: ログイン]
[ADMIN] 15:35:50.062823 シナリオ走行を終了しました [シナリオ名: ログイン]
[ADMIN] 15:35:50.083772 シナリオ走行を終了しました [シナリオ名: 新規ユーザー登録]
[ADMIN] 15:35:50.083793 シナリオ走行を開始しました [シナリオ名: 新規ユーザー登録]
[ADMIN] 15:35:50.140546 シナリオ走行を終了しました [シナリオ名: ログイン]
[ADMIN] 15:35:50.203531 シナリオ走行を終了しました [シナリオ名: ログイン]
[ADMIN] 15:35:50.204816 シナリオ走行を終了しました [シナリオ名: 新規ユーザー登録]
[ADMIN] 15:35:50.204878 シナリオ走行を開始しました [シナリオ名: 新規ユーザー登録]
[ADMIN] 15:35:50.204889 シナリオ走行を開始しました [シナリオ名: 新規ユーザー登録]
[ADMIN] 15:35:50.204906 シナリオ走行を開始しました [シナリオ名: 新規ユーザー登録]
[ADMIN] 15:35:50.204995 シナリオ走行を開始しました [シナリオ名: 新規ユーザー登録]
[ADMIN] 15:35:50.205009 シナリオ走行を開始しました [シナリオ名: 新規ユーザー登録]
[ADMIN] 15:35:50.205090 シナリオ走行を開始しました [シナリオ名: 新規ユーザー登録]
[ADMIN] 15:35:50.205125 シナリオ走行を開始しました [シナリオ名: 新規ユーザー登録]
[ADMIN] 15:35:50.205090 シナリオ走行を開始しました [シナリオ名: 新規ユーザー登録]
[ADMIN] 15:35:50.205125 シナリオ走行を開始しました [シナリオ名: 新規ユーザー登録]
[ADMIN] 15:35:50.205002 シナリオ走行を開始しました [シナリオ名: 新規ユーザー登録]
[ADMIN] 15:35:50.205096 シナリオ走行を開始しました [シナリオ名: 新規ユーザー登録]
[ADMIN] 15:35:50.205101 シナリオ走行を開始しました [シナリオ名: 新規ユーザー登録]
[ADMIN] 15:35:50.205107 シナリオ走行を開始しました [シナリオ名: 新規ユーザー登録]
[ADMIN] 15:35:50.205111 シナリオ走行を開始しました [シナリオ名: 新規ユーザー登録]
[ADMIN] 15:35:50.205118 シナリオ走行を開始しました [シナリオ名: 新規ユーザー登録]
[ADMIN] 15:35:50.204997 シナリオ走行を開始しました [シナリオ名: 新規ユーザー登録]
[ADMIN] 15:35:50.205116 シナリオ走行を開始しました [シナリオ名: 新規ユーザー登録]
[ADMIN] 15:35:50.207712 シナリオ走行を終了しました [シナリオ名: ログイン]
[ADMIN] 15:35:50.217412 シナリオ走行を終了しました [シナリオ名: ログイン]
[ADMIN] 15:35:50.253981 シナリオ走行を終了しました [シナリオ名: ログイン]
[ADMIN] 15:35:50.291975 シナリオ走行を終了しました [シナリオ名: ログイン]
[ADMIN] 15:35:50.294704 シナリオ走行を終了しました [シナリオ名: ログイン]
[ADMIN] 15:35:50.297058 シナリオ走行を終了しました [シナリオ名: ログイン]
[ADMIN] 15:35:50.305446 シナリオ走行を終了しました [シナリオ名: ログイン]
[ADMIN] 15:35:50.319697 シナリオ走行を終了しました [シナリオ名: Banユーザログイン]
[ADMIN] 15:35:50.319713 シナリオ走行を開始しました [シナリオ名: Banユーザログイン]
[ADMIN] 15:35:50.325952 シナリオ走行を終了しました [シナリオ名: Banユーザログイン]
[ADMIN] 15:35:50.325976 シナリオ走行を開始しました [シナリオ名: Banユーザログイン]
[ADMIN] 15:35:50.325984 シナリオ走行を開始しました [シナリオ名: Banユーザログイン]
[ADMIN] 15:35:50.325998 シナリオ走行を開始しました [シナリオ名: Banユーザログイン]
[ADMIN] 15:35:50.326016 シナリオ走行を開始しました [シナリオ名: Banユーザログイン]
[ADMIN] 15:35:50.385047 シナリオ走行を終了しました [シナリオ名: Banユーザログイン]
[ADMIN] 15:35:50.395346 シナリオ走行を終了しました [シナリオ名: 新規ユーザー登録]
[ADMIN] 15:35:50.504823 シナリオ走行を終了しました [シナリオ名: ログイン]
[ADMIN] 15:35:50.509334 シナリオ走行を終了しました [シナリオ名: ログイン]
[ADMIN] 15:35:50.534214 シナリオ走行を終了しました [シナリオ名: Banユーザログイン]
[ADMIN] 15:35:50.560193 シナリオ走行を終了しました [シナリオ名: Banユーザログイン]
[ADMIN] 15:35:50.561496 シナリオ走行を終了しました [シナリオ名: Banユーザログイン]
[ADMIN] 15:35:50.663870 シナリオ走行を終了しました [シナリオ名: ログイン]
[ADMIN] 15:35:50.666913 シナリオ走行を終了しました [シナリオ名: Banユーザログイン]
[ADMIN] 15:35:50.686920 シナリオ走行を終了しました [シナリオ名: Banユーザログイン]
[ADMIN] 15:35:50.719540 シナリオ走行を終了しました [シナリオ名: ログイン]
[ADMIN] 15:35:50.743582 シナリオ走行を終了しました [シナリオ名: ログイン]
[ADMIN] 15:35:50.776729 シナリオ走行を終了しました [シナリオ名: ログイン]
[ADMIN] 15:35:50.801570 シナリオ走行を終了しました [シナリオ名: ログイン]
[ADMIN] 15:35:50.808005 シナリオ走行を終了しました [シナリオ名: ログイン]
[ADMIN] 15:35:50.877865 シナリオ走行を終了しました [シナリオ名: Banユーザログイン]
[ADMIN] 15:35:50.884674 シナリオ走行を終了しました [シナリオ名: ログイン]
[ADMIN] 15:35:50.896062 シナリオ走行を終了しました [シナリオ名: Banユーザログイン]
[ADMIN] 15:35:50.896083 シナリオ走行を開始しました [シナリオ名: Banユーザログイン]
[ADMIN] 15:35:50.896101 シナリオ走行を開始しました [シナリオ名: Banユーザログイン]
[ADMIN] 15:35:50.896112 シナリオ走行を開始しました [シナリオ名: Banユーザログイン]
[ADMIN] 15:35:50.896152 シナリオ走行を開始しました [シナリオ名: Banユーザログイン]
[ADMIN] 15:35:50.896219 シナリオ走行を開始しました [シナリオ名: Banユーザログイン]
[ADMIN] 15:35:50.896220 シナリオ走行を開始しました [シナリオ名: Banユーザログイン]
[ADMIN] 15:35:50.896273 シナリオ走行を開始しました [シナリオ名: Banユーザログイン]
[ADMIN] 15:35:50.896314 シナリオ走行を開始しました [シナリオ名: Banユーザログイン]
[ADMIN] 15:35:50.904226 シナリオ走行を終了しました [シナリオ名: ログイン]
[ADMIN] 15:35:50.935185 シナリオ走行を終了しました [シナリオ名: Banユーザログイン]
[ADMIN] 15:35:50.935198 シナリオ走行を開始しました [シナリオ名: Banユーザログイン]
[ADMIN] 15:35:50.939104 シナリオ走行を終了しました [シナリオ名: ログイン]
[ADMIN] 15:35:50.939454 シナリオ走行を終了しました [シナリオ名: ログイン]
[ADMIN] 15:35:50.941771 シナリオ走行を終了しました [シナリオ名: ログイン]
[ADMIN] 15:35:50.945333 シナリオ走行を終了しました [シナリオ名: ログイン]
[ADMIN] 15:35:50.950920 シナリオ走行を終了しました [シナリオ名: Banユーザログイン]
[ADMIN] 15:35:50.950936 シナリオ走行を開始しました [シナリオ名: Banユーザログイン]
[ADMIN] 15:35:51.079047 シナリオ走行を終了しました [シナリオ名: ログイン]
[ADMIN] 15:35:51.080039 シナリオ走行を終了しました [シナリオ名: Banユーザログイン]
[ADMIN] 15:35:51.080056 シナリオ走行を開始しました [シナリオ名: Banユーザログイン]
[ADMIN] 15:35:51.085934 シナリオ走行を終了しました [シナリオ名: ログイン]
[ADMIN] 15:35:51.086057 シナリオ走行を終了しました [シナリオ名: ログイン]
[ADMIN] 15:35:51.086064 シナリオ走行を終了しました [シナリオ名: ログイン]
[ADMIN] 15:35:51.086162 シナリオ走行を終了しました [シナリオ名: ログイン]
[ADMIN] 15:35:51.086255 シナリオ走行を終了しました [シナリオ名: ログイン]
[ADMIN] 15:35:51.086264 シナリオ走行を終了しました [シナリオ名: ログイン]
[ADMIN] 15:35:51.089075 シナリオ走行を終了しました [シナリオ名: ログイン]
[ADMIN] 15:35:51.145774 シナリオ走行を終了しました [シナリオ名: 新規ユーザー登録]
[ADMIN] 15:35:51.190201 シナリオ走行を終了しました [シナリオ名: ログイン]
[ADMIN] 15:35:51.194764 シナリオ走行を終了しました [シナリオ名: ログイン]
[ADMIN] 15:35:51.195233 シナリオ走行を終了しました [シナリオ名: ログイン]
[ADMIN] 15:35:51.294300 シナリオ走行を終了しました [シナリオ名: ログイン]
[ADMIN] 15:35:51.331412 シナリオ走行を終了しました [シナリオ名: ログイン]
[ADMIN] 15:35:51.352033 シナリオ走行を終了しました [シナリオ名: 新規ユーザー登録]
[ADMIN] 15:35:51.400740 シナリオ走行を終了しました [シナリオ名: ログイン]
[ADMIN] 15:35:51.401437 シナリオ走行を終了しました [シナリオ名: ログイン]
[ADMIN] 15:35:51.405754 シナリオ走行を終了しました [シナリオ名: ログイン]
[ADMIN] 15:35:51.439024 シナリオ走行を終了しました [シナリオ名: ログイン]
[ADMIN] 15:35:51.448688 シナリオ走行を終了しました [シナリオ名: Banユーザログイン]
[ADMIN] 15:35:51.448709 シナリオ走行を開始しました [シナリオ名: Banユーザログイン]
[ADMIN] 15:35:51.453215 シナリオ走行を終了しました [シナリオ名: Banユーザログイン]
[ADMIN] 15:35:51.453233 シナリオ走行を開始しました [シナリオ名: Banユーザログイン]
[ADMIN] 15:35:51.455639 シナリオ走行を終了しました [シナリオ名: ログイン]
[ADMIN] 15:35:51.457688 シナリオ走行を終了しました [シナリオ名: Banユーザログイン]
[ADMIN] 15:35:51.457702 シナリオ走行を開始しました [シナリオ名: Banユーザログイン]
[ADMIN] 15:35:51.465294 シナリオ走行を終了しました [シナリオ名: Banユーザログイン]
[ADMIN] 15:35:51.465313 シナリオ走行を開始しました [シナリオ名: Banユーザログイン]
[ADMIN] 15:35:51.476633 シナリオ走行を終了しました [シナリオ名: Banユーザログイン]
[ADMIN] 15:35:51.476655 シナリオ走行を開始しました [シナリオ名: Banユーザログイン]
[ADMIN] 15:35:51.482981 シナリオ走行を終了しました [シナリオ名: Banユーザログイン]
[ADMIN] 15:35:51.483000 シナリオ走行を開始しました [シナリオ名: Banユーザログイン]
[ADMIN] 15:35:51.536893 シナリオ走行を終了しました [シナリオ名: ログイン]
[ADMIN] 15:35:51.573441 シナリオ走行を終了しました [シナリオ名: ログイン]
[ADMIN] 15:35:51.575237 シナリオ走行を終了しました [シナリオ名: Banユーザログイン]
[ADMIN] 15:35:51.575251 シナリオ走行を開始しました [シナリオ名: Banユーザログイン]
[ADMIN] 15:35:51.575252 シナリオ走行を終了しました [シナリオ名: Banユーザログイン]
[ADMIN] 15:35:51.575263 シナリオ走行を終了しました [シナリオ名: Banユーザログイン]
[ADMIN] 15:35:51.575263 シナリオ走行を開始しました [シナリオ名: Banユーザログイン]
[ADMIN] 15:35:51.575268 シナリオ走行を開始しました [シナリオ名: Banユーザログイン]
[ADMIN] 15:35:51.579300 シナリオ走行を終了しました [シナリオ名: ログイン]
[ADMIN] 15:35:51.580235 シナリオ走行を終了しました [シナリオ名: ログイン]
[ADMIN] 15:35:51.580299 シナリオ走行を開始しました [シナリオ名: ログイン]
[ADMIN] 15:35:51.580304 シナリオ走行を開始しました [シナリオ名: ログイン]
[ADMIN] 15:35:51.580309 シナリオ走行を開始しました [シナリオ名: ログイン]
[ADMIN] 15:35:51.580342 シナリオ走行を開始しました [シナリオ名: ログイン]
[ADMIN] 15:35:51.580433 シナリオ走行を開始しました [シナリオ名: ログイン]
[ADMIN] 15:35:51.580442 シナリオ走行を開始しました [シナリオ名: ログイン]
[ADMIN] 15:35:51.580446 シナリオ走行を開始しました [シナリオ名: ログイン]
[ADMIN] 15:35:51.580448 シナリオ走行を開始しました [シナリオ名: ログイン]
[ADMIN] 15:35:51.580303 シナリオ走行を開始しました [シナリオ名: ログイン]
[ADMIN] 15:35:51.580449 シナリオ走行を開始しました [シナリオ名: ログイン]
[ADMIN] 15:35:51.580437 シナリオ走行を開始しました [シナリオ名: ログイン]
[ADMIN] 15:35:51.580532 シナリオ走行を開始しました [シナリオ名: ログイン]
[ADMIN] 15:35:51.580554 シナリオ走行を開始しました [シナリオ名: ログイン]
[ADMIN] 15:35:51.580667 シナリオ走行を開始しました [シナリオ名: ログイン]
[ADMIN] 15:35:51.580719 シナリオ走行を開始しました [シナリオ名: ログイン]
[ADMIN] 15:35:51.580767 シナリオ走行を開始しました [シナリオ名: ログイン]
[ADMIN] 15:35:51.580543 シナリオ走行を開始しました [シナリオ名: ログイン]
[ADMIN] 15:35:51.580434 シナリオ走行を開始しました [シナリオ名: ログイン]
[ADMIN] 15:35:51.580772 シナリオ走行を開始しました [シナリオ名: ログイン]
[ADMIN] 15:35:51.580439 シナリオ走行を開始しました [シナリオ名: ログイン]
[ADMIN] 15:35:51.580441 シナリオ走行を開始しました [シナリオ名: ログイン]
[ADMIN] 15:35:51.580544 シナリオ走行を開始しました [シナリオ名: ログイン]
[ADMIN] 15:35:51.580546 シナリオ走行を開始しました [シナリオ名: ログイン]
[ADMIN] 15:35:51.580547 シナリオ走行を開始しました [シナリオ名: ログイン]
[ADMIN] 15:35:51.581742 シナリオ走行を終了しました [シナリオ名: Banユーザログイン]
[ADMIN] 15:35:51.581761 シナリオ走行を開始しました [シナリオ名: Banユーザログイン]
[ADMIN] 15:35:51.580549 シナリオ走行を開始しました [シナリオ名: ログイン]
[ADMIN] 15:35:51.580550 シナリオ走行を開始しました [シナリオ名: ログイン]
[ADMIN] 15:35:51.580552 シナリオ走行を開始しました [シナリオ名: ログイン]
[ADMIN] 15:35:51.580549 シナリオ走行を開始しました [シナリオ名: ログイン]
[ADMIN] 15:35:51.580553 シナリオ走行を開始しました [シナリオ名: ログイン]
[ADMIN] 15:35:51.580554 シナリオ走行を開始しました [シナリオ名: ログイン]
[ADMIN] 15:35:51.580555 シナリオ走行を開始しました [シナリオ名: ログイン]
[ADMIN] 15:35:51.580556 シナリオ走行を開始しました [シナリオ名: ログイン]
[ADMIN] 15:35:51.580556 シナリオ走行を開始しました [シナリオ名: ログイン]
[ADMIN] 15:35:51.580558 シナリオ走行を開始しました [シナリオ名: ログイン]
[ADMIN] 15:35:51.580558 シナリオ走行を開始しました [シナリオ名: ログイン]
[ADMIN] 15:35:51.580559 シナリオ走行を開始しました [シナリオ名: ログイン]
[ADMIN] 15:35:51.580560 シナリオ走行を開始しました [シナリオ名: ログイン]
[ADMIN] 15:35:51.580562 シナリオ走行を開始しました [シナリオ名: ログイン]
[ADMIN] 15:35:51.580300 シナリオ走行を開始しました [シナリオ名: ログイン]
[ADMIN] 15:35:51.580436 シナリオ走行を開始しました [シナリオ名: ログイン]
[ADMIN] 15:35:51.580776 シナリオ走行を開始しました [シナリオ名: ログイン]
[ADMIN] 15:35:51.580780 シナリオ走行を開始しました [シナリオ名: ログイン]
[ADMIN] 15:35:51.580783 シナリオ走行を開始しました [シナリオ名: ログイン]
[ADMIN] 15:35:51.580787 シナリオ走行を開始しました [シナリオ名: ログイン]
[ADMIN] 15:35:51.580788 シナリオ走行を開始しました [シナリオ名: ログイン]
[ADMIN] 15:35:51.580789 シナリオ走行を開始しました [シナリオ名: ログイン]
[ADMIN] 15:35:51.580786 シナリオ走行を開始しました [シナリオ名: ログイン]
[ADMIN] 15:35:51.580790 シナリオ走行を開始しました [シナリオ名: ログイン]
[ADMIN] 15:35:51.580793 シナリオ走行を開始しました [シナリオ名: ログイン]
[ADMIN] 15:35:51.580438 シナリオ走行を開始しました [シナリオ名: ログイン]
[ADMIN] 15:35:51.594121 シナリオ走行を終了しました [シナリオ名: ログイン]
[ADMIN] 15:35:51.614016 シナリオ走行を終了しました [シナリオ名: ログイン]
[ADMIN] 15:35:51.614026 シナリオ走行を開始しました [シナリオ名: ログイン]
[ADMIN] 15:35:51.614082 シナリオ走行を開始しました [シナリオ名: ログイン]
[ADMIN] 15:35:51.627176 シナリオ走行を終了しました [シナリオ名: Banユーザログイン]
[ADMIN] 15:35:51.627191 シナリオ走行を開始しました [シナリオ名: Banユーザログイン]
[ADMIN] 15:35:51.630276 シナリオ走行を終了しました [シナリオ名: 新規ユーザー登録]
[ADMIN] 15:35:51.648498 シナリオ走行を終了しました [シナリオ名: 新規ユーザー登録]
[ADMIN] 15:35:51.661964 シナリオ走行を終了しました [シナリオ名: ログイン]
[ADMIN] 15:35:51.668585 シナリオ走行を終了しました [シナリオ名: ログイン]
[ADMIN] 15:35:51.668596 シナリオ走行を開始しました [シナリオ名: ログイン]
[ADMIN] 15:35:51.668649 シナリオ走行を開始しました [シナリオ名: ログイン]
[ADMIN] 15:35:51.687857 シナリオ走行を終了しました [シナリオ名: ログイン]
[ADMIN] 15:35:51.687867 シナリオ走行を開始しました [シナリオ名: ログイン]
[ADMIN] 15:35:51.795872 シナリオ走行を終了しました [シナリオ名: 新規ユーザー登録]
[ADMIN] 15:35:51.866909 シナリオ走行を終了しました [シナリオ名: 新規ユーザー登録]
[ADMIN] 15:35:51.922395 シナリオ走行を終了しました [シナリオ名: ログイン]
[ADMIN] 15:35:51.922407 シナリオ走行を開始しました [シナリオ名: ログイン]
[ADMIN] 15:35:51.924484 シナリオ走行を終了しました [シナリオ名: ログイン]
[ADMIN] 15:35:51.924494 シナリオ走行を開始しました [シナリオ名: ログイン]
[ADMIN] 15:35:51.941394 シナリオ走行を終了しました [シナリオ名: 新規ユーザー登録]
[ADMIN] 15:35:51.982347 シナリオ走行を終了しました [シナリオ名: Banユーザログイン]
[ADMIN] 15:35:51.982363 シナリオ走行を開始しました [シナリオ名: Banユーザログイン]
[ADMIN] 15:35:51.982450 シナリオ走行を終了しました [シナリオ名: ログイン]
[ADMIN] 15:35:51.987681 シナリオ走行を終了しました [シナリオ名: ログイン]
[ADMIN] 15:35:51.987690 シナリオ走行を終了しました [シナリオ名: Banユーザログイン]
[ADMIN] 15:35:51.987695 シナリオ走行を開始しました [シナリオ名: ログイン]
[ADMIN] 15:35:51.987699 シナリオ走行を開始しました [シナリオ名: Banユーザログイン]
[ADMIN] 15:35:51.987699 シナリオ走行を開始しました [シナリオ名: ログイン]
[ADMIN] 15:35:51.991200 シナリオ走行を終了しました [シナリオ名: Banユーザログイン]
[ADMIN] 15:35:51.991215 シナリオ走行を開始しました [シナリオ名: Banユーザログイン]
[ADMIN] 15:35:52.001616 シナリオ走行を終了しました [シナリオ名: Banユーザログイン]
[ADMIN] 15:35:52.001630 シナリオ走行を開始しました [シナリオ名: Banユーザログイン]
[ADMIN] 15:35:52.008121 シナリオ走行を終了しました [シナリオ名: ログイン]
[ADMIN] 15:35:52.010645 シナリオ走行を終了しました [シナリオ名: ログイン]
[ADMIN] 15:35:52.032423 シナリオ走行を終了しました [シナリオ名: Banユーザログイン]
[ADMIN] 15:35:52.032437 シナリオ走行を開始しました [シナリオ名: Banユーザログイン]
[ADMIN] 15:35:52.036550 シナリオ走行を終了しました [シナリオ名: Banユーザログイン]
[ADMIN] 15:35:52.036558 シナリオ走行を開始しました [シナリオ名: Banユーザログイン]
[ADMIN] 15:35:52.041635 シナリオ走行を終了しました [シナリオ名: ログイン]
[ADMIN] 15:35:52.041648 シナリオ走行を開始しました [シナリオ名: ログイン]
[ADMIN] 15:35:52.041655 シナリオ走行を開始しました [シナリオ名: ログイン]
[ADMIN] 15:35:52.041672 シナリオ走行を開始しました [シナリオ名: ログイン]
[ADMIN] 15:35:52.054152 シナリオ走行を終了しました [シナリオ名: ログイン]
[ADMIN] 15:35:52.107306 シナリオ走行を終了しました [シナリオ名: ログイン]
[ADMIN] 15:35:52.133088 シナリオ走行を終了しました [シナリオ名: Banユーザログイン]
[ADMIN] 15:35:52.133106 シナリオ走行を開始しました [シナリオ名: Banユーザログイン]
[ADMIN] 15:35:52.138640 シナリオ走行を終了しました [シナリオ名: Banユーザログイン]
[ADMIN] 15:35:52.138657 シナリオ走行を開始しました [シナリオ名: Banユーザログイン]
[ADMIN] 15:35:52.168334 シナリオ走行を終了しました [シナリオ名: Banユーザログイン]
[ADMIN] 15:35:52.168352 シナリオ走行を開始しました [シナリオ名: Banユーザログイン]
[ADMIN] 15:35:52.172999 シナリオ走行を終了しました [シナリオ名: 新規ユーザー登録]
[ADMIN] 15:35:52.178810 シナリオ走行を終了しました [シナリオ名: 新規ユーザー登録]
[ADMIN] 15:35:52.195295 シナリオ走行を終了しました [シナリオ名: Banユーザログイン]
[ADMIN] 15:35:52.195310 シナリオ走行を開始しました [シナリオ名: Banユーザログイン]
[ADMIN] 15:35:52.209801 シナリオ走行を終了しました [シナリオ名: Banユーザログイン]
[ADMIN] 15:35:52.209816 シナリオ走行を開始しました [シナリオ名: Banユーザログイン]
[ADMIN] 15:35:52.255328 シナリオ走行を終了しました [シナリオ名: ログイン]
[ADMIN] 15:35:52.255342 シナリオ走行を開始しました [シナリオ名: ログイン]
[ADMIN] 15:35:52.255349 シナリオ走行を開始しました [シナリオ名: ログイン]
[ADMIN] 15:35:52.255360 シナリオ走行を開始しました [シナリオ名: ログイン]
[ADMIN] 15:35:52.267352 シナリオ走行を終了しました [シナリオ名: ログイン]
[ADMIN] 15:35:52.267361 シナリオ走行を開始しました [シナリオ名: ログイン]
[ADMIN] 15:35:52.296043 シナリオ走行を終了しました [シナリオ名: 新規ユーザー登録]
[ADMIN] 15:35:52.305589 シナリオ走行を終了しました [シナリオ名: ログイン]
[ADMIN] 15:35:52.310876 シナリオ走行を終了しました [シナリオ名: ログイン]
[ADMIN] 15:35:52.310887 シナリオ走行を開始しました [シナリオ名: ログイン]
[ADMIN] 15:35:52.310947 シナリオ走行を開始しました [シナリオ名: ログイン]
[ADMIN] 15:35:52.314197 シナリオ走行を終了しました [シナリオ名: 新規ユーザー登録]
[ADMIN] 15:35:52.314513 シナリオ走行を終了しました [シナリオ名: ログイン]
[ADMIN] 15:35:52.314523 シナリオ走行を開始しました [シナリオ名: ログイン]
[ADMIN] 15:35:52.372070 シナリオ走行を終了しました [シナリオ名: ログイン]
[ADMIN] 15:35:52.372084 シナリオ走行を開始しました [シナリオ名: ログイン]
[ADMIN] 15:35:52.375170 シナリオ走行を終了しました [シナリオ名: 新規ユーザー登録]
[ADMIN] 15:35:52.401949 シナリオ走行を終了しました [シナリオ名: 新規ユーザー登録]
[ADMIN] 15:35:52.410868 シナリオ走行を終了しました [シナリオ名: ログイン]
[ADMIN] 15:35:52.410878 シナリオ走行を開始しました [シナリオ名: ログイン]
[ADMIN] 15:35:52.501883 シナリオ走行を終了しました [シナリオ名: ログイン]
[ADMIN] 15:35:52.501899 シナリオ走行を開始しました [シナリオ名: ログイン]
[ADMIN] 15:35:52.521393 シナリオ走行を終了しました [シナリオ名: Banユーザログイン]
[ADMIN] 15:35:52.521413 シナリオ走行を開始しました [シナリオ名: Banユーザログイン]
[ADMIN] 15:35:52.564872 シナリオ走行を終了しました [シナリオ名: Banユーザログイン]
[ADMIN] 15:35:52.564894 シナリオ走行を開始しました [シナリオ名: Banユーザログイン]
[ADMIN] 15:35:52.583380 シナリオ走行を終了しました [シナリオ名: Banユーザログイン]
[ADMIN] 15:35:52.583394 シナリオ走行を開始しました [シナリオ名: Banユーザログイン]
[ADMIN] 15:35:52.589250 シナリオ走行を終了しました [シナリオ名: 新規ユーザー登録]
[ADMIN] 15:35:52.597717 シナリオ走行を終了しました [シナリオ名: 新規ユーザー登録]
[ADMIN] 15:35:52.603655 シナリオ走行を終了しました [シナリオ名: 新規ユーザー登録]
[ADMIN] 15:35:52.604702 シナリオ走行を終了しました [シナリオ名: Banユーザログイン]
[ADMIN] 15:35:52.604718 シナリオ走行を開始しました [シナリオ名: Banユーザログイン]
[ADMIN] 15:35:52.612378 シナリオ走行を終了しました [シナリオ名: Banユーザログイン]
[ADMIN] 15:35:52.612396 シナリオ走行を開始しました [シナリオ名: Banユーザログイン]
[ADMIN] 15:35:52.618938 シナリオ走行を終了しました [シナリオ名: Banユーザログイン]
[ADMIN] 15:35:52.618954 シナリオ走行を開始しました [シナリオ名: Banユーザログイン]
[ADMIN] 15:35:52.659805 シナリオ走行を終了しました [シナリオ名: 新規ユーザー登録]
[ADMIN] 15:35:52.695217 シナリオ走行を終了しました [シナリオ名: Banユーザログイン]
[ADMIN] 15:35:52.695234 シナリオ走行を開始しました [シナリオ名: Banユーザログイン]
[ADMIN] 15:35:52.706013 シナリオ走行を終了しました [シナリオ名: 新規ユーザー登録]
[ADMIN] 15:35:52.712120 シナリオ走行を終了しました [シナリオ名: Banユーザログイン]
[ADMIN] 15:35:52.712135 シナリオ走行を開始しました [シナリオ名: Banユーザログイン]
[ADMIN] 15:35:52.735997 シナリオ走行を終了しました [シナリオ名: Banユーザログイン]
[ADMIN] 15:35:52.736023 シナリオ走行を開始しました [シナリオ名: Banユーザログイン]
[ADMIN] 15:35:52.747372 シナリオ走行を終了しました [シナリオ名: Banユーザログイン]
[ADMIN] 15:35:52.747393 シナリオ走行を開始しました [シナリオ名: Banユーザログイン]
[ADMIN] 15:35:52.763641 シナリオ走行を終了しました [シナリオ名: Banユーザログイン]
[ADMIN] 15:35:52.763662 シナリオ走行を開始しました [シナリオ名: Banユーザログイン]
[ADMIN] 15:35:52.771088 シナリオ走行を終了しました [シナリオ名: ログイン]
[ADMIN] 15:35:52.771101 シナリオ走行を開始しました [シナリオ名: ログイン]
[ADMIN] 15:35:52.816337 シナリオ走行を終了しました [シナリオ名: 新規ユーザー登録]
[ADMIN] 15:35:52.833179 シナリオ走行を終了しました [シナリオ名: 新規ユーザー登録]
[ADMIN] 15:35:52.899834 シナリオ走行を終了しました [シナリオ名: 新規ユーザー登録]
[ADMIN] 15:35:53.018959 シナリオ走行を終了しました [シナリオ名: 新規ユーザー登録]
[ADMIN] 15:35:53.105895 シナリオ走行を終了しました [シナリオ名: 新規ユーザー登録]
[ADMIN] 15:35:53.107463 シナリオ走行を終了しました [シナリオ名: Banユーザログイン]
[ADMIN] 15:35:53.107480 シナリオ走行を開始しました [シナリオ名: Banユーザログイン]
[ADMIN] 15:35:53.121899 シナリオ走行を終了しました [シナリオ名: ログイン]
[ADMIN] 15:35:53.121914 シナリオ走行を開始しました [シナリオ名: ログイン]
[ADMIN] 15:35:53.127375 シナリオ走行を終了しました [シナリオ名: Banユーザログイン]
[ADMIN] 15:35:53.127389 シナリオ走行を開始しました [シナリオ名: Banユーザログイン]
[ADMIN] 15:35:53.161294 シナリオ走行を終了しました [シナリオ名: Banユーザログイン]
[ADMIN] 15:35:53.161313 シナリオ走行を開始しました [シナリオ名: Banユーザログイン]
[ADMIN] 15:35:53.178944 シナリオ走行を終了しました [シナリオ名: Banユーザログイン]
[ADMIN] 15:35:53.178962 シナリオ走行を開始しました [シナリオ名: Banユーザログイン]
[ADMIN] 15:35:53.193514 シナリオ走行を終了しました [シナリオ名: Banユーザログイン]
[ADMIN] 15:35:53.193530 シナリオ走行を開始しました [シナリオ名: Banユーザログイン]
[ADMIN] 15:35:53.205951 シナリオ走行を終了しました [シナリオ名: ログイン]
[ADMIN] 15:35:53.205966 シナリオ走行を開始しました [シナリオ名: ログイン]
[ADMIN] 15:35:53.224111 シナリオ走行を終了しました [シナリオ名: 新規ユーザー登録]
[ADMIN] 15:35:53.229941 シナリオ走行を終了しました [シナリオ名: 新規ユーザー登録]
[ADMIN] 15:35:53.229965 シナリオ走行を開始しました [シナリオ名: 新規ユーザー登録]
[ADMIN] 15:35:53.229986 シナリオ走行を開始しました [シナリオ名: 新規ユーザー登録]
[ADMIN] 15:35:53.230027 シナリオ走行を開始しました [シナリオ名: 新規ユーザー登録]
[ADMIN] 15:35:53.230072 シナリオ走行を開始しました [シナリオ名: 新規ユーザー登録]
[ADMIN] 15:35:53.230111 シナリオ走行を開始しました [シナリオ名: 新規ユーザー登録]
[ADMIN] 15:35:53.230120 シナリオ走行を開始しました [シナリオ名: 新規ユーザー登録]
[ADMIN] 15:35:53.230132 シナリオ走行を開始しました [シナリオ名: 新規ユーザー登録]
[ADMIN] 15:35:53.230209 シナリオ走行を開始しました [シナリオ名: 新規ユーザー登録]
[ADMIN] 15:35:53.230215 シナリオ走行を開始しました [シナリオ名: 新規ユーザー登録]
[ADMIN] 15:35:53.230224 シナリオ走行を開始しました [シナリオ名: 新規ユーザー登録]
[ADMIN] 15:35:53.230290 シナリオ走行を開始しました [シナリオ名: 新規ユーザー登録]
[ADMIN] 15:35:53.230334 シナリオ走行を開始しました [シナリオ名: 新規ユーザー登録]
[ADMIN] 15:35:53.230343 シナリオ走行を開始しました [シナリオ名: 新規ユーザー登録]
[ADMIN] 15:35:53.230349 シナリオ走行を開始しました [シナリオ名: 新規ユーザー登録]
[ADMIN] 15:35:53.230343 シナリオ走行を開始しました [シナリオ名: 新規ユーザー登録]
[ADMIN] 15:35:53.230445 シナリオ走行を開始しました [シナリオ名: 新規ユーザー登録]
[ADMIN] 15:35:53.230456 シナリオ走行を開始しました [シナリオ名: 新規ユーザー登録]
[ADMIN] 15:35:53.230302 シナリオ走行を開始しました [シナリオ名: 新規ユーザー登録]
[ADMIN] 15:35:53.230338 シナリオ走行を開始しました [シナリオ名: 新規ユーザー登録]
[ADMIN] 15:35:53.230308 シナリオ走行を開始しました [シナリオ名: 新規ユーザー登録]
[ADMIN] 15:35:53.230907 シナリオ走行を終了しました [シナリオ名: Banユーザログイン]
[ADMIN] 15:35:53.230930 シナリオ走行を開始しました [シナリオ名: Banユーザログイン]
[ADMIN] 15:35:53.230319 シナリオ走行を開始しました [シナリオ名: 新規ユーザー登録]
[ADMIN] 15:35:53.230323 シナリオ走行を開始しました [シナリオ名: 新規ユーザー登録]
[ADMIN] 15:35:53.230328 シナリオ走行を開始しました [シナリオ名: 新規ユーザー登録]
[ADMIN] 15:35:53.230438 シナリオ走行を開始しました [シナリオ名: 新規ユーザー登録]
[ADMIN] 15:35:53.230114 シナリオ走行を開始しました [シナリオ名: 新規ユーザー登録]
[ADMIN] 15:35:53.230218 シナリオ走行を開始しました [シナリオ名: 新規ユーザー登録]
[ADMIN] 15:35:53.244346 シナリオ走行を終了しました [シナリオ名: Banユーザログイン]
[ADMIN] 15:35:53.244360 シナリオ走行を開始しました [シナリオ名: Banユーザログイン]
[ADMIN] 15:35:53.260014 シナリオ走行を終了しました [シナリオ名: Banユーザログイン]
[ADMIN] 15:35:53.260037 シナリオ走行を開始しました [シナリオ名: Banユーザログイン]
[ADMIN] 15:35:53.265955 シナリオ走行を終了しました [シナリオ名: ログイン]
[ADMIN] 15:35:53.265969 シナリオ走行を開始しました [シナリオ名: ログイン]
[ADMIN] 15:35:53.291786 シナリオ走行を終了しました [シナリオ名: 新規ユーザー登録]
[ADMIN] 15:35:53.291810 シナリオ走行を開始しました [シナリオ名: 新規ユーザー登録]
[ADMIN] 15:35:53.294460 シナリオ走行を終了しました [シナリオ名: 新規ユーザー登録]
[ADMIN] 15:35:53.325638 シナリオ走行を終了しました [シナリオ名: Banユーザログイン]
[ADMIN] 15:35:53.325666 シナリオ走行を開始しました [シナリオ名: Banユーザログイン]
[ADMIN] 15:35:53.334450 シナリオ走行を終了しました [シナリオ名: ログイン]
[ADMIN] 15:35:53.334462 シナリオ走行を開始しました [シナリオ名: ログイン]
[ADMIN] 15:35:53.334926 シナリオ走行を終了しました [シナリオ名: ログイン]
[ADMIN] 15:35:53.334943 シナリオ走行を開始しました [シナリオ名: ログイン]
[ADMIN] 15:35:53.337378 シナリオ走行を終了しました [シナリオ名: Banユーザログイン]
[ADMIN] 15:35:53.337396 シナリオ走行を開始しました [シナリオ名: Banユーザログイン]
[ADMIN] 15:35:53.405413 シナリオ走行を終了しました [シナリオ名: ログイン]
[ADMIN] 15:35:53.405426 シナリオ走行を開始しました [シナリオ名: ログイン]
[ADMIN] 15:35:53.436815 シナリオ走行を終了しました [シナリオ名: ログイン]
[ADMIN] 15:35:53.436829 シナリオ走行を開始しました [シナリオ名: ログイン]
[ADMIN] 15:35:53.446974 シナリオ走行を終了しました [シナリオ名: 新規ユーザー登録]
[ADMIN] 15:35:53.446997 シナリオ走行を開始しました [シナリオ名: 新規ユーザー登録]
[ADMIN] 15:35:53.447029 シナリオ走行を開始しました [シナリオ名: 新規ユーザー登録]
[ADMIN] 15:35:53.470197 シナリオ走行を終了しました [シナリオ名: ログイン]
[ADMIN] 15:35:53.470211 シナリオ走行を開始しました [シナリオ名: ログイン]
[ADMIN] 15:35:53.489017 シナリオ走行を終了しました [シナリオ名: Banユーザログイン]
[ADMIN] 15:35:53.489037 シナリオ走行を開始しました [シナリオ名: Banユーザログイン]
[ADMIN] 15:35:53.546818 シナリオ走行を終了しました [シナリオ名: ログイン]
[ADMIN] 15:35:53.546837 シナリオ走行を開始しました [シナリオ名: ログイン]
[ADMIN] 15:35:53.579133 シナリオ走行を終了しました [シナリオ名: 新規ユーザー登録]
[ADMIN] 15:35:53.579162 シナリオ走行を開始しました [シナリオ名: 新規ユーザー登録]
[ADMIN] 15:35:53.593706 シナリオ走行を終了しました [シナリオ名: ログイン]
[ADMIN] 15:35:53.593715 シナリオ走行を開始しました [シナリオ名: ログイン]
[ADMIN] 15:35:53.598078 シナリオ走行を終了しました [シナリオ名: 新規ユーザー登録]
[ADMIN] 15:35:53.598097 シナリオ走行を開始しました [シナリオ名: 新規ユーザー登録]
[ADMIN] 15:35:53.601776 シナリオ走行を終了しました [シナリオ名: ログイン]
[ADMIN] 15:35:53.601784 シナリオ走行を開始しました [シナリオ名: ログイン]
[ADMIN] 15:35:53.620938 シナリオ走行を終了しました [シナリオ名: ログイン]
[ADMIN] 15:35:53.620948 シナリオ走行を開始しました [シナリオ名: ログイン]
[ADMIN] 15:35:53.632740 シナリオ走行を終了しました [シナリオ名: Banユーザログイン]
[ADMIN] 15:35:53.632753 シナリオ走行を開始しました [シナリオ名: Banユーザログイン]
[ADMIN] 15:35:53.655072 シナリオ走行を終了しました [シナリオ名: ログイン]
[ADMIN] 15:35:53.655085 シナリオ走行を開始しました [シナリオ名: ログイン]
[ADMIN] 15:35:53.690256 シナリオ走行を終了しました [シナリオ名: 新規ユーザー登録]
[ADMIN] 15:35:53.695726 シナリオ走行を終了しました [シナリオ名: ログイン]
[ADMIN] 15:35:53.695744 シナリオ走行を開始しました [シナリオ名: ログイン]
[ADMIN] 15:35:53.736733 シナリオ走行を終了しました [シナリオ名: Banユーザログイン]
[ADMIN] 15:35:53.736750 シナリオ走行を開始しました [シナリオ名: Banユーザログイン]
[ADMIN] 15:35:53.746391 シナリオ走行を終了しました [シナリオ名: Banユーザログイン]
[ADMIN] 15:35:53.746404 シナリオ走行を開始しました [シナリオ名: Banユーザログイン]
[ADMIN] 15:35:53.749519 シナリオ走行を終了しました [シナリオ名: Banユーザログイン]
[ADMIN] 15:35:53.749531 シナリオ走行を開始しました [シナリオ名: Banユーザログイン]
[ADMIN] 15:35:53.754725 シナリオ走行を終了しました [シナリオ名: 新規ユーザー登録]
[ADMIN] 15:35:53.754748 シナリオ走行を開始しました [シナリオ名: 新規ユーザー登録]
[ADMIN] 15:35:53.754750 シナリオ走行を開始しました [シナリオ名: 新規ユーザー登録]
[ADMIN] 15:35:53.800597 シナリオ走行を終了しました [シナリオ名: Banユーザログイン]
[ADMIN] 15:35:53.800614 シナリオ走行を開始しました [シナリオ名: Banユーザログイン]
[ADMIN] 15:35:53.818901 シナリオ走行を終了しました [シナリオ名: Banユーザログイン]
[ADMIN] 15:35:53.818914 シナリオ走行を開始しました [シナリオ名: Banユーザログイン]
[ADMIN] 15:35:53.825365 シナリオ走行を終了しました [シナリオ名: ログイン]
[ADMIN] 15:35:53.825375 シナリオ走行を開始しました [シナリオ名: ログイン]
[ADMIN] 15:35:53.830989 シナリオ走行を終了しました [シナリオ名: ログイン]
[ADMIN] 15:35:53.830999 シナリオ走行を開始しました [シナリオ名: ログイン]
[ADMIN] 15:35:53.895883 シナリオ走行を終了しました [シナリオ名: ログイン]
[ADMIN] 15:35:53.895893 シナリオ走行を開始しました [シナリオ名: ログイン]
[ADMIN] 15:35:53.916090 シナリオ走行を終了しました [シナリオ名: Banユーザログイン]
[ADMIN] 15:35:53.916106 シナリオ走行を開始しました [シナリオ名: Banユーザログイン]
[ADMIN] 15:35:53.933191 シナリオ走行を終了しました [シナリオ名: ログイン]
[ADMIN] 15:35:53.933204 シナリオ走行を開始しました [シナリオ名: ログイン]
[ADMIN] 15:35:53.942845 シナリオ走行を終了しました [シナリオ名: ログイン]
[ADMIN] 15:35:53.942857 シナリオ走行を開始しました [シナリオ名: ログイン]
[ADMIN] 15:35:53.946681 シナリオ走行を終了しました [シナリオ名: 新規ユーザー登録]
[ADMIN] 15:35:53.946700 シナリオ走行を開始しました [シナリオ名: 新規ユーザー登録]
[ADMIN] 15:35:53.959560 シナリオ走行を終了しました [シナリオ名: Banユーザログイン]
[ADMIN] 15:35:53.959574 シナリオ走行を開始しました [シナリオ名: Banユーザログイン]
[ADMIN] 15:35:53.962019 シナリオ走行を終了しました [シナリオ名: 新規ユーザー登録]
[ADMIN] 15:35:53.962036 シナリオ走行を開始しました [シナリオ名: 新規ユーザー登録]
[ADMIN] 15:35:53.966809 シナリオ走行を終了しました [シナリオ名: 新規ユーザー登録]
[ADMIN] 15:35:53.987441 シナリオ走行を終了しました [シナリオ名: ログイン]
[ADMIN] 15:35:53.987453 シナリオ走行を開始しました [シナリオ名: ログイン]
[ADMIN] 15:35:54.005473 シナリオ走行を終了しました [シナリオ名: ログイン]
[ADMIN] 15:35:54.005484 シナリオ走行を開始しました [シナリオ名: ログイン]
[ADMIN] 15:35:54.013914 シナリオ走行を終了しました [シナリオ名: Banユーザログイン]
[ADMIN] 15:35:54.013933 シナリオ走行を開始しました [シナリオ名: Banユーザログイン]
[ADMIN] 15:35:54.014990 シナリオ走行を終了しました [シナリオ名: ログイン]
[ADMIN] 15:35:54.014999 シナリオ走行を開始しました [シナリオ名: ログイン]
[ADMIN] 15:35:54.019139 シナリオ走行を終了しました [シナリオ名: ログイン]
[ADMIN] 15:35:54.019149 シナリオ走行を開始しました [シナリオ名: ログイン]
[ADMIN] 15:35:54.036441 シナリオ走行を終了しました [シナリオ名: ログイン]
[ADMIN] 15:35:54.036451 シナリオ走行を開始しました [シナリオ名: ログイン]
[ADMIN] 15:35:54.038150 シナリオ走行を終了しました [シナリオ名: 新規ユーザー登録]
[ADMIN] 15:35:54.038169 シナリオ走行を開始しました [シナリオ名: 新規ユーザー登録]
[ADMIN] 15:35:54.038169 シナリオ走行を開始しました [シナリオ名: 新規ユーザー登録]
[ADMIN] 15:35:54.052831 シナリオ走行を終了しました [シナリオ名: ログイン]
[ADMIN] 15:35:54.052840 シナリオ走行を開始しました [シナリオ名: ログイン]
[ADMIN] 15:35:54.059247 シナリオ走行を終了しました [シナリオ名: ログイン]
[ADMIN] 15:35:54.059256 シナリオ走行を開始しました [シナリオ名: ログイン]
[ADMIN] 15:35:54.075087 シナリオ走行を終了しました [シナリオ名: ログイン]
[ADMIN] 15:35:54.075095 シナリオ走行を開始しました [シナリオ名: ログイン]
[ADMIN] 15:35:54.088848 シナリオ走行を終了しました [シナリオ名: Banユーザログイン]
[ADMIN] 15:35:54.088868 シナリオ走行を開始しました [シナリオ名: Banユーザログイン]
[ADMIN] 15:35:54.107777 シナリオ走行を終了しました [シナリオ名: Banユーザログイン]
[ADMIN] 15:35:54.107803 シナリオ走行を開始しました [シナリオ名: Banユーザログイン]
[ADMIN] 15:35:54.112274 シナリオ走行を終了しました [シナリオ名: ログイン]
[ADMIN] 15:35:54.112285 シナリオ走行を開始しました [シナリオ名: ログイン]
[ADMIN] 15:35:54.123937 シナリオ走行を終了しました [シナリオ名: 新規ユーザー登録]
[ADMIN] 15:35:54.123956 シナリオ走行を開始しました [シナリオ名: 新規ユーザー登録]
[ADMIN] 15:35:54.126761 シナリオ走行を終了しました [シナリオ名: ログイン]
[ADMIN] 15:35:54.126772 シナリオ走行を開始しました [シナリオ名: ログイン]
[ADMIN] 15:35:54.153006 シナリオ走行を終了しました [シナリオ名: 新規ユーザー登録]
[ADMIN] 15:35:54.153031 シナリオ走行を開始しました [シナリオ名: 新規ユーザー登録]
[ADMIN] 15:35:54.153371 シナリオ走行を終了しました [シナリオ名: ログイン]
[ADMIN] 15:35:54.153382 シナリオ走行を開始しました [シナリオ名: ログイン]
[ADMIN] 15:35:54.159333 シナリオ走行を終了しました [シナリオ名: ログイン]
[ADMIN] 15:35:54.159343 シナリオ走行を開始しました [シナリオ名: ログイン]
[ADMIN] 15:35:54.186681 シナリオ走行を終了しました [シナリオ名: ログイン]
[ADMIN] 15:35:54.186695 シナリオ走行を開始しました [シナリオ名: ログイン]
[ADMIN] 15:35:54.193791 シナリオ走行を終了しました [シナリオ名: ログイン]
[ADMIN] 15:35:54.193804 シナリオ走行を開始しました [シナリオ名: ログイン]
[ADMIN] 15:35:54.199328 シナリオ走行を終了しました [シナリオ名: 新規ユーザー登録]
[ADMIN] 15:35:54.199349 シナリオ走行を開始しました [シナリオ名: 新規ユーザー登録]
[ADMIN] 15:35:54.203093 シナリオ走行を終了しました [シナリオ名: 新規ユーザー登録]
[ADMIN] 15:35:54.203107 シナリオ走行を開始しました [シナリオ名: 新規ユーザー登録]
[ADMIN] 15:35:54.203748 シナリオ走行を終了しました [シナリオ名: ログイン]
[ADMIN] 15:35:54.203757 シナリオ走行を開始しました [シナリオ名: ログイン]
[ADMIN] 15:35:54.207722 シナリオ走行を終了しました [シナリオ名: 新規ユーザー登録]
[ADMIN] 15:35:54.207744 シナリオ走行を開始しました [シナリオ名: 新規ユーザー登録]
[ADMIN] 15:35:54.213372 シナリオ走行を終了しました [シナリオ名: ログイン]
[ADMIN] 15:35:54.213381 シナリオ走行を開始しました [シナリオ名: ログイン]
[ADMIN] 15:35:54.217788 シナリオ走行を終了しました [シナリオ名: ログイン]
[ADMIN] 15:35:54.217799 シナリオ走行を開始しました [シナリオ名: ログイン]
[ADMIN] 15:35:54.223595 シナリオ走行を終了しました [シナリオ名: ログイン]
[ADMIN] 15:35:54.223607 シナリオ走行を開始しました [シナリオ名: ログイン]
[ADMIN] 15:35:54.235419 シナリオ走行を終了しました [シナリオ名: ログイン]
[ADMIN] 15:35:54.235427 シナリオ走行を開始しました [シナリオ名: ログイン]
[ADMIN] 15:35:54.243058 シナリオ走行を終了しました [シナリオ名: ログイン]
[ADMIN] 15:35:54.243070 シナリオ走行を開始しました [シナリオ名: ログイン]
[ADMIN] 15:35:54.245177 シナリオ走行を終了しました [シナリオ名: ログイン]
[ADMIN] 15:35:54.245186 シナリオ走行を開始しました [シナリオ名: ログイン]
[ADMIN] 15:35:54.277735 シナリオ走行を終了しました [シナリオ名: ログイン]
[ADMIN] 15:35:54.277747 シナリオ走行を開始しました [シナリオ名: ログイン]
[ADMIN] 15:35:54.278173 シナリオ走行を終了しました [シナリオ名: ログイン]
[ADMIN] 15:35:54.278182 シナリオ走行を開始しました [シナリオ名: ログイン]
[ADMIN] 15:35:54.286409 シナリオ走行を終了しました [シナリオ名: ログイン]
[ADMIN] 15:35:54.286418 シナリオ走行を開始しました [シナリオ名: ログイン]
[ADMIN] 15:35:54.308289 シナリオ走行を終了しました [シナリオ名: 新規ユーザー登録]
[ADMIN] 15:35:54.308312 シナリオ走行を開始しました [シナリオ名: 新規ユーザー登録]
[ADMIN] 15:35:54.317726 シナリオ走行を終了しました [シナリオ名: ログイン]
[ADMIN] 15:35:54.317736 シナリオ走行を開始しました [シナリオ名: ログイン]
[ADMIN] 15:35:54.320970 シナリオ走行を終了しました [シナリオ名: Banユーザログイン]
[ADMIN] 15:35:54.320984 シナリオ走行を開始しました [シナリオ名: Banユーザログイン]
[ADMIN] 15:35:54.356894 シナリオ走行を終了しました [シナリオ名: ログイン]
[ADMIN] 15:35:54.356905 シナリオ走行を開始しました [シナリオ名: ログイン]
[ADMIN] 15:35:54.364304 シナリオ走行を終了しました [シナリオ名: Banユーザログイン]
[ADMIN] 15:35:54.364322 シナリオ走行を開始しました [シナリオ名: Banユーザログイン]
[ADMIN] 15:35:54.374860 シナリオ走行を終了しました [シナリオ名: ログイン]
[ADMIN] 15:35:54.374873 シナリオ走行を開始しました [シナリオ名: ログイン]
[ADMIN] 15:35:54.376723 シナリオ走行を終了しました [シナリオ名: ログイン]
[ADMIN] 15:35:54.376731 シナリオ走行を開始しました [シナリオ名: ログイン]
[ADMIN] 15:35:54.388153 シナリオ走行を終了しました [シナリオ名: ログイン]
[ADMIN] 15:35:54.388164 シナリオ走行を開始しました [シナリオ名: ログイン]
[ADMIN] 15:35:54.397407 シナリオ走行を終了しました [シナリオ名: ログイン]
[ADMIN] 15:35:54.397419 シナリオ走行を開始しました [シナリオ名: ログイン]
[ADMIN] 15:35:54.415435 シナリオ走行を終了しました [シナリオ名: ログイン]
[ADMIN] 15:35:54.415449 シナリオ走行を開始しました [シナリオ名: ログイン]
[ADMIN] 15:35:54.415623 シナリオ走行を終了しました [シナリオ名: ログイン]
[ADMIN] 15:35:54.415634 シナリオ走行を開始しました [シナリオ名: ログイン]
[ADMIN] 15:35:54.422091 シナリオ走行を終了しました [シナリオ名: Banユーザログイン]
[ADMIN] 15:35:54.422107 シナリオ走行を開始しました [シナリオ名: Banユーザログイン]
[ADMIN] 15:35:54.423777 シナリオ走行を終了しました [シナリオ名: Banユーザログイン]
[ADMIN] 15:35:54.423790 シナリオ走行を開始しました [シナリオ名: Banユーザログイン]
[ADMIN] 15:35:54.425153 シナリオ走行を終了しました [シナリオ名: Banユーザログイン]
[ADMIN] 15:35:54.425167 シナリオ走行を開始しました [シナリオ名: Banユーザログイン]
[ADMIN] 15:35:54.456272 シナリオ走行を終了しました [シナリオ名: ログイン]
[ADMIN] 15:35:54.456290 シナリオ走行を開始しました [シナリオ名: ログイン]
[ADMIN] 15:35:54.458868 シナリオ走行を終了しました [シナリオ名: ログイン]
[ADMIN] 15:35:54.458878 シナリオ走行を開始しました [シナリオ名: ログイン]
[ADMIN] 15:35:54.459275 シナリオ走行を終了しました [シナリオ名: ログイン]
[ADMIN] 15:35:54.459284 シナリオ走行を開始しました [シナリオ名: ログイン]
[ADMIN] 15:35:54.460683 シナリオ走行を終了しました [シナリオ名: ログイン]
[ADMIN] 15:35:54.460693 シナリオ走行を開始しました [シナリオ名: ログイン]
[ADMIN] 15:35:54.461142 シナリオ走行を終了しました [シナリオ名: 新規ユーザー登録]
[ADMIN] 15:35:54.461158 シナリオ走行を開始しました [シナリオ名: 新規ユーザー登録]
[ADMIN] 15:35:54.462937 シナリオ走行を終了しました [シナリオ名: ログイン]
[ADMIN] 15:35:54.462946 シナリオ走行を開始しました [シナリオ名: ログイン]
[ADMIN] 15:35:54.465841 シナリオ走行を終了しました [シナリオ名: ログイン]
[ADMIN] 15:35:54.465849 シナリオ走行を開始しました [シナリオ名: ログイン]
[ADMIN] 15:35:54.487204 シナリオ走行を終了しました [シナリオ名: ログイン]
[ADMIN] 15:35:54.487214 シナリオ走行を開始しました [シナリオ名: ログイン]
[ADMIN] 15:35:54.497096 シナリオ走行を終了しました [シナリオ名: ログイン]
[ADMIN] 15:35:54.497104 シナリオ走行を開始しました [シナリオ名: ログイン]
[ADMIN] 15:35:54.513840 シナリオ走行を終了しました [シナリオ名: ログイン]
[ADMIN] 15:35:54.513849 シナリオ走行を開始しました [シナリオ名: ログイン]
[ADMIN] 15:35:54.514056 シナリオ走行を終了しました [シナリオ名: ログイン]
[ADMIN] 15:35:54.514065 シナリオ走行を開始しました [シナリオ名: ログイン]
[ADMIN] 15:35:54.518000 シナリオ走行を終了しました [シナリオ名: ログイン]
[ADMIN] 15:35:54.518012 シナリオ走行を開始しました [シナリオ名: ログイン]
[ADMIN] 15:35:54.522420 シナリオ走行を終了しました [シナリオ名: Banユーザログイン]
[ADMIN] 15:35:54.522433 シナリオ走行を開始しました [シナリオ名: Banユーザログイン]
[ADMIN] 15:35:54.536434 シナリオ走行を終了しました [シナリオ名: Banユーザログイン]
[ADMIN] 15:35:54.536447 シナリオ走行を開始しました [シナリオ名: Banユーザログイン]
[ADMIN] 15:35:54.548522 シナリオ走行を終了しました [シナリオ名: ログイン]
[ADMIN] 15:35:54.548531 シナリオ走行を開始しました [シナリオ名: ログイン]
[ADMIN] 15:35:54.583892 シナリオ走行を終了しました [シナリオ名: Banユーザログイン]
[ADMIN] 15:35:54.583906 シナリオ走行を開始しました [シナリオ名: Banユーザログイン]
[ADMIN] 15:35:54.625558 シナリオ走行を終了しました [シナリオ名: Banユーザログイン]
[ADMIN] 15:35:54.625571 シナリオ走行を開始しました [シナリオ名: Banユーザログイン]
[ADMIN] 15:35:54.632399 シナリオ走行を終了しました [シナリオ名: Banユーザログイン]
[ADMIN] 15:35:54.632413 シナリオ走行を開始しました [シナリオ名: Banユーザログイン]
[ADMIN] 15:35:54.641913 シナリオ走行を終了しました [シナリオ名: Banユーザログイン]
[ADMIN] 15:35:54.641926 シナリオ走行を開始しました [シナリオ名: Banユーザログイン]
[ADMIN] 15:35:54.765061 シナリオ走行を終了しました [シナリオ名: 新規ユーザー登録]
[ADMIN] 15:35:54.765085 シナリオ走行を開始しました [シナリオ名: 新規ユーザー登録]
[ADMIN] 15:35:54.790544 シナリオ走行を終了しました [シナリオ名: ログイン]
[ADMIN] 15:35:54.790557 シナリオ走行を開始しました [シナリオ名: ログイン]
[ADMIN] 15:35:54.826849 シナリオ走行を終了しました [シナリオ名: ログイン]
[ADMIN] 15:35:54.826866 シナリオ走行を開始しました [シナリオ名: ログイン]
[ADMIN] 15:35:54.839762 シナリオ走行を終了しました [シナリオ名: ログイン]
[ADMIN] 15:35:54.839776 シナリオ走行を開始しました [シナリオ名: ログイン]
[ADMIN] 15:35:54.877336 シナリオ走行を終了しました [シナリオ名: Banユーザログイン]
[ADMIN] 15:35:54.877358 シナリオ走行を開始しました [シナリオ名: Banユーザログイン]
[ADMIN] 15:35:54.895286 シナリオ走行を終了しました [シナリオ名: ログイン]
[ADMIN] 15:35:54.895300 シナリオ走行を開始しました [シナリオ名: ログイン]
[ADMIN] 15:35:54.958119 シナリオ走行を終了しました [シナリオ名: Banユーザログイン]
[ADMIN] 15:35:54.958136 シナリオ走行を開始しました [シナリオ名: Banユーザログイン]
[ADMIN] 15:35:54.962329 シナリオ走行を終了しました [シナリオ名: Banユーザログイン]
[ADMIN] 15:35:54.962346 シナリオ走行を開始しました [シナリオ名: Banユーザログイン]
[ADMIN] 15:35:55.013276 シナリオ走行を終了しました [シナリオ名: ログイン]
[ADMIN] 15:35:55.013289 シナリオ走行を開始しました [シナリオ名: ログイン]
[ADMIN] 15:35:55.052010 シナリオ走行を終了しました [シナリオ名: Banユーザログイン]
[ADMIN] 15:35:55.052037 シナリオ走行を開始しました [シナリオ名: Banユーザログイン]
[ADMIN] 15:35:55.058267 シナリオ走行を終了しました [シナリオ名: ログイン]
[ADMIN] 15:35:55.058280 シナリオ走行を開始しました [シナリオ名: ログイン]
[ADMIN] 15:35:55.076584 シナリオ走行を終了しました [シナリオ名: ログイン]
[ADMIN] 15:35:55.076598 シナリオ走行を開始しました [シナリオ名: ログイン]
[ADMIN] 15:35:55.123110 シナリオ走行を終了しました [シナリオ名: ログイン]
[ADMIN] 15:35:55.123126 シナリオ走行を開始しました [シナリオ名: ログイン]
[ADMIN] 15:35:55.180775 シナリオ走行を終了しました [シナリオ名: Banユーザログイン]
[ADMIN] 15:35:55.180790 シナリオ走行を開始しました [シナリオ名: Banユーザログイン]
[ADMIN] 15:35:55.188712 シナリオ走行を終了しました [シナリオ名: Banユーザログイン]
[ADMIN] 15:35:55.188730 シナリオ走行を開始しました [シナリオ名: Banユーザログイン]
[ADMIN] 15:35:55.216460 シナリオ走行を終了しました [シナリオ名: Banユーザログイン]
[ADMIN] 15:35:55.216474 シナリオ走行を開始しました [シナリオ名: Banユーザログイン]
[ADMIN] 15:35:55.248768 シナリオ走行を終了しました [シナリオ名: Banユーザログイン]
[ADMIN] 15:35:55.248785 シナリオ走行を開始しました [シナリオ名: Banユーザログイン]
[ADMIN] 15:35:55.255787 シナリオ走行を終了しました [シナリオ名: Banユーザログイン]
[ADMIN] 15:35:55.255800 シナリオ走行を開始しました [シナリオ名: Banユーザログイン]
[ADMIN] 15:35:55.266950 シナリオ走行を終了しました [シナリオ名: ログイン]
[ADMIN] 15:35:55.266961 シナリオ走行を開始しました [シナリオ名: ログイン]
[ADMIN] 15:35:55.346713 シナリオ走行を終了しました [シナリオ名: Banユーザログイン]
[ADMIN] 15:35:55.346729 シナリオ走行を開始しました [シナリオ名: Banユーザログイン]
[ADMIN] 15:35:55.362147 シナリオ走行を終了しました [シナリオ名: Banユーザログイン]
[ADMIN] 15:35:55.362167 シナリオ走行を開始しました [シナリオ名: Banユーザログイン]
[ADMIN] 15:35:55.368733 シナリオ走行を終了しました [シナリオ名: ログイン]
[ADMIN] 15:35:55.368745 シナリオ走行を開始しました [シナリオ名: ログイン]
[ADMIN] 15:35:55.509119 シナリオ走行を終了しました [シナリオ名: ログイン]
[ADMIN] 15:35:55.509136 シナリオ走行を開始しました [シナリオ名: ログイン]
[ADMIN] 15:35:55.562193 シナリオ走行を終了しました [シナリオ名: Banユーザログイン]
[ADMIN] 15:35:55.562209 シナリオ走行を開始しました [シナリオ名: Banユーザログイン]
[ADMIN] 15:35:55.563625 シナリオ走行を終了しました [シナリオ名: Banユーザログイン]
[ADMIN] 15:35:55.563639 シナリオ走行を開始しました [シナリオ名: Banユーザログイン]
[ADMIN] 15:35:55.592133 シナリオ走行を終了しました [シナリオ名: Banユーザログイン]
[ADMIN] 15:35:55.592150 シナリオ走行を開始しました [シナリオ名: Banユーザログイン]
[ADMIN] 15:35:55.635699 シナリオ走行を終了しました [シナリオ名: Banユーザログイン]
[ADMIN] 15:35:55.635716 シナリオ走行を開始しました [シナリオ名: Banユーザログイン]
[ADMIN] 15:35:55.663277 シナリオ走行を終了しました [シナリオ名: ログイン]
[ADMIN] 15:35:55.663294 シナリオ走行を開始しました [シナリオ名: ログイン]
[ADMIN] 15:35:55.679405 シナリオ走行を終了しました [シナリオ名: ログイン]
[ADMIN] 15:35:55.679417 シナリオ走行を開始しました [シナリオ名: ログイン]
[ADMIN] 15:35:55.715622 シナリオ走行を終了しました [シナリオ名: ログイン]
[ADMIN] 15:35:55.715635 シナリオ走行を開始しました [シナリオ名: ログイン]
[ADMIN] 15:35:55.785262 シナリオ走行を終了しました [シナリオ名: Banユーザログイン]
[ADMIN] 15:35:55.785285 シナリオ走行を開始しました [シナリオ名: Banユーザログイン]
[ADMIN] 15:35:55.824630 シナリオ走行を終了しました [シナリオ名: Banユーザログイン]
[ADMIN] 15:35:55.824650 シナリオ走行を開始しました [シナリオ名: Banユーザログイン]
[ADMIN] 15:35:55.834767 シナリオ走行を終了しました [シナリオ名: Banユーザログイン]
[ADMIN] 15:35:55.834785 シナリオ走行を開始しました [シナリオ名: Banユーザログイン]
[ADMIN] 15:35:55.875186 シナリオ走行を終了しました [シナリオ名: Banユーザログイン]
[ADMIN] 15:35:55.875200 シナリオ走行を開始しました [シナリオ名: Banユーザログイン]
[ADMIN] 15:35:55.875205 シナリオ走行を終了しました [シナリオ名: Banユーザログイン]
[ADMIN] 15:35:55.875220 シナリオ走行を開始しました [シナリオ名: Banユーザログイン]
[ADMIN] 15:35:55.895753 シナリオ走行を終了しました [シナリオ名: ログイン]
[ADMIN] 15:35:55.895766 シナリオ走行を開始しました [シナリオ名: ログイン]
[ADMIN] 15:35:55.941317 シナリオ走行を終了しました [シナリオ名: Banユーザログイン]
[ADMIN] 15:35:55.941338 シナリオ走行を開始しました [シナリオ名: Banユーザログイン]
[ADMIN] 15:35:55.985099 シナリオ走行を終了しました [シナリオ名: ログイン]
[ADMIN] 15:35:55.985111 シナリオ走行を開始しました [シナリオ名: ログイン]
[ADMIN] 15:35:55.985641 シナリオ走行を終了しました [シナリオ名: ログイン]
[ADMIN] 15:35:55.985651 シナリオ走行を開始しました [シナリオ名: ログイン]
[ADMIN] 15:35:55.999765 シナリオ走行を終了しました [シナリオ名: Banユーザログイン]
[ADMIN] 15:35:55.999783 シナリオ走行を開始しました [シナリオ名: Banユーザログイン]
[ADMIN] 15:35:56.006007 シナリオ走行を終了しました [シナリオ名: ログイン]
[ADMIN] 15:35:56.006018 シナリオ走行を開始しました [シナリオ名: ログイン]
[ADMIN] 15:35:56.086561 シナリオ走行を終了しました [シナリオ名: Banユーザログイン]
[ADMIN] 15:35:56.086580 シナリオ走行を開始しました [シナリオ名: Banユーザログイン]
[ADMIN] 15:35:56.163304 シナリオ走行を終了しました [シナリオ名: Banユーザログイン]
[ADMIN] 15:35:56.163329 シナリオ走行を開始しました [シナリオ名: Banユーザログイン]
[ADMIN] 15:35:56.192886 シナリオ走行を終了しました [シナリオ名: ログイン]
[ADMIN] 15:35:56.192902 シナリオ走行を開始しました [シナリオ名: ログイン]
[ADMIN] 15:35:56.203383 シナリオ走行を終了しました [シナリオ名: Banユーザログイン]
[ADMIN] 15:35:56.203403 シナリオ走行を開始しました [シナリオ名: Banユーザログイン]
[ADMIN] 15:35:56.235543 シナリオ走行を終了しました [シナリオ名: Banユーザログイン]
[ADMIN] 15:35:56.235564 シナリオ走行を開始しました [シナリオ名: Banユーザログイン]
[ADMIN] 15:35:56.239739 シナリオ走行を終了しました [シナリオ名: ログイン]
[ADMIN] 15:35:56.239753 シナリオ走行を開始しました [シナリオ名: ログイン]
[ADMIN] 15:35:56.240180 シナリオ走行を終了しました [シナリオ名: ログイン]
[ADMIN] 15:35:56.240190 シナリオ走行を開始しました [シナリオ名: ログイン]
[ADMIN] 15:35:56.259459 シナリオ走行を終了しました [シナリオ名: ログイン]
[ADMIN] 15:35:56.259472 シナリオ走行を開始しました [シナリオ名: ログイン]
[ADMIN] 15:35:56.264080 シナリオ走行を終了しました [シナリオ名: ログイン]
[ADMIN] 15:35:56.264091 シナリオ走行を開始しました [シナリオ名: ログイン]
[ADMIN] 15:35:56.267167 シナリオ走行を終了しました [シナリオ名: ログイン]
[ADMIN] 15:35:56.267176 シナリオ走行を開始しました [シナリオ名: ログイン]
[ADMIN] 15:35:56.284053 シナリオ走行を終了しました [シナリオ名: ログイン]
[ADMIN] 15:35:56.284065 シナリオ走行を開始しました [シナリオ名: ログイン]
[ADMIN] 15:35:56.304560 シナリオ走行を終了しました [シナリオ名: ログイン]
[ADMIN] 15:35:56.304569 シナリオ走行を開始しました [シナリオ名: ログイン]
[ADMIN] 15:35:56.319446 シナリオ走行を終了しました [シナリオ名: ログイン]
[ADMIN] 15:35:56.319456 シナリオ走行を開始しました [シナリオ名: ログイン]
[ADMIN] 15:35:56.363514 シナリオ走行を終了しました [シナリオ名: Banユーザログイン]
[ADMIN] 15:35:56.363545 シナリオ走行を開始しました [シナリオ名: Banユーザログイン]
[ADMIN] 15:35:56.379579 シナリオ走行を終了しました [シナリオ名: 新規ユーザー登録]
[ADMIN] 15:35:56.379603 シナリオ走行を開始しました [シナリオ名: 新規ユーザー登録]
[ADMIN] 15:35:56.399214 シナリオ走行を終了しました [シナリオ名: ログイン]
[ADMIN] 15:35:56.399228 シナリオ走行を開始しました [シナリオ名: ログイン]
[ADMIN] 15:35:56.399239 シナリオ走行を終了しました [シナリオ名: ログイン]
[ADMIN] 15:35:56.399247 シナリオ走行を開始しました [シナリオ名: ログイン]
[ADMIN] 15:35:56.433054 シナリオ走行を終了しました [シナリオ名: ログイン]
[ADMIN] 15:35:56.433066 シナリオ走行を開始しました [シナリオ名: ログイン]
[ADMIN] 15:35:56.440992 シナリオ走行を終了しました [シナリオ名: Banユーザログイン]
[ADMIN] 15:35:56.441008 シナリオ走行を開始しました [シナリオ名: Banユーザログイン]
[ADMIN] 15:35:56.448091 シナリオ走行を終了しました [シナリオ名: ログイン]
[ADMIN] 15:35:56.448104 シナリオ走行を開始しました [シナリオ名: ログイン]
[ADMIN] 15:35:56.462858 シナリオ走行を終了しました [シナリオ名: ログイン]
[ADMIN] 15:35:56.462869 シナリオ走行を開始しました [シナリオ名: ログイン]
[ADMIN] 15:35:56.490712 シナリオ走行を終了しました [シナリオ名: Banユーザログイン]
[ADMIN] 15:35:56.490735 シナリオ走行を開始しました [シナリオ名: Banユーザログイン]
[ADMIN] 15:35:56.533594 シナリオ走行を終了しました [シナリオ名: Banユーザログイン]
[ADMIN] 15:35:56.533611 シナリオ走行を開始しました [シナリオ名: Banユーザログイン]
[ADMIN] 15:35:56.544641 シナリオ走行を終了しました [シナリオ名: Banユーザログイン]
[ADMIN] 15:35:56.544657 シナリオ走行を開始しました [シナリオ名: Banユーザログイン]
[ADMIN] 15:35:56.549763 シナリオ走行を終了しました [シナリオ名: ログイン]
[ADMIN] 15:35:56.549772 シナリオ走行を開始しました [シナリオ名: ログイン]
[ADMIN] 15:35:56.572051 シナリオ走行を終了しました [シナリオ名: ログイン]
[ADMIN] 15:35:56.572066 シナリオ走行を開始しました [シナリオ名: ログイン]
[ADMIN] 15:35:56.579373 シナリオ走行を終了しました [シナリオ名: ログイン]
[ADMIN] 15:35:56.579388 シナリオ走行を開始しました [シナリオ名: ログイン]
[ADMIN] 15:35:56.595188 シナリオ走行を終了しました [シナリオ名: Banユーザログイン]
[ADMIN] 15:35:56.595212 シナリオ走行を開始しました [シナリオ名: Banユーザログイン]
[ADMIN] 15:35:56.598387 シナリオ走行を終了しました [シナリオ名: ログイン]
[ADMIN] 15:35:56.598395 シナリオ走行を開始しました [シナリオ名: ログイン]
[ADMIN] 15:35:56.600259 シナリオ走行を終了しました [シナリオ名: ログイン]
[ADMIN] 15:35:56.600270 シナリオ走行を開始しました [シナリオ名: ログイン]
[ADMIN] 15:35:56.630235 シナリオ走行を終了しました [シナリオ名: ログイン]
[ADMIN] 15:35:56.630248 シナリオ走行を開始しました [シナリオ名: ログイン]
[ADMIN] 15:35:56.640115 シナリオ走行を終了しました [シナリオ名: 新規ユーザー登録]
[ADMIN] 15:35:56.640142 シナリオ走行を開始しました [シナリオ名: 新規ユーザー登録]
[ADMIN] 15:35:56.642580 シナリオ走行を終了しました [シナリオ名: Banユーザログイン]
[ADMIN] 15:35:56.642596 シナリオ走行を開始しました [シナリオ名: Banユーザログイン]
[ADMIN] 15:35:56.643797 シナリオ走行を終了しました [シナリオ名: 新規ユーザー登録]
[ADMIN] 15:35:56.643817 シナリオ走行を開始しました [シナリオ名: 新規ユーザー登録]
[ADMIN] 15:35:56.644162 シナリオ走行を終了しました [シナリオ名: ログイン]
[ADMIN] 15:35:56.644173 シナリオ走行を開始しました [シナリオ名: ログイン]
[ADMIN] 15:35:56.678997 シナリオ走行を終了しました [シナリオ名: ログイン]
[ADMIN] 15:35:56.679012 シナリオ走行を開始しました [シナリオ名: ログイン]
[ADMIN] 15:35:56.688845 シナリオ走行を終了しました [シナリオ名: ログイン]
[ADMIN] 15:35:56.688855 シナリオ走行を開始しました [シナリオ名: ログイン]
[ADMIN] 15:35:56.702876 シナリオ走行を終了しました [シナリオ名: ログイン]
[ADMIN] 15:35:56.702884 シナリオ走行を開始しました [シナリオ名: ログイン]
[ADMIN] 15:35:56.728313 シナリオ走行を終了しました [シナリオ名: ログイン]
[ADMIN] 15:35:56.728323 シナリオ走行を開始しました [シナリオ名: ログイン]
[ADMIN] 15:35:56.730764 シナリオ走行を終了しました [シナリオ名: Banユーザログイン]
[ADMIN] 15:35:56.730777 シナリオ走行を開始しました [シナリオ名: Banユーザログイン]
[ADMIN] 15:35:56.738314 シナリオ走行を終了しました [シナリオ名: ログイン]
[ADMIN] 15:35:56.738325 シナリオ走行を開始しました [シナリオ名: ログイン]
[ADMIN] 15:35:56.746528 シナリオ走行を終了しました [シナリオ名: ログイン]
[ADMIN] 15:35:56.746536 シナリオ走行を開始しました [シナリオ名: ログイン]
[ADMIN] 15:35:56.749860 シナリオ走行を終了しました [シナリオ名: ログイン]
[ADMIN] 15:35:56.749870 シナリオ走行を開始しました [シナリオ名: ログイン]
[ADMIN] 15:35:56.751341 シナリオ走行を終了しました [シナリオ名: ログイン]
[ADMIN] 15:35:56.751350 シナリオ走行を開始しました [シナリオ名: ログイン]
[ADMIN] 15:35:56.763854 シナリオ走行を終了しました [シナリオ名: Banユーザログイン]
[ADMIN] 15:35:56.763873 シナリオ走行を開始しました [シナリオ名: Banユーザログイン]
[ADMIN] 15:35:56.765043 シナリオ走行を終了しました [シナリオ名: Banユーザログイン]
[ADMIN] 15:35:56.765058 シナリオ走行を開始しました [シナリオ名: Banユーザログイン]
[ADMIN] 15:35:56.771761 シナリオ走行を終了しました [シナリオ名: Banユーザログイン]
[ADMIN] 15:35:56.771776 シナリオ走行を開始しました [シナリオ名: Banユーザログイン]
[ADMIN] 15:35:56.782245 シナリオ走行を終了しました [シナリオ名: ログイン]
[ADMIN] 15:35:56.782254 シナリオ走行を開始しました [シナリオ名: ログイン]
[ADMIN] 15:35:56.804130 シナリオ走行を終了しました [シナリオ名: ログイン]
[ADMIN] 15:35:56.804140 シナリオ走行を開始しました [シナリオ名: ログイン]
[ADMIN] 15:35:56.879799 シナリオ走行を終了しました [シナリオ名: ログイン]
[ADMIN] 15:35:56.879811 シナリオ走行を開始しました [シナリオ名: ログイン]
[ADMIN] 15:35:56.917266 シナリオ走行を終了しました [シナリオ名: Banユーザログイン]
[ADMIN] 15:35:56.917284 シナリオ走行を開始しました [シナリオ名: Banユーザログイン]
[ADMIN] 15:35:56.935245 シナリオ走行を終了しました [シナリオ名: 新規ユーザー登録]
[ADMIN] 15:35:56.935264 シナリオ走行を開始しました [シナリオ名: 新規ユーザー登録]
[ADMIN] 15:35:56.935617 シナリオ走行を終了しました [シナリオ名: ログイン]
[ADMIN] 15:35:56.935627 シナリオ走行を開始しました [シナリオ名: ログイン]
[ADMIN] 15:35:56.941855 シナリオ走行を終了しました [シナリオ名: ログイン]
[ADMIN] 15:35:56.941865 シナリオ走行を開始しました [シナリオ名: ログイン]
[ADMIN] 15:35:56.944491 シナリオ走行を終了しました [シナリオ名: ログイン]
[ADMIN] 15:35:56.944500 シナリオ走行を開始しました [シナリオ名: ログイン]
[ADMIN] 15:35:56.946150 シナリオ走行を終了しました [シナリオ名: ログイン]
[ADMIN] 15:35:56.946159 シナリオ走行を開始しました [シナリオ名: ログイン]
[ADMIN] 15:35:56.950383 シナリオ走行を終了しました [シナリオ名: 新規ユーザー登録]
[ADMIN] 15:35:56.950401 シナリオ走行を開始しました [シナリオ名: 新規ユーザー登録]
[ADMIN] 15:35:56.953186 シナリオ走行を終了しました [シナリオ名: ログイン]
[ADMIN] 15:35:56.953197 シナリオ走行を開始しました [シナリオ名: ログイン]
[ADMIN] 15:35:56.986082 シナリオ走行を終了しました [シナリオ名: 新規ユーザー登録]
[ADMIN] 15:35:56.986099 シナリオ走行を開始しました [シナリオ名: 新規ユーザー登録]
[ADMIN] 15:35:56.988733 シナリオ走行を終了しました [シナリオ名: 新規ユーザー登録]
[ADMIN] 15:35:56.988753 シナリオ走行を開始しました [シナリオ名: 新規ユーザー登録]
[ADMIN] 15:35:56.993171 シナリオ走行を終了しました [シナリオ名: ログイン]
[ADMIN] 15:35:56.993179 シナリオ走行を開始しました [シナリオ名: ログイン]
[ADMIN] 15:35:57.002277 シナリオ走行を終了しました [シナリオ名: 新規ユーザー登録]
[ADMIN] 15:35:57.002292 シナリオ走行を開始しました [シナリオ名: 新規ユーザー登録]
[ADMIN] 15:35:57.003408 シナリオ走行を終了しました [シナリオ名: 新規ユーザー登録]
[ADMIN] 15:35:57.003423 シナリオ走行を開始しました [シナリオ名: 新規ユーザー登録]
[ADMIN] 15:35:57.006565 シナリオ走行を終了しました [シナリオ名: ログイン]
[ADMIN] 15:35:57.006574 シナリオ走行を開始しました [シナリオ名: ログイン]
[ADMIN] 15:35:57.016342 シナリオ走行を終了しました [シナリオ名: 新規ユーザー登録]
[ADMIN] 15:35:57.016361 シナリオ走行を開始しました [シナリオ名: 新規ユーザー登録]
[ADMIN] 15:35:57.025048 シナリオ走行を終了しました [シナリオ名: ログイン]
[ADMIN] 15:35:57.025058 シナリオ走行を開始しました [シナリオ名: ログイン]
[ADMIN] 15:35:57.079038 シナリオ走行を終了しました [シナリオ名: ログイン]
[ADMIN] 15:35:57.079051 シナリオ走行を開始しました [シナリオ名: ログイン]
[ADMIN] 15:35:57.109046 シナリオ走行を終了しました [シナリオ名: Banユーザログイン]
[ADMIN] 15:35:57.109061 シナリオ走行を開始しました [シナリオ名: Banユーザログイン]
[ADMIN] 15:35:57.112566 シナリオ走行を終了しました [シナリオ名: ログイン]
[ADMIN] 15:35:57.112576 シナリオ走行を開始しました [シナリオ名: ログイン]
[ADMIN] 15:35:57.127058 シナリオ走行を終了しました [シナリオ名: ログイン]
[ADMIN] 15:35:57.127066 シナリオ走行を開始しました [シナリオ名: ログイン]
[ADMIN] 15:35:57.129239 シナリオ走行を終了しました [シナリオ名: 新規ユーザー登録]
[ADMIN] 15:35:57.129262 シナリオ走行を開始しました [シナリオ名: 新規ユーザー登録]
[ADMIN] 15:35:57.134642 シナリオ走行を終了しました [シナリオ名: 新規ユーザー登録]
[ADMIN] 15:35:57.134662 シナリオ走行を開始しました [シナリオ名: 新規ユーザー登録]
[ADMIN] 15:35:57.149095 シナリオ走行を終了しました [シナリオ名: Banユーザログイン]
[ADMIN] 15:35:57.149111 シナリオ走行を開始しました [シナリオ名: Banユーザログイン]
[ADMIN] 15:35:57.158574 シナリオ走行を終了しました [シナリオ名: Banユーザログイン]
[ADMIN] 15:35:57.158586 シナリオ走行を開始しました [シナリオ名: Banユーザログイン]
[ADMIN] 15:35:57.163661 シナリオ走行を終了しました [シナリオ名: ログイン]
[ADMIN] 15:35:57.163670 シナリオ走行を開始しました [シナリオ名: ログイン]
[ADMIN] 15:35:57.166635 シナリオ走行を終了しました [シナリオ名: Banユーザログイン]
[ADMIN] 15:35:57.166650 シナリオ走行を開始しました [シナリオ名: Banユーザログイン]
[ADMIN] 15:35:57.167661 シナリオ走行を終了しました [シナリオ名: ログイン]
[ADMIN] 15:35:57.167671 シナリオ走行を開始しました [シナリオ名: ログイン]
[ADMIN] 15:35:57.172699 シナリオ走行を終了しました [シナリオ名: 新規ユーザー登録]
[ADMIN] 15:35:57.172722 シナリオ走行を開始しました [シナリオ名: 新規ユーザー登録]
[ADMIN] 15:35:57.188916 シナリオ走行を終了しました [シナリオ名: ログイン]
[ADMIN] 15:35:57.188928 シナリオ走行を開始しました [シナリオ名: ログイン]
[ADMIN] 15:35:57.208327 シナリオ走行を終了しました [シナリオ名: 新規ユーザー登録]
[ADMIN] 15:35:57.208346 シナリオ走行を開始しました [シナリオ名: 新規ユーザー登録]
[ADMIN] 15:35:57.219342 シナリオ走行を終了しました [シナリオ名: Banユーザログイン]
[ADMIN] 15:35:57.219358 シナリオ走行を開始しました [シナリオ名: Banユーザログイン]
[ADMIN] 15:35:57.220742 シナリオ走行を終了しました [シナリオ名: Banユーザログイン]
[ADMIN] 15:35:57.220754 シナリオ走行を開始しました [シナリオ名: Banユーザログイン]
[ADMIN] 15:35:57.227445 シナリオ走行を終了しました [シナリオ名: ログイン]
[ADMIN] 15:35:57.227455 シナリオ走行を開始しました [シナリオ名: ログイン]
[ADMIN] 15:35:57.229374 シナリオ走行を終了しました [シナリオ名: 新規ユーザー登録]
[ADMIN] 15:35:57.229392 シナリオ走行を開始しました [シナリオ名: 新規ユーザー登録]
[ADMIN] 15:35:57.240523 シナリオ走行を終了しました [シナリオ名: 新規ユーザー登録]
[ADMIN] 15:35:57.240541 シナリオ走行を開始しました [シナリオ名: 新規ユーザー登録]
[ADMIN] 15:35:57.262024 シナリオ走行を終了しました [シナリオ名: 新規ユーザー登録]
[ADMIN] 15:35:57.262044 シナリオ走行を開始しました [シナリオ名: 新規ユーザー登録]
[ADMIN] 15:35:57.276791 シナリオ走行を終了しました [シナリオ名: ログイン]
[ADMIN] 15:35:57.276805 シナリオ走行を開始しました [シナリオ名: ログイン]
[ADMIN] 15:35:57.284252 シナリオ走行を終了しました [シナリオ名: 新規ユーザー登録]
[ADMIN] 15:35:57.284268 シナリオ走行を開始しました [シナリオ名: 新規ユーザー登録]
[ADMIN] 15:35:57.295231 シナリオ走行を終了しました [シナリオ名: ログイン]
[ADMIN] 15:35:57.295241 シナリオ走行を開始しました [シナリオ名: ログイン]
[ADMIN] 15:35:57.306929 シナリオ走行を終了しました [シナリオ名: ログイン]
[ADMIN] 15:35:57.306940 シナリオ走行を開始しました [シナリオ名: ログイン]
[ADMIN] 15:35:57.307406 シナリオ走行を終了しました [シナリオ名: ログイン]
[ADMIN] 15:35:57.307413 シナリオ走行を開始しました [シナリオ名: ログイン]
[ADMIN] 15:35:57.319608 シナリオ走行を終了しました [シナリオ名: Banユーザログイン]
[ADMIN] 15:35:57.319620 シナリオ走行を開始しました [シナリオ名: Banユーザログイン]
[ADMIN] 15:35:57.339941 シナリオ走行を終了しました [シナリオ名: 新規ユーザー登録]
[ADMIN] 15:35:57.339964 シナリオ走行を開始しました [シナリオ名: 新規ユーザー登録]
[ADMIN] 15:35:57.341740 シナリオ走行を終了しました [シナリオ名: ログイン]
[ADMIN] 15:35:57.341751 シナリオ走行を開始しました [シナリオ名: ログイン]
[ADMIN] 15:35:57.355547 シナリオ走行を終了しました [シナリオ名: Banユーザログイン]
[ADMIN] 15:35:57.355557 シナリオ走行を開始しました [シナリオ名: Banユーザログイン]
[ADMIN] 15:35:57.355656 シナリオ走行を終了しました [シナリオ名: ログイン]
[ADMIN] 15:35:57.355666 シナリオ走行を開始しました [シナリオ名: ログイン]
[ADMIN] 15:35:57.366682 シナリオ走行を終了しました [シナリオ名: Banユーザログイン]
[ADMIN] 15:35:57.366698 シナリオ走行を開始しました [シナリオ名: Banユーザログイン]
[ADMIN] 15:35:57.368097 シナリオ走行を終了しました [シナリオ名: 新規ユーザー登録]
[ADMIN] 15:35:57.368114 シナリオ走行を開始しました [シナリオ名: 新規ユーザー登録]
[ADMIN] 15:35:57.369815 シナリオ走行を終了しました [シナリオ名: 新規ユーザー登録]
[ADMIN] 15:35:57.369832 シナリオ走行を開始しました [シナリオ名: 新規ユーザー登録]
[ADMIN] 15:35:57.384889 シナリオ走行を終了しました [シナリオ名: ログイン]
[ADMIN] 15:35:57.384902 シナリオ走行を開始しました [シナリオ名: ログイン]
[ADMIN] 15:35:57.389604 シナリオ走行を終了しました [シナリオ名: ログイン]
[ADMIN] 15:35:57.389615 シナリオ走行を開始しました [シナリオ名: ログイン]
[ADMIN] 15:35:57.401047 シナリオ走行を終了しました [シナリオ名: ログイン]
[ADMIN] 15:35:57.401058 シナリオ走行を開始しました [シナリオ名: ログイン]
[ADMIN] 15:35:57.419250 シナリオ走行を終了しました [シナリオ名: 新規ユーザー登録]
[ADMIN] 15:35:57.419269 シナリオ走行を開始しました [シナリオ名: 新規ユーザー登録]
[ADMIN] 15:35:57.445493 シナリオ走行を終了しました [シナリオ名: ログイン]
[ADMIN] 15:35:57.445505 シナリオ走行を開始しました [シナリオ名: ログイン]
[ADMIN] 15:35:57.473276 シナリオ走行を終了しました [シナリオ名: Banユーザログイン]
[ADMIN] 15:35:57.473296 シナリオ走行を開始しました [シナリオ名: Banユーザログイン]
[ADMIN] 15:35:57.473343 シナリオ走行を終了しました [シナリオ名: ログイン]
[ADMIN] 15:35:57.473354 シナリオ走行を開始しました [シナリオ名: ログイン]
[ADMIN] 15:35:57.494113 シナリオ走行を終了しました [シナリオ名: 新規ユーザー登録]
[ADMIN] 15:35:57.494146 シナリオ走行を開始しました [シナリオ名: 新規ユーザー登録]
[ADMIN] 15:35:57.498592 シナリオ走行を終了しました [シナリオ名: Banユーザログイン]
[ADMIN] 15:35:57.498612 シナリオ走行を開始しました [シナリオ名: Banユーザログイン]
[ADMIN] 15:35:57.501819 シナリオ走行を終了しました [シナリオ名: 新規ユーザー登録]
[ADMIN] 15:35:57.501838 シナリオ走行を開始しました [シナリオ名: 新規ユーザー登録]
[ADMIN] 15:35:57.565247 シナリオ走行を終了しました [シナリオ名: 新規ユーザー登録]
[ADMIN] 15:35:57.565274 シナリオ走行を開始しました [シナリオ名: 新規ユーザー登録]
[ADMIN] 15:35:57.567518 シナリオ走行を終了しました [シナリオ名: 新規ユーザー登録]
[ADMIN] 15:35:57.567580 シナリオ走行を開始しました [シナリオ名: 新規ユーザー登録]
[ADMIN] 15:35:57.598049 シナリオ走行を終了しました [シナリオ名: 新規ユーザー登録]
[ADMIN] 15:35:57.598068 シナリオ走行を開始しました [シナリオ名: 新規ユーザー登録]
[ADMIN] 15:35:57.600397 シナリオ走行を終了しました [シナリオ名: 新規ユーザー登録]
[ADMIN] 15:35:57.600415 シナリオ走行を開始しました [シナリオ名: 新規ユーザー登録]
[ADMIN] 15:35:57.621387 シナリオ走行を終了しました [シナリオ名: 新規ユーザー登録]
[ADMIN] 15:35:57.621401 シナリオ走行を開始しました [シナリオ名: 新規ユーザー登録]
[ADMIN] 15:35:57.658582 シナリオ走行を終了しました [シナリオ名: 新規ユーザー登録]
[ADMIN] 15:35:57.658599 シナリオ走行を開始しました [シナリオ名: 新規ユーザー登録]
[ADMIN] 15:35:57.720205 シナリオ走行を終了しました [シナリオ名: ログイン]
[ADMIN] 15:35:57.720218 シナリオ走行を開始しました [シナリオ名: ログイン]
[ADMIN] 15:35:57.720837 シナリオ走行を終了しました [シナリオ名: 新規ユーザー登録]
[ADMIN] 15:35:57.720858 シナリオ走行を開始しました [シナリオ名: 新規ユーザー登録]
[ADMIN] 15:35:57.721626 シナリオ走行を終了しました [シナリオ名: 新規ユーザー登録]
[ADMIN] 15:35:57.721648 シナリオ走行を開始しました [シナリオ名: 新規ユーザー登録]
[ADMIN] 15:35:57.724068 シナリオ走行を終了しました [シナリオ名: Banユーザログイン]
[ADMIN] 15:35:57.724084 シナリオ走行を開始しました [シナリオ名: Banユーザログイン]
[ADMIN] 15:35:57.730363 シナリオ走行を終了しました [シナリオ名: 新規ユーザー登録]
[ADMIN] 15:35:57.730378 シナリオ走行を開始しました [シナリオ名: 新規ユーザー登録]
[ADMIN] 15:35:57.734258 シナリオ走行を終了しました [シナリオ名: Banユーザログイン]
[ADMIN] 15:35:57.734273 シナリオ走行を開始しました [シナリオ名: Banユーザログイン]
[ADMIN] 15:35:57.737699 シナリオ走行を終了しました [シナリオ名: Banユーザログイン]
[ADMIN] 15:35:57.737712 シナリオ走行を開始しました [シナリオ名: Banユーザログイン]
[ADMIN] 15:35:57.741271 シナリオ走行を終了しました [シナリオ名: ログイン]
[ADMIN] 15:35:57.741279 シナリオ走行を開始しました [シナリオ名: ログイン]
[ADMIN] 15:35:57.749439 シナリオ走行を終了しました [シナリオ名: 新規ユーザー登録]
[ADMIN] 15:35:57.749453 シナリオ走行を開始しました [シナリオ名: 新規ユーザー登録]
[ADMIN] 15:35:57.751475 シナリオ走行を終了しました [シナリオ名: ログイン]
[ADMIN] 15:35:57.751485 シナリオ走行を開始しました [シナリオ名: ログイン]
[ADMIN] 15:35:57.778713 シナリオ走行を終了しました [シナリオ名: Banユーザログイン]
[ADMIN] 15:35:57.778724 シナリオ走行を開始しました [シナリオ名: Banユーザログイン]
[ADMIN] 15:35:57.790387 シナリオ走行を終了しました [シナリオ名: ログイン]
[ADMIN] 15:35:57.790399 シナリオ走行を開始しました [シナリオ名: ログイン]
[ADMIN] 15:35:57.802103 シナリオ走行を終了しました [シナリオ名: 新規ユーザー登録]
[ADMIN] 15:35:57.802126 シナリオ走行を開始しました [シナリオ名: 新規ユーザー登録]
[ADMIN] 15:35:57.824491 シナリオ走行を終了しました [シナリオ名: Banユーザログイン]
[ADMIN] 15:35:57.824507 シナリオ走行を開始しました [シナリオ名: Banユーザログイン]
[ADMIN] 15:35:57.846179 シナリオ走行を終了しました [シナリオ名: 新規ユーザー登録]
[ADMIN] 15:35:57.846201 シナリオ走行を開始しました [シナリオ名: 新規ユーザー登録]
[ADMIN] 15:35:57.856740 シナリオ走行を終了しました [シナリオ名: 新規ユーザー登録]
[ADMIN] 15:35:57.856766 シナリオ走行を開始しました [シナリオ名: 新規ユーザー登録]
[ADMIN] 15:35:57.856951 シナリオ走行を終了しました [シナリオ名: 新規ユーザー登録]
[ADMIN] 15:35:57.856964 シナリオ走行を開始しました [シナリオ名: 新規ユーザー登録]
[ADMIN] 15:35:57.867203 シナリオ走行を終了しました [シナリオ名: ログイン]
[ADMIN] 15:35:57.867214 シナリオ走行を開始しました [シナリオ名: ログイン]
[ADMIN] 15:35:57.888048 シナリオ走行を終了しました [シナリオ名: Banユーザログイン]
[ADMIN] 15:35:57.888065 シナリオ走行を開始しました [シナリオ名: Banユーザログイン]
[ADMIN] 15:35:57.902236 シナリオ走行を終了しました [シナリオ名: 新規ユーザー登録]
[ADMIN] 15:35:57.902257 シナリオ走行を開始しました [シナリオ名: 新規ユーザー登録]
[ADMIN] 15:35:57.952365 シナリオ走行を終了しました [シナリオ名: ログイン]
[ADMIN] 15:35:57.952380 シナリオ走行を開始しました [シナリオ名: ログイン]
[ADMIN] 15:35:57.957423 シナリオ走行を終了しました [シナリオ名: ログイン]
[ADMIN] 15:35:57.957435 シナリオ走行を開始しました [シナリオ名: ログイン]
[ADMIN] 15:35:57.962715 シナリオ走行を終了しました [シナリオ名: Banユーザログイン]
[ADMIN] 15:35:57.962729 シナリオ走行を開始しました [シナリオ名: Banユーザログイン]
[ADMIN] 15:35:58.006452 シナリオ走行を終了しました [シナリオ名: Banユーザログイン]
[ADMIN] 15:35:58.006466 シナリオ走行を開始しました [シナリオ名: Banユーザログイン]
[ADMIN] 15:35:58.012526 シナリオ走行を終了しました [シナリオ名: 新規ユーザー登録]
[ADMIN] 15:35:58.012547 シナリオ走行を開始しました [シナリオ名: 新規ユーザー登録]
[ADMIN] 15:35:58.024856 シナリオ走行を終了しました [シナリオ名: ログイン]
[ADMIN] 15:35:58.024867 シナリオ走行を開始しました [シナリオ名: ログイン]
[ADMIN] 15:35:58.035686 シナリオ走行を終了しました [シナリオ名: Banユーザログイン]
[ADMIN] 15:35:58.035702 シナリオ走行を開始しました [シナリオ名: Banユーザログイン]
[ADMIN] 15:35:58.057271 シナリオ走行を終了しました [シナリオ名: ログイン]
[ADMIN] 15:35:58.057282 シナリオ走行を開始しました [シナリオ名: ログイン]
[ADMIN] 15:35:58.102915 シナリオ走行を終了しました [シナリオ名: 新規ユーザー登録]
[ADMIN] 15:35:58.102936 シナリオ走行を開始しました [シナリオ名: 新規ユーザー登録]
[ADMIN] 15:35:58.114568 シナリオ走行を終了しました [シナリオ名: Banユーザログイン]
[ADMIN] 15:35:58.114585 シナリオ走行を開始しました [シナリオ名: Banユーザログイン]
[ADMIN] 15:35:58.149363 シナリオ走行を終了しました [シナリオ名: ログイン]
[ADMIN] 15:35:58.149375 シナリオ走行を開始しました [シナリオ名: ログイン]
[ADMIN] 15:35:58.158767 シナリオ走行を終了しました [シナリオ名: ログイン]
[ADMIN] 15:35:58.158779 シナリオ走行を開始しました [シナリオ名: ログイン]
[ADMIN] 15:35:58.208265 シナリオ走行を終了しました [シナリオ名: ログイン]
[ADMIN] 15:35:58.208278 シナリオ走行を開始しました [シナリオ名: ログイン]
[ADMIN] 15:35:58.246016 シナリオ走行を終了しました [シナリオ名: 新規ユーザー登録]
[ADMIN] 15:35:58.246039 シナリオ走行を開始しました [シナリオ名: 新規ユーザー登録]
[ADMIN] 15:35:58.292764 シナリオ走行を終了しました [シナリオ名: Banユーザログイン]
[ADMIN] 15:35:58.292781 シナリオ走行を開始しました [シナリオ名: Banユーザログイン]
[ADMIN] 15:35:58.304689 シナリオ走行を終了しました [シナリオ名: ログイン]
[ADMIN] 15:35:58.304703 シナリオ走行を開始しました [シナリオ名: ログイン]
[ADMIN] 15:35:58.310205 シナリオ走行を終了しました [シナリオ名: Banユーザログイン]
[ADMIN] 15:35:58.310224 シナリオ走行を開始しました [シナリオ名: Banユーザログイン]
[ADMIN] 15:35:58.363200 シナリオ走行を終了しました [シナリオ名: Banユーザログイン]
[ADMIN] 15:35:58.363228 シナリオ走行を開始しました [シナリオ名: Banユーザログイン]
[ADMIN] 15:35:58.382024 シナリオ走行を終了しました [シナリオ名: Banユーザログイン]
[ADMIN] 15:35:58.382038 シナリオ走行を開始しました [シナリオ名: Banユーザログイン]
[ADMIN] 15:35:58.395230 シナリオ走行を終了しました [シナリオ名: 新規ユーザー登録]
[ADMIN] 15:35:58.395249 シナリオ走行を開始しました [シナリオ名: 新規ユーザー登録]
[ADMIN] 15:35:58.413158 シナリオ走行を終了しました [シナリオ名: 新規ユーザー登録]
[ADMIN] 15:35:58.413177 シナリオ走行を開始しました [シナリオ名: 新規ユーザー登録]
[ADMIN] 15:35:58.422470 シナリオ走行を終了しました [シナリオ名: Banユーザログイン]
[ADMIN] 15:35:58.422485 シナリオ走行を開始しました [シナリオ名: Banユーザログイン]
[ADMIN] 15:35:58.456484 シナリオ走行を終了しました [シナリオ名: 新規ユーザー登録]
[ADMIN] 15:35:58.456503 シナリオ走行を開始しました [シナリオ名: 新規ユーザー登録]
[ADMIN] 15:35:58.468098 シナリオ走行を終了しました [シナリオ名: ログイン]
[ADMIN] 15:35:58.468110 シナリオ走行を開始しました [シナリオ名: ログイン]
[ADMIN] 15:35:58.494890 シナリオ走行を終了しました [シナリオ名: Banユーザログイン]
[ADMIN] 15:35:58.494910 シナリオ走行を開始しました [シナリオ名: Banユーザログイン]
[ADMIN] 15:35:58.528083 シナリオ走行を終了しました [シナリオ名: ログイン]
[ADMIN] 15:35:58.528097 シナリオ走行を開始しました [シナリオ名: ログイン]
[ADMIN] 15:35:58.606854 シナリオ走行を終了しました [シナリオ名: Banユーザログイン]
[ADMIN] 15:35:58.606877 シナリオ走行を開始しました [シナリオ名: Banユーザログイン]
[ADMIN] 15:35:58.640637 シナリオ走行を終了しました [シナリオ名: Banユーザログイン]
[ADMIN] 15:35:58.640660 シナリオ走行を開始しました [シナリオ名: Banユーザログイン]
[ADMIN] 15:35:58.651315 シナリオ走行を終了しました [シナリオ名: ログイン]
[ADMIN] 15:35:58.651325 シナリオ走行を開始しました [シナリオ名: ログイン]
[ADMIN] 15:35:58.654756 シナリオ走行を終了しました [シナリオ名: Banユーザログイン]
[ADMIN] 15:35:58.654769 シナリオ走行を開始しました [シナリオ名: Banユーザログイン]
[ADMIN] 15:35:58.662127 シナリオ走行を終了しました [シナリオ名: ログイン]
[ADMIN] 15:35:58.662138 シナリオ走行を開始しました [シナリオ名: ログイン]
[ADMIN] 15:35:58.709040 シナリオ走行を終了しました [シナリオ名: Banユーザログイン]
[ADMIN] 15:35:58.709058 シナリオ走行を開始しました [シナリオ名: Banユーザログイン]
[ADMIN] 15:35:58.781811 シナリオ走行を終了しました [シナリオ名: Banユーザログイン]
[ADMIN] 15:35:58.781833 シナリオ走行を開始しました [シナリオ名: Banユーザログイン]
[ADMIN] 15:35:58.832360 シナリオ走行を終了しました [シナリオ名: ログイン]
[ADMIN] 15:35:58.832374 シナリオ走行を開始しました [シナリオ名: ログイン]
[ADMIN] 15:35:58.836530 シナリオ走行を終了しました [シナリオ名: ログイン]
[ADMIN] 15:35:58.836542 シナリオ走行を開始しました [シナリオ名: ログイン]
[ADMIN] 15:35:58.886476 シナリオ走行を終了しました [シナリオ名: Banユーザログイン]
[ADMIN] 15:35:58.886492 シナリオ走行を開始しました [シナリオ名: Banユーザログイン]
[ADMIN] 15:35:58.911261 シナリオ走行を終了しました [シナリオ名: ログイン]
[ADMIN] 15:35:58.911273 シナリオ走行を開始しました [シナリオ名: ログイン]
[ADMIN] 15:35:58.972572 シナリオ走行を終了しました [シナリオ名: ログイン]
[ADMIN] 15:35:58.972587 シナリオ走行を開始しました [シナリオ名: ログイン]
[ADMIN] 15:35:58.996675 シナリオ走行を終了しました [シナリオ名: Banユーザログイン]
[ADMIN] 15:35:58.996693 シナリオ走行を開始しました [シナリオ名: Banユーザログイン]
[ADMIN] 15:35:59.017061 シナリオ走行を終了しました [シナリオ名: Banユーザログイン]
[ADMIN] 15:35:59.017081 シナリオ走行を開始しました [シナリオ名: Banユーザログイン]
[ADMIN] 15:35:59.031697 シナリオ走行を終了しました [シナリオ名: Banユーザログイン]
[ADMIN] 15:35:59.031709 シナリオ走行を開始しました [シナリオ名: Banユーザログイン]
[ADMIN] 15:35:59.072324 シナリオ走行を終了しました [シナリオ名: ログイン]
[ADMIN] 15:35:59.072334 シナリオ走行を開始しました [シナリオ名: ログイン]
[ADMIN] 15:35:59.079448 シナリオ走行を終了しました [シナリオ名: ログイン]
[ADMIN] 15:35:59.079459 シナリオ走行を開始しました [シナリオ名: ログイン]
[ADMIN] 15:35:59.093894 シナリオ走行を終了しました [シナリオ名: Banユーザログイン]
[ADMIN] 15:35:59.093909 シナリオ走行を開始しました [シナリオ名: Banユーザログイン]
[ADMIN] 15:35:59.098174 シナリオ走行を終了しました [シナリオ名: ログイン]
[ADMIN] 15:35:59.098183 シナリオ走行を開始しました [シナリオ名: ログイン]
[ADMIN] 15:35:59.124574 シナリオ走行を終了しました [シナリオ名: Banユーザログイン]
[ADMIN] 15:35:59.124602 シナリオ走行を開始しました [シナリオ名: Banユーザログイン]
[ADMIN] 15:35:59.227776 シナリオ走行を終了しました [シナリオ名: ログイン]
[ADMIN] 15:35:59.227792 シナリオ走行を開始しました [シナリオ名: ログイン]
[ADMIN] 15:35:59.229155 シナリオ走行を終了しました [シナリオ名: ログイン]
[ADMIN] 15:35:59.229166 シナリオ走行を開始しました [シナリオ名: ログイン]
[ADMIN] 15:35:59.230248 シナリオ走行を終了しました [シナリオ名: ログイン]
[ADMIN] 15:35:59.230259 シナリオ走行を開始しました [シナリオ名: ログイン]
[ADMIN] 15:35:59.240727 シナリオ走行を終了しました [シナリオ名: ログイン]
[ADMIN] 15:35:59.240737 シナリオ走行を開始しました [シナリオ名: ログイン]
[ADMIN] 15:35:59.249313 シナリオ走行を終了しました [シナリオ名: Banユーザログイン]
[ADMIN] 15:35:59.249330 シナリオ走行を開始しました [シナリオ名: Banユーザログイン]
[ADMIN] 15:35:59.278793 シナリオ走行を終了しました [シナリオ名: ログイン]
[ADMIN] 15:35:59.278805 シナリオ走行を開始しました [シナリオ名: ログイン]
[ADMIN] 15:35:59.313650 シナリオ走行を終了しました [シナリオ名: ログイン]
[ADMIN] 15:35:59.313664 シナリオ走行を開始しました [シナリオ名: ログイン]
[ADMIN] 15:35:59.330123 シナリオ走行を終了しました [シナリオ名: Banユーザログイン]
[ADMIN] 15:35:59.330147 シナリオ走行を開始しました [シナリオ名: Banユーザログイン]
[ADMIN] 15:35:59.334427 シナリオ走行を終了しました [シナリオ名: ログイン]
[ADMIN] 15:35:59.334440 シナリオ走行を開始しました [シナリオ名: ログイン]
[ADMIN] 15:35:59.336884 シナリオ走行を終了しました [シナリオ名: Banユーザログイン]
[ADMIN] 15:35:59.336898 シナリオ走行を開始しました [シナリオ名: Banユーザログイン]
[ADMIN] 15:35:59.350080 シナリオ走行を終了しました [シナリオ名: ログイン]
[ADMIN] 15:35:59.350090 シナリオ走行を開始しました [シナリオ名: ログイン]
[ADMIN] 15:35:59.354284 シナリオ走行を終了しました [シナリオ名: Banユーザログイン]
[ADMIN] 15:35:59.354294 シナリオ走行を開始しました [シナリオ名: Banユーザログイン]
[ADMIN] 15:35:59.375414 シナリオ走行を終了しました [シナリオ名: Banユーザログイン]
[ADMIN] 15:35:59.375431 シナリオ走行を開始しました [シナリオ名: Banユーザログイン]
[ADMIN] 15:35:59.395788 シナリオ走行を終了しました [シナリオ名: ログイン]
[ADMIN] 15:35:59.395799 シナリオ走行を開始しました [シナリオ名: ログイン]
[ADMIN] 15:35:59.411226 シナリオ走行を終了しました [シナリオ名: Banユーザログイン]
[ADMIN] 15:35:59.411241 シナリオ走行を開始しました [シナリオ名: Banユーザログイン]
[ADMIN] 15:35:59.423045 シナリオ走行を終了しました [シナリオ名: ログイン]
[ADMIN] 15:35:59.423056 シナリオ走行を開始しました [シナリオ名: ログイン]
[ADMIN] 15:35:59.425646 シナリオ走行を終了しました [シナリオ名: ログイン]
[ADMIN] 15:35:59.425657 シナリオ走行を開始しました [シナリオ名: ログイン]
[ADMIN] 15:35:59.427592 シナリオ走行を終了しました [シナリオ名: ログイン]
[ADMIN] 15:35:59.427601 シナリオ走行を開始しました [シナリオ名: ログイン]
[ADMIN] 15:35:59.443509 シナリオ走行を終了しました [シナリオ名: ログイン]
[ADMIN] 15:35:59.443520 シナリオ走行を開始しました [シナリオ名: ログイン]
[ADMIN] 15:35:59.457059 シナリオ走行を終了しました [シナリオ名: ログイン]
[ADMIN] 15:35:59.457070 シナリオ走行を開始しました [シナリオ名: ログイン]
[ADMIN] 15:35:59.490452 シナリオ走行を終了しました [シナリオ名: ログイン]
[ADMIN] 15:35:59.490468 シナリオ走行を開始しました [シナリオ名: ログイン]
[ADMIN] 15:35:59.525847 シナリオ走行を終了しました [シナリオ名: ログイン]
[ADMIN] 15:35:59.525859 シナリオ走行を開始しました [シナリオ名: ログイン]
[ADMIN] 15:35:59.659308 シナリオ走行を終了しました [シナリオ名: Banユーザログイン]
[ADMIN] 15:35:59.659327 シナリオ走行を開始しました [シナリオ名: Banユーザログイン]
[ADMIN] 15:35:59.669979 シナリオ走行を終了しました [シナリオ名: Banユーザログイン]
[ADMIN] 15:35:59.669999 シナリオ走行を開始しました [シナリオ名: Banユーザログイン]
[ADMIN] 15:35:59.672727 シナリオ走行を終了しました [シナリオ名: ログイン]
[ADMIN] 15:35:59.672741 シナリオ走行を開始しました [シナリオ名: ログイン]
[ADMIN] 15:35:59.698363 シナリオ走行を終了しました [シナリオ名: Banユーザログイン]
[ADMIN] 15:35:59.698377 シナリオ走行を開始しました [シナリオ名: Banユーザログイン]
[ADMIN] 15:35:59.724969 シナリオ走行を終了しました [シナリオ名: ログイン]
[ADMIN] 15:35:59.724978 シナリオ走行を開始しました [シナリオ名: ログイン]
[ADMIN] 15:35:59.753445 シナリオ走行を終了しました [シナリオ名: ログイン]
[ADMIN] 15:35:59.753456 シナリオ走行を開始しました [シナリオ名: ログイン]
[ADMIN] 15:35:59.762186 シナリオ走行を終了しました [シナリオ名: ログイン]
[ADMIN] 15:35:59.762197 シナリオ走行を開始しました [シナリオ名: ログイン]
[ADMIN] 15:35:59.771146 シナリオ走行を終了しました [シナリオ名: Banユーザログイン]
[ADMIN] 15:35:59.771162 シナリオ走行を開始しました [シナリオ名: Banユーザログイン]
[ADMIN] 15:35:59.775855 シナリオ走行を終了しました [シナリオ名: Banユーザログイン]
[ADMIN] 15:35:59.775869 シナリオ走行を開始しました [シナリオ名: Banユーザログイン]
[ADMIN] 15:35:59.802778 シナリオ走行を終了しました [シナリオ名: ログイン]
[ADMIN] 15:35:59.802791 シナリオ走行を開始しました [シナリオ名: ログイン]
[ADMIN] 15:35:59.809455 シナリオ走行を終了しました [シナリオ名: ログイン]
[ADMIN] 15:35:59.809464 シナリオ走行を開始しました [シナリオ名: ログイン]
[ADMIN] 15:35:59.819186 シナリオ走行を終了しました [シナリオ名: ログイン]
[ADMIN] 15:35:59.819197 シナリオ走行を開始しました [シナリオ名: ログイン]
[ADMIN] 15:35:59.851877 シナリオ走行を終了しました [シナリオ名: ログイン]
[ADMIN] 15:35:59.851888 シナリオ走行を開始しました [シナリオ名: ログイン]
15:35:59.871619 現在のログイン成功数: [total: 6460 (+1848人)]
15:35:59.871627 現在のユーザー登録成功数: [total: 2387 (+651人)]
15:35:59.872343 負荷走行がすべて終了しました
[ADMIN] 15:35:59.871681 シナリオ走行を終了しました [シナリオ名: Banユーザログイン]
[ADMIN] 15:35:59.871780 シナリオ走行を終了しました [シナリオ名: Banユーザログイン]
[ADMIN] 15:35:59.871958 シナリオ走行を終了しました [シナリオ名: Banユーザログイン]
[ADMIN] 15:35:59.872042 シナリオ走行を終了しました [シナリオ名: Banユーザログイン]
[ADMIN] 15:35:59.872239 シナリオ走行を終了しました [シナリオ名: ログイン]
[ADMIN] 15:35:59.872294 シナリオ走行を終了しました [シナリオ名: 新規ユーザー登録]
[ADMIN] 15:35:59.872357 シナリオ走行を終了しました [シナリオ名: Banユーザログイン]
[ADMIN] 15:35:59.872391 負荷走行がすべて終了しました
[ADMIN] 15:35:59.872434 シナリオ走行を終了しました [シナリオ名: Banユーザログイン]
[ADMIN] 15:35:59.872474 シナリオ走行を終了しました [シナリオ名: ログイン]
[ADMIN] 15:35:59.872482 シナリオ走行を終了しました [シナリオ名: Banユーザログイン]
[ADMIN] 15:35:59.872488 シナリオ走行を終了しました [シナリオ名: Banユーザログイン]
[ADMIN] 15:35:59.872546 シナリオ走行を終了しました [シナリオ名: Banユーザログイン]
[ADMIN] 15:35:59.872583 シナリオ走行を終了しました [シナリオ名: Banユーザログイン]
[ADMIN] 15:35:59.872619 シナリオ走行を終了しました [シナリオ名: Banユーザログイン]
[ADMIN] 15:35:59.872636 シナリオ走行を終了しました [シナリオ名: ログイン]
[ADMIN] 15:35:59.872723 シナリオ走行を終了しました [シナリオ名: ログイン]
[ADMIN] 15:35:59.872773 シナリオ走行を終了しました [シナリオ名: 新規ユーザー登録]
[ADMIN] 15:35:59.872870 シナリオ走行を終了しました [シナリオ名: 新規ユーザー登録]
[ADMIN] 15:35:59.872986 シナリオ走行を終了しました [シナリオ名: ログイン]
[ADMIN] 15:35:59.873016 シナリオ走行を終了しました [シナリオ名: ログイン]
[ADMIN] 15:35:59.873086 シナリオ走行を終了しました [シナリオ名: ログイン]
[ADMIN] 15:35:59.873100 シナリオ走行を終了しました [シナリオ名: ログイン]
[ADMIN] 15:35:59.873149 シナリオ走行を終了しました [シナリオ名: ログイン]
[ADMIN] 15:35:59.873152 シナリオ走行を終了しました [シナリオ名: ログイン]
[ADMIN] 15:35:59.873173 シナリオ走行を終了しました [シナリオ名: ログイン]
[ADMIN] 15:35:59.873219 シナリオ走行を終了しました [シナリオ名: ログイン]
[ADMIN] 15:35:59.873256 シナリオ走行を終了しました [シナリオ名: ログイン]
[ADMIN] 15:35:59.873295 シナリオ走行を終了しました [シナリオ名: ログイン]
[ADMIN] 15:35:59.873368 シナリオ走行を終了しました [シナリオ名: ログイン]
[ADMIN] 15:35:59.873399 シナリオ走行を終了しました [シナリオ名: ログイン]
[ADMIN] 15:35:59.873476 シナリオ走行を終了しました [シナリオ名: 新規ユーザー登録]
[ADMIN] 15:35:59.873480 シナリオ走行を終了しました [シナリオ名: 新規ユーザー登録]
[ADMIN] 15:35:59.873562 シナリオ走行を終了しました [シナリオ名: ログイン]
[ADMIN] 15:35:59.873577 シナリオ走行を終了しました [シナリオ名: 新規ユーザー登録]
[ADMIN] 15:35:59.873646 シナリオ走行を終了しました [シナリオ名: ログイン]
[ADMIN] 15:35:59.873699 シナリオ走行を終了しました [シナリオ名: ログイン]
[ADMIN] 15:35:59.873764 シナリオ走行を終了しました [シナリオ名: 新規ユーザー登録]
[ADMIN] 15:35:59.873770 シナリオ走行を終了しました [シナリオ名: ログイン]
[ADMIN] 15:35:59.873845 シナリオ走行を終了しました [シナリオ名: ログイン]
[ADMIN] 15:35:59.873853 シナリオ走行を終了しました [シナリオ名: 新規ユーザー登録]
[ADMIN] 15:35:59.873938 シナリオ走行を終了しました [シナリオ名: ログイン]
[ADMIN] 15:35:59.874007 シナリオ走行を終了しました [シナリオ名: 新規ユーザー登録]
[ADMIN] 15:35:59.874028 シナリオ走行を終了しました [シナリオ名: ログイン]
[ADMIN] 15:35:59.874071 シナリオ走行を終了しました [シナリオ名: ログイン]
[ADMIN] 15:35:59.874104 シナリオ走行を終了しました [シナリオ名: 新規ユーザー登録]
[ADMIN] 15:35:59.874109 シナリオ走行を終了しました [シナリオ名: ログイン]
[ADMIN] 15:35:59.874168 シナリオ走行を終了しました [シナリオ名: 新規ユーザー登録]
[ADMIN] 15:35:59.874192 シナリオ走行を終了しました [シナリオ名: ログイン]
[ADMIN] 15:35:59.874207 シナリオ走行を終了しました [シナリオ名: ログイン]
[ADMIN] 15:35:59.874219 シナリオ走行を終了しました [シナリオ名: ログイン]
[ADMIN] 15:35:59.874299 シナリオ走行を終了しました [シナリオ名: ログイン]
[ADMIN] 15:35:59.874381 シナリオ走行を終了しました [シナリオ名: 新規ユーザー登録]
[ADMIN] 15:35:59.874440 シナリオ走行を終了しました [シナリオ名: 新規ユーザー登録]
[ADMIN] 15:35:59.874437 シナリオ走行を終了しました [シナリオ名: 新規ユーザー登録]
[ADMIN] 15:35:59.874523 シナリオ走行を終了しました [シナリオ名: ログイン]
[ADMIN] 15:35:59.874545 シナリオ走行を終了しました [シナリオ名: ログイン]
[ADMIN] 15:35:59.874571 シナリオ走行を終了しました [シナリオ名: 新規ユーザー登録]
[ADMIN] 15:35:59.874609 シナリオ走行を終了しました [シナリオ名: ログイン]
[ADMIN] 15:35:59.874680 シナリオ走行を終了しました [シナリオ名: ログイン]
[ADMIN] 15:35:59.874737 シナリオ走行を終了しました [シナリオ名: ログイン]
[ADMIN] 15:35:59.874796 シナリオ走行を終了しました [シナリオ名: ログイン]
[ADMIN] 15:35:59.874842 シナリオ走行を終了しました [シナリオ名: ログイン]
[ADMIN] 15:35:59.874937 シナリオ走行を終了しました [シナリオ名: 新規ユーザー登録]
[ADMIN] 15:35:59.874948 シナリオ走行を終了しました [シナリオ名: ログイン]
[ADMIN] 15:35:59.874948 シナリオ走行を終了しました [シナリオ名: ログイン]
[ADMIN] 15:35:59.875004 シナリオ走行を終了しました [シナリオ名: ログイン]
[ADMIN] 15:35:59.875077 シナリオ走行を終了しました [シナリオ名: ログイン]
[ADMIN] 15:35:59.875095 シナリオ走行を終了しました [シナリオ名: ログイン]
[ADMIN] 15:35:59.875147 シナリオ走行を終了しました [シナリオ名: 新規ユーザー登録]
[ADMIN] 15:35:59.875169 シナリオ走行を終了しました [シナリオ名: ログイン]
[ADMIN] 15:35:59.875233 シナリオ走行を終了しました [シナリオ名: ログイン]
[ADMIN] 15:35:59.875243 シナリオ走行を終了しました [シナリオ名: ログイン]
[ADMIN] 15:35:59.875279 シナリオ走行を終了しました [シナリオ名: 新規ユーザー登録]
[ADMIN] 15:35:59.875339 シナリオ走行を終了しました [シナリオ名: 新規ユーザー登録]
[ADMIN] 15:35:59.875414 シナリオ走行を終了しました [シナリオ名: 新規ユーザー登録]
[ADMIN] 15:35:59.875441 シナリオ走行を終了しました [シナリオ名: 新規ユーザー登録]
[ADMIN] 15:35:59.875478 シナリオ走行を終了しました [シナリオ名: ログイン]
[ADMIN] 15:35:59.875517 シナリオ走行を終了しました [シナリオ名: 新規ユーザー登録]
[ADMIN] 15:35:59.875579 シナリオ走行を終了しました [シナリオ名: ログイン]
[ADMIN] 15:35:59.875597 シナリオ走行を終了しました [シナリオ名: ログイン]
[ADMIN] 15:35:59.875611 シナリオ走行を終了しました [シナリオ名: 新規ユーザー登録]
[ADMIN] 15:35:59.875720 シナリオ走行を終了しました [シナリオ名: 新規ユーザー登録]
[ADMIN] 15:35:59.875760 シナリオ走行を終了しました [シナリオ名: ログイン]
[ADMIN] 15:35:59.875836 シナリオ走行を終了しました [シナリオ名: 新規ユーザー登録]
[ADMIN] 15:35:59.875958 シナリオ走行を終了しました [シナリオ名: 新規ユーザー登録]
[ADMIN] 15:35:59.876005 シナリオ走行を終了しました [シナリオ名: 新規ユーザー登録]
[ADMIN] 15:35:59.876053 シナリオ走行を終了しました [シナリオ名: 新規ユーザー登録]
[ADMIN] 15:35:59.876079 シナリオ走行を終了しました [シナリオ名: ログイン]
[ADMIN] 15:35:59.876152 シナリオ走行を終了しました [シナリオ名: ログイン]
[ADMIN] 15:35:59.876204 シナリオ走行を終了しました [シナリオ名: ログイン]
[ADMIN] 15:35:59.876221 シナリオ走行を終了しました [シナリオ名: 新規ユーザー登録]
[ADMIN] 15:35:59.876255 シナリオ走行を終了しました [シナリオ名: ログイン]
[ADMIN] 15:35:59.876301 シナリオ走行を終了しました [シナリオ名: ログイン]
[ADMIN] 15:35:59.876340 シナリオ走行を終了しました [シナリオ名: 新規ユーザー登録]
[ADMIN] 15:35:59.876394 シナリオ走行を終了しました [シナリオ名: ログイン]
[ADMIN] 15:35:59.876479 シナリオ走行を終了しました [シナリオ名: 新規ユーザー登録]
[ADMIN] 15:35:59.876525 シナリオ走行を終了しました [シナリオ名: 新規ユーザー登録]
[ADMIN] 15:35:59.876550 シナリオ走行を終了しました [シナリオ名: ログイン]
[ADMIN] 15:35:59.876563 シナリオ走行を終了しました [シナリオ名: 新規ユーザー登録]
[ADMIN] 15:35:59.876744 シナリオ走行を終了しました [シナリオ名: ログイン]
[ADMIN] 15:35:59.876747 シナリオ走行を終了しました [シナリオ名: 新規ユーザー登録]
[ADMIN] 15:35:59.876822 シナリオ走行を終了しました [シナリオ名: ログイン]
[ADMIN] 15:35:59.876877 シナリオ走行を終了しました [シナリオ名: 新規ユーザー登録]
[ADMIN] 15:35:59.876922 シナリオ走行を終了しました [シナリオ名: ログイン]
[ADMIN] 15:35:59.876973 シナリオ走行を終了しました [シナリオ名: ログイン]
[ADMIN] 15:35:59.877037 シナリオ走行を終了しました [シナリオ名: 新規ユーザー登録]
[ADMIN] 15:35:59.877120 シナリオ走行を終了しました [シナリオ名: 新規ユーザー登録]
[ADMIN] 15:35:59.877123 シナリオ走行を終了しました [シナリオ名: ログイン]
[ADMIN] 15:35:59.877162 シナリオ走行を終了しました [シナリオ名: 新規ユーザー登録]
[ADMIN] 15:35:59.877191 シナリオ走行を終了しました [シナリオ名: ログイン]
[ADMIN] 15:35:59.877395 シナリオ走行を終了しました [シナリオ名: 新規ユーザー登録]
[ADMIN] 15:35:59.877424 シナリオ走行を終了しました [シナリオ名: ログイン]
[ADMIN] 15:35:59.877451 シナリオ走行を終了しました [シナリオ名: 新規ユーザー登録]
[ADMIN] 15:35:59.877522 シナリオ走行を終了しました [シナリオ名: 新規ユーザー登録]
[ADMIN] 15:35:59.877538 シナリオ走行を終了しました [シナリオ名: ログイン]
[ADMIN] 15:35:59.877629 シナリオ走行を終了しました [シナリオ名: 新規ユーザー登録]
[ADMIN] 15:35:59.877728 シナリオ走行を終了しました [シナリオ名: ログイン]
[ADMIN] 15:35:59.877775 シナリオ走行を終了しました [シナリオ名: 新規ユーザー登録]
[ADMIN] 15:35:59.877852 シナリオ走行を終了しました [シナリオ名: ログイン]
[ADMIN] 15:35:59.877857 シナリオ走行を終了しました [シナリオ名: 新規ユーザー登録]
[ADMIN] 15:35:59.877895 シナリオ走行を終了しました [シナリオ名: ログイン]
[ADMIN] 15:35:59.877917 シナリオ走行を終了しました [シナリオ名: ログイン]
[ADMIN] 15:35:59.877942 シナリオ走行を終了しました [シナリオ名: ログイン]
[ADMIN] 15:35:59.878014 シナリオ走行を終了しました [シナリオ名: ログイン]
[ADMIN] 15:35:59.878059 シナリオ走行を終了しました [シナリオ名: ログイン]
[ADMIN] 15:35:59.878063 シナリオ走行を終了しました [シナリオ名: 新規ユーザー登録]
[ADMIN] 15:35:59.878153 シナリオ走行を終了しました [シナリオ名: ログイン]
[ADMIN] 15:35:59.878276 シナリオ走行を終了しました [シナリオ名: ログイン]
[ADMIN] 15:35:59.878277 シナリオ走行を終了しました [シナリオ名: ログイン]
15:36:02.874665 [PASSED]: true
15:36:02.874680 [SCORE] 36591 (addition: 36591, deduction: 0)
[ADMIN] 15:36:02.874707 [SCORE] map[GET /user/:userId/gacha/index:2414 GET /user/:userId/home:2481 GET /user/:userId/item:602 GET /user/:userId/present/index/:n:3064 POST /login:1848 POST /login(ban):554 POST /user:651 POST /user/:userId/card:602 POST /user/:userId/card/addexp/:cardId:602 POST /user/:userId/gacha/draw/:gachaId:2377 POST /user/:userId/present/receive:3039 POST /user/:userId/reward:1815]

SCORE: 36591
BENCHMARK_PASS
2026-09-24T15:36:03.069150291Z	BENCHMARK_END
