sample	timestamp	elapsed_ms	service	available	cpu_pct	cpu_host_pct	cpu_user_pct	cpu_system_pct	memory_current_bytes	memory_pct_of_host	memory_peak_bytes	io_read_bytes_per_sec	io_write_bytes_per_sec	tasks_current
0	2026-09-24T15:34:29.584100551Z	0	isuconquest.go.service	1	0.000000	0.000000	0.000000	0.000000	1724416	0.044452	1884160	0.000000	0.000000	5
0	2026-09-24T15:34:29.584100551Z	0	nginx.service	1	0.000000	0.000000	0.000000	0.000000	5902336	0.152152	9048064	0.000000	0.000000	3
0	2026-09-24T15:34:29.584100551Z	0	mysql.service	1	0.000000	0.000000	0.000000	0.000000	1666641920	42.963062	2171797504	0.000000	0.000000	43
1	2026-09-24T15:34:30.594902957Z	1010	isuconquest.go.service	1	0.743667	0.371833	0.004056	0.739511	2248704	0.057968	2363392	0.000000	0.000000	5
1	2026-09-24T15:34:30.594902957Z	1010	nginx.service	1	0.000000	0.000000	0.000000	0.000000	5902336	0.152152	9048064	0.000000	0.000000	3
1	2026-09-24T15:34:30.594902957Z	1010	mysql.service	1	0.987334	0.493667	0.884347	0.103086	1666666496	42.963696	2171797504	0.000000	0.000000	43
2	2026-09-24T15:34:31.594834746Z	2010	isuconquest.go.service	1	1.186881	0.593440	1.040471	0.146410	2539520	0.065464	2641920	0.000000	0.000000	5
2	2026-09-24T15:34:31.594834746Z	2010	nginx.service	1	0.000000	0.000000	0.000000	0.000000	5902336	0.152152	9048064	0.000000	0.000000	3
2	2026-09-24T15:34:31.594834746Z	2010	mysql.service	1	0.751351	0.375676	0.603741	0.147510	1666666496	42.963696	2171797504	0.000000	0.000000	43
3	2026-09-24T15:34:32.594738374Z	3010	isuconquest.go.service	1	1.062302	0.531151	1.020198	0.042104	2818048	0.072644	2912256	0.000000	0.000000	5
3	2026-09-24T15:34:32.594738374Z	3010	nginx.service	1	0.000000	0.000000	0.000000	0.000000	5902336	0.152152	9048064	0.000000	0.000000	3
3	2026-09-24T15:34:32.594738374Z	3010	mysql.service	1	0.753773	0.376886	0.000000	0.753773	1666666496	42.963696	2171797504	0.000000	0.000000	43
4	2026-09-24T15:34:33.594840949Z	4010	isuconquest.go.service	1	1.210176	0.605088	0.081992	1.128184	3088384	0.079613	3198976	0.000000	0.000000	5
4	2026-09-24T15:34:33.594840949Z	4010	nginx.service	1	0.000000	0.000000	0.000000	0.000000	5902336	0.152152	9048064	0.000000	0.000000	3
4	2026-09-24T15:34:33.594840949Z	4010	mysql.service	1	0.785319	0.392660	0.576741	0.208579	1666666496	42.963696	2171797504	0.000000	0.000000	43
5	2026-09-24T15:34:34.595532254Z	5011	isuconquest.go.service	1	1.124223	0.562111	0.850512	0.273711	3309568	0.085315	3436544	0.000000	0.000000	5
5	2026-09-24T15:34:34.595532254Z	5011	nginx.service	1	0.000000	0.000000	0.000000	0.000000	5902336	0.152152	9048064	0.000000	0.000000	3
5	2026-09-24T15:34:34.595532254Z	5011	mysql.service	1	0.769468	0.384734	0.618273	0.151195	1666666496	42.963696	2171797504	0.000000	4093.170408	43
6	2026-09-24T15:34:35.594840766Z	6010	isuconquest.go.service	1	1.342428	0.671214	0.897521	0.444908	4014080	0.103476	4063232	0.000000	0.000000	5
6	2026-09-24T15:34:35.594840766Z	6010	nginx.service	1	0.000000	0.000000	0.000000	0.000000	5902336	0.152152	9048064	0.000000	0.000000	3
6	2026-09-24T15:34:35.594840766Z	6010	mysql.service	1	0.745816	0.372908	0.599414	0.146501	1666666496	42.963696	2171797504	0.000000	0.000000	43
7	2026-09-24T15:34:36.595503804Z	7011	isuconquest.go.service	1	1.024021	0.512011	0.429016	0.595005	4325376	0.111500	4440064	0.000000	0.000000	5
7	2026-09-24T15:34:36.595503804Z	7011	nginx.service	1	0.000000	0.000000	0.000000	0.000000	5902336	0.152152	9048064	0.000000	0.000000	3
7	2026-09-24T15:34:36.595503804Z	7011	mysql.service	1	0.765992	0.382996	0.615492	0.150500	1666666496	42.963696	2171797504	0.000000	0.000000	43
8	2026-09-24T15:34:37.595290405Z	8011	isuconquest.go.service	1	1.098334	0.549167	0.500007	0.598428	4423680	0.114035	4620288	0.000000	0.000000	5
8	2026-09-24T15:34:37.595290405Z	8011	nginx.service	1	0.000000	0.000000	0.000000	0.000000	5902336	0.152152	9048064	0.000000	0.000000	3
8	2026-09-24T15:34:37.595290405Z	8011	mysql.service	1	0.754061	0.377030	0.605929	0.148132	1666666496	42.963696	2171797504	0.000000	0.000000	43
9	2026-09-24T15:34:38.595622309Z	9011	isuconquest.go.service	1	1.071744	0.535872	0.498834	0.572910	4698112	0.121109	4808704	0.000000	0.000000	5
9	2026-09-24T15:34:38.595622309Z	9011	nginx.service	1	0.000000	0.000000	0.000000	0.000000	5902336	0.152152	9048064	0.000000	0.000000	3
9	2026-09-24T15:34:38.595622309Z	9011	mysql.service	1	0.735256	0.367628	0.590804	0.144452	1666666496	42.963696	2171797504	0.000000	0.000000	43
10	2026-09-24T15:34:39.594863998Z	10010	isuconquest.go.service	1	1.067009	0.533505	0.554020	0.512989	4763648	0.122798	4886528	0.000000	0.000000	5
10	2026-09-24T15:34:39.594863998Z	10010	nginx.service	1	0.000000	0.000000	0.000000	0.000000	5902336	0.152152	9048064	0.000000	0.000000	3
10	2026-09-24T15:34:39.594863998Z	10010	mysql.service	1	0.864556	0.432278	0.786697	0.077759	1666666496	42.963696	2171797504	0.000000	0.000000	43
11	2026-09-24T15:34:40.59555323Z	11011	isuconquest.go.service	1	1.057171	0.528586	1.057171	0.000000	4640768	0.119631	4894720	0.000000	0.000000	5
11	2026-09-24T15:34:40.59555323Z	11011	nginx.service	1	0.000000	0.000000	0.000000	0.000000	5902336	0.152152	9048064	0.000000	0.000000	3
11	2026-09-24T15:34:40.59555323Z	11011	mysql.service	1	0.940152	0.470076	0.755479	0.184673	1666670592	42.963801	2171797504	0.000000	0.000000	43
12	2026-09-24T15:34:41.595288693Z	12011	isuconquest.go.service	1	1.153005	0.576503	0.426413	0.726492	4644864	0.119736	4894720	0.000000	0.000000	5
12	2026-09-24T15:34:41.595288693Z	12011	nginx.service	1	0.000000	0.000000	0.000000	0.000000	5902336	0.152152	9048064	0.000000	0.000000	3
12	2026-09-24T15:34:41.595288693Z	12011	mysql.service	1	0.750899	0.375449	0.603460	0.147539	1666666496	42.963696	2171797504	0.000000	0.000000	43
13	2026-09-24T15:34:42.595289977Z	13011	isuconquest.go.service	1	1.056399	0.528199	0.328800	0.727699	4653056	0.119948	4894720	0.000000	0.000000	5
13	2026-09-24T15:34:42.595289977Z	13011	nginx.service	1	0.000000	0.000000	0.000000	0.000000	5902336	0.152152	9048064	0.000000	0.000000	3
13	2026-09-24T15:34:42.595289977Z	13011	mysql.service	1	0.777099	0.388550	0.716299	0.060700	1666666496	42.963696	2171797504	0.000000	0.000000	43
14	2026-09-24T15:34:43.595289733Z	14011	isuconquest.go.service	1	1.025500	0.512750	0.751900	0.273500	4653056	0.119948	4894720	0.000000	0.000000	5
14	2026-09-24T15:34:43.595289733Z	14011	nginx.service	1	0.000000	0.000000	0.000000	0.000000	5902336	0.152152	9048064	0.000000	0.000000	3
14	2026-09-24T15:34:43.595289733Z	14011	mysql.service	1	0.738700	0.369350	0.593600	0.145200	1666666496	42.963696	2171797504	0.000000	0.000000	43
15	2026-09-24T15:34:44.594738198Z	15010	isuconquest.go.service	1	1.324531	0.662265	0.941019	0.383612	5337088	0.137581	5455872	0.000000	0.000000	5
15	2026-09-24T15:34:44.594738198Z	15010	nginx.service	1	0.000000	0.000000	0.000000	0.000000	5902336	0.152152	9048064	0.000000	0.000000	3
15	2026-09-24T15:34:44.594738198Z	15010	mysql.service	1	0.756917	0.378459	0.608235	0.148682	1666666496	42.963696	2171797504	0.000000	0.000000	43
16	2026-09-24T15:34:45.595402937Z	16011	isuconquest.go.service	1	1.087677	0.543838	0.563725	0.523952	5439488	0.140220	5660672	0.000000	0.000000	5
16	2026-09-24T15:34:45.595402937Z	16011	nginx.service	1	0.000000	0.000000	0.000000	0.000000	5902336	0.152152	9048064	0.000000	0.000000	3
16	2026-09-24T15:34:45.595402937Z	16011	mysql.service	1	0.789275	0.394638	0.726117	0.063158	1666666496	42.963696	2171797504	0.000000	0.000000	43
17	2026-09-24T15:34:46.5947836Z	17010	isuconquest.go.service	1	1.108487	0.554243	1.108487	0.000000	5730304	0.147717	5935104	0.000000	0.000000	5
17	2026-09-24T15:34:46.5947836Z	17010	nginx.service	1	0.000000	0.000000	0.000000	0.000000	5902336	0.152152	9048064	0.000000	0.000000	3
17	2026-09-24T15:34:46.5947836Z	17010	mysql.service	1	0.739358	0.369679	0.594068	0.145190	1666666496	42.963696	2171797504	0.000000	0.000000	43
18	2026-09-24T15:34:47.595478563Z	18011	isuconquest.go.service	1	1.105032	0.552516	0.814234	0.290798	6057984	0.156164	6168576	0.000000	0.000000	5
18	2026-09-24T15:34:47.595478563Z	18011	nginx.service	1	0.000000	0.000000	0.000000	0.000000	5902336	0.152152	9048064	0.000000	0.000000	3
18	2026-09-24T15:34:47.595478563Z	18011	mysql.service	1	0.748780	0.374390	0.601782	0.147098	1666666496	42.963696	2171797504	0.000000	0.000000	43
19	2026-09-24T15:34:48.595288812Z	19011	isuconquest.go.service	1	1.144617	0.572309	1.030596	0.113922	6209536	0.160071	6295552	0.000000	0.000000	5
19	2026-09-24T15:34:48.595288812Z	19011	nginx.service	1	0.000000	0.000000	0.000000	0.000000	5902336	0.152152	9048064	0.000000	0.000000	3
19	2026-09-24T15:34:48.595288812Z	19011	mysql.service	1	0.812154	0.406077	0.652524	0.159530	1666666496	42.963696	2171797504	0.000000	0.000000	43
20	2026-09-24T15:34:49.595289199Z	20011	isuconquest.go.service	1	1.098800	0.549400	0.579600	0.519300	6086656	0.156903	6344704	0.000000	0.000000	5
20	2026-09-24T15:34:49.595289199Z	20011	nginx.service	1	0.000000	0.000000	0.000000	0.000000	5902336	0.152152	9048064	0.000000	0.000000	3
20	2026-09-24T15:34:49.595289199Z	20011	mysql.service	1	0.829400	0.414700	0.666500	0.162900	1666666496	42.963696	2171797504	0.000000	0.000000	43
21	2026-09-24T15:34:50.594739316Z	21010	isuconquest.go.service	1	1.138926	0.569463	0.432338	0.706488	6213632	0.160176	6344704	0.000000	0.000000	5
21	2026-09-24T15:34:50.594739316Z	21010	nginx.service	1	0.000000	0.000000	0.000000	0.000000	5902336	0.152152	9048064	0.000000	0.000000	3
21	2026-09-24T15:34:50.594739316Z	21010	mysql.service	1	0.819250	0.409625	0.658362	0.160989	1666666496	42.963696	2171797504	0.000000	0.000000	43
22	2026-09-24T15:34:51.594738387Z	22010	isuconquest.go.service	1	1.054201	0.527100	1.054201	0.000000	6082560	0.156798	6344704	0.000000	0.000000	5
22	2026-09-24T15:34:51.594738387Z	22010	nginx.service	1	0.000000	0.000000	0.000000	0.000000	5902336	0.152152	9048064	0.000000	0.000000	3
22	2026-09-24T15:34:51.594738387Z	22010	mysql.service	1	0.739101	0.369550	0.593901	0.145100	1666670592	42.963801	2171797504	0.000000	0.000000	43
23	2026-09-24T15:34:52.595363832Z	23011	isuconquest.go.service	1	1.065434	0.532717	1.065434	0.000000	6086656	0.156903	6344704	0.000000	0.000000	5
23	2026-09-24T15:34:52.595363832Z	23011	nginx.service	1	0.000000	0.000000	0.000000	0.000000	5902336	0.152152	9048064	0.000000	0.000000	3
23	2026-09-24T15:34:52.595363832Z	23011	mysql.service	1	0.746233	0.373117	0.599625	0.146608	1666666496	42.963696	2171797504	0.000000	0.000000	43
24	2026-09-24T15:34:53.594838435Z	24010	isuconquest.go.service	1	1.282774	0.641387	1.024538	0.258236	5767168	0.148667	6352896	0.000000	0.000000	5
24	2026-09-24T15:34:53.594838435Z	24010	nginx.service	1	0.000000	0.000000	0.000000	0.000000	5902336	0.152152	9048064	0.000000	0.000000	3
24	2026-09-24T15:34:53.594838435Z	24010	mysql.service	1	0.733385	0.366693	0.589410	0.144076	1666666496	42.963696	2171797504	0.000000	0.000000	43
25	2026-09-24T15:34:54.594812535Z	25010	isuconquest.go.service	1	1.015026	0.507513	0.980425	0.034601	5709824	0.147189	6352896	0.000000	0.000000	5
25	2026-09-24T15:34:54.594812535Z	25010	nginx.service	1	0.000000	0.000000	0.000000	0.000000	5902336	0.152152	9048064	0.000000	0.000000	3
25	2026-09-24T15:34:54.594812535Z	25010	mysql.service	1	0.850922	0.425461	0.850822	0.000000	1666670592	42.963801	2171797504	0.000000	0.000000	43
26	2026-09-24T15:34:55.594737599Z	26010	isuconquest.go.service	1	1.043878	0.521939	0.082706	0.961172	5709824	0.147189	6352896	0.000000	0.000000	5
26	2026-09-24T15:34:55.594737599Z	26010	nginx.service	1	0.000000	0.000000	0.000000	0.000000	5902336	0.152152	9048064	0.000000	0.000000	3
26	2026-09-24T15:34:55.594737599Z	26010	mysql.service	1	0.821262	0.410631	0.676751	0.144611	1666670592	42.963801	2171797504	0.000000	0.000000	43
27	2026-09-24T15:34:56.595360007Z	27011	isuconquest.go.service	1	1.105912	0.552956	0.618615	0.487297	5718016	0.147400	6352896	0.000000	0.000000	5
27	2026-09-24T15:34:56.595360007Z	27011	nginx.service	1	0.000000	0.000000	0.000000	0.000000	5902336	0.152152	9048064	0.000000	0.000000	3
27	2026-09-24T15:34:56.595360007Z	27011	mysql.service	1	0.731745	0.365872	0.587934	0.143711	1666666496	42.963696	2171797504	0.000000	0.000000	43
28	2026-09-24T15:34:57.595291617Z	28011	isuconquest.go.service	1	1.082374	0.541187	0.566939	0.515435	5722112	0.147506	6352896	0.000000	0.000000	5
28	2026-09-24T15:34:57.595291617Z	28011	nginx.service	1	0.000000	0.000000	0.000000	0.000000	5902336	0.152152	9048064	0.000000	0.000000	3
28	2026-09-24T15:34:57.595291617Z	28011	mysql.service	1	0.727050	0.363525	0.584340	0.142810	1666666496	42.963696	2171797504	0.000000	0.000000	43
29	2026-09-24T15:34:58.594848035Z	29010	isuconquest.go.service	1	1.215939	0.607970	1.216039	0.000000	5722112	0.147506	6352896	0.000000	0.000000	5
29	2026-09-24T15:34:58.594848035Z	29010	nginx.service	1	0.000000	0.000000	0.000000	0.000000	5902336	0.152152	9048064	0.000000	0.000000	3
29	2026-09-24T15:34:58.594848035Z	29010	mysql.service	1	0.724521	0.362261	0.582158	0.142263	1666666496	42.963696	2171797504	0.000000	0.000000	43
30	2026-09-24T15:34:59.595505624Z	30011	isuconquest.go.service	1	0.983253	0.491627	0.303400	0.679753	5730304	0.147717	6352896	0.000000	0.000000	5
30	2026-09-24T15:34:59.595505624Z	30011	nginx.service	1	0.000000	0.000000	0.000000	0.000000	5902336	0.152152	9048064	0.000000	0.000000	3
30	2026-09-24T15:34:59.595505624Z	30011	mysql.service	1	0.738115	0.369057	0.593110	0.145005	1666666496	42.963696	2171797504	0.000000	0.000000	43
31	2026-09-24T15:35:00.595030152Z	31010	isuconquest.go.service	1	1.070909	0.535455	0.454116	0.616893	5726208	0.147611	6352896	0.000000	0.000000	5
31	2026-09-24T15:35:00.595030152Z	31010	nginx.service	1	0.000000	0.000000	0.000000	0.000000	5902336	0.152152	9048064	0.000000	0.000000	3
31	2026-09-24T15:35:00.595030152Z	31010	mysql.service	1	0.856607	0.428304	0.688327	0.168280	1666666496	42.963696	2171797504	0.000000	0.000000	43
32	2026-09-24T15:35:01.595643163Z	32011	isuconquest.go.service	1	1.052355	0.526177	1.052355	0.000000	5726208	0.147611	6352896	0.000000	0.000000	5
32	2026-09-24T15:35:01.595643163Z	32011	nginx.service	1	0.000000	0.000000	0.000000	0.000000	5902336	0.152152	9048064	0.000000	0.000000	3
32	2026-09-24T15:35:01.595643163Z	32011	mysql.service	1	0.814401	0.407200	0.654499	0.160002	1666666496	42.963696	2171797504	0.000000	0.000000	43
33	2026-09-24T15:35:02.595254751Z	33011	isuconquest.go.service	1	0.958772	0.479386	0.958772	0.000000	5890048	0.151835	6352896	0.000000	0.000000	5
33	2026-09-24T15:35:02.595254751Z	33011	nginx.service	1	0.000000	0.000000	0.000000	0.000000	5902336	0.152152	9048064	0.000000	0.000000	3
33	2026-09-24T15:35:02.595254751Z	33011	mysql.service	1	0.963174	0.481587	0.865936	0.097138	1666666496	42.963696	2171797504	0.000000	0.000000	43
34	2026-09-24T15:35:03.594836013Z	34010	isuconquest.go.service	1	1.112366	0.556183	0.895275	0.217091	6021120	0.155214	6352896	0.000000	0.000000	5
34	2026-09-24T15:35:03.594836013Z	34010	nginx.service	1	0.000000	0.000000	0.000000	0.000000	5902336	0.152152	9048064	0.000000	0.000000	3
34	2026-09-24T15:35:03.594836013Z	34010	mysql.service	1	0.748113	0.374057	0.693190	0.055023	1666666496	42.963696	2171797504	0.000000	0.000000	43
35	2026-09-24T15:35:04.595503585Z	35011	isuconquest.go.service	1	1.051298	0.525649	0.283211	0.767987	6184960	0.159437	6352896	0.000000	0.000000	6
35	2026-09-24T15:35:04.595503585Z	35011	nginx.service	1	0.000000	0.000000	0.000000	0.000000	5902336	0.152152	9048064	0.000000	0.000000	3
35	2026-09-24T15:35:04.595503585Z	35011	mysql.service	1	0.728214	0.364107	0.677048	0.051066	1666666496	42.963696	2171797504	0.000000	0.000000	43
36	2026-09-24T15:35:05.595290395Z	36011	isuconquest.go.service	1	1.063027	0.531513	0.712852	0.350275	6189056	0.159543	6365184	0.000000	0.000000	6
36	2026-09-24T15:35:05.595290395Z	36011	nginx.service	1	0.000000	0.000000	0.000000	0.000000	5902336	0.152152	9048064	0.000000	0.000000	3
36	2026-09-24T15:35:05.595290395Z	36011	mysql.service	1	0.964806	0.482403	0.775265	0.189540	1666670592	42.963801	2171797504	0.000000	0.000000	43
37	2026-09-24T15:35:06.595288113Z	37011	isuconquest.go.service	1	1.131003	0.565501	0.000000	1.131003	6250496	0.161127	6504448	0.000000	0.000000	6
37	2026-09-24T15:35:06.595288113Z	37011	nginx.service	1	0.000000	0.000000	0.000000	0.000000	5902336	0.152152	9048064	0.000000	0.000000	3
37	2026-09-24T15:35:06.595288113Z	37011	mysql.service	1	0.760202	0.380101	0.610901	0.149300	1666666496	42.963696	2171797504	0.000000	0.000000	43
38	2026-09-24T15:35:07.595289164Z	38011	isuconquest.go.service	1	1.078799	0.539399	0.390500	0.688199	6250496	0.161127	6504448	0.000000	0.000000	6
38	2026-09-24T15:35:07.595289164Z	38011	nginx.service	1	0.000000	0.000000	0.000000	0.000000	5902336	0.152152	9048064	0.000000	0.000000	3
38	2026-09-24T15:35:07.595289164Z	38011	mysql.service	1	0.730999	0.365500	0.587499	0.143600	1666666496	42.963696	2171797504	0.000000	0.000000	43
39	2026-09-24T15:35:08.594738266Z	39010	isuconquest.go.service	1	1.054481	0.527240	0.813348	0.241133	6250496	0.161127	6504448	0.000000	0.000000	6
39	2026-09-24T15:35:08.594738266Z	39010	nginx.service	1	0.000000	0.000000	0.000000	0.000000	5902336	0.152152	9048064	0.000000	0.000000	3
39	2026-09-24T15:35:08.594738266Z	39010	mysql.service	1	0.827856	0.413928	0.665266	0.162590	1666666496	42.963696	2171797504	0.000000	0.000000	43
40	2026-09-24T15:35:09.595368769Z	40011	isuconquest.go.service	1	1.048439	0.524219	0.707154	0.341285	6262784	0.161443	6504448	0.000000	0.000000	6
40	2026-09-24T15:35:09.595368769Z	40011	nginx.service	1	0.000000	0.000000	0.000000	0.000000	5902336	0.152152	9048064	0.000000	0.000000	3
40	2026-09-24T15:35:09.595368769Z	40011	mysql.service	1	1.008864	0.504432	0.902531	0.106233	1666666496	42.963696	2171797504	0.000000	0.000000	43
41	2026-09-24T15:35:10.595289901Z	41011	isuconquest.go.service	1	1.108087	0.554044	0.640651	0.467437	6258688	0.161338	6520832	0.000000	0.000000	6
41	2026-09-24T15:35:10.595289901Z	41011	nginx.service	1	0.000000	0.000000	0.000000	0.000000	5902336	0.152152	9048064	0.000000	0.000000	3
41	2026-09-24T15:35:10.595289901Z	41011	mysql.service	1	1.211296	0.605648	0.973377	0.237919	1666666496	42.963696	2171797504	0.000000	0.000000	43
42	2026-09-24T15:35:11.595292608Z	42011	isuconquest.go.service	1	1.149897	0.574948	0.817698	0.332199	6275072	0.161760	6520832	0.000000	0.000000	6
42	2026-09-24T15:35:11.595292608Z	42011	nginx.service	1	0.000000	0.000000	0.000000	0.000000	5902336	0.152152	9048064	0.000000	0.000000	3
42	2026-09-24T15:35:11.595292608Z	42011	mysql.service	1	1.126297	0.563148	0.528799	0.597498	1666666496	42.963696	2171797504	0.000000	0.000000	43
43	2026-09-24T15:35:12.595292095Z	43011	isuconquest.go.service	1	1.212101	0.606050	1.203301	0.008900	6062080	0.156270	6520832	0.000000	0.000000	6
43	2026-09-24T15:35:12.595292095Z	43011	nginx.service	1	0.000000	0.000000	0.000000	0.000000	5902336	0.152152	9048064	0.000000	0.000000	3
43	2026-09-24T15:35:12.595292095Z	43011	mysql.service	1	1.111401	0.555700	0.893200	0.218300	1666666496	42.963696	2171797504	0.000000	0.000000	43
44	2026-09-24T15:35:13.59474003Z	44010	isuconquest.go.service	1	1.182653	0.591326	1.182553	0.000000	5935104	0.152996	6520832	0.000000	0.000000	6
44	2026-09-24T15:35:13.59474003Z	44010	nginx.service	1	0.000000	0.000000	0.000000	0.000000	5902336	0.152152	9048064	0.000000	0.000000	3
44	2026-09-24T15:35:13.59474003Z	44010	mysql.service	1	1.124721	0.562360	0.527191	0.597430	1666666496	42.963696	2171797504	0.000000	0.000000	43
45	2026-09-24T15:35:14.595382611Z	45011	isuconquest.go.service	1	1.260490	0.630245	1.237405	0.023085	5931008	0.152891	6520832	0.000000	0.000000	6
45	2026-09-24T15:35:14.595382611Z	45011	nginx.service	1	0.000000	0.000000	0.000000	0.000000	5902336	0.152152	9048064	0.000000	0.000000	3
45	2026-09-24T15:35:14.595382611Z	45011	mysql.service	1	1.138069	0.569034	0.914512	0.223556	1666666496	42.963696	2171797504	0.000000	0.000000	43
46	2026-09-24T15:35:15.594804621Z	46010	isuconquest.go.service	1	1.181883	0.590942	0.391326	0.790657	5931008	0.152891	6520832	0.000000	0.000000	6
46	2026-09-24T15:35:15.594804621Z	46010	nginx.service	1	0.000000	0.000000	0.000000	0.000000	5902336	0.152152	9048064	0.000000	0.000000	3
46	2026-09-24T15:35:15.594804621Z	46010	mysql.service	1	1.124150	0.562075	0.903322	0.220828	1666666496	42.963696	2171797504	0.000000	0.000000	43
47	2026-09-24T15:35:16.595238384Z	47011	isuconquest.go.service	1	1.111418	0.555709	0.601539	0.509879	6062080	0.156270	6520832	0.000000	0.000000	6
47	2026-09-24T15:35:16.595238384Z	47011	nginx.service	1	0.000000	0.000000	0.000000	0.000000	5902336	0.152152	9048064	0.000000	0.000000	3
47	2026-09-24T15:35:16.595238384Z	47011	mysql.service	1	1.144903	0.572452	1.011961	0.132942	1666666496	42.963696	2171797504	0.000000	0.000000	43
48	2026-09-24T15:35:17.594836232Z	48010	isuconquest.go.service	1	1.129254	0.564627	1.129254	0.000000	5939200	0.153102	6520832	0.000000	0.000000	6
48	2026-09-24T15:35:17.594836232Z	48010	nginx.service	1	0.000000	0.000000	0.000000	0.000000	5902336	0.152152	9048064	0.000000	0.000000	3
48	2026-09-24T15:35:17.594836232Z	48010	mysql.service	1	1.139358	0.569679	0.915568	0.223890	1666666496	42.963696	2171797504	0.000000	0.000000	43
49	2026-09-24T15:35:18.59491647Z	49010	isuconquest.go.service	1	1.168506	0.584253	1.063615	0.104792	5935104	0.152996	6520832	0.000000	0.000000	6
49	2026-09-24T15:35:18.59491647Z	49010	nginx.service	1	0.000000	0.000000	0.000000	0.000000	5902336	0.152152	9048064	0.000000	0.000000	3
49	2026-09-24T15:35:18.59491647Z	49010	mysql.service	1	1.139409	0.569704	0.631249	0.508059	1666666496	42.963696	2171797504	0.000000	0.000000	43
50	2026-09-24T15:35:19.5947383Z	50010	isuconquest.go.service	1	1.100196	0.550098	0.596106	0.504090	5935104	0.152996	6520832	0.000000	0.000000	6
50	2026-09-24T15:35:19.5947383Z	50010	nginx.service	1	0.000000	0.000000	0.000000	0.000000	5902336	0.152152	9048064	0.000000	0.000000	3
50	2026-09-24T15:35:19.5947383Z	50010	mysql.service	1	1.129101	0.564550	0.907361	0.221839	1666670592	42.963801	2171797504	0.000000	0.000000	43
51	2026-09-24T15:35:20.594737603Z	51010	isuconquest.go.service	1	1.091901	0.545951	0.606401	0.485600	6066176	0.156375	6520832	0.000000	0.000000	6
51	2026-09-24T15:35:20.594737603Z	51010	nginx.service	1	0.000000	0.000000	0.000000	0.000000	5902336	0.152152	9048064	0.000000	0.000000	3
51	2026-09-24T15:35:20.594737603Z	51010	mysql.service	1	1.222401	0.611201	1.073501	0.148800	1666666496	42.963696	2171797504	0.000000	0.000000	43
52	2026-09-24T15:35:21.595276892Z	52011	isuconquest.go.service	1	1.291204	0.645602	0.485938	0.805266	6144000	0.158381	6520832	0.000000	0.000000	6
52	2026-09-24T15:35:21.595276892Z	52011	nginx.service	1	0.000000	0.000000	0.000000	0.000000	5902336	0.152152	9048064	0.000000	0.000000	3
52	2026-09-24T15:35:21.595276892Z	52011	mysql.service	1	1.107303	0.553651	0.981771	0.125532	1666670592	42.963801	2171797504	0.000000	0.000000	43
53	2026-09-24T15:35:22.594745632Z	53010	isuconquest.go.service	1	1.156014	0.578007	1.024744	0.131170	6254592	0.161232	6520832	0.000000	0.000000	6
53	2026-09-24T15:35:22.594745632Z	53010	nginx.service	1	0.000000	0.000000	0.000000	0.000000	5902336	0.152152	9048064	0.000000	0.000000	3
53	2026-09-24T15:35:22.594745632Z	53010	mysql.service	1	1.105687	0.552844	0.980621	0.125166	1666666496	42.963696	2171797504	0.000000	0.000000	43
54	2026-09-24T15:35:23.594738917Z	54010	isuconquest.go.service	1	1.102107	0.551054	0.856206	0.246002	6406144	0.165139	6520832	0.000000	0.000000	6
54	2026-09-24T15:35:23.594738917Z	54010	nginx.service	1	0.000000	0.000000	0.000000	0.000000	5902336	0.152152	9048064	0.000000	0.000000	3
54	2026-09-24T15:35:23.594738917Z	54010	mysql.service	1	1.097907	0.548954	0.882206	0.215701	1666666496	42.963696	2171797504	0.000000	0.000000	43
55	2026-09-24T15:35:24.595483864Z	55011	isuconquest.go.service	1	1.142249	0.571125	1.142149	0.000000	6328320	0.163133	6582272	0.000000	0.000000	6
55	2026-09-24T15:35:24.595483864Z	55011	nginx.service	1	0.000000	0.000000	0.000000	0.000000	5902336	0.152152	9048064	0.000000	0.000000	3
55	2026-09-24T15:35:24.595483864Z	55011	mysql.service	1	1.100580	0.550290	0.884341	0.216139	1666666496	42.963696	2171797504	0.000000	0.000000	43
56	2026-09-24T15:35:25.594738529Z	56010	isuconquest.go.service	1	1.101821	0.550911	0.751160	0.350661	6332416	0.163238	6582272	0.000000	0.000000	6
56	2026-09-24T15:35:25.594738529Z	56010	nginx.service	1	0.000000	0.000000	0.000000	0.000000	5902336	0.152152	9048064	0.000000	0.000000	3
56	2026-09-24T15:35:25.594738529Z	56010	mysql.service	1	1.064994	0.532497	0.855738	0.209256	1666666496	42.963696	2171797504	0.000000	0.000000	43
57	2026-09-24T15:35:26.594839613Z	57010	isuconquest.go.service	1	1.180881	0.590440	0.915907	0.264973	6332416	0.163238	6594560	0.000000	0.000000	6
57	2026-09-24T15:35:26.594839613Z	57010	nginx.service	1	0.000000	0.000000	0.000000	0.000000	5902336	0.152152	9048064	0.000000	0.000000	3
57	2026-09-24T15:35:26.594839613Z	57010	mysql.service	1	1.060893	0.530446	0.852614	0.208379	1666666496	42.963696	2171797504	0.000000	0.000000	43
58	2026-09-24T15:35:27.594840201Z	58010	isuconquest.go.service	1	1.056899	0.528450	0.705300	0.351700	6332416	0.163238	6594560	0.000000	0.000000	6
58	2026-09-24T15:35:27.594840201Z	58010	nginx.service	1	0.000000	0.000000	0.000000	0.000000	5902336	0.152152	9048064	0.000000	0.000000	3
58	2026-09-24T15:35:27.594840201Z	58010	mysql.service	1	1.068799	0.534400	0.858799	0.209900	1666670592	42.963801	2171797504	0.000000	0.000000	43
59	2026-09-24T15:35:28.594831551Z	59010	isuconquest.go.service	1	1.110310	0.555155	0.872008	0.238202	6332416	0.163238	6594560	0.000000	0.000000	6
59	2026-09-24T15:35:28.594831551Z	59010	nginx.service	1	0.000000	0.000000	0.000000	0.000000	5902336	0.152152	9048064	0.000000	0.000000	3
59	2026-09-24T15:35:28.594831551Z	59010	mysql.service	1	1.079909	0.539955	0.867808	0.212202	1666670592	42.963801	2171797504	0.000000	0.000000	43
60	2026-09-24T15:35:29.594738444Z	60010	isuconquest.go.service	1	1.061199	0.530599	0.977491	0.083708	6463488	0.166617	6594560	0.000000	0.000000	6
60	2026-09-24T15:35:29.594738444Z	60010	nginx.service	1	0.000000	0.000000	0.000000	0.000000	5902336	0.152152	9048064	0.000000	0.000000	3
60	2026-09-24T15:35:29.594738444Z	60010	mysql.service	1	1.098802	0.549401	0.882982	0.215820	1666666496	42.963696	2171797504	0.000000	0.000000	43
61	2026-09-24T15:35:30.594738693Z	61010	isuconquest.go.service	1	1.160300	0.580150	1.160300	0.000000	6008832	0.154897	6594560	0.000000	0.000000	6
61	2026-09-24T15:35:30.594738693Z	61010	nginx.service	1	0.000000	0.000000	0.000000	0.000000	5902336	0.152152	9048064	0.000000	0.000000	3
61	2026-09-24T15:35:30.594738693Z	61010	mysql.service	1	1.190200	0.595100	0.956400	0.233800	1666666496	42.963696	2171797504	0.000000	0.000000	43
62	2026-09-24T15:35:31.595503142Z	62011	isuconquest.go.service	1	1.150620	0.575310	0.652601	0.498019	6008832	0.154897	6594560	0.000000	0.000000	6
62	2026-09-24T15:35:31.595503142Z	62011	nginx.service	1	0.000000	0.000000	0.000000	0.000000	5902336	0.152152	9048064	0.000000	0.000000	3
62	2026-09-24T15:35:31.595503142Z	62011	mysql.service	1	1.036008	0.518004	0.832464	0.203544	1666666496	42.963696	2171797504	0.000000	0.000000	43
63	2026-09-24T15:35:32.594738177Z	63010	isuconquest.go.service	1	1.194514	0.597257	0.938318	0.256196	6144000	0.158381	6594560	0.000000	0.000000	6
63	2026-09-24T15:35:32.594738177Z	63010	nginx.service	1	0.000000	0.000000	0.000000	0.000000	5902336	0.152152	9048064	0.000000	0.000000	3
63	2026-09-24T15:35:32.594738177Z	63010	mysql.service	1	1.071019	0.535510	0.860558	0.210361	1666666496	42.963696	2171797504	0.000000	0.000000	43
64	2026-09-24T15:35:33.594739199Z	64010	isuconquest.go.service	1	1.132099	0.566049	0.340200	0.791899	6012928	0.155003	6594560	0.000000	0.000000	6
64	2026-09-24T15:35:33.594739199Z	64010	nginx.service	1	0.000000	0.000000	0.000000	0.000000	5902336	0.152152	9048064	0.000000	0.000000	3
64	2026-09-24T15:35:33.594739199Z	64010	mysql.service	1	1.097699	0.548849	0.882099	0.215600	1666666496	42.963696	2171797504	0.000000	0.000000	43
65	2026-09-24T15:35:34.594738233Z	65010	isuconquest.go.service	1	1.016601	0.508300	0.543000	0.473700	6008832	0.154897	6594560	0.000000	0.000000	6
65	2026-09-24T15:35:34.594738233Z	65010	nginx.service	1	0.000000	0.000000	0.000000	0.000000	5902336	0.152152	9048064	0.000000	0.000000	3
65	2026-09-24T15:35:34.594738233Z	65010	mysql.service	1	1.127201	0.563601	0.905801	0.221400	1666670592	42.963801	2171797504	0.000000	0.000000	43
66	2026-09-24T15:35:35.594745546Z	66010	isuconquest.go.service	1	1.157492	0.578746	0.771594	0.385797	6008832	0.154897	6594560	0.000000	0.000000	6
66	2026-09-24T15:35:35.594745546Z	66010	nginx.service	1	0.000000	0.000000	0.000000	0.000000	5902336	0.152152	9048064	0.000000	0.000000	3
66	2026-09-24T15:35:35.594745546Z	66010	mysql.service	1	1.121192	0.560596	1.085092	0.036200	1666666496	42.963696	2171797504	0.000000	0.000000	43
67	2026-09-24T15:35:36.594738804Z	67010	isuconquest.go.service	1	1.088707	0.544354	0.862206	0.226602	6139904	0.158276	6594560	0.000000	0.000000	6
67	2026-09-24T15:35:36.594738804Z	67010	nginx.service	1	0.000000	0.000000	0.000000	0.000000	5902336	0.152152	9048064	0.000000	0.000000	3
67	2026-09-24T15:35:36.594738804Z	67010	mysql.service	1	1.136108	0.568054	1.004907	0.131101	1666666496	42.963696	2171797504	0.000000	0.000000	43
68	2026-09-24T15:35:37.594739475Z	68010	isuconquest.go.service	1	1.203799	0.601900	0.666100	0.537600	6008832	0.154897	6594560	0.000000	0.000000	6
68	2026-09-24T15:35:37.594739475Z	68010	nginx.service	1	0.000000	0.000000	0.000000	0.000000	5902336	0.152152	9048064	0.000000	0.000000	3
68	2026-09-24T15:35:37.594739475Z	68010	mysql.service	1	1.110999	0.555500	0.892799	0.218200	1666670592	42.963801	2171797504	0.000000	0.000000	43
69	2026-09-24T15:35:38.594738817Z	69010	isuconquest.go.service	1	1.164901	0.582450	1.047601	0.117300	6012928	0.155003	6594560	0.000000	0.000000	6
69	2026-09-24T15:35:38.594738817Z	69010	nginx.service	1	0.000000	0.000000	0.000000	0.000000	5902336	0.152152	9048064	0.000000	0.000000	3
69	2026-09-24T15:35:38.594738817Z	69010	mysql.service	1	1.113901	0.556950	0.895101	0.218800	1666666496	42.963696	2171797504	0.000000	0.000000	43
70	2026-09-24T15:35:39.594833544Z	70010	isuconquest.go.service	1	1.275779	0.637890	1.116294	0.159485	6197248	0.159754	6594560	0.000000	0.000000	6
70	2026-09-24T15:35:39.594833544Z	70010	nginx.service	1	0.000000	0.000000	0.000000	0.000000	5902336	0.152152	9048064	0.000000	0.000000	3
70	2026-09-24T15:35:39.594833544Z	70010	mysql.service	1	1.133393	0.566696	0.910814	0.222679	1666670592	42.963801	2171797504	0.000000	0.000000	43
71	2026-09-24T15:35:40.594738684Z	71010	isuconquest.go.service	1	1.050100	0.525050	0.699066	0.351033	6279168	0.161866	6594560	0.000000	0.000000	6
71	2026-09-24T15:35:40.594738684Z	71010	nginx.service	1	0.000000	0.000000	0.000000	0.000000	5902336	0.152152	9048064	0.000000	0.000000	3
71	2026-09-24T15:35:40.594738684Z	71010	mysql.service	1	1.208615	0.604307	1.063301	0.145314	1666666496	42.963696	2171797504	0.000000	0.000000	43
72	2026-09-24T15:35:41.594738346Z	72010	isuconquest.go.service	1	1.119100	0.559550	0.613700	0.505500	6377472	0.164400	6594560	0.000000	0.000000	6
72	2026-09-24T15:35:41.594738346Z	72010	nginx.service	1	0.000000	0.000000	0.000000	0.000000	5902336	0.152152	9048064	0.000000	0.000000	3
72	2026-09-24T15:35:41.594738346Z	72010	mysql.service	1	1.137000	0.568500	1.005700	0.131300	1666670592	42.963801	2171797504	0.000000	0.000000	43
73	2026-09-24T15:35:42.594737994Z	73010	isuconquest.go.service	1	1.194300	0.597150	1.058500	0.135800	6340608	0.163450	6594560	0.000000	0.000000	6
73	2026-09-24T15:35:42.594737994Z	73010	nginx.service	1	0.000000	0.000000	0.000000	0.000000	5902336	0.152152	9048064	0.000000	0.000000	3
73	2026-09-24T15:35:42.594737994Z	73010	mysql.service	1	1.115300	0.557650	0.896200	0.219000	1666666496	42.963696	2171797504	0.000000	0.000000	43
74	2026-09-24T15:35:43.59474046Z	74010	isuconquest.go.service	1	1.173097	0.586549	0.911098	0.261899	6475776	0.166934	6606848	0.000000	0.000000	6
74	2026-09-24T15:35:43.59474046Z	74010	nginx.service	1	0.000000	0.000000	0.000000	0.000000	5902336	0.152152	9048064	0.000000	0.000000	3
74	2026-09-24T15:35:43.59474046Z	74010	mysql.service	1	1.136297	0.568149	0.913198	0.223199	1666666496	42.963696	2171797504	0.000000	0.000000	43
75	2026-09-24T15:35:44.594737842Z	75010	isuconquest.go.service	1	1.207603	0.603802	0.272901	0.934802	6475776	0.166934	6606848	0.000000	0.000000	6
75	2026-09-24T15:35:44.594737842Z	75010	nginx.service	1	0.000000	0.000000	0.000000	0.000000	5902336	0.152152	9048064	0.000000	0.000000	3
75	2026-09-24T15:35:44.594737842Z	75010	mysql.service	1	1.118603	0.559301	0.898802	0.219701	1666666496	42.963696	2171797504	0.000000	0.000000	43
76	2026-09-24T15:35:45.594738819Z	76010	isuconquest.go.service	1	1.918998	0.959499	0.750899	1.168099	5787648	0.149195	6606848	0.000000	0.000000	6
76	2026-09-24T15:35:45.594738819Z	76010	nginx.service	1	0.000000	0.000000	0.000000	0.000000	5902336	0.152152	9048064	0.000000	0.000000	3
76	2026-09-24T15:35:45.594738819Z	76010	mysql.service	1	1.157099	0.578549	0.929899	0.227300	1666666496	42.963696	2171797504	0.000000	0.000000	43
77	2026-09-24T15:35:46.594900004Z	77010	isuconquest.go.service	1	0.968144	0.484072	0.777475	0.190569	5849088	0.150779	6606848	0.000000	0.000000	6
77	2026-09-24T15:35:46.594900004Z	77010	nginx.service	1	0.000000	0.000000	0.000000	0.000000	5902336	0.152152	9048064	0.000000	0.000000	3
77	2026-09-24T15:35:46.594900004Z	77010	mysql.service	1	1.106622	0.553311	0.512517	0.594004	1666666496	42.963696	2171797504	0.000000	0.000000	43
78	2026-09-24T15:35:47.594741345Z	78010	isuconquest.go.service	1	1.118778	0.559389	0.745918	0.372859	6082560	0.156798	6606848	0.000000	0.000000	6
78	2026-09-24T15:35:47.594741345Z	78010	nginx.service	1	0.000000	0.000000	0.000000	0.000000	5902336	0.152152	9048064	0.000000	0.000000	3
78	2026-09-24T15:35:47.594741345Z	78010	mysql.service	1	1.123678	0.561839	0.903043	0.220735	1666666496	42.963696	2171797504	0.000000	0.000000	43
79	2026-09-24T15:35:48.595393044Z	79011	isuconquest.go.service	1	1.165940	0.582970	0.911006	0.255034	6152192	0.158593	6606848	0.000000	0.000000	6
79	2026-09-24T15:35:48.595393044Z	79011	nginx.service	1	0.000000	0.000000	0.000000	0.000000	5902336	0.152152	9048064	0.000000	0.000000	3
79	2026-09-24T15:35:48.595393044Z	79011	mysql.service	1	1.111276	0.555638	0.516463	0.594812	1666666496	42.963696	2171797504	0.000000	0.000000	43
80	2026-09-24T15:35:49.595291018Z	80011	isuconquest.go.service	1	1.189021	0.594511	1.189021	0.000000	6057984	0.156164	6606848	0.000000	0.000000	6
80	2026-09-24T15:35:49.595291018Z	80011	nginx.service	1	0.000000	0.000000	0.000000	0.000000	5902336	0.152152	9048064	0.000000	0.000000	3
80	2026-09-24T15:35:49.595291018Z	80011	mysql.service	1	1.114314	0.557157	0.895391	0.218822	1666670592	42.963801	2171797504	0.000000	0.000000	43
81	2026-09-24T15:35:50.595290586Z	81011	isuconquest.go.service	1	1.103500	0.551750	0.340300	0.763200	6266880	0.161549	6606848	0.000000	0.000000	6
81	2026-09-24T15:35:50.595290586Z	81011	nginx.service	1	0.000000	0.000000	0.000000	0.000000	5902336	0.152152	9048064	0.000000	0.000000	3
81	2026-09-24T15:35:50.595290586Z	81011	mysql.service	1	1.223001	0.611500	0.982700	0.240300	1666670592	42.963801	2171797504	0.000000	0.000000	43
82	2026-09-24T15:35:51.595290879Z	82011	isuconquest.go.service	1	1.256400	0.628200	0.574800	0.681500	6176768	0.159226	6606848	0.000000	0.000000	6
82	2026-09-24T15:35:51.595290879Z	82011	nginx.service	1	0.000000	0.000000	0.000000	0.000000	5902336	0.152152	9048064	0.000000	0.000000	3
82	2026-09-24T15:35:51.595290879Z	82011	mysql.service	1	1.128400	0.564200	0.906800	0.221700	1666666496	42.963696	2171797504	0.000000	0.000000	43
83	2026-09-24T15:35:52.594839869Z	83010	isuconquest.go.service	1	1.339104	0.669552	0.494223	0.844981	6242304	0.160915	6606848	0.000000	0.000000	6
83	2026-09-24T15:35:52.594839869Z	83010	nginx.service	1	0.000000	0.000000	0.000000	0.000000	5902336	0.152152	9048064	0.000000	0.000000	3
83	2026-09-24T15:35:52.594839869Z	83010	mysql.service	1	1.154721	0.577360	1.020060	0.134661	1666666496	42.963696	2171797504	0.000000	0.000000	43
84	2026-09-24T15:35:53.594858666Z	84010	isuconquest.go.service	1	1.152478	0.576239	0.903383	0.249095	6111232	0.157537	6606848	0.000000	0.000000	6
84	2026-09-24T15:35:53.594858666Z	84010	nginx.service	1	0.000000	0.000000	0.000000	0.000000	5902336	0.152152	9048064	0.000000	0.000000	3
84	2026-09-24T15:35:53.594858666Z	84010	mysql.service	1	1.146478	0.573239	1.013281	0.133097	1666670592	42.963801	2171797504	0.000000	0.000000	43
85	2026-09-24T15:35:54.595529297Z	85011	isuconquest.go.service	1	1.198996	0.599498	0.799264	0.399732	6246400	0.161021	6606848	0.000000	0.000000	6
85	2026-09-24T15:35:54.595529297Z	85011	nginx.service	1	0.000000	0.000000	0.000000	0.000000	5902336	0.152152	9048064	0.000000	0.000000	3
85	2026-09-24T15:35:54.595529297Z	85011	mysql.service	1	1.142834	0.571417	0.918384	0.224449	1666666496	42.963696	2171797504	0.000000	0.000000	43
86	2026-09-24T15:35:55.594838133Z	86010	isuconquest.go.service	1	1.330820	0.665410	0.885412	0.445408	6258688	0.161338	6606848	0.000000	0.000000	6
86	2026-09-24T15:35:55.594838133Z	86010	nginx.service	1	0.000000	0.000000	0.000000	0.000000	5902336	0.152152	9048064	0.000000	0.000000	3
86	2026-09-24T15:35:55.594838133Z	86010	mysql.service	1	1.174312	0.587156	0.943652	0.230759	1666666496	42.963696	2171797504	0.000000	0.000000	43
87	2026-09-24T15:35:56.59549389Z	87011	isuconquest.go.service	1	1.229993	0.614997	1.216402	0.013491	6270976	0.161655	6606848	0.000000	0.000000	6
87	2026-09-24T15:35:56.59549389Z	87011	nginx.service	1	0.000000	0.000000	0.000000	0.000000	5902336	0.152152	9048064	0.000000	0.000000	3
87	2026-09-24T15:35:56.59549389Z	87011	mysql.service	1	1.153344	0.576672	0.926792	0.226551	1666670592	42.963801	2171797504	0.000000	0.000000	43
88	2026-09-24T15:35:57.595291886Z	88011	isuconquest.go.service	1	1.329369	0.664684	1.018706	0.310763	6283264	0.161971	6606848	0.000000	0.000000	6
88	2026-09-24T15:35:57.595291886Z	88011	nginx.service	1	0.000000	0.000000	0.000000	0.000000	5902336	0.152152	9048064	0.000000	0.000000	3
88	2026-09-24T15:35:57.595291886Z	88011	mysql.service	1	1.165335	0.582668	0.936389	0.228846	1666670592	42.963801	2171797504	0.000000	0.000000	43
89	2026-09-24T15:35:58.595294606Z	89011	isuconquest.go.service	1	1.206397	0.603198	0.671698	0.534699	6332416	0.163238	6606848	0.000000	0.000000	6
89	2026-09-24T15:35:58.595294606Z	89011	nginx.service	1	0.000000	0.000000	0.000000	0.000000	5902336	0.152152	9048064	0.000000	0.000000	3
89	2026-09-24T15:35:58.595294606Z	89011	mysql.service	1	1.170697	0.585348	0.940697	0.229999	1666666496	42.963696	2171797504	0.000000	0.000000	43
90	2026-09-24T15:35:59.595291533Z	90011	isuconquest.go.service	1	1.155504	0.577752	1.035803	0.119600	6332416	0.163238	6606848	0.000000	0.000000	6
90	2026-09-24T15:35:59.595291533Z	90011	nginx.service	1	0.000000	0.000000	0.000000	0.000000	5902336	0.152152	9048064	0.000000	0.000000	3
90	2026-09-24T15:35:59.595291533Z	90011	mysql.service	1	1.130403	0.565202	0.908403	0.222101	1666666496	42.963696	2171797504	0.000000	0.000000	43
91	2026-09-24T15:36:00.594838764Z	91010	isuconquest.go.service	1	1.256969	0.628485	0.438699	0.818270	6205440	0.159965	6606848	0.000000	0.000000	6
91	2026-09-24T15:36:00.594838764Z	91010	nginx.service	1	0.000000	0.000000	0.000000	0.000000	5902336	0.152152	9048064	0.000000	0.000000	3
91	2026-09-24T15:36:00.594838764Z	91010	mysql.service	1	1.258070	0.629035	0.726029	0.531941	1666670592	42.963801	2171797504	0.000000	0.000000	43
92	2026-09-24T15:36:01.594739925Z	92010	isuconquest.go.service	1	1.200119	0.600059	1.199319	0.000900	5943296	0.153208	6606848	0.000000	0.000000	6
92	2026-09-24T15:36:01.594739925Z	92010	nginx.service	1	0.000000	0.000000	0.000000	0.000000	5902336	0.152152	9048064	0.000000	0.000000	3
92	2026-09-24T15:36:01.594739925Z	92010	mysql.service	1	1.113110	0.556555	0.894488	0.218722	1666666496	42.963696	2171797504	0.000000	0.000000	43
93	2026-09-24T15:36:02.595360175Z	93011	isuconquest.go.service	1	1.152085	0.576043	0.769523	0.382563	5939200	0.153102	6606848	0.000000	0.000000	6
93	2026-09-24T15:36:02.595360175Z	93011	nginx.service	1	0.000000	0.000000	0.000000	0.000000	5902336	0.152152	9048064	0.000000	0.000000	3
93	2026-09-24T15:36:02.595360175Z	93011	mysql.service	1	1.120605	0.560302	0.523775	0.596830	1666670592	42.963801	2171797504	0.000000	0.000000	43
94	2026-09-24T15:36:03.594815546Z	94010	isuconquest.go.service	1	1.067982	0.533991	1.067982	0.000000	5943296	0.153208	6606848	0.000000	0.000000	6
94	2026-09-24T15:36:03.594815546Z	94010	nginx.service	1	0.000000	0.000000	0.000000	0.000000	5902336	0.152152	9048064	0.000000	0.000000	3
94	2026-09-24T15:36:03.594815546Z	94010	mysql.service	1	1.083890	0.541945	0.963125	0.120666	1666670592	42.963801	2171797504	0.000000	0.000000	43
95	2026-09-24T15:36:04.594738671Z	95010	isuconquest.go.service	1	0.992876	0.496438	0.992776	0.000000	6070272	0.156481	6606848	0.000000	0.000000	6
95	2026-09-24T15:36:04.594738671Z	95010	nginx.service	1	0.000000	0.000000	0.000000	0.000000	5902336	0.152152	9048064	0.000000	0.000000	3
95	2026-09-24T15:36:04.594738671Z	95010	mysql.service	1	0.992476	0.496238	0.797461	0.195015	1666666496	42.963696	2171797504	0.000000	0.000000	43
96	2026-09-24T15:36:05.595378219Z	96011	isuconquest.go.service	1	1.097298	0.548649	0.313899	0.783399	5943296	0.153208	6606848	0.000000	0.000000	6
96	2026-09-24T15:36:05.595378219Z	96011	nginx.service	1	0.000000	0.000000	0.000000	0.000000	5902336	0.152152	9048064	0.000000	0.000000	3
96	2026-09-24T15:36:05.595378219Z	96011	mysql.service	1	0.997062	0.498531	0.801288	0.195875	1666666496	42.963696	2171797504	0.000000	0.000000	43
97	2026-09-24T15:36:06.595290582Z	97011	isuconquest.go.service	1	1.046492	0.523246	1.046492	0.000000	5943296	0.153208	6606848	0.000000	0.000000	6
97	2026-09-24T15:36:06.595290582Z	97011	nginx.service	1	0.000000	0.000000	0.000000	0.000000	5902336	0.152152	9048064	0.000000	0.000000	3
97	2026-09-24T15:36:06.595290582Z	97011	mysql.service	1	1.035591	0.517795	1.016389	0.019102	1666666496	42.963696	2171797504	0.000000	0.000000	43
98	2026-09-24T15:36:07.595290455Z	98011	isuconquest.go.service	1	1.074500	0.537250	0.097800	0.976700	5939200	0.153102	6606848	0.000000	0.000000	6
98	2026-09-24T15:36:07.595290455Z	98011	nginx.service	1	0.000000	0.000000	0.000000	0.000000	5902336	0.152152	9048064	0.000000	0.000000	3
98	2026-09-24T15:36:07.595290455Z	98011	mysql.service	1	0.990200	0.495100	0.795700	0.194600	1666666496	42.963696	2171797504	0.000000	0.000000	43
99	2026-09-24T15:36:08.594737936Z	99010	isuconquest.go.service	1	1.153838	0.576919	0.635651	0.518286	6070272	0.156481	6606848	0.000000	0.000000	6
99	2026-09-24T15:36:08.594737936Z	99010	nginx.service	1	0.000000	0.000000	0.000000	0.000000	5902336	0.152152	9048064	0.000000	0.000000	3
99	2026-09-24T15:36:08.594737936Z	99010	mysql.service	1	1.026767	0.513384	0.825056	0.201711	1666666496	42.963696	2171797504	0.000000	0.000000	43
100	2026-09-24T15:36:09.595376081Z	100011	isuconquest.go.service	1	1.088006	0.544003	0.591023	0.496883	6070272	0.156481	6606848	0.000000	0.000000	6
100	2026-09-24T15:36:09.595376081Z	100011	nginx.service	1	0.000000	0.000000	0.000000	0.000000	5902336	0.152152	9048064	0.000000	0.000000	3
100	2026-09-24T15:36:09.595376081Z	100011	mysql.service	1	1.052728	0.526364	0.938001	0.114627	1666670592	42.963801	2171797504	0.000000	0.000000	43
101	2026-09-24T15:36:10.595289764Z	101011	isuconquest.go.service	1	1.195103	0.597552	0.393734	0.801369	6164480	0.158909	6606848	0.000000	0.000000	6
101	2026-09-24T15:36:10.595289764Z	101011	nginx.service	1	0.000000	0.000000	0.000000	0.000000	5902336	0.152152	9048064	0.000000	0.000000	3
101	2026-09-24T15:36:10.595289764Z	101011	mysql.service	1	1.122097	0.561048	0.993886	0.128311	1666666496	42.963696	2171797504	0.000000	0.000000	43
102	2026-09-24T15:36:11.594739658Z	102010	isuconquest.go.service	1	1.122818	0.561409	1.122818	0.000000	6291456	0.162183	6606848	0.000000	0.000000	6
102	2026-09-24T15:36:11.594739658Z	102010	nginx.service	1	0.000000	0.000000	0.000000	0.000000	5902336	0.152152	9048064	0.000000	0.000000	3
102	2026-09-24T15:36:11.594739658Z	102010	mysql.service	1	1.007654	0.503827	0.809645	0.197909	1666666496	42.963696	2171797504	0.000000	0.000000	43
103	2026-09-24T15:36:12.595361632Z	103011	isuconquest.go.service	1	1.193957	0.596979	1.093020	0.100937	6402048	0.165033	6606848	0.000000	0.000000	6
103	2026-09-24T15:36:12.595361632Z	103011	nginx.service	1	0.000000	0.000000	0.000000	0.000000	5902336	0.152152	9048064	0.000000	0.000000	3
103	2026-09-24T15:36:12.595361632Z	103011	mysql.service	1	1.006674	0.503337	0.808897	0.197777	1666666496	42.963696	2171797504	0.000000	0.000000	43
104	2026-09-24T15:36:13.595288764Z	104011	isuconquest.go.service	1	1.151284	0.575642	0.497336	0.654048	6557696	0.169046	6676480	0.000000	0.000000	6
104	2026-09-24T15:36:13.595288764Z	104011	nginx.service	1	0.000000	0.000000	0.000000	0.000000	5902336	0.152152	9048064	0.000000	0.000000	3
104	2026-09-24T15:36:13.595288764Z	104011	mysql.service	1	0.967471	0.483735	0.777457	0.190114	1666666496	42.963696	2171797504	0.000000	0.000000	43
105	2026-09-24T15:36:14.595079933Z	105010	isuconquest.go.service	1	1.138338	0.569169	0.757558	0.380679	6455296	0.166406	6717440	0.000000	0.000000	6
105	2026-09-24T15:36:14.595079933Z	105010	nginx.service	1	0.000000	0.000000	0.000000	0.000000	5902336	0.152152	9048064	0.000000	0.000000	3
105	2026-09-24T15:36:14.595079933Z	105010	mysql.service	1	1.039217	0.519609	0.835074	0.204143	1666670592	42.963801	2171797504	0.000000	0.000000	43
106	2026-09-24T15:36:15.595285899Z	106011	isuconquest.go.service	1	1.231946	0.615973	0.683559	0.548387	6590464	0.169890	6721536	0.000000	0.000000	6
106	2026-09-24T15:36:15.595285899Z	106011	nginx.service	1	0.000000	0.000000	0.000000	0.000000	5902336	0.152152	9048064	0.000000	0.000000	3
106	2026-09-24T15:36:15.595285899Z	106011	mysql.service	1	1.130667	0.565334	0.908513	0.222054	1666666496	42.963696	2171797504	0.000000	0.000000	43
107	2026-09-24T15:36:16.594740388Z	107010	isuconquest.go.service	1	1.123613	0.561806	1.123613	0.000000	6459392	0.166512	6721536	0.000000	0.000000	6
107	2026-09-24T15:36:16.594740388Z	107010	nginx.service	1	0.000000	0.000000	0.000000	0.000000	5902336	0.152152	9048064	0.000000	0.000000	3
107	2026-09-24T15:36:16.594740388Z	107010	mysql.service	1	1.101901	0.550951	0.885483	0.216518	1666670592	42.963801	2171797504	0.000000	0.000000	43
108	2026-09-24T15:36:17.594741697Z	108010	isuconquest.go.service	1	1.142499	0.571249	1.142499	0.000000	6463488	0.166617	6725632	0.000000	0.000000	6
108	2026-09-24T15:36:17.594741697Z	108010	nginx.service	1	0.000000	0.000000	0.000000	0.000000	5902336	0.152152	9048064	0.000000	0.000000	3
108	2026-09-24T15:36:17.594741697Z	108010	mysql.service	1	1.106699	0.553349	0.512199	0.594399	1666666496	42.963696	2171797504	0.000000	0.000000	43
109	2026-09-24T15:36:18.595394873Z	109011	isuconquest.go.service	1	1.159443	0.579721	0.700642	0.458800	6266880	0.161549	6725632	0.000000	0.000000	6
109	2026-09-24T15:36:18.595394873Z	109011	nginx.service	1	0.000000	0.000000	0.000000	0.000000	5902336	0.152152	9048064	0.000000	0.000000	3
109	2026-09-24T15:36:18.595394873Z	109011	mysql.service	1	1.105378	0.552689	0.888220	0.217258	1666666496	42.963696	2171797504	0.000000	0.000000	43
110	2026-09-24T15:36:19.595291095Z	110011	isuconquest.go.service	1	1.134218	0.567109	0.759879	0.374339	6270976	0.161655	6725632	0.000000	0.000000	6
110	2026-09-24T15:36:19.595291095Z	110011	nginx.service	1	0.000000	0.000000	0.000000	0.000000	5902336	0.152152	9048064	0.000000	0.000000	3
110	2026-09-24T15:36:19.595291095Z	110011	mysql.service	1	1.098714	0.549357	0.975101	0.123613	1666666496	42.963696	2171797504	0.000000	0.000000	43
111	2026-09-24T15:36:20.594740211Z	111010	isuconquest.go.service	1	1.122018	0.561009	1.122018	0.000000	6270976	0.161655	6725632	0.000000	0.000000	6
111	2026-09-24T15:36:20.594740211Z	111010	nginx.service	1	0.000000	0.000000	0.000000	0.000000	5902336	0.152152	9048064	0.000000	0.000000	3
111	2026-09-24T15:36:20.594740211Z	111010	mysql.service	1	1.191857	0.595928	1.049978	0.141878	1666666496	42.963696	2171797504	0.000000	0.000000	43
112	2026-09-24T15:36:21.595391561Z	112011	isuconquest.go.service	1	1.215508	0.607754	0.711537	0.504072	6139904	0.158276	6725632	0.000000	0.000000	6
112	2026-09-24T15:36:21.595391561Z	112011	nginx.service	1	0.000000	0.000000	0.000000	0.000000	5902336	0.152152	9048064	0.000000	0.000000	3
112	2026-09-24T15:36:21.595391561Z	112011	mysql.service	1	1.098185	0.549092	0.505471	0.592614	1666666496	42.963696	2171797504	0.000000	0.000000	43
113	2026-09-24T15:36:22.594739425Z	113010	isuconquest.go.service	1	1.244412	0.622206	0.829641	0.414770	6139904	0.158276	6725632	0.000000	0.000000	6
113	2026-09-24T15:36:22.594739425Z	113010	nginx.service	1	0.000000	0.000000	0.000000	0.000000	5902336	0.152152	9048064	0.000000	0.000000	3
113	2026-09-24T15:36:22.594739425Z	113010	mysql.service	1	1.106121	0.553061	0.981140	0.125082	1666666496	42.963696	2171797504	0.000000	0.000000	43
114	2026-09-24T15:36:23.594835221Z	114010	isuconquest.go.service	1	1.174587	0.587294	0.370065	0.804423	6139904	0.158276	6725632	0.000000	0.000000	6
114	2026-09-24T15:36:23.594835221Z	114010	nginx.service	1	0.000000	0.000000	0.000000	0.000000	5902336	0.152152	9048064	0.000000	0.000000	3
114	2026-09-24T15:36:23.594835221Z	114010	mysql.service	1	1.104094	0.552047	0.979406	0.124688	1666670592	42.963801	2171797504	0.000000	0.000000	43
115	2026-09-24T15:36:24.595491683Z	115011	isuconquest.go.service	1	0.960669	0.480335	0.639980	0.320789	6139904	0.158276	6725632	0.000000	0.000000	6
115	2026-09-24T15:36:24.595491683Z	115011	nginx.service	1	0.000000	0.000000	0.000000	0.000000	5902336	0.152152	9048064	0.000000	0.000000	3
115	2026-09-24T15:36:24.595491683Z	115011	mysql.service	1	1.085887	0.542944	0.872527	0.213360	1666666496	42.963696	2171797504	0.000000	0.000000	43
116	2026-09-24T15:36:25.595289065Z	116011	isuconquest.go.service	1	0.994902	0.497451	0.802263	0.192539	6270976	0.161655	6725632	0.000000	0.000000	6
116	2026-09-24T15:36:25.595289065Z	116011	nginx.service	1	0.000000	0.000000	0.000000	0.000000	5902336	0.152152	9048064	0.000000	0.000000	3
116	2026-09-24T15:36:25.595289065Z	116011	mysql.service	1	1.104024	0.552012	0.887180	0.216844	1666666496	42.963696	2171797504	0.000000	0.000000	43
117	2026-09-24T15:36:26.595293427Z	117011	isuconquest.go.service	1	1.137795	0.568898	1.035895	0.101900	6270976	0.161655	6725632	0.000000	0.000000	6
117	2026-09-24T15:36:26.595293427Z	117011	nginx.service	1	0.000000	0.000000	0.000000	0.000000	5902336	0.152152	9048064	0.000000	0.000000	3
117	2026-09-24T15:36:26.595293427Z	117011	mysql.service	1	1.082895	0.541448	0.870096	0.212799	1666670592	42.963801	2171797504	0.000000	0.000000	43
118	2026-09-24T15:36:27.595291027Z	118011	isuconquest.go.service	1	1.128003	0.564001	0.063400	1.064603	6270976	0.161655	6725632	0.000000	0.000000	6
118	2026-09-24T15:36:27.595291027Z	118011	nginx.service	1	0.000000	0.000000	0.000000	0.000000	5902336	0.152152	9048064	0.000000	0.000000	3
118	2026-09-24T15:36:27.595291027Z	118011	mysql.service	1	1.077703	0.538851	0.866002	0.211701	1666670592	42.963801	2171797504	0.000000	0.000000	43
119	2026-09-24T15:36:28.595289772Z	119011	isuconquest.go.service	1	1.335902	0.667951	1.029201	0.306700	6152192	0.158593	6725632	0.000000	0.000000	6
119	2026-09-24T15:36:28.595289772Z	119011	nginx.service	1	0.000000	0.000000	0.000000	0.000000	5902336	0.152152	9048064	0.000000	0.000000	3
119	2026-09-24T15:36:28.595289772Z	119011	mysql.service	1	1.106401	0.553201	1.106401	0.000000	1666666496	42.963696	2171797504	0.000000	0.000000	43
120	2026-09-24T15:36:29.594747Z	120010	isuconquest.go.service	1	1.220963	0.610481	0.954318	0.266745	6283264	0.161971	6725632	0.000000	0.000000	6
120	2026-09-24T15:36:29.594747Z	120010	nginx.service	1	0.000000	0.000000	0.000000	0.000000	5902336	0.152152	9048064	0.000000	0.000000	3
120	2026-09-24T15:36:29.594747Z	120010	mysql.service	1	1.113604	0.556802	0.954118	0.159387	1666670592	42.963801	2171797504	0.000000	0.000000	43
121	2026-09-24T15:36:30.595433228Z	121011	isuconquest.go.service	1	1.083656	0.541828	1.002012	0.081544	6504448	0.167673	6725632	0.000000	0.000000	6
121	2026-09-24T15:36:30.595433228Z	121011	nginx.service	1	0.000000	0.000000	0.000000	0.000000	5902336	0.152152	9048064	0.000000	0.000000	3
121	2026-09-24T15:36:30.595433228Z	121011	mysql.service	1	1.200876	0.600438	1.057075	0.143801	1666666496	42.963696	2171797504	0.000000	0.000000	43
122	2026-09-24T15:36:31.59473998Z	122010	isuconquest.go.service	1	1.122078	0.561039	0.467424	0.654654	6582272	0.169679	6725632	0.000000	0.000000	6
122	2026-09-24T15:36:31.59473998Z	122010	nginx.service	1	0.000000	0.000000	0.000000	0.000000	5902336	0.152152	9048064	0.000000	0.000000	3
122	2026-09-24T15:36:31.59473998Z	122010	mysql.service	1	1.116374	0.558187	0.897122	0.219352	1666666496	42.963696	2171797504	0.000000	0.000000	43
123	2026-09-24T15:36:32.595381796Z	123011	isuconquest.go.service	1	1.169549	0.584775	0.779600	0.390050	6598656	0.170102	6725632	0.000000	0.000000	6
123	2026-09-24T15:36:32.595381796Z	123011	nginx.service	1	0.000000	0.000000	0.000000	0.000000	5902336	0.152152	9048064	0.000000	0.000000	3
123	2026-09-24T15:36:32.595381796Z	123011	mysql.service	1	1.150961	0.575481	0.924906	0.226055	1666670592	42.963801	2171797504	0.000000	0.000000	43
124	2026-09-24T15:36:33.594738953Z	124010	isuconquest.go.service	1	1.353770	0.676885	1.044371	0.309399	6467584	0.166723	6729728	0.000000	0.000000	6
124	2026-09-24T15:36:33.594738953Z	124010	nginx.service	1	0.000000	0.000000	0.000000	0.000000	5902336	0.152152	9048064	0.000000	0.000000	3
124	2026-09-24T15:36:33.594738953Z	124010	mysql.service	1	1.173254	0.586627	0.942706	0.230548	1666666496	42.963696	2171797504	0.000000	0.000000	43
125	2026-09-24T15:36:34.595380743Z	125011	isuconquest.go.service	1	1.240004	0.620002	0.969778	0.270227	6471680	0.166828	6729728	0.000000	0.000000	6
125	2026-09-24T15:36:34.595380743Z	125011	nginx.service	1	0.000000	0.000000	0.000000	0.000000	5902336	0.152152	9048064	0.000000	0.000000	3
125	2026-09-24T15:36:34.595380743Z	125011	mysql.service	1	1.151461	0.575730	0.548248	0.603113	1666666496	42.963696	2171797504	0.000000	0.000000	43
126	2026-09-24T15:36:35.594739214Z	126010	isuconquest.go.service	1	1.181658	0.590829	1.071387	0.110171	6467584	0.166723	6729728	0.000000	0.000000	6
126	2026-09-24T15:36:35.594739214Z	126010	nginx.service	1	0.000000	0.000000	0.000000	0.000000	5902336	0.152152	9048064	0.000000	0.000000	3
126	2026-09-24T15:36:35.594739214Z	126010	mysql.service	1	1.171652	0.585826	0.941504	0.230248	1666666496	42.963696	2171797504	0.000000	0.000000	43
127	2026-09-24T15:36:36.595448168Z	127011	isuconquest.go.service	1	1.248115	0.624058	1.107315	0.140800	6144000	0.158381	6729728	0.000000	0.000000	6
127	2026-09-24T15:36:36.595448168Z	127011	nginx.service	1	0.000000	0.000000	0.000000	0.000000	5902336	0.152152	9048064	0.000000	0.000000	3
127	2026-09-24T15:36:36.595448168Z	127011	mysql.service	1	1.164474	0.582237	0.935637	0.228738	1666666496	42.963696	2171797504	0.000000	0.000000	43
128	2026-09-24T15:36:37.595289744Z	128011	isuconquest.go.service	1	1.220793	0.610397	1.220793	0.000000	6275072	0.161760	6729728	0.000000	0.000000	6
128	2026-09-24T15:36:37.595289744Z	128011	nginx.service	1	0.000000	0.000000	0.000000	0.000000	5902336	0.152152	9048064	0.000000	0.000000	3
128	2026-09-24T15:36:37.595289744Z	128011	mysql.service	1	1.164785	0.582392	0.558689	0.606196	1666666496	42.963696	2171797504	0.000000	0.000000	43
129	2026-09-24T15:36:38.595290924Z	129011	isuconquest.go.service	1	1.248799	0.624399	0.697799	0.551099	6144000	0.158381	6729728	0.000000	0.000000	6
129	2026-09-24T15:36:38.595290924Z	129011	nginx.service	1	0.000000	0.000000	0.000000	0.000000	5902336	0.152152	9048064	0.000000	0.000000	3
129	2026-09-24T15:36:38.595290924Z	129011	mysql.service	1	1.165399	0.582699	1.028599	0.136700	1666666496	42.963696	2171797504	0.000000	0.000000	43
130	2026-09-24T15:36:39.594835935Z	130010	isuconquest.go.service	1	1.186940	0.593470	1.186840	0.000000	6144000	0.158381	6729728	0.000000	0.000000	6
130	2026-09-24T15:36:39.594835935Z	130010	nginx.service	1	0.000000	0.000000	0.000000	0.000000	5902336	0.152152	9048064	0.000000	0.000000	3
130	2026-09-24T15:36:39.594835935Z	130010	mysql.service	1	1.124812	0.562406	0.903911	0.221001	1666670592	42.963801	2171797504	0.000000	0.000000	43
131	2026-09-24T15:36:40.594833975Z	131010	isuconquest.go.service	1	0.997802	0.498901	0.834102	0.163800	6275072	0.161760	6729728	0.000000	0.000000	6
131	2026-09-24T15:36:40.594833975Z	131010	nginx.service	1	0.000000	0.000000	0.000000	0.000000	5902336	0.152152	9048064	0.000000	0.000000	3
131	2026-09-24T15:36:40.594833975Z	131010	mysql.service	1	1.192002	0.596001	0.957802	0.234200	1666666496	42.963696	2171797504	0.000000	0.000000	43
132	2026-09-24T15:36:41.594794709Z	132010	isuconquest.go.service	1	1.018540	0.509270	0.809732	0.208708	6148096	0.158487	6729728	0.000000	0.000000	6
132	2026-09-24T15:36:41.594794709Z	132010	nginx.service	1	0.000000	0.000000	0.000000	0.000000	5902336	0.152152	9048064	0.000000	0.000000	3
132	2026-09-24T15:36:41.594794709Z	132010	mysql.service	1	0.944437	0.472219	0.758830	0.185507	1666666496	42.963696	2171797504	0.000000	0.000000	43
133	2026-09-24T15:36:42.595436723Z	133011	isuconquest.go.service	1	1.016847	0.508424	0.000000	1.016847	6148096	0.158487	6729728	0.000000	0.000000	6
133	2026-09-24T15:36:42.595436723Z	133011	nginx.service	1	0.000000	0.000000	0.000000	0.000000	5902336	0.152152	9048064	0.000000	0.000000	3
133	2026-09-24T15:36:42.595436723Z	133011	mysql.service	1	0.979171	0.489586	0.786895	0.192376	1666666496	42.963696	2171797504	0.000000	0.000000	43
134	2026-09-24T15:36:43.595289588Z	134011	isuconquest.go.service	1	1.167472	0.583736	1.035452	0.132119	6152192	0.158593	6729728	0.000000	0.000000	6
134	2026-09-24T15:36:43.595289588Z	134011	nginx.service	1	0.000000	0.000000	0.000000	0.000000	5902336	0.152152	9048064	0.000000	0.000000	3
134	2026-09-24T15:36:43.595289588Z	134011	mysql.service	1	1.011749	0.505874	0.812920	0.198829	1666666496	42.963696	2171797504	0.000000	0.000000	43
135	2026-09-24T15:36:44.594740883Z	135010	isuconquest.go.service	1	1.171043	0.585521	1.062983	0.107959	6279168	0.161866	6729728	0.000000	0.000000	6
135	2026-09-24T15:36:44.594740883Z	135010	nginx.service	1	0.000000	0.000000	0.000000	0.000000	5902336	0.152152	9048064	0.000000	0.000000	3
135	2026-09-24T15:36:44.594740883Z	135010	mysql.service	1	0.971033	0.485516	0.780228	0.190705	1666666496	42.963696	2171797504	0.000000	0.000000	43
136	2026-09-24T15:36:45.595360596Z	136011	isuconquest.go.service	1	1.191562	0.595781	0.944015	0.247547	6148096	0.158487	6729728	0.000000	0.000000	6
136	2026-09-24T15:36:45.595360596Z	136011	nginx.service	1	0.000000	0.000000	0.000000	0.000000	5902336	0.152152	9048064	0.000000	0.000000	3
136	2026-09-24T15:36:45.595360596Z	136011	mysql.service	1	1.013872	0.506936	0.814695	0.199277	1666666496	42.963696	2171797504	0.000000	0.000000	43
137	2026-09-24T15:36:46.595290854Z	137011	isuconquest.go.service	1	1.157481	0.578740	0.904263	0.253318	6189056	0.159543	6729728	0.000000	0.000000	6
137	2026-09-24T15:36:46.595290854Z	137011	nginx.service	1	0.000000	0.000000	0.000000	0.000000	5902336	0.152152	9048064	0.000000	0.000000	3
137	2026-09-24T15:36:46.595290854Z	137011	mysql.service	1	0.931465	0.465732	0.463332	0.468133	1666670592	42.963801	2171797504	0.000000	0.000000	43
138	2026-09-24T15:36:47.594750927Z	138010	isuconquest.go.service	1	1.070578	0.535289	1.070478	0.000000	6418432	0.165456	6729728	0.000000	0.000000	6
138	2026-09-24T15:36:47.594750927Z	138010	nginx.service	1	0.000000	0.000000	0.000000	0.000000	5902336	0.152152	9048064	0.000000	0.000000	3
138	2026-09-24T15:36:47.594750927Z	138010	mysql.service	1	1.019651	0.509825	0.064135	0.955416	1666666496	42.963696	2171797504	0.000000	0.000000	43
139	2026-09-24T15:36:48.595414131Z	139011	isuconquest.go.service	1	1.079784	0.539892	1.038711	0.041073	6537216	0.168518	6729728	0.000000	0.000000	6
139	2026-09-24T15:36:48.595414131Z	139011	nginx.service	1	0.000000	0.000000	0.000000	0.000000	5902336	0.152152	9048064	0.000000	0.000000	3
139	2026-09-24T15:36:48.595414131Z	139011	mysql.service	1	1.004034	0.502017	0.429615	0.574419	1666666496	42.963696	2171797504	0.000000	0.000000	43
140	2026-09-24T15:36:49.595289475Z	140011	isuconquest.go.service	1	1.180747	0.590374	0.915914	0.264933	6598656	0.170102	6729728	0.000000	0.000000	6
140	2026-09-24T15:36:49.595289475Z	140011	nginx.service	1	0.000000	0.000000	0.000000	0.000000	5902336	0.152152	9048064	0.000000	0.000000	3
140	2026-09-24T15:36:49.595289475Z	140011	mysql.service	1	1.026228	0.513114	0.916914	0.109414	1666666496	42.963696	2171797504	0.000000	0.000000	43
141	2026-09-24T15:36:50.59482888Z	141010	isuconquest.go.service	1	1.162936	0.581468	1.058387	0.104548	6602752	0.170207	6737920	0.000000	0.000000	6
141	2026-09-24T15:36:50.59482888Z	141010	nginx.service	1	0.000000	0.000000	0.000000	0.000000	5902336	0.152152	9048064	0.000000	0.000000	3
141	2026-09-24T15:36:50.59482888Z	141010	mysql.service	1	1.039379	0.519689	1.019770	0.019509	1666666496	42.963696	2171797504	0.000000	0.000000	43
142	2026-09-24T15:36:51.595477647Z	142011	isuconquest.go.service	1	1.050918	0.525459	0.722132	0.328687	6602752	0.170207	6737920	0.000000	0.000000	6
142	2026-09-24T15:36:51.595477647Z	142011	nginx.service	1	0.000000	0.000000	0.000000	0.000000	5902336	0.152152	9048064	0.000000	0.000000	3
142	2026-09-24T15:36:51.595477647Z	142011	mysql.service	1	0.948585	0.474292	0.762206	0.186479	1666666496	42.963696	2171797504	0.000000	0.000000	43
143	2026-09-24T15:36:52.59528947Z	143011	isuconquest.go.service	1	1.087105	0.543552	0.721336	0.365769	6471680	0.166828	6737920	0.000000	0.000000	6
143	2026-09-24T15:36:52.59528947Z	143011	nginx.service	1	0.000000	0.000000	0.000000	0.000000	5902336	0.152152	9048064	0.000000	0.000000	3
143	2026-09-24T15:36:52.59528947Z	143011	mysql.service	1	1.043996	0.521998	0.461387	0.582610	1666666496	42.963696	2171797504	0.000000	0.000000	43
144	2026-09-24T15:36:53.595289064Z	144011	isuconquest.go.service	1	0.983400	0.491700	0.752900	0.230600	6471680	0.166828	6737920	0.000000	0.000000	6
144	2026-09-24T15:36:53.595289064Z	144011	nginx.service	1	0.000000	0.000000	0.000000	0.000000	5902336	0.152152	9048064	0.000000	0.000000	3
144	2026-09-24T15:36:53.595289064Z	144011	mysql.service	1	1.010000	0.505000	0.996100	0.013800	1666666496	42.963696	2171797504	0.000000	0.000000	43
145	2026-09-24T15:36:54.595289372Z	145011	isuconquest.go.service	1	1.347600	0.673800	1.185100	0.162400	6148096	0.158487	6737920	0.000000	0.000000	6
145	2026-09-24T15:36:54.595289372Z	145011	nginx.service	1	0.000000	0.000000	0.000000	0.000000	5902336	0.152152	9048064	0.000000	0.000000	3
145	2026-09-24T15:36:54.595289372Z	145011	mysql.service	1	1.033200	0.516600	0.922500	0.110800	1666666496	42.963696	2171797504	0.000000	0.000000	43
146	2026-09-24T15:36:55.595289892Z	146011	isuconquest.go.service	1	1.085499	0.542750	0.438600	0.647000	6148096	0.158487	6737920	0.000000	0.000000	6
146	2026-09-24T15:36:55.595289892Z	146011	nginx.service	1	0.000000	0.000000	0.000000	0.000000	5902336	0.152152	9048064	0.000000	0.000000	3
146	2026-09-24T15:36:55.595289892Z	146011	mysql.service	1	1.126999	0.563500	0.905500	0.221500	1666670592	42.963801	2171797504	0.000000	0.000000	43
147	2026-09-24T15:36:56.595291826Z	147011	isuconquest.go.service	1	0.959598	0.479799	0.762499	0.197000	6148096	0.158487	6737920	0.000000	0.000000	6
147	2026-09-24T15:36:56.595291826Z	147011	nginx.service	1	0.000000	0.000000	0.000000	0.000000	5902336	0.152152	9048064	0.000000	0.000000	3
147	2026-09-24T15:36:56.595291826Z	147011	mysql.service	1	1.104798	0.552399	0.887698	0.217100	1666666496	42.963696	2171797504	0.000000	0.000000	43
148	2026-09-24T15:36:57.595291601Z	148011	isuconquest.go.service	1	1.139300	0.569650	0.912400	0.226900	6148096	0.158487	6737920	0.000000	0.000000	6
148	2026-09-24T15:36:57.595291601Z	148011	nginx.service	1	0.000000	0.000000	0.000000	0.000000	5902336	0.152152	9048064	0.000000	0.000000	3
148	2026-09-24T15:36:57.595291601Z	148011	mysql.service	1	1.112200	0.556100	0.893700	0.218500	1666670592	42.963801	2171797504	0.000000	0.000000	43
149	2026-09-24T15:36:58.595290458Z	149011	isuconquest.go.service	1	1.098501	0.549251	0.756401	0.342100	6279168	0.161866	6737920	0.000000	0.000000	6
149	2026-09-24T15:36:58.595290458Z	149011	nginx.service	1	0.000000	0.000000	0.000000	0.000000	5902336	0.152152	9048064	0.000000	0.000000	3
149	2026-09-24T15:36:58.595290458Z	149011	mysql.service	1	1.131501	0.565751	1.001401	0.130100	1666666496	42.963696	2171797504	0.000000	0.000000	43
150	2026-09-24T15:36:59.595289279Z	150011	isuconquest.go.service	1	1.063601	0.531801	0.834101	0.229600	6148096	0.158487	6737920	0.000000	0.000000	6
150	2026-09-24T15:36:59.595289279Z	150011	nginx.service	1	0.000000	0.000000	0.000000	0.000000	5902336	0.152152	9048064	0.000000	0.000000	3
150	2026-09-24T15:36:59.595289279Z	150011	mysql.service	1	1.108201	0.554101	0.512901	0.595201	1666666496	42.963696	2171797504	0.000000	0.000000	43
151	2026-09-24T15:37:00.594834937Z	151010	isuconquest.go.service	1	1.024265	0.512133	0.000000	1.024265	6279168	0.161866	6737920	0.000000	0.000000	6
151	2026-09-24T15:37:00.594834937Z	151010	nginx.service	1	0.000000	0.000000	0.000000	0.000000	5902336	0.152152	9048064	0.000000	0.000000	3
151	2026-09-24T15:37:00.594834937Z	151010	mysql.service	1	1.219354	0.609677	1.164529	0.054925	1666670592	42.963801	2171797504	0.000000	0.000000	43
152	2026-09-24T15:37:01.594739801Z	152010	isuconquest.go.service	1	1.008096	0.504048	0.778774	0.229222	6148096	0.158487	6737920	0.000000	0.000000	6
152	2026-09-24T15:37:01.594739801Z	152010	nginx.service	1	0.000000	0.000000	0.000000	0.000000	5902336	0.152152	9048064	0.000000	0.000000	3
152	2026-09-24T15:37:01.594739801Z	152010	mysql.service	1	1.105305	0.552653	0.980393	0.124812	1666670592	42.963801	2171797504	0.000000	0.000000	43
153	2026-09-24T15:37:02.595371046Z	153011	isuconquest.go.service	1	1.086414	0.543207	0.850263	0.236251	6156288	0.158698	6737920	0.000000	0.000000	6
153	2026-09-24T15:37:02.595371046Z	153011	nginx.service	1	0.000000	0.000000	0.000000	0.000000	5902336	0.152152	9048064	0.000000	0.000000	3
153	2026-09-24T15:37:02.595371046Z	153011	mysql.service	1	1.114696	0.557348	0.895635	0.219062	1666666496	42.963696	2171797504	0.000000	0.000000	43
154	2026-09-24T15:37:03.594834723Z	154010	isuconquest.go.service	1	1.245868	0.622934	1.086883	0.158885	6279168	0.161866	6737920	0.000000	0.000000	6
154	2026-09-24T15:37:03.594834723Z	154010	nginx.service	1	0.000000	0.000000	0.000000	0.000000	5902336	0.152152	9048064	0.000000	0.000000	3
154	2026-09-24T15:37:03.594834723Z	154010	mysql.service	1	1.100690	0.550345	0.884474	0.216316	1666666496	42.963696	2171797504	0.000000	0.000000	43
155	2026-09-24T15:37:04.595499312Z	155011	isuconquest.go.service	1	1.065092	0.532546	0.706830	0.358262	6287360	0.162077	6737920	0.000000	0.000000	6
155	2026-09-24T15:37:04.595499312Z	155011	nginx.service	1	0.000000	0.000000	0.000000	0.000000	5902336	0.152152	9048064	0.000000	0.000000	3
155	2026-09-24T15:37:04.595499312Z	155011	mysql.service	1	1.101268	0.550634	0.884812	0.216456	1666670592	42.963801	2171797504	0.000000	0.000000	43
156	2026-09-24T15:37:05.594739949Z	156010	isuconquest.go.service	1	1.192105	0.596053	0.921300	0.270906	6361088	0.163978	6737920	0.000000	0.000000	6
156	2026-09-24T15:37:05.594739949Z	156010	nginx.service	1	0.000000	0.000000	0.000000	0.000000	5902336	0.152152	9048064	0.000000	0.000000	3
156	2026-09-24T15:37:05.594739949Z	156010	mysql.service	1	1.119250	0.559625	0.899283	0.219867	1666670592	42.963801	2171797504	0.000000	0.000000	43
157	2026-09-24T15:37:06.595378122Z	157011	isuconquest.go.service	1	1.182645	0.591323	0.813481	0.369064	6483968	0.167145	6737920	0.000000	0.000000	6
157	2026-09-24T15:37:06.595378122Z	157011	nginx.service	1	0.000000	0.000000	0.000000	0.000000	5902336	0.152152	9048064	0.000000	0.000000	3
157	2026-09-24T15:37:06.595378122Z	157011	mysql.service	1	1.110192	0.555096	1.076613	0.033679	1666666496	42.963696	2171797504	0.000000	0.000000	43
158	2026-09-24T15:37:07.595291126Z	158011	isuconquest.go.service	1	1.176502	0.588251	0.502844	0.673759	6479872	0.167040	6737920	0.000000	0.000000	6
158	2026-09-24T15:37:07.595291126Z	158011	nginx.service	1	0.000000	0.000000	0.000000	0.000000	5902336	0.152152	9048064	0.000000	0.000000	3
158	2026-09-24T15:37:07.595291126Z	158011	mysql.service	1	1.117497	0.558749	0.897878	0.219519	1666666496	42.963696	2171797504	0.000000	0.000000	43
159	2026-09-24T15:37:08.59529Z	159011	isuconquest.go.service	1	1.212101	0.606051	0.959401	0.252600	6610944	0.170418	6746112	0.000000	0.000000	6
159	2026-09-24T15:37:08.59529Z	159011	nginx.service	1	0.000000	0.000000	0.000000	0.000000	5902336	0.152152	9048064	0.000000	0.000000	3
159	2026-09-24T15:37:08.59529Z	159011	mysql.service	1	1.121301	0.560651	0.523401	0.597901	1666666496	42.963696	2171797504	0.000000	0.000000	43
160	2026-09-24T15:37:09.595291954Z	160011	isuconquest.go.service	1	1.104198	0.552099	0.605099	0.499099	6479872	0.167040	6746112	0.000000	0.000000	6
160	2026-09-24T15:37:09.595291954Z	160011	nginx.service	1	0.000000	0.000000	0.000000	0.000000	5902336	0.152152	9048064	0.000000	0.000000	3
160	2026-09-24T15:37:09.595291954Z	160011	mysql.service	1	1.113598	0.556799	0.894698	0.218900	1666666496	42.963696	2171797504	0.000000	0.000000	43
161	2026-09-24T15:37:10.595293471Z	161011	isuconquest.go.service	1	1.164598	0.582299	1.164598	0.000000	6479872	0.167040	6746112	0.000000	0.000000	6
161	2026-09-24T15:37:10.595293471Z	161011	nginx.service	1	0.000000	0.000000	0.000000	0.000000	5902336	0.152152	9048064	0.000000	0.000000	3
161	2026-09-24T15:37:10.595293471Z	161011	mysql.service	1	1.248298	0.624149	1.003098	0.245300	1666666496	42.963696	2171797504	0.000000	0.000000	43
162	2026-09-24T15:37:11.595292146Z	162011	isuconquest.go.service	1	1.156502	0.578251	0.917801	0.238800	6483968	0.167145	6746112	0.000000	0.000000	6
162	2026-09-24T15:37:11.595292146Z	162011	nginx.service	1	0.000000	0.000000	0.000000	0.000000	5902336	0.152152	9048064	0.000000	0.000000	3
162	2026-09-24T15:37:11.595292146Z	162011	mysql.service	1	1.132601	0.566301	0.910001	0.222600	1666666496	42.963696	2171797504	0.000000	0.000000	43
163	2026-09-24T15:37:12.595291661Z	163011	isuconquest.go.service	1	1.150201	0.575100	0.356200	0.794000	6479872	0.167040	6746112	0.000000	0.000000	6
163	2026-09-24T15:37:12.595291661Z	163011	nginx.service	1	0.000000	0.000000	0.000000	0.000000	5902336	0.152152	9048064	0.000000	0.000000	3
163	2026-09-24T15:37:12.595291661Z	163011	mysql.service	1	1.147001	0.573500	1.013901	0.133000	1666666496	42.963696	2171797504	0.000000	0.000000	43
164	2026-09-24T15:37:13.594832895Z	164010	isuconquest.go.service	1	1.323107	0.661553	0.474618	0.848489	6287360	0.162077	6746112	0.000000	0.000000	6
164	2026-09-24T15:37:13.594832895Z	164010	nginx.service	1	0.000000	0.000000	0.000000	0.000000	5902336	0.152152	9048064	0.000000	0.000000	3
164	2026-09-24T15:37:13.594832895Z	164010	mysql.service	1	1.149427	0.574714	0.923524	0.225904	1666666496	42.963696	2171797504	0.000000	0.000000	43
165	2026-09-24T15:37:14.595493288Z	165011	isuconquest.go.service	1	1.145643	0.572822	0.741310	0.404333	6160384	0.158804	6746112	0.000000	0.000000	6
165	2026-09-24T15:37:14.595493288Z	165011	nginx.service	1	0.000000	0.000000	0.000000	0.000000	5902336	0.152152	9048064	0.000000	0.000000	3
165	2026-09-24T15:37:14.595493288Z	165011	mysql.service	1	1.151540	0.575770	0.925289	0.226251	1666670592	42.963801	2171797504	0.000000	0.000000	43
166	2026-09-24T15:37:15.595293185Z	166011	isuconquest.go.service	1	1.188338	0.594169	0.385277	0.802961	6156288	0.158698	6746112	0.000000	0.000000	6
166	2026-09-24T15:37:15.595293185Z	166011	nginx.service	1	0.000000	0.000000	0.000000	0.000000	5902336	0.152152	9048064	0.000000	0.000000	3
166	2026-09-24T15:37:15.595293185Z	166011	mysql.service	1	1.166633	0.583317	0.559712	0.607021	1666666496	42.963696	2171797504	0.000000	0.000000	43
167	2026-09-24T15:37:16.59529074Z	167011	isuconquest.go.service	1	1.283903	0.641952	1.133403	0.150600	6156288	0.158698	6746112	0.000000	0.000000	6
167	2026-09-24T15:37:16.59529074Z	167011	nginx.service	1	0.000000	0.000000	0.000000	0.000000	5902336	0.152152	9048064	0.000000	0.000000	3
167	2026-09-24T15:37:16.59529074Z	167011	mysql.service	1	1.163803	0.581901	0.935102	0.228701	1666670592	42.963801	2171797504	0.000000	0.000000	43
168	2026-09-24T15:37:17.594751535Z	168010	isuconquest.go.service	1	1.359833	0.679916	0.630840	0.728893	6287360	0.162077	6746112	0.000000	0.000000	6
168	2026-09-24T15:37:17.594751535Z	168010	nginx.service	1	0.000000	0.000000	0.000000	0.000000	5902336	0.152152	9048064	0.000000	0.000000	3
168	2026-09-24T15:37:17.594751535Z	168010	mysql.service	1	1.169430	0.584715	1.031956	0.137374	1666666496	42.963696	2171797504	0.000000	0.000000	43
169	2026-09-24T15:37:18.595445055Z	169011	isuconquest.go.service	1	1.145106	0.572553	0.617972	0.527234	6160384	0.158804	6746112	0.000000	0.000000	6
169	2026-09-24T15:37:18.595445055Z	169011	nginx.service	1	0.000000	0.000000	0.000000	0.000000	5902336	0.152152	9048064	0.000000	0.000000	3
169	2026-09-24T15:37:18.595445055Z	169011	mysql.service	1	1.146006	0.573003	0.920862	0.225244	1666666496	42.963696	2171797504	0.000000	0.000000	43
170	2026-09-24T15:37:19.594835576Z	170010	isuconquest.go.service	1	1.167512	0.583756	0.502706	0.664805	6156288	0.158698	6746112	0.000000	0.000000	6
170	2026-09-24T15:37:19.594835576Z	170010	nginx.service	1	0.000000	0.000000	0.000000	0.000000	5902336	0.152152	9048064	0.000000	0.000000	3
170	2026-09-24T15:37:19.594835576Z	170010	mysql.service	1	1.112278	0.556139	0.986101	0.126177	1666666496	42.963696	2171797504	0.000000	0.000000	43
171	2026-09-24T15:37:20.594833537Z	171010	isuconquest.go.service	1	1.124402	0.562201	0.763502	0.360801	6287360	0.162077	6746112	0.000000	0.000000	6
171	2026-09-24T15:37:20.594833537Z	171010	nginx.service	1	0.000000	0.000000	0.000000	0.000000	5902336	0.152152	9048064	0.000000	0.000000	3
171	2026-09-24T15:37:20.594833537Z	171010	mysql.service	1	1.184702	0.592351	1.044302	0.140400	1666666496	42.963696	2171797504	0.000000	0.000000	43
172	2026-09-24T15:37:21.595486432Z	172011	isuconquest.go.service	1	1.034525	0.517262	0.426022	0.608603	6164480	0.158909	6746112	0.000000	0.000000	6
172	2026-09-24T15:37:21.595486432Z	172011	nginx.service	1	0.000000	0.000000	0.000000	0.000000	5902336	0.152152	9048064	0.000000	0.000000	3
172	2026-09-24T15:37:21.595486432Z	172011	mysql.service	1	1.049915	0.524957	0.843449	0.206365	1666666496	42.963696	2171797504	0.000000	0.000000	43
173	2026-09-24T15:37:22.595291314Z	173011	isuconquest.go.service	1	1.164227	0.582114	0.367172	0.796955	6168576	0.159015	6746112	0.000000	0.000000	6
173	2026-09-24T15:37:22.595291314Z	173011	nginx.service	1	0.000000	0.000000	0.000000	0.000000	5902336	0.152152	9048064	0.000000	0.000000	3
173	2026-09-24T15:37:22.595291314Z	173011	mysql.service	1	1.060807	0.530403	0.852366	0.208441	1666670592	42.963801	2171797504	0.000000	0.000000	43
174	2026-09-24T15:37:23.595290141Z	174011	isuconquest.go.service	1	1.104301	0.552151	0.602801	0.501601	6361088	0.163978	6746112	0.000000	0.000000	6
174	2026-09-24T15:37:23.595290141Z	174011	nginx.service	1	0.000000	0.000000	0.000000	0.000000	5902336	0.152152	9048064	0.000000	0.000000	3
174	2026-09-24T15:37:23.595290141Z	174011	mysql.service	1	1.081801	0.540901	0.491501	0.590401	1666666496	42.963696	2171797504	0.000000	0.000000	43
175	2026-09-24T15:37:24.595291416Z	175011	isuconquest.go.service	1	0.952999	0.476499	0.776099	0.176800	6471680	0.166828	6746112	0.000000	0.000000	6
175	2026-09-24T15:37:24.595291416Z	175011	nginx.service	1	0.000000	0.000000	0.000000	0.000000	5902336	0.152152	9048064	0.000000	0.000000	3
175	2026-09-24T15:37:24.595291416Z	175011	mysql.service	1	1.019599	0.509799	0.819199	0.200300	1666666496	42.963696	2171797504	0.000000	0.000000	43
176	2026-09-24T15:37:25.595292466Z	176011	isuconquest.go.service	1	1.178599	0.589299	0.376400	0.802299	6475776	0.166934	6746112	0.000000	0.000000	6
176	2026-09-24T15:37:25.595292466Z	176011	nginx.service	1	0.000000	0.000000	0.000000	0.000000	5902336	0.152152	9048064	0.000000	0.000000	3
176	2026-09-24T15:37:25.595292466Z	176011	mysql.service	1	1.028299	0.514149	0.448500	0.579899	1666666496	42.963696	2171797504	0.000000	0.000000	43
177	2026-09-24T15:37:26.595288804Z	177011	isuconquest.go.service	1	1.115404	0.557702	1.018604	0.096700	6488064	0.167251	6750208	0.000000	0.000000	6
177	2026-09-24T15:37:26.595288804Z	177011	nginx.service	1	0.000000	0.000000	0.000000	0.000000	5902336	0.152152	9048064	0.000000	0.000000	3
177	2026-09-24T15:37:26.595288804Z	177011	mysql.service	1	0.951603	0.475802	0.764603	0.187001	1666666496	42.963696	2171797504	0.000000	0.000000	43
178	2026-09-24T15:37:27.595287632Z	178011	isuconquest.go.service	1	1.128701	0.564351	0.884001	0.244700	6492160	0.167356	6750208	0.000000	0.000000	6
178	2026-09-24T15:37:27.595287632Z	178011	nginx.service	1	0.000000	0.000000	0.000000	0.000000	5902336	0.152152	9048064	0.000000	0.000000	3
178	2026-09-24T15:37:27.595287632Z	178011	mysql.service	1	0.952301	0.476151	0.765101	0.187200	1666666496	42.963696	2171797504	0.000000	0.000000	43
179	2026-09-24T15:37:28.595292103Z	179011	isuconquest.go.service	1	1.147195	0.573597	0.774797	0.372398	6619136	0.170630	6750208	0.000000	0.000000	6
179	2026-09-24T15:37:28.595292103Z	179011	nginx.service	1	0.000000	0.000000	0.000000	0.000000	5902336	0.152152	9048064	0.000000	0.000000	3
179	2026-09-24T15:37:28.595292103Z	179011	mysql.service	1	1.034495	0.517248	0.831196	0.203299	1666666496	42.963696	2171797504	0.000000	0.000000	43
180	2026-09-24T15:37:29.595288915Z	180011	isuconquest.go.service	1	1.079503	0.539752	0.584802	0.494702	6619136	0.170630	6750208	0.000000	0.000000	6
180	2026-09-24T15:37:29.595288915Z	180011	nginx.service	1	0.000000	0.000000	0.000000	0.000000	5902336	0.152152	9048064	0.000000	0.000000	3
180	2026-09-24T15:37:29.595288915Z	180011	mysql.service	1	1.036203	0.518102	0.832503	0.203701	1666670592	42.963801	2171797504	0.000000	0.000000	43
181	2026-09-24T15:37:30.594740806Z	181010	isuconquest.go.service	1	1.186450	0.593225	0.934812	0.251638	6619136	0.170630	6750208	0.000000	0.000000	6
181	2026-09-24T15:37:30.594740806Z	181010	nginx.service	1	0.000000	0.000000	0.000000	0.000000	5902336	0.152152	9048064	0.000000	0.000000	3
181	2026-09-24T15:37:30.594740806Z	181010	mysql.service	1	1.132521	0.566260	0.909899	0.222522	1666670592	42.963801	2171797504	0.000000	0.000000	43
182	2026-09-24T15:37:31.59483571Z	182010	isuconquest.go.service	1	1.184688	0.592344	1.068699	0.116089	6164480	0.158909	6750208	0.000000	0.000000	6
182	2026-09-24T15:37:31.59483571Z	182010	nginx.service	1	0.000000	0.000000	0.000000	0.000000	5902336	0.152152	9048064	0.000000	0.000000	3
182	2026-09-24T15:37:31.59483571Z	182010	mysql.service	1	1.022603	0.511301	0.821622	0.200981	1666666496	42.963696	2171797504	0.000000	0.000000	43
183	2026-09-24T15:37:32.594738756Z	183010	isuconquest.go.service	1	0.942391	0.471196	0.625261	0.317031	6160384	0.158804	6750208	0.000000	0.000000	6
183	2026-09-24T15:37:32.594738756Z	183010	nginx.service	1	0.000000	0.000000	0.000000	0.000000	5902336	0.152152	9048064	0.000000	0.000000	3
183	2026-09-24T15:37:32.594738756Z	183010	mysql.service	1	1.031800	0.515900	1.013898	0.018002	1666666496	42.963696	2171797504	0.000000	0.000000	43
184	2026-09-24T15:37:33.595357197Z	184011	isuconquest.go.service	1	1.002680	0.501340	0.945715	0.057065	6164480	0.158909	6750208	0.000000	0.000000	6
184	2026-09-24T15:37:33.595357197Z	184011	nginx.service	1	0.000000	0.000000	0.000000	0.000000	5902336	0.152152	9048064	0.000000	0.000000	3
184	2026-09-24T15:37:33.595357197Z	184011	mysql.service	1	1.087627	0.543814	0.873860	0.213668	1666670592	42.963801	2171797504	0.000000	0.000000	43
185	2026-09-24T15:37:34.595286544Z	185011	isuconquest.go.service	1	1.092477	0.546239	0.034802	1.057575	6164480	0.158909	6750208	0.000000	0.000000	6
185	2026-09-24T15:37:34.595286544Z	185011	nginx.service	1	0.000000	0.000000	0.000000	0.000000	5902336	0.152152	9048064	0.000000	0.000000	3
185	2026-09-24T15:37:34.595286544Z	185011	mysql.service	1	1.083177	0.541588	0.870361	0.212915	1666666496	42.963696	2171797504	0.000000	0.000000	43
186	2026-09-24T15:37:35.594935808Z	186010	isuconquest.go.service	1	0.963638	0.481819	0.784575	0.179063	6164480	0.158909	6750208	0.000000	0.000000	6
186	2026-09-24T15:37:35.594935808Z	186010	nginx.service	1	0.000000	0.000000	0.000000	0.000000	5902336	0.152152	9048064	0.000000	0.000000	3
186	2026-09-24T15:37:35.594935808Z	186010	mysql.service	1	1.084981	0.542490	0.493773	0.591207	1666666496	42.963696	2171797504	0.000000	0.000000	43
187	2026-09-24T15:37:36.595471905Z	187011	isuconquest.go.service	1	1.027849	0.513924	0.000000	1.027949	6160384	0.158804	6750208	0.000000	0.000000	6
187	2026-09-24T15:37:36.595471905Z	187011	nginx.service	1	0.000000	0.000000	0.000000	0.000000	5902336	0.152152	9048064	0.000000	0.000000	3
187	2026-09-24T15:37:36.595471905Z	187011	mysql.service	1	1.111304	0.555652	0.229877	0.881328	1666666496	42.963696	2171797504	0.000000	0.000000	43
188	2026-09-24T15:37:37.595290604Z	188011	isuconquest.go.service	1	1.098899	0.549450	0.725332	0.373568	6160384	0.158804	6750208	0.000000	0.000000	6
188	2026-09-24T15:37:37.595290604Z	188011	nginx.service	1	0.000000	0.000000	0.000000	0.000000	5902336	0.152152	9048064	0.000000	0.000000	3
188	2026-09-24T15:37:37.595290604Z	188011	mysql.service	1	1.120103	0.560052	0.899963	0.220240	1666666496	42.963696	2171797504	0.000000	0.000000	43
189	2026-09-24T15:37:38.595288534Z	189011	isuconquest.go.service	1	1.167302	0.583651	1.054902	0.112300	6295552	0.162288	6750208	0.000000	0.000000	6
189	2026-09-24T15:37:38.595288534Z	189011	nginx.service	1	0.000000	0.000000	0.000000	0.000000	5902336	0.152152	9048064	0.000000	0.000000	3
189	2026-09-24T15:37:38.595288534Z	189011	mysql.service	1	1.121302	0.560651	0.993302	0.127900	1666666496	42.963696	2171797504	0.000000	0.000000	43
190	2026-09-24T15:37:39.595290865Z	190011	isuconquest.go.service	1	1.105897	0.552949	0.601399	0.504499	6160384	0.158804	6750208	0.000000	0.000000	6
190	2026-09-24T15:37:39.595290865Z	190011	nginx.service	1	0.000000	0.000000	0.000000	0.000000	5902336	0.152152	9048064	0.000000	0.000000	3
190	2026-09-24T15:37:39.595290865Z	190011	mysql.service	1	1.099297	0.549649	0.975598	0.123700	1666666496	42.963696	2171797504	0.000000	0.000000	43
191	2026-09-24T15:37:40.595293698Z	191011	isuconquest.go.service	1	1.314496	0.657248	0.876698	0.437799	6311936	0.162710	6750208	0.000000	0.000000	6
191	2026-09-24T15:37:40.595293698Z	191011	nginx.service	1	0.000000	0.000000	0.000000	0.000000	5902336	0.152152	9048064	0.000000	0.000000	3
191	2026-09-24T15:37:40.595293698Z	191011	mysql.service	1	1.182297	0.591148	0.949997	0.232399	1666666496	42.963696	2171797504	0.000000	0.000000	43
192	2026-09-24T15:37:41.594837981Z	192010	isuconquest.go.service	1	1.099901	0.549951	0.732534	0.367467	6422528	0.165561	6750208	0.000000	0.000000	6
192	2026-09-24T15:37:41.594837981Z	192010	nginx.service	1	0.000000	0.000000	0.000000	0.000000	5902336	0.152152	9048064	0.000000	0.000000	3
192	2026-09-24T15:37:41.594837981Z	192010	mysql.service	1	1.100001	0.550001	0.883803	0.216199	1666666496	42.963696	2171797504	0.000000	0.000000	43
193	2026-09-24T15:37:42.595481161Z	193011	isuconquest.go.service	1	1.125076	0.562538	1.125076	0.000000	6516736	0.167990	6750208	0.000000	0.000000	6
193	2026-09-24T15:37:42.595481161Z	193011	nginx.service	1	0.000000	0.000000	0.000000	0.000000	5902336	0.152152	9048064	0.000000	0.000000	3
193	2026-09-24T15:37:42.595481161Z	193011	mysql.service	1	1.105389	0.552695	0.888029	0.217260	1666670592	42.963801	2171797504	0.000000	0.000000	43
194	2026-09-24T15:37:43.595294317Z	194011	isuconquest.go.service	1	1.119009	0.559505	0.916171	0.202738	6488064	0.167251	6750208	0.000000	0.000000	6
194	2026-09-24T15:37:43.595294317Z	194011	nginx.service	1	0.000000	0.000000	0.000000	0.000000	5902336	0.152152	9048064	0.000000	0.000000	3
194	2026-09-24T15:37:43.595294317Z	194011	mysql.service	1	1.133212	0.566606	0.910470	0.222742	1666666496	42.963696	2171797504	0.000000	0.000000	43
195	2026-09-24T15:37:44.595291182Z	195011	isuconquest.go.service	1	1.187204	0.593602	0.379401	0.807803	6619136	0.170630	6750208	0.000000	0.000000	6
195	2026-09-24T15:37:44.595291182Z	195011	nginx.service	1	0.000000	0.000000	0.000000	0.000000	5902336	0.152152	9048064	0.000000	0.000000	3
195	2026-09-24T15:37:44.595291182Z	195011	mysql.service	1	1.117604	0.558802	0.898003	0.219701	1666666496	42.963696	2171797504	0.000000	0.000000	43
196	2026-09-24T15:37:45.595292803Z	196011	isuconquest.go.service	1	1.086098	0.543049	1.086198	0.000000	6492160	0.167356	6754304	0.000000	0.000000	6
196	2026-09-24T15:37:45.595292803Z	196011	nginx.service	1	0.000000	0.000000	0.000000	0.000000	5902336	0.152152	9048064	0.000000	0.000000	3
196	2026-09-24T15:37:45.595292803Z	196011	mysql.service	1	1.104598	0.552299	0.887399	0.217100	1666666496	42.963696	2171797504	0.000000	0.000000	43
197	2026-09-24T15:37:46.595288618Z	197011	isuconquest.go.service	1	1.167505	0.583752	0.692103	0.475302	6496256	0.167462	6754304	0.000000	0.000000	6
197	2026-09-24T15:37:46.595288618Z	197011	nginx.service	1	0.000000	0.000000	0.000000	0.000000	5902336	0.152152	9048064	0.000000	0.000000	3
197	2026-09-24T15:37:46.595288618Z	197011	mysql.service	1	1.098605	0.549302	0.882704	0.216001	1666666496	42.963696	2171797504	0.000000	0.000000	43
198	2026-09-24T15:37:47.594743713Z	198010	isuconquest.go.service	1	1.138620	0.569310	1.035964	0.102656	6492160	0.167356	6754304	0.000000	0.000000	6
198	2026-09-24T15:37:47.594743713Z	198010	nginx.service	1	0.000000	0.000000	0.000000	0.000000	5902336	0.152152	9048064	0.000000	0.000000	3
198	2026-09-24T15:37:47.594743713Z	198010	mysql.service	1	1.076186	0.538093	0.486365	0.589721	1666666496	42.963696	2171797504	0.000000	0.000000	43
199	2026-09-24T15:37:48.594740032Z	199010	isuconquest.go.service	1	1.158004	0.579002	0.637002	0.521002	6164480	0.158909	6754304	0.000000	0.000000	6
199	2026-09-24T15:37:48.594740032Z	199010	nginx.service	1	0.000000	0.000000	0.000000	0.000000	5902336	0.152152	9048064	0.000000	0.000000	3
199	2026-09-24T15:37:48.594740032Z	199010	mysql.service	1	1.119104	0.559552	0.899203	0.220001	1666666496	42.963696	2171797504	0.000000	0.000000	43
200	2026-09-24T15:37:49.594738971Z	200010	isuconquest.go.service	1	1.121501	0.560751	1.121601	0.000000	6303744	0.162499	6754304	0.000000	0.000000	6
200	2026-09-24T15:37:49.594738971Z	200010	nginx.service	1	0.000000	0.000000	0.000000	0.000000	5902336	0.152152	9048064	0.000000	0.000000	3
200	2026-09-24T15:37:49.594738971Z	200010	mysql.service	1	1.123301	0.561651	0.524401	0.598801	1666666496	42.963696	2171797504	0.000000	0.000000	43
201	2026-09-24T15:37:50.595226472Z	201011	isuconquest.go.service	1	1.130449	0.565224	1.057085	0.073364	6168576	0.159015	6754304	0.000000	0.000000	6
201	2026-09-24T15:37:50.595226472Z	201011	nginx.service	1	0.000000	0.000000	0.000000	0.000000	5902336	0.152152	9048064	0.000000	0.000000	3
201	2026-09-24T15:37:50.595226472Z	201011	mysql.service	1	1.222904	0.611452	1.074976	0.147928	1666670592	42.963801	2171797504	0.000000	0.000000	43
202	2026-09-24T15:37:51.59529382Z	202011	isuconquest.go.service	1	1.148523	0.574261	1.148523	0.000000	6172672	0.159120	6754304	0.000000	0.000000	6
202	2026-09-24T15:37:51.59529382Z	202011	nginx.service	1	0.000000	0.000000	0.000000	0.000000	5902336	0.152152	9048064	0.000000	0.000000	3
202	2026-09-24T15:37:51.59529382Z	202011	mysql.service	1	1.136223	0.568112	0.912839	0.223385	1666666496	42.963696	2171797504	0.000000	0.000000	43
203	2026-09-24T15:37:52.595294582Z	203011	isuconquest.go.service	1	1.161099	0.580550	0.948299	0.212800	6168576	0.159015	6754304	0.000000	0.000000	6
203	2026-09-24T15:37:52.595294582Z	203011	nginx.service	1	0.000000	0.000000	0.000000	0.000000	5902336	0.152152	9048064	0.000000	0.000000	3
203	2026-09-24T15:37:52.595294582Z	203011	mysql.service	1	1.150899	0.575450	1.017199	0.133800	1666670592	42.963801	2171797504	0.000000	0.000000	43
204	2026-09-24T15:37:53.594738597Z	204010	isuconquest.go.service	1	1.237388	0.618694	0.808950	0.428438	6168576	0.159015	6754304	0.000000	0.000000	6
204	2026-09-24T15:37:53.594738597Z	204010	nginx.service	1	0.000000	0.000000	0.000000	0.000000	5902336	0.152152	9048064	0.000000	0.000000	3
204	2026-09-24T15:37:53.594738597Z	204010	mysql.service	1	1.166649	0.583324	0.937321	0.229328	1666670592	42.963801	2171797504	0.000000	0.000000	43
205	2026-09-24T15:37:54.594739404Z	205010	isuconquest.go.service	1	1.163799	0.581900	1.163799	0.000000	6168576	0.159015	6754304	0.000000	0.000000	6
205	2026-09-24T15:37:54.594739404Z	205010	nginx.service	1	0.000000	0.000000	0.000000	0.000000	5902336	0.152152	9048064	0.000000	0.000000	3
205	2026-09-24T15:37:54.594739404Z	205010	mysql.service	1	1.134899	0.567450	0.911799	0.223100	1666666496	42.963696	2171797504	0.000000	0.000000	43
206	2026-09-24T15:37:55.594833477Z	206010	isuconquest.go.service	1	1.162390	0.581195	0.944511	0.217879	6168576	0.159015	6754304	0.000000	0.000000	6
206	2026-09-24T15:37:55.594833477Z	206010	nginx.service	1	0.000000	0.000000	0.000000	0.000000	5902336	0.152152	9048064	0.000000	0.000000	3
206	2026-09-24T15:37:55.594833477Z	206010	mysql.service	1	1.167590	0.583795	0.938012	0.229478	1666666496	42.963696	2171797504	0.000000	0.000000	43
207	2026-09-24T15:37:56.594739746Z	207010	isuconquest.go.service	1	1.089502	0.544751	1.089502	0.000000	6299648	0.162394	6754304	0.000000	0.000000	6
207	2026-09-24T15:37:56.594739746Z	207010	nginx.service	1	0.000000	0.000000	0.000000	0.000000	5902336	0.152152	9048064	0.000000	0.000000	3
207	2026-09-24T15:37:56.594739746Z	207010	mysql.service	1	1.141607	0.570804	1.009695	0.131912	1666666496	42.963696	2171797504	0.000000	0.000000	43
208	2026-09-24T15:37:57.594840628Z	208010	isuconquest.go.service	1	1.169782	0.584891	0.954704	0.215078	6168576	0.159015	6754304	0.000000	0.000000	6
208	2026-09-24T15:37:57.594840628Z	208010	nginx.service	1	0.000000	0.000000	0.000000	0.000000	5902336	0.152152	9048064	0.000000	0.000000	3
208	2026-09-24T15:37:57.594840628Z	208010	mysql.service	1	1.140385	0.570192	0.630736	0.509749	1666666496	42.963696	2171797504	0.000000	0.000000	43
209	2026-09-24T15:37:58.595290423Z	209011	isuconquest.go.service	1	1.205058	0.602529	0.522865	0.682193	6336512	0.163344	6754304	0.000000	0.000000	6
209	2026-09-24T15:37:58.595290423Z	209011	nginx.service	1	0.000000	0.000000	0.000000	0.000000	5902336	0.152152	9048064	0.000000	0.000000	3
209	2026-09-24T15:37:58.595290423Z	209011	mysql.service	1	1.138688	0.569344	0.914689	0.223899	1666666496	42.963696	2171797504	0.000000	0.000000	43
210	2026-09-24T15:37:59.595292013Z	210011	isuconquest.go.service	1	1.125798	0.562899	1.028898	0.096900	6455296	0.166406	6754304	0.000000	0.000000	6
210	2026-09-24T15:37:59.595292013Z	210011	nginx.service	1	0.000000	0.000000	0.000000	0.000000	5902336	0.152152	9048064	0.000000	0.000000	3
210	2026-09-24T15:37:59.595292013Z	210011	mysql.service	1	1.117598	0.558799	0.897999	0.219700	1666666496	42.963696	2171797504	0.000000	0.000000	43
211	2026-09-24T15:38:00.595288881Z	211011	isuconquest.go.service	1	1.255104	0.627552	0.296101	0.958903	6455296	0.166406	6754304	0.000000	0.000000	6
211	2026-09-24T15:38:00.595288881Z	211011	nginx.service	1	0.000000	0.000000	0.000000	0.000000	5902336	0.152152	9048064	0.000000	0.000000	3
211	2026-09-24T15:38:00.595288881Z	211011	mysql.service	1	1.233004	0.616502	1.083103	0.149900	1666670592	42.963801	2171797504	0.000000	0.000000	43
212	2026-09-24T15:38:01.595289052Z	212011	isuconquest.go.service	1	0.997100	0.498550	0.530200	0.466900	6496256	0.167462	6758400	0.000000	0.000000	6
212	2026-09-24T15:38:01.595289052Z	212011	nginx.service	1	0.000000	0.000000	0.000000	0.000000	5902336	0.152152	9048064	0.000000	0.000000	3
212	2026-09-24T15:38:01.595289052Z	212011	mysql.service	1	1.077100	0.538550	0.487200	0.589800	1666666496	42.963696	2171797504	0.000000	0.000000	43
213	2026-09-24T15:38:02.59528896Z	213011	isuconquest.go.service	1	1.110900	0.555450	0.327800	0.783100	6500352	0.167568	6758400	0.000000	0.000000	6
213	2026-09-24T15:38:02.59528896Z	213011	nginx.service	1	0.000000	0.000000	0.000000	0.000000	5902336	0.152152	9048064	0.000000	0.000000	3
213	2026-09-24T15:38:02.59528896Z	213011	mysql.service	1	1.095400	0.547700	0.880100	0.215400	1666666496	42.963696	2171797504	0.000000	0.000000	43
214	2026-09-24T15:38:03.595291514Z	214011	isuconquest.go.service	1	1.105997	0.552999	0.603698	0.502399	6496256	0.167462	6758400	0.000000	0.000000	6
214	2026-09-24T15:38:03.595291514Z	214011	nginx.service	1	0.000000	0.000000	0.000000	0.000000	5902336	0.152152	9048064	0.000000	0.000000	3
214	2026-09-24T15:38:03.595291514Z	214011	mysql.service	1	1.069297	0.534649	1.044097	0.025200	1666666496	42.963696	2171797504	0.000000	0.000000	43
215	2026-09-24T15:38:04.595286168Z	215011	isuconquest.go.service	1	1.086106	0.543053	0.736804	0.349202	6627328	0.170841	6758400	0.000000	0.000000	6
215	2026-09-24T15:38:04.595286168Z	215011	nginx.service	1	0.000000	0.000000	0.000000	0.000000	5902336	0.152152	9048064	0.000000	0.000000	3
215	2026-09-24T15:38:04.595286168Z	215011	mysql.service	1	1.053306	0.526653	0.560703	0.492603	1666670592	42.963801	2171797504	0.000000	0.000000	43
216	2026-09-24T15:38:05.594737874Z	216010	isuconquest.go.service	1	1.071187	0.535594	0.432237	0.639050	6496256	0.167462	6758400	0.000000	0.000000	6
216	2026-09-24T15:38:05.594737874Z	216010	nginx.service	1	0.000000	0.000000	0.000000	0.000000	5902336	0.152152	9048064	0.000000	0.000000	3
216	2026-09-24T15:38:05.594737874Z	216010	mysql.service	1	1.080592	0.540296	0.868076	0.212517	1666666496	42.963696	2171797504	0.000000	0.000000	43
217	2026-09-24T15:38:06.595606101Z	217011	isuconquest.go.service	1	1.154797	0.577399	1.034002	0.120695	6307840	0.162605	6758400	0.000000	0.000000	6
217	2026-09-24T15:38:06.595606101Z	217011	nginx.service	1	0.000000	0.000000	0.000000	0.000000	5902336	0.152152	9048064	0.000000	0.000000	3
217	2026-09-24T15:38:06.595606101Z	217011	mysql.service	1	1.083559	0.541780	0.495570	0.587890	1666666496	42.963696	2171797504	0.000000	0.000000	43
218	2026-09-24T15:38:07.594740431Z	218010	isuconquest.go.service	1	1.077132	0.538566	0.863347	0.213885	6176768	0.159226	6758400	0.000000	0.000000	6
218	2026-09-24T15:38:07.594740431Z	218010	nginx.service	1	0.000000	0.000000	0.000000	0.000000	5902336	0.152152	9048064	0.000000	0.000000	3
218	2026-09-24T15:38:07.594740431Z	218010	mysql.service	1	1.040501	0.520250	0.928604	0.111997	1666666496	42.963696	2171797504	0.000000	0.000000	43
219	2026-09-24T15:38:08.594738153Z	219010	isuconquest.go.service	1	1.041702	0.520851	0.839802	0.201900	6176768	0.159226	6758400	0.000000	0.000000	6
219	2026-09-24T15:38:08.594738153Z	219010	nginx.service	1	0.000000	0.000000	0.000000	0.000000	5902336	0.152152	9048064	0.000000	0.000000	3
219	2026-09-24T15:38:08.594738153Z	219010	mysql.service	1	1.043502	0.521751	0.082000	0.961502	1666666496	42.963696	2171797504	0.000000	0.000000	43
220	2026-09-24T15:38:09.594830404Z	220010	isuconquest.go.service	1	0.966611	0.483305	0.508353	0.458158	6180864	0.159332	6758400	0.000000	0.000000	6
220	2026-09-24T15:38:09.594830404Z	220010	nginx.service	1	0.000000	0.000000	0.000000	0.000000	5902336	0.152152	9048064	0.000000	0.000000	3
220	2026-09-24T15:38:09.594830404Z	220010	mysql.service	1	1.007107	0.503554	0.901617	0.105490	1666666496	42.963696	2171797504	0.000000	0.000000	43
221	2026-09-24T15:38:10.595495937Z	221011	isuconquest.go.service	1	1.098969	0.549484	1.099069	0.000000	6307840	0.162605	6758400	0.000000	0.000000	6
221	2026-09-24T15:38:10.595495937Z	221011	nginx.service	1	0.000000	0.000000	0.000000	0.000000	5902336	0.152152	9048064	0.000000	0.000000	3
221	2026-09-24T15:38:10.595495937Z	221011	mysql.service	1	1.126750	0.563375	0.905098	0.221553	1666670592	42.963801	2171797504	0.000000	0.000000	43
222	2026-09-24T15:38:11.595241916Z	222011	isuconquest.go.service	1	0.992252	0.496126	0.422607	0.569645	6307840	0.162605	6758400	0.000000	0.000000	6
222	2026-09-24T15:38:11.595241916Z	222011	nginx.service	1	0.000000	0.000000	0.000000	0.000000	5902336	0.152152	9048064	0.000000	0.000000	3
222	2026-09-24T15:38:11.595241916Z	222011	mysql.service	1	0.964645	0.482323	0.774997	0.189648	1666666496	42.963696	2171797504	0.000000	0.000000	43
223	2026-09-24T15:38:12.595289611Z	223011	isuconquest.go.service	1	1.089948	0.544974	0.577772	0.512176	6180864	0.159332	6758400	0.000000	0.000000	6
223	2026-09-24T15:38:12.595289611Z	223011	nginx.service	1	0.000000	0.000000	0.000000	0.000000	5902336	0.152152	9048064	0.000000	0.000000	3
223	2026-09-24T15:38:12.595289611Z	223011	mysql.service	1	1.010352	0.505176	0.811761	0.198691	1666666496	42.963696	2171797504	0.000000	0.000000	43
224	2026-09-24T15:38:13.595288475Z	224011	isuconquest.go.service	1	1.017901	0.508951	0.411500	0.606301	6176768	0.159226	6758400	0.000000	0.000000	6
224	2026-09-24T15:38:13.595288475Z	224011	nginx.service	1	0.000000	0.000000	0.000000	0.000000	5902336	0.152152	9048064	0.000000	0.000000	3
224	2026-09-24T15:38:13.595288475Z	224011	mysql.service	1	1.008901	0.504451	0.810501	0.198400	1666666496	42.963696	2171797504	0.000000	0.000000	43
225	2026-09-24T15:38:14.594840683Z	225010	isuconquest.go.service	1	1.081884	0.540942	0.000000	1.081985	6307840	0.162605	6758400	0.000000	0.000000	6
225	2026-09-24T15:38:14.594840683Z	225010	nginx.service	1	0.000000	0.000000	0.000000	0.000000	5902336	0.152152	9048064	0.000000	0.000000	3
225	2026-09-24T15:38:14.594840683Z	225010	mysql.service	1	1.104695	0.552347	0.980039	0.124556	1666670592	42.963801	2171797504	0.000000	0.000000	43
226	2026-09-24T15:38:15.59551836Z	226011	isuconquest.go.service	1	1.226569	0.613284	0.705622	0.520847	6307840	0.162605	6758400	0.000000	0.000000	6
226	2026-09-24T15:38:15.59551836Z	226011	nginx.service	1	0.000000	0.000000	0.000000	0.000000	5902336	0.152152	9048064	0.000000	0.000000	3
226	2026-09-24T15:38:15.59551836Z	226011	mysql.service	1	1.076371	0.538185	0.864814	0.211657	1666670592	42.963801	2171797504	0.000000	0.000000	43
227	2026-09-24T15:38:16.594739333Z	227010	isuconquest.go.service	1	1.021596	0.510798	0.821540	0.200056	6213632	0.160176	6758400	0.000000	0.000000	6
227	2026-09-24T15:38:16.594739333Z	227010	nginx.service	1	0.000000	0.000000	0.000000	0.000000	5902336	0.152152	9048064	0.000000	0.000000	3
227	2026-09-24T15:38:16.594739333Z	227010	mysql.service	1	1.072736	0.536368	0.861671	0.210964	1666666496	42.963696	2171797504	0.000000	0.000000	43
228	2026-09-24T15:38:17.594742824Z	228010	isuconquest.go.service	1	1.127296	0.563648	0.760497	0.366799	6422528	0.165561	6758400	0.000000	0.000000	6
228	2026-09-24T15:38:17.594742824Z	228010	nginx.service	1	0.000000	0.000000	0.000000	0.000000	5902336	0.152152	9048064	0.000000	0.000000	3
228	2026-09-24T15:38:17.594742824Z	228010	mysql.service	1	1.083496	0.541748	0.492298	0.591298	1666666496	42.963696	2171797504	0.000000	0.000000	43
229	2026-09-24T15:38:18.595395298Z	229011	isuconquest.go.service	1	1.094386	0.547193	0.872631	0.221855	6512640	0.167884	6758400	0.000000	0.000000	6
229	2026-09-24T15:38:18.595395298Z	229011	nginx.service	1	0.000000	0.000000	0.000000	0.000000	5902336	0.152152	9048064	0.000000	0.000000	3
229	2026-09-24T15:38:18.595395298Z	229011	mysql.service	1	1.101881	0.550941	0.885122	0.216659	1666666496	42.963696	2171797504	0.000000	0.000000	43
230	2026-09-24T15:38:19.595289285Z	230011	isuconquest.go.service	1	1.142421	0.571211	1.040010	0.102411	6615040	0.170524	6758400	0.000000	0.000000	6
230	2026-09-24T15:38:19.595289285Z	230011	nginx.service	1	0.000000	0.000000	0.000000	0.000000	5902336	0.152152	9048064	0.000000	0.000000	3
230	2026-09-24T15:38:19.595289285Z	230011	mysql.service	1	1.101417	0.550708	0.884794	0.216623	1666670592	42.963801	2171797504	0.000000	0.000000	43
231	2026-09-24T15:38:20.594834093Z	231010	isuconquest.go.service	1	1.126013	0.563006	1.029569	0.096344	6512640	0.167884	6770688	0.000000	0.000000	6
231	2026-09-24T15:38:20.594834093Z	231010	nginx.service	1	0.000000	0.000000	0.000000	0.000000	5902336	0.152152	9048064	0.000000	0.000000	3
231	2026-09-24T15:38:20.594834093Z	231010	mysql.service	1	1.192343	0.596171	0.957936	0.234407	1666670592	42.963801	2171797504	0.000000	0.000000	43
232	2026-09-24T15:38:21.595430655Z	232011	isuconquest.go.service	1	0.953631	0.476816	0.913055	0.040576	6512640	0.167884	6770688	0.000000	0.000000	6
232	2026-09-24T15:38:21.595430655Z	232011	nginx.service	1	0.000000	0.000000	0.000000	0.000000	5902336	0.152152	9048064	0.000000	0.000000	3
232	2026-09-24T15:38:21.595430655Z	232011	mysql.service	1	1.100543	0.550272	0.884073	0.216471	1666666496	42.963696	2171797504	0.000000	0.000000	43
233	2026-09-24T15:38:22.594740098Z	233010	isuconquest.go.service	1	1.176813	0.588406	0.369455	0.807458	6508544	0.167779	6770688	0.000000	0.000000	6
233	2026-09-24T15:38:22.594740098Z	233010	nginx.service	1	0.000000	0.000000	0.000000	0.000000	5902336	0.152152	9048064	0.000000	0.000000	3
233	2026-09-24T15:38:22.594740098Z	233010	mysql.service	1	1.093055	0.546527	0.878206	0.214948	1666666496	42.963696	2171797504	0.000000	0.000000	43
234	2026-09-24T15:38:23.594738604Z	234010	isuconquest.go.service	1	1.083702	0.541851	0.441301	0.642301	6639616	0.171157	6770688	0.000000	0.000000	6
234	2026-09-24T15:38:23.594738604Z	234010	nginx.service	1	0.000000	0.000000	0.000000	0.000000	5902336	0.152152	9048064	0.000000	0.000000	3
234	2026-09-24T15:38:23.594738604Z	234010	mysql.service	1	1.113602	0.556801	0.894601	0.219000	1666670592	42.963801	2171797504	0.000000	0.000000	43
235	2026-09-24T15:38:24.595361664Z	235011	isuconquest.go.service	1	1.218341	0.609170	0.945911	0.272530	6189056	0.159543	6770688	0.000000	0.000000	6
235	2026-09-24T15:38:24.595361664Z	235011	nginx.service	1	0.000000	0.000000	0.000000	0.000000	5902336	0.152152	9048064	0.000000	0.000000	3
235	2026-09-24T15:38:24.595361664Z	235011	mysql.service	1	1.114106	0.557053	0.516878	0.597128	1666666496	42.963696	2171797504	0.000000	0.000000	43
236	2026-09-24T15:38:25.594832931Z	236010	isuconquest.go.service	1	1.137101	0.568551	0.755900	0.381202	6316032	0.162816	6770688	0.000000	0.000000	6
236	2026-09-24T15:38:25.594832931Z	236010	nginx.service	1	0.000000	0.000000	0.000000	0.000000	5902336	0.152152	9048064	0.000000	0.000000	3
236	2026-09-24T15:38:25.594832931Z	236010	mysql.service	1	1.117191	0.558595	0.897475	0.219716	1666666496	42.963696	2171797504	0.000000	0.000000	43
237	2026-09-24T15:38:26.595290121Z	237011	isuconquest.go.service	1	1.039925	0.519962	0.413511	0.626414	6184960	0.159437	6770688	0.000000	0.000000	6
237	2026-09-24T15:38:26.595290121Z	237011	nginx.service	1	0.000000	0.000000	0.000000	0.000000	5902336	0.152152	9048064	0.000000	0.000000	3
237	2026-09-24T15:38:26.595290121Z	237011	mysql.service	1	1.091601	0.545800	0.876899	0.214702	1666666496	42.963696	2171797504	0.000000	0.000000	43
238	2026-09-24T15:38:27.594856367Z	238010	isuconquest.go.service	1	1.211425	0.605713	0.807350	0.403975	6184960	0.159437	6770688	0.000000	0.000000	6
238	2026-09-24T15:38:27.594856367Z	238010	nginx.service	1	0.000000	0.000000	0.000000	0.000000	5902336	0.152152	9048064	0.000000	0.000000	3
238	2026-09-24T15:38:27.594856367Z	238010	mysql.service	1	1.091273	0.545637	0.876680	0.214593	1666670592	42.963801	2171797504	0.000000	0.000000	43
239	2026-09-24T15:38:28.595514339Z	239011	isuconquest.go.service	1	1.016831	0.508415	1.016931	0.000000	6316032	0.162816	6770688	0.000000	0.000000	6
239	2026-09-24T15:38:28.595514339Z	239011	nginx.service	1	0.000000	0.000000	0.000000	0.000000	5902336	0.152152	9048064	0.000000	0.000000	3
239	2026-09-24T15:38:28.595514339Z	239011	mysql.service	1	1.100976	0.550488	0.884518	0.216558	1666666496	42.963696	2171797504	0.000000	0.000000	43
240	2026-09-24T15:38:29.595291446Z	240011	isuconquest.go.service	1	1.164059	0.582030	0.845488	0.318471	6184960	0.159437	6770688	0.000000	0.000000	6
240	2026-09-24T15:38:29.595291446Z	240011	nginx.service	1	0.000000	0.000000	0.000000	0.000000	5902336	0.152152	9048064	0.000000	0.000000	3
240	2026-09-24T15:38:29.595291446Z	240011	mysql.service	1	1.119750	0.559875	0.613737	0.506013	1666666496	42.963696	2171797504	0.000000	0.000000	43
