2026-09-24T18:02:23.880116768Z	BENCHMARK_START
[ADMIN] 18:02:25.013873 benchmarker --target-host=172.31.45.101 --request-timeout=10s --initialize-request-timeout=1m0s --exit-error-on-fail=true --stage=prod --max-parallelism=100 --prepare-only=false
18:02:52.127108 [ValidationScenario] 整合性チェックを開始します
[ADMIN] 18:02:52.127095 [LANGUAGE] go
18:02:52.525452 整合性チェック Request:POST /login (日跨ぎ前）
18:02:52.649742 整合性チェック Request:POST /login (日跨ぎ後）
18:02:52.654698 整合性チェック Request:POST /admin/login 失敗の場合
18:02:52.720039 整合性チェック Request:POST /admin/login
18:02:52.781610 整合性チェック Request:GET /admin/user/{userID}
18:02:52.874313 整合性チェック Request:POST /login 失敗の場合
18:02:52.875719 整合性チェック Request:POST /user
18:02:52.878754 整合性チェック Request:POST /login
18:02:52.882273 整合性チェック Request:GET /user/{userId}/home セッション無効の場合
18:02:52.883537 整合性チェック Request:GET /user/{userId}/home
18:02:52.885271 整合性チェック Request:GET /user/{userId}/home 他人のホーム表示の場合
18:02:52.886284 整合性チェック Request:POST /user/{userId}/reward
18:02:52.888568 整合性チェック Request:POST /user/{userId}/card
18:02:52.892169 整合性チェック Request:GET /user/{userId}/item
18:02:52.895305 整合性チェック Request:POST /user/{userId}/addexp/{cardId}
18:02:52.900095 整合性チェック Request:GET /user/{userId}/present/index/:n
18:02:52.903599 整合性チェック Request:POST /user/{userId}/present/receive
18:02:52.916344 整合性チェック Request:GET /user/{userId}/gacha/index
18:02:52.919352 整合性チェック Request:POST /user/{userId}/gacha/draw/{gachaID}/10
18:02:52.925327 整合性チェック Request:GET /admin/master
18:02:52.934947 整合性チェック Request:POST /admin/user/{userID}/ban
18:02:52.937668 整合性チェック Request:POST /login Banの場合
18:02:52.938923 [ValidationScenario] 整合性チェックを終了します
18:02:52.938929 整合性チェックに成功しました！
18:02:52.938931 初期化処理が成功しました！
18:02:52.938940 アプリケーションへの負荷走行を開始します
[ADMIN] 18:02:52.938986 シナリオ走行を開始しました [シナリオ名: 新規ユーザー登録]
[ADMIN] 18:02:52.938990 シナリオ走行を開始しました [シナリオ名: Banユーザログイン]
[ADMIN] 18:02:52.939103 シナリオ走行を開始しました [シナリオ名: ログイン]
[ADMIN] 18:02:52.986548 シナリオ走行を終了しました [シナリオ名: ログイン]
[ADMIN] 18:02:52.986564 シナリオ走行を開始しました [シナリオ名: ログイン]
[ADMIN] 18:02:52.990263 シナリオ走行を終了しました [シナリオ名: 新規ユーザー登録]
[ADMIN] 18:02:52.990290 シナリオ走行を開始しました [シナリオ名: 新規ユーザー登録]
[ADMIN] 18:02:53.030671 シナリオ走行を終了しました [シナリオ名: 新規ユーザー登録]
[ADMIN] 18:02:53.030698 シナリオ走行を開始しました [シナリオ名: 新規ユーザー登録]
[ADMIN] 18:02:53.036536 シナリオ走行を終了しました [シナリオ名: ログイン]
[ADMIN] 18:02:53.036554 シナリオ走行を開始しました [シナリオ名: ログイン]
[ADMIN] 18:02:53.068090 シナリオ走行を終了しました [シナリオ名: 新規ユーザー登録]
[ADMIN] 18:02:53.068113 シナリオ走行を開始しました [シナリオ名: 新規ユーザー登録]
[ADMIN] 18:02:53.087414 シナリオ走行を終了しました [シナリオ名: ログイン]
[ADMIN] 18:02:53.087428 シナリオ走行を開始しました [シナリオ名: ログイン]
[ADMIN] 18:02:53.105180 シナリオ走行を終了しました [シナリオ名: 新規ユーザー登録]
[ADMIN] 18:02:53.105207 シナリオ走行を開始しました [シナリオ名: 新規ユーザー登録]
[ADMIN] 18:02:53.124884 シナリオ走行を終了しました [シナリオ名: ログイン]
[ADMIN] 18:02:53.124899 シナリオ走行を開始しました [シナリオ名: ログイン]
[ADMIN] 18:02:53.143537 シナリオ走行を終了しました [シナリオ名: 新規ユーザー登録]
[ADMIN] 18:02:53.143558 シナリオ走行を開始しました [シナリオ名: 新規ユーザー登録]
[ADMIN] 18:02:53.171376 シナリオ走行を終了しました [シナリオ名: ログイン]
[ADMIN] 18:02:53.171391 シナリオ走行を開始しました [シナリオ名: ログイン]
[ADMIN] 18:02:53.188213 シナリオ走行を終了しました [シナリオ名: 新規ユーザー登録]
[ADMIN] 18:02:53.188238 シナリオ走行を開始しました [シナリオ名: 新規ユーザー登録]
[ADMIN] 18:02:53.223153 シナリオ走行を終了しました [シナリオ名: ログイン]
[ADMIN] 18:02:53.223169 シナリオ走行を開始しました [シナリオ名: ログイン]
[ADMIN] 18:02:53.226669 シナリオ走行を終了しました [シナリオ名: 新規ユーザー登録]
[ADMIN] 18:02:53.226694 シナリオ走行を開始しました [シナリオ名: 新規ユーザー登録]
[ADMIN] 18:02:53.258779 シナリオ走行を終了しました [シナリオ名: ログイン]
[ADMIN] 18:02:53.258794 シナリオ走行を開始しました [シナリオ名: ログイン]
[ADMIN] 18:02:53.279057 シナリオ走行を終了しました [シナリオ名: 新規ユーザー登録]
[ADMIN] 18:02:53.279080 シナリオ走行を開始しました [シナリオ名: 新規ユーザー登録]
[ADMIN] 18:02:53.290487 シナリオ走行を終了しました [シナリオ名: ログイン]
[ADMIN] 18:02:53.290496 シナリオ走行を開始しました [シナリオ名: ログイン]
[ADMIN] 18:02:53.314657 シナリオ走行を終了しました [シナリオ名: 新規ユーザー登録]
[ADMIN] 18:02:53.314698 シナリオ走行を開始しました [シナリオ名: 新規ユーザー登録]
[ADMIN] 18:02:53.317519 シナリオ走行を終了しました [シナリオ名: ログイン]
[ADMIN] 18:02:53.317529 シナリオ走行を開始しました [シナリオ名: ログイン]
[ADMIN] 18:02:53.345129 シナリオ走行を終了しました [シナリオ名: 新規ユーザー登録]
[ADMIN] 18:02:53.345155 シナリオ走行を開始しました [シナリオ名: 新規ユーザー登録]
[ADMIN] 18:02:53.355169 シナリオ走行を終了しました [シナリオ名: ログイン]
[ADMIN] 18:02:53.355181 シナリオ走行を開始しました [シナリオ名: ログイン]
[ADMIN] 18:02:53.378316 シナリオ走行を終了しました [シナリオ名: 新規ユーザー登録]
[ADMIN] 18:02:53.378337 シナリオ走行を開始しました [シナリオ名: 新規ユーザー登録]
[ADMIN] 18:02:53.401846 シナリオ走行を終了しました [シナリオ名: ログイン]
[ADMIN] 18:02:53.401861 シナリオ走行を開始しました [シナリオ名: ログイン]
[ADMIN] 18:02:53.418219 シナリオ走行を終了しました [シナリオ名: 新規ユーザー登録]
[ADMIN] 18:02:53.418239 シナリオ走行を開始しました [シナリオ名: 新規ユーザー登録]
[ADMIN] 18:02:53.447919 シナリオ走行を終了しました [シナリオ名: Banユーザログイン]
[ADMIN] 18:02:53.447938 シナリオ走行を開始しました [シナリオ名: Banユーザログイン]
[ADMIN] 18:02:53.448420 シナリオ走行を終了しました [シナリオ名: ログイン]
[ADMIN] 18:02:53.448429 シナリオ走行を開始しました [シナリオ名: ログイン]
[ADMIN] 18:02:53.450418 シナリオ走行を終了しました [シナリオ名: 新規ユーザー登録]
[ADMIN] 18:02:53.450439 シナリオ走行を開始しました [シナリオ名: 新規ユーザー登録]
[ADMIN] 18:02:53.489144 シナリオ走行を終了しました [シナリオ名: ログイン]
[ADMIN] 18:02:53.489158 シナリオ走行を開始しました [シナリオ名: ログイン]
[ADMIN] 18:02:53.494787 シナリオ走行を終了しました [シナリオ名: 新規ユーザー登録]
[ADMIN] 18:02:53.494809 シナリオ走行を開始しました [シナリオ名: 新規ユーザー登録]
[ADMIN] 18:02:53.519776 シナリオ走行を終了しました [シナリオ名: ログイン]
[ADMIN] 18:02:53.519788 シナリオ走行を開始しました [シナリオ名: ログイン]
[ADMIN] 18:02:53.526100 シナリオ走行を終了しました [シナリオ名: 新規ユーザー登録]
[ADMIN] 18:02:53.526117 シナリオ走行を開始しました [シナリオ名: 新規ユーザー登録]
[ADMIN] 18:02:53.559399 シナリオ走行を終了しました [シナリオ名: 新規ユーザー登録]
[ADMIN] 18:02:53.559422 シナリオ走行を開始しました [シナリオ名: 新規ユーザー登録]
[ADMIN] 18:02:53.570298 シナリオ走行を終了しました [シナリオ名: ログイン]
[ADMIN] 18:02:53.570309 シナリオ走行を開始しました [シナリオ名: ログイン]
[ADMIN] 18:02:53.596175 シナリオ走行を終了しました [シナリオ名: 新規ユーザー登録]
[ADMIN] 18:02:53.596197 シナリオ走行を開始しました [シナリオ名: 新規ユーザー登録]
[ADMIN] 18:02:53.602119 シナリオ走行を終了しました [シナリオ名: ログイン]
[ADMIN] 18:02:53.602128 シナリオ走行を開始しました [シナリオ名: ログイン]
[ADMIN] 18:02:53.620889 シナリオ走行を終了しました [シナリオ名: 新規ユーザー登録]
[ADMIN] 18:02:53.620912 シナリオ走行を開始しました [シナリオ名: 新規ユーザー登録]
[ADMIN] 18:02:53.640227 シナリオ走行を終了しました [シナリオ名: ログイン]
[ADMIN] 18:02:53.640243 シナリオ走行を開始しました [シナリオ名: ログイン]
[ADMIN] 18:02:53.649099 シナリオ走行を終了しました [シナリオ名: 新規ユーザー登録]
[ADMIN] 18:02:53.649120 シナリオ走行を開始しました [シナリオ名: 新規ユーザー登録]
[ADMIN] 18:02:53.683462 シナリオ走行を終了しました [シナリオ名: ログイン]
[ADMIN] 18:02:53.683475 シナリオ走行を開始しました [シナリオ名: ログイン]
[ADMIN] 18:02:53.685532 シナリオ走行を終了しました [シナリオ名: 新規ユーザー登録]
[ADMIN] 18:02:53.685553 シナリオ走行を開始しました [シナリオ名: 新規ユーザー登録]
[ADMIN] 18:02:53.722850 シナリオ走行を終了しました [シナリオ名: ログイン]
[ADMIN] 18:02:53.722865 シナリオ走行を開始しました [シナリオ名: ログイン]
[ADMIN] 18:02:53.723471 シナリオ走行を終了しました [シナリオ名: 新規ユーザー登録]
[ADMIN] 18:02:53.723488 シナリオ走行を開始しました [シナリオ名: 新規ユーザー登録]
[ADMIN] 18:02:53.762739 シナリオ走行を終了しました [シナリオ名: 新規ユーザー登録]
[ADMIN] 18:02:53.762766 シナリオ走行を開始しました [シナリオ名: 新規ユーザー登録]
[ADMIN] 18:02:53.763332 シナリオ走行を終了しました [シナリオ名: ログイン]
[ADMIN] 18:02:53.763343 シナリオ走行を開始しました [シナリオ名: ログイン]
[ADMIN] 18:02:53.907417 シナリオ走行を終了しました [シナリオ名: 新規ユーザー登録]
[ADMIN] 18:02:53.907451 シナリオ走行を開始しました [シナリオ名: 新規ユーザー登録]
[ADMIN] 18:02:53.913959 シナリオ走行を終了しました [シナリオ名: ログイン]
[ADMIN] 18:02:53.913973 シナリオ走行を開始しました [シナリオ名: ログイン]
[ADMIN] 18:02:53.937396 シナリオ走行を終了しました [シナリオ名: ログイン]
[ADMIN] 18:02:53.937409 シナリオ走行を開始しました [シナリオ名: ログイン]
[ADMIN] 18:02:53.946426 シナリオ走行を終了しました [シナリオ名: 新規ユーザー登録]
[ADMIN] 18:02:53.946453 シナリオ走行を開始しました [シナリオ名: 新規ユーザー登録]
[ADMIN] 18:02:53.966925 シナリオ走行を終了しました [シナリオ名: Banユーザログイン]
[ADMIN] 18:02:53.966941 シナリオ走行を開始しました [シナリオ名: Banユーザログイン]
[ADMIN] 18:02:53.997191 シナリオ走行を終了しました [シナリオ名: ログイン]
[ADMIN] 18:02:53.997206 シナリオ走行を開始しました [シナリオ名: ログイン]
[ADMIN] 18:02:54.025515 シナリオ走行を終了しました [シナリオ名: 新規ユーザー登録]
[ADMIN] 18:02:54.025544 シナリオ走行を開始しました [シナリオ名: 新規ユーザー登録]
[ADMIN] 18:02:54.078049 シナリオ走行を終了しました [シナリオ名: ログイン]
[ADMIN] 18:02:54.078065 シナリオ走行を開始しました [シナリオ名: ログイン]
[ADMIN] 18:02:54.108381 シナリオ走行を終了しました [シナリオ名: ログイン]
[ADMIN] 18:02:54.108395 シナリオ走行を開始しました [シナリオ名: ログイン]
[ADMIN] 18:02:54.108694 シナリオ走行を終了しました [シナリオ名: 新規ユーザー登録]
[ADMIN] 18:02:54.108716 シナリオ走行を開始しました [シナリオ名: 新規ユーザー登録]
[ADMIN] 18:02:54.132599 シナリオ走行を終了しました [シナリオ名: ログイン]
[ADMIN] 18:02:54.132614 シナリオ走行を開始しました [シナリオ名: ログイン]
[ADMIN] 18:02:54.137904 シナリオ走行を終了しました [シナリオ名: 新規ユーザー登録]
[ADMIN] 18:02:54.137924 シナリオ走行を開始しました [シナリオ名: 新規ユーザー登録]
[ADMIN] 18:02:54.169092 シナリオ走行を終了しました [シナリオ名: ログイン]
[ADMIN] 18:02:54.169106 シナリオ走行を開始しました [シナリオ名: ログイン]
[ADMIN] 18:02:54.172914 シナリオ走行を終了しました [シナリオ名: 新規ユーザー登録]
[ADMIN] 18:02:54.172934 シナリオ走行を開始しました [シナリオ名: 新規ユーザー登録]
[ADMIN] 18:02:54.196219 シナリオ走行を終了しました [シナリオ名: ログイン]
[ADMIN] 18:02:54.196232 シナリオ走行を開始しました [シナリオ名: ログイン]
[ADMIN] 18:02:54.209574 シナリオ走行を終了しました [シナリオ名: 新規ユーザー登録]
[ADMIN] 18:02:54.209599 シナリオ走行を開始しました [シナリオ名: 新規ユーザー登録]
[ADMIN] 18:02:54.227898 シナリオ走行を終了しました [シナリオ名: ログイン]
[ADMIN] 18:02:54.227911 シナリオ走行を開始しました [シナリオ名: ログイン]
[ADMIN] 18:02:54.241407 シナリオ走行を終了しました [シナリオ名: 新規ユーザー登録]
[ADMIN] 18:02:54.241431 シナリオ走行を開始しました [シナリオ名: 新規ユーザー登録]
[ADMIN] 18:02:54.250828 シナリオ走行を終了しました [シナリオ名: ログイン]
[ADMIN] 18:02:54.250840 シナリオ走行を開始しました [シナリオ名: ログイン]
[ADMIN] 18:02:54.274101 シナリオ走行を終了しました [シナリオ名: 新規ユーザー登録]
[ADMIN] 18:02:54.274122 シナリオ走行を開始しました [シナリオ名: 新規ユーザー登録]
[ADMIN] 18:02:54.275117 シナリオ走行を終了しました [シナリオ名: ログイン]
[ADMIN] 18:02:54.275127 シナリオ走行を開始しました [シナリオ名: ログイン]
[ADMIN] 18:02:54.311886 シナリオ走行を終了しました [シナリオ名: 新規ユーザー登録]
[ADMIN] 18:02:54.311910 シナリオ走行を開始しました [シナリオ名: 新規ユーザー登録]
[ADMIN] 18:02:54.311989 シナリオ走行を終了しました [シナリオ名: ログイン]
[ADMIN] 18:02:54.312003 シナリオ走行を開始しました [シナリオ名: ログイン]
[ADMIN] 18:02:54.342185 シナリオ走行を終了しました [シナリオ名: 新規ユーザー登録]
[ADMIN] 18:02:54.342210 シナリオ走行を開始しました [シナリオ名: 新規ユーザー登録]
[ADMIN] 18:02:54.344830 シナリオ走行を終了しました [シナリオ名: ログイン]
[ADMIN] 18:02:54.344842 シナリオ走行を開始しました [シナリオ名: ログイン]
[ADMIN] 18:02:54.385236 シナリオ走行を終了しました [シナリオ名: 新規ユーザー登録]
[ADMIN] 18:02:54.385262 シナリオ走行を開始しました [シナリオ名: 新規ユーザー登録]
[ADMIN] 18:02:54.396709 シナリオ走行を終了しました [シナリオ名: ログイン]
[ADMIN] 18:02:54.396722 シナリオ走行を開始しました [シナリオ名: ログイン]
[ADMIN] 18:02:54.414590 シナリオ走行を終了しました [シナリオ名: 新規ユーザー登録]
[ADMIN] 18:02:54.414634 シナリオ走行を開始しました [シナリオ名: 新規ユーザー登録]
[ADMIN] 18:02:54.424800 シナリオ走行を終了しました [シナリオ名: ログイン]
[ADMIN] 18:02:54.424812 シナリオ走行を開始しました [シナリオ名: ログイン]
[ADMIN] 18:02:54.442661 シナリオ走行を終了しました [シナリオ名: 新規ユーザー登録]
[ADMIN] 18:02:54.442685 シナリオ走行を開始しました [シナリオ名: 新規ユーザー登録]
[ADMIN] 18:02:54.462506 シナリオ走行を終了しました [シナリオ名: ログイン]
[ADMIN] 18:02:54.462520 シナリオ走行を開始しました [シナリオ名: ログイン]
[ADMIN] 18:02:54.471774 シナリオ走行を終了しました [シナリオ名: Banユーザログイン]
[ADMIN] 18:02:54.471793 シナリオ走行を開始しました [シナリオ名: Banユーザログイン]
[ADMIN] 18:02:54.481896 シナリオ走行を終了しました [シナリオ名: 新規ユーザー登録]
[ADMIN] 18:02:54.481917 シナリオ走行を開始しました [シナリオ名: 新規ユーザー登録]
[ADMIN] 18:02:54.501669 シナリオ走行を終了しました [シナリオ名: ログイン]
[ADMIN] 18:02:54.501685 シナリオ走行を開始しました [シナリオ名: ログイン]
[ADMIN] 18:02:54.512034 シナリオ走行を終了しました [シナリオ名: 新規ユーザー登録]
[ADMIN] 18:02:54.512057 シナリオ走行を開始しました [シナリオ名: 新規ユーザー登録]
[ADMIN] 18:02:54.525909 シナリオ走行を終了しました [シナリオ名: ログイン]
[ADMIN] 18:02:54.525926 シナリオ走行を開始しました [シナリオ名: ログイン]
[ADMIN] 18:02:54.539568 シナリオ走行を終了しました [シナリオ名: 新規ユーザー登録]
[ADMIN] 18:02:54.539589 シナリオ走行を開始しました [シナリオ名: 新規ユーザー登録]
[ADMIN] 18:02:54.553287 シナリオ走行を終了しました [シナリオ名: ログイン]
[ADMIN] 18:02:54.553298 シナリオ走行を開始しました [シナリオ名: ログイン]
[ADMIN] 18:02:54.566918 シナリオ走行を終了しました [シナリオ名: 新規ユーザー登録]
[ADMIN] 18:02:54.566942 シナリオ走行を開始しました [シナリオ名: 新規ユーザー登録]
[ADMIN] 18:02:54.603718 シナリオ走行を終了しました [シナリオ名: ログイン]
[ADMIN] 18:02:54.603742 シナリオ走行を開始しました [シナリオ名: ログイン]
[ADMIN] 18:02:54.606551 シナリオ走行を終了しました [シナリオ名: 新規ユーザー登録]
[ADMIN] 18:02:54.606575 シナリオ走行を開始しました [シナリオ名: 新規ユーザー登録]
[ADMIN] 18:02:54.633071 シナリオ走行を終了しました [シナリオ名: 新規ユーザー登録]
[ADMIN] 18:02:54.633098 シナリオ走行を開始しました [シナリオ名: 新規ユーザー登録]
[ADMIN] 18:02:54.633533 シナリオ走行を終了しました [シナリオ名: ログイン]
[ADMIN] 18:02:54.633546 シナリオ走行を開始しました [シナリオ名: ログイン]
[ADMIN] 18:02:54.697096 シナリオ走行を終了しました [シナリオ名: 新規ユーザー登録]
[ADMIN] 18:02:54.697127 シナリオ走行を開始しました [シナリオ名: 新規ユーザー登録]
[ADMIN] 18:02:54.706113 シナリオ走行を終了しました [シナリオ名: ログイン]
[ADMIN] 18:02:54.706125 シナリオ走行を開始しました [シナリオ名: ログイン]
[ADMIN] 18:02:54.725192 シナリオ走行を終了しました [シナリオ名: 新規ユーザー登録]
[ADMIN] 18:02:54.725214 シナリオ走行を開始しました [シナリオ名: 新規ユーザー登録]
[ADMIN] 18:02:54.740695 シナリオ走行を終了しました [シナリオ名: ログイン]
[ADMIN] 18:02:54.740711 シナリオ走行を開始しました [シナリオ名: ログイン]
[ADMIN] 18:02:54.752524 シナリオ走行を終了しました [シナリオ名: 新規ユーザー登録]
[ADMIN] 18:02:54.752545 シナリオ走行を開始しました [シナリオ名: 新規ユーザー登録]
[ADMIN] 18:02:54.767496 シナリオ走行を終了しました [シナリオ名: ログイン]
[ADMIN] 18:02:54.767509 シナリオ走行を開始しました [シナリオ名: ログイン]
[ADMIN] 18:02:54.777654 シナリオ走行を終了しました [シナリオ名: 新規ユーザー登録]
[ADMIN] 18:02:54.777675 シナリオ走行を開始しました [シナリオ名: 新規ユーザー登録]
[ADMIN] 18:02:54.788148 シナリオ走行を終了しました [シナリオ名: ログイン]
[ADMIN] 18:02:54.788160 シナリオ走行を開始しました [シナリオ名: ログイン]
[ADMIN] 18:02:54.804636 シナリオ走行を終了しました [シナリオ名: 新規ユーザー登録]
[ADMIN] 18:02:54.804662 シナリオ走行を開始しました [シナリオ名: 新規ユーザー登録]
[ADMIN] 18:02:54.821054 シナリオ走行を終了しました [シナリオ名: ログイン]
[ADMIN] 18:02:54.821071 シナリオ走行を開始しました [シナリオ名: ログイン]
[ADMIN] 18:02:54.832691 シナリオ走行を終了しました [シナリオ名: 新規ユーザー登録]
[ADMIN] 18:02:54.832714 シナリオ走行を開始しました [シナリオ名: 新規ユーザー登録]
[ADMIN] 18:02:54.840332 シナリオ走行を終了しました [シナリオ名: ログイン]
[ADMIN] 18:02:54.840345 シナリオ走行を開始しました [シナリオ名: ログイン]
[ADMIN] 18:02:54.858739 シナリオ走行を終了しました [シナリオ名: 新規ユーザー登録]
[ADMIN] 18:02:54.858763 シナリオ走行を開始しました [シナリオ名: 新規ユーザー登録]
[ADMIN] 18:02:54.859873 シナリオ走行を終了しました [シナリオ名: ログイン]
[ADMIN] 18:02:54.859882 シナリオ走行を開始しました [シナリオ名: ログイン]
[ADMIN] 18:02:54.883839 シナリオ走行を終了しました [シナリオ名: ログイン]
[ADMIN] 18:02:54.883853 シナリオ走行を開始しました [シナリオ名: ログイン]
[ADMIN] 18:02:54.888190 シナリオ走行を終了しました [シナリオ名: 新規ユーザー登録]
[ADMIN] 18:02:54.888210 シナリオ走行を開始しました [シナリオ名: 新規ユーザー登録]
[ADMIN] 18:02:54.915632 シナリオ走行を終了しました [シナリオ名: ログイン]
[ADMIN] 18:02:54.915649 シナリオ走行を開始しました [シナリオ名: ログイン]
[ADMIN] 18:02:54.920680 シナリオ走行を終了しました [シナリオ名: 新規ユーザー登録]
[ADMIN] 18:02:54.920704 シナリオ走行を開始しました [シナリオ名: 新規ユーザー登録]
[ADMIN] 18:02:54.951470 シナリオ走行を終了しました [シナリオ名: ログイン]
[ADMIN] 18:02:54.951483 シナリオ走行を開始しました [シナリオ名: ログイン]
[ADMIN] 18:02:54.960921 シナリオ走行を終了しました [シナリオ名: 新規ユーザー登録]
[ADMIN] 18:02:54.960940 シナリオ走行を開始しました [シナリオ名: 新規ユーザー登録]
[ADMIN] 18:02:54.977141 シナリオ走行を終了しました [シナリオ名: Banユーザログイン]
[ADMIN] 18:02:54.977155 シナリオ走行を開始しました [シナリオ名: Banユーザログイン]
[ADMIN] 18:02:54.979499 シナリオ走行を終了しました [シナリオ名: ログイン]
[ADMIN] 18:02:54.979509 シナリオ走行を開始しました [シナリオ名: ログイン]
[ADMIN] 18:02:54.994765 シナリオ走行を終了しました [シナリオ名: 新規ユーザー登録]
[ADMIN] 18:02:54.994787 シナリオ走行を開始しました [シナリオ名: 新規ユーザー登録]
[ADMIN] 18:02:55.034973 シナリオ走行を終了しました [シナリオ名: ログイン]
[ADMIN] 18:02:55.034988 シナリオ走行を開始しました [シナリオ名: ログイン]
[ADMIN] 18:02:55.047805 シナリオ走行を終了しました [シナリオ名: 新規ユーザー登録]
[ADMIN] 18:02:55.047828 シナリオ走行を開始しました [シナリオ名: 新規ユーザー登録]
[ADMIN] 18:02:55.066265 シナリオ走行を終了しました [シナリオ名: ログイン]
[ADMIN] 18:02:55.066276 シナリオ走行を開始しました [シナリオ名: ログイン]
[ADMIN] 18:02:55.073473 シナリオ走行を終了しました [シナリオ名: 新規ユーザー登録]
[ADMIN] 18:02:55.073492 シナリオ走行を開始しました [シナリオ名: 新規ユーザー登録]
[ADMIN] 18:02:55.107220 シナリオ走行を終了しました [シナリオ名: 新規ユーザー登録]
[ADMIN] 18:02:55.107239 シナリオ走行を開始しました [シナリオ名: 新規ユーザー登録]
[ADMIN] 18:02:55.107613 シナリオ走行を終了しました [シナリオ名: ログイン]
[ADMIN] 18:02:55.107625 シナリオ走行を開始しました [シナリオ名: ログイン]
[ADMIN] 18:02:55.137571 シナリオ走行を終了しました [シナリオ名: 新規ユーザー登録]
[ADMIN] 18:02:55.137589 シナリオ走行を開始しました [シナリオ名: 新規ユーザー登録]
[ADMIN] 18:02:55.147630 シナリオ走行を終了しました [シナリオ名: ログイン]
[ADMIN] 18:02:55.147642 シナリオ走行を開始しました [シナリオ名: ログイン]
[ADMIN] 18:02:55.168723 シナリオ走行を終了しました [シナリオ名: 新規ユーザー登録]
[ADMIN] 18:02:55.168742 シナリオ走行を開始しました [シナリオ名: 新規ユーザー登録]
[ADMIN] 18:02:55.186043 シナリオ走行を終了しました [シナリオ名: ログイン]
[ADMIN] 18:02:55.186053 シナリオ走行を開始しました [シナリオ名: ログイン]
[ADMIN] 18:02:55.199898 シナリオ走行を終了しました [シナリオ名: 新規ユーザー登録]
[ADMIN] 18:02:55.199919 シナリオ走行を開始しました [シナリオ名: 新規ユーザー登録]
[ADMIN] 18:02:55.210510 シナリオ走行を終了しました [シナリオ名: ログイン]
[ADMIN] 18:02:55.210522 シナリオ走行を開始しました [シナリオ名: ログイン]
[ADMIN] 18:02:55.227887 シナリオ走行を終了しました [シナリオ名: 新規ユーザー登録]
[ADMIN] 18:02:55.227909 シナリオ走行を開始しました [シナリオ名: 新規ユーザー登録]
[ADMIN] 18:02:55.233023 シナリオ走行を終了しました [シナリオ名: ログイン]
[ADMIN] 18:02:55.233035 シナリオ走行を開始しました [シナリオ名: ログイン]
[ADMIN] 18:02:55.258466 シナリオ走行を終了しました [シナリオ名: 新規ユーザー登録]
[ADMIN] 18:02:55.258484 シナリオ走行を開始しました [シナリオ名: 新規ユーザー登録]
[ADMIN] 18:02:55.273248 シナリオ走行を終了しました [シナリオ名: ログイン]
[ADMIN] 18:02:55.273258 シナリオ走行を開始しました [シナリオ名: ログイン]
[ADMIN] 18:02:55.289235 シナリオ走行を終了しました [シナリオ名: 新規ユーザー登録]
[ADMIN] 18:02:55.289254 シナリオ走行を開始しました [シナリオ名: 新規ユーザー登録]
[ADMIN] 18:02:55.304352 シナリオ走行を終了しました [シナリオ名: ログイン]
[ADMIN] 18:02:55.304362 シナリオ走行を開始しました [シナリオ名: ログイン]
[ADMIN] 18:02:55.326778 シナリオ走行を終了しました [シナリオ名: 新規ユーザー登録]
[ADMIN] 18:02:55.326810 シナリオ走行を開始しました [シナリオ名: 新規ユーザー登録]
[ADMIN] 18:02:55.338229 シナリオ走行を終了しました [シナリオ名: ログイン]
[ADMIN] 18:02:55.338242 シナリオ走行を開始しました [シナリオ名: ログイン]
[ADMIN] 18:02:55.353247 シナリオ走行を終了しました [シナリオ名: 新規ユーザー登録]
[ADMIN] 18:02:55.353268 シナリオ走行を開始しました [シナリオ名: 新規ユーザー登録]
[ADMIN] 18:02:55.356674 シナリオ走行を終了しました [シナリオ名: ログイン]
[ADMIN] 18:02:55.356684 シナリオ走行を開始しました [シナリオ名: ログイン]
[ADMIN] 18:02:55.379557 シナリオ走行を終了しました [シナリオ名: 新規ユーザー登録]
[ADMIN] 18:02:55.379586 シナリオ走行を開始しました [シナリオ名: 新規ユーザー登録]
[ADMIN] 18:02:55.385396 シナリオ走行を終了しました [シナリオ名: ログイン]
[ADMIN] 18:02:55.385408 シナリオ走行を開始しました [シナリオ名: ログイン]
[ADMIN] 18:02:55.406721 シナリオ走行を終了しました [シナリオ名: 新規ユーザー登録]
[ADMIN] 18:02:55.406742 シナリオ走行を開始しました [シナリオ名: 新規ユーザー登録]
[ADMIN] 18:02:55.426565 シナリオ走行を終了しました [シナリオ名: ログイン]
[ADMIN] 18:02:55.426579 シナリオ走行を開始しました [シナリオ名: ログイン]
[ADMIN] 18:02:55.444437 シナリオ走行を終了しました [シナリオ名: 新規ユーザー登録]
[ADMIN] 18:02:55.444460 シナリオ走行を開始しました [シナリオ名: 新規ユーザー登録]
[ADMIN] 18:02:55.446743 シナリオ走行を終了しました [シナリオ名: ログイン]
[ADMIN] 18:02:55.446753 シナリオ走行を開始しました [シナリオ名: ログイン]
[ADMIN] 18:02:55.472810 シナリオ走行を終了しました [シナリオ名: 新規ユーザー登録]
[ADMIN] 18:02:55.472834 シナリオ走行を開始しました [シナリオ名: 新規ユーザー登録]
[ADMIN] 18:02:55.478154 シナリオ走行を終了しました [シナリオ名: ログイン]
[ADMIN] 18:02:55.478164 シナリオ走行を開始しました [シナリオ名: ログイン]
[ADMIN] 18:02:55.485564 シナリオ走行を終了しました [シナリオ名: Banユーザログイン]
[ADMIN] 18:02:55.485579 シナリオ走行を開始しました [シナリオ名: Banユーザログイン]
[ADMIN] 18:02:55.500649 シナリオ走行を終了しました [シナリオ名: 新規ユーザー登録]
[ADMIN] 18:02:55.500670 シナリオ走行を開始しました [シナリオ名: 新規ユーザー登録]
[ADMIN] 18:02:55.510611 シナリオ走行を終了しました [シナリオ名: ログイン]
[ADMIN] 18:02:55.510637 シナリオ走行を開始しました [シナリオ名: ログイン]
[ADMIN] 18:02:55.526365 シナリオ走行を終了しました [シナリオ名: 新規ユーザー登録]
[ADMIN] 18:02:55.526384 シナリオ走行を開始しました [シナリオ名: 新規ユーザー登録]
[ADMIN] 18:02:55.542143 シナリオ走行を終了しました [シナリオ名: ログイン]
[ADMIN] 18:02:55.542157 シナリオ走行を開始しました [シナリオ名: ログイン]
[ADMIN] 18:02:55.553912 シナリオ走行を終了しました [シナリオ名: 新規ユーザー登録]
[ADMIN] 18:02:55.553936 シナリオ走行を開始しました [シナリオ名: 新規ユーザー登録]
[ADMIN] 18:02:55.561313 シナリオ走行を終了しました [シナリオ名: ログイン]
[ADMIN] 18:02:55.561326 シナリオ走行を開始しました [シナリオ名: ログイン]
[ADMIN] 18:02:55.577734 シナリオ走行を終了しました [シナリオ名: 新規ユーザー登録]
[ADMIN] 18:02:55.577757 シナリオ走行を開始しました [シナリオ名: 新規ユーザー登録]
[ADMIN] 18:02:55.583665 シナリオ走行を終了しました [シナリオ名: ログイン]
[ADMIN] 18:02:55.583677 シナリオ走行を開始しました [シナリオ名: ログイン]
[ADMIN] 18:02:55.603601 シナリオ走行を終了しました [シナリオ名: 新規ユーザー登録]
[ADMIN] 18:02:55.603625 シナリオ走行を開始しました [シナリオ名: 新規ユーザー登録]
[ADMIN] 18:02:55.610739 シナリオ走行を終了しました [シナリオ名: ログイン]
[ADMIN] 18:02:55.610751 シナリオ走行を開始しました [シナリオ名: ログイン]
[ADMIN] 18:02:55.629915 シナリオ走行を終了しました [シナリオ名: 新規ユーザー登録]
[ADMIN] 18:02:55.629934 シナリオ走行を開始しました [シナリオ名: 新規ユーザー登録]
[ADMIN] 18:02:55.632888 シナリオ走行を終了しました [シナリオ名: ログイン]
[ADMIN] 18:02:55.632900 シナリオ走行を開始しました [シナリオ名: ログイン]
[ADMIN] 18:02:55.655404 シナリオ走行を終了しました [シナリオ名: 新規ユーザー登録]
[ADMIN] 18:02:55.655424 シナリオ走行を開始しました [シナリオ名: 新規ユーザー登録]
[ADMIN] 18:02:55.664203 シナリオ走行を終了しました [シナリオ名: ログイン]
[ADMIN] 18:02:55.664212 シナリオ走行を開始しました [シナリオ名: ログイン]
[ADMIN] 18:02:55.694776 シナリオ走行を終了しました [シナリオ名: 新規ユーザー登録]
[ADMIN] 18:02:55.694792 シナリオ走行を開始しました [シナリオ名: 新規ユーザー登録]
[ADMIN] 18:02:55.706489 シナリオ走行を終了しました [シナリオ名: ログイン]
[ADMIN] 18:02:55.706499 シナリオ走行を開始しました [シナリオ名: ログイン]
[ADMIN] 18:02:55.722690 シナリオ走行を終了しました [シナリオ名: 新規ユーザー登録]
[ADMIN] 18:02:55.722709 シナリオ走行を開始しました [シナリオ名: 新規ユーザー登録]
[ADMIN] 18:02:55.732970 シナリオ走行を終了しました [シナリオ名: ログイン]
[ADMIN] 18:02:55.732981 シナリオ走行を開始しました [シナリオ名: ログイン]
[ADMIN] 18:02:55.752623 シナリオ走行を終了しました [シナリオ名: 新規ユーザー登録]
[ADMIN] 18:02:55.752641 シナリオ走行を開始しました [シナリオ名: 新規ユーザー登録]
[ADMIN] 18:02:55.772635 シナリオ走行を終了しました [シナリオ名: ログイン]
[ADMIN] 18:02:55.772652 シナリオ走行を開始しました [シナリオ名: ログイン]
[ADMIN] 18:02:55.779523 シナリオ走行を終了しました [シナリオ名: 新規ユーザー登録]
[ADMIN] 18:02:55.779538 シナリオ走行を開始しました [シナリオ名: 新規ユーザー登録]
[ADMIN] 18:02:55.803938 シナリオ走行を終了しました [シナリオ名: 新規ユーザー登録]
[ADMIN] 18:02:55.803956 シナリオ走行を開始しました [シナリオ名: 新規ユーザー登録]
[ADMIN] 18:02:55.805885 シナリオ走行を終了しました [シナリオ名: ログイン]
[ADMIN] 18:02:55.805894 シナリオ走行を開始しました [シナリオ名: ログイン]
[ADMIN] 18:02:55.841097 シナリオ走行を終了しました [シナリオ名: 新規ユーザー登録]
[ADMIN] 18:02:55.841119 シナリオ走行を開始しました [シナリオ名: 新規ユーザー登録]
[ADMIN] 18:02:55.847583 シナリオ走行を終了しました [シナリオ名: ログイン]
[ADMIN] 18:02:55.847592 シナリオ走行を開始しました [シナリオ名: ログイン]
[ADMIN] 18:02:55.868203 シナリオ走行を終了しました [シナリオ名: 新規ユーザー登録]
[ADMIN] 18:02:55.868223 シナリオ走行を開始しました [シナリオ名: 新規ユーザー登録]
[ADMIN] 18:02:55.880960 シナリオ走行を終了しました [シナリオ名: ログイン]
[ADMIN] 18:02:55.880973 シナリオ走行を開始しました [シナリオ名: ログイン]
[ADMIN] 18:02:55.898434 シナリオ走行を終了しました [シナリオ名: 新規ユーザー登録]
[ADMIN] 18:02:55.898457 シナリオ走行を開始しました [シナリオ名: 新規ユーザー登録]
[ADMIN] 18:02:55.919013 シナリオ走行を終了しました [シナリオ名: ログイン]
[ADMIN] 18:02:55.919024 シナリオ走行を開始しました [シナリオ名: ログイン]
[ADMIN] 18:02:55.933144 シナリオ走行を終了しました [シナリオ名: 新規ユーザー登録]
[ADMIN] 18:02:55.933162 シナリオ走行を開始しました [シナリオ名: 新規ユーザー登録]
[ADMIN] 18:02:55.950570 シナリオ走行を終了しました [シナリオ名: ログイン]
[ADMIN] 18:02:55.950579 シナリオ走行を開始しました [シナリオ名: ログイン]
[ADMIN] 18:02:55.964069 シナリオ走行を終了しました [シナリオ名: 新規ユーザー登録]
[ADMIN] 18:02:55.964092 シナリオ走行を開始しました [シナリオ名: 新規ユーザー登録]
[ADMIN] 18:02:55.988558 シナリオ走行を終了しました [シナリオ名: ログイン]
[ADMIN] 18:02:55.988569 シナリオ走行を開始しました [シナリオ名: ログイン]
[ADMIN] 18:02:55.990556 シナリオ走行を終了しました [シナリオ名: Banユーザログイン]
[ADMIN] 18:02:55.990567 シナリオ走行を開始しました [シナリオ名: Banユーザログイン]
[ADMIN] 18:02:55.999065 シナリオ走行を終了しました [シナリオ名: 新規ユーザー登録]
[ADMIN] 18:02:55.999079 シナリオ走行を開始しました [シナリオ名: 新規ユーザー登録]
[ADMIN] 18:02:56.024507 シナリオ走行を終了しました [シナリオ名: ログイン]
[ADMIN] 18:02:56.024521 シナリオ走行を開始しました [シナリオ名: ログイン]
[ADMIN] 18:02:56.032941 シナリオ走行を終了しました [シナリオ名: 新規ユーザー登録]
[ADMIN] 18:02:56.032961 シナリオ走行を開始しました [シナリオ名: 新規ユーザー登録]
[ADMIN] 18:02:56.051542 シナリオ走行を終了しました [シナリオ名: ログイン]
[ADMIN] 18:02:56.051552 シナリオ走行を開始しました [シナリオ名: ログイン]
[ADMIN] 18:02:56.064189 シナリオ走行を終了しました [シナリオ名: 新規ユーザー登録]
[ADMIN] 18:02:56.064206 シナリオ走行を開始しました [シナリオ名: 新規ユーザー登録]
[ADMIN] 18:02:56.078737 シナリオ走行を終了しました [シナリオ名: ログイン]
[ADMIN] 18:02:56.078747 シナリオ走行を開始しました [シナリオ名: ログイン]
[ADMIN] 18:02:56.097032 シナリオ走行を終了しました [シナリオ名: 新規ユーザー登録]
[ADMIN] 18:02:56.097052 シナリオ走行を開始しました [シナリオ名: 新規ユーザー登録]
[ADMIN] 18:02:56.118378 シナリオ走行を終了しました [シナリオ名: ログイン]
[ADMIN] 18:02:56.118397 シナリオ走行を開始しました [シナリオ名: ログイン]
[ADMIN] 18:02:56.127646 シナリオ走行を終了しました [シナリオ名: 新規ユーザー登録]
[ADMIN] 18:02:56.127664 シナリオ走行を開始しました [シナリオ名: 新規ユーザー登録]
[ADMIN] 18:02:56.141245 シナリオ走行を終了しました [シナリオ名: ログイン]
[ADMIN] 18:02:56.141258 シナリオ走行を開始しました [シナリオ名: ログイン]
[ADMIN] 18:02:56.158170 シナリオ走行を終了しました [シナリオ名: 新規ユーザー登録]
[ADMIN] 18:02:56.158192 シナリオ走行を開始しました [シナリオ名: 新規ユーザー登録]
[ADMIN] 18:02:56.180763 シナリオ走行を終了しました [シナリオ名: ログイン]
[ADMIN] 18:02:56.180772 シナリオ走行を開始しました [シナリオ名: ログイン]
[ADMIN] 18:02:56.187346 シナリオ走行を終了しました [シナリオ名: 新規ユーザー登録]
[ADMIN] 18:02:56.187368 シナリオ走行を開始しました [シナリオ名: 新規ユーザー登録]
[ADMIN] 18:02:56.212745 シナリオ走行を終了しました [シナリオ名: ログイン]
[ADMIN] 18:02:56.212761 シナリオ走行を開始しました [シナリオ名: ログイン]
[ADMIN] 18:02:56.217569 シナリオ走行を終了しました [シナリオ名: 新規ユーザー登録]
[ADMIN] 18:02:56.217584 シナリオ走行を開始しました [シナリオ名: 新規ユーザー登録]
[ADMIN] 18:02:56.234799 シナリオ走行を終了しました [シナリオ名: ログイン]
[ADMIN] 18:02:56.234810 シナリオ走行を開始しました [シナリオ名: ログイン]
[ADMIN] 18:02:56.247077 シナリオ走行を終了しました [シナリオ名: 新規ユーザー登録]
[ADMIN] 18:02:56.247096 シナリオ走行を開始しました [シナリオ名: 新規ユーザー登録]
[ADMIN] 18:02:56.265603 シナリオ走行を終了しました [シナリオ名: ログイン]
[ADMIN] 18:02:56.265614 シナリオ走行を開始しました [シナリオ名: ログイン]
[ADMIN] 18:02:56.274250 シナリオ走行を終了しました [シナリオ名: 新規ユーザー登録]
[ADMIN] 18:02:56.274268 シナリオ走行を開始しました [シナリオ名: 新規ユーザー登録]
[ADMIN] 18:02:56.311252 シナリオ走行を終了しました [シナリオ名: ログイン]
[ADMIN] 18:02:56.311267 シナリオ走行を開始しました [シナリオ名: ログイン]
[ADMIN] 18:02:56.311662 シナリオ走行を終了しました [シナリオ名: 新規ユーザー登録]
[ADMIN] 18:02:56.311702 シナリオ走行を開始しました [シナリオ名: 新規ユーザー登録]
[ADMIN] 18:02:56.337723 シナリオ走行を終了しました [シナリオ名: 新規ユーザー登録]
[ADMIN] 18:02:56.337754 シナリオ走行を開始しました [シナリオ名: 新規ユーザー登録]
[ADMIN] 18:02:56.337792 シナリオ走行を終了しました [シナリオ名: ログイン]
[ADMIN] 18:02:56.337805 シナリオ走行を開始しました [シナリオ名: ログイン]
[ADMIN] 18:02:56.357410 シナリオ走行を終了しました [シナリオ名: ログイン]
[ADMIN] 18:02:56.357424 シナリオ走行を開始しました [シナリオ名: ログイン]
[ADMIN] 18:02:56.364923 シナリオ走行を終了しました [シナリオ名: 新規ユーザー登録]
[ADMIN] 18:02:56.364942 シナリオ走行を開始しました [シナリオ名: 新規ユーザー登録]
[ADMIN] 18:02:56.390765 シナリオ走行を終了しました [シナリオ名: ログイン]
[ADMIN] 18:02:56.390775 シナリオ走行を開始しました [シナリオ名: ログイン]
[ADMIN] 18:02:56.393114 シナリオ走行を終了しました [シナリオ名: 新規ユーザー登録]
[ADMIN] 18:02:56.393128 シナリオ走行を開始しました [シナリオ名: 新規ユーザー登録]
[ADMIN] 18:02:56.421018 シナリオ走行を終了しました [シナリオ名: 新規ユーザー登録]
[ADMIN] 18:02:56.421042 シナリオ走行を開始しました [シナリオ名: 新規ユーザー登録]
[ADMIN] 18:02:56.425223 シナリオ走行を終了しました [シナリオ名: ログイン]
[ADMIN] 18:02:56.425233 シナリオ走行を開始しました [シナリオ名: ログイン]
[ADMIN] 18:02:56.444180 シナリオ走行を終了しました [シナリオ名: ログイン]
[ADMIN] 18:02:56.444194 シナリオ走行を開始しました [シナリオ名: ログイン]
[ADMIN] 18:02:56.445631 シナリオ走行を終了しました [シナリオ名: 新規ユーザー登録]
[ADMIN] 18:02:56.445644 シナリオ走行を開始しました [シナリオ名: 新規ユーザー登録]
[ADMIN] 18:02:56.463681 シナリオ走行を終了しました [シナリオ名: ログイン]
[ADMIN] 18:02:56.463693 シナリオ走行を開始しました [シナリオ名: ログイン]
[ADMIN] 18:02:56.469844 シナリオ走行を終了しました [シナリオ名: 新規ユーザー登録]
[ADMIN] 18:02:56.469861 シナリオ走行を開始しました [シナリオ名: 新規ユーザー登録]
[ADMIN] 18:02:56.496523 シナリオ走行を終了しました [シナリオ名: ログイン]
[ADMIN] 18:02:56.496534 シナリオ走行を開始しました [シナリオ名: ログイン]
[ADMIN] 18:02:56.498714 シナリオ走行を終了しました [シナリオ名: Banユーザログイン]
[ADMIN] 18:02:56.498728 シナリオ走行を開始しました [シナリオ名: Banユーザログイン]
[ADMIN] 18:02:56.502084 シナリオ走行を終了しました [シナリオ名: 新規ユーザー登録]
[ADMIN] 18:02:56.502098 シナリオ走行を開始しました [シナリオ名: 新規ユーザー登録]
[ADMIN] 18:02:56.520410 シナリオ走行を終了しました [シナリオ名: ログイン]
[ADMIN] 18:02:56.520421 シナリオ走行を開始しました [シナリオ名: ログイン]
[ADMIN] 18:02:56.533866 シナリオ走行を終了しました [シナリオ名: 新規ユーザー登録]
[ADMIN] 18:02:56.533885 シナリオ走行を開始しました [シナリオ名: 新規ユーザー登録]
[ADMIN] 18:02:56.553805 シナリオ走行を終了しました [シナリオ名: ログイン]
[ADMIN] 18:02:56.553816 シナリオ走行を開始しました [シナリオ名: ログイン]
[ADMIN] 18:02:56.565320 シナリオ走行を終了しました [シナリオ名: 新規ユーザー登録]
[ADMIN] 18:02:56.565338 シナリオ走行を開始しました [シナリオ名: 新規ユーザー登録]
[ADMIN] 18:02:56.582131 シナリオ走行を終了しました [シナリオ名: ログイン]
[ADMIN] 18:02:56.582142 シナリオ走行を開始しました [シナリオ名: ログイン]
[ADMIN] 18:02:56.593824 シナリオ走行を終了しました [シナリオ名: 新規ユーザー登録]
[ADMIN] 18:02:56.593845 シナリオ走行を開始しました [シナリオ名: 新規ユーザー登録]
[ADMIN] 18:02:56.602122 シナリオ走行を終了しました [シナリオ名: ログイン]
[ADMIN] 18:02:56.602133 シナリオ走行を開始しました [シナリオ名: ログイン]
[ADMIN] 18:02:56.618764 シナリオ走行を終了しました [シナリオ名: 新規ユーザー登録]
[ADMIN] 18:02:56.618788 シナリオ走行を開始しました [シナリオ名: 新規ユーザー登録]
[ADMIN] 18:02:56.622292 シナリオ走行を終了しました [シナリオ名: ログイン]
[ADMIN] 18:02:56.622300 シナリオ走行を開始しました [シナリオ名: ログイン]
[ADMIN] 18:02:56.644206 シナリオ走行を終了しました [シナリオ名: ログイン]
[ADMIN] 18:02:56.644221 シナリオ走行を開始しました [シナリオ名: ログイン]
[ADMIN] 18:02:56.646743 シナリオ走行を終了しました [シナリオ名: 新規ユーザー登録]
[ADMIN] 18:02:56.646763 シナリオ走行を開始しました [シナリオ名: 新規ユーザー登録]
[ADMIN] 18:02:56.671468 シナリオ走行を終了しました [シナリオ名: ログイン]
[ADMIN] 18:02:56.671478 シナリオ走行を開始しました [シナリオ名: ログイン]
[ADMIN] 18:02:56.672390 シナリオ走行を終了しました [シナリオ名: 新規ユーザー登録]
[ADMIN] 18:02:56.672410 シナリオ走行を開始しました [シナリオ名: 新規ユーザー登録]
[ADMIN] 18:02:56.711753 シナリオ走行を終了しました [シナリオ名: 新規ユーザー登録]
[ADMIN] 18:02:56.711772 シナリオ走行を開始しました [シナリオ名: 新規ユーザー登録]
[ADMIN] 18:02:56.719289 シナリオ走行を終了しました [シナリオ名: ログイン]
[ADMIN] 18:02:56.719300 シナリオ走行を開始しました [シナリオ名: ログイン]
[ADMIN] 18:02:56.736971 シナリオ走行を終了しました [シナリオ名: 新規ユーザー登録]
[ADMIN] 18:02:56.736987 シナリオ走行を開始しました [シナリオ名: 新規ユーザー登録]
[ADMIN] 18:02:56.738542 シナリオ走行を終了しました [シナリオ名: ログイン]
[ADMIN] 18:02:56.738553 シナリオ走行を開始しました [シナリオ名: ログイン]
[ADMIN] 18:02:56.763757 シナリオ走行を終了しました [シナリオ名: 新規ユーザー登録]
[ADMIN] 18:02:56.763775 シナリオ走行を開始しました [シナリオ名: 新規ユーザー登録]
[ADMIN] 18:02:56.779243 シナリオ走行を終了しました [シナリオ名: ログイン]
[ADMIN] 18:02:56.779255 シナリオ走行を開始しました [シナリオ名: ログイン]
[ADMIN] 18:02:56.792931 シナリオ走行を終了しました [シナリオ名: 新規ユーザー登録]
[ADMIN] 18:02:56.792949 シナリオ走行を開始しました [シナリオ名: 新規ユーザー登録]
[ADMIN] 18:02:56.810149 シナリオ走行を終了しました [シナリオ名: ログイン]
[ADMIN] 18:02:56.810161 シナリオ走行を開始しました [シナリオ名: ログイン]
[ADMIN] 18:02:56.823689 シナリオ走行を終了しました [シナリオ名: 新規ユーザー登録]
[ADMIN] 18:02:56.823708 シナリオ走行を開始しました [シナリオ名: 新規ユーザー登録]
[ADMIN] 18:02:56.830361 シナリオ走行を終了しました [シナリオ名: ログイン]
[ADMIN] 18:02:56.830372 シナリオ走行を開始しました [シナリオ名: ログイン]
[ADMIN] 18:02:56.848360 シナリオ走行を終了しました [シナリオ名: 新規ユーザー登録]
[ADMIN] 18:02:56.848378 シナリオ走行を開始しました [シナリオ名: 新規ユーザー登録]
[ADMIN] 18:02:56.868792 シナリオ走行を終了しました [シナリオ名: ログイン]
[ADMIN] 18:02:56.868807 シナリオ走行を開始しました [シナリオ名: ログイン]
[ADMIN] 18:02:56.878780 シナリオ走行を終了しました [シナリオ名: 新規ユーザー登録]
[ADMIN] 18:02:56.878798 シナリオ走行を開始しました [シナリオ名: 新規ユーザー登録]
[ADMIN] 18:02:56.890513 シナリオ走行を終了しました [シナリオ名: ログイン]
[ADMIN] 18:02:56.890525 シナリオ走行を開始しました [シナリオ名: ログイン]
[ADMIN] 18:02:56.907766 シナリオ走行を終了しました [シナリオ名: 新規ユーザー登録]
[ADMIN] 18:02:56.907787 シナリオ走行を開始しました [シナリオ名: 新規ユーザー登録]
[ADMIN] 18:02:56.917610 シナリオ走行を終了しました [シナリオ名: ログイン]
[ADMIN] 18:02:56.917619 シナリオ走行を開始しました [シナリオ名: ログイン]
[ADMIN] 18:02:56.940885 シナリオ走行を終了しました [シナリオ名: 新規ユーザー登録]
[ADMIN] 18:02:56.940906 シナリオ走行を開始しました [シナリオ名: 新規ユーザー登録]
[ADMIN] 18:02:56.957258 シナリオ走行を終了しました [シナリオ名: ログイン]
[ADMIN] 18:02:56.957269 シナリオ走行を開始しました [シナリオ名: ログイン]
[ADMIN] 18:02:56.969519 シナリオ走行を終了しました [シナリオ名: 新規ユーザー登録]
[ADMIN] 18:02:56.969539 シナリオ走行を開始しました [シナリオ名: 新規ユーザー登録]
[ADMIN] 18:02:56.981742 シナリオ走行を終了しました [シナリオ名: ログイン]
[ADMIN] 18:02:56.981753 シナリオ走行を開始しました [シナリオ名: ログイン]
[ADMIN] 18:02:57.002911 シナリオ走行を終了しました [シナリオ名: Banユーザログイン]
[ADMIN] 18:02:57.002927 シナリオ走行を開始しました [シナリオ名: Banユーザログイン]
[ADMIN] 18:02:57.004755 シナリオ走行を終了しました [シナリオ名: 新規ユーザー登録]
[ADMIN] 18:02:57.004773 シナリオ走行を開始しました [シナリオ名: 新規ユーザー登録]
[ADMIN] 18:02:57.022527 シナリオ走行を終了しました [シナリオ名: ログイン]
[ADMIN] 18:02:57.022538 シナリオ走行を開始しました [シナリオ名: ログイン]
[ADMIN] 18:02:57.035913 シナリオ走行を終了しました [シナリオ名: 新規ユーザー登録]
[ADMIN] 18:02:57.035930 シナリオ走行を開始しました [シナリオ名: 新規ユーザー登録]
[ADMIN] 18:02:57.044316 シナリオ走行を終了しました [シナリオ名: ログイン]
[ADMIN] 18:02:57.044330 シナリオ走行を開始しました [シナリオ名: ログイン]
[ADMIN] 18:02:57.066596 シナリオ走行を終了しました [シナリオ名: 新規ユーザー登録]
[ADMIN] 18:02:57.066632 シナリオ走行を開始しました [シナリオ名: 新規ユーザー登録]
[ADMIN] 18:02:57.080147 シナリオ走行を終了しました [シナリオ名: ログイン]
[ADMIN] 18:02:57.080156 シナリオ走行を開始しました [シナリオ名: ログイン]
[ADMIN] 18:02:57.098336 シナリオ走行を終了しました [シナリオ名: 新規ユーザー登録]
[ADMIN] 18:02:57.098355 シナリオ走行を開始しました [シナリオ名: 新規ユーザー登録]
[ADMIN] 18:02:57.105984 シナリオ走行を終了しました [シナリオ名: ログイン]
[ADMIN] 18:02:57.105995 シナリオ走行を開始しました [シナリオ名: ログイン]
[ADMIN] 18:02:57.127110 シナリオ走行を終了しました [シナリオ名: 新規ユーザー登録]
[ADMIN] 18:02:57.127131 シナリオ走行を開始しました [シナリオ名: 新規ユーザー登録]
[ADMIN] 18:02:57.129531 シナリオ走行を終了しました [シナリオ名: ログイン]
[ADMIN] 18:02:57.129541 シナリオ走行を開始しました [シナリオ名: ログイン]
[ADMIN] 18:02:57.162403 シナリオ走行を終了しました [シナリオ名: ログイン]
[ADMIN] 18:02:57.162415 シナリオ走行を開始しました [シナリオ名: ログイン]
[ADMIN] 18:02:57.166723 シナリオ走行を終了しました [シナリオ名: 新規ユーザー登録]
[ADMIN] 18:02:57.166741 シナリオ走行を開始しました [シナリオ名: 新規ユーザー登録]
[ADMIN] 18:02:57.185324 シナリオ走行を終了しました [シナリオ名: ログイン]
[ADMIN] 18:02:57.185333 シナリオ走行を開始しました [シナリオ名: ログイン]
[ADMIN] 18:02:57.200139 シナリオ走行を終了しました [シナリオ名: 新規ユーザー登録]
[ADMIN] 18:02:57.200154 シナリオ走行を開始しました [シナリオ名: 新規ユーザー登録]
[ADMIN] 18:02:57.221511 シナリオ走行を終了しました [シナリオ名: ログイン]
[ADMIN] 18:02:57.221520 シナリオ走行を開始しました [シナリオ名: ログイン]
[ADMIN] 18:02:57.233589 シナリオ走行を終了しました [シナリオ名: 新規ユーザー登録]
[ADMIN] 18:02:57.233615 シナリオ走行を開始しました [シナリオ名: 新規ユーザー登録]
[ADMIN] 18:02:57.247672 シナリオ走行を終了しました [シナリオ名: ログイン]
[ADMIN] 18:02:57.247684 シナリオ走行を開始しました [シナリオ名: ログイン]
[ADMIN] 18:02:57.264104 シナリオ走行を終了しました [シナリオ名: 新規ユーザー登録]
[ADMIN] 18:02:57.264123 シナリオ走行を開始しました [シナリオ名: 新規ユーザー登録]
[ADMIN] 18:02:57.290999 シナリオ走行を終了しました [シナリオ名: ログイン]
[ADMIN] 18:02:57.291010 シナリオ走行を開始しました [シナリオ名: ログイン]
[ADMIN] 18:02:57.297069 シナリオ走行を終了しました [シナリオ名: 新規ユーザー登録]
[ADMIN] 18:02:57.297087 シナリオ走行を開始しました [シナリオ名: 新規ユーザー登録]
[ADMIN] 18:02:57.323517 シナリオ走行を終了しました [シナリオ名: ログイン]
[ADMIN] 18:02:57.323530 シナリオ走行を開始しました [シナリオ名: ログイン]
[ADMIN] 18:02:57.326556 シナリオ走行を終了しました [シナリオ名: 新規ユーザー登録]
[ADMIN] 18:02:57.326577 シナリオ走行を開始しました [シナリオ名: 新規ユーザー登録]
[ADMIN] 18:02:57.346290 シナリオ走行を終了しました [シナリオ名: ログイン]
[ADMIN] 18:02:57.346305 シナリオ走行を開始しました [シナリオ名: ログイン]
[ADMIN] 18:02:57.358895 シナリオ走行を終了しました [シナリオ名: 新規ユーザー登録]
[ADMIN] 18:02:57.358920 シナリオ走行を開始しました [シナリオ名: 新規ユーザー登録]
[ADMIN] 18:02:57.381562 シナリオ走行を終了しました [シナリオ名: ログイン]
[ADMIN] 18:02:57.381575 シナリオ走行を開始しました [シナリオ名: ログイン]
[ADMIN] 18:02:57.387090 シナリオ走行を終了しました [シナリオ名: 新規ユーザー登録]
[ADMIN] 18:02:57.387108 シナリオ走行を開始しました [シナリオ名: 新規ユーザー登録]
[ADMIN] 18:02:57.413777 シナリオ走行を終了しました [シナリオ名: ログイン]
[ADMIN] 18:02:57.413789 シナリオ走行を開始しました [シナリオ名: ログイン]
[ADMIN] 18:02:57.418115 シナリオ走行を終了しました [シナリオ名: 新規ユーザー登録]
[ADMIN] 18:02:57.418134 シナリオ走行を開始しました [シナリオ名: 新規ユーザー登録]
[ADMIN] 18:02:57.442348 シナリオ走行を終了しました [シナリオ名: ログイン]
[ADMIN] 18:02:57.442360 シナリオ走行を開始しました [シナリオ名: ログイン]
[ADMIN] 18:02:57.450167 シナリオ走行を終了しました [シナリオ名: 新規ユーザー登録]
[ADMIN] 18:02:57.450191 シナリオ走行を開始しました [シナリオ名: 新規ユーザー登録]
[ADMIN] 18:02:57.467418 シナリオ走行を終了しました [シナリオ名: ログイン]
[ADMIN] 18:02:57.467430 シナリオ走行を開始しました [シナリオ名: ログイン]
[ADMIN] 18:02:57.479001 シナリオ走行を終了しました [シナリオ名: 新規ユーザー登録]
[ADMIN] 18:02:57.479021 シナリオ走行を開始しました [シナリオ名: 新規ユーザー登録]
[ADMIN] 18:02:57.494059 シナリオ走行を終了しました [シナリオ名: ログイン]
[ADMIN] 18:02:57.494070 シナリオ走行を開始しました [シナリオ名: ログイン]
[ADMIN] 18:02:57.509313 シナリオ走行を終了しました [シナリオ名: Banユーザログイン]
[ADMIN] 18:02:57.509332 シナリオ走行を開始しました [シナリオ名: Banユーザログイン]
[ADMIN] 18:02:57.514716 シナリオ走行を終了しました [シナリオ名: 新規ユーザー登録]
[ADMIN] 18:02:57.514733 シナリオ走行を開始しました [シナリオ名: 新規ユーザー登録]
[ADMIN] 18:02:57.533099 シナリオ走行を終了しました [シナリオ名: ログイン]
[ADMIN] 18:02:57.533108 シナリオ走行を開始しました [シナリオ名: ログイン]
[ADMIN] 18:02:57.547099 シナリオ走行を終了しました [シナリオ名: 新規ユーザー登録]
[ADMIN] 18:02:57.547120 シナリオ走行を開始しました [シナリオ名: 新規ユーザー登録]
[ADMIN] 18:02:57.553591 シナリオ走行を終了しました [シナリオ名: ログイン]
[ADMIN] 18:02:57.553602 シナリオ走行を開始しました [シナリオ名: ログイン]
[ADMIN] 18:02:57.576967 シナリオ走行を終了しました [シナリオ名: 新規ユーザー登録]
[ADMIN] 18:02:57.576993 シナリオ走行を開始しました [シナリオ名: 新規ユーザー登録]
[ADMIN] 18:02:57.582028 シナリオ走行を終了しました [シナリオ名: ログイン]
[ADMIN] 18:02:57.582039 シナリオ走行を開始しました [シナリオ名: ログイン]
[ADMIN] 18:02:57.613598 シナリオ走行を終了しました [シナリオ名: ログイン]
[ADMIN] 18:02:57.613610 シナリオ走行を開始しました [シナリオ名: ログイン]
[ADMIN] 18:02:57.616088 シナリオ走行を終了しました [シナリオ名: 新規ユーザー登録]
[ADMIN] 18:02:57.616110 シナリオ走行を開始しました [シナリオ名: 新規ユーザー登録]
[ADMIN] 18:02:57.640872 シナリオ走行を終了しました [シナリオ名: ログイン]
[ADMIN] 18:02:57.640883 シナリオ走行を開始しました [シナリオ名: ログイン]
[ADMIN] 18:02:57.646149 シナリオ走行を終了しました [シナリオ名: 新規ユーザー登録]
[ADMIN] 18:02:57.646168 シナリオ走行を開始しました [シナリオ名: 新規ユーザー登録]
[ADMIN] 18:02:57.661124 シナリオ走行を終了しました [シナリオ名: ログイン]
[ADMIN] 18:02:57.661134 シナリオ走行を開始しました [シナリオ名: ログイン]
[ADMIN] 18:02:57.675690 シナリオ走行を終了しました [シナリオ名: 新規ユーザー登録]
[ADMIN] 18:02:57.675706 シナリオ走行を開始しました [シナリオ名: 新規ユーザー登録]
[ADMIN] 18:02:57.696978 シナリオ走行を終了しました [シナリオ名: ログイン]
[ADMIN] 18:02:57.696990 シナリオ走行を開始しました [シナリオ名: ログイン]
[ADMIN] 18:02:57.703230 シナリオ走行を終了しました [シナリオ名: 新規ユーザー登録]
[ADMIN] 18:02:57.703259 シナリオ走行を開始しました [シナリオ名: 新規ユーザー登録]
[ADMIN] 18:02:57.717417 シナリオ走行を終了しました [シナリオ名: ログイン]
[ADMIN] 18:02:57.717432 シナリオ走行を開始しました [シナリオ名: ログイン]
[ADMIN] 18:02:57.729462 シナリオ走行を終了しました [シナリオ名: 新規ユーザー登録]
[ADMIN] 18:02:57.729490 シナリオ走行を開始しました [シナリオ名: 新規ユーザー登録]
[ADMIN] 18:02:57.754737 シナリオ走行を終了しました [シナリオ名: ログイン]
[ADMIN] 18:02:57.754751 シナリオ走行を開始しました [シナリオ名: ログイン]
[ADMIN] 18:02:57.760469 シナリオ走行を終了しました [シナリオ名: 新規ユーザー登録]
[ADMIN] 18:02:57.760493 シナリオ走行を開始しました [シナリオ名: 新規ユーザー登録]
[ADMIN] 18:02:57.774097 シナリオ走行を終了しました [シナリオ名: ログイン]
[ADMIN] 18:02:57.774111 シナリオ走行を開始しました [シナリオ名: ログイン]
[ADMIN] 18:02:57.785074 シナリオ走行を終了しました [シナリオ名: 新規ユーザー登録]
[ADMIN] 18:02:57.785100 シナリオ走行を開始しました [シナリオ名: 新規ユーザー登録]
[ADMIN] 18:02:57.805424 シナリオ走行を終了しました [シナリオ名: ログイン]
[ADMIN] 18:02:57.805437 シナリオ走行を開始しました [シナリオ名: ログイン]
[ADMIN] 18:02:57.813912 シナリオ走行を終了しました [シナリオ名: 新規ユーザー登録]
[ADMIN] 18:02:57.813933 シナリオ走行を開始しました [シナリオ名: 新規ユーザー登録]
[ADMIN] 18:02:57.841395 シナリオ走行を終了しました [シナリオ名: ログイン]
[ADMIN] 18:02:57.841411 シナリオ走行を開始しました [シナリオ名: ログイン]
[ADMIN] 18:02:57.844152 シナリオ走行を終了しました [シナリオ名: 新規ユーザー登録]
[ADMIN] 18:02:57.844169 シナリオ走行を開始しました [シナリオ名: 新規ユーザー登録]
[ADMIN] 18:02:57.878539 シナリオ走行を終了しました [シナリオ名: ログイン]
[ADMIN] 18:02:57.878554 シナリオ走行を開始しました [シナリオ名: ログイン]
[ADMIN] 18:02:57.878575 シナリオ走行を終了しました [シナリオ名: 新規ユーザー登録]
[ADMIN] 18:02:57.878593 シナリオ走行を開始しました [シナリオ名: 新規ユーザー登録]
[ADMIN] 18:02:57.910688 シナリオ走行を終了しました [シナリオ名: 新規ユーザー登録]
[ADMIN] 18:02:57.910714 シナリオ走行を開始しました [シナリオ名: 新規ユーザー登録]
[ADMIN] 18:02:57.914642 シナリオ走行を終了しました [シナリオ名: ログイン]
[ADMIN] 18:02:57.914660 シナリオ走行を開始しました [シナリオ名: ログイン]
[ADMIN] 18:02:57.936429 シナリオ走行を終了しました [シナリオ名: ログイン]
[ADMIN] 18:02:57.936444 シナリオ走行を開始しました [シナリオ名: ログイン]
[ADMIN] 18:02:57.947750 シナリオ走行を終了しました [シナリオ名: 新規ユーザー登録]
[ADMIN] 18:02:57.947771 シナリオ走行を開始しました [シナリオ名: 新規ユーザー登録]
[ADMIN] 18:02:57.965357 シナリオ走行を終了しました [シナリオ名: ログイン]
[ADMIN] 18:02:57.965372 シナリオ走行を開始しました [シナリオ名: ログイン]
[ADMIN] 18:02:57.976211 シナリオ走行を終了しました [シナリオ名: 新規ユーザー登録]
[ADMIN] 18:02:57.976232 シナリオ走行を開始しました [シナリオ名: 新規ユーザー登録]
[ADMIN] 18:02:58.004180 シナリオ走行を終了しました [シナリオ名: 新規ユーザー登録]
[ADMIN] 18:02:58.004208 シナリオ走行を開始しました [シナリオ名: 新規ユーザー登録]
[ADMIN] 18:02:58.008372 シナリオ走行を終了しました [シナリオ名: ログイン]
[ADMIN] 18:02:58.008384 シナリオ走行を開始しました [シナリオ名: ログイン]
[ADMIN] 18:02:58.014930 シナリオ走行を終了しました [シナリオ名: Banユーザログイン]
[ADMIN] 18:02:58.014946 シナリオ走行を開始しました [シナリオ名: Banユーザログイン]
[ADMIN] 18:02:58.044723 シナリオ走行を終了しました [シナリオ名: 新規ユーザー登録]
[ADMIN] 18:02:58.044752 シナリオ走行を開始しました [シナリオ名: 新規ユーザー登録]
[ADMIN] 18:02:58.046572 シナリオ走行を終了しました [シナリオ名: ログイン]
[ADMIN] 18:02:58.046585 シナリオ走行を開始しました [シナリオ名: ログイン]
[ADMIN] 18:02:58.083263 シナリオ走行を終了しました [シナリオ名: ログイン]
[ADMIN] 18:02:58.083283 シナリオ走行を開始しました [シナリオ名: ログイン]
[ADMIN] 18:02:58.088630 シナリオ走行を終了しました [シナリオ名: 新規ユーザー登録]
[ADMIN] 18:02:58.088650 シナリオ走行を開始しました [シナリオ名: 新規ユーザー登録]
[ADMIN] 18:02:58.109895 シナリオ走行を終了しました [シナリオ名: ログイン]
[ADMIN] 18:02:58.109906 シナリオ走行を開始しました [シナリオ名: ログイン]
[ADMIN] 18:02:58.121069 シナリオ走行を終了しました [シナリオ名: 新規ユーザー登録]
[ADMIN] 18:02:58.121094 シナリオ走行を開始しました [シナリオ名: 新規ユーザー登録]
[ADMIN] 18:02:58.148168 シナリオ走行を終了しました [シナリオ名: ログイン]
[ADMIN] 18:02:58.148183 シナリオ走行を開始しました [シナリオ名: ログイン]
[ADMIN] 18:02:58.152463 シナリオ走行を終了しました [シナリオ名: 新規ユーザー登録]
[ADMIN] 18:02:58.152488 シナリオ走行を開始しました [シナリオ名: 新規ユーザー登録]
[ADMIN] 18:02:58.184057 シナリオ走行を終了しました [シナリオ名: ログイン]
[ADMIN] 18:02:58.184074 シナリオ走行を開始しました [シナリオ名: ログイン]
[ADMIN] 18:02:58.186695 シナリオ走行を終了しました [シナリオ名: 新規ユーザー登録]
[ADMIN] 18:02:58.186719 シナリオ走行を開始しました [シナリオ名: 新規ユーザー登録]
[ADMIN] 18:02:58.219431 シナリオ走行を終了しました [シナリオ名: ログイン]
[ADMIN] 18:02:58.219449 シナリオ走行を開始しました [シナリオ名: ログイン]
[ADMIN] 18:02:58.223935 シナリオ走行を終了しました [シナリオ名: 新規ユーザー登録]
[ADMIN] 18:02:58.223962 シナリオ走行を開始しました [シナリオ名: 新規ユーザー登録]
[ADMIN] 18:02:58.252585 シナリオ走行を終了しました [シナリオ名: 新規ユーザー登録]
[ADMIN] 18:02:58.252615 シナリオ走行を開始しました [シナリオ名: 新規ユーザー登録]
[ADMIN] 18:02:58.255332 シナリオ走行を終了しました [シナリオ名: ログイン]
[ADMIN] 18:02:58.255346 シナリオ走行を開始しました [シナリオ名: ログイン]
[ADMIN] 18:02:58.298601 シナリオ走行を終了しました [シナリオ名: ログイン]
[ADMIN] 18:02:58.298631 シナリオ走行を開始しました [シナリオ名: ログイン]
[ADMIN] 18:02:58.301956 シナリオ走行を終了しました [シナリオ名: 新規ユーザー登録]
[ADMIN] 18:02:58.301978 シナリオ走行を開始しました [シナリオ名: 新規ユーザー登録]
[ADMIN] 18:02:58.335049 シナリオ走行を終了しました [シナリオ名: 新規ユーザー登録]
[ADMIN] 18:02:58.335075 シナリオ走行を開始しました [シナリオ名: 新規ユーザー登録]
[ADMIN] 18:02:58.339718 シナリオ走行を終了しました [シナリオ名: ログイン]
[ADMIN] 18:02:58.339728 シナリオ走行を開始しました [シナリオ名: ログイン]
[ADMIN] 18:02:58.361947 シナリオ走行を終了しました [シナリオ名: 新規ユーザー登録]
[ADMIN] 18:02:58.361970 シナリオ走行を開始しました [シナリオ名: 新規ユーザー登録]
[ADMIN] 18:02:58.371901 シナリオ走行を終了しました [シナリオ名: ログイン]
[ADMIN] 18:02:58.371914 シナリオ走行を開始しました [シナリオ名: ログイン]
[ADMIN] 18:02:58.392027 シナリオ走行を終了しました [シナリオ名: 新規ユーザー登録]
[ADMIN] 18:02:58.392063 シナリオ走行を開始しました [シナリオ名: 新規ユーザー登録]
[ADMIN] 18:02:58.396327 シナリオ走行を終了しました [シナリオ名: ログイン]
[ADMIN] 18:02:58.396338 シナリオ走行を開始しました [シナリオ名: ログイン]
[ADMIN] 18:02:58.422596 シナリオ走行を終了しました [シナリオ名: ログイン]
[ADMIN] 18:02:58.422611 シナリオ走行を開始しました [シナリオ名: ログイン]
[ADMIN] 18:02:58.424193 シナリオ走行を終了しました [シナリオ名: 新規ユーザー登録]
[ADMIN] 18:02:58.424213 シナリオ走行を開始しました [シナリオ名: 新規ユーザー登録]
[ADMIN] 18:02:58.443392 シナリオ走行を終了しました [シナリオ名: ログイン]
[ADMIN] 18:02:58.443405 シナリオ走行を開始しました [シナリオ名: ログイン]
[ADMIN] 18:02:58.449930 シナリオ走行を終了しました [シナリオ名: 新規ユーザー登録]
[ADMIN] 18:02:58.449948 シナリオ走行を開始しました [シナリオ名: 新規ユーザー登録]
[ADMIN] 18:02:58.477270 シナリオ走行を終了しました [シナリオ名: 新規ユーザー登録]
[ADMIN] 18:02:58.477297 シナリオ走行を開始しました [シナリオ名: 新規ユーザー登録]
[ADMIN] 18:02:58.478281 シナリオ走行を終了しました [シナリオ名: ログイン]
[ADMIN] 18:02:58.478293 シナリオ走行を開始しました [シナリオ名: ログイン]
[ADMIN] 18:02:58.501925 シナリオ走行を終了しました [シナリオ名: 新規ユーザー登録]
[ADMIN] 18:02:58.501949 シナリオ走行を開始しました [シナリオ名: 新規ユーザー登録]
[ADMIN] 18:02:58.503083 シナリオ走行を終了しました [シナリオ名: ログイン]
[ADMIN] 18:02:58.503093 シナリオ走行を開始しました [シナリオ名: ログイン]
[ADMIN] 18:02:58.523052 シナリオ走行を終了しました [シナリオ名: Banユーザログイン]
[ADMIN] 18:02:58.523065 シナリオ走行を開始しました [シナリオ名: Banユーザログイン]
[ADMIN] 18:02:58.544360 シナリオ走行を終了しました [シナリオ名: 新規ユーザー登録]
[ADMIN] 18:02:58.544384 シナリオ走行を開始しました [シナリオ名: 新規ユーザー登録]
[ADMIN] 18:02:58.546992 シナリオ走行を終了しました [シナリオ名: ログイン]
[ADMIN] 18:02:58.547003 シナリオ走行を開始しました [シナリオ名: ログイン]
[ADMIN] 18:02:58.569901 シナリオ走行を終了しました [シナリオ名: 新規ユーザー登録]
[ADMIN] 18:02:58.569921 シナリオ走行を開始しました [シナリオ名: 新規ユーザー登録]
[ADMIN] 18:02:58.579662 シナリオ走行を終了しました [シナリオ名: ログイン]
[ADMIN] 18:02:58.579672 シナリオ走行を開始しました [シナリオ名: ログイン]
[ADMIN] 18:02:58.597729 シナリオ走行を終了しました [シナリオ名: 新規ユーザー登録]
[ADMIN] 18:02:58.597753 シナリオ走行を開始しました [シナリオ名: 新規ユーザー登録]
[ADMIN] 18:02:58.614064 シナリオ走行を終了しました [シナリオ名: ログイン]
[ADMIN] 18:02:58.614077 シナリオ走行を開始しました [シナリオ名: ログイン]
[ADMIN] 18:02:58.624213 シナリオ走行を終了しました [シナリオ名: 新規ユーザー登録]
[ADMIN] 18:02:58.624233 シナリオ走行を開始しました [シナリオ名: 新規ユーザー登録]
[ADMIN] 18:02:58.640257 シナリオ走行を終了しました [シナリオ名: ログイン]
[ADMIN] 18:02:58.640271 シナリオ走行を開始しました [シナリオ名: ログイン]
[ADMIN] 18:02:58.651099 シナリオ走行を終了しました [シナリオ名: 新規ユーザー登録]
[ADMIN] 18:02:58.651118 シナリオ走行を開始しました [シナリオ名: 新規ユーザー登録]
[ADMIN] 18:02:58.664685 シナリオ走行を終了しました [シナリオ名: ログイン]
[ADMIN] 18:02:58.664695 シナリオ走行を開始しました [シナリオ名: ログイン]
[ADMIN] 18:02:58.679823 シナリオ走行を終了しました [シナリオ名: 新規ユーザー登録]
[ADMIN] 18:02:58.679841 シナリオ走行を開始しました [シナリオ名: 新規ユーザー登録]
[ADMIN] 18:02:58.696174 シナリオ走行を終了しました [シナリオ名: ログイン]
[ADMIN] 18:02:58.696185 シナリオ走行を開始しました [シナリオ名: ログイン]
[ADMIN] 18:02:58.706646 シナリオ走行を終了しました [シナリオ名: 新規ユーザー登録]
[ADMIN] 18:02:58.706661 シナリオ走行を開始しました [シナリオ名: 新規ユーザー登録]
[ADMIN] 18:02:58.733021 シナリオ走行を終了しました [シナリオ名: ログイン]
[ADMIN] 18:02:58.733031 シナリオ走行を開始しました [シナリオ名: ログイン]
[ADMIN] 18:02:58.734148 シナリオ走行を終了しました [シナリオ名: 新規ユーザー登録]
[ADMIN] 18:02:58.734169 シナリオ走行を開始しました [シナリオ名: 新規ユーザー登録]
[ADMIN] 18:02:58.758496 シナリオ走行を終了しました [シナリオ名: 新規ユーザー登録]
[ADMIN] 18:02:58.758523 シナリオ走行を開始しました [シナリオ名: 新規ユーザー登録]
[ADMIN] 18:02:58.758753 シナリオ走行を終了しました [シナリオ名: ログイン]
[ADMIN] 18:02:58.758765 シナリオ走行を開始しました [シナリオ名: ログイン]
[ADMIN] 18:02:58.784440 シナリオ走行を終了しました [シナリオ名: 新規ユーザー登録]
[ADMIN] 18:02:58.784466 シナリオ走行を開始しました [シナリオ名: 新規ユーザー登録]
[ADMIN] 18:02:58.793675 シナリオ走行を終了しました [シナリオ名: ログイン]
[ADMIN] 18:02:58.793687 シナリオ走行を開始しました [シナリオ名: ログイン]
[ADMIN] 18:02:58.809659 シナリオ走行を終了しました [シナリオ名: 新規ユーザー登録]
[ADMIN] 18:02:58.809684 シナリオ走行を開始しました [シナリオ名: 新規ユーザー登録]
[ADMIN] 18:02:58.812329 シナリオ走行を終了しました [シナリオ名: ログイン]
[ADMIN] 18:02:58.812340 シナリオ走行を開始しました [シナリオ名: ログイン]
[ADMIN] 18:02:58.832977 シナリオ走行を終了しました [シナリオ名: 新規ユーザー登録]
[ADMIN] 18:02:58.832997 シナリオ走行を開始しました [シナリオ名: 新規ユーザー登録]
[ADMIN] 18:02:58.844400 シナリオ走行を終了しました [シナリオ名: ログイン]
[ADMIN] 18:02:58.844412 シナリオ走行を開始しました [シナリオ名: ログイン]
[ADMIN] 18:02:58.860202 シナリオ走行を終了しました [シナリオ名: 新規ユーザー登録]
[ADMIN] 18:02:58.860227 シナリオ走行を開始しました [シナリオ名: 新規ユーザー登録]
[ADMIN] 18:02:58.869443 シナリオ走行を終了しました [シナリオ名: ログイン]
[ADMIN] 18:02:58.869456 シナリオ走行を開始しました [シナリオ名: ログイン]
[ADMIN] 18:02:58.890143 シナリオ走行を終了しました [シナリオ名: 新規ユーザー登録]
[ADMIN] 18:02:58.890169 シナリオ走行を開始しました [シナリオ名: 新規ユーザー登録]
[ADMIN] 18:02:58.906112 シナリオ走行を終了しました [シナリオ名: ログイン]
[ADMIN] 18:02:58.906124 シナリオ走行を開始しました [シナリオ名: ログイン]
[ADMIN] 18:02:58.927469 シナリオ走行を終了しました [シナリオ名: 新規ユーザー登録]
[ADMIN] 18:02:58.927491 シナリオ走行を開始しました [シナリオ名: 新規ユーザー登録]
[ADMIN] 18:02:58.948275 シナリオ走行を終了しました [シナリオ名: ログイン]
[ADMIN] 18:02:58.948292 シナリオ走行を開始しました [シナリオ名: ログイン]
[ADMIN] 18:02:58.972312 シナリオ走行を終了しました [シナリオ名: 新規ユーザー登録]
[ADMIN] 18:02:58.972339 シナリオ走行を開始しました [シナリオ名: 新規ユーザー登録]
[ADMIN] 18:02:58.979510 シナリオ走行を終了しました [シナリオ名: ログイン]
[ADMIN] 18:02:58.979521 シナリオ走行を開始しました [シナリオ名: ログイン]
[ADMIN] 18:02:58.998858 シナリオ走行を終了しました [シナリオ名: 新規ユーザー登録]
[ADMIN] 18:02:58.998887 シナリオ走行を開始しました [シナリオ名: 新規ユーザー登録]
[ADMIN] 18:02:59.010029 シナリオ走行を終了しました [シナリオ名: ログイン]
[ADMIN] 18:02:59.010044 シナリオ走行を開始しました [シナリオ名: ログイン]
[ADMIN] 18:02:59.027626 シナリオ走行を終了しました [シナリオ名: 新規ユーザー登録]
[ADMIN] 18:02:59.027652 シナリオ走行を開始しました [シナリオ名: 新規ユーザー登録]
[ADMIN] 18:02:59.028011 シナリオ走行を終了しました [シナリオ名: Banユーザログイン]
[ADMIN] 18:02:59.028027 シナリオ走行を開始しました [シナリオ名: Banユーザログイン]
[ADMIN] 18:02:59.051944 シナリオ走行を終了しました [シナリオ名: ログイン]
[ADMIN] 18:02:59.051960 シナリオ走行を開始しました [シナリオ名: ログイン]
[ADMIN] 18:02:59.062530 シナリオ走行を終了しました [シナリオ名: 新規ユーザー登録]
[ADMIN] 18:02:59.062557 シナリオ走行を開始しました [シナリオ名: 新規ユーザー登録]
[ADMIN] 18:02:59.088236 シナリオ走行を終了しました [シナリオ名: ログイン]
[ADMIN] 18:02:59.088251 シナリオ走行を開始しました [シナリオ名: ログイン]
[ADMIN] 18:02:59.092440 シナリオ走行を終了しました [シナリオ名: 新規ユーザー登録]
[ADMIN] 18:02:59.092459 シナリオ走行を開始しました [シナリオ名: 新規ユーザー登録]
[ADMIN] 18:02:59.113176 シナリオ走行を終了しました [シナリオ名: ログイン]
[ADMIN] 18:02:59.113194 シナリオ走行を開始しました [シナリオ名: ログイン]
[ADMIN] 18:02:59.129289 シナリオ走行を終了しました [シナリオ名: 新規ユーザー登録]
[ADMIN] 18:02:59.129320 シナリオ走行を開始しました [シナリオ名: 新規ユーザー登録]
[ADMIN] 18:02:59.137784 シナリオ走行を終了しました [シナリオ名: ログイン]
[ADMIN] 18:02:59.137798 シナリオ走行を開始しました [シナリオ名: ログイン]
[ADMIN] 18:02:59.160174 シナリオ走行を終了しました [シナリオ名: 新規ユーザー登録]
[ADMIN] 18:02:59.160209 シナリオ走行を開始しました [シナリオ名: 新規ユーザー登録]
[ADMIN] 18:02:59.161946 シナリオ走行を終了しました [シナリオ名: ログイン]
[ADMIN] 18:02:59.161955 シナリオ走行を開始しました [シナリオ名: ログイン]
[ADMIN] 18:02:59.194338 シナリオ走行を終了しました [シナリオ名: 新規ユーザー登録]
[ADMIN] 18:02:59.194367 シナリオ走行を開始しました [シナリオ名: 新規ユーザー登録]
[ADMIN] 18:02:59.195274 シナリオ走行を終了しました [シナリオ名: ログイン]
[ADMIN] 18:02:59.195285 シナリオ走行を開始しました [シナリオ名: ログイン]
[ADMIN] 18:02:59.218518 シナリオ走行を終了しました [シナリオ名: ログイン]
[ADMIN] 18:02:59.218530 シナリオ走行を開始しました [シナリオ名: ログイン]
[ADMIN] 18:02:59.222322 シナリオ走行を終了しました [シナリオ名: 新規ユーザー登録]
[ADMIN] 18:02:59.222340 シナリオ走行を開始しました [シナリオ名: 新規ユーザー登録]
[ADMIN] 18:02:59.257369 シナリオ走行を終了しました [シナリオ名: ログイン]
[ADMIN] 18:02:59.257382 シナリオ走行を開始しました [シナリオ名: ログイン]
[ADMIN] 18:02:59.258846 シナリオ走行を終了しました [シナリオ名: 新規ユーザー登録]
[ADMIN] 18:02:59.258867 シナリオ走行を開始しました [シナリオ名: 新規ユーザー登録]
[ADMIN] 18:02:59.289105 シナリオ走行を終了しました [シナリオ名: ログイン]
[ADMIN] 18:02:59.289120 シナリオ走行を開始しました [シナリオ名: ログイン]
[ADMIN] 18:02:59.291069 シナリオ走行を終了しました [シナリオ名: 新規ユーザー登録]
[ADMIN] 18:02:59.291095 シナリオ走行を開始しました [シナリオ名: 新規ユーザー登録]
[ADMIN] 18:02:59.319275 シナリオ走行を終了しました [シナリオ名: 新規ユーザー登録]
[ADMIN] 18:02:59.319299 シナリオ走行を開始しました [シナリオ名: 新規ユーザー登録]
[ADMIN] 18:02:59.321620 シナリオ走行を終了しました [シナリオ名: ログイン]
[ADMIN] 18:02:59.321633 シナリオ走行を開始しました [シナリオ名: ログイン]
[ADMIN] 18:02:59.346889 シナリオ走行を終了しました [シナリオ名: 新規ユーザー登録]
[ADMIN] 18:02:59.346915 シナリオ走行を開始しました [シナリオ名: 新規ユーザー登録]
[ADMIN] 18:02:59.354600 シナリオ走行を終了しました [シナリオ名: ログイン]
[ADMIN] 18:02:59.354613 シナリオ走行を開始しました [シナリオ名: ログイン]
[ADMIN] 18:02:59.374606 シナリオ走行を終了しました [シナリオ名: ログイン]
[ADMIN] 18:02:59.374635 シナリオ走行を開始しました [シナリオ名: ログイン]
[ADMIN] 18:02:59.389120 シナリオ走行を終了しました [シナリオ名: 新規ユーザー登録]
[ADMIN] 18:02:59.389138 シナリオ走行を開始しました [シナリオ名: 新規ユーザー登録]
[ADMIN] 18:02:59.411780 シナリオ走行を終了しました [シナリオ名: ログイン]
[ADMIN] 18:02:59.411789 シナリオ走行を開始しました [シナリオ名: ログイン]
[ADMIN] 18:02:59.419638 シナリオ走行を終了しました [シナリオ名: 新規ユーザー登録]
[ADMIN] 18:02:59.419653 シナリオ走行を開始しました [シナリオ名: 新規ユーザー登録]
[ADMIN] 18:02:59.432558 シナリオ走行を終了しました [シナリオ名: ログイン]
[ADMIN] 18:02:59.432569 シナリオ走行を開始しました [シナリオ名: ログイン]
[ADMIN] 18:02:59.446236 シナリオ走行を終了しました [シナリオ名: 新規ユーザー登録]
[ADMIN] 18:02:59.446256 シナリオ走行を開始しました [シナリオ名: 新規ユーザー登録]
[ADMIN] 18:02:59.472163 シナリオ走行を終了しました [シナリオ名: ログイン]
[ADMIN] 18:02:59.472174 シナリオ走行を開始しました [シナリオ名: ログイン]
[ADMIN] 18:02:59.476719 シナリオ走行を終了しました [シナリオ名: 新規ユーザー登録]
[ADMIN] 18:02:59.476736 シナリオ走行を開始しました [シナリオ名: 新規ユーザー登録]
[ADMIN] 18:02:59.492317 シナリオ走行を終了しました [シナリオ名: ログイン]
[ADMIN] 18:02:59.492326 シナリオ走行を開始しました [シナリオ名: ログイン]
[ADMIN] 18:02:59.504526 シナリオ走行を終了しました [シナリオ名: 新規ユーザー登録]
[ADMIN] 18:02:59.504549 シナリオ走行を開始しました [シナリオ名: 新規ユーザー登録]
[ADMIN] 18:02:59.523951 シナリオ走行を終了しました [シナリオ名: ログイン]
[ADMIN] 18:02:59.523963 シナリオ走行を開始しました [シナリオ名: ログイン]
[ADMIN] 18:02:59.528621 シナリオ走行を終了しました [シナリオ名: 新規ユーザー登録]
[ADMIN] 18:02:59.528641 シナリオ走行を開始しました [シナリオ名: 新規ユーザー登録]
[ADMIN] 18:02:59.536773 シナリオ走行を終了しました [シナリオ名: Banユーザログイン]
[ADMIN] 18:02:59.536784 シナリオ走行を開始しました [シナリオ名: Banユーザログイン]
[ADMIN] 18:02:59.556662 シナリオ走行を終了しました [シナリオ名: ログイン]
[ADMIN] 18:02:59.556676 シナリオ走行を開始しました [シナリオ名: ログイン]
[ADMIN] 18:02:59.558524 シナリオ走行を終了しました [シナリオ名: 新規ユーザー登録]
[ADMIN] 18:02:59.558546 シナリオ走行を開始しました [シナリオ名: 新規ユーザー登録]
[ADMIN] 18:02:59.582701 シナリオ走行を終了しました [シナリオ名: 新規ユーザー登録]
[ADMIN] 18:02:59.582736 シナリオ走行を開始しました [シナリオ名: 新規ユーザー登録]
[ADMIN] 18:02:59.583130 シナリオ走行を終了しました [シナリオ名: ログイン]
[ADMIN] 18:02:59.583145 シナリオ走行を開始しました [シナリオ名: ログイン]
[ADMIN] 18:02:59.607148 シナリオ走行を終了しました [シナリオ名: ログイン]
[ADMIN] 18:02:59.607164 シナリオ走行を開始しました [シナリオ名: ログイン]
[ADMIN] 18:02:59.608537 シナリオ走行を終了しました [シナリオ名: 新規ユーザー登録]
[ADMIN] 18:02:59.608559 シナリオ走行を開始しました [シナリオ名: 新規ユーザー登録]
[ADMIN] 18:02:59.634386 シナリオ走行を終了しました [シナリオ名: ログイン]
[ADMIN] 18:02:59.634399 シナリオ走行を開始しました [シナリオ名: ログイン]
[ADMIN] 18:02:59.635218 シナリオ走行を終了しました [シナリオ名: 新規ユーザー登録]
[ADMIN] 18:02:59.635246 シナリオ走行を開始しました [シナリオ名: 新規ユーザー登録]
[ADMIN] 18:02:59.658650 シナリオ走行を終了しました [シナリオ名: ログイン]
[ADMIN] 18:02:59.658664 シナリオ走行を開始しました [シナリオ名: ログイン]
[ADMIN] 18:02:59.666801 シナリオ走行を終了しました [シナリオ名: 新規ユーザー登録]
[ADMIN] 18:02:59.666825 シナリオ走行を開始しました [シナリオ名: 新規ユーザー登録]
[ADMIN] 18:02:59.692555 シナリオ走行を終了しました [シナリオ名: 新規ユーザー登録]
[ADMIN] 18:02:59.692584 シナリオ走行を開始しました [シナリオ名: 新規ユーザー登録]
[ADMIN] 18:02:59.692764 シナリオ走行を終了しました [シナリオ名: ログイン]
[ADMIN] 18:02:59.692773 シナリオ走行を開始しました [シナリオ名: ログイン]
[ADMIN] 18:02:59.712218 シナリオ走行を終了しました [シナリオ名: ログイン]
[ADMIN] 18:02:59.712231 シナリオ走行を開始しました [シナリオ名: ログイン]
[ADMIN] 18:02:59.717630 シナリオ走行を終了しました [シナリオ名: 新規ユーザー登録]
[ADMIN] 18:02:59.717656 シナリオ走行を開始しました [シナリオ名: 新規ユーザー登録]
[ADMIN] 18:02:59.747478 シナリオ走行を終了しました [シナリオ名: 新規ユーザー登録]
[ADMIN] 18:02:59.747501 シナリオ走行を開始しました [シナリオ名: 新規ユーザー登録]
[ADMIN] 18:02:59.748583 シナリオ走行を終了しました [シナリオ名: ログイン]
[ADMIN] 18:02:59.748594 シナリオ走行を開始しました [シナリオ名: ログイン]
[ADMIN] 18:02:59.768810 シナリオ走行を終了しました [シナリオ名: ログイン]
[ADMIN] 18:02:59.768824 シナリオ走行を開始しました [シナリオ名: ログイン]
[ADMIN] 18:02:59.773644 シナリオ走行を終了しました [シナリオ名: 新規ユーザー登録]
[ADMIN] 18:02:59.773664 シナリオ走行を開始しました [シナリオ名: 新規ユーザー登録]
[ADMIN] 18:02:59.796135 シナリオ走行を終了しました [シナリオ名: ログイン]
[ADMIN] 18:02:59.796147 シナリオ走行を開始しました [シナリオ名: ログイン]
[ADMIN] 18:02:59.894646 シナリオ走行を終了しました [シナリオ名: 新規ユーザー登録]
[ADMIN] 18:02:59.894672 シナリオ走行を開始しました [シナリオ名: 新規ユーザー登録]
[ADMIN] 18:02:59.914313 シナリオ走行を終了しました [シナリオ名: ログイン]
[ADMIN] 18:02:59.914326 シナリオ走行を開始しました [シナリオ名: ログイン]
[ADMIN] 18:02:59.926606 シナリオ走行を終了しました [シナリオ名: 新規ユーザー登録]
[ADMIN] 18:02:59.926642 シナリオ走行を開始しました [シナリオ名: 新規ユーザー登録]
[ADMIN] 18:02:59.939019 シナリオ走行を終了しました [シナリオ名: ログイン]
[ADMIN] 18:02:59.939031 シナリオ走行を開始しました [シナリオ名: ログイン]
[ADMIN] 18:02:59.960259 シナリオ走行を終了しました [シナリオ名: 新規ユーザー登録]
[ADMIN] 18:02:59.960283 シナリオ走行を開始しました [シナリオ名: 新規ユーザー登録]
[ADMIN] 18:02:59.965546 シナリオ走行を終了しました [シナリオ名: ログイン]
[ADMIN] 18:02:59.965558 シナリオ走行を開始しました [シナリオ名: ログイン]
[ADMIN] 18:02:59.988031 シナリオ走行を終了しました [シナリオ名: ログイン]
[ADMIN] 18:02:59.988047 シナリオ走行を開始しました [シナリオ名: ログイン]
[ADMIN] 18:02:59.989708 シナリオ走行を終了しました [シナリオ名: 新規ユーザー登録]
[ADMIN] 18:02:59.989732 シナリオ走行を開始しました [シナリオ名: 新規ユーザー登録]
[ADMIN] 18:03:00.013034 シナリオ走行を終了しました [シナリオ名: ログイン]
[ADMIN] 18:03:00.013048 シナリオ走行を開始しました [シナリオ名: ログイン]
[ADMIN] 18:03:00.018083 シナリオ走行を終了しました [シナリオ名: 新規ユーザー登録]
[ADMIN] 18:03:00.018109 シナリオ走行を開始しました [シナリオ名: 新規ユーザー登録]
[ADMIN] 18:03:00.043137 シナリオ走行を終了しました [シナリオ名: Banユーザログイン]
[ADMIN] 18:03:00.043152 シナリオ走行を開始しました [シナリオ名: Banユーザログイン]
[ADMIN] 18:03:00.047705 シナリオ走行を終了しました [シナリオ名: ログイン]
[ADMIN] 18:03:00.047716 シナリオ走行を開始しました [シナリオ名: ログイン]
[ADMIN] 18:03:00.055867 シナリオ走行を終了しました [シナリオ名: 新規ユーザー登録]
[ADMIN] 18:03:00.055891 シナリオ走行を開始しました [シナリオ名: 新規ユーザー登録]
[ADMIN] 18:03:00.077342 シナリオ走行を終了しました [シナリオ名: ログイン]
[ADMIN] 18:03:00.077355 シナリオ走行を開始しました [シナリオ名: ログイン]
[ADMIN] 18:03:00.087448 シナリオ走行を終了しました [シナリオ名: 新規ユーザー登録]
[ADMIN] 18:03:00.087471 シナリオ走行を開始しました [シナリオ名: 新規ユーザー登録]
[ADMIN] 18:03:00.116950 シナリオ走行を終了しました [シナリオ名: ログイン]
[ADMIN] 18:03:00.116966 シナリオ走行を開始しました [シナリオ名: ログイン]
[ADMIN] 18:03:00.120605 シナリオ走行を終了しました [シナリオ名: 新規ユーザー登録]
[ADMIN] 18:03:00.120626 シナリオ走行を開始しました [シナリオ名: 新規ユーザー登録]
[ADMIN] 18:03:00.151417 シナリオ走行を終了しました [シナリオ名: 新規ユーザー登録]
[ADMIN] 18:03:00.151442 シナリオ走行を開始しました [シナリオ名: 新規ユーザー登録]
[ADMIN] 18:03:00.151952 シナリオ走行を終了しました [シナリオ名: ログイン]
[ADMIN] 18:03:00.151962 シナリオ走行を開始しました [シナリオ名: ログイン]
[ADMIN] 18:03:00.175432 シナリオ走行を終了しました [シナリオ名: ログイン]
[ADMIN] 18:03:00.175446 シナリオ走行を開始しました [シナリオ名: ログイン]
[ADMIN] 18:03:00.179402 シナリオ走行を終了しました [シナリオ名: 新規ユーザー登録]
[ADMIN] 18:03:00.179421 シナリオ走行を開始しました [シナリオ名: 新規ユーザー登録]
[ADMIN] 18:03:00.200075 シナリオ走行を終了しました [シナリオ名: ログイン]
[ADMIN] 18:03:00.200085 シナリオ走行を開始しました [シナリオ名: ログイン]
[ADMIN] 18:03:00.210330 シナリオ走行を終了しました [シナリオ名: 新規ユーザー登録]
[ADMIN] 18:03:00.210351 シナリオ走行を開始しました [シナリオ名: 新規ユーザー登録]
[ADMIN] 18:03:00.223230 シナリオ走行を終了しました [シナリオ名: ログイン]
[ADMIN] 18:03:00.223246 シナリオ走行を開始しました [シナリオ名: ログイン]
[ADMIN] 18:03:00.240237 シナリオ走行を終了しました [シナリオ名: 新規ユーザー登録]
[ADMIN] 18:03:00.240258 シナリオ走行を開始しました [シナリオ名: 新規ユーザー登録]
[ADMIN] 18:03:00.263314 シナリオ走行を終了しました [シナリオ名: ログイン]
[ADMIN] 18:03:00.263325 シナリオ走行を開始しました [シナリオ名: ログイン]
[ADMIN] 18:03:00.273931 シナリオ走行を終了しました [シナリオ名: 新規ユーザー登録]
[ADMIN] 18:03:00.273951 シナリオ走行を開始しました [シナリオ名: 新規ユーザー登録]
[ADMIN] 18:03:00.294316 シナリオ走行を終了しました [シナリオ名: ログイン]
[ADMIN] 18:03:00.294327 シナリオ走行を開始しました [シナリオ名: ログイン]
[ADMIN] 18:03:00.301613 シナリオ走行を終了しました [シナリオ名: 新規ユーザー登録]
[ADMIN] 18:03:00.301637 シナリオ走行を開始しました [シナリオ名: 新規ユーザー登録]
[ADMIN] 18:03:00.316718 シナリオ走行を終了しました [シナリオ名: ログイン]
[ADMIN] 18:03:00.316732 シナリオ走行を開始しました [シナリオ名: ログイン]
[ADMIN] 18:03:00.331775 シナリオ走行を終了しました [シナリオ名: 新規ユーザー登録]
[ADMIN] 18:03:00.331803 シナリオ走行を開始しました [シナリオ名: 新規ユーザー登録]
[ADMIN] 18:03:00.364508 シナリオ走行を終了しました [シナリオ名: ログイン]
[ADMIN] 18:03:00.364521 シナリオ走行を開始しました [シナリオ名: ログイン]
[ADMIN] 18:03:00.371805 シナリオ走行を終了しました [シナリオ名: 新規ユーザー登録]
[ADMIN] 18:03:00.371827 シナリオ走行を開始しました [シナリオ名: 新規ユーザー登録]
[ADMIN] 18:03:00.395844 シナリオ走行を終了しました [シナリオ名: ログイン]
[ADMIN] 18:03:00.395860 シナリオ走行を開始しました [シナリオ名: ログイン]
[ADMIN] 18:03:00.399682 シナリオ走行を終了しました [シナリオ名: 新規ユーザー登録]
[ADMIN] 18:03:00.399701 シナリオ走行を開始しました [シナリオ名: 新規ユーザー登録]
[ADMIN] 18:03:00.417993 シナリオ走行を終了しました [シナリオ名: ログイン]
[ADMIN] 18:03:00.418007 シナリオ走行を開始しました [シナリオ名: ログイン]
[ADMIN] 18:03:00.429323 シナリオ走行を終了しました [シナリオ名: 新規ユーザー登録]
[ADMIN] 18:03:00.429339 シナリオ走行を開始しました [シナリオ名: 新規ユーザー登録]
[ADMIN] 18:03:00.452331 シナリオ走行を終了しました [シナリオ名: ログイン]
[ADMIN] 18:03:00.452343 シナリオ走行を開始しました [シナリオ名: ログイン]
[ADMIN] 18:03:00.454414 シナリオ走行を終了しました [シナリオ名: 新規ユーザー登録]
[ADMIN] 18:03:00.454431 シナリオ走行を開始しました [シナリオ名: 新規ユーザー登録]
[ADMIN] 18:03:00.482381 シナリオ走行を終了しました [シナリオ名: ログイン]
[ADMIN] 18:03:00.482394 シナリオ走行を開始しました [シナリオ名: ログイン]
[ADMIN] 18:03:00.485889 シナリオ走行を終了しました [シナリオ名: 新規ユーザー登録]
[ADMIN] 18:03:00.485910 シナリオ走行を開始しました [シナリオ名: 新規ユーザー登録]
[ADMIN] 18:03:00.502281 シナリオ走行を終了しました [シナリオ名: ログイン]
[ADMIN] 18:03:00.502293 シナリオ走行を開始しました [シナリオ名: ログイン]
[ADMIN] 18:03:00.509904 シナリオ走行を終了しました [シナリオ名: 新規ユーザー登録]
[ADMIN] 18:03:00.509924 シナリオ走行を開始しました [シナリオ名: 新規ユーザー登録]
[ADMIN] 18:03:00.528072 シナリオ走行を終了しました [シナリオ名: ログイン]
[ADMIN] 18:03:00.528084 シナリオ走行を開始しました [シナリオ名: ログイン]
[ADMIN] 18:03:00.536494 シナリオ走行を終了しました [シナリオ名: 新規ユーザー登録]
[ADMIN] 18:03:00.536510 シナリオ走行を開始しました [シナリオ名: 新規ユーザー登録]
[ADMIN] 18:03:00.550012 シナリオ走行を終了しました [シナリオ名: Banユーザログイン]
[ADMIN] 18:03:00.550029 シナリオ走行を開始しました [シナリオ名: Banユーザログイン]
[ADMIN] 18:03:00.560093 シナリオ走行を終了しました [シナリオ名: ログイン]
[ADMIN] 18:03:00.560104 シナリオ走行を開始しました [シナリオ名: ログイン]
[ADMIN] 18:03:00.564902 シナリオ走行を終了しました [シナリオ名: 新規ユーザー登録]
[ADMIN] 18:03:00.564920 シナリオ走行を開始しました [シナリオ名: 新規ユーザー登録]
[ADMIN] 18:03:00.580249 シナリオ走行を終了しました [シナリオ名: ログイン]
[ADMIN] 18:03:00.580260 シナリオ走行を開始しました [シナリオ名: ログイン]
[ADMIN] 18:03:00.589666 シナリオ走行を終了しました [シナリオ名: 新規ユーザー登録]
[ADMIN] 18:03:00.589685 シナリオ走行を開始しました [シナリオ名: 新規ユーザー登録]
[ADMIN] 18:03:00.616789 シナリオ走行を終了しました [シナリオ名: 新規ユーザー登録]
[ADMIN] 18:03:00.616816 シナリオ走行を開始しました [シナリオ名: 新規ユーザー登録]
[ADMIN] 18:03:00.619398 シナリオ走行を終了しました [シナリオ名: ログイン]
[ADMIN] 18:03:00.619411 シナリオ走行を開始しました [シナリオ名: ログイン]
[ADMIN] 18:03:00.639842 シナリオ走行を終了しました [シナリオ名: 新規ユーザー登録]
[ADMIN] 18:03:00.639869 シナリオ走行を開始しました [シナリオ名: 新規ユーザー登録]
[ADMIN] 18:03:00.640455 シナリオ走行を終了しました [シナリオ名: ログイン]
[ADMIN] 18:03:00.640465 シナリオ走行を開始しました [シナリオ名: ログイン]
[ADMIN] 18:03:00.666265 シナリオ走行を終了しました [シナリオ名: 新規ユーザー登録]
[ADMIN] 18:03:00.666286 シナリオ走行を開始しました [シナリオ名: 新規ユーザー登録]
[ADMIN] 18:03:00.670831 シナリオ走行を終了しました [シナリオ名: ログイン]
[ADMIN] 18:03:00.670841 シナリオ走行を開始しました [シナリオ名: ログイン]
[ADMIN] 18:03:00.693149 シナリオ走行を終了しました [シナリオ名: 新規ユーザー登録]
[ADMIN] 18:03:00.693169 シナリオ走行を開始しました [シナリオ名: 新規ユーザー登録]
[ADMIN] 18:03:00.693958 シナリオ走行を終了しました [シナリオ名: ログイン]
[ADMIN] 18:03:00.693968 シナリオ走行を開始しました [シナリオ名: ログイン]
[ADMIN] 18:03:00.719714 シナリオ走行を終了しました [シナリオ名: 新規ユーザー登録]
[ADMIN] 18:03:00.719744 シナリオ走行を開始しました [シナリオ名: 新規ユーザー登録]
[ADMIN] 18:03:00.726468 シナリオ走行を終了しました [シナリオ名: ログイン]
[ADMIN] 18:03:00.726479 シナリオ走行を開始しました [シナリオ名: ログイン]
[ADMIN] 18:03:00.746955 シナリオ走行を終了しました [シナリオ名: 新規ユーザー登録]
[ADMIN] 18:03:00.746977 シナリオ走行を開始しました [シナリオ名: 新規ユーザー登録]
[ADMIN] 18:03:00.772379 シナリオ走行を終了しました [シナリオ名: ログイン]
[ADMIN] 18:03:00.772391 シナリオ走行を開始しました [シナリオ名: ログイン]
[ADMIN] 18:03:00.783649 シナリオ走行を終了しました [シナリオ名: 新規ユーザー登録]
[ADMIN] 18:03:00.783669 シナリオ走行を開始しました [シナリオ名: 新規ユーザー登録]
[ADMIN] 18:03:00.800137 シナリオ走行を終了しました [シナリオ名: ログイン]
[ADMIN] 18:03:00.800150 シナリオ走行を開始しました [シナリオ名: ログイン]
[ADMIN] 18:03:00.812683 シナリオ走行を終了しました [シナリオ名: 新規ユーザー登録]
[ADMIN] 18:03:00.812705 シナリオ走行を開始しました [シナリオ名: 新規ユーザー登録]
[ADMIN] 18:03:00.829306 シナリオ走行を終了しました [シナリオ名: ログイン]
[ADMIN] 18:03:00.829319 シナリオ走行を開始しました [シナリオ名: ログイン]
[ADMIN] 18:03:00.838748 シナリオ走行を終了しました [シナリオ名: 新規ユーザー登録]
[ADMIN] 18:03:00.838772 シナリオ走行を開始しました [シナリオ名: 新規ユーザー登録]
[ADMIN] 18:03:00.850335 シナリオ走行を終了しました [シナリオ名: ログイン]
[ADMIN] 18:03:00.850347 シナリオ走行を開始しました [シナリオ名: ログイン]
[ADMIN] 18:03:00.864869 シナリオ走行を終了しました [シナリオ名: 新規ユーザー登録]
[ADMIN] 18:03:00.864893 シナリオ走行を開始しました [シナリオ名: 新規ユーザー登録]
[ADMIN] 18:03:00.882314 シナリオ走行を終了しました [シナリオ名: ログイン]
[ADMIN] 18:03:00.882327 シナリオ走行を開始しました [シナリオ名: ログイン]
[ADMIN] 18:03:00.898489 シナリオ走行を終了しました [シナリオ名: 新規ユーザー登録]
[ADMIN] 18:03:00.898511 シナリオ走行を開始しました [シナリオ名: 新規ユーザー登録]
[ADMIN] 18:03:00.913039 シナリオ走行を終了しました [シナリオ名: ログイン]
[ADMIN] 18:03:00.913050 シナリオ走行を開始しました [シナリオ名: ログイン]
[ADMIN] 18:03:00.930575 シナリオ走行を終了しました [シナリオ名: 新規ユーザー登録]
[ADMIN] 18:03:00.930593 シナリオ走行を開始しました [シナリオ名: 新規ユーザー登録]
[ADMIN] 18:03:00.948750 シナリオ走行を終了しました [シナリオ名: ログイン]
[ADMIN] 18:03:00.948765 シナリオ走行を開始しました [シナリオ名: ログイン]
[ADMIN] 18:03:00.963951 シナリオ走行を終了しました [シナリオ名: 新規ユーザー登録]
[ADMIN] 18:03:00.963968 シナリオ走行を開始しました [シナリオ名: 新規ユーザー登録]
[ADMIN] 18:03:00.980828 シナリオ走行を終了しました [シナリオ名: ログイン]
[ADMIN] 18:03:00.980837 シナリオ走行を開始しました [シナリオ名: ログイン]
[ADMIN] 18:03:01.002812 シナリオ走行を終了しました [シナリオ名: 新規ユーザー登録]
[ADMIN] 18:03:01.002832 シナリオ走行を開始しました [シナリオ名: 新規ユーザー登録]
[ADMIN] 18:03:01.021769 シナリオ走行を終了しました [シナリオ名: ログイン]
[ADMIN] 18:03:01.021782 シナリオ走行を開始しました [シナリオ名: ログイン]
[ADMIN] 18:03:01.034439 シナリオ走行を終了しました [シナリオ名: 新規ユーザー登録]
[ADMIN] 18:03:01.034460 シナリオ走行を開始しました [シナリオ名: 新規ユーザー登録]
[ADMIN] 18:03:01.048652 シナリオ走行を終了しました [シナリオ名: ログイン]
[ADMIN] 18:03:01.048665 シナリオ走行を開始しました [シナリオ名: ログイン]
[ADMIN] 18:03:01.055992 シナリオ走行を終了しました [シナリオ名: Banユーザログイン]
[ADMIN] 18:03:01.056007 シナリオ走行を開始しました [シナリオ名: Banユーザログイン]
[ADMIN] 18:03:01.068321 シナリオ走行を終了しました [シナリオ名: 新規ユーザー登録]
[ADMIN] 18:03:01.068377 シナリオ走行を開始しました [シナリオ名: 新規ユーザー登録]
[ADMIN] 18:03:01.081092 シナリオ走行を終了しました [シナリオ名: ログイン]
[ADMIN] 18:03:01.081103 シナリオ走行を開始しました [シナリオ名: ログイン]
[ADMIN] 18:03:01.096021 シナリオ走行を終了しました [シナリオ名: 新規ユーザー登録]
[ADMIN] 18:03:01.096036 シナリオ走行を開始しました [シナリオ名: 新規ユーザー登録]
[ADMIN] 18:03:01.121899 シナリオ走行を終了しました [シナリオ名: ログイン]
[ADMIN] 18:03:01.121915 シナリオ走行を開始しました [シナリオ名: ログイン]
[ADMIN] 18:03:01.128303 シナリオ走行を終了しました [シナリオ名: 新規ユーザー登録]
[ADMIN] 18:03:01.128328 シナリオ走行を開始しました [シナリオ名: 新規ユーザー登録]
[ADMIN] 18:03:01.145190 シナリオ走行を終了しました [シナリオ名: ログイン]
[ADMIN] 18:03:01.145205 シナリオ走行を開始しました [シナリオ名: ログイン]
[ADMIN] 18:03:01.156154 シナリオ走行を終了しました [シナリオ名: 新規ユーザー登録]
[ADMIN] 18:03:01.156176 シナリオ走行を開始しました [シナリオ名: 新規ユーザー登録]
[ADMIN] 18:03:01.189436 シナリオ走行を終了しました [シナリオ名: ログイン]
[ADMIN] 18:03:01.189449 シナリオ走行を開始しました [シナリオ名: ログイン]
[ADMIN] 18:03:01.195000 シナリオ走行を終了しました [シナリオ名: 新規ユーザー登録]
[ADMIN] 18:03:01.195018 シナリオ走行を開始しました [シナリオ名: 新規ユーザー登録]
[ADMIN] 18:03:01.227537 シナリオ走行を終了しました [シナリオ名: ログイン]
[ADMIN] 18:03:01.227552 シナリオ走行を開始しました [シナリオ名: ログイン]
[ADMIN] 18:03:01.238211 シナリオ走行を終了しました [シナリオ名: 新規ユーザー登録]
[ADMIN] 18:03:01.238231 シナリオ走行を開始しました [シナリオ名: 新規ユーザー登録]
[ADMIN] 18:03:01.261819 シナリオ走行を終了しました [シナリオ名: ログイン]
[ADMIN] 18:03:01.261830 シナリオ走行を開始しました [シナリオ名: ログイン]
[ADMIN] 18:03:01.269510 シナリオ走行を終了しました [シナリオ名: 新規ユーザー登録]
[ADMIN] 18:03:01.269532 シナリオ走行を開始しました [シナリオ名: 新規ユーザー登録]
[ADMIN] 18:03:01.296425 シナリオ走行を終了しました [シナリオ名: ログイン]
[ADMIN] 18:03:01.296440 シナリオ走行を開始しました [シナリオ名: ログイン]
[ADMIN] 18:03:01.299238 シナリオ走行を終了しました [シナリオ名: 新規ユーザー登録]
[ADMIN] 18:03:01.299258 シナリオ走行を開始しました [シナリオ名: 新規ユーザー登録]
[ADMIN] 18:03:01.326052 シナリオ走行を終了しました [シナリオ名: ログイン]
[ADMIN] 18:03:01.326067 シナリオ走行を開始しました [シナリオ名: ログイン]
[ADMIN] 18:03:01.327471 シナリオ走行を終了しました [シナリオ名: 新規ユーザー登録]
[ADMIN] 18:03:01.327494 シナリオ走行を開始しました [シナリオ名: 新規ユーザー登録]
[ADMIN] 18:03:01.357976 シナリオ走行を終了しました [シナリオ名: 新規ユーザー登録]
[ADMIN] 18:03:01.357997 シナリオ走行を開始しました [シナリオ名: 新規ユーザー登録]
[ADMIN] 18:03:01.365713 シナリオ走行を終了しました [シナリオ名: ログイン]
[ADMIN] 18:03:01.365723 シナリオ走行を開始しました [シナリオ名: ログイン]
[ADMIN] 18:03:01.384601 シナリオ走行を終了しました [シナリオ名: 新規ユーザー登録]
[ADMIN] 18:03:01.384621 シナリオ走行を開始しました [シナリオ名: 新規ユーザー登録]
[ADMIN] 18:03:01.403171 シナリオ走行を終了しました [シナリオ名: ログイン]
[ADMIN] 18:03:01.403183 シナリオ走行を開始しました [シナリオ名: ログイン]
[ADMIN] 18:03:01.415659 シナリオ走行を終了しました [シナリオ名: 新規ユーザー登録]
[ADMIN] 18:03:01.415741 シナリオ走行を開始しました [シナリオ名: 新規ユーザー登録]
[ADMIN] 18:03:01.424702 シナリオ走行を終了しました [シナリオ名: ログイン]
[ADMIN] 18:03:01.424714 シナリオ走行を開始しました [シナリオ名: ログイン]
[ADMIN] 18:03:01.440592 シナリオ走行を終了しました [シナリオ名: 新規ユーザー登録]
[ADMIN] 18:03:01.440612 シナリオ走行を開始しました [シナリオ名: 新規ユーザー登録]
[ADMIN] 18:03:01.444865 シナリオ走行を終了しました [シナリオ名: ログイン]
[ADMIN] 18:03:01.444875 シナリオ走行を開始しました [シナリオ名: ログイン]
[ADMIN] 18:03:01.465929 シナリオ走行を終了しました [シナリオ名: 新規ユーザー登録]
[ADMIN] 18:03:01.465947 シナリオ走行を開始しました [シナリオ名: 新規ユーザー登録]
[ADMIN] 18:03:01.472107 シナリオ走行を終了しました [シナリオ名: ログイン]
[ADMIN] 18:03:01.472116 シナリオ走行を開始しました [シナリオ名: ログイン]
[ADMIN] 18:03:01.493163 シナリオ走行を終了しました [シナリオ名: 新規ユーザー登録]
[ADMIN] 18:03:01.493180 シナリオ走行を開始しました [シナリオ名: 新規ユーザー登録]
[ADMIN] 18:03:01.495542 シナリオ走行を終了しました [シナリオ名: ログイン]
[ADMIN] 18:03:01.495552 シナリオ走行を開始しました [シナリオ名: ログイン]
[ADMIN] 18:03:01.517821 シナリオ走行を終了しました [シナリオ名: 新規ユーザー登録]
[ADMIN] 18:03:01.517840 シナリオ走行を開始しました [シナリオ名: 新規ユーザー登録]
[ADMIN] 18:03:01.522545 シナリオ走行を終了しました [シナリオ名: ログイン]
[ADMIN] 18:03:01.522555 シナリオ走行を開始しました [シナリオ名: ログイン]
[ADMIN] 18:03:01.547378 シナリオ走行を終了しました [シナリオ名: 新規ユーザー登録]
[ADMIN] 18:03:01.547405 シナリオ走行を開始しました [シナリオ名: 新規ユーザー登録]
[ADMIN] 18:03:01.557075 シナリオ走行を終了しました [シナリオ名: ログイン]
[ADMIN] 18:03:01.557091 シナリオ走行を開始しました [シナリオ名: ログイン]
[ADMIN] 18:03:01.563038 シナリオ走行を終了しました [シナリオ名: Banユーザログイン]
[ADMIN] 18:03:01.563051 シナリオ走行を開始しました [シナリオ名: Banユーザログイン]
[ADMIN] 18:03:01.571863 シナリオ走行を終了しました [シナリオ名: 新規ユーザー登録]
[ADMIN] 18:03:01.571888 シナリオ走行を開始しました [シナリオ名: 新規ユーザー登録]
[ADMIN] 18:03:01.578693 シナリオ走行を終了しました [シナリオ名: ログイン]
[ADMIN] 18:03:01.578707 シナリオ走行を開始しました [シナリオ名: ログイン]
[ADMIN] 18:03:01.602121 シナリオ走行を終了しました [シナリオ名: 新規ユーザー登録]
[ADMIN] 18:03:01.602143 シナリオ走行を開始しました [シナリオ名: 新規ユーザー登録]
[ADMIN] 18:03:01.616611 シナリオ走行を終了しました [シナリオ名: ログイン]
[ADMIN] 18:03:01.616624 シナリオ走行を開始しました [シナリオ名: ログイン]
[ADMIN] 18:03:01.630161 シナリオ走行を終了しました [シナリオ名: 新規ユーザー登録]
[ADMIN] 18:03:01.630181 シナリオ走行を開始しました [シナリオ名: 新規ユーザー登録]
[ADMIN] 18:03:01.657042 シナリオ走行を終了しました [シナリオ名: ログイン]
[ADMIN] 18:03:01.657056 シナリオ走行を開始しました [シナリオ名: ログイン]
[ADMIN] 18:03:01.667670 シナリオ走行を終了しました [シナリオ名: 新規ユーザー登録]
[ADMIN] 18:03:01.667696 シナリオ走行を開始しました [シナリオ名: 新規ユーザー登録]
[ADMIN] 18:03:01.689957 シナリオ走行を終了しました [シナリオ名: ログイン]
[ADMIN] 18:03:01.689972 シナリオ走行を開始しました [シナリオ名: ログイン]
[ADMIN] 18:03:01.699579 シナリオ走行を終了しました [シナリオ名: 新規ユーザー登録]
[ADMIN] 18:03:01.699599 シナリオ走行を開始しました [シナリオ名: 新規ユーザー登録]
[ADMIN] 18:03:01.710146 シナリオ走行を終了しました [シナリオ名: ログイン]
[ADMIN] 18:03:01.710159 シナリオ走行を開始しました [シナリオ名: ログイン]
[ADMIN] 18:03:01.728997 シナリオ走行を終了しました [シナリオ名: 新規ユーザー登録]
[ADMIN] 18:03:01.729022 シナリオ走行を開始しました [シナリオ名: 新規ユーザー登録]
[ADMIN] 18:03:01.746990 シナリオ走行を終了しました [シナリオ名: ログイン]
[ADMIN] 18:03:01.747001 シナリオ走行を開始しました [シナリオ名: ログイン]
[ADMIN] 18:03:01.757557 シナリオ走行を終了しました [シナリオ名: 新規ユーザー登録]
[ADMIN] 18:03:01.757581 シナリオ走行を開始しました [シナリオ名: 新規ユーザー登録]
[ADMIN] 18:03:01.766272 シナリオ走行を終了しました [シナリオ名: ログイン]
[ADMIN] 18:03:01.766284 シナリオ走行を開始しました [シナリオ名: ログイン]
[ADMIN] 18:03:01.782797 シナリオ走行を終了しました [シナリオ名: 新規ユーザー登録]
[ADMIN] 18:03:01.782817 シナリオ走行を開始しました [シナリオ名: 新規ユーザー登録]
[ADMIN] 18:03:01.790051 シナリオ走行を終了しました [シナリオ名: ログイン]
[ADMIN] 18:03:01.790064 シナリオ走行を開始しました [シナリオ名: ログイン]
[ADMIN] 18:03:01.806299 シナリオ走行を終了しました [シナリオ名: 新規ユーザー登録]
[ADMIN] 18:03:01.806321 シナリオ走行を開始しました [シナリオ名: 新規ユーザー登録]
[ADMIN] 18:03:01.809256 シナリオ走行を終了しました [シナリオ名: ログイン]
[ADMIN] 18:03:01.809266 シナリオ走行を開始しました [シナリオ名: ログイン]
[ADMIN] 18:03:01.833499 シナリオ走行を終了しました [シナリオ名: ログイン]
[ADMIN] 18:03:01.833512 シナリオ走行を開始しました [シナリオ名: ログイン]
[ADMIN] 18:03:01.833773 シナリオ走行を終了しました [シナリオ名: 新規ユーザー登録]
[ADMIN] 18:03:01.833790 シナリオ走行を開始しました [シナリオ名: 新規ユーザー登録]
[ADMIN] 18:03:01.859532 シナリオ走行を終了しました [シナリオ名: 新規ユーザー登録]
[ADMIN] 18:03:01.859561 シナリオ走行を開始しました [シナリオ名: 新規ユーザー登録]
[ADMIN] 18:03:01.870757 シナリオ走行を終了しました [シナリオ名: ログイン]
[ADMIN] 18:03:01.870771 シナリオ走行を開始しました [シナリオ名: ログイン]
[ADMIN] 18:03:01.891655 シナリオ走行を終了しました [シナリオ名: 新規ユーザー登録]
[ADMIN] 18:03:01.891677 シナリオ走行を開始しました [シナリオ名: 新規ユーザー登録]
[ADMIN] 18:03:01.904337 シナリオ走行を終了しました [シナリオ名: ログイン]
[ADMIN] 18:03:01.904350 シナリオ走行を開始しました [シナリオ名: ログイン]
[ADMIN] 18:03:01.922096 シナリオ走行を終了しました [シナリオ名: 新規ユーザー登録]
[ADMIN] 18:03:01.922118 シナリオ走行を開始しました [シナリオ名: 新規ユーザー登録]
[ADMIN] 18:03:01.926522 シナリオ走行を終了しました [シナリオ名: ログイン]
[ADMIN] 18:03:01.926534 シナリオ走行を開始しました [シナリオ名: ログイン]
[ADMIN] 18:03:01.955368 シナリオ走行を終了しました [シナリオ名: 新規ユーザー登録]
[ADMIN] 18:03:01.955391 シナリオ走行を開始しました [シナリオ名: 新規ユーザー登録]
[ADMIN] 18:03:01.961764 シナリオ走行を終了しました [シナリオ名: ログイン]
[ADMIN] 18:03:01.961777 シナリオ走行を開始しました [シナリオ名: ログイン]
[ADMIN] 18:03:01.985069 シナリオ走行を終了しました [シナリオ名: ログイン]
[ADMIN] 18:03:01.985082 シナリオ走行を開始しました [シナリオ名: ログイン]
[ADMIN] 18:03:01.986590 シナリオ走行を終了しました [シナリオ名: 新規ユーザー登録]
[ADMIN] 18:03:01.986609 シナリオ走行を開始しました [シナリオ名: 新規ユーザー登録]
[ADMIN] 18:03:02.019672 シナリオ走行を終了しました [シナリオ名: 新規ユーザー登録]
[ADMIN] 18:03:02.019699 シナリオ走行を開始しました [シナリオ名: 新規ユーザー登録]
[ADMIN] 18:03:02.029879 シナリオ走行を終了しました [シナリオ名: ログイン]
[ADMIN] 18:03:02.029895 シナリオ走行を開始しました [シナリオ名: ログイン]
[ADMIN] 18:03:02.052624 シナリオ走行を終了しました [シナリオ名: 新規ユーザー登録]
[ADMIN] 18:03:02.052649 シナリオ走行を開始しました [シナリオ名: 新規ユーザー登録]
[ADMIN] 18:03:02.064606 シナリオ走行を終了しました [シナリオ名: ログイン]
[ADMIN] 18:03:02.064618 シナリオ走行を開始しました [シナリオ名: ログイン]
[ADMIN] 18:03:02.068225 シナリオ走行を終了しました [シナリオ名: Banユーザログイン]
[ADMIN] 18:03:02.068240 シナリオ走行を開始しました [シナリオ名: Banユーザログイン]
[ADMIN] 18:03:02.125850 シナリオ走行を終了しました [シナリオ名: 新規ユーザー登録]
[ADMIN] 18:03:02.125875 シナリオ走行を開始しました [シナリオ名: 新規ユーザー登録]
[ADMIN] 18:03:02.128438 シナリオ走行を終了しました [シナリオ名: ログイン]
[ADMIN] 18:03:02.128449 シナリオ走行を開始しました [シナリオ名: ログイン]
[ADMIN] 18:03:02.156923 シナリオ走行を終了しました [シナリオ名: 新規ユーザー登録]
[ADMIN] 18:03:02.156949 シナリオ走行を開始しました [シナリオ名: 新規ユーザー登録]
[ADMIN] 18:03:02.166971 シナリオ走行を終了しました [シナリオ名: ログイン]
[ADMIN] 18:03:02.166989 シナリオ走行を開始しました [シナリオ名: ログイン]
[ADMIN] 18:03:02.187661 シナリオ走行を終了しました [シナリオ名: 新規ユーザー登録]
[ADMIN] 18:03:02.187686 シナリオ走行を開始しました [シナリオ名: 新規ユーザー登録]
[ADMIN] 18:03:02.196315 シナリオ走行を終了しました [シナリオ名: ログイン]
[ADMIN] 18:03:02.196326 シナリオ走行を開始しました [シナリオ名: ログイン]
[ADMIN] 18:03:02.219487 シナリオ走行を終了しました [シナリオ名: ログイン]
[ADMIN] 18:03:02.219499 シナリオ走行を開始しました [シナリオ名: ログイン]
[ADMIN] 18:03:02.222139 シナリオ走行を終了しました [シナリオ名: 新規ユーザー登録]
[ADMIN] 18:03:02.222155 シナリオ走行を開始しました [シナリオ名: 新規ユーザー登録]
[ADMIN] 18:03:02.241102 シナリオ走行を終了しました [シナリオ名: ログイン]
[ADMIN] 18:03:02.241114 シナリオ走行を開始しました [シナリオ名: ログイン]
[ADMIN] 18:03:02.255326 シナリオ走行を終了しました [シナリオ名: 新規ユーザー登録]
[ADMIN] 18:03:02.255342 シナリオ走行を開始しました [シナリオ名: 新規ユーザー登録]
[ADMIN] 18:03:02.287018 シナリオ走行を終了しました [シナリオ名: ログイン]
[ADMIN] 18:03:02.287032 シナリオ走行を開始しました [シナリオ名: ログイン]
[ADMIN] 18:03:02.287432 シナリオ走行を終了しました [シナリオ名: 新規ユーザー登録]
[ADMIN] 18:03:02.287449 シナリオ走行を開始しました [シナリオ名: 新規ユーザー登録]
[ADMIN] 18:03:02.317711 シナリオ走行を終了しました [シナリオ名: 新規ユーザー登録]
[ADMIN] 18:03:02.317734 シナリオ走行を開始しました [シナリオ名: 新規ユーザー登録]
[ADMIN] 18:03:02.320203 シナリオ走行を終了しました [シナリオ名: ログイン]
[ADMIN] 18:03:02.320221 シナリオ走行を開始しました [シナリオ名: ログイン]
[ADMIN] 18:03:02.347484 シナリオ走行を終了しました [シナリオ名: 新規ユーザー登録]
[ADMIN] 18:03:02.347504 シナリオ走行を開始しました [シナリオ名: 新規ユーザー登録]
[ADMIN] 18:03:02.352656 シナリオ走行を終了しました [シナリオ名: ログイン]
[ADMIN] 18:03:02.352666 シナリオ走行を開始しました [シナリオ名: ログイン]
[ADMIN] 18:03:02.375098 シナリオ走行を終了しました [シナリオ名: 新規ユーザー登録]
[ADMIN] 18:03:02.375118 シナリオ走行を開始しました [シナリオ名: 新規ユーザー登録]
[ADMIN] 18:03:02.387105 シナリオ走行を終了しました [シナリオ名: ログイン]
[ADMIN] 18:03:02.387117 シナリオ走行を開始しました [シナリオ名: ログイン]
[ADMIN] 18:03:02.403490 シナリオ走行を終了しました [シナリオ名: 新規ユーザー登録]
[ADMIN] 18:03:02.403510 シナリオ走行を開始しました [シナリオ名: 新規ユーザー登録]
[ADMIN] 18:03:02.415613 シナリオ走行を終了しました [シナリオ名: ログイン]
[ADMIN] 18:03:02.415627 シナリオ走行を開始しました [シナリオ名: ログイン]
[ADMIN] 18:03:02.429620 シナリオ走行を終了しました [シナリオ名: 新規ユーザー登録]
[ADMIN] 18:03:02.429642 シナリオ走行を開始しました [シナリオ名: 新規ユーザー登録]
[ADMIN] 18:03:02.433841 シナリオ走行を終了しました [シナリオ名: ログイン]
[ADMIN] 18:03:02.433850 シナリオ走行を開始しました [シナリオ名: ログイン]
[ADMIN] 18:03:02.452300 シナリオ走行を終了しました [シナリオ名: ログイン]
[ADMIN] 18:03:02.452311 シナリオ走行を開始しました [シナリオ名: ログイン]
[ADMIN] 18:03:02.453518 シナリオ走行を終了しました [シナリオ名: 新規ユーザー登録]
[ADMIN] 18:03:02.453540 シナリオ走行を開始しました [シナリオ名: 新規ユーザー登録]
[ADMIN] 18:03:02.471204 シナリオ走行を終了しました [シナリオ名: ログイン]
[ADMIN] 18:03:02.471213 シナリオ走行を開始しました [シナリオ名: ログイン]
[ADMIN] 18:03:02.477307 シナリオ走行を終了しました [シナリオ名: 新規ユーザー登録]
[ADMIN] 18:03:02.477323 シナリオ走行を開始しました [シナリオ名: 新規ユーザー登録]
[ADMIN] 18:03:02.491862 シナリオ走行を終了しました [シナリオ名: ログイン]
[ADMIN] 18:03:02.491871 シナリオ走行を開始しました [シナリオ名: ログイン]
[ADMIN] 18:03:02.503390 シナリオ走行を終了しました [シナリオ名: 新規ユーザー登録]
[ADMIN] 18:03:02.503412 シナリオ走行を開始しました [シナリオ名: 新規ユーザー登録]
[ADMIN] 18:03:02.511426 シナリオ走行を終了しました [シナリオ名: ログイン]
[ADMIN] 18:03:02.511435 シナリオ走行を開始しました [シナリオ名: ログイン]
[ADMIN] 18:03:02.527727 シナリオ走行を終了しました [シナリオ名: 新規ユーザー登録]
[ADMIN] 18:03:02.527752 シナリオ走行を開始しました [シナリオ名: 新規ユーザー登録]
[ADMIN] 18:03:02.554794 シナリオ走行を終了しました [シナリオ名: ログイン]
[ADMIN] 18:03:02.554807 シナリオ走行を開始しました [シナリオ名: ログイン]
[ADMIN] 18:03:02.571001 シナリオ走行を終了しました [シナリオ名: 新規ユーザー登録]
[ADMIN] 18:03:02.571026 シナリオ走行を開始しました [シナリオ名: 新規ユーザー登録]
[ADMIN] 18:03:02.574661 シナリオ走行を終了しました [シナリオ名: Banユーザログイン]
[ADMIN] 18:03:02.574674 シナリオ走行を開始しました [シナリオ名: Banユーザログイン]
[ADMIN] 18:03:02.576873 シナリオ走行を終了しました [シナリオ名: ログイン]
[ADMIN] 18:03:02.576884 シナリオ走行を開始しました [シナリオ名: ログイン]
[ADMIN] 18:03:02.600213 シナリオ走行を終了しました [シナリオ名: 新規ユーザー登録]
[ADMIN] 18:03:02.600236 シナリオ走行を開始しました [シナリオ名: 新規ユーザー登録]
[ADMIN] 18:03:02.603759 シナリオ走行を終了しました [シナリオ名: ログイン]
[ADMIN] 18:03:02.603769 シナリオ走行を開始しました [シナリオ名: ログイン]
[ADMIN] 18:03:02.624499 シナリオ走行を終了しました [シナリオ名: 新規ユーザー登録]
[ADMIN] 18:03:02.624518 シナリオ走行を開始しました [シナリオ名: 新規ユーザー登録]
[ADMIN] 18:03:02.631374 シナリオ走行を終了しました [シナリオ名: ログイン]
[ADMIN] 18:03:02.631384 シナリオ走行を開始しました [シナリオ名: ログイン]
[ADMIN] 18:03:02.652142 シナリオ走行を終了しました [シナリオ名: 新規ユーザー登録]
[ADMIN] 18:03:02.652163 シナリオ走行を開始しました [シナリオ名: 新規ユーザー登録]
[ADMIN] 18:03:02.678009 シナリオ走行を終了しました [シナリオ名: ログイン]
[ADMIN] 18:03:02.678020 シナリオ走行を開始しました [シナリオ名: ログイン]
[ADMIN] 18:03:02.678135 シナリオ走行を終了しました [シナリオ名: 新規ユーザー登録]
[ADMIN] 18:03:02.678154 シナリオ走行を開始しました [シナリオ名: 新規ユーザー登録]
[ADMIN] 18:03:02.704552 シナリオ走行を終了しました [シナリオ名: 新規ユーザー登録]
[ADMIN] 18:03:02.704570 シナリオ走行を開始しました [シナリオ名: 新規ユーザー登録]
[ADMIN] 18:03:02.705687 シナリオ走行を終了しました [シナリオ名: ログイン]
[ADMIN] 18:03:02.705695 シナリオ走行を開始しました [シナリオ名: ログイン]
[ADMIN] 18:03:02.728252 シナリオ走行を終了しました [シナリオ名: ログイン]
[ADMIN] 18:03:02.728263 シナリオ走行を開始しました [シナリオ名: ログイン]
[ADMIN] 18:03:02.730745 シナリオ走行を終了しました [シナリオ名: 新規ユーザー登録]
[ADMIN] 18:03:02.730759 シナリオ走行を開始しました [シナリオ名: 新規ユーザー登録]
[ADMIN] 18:03:02.754440 シナリオ走行を終了しました [シナリオ名: ログイン]
[ADMIN] 18:03:02.754449 シナリオ走行を開始しました [シナリオ名: ログイン]
[ADMIN] 18:03:02.759664 シナリオ走行を終了しました [シナリオ名: 新規ユーザー登録]
[ADMIN] 18:03:02.759677 シナリオ走行を開始しました [シナリオ名: 新規ユーザー登録]
[ADMIN] 18:03:02.773190 シナリオ走行を終了しました [シナリオ名: ログイン]
[ADMIN] 18:03:02.773201 シナリオ走行を開始しました [シナリオ名: ログイン]
[ADMIN] 18:03:02.785368 シナリオ走行を終了しました [シナリオ名: 新規ユーザー登録]
[ADMIN] 18:03:02.785386 シナリオ走行を開始しました [シナリオ名: 新規ユーザー登録]
[ADMIN] 18:03:02.797473 シナリオ走行を終了しました [シナリオ名: ログイン]
[ADMIN] 18:03:02.797483 シナリオ走行を開始しました [シナリオ名: ログイン]
[ADMIN] 18:03:02.810487 シナリオ走行を終了しました [シナリオ名: 新規ユーザー登録]
[ADMIN] 18:03:02.810505 シナリオ走行を開始しました [シナリオ名: 新規ユーザー登録]
[ADMIN] 18:03:02.816486 シナリオ走行を終了しました [シナリオ名: ログイン]
[ADMIN] 18:03:02.816496 シナリオ走行を開始しました [シナリオ名: ログイン]
[ADMIN] 18:03:02.836598 シナリオ走行を終了しました [シナリオ名: 新規ユーザー登録]
[ADMIN] 18:03:02.836618 シナリオ走行を開始しました [シナリオ名: 新規ユーザー登録]
[ADMIN] 18:03:02.850919 シナリオ走行を終了しました [シナリオ名: ログイン]
[ADMIN] 18:03:02.850931 シナリオ走行を開始しました [シナリオ名: ログイン]
[ADMIN] 18:03:02.866137 シナリオ走行を終了しました [シナリオ名: 新規ユーザー登録]
[ADMIN] 18:03:02.866156 シナリオ走行を開始しました [シナリオ名: 新規ユーザー登録]
[ADMIN] 18:03:02.877143 シナリオ走行を終了しました [シナリオ名: ログイン]
[ADMIN] 18:03:02.877154 シナリオ走行を開始しました [シナリオ名: ログイン]
[ADMIN] 18:03:02.896032 シナリオ走行を終了しました [シナリオ名: 新規ユーザー登録]
[ADMIN] 18:03:02.896052 シナリオ走行を開始しました [シナリオ名: 新規ユーザー登録]
[ADMIN] 18:03:02.914717 シナリオ走行を終了しました [シナリオ名: ログイン]
[ADMIN] 18:03:02.914731 シナリオ走行を開始しました [シナリオ名: ログイン]
[ADMIN] 18:03:02.933333 シナリオ走行を終了しました [シナリオ名: 新規ユーザー登録]
[ADMIN] 18:03:02.933355 シナリオ走行を開始しました [シナリオ名: 新規ユーザー登録]
18:03:02.939536 現在のログイン成功数: [total: 311 (+311人)]
18:03:02.939544 現在のユーザー登録成功数: [total: 312 (+312人)]
[ADMIN] 18:03:02.953846 シナリオ走行を終了しました [シナリオ名: ログイン]
[ADMIN] 18:03:02.953860 シナリオ走行を開始しました [シナリオ名: ログイン]
[ADMIN] 18:03:02.975282 シナリオ走行を終了しました [シナリオ名: 新規ユーザー登録]
[ADMIN] 18:03:02.975304 シナリオ走行を開始しました [シナリオ名: 新規ユーザー登録]
[ADMIN] 18:03:02.995111 シナリオ走行を終了しました [シナリオ名: ログイン]
[ADMIN] 18:03:02.995141 シナリオ走行を開始しました [シナリオ名: ログイン]
[ADMIN] 18:03:02.995180 シナリオ走行を開始しました [シナリオ名: ログイン]
[ADMIN] 18:03:02.995198 シナリオ走行を開始しました [シナリオ名: ログイン]
[ADMIN] 18:03:02.995204 シナリオ走行を開始しました [シナリオ名: ログイン]
[ADMIN] 18:03:02.995248 シナリオ走行を開始しました [シナリオ名: ログイン]
[ADMIN] 18:03:02.995309 シナリオ走行を開始しました [シナリオ名: ログイン]
[ADMIN] 18:03:02.995336 シナリオ走行を開始しました [シナリオ名: ログイン]
[ADMIN] 18:03:02.995338 シナリオ走行を開始しました [シナリオ名: ログイン]
[ADMIN] 18:03:02.995418 シナリオ走行を開始しました [シナリオ名: ログイン]
[ADMIN] 18:03:02.995431 シナリオ走行を開始しました [シナリオ名: ログイン]
[ADMIN] 18:03:02.995473 シナリオ走行を開始しました [シナリオ名: ログイン]
[ADMIN] 18:03:02.995543 シナリオ走行を開始しました [シナリオ名: ログイン]
[ADMIN] 18:03:02.995544 シナリオ走行を開始しました [シナリオ名: ログイン]
[ADMIN] 18:03:03.078391 シナリオ走行を終了しました [シナリオ名: Banユーザログイン]
[ADMIN] 18:03:03.078409 シナリオ走行を開始しました [シナリオ名: Banユーザログイン]
[ADMIN] 18:03:03.113760 シナリオ走行を終了しました [シナリオ名: 新規ユーザー登録]
[ADMIN] 18:03:03.113785 シナリオ走行を開始しました [シナリオ名: 新規ユーザー登録]
[ADMIN] 18:03:03.168229 シナリオ走行を終了しました [シナリオ名: ログイン]
[ADMIN] 18:03:03.168246 シナリオ走行を開始しました [シナリオ名: ログイン]
[ADMIN] 18:03:03.170309 シナリオ走行を終了しました [シナリオ名: ログイン]
[ADMIN] 18:03:03.170318 シナリオ走行を開始しました [シナリオ名: ログイン]
[ADMIN] 18:03:03.174509 シナリオ走行を終了しました [シナリオ名: ログイン]
[ADMIN] 18:03:03.174521 シナリオ走行を開始しました [シナリオ名: ログイン]
[ADMIN] 18:03:03.180259 シナリオ走行を終了しました [シナリオ名: ログイン]
[ADMIN] 18:03:03.180270 シナリオ走行を開始しました [シナリオ名: ログイン]
[ADMIN] 18:03:03.193207 シナリオ走行を終了しました [シナリオ名: ログイン]
[ADMIN] 18:03:03.193220 シナリオ走行を開始しました [シナリオ名: ログイン]
[ADMIN] 18:03:03.202355 シナリオ走行を終了しました [シナリオ名: ログイン]
[ADMIN] 18:03:03.202367 シナリオ走行を開始しました [シナリオ名: ログイン]
[ADMIN] 18:03:03.231627 シナリオ走行を終了しました [シナリオ名: ログイン]
[ADMIN] 18:03:03.231643 シナリオ走行を開始しました [シナリオ名: ログイン]
[ADMIN] 18:03:03.233194 シナリオ走行を終了しました [シナリオ名: ログイン]
[ADMIN] 18:03:03.233203 シナリオ走行を開始しました [シナリオ名: ログイン]
[ADMIN] 18:03:03.235634 シナリオ走行を終了しました [シナリオ名: ログイン]
[ADMIN] 18:03:03.235648 シナリオ走行を開始しました [シナリオ名: ログイン]
[ADMIN] 18:03:03.242091 シナリオ走行を終了しました [シナリオ名: ログイン]
[ADMIN] 18:03:03.242100 シナリオ走行を開始しました [シナリオ名: ログイン]
[ADMIN] 18:03:03.259378 シナリオ走行を終了しました [シナリオ名: ログイン]
[ADMIN] 18:03:03.259388 シナリオ走行を開始しました [シナリオ名: ログイン]
[ADMIN] 18:03:03.263817 シナリオ走行を終了しました [シナリオ名: ログイン]
[ADMIN] 18:03:03.263829 シナリオ走行を開始しました [シナリオ名: ログイン]
[ADMIN] 18:03:03.292206 シナリオ走行を終了しました [シナリオ名: ログイン]
[ADMIN] 18:03:03.292221 シナリオ走行を開始しました [シナリオ名: ログイン]
[ADMIN] 18:03:03.342526 シナリオ走行を終了しました [シナリオ名: ログイン]
[ADMIN] 18:03:03.342539 シナリオ走行を開始しました [シナリオ名: ログイン]
[ADMIN] 18:03:03.348096 シナリオ走行を終了しました [シナリオ名: ログイン]
[ADMIN] 18:03:03.348108 シナリオ走行を開始しました [シナリオ名: ログイン]
[ADMIN] 18:03:03.358285 シナリオ走行を終了しました [シナリオ名: ログイン]
[ADMIN] 18:03:03.358295 シナリオ走行を開始しました [シナリオ名: ログイン]
[ADMIN] 18:03:03.381266 シナリオ走行を終了しました [シナリオ名: ログイン]
[ADMIN] 18:03:03.381278 シナリオ走行を開始しました [シナリオ名: ログイン]
[ADMIN] 18:03:03.385957 シナリオ走行を終了しました [シナリオ名: 新規ユーザー登録]
[ADMIN] 18:03:03.385990 シナリオ走行を開始しました [シナリオ名: 新規ユーザー登録]
[ADMIN] 18:03:03.386019 シナリオ走行を開始しました [シナリオ名: 新規ユーザー登録]
[ADMIN] 18:03:03.386033 シナリオ走行を開始しました [シナリオ名: 新規ユーザー登録]
[ADMIN] 18:03:03.386035 シナリオ走行を開始しました [シナリオ名: 新規ユーザー登録]
[ADMIN] 18:03:03.386176 シナリオ走行を開始しました [シナリオ名: 新規ユーザー登録]
[ADMIN] 18:03:03.386188 シナリオ走行を開始しました [シナリオ名: 新規ユーザー登録]
[ADMIN] 18:03:03.386236 シナリオ走行を開始しました [シナリオ名: 新規ユーザー登録]
[ADMIN] 18:03:03.386239 シナリオ走行を開始しました [シナリオ名: 新規ユーザー登録]
[ADMIN] 18:03:03.386247 シナリオ走行を開始しました [シナリオ名: 新規ユーザー登録]
[ADMIN] 18:03:03.391356 シナリオ走行を終了しました [シナリオ名: ログイン]
[ADMIN] 18:03:03.391365 シナリオ走行を開始しました [シナリオ名: ログイン]
[ADMIN] 18:03:03.400629 シナリオ走行を終了しました [シナリオ名: ログイン]
[ADMIN] 18:03:03.400640 シナリオ走行を開始しました [シナリオ名: ログイン]
[ADMIN] 18:03:03.431701 シナリオ走行を終了しました [シナリオ名: ログイン]
[ADMIN] 18:03:03.431712 シナリオ走行を開始しました [シナリオ名: ログイン]
[ADMIN] 18:03:03.441349 シナリオ走行を終了しました [シナリオ名: ログイン]
[ADMIN] 18:03:03.441359 シナリオ走行を開始しました [シナリオ名: ログイン]
[ADMIN] 18:03:03.502056 シナリオ走行を終了しました [シナリオ名: ログイン]
[ADMIN] 18:03:03.502067 シナリオ走行を開始しました [シナリオ名: ログイン]
[ADMIN] 18:03:03.503965 シナリオ走行を終了しました [シナリオ名: ログイン]
[ADMIN] 18:03:03.503976 シナリオ走行を開始しました [シナリオ名: ログイン]
[ADMIN] 18:03:03.534711 シナリオ走行を終了しました [シナリオ名: ログイン]
[ADMIN] 18:03:03.534724 シナリオ走行を開始しました [シナリオ名: ログイン]
[ADMIN] 18:03:03.541900 シナリオ走行を終了しました [シナリオ名: ログイン]
[ADMIN] 18:03:03.541911 シナリオ走行を開始しました [シナリオ名: ログイン]
[ADMIN] 18:03:03.548438 シナリオ走行を終了しました [シナリオ名: ログイン]
[ADMIN] 18:03:03.548446 シナリオ走行を開始しました [シナリオ名: ログイン]
[ADMIN] 18:03:03.608026 シナリオ走行を終了しました [シナリオ名: Banユーザログイン]
[ADMIN] 18:03:03.608043 シナリオ走行を開始しました [シナリオ名: Banユーザログイン]
[ADMIN] 18:03:03.616666 シナリオ走行を終了しました [シナリオ名: ログイン]
[ADMIN] 18:03:03.616678 シナリオ走行を開始しました [シナリオ名: ログイン]
[ADMIN] 18:03:03.639539 シナリオ走行を終了しました [シナリオ名: ログイン]
[ADMIN] 18:03:03.639550 シナリオ走行を開始しました [シナリオ名: ログイン]
[ADMIN] 18:03:03.664737 シナリオ走行を終了しました [シナリオ名: ログイン]
[ADMIN] 18:03:03.664751 シナリオ走行を開始しました [シナリオ名: ログイン]
[ADMIN] 18:03:03.670323 シナリオ走行を終了しました [シナリオ名: ログイン]
[ADMIN] 18:03:03.670335 シナリオ走行を開始しました [シナリオ名: ログイン]
[ADMIN] 18:03:03.682490 シナリオ走行を終了しました [シナリオ名: ログイン]
[ADMIN] 18:03:03.682498 シナリオ走行を開始しました [シナリオ名: ログイン]
[ADMIN] 18:03:03.683358 シナリオ走行を終了しました [シナリオ名: 新規ユーザー登録]
[ADMIN] 18:03:03.683376 シナリオ走行を開始しました [シナリオ名: 新規ユーザー登録]
[ADMIN] 18:03:03.686105 シナリオ走行を終了しました [シナリオ名: ログイン]
[ADMIN] 18:03:03.686113 シナリオ走行を開始しました [シナリオ名: ログイン]
[ADMIN] 18:03:03.704439 シナリオ走行を終了しました [シナリオ名: ログイン]
[ADMIN] 18:03:03.704449 シナリオ走行を開始しました [シナリオ名: ログイン]
[ADMIN] 18:03:03.719866 シナリオ走行を終了しました [シナリオ名: 新規ユーザー登録]
[ADMIN] 18:03:03.719886 シナリオ走行を開始しました [シナリオ名: 新規ユーザー登録]
[ADMIN] 18:03:03.726030 シナリオ走行を終了しました [シナリオ名: 新規ユーザー登録]
[ADMIN] 18:03:03.726048 シナリオ走行を開始しました [シナリオ名: 新規ユーザー登録]
[ADMIN] 18:03:03.726730 シナリオ走行を終了しました [シナリオ名: 新規ユーザー登録]
[ADMIN] 18:03:03.726744 シナリオ走行を開始しました [シナリオ名: 新規ユーザー登録]
[ADMIN] 18:03:03.737218 シナリオ走行を終了しました [シナリオ名: ログイン]
[ADMIN] 18:03:03.737227 シナリオ走行を開始しました [シナリオ名: ログイン]
[ADMIN] 18:03:03.752346 シナリオ走行を終了しました [シナリオ名: 新規ユーザー登録]
[ADMIN] 18:03:03.752367 シナリオ走行を開始しました [シナリオ名: 新規ユーザー登録]
[ADMIN] 18:03:03.753859 シナリオ走行を終了しました [シナリオ名: 新規ユーザー登録]
[ADMIN] 18:03:03.753879 シナリオ走行を開始しました [シナリオ名: 新規ユーザー登録]
[ADMIN] 18:03:03.756568 シナリオ走行を終了しました [シナリオ名: 新規ユーザー登録]
[ADMIN] 18:03:03.756583 シナリオ走行を開始しました [シナリオ名: 新規ユーザー登録]
[ADMIN] 18:03:03.757959 シナリオ走行を終了しました [シナリオ名: 新規ユーザー登録]
[ADMIN] 18:03:03.757974 シナリオ走行を開始しました [シナリオ名: 新規ユーザー登録]
[ADMIN] 18:03:03.770402 シナリオ走行を終了しました [シナリオ名: ログイン]
[ADMIN] 18:03:03.770412 シナリオ走行を開始しました [シナリオ名: ログイン]
[ADMIN] 18:03:03.773334 シナリオ走行を終了しました [シナリオ名: ログイン]
[ADMIN] 18:03:03.773347 シナリオ走行を開始しました [シナリオ名: ログイン]
[ADMIN] 18:03:03.805375 シナリオ走行を終了しました [シナリオ名: ログイン]
[ADMIN] 18:03:03.805388 シナリオ走行を開始しました [シナリオ名: ログイン]
[ADMIN] 18:03:03.829563 シナリオ走行を終了しました [シナリオ名: 新規ユーザー登録]
[ADMIN] 18:03:03.829585 シナリオ走行を開始しました [シナリオ名: 新規ユーザー登録]
[ADMIN] 18:03:03.851050 シナリオ走行を終了しました [シナリオ名: ログイン]
[ADMIN] 18:03:03.851062 シナリオ走行を開始しました [シナリオ名: ログイン]
[ADMIN] 18:03:03.851711 シナリオ走行を終了しました [シナリオ名: ログイン]
[ADMIN] 18:03:03.851719 シナリオ走行を開始しました [シナリオ名: ログイン]
[ADMIN] 18:03:03.906419 シナリオ走行を終了しました [シナリオ名: ログイン]
[ADMIN] 18:03:03.906435 シナリオ走行を開始しました [シナリオ名: ログイン]
[ADMIN] 18:03:03.919404 シナリオ走行を終了しました [シナリオ名: ログイン]
[ADMIN] 18:03:03.919416 シナリオ走行を開始しました [シナリオ名: ログイン]
[ADMIN] 18:03:03.921371 シナリオ走行を終了しました [シナリオ名: ログイン]
[ADMIN] 18:03:03.921384 シナリオ走行を開始しました [シナリオ名: ログイン]
[ADMIN] 18:03:03.929313 シナリオ走行を終了しました [シナリオ名: ログイン]
[ADMIN] 18:03:03.929325 シナリオ走行を開始しました [シナリオ名: ログイン]
[ADMIN] 18:03:03.955844 シナリオ走行を終了しました [シナリオ名: ログイン]
[ADMIN] 18:03:03.955857 シナリオ走行を開始しました [シナリオ名: ログイン]
[ADMIN] 18:03:03.957157 シナリオ走行を終了しました [シナリオ名: ログイン]
[ADMIN] 18:03:03.957166 シナリオ走行を開始しました [シナリオ名: ログイン]
[ADMIN] 18:03:03.992992 シナリオ走行を終了しました [シナリオ名: ログイン]
[ADMIN] 18:03:03.993006 シナリオ走行を開始しました [シナリオ名: ログイン]
[ADMIN] 18:03:04.019860 シナリオ走行を終了しました [シナリオ名: ログイン]
[ADMIN] 18:03:04.019872 シナリオ走行を開始しました [シナリオ名: ログイン]
[ADMIN] 18:03:04.037070 シナリオ走行を終了しました [シナリオ名: 新規ユーザー登録]
[ADMIN] 18:03:04.037091 シナリオ走行を開始しました [シナリオ名: 新規ユーザー登録]
[ADMIN] 18:03:04.040163 シナリオ走行を終了しました [シナリオ名: ログイン]
[ADMIN] 18:03:04.040172 シナリオ走行を開始しました [シナリオ名: ログイン]
[ADMIN] 18:03:04.044912 シナリオ走行を終了しました [シナリオ名: 新規ユーザー登録]
[ADMIN] 18:03:04.044929 シナリオ走行を開始しました [シナリオ名: 新規ユーザー登録]
[ADMIN] 18:03:04.048106 シナリオ走行を終了しました [シナリオ名: 新規ユーザー登録]
[ADMIN] 18:03:04.048123 シナリオ走行を開始しました [シナリオ名: 新規ユーザー登録]
[ADMIN] 18:03:04.048130 シナリオ走行を終了しました [シナリオ名: 新規ユーザー登録]
[ADMIN] 18:03:04.048149 シナリオ走行を開始しました [シナリオ名: 新規ユーザー登録]
[ADMIN] 18:03:04.064973 シナリオ走行を終了しました [シナリオ名: ログイン]
[ADMIN] 18:03:04.065058 シナリオ走行を開始しました [シナリオ名: ログイン]
[ADMIN] 18:03:04.098942 シナリオ走行を終了しました [シナリオ名: 新規ユーザー登録]
[ADMIN] 18:03:04.098971 シナリオ走行を開始しました [シナリオ名: 新規ユーザー登録]
[ADMIN] 18:03:04.105807 シナリオ走行を終了しました [シナリオ名: 新規ユーザー登録]
[ADMIN] 18:03:04.105836 シナリオ走行を開始しました [シナリオ名: 新規ユーザー登録]
[ADMIN] 18:03:04.118732 シナリオ走行を終了しました [シナリオ名: ログイン]
[ADMIN] 18:03:04.118746 シナリオ走行を開始しました [シナリオ名: ログイン]
[ADMIN] 18:03:04.120987 シナリオ走行を終了しました [シナリオ名: 新規ユーザー登録]
[ADMIN] 18:03:04.121005 シナリオ走行を開始しました [シナリオ名: 新規ユーザー登録]
[ADMIN] 18:03:04.147372 シナリオ走行を終了しました [シナリオ名: Banユーザログイン]
[ADMIN] 18:03:04.147407 シナリオ走行を開始しました [シナリオ名: Banユーザログイン]
[ADMIN] 18:03:04.147414 シナリオ走行を開始しました [シナリオ名: Banユーザログイン]
[ADMIN] 18:03:04.147424 シナリオ走行を開始しました [シナリオ名: Banユーザログイン]
[ADMIN] 18:03:04.675519 シナリオ走行を終了しました [シナリオ名: Banユーザログイン]
[ADMIN] 18:03:04.675546 シナリオ走行を開始しました [シナリオ名: Banユーザログイン]
[ADMIN] 18:03:04.677038 シナリオ走行を終了しました [シナリオ名: Banユーザログイン]
[ADMIN] 18:03:04.677050 シナリオ走行を開始しました [シナリオ名: Banユーザログイン]
[ADMIN] 18:03:04.678430 シナリオ走行を終了しました [シナリオ名: Banユーザログイン]
[ADMIN] 18:03:04.678446 シナリオ走行を開始しました [シナリオ名: Banユーザログイン]
[ADMIN] 18:03:04.975349 シナリオ走行を終了しました [シナリオ名: ログイン]
[ADMIN] 18:03:04.975367 シナリオ走行を開始しました [シナリオ名: ログイン]
[ADMIN] 18:03:04.987900 シナリオ走行を終了しました [シナリオ名: 新規ユーザー登録]
[ADMIN] 18:03:04.987979 シナリオ走行を開始しました [シナリオ名: 新規ユーザー登録]
[ADMIN] 18:03:05.069980 シナリオ走行を終了しました [シナリオ名: ログイン]
[ADMIN] 18:03:05.070019 シナリオ走行を開始しました [シナリオ名: ログイン]
[ADMIN] 18:03:05.070351 シナリオ走行を終了しました [シナリオ名: ログイン]
[ADMIN] 18:03:05.070365 シナリオ走行を開始しました [シナリオ名: ログイン]
[ADMIN] 18:03:05.083885 シナリオ走行を終了しました [シナリオ名: 新規ユーザー登録]
[ADMIN] 18:03:05.083907 シナリオ走行を開始しました [シナリオ名: 新規ユーザー登録]
[ADMIN] 18:03:05.085285 シナリオ走行を終了しました [シナリオ名: ログイン]
[ADMIN] 18:03:05.085294 シナリオ走行を開始しました [シナリオ名: ログイン]
[ADMIN] 18:03:05.096041 シナリオ走行を終了しました [シナリオ名: ログイン]
[ADMIN] 18:03:05.096053 シナリオ走行を開始しました [シナリオ名: ログイン]
[ADMIN] 18:03:05.097242 シナリオ走行を終了しました [シナリオ名: ログイン]
[ADMIN] 18:03:05.097249 シナリオ走行を開始しました [シナリオ名: ログイン]
[ADMIN] 18:03:05.102057 シナリオ走行を終了しました [シナリオ名: ログイン]
[ADMIN] 18:03:05.102065 シナリオ走行を開始しました [シナリオ名: ログイン]
[ADMIN] 18:03:05.104236 シナリオ走行を終了しました [シナリオ名: ログイン]
[ADMIN] 18:03:05.104244 シナリオ走行を開始しました [シナリオ名: ログイン]
[ADMIN] 18:03:05.160325 シナリオ走行を終了しました [シナリオ名: ログイン]
[ADMIN] 18:03:05.160339 シナリオ走行を開始しました [シナリオ名: ログイン]
[ADMIN] 18:03:05.181820 シナリオ走行を終了しました [シナリオ名: Banユーザログイン]
[ADMIN] 18:03:05.181837 シナリオ走行を開始しました [シナリオ名: Banユーザログイン]
[ADMIN] 18:03:05.182183 シナリオ走行を終了しました [シナリオ名: Banユーザログイン]
[ADMIN] 18:03:05.182193 シナリオ走行を開始しました [シナリオ名: Banユーザログイン]
[ADMIN] 18:03:05.184117 シナリオ走行を終了しました [シナリオ名: Banユーザログイン]
[ADMIN] 18:03:05.184127 シナリオ走行を開始しました [シナリオ名: Banユーザログイン]
[ADMIN] 18:03:05.207286 シナリオ走行を終了しました [シナリオ名: ログイン]
[ADMIN] 18:03:05.207300 シナリオ走行を開始しました [シナリオ名: ログイン]
[ADMIN] 18:03:05.220734 シナリオ走行を終了しました [シナリオ名: 新規ユーザー登録]
[ADMIN] 18:03:05.220753 シナリオ走行を開始しました [シナリオ名: 新規ユーザー登録]
[ADMIN] 18:03:05.222949 シナリオ走行を終了しました [シナリオ名: ログイン]
[ADMIN] 18:03:05.222959 シナリオ走行を開始しました [シナリオ名: ログイン]
[ADMIN] 18:03:05.231750 シナリオ走行を終了しました [シナリオ名: ログイン]
[ADMIN] 18:03:05.231759 シナリオ走行を開始しました [シナリオ名: ログイン]
[ADMIN] 18:03:05.234165 シナリオ走行を終了しました [シナリオ名: 新規ユーザー登録]
[ADMIN] 18:03:05.234181 シナリオ走行を開始しました [シナリオ名: 新規ユーザー登録]
[ADMIN] 18:03:05.279136 シナリオ走行を終了しました [シナリオ名: ログイン]
[ADMIN] 18:03:05.279147 シナリオ走行を開始しました [シナリオ名: ログイン]
[ADMIN] 18:03:05.301304 シナリオ走行を終了しました [シナリオ名: 新規ユーザー登録]
[ADMIN] 18:03:05.301322 シナリオ走行を開始しました [シナリオ名: 新規ユーザー登録]
[ADMIN] 18:03:05.309842 シナリオ走行を終了しました [シナリオ名: 新規ユーザー登録]
[ADMIN] 18:03:05.309860 シナリオ走行を開始しました [シナリオ名: 新規ユーザー登録]
[ADMIN] 18:03:05.311882 シナリオ走行を終了しました [シナリオ名: 新規ユーザー登録]
[ADMIN] 18:03:05.311900 シナリオ走行を開始しました [シナリオ名: 新規ユーザー登録]
[ADMIN] 18:03:05.333898 シナリオ走行を終了しました [シナリオ名: ログイン]
[ADMIN] 18:03:05.333911 シナリオ走行を開始しました [シナリオ名: ログイン]
[ADMIN] 18:03:05.342650 シナリオ走行を終了しました [シナリオ名: 新規ユーザー登録]
[ADMIN] 18:03:05.342670 シナリオ走行を開始しました [シナリオ名: 新規ユーザー登録]
[ADMIN] 18:03:05.345459 シナリオ走行を終了しました [シナリオ名: ログイン]
[ADMIN] 18:03:05.345469 シナリオ走行を開始しました [シナリオ名: ログイン]
[ADMIN] 18:03:05.348714 シナリオ走行を終了しました [シナリオ名: ログイン]
[ADMIN] 18:03:05.348728 シナリオ走行を開始しました [シナリオ名: ログイン]
[ADMIN] 18:03:05.369852 シナリオ走行を終了しました [シナリオ名: 新規ユーザー登録]
[ADMIN] 18:03:05.369874 シナリオ走行を開始しました [シナリオ名: 新規ユーザー登録]
[ADMIN] 18:03:05.380006 シナリオ走行を終了しました [シナリオ名: 新規ユーザー登録]
[ADMIN] 18:03:05.380023 シナリオ走行を開始しました [シナリオ名: 新規ユーザー登録]
[ADMIN] 18:03:05.409690 シナリオ走行を終了しました [シナリオ名: ログイン]
[ADMIN] 18:03:05.409704 シナリオ走行を開始しました [シナリオ名: ログイン]
[ADMIN] 18:03:05.416585 シナリオ走行を終了しました [シナリオ名: ログイン]
[ADMIN] 18:03:05.416597 シナリオ走行を開始しました [シナリオ名: ログイン]
[ADMIN] 18:03:05.417057 シナリオ走行を終了しました [シナリオ名: ログイン]
[ADMIN] 18:03:05.417066 シナリオ走行を開始しました [シナリオ名: ログイン]
[ADMIN] 18:03:05.427370 シナリオ走行を終了しました [シナリオ名: ログイン]
[ADMIN] 18:03:05.427379 シナリオ走行を開始しました [シナリオ名: ログイン]
[ADMIN] 18:03:05.432552 シナリオ走行を終了しました [シナリオ名: 新規ユーザー登録]
[ADMIN] 18:03:05.432572 シナリオ走行を開始しました [シナリオ名: 新規ユーザー登録]
[ADMIN] 18:03:05.434757 シナリオ走行を終了しました [シナリオ名: ログイン]
[ADMIN] 18:03:05.434767 シナリオ走行を開始しました [シナリオ名: ログイン]
[ADMIN] 18:03:05.437452 シナリオ走行を終了しました [シナリオ名: ログイン]
[ADMIN] 18:03:05.437461 シナリオ走行を開始しました [シナリオ名: ログイン]
[ADMIN] 18:03:05.475333 シナリオ走行を終了しました [シナリオ名: ログイン]
[ADMIN] 18:03:05.475353 シナリオ走行を開始しました [シナリオ名: ログイン]
[ADMIN] 18:03:05.476342 シナリオ走行を終了しました [シナリオ名: ログイン]
[ADMIN] 18:03:05.476352 シナリオ走行を開始しました [シナリオ名: ログイン]
[ADMIN] 18:03:05.503288 シナリオ走行を終了しました [シナリオ名: 新規ユーザー登録]
[ADMIN] 18:03:05.503312 シナリオ走行を開始しました [シナリオ名: 新規ユーザー登録]
[ADMIN] 18:03:05.538971 シナリオ走行を終了しました [シナリオ名: 新規ユーザー登録]
[ADMIN] 18:03:05.538994 シナリオ走行を開始しました [シナリオ名: 新規ユーザー登録]
[ADMIN] 18:03:05.589734 シナリオ走行を終了しました [シナリオ名: ログイン]
[ADMIN] 18:03:05.589748 シナリオ走行を開始しました [シナリオ名: ログイン]
[ADMIN] 18:03:05.599079 シナリオ走行を終了しました [シナリオ名: 新規ユーザー登録]
[ADMIN] 18:03:05.599101 シナリオ走行を開始しました [シナリオ名: 新規ユーザー登録]
[ADMIN] 18:03:05.632419 シナリオ走行を終了しました [シナリオ名: ログイン]
[ADMIN] 18:03:05.632431 シナリオ走行を開始しました [シナリオ名: ログイン]
[ADMIN] 18:03:05.669705 シナリオ走行を終了しました [シナリオ名: ログイン]
[ADMIN] 18:03:05.669736 シナリオ走行を開始しました [シナリオ名: ログイン]
[ADMIN] 18:03:05.673249 シナリオ走行を終了しました [シナリオ名: 新規ユーザー登録]
[ADMIN] 18:03:05.673272 シナリオ走行を開始しました [シナリオ名: 新規ユーザー登録]
[ADMIN] 18:03:05.676428 シナリオ走行を終了しました [シナリオ名: ログイン]
[ADMIN] 18:03:05.676439 シナリオ走行を開始しました [シナリオ名: ログイン]
[ADMIN] 18:03:05.735895 シナリオ走行を終了しました [シナリオ名: Banユーザログイン]
[ADMIN] 18:03:05.735929 シナリオ走行を開始しました [シナリオ名: Banユーザログイン]
[ADMIN] 18:03:05.742873 シナリオ走行を終了しました [シナリオ名: Banユーザログイン]
[ADMIN] 18:03:05.742886 シナリオ走行を開始しました [シナリオ名: Banユーザログイン]
[ADMIN] 18:03:05.758125 シナリオ走行を終了しました [シナリオ名: Banユーザログイン]
[ADMIN] 18:03:05.758141 シナリオ走行を開始しました [シナリオ名: Banユーザログイン]
[ADMIN] 18:03:05.815651 シナリオ走行を終了しました [シナリオ名: 新規ユーザー登録]
[ADMIN] 18:03:05.815682 シナリオ走行を開始しました [シナリオ名: 新規ユーザー登録]
[ADMIN] 18:03:05.816722 シナリオ走行を終了しました [シナリオ名: 新規ユーザー登録]
[ADMIN] 18:03:05.816744 シナリオ走行を開始しました [シナリオ名: 新規ユーザー登録]
[ADMIN] 18:03:05.826333 シナリオ走行を終了しました [シナリオ名: ログイン]
[ADMIN] 18:03:05.826343 シナリオ走行を開始しました [シナリオ名: ログイン]
[ADMIN] 18:03:05.831429 シナリオ走行を終了しました [シナリオ名: ログイン]
[ADMIN] 18:03:05.831447 シナリオ走行を開始しました [シナリオ名: ログイン]
[ADMIN] 18:03:05.833347 シナリオ走行を終了しました [シナリオ名: ログイン]
[ADMIN] 18:03:05.833356 シナリオ走行を開始しました [シナリオ名: ログイン]
[ADMIN] 18:03:05.837562 シナリオ走行を終了しました [シナリオ名: 新規ユーザー登録]
[ADMIN] 18:03:05.837577 シナリオ走行を開始しました [シナリオ名: 新規ユーザー登録]
[ADMIN] 18:03:05.842938 シナリオ走行を終了しました [シナリオ名: ログイン]
[ADMIN] 18:03:05.842947 シナリオ走行を開始しました [シナリオ名: ログイン]
[ADMIN] 18:03:05.853257 シナリオ走行を終了しました [シナリオ名: ログイン]
[ADMIN] 18:03:05.853268 シナリオ走行を開始しました [シナリオ名: ログイン]
[ADMIN] 18:03:05.858760 シナリオ走行を終了しました [シナリオ名: ログイン]
[ADMIN] 18:03:05.858771 シナリオ走行を開始しました [シナリオ名: ログイン]
[ADMIN] 18:03:05.868928 シナリオ走行を終了しました [シナリオ名: ログイン]
[ADMIN] 18:03:05.868940 シナリオ走行を開始しました [シナリオ名: ログイン]
[ADMIN] 18:03:05.873599 シナリオ走行を終了しました [シナリオ名: 新規ユーザー登録]
[ADMIN] 18:03:05.873621 シナリオ走行を開始しました [シナリオ名: 新規ユーザー登録]
[ADMIN] 18:03:05.875983 シナリオ走行を終了しました [シナリオ名: ログイン]
[ADMIN] 18:03:05.875992 シナリオ走行を開始しました [シナリオ名: ログイン]
[ADMIN] 18:03:05.892203 シナリオ走行を終了しました [シナリオ名: ログイン]
[ADMIN] 18:03:05.892212 シナリオ走行を開始しました [シナリオ名: ログイン]
[ADMIN] 18:03:05.951613 シナリオ走行を終了しました [シナリオ名: 新規ユーザー登録]
[ADMIN] 18:03:05.951640 シナリオ走行を開始しました [シナリオ名: 新規ユーザー登録]
[ADMIN] 18:03:05.968996 シナリオ走行を終了しました [シナリオ名: 新規ユーザー登録]
[ADMIN] 18:03:05.969018 シナリオ走行を開始しました [シナリオ名: 新規ユーザー登録]
[ADMIN] 18:03:06.016829 シナリオ走行を終了しました [シナリオ名: ログイン]
[ADMIN] 18:03:06.016844 シナリオ走行を開始しました [シナリオ名: ログイン]
[ADMIN] 18:03:06.023445 シナリオ走行を終了しました [シナリオ名: ログイン]
[ADMIN] 18:03:06.023456 シナリオ走行を開始しました [シナリオ名: ログイン]
[ADMIN] 18:03:06.049331 シナリオ走行を終了しました [シナリオ名: 新規ユーザー登録]
[ADMIN] 18:03:06.049354 シナリオ走行を開始しました [シナリオ名: 新規ユーザー登録]
[ADMIN] 18:03:06.122002 シナリオ走行を終了しました [シナリオ名: ログイン]
[ADMIN] 18:03:06.122016 シナリオ走行を開始しました [シナリオ名: ログイン]
[ADMIN] 18:03:06.124789 シナリオ走行を終了しました [シナリオ名: 新規ユーザー登録]
[ADMIN] 18:03:06.124811 シナリオ走行を開始しました [シナリオ名: 新規ユーザー登録]
[ADMIN] 18:03:06.132937 シナリオ走行を終了しました [シナリオ名: ログイン]
[ADMIN] 18:03:06.132946 シナリオ走行を開始しました [シナリオ名: ログイン]
[ADMIN] 18:03:06.135078 シナリオ走行を終了しました [シナリオ名: ログイン]
[ADMIN] 18:03:06.135087 シナリオ走行を開始しました [シナリオ名: ログイン]
[ADMIN] 18:03:06.142534 シナリオ走行を終了しました [シナリオ名: ログイン]
[ADMIN] 18:03:06.142543 シナリオ走行を開始しました [シナリオ名: ログイン]
[ADMIN] 18:03:06.158781 シナリオ走行を終了しました [シナリオ名: ログイン]
[ADMIN] 18:03:06.158790 シナリオ走行を開始しました [シナリオ名: ログイン]
[ADMIN] 18:03:06.174551 シナリオ走行を終了しました [シナリオ名: ログイン]
[ADMIN] 18:03:06.174564 シナリオ走行を開始しました [シナリオ名: ログイン]
[ADMIN] 18:03:06.179310 シナリオ走行を終了しました [シナリオ名: ログイン]
[ADMIN] 18:03:06.179322 シナリオ走行を開始しました [シナリオ名: ログイン]
[ADMIN] 18:03:06.180403 シナリオ走行を終了しました [シナリオ名: ログイン]
[ADMIN] 18:03:06.180413 シナリオ走行を開始しました [シナリオ名: ログイン]
[ADMIN] 18:03:06.199552 シナリオ走行を終了しました [シナリオ名: 新規ユーザー登録]
[ADMIN] 18:03:06.199575 シナリオ走行を開始しました [シナリオ名: 新規ユーザー登録]
[ADMIN] 18:03:06.202928 シナリオ走行を終了しました [シナリオ名: ログイン]
[ADMIN] 18:03:06.202938 シナリオ走行を開始しました [シナリオ名: ログイン]
[ADMIN] 18:03:06.204911 シナリオ走行を終了しました [シナリオ名: 新規ユーザー登録]
[ADMIN] 18:03:06.204931 シナリオ走行を開始しました [シナリオ名: 新規ユーザー登録]
[ADMIN] 18:03:06.205149 シナリオ走行を終了しました [シナリオ名: 新規ユーザー登録]
[ADMIN] 18:03:06.205163 シナリオ走行を開始しました [シナリオ名: 新規ユーザー登録]
[ADMIN] 18:03:06.218799 シナリオ走行を終了しました [シナリオ名: 新規ユーザー登録]
[ADMIN] 18:03:06.218819 シナリオ走行を開始しました [シナリオ名: 新規ユーザー登録]
[ADMIN] 18:03:06.223072 シナリオ走行を終了しました [シナリオ名: 新規ユーザー登録]
[ADMIN] 18:03:06.223087 シナリオ走行を開始しました [シナリオ名: 新規ユーザー登録]
[ADMIN] 18:03:06.228840 シナリオ走行を終了しました [シナリオ名: ログイン]
[ADMIN] 18:03:06.228849 シナリオ走行を開始しました [シナリオ名: ログイン]
[ADMIN] 18:03:06.234168 シナリオ走行を終了しました [シナリオ名: ログイン]
[ADMIN] 18:03:06.234176 シナリオ走行を開始しました [シナリオ名: ログイン]
[ADMIN] 18:03:06.238251 シナリオ走行を終了しました [シナリオ名: ログイン]
[ADMIN] 18:03:06.238259 シナリオ走行を開始しました [シナリオ名: ログイン]
[ADMIN] 18:03:06.240387 シナリオ走行を終了しました [シナリオ名: Banユーザログイン]
[ADMIN] 18:03:06.240395 シナリオ走行を開始しました [シナリオ名: Banユーザログイン]
[ADMIN] 18:03:06.243112 シナリオ走行を終了しました [シナリオ名: ログイン]
[ADMIN] 18:03:06.243121 シナリオ走行を開始しました [シナリオ名: ログイン]
[ADMIN] 18:03:06.246255 シナリオ走行を終了しました [シナリオ名: Banユーザログイン]
[ADMIN] 18:03:06.246268 シナリオ走行を開始しました [シナリオ名: Banユーザログイン]
[ADMIN] 18:03:06.263011 シナリオ走行を終了しました [シナリオ名: Banユーザログイン]
[ADMIN] 18:03:06.263076 シナリオ走行を開始しました [シナリオ名: Banユーザログイン]
[ADMIN] 18:03:06.268914 シナリオ走行を終了しました [シナリオ名: ログイン]
[ADMIN] 18:03:06.268928 シナリオ走行を開始しました [シナリオ名: ログイン]
[ADMIN] 18:03:06.352607 シナリオ走行を終了しました [シナリオ名: 新規ユーザー登録]
[ADMIN] 18:03:06.352628 シナリオ走行を開始しました [シナリオ名: 新規ユーザー登録]
[ADMIN] 18:03:06.359180 シナリオ走行を終了しました [シナリオ名: 新規ユーザー登録]
[ADMIN] 18:03:06.359199 シナリオ走行を開始しました [シナリオ名: 新規ユーザー登録]
[ADMIN] 18:03:06.373511 シナリオ走行を終了しました [シナリオ名: 新規ユーザー登録]
[ADMIN] 18:03:06.373532 シナリオ走行を開始しました [シナリオ名: 新規ユーザー登録]
[ADMIN] 18:03:06.382975 シナリオ走行を終了しました [シナリオ名: ログイン]
[ADMIN] 18:03:06.382985 シナリオ走行を開始しました [シナリオ名: ログイン]
[ADMIN] 18:03:06.400423 シナリオ走行を終了しました [シナリオ名: 新規ユーザー登録]
[ADMIN] 18:03:06.400443 シナリオ走行を開始しました [シナリオ名: 新規ユーザー登録]
[ADMIN] 18:03:06.420096 シナリオ走行を終了しました [シナリオ名: ログイン]
[ADMIN] 18:03:06.420109 シナリオ走行を開始しました [シナリオ名: ログイン]
[ADMIN] 18:03:06.438005 シナリオ走行を終了しました [シナリオ名: ログイン]
[ADMIN] 18:03:06.438016 シナリオ走行を開始しました [シナリオ名: ログイン]
[ADMIN] 18:03:06.466817 シナリオ走行を終了しました [シナリオ名: ログイン]
[ADMIN] 18:03:06.466831 シナリオ走行を開始しました [シナリオ名: ログイン]
[ADMIN] 18:03:06.472625 シナリオ走行を終了しました [シナリオ名: 新規ユーザー登録]
[ADMIN] 18:03:06.472645 シナリオ走行を開始しました [シナリオ名: 新規ユーザー登録]
[ADMIN] 18:03:06.473314 シナリオ走行を終了しました [シナリオ名: ログイン]
[ADMIN] 18:03:06.473322 シナリオ走行を開始しました [シナリオ名: ログイン]
[ADMIN] 18:03:06.497221 シナリオ走行を終了しました [シナリオ名: ログイン]
[ADMIN] 18:03:06.497232 シナリオ走行を開始しました [シナリオ名: ログイン]
[ADMIN] 18:03:06.502989 シナリオ走行を終了しました [シナリオ名: ログイン]
[ADMIN] 18:03:06.502999 シナリオ走行を開始しました [シナリオ名: ログイン]
[ADMIN] 18:03:06.513584 シナリオ走行を終了しました [シナリオ名: ログイン]
[ADMIN] 18:03:06.513596 シナリオ走行を開始しました [シナリオ名: ログイン]
[ADMIN] 18:03:06.532772 シナリオ走行を終了しました [シナリオ名: ログイン]
[ADMIN] 18:03:06.532780 シナリオ走行を開始しました [シナリオ名: ログイン]
[ADMIN] 18:03:06.538467 シナリオ走行を終了しました [シナリオ名: 新規ユーザー登録]
[ADMIN] 18:03:06.538481 シナリオ走行を開始しました [シナリオ名: 新規ユーザー登録]
[ADMIN] 18:03:06.549057 シナリオ走行を終了しました [シナリオ名: 新規ユーザー登録]
[ADMIN] 18:03:06.549077 シナリオ走行を開始しました [シナリオ名: 新規ユーザー登録]
[ADMIN] 18:03:06.565754 シナリオ走行を終了しました [シナリオ名: 新規ユーザー登録]
[ADMIN] 18:03:06.565773 シナリオ走行を開始しました [シナリオ名: 新規ユーザー登録]
[ADMIN] 18:03:06.571078 シナリオ走行を終了しました [シナリオ名: ログイン]
[ADMIN] 18:03:06.571087 シナリオ走行を開始しました [シナリオ名: ログイン]
[ADMIN] 18:03:06.577351 シナリオ走行を終了しました [シナリオ名: ログイン]
[ADMIN] 18:03:06.577361 シナリオ走行を開始しました [シナリオ名: ログイン]
[ADMIN] 18:03:06.584105 シナリオ走行を終了しました [シナリオ名: ログイン]
[ADMIN] 18:03:06.584115 シナリオ走行を開始しました [シナリオ名: ログイン]
[ADMIN] 18:03:06.623331 シナリオ走行を終了しました [シナリオ名: 新規ユーザー登録]
[ADMIN] 18:03:06.623351 シナリオ走行を開始しました [シナリオ名: 新規ユーザー登録]
[ADMIN] 18:03:06.649751 シナリオ走行を終了しました [シナリオ名: ログイン]
[ADMIN] 18:03:06.649763 シナリオ走行を開始しました [シナリオ名: ログイン]
[ADMIN] 18:03:06.659105 シナリオ走行を終了しました [シナリオ名: ログイン]
[ADMIN] 18:03:06.659117 シナリオ走行を開始しました [シナリオ名: ログイン]
[ADMIN] 18:03:06.669815 シナリオ走行を終了しました [シナリオ名: 新規ユーザー登録]
[ADMIN] 18:03:06.669841 シナリオ走行を開始しました [シナリオ名: 新規ユーザー登録]
[ADMIN] 18:03:06.717139 シナリオ走行を終了しました [シナリオ名: ログイン]
[ADMIN] 18:03:06.717151 シナリオ走行を開始しました [シナリオ名: ログイン]
[ADMIN] 18:03:06.720045 シナリオ走行を終了しました [シナリオ名: ログイン]
[ADMIN] 18:03:06.720054 シナリオ走行を開始しました [シナリオ名: ログイン]
[ADMIN] 18:03:06.753776 シナリオ走行を終了しました [シナリオ名: ログイン]
[ADMIN] 18:03:06.753789 シナリオ走行を開始しました [シナリオ名: ログイン]
[ADMIN] 18:03:06.755153 シナリオ走行を終了しました [シナリオ名: ログイン]
[ADMIN] 18:03:06.755163 シナリオ走行を開始しました [シナリオ名: ログイン]
[ADMIN] 18:03:06.755309 シナリオ走行を終了しました [シナリオ名: 新規ユーザー登録]
[ADMIN] 18:03:06.755325 シナリオ走行を開始しました [シナリオ名: 新規ユーザー登録]
[ADMIN] 18:03:06.756087 シナリオ走行を終了しました [シナリオ名: ログイン]
[ADMIN] 18:03:06.756098 シナリオ走行を開始しました [シナリオ名: ログイン]
[ADMIN] 18:03:06.778759 シナリオ走行を終了しました [シナリオ名: ログイン]
[ADMIN] 18:03:06.778772 シナリオ走行を開始しました [シナリオ名: ログイン]
[ADMIN] 18:03:06.787412 シナリオ走行を終了しました [シナリオ名: ログイン]
[ADMIN] 18:03:06.787424 シナリオ走行を開始しました [シナリオ名: ログイン]
[ADMIN] 18:03:06.795087 シナリオ走行を終了しました [シナリオ名: Banユーザログイン]
[ADMIN] 18:03:06.795104 シナリオ走行を開始しました [シナリオ名: Banユーザログイン]
[ADMIN] 18:03:06.805109 シナリオ走行を終了しました [シナリオ名: 新規ユーザー登録]
[ADMIN] 18:03:06.805127 シナリオ走行を開始しました [シナリオ名: 新規ユーザー登録]
[ADMIN] 18:03:06.815132 シナリオ走行を終了しました [シナリオ名: ログイン]
[ADMIN] 18:03:06.815142 シナリオ走行を開始しました [シナリオ名: ログイン]
[ADMIN] 18:03:06.817602 シナリオ走行を終了しました [シナリオ名: 新規ユーザー登録]
[ADMIN] 18:03:06.817618 シナリオ走行を開始しました [シナリオ名: 新規ユーザー登録]
[ADMIN] 18:03:06.821643 シナリオ走行を終了しました [シナリオ名: ログイン]
[ADMIN] 18:03:06.821652 シナリオ走行を開始しました [シナリオ名: ログイン]
[ADMIN] 18:03:06.822856 シナリオ走行を終了しました [シナリオ名: 新規ユーザー登録]
[ADMIN] 18:03:06.822874 シナリオ走行を開始しました [シナリオ名: 新規ユーザー登録]
[ADMIN] 18:03:06.831057 シナリオ走行を終了しました [シナリオ名: Banユーザログイン]
[ADMIN] 18:03:06.831072 シナリオ走行を開始しました [シナリオ名: Banユーザログイン]
[ADMIN] 18:03:06.834346 シナリオ走行を終了しました [シナリオ名: 新規ユーザー登録]
[ADMIN] 18:03:06.834364 シナリオ走行を開始しました [シナリオ名: 新規ユーザー登録]
[ADMIN] 18:03:06.850594 シナリオ走行を終了しました [シナリオ名: Banユーザログイン]
[ADMIN] 18:03:06.850613 シナリオ走行を開始しました [シナリオ名: Banユーザログイン]
[ADMIN] 18:03:06.860700 シナリオ走行を終了しました [シナリオ名: ログイン]
[ADMIN] 18:03:06.860716 シナリオ走行を開始しました [シナリオ名: ログイン]
[ADMIN] 18:03:06.869709 シナリオ走行を終了しました [シナリオ名: 新規ユーザー登録]
[ADMIN] 18:03:06.869730 シナリオ走行を開始しました [シナリオ名: 新規ユーザー登録]
[ADMIN] 18:03:06.909956 シナリオ走行を終了しました [シナリオ名: 新規ユーザー登録]
[ADMIN] 18:03:06.909981 シナリオ走行を開始しました [シナリオ名: 新規ユーザー登録]
[ADMIN] 18:03:06.911874 シナリオ走行を終了しました [シナリオ名: ログイン]
[ADMIN] 18:03:06.911885 シナリオ走行を開始しました [シナリオ名: ログイン]
[ADMIN] 18:03:06.917367 シナリオ走行を終了しました [シナリオ名: ログイン]
[ADMIN] 18:03:06.917379 シナリオ走行を開始しました [シナリオ名: ログイン]
[ADMIN] 18:03:06.962751 シナリオ走行を終了しました [シナリオ名: ログイン]
[ADMIN] 18:03:06.962765 シナリオ走行を開始しました [シナリオ名: ログイン]
[ADMIN] 18:03:06.979637 シナリオ走行を終了しました [シナリオ名: ログイン]
[ADMIN] 18:03:06.979652 シナリオ走行を開始しました [シナリオ名: ログイン]
[ADMIN] 18:03:07.024674 シナリオ走行を終了しました [シナリオ名: ログイン]
[ADMIN] 18:03:07.024687 シナリオ走行を開始しました [シナリオ名: ログイン]
[ADMIN] 18:03:07.045187 シナリオ走行を終了しました [シナリオ名: ログイン]
[ADMIN] 18:03:07.045202 シナリオ走行を開始しました [シナリオ名: ログイン]
[ADMIN] 18:03:07.066304 シナリオ走行を終了しました [シナリオ名: ログイン]
[ADMIN] 18:03:07.066316 シナリオ走行を開始しました [シナリオ名: ログイン]
[ADMIN] 18:03:07.081998 シナリオ走行を終了しました [シナリオ名: ログイン]
[ADMIN] 18:03:07.082016 シナリオ走行を開始しました [シナリオ名: ログイン]
[ADMIN] 18:03:07.082080 シナリオ走行を終了しました [シナリオ名: ログイン]
[ADMIN] 18:03:07.082122 シナリオ走行を開始しました [シナリオ名: ログイン]
[ADMIN] 18:03:07.084716 シナリオ走行を終了しました [シナリオ名: ログイン]
[ADMIN] 18:03:07.084726 シナリオ走行を開始しました [シナリオ名: ログイン]
[ADMIN] 18:03:07.088347 シナリオ走行を終了しました [シナリオ名: 新規ユーザー登録]
[ADMIN] 18:03:07.088372 シナリオ走行を開始しました [シナリオ名: 新規ユーザー登録]
[ADMIN] 18:03:07.094117 シナリオ走行を終了しました [シナリオ名: ログイン]
[ADMIN] 18:03:07.094128 シナリオ走行を開始しました [シナリオ名: ログイン]
[ADMIN] 18:03:07.097910 シナリオ走行を終了しました [シナリオ名: 新規ユーザー登録]
[ADMIN] 18:03:07.097929 シナリオ走行を開始しました [シナリオ名: 新規ユーザー登録]
[ADMIN] 18:03:07.124119 シナリオ走行を終了しました [シナリオ名: ログイン]
[ADMIN] 18:03:07.124131 シナリオ走行を開始しました [シナリオ名: ログイン]
[ADMIN] 18:03:07.157556 シナリオ走行を終了しました [シナリオ名: ログイン]
[ADMIN] 18:03:07.157571 シナリオ走行を開始しました [シナリオ名: ログイン]
[ADMIN] 18:03:07.169116 シナリオ走行を終了しました [シナリオ名: 新規ユーザー登録]
[ADMIN] 18:03:07.169137 シナリオ走行を開始しました [シナリオ名: 新規ユーザー登録]
[ADMIN] 18:03:07.176381 シナリオ走行を終了しました [シナリオ名: 新規ユーザー登録]
[ADMIN] 18:03:07.176404 シナリオ走行を開始しました [シナリオ名: 新規ユーザー登録]
[ADMIN] 18:03:07.218543 シナリオ走行を終了しました [シナリオ名: 新規ユーザー登録]
[ADMIN] 18:03:07.218561 シナリオ走行を開始しました [シナリオ名: 新規ユーザー登録]
[ADMIN] 18:03:07.221279 シナリオ走行を終了しました [シナリオ名: 新規ユーザー登録]
[ADMIN] 18:03:07.221292 シナリオ走行を開始しました [シナリオ名: 新規ユーザー登録]
[ADMIN] 18:03:07.225717 シナリオ走行を終了しました [シナリオ名: 新規ユーザー登録]
[ADMIN] 18:03:07.225735 シナリオ走行を開始しました [シナリオ名: 新規ユーザー登録]
[ADMIN] 18:03:07.225811 シナリオ走行を終了しました [シナリオ名: ログイン]
[ADMIN] 18:03:07.225855 シナリオ走行を開始しました [シナリオ名: ログイン]
[ADMIN] 18:03:07.241660 シナリオ走行を終了しました [シナリオ名: ログイン]
[ADMIN] 18:03:07.241670 シナリオ走行を開始しました [シナリオ名: ログイン]
[ADMIN] 18:03:07.249122 シナリオ走行を終了しました [シナリオ名: ログイン]
[ADMIN] 18:03:07.249130 シナリオ走行を開始しました [シナリオ名: ログイン]
[ADMIN] 18:03:07.255346 シナリオ走行を終了しました [シナリオ名: 新規ユーザー登録]
[ADMIN] 18:03:07.255361 シナリオ走行を開始しました [シナリオ名: 新規ユーザー登録]
[ADMIN] 18:03:07.283360 シナリオ走行を終了しました [シナリオ名: ログイン]
[ADMIN] 18:03:07.283374 シナリオ走行を開始しました [シナリオ名: ログイン]
[ADMIN] 18:03:07.283789 シナリオ走行を終了しました [シナリオ名: 新規ユーザー登録]
[ADMIN] 18:03:07.283808 シナリオ走行を開始しました [シナリオ名: 新規ユーザー登録]
[ADMIN] 18:03:07.286288 シナリオ走行を終了しました [シナリオ名: ログイン]
[ADMIN] 18:03:07.286295 シナリオ走行を開始しました [シナリオ名: ログイン]
[ADMIN] 18:03:07.316185 シナリオ走行を終了しました [シナリオ名: ログイン]
[ADMIN] 18:03:07.316195 シナリオ走行を開始しました [シナリオ名: ログイン]
[ADMIN] 18:03:07.317582 シナリオ走行を終了しました [シナリオ名: Banユーザログイン]
[ADMIN] 18:03:07.317596 シナリオ走行を開始しました [シナリオ名: Banユーザログイン]
[ADMIN] 18:03:07.359874 シナリオ走行を終了しました [シナリオ名: Banユーザログイン]
[ADMIN] 18:03:07.359898 シナリオ走行を開始しました [シナリオ名: Banユーザログイン]
[ADMIN] 18:03:07.374095 シナリオ走行を終了しました [シナリオ名: ログイン]
[ADMIN] 18:03:07.374111 シナリオ走行を開始しました [シナリオ名: ログイン]
[ADMIN] 18:03:07.389225 シナリオ走行を終了しました [シナリオ名: Banユーザログイン]
[ADMIN] 18:03:07.389240 シナリオ走行を開始しました [シナリオ名: Banユーザログイン]
[ADMIN] 18:03:07.393255 シナリオ走行を終了しました [シナリオ名: ログイン]
[ADMIN] 18:03:07.393264 シナリオ走行を開始しました [シナリオ名: ログイン]
[ADMIN] 18:03:07.404476 シナリオ走行を終了しました [シナリオ名: ログイン]
[ADMIN] 18:03:07.404486 シナリオ走行を開始しました [シナリオ名: ログイン]
[ADMIN] 18:03:07.404922 シナリオ走行を終了しました [シナリオ名: ログイン]
[ADMIN] 18:03:07.404931 シナリオ走行を開始しました [シナリオ名: ログイン]
[ADMIN] 18:03:07.414797 シナリオ走行を終了しました [シナリオ名: 新規ユーザー登録]
[ADMIN] 18:03:07.414816 シナリオ走行を開始しました [シナリオ名: 新規ユーザー登録]
[ADMIN] 18:03:07.419847 シナリオ走行を終了しました [シナリオ名: ログイン]
[ADMIN] 18:03:07.419857 シナリオ走行を開始しました [シナリオ名: ログイン]
[ADMIN] 18:03:07.430841 シナリオ走行を終了しました [シナリオ名: ログイン]
[ADMIN] 18:03:07.430850 シナリオ走行を開始しました [シナリオ名: ログイン]
[ADMIN] 18:03:07.440393 シナリオ走行を終了しました [シナリオ名: ログイン]
[ADMIN] 18:03:07.440402 シナリオ走行を開始しました [シナリオ名: ログイン]
[ADMIN] 18:03:07.492441 シナリオ走行を終了しました [シナリオ名: 新規ユーザー登録]
[ADMIN] 18:03:07.492470 シナリオ走行を開始しました [シナリオ名: 新規ユーザー登録]
[ADMIN] 18:03:07.530453 シナリオ走行を終了しました [シナリオ名: ログイン]
[ADMIN] 18:03:07.530468 シナリオ走行を開始しました [シナリオ名: ログイン]
[ADMIN] 18:03:07.549657 シナリオ走行を終了しました [シナリオ名: 新規ユーザー登録]
[ADMIN] 18:03:07.549682 シナリオ走行を開始しました [シナリオ名: 新規ユーザー登録]
[ADMIN] 18:03:07.550086 シナリオ走行を終了しました [シナリオ名: 新規ユーザー登録]
[ADMIN] 18:03:07.550148 シナリオ走行を開始しました [シナリオ名: 新規ユーザー登録]
[ADMIN] 18:03:07.551946 シナリオ走行を終了しました [シナリオ名: 新規ユーザー登録]
[ADMIN] 18:03:07.551963 シナリオ走行を開始しました [シナリオ名: 新規ユーザー登録]
[ADMIN] 18:03:07.563953 シナリオ走行を終了しました [シナリオ名: ログイン]
[ADMIN] 18:03:07.563963 シナリオ走行を開始しました [シナリオ名: ログイン]
[ADMIN] 18:03:07.572400 シナリオ走行を終了しました [シナリオ名: ログイン]
[ADMIN] 18:03:07.572417 シナリオ走行を開始しました [シナリオ名: ログイン]
[ADMIN] 18:03:07.572896 シナリオ走行を終了しました [シナリオ名: ログイン]
[ADMIN] 18:03:07.572906 シナリオ走行を開始しました [シナリオ名: ログイン]
[ADMIN] 18:03:07.579540 シナリオ走行を終了しました [シナリオ名: ログイン]
[ADMIN] 18:03:07.579552 シナリオ走行を開始しました [シナリオ名: ログイン]
[ADMIN] 18:03:07.599127 シナリオ走行を終了しました [シナリオ名: 新規ユーザー登録]
[ADMIN] 18:03:07.599153 シナリオ走行を開始しました [シナリオ名: 新規ユーザー登録]
[ADMIN] 18:03:07.602002 シナリオ走行を終了しました [シナリオ名: 新規ユーザー登録]
[ADMIN] 18:03:07.602020 シナリオ走行を開始しました [シナリオ名: 新規ユーザー登録]
[ADMIN] 18:03:07.602933 シナリオ走行を終了しました [シナリオ名: ログイン]
[ADMIN] 18:03:07.602944 シナリオ走行を開始しました [シナリオ名: ログイン]
[ADMIN] 18:03:07.622678 シナリオ走行を終了しました [シナリオ名: 新規ユーザー登録]
[ADMIN] 18:03:07.622702 シナリオ走行を開始しました [シナリオ名: 新規ユーザー登録]
[ADMIN] 18:03:07.659316 シナリオ走行を終了しました [シナリオ名: 新規ユーザー登録]
[ADMIN] 18:03:07.659337 シナリオ走行を開始しました [シナリオ名: 新規ユーザー登録]
[ADMIN] 18:03:07.677546 シナリオ走行を終了しました [シナリオ名: ログイン]
[ADMIN] 18:03:07.677558 シナリオ走行を開始しました [シナリオ名: ログイン]
[ADMIN] 18:03:07.693431 シナリオ走行を終了しました [シナリオ名: ログイン]
[ADMIN] 18:03:07.693442 シナリオ走行を開始しました [シナリオ名: ログイン]
[ADMIN] 18:03:07.694518 シナリオ走行を終了しました [シナリオ名: 新規ユーザー登録]
[ADMIN] 18:03:07.694534 シナリオ走行を開始しました [シナリオ名: 新規ユーザー登録]
[ADMIN] 18:03:07.711036 シナリオ走行を終了しました [シナリオ名: ログイン]
[ADMIN] 18:03:07.711046 シナリオ走行を開始しました [シナリオ名: ログイン]
[ADMIN] 18:03:07.728187 シナリオ走行を終了しました [シナリオ名: ログイン]
[ADMIN] 18:03:07.728201 シナリオ走行を開始しました [シナリオ名: ログイン]
[ADMIN] 18:03:07.778576 シナリオ走行を終了しました [シナリオ名: ログイン]
[ADMIN] 18:03:07.778590 シナリオ走行を開始しました [シナリオ名: ログイン]
[ADMIN] 18:03:07.779509 シナリオ走行を終了しました [シナリオ名: ログイン]
[ADMIN] 18:03:07.779518 シナリオ走行を開始しました [シナリオ名: ログイン]
[ADMIN] 18:03:07.792081 シナリオ走行を終了しました [シナリオ名: ログイン]
[ADMIN] 18:03:07.792093 シナリオ走行を開始しました [シナリオ名: ログイン]
[ADMIN] 18:03:07.800957 シナリオ走行を終了しました [シナリオ名: 新規ユーザー登録]
[ADMIN] 18:03:07.800978 シナリオ走行を開始しました [シナリオ名: 新規ユーザー登録]
[ADMIN] 18:03:07.801448 シナリオ走行を終了しました [シナリオ名: ログイン]
[ADMIN] 18:03:07.801458 シナリオ走行を開始しました [シナリオ名: ログイン]
[ADMIN] 18:03:07.830751 シナリオ走行を終了しました [シナリオ名: 新規ユーザー登録]
[ADMIN] 18:03:07.830786 シナリオ走行を開始しました [シナリオ名: 新規ユーザー登録]
[ADMIN] 18:03:07.866909 シナリオ走行を終了しました [シナリオ名: 新規ユーザー登録]
[ADMIN] 18:03:07.866933 シナリオ走行を開始しました [シナリオ名: 新規ユーザー登録]
[ADMIN] 18:03:07.867796 シナリオ走行を終了しました [シナリオ名: ログイン]
[ADMIN] 18:03:07.867808 シナリオ走行を開始しました [シナリオ名: ログイン]
[ADMIN] 18:03:07.869173 シナリオ走行を終了しました [シナリオ名: ログイン]
[ADMIN] 18:03:07.869182 シナリオ走行を開始しました [シナリオ名: ログイン]
[ADMIN] 18:03:07.874949 シナリオ走行を終了しました [シナリオ名: ログイン]
[ADMIN] 18:03:07.874958 シナリオ走行を開始しました [シナリオ名: ログイン]
[ADMIN] 18:03:07.879054 シナリオ走行を終了しました [シナリオ名: Banユーザログイン]
[ADMIN] 18:03:07.879066 シナリオ走行を開始しました [シナリオ名: Banユーザログイン]
[ADMIN] 18:03:07.901119 シナリオ走行を終了しました [シナリオ名: Banユーザログイン]
[ADMIN] 18:03:07.901136 シナリオ走行を開始しました [シナリオ名: Banユーザログイン]
[ADMIN] 18:03:07.912621 シナリオ走行を終了しました [シナリオ名: 新規ユーザー登録]
[ADMIN] 18:03:07.912655 シナリオ走行を開始しました [シナリオ名: 新規ユーザー登録]
[ADMIN] 18:03:07.921146 シナリオ走行を終了しました [シナリオ名: ログイン]
[ADMIN] 18:03:07.921156 シナリオ走行を開始しました [シナリオ名: ログイン]
[ADMIN] 18:03:07.921973 シナリオ走行を終了しました [シナリオ名: ログイン]
[ADMIN] 18:03:07.921983 シナリオ走行を開始しました [シナリオ名: ログイン]
[ADMIN] 18:03:07.926370 シナリオ走行を終了しました [シナリオ名: Banユーザログイン]
[ADMIN] 18:03:07.926382 シナリオ走行を開始しました [シナリオ名: Banユーザログイン]
[ADMIN] 18:03:07.952274 シナリオ走行を終了しました [シナリオ名: 新規ユーザー登録]
[ADMIN] 18:03:07.952295 シナリオ走行を開始しました [シナリオ名: 新規ユーザー登録]
[ADMIN] 18:03:07.969918 シナリオ走行を終了しました [シナリオ名: ログイン]
[ADMIN] 18:03:07.969926 シナリオ走行を開始しました [シナリオ名: ログイン]
[ADMIN] 18:03:08.004169 シナリオ走行を終了しました [シナリオ名: ログイン]
[ADMIN] 18:03:08.004177 シナリオ走行を開始しました [シナリオ名: ログイン]
[ADMIN] 18:03:08.012651 シナリオ走行を終了しました [シナリオ名: 新規ユーザー登録]
[ADMIN] 18:03:08.012674 シナリオ走行を開始しました [シナリオ名: 新規ユーザー登録]
[ADMIN] 18:03:08.028576 シナリオ走行を終了しました [シナリオ名: ログイン]
[ADMIN] 18:03:08.028588 シナリオ走行を開始しました [シナリオ名: ログイン]
[ADMIN] 18:03:08.028595 シナリオ走行を終了しました [シナリオ名: 新規ユーザー登録]
[ADMIN] 18:03:08.028611 シナリオ走行を開始しました [シナリオ名: 新規ユーザー登録]
[ADMIN] 18:03:08.038630 シナリオ走行を終了しました [シナリオ名: ログイン]
[ADMIN] 18:03:08.038641 シナリオ走行を開始しました [シナリオ名: ログイン]
[ADMIN] 18:03:08.040788 シナリオ走行を終了しました [シナリオ名: 新規ユーザー登録]
[ADMIN] 18:03:08.040803 シナリオ走行を開始しました [シナリオ名: 新規ユーザー登録]
[ADMIN] 18:03:08.049108 シナリオ走行を終了しました [シナリオ名: 新規ユーザー登録]
[ADMIN] 18:03:08.049124 シナリオ走行を開始しました [シナリオ名: 新規ユーザー登録]
[ADMIN] 18:03:08.081020 シナリオ走行を終了しました [シナリオ名: ログイン]
[ADMIN] 18:03:08.081034 シナリオ走行を開始しました [シナリオ名: ログイン]
[ADMIN] 18:03:08.081201 シナリオ走行を終了しました [シナリオ名: ログイン]
[ADMIN] 18:03:08.081219 シナリオ走行を開始しました [シナリオ名: ログイン]
[ADMIN] 18:03:08.100465 シナリオ走行を終了しました [シナリオ名: ログイン]
[ADMIN] 18:03:08.100477 シナリオ走行を開始しました [シナリオ名: ログイン]
[ADMIN] 18:03:08.125189 シナリオ走行を終了しました [シナリオ名: ログイン]
[ADMIN] 18:03:08.125201 シナリオ走行を開始しました [シナリオ名: ログイン]
[ADMIN] 18:03:08.134896 シナリオ走行を終了しました [シナリオ名: 新規ユーザー登録]
[ADMIN] 18:03:08.134913 シナリオ走行を開始しました [シナリオ名: 新規ユーザー登録]
[ADMIN] 18:03:08.157451 シナリオ走行を終了しました [シナリオ名: ログイン]
[ADMIN] 18:03:08.157459 シナリオ走行を開始しました [シナリオ名: ログイン]
[ADMIN] 18:03:08.157853 シナリオ走行を終了しました [シナリオ名: 新規ユーザー登録]
[ADMIN] 18:03:08.157866 シナリオ走行を開始しました [シナリオ名: 新規ユーザー登録]
[ADMIN] 18:03:08.159092 シナリオ走行を終了しました [シナリオ名: ログイン]
[ADMIN] 18:03:08.159102 シナリオ走行を開始しました [シナリオ名: ログイン]
[ADMIN] 18:03:08.231112 シナリオ走行を終了しました [シナリオ名: ログイン]
[ADMIN] 18:03:08.231129 シナリオ走行を開始しました [シナリオ名: ログイン]
[ADMIN] 18:03:08.267997 シナリオ走行を終了しました [シナリオ名: ログイン]
[ADMIN] 18:03:08.268017 シナリオ走行を開始しました [シナリオ名: ログイン]
[ADMIN] 18:03:08.279712 シナリオ走行を終了しました [シナリオ名: 新規ユーザー登録]
[ADMIN] 18:03:08.279760 シナリオ走行を開始しました [シナリオ名: 新規ユーザー登録]
[ADMIN] 18:03:08.282378 シナリオ走行を終了しました [シナリオ名: ログイン]
[ADMIN] 18:03:08.282389 シナリオ走行を開始しました [シナリオ名: ログイン]
[ADMIN] 18:03:08.287177 シナリオ走行を終了しました [シナリオ名: ログイン]
[ADMIN] 18:03:08.287186 シナリオ走行を開始しました [シナリオ名: ログイン]
[ADMIN] 18:03:08.317103 シナリオ走行を終了しました [シナリオ名: 新規ユーザー登録]
[ADMIN] 18:03:08.317131 シナリオ走行を開始しました [シナリオ名: 新規ユーザー登録]
[ADMIN] 18:03:08.338185 シナリオ走行を終了しました [シナリオ名: ログイン]
[ADMIN] 18:03:08.338197 シナリオ走行を開始しました [シナリオ名: ログイン]
[ADMIN] 18:03:08.338342 シナリオ走行を終了しました [シナリオ名: 新規ユーザー登録]
[ADMIN] 18:03:08.338362 シナリオ走行を開始しました [シナリオ名: 新規ユーザー登録]
[ADMIN] 18:03:08.339498 シナリオ走行を終了しました [シナリオ名: ログイン]
[ADMIN] 18:03:08.339509 シナリオ走行を開始しました [シナリオ名: ログイン]
[ADMIN] 18:03:08.348806 シナリオ走行を終了しました [シナリオ名: 新規ユーザー登録]
[ADMIN] 18:03:08.348824 シナリオ走行を開始しました [シナリオ名: 新規ユーザー登録]
[ADMIN] 18:03:08.349036 シナリオ走行を終了しました [シナリオ名: ログイン]
[ADMIN] 18:03:08.349048 シナリオ走行を開始しました [シナリオ名: ログイン]
[ADMIN] 18:03:08.355004 シナリオ走行を終了しました [シナリオ名: 新規ユーザー登録]
[ADMIN] 18:03:08.355024 シナリオ走行を開始しました [シナリオ名: 新規ユーザー登録]
[ADMIN] 18:03:08.357392 シナリオ走行を終了しました [シナリオ名: ログイン]
[ADMIN] 18:03:08.357401 シナリオ走行を開始しました [シナリオ名: ログイン]
[ADMIN] 18:03:08.359696 シナリオ走行を終了しました [シナリオ名: 新規ユーザー登録]
[ADMIN] 18:03:08.359712 シナリオ走行を開始しました [シナリオ名: 新規ユーザー登録]
[ADMIN] 18:03:08.380747 シナリオ走行を終了しました [シナリオ名: ログイン]
[ADMIN] 18:03:08.380755 シナリオ走行を開始しました [シナリオ名: ログイン]
[ADMIN] 18:03:08.388170 シナリオ走行を終了しました [シナリオ名: ログイン]
[ADMIN] 18:03:08.388198 シナリオ走行を開始しました [シナリオ名: ログイン]
[ADMIN] 18:03:08.405697 シナリオ走行を終了しました [シナリオ名: 新規ユーザー登録]
[ADMIN] 18:03:08.405717 シナリオ走行を開始しました [シナリオ名: 新規ユーザー登録]
[ADMIN] 18:03:08.406101 シナリオ走行を終了しました [シナリオ名: 新規ユーザー登録]
[ADMIN] 18:03:08.406123 シナリオ走行を開始しました [シナリオ名: 新規ユーザー登録]
[ADMIN] 18:03:08.414418 シナリオ走行を終了しました [シナリオ名: ログイン]
[ADMIN] 18:03:08.414427 シナリオ走行を開始しました [シナリオ名: ログイン]
[ADMIN] 18:03:08.427498 シナリオ走行を終了しました [シナリオ名: Banユーザログイン]
[ADMIN] 18:03:08.427510 シナリオ走行を開始しました [シナリオ名: Banユーザログイン]
[ADMIN] 18:03:08.437499 シナリオ走行を終了しました [シナリオ名: ログイン]
[ADMIN] 18:03:08.437507 シナリオ走行を開始しました [シナリオ名: ログイン]
[ADMIN] 18:03:08.471009 シナリオ走行を終了しました [シナリオ名: Banユーザログイン]
[ADMIN] 18:03:08.471038 シナリオ走行を開始しました [シナリオ名: Banユーザログイン]
[ADMIN] 18:03:08.480251 シナリオ走行を終了しました [シナリオ名: ログイン]
[ADMIN] 18:03:08.480264 シナリオ走行を開始しました [シナリオ名: ログイン]
[ADMIN] 18:03:08.480607 シナリオ走行を終了しました [シナリオ名: Banユーザログイン]
[ADMIN] 18:03:08.480622 シナリオ走行を開始しました [シナリオ名: Banユーザログイン]
[ADMIN] 18:03:08.518721 シナリオ走行を終了しました [シナリオ名: 新規ユーザー登録]
[ADMIN] 18:03:08.518747 シナリオ走行を開始しました [シナリオ名: 新規ユーザー登録]
[ADMIN] 18:03:08.567045 シナリオ走行を終了しました [シナリオ名: ログイン]
[ADMIN] 18:03:08.567060 シナリオ走行を開始しました [シナリオ名: ログイン]
[ADMIN] 18:03:08.571578 シナリオ走行を終了しました [シナリオ名: ログイン]
[ADMIN] 18:03:08.571591 シナリオ走行を開始しました [シナリオ名: ログイン]
[ADMIN] 18:03:08.571786 シナリオ走行を終了しました [シナリオ名: ログイン]
[ADMIN] 18:03:08.571799 シナリオ走行を開始しました [シナリオ名: ログイン]
[ADMIN] 18:03:08.626394 シナリオ走行を終了しました [シナリオ名: ログイン]
[ADMIN] 18:03:08.626409 シナリオ走行を開始しました [シナリオ名: ログイン]
[ADMIN] 18:03:08.628234 シナリオ走行を終了しました [シナリオ名: ログイン]
[ADMIN] 18:03:08.628245 シナリオ走行を開始しました [シナリオ名: ログイン]
[ADMIN] 18:03:08.651121 シナリオ走行を終了しました [シナリオ名: ログイン]
[ADMIN] 18:03:08.651135 シナリオ走行を開始しました [シナリオ名: ログイン]
[ADMIN] 18:03:08.652754 シナリオ走行を終了しました [シナリオ名: ログイン]
[ADMIN] 18:03:08.652763 シナリオ走行を開始しました [シナリオ名: ログイン]
[ADMIN] 18:03:08.658139 シナリオ走行を終了しました [シナリオ名: ログイン]
[ADMIN] 18:03:08.658148 シナリオ走行を開始しました [シナリオ名: ログイン]
[ADMIN] 18:03:08.683550 シナリオ走行を終了しました [シナリオ名: ログイン]
[ADMIN] 18:03:08.683562 シナリオ走行を開始しました [シナリオ名: ログイン]
[ADMIN] 18:03:08.688547 シナリオ走行を終了しました [シナリオ名: 新規ユーザー登録]
[ADMIN] 18:03:08.688572 シナリオ走行を開始しました [シナリオ名: 新規ユーザー登録]
[ADMIN] 18:03:08.689945 シナリオ走行を終了しました [シナリオ名: 新規ユーザー登録]
[ADMIN] 18:03:08.689963 シナリオ走行を開始しました [シナリオ名: 新規ユーザー登録]
[ADMIN] 18:03:08.693735 シナリオ走行を終了しました [シナリオ名: ログイン]
[ADMIN] 18:03:08.693743 シナリオ走行を開始しました [シナリオ名: ログイン]
[ADMIN] 18:03:08.698316 シナリオ走行を終了しました [シナリオ名: 新規ユーザー登録]
[ADMIN] 18:03:08.698334 シナリオ走行を開始しました [シナリオ名: 新規ユーザー登録]
[ADMIN] 18:03:08.707896 シナリオ走行を終了しました [シナリオ名: ログイン]
[ADMIN] 18:03:08.707905 シナリオ走行を開始しました [シナリオ名: ログイン]
[ADMIN] 18:03:08.708698 シナリオ走行を終了しました [シナリオ名: 新規ユーザー登録]
[ADMIN] 18:03:08.708712 シナリオ走行を開始しました [シナリオ名: 新規ユーザー登録]
[ADMIN] 18:03:08.711366 シナリオ走行を終了しました [シナリオ名: 新規ユーザー登録]
[ADMIN] 18:03:08.711379 シナリオ走行を開始しました [シナリオ名: 新規ユーザー登録]
[ADMIN] 18:03:08.715718 シナリオ走行を終了しました [シナリオ名: 新規ユーザー登録]
[ADMIN] 18:03:08.715747 シナリオ走行を開始しました [シナリオ名: 新規ユーザー登録]
[ADMIN] 18:03:08.737494 シナリオ走行を終了しました [シナリオ名: 新規ユーザー登録]
[ADMIN] 18:03:08.737517 シナリオ走行を開始しました [シナリオ名: 新規ユーザー登録]
[ADMIN] 18:03:08.747907 シナリオ走行を終了しました [シナリオ名: 新規ユーザー登録]
[ADMIN] 18:03:08.747924 シナリオ走行を開始しました [シナリオ名: 新規ユーザー登録]
[ADMIN] 18:03:08.789562 シナリオ走行を終了しました [シナリオ名: ログイン]
[ADMIN] 18:03:08.789576 シナリオ走行を開始しました [シナリオ名: ログイン]
[ADMIN] 18:03:08.805141 シナリオ走行を終了しました [シナリオ名: ログイン]
[ADMIN] 18:03:08.805153 シナリオ走行を開始しました [シナリオ名: ログイン]
[ADMIN] 18:03:08.819746 シナリオ走行を終了しました [シナリオ名: ログイン]
[ADMIN] 18:03:08.819756 シナリオ走行を開始しました [シナリオ名: ログイン]
[ADMIN] 18:03:08.845499 シナリオ走行を終了しました [シナリオ名: 新規ユーザー登録]
[ADMIN] 18:03:08.845519 シナリオ走行を開始しました [シナリオ名: 新規ユーザー登録]
[ADMIN] 18:03:08.864220 シナリオ走行を終了しました [シナリオ名: ログイン]
[ADMIN] 18:03:08.864233 シナリオ走行を開始しました [シナリオ名: ログイン]
[ADMIN] 18:03:08.869508 シナリオ走行を終了しました [シナリオ名: ログイン]
[ADMIN] 18:03:08.869520 シナリオ走行を開始しました [シナリオ名: ログイン]
[ADMIN] 18:03:08.875821 シナリオ走行を終了しました [シナリオ名: ログイン]
[ADMIN] 18:03:08.875829 シナリオ走行を開始しました [シナリオ名: ログイン]
[ADMIN] 18:03:08.929673 シナリオ走行を終了しました [シナリオ名: ログイン]
[ADMIN] 18:03:08.929686 シナリオ走行を開始しました [シナリオ名: ログイン]
[ADMIN] 18:03:08.929997 シナリオ走行を終了しました [シナリオ名: ログイン]
[ADMIN] 18:03:08.930008 シナリオ走行を開始しました [シナリオ名: ログイン]
[ADMIN] 18:03:08.949805 シナリオ走行を終了しました [シナリオ名: ログイン]
[ADMIN] 18:03:08.949817 シナリオ走行を開始しました [シナリオ名: ログイン]
[ADMIN] 18:03:08.950174 シナリオ走行を終了しました [シナリオ名: ログイン]
[ADMIN] 18:03:08.950186 シナリオ走行を開始しました [シナリオ名: ログイン]
[ADMIN] 18:03:08.954804 シナリオ走行を終了しました [シナリオ名: Banユーザログイン]
[ADMIN] 18:03:08.954819 シナリオ走行を開始しました [シナリオ名: Banユーザログイン]
[ADMIN] 18:03:08.961156 シナリオ走行を終了しました [シナリオ名: 新規ユーザー登録]
[ADMIN] 18:03:08.961175 シナリオ走行を開始しました [シナリオ名: 新規ユーザー登録]
[ADMIN] 18:03:08.965110 シナリオ走行を終了しました [シナリオ名: ログイン]
[ADMIN] 18:03:08.965117 シナリオ走行を開始しました [シナリオ名: ログイン]
[ADMIN] 18:03:08.969803 シナリオ走行を終了しました [シナリオ名: ログイン]
[ADMIN] 18:03:08.969811 シナリオ走行を開始しました [シナリオ名: ログイン]
[ADMIN] 18:03:08.984276 シナリオ走行を終了しました [シナリオ名: 新規ユーザー登録]
[ADMIN] 18:03:08.984299 シナリオ走行を開始しました [シナリオ名: 新規ユーザー登録]
[ADMIN] 18:03:08.986205 シナリオ走行を終了しました [シナリオ名: 新規ユーザー登録]
[ADMIN] 18:03:08.986219 シナリオ走行を開始しました [シナリオ名: 新規ユーザー登録]
[ADMIN] 18:03:08.998499 シナリオ走行を終了しました [シナリオ名: 新規ユーザー登録]
[ADMIN] 18:03:08.998515 シナリオ走行を開始しました [シナリオ名: 新規ユーザー登録]
[ADMIN] 18:03:09.002762 シナリオ走行を終了しました [シナリオ名: 新規ユーザー登録]
[ADMIN] 18:03:09.002778 シナリオ走行を開始しました [シナリオ名: 新規ユーザー登録]
[ADMIN] 18:03:09.018649 シナリオ走行を終了しました [シナリオ名: 新規ユーザー登録]
[ADMIN] 18:03:09.018671 シナリオ走行を開始しました [シナリオ名: 新規ユーザー登録]
[ADMIN] 18:03:09.024262 シナリオ走行を終了しました [シナリオ名: ログイン]
[ADMIN] 18:03:09.024275 シナリオ走行を開始しました [シナリオ名: ログイン]
[ADMIN] 18:03:09.026449 シナリオ走行を終了しました [シナリオ名: ログイン]
[ADMIN] 18:03:09.026457 シナリオ走行を開始しました [シナリオ名: ログイン]
[ADMIN] 18:03:09.026755 シナリオ走行を終了しました [シナリオ名: Banユーザログイン]
[ADMIN] 18:03:09.026766 シナリオ走行を開始しました [シナリオ名: Banユーザログイン]
[ADMIN] 18:03:09.041304 シナリオ走行を終了しました [シナリオ名: Banユーザログイン]
[ADMIN] 18:03:09.041319 シナリオ走行を開始しました [シナリオ名: Banユーザログイン]
[ADMIN] 18:03:09.049864 シナリオ走行を終了しました [シナリオ名: ログイン]
[ADMIN] 18:03:09.049874 シナリオ走行を開始しました [シナリオ名: ログイン]
[ADMIN] 18:03:09.140760 シナリオ走行を終了しました [シナリオ名: ログイン]
[ADMIN] 18:03:09.140775 シナリオ走行を開始しました [シナリオ名: ログイン]
[ADMIN] 18:03:09.149736 シナリオ走行を終了しました [シナリオ名: 新規ユーザー登録]
[ADMIN] 18:03:09.149759 シナリオ走行を開始しました [シナリオ名: 新規ユーザー登録]
[ADMIN] 18:03:09.165531 シナリオ走行を終了しました [シナリオ名: 新規ユーザー登録]
[ADMIN] 18:03:09.165554 シナリオ走行を開始しました [シナリオ名: 新規ユーザー登録]
[ADMIN] 18:03:09.205866 シナリオ走行を終了しました [シナリオ名: ログイン]
[ADMIN] 18:03:09.205879 シナリオ走行を開始しました [シナリオ名: ログイン]
[ADMIN] 18:03:09.207866 シナリオ走行を終了しました [シナリオ名: ログイン]
[ADMIN] 18:03:09.207878 シナリオ走行を開始しました [シナリオ名: ログイン]
[ADMIN] 18:03:09.208985 シナリオ走行を終了しました [シナリオ名: ログイン]
[ADMIN] 18:03:09.208994 シナリオ走行を開始しました [シナリオ名: ログイン]
[ADMIN] 18:03:09.248047 シナリオ走行を終了しました [シナリオ名: 新規ユーザー登録]
[ADMIN] 18:03:09.248072 シナリオ走行を開始しました [シナリオ名: 新規ユーザー登録]
[ADMIN] 18:03:09.258034 シナリオ走行を終了しました [シナリオ名: ログイン]
[ADMIN] 18:03:09.258045 シナリオ走行を開始しました [シナリオ名: ログイン]
[ADMIN] 18:03:09.262648 シナリオ走行を終了しました [シナリオ名: ログイン]
[ADMIN] 18:03:09.262659 シナリオ走行を開始しました [シナリオ名: ログイン]
[ADMIN] 18:03:09.282693 シナリオ走行を終了しました [シナリオ名: ログイン]
[ADMIN] 18:03:09.282705 シナリオ走行を開始しました [シナリオ名: ログイン]
[ADMIN] 18:03:09.289542 シナリオ走行を終了しました [シナリオ名: ログイン]
[ADMIN] 18:03:09.289553 シナリオ走行を開始しました [シナリオ名: ログイン]
[ADMIN] 18:03:09.302729 シナリオ走行を終了しました [シナリオ名: ログイン]
[ADMIN] 18:03:09.302743 シナリオ走行を開始しました [シナリオ名: ログイン]
[ADMIN] 18:03:09.304422 シナリオ走行を終了しました [シナリオ名: ログイン]
[ADMIN] 18:03:09.304432 シナリオ走行を開始しました [シナリオ名: ログイン]
[ADMIN] 18:03:09.316909 シナリオ走行を終了しました [シナリオ名: 新規ユーザー登録]
[ADMIN] 18:03:09.316934 シナリオ走行を開始しました [シナリオ名: 新規ユーザー登録]
[ADMIN] 18:03:09.317687 シナリオ走行を終了しました [シナリオ名: ログイン]
[ADMIN] 18:03:09.317695 シナリオ走行を開始しました [シナリオ名: ログイン]
[ADMIN] 18:03:09.324174 シナリオ走行を終了しました [シナリオ名: ログイン]
[ADMIN] 18:03:09.324182 シナリオ走行を開始しました [シナリオ名: ログイン]
[ADMIN] 18:03:09.324417 シナリオ走行を終了しました [シナリオ名: 新規ユーザー登録]
[ADMIN] 18:03:09.324433 シナリオ走行を開始しました [シナリオ名: 新規ユーザー登録]
[ADMIN] 18:03:09.347192 シナリオ走行を終了しました [シナリオ名: 新規ユーザー登録]
[ADMIN] 18:03:09.347216 シナリオ走行を開始しました [シナリオ名: 新規ユーザー登録]
[ADMIN] 18:03:09.352070 シナリオ走行を終了しました [シナリオ名: 新規ユーザー登録]
[ADMIN] 18:03:09.352087 シナリオ走行を終了しました [シナリオ名: 新規ユーザー登録]
[ADMIN] 18:03:09.352102 シナリオ走行を開始しました [シナリオ名: 新規ユーザー登録]
[ADMIN] 18:03:09.352104 シナリオ走行を開始しました [シナリオ名: 新規ユーザー登録]
[ADMIN] 18:03:09.364895 シナリオ走行を終了しました [シナリオ名: 新規ユーザー登録]
[ADMIN] 18:03:09.364913 シナリオ走行を開始しました [シナリオ名: 新規ユーザー登録]
[ADMIN] 18:03:09.412094 シナリオ走行を終了しました [シナリオ名: ログイン]
[ADMIN] 18:03:09.412108 シナリオ走行を開始しました [シナリオ名: ログイン]
[ADMIN] 18:03:09.436505 シナリオ走行を終了しました [シナリオ名: ログイン]
[ADMIN] 18:03:09.436517 シナリオ走行を開始しました [シナリオ名: ログイン]
[ADMIN] 18:03:09.453988 シナリオ走行を終了しました [シナリオ名: 新規ユーザー登録]
[ADMIN] 18:03:09.454015 シナリオ走行を開始しました [シナリオ名: 新規ユーザー登録]
[ADMIN] 18:03:09.487148 シナリオ走行を終了しました [シナリオ名: 新規ユーザー登録]
[ADMIN] 18:03:09.487175 シナリオ走行を開始しました [シナリオ名: 新規ユーザー登録]
[ADMIN] 18:03:09.495713 シナリオ走行を終了しました [シナリオ名: ログイン]
[ADMIN] 18:03:09.495726 シナリオ走行を開始しました [シナリオ名: ログイン]
[ADMIN] 18:03:09.495809 シナリオ走行を終了しました [シナリオ名: Banユーザログイン]
[ADMIN] 18:03:09.495821 シナリオ走行を開始しました [シナリオ名: Banユーザログイン]
[ADMIN] 18:03:09.540159 シナリオ走行を終了しました [シナリオ名: 新規ユーザー登録]
[ADMIN] 18:03:09.540184 シナリオ走行を開始しました [シナリオ名: 新規ユーザー登録]
[ADMIN] 18:03:09.542057 シナリオ走行を終了しました [シナリオ名: 新規ユーザー登録]
[ADMIN] 18:03:09.542072 シナリオ走行を開始しました [シナリオ名: 新規ユーザー登録]
[ADMIN] 18:03:09.545921 シナリオ走行を終了しました [シナリオ名: 新規ユーザー登録]
[ADMIN] 18:03:09.545935 シナリオ走行を開始しました [シナリオ名: 新規ユーザー登録]
[ADMIN] 18:03:09.550945 シナリオ走行を終了しました [シナリオ名: Banユーザログイン]
[ADMIN] 18:03:09.550962 シナリオ走行を開始しました [シナリオ名: Banユーザログイン]
[ADMIN] 18:03:09.551014 シナリオ走行を終了しました [シナリオ名: ログイン]
[ADMIN] 18:03:09.551025 シナリオ走行を開始しました [シナリオ名: ログイン]
[ADMIN] 18:03:09.596101 シナリオ走行を終了しました [シナリオ名: Banユーザログイン]
[ADMIN] 18:03:09.596120 シナリオ走行を開始しました [シナリオ名: Banユーザログイン]
[ADMIN] 18:03:09.627035 シナリオ走行を終了しました [シナリオ名: 新規ユーザー登録]
[ADMIN] 18:03:09.627064 シナリオ走行を開始しました [シナリオ名: 新規ユーザー登録]
[ADMIN] 18:03:09.631322 シナリオ走行を終了しました [シナリオ名: ログイン]
[ADMIN] 18:03:09.631335 シナリオ走行を開始しました [シナリオ名: ログイン]
[ADMIN] 18:03:09.635061 シナリオ走行を終了しました [シナリオ名: ログイン]
[ADMIN] 18:03:09.635072 シナリオ走行を開始しました [シナリオ名: ログイン]
[ADMIN] 18:03:09.637109 シナリオ走行を終了しました [シナリオ名: ログイン]
[ADMIN] 18:03:09.637120 シナリオ走行を開始しました [シナリオ名: ログイン]
[ADMIN] 18:03:09.637347 シナリオ走行を終了しました [シナリオ名: ログイン]
[ADMIN] 18:03:09.637360 シナリオ走行を開始しました [シナリオ名: ログイン]
[ADMIN] 18:03:09.643681 シナリオ走行を終了しました [シナリオ名: ログイン]
[ADMIN] 18:03:09.643692 シナリオ走行を開始しました [シナリオ名: ログイン]
[ADMIN] 18:03:09.655145 シナリオ走行を終了しました [シナリオ名: ログイン]
[ADMIN] 18:03:09.655156 シナリオ走行を開始しました [シナリオ名: ログイン]
[ADMIN] 18:03:09.658713 シナリオ走行を終了しました [シナリオ名: ログイン]
[ADMIN] 18:03:09.658725 シナリオ走行を開始しました [シナリオ名: ログイン]
[ADMIN] 18:03:09.664223 シナリオ走行を終了しました [シナリオ名: ログイン]
[ADMIN] 18:03:09.664234 シナリオ走行を開始しました [シナリオ名: ログイン]
[ADMIN] 18:03:09.673635 シナリオ走行を終了しました [シナリオ名: ログイン]
[ADMIN] 18:03:09.673648 シナリオ走行を開始しました [シナリオ名: ログイン]
[ADMIN] 18:03:09.677059 シナリオ走行を終了しました [シナリオ名: ログイン]
[ADMIN] 18:03:09.677080 シナリオ走行を開始しました [シナリオ名: ログイン]
[ADMIN] 18:03:09.693054 シナリオ走行を終了しました [シナリオ名: ログイン]
[ADMIN] 18:03:09.693068 シナリオ走行を開始しました [シナリオ名: ログイン]
[ADMIN] 18:03:09.704485 シナリオ走行を終了しました [シナリオ名: 新規ユーザー登録]
[ADMIN] 18:03:09.704507 シナリオ走行を開始しました [シナリオ名: 新規ユーザー登録]
[ADMIN] 18:03:09.710372 シナリオ走行を終了しました [シナリオ名: 新規ユーザー登録]
[ADMIN] 18:03:09.710390 シナリオ走行を開始しました [シナリオ名: 新規ユーザー登録]
[ADMIN] 18:03:09.720038 シナリオ走行を終了しました [シナリオ名: 新規ユーザー登録]
[ADMIN] 18:03:09.720056 シナリオ走行を開始しました [シナリオ名: 新規ユーザー登録]
[ADMIN] 18:03:09.737775 シナリオ走行を終了しました [シナリオ名: 新規ユーザー登録]
[ADMIN] 18:03:09.737842 シナリオ走行を開始しました [シナリオ名: 新規ユーザー登録]
[ADMIN] 18:03:09.797817 シナリオ走行を終了しました [シナリオ名: 新規ユーザー登録]
[ADMIN] 18:03:09.797840 シナリオ走行を開始しました [シナリオ名: 新規ユーザー登録]
[ADMIN] 18:03:09.811475 シナリオ走行を終了しました [シナリオ名: 新規ユーザー登録]
[ADMIN] 18:03:09.811500 シナリオ走行を開始しました [シナリオ名: 新規ユーザー登録]
[ADMIN] 18:03:09.836768 シナリオ走行を終了しました [シナリオ名: ログイン]
[ADMIN] 18:03:09.836781 シナリオ走行を開始しました [シナリオ名: ログイン]
[ADMIN] 18:03:09.847316 シナリオ走行を終了しました [シナリオ名: ログイン]
[ADMIN] 18:03:09.847326 シナリオ走行を開始しました [シナリオ名: ログイン]
[ADMIN] 18:03:09.899511 シナリオ走行を終了しました [シナリオ名: 新規ユーザー登録]
[ADMIN] 18:03:09.899545 シナリオ走行を開始しました [シナリオ名: 新規ユーザー登録]
[ADMIN] 18:03:09.906893 シナリオ走行を終了しました [シナリオ名: ログイン]
[ADMIN] 18:03:09.906906 シナリオ走行を開始しました [シナリオ名: ログイン]
[ADMIN] 18:03:09.919775 シナリオ走行を終了しました [シナリオ名: ログイン]
[ADMIN] 18:03:09.919788 シナリオ走行を開始しました [シナリオ名: ログイン]
[ADMIN] 18:03:09.923569 シナリオ走行を終了しました [シナリオ名: ログイン]
[ADMIN] 18:03:09.923579 シナリオ走行を開始しました [シナリオ名: ログイン]
[ADMIN] 18:03:09.935683 シナリオ走行を終了しました [シナリオ名: 新規ユーザー登録]
[ADMIN] 18:03:09.935705 シナリオ走行を開始しました [シナリオ名: 新規ユーザー登録]
[ADMIN] 18:03:09.940512 シナリオ走行を終了しました [シナリオ名: ログイン]
[ADMIN] 18:03:09.940521 シナリオ走行を開始しました [シナリオ名: ログイン]
[ADMIN] 18:03:09.962767 シナリオ走行を終了しました [シナリオ名: ログイン]
[ADMIN] 18:03:09.962779 シナリオ走行を開始しました [シナリオ名: ログイン]
[ADMIN] 18:03:09.976814 シナリオ走行を終了しました [シナリオ名: ログイン]
[ADMIN] 18:03:09.976832 シナリオ走行を開始しました [シナリオ名: ログイン]
[ADMIN] 18:03:09.985585 シナリオ走行を終了しました [シナリオ名: ログイン]
[ADMIN] 18:03:09.985598 シナリオ走行を開始しました [シナリオ名: ログイン]
[ADMIN] 18:03:09.991914 シナリオ走行を終了しました [シナリオ名: 新規ユーザー登録]
[ADMIN] 18:03:09.991941 シナリオ走行を開始しました [シナリオ名: 新規ユーザー登録]
[ADMIN] 18:03:09.997443 シナリオ走行を終了しました [シナリオ名: 新規ユーザー登録]
[ADMIN] 18:03:09.997461 シナリオ走行を開始しました [シナリオ名: 新規ユーザー登録]
[ADMIN] 18:03:10.000132 シナリオ走行を終了しました [シナリオ名: ログイン]
[ADMIN] 18:03:10.000139 シナリオ走行を開始しました [シナリオ名: ログイン]
[ADMIN] 18:03:10.011184 シナリオ走行を終了しました [シナリオ名: 新規ユーザー登録]
[ADMIN] 18:03:10.011204 シナリオ走行を開始しました [シナリオ名: 新規ユーザー登録]
[ADMIN] 18:03:10.027003 シナリオ走行を終了しました [シナリオ名: Banユーザログイン]
[ADMIN] 18:03:10.027018 シナリオ走行を開始しました [シナリオ名: Banユーザログイン]
[ADMIN] 18:03:10.032674 シナリオ走行を終了しました [シナリオ名: ログイン]
[ADMIN] 18:03:10.032684 シナリオ走行を開始しました [シナリオ名: ログイン]
[ADMIN] 18:03:10.115819 シナリオ走行を終了しました [シナリオ名: Banユーザログイン]
[ADMIN] 18:03:10.115844 シナリオ走行を開始しました [シナリオ名: Banユーザログイン]
[ADMIN] 18:03:10.129001 シナリオ走行を終了しました [シナリオ名: Banユーザログイン]
[ADMIN] 18:03:10.129018 シナリオ走行を開始しました [シナリオ名: Banユーザログイン]
[ADMIN] 18:03:10.156431 シナリオ走行を終了しました [シナリオ名: 新規ユーザー登録]
[ADMIN] 18:03:10.156454 シナリオ走行を開始しました [シナリオ名: 新規ユーザー登録]
[ADMIN] 18:03:10.183308 シナリオ走行を終了しました [シナリオ名: 新規ユーザー登録]
[ADMIN] 18:03:10.183332 シナリオ走行を開始しました [シナリオ名: 新規ユーザー登録]
[ADMIN] 18:03:10.200826 シナリオ走行を終了しました [シナリオ名: ログイン]
[ADMIN] 18:03:10.200837 シナリオ走行を開始しました [シナリオ名: ログイン]
[ADMIN] 18:03:10.203336 シナリオ走行を終了しました [シナリオ名: ログイン]
[ADMIN] 18:03:10.203347 シナリオ走行を開始しました [シナリオ名: ログイン]
[ADMIN] 18:03:10.214274 シナリオ走行を終了しました [シナリオ名: 新規ユーザー登録]
[ADMIN] 18:03:10.214297 シナリオ走行を開始しました [シナリオ名: 新規ユーザー登録]
[ADMIN] 18:03:10.217536 シナリオ走行を終了しました [シナリオ名: ログイン]
[ADMIN] 18:03:10.217545 シナリオ走行を開始しました [シナリオ名: ログイン]
[ADMIN] 18:03:10.218222 シナリオ走行を終了しました [シナリオ名: ログイン]
[ADMIN] 18:03:10.218232 シナリオ走行を開始しました [シナリオ名: ログイン]
[ADMIN] 18:03:10.222385 シナリオ走行を終了しました [シナリオ名: ログイン]
[ADMIN] 18:03:10.222395 シナリオ走行を開始しました [シナリオ名: ログイン]
[ADMIN] 18:03:10.231348 シナリオ走行を終了しました [シナリオ名: 新規ユーザー登録]
[ADMIN] 18:03:10.231373 シナリオ走行を開始しました [シナリオ名: 新規ユーザー登録]
[ADMIN] 18:03:10.244837 シナリオ走行を終了しました [シナリオ名: ログイン]
[ADMIN] 18:03:10.244846 シナリオ走行を開始しました [シナリオ名: ログイン]
[ADMIN] 18:03:10.260638 シナリオ走行を終了しました [シナリオ名: ログイン]
[ADMIN] 18:03:10.260649 シナリオ走行を開始しました [シナリオ名: ログイン]
[ADMIN] 18:03:10.281392 シナリオ走行を終了しました [シナリオ名: ログイン]
[ADMIN] 18:03:10.281402 シナリオ走行を開始しました [シナリオ名: ログイン]
[ADMIN] 18:03:10.281560 シナリオ走行を終了しました [シナリオ名: ログイン]
[ADMIN] 18:03:10.281570 シナリオ走行を開始しました [シナリオ名: ログイン]
[ADMIN] 18:03:10.299507 シナリオ走行を終了しました [シナリオ名: ログイン]
[ADMIN] 18:03:10.299517 シナリオ走行を開始しました [シナリオ名: ログイン]
[ADMIN] 18:03:10.306992 シナリオ走行を終了しました [シナリオ名: 新規ユーザー登録]
[ADMIN] 18:03:10.307009 シナリオ走行を開始しました [シナリオ名: 新規ユーザー登録]
[ADMIN] 18:03:10.330637 シナリオ走行を終了しました [シナリオ名: ログイン]
[ADMIN] 18:03:10.330649 シナリオ走行を開始しました [シナリオ名: ログイン]
[ADMIN] 18:03:10.333226 シナリオ走行を終了しました [シナリオ名: ログイン]
[ADMIN] 18:03:10.333235 シナリオ走行を開始しました [シナリオ名: ログイン]
[ADMIN] 18:03:10.360590 シナリオ走行を終了しました [シナリオ名: 新規ユーザー登録]
[ADMIN] 18:03:10.360615 シナリオ走行を開始しました [シナリオ名: 新規ユーザー登録]
[ADMIN] 18:03:10.381120 シナリオ走行を終了しました [シナリオ名: 新規ユーザー登録]
[ADMIN] 18:03:10.381137 シナリオ走行を開始しました [シナリオ名: 新規ユーザー登録]
[ADMIN] 18:03:10.400400 シナリオ走行を終了しました [シナリオ名: 新規ユーザー登録]
[ADMIN] 18:03:10.400419 シナリオ走行を開始しました [シナリオ名: 新規ユーザー登録]
[ADMIN] 18:03:10.405931 シナリオ走行を終了しました [シナリオ名: 新規ユーザー登録]
[ADMIN] 18:03:10.405946 シナリオ走行を開始しました [シナリオ名: 新規ユーザー登録]
[ADMIN] 18:03:10.445758 シナリオ走行を終了しました [シナリオ名: ログイン]
[ADMIN] 18:03:10.445768 シナリオ走行を開始しました [シナリオ名: ログイン]
[ADMIN] 18:03:10.472720 シナリオ走行を終了しました [シナリオ名: 新規ユーザー登録]
[ADMIN] 18:03:10.472740 シナリオ走行を開始しました [シナリオ名: 新規ユーザー登録]
[ADMIN] 18:03:10.486477 シナリオ走行を終了しました [シナリオ名: ログイン]
[ADMIN] 18:03:10.486488 シナリオ走行を開始しました [シナリオ名: ログイン]
[ADMIN] 18:03:10.491789 シナリオ走行を終了しました [シナリオ名: ログイン]
[ADMIN] 18:03:10.491800 シナリオ走行を開始しました [シナリオ名: ログイン]
[ADMIN] 18:03:10.531707 シナリオ走行を終了しました [シナリオ名: 新規ユーザー登録]
[ADMIN] 18:03:10.531728 シナリオ走行を開始しました [シナリオ名: 新規ユーザー登録]
[ADMIN] 18:03:10.544272 シナリオ走行を終了しました [シナリオ名: ログイン]
[ADMIN] 18:03:10.544284 シナリオ走行を開始しました [シナリオ名: ログイン]
[ADMIN] 18:03:10.551543 シナリオ走行を終了しました [シナリオ名: ログイン]
[ADMIN] 18:03:10.551553 シナリオ走行を開始しました [シナリオ名: ログイン]
[ADMIN] 18:03:10.562176 シナリオ走行を終了しました [シナリオ名: ログイン]
[ADMIN] 18:03:10.562191 シナリオ走行を開始しました [シナリオ名: ログイン]
[ADMIN] 18:03:10.564795 シナリオ走行を終了しました [シナリオ名: Banユーザログイン]
[ADMIN] 18:03:10.564809 シナリオ走行を開始しました [シナリオ名: Banユーザログイン]
[ADMIN] 18:03:10.570456 シナリオ走行を終了しました [シナリオ名: ログイン]
[ADMIN] 18:03:10.570466 シナリオ走行を開始しました [シナリオ名: ログイン]
[ADMIN] 18:03:10.570646 シナリオ走行を終了しました [シナリオ名: 新規ユーザー登録]
[ADMIN] 18:03:10.570666 シナリオ走行を開始しました [シナリオ名: 新規ユーザー登録]
[ADMIN] 18:03:10.578415 シナリオ走行を終了しました [シナリオ名: ログイン]
[ADMIN] 18:03:10.578427 シナリオ走行を開始しました [シナリオ名: ログイン]
[ADMIN] 18:03:10.578912 シナリオ走行を終了しました [シナリオ名: ログイン]
[ADMIN] 18:03:10.578922 シナリオ走行を開始しました [シナリオ名: ログイン]
[ADMIN] 18:03:10.588357 シナリオ走行を終了しました [シナリオ名: ログイン]
[ADMIN] 18:03:10.588365 シナリオ走行を開始しました [シナリオ名: ログイン]
[ADMIN] 18:03:10.594948 シナリオ走行を終了しました [シナリオ名: 新規ユーザー登録]
[ADMIN] 18:03:10.595008 シナリオ走行を開始しました [シナリオ名: 新規ユーザー登録]
[ADMIN] 18:03:10.595023 シナリオ走行を終了しました [シナリオ名: ログイン]
[ADMIN] 18:03:10.595034 シナリオ走行を開始しました [シナリオ名: ログイン]
[ADMIN] 18:03:10.594988 シナリオ走行を終了しました [シナリオ名: ログイン]
[ADMIN] 18:03:10.595042 シナリオ走行を開始しました [シナリオ名: ログイン]
[ADMIN] 18:03:10.615819 シナリオ走行を終了しました [シナリオ名: 新規ユーザー登録]
[ADMIN] 18:03:10.615837 シナリオ走行を開始しました [シナリオ名: 新規ユーザー登録]
[ADMIN] 18:03:10.619886 シナリオ走行を終了しました [シナリオ名: Banユーザログイン]
[ADMIN] 18:03:10.619896 シナリオ走行を開始しました [シナリオ名: Banユーザログイン]
[ADMIN] 18:03:10.627536 シナリオ走行を終了しました [シナリオ名: ログイン]
[ADMIN] 18:03:10.627547 シナリオ走行を開始しました [シナリオ名: ログイン]
[ADMIN] 18:03:10.632982 シナリオ走行を終了しました [シナリオ名: Banユーザログイン]
[ADMIN] 18:03:10.632992 シナリオ走行を開始しました [シナリオ名: Banユーザログイン]
[ADMIN] 18:03:10.664689 シナリオ走行を終了しました [シナリオ名: 新規ユーザー登録]
[ADMIN] 18:03:10.664714 シナリオ走行を開始しました [シナリオ名: 新規ユーザー登録]
[ADMIN] 18:03:10.693460 シナリオ走行を終了しました [シナリオ名: 新規ユーザー登録]
[ADMIN] 18:03:10.693483 シナリオ走行を開始しました [シナリオ名: 新規ユーザー登録]
[ADMIN] 18:03:10.724541 シナリオ走行を終了しました [シナリオ名: ログイン]
[ADMIN] 18:03:10.724555 シナリオ走行を開始しました [シナリオ名: ログイン]
[ADMIN] 18:03:10.727329 シナリオ走行を終了しました [シナリオ名: ログイン]
[ADMIN] 18:03:10.727340 シナリオ走行を開始しました [シナリオ名: ログイン]
[ADMIN] 18:03:10.737973 シナリオ走行を終了しました [シナリオ名: 新規ユーザー登録]
[ADMIN] 18:03:10.737990 シナリオ走行を開始しました [シナリオ名: 新規ユーザー登録]
[ADMIN] 18:03:10.764324 シナリオ走行を終了しました [シナリオ名: 新規ユーザー登録]
[ADMIN] 18:03:10.764342 シナリオ走行を開始しました [シナリオ名: 新規ユーザー登録]
[ADMIN] 18:03:10.771685 シナリオ走行を終了しました [シナリオ名: 新規ユーザー登録]
[ADMIN] 18:03:10.771700 シナリオ走行を開始しました [シナリオ名: 新規ユーザー登録]
[ADMIN] 18:03:10.821636 シナリオ走行を終了しました [シナリオ名: ログイン]
[ADMIN] 18:03:10.821651 シナリオ走行を開始しました [シナリオ名: ログイン]
[ADMIN] 18:03:10.823651 シナリオ走行を終了しました [シナリオ名: ログイン]
[ADMIN] 18:03:10.823661 シナリオ走行を開始しました [シナリオ名: ログイン]
[ADMIN] 18:03:10.828451 シナリオ走行を終了しました [シナリオ名: ログイン]
[ADMIN] 18:03:10.828460 シナリオ走行を開始しました [シナリオ名: ログイン]
[ADMIN] 18:03:10.843934 シナリオ走行を終了しました [シナリオ名: ログイン]
[ADMIN] 18:03:10.843943 シナリオ走行を開始しました [シナリオ名: ログイン]
[ADMIN] 18:03:10.846157 シナリオ走行を終了しました [シナリオ名: ログイン]
[ADMIN] 18:03:10.846165 シナリオ走行を開始しました [シナリオ名: ログイン]
[ADMIN] 18:03:10.864128 シナリオ走行を終了しました [シナリオ名: ログイン]
[ADMIN] 18:03:10.864136 シナリオ走行を開始しました [シナリオ名: ログイン]
[ADMIN] 18:03:10.866866 シナリオ走行を終了しました [シナリオ名: ログイン]
[ADMIN] 18:03:10.866876 シナリオ走行を開始しました [シナリオ名: ログイン]
[ADMIN] 18:03:10.923420 シナリオ走行を終了しました [シナリオ名: 新規ユーザー登録]
[ADMIN] 18:03:10.923447 シナリオ走行を開始しました [シナリオ名: 新規ユーザー登録]
[ADMIN] 18:03:10.927802 シナリオ走行を終了しました [シナリオ名: ログイン]
[ADMIN] 18:03:10.927811 シナリオ走行を開始しました [シナリオ名: ログイン]
[ADMIN] 18:03:10.928636 シナリオ走行を終了しました [シナリオ名: 新規ユーザー登録]
[ADMIN] 18:03:10.928657 シナリオ走行を開始しました [シナリオ名: 新規ユーザー登録]
[ADMIN] 18:03:10.933241 シナリオ走行を終了しました [シナリオ名: 新規ユーザー登録]
[ADMIN] 18:03:10.933259 シナリオ走行を開始しました [シナリオ名: 新規ユーザー登録]
[ADMIN] 18:03:10.942414 シナリオ走行を終了しました [シナリオ名: ログイン]
[ADMIN] 18:03:10.942424 シナリオ走行を開始しました [シナリオ名: ログイン]
[ADMIN] 18:03:10.955546 シナリオ走行を終了しました [シナリオ名: 新規ユーザー登録]
[ADMIN] 18:03:10.955564 シナリオ走行を開始しました [シナリオ名: 新規ユーザー登録]
[ADMIN] 18:03:10.967037 シナリオ走行を終了しました [シナリオ名: ログイン]
[ADMIN] 18:03:10.967050 シナリオ走行を開始しました [シナリオ名: ログイン]
[ADMIN] 18:03:10.969916 シナリオ走行を終了しました [シナリオ名: 新規ユーザー登録]
[ADMIN] 18:03:10.969952 シナリオ走行を開始しました [シナリオ名: 新規ユーザー登録]
[ADMIN] 18:03:10.976608 シナリオ走行を終了しました [シナリオ名: ログイン]
[ADMIN] 18:03:10.976621 シナリオ走行を開始しました [シナリオ名: ログイン]
[ADMIN] 18:03:11.032193 シナリオ走行を終了しました [シナリオ名: ログイン]
[ADMIN] 18:03:11.032218 シナリオ走行を開始しました [シナリオ名: ログイン]
[ADMIN] 18:03:11.060629 シナリオ走行を終了しました [シナリオ名: ログイン]
[ADMIN] 18:03:11.060642 シナリオ走行を開始しました [シナリオ名: ログイン]
[ADMIN] 18:03:11.085410 シナリオ走行を終了しました [シナリオ名: 新規ユーザー登録]
[ADMIN] 18:03:11.085498 シナリオ走行を開始しました [シナリオ名: 新規ユーザー登録]
[ADMIN] 18:03:11.094032 シナリオ走行を終了しました [シナリオ名: 新規ユーザー登録]
[ADMIN] 18:03:11.094063 シナリオ走行を開始しました [シナリオ名: 新規ユーザー登録]
[ADMIN] 18:03:11.102002 シナリオ走行を終了しました [シナリオ名: Banユーザログイン]
[ADMIN] 18:03:11.102016 シナリオ走行を開始しました [シナリオ名: Banユーザログイン]
[ADMIN] 18:03:11.109230 シナリオ走行を終了しました [シナリオ名: ログイン]
[ADMIN] 18:03:11.109241 シナリオ走行を開始しました [シナリオ名: ログイン]
[ADMIN] 18:03:11.112751 シナリオ走行を終了しました [シナリオ名: 新規ユーザー登録]
[ADMIN] 18:03:11.112766 シナリオ走行を開始しました [シナリオ名: 新規ユーザー登録]
[ADMIN] 18:03:11.117984 シナリオ走行を終了しました [シナリオ名: ログイン]
[ADMIN] 18:03:11.117994 シナリオ走行を開始しました [シナリオ名: ログイン]
[ADMIN] 18:03:11.119408 シナリオ走行を終了しました [シナリオ名: ログイン]
[ADMIN] 18:03:11.119417 シナリオ走行を開始しました [シナリオ名: ログイン]
[ADMIN] 18:03:11.134978 シナリオ走行を終了しました [シナリオ名: ログイン]
[ADMIN] 18:03:11.134986 シナリオ走行を開始しました [シナリオ名: ログイン]
[ADMIN] 18:03:11.145547 シナリオ走行を終了しました [シナリオ名: ログイン]
[ADMIN] 18:03:11.145555 シナリオ走行を開始しました [シナリオ名: ログイン]
[ADMIN] 18:03:11.149239 シナリオ走行を終了しました [シナリオ名: 新規ユーザー登録]
[ADMIN] 18:03:11.149255 シナリオ走行を開始しました [シナリオ名: 新規ユーザー登録]
[ADMIN] 18:03:11.162855 シナリオ走行を終了しました [シナリオ名: ログイン]
[ADMIN] 18:03:11.162864 シナリオ走行を開始しました [シナリオ名: ログイン]
[ADMIN] 18:03:11.179693 シナリオ走行を終了しました [シナリオ名: Banユーザログイン]
[ADMIN] 18:03:11.179739 シナリオ走行を開始しました [シナリオ名: Banユーザログイン]
[ADMIN] 18:03:11.185147 シナリオ走行を終了しました [シナリオ名: ログイン]
[ADMIN] 18:03:11.185160 シナリオ走行を開始しました [シナリオ名: ログイン]
[ADMIN] 18:03:11.188758 シナリオ走行を終了しました [シナリオ名: Banユーザログイン]
[ADMIN] 18:03:11.188770 シナリオ走行を開始しました [シナリオ名: Banユーザログイン]
[ADMIN] 18:03:11.239836 シナリオ走行を終了しました [シナリオ名: ログイン]
[ADMIN] 18:03:11.239849 シナリオ走行を開始しました [シナリオ名: ログイン]
[ADMIN] 18:03:11.247174 シナリオ走行を終了しました [シナリオ名: ログイン]
[ADMIN] 18:03:11.247187 シナリオ走行を開始しました [シナリオ名: ログイン]
[ADMIN] 18:03:11.262543 シナリオ走行を終了しました [シナリオ名: ログイン]
[ADMIN] 18:03:11.262559 シナリオ走行を開始しました [シナリオ名: ログイン]
[ADMIN] 18:03:11.272412 シナリオ走行を終了しました [シナリオ名: 新規ユーザー登録]
[ADMIN] 18:03:11.272438 シナリオ走行を開始しました [シナリオ名: 新規ユーザー登録]
[ADMIN] 18:03:11.278739 シナリオ走行を終了しました [シナリオ名: 新規ユーザー登録]
[ADMIN] 18:03:11.278768 シナリオ走行を開始しました [シナリオ名: 新規ユーザー登録]
[ADMIN] 18:03:11.302555 シナリオ走行を終了しました [シナリオ名: 新規ユーザー登録]
[ADMIN] 18:03:11.302576 シナリオ走行を開始しました [シナリオ名: 新規ユーザー登録]
[ADMIN] 18:03:11.305713 シナリオ走行を終了しました [シナリオ名: 新規ユーザー登録]
[ADMIN] 18:03:11.305732 シナリオ走行を開始しました [シナリオ名: 新規ユーザー登録]
[ADMIN] 18:03:11.324017 シナリオ走行を終了しました [シナリオ名: 新規ユーザー登録]
[ADMIN] 18:03:11.324034 シナリオ走行を開始しました [シナリオ名: 新規ユーザー登録]
[ADMIN] 18:03:11.325559 シナリオ走行を終了しました [シナリオ名: ログイン]
[ADMIN] 18:03:11.325570 シナリオ走行を開始しました [シナリオ名: ログイン]
[ADMIN] 18:03:11.327723 シナリオ走行を終了しました [シナリオ名: ログイン]
[ADMIN] 18:03:11.327736 シナリオ走行を開始しました [シナリオ名: ログイン]
[ADMIN] 18:03:11.354312 シナリオ走行を終了しました [シナリオ名: ログイン]
[ADMIN] 18:03:11.354320 シナリオ走行を開始しました [シナリオ名: ログイン]
[ADMIN] 18:03:11.385854 シナリオ走行を終了しました [シナリオ名: ログイン]
[ADMIN] 18:03:11.385866 シナリオ走行を開始しました [シナリオ名: ログイン]
[ADMIN] 18:03:11.398581 シナリオ走行を終了しました [シナリオ名: ログイン]
[ADMIN] 18:03:11.398593 シナリオ走行を開始しました [シナリオ名: ログイン]
[ADMIN] 18:03:11.413795 シナリオ走行を終了しました [シナリオ名: ログイン]
[ADMIN] 18:03:11.413813 シナリオ走行を開始しました [シナリオ名: ログイン]
[ADMIN] 18:03:11.422673 シナリオ走行を終了しました [シナリオ名: ログイン]
[ADMIN] 18:03:11.422687 シナリオ走行を開始しました [シナリオ名: ログイン]
[ADMIN] 18:03:11.438679 シナリオ走行を終了しました [シナリオ名: ログイン]
[ADMIN] 18:03:11.438691 シナリオ走行を開始しました [シナリオ名: ログイン]
[ADMIN] 18:03:11.455797 シナリオ走行を終了しました [シナリオ名: 新規ユーザー登録]
[ADMIN] 18:03:11.455817 シナリオ走行を開始しました [シナリオ名: 新規ユーザー登録]
[ADMIN] 18:03:11.472226 シナリオ走行を終了しました [シナリオ名: 新規ユーザー登録]
[ADMIN] 18:03:11.472248 シナリオ走行を開始しました [シナリオ名: 新規ユーザー登録]
[ADMIN] 18:03:11.475945 シナリオ走行を終了しました [シナリオ名: ログイン]
[ADMIN] 18:03:11.475956 シナリオ走行を開始しました [シナリオ名: ログイン]
[ADMIN] 18:03:11.480376 シナリオ走行を終了しました [シナリオ名: 新規ユーザー登録]
[ADMIN] 18:03:11.480394 シナリオ走行を開始しました [シナリオ名: 新規ユーザー登録]
[ADMIN] 18:03:11.491208 シナリオ走行を終了しました [シナリオ名: ログイン]
[ADMIN] 18:03:11.491219 シナリオ走行を開始しました [シナリオ名: ログイン]
[ADMIN] 18:03:11.500342 シナリオ走行を終了しました [シナリオ名: ログイン]
[ADMIN] 18:03:11.500352 シナリオ走行を開始しました [シナリオ名: ログイン]
[ADMIN] 18:03:11.516304 シナリオ走行を終了しました [シナリオ名: 新規ユーザー登録]
[ADMIN] 18:03:11.516325 シナリオ走行を開始しました [シナリオ名: 新規ユーザー登録]
[ADMIN] 18:03:11.537632 シナリオ走行を終了しました [シナリオ名: ログイン]
[ADMIN] 18:03:11.537643 シナリオ走行を開始しました [シナリオ名: ログイン]
[ADMIN] 18:03:11.555293 シナリオ走行を終了しました [シナリオ名: 新規ユーザー登録]
[ADMIN] 18:03:11.555316 シナリオ走行を開始しました [シナリオ名: 新規ユーザー登録]
[ADMIN] 18:03:11.578325 シナリオ走行を終了しました [シナリオ名: ログイン]
[ADMIN] 18:03:11.578339 シナリオ走行を開始しました [シナリオ名: ログイン]
[ADMIN] 18:03:11.584133 シナリオ走行を終了しました [シナリオ名: ログイン]
[ADMIN] 18:03:11.584146 シナリオ走行を開始しました [シナリオ名: ログイン]
[ADMIN] 18:03:11.588963 シナリオ走行を終了しました [シナリオ名: ログイン]
[ADMIN] 18:03:11.588972 シナリオ走行を開始しました [シナリオ名: ログイン]
[ADMIN] 18:03:11.607786 シナリオ走行を終了しました [シナリオ名: 新規ユーザー登録]
[ADMIN] 18:03:11.607808 シナリオ走行を開始しました [シナリオ名: 新規ユーザー登録]
[ADMIN] 18:03:11.623459 シナリオ走行を終了しました [シナリオ名: 新規ユーザー登録]
[ADMIN] 18:03:11.623482 シナリオ走行を開始しました [シナリオ名: 新規ユーザー登録]
[ADMIN] 18:03:11.642488 シナリオ走行を終了しました [シナリオ名: Banユーザログイン]
[ADMIN] 18:03:11.642499 シナリオ走行を開始しました [シナリオ名: Banユーザログイン]
[ADMIN] 18:03:11.648166 シナリオ走行を終了しました [シナリオ名: ログイン]
[ADMIN] 18:03:11.648176 シナリオ走行を開始しました [シナリオ名: ログイン]
[ADMIN] 18:03:11.661875 シナリオ走行を終了しました [シナリオ名: 新規ユーザー登録]
[ADMIN] 18:03:11.661895 シナリオ走行を開始しました [シナリオ名: 新規ユーザー登録]
[ADMIN] 18:03:11.663074 シナリオ走行を終了しました [シナリオ名: 新規ユーザー登録]
[ADMIN] 18:03:11.663089 シナリオ走行を開始しました [シナリオ名: 新規ユーザー登録]
[ADMIN] 18:03:11.679020 シナリオ走行を終了しました [シナリオ名: ログイン]
[ADMIN] 18:03:11.679030 シナリオ走行を開始しました [シナリオ名: ログイン]
[ADMIN] 18:03:11.694805 シナリオ走行を終了しました [シナリオ名: ログイン]
[ADMIN] 18:03:11.694815 シナリオ走行を開始しました [シナリオ名: ログイン]
[ADMIN] 18:03:11.709039 シナリオ走行を終了しました [シナリオ名: ログイン]
[ADMIN] 18:03:11.709049 シナリオ走行を開始しました [シナリオ名: ログイン]
[ADMIN] 18:03:11.737674 シナリオ走行を終了しました [シナリオ名: ログイン]
[ADMIN] 18:03:11.737688 シナリオ走行を開始しました [シナリオ名: ログイン]
[ADMIN] 18:03:11.739477 シナリオ走行を終了しました [シナリオ名: Banユーザログイン]
[ADMIN] 18:03:11.739491 シナリオ走行を開始しました [シナリオ名: Banユーザログイン]
[ADMIN] 18:03:11.749086 シナリオ走行を終了しました [シナリオ名: Banユーザログイン]
[ADMIN] 18:03:11.749095 シナリオ走行を開始しました [シナリオ名: Banユーザログイン]
[ADMIN] 18:03:11.749167 シナリオ走行を終了しました [シナリオ名: ログイン]
[ADMIN] 18:03:11.749177 シナリオ走行を開始しました [シナリオ名: ログイン]
[ADMIN] 18:03:11.749408 シナリオ走行を終了しました [シナリオ名: ログイン]
[ADMIN] 18:03:11.749417 シナリオ走行を開始しました [シナリオ名: ログイン]
[ADMIN] 18:03:11.757454 シナリオ走行を終了しました [シナリオ名: ログイン]
[ADMIN] 18:03:11.757465 シナリオ走行を開始しました [シナリオ名: ログイン]
[ADMIN] 18:03:11.806378 シナリオ走行を終了しました [シナリオ名: ログイン]
[ADMIN] 18:03:11.806390 シナリオ走行を開始しました [シナリオ名: ログイン]
[ADMIN] 18:03:11.832135 シナリオ走行を終了しました [シナリオ名: 新規ユーザー登録]
[ADMIN] 18:03:11.832158 シナリオ走行を終了しました [シナリオ名: ログイン]
[ADMIN] 18:03:11.832165 シナリオ走行を開始しました [シナリオ名: ログイン]
[ADMIN] 18:03:11.832168 シナリオ走行を開始しました [シナリオ名: 新規ユーザー登録]
[ADMIN] 18:03:11.846771 シナリオ走行を終了しました [シナリオ名: 新規ユーザー登録]
[ADMIN] 18:03:11.846791 シナリオ走行を開始しました [シナリオ名: 新規ユーザー登録]
[ADMIN] 18:03:11.858271 シナリオ走行を終了しました [シナリオ名: ログイン]
[ADMIN] 18:03:11.858281 シナリオ走行を開始しました [シナリオ名: ログイン]
[ADMIN] 18:03:11.860812 シナリオ走行を終了しました [シナリオ名: ログイン]
[ADMIN] 18:03:11.860823 シナリオ走行を開始しました [シナリオ名: ログイン]
[ADMIN] 18:03:11.867880 シナリオ走行を終了しました [シナリオ名: 新規ユーザー登録]
[ADMIN] 18:03:11.867902 シナリオ走行を開始しました [シナリオ名: 新規ユーザー登録]
[ADMIN] 18:03:11.869848 シナリオ走行を終了しました [シナリオ名: 新規ユーザー登録]
[ADMIN] 18:03:11.869865 シナリオ走行を開始しました [シナリオ名: 新規ユーザー登録]
[ADMIN] 18:03:11.871450 シナリオ走行を終了しました [シナリオ名: 新規ユーザー登録]
[ADMIN] 18:03:11.871464 シナリオ走行を開始しました [シナリオ名: 新規ユーザー登録]
[ADMIN] 18:03:11.877686 シナリオ走行を終了しました [シナリオ名: 新規ユーザー登録]
[ADMIN] 18:03:11.877715 シナリオ走行を開始しました [シナリオ名: 新規ユーザー登録]
[ADMIN] 18:03:11.911352 シナリオ走行を終了しました [シナリオ名: ログイン]
[ADMIN] 18:03:11.911366 シナリオ走行を開始しました [シナリオ名: ログイン]
[ADMIN] 18:03:11.915263 シナリオ走行を終了しました [シナリオ名: 新規ユーザー登録]
[ADMIN] 18:03:11.915282 シナリオ走行を開始しました [シナリオ名: 新規ユーザー登録]
[ADMIN] 18:03:11.922187 シナリオ走行を終了しました [シナリオ名: ログイン]
[ADMIN] 18:03:11.922197 シナリオ走行を開始しました [シナリオ名: ログイン]
[ADMIN] 18:03:11.931394 シナリオ走行を終了しました [シナリオ名: ログイン]
[ADMIN] 18:03:11.931406 シナリオ走行を開始しました [シナリオ名: ログイン]
[ADMIN] 18:03:12.006521 シナリオ走行を終了しました [シナリオ名: ログイン]
[ADMIN] 18:03:12.006536 シナリオ走行を開始しました [シナリオ名: ログイン]
[ADMIN] 18:03:12.023946 シナリオ走行を終了しました [シナリオ名: 新規ユーザー登録]
[ADMIN] 18:03:12.023979 シナリオ走行を開始しました [シナリオ名: 新規ユーザー登録]
[ADMIN] 18:03:12.027907 シナリオ走行を終了しました [シナリオ名: ログイン]
[ADMIN] 18:03:12.027920 シナリオ走行を開始しました [シナリオ名: ログイン]
[ADMIN] 18:03:12.039023 シナリオ走行を終了しました [シナリオ名: 新規ユーザー登録]
[ADMIN] 18:03:12.039050 シナリオ走行を開始しました [シナリオ名: 新規ユーザー登録]
[ADMIN] 18:03:12.072197 シナリオ走行を終了しました [シナリオ名: ログイン]
[ADMIN] 18:03:12.072212 シナリオ走行を開始しました [シナリオ名: ログイン]
[ADMIN] 18:03:12.097060 シナリオ走行を終了しました [シナリオ名: ログイン]
[ADMIN] 18:03:12.097073 シナリオ走行を開始しました [シナリオ名: ログイン]
[ADMIN] 18:03:12.098123 シナリオ走行を終了しました [シナリオ名: ログイン]
[ADMIN] 18:03:12.098132 シナリオ走行を開始しました [シナリオ名: ログイン]
[ADMIN] 18:03:12.126870 シナリオ走行を終了しました [シナリオ名: ログイン]
[ADMIN] 18:03:12.126883 シナリオ走行を開始しました [シナリオ名: ログイン]
[ADMIN] 18:03:12.187642 シナリオ走行を終了しました [シナリオ名: 新規ユーザー登録]
[ADMIN] 18:03:12.187669 シナリオ走行を開始しました [シナリオ名: 新規ユーザー登録]
[ADMIN] 18:03:12.189090 シナリオ走行を終了しました [シナリオ名: Banユーザログイン]
[ADMIN] 18:03:12.189105 シナリオ走行を開始しました [シナリオ名: Banユーザログイン]
[ADMIN] 18:03:12.224006 シナリオ走行を終了しました [シナリオ名: ログイン]
[ADMIN] 18:03:12.224018 シナリオ走行を開始しました [シナリオ名: ログイン]
[ADMIN] 18:03:12.240720 シナリオ走行を終了しました [シナリオ名: 新規ユーザー登録]
[ADMIN] 18:03:12.240742 シナリオ走行を開始しました [シナリオ名: 新規ユーザー登録]
[ADMIN] 18:03:12.241837 シナリオ走行を終了しました [シナリオ名: ログイン]
[ADMIN] 18:03:12.241862 シナリオ走行を開始しました [シナリオ名: ログイン]
[ADMIN] 18:03:12.241939 シナリオ走行を終了しました [シナリオ名: ログイン]
[ADMIN] 18:03:12.241950 シナリオ走行を開始しました [シナリオ名: ログイン]
[ADMIN] 18:03:12.243977 シナリオ走行を終了しました [シナリオ名: ログイン]
[ADMIN] 18:03:12.243986 シナリオ走行を開始しました [シナリオ名: ログイン]
[ADMIN] 18:03:12.245592 シナリオ走行を終了しました [シナリオ名: 新規ユーザー登録]
[ADMIN] 18:03:12.245611 シナリオ走行を開始しました [シナリオ名: 新規ユーザー登録]
[ADMIN] 18:03:12.249126 シナリオ走行を終了しました [シナリオ名: ログイン]
[ADMIN] 18:03:12.249134 シナリオ走行を開始しました [シナリオ名: ログイン]
[ADMIN] 18:03:12.260100 シナリオ走行を終了しました [シナリオ名: ログイン]
[ADMIN] 18:03:12.260118 シナリオ走行を開始しました [シナリオ名: ログイン]
[ADMIN] 18:03:12.260454 シナリオ走行を終了しました [シナリオ名: ログイン]
[ADMIN] 18:03:12.260464 シナリオ走行を開始しました [シナリオ名: ログイン]
[ADMIN] 18:03:12.263274 シナリオ走行を終了しました [シナリオ名: 新規ユーザー登録]
[ADMIN] 18:03:12.263290 シナリオ走行を開始しました [シナリオ名: 新規ユーザー登録]
[ADMIN] 18:03:12.280483 シナリオ走行を終了しました [シナリオ名: 新規ユーザー登録]
[ADMIN] 18:03:12.280505 シナリオ走行を開始しました [シナリオ名: 新規ユーザー登録]
[ADMIN] 18:03:12.302640 シナリオ走行を終了しました [シナリオ名: Banユーザログイン]
[ADMIN] 18:03:12.302655 シナリオ走行を開始しました [シナリオ名: Banユーザログイン]
[ADMIN] 18:03:12.317488 シナリオ走行を終了しました [シナリオ名: ログイン]
[ADMIN] 18:03:12.317497 シナリオ走行を開始しました [シナリオ名: ログイン]
[ADMIN] 18:03:12.318543 シナリオ走行を終了しました [シナリオ名: Banユーザログイン]
[ADMIN] 18:03:12.318558 シナリオ走行を開始しました [シナリオ名: Banユーザログイン]
[ADMIN] 18:03:12.320000 シナリオ走行を終了しました [シナリオ名: 新規ユーザー登録]
[ADMIN] 18:03:12.320019 シナリオ走行を開始しました [シナリオ名: 新規ユーザー登録]
[ADMIN] 18:03:12.329116 シナリオ走行を終了しました [シナリオ名: ログイン]
[ADMIN] 18:03:12.329126 シナリオ走行を開始しました [シナリオ名: ログイン]
[ADMIN] 18:03:12.331125 シナリオ走行を終了しました [シナリオ名: 新規ユーザー登録]
[ADMIN] 18:03:12.331144 シナリオ走行を開始しました [シナリオ名: 新規ユーザー登録]
[ADMIN] 18:03:12.336816 シナリオ走行を終了しました [シナリオ名: 新規ユーザー登録]
[ADMIN] 18:03:12.336832 シナリオ走行を開始しました [シナリオ名: 新規ユーザー登録]
[ADMIN] 18:03:12.338384 シナリオ走行を終了しました [シナリオ名: ログイン]
[ADMIN] 18:03:12.338393 シナリオ走行を開始しました [シナリオ名: ログイン]
[ADMIN] 18:03:12.361503 シナリオ走行を終了しました [シナリオ名: 新規ユーザー登録]
[ADMIN] 18:03:12.361522 シナリオ走行を開始しました [シナリオ名: 新規ユーザー登録]
[ADMIN] 18:03:12.362750 シナリオ走行を終了しました [シナリオ名: ログイン]
[ADMIN] 18:03:12.362759 シナリオ走行を開始しました [シナリオ名: ログイン]
[ADMIN] 18:03:12.374722 シナリオ走行を終了しました [シナリオ名: ログイン]
[ADMIN] 18:03:12.374733 シナリオ走行を開始しました [シナリオ名: ログイン]
[ADMIN] 18:03:12.381481 シナリオ走行を終了しました [シナリオ名: ログイン]
[ADMIN] 18:03:12.381492 シナリオ走行を開始しました [シナリオ名: ログイン]
[ADMIN] 18:03:12.512324 シナリオ走行を終了しました [シナリオ名: ログイン]
[ADMIN] 18:03:12.512339 シナリオ走行を開始しました [シナリオ名: ログイン]
[ADMIN] 18:03:12.522034 シナリオ走行を終了しました [シナリオ名: 新規ユーザー登録]
[ADMIN] 18:03:12.522058 シナリオ走行を開始しました [シナリオ名: 新規ユーザー登録]
[ADMIN] 18:03:12.561438 シナリオ走行を終了しました [シナリオ名: 新規ユーザー登録]
[ADMIN] 18:03:12.561461 シナリオ走行を終了しました [シナリオ名: 新規ユーザー登録]
[ADMIN] 18:03:12.561506 シナリオ走行を開始しました [シナリオ名: 新規ユーザー登録]
[ADMIN] 18:03:12.561552 シナリオ走行を開始しました [シナリオ名: 新規ユーザー登録]
[ADMIN] 18:03:12.571799 シナリオ走行を終了しました [シナリオ名: ログイン]
[ADMIN] 18:03:12.571810 シナリオ走行を開始しました [シナリオ名: ログイン]
[ADMIN] 18:03:12.576096 シナリオ走行を終了しました [シナリオ名: ログイン]
[ADMIN] 18:03:12.576104 シナリオ走行を開始しました [シナリオ名: ログイン]
[ADMIN] 18:03:12.588877 シナリオ走行を終了しました [シナリオ名: 新規ユーザー登録]
[ADMIN] 18:03:12.588893 シナリオ走行を開始しました [シナリオ名: 新規ユーザー登録]
[ADMIN] 18:03:12.598716 シナリオ走行を終了しました [シナリオ名: ログイン]
[ADMIN] 18:03:12.598725 シナリオ走行を開始しました [シナリオ名: ログイン]
[ADMIN] 18:03:12.603426 シナリオ走行を終了しました [シナリオ名: ログイン]
[ADMIN] 18:03:12.603435 シナリオ走行を開始しました [シナリオ名: ログイン]
[ADMIN] 18:03:12.604504 シナリオ走行を終了しました [シナリオ名: ログイン]
[ADMIN] 18:03:12.604515 シナリオ走行を開始しました [シナリオ名: ログイン]
[ADMIN] 18:03:12.616575 シナリオ走行を終了しました [シナリオ名: ログイン]
[ADMIN] 18:03:12.616585 シナリオ走行を開始しました [シナリオ名: ログイン]
[ADMIN] 18:03:12.618444 シナリオ走行を終了しました [シナリオ名: 新規ユーザー登録]
[ADMIN] 18:03:12.618462 シナリオ走行を開始しました [シナリオ名: 新規ユーザー登録]
[ADMIN] 18:03:12.622788 シナリオ走行を終了しました [シナリオ名: ログイン]
[ADMIN] 18:03:12.622798 シナリオ走行を開始しました [シナリオ名: ログイン]
[ADMIN] 18:03:12.635648 シナリオ走行を終了しました [シナリオ名: ログイン]
[ADMIN] 18:03:12.635658 シナリオ走行を開始しました [シナリオ名: ログイン]
[ADMIN] 18:03:12.637597 シナリオ走行を終了しました [シナリオ名: 新規ユーザー登録]
[ADMIN] 18:03:12.637613 シナリオ走行を開始しました [シナリオ名: 新規ユーザー登録]
[ADMIN] 18:03:12.643599 シナリオ走行を終了しました [シナリオ名: ログイン]
[ADMIN] 18:03:12.643608 シナリオ走行を開始しました [シナリオ名: ログイン]
[ADMIN] 18:03:12.655020 シナリオ走行を終了しました [シナリオ名: 新規ユーザー登録]
[ADMIN] 18:03:12.655041 シナリオ走行を開始しました [シナリオ名: 新規ユーザー登録]
[ADMIN] 18:03:12.657257 シナリオ走行を終了しました [シナリオ名: 新規ユーザー登録]
[ADMIN] 18:03:12.657271 シナリオ走行を開始しました [シナリオ名: 新規ユーザー登録]
[ADMIN] 18:03:12.694446 シナリオ走行を終了しました [シナリオ名: ログイン]
[ADMIN] 18:03:12.694461 シナリオ走行を開始しました [シナリオ名: ログイン]
[ADMIN] 18:03:12.720392 シナリオ走行を終了しました [シナリオ名: ログイン]
[ADMIN] 18:03:12.720409 シナリオ走行を開始しました [シナリオ名: ログイン]
[ADMIN] 18:03:12.729053 シナリオ走行を終了しました [シナリオ名: 新規ユーザー登録]
[ADMIN] 18:03:12.729072 シナリオ走行を開始しました [シナリオ名: 新規ユーザー登録]
[ADMIN] 18:03:12.737213 シナリオ走行を終了しました [シナリオ名: Banユーザログイン]
[ADMIN] 18:03:12.737230 シナリオ走行を開始しました [シナリオ名: Banユーザログイン]
[ADMIN] 18:03:12.745672 シナリオ走行を終了しました [シナリオ名: ログイン]
[ADMIN] 18:03:12.745683 シナリオ走行を開始しました [シナリオ名: ログイン]
[ADMIN] 18:03:12.833991 シナリオ走行を終了しました [シナリオ名: ログイン]
[ADMIN] 18:03:12.834006 シナリオ走行を開始しました [シナリオ名: ログイン]
[ADMIN] 18:03:12.837866 シナリオ走行を終了しました [シナリオ名: ログイン]
[ADMIN] 18:03:12.837881 シナリオ走行を開始しました [シナリオ名: ログイン]
[ADMIN] 18:03:12.860865 シナリオ走行を終了しました [シナリオ名: Banユーザログイン]
[ADMIN] 18:03:12.860884 シナリオ走行を開始しました [シナリオ名: Banユーザログイン]
[ADMIN] 18:03:12.874383 シナリオ走行を終了しました [シナリオ名: ログイン]
[ADMIN] 18:03:12.874397 シナリオ走行を開始しました [シナリオ名: ログイン]
[ADMIN] 18:03:12.892093 シナリオ走行を終了しました [シナリオ名: 新規ユーザー登録]
[ADMIN] 18:03:12.892118 シナリオ走行を開始しました [シナリオ名: 新規ユーザー登録]
[ADMIN] 18:03:12.894574 シナリオ走行を終了しました [シナリオ名: Banユーザログイン]
[ADMIN] 18:03:12.894589 シナリオ走行を開始しました [シナリオ名: Banユーザログイン]
[ADMIN] 18:03:12.896796 シナリオ走行を終了しました [シナリオ名: 新規ユーザー登録]
[ADMIN] 18:03:12.896811 シナリオ走行を開始しました [シナリオ名: 新規ユーザー登録]
[ADMIN] 18:03:12.899764 シナリオ走行を終了しました [シナリオ名: ログイン]
[ADMIN] 18:03:12.899775 シナリオ走行を開始しました [シナリオ名: ログイン]
[ADMIN] 18:03:12.905000 シナリオ走行を終了しました [シナリオ名: 新規ユーザー登録]
[ADMIN] 18:03:12.905019 シナリオ走行を開始しました [シナリオ名: 新規ユーザー登録]
[ADMIN] 18:03:12.908738 シナリオ走行を終了しました [シナリオ名: ログイン]
[ADMIN] 18:03:12.908747 シナリオ走行を開始しました [シナリオ名: ログイン]
[ADMIN] 18:03:12.911199 シナリオ走行を終了しました [シナリオ名: ログイン]
[ADMIN] 18:03:12.911209 シナリオ走行を開始しました [シナリオ名: ログイン]
[ADMIN] 18:03:12.911951 シナリオ走行を終了しました [シナリオ名: ログイン]
[ADMIN] 18:03:12.911959 シナリオ走行を開始しました [シナリオ名: ログイン]
[ADMIN] 18:03:12.927491 シナリオ走行を終了しました [シナリオ名: ログイン]
[ADMIN] 18:03:12.927499 シナリオ走行を開始しました [シナリオ名: ログイン]
18:03:12.939169 現在のログイン成功数: [total: 1009 (+698人)]
18:03:12.939173 現在のユーザー登録成功数: [total: 848 (+536人)]
[ADMIN] 18:03:12.939150 シナリオ走行を開始しました [シナリオ名: マスター更新]
[ADMIN] 18:03:12.940703 シナリオ走行を終了しました [シナリオ名: 新規ユーザー登録]
[ADMIN] 18:03:12.940720 シナリオ走行を開始しました [シナリオ名: 新規ユーザー登録]
[ADMIN] 18:03:12.958338 シナリオ走行を終了しました [シナリオ名: ログイン]
[ADMIN] 18:03:12.958347 シナリオ走行を開始しました [シナリオ名: ログイン]
[ADMIN] 18:03:12.964179 シナリオ走行を終了しました [シナリオ名: ログイン]
[ADMIN] 18:03:12.964205 シナリオ走行を開始しました [シナリオ名: ログイン]
[ADMIN] 18:03:12.964248 シナリオ走行を開始しました [シナリオ名: ログイン]
[ADMIN] 18:03:12.964254 シナリオ走行を開始しました [シナリオ名: ログイン]
[ADMIN] 18:03:12.964287 シナリオ走行を開始しました [シナリオ名: ログイン]
[ADMIN] 18:03:12.964328 シナリオ走行を開始しました [シナリオ名: ログイン]
[ADMIN] 18:03:12.964351 シナリオ走行を開始しました [シナリオ名: ログイン]
[ADMIN] 18:03:12.964388 シナリオ走行を開始しました [シナリオ名: ログイン]
[ADMIN] 18:03:12.964313 シナリオ走行を開始しました [シナリオ名: ログイン]
[ADMIN] 18:03:12.964495 シナリオ走行を開始しました [シナリオ名: ログイン]
[ADMIN] 18:03:12.964501 シナリオ走行を開始しました [シナリオ名: ログイン]
[ADMIN] 18:03:12.964317 シナリオ走行を開始しました [シナリオ名: ログイン]
[ADMIN] 18:03:12.964318 シナリオ走行を開始しました [シナリオ名: ログイン]
[ADMIN] 18:03:12.964319 シナリオ走行を開始しました [シナリオ名: ログイン]
[ADMIN] 18:03:12.964321 シナリオ走行を開始しました [シナリオ名: ログイン]
[ADMIN] 18:03:12.964324 シナリオ走行を開始しました [シナリオ名: ログイン]
[ADMIN] 18:03:12.964327 シナリオ走行を開始しました [シナリオ名: ログイン]
[ADMIN] 18:03:12.981677 シナリオ走行を終了しました [シナリオ名: ログイン]
[ADMIN] 18:03:12.997991 シナリオ走行を終了しました [シナリオ名: 新規ユーザー登録]
[ADMIN] 18:03:12.998010 シナリオ走行を開始しました [シナリオ名: 新規ユーザー登録]
[ADMIN] 18:03:13.033219 シナリオ走行を終了しました [シナリオ名: 新規ユーザー登録]
[ADMIN] 18:03:13.033264 シナリオ走行を開始しました [シナリオ名: 新規ユーザー登録]
[ADMIN] 18:03:13.033312 シナリオ走行を開始しました [シナリオ名: 新規ユーザー登録]
[ADMIN] 18:03:13.033322 シナリオ走行を開始しました [シナリオ名: 新規ユーザー登録]
[ADMIN] 18:03:13.033355 シナリオ走行を開始しました [シナリオ名: 新規ユーザー登録]
[ADMIN] 18:03:13.033409 シナリオ走行を開始しました [シナリオ名: 新規ユーザー登録]
[ADMIN] 18:03:13.033422 シナリオ走行を開始しました [シナリオ名: 新規ユーザー登録]
[ADMIN] 18:03:13.033315 シナリオ走行を開始しました [シナリオ名: 新規ユーザー登録]
[ADMIN] 18:03:13.033500 シナリオ走行を開始しました [シナリオ名: 新規ユーザー登録]
[ADMIN] 18:03:13.033506 シナリオ走行を開始しました [シナリオ名: 新規ユーザー登録]
[ADMIN] 18:03:13.033572 シナリオ走行を開始しました [シナリオ名: 新規ユーザー登録]
[ADMIN] 18:03:13.033596 シナリオ走行を開始しました [シナリオ名: 新規ユーザー登録]
[ADMIN] 18:03:13.033604 シナリオ走行を開始しました [シナリオ名: 新規ユーザー登録]
[ADMIN] 18:03:13.033572 シナリオ走行を開始しました [シナリオ名: 新規ユーザー登録]
[ADMIN] 18:03:13.033694 シナリオ走行を開始しました [シナリオ名: 新規ユーザー登録]
[ADMIN] 18:03:13.033733 シナリオ走行を開始しました [シナリオ名: 新規ユーザー登録]
[ADMIN] 18:03:13.033739 シナリオ走行を開始しました [シナリオ名: 新規ユーザー登録]
[ADMIN] 18:03:13.033733 シナリオ走行を開始しました [シナリオ名: 新規ユーザー登録]
[ADMIN] 18:03:13.058841 シナリオ走行を終了しました [シナリオ名: 新規ユーザー登録]
[ADMIN] 18:03:13.063834 シナリオ走行を終了しました [シナリオ名: ログイン]
[ADMIN] 18:03:13.079247 シナリオ走行を終了しました [シナリオ名: 新規ユーザー登録]
[ADMIN] 18:03:13.129855 シナリオ走行を終了しました [シナリオ名: ログイン]
[ADMIN] 18:03:13.257318 シナリオ走行を終了しました [シナリオ名: Banユーザログイン]
[ADMIN] 18:03:13.257337 シナリオ走行を開始しました [シナリオ名: Banユーザログイン]
[ADMIN] 18:03:13.264167 シナリオ走行を終了しました [シナリオ名: 新規ユーザー登録]
[ADMIN] 18:03:13.280075 シナリオ走行を終了しました [シナリオ名: ログイン]
18:03:13.295804 マスターデータの更新が完了しました。次のマスターバージョンは「2」です。
[ADMIN] 18:03:13.326050 シナリオ走行を終了しました [シナリオ名: マスター更新]
[ADMIN] 18:03:13.423014 シナリオ走行を終了しました [シナリオ名: ログイン]
[ADMIN] 18:03:13.436528 シナリオ走行を終了しました [シナリオ名: ログイン]
[ADMIN] 18:03:13.447086 シナリオ走行を終了しました [シナリオ名: Banユーザログイン]
[ADMIN] 18:03:13.447110 シナリオ走行を開始しました [シナリオ名: Banユーザログイン]
[ADMIN] 18:03:13.447115 シナリオ走行を開始しました [シナリオ名: Banユーザログイン]
[ADMIN] 18:03:13.447124 シナリオ走行を開始しました [シナリオ名: Banユーザログイン]
[ADMIN] 18:03:13.447190 シナリオ走行を開始しました [シナリオ名: Banユーザログイン]
[ADMIN] 18:03:13.450251 シナリオ走行を終了しました [シナリオ名: ログイン]
[ADMIN] 18:03:13.450654 シナリオ走行を終了しました [シナリオ名: Banユーザログイン]
[ADMIN] 18:03:13.783414 シナリオ走行を終了しました [シナリオ名: ログイン]
[ADMIN] 18:03:13.783444 シナリオ走行を開始しました [シナリオ名: ログイン]
[ADMIN] 18:03:13.783496 シナリオ走行を開始しました [シナリオ名: ログイン]
[ADMIN] 18:03:13.783650 シナリオ走行を開始しました [シナリオ名: ログイン]
[ADMIN] 18:03:13.783739 シナリオ走行を開始しました [シナリオ名: ログイン]
[ADMIN] 18:03:13.783813 シナリオ走行を開始しました [シナリオ名: ログイン]
[ADMIN] 18:03:13.783874 シナリオ走行を開始しました [シナリオ名: ログイン]
[ADMIN] 18:03:13.783975 シナリオ走行を開始しました [シナリオ名: ログイン]
[ADMIN] 18:03:13.784120 シナリオ走行を開始しました [シナリオ名: ログイン]
[ADMIN] 18:03:13.809458 シナリオ走行を終了しました [シナリオ名: ログイン]
[ADMIN] 18:03:13.811254 シナリオ走行を終了しました [シナリオ名: ログイン]
[ADMIN] 18:03:13.815621 シナリオ走行を終了しました [シナリオ名: ログイン]
[ADMIN] 18:03:13.815634 シナリオ走行を開始しました [シナリオ名: ログイン]
[ADMIN] 18:03:13.815690 シナリオ走行を開始しました [シナリオ名: ログイン]
[ADMIN] 18:03:13.815736 シナリオ走行を開始しました [シナリオ名: ログイン]
[ADMIN] 18:03:13.828548 シナリオ走行を終了しました [シナリオ名: ログイン]
[ADMIN] 18:03:13.828561 シナリオ走行を開始しました [シナリオ名: ログイン]
[ADMIN] 18:03:13.828914 シナリオ走行を終了しました [シナリオ名: ログイン]
[ADMIN] 18:03:13.828926 シナリオ走行を開始しました [シナリオ名: ログイン]
[ADMIN] 18:03:13.829081 シナリオ走行を終了しました [シナリオ名: ログイン]
[ADMIN] 18:03:13.829092 シナリオ走行を開始しました [シナリオ名: ログイン]
[ADMIN] 18:03:13.831947 シナリオ走行を終了しました [シナリオ名: ログイン]
[ADMIN] 18:03:13.831956 シナリオ走行を開始しました [シナリオ名: ログイン]
[ADMIN] 18:03:13.839553 シナリオ走行を終了しました [シナリオ名: ログイン]
[ADMIN] 18:03:13.849202 シナリオ走行を終了しました [シナリオ名: ログイン]
[ADMIN] 18:03:13.849215 シナリオ走行を開始しました [シナリオ名: ログイン]
[ADMIN] 18:03:13.849273 シナリオ走行を開始しました [シナリオ名: ログイン]
[ADMIN] 18:03:13.874401 シナリオ走行を終了しました [シナリオ名: ログイン]
[ADMIN] 18:03:13.874417 シナリオ走行を開始しました [シナリオ名: ログイン]
[ADMIN] 18:03:13.875597 シナリオ走行を終了しました [シナリオ名: Banユーザログイン]
[ADMIN] 18:03:13.911379 シナリオ走行を終了しました [シナリオ名: ログイン]
[ADMIN] 18:03:13.911396 シナリオ走行を開始しました [シナリオ名: ログイン]
[ADMIN] 18:03:13.963585 シナリオ走行を終了しました [シナリオ名: ログイン]
[ADMIN] 18:03:13.967753 シナリオ走行を終了しました [シナリオ名: ログイン]
[ADMIN] 18:03:13.967766 シナリオ走行を開始しました [シナリオ名: ログイン]
[ADMIN] 18:03:13.967824 シナリオ走行を開始しました [シナリオ名: ログイン]
[ADMIN] 18:03:13.969985 シナリオ走行を終了しました [シナリオ名: ログイン]
[ADMIN] 18:03:13.969994 シナリオ走行を開始しました [シナリオ名: ログイン]
[ADMIN] 18:03:14.002865 シナリオ走行を終了しました [シナリオ名: 新規ユーザー登録]
[ADMIN] 18:03:14.002915 シナリオ走行を開始しました [シナリオ名: 新規ユーザー登録]
[ADMIN] 18:03:14.002924 シナリオ走行を開始しました [シナリオ名: 新規ユーザー登録]
[ADMIN] 18:03:14.003043 シナリオ走行を開始しました [シナリオ名: 新規ユーザー登録]
[ADMIN] 18:03:14.003048 シナリオ走行を開始しました [シナリオ名: 新規ユーザー登録]
[ADMIN] 18:03:14.012581 シナリオ走行を終了しました [シナリオ名: ログイン]
[ADMIN] 18:03:14.012593 シナリオ走行を開始しました [シナリオ名: ログイン]
[ADMIN] 18:03:14.012983 シナリオ走行を終了しました [シナリオ名: 新規ユーザー登録]
[ADMIN] 18:03:14.013003 シナリオ走行を開始しました [シナリオ名: 新規ユーザー登録]
[ADMIN] 18:03:14.021948 シナリオ走行を終了しました [シナリオ名: Banユーザログイン]
[ADMIN] 18:03:14.021965 シナリオ走行を開始しました [シナリオ名: Banユーザログイン]
[ADMIN] 18:03:14.022028 シナリオ走行を開始しました [シナリオ名: Banユーザログイン]
[ADMIN] 18:03:14.022038 シナリオ走行を開始しました [シナリオ名: Banユーザログイン]
[ADMIN] 18:03:14.022178 シナリオ走行を終了しました [シナリオ名: Banユーザログイン]
[ADMIN] 18:03:14.022187 シナリオ走行を開始しました [シナリオ名: Banユーザログイン]
[ADMIN] 18:03:14.028030 シナリオ走行を終了しました [シナリオ名: 新規ユーザー登録]
[ADMIN] 18:03:14.028045 シナリオ走行を開始しました [シナリオ名: 新規ユーザー登録]
[ADMIN] 18:03:14.028365 シナリオ走行を終了しました [シナリオ名: 新規ユーザー登録]
[ADMIN] 18:03:14.028383 シナリオ走行を開始しました [シナリオ名: 新規ユーザー登録]
[ADMIN] 18:03:14.029133 シナリオ走行を終了しました [シナリオ名: ログイン]
[ADMIN] 18:03:14.029143 シナリオ走行を開始しました [シナリオ名: ログイン]
[ADMIN] 18:03:14.031178 シナリオ走行を終了しました [シナリオ名: ログイン]
[ADMIN] 18:03:14.031187 シナリオ走行を開始しました [シナリオ名: ログイン]
[ADMIN] 18:03:14.043660 シナリオ走行を終了しました [シナリオ名: Banユーザログイン]
[ADMIN] 18:03:14.043676 シナリオ走行を開始しました [シナリオ名: Banユーザログイン]
[ADMIN] 18:03:14.054732 シナリオ走行を終了しました [シナリオ名: Banユーザログイン]
[ADMIN] 18:03:14.054746 シナリオ走行を開始しました [シナリオ名: Banユーザログイン]
[ADMIN] 18:03:14.060276 シナリオ走行を終了しました [シナリオ名: 新規ユーザー登録]
[ADMIN] 18:03:14.060309 シナリオ走行を終了しました [シナリオ名: ログイン]
[ADMIN] 18:03:14.060316 シナリオ走行を開始しました [シナリオ名: ログイン]
[ADMIN] 18:03:14.064004 シナリオ走行を終了しました [シナリオ名: 新規ユーザー登録]
[ADMIN] 18:03:14.064021 シナリオ走行を開始しました [シナリオ名: 新規ユーザー登録]
[ADMIN] 18:03:14.064074 シナリオ走行を開始しました [シナリオ名: 新規ユーザー登録]
[ADMIN] 18:03:14.140612 シナリオ走行を終了しました [シナリオ名: 新規ユーザー登録]
[ADMIN] 18:03:14.140631 シナリオ走行を開始しました [シナリオ名: 新規ユーザー登録]
[ADMIN] 18:03:14.140787 シナリオ走行を終了しました [シナリオ名: 新規ユーザー登録]
[ADMIN] 18:03:14.141003 シナリオ走行を終了しました [シナリオ名: 新規ユーザー登録]
[ADMIN] 18:03:14.141022 シナリオ走行を開始しました [シナリオ名: 新規ユーザー登録]
[ADMIN] 18:03:14.141024 シナリオ走行を開始しました [シナリオ名: 新規ユーザー登録]
[ADMIN] 18:03:14.141267 シナリオ走行を終了しました [シナリオ名: 新規ユーザー登録]
[ADMIN] 18:03:14.148013 シナリオ走行を終了しました [シナリオ名: 新規ユーザー登録]
[ADMIN] 18:03:14.148028 シナリオ走行を開始しました [シナリオ名: 新規ユーザー登録]
[ADMIN] 18:03:14.148085 シナリオ走行を開始しました [シナリオ名: 新規ユーザー登録]
[ADMIN] 18:03:14.167212 シナリオ走行を終了しました [シナリオ名: 新規ユーザー登録]
[ADMIN] 18:03:14.167297 シナリオ走行を終了しました [シナリオ名: ログイン]
[ADMIN] 18:03:14.167309 シナリオ走行を開始しました [シナリオ名: ログイン]
[ADMIN] 18:03:14.203125 シナリオ走行を終了しました [シナリオ名: 新規ユーザー登録]
[ADMIN] 18:03:14.203152 シナリオ走行を開始しました [シナリオ名: 新規ユーザー登録]
[ADMIN] 18:03:14.203164 シナリオ走行を開始しました [シナリオ名: 新規ユーザー登録]
[ADMIN] 18:03:14.213820 シナリオ走行を終了しました [シナリオ名: 新規ユーザー登録]
[ADMIN] 18:03:14.213841 シナリオ走行を開始しました [シナリオ名: 新規ユーザー登録]
[ADMIN] 18:03:14.223547 シナリオ走行を終了しました [シナリオ名: 新規ユーザー登録]
[ADMIN] 18:03:14.223565 シナリオ走行を開始しました [シナリオ名: 新規ユーザー登録]
[ADMIN] 18:03:14.224021 シナリオ走行を終了しました [シナリオ名: 新規ユーザー登録]
[ADMIN] 18:03:14.224035 シナリオ走行を開始しました [シナリオ名: 新規ユーザー登録]
[ADMIN] 18:03:14.225605 シナリオ走行を終了しました [シナリオ名: 新規ユーザー登録]
[ADMIN] 18:03:14.225618 シナリオ走行を開始しました [シナリオ名: 新規ユーザー登録]
[ADMIN] 18:03:14.279532 シナリオ走行を終了しました [シナリオ名: 新規ユーザー登録]
[ADMIN] 18:03:14.297147 シナリオ走行を終了しました [シナリオ名: 新規ユーザー登録]
[ADMIN] 18:03:14.297173 シナリオ走行を開始しました [シナリオ名: 新規ユーザー登録]
[ADMIN] 18:03:14.297225 シナリオ走行を開始しました [シナリオ名: 新規ユーザー登録]
[ADMIN] 18:03:14.307204 シナリオ走行を終了しました [シナリオ名: 新規ユーザー登録]
[ADMIN] 18:03:14.307221 シナリオ走行を開始しました [シナリオ名: 新規ユーザー登録]
[ADMIN] 18:03:14.310561 シナリオ走行を終了しました [シナリオ名: 新規ユーザー登録]
[ADMIN] 18:03:14.310574 シナリオ走行を開始しました [シナリオ名: 新規ユーザー登録]
[ADMIN] 18:03:14.354154 シナリオ走行を終了しました [シナリオ名: ログイン]
[ADMIN] 18:03:14.354168 シナリオ走行を開始しました [シナリオ名: ログイン]
[ADMIN] 18:03:14.406505 シナリオ走行を終了しました [シナリオ名: ログイン]
[ADMIN] 18:03:14.406517 シナリオ走行を終了しました [シナリオ名: 新規ユーザー登録]
[ADMIN] 18:03:14.406545 シナリオ走行を開始しました [シナリオ名: 新規ユーザー登録]
[ADMIN] 18:03:14.427067 シナリオ走行を終了しました [シナリオ名: ログイン]
[ADMIN] 18:03:14.427079 シナリオ走行を開始しました [シナリオ名: ログイン]
[ADMIN] 18:03:14.427131 シナリオ走行を開始しました [シナリオ名: ログイン]
[ADMIN] 18:03:14.507306 シナリオ走行を終了しました [シナリオ名: ログイン]
[ADMIN] 18:03:14.507325 シナリオ走行を開始しました [シナリオ名: ログイン]
[ADMIN] 18:03:14.554779 シナリオ走行を終了しました [シナリオ名: ログイン]
[ADMIN] 18:03:14.554793 シナリオ走行を開始しました [シナリオ名: ログイン]
[ADMIN] 18:03:14.586730 シナリオ走行を終了しました [シナリオ名: ログイン]
[ADMIN] 18:03:14.586742 シナリオ走行を開始しました [シナリオ名: ログイン]
[ADMIN] 18:03:14.605089 シナリオ走行を終了しました [シナリオ名: ログイン]
[ADMIN] 18:03:14.605104 シナリオ走行を開始しました [シナリオ名: ログイン]
[ADMIN] 18:03:14.616422 シナリオ走行を終了しました [シナリオ名: Banユーザログイン]
[ADMIN] 18:03:14.616438 シナリオ走行を開始しました [シナリオ名: Banユーザログイン]
[ADMIN] 18:03:14.622600 シナリオ走行を終了しました [シナリオ名: Banユーザログイン]
[ADMIN] 18:03:14.622610 シナリオ走行を開始しました [シナリオ名: Banユーザログイン]
[ADMIN] 18:03:14.626360 シナリオ走行を終了しました [シナリオ名: ログイン]
[ADMIN] 18:03:14.626370 シナリオ走行を開始しました [シナリオ名: ログイン]
[ADMIN] 18:03:14.628813 シナリオ走行を終了しました [シナリオ名: ログイン]
[ADMIN] 18:03:14.628822 シナリオ走行を開始しました [シナリオ名: ログイン]
[ADMIN] 18:03:14.628883 シナリオ走行を終了しました [シナリオ名: Banユーザログイン]
[ADMIN] 18:03:14.628894 シナリオ走行を開始しました [シナリオ名: Banユーザログイン]
[ADMIN] 18:03:14.631835 シナリオ走行を終了しました [シナリオ名: ログイン]
[ADMIN] 18:03:14.631845 シナリオ走行を開始しました [シナリオ名: ログイン]
[ADMIN] 18:03:14.634181 シナリオ走行を終了しました [シナリオ名: Banユーザログイン]
[ADMIN] 18:03:14.634200 シナリオ走行を開始しました [シナリオ名: Banユーザログイン]
[ADMIN] 18:03:14.634267 シナリオ走行を終了しました [シナリオ名: ログイン]
[ADMIN] 18:03:14.634276 シナリオ走行を開始しました [シナリオ名: ログイン]
[ADMIN] 18:03:14.644687 シナリオ走行を終了しました [シナリオ名: ログイン]
[ADMIN] 18:03:14.644695 シナリオ走行を開始しました [シナリオ名: ログイン]
[ADMIN] 18:03:14.646595 シナリオ走行を終了しました [シナリオ名: ログイン]
[ADMIN] 18:03:14.646604 シナリオ走行を開始しました [シナリオ名: ログイン]
[ADMIN] 18:03:14.651468 シナリオ走行を終了しました [シナリオ名: Banユーザログイン]
[ADMIN] 18:03:14.651488 シナリオ走行を開始しました [シナリオ名: Banユーザログイン]
[ADMIN] 18:03:14.651903 シナリオ走行を終了しました [シナリオ名: ログイン]
[ADMIN] 18:03:14.651915 シナリオ走行を開始しました [シナリオ名: ログイン]
[ADMIN] 18:03:14.667685 シナリオ走行を終了しました [シナリオ名: Banユーザログイン]
[ADMIN] 18:03:14.667705 シナリオ走行を開始しました [シナリオ名: Banユーザログイン]
[ADMIN] 18:03:14.678884 シナリオ走行を終了しました [シナリオ名: ログイン]
[ADMIN] 18:03:14.678894 シナリオ走行を開始しました [シナリオ名: ログイン]
[ADMIN] 18:03:14.714331 シナリオ走行を終了しました [シナリオ名: ログイン]
[ADMIN] 18:03:14.714352 シナリオ走行を開始しました [シナリオ名: ログイン]
[ADMIN] 18:03:14.714496 シナリオ走行を終了しました [シナリオ名: ログイン]
[ADMIN] 18:03:14.714524 シナリオ走行を開始しました [シナリオ名: ログイン]
[ADMIN] 18:03:14.724996 シナリオ走行を終了しました [シナリオ名: ログイン]
[ADMIN] 18:03:14.725005 シナリオ走行を開始しました [シナリオ名: ログイン]
[ADMIN] 18:03:14.800986 シナリオ走行を終了しました [シナリオ名: 新規ユーザー登録]
[ADMIN] 18:03:14.801006 シナリオ走行を開始しました [シナリオ名: 新規ユーザー登録]
[ADMIN] 18:03:14.818427 シナリオ走行を終了しました [シナリオ名: ログイン]
[ADMIN] 18:03:14.818438 シナリオ走行を開始しました [シナリオ名: ログイン]
[ADMIN] 18:03:14.823830 シナリオ走行を終了しました [シナリオ名: 新規ユーザー登録]
[ADMIN] 18:03:14.823851 シナリオ走行を開始しました [シナリオ名: 新規ユーザー登録]
[ADMIN] 18:03:14.828813 シナリオ走行を終了しました [シナリオ名: ログイン]
[ADMIN] 18:03:14.828823 シナリオ走行を開始しました [シナリオ名: ログイン]
[ADMIN] 18:03:14.831477 シナリオ走行を終了しました [シナリオ名: 新規ユーザー登録]
[ADMIN] 18:03:14.831493 シナリオ走行を開始しました [シナリオ名: 新規ユーザー登録]
[ADMIN] 18:03:14.843117 シナリオ走行を終了しました [シナリオ名: ログイン]
[ADMIN] 18:03:14.843127 シナリオ走行を開始しました [シナリオ名: ログイン]
[ADMIN] 18:03:14.852703 シナリオ走行を終了しました [シナリオ名: ログイン]
[ADMIN] 18:03:14.852712 シナリオ走行を開始しました [シナリオ名: ログイン]
[ADMIN] 18:03:14.858984 シナリオ走行を終了しました [シナリオ名: ログイン]
[ADMIN] 18:03:14.858993 シナリオ走行を開始しました [シナリオ名: ログイン]
[ADMIN] 18:03:14.901315 シナリオ走行を終了しました [シナリオ名: 新規ユーザー登録]
[ADMIN] 18:03:14.901338 シナリオ走行を開始しました [シナリオ名: 新規ユーザー登録]
[ADMIN] 18:03:14.947170 シナリオ走行を終了しました [シナリオ名: ログイン]
[ADMIN] 18:03:14.947186 シナリオ走行を開始しました [シナリオ名: ログイン]
[ADMIN] 18:03:14.949140 シナリオ走行を終了しました [シナリオ名: 新規ユーザー登録]
[ADMIN] 18:03:14.949160 シナリオ走行を開始しました [シナリオ名: 新規ユーザー登録]
[ADMIN] 18:03:14.952006 シナリオ走行を終了しました [シナリオ名: ログイン]
[ADMIN] 18:03:14.952017 シナリオ走行を開始しました [シナリオ名: ログイン]
[ADMIN] 18:03:15.003137 シナリオ走行を終了しました [シナリオ名: 新規ユーザー登録]
[ADMIN] 18:03:15.003162 シナリオ走行を開始しました [シナリオ名: 新規ユーザー登録]
[ADMIN] 18:03:15.045887 シナリオ走行を終了しました [シナリオ名: 新規ユーザー登録]
[ADMIN] 18:03:15.045926 シナリオ走行を開始しました [シナリオ名: 新規ユーザー登録]
[ADMIN] 18:03:15.057721 シナリオ走行を終了しました [シナリオ名: ログイン]
[ADMIN] 18:03:15.057737 シナリオ走行を開始しました [シナリオ名: ログイン]
[ADMIN] 18:03:15.058757 シナリオ走行を終了しました [シナリオ名: 新規ユーザー登録]
[ADMIN] 18:03:15.058782 シナリオ走行を開始しました [シナリオ名: 新規ユーザー登録]
[ADMIN] 18:03:15.059212 シナリオ走行を終了しました [シナリオ名: 新規ユーザー登録]
[ADMIN] 18:03:15.059226 シナリオ走行を開始しました [シナリオ名: 新規ユーザー登録]
[ADMIN] 18:03:15.069948 シナリオ走行を終了しました [シナリオ名: 新規ユーザー登録]
[ADMIN] 18:03:15.069984 シナリオ走行を開始しました [シナリオ名: 新規ユーザー登録]
[ADMIN] 18:03:15.079478 シナリオ走行を終了しました [シナリオ名: 新規ユーザー登録]
[ADMIN] 18:03:15.079497 シナリオ走行を開始しました [シナリオ名: 新規ユーザー登録]
[ADMIN] 18:03:15.083695 シナリオ走行を終了しました [シナリオ名: ログイン]
[ADMIN] 18:03:15.083708 シナリオ走行を開始しました [シナリオ名: ログイン]
[ADMIN] 18:03:15.111164 シナリオ走行を終了しました [シナリオ名: ログイン]
[ADMIN] 18:03:15.111183 シナリオ走行を開始しました [シナリオ名: ログイン]
[ADMIN] 18:03:15.111193 シナリオ走行を終了しました [シナリオ名: 新規ユーザー登録]
[ADMIN] 18:03:15.111214 シナリオ走行を開始しました [シナリオ名: 新規ユーザー登録]
[ADMIN] 18:03:15.114910 シナリオ走行を終了しました [シナリオ名: 新規ユーザー登録]
[ADMIN] 18:03:15.114931 シナリオ走行を開始しました [シナリオ名: 新規ユーザー登録]
[ADMIN] 18:03:15.119614 シナリオ走行を終了しました [シナリオ名: ログイン]
[ADMIN] 18:03:15.119626 シナリオ走行を開始しました [シナリオ名: ログイン]
[ADMIN] 18:03:15.131204 シナリオ走行を終了しました [シナリオ名: 新規ユーザー登録]
[ADMIN] 18:03:15.131225 シナリオ走行を開始しました [シナリオ名: 新規ユーザー登録]
[ADMIN] 18:03:15.160921 シナリオ走行を終了しました [シナリオ名: 新規ユーザー登録]
[ADMIN] 18:03:15.160949 シナリオ走行を開始しました [シナリオ名: 新規ユーザー登録]
[ADMIN] 18:03:15.162763 シナリオ走行を終了しました [シナリオ名: 新規ユーザー登録]
[ADMIN] 18:03:15.162790 シナリオ走行を開始しました [シナリオ名: 新規ユーザー登録]
[ADMIN] 18:03:15.194145 シナリオ走行を終了しました [シナリオ名: 新規ユーザー登録]
[ADMIN] 18:03:15.194177 シナリオ走行を開始しました [シナリオ名: 新規ユーザー登録]
[ADMIN] 18:03:15.194537 シナリオ走行を終了しました [シナリオ名: 新規ユーザー登録]
[ADMIN] 18:03:15.194567 シナリオ走行を開始しました [シナリオ名: 新規ユーザー登録]
[ADMIN] 18:03:15.195123 シナリオ走行を終了しました [シナリオ名: ログイン]
[ADMIN] 18:03:15.195137 シナリオ走行を開始しました [シナリオ名: ログイン]
[ADMIN] 18:03:15.230482 シナリオ走行を終了しました [シナリオ名: Banユーザログイン]
[ADMIN] 18:03:15.230503 シナリオ走行を開始しました [シナリオ名: Banユーザログイン]
[ADMIN] 18:03:15.231947 シナリオ走行を終了しました [シナリオ名: 新規ユーザー登録]
[ADMIN] 18:03:15.231967 シナリオ走行を開始しました [シナリオ名: 新規ユーザー登録]
[ADMIN] 18:03:15.244687 シナリオ走行を終了しました [シナリオ名: ログイン]
[ADMIN] 18:03:15.244701 シナリオ走行を開始しました [シナリオ名: ログイン]
[ADMIN] 18:03:15.245898 シナリオ走行を終了しました [シナリオ名: 新規ユーザー登録]
[ADMIN] 18:03:15.245916 シナリオ走行を開始しました [シナリオ名: 新規ユーザー登録]
[ADMIN] 18:03:15.253289 シナリオ走行を終了しました [シナリオ名: ログイン]
[ADMIN] 18:03:15.253301 シナリオ走行を開始しました [シナリオ名: ログイン]
[ADMIN] 18:03:15.255221 シナリオ走行を終了しました [シナリオ名: Banユーザログイン]
[ADMIN] 18:03:15.255245 シナリオ走行を開始しました [シナリオ名: Banユーザログイン]
[ADMIN] 18:03:15.256266 シナリオ走行を終了しました [シナリオ名: ログイン]
[ADMIN] 18:03:15.256274 シナリオ走行を開始しました [シナリオ名: ログイン]
[ADMIN] 18:03:15.260572 シナリオ走行を終了しました [シナリオ名: Banユーザログイン]
[ADMIN] 18:03:15.260589 シナリオ走行を開始しました [シナリオ名: Banユーザログイン]
[ADMIN] 18:03:15.264816 シナリオ走行を終了しました [シナリオ名: ログイン]
[ADMIN] 18:03:15.264827 シナリオ走行を開始しました [シナリオ名: ログイン]
[ADMIN] 18:03:15.274299 シナリオ走行を終了しました [シナリオ名: ログイン]
[ADMIN] 18:03:15.274311 シナリオ走行を開始しました [シナリオ名: ログイン]
[ADMIN] 18:03:15.275255 シナリオ走行を終了しました [シナリオ名: Banユーザログイン]
[ADMIN] 18:03:15.275267 シナリオ走行を開始しました [シナリオ名: Banユーザログイン]
[ADMIN] 18:03:15.278136 シナリオ走行を終了しました [シナリオ名: Banユーザログイン]
[ADMIN] 18:03:15.278146 シナリオ走行を開始しました [シナリオ名: Banユーザログイン]
[ADMIN] 18:03:15.284184 シナリオ走行を終了しました [シナリオ名: Banユーザログイン]
[ADMIN] 18:03:15.284203 シナリオ走行を開始しました [シナリオ名: Banユーザログイン]
[ADMIN] 18:03:15.337111 シナリオ走行を終了しました [シナリオ名: 新規ユーザー登録]
[ADMIN] 18:03:15.337139 シナリオ走行を開始しました [シナリオ名: 新規ユーザー登録]
[ADMIN] 18:03:15.343527 シナリオ走行を終了しました [シナリオ名: 新規ユーザー登録]
[ADMIN] 18:03:15.343549 シナリオ走行を開始しました [シナリオ名: 新規ユーザー登録]
[ADMIN] 18:03:15.345312 シナリオ走行を終了しました [シナリオ名: ログイン]
[ADMIN] 18:03:15.345320 シナリオ走行を開始しました [シナリオ名: ログイン]
[ADMIN] 18:03:15.363166 シナリオ走行を終了しました [シナリオ名: 新規ユーザー登録]
[ADMIN] 18:03:15.363189 シナリオ走行を開始しました [シナリオ名: 新規ユーザー登録]
[ADMIN] 18:03:15.365507 シナリオ走行を終了しました [シナリオ名: ログイン]
[ADMIN] 18:03:15.365527 シナリオ走行を開始しました [シナリオ名: ログイン]
[ADMIN] 18:03:15.386997 シナリオ走行を終了しました [シナリオ名: ログイン]
[ADMIN] 18:03:15.387010 シナリオ走行を開始しました [シナリオ名: ログイン]
[ADMIN] 18:03:15.395551 シナリオ走行を終了しました [シナリオ名: ログイン]
[ADMIN] 18:03:15.395566 シナリオ走行を開始しました [シナリオ名: ログイン]
[ADMIN] 18:03:15.420260 シナリオ走行を終了しました [シナリオ名: ログイン]
[ADMIN] 18:03:15.420275 シナリオ走行を開始しました [シナリオ名: ログイン]
[ADMIN] 18:03:15.472862 シナリオ走行を終了しました [シナリオ名: 新規ユーザー登録]
[ADMIN] 18:03:15.472886 シナリオ走行を開始しました [シナリオ名: 新規ユーザー登録]
[ADMIN] 18:03:15.486209 シナリオ走行を終了しました [シナリオ名: 新規ユーザー登録]
[ADMIN] 18:03:15.486233 シナリオ走行を開始しました [シナリオ名: 新規ユーザー登録]
[ADMIN] 18:03:15.493965 シナリオ走行を終了しました [シナリオ名: ログイン]
[ADMIN] 18:03:15.493980 シナリオ走行を開始しました [シナリオ名: ログイン]
[ADMIN] 18:03:15.538901 シナリオ走行を終了しました [シナリオ名: ログイン]
[ADMIN] 18:03:15.538927 シナリオ走行を開始しました [シナリオ名: ログイン]
[ADMIN] 18:03:15.590164 シナリオ走行を終了しました [シナリオ名: ログイン]
[ADMIN] 18:03:15.590178 シナリオ走行を開始しました [シナリオ名: ログイン]
[ADMIN] 18:03:15.599354 シナリオ走行を終了しました [シナリオ名: ログイン]
[ADMIN] 18:03:15.599367 シナリオ走行を開始しました [シナリオ名: ログイン]
[ADMIN] 18:03:15.640296 シナリオ走行を終了しました [シナリオ名: 新規ユーザー登録]
[ADMIN] 18:03:15.640325 シナリオ走行を開始しました [シナリオ名: 新規ユーザー登録]
[ADMIN] 18:03:15.644355 シナリオ走行を終了しました [シナリオ名: ログイン]
[ADMIN] 18:03:15.644368 シナリオ走行を開始しました [シナリオ名: ログイン]
[ADMIN] 18:03:15.650002 シナリオ走行を終了しました [シナリオ名: 新規ユーザー登録]
[ADMIN] 18:03:15.650024 シナリオ走行を開始しました [シナリオ名: 新規ユーザー登録]
[ADMIN] 18:03:15.658988 シナリオ走行を終了しました [シナリオ名: ログイン]
[ADMIN] 18:03:15.658999 シナリオ走行を開始しました [シナリオ名: ログイン]
[ADMIN] 18:03:15.689372 シナリオ走行を終了しました [シナリオ名: ログイン]
[ADMIN] 18:03:15.689388 シナリオ走行を開始しました [シナリオ名: ログイン]
[ADMIN] 18:03:15.730836 シナリオ走行を終了しました [シナリオ名: ログイン]
[ADMIN] 18:03:15.730852 シナリオ走行を開始しました [シナリオ名: ログイン]
[ADMIN] 18:03:15.736299 シナリオ走行を終了しました [シナリオ名: ログイン]
[ADMIN] 18:03:15.736311 シナリオ走行を開始しました [シナリオ名: ログイン]
[ADMIN] 18:03:15.736834 シナリオ走行を終了しました [シナリオ名: ログイン]
[ADMIN] 18:03:15.736843 シナリオ走行を開始しました [シナリオ名: ログイン]
[ADMIN] 18:03:15.762689 シナリオ走行を終了しました [シナリオ名: ログイン]
[ADMIN] 18:03:15.762703 シナリオ走行を開始しました [シナリオ名: ログイン]
[ADMIN] 18:03:15.762757 シナリオ走行を終了しました [シナリオ名: 新規ユーザー登録]
[ADMIN] 18:03:15.762778 シナリオ走行を開始しました [シナリオ名: 新規ユーザー登録]
[ADMIN] 18:03:15.805388 シナリオ走行を終了しました [シナリオ名: ログイン]
[ADMIN] 18:03:15.805403 シナリオ走行を開始しました [シナリオ名: ログイン]
[ADMIN] 18:03:15.815199 シナリオ走行を終了しました [シナリオ名: 新規ユーザー登録]
[ADMIN] 18:03:15.815225 シナリオ走行を開始しました [シナリオ名: 新規ユーザー登録]
[ADMIN] 18:03:15.830991 シナリオ走行を終了しました [シナリオ名: 新規ユーザー登録]
[ADMIN] 18:03:15.831019 シナリオ走行を開始しました [シナリオ名: 新規ユーザー登録]
[ADMIN] 18:03:15.851408 シナリオ走行を終了しました [シナリオ名: 新規ユーザー登録]
[ADMIN] 18:03:15.851451 シナリオ走行を開始しました [シナリオ名: 新規ユーザー登録]
[ADMIN] 18:03:15.852315 シナリオ走行を終了しました [シナリオ名: 新規ユーザー登録]
[ADMIN] 18:03:15.852337 シナリオ走行を開始しました [シナリオ名: 新規ユーザー登録]
[ADMIN] 18:03:15.859079 シナリオ走行を終了しました [シナリオ名: 新規ユーザー登録]
[ADMIN] 18:03:15.859095 シナリオ走行を開始しました [シナリオ名: 新規ユーザー登録]
[ADMIN] 18:03:15.860207 シナリオ走行を終了しました [シナリオ名: Banユーザログイン]
[ADMIN] 18:03:15.860239 シナリオ走行を開始しました [シナリオ名: Banユーザログイン]
[ADMIN] 18:03:15.886988 シナリオ走行を終了しました [シナリオ名: Banユーザログイン]
[ADMIN] 18:03:15.887016 シナリオ走行を開始しました [シナリオ名: Banユーザログイン]
[ADMIN] 18:03:15.904549 シナリオ走行を終了しました [シナリオ名: Banユーザログイン]
[ADMIN] 18:03:15.904566 シナリオ走行を開始しました [シナリオ名: Banユーザログイン]
[ADMIN] 18:03:15.904732 シナリオ走行を終了しました [シナリオ名: ログイン]
[ADMIN] 18:03:15.904744 シナリオ走行を開始しました [シナリオ名: ログイン]
[ADMIN] 18:03:15.916083 シナリオ走行を終了しました [シナリオ名: Banユーザログイン]
[ADMIN] 18:03:15.916095 シナリオ走行を開始しました [シナリオ名: Banユーザログイン]
[ADMIN] 18:03:15.946950 シナリオ走行を終了しました [シナリオ名: ログイン]
[ADMIN] 18:03:15.946970 シナリオ走行を開始しました [シナリオ名: ログイン]
[ADMIN] 18:03:15.948316 シナリオ走行を終了しました [シナリオ名: Banユーザログイン]
[ADMIN] 18:03:15.948336 シナリオ走行を開始しました [シナリオ名: Banユーザログイン]
[ADMIN] 18:03:15.957804 シナリオ走行を終了しました [シナリオ名: 新規ユーザー登録]
[ADMIN] 18:03:15.957824 シナリオ走行を開始しました [シナリオ名: 新規ユーザー登録]
[ADMIN] 18:03:15.960089 シナリオ走行を終了しました [シナリオ名: 新規ユーザー登録]
[ADMIN] 18:03:15.960108 シナリオ走行を開始しました [シナリオ名: 新規ユーザー登録]
[ADMIN] 18:03:15.962488 シナリオ走行を終了しました [シナリオ名: Banユーザログイン]
[ADMIN] 18:03:15.962535 シナリオ走行を開始しました [シナリオ名: Banユーザログイン]
[ADMIN] 18:03:15.967624 シナリオ走行を終了しました [シナリオ名: ログイン]
[ADMIN] 18:03:15.967634 シナリオ走行を開始しました [シナリオ名: ログイン]
[ADMIN] 18:03:15.969583 シナリオ走行を終了しました [シナリオ名: ログイン]
[ADMIN] 18:03:15.969593 シナリオ走行を開始しました [シナリオ名: ログイン]
[ADMIN] 18:03:15.970395 シナリオ走行を終了しました [シナリオ名: 新規ユーザー登録]
[ADMIN] 18:03:15.970413 シナリオ走行を開始しました [シナリオ名: 新規ユーザー登録]
[ADMIN] 18:03:15.982934 シナリオ走行を終了しました [シナリオ名: ログイン]
[ADMIN] 18:03:15.982947 シナリオ走行を開始しました [シナリオ名: ログイン]
[ADMIN] 18:03:16.008491 シナリオ走行を終了しました [シナリオ名: ログイン]
[ADMIN] 18:03:16.008505 シナリオ走行を開始しました [シナリオ名: ログイン]
[ADMIN] 18:03:16.019078 シナリオ走行を終了しました [シナリオ名: 新規ユーザー登録]
[ADMIN] 18:03:16.019098 シナリオ走行を開始しました [シナリオ名: 新規ユーザー登録]
[ADMIN] 18:03:16.019107 シナリオ走行を終了しました [シナリオ名: ログイン]
[ADMIN] 18:03:16.019117 シナリオ走行を開始しました [シナリオ名: ログイン]
[ADMIN] 18:03:16.049720 シナリオ走行を終了しました [シナリオ名: ログイン]
[ADMIN] 18:03:16.049737 シナリオ走行を開始しました [シナリオ名: ログイン]
[ADMIN] 18:03:16.062992 シナリオ走行を終了しました [シナリオ名: 新規ユーザー登録]
[ADMIN] 18:03:16.063017 シナリオ走行を開始しました [シナリオ名: 新規ユーザー登録]
[ADMIN] 18:03:16.063916 シナリオ走行を終了しました [シナリオ名: 新規ユーザー登録]
[ADMIN] 18:03:16.063933 シナリオ走行を開始しました [シナリオ名: 新規ユーザー登録]
[ADMIN] 18:03:16.101515 シナリオ走行を終了しました [シナリオ名: ログイン]
[ADMIN] 18:03:16.101529 シナリオ走行を開始しました [シナリオ名: ログイン]
[ADMIN] 18:03:16.103435 シナリオ走行を終了しました [シナリオ名: 新規ユーザー登録]
[ADMIN] 18:03:16.103455 シナリオ走行を開始しました [シナリオ名: 新規ユーザー登録]
[ADMIN] 18:03:16.111950 シナリオ走行を終了しました [シナリオ名: ログイン]
[ADMIN] 18:03:16.111959 シナリオ走行を開始しました [シナリオ名: ログイン]
[ADMIN] 18:03:16.117813 シナリオ走行を終了しました [シナリオ名: ログイン]
[ADMIN] 18:03:16.117824 シナリオ走行を開始しました [シナリオ名: ログイン]
[ADMIN] 18:03:16.138642 シナリオ走行を終了しました [シナリオ名: 新規ユーザー登録]
[ADMIN] 18:03:16.138670 シナリオ走行を開始しました [シナリオ名: 新規ユーザー登録]
[ADMIN] 18:03:16.138942 シナリオ走行を終了しました [シナリオ名: 新規ユーザー登録]
[ADMIN] 18:03:16.138965 シナリオ走行を開始しました [シナリオ名: 新規ユーザー登録]
[ADMIN] 18:03:16.160453 シナリオ走行を終了しました [シナリオ名: ログイン]
[ADMIN] 18:03:16.160467 シナリオ走行を開始しました [シナリオ名: ログイン]
[ADMIN] 18:03:16.165613 シナリオ走行を終了しました [シナリオ名: ログイン]
[ADMIN] 18:03:16.165622 シナリオ走行を開始しました [シナリオ名: ログイン]
[ADMIN] 18:03:16.165892 シナリオ走行を終了しました [シナリオ名: ログイン]
[ADMIN] 18:03:16.165905 シナリオ走行を開始しました [シナリオ名: ログイン]
[ADMIN] 18:03:16.166147 シナリオ走行を終了しました [シナリオ名: ログイン]
[ADMIN] 18:03:16.166159 シナリオ走行を開始しました [シナリオ名: ログイン]
[ADMIN] 18:03:16.172551 シナリオ走行を終了しました [シナリオ名: 新規ユーザー登録]
[ADMIN] 18:03:16.172570 シナリオ走行を開始しました [シナリオ名: 新規ユーザー登録]
[ADMIN] 18:03:16.182482 シナリオ走行を終了しました [シナリオ名: 新規ユーザー登録]
[ADMIN] 18:03:16.182500 シナリオ走行を開始しました [シナリオ名: 新規ユーザー登録]
[ADMIN] 18:03:16.188810 シナリオ走行を終了しました [シナリオ名: 新規ユーザー登録]
[ADMIN] 18:03:16.188825 シナリオ走行を開始しました [シナリオ名: 新規ユーザー登録]
[ADMIN] 18:03:16.201292 シナリオ走行を終了しました [シナリオ名: 新規ユーザー登録]
[ADMIN] 18:03:16.201309 シナリオ走行を開始しました [シナリオ名: 新規ユーザー登録]
[ADMIN] 18:03:16.202122 シナリオ走行を終了しました [シナリオ名: ログイン]
[ADMIN] 18:03:16.202133 シナリオ走行を開始しました [シナリオ名: ログイン]
[ADMIN] 18:03:16.218749 シナリオ走行を終了しました [シナリオ名: ログイン]
[ADMIN] 18:03:16.218760 シナリオ走行を開始しました [シナリオ名: ログイン]
[ADMIN] 18:03:16.219739 シナリオ走行を終了しました [シナリオ名: 新規ユーザー登録]
[ADMIN] 18:03:16.219757 シナリオ走行を開始しました [シナリオ名: 新規ユーザー登録]
[ADMIN] 18:03:16.273560 シナリオ走行を終了しました [シナリオ名: ログイン]
[ADMIN] 18:03:16.273595 シナリオ走行を開始しました [シナリオ名: ログイン]
[ADMIN] 18:03:16.294704 シナリオ走行を終了しました [シナリオ名: 新規ユーザー登録]
[ADMIN] 18:03:16.294733 シナリオ走行を開始しました [シナリオ名: 新規ユーザー登録]
[ADMIN] 18:03:16.330823 シナリオ走行を終了しました [シナリオ名: ログイン]
[ADMIN] 18:03:16.330840 シナリオ走行を開始しました [シナリオ名: ログイン]
[ADMIN] 18:03:16.382728 シナリオ走行を終了しました [シナリオ名: ログイン]
[ADMIN] 18:03:16.382741 シナリオ走行を開始しました [シナリオ名: ログイン]
[ADMIN] 18:03:16.420421 シナリオ走行を終了しました [シナリオ名: 新規ユーザー登録]
[ADMIN] 18:03:16.420445 シナリオ走行を開始しました [シナリオ名: 新規ユーザー登録]
[ADMIN] 18:03:16.430768 シナリオ走行を終了しました [シナリオ名: 新規ユーザー登録]
[ADMIN] 18:03:16.430849 シナリオ走行を開始しました [シナリオ名: 新規ユーザー登録]
[ADMIN] 18:03:16.441838 シナリオ走行を終了しました [シナリオ名: ログイン]
[ADMIN] 18:03:16.441850 シナリオ走行を開始しました [シナリオ名: ログイン]
[ADMIN] 18:03:16.442644 シナリオ走行を終了しました [シナリオ名: 新規ユーザー登録]
[ADMIN] 18:03:16.442659 シナリオ走行を開始しました [シナリオ名: 新規ユーザー登録]
[ADMIN] 18:03:16.451235 シナリオ走行を終了しました [シナリオ名: ログイン]
[ADMIN] 18:03:16.451246 シナリオ走行を開始しました [シナリオ名: ログイン]
[ADMIN] 18:03:16.520927 シナリオ走行を終了しました [シナリオ名: ログイン]
[ADMIN] 18:03:16.520943 シナリオ走行を開始しました [シナリオ名: ログイン]
[ADMIN] 18:03:16.522130 シナリオ走行を終了しました [シナリオ名: Banユーザログイン]
[ADMIN] 18:03:16.522140 シナリオ走行を開始しました [シナリオ名: Banユーザログイン]
[ADMIN] 18:03:16.524075 シナリオ走行を終了しました [シナリオ名: ログイン]
[ADMIN] 18:03:16.524083 シナリオ走行を開始しました [シナリオ名: ログイン]
[ADMIN] 18:03:16.525293 シナリオ走行を終了しました [シナリオ名: ログイン]
[ADMIN] 18:03:16.525302 シナリオ走行を開始しました [シナリオ名: ログイン]
[ADMIN] 18:03:16.535385 シナリオ走行を終了しました [シナリオ名: Banユーザログイン]
[ADMIN] 18:03:16.535406 シナリオ走行を開始しました [シナリオ名: Banユーザログイン]
[ADMIN] 18:03:16.536105 シナリオ走行を終了しました [シナリオ名: Banユーザログイン]
[ADMIN] 18:03:16.536125 シナリオ走行を開始しました [シナリオ名: Banユーザログイン]
[ADMIN] 18:03:16.545009 シナリオ走行を終了しました [シナリオ名: ログイン]
[ADMIN] 18:03:16.545024 シナリオ走行を開始しました [シナリオ名: ログイン]
[ADMIN] 18:03:16.549865 シナリオ走行を終了しました [シナリオ名: Banユーザログイン]
[ADMIN] 18:03:16.549880 シナリオ走行を開始しました [シナリオ名: Banユーザログイン]
[ADMIN] 18:03:16.559051 シナリオ走行を終了しました [シナリオ名: ログイン]
[ADMIN] 18:03:16.559061 シナリオ走行を開始しました [シナリオ名: ログイン]
[ADMIN] 18:03:16.586643 シナリオ走行を終了しました [シナリオ名: ログイン]
[ADMIN] 18:03:16.586663 シナリオ走行を開始しました [シナリオ名: ログイン]
[ADMIN] 18:03:16.593408 シナリオ走行を終了しました [シナリオ名: Banユーザログイン]
[ADMIN] 18:03:16.593425 シナリオ走行を開始しました [シナリオ名: Banユーザログイン]
[ADMIN] 18:03:16.597770 シナリオ走行を終了しました [シナリオ名: Banユーザログイン]
[ADMIN] 18:03:16.597786 シナリオ走行を開始しました [シナリオ名: Banユーザログイン]
[ADMIN] 18:03:16.652926 シナリオ走行を終了しました [シナリオ名: 新規ユーザー登録]
[ADMIN] 18:03:16.652950 シナリオ走行を開始しました [シナリオ名: 新規ユーザー登録]
[ADMIN] 18:03:16.655504 シナリオ走行を終了しました [シナリオ名: 新規ユーザー登録]
[ADMIN] 18:03:16.655524 シナリオ走行を開始しました [シナリオ名: 新規ユーザー登録]
[ADMIN] 18:03:16.665444 シナリオ走行を終了しました [シナリオ名: 新規ユーザー登録]
[ADMIN] 18:03:16.665468 シナリオ走行を開始しました [シナリオ名: 新規ユーザー登録]
[ADMIN] 18:03:16.666755 シナリオ走行を終了しました [シナリオ名: ログイン]
[ADMIN] 18:03:16.666767 シナリオ走行を開始しました [シナリオ名: ログイン]
[ADMIN] 18:03:16.697774 シナリオ走行を終了しました [シナリオ名: ログイン]
[ADMIN] 18:03:16.697790 シナリオ走行を開始しました [シナリオ名: ログイン]
[ADMIN] 18:03:16.699286 シナリオ走行を終了しました [シナリオ名: 新規ユーザー登録]
[ADMIN] 18:03:16.699308 シナリオ走行を開始しました [シナリオ名: 新規ユーザー登録]
[ADMIN] 18:03:16.709842 シナリオ走行を終了しました [シナリオ名: ログイン]
[ADMIN] 18:03:16.709860 シナリオ走行を開始しました [シナリオ名: ログイン]
[ADMIN] 18:03:16.730572 シナリオ走行を終了しました [シナリオ名: ログイン]
[ADMIN] 18:03:16.730582 シナリオ走行を開始しました [シナリオ名: ログイン]
[ADMIN] 18:03:16.750174 シナリオ走行を終了しました [シナリオ名: ログイン]
[ADMIN] 18:03:16.750190 シナリオ走行を開始しました [シナリオ名: ログイン]
[ADMIN] 18:03:16.787839 シナリオ走行を終了しました [シナリオ名: 新規ユーザー登録]
[ADMIN] 18:03:16.787864 シナリオ走行を開始しました [シナリオ名: 新規ユーザー登録]
[ADMIN] 18:03:16.828607 シナリオ走行を終了しました [シナリオ名: 新規ユーザー登録]
[ADMIN] 18:03:16.828633 シナリオ走行を開始しました [シナリオ名: 新規ユーザー登録]
[ADMIN] 18:03:16.830427 シナリオ走行を終了しました [シナリオ名: 新規ユーザー登録]
[ADMIN] 18:03:16.830444 シナリオ走行を開始しました [シナリオ名: 新規ユーザー登録]
[ADMIN] 18:03:16.847276 シナリオ走行を終了しました [シナリオ名: ログイン]
[ADMIN] 18:03:16.847290 シナリオ走行を開始しました [シナリオ名: ログイン]
[ADMIN] 18:03:16.874948 シナリオ走行を終了しました [シナリオ名: 新規ユーザー登録]
[ADMIN] 18:03:16.874974 シナリオ走行を開始しました [シナリオ名: 新規ユーザー登録]
[ADMIN] 18:03:16.879463 シナリオ走行を終了しました [シナリオ名: ログイン]
[ADMIN] 18:03:16.879476 シナリオ走行を開始しました [シナリオ名: ログイン]
[ADMIN] 18:03:16.880051 シナリオ走行を終了しました [シナリオ名: 新規ユーザー登録]
[ADMIN] 18:03:16.880071 シナリオ走行を開始しました [シナリオ名: 新規ユーザー登録]
[ADMIN] 18:03:16.883324 シナリオ走行を終了しました [シナリオ名: ログイン]
[ADMIN] 18:03:16.883336 シナリオ走行を開始しました [シナリオ名: ログイン]
[ADMIN] 18:03:16.891704 シナリオ走行を終了しました [シナリオ名: 新規ユーザー登録]
[ADMIN] 18:03:16.891722 シナリオ走行を開始しました [シナリオ名: 新規ユーザー登録]
[ADMIN] 18:03:16.898285 シナリオ走行を終了しました [シナリオ名: 新規ユーザー登録]
[ADMIN] 18:03:16.898370 シナリオ走行を開始しました [シナリオ名: 新規ユーザー登録]
[ADMIN] 18:03:16.925504 シナリオ走行を終了しました [シナリオ名: ログイン]
[ADMIN] 18:03:16.925513 シナリオ走行を開始しました [シナリオ名: ログイン]
[ADMIN] 18:03:16.940952 シナリオ走行を終了しました [シナリオ名: ログイン]
[ADMIN] 18:03:16.940961 シナリオ走行を開始しました [シナリオ名: ログイン]
[ADMIN] 18:03:16.942440 シナリオ走行を終了しました [シナリオ名: ログイン]
[ADMIN] 18:03:16.942459 シナリオ走行を開始しました [シナリオ名: ログイン]
[ADMIN] 18:03:16.942683 シナリオ走行を終了しました [シナリオ名: ログイン]
[ADMIN] 18:03:16.942697 シナリオ走行を開始しました [シナリオ名: ログイン]
[ADMIN] 18:03:16.942779 シナリオ走行を終了しました [シナリオ名: 新規ユーザー登録]
[ADMIN] 18:03:16.942799 シナリオ走行を開始しました [シナリオ名: 新規ユーザー登録]
[ADMIN] 18:03:16.945791 シナリオ走行を終了しました [シナリオ名: ログイン]
[ADMIN] 18:03:16.945800 シナリオ走行を開始しました [シナリオ名: ログイン]
[ADMIN] 18:03:17.004754 シナリオ走行を終了しました [シナリオ名: 新規ユーザー登録]
[ADMIN] 18:03:17.004783 シナリオ走行を開始しました [シナリオ名: 新規ユーザー登録]
[ADMIN] 18:03:17.012334 シナリオ走行を終了しました [シナリオ名: ログイン]
[ADMIN] 18:03:17.012345 シナリオ走行を開始しました [シナリオ名: ログイン]
[ADMIN] 18:03:17.023008 シナリオ走行を終了しました [シナリオ名: 新規ユーザー登録]
[ADMIN] 18:03:17.023027 シナリオ走行を開始しました [シナリオ名: 新規ユーザー登録]
[ADMIN] 18:03:17.084352 シナリオ走行を終了しました [シナリオ名: ログイン]
[ADMIN] 18:03:17.084367 シナリオ走行を開始しました [シナリオ名: ログイン]
[ADMIN] 18:03:17.093968 シナリオ走行を終了しました [シナリオ名: 新規ユーザー登録]
[ADMIN] 18:03:17.093996 シナリオ走行を開始しました [シナリオ名: 新規ユーザー登録]
[ADMIN] 18:03:17.104510 シナリオ走行を終了しました [シナリオ名: Banユーザログイン]
[ADMIN] 18:03:17.104528 シナリオ走行を開始しました [シナリオ名: Banユーザログイン]
[ADMIN] 18:03:17.105716 シナリオ走行を終了しました [シナリオ名: 新規ユーザー登録]
[ADMIN] 18:03:17.105739 シナリオ走行を開始しました [シナリオ名: 新規ユーザー登録]
[ADMIN] 18:03:17.142999 シナリオ走行を終了しました [シナリオ名: 新規ユーザー登録]
[ADMIN] 18:03:17.143040 シナリオ走行を開始しました [シナリオ名: 新規ユーザー登録]
[ADMIN] 18:03:17.159507 シナリオ走行を終了しました [シナリオ名: ログイン]
[ADMIN] 18:03:17.159571 シナリオ走行を開始しました [シナリオ名: ログイン]
[ADMIN] 18:03:17.160353 シナリオ走行を終了しました [シナリオ名: 新規ユーザー登録]
[ADMIN] 18:03:17.160388 シナリオ走行を開始しました [シナリオ名: 新規ユーザー登録]
[ADMIN] 18:03:17.180451 シナリオ走行を終了しました [シナリオ名: Banユーザログイン]
[ADMIN] 18:03:17.180456 シナリオ走行を終了しました [シナリオ名: Banユーザログイン]
[ADMIN] 18:03:17.180479 シナリオ走行を開始しました [シナリオ名: Banユーザログイン]
[ADMIN] 18:03:17.180472 シナリオ走行を開始しました [シナリオ名: Banユーザログイン]
[ADMIN] 18:03:17.181558 シナリオ走行を終了しました [シナリオ名: 新規ユーザー登録]
[ADMIN] 18:03:17.181578 シナリオ走行を開始しました [シナリオ名: 新規ユーザー登録]
[ADMIN] 18:03:17.192562 シナリオ走行を終了しました [シナリオ名: 新規ユーザー登録]
[ADMIN] 18:03:17.192582 シナリオ走行を開始しました [シナリオ名: 新規ユーザー登録]
[ADMIN] 18:03:17.198536 シナリオ走行を終了しました [シナリオ名: Banユーザログイン]
[ADMIN] 18:03:17.198547 シナリオ走行を開始しました [シナリオ名: Banユーザログイン]
[ADMIN] 18:03:17.213354 シナリオ走行を終了しました [シナリオ名: 新規ユーザー登録]
[ADMIN] 18:03:17.213372 シナリオ走行を開始しました [シナリオ名: 新規ユーザー登録]
[ADMIN] 18:03:17.218982 シナリオ走行を終了しました [シナリオ名: ログイン]
[ADMIN] 18:03:17.218993 シナリオ走行を開始しました [シナリオ名: ログイン]
[ADMIN] 18:03:17.238609 シナリオ走行を終了しました [シナリオ名: Banユーザログイン]
[ADMIN] 18:03:17.238639 シナリオ走行を開始しました [シナリオ名: Banユーザログイン]
[ADMIN] 18:03:17.245524 シナリオ走行を終了しました [シナリオ名: ログイン]
[ADMIN] 18:03:17.245536 シナリオ走行を開始しました [シナリオ名: ログイン]
[ADMIN] 18:03:17.249778 シナリオ走行を終了しました [シナリオ名: ログイン]
[ADMIN] 18:03:17.249788 シナリオ走行を開始しました [シナリオ名: ログイン]
[ADMIN] 18:03:17.251203 シナリオ走行を終了しました [シナリオ名: Banユーザログイン]
[ADMIN] 18:03:17.251217 シナリオ走行を開始しました [シナリオ名: Banユーザログイン]
[ADMIN] 18:03:17.252447 シナリオ走行を終了しました [シナリオ名: ログイン]
[ADMIN] 18:03:17.252456 シナリオ走行を開始しました [シナリオ名: ログイン]
[ADMIN] 18:03:17.252647 シナリオ走行を終了しました [シナリオ名: ログイン]
[ADMIN] 18:03:17.252657 シナリオ走行を開始しました [シナリオ名: ログイン]
[ADMIN] 18:03:17.279989 シナリオ走行を終了しました [シナリオ名: 新規ユーザー登録]
[ADMIN] 18:03:17.280013 シナリオ走行を開始しました [シナリオ名: 新規ユーザー登録]
[ADMIN] 18:03:17.332299 シナリオ走行を終了しました [シナリオ名: ログイン]
[ADMIN] 18:03:17.332310 シナリオ走行を開始しました [シナリオ名: ログイン]
[ADMIN] 18:03:17.349968 シナリオ走行を終了しました [シナリオ名: ログイン]
[ADMIN] 18:03:17.349979 シナリオ走行を開始しました [シナリオ名: ログイン]
[ADMIN] 18:03:17.356394 シナリオ走行を終了しました [シナリオ名: 新規ユーザー登録]
[ADMIN] 18:03:17.356415 シナリオ走行を開始しました [シナリオ名: 新規ユーザー登録]
[ADMIN] 18:03:17.393195 シナリオ走行を終了しました [シナリオ名: ログイン]
[ADMIN] 18:03:17.393205 シナリオ走行を開始しました [シナリオ名: ログイン]
[ADMIN] 18:03:17.406468 シナリオ走行を終了しました [シナリオ名: ログイン]
[ADMIN] 18:03:17.406478 シナリオ走行を開始しました [シナリオ名: ログイン]
[ADMIN] 18:03:17.406708 シナリオ走行を終了しました [シナリオ名: ログイン]
[ADMIN] 18:03:17.406718 シナリオ走行を開始しました [シナリオ名: ログイン]
[ADMIN] 18:03:17.450906 シナリオ走行を終了しました [シナリオ名: ログイン]
[ADMIN] 18:03:17.450921 シナリオ走行を開始しました [シナリオ名: ログイン]
[ADMIN] 18:03:17.454682 シナリオ走行を終了しました [シナリオ名: ログイン]
[ADMIN] 18:03:17.454692 シナリオ走行を開始しました [シナリオ名: ログイン]
[ADMIN] 18:03:17.515738 シナリオ走行を終了しました [シナリオ名: ログイン]
[ADMIN] 18:03:17.515752 シナリオ走行を開始しました [シナリオ名: ログイン]
[ADMIN] 18:03:17.522916 シナリオ走行を終了しました [シナリオ名: 新規ユーザー登録]
[ADMIN] 18:03:17.522938 シナリオ走行を開始しました [シナリオ名: 新規ユーザー登録]
[ADMIN] 18:03:17.543634 シナリオ走行を終了しました [シナリオ名: ログイン]
[ADMIN] 18:03:17.543646 シナリオ走行を開始しました [シナリオ名: ログイン]
[ADMIN] 18:03:17.557660 シナリオ走行を終了しました [シナリオ名: 新規ユーザー登録]
[ADMIN] 18:03:17.557683 シナリオ走行を開始しました [シナリオ名: 新規ユーザー登録]
[ADMIN] 18:03:17.563485 シナリオ走行を終了しました [シナリオ名: 新規ユーザー登録]
[ADMIN] 18:03:17.563510 シナリオ走行を開始しました [シナリオ名: 新規ユーザー登録]
[ADMIN] 18:03:17.563622 シナリオ走行を終了しました [シナリオ名: ログイン]
[ADMIN] 18:03:17.563635 シナリオ走行を開始しました [シナリオ名: ログイン]
[ADMIN] 18:03:17.564558 シナリオ走行を終了しました [シナリオ名: 新規ユーザー登録]
[ADMIN] 18:03:17.564575 シナリオ走行を開始しました [シナリオ名: 新規ユーザー登録]
[ADMIN] 18:03:17.564962 シナリオ走行を終了しました [シナリオ名: 新規ユーザー登録]
[ADMIN] 18:03:17.564980 シナリオ走行を開始しました [シナリオ名: 新規ユーザー登録]
[ADMIN] 18:03:17.627868 シナリオ走行を終了しました [シナリオ名: ログイン]
[ADMIN] 18:03:17.627881 シナリオ走行を開始しました [シナリオ名: ログイン]
[ADMIN] 18:03:17.631531 シナリオ走行を終了しました [シナリオ名: ログイン]
[ADMIN] 18:03:17.631545 シナリオ走行を開始しました [シナリオ名: ログイン]
[ADMIN] 18:03:17.633247 シナリオ走行を終了しました [シナリオ名: 新規ユーザー登録]
[ADMIN] 18:03:17.633267 シナリオ走行を開始しました [シナリオ名: 新規ユーザー登録]
[ADMIN] 18:03:17.635699 シナリオ走行を終了しました [シナリオ名: ログイン]
[ADMIN] 18:03:17.635709 シナリオ走行を開始しました [シナリオ名: ログイン]
[ADMIN] 18:03:17.636593 シナリオ走行を終了しました [シナリオ名: 新規ユーザー登録]
[ADMIN] 18:03:17.636609 シナリオ走行を開始しました [シナリオ名: 新規ユーザー登録]
[ADMIN] 18:03:17.645845 シナリオ走行を終了しました [シナリオ名: 新規ユーザー登録]
[ADMIN] 18:03:17.645862 シナリオ走行を開始しました [シナリオ名: 新規ユーザー登録]
[ADMIN] 18:03:17.648367 シナリオ走行を終了しました [シナリオ名: ログイン]
[ADMIN] 18:03:17.648378 シナリオ走行を開始しました [シナリオ名: ログイン]
[ADMIN] 18:03:17.664965 シナリオ走行を終了しました [シナリオ名: 新規ユーザー登録]
[ADMIN] 18:03:17.664986 シナリオ走行を開始しました [シナリオ名: 新規ユーザー登録]
[ADMIN] 18:03:17.666035 シナリオ走行を終了しました [シナリオ名: Banユーザログイン]
[ADMIN] 18:03:17.666055 シナリオ走行を開始しました [シナリオ名: Banユーザログイン]
[ADMIN] 18:03:17.684615 シナリオ走行を終了しました [シナリオ名: ログイン]
[ADMIN] 18:03:17.684627 シナリオ走行を開始しました [シナリオ名: ログイン]
[ADMIN] 18:03:17.695257 シナリオ走行を終了しました [シナリオ名: ログイン]
[ADMIN] 18:03:17.695274 シナリオ走行を開始しました [シナリオ名: ログイン]
[ADMIN] 18:03:17.717844 シナリオ走行を終了しました [シナリオ名: ログイン]
[ADMIN] 18:03:17.717854 シナリオ走行を開始しました [シナリオ名: ログイン]
[ADMIN] 18:03:17.720437 シナリオ走行を終了しました [シナリオ名: 新規ユーザー登録]
[ADMIN] 18:03:17.720453 シナリオ走行を開始しました [シナリオ名: 新規ユーザー登録]
[ADMIN] 18:03:17.767715 シナリオ走行を終了しました [シナリオ名: ログイン]
[ADMIN] 18:03:17.767725 シナリオ走行を開始しました [シナリオ名: ログイン]
[ADMIN] 18:03:17.815963 シナリオ走行を終了しました [シナリオ名: ログイン]
[ADMIN] 18:03:17.815973 シナリオ走行を開始しました [シナリオ名: ログイン]
[ADMIN] 18:03:17.831799 シナリオ走行を終了しました [シナリオ名: Banユーザログイン]
[ADMIN] 18:03:17.831817 シナリオ走行を開始しました [シナリオ名: Banユーザログイン]
[ADMIN] 18:03:17.861233 シナリオ走行を終了しました [シナリオ名: Banユーザログイン]
[ADMIN] 18:03:17.861254 シナリオ走行を開始しました [シナリオ名: Banユーザログイン]
[ADMIN] 18:03:17.866972 シナリオ走行を終了しました [シナリオ名: ログイン]
[ADMIN] 18:03:17.866983 シナリオ走行を開始しました [シナリオ名: ログイン]
[ADMIN] 18:03:17.868363 シナリオ走行を終了しました [シナリオ名: Banユーザログイン]
[ADMIN] 18:03:17.868378 シナリオ走行を開始しました [シナリオ名: Banユーザログイン]
[ADMIN] 18:03:17.869946 シナリオ走行を終了しました [シナリオ名: ログイン]
[ADMIN] 18:03:17.869958 シナリオ走行を開始しました [シナリオ名: ログイン]
[ADMIN] 18:03:17.875311 シナリオ走行を終了しました [シナリオ名: Banユーザログイン]
[ADMIN] 18:03:17.875328 シナリオ走行を開始しました [シナリオ名: Banユーザログイン]
[ADMIN] 18:03:17.898871 シナリオ走行を終了しました [シナリオ名: ログイン]
[ADMIN] 18:03:17.898883 シナリオ走行を開始しました [シナリオ名: ログイン]
[ADMIN] 18:03:17.904411 シナリオ走行を終了しました [シナリオ名: 新規ユーザー登録]
[ADMIN] 18:03:17.904428 シナリオ走行を開始しました [シナリオ名: 新規ユーザー登録]
[ADMIN] 18:03:17.918093 シナリオ走行を終了しました [シナリオ名: 新規ユーザー登録]
[ADMIN] 18:03:17.918108 シナリオ走行を開始しました [シナリオ名: 新規ユーザー登録]
[ADMIN] 18:03:17.928659 シナリオ走行を終了しました [シナリオ名: 新規ユーザー登録]
[ADMIN] 18:03:17.928677 シナリオ走行を開始しました [シナリオ名: 新規ユーザー登録]
[ADMIN] 18:03:17.933104 シナリオ走行を終了しました [シナリオ名: ログイン]
[ADMIN] 18:03:17.933113 シナリオ走行を開始しました [シナリオ名: ログイン]
[ADMIN] 18:03:17.939094 シナリオ走行を終了しました [シナリオ名: ログイン]
[ADMIN] 18:03:17.939102 シナリオ走行を開始しました [シナリオ名: ログイン]
[ADMIN] 18:03:17.960901 シナリオ走行を終了しました [シナリオ名: Banユーザログイン]
[ADMIN] 18:03:17.960913 シナリオ走行を開始しました [シナリオ名: Banユーザログイン]
[ADMIN] 18:03:17.968052 シナリオ走行を終了しました [シナリオ名: ログイン]
[ADMIN] 18:03:17.968063 シナリオ走行を開始しました [シナリオ名: ログイン]
[ADMIN] 18:03:17.977722 シナリオ走行を終了しました [シナリオ名: ログイン]
[ADMIN] 18:03:17.977730 シナリオ走行を開始しました [シナリオ名: ログイン]
[ADMIN] 18:03:18.021245 シナリオ走行を終了しました [シナリオ名: 新規ユーザー登録]
[ADMIN] 18:03:18.021281 シナリオ走行を開始しました [シナリオ名: 新規ユーザー登録]
[ADMIN] 18:03:18.029537 シナリオ走行を終了しました [シナリオ名: 新規ユーザー登録]
[ADMIN] 18:03:18.029560 シナリオ走行を開始しました [シナリオ名: 新規ユーザー登録]
[ADMIN] 18:03:18.061358 シナリオ走行を終了しました [シナリオ名: ログイン]
[ADMIN] 18:03:18.061369 シナリオ走行を開始しました [シナリオ名: ログイン]
[ADMIN] 18:03:18.083482 シナリオ走行を終了しました [シナリオ名: 新規ユーザー登録]
[ADMIN] 18:03:18.083506 シナリオ走行を開始しました [シナリオ名: 新規ユーザー登録]
[ADMIN] 18:03:18.088913 シナリオ走行を終了しました [シナリオ名: ログイン]
[ADMIN] 18:03:18.088925 シナリオ走行を開始しました [シナリオ名: ログイン]
[ADMIN] 18:03:18.093966 シナリオ走行を終了しました [シナリオ名: ログイン]
[ADMIN] 18:03:18.093978 シナリオ走行を開始しました [シナリオ名: ログイン]
[ADMIN] 18:03:18.133424 シナリオ走行を終了しました [シナリオ名: 新規ユーザー登録]
[ADMIN] 18:03:18.133446 シナリオ走行を開始しました [シナリオ名: 新規ユーザー登録]
[ADMIN] 18:03:18.139674 シナリオ走行を終了しました [シナリオ名: ログイン]
[ADMIN] 18:03:18.139687 シナリオ走行を開始しました [シナリオ名: ログイン]
[ADMIN] 18:03:18.140037 シナリオ走行を終了しました [シナリオ名: ログイン]
[ADMIN] 18:03:18.140050 シナリオ走行を開始しました [シナリオ名: ログイン]
[ADMIN] 18:03:18.140115 シナリオ走行を終了しました [シナリオ名: ログイン]
[ADMIN] 18:03:18.140125 シナリオ走行を開始しました [シナリオ名: ログイン]
[ADMIN] 18:03:18.140885 シナリオ走行を終了しました [シナリオ名: 新規ユーザー登録]
[ADMIN] 18:03:18.140901 シナリオ走行を開始しました [シナリオ名: 新規ユーザー登録]
[ADMIN] 18:03:18.161460 シナリオ走行を終了しました [シナリオ名: 新規ユーザー登録]
[ADMIN] 18:03:18.161482 シナリオ走行を開始しました [シナリオ名: 新規ユーザー登録]
[ADMIN] 18:03:18.184019 シナリオ走行を終了しました [シナリオ名: 新規ユーザー登録]
[ADMIN] 18:03:18.184043 シナリオ走行を開始しました [シナリオ名: 新規ユーザー登録]
[ADMIN] 18:03:18.185294 シナリオ走行を終了しました [シナリオ名: 新規ユーザー登録]
[ADMIN] 18:03:18.185310 シナリオ走行を開始しました [シナリオ名: 新規ユーザー登録]
[ADMIN] 18:03:18.189097 シナリオ走行を終了しました [シナリオ名: ログイン]
[ADMIN] 18:03:18.189107 シナリオ走行を開始しました [シナリオ名: ログイン]
[ADMIN] 18:03:18.238019 シナリオ走行を終了しました [シナリオ名: ログイン]
[ADMIN] 18:03:18.238029 シナリオ走行を開始しました [シナリオ名: ログイン]
[ADMIN] 18:03:18.255137 シナリオ走行を終了しました [シナリオ名: ログイン]
[ADMIN] 18:03:18.255151 シナリオ走行を開始しました [シナリオ名: ログイン]
[ADMIN] 18:03:18.259169 シナリオ走行を終了しました [シナリオ名: ログイン]
[ADMIN] 18:03:18.259179 シナリオ走行を開始しました [シナリオ名: ログイン]
[ADMIN] 18:03:18.279377 シナリオ走行を終了しました [シナリオ名: ログイン]
[ADMIN] 18:03:18.279388 シナリオ走行を開始しました [シナリオ名: ログイン]
[ADMIN] 18:03:18.316699 シナリオ走行を終了しました [シナリオ名: Banユーザログイン]
[ADMIN] 18:03:18.316715 シナリオ走行を開始しました [シナリオ名: Banユーザログイン]
[ADMIN] 18:03:18.332574 シナリオ走行を終了しました [シナリオ名: ログイン]
[ADMIN] 18:03:18.332591 シナリオ走行を開始しました [シナリオ名: ログイン]
[ADMIN] 18:03:18.333855 シナリオ走行を終了しました [シナリオ名: 新規ユーザー登録]
[ADMIN] 18:03:18.333874 シナリオ走行を開始しました [シナリオ名: 新規ユーザー登録]
[ADMIN] 18:03:18.351810 シナリオ走行を終了しました [シナリオ名: ログイン]
[ADMIN] 18:03:18.351823 シナリオ走行を開始しました [シナリオ名: ログイン]
[ADMIN] 18:03:18.356731 シナリオ走行を終了しました [シナリオ名: ログイン]
[ADMIN] 18:03:18.356742 シナリオ走行を開始しました [シナリオ名: ログイン]
[ADMIN] 18:03:18.382773 シナリオ走行を終了しました [シナリオ名: Banユーザログイン]
[ADMIN] 18:03:18.382791 シナリオ走行を開始しました [シナリオ名: Banユーザログイン]
[ADMIN] 18:03:18.387038 シナリオ走行を終了しました [シナリオ名: 新規ユーザー登録]
[ADMIN] 18:03:18.387057 シナリオ走行を開始しました [シナリオ名: 新規ユーザー登録]
[ADMIN] 18:03:18.387507 シナリオ走行を終了しました [シナリオ名: ログイン]
[ADMIN] 18:03:18.387517 シナリオ走行を開始しました [シナリオ名: ログイン]
[ADMIN] 18:03:18.410376 シナリオ走行を終了しました [シナリオ名: ログイン]
[ADMIN] 18:03:18.410388 シナリオ走行を開始しました [シナリオ名: ログイン]
[ADMIN] 18:03:18.426434 シナリオ走行を終了しました [シナリオ名: ログイン]
[ADMIN] 18:03:18.426444 シナリオ走行を開始しました [シナリオ名: ログイン]
[ADMIN] 18:03:18.435438 シナリオ走行を終了しました [シナリオ名: 新規ユーザー登録]
[ADMIN] 18:03:18.435454 シナリオ走行を開始しました [シナリオ名: 新規ユーザー登録]
[ADMIN] 18:03:18.444082 シナリオ走行を終了しました [シナリオ名: 新規ユーザー登録]
[ADMIN] 18:03:18.444097 シナリオ走行を開始しました [シナリオ名: 新規ユーザー登録]
[ADMIN] 18:03:18.470053 シナリオ走行を終了しました [シナリオ名: Banユーザログイン]
[ADMIN] 18:03:18.470069 シナリオ走行を開始しました [シナリオ名: Banユーザログイン]
[ADMIN] 18:03:18.474690 シナリオ走行を終了しました [シナリオ名: 新規ユーザー登録]
[ADMIN] 18:03:18.474704 シナリオ走行を開始しました [シナリオ名: 新規ユーザー登録]
[ADMIN] 18:03:18.487533 シナリオ走行を終了しました [シナリオ名: ログイン]
[ADMIN] 18:03:18.487546 シナリオ走行を開始しました [シナリオ名: ログイン]
[ADMIN] 18:03:18.490883 シナリオ走行を終了しました [シナリオ名: ログイン]
[ADMIN] 18:03:18.490892 シナリオ走行を開始しました [シナリオ名: ログイン]
[ADMIN] 18:03:18.492107 シナリオ走行を終了しました [シナリオ名: ログイン]
[ADMIN] 18:03:18.492115 シナリオ走行を開始しました [シナリオ名: ログイン]
[ADMIN] 18:03:18.504813 シナリオ走行を終了しました [シナリオ名: Banユーザログイン]
[ADMIN] 18:03:18.504828 シナリオ走行を開始しました [シナリオ名: Banユーザログイン]
[ADMIN] 18:03:18.508754 シナリオ走行を終了しました [シナリオ名: ログイン]
[ADMIN] 18:03:18.508762 シナリオ走行を開始しました [シナリオ名: ログイン]
[ADMIN] 18:03:18.544226 シナリオ走行を終了しました [シナリオ名: 新規ユーザー登録]
[ADMIN] 18:03:18.544244 シナリオ走行を開始しました [シナリオ名: 新規ユーザー登録]
[ADMIN] 18:03:18.548229 シナリオ走行を終了しました [シナリオ名: Banユーザログイン]
[ADMIN] 18:03:18.548245 シナリオ走行を開始しました [シナリオ名: Banユーザログイン]
[ADMIN] 18:03:18.549851 シナリオ走行を終了しました [シナリオ名: ログイン]
[ADMIN] 18:03:18.549860 シナリオ走行を開始しました [シナリオ名: ログイン]
[ADMIN] 18:03:18.559036 シナリオ走行を終了しました [シナリオ名: 新規ユーザー登録]
[ADMIN] 18:03:18.559054 シナリオ走行を開始しました [シナリオ名: 新規ユーザー登録]
[ADMIN] 18:03:18.568676 シナリオ走行を終了しました [シナリオ名: 新規ユーザー登録]
[ADMIN] 18:03:18.568693 シナリオ走行を終了しました [シナリオ名: 新規ユーザー登録]
[ADMIN] 18:03:18.568695 シナリオ走行を開始しました [シナリオ名: 新規ユーザー登録]
[ADMIN] 18:03:18.568703 シナリオ走行を開始しました [シナリオ名: 新規ユーザー登録]
[ADMIN] 18:03:18.623738 シナリオ走行を終了しました [シナリオ名: 新規ユーザー登録]
[ADMIN] 18:03:18.623770 シナリオ走行を開始しました [シナリオ名: 新規ユーザー登録]
[ADMIN] 18:03:18.648314 シナリオ走行を終了しました [シナリオ名: 新規ユーザー登録]
[ADMIN] 18:03:18.648335 シナリオ走行を開始しました [シナリオ名: 新規ユーザー登録]
[ADMIN] 18:03:18.676216 シナリオ走行を終了しました [シナリオ名: 新規ユーザー登録]
[ADMIN] 18:03:18.676241 シナリオ走行を開始しました [シナリオ名: 新規ユーザー登録]
[ADMIN] 18:03:18.696456 シナリオ走行を終了しました [シナリオ名: Banユーザログイン]
[ADMIN] 18:03:18.696476 シナリオ走行を開始しました [シナリオ名: Banユーザログイン]
[ADMIN] 18:03:18.699547 シナリオ走行を終了しました [シナリオ名: ログイン]
[ADMIN] 18:03:18.699558 シナリオ走行を開始しました [シナリオ名: ログイン]
[ADMIN] 18:03:18.706571 シナリオ走行を終了しました [シナリオ名: ログイン]
[ADMIN] 18:03:18.706581 シナリオ走行を開始しました [シナリオ名: ログイン]
[ADMIN] 18:03:18.766397 シナリオ走行を終了しました [シナリオ名: 新規ユーザー登録]
[ADMIN] 18:03:18.766422 シナリオ走行を開始しました [シナリオ名: 新規ユーザー登録]
[ADMIN] 18:03:18.769098 シナリオ走行を終了しました [シナリオ名: ログイン]
[ADMIN] 18:03:18.769110 シナリオ走行を開始しました [シナリオ名: ログイン]
[ADMIN] 18:03:18.777051 シナリオ走行を終了しました [シナリオ名: ログイン]
[ADMIN] 18:03:18.777061 シナリオ走行を開始しました [シナリオ名: ログイン]
[ADMIN] 18:03:18.779135 シナリオ走行を終了しました [シナリオ名: ログイン]
[ADMIN] 18:03:18.779143 シナリオ走行を開始しました [シナリオ名: ログイン]
[ADMIN] 18:03:18.781680 シナリオ走行を終了しました [シナリオ名: ログイン]
[ADMIN] 18:03:18.781689 シナリオ走行を開始しました [シナリオ名: ログイン]
[ADMIN] 18:03:18.782709 シナリオ走行を終了しました [シナリオ名: 新規ユーザー登録]
[ADMIN] 18:03:18.782725 シナリオ走行を開始しました [シナリオ名: 新規ユーザー登録]
[ADMIN] 18:03:18.861913 シナリオ走行を終了しました [シナリオ名: 新規ユーザー登録]
[ADMIN] 18:03:18.861937 シナリオ走行を開始しました [シナリオ名: 新規ユーザー登録]
[ADMIN] 18:03:18.868912 シナリオ走行を終了しました [シナリオ名: ログイン]
[ADMIN] 18:03:18.868925 シナリオ走行を開始しました [シナリオ名: ログイン]
[ADMIN] 18:03:18.870564 シナリオ走行を終了しました [シナリオ名: ログイン]
[ADMIN] 18:03:18.870574 シナリオ走行を開始しました [シナリオ名: ログイン]
[ADMIN] 18:03:18.872243 シナリオ走行を終了しました [シナリオ名: ログイン]
[ADMIN] 18:03:18.872254 シナリオ走行を開始しました [シナリオ名: ログイン]
[ADMIN] 18:03:18.958048 シナリオ走行を終了しました [シナリオ名: 新規ユーザー登録]
[ADMIN] 18:03:18.958073 シナリオ走行を開始しました [シナリオ名: 新規ユーザー登録]
[ADMIN] 18:03:18.961865 シナリオ走行を終了しました [シナリオ名: ログイン]
[ADMIN] 18:03:18.961877 シナリオ走行を開始しました [シナリオ名: ログイン]
[ADMIN] 18:03:18.962497 シナリオ走行を終了しました [シナリオ名: ログイン]
[ADMIN] 18:03:18.962505 シナリオ走行を開始しました [シナリオ名: ログイン]
[ADMIN] 18:03:18.967945 シナリオ走行を終了しました [シナリオ名: 新規ユーザー登録]
[ADMIN] 18:03:18.967964 シナリオ走行を開始しました [シナリオ名: 新規ユーザー登録]
[ADMIN] 18:03:18.989258 シナリオ走行を終了しました [シナリオ名: Banユーザログイン]
[ADMIN] 18:03:18.989281 シナリオ走行を開始しました [シナリオ名: Banユーザログイン]
[ADMIN] 18:03:19.011815 シナリオ走行を終了しました [シナリオ名: Banユーザログイン]
[ADMIN] 18:03:19.011832 シナリオ走行を開始しました [シナリオ名: Banユーザログイン]
[ADMIN] 18:03:19.047781 シナリオ走行を終了しました [シナリオ名: ログイン]
[ADMIN] 18:03:19.047795 シナリオ走行を開始しました [シナリオ名: ログイン]
[ADMIN] 18:03:19.048879 シナリオ走行を終了しました [シナリオ名: 新規ユーザー登録]
[ADMIN] 18:03:19.048894 シナリオ走行を開始しました [シナリオ名: 新規ユーザー登録]
[ADMIN] 18:03:19.052779 シナリオ走行を終了しました [シナリオ名: 新規ユーザー登録]
[ADMIN] 18:03:19.052795 シナリオ走行を開始しました [シナリオ名: 新規ユーザー登録]
[ADMIN] 18:03:19.061835 シナリオ走行を終了しました [シナリオ名: 新規ユーザー登録]
[ADMIN] 18:03:19.061854 シナリオ走行を開始しました [シナリオ名: 新規ユーザー登録]
[ADMIN] 18:03:19.062727 シナリオ走行を終了しました [シナリオ名: ログイン]
[ADMIN] 18:03:19.062736 シナリオ走行を開始しました [シナリオ名: ログイン]
[ADMIN] 18:03:19.062896 シナリオ走行を終了しました [シナリオ名: 新規ユーザー登録]
[ADMIN] 18:03:19.062910 シナリオ走行を開始しました [シナリオ名: 新規ユーザー登録]
[ADMIN] 18:03:19.083487 シナリオ走行を終了しました [シナリオ名: 新規ユーザー登録]
[ADMIN] 18:03:19.083503 シナリオ走行を開始しました [シナリオ名: 新規ユーザー登録]
[ADMIN] 18:03:19.085151 シナリオ走行を終了しました [シナリオ名: ログイン]
[ADMIN] 18:03:19.085160 シナリオ走行を開始しました [シナリオ名: ログイン]
[ADMIN] 18:03:19.086992 シナリオ走行を終了しました [シナリオ名: ログイン]
[ADMIN] 18:03:19.087000 シナリオ走行を開始しました [シナリオ名: ログイン]
[ADMIN] 18:03:19.087228 シナリオ走行を終了しました [シナリオ名: ログイン]
[ADMIN] 18:03:19.087238 シナリオ走行を開始しました [シナリオ名: ログイン]
[ADMIN] 18:03:19.098305 シナリオ走行を終了しました [シナリオ名: ログイン]
[ADMIN] 18:03:19.098314 シナリオ走行を開始しました [シナリオ名: ログイン]
[ADMIN] 18:03:19.120028 シナリオ走行を終了しました [シナリオ名: 新規ユーザー登録]
[ADMIN] 18:03:19.120044 シナリオ走行を開始しました [シナリオ名: 新規ユーザー登録]
[ADMIN] 18:03:19.136955 シナリオ走行を終了しました [シナリオ名: ログイン]
[ADMIN] 18:03:19.136968 シナリオ走行を開始しました [シナリオ名: ログイン]
[ADMIN] 18:03:19.159868 シナリオ走行を終了しました [シナリオ名: 新規ユーザー登録]
[ADMIN] 18:03:19.159891 シナリオ走行を開始しました [シナリオ名: 新規ユーザー登録]
[ADMIN] 18:03:19.164417 シナリオ走行を終了しました [シナリオ名: ログイン]
[ADMIN] 18:03:19.164428 シナリオ走行を開始しました [シナリオ名: ログイン]
[ADMIN] 18:03:19.172416 シナリオ走行を終了しました [シナリオ名: 新規ユーザー登録]
[ADMIN] 18:03:19.172433 シナリオ走行を開始しました [シナリオ名: 新規ユーザー登録]
[ADMIN] 18:03:19.180619 シナリオ走行を終了しました [シナリオ名: ログイン]
[ADMIN] 18:03:19.180629 シナリオ走行を開始しました [シナリオ名: ログイン]
[ADMIN] 18:03:19.183362 シナリオ走行を終了しました [シナリオ名: ログイン]
[ADMIN] 18:03:19.183370 シナリオ走行を開始しました [シナリオ名: ログイン]
[ADMIN] 18:03:19.194778 シナリオ走行を終了しました [シナリオ名: Banユーザログイン]
[ADMIN] 18:03:19.194794 シナリオ走行を開始しました [シナリオ名: Banユーザログイン]
[ADMIN] 18:03:19.221906 シナリオ走行を終了しました [シナリオ名: Banユーザログイン]
[ADMIN] 18:03:19.221926 シナリオ走行を開始しました [シナリオ名: Banユーザログイン]
[ADMIN] 18:03:19.236880 シナリオ走行を終了しました [シナリオ名: Banユーザログイン]
[ADMIN] 18:03:19.236896 シナリオ走行を開始しました [シナリオ名: Banユーザログイン]
[ADMIN] 18:03:19.249854 シナリオ走行を終了しました [シナリオ名: ログイン]
[ADMIN] 18:03:19.249875 シナリオ走行を開始しました [シナリオ名: ログイン]
[ADMIN] 18:03:19.286436 シナリオ走行を終了しました [シナリオ名: ログイン]
[ADMIN] 18:03:19.286454 シナリオ走行を開始しました [シナリオ名: ログイン]
[ADMIN] 18:03:19.293379 シナリオ走行を終了しました [シナリオ名: ログイン]
[ADMIN] 18:03:19.293391 シナリオ走行を開始しました [シナリオ名: ログイン]
[ADMIN] 18:03:19.294301 シナリオ走行を終了しました [シナリオ名: ログイン]
[ADMIN] 18:03:19.294310 シナリオ走行を開始しました [シナリオ名: ログイン]
[ADMIN] 18:03:19.301569 シナリオ走行を終了しました [シナリオ名: ログイン]
[ADMIN] 18:03:19.301580 シナリオ走行を開始しました [シナリオ名: ログイン]
[ADMIN] 18:03:19.324096 シナリオ走行を終了しました [シナリオ名: ログイン]
[ADMIN] 18:03:19.324109 シナリオ走行を開始しました [シナリオ名: ログイン]
[ADMIN] 18:03:19.344082 シナリオ走行を終了しました [シナリオ名: Banユーザログイン]
[ADMIN] 18:03:19.344109 シナリオ走行を開始しました [シナリオ名: Banユーザログイン]
[ADMIN] 18:03:19.371322 シナリオ走行を終了しました [シナリオ名: 新規ユーザー登録]
[ADMIN] 18:03:19.371351 シナリオ走行を開始しました [シナリオ名: 新規ユーザー登録]
[ADMIN] 18:03:19.393758 シナリオ走行を終了しました [シナリオ名: ログイン]
[ADMIN] 18:03:19.393770 シナリオ走行を開始しました [シナリオ名: ログイン]
[ADMIN] 18:03:19.396799 シナリオ走行を終了しました [シナリオ名: 新規ユーザー登録]
[ADMIN] 18:03:19.396825 シナリオ走行を開始しました [シナリオ名: 新規ユーザー登録]
[ADMIN] 18:03:19.421007 シナリオ走行を終了しました [シナリオ名: ログイン]
[ADMIN] 18:03:19.421021 シナリオ走行を開始しました [シナリオ名: ログイン]
[ADMIN] 18:03:19.527728 シナリオ走行を終了しました [シナリオ名: ログイン]
[ADMIN] 18:03:19.527756 シナリオ走行を開始しました [シナリオ名: ログイン]
[ADMIN] 18:03:19.546976 シナリオ走行を終了しました [シナリオ名: ログイン]
[ADMIN] 18:03:19.546989 シナリオ走行を終了しました [シナリオ名: ログイン]
[ADMIN] 18:03:19.546990 シナリオ走行を開始しました [シナリオ名: ログイン]
[ADMIN] 18:03:19.546995 シナリオ走行を開始しました [シナリオ名: ログイン]
[ADMIN] 18:03:19.577721 シナリオ走行を終了しました [シナリオ名: Banユーザログイン]
[ADMIN] 18:03:19.577747 シナリオ走行を開始しました [シナリオ名: Banユーザログイン]
[ADMIN] 18:03:19.586717 シナリオ走行を終了しました [シナリオ名: ログイン]
[ADMIN] 18:03:19.586730 シナリオ走行を開始しました [シナリオ名: ログイン]
[ADMIN] 18:03:19.598609 シナリオ走行を終了しました [シナリオ名: 新規ユーザー登録]
[ADMIN] 18:03:19.598663 シナリオ走行を開始しました [シナリオ名: 新規ユーザー登録]
[ADMIN] 18:03:19.600269 シナリオ走行を終了しました [シナリオ名: 新規ユーザー登録]
[ADMIN] 18:03:19.600290 シナリオ走行を開始しました [シナリオ名: 新規ユーザー登録]
[ADMIN] 18:03:19.602115 シナリオ走行を終了しました [シナリオ名: 新規ユーザー登録]
[ADMIN] 18:03:19.602133 シナリオ走行を開始しました [シナリオ名: 新規ユーザー登録]
[ADMIN] 18:03:19.602755 シナリオ走行を終了しました [シナリオ名: ログイン]
[ADMIN] 18:03:19.602764 シナリオ走行を開始しました [シナリオ名: ログイン]
[ADMIN] 18:03:19.619681 シナリオ走行を終了しました [シナリオ名: 新規ユーザー登録]
[ADMIN] 18:03:19.619708 シナリオ走行を開始しました [シナリオ名: 新規ユーザー登録]
[ADMIN] 18:03:19.621594 シナリオ走行を終了しました [シナリオ名: 新規ユーザー登録]
[ADMIN] 18:03:19.621617 シナリオ走行を開始しました [シナリオ名: 新規ユーザー登録]
[ADMIN] 18:03:19.621912 シナリオ走行を終了しました [シナリオ名: 新規ユーザー登録]
[ADMIN] 18:03:19.621936 シナリオ走行を開始しました [シナリオ名: 新規ユーザー登録]
[ADMIN] 18:03:19.647834 シナリオ走行を終了しました [シナリオ名: 新規ユーザー登録]
[ADMIN] 18:03:19.647860 シナリオ走行を開始しました [シナリオ名: 新規ユーザー登録]
[ADMIN] 18:03:19.652690 シナリオ走行を終了しました [シナリオ名: Banユーザログイン]
[ADMIN] 18:03:19.652707 シナリオ走行を開始しました [シナリオ名: Banユーザログイン]
[ADMIN] 18:03:19.659748 シナリオ走行を終了しました [シナリオ名: ログイン]
[ADMIN] 18:03:19.659759 シナリオ走行を開始しました [シナリオ名: ログイン]
[ADMIN] 18:03:19.673643 シナリオ走行を終了しました [シナリオ名: 新規ユーザー登録]
[ADMIN] 18:03:19.673673 シナリオ走行を開始しました [シナリオ名: 新規ユーザー登録]
[ADMIN] 18:03:19.718935 シナリオ走行を終了しました [シナリオ名: 新規ユーザー登録]
[ADMIN] 18:03:19.718955 シナリオ走行を開始しました [シナリオ名: 新規ユーザー登録]
[ADMIN] 18:03:19.722098 シナリオ走行を終了しました [シナリオ名: ログイン]
[ADMIN] 18:03:19.722107 シナリオ走行を開始しました [シナリオ名: ログイン]
[ADMIN] 18:03:19.730854 シナリオ走行を終了しました [シナリオ名: 新規ユーザー登録]
[ADMIN] 18:03:19.730877 シナリオ走行を開始しました [シナリオ名: 新規ユーザー登録]
[ADMIN] 18:03:19.732721 シナリオ走行を終了しました [シナリオ名: ログイン]
[ADMIN] 18:03:19.732731 シナリオ走行を開始しました [シナリオ名: ログイン]
[ADMIN] 18:03:19.747421 シナリオ走行を終了しました [シナリオ名: ログイン]
[ADMIN] 18:03:19.747430 シナリオ走行を開始しました [シナリオ名: ログイン]
[ADMIN] 18:03:19.748839 シナリオ走行を終了しました [シナリオ名: Banユーザログイン]
[ADMIN] 18:03:19.748852 シナリオ走行を開始しました [シナリオ名: Banユーザログイン]
[ADMIN] 18:03:19.762036 シナリオ走行を終了しました [シナリオ名: ログイン]
[ADMIN] 18:03:19.762044 シナリオ走行を開始しました [シナリオ名: ログイン]
[ADMIN] 18:03:19.776314 シナリオ走行を終了しました [シナリオ名: ログイン]
[ADMIN] 18:03:19.776323 シナリオ走行を開始しました [シナリオ名: ログイン]
[ADMIN] 18:03:19.781435 シナリオ走行を終了しました [シナリオ名: ログイン]
[ADMIN] 18:03:19.781445 シナリオ走行を開始しました [シナリオ名: ログイン]
[ADMIN] 18:03:19.797278 シナリオ走行を終了しました [シナリオ名: ログイン]
[ADMIN] 18:03:19.797287 シナリオ走行を開始しました [シナリオ名: ログイン]
[ADMIN] 18:03:19.797963 シナリオ走行を終了しました [シナリオ名: ログイン]
[ADMIN] 18:03:19.797973 シナリオ走行を開始しました [シナリオ名: ログイン]
[ADMIN] 18:03:19.806502 シナリオ走行を終了しました [シナリオ名: Banユーザログイン]
[ADMIN] 18:03:19.806516 シナリオ走行を開始しました [シナリオ名: Banユーザログイン]
[ADMIN] 18:03:19.827398 シナリオ走行を終了しました [シナリオ名: 新規ユーザー登録]
[ADMIN] 18:03:19.827427 シナリオ走行を開始しました [シナリオ名: 新規ユーザー登録]
[ADMIN] 18:03:19.885097 シナリオ走行を終了しました [シナリオ名: ログイン]
[ADMIN] 18:03:19.885110 シナリオ走行を開始しました [シナリオ名: ログイン]
[ADMIN] 18:03:19.888103 シナリオ走行を終了しました [シナリオ名: 新規ユーザー登録]
[ADMIN] 18:03:19.888130 シナリオ走行を開始しました [シナリオ名: 新規ユーザー登録]
[ADMIN] 18:03:19.888590 シナリオ走行を終了しました [シナリオ名: 新規ユーザー登録]
[ADMIN] 18:03:19.888637 シナリオ走行を開始しました [シナリオ名: 新規ユーザー登録]
[ADMIN] 18:03:19.888714 シナリオ走行を終了しました [シナリオ名: ログイン]
[ADMIN] 18:03:19.888728 シナリオ走行を開始しました [シナリオ名: ログイン]
[ADMIN] 18:03:19.892332 シナリオ走行を終了しました [シナリオ名: ログイン]
[ADMIN] 18:03:19.892341 シナリオ走行を開始しました [シナリオ名: ログイン]
[ADMIN] 18:03:19.916964 シナリオ走行を終了しました [シナリオ名: Banユーザログイン]
[ADMIN] 18:03:19.916985 シナリオ走行を開始しました [シナリオ名: Banユーザログイン]
[ADMIN] 18:03:19.937014 シナリオ走行を終了しました [シナリオ名: ログイン]
[ADMIN] 18:03:19.937028 シナリオ走行を開始しました [シナリオ名: ログイン]
[ADMIN] 18:03:19.940805 シナリオ走行を終了しました [シナリオ名: ログイン]
[ADMIN] 18:03:19.940815 シナリオ走行を開始しました [シナリオ名: ログイン]
[ADMIN] 18:03:19.957933 シナリオ走行を終了しました [シナリオ名: 新規ユーザー登録]
[ADMIN] 18:03:19.957959 シナリオ走行を開始しました [シナリオ名: 新規ユーザー登録]
[ADMIN] 18:03:19.964557 シナリオ走行を終了しました [シナリオ名: Banユーザログイン]
[ADMIN] 18:03:19.964576 シナリオ走行を開始しました [シナリオ名: Banユーザログイン]
[ADMIN] 18:03:19.992296 シナリオ走行を終了しました [シナリオ名: ログイン]
[ADMIN] 18:03:19.992309 シナリオ走行を開始しました [シナリオ名: ログイン]
[ADMIN] 18:03:20.003994 シナリオ走行を終了しました [シナリオ名: 新規ユーザー登録]
[ADMIN] 18:03:20.004018 シナリオ走行を開始しました [シナリオ名: 新規ユーザー登録]
[ADMIN] 18:03:20.004329 シナリオ走行を終了しました [シナリオ名: ログイン]
[ADMIN] 18:03:20.004379 シナリオ走行を開始しました [シナリオ名: ログイン]
[ADMIN] 18:03:20.023075 シナリオ走行を終了しました [シナリオ名: 新規ユーザー登録]
[ADMIN] 18:03:20.023119 シナリオ走行を開始しました [シナリオ名: 新規ユーザー登録]
[ADMIN] 18:03:20.023133 シナリオ走行を終了しました [シナリオ名: ログイン]
[ADMIN] 18:03:20.023141 シナリオ走行を開始しました [シナリオ名: ログイン]
[ADMIN] 18:03:20.069996 シナリオ走行を終了しました [シナリオ名: ログイン]
[ADMIN] 18:03:20.070012 シナリオ走行を開始しました [シナリオ名: ログイン]
[ADMIN] 18:03:20.071217 シナリオ走行を終了しました [シナリオ名: 新規ユーザー登録]
[ADMIN] 18:03:20.071241 シナリオ走行を開始しました [シナリオ名: 新規ユーザー登録]
[ADMIN] 18:03:20.088825 シナリオ走行を終了しました [シナリオ名: ログイン]
[ADMIN] 18:03:20.088840 シナリオ走行を開始しました [シナリオ名: ログイン]
[ADMIN] 18:03:20.096530 シナリオ走行を終了しました [シナリオ名: ログイン]
[ADMIN] 18:03:20.096544 シナリオ走行を開始しました [シナリオ名: ログイン]
[ADMIN] 18:03:20.102063 シナリオ走行を終了しました [シナリオ名: 新規ユーザー登録]
[ADMIN] 18:03:20.102081 シナリオ走行を開始しました [シナリオ名: 新規ユーザー登録]
[ADMIN] 18:03:20.118251 シナリオ走行を終了しました [シナリオ名: 新規ユーザー登録]
[ADMIN] 18:03:20.118276 シナリオ走行を開始しました [シナリオ名: 新規ユーザー登録]
[ADMIN] 18:03:20.120772 シナリオ走行を終了しました [シナリオ名: ログイン]
[ADMIN] 18:03:20.120783 シナリオ走行を開始しました [シナリオ名: ログイン]
[ADMIN] 18:03:20.161764 シナリオ走行を終了しました [シナリオ名: 新規ユーザー登録]
[ADMIN] 18:03:20.161792 シナリオ走行を開始しました [シナリオ名: 新規ユーザー登録]
[ADMIN] 18:03:20.166992 シナリオ走行を終了しました [シナリオ名: ログイン]
[ADMIN] 18:03:20.167011 シナリオ走行を開始しました [シナリオ名: ログイン]
[ADMIN] 18:03:20.168423 シナリオ走行を終了しました [シナリオ名: 新規ユーザー登録]
[ADMIN] 18:03:20.168474 シナリオ走行を開始しました [シナリオ名: 新規ユーザー登録]
[ADMIN] 18:03:20.199339 シナリオ走行を終了しました [シナリオ名: ログイン]
[ADMIN] 18:03:20.199354 シナリオ走行を開始しました [シナリオ名: ログイン]
[ADMIN] 18:03:20.208825 シナリオ走行を終了しました [シナリオ名: 新規ユーザー登録]
[ADMIN] 18:03:20.208845 シナリオ走行を開始しました [シナリオ名: 新規ユーザー登録]
[ADMIN] 18:03:20.212846 シナリオ走行を終了しました [シナリオ名: Banユーザログイン]
[ADMIN] 18:03:20.212863 シナリオ走行を開始しました [シナリオ名: Banユーザログイン]
[ADMIN] 18:03:20.225731 シナリオ走行を終了しました [シナリオ名: 新規ユーザー登録]
[ADMIN] 18:03:20.225752 シナリオ走行を開始しました [シナリオ名: 新規ユーザー登録]
[ADMIN] 18:03:20.281636 シナリオ走行を終了しました [シナリオ名: ログイン]
[ADMIN] 18:03:20.281647 シナリオ走行を開始しました [シナリオ名: ログイン]
[ADMIN] 18:03:20.304502 シナリオ走行を終了しました [シナリオ名: Banユーザログイン]
[ADMIN] 18:03:20.304522 シナリオ走行を開始しました [シナリオ名: Banユーザログイン]
[ADMIN] 18:03:20.337549 シナリオ走行を終了しました [シナリオ名: ログイン]
[ADMIN] 18:03:20.337565 シナリオ走行を開始しました [シナリオ名: ログイン]
[ADMIN] 18:03:20.355161 シナリオ走行を終了しました [シナリオ名: Banユーザログイン]
[ADMIN] 18:03:20.355179 シナリオ走行を開始しました [シナリオ名: Banユーザログイン]
[ADMIN] 18:03:20.358274 シナリオ走行を終了しました [シナリオ名: Banユーザログイン]
[ADMIN] 18:03:20.358285 シナリオ走行を開始しました [シナリオ名: Banユーザログイン]
[ADMIN] 18:03:20.377142 シナリオ走行を終了しました [シナリオ名: ログイン]
[ADMIN] 18:03:20.377153 シナリオ走行を開始しました [シナリオ名: ログイン]
[ADMIN] 18:03:20.386363 シナリオ走行を終了しました [シナリオ名: ログイン]
[ADMIN] 18:03:20.386374 シナリオ走行を開始しました [シナリオ名: ログイン]
[ADMIN] 18:03:20.404416 シナリオ走行を終了しました [シナリオ名: 新規ユーザー登録]
[ADMIN] 18:03:20.404436 シナリオ走行を開始しました [シナリオ名: 新規ユーザー登録]
[ADMIN] 18:03:20.449046 シナリオ走行を終了しました [シナリオ名: ログイン]
[ADMIN] 18:03:20.449061 シナリオ走行を開始しました [シナリオ名: ログイン]
[ADMIN] 18:03:20.454256 シナリオ走行を終了しました [シナリオ名: ログイン]
[ADMIN] 18:03:20.454266 シナリオ走行を開始しました [シナリオ名: ログイン]
[ADMIN] 18:03:20.456767 シナリオ走行を終了しました [シナリオ名: ログイン]
[ADMIN] 18:03:20.456777 シナリオ走行を開始しました [シナリオ名: ログイン]
[ADMIN] 18:03:20.463266 シナリオ走行を終了しました [シナリオ名: ログイン]
[ADMIN] 18:03:20.463279 シナリオ走行を開始しました [シナリオ名: ログイン]
[ADMIN] 18:03:20.463626 シナリオ走行を終了しました [シナリオ名: ログイン]
[ADMIN] 18:03:20.463641 シナリオ走行を開始しました [シナリオ名: ログイン]
[ADMIN] 18:03:20.465594 シナリオ走行を終了しました [シナリオ名: ログイン]
[ADMIN] 18:03:20.465607 シナリオ走行を開始しました [シナリオ名: ログイン]
[ADMIN] 18:03:20.525034 シナリオ走行を終了しました [シナリオ名: 新規ユーザー登録]
[ADMIN] 18:03:20.525058 シナリオ走行を開始しました [シナリオ名: 新規ユーザー登録]
[ADMIN] 18:03:20.546421 シナリオ走行を終了しました [シナリオ名: ログイン]
[ADMIN] 18:03:20.546433 シナリオ走行を開始しました [シナリオ名: ログイン]
[ADMIN] 18:03:20.550655 シナリオ走行を終了しました [シナリオ名: 新規ユーザー登録]
[ADMIN] 18:03:20.550699 シナリオ走行を開始しました [シナリオ名: 新規ユーザー登録]
[ADMIN] 18:03:20.551840 シナリオ走行を終了しました [シナリオ名: ログイン]
[ADMIN] 18:03:20.551851 シナリオ走行を開始しました [シナリオ名: ログイン]
[ADMIN] 18:03:20.574111 シナリオ走行を終了しました [シナリオ名: ログイン]
[ADMIN] 18:03:20.574128 シナリオ走行を開始しました [シナリオ名: ログイン]
[ADMIN] 18:03:20.577404 シナリオ走行を終了しました [シナリオ名: ログイン]
[ADMIN] 18:03:20.577417 シナリオ走行を開始しました [シナリオ名: ログイン]
[ADMIN] 18:03:20.581987 シナリオ走行を終了しました [シナリオ名: ログイン]
[ADMIN] 18:03:20.582000 シナリオ走行を開始しました [シナリオ名: ログイン]
[ADMIN] 18:03:20.605235 シナリオ走行を終了しました [シナリオ名: 新規ユーザー登録]
[ADMIN] 18:03:20.605270 シナリオ走行を開始しました [シナリオ名: 新規ユーザー登録]
[ADMIN] 18:03:20.620316 シナリオ走行を終了しました [シナリオ名: Banユーザログイン]
[ADMIN] 18:03:20.620334 シナリオ走行を開始しました [シナリオ名: Banユーザログイン]
[ADMIN] 18:03:20.629857 シナリオ走行を終了しました [シナリオ名: Banユーザログイン]
[ADMIN] 18:03:20.629883 シナリオ走行を開始しました [シナリオ名: Banユーザログイン]
[ADMIN] 18:03:20.666253 シナリオ走行を終了しました [シナリオ名: 新規ユーザー登録]
[ADMIN] 18:03:20.666310 シナリオ走行を開始しました [シナリオ名: 新規ユーザー登録]
[ADMIN] 18:03:20.667320 シナリオ走行を終了しました [シナリオ名: ログイン]
[ADMIN] 18:03:20.667330 シナリオ走行を開始しました [シナリオ名: ログイン]
[ADMIN] 18:03:20.674028 シナリオ走行を終了しました [シナリオ名: 新規ユーザー登録]
[ADMIN] 18:03:20.674059 シナリオ走行を開始しました [シナリオ名: 新規ユーザー登録]
[ADMIN] 18:03:20.679903 シナリオ走行を終了しました [シナリオ名: 新規ユーザー登録]
[ADMIN] 18:03:20.679924 シナリオ走行を開始しました [シナリオ名: 新規ユーザー登録]
[ADMIN] 18:03:20.681102 シナリオ走行を終了しました [シナリオ名: 新規ユーザー登録]
[ADMIN] 18:03:20.681126 シナリオ走行を開始しました [シナリオ名: 新規ユーザー登録]
[ADMIN] 18:03:20.681216 シナリオ走行を終了しました [シナリオ名: 新規ユーザー登録]
[ADMIN] 18:03:20.681237 シナリオ走行を開始しました [シナリオ名: 新規ユーザー登録]
[ADMIN] 18:03:20.682319 シナリオ走行を終了しました [シナリオ名: 新規ユーザー登録]
[ADMIN] 18:03:20.682357 シナリオ走行を開始しました [シナリオ名: 新規ユーザー登録]
[ADMIN] 18:03:20.730272 シナリオ走行を終了しました [シナリオ名: 新規ユーザー登録]
[ADMIN] 18:03:20.730301 シナリオ走行を開始しました [シナリオ名: 新規ユーザー登録]
[ADMIN] 18:03:20.730468 シナリオ走行を終了しました [シナリオ名: 新規ユーザー登録]
[ADMIN] 18:03:20.730497 シナリオ走行を開始しました [シナリオ名: 新規ユーザー登録]
[ADMIN] 18:03:20.730781 シナリオ走行を終了しました [シナリオ名: ログイン]
[ADMIN] 18:03:20.730793 シナリオ走行を開始しました [シナリオ名: ログイン]
[ADMIN] 18:03:20.745629 シナリオ走行を終了しました [シナリオ名: ログイン]
[ADMIN] 18:03:20.745644 シナリオ走行を開始しました [シナリオ名: ログイン]
[ADMIN] 18:03:20.746701 シナリオ走行を終了しました [シナリオ名: ログイン]
[ADMIN] 18:03:20.746713 シナリオ走行を開始しました [シナリオ名: ログイン]
[ADMIN] 18:03:20.747061 シナリオ走行を終了しました [シナリオ名: ログイン]
[ADMIN] 18:03:20.747076 シナリオ走行を開始しました [シナリオ名: ログイン]
[ADMIN] 18:03:20.747127 シナリオ走行を終了しました [シナリオ名: ログイン]
[ADMIN] 18:03:20.747140 シナリオ走行を開始しました [シナリオ名: ログイン]
[ADMIN] 18:03:20.748940 シナリオ走行を終了しました [シナリオ名: ログイン]
[ADMIN] 18:03:20.748970 シナリオ走行を開始しました [シナリオ名: ログイン]
[ADMIN] 18:03:20.786872 シナリオ走行を終了しました [シナリオ名: ログイン]
[ADMIN] 18:03:20.786887 シナリオ走行を開始しました [シナリオ名: ログイン]
[ADMIN] 18:03:20.787257 シナリオ走行を終了しました [シナリオ名: ログイン]
[ADMIN] 18:03:20.787275 シナリオ走行を開始しました [シナリオ名: ログイン]
[ADMIN] 18:03:20.789929 シナリオ走行を終了しました [シナリオ名: ログイン]
[ADMIN] 18:03:20.789941 シナリオ走行を開始しました [シナリオ名: ログイン]
[ADMIN] 18:03:20.823961 シナリオ走行を終了しました [シナリオ名: ログイン]
[ADMIN] 18:03:20.823976 シナリオ走行を開始しました [シナリオ名: ログイン]
[ADMIN] 18:03:20.833551 シナリオ走行を終了しました [シナリオ名: 新規ユーザー登録]
[ADMIN] 18:03:20.833591 シナリオ走行を開始しました [シナリオ名: 新規ユーザー登録]
[ADMIN] 18:03:20.833802 シナリオ走行を終了しました [シナリオ名: 新規ユーザー登録]
[ADMIN] 18:03:20.833826 シナリオ走行を開始しました [シナリオ名: 新規ユーザー登録]
[ADMIN] 18:03:20.858240 シナリオ走行を終了しました [シナリオ名: ログイン]
[ADMIN] 18:03:20.858257 シナリオ走行を開始しました [シナリオ名: ログイン]
[ADMIN] 18:03:20.868120 シナリオ走行を終了しました [シナリオ名: Banユーザログイン]
[ADMIN] 18:03:20.868138 シナリオ走行を開始しました [シナリオ名: Banユーザログイン]
[ADMIN] 18:03:20.881004 シナリオ走行を終了しました [シナリオ名: 新規ユーザー登録]
[ADMIN] 18:03:20.881032 シナリオ走行を開始しました [シナリオ名: 新規ユーザー登録]
[ADMIN] 18:03:20.885186 シナリオ走行を終了しました [シナリオ名: 新規ユーザー登録]
[ADMIN] 18:03:20.885208 シナリオ走行を開始しました [シナリオ名: 新規ユーザー登録]
[ADMIN] 18:03:20.922675 シナリオ走行を終了しました [シナリオ名: 新規ユーザー登録]
[ADMIN] 18:03:20.922700 シナリオ走行を開始しました [シナリオ名: 新規ユーザー登録]
[ADMIN] 18:03:20.930433 シナリオ走行を終了しました [シナリオ名: 新規ユーザー登録]
[ADMIN] 18:03:20.930452 シナリオ走行を開始しました [シナリオ名: 新規ユーザー登録]
[ADMIN] 18:03:20.955822 シナリオ走行を終了しました [シナリオ名: ログイン]
[ADMIN] 18:03:20.955842 シナリオ走行を開始しました [シナリオ名: ログイン]
[ADMIN] 18:03:20.973290 シナリオ走行を終了しました [シナリオ名: 新規ユーザー登録]
[ADMIN] 18:03:20.973313 シナリオ走行を開始しました [シナリオ名: 新規ユーザー登録]
[ADMIN] 18:03:20.987915 シナリオ走行を終了しました [シナリオ名: Banユーザログイン]
[ADMIN] 18:03:20.987940 シナリオ走行を開始しました [シナリオ名: Banユーザログイン]
[ADMIN] 18:03:20.998887 シナリオ走行を終了しました [シナリオ名: ログイン]
[ADMIN] 18:03:20.998901 シナリオ走行を開始しました [シナリオ名: ログイン]
[ADMIN] 18:03:20.999032 シナリオ走行を終了しました [シナリオ名: Banユーザログイン]
[ADMIN] 18:03:20.999043 シナリオ走行を開始しました [シナリオ名: Banユーザログイン]
[ADMIN] 18:03:21.005892 シナリオ走行を終了しました [シナリオ名: Banユーザログイン]
[ADMIN] 18:03:21.005905 シナリオ走行を開始しました [シナリオ名: Banユーザログイン]
[ADMIN] 18:03:21.017591 シナリオ走行を終了しました [シナリオ名: 新規ユーザー登録]
[ADMIN] 18:03:21.017620 シナリオ走行を開始しました [シナリオ名: 新規ユーザー登録]
[ADMIN] 18:03:21.020415 シナリオ走行を終了しました [シナリオ名: 新規ユーザー登録]
[ADMIN] 18:03:21.020442 シナリオ走行を開始しました [シナリオ名: 新規ユーザー登録]
[ADMIN] 18:03:21.073819 シナリオ走行を終了しました [シナリオ名: 新規ユーザー登録]
[ADMIN] 18:03:21.073843 シナリオ走行を開始しました [シナリオ名: 新規ユーザー登録]
[ADMIN] 18:03:21.074671 シナリオ走行を終了しました [シナリオ名: 新規ユーザー登録]
[ADMIN] 18:03:21.074693 シナリオ走行を開始しました [シナリオ名: 新規ユーザー登録]
[ADMIN] 18:03:21.078211 シナリオ走行を終了しました [シナリオ名: ログイン]
[ADMIN] 18:03:21.078221 シナリオ走行を開始しました [シナリオ名: ログイン]
[ADMIN] 18:03:21.081557 シナリオ走行を終了しました [シナリオ名: 新規ユーザー登録]
[ADMIN] 18:03:21.081575 シナリオ走行を開始しました [シナリオ名: 新規ユーザー登録]
[ADMIN] 18:03:21.100797 シナリオ走行を終了しました [シナリオ名: ログイン]
[ADMIN] 18:03:21.100816 シナリオ走行を開始しました [シナリオ名: ログイン]
[ADMIN] 18:03:21.110165 シナリオ走行を終了しました [シナリオ名: ログイン]
[ADMIN] 18:03:21.110179 シナリオ走行を開始しました [シナリオ名: ログイン]
[ADMIN] 18:03:21.193003 シナリオ走行を終了しました [シナリオ名: ログイン]
[ADMIN] 18:03:21.193016 シナリオ走行を開始しました [シナリオ名: ログイン]
[ADMIN] 18:03:21.215477 シナリオ走行を終了しました [シナリオ名: Banユーザログイン]
[ADMIN] 18:03:21.215495 シナリオ走行を開始しました [シナリオ名: Banユーザログイン]
[ADMIN] 18:03:21.236208 シナリオ走行を終了しました [シナリオ名: ログイン]
[ADMIN] 18:03:21.236221 シナリオ走行を開始しました [シナリオ名: ログイン]
[ADMIN] 18:03:21.242466 シナリオ走行を終了しました [シナリオ名: ログイン]
[ADMIN] 18:03:21.242478 シナリオ走行を開始しました [シナリオ名: ログイン]
[ADMIN] 18:03:21.256868 シナリオ走行を終了しました [シナリオ名: ログイン]
[ADMIN] 18:03:21.256879 シナリオ走行を開始しました [シナリオ名: ログイン]
[ADMIN] 18:03:21.277880 シナリオ走行を終了しました [シナリオ名: ログイン]
[ADMIN] 18:03:21.277892 シナリオ走行を開始しました [シナリオ名: ログイン]
[ADMIN] 18:03:21.278387 シナリオ走行を終了しました [シナリオ名: ログイン]
[ADMIN] 18:03:21.278397 シナリオ走行を開始しました [シナリオ名: ログイン]
[ADMIN] 18:03:21.294646 シナリオ走行を終了しました [シナリオ名: 新規ユーザー登録]
[ADMIN] 18:03:21.294669 シナリオ走行を開始しました [シナリオ名: 新規ユーザー登録]
[ADMIN] 18:03:21.303746 シナリオ走行を終了しました [シナリオ名: ログイン]
[ADMIN] 18:03:21.303757 シナリオ走行を開始しました [シナリオ名: ログイン]
[ADMIN] 18:03:21.304915 シナリオ走行を終了しました [シナリオ名: ログイン]
[ADMIN] 18:03:21.304924 シナリオ走行を開始しました [シナリオ名: ログイン]
[ADMIN] 18:03:21.334201 シナリオ走行を終了しました [シナリオ名: Banユーザログイン]
[ADMIN] 18:03:21.334220 シナリオ走行を開始しました [シナリオ名: Banユーザログイン]
[ADMIN] 18:03:21.335363 シナリオ走行を終了しました [シナリオ名: ログイン]
[ADMIN] 18:03:21.335374 シナリオ走行を開始しました [シナリオ名: ログイン]
[ADMIN] 18:03:21.348377 シナリオ走行を終了しました [シナリオ名: ログイン]
[ADMIN] 18:03:21.348388 シナリオ走行を終了しました [シナリオ名: 新規ユーザー登録]
[ADMIN] 18:03:21.348396 シナリオ走行を開始しました [シナリオ名: ログイン]
[ADMIN] 18:03:21.348411 シナリオ走行を開始しました [シナリオ名: 新規ユーザー登録]
[ADMIN] 18:03:21.365525 シナリオ走行を終了しました [シナリオ名: ログイン]
[ADMIN] 18:03:21.365538 シナリオ走行を開始しました [シナリオ名: ログイン]
[ADMIN] 18:03:21.379974 シナリオ走行を終了しました [シナリオ名: 新規ユーザー登録]
[ADMIN] 18:03:21.379998 シナリオ走行を開始しました [シナリオ名: 新規ユーザー登録]
[ADMIN] 18:03:21.388004 シナリオ走行を終了しました [シナリオ名: 新規ユーザー登録]
[ADMIN] 18:03:21.388023 シナリオ走行を開始しました [シナリオ名: 新規ユーザー登録]
[ADMIN] 18:03:21.389174 シナリオ走行を終了しました [シナリオ名: 新規ユーザー登録]
[ADMIN] 18:03:21.389191 シナリオ走行を開始しました [シナリオ名: 新規ユーザー登録]
[ADMIN] 18:03:21.398749 シナリオ走行を終了しました [シナリオ名: 新規ユーザー登録]
[ADMIN] 18:03:21.398771 シナリオ走行を開始しました [シナリオ名: 新規ユーザー登録]
[ADMIN] 18:03:21.423828 シナリオ走行を終了しました [シナリオ名: ログイン]
[ADMIN] 18:03:21.423841 シナリオ走行を開始しました [シナリオ名: ログイン]
[ADMIN] 18:03:21.444063 シナリオ走行を終了しました [シナリオ名: ログイン]
[ADMIN] 18:03:21.444074 シナリオ走行を開始しました [シナリオ名: ログイン]
[ADMIN] 18:03:21.464858 シナリオ走行を終了しました [シナリオ名: ログイン]
[ADMIN] 18:03:21.464870 シナリオ走行を開始しました [シナリオ名: ログイン]
[ADMIN] 18:03:21.473270 シナリオ走行を終了しました [シナリオ名: ログイン]
[ADMIN] 18:03:21.473286 シナリオ走行を開始しました [シナリオ名: ログイン]
[ADMIN] 18:03:21.474217 シナリオ走行を終了しました [シナリオ名: 新規ユーザー登録]
[ADMIN] 18:03:21.474240 シナリオ走行を開始しました [シナリオ名: 新規ユーザー登録]
[ADMIN] 18:03:21.477813 シナリオ走行を終了しました [シナリオ名: ログイン]
[ADMIN] 18:03:21.477823 シナリオ走行を開始しました [シナリオ名: ログイン]
[ADMIN] 18:03:21.522279 シナリオ走行を終了しました [シナリオ名: Banユーザログイン]
[ADMIN] 18:03:21.522301 シナリオ走行を開始しました [シナリオ名: Banユーザログイン]
[ADMIN] 18:03:21.533346 シナリオ走行を終了しました [シナリオ名: 新規ユーザー登録]
[ADMIN] 18:03:21.533375 シナリオ走行を開始しました [シナリオ名: 新規ユーザー登録]
[ADMIN] 18:03:21.545021 シナリオ走行を終了しました [シナリオ名: ログイン]
[ADMIN] 18:03:21.545036 シナリオ走行を開始しました [シナリオ名: ログイン]
[ADMIN] 18:03:21.546664 シナリオ走行を終了しました [シナリオ名: ログイン]
[ADMIN] 18:03:21.546677 シナリオ走行を開始しました [シナリオ名: ログイン]
[ADMIN] 18:03:21.565337 シナリオ走行を終了しました [シナリオ名: ログイン]
[ADMIN] 18:03:21.565350 シナリオ走行を開始しました [シナリオ名: ログイン]
[ADMIN] 18:03:21.572111 シナリオ走行を終了しました [シナリオ名: ログイン]
[ADMIN] 18:03:21.572122 シナリオ走行を開始しました [シナリオ名: ログイン]
[ADMIN] 18:03:21.596543 シナリオ走行を終了しました [シナリオ名: ログイン]
[ADMIN] 18:03:21.596558 シナリオ走行を開始しました [シナリオ名: ログイン]
[ADMIN] 18:03:21.600649 シナリオ走行を終了しました [シナリオ名: ログイン]
[ADMIN] 18:03:21.600666 シナリオ走行を開始しました [シナリオ名: ログイン]
[ADMIN] 18:03:21.600756 シナリオ走行を終了しました [シナリオ名: Banユーザログイン]
[ADMIN] 18:03:21.600769 シナリオ走行を開始しました [シナリオ名: Banユーザログイン]
[ADMIN] 18:03:21.600854 シナリオ走行を終了しました [シナリオ名: 新規ユーザー登録]
[ADMIN] 18:03:21.600876 シナリオ走行を開始しました [シナリオ名: 新規ユーザー登録]
[ADMIN] 18:03:21.609959 シナリオ走行を終了しました [シナリオ名: Banユーザログイン]
[ADMIN] 18:03:21.609978 シナリオ走行を開始しました [シナリオ名: Banユーザログイン]
[ADMIN] 18:03:21.616051 シナリオ走行を終了しました [シナリオ名: 新規ユーザー登録]
[ADMIN] 18:03:21.616073 シナリオ走行を開始しました [シナリオ名: 新規ユーザー登録]
[ADMIN] 18:03:21.616724 シナリオ走行を終了しました [シナリオ名: 新規ユーザー登録]
[ADMIN] 18:03:21.616741 シナリオ走行を開始しました [シナリオ名: 新規ユーザー登録]
[ADMIN] 18:03:21.624284 シナリオ走行を終了しました [シナリオ名: ログイン]
[ADMIN] 18:03:21.624297 シナリオ走行を開始しました [シナリオ名: ログイン]
[ADMIN] 18:03:21.629265 シナリオ走行を終了しました [シナリオ名: 新規ユーザー登録]
[ADMIN] 18:03:21.629285 シナリオ走行を開始しました [シナリオ名: 新規ユーザー登録]
[ADMIN] 18:03:21.647053 シナリオ走行を終了しました [シナリオ名: Banユーザログイン]
[ADMIN] 18:03:21.647076 シナリオ走行を開始しました [シナリオ名: Banユーザログイン]
[ADMIN] 18:03:21.690752 シナリオ走行を終了しました [シナリオ名: ログイン]
[ADMIN] 18:03:21.690764 シナリオ走行を開始しました [シナリオ名: ログイン]
[ADMIN] 18:03:21.694113 シナリオ走行を終了しました [シナリオ名: 新規ユーザー登録]
[ADMIN] 18:03:21.694137 シナリオ走行を開始しました [シナリオ名: 新規ユーザー登録]
[ADMIN] 18:03:21.694824 シナリオ走行を終了しました [シナリオ名: ログイン]
[ADMIN] 18:03:21.694835 シナリオ走行を開始しました [シナリオ名: ログイン]
[ADMIN] 18:03:21.695401 シナリオ走行を終了しました [シナリオ名: 新規ユーザー登録]
[ADMIN] 18:03:21.695417 シナリオ走行を開始しました [シナリオ名: 新規ユーザー登録]
[ADMIN] 18:03:21.695880 シナリオ走行を終了しました [シナリオ名: 新規ユーザー登録]
[ADMIN] 18:03:21.695891 シナリオ走行を開始しました [シナリオ名: 新規ユーザー登録]
[ADMIN] 18:03:21.706799 シナリオ走行を終了しました [シナリオ名: ログイン]
[ADMIN] 18:03:21.706813 シナリオ走行を開始しました [シナリオ名: ログイン]
[ADMIN] 18:03:21.729095 シナリオ走行を終了しました [シナリオ名: 新規ユーザー登録]
[ADMIN] 18:03:21.729126 シナリオ走行を開始しました [シナリオ名: 新規ユーザー登録]
[ADMIN] 18:03:21.797491 シナリオ走行を終了しました [シナリオ名: ログイン]
[ADMIN] 18:03:21.797503 シナリオ走行を開始しました [シナリオ名: ログイン]
[ADMIN] 18:03:21.801619 シナリオ走行を終了しました [シナリオ名: 新規ユーザー登録]
[ADMIN] 18:03:21.801698 シナリオ走行を開始しました [シナリオ名: 新規ユーザー登録]
[ADMIN] 18:03:21.808279 シナリオ走行を終了しました [シナリオ名: 新規ユーザー登録]
[ADMIN] 18:03:21.808298 シナリオ走行を開始しました [シナリオ名: 新規ユーザー登録]
[ADMIN] 18:03:21.809714 シナリオ走行を終了しました [シナリオ名: 新規ユーザー登録]
[ADMIN] 18:03:21.809729 シナリオ走行を開始しました [シナリオ名: 新規ユーザー登録]
[ADMIN] 18:03:21.815474 シナリオ走行を終了しました [シナリオ名: ログイン]
[ADMIN] 18:03:21.815485 シナリオ走行を開始しました [シナリオ名: ログイン]
[ADMIN] 18:03:21.884839 シナリオ走行を終了しました [シナリオ名: Banユーザログイン]
[ADMIN] 18:03:21.884860 シナリオ走行を開始しました [シナリオ名: Banユーザログイン]
[ADMIN] 18:03:21.899232 シナリオ走行を終了しました [シナリオ名: ログイン]
[ADMIN] 18:03:21.899246 シナリオ走行を開始しました [シナリオ名: ログイン]
[ADMIN] 18:03:21.901368 シナリオ走行を終了しました [シナリオ名: Banユーザログイン]
[ADMIN] 18:03:21.901387 シナリオ走行を開始しました [シナリオ名: Banユーザログイン]
[ADMIN] 18:03:21.916930 シナリオ走行を終了しました [シナリオ名: 新規ユーザー登録]
[ADMIN] 18:03:21.916953 シナリオ走行を開始しました [シナリオ名: 新規ユーザー登録]
[ADMIN] 18:03:21.941048 シナリオ走行を終了しました [シナリオ名: ログイン]
[ADMIN] 18:03:21.941064 シナリオ走行を開始しました [シナリオ名: ログイン]
[ADMIN] 18:03:21.959190 シナリオ走行を終了しました [シナリオ名: ログイン]
[ADMIN] 18:03:21.959203 シナリオ走行を開始しました [シナリオ名: ログイン]
[ADMIN] 18:03:21.967126 シナリオ走行を終了しました [シナリオ名: 新規ユーザー登録]
[ADMIN] 18:03:21.967151 シナリオ走行を開始しました [シナリオ名: 新規ユーザー登録]
[ADMIN] 18:03:21.970841 シナリオ走行を終了しました [シナリオ名: 新規ユーザー登録]
[ADMIN] 18:03:21.970860 シナリオ走行を開始しました [シナリオ名: 新規ユーザー登録]
[ADMIN] 18:03:21.987328 シナリオ走行を終了しました [シナリオ名: 新規ユーザー登録]
[ADMIN] 18:03:21.987356 シナリオ走行を開始しました [シナリオ名: 新規ユーザー登録]
[ADMIN] 18:03:22.007855 シナリオ走行を終了しました [シナリオ名: ログイン]
[ADMIN] 18:03:22.007868 シナリオ走行を開始しました [シナリオ名: ログイン]
[ADMIN] 18:03:22.013659 シナリオ走行を終了しました [シナリオ名: 新規ユーザー登録]
[ADMIN] 18:03:22.013680 シナリオ走行を開始しました [シナリオ名: 新規ユーザー登録]
[ADMIN] 18:03:22.017298 シナリオ走行を終了しました [シナリオ名: ログイン]
[ADMIN] 18:03:22.017312 シナリオ走行を開始しました [シナリオ名: ログイン]
[ADMIN] 18:03:22.055285 シナリオ走行を終了しました [シナリオ名: ログイン]
[ADMIN] 18:03:22.055298 シナリオ走行を開始しました [シナリオ名: ログイン]
[ADMIN] 18:03:22.072627 シナリオ走行を終了しました [シナリオ名: ログイン]
[ADMIN] 18:03:22.072642 シナリオ走行を開始しました [シナリオ名: ログイン]
[ADMIN] 18:03:22.084322 シナリオ走行を終了しました [シナリオ名: ログイン]
[ADMIN] 18:03:22.084345 シナリオ走行を開始しました [シナリオ名: ログイン]
[ADMIN] 18:03:22.085569 シナリオ走行を終了しました [シナリオ名: ログイン]
[ADMIN] 18:03:22.085582 シナリオ走行を開始しました [シナリオ名: ログイン]
[ADMIN] 18:03:22.120002 シナリオ走行を終了しました [シナリオ名: 新規ユーザー登録]
[ADMIN] 18:03:22.120029 シナリオ走行を開始しました [シナリオ名: 新規ユーザー登録]
[ADMIN] 18:03:22.136607 シナリオ走行を終了しました [シナリオ名: ログイン]
[ADMIN] 18:03:22.136623 シナリオ走行を開始しました [シナリオ名: ログイン]
[ADMIN] 18:03:22.148273 シナリオ走行を終了しました [シナリオ名: ログイン]
[ADMIN] 18:03:22.148285 シナリオ走行を開始しました [シナリオ名: ログイン]
[ADMIN] 18:03:22.159285 シナリオ走行を終了しました [シナリオ名: Banユーザログイン]
[ADMIN] 18:03:22.159303 シナリオ走行を開始しました [シナリオ名: Banユーザログイン]
[ADMIN] 18:03:22.177089 シナリオ走行を終了しました [シナリオ名: ログイン]
[ADMIN] 18:03:22.177103 シナリオ走行を開始しました [シナリオ名: ログイン]
[ADMIN] 18:03:22.188258 シナリオ走行を終了しました [シナリオ名: 新規ユーザー登録]
[ADMIN] 18:03:22.188292 シナリオ走行を開始しました [シナリオ名: 新規ユーザー登録]
[ADMIN] 18:03:22.226016 シナリオ走行を終了しました [シナリオ名: ログイン]
[ADMIN] 18:03:22.226030 シナリオ走行を開始しました [シナリオ名: ログイン]
[ADMIN] 18:03:22.227417 シナリオ走行を終了しました [シナリオ名: Banユーザログイン]
[ADMIN] 18:03:22.227437 シナリオ走行を開始しました [シナリオ名: Banユーザログイン]
[ADMIN] 18:03:22.229274 シナリオ走行を終了しました [シナリオ名: ログイン]
[ADMIN] 18:03:22.229283 シナリオ走行を開始しました [シナリオ名: ログイン]
[ADMIN] 18:03:22.231993 シナリオ走行を終了しました [シナリオ名: 新規ユーザー登録]
[ADMIN] 18:03:22.232012 シナリオ走行を開始しました [シナリオ名: 新規ユーザー登録]
[ADMIN] 18:03:22.244516 シナリオ走行を終了しました [シナリオ名: ログイン]
[ADMIN] 18:03:22.244530 シナリオ走行を開始しました [シナリオ名: ログイン]
[ADMIN] 18:03:22.248898 シナリオ走行を終了しました [シナリオ名: ログイン]
[ADMIN] 18:03:22.248911 シナリオ走行を開始しました [シナリオ名: ログイン]
[ADMIN] 18:03:22.252255 シナリオ走行を終了しました [シナリオ名: 新規ユーザー登録]
[ADMIN] 18:03:22.252281 シナリオ走行を開始しました [シナリオ名: 新規ユーザー登録]
[ADMIN] 18:03:22.265366 シナリオ走行を終了しました [シナリオ名: ログイン]
[ADMIN] 18:03:22.265378 シナリオ走行を開始しました [シナリオ名: ログイン]
[ADMIN] 18:03:22.265884 シナリオ走行を終了しました [シナリオ名: ログイン]
[ADMIN] 18:03:22.265893 シナリオ走行を開始しました [シナリオ名: ログイン]
[ADMIN] 18:03:22.273412 シナリオ走行を終了しました [シナリオ名: 新規ユーザー登録]
[ADMIN] 18:03:22.273432 シナリオ走行を開始しました [シナリオ名: 新規ユーザー登録]
[ADMIN] 18:03:22.273765 シナリオ走行を終了しました [シナリオ名: Banユーザログイン]
[ADMIN] 18:03:22.273780 シナリオ走行を開始しました [シナリオ名: Banユーザログイン]
[ADMIN] 18:03:22.274362 シナリオ走行を終了しました [シナリオ名: 新規ユーザー登録]
[ADMIN] 18:03:22.274378 シナリオ走行を開始しました [シナリオ名: 新規ユーザー登録]
[ADMIN] 18:03:22.282843 シナリオ走行を終了しました [シナリオ名: ログイン]
[ADMIN] 18:03:22.282857 シナリオ走行を開始しました [シナリオ名: ログイン]
[ADMIN] 18:03:22.300672 シナリオ走行を終了しました [シナリオ名: Banユーザログイン]
[ADMIN] 18:03:22.300687 シナリオ走行を開始しました [シナリオ名: Banユーザログイン]
[ADMIN] 18:03:22.342065 シナリオ走行を終了しました [シナリオ名: ログイン]
[ADMIN] 18:03:22.342081 シナリオ走行を開始しました [シナリオ名: ログイン]
[ADMIN] 18:03:22.342169 シナリオ走行を終了しました [シナリオ名: ログイン]
[ADMIN] 18:03:22.342181 シナリオ走行を開始しました [シナリオ名: ログイン]
[ADMIN] 18:03:22.356941 シナリオ走行を終了しました [シナリオ名: 新規ユーザー登録]
[ADMIN] 18:03:22.356962 シナリオ走行を開始しました [シナリオ名: 新規ユーザー登録]
[ADMIN] 18:03:22.357129 シナリオ走行を終了しました [シナリオ名: ログイン]
[ADMIN] 18:03:22.357140 シナリオ走行を開始しました [シナリオ名: ログイン]
[ADMIN] 18:03:22.360857 シナリオ走行を終了しました [シナリオ名: 新規ユーザー登録]
[ADMIN] 18:03:22.360879 シナリオ走行を開始しました [シナリオ名: 新規ユーザー登録]
[ADMIN] 18:03:22.365097 シナリオ走行を終了しました [シナリオ名: ログイン]
[ADMIN] 18:03:22.365107 シナリオ走行を開始しました [シナリオ名: ログイン]
[ADMIN] 18:03:22.383163 シナリオ走行を終了しました [シナリオ名: 新規ユーザー登録]
[ADMIN] 18:03:22.383191 シナリオ走行を開始しました [シナリオ名: 新規ユーザー登録]
[ADMIN] 18:03:22.435361 シナリオ走行を終了しました [シナリオ名: ログイン]
[ADMIN] 18:03:22.435375 シナリオ走行を開始しました [シナリオ名: ログイン]
[ADMIN] 18:03:22.436800 シナリオ走行を終了しました [シナリオ名: ログイン]
[ADMIN] 18:03:22.436811 シナリオ走行を開始しました [シナリオ名: ログイン]
[ADMIN] 18:03:22.442335 シナリオ走行を終了しました [シナリオ名: Banユーザログイン]
[ADMIN] 18:03:22.442349 シナリオ走行を開始しました [シナリオ名: Banユーザログイン]
[ADMIN] 18:03:22.443029 シナリオ走行を終了しました [シナリオ名: 新規ユーザー登録]
[ADMIN] 18:03:22.443056 シナリオ走行を開始しました [シナリオ名: 新規ユーザー登録]
[ADMIN] 18:03:22.459996 シナリオ走行を終了しました [シナリオ名: 新規ユーザー登録]
[ADMIN] 18:03:22.460026 シナリオ走行を開始しました [シナリオ名: 新規ユーザー登録]
[ADMIN] 18:03:22.493512 シナリオ走行を終了しました [シナリオ名: ログイン]
[ADMIN] 18:03:22.493526 シナリオ走行を開始しました [シナリオ名: ログイン]
[ADMIN] 18:03:22.535493 シナリオ走行を終了しました [シナリオ名: Banユーザログイン]
[ADMIN] 18:03:22.535511 シナリオ走行を開始しました [シナリオ名: Banユーザログイン]
[ADMIN] 18:03:22.571347 シナリオ走行を終了しました [シナリオ名: ログイン]
[ADMIN] 18:03:22.571361 シナリオ走行を開始しました [シナリオ名: ログイン]
[ADMIN] 18:03:22.572171 シナリオ走行を終了しました [シナリオ名: ログイン]
[ADMIN] 18:03:22.572254 シナリオ走行を開始しました [シナリオ名: ログイン]
[ADMIN] 18:03:22.572322 シナリオ走行を終了しました [シナリオ名: ログイン]
[ADMIN] 18:03:22.572339 シナリオ走行を開始しました [シナリオ名: ログイン]
[ADMIN] 18:03:22.589171 シナリオ走行を終了しました [シナリオ名: 新規ユーザー登録]
[ADMIN] 18:03:22.589196 シナリオ走行を開始しました [シナリオ名: 新規ユーザー登録]
[ADMIN] 18:03:22.601183 シナリオ走行を終了しました [シナリオ名: 新規ユーザー登録]
[ADMIN] 18:03:22.601206 シナリオ走行を開始しました [シナリオ名: 新規ユーザー登録]
[ADMIN] 18:03:22.620333 シナリオ走行を終了しました [シナリオ名: ログイン]
[ADMIN] 18:03:22.620348 シナリオ走行を開始しました [シナリオ名: ログイン]
[ADMIN] 18:03:22.645906 シナリオ走行を終了しました [シナリオ名: 新規ユーザー登録]
[ADMIN] 18:03:22.645929 シナリオ走行を開始しました [シナリオ名: 新規ユーザー登録]
[ADMIN] 18:03:22.712041 シナリオ走行を終了しました [シナリオ名: Banユーザログイン]
[ADMIN] 18:03:22.712066 シナリオ走行を開始しました [シナリオ名: Banユーザログイン]
[ADMIN] 18:03:22.712934 シナリオ走行を終了しました [シナリオ名: ログイン]
[ADMIN] 18:03:22.712942 シナリオ走行を開始しました [シナリオ名: ログイン]
[ADMIN] 18:03:22.715754 シナリオ走行を終了しました [シナリオ名: ログイン]
[ADMIN] 18:03:22.715765 シナリオ走行を開始しました [シナリオ名: ログイン]
[ADMIN] 18:03:22.719329 シナリオ走行を終了しました [シナリオ名: 新規ユーザー登録]
[ADMIN] 18:03:22.719350 シナリオ走行を開始しました [シナリオ名: 新規ユーザー登録]
[ADMIN] 18:03:22.725971 シナリオ走行を終了しました [シナリオ名: 新規ユーザー登録]
[ADMIN] 18:03:22.725991 シナリオ走行を開始しました [シナリオ名: 新規ユーザー登録]
[ADMIN] 18:03:22.734966 シナリオ走行を終了しました [シナリオ名: 新規ユーザー登録]
[ADMIN] 18:03:22.734986 シナリオ走行を開始しました [シナリオ名: 新規ユーザー登録]
[ADMIN] 18:03:22.749943 シナリオ走行を終了しました [シナリオ名: 新規ユーザー登録]
[ADMIN] 18:03:22.749968 シナリオ走行を開始しました [シナリオ名: 新規ユーザー登録]
[ADMIN] 18:03:22.755883 シナリオ走行を終了しました [シナリオ名: 新規ユーザー登録]
[ADMIN] 18:03:22.755903 シナリオ走行を開始しました [シナリオ名: 新規ユーザー登録]
[ADMIN] 18:03:22.766660 シナリオ走行を終了しました [シナリオ名: ログイン]
[ADMIN] 18:03:22.766670 シナリオ走行を開始しました [シナリオ名: ログイン]
[ADMIN] 18:03:22.783174 シナリオ走行を終了しました [シナリオ名: 新規ユーザー登録]
[ADMIN] 18:03:22.783203 シナリオ走行を開始しました [シナリオ名: 新規ユーザー登録]
[ADMIN] 18:03:22.797109 シナリオ走行を終了しました [シナリオ名: 新規ユーザー登録]
[ADMIN] 18:03:22.797133 シナリオ走行を開始しました [シナリオ名: 新規ユーザー登録]
[ADMIN] 18:03:22.829730 シナリオ走行を終了しました [シナリオ名: ログイン]
[ADMIN] 18:03:22.829746 シナリオ走行を開始しました [シナリオ名: ログイン]
[ADMIN] 18:03:22.848704 シナリオ走行を終了しました [シナリオ名: Banユーザログイン]
[ADMIN] 18:03:22.848726 シナリオ走行を開始しました [シナリオ名: Banユーザログイン]
[ADMIN] 18:03:22.848815 シナリオ走行を終了しました [シナリオ名: Banユーザログイン]
[ADMIN] 18:03:22.848828 シナリオ走行を開始しました [シナリオ名: Banユーザログイン]
[ADMIN] 18:03:22.856052 シナリオ走行を終了しました [シナリオ名: 新規ユーザー登録]
[ADMIN] 18:03:22.856074 シナリオ走行を開始しました [シナリオ名: 新規ユーザー登録]
[ADMIN] 18:03:22.856274 シナリオ走行を終了しました [シナリオ名: 新規ユーザー登録]
[ADMIN] 18:03:22.856288 シナリオ走行を開始しました [シナリオ名: 新規ユーザー登録]
[ADMIN] 18:03:22.857349 シナリオ走行を終了しました [シナリオ名: ログイン]
[ADMIN] 18:03:22.857359 シナリオ走行を開始しました [シナリオ名: ログイン]
[ADMIN] 18:03:22.857569 シナリオ走行を終了しました [シナリオ名: 新規ユーザー登録]
[ADMIN] 18:03:22.857590 シナリオ走行を開始しました [シナリオ名: 新規ユーザー登録]
[ADMIN] 18:03:22.858014 シナリオ走行を終了しました [シナリオ名: ログイン]
[ADMIN] 18:03:22.858034 シナリオ走行を開始しました [シナリオ名: ログイン]
[ADMIN] 18:03:22.858285 シナリオ走行を終了しました [シナリオ名: ログイン]
[ADMIN] 18:03:22.858293 シナリオ走行を開始しました [シナリオ名: ログイン]
[ADMIN] 18:03:22.860480 シナリオ走行を終了しました [シナリオ名: ログイン]
[ADMIN] 18:03:22.860493 シナリオ走行を開始しました [シナリオ名: ログイン]
[ADMIN] 18:03:22.876248 シナリオ走行を終了しました [シナリオ名: ログイン]
[ADMIN] 18:03:22.876264 シナリオ走行を開始しました [シナリオ名: ログイン]
[ADMIN] 18:03:22.876491 シナリオ走行を終了しました [シナリオ名: ログイン]
[ADMIN] 18:03:22.876503 シナリオ走行を開始しました [シナリオ名: ログイン]
[ADMIN] 18:03:22.887562 シナリオ走行を終了しました [シナリオ名: Banユーザログイン]
[ADMIN] 18:03:22.887579 シナリオ走行を開始しました [シナリオ名: Banユーザログイン]
[ADMIN] 18:03:22.901777 シナリオ走行を終了しました [シナリオ名: 新規ユーザー登録]
[ADMIN] 18:03:22.901795 シナリオ走行を開始しました [シナリオ名: 新規ユーザー登録]
[ADMIN] 18:03:22.918775 シナリオ走行を終了しました [シナリオ名: ログイン]
[ADMIN] 18:03:22.918788 シナリオ走行を開始しました [シナリオ名: ログイン]
18:03:22.939311 現在のログイン成功数: [total: 2075 (+1066人)]
18:03:22.939318 現在のユーザー登録成功数: [total: 1665 (+817人)]
[ADMIN] 18:03:22.971905 シナリオ走行を終了しました [シナリオ名: 新規ユーザー登録]
[ADMIN] 18:03:22.971932 シナリオ走行を開始しました [シナリオ名: 新規ユーザー登録]
[ADMIN] 18:03:23.007891 シナリオ走行を終了しました [シナリオ名: ログイン]
[ADMIN] 18:03:23.007909 シナリオ走行を開始しました [シナリオ名: ログイン]
[ADMIN] 18:03:23.010276 シナリオ走行を終了しました [シナリオ名: 新規ユーザー登録]
[ADMIN] 18:03:23.010297 シナリオ走行を開始しました [シナリオ名: 新規ユーザー登録]
[ADMIN] 18:03:23.014205 シナリオ走行を終了しました [シナリオ名: ログイン]
[ADMIN] 18:03:23.014232 シナリオ走行を開始しました [シナリオ名: ログイン]
[ADMIN] 18:03:23.014278 シナリオ走行を開始しました [シナリオ名: ログイン]
[ADMIN] 18:03:23.014298 シナリオ走行を開始しました [シナリオ名: ログイン]
[ADMIN] 18:03:23.014330 シナリオ走行を開始しました [シナリオ名: ログイン]
[ADMIN] 18:03:23.014346 シナリオ走行を開始しました [シナリオ名: ログイン]
[ADMIN] 18:03:23.014426 シナリオ走行を開始しました [シナリオ名: ログイン]
[ADMIN] 18:03:23.014434 シナリオ走行を開始しました [シナリオ名: ログイン]
[ADMIN] 18:03:23.014442 シナリオ走行を開始しました [シナリオ名: ログイン]
[ADMIN] 18:03:23.014530 シナリオ走行を開始しました [シナリオ名: ログイン]
[ADMIN] 18:03:23.014427 シナリオ走行を開始しました [シナリオ名: ログイン]
[ADMIN] 18:03:23.014431 シナリオ走行を開始しました [シナリオ名: ログイン]
[ADMIN] 18:03:23.014432 シナリオ走行を開始しました [シナリオ名: ログイン]
[ADMIN] 18:03:23.014535 シナリオ走行を開始しました [シナリオ名: ログイン]
[ADMIN] 18:03:23.014543 シナリオ走行を開始しました [シナリオ名: ログイン]
[ADMIN] 18:03:23.014546 シナリオ走行を開始しました [シナリオ名: ログイン]
[ADMIN] 18:03:23.014538 シナリオ走行を開始しました [シナリオ名: ログイン]
[ADMIN] 18:03:23.022732 シナリオ走行を終了しました [シナリオ名: ログイン]
[ADMIN] 18:03:23.035795 シナリオ走行を終了しました [シナリオ名: ログイン]
[ADMIN] 18:03:23.044374 シナリオ走行を終了しました [シナリオ名: ログイン]
[ADMIN] 18:03:23.044955 シナリオ走行を終了しました [シナリオ名: 新規ユーザー登録]
[ADMIN] 18:03:23.044979 シナリオ走行を開始しました [シナリオ名: 新規ユーザー登録]
[ADMIN] 18:03:23.050948 シナリオ走行を終了しました [シナリオ名: ログイン]
[ADMIN] 18:03:23.053270 シナリオ走行を終了しました [シナリオ名: ログイン]
[ADMIN] 18:03:23.064358 シナリオ走行を終了しました [シナリオ名: ログイン]
[ADMIN] 18:03:23.092597 シナリオ走行を終了しました [シナリオ名: ログイン]
[ADMIN] 18:03:23.097263 シナリオ走行を終了しました [シナリオ名: Banユーザログイン]
[ADMIN] 18:03:23.097278 シナリオ走行を終了しました [シナリオ名: 新規ユーザー登録]
[ADMIN] 18:03:23.097283 シナリオ走行を開始しました [シナリオ名: Banユーザログイン]
[ADMIN] 18:03:23.097369 シナリオ走行を開始しました [シナリオ名: 新規ユーザー登録]
[ADMIN] 18:03:23.097381 シナリオ走行を開始しました [シナリオ名: 新規ユーザー登録]
[ADMIN] 18:03:23.097424 シナリオ走行を開始しました [シナリオ名: 新規ユーザー登録]
[ADMIN] 18:03:23.097476 シナリオ走行を開始しました [シナリオ名: 新規ユーザー登録]
[ADMIN] 18:03:23.097512 シナリオ走行を開始しました [シナリオ名: 新規ユーザー登録]
[ADMIN] 18:03:23.097525 シナリオ走行を開始しました [シナリオ名: 新規ユーザー登録]
[ADMIN] 18:03:23.097589 シナリオ走行を開始しました [シナリオ名: 新規ユーザー登録]
[ADMIN] 18:03:23.097613 シナリオ走行を開始しました [シナリオ名: 新規ユーザー登録]
[ADMIN] 18:03:23.097514 シナリオ走行を開始しました [シナリオ名: 新規ユーザー登録]
[ADMIN] 18:03:23.097448 シナリオ走行を開始しました [シナリオ名: 新規ユーザー登録]
[ADMIN] 18:03:23.097622 シナリオ走行を開始しました [シナリオ名: 新規ユーザー登録]
[ADMIN] 18:03:23.097375 シナリオ走行を開始しました [シナリオ名: 新規ユーザー登録]
[ADMIN] 18:03:23.097459 シナリオ走行を開始しました [シナリオ名: 新規ユーザー登録]
[ADMIN] 18:03:23.097468 シナリオ走行を開始しました [シナリオ名: 新規ユーザー登録]
[ADMIN] 18:03:23.097520 シナリオ走行を開始しました [シナリオ名: 新規ユーザー登録]
[ADMIN] 18:03:23.097627 シナリオ走行を開始しました [シナリオ名: 新規ユーザー登録]
[ADMIN] 18:03:23.097370 シナリオ走行を開始しました [シナリオ名: 新規ユーザー登録]
[ADMIN] 18:03:23.132682 シナリオ走行を終了しました [シナリオ名: 新規ユーザー登録]
[ADMIN] 18:03:23.144572 シナリオ走行を終了しました [シナリオ名: Banユーザログイン]
[ADMIN] 18:03:23.144592 シナリオ走行を開始しました [シナリオ名: Banユーザログイン]
[ADMIN] 18:03:23.172832 シナリオ走行を終了しました [シナリオ名: ログイン]
[ADMIN] 18:03:23.202838 シナリオ走行を終了しました [シナリオ名: ログイン]
[ADMIN] 18:03:23.284243 シナリオ走行を終了しました [シナリオ名: 新規ユーザー登録]
[ADMIN] 18:03:23.297190 シナリオ走行を終了しました [シナリオ名: ログイン]
[ADMIN] 18:03:23.309651 シナリオ走行を終了しました [シナリオ名: ログイン]
[ADMIN] 18:03:23.312191 シナリオ走行を終了しました [シナリオ名: ログイン]
[ADMIN] 18:03:23.341775 シナリオ走行を終了しました [シナリオ名: ログイン]
[ADMIN] 18:03:23.367647 シナリオ走行を終了しました [シナリオ名: 新規ユーザー登録]
[ADMIN] 18:03:23.377205 シナリオ走行を終了しました [シナリオ名: Banユーザログイン]
[ADMIN] 18:03:23.377234 シナリオ走行を開始しました [シナリオ名: Banユーザログイン]
[ADMIN] 18:03:23.377298 シナリオ走行を開始しました [シナリオ名: Banユーザログイン]
[ADMIN] 18:03:23.377314 シナリオ走行を開始しました [シナリオ名: Banユーザログイン]
[ADMIN] 18:03:23.377349 シナリオ走行を開始しました [シナリオ名: Banユーザログイン]
[ADMIN] 18:03:23.403682 シナリオ走行を終了しました [シナリオ名: 新規ユーザー登録]
[ADMIN] 18:03:23.404346 シナリオ走行を終了しました [シナリオ名: 新規ユーザー登録]
[ADMIN] 18:03:23.421809 シナリオ走行を終了しました [シナリオ名: ログイン]
[ADMIN] 18:03:23.460378 シナリオ走行を終了しました [シナリオ名: Banユーザログイン]
[ADMIN] 18:03:23.465576 シナリオ走行を終了しました [シナリオ名: ログイン]
[ADMIN] 18:03:23.475286 シナリオ走行を終了しました [シナリオ名: 新規ユーザー登録]
[ADMIN] 18:03:23.489998 シナリオ走行を終了しました [シナリオ名: Banユーザログイン]
[ADMIN] 18:03:23.490038 シナリオ走行を終了しました [シナリオ名: 新規ユーザー登録]
[ADMIN] 18:03:23.501141 シナリオ走行を終了しました [シナリオ名: ログイン]
[ADMIN] 18:03:23.509618 シナリオ走行を終了しました [シナリオ名: Banユーザログイン]
[ADMIN] 18:03:23.538788 シナリオ走行を終了しました [シナリオ名: ログイン]
[ADMIN] 18:03:23.541456 シナリオ走行を終了しました [シナリオ名: ログイン]
[ADMIN] 18:03:23.545708 シナリオ走行を終了しました [シナリオ名: 新規ユーザー登録]
[ADMIN] 18:03:23.563859 シナリオ走行を終了しました [シナリオ名: ログイン]
[ADMIN] 18:03:23.566975 シナリオ走行を終了しました [シナリオ名: ログイン]
[ADMIN] 18:03:23.571148 シナリオ走行を終了しました [シナリオ名: 新規ユーザー登録]
[ADMIN] 18:03:23.578330 シナリオ走行を終了しました [シナリオ名: 新規ユーザー登録]
[ADMIN] 18:03:23.588577 シナリオ走行を終了しました [シナリオ名: 新規ユーザー登録]
[ADMIN] 18:03:23.686476 シナリオ走行を終了しました [シナリオ名: ログイン]
[ADMIN] 18:03:23.690854 シナリオ走行を終了しました [シナリオ名: ログイン]
[ADMIN] 18:03:23.690872 シナリオ走行を開始しました [シナリオ名: ログイン]
[ADMIN] 18:03:23.690889 シナリオ走行を開始しました [シナリオ名: ログイン]
[ADMIN] 18:03:23.690960 シナリオ走行を開始しました [シナリオ名: ログイン]
[ADMIN] 18:03:23.691024 シナリオ走行を開始しました [シナリオ名: ログイン]
[ADMIN] 18:03:23.691032 シナリオ走行を開始しました [シナリオ名: ログイン]
[ADMIN] 18:03:23.691027 シナリオ走行を開始しました [シナリオ名: ログイン]
[ADMIN] 18:03:23.691115 シナリオ走行を開始しました [シナリオ名: ログイン]
[ADMIN] 18:03:23.691167 シナリオ走行を開始しました [シナリオ名: ログイン]
[ADMIN] 18:03:23.691191 シナリオ走行を開始しました [シナリオ名: ログイン]
[ADMIN] 18:03:23.691266 シナリオ走行を開始しました [シナリオ名: ログイン]
[ADMIN] 18:03:23.691365 シナリオ走行を開始しました [シナリオ名: ログイン]
[ADMIN] 18:03:23.691426 シナリオ走行を開始しました [シナリオ名: ログイン]
[ADMIN] 18:03:23.691481 シナリオ走行を開始しました [シナリオ名: ログイン]
[ADMIN] 18:03:23.691496 シナリオ走行を開始しました [シナリオ名: ログイン]
[ADMIN] 18:03:23.691568 シナリオ走行を開始しました [シナリオ名: ログイン]
[ADMIN] 18:03:23.691576 シナリオ走行を開始しました [シナリオ名: ログイン]
[ADMIN] 18:03:23.691572 シナリオ走行を開始しました [シナリオ名: ログイン]
[ADMIN] 18:03:23.691030 シナリオ走行を開始しました [シナリオ名: ログイン]
[ADMIN] 18:03:23.691031 シナリオ走行を開始しました [シナリオ名: ログイン]
[ADMIN] 18:03:23.691573 シナリオ走行を開始しました [シナリオ名: ログイン]
[ADMIN] 18:03:23.691028 シナリオ走行を開始しました [シナリオ名: ログイン]
[ADMIN] 18:03:23.691575 シナリオ走行を開始しました [シナリオ名: ログイン]
[ADMIN] 18:03:23.719822 シナリオ走行を終了しました [シナリオ名: ログイン]
[ADMIN] 18:03:23.719836 シナリオ走行を開始しました [シナリオ名: ログイン]
[ADMIN] 18:03:23.730083 シナリオ走行を終了しました [シナリオ名: ログイン]
[ADMIN] 18:03:23.730097 シナリオ走行を開始しました [シナリオ名: ログイン]
[ADMIN] 18:03:23.738823 シナリオ走行を終了しました [シナリオ名: ログイン]
[ADMIN] 18:03:23.763755 シナリオ走行を終了しました [シナリオ名: ログイン]
[ADMIN] 18:03:23.763774 シナリオ走行を開始しました [シナリオ名: ログイン]
[ADMIN] 18:03:23.763930 シナリオ走行を開始しました [シナリオ名: ログイン]
[ADMIN] 18:03:23.764418 シナリオ走行を終了しました [シナリオ名: ログイン]
[ADMIN] 18:03:23.773889 シナリオ走行を終了しました [シナリオ名: ログイン]
[ADMIN] 18:03:23.773944 シナリオ走行を終了しました [シナリオ名: ログイン]
[ADMIN] 18:03:23.773956 シナリオ走行を開始しました [シナリオ名: ログイン]
[ADMIN] 18:03:23.773960 シナリオ走行を開始しました [シナリオ名: ログイン]
[ADMIN] 18:03:23.773965 シナリオ走行を開始しました [シナリオ名: ログイン]
[ADMIN] 18:03:23.780373 シナリオ走行を終了しました [シナリオ名: ログイン]
[ADMIN] 18:03:23.780382 シナリオ走行を開始しました [シナリオ名: ログイン]
[ADMIN] 18:03:23.780791 シナリオ走行を終了しました [シナリオ名: 新規ユーザー登録]
[ADMIN] 18:03:23.792962 シナリオ走行を終了しました [シナリオ名: 新規ユーザー登録]
[ADMIN] 18:03:23.797346 シナリオ走行を終了しました [シナリオ名: ログイン]
[ADMIN] 18:03:23.797355 シナリオ走行を開始しました [シナリオ名: ログイン]
[ADMIN] 18:03:23.801982 シナリオ走行を終了しました [シナリオ名: ログイン]
[ADMIN] 18:03:23.801991 シナリオ走行を開始しました [シナリオ名: ログイン]
[ADMIN] 18:03:23.820819 シナリオ走行を終了しました [シナリオ名: ログイン]
[ADMIN] 18:03:23.820832 シナリオ走行を開始しました [シナリオ名: ログイン]
[ADMIN] 18:03:23.830092 シナリオ走行を終了しました [シナリオ名: ログイン]
[ADMIN] 18:03:23.830102 シナリオ走行を開始しました [シナリオ名: ログイン]
[ADMIN] 18:03:23.839240 シナリオ走行を終了しました [シナリオ名: 新規ユーザー登録]
[ADMIN] 18:03:23.847378 シナリオ走行を終了しました [シナリオ名: ログイン]
[ADMIN] 18:03:23.847392 シナリオ走行を開始しました [シナリオ名: ログイン]
[ADMIN] 18:03:23.854671 シナリオ走行を終了しました [シナリオ名: 新規ユーザー登録]
[ADMIN] 18:03:23.854923 シナリオ走行を終了しました [シナリオ名: 新規ユーザー登録]
[ADMIN] 18:03:23.854966 シナリオ走行を開始しました [シナリオ名: 新規ユーザー登録]
[ADMIN] 18:03:23.854979 シナリオ走行を開始しました [シナリオ名: 新規ユーザー登録]
[ADMIN] 18:03:23.854988 シナリオ走行を開始しました [シナリオ名: 新規ユーザー登録]
[ADMIN] 18:03:23.854982 シナリオ走行を開始しました [シナリオ名: 新規ユーザー登録]
[ADMIN] 18:03:23.855045 シナリオ走行を開始しました [シナリオ名: 新規ユーザー登録]
[ADMIN] 18:03:23.855083 シナリオ走行を開始しました [シナリオ名: 新規ユーザー登録]
[ADMIN] 18:03:23.855141 シナリオ走行を開始しました [シナリオ名: 新規ユーザー登録]
[ADMIN] 18:03:23.855179 シナリオ走行を開始しました [シナリオ名: 新規ユーザー登録]
[ADMIN] 18:03:23.855222 シナリオ走行を開始しました [シナリオ名: 新規ユーザー登録]
[ADMIN] 18:03:23.855259 シナリオ走行を開始しました [シナリオ名: 新規ユーザー登録]
[ADMIN] 18:03:23.855269 シナリオ走行を開始しました [シナリオ名: 新規ユーザー登録]
[ADMIN] 18:03:23.855278 シナリオ走行を開始しました [シナリオ名: 新規ユーザー登録]
[ADMIN] 18:03:23.855384 シナリオ走行を開始しました [シナリオ名: 新規ユーザー登録]
[ADMIN] 18:03:23.855393 シナリオ走行を開始しました [シナリオ名: 新規ユーザー登録]
[ADMIN] 18:03:23.855263 シナリオ走行を開始しました [シナリオ名: 新規ユーザー登録]
[ADMIN] 18:03:23.855524 シナリオ走行を開始しました [シナリオ名: 新規ユーザー登録]
[ADMIN] 18:03:23.857087 シナリオ走行を終了しました [シナリオ名: 新規ユーザー登録]
[ADMIN] 18:03:23.858265 シナリオ走行を終了しました [シナリオ名: 新規ユーザー登録]
[ADMIN] 18:03:23.858282 シナリオ走行を開始しました [シナリオ名: 新規ユーザー登録]
[ADMIN] 18:03:23.858337 シナリオ走行を開始しました [シナリオ名: 新規ユーザー登録]
[ADMIN] 18:03:23.862041 シナリオ走行を終了しました [シナリオ名: ログイン]
[ADMIN] 18:03:23.869744 シナリオ走行を終了しました [シナリオ名: Banユーザログイン]
[ADMIN] 18:03:23.887023 シナリオ走行を終了しました [シナリオ名: 新規ユーザー登録]
[ADMIN] 18:03:23.897508 シナリオ走行を終了しました [シナリオ名: ログイン]
[ADMIN] 18:03:23.907778 シナリオ走行を終了しました [シナリオ名: ログイン]
[ADMIN] 18:03:23.908554 シナリオ走行を終了しました [シナリオ名: ログイン]
[ADMIN] 18:03:23.908565 シナリオ走行を開始しました [シナリオ名: ログイン]
[ADMIN] 18:03:23.908579 シナリオ走行を開始しました [シナリオ名: ログイン]
[ADMIN] 18:03:23.908594 シナリオ走行を開始しました [シナリオ名: ログイン]
[ADMIN] 18:03:23.908660 シナリオ走行を開始しました [シナリオ名: ログイン]
[ADMIN] 18:03:23.941640 シナリオ走行を終了しました [シナリオ名: Banユーザログイン]
[ADMIN] 18:03:23.955589 シナリオ走行を終了しました [シナリオ名: 新規ユーザー登録]
[ADMIN] 18:03:23.955621 シナリオ走行を開始しました [シナリオ名: 新規ユーザー登録]
[ADMIN] 18:03:23.955810 シナリオ走行を開始しました [シナリオ名: 新規ユーザー登録]
[ADMIN] 18:03:23.959501 シナリオ走行を終了しました [シナリオ名: 新規ユーザー登録]
[ADMIN] 18:03:23.961236 シナリオ走行を終了しました [シナリオ名: 新規ユーザー登録]
[ADMIN] 18:03:23.974551 シナリオ走行を終了しました [シナリオ名: 新規ユーザー登録]
[ADMIN] 18:03:23.989589 シナリオ走行を終了しました [シナリオ名: ログイン]
[ADMIN] 18:03:23.989598 シナリオ走行を開始しました [シナリオ名: ログイン]
[ADMIN] 18:03:23.990613 シナリオ走行を終了しました [シナリオ名: ログイン]
[ADMIN] 18:03:23.990649 シナリオ走行を開始しました [シナリオ名: ログイン]
[ADMIN] 18:03:24.003168 シナリオ走行を終了しました [シナリオ名: 新規ユーザー登録]
[ADMIN] 18:03:24.010872 シナリオ走行を終了しました [シナリオ名: Banユーザログイン]
[ADMIN] 18:03:24.010890 シナリオ走行を開始しました [シナリオ名: Banユーザログイン]
[ADMIN] 18:03:24.010895 シナリオ走行を開始しました [シナリオ名: Banユーザログイン]
[ADMIN] 18:03:24.010915 シナリオ走行を開始しました [シナリオ名: Banユーザログイン]
[ADMIN] 18:03:24.010924 シナリオ走行を開始しました [シナリオ名: Banユーザログイン]
[ADMIN] 18:03:24.010994 シナリオ走行を開始しました [シナリオ名: Banユーザログイン]
[ADMIN] 18:03:24.011012 シナリオ走行を開始しました [シナリオ名: Banユーザログイン]
[ADMIN] 18:03:24.015015 シナリオ走行を終了しました [シナリオ名: 新規ユーザー登録]
[ADMIN] 18:03:24.021762 シナリオ走行を終了しました [シナリオ名: ログイン]
[ADMIN] 18:03:24.021772 シナリオ走行を開始しました [シナリオ名: ログイン]
[ADMIN] 18:03:24.023126 シナリオ走行を終了しました [シナリオ名: Banユーザログイン]
[ADMIN] 18:03:24.023138 シナリオ走行を開始しました [シナリオ名: Banユーザログイン]
[ADMIN] 18:03:24.023325 シナリオ走行を終了しました [シナリオ名: 新規ユーザー登録]
[ADMIN] 18:03:24.035034 シナリオ走行を終了しました [シナリオ名: 新規ユーザー登録]
[ADMIN] 18:03:24.035054 シナリオ走行を開始しました [シナリオ名: 新規ユーザー登録]
[ADMIN] 18:03:24.035090 シナリオ走行を開始しました [シナリオ名: 新規ユーザー登録]
[ADMIN] 18:03:24.035131 シナリオ走行を開始しました [シナリオ名: 新規ユーザー登録]
[ADMIN] 18:03:24.035163 シナリオ走行を開始しました [シナリオ名: 新規ユーザー登録]
[ADMIN] 18:03:24.035193 シナリオ走行を開始しました [シナリオ名: 新規ユーザー登録]
[ADMIN] 18:03:24.035230 シナリオ走行を開始しました [シナリオ名: 新規ユーザー登録]
[ADMIN] 18:03:24.035265 シナリオ走行を開始しました [シナリオ名: 新規ユーザー登録]
[ADMIN] 18:03:24.049308 シナリオ走行を終了しました [シナリオ名: Banユーザログイン]
[ADMIN] 18:03:24.049320 シナリオ走行を開始しました [シナリオ名: Banユーザログイン]
[ADMIN] 18:03:24.049772 シナリオ走行を終了しました [シナリオ名: 新規ユーザー登録]
[ADMIN] 18:03:24.049799 シナリオ走行を開始しました [シナリオ名: 新規ユーザー登録]
[ADMIN] 18:03:24.053651 シナリオ走行を終了しました [シナリオ名: 新規ユーザー登録]
[ADMIN] 18:03:24.053665 シナリオ走行を開始しました [シナリオ名: 新規ユーザー登録]
[ADMIN] 18:03:24.077989 シナリオ走行を終了しました [シナリオ名: Banユーザログイン]
[ADMIN] 18:03:24.078006 シナリオ走行を開始しました [シナリオ名: Banユーザログイン]
[ADMIN] 18:03:24.080652 シナリオ走行を終了しました [シナリオ名: 新規ユーザー登録]
[ADMIN] 18:03:24.080668 シナリオ走行を開始しました [シナリオ名: 新規ユーザー登録]
[ADMIN] 18:03:24.084235 シナリオ走行を終了しました [シナリオ名: 新規ユーザー登録]
[ADMIN] 18:03:24.084249 シナリオ走行を開始しました [シナリオ名: 新規ユーザー登録]
[ADMIN] 18:03:24.117884 シナリオ走行を終了しました [シナリオ名: ログイン]
[ADMIN] 18:03:24.117896 シナリオ走行を開始しました [シナリオ名: ログイン]
[ADMIN] 18:03:24.137036 シナリオ走行を終了しました [シナリオ名: 新規ユーザー登録]
[ADMIN] 18:03:24.137057 シナリオ走行を開始しました [シナリオ名: 新規ユーザー登録]
[ADMIN] 18:03:24.169845 シナリオ走行を終了しました [シナリオ名: 新規ユーザー登録]
[ADMIN] 18:03:24.169868 シナリオ走行を開始しました [シナリオ名: 新規ユーザー登録]
[ADMIN] 18:03:24.196900 シナリオ走行を終了しました [シナリオ名: 新規ユーザー登録]
[ADMIN] 18:03:24.227408 シナリオ走行を終了しました [シナリオ名: 新規ユーザー登録]
[ADMIN] 18:03:24.227426 シナリオ走行を開始しました [シナリオ名: 新規ユーザー登録]
[ADMIN] 18:03:24.227486 シナリオ走行を開始しました [シナリオ名: 新規ユーザー登録]
[ADMIN] 18:03:24.239081 シナリオ走行を終了しました [シナリオ名: 新規ユーザー登録]
[ADMIN] 18:03:24.239098 シナリオ走行を開始しました [シナリオ名: 新規ユーザー登録]
[ADMIN] 18:03:24.245705 シナリオ走行を終了しました [シナリオ名: 新規ユーザー登録]
[ADMIN] 18:03:24.245722 シナリオ走行を開始しました [シナリオ名: 新規ユーザー登録]
[ADMIN] 18:03:24.354031 シナリオ走行を終了しました [シナリオ名: 新規ユーザー登録]
[ADMIN] 18:03:24.354051 シナリオ走行を開始しました [シナリオ名: 新規ユーザー登録]
[ADMIN] 18:03:24.362179 シナリオ走行を終了しました [シナリオ名: 新規ユーザー登録]
[ADMIN] 18:03:24.362197 シナリオ走行を開始しました [シナリオ名: 新規ユーザー登録]
[ADMIN] 18:03:24.414967 シナリオ走行を終了しました [シナリオ名: ログイン]
[ADMIN] 18:03:24.414985 シナリオ走行を開始しました [シナリオ名: ログイン]
[ADMIN] 18:03:24.442998 シナリオ走行を終了しました [シナリオ名: 新規ユーザー登録]
[ADMIN] 18:03:24.443028 シナリオ走行を開始しました [シナリオ名: 新規ユーザー登録]
[ADMIN] 18:03:24.558773 シナリオ走行を終了しました [シナリオ名: ログイン]
[ADMIN] 18:03:24.558795 シナリオ走行を開始しました [シナリオ名: ログイン]
[ADMIN] 18:03:24.560621 シナリオ走行を終了しました [シナリオ名: ログイン]
[ADMIN] 18:03:24.560631 シナリオ走行を開始しました [シナリオ名: ログイン]
[ADMIN] 18:03:24.639880 シナリオ走行を終了しました [シナリオ名: ログイン]
[ADMIN] 18:03:24.639894 シナリオ走行を開始しました [シナリオ名: ログイン]
[ADMIN] 18:03:24.643013 シナリオ走行を終了しました [シナリオ名: ログイン]
[ADMIN] 18:03:24.643023 シナリオ走行を開始しました [シナリオ名: ログイン]
[ADMIN] 18:03:24.659932 シナリオ走行を終了しました [シナリオ名: ログイン]
[ADMIN] 18:03:24.659945 シナリオ走行を開始しました [シナリオ名: ログイン]
[ADMIN] 18:03:24.680765 シナリオ走行を終了しました [シナリオ名: ログイン]
[ADMIN] 18:03:24.680781 シナリオ走行を開始しました [シナリオ名: ログイン]
[ADMIN] 18:03:24.690110 シナリオ走行を終了しました [シナリオ名: ログイン]
[ADMIN] 18:03:24.690123 シナリオ走行を開始しました [シナリオ名: ログイン]
[ADMIN] 18:03:24.730584 シナリオ走行を終了しました [シナリオ名: ログイン]
[ADMIN] 18:03:24.730600 シナリオ走行を開始しました [シナリオ名: ログイン]
[ADMIN] 18:03:24.735292 シナリオ走行を終了しました [シナリオ名: ログイン]
[ADMIN] 18:03:24.735305 シナリオ走行を開始しました [シナリオ名: ログイン]
[ADMIN] 18:03:24.737239 シナリオ走行を終了しました [シナリオ名: ログイン]
[ADMIN] 18:03:24.737250 シナリオ走行を開始しました [シナリオ名: ログイン]
[ADMIN] 18:03:24.744996 シナリオ走行を終了しました [シナリオ名: ログイン]
[ADMIN] 18:03:24.745011 シナリオ走行を開始しました [シナリオ名: ログイン]
[ADMIN] 18:03:24.747861 シナリオ走行を終了しました [シナリオ名: ログイン]
[ADMIN] 18:03:24.747871 シナリオ走行を開始しました [シナリオ名: ログイン]
[ADMIN] 18:03:24.753785 シナリオ走行を終了しました [シナリオ名: ログイン]
[ADMIN] 18:03:24.753796 シナリオ走行を開始しました [シナリオ名: ログイン]
[ADMIN] 18:03:24.757304 シナリオ走行を終了しました [シナリオ名: ログイン]
[ADMIN] 18:03:24.757312 シナリオ走行を開始しました [シナリオ名: ログイン]
[ADMIN] 18:03:24.758868 シナリオ走行を終了しました [シナリオ名: ログイン]
[ADMIN] 18:03:24.758878 シナリオ走行を開始しました [シナリオ名: ログイン]
[ADMIN] 18:03:24.759549 シナリオ走行を終了しました [シナリオ名: ログイン]
[ADMIN] 18:03:24.759556 シナリオ走行を開始しました [シナリオ名: ログイン]
[ADMIN] 18:03:24.776253 シナリオ走行を終了しました [シナリオ名: 新規ユーザー登録]
[ADMIN] 18:03:24.776287 シナリオ走行を開始しました [シナリオ名: 新規ユーザー登録]
[ADMIN] 18:03:24.786711 シナリオ走行を終了しました [シナリオ名: ログイン]
[ADMIN] 18:03:24.786721 シナリオ走行を開始しました [シナリオ名: ログイン]
[ADMIN] 18:03:24.787128 シナリオ走行を終了しました [シナリオ名: ログイン]
[ADMIN] 18:03:24.787138 シナリオ走行を開始しました [シナリオ名: ログイン]
[ADMIN] 18:03:24.787782 シナリオ走行を終了しました [シナリオ名: ログイン]
[ADMIN] 18:03:24.787790 シナリオ走行を開始しました [シナリオ名: ログイン]
[ADMIN] 18:03:24.788489 シナリオ走行を終了しました [シナリオ名: ログイン]
[ADMIN] 18:03:24.788498 シナリオ走行を開始しました [シナリオ名: ログイン]
[ADMIN] 18:03:24.804170 シナリオ走行を終了しました [シナリオ名: Banユーザログイン]
[ADMIN] 18:03:24.804179 シナリオ走行を開始しました [シナリオ名: Banユーザログイン]
[ADMIN] 18:03:24.811555 シナリオ走行を終了しました [シナリオ名: Banユーザログイン]
[ADMIN] 18:03:24.811570 シナリオ走行を開始しました [シナリオ名: Banユーザログイン]
[ADMIN] 18:03:24.831797 シナリオ走行を終了しました [シナリオ名: ログイン]
[ADMIN] 18:03:24.831810 シナリオ走行を開始しました [シナリオ名: ログイン]
[ADMIN] 18:03:24.834025 シナリオ走行を終了しました [シナリオ名: ログイン]
[ADMIN] 18:03:24.834036 シナリオ走行を開始しました [シナリオ名: ログイン]
[ADMIN] 18:03:24.834425 シナリオ走行を終了しました [シナリオ名: ログイン]
[ADMIN] 18:03:24.834439 シナリオ走行を開始しました [シナリオ名: ログイン]
[ADMIN] 18:03:24.834754 シナリオ走行を終了しました [シナリオ名: ログイン]
[ADMIN] 18:03:24.834765 シナリオ走行を開始しました [シナリオ名: ログイン]
[ADMIN] 18:03:24.836627 シナリオ走行を終了しました [シナリオ名: 新規ユーザー登録]
[ADMIN] 18:03:24.836643 シナリオ走行を開始しました [シナリオ名: 新規ユーザー登録]
[ADMIN] 18:03:24.838005 シナリオ走行を終了しました [シナリオ名: Banユーザログイン]
[ADMIN] 18:03:24.838017 シナリオ走行を開始しました [シナリオ名: Banユーザログイン]
[ADMIN] 18:03:24.840653 シナリオ走行を終了しました [シナリオ名: Banユーザログイン]
[ADMIN] 18:03:24.840667 シナリオ走行を開始しました [シナリオ名: Banユーザログイン]
[ADMIN] 18:03:24.846226 シナリオ走行を終了しました [シナリオ名: ログイン]
[ADMIN] 18:03:24.846236 シナリオ走行を開始しました [シナリオ名: ログイン]
[ADMIN] 18:03:24.847153 シナリオ走行を終了しました [シナリオ名: ログイン]
[ADMIN] 18:03:24.847162 シナリオ走行を開始しました [シナリオ名: ログイン]
[ADMIN] 18:03:24.863550 シナリオ走行を終了しました [シナリオ名: Banユーザログイン]
[ADMIN] 18:03:24.863564 シナリオ走行を開始しました [シナリオ名: Banユーザログイン]
[ADMIN] 18:03:24.873217 シナリオ走行を終了しました [シナリオ名: ログイン]
[ADMIN] 18:03:24.873227 シナリオ走行を開始しました [シナリオ名: ログイン]
[ADMIN] 18:03:24.889226 シナリオ走行を終了しました [シナリオ名: 新規ユーザー登録]
[ADMIN] 18:03:24.889247 シナリオ走行を開始しました [シナリオ名: 新規ユーザー登録]
[ADMIN] 18:03:24.890644 シナリオ走行を終了しました [シナリオ名: Banユーザログイン]
[ADMIN] 18:03:24.890654 シナリオ走行を開始しました [シナリオ名: Banユーザログイン]
[ADMIN] 18:03:24.897434 シナリオ走行を終了しました [シナリオ名: ログイン]
[ADMIN] 18:03:24.897443 シナリオ走行を開始しました [シナリオ名: ログイン]
[ADMIN] 18:03:24.898121 シナリオ走行を終了しました [シナリオ名: ログイン]
[ADMIN] 18:03:24.898133 シナリオ走行を開始しました [シナリオ名: ログイン]
[ADMIN] 18:03:24.900324 シナリオ走行を終了しました [シナリオ名: ログイン]
[ADMIN] 18:03:24.900332 シナリオ走行を開始しました [シナリオ名: ログイン]
[ADMIN] 18:03:24.906491 シナリオ走行を終了しました [シナリオ名: ログイン]
[ADMIN] 18:03:24.906500 シナリオ走行を開始しました [シナリオ名: ログイン]
[ADMIN] 18:03:24.917309 シナリオ走行を終了しました [シナリオ名: 新規ユーザー登録]
[ADMIN] 18:03:24.917327 シナリオ走行を開始しました [シナリオ名: 新規ユーザー登録]
[ADMIN] 18:03:24.919001 シナリオ走行を終了しました [シナリオ名: ログイン]
[ADMIN] 18:03:24.919011 シナリオ走行を開始しました [シナリオ名: ログイン]
[ADMIN] 18:03:24.934015 シナリオ走行を終了しました [シナリオ名: 新規ユーザー登録]
[ADMIN] 18:03:24.934035 シナリオ走行を開始しました [シナリオ名: 新規ユーザー登録]
[ADMIN] 18:03:24.937151 シナリオ走行を終了しました [シナリオ名: 新規ユーザー登録]
[ADMIN] 18:03:24.937166 シナリオ走行を開始しました [シナリオ名: 新規ユーザー登録]
[ADMIN] 18:03:24.941966 シナリオ走行を終了しました [シナリオ名: Banユーザログイン]
[ADMIN] 18:03:24.941981 シナリオ走行を開始しました [シナリオ名: Banユーザログイン]
[ADMIN] 18:03:24.963009 シナリオ走行を終了しました [シナリオ名: Banユーザログイン]
[ADMIN] 18:03:24.963022 シナリオ走行を開始しました [シナリオ名: Banユーザログイン]
[ADMIN] 18:03:24.986281 シナリオ走行を終了しました [シナリオ名: 新規ユーザー登録]
[ADMIN] 18:03:24.986299 シナリオ走行を開始しました [シナリオ名: 新規ユーザー登録]
[ADMIN] 18:03:24.988710 シナリオ走行を終了しました [シナリオ名: 新規ユーザー登録]
[ADMIN] 18:03:24.988726 シナリオ走行を開始しました [シナリオ名: 新規ユーザー登録]
[ADMIN] 18:03:24.989685 シナリオ走行を終了しました [シナリオ名: ログイン]
[ADMIN] 18:03:24.989694 シナリオ走行を開始しました [シナリオ名: ログイン]
[ADMIN] 18:03:24.993010 シナリオ走行を終了しました [シナリオ名: 新規ユーザー登録]
[ADMIN] 18:03:24.993024 シナリオ走行を開始しました [シナリオ名: 新規ユーザー登録]
[ADMIN] 18:03:25.001366 シナリオ走行を終了しました [シナリオ名: 新規ユーザー登録]
[ADMIN] 18:03:25.001383 シナリオ走行を開始しました [シナリオ名: 新規ユーザー登録]
[ADMIN] 18:03:25.005814 シナリオ走行を終了しました [シナリオ名: Banユーザログイン]
[ADMIN] 18:03:25.005828 シナリオ走行を開始しました [シナリオ名: Banユーザログイン]
[ADMIN] 18:03:25.012231 シナリオ走行を終了しました [シナリオ名: ログイン]
[ADMIN] 18:03:25.012241 シナリオ走行を開始しました [シナリオ名: ログイン]
[ADMIN] 18:03:25.012744 シナリオ走行を終了しました [シナリオ名: ログイン]
[ADMIN] 18:03:25.012754 シナリオ走行を開始しました [シナリオ名: ログイン]
[ADMIN] 18:03:25.016634 シナリオ走行を終了しました [シナリオ名: ログイン]
[ADMIN] 18:03:25.016642 シナリオ走行を開始しました [シナリオ名: ログイン]
[ADMIN] 18:03:25.049799 シナリオ走行を終了しました [シナリオ名: 新規ユーザー登録]
[ADMIN] 18:03:25.049814 シナリオ走行を開始しました [シナリオ名: 新規ユーザー登録]
[ADMIN] 18:03:25.065658 シナリオ走行を終了しました [シナリオ名: 新規ユーザー登録]
[ADMIN] 18:03:25.065675 シナリオ走行を開始しました [シナリオ名: 新規ユーザー登録]
[ADMIN] 18:03:25.071637 シナリオ走行を終了しました [シナリオ名: ログイン]
[ADMIN] 18:03:25.071647 シナリオ走行を開始しました [シナリオ名: ログイン]
[ADMIN] 18:03:25.081098 シナリオ走行を終了しました [シナリオ名: 新規ユーザー登録]
[ADMIN] 18:03:25.081112 シナリオ走行を開始しました [シナリオ名: 新規ユーザー登録]
[ADMIN] 18:03:25.108856 シナリオ走行を終了しました [シナリオ名: ログイン]
[ADMIN] 18:03:25.108865 シナリオ走行を開始しました [シナリオ名: ログイン]
[ADMIN] 18:03:25.110032 シナリオ走行を終了しました [シナリオ名: 新規ユーザー登録]
[ADMIN] 18:03:25.110049 シナリオ走行を開始しました [シナリオ名: 新規ユーザー登録]
[ADMIN] 18:03:25.123508 シナリオ走行を終了しました [シナリオ名: ログイン]
[ADMIN] 18:03:25.123519 シナリオ走行を開始しました [シナリオ名: ログイン]
[ADMIN] 18:03:25.151801 シナリオ走行を終了しました [シナリオ名: 新規ユーザー登録]
[ADMIN] 18:03:25.151828 シナリオ走行を開始しました [シナリオ名: 新規ユーザー登録]
[ADMIN] 18:03:25.156866 シナリオ走行を終了しました [シナリオ名: 新規ユーザー登録]
[ADMIN] 18:03:25.156881 シナリオ走行を開始しました [シナリオ名: 新規ユーザー登録]
[ADMIN] 18:03:25.196632 シナリオ走行を終了しました [シナリオ名: 新規ユーザー登録]
[ADMIN] 18:03:25.196653 シナリオ走行を開始しました [シナリオ名: 新規ユーザー登録]
[ADMIN] 18:03:25.197645 シナリオ走行を終了しました [シナリオ名: 新規ユーザー登録]
[ADMIN] 18:03:25.197663 シナリオ走行を開始しました [シナリオ名: 新規ユーザー登録]
[ADMIN] 18:03:25.197991 シナリオ走行を終了しました [シナリオ名: 新規ユーザー登録]
[ADMIN] 18:03:25.198019 シナリオ走行を開始しました [シナリオ名: 新規ユーザー登録]
[ADMIN] 18:03:25.198869 シナリオ走行を終了しました [シナリオ名: 新規ユーザー登録]
[ADMIN] 18:03:25.198885 シナリオ走行を開始しました [シナリオ名: 新規ユーザー登録]
[ADMIN] 18:03:25.199600 シナリオ走行を終了しました [シナリオ名: 新規ユーザー登録]
[ADMIN] 18:03:25.199615 シナリオ走行を開始しました [シナリオ名: 新規ユーザー登録]
[ADMIN] 18:03:25.200310 シナリオ走行を終了しました [シナリオ名: 新規ユーザー登録]
[ADMIN] 18:03:25.200327 シナリオ走行を開始しました [シナリオ名: 新規ユーザー登録]
[ADMIN] 18:03:25.201289 シナリオ走行を終了しました [シナリオ名: ログイン]
[ADMIN] 18:03:25.201298 シナリオ走行を開始しました [シナリオ名: ログイン]
[ADMIN] 18:03:25.211198 シナリオ走行を終了しました [シナリオ名: 新規ユーザー登録]
[ADMIN] 18:03:25.211213 シナリオ走行を開始しました [シナリオ名: 新規ユーザー登録]
[ADMIN] 18:03:25.215859 シナリオ走行を終了しました [シナリオ名: 新規ユーザー登録]
[ADMIN] 18:03:25.215877 シナリオ走行を開始しました [シナリオ名: 新規ユーザー登録]
[ADMIN] 18:03:25.240654 シナリオ走行を終了しました [シナリオ名: 新規ユーザー登録]
[ADMIN] 18:03:25.240668 シナリオ走行を開始しました [シナリオ名: 新規ユーザー登録]
[ADMIN] 18:03:25.247348 シナリオ走行を終了しました [シナリオ名: ログイン]
[ADMIN] 18:03:25.247358 シナリオ走行を開始しました [シナリオ名: ログイン]
[ADMIN] 18:03:25.264402 シナリオ走行を終了しました [シナリオ名: ログイン]
[ADMIN] 18:03:25.264412 シナリオ走行を開始しました [シナリオ名: ログイン]
[ADMIN] 18:03:25.290175 シナリオ走行を終了しました [シナリオ名: 新規ユーザー登録]
[ADMIN] 18:03:25.290190 シナリオ走行を開始しました [シナリオ名: 新規ユーザー登録]
[ADMIN] 18:03:25.316489 シナリオ走行を終了しました [シナリオ名: 新規ユーザー登録]
[ADMIN] 18:03:25.316518 シナリオ走行を開始しました [シナリオ名: 新規ユーザー登録]
[ADMIN] 18:03:25.343887 シナリオ走行を終了しました [シナリオ名: 新規ユーザー登録]
[ADMIN] 18:03:25.343925 シナリオ走行を開始しました [シナリオ名: 新規ユーザー登録]
[ADMIN] 18:03:25.352226 シナリオ走行を終了しました [シナリオ名: 新規ユーザー登録]
[ADMIN] 18:03:25.352246 シナリオ走行を開始しました [シナリオ名: 新規ユーザー登録]
[ADMIN] 18:03:25.385449 シナリオ走行を終了しました [シナリオ名: 新規ユーザー登録]
[ADMIN] 18:03:25.385475 シナリオ走行を開始しました [シナリオ名: 新規ユーザー登録]
[ADMIN] 18:03:25.417711 シナリオ走行を終了しました [シナリオ名: 新規ユーザー登録]
[ADMIN] 18:03:25.417756 シナリオ走行を開始しました [シナリオ名: 新規ユーザー登録]
[ADMIN] 18:03:25.420607 シナリオ走行を終了しました [シナリオ名: 新規ユーザー登録]
[ADMIN] 18:03:25.420624 シナリオ走行を開始しました [シナリオ名: 新規ユーザー登録]
[ADMIN] 18:03:25.423177 シナリオ走行を終了しました [シナリオ名: 新規ユーザー登録]
[ADMIN] 18:03:25.423195 シナリオ走行を開始しました [シナリオ名: 新規ユーザー登録]
[ADMIN] 18:03:25.424463 シナリオ走行を終了しました [シナリオ名: 新規ユーザー登録]
[ADMIN] 18:03:25.424480 シナリオ走行を開始しました [シナリオ名: 新規ユーザー登録]
[ADMIN] 18:03:25.435506 シナリオ走行を終了しました [シナリオ名: 新規ユーザー登録]
[ADMIN] 18:03:25.435525 シナリオ走行を開始しました [シナリオ名: 新規ユーザー登録]
[ADMIN] 18:03:25.480724 シナリオ走行を終了しました [シナリオ名: 新規ユーザー登録]
[ADMIN] 18:03:25.480745 シナリオ走行を開始しました [シナリオ名: 新規ユーザー登録]
[ADMIN] 18:03:25.506361 シナリオ走行を終了しました [シナリオ名: ログイン]
[ADMIN] 18:03:25.506373 シナリオ走行を開始しました [シナリオ名: ログイン]
[ADMIN] 18:03:25.578256 シナリオ走行を終了しました [シナリオ名: Banユーザログイン]
[ADMIN] 18:03:25.578271 シナリオ走行を開始しました [シナリオ名: Banユーザログイン]
[ADMIN] 18:03:25.591196 シナリオ走行を終了しました [シナリオ名: Banユーザログイン]
[ADMIN] 18:03:25.591210 シナリオ走行を開始しました [シナリオ名: Banユーザログイン]
[ADMIN] 18:03:25.598646 シナリオ走行を終了しました [シナリオ名: 新規ユーザー登録]
[ADMIN] 18:03:25.598669 シナリオ走行を開始しました [シナリオ名: 新規ユーザー登録]
[ADMIN] 18:03:25.606846 シナリオ走行を終了しました [シナリオ名: Banユーザログイン]
[ADMIN] 18:03:25.606858 シナリオ走行を開始しました [シナリオ名: Banユーザログイン]
[ADMIN] 18:03:25.614063 シナリオ走行を終了しました [シナリオ名: Banユーザログイン]
[ADMIN] 18:03:25.614079 シナリオ走行を開始しました [シナリオ名: Banユーザログイン]
[ADMIN] 18:03:25.649477 シナリオ走行を終了しました [シナリオ名: ログイン]
[ADMIN] 18:03:25.649496 シナリオ走行を開始しました [シナリオ名: ログイン]
[ADMIN] 18:03:25.654698 シナリオ走行を終了しました [シナリオ名: 新規ユーザー登録]
[ADMIN] 18:03:25.654718 シナリオ走行を開始しました [シナリオ名: 新規ユーザー登録]
[ADMIN] 18:03:25.656856 シナリオ走行を終了しました [シナリオ名: 新規ユーザー登録]
[ADMIN] 18:03:25.656872 シナリオ走行を開始しました [シナリオ名: 新規ユーザー登録]
[ADMIN] 18:03:25.682868 シナリオ走行を終了しました [シナリオ名: ログイン]
[ADMIN] 18:03:25.682883 シナリオ走行を開始しました [シナリオ名: ログイン]
[ADMIN] 18:03:25.682949 シナリオ走行を終了しました [シナリオ名: ログイン]
[ADMIN] 18:03:25.682958 シナリオ走行を開始しました [シナリオ名: ログイン]
[ADMIN] 18:03:25.694103 シナリオ走行を終了しました [シナリオ名: ログイン]
[ADMIN] 18:03:25.694113 シナリオ走行を開始しました [シナリオ名: ログイン]
[ADMIN] 18:03:25.718918 シナリオ走行を終了しました [シナリオ名: Banユーザログイン]
[ADMIN] 18:03:25.718935 シナリオ走行を開始しました [シナリオ名: Banユーザログイン]
[ADMIN] 18:03:25.741135 シナリオ走行を終了しました [シナリオ名: ログイン]
[ADMIN] 18:03:25.741144 シナリオ走行を開始しました [シナリオ名: ログイン]
[ADMIN] 18:03:25.748893 シナリオ走行を終了しました [シナリオ名: Banユーザログイン]
[ADMIN] 18:03:25.748906 シナリオ走行を開始しました [シナリオ名: Banユーザログイン]
[ADMIN] 18:03:25.759744 シナリオ走行を終了しました [シナリオ名: Banユーザログイン]
[ADMIN] 18:03:25.759757 シナリオ走行を開始しました [シナリオ名: Banユーザログイン]
[ADMIN] 18:03:25.769750 シナリオ走行を終了しました [シナリオ名: ログイン]
[ADMIN] 18:03:25.769759 シナリオ走行を開始しました [シナリオ名: ログイン]
[ADMIN] 18:03:25.772618 シナリオ走行を終了しました [シナリオ名: ログイン]
[ADMIN] 18:03:25.772627 シナリオ走行を開始しました [シナリオ名: ログイン]
[ADMIN] 18:03:25.777255 シナリオ走行を終了しました [シナリオ名: 新規ユーザー登録]
[ADMIN] 18:03:25.777283 シナリオ走行を開始しました [シナリオ名: 新規ユーザー登録]
[ADMIN] 18:03:25.777701 シナリオ走行を終了しました [シナリオ名: ログイン]
[ADMIN] 18:03:25.777714 シナリオ走行を開始しました [シナリオ名: ログイン]
[ADMIN] 18:03:25.786458 シナリオ走行を終了しました [シナリオ名: Banユーザログイン]
[ADMIN] 18:03:25.786470 シナリオ走行を開始しました [シナリオ名: Banユーザログイン]
[ADMIN] 18:03:25.791559 シナリオ走行を終了しました [シナリオ名: ログイン]
[ADMIN] 18:03:25.791568 シナリオ走行を開始しました [シナリオ名: ログイン]
[ADMIN] 18:03:25.818226 シナリオ走行を終了しました [シナリオ名: ログイン]
[ADMIN] 18:03:25.818235 シナリオ走行を開始しました [シナリオ名: ログイン]
[ADMIN] 18:03:25.821617 シナリオ走行を終了しました [シナリオ名: ログイン]
[ADMIN] 18:03:25.821629 シナリオ走行を開始しました [シナリオ名: ログイン]
[ADMIN] 18:03:25.837820 シナリオ走行を終了しました [シナリオ名: ログイン]
[ADMIN] 18:03:25.837830 シナリオ走行を開始しました [シナリオ名: ログイン]
[ADMIN] 18:03:25.855931 シナリオ走行を終了しました [シナリオ名: Banユーザログイン]
[ADMIN] 18:03:25.855951 シナリオ走行を開始しました [シナリオ名: Banユーザログイン]
[ADMIN] 18:03:25.856483 シナリオ走行を終了しました [シナリオ名: ログイン]
[ADMIN] 18:03:25.856493 シナリオ走行を開始しました [シナリオ名: ログイン]
[ADMIN] 18:03:25.875899 シナリオ走行を終了しました [シナリオ名: ログイン]
[ADMIN] 18:03:25.875909 シナリオ走行を開始しました [シナリオ名: ログイン]
[ADMIN] 18:03:25.877228 シナリオ走行を終了しました [シナリオ名: ログイン]
[ADMIN] 18:03:25.877238 シナリオ走行を開始しました [シナリオ名: ログイン]
[ADMIN] 18:03:25.877456 シナリオ走行を終了しました [シナリオ名: ログイン]
[ADMIN] 18:03:25.877468 シナリオ走行を開始しました [シナリオ名: ログイン]
[ADMIN] 18:03:25.883462 シナリオ走行を終了しました [シナリオ名: 新規ユーザー登録]
[ADMIN] 18:03:25.883478 シナリオ走行を開始しました [シナリオ名: 新規ユーザー登録]
[ADMIN] 18:03:25.888629 シナリオ走行を終了しました [シナリオ名: ログイン]
[ADMIN] 18:03:25.888639 シナリオ走行を開始しました [シナリオ名: ログイン]
[ADMIN] 18:03:25.891551 シナリオ走行を終了しました [シナリオ名: ログイン]
[ADMIN] 18:03:25.891558 シナリオ走行を開始しました [シナリオ名: ログイン]
[ADMIN] 18:03:25.912410 シナリオ走行を終了しました [シナリオ名: ログイン]
[ADMIN] 18:03:25.912421 シナリオ走行を開始しました [シナリオ名: ログイン]
[ADMIN] 18:03:25.928113 シナリオ走行を終了しました [シナリオ名: ログイン]
[ADMIN] 18:03:25.928122 シナリオ走行を開始しました [シナリオ名: ログイン]
[ADMIN] 18:03:25.977174 シナリオ走行を終了しました [シナリオ名: ログイン]
[ADMIN] 18:03:25.977186 シナリオ走行を開始しました [シナリオ名: ログイン]
[ADMIN] 18:03:25.978846 シナリオ走行を終了しました [シナリオ名: ログイン]
[ADMIN] 18:03:25.978863 シナリオ走行を開始しました [シナリオ名: ログイン]
[ADMIN] 18:03:25.978962 シナリオ走行を終了しました [シナリオ名: ログイン]
[ADMIN] 18:03:25.979008 シナリオ走行を終了しました [シナリオ名: ログイン]
[ADMIN] 18:03:25.979022 シナリオ走行を開始しました [シナリオ名: ログイン]
[ADMIN] 18:03:25.979009 シナリオ走行を開始しました [シナリオ名: ログイン]
[ADMIN] 18:03:25.996088 シナリオ走行を終了しました [シナリオ名: ログイン]
[ADMIN] 18:03:25.996098 シナリオ走行を開始しました [シナリオ名: ログイン]
[ADMIN] 18:03:26.007546 シナリオ走行を終了しました [シナリオ名: ログイン]
[ADMIN] 18:03:26.007555 シナリオ走行を開始しました [シナリオ名: ログイン]
[ADMIN] 18:03:26.012431 シナリオ走行を終了しました [シナリオ名: ログイン]
[ADMIN] 18:03:26.012439 シナリオ走行を開始しました [シナリオ名: ログイン]
[ADMIN] 18:03:26.021570 シナリオ走行を終了しました [シナリオ名: ログイン]
[ADMIN] 18:03:26.021579 シナリオ走行を開始しました [シナリオ名: ログイン]
[ADMIN] 18:03:26.024871 シナリオ走行を終了しました [シナリオ名: ログイン]
[ADMIN] 18:03:26.024880 シナリオ走行を開始しました [シナリオ名: ログイン]
[ADMIN] 18:03:26.041646 シナリオ走行を終了しました [シナリオ名: ログイン]
[ADMIN] 18:03:26.041657 シナリオ走行を開始しました [シナリオ名: ログイン]
[ADMIN] 18:03:26.055761 シナリオ走行を終了しました [シナリオ名: ログイン]
[ADMIN] 18:03:26.055770 シナリオ走行を開始しました [シナリオ名: ログイン]
[ADMIN] 18:03:26.078935 シナリオ走行を終了しました [シナリオ名: 新規ユーザー登録]
[ADMIN] 18:03:26.078959 シナリオ走行を開始しました [シナリオ名: 新規ユーザー登録]
[ADMIN] 18:03:26.095868 シナリオ走行を終了しました [シナリオ名: 新規ユーザー登録]
[ADMIN] 18:03:26.095892 シナリオ走行を開始しました [シナリオ名: 新規ユーザー登録]
[ADMIN] 18:03:26.112279 シナリオ走行を終了しました [シナリオ名: 新規ユーザー登録]
[ADMIN] 18:03:26.112303 シナリオ走行を開始しました [シナリオ名: 新規ユーザー登録]
[ADMIN] 18:03:26.114300 シナリオ走行を終了しました [シナリオ名: 新規ユーザー登録]
[ADMIN] 18:03:26.114320 シナリオ走行を開始しました [シナリオ名: 新規ユーザー登録]
[ADMIN] 18:03:26.121468 シナリオ走行を終了しました [シナリオ名: ログイン]
[ADMIN] 18:03:26.121479 シナリオ走行を開始しました [シナリオ名: ログイン]
[ADMIN] 18:03:26.156565 シナリオ走行を終了しました [シナリオ名: ログイン]
[ADMIN] 18:03:26.156583 シナリオ走行を開始しました [シナリオ名: ログイン]
[ADMIN] 18:03:26.165775 シナリオ走行を終了しました [シナリオ名: ログイン]
[ADMIN] 18:03:26.165786 シナリオ走行を開始しました [シナリオ名: ログイン]
[ADMIN] 18:03:26.189092 シナリオ走行を終了しました [シナリオ名: ログイン]
[ADMIN] 18:03:26.189104 シナリオ走行を開始しました [シナリオ名: ログイン]
[ADMIN] 18:03:26.219648 シナリオ走行を終了しました [シナリオ名: ログイン]
[ADMIN] 18:03:26.219661 シナリオ走行を開始しました [シナリオ名: ログイン]
[ADMIN] 18:03:26.224063 シナリオ走行を終了しました [シナリオ名: 新規ユーザー登録]
[ADMIN] 18:03:26.224083 シナリオ走行を開始しました [シナリオ名: 新規ユーザー登録]
[ADMIN] 18:03:26.225562 シナリオ走行を終了しました [シナリオ名: ログイン]
[ADMIN] 18:03:26.225573 シナリオ走行を開始しました [シナリオ名: ログイン]
[ADMIN] 18:03:26.232205 シナリオ走行を終了しました [シナリオ名: 新規ユーザー登録]
[ADMIN] 18:03:26.232221 シナリオ走行を開始しました [シナリオ名: 新規ユーザー登録]
[ADMIN] 18:03:26.247488 シナリオ走行を終了しました [シナリオ名: ログイン]
[ADMIN] 18:03:26.247501 シナリオ走行を開始しました [シナリオ名: ログイン]
[ADMIN] 18:03:26.254802 シナリオ走行を終了しました [シナリオ名: 新規ユーザー登録]
[ADMIN] 18:03:26.254819 シナリオ走行を開始しました [シナリオ名: 新規ユーザー登録]
[ADMIN] 18:03:26.258839 シナリオ走行を終了しました [シナリオ名: 新規ユーザー登録]
[ADMIN] 18:03:26.258856 シナリオ走行を開始しました [シナリオ名: 新規ユーザー登録]
[ADMIN] 18:03:26.264532 シナリオ走行を終了しました [シナリオ名: 新規ユーザー登録]
[ADMIN] 18:03:26.264551 シナリオ走行を開始しました [シナリオ名: 新規ユーザー登録]
[ADMIN] 18:03:26.274910 シナリオ走行を終了しました [シナリオ名: ログイン]
[ADMIN] 18:03:26.274920 シナリオ走行を開始しました [シナリオ名: ログイン]
[ADMIN] 18:03:26.290119 シナリオ走行を終了しました [シナリオ名: Banユーザログイン]
[ADMIN] 18:03:26.290131 シナリオ走行を開始しました [シナリオ名: Banユーザログイン]
[ADMIN] 18:03:26.306798 シナリオ走行を終了しました [シナリオ名: ログイン]
[ADMIN] 18:03:26.306869 シナリオ走行を開始しました [シナリオ名: ログイン]
[ADMIN] 18:03:26.307165 シナリオ走行を終了しました [シナリオ名: ログイン]
[ADMIN] 18:03:26.307181 シナリオ走行を開始しました [シナリオ名: ログイン]
[ADMIN] 18:03:26.307925 シナリオ走行を終了しました [シナリオ名: 新規ユーザー登録]
[ADMIN] 18:03:26.307940 シナリオ走行を開始しました [シナリオ名: 新規ユーザー登録]
[ADMIN] 18:03:26.312556 シナリオ走行を終了しました [シナリオ名: 新規ユーザー登録]
[ADMIN] 18:03:26.312570 シナリオ走行を開始しました [シナリオ名: 新規ユーザー登録]
[ADMIN] 18:03:26.331492 シナリオ走行を終了しました [シナリオ名: 新規ユーザー登録]
[ADMIN] 18:03:26.331511 シナリオ走行を開始しました [シナリオ名: 新規ユーザー登録]
[ADMIN] 18:03:26.339785 シナリオ走行を終了しました [シナリオ名: 新規ユーザー登録]
[ADMIN] 18:03:26.339804 シナリオ走行を開始しました [シナリオ名: 新規ユーザー登録]
[ADMIN] 18:03:26.346143 シナリオ走行を終了しました [シナリオ名: 新規ユーザー登録]
[ADMIN] 18:03:26.346158 シナリオ走行を開始しました [シナリオ名: 新規ユーザー登録]
[ADMIN] 18:03:26.346876 シナリオ走行を終了しました [シナリオ名: ログイン]
[ADMIN] 18:03:26.346887 シナリオ走行を開始しました [シナリオ名: ログイン]
[ADMIN] 18:03:26.360551 シナリオ走行を終了しました [シナリオ名: 新規ユーザー登録]
[ADMIN] 18:03:26.360569 シナリオ走行を開始しました [シナリオ名: 新規ユーザー登録]
[ADMIN] 18:03:26.361497 シナリオ走行を終了しました [シナリオ名: 新規ユーザー登録]
[ADMIN] 18:03:26.361509 シナリオ走行を開始しました [シナリオ名: 新規ユーザー登録]
[ADMIN] 18:03:26.405433 シナリオ走行を終了しました [シナリオ名: Banユーザログイン]
[ADMIN] 18:03:26.405450 シナリオ走行を開始しました [シナリオ名: Banユーザログイン]
[ADMIN] 18:03:26.414782 シナリオ走行を終了しました [シナリオ名: 新規ユーザー登録]
[ADMIN] 18:03:26.414804 シナリオ走行を開始しました [シナリオ名: 新規ユーザー登録]
[ADMIN] 18:03:26.421129 シナリオ走行を終了しました [シナリオ名: Banユーザログイン]
[ADMIN] 18:03:26.421148 シナリオ走行を開始しました [シナリオ名: Banユーザログイン]
[ADMIN] 18:03:26.441420 シナリオ走行を終了しました [シナリオ名: 新規ユーザー登録]
[ADMIN] 18:03:26.441439 シナリオ走行を開始しました [シナリオ名: 新規ユーザー登録]
[ADMIN] 18:03:26.448507 シナリオ走行を終了しました [シナリオ名: 新規ユーザー登録]
[ADMIN] 18:03:26.448520 シナリオ走行を開始しました [シナリオ名: 新規ユーザー登録]
[ADMIN] 18:03:26.478254 シナリオ走行を終了しました [シナリオ名: 新規ユーザー登録]
[ADMIN] 18:03:26.478272 シナリオ走行を開始しました [シナリオ名: 新規ユーザー登録]
[ADMIN] 18:03:26.480698 シナリオ走行を終了しました [シナリオ名: Banユーザログイン]
[ADMIN] 18:03:26.480711 シナリオ走行を開始しました [シナリオ名: Banユーザログイン]
[ADMIN] 18:03:26.482468 シナリオ走行を終了しました [シナリオ名: 新規ユーザー登録]
[ADMIN] 18:03:26.482487 シナリオ走行を開始しました [シナリオ名: 新規ユーザー登録]
[ADMIN] 18:03:26.483444 シナリオ走行を終了しました [シナリオ名: 新規ユーザー登録]
[ADMIN] 18:03:26.483458 シナリオ走行を開始しました [シナリオ名: 新規ユーザー登録]
[ADMIN] 18:03:26.492157 シナリオ走行を終了しました [シナリオ名: 新規ユーザー登録]
[ADMIN] 18:03:26.492174 シナリオ走行を開始しました [シナリオ名: 新規ユーザー登録]
[ADMIN] 18:03:26.493524 シナリオ走行を終了しました [シナリオ名: Banユーザログイン]
[ADMIN] 18:03:26.493538 シナリオ走行を開始しました [シナリオ名: Banユーザログイン]
[ADMIN] 18:03:26.501885 シナリオ走行を終了しました [シナリオ名: Banユーザログイン]
[ADMIN] 18:03:26.501900 シナリオ走行を開始しました [シナリオ名: Banユーザログイン]
[ADMIN] 18:03:26.504520 シナリオ走行を終了しました [シナリオ名: 新規ユーザー登録]
[ADMIN] 18:03:26.504536 シナリオ走行を開始しました [シナリオ名: 新規ユーザー登録]
[ADMIN] 18:03:26.546427 シナリオ走行を終了しました [シナリオ名: 新規ユーザー登録]
[ADMIN] 18:03:26.546442 シナリオ走行を開始しました [シナリオ名: 新規ユーザー登録]
[ADMIN] 18:03:26.547494 シナリオ走行を終了しました [シナリオ名: 新規ユーザー登録]
[ADMIN] 18:03:26.547551 シナリオ走行を開始しました [シナリオ名: 新規ユーザー登録]
[ADMIN] 18:03:26.547761 シナリオ走行を終了しました [シナリオ名: 新規ユーザー登録]
[ADMIN] 18:03:26.547780 シナリオ走行を開始しました [シナリオ名: 新規ユーザー登録]
[ADMIN] 18:03:26.577725 シナリオ走行を終了しました [シナリオ名: ログイン]
[ADMIN] 18:03:26.577736 シナリオ走行を開始しました [シナリオ名: ログイン]
[ADMIN] 18:03:26.592014 シナリオ走行を終了しました [シナリオ名: Banユーザログイン]
[ADMIN] 18:03:26.592032 シナリオ走行を開始しました [シナリオ名: Banユーザログイン]
[ADMIN] 18:03:26.597238 シナリオ走行を終了しました [シナリオ名: 新規ユーザー登録]
[ADMIN] 18:03:26.597256 シナリオ走行を開始しました [シナリオ名: 新規ユーザー登録]
[ADMIN] 18:03:26.601674 シナリオ走行を終了しました [シナリオ名: 新規ユーザー登録]
[ADMIN] 18:03:26.601691 シナリオ走行を開始しました [シナリオ名: 新規ユーザー登録]
[ADMIN] 18:03:26.609222 シナリオ走行を終了しました [シナリオ名: 新規ユーザー登録]
[ADMIN] 18:03:26.609241 シナリオ走行を開始しました [シナリオ名: 新規ユーザー登録]
[ADMIN] 18:03:26.612251 シナリオ走行を終了しました [シナリオ名: 新規ユーザー登録]
[ADMIN] 18:03:26.612266 シナリオ走行を開始しました [シナリオ名: 新規ユーザー登録]
[ADMIN] 18:03:26.615138 シナリオ走行を終了しました [シナリオ名: ログイン]
[ADMIN] 18:03:26.615149 シナリオ走行を開始しました [シナリオ名: ログイン]
[ADMIN] 18:03:26.629188 シナリオ走行を終了しました [シナリオ名: Banユーザログイン]
[ADMIN] 18:03:26.629204 シナリオ走行を開始しました [シナリオ名: Banユーザログイン]
[ADMIN] 18:03:26.630607 シナリオ走行を終了しました [シナリオ名: Banユーザログイン]
[ADMIN] 18:03:26.630631 シナリオ走行を開始しました [シナリオ名: Banユーザログイン]
[ADMIN] 18:03:26.658980 シナリオ走行を終了しました [シナリオ名: 新規ユーザー登録]
[ADMIN] 18:03:26.658997 シナリオ走行を開始しました [シナリオ名: 新規ユーザー登録]
[ADMIN] 18:03:26.679799 シナリオ走行を終了しました [シナリオ名: 新規ユーザー登録]
[ADMIN] 18:03:26.679819 シナリオ走行を開始しました [シナリオ名: 新規ユーザー登録]
[ADMIN] 18:03:26.696219 シナリオ走行を終了しました [シナリオ名: ログイン]
[ADMIN] 18:03:26.696228 シナリオ走行を開始しました [シナリオ名: ログイン]
[ADMIN] 18:03:26.749837 シナリオ走行を終了しました [シナリオ名: ログイン]
[ADMIN] 18:03:26.749851 シナリオ走行を開始しました [シナリオ名: ログイン]
[ADMIN] 18:03:26.750356 シナリオ走行を終了しました [シナリオ名: ログイン]
[ADMIN] 18:03:26.750370 シナリオ走行を開始しました [シナリオ名: ログイン]
[ADMIN] 18:03:26.751779 シナリオ走行を終了しました [シナリオ名: 新規ユーザー登録]
[ADMIN] 18:03:26.751812 シナリオ走行を開始しました [シナリオ名: 新規ユーザー登録]
[ADMIN] 18:03:26.752130 シナリオ走行を終了しました [シナリオ名: 新規ユーザー登録]
[ADMIN] 18:03:26.752155 シナリオ走行を開始しました [シナリオ名: 新規ユーザー登録]
[ADMIN] 18:03:26.759087 シナリオ走行を終了しました [シナリオ名: ログイン]
[ADMIN] 18:03:26.759097 シナリオ走行を開始しました [シナリオ名: ログイン]
[ADMIN] 18:03:26.785312 シナリオ走行を終了しました [シナリオ名: 新規ユーザー登録]
[ADMIN] 18:03:26.785330 シナリオ走行を開始しました [シナリオ名: 新規ユーザー登録]
[ADMIN] 18:03:26.798610 シナリオ走行を終了しました [シナリオ名: ログイン]
[ADMIN] 18:03:26.798635 シナリオ走行を開始しました [シナリオ名: ログイン]
[ADMIN] 18:03:26.806721 シナリオ走行を終了しました [シナリオ名: ログイン]
[ADMIN] 18:03:26.806734 シナリオ走行を開始しました [シナリオ名: ログイン]
[ADMIN] 18:03:26.821620 シナリオ走行を終了しました [シナリオ名: ログイン]
[ADMIN] 18:03:26.821631 シナリオ走行を開始しました [シナリオ名: ログイン]
[ADMIN] 18:03:26.825994 シナリオ走行を終了しました [シナリオ名: 新規ユーザー登録]
[ADMIN] 18:03:26.826014 シナリオ走行を開始しました [シナリオ名: 新規ユーザー登録]
[ADMIN] 18:03:26.851894 シナリオ走行を終了しました [シナリオ名: ログイン]
[ADMIN] 18:03:26.851905 シナリオ走行を開始しました [シナリオ名: ログイン]
[ADMIN] 18:03:26.861125 シナリオ走行を終了しました [シナリオ名: ログイン]
[ADMIN] 18:03:26.861137 シナリオ走行を開始しました [シナリオ名: ログイン]
[ADMIN] 18:03:26.882935 シナリオ走行を終了しました [シナリオ名: ログイン]
[ADMIN] 18:03:26.882948 シナリオ走行を開始しました [シナリオ名: ログイン]
[ADMIN] 18:03:26.884757 シナリオ走行を終了しました [シナリオ名: ログイン]
[ADMIN] 18:03:26.884768 シナリオ走行を開始しました [シナリオ名: ログイン]
[ADMIN] 18:03:26.888198 シナリオ走行を終了しました [シナリオ名: ログイン]
[ADMIN] 18:03:26.888208 シナリオ走行を開始しました [シナリオ名: ログイン]
[ADMIN] 18:03:26.891635 シナリオ走行を終了しました [シナリオ名: ログイン]
[ADMIN] 18:03:26.891645 シナリオ走行を開始しました [シナリオ名: ログイン]
[ADMIN] 18:03:26.895557 シナリオ走行を終了しました [シナリオ名: ログイン]
[ADMIN] 18:03:26.895567 シナリオ走行を開始しました [シナリオ名: ログイン]
[ADMIN] 18:03:26.897637 シナリオ走行を終了しました [シナリオ名: ログイン]
[ADMIN] 18:03:26.897645 シナリオ走行を開始しました [シナリオ名: ログイン]
[ADMIN] 18:03:26.911207 シナリオ走行を終了しました [シナリオ名: ログイン]
[ADMIN] 18:03:26.911219 シナリオ走行を開始しました [シナリオ名: ログイン]
[ADMIN] 18:03:26.925123 シナリオ走行を終了しました [シナリオ名: ログイン]
[ADMIN] 18:03:26.925136 シナリオ走行を開始しました [シナリオ名: ログイン]
[ADMIN] 18:03:26.937153 シナリオ走行を終了しました [シナリオ名: ログイン]
[ADMIN] 18:03:26.937170 シナリオ走行を開始しました [シナリオ名: ログイン]
[ADMIN] 18:03:26.970327 シナリオ走行を終了しました [シナリオ名: 新規ユーザー登録]
[ADMIN] 18:03:26.970346 シナリオ走行を開始しました [シナリオ名: 新規ユーザー登録]
[ADMIN] 18:03:26.972407 シナリオ走行を終了しました [シナリオ名: ログイン]
[ADMIN] 18:03:26.972418 シナリオ走行を開始しました [シナリオ名: ログイン]
[ADMIN] 18:03:26.972879 シナリオ走行を終了しました [シナリオ名: ログイン]
[ADMIN] 18:03:26.972888 シナリオ走行を開始しました [シナリオ名: ログイン]
[ADMIN] 18:03:26.986353 シナリオ走行を終了しました [シナリオ名: 新規ユーザー登録]
[ADMIN] 18:03:26.986371 シナリオ走行を開始しました [シナリオ名: 新規ユーザー登録]
[ADMIN] 18:03:27.014041 シナリオ走行を終了しました [シナリオ名: ログイン]
[ADMIN] 18:03:27.014056 シナリオ走行を開始しました [シナリオ名: ログイン]
[ADMIN] 18:03:27.014065 シナリオ走行を終了しました [シナリオ名: ログイン]
[ADMIN] 18:03:27.014074 シナリオ走行を開始しました [シナリオ名: ログイン]
[ADMIN] 18:03:27.048027 シナリオ走行を終了しました [シナリオ名: Banユーザログイン]
[ADMIN] 18:03:27.048047 シナリオ走行を開始しました [シナリオ名: Banユーザログイン]
[ADMIN] 18:03:27.081191 シナリオ走行を終了しました [シナリオ名: 新規ユーザー登録]
[ADMIN] 18:03:27.081213 シナリオ走行を開始しました [シナリオ名: 新規ユーザー登録]
[ADMIN] 18:03:27.082481 シナリオ走行を終了しました [シナリオ名: 新規ユーザー登録]
[ADMIN] 18:03:27.082499 シナリオ走行を開始しました [シナリオ名: 新規ユーザー登録]
[ADMIN] 18:03:27.095647 シナリオ走行を終了しました [シナリオ名: ログイン]
[ADMIN] 18:03:27.095660 シナリオ走行を開始しました [シナリオ名: ログイン]
[ADMIN] 18:03:27.102756 シナリオ走行を終了しました [シナリオ名: ログイン]
[ADMIN] 18:03:27.102767 シナリオ走行を開始しました [シナリオ名: ログイン]
[ADMIN] 18:03:27.119837 シナリオ走行を終了しました [シナリオ名: Banユーザログイン]
[ADMIN] 18:03:27.119857 シナリオ走行を開始しました [シナリオ名: Banユーザログイン]
[ADMIN] 18:03:27.163787 シナリオ走行を終了しました [シナリオ名: ログイン]
[ADMIN] 18:03:27.163800 シナリオ走行を開始しました [シナリオ名: ログイン]
[ADMIN] 18:03:27.183579 シナリオ走行を終了しました [シナリオ名: ログイン]
[ADMIN] 18:03:27.183592 シナリオ走行を開始しました [シナリオ名: ログイン]
[ADMIN] 18:03:27.184418 シナリオ走行を終了しました [シナリオ名: ログイン]
[ADMIN] 18:03:27.184426 シナリオ走行を開始しました [シナリオ名: ログイン]
[ADMIN] 18:03:27.207859 シナリオ走行を終了しました [シナリオ名: ログイン]
[ADMIN] 18:03:27.207868 シナリオ走行を開始しました [シナリオ名: ログイン]
[ADMIN] 18:03:27.212368 シナリオ走行を終了しました [シナリオ名: ログイン]
[ADMIN] 18:03:27.212376 シナリオ走行を開始しました [シナリオ名: ログイン]
[ADMIN] 18:03:27.213138 シナリオ走行を終了しました [シナリオ名: 新規ユーザー登録]
[ADMIN] 18:03:27.213154 シナリオ走行を開始しました [シナリオ名: 新規ユーザー登録]
[ADMIN] 18:03:27.219231 シナリオ走行を終了しました [シナリオ名: 新規ユーザー登録]
[ADMIN] 18:03:27.219243 シナリオ走行を開始しました [シナリオ名: 新規ユーザー登録]
[ADMIN] 18:03:27.222901 シナリオ走行を終了しました [シナリオ名: 新規ユーザー登録]
[ADMIN] 18:03:27.222918 シナリオ走行を開始しました [シナリオ名: 新規ユーザー登録]
[ADMIN] 18:03:27.230299 シナリオ走行を終了しました [シナリオ名: ログイン]
[ADMIN] 18:03:27.230307 シナリオ走行を開始しました [シナリオ名: ログイン]
[ADMIN] 18:03:27.244072 シナリオ走行を終了しました [シナリオ名: ログイン]
[ADMIN] 18:03:27.244081 シナリオ走行を開始しました [シナリオ名: ログイン]
[ADMIN] 18:03:27.252868 シナリオ走行を終了しました [シナリオ名: Banユーザログイン]
[ADMIN] 18:03:27.252881 シナリオ走行を開始しました [シナリオ名: Banユーザログイン]
[ADMIN] 18:03:27.259749 シナリオ走行を終了しました [シナリオ名: Banユーザログイン]
[ADMIN] 18:03:27.259757 シナリオ走行を開始しました [シナリオ名: Banユーザログイン]
[ADMIN] 18:03:27.265168 シナリオ走行を終了しました [シナリオ名: 新規ユーザー登録]
[ADMIN] 18:03:27.265185 シナリオ走行を開始しました [シナリオ名: 新規ユーザー登録]
[ADMIN] 18:03:27.272884 シナリオ走行を終了しました [シナリオ名: 新規ユーザー登録]
[ADMIN] 18:03:27.272900 シナリオ走行を開始しました [シナリオ名: 新規ユーザー登録]
[ADMIN] 18:03:27.283606 シナリオ走行を終了しました [シナリオ名: ログイン]
[ADMIN] 18:03:27.283616 シナリオ走行を開始しました [シナリオ名: ログイン]
[ADMIN] 18:03:27.298781 シナリオ走行を終了しました [シナリオ名: ログイン]
[ADMIN] 18:03:27.298790 シナリオ走行を開始しました [シナリオ名: ログイン]
[ADMIN] 18:03:27.309953 シナリオ走行を終了しました [シナリオ名: ログイン]
[ADMIN] 18:03:27.309964 シナリオ走行を開始しました [シナリオ名: ログイン]
[ADMIN] 18:03:27.337569 シナリオ走行を終了しました [シナリオ名: ログイン]
[ADMIN] 18:03:27.337579 シナリオ走行を開始しました [シナリオ名: ログイン]
[ADMIN] 18:03:27.340941 シナリオ走行を終了しました [シナリオ名: 新規ユーザー登録]
[ADMIN] 18:03:27.340960 シナリオ走行を開始しました [シナリオ名: 新規ユーザー登録]
[ADMIN] 18:03:27.347804 シナリオ走行を終了しました [シナリオ名: Banユーザログイン]
[ADMIN] 18:03:27.347822 シナリオ走行を開始しました [シナリオ名: Banユーザログイン]
[ADMIN] 18:03:27.359454 シナリオ走行を終了しました [シナリオ名: ログイン]
[ADMIN] 18:03:27.359464 シナリオ走行を開始しました [シナリオ名: ログイン]
[ADMIN] 18:03:27.385604 シナリオ走行を終了しました [シナリオ名: Banユーザログイン]
[ADMIN] 18:03:27.385616 シナリオ走行を開始しました [シナリオ名: Banユーザログイン]
[ADMIN] 18:03:27.407064 シナリオ走行を終了しました [シナリオ名: ログイン]
[ADMIN] 18:03:27.407078 シナリオ走行を開始しました [シナリオ名: ログイン]
[ADMIN] 18:03:27.415429 シナリオ走行を終了しました [シナリオ名: 新規ユーザー登録]
[ADMIN] 18:03:27.415445 シナリオ走行を開始しました [シナリオ名: 新規ユーザー登録]
[ADMIN] 18:03:27.418673 シナリオ走行を終了しました [シナリオ名: ログイン]
[ADMIN] 18:03:27.418683 シナリオ走行を開始しました [シナリオ名: ログイン]
[ADMIN] 18:03:27.422701 シナリオ走行を終了しました [シナリオ名: ログイン]
[ADMIN] 18:03:27.422709 シナリオ走行を開始しました [シナリオ名: ログイン]
[ADMIN] 18:03:27.433666 シナリオ走行を終了しました [シナリオ名: 新規ユーザー登録]
[ADMIN] 18:03:27.433682 シナリオ走行を開始しました [シナリオ名: 新規ユーザー登録]
[ADMIN] 18:03:27.439818 シナリオ走行を終了しました [シナリオ名: Banユーザログイン]
[ADMIN] 18:03:27.439828 シナリオ走行を開始しました [シナリオ名: Banユーザログイン]
[ADMIN] 18:03:27.468246 シナリオ走行を終了しました [シナリオ名: Banユーザログイン]
[ADMIN] 18:03:27.468262 シナリオ走行を開始しました [シナリオ名: Banユーザログイン]
[ADMIN] 18:03:27.481661 シナリオ走行を終了しました [シナリオ名: 新規ユーザー登録]
[ADMIN] 18:03:27.481677 シナリオ走行を開始しました [シナリオ名: 新規ユーザー登録]
[ADMIN] 18:03:27.484477 シナリオ走行を終了しました [シナリオ名: 新規ユーザー登録]
[ADMIN] 18:03:27.484494 シナリオ走行を開始しました [シナリオ名: 新規ユーザー登録]
[ADMIN] 18:03:27.498087 シナリオ走行を終了しました [シナリオ名: Banユーザログイン]
[ADMIN] 18:03:27.498098 シナリオ走行を開始しました [シナリオ名: Banユーザログイン]
[ADMIN] 18:03:27.512910 シナリオ走行を終了しました [シナリオ名: ログイン]
[ADMIN] 18:03:27.512921 シナリオ走行を開始しました [シナリオ名: ログイン]
[ADMIN] 18:03:27.533690 シナリオ走行を終了しました [シナリオ名: 新規ユーザー登録]
[ADMIN] 18:03:27.533706 シナリオ走行を開始しました [シナリオ名: 新規ユーザー登録]
[ADMIN] 18:03:27.537664 シナリオ走行を終了しました [シナリオ名: 新規ユーザー登録]
[ADMIN] 18:03:27.537679 シナリオ走行を開始しました [シナリオ名: 新規ユーザー登録]
[ADMIN] 18:03:27.552283 シナリオ走行を終了しました [シナリオ名: 新規ユーザー登録]
[ADMIN] 18:03:27.552298 シナリオ走行を開始しました [シナリオ名: 新規ユーザー登録]
[ADMIN] 18:03:27.585826 シナリオ走行を終了しました [シナリオ名: ログイン]
[ADMIN] 18:03:27.585839 シナリオ走行を開始しました [シナリオ名: ログイン]
[ADMIN] 18:03:27.598328 シナリオ走行を終了しました [シナリオ名: 新規ユーザー登録]
[ADMIN] 18:03:27.598348 シナリオ走行を開始しました [シナリオ名: 新規ユーザー登録]
[ADMIN] 18:03:27.606638 シナリオ走行を終了しました [シナリオ名: 新規ユーザー登録]
[ADMIN] 18:03:27.606662 シナリオ走行を開始しました [シナリオ名: 新規ユーザー登録]
[ADMIN] 18:03:27.617158 シナリオ走行を終了しました [シナリオ名: 新規ユーザー登録]
[ADMIN] 18:03:27.617176 シナリオ走行を開始しました [シナリオ名: 新規ユーザー登録]
[ADMIN] 18:03:27.626321 シナリオ走行を終了しました [シナリオ名: 新規ユーザー登録]
[ADMIN] 18:03:27.626338 シナリオ走行を開始しました [シナリオ名: 新規ユーザー登録]
[ADMIN] 18:03:27.648185 シナリオ走行を終了しました [シナリオ名: 新規ユーザー登録]
[ADMIN] 18:03:27.648206 シナリオ走行を開始しました [シナリオ名: 新規ユーザー登録]
[ADMIN] 18:03:27.660719 シナリオ走行を終了しました [シナリオ名: 新規ユーザー登録]
[ADMIN] 18:03:27.660739 シナリオ走行を開始しました [シナリオ名: 新規ユーザー登録]
[ADMIN] 18:03:27.674129 シナリオ走行を終了しました [シナリオ名: 新規ユーザー登録]
[ADMIN] 18:03:27.674145 シナリオ走行を開始しました [シナリオ名: 新規ユーザー登録]
[ADMIN] 18:03:27.689969 シナリオ走行を終了しました [シナリオ名: 新規ユーザー登録]
[ADMIN] 18:03:27.689986 シナリオ走行を開始しました [シナリオ名: 新規ユーザー登録]
[ADMIN] 18:03:27.699956 シナリオ走行を終了しました [シナリオ名: 新規ユーザー登録]
[ADMIN] 18:03:27.699972 シナリオ走行を開始しました [シナリオ名: 新規ユーザー登録]
[ADMIN] 18:03:27.727388 シナリオ走行を終了しました [シナリオ名: 新規ユーザー登録]
[ADMIN] 18:03:27.727415 シナリオ走行を開始しました [シナリオ名: 新規ユーザー登録]
[ADMIN] 18:03:27.763398 シナリオ走行を終了しました [シナリオ名: ログイン]
[ADMIN] 18:03:27.763413 シナリオ走行を開始しました [シナリオ名: ログイン]
[ADMIN] 18:03:27.769908 シナリオ走行を終了しました [シナリオ名: 新規ユーザー登録]
[ADMIN] 18:03:27.769934 シナリオ走行を開始しました [シナリオ名: 新規ユーザー登録]
[ADMIN] 18:03:27.770805 シナリオ走行を終了しました [シナリオ名: 新規ユーザー登録]
[ADMIN] 18:03:27.770822 シナリオ走行を開始しました [シナリオ名: 新規ユーザー登録]
[ADMIN] 18:03:27.781812 シナリオ走行を終了しました [シナリオ名: ログイン]
[ADMIN] 18:03:27.781827 シナリオ走行を開始しました [シナリオ名: ログイン]
[ADMIN] 18:03:27.791528 シナリオ走行を終了しました [シナリオ名: 新規ユーザー登録]
[ADMIN] 18:03:27.791548 シナリオ走行を開始しました [シナリオ名: 新規ユーザー登録]
[ADMIN] 18:03:27.797197 シナリオ走行を終了しました [シナリオ名: ログイン]
[ADMIN] 18:03:27.797206 シナリオ走行を開始しました [シナリオ名: ログイン]
[ADMIN] 18:03:27.817519 シナリオ走行を終了しました [シナリオ名: 新規ユーザー登録]
[ADMIN] 18:03:27.817535 シナリオ走行を開始しました [シナリオ名: 新規ユーザー登録]
[ADMIN] 18:03:27.829935 シナリオ走行を終了しました [シナリオ名: 新規ユーザー登録]
[ADMIN] 18:03:27.829956 シナリオ走行を開始しました [シナリオ名: 新規ユーザー登録]
[ADMIN] 18:03:27.833423 シナリオ走行を終了しました [シナリオ名: ログイン]
[ADMIN] 18:03:27.833432 シナリオ走行を開始しました [シナリオ名: ログイン]
[ADMIN] 18:03:27.843869 シナリオ走行を終了しました [シナリオ名: ログイン]
[ADMIN] 18:03:27.843878 シナリオ走行を開始しました [シナリオ名: ログイン]
[ADMIN] 18:03:27.845181 シナリオ走行を終了しました [シナリオ名: ログイン]
[ADMIN] 18:03:27.845190 シナリオ走行を開始しました [シナリオ名: ログイン]
[ADMIN] 18:03:27.851360 シナリオ走行を終了しました [シナリオ名: ログイン]
[ADMIN] 18:03:27.851368 シナリオ走行を開始しました [シナリオ名: ログイン]
[ADMIN] 18:03:27.864031 シナリオ走行を終了しました [シナリオ名: Banユーザログイン]
[ADMIN] 18:03:27.864045 シナリオ走行を開始しました [シナリオ名: Banユーザログイン]
[ADMIN] 18:03:27.866058 シナリオ走行を終了しました [シナリオ名: ログイン]
[ADMIN] 18:03:27.866066 シナリオ走行を開始しました [シナリオ名: ログイン]
[ADMIN] 18:03:27.868658 シナリオ走行を終了しました [シナリオ名: ログイン]
[ADMIN] 18:03:27.868665 シナリオ走行を開始しました [シナリオ名: ログイン]
[ADMIN] 18:03:27.873931 シナリオ走行を終了しました [シナリオ名: ログイン]
[ADMIN] 18:03:27.873939 シナリオ走行を開始しました [シナリオ名: ログイン]
[ADMIN] 18:03:27.889394 シナリオ走行を終了しました [シナリオ名: ログイン]
[ADMIN] 18:03:27.889415 シナリオ走行を開始しました [シナリオ名: ログイン]
[ADMIN] 18:03:27.906724 シナリオ走行を終了しました [シナリオ名: ログイン]
[ADMIN] 18:03:27.906731 シナリオ走行を終了しました [シナリオ名: 新規ユーザー登録]
[ADMIN] 18:03:27.906741 シナリオ走行を開始しました [シナリオ名: ログイン]
[ADMIN] 18:03:27.906754 シナリオ走行を開始しました [シナリオ名: 新規ユーザー登録]
[ADMIN] 18:03:27.913030 シナリオ走行を終了しました [シナリオ名: ログイン]
[ADMIN] 18:03:27.913040 シナリオ走行を開始しました [シナリオ名: ログイン]
[ADMIN] 18:03:27.916477 シナリオ走行を終了しました [シナリオ名: Banユーザログイン]
[ADMIN] 18:03:27.916492 シナリオ走行を開始しました [シナリオ名: Banユーザログイン]
[ADMIN] 18:03:27.919999 シナリオ走行を終了しました [シナリオ名: ログイン]
[ADMIN] 18:03:27.920008 シナリオ走行を開始しました [シナリオ名: ログイン]
[ADMIN] 18:03:27.932496 シナリオ走行を終了しました [シナリオ名: ログイン]
[ADMIN] 18:03:27.932505 シナリオ走行を開始しました [シナリオ名: ログイン]
[ADMIN] 18:03:27.939314 シナリオ走行を終了しました [シナリオ名: 新規ユーザー登録]
[ADMIN] 18:03:27.939334 シナリオ走行を開始しました [シナリオ名: 新規ユーザー登録]
[ADMIN] 18:03:27.941845 シナリオ走行を終了しました [シナリオ名: 新規ユーザー登録]
[ADMIN] 18:03:27.941862 シナリオ走行を開始しました [シナリオ名: 新規ユーザー登録]
[ADMIN] 18:03:27.956219 シナリオ走行を終了しました [シナリオ名: ログイン]
[ADMIN] 18:03:27.956227 シナリオ走行を開始しました [シナリオ名: ログイン]
[ADMIN] 18:03:27.965158 シナリオ走行を終了しました [シナリオ名: Banユーザログイン]
[ADMIN] 18:03:27.965172 シナリオ走行を開始しました [シナリオ名: Banユーザログイン]
[ADMIN] 18:03:27.989933 シナリオ走行を終了しました [シナリオ名: ログイン]
[ADMIN] 18:03:27.989942 シナリオ走行を開始しました [シナリオ名: ログイン]
[ADMIN] 18:03:27.990711 シナリオ走行を終了しました [シナリオ名: ログイン]
[ADMIN] 18:03:27.990720 シナリオ走行を開始しました [シナリオ名: ログイン]
[ADMIN] 18:03:27.996658 シナリオ走行を終了しました [シナリオ名: ログイン]
[ADMIN] 18:03:27.996666 シナリオ走行を開始しました [シナリオ名: ログイン]
[ADMIN] 18:03:28.003288 シナリオ走行を終了しました [シナリオ名: ログイン]
[ADMIN] 18:03:28.003297 シナリオ走行を開始しました [シナリオ名: ログイン]
[ADMIN] 18:03:28.030356 シナリオ走行を終了しました [シナリオ名: Banユーザログイン]
[ADMIN] 18:03:28.030370 シナリオ走行を開始しました [シナリオ名: Banユーザログイン]
[ADMIN] 18:03:28.045720 シナリオ走行を終了しました [シナリオ名: ログイン]
[ADMIN] 18:03:28.045730 シナリオ走行を開始しました [シナリオ名: ログイン]
[ADMIN] 18:03:28.081106 シナリオ走行を終了しました [シナリオ名: 新規ユーザー登録]
[ADMIN] 18:03:28.081133 シナリオ走行を開始しました [シナリオ名: 新規ユーザー登録]
[ADMIN] 18:03:28.087477 シナリオ走行を終了しました [シナリオ名: 新規ユーザー登録]
[ADMIN] 18:03:28.087501 シナリオ走行を開始しました [シナリオ名: 新規ユーザー登録]
[ADMIN] 18:03:28.093198 シナリオ走行を終了しました [シナリオ名: Banユーザログイン]
[ADMIN] 18:03:28.093213 シナリオ走行を開始しました [シナリオ名: Banユーザログイン]
[ADMIN] 18:03:28.097527 シナリオ走行を終了しました [シナリオ名: 新規ユーザー登録]
[ADMIN] 18:03:28.097547 シナリオ走行を開始しました [シナリオ名: 新規ユーザー登録]
[ADMIN] 18:03:28.105701 シナリオ走行を終了しました [シナリオ名: 新規ユーザー登録]
[ADMIN] 18:03:28.105717 シナリオ走行を開始しました [シナリオ名: 新規ユーザー登録]
[ADMIN] 18:03:28.108378 シナリオ走行を終了しました [シナリオ名: ログイン]
[ADMIN] 18:03:28.108389 シナリオ走行を開始しました [シナリオ名: ログイン]
[ADMIN] 18:03:28.109704 シナリオ走行を終了しました [シナリオ名: ログイン]
[ADMIN] 18:03:28.109714 シナリオ走行を開始しました [シナリオ名: ログイン]
[ADMIN] 18:03:28.113312 シナリオ走行を終了しました [シナリオ名: 新規ユーザー登録]
[ADMIN] 18:03:28.113331 シナリオ走行を開始しました [シナリオ名: 新規ユーザー登録]
[ADMIN] 18:03:28.138665 シナリオ走行を終了しました [シナリオ名: ログイン]
[ADMIN] 18:03:28.138676 シナリオ走行を開始しました [シナリオ名: ログイン]
[ADMIN] 18:03:28.140776 シナリオ走行を終了しました [シナリオ名: 新規ユーザー登録]
[ADMIN] 18:03:28.140796 シナリオ走行を開始しました [シナリオ名: 新規ユーザー登録]
[ADMIN] 18:03:28.141178 シナリオ走行を終了しました [シナリオ名: 新規ユーザー登録]
[ADMIN] 18:03:28.141192 シナリオ走行を開始しました [シナリオ名: 新規ユーザー登録]
[ADMIN] 18:03:28.170033 シナリオ走行を終了しました [シナリオ名: ログイン]
[ADMIN] 18:03:28.170045 シナリオ走行を開始しました [シナリオ名: ログイン]
[ADMIN] 18:03:28.175577 シナリオ走行を終了しました [シナリオ名: 新規ユーザー登録]
[ADMIN] 18:03:28.175594 シナリオ走行を開始しました [シナリオ名: 新規ユーザー登録]
[ADMIN] 18:03:28.188491 シナリオ走行を終了しました [シナリオ名: Banユーザログイン]
[ADMIN] 18:03:28.188509 シナリオ走行を開始しました [シナリオ名: Banユーザログイン]
[ADMIN] 18:03:28.192219 シナリオ走行を終了しました [シナリオ名: ログイン]
[ADMIN] 18:03:28.192230 シナリオ走行を開始しました [シナリオ名: ログイン]
[ADMIN] 18:03:28.221344 シナリオ走行を終了しました [シナリオ名: ログイン]
[ADMIN] 18:03:28.221358 シナリオ走行を開始しました [シナリオ名: ログイン]
[ADMIN] 18:03:28.231468 シナリオ走行を終了しました [シナリオ名: ログイン]
[ADMIN] 18:03:28.231478 シナリオ走行を開始しました [シナリオ名: ログイン]
[ADMIN] 18:03:28.318191 シナリオ走行を終了しました [シナリオ名: ログイン]
[ADMIN] 18:03:28.318204 シナリオ走行を開始しました [シナリオ名: ログイン]
[ADMIN] 18:03:28.320873 シナリオ走行を終了しました [シナリオ名: Banユーザログイン]
[ADMIN] 18:03:28.320883 シナリオ走行を終了しました [シナリオ名: Banユーザログイン]
[ADMIN] 18:03:28.320887 シナリオ走行を開始しました [シナリオ名: Banユーザログイン]
[ADMIN] 18:03:28.320888 シナリオ走行を開始しました [シナリオ名: Banユーザログイン]
[ADMIN] 18:03:28.338727 シナリオ走行を終了しました [シナリオ名: Banユーザログイン]
[ADMIN] 18:03:28.338743 シナリオ走行を開始しました [シナリオ名: Banユーザログイン]
[ADMIN] 18:03:28.342013 シナリオ走行を終了しました [シナリオ名: ログイン]
[ADMIN] 18:03:28.342022 シナリオ走行を開始しました [シナリオ名: ログイン]
[ADMIN] 18:03:28.357622 シナリオ走行を終了しました [シナリオ名: ログイン]
[ADMIN] 18:03:28.357635 シナリオ走行を開始しました [シナリオ名: ログイン]
[ADMIN] 18:03:28.357742 シナリオ走行を終了しました [シナリオ名: 新規ユーザー登録]
[ADMIN] 18:03:28.357793 シナリオ走行を開始しました [シナリオ名: 新規ユーザー登録]
[ADMIN] 18:03:28.360111 シナリオ走行を終了しました [シナリオ名: 新規ユーザー登録]
[ADMIN] 18:03:28.360138 シナリオ走行を開始しました [シナリオ名: 新規ユーザー登録]
[ADMIN] 18:03:28.372996 シナリオ走行を終了しました [シナリオ名: ログイン]
[ADMIN] 18:03:28.373006 シナリオ走行を開始しました [シナリオ名: ログイン]
[ADMIN] 18:03:28.391364 シナリオ走行を終了しました [シナリオ名: 新規ユーザー登録]
[ADMIN] 18:03:28.391385 シナリオ走行を開始しました [シナリオ名: 新規ユーザー登録]
[ADMIN] 18:03:28.395277 シナリオ走行を終了しました [シナリオ名: ログイン]
[ADMIN] 18:03:28.395290 シナリオ走行を開始しました [シナリオ名: ログイン]
[ADMIN] 18:03:28.440809 シナリオ走行を終了しました [シナリオ名: ログイン]
[ADMIN] 18:03:28.440822 シナリオ走行を開始しました [シナリオ名: ログイン]
[ADMIN] 18:03:28.447486 シナリオ走行を終了しました [シナリオ名: 新規ユーザー登録]
[ADMIN] 18:03:28.447507 シナリオ走行を開始しました [シナリオ名: 新規ユーザー登録]
[ADMIN] 18:03:28.448530 シナリオ走行を終了しました [シナリオ名: ログイン]
[ADMIN] 18:03:28.448538 シナリオ走行を開始しました [シナリオ名: ログイン]
[ADMIN] 18:03:28.454677 シナリオ走行を終了しました [シナリオ名: ログイン]
[ADMIN] 18:03:28.454687 シナリオ走行を開始しました [シナリオ名: ログイン]
[ADMIN] 18:03:28.458742 シナリオ走行を終了しました [シナリオ名: 新規ユーザー登録]
[ADMIN] 18:03:28.458761 シナリオ走行を開始しました [シナリオ名: 新規ユーザー登録]
[ADMIN] 18:03:28.470774 シナリオ走行を終了しました [シナリオ名: 新規ユーザー登録]
[ADMIN] 18:03:28.470793 シナリオ走行を開始しました [シナリオ名: 新規ユーザー登録]
[ADMIN] 18:03:28.471745 シナリオ走行を終了しました [シナリオ名: ログイン]
[ADMIN] 18:03:28.471756 シナリオ走行を開始しました [シナリオ名: ログイン]
[ADMIN] 18:03:28.472682 シナリオ走行を終了しました [シナリオ名: ログイン]
[ADMIN] 18:03:28.472691 シナリオ走行を開始しました [シナリオ名: ログイン]
[ADMIN] 18:03:28.478015 シナリオ走行を終了しました [シナリオ名: 新規ユーザー登録]
[ADMIN] 18:03:28.478034 シナリオ走行を開始しました [シナリオ名: 新規ユーザー登録]
[ADMIN] 18:03:28.503798 シナリオ走行を終了しました [シナリオ名: 新規ユーザー登録]
[ADMIN] 18:03:28.503897 シナリオ走行を開始しました [シナリオ名: 新規ユーザー登録]
[ADMIN] 18:03:28.527688 シナリオ走行を終了しました [シナリオ名: 新規ユーザー登録]
[ADMIN] 18:03:28.527708 シナリオ走行を開始しました [シナリオ名: 新規ユーザー登録]
[ADMIN] 18:03:28.538467 シナリオ走行を終了しました [シナリオ名: 新規ユーザー登録]
[ADMIN] 18:03:28.538490 シナリオ走行を開始しました [シナリオ名: 新規ユーザー登録]
[ADMIN] 18:03:28.647151 シナリオ走行を終了しました [シナリオ名: ログイン]
[ADMIN] 18:03:28.647166 シナリオ走行を開始しました [シナリオ名: ログイン]
[ADMIN] 18:03:28.649933 シナリオ走行を終了しました [シナリオ名: ログイン]
[ADMIN] 18:03:28.649943 シナリオ走行を開始しました [シナリオ名: ログイン]
[ADMIN] 18:03:28.652663 シナリオ走行を終了しました [シナリオ名: 新規ユーザー登録]
[ADMIN] 18:03:28.652688 シナリオ走行を開始しました [シナリオ名: 新規ユーザー登録]
[ADMIN] 18:03:28.698566 シナリオ走行を終了しました [シナリオ名: ログイン]
[ADMIN] 18:03:28.698576 シナリオ走行を開始しました [シナリオ名: ログイン]
[ADMIN] 18:03:28.706020 シナリオ走行を終了しました [シナリオ名: ログイン]
[ADMIN] 18:03:28.706029 シナリオ走行を開始しました [シナリオ名: ログイン]
[ADMIN] 18:03:28.712245 シナリオ走行を終了しました [シナリオ名: 新規ユーザー登録]
[ADMIN] 18:03:28.712265 シナリオ走行を開始しました [シナリオ名: 新規ユーザー登録]
[ADMIN] 18:03:28.713363 シナリオ走行を終了しました [シナリオ名: ログイン]
[ADMIN] 18:03:28.713371 シナリオ走行を開始しました [シナリオ名: ログイン]
[ADMIN] 18:03:28.715774 シナリオ走行を終了しました [シナリオ名: Banユーザログイン]
[ADMIN] 18:03:28.715788 シナリオ走行を開始しました [シナリオ名: Banユーザログイン]
[ADMIN] 18:03:28.778860 シナリオ走行を終了しました [シナリオ名: 新規ユーザー登録]
[ADMIN] 18:03:28.778876 シナリオ走行を開始しました [シナリオ名: 新規ユーザー登録]
[ADMIN] 18:03:28.801670 シナリオ走行を終了しました [シナリオ名: 新規ユーザー登録]
[ADMIN] 18:03:28.801686 シナリオ走行を開始しました [シナリオ名: 新規ユーザー登録]
[ADMIN] 18:03:28.808579 シナリオ走行を終了しました [シナリオ名: Banユーザログイン]
[ADMIN] 18:03:28.808594 シナリオ走行を開始しました [シナリオ名: Banユーザログイン]
[ADMIN] 18:03:28.840699 シナリオ走行を終了しました [シナリオ名: 新規ユーザー登録]
[ADMIN] 18:03:28.840721 シナリオ走行を開始しました [シナリオ名: 新規ユーザー登録]
[ADMIN] 18:03:28.843530 シナリオ走行を終了しました [シナリオ名: Banユーザログイン]
[ADMIN] 18:03:28.843548 シナリオ走行を開始しました [シナリオ名: Banユーザログイン]
[ADMIN] 18:03:28.852998 シナリオ走行を終了しました [シナリオ名: Banユーザログイン]
[ADMIN] 18:03:28.853012 シナリオ走行を開始しました [シナリオ名: Banユーザログイン]
[ADMIN] 18:03:28.854384 シナリオ走行を終了しました [シナリオ名: Banユーザログイン]
[ADMIN] 18:03:28.854399 シナリオ走行を開始しました [シナリオ名: Banユーザログイン]
[ADMIN] 18:03:28.855793 シナリオ走行を終了しました [シナリオ名: Banユーザログイン]
[ADMIN] 18:03:28.855805 シナリオ走行を開始しました [シナリオ名: Banユーザログイン]
[ADMIN] 18:03:28.855912 シナリオ走行を終了しました [シナリオ名: 新規ユーザー登録]
[ADMIN] 18:03:28.855931 シナリオ走行を開始しました [シナリオ名: 新規ユーザー登録]
[ADMIN] 18:03:28.874004 シナリオ走行を終了しました [シナリオ名: ログイン]
[ADMIN] 18:03:28.874018 シナリオ走行を開始しました [シナリオ名: ログイン]
[ADMIN] 18:03:28.880361 シナリオ走行を終了しました [シナリオ名: 新規ユーザー登録]
[ADMIN] 18:03:28.880377 シナリオ走行を開始しました [シナリオ名: 新規ユーザー登録]
[ADMIN] 18:03:28.881767 シナリオ走行を終了しました [シナリオ名: 新規ユーザー登録]
[ADMIN] 18:03:28.881785 シナリオ走行を開始しました [シナリオ名: 新規ユーザー登録]
[ADMIN] 18:03:28.884670 シナリオ走行を終了しました [シナリオ名: 新規ユーザー登録]
[ADMIN] 18:03:28.884685 シナリオ走行を開始しました [シナリオ名: 新規ユーザー登録]
[ADMIN] 18:03:28.895620 シナリオ走行を終了しました [シナリオ名: Banユーザログイン]
[ADMIN] 18:03:28.895628 シナリオ走行を開始しました [シナリオ名: Banユーザログイン]
[ADMIN] 18:03:28.898812 シナリオ走行を終了しました [シナリオ名: ログイン]
[ADMIN] 18:03:28.898820 シナリオ走行を開始しました [シナリオ名: ログイン]
[ADMIN] 18:03:28.913295 シナリオ走行を終了しました [シナリオ名: 新規ユーザー登録]
[ADMIN] 18:03:28.913310 シナリオ走行を開始しました [シナリオ名: 新規ユーザー登録]
[ADMIN] 18:03:28.920805 シナリオ走行を終了しました [シナリオ名: 新規ユーザー登録]
[ADMIN] 18:03:28.920818 シナリオ走行を開始しました [シナリオ名: 新規ユーザー登録]
[ADMIN] 18:03:28.924307 シナリオ走行を終了しました [シナリオ名: 新規ユーザー登録]
[ADMIN] 18:03:28.924319 シナリオ走行を開始しました [シナリオ名: 新規ユーザー登録]
[ADMIN] 18:03:28.948368 シナリオ走行を終了しました [シナリオ名: 新規ユーザー登録]
[ADMIN] 18:03:28.948388 シナリオ走行を開始しました [シナリオ名: 新規ユーザー登録]
[ADMIN] 18:03:28.957003 シナリオ走行を終了しました [シナリオ名: 新規ユーザー登録]
[ADMIN] 18:03:28.957020 シナリオ走行を開始しました [シナリオ名: 新規ユーザー登録]
[ADMIN] 18:03:28.959878 シナリオ走行を終了しました [シナリオ名: 新規ユーザー登録]
[ADMIN] 18:03:28.959894 シナリオ走行を開始しました [シナリオ名: 新規ユーザー登録]
[ADMIN] 18:03:28.973304 シナリオ走行を終了しました [シナリオ名: ログイン]
[ADMIN] 18:03:28.973313 シナリオ走行を開始しました [シナリオ名: ログイン]
[ADMIN] 18:03:28.977550 シナリオ走行を終了しました [シナリオ名: 新規ユーザー登録]
[ADMIN] 18:03:28.977567 シナリオ走行を開始しました [シナリオ名: 新規ユーザー登録]
[ADMIN] 18:03:28.981296 シナリオ走行を終了しました [シナリオ名: ログイン]
[ADMIN] 18:03:28.981305 シナリオ走行を開始しました [シナリオ名: ログイン]
[ADMIN] 18:03:28.981800 シナリオ走行を終了しました [シナリオ名: ログイン]
[ADMIN] 18:03:28.981811 シナリオ走行を開始しました [シナリオ名: ログイン]
[ADMIN] 18:03:28.984068 シナリオ走行を終了しました [シナリオ名: Banユーザログイン]
[ADMIN] 18:03:28.984080 シナリオ走行を開始しました [シナリオ名: Banユーザログイン]
[ADMIN] 18:03:28.987475 シナリオ走行を終了しました [シナリオ名: ログイン]
[ADMIN] 18:03:28.987484 シナリオ走行を開始しました [シナリオ名: ログイン]
[ADMIN] 18:03:28.989093 シナリオ走行を終了しました [シナリオ名: 新規ユーザー登録]
[ADMIN] 18:03:28.989106 シナリオ走行を開始しました [シナリオ名: 新規ユーザー登録]
[ADMIN] 18:03:28.998194 シナリオ走行を終了しました [シナリオ名: ログイン]
[ADMIN] 18:03:28.998202 シナリオ走行を開始しました [シナリオ名: ログイン]
[ADMIN] 18:03:29.004387 シナリオ走行を終了しました [シナリオ名: ログイン]
[ADMIN] 18:03:29.004396 シナリオ走行を開始しました [シナリオ名: ログイン]
[ADMIN] 18:03:29.010649 シナリオ走行を終了しました [シナリオ名: 新規ユーザー登録]
[ADMIN] 18:03:29.010666 シナリオ走行を開始しました [シナリオ名: 新規ユーザー登録]
[ADMIN] 18:03:29.012595 シナリオ走行を終了しました [シナリオ名: ログイン]
[ADMIN] 18:03:29.012605 シナリオ走行を開始しました [シナリオ名: ログイン]
[ADMIN] 18:03:29.014850 シナリオ走行を終了しました [シナリオ名: 新規ユーザー登録]
[ADMIN] 18:03:29.014867 シナリオ走行を開始しました [シナリオ名: 新規ユーザー登録]
[ADMIN] 18:03:29.022644 シナリオ走行を終了しました [シナリオ名: ログイン]
[ADMIN] 18:03:29.022654 シナリオ走行を開始しました [シナリオ名: ログイン]
[ADMIN] 18:03:29.031178 シナリオ走行を終了しました [シナリオ名: ログイン]
[ADMIN] 18:03:29.031186 シナリオ走行を開始しました [シナリオ名: ログイン]
[ADMIN] 18:03:29.036038 シナリオ走行を終了しました [シナリオ名: ログイン]
[ADMIN] 18:03:29.036050 シナリオ走行を開始しました [シナリオ名: ログイン]
[ADMIN] 18:03:29.039111 シナリオ走行を終了しました [シナリオ名: ログイン]
[ADMIN] 18:03:29.039120 シナリオ走行を開始しました [シナリオ名: ログイン]
[ADMIN] 18:03:29.074794 シナリオ走行を終了しました [シナリオ名: Banユーザログイン]
[ADMIN] 18:03:29.074816 シナリオ走行を開始しました [シナリオ名: Banユーザログイン]
[ADMIN] 18:03:29.100351 シナリオ走行を終了しました [シナリオ名: ログイン]
[ADMIN] 18:03:29.100363 シナリオ走行を開始しました [シナリオ名: ログイン]
[ADMIN] 18:03:29.143755 シナリオ走行を終了しました [シナリオ名: ログイン]
[ADMIN] 18:03:29.143767 シナリオ走行を開始しました [シナリオ名: ログイン]
[ADMIN] 18:03:29.147543 シナリオ走行を終了しました [シナリオ名: ログイン]
[ADMIN] 18:03:29.147553 シナリオ走行を開始しました [シナリオ名: ログイン]
[ADMIN] 18:03:29.151547 シナリオ走行を終了しました [シナリオ名: 新規ユーザー登録]
[ADMIN] 18:03:29.151566 シナリオ走行を開始しました [シナリオ名: 新規ユーザー登録]
[ADMIN] 18:03:29.160367 シナリオ走行を終了しました [シナリオ名: ログイン]
[ADMIN] 18:03:29.160379 シナリオ走行を開始しました [シナリオ名: ログイン]
[ADMIN] 18:03:29.163553 シナリオ走行を終了しました [シナリオ名: 新規ユーザー登録]
[ADMIN] 18:03:29.163571 シナリオ走行を開始しました [シナリオ名: 新規ユーザー登録]
[ADMIN] 18:03:29.165138 シナリオ走行を終了しました [シナリオ名: ログイン]
[ADMIN] 18:03:29.165147 シナリオ走行を開始しました [シナリオ名: ログイン]
[ADMIN] 18:03:29.190816 シナリオ走行を終了しました [シナリオ名: ログイン]
[ADMIN] 18:03:29.190827 シナリオ走行を開始しました [シナリオ名: ログイン]
[ADMIN] 18:03:29.193414 シナリオ走行を終了しました [シナリオ名: ログイン]
[ADMIN] 18:03:29.193425 シナリオ走行を開始しました [シナリオ名: ログイン]
[ADMIN] 18:03:29.206818 シナリオ走行を終了しました [シナリオ名: ログイン]
[ADMIN] 18:03:29.206828 シナリオ走行を開始しました [シナリオ名: ログイン]
[ADMIN] 18:03:29.226410 シナリオ走行を終了しました [シナリオ名: 新規ユーザー登録]
[ADMIN] 18:03:29.226435 シナリオ走行を開始しました [シナリオ名: 新規ユーザー登録]
[ADMIN] 18:03:29.226956 シナリオ走行を終了しました [シナリオ名: ログイン]
[ADMIN] 18:03:29.226967 シナリオ走行を開始しました [シナリオ名: ログイン]
[ADMIN] 18:03:29.240001 シナリオ走行を終了しました [シナリオ名: ログイン]
[ADMIN] 18:03:29.240012 シナリオ走行を開始しました [シナリオ名: ログイン]
[ADMIN] 18:03:29.247383 シナリオ走行を終了しました [シナリオ名: ログイン]
[ADMIN] 18:03:29.247393 シナリオ走行を開始しました [シナリオ名: ログイン]
[ADMIN] 18:03:29.357449 シナリオ走行を終了しました [シナリオ名: ログイン]
[ADMIN] 18:03:29.357461 シナリオ走行を開始しました [シナリオ名: ログイン]
[ADMIN] 18:03:29.360394 シナリオ走行を終了しました [シナリオ名: ログイン]
[ADMIN] 18:03:29.360404 シナリオ走行を開始しました [シナリオ名: ログイン]
[ADMIN] 18:03:29.360537 シナリオ走行を終了しました [シナリオ名: 新規ユーザー登録]
[ADMIN] 18:03:29.360560 シナリオ走行を開始しました [シナリオ名: 新規ユーザー登録]
[ADMIN] 18:03:29.367242 シナリオ走行を終了しました [シナリオ名: ログイン]
[ADMIN] 18:03:29.367252 シナリオ走行を開始しました [シナリオ名: ログイン]
[ADMIN] 18:03:29.376162 シナリオ走行を終了しました [シナリオ名: ログイン]
[ADMIN] 18:03:29.376169 シナリオ走行を開始しました [シナリオ名: ログイン]
[ADMIN] 18:03:29.379146 シナリオ走行を終了しました [シナリオ名: 新規ユーザー登録]
[ADMIN] 18:03:29.379161 シナリオ走行を開始しました [シナリオ名: 新規ユーザー登録]
[ADMIN] 18:03:29.380354 シナリオ走行を終了しました [シナリオ名: ログイン]
[ADMIN] 18:03:29.380361 シナリオ走行を開始しました [シナリオ名: ログイン]
[ADMIN] 18:03:29.387134 シナリオ走行を終了しました [シナリオ名: ログイン]
[ADMIN] 18:03:29.387143 シナリオ走行を開始しました [シナリオ名: ログイン]
[ADMIN] 18:03:29.396025 シナリオ走行を終了しました [シナリオ名: 新規ユーザー登録]
[ADMIN] 18:03:29.396042 シナリオ走行を開始しました [シナリオ名: 新規ユーザー登録]
[ADMIN] 18:03:29.441717 シナリオ走行を終了しました [シナリオ名: ログイン]
[ADMIN] 18:03:29.441729 シナリオ走行を開始しました [シナリオ名: ログイン]
[ADMIN] 18:03:29.445933 シナリオ走行を終了しました [シナリオ名: ログイン]
[ADMIN] 18:03:29.445942 シナリオ走行を開始しました [シナリオ名: ログイン]
[ADMIN] 18:03:29.448804 シナリオ走行を終了しました [シナリオ名: ログイン]
[ADMIN] 18:03:29.448814 シナリオ走行を開始しました [シナリオ名: ログイン]
[ADMIN] 18:03:29.456157 シナリオ走行を終了しました [シナリオ名: 新規ユーザー登録]
[ADMIN] 18:03:29.456183 シナリオ走行を開始しました [シナリオ名: 新規ユーザー登録]
[ADMIN] 18:03:29.457328 シナリオ走行を終了しました [シナリオ名: 新規ユーザー登録]
[ADMIN] 18:03:29.457341 シナリオ走行を開始しました [シナリオ名: 新規ユーザー登録]
[ADMIN] 18:03:29.466964 シナリオ走行を終了しました [シナリオ名: 新規ユーザー登録]
[ADMIN] 18:03:29.466978 シナリオ走行を開始しました [シナリオ名: 新規ユーザー登録]
[ADMIN] 18:03:29.475288 シナリオ走行を終了しました [シナリオ名: 新規ユーザー登録]
[ADMIN] 18:03:29.475306 シナリオ走行を開始しました [シナリオ名: 新規ユーザー登録]
[ADMIN] 18:03:29.485140 シナリオ走行を終了しました [シナリオ名: ログイン]
[ADMIN] 18:03:29.485149 シナリオ走行を開始しました [シナリオ名: ログイン]
[ADMIN] 18:03:29.508118 シナリオ走行を終了しました [シナリオ名: 新規ユーザー登録]
[ADMIN] 18:03:29.508133 シナリオ走行を開始しました [シナリオ名: 新規ユーザー登録]
[ADMIN] 18:03:29.529336 シナリオ走行を終了しました [シナリオ名: ログイン]
[ADMIN] 18:03:29.529346 シナリオ走行を開始しました [シナリオ名: ログイン]
[ADMIN] 18:03:29.545023 シナリオ走行を終了しました [シナリオ名: 新規ユーザー登録]
[ADMIN] 18:03:29.545037 シナリオ走行を開始しました [シナリオ名: 新規ユーザー登録]
[ADMIN] 18:03:29.551561 シナリオ走行を終了しました [シナリオ名: Banユーザログイン]
[ADMIN] 18:03:29.551569 シナリオ走行を開始しました [シナリオ名: Banユーザログイン]
[ADMIN] 18:03:29.552743 シナリオ走行を終了しました [シナリオ名: Banユーザログイン]
[ADMIN] 18:03:29.552758 シナリオ走行を開始しました [シナリオ名: Banユーザログイン]
[ADMIN] 18:03:29.583476 シナリオ走行を終了しました [シナリオ名: 新規ユーザー登録]
[ADMIN] 18:03:29.583507 シナリオ走行を開始しました [シナリオ名: 新規ユーザー登録]
[ADMIN] 18:03:29.591150 シナリオ走行を終了しました [シナリオ名: ログイン]
[ADMIN] 18:03:29.591169 シナリオ走行を開始しました [シナリオ名: ログイン]
[ADMIN] 18:03:29.637684 シナリオ走行を終了しました [シナリオ名: 新規ユーザー登録]
[ADMIN] 18:03:29.637713 シナリオ走行を開始しました [シナリオ名: 新規ユーザー登録]
[ADMIN] 18:03:29.642446 シナリオ走行を終了しました [シナリオ名: ログイン]
[ADMIN] 18:03:29.642459 シナリオ走行を開始しました [シナリオ名: ログイン]
[ADMIN] 18:03:29.643021 シナリオ走行を終了しました [シナリオ名: ログイン]
[ADMIN] 18:03:29.643032 シナリオ走行を開始しました [シナリオ名: ログイン]
[ADMIN] 18:03:29.667126 シナリオ走行を終了しました [シナリオ名: 新規ユーザー登録]
[ADMIN] 18:03:29.667148 シナリオ走行を開始しました [シナリオ名: 新規ユーザー登録]
[ADMIN] 18:03:29.678588 シナリオ走行を終了しました [シナリオ名: Banユーザログイン]
[ADMIN] 18:03:29.678606 シナリオ走行を開始しました [シナリオ名: Banユーザログイン]
[ADMIN] 18:03:29.681865 シナリオ走行を終了しました [シナリオ名: ログイン]
[ADMIN] 18:03:29.681875 シナリオ走行を開始しました [シナリオ名: ログイン]
[ADMIN] 18:03:29.683261 シナリオ走行を終了しました [シナリオ名: 新規ユーザー登録]
[ADMIN] 18:03:29.683282 シナリオ走行を開始しました [シナリオ名: 新規ユーザー登録]
[ADMIN] 18:03:29.686534 シナリオ走行を終了しました [シナリオ名: ログイン]
[ADMIN] 18:03:29.686542 シナリオ走行を開始しました [シナリオ名: ログイン]
[ADMIN] 18:03:29.686848 シナリオ走行を終了しました [シナリオ名: Banユーザログイン]
[ADMIN] 18:03:29.686862 シナリオ走行を開始しました [シナリオ名: Banユーザログイン]
[ADMIN] 18:03:29.695669 シナリオ走行を終了しました [シナリオ名: Banユーザログイン]
[ADMIN] 18:03:29.695686 シナリオ走行を開始しました [シナリオ名: Banユーザログイン]
[ADMIN] 18:03:29.711761 シナリオ走行を終了しました [シナリオ名: 新規ユーザー登録]
[ADMIN] 18:03:29.711776 シナリオ走行を開始しました [シナリオ名: 新規ユーザー登録]
[ADMIN] 18:03:29.735852 シナリオ走行を終了しました [シナリオ名: 新規ユーザー登録]
[ADMIN] 18:03:29.735878 シナリオ走行を開始しました [シナリオ名: 新規ユーザー登録]
[ADMIN] 18:03:29.745209 シナリオ走行を終了しました [シナリオ名: 新規ユーザー登録]
[ADMIN] 18:03:29.745228 シナリオ走行を開始しました [シナリオ名: 新規ユーザー登録]
[ADMIN] 18:03:29.746945 シナリオ走行を終了しました [シナリオ名: 新規ユーザー登録]
[ADMIN] 18:03:29.746961 シナリオ走行を開始しました [シナリオ名: 新規ユーザー登録]
[ADMIN] 18:03:29.748303 シナリオ走行を終了しました [シナリオ名: Banユーザログイン]
[ADMIN] 18:03:29.748313 シナリオ走行を開始しました [シナリオ名: Banユーザログイン]
[ADMIN] 18:03:29.805159 シナリオ走行を終了しました [シナリオ名: 新規ユーザー登録]
[ADMIN] 18:03:29.805178 シナリオ走行を開始しました [シナリオ名: 新規ユーザー登録]
[ADMIN] 18:03:29.821900 シナリオ走行を終了しました [シナリオ名: 新規ユーザー登録]
[ADMIN] 18:03:29.821922 シナリオ走行を開始しました [シナリオ名: 新規ユーザー登録]
[ADMIN] 18:03:29.835232 シナリオ走行を終了しました [シナリオ名: ログイン]
[ADMIN] 18:03:29.835245 シナリオ走行を開始しました [シナリオ名: ログイン]
[ADMIN] 18:03:29.850283 シナリオ走行を終了しました [シナリオ名: 新規ユーザー登録]
[ADMIN] 18:03:29.850301 シナリオ走行を開始しました [シナリオ名: 新規ユーザー登録]
[ADMIN] 18:03:29.856897 シナリオ走行を終了しました [シナリオ名: Banユーザログイン]
[ADMIN] 18:03:29.856906 シナリオ走行を開始しました [シナリオ名: Banユーザログイン]
[ADMIN] 18:03:29.862948 シナリオ走行を終了しました [シナリオ名: Banユーザログイン]
[ADMIN] 18:03:29.862962 シナリオ走行を開始しました [シナリオ名: Banユーザログイン]
[ADMIN] 18:03:29.881976 シナリオ走行を終了しました [シナリオ名: ログイン]
[ADMIN] 18:03:29.882003 シナリオ走行を開始しました [シナリオ名: ログイン]
[ADMIN] 18:03:29.886961 シナリオ走行を終了しました [シナリオ名: Banユーザログイン]
[ADMIN] 18:03:29.886977 シナリオ走行を開始しました [シナリオ名: Banユーザログイン]
[ADMIN] 18:03:29.893436 シナリオ走行を終了しました [シナリオ名: ログイン]
[ADMIN] 18:03:29.893446 シナリオ走行を開始しました [シナリオ名: ログイン]
[ADMIN] 18:03:29.910384 シナリオ走行を終了しました [シナリオ名: 新規ユーザー登録]
[ADMIN] 18:03:29.910408 シナリオ走行を開始しました [シナリオ名: 新規ユーザー登録]
[ADMIN] 18:03:29.910754 シナリオ走行を終了しました [シナリオ名: ログイン]
[ADMIN] 18:03:29.910770 シナリオ走行を開始しました [シナリオ名: ログイン]
[ADMIN] 18:03:29.944236 シナリオ走行を終了しました [シナリオ名: ログイン]
[ADMIN] 18:03:29.944247 シナリオ走行を開始しました [シナリオ名: ログイン]
[ADMIN] 18:03:29.972416 シナリオ走行を終了しました [シナリオ名: 新規ユーザー登録]
[ADMIN] 18:03:29.972438 シナリオ走行を開始しました [シナリオ名: 新規ユーザー登録]
[ADMIN] 18:03:29.990849 シナリオ走行を終了しました [シナリオ名: ログイン]
[ADMIN] 18:03:29.990863 シナリオ走行を開始しました [シナリオ名: ログイン]
[ADMIN] 18:03:29.992600 シナリオ走行を終了しました [シナリオ名: 新規ユーザー登録]
[ADMIN] 18:03:29.992624 シナリオ走行を開始しました [シナリオ名: 新規ユーザー登録]
[ADMIN] 18:03:29.997016 シナリオ走行を終了しました [シナリオ名: 新規ユーザー登録]
[ADMIN] 18:03:29.997038 シナリオ走行を開始しました [シナリオ名: 新規ユーザー登録]
[ADMIN] 18:03:30.000974 シナリオ走行を終了しました [シナリオ名: ログイン]
[ADMIN] 18:03:30.000988 シナリオ走行を開始しました [シナリオ名: ログイン]
[ADMIN] 18:03:30.004770 シナリオ走行を終了しました [シナリオ名: 新規ユーザー登録]
[ADMIN] 18:03:30.004791 シナリオ走行を開始しました [シナリオ名: 新規ユーザー登録]
[ADMIN] 18:03:30.010368 シナリオ走行を終了しました [シナリオ名: ログイン]
[ADMIN] 18:03:30.010379 シナリオ走行を開始しました [シナリオ名: ログイン]
[ADMIN] 18:03:30.022594 シナリオ走行を終了しました [シナリオ名: ログイン]
[ADMIN] 18:03:30.022604 シナリオ走行を開始しました [シナリオ名: ログイン]
[ADMIN] 18:03:30.046732 シナリオ走行を終了しました [シナリオ名: ログイン]
[ADMIN] 18:03:30.046742 シナリオ走行を開始しました [シナリオ名: ログイン]
[ADMIN] 18:03:30.052522 シナリオ走行を終了しました [シナリオ名: ログイン]
[ADMIN] 18:03:30.052532 シナリオ走行を開始しました [シナリオ名: ログイン]
[ADMIN] 18:03:30.097971 シナリオ走行を終了しました [シナリオ名: ログイン]
[ADMIN] 18:03:30.097983 シナリオ走行を開始しました [シナリオ名: ログイン]
[ADMIN] 18:03:30.099795 シナリオ走行を終了しました [シナリオ名: ログイン]
[ADMIN] 18:03:30.099808 シナリオ走行を開始しました [シナリオ名: ログイン]
[ADMIN] 18:03:30.099875 シナリオ走行を終了しました [シナリオ名: ログイン]
[ADMIN] 18:03:30.099885 シナリオ走行を開始しました [シナリオ名: ログイン]
[ADMIN] 18:03:30.108309 シナリオ走行を終了しました [シナリオ名: 新規ユーザー登録]
[ADMIN] 18:03:30.108327 シナリオ走行を開始しました [シナリオ名: 新規ユーザー登録]
[ADMIN] 18:03:30.120006 シナリオ走行を終了しました [シナリオ名: 新規ユーザー登録]
[ADMIN] 18:03:30.120023 シナリオ走行を開始しました [シナリオ名: 新規ユーザー登録]
[ADMIN] 18:03:30.122556 シナリオ走行を終了しました [シナリオ名: 新規ユーザー登録]
[ADMIN] 18:03:30.122570 シナリオ走行を開始しました [シナリオ名: 新規ユーザー登録]
[ADMIN] 18:03:30.140251 シナリオ走行を終了しました [シナリオ名: ログイン]
[ADMIN] 18:03:30.140263 シナリオ走行を開始しました [シナリオ名: ログイン]
[ADMIN] 18:03:30.151849 シナリオ走行を終了しました [シナリオ名: 新規ユーザー登録]
[ADMIN] 18:03:30.151868 シナリオ走行を開始しました [シナリオ名: 新規ユーザー登録]
[ADMIN] 18:03:30.153770 シナリオ走行を終了しました [シナリオ名: 新規ユーザー登録]
[ADMIN] 18:03:30.153783 シナリオ走行を開始しました [シナリオ名: 新規ユーザー登録]
[ADMIN] 18:03:30.158266 シナリオ走行を終了しました [シナリオ名: 新規ユーザー登録]
[ADMIN] 18:03:30.158283 シナリオ走行を開始しました [シナリオ名: 新規ユーザー登録]
[ADMIN] 18:03:30.167812 シナリオ走行を終了しました [シナリオ名: ログイン]
[ADMIN] 18:03:30.167824 シナリオ走行を開始しました [シナリオ名: ログイン]
[ADMIN] 18:03:30.169766 シナリオ走行を終了しました [シナリオ名: 新規ユーザー登録]
[ADMIN] 18:03:30.169779 シナリオ走行を開始しました [シナリオ名: 新規ユーザー登録]
[ADMIN] 18:03:30.191877 シナリオ走行を終了しました [シナリオ名: ログイン]
[ADMIN] 18:03:30.191886 シナリオ走行を開始しました [シナリオ名: ログイン]
[ADMIN] 18:03:30.197846 シナリオ走行を終了しました [シナリオ名: 新規ユーザー登録]
[ADMIN] 18:03:30.197863 シナリオ走行を開始しました [シナリオ名: 新規ユーザー登録]
[ADMIN] 18:03:30.204161 シナリオ走行を終了しました [シナリオ名: 新規ユーザー登録]
[ADMIN] 18:03:30.204177 シナリオ走行を開始しました [シナリオ名: 新規ユーザー登録]
[ADMIN] 18:03:30.214197 シナリオ走行を終了しました [シナリオ名: 新規ユーザー登録]
[ADMIN] 18:03:30.214216 シナリオ走行を開始しました [シナリオ名: 新規ユーザー登録]
[ADMIN] 18:03:30.215568 シナリオ走行を終了しました [シナリオ名: ログイン]
[ADMIN] 18:03:30.215574 シナリオ走行を開始しました [シナリオ名: ログイン]
[ADMIN] 18:03:30.221305 シナリオ走行を終了しました [シナリオ名: ログイン]
[ADMIN] 18:03:30.221315 シナリオ走行を開始しました [シナリオ名: ログイン]
[ADMIN] 18:03:30.286250 シナリオ走行を終了しました [シナリオ名: ログイン]
[ADMIN] 18:03:30.286266 シナリオ走行を開始しました [シナリオ名: ログイン]
[ADMIN] 18:03:30.287307 シナリオ走行を終了しました [シナリオ名: ログイン]
[ADMIN] 18:03:30.287327 シナリオ走行を開始しました [シナリオ名: ログイン]
[ADMIN] 18:03:30.287456 シナリオ走行を終了しました [シナリオ名: ログイン]
[ADMIN] 18:03:30.287467 シナリオ走行を開始しました [シナリオ名: ログイン]
[ADMIN] 18:03:30.287953 シナリオ走行を終了しました [シナリオ名: ログイン]
[ADMIN] 18:03:30.287968 シナリオ走行を開始しました [シナリオ名: ログイン]
[ADMIN] 18:03:30.288027 シナリオ走行を終了しました [シナリオ名: 新規ユーザー登録]
[ADMIN] 18:03:30.288071 シナリオ走行を開始しました [シナリオ名: 新規ユーザー登録]
[ADMIN] 18:03:30.288175 シナリオ走行を終了しました [シナリオ名: 新規ユーザー登録]
[ADMIN] 18:03:30.288193 シナリオ走行を開始しました [シナリオ名: 新規ユーザー登録]
[ADMIN] 18:03:30.293771 シナリオ走行を終了しました [シナリオ名: Banユーザログイン]
[ADMIN] 18:03:30.293786 シナリオ走行を開始しました [シナリオ名: Banユーザログイン]
[ADMIN] 18:03:30.294219 シナリオ走行を終了しました [シナリオ名: ログイン]
[ADMIN] 18:03:30.294229 シナリオ走行を開始しました [シナリオ名: ログイン]
[ADMIN] 18:03:30.306150 シナリオ走行を終了しました [シナリオ名: 新規ユーザー登録]
[ADMIN] 18:03:30.306165 シナリオ走行を開始しました [シナリオ名: 新規ユーザー登録]
[ADMIN] 18:03:30.356144 シナリオ走行を終了しました [シナリオ名: ログイン]
[ADMIN] 18:03:30.356154 シナリオ走行を開始しました [シナリオ名: ログイン]
[ADMIN] 18:03:30.356334 シナリオ走行を終了しました [シナリオ名: ログイン]
[ADMIN] 18:03:30.356347 シナリオ走行を開始しました [シナリオ名: ログイン]
[ADMIN] 18:03:30.374534 シナリオ走行を終了しました [シナリオ名: ログイン]
[ADMIN] 18:03:30.374553 シナリオ走行を開始しました [シナリオ名: ログイン]
[ADMIN] 18:03:30.382870 シナリオ走行を終了しました [シナリオ名: ログイン]
[ADMIN] 18:03:30.382881 シナリオ走行を開始しました [シナリオ名: ログイン]
[ADMIN] 18:03:30.404165 シナリオ走行を終了しました [シナリオ名: ログイン]
[ADMIN] 18:03:30.404178 シナリオ走行を開始しました [シナリオ名: ログイン]
[ADMIN] 18:03:30.412267 シナリオ走行を終了しました [シナリオ名: ログイン]
[ADMIN] 18:03:30.412278 シナリオ走行を開始しました [シナリオ名: ログイン]
[ADMIN] 18:03:30.441431 シナリオ走行を終了しました [シナリオ名: Banユーザログイン]
[ADMIN] 18:03:30.441449 シナリオ走行を開始しました [シナリオ名: Banユーザログイン]
[ADMIN] 18:03:30.441914 シナリオ走行を終了しました [シナリオ名: 新規ユーザー登録]
[ADMIN] 18:03:30.441936 シナリオ走行を開始しました [シナリオ名: 新規ユーザー登録]
[ADMIN] 18:03:30.445711 シナリオ走行を終了しました [シナリオ名: Banユーザログイン]
[ADMIN] 18:03:30.445725 シナリオ走行を開始しました [シナリオ名: Banユーザログイン]
[ADMIN] 18:03:30.449816 シナリオ走行を終了しました [シナリオ名: Banユーザログイン]
[ADMIN] 18:03:30.449829 シナリオ走行を開始しました [シナリオ名: Banユーザログイン]
[ADMIN] 18:03:30.462140 シナリオ走行を終了しました [シナリオ名: ログイン]
[ADMIN] 18:03:30.462149 シナリオ走行を開始しました [シナリオ名: ログイン]
[ADMIN] 18:03:30.471842 シナリオ走行を終了しました [シナリオ名: Banユーザログイン]
[ADMIN] 18:03:30.471857 シナリオ走行を開始しました [シナリオ名: Banユーザログイン]
[ADMIN] 18:03:30.482497 シナリオ走行を終了しました [シナリオ名: ログイン]
[ADMIN] 18:03:30.482506 シナリオ走行を開始しました [シナリオ名: ログイン]
[ADMIN] 18:03:30.495492 シナリオ走行を終了しました [シナリオ名: ログイン]
[ADMIN] 18:03:30.495502 シナリオ走行を開始しました [シナリオ名: ログイン]
[ADMIN] 18:03:30.524877 シナリオ走行を終了しました [シナリオ名: ログイン]
[ADMIN] 18:03:30.524888 シナリオ走行を開始しました [シナリオ名: ログイン]
[ADMIN] 18:03:30.550137 シナリオ走行を終了しました [シナリオ名: 新規ユーザー登録]
[ADMIN] 18:03:30.550162 シナリオ走行を開始しました [シナリオ名: 新規ユーザー登録]
[ADMIN] 18:03:30.555770 シナリオ走行を終了しました [シナリオ名: ログイン]
[ADMIN] 18:03:30.555778 シナリオ走行を開始しました [シナリオ名: ログイン]
[ADMIN] 18:03:30.562948 シナリオ走行を終了しました [シナリオ名: ログイン]
[ADMIN] 18:03:30.562956 シナリオ走行を開始しました [シナリオ名: ログイン]
[ADMIN] 18:03:30.582291 シナリオ走行を終了しました [シナリオ名: ログイン]
[ADMIN] 18:03:30.582299 シナリオ走行を開始しました [シナリオ名: ログイン]
[ADMIN] 18:03:30.583873 シナリオ走行を終了しました [シナリオ名: 新規ユーザー登録]
[ADMIN] 18:03:30.583892 シナリオ走行を開始しました [シナリオ名: 新規ユーザー登録]
[ADMIN] 18:03:30.597166 シナリオ走行を終了しました [シナリオ名: Banユーザログイン]
[ADMIN] 18:03:30.597181 シナリオ走行を開始しました [シナリオ名: Banユーザログイン]
[ADMIN] 18:03:30.615051 シナリオ走行を終了しました [シナリオ名: 新規ユーザー登録]
[ADMIN] 18:03:30.615071 シナリオ走行を開始しました [シナリオ名: 新規ユーザー登録]
[ADMIN] 18:03:30.617261 シナリオ走行を終了しました [シナリオ名: 新規ユーザー登録]
[ADMIN] 18:03:30.617274 シナリオ走行を開始しました [シナリオ名: 新規ユーザー登録]
[ADMIN] 18:03:30.618186 シナリオ走行を終了しました [シナリオ名: ログイン]
[ADMIN] 18:03:30.618196 シナリオ走行を開始しました [シナリオ名: ログイン]
[ADMIN] 18:03:30.626273 シナリオ走行を終了しました [シナリオ名: ログイン]
[ADMIN] 18:03:30.626282 シナリオ走行を開始しました [シナリオ名: ログイン]
[ADMIN] 18:03:30.641087 シナリオ走行を終了しました [シナリオ名: Banユーザログイン]
[ADMIN] 18:03:30.641100 シナリオ走行を開始しました [シナリオ名: Banユーザログイン]
[ADMIN] 18:03:30.664888 シナリオ走行を終了しました [シナリオ名: 新規ユーザー登録]
[ADMIN] 18:03:30.664911 シナリオ走行を開始しました [シナリオ名: 新規ユーザー登録]
[ADMIN] 18:03:30.685694 シナリオ走行を終了しました [シナリオ名: 新規ユーザー登録]
[ADMIN] 18:03:30.685715 シナリオ走行を開始しました [シナリオ名: 新規ユーザー登録]
[ADMIN] 18:03:30.696555 シナリオ走行を終了しました [シナリオ名: ログイン]
[ADMIN] 18:03:30.696575 シナリオ走行を開始しました [シナリオ名: ログイン]
[ADMIN] 18:03:30.704629 シナリオ走行を終了しました [シナリオ名: Banユーザログイン]
[ADMIN] 18:03:30.704645 シナリオ走行を開始しました [シナリオ名: Banユーザログイン]
[ADMIN] 18:03:30.733252 シナリオ走行を終了しました [シナリオ名: 新規ユーザー登録]
[ADMIN] 18:03:30.733272 シナリオ走行を開始しました [シナリオ名: 新規ユーザー登録]
[ADMIN] 18:03:30.747863 シナリオ走行を終了しました [シナリオ名: ログイン]
[ADMIN] 18:03:30.747874 シナリオ走行を開始しました [シナリオ名: ログイン]
[ADMIN] 18:03:30.749820 シナリオ走行を終了しました [シナリオ名: 新規ユーザー登録]
[ADMIN] 18:03:30.749841 シナリオ走行を開始しました [シナリオ名: 新規ユーザー登録]
[ADMIN] 18:03:30.764395 シナリオ走行を終了しました [シナリオ名: 新規ユーザー登録]
[ADMIN] 18:03:30.764413 シナリオ走行を開始しました [シナリオ名: 新規ユーザー登録]
[ADMIN] 18:03:30.764539 シナリオ走行を終了しました [シナリオ名: 新規ユーザー登録]
[ADMIN] 18:03:30.764554 シナリオ走行を開始しました [シナリオ名: 新規ユーザー登録]
[ADMIN] 18:03:30.764898 シナリオ走行を終了しました [シナリオ名: 新規ユーザー登録]
[ADMIN] 18:03:30.764909 シナリオ走行を開始しました [シナリオ名: 新規ユーザー登録]
[ADMIN] 18:03:30.809734 シナリオ走行を終了しました [シナリオ名: Banユーザログイン]
[ADMIN] 18:03:30.809754 シナリオ走行を開始しました [シナリオ名: Banユーザログイン]
[ADMIN] 18:03:30.825071 シナリオ走行を終了しました [シナリオ名: 新規ユーザー登録]
[ADMIN] 18:03:30.825096 シナリオ走行を開始しました [シナリオ名: 新規ユーザー登録]
[ADMIN] 18:03:30.863103 シナリオ走行を終了しました [シナリオ名: 新規ユーザー登録]
[ADMIN] 18:03:30.863124 シナリオ走行を開始しました [シナリオ名: 新規ユーザー登録]
[ADMIN] 18:03:30.870199 シナリオ走行を終了しました [シナリオ名: ログイン]
[ADMIN] 18:03:30.870212 シナリオ走行を開始しました [シナリオ名: ログイン]
[ADMIN] 18:03:30.870715 シナリオ走行を終了しました [シナリオ名: ログイン]
[ADMIN] 18:03:30.870728 シナリオ走行を開始しました [シナリオ名: ログイン]
[ADMIN] 18:03:30.898734 シナリオ走行を終了しました [シナリオ名: 新規ユーザー登録]
[ADMIN] 18:03:30.898754 シナリオ走行を開始しました [シナリオ名: 新規ユーザー登録]
[ADMIN] 18:03:30.914006 シナリオ走行を終了しました [シナリオ名: 新規ユーザー登録]
[ADMIN] 18:03:30.914027 シナリオ走行を開始しました [シナリオ名: 新規ユーザー登録]
[ADMIN] 18:03:30.915797 シナリオ走行を終了しました [シナリオ名: ログイン]
[ADMIN] 18:03:30.915806 シナリオ走行を開始しました [シナリオ名: ログイン]
[ADMIN] 18:03:30.920258 シナリオ走行を終了しました [シナリオ名: ログイン]
[ADMIN] 18:03:30.920268 シナリオ走行を開始しました [シナリオ名: ログイン]
[ADMIN] 18:03:30.939762 シナリオ走行を終了しました [シナリオ名: ログイン]
[ADMIN] 18:03:30.939773 シナリオ走行を開始しました [シナリオ名: ログイン]
[ADMIN] 18:03:30.992882 シナリオ走行を終了しました [シナリオ名: Banユーザログイン]
[ADMIN] 18:03:30.992903 シナリオ走行を開始しました [シナリオ名: Banユーザログイン]
[ADMIN] 18:03:30.994964 シナリオ走行を終了しました [シナリオ名: 新規ユーザー登録]
[ADMIN] 18:03:30.994979 シナリオ走行を開始しました [シナリオ名: 新規ユーザー登録]
[ADMIN] 18:03:31.041233 シナリオ走行を終了しました [シナリオ名: ログイン]
[ADMIN] 18:03:31.041244 シナリオ走行を開始しました [シナリオ名: ログイン]
[ADMIN] 18:03:31.041739 シナリオ走行を終了しました [シナリオ名: ログイン]
[ADMIN] 18:03:31.041748 シナリオ走行を開始しました [シナリオ名: ログイン]
[ADMIN] 18:03:31.044461 シナリオ走行を終了しました [シナリオ名: ログイン]
[ADMIN] 18:03:31.044470 シナリオ走行を開始しました [シナリオ名: ログイン]
[ADMIN] 18:03:31.045841 シナリオ走行を終了しました [シナリオ名: ログイン]
[ADMIN] 18:03:31.045854 シナリオ走行を開始しました [シナリオ名: ログイン]
[ADMIN] 18:03:31.045986 シナリオ走行を終了しました [シナリオ名: 新規ユーザー登録]
[ADMIN] 18:03:31.046006 シナリオ走行を開始しました [シナリオ名: 新規ユーザー登録]
[ADMIN] 18:03:31.046435 シナリオ走行を終了しました [シナリオ名: ログイン]
[ADMIN] 18:03:31.046456 シナリオ走行を開始しました [シナリオ名: ログイン]
[ADMIN] 18:03:31.048367 シナリオ走行を終了しました [シナリオ名: ログイン]
[ADMIN] 18:03:31.048381 シナリオ走行を開始しました [シナリオ名: ログイン]
[ADMIN] 18:03:31.048680 シナリオ走行を終了しました [シナリオ名: ログイン]
[ADMIN] 18:03:31.048699 シナリオ走行を開始しました [シナリオ名: ログイン]
[ADMIN] 18:03:31.048828 シナリオ走行を終了しました [シナリオ名: ログイン]
[ADMIN] 18:03:31.048839 シナリオ走行を開始しました [シナリオ名: ログイン]
[ADMIN] 18:03:31.050277 シナリオ走行を終了しました [シナリオ名: ログイン]
[ADMIN] 18:03:31.050331 シナリオ走行を開始しました [シナリオ名: ログイン]
[ADMIN] 18:03:31.050349 シナリオ走行を終了しました [シナリオ名: ログイン]
[ADMIN] 18:03:31.050465 シナリオ走行を開始しました [シナリオ名: ログイン]
[ADMIN] 18:03:31.158869 シナリオ走行を終了しました [シナリオ名: 新規ユーザー登録]
[ADMIN] 18:03:31.158981 シナリオ走行を開始しました [シナリオ名: 新規ユーザー登録]
[ADMIN] 18:03:31.164284 シナリオ走行を終了しました [シナリオ名: 新規ユーザー登録]
[ADMIN] 18:03:31.164306 シナリオ走行を開始しました [シナリオ名: 新規ユーザー登録]
[ADMIN] 18:03:31.167606 シナリオ走行を終了しました [シナリオ名: 新規ユーザー登録]
[ADMIN] 18:03:31.167622 シナリオ走行を開始しました [シナリオ名: 新規ユーザー登録]
[ADMIN] 18:03:31.209993 シナリオ走行を終了しました [シナリオ名: ログイン]
[ADMIN] 18:03:31.210006 シナリオ走行を開始しました [シナリオ名: ログイン]
[ADMIN] 18:03:31.223673 シナリオ走行を終了しました [シナリオ名: Banユーザログイン]
[ADMIN] 18:03:31.223694 シナリオ走行を開始しました [シナリオ名: Banユーザログイン]
[ADMIN] 18:03:31.248062 シナリオ走行を終了しました [シナリオ名: Banユーザログイン]
[ADMIN] 18:03:31.248078 シナリオ走行を開始しました [シナリオ名: Banユーザログイン]
[ADMIN] 18:03:31.248409 シナリオ走行を終了しました [シナリオ名: Banユーザログイン]
[ADMIN] 18:03:31.248420 シナリオ走行を開始しました [シナリオ名: Banユーザログイン]
[ADMIN] 18:03:31.254215 シナリオ走行を終了しました [シナリオ名: ログイン]
[ADMIN] 18:03:31.254227 シナリオ走行を開始しました [シナリオ名: ログイン]
[ADMIN] 18:03:31.259672 シナリオ走行を終了しました [シナリオ名: ログイン]
[ADMIN] 18:03:31.259680 シナリオ走行を開始しました [シナリオ名: ログイン]
[ADMIN] 18:03:31.260564 シナリオ走行を終了しました [シナリオ名: 新規ユーザー登録]
[ADMIN] 18:03:31.260584 シナリオ走行を開始しました [シナリオ名: 新規ユーザー登録]
[ADMIN] 18:03:31.264752 シナリオ走行を終了しました [シナリオ名: ログイン]
[ADMIN] 18:03:31.264760 シナリオ走行を開始しました [シナリオ名: ログイン]
[ADMIN] 18:03:31.277388 シナリオ走行を終了しました [シナリオ名: ログイン]
[ADMIN] 18:03:31.277397 シナリオ走行を開始しました [シナリオ名: ログイン]
[ADMIN] 18:03:31.291314 シナリオ走行を終了しました [シナリオ名: 新規ユーザー登録]
[ADMIN] 18:03:31.291333 シナリオ走行を開始しました [シナリオ名: 新規ユーザー登録]
[ADMIN] 18:03:31.293799 シナリオ走行を終了しました [シナリオ名: 新規ユーザー登録]
[ADMIN] 18:03:31.293823 シナリオ走行を開始しました [シナリオ名: 新規ユーザー登録]
[ADMIN] 18:03:31.294021 シナリオ走行を終了しました [シナリオ名: ログイン]
[ADMIN] 18:03:31.294044 シナリオ走行を開始しました [シナリオ名: ログイン]
[ADMIN] 18:03:31.300939 シナリオ走行を終了しました [シナリオ名: Banユーザログイン]
[ADMIN] 18:03:31.300957 シナリオ走行を開始しました [シナリオ名: Banユーザログイン]
[ADMIN] 18:03:31.311034 シナリオ走行を終了しました [シナリオ名: 新規ユーザー登録]
[ADMIN] 18:03:31.311054 シナリオ走行を開始しました [シナリオ名: 新規ユーザー登録]
[ADMIN] 18:03:31.313168 シナリオ走行を終了しました [シナリオ名: 新規ユーザー登録]
[ADMIN] 18:03:31.313187 シナリオ走行を開始しました [シナリオ名: 新規ユーザー登録]
[ADMIN] 18:03:31.318346 シナリオ走行を終了しました [シナリオ名: 新規ユーザー登録]
[ADMIN] 18:03:31.318360 シナリオ走行を開始しました [シナリオ名: 新規ユーザー登録]
[ADMIN] 18:03:31.337020 シナリオ走行を終了しました [シナリオ名: ログイン]
[ADMIN] 18:03:31.337029 シナリオ走行を開始しました [シナリオ名: ログイン]
[ADMIN] 18:03:31.341382 シナリオ走行を終了しました [シナリオ名: Banユーザログイン]
[ADMIN] 18:03:31.341395 シナリオ走行を開始しました [シナリオ名: Banユーザログイン]
[ADMIN] 18:03:31.342914 シナリオ走行を終了しました [シナリオ名: 新規ユーザー登録]
[ADMIN] 18:03:31.342926 シナリオ走行を開始しました [シナリオ名: 新規ユーザー登録]
[ADMIN] 18:03:31.347055 シナリオ走行を終了しました [シナリオ名: ログイン]
[ADMIN] 18:03:31.347066 シナリオ走行を開始しました [シナリオ名: ログイン]
[ADMIN] 18:03:31.360535 シナリオ走行を終了しました [シナリオ名: 新規ユーザー登録]
[ADMIN] 18:03:31.360552 シナリオ走行を開始しました [シナリオ名: 新規ユーザー登録]
[ADMIN] 18:03:31.376336 シナリオ走行を終了しました [シナリオ名: Banユーザログイン]
[ADMIN] 18:03:31.376353 シナリオ走行を開始しました [シナリオ名: Banユーザログイン]
[ADMIN] 18:03:31.378765 シナリオ走行を終了しました [シナリオ名: ログイン]
[ADMIN] 18:03:31.378775 シナリオ走行を開始しました [シナリオ名: ログイン]
[ADMIN] 18:03:31.382676 シナリオ走行を終了しました [シナリオ名: ログイン]
[ADMIN] 18:03:31.382685 シナリオ走行を開始しました [シナリオ名: ログイン]
[ADMIN] 18:03:31.398804 シナリオ走行を終了しました [シナリオ名: Banユーザログイン]
[ADMIN] 18:03:31.398821 シナリオ走行を開始しました [シナリオ名: Banユーザログイン]
[ADMIN] 18:03:31.403398 シナリオ走行を終了しました [シナリオ名: 新規ユーザー登録]
[ADMIN] 18:03:31.403415 シナリオ走行を開始しました [シナリオ名: 新規ユーザー登録]
[ADMIN] 18:03:31.415416 シナリオ走行を終了しました [シナリオ名: 新規ユーザー登録]
[ADMIN] 18:03:31.415433 シナリオ走行を開始しました [シナリオ名: 新規ユーザー登録]
[ADMIN] 18:03:31.431237 シナリオ走行を終了しました [シナリオ名: 新規ユーザー登録]
[ADMIN] 18:03:31.431251 シナリオ走行を開始しました [シナリオ名: 新規ユーザー登録]
[ADMIN] 18:03:31.440604 シナリオ走行を終了しました [シナリオ名: ログイン]
[ADMIN] 18:03:31.440615 シナリオ走行を開始しました [シナリオ名: ログイン]
[ADMIN] 18:03:31.447069 シナリオ走行を終了しました [シナリオ名: 新規ユーザー登録]
[ADMIN] 18:03:31.447089 シナリオ走行を開始しました [シナリオ名: 新規ユーザー登録]
[ADMIN] 18:03:31.448758 シナリオ走行を終了しました [シナリオ名: 新規ユーザー登録]
[ADMIN] 18:03:31.448776 シナリオ走行を開始しました [シナリオ名: 新規ユーザー登録]
[ADMIN] 18:03:31.478758 シナリオ走行を終了しました [シナリオ名: 新規ユーザー登録]
[ADMIN] 18:03:31.478783 シナリオ走行を開始しました [シナリオ名: 新規ユーザー登録]
[ADMIN] 18:03:31.490308 シナリオ走行を終了しました [シナリオ名: 新規ユーザー登録]
[ADMIN] 18:03:31.490330 シナリオ走行を開始しました [シナリオ名: 新規ユーザー登録]
[ADMIN] 18:03:31.491861 シナリオ走行を終了しました [シナリオ名: ログイン]
[ADMIN] 18:03:31.491877 シナリオ走行を開始しました [シナリオ名: ログイン]
[ADMIN] 18:03:31.494943 シナリオ走行を終了しました [シナリオ名: ログイン]
[ADMIN] 18:03:31.494951 シナリオ走行を開始しました [シナリオ名: ログイン]
[ADMIN] 18:03:31.496839 シナリオ走行を終了しました [シナリオ名: 新規ユーザー登録]
[ADMIN] 18:03:31.496856 シナリオ走行を開始しました [シナリオ名: 新規ユーザー登録]
[ADMIN] 18:03:31.510432 シナリオ走行を終了しました [シナリオ名: 新規ユーザー登録]
[ADMIN] 18:03:31.510464 シナリオ走行を開始しました [シナリオ名: 新規ユーザー登録]
[ADMIN] 18:03:31.533818 シナリオ走行を終了しました [シナリオ名: 新規ユーザー登録]
[ADMIN] 18:03:31.533837 シナリオ走行を開始しました [シナリオ名: 新規ユーザー登録]
[ADMIN] 18:03:31.536985 シナリオ走行を終了しました [シナリオ名: ログイン]
[ADMIN] 18:03:31.536996 シナリオ走行を開始しました [シナリオ名: ログイン]
[ADMIN] 18:03:31.547150 シナリオ走行を終了しました [シナリオ名: Banユーザログイン]
[ADMIN] 18:03:31.547166 シナリオ走行を開始しました [シナリオ名: Banユーザログイン]
[ADMIN] 18:03:31.558789 シナリオ走行を終了しました [シナリオ名: ログイン]
[ADMIN] 18:03:31.558802 シナリオ走行を開始しました [シナリオ名: ログイン]
[ADMIN] 18:03:31.564262 シナリオ走行を終了しました [シナリオ名: ログイン]
[ADMIN] 18:03:31.564272 シナリオ走行を開始しました [シナリオ名: ログイン]
[ADMIN] 18:03:31.572480 シナリオ走行を終了しました [シナリオ名: ログイン]
[ADMIN] 18:03:31.572498 シナリオ走行を開始しました [シナリオ名: ログイン]
[ADMIN] 18:03:31.588771 シナリオ走行を終了しました [シナリオ名: Banユーザログイン]
[ADMIN] 18:03:31.588790 シナリオ走行を開始しました [シナリオ名: Banユーザログイン]
[ADMIN] 18:03:31.588879 シナリオ走行を終了しました [シナリオ名: ログイン]
[ADMIN] 18:03:31.588889 シナリオ走行を開始しました [シナリオ名: ログイン]
[ADMIN] 18:03:31.601160 シナリオ走行を終了しました [シナリオ名: 新規ユーザー登録]
[ADMIN] 18:03:31.601178 シナリオ走行を開始しました [シナリオ名: 新規ユーザー登録]
[ADMIN] 18:03:31.607811 シナリオ走行を終了しました [シナリオ名: 新規ユーザー登録]
[ADMIN] 18:03:31.607838 シナリオ走行を開始しました [シナリオ名: 新規ユーザー登録]
[ADMIN] 18:03:31.623603 シナリオ走行を終了しました [シナリオ名: ログイン]
[ADMIN] 18:03:31.623613 シナリオ走行を開始しました [シナリオ名: ログイン]
[ADMIN] 18:03:31.640113 シナリオ走行を終了しました [シナリオ名: ログイン]
[ADMIN] 18:03:31.640123 シナリオ走行を開始しました [シナリオ名: ログイン]
[ADMIN] 18:03:31.657479 シナリオ走行を終了しました [シナリオ名: 新規ユーザー登録]
[ADMIN] 18:03:31.657503 シナリオ走行を開始しました [シナリオ名: 新規ユーザー登録]
[ADMIN] 18:03:31.689231 シナリオ走行を終了しました [シナリオ名: ログイン]
[ADMIN] 18:03:31.689245 シナリオ走行を開始しました [シナリオ名: ログイン]
[ADMIN] 18:03:31.751701 シナリオ走行を終了しました [シナリオ名: ログイン]
[ADMIN] 18:03:31.751715 シナリオ走行を開始しました [シナリオ名: ログイン]
[ADMIN] 18:03:31.763476 シナリオ走行を終了しました [シナリオ名: ログイン]
[ADMIN] 18:03:31.763490 シナリオ走行を開始しました [シナリオ名: ログイン]
[ADMIN] 18:03:31.763573 シナリオ走行を終了しました [シナリオ名: ログイン]
[ADMIN] 18:03:31.763607 シナリオ走行を開始しました [シナリオ名: ログイン]
[ADMIN] 18:03:31.765444 シナリオ走行を終了しました [シナリオ名: ログイン]
[ADMIN] 18:03:31.765451 シナリオ走行を開始しました [シナリオ名: ログイン]
[ADMIN] 18:03:31.769861 シナリオ走行を終了しました [シナリオ名: ログイン]
[ADMIN] 18:03:31.769871 シナリオ走行を開始しました [シナリオ名: ログイン]
[ADMIN] 18:03:31.770812 シナリオ走行を終了しました [シナリオ名: ログイン]
[ADMIN] 18:03:31.770821 シナリオ走行を開始しました [シナリオ名: ログイン]
[ADMIN] 18:03:31.771473 シナリオ走行を終了しました [シナリオ名: ログイン]
[ADMIN] 18:03:31.771483 シナリオ走行を開始しました [シナリオ名: ログイン]
[ADMIN] 18:03:31.794117 シナリオ走行を終了しました [シナリオ名: ログイン]
[ADMIN] 18:03:31.794127 シナリオ走行を開始しました [シナリオ名: ログイン]
[ADMIN] 18:03:31.803325 シナリオ走行を終了しました [シナリオ名: ログイン]
[ADMIN] 18:03:31.803336 シナリオ走行を開始しました [シナリオ名: ログイン]
[ADMIN] 18:03:31.822995 シナリオ走行を終了しました [シナリオ名: ログイン]
[ADMIN] 18:03:31.823005 シナリオ走行を開始しました [シナリオ名: ログイン]
[ADMIN] 18:03:31.856110 シナリオ走行を終了しました [シナリオ名: 新規ユーザー登録]
[ADMIN] 18:03:31.856128 シナリオ走行を開始しました [シナリオ名: 新規ユーザー登録]
[ADMIN] 18:03:31.884915 シナリオ走行を終了しました [シナリオ名: 新規ユーザー登録]
[ADMIN] 18:03:31.884940 シナリオ走行を開始しました [シナリオ名: 新規ユーザー登録]
[ADMIN] 18:03:31.891681 シナリオ走行を終了しました [シナリオ名: 新規ユーザー登録]
[ADMIN] 18:03:31.891702 シナリオ走行を開始しました [シナリオ名: 新規ユーザー登録]
[ADMIN] 18:03:31.917205 シナリオ走行を終了しました [シナリオ名: 新規ユーザー登録]
[ADMIN] 18:03:31.917228 シナリオ走行を開始しました [シナリオ名: 新規ユーザー登録]
[ADMIN] 18:03:31.918717 シナリオ走行を終了しました [シナリオ名: 新規ユーザー登録]
[ADMIN] 18:03:31.918737 シナリオ走行を開始しました [シナリオ名: 新規ユーザー登録]
[ADMIN] 18:03:31.927097 シナリオ走行を終了しました [シナリオ名: 新規ユーザー登録]
[ADMIN] 18:03:31.927111 シナリオ走行を開始しました [シナリオ名: 新規ユーザー登録]
[ADMIN] 18:03:31.952410 シナリオ走行を終了しました [シナリオ名: ログイン]
[ADMIN] 18:03:31.952422 シナリオ走行を開始しました [シナリオ名: ログイン]
[ADMIN] 18:03:31.962760 シナリオ走行を終了しました [シナリオ名: ログイン]
[ADMIN] 18:03:31.962770 シナリオ走行を開始しました [シナリオ名: ログイン]
[ADMIN] 18:03:31.966521 シナリオ走行を終了しました [シナリオ名: 新規ユーザー登録]
[ADMIN] 18:03:31.966536 シナリオ走行を開始しました [シナリオ名: 新規ユーザー登録]
[ADMIN] 18:03:31.976101 シナリオ走行を終了しました [シナリオ名: Banユーザログイン]
[ADMIN] 18:03:31.976115 シナリオ走行を開始しました [シナリオ名: Banユーザログイン]
[ADMIN] 18:03:31.977481 シナリオ走行を終了しました [シナリオ名: Banユーザログイン]
[ADMIN] 18:03:31.977496 シナリオ走行を開始しました [シナリオ名: Banユーザログイン]
[ADMIN] 18:03:32.025671 シナリオ走行を終了しました [シナリオ名: Banユーザログイン]
[ADMIN] 18:03:32.025688 シナリオ走行を開始しました [シナリオ名: Banユーザログイン]
[ADMIN] 18:03:32.043425 シナリオ走行を終了しました [シナリオ名: 新規ユーザー登録]
[ADMIN] 18:03:32.043444 シナリオ走行を開始しました [シナリオ名: 新規ユーザー登録]
[ADMIN] 18:03:32.056149 シナリオ走行を終了しました [シナリオ名: 新規ユーザー登録]
[ADMIN] 18:03:32.056167 シナリオ走行を開始しました [シナリオ名: 新規ユーザー登録]
[ADMIN] 18:03:32.056982 シナリオ走行を終了しました [シナリオ名: ログイン]
[ADMIN] 18:03:32.056991 シナリオ走行を開始しました [シナリオ名: ログイン]
[ADMIN] 18:03:32.064216 シナリオ走行を終了しました [シナリオ名: 新規ユーザー登録]
[ADMIN] 18:03:32.064232 シナリオ走行を開始しました [シナリオ名: 新規ユーザー登録]
[ADMIN] 18:03:32.080246 シナリオ走行を終了しました [シナリオ名: ログイン]
[ADMIN] 18:03:32.080255 シナリオ走行を開始しました [シナリオ名: ログイン]
[ADMIN] 18:03:32.085644 シナリオ走行を終了しました [シナリオ名: ログイン]
[ADMIN] 18:03:32.085653 シナリオ走行を開始しました [シナリオ名: ログイン]
[ADMIN] 18:03:32.106867 シナリオ走行を終了しました [シナリオ名: Banユーザログイン]
[ADMIN] 18:03:32.106883 シナリオ走行を開始しました [シナリオ名: Banユーザログイン]
[ADMIN] 18:03:32.149847 シナリオ走行を終了しました [シナリオ名: 新規ユーザー登録]
[ADMIN] 18:03:32.149871 シナリオ走行を開始しました [シナリオ名: 新規ユーザー登録]
[ADMIN] 18:03:32.162527 シナリオ走行を終了しました [シナリオ名: 新規ユーザー登録]
[ADMIN] 18:03:32.162550 シナリオ走行を開始しました [シナリオ名: 新規ユーザー登録]
[ADMIN] 18:03:32.170539 シナリオ走行を終了しました [シナリオ名: 新規ユーザー登録]
[ADMIN] 18:03:32.170563 シナリオ走行を開始しました [シナリオ名: 新規ユーザー登録]
[ADMIN] 18:03:32.186254 シナリオ走行を終了しました [シナリオ名: ログイン]
[ADMIN] 18:03:32.186268 シナリオ走行を開始しました [シナリオ名: ログイン]
[ADMIN] 18:03:32.195088 シナリオ走行を終了しました [シナリオ名: Banユーザログイン]
[ADMIN] 18:03:32.195105 シナリオ走行を開始しました [シナリオ名: Banユーザログイン]
[ADMIN] 18:03:32.199720 シナリオ走行を終了しました [シナリオ名: Banユーザログイン]
[ADMIN] 18:03:32.199730 シナリオ走行を開始しました [シナリオ名: Banユーザログイン]
[ADMIN] 18:03:32.227047 シナリオ走行を終了しました [シナリオ名: ログイン]
[ADMIN] 18:03:32.227058 シナリオ走行を開始しました [シナリオ名: ログイン]
[ADMIN] 18:03:32.233188 シナリオ走行を終了しました [シナリオ名: ログイン]
[ADMIN] 18:03:32.233202 シナリオ走行を開始しました [シナリオ名: ログイン]
[ADMIN] 18:03:32.245984 シナリオ走行を終了しました [シナリオ名: 新規ユーザー登録]
[ADMIN] 18:03:32.246005 シナリオ走行を開始しました [シナリオ名: 新規ユーザー登録]
[ADMIN] 18:03:32.264969 シナリオ走行を終了しました [シナリオ名: Banユーザログイン]
[ADMIN] 18:03:32.264992 シナリオ走行を開始しました [シナリオ名: Banユーザログイン]
[ADMIN] 18:03:32.275891 シナリオ走行を終了しました [シナリオ名: ログイン]
[ADMIN] 18:03:32.275903 シナリオ走行を開始しました [シナリオ名: ログイン]
[ADMIN] 18:03:32.276690 シナリオ走行を終了しました [シナリオ名: 新規ユーザー登録]
[ADMIN] 18:03:32.276712 シナリオ走行を開始しました [シナリオ名: 新規ユーザー登録]
[ADMIN] 18:03:32.287324 シナリオ走行を終了しました [シナリオ名: ログイン]
[ADMIN] 18:03:32.287333 シナリオ走行を開始しました [シナリオ名: ログイン]
[ADMIN] 18:03:32.295227 シナリオ走行を終了しました [シナリオ名: Banユーザログイン]
[ADMIN] 18:03:32.295246 シナリオ走行を開始しました [シナリオ名: Banユーザログイン]
[ADMIN] 18:03:32.307445 シナリオ走行を終了しました [シナリオ名: ログイン]
[ADMIN] 18:03:32.307455 シナリオ走行を開始しました [シナリオ名: ログイン]
[ADMIN] 18:03:32.314060 シナリオ走行を終了しました [シナリオ名: 新規ユーザー登録]
[ADMIN] 18:03:32.314079 シナリオ走行を開始しました [シナリオ名: 新規ユーザー登録]
[ADMIN] 18:03:32.321580 シナリオ走行を終了しました [シナリオ名: 新規ユーザー登録]
[ADMIN] 18:03:32.321597 シナリオ走行を開始しました [シナリオ名: 新規ユーザー登録]
[ADMIN] 18:03:32.330488 シナリオ走行を終了しました [シナリオ名: ログイン]
[ADMIN] 18:03:32.330498 シナリオ走行を開始しました [シナリオ名: ログイン]
[ADMIN] 18:03:32.336988 シナリオ走行を終了しました [シナリオ名: ログイン]
[ADMIN] 18:03:32.336996 シナリオ走行を開始しました [シナリオ名: ログイン]
[ADMIN] 18:03:32.346918 シナリオ走行を終了しました [シナリオ名: 新規ユーザー登録]
[ADMIN] 18:03:32.346936 シナリオ走行を開始しました [シナリオ名: 新規ユーザー登録]
[ADMIN] 18:03:32.374551 シナリオ走行を終了しました [シナリオ名: 新規ユーザー登録]
[ADMIN] 18:03:32.374569 シナリオ走行を開始しました [シナリオ名: 新規ユーザー登録]
[ADMIN] 18:03:32.382759 シナリオ走行を終了しました [シナリオ名: ログイン]
[ADMIN] 18:03:32.382772 シナリオ走行を開始しました [シナリオ名: ログイン]
[ADMIN] 18:03:32.387499 シナリオ走行を終了しました [シナリオ名: ログイン]
[ADMIN] 18:03:32.387508 シナリオ走行を開始しました [シナリオ名: ログイン]
[ADMIN] 18:03:32.404938 シナリオ走行を終了しました [シナリオ名: ログイン]
[ADMIN] 18:03:32.404949 シナリオ走行を開始しました [シナリオ名: ログイン]
[ADMIN] 18:03:32.459240 シナリオ走行を終了しました [シナリオ名: Banユーザログイン]
[ADMIN] 18:03:32.459252 シナリオ走行を開始しました [シナリオ名: Banユーザログイン]
[ADMIN] 18:03:32.463406 シナリオ走行を終了しました [シナリオ名: ログイン]
[ADMIN] 18:03:32.463415 シナリオ走行を開始しました [シナリオ名: ログイン]
[ADMIN] 18:03:32.466132 シナリオ走行を終了しました [シナリオ名: ログイン]
[ADMIN] 18:03:32.466141 シナリオ走行を開始しました [シナリオ名: ログイン]
[ADMIN] 18:03:32.475516 シナリオ走行を終了しました [シナリオ名: ログイン]
[ADMIN] 18:03:32.475524 シナリオ走行を開始しました [シナリオ名: ログイン]
[ADMIN] 18:03:32.475758 シナリオ走行を終了しました [シナリオ名: ログイン]
[ADMIN] 18:03:32.475766 シナリオ走行を開始しました [シナリオ名: ログイン]
[ADMIN] 18:03:32.487458 シナリオ走行を終了しました [シナリオ名: 新規ユーザー登録]
[ADMIN] 18:03:32.487476 シナリオ走行を開始しました [シナリオ名: 新規ユーザー登録]
[ADMIN] 18:03:32.501457 シナリオ走行を終了しました [シナリオ名: ログイン]
[ADMIN] 18:03:32.501467 シナリオ走行を開始しました [シナリオ名: ログイン]
[ADMIN] 18:03:32.503512 シナリオ走行を終了しました [シナリオ名: 新規ユーザー登録]
[ADMIN] 18:03:32.503527 シナリオ走行を開始しました [シナリオ名: 新規ユーザー登録]
[ADMIN] 18:03:32.505514 シナリオ走行を終了しました [シナリオ名: 新規ユーザー登録]
[ADMIN] 18:03:32.505528 シナリオ走行を開始しました [シナリオ名: 新規ユーザー登録]
[ADMIN] 18:03:32.526454 シナリオ走行を終了しました [シナリオ名: ログイン]
[ADMIN] 18:03:32.526465 シナリオ走行を開始しました [シナリオ名: ログイン]
[ADMIN] 18:03:32.548514 シナリオ走行を終了しました [シナリオ名: ログイン]
[ADMIN] 18:03:32.548523 シナリオ走行を開始しました [シナリオ名: ログイン]
[ADMIN] 18:03:32.552146 シナリオ走行を終了しました [シナリオ名: 新規ユーザー登録]
[ADMIN] 18:03:32.552162 シナリオ走行を開始しました [シナリオ名: 新規ユーザー登録]
[ADMIN] 18:03:32.553088 シナリオ走行を終了しました [シナリオ名: ログイン]
[ADMIN] 18:03:32.553095 シナリオ走行を開始しました [シナリオ名: ログイン]
[ADMIN] 18:03:32.576595 シナリオ走行を終了しました [シナリオ名: ログイン]
[ADMIN] 18:03:32.576604 シナリオ走行を開始しました [シナリオ名: ログイン]
[ADMIN] 18:03:32.578216 シナリオ走行を終了しました [シナリオ名: 新規ユーザー登録]
[ADMIN] 18:03:32.578232 シナリオ走行を開始しました [シナリオ名: 新規ユーザー登録]
[ADMIN] 18:03:32.580999 シナリオ走行を終了しました [シナリオ名: 新規ユーザー登録]
[ADMIN] 18:03:32.581017 シナリオ走行を開始しました [シナリオ名: 新規ユーザー登録]
[ADMIN] 18:03:32.586948 シナリオ走行を終了しました [シナリオ名: 新規ユーザー登録]
[ADMIN] 18:03:32.586963 シナリオ走行を開始しました [シナリオ名: 新規ユーザー登録]
[ADMIN] 18:03:32.611755 シナリオ走行を終了しました [シナリオ名: ログイン]
[ADMIN] 18:03:32.611770 シナリオ走行を開始しました [シナリオ名: ログイン]
[ADMIN] 18:03:32.619230 シナリオ走行を終了しました [シナリオ名: 新規ユーザー登録]
[ADMIN] 18:03:32.619251 シナリオ走行を開始しました [シナリオ名: 新規ユーザー登録]
[ADMIN] 18:03:32.638655 シナリオ走行を終了しました [シナリオ名: 新規ユーザー登録]
[ADMIN] 18:03:32.638676 シナリオ走行を開始しました [シナリオ名: 新規ユーザー登録]
[ADMIN] 18:03:32.644588 シナリオ走行を終了しました [シナリオ名: 新規ユーザー登録]
[ADMIN] 18:03:32.644604 シナリオ走行を開始しました [シナリオ名: 新規ユーザー登録]
[ADMIN] 18:03:32.645993 シナリオ走行を終了しました [シナリオ名: 新規ユーザー登録]
[ADMIN] 18:03:32.646006 シナリオ走行を開始しました [シナリオ名: 新規ユーザー登録]
[ADMIN] 18:03:32.647803 シナリオ走行を終了しました [シナリオ名: ログイン]
[ADMIN] 18:03:32.647814 シナリオ走行を開始しました [シナリオ名: ログイン]
[ADMIN] 18:03:32.672186 シナリオ走行を終了しました [シナリオ名: 新規ユーザー登録]
[ADMIN] 18:03:32.672203 シナリオ走行を開始しました [シナリオ名: 新規ユーザー登録]
[ADMIN] 18:03:32.698146 シナリオ走行を終了しました [シナリオ名: ログイン]
[ADMIN] 18:03:32.698157 シナリオ走行を開始しました [シナリオ名: ログイン]
[ADMIN] 18:03:32.700003 シナリオ走行を終了しました [シナリオ名: 新規ユーザー登録]
[ADMIN] 18:03:32.700018 シナリオ走行を開始しました [シナリオ名: 新規ユーザー登録]
[ADMIN] 18:03:32.706867 シナリオ走行を終了しました [シナリオ名: ログイン]
[ADMIN] 18:03:32.706878 シナリオ走行を開始しました [シナリオ名: ログイン]
[ADMIN] 18:03:32.713974 シナリオ走行を終了しました [シナリオ名: ログイン]
[ADMIN] 18:03:32.713983 シナリオ走行を開始しました [シナリオ名: ログイン]
[ADMIN] 18:03:32.716865 シナリオ走行を終了しました [シナリオ名: ログイン]
[ADMIN] 18:03:32.716874 シナリオ走行を開始しました [シナリオ名: ログイン]
[ADMIN] 18:03:32.735221 シナリオ走行を終了しました [シナリオ名: 新規ユーザー登録]
[ADMIN] 18:03:32.735244 シナリオ走行を開始しました [シナリオ名: 新規ユーザー登録]
[ADMIN] 18:03:32.735824 シナリオ走行を終了しました [シナリオ名: 新規ユーザー登録]
[ADMIN] 18:03:32.735840 シナリオ走行を開始しました [シナリオ名: 新規ユーザー登録]
[ADMIN] 18:03:32.795434 シナリオ走行を終了しました [シナリオ名: ログイン]
[ADMIN] 18:03:32.795447 シナリオ走行を開始しました [シナリオ名: ログイン]
[ADMIN] 18:03:32.797686 シナリオ走行を終了しました [シナリオ名: ログイン]
[ADMIN] 18:03:32.797694 シナリオ走行を開始しました [シナリオ名: ログイン]
[ADMIN] 18:03:32.811559 シナリオ走行を終了しました [シナリオ名: 新規ユーザー登録]
[ADMIN] 18:03:32.811582 シナリオ走行を開始しました [シナリオ名: 新規ユーザー登録]
[ADMIN] 18:03:32.814084 シナリオ走行を終了しました [シナリオ名: ログイン]
[ADMIN] 18:03:32.814093 シナリオ走行を開始しました [シナリオ名: ログイン]
[ADMIN] 18:03:32.816402 シナリオ走行を終了しました [シナリオ名: 新規ユーザー登録]
[ADMIN] 18:03:32.816421 シナリオ走行を開始しました [シナリオ名: 新規ユーザー登録]
[ADMIN] 18:03:32.828949 シナリオ走行を終了しました [シナリオ名: ログイン]
[ADMIN] 18:03:32.828958 シナリオ走行を開始しました [シナリオ名: ログイン]
[ADMIN] 18:03:32.830465 シナリオ走行を終了しました [シナリオ名: ログイン]
[ADMIN] 18:03:32.830474 シナリオ走行を開始しました [シナリオ名: ログイン]
[ADMIN] 18:03:32.851239 シナリオ走行を終了しました [シナリオ名: ログイン]
[ADMIN] 18:03:32.851251 シナリオ走行を開始しました [シナリオ名: ログイン]
[ADMIN] 18:03:32.864819 シナリオ走行を終了しました [シナリオ名: ログイン]
[ADMIN] 18:03:32.864831 シナリオ走行を開始しました [シナリオ名: ログイン]
[ADMIN] 18:03:32.879424 シナリオ走行を終了しました [シナリオ名: 新規ユーザー登録]
[ADMIN] 18:03:32.879451 シナリオ走行を開始しました [シナリオ名: 新規ユーザー登録]
[ADMIN] 18:03:32.892647 シナリオ走行を終了しました [シナリオ名: Banユーザログイン]
[ADMIN] 18:03:32.892678 シナリオ走行を開始しました [シナリオ名: Banユーザログイン]
[ADMIN] 18:03:32.898775 シナリオ走行を終了しました [シナリオ名: ログイン]
[ADMIN] 18:03:32.898784 シナリオ走行を開始しました [シナリオ名: ログイン]
[ADMIN] 18:03:32.906042 シナリオ走行を終了しました [シナリオ名: Banユーザログイン]
[ADMIN] 18:03:32.906060 シナリオ走行を開始しました [シナリオ名: Banユーザログイン]
[ADMIN] 18:03:32.921884 シナリオ走行を終了しました [シナリオ名: ログイン]
[ADMIN] 18:03:32.921901 シナリオ走行を開始しました [シナリオ名: ログイン]
[ADMIN] 18:03:32.924725 シナリオ走行を終了しました [シナリオ名: Banユーザログイン]
[ADMIN] 18:03:32.924742 シナリオ走行を開始しました [シナリオ名: Banユーザログイン]
[ADMIN] 18:03:32.925051 シナリオ走行を終了しました [シナリオ名: Banユーザログイン]
[ADMIN] 18:03:32.925085 シナリオ走行を開始しました [シナリオ名: Banユーザログイン]
18:03:32.938992 現在のログイン成功数: [total: 3530 (+1455人)]
18:03:32.938999 現在のユーザー登録成功数: [total: 2814 (+1149人)]
[ADMIN] 18:03:32.942303 シナリオ走行を終了しました [シナリオ名: ログイン]
[ADMIN] 18:03:32.942316 シナリオ走行を開始しました [シナリオ名: ログイン]
[ADMIN] 18:03:32.960975 シナリオ走行を終了しました [シナリオ名: 新規ユーザー登録]
[ADMIN] 18:03:32.960996 シナリオ走行を開始しました [シナリオ名: 新規ユーザー登録]
[ADMIN] 18:03:32.968250 シナリオ走行を終了しました [シナリオ名: 新規ユーザー登録]
[ADMIN] 18:03:32.968265 シナリオ走行を開始しました [シナリオ名: 新規ユーザー登録]
[ADMIN] 18:03:32.977819 シナリオ走行を終了しました [シナリオ名: 新規ユーザー登録]
[ADMIN] 18:03:32.977834 シナリオ走行を開始しました [シナリオ名: 新規ユーザー登録]
[ADMIN] 18:03:33.023507 シナリオ走行を終了しました [シナリオ名: Banユーザログイン]
[ADMIN] 18:03:33.023526 シナリオ走行を開始しました [シナリオ名: Banユーザログイン]
[ADMIN] 18:03:33.035001 シナリオ走行を終了しました [シナリオ名: Banユーザログイン]
[ADMIN] 18:03:33.035013 シナリオ走行を開始しました [シナリオ名: Banユーザログイン]
[ADMIN] 18:03:33.063301 シナリオ走行を終了しました [シナリオ名: 新規ユーザー登録]
[ADMIN] 18:03:33.063324 シナリオ走行を開始しました [シナリオ名: 新規ユーザー登録]
[ADMIN] 18:03:33.065103 シナリオ走行を終了しました [シナリオ名: 新規ユーザー登録]
[ADMIN] 18:03:33.065121 シナリオ走行を開始しました [シナリオ名: 新規ユーザー登録]
[ADMIN] 18:03:33.065793 シナリオ走行を終了しました [シナリオ名: ログイン]
[ADMIN] 18:03:33.065814 シナリオ走行を開始しました [シナリオ名: ログイン]
[ADMIN] 18:03:33.065834 シナリオ走行を開始しました [シナリオ名: ログイン]
[ADMIN] 18:03:33.065858 シナリオ走行を開始しました [シナリオ名: ログイン]
[ADMIN] 18:03:33.065943 シナリオ走行を開始しました [シナリオ名: ログイン]
[ADMIN] 18:03:33.065954 シナリオ走行を開始しました [シナリオ名: ログイン]
[ADMIN] 18:03:33.065960 シナリオ走行を開始しました [シナリオ名: ログイン]
[ADMIN] 18:03:33.066041 シナリオ走行を開始しました [シナリオ名: ログイン]
[ADMIN] 18:03:33.066050 シナリオ走行を開始しました [シナリオ名: ログイン]
[ADMIN] 18:03:33.066051 シナリオ走行を開始しました [シナリオ名: ログイン]
[ADMIN] 18:03:33.066126 シナリオ走行を開始しました [シナリオ名: ログイン]
[ADMIN] 18:03:33.066042 シナリオ走行を開始しました [シナリオ名: ログイン]
[ADMIN] 18:03:33.066044 シナリオ走行を開始しました [シナリオ名: ログイン]
[ADMIN] 18:03:33.066047 シナリオ走行を開始しました [シナリオ名: ログイン]
[ADMIN] 18:03:33.066048 シナリオ走行を開始しました [シナリオ名: ログイン]
[ADMIN] 18:03:33.066049 シナリオ走行を開始しました [シナリオ名: ログイン]
[ADMIN] 18:03:33.066049 シナリオ走行を開始しました [シナリオ名: ログイン]
[ADMIN] 18:03:33.071805 シナリオ走行を終了しました [シナリオ名: Banユーザログイン]
[ADMIN] 18:03:33.071820 シナリオ走行を開始しました [シナリオ名: Banユーザログイン]
[ADMIN] 18:03:33.079859 シナリオ走行を終了しました [シナリオ名: 新規ユーザー登録]
[ADMIN] 18:03:33.079874 シナリオ走行を開始しました [シナリオ名: 新規ユーザー登録]
[ADMIN] 18:03:33.101602 シナリオ走行を終了しました [シナリオ名: ログイン]
[ADMIN] 18:03:33.144127 シナリオ走行を終了しました [シナリオ名: 新規ユーザー登録]
[ADMIN] 18:03:33.144174 シナリオ走行を開始しました [シナリオ名: 新規ユーザー登録]
[ADMIN] 18:03:33.144215 シナリオ走行を開始しました [シナリオ名: 新規ユーザー登録]
[ADMIN] 18:03:33.144224 シナリオ走行を開始しました [シナリオ名: 新規ユーザー登録]
[ADMIN] 18:03:33.144254 シナリオ走行を開始しました [シナリオ名: 新規ユーザー登録]
[ADMIN] 18:03:33.144312 シナリオ走行を開始しました [シナリオ名: 新規ユーザー登録]
[ADMIN] 18:03:33.144331 シナリオ走行を開始しました [シナリオ名: 新規ユーザー登録]
[ADMIN] 18:03:33.144361 シナリオ走行を開始しました [シナリオ名: 新規ユーザー登録]
[ADMIN] 18:03:33.144313 シナリオ走行を開始しました [シナリオ名: 新規ユーザー登録]
[ADMIN] 18:03:33.144425 シナリオ走行を開始しました [シナリオ名: 新規ユーザー登録]
[ADMIN] 18:03:33.144462 シナリオ走行を開始しました [シナリオ名: 新規ユーザー登録]
[ADMIN] 18:03:33.144318 シナリオ走行を開始しました [シナリオ名: 新規ユーザー登録]
[ADMIN] 18:03:33.144560 シナリオ走行を開始しました [シナリオ名: 新規ユーザー登録]
[ADMIN] 18:03:33.144570 シナリオ走行を開始しました [シナリオ名: 新規ユーザー登録]
[ADMIN] 18:03:33.144633 シナリオ走行を開始しました [シナリオ名: 新規ユーザー登録]
[ADMIN] 18:03:33.144564 シナリオ走行を開始しました [シナリオ名: 新規ユーザー登録]
[ADMIN] 18:03:33.144323 シナリオ走行を開始しました [シナリオ名: 新規ユーザー登録]
[ADMIN] 18:03:33.144419 シナリオ走行を開始しました [シナリオ名: 新規ユーザー登録]
[ADMIN] 18:03:33.157904 シナリオ走行を終了しました [シナリオ名: Banユーザログイン]
[ADMIN] 18:03:33.157926 シナリオ走行を開始しました [シナリオ名: Banユーザログイン]
[ADMIN] 18:03:33.169799 シナリオ走行を終了しました [シナリオ名: ログイン]
[ADMIN] 18:03:33.170867 シナリオ走行を終了しました [シナリオ名: 新規ユーザー登録]
[ADMIN] 18:03:33.182130 シナリオ走行を終了しました [シナリオ名: ログイン]
[ADMIN] 18:03:33.183135 シナリオ走行を終了しました [シナリオ名: ログイン]
[ADMIN] 18:03:33.224435 シナリオ走行を終了しました [シナリオ名: 新規ユーザー登録]
[ADMIN] 18:03:33.231409 シナリオ走行を終了しました [シナリオ名: ログイン]
[ADMIN] 18:03:33.236480 シナリオ走行を終了しました [シナリオ名: Banユーザログイン]
[ADMIN] 18:03:33.236545 シナリオ走行を開始しました [シナリオ名: Banユーザログイン]
[ADMIN] 18:03:33.236603 シナリオ走行を開始しました [シナリオ名: Banユーザログイン]
[ADMIN] 18:03:33.236611 シナリオ走行を開始しました [シナリオ名: Banユーザログイン]
[ADMIN] 18:03:33.236613 シナリオ走行を開始しました [シナリオ名: Banユーザログイン]
[ADMIN] 18:03:33.297766 シナリオ走行を終了しました [シナリオ名: 新規ユーザー登録]
[ADMIN] 18:03:33.298474 シナリオ走行を終了しました [シナリオ名: ログイン]
[ADMIN] 18:03:33.298632 シナリオ走行を終了しました [シナリオ名: ログイン]
[ADMIN] 18:03:33.298633 シナリオ走行を終了しました [シナリオ名: 新規ユーザー登録]
[ADMIN] 18:03:33.304514 シナリオ走行を終了しました [シナリオ名: ログイン]
[ADMIN] 18:03:33.306697 シナリオ走行を終了しました [シナリオ名: ログイン]
[ADMIN] 18:03:33.313353 シナリオ走行を終了しました [シナリオ名: 新規ユーザー登録]
[ADMIN] 18:03:33.318838 シナリオ走行を終了しました [シナリオ名: 新規ユーザー登録]
[ADMIN] 18:03:33.319793 シナリオ走行を終了しました [シナリオ名: ログイン]
[ADMIN] 18:03:33.328052 シナリオ走行を終了しました [シナリオ名: 新規ユーザー登録]
[ADMIN] 18:03:33.331167 シナリオ走行を終了しました [シナリオ名: 新規ユーザー登録]
[ADMIN] 18:03:33.334761 シナリオ走行を終了しました [シナリオ名: 新規ユーザー登録]
[ADMIN] 18:03:33.341658 シナリオ走行を終了しました [シナリオ名: 新規ユーザー登録]
[ADMIN] 18:03:33.356254 シナリオ走行を終了しました [シナリオ名: 新規ユーザー登録]
[ADMIN] 18:03:33.386824 シナリオ走行を終了しました [シナリオ名: 新規ユーザー登録]
[ADMIN] 18:03:33.395041 シナリオ走行を終了しました [シナリオ名: ログイン]
[ADMIN] 18:03:33.403024 シナリオ走行を終了しました [シナリオ名: ログイン]
[ADMIN] 18:03:33.422839 シナリオ走行を終了しました [シナリオ名: ログイン]
[ADMIN] 18:03:33.435638 シナリオ走行を終了しました [シナリオ名: ログイン]
[ADMIN] 18:03:33.481907 シナリオ走行を終了しました [シナリオ名: 新規ユーザー登録]
[ADMIN] 18:03:33.483763 シナリオ走行を終了しました [シナリオ名: 新規ユーザー登録]
[ADMIN] 18:03:33.526395 シナリオ走行を終了しました [シナリオ名: ログイン]
[ADMIN] 18:03:33.529277 シナリオ走行を終了しました [シナリオ名: ログイン]
[ADMIN] 18:03:33.545910 シナリオ走行を終了しました [シナリオ名: ログイン]
[ADMIN] 18:03:33.545914 シナリオ走行を終了しました [シナリオ名: ログイン]
[ADMIN] 18:03:33.575471 シナリオ走行を終了しました [シナリオ名: ログイン]
[ADMIN] 18:03:33.577556 シナリオ走行を終了しました [シナリオ名: ログイン]
[ADMIN] 18:03:33.613181 シナリオ走行を終了しました [シナリオ名: ログイン]
[ADMIN] 18:03:33.646743 シナリオ走行を終了しました [シナリオ名: ログイン]
[ADMIN] 18:03:33.647146 シナリオ走行を終了しました [シナリオ名: ログイン]
[ADMIN] 18:03:33.657534 シナリオ走行を終了しました [シナリオ名: 新規ユーザー登録]
[ADMIN] 18:03:33.660708 シナリオ走行を終了しました [シナリオ名: ログイン]
[ADMIN] 18:03:33.673314 シナリオ走行を終了しました [シナリオ名: 新規ユーザー登録]
[ADMIN] 18:03:33.674380 シナリオ走行を終了しました [シナリオ名: Banユーザログイン]
[ADMIN] 18:03:33.694268 シナリオ走行を終了しました [シナリオ名: ログイン]
[ADMIN] 18:03:33.698823 シナリオ走行を終了しました [シナリオ名: 新規ユーザー登録]
[ADMIN] 18:03:33.715076 シナリオ走行を終了しました [シナリオ名: 新規ユーザー登録]
[ADMIN] 18:03:33.741543 シナリオ走行を終了しました [シナリオ名: ログイン]
[ADMIN] 18:03:33.744788 シナリオ走行を終了しました [シナリオ名: 新規ユーザー登録]
[ADMIN] 18:03:33.745786 シナリオ走行を終了しました [シナリオ名: ログイン]
[ADMIN] 18:03:33.766095 シナリオ走行を終了しました [シナリオ名: 新規ユーザー登録]
[ADMIN] 18:03:33.766846 シナリオ走行を終了しました [シナリオ名: ログイン]
[ADMIN] 18:03:33.791165 シナリオ走行を終了しました [シナリオ名: 新規ユーザー登録]
[ADMIN] 18:03:33.800379 シナリオ走行を終了しました [シナリオ名: Banユーザログイン]
[ADMIN] 18:03:33.800390 シナリオ走行を終了しました [シナリオ名: Banユーザログイン]
[ADMIN] 18:03:33.800391 シナリオ走行を終了しました [シナリオ名: Banユーザログイン]
[ADMIN] 18:03:33.802741 シナリオ走行を終了しました [シナリオ名: ログイン]
[ADMIN] 18:03:33.811204 シナリオ走行を終了しました [シナリオ名: 新規ユーザー登録]
[ADMIN] 18:03:33.820718 シナリオ走行を終了しました [シナリオ名: ログイン]
[ADMIN] 18:03:33.824941 シナリオ走行を終了しました [シナリオ名: 新規ユーザー登録]
[ADMIN] 18:03:33.837022 シナリオ走行を終了しました [シナリオ名: 新規ユーザー登録]
[ADMIN] 18:03:33.843245 シナリオ走行を終了しました [シナリオ名: ログイン]
[ADMIN] 18:03:33.846434 シナリオ走行を終了しました [シナリオ名: 新規ユーザー登録]
[ADMIN] 18:03:33.848339 シナリオ走行を終了しました [シナリオ名: ログイン]
[ADMIN] 18:03:33.857781 シナリオ走行を終了しました [シナリオ名: 新規ユーザー登録]
[ADMIN] 18:03:33.862134 シナリオ走行を終了しました [シナリオ名: ログイン]
[ADMIN] 18:03:33.880462 シナリオ走行を終了しました [シナリオ名: ログイン]
[ADMIN] 18:03:33.881696 シナリオ走行を終了しました [シナリオ名: ログイン]
[ADMIN] 18:03:33.885556 シナリオ走行を終了しました [シナリオ名: 新規ユーザー登録]
[ADMIN] 18:03:33.887264 シナリオ走行を終了しました [シナリオ名: ログイン]
[ADMIN] 18:03:33.887291 シナリオ走行を開始しました [シナリオ名: ログイン]
[ADMIN] 18:03:33.887297 シナリオ走行を開始しました [シナリオ名: ログイン]
[ADMIN] 18:03:33.887307 シナリオ走行を開始しました [シナリオ名: ログイン]
[ADMIN] 18:03:33.887354 シナリオ走行を開始しました [シナリオ名: ログイン]
[ADMIN] 18:03:33.887448 シナリオ走行を開始しました [シナリオ名: ログイン]
[ADMIN] 18:03:33.887463 シナリオ走行を開始しました [シナリオ名: ログイン]
[ADMIN] 18:03:33.887477 シナリオ走行を開始しました [シナリオ名: ログイン]
[ADMIN] 18:03:33.887546 シナリオ走行を開始しました [シナリオ名: ログイン]
[ADMIN] 18:03:33.887575 シナリオ走行を開始しました [シナリオ名: ログイン]
[ADMIN] 18:03:33.887553 シナリオ走行を開始しました [シナリオ名: ログイン]
[ADMIN] 18:03:33.887576 シナリオ走行を開始しました [シナリオ名: ログイン]
[ADMIN] 18:03:33.887452 シナリオ走行を開始しました [シナリオ名: ログイン]
[ADMIN] 18:03:33.887455 シナリオ走行を開始しました [シナリオ名: ログイン]
[ADMIN] 18:03:33.887456 シナリオ走行を開始しました [シナリオ名: ログイン]
[ADMIN] 18:03:33.887457 シナリオ走行を開始しました [シナリオ名: ログイン]
[ADMIN] 18:03:33.887459 シナリオ走行を開始しました [シナリオ名: ログイン]
[ADMIN] 18:03:33.887460 シナリオ走行を開始しました [シナリオ名: ログイン]
[ADMIN] 18:03:33.887555 シナリオ走行を開始しました [シナリオ名: ログイン]
[ADMIN] 18:03:33.887557 シナリオ走行を開始しました [シナリオ名: ログイン]
[ADMIN] 18:03:33.887558 シナリオ走行を開始しました [シナリオ名: ログイン]
[ADMIN] 18:03:33.887559 シナリオ走行を開始しました [シナリオ名: ログイン]
[ADMIN] 18:03:33.887561 シナリオ走行を開始しました [シナリオ名: ログイン]
[ADMIN] 18:03:33.887562 シナリオ走行を開始しました [シナリオ名: ログイン]
[ADMIN] 18:03:33.887563 シナリオ走行を開始しました [シナリオ名: ログイン]
[ADMIN] 18:03:33.887565 シナリオ走行を開始しました [シナリオ名: ログイン]
[ADMIN] 18:03:33.887566 シナリオ走行を開始しました [シナリオ名: ログイン]
[ADMIN] 18:03:33.887568 シナリオ走行を開始しました [シナリオ名: ログイン]
[ADMIN] 18:03:33.887570 シナリオ走行を開始しました [シナリオ名: ログイン]
[ADMIN] 18:03:33.887572 シナリオ走行を開始しました [シナリオ名: ログイン]
[ADMIN] 18:03:33.887578 シナリオ走行を開始しました [シナリオ名: ログイン]
[ADMIN] 18:03:33.887576 シナリオ走行を開始しました [シナリオ名: ログイン]
[ADMIN] 18:03:33.887579 シナリオ走行を開始しました [シナリオ名: ログイン]
[ADMIN] 18:03:33.887450 シナリオ走行を開始しました [シナリオ名: ログイン]
[ADMIN] 18:03:33.887580 シナリオ走行を開始しました [シナリオ名: ログイン]
[ADMIN] 18:03:33.887581 シナリオ走行を開始しました [シナリオ名: ログイン]
[ADMIN] 18:03:33.887453 シナリオ走行を開始しました [シナリオ名: ログイン]
[ADMIN] 18:03:33.905256 シナリオ走行を終了しました [シナリオ名: 新規ユーザー登録]
[ADMIN] 18:03:33.911522 シナリオ走行を終了しました [シナリオ名: ログイン]
[ADMIN] 18:03:33.928050 シナリオ走行を終了しました [シナリオ名: 新規ユーザー登録]
[ADMIN] 18:03:33.939410 シナリオ走行を終了しました [シナリオ名: Banユーザログイン]
[ADMIN] 18:03:33.941600 シナリオ走行を終了しました [シナリオ名: 新規ユーザー登録]
[ADMIN] 18:03:33.956515 シナリオ走行を終了しました [シナリオ名: Banユーザログイン]
[ADMIN] 18:03:33.959941 シナリオ走行を終了しました [シナリオ名: ログイン]
[ADMIN] 18:03:33.959954 シナリオ走行を開始しました [シナリオ名: ログイン]
[ADMIN] 18:03:33.960006 シナリオ走行を開始しました [シナリオ名: ログイン]
[ADMIN] 18:03:33.960758 シナリオ走行を終了しました [シナリオ名: ログイン]
[ADMIN] 18:03:33.991345 シナリオ走行を終了しました [シナリオ名: Banユーザログイン]
[ADMIN] 18:03:34.004112 シナリオ走行を終了しました [シナリオ名: 新規ユーザー登録]
[ADMIN] 18:03:34.007349 シナリオ走行を終了しました [シナリオ名: ログイン]
[ADMIN] 18:03:34.014247 シナリオ走行を終了しました [シナリオ名: ログイン]
[ADMIN] 18:03:34.020211 シナリオ走行を終了しました [シナリオ名: 新規ユーザー登録]
[ADMIN] 18:03:34.032047 シナリオ走行を終了しました [シナリオ名: 新規ユーザー登録]
[ADMIN] 18:03:34.032094 シナリオ走行を開始しました [シナリオ名: 新規ユーザー登録]
[ADMIN] 18:03:34.032106 シナリオ走行を開始しました [シナリオ名: 新規ユーザー登録]
[ADMIN] 18:03:34.032140 シナリオ走行を開始しました [シナリオ名: 新規ユーザー登録]
[ADMIN] 18:03:34.032244 シナリオ走行を開始しました [シナリオ名: 新規ユーザー登録]
[ADMIN] 18:03:34.032257 シナリオ走行を開始しました [シナリオ名: 新規ユーザー登録]
[ADMIN] 18:03:34.032263 シナリオ走行を開始しました [シナリオ名: 新規ユーザー登録]
[ADMIN] 18:03:34.032344 シナリオ走行を開始しました [シナリオ名: 新規ユーザー登録]
[ADMIN] 18:03:34.032355 シナリオ走行を開始しました [シナリオ名: 新規ユーザー登録]
[ADMIN] 18:03:34.032365 シナリオ走行を開始しました [シナリオ名: 新規ユーザー登録]
[ADMIN] 18:03:34.032358 シナリオ走行を開始しました [シナリオ名: 新規ユーザー登録]
[ADMIN] 18:03:34.032441 シナリオ走行を開始しました [シナリオ名: 新規ユーザー登録]
[ADMIN] 18:03:34.032488 シナリオ走行を開始しました [シナリオ名: 新規ユーザー登録]
[ADMIN] 18:03:34.032258 シナリオ走行を開始しました [シナリオ名: 新規ユーザー登録]
[ADMIN] 18:03:34.032616 シナリオ走行を開始しました [シナリオ名: 新規ユーザー登録]
[ADMIN] 18:03:34.032726 シナリオ走行を開始しました [シナリオ名: 新規ユーザー登録]
[ADMIN] 18:03:34.032827 シナリオ走行を終了しました [シナリオ名: ログイン]
[ADMIN] 18:03:34.032876 シナリオ走行を開始しました [シナリオ名: 新規ユーザー登録]
[ADMIN] 18:03:34.032887 シナリオ走行を開始しました [シナリオ名: 新規ユーザー登録]
[ADMIN] 18:03:34.032992 シナリオ走行を開始しました [シナリオ名: 新規ユーザー登録]
[ADMIN] 18:03:34.033021 シナリオ走行を開始しました [シナリオ名: 新規ユーザー登録]
[ADMIN] 18:03:34.033125 シナリオ走行を開始しました [シナリオ名: 新規ユーザー登録]
[ADMIN] 18:03:34.033290 シナリオ走行を開始しました [シナリオ名: 新規ユーザー登録]
[ADMIN] 18:03:34.033382 シナリオ走行を開始しました [シナリオ名: 新規ユーザー登録]
[ADMIN] 18:03:34.033454 シナリオ走行を開始しました [シナリオ名: 新規ユーザー登録]
[ADMIN] 18:03:34.032849 シナリオ走行を開始しました [シナリオ名: 新規ユーザー登録]
[ADMIN] 18:03:34.033139 シナリオ走行を開始しました [シナリオ名: 新規ユーザー登録]
[ADMIN] 18:03:34.032859 シナリオ走行を開始しました [シナリオ名: 新規ユーザー登録]
[ADMIN] 18:03:34.032865 シナリオ走行を開始しました [シナリオ名: 新規ユーザー登録]
[ADMIN] 18:03:34.032874 シナリオ走行を開始しました [シナリオ名: 新規ユーザー登録]
[ADMIN] 18:03:34.033146 シナリオ走行を開始しました [シナリオ名: 新規ユーザー登録]
[ADMIN] 18:03:34.033153 シナリオ走行を開始しました [シナリオ名: 新規ユーザー登録]
[ADMIN] 18:03:34.033159 シナリオ走行を開始しました [シナリオ名: 新規ユーザー登録]
[ADMIN] 18:03:34.033168 シナリオ走行を開始しました [シナリオ名: 新規ユーザー登録]
[ADMIN] 18:03:34.032249 シナリオ走行を開始しました [シナリオ名: 新規ユーザー登録]
[ADMIN] 18:03:34.045456 シナリオ走行を終了しました [シナリオ名: 新規ユーザー登録]
[ADMIN] 18:03:34.050436 シナリオ走行を終了しました [シナリオ名: ログイン]
[ADMIN] 18:03:34.050450 シナリオ走行を開始しました [シナリオ名: ログイン]
[ADMIN] 18:03:34.050503 シナリオ走行を開始しました [シナリオ名: ログイン]
[ADMIN] 18:03:34.050513 シナリオ走行を開始しました [シナリオ名: ログイン]
[ADMIN] 18:03:34.050558 シナリオ走行を開始しました [シナリオ名: ログイン]
[ADMIN] 18:03:34.050569 シナリオ走行を開始しました [シナリオ名: ログイン]
[ADMIN] 18:03:34.060138 シナリオ走行を終了しました [シナリオ名: ログイン]
[ADMIN] 18:03:34.060146 シナリオ走行を開始しました [シナリオ名: ログイン]
[ADMIN] 18:03:34.065958 シナリオ走行を終了しました [シナリオ名: Banユーザログイン]
[ADMIN] 18:03:34.065977 シナリオ走行を開始しました [シナリオ名: Banユーザログイン]
[ADMIN] 18:03:34.065979 シナリオ走行を開始しました [シナリオ名: Banユーザログイン]
[ADMIN] 18:03:34.066004 シナリオ走行を開始しました [シナリオ名: Banユーザログイン]
[ADMIN] 18:03:34.066042 シナリオ走行を開始しました [シナリオ名: Banユーザログイン]
[ADMIN] 18:03:34.066087 シナリオ走行を開始しました [シナリオ名: Banユーザログイン]
[ADMIN] 18:03:34.066101 シナリオ走行を開始しました [シナリオ名: Banユーザログイン]
[ADMIN] 18:03:34.066089 シナリオ走行を開始しました [シナリオ名: Banユーザログイン]
[ADMIN] 18:03:34.066092 シナリオ走行を開始しました [シナリオ名: Banユーザログイン]
[ADMIN] 18:03:34.074660 シナリオ走行を終了しました [シナリオ名: 新規ユーザー登録]
[ADMIN] 18:03:34.075216 シナリオ走行を終了しました [シナリオ名: Banユーザログイン]
[ADMIN] 18:03:34.086589 シナリオ走行を終了しました [シナリオ名: Banユーザログイン]
[ADMIN] 18:03:34.086601 シナリオ走行を開始しました [シナリオ名: Banユーザログイン]
[ADMIN] 18:03:34.086635 シナリオ走行を開始しました [シナリオ名: Banユーザログイン]
[ADMIN] 18:03:34.109394 シナリオ走行を終了しました [シナリオ名: ログイン]
[ADMIN] 18:03:34.111474 シナリオ走行を終了しました [シナリオ名: ログイン]
[ADMIN] 18:03:34.111484 シナリオ走行を開始しました [シナリオ名: ログイン]
[ADMIN] 18:03:34.111539 シナリオ走行を開始しました [シナリオ名: ログイン]
[ADMIN] 18:03:34.116950 シナリオ走行を終了しました [シナリオ名: Banユーザログイン]
[ADMIN] 18:03:34.116964 シナリオ走行を開始しました [シナリオ名: Banユーザログイン]
[ADMIN] 18:03:34.126959 シナリオ走行を終了しました [シナリオ名: 新規ユーザー登録]
[ADMIN] 18:03:34.128280 シナリオ走行を終了しました [シナリオ名: 新規ユーザー登録]
[ADMIN] 18:03:34.136740 シナリオ走行を終了しました [シナリオ名: ログイン]
[ADMIN] 18:03:34.143774 シナリオ走行を終了しました [シナリオ名: ログイン]
[ADMIN] 18:03:34.143786 シナリオ走行を開始しました [シナリオ名: ログイン]
[ADMIN] 18:03:34.143842 シナリオ走行を開始しました [シナリオ名: ログイン]
[ADMIN] 18:03:34.144889 シナリオ走行を終了しました [シナリオ名: ログイン]
[ADMIN] 18:03:34.144898 シナリオ走行を開始しました [シナリオ名: ログイン]
[ADMIN] 18:03:34.145491 シナリオ走行を終了しました [シナリオ名: ログイン]
[ADMIN] 18:03:34.145497 シナリオ走行を開始しました [シナリオ名: ログイン]
[ADMIN] 18:03:34.146373 シナリオ走行を終了しました [シナリオ名: ログイン]
[ADMIN] 18:03:34.146380 シナリオ走行を開始しました [シナリオ名: ログイン]
[ADMIN] 18:03:34.149223 シナリオ走行を終了しました [シナリオ名: ログイン]
[ADMIN] 18:03:34.149231 シナリオ走行を開始しました [シナリオ名: ログイン]
[ADMIN] 18:03:34.204330 シナリオ走行を終了しました [シナリオ名: 新規ユーザー登録]
[ADMIN] 18:03:34.204358 シナリオ走行を開始しました [シナリオ名: 新規ユーザー登録]
[ADMIN] 18:03:34.204390 シナリオ走行を開始しました [シナリオ名: 新規ユーザー登録]
[ADMIN] 18:03:34.204393 シナリオ走行を開始しました [シナリオ名: 新規ユーザー登録]
[ADMIN] 18:03:34.204473 シナリオ走行を開始しました [シナリオ名: 新規ユーザー登録]
[ADMIN] 18:03:34.204526 シナリオ走行を開始しました [シナリオ名: 新規ユーザー登録]
[ADMIN] 18:03:34.204569 シナリオ走行を終了しました [シナリオ名: 新規ユーザー登録]
[ADMIN] 18:03:34.204583 シナリオ走行を開始しました [シナリオ名: 新規ユーザー登録]
[ADMIN] 18:03:34.208896 シナリオ走行を終了しました [シナリオ名: ログイン]
[ADMIN] 18:03:34.208911 シナリオ走行を開始しました [シナリオ名: ログイン]
[ADMIN] 18:03:34.224821 シナリオ走行を終了しました [シナリオ名: ログイン]
[ADMIN] 18:03:34.224833 シナリオ走行を開始しました [シナリオ名: ログイン]
[ADMIN] 18:03:34.225535 シナリオ走行を終了しました [シナリオ名: ログイン]
[ADMIN] 18:03:34.225548 シナリオ走行を開始しました [シナリオ名: ログイン]
[ADMIN] 18:03:34.225640 シナリオ走行を終了しました [シナリオ名: ログイン]
[ADMIN] 18:03:34.225654 シナリオ走行を開始しました [シナリオ名: ログイン]
[ADMIN] 18:03:34.247998 シナリオ走行を終了しました [シナリオ名: ログイン]
[ADMIN] 18:03:34.248017 シナリオ走行を開始しました [シナリオ名: ログイン]
[ADMIN] 18:03:34.269619 シナリオ走行を終了しました [シナリオ名: ログイン]
[ADMIN] 18:03:34.269632 シナリオ走行を開始しました [シナリオ名: ログイン]
[ADMIN] 18:03:34.269836 シナリオ走行を終了しました [シナリオ名: 新規ユーザー登録]
[ADMIN] 18:03:34.269860 シナリオ走行を開始しました [シナリオ名: 新規ユーザー登録]
[ADMIN] 18:03:34.345082 シナリオ走行を終了しました [シナリオ名: 新規ユーザー登録]
[ADMIN] 18:03:34.359508 シナリオ走行を終了しました [シナリオ名: 新規ユーザー登録]
[ADMIN] 18:03:34.369311 シナリオ走行を終了しました [シナリオ名: Banユーザログイン]
[ADMIN] 18:03:34.369328 シナリオ走行を開始しました [シナリオ名: Banユーザログイン]
[ADMIN] 18:03:34.402397 シナリオ走行を終了しました [シナリオ名: 新規ユーザー登録]
[ADMIN] 18:03:34.402421 シナリオ走行を開始しました [シナリオ名: 新規ユーザー登録]
[ADMIN] 18:03:34.402473 シナリオ走行を開始しました [シナリオ名: 新規ユーザー登録]
[ADMIN] 18:03:34.402491 シナリオ走行を開始しました [シナリオ名: 新規ユーザー登録]
[ADMIN] 18:03:34.412883 シナリオ走行を終了しました [シナリオ名: 新規ユーザー登録]
[ADMIN] 18:03:34.412904 シナリオ走行を開始しました [シナリオ名: 新規ユーザー登録]
[ADMIN] 18:03:34.416347 シナリオ走行を終了しました [シナリオ名: 新規ユーザー登録]
[ADMIN] 18:03:34.416363 シナリオ走行を開始しました [シナリオ名: 新規ユーザー登録]
[ADMIN] 18:03:34.417038 シナリオ走行を終了しました [シナリオ名: 新規ユーザー登録]
[ADMIN] 18:03:34.417055 シナリオ走行を開始しました [シナリオ名: 新規ユーザー登録]
[ADMIN] 18:03:34.427176 シナリオ走行を終了しました [シナリオ名: 新規ユーザー登録]
[ADMIN] 18:03:34.427194 シナリオ走行を開始しました [シナリオ名: 新規ユーザー登録]
[ADMIN] 18:03:34.431978 シナリオ走行を終了しました [シナリオ名: 新規ユーザー登録]
[ADMIN] 18:03:34.431993 シナリオ走行を開始しました [シナリオ名: 新規ユーザー登録]
[ADMIN] 18:03:34.451525 シナリオ走行を終了しました [シナリオ名: 新規ユーザー登録]
[ADMIN] 18:03:34.451543 シナリオ走行を開始しました [シナリオ名: 新規ユーザー登録]
[ADMIN] 18:03:34.454234 シナリオ走行を終了しました [シナリオ名: 新規ユーザー登録]
[ADMIN] 18:03:34.454261 シナリオ走行を開始しました [シナリオ名: 新規ユーザー登録]
[ADMIN] 18:03:34.470886 シナリオ走行を終了しました [シナリオ名: 新規ユーザー登録]
[ADMIN] 18:03:34.470902 シナリオ走行を開始しました [シナリオ名: 新規ユーザー登録]
[ADMIN] 18:03:34.568856 シナリオ走行を終了しました [シナリオ名: 新規ユーザー登録]
[ADMIN] 18:03:34.568883 シナリオ走行を開始しました [シナリオ名: 新規ユーザー登録]
[ADMIN] 18:03:34.568918 シナリオ走行を終了しました [シナリオ名: 新規ユーザー登録]
[ADMIN] 18:03:34.568942 シナリオ走行を開始しました [シナリオ名: 新規ユーザー登録]
[ADMIN] 18:03:34.585890 シナリオ走行を終了しました [シナリオ名: 新規ユーザー登録]
[ADMIN] 18:03:34.600197 シナリオ走行を終了しました [シナリオ名: 新規ユーザー登録]
[ADMIN] 18:03:34.600218 シナリオ走行を開始しました [シナリオ名: 新規ユーザー登録]
[ADMIN] 18:03:34.600272 シナリオ走行を開始しました [シナリオ名: 新規ユーザー登録]
[ADMIN] 18:03:34.693290 シナリオ走行を終了しました [シナリオ名: 新規ユーザー登録]
[ADMIN] 18:03:34.693312 シナリオ走行を開始しました [シナリオ名: 新規ユーザー登録]
[ADMIN] 18:03:34.702467 シナリオ走行を終了しました [シナリオ名: 新規ユーザー登録]
[ADMIN] 18:03:34.944730 シナリオ走行を終了しました [シナリオ名: Banユーザログイン]
[ADMIN] 18:03:34.944754 シナリオ走行を開始しました [シナリオ名: Banユーザログイン]
[ADMIN] 18:03:34.976724 シナリオ走行を終了しました [シナリオ名: Banユーザログイン]
[ADMIN] 18:03:34.976748 シナリオ走行を開始しました [シナリオ名: Banユーザログイン]
[ADMIN] 18:03:34.988907 シナリオ走行を終了しました [シナリオ名: Banユーザログイン]
[ADMIN] 18:03:34.988920 シナリオ走行を終了しました [シナリオ名: Banユーザログイン]
[ADMIN] 18:03:34.988926 シナリオ走行を開始しました [シナリオ名: Banユーザログイン]
[ADMIN] 18:03:34.988931 シナリオ走行を開始しました [シナリオ名: Banユーザログイン]
[ADMIN] 18:03:34.993308 シナリオ走行を終了しました [シナリオ名: ログイン]
[ADMIN] 18:03:34.993321 シナリオ走行を開始しました [シナリオ名: ログイン]
[ADMIN] 18:03:35.043902 シナリオ走行を終了しました [シナリオ名: ログイン]
[ADMIN] 18:03:35.043919 シナリオ走行を開始しました [シナリオ名: ログイン]
[ADMIN] 18:03:35.069864 シナリオ走行を終了しました [シナリオ名: Banユーザログイン]
[ADMIN] 18:03:35.069900 シナリオ走行を開始しました [シナリオ名: Banユーザログイン]
[ADMIN] 18:03:35.071710 シナリオ走行を終了しました [シナリオ名: ログイン]
[ADMIN] 18:03:35.071813 シナリオ走行を開始しました [シナリオ名: ログイン]
[ADMIN] 18:03:35.074270 シナリオ走行を終了しました [シナリオ名: ログイン]
[ADMIN] 18:03:35.074292 シナリオ走行を開始しました [シナリオ名: ログイン]
[ADMIN] 18:03:35.076110 シナリオ走行を終了しました [シナリオ名: Banユーザログイン]
[ADMIN] 18:03:35.076134 シナリオ走行を開始しました [シナリオ名: Banユーザログイン]
[ADMIN] 18:03:35.098907 シナリオ走行を終了しました [シナリオ名: Banユーザログイン]
[ADMIN] 18:03:35.098932 シナリオ走行を開始しました [シナリオ名: Banユーザログイン]
[ADMIN] 18:03:35.106212 シナリオ走行を終了しました [シナリオ名: Banユーザログイン]
[ADMIN] 18:03:35.106239 シナリオ走行を開始しました [シナリオ名: Banユーザログイン]
[ADMIN] 18:03:35.118077 シナリオ走行を終了しました [シナリオ名: Banユーザログイン]
[ADMIN] 18:03:35.118104 シナリオ走行を開始しました [シナリオ名: Banユーザログイン]
[ADMIN] 18:03:35.174980 シナリオ走行を終了しました [シナリオ名: ログイン]
[ADMIN] 18:03:35.175001 シナリオ走行を開始しました [シナリオ名: ログイン]
[ADMIN] 18:03:35.232301 シナリオ走行を終了しました [シナリオ名: ログイン]
[ADMIN] 18:03:35.232316 シナリオ走行を開始しました [シナリオ名: ログイン]
[ADMIN] 18:03:35.258414 シナリオ走行を終了しました [シナリオ名: ログイン]
[ADMIN] 18:03:35.258428 シナリオ走行を開始しました [シナリオ名: ログイン]
[ADMIN] 18:03:35.286084 シナリオ走行を終了しました [シナリオ名: ログイン]
[ADMIN] 18:03:35.286098 シナリオ走行を開始しました [シナリオ名: ログイン]
[ADMIN] 18:03:35.287858 シナリオ走行を終了しました [シナリオ名: ログイン]
[ADMIN] 18:03:35.287870 シナリオ走行を開始しました [シナリオ名: ログイン]
[ADMIN] 18:03:35.334846 シナリオ走行を終了しました [シナリオ名: ログイン]
[ADMIN] 18:03:35.334862 シナリオ走行を開始しました [シナリオ名: ログイン]
[ADMIN] 18:03:35.353804 シナリオ走行を終了しました [シナリオ名: ログイン]
[ADMIN] 18:03:35.353817 シナリオ走行を開始しました [シナリオ名: ログイン]
[ADMIN] 18:03:35.355531 シナリオ走行を終了しました [シナリオ名: ログイン]
[ADMIN] 18:03:35.355542 シナリオ走行を開始しました [シナリオ名: ログイン]
[ADMIN] 18:03:35.364834 シナリオ走行を終了しました [シナリオ名: ログイン]
[ADMIN] 18:03:35.364850 シナリオ走行を開始しました [シナリオ名: ログイン]
[ADMIN] 18:03:35.367816 シナリオ走行を終了しました [シナリオ名: ログイン]
[ADMIN] 18:03:35.367827 シナリオ走行を開始しました [シナリオ名: ログイン]
[ADMIN] 18:03:35.384260 シナリオ走行を終了しました [シナリオ名: ログイン]
[ADMIN] 18:03:35.384274 シナリオ走行を開始しました [シナリオ名: ログイン]
[ADMIN] 18:03:35.388671 シナリオ走行を終了しました [シナリオ名: ログイン]
[ADMIN] 18:03:35.388687 シナリオ走行を開始しました [シナリオ名: ログイン]
[ADMIN] 18:03:35.396066 シナリオ走行を終了しました [シナリオ名: 新規ユーザー登録]
[ADMIN] 18:03:35.396096 シナリオ走行を開始しました [シナリオ名: 新規ユーザー登録]
[ADMIN] 18:03:35.396155 シナリオ走行を開始しました [シナリオ名: 新規ユーザー登録]
[ADMIN] 18:03:35.406403 シナリオ走行を終了しました [シナリオ名: 新規ユーザー登録]
[ADMIN] 18:03:35.406431 シナリオ走行を開始しました [シナリオ名: 新規ユーザー登録]
[ADMIN] 18:03:35.426650 シナリオ走行を終了しました [シナリオ名: ログイン]
[ADMIN] 18:03:35.426666 シナリオ走行を開始しました [シナリオ名: ログイン]
[ADMIN] 18:03:35.429922 シナリオ走行を終了しました [シナリオ名: 新規ユーザー登録]
[ADMIN] 18:03:35.429948 シナリオ走行を開始しました [シナリオ名: 新規ユーザー登録]
[ADMIN] 18:03:35.445669 シナリオ走行を終了しました [シナリオ名: ログイン]
[ADMIN] 18:03:35.445683 シナリオ走行を開始しました [シナリオ名: ログイン]
[ADMIN] 18:03:35.450466 シナリオ走行を終了しました [シナリオ名: ログイン]
[ADMIN] 18:03:35.450478 シナリオ走行を開始しました [シナリオ名: ログイン]
[ADMIN] 18:03:35.454537 シナリオ走行を終了しました [シナリオ名: 新規ユーザー登録]
[ADMIN] 18:03:35.454561 シナリオ走行を開始しました [シナリオ名: 新規ユーザー登録]
[ADMIN] 18:03:35.456431 シナリオ走行を終了しました [シナリオ名: ログイン]
[ADMIN] 18:03:35.456440 シナリオ走行を開始しました [シナリオ名: ログイン]
[ADMIN] 18:03:35.463833 シナリオ走行を終了しました [シナリオ名: ログイン]
[ADMIN] 18:03:35.463846 シナリオ走行を開始しました [シナリオ名: ログイン]
[ADMIN] 18:03:35.470201 シナリオ走行を終了しました [シナリオ名: ログイン]
[ADMIN] 18:03:35.470215 シナリオ走行を開始しました [シナリオ名: ログイン]
[ADMIN] 18:03:35.496109 シナリオ走行を終了しました [シナリオ名: 新規ユーザー登録]
[ADMIN] 18:03:35.496141 シナリオ走行を開始しました [シナリオ名: 新規ユーザー登録]
[ADMIN] 18:03:35.528592 シナリオ走行を終了しました [シナリオ名: Banユーザログイン]
[ADMIN] 18:03:35.528618 シナリオ走行を開始しました [シナリオ名: Banユーザログイン]
[ADMIN] 18:03:35.528662 シナリオ走行を終了しました [シナリオ名: ログイン]
[ADMIN] 18:03:35.528671 シナリオ走行を開始しました [シナリオ名: ログイン]
[ADMIN] 18:03:35.540052 シナリオ走行を終了しました [シナリオ名: 新規ユーザー登録]
[ADMIN] 18:03:35.540074 シナリオ走行を開始しました [シナリオ名: 新規ユーザー登録]
[ADMIN] 18:03:35.543472 シナリオ走行を終了しました [シナリオ名: ログイン]
[ADMIN] 18:03:35.543486 シナリオ走行を開始しました [シナリオ名: ログイン]
[ADMIN] 18:03:35.544638 シナリオ走行を終了しました [シナリオ名: 新規ユーザー登録]
[ADMIN] 18:03:35.544671 シナリオ走行を開始しました [シナリオ名: 新規ユーザー登録]
[ADMIN] 18:03:35.546356 シナリオ走行を終了しました [シナリオ名: 新規ユーザー登録]
[ADMIN] 18:03:35.546376 シナリオ走行を開始しました [シナリオ名: 新規ユーザー登録]
[ADMIN] 18:03:35.551099 シナリオ走行を終了しました [シナリオ名: ログイン]
[ADMIN] 18:03:35.551115 シナリオ走行を開始しました [シナリオ名: ログイン]
[ADMIN] 18:03:35.556068 シナリオ走行を終了しました [シナリオ名: 新規ユーザー登録]
[ADMIN] 18:03:35.556094 シナリオ走行を開始しました [シナリオ名: 新規ユーザー登録]
[ADMIN] 18:03:35.564076 シナリオ走行を終了しました [シナリオ名: Banユーザログイン]
[ADMIN] 18:03:35.564097 シナリオ走行を開始しました [シナリオ名: Banユーザログイン]
[ADMIN] 18:03:35.566451 シナリオ走行を終了しました [シナリオ名: 新規ユーザー登録]
[ADMIN] 18:03:35.566470 シナリオ走行を開始しました [シナリオ名: 新規ユーザー登録]
[ADMIN] 18:03:35.572435 シナリオ走行を終了しました [シナリオ名: ログイン]
[ADMIN] 18:03:35.572453 シナリオ走行を開始しました [シナリオ名: ログイン]
[ADMIN] 18:03:35.584782 シナリオ走行を終了しました [シナリオ名: ログイン]
[ADMIN] 18:03:35.584797 シナリオ走行を開始しました [シナリオ名: ログイン]
[ADMIN] 18:03:35.586512 シナリオ走行を終了しました [シナリオ名: 新規ユーザー登録]
[ADMIN] 18:03:35.586534 シナリオ走行を開始しました [シナリオ名: 新規ユーザー登録]
[ADMIN] 18:03:35.590547 シナリオ走行を終了しました [シナリオ名: 新規ユーザー登録]
[ADMIN] 18:03:35.590568 シナリオ走行を開始しました [シナリオ名: 新規ユーザー登録]
[ADMIN] 18:03:35.596611 シナリオ走行を終了しました [シナリオ名: ログイン]
[ADMIN] 18:03:35.596625 シナリオ走行を開始しました [シナリオ名: ログイン]
[ADMIN] 18:03:35.598200 シナリオ走行を終了しました [シナリオ名: 新規ユーザー登録]
[ADMIN] 18:03:35.598231 シナリオ走行を開始しました [シナリオ名: 新規ユーザー登録]
[ADMIN] 18:03:35.598847 シナリオ走行を終了しました [シナリオ名: 新規ユーザー登録]
[ADMIN] 18:03:35.598871 シナリオ走行を開始しました [シナリオ名: 新規ユーザー登録]
[ADMIN] 18:03:35.613950 シナリオ走行を終了しました [シナリオ名: ログイン]
[ADMIN] 18:03:35.613965 シナリオ走行を開始しました [シナリオ名: ログイン]
[ADMIN] 18:03:35.614593 シナリオ走行を終了しました [シナリオ名: ログイン]
[ADMIN] 18:03:35.614604 シナリオ走行を開始しました [シナリオ名: ログイン]
[ADMIN] 18:03:35.627310 シナリオ走行を終了しました [シナリオ名: 新規ユーザー登録]
[ADMIN] 18:03:35.627332 シナリオ走行を開始しました [シナリオ名: 新規ユーザー登録]
[ADMIN] 18:03:35.630271 シナリオ走行を終了しました [シナリオ名: ログイン]
[ADMIN] 18:03:35.630282 シナリオ走行を開始しました [シナリオ名: ログイン]
[ADMIN] 18:03:35.632677 シナリオ走行を終了しました [シナリオ名: Banユーザログイン]
[ADMIN] 18:03:35.632690 シナリオ走行を開始しました [シナリオ名: Banユーザログイン]
[ADMIN] 18:03:35.632762 シナリオ走行を終了しました [シナリオ名: ログイン]
[ADMIN] 18:03:35.632773 シナリオ走行を開始しました [シナリオ名: ログイン]
[ADMIN] 18:03:35.643658 シナリオ走行を終了しました [シナリオ名: ログイン]
[ADMIN] 18:03:35.643671 シナリオ走行を開始しました [シナリオ名: ログイン]
[ADMIN] 18:03:35.646714 シナリオ走行を終了しました [シナリオ名: 新規ユーザー登録]
[ADMIN] 18:03:35.646732 シナリオ走行を開始しました [シナリオ名: 新規ユーザー登録]
[ADMIN] 18:03:35.654588 シナリオ走行を終了しました [シナリオ名: ログイン]
[ADMIN] 18:03:35.654598 シナリオ走行を開始しました [シナリオ名: ログイン]
[ADMIN] 18:03:35.657099 シナリオ走行を終了しました [シナリオ名: ログイン]
[ADMIN] 18:03:35.657108 シナリオ走行を開始しました [シナリオ名: ログイン]
[ADMIN] 18:03:35.658815 シナリオ走行を終了しました [シナリオ名: 新規ユーザー登録]
[ADMIN] 18:03:35.658833 シナリオ走行を開始しました [シナリオ名: 新規ユーザー登録]
[ADMIN] 18:03:35.660916 シナリオ走行を終了しました [シナリオ名: 新規ユーザー登録]
[ADMIN] 18:03:35.660935 シナリオ走行を開始しました [シナリオ名: 新規ユーザー登録]
[ADMIN] 18:03:35.673640 シナリオ走行を終了しました [シナリオ名: ログイン]
[ADMIN] 18:03:35.673653 シナリオ走行を開始しました [シナリオ名: ログイン]
[ADMIN] 18:03:35.690108 シナリオ走行を終了しました [シナリオ名: ログイン]
[ADMIN] 18:03:35.690123 シナリオ走行を開始しました [シナリオ名: ログイン]
[ADMIN] 18:03:35.695447 シナリオ走行を終了しました [シナリオ名: ログイン]
[ADMIN] 18:03:35.695459 シナリオ走行を開始しました [シナリオ名: ログイン]
[ADMIN] 18:03:35.699250 シナリオ走行を終了しました [シナリオ名: ログイン]
[ADMIN] 18:03:35.699259 シナリオ走行を開始しました [シナリオ名: ログイン]
[ADMIN] 18:03:35.719802 シナリオ走行を終了しました [シナリオ名: 新規ユーザー登録]
[ADMIN] 18:03:35.719831 シナリオ走行を開始しました [シナリオ名: 新規ユーザー登録]
[ADMIN] 18:03:35.720248 シナリオ走行を終了しました [シナリオ名: ログイン]
[ADMIN] 18:03:35.720257 シナリオ走行を開始しました [シナリオ名: ログイン]
[ADMIN] 18:03:35.726895 シナリオ走行を終了しました [シナリオ名: ログイン]
[ADMIN] 18:03:35.726907 シナリオ走行を開始しました [シナリオ名: ログイン]
[ADMIN] 18:03:35.728780 シナリオ走行を終了しました [シナリオ名: ログイン]
[ADMIN] 18:03:35.728791 シナリオ走行を開始しました [シナリオ名: ログイン]
[ADMIN] 18:03:35.730829 シナリオ走行を終了しました [シナリオ名: ログイン]
[ADMIN] 18:03:35.730838 シナリオ走行を開始しました [シナリオ名: ログイン]
[ADMIN] 18:03:35.731113 シナリオ走行を終了しました [シナリオ名: 新規ユーザー登録]
[ADMIN] 18:03:35.731130 シナリオ走行を開始しました [シナリオ名: 新規ユーザー登録]
[ADMIN] 18:03:35.731825 シナリオ走行を終了しました [シナリオ名: ログイン]
[ADMIN] 18:03:35.731834 シナリオ走行を開始しました [シナリオ名: ログイン]
[ADMIN] 18:03:35.735904 シナリオ走行を終了しました [シナリオ名: 新規ユーザー登録]
[ADMIN] 18:03:35.735925 シナリオ走行を開始しました [シナリオ名: 新規ユーザー登録]
[ADMIN] 18:03:35.737887 シナリオ走行を終了しました [シナリオ名: 新規ユーザー登録]
[ADMIN] 18:03:35.737902 シナリオ走行を開始しました [シナリオ名: 新規ユーザー登録]
[ADMIN] 18:03:35.740519 シナリオ走行を終了しました [シナリオ名: 新規ユーザー登録]
[ADMIN] 18:03:35.740536 シナリオ走行を開始しました [シナリオ名: 新規ユーザー登録]
[ADMIN] 18:03:35.745820 シナリオ走行を終了しました [シナリオ名: 新規ユーザー登録]
[ADMIN] 18:03:35.745841 シナリオ走行を開始しました [シナリオ名: 新規ユーザー登録]
[ADMIN] 18:03:35.759886 シナリオ走行を終了しました [シナリオ名: ログイン]
[ADMIN] 18:03:35.759899 シナリオ走行を開始しました [シナリオ名: ログイン]
[ADMIN] 18:03:35.760989 シナリオ走行を終了しました [シナリオ名: 新規ユーザー登録]
[ADMIN] 18:03:35.761012 シナリオ走行を開始しました [シナリオ名: 新規ユーザー登録]
[ADMIN] 18:03:35.765087 シナリオ走行を終了しました [シナリオ名: 新規ユーザー登録]
[ADMIN] 18:03:35.765110 シナリオ走行を開始しました [シナリオ名: 新規ユーザー登録]
[ADMIN] 18:03:35.770557 シナリオ走行を終了しました [シナリオ名: 新規ユーザー登録]
[ADMIN] 18:03:35.770573 シナリオ走行を開始しました [シナリオ名: 新規ユーザー登録]
[ADMIN] 18:03:35.780289 シナリオ走行を終了しました [シナリオ名: ログイン]
[ADMIN] 18:03:35.780299 シナリオ走行を開始しました [シナリオ名: ログイン]
[ADMIN] 18:03:35.781523 シナリオ走行を終了しました [シナリオ名: ログイン]
[ADMIN] 18:03:35.781530 シナリオ走行を開始しました [シナリオ名: ログイン]
[ADMIN] 18:03:35.782394 シナリオ走行を終了しました [シナリオ名: 新規ユーザー登録]
[ADMIN] 18:03:35.782408 シナリオ走行を開始しました [シナリオ名: 新規ユーザー登録]
[ADMIN] 18:03:35.785940 シナリオ走行を終了しました [シナリオ名: 新規ユーザー登録]
[ADMIN] 18:03:35.785956 シナリオ走行を開始しました [シナリオ名: 新規ユーザー登録]
[ADMIN] 18:03:35.802638 シナリオ走行を終了しました [シナリオ名: ログイン]
[ADMIN] 18:03:35.802650 シナリオ走行を開始しました [シナリオ名: ログイン]
[ADMIN] 18:03:35.807739 シナリオ走行を終了しました [シナリオ名: 新規ユーザー登録]
[ADMIN] 18:03:35.807758 シナリオ走行を開始しました [シナリオ名: 新規ユーザー登録]
[ADMIN] 18:03:35.810907 シナリオ走行を終了しました [シナリオ名: ログイン]
[ADMIN] 18:03:35.810921 シナリオ走行を開始しました [シナリオ名: ログイン]
[ADMIN] 18:03:35.819314 シナリオ走行を終了しました [シナリオ名: ログイン]
[ADMIN] 18:03:35.819326 シナリオ走行を開始しました [シナリオ名: ログイン]
[ADMIN] 18:03:35.820111 シナリオ走行を終了しました [シナリオ名: 新規ユーザー登録]
[ADMIN] 18:03:35.820135 シナリオ走行を開始しました [シナリオ名: 新規ユーザー登録]
[ADMIN] 18:03:35.821740 シナリオ走行を終了しました [シナリオ名: ログイン]
[ADMIN] 18:03:35.821747 シナリオ走行を開始しました [シナリオ名: ログイン]
[ADMIN] 18:03:35.841062 シナリオ走行を終了しました [シナリオ名: 新規ユーザー登録]
[ADMIN] 18:03:35.841085 シナリオ走行を開始しました [シナリオ名: 新規ユーザー登録]
[ADMIN] 18:03:35.847042 シナリオ走行を終了しました [シナリオ名: 新規ユーザー登録]
[ADMIN] 18:03:35.847060 シナリオ走行を開始しました [シナリオ名: 新規ユーザー登録]
[ADMIN] 18:03:35.855006 シナリオ走行を終了しました [シナリオ名: 新規ユーザー登録]
[ADMIN] 18:03:35.855025 シナリオ走行を開始しました [シナリオ名: 新規ユーザー登録]
[ADMIN] 18:03:35.862915 シナリオ走行を終了しました [シナリオ名: 新規ユーザー登録]
[ADMIN] 18:03:35.862935 シナリオ走行を開始しました [シナリオ名: 新規ユーザー登録]
[ADMIN] 18:03:35.868178 シナリオ走行を終了しました [シナリオ名: ログイン]
[ADMIN] 18:03:35.868189 シナリオ走行を開始しました [シナリオ名: ログイン]
[ADMIN] 18:03:35.873539 シナリオ走行を終了しました [シナリオ名: 新規ユーザー登録]
[ADMIN] 18:03:35.873557 シナリオ走行を開始しました [シナリオ名: 新規ユーザー登録]
[ADMIN] 18:03:35.881362 シナリオ走行を終了しました [シナリオ名: ログイン]
[ADMIN] 18:03:35.881373 シナリオ走行を開始しました [シナリオ名: ログイン]
[ADMIN] 18:03:35.899987 シナリオ走行を終了しました [シナリオ名: 新規ユーザー登録]
[ADMIN] 18:03:35.900014 シナリオ走行を開始しました [シナリオ名: 新規ユーザー登録]
[ADMIN] 18:03:35.910971 シナリオ走行を終了しました [シナリオ名: 新規ユーザー登録]
[ADMIN] 18:03:35.910998 シナリオ走行を開始しました [シナリオ名: 新規ユーザー登録]
[ADMIN] 18:03:35.925110 シナリオ走行を終了しました [シナリオ名: 新規ユーザー登録]
[ADMIN] 18:03:35.925131 シナリオ走行を開始しました [シナリオ名: 新規ユーザー登録]
[ADMIN] 18:03:35.937415 シナリオ走行を終了しました [シナリオ名: 新規ユーザー登録]
[ADMIN] 18:03:35.937443 シナリオ走行を開始しました [シナリオ名: 新規ユーザー登録]
[ADMIN] 18:03:35.951654 シナリオ走行を終了しました [シナリオ名: 新規ユーザー登録]
[ADMIN] 18:03:35.951671 シナリオ走行を開始しました [シナリオ名: 新規ユーザー登録]
[ADMIN] 18:03:35.958401 シナリオ走行を終了しました [シナリオ名: 新規ユーザー登録]
[ADMIN] 18:03:35.958419 シナリオ走行を開始しました [シナリオ名: 新規ユーザー登録]
[ADMIN] 18:03:35.959601 シナリオ走行を終了しました [シナリオ名: 新規ユーザー登録]
[ADMIN] 18:03:35.959615 シナリオ走行を開始しました [シナリオ名: 新規ユーザー登録]
[ADMIN] 18:03:35.961736 シナリオ走行を終了しました [シナリオ名: ログイン]
[ADMIN] 18:03:35.961745 シナリオ走行を開始しました [シナリオ名: ログイン]
[ADMIN] 18:03:35.964749 シナリオ走行を終了しました [シナリオ名: Banユーザログイン]
[ADMIN] 18:03:35.964762 シナリオ走行を開始しました [シナリオ名: Banユーザログイン]
[ADMIN] 18:03:35.972499 シナリオ走行を終了しました [シナリオ名: Banユーザログイン]
[ADMIN] 18:03:35.972509 シナリオ走行を開始しました [シナリオ名: Banユーザログイン]
[ADMIN] 18:03:36.000704 シナリオ走行を終了しました [シナリオ名: 新規ユーザー登録]
[ADMIN] 18:03:36.000724 シナリオ走行を開始しました [シナリオ名: 新規ユーザー登録]
[ADMIN] 18:03:36.014453 シナリオ走行を終了しました [シナリオ名: Banユーザログイン]
[ADMIN] 18:03:36.014470 シナリオ走行を開始しました [シナリオ名: Banユーザログイン]
[ADMIN] 18:03:36.028207 シナリオ走行を終了しました [シナリオ名: ログイン]
[ADMIN] 18:03:36.028221 シナリオ走行を開始しました [シナリオ名: ログイン]
[ADMIN] 18:03:36.031119 シナリオ走行を終了しました [シナリオ名: 新規ユーザー登録]
[ADMIN] 18:03:36.031141 シナリオ走行を開始しました [シナリオ名: 新規ユーザー登録]
[ADMIN] 18:03:36.032535 シナリオ走行を終了しました [シナリオ名: 新規ユーザー登録]
[ADMIN] 18:03:36.032551 シナリオ走行を開始しました [シナリオ名: 新規ユーザー登録]
[ADMIN] 18:03:36.060266 シナリオ走行を終了しました [シナリオ名: 新規ユーザー登録]
[ADMIN] 18:03:36.060294 シナリオ走行を開始しました [シナリオ名: 新規ユーザー登録]
[ADMIN] 18:03:36.061027 シナリオ走行を終了しました [シナリオ名: 新規ユーザー登録]
[ADMIN] 18:03:36.061044 シナリオ走行を開始しました [シナリオ名: 新規ユーザー登録]
[ADMIN] 18:03:36.063126 シナリオ走行を終了しました [シナリオ名: Banユーザログイン]
[ADMIN] 18:03:36.063134 シナリオ走行を開始しました [シナリオ名: Banユーザログイン]
[ADMIN] 18:03:36.065572 シナリオ走行を終了しました [シナリオ名: Banユーザログイン]
[ADMIN] 18:03:36.065587 シナリオ走行を開始しました [シナリオ名: Banユーザログイン]
[ADMIN] 18:03:36.087429 シナリオ走行を終了しました [シナリオ名: 新規ユーザー登録]
[ADMIN] 18:03:36.087447 シナリオ走行を開始しました [シナリオ名: 新規ユーザー登録]
[ADMIN] 18:03:36.101196 シナリオ走行を終了しました [シナリオ名: 新規ユーザー登録]
[ADMIN] 18:03:36.101213 シナリオ走行を開始しました [シナリオ名: 新規ユーザー登録]
[ADMIN] 18:03:36.107452 シナリオ走行を終了しました [シナリオ名: Banユーザログイン]
[ADMIN] 18:03:36.107470 シナリオ走行を開始しました [シナリオ名: Banユーザログイン]
[ADMIN] 18:03:36.116118 シナリオ走行を終了しました [シナリオ名: ログイン]
[ADMIN] 18:03:36.116128 シナリオ走行を開始しました [シナリオ名: ログイン]
[ADMIN] 18:03:36.129417 シナリオ走行を終了しました [シナリオ名: Banユーザログイン]
[ADMIN] 18:03:36.129432 シナリオ走行を開始しました [シナリオ名: Banユーザログイン]
[ADMIN] 18:03:36.138031 シナリオ走行を終了しました [シナリオ名: 新規ユーザー登録]
[ADMIN] 18:03:36.138052 シナリオ走行を開始しました [シナリオ名: 新規ユーザー登録]
[ADMIN] 18:03:36.155970 シナリオ走行を終了しました [シナリオ名: 新規ユーザー登録]
[ADMIN] 18:03:36.155998 シナリオ走行を開始しました [シナリオ名: 新規ユーザー登録]
[ADMIN] 18:03:36.183405 シナリオ走行を終了しました [シナリオ名: Banユーザログイン]
[ADMIN] 18:03:36.183431 シナリオ走行を開始しました [シナリオ名: Banユーザログイン]
[ADMIN] 18:03:36.183806 シナリオ走行を終了しました [シナリオ名: 新規ユーザー登録]
[ADMIN] 18:03:36.183835 シナリオ走行を開始しました [シナリオ名: 新規ユーザー登録]
[ADMIN] 18:03:36.217898 シナリオ走行を終了しました [シナリオ名: Banユーザログイン]
[ADMIN] 18:03:36.217914 シナリオ走行を開始しました [シナリオ名: Banユーザログイン]
[ADMIN] 18:03:36.247450 シナリオ走行を終了しました [シナリオ名: 新規ユーザー登録]
[ADMIN] 18:03:36.247478 シナリオ走行を開始しました [シナリオ名: 新規ユーザー登録]
[ADMIN] 18:03:36.323533 シナリオ走行を終了しました [シナリオ名: ログイン]
[ADMIN] 18:03:36.323549 シナリオ走行を開始しました [シナリオ名: ログイン]
[ADMIN] 18:03:36.409171 シナリオ走行を終了しました [シナリオ名: Banユーザログイン]
[ADMIN] 18:03:36.409197 シナリオ走行を開始しました [シナリオ名: Banユーザログイン]
[ADMIN] 18:03:36.476365 シナリオ走行を終了しました [シナリオ名: 新規ユーザー登録]
[ADMIN] 18:03:36.476394 シナリオ走行を開始しました [シナリオ名: 新規ユーザー登録]
[ADMIN] 18:03:36.527304 シナリオ走行を終了しました [シナリオ名: ログイン]
[ADMIN] 18:03:36.527318 シナリオ走行を開始しました [シナリオ名: ログイン]
[ADMIN] 18:03:36.532343 シナリオ走行を終了しました [シナリオ名: Banユーザログイン]
[ADMIN] 18:03:36.532358 シナリオ走行を開始しました [シナリオ名: Banユーザログイン]
[ADMIN] 18:03:36.554159 シナリオ走行を終了しました [シナリオ名: ログイン]
[ADMIN] 18:03:36.554172 シナリオ走行を開始しました [シナリオ名: ログイン]
[ADMIN] 18:03:36.564772 シナリオ走行を終了しました [シナリオ名: ログイン]
[ADMIN] 18:03:36.564786 シナリオ走行を開始しました [シナリオ名: ログイン]
[ADMIN] 18:03:36.571168 シナリオ走行を終了しました [シナリオ名: ログイン]
[ADMIN] 18:03:36.571181 シナリオ走行を開始しました [シナリオ名: ログイン]
[ADMIN] 18:03:36.643978 シナリオ走行を終了しました [シナリオ名: ログイン]
[ADMIN] 18:03:36.643993 シナリオ走行を開始しました [シナリオ名: ログイン]
[ADMIN] 18:03:36.688332 シナリオ走行を終了しました [シナリオ名: ログイン]
[ADMIN] 18:03:36.688346 シナリオ走行を開始しました [シナリオ名: ログイン]
[ADMIN] 18:03:36.690459 シナリオ走行を終了しました [シナリオ名: ログイン]
[ADMIN] 18:03:36.690471 シナリオ走行を開始しました [シナリオ名: ログイン]
[ADMIN] 18:03:36.701558 シナリオ走行を終了しました [シナリオ名: ログイン]
[ADMIN] 18:03:36.701570 シナリオ走行を開始しました [シナリオ名: ログイン]
[ADMIN] 18:03:36.745660 シナリオ走行を終了しました [シナリオ名: 新規ユーザー登録]
[ADMIN] 18:03:36.745690 シナリオ走行を開始しました [シナリオ名: 新規ユーザー登録]
[ADMIN] 18:03:36.760834 シナリオ走行を終了しました [シナリオ名: ログイン]
[ADMIN] 18:03:36.760850 シナリオ走行を開始しました [シナリオ名: ログイン]
[ADMIN] 18:03:36.765830 シナリオ走行を終了しました [シナリオ名: ログイン]
[ADMIN] 18:03:36.765843 シナリオ走行を開始しました [シナリオ名: ログイン]
[ADMIN] 18:03:36.831949 シナリオ走行を終了しました [シナリオ名: 新規ユーザー登録]
[ADMIN] 18:03:36.831994 シナリオ走行を開始しました [シナリオ名: 新規ユーザー登録]
[ADMIN] 18:03:36.841088 シナリオ走行を終了しました [シナリオ名: ログイン]
[ADMIN] 18:03:36.841099 シナリオ走行を開始しました [シナリオ名: ログイン]
[ADMIN] 18:03:36.848903 シナリオ走行を終了しました [シナリオ名: ログイン]
[ADMIN] 18:03:36.848915 シナリオ走行を開始しました [シナリオ名: ログイン]
[ADMIN] 18:03:36.859231 シナリオ走行を終了しました [シナリオ名: ログイン]
[ADMIN] 18:03:36.859239 シナリオ走行を開始しました [シナリオ名: ログイン]
[ADMIN] 18:03:36.879218 シナリオ走行を終了しました [シナリオ名: ログイン]
[ADMIN] 18:03:36.879231 シナリオ走行を開始しました [シナリオ名: ログイン]
[ADMIN] 18:03:36.879306 シナリオ走行を終了しました [シナリオ名: ログイン]
[ADMIN] 18:03:36.879321 シナリオ走行を開始しました [シナリオ名: ログイン]
[ADMIN] 18:03:36.882131 シナリオ走行を終了しました [シナリオ名: Banユーザログイン]
[ADMIN] 18:03:36.882146 シナリオ走行を開始しました [シナリオ名: Banユーザログイン]
[ADMIN] 18:03:36.891794 シナリオ走行を終了しました [シナリオ名: Banユーザログイン]
[ADMIN] 18:03:36.891809 シナリオ走行を開始しました [シナリオ名: Banユーザログイン]
[ADMIN] 18:03:36.911422 シナリオ走行を終了しました [シナリオ名: ログイン]
[ADMIN] 18:03:36.911433 シナリオ走行を開始しました [シナリオ名: ログイン]
[ADMIN] 18:03:36.915682 シナリオ走行を終了しました [シナリオ名: ログイン]
[ADMIN] 18:03:36.915688 シナリオ走行を開始しました [シナリオ名: ログイン]
[ADMIN] 18:03:36.939223 シナリオ走行を終了しました [シナリオ名: ログイン]
[ADMIN] 18:03:36.939238 シナリオ走行を開始しました [シナリオ名: ログイン]
[ADMIN] 18:03:36.940747 シナリオ走行を終了しました [シナリオ名: 新規ユーザー登録]
[ADMIN] 18:03:36.940767 シナリオ走行を開始しました [シナリオ名: 新規ユーザー登録]
[ADMIN] 18:03:36.941928 シナリオ走行を終了しました [シナリオ名: ログイン]
[ADMIN] 18:03:36.941940 シナリオ走行を開始しました [シナリオ名: ログイン]
[ADMIN] 18:03:36.963301 シナリオ走行を終了しました [シナリオ名: ログイン]
[ADMIN] 18:03:36.963318 シナリオ走行を開始しました [シナリオ名: ログイン]
[ADMIN] 18:03:36.976174 シナリオ走行を終了しました [シナリオ名: ログイン]
[ADMIN] 18:03:36.976191 シナリオ走行を開始しました [シナリオ名: ログイン]
[ADMIN] 18:03:37.006386 シナリオ走行を終了しました [シナリオ名: ログイン]
[ADMIN] 18:03:37.006400 シナリオ走行を開始しました [シナリオ名: ログイン]
[ADMIN] 18:03:37.014053 シナリオ走行を終了しました [シナリオ名: ログイン]
[ADMIN] 18:03:37.014066 シナリオ走行を開始しました [シナリオ名: ログイン]
[ADMIN] 18:03:37.040033 シナリオ走行を終了しました [シナリオ名: Banユーザログイン]
[ADMIN] 18:03:37.040053 シナリオ走行を開始しました [シナリオ名: Banユーザログイン]
[ADMIN] 18:03:37.045549 シナリオ走行を終了しました [シナリオ名: Banユーザログイン]
[ADMIN] 18:03:37.045566 シナリオ走行を開始しました [シナリオ名: Banユーザログイン]
[ADMIN] 18:03:37.068544 シナリオ走行を終了しました [シナリオ名: 新規ユーザー登録]
[ADMIN] 18:03:37.068570 シナリオ走行を開始しました [シナリオ名: 新規ユーザー登録]
[ADMIN] 18:03:37.070746 シナリオ走行を終了しました [シナリオ名: 新規ユーザー登録]
[ADMIN] 18:03:37.070766 シナリオ走行を開始しました [シナリオ名: 新規ユーザー登録]
[ADMIN] 18:03:37.072769 シナリオ走行を終了しました [シナリオ名: 新規ユーザー登録]
[ADMIN] 18:03:37.072791 シナリオ走行を開始しました [シナリオ名: 新規ユーザー登録]
[ADMIN] 18:03:37.079273 シナリオ走行を終了しました [シナリオ名: ログイン]
[ADMIN] 18:03:37.079285 シナリオ走行を開始しました [シナリオ名: ログイン]
[ADMIN] 18:03:37.099589 シナリオ走行を終了しました [シナリオ名: ログイン]
[ADMIN] 18:03:37.099602 シナリオ走行を開始しました [シナリオ名: ログイン]
[ADMIN] 18:03:37.114744 シナリオ走行を終了しました [シナリオ名: ログイン]
[ADMIN] 18:03:37.114758 シナリオ走行を開始しました [シナリオ名: ログイン]
[ADMIN] 18:03:37.119332 シナリオ走行を終了しました [シナリオ名: ログイン]
[ADMIN] 18:03:37.119341 シナリオ走行を開始しました [シナリオ名: ログイン]
[ADMIN] 18:03:37.120830 シナリオ走行を終了しました [シナリオ名: ログイン]
[ADMIN] 18:03:37.120837 シナリオ走行を開始しました [シナリオ名: ログイン]
[ADMIN] 18:03:37.121402 シナリオ走行を終了しました [シナリオ名: 新規ユーザー登録]
[ADMIN] 18:03:37.121416 シナリオ走行を開始しました [シナリオ名: 新規ユーザー登録]
[ADMIN] 18:03:37.127561 シナリオ走行を終了しました [シナリオ名: Banユーザログイン]
[ADMIN] 18:03:37.127579 シナリオ走行を開始しました [シナリオ名: Banユーザログイン]
[ADMIN] 18:03:37.127991 シナリオ走行を終了しました [シナリオ名: ログイン]
[ADMIN] 18:03:37.128000 シナリオ走行を開始しました [シナリオ名: ログイン]
[ADMIN] 18:03:37.139754 シナリオ走行を終了しました [シナリオ名: ログイン]
[ADMIN] 18:03:37.139765 シナリオ走行を開始しました [シナリオ名: ログイン]
[ADMIN] 18:03:37.142752 シナリオ走行を終了しました [シナリオ名: ログイン]
[ADMIN] 18:03:37.142762 シナリオ走行を開始しました [シナリオ名: ログイン]
[ADMIN] 18:03:37.152695 シナリオ走行を終了しました [シナリオ名: ログイン]
[ADMIN] 18:03:37.152704 シナリオ走行を開始しました [シナリオ名: ログイン]
[ADMIN] 18:03:37.158151 シナリオ走行を終了しました [シナリオ名: ログイン]
[ADMIN] 18:03:37.158159 シナリオ走行を開始しました [シナリオ名: ログイン]
[ADMIN] 18:03:37.161938 シナリオ走行を終了しました [シナリオ名: ログイン]
[ADMIN] 18:03:37.161948 シナリオ走行を開始しました [シナリオ名: ログイン]
[ADMIN] 18:03:37.181680 シナリオ走行を終了しました [シナリオ名: ログイン]
[ADMIN] 18:03:37.181690 シナリオ走行を開始しました [シナリオ名: ログイン]
[ADMIN] 18:03:37.195440 シナリオ走行を終了しました [シナリオ名: ログイン]
[ADMIN] 18:03:37.195451 シナリオ走行を開始しました [シナリオ名: ログイン]
[ADMIN] 18:03:37.197683 シナリオ走行を終了しました [シナリオ名: Banユーザログイン]
[ADMIN] 18:03:37.197695 シナリオ走行を開始しました [シナリオ名: Banユーザログイン]
[ADMIN] 18:03:37.207854 シナリオ走行を終了しました [シナリオ名: 新規ユーザー登録]
[ADMIN] 18:03:37.207875 シナリオ走行を開始しました [シナリオ名: 新規ユーザー登録]
[ADMIN] 18:03:37.208778 シナリオ走行を終了しました [シナリオ名: 新規ユーザー登録]
[ADMIN] 18:03:37.208792 シナリオ走行を開始しました [シナリオ名: 新規ユーザー登録]
[ADMIN] 18:03:37.211752 シナリオ走行を終了しました [シナリオ名: 新規ユーザー登録]
[ADMIN] 18:03:37.211764 シナリオ走行を開始しました [シナリオ名: 新規ユーザー登録]
[ADMIN] 18:03:37.219977 シナリオ走行を終了しました [シナリオ名: Banユーザログイン]
[ADMIN] 18:03:37.219988 シナリオ走行を開始しました [シナリオ名: Banユーザログイン]
[ADMIN] 18:03:37.221344 シナリオ走行を終了しました [シナリオ名: 新規ユーザー登録]
[ADMIN] 18:03:37.221359 シナリオ走行を開始しました [シナリオ名: 新規ユーザー登録]
[ADMIN] 18:03:37.250659 シナリオ走行を終了しました [シナリオ名: ログイン]
[ADMIN] 18:03:37.250672 シナリオ走行を開始しました [シナリオ名: ログイン]
[ADMIN] 18:03:37.253329 シナリオ走行を終了しました [シナリオ名: 新規ユーザー登録]
[ADMIN] 18:03:37.253343 シナリオ走行を開始しました [シナリオ名: 新規ユーザー登録]
[ADMIN] 18:03:37.256254 シナリオ走行を終了しました [シナリオ名: Banユーザログイン]
[ADMIN] 18:03:37.256265 シナリオ走行を開始しました [シナリオ名: Banユーザログイン]
[ADMIN] 18:03:37.259625 シナリオ走行を終了しました [シナリオ名: 新規ユーザー登録]
[ADMIN] 18:03:37.259642 シナリオ走行を開始しました [シナリオ名: 新規ユーザー登録]
[ADMIN] 18:03:37.269216 シナリオ走行を終了しました [シナリオ名: 新規ユーザー登録]
[ADMIN] 18:03:37.269232 シナリオ走行を開始しました [シナリオ名: 新規ユーザー登録]
[ADMIN] 18:03:37.280511 シナリオ走行を終了しました [シナリオ名: 新規ユーザー登録]
[ADMIN] 18:03:37.280529 シナリオ走行を開始しました [シナリオ名: 新規ユーザー登録]
[ADMIN] 18:03:37.285449 シナリオ走行を終了しました [シナリオ名: ログイン]
[ADMIN] 18:03:37.285461 シナリオ走行を開始しました [シナリオ名: ログイン]
[ADMIN] 18:03:37.290297 シナリオ走行を終了しました [シナリオ名: 新規ユーザー登録]
[ADMIN] 18:03:37.290311 シナリオ走行を開始しました [シナリオ名: 新規ユーザー登録]
[ADMIN] 18:03:37.308780 シナリオ走行を終了しました [シナリオ名: ログイン]
[ADMIN] 18:03:37.308794 シナリオ走行を開始しました [シナリオ名: ログイン]
[ADMIN] 18:03:37.309798 シナリオ走行を終了しました [シナリオ名: 新規ユーザー登録]
[ADMIN] 18:03:37.309817 シナリオ走行を開始しました [シナリオ名: 新規ユーザー登録]
[ADMIN] 18:03:37.313912 シナリオ走行を終了しました [シナリオ名: ログイン]
[ADMIN] 18:03:37.313921 シナリオ走行を開始しました [シナリオ名: ログイン]
[ADMIN] 18:03:37.320592 シナリオ走行を終了しました [シナリオ名: 新規ユーザー登録]
[ADMIN] 18:03:37.320607 シナリオ走行を開始しました [シナリオ名: 新規ユーザー登録]
[ADMIN] 18:03:37.328811 シナリオ走行を終了しました [シナリオ名: 新規ユーザー登録]
[ADMIN] 18:03:37.328825 シナリオ走行を開始しました [シナリオ名: 新規ユーザー登録]
[ADMIN] 18:03:37.350119 シナリオ走行を終了しました [シナリオ名: 新規ユーザー登録]
[ADMIN] 18:03:37.350138 シナリオ走行を開始しました [シナリオ名: 新規ユーザー登録]
[ADMIN] 18:03:37.350543 シナリオ走行を終了しました [シナリオ名: 新規ユーザー登録]
[ADMIN] 18:03:37.350568 シナリオ走行を開始しました [シナリオ名: 新規ユーザー登録]
[ADMIN] 18:03:37.351369 シナリオ走行を終了しました [シナリオ名: 新規ユーザー登録]
[ADMIN] 18:03:37.351387 シナリオ走行を開始しました [シナリオ名: 新規ユーザー登録]
[ADMIN] 18:03:37.353463 シナリオ走行を終了しました [シナリオ名: 新規ユーザー登録]
[ADMIN] 18:03:37.353480 シナリオ走行を開始しました [シナリオ名: 新規ユーザー登録]
[ADMIN] 18:03:37.354753 シナリオ走行を終了しました [シナリオ名: ログイン]
[ADMIN] 18:03:37.354765 シナリオ走行を開始しました [シナリオ名: ログイン]
[ADMIN] 18:03:37.373535 シナリオ走行を終了しました [シナリオ名: 新規ユーザー登録]
[ADMIN] 18:03:37.373551 シナリオ走行を開始しました [シナリオ名: 新規ユーザー登録]
[ADMIN] 18:03:37.374304 シナリオ走行を終了しました [シナリオ名: ログイン]
[ADMIN] 18:03:37.374314 シナリオ走行を終了しました [シナリオ名: 新規ユーザー登録]
[ADMIN] 18:03:37.374330 シナリオ走行を開始しました [シナリオ名: 新規ユーザー登録]
[ADMIN] 18:03:37.374314 シナリオ走行を開始しました [シナリオ名: ログイン]
[ADMIN] 18:03:37.386054 シナリオ走行を終了しました [シナリオ名: 新規ユーザー登録]
[ADMIN] 18:03:37.386074 シナリオ走行を開始しました [シナリオ名: 新規ユーザー登録]
[ADMIN] 18:03:37.389076 シナリオ走行を終了しました [シナリオ名: Banユーザログイン]
[ADMIN] 18:03:37.389086 シナリオ走行を開始しました [シナリオ名: Banユーザログイン]
[ADMIN] 18:03:37.410176 シナリオ走行を終了しました [シナリオ名: 新規ユーザー登録]
[ADMIN] 18:03:37.410206 シナリオ走行を開始しました [シナリオ名: 新規ユーザー登録]
[ADMIN] 18:03:37.410315 シナリオ走行を終了しました [シナリオ名: 新規ユーザー登録]
[ADMIN] 18:03:37.410343 シナリオ走行を開始しました [シナリオ名: 新規ユーザー登録]
[ADMIN] 18:03:37.421424 シナリオ走行を終了しました [シナリオ名: 新規ユーザー登録]
[ADMIN] 18:03:37.421441 シナリオ走行を開始しました [シナリオ名: 新規ユーザー登録]
[ADMIN] 18:03:37.429995 シナリオ走行を終了しました [シナリオ名: ログイン]
[ADMIN] 18:03:37.430009 シナリオ走行を開始しました [シナリオ名: ログイン]
[ADMIN] 18:03:37.445264 シナリオ走行を終了しました [シナリオ名: 新規ユーザー登録]
[ADMIN] 18:03:37.445334 シナリオ走行を開始しました [シナリオ名: 新規ユーザー登録]
[ADMIN] 18:03:37.456434 シナリオ走行を終了しました [シナリオ名: ログイン]
[ADMIN] 18:03:37.456445 シナリオ走行を開始しました [シナリオ名: ログイン]
[ADMIN] 18:03:37.461453 シナリオ走行を終了しました [シナリオ名: ログイン]
[ADMIN] 18:03:37.461465 シナリオ走行を開始しました [シナリオ名: ログイン]
[ADMIN] 18:03:37.465972 シナリオ走行を終了しました [シナリオ名: ログイン]
[ADMIN] 18:03:37.465980 シナリオ走行を開始しました [シナリオ名: ログイン]
[ADMIN] 18:03:37.476213 シナリオ走行を終了しました [シナリオ名: ログイン]
[ADMIN] 18:03:37.476223 シナリオ走行を開始しました [シナリオ名: ログイン]
[ADMIN] 18:03:37.490886 シナリオ走行を終了しました [シナリオ名: ログイン]
[ADMIN] 18:03:37.490898 シナリオ走行を開始しました [シナリオ名: ログイン]
[ADMIN] 18:03:37.495272 シナリオ走行を終了しました [シナリオ名: ログイン]
[ADMIN] 18:03:37.495282 シナリオ走行を開始しました [シナリオ名: ログイン]
[ADMIN] 18:03:37.502763 シナリオ走行を終了しました [シナリオ名: 新規ユーザー登録]
[ADMIN] 18:03:37.502789 シナリオ走行を開始しました [シナリオ名: 新規ユーザー登録]
[ADMIN] 18:03:37.508586 シナリオ走行を終了しました [シナリオ名: 新規ユーザー登録]
[ADMIN] 18:03:37.508603 シナリオ走行を開始しました [シナリオ名: 新規ユーザー登録]
[ADMIN] 18:03:37.518126 シナリオ走行を終了しました [シナリオ名: 新規ユーザー登録]
[ADMIN] 18:03:37.518143 シナリオ走行を開始しました [シナリオ名: 新規ユーザー登録]
[ADMIN] 18:03:37.526132 シナリオ走行を終了しました [シナリオ名: 新規ユーザー登録]
[ADMIN] 18:03:37.526152 シナリオ走行を開始しました [シナリオ名: 新規ユーザー登録]
[ADMIN] 18:03:37.537166 シナリオ走行を終了しました [シナリオ名: Banユーザログイン]
[ADMIN] 18:03:37.537189 シナリオ走行を開始しました [シナリオ名: Banユーザログイン]
[ADMIN] 18:03:37.543079 シナリオ走行を終了しました [シナリオ名: ログイン]
[ADMIN] 18:03:37.543088 シナリオ走行を開始しました [シナリオ名: ログイン]
[ADMIN] 18:03:37.544066 シナリオ走行を終了しました [シナリオ名: 新規ユーザー登録]
[ADMIN] 18:03:37.544085 シナリオ走行を開始しました [シナリオ名: 新規ユーザー登録]
[ADMIN] 18:03:37.551200 シナリオ走行を終了しました [シナリオ名: ログイン]
[ADMIN] 18:03:37.551211 シナリオ走行を開始しました [シナリオ名: ログイン]
[ADMIN] 18:03:37.555690 シナリオ走行を終了しました [シナリオ名: 新規ユーザー登録]
[ADMIN] 18:03:37.555710 シナリオ走行を開始しました [シナリオ名: 新規ユーザー登録]
[ADMIN] 18:03:37.567279 シナリオ走行を終了しました [シナリオ名: ログイン]
[ADMIN] 18:03:37.567288 シナリオ走行を開始しました [シナリオ名: ログイン]
[ADMIN] 18:03:37.573803 シナリオ走行を終了しました [シナリオ名: 新規ユーザー登録]
[ADMIN] 18:03:37.573821 シナリオ走行を開始しました [シナリオ名: 新規ユーザー登録]
[ADMIN] 18:03:37.583922 シナリオ走行を終了しました [シナリオ名: ログイン]
[ADMIN] 18:03:37.583932 シナリオ走行を開始しました [シナリオ名: ログイン]
[ADMIN] 18:03:37.587993 シナリオ走行を終了しました [シナリオ名: ログイン]
[ADMIN] 18:03:37.588001 シナリオ走行を開始しました [シナリオ名: ログイン]
[ADMIN] 18:03:37.596953 シナリオ走行を終了しました [シナリオ名: 新規ユーザー登録]
[ADMIN] 18:03:37.596968 シナリオ走行を開始しました [シナリオ名: 新規ユーザー登録]
[ADMIN] 18:03:37.597951 シナリオ走行を終了しました [シナリオ名: 新規ユーザー登録]
[ADMIN] 18:03:37.597968 シナリオ走行を開始しました [シナリオ名: 新規ユーザー登録]
[ADMIN] 18:03:37.622858 シナリオ走行を終了しました [シナリオ名: 新規ユーザー登録]
[ADMIN] 18:03:37.622878 シナリオ走行を開始しました [シナリオ名: 新規ユーザー登録]
[ADMIN] 18:03:37.631175 シナリオ走行を終了しました [シナリオ名: Banユーザログイン]
[ADMIN] 18:03:37.631189 シナリオ走行を開始しました [シナリオ名: Banユーザログイン]
[ADMIN] 18:03:37.636278 シナリオ走行を終了しました [シナリオ名: 新規ユーザー登録]
[ADMIN] 18:03:37.636294 シナリオ走行を開始しました [シナリオ名: 新規ユーザー登録]
[ADMIN] 18:03:37.681767 シナリオ走行を終了しました [シナリオ名: 新規ユーザー登録]
[ADMIN] 18:03:37.681795 シナリオ走行を開始しました [シナリオ名: 新規ユーザー登録]
[ADMIN] 18:03:37.691665 シナリオ走行を終了しました [シナリオ名: ログイン]
[ADMIN] 18:03:37.691676 シナリオ走行を開始しました [シナリオ名: ログイン]
[ADMIN] 18:03:37.712789 シナリオ走行を終了しました [シナリオ名: Banユーザログイン]
[ADMIN] 18:03:37.712806 シナリオ走行を開始しました [シナリオ名: Banユーザログイン]
[ADMIN] 18:03:37.717601 シナリオ走行を終了しました [シナリオ名: 新規ユーザー登録]
[ADMIN] 18:03:37.717620 シナリオ走行を開始しました [シナリオ名: 新規ユーザー登録]
[ADMIN] 18:03:37.728404 シナリオ走行を終了しました [シナリオ名: 新規ユーザー登録]
[ADMIN] 18:03:37.728418 シナリオ走行を開始しました [シナリオ名: 新規ユーザー登録]
[ADMIN] 18:03:37.744642 シナリオ走行を終了しました [シナリオ名: ログイン]
[ADMIN] 18:03:37.744650 シナリオ走行を開始しました [シナリオ名: ログイン]
[ADMIN] 18:03:37.746339 シナリオ走行を終了しました [シナリオ名: ログイン]
[ADMIN] 18:03:37.746348 シナリオ走行を開始しました [シナリオ名: ログイン]
[ADMIN] 18:03:37.788460 シナリオ走行を終了しました [シナリオ名: 新規ユーザー登録]
[ADMIN] 18:03:37.788478 シナリオ走行を開始しました [シナリオ名: 新規ユーザー登録]
[ADMIN] 18:03:37.791565 シナリオ走行を終了しました [シナリオ名: 新規ユーザー登録]
[ADMIN] 18:03:37.791584 シナリオ走行を開始しました [シナリオ名: 新規ユーザー登録]
[ADMIN] 18:03:37.791691 シナリオ走行を終了しました [シナリオ名: Banユーザログイン]
[ADMIN] 18:03:37.791705 シナリオ走行を開始しました [シナリオ名: Banユーザログイン]
[ADMIN] 18:03:37.820308 シナリオ走行を終了しました [シナリオ名: 新規ユーザー登録]
[ADMIN] 18:03:37.820328 シナリオ走行を開始しました [シナリオ名: 新規ユーザー登録]
[ADMIN] 18:03:37.873714 シナリオ走行を終了しました [シナリオ名: 新規ユーザー登録]
[ADMIN] 18:03:37.873736 シナリオ走行を開始しました [シナリオ名: 新規ユーザー登録]
[ADMIN] 18:03:37.880346 シナリオ走行を終了しました [シナリオ名: ログイン]
[ADMIN] 18:03:37.880357 シナリオ走行を開始しました [シナリオ名: ログイン]
[ADMIN] 18:03:37.934980 シナリオ走行を終了しました [シナリオ名: ログイン]
[ADMIN] 18:03:37.935000 シナリオ走行を開始しました [シナリオ名: ログイン]
[ADMIN] 18:03:37.954275 シナリオ走行を終了しました [シナリオ名: 新規ユーザー登録]
[ADMIN] 18:03:37.954297 シナリオ走行を開始しました [シナリオ名: 新規ユーザー登録]
[ADMIN] 18:03:38.003362 シナリオ走行を終了しました [シナリオ名: Banユーザログイン]
[ADMIN] 18:03:38.003385 シナリオ走行を開始しました [シナリオ名: Banユーザログイン]
[ADMIN] 18:03:38.010946 シナリオ走行を終了しました [シナリオ名: 新規ユーザー登録]
[ADMIN] 18:03:38.010973 シナリオ走行を開始しました [シナリオ名: 新規ユーザー登録]
[ADMIN] 18:03:38.021500 シナリオ走行を終了しました [シナリオ名: 新規ユーザー登録]
[ADMIN] 18:03:38.021519 シナリオ走行を開始しました [シナリオ名: 新規ユーザー登録]
[ADMIN] 18:03:38.022639 シナリオ走行を終了しました [シナリオ名: 新規ユーザー登録]
[ADMIN] 18:03:38.022659 シナリオ走行を開始しました [シナリオ名: 新規ユーザー登録]
[ADMIN] 18:03:38.029442 シナリオ走行を終了しました [シナリオ名: 新規ユーザー登録]
[ADMIN] 18:03:38.029459 シナリオ走行を開始しました [シナリオ名: 新規ユーザー登録]
[ADMIN] 18:03:38.071097 シナリオ走行を終了しました [シナリオ名: 新規ユーザー登録]
[ADMIN] 18:03:38.071120 シナリオ走行を開始しました [シナリオ名: 新規ユーザー登録]
[ADMIN] 18:03:38.078249 シナリオ走行を終了しました [シナリオ名: ログイン]
[ADMIN] 18:03:38.078265 シナリオ走行を開始しました [シナリオ名: ログイン]
[ADMIN] 18:03:38.106531 シナリオ走行を終了しました [シナリオ名: Banユーザログイン]
[ADMIN] 18:03:38.106548 シナリオ走行を開始しました [シナリオ名: Banユーザログイン]
[ADMIN] 18:03:38.170681 シナリオ走行を終了しました [シナリオ名: ログイン]
[ADMIN] 18:03:38.170695 シナリオ走行を開始しました [シナリオ名: ログイン]
[ADMIN] 18:03:38.184544 シナリオ走行を終了しました [シナリオ名: ログイン]
[ADMIN] 18:03:38.184557 シナリオ走行を開始しました [シナリオ名: ログイン]
[ADMIN] 18:03:38.208374 シナリオ走行を終了しました [シナリオ名: Banユーザログイン]
[ADMIN] 18:03:38.208394 シナリオ走行を開始しました [シナリオ名: Banユーザログイン]
[ADMIN] 18:03:38.220501 シナリオ走行を終了しました [シナリオ名: Banユーザログイン]
[ADMIN] 18:03:38.220517 シナリオ走行を開始しました [シナリオ名: Banユーザログイン]
[ADMIN] 18:03:38.230111 シナリオ走行を終了しました [シナリオ名: Banユーザログイン]
[ADMIN] 18:03:38.230128 シナリオ走行を開始しました [シナリオ名: Banユーザログイン]
[ADMIN] 18:03:38.264233 シナリオ走行を終了しました [シナリオ名: 新規ユーザー登録]
[ADMIN] 18:03:38.264258 シナリオ走行を開始しました [シナリオ名: 新規ユーザー登録]
[ADMIN] 18:03:38.319894 シナリオ走行を終了しました [シナリオ名: 新規ユーザー登録]
[ADMIN] 18:03:38.319916 シナリオ走行を開始しました [シナリオ名: 新規ユーザー登録]
[ADMIN] 18:03:38.354770 シナリオ走行を終了しました [シナリオ名: ログイン]
[ADMIN] 18:03:38.354781 シナリオ走行を開始しました [シナリオ名: ログイン]
[ADMIN] 18:03:38.369491 シナリオ走行を終了しました [シナリオ名: Banユーザログイン]
[ADMIN] 18:03:38.369506 シナリオ走行を開始しました [シナリオ名: Banユーザログイン]
[ADMIN] 18:03:38.374196 シナリオ走行を終了しました [シナリオ名: ログイン]
[ADMIN] 18:03:38.374207 シナリオ走行を開始しました [シナリオ名: ログイン]
[ADMIN] 18:03:38.416591 シナリオ走行を終了しました [シナリオ名: Banユーザログイン]
[ADMIN] 18:03:38.416609 シナリオ走行を開始しました [シナリオ名: Banユーザログイン]
[ADMIN] 18:03:38.418814 シナリオ走行を終了しました [シナリオ名: ログイン]
[ADMIN] 18:03:38.418823 シナリオ走行を開始しました [シナリオ名: ログイン]
[ADMIN] 18:03:38.496283 シナリオ走行を終了しました [シナリオ名: ログイン]
[ADMIN] 18:03:38.496298 シナリオ走行を開始しました [シナリオ名: ログイン]
[ADMIN] 18:03:38.503071 シナリオ走行を終了しました [シナリオ名: ログイン]
[ADMIN] 18:03:38.503083 シナリオ走行を開始しました [シナリオ名: ログイン]
[ADMIN] 18:03:38.508168 シナリオ走行を終了しました [シナリオ名: ログイン]
[ADMIN] 18:03:38.508178 シナリオ走行を開始しました [シナリオ名: ログイン]
[ADMIN] 18:03:38.519479 シナリオ走行を終了しました [シナリオ名: ログイン]
[ADMIN] 18:03:38.519495 シナリオ走行を開始しました [シナリオ名: ログイン]
[ADMIN] 18:03:38.529823 シナリオ走行を終了しました [シナリオ名: ログイン]
[ADMIN] 18:03:38.529831 シナリオ走行を開始しました [シナリオ名: ログイン]
[ADMIN] 18:03:38.554429 シナリオ走行を終了しました [シナリオ名: Banユーザログイン]
[ADMIN] 18:03:38.554446 シナリオ走行を開始しました [シナリオ名: Banユーザログイン]
[ADMIN] 18:03:38.583092 シナリオ走行を終了しました [シナリオ名: ログイン]
[ADMIN] 18:03:38.583102 シナリオ走行を開始しました [シナリオ名: ログイン]
[ADMIN] 18:03:38.613017 シナリオ走行を終了しました [シナリオ名: ログイン]
[ADMIN] 18:03:38.613031 シナリオ走行を開始しました [シナリオ名: ログイン]
[ADMIN] 18:03:38.616622 シナリオ走行を終了しました [シナリオ名: ログイン]
[ADMIN] 18:03:38.616631 シナリオ走行を開始しました [シナリオ名: ログイン]
[ADMIN] 18:03:38.618570 シナリオ走行を終了しました [シナリオ名: ログイン]
[ADMIN] 18:03:38.618578 シナリオ走行を開始しました [シナリオ名: ログイン]
[ADMIN] 18:03:38.630739 シナリオ走行を終了しました [シナリオ名: ログイン]
[ADMIN] 18:03:38.630749 シナリオ走行を開始しました [シナリオ名: ログイン]
[ADMIN] 18:03:38.644156 シナリオ走行を終了しました [シナリオ名: ログイン]
[ADMIN] 18:03:38.644168 シナリオ走行を開始しました [シナリオ名: ログイン]
[ADMIN] 18:03:38.660948 シナリオ走行を終了しました [シナリオ名: ログイン]
[ADMIN] 18:03:38.660962 シナリオ走行を開始しました [シナリオ名: ログイン]
[ADMIN] 18:03:38.669740 シナリオ走行を終了しました [シナリオ名: ログイン]
[ADMIN] 18:03:38.669749 シナリオ走行を開始しました [シナリオ名: ログイン]
[ADMIN] 18:03:38.700387 シナリオ走行を終了しました [シナリオ名: ログイン]
[ADMIN] 18:03:38.700397 シナリオ走行を開始しました [シナリオ名: ログイン]
[ADMIN] 18:03:38.716592 シナリオ走行を終了しました [シナリオ名: ログイン]
[ADMIN] 18:03:38.716602 シナリオ走行を開始しました [シナリオ名: ログイン]
[ADMIN] 18:03:38.725740 シナリオ走行を終了しました [シナリオ名: ログイン]
[ADMIN] 18:03:38.725751 シナリオ走行を開始しました [シナリオ名: ログイン]
[ADMIN] 18:03:38.751923 シナリオ走行を終了しました [シナリオ名: ログイン]
[ADMIN] 18:03:38.751933 シナリオ走行を開始しました [シナリオ名: ログイン]
[ADMIN] 18:03:38.760424 シナリオ走行を終了しました [シナリオ名: 新規ユーザー登録]
[ADMIN] 18:03:38.760447 シナリオ走行を開始しました [シナリオ名: 新規ユーザー登録]
[ADMIN] 18:03:38.768047 シナリオ走行を終了しました [シナリオ名: ログイン]
[ADMIN] 18:03:38.768058 シナリオ走行を開始しました [シナリオ名: ログイン]
[ADMIN] 18:03:38.771215 シナリオ走行を終了しました [シナリオ名: ログイン]
[ADMIN] 18:03:38.771224 シナリオ走行を開始しました [シナリオ名: ログイン]
[ADMIN] 18:03:38.772438 シナリオ走行を終了しました [シナリオ名: 新規ユーザー登録]
[ADMIN] 18:03:38.772455 シナリオ走行を開始しました [シナリオ名: 新規ユーザー登録]
[ADMIN] 18:03:38.785012 シナリオ走行を終了しました [シナリオ名: ログイン]
[ADMIN] 18:03:38.785023 シナリオ走行を開始しました [シナリオ名: ログイン]
[ADMIN] 18:03:38.795173 シナリオ走行を終了しました [シナリオ名: Banユーザログイン]
[ADMIN] 18:03:38.795189 シナリオ走行を開始しました [シナリオ名: Banユーザログイン]
[ADMIN] 18:03:38.807853 シナリオ走行を終了しました [シナリオ名: 新規ユーザー登録]
[ADMIN] 18:03:38.807869 シナリオ走行を開始しました [シナリオ名: 新規ユーザー登録]
[ADMIN] 18:03:38.810109 シナリオ走行を終了しました [シナリオ名: ログイン]
[ADMIN] 18:03:38.810119 シナリオ走行を開始しました [シナリオ名: ログイン]
[ADMIN] 18:03:38.811339 シナリオ走行を終了しました [シナリオ名: ログイン]
[ADMIN] 18:03:38.811350 シナリオ走行を開始しました [シナリオ名: ログイン]
[ADMIN] 18:03:38.812253 シナリオ走行を終了しました [シナリオ名: Banユーザログイン]
[ADMIN] 18:03:38.812267 シナリオ走行を開始しました [シナリオ名: Banユーザログイン]
[ADMIN] 18:03:38.820930 シナリオ走行を終了しました [シナリオ名: ログイン]
[ADMIN] 18:03:38.820939 シナリオ走行を開始しました [シナリオ名: ログイン]
[ADMIN] 18:03:38.831689 シナリオ走行を終了しました [シナリオ名: ログイン]
[ADMIN] 18:03:38.831699 シナリオ走行を開始しました [シナリオ名: ログイン]
[ADMIN] 18:03:38.832051 シナリオ走行を終了しました [シナリオ名: ログイン]
[ADMIN] 18:03:38.832061 シナリオ走行を開始しました [シナリオ名: ログイン]
[ADMIN] 18:03:38.847018 シナリオ走行を終了しました [シナリオ名: ログイン]
[ADMIN] 18:03:38.847026 シナリオ走行を開始しました [シナリオ名: ログイン]
[ADMIN] 18:03:38.856877 シナリオ走行を終了しました [シナリオ名: ログイン]
[ADMIN] 18:03:38.856893 シナリオ走行を開始しました [シナリオ名: ログイン]
[ADMIN] 18:03:38.860450 シナリオ走行を終了しました [シナリオ名: ログイン]
[ADMIN] 18:03:38.860459 シナリオ走行を開始しました [シナリオ名: ログイン]
[ADMIN] 18:03:38.886057 シナリオ走行を終了しました [シナリオ名: 新規ユーザー登録]
[ADMIN] 18:03:38.886079 シナリオ走行を開始しました [シナリオ名: 新規ユーザー登録]
[ADMIN] 18:03:38.896914 シナリオ走行を終了しました [シナリオ名: ログイン]
[ADMIN] 18:03:38.896923 シナリオ走行を開始しました [シナリオ名: ログイン]
[ADMIN] 18:03:38.913435 シナリオ走行を終了しました [シナリオ名: 新規ユーザー登録]
[ADMIN] 18:03:38.913456 シナリオ走行を開始しました [シナリオ名: 新規ユーザー登録]
[ADMIN] 18:03:38.914497 シナリオ走行を終了しました [シナリオ名: Banユーザログイン]
[ADMIN] 18:03:38.914512 シナリオ走行を開始しました [シナリオ名: Banユーザログイン]
[ADMIN] 18:03:38.914591 シナリオ走行を終了しました [シナリオ名: ログイン]
[ADMIN] 18:03:38.914600 シナリオ走行を開始しました [シナリオ名: ログイン]
[ADMIN] 18:03:38.989829 シナリオ走行を終了しました [シナリオ名: ログイン]
[ADMIN] 18:03:38.989843 シナリオ走行を開始しました [シナリオ名: ログイン]
[ADMIN] 18:03:38.991345 シナリオ走行を終了しました [シナリオ名: 新規ユーザー登録]
[ADMIN] 18:03:38.991367 シナリオ走行を開始しました [シナリオ名: 新規ユーザー登録]
[ADMIN] 18:03:38.991504 シナリオ走行を終了しました [シナリオ名: Banユーザログイン]
[ADMIN] 18:03:38.991516 シナリオ走行を開始しました [シナリオ名: Banユーザログイン]
[ADMIN] 18:03:38.993764 シナリオ走行を終了しました [シナリオ名: ログイン]
[ADMIN] 18:03:38.993772 シナリオ走行を開始しました [シナリオ名: ログイン]
[ADMIN] 18:03:39.003541 シナリオ走行を終了しました [シナリオ名: ログイン]
[ADMIN] 18:03:39.003555 シナリオ走行を開始しました [シナリオ名: ログイン]
[ADMIN] 18:03:39.005698 シナリオ走行を終了しました [シナリオ名: 新規ユーザー登録]
[ADMIN] 18:03:39.005713 シナリオ走行を開始しました [シナリオ名: 新規ユーザー登録]
[ADMIN] 18:03:39.005817 シナリオ走行を終了しました [シナリオ名: 新規ユーザー登録]
[ADMIN] 18:03:39.005872 シナリオ走行を開始しました [シナリオ名: 新規ユーザー登録]
[ADMIN] 18:03:39.006009 シナリオ走行を終了しました [シナリオ名: 新規ユーザー登録]
[ADMIN] 18:03:39.006025 シナリオ走行を開始しました [シナリオ名: 新規ユーザー登録]
[ADMIN] 18:03:39.006156 シナリオ走行を終了しました [シナリオ名: ログイン]
[ADMIN] 18:03:39.006170 シナリオ走行を開始しました [シナリオ名: ログイン]
[ADMIN] 18:03:39.019457 シナリオ走行を終了しました [シナリオ名: 新規ユーザー登録]
[ADMIN] 18:03:39.019483 シナリオ走行を開始しました [シナリオ名: 新規ユーザー登録]
[ADMIN] 18:03:39.019820 シナリオ走行を終了しました [シナリオ名: 新規ユーザー登録]
[ADMIN] 18:03:39.019903 シナリオ走行を開始しました [シナリオ名: 新規ユーザー登録]
[ADMIN] 18:03:39.024156 シナリオ走行を終了しました [シナリオ名: 新規ユーザー登録]
[ADMIN] 18:03:39.024179 シナリオ走行を開始しました [シナリオ名: 新規ユーザー登録]
[ADMIN] 18:03:39.039838 シナリオ走行を終了しました [シナリオ名: 新規ユーザー登録]
[ADMIN] 18:03:39.039856 シナリオ走行を開始しました [シナリオ名: 新規ユーザー登録]
[ADMIN] 18:03:39.047208 シナリオ走行を終了しました [シナリオ名: 新規ユーザー登録]
[ADMIN] 18:03:39.047225 シナリオ走行を開始しました [シナリオ名: 新規ユーザー登録]
[ADMIN] 18:03:39.051607 シナリオ走行を終了しました [シナリオ名: ログイン]
[ADMIN] 18:03:39.051613 シナリオ走行を開始しました [シナリオ名: ログイン]
[ADMIN] 18:03:39.059550 シナリオ走行を終了しました [シナリオ名: ログイン]
[ADMIN] 18:03:39.059561 シナリオ走行を開始しました [シナリオ名: ログイン]
[ADMIN] 18:03:39.060855 シナリオ走行を終了しました [シナリオ名: 新規ユーザー登録]
[ADMIN] 18:03:39.060868 シナリオ走行を開始しました [シナリオ名: 新規ユーザー登録]
[ADMIN] 18:03:39.063052 シナリオ走行を終了しました [シナリオ名: ログイン]
[ADMIN] 18:03:39.063060 シナリオ走行を開始しました [シナリオ名: ログイン]
[ADMIN] 18:03:39.064975 シナリオ走行を終了しました [シナリオ名: 新規ユーザー登録]
[ADMIN] 18:03:39.064987 シナリオ走行を開始しました [シナリオ名: 新規ユーザー登録]
[ADMIN] 18:03:39.089454 シナリオ走行を終了しました [シナリオ名: 新規ユーザー登録]
[ADMIN] 18:03:39.089468 シナリオ走行を開始しました [シナリオ名: 新規ユーザー登録]
[ADMIN] 18:03:39.091219 シナリオ走行を終了しました [シナリオ名: ログイン]
[ADMIN] 18:03:39.091226 シナリオ走行を開始しました [シナリオ名: ログイン]
[ADMIN] 18:03:39.093172 シナリオ走行を終了しました [シナリオ名: 新規ユーザー登録]
[ADMIN] 18:03:39.093187 シナリオ走行を開始しました [シナリオ名: 新規ユーザー登録]
[ADMIN] 18:03:39.104107 シナリオ走行を終了しました [シナリオ名: ログイン]
[ADMIN] 18:03:39.104115 シナリオ走行を開始しました [シナリオ名: ログイン]
[ADMIN] 18:03:39.105995 シナリオ走行を終了しました [シナリオ名: 新規ユーザー登録]
[ADMIN] 18:03:39.106013 シナリオ走行を開始しました [シナリオ名: 新規ユーザー登録]
[ADMIN] 18:03:39.114923 シナリオ走行を終了しました [シナリオ名: Banユーザログイン]
[ADMIN] 18:03:39.114948 シナリオ走行を開始しました [シナリオ名: Banユーザログイン]
[ADMIN] 18:03:39.115617 シナリオ走行を終了しました [シナリオ名: Banユーザログイン]
[ADMIN] 18:03:39.115630 シナリオ走行を開始しました [シナリオ名: Banユーザログイン]
[ADMIN] 18:03:39.127631 シナリオ走行を終了しました [シナリオ名: Banユーザログイン]
[ADMIN] 18:03:39.127644 シナリオ走行を開始しました [シナリオ名: Banユーザログイン]
[ADMIN] 18:03:39.139790 シナリオ走行を終了しました [シナリオ名: 新規ユーザー登録]
[ADMIN] 18:03:39.139809 シナリオ走行を開始しました [シナリオ名: 新規ユーザー登録]
[ADMIN] 18:03:39.145521 シナリオ走行を終了しました [シナリオ名: 新規ユーザー登録]
[ADMIN] 18:03:39.145540 シナリオ走行を開始しました [シナリオ名: 新規ユーザー登録]
[ADMIN] 18:03:39.158520 シナリオ走行を終了しました [シナリオ名: 新規ユーザー登録]
[ADMIN] 18:03:39.158538 シナリオ走行を開始しました [シナリオ名: 新規ユーザー登録]
[ADMIN] 18:03:39.178038 シナリオ走行を終了しました [シナリオ名: Banユーザログイン]
[ADMIN] 18:03:39.178049 シナリオ走行を開始しました [シナリオ名: Banユーザログイン]
[ADMIN] 18:03:39.178079 シナリオ走行を終了しました [シナリオ名: 新規ユーザー登録]
[ADMIN] 18:03:39.178102 シナリオ走行を開始しました [シナリオ名: 新規ユーザー登録]
[ADMIN] 18:03:39.185098 シナリオ走行を終了しました [シナリオ名: 新規ユーザー登録]
[ADMIN] 18:03:39.185113 シナリオ走行を開始しました [シナリオ名: 新規ユーザー登録]
[ADMIN] 18:03:39.186542 シナリオ走行を終了しました [シナリオ名: 新規ユーザー登録]
[ADMIN] 18:03:39.186556 シナリオ走行を開始しました [シナリオ名: 新規ユーザー登録]
[ADMIN] 18:03:39.195796 シナリオ走行を終了しました [シナリオ名: ログイン]
[ADMIN] 18:03:39.195805 シナリオ走行を開始しました [シナリオ名: ログイン]
[ADMIN] 18:03:39.199913 シナリオ走行を終了しました [シナリオ名: 新規ユーザー登録]
[ADMIN] 18:03:39.199931 シナリオ走行を開始しました [シナリオ名: 新規ユーザー登録]
[ADMIN] 18:03:39.203587 シナリオ走行を終了しました [シナリオ名: 新規ユーザー登録]
[ADMIN] 18:03:39.203601 シナリオ走行を開始しました [シナリオ名: 新規ユーザー登録]
[ADMIN] 18:03:39.224013 シナリオ走行を終了しました [シナリオ名: ログイン]
[ADMIN] 18:03:39.224022 シナリオ走行を開始しました [シナリオ名: ログイン]
[ADMIN] 18:03:39.226390 シナリオ走行を終了しました [シナリオ名: ログイン]
[ADMIN] 18:03:39.226399 シナリオ走行を開始しました [シナリオ名: ログイン]
[ADMIN] 18:03:39.237450 シナリオ走行を終了しました [シナリオ名: ログイン]
[ADMIN] 18:03:39.237458 シナリオ走行を開始しました [シナリオ名: ログイン]
[ADMIN] 18:03:39.245449 シナリオ走行を終了しました [シナリオ名: 新規ユーザー登録]
[ADMIN] 18:03:39.245465 シナリオ走行を開始しました [シナリオ名: 新規ユーザー登録]
[ADMIN] 18:03:39.251902 シナリオ走行を終了しました [シナリオ名: ログイン]
[ADMIN] 18:03:39.251913 シナリオ走行を開始しました [シナリオ名: ログイン]
[ADMIN] 18:03:39.256738 シナリオ走行を終了しました [シナリオ名: ログイン]
[ADMIN] 18:03:39.256746 シナリオ走行を開始しました [シナリオ名: ログイン]
[ADMIN] 18:03:39.280356 シナリオ走行を終了しました [シナリオ名: Banユーザログイン]
[ADMIN] 18:03:39.280372 シナリオ走行を開始しました [シナリオ名: Banユーザログイン]
[ADMIN] 18:03:39.315078 シナリオ走行を終了しました [シナリオ名: Banユーザログイン]
[ADMIN] 18:03:39.315094 シナリオ走行を開始しました [シナリオ名: Banユーザログイン]
[ADMIN] 18:03:39.350519 シナリオ走行を終了しました [シナリオ名: ログイン]
[ADMIN] 18:03:39.350531 シナリオ走行を開始しました [シナリオ名: ログイン]
[ADMIN] 18:03:39.351517 シナリオ走行を終了しました [シナリオ名: 新規ユーザー登録]
[ADMIN] 18:03:39.351533 シナリオ走行を開始しました [シナリオ名: 新規ユーザー登録]
[ADMIN] 18:03:39.364075 シナリオ走行を終了しました [シナリオ名: ログイン]
[ADMIN] 18:03:39.364086 シナリオ走行を開始しました [シナリオ名: ログイン]
[ADMIN] 18:03:39.369043 シナリオ走行を終了しました [シナリオ名: 新規ユーザー登録]
[ADMIN] 18:03:39.369059 シナリオ走行を開始しました [シナリオ名: 新規ユーザー登録]
[ADMIN] 18:03:39.374723 シナリオ走行を終了しました [シナリオ名: ログイン]
[ADMIN] 18:03:39.374731 シナリオ走行を開始しました [シナリオ名: ログイン]
[ADMIN] 18:03:39.416812 シナリオ走行を終了しました [シナリオ名: 新規ユーザー登録]
[ADMIN] 18:03:39.416847 シナリオ走行を開始しました [シナリオ名: 新規ユーザー登録]
[ADMIN] 18:03:39.416928 シナリオ走行を終了しました [シナリオ名: 新規ユーザー登録]
[ADMIN] 18:03:39.416982 シナリオ走行を開始しました [シナリオ名: 新規ユーザー登録]
[ADMIN] 18:03:39.417390 シナリオ走行を終了しました [シナリオ名: ログイン]
[ADMIN] 18:03:39.417404 シナリオ走行を開始しました [シナリオ名: ログイン]
[ADMIN] 18:03:39.426032 シナリオ走行を終了しました [シナリオ名: ログイン]
[ADMIN] 18:03:39.426040 シナリオ走行を開始しました [シナリオ名: ログイン]
[ADMIN] 18:03:39.434920 シナリオ走行を終了しました [シナリオ名: 新規ユーザー登録]
[ADMIN] 18:03:39.434936 シナリオ走行を開始しました [シナリオ名: 新規ユーザー登録]
[ADMIN] 18:03:39.450924 シナリオ走行を終了しました [シナリオ名: 新規ユーザー登録]
[ADMIN] 18:03:39.450948 シナリオ走行を開始しました [シナリオ名: 新規ユーザー登録]
[ADMIN] 18:03:39.451930 シナリオ走行を終了しました [シナリオ名: Banユーザログイン]
[ADMIN] 18:03:39.451942 シナリオ走行を開始しました [シナリオ名: Banユーザログイン]
[ADMIN] 18:03:39.455361 シナリオ走行を終了しました [シナリオ名: 新規ユーザー登録]
[ADMIN] 18:03:39.455377 シナリオ走行を開始しました [シナリオ名: 新規ユーザー登録]
[ADMIN] 18:03:39.461647 シナリオ走行を終了しました [シナリオ名: 新規ユーザー登録]
[ADMIN] 18:03:39.461661 シナリオ走行を開始しました [シナリオ名: 新規ユーザー登録]
[ADMIN] 18:03:39.465376 シナリオ走行を終了しました [シナリオ名: 新規ユーザー登録]
[ADMIN] 18:03:39.465388 シナリオ走行を開始しました [シナリオ名: 新規ユーザー登録]
[ADMIN] 18:03:39.472560 シナリオ走行を終了しました [シナリオ名: 新規ユーザー登録]
[ADMIN] 18:03:39.472580 シナリオ走行を開始しました [シナリオ名: 新規ユーザー登録]
[ADMIN] 18:03:39.508144 シナリオ走行を終了しました [シナリオ名: 新規ユーザー登録]
[ADMIN] 18:03:39.508167 シナリオ走行を開始しました [シナリオ名: 新規ユーザー登録]
[ADMIN] 18:03:39.541296 シナリオ走行を終了しました [シナリオ名: 新規ユーザー登録]
[ADMIN] 18:03:39.541318 シナリオ走行を開始しました [シナリオ名: 新規ユーザー登録]
[ADMIN] 18:03:39.548602 シナリオ走行を終了しました [シナリオ名: Banユーザログイン]
[ADMIN] 18:03:39.548614 シナリオ走行を開始しました [シナリオ名: Banユーザログイン]
[ADMIN] 18:03:39.584677 シナリオ走行を終了しました [シナリオ名: 新規ユーザー登録]
[ADMIN] 18:03:39.584714 シナリオ走行を開始しました [シナリオ名: 新規ユーザー登録]
[ADMIN] 18:03:39.589273 シナリオ走行を終了しました [シナリオ名: Banユーザログイン]
[ADMIN] 18:03:39.589291 シナリオ走行を開始しました [シナリオ名: Banユーザログイン]
[ADMIN] 18:03:39.593636 シナリオ走行を終了しました [シナリオ名: 新規ユーザー登録]
[ADMIN] 18:03:39.593659 シナリオ走行を開始しました [シナリオ名: 新規ユーザー登録]
[ADMIN] 18:03:39.653303 シナリオ走行を終了しました [シナリオ名: 新規ユーザー登録]
[ADMIN] 18:03:39.653334 シナリオ走行を開始しました [シナリオ名: 新規ユーザー登録]
[ADMIN] 18:03:39.655219 シナリオ走行を終了しました [シナリオ名: 新規ユーザー登録]
[ADMIN] 18:03:39.655240 シナリオ走行を開始しました [シナリオ名: 新規ユーザー登録]
[ADMIN] 18:03:39.656786 シナリオ走行を終了しました [シナリオ名: ログイン]
[ADMIN] 18:03:39.656800 シナリオ走行を開始しました [シナリオ名: ログイン]
[ADMIN] 18:03:39.657940 シナリオ走行を終了しました [シナリオ名: 新規ユーザー登録]
[ADMIN] 18:03:39.657960 シナリオ走行を開始しました [シナリオ名: 新規ユーザー登録]
[ADMIN] 18:03:39.658260 シナリオ走行を終了しました [シナリオ名: 新規ユーザー登録]
[ADMIN] 18:03:39.658283 シナリオ走行を開始しました [シナリオ名: 新規ユーザー登録]
[ADMIN] 18:03:39.658450 シナリオ走行を終了しました [シナリオ名: 新規ユーザー登録]
[ADMIN] 18:03:39.658469 シナリオ走行を開始しました [シナリオ名: 新規ユーザー登録]
[ADMIN] 18:03:39.663075 シナリオ走行を終了しました [シナリオ名: 新規ユーザー登録]
[ADMIN] 18:03:39.663090 シナリオ走行を開始しました [シナリオ名: 新規ユーザー登録]
[ADMIN] 18:03:39.671553 シナリオ走行を終了しました [シナリオ名: 新規ユーザー登録]
[ADMIN] 18:03:39.671571 シナリオ走行を開始しました [シナリオ名: 新規ユーザー登録]
[ADMIN] 18:03:39.708271 シナリオ走行を終了しました [シナリオ名: ログイン]
[ADMIN] 18:03:39.708286 シナリオ走行を開始しました [シナリオ名: ログイン]
[ADMIN] 18:03:39.714744 シナリオ走行を終了しました [シナリオ名: Banユーザログイン]
[ADMIN] 18:03:39.714758 シナリオ走行を開始しました [シナリオ名: Banユーザログイン]
[ADMIN] 18:03:39.718691 シナリオ走行を終了しました [シナリオ名: ログイン]
[ADMIN] 18:03:39.718702 シナリオ走行を開始しました [シナリオ名: ログイン]
[ADMIN] 18:03:39.734297 シナリオ走行を終了しました [シナリオ名: ログイン]
[ADMIN] 18:03:39.734307 シナリオ走行を開始しました [シナリオ名: ログイン]
[ADMIN] 18:03:39.744431 シナリオ走行を終了しました [シナリオ名: ログイン]
[ADMIN] 18:03:39.744443 シナリオ走行を開始しました [シナリオ名: ログイン]
[ADMIN] 18:03:39.746058 シナリオ走行を終了しました [シナリオ名: 新規ユーザー登録]
[ADMIN] 18:03:39.746075 シナリオ走行を開始しました [シナリオ名: 新規ユーザー登録]
[ADMIN] 18:03:39.757979 シナリオ走行を終了しました [シナリオ名: 新規ユーザー登録]
[ADMIN] 18:03:39.757997 シナリオ走行を開始しました [シナリオ名: 新規ユーザー登録]
[ADMIN] 18:03:39.799705 シナリオ走行を終了しました [シナリオ名: ログイン]
[ADMIN] 18:03:39.799716 シナリオ走行を開始しました [シナリオ名: ログイン]
[ADMIN] 18:03:39.803011 シナリオ走行を終了しました [シナリオ名: ログイン]
[ADMIN] 18:03:39.803022 シナリオ走行を開始しました [シナリオ名: ログイン]
[ADMIN] 18:03:39.807183 シナリオ走行を終了しました [シナリオ名: ログイン]
[ADMIN] 18:03:39.807191 シナリオ走行を開始しました [シナリオ名: ログイン]
[ADMIN] 18:03:39.818605 シナリオ走行を終了しました [シナリオ名: ログイン]
[ADMIN] 18:03:39.818629 シナリオ走行を開始しました [シナリオ名: ログイン]
[ADMIN] 18:03:39.888542 シナリオ走行を終了しました [シナリオ名: Banユーザログイン]
[ADMIN] 18:03:39.888559 シナリオ走行を開始しました [シナリオ名: Banユーザログイン]
[ADMIN] 18:03:39.917816 シナリオ走行を終了しました [シナリオ名: Banユーザログイン]
[ADMIN] 18:03:39.917832 シナリオ走行を開始しました [シナリオ名: Banユーザログイン]
[ADMIN] 18:03:39.946577 シナリオ走行を終了しました [シナリオ名: ログイン]
[ADMIN] 18:03:39.946594 シナリオ走行を開始しました [シナリオ名: ログイン]
[ADMIN] 18:03:39.946926 シナリオ走行を終了しました [シナリオ名: ログイン]
[ADMIN] 18:03:39.946950 シナリオ走行を開始しました [シナリオ名: ログイン]
[ADMIN] 18:03:39.956324 シナリオ走行を終了しました [シナリオ名: ログイン]
[ADMIN] 18:03:39.956332 シナリオ走行を開始しました [シナリオ名: ログイン]
[ADMIN] 18:03:39.966543 シナリオ走行を終了しました [シナリオ名: ログイン]
[ADMIN] 18:03:39.966554 シナリオ走行を開始しました [シナリオ名: ログイン]
[ADMIN] 18:03:39.969094 シナリオ走行を終了しました [シナリオ名: Banユーザログイン]
[ADMIN] 18:03:39.969105 シナリオ走行を開始しました [シナリオ名: Banユーザログイン]
[ADMIN] 18:03:39.984695 シナリオ走行を終了しました [シナリオ名: Banユーザログイン]
[ADMIN] 18:03:39.984710 シナリオ走行を開始しました [シナリオ名: Banユーザログイン]
[ADMIN] 18:03:39.988067 シナリオ走行を終了しました [シナリオ名: 新規ユーザー登録]
[ADMIN] 18:03:39.988084 シナリオ走行を開始しました [シナリオ名: 新規ユーザー登録]
[ADMIN] 18:03:40.043414 シナリオ走行を終了しました [シナリオ名: ログイン]
[ADMIN] 18:03:40.043426 シナリオ走行を開始しました [シナリオ名: ログイン]
[ADMIN] 18:03:40.081597 シナリオ走行を終了しました [シナリオ名: ログイン]
[ADMIN] 18:03:40.081607 シナリオ走行を開始しました [シナリオ名: ログイン]
[ADMIN] 18:03:40.085207 シナリオ走行を終了しました [シナリオ名: Banユーザログイン]
[ADMIN] 18:03:40.085223 シナリオ走行を開始しました [シナリオ名: Banユーザログイン]
[ADMIN] 18:03:40.088807 シナリオ走行を終了しました [シナリオ名: 新規ユーザー登録]
[ADMIN] 18:03:40.088826 シナリオ走行を開始しました [シナリオ名: 新規ユーザー登録]
[ADMIN] 18:03:40.152059 シナリオ走行を終了しました [シナリオ名: 新規ユーザー登録]
[ADMIN] 18:03:40.152083 シナリオ走行を開始しました [シナリオ名: 新規ユーザー登録]
[ADMIN] 18:03:40.155130 シナリオ走行を終了しました [シナリオ名: Banユーザログイン]
[ADMIN] 18:03:40.155144 シナリオ走行を開始しました [シナリオ名: Banユーザログイン]
[ADMIN] 18:03:40.161597 シナリオ走行を終了しました [シナリオ名: ログイン]
[ADMIN] 18:03:40.161605 シナリオ走行を開始しました [シナリオ名: ログイン]
[ADMIN] 18:03:40.164164 シナリオ走行を終了しました [シナリオ名: 新規ユーザー登録]
[ADMIN] 18:03:40.164183 シナリオ走行を開始しました [シナリオ名: 新規ユーザー登録]
[ADMIN] 18:03:40.216969 シナリオ走行を終了しました [シナリオ名: ログイン]
[ADMIN] 18:03:40.216981 シナリオ走行を開始しました [シナリオ名: ログイン]
[ADMIN] 18:03:40.221229 シナリオ走行を終了しました [シナリオ名: 新規ユーザー登録]
[ADMIN] 18:03:40.221248 シナリオ走行を開始しました [シナリオ名: 新規ユーザー登録]
[ADMIN] 18:03:40.229538 シナリオ走行を終了しました [シナリオ名: ログイン]
[ADMIN] 18:03:40.229547 シナリオ走行を開始しました [シナリオ名: ログイン]
[ADMIN] 18:03:40.266846 シナリオ走行を終了しました [シナリオ名: ログイン]
[ADMIN] 18:03:40.266860 シナリオ走行を開始しました [シナリオ名: ログイン]
[ADMIN] 18:03:40.269113 シナリオ走行を終了しました [シナリオ名: ログイン]
[ADMIN] 18:03:40.269123 シナリオ走行を開始しました [シナリオ名: ログイン]
[ADMIN] 18:03:40.282723 シナリオ走行を終了しました [シナリオ名: 新規ユーザー登録]
[ADMIN] 18:03:40.282745 シナリオ走行を開始しました [シナリオ名: 新規ユーザー登録]
[ADMIN] 18:03:40.286800 シナリオ走行を終了しました [シナリオ名: ログイン]
[ADMIN] 18:03:40.286812 シナリオ走行を開始しました [シナリオ名: ログイン]
[ADMIN] 18:03:40.289556 シナリオ走行を終了しました [シナリオ名: Banユーザログイン]
[ADMIN] 18:03:40.289567 シナリオ走行を開始しました [シナリオ名: Banユーザログイン]
[ADMIN] 18:03:40.295284 シナリオ走行を終了しました [シナリオ名: ログイン]
[ADMIN] 18:03:40.295295 シナリオ走行を開始しました [シナリオ名: ログイン]
[ADMIN] 18:03:40.305281 シナリオ走行を終了しました [シナリオ名: ログイン]
[ADMIN] 18:03:40.305290 シナリオ走行を開始しました [シナリオ名: ログイン]
[ADMIN] 18:03:40.307146 シナリオ走行を終了しました [シナリオ名: ログイン]
[ADMIN] 18:03:40.307156 シナリオ走行を開始しました [シナリオ名: ログイン]
[ADMIN] 18:03:40.352101 シナリオ走行を終了しました [シナリオ名: 新規ユーザー登録]
[ADMIN] 18:03:40.352144 シナリオ走行を開始しました [シナリオ名: 新規ユーザー登録]
[ADMIN] 18:03:40.352308 シナリオ走行を終了しました [シナリオ名: ログイン]
[ADMIN] 18:03:40.352319 シナリオ走行を開始しました [シナリオ名: ログイン]
[ADMIN] 18:03:40.352569 シナリオ走行を終了しました [シナリオ名: ログイン]
[ADMIN] 18:03:40.352581 シナリオ走行を開始しました [シナリオ名: ログイン]
[ADMIN] 18:03:40.352757 シナリオ走行を終了しました [シナリオ名: ログイン]
[ADMIN] 18:03:40.352768 シナリオ走行を開始しました [シナリオ名: ログイン]
[ADMIN] 18:03:40.372103 シナリオ走行を終了しました [シナリオ名: 新規ユーザー登録]
[ADMIN] 18:03:40.372131 シナリオ走行を開始しました [シナリオ名: 新規ユーザー登録]
[ADMIN] 18:03:40.374395 シナリオ走行を終了しました [シナリオ名: 新規ユーザー登録]
[ADMIN] 18:03:40.374415 シナリオ走行を開始しました [シナリオ名: 新規ユーザー登録]
[ADMIN] 18:03:40.388640 シナリオ走行を終了しました [シナリオ名: ログイン]
[ADMIN] 18:03:40.388653 シナリオ走行を開始しました [シナリオ名: ログイン]
[ADMIN] 18:03:40.394006 シナリオ走行を終了しました [シナリオ名: Banユーザログイン]
[ADMIN] 18:03:40.394023 シナリオ走行を開始しました [シナリオ名: Banユーザログイン]
[ADMIN] 18:03:40.400633 シナリオ走行を終了しました [シナリオ名: 新規ユーザー登録]
[ADMIN] 18:03:40.400653 シナリオ走行を開始しました [シナリオ名: 新規ユーザー登録]
[ADMIN] 18:03:40.404508 シナリオ走行を終了しました [シナリオ名: ログイン]
[ADMIN] 18:03:40.404519 シナリオ走行を開始しました [シナリオ名: ログイン]
[ADMIN] 18:03:40.406575 シナリオ走行を終了しました [シナリオ名: 新規ユーザー登録]
[ADMIN] 18:03:40.406592 シナリオ走行を開始しました [シナリオ名: 新規ユーザー登録]
[ADMIN] 18:03:40.420608 シナリオ走行を終了しました [シナリオ名: 新規ユーザー登録]
[ADMIN] 18:03:40.420630 シナリオ走行を開始しました [シナリオ名: 新規ユーザー登録]
[ADMIN] 18:03:40.420974 シナリオ走行を終了しました [シナリオ名: ログイン]
[ADMIN] 18:03:40.420993 シナリオ走行を開始しました [シナリオ名: ログイン]
[ADMIN] 18:03:40.436138 シナリオ走行を終了しました [シナリオ名: ログイン]
[ADMIN] 18:03:40.436149 シナリオ走行を開始しました [シナリオ名: ログイン]
[ADMIN] 18:03:40.441150 シナリオ走行を終了しました [シナリオ名: ログイン]
[ADMIN] 18:03:40.441158 シナリオ走行を開始しました [シナリオ名: ログイン]
[ADMIN] 18:03:40.455725 シナリオ走行を終了しました [シナリオ名: Banユーザログイン]
[ADMIN] 18:03:40.455746 シナリオ走行を開始しました [シナリオ名: Banユーザログイン]
[ADMIN] 18:03:40.483274 シナリオ走行を終了しました [シナリオ名: ログイン]
[ADMIN] 18:03:40.483285 シナリオ走行を開始しました [シナリオ名: ログイン]
[ADMIN] 18:03:40.490302 シナリオ走行を終了しました [シナリオ名: Banユーザログイン]
[ADMIN] 18:03:40.490313 シナリオ走行を開始しました [シナリオ名: Banユーザログイン]
[ADMIN] 18:03:40.496516 シナリオ走行を終了しました [シナリオ名: ログイン]
[ADMIN] 18:03:40.496527 シナリオ走行を開始しました [シナリオ名: ログイン]
[ADMIN] 18:03:40.502464 シナリオ走行を終了しました [シナリオ名: ログイン]
[ADMIN] 18:03:40.502473 シナリオ走行を開始しました [シナリオ名: ログイン]
[ADMIN] 18:03:40.512069 シナリオ走行を終了しました [シナリオ名: ログイン]
[ADMIN] 18:03:40.512078 シナリオ走行を開始しました [シナリオ名: ログイン]
[ADMIN] 18:03:40.533969 シナリオ走行を終了しました [シナリオ名: 新規ユーザー登録]
[ADMIN] 18:03:40.533989 シナリオ走行を開始しました [シナリオ名: 新規ユーザー登録]
[ADMIN] 18:03:40.538388 シナリオ走行を終了しました [シナリオ名: 新規ユーザー登録]
[ADMIN] 18:03:40.538404 シナリオ走行を開始しました [シナリオ名: 新規ユーザー登録]
[ADMIN] 18:03:40.567407 シナリオ走行を終了しました [シナリオ名: 新規ユーザー登録]
[ADMIN] 18:03:40.567427 シナリオ走行を開始しました [シナリオ名: 新規ユーザー登録]
[ADMIN] 18:03:40.588740 シナリオ走行を終了しました [シナリオ名: ログイン]
[ADMIN] 18:03:40.588757 シナリオ走行を開始しました [シナリオ名: ログイン]
[ADMIN] 18:03:40.611252 シナリオ走行を終了しました [シナリオ名: Banユーザログイン]
[ADMIN] 18:03:40.611267 シナリオ走行を開始しました [シナリオ名: Banユーザログイン]
[ADMIN] 18:03:40.618150 シナリオ走行を終了しました [シナリオ名: 新規ユーザー登録]
[ADMIN] 18:03:40.618169 シナリオ走行を開始しました [シナリオ名: 新規ユーザー登録]
[ADMIN] 18:03:40.619220 シナリオ走行を終了しました [シナリオ名: ログイン]
[ADMIN] 18:03:40.619231 シナリオ走行を開始しました [シナリオ名: ログイン]
[ADMIN] 18:03:40.648299 シナリオ走行を終了しました [シナリオ名: 新規ユーザー登録]
[ADMIN] 18:03:40.648322 シナリオ走行を開始しました [シナリオ名: 新規ユーザー登録]
[ADMIN] 18:03:40.652746 シナリオ走行を終了しました [シナリオ名: Banユーザログイン]
[ADMIN] 18:03:40.652763 シナリオ走行を開始しました [シナリオ名: Banユーザログイン]
[ADMIN] 18:03:40.671014 シナリオ走行を終了しました [シナリオ名: 新規ユーザー登録]
[ADMIN] 18:03:40.671036 シナリオ走行を開始しました [シナリオ名: 新規ユーザー登録]
[ADMIN] 18:03:40.682213 シナリオ走行を終了しました [シナリオ名: ログイン]
[ADMIN] 18:03:40.682224 シナリオ走行を開始しました [シナリオ名: ログイン]
[ADMIN] 18:03:40.716521 シナリオ走行を終了しました [シナリオ名: 新規ユーザー登録]
[ADMIN] 18:03:40.716540 シナリオ走行を開始しました [シナリオ名: 新規ユーザー登録]
[ADMIN] 18:03:40.719183 シナリオ走行を終了しました [シナリオ名: 新規ユーザー登録]
[ADMIN] 18:03:40.719204 シナリオ走行を開始しました [シナリオ名: 新規ユーザー登録]
[ADMIN] 18:03:40.720969 シナリオ走行を終了しました [シナリオ名: ログイン]
[ADMIN] 18:03:40.720979 シナリオ走行を開始しました [シナリオ名: ログイン]
[ADMIN] 18:03:40.733172 シナリオ走行を終了しました [シナリオ名: ログイン]
[ADMIN] 18:03:40.733183 シナリオ走行を開始しました [シナリオ名: ログイン]
[ADMIN] 18:03:40.743070 シナリオ走行を終了しました [シナリオ名: ログイン]
[ADMIN] 18:03:40.743080 シナリオ走行を開始しました [シナリオ名: ログイン]
[ADMIN] 18:03:40.745532 シナリオ走行を終了しました [シナリオ名: 新規ユーザー登録]
[ADMIN] 18:03:40.745550 シナリオ走行を開始しました [シナリオ名: 新規ユーザー登録]
[ADMIN] 18:03:40.746153 シナリオ走行を終了しました [シナリオ名: 新規ユーザー登録]
[ADMIN] 18:03:40.746167 シナリオ走行を開始しました [シナリオ名: 新規ユーザー登録]
[ADMIN] 18:03:40.751331 シナリオ走行を終了しました [シナリオ名: 新規ユーザー登録]
[ADMIN] 18:03:40.751346 シナリオ走行を開始しました [シナリオ名: 新規ユーザー登録]
[ADMIN] 18:03:40.752292 シナリオ走行を終了しました [シナリオ名: ログイン]
[ADMIN] 18:03:40.752300 シナリオ走行を開始しました [シナリオ名: ログイン]
[ADMIN] 18:03:40.755510 シナリオ走行を終了しました [シナリオ名: ログイン]
[ADMIN] 18:03:40.755519 シナリオ走行を開始しました [シナリオ名: ログイン]
[ADMIN] 18:03:40.758350 シナリオ走行を終了しました [シナリオ名: 新規ユーザー登録]
[ADMIN] 18:03:40.758368 シナリオ走行を開始しました [シナリオ名: 新規ユーザー登録]
[ADMIN] 18:03:40.759453 シナリオ走行を終了しました [シナリオ名: 新規ユーザー登録]
[ADMIN] 18:03:40.759465 シナリオ走行を開始しました [シナリオ名: 新規ユーザー登録]
[ADMIN] 18:03:40.772218 シナリオ走行を終了しました [シナリオ名: ログイン]
[ADMIN] 18:03:40.772227 シナリオ走行を開始しました [シナリオ名: ログイン]
[ADMIN] 18:03:40.789040 シナリオ走行を終了しました [シナリオ名: ログイン]
[ADMIN] 18:03:40.789050 シナリオ走行を開始しました [シナリオ名: ログイン]
[ADMIN] 18:03:40.801289 シナリオ走行を終了しました [シナリオ名: ログイン]
[ADMIN] 18:03:40.801298 シナリオ走行を開始しました [シナリオ名: ログイン]
[ADMIN] 18:03:40.804984 シナリオ走行を終了しました [シナリオ名: Banユーザログイン]
[ADMIN] 18:03:40.805002 シナリオ走行を開始しました [シナリオ名: Banユーザログイン]
[ADMIN] 18:03:40.810839 シナリオ走行を終了しました [シナリオ名: 新規ユーザー登録]
[ADMIN] 18:03:40.810855 シナリオ走行を開始しました [シナリオ名: 新規ユーザー登録]
[ADMIN] 18:03:40.816626 シナリオ走行を終了しました [シナリオ名: ログイン]
[ADMIN] 18:03:40.816635 シナリオ走行を開始しました [シナリオ名: ログイン]
[ADMIN] 18:03:40.825920 シナリオ走行を終了しました [シナリオ名: 新規ユーザー登録]
[ADMIN] 18:03:40.825934 シナリオ走行を開始しました [シナリオ名: 新規ユーザー登録]
[ADMIN] 18:03:40.831679 シナリオ走行を終了しました [シナリオ名: 新規ユーザー登録]
[ADMIN] 18:03:40.831693 シナリオ走行を開始しました [シナリオ名: 新規ユーザー登録]
[ADMIN] 18:03:40.834938 シナリオ走行を終了しました [シナリオ名: ログイン]
[ADMIN] 18:03:40.834946 シナリオ走行を開始しました [シナリオ名: ログイン]
[ADMIN] 18:03:40.841736 シナリオ走行を終了しました [シナリオ名: ログイン]
[ADMIN] 18:03:40.841746 シナリオ走行を開始しました [シナリオ名: ログイン]
[ADMIN] 18:03:40.857873 シナリオ走行を終了しました [シナリオ名: Banユーザログイン]
[ADMIN] 18:03:40.857884 シナリオ走行を開始しました [シナリオ名: Banユーザログイン]
[ADMIN] 18:03:40.863324 シナリオ走行を終了しました [シナリオ名: Banユーザログイン]
[ADMIN] 18:03:40.863337 シナリオ走行を開始しました [シナリオ名: Banユーザログイン]
[ADMIN] 18:03:40.867358 シナリオ走行を終了しました [シナリオ名: 新規ユーザー登録]
[ADMIN] 18:03:40.867374 シナリオ走行を開始しました [シナリオ名: 新規ユーザー登録]
[ADMIN] 18:03:40.910913 シナリオ走行を終了しました [シナリオ名: 新規ユーザー登録]
[ADMIN] 18:03:40.910932 シナリオ走行を開始しました [シナリオ名: 新規ユーザー登録]
[ADMIN] 18:03:40.914687 シナリオ走行を終了しました [シナリオ名: 新規ユーザー登録]
[ADMIN] 18:03:40.914705 シナリオ走行を開始しました [シナリオ名: 新規ユーザー登録]
[ADMIN] 18:03:40.918448 シナリオ走行を終了しました [シナリオ名: 新規ユーザー登録]
[ADMIN] 18:03:40.918465 シナリオ走行を開始しました [シナリオ名: 新規ユーザー登録]
[ADMIN] 18:03:40.963424 シナリオ走行を終了しました [シナリオ名: 新規ユーザー登録]
[ADMIN] 18:03:40.963442 シナリオ走行を開始しました [シナリオ名: 新規ユーザー登録]
[ADMIN] 18:03:40.977573 シナリオ走行を終了しました [シナリオ名: 新規ユーザー登録]
[ADMIN] 18:03:40.977588 シナリオ走行を開始しました [シナリオ名: 新規ユーザー登録]
[ADMIN] 18:03:40.998688 シナリオ走行を終了しました [シナリオ名: 新規ユーザー登録]
[ADMIN] 18:03:40.998704 シナリオ走行を開始しました [シナリオ名: 新規ユーザー登録]
[ADMIN] 18:03:41.008332 シナリオ走行を終了しました [シナリオ名: ログイン]
[ADMIN] 18:03:41.008342 シナリオ走行を開始しました [シナリオ名: ログイン]
[ADMIN] 18:03:41.014578 シナリオ走行を終了しました [シナリオ名: 新規ユーザー登録]
[ADMIN] 18:03:41.014594 シナリオ走行を開始しました [シナリオ名: 新規ユーザー登録]
[ADMIN] 18:03:41.016081 シナリオ走行を終了しました [シナリオ名: Banユーザログイン]
[ADMIN] 18:03:41.016095 シナリオ走行を開始しました [シナリオ名: Banユーザログイン]
[ADMIN] 18:03:41.023384 シナリオ走行を終了しました [シナリオ名: 新規ユーザー登録]
[ADMIN] 18:03:41.023398 シナリオ走行を開始しました [シナリオ名: 新規ユーザー登録]
[ADMIN] 18:03:41.027491 シナリオ走行を終了しました [シナリオ名: 新規ユーザー登録]
[ADMIN] 18:03:41.027507 シナリオ走行を開始しました [シナリオ名: 新規ユーザー登録]
[ADMIN] 18:03:41.029139 シナリオ走行を終了しました [シナリオ名: ログイン]
[ADMIN] 18:03:41.029150 シナリオ走行を開始しました [シナリオ名: ログイン]
[ADMIN] 18:03:41.032794 シナリオ走行を終了しました [シナリオ名: Banユーザログイン]
[ADMIN] 18:03:41.032808 シナリオ走行を開始しました [シナリオ名: Banユーザログイン]
[ADMIN] 18:03:41.036984 シナリオ走行を終了しました [シナリオ名: ログイン]
[ADMIN] 18:03:41.036996 シナリオ走行を開始しました [シナリオ名: ログイン]
[ADMIN] 18:03:41.061943 シナリオ走行を終了しました [シナリオ名: ログイン]
[ADMIN] 18:03:41.061956 シナリオ走行を開始しました [シナリオ名: ログイン]
[ADMIN] 18:03:41.116543 シナリオ走行を終了しました [シナリオ名: 新規ユーザー登録]
[ADMIN] 18:03:41.116563 シナリオ走行を開始しました [シナリオ名: 新規ユーザー登録]
[ADMIN] 18:03:41.123336 シナリオ走行を終了しました [シナリオ名: ログイン]
[ADMIN] 18:03:41.123348 シナリオ走行を開始しました [シナリオ名: ログイン]
[ADMIN] 18:03:41.133131 シナリオ走行を終了しました [シナリオ名: 新規ユーザー登録]
[ADMIN] 18:03:41.133147 シナリオ走行を開始しました [シナリオ名: 新規ユーザー登録]
[ADMIN] 18:03:41.138884 シナリオ走行を終了しました [シナリオ名: 新規ユーザー登録]
[ADMIN] 18:03:41.138904 シナリオ走行を開始しました [シナリオ名: 新規ユーザー登録]
[ADMIN] 18:03:41.146141 シナリオ走行を終了しました [シナリオ名: 新規ユーザー登録]
[ADMIN] 18:03:41.146159 シナリオ走行を開始しました [シナリオ名: 新規ユーザー登録]
[ADMIN] 18:03:41.170744 シナリオ走行を終了しました [シナリオ名: Banユーザログイン]
[ADMIN] 18:03:41.170761 シナリオ走行を開始しました [シナリオ名: Banユーザログイン]
[ADMIN] 18:03:41.175037 シナリオ走行を終了しました [シナリオ名: ログイン]
[ADMIN] 18:03:41.175047 シナリオ走行を開始しました [シナリオ名: ログイン]
[ADMIN] 18:03:41.180147 シナリオ走行を終了しました [シナリオ名: 新規ユーザー登録]
[ADMIN] 18:03:41.180164 シナリオ走行を開始しました [シナリオ名: 新規ユーザー登録]
[ADMIN] 18:03:41.183710 シナリオ走行を終了しました [シナリオ名: 新規ユーザー登録]
[ADMIN] 18:03:41.183728 シナリオ走行を開始しました [シナリオ名: 新規ユーザー登録]
[ADMIN] 18:03:41.196624 シナリオ走行を終了しました [シナリオ名: Banユーザログイン]
[ADMIN] 18:03:41.196643 シナリオ走行を開始しました [シナリオ名: Banユーザログイン]
[ADMIN] 18:03:41.198087 シナリオ走行を終了しました [シナリオ名: 新規ユーザー登録]
[ADMIN] 18:03:41.198106 シナリオ走行を開始しました [シナリオ名: 新規ユーザー登録]
[ADMIN] 18:03:41.203422 シナリオ走行を終了しました [シナリオ名: ログイン]
[ADMIN] 18:03:41.203432 シナリオ走行を開始しました [シナリオ名: ログイン]
[ADMIN] 18:03:41.215204 シナリオ走行を終了しました [シナリオ名: 新規ユーザー登録]
[ADMIN] 18:03:41.215223 シナリオ走行を開始しました [シナリオ名: 新規ユーザー登録]
[ADMIN] 18:03:41.222762 シナリオ走行を終了しました [シナリオ名: ログイン]
[ADMIN] 18:03:41.222772 シナリオ走行を開始しました [シナリオ名: ログイン]
[ADMIN] 18:03:41.228702 シナリオ走行を終了しました [シナリオ名: ログイン]
[ADMIN] 18:03:41.228713 シナリオ走行を開始しました [シナリオ名: ログイン]
[ADMIN] 18:03:41.230045 シナリオ走行を終了しました [シナリオ名: ログイン]
[ADMIN] 18:03:41.230054 シナリオ走行を開始しました [シナリオ名: ログイン]
[ADMIN] 18:03:41.245230 シナリオ走行を終了しました [シナリオ名: 新規ユーザー登録]
[ADMIN] 18:03:41.245249 シナリオ走行を開始しました [シナリオ名: 新規ユーザー登録]
[ADMIN] 18:03:41.251761 シナリオ走行を終了しました [シナリオ名: 新規ユーザー登録]
[ADMIN] 18:03:41.251780 シナリオ走行を開始しました [シナリオ名: 新規ユーザー登録]
[ADMIN] 18:03:41.267500 シナリオ走行を終了しました [シナリオ名: 新規ユーザー登録]
[ADMIN] 18:03:41.267520 シナリオ走行を開始しました [シナリオ名: 新規ユーザー登録]
[ADMIN] 18:03:41.275093 シナリオ走行を終了しました [シナリオ名: 新規ユーザー登録]
[ADMIN] 18:03:41.275111 シナリオ走行を開始しました [シナリオ名: 新規ユーザー登録]
[ADMIN] 18:03:41.297599 シナリオ走行を終了しました [シナリオ名: Banユーザログイン]
[ADMIN] 18:03:41.297620 シナリオ走行を開始しました [シナリオ名: Banユーザログイン]
[ADMIN] 18:03:41.343144 シナリオ走行を終了しました [シナリオ名: 新規ユーザー登録]
[ADMIN] 18:03:41.343174 シナリオ走行を開始しました [シナリオ名: 新規ユーザー登録]
[ADMIN] 18:03:41.361473 シナリオ走行を終了しました [シナリオ名: Banユーザログイン]
[ADMIN] 18:03:41.361497 シナリオ走行を開始しました [シナリオ名: Banユーザログイン]
[ADMIN] 18:03:41.369270 シナリオ走行を終了しました [シナリオ名: Banユーザログイン]
[ADMIN] 18:03:41.369286 シナリオ走行を開始しました [シナリオ名: Banユーザログイン]
[ADMIN] 18:03:41.377778 シナリオ走行を終了しました [シナリオ名: ログイン]
[ADMIN] 18:03:41.377790 シナリオ走行を開始しました [シナリオ名: ログイン]
[ADMIN] 18:03:41.399599 シナリオ走行を終了しました [シナリオ名: ログイン]
[ADMIN] 18:03:41.399612 シナリオ走行を開始しました [シナリオ名: ログイン]
[ADMIN] 18:03:41.407748 シナリオ走行を終了しました [シナリオ名: 新規ユーザー登録]
[ADMIN] 18:03:41.407771 シナリオ走行を開始しました [シナリオ名: 新規ユーザー登録]
[ADMIN] 18:03:41.460893 シナリオ走行を終了しました [シナリオ名: ログイン]
[ADMIN] 18:03:41.460909 シナリオ走行を開始しました [シナリオ名: ログイン]
[ADMIN] 18:03:41.472735 シナリオ走行を終了しました [シナリオ名: ログイン]
[ADMIN] 18:03:41.472746 シナリオ走行を開始しました [シナリオ名: ログイン]
[ADMIN] 18:03:41.474261 シナリオ走行を終了しました [シナリオ名: 新規ユーザー登録]
[ADMIN] 18:03:41.474278 シナリオ走行を開始しました [シナリオ名: 新規ユーザー登録]
[ADMIN] 18:03:41.502862 シナリオ走行を終了しました [シナリオ名: ログイン]
[ADMIN] 18:03:41.502874 シナリオ走行を開始しました [シナリオ名: ログイン]
[ADMIN] 18:03:41.512501 シナリオ走行を終了しました [シナリオ名: 新規ユーザー登録]
[ADMIN] 18:03:41.512526 シナリオ走行を開始しました [シナリオ名: 新規ユーザー登録]
[ADMIN] 18:03:41.522945 シナリオ走行を終了しました [シナリオ名: ログイン]
[ADMIN] 18:03:41.522960 シナリオ走行を開始しました [シナリオ名: ログイン]
[ADMIN] 18:03:41.549201 シナリオ走行を終了しました [シナリオ名: ログイン]
[ADMIN] 18:03:41.549214 シナリオ走行を開始しました [シナリオ名: ログイン]
[ADMIN] 18:03:41.563426 シナリオ走行を終了しました [シナリオ名: ログイン]
[ADMIN] 18:03:41.563438 シナリオ走行を開始しました [シナリオ名: ログイン]
[ADMIN] 18:03:41.585776 シナリオ走行を終了しました [シナリオ名: ログイン]
[ADMIN] 18:03:41.585788 シナリオ走行を開始しました [シナリオ名: ログイン]
[ADMIN] 18:03:41.594143 シナリオ走行を終了しました [シナリオ名: ログイン]
[ADMIN] 18:03:41.594154 シナリオ走行を開始しました [シナリオ名: ログイン]
[ADMIN] 18:03:41.601742 シナリオ走行を終了しました [シナリオ名: 新規ユーザー登録]
[ADMIN] 18:03:41.601760 シナリオ走行を開始しました [シナリオ名: 新規ユーザー登録]
[ADMIN] 18:03:41.610578 シナリオ走行を終了しました [シナリオ名: ログイン]
[ADMIN] 18:03:41.610589 シナリオ走行を開始しました [シナリオ名: ログイン]
[ADMIN] 18:03:41.615668 シナリオ走行を終了しました [シナリオ名: ログイン]
[ADMIN] 18:03:41.615680 シナリオ走行を開始しました [シナリオ名: ログイン]
[ADMIN] 18:03:41.617306 シナリオ走行を終了しました [シナリオ名: ログイン]
[ADMIN] 18:03:41.617318 シナリオ走行を開始しました [シナリオ名: ログイン]
[ADMIN] 18:03:41.648736 シナリオ走行を終了しました [シナリオ名: 新規ユーザー登録]
[ADMIN] 18:03:41.648756 シナリオ走行を開始しました [シナリオ名: 新規ユーザー登録]
[ADMIN] 18:03:41.658981 シナリオ走行を終了しました [シナリオ名: ログイン]
[ADMIN] 18:03:41.658992 シナリオ走行を開始しました [シナリオ名: ログイン]
[ADMIN] 18:03:41.694464 シナリオ走行を終了しました [シナリオ名: 新規ユーザー登録]
[ADMIN] 18:03:41.694486 シナリオ走行を開始しました [シナリオ名: 新規ユーザー登録]
[ADMIN] 18:03:41.696459 シナリオ走行を終了しました [シナリオ名: ログイン]
[ADMIN] 18:03:41.696468 シナリオ走行を開始しました [シナリオ名: ログイン]
[ADMIN] 18:03:41.710381 シナリオ走行を終了しました [シナリオ名: ログイン]
[ADMIN] 18:03:41.710391 シナリオ走行を開始しました [シナリオ名: ログイン]
[ADMIN] 18:03:41.713933 シナリオ走行を終了しました [シナリオ名: Banユーザログイン]
[ADMIN] 18:03:41.713964 シナリオ走行を開始しました [シナリオ名: Banユーザログイン]
[ADMIN] 18:03:41.716113 シナリオ走行を終了しました [シナリオ名: 新規ユーザー登録]
[ADMIN] 18:03:41.716133 シナリオ走行を開始しました [シナリオ名: 新規ユーザー登録]
[ADMIN] 18:03:41.728043 シナリオ走行を終了しました [シナリオ名: 新規ユーザー登録]
[ADMIN] 18:03:41.728058 シナリオ走行を開始しました [シナリオ名: 新規ユーザー登録]
[ADMIN] 18:03:41.738561 シナリオ走行を終了しました [シナリオ名: Banユーザログイン]
[ADMIN] 18:03:41.738576 シナリオ走行を開始しました [シナリオ名: Banユーザログイン]
[ADMIN] 18:03:41.748820 シナリオ走行を終了しました [シナリオ名: 新規ユーザー登録]
[ADMIN] 18:03:41.748837 シナリオ走行を開始しました [シナリオ名: 新規ユーザー登録]
[ADMIN] 18:03:41.758937 シナリオ走行を終了しました [シナリオ名: ログイン]
[ADMIN] 18:03:41.758948 シナリオ走行を開始しました [シナリオ名: ログイン]
[ADMIN] 18:03:41.758991 シナリオ走行を終了しました [シナリオ名: 新規ユーザー登録]
[ADMIN] 18:03:41.759014 シナリオ走行を開始しました [シナリオ名: 新規ユーザー登録]
[ADMIN] 18:03:41.770912 シナリオ走行を終了しました [シナリオ名: ログイン]
[ADMIN] 18:03:41.770924 シナリオ走行を開始しました [シナリオ名: ログイン]
[ADMIN] 18:03:41.779488 シナリオ走行を終了しました [シナリオ名: ログイン]
[ADMIN] 18:03:41.779499 シナリオ走行を開始しました [シナリオ名: ログイン]
[ADMIN] 18:03:41.781114 シナリオ走行を終了しました [シナリオ名: 新規ユーザー登録]
[ADMIN] 18:03:41.781128 シナリオ走行を開始しました [シナリオ名: 新規ユーザー登録]
[ADMIN] 18:03:41.786384 シナリオ走行を終了しました [シナリオ名: ログイン]
[ADMIN] 18:03:41.786392 シナリオ走行を開始しました [シナリオ名: ログイン]
[ADMIN] 18:03:41.788217 シナリオ走行を終了しました [シナリオ名: ログイン]
[ADMIN] 18:03:41.788227 シナリオ走行を開始しました [シナリオ名: ログイン]
[ADMIN] 18:03:41.793926 シナリオ走行を終了しました [シナリオ名: 新規ユーザー登録]
[ADMIN] 18:03:41.793944 シナリオ走行を開始しました [シナリオ名: 新規ユーザー登録]
[ADMIN] 18:03:41.839889 シナリオ走行を終了しました [シナリオ名: ログイン]
[ADMIN] 18:03:41.839904 シナリオ走行を開始しました [シナリオ名: ログイン]
[ADMIN] 18:03:41.841293 シナリオ走行を終了しました [シナリオ名: ログイン]
[ADMIN] 18:03:41.841301 シナリオ走行を開始しました [シナリオ名: ログイン]
[ADMIN] 18:03:41.877240 シナリオ走行を終了しました [シナリオ名: Banユーザログイン]
[ADMIN] 18:03:41.877256 シナリオ走行を開始しました [シナリオ名: Banユーザログイン]
[ADMIN] 18:03:41.927602 シナリオ走行を終了しました [シナリオ名: ログイン]
[ADMIN] 18:03:41.927614 シナリオ走行を開始しました [シナリオ名: ログイン]
[ADMIN] 18:03:41.930578 シナリオ走行を終了しました [シナリオ名: Banユーザログイン]
[ADMIN] 18:03:41.930593 シナリオ走行を開始しました [シナリオ名: Banユーザログイン]
[ADMIN] 18:03:41.940161 シナリオ走行を終了しました [シナリオ名: Banユーザログイン]
[ADMIN] 18:03:41.940175 シナリオ走行を開始しました [シナリオ名: Banユーザログイン]
[ADMIN] 18:03:41.946900 シナリオ走行を終了しました [シナリオ名: ログイン]
[ADMIN] 18:03:41.946908 シナリオ走行を開始しました [シナリオ名: ログイン]
[ADMIN] 18:03:41.961820 シナリオ走行を終了しました [シナリオ名: 新規ユーザー登録]
[ADMIN] 18:03:41.961840 シナリオ走行を開始しました [シナリオ名: 新規ユーザー登録]
[ADMIN] 18:03:41.965280 シナリオ走行を終了しました [シナリオ名: ログイン]
[ADMIN] 18:03:41.965290 シナリオ走行を開始しました [シナリオ名: ログイン]
[ADMIN] 18:03:41.979137 シナリオ走行を終了しました [シナリオ名: 新規ユーザー登録]
[ADMIN] 18:03:41.979155 シナリオ走行を開始しました [シナリオ名: 新規ユーザー登録]
[ADMIN] 18:03:41.995886 シナリオ走行を終了しました [シナリオ名: ログイン]
[ADMIN] 18:03:41.995899 シナリオ走行を開始しました [シナリオ名: ログイン]
[ADMIN] 18:03:42.007960 シナリオ走行を終了しました [シナリオ名: 新規ユーザー登録]
[ADMIN] 18:03:42.007981 シナリオ走行を開始しました [シナリオ名: 新規ユーザー登録]
[ADMIN] 18:03:42.009951 シナリオ走行を終了しました [シナリオ名: ログイン]
[ADMIN] 18:03:42.009963 シナリオ走行を開始しました [シナリオ名: ログイン]
[ADMIN] 18:03:42.043855 シナリオ走行を終了しました [シナリオ名: ログイン]
[ADMIN] 18:03:42.043868 シナリオ走行を開始しました [シナリオ名: ログイン]
[ADMIN] 18:03:42.048323 シナリオ走行を終了しました [シナリオ名: 新規ユーザー登録]
[ADMIN] 18:03:42.048343 シナリオ走行を開始しました [シナリオ名: 新規ユーザー登録]
[ADMIN] 18:03:42.050796 シナリオ走行を終了しました [シナリオ名: Banユーザログイン]
[ADMIN] 18:03:42.050812 シナリオ走行を開始しました [シナリオ名: Banユーザログイン]
[ADMIN] 18:03:42.052072 シナリオ走行を終了しました [シナリオ名: ログイン]
[ADMIN] 18:03:42.052084 シナリオ走行を開始しました [シナリオ名: ログイン]
[ADMIN] 18:03:42.052692 シナリオ走行を終了しました [シナリオ名: 新規ユーザー登録]
[ADMIN] 18:03:42.052706 シナリオ走行を開始しました [シナリオ名: 新規ユーザー登録]
[ADMIN] 18:03:42.054002 シナリオ走行を終了しました [シナリオ名: Banユーザログイン]
[ADMIN] 18:03:42.054044 シナリオ走行を開始しました [シナリオ名: Banユーザログイン]
[ADMIN] 18:03:42.063106 シナリオ走行を終了しました [シナリオ名: ログイン]
[ADMIN] 18:03:42.063116 シナリオ走行を開始しました [シナリオ名: ログイン]
[ADMIN] 18:03:42.072665 シナリオ走行を終了しました [シナリオ名: 新規ユーザー登録]
[ADMIN] 18:03:42.072679 シナリオ走行を開始しました [シナリオ名: 新規ユーザー登録]
[ADMIN] 18:03:42.085460 シナリオ走行を終了しました [シナリオ名: ログイン]
[ADMIN] 18:03:42.085471 シナリオ走行を開始しました [シナリオ名: ログイン]
[ADMIN] 18:03:42.108651 シナリオ走行を終了しました [シナリオ名: 新規ユーザー登録]
[ADMIN] 18:03:42.108681 シナリオ走行を開始しました [シナリオ名: 新規ユーザー登録]
[ADMIN] 18:03:42.167902 シナリオ走行を終了しました [シナリオ名: Banユーザログイン]
[ADMIN] 18:03:42.167919 シナリオ走行を開始しました [シナリオ名: Banユーザログイン]
[ADMIN] 18:03:42.197559 シナリオ走行を終了しました [シナリオ名: ログイン]
[ADMIN] 18:03:42.197579 シナリオ走行を開始しました [シナリオ名: ログイン]
[ADMIN] 18:03:42.211176 シナリオ走行を終了しました [シナリオ名: ログイン]
[ADMIN] 18:03:42.211189 シナリオ走行を開始しました [シナリオ名: ログイン]
[ADMIN] 18:03:42.231857 シナリオ走行を終了しました [シナリオ名: ログイン]
[ADMIN] 18:03:42.231869 シナリオ走行を開始しました [シナリオ名: ログイン]
[ADMIN] 18:03:42.235019 シナリオ走行を終了しました [シナリオ名: 新規ユーザー登録]
[ADMIN] 18:03:42.235036 シナリオ走行を開始しました [シナリオ名: 新規ユーザー登録]
[ADMIN] 18:03:42.235703 シナリオ走行を終了しました [シナリオ名: Banユーザログイン]
[ADMIN] 18:03:42.235721 シナリオ走行を開始しました [シナリオ名: Banユーザログイン]
[ADMIN] 18:03:42.247054 シナリオ走行を終了しました [シナリオ名: ログイン]
[ADMIN] 18:03:42.247064 シナリオ走行を開始しました [シナリオ名: ログイン]
[ADMIN] 18:03:42.247403 シナリオ走行を終了しました [シナリオ名: ログイン]
[ADMIN] 18:03:42.247433 シナリオ走行を開始しました [シナリオ名: ログイン]
[ADMIN] 18:03:42.247838 シナリオ走行を終了しました [シナリオ名: ログイン]
[ADMIN] 18:03:42.247846 シナリオ走行を開始しました [シナリオ名: ログイン]
[ADMIN] 18:03:42.305910 シナリオ走行を終了しました [シナリオ名: 新規ユーザー登録]
[ADMIN] 18:03:42.305933 シナリオ走行を開始しました [シナリオ名: 新規ユーザー登録]
[ADMIN] 18:03:42.307674 シナリオ走行を終了しました [シナリオ名: 新規ユーザー登録]
[ADMIN] 18:03:42.307693 シナリオ走行を開始しました [シナリオ名: 新規ユーザー登録]
[ADMIN] 18:03:42.312039 シナリオ走行を終了しました [シナリオ名: 新規ユーザー登録]
[ADMIN] 18:03:42.312057 シナリオ走行を開始しました [シナリオ名: 新規ユーザー登録]
[ADMIN] 18:03:42.317721 シナリオ走行を終了しました [シナリオ名: ログイン]
[ADMIN] 18:03:42.317731 シナリオ走行を開始しました [シナリオ名: ログイン]
[ADMIN] 18:03:42.322096 シナリオ走行を終了しました [シナリオ名: 新規ユーザー登録]
[ADMIN] 18:03:42.322113 シナリオ走行を開始しました [シナリオ名: 新規ユーザー登録]
[ADMIN] 18:03:42.331164 シナリオ走行を終了しました [シナリオ名: 新規ユーザー登録]
[ADMIN] 18:03:42.331183 シナリオ走行を開始しました [シナリオ名: 新規ユーザー登録]
[ADMIN] 18:03:42.336327 シナリオ走行を終了しました [シナリオ名: ログイン]
[ADMIN] 18:03:42.336337 シナリオ走行を開始しました [シナリオ名: ログイン]
[ADMIN] 18:03:42.347632 シナリオ走行を終了しました [シナリオ名: ログイン]
[ADMIN] 18:03:42.347641 シナリオ走行を開始しました [シナリオ名: ログイン]
[ADMIN] 18:03:42.349587 シナリオ走行を終了しました [シナリオ名: 新規ユーザー登録]
[ADMIN] 18:03:42.349601 シナリオ走行を開始しました [シナリオ名: 新規ユーザー登録]
[ADMIN] 18:03:42.351604 シナリオ走行を終了しました [シナリオ名: 新規ユーザー登録]
[ADMIN] 18:03:42.351620 シナリオ走行を開始しました [シナリオ名: 新規ユーザー登録]
[ADMIN] 18:03:42.359638 シナリオ走行を終了しました [シナリオ名: ログイン]
[ADMIN] 18:03:42.359649 シナリオ走行を開始しました [シナリオ名: ログイン]
[ADMIN] 18:03:42.365690 シナリオ走行を終了しました [シナリオ名: 新規ユーザー登録]
[ADMIN] 18:03:42.365704 シナリオ走行を開始しました [シナリオ名: 新規ユーザー登録]
[ADMIN] 18:03:42.372525 シナリオ走行を終了しました [シナリオ名: ログイン]
[ADMIN] 18:03:42.372533 シナリオ走行を開始しました [シナリオ名: ログイン]
[ADMIN] 18:03:42.379299 シナリオ走行を終了しました [シナリオ名: Banユーザログイン]
[ADMIN] 18:03:42.379311 シナリオ走行を開始しました [シナリオ名: Banユーザログイン]
[ADMIN] 18:03:42.390010 シナリオ走行を終了しました [シナリオ名: ログイン]
[ADMIN] 18:03:42.390019 シナリオ走行を開始しました [シナリオ名: ログイン]
[ADMIN] 18:03:42.400536 シナリオ走行を終了しました [シナリオ名: 新規ユーザー登録]
[ADMIN] 18:03:42.400554 シナリオ走行を開始しました [シナリオ名: 新規ユーザー登録]
[ADMIN] 18:03:42.402492 シナリオ走行を終了しました [シナリオ名: 新規ユーザー登録]
[ADMIN] 18:03:42.402510 シナリオ走行を開始しました [シナリオ名: 新規ユーザー登録]
[ADMIN] 18:03:42.430172 シナリオ走行を終了しました [シナリオ名: Banユーザログイン]
[ADMIN] 18:03:42.430187 シナリオ走行を開始しました [シナリオ名: Banユーザログイン]
[ADMIN] 18:03:42.447393 シナリオ走行を終了しました [シナリオ名: 新規ユーザー登録]
[ADMIN] 18:03:42.447411 シナリオ走行を開始しました [シナリオ名: 新規ユーザー登録]
[ADMIN] 18:03:42.452848 シナリオ走行を終了しました [シナリオ名: Banユーザログイン]
[ADMIN] 18:03:42.452865 シナリオ走行を開始しました [シナリオ名: Banユーザログイン]
[ADMIN] 18:03:42.474926 シナリオ走行を終了しました [シナリオ名: 新規ユーザー登録]
[ADMIN] 18:03:42.474947 シナリオ走行を開始しました [シナリオ名: 新規ユーザー登録]
[ADMIN] 18:03:42.477352 シナリオ走行を終了しました [シナリオ名: ログイン]
[ADMIN] 18:03:42.477361 シナリオ走行を開始しました [シナリオ名: ログイン]
[ADMIN] 18:03:42.482434 シナリオ走行を終了しました [シナリオ名: ログイン]
[ADMIN] 18:03:42.482444 シナリオ走行を開始しました [シナリオ名: ログイン]
[ADMIN] 18:03:42.527771 シナリオ走行を終了しました [シナリオ名: ログイン]
[ADMIN] 18:03:42.527785 シナリオ走行を開始しました [シナリオ名: ログイン]
[ADMIN] 18:03:42.528109 シナリオ走行を終了しました [シナリオ名: 新規ユーザー登録]
[ADMIN] 18:03:42.528129 シナリオ走行を開始しました [シナリオ名: 新規ユーザー登録]
[ADMIN] 18:03:42.529121 シナリオ走行を終了しました [シナリオ名: ログイン]
[ADMIN] 18:03:42.529132 シナリオ走行を開始しました [シナリオ名: ログイン]
[ADMIN] 18:03:42.536898 シナリオ走行を終了しました [シナリオ名: ログイン]
[ADMIN] 18:03:42.536911 シナリオ走行を開始しました [シナリオ名: ログイン]
[ADMIN] 18:03:42.543159 シナリオ走行を終了しました [シナリオ名: 新規ユーザー登録]
[ADMIN] 18:03:42.543175 シナリオ走行を開始しました [シナリオ名: 新規ユーザー登録]
[ADMIN] 18:03:42.555964 シナリオ走行を終了しました [シナリオ名: ログイン]
[ADMIN] 18:03:42.555973 シナリオ走行を開始しました [シナリオ名: ログイン]
[ADMIN] 18:03:42.581490 シナリオ走行を終了しました [シナリオ名: ログイン]
[ADMIN] 18:03:42.581500 シナリオ走行を開始しました [シナリオ名: ログイン]
[ADMIN] 18:03:42.582869 シナリオ走行を終了しました [シナリオ名: 新規ユーザー登録]
[ADMIN] 18:03:42.582889 シナリオ走行を開始しました [シナリオ名: 新規ユーザー登録]
[ADMIN] 18:03:42.603329 シナリオ走行を終了しました [シナリオ名: 新規ユーザー登録]
[ADMIN] 18:03:42.603345 シナリオ走行を開始しました [シナリオ名: 新規ユーザー登録]
[ADMIN] 18:03:42.609187 シナリオ走行を終了しました [シナリオ名: 新規ユーザー登録]
[ADMIN] 18:03:42.609205 シナリオ走行を開始しました [シナリオ名: 新規ユーザー登録]
[ADMIN] 18:03:42.626830 シナリオ走行を終了しました [シナリオ名: 新規ユーザー登録]
[ADMIN] 18:03:42.626893 シナリオ走行を終了しました [シナリオ名: 新規ユーザー登録]
[ADMIN] 18:03:42.626917 シナリオ走行を開始しました [シナリオ名: 新規ユーザー登録]
[ADMIN] 18:03:42.626900 シナリオ走行を開始しました [シナリオ名: 新規ユーザー登録]
[ADMIN] 18:03:42.629704 シナリオ走行を終了しました [シナリオ名: ログイン]
[ADMIN] 18:03:42.629713 シナリオ走行を開始しました [シナリオ名: ログイン]
[ADMIN] 18:03:42.657611 シナリオ走行を終了しました [シナリオ名: 新規ユーザー登録]
[ADMIN] 18:03:42.657630 シナリオ走行を開始しました [シナリオ名: 新規ユーザー登録]
[ADMIN] 18:03:42.659637 シナリオ走行を終了しました [シナリオ名: ログイン]
[ADMIN] 18:03:42.659645 シナリオ走行を開始しました [シナリオ名: ログイン]
[ADMIN] 18:03:42.663898 シナリオ走行を終了しました [シナリオ名: 新規ユーザー登録]
[ADMIN] 18:03:42.663917 シナリオ走行を開始しました [シナリオ名: 新規ユーザー登録]
[ADMIN] 18:03:42.678650 シナリオ走行を終了しました [シナリオ名: ログイン]
[ADMIN] 18:03:42.678660 シナリオ走行を開始しました [シナリオ名: ログイン]
[ADMIN] 18:03:42.722425 シナリオ走行を終了しました [シナリオ名: Banユーザログイン]
[ADMIN] 18:03:42.722442 シナリオ走行を開始しました [シナリオ名: Banユーザログイン]
[ADMIN] 18:03:42.733913 シナリオ走行を終了しました [シナリオ名: 新規ユーザー登録]
[ADMIN] 18:03:42.733930 シナリオ走行を開始しました [シナリオ名: 新規ユーザー登録]
[ADMIN] 18:03:42.738660 シナリオ走行を終了しました [シナリオ名: 新規ユーザー登録]
[ADMIN] 18:03:42.738679 シナリオ走行を開始しました [シナリオ名: 新規ユーザー登録]
[ADMIN] 18:03:42.739462 シナリオ走行を終了しました [シナリオ名: ログイン]
[ADMIN] 18:03:42.739470 シナリオ走行を開始しました [シナリオ名: ログイン]
[ADMIN] 18:03:42.741841 シナリオ走行を終了しました [シナリオ名: 新規ユーザー登録]
[ADMIN] 18:03:42.741863 シナリオ走行を開始しました [シナリオ名: 新規ユーザー登録]
[ADMIN] 18:03:42.755617 シナリオ走行を終了しました [シナリオ名: 新規ユーザー登録]
[ADMIN] 18:03:42.755637 シナリオ走行を開始しました [シナリオ名: 新規ユーザー登録]
[ADMIN] 18:03:42.773912 シナリオ走行を終了しました [シナリオ名: 新規ユーザー登録]
[ADMIN] 18:03:42.773930 シナリオ走行を開始しました [シナリオ名: 新規ユーザー登録]
[ADMIN] 18:03:42.800902 シナリオ走行を終了しました [シナリオ名: ログイン]
[ADMIN] 18:03:42.800912 シナリオ走行を開始しました [シナリオ名: ログイン]
[ADMIN] 18:03:42.802051 シナリオ走行を終了しました [シナリオ名: 新規ユーザー登録]
[ADMIN] 18:03:42.802065 シナリオ走行を開始しました [シナリオ名: 新規ユーザー登録]
[ADMIN] 18:03:42.805941 シナリオ走行を終了しました [シナリオ名: ログイン]
[ADMIN] 18:03:42.805950 シナリオ走行を開始しました [シナリオ名: ログイン]
[ADMIN] 18:03:42.862442 シナリオ走行を終了しました [シナリオ名: 新規ユーザー登録]
[ADMIN] 18:03:42.862476 シナリオ走行を開始しました [シナリオ名: 新規ユーザー登録]
[ADMIN] 18:03:42.879413 シナリオ走行を終了しました [シナリオ名: Banユーザログイン]
[ADMIN] 18:03:42.879431 シナリオ走行を開始しました [シナリオ名: Banユーザログイン]
[ADMIN] 18:03:42.880010 シナリオ走行を終了しました [シナリオ名: 新規ユーザー登録]
[ADMIN] 18:03:42.880047 シナリオ走行を開始しました [シナリオ名: 新規ユーザー登録]
[ADMIN] 18:03:42.880247 シナリオ走行を終了しました [シナリオ名: 新規ユーザー登録]
[ADMIN] 18:03:42.880268 シナリオ走行を開始しました [シナリオ名: 新規ユーザー登録]
[ADMIN] 18:03:42.884377 シナリオ走行を終了しました [シナリオ名: 新規ユーザー登録]
[ADMIN] 18:03:42.884398 シナリオ走行を開始しました [シナリオ名: 新規ユーザー登録]
[ADMIN] 18:03:42.885028 シナリオ走行を終了しました [シナリオ名: 新規ユーザー登録]
[ADMIN] 18:03:42.885049 シナリオ走行を開始しました [シナリオ名: 新規ユーザー登録]
[ADMIN] 18:03:42.910188 シナリオ走行を終了しました [シナリオ名: ログイン]
[ADMIN] 18:03:42.910200 シナリオ走行を開始しました [シナリオ名: ログイン]
[ADMIN] 18:03:42.918067 シナリオ走行を終了しました [シナリオ名: Banユーザログイン]
[ADMIN] 18:03:42.918081 シナリオ走行を開始しました [シナリオ名: Banユーザログイン]
18:03:42.939026 現在のログイン成功数: [total: 5345 (+1815人)]
18:03:42.939032 現在のユーザー登録成功数: [total: 4306 (+1492人)]
[ADMIN] 18:03:42.940760 シナリオ走行を終了しました [シナリオ名: 新規ユーザー登録]
[ADMIN] 18:03:42.940778 シナリオ走行を開始しました [シナリオ名: 新規ユーザー登録]
[ADMIN] 18:03:42.959023 シナリオ走行を終了しました [シナリオ名: ログイン]
[ADMIN] 18:03:42.959035 シナリオ走行を開始しました [シナリオ名: ログイン]
[ADMIN] 18:03:42.970597 シナリオ走行を終了しました [シナリオ名: 新規ユーザー登録]
[ADMIN] 18:03:42.970611 シナリオ走行を開始しました [シナリオ名: 新規ユーザー登録]
[ADMIN] 18:03:42.997271 シナリオ走行を終了しました [シナリオ名: ログイン]
[ADMIN] 18:03:42.997315 シナリオ走行を開始しました [シナリオ名: ログイン]
[ADMIN] 18:03:42.997337 シナリオ走行を開始しました [シナリオ名: ログイン]
[ADMIN] 18:03:42.997452 シナリオ走行を開始しました [シナリオ名: ログイン]
[ADMIN] 18:03:42.997459 シナリオ走行を開始しました [シナリオ名: ログイン]
[ADMIN] 18:03:42.997504 シナリオ走行を開始しました [シナリオ名: ログイン]
[ADMIN] 18:03:42.997540 シナリオ走行を開始しました [シナリオ名: ログイン]
[ADMIN] 18:03:42.997550 シナリオ走行を開始しました [シナリオ名: ログイン]
[ADMIN] 18:03:42.997456 シナリオ走行を開始しました [シナリオ名: ログイン]
[ADMIN] 18:03:42.997457 シナリオ走行を開始しました [シナリオ名: ログイン]
[ADMIN] 18:03:42.997551 シナリオ走行を開始しました [シナリオ名: ログイン]
[ADMIN] 18:03:42.997552 シナリオ走行を開始しました [シナリオ名: ログイン]
[ADMIN] 18:03:42.997556 シナリオ走行を開始しました [シナリオ名: ログイン]
[ADMIN] 18:03:42.997455 シナリオ走行を開始しました [シナリオ名: ログイン]
[ADMIN] 18:03:42.997560 シナリオ走行を開始しました [シナリオ名: ログイン]
[ADMIN] 18:03:42.997562 シナリオ走行を開始しました [シナリオ名: ログイン]
[ADMIN] 18:03:42.997563 シナリオ走行を開始しました [シナリオ名: ログイン]
[ADMIN] 18:03:43.019023 シナリオ走行を終了しました [シナリオ名: 新規ユーザー登録]
[ADMIN] 18:03:43.019045 シナリオ走行を開始しました [シナリオ名: 新規ユーザー登録]
[ADMIN] 18:03:43.026391 シナリオ走行を終了しました [シナリオ名: ログイン]
[ADMIN] 18:03:43.048283 シナリオ走行を終了しました [シナリオ名: Banユーザログイン]
[ADMIN] 18:03:43.048306 シナリオ走行を開始しました [シナリオ名: Banユーザログイン]
[ADMIN] 18:03:43.054508 シナリオ走行を終了しました [シナリオ名: Banユーザログイン]
[ADMIN] 18:03:43.054523 シナリオ走行を開始しました [シナリオ名: Banユーザログイン]
[ADMIN] 18:03:43.064968 シナリオ走行を終了しました [シナリオ名: Banユーザログイン]
[ADMIN] 18:03:43.064989 シナリオ走行を開始しました [シナリオ名: Banユーザログイン]
[ADMIN] 18:03:43.082378 シナリオ走行を終了しました [シナリオ名: ログイン]
[ADMIN] 18:03:43.109132 シナリオ走行を終了しました [シナリオ名: Banユーザログイン]
[ADMIN] 18:03:43.109148 シナリオ走行を開始しました [シナリオ名: Banユーザログイン]
[ADMIN] 18:03:43.125402 シナリオ走行を終了しました [シナリオ名: ログイン]
[ADMIN] 18:03:43.136005 シナリオ走行を終了しました [シナリオ名: ログイン]
[ADMIN] 18:03:43.146257 シナリオ走行を終了しました [シナリオ名: Banユーザログイン]
[ADMIN] 18:03:43.146276 シナリオ走行を開始しました [シナリオ名: Banユーザログイン]
[ADMIN] 18:03:43.148405 シナリオ走行を終了しました [シナリオ名: 新規ユーザー登録]
[ADMIN] 18:03:43.148432 シナリオ走行を開始しました [シナリオ名: 新規ユーザー登録]
[ADMIN] 18:03:43.148442 シナリオ走行を開始しました [シナリオ名: 新規ユーザー登録]
[ADMIN] 18:03:43.148494 シナリオ走行を開始しました [シナリオ名: 新規ユーザー登録]
[ADMIN] 18:03:43.148528 シナリオ走行を開始しました [シナリオ名: 新規ユーザー登録]
[ADMIN] 18:03:43.148566 シナリオ走行を開始しました [シナリオ名: 新規ユーザー登録]
[ADMIN] 18:03:43.148588 シナリオ走行を開始しました [シナリオ名: 新規ユーザー登録]
[ADMIN] 18:03:43.148613 シナリオ走行を開始しました [シナリオ名: 新規ユーザー登録]
[ADMIN] 18:03:43.148653 シナリオ走行を開始しました [シナリオ名: 新規ユーザー登録]
[ADMIN] 18:03:43.148706 シナリオ走行を開始しました [シナリオ名: 新規ユーザー登録]
[ADMIN] 18:03:43.148748 シナリオ走行を開始しました [シナリオ名: 新規ユーザー登録]
[ADMIN] 18:03:43.148750 シナリオ走行を開始しました [シナリオ名: 新規ユーザー登録]
[ADMIN] 18:03:43.148834 シナリオ走行を開始しました [シナリオ名: 新規ユーザー登録]
[ADMIN] 18:03:43.148541 シナリオ走行を開始しました [シナリオ名: 新規ユーザー登録]
[ADMIN] 18:03:43.148863 シナリオ走行を開始しました [シナリオ名: 新規ユーザー登録]
[ADMIN] 18:03:43.148547 シナリオ走行を開始しました [シナリオ名: 新規ユーザー登録]
[ADMIN] 18:03:43.148553 シナリオ走行を開始しました [シナリオ名: 新規ユーザー登録]
[ADMIN] 18:03:43.148561 シナリオ走行を開始しました [シナリオ名: 新規ユーザー登録]
[ADMIN] 18:03:43.152829 シナリオ走行を終了しました [シナリオ名: 新規ユーザー登録]
[ADMIN] 18:03:43.193620 シナリオ走行を終了しました [シナリオ名: ログイン]
[ADMIN] 18:03:43.196609 シナリオ走行を終了しました [シナリオ名: ログイン]
[ADMIN] 18:03:43.208395 シナリオ走行を終了しました [シナリオ名: ログイン]
[ADMIN] 18:03:43.208993 シナリオ走行を終了しました [シナリオ名: ログイン]
[ADMIN] 18:03:43.215907 シナリオ走行を終了しました [シナリオ名: 新規ユーザー登録]
[ADMIN] 18:03:43.218179 シナリオ走行を終了しました [シナリオ名: ログイン]
[ADMIN] 18:03:43.244746 シナリオ走行を終了しました [シナリオ名: ログイン]
[ADMIN] 18:03:43.266144 シナリオ走行を終了しました [シナリオ名: ログイン]
[ADMIN] 18:03:43.273924 シナリオ走行を終了しました [シナリオ名: ログイン]
[ADMIN] 18:03:43.277088 シナリオ走行を終了しました [シナリオ名: ログイン]
[ADMIN] 18:03:43.278060 シナリオ走行を終了しました [シナリオ名: Banユーザログイン]
[ADMIN] 18:03:43.278074 シナリオ走行を開始しました [シナリオ名: Banユーザログイン]
[ADMIN] 18:03:43.319445 シナリオ走行を終了しました [シナリオ名: 新規ユーザー登録]
[ADMIN] 18:03:43.327246 シナリオ走行を終了しました [シナリオ名: 新規ユーザー登録]
[ADMIN] 18:03:43.333902 シナリオ走行を終了しました [シナリオ名: 新規ユーザー登録]
[ADMIN] 18:03:43.349386 シナリオ走行を終了しました [シナリオ名: ログイン]
[ADMIN] 18:03:43.350888 シナリオ走行を終了しました [シナリオ名: ログイン]
[ADMIN] 18:03:43.354596 シナリオ走行を終了しました [シナリオ名: ログイン]
[ADMIN] 18:03:43.355030 シナリオ走行を終了しました [シナリオ名: 新規ユーザー登録]
[ADMIN] 18:03:43.367196 シナリオ走行を終了しました [シナリオ名: 新規ユーザー登録]
[ADMIN] 18:03:43.404337 シナリオ走行を終了しました [シナリオ名: ログイン]
[ADMIN] 18:03:43.406677 シナリオ走行を終了しました [シナリオ名: ログイン]
[ADMIN] 18:03:43.437389 シナリオ走行を終了しました [シナリオ名: Banユーザログイン]
[ADMIN] 18:03:43.437419 シナリオ走行を開始しました [シナリオ名: Banユーザログイン]
[ADMIN] 18:03:43.437426 シナリオ走行を開始しました [シナリオ名: Banユーザログイン]
[ADMIN] 18:03:43.437483 シナリオ走行を開始しました [シナリオ名: Banユーザログイン]
[ADMIN] 18:03:43.437536 シナリオ走行を開始しました [シナリオ名: Banユーザログイン]
[ADMIN] 18:03:43.439118 シナリオ走行を終了しました [シナリオ名: 新規ユーザー登録]
[ADMIN] 18:03:43.453097 シナリオ走行を終了しました [シナリオ名: Banユーザログイン]
[ADMIN] 18:03:43.453112 シナリオ走行を終了しました [シナリオ名: 新規ユーザー登録]
[ADMIN] 18:03:43.462346 シナリオ走行を終了しました [シナリオ名: ログイン]
[ADMIN] 18:03:43.467726 シナリオ走行を終了しました [シナリオ名: ログイン]
[ADMIN] 18:03:43.481030 シナリオ走行を終了しました [シナリオ名: ログイン]
[ADMIN] 18:03:43.491655 シナリオ走行を終了しました [シナリオ名: Banユーザログイン]
[ADMIN] 18:03:43.491893 シナリオ走行を終了しました [シナリオ名: 新規ユーザー登録]
[ADMIN] 18:03:43.515295 シナリオ走行を終了しました [シナリオ名: ログイン]
[ADMIN] 18:03:43.539853 シナリオ走行を終了しました [シナリオ名: 新規ユーザー登録]
[ADMIN] 18:03:43.556092 シナリオ走行を終了しました [シナリオ名: 新規ユーザー登録]
[ADMIN] 18:03:43.583728 シナリオ走行を終了しました [シナリオ名: ログイン]
[ADMIN] 18:03:43.635288 シナリオ走行を終了しました [シナリオ名: 新規ユーザー登録]
[ADMIN] 18:03:43.643998 シナリオ走行を終了しました [シナリオ名: ログイン]
[ADMIN] 18:03:43.645575 シナリオ走行を終了しました [シナリオ名: 新規ユーザー登録]
[ADMIN] 18:03:43.646195 シナリオ走行を終了しました [シナリオ名: ログイン]
[ADMIN] 18:03:43.660772 シナリオ走行を終了しました [シナリオ名: ログイン]
[ADMIN] 18:03:43.710755 シナリオ走行を終了しました [シナリオ名: ログイン]
[ADMIN] 18:03:43.714459 シナリオ走行を終了しました [シナリオ名: ログイン]
[ADMIN] 18:03:43.722951 シナリオ走行を終了しました [シナリオ名: 新規ユーザー登録]
[ADMIN] 18:03:43.741014 シナリオ走行を終了しました [シナリオ名: 新規ユーザー登録]
[ADMIN] 18:03:43.747123 シナリオ走行を終了しました [シナリオ名: 新規ユーザー登録]
[ADMIN] 18:03:43.747524 シナリオ走行を終了しました [シナリオ名: Banユーザログイン]
[ADMIN] 18:03:43.749947 シナリオ走行を終了しました [シナリオ名: ログイン]
[ADMIN] 18:03:43.754901 シナリオ走行を終了しました [シナリオ名: ログイン]
[ADMIN] 18:03:43.761735 シナリオ走行を終了しました [シナリオ名: ログイン]
[ADMIN] 18:03:43.788986 シナリオ走行を終了しました [シナリオ名: ログイン]
[ADMIN] 18:03:43.797311 シナリオ走行を終了しました [シナリオ名: 新規ユーザー登録]
[ADMIN] 18:03:43.803554 シナリオ走行を終了しました [シナリオ名: ログイン]
[ADMIN] 18:03:43.818612 シナリオ走行を終了しました [シナリオ名: 新規ユーザー登録]
[ADMIN] 18:03:43.821061 シナリオ走行を終了しました [シナリオ名: 新規ユーザー登録]
[ADMIN] 18:03:43.821941 シナリオ走行を終了しました [シナリオ名: 新規ユーザー登録]
[ADMIN] 18:03:43.827002 シナリオ走行を終了しました [シナリオ名: ログイン]
[ADMIN] 18:03:43.832104 シナリオ走行を終了しました [シナリオ名: 新規ユーザー登録]
[ADMIN] 18:03:43.835853 シナリオ走行を終了しました [シナリオ名: ログイン]
[ADMIN] 18:03:43.836699 シナリオ走行を終了しました [シナリオ名: ログイン]
[ADMIN] 18:03:43.853486 シナリオ走行を終了しました [シナリオ名: Banユーザログイン]
[ADMIN] 18:03:43.862246 シナリオ走行を終了しました [シナリオ名: 新規ユーザー登録]
[ADMIN] 18:03:43.864708 シナリオ走行を終了しました [シナリオ名: Banユーザログイン]
[ADMIN] 18:03:43.866817 シナリオ走行を終了しました [シナリオ名: ログイン]
[ADMIN] 18:03:43.887790 シナリオ走行を終了しました [シナリオ名: 新規ユーザー登録]
[ADMIN] 18:03:43.910497 シナリオ走行を終了しました [シナリオ名: 新規ユーザー登録]
[ADMIN] 18:03:43.919808 シナリオ走行を終了しました [シナリオ名: 新規ユーザー登録]
[ADMIN] 18:03:43.927305 シナリオ走行を終了しました [シナリオ名: 新規ユーザー登録]
[ADMIN] 18:03:43.931242 シナリオ走行を終了しました [シナリオ名: ログイン]
[ADMIN] 18:03:43.934153 シナリオ走行を終了しました [シナリオ名: ログイン]
[ADMIN] 18:03:43.953731 シナリオ走行を終了しました [シナリオ名: ログイン]
[ADMIN] 18:03:43.957335 シナリオ走行を終了しました [シナリオ名: ログイン]
[ADMIN] 18:03:43.974520 シナリオ走行を終了しました [シナリオ名: 新規ユーザー登録]
[ADMIN] 18:03:43.984752 シナリオ走行を終了しました [シナリオ名: ログイン]
[ADMIN] 18:03:44.008502 シナリオ走行を終了しました [シナリオ名: 新規ユーザー登録]
[ADMIN] 18:03:44.017825 シナリオ走行を終了しました [シナリオ名: ログイン]
[ADMIN] 18:03:44.018542 シナリオ走行を終了しました [シナリオ名: 新規ユーザー登録]
[ADMIN] 18:03:44.037501 シナリオ走行を終了しました [シナリオ名: ログイン]
[ADMIN] 18:03:44.064374 シナリオ走行を終了しました [シナリオ名: 新規ユーザー登録]
[ADMIN] 18:03:44.092229 シナリオ走行を終了しました [シナリオ名: 新規ユーザー登録]
[ADMIN] 18:03:44.096144 シナリオ走行を終了しました [シナリオ名: ログイン]
[ADMIN] 18:03:44.113833 シナリオ走行を終了しました [シナリオ名: ログイン]
[ADMIN] 18:03:44.118662 シナリオ走行を終了しました [シナリオ名: 新規ユーザー登録]
[ADMIN] 18:03:44.141853 シナリオ走行を終了しました [シナリオ名: Banユーザログイン]
[ADMIN] 18:03:44.150299 シナリオ走行を終了しました [シナリオ名: Banユーザログイン]
[ADMIN] 18:03:44.150975 シナリオ走行を終了しました [シナリオ名: ログイン]
[ADMIN] 18:03:44.153810 シナリオ走行を終了しました [シナリオ名: ログイン]
[ADMIN] 18:03:44.168014 シナリオ走行を終了しました [シナリオ名: ログイン]
[ADMIN] 18:03:44.176837 シナリオ走行を終了しました [シナリオ名: ログイン]
[ADMIN] 18:03:44.178913 シナリオ走行を終了しました [シナリオ名: 新規ユーザー登録]
[ADMIN] 18:03:44.188424 シナリオ走行を終了しました [シナリオ名: ログイン]
[ADMIN] 18:03:44.191762 シナリオ走行を終了しました [シナリオ名: 新規ユーザー登録]
[ADMIN] 18:03:44.201054 シナリオ走行を終了しました [シナリオ名: ログイン]
[ADMIN] 18:03:44.202544 シナリオ走行を終了しました [シナリオ名: ログイン]
[ADMIN] 18:03:44.211842 シナリオ走行を終了しました [シナリオ名: 新規ユーザー登録]
[ADMIN] 18:03:44.214185 シナリオ走行を終了しました [シナリオ名: Banユーザログイン]
[ADMIN] 18:03:44.219738 シナリオ走行を終了しました [シナリオ名: ログイン]
[ADMIN] 18:03:44.220695 シナリオ走行を終了しました [シナリオ名: 新規ユーザー登録]
[ADMIN] 18:03:44.230670 シナリオ走行を終了しました [シナリオ名: 新規ユーザー登録]
[ADMIN] 18:03:44.235252 シナリオ走行を終了しました [シナリオ名: 新規ユーザー登録]
[ADMIN] 18:03:44.242547 シナリオ走行を終了しました [シナリオ名: ログイン]
[ADMIN] 18:03:44.254797 シナリオ走行を終了しました [シナリオ名: 新規ユーザー登録]
[ADMIN] 18:03:44.255196 シナリオ走行を終了しました [シナリオ名: 新規ユーザー登録]
[ADMIN] 18:03:44.266259 シナリオ走行を終了しました [シナリオ名: 新規ユーザー登録]
[ADMIN] 18:03:44.284360 シナリオ走行を終了しました [シナリオ名: Banユーザログイン]
[ADMIN] 18:03:44.285268 シナリオ走行を終了しました [シナリオ名: ログイン]
[ADMIN] 18:03:44.285281 シナリオ走行を開始しました [シナリオ名: ログイン]
[ADMIN] 18:03:44.285314 シナリオ走行を開始しました [シナリオ名: ログイン]
[ADMIN] 18:03:44.285333 シナリオ走行を開始しました [シナリオ名: ログイン]
[ADMIN] 18:03:44.285391 シナリオ走行を開始しました [シナリオ名: ログイン]
[ADMIN] 18:03:44.285449 シナリオ走行を開始しました [シナリオ名: ログイン]
[ADMIN] 18:03:44.285465 シナリオ走行を開始しました [シナリオ名: ログイン]
[ADMIN] 18:03:44.285467 シナリオ走行を開始しました [シナリオ名: ログイン]
[ADMIN] 18:03:44.285473 シナリオ走行を開始しました [シナリオ名: ログイン]
[ADMIN] 18:03:44.285476 シナリオ走行を開始しました [シナリオ名: ログイン]
[ADMIN] 18:03:44.285550 シナリオ走行を開始しました [シナリオ名: ログイン]
[ADMIN] 18:03:44.285558 シナリオ走行を開始しました [シナリオ名: ログイン]
[ADMIN] 18:03:44.285561 シナリオ走行を開始しました [シナリオ名: ログイン]
[ADMIN] 18:03:44.285465 シナリオ走行を開始しました [シナリオ名: ログイン]
[ADMIN] 18:03:44.285569 シナリオ走行を開始しました [シナリオ名: ログイン]
[ADMIN] 18:03:44.285583 シナリオ走行を開始しました [シナリオ名: ログイン]
[ADMIN] 18:03:44.285586 シナリオ走行を開始しました [シナリオ名: ログイン]
[ADMIN] 18:03:44.285647 シナリオ走行を開始しました [シナリオ名: ログイン]
[ADMIN] 18:03:44.285683 シナリオ走行を開始しました [シナリオ名: ログイン]
[ADMIN] 18:03:44.285685 シナリオ走行を開始しました [シナリオ名: ログイン]
[ADMIN] 18:03:44.285694 シナリオ走行を開始しました [シナリオ名: ログイン]
[ADMIN] 18:03:44.285699 シナリオ走行を開始しました [シナリオ名: ログイン]
[ADMIN] 18:03:44.285702 シナリオ走行を開始しました [シナリオ名: ログイン]
[ADMIN] 18:03:44.285704 シナリオ走行を開始しました [シナリオ名: ログイン]
[ADMIN] 18:03:44.285707 シナリオ走行を開始しました [シナリオ名: ログイン]
[ADMIN] 18:03:44.285710 シナリオ走行を開始しました [シナリオ名: ログイン]
[ADMIN] 18:03:44.285712 シナリオ走行を開始しました [シナリオ名: ログイン]
[ADMIN] 18:03:44.285453 シナリオ走行を開始しました [シナリオ名: ログイン]
[ADMIN] 18:03:44.285552 シナリオ走行を開始しました [シナリオ名: ログイン]
[ADMIN] 18:03:44.285719 シナリオ走行を開始しました [シナリオ名: ログイン]
[ADMIN] 18:03:44.285454 シナリオ走行を開始しました [シナリオ名: ログイン]
[ADMIN] 18:03:44.285455 シナリオ走行を開始しました [シナリオ名: ログイン]
[ADMIN] 18:03:44.285457 シナリオ走行を開始しました [シナリオ名: ログイン]
[ADMIN] 18:03:44.285458 シナリオ走行を開始しました [シナリオ名: ログイン]
[ADMIN] 18:03:44.285459 シナリオ走行を開始しました [シナリオ名: ログイン]
[ADMIN] 18:03:44.285460 シナリオ走行を開始しました [シナリオ名: ログイン]
[ADMIN] 18:03:44.285461 シナリオ走行を開始しました [シナリオ名: ログイン]
[ADMIN] 18:03:44.285463 シナリオ走行を開始しました [シナリオ名: ログイン]
[ADMIN] 18:03:44.285464 シナリオ走行を開始しました [シナリオ名: ログイン]
[ADMIN] 18:03:44.285553 シナリオ走行を開始しました [シナリオ名: ログイン]
[ADMIN] 18:03:44.285555 シナリオ走行を開始しました [シナリオ名: ログイン]
[ADMIN] 18:03:44.285557 シナリオ走行を開始しました [シナリオ名: ログイン]
[ADMIN] 18:03:44.285669 シナリオ走行を開始しました [シナリオ名: ログイン]
[ADMIN] 18:03:44.285671 シナリオ走行を開始しました [シナリオ名: ログイン]
[ADMIN] 18:03:44.285672 シナリオ走行を開始しました [シナリオ名: ログイン]
[ADMIN] 18:03:44.285673 シナリオ走行を開始しました [シナリオ名: ログイン]
[ADMIN] 18:03:44.285452 シナリオ走行を開始しました [シナリオ名: ログイン]
[ADMIN] 18:03:44.285675 シナリオ走行を開始しました [シナリオ名: ログイン]
[ADMIN] 18:03:44.285676 シナリオ走行を開始しました [シナリオ名: ログイン]
[ADMIN] 18:03:44.285677 シナリオ走行を開始しました [シナリオ名: ログイン]
[ADMIN] 18:03:44.285668 シナリオ走行を開始しました [シナリオ名: ログイン]
[ADMIN] 18:03:44.285686 シナリオ走行を開始しました [シナリオ名: ログイン]
[ADMIN] 18:03:44.285688 シナリオ走行を開始しました [シナリオ名: ログイン]
[ADMIN] 18:03:44.285693 シナリオ走行を開始しました [シナリオ名: ログイン]
[ADMIN] 18:03:44.285451 シナリオ走行を開始しました [シナリオ名: ログイン]
[ADMIN] 18:03:44.285723 シナリオ走行を開始しました [シナリオ名: ログイン]
[ADMIN] 18:03:44.285679 シナリオ走行を開始しました [シナリオ名: ログイン]
[ADMIN] 18:03:44.290407 シナリオ走行を終了しました [シナリオ名: ログイン]
[ADMIN] 18:03:44.290417 シナリオ走行を開始しました [シナリオ名: ログイン]
[ADMIN] 18:03:44.300421 シナリオ走行を終了しました [シナリオ名: ログイン]
[ADMIN] 18:03:44.300438 シナリオ走行を開始しました [シナリオ名: ログイン]
[ADMIN] 18:03:44.305451 シナリオ走行を終了しました [シナリオ名: 新規ユーザー登録]
[ADMIN] 18:03:44.305515 シナリオ走行を開始しました [シナリオ名: 新規ユーザー登録]
[ADMIN] 18:03:44.305526 シナリオ走行を開始しました [シナリオ名: 新規ユーザー登録]
[ADMIN] 18:03:44.305580 シナリオ走行を開始しました [シナリオ名: 新規ユーザー登録]
[ADMIN] 18:03:44.305616 シナリオ走行を開始しました [シナリオ名: 新規ユーザー登録]
[ADMIN] 18:03:44.305637 シナリオ走行を開始しました [シナリオ名: 新規ユーザー登録]
[ADMIN] 18:03:44.305650 シナリオ走行を開始しました [シナリオ名: 新規ユーザー登録]
[ADMIN] 18:03:44.305731 シナリオ走行を開始しました [シナリオ名: 新規ユーザー登録]
[ADMIN] 18:03:44.305741 シナリオ走行を開始しました [シナリオ名: 新規ユーザー登録]
[ADMIN] 18:03:44.305747 シナリオ走行を開始しました [シナリオ名: 新規ユーザー登録]
[ADMIN] 18:03:44.305792 シナリオ走行を開始しました [シナリオ名: 新規ユーザー登録]
[ADMIN] 18:03:44.305851 シナリオ走行を開始しました [シナリオ名: 新規ユーザー登録]
[ADMIN] 18:03:44.305862 シナリオ走行を開始しました [シナリオ名: 新規ユーザー登録]
[ADMIN] 18:03:44.305884 シナリオ走行を開始しました [シナリオ名: 新規ユーザー登録]
[ADMIN] 18:03:44.305937 シナリオ走行を開始しました [シナリオ名: 新規ユーザー登録]
[ADMIN] 18:03:44.306000 シナリオ走行を開始しました [シナリオ名: 新規ユーザー登録]
[ADMIN] 18:03:44.305863 シナリオ走行を開始しました [シナリオ名: 新規ユーザー登録]
[ADMIN] 18:03:44.306046 シナリオ走行を開始しました [シナリオ名: 新規ユーザー登録]
[ADMIN] 18:03:44.305600 シナリオ走行を開始しました [シナリオ名: 新規ユーザー登録]
[ADMIN] 18:03:44.306113 シナリオ走行を開始しました [シナリオ名: 新規ユーザー登録]
[ADMIN] 18:03:44.306126 シナリオ走行を開始しました [シナリオ名: 新規ユーザー登録]
[ADMIN] 18:03:44.306157 シナリオ走行を開始しました [シナリオ名: 新規ユーザー登録]
[ADMIN] 18:03:44.305825 シナリオ走行を開始しました [シナリオ名: 新規ユーザー登録]
[ADMIN] 18:03:44.306229 シナリオ走行を開始しました [シナリオ名: 新規ユーザー登録]
[ADMIN] 18:03:44.306232 シナリオ走行を開始しました [シナリオ名: 新規ユーザー登録]
[ADMIN] 18:03:44.306319 シナリオ走行を開始しました [シナリオ名: 新規ユーザー登録]
[ADMIN] 18:03:44.306332 シナリオ走行を開始しました [シナリオ名: 新規ユーザー登録]
[ADMIN] 18:03:44.305606 シナリオ走行を開始しました [シナリオ名: 新規ユーザー登録]
[ADMIN] 18:03:44.306374 シナリオ走行を開始しました [シナリオ名: 新規ユーザー登録]
[ADMIN] 18:03:44.305851 シナリオ走行を開始しました [シナリオ名: 新規ユーザー登録]
[ADMIN] 18:03:44.306319 シナリオ走行を開始しました [シナリオ名: 新規ユーザー登録]
[ADMIN] 18:03:44.305731 シナリオ走行を開始しました [シナリオ名: 新規ユーザー登録]
[ADMIN] 18:03:44.305833 シナリオ走行を開始しました [シナリオ名: 新規ユーザー登録]
[ADMIN] 18:03:44.305836 シナリオ走行を開始しました [シナリオ名: 新規ユーザー登録]
[ADMIN] 18:03:44.305839 シナリオ走行を開始しました [シナリオ名: 新規ユーザー登録]
[ADMIN] 18:03:44.305846 シナリオ走行を開始しました [シナリオ名: 新規ユーザー登録]
[ADMIN] 18:03:44.305846 シナリオ走行を開始しました [シナリオ名: 新規ユーザー登録]
[ADMIN] 18:03:44.305857 シナリオ走行を開始しました [シナリオ名: 新規ユーザー登録]
[ADMIN] 18:03:44.306093 シナリオ走行を開始しました [シナリオ名: 新規ユーザー登録]
[ADMIN] 18:03:44.305593 シナリオ走行を開始しました [シナリオ名: 新規ユーザー登録]
[ADMIN] 18:03:44.306323 シナリオ走行を開始しました [シナリオ名: 新規ユーザー登録]
[ADMIN] 18:03:44.306528 シナリオ走行を開始しました [シナリオ名: 新規ユーザー登録]
[ADMIN] 18:03:44.305736 シナリオ走行を開始しました [シナリオ名: 新規ユーザー登録]
[ADMIN] 18:03:44.305831 シナリオ走行を開始しました [シナリオ名: 新規ユーザー登録]
[ADMIN] 18:03:44.310704 シナリオ走行を終了しました [シナリオ名: 新規ユーザー登録]
[ADMIN] 18:03:44.317164 シナリオ走行を終了しました [シナリオ名: ログイン]
[ADMIN] 18:03:44.317890 シナリオ走行を終了しました [シナリオ名: 新規ユーザー登録]
[ADMIN] 18:03:44.320482 シナリオ走行を終了しました [シナリオ名: 新規ユーザー登録]
[ADMIN] 18:03:44.320500 シナリオ走行を開始しました [シナリオ名: 新規ユーザー登録]
[ADMIN] 18:03:44.320550 シナリオ走行を開始しました [シナリオ名: 新規ユーザー登録]
[ADMIN] 18:03:44.320585 シナリオ走行を開始しました [シナリオ名: 新規ユーザー登録]
[ADMIN] 18:03:44.326423 シナリオ走行を終了しました [シナリオ名: 新規ユーザー登録]
[ADMIN] 18:03:44.327910 シナリオ走行を終了しました [シナリオ名: ログイン]
[ADMIN] 18:03:44.337036 シナリオ走行を終了しました [シナリオ名: 新規ユーザー登録]
[ADMIN] 18:03:44.337058 シナリオ走行を開始しました [シナリオ名: 新規ユーザー登録]
[ADMIN] 18:03:44.337060 シナリオ走行を開始しました [シナリオ名: 新規ユーザー登録]
[ADMIN] 18:03:44.337066 シナリオ走行を終了しました [シナリオ名: Banユーザログイン]
[ADMIN] 18:03:44.369116 シナリオ走行を終了しました [シナリオ名: ログイン]
[ADMIN] 18:03:44.369133 シナリオ走行を開始しました [シナリオ名: ログイン]
[ADMIN] 18:03:44.369188 シナリオ走行を開始しました [シナリオ名: ログイン]
[ADMIN] 18:03:44.369192 シナリオ走行を開始しました [シナリオ名: ログイン]
[ADMIN] 18:03:44.372689 シナリオ走行を終了しました [シナリオ名: 新規ユーザー登録]
[ADMIN] 18:03:44.388983 シナリオ走行を終了しました [シナリオ名: Banユーザログイン]
[ADMIN] 18:03:44.390175 シナリオ走行を終了しました [シナリオ名: ログイン]
[ADMIN] 18:03:44.390186 シナリオ走行を開始しました [シナリオ名: ログイン]
[ADMIN] 18:03:44.404078 シナリオ走行を終了しました [シナリオ名: 新規ユーザー登録]
[ADMIN] 18:03:44.404099 シナリオ走行を開始しました [シナリオ名: 新規ユーザー登録]
[ADMIN] 18:03:44.404137 シナリオ走行を開始しました [シナリオ名: 新規ユーザー登録]
[ADMIN] 18:03:44.415024 シナリオ走行を終了しました [シナリオ名: Banユーザログイン]
[ADMIN] 18:03:44.415046 シナリオ走行を開始しました [シナリオ名: Banユーザログイン]
[ADMIN] 18:03:44.415050 シナリオ走行を開始しました [シナリオ名: Banユーザログイン]
[ADMIN] 18:03:44.415094 シナリオ走行を開始しました [シナリオ名: Banユーザログイン]
[ADMIN] 18:03:44.415142 シナリオ走行を開始しました [シナリオ名: Banユーザログイン]
[ADMIN] 18:03:44.415175 シナリオ走行を開始しました [シナリオ名: Banユーザログイン]
[ADMIN] 18:03:44.415157 シナリオ走行を開始しました [シナリオ名: Banユーザログイン]
[ADMIN] 18:03:44.415162 シナリオ走行を開始しました [シナリオ名: Banユーザログイン]
[ADMIN] 18:03:44.415165 シナリオ走行を開始しました [シナリオ名: Banユーザログイン]
[ADMIN] 18:03:44.415166 シナリオ走行を開始しました [シナリオ名: Banユーザログイン]
[ADMIN] 18:03:44.415169 シナリオ走行を開始しました [シナリオ名: Banユーザログイン]
[ADMIN] 18:03:44.415172 シナリオ走行を開始しました [シナリオ名: Banユーザログイン]
[ADMIN] 18:03:44.415159 シナリオ走行を開始しました [シナリオ名: Banユーザログイン]
[ADMIN] 18:03:44.424820 シナリオ走行を終了しました [シナリオ名: 新規ユーザー登録]
[ADMIN] 18:03:44.434211 シナリオ走行を終了しました [シナリオ名: Banユーザログイン]
[ADMIN] 18:03:44.434228 シナリオ走行を開始しました [シナリオ名: Banユーザログイン]
[ADMIN] 18:03:44.440070 シナリオ走行を終了しました [シナリオ名: ログイン]
[ADMIN] 18:03:44.440079 シナリオ走行を開始しました [シナリオ名: ログイン]
[ADMIN] 18:03:44.441674 シナリオ走行を終了しました [シナリオ名: 新規ユーザー登録]
[ADMIN] 18:03:44.441693 シナリオ走行を開始しました [シナリオ名: 新規ユーザー登録]
[ADMIN] 18:03:44.441693 シナリオ走行を開始しました [シナリオ名: 新規ユーザー登録]
[ADMIN] 18:03:44.450505 シナリオ走行を終了しました [シナリオ名: 新規ユーザー登録]
[ADMIN] 18:03:44.451463 シナリオ走行を終了しました [シナリオ名: 新規ユーザー登録]
[ADMIN] 18:03:44.453100 シナリオ走行を終了しました [シナリオ名: ログイン]
[ADMIN] 18:03:44.453109 シナリオ走行を開始しました [シナリオ名: ログイン]
[ADMIN] 18:03:44.453997 シナリオ走行を終了しました [シナリオ名: ログイン]
[ADMIN] 18:03:44.454004 シナリオ走行を開始しました [シナリオ名: ログイン]
[ADMIN] 18:03:44.456697 シナリオ走行を終了しました [シナリオ名: Banユーザログイン]
[ADMIN] 18:03:44.456721 シナリオ走行を開始しました [シナリオ名: Banユーザログイン]
[ADMIN] 18:03:44.456859 シナリオ走行を終了しました [シナリオ名: 新規ユーザー登録]
[ADMIN] 18:03:44.456880 シナリオ走行を開始しました [シナリオ名: 新規ユーザー登録]
[ADMIN] 18:03:44.456924 シナリオ走行を開始しました [シナリオ名: 新規ユーザー登録]
[ADMIN] 18:03:44.456925 シナリオ走行を開始しました [シナリオ名: 新規ユーザー登録]
[ADMIN] 18:03:44.460632 シナリオ走行を終了しました [シナリオ名: Banユーザログイン]
[ADMIN] 18:03:44.460644 シナリオ走行を開始しました [シナリオ名: Banユーザログイン]
[ADMIN] 18:03:44.461037 シナリオ走行を終了しました [シナリオ名: ログイン]
[ADMIN] 18:03:44.461050 シナリオ走行を開始しました [シナリオ名: ログイン]
[ADMIN] 18:03:44.469620 シナリオ走行を終了しました [シナリオ名: ログイン]
[ADMIN] 18:03:44.469630 シナリオ走行を開始しました [シナリオ名: ログイン]
[ADMIN] 18:03:44.475616 シナリオ走行を終了しました [シナリオ名: 新規ユーザー登録]
[ADMIN] 18:03:44.485445 シナリオ走行を終了しました [シナリオ名: 新規ユーザー登録]
[ADMIN] 18:03:44.486682 シナリオ走行を終了しました [シナリオ名: 新規ユーザー登録]
[ADMIN] 18:03:44.489946 シナリオ走行を終了しました [シナリオ名: ログイン]
[ADMIN] 18:03:44.489955 シナリオ走行を開始しました [シナリオ名: ログイン]
[ADMIN] 18:03:44.496377 シナリオ走行を終了しました [シナリオ名: 新規ユーザー登録]
[ADMIN] 18:03:44.533241 シナリオ走行を終了しました [シナリオ名: 新規ユーザー登録]
[ADMIN] 18:03:44.533267 シナリオ走行を開始しました [シナリオ名: 新規ユーザー登録]
[ADMIN] 18:03:44.533342 シナリオ走行を開始しました [シナリオ名: 新規ユーザー登録]
[ADMIN] 18:03:44.533409 シナリオ走行を開始しました [シナリオ名: 新規ユーザー登録]
[ADMIN] 18:03:44.533421 シナリオ走行を開始しました [シナリオ名: 新規ユーザー登録]
[ADMIN] 18:03:44.533513 シナリオ走行を開始しました [シナリオ名: 新規ユーザー登録]
[ADMIN] 18:03:44.538951 シナリオ走行を終了しました [シナリオ名: ログイン]
[ADMIN] 18:03:44.538963 シナリオ走行を開始しました [シナリオ名: ログイン]
[ADMIN] 18:03:44.541761 シナリオ走行を終了しました [シナリオ名: 新規ユーザー登録]
[ADMIN] 18:03:44.541776 シナリオ走行を開始しました [シナリオ名: 新規ユーザー登録]
[ADMIN] 18:03:44.546901 シナリオ走行を終了しました [シナリオ名: 新規ユーザー登録]
[ADMIN] 18:03:44.551550 シナリオ走行を終了しました [シナリオ名: 新規ユーザー登録]
[ADMIN] 18:03:44.564658 シナリオ走行を終了しました [シナリオ名: ログイン]
[ADMIN] 18:03:44.564671 シナリオ走行を開始しました [シナリオ名: ログイン]
[ADMIN] 18:03:44.577580 シナリオ走行を終了しました [シナリオ名: 新規ユーザー登録]
[ADMIN] 18:03:44.577603 シナリオ走行を開始しました [シナリオ名: 新規ユーザー登録]
[ADMIN] 18:03:44.577663 シナリオ走行を開始しました [シナリオ名: 新規ユーザー登録]
[ADMIN] 18:03:44.577675 シナリオ走行を開始しました [シナリオ名: 新規ユーザー登録]
[ADMIN] 18:03:44.599665 シナリオ走行を終了しました [シナリオ名: 新規ユーザー登録]
[ADMIN] 18:03:44.599686 シナリオ走行を開始しました [シナリオ名: 新規ユーザー登録]
[ADMIN] 18:03:44.631742 シナリオ走行を終了しました [シナリオ名: ログイン]
[ADMIN] 18:03:44.631754 シナリオ走行を開始しました [シナリオ名: ログイン]
[ADMIN] 18:03:44.647086 シナリオ走行を終了しました [シナリオ名: ログイン]
[ADMIN] 18:03:44.647100 シナリオ走行を開始しました [シナリオ名: ログイン]
[ADMIN] 18:03:44.670019 シナリオ走行を終了しました [シナリオ名: 新規ユーザー登録]
[ADMIN] 18:03:44.670050 シナリオ走行を開始しました [シナリオ名: 新規ユーザー登録]
[ADMIN] 18:03:44.671355 シナリオ走行を終了しました [シナリオ名: 新規ユーザー登録]
[ADMIN] 18:03:44.671374 シナリオ走行を開始しました [シナリオ名: 新規ユーザー登録]
[ADMIN] 18:03:44.695966 シナリオ走行を終了しました [シナリオ名: ログイン]
[ADMIN] 18:03:44.695982 シナリオ走行を開始しました [シナリオ名: ログイン]
[ADMIN] 18:03:44.756588 シナリオ走行を終了しました [シナリオ名: 新規ユーザー登録]
[ADMIN] 18:03:44.816348 シナリオ走行を終了しました [シナリオ名: 新規ユーザー登録]
[ADMIN] 18:03:44.816370 シナリオ走行を開始しました [シナリオ名: 新規ユーザー登録]
[ADMIN] 18:03:44.816435 シナリオ走行を開始しました [シナリオ名: 新規ユーザー登録]
[ADMIN] 18:03:44.822578 シナリオ走行を終了しました [シナリオ名: 新規ユーザー登録]
[ADMIN] 18:03:44.822594 シナリオ走行を開始しました [シナリオ名: 新規ユーザー登録]
[ADMIN] 18:03:45.072707 シナリオ走行を終了しました [シナリオ名: 新規ユーザー登録]
[ADMIN] 18:03:45.072734 シナリオ走行を開始しました [シナリオ名: 新規ユーザー登録]
[ADMIN] 18:03:45.237750 シナリオ走行を終了しました [シナリオ名: 新規ユーザー登録]
[ADMIN] 18:03:45.237779 シナリオ走行を開始しました [シナリオ名: 新規ユーザー登録]
[ADMIN] 18:03:45.375665 シナリオ走行を終了しました [シナリオ名: Banユーザログイン]
[ADMIN] 18:03:45.375684 シナリオ走行を開始しました [シナリオ名: Banユーザログイン]
[ADMIN] 18:03:45.376356 シナリオ走行を終了しました [シナリオ名: Banユーザログイン]
[ADMIN] 18:03:45.376462 シナリオ走行を開始しました [シナリオ名: Banユーザログイン]
[ADMIN] 18:03:45.413445 シナリオ走行を終了しました [シナリオ名: Banユーザログイン]
[ADMIN] 18:03:45.413464 シナリオ走行を開始しました [シナリオ名: Banユーザログイン]
[ADMIN] 18:03:45.429054 シナリオ走行を終了しました [シナリオ名: Banユーザログイン]
[ADMIN] 18:03:45.429075 シナリオ走行を開始しました [シナリオ名: Banユーザログイン]
[ADMIN] 18:03:45.430477 シナリオ走行を終了しました [シナリオ名: Banユーザログイン]
[ADMIN] 18:03:45.430496 シナリオ走行を開始しました [シナリオ名: Banユーザログイン]
[ADMIN] 18:03:45.505540 シナリオ走行を終了しました [シナリオ名: Banユーザログイン]
[ADMIN] 18:03:45.505564 シナリオ走行を開始しました [シナリオ名: Banユーザログイン]
[ADMIN] 18:03:45.524463 シナリオ走行を終了しました [シナリオ名: ログイン]
[ADMIN] 18:03:45.524481 シナリオ走行を開始しました [シナリオ名: ログイン]
[ADMIN] 18:03:45.536549 シナリオ走行を終了しました [シナリオ名: Banユーザログイン]
[ADMIN] 18:03:45.536575 シナリオ走行を開始しました [シナリオ名: Banユーザログイン]
[ADMIN] 18:03:45.541818 シナリオ走行を終了しました [シナリオ名: Banユーザログイン]
[ADMIN] 18:03:45.541840 シナリオ走行を開始しました [シナリオ名: Banユーザログイン]
[ADMIN] 18:03:45.582227 シナリオ走行を終了しました [シナリオ名: 新規ユーザー登録]
[ADMIN] 18:03:45.582254 シナリオ走行を開始しました [シナリオ名: 新規ユーザー登録]
[ADMIN] 18:03:45.600659 シナリオ走行を終了しました [シナリオ名: Banユーザログイン]
[ADMIN] 18:03:45.600681 シナリオ走行を開始しました [シナリオ名: Banユーザログイン]
[ADMIN] 18:03:45.635006 シナリオ走行を終了しました [シナリオ名: Banユーザログイン]
[ADMIN] 18:03:45.635027 シナリオ走行を開始しました [シナリオ名: Banユーザログイン]
[ADMIN] 18:03:45.646307 シナリオ走行を終了しました [シナリオ名: Banユーザログイン]
[ADMIN] 18:03:45.646337 シナリオ走行を開始しました [シナリオ名: Banユーザログイン]
[ADMIN] 18:03:45.686059 シナリオ走行を終了しました [シナリオ名: Banユーザログイン]
[ADMIN] 18:03:45.686075 シナリオ走行を開始しました [シナリオ名: Banユーザログイン]
[ADMIN] 18:03:45.719513 シナリオ走行を終了しました [シナリオ名: 新規ユーザー登録]
[ADMIN] 18:03:45.719537 シナリオ走行を開始しました [シナリオ名: 新規ユーザー登録]
[ADMIN] 18:03:45.801874 シナリオ走行を終了しました [シナリオ名: Banユーザログイン]
[ADMIN] 18:03:45.801883 シナリオ走行を終了しました [シナリオ名: Banユーザログイン]
[ADMIN] 18:03:45.801926 シナリオ走行を開始しました [シナリオ名: Banユーザログイン]
[ADMIN] 18:03:45.801914 シナリオ走行を開始しました [シナリオ名: Banユーザログイン]
[ADMIN] 18:03:45.838145 シナリオ走行を終了しました [シナリオ名: ログイン]
[ADMIN] 18:03:45.838163 シナリオ走行を開始しました [シナリオ名: ログイン]
[ADMIN] 18:03:45.841241 シナリオ走行を終了しました [シナリオ名: ログイン]
[ADMIN] 18:03:45.841251 シナリオ走行を開始しました [シナリオ名: ログイン]
[ADMIN] 18:03:45.845470 シナリオ走行を終了しました [シナリオ名: ログイン]
[ADMIN] 18:03:45.845480 シナリオ走行を開始しました [シナリオ名: ログイン]
[ADMIN] 18:03:45.868956 シナリオ走行を終了しました [シナリオ名: 新規ユーザー登録]
[ADMIN] 18:03:45.868981 シナリオ走行を開始しました [シナリオ名: 新規ユーザー登録]
[ADMIN] 18:03:45.905853 シナリオ走行を終了しました [シナリオ名: 新規ユーザー登録]
[ADMIN] 18:03:45.905879 シナリオ走行を開始しました [シナリオ名: 新規ユーザー登録]
[ADMIN] 18:03:45.909934 シナリオ走行を終了しました [シナリオ名: ログイン]
[ADMIN] 18:03:45.909947 シナリオ走行を開始しました [シナリオ名: ログイン]
[ADMIN] 18:03:45.919873 シナリオ走行を終了しました [シナリオ名: ログイン]
[ADMIN] 18:03:45.919884 シナリオ走行を開始しました [シナリオ名: ログイン]
[ADMIN] 18:03:45.936004 シナリオ走行を終了しました [シナリオ名: 新規ユーザー登録]
[ADMIN] 18:03:45.936028 シナリオ走行を開始しました [シナリオ名: 新規ユーザー登録]
[ADMIN] 18:03:45.947785 シナリオ走行を終了しました [シナリオ名: ログイン]
[ADMIN] 18:03:45.947800 シナリオ走行を開始しました [シナリオ名: ログイン]
[ADMIN] 18:03:45.973343 シナリオ走行を終了しました [シナリオ名: 新規ユーザー登録]
[ADMIN] 18:03:45.973369 シナリオ走行を開始しました [シナリオ名: 新規ユーザー登録]
[ADMIN] 18:03:45.982125 シナリオ走行を終了しました [シナリオ名: ログイン]
[ADMIN] 18:03:45.982136 シナリオ走行を開始しました [シナリオ名: ログイン]
[ADMIN] 18:03:45.990971 シナリオ走行を終了しました [シナリオ名: ログイン]
[ADMIN] 18:03:45.990994 シナリオ走行を開始しました [シナリオ名: ログイン]
[ADMIN] 18:03:46.001912 シナリオ走行を終了しました [シナリオ名: ログイン]
[ADMIN] 18:03:46.001931 シナリオ走行を開始しました [シナリオ名: ログイン]
[ADMIN] 18:03:46.073705 シナリオ走行を終了しました [シナリオ名: ログイン]
[ADMIN] 18:03:46.073721 シナリオ走行を開始しました [シナリオ名: ログイン]
[ADMIN] 18:03:46.075444 シナリオ走行を終了しました [シナリオ名: 新規ユーザー登録]
[ADMIN] 18:03:46.075466 シナリオ走行を終了しました [シナリオ名: ログイン]
[ADMIN] 18:03:46.075472 シナリオ走行を開始しました [シナリオ名: 新規ユーザー登録]
[ADMIN] 18:03:46.075474 シナリオ走行を開始しました [シナリオ名: ログイン]
[ADMIN] 18:03:46.075518 シナリオ走行を終了しました [シナリオ名: ログイン]
[ADMIN] 18:03:46.075529 シナリオ走行を開始しました [シナリオ名: ログイン]
[ADMIN] 18:03:46.077022 シナリオ走行を終了しました [シナリオ名: ログイン]
[ADMIN] 18:03:46.077047 シナリオ走行を開始しました [シナリオ名: ログイン]
[ADMIN] 18:03:46.077210 シナリオ走行を終了しました [シナリオ名: ログイン]
[ADMIN] 18:03:46.077222 シナリオ走行を開始しました [シナリオ名: ログイン]
[ADMIN] 18:03:46.078954 シナリオ走行を終了しました [シナリオ名: ログイン]
[ADMIN] 18:03:46.078968 シナリオ走行を開始しました [シナリオ名: ログイン]
[ADMIN] 18:03:46.083151 シナリオ走行を終了しました [シナリオ名: 新規ユーザー登録]
[ADMIN] 18:03:46.083170 シナリオ走行を開始しました [シナリオ名: 新規ユーザー登録]
[ADMIN] 18:03:46.094191 シナリオ走行を終了しました [シナリオ名: Banユーザログイン]
[ADMIN] 18:03:46.094212 シナリオ走行を開始しました [シナリオ名: Banユーザログイン]
[ADMIN] 18:03:46.100264 シナリオ走行を終了しました [シナリオ名: ログイン]
[ADMIN] 18:03:46.100274 シナリオ走行を開始しました [シナリオ名: ログイン]
[ADMIN] 18:03:46.106113 シナリオ走行を終了しました [シナリオ名: ログイン]
[ADMIN] 18:03:46.106123 シナリオ走行を開始しました [シナリオ名: ログイン]
[ADMIN] 18:03:46.108346 シナリオ走行を終了しました [シナリオ名: ログイン]
[ADMIN] 18:03:46.108354 シナリオ走行を開始しました [シナリオ名: ログイン]
[ADMIN] 18:03:46.112354 シナリオ走行を終了しました [シナリオ名: ログイン]
[ADMIN] 18:03:46.112363 シナリオ走行を開始しました [シナリオ名: ログイン]
[ADMIN] 18:03:46.123993 シナリオ走行を終了しました [シナリオ名: ログイン]
[ADMIN] 18:03:46.124003 シナリオ走行を開始しました [シナリオ名: ログイン]
[ADMIN] 18:03:46.132302 シナリオ走行を終了しました [シナリオ名: ログイン]
[ADMIN] 18:03:46.132310 シナリオ走行を開始しました [シナリオ名: ログイン]
[ADMIN] 18:03:46.134143 シナリオ走行を終了しました [シナリオ名: ログイン]
[ADMIN] 18:03:46.134152 シナリオ走行を開始しました [シナリオ名: ログイン]
[ADMIN] 18:03:46.134806 シナリオ走行を終了しました [シナリオ名: 新規ユーザー登録]
[ADMIN] 18:03:46.134824 シナリオ走行を開始しました [シナリオ名: 新規ユーザー登録]
[ADMIN] 18:03:46.135891 シナリオ走行を終了しました [シナリオ名: ログイン]
[ADMIN] 18:03:46.135901 シナリオ走行を開始しました [シナリオ名: ログイン]
[ADMIN] 18:03:46.138347 シナリオ走行を終了しました [シナリオ名: ログイン]
[ADMIN] 18:03:46.138354 シナリオ走行を開始しました [シナリオ名: ログイン]
[ADMIN] 18:03:46.139510 シナリオ走行を終了しました [シナリオ名: ログイン]
[ADMIN] 18:03:46.139518 シナリオ走行を開始しました [シナリオ名: ログイン]
[ADMIN] 18:03:46.151571 シナリオ走行を終了しました [シナリオ名: ログイン]
[ADMIN] 18:03:46.151582 シナリオ走行を開始しました [シナリオ名: ログイン]
[ADMIN] 18:03:46.170272 シナリオ走行を終了しました [シナリオ名: ログイン]
[ADMIN] 18:03:46.170287 シナリオ走行を開始しました [シナリオ名: ログイン]
[ADMIN] 18:03:46.173621 シナリオ走行を終了しました [シナリオ名: 新規ユーザー登録]
[ADMIN] 18:03:46.173631 シナリオ走行を終了しました [シナリオ名: ログイン]
[ADMIN] 18:03:46.173642 シナリオ走行を開始しました [シナリオ名: ログイン]
[ADMIN] 18:03:46.173642 シナリオ走行を開始しました [シナリオ名: 新規ユーザー登録]
[ADMIN] 18:03:46.175354 シナリオ走行を終了しました [シナリオ名: 新規ユーザー登録]
[ADMIN] 18:03:46.175373 シナリオ走行を開始しました [シナリオ名: 新規ユーザー登録]
[ADMIN] 18:03:46.179782 シナリオ走行を終了しました [シナリオ名: 新規ユーザー登録]
[ADMIN] 18:03:46.179798 シナリオ走行を開始しました [シナリオ名: 新規ユーザー登録]
[ADMIN] 18:03:46.200968 シナリオ走行を終了しました [シナリオ名: ログイン]
[ADMIN] 18:03:46.200979 シナリオ走行を開始しました [シナリオ名: ログイン]
[ADMIN] 18:03:46.203504 シナリオ走行を終了しました [シナリオ名: ログイン]
[ADMIN] 18:03:46.203513 シナリオ走行を開始しました [シナリオ名: ログイン]
[ADMIN] 18:03:46.206009 シナリオ走行を終了しました [シナリオ名: 新規ユーザー登録]
[ADMIN] 18:03:46.206026 シナリオ走行を開始しました [シナリオ名: 新規ユーザー登録]
[ADMIN] 18:03:46.221372 シナリオ走行を終了しました [シナリオ名: ログイン]
[ADMIN] 18:03:46.221385 シナリオ走行を開始しました [シナリオ名: ログイン]
[ADMIN] 18:03:46.222185 シナリオ走行を終了しました [シナリオ名: 新規ユーザー登録]
[ADMIN] 18:03:46.222203 シナリオ走行を開始しました [シナリオ名: 新規ユーザー登録]
[ADMIN] 18:03:46.224905 シナリオ走行を終了しました [シナリオ名: 新規ユーザー登録]
[ADMIN] 18:03:46.224922 シナリオ走行を開始しました [シナリオ名: 新規ユーザー登録]
[ADMIN] 18:03:46.225513 シナリオ走行を終了しました [シナリオ名: 新規ユーザー登録]
[ADMIN] 18:03:46.225528 シナリオ走行を開始しました [シナリオ名: 新規ユーザー登録]
[ADMIN] 18:03:46.229626 シナリオ走行を終了しました [シナリオ名: ログイン]
[ADMIN] 18:03:46.229635 シナリオ走行を開始しました [シナリオ名: ログイン]
[ADMIN] 18:03:46.230384 シナリオ走行を終了しました [シナリオ名: 新規ユーザー登録]
[ADMIN] 18:03:46.230401 シナリオ走行を開始しました [シナリオ名: 新規ユーザー登録]
[ADMIN] 18:03:46.236159 シナリオ走行を終了しました [シナリオ名: ログイン]
[ADMIN] 18:03:46.236167 シナリオ走行を開始しました [シナリオ名: ログイン]
[ADMIN] 18:03:46.237756 シナリオ走行を終了しました [シナリオ名: ログイン]
[ADMIN] 18:03:46.237766 シナリオ走行を開始しました [シナリオ名: ログイン]
[ADMIN] 18:03:46.241033 シナリオ走行を終了しました [シナリオ名: ログイン]
[ADMIN] 18:03:46.241042 シナリオ走行を開始しました [シナリオ名: ログイン]
[ADMIN] 18:03:46.257003 シナリオ走行を終了しました [シナリオ名: ログイン]
[ADMIN] 18:03:46.257011 シナリオ走行を開始しました [シナリオ名: ログイン]
[ADMIN] 18:03:46.263317 シナリオ走行を終了しました [シナリオ名: 新規ユーザー登録]
[ADMIN] 18:03:46.263335 シナリオ走行を開始しました [シナリオ名: 新規ユーザー登録]
[ADMIN] 18:03:46.271067 シナリオ走行を終了しました [シナリオ名: ログイン]
[ADMIN] 18:03:46.271078 シナリオ走行を開始しました [シナリオ名: ログイン]
[ADMIN] 18:03:46.275525 シナリオ走行を終了しました [シナリオ名: 新規ユーザー登録]
[ADMIN] 18:03:46.275548 シナリオ走行を開始しました [シナリオ名: 新規ユーザー登録]
[ADMIN] 18:03:46.286786 シナリオ走行を終了しました [シナリオ名: ログイン]
[ADMIN] 18:03:46.286795 シナリオ走行を開始しました [シナリオ名: ログイン]
[ADMIN] 18:03:46.287335 シナリオ走行を終了しました [シナリオ名: 新規ユーザー登録]
[ADMIN] 18:03:46.287347 シナリオ走行を開始しました [シナリオ名: 新規ユーザー登録]
[ADMIN] 18:03:46.287770 シナリオ走行を終了しました [シナリオ名: 新規ユーザー登録]
[ADMIN] 18:03:46.287785 シナリオ走行を開始しました [シナリオ名: 新規ユーザー登録]
[ADMIN] 18:03:46.299757 シナリオ走行を終了しました [シナリオ名: 新規ユーザー登録]
[ADMIN] 18:03:46.299778 シナリオ走行を開始しました [シナリオ名: 新規ユーザー登録]
[ADMIN] 18:03:46.304548 シナリオ走行を終了しました [シナリオ名: 新規ユーザー登録]
[ADMIN] 18:03:46.304569 シナリオ走行を開始しました [シナリオ名: 新規ユーザー登録]
[ADMIN] 18:03:46.305062 シナリオ走行を終了しました [シナリオ名: ログイン]
[ADMIN] 18:03:46.305071 シナリオ走行を開始しました [シナリオ名: ログイン]
[ADMIN] 18:03:46.306946 シナリオ走行を終了しました [シナリオ名: ログイン]
[ADMIN] 18:03:46.306956 シナリオ走行を開始しました [シナリオ名: ログイン]
[ADMIN] 18:03:46.324510 シナリオ走行を終了しました [シナリオ名: ログイン]
[ADMIN] 18:03:46.324520 シナリオ走行を開始しました [シナリオ名: ログイン]
[ADMIN] 18:03:46.324938 シナリオ走行を終了しました [シナリオ名: ログイン]
[ADMIN] 18:03:46.324947 シナリオ走行を開始しました [シナリオ名: ログイン]
[ADMIN] 18:03:46.342034 シナリオ走行を終了しました [シナリオ名: ログイン]
[ADMIN] 18:03:46.342047 シナリオ走行を開始しました [シナリオ名: ログイン]
[ADMIN] 18:03:46.344238 シナリオ走行を終了しました [シナリオ名: 新規ユーザー登録]
[ADMIN] 18:03:46.344253 シナリオ走行を開始しました [シナリオ名: 新規ユーザー登録]
[ADMIN] 18:03:46.344576 シナリオ走行を終了しました [シナリオ名: ログイン]
[ADMIN] 18:03:46.344585 シナリオ走行を開始しました [シナリオ名: ログイン]
[ADMIN] 18:03:46.365334 シナリオ走行を終了しました [シナリオ名: ログイン]
[ADMIN] 18:03:46.365345 シナリオ走行を開始しました [シナリオ名: ログイン]
[ADMIN] 18:03:46.370579 シナリオ走行を終了しました [シナリオ名: ログイン]
[ADMIN] 18:03:46.370589 シナリオ走行を開始しました [シナリオ名: ログイン]
[ADMIN] 18:03:46.371950 シナリオ走行を終了しました [シナリオ名: ログイン]
[ADMIN] 18:03:46.371958 シナリオ走行を開始しました [シナリオ名: ログイン]
[ADMIN] 18:03:46.378126 シナリオ走行を終了しました [シナリオ名: 新規ユーザー登録]
[ADMIN] 18:03:46.378141 シナリオ走行を開始しました [シナリオ名: 新規ユーザー登録]
[ADMIN] 18:03:46.378635 シナリオ走行を終了しました [シナリオ名: 新規ユーザー登録]
[ADMIN] 18:03:46.378652 シナリオ走行を開始しました [シナリオ名: 新規ユーザー登録]
[ADMIN] 18:03:46.379883 シナリオ走行を終了しました [シナリオ名: ログイン]
[ADMIN] 18:03:46.379892 シナリオ走行を開始しました [シナリオ名: ログイン]
[ADMIN] 18:03:46.382358 シナリオ走行を終了しました [シナリオ名: ログイン]
[ADMIN] 18:03:46.382368 シナリオ走行を開始しました [シナリオ名: ログイン]
[ADMIN] 18:03:46.383194 シナリオ走行を終了しました [シナリオ名: 新規ユーザー登録]
[ADMIN] 18:03:46.383209 シナリオ走行を開始しました [シナリオ名: 新規ユーザー登録]
[ADMIN] 18:03:46.384854 シナリオ走行を終了しました [シナリオ名: 新規ユーザー登録]
[ADMIN] 18:03:46.384867 シナリオ走行を開始しました [シナリオ名: 新規ユーザー登録]
[ADMIN] 18:03:46.386383 シナリオ走行を終了しました [シナリオ名: 新規ユーザー登録]
[ADMIN] 18:03:46.386395 シナリオ走行を開始しました [シナリオ名: 新規ユーザー登録]
[ADMIN] 18:03:46.387123 シナリオ走行を終了しました [シナリオ名: 新規ユーザー登録]
[ADMIN] 18:03:46.387137 シナリオ走行を開始しました [シナリオ名: 新規ユーザー登録]
[ADMIN] 18:03:46.392865 シナリオ走行を終了しました [シナリオ名: ログイン]
[ADMIN] 18:03:46.392874 シナリオ走行を開始しました [シナリオ名: ログイン]
[ADMIN] 18:03:46.396307 シナリオ走行を終了しました [シナリオ名: 新規ユーザー登録]
[ADMIN] 18:03:46.396325 シナリオ走行を開始しました [シナリオ名: 新規ユーザー登録]
[ADMIN] 18:03:46.412539 シナリオ走行を終了しました [シナリオ名: 新規ユーザー登録]
[ADMIN] 18:03:46.412556 シナリオ走行を開始しました [シナリオ名: 新規ユーザー登録]
[ADMIN] 18:03:46.450138 シナリオ走行を終了しました [シナリオ名: ログイン]
[ADMIN] 18:03:46.450149 シナリオ走行を開始しました [シナリオ名: ログイン]
[ADMIN] 18:03:46.454529 シナリオ走行を終了しました [シナリオ名: ログイン]
[ADMIN] 18:03:46.454539 シナリオ走行を開始しました [シナリオ名: ログイン]
[ADMIN] 18:03:46.458010 シナリオ走行を終了しました [シナリオ名: 新規ユーザー登録]
[ADMIN] 18:03:46.458023 シナリオ走行を開始しました [シナリオ名: 新規ユーザー登録]
[ADMIN] 18:03:46.461696 シナリオ走行を終了しました [シナリオ名: 新規ユーザー登録]
[ADMIN] 18:03:46.461713 シナリオ走行を開始しました [シナリオ名: 新規ユーザー登録]
[ADMIN] 18:03:46.465418 シナリオ走行を終了しました [シナリオ名: 新規ユーザー登録]
[ADMIN] 18:03:46.465434 シナリオ走行を開始しました [シナリオ名: 新規ユーザー登録]
[ADMIN] 18:03:46.471116 シナリオ走行を終了しました [シナリオ名: ログイン]
[ADMIN] 18:03:46.471125 シナリオ走行を開始しました [シナリオ名: ログイン]
[ADMIN] 18:03:46.472937 シナリオ走行を終了しました [シナリオ名: 新規ユーザー登録]
[ADMIN] 18:03:46.472951 シナリオ走行を開始しました [シナリオ名: 新規ユーザー登録]
[ADMIN] 18:03:46.474316 シナリオ走行を終了しました [シナリオ名: 新規ユーザー登録]
[ADMIN] 18:03:46.474333 シナリオ走行を開始しました [シナリオ名: 新規ユーザー登録]
[ADMIN] 18:03:46.476246 シナリオ走行を終了しました [シナリオ名: 新規ユーザー登録]
[ADMIN] 18:03:46.476261 シナリオ走行を開始しました [シナリオ名: 新規ユーザー登録]
[ADMIN] 18:03:46.478061 シナリオ走行を終了しました [シナリオ名: 新規ユーザー登録]
[ADMIN] 18:03:46.478077 シナリオ走行を開始しました [シナリオ名: 新規ユーザー登録]
[ADMIN] 18:03:46.482174 シナリオ走行を終了しました [シナリオ名: 新規ユーザー登録]
[ADMIN] 18:03:46.482190 シナリオ走行を開始しました [シナリオ名: 新規ユーザー登録]
[ADMIN] 18:03:46.484304 シナリオ走行を終了しました [シナリオ名: 新規ユーザー登録]
[ADMIN] 18:03:46.484318 シナリオ走行を開始しました [シナリオ名: 新規ユーザー登録]
[ADMIN] 18:03:46.490927 シナリオ走行を終了しました [シナリオ名: ログイン]
[ADMIN] 18:03:46.490934 シナリオ走行を開始しました [シナリオ名: ログイン]
[ADMIN] 18:03:46.496614 シナリオ走行を終了しました [シナリオ名: 新規ユーザー登録]
[ADMIN] 18:03:46.496630 シナリオ走行を開始しました [シナリオ名: 新規ユーザー登録]
[ADMIN] 18:03:46.502887 シナリオ走行を終了しました [シナリオ名: ログイン]
[ADMIN] 18:03:46.502896 シナリオ走行を開始しました [シナリオ名: ログイン]
[ADMIN] 18:03:46.504587 シナリオ走行を終了しました [シナリオ名: 新規ユーザー登録]
[ADMIN] 18:03:46.504603 シナリオ走行を開始しました [シナリオ名: 新規ユーザー登録]
[ADMIN] 18:03:46.508315 シナリオ走行を終了しました [シナリオ名: ログイン]
[ADMIN] 18:03:46.508326 シナリオ走行を開始しました [シナリオ名: ログイン]
[ADMIN] 18:03:46.519842 シナリオ走行を終了しました [シナリオ名: ログイン]
[ADMIN] 18:03:46.519850 シナリオ走行を開始しました [シナリオ名: ログイン]
[ADMIN] 18:03:46.538455 シナリオ走行を終了しました [シナリオ名: 新規ユーザー登録]
[ADMIN] 18:03:46.538473 シナリオ走行を開始しました [シナリオ名: 新規ユーザー登録]
[ADMIN] 18:03:46.546588 シナリオ走行を終了しました [シナリオ名: ログイン]
[ADMIN] 18:03:46.546609 シナリオ走行を開始しました [シナリオ名: ログイン]
[ADMIN] 18:03:46.549707 シナリオ走行を終了しました [シナリオ名: ログイン]
[ADMIN] 18:03:46.549715 シナリオ走行を開始しました [シナリオ名: ログイン]
[ADMIN] 18:03:46.553923 シナリオ走行を終了しました [シナリオ名: 新規ユーザー登録]
[ADMIN] 18:03:46.553940 シナリオ走行を開始しました [シナリオ名: 新規ユーザー登録]
[ADMIN] 18:03:46.555257 シナリオ走行を終了しました [シナリオ名: ログイン]
[ADMIN] 18:03:46.555266 シナリオ走行を開始しました [シナリオ名: ログイン]
[ADMIN] 18:03:46.566175 シナリオ走行を終了しました [シナリオ名: ログイン]
[ADMIN] 18:03:46.566182 シナリオ走行を開始しました [シナリオ名: ログイン]
[ADMIN] 18:03:46.569251 シナリオ走行を終了しました [シナリオ名: 新規ユーザー登録]
[ADMIN] 18:03:46.569269 シナリオ走行を開始しました [シナリオ名: 新規ユーザー登録]
[ADMIN] 18:03:46.571674 シナリオ走行を終了しました [シナリオ名: Banユーザログイン]
[ADMIN] 18:03:46.571688 シナリオ走行を開始しました [シナリオ名: Banユーザログイン]
[ADMIN] 18:03:46.575367 シナリオ走行を終了しました [シナリオ名: 新規ユーザー登録]
[ADMIN] 18:03:46.575384 シナリオ走行を開始しました [シナリオ名: 新規ユーザー登録]
[ADMIN] 18:03:46.576455 シナリオ走行を終了しました [シナリオ名: ログイン]
[ADMIN] 18:03:46.576464 シナリオ走行を開始しました [シナリオ名: ログイン]
[ADMIN] 18:03:46.587359 シナリオ走行を終了しました [シナリオ名: 新規ユーザー登録]
[ADMIN] 18:03:46.587386 シナリオ走行を開始しました [シナリオ名: 新規ユーザー登録]
[ADMIN] 18:03:46.590369 シナリオ走行を終了しました [シナリオ名: ログイン]
[ADMIN] 18:03:46.590378 シナリオ走行を開始しました [シナリオ名: ログイン]
[ADMIN] 18:03:46.591740 シナリオ走行を終了しました [シナリオ名: Banユーザログイン]
[ADMIN] 18:03:46.591755 シナリオ走行を開始しました [シナリオ名: Banユーザログイン]
[ADMIN] 18:03:46.595586 シナリオ走行を終了しました [シナリオ名: Banユーザログイン]
[ADMIN] 18:03:46.595600 シナリオ走行を開始しました [シナリオ名: Banユーザログイン]
[ADMIN] 18:03:46.596044 シナリオ走行を終了しました [シナリオ名: 新規ユーザー登録]
[ADMIN] 18:03:46.596059 シナリオ走行を開始しました [シナリオ名: 新規ユーザー登録]
[ADMIN] 18:03:46.600629 シナリオ走行を終了しました [シナリオ名: ログイン]
[ADMIN] 18:03:46.600639 シナリオ走行を開始しました [シナリオ名: ログイン]
[ADMIN] 18:03:46.603463 シナリオ走行を終了しました [シナリオ名: 新規ユーザー登録]
[ADMIN] 18:03:46.603478 シナリオ走行を開始しました [シナリオ名: 新規ユーザー登録]
[ADMIN] 18:03:46.612117 シナリオ走行を終了しました [シナリオ名: 新規ユーザー登録]
[ADMIN] 18:03:46.612133 シナリオ走行を開始しました [シナリオ名: 新規ユーザー登録]
[ADMIN] 18:03:46.622056 シナリオ走行を終了しました [シナリオ名: 新規ユーザー登録]
[ADMIN] 18:03:46.622072 シナリオ走行を開始しました [シナリオ名: 新規ユーザー登録]
[ADMIN] 18:03:46.629817 シナリオ走行を終了しました [シナリオ名: ログイン]
[ADMIN] 18:03:46.629826 シナリオ走行を開始しました [シナリオ名: ログイン]
[ADMIN] 18:03:46.634376 シナリオ走行を終了しました [シナリオ名: ログイン]
[ADMIN] 18:03:46.634391 シナリオ走行を開始しました [シナリオ名: ログイン]
[ADMIN] 18:03:46.648119 シナリオ走行を終了しました [シナリオ名: 新規ユーザー登録]
[ADMIN] 18:03:46.648133 シナリオ走行を開始しました [シナリオ名: 新規ユーザー登録]
[ADMIN] 18:03:46.649877 シナリオ走行を終了しました [シナリオ名: 新規ユーザー登録]
[ADMIN] 18:03:46.649895 シナリオ走行を開始しました [シナリオ名: 新規ユーザー登録]
[ADMIN] 18:03:46.650212 シナリオ走行を終了しました [シナリオ名: Banユーザログイン]
[ADMIN] 18:03:46.650227 シナリオ走行を開始しました [シナリオ名: Banユーザログイン]
[ADMIN] 18:03:46.658215 シナリオ走行を終了しました [シナリオ名: Banユーザログイン]
[ADMIN] 18:03:46.658227 シナリオ走行を開始しました [シナリオ名: Banユーザログイン]
[ADMIN] 18:03:46.692001 シナリオ走行を終了しました [シナリオ名: 新規ユーザー登録]
[ADMIN] 18:03:46.692039 シナリオ走行を開始しました [シナリオ名: 新規ユーザー登録]
[ADMIN] 18:03:46.695640 シナリオ走行を終了しました [シナリオ名: 新規ユーザー登録]
[ADMIN] 18:03:46.695669 シナリオ走行を開始しました [シナリオ名: 新規ユーザー登録]
[ADMIN] 18:03:46.714314 シナリオ走行を終了しました [シナリオ名: 新規ユーザー登録]
[ADMIN] 18:03:46.714353 シナリオ走行を開始しました [シナリオ名: 新規ユーザー登録]
[ADMIN] 18:03:46.725437 シナリオ走行を終了しました [シナリオ名: 新規ユーザー登録]
[ADMIN] 18:03:46.725465 シナリオ走行を開始しました [シナリオ名: 新規ユーザー登録]
[ADMIN] 18:03:46.749896 シナリオ走行を終了しました [シナリオ名: ログイン]
[ADMIN] 18:03:46.749911 シナリオ走行を開始しました [シナリオ名: ログイン]
[ADMIN] 18:03:46.751232 シナリオ走行を終了しました [シナリオ名: 新規ユーザー登録]
[ADMIN] 18:03:46.751252 シナリオ走行を開始しました [シナリオ名: 新規ユーザー登録]
[ADMIN] 18:03:46.758958 シナリオ走行を終了しました [シナリオ名: ログイン]
[ADMIN] 18:03:46.758968 シナリオ走行を開始しました [シナリオ名: ログイン]
[ADMIN] 18:03:46.778142 シナリオ走行を終了しました [シナリオ名: ログイン]
[ADMIN] 18:03:46.778156 シナリオ走行を開始しました [シナリオ名: ログイン]
[ADMIN] 18:03:46.778726 シナリオ走行を終了しました [シナリオ名: ログイン]
[ADMIN] 18:03:46.778747 シナリオ走行を開始しました [シナリオ名: ログイン]
[ADMIN] 18:03:46.789036 シナリオ走行を終了しました [シナリオ名: Banユーザログイン]
[ADMIN] 18:03:46.789052 シナリオ走行を開始しました [シナリオ名: Banユーザログイン]
[ADMIN] 18:03:46.805088 シナリオ走行を終了しました [シナリオ名: 新規ユーザー登録]
[ADMIN] 18:03:46.805109 シナリオ走行を開始しました [シナリオ名: 新規ユーザー登録]
[ADMIN] 18:03:46.809539 シナリオ走行を終了しました [シナリオ名: Banユーザログイン]
[ADMIN] 18:03:46.809562 シナリオ走行を開始しました [シナリオ名: Banユーザログイン]
[ADMIN] 18:03:46.822466 シナリオ走行を終了しました [シナリオ名: ログイン]
[ADMIN] 18:03:46.822476 シナリオ走行を開始しました [シナリオ名: ログイン]
[ADMIN] 18:03:46.822484 シナリオ走行を終了しました [シナリオ名: Banユーザログイン]
[ADMIN] 18:03:46.822498 シナリオ走行を開始しました [シナリオ名: Banユーザログイン]
[ADMIN] 18:03:46.827829 シナリオ走行を終了しました [シナリオ名: 新規ユーザー登録]
[ADMIN] 18:03:46.827852 シナリオ走行を開始しました [シナリオ名: 新規ユーザー登録]
[ADMIN] 18:03:46.836335 シナリオ走行を終了しました [シナリオ名: 新規ユーザー登録]
[ADMIN] 18:03:46.836351 シナリオ走行を開始しました [シナリオ名: 新規ユーザー登録]
[ADMIN] 18:03:46.903665 シナリオ走行を終了しました [シナリオ名: 新規ユーザー登録]
[ADMIN] 18:03:46.903695 シナリオ走行を開始しました [シナリオ名: 新規ユーザー登録]
[ADMIN] 18:03:46.933756 シナリオ走行を終了しました [シナリオ名: Banユーザログイン]
[ADMIN] 18:03:46.933775 シナリオ走行を開始しました [シナリオ名: Banユーザログイン]
[ADMIN] 18:03:46.941761 シナリオ走行を終了しました [シナリオ名: 新規ユーザー登録]
[ADMIN] 18:03:46.941787 シナリオ走行を開始しました [シナリオ名: 新規ユーザー登録]
[ADMIN] 18:03:46.950856 シナリオ走行を終了しました [シナリオ名: Banユーザログイン]
[ADMIN] 18:03:46.950876 シナリオ走行を開始しました [シナリオ名: Banユーザログイン]
[ADMIN] 18:03:46.974320 シナリオ走行を終了しました [シナリオ名: 新規ユーザー登録]
[ADMIN] 18:03:46.974347 シナリオ走行を開始しました [シナリオ名: 新規ユーザー登録]
[ADMIN] 18:03:46.992159 シナリオ走行を終了しました [シナリオ名: Banユーザログイン]
[ADMIN] 18:03:46.992178 シナリオ走行を開始しました [シナリオ名: Banユーザログイン]
[ADMIN] 18:03:47.047941 シナリオ走行を終了しました [シナリオ名: Banユーザログイン]
[ADMIN] 18:03:47.047957 シナリオ走行を終了しました [シナリオ名: 新規ユーザー登録]
[ADMIN] 18:03:47.047963 シナリオ走行を開始しました [シナリオ名: Banユーザログイン]
[ADMIN] 18:03:47.047979 シナリオ走行を開始しました [シナリオ名: 新規ユーザー登録]
[ADMIN] 18:03:47.049281 シナリオ走行を終了しました [シナリオ名: 新規ユーザー登録]
[ADMIN] 18:03:47.049299 シナリオ走行を開始しました [シナリオ名: 新規ユーザー登録]
[ADMIN] 18:03:47.074851 シナリオ走行を終了しました [シナリオ名: 新規ユーザー登録]
[ADMIN] 18:03:47.074878 シナリオ走行を開始しました [シナリオ名: 新規ユーザー登録]
[ADMIN] 18:03:47.154770 シナリオ走行を終了しました [シナリオ名: Banユーザログイン]
[ADMIN] 18:03:47.154787 シナリオ走行を開始しました [シナリオ名: Banユーザログイン]
[ADMIN] 18:03:47.160113 シナリオ走行を終了しました [シナリオ名: 新規ユーザー登録]
[ADMIN] 18:03:47.160129 シナリオ走行を開始しました [シナリオ名: 新規ユーザー登録]
[ADMIN] 18:03:47.165866 シナリオ走行を終了しました [シナリオ名: Banユーザログイン]
[ADMIN] 18:03:47.165879 シナリオ走行を開始しました [シナリオ名: Banユーザログイン]
[ADMIN] 18:03:47.280905 シナリオ走行を終了しました [シナリオ名: 新規ユーザー登録]
[ADMIN] 18:03:47.280925 シナリオ走行を開始しました [シナリオ名: 新規ユーザー登録]
[ADMIN] 18:03:47.305469 シナリオ走行を終了しました [シナリオ名: ログイン]
[ADMIN] 18:03:47.305484 シナリオ走行を開始しました [シナリオ名: ログイン]
[ADMIN] 18:03:47.346054 シナリオ走行を終了しました [シナリオ名: ログイン]
[ADMIN] 18:03:47.346079 シナリオ走行を開始しました [シナリオ名: ログイン]
[ADMIN] 18:03:47.355106 シナリオ走行を終了しました [シナリオ名: 新規ユーザー登録]
[ADMIN] 18:03:47.355133 シナリオ走行を開始しました [シナリオ名: 新規ユーザー登録]
[ADMIN] 18:03:47.523469 シナリオ走行を終了しました [シナリオ名: Banユーザログイン]
[ADMIN] 18:03:47.523487 シナリオ走行を開始しました [シナリオ名: Banユーザログイン]
[ADMIN] 18:03:47.560066 シナリオ走行を終了しました [シナリオ名: 新規ユーザー登録]
[ADMIN] 18:03:47.560094 シナリオ走行を開始しました [シナリオ名: 新規ユーザー登録]
[ADMIN] 18:03:47.580512 シナリオ走行を終了しました [シナリオ名: Banユーザログイン]
[ADMIN] 18:03:47.580529 シナリオ走行を開始しました [シナリオ名: Banユーザログイン]
[ADMIN] 18:03:47.617521 シナリオ走行を終了しました [シナリオ名: Banユーザログイン]
[ADMIN] 18:03:47.617539 シナリオ走行を開始しました [シナリオ名: Banユーザログイン]
[ADMIN] 18:03:47.638342 シナリオ走行を終了しました [シナリオ名: Banユーザログイン]
[ADMIN] 18:03:47.638368 シナリオ走行を開始しました [シナリオ名: Banユーザログイン]
[ADMIN] 18:03:47.651679 シナリオ走行を終了しました [シナリオ名: ログイン]
[ADMIN] 18:03:47.651692 シナリオ走行を開始しました [シナリオ名: ログイン]
[ADMIN] 18:03:47.677589 シナリオ走行を終了しました [シナリオ名: ログイン]
[ADMIN] 18:03:47.677602 シナリオ走行を開始しました [シナリオ名: ログイン]
[ADMIN] 18:03:47.726554 シナリオ走行を終了しました [シナリオ名: 新規ユーザー登録]
[ADMIN] 18:03:47.726583 シナリオ走行を開始しました [シナリオ名: 新規ユーザー登録]
[ADMIN] 18:03:47.742283 シナリオ走行を終了しました [シナリオ名: ログイン]
[ADMIN] 18:03:47.742295 シナリオ走行を開始しました [シナリオ名: ログイン]
[ADMIN] 18:03:47.783880 シナリオ走行を終了しました [シナリオ名: Banユーザログイン]
[ADMIN] 18:03:47.783896 シナリオ走行を開始しました [シナリオ名: Banユーザログイン]
[ADMIN] 18:03:47.795227 シナリオ走行を終了しました [シナリオ名: ログイン]
[ADMIN] 18:03:47.795240 シナリオ走行を開始しました [シナリオ名: ログイン]
[ADMIN] 18:03:47.810745 シナリオ走行を終了しました [シナリオ名: ログイン]
[ADMIN] 18:03:47.810755 シナリオ走行を開始しました [シナリオ名: ログイン]
[ADMIN] 18:03:47.836366 シナリオ走行を終了しました [シナリオ名: ログイン]
[ADMIN] 18:03:47.836379 シナリオ走行を開始しました [シナリオ名: ログイン]
[ADMIN] 18:03:47.836967 シナリオ走行を終了しました [シナリオ名: ログイン]
[ADMIN] 18:03:47.836976 シナリオ走行を開始しました [シナリオ名: ログイン]
[ADMIN] 18:03:47.861623 シナリオ走行を終了しました [シナリオ名: ログイン]
[ADMIN] 18:03:47.861635 シナリオ走行を開始しました [シナリオ名: ログイン]
[ADMIN] 18:03:47.885348 シナリオ走行を終了しました [シナリオ名: ログイン]
[ADMIN] 18:03:47.885361 シナリオ走行を開始しました [シナリオ名: ログイン]
[ADMIN] 18:03:47.895844 シナリオ走行を終了しました [シナリオ名: 新規ユーザー登録]
[ADMIN] 18:03:47.895866 シナリオ走行を開始しました [シナリオ名: 新規ユーザー登録]
[ADMIN] 18:03:47.913621 シナリオ走行を終了しました [シナリオ名: ログイン]
[ADMIN] 18:03:47.913629 シナリオ走行を開始しました [シナリオ名: ログイン]
[ADMIN] 18:03:47.925125 シナリオ走行を終了しました [シナリオ名: ログイン]
[ADMIN] 18:03:47.925133 シナリオ走行を開始しました [シナリオ名: ログイン]
[ADMIN] 18:03:47.944438 シナリオ走行を終了しました [シナリオ名: ログイン]
[ADMIN] 18:03:47.944448 シナリオ走行を開始しました [シナリオ名: ログイン]
[ADMIN] 18:03:47.955647 シナリオ走行を終了しました [シナリオ名: ログイン]
[ADMIN] 18:03:47.955658 シナリオ走行を開始しました [シナリオ名: ログイン]
[ADMIN] 18:03:47.959597 シナリオ走行を終了しました [シナリオ名: 新規ユーザー登録]
[ADMIN] 18:03:47.959616 シナリオ走行を開始しました [シナリオ名: 新規ユーザー登録]
[ADMIN] 18:03:47.963125 シナリオ走行を終了しました [シナリオ名: ログイン]
[ADMIN] 18:03:47.963135 シナリオ走行を開始しました [シナリオ名: ログイン]
[ADMIN] 18:03:47.983839 シナリオ走行を終了しました [シナリオ名: Banユーザログイン]
[ADMIN] 18:03:47.983861 シナリオ走行を開始しました [シナリオ名: Banユーザログイン]
[ADMIN] 18:03:47.987355 シナリオ走行を終了しました [シナリオ名: ログイン]
[ADMIN] 18:03:47.987365 シナリオ走行を開始しました [シナリオ名: ログイン]
[ADMIN] 18:03:48.054510 シナリオ走行を終了しました [シナリオ名: ログイン]
[ADMIN] 18:03:48.054525 シナリオ走行を開始しました [シナリオ名: ログイン]
[ADMIN] 18:03:48.063907 シナリオ走行を終了しました [シナリオ名: 新規ユーザー登録]
[ADMIN] 18:03:48.063929 シナリオ走行を開始しました [シナリオ名: 新規ユーザー登録]
[ADMIN] 18:03:48.064863 シナリオ走行を終了しました [シナリオ名: ログイン]
[ADMIN] 18:03:48.064871 シナリオ走行を開始しました [シナリオ名: ログイン]
[ADMIN] 18:03:48.073818 シナリオ走行を終了しました [シナリオ名: ログイン]
[ADMIN] 18:03:48.073826 シナリオ走行を開始しました [シナリオ名: ログイン]
[ADMIN] 18:03:48.109294 シナリオ走行を終了しました [シナリオ名: 新規ユーザー登録]
[ADMIN] 18:03:48.109325 シナリオ走行を開始しました [シナリオ名: 新規ユーザー登録]
[ADMIN] 18:03:48.109816 シナリオ走行を終了しました [シナリオ名: ログイン]
[ADMIN] 18:03:48.109827 シナリオ走行を開始しました [シナリオ名: ログイン]
[ADMIN] 18:03:48.114943 シナリオ走行を終了しました [シナリオ名: ログイン]
[ADMIN] 18:03:48.114961 シナリオ走行を開始しました [シナリオ名: ログイン]
[ADMIN] 18:03:48.115703 シナリオ走行を終了しました [シナリオ名: 新規ユーザー登録]
[ADMIN] 18:03:48.115716 シナリオ走行を開始しました [シナリオ名: 新規ユーザー登録]
[ADMIN] 18:03:48.116217 シナリオ走行を終了しました [シナリオ名: ログイン]
[ADMIN] 18:03:48.116227 シナリオ走行を開始しました [シナリオ名: ログイン]
[ADMIN] 18:03:48.117416 シナリオ走行を終了しました [シナリオ名: 新規ユーザー登録]
[ADMIN] 18:03:48.117430 シナリオ走行を開始しました [シナリオ名: 新規ユーザー登録]
[ADMIN] 18:03:48.124017 シナリオ走行を終了しました [シナリオ名: 新規ユーザー登録]
[ADMIN] 18:03:48.124037 シナリオ走行を開始しました [シナリオ名: 新規ユーザー登録]
[ADMIN] 18:03:48.136221 シナリオ走行を終了しました [シナリオ名: Banユーザログイン]
[ADMIN] 18:03:48.136239 シナリオ走行を開始しました [シナリオ名: Banユーザログイン]
[ADMIN] 18:03:48.136304 シナリオ走行を終了しました [シナリオ名: ログイン]
[ADMIN] 18:03:48.136314 シナリオ走行を開始しました [シナリオ名: ログイン]
[ADMIN] 18:03:48.140558 シナリオ走行を終了しました [シナリオ名: 新規ユーザー登録]
[ADMIN] 18:03:48.140576 シナリオ走行を開始しました [シナリオ名: 新規ユーザー登録]
[ADMIN] 18:03:48.146829 シナリオ走行を終了しました [シナリオ名: 新規ユーザー登録]
[ADMIN] 18:03:48.146844 シナリオ走行を開始しました [シナリオ名: 新規ユーザー登録]
[ADMIN] 18:03:48.147946 シナリオ走行を終了しました [シナリオ名: 新規ユーザー登録]
[ADMIN] 18:03:48.147959 シナリオ走行を開始しました [シナリオ名: 新規ユーザー登録]
[ADMIN] 18:03:48.162954 シナリオ走行を終了しました [シナリオ名: ログイン]
[ADMIN] 18:03:48.162966 シナリオ走行を開始しました [シナリオ名: ログイン]
[ADMIN] 18:03:48.166069 シナリオ走行を終了しました [シナリオ名: ログイン]
[ADMIN] 18:03:48.166078 シナリオ走行を開始しました [シナリオ名: ログイン]
[ADMIN] 18:03:48.171072 シナリオ走行を終了しました [シナリオ名: ログイン]
[ADMIN] 18:03:48.171081 シナリオ走行を開始しました [シナリオ名: ログイン]
[ADMIN] 18:03:48.176294 シナリオ走行を終了しました [シナリオ名: 新規ユーザー登録]
[ADMIN] 18:03:48.176311 シナリオ走行を開始しました [シナリオ名: 新規ユーザー登録]
[ADMIN] 18:03:48.195569 シナリオ走行を終了しました [シナリオ名: ログイン]
[ADMIN] 18:03:48.195578 シナリオ走行を開始しました [シナリオ名: ログイン]
[ADMIN] 18:03:48.202495 シナリオ走行を終了しました [シナリオ名: ログイン]
[ADMIN] 18:03:48.202504 シナリオ走行を開始しました [シナリオ名: ログイン]
[ADMIN] 18:03:48.207591 シナリオ走行を終了しました [シナリオ名: Banユーザログイン]
[ADMIN] 18:03:48.207612 シナリオ走行を開始しました [シナリオ名: Banユーザログイン]
[ADMIN] 18:03:48.207604 シナリオ走行を終了しました [シナリオ名: 新規ユーザー登録]
[ADMIN] 18:03:48.207637 シナリオ走行を開始しました [シナリオ名: 新規ユーザー登録]
[ADMIN] 18:03:48.211870 シナリオ走行を終了しました [シナリオ名: 新規ユーザー登録]
[ADMIN] 18:03:48.211887 シナリオ走行を開始しました [シナリオ名: 新規ユーザー登録]
[ADMIN] 18:03:48.212944 シナリオ走行を終了しました [シナリオ名: ログイン]
[ADMIN] 18:03:48.212954 シナリオ走行を開始しました [シナリオ名: ログイン]
[ADMIN] 18:03:48.213447 シナリオ走行を終了しました [シナリオ名: ログイン]
[ADMIN] 18:03:48.213456 シナリオ走行を開始しました [シナリオ名: ログイン]
[ADMIN] 18:03:48.214338 シナリオ走行を終了しました [シナリオ名: 新規ユーザー登録]
[ADMIN] 18:03:48.214354 シナリオ走行を開始しました [シナリオ名: 新規ユーザー登録]
[ADMIN] 18:03:48.217685 シナリオ走行を終了しました [シナリオ名: ログイン]
[ADMIN] 18:03:48.217693 シナリオ走行を開始しました [シナリオ名: ログイン]
[ADMIN] 18:03:48.222232 シナリオ走行を終了しました [シナリオ名: ログイン]
[ADMIN] 18:03:48.222242 シナリオ走行を開始しました [シナリオ名: ログイン]
[ADMIN] 18:03:48.238833 シナリオ走行を終了しました [シナリオ名: 新規ユーザー登録]
[ADMIN] 18:03:48.238851 シナリオ走行を開始しました [シナリオ名: 新規ユーザー登録]
[ADMIN] 18:03:48.251952 シナリオ走行を終了しました [シナリオ名: Banユーザログイン]
[ADMIN] 18:03:48.251969 シナリオ走行を開始しました [シナリオ名: Banユーザログイン]
[ADMIN] 18:03:48.259926 シナリオ走行を終了しました [シナリオ名: Banユーザログイン]
[ADMIN] 18:03:48.259945 シナリオ走行を開始しました [シナリオ名: Banユーザログイン]
[ADMIN] 18:03:48.298699 シナリオ走行を終了しました [シナリオ名: ログイン]
[ADMIN] 18:03:48.298711 シナリオ走行を開始しました [シナリオ名: ログイン]
[ADMIN] 18:03:48.299625 シナリオ走行を終了しました [シナリオ名: 新規ユーザー登録]
[ADMIN] 18:03:48.299639 シナリオ走行を開始しました [シナリオ名: 新規ユーザー登録]
[ADMIN] 18:03:48.307957 シナリオ走行を終了しました [シナリオ名: ログイン]
[ADMIN] 18:03:48.307967 シナリオ走行を開始しました [シナリオ名: ログイン]
[ADMIN] 18:03:48.308575 シナリオ走行を終了しました [シナリオ名: 新規ユーザー登録]
[ADMIN] 18:03:48.308589 シナリオ走行を開始しました [シナリオ名: 新規ユーザー登録]
[ADMIN] 18:03:48.312337 シナリオ走行を終了しました [シナリオ名: ログイン]
[ADMIN] 18:03:48.312347 シナリオ走行を開始しました [シナリオ名: ログイン]
[ADMIN] 18:03:48.312645 シナリオ走行を終了しました [シナリオ名: 新規ユーザー登録]
[ADMIN] 18:03:48.312661 シナリオ走行を開始しました [シナリオ名: 新規ユーザー登録]
[ADMIN] 18:03:48.312783 シナリオ走行を終了しました [シナリオ名: 新規ユーザー登録]
[ADMIN] 18:03:48.312797 シナリオ走行を開始しました [シナリオ名: 新規ユーザー登録]
[ADMIN] 18:03:48.318016 シナリオ走行を終了しました [シナリオ名: ログイン]
[ADMIN] 18:03:48.318027 シナリオ走行を開始しました [シナリオ名: ログイン]
[ADMIN] 18:03:48.319243 シナリオ走行を終了しました [シナリオ名: 新規ユーザー登録]
[ADMIN] 18:03:48.319258 シナリオ走行を開始しました [シナリオ名: 新規ユーザー登録]
[ADMIN] 18:03:48.319625 シナリオ走行を終了しました [シナリオ名: 新規ユーザー登録]
[ADMIN] 18:03:48.319642 シナリオ走行を開始しました [シナリオ名: 新規ユーザー登録]
[ADMIN] 18:03:48.328551 シナリオ走行を終了しました [シナリオ名: ログイン]
[ADMIN] 18:03:48.328562 シナリオ走行を開始しました [シナリオ名: ログイン]
[ADMIN] 18:03:48.329160 シナリオ走行を終了しました [シナリオ名: ログイン]
[ADMIN] 18:03:48.329169 シナリオ走行を開始しました [シナリオ名: ログイン]
[ADMIN] 18:03:48.329287 シナリオ走行を終了しました [シナリオ名: ログイン]
[ADMIN] 18:03:48.329297 シナリオ走行を開始しました [シナリオ名: ログイン]
[ADMIN] 18:03:48.331483 シナリオ走行を終了しました [シナリオ名: 新規ユーザー登録]
[ADMIN] 18:03:48.331503 シナリオ走行を開始しました [シナリオ名: 新規ユーザー登録]
[ADMIN] 18:03:48.332692 シナリオ走行を終了しました [シナリオ名: ログイン]
[ADMIN] 18:03:48.332701 シナリオ走行を開始しました [シナリオ名: ログイン]
[ADMIN] 18:03:48.341724 シナリオ走行を終了しました [シナリオ名: Banユーザログイン]
[ADMIN] 18:03:48.341746 シナリオ走行を開始しました [シナリオ名: Banユーザログイン]
[ADMIN] 18:03:48.370642 シナリオ走行を終了しました [シナリオ名: Banユーザログイン]
[ADMIN] 18:03:48.370664 シナリオ走行を開始しました [シナリオ名: Banユーザログイン]
[ADMIN] 18:03:48.377128 シナリオ走行を終了しました [シナリオ名: ログイン]
[ADMIN] 18:03:48.377143 シナリオ走行を開始しました [シナリオ名: ログイン]
[ADMIN] 18:03:48.382282 シナリオ走行を終了しました [シナリオ名: 新規ユーザー登録]
[ADMIN] 18:03:48.382303 シナリオ走行を開始しました [シナリオ名: 新規ユーザー登録]
[ADMIN] 18:03:48.384648 シナリオ走行を終了しました [シナリオ名: ログイン]
[ADMIN] 18:03:48.384657 シナリオ走行を開始しました [シナリオ名: ログイン]
[ADMIN] 18:03:48.385289 シナリオ走行を終了しました [シナリオ名: ログイン]
[ADMIN] 18:03:48.385296 シナリオ走行を開始しました [シナリオ名: ログイン]
[ADMIN] 18:03:48.390499 シナリオ走行を終了しました [シナリオ名: 新規ユーザー登録]
[ADMIN] 18:03:48.390523 シナリオ走行を開始しました [シナリオ名: 新規ユーザー登録]
[ADMIN] 18:03:48.394757 シナリオ走行を終了しました [シナリオ名: ログイン]
[ADMIN] 18:03:48.394768 シナリオ走行を開始しました [シナリオ名: ログイン]
[ADMIN] 18:03:48.402596 シナリオ走行を終了しました [シナリオ名: 新規ユーザー登録]
[ADMIN] 18:03:48.402629 シナリオ走行を開始しました [シナリオ名: 新規ユーザー登録]
[ADMIN] 18:03:48.408827 シナリオ走行を終了しました [シナリオ名: ログイン]
[ADMIN] 18:03:48.408838 シナリオ走行を開始しました [シナリオ名: ログイン]
[ADMIN] 18:03:48.426042 シナリオ走行を終了しました [シナリオ名: 新規ユーザー登録]
[ADMIN] 18:03:48.426061 シナリオ走行を開始しました [シナリオ名: 新規ユーザー登録]
[ADMIN] 18:03:48.427299 シナリオ走行を終了しました [シナリオ名: ログイン]
[ADMIN] 18:03:48.427307 シナリオ走行を開始しました [シナリオ名: ログイン]
[ADMIN] 18:03:48.439235 シナリオ走行を終了しました [シナリオ名: ログイン]
[ADMIN] 18:03:48.439254 シナリオ走行を開始しました [シナリオ名: ログイン]
[ADMIN] 18:03:48.449398 シナリオ走行を終了しました [シナリオ名: 新規ユーザー登録]
[ADMIN] 18:03:48.449414 シナリオ走行を開始しました [シナリオ名: 新規ユーザー登録]
[ADMIN] 18:03:48.455681 シナリオ走行を終了しました [シナリオ名: 新規ユーザー登録]
[ADMIN] 18:03:48.455700 シナリオ走行を開始しました [シナリオ名: 新規ユーザー登録]
[ADMIN] 18:03:48.461682 シナリオ走行を終了しました [シナリオ名: 新規ユーザー登録]
[ADMIN] 18:03:48.461698 シナリオ走行を開始しました [シナリオ名: 新規ユーザー登録]
[ADMIN] 18:03:48.465031 シナリオ走行を終了しました [シナリオ名: 新規ユーザー登録]
[ADMIN] 18:03:48.465049 シナリオ走行を開始しました [シナリオ名: 新規ユーザー登録]
[ADMIN] 18:03:48.476914 シナリオ走行を終了しました [シナリオ名: 新規ユーザー登録]
[ADMIN] 18:03:48.476935 シナリオ走行を開始しました [シナリオ名: 新規ユーザー登録]
[ADMIN] 18:03:48.483987 シナリオ走行を終了しました [シナリオ名: 新規ユーザー登録]
[ADMIN] 18:03:48.484014 シナリオ走行を開始しました [シナリオ名: 新規ユーザー登録]
[ADMIN] 18:03:48.492317 シナリオ走行を終了しました [シナリオ名: 新規ユーザー登録]
[ADMIN] 18:03:48.492336 シナリオ走行を開始しました [シナリオ名: 新規ユーザー登録]
[ADMIN] 18:03:48.495859 シナリオ走行を終了しました [シナリオ名: ログイン]
[ADMIN] 18:03:48.495869 シナリオ走行を開始しました [シナリオ名: ログイン]
[ADMIN] 18:03:48.504979 シナリオ走行を終了しました [シナリオ名: ログイン]
[ADMIN] 18:03:48.504991 シナリオ走行を開始しました [シナリオ名: ログイン]
[ADMIN] 18:03:48.506363 シナリオ走行を終了しました [シナリオ名: ログイン]
[ADMIN] 18:03:48.506374 シナリオ走行を開始しました [シナリオ名: ログイン]
[ADMIN] 18:03:48.515231 シナリオ走行を終了しました [シナリオ名: ログイン]
[ADMIN] 18:03:48.515242 シナリオ走行を開始しました [シナリオ名: ログイン]
[ADMIN] 18:03:48.516640 シナリオ走行を終了しました [シナリオ名: ログイン]
[ADMIN] 18:03:48.516649 シナリオ走行を開始しました [シナリオ名: ログイン]
[ADMIN] 18:03:48.517778 シナリオ走行を終了しました [シナリオ名: 新規ユーザー登録]
[ADMIN] 18:03:48.517796 シナリオ走行を開始しました [シナリオ名: 新規ユーザー登録]
[ADMIN] 18:03:48.522718 シナリオ走行を終了しました [シナリオ名: ログイン]
[ADMIN] 18:03:48.522725 シナリオ走行を開始しました [シナリオ名: ログイン]
[ADMIN] 18:03:48.524403 シナリオ走行を終了しました [シナリオ名: 新規ユーザー登録]
[ADMIN] 18:03:48.524432 シナリオ走行を開始しました [シナリオ名: 新規ユーザー登録]
[ADMIN] 18:03:48.530282 シナリオ走行を終了しました [シナリオ名: ログイン]
[ADMIN] 18:03:48.530293 シナリオ走行を開始しました [シナリオ名: ログイン]
[ADMIN] 18:03:48.540658 シナリオ走行を終了しました [シナリオ名: Banユーザログイン]
[ADMIN] 18:03:48.540676 シナリオ走行を開始しました [シナリオ名: Banユーザログイン]
[ADMIN] 18:03:48.547933 シナリオ走行を終了しました [シナリオ名: ログイン]
[ADMIN] 18:03:48.547943 シナリオ走行を開始しました [シナリオ名: ログイン]
[ADMIN] 18:03:48.553786 シナリオ走行を終了しました [シナリオ名: 新規ユーザー登録]
[ADMIN] 18:03:48.553806 シナリオ走行を開始しました [シナリオ名: 新規ユーザー登録]
[ADMIN] 18:03:48.586262 シナリオ走行を終了しました [シナリオ名: 新規ユーザー登録]
[ADMIN] 18:03:48.586287 シナリオ走行を開始しました [シナリオ名: 新規ユーザー登録]
[ADMIN] 18:03:48.595709 シナリオ走行を終了しました [シナリオ名: ログイン]
[ADMIN] 18:03:48.595720 シナリオ走行を開始しました [シナリオ名: ログイン]
[ADMIN] 18:03:48.598606 シナリオ走行を終了しました [シナリオ名: Banユーザログイン]
[ADMIN] 18:03:48.598637 シナリオ走行を開始しました [シナリオ名: Banユーザログイン]
[ADMIN] 18:03:48.603047 シナリオ走行を終了しました [シナリオ名: 新規ユーザー登録]
[ADMIN] 18:03:48.603066 シナリオ走行を開始しました [シナリオ名: 新規ユーザー登録]
[ADMIN] 18:03:48.603176 シナリオ走行を終了しました [シナリオ名: Banユーザログイン]
[ADMIN] 18:03:48.603187 シナリオ走行を開始しました [シナリオ名: Banユーザログイン]
[ADMIN] 18:03:48.606505 シナリオ走行を終了しました [シナリオ名: 新規ユーザー登録]
[ADMIN] 18:03:48.606519 シナリオ走行を開始しました [シナリオ名: 新規ユーザー登録]
[ADMIN] 18:03:48.639481 シナリオ走行を終了しました [シナリオ名: ログイン]
[ADMIN] 18:03:48.639492 シナリオ走行を開始しました [シナリオ名: ログイン]
[ADMIN] 18:03:48.641670 シナリオ走行を終了しました [シナリオ名: 新規ユーザー登録]
[ADMIN] 18:03:48.641684 シナリオ走行を開始しました [シナリオ名: 新規ユーザー登録]
[ADMIN] 18:03:48.665170 シナリオ走行を終了しました [シナリオ名: 新規ユーザー登録]
[ADMIN] 18:03:48.665190 シナリオ走行を開始しました [シナリオ名: 新規ユーザー登録]
[ADMIN] 18:03:48.686928 シナリオ走行を終了しました [シナリオ名: 新規ユーザー登録]
[ADMIN] 18:03:48.686948 シナリオ走行を開始しました [シナリオ名: 新規ユーザー登録]
[ADMIN] 18:03:48.689072 シナリオ走行を終了しました [シナリオ名: ログイン]
[ADMIN] 18:03:48.689082 シナリオ走行を開始しました [シナリオ名: ログイン]
[ADMIN] 18:03:48.690710 シナリオ走行を終了しました [シナリオ名: Banユーザログイン]
[ADMIN] 18:03:48.690720 シナリオ走行を開始しました [シナリオ名: Banユーザログイン]
[ADMIN] 18:03:48.699538 シナリオ走行を終了しました [シナリオ名: ログイン]
[ADMIN] 18:03:48.699547 シナリオ走行を開始しました [シナリオ名: ログイン]
[ADMIN] 18:03:48.700538 シナリオ走行を終了しました [シナリオ名: ログイン]
[ADMIN] 18:03:48.700548 シナリオ走行を開始しました [シナリオ名: ログイン]
[ADMIN] 18:03:48.711952 シナリオ走行を終了しました [シナリオ名: 新規ユーザー登録]
[ADMIN] 18:03:48.711971 シナリオ走行を開始しました [シナリオ名: 新規ユーザー登録]
[ADMIN] 18:03:48.714570 シナリオ走行を終了しました [シナリオ名: 新規ユーザー登録]
[ADMIN] 18:03:48.714584 シナリオ走行を開始しました [シナリオ名: 新規ユーザー登録]
[ADMIN] 18:03:48.720854 シナリオ走行を終了しました [シナリオ名: ログイン]
[ADMIN] 18:03:48.720863 シナリオ走行を開始しました [シナリオ名: ログイン]
[ADMIN] 18:03:48.729185 シナリオ走行を終了しました [シナリオ名: 新規ユーザー登録]
[ADMIN] 18:03:48.729203 シナリオ走行を開始しました [シナリオ名: 新規ユーザー登録]
[ADMIN] 18:03:48.736095 シナリオ走行を終了しました [シナリオ名: 新規ユーザー登録]
[ADMIN] 18:03:48.736109 シナリオ走行を開始しました [シナリオ名: 新規ユーザー登録]
[ADMIN] 18:03:48.738402 シナリオ走行を終了しました [シナリオ名: ログイン]
[ADMIN] 18:03:48.738412 シナリオ走行を開始しました [シナリオ名: ログイン]
[ADMIN] 18:03:48.755090 シナリオ走行を終了しました [シナリオ名: 新規ユーザー登録]
[ADMIN] 18:03:48.755107 シナリオ走行を開始しました [シナリオ名: 新規ユーザー登録]
[ADMIN] 18:03:48.757062 シナリオ走行を終了しました [シナリオ名: ログイン]
[ADMIN] 18:03:48.757072 シナリオ走行を開始しました [シナリオ名: ログイン]
[ADMIN] 18:03:48.757480 シナリオ走行を終了しました [シナリオ名: 新規ユーザー登録]
[ADMIN] 18:03:48.757495 シナリオ走行を開始しました [シナリオ名: 新規ユーザー登録]
[ADMIN] 18:03:48.758282 シナリオ走行を終了しました [シナリオ名: 新規ユーザー登録]
[ADMIN] 18:03:48.758296 シナリオ走行を開始しました [シナリオ名: 新規ユーザー登録]
[ADMIN] 18:03:48.762380 シナリオ走行を終了しました [シナリオ名: ログイン]
[ADMIN] 18:03:48.762390 シナリオ走行を開始しました [シナリオ名: ログイン]
[ADMIN] 18:03:48.768394 シナリオ走行を終了しました [シナリオ名: 新規ユーザー登録]
[ADMIN] 18:03:48.768408 シナリオ走行を開始しました [シナリオ名: 新規ユーザー登録]
[ADMIN] 18:03:48.781029 シナリオ走行を終了しました [シナリオ名: ログイン]
[ADMIN] 18:03:48.781039 シナリオ走行を開始しました [シナリオ名: ログイン]
[ADMIN] 18:03:48.787491 シナリオ走行を終了しました [シナリオ名: 新規ユーザー登録]
[ADMIN] 18:03:48.787507 シナリオ走行を開始しました [シナリオ名: 新規ユーザー登録]
[ADMIN] 18:03:48.791563 シナリオ走行を終了しました [シナリオ名: ログイン]
[ADMIN] 18:03:48.791572 シナリオ走行を開始しました [シナリオ名: ログイン]
[ADMIN] 18:03:48.796990 シナリオ走行を終了しました [シナリオ名: ログイン]
[ADMIN] 18:03:48.796998 シナリオ走行を開始しました [シナリオ名: ログイン]
[ADMIN] 18:03:48.813198 シナリオ走行を終了しました [シナリオ名: Banユーザログイン]
[ADMIN] 18:03:48.813209 シナリオ走行を開始しました [シナリオ名: Banユーザログイン]
[ADMIN] 18:03:48.818535 シナリオ走行を終了しました [シナリオ名: Banユーザログイン]
[ADMIN] 18:03:48.818549 シナリオ走行を開始しました [シナリオ名: Banユーザログイン]
[ADMIN] 18:03:48.827756 シナリオ走行を終了しました [シナリオ名: ログイン]
[ADMIN] 18:03:48.827766 シナリオ走行を開始しました [シナリオ名: ログイン]
[ADMIN] 18:03:48.842874 シナリオ走行を終了しました [シナリオ名: 新規ユーザー登録]
[ADMIN] 18:03:48.842892 シナリオ走行を開始しました [シナリオ名: 新規ユーザー登録]
[ADMIN] 18:03:48.873764 シナリオ走行を終了しました [シナリオ名: 新規ユーザー登録]
[ADMIN] 18:03:48.873779 シナリオ走行を開始しました [シナリオ名: 新規ユーザー登録]
[ADMIN] 18:03:48.881521 シナリオ走行を終了しました [シナリオ名: 新規ユーザー登録]
[ADMIN] 18:03:48.881540 シナリオ走行を開始しました [シナリオ名: 新規ユーザー登録]
[ADMIN] 18:03:48.909931 シナリオ走行を終了しました [シナリオ名: 新規ユーザー登録]
[ADMIN] 18:03:48.909961 シナリオ走行を開始しました [シナリオ名: 新規ユーザー登録]
[ADMIN] 18:03:48.910115 シナリオ走行を終了しました [シナリオ名: 新規ユーザー登録]
[ADMIN] 18:03:48.910134 シナリオ走行を開始しました [シナリオ名: 新規ユーザー登録]
[ADMIN] 18:03:48.910413 シナリオ走行を終了しました [シナリオ名: 新規ユーザー登録]
[ADMIN] 18:03:48.910432 シナリオ走行を開始しました [シナリオ名: 新規ユーザー登録]
[ADMIN] 18:03:48.915105 シナリオ走行を終了しました [シナリオ名: 新規ユーザー登録]
[ADMIN] 18:03:48.915118 シナリオ走行を開始しました [シナリオ名: 新規ユーザー登録]
[ADMIN] 18:03:48.929296 シナリオ走行を終了しました [シナリオ名: ログイン]
[ADMIN] 18:03:48.929306 シナリオ走行を開始しました [シナリオ名: ログイン]
[ADMIN] 18:03:48.933405 シナリオ走行を終了しました [シナリオ名: Banユーザログイン]
[ADMIN] 18:03:48.933420 シナリオ走行を開始しました [シナリオ名: Banユーザログイン]
[ADMIN] 18:03:48.957517 シナリオ走行を終了しました [シナリオ名: Banユーザログイン]
[ADMIN] 18:03:48.957532 シナリオ走行を開始しました [シナリオ名: Banユーザログイン]
[ADMIN] 18:03:48.958671 シナリオ走行を終了しました [シナリオ名: 新規ユーザー登録]
[ADMIN] 18:03:48.958685 シナリオ走行を開始しました [シナリオ名: 新規ユーザー登録]
[ADMIN] 18:03:48.969165 シナリオ走行を終了しました [シナリオ名: ログイン]
[ADMIN] 18:03:48.969186 シナリオ走行を開始しました [シナリオ名: ログイン]
[ADMIN] 18:03:49.006556 シナリオ走行を終了しました [シナリオ名: 新規ユーザー登録]
[ADMIN] 18:03:49.006579 シナリオ走行を開始しました [シナリオ名: 新規ユーザー登録]
[ADMIN] 18:03:49.010072 シナリオ走行を終了しました [シナリオ名: 新規ユーザー登録]
[ADMIN] 18:03:49.010091 シナリオ走行を開始しました [シナリオ名: 新規ユーザー登録]
[ADMIN] 18:03:49.017283 シナリオ走行を終了しました [シナリオ名: ログイン]
[ADMIN] 18:03:49.017296 シナリオ走行を開始しました [シナリオ名: ログイン]
[ADMIN] 18:03:49.018149 シナリオ走行を終了しました [シナリオ名: ログイン]
[ADMIN] 18:03:49.018160 シナリオ走行を開始しました [シナリオ名: ログイン]
[ADMIN] 18:03:49.048732 シナリオ走行を終了しました [シナリオ名: 新規ユーザー登録]
[ADMIN] 18:03:49.048754 シナリオ走行を開始しました [シナリオ名: 新規ユーザー登録]
[ADMIN] 18:03:49.055140 シナリオ走行を終了しました [シナリオ名: 新規ユーザー登録]
[ADMIN] 18:03:49.055159 シナリオ走行を開始しました [シナリオ名: 新規ユーザー登録]
[ADMIN] 18:03:49.066175 シナリオ走行を終了しました [シナリオ名: ログイン]
[ADMIN] 18:03:49.066183 シナリオ走行を開始しました [シナリオ名: ログイン]
[ADMIN] 18:03:49.070602 シナリオ走行を終了しました [シナリオ名: Banユーザログイン]
[ADMIN] 18:03:49.070613 シナリオ走行を開始しました [シナリオ名: Banユーザログイン]
[ADMIN] 18:03:49.164528 シナリオ走行を終了しました [シナリオ名: 新規ユーザー登録]
[ADMIN] 18:03:49.164555 シナリオ走行を開始しました [シナリオ名: 新規ユーザー登録]
[ADMIN] 18:03:49.179773 シナリオ走行を終了しました [シナリオ名: 新規ユーザー登録]
[ADMIN] 18:03:49.179803 シナリオ走行を開始しました [シナリオ名: 新規ユーザー登録]
[ADMIN] 18:03:49.211387 シナリオ走行を終了しました [シナリオ名: Banユーザログイン]
[ADMIN] 18:03:49.211401 シナリオ走行を開始しました [シナリオ名: Banユーザログイン]
[ADMIN] 18:03:49.239883 シナリオ走行を終了しました [シナリオ名: Banユーザログイン]
[ADMIN] 18:03:49.239905 シナリオ走行を開始しました [シナリオ名: Banユーザログイン]
[ADMIN] 18:03:49.260953 シナリオ走行を終了しました [シナリオ名: Banユーザログイン]
[ADMIN] 18:03:49.261011 シナリオ走行を開始しました [シナリオ名: Banユーザログイン]
[ADMIN] 18:03:49.310926 シナリオ走行を終了しました [シナリオ名: Banユーザログイン]
[ADMIN] 18:03:49.310949 シナリオ走行を開始しました [シナリオ名: Banユーザログイン]
[ADMIN] 18:03:49.419123 シナリオ走行を終了しました [シナリオ名: 新規ユーザー登録]
[ADMIN] 18:03:49.419152 シナリオ走行を開始しました [シナリオ名: 新規ユーザー登録]
[ADMIN] 18:03:49.429403 シナリオ走行を終了しました [シナリオ名: 新規ユーザー登録]
[ADMIN] 18:03:49.429425 シナリオ走行を開始しました [シナリオ名: 新規ユーザー登録]
[ADMIN] 18:03:49.451792 シナリオ走行を終了しました [シナリオ名: 新規ユーザー登録]
[ADMIN] 18:03:49.451820 シナリオ走行を開始しました [シナリオ名: 新規ユーザー登録]
[ADMIN] 18:03:49.479625 シナリオ走行を終了しました [シナリオ名: ログイン]
[ADMIN] 18:03:49.479636 シナリオ走行を開始しました [シナリオ名: ログイン]
[ADMIN] 18:03:49.483133 シナリオ走行を終了しました [シナリオ名: ログイン]
[ADMIN] 18:03:49.483147 シナリオ走行を開始しました [シナリオ名: ログイン]
[ADMIN] 18:03:49.527001 シナリオ走行を終了しました [シナリオ名: 新規ユーザー登録]
[ADMIN] 18:03:49.527025 シナリオ走行を開始しました [シナリオ名: 新規ユーザー登録]
[ADMIN] 18:03:49.551604 シナリオ走行を終了しました [シナリオ名: Banユーザログイン]
[ADMIN] 18:03:49.551622 シナリオ走行を開始しました [シナリオ名: Banユーザログイン]
[ADMIN] 18:03:49.554337 シナリオ走行を終了しました [シナリオ名: 新規ユーザー登録]
[ADMIN] 18:03:49.554354 シナリオ走行を開始しました [シナリオ名: 新規ユーザー登録]
[ADMIN] 18:03:49.559793 シナリオ走行を終了しました [シナリオ名: Banユーザログイン]
[ADMIN] 18:03:49.559811 シナリオ走行を開始しました [シナリオ名: Banユーザログイン]
[ADMIN] 18:03:49.603951 シナリオ走行を終了しました [シナリオ名: ログイン]
[ADMIN] 18:03:49.603968 シナリオ走行を開始しました [シナリオ名: ログイン]
[ADMIN] 18:03:49.604141 シナリオ走行を終了しました [シナリオ名: ログイン]
[ADMIN] 18:03:49.604153 シナリオ走行を開始しました [シナリオ名: ログイン]
[ADMIN] 18:03:49.649228 シナリオ走行を終了しました [シナリオ名: 新規ユーザー登録]
[ADMIN] 18:03:49.649254 シナリオ走行を開始しました [シナリオ名: 新規ユーザー登録]
[ADMIN] 18:03:49.732123 シナリオ走行を終了しました [シナリオ名: Banユーザログイン]
[ADMIN] 18:03:49.732138 シナリオ走行を開始しました [シナリオ名: Banユーザログイン]
[ADMIN] 18:03:49.734609 シナリオ走行を終了しました [シナリオ名: Banユーザログイン]
[ADMIN] 18:03:49.734636 シナリオ走行を開始しました [シナリオ名: Banユーザログイン]
[ADMIN] 18:03:49.736407 シナリオ走行を終了しました [シナリオ名: ログイン]
[ADMIN] 18:03:49.736417 シナリオ走行を開始しました [シナリオ名: ログイン]
[ADMIN] 18:03:49.749692 シナリオ走行を終了しました [シナリオ名: ログイン]
[ADMIN] 18:03:49.749701 シナリオ走行を開始しました [シナリオ名: ログイン]
[ADMIN] 18:03:49.769189 シナリオ走行を終了しました [シナリオ名: Banユーザログイン]
[ADMIN] 18:03:49.769210 シナリオ走行を開始しました [シナリオ名: Banユーザログイン]
[ADMIN] 18:03:49.774195 シナリオ走行を終了しました [シナリオ名: Banユーザログイン]
[ADMIN] 18:03:49.774206 シナリオ走行を開始しました [シナリオ名: Banユーザログイン]
[ADMIN] 18:03:49.798708 シナリオ走行を終了しました [シナリオ名: ログイン]
[ADMIN] 18:03:49.798723 シナリオ走行を開始しました [シナリオ名: ログイン]
[ADMIN] 18:03:49.828001 シナリオ走行を終了しました [シナリオ名: 新規ユーザー登録]
[ADMIN] 18:03:49.828027 シナリオ走行を開始しました [シナリオ名: 新規ユーザー登録]
[ADMIN] 18:03:49.832136 シナリオ走行を終了しました [シナリオ名: ログイン]
[ADMIN] 18:03:49.832146 シナリオ走行を開始しました [シナリオ名: ログイン]
[ADMIN] 18:03:49.892931 シナリオ走行を終了しました [シナリオ名: Banユーザログイン]
[ADMIN] 18:03:49.892952 シナリオ走行を開始しました [シナリオ名: Banユーザログイン]
[ADMIN] 18:03:49.895461 シナリオ走行を終了しました [シナリオ名: 新規ユーザー登録]
[ADMIN] 18:03:49.895481 シナリオ走行を開始しました [シナリオ名: 新規ユーザー登録]
[ADMIN] 18:03:49.919193 シナリオ走行を終了しました [シナリオ名: 新規ユーザー登録]
[ADMIN] 18:03:49.919219 シナリオ走行を開始しました [シナリオ名: 新規ユーザー登録]
[ADMIN] 18:03:49.947742 シナリオ走行を終了しました [シナリオ名: Banユーザログイン]
[ADMIN] 18:03:49.947759 シナリオ走行を開始しました [シナリオ名: Banユーザログイン]
[ADMIN] 18:03:49.957776 シナリオ走行を終了しました [シナリオ名: ログイン]
[ADMIN] 18:03:49.957790 シナリオ走行を開始しました [シナリオ名: ログイン]
[ADMIN] 18:03:49.963950 シナリオ走行を終了しました [シナリオ名: 新規ユーザー登録]
[ADMIN] 18:03:49.963970 シナリオ走行を開始しました [シナリオ名: 新規ユーザー登録]
[ADMIN] 18:03:49.965542 シナリオ走行を終了しました [シナリオ名: ログイン]
[ADMIN] 18:03:49.965552 シナリオ走行を開始しました [シナリオ名: ログイン]
[ADMIN] 18:03:49.978716 シナリオ走行を終了しました [シナリオ名: 新規ユーザー登録]
[ADMIN] 18:03:49.978734 シナリオ走行を開始しました [シナリオ名: 新規ユーザー登録]
[ADMIN] 18:03:50.045167 シナリオ走行を終了しました [シナリオ名: ログイン]
[ADMIN] 18:03:50.045180 シナリオ走行を開始しました [シナリオ名: ログイン]
[ADMIN] 18:03:50.051047 シナリオ走行を終了しました [シナリオ名: ログイン]
[ADMIN] 18:03:50.051059 シナリオ走行を開始しました [シナリオ名: ログイン]
[ADMIN] 18:03:50.052916 シナリオ走行を終了しました [シナリオ名: ログイン]
[ADMIN] 18:03:50.052924 シナリオ走行を開始しました [シナリオ名: ログイン]
[ADMIN] 18:03:50.061950 シナリオ走行を終了しました [シナリオ名: 新規ユーザー登録]
[ADMIN] 18:03:50.061966 シナリオ走行を開始しました [シナリオ名: 新規ユーザー登録]
[ADMIN] 18:03:50.064566 シナリオ走行を終了しました [シナリオ名: ログイン]
[ADMIN] 18:03:50.064576 シナリオ走行を開始しました [シナリオ名: ログイン]
[ADMIN] 18:03:50.068390 シナリオ走行を終了しました [シナリオ名: ログイン]
[ADMIN] 18:03:50.068398 シナリオ走行を開始しました [シナリオ名: ログイン]
[ADMIN] 18:03:50.072998 シナリオ走行を終了しました [シナリオ名: ログイン]
[ADMIN] 18:03:50.073005 シナリオ走行を開始しました [シナリオ名: ログイン]
[ADMIN] 18:03:50.080474 シナリオ走行を終了しました [シナリオ名: ログイン]
[ADMIN] 18:03:50.080483 シナリオ走行を開始しました [シナリオ名: ログイン]
[ADMIN] 18:03:50.113537 シナリオ走行を終了しました [シナリオ名: 新規ユーザー登録]
[ADMIN] 18:03:50.113566 シナリオ走行を開始しました [シナリオ名: 新規ユーザー登録]
[ADMIN] 18:03:50.114114 シナリオ走行を終了しました [シナリオ名: ログイン]
[ADMIN] 18:03:50.114124 シナリオ走行を開始しました [シナリオ名: ログイン]
[ADMIN] 18:03:50.133177 シナリオ走行を終了しました [シナリオ名: ログイン]
[ADMIN] 18:03:50.133187 シナリオ走行を開始しました [シナリオ名: ログイン]
[ADMIN] 18:03:50.185817 シナリオ走行を終了しました [シナリオ名: Banユーザログイン]
[ADMIN] 18:03:50.185833 シナリオ走行を開始しました [シナリオ名: Banユーザログイン]
[ADMIN] 18:03:50.191008 シナリオ走行を終了しました [シナリオ名: ログイン]
[ADMIN] 18:03:50.191017 シナリオ走行を開始しました [シナリオ名: ログイン]
[ADMIN] 18:03:50.199403 シナリオ走行を終了しました [シナリオ名: ログイン]
[ADMIN] 18:03:50.199411 シナリオ走行を開始しました [シナリオ名: ログイン]
[ADMIN] 18:03:50.200378 シナリオ走行を終了しました [シナリオ名: ログイン]
[ADMIN] 18:03:50.200387 シナリオ走行を開始しました [シナリオ名: ログイン]
[ADMIN] 18:03:50.204197 シナリオ走行を終了しました [シナリオ名: ログイン]
[ADMIN] 18:03:50.204206 シナリオ走行を開始しました [シナリオ名: ログイン]
[ADMIN] 18:03:50.211354 シナリオ走行を終了しました [シナリオ名: ログイン]
[ADMIN] 18:03:50.211364 シナリオ走行を開始しました [シナリオ名: ログイン]
[ADMIN] 18:03:50.213807 シナリオ走行を終了しました [シナリオ名: Banユーザログイン]
[ADMIN] 18:03:50.213818 シナリオ走行を開始しました [シナリオ名: Banユーザログイン]
[ADMIN] 18:03:50.215896 シナリオ走行を終了しました [シナリオ名: ログイン]
[ADMIN] 18:03:50.215903 シナリオ走行を開始しました [シナリオ名: ログイン]
[ADMIN] 18:03:50.216374 シナリオ走行を終了しました [シナリオ名: ログイン]
[ADMIN] 18:03:50.216384 シナリオ走行を開始しました [シナリオ名: ログイン]
[ADMIN] 18:03:50.226936 シナリオ走行を終了しました [シナリオ名: Banユーザログイン]
[ADMIN] 18:03:50.226951 シナリオ走行を開始しました [シナリオ名: Banユーザログイン]
[ADMIN] 18:03:50.266273 シナリオ走行を終了しました [シナリオ名: ログイン]
[ADMIN] 18:03:50.266283 シナリオ走行を開始しました [シナリオ名: ログイン]
[ADMIN] 18:03:50.269082 シナリオ走行を終了しました [シナリオ名: 新規ユーザー登録]
[ADMIN] 18:03:50.269161 シナリオ走行を開始しました [シナリオ名: 新規ユーザー登録]
[ADMIN] 18:03:50.274829 シナリオ走行を終了しました [シナリオ名: ログイン]
[ADMIN] 18:03:50.274838 シナリオ走行を開始しました [シナリオ名: ログイン]
[ADMIN] 18:03:50.287760 シナリオ走行を終了しました [シナリオ名: ログイン]
[ADMIN] 18:03:50.287771 シナリオ走行を開始しました [シナリオ名: ログイン]
[ADMIN] 18:03:50.316210 シナリオ走行を終了しました [シナリオ名: 新規ユーザー登録]
[ADMIN] 18:03:50.316225 シナリオ走行を終了しました [シナリオ名: 新規ユーザー登録]
[ADMIN] 18:03:50.316239 シナリオ走行を開始しました [シナリオ名: 新規ユーザー登録]
[ADMIN] 18:03:50.316243 シナリオ走行を開始しました [シナリオ名: 新規ユーザー登録]
[ADMIN] 18:03:50.320054 シナリオ走行を終了しました [シナリオ名: ログイン]
[ADMIN] 18:03:50.320064 シナリオ走行を開始しました [シナリオ名: ログイン]
[ADMIN] 18:03:50.321845 シナリオ走行を終了しました [シナリオ名: 新規ユーザー登録]
[ADMIN] 18:03:50.321862 シナリオ走行を開始しました [シナリオ名: 新規ユーザー登録]
[ADMIN] 18:03:50.323120 シナリオ走行を終了しました [シナリオ名: ログイン]
[ADMIN] 18:03:50.323129 シナリオ走行を開始しました [シナリオ名: ログイン]
[ADMIN] 18:03:50.333174 シナリオ走行を終了しました [シナリオ名: 新規ユーザー登録]
[ADMIN] 18:03:50.333188 シナリオ走行を開始しました [シナリオ名: 新規ユーザー登録]
[ADMIN] 18:03:50.335728 シナリオ走行を終了しました [シナリオ名: ログイン]
[ADMIN] 18:03:50.335743 シナリオ走行を開始しました [シナリオ名: ログイン]
[ADMIN] 18:03:50.336901 シナリオ走行を終了しました [シナリオ名: 新規ユーザー登録]
[ADMIN] 18:03:50.336916 シナリオ走行を開始しました [シナリオ名: 新規ユーザー登録]
[ADMIN] 18:03:50.347921 シナリオ走行を終了しました [シナリオ名: ログイン]
[ADMIN] 18:03:50.347933 シナリオ走行を開始しました [シナリオ名: ログイン]
[ADMIN] 18:03:50.369255 シナリオ走行を終了しました [シナリオ名: 新規ユーザー登録]
[ADMIN] 18:03:50.369276 シナリオ走行を開始しました [シナリオ名: 新規ユーザー登録]
[ADMIN] 18:03:50.391086 シナリオ走行を終了しました [シナリオ名: 新規ユーザー登録]
[ADMIN] 18:03:50.391106 シナリオ走行を開始しました [シナリオ名: 新規ユーザー登録]
[ADMIN] 18:03:50.391510 シナリオ走行を終了しました [シナリオ名: 新規ユーザー登録]
[ADMIN] 18:03:50.391522 シナリオ走行を開始しました [シナリオ名: 新規ユーザー登録]
[ADMIN] 18:03:50.391677 シナリオ走行を終了しました [シナリオ名: ログイン]
[ADMIN] 18:03:50.391686 シナリオ走行を開始しました [シナリオ名: ログイン]
[ADMIN] 18:03:50.391956 シナリオ走行を終了しました [シナリオ名: 新規ユーザー登録]
[ADMIN] 18:03:50.391972 シナリオ走行を開始しました [シナリオ名: 新規ユーザー登録]
[ADMIN] 18:03:50.404946 シナリオ走行を終了しました [シナリオ名: ログイン]
[ADMIN] 18:03:50.404955 シナリオ走行を開始しました [シナリオ名: ログイン]
[ADMIN] 18:03:50.406315 シナリオ走行を終了しました [シナリオ名: Banユーザログイン]
[ADMIN] 18:03:50.406330 シナリオ走行を開始しました [シナリオ名: Banユーザログイン]
[ADMIN] 18:03:50.410039 シナリオ走行を終了しました [シナリオ名: ログイン]
[ADMIN] 18:03:50.410048 シナリオ走行を開始しました [シナリオ名: ログイン]
[ADMIN] 18:03:50.416156 シナリオ走行を終了しました [シナリオ名: 新規ユーザー登録]
[ADMIN] 18:03:50.416172 シナリオ走行を開始しました [シナリオ名: 新規ユーザー登録]
[ADMIN] 18:03:50.450116 シナリオ走行を終了しました [シナリオ名: ログイン]
[ADMIN] 18:03:50.450130 シナリオ走行を開始しました [シナリオ名: ログイン]
[ADMIN] 18:03:50.452449 シナリオ走行を終了しました [シナリオ名: 新規ユーザー登録]
[ADMIN] 18:03:50.452464 シナリオ走行を開始しました [シナリオ名: 新規ユーザー登録]
[ADMIN] 18:03:50.456460 シナリオ走行を終了しました [シナリオ名: ログイン]
[ADMIN] 18:03:50.456469 シナリオ走行を開始しました [シナリオ名: ログイン]
[ADMIN] 18:03:50.457976 シナリオ走行を終了しました [シナリオ名: ログイン]
[ADMIN] 18:03:50.457984 シナリオ走行を開始しました [シナリオ名: ログイン]
[ADMIN] 18:03:50.464238 シナリオ走行を終了しました [シナリオ名: ログイン]
[ADMIN] 18:03:50.464248 シナリオ走行を開始しました [シナリオ名: ログイン]
[ADMIN] 18:03:50.471930 シナリオ走行を終了しました [シナリオ名: Banユーザログイン]
[ADMIN] 18:03:50.471946 シナリオ走行を開始しました [シナリオ名: Banユーザログイン]
[ADMIN] 18:03:50.477281 シナリオ走行を終了しました [シナリオ名: 新規ユーザー登録]
[ADMIN] 18:03:50.477296 シナリオ走行を開始しました [シナリオ名: 新規ユーザー登録]
[ADMIN] 18:03:50.477698 シナリオ走行を終了しました [シナリオ名: ログイン]
[ADMIN] 18:03:50.477707 シナリオ走行を開始しました [シナリオ名: ログイン]
[ADMIN] 18:03:50.490335 シナリオ走行を終了しました [シナリオ名: 新規ユーザー登録]
[ADMIN] 18:03:50.490355 シナリオ走行を開始しました [シナリオ名: 新規ユーザー登録]
[ADMIN] 18:03:50.494209 シナリオ走行を終了しました [シナリオ名: ログイン]
[ADMIN] 18:03:50.494220 シナリオ走行を開始しました [シナリオ名: ログイン]
[ADMIN] 18:03:50.508013 シナリオ走行を終了しました [シナリオ名: 新規ユーザー登録]
[ADMIN] 18:03:50.508032 シナリオ走行を開始しました [シナリオ名: 新規ユーザー登録]
[ADMIN] 18:03:50.509819 シナリオ走行を終了しました [シナリオ名: ログイン]
[ADMIN] 18:03:50.509828 シナリオ走行を開始しました [シナリオ名: ログイン]
[ADMIN] 18:03:50.552228 シナリオ走行を終了しました [シナリオ名: 新規ユーザー登録]
[ADMIN] 18:03:50.552252 シナリオ走行を開始しました [シナリオ名: 新規ユーザー登録]
[ADMIN] 18:03:50.557968 シナリオ走行を終了しました [シナリオ名: ログイン]
[ADMIN] 18:03:50.557979 シナリオ走行を開始しました [シナリオ名: ログイン]
[ADMIN] 18:03:50.569043 シナリオ走行を終了しました [シナリオ名: 新規ユーザー登録]
[ADMIN] 18:03:50.569060 シナリオ走行を開始しました [シナリオ名: 新規ユーザー登録]
[ADMIN] 18:03:50.603610 シナリオ走行を終了しました [シナリオ名: 新規ユーザー登録]
[ADMIN] 18:03:50.603632 シナリオ走行を開始しました [シナリオ名: 新規ユーザー登録]
[ADMIN] 18:03:50.604562 シナリオ走行を終了しました [シナリオ名: 新規ユーザー登録]
[ADMIN] 18:03:50.604579 シナリオ走行を開始しました [シナリオ名: 新規ユーザー登録]
[ADMIN] 18:03:50.614364 シナリオ走行を終了しました [シナリオ名: 新規ユーザー登録]
[ADMIN] 18:03:50.614379 シナリオ走行を開始しました [シナリオ名: 新規ユーザー登録]
[ADMIN] 18:03:50.614681 シナリオ走行を終了しました [シナリオ名: Banユーザログイン]
[ADMIN] 18:03:50.614693 シナリオ走行を開始しました [シナリオ名: Banユーザログイン]
[ADMIN] 18:03:50.615697 シナリオ走行を終了しました [シナリオ名: ログイン]
[ADMIN] 18:03:50.615706 シナリオ走行を開始しました [シナリオ名: ログイン]
[ADMIN] 18:03:50.621657 シナリオ走行を終了しました [シナリオ名: 新規ユーザー登録]
[ADMIN] 18:03:50.621672 シナリオ走行を開始しました [シナリオ名: 新規ユーザー登録]
[ADMIN] 18:03:50.622385 シナリオ走行を終了しました [シナリオ名: 新規ユーザー登録]
[ADMIN] 18:03:50.622402 シナリオ走行を開始しました [シナリオ名: 新規ユーザー登録]
[ADMIN] 18:03:50.647912 シナリオ走行を終了しました [シナリオ名: ログイン]
[ADMIN] 18:03:50.647924 シナリオ走行を開始しました [シナリオ名: ログイン]
[ADMIN] 18:03:50.664172 シナリオ走行を終了しました [シナリオ名: 新規ユーザー登録]
[ADMIN] 18:03:50.664191 シナリオ走行を開始しました [シナリオ名: 新規ユーザー登録]
[ADMIN] 18:03:50.668864 シナリオ走行を終了しました [シナリオ名: ログイン]
[ADMIN] 18:03:50.668874 シナリオ走行を開始しました [シナリオ名: ログイン]
[ADMIN] 18:03:50.672422 シナリオ走行を終了しました [シナリオ名: ログイン]
[ADMIN] 18:03:50.672433 シナリオ走行を開始しました [シナリオ名: ログイン]
[ADMIN] 18:03:50.681572 シナリオ走行を終了しました [シナリオ名: ログイン]
[ADMIN] 18:03:50.681581 シナリオ走行を開始しました [シナリオ名: ログイン]
[ADMIN] 18:03:50.684271 シナリオ走行を終了しました [シナリオ名: ログイン]
[ADMIN] 18:03:50.684279 シナリオ走行を開始しました [シナリオ名: ログイン]
[ADMIN] 18:03:50.696967 シナリオ走行を終了しました [シナリオ名: 新規ユーザー登録]
[ADMIN] 18:03:50.696983 シナリオ走行を開始しました [シナリオ名: 新規ユーザー登録]
[ADMIN] 18:03:50.699604 シナリオ走行を終了しました [シナリオ名: ログイン]
[ADMIN] 18:03:50.699614 シナリオ走行を開始しました [シナリオ名: ログイン]
[ADMIN] 18:03:50.702882 シナリオ走行を終了しました [シナリオ名: ログイン]
[ADMIN] 18:03:50.702891 シナリオ走行を開始しました [シナリオ名: ログイン]
[ADMIN] 18:03:50.709538 シナリオ走行を終了しました [シナリオ名: ログイン]
[ADMIN] 18:03:50.709547 シナリオ走行を開始しました [シナリオ名: ログイン]
[ADMIN] 18:03:50.710974 シナリオ走行を終了しました [シナリオ名: Banユーザログイン]
[ADMIN] 18:03:50.710987 シナリオ走行を開始しました [シナリオ名: Banユーザログイン]
[ADMIN] 18:03:50.724801 シナリオ走行を終了しました [シナリオ名: 新規ユーザー登録]
[ADMIN] 18:03:50.724819 シナリオ走行を開始しました [シナリオ名: 新規ユーザー登録]
[ADMIN] 18:03:50.728947 シナリオ走行を終了しました [シナリオ名: ログイン]
[ADMIN] 18:03:50.728957 シナリオ走行を開始しました [シナリオ名: ログイン]
[ADMIN] 18:03:50.735978 シナリオ走行を終了しました [シナリオ名: 新規ユーザー登録]
[ADMIN] 18:03:50.735996 シナリオ走行を開始しました [シナリオ名: 新規ユーザー登録]
[ADMIN] 18:03:50.746528 シナリオ走行を終了しました [シナリオ名: 新規ユーザー登録]
[ADMIN] 18:03:50.746550 シナリオ走行を開始しました [シナリオ名: 新規ユーザー登録]
[ADMIN] 18:03:50.756623 シナリオ走行を終了しました [シナリオ名: ログイン]
[ADMIN] 18:03:50.756633 シナリオ走行を開始しました [シナリオ名: ログイン]
[ADMIN] 18:03:50.757146 シナリオ走行を終了しました [シナリオ名: ログイン]
[ADMIN] 18:03:50.757158 シナリオ走行を開始しました [シナリオ名: ログイン]
[ADMIN] 18:03:50.761075 シナリオ走行を終了しました [シナリオ名: 新規ユーザー登録]
[ADMIN] 18:03:50.761093 シナリオ走行を開始しました [シナリオ名: 新規ユーザー登録]
[ADMIN] 18:03:50.764640 シナリオ走行を終了しました [シナリオ名: 新規ユーザー登録]
[ADMIN] 18:03:50.764658 シナリオ走行を開始しました [シナリオ名: 新規ユーザー登録]
[ADMIN] 18:03:50.775902 シナリオ走行を終了しました [シナリオ名: 新規ユーザー登録]
[ADMIN] 18:03:50.775925 シナリオ走行を開始しました [シナリオ名: 新規ユーザー登録]
[ADMIN] 18:03:50.777375 シナリオ走行を終了しました [シナリオ名: ログイン]
[ADMIN] 18:03:50.777385 シナリオ走行を開始しました [シナリオ名: ログイン]
[ADMIN] 18:03:50.796365 シナリオ走行を終了しました [シナリオ名: ログイン]
[ADMIN] 18:03:50.796376 シナリオ走行を開始しました [シナリオ名: ログイン]
[ADMIN] 18:03:50.801016 シナリオ走行を終了しました [シナリオ名: 新規ユーザー登録]
[ADMIN] 18:03:50.801034 シナリオ走行を開始しました [シナリオ名: 新規ユーザー登録]
[ADMIN] 18:03:50.808151 シナリオ走行を終了しました [シナリオ名: ログイン]
[ADMIN] 18:03:50.808161 シナリオ走行を開始しました [シナリオ名: ログイン]
[ADMIN] 18:03:50.821213 シナリオ走行を終了しました [シナリオ名: 新規ユーザー登録]
[ADMIN] 18:03:50.821232 シナリオ走行を開始しました [シナリオ名: 新規ユーザー登録]
[ADMIN] 18:03:50.828124 シナリオ走行を終了しました [シナリオ名: ログイン]
[ADMIN] 18:03:50.828135 シナリオ走行を開始しました [シナリオ名: ログイン]
[ADMIN] 18:03:50.831504 シナリオ走行を終了しました [シナリオ名: 新規ユーザー登録]
[ADMIN] 18:03:50.831528 シナリオ走行を開始しました [シナリオ名: 新規ユーザー登録]
[ADMIN] 18:03:50.836281 シナリオ走行を終了しました [シナリオ名: ログイン]
[ADMIN] 18:03:50.836290 シナリオ走行を開始しました [シナリオ名: ログイン]
[ADMIN] 18:03:50.836644 シナリオ走行を終了しました [シナリオ名: 新規ユーザー登録]
[ADMIN] 18:03:50.836659 シナリオ走行を開始しました [シナリオ名: 新規ユーザー登録]
[ADMIN] 18:03:50.843688 シナリオ走行を終了しました [シナリオ名: 新規ユーザー登録]
[ADMIN] 18:03:50.843705 シナリオ走行を開始しました [シナリオ名: 新規ユーザー登録]
[ADMIN] 18:03:50.862572 シナリオ走行を終了しました [シナリオ名: Banユーザログイン]
[ADMIN] 18:03:50.862589 シナリオ走行を開始しました [シナリオ名: Banユーザログイン]
[ADMIN] 18:03:50.862659 シナリオ走行を終了しました [シナリオ名: ログイン]
[ADMIN] 18:03:50.862671 シナリオ走行を開始しました [シナリオ名: ログイン]
[ADMIN] 18:03:50.878672 シナリオ走行を終了しました [シナリオ名: ログイン]
[ADMIN] 18:03:50.878684 シナリオ走行を開始しました [シナリオ名: ログイン]
[ADMIN] 18:03:50.883563 シナリオ走行を終了しました [シナリオ名: Banユーザログイン]
[ADMIN] 18:03:50.883577 シナリオ走行を終了しました [シナリオ名: 新規ユーザー登録]
[ADMIN] 18:03:50.883579 シナリオ走行を開始しました [シナリオ名: Banユーザログイン]
[ADMIN] 18:03:50.883597 シナリオ走行を開始しました [シナリオ名: 新規ユーザー登録]
[ADMIN] 18:03:50.892577 シナリオ走行を終了しました [シナリオ名: Banユーザログイン]
[ADMIN] 18:03:50.892591 シナリオ走行を開始しました [シナリオ名: Banユーザログイン]
[ADMIN] 18:03:50.912070 シナリオ走行を終了しました [シナリオ名: 新規ユーザー登録]
[ADMIN] 18:03:50.912114 シナリオ走行を開始しました [シナリオ名: 新規ユーザー登録]
[ADMIN] 18:03:50.914732 シナリオ走行を終了しました [シナリオ名: 新規ユーザー登録]
[ADMIN] 18:03:50.914760 シナリオ走行を開始しました [シナリオ名: 新規ユーザー登録]
[ADMIN] 18:03:50.918471 シナリオ走行を終了しました [シナリオ名: 新規ユーザー登録]
[ADMIN] 18:03:50.918496 シナリオ走行を開始しました [シナリオ名: 新規ユーザー登録]
[ADMIN] 18:03:50.928584 シナリオ走行を終了しました [シナリオ名: ログイン]
[ADMIN] 18:03:50.928609 シナリオ走行を開始しました [シナリオ名: ログイン]
[ADMIN] 18:03:50.938720 シナリオ走行を終了しました [シナリオ名: 新規ユーザー登録]
[ADMIN] 18:03:50.938739 シナリオ走行を開始しました [シナリオ名: 新規ユーザー登録]
[ADMIN] 18:03:50.940214 シナリオ走行を終了しました [シナリオ名: 新規ユーザー登録]
[ADMIN] 18:03:50.940233 シナリオ走行を開始しました [シナリオ名: 新規ユーザー登録]
[ADMIN] 18:03:50.941223 シナリオ走行を終了しました [シナリオ名: 新規ユーザー登録]
[ADMIN] 18:03:50.941239 シナリオ走行を開始しました [シナリオ名: 新規ユーザー登録]
[ADMIN] 18:03:50.945425 シナリオ走行を終了しました [シナリオ名: 新規ユーザー登録]
[ADMIN] 18:03:50.945443 シナリオ走行を開始しました [シナリオ名: 新規ユーザー登録]
[ADMIN] 18:03:50.957224 シナリオ走行を終了しました [シナリオ名: ログイン]
[ADMIN] 18:03:50.957233 シナリオ走行を開始しました [シナリオ名: ログイン]
[ADMIN] 18:03:50.962422 シナリオ走行を終了しました [シナリオ名: Banユーザログイン]
[ADMIN] 18:03:50.962433 シナリオ走行を開始しました [シナリオ名: Banユーザログイン]
[ADMIN] 18:03:51.006324 シナリオ走行を終了しました [シナリオ名: ログイン]
[ADMIN] 18:03:51.006335 シナリオ走行を開始しました [シナリオ名: ログイン]
[ADMIN] 18:03:51.008143 シナリオ走行を終了しました [シナリオ名: 新規ユーザー登録]
[ADMIN] 18:03:51.008157 シナリオ走行を開始しました [シナリオ名: 新規ユーザー登録]
[ADMIN] 18:03:51.028613 シナリオ走行を終了しました [シナリオ名: 新規ユーザー登録]
[ADMIN] 18:03:51.028631 シナリオ走行を開始しました [シナリオ名: 新規ユーザー登録]
[ADMIN] 18:03:51.036167 シナリオ走行を終了しました [シナリオ名: ログイン]
[ADMIN] 18:03:51.036177 シナリオ走行を開始しました [シナリオ名: ログイン]
[ADMIN] 18:03:51.038765 シナリオ走行を終了しました [シナリオ名: 新規ユーザー登録]
[ADMIN] 18:03:51.038782 シナリオ走行を開始しました [シナリオ名: 新規ユーザー登録]
[ADMIN] 18:03:51.044570 シナリオ走行を終了しました [シナリオ名: ログイン]
[ADMIN] 18:03:51.044578 シナリオ走行を開始しました [シナリオ名: ログイン]
[ADMIN] 18:03:51.052351 シナリオ走行を終了しました [シナリオ名: ログイン]
[ADMIN] 18:03:51.052361 シナリオ走行を開始しました [シナリオ名: ログイン]
[ADMIN] 18:03:51.056251 シナリオ走行を終了しました [シナリオ名: ログイン]
[ADMIN] 18:03:51.056261 シナリオ走行を開始しました [シナリオ名: ログイン]
[ADMIN] 18:03:51.090637 シナリオ走行を終了しました [シナリオ名: Banユーザログイン]
[ADMIN] 18:03:51.090654 シナリオ走行を開始しました [シナリオ名: Banユーザログイン]
[ADMIN] 18:03:51.097804 シナリオ走行を終了しました [シナリオ名: 新規ユーザー登録]
[ADMIN] 18:03:51.097826 シナリオ走行を開始しました [シナリオ名: 新規ユーザー登録]
[ADMIN] 18:03:51.117607 シナリオ走行を終了しました [シナリオ名: Banユーザログイン]
[ADMIN] 18:03:51.117619 シナリオ走行を開始しました [シナリオ名: Banユーザログイン]
[ADMIN] 18:03:51.121936 シナリオ走行を終了しました [シナリオ名: 新規ユーザー登録]
[ADMIN] 18:03:51.121957 シナリオ走行を開始しました [シナリオ名: 新規ユーザー登録]
[ADMIN] 18:03:51.124176 シナリオ走行を終了しました [シナリオ名: 新規ユーザー登録]
[ADMIN] 18:03:51.124204 シナリオ走行を開始しました [シナリオ名: 新規ユーザー登録]
[ADMIN] 18:03:51.129535 シナリオ走行を終了しました [シナリオ名: 新規ユーザー登録]
[ADMIN] 18:03:51.129550 シナリオ走行を開始しました [シナリオ名: 新規ユーザー登録]
[ADMIN] 18:03:51.171301 シナリオ走行を終了しました [シナリオ名: 新規ユーザー登録]
[ADMIN] 18:03:51.171320 シナリオ走行を開始しました [シナリオ名: 新規ユーザー登録]
[ADMIN] 18:03:51.177917 シナリオ走行を終了しました [シナリオ名: Banユーザログイン]
[ADMIN] 18:03:51.177932 シナリオ走行を開始しました [シナリオ名: Banユーザログイン]
[ADMIN] 18:03:51.181727 シナリオ走行を終了しました [シナリオ名: ログイン]
[ADMIN] 18:03:51.181738 シナリオ走行を開始しました [シナリオ名: ログイン]
[ADMIN] 18:03:51.218343 シナリオ走行を終了しました [シナリオ名: 新規ユーザー登録]
[ADMIN] 18:03:51.218392 シナリオ走行を開始しました [シナリオ名: 新規ユーザー登録]
[ADMIN] 18:03:51.218592 シナリオ走行を終了しました [シナリオ名: 新規ユーザー登録]
[ADMIN] 18:03:51.218773 シナリオ走行を開始しました [シナリオ名: 新規ユーザー登録]
[ADMIN] 18:03:51.239663 シナリオ走行を終了しました [シナリオ名: Banユーザログイン]
[ADMIN] 18:03:51.239676 シナリオ走行を開始しました [シナリオ名: Banユーザログイン]
[ADMIN] 18:03:51.239688 シナリオ走行を終了しました [シナリオ名: 新規ユーザー登録]
[ADMIN] 18:03:51.239707 シナリオ走行を開始しました [シナリオ名: 新規ユーザー登録]
[ADMIN] 18:03:51.263176 シナリオ走行を終了しました [シナリオ名: Banユーザログイン]
[ADMIN] 18:03:51.263197 シナリオ走行を開始しました [シナリオ名: Banユーザログイン]
[ADMIN] 18:03:51.294563 シナリオ走行を終了しました [シナリオ名: ログイン]
[ADMIN] 18:03:51.294577 シナリオ走行を開始しました [シナリオ名: ログイン]
[ADMIN] 18:03:51.319825 シナリオ走行を終了しました [シナリオ名: Banユーザログイン]
[ADMIN] 18:03:51.319840 シナリオ走行を開始しました [シナリオ名: Banユーザログイン]
[ADMIN] 18:03:51.332904 シナリオ走行を終了しました [シナリオ名: 新規ユーザー登録]
[ADMIN] 18:03:51.332923 シナリオ走行を開始しました [シナリオ名: 新規ユーザー登録]
[ADMIN] 18:03:51.354426 シナリオ走行を終了しました [シナリオ名: ログイン]
[ADMIN] 18:03:51.354436 シナリオ走行を開始しました [シナリオ名: ログイン]
[ADMIN] 18:03:51.371233 シナリオ走行を終了しました [シナリオ名: Banユーザログイン]
[ADMIN] 18:03:51.371248 シナリオ走行を開始しました [シナリオ名: Banユーザログイン]
[ADMIN] 18:03:51.402165 シナリオ走行を終了しました [シナリオ名: Banユーザログイン]
[ADMIN] 18:03:51.402183 シナリオ走行を開始しました [シナリオ名: Banユーザログイン]
[ADMIN] 18:03:51.415180 シナリオ走行を終了しました [シナリオ名: 新規ユーザー登録]
[ADMIN] 18:03:51.415200 シナリオ走行を開始しました [シナリオ名: 新規ユーザー登録]
[ADMIN] 18:03:51.419429 シナリオ走行を終了しました [シナリオ名: ログイン]
[ADMIN] 18:03:51.419439 シナリオ走行を開始しました [シナリオ名: ログイン]
[ADMIN] 18:03:51.456298 シナリオ走行を終了しました [シナリオ名: Banユーザログイン]
[ADMIN] 18:03:51.456318 シナリオ走行を開始しました [シナリオ名: Banユーザログイン]
[ADMIN] 18:03:51.474440 シナリオ走行を終了しました [シナリオ名: 新規ユーザー登録]
[ADMIN] 18:03:51.474465 シナリオ走行を開始しました [シナリオ名: 新規ユーザー登録]
[ADMIN] 18:03:51.549710 シナリオ走行を終了しました [シナリオ名: 新規ユーザー登録]
[ADMIN] 18:03:51.549740 シナリオ走行を開始しました [シナリオ名: 新規ユーザー登録]
[ADMIN] 18:03:51.550405 シナリオ走行を終了しました [シナリオ名: 新規ユーザー登録]
[ADMIN] 18:03:51.550429 シナリオ走行を開始しました [シナリオ名: 新規ユーザー登録]
[ADMIN] 18:03:51.599678 シナリオ走行を終了しました [シナリオ名: ログイン]
[ADMIN] 18:03:51.599689 シナリオ走行を開始しました [シナリオ名: ログイン]
[ADMIN] 18:03:51.626590 シナリオ走行を終了しました [シナリオ名: ログイン]
[ADMIN] 18:03:51.626607 シナリオ走行を開始しました [シナリオ名: ログイン]
[ADMIN] 18:03:51.646438 シナリオ走行を終了しました [シナリオ名: 新規ユーザー登録]
[ADMIN] 18:03:51.646466 シナリオ走行を開始しました [シナリオ名: 新規ユーザー登録]
[ADMIN] 18:03:51.658509 シナリオ走行を終了しました [シナリオ名: ログイン]
[ADMIN] 18:03:51.658520 シナリオ走行を開始しました [シナリオ名: ログイン]
[ADMIN] 18:03:51.664670 シナリオ走行を終了しました [シナリオ名: ログイン]
[ADMIN] 18:03:51.664680 シナリオ走行を開始しました [シナリオ名: ログイン]
[ADMIN] 18:03:51.687919 シナリオ走行を終了しました [シナリオ名: 新規ユーザー登録]
[ADMIN] 18:03:51.687941 シナリオ走行を開始しました [シナリオ名: 新規ユーザー登録]
[ADMIN] 18:03:51.746553 シナリオ走行を終了しました [シナリオ名: 新規ユーザー登録]
[ADMIN] 18:03:51.746576 シナリオ走行を開始しました [シナリオ名: 新規ユーザー登録]
[ADMIN] 18:03:51.760389 シナリオ走行を終了しました [シナリオ名: 新規ユーザー登録]
[ADMIN] 18:03:51.760407 シナリオ走行を開始しました [シナリオ名: 新規ユーザー登録]
[ADMIN] 18:03:51.811489 シナリオ走行を終了しました [シナリオ名: ログイン]
[ADMIN] 18:03:51.811502 シナリオ走行を開始しました [シナリオ名: ログイン]
[ADMIN] 18:03:51.814679 シナリオ走行を終了しました [シナリオ名: 新規ユーザー登録]
[ADMIN] 18:03:51.814703 シナリオ走行を開始しました [シナリオ名: 新規ユーザー登録]
[ADMIN] 18:03:51.820431 シナリオ走行を終了しました [シナリオ名: ログイン]
[ADMIN] 18:03:51.820441 シナリオ走行を開始しました [シナリオ名: ログイン]
[ADMIN] 18:03:51.881923 シナリオ走行を終了しました [シナリオ名: 新規ユーザー登録]
[ADMIN] 18:03:51.881949 シナリオ走行を開始しました [シナリオ名: 新規ユーザー登録]
[ADMIN] 18:03:51.884775 シナリオ走行を終了しました [シナリオ名: 新規ユーザー登録]
[ADMIN] 18:03:51.884794 シナリオ走行を開始しました [シナリオ名: 新規ユーザー登録]
[ADMIN] 18:03:51.937475 シナリオ走行を終了しました [シナリオ名: ログイン]
[ADMIN] 18:03:51.937489 シナリオ走行を開始しました [シナリオ名: ログイン]
[ADMIN] 18:03:51.961394 シナリオ走行を終了しました [シナリオ名: Banユーザログイン]
[ADMIN] 18:03:51.961413 シナリオ走行を開始しました [シナリオ名: Banユーザログイン]
[ADMIN] 18:03:51.971819 シナリオ走行を終了しました [シナリオ名: ログイン]
[ADMIN] 18:03:51.971834 シナリオ走行を開始しました [シナリオ名: ログイン]
[ADMIN] 18:03:51.979846 シナリオ走行を終了しました [シナリオ名: ログイン]
[ADMIN] 18:03:51.979858 シナリオ走行を開始しました [シナリオ名: ログイン]
[ADMIN] 18:03:51.980385 シナリオ走行を終了しました [シナリオ名: Banユーザログイン]
[ADMIN] 18:03:51.980400 シナリオ走行を開始しました [シナリオ名: Banユーザログイン]
[ADMIN] 18:03:51.987406 シナリオ走行を終了しました [シナリオ名: ログイン]
[ADMIN] 18:03:51.987416 シナリオ走行を開始しました [シナリオ名: ログイン]
[ADMIN] 18:03:52.022715 シナリオ走行を終了しました [シナリオ名: 新規ユーザー登録]
[ADMIN] 18:03:52.022740 シナリオ走行を開始しました [シナリオ名: 新規ユーザー登録]
[ADMIN] 18:03:52.046290 シナリオ走行を終了しました [シナリオ名: ログイン]
[ADMIN] 18:03:52.046303 シナリオ走行を開始しました [シナリオ名: ログイン]
[ADMIN] 18:03:52.054209 シナリオ走行を終了しました [シナリオ名: ログイン]
[ADMIN] 18:03:52.054222 シナリオ走行を開始しました [シナリオ名: ログイン]
[ADMIN] 18:03:52.069948 シナリオ走行を終了しました [シナリオ名: ログイン]
[ADMIN] 18:03:52.069960 シナリオ走行を開始しました [シナリオ名: ログイン]
[ADMIN] 18:03:52.095219 シナリオ走行を終了しました [シナリオ名: 新規ユーザー登録]
[ADMIN] 18:03:52.095247 シナリオ走行を開始しました [シナリオ名: 新規ユーザー登録]
[ADMIN] 18:03:52.114117 シナリオ走行を終了しました [シナリオ名: 新規ユーザー登録]
[ADMIN] 18:03:52.114153 シナリオ走行を開始しました [シナリオ名: 新規ユーザー登録]
[ADMIN] 18:03:52.129753 シナリオ走行を終了しました [シナリオ名: Banユーザログイン]
[ADMIN] 18:03:52.129768 シナリオ走行を開始しました [シナリオ名: Banユーザログイン]
[ADMIN] 18:03:52.160110 シナリオ走行を終了しました [シナリオ名: ログイン]
[ADMIN] 18:03:52.160121 シナリオ走行を開始しました [シナリオ名: ログイン]
[ADMIN] 18:03:52.169970 シナリオ走行を終了しました [シナリオ名: Banユーザログイン]
[ADMIN] 18:03:52.169981 シナリオ走行を終了しました [シナリオ名: Banユーザログイン]
[ADMIN] 18:03:52.169991 シナリオ走行を開始しました [シナリオ名: Banユーザログイン]
[ADMIN] 18:03:52.169983 シナリオ走行を開始しました [シナリオ名: Banユーザログイン]
[ADMIN] 18:03:52.193638 シナリオ走行を終了しました [シナリオ名: ログイン]
[ADMIN] 18:03:52.193651 シナリオ走行を開始しました [シナリオ名: ログイン]
[ADMIN] 18:03:52.233760 シナリオ走行を終了しました [シナリオ名: ログイン]
[ADMIN] 18:03:52.233774 シナリオ走行を開始しました [シナリオ名: ログイン]
[ADMIN] 18:03:52.247397 シナリオ走行を終了しました [シナリオ名: 新規ユーザー登録]
[ADMIN] 18:03:52.247421 シナリオ走行を開始しました [シナリオ名: 新規ユーザー登録]
[ADMIN] 18:03:52.254832 シナリオ走行を終了しました [シナリオ名: ログイン]
[ADMIN] 18:03:52.254844 シナリオ走行を開始しました [シナリオ名: ログイン]
[ADMIN] 18:03:52.257858 シナリオ走行を終了しました [シナリオ名: 新規ユーザー登録]
[ADMIN] 18:03:52.257879 シナリオ走行を開始しました [シナリオ名: 新規ユーザー登録]
[ADMIN] 18:03:52.270213 シナリオ走行を終了しました [シナリオ名: ログイン]
[ADMIN] 18:03:52.270226 シナリオ走行を開始しました [シナリオ名: ログイン]
[ADMIN] 18:03:52.286663 シナリオ走行を終了しました [シナリオ名: 新規ユーザー登録]
[ADMIN] 18:03:52.286688 シナリオ走行を開始しました [シナリオ名: 新規ユーザー登録]
[ADMIN] 18:03:52.288913 シナリオ走行を終了しました [シナリオ名: 新規ユーザー登録]
[ADMIN] 18:03:52.288930 シナリオ走行を開始しました [シナリオ名: 新規ユーザー登録]
[ADMIN] 18:03:52.290103 シナリオ走行を終了しました [シナリオ名: ログイン]
[ADMIN] 18:03:52.290113 シナリオ走行を開始しました [シナリオ名: ログイン]
[ADMIN] 18:03:52.315385 シナリオ走行を終了しました [シナリオ名: 新規ユーザー登録]
[ADMIN] 18:03:52.315417 シナリオ走行を開始しました [シナリオ名: 新規ユーザー登録]
[ADMIN] 18:03:52.318549 シナリオ走行を終了しました [シナリオ名: ログイン]
[ADMIN] 18:03:52.318561 シナリオ走行を開始しました [シナリオ名: ログイン]
[ADMIN] 18:03:52.319195 シナリオ走行を終了しました [シナリオ名: 新規ユーザー登録]
[ADMIN] 18:03:52.319212 シナリオ走行を開始しました [シナリオ名: 新規ユーザー登録]
[ADMIN] 18:03:52.322646 シナリオ走行を終了しました [シナリオ名: ログイン]
[ADMIN] 18:03:52.322655 シナリオ走行を開始しました [シナリオ名: ログイン]
[ADMIN] 18:03:52.322960 シナリオ走行を終了しました [シナリオ名: ログイン]
[ADMIN] 18:03:52.322971 シナリオ走行を開始しました [シナリオ名: ログイン]
[ADMIN] 18:03:52.332669 シナリオ走行を終了しました [シナリオ名: 新規ユーザー登録]
[ADMIN] 18:03:52.332686 シナリオ走行を開始しました [シナリオ名: 新規ユーザー登録]
[ADMIN] 18:03:52.338307 シナリオ走行を終了しました [シナリオ名: 新規ユーザー登録]
[ADMIN] 18:03:52.338321 シナリオ走行を開始しました [シナリオ名: 新規ユーザー登録]
[ADMIN] 18:03:52.352953 シナリオ走行を終了しました [シナリオ名: Banユーザログイン]
[ADMIN] 18:03:52.352966 シナリオ走行を開始しました [シナリオ名: Banユーザログイン]
[ADMIN] 18:03:52.354850 シナリオ走行を終了しました [シナリオ名: Banユーザログイン]
[ADMIN] 18:03:52.354866 シナリオ走行を開始しました [シナリオ名: Banユーザログイン]
[ADMIN] 18:03:52.355705 シナリオ走行を終了しました [シナリオ名: ログイン]
[ADMIN] 18:03:52.355714 シナリオ走行を開始しました [シナリオ名: ログイン]
[ADMIN] 18:03:52.371915 シナリオ走行を終了しました [シナリオ名: ログイン]
[ADMIN] 18:03:52.371926 シナリオ走行を開始しました [シナリオ名: ログイン]
[ADMIN] 18:03:52.373413 シナリオ走行を終了しました [シナリオ名: 新規ユーザー登録]
[ADMIN] 18:03:52.373427 シナリオ走行を開始しました [シナリオ名: 新規ユーザー登録]
[ADMIN] 18:03:52.402890 シナリオ走行を終了しました [シナリオ名: Banユーザログイン]
[ADMIN] 18:03:52.402906 シナリオ走行を開始しました [シナリオ名: Banユーザログイン]
[ADMIN] 18:03:52.416703 シナリオ走行を終了しました [シナリオ名: 新規ユーザー登録]
[ADMIN] 18:03:52.416723 シナリオ走行を開始しました [シナリオ名: 新規ユーザー登録]
[ADMIN] 18:03:52.425661 シナリオ走行を終了しました [シナリオ名: Banユーザログイン]
[ADMIN] 18:03:52.425677 シナリオ走行を開始しました [シナリオ名: Banユーザログイン]
[ADMIN] 18:03:52.453686 シナリオ走行を終了しました [シナリオ名: 新規ユーザー登録]
[ADMIN] 18:03:52.453705 シナリオ走行を開始しました [シナリオ名: 新規ユーザー登録]
[ADMIN] 18:03:52.483157 シナリオ走行を終了しました [シナリオ名: ログイン]
[ADMIN] 18:03:52.483171 シナリオ走行を開始しました [シナリオ名: ログイン]
[ADMIN] 18:03:52.496981 シナリオ走行を終了しました [シナリオ名: ログイン]
[ADMIN] 18:03:52.496993 シナリオ走行を開始しました [シナリオ名: ログイン]
[ADMIN] 18:03:52.497955 シナリオ走行を終了しました [シナリオ名: ログイン]
[ADMIN] 18:03:52.497963 シナリオ走行を開始しました [シナリオ名: ログイン]
[ADMIN] 18:03:52.505581 シナリオ走行を終了しました [シナリオ名: ログイン]
[ADMIN] 18:03:52.505591 シナリオ走行を開始しました [シナリオ名: ログイン]
[ADMIN] 18:03:52.518013 シナリオ走行を終了しました [シナリオ名: Banユーザログイン]
[ADMIN] 18:03:52.518022 シナリオ走行を開始しました [シナリオ名: Banユーザログイン]
[ADMIN] 18:03:52.527534 シナリオ走行を終了しました [シナリオ名: 新規ユーザー登録]
[ADMIN] 18:03:52.527555 シナリオ走行を開始しました [シナリオ名: 新規ユーザー登録]
[ADMIN] 18:03:52.530560 シナリオ走行を終了しました [シナリオ名: Banユーザログイン]
[ADMIN] 18:03:52.530570 シナリオ走行を開始しました [シナリオ名: Banユーザログイン]
[ADMIN] 18:03:52.553700 シナリオ走行を終了しました [シナリオ名: ログイン]
[ADMIN] 18:03:52.553709 シナリオ走行を開始しました [シナリオ名: ログイン]
[ADMIN] 18:03:52.555923 シナリオ走行を終了しました [シナリオ名: 新規ユーザー登録]
[ADMIN] 18:03:52.555942 シナリオ走行を開始しました [シナリオ名: 新規ユーザー登録]
[ADMIN] 18:03:52.557240 シナリオ走行を終了しました [シナリオ名: 新規ユーザー登録]
[ADMIN] 18:03:52.557257 シナリオ走行を開始しました [シナリオ名: 新規ユーザー登録]
[ADMIN] 18:03:52.561224 シナリオ走行を終了しました [シナリオ名: ログイン]
[ADMIN] 18:03:52.561282 シナリオ走行を開始しました [シナリオ名: ログイン]
[ADMIN] 18:03:52.571242 シナリオ走行を終了しました [シナリオ名: 新規ユーザー登録]
[ADMIN] 18:03:52.571259 シナリオ走行を開始しました [シナリオ名: 新規ユーザー登録]
[ADMIN] 18:03:52.572357 シナリオ走行を終了しました [シナリオ名: ログイン]
[ADMIN] 18:03:52.572366 シナリオ走行を開始しました [シナリオ名: ログイン]
[ADMIN] 18:03:52.574054 シナリオ走行を終了しました [シナリオ名: 新規ユーザー登録]
[ADMIN] 18:03:52.574069 シナリオ走行を開始しました [シナリオ名: 新規ユーザー登録]
[ADMIN] 18:03:52.576102 シナリオ走行を終了しました [シナリオ名: ログイン]
[ADMIN] 18:03:52.576110 シナリオ走行を開始しました [シナリオ名: ログイン]
[ADMIN] 18:03:52.586900 シナリオ走行を終了しました [シナリオ名: ログイン]
[ADMIN] 18:03:52.586910 シナリオ走行を開始しました [シナリオ名: ログイン]
[ADMIN] 18:03:52.588084 シナリオ走行を終了しました [シナリオ名: ログイン]
[ADMIN] 18:03:52.588093 シナリオ走行を開始しました [シナリオ名: ログイン]
[ADMIN] 18:03:52.618025 シナリオ走行を終了しました [シナリオ名: ログイン]
[ADMIN] 18:03:52.618034 シナリオ走行を開始しました [シナリオ名: ログイン]
[ADMIN] 18:03:52.639188 シナリオ走行を終了しました [シナリオ名: ログイン]
[ADMIN] 18:03:52.639202 シナリオ走行を開始しました [シナリオ名: ログイン]
[ADMIN] 18:03:52.652036 シナリオ走行を終了しました [シナリオ名: 新規ユーザー登録]
[ADMIN] 18:03:52.652054 シナリオ走行を開始しました [シナリオ名: 新規ユーザー登録]
[ADMIN] 18:03:52.676025 シナリオ走行を終了しました [シナリオ名: 新規ユーザー登録]
[ADMIN] 18:03:52.676043 シナリオ走行を開始しました [シナリオ名: 新規ユーザー登録]
[ADMIN] 18:03:52.683026 シナリオ走行を終了しました [シナリオ名: ログイン]
[ADMIN] 18:03:52.683036 シナリオ走行を開始しました [シナリオ名: ログイン]
[ADMIN] 18:03:52.686579 シナリオ走行を終了しました [シナリオ名: ログイン]
[ADMIN] 18:03:52.686589 シナリオ走行を開始しました [シナリオ名: ログイン]
[ADMIN] 18:03:52.687509 シナリオ走行を終了しました [シナリオ名: ログイン]
[ADMIN] 18:03:52.687518 シナリオ走行を開始しました [シナリオ名: ログイン]
[ADMIN] 18:03:52.694846 シナリオ走行を終了しました [シナリオ名: ログイン]
[ADMIN] 18:03:52.694856 シナリオ走行を開始しました [シナリオ名: ログイン]
[ADMIN] 18:03:52.700484 シナリオ走行を終了しました [シナリオ名: 新規ユーザー登録]
[ADMIN] 18:03:52.700501 シナリオ走行を開始しました [シナリオ名: 新規ユーザー登録]
[ADMIN] 18:03:52.707244 シナリオ走行を終了しました [シナリオ名: ログイン]
[ADMIN] 18:03:52.707254 シナリオ走行を開始しました [シナリオ名: ログイン]
[ADMIN] 18:03:52.709581 シナリオ走行を終了しました [シナリオ名: Banユーザログイン]
[ADMIN] 18:03:52.709593 シナリオ走行を開始しました [シナリオ名: Banユーザログイン]
[ADMIN] 18:03:52.715687 シナリオ走行を終了しました [シナリオ名: Banユーザログイン]
[ADMIN] 18:03:52.715742 シナリオ走行を開始しました [シナリオ名: Banユーザログイン]
[ADMIN] 18:03:52.720378 シナリオ走行を終了しました [シナリオ名: ログイン]
[ADMIN] 18:03:52.720388 シナリオ走行を開始しました [シナリオ名: ログイン]
[ADMIN] 18:03:52.744510 シナリオ走行を終了しました [シナリオ名: 新規ユーザー登録]
[ADMIN] 18:03:52.744528 シナリオ走行を開始しました [シナリオ名: 新規ユーザー登録]
[ADMIN] 18:03:52.746675 シナリオ走行を終了しました [シナリオ名: ログイン]
[ADMIN] 18:03:52.746685 シナリオ走行を開始しました [シナリオ名: ログイン]
[ADMIN] 18:03:52.748535 シナリオ走行を終了しました [シナリオ名: ログイン]
[ADMIN] 18:03:52.748541 シナリオ走行を開始しました [シナリオ名: ログイン]
[ADMIN] 18:03:52.752134 シナリオ走行を終了しました [シナリオ名: 新規ユーザー登録]
[ADMIN] 18:03:52.752148 シナリオ走行を開始しました [シナリオ名: 新規ユーザー登録]
[ADMIN] 18:03:52.757790 シナリオ走行を終了しました [シナリオ名: 新規ユーザー登録]
[ADMIN] 18:03:52.757808 シナリオ走行を開始しました [シナリオ名: 新規ユーザー登録]
[ADMIN] 18:03:52.759755 シナリオ走行を終了しました [シナリオ名: Banユーザログイン]
[ADMIN] 18:03:52.759764 シナリオ走行を開始しました [シナリオ名: Banユーザログイン]
[ADMIN] 18:03:52.774457 シナリオ走行を終了しました [シナリオ名: 新規ユーザー登録]
[ADMIN] 18:03:52.774472 シナリオ走行を開始しました [シナリオ名: 新規ユーザー登録]
[ADMIN] 18:03:52.782026 シナリオ走行を終了しました [シナリオ名: ログイン]
[ADMIN] 18:03:52.782035 シナリオ走行を開始しました [シナリオ名: ログイン]
[ADMIN] 18:03:52.786701 シナリオ走行を終了しました [シナリオ名: ログイン]
[ADMIN] 18:03:52.786711 シナリオ走行を開始しました [シナリオ名: ログイン]
[ADMIN] 18:03:52.790807 シナリオ走行を終了しました [シナリオ名: Banユーザログイン]
[ADMIN] 18:03:52.790821 シナリオ走行を開始しました [シナリオ名: Banユーザログイン]
[ADMIN] 18:03:52.797720 シナリオ走行を終了しました [シナリオ名: 新規ユーザー登録]
[ADMIN] 18:03:52.797743 シナリオ走行を開始しました [シナリオ名: 新規ユーザー登録]
[ADMIN] 18:03:52.821611 シナリオ走行を終了しました [シナリオ名: 新規ユーザー登録]
[ADMIN] 18:03:52.821629 シナリオ走行を開始しました [シナリオ名: 新規ユーザー登録]
[ADMIN] 18:03:52.829115 シナリオ走行を終了しました [シナリオ名: 新規ユーザー登録]
[ADMIN] 18:03:52.829135 シナリオ走行を開始しました [シナリオ名: 新規ユーザー登録]
[ADMIN] 18:03:52.852042 シナリオ走行を終了しました [シナリオ名: 新規ユーザー登録]
[ADMIN] 18:03:52.852058 シナリオ走行を開始しました [シナリオ名: 新規ユーザー登録]
[ADMIN] 18:03:52.862186 シナリオ走行を終了しました [シナリオ名: ログイン]
[ADMIN] 18:03:52.862200 シナリオ走行を開始しました [シナリオ名: ログイン]
[ADMIN] 18:03:52.869723 シナリオ走行を終了しました [シナリオ名: ログイン]
[ADMIN] 18:03:52.869735 シナリオ走行を開始しました [シナリオ名: ログイン]
[ADMIN] 18:03:52.877022 シナリオ走行を終了しました [シナリオ名: 新規ユーザー登録]
[ADMIN] 18:03:52.877040 シナリオ走行を開始しました [シナリオ名: 新規ユーザー登録]
[ADMIN] 18:03:52.880672 シナリオ走行を終了しました [シナリオ名: 新規ユーザー登録]
[ADMIN] 18:03:52.880693 シナリオ走行を開始しました [シナリオ名: 新規ユーザー登録]
[ADMIN] 18:03:52.888787 シナリオ走行を終了しました [シナリオ名: ログイン]
[ADMIN] 18:03:52.888798 シナリオ走行を開始しました [シナリオ名: ログイン]
[ADMIN] 18:03:52.892527 シナリオ走行を終了しました [シナリオ名: 新規ユーザー登録]
[ADMIN] 18:03:52.892544 シナリオ走行を開始しました [シナリオ名: 新規ユーザー登録]
[ADMIN] 18:03:52.921028 シナリオ走行を終了しました [シナリオ名: 新規ユーザー登録]
[ADMIN] 18:03:52.921047 シナリオ走行を開始しました [シナリオ名: 新規ユーザー登録]
18:03:52.939716 現在のログイン成功数: [total: 7505 (+2160人)]
18:03:52.939725 現在のユーザー登録成功数: [total: 6137 (+1831人)]
18:03:52.941595 負荷走行がすべて終了しました
[ADMIN] 18:03:52.939752 シナリオ走行を終了しました [シナリオ名: Banユーザログイン]
[ADMIN] 18:03:52.940036 シナリオ走行を終了しました [シナリオ名: Banユーザログイン]
[ADMIN] 18:03:52.940167 シナリオ走行を終了しました [シナリオ名: Banユーザログイン]
[ADMIN] 18:03:52.940387 シナリオ走行を終了しました [シナリオ名: Banユーザログイン]
[ADMIN] 18:03:52.940397 シナリオ走行を終了しました [シナリオ名: 新規ユーザー登録]
[ADMIN] 18:03:52.940639 シナリオ走行を終了しました [シナリオ名: 新規ユーザー登録]
[ADMIN] 18:03:52.940698 シナリオ走行を終了しました [シナリオ名: 新規ユーザー登録]
[ADMIN] 18:03:52.940975 シナリオ走行を終了しました [シナリオ名: ログイン]
[ADMIN] 18:03:52.941143 シナリオ走行を終了しました [シナリオ名: ログイン]
[ADMIN] 18:03:52.941417 シナリオ走行を終了しました [シナリオ名: 新規ユーザー登録]
[ADMIN] 18:03:52.941504 シナリオ走行を終了しました [シナリオ名: 新規ユーザー登録]
[ADMIN] 18:03:52.941535 シナリオ走行を終了しました [シナリオ名: 新規ユーザー登録]
[ADMIN] 18:03:52.941622 負荷走行がすべて終了しました
[ADMIN] 18:03:52.941652 シナリオ走行を終了しました [シナリオ名: 新規ユーザー登録]
[ADMIN] 18:03:52.941666 シナリオ走行を終了しました [シナリオ名: ログイン]
[ADMIN] 18:03:52.941764 シナリオ走行を終了しました [シナリオ名: ログイン]
[ADMIN] 18:03:52.941770 シナリオ走行を終了しました [シナリオ名: 新規ユーザー登録]
[ADMIN] 18:03:52.941799 シナリオ走行を終了しました [シナリオ名: 新規ユーザー登録]
[ADMIN] 18:03:52.941842 シナリオ走行を終了しました [シナリオ名: 新規ユーザー登録]
[ADMIN] 18:03:52.941863 シナリオ走行を終了しました [シナリオ名: ログイン]
[ADMIN] 18:03:52.941918 シナリオ走行を終了しました [シナリオ名: 新規ユーザー登録]
[ADMIN] 18:03:52.941936 シナリオ走行を終了しました [シナリオ名: Banユーザログイン]
[ADMIN] 18:03:52.942038 シナリオ走行を終了しました [シナリオ名: ログイン]
[ADMIN] 18:03:52.942120 シナリオ走行を終了しました [シナリオ名: ログイン]
[ADMIN] 18:03:52.942132 シナリオ走行を終了しました [シナリオ名: ログイン]
[ADMIN] 18:03:52.942149 シナリオ走行を終了しました [シナリオ名: 新規ユーザー登録]
[ADMIN] 18:03:52.942213 シナリオ走行を終了しました [シナリオ名: ログイン]
[ADMIN] 18:03:52.942282 シナリオ走行を終了しました [シナリオ名: Banユーザログイン]
[ADMIN] 18:03:52.942363 シナリオ走行を終了しました [シナリオ名: ログイン]
[ADMIN] 18:03:52.942461 シナリオ走行を終了しました [シナリオ名: ログイン]
[ADMIN] 18:03:52.942482 シナリオ走行を終了しました [シナリオ名: 新規ユーザー登録]
[ADMIN] 18:03:52.942489 シナリオ走行を終了しました [シナリオ名: 新規ユーザー登録]
[ADMIN] 18:03:52.942550 シナリオ走行を終了しました [シナリオ名: 新規ユーザー登録]
[ADMIN] 18:03:52.942584 シナリオ走行を終了しました [シナリオ名: ログイン]
[ADMIN] 18:03:52.942643 シナリオ走行を終了しました [シナリオ名: 新規ユーザー登録]
[ADMIN] 18:03:52.942705 シナリオ走行を終了しました [シナリオ名: 新規ユーザー登録]
[ADMIN] 18:03:52.942776 シナリオ走行を終了しました [シナリオ名: ログイン]
[ADMIN] 18:03:52.942812 シナリオ走行を終了しました [シナリオ名: ログイン]
[ADMIN] 18:03:52.942849 シナリオ走行を終了しました [シナリオ名: ログイン]
[ADMIN] 18:03:52.942880 シナリオ走行を終了しました [シナリオ名: ログイン]
[ADMIN] 18:03:52.942963 シナリオ走行を終了しました [シナリオ名: ログイン]
[ADMIN] 18:03:52.942989 シナリオ走行を終了しました [シナリオ名: 新規ユーザー登録]
[ADMIN] 18:03:52.943025 シナリオ走行を終了しました [シナリオ名: 新規ユーザー登録]
[ADMIN] 18:03:52.943047 シナリオ走行を終了しました [シナリオ名: 新規ユーザー登録]
[ADMIN] 18:03:52.943130 シナリオ走行を終了しました [シナリオ名: 新規ユーザー登録]
[ADMIN] 18:03:52.943139 シナリオ走行を終了しました [シナリオ名: 新規ユーザー登録]
[ADMIN] 18:03:52.943131 シナリオ走行を終了しました [シナリオ名: 新規ユーザー登録]
[ADMIN] 18:03:52.943205 シナリオ走行を終了しました [シナリオ名: ログイン]
[ADMIN] 18:03:52.943233 シナリオ走行を終了しました [シナリオ名: ログイン]
[ADMIN] 18:03:52.943272 シナリオ走行を終了しました [シナリオ名: ログイン]
[ADMIN] 18:03:52.943331 シナリオ走行を終了しました [シナリオ名: 新規ユーザー登録]
[ADMIN] 18:03:52.943408 シナリオ走行を終了しました [シナリオ名: ログイン]
[ADMIN] 18:03:52.943415 シナリオ走行を終了しました [シナリオ名: ログイン]
[ADMIN] 18:03:52.943450 シナリオ走行を終了しました [シナリオ名: 新規ユーザー登録]
[ADMIN] 18:03:52.943487 シナリオ走行を終了しました [シナリオ名: 新規ユーザー登録]
[ADMIN] 18:03:52.943550 シナリオ走行を終了しました [シナリオ名: 新規ユーザー登録]
[ADMIN] 18:03:52.943643 シナリオ走行を終了しました [シナリオ名: ログイン]
[ADMIN] 18:03:52.943715 シナリオ走行を終了しました [シナリオ名: ログイン]
[ADMIN] 18:03:52.943733 シナリオ走行を終了しました [シナリオ名: 新規ユーザー登録]
[ADMIN] 18:03:52.943760 シナリオ走行を終了しました [シナリオ名: 新規ユーザー登録]
[ADMIN] 18:03:52.943795 シナリオ走行を終了しました [シナリオ名: ログイン]
[ADMIN] 18:03:52.943825 シナリオ走行を終了しました [シナリオ名: 新規ユーザー登録]
[ADMIN] 18:03:52.943859 シナリオ走行を終了しました [シナリオ名: ログイン]
[ADMIN] 18:03:52.943908 シナリオ走行を終了しました [シナリオ名: ログイン]
[ADMIN] 18:03:52.943916 シナリオ走行を終了しました [シナリオ名: ログイン]
[ADMIN] 18:03:52.943964 シナリオ走行を終了しました [シナリオ名: ログイン]
[ADMIN] 18:03:52.943974 シナリオ走行を終了しました [シナリオ名: ログイン]
[ADMIN] 18:03:52.944011 シナリオ走行を終了しました [シナリオ名: ログイン]
[ADMIN] 18:03:52.944058 シナリオ走行を終了しました [シナリオ名: ログイン]
[ADMIN] 18:03:52.944102 シナリオ走行を終了しました [シナリオ名: 新規ユーザー登録]
[ADMIN] 18:03:52.944104 シナリオ走行を終了しました [シナリオ名: 新規ユーザー登録]
[ADMIN] 18:03:52.944132 シナリオ走行を終了しました [シナリオ名: 新規ユーザー登録]
[ADMIN] 18:03:52.944155 シナリオ走行を終了しました [シナリオ名: 新規ユーザー登録]
[ADMIN] 18:03:52.944207 シナリオ走行を終了しました [シナリオ名: ログイン]
[ADMIN] 18:03:52.944294 シナリオ走行を終了しました [シナリオ名: ログイン]
[ADMIN] 18:03:52.944387 シナリオ走行を終了しました [シナリオ名: 新規ユーザー登録]
[ADMIN] 18:03:52.944437 シナリオ走行を終了しました [シナリオ名: 新規ユーザー登録]
[ADMIN] 18:03:52.944469 シナリオ走行を終了しました [シナリオ名: ログイン]
[ADMIN] 18:03:52.944541 シナリオ走行を終了しました [シナリオ名: Banユーザログイン]
[ADMIN] 18:03:52.944548 シナリオ走行を終了しました [シナリオ名: 新規ユーザー登録]
[ADMIN] 18:03:52.944614 シナリオ走行を終了しました [シナリオ名: 新規ユーザー登録]
[ADMIN] 18:03:52.944620 シナリオ走行を終了しました [シナリオ名: ログイン]
[ADMIN] 18:03:52.944766 シナリオ走行を終了しました [シナリオ名: 新規ユーザー登録]
[ADMIN] 18:03:52.944805 シナリオ走行を終了しました [シナリオ名: 新規ユーザー登録]
[ADMIN] 18:03:52.944861 シナリオ走行を終了しました [シナリオ名: 新規ユーザー登録]
[ADMIN] 18:03:52.944865 シナリオ走行を終了しました [シナリオ名: 新規ユーザー登録]
[ADMIN] 18:03:52.944876 シナリオ走行を終了しました [シナリオ名: 新規ユーザー登録]
[ADMIN] 18:03:52.944938 シナリオ走行を終了しました [シナリオ名: 新規ユーザー登録]
[ADMIN] 18:03:52.944947 シナリオ走行を終了しました [シナリオ名: 新規ユーザー登録]
[ADMIN] 18:03:52.944945 シナリオ走行を終了しました [シナリオ名: Banユーザログイン]
[ADMIN] 18:03:52.945006 シナリオ走行を終了しました [シナリオ名: ログイン]
[ADMIN] 18:03:52.945039 シナリオ走行を終了しました [シナリオ名: ログイン]
[ADMIN] 18:03:52.945099 シナリオ走行を終了しました [シナリオ名: ログイン]
[ADMIN] 18:03:52.945109 シナリオ走行を終了しました [シナリオ名: 新規ユーザー登録]
[ADMIN] 18:03:52.945171 シナリオ走行を終了しました [シナリオ名: ログイン]
[ADMIN] 18:03:52.945171 シナリオ走行を終了しました [シナリオ名: ログイン]
[ADMIN] 18:03:52.945250 シナリオ走行を終了しました [シナリオ名: ログイン]
[ADMIN] 18:03:52.945303 シナリオ走行を終了しました [シナリオ名: ログイン]
[ADMIN] 18:03:52.945319 シナリオ走行を終了しました [シナリオ名: 新規ユーザー登録]
[ADMIN] 18:03:52.945396 シナリオ走行を終了しました [シナリオ名: ログイン]
[ADMIN] 18:03:52.945434 シナリオ走行を終了しました [シナリオ名: 新規ユーザー登録]
[ADMIN] 18:03:52.945476 シナリオ走行を終了しました [シナリオ名: ログイン]
[ADMIN] 18:03:52.945523 シナリオ走行を終了しました [シナリオ名: 新規ユーザー登録]
[ADMIN] 18:03:52.945535 シナリオ走行を終了しました [シナリオ名: ログイン]
[ADMIN] 18:03:52.945550 シナリオ走行を終了しました [シナリオ名: Banユーザログイン]
[ADMIN] 18:03:52.945612 シナリオ走行を終了しました [シナリオ名: ログイン]
[ADMIN] 18:03:52.945632 シナリオ走行を終了しました [シナリオ名: Banユーザログイン]
[ADMIN] 18:03:52.945685 シナリオ走行を終了しました [シナリオ名: 新規ユーザー登録]
[ADMIN] 18:03:52.945692 シナリオ走行を終了しました [シナリオ名: 新規ユーザー登録]
[ADMIN] 18:03:52.945693 シナリオ走行を終了しました [シナリオ名: ログイン]
[ADMIN] 18:03:52.945751 シナリオ走行を終了しました [シナリオ名: ログイン]
[ADMIN] 18:03:52.945759 シナリオ走行を終了しました [シナリオ名: 新規ユーザー登録]
[ADMIN] 18:03:52.945773 シナリオ走行を終了しました [シナリオ名: ログイン]
[ADMIN] 18:03:52.945814 シナリオ走行を終了しました [シナリオ名: Banユーザログイン]
[ADMIN] 18:03:52.945836 シナリオ走行を終了しました [シナリオ名: 新規ユーザー登録]
[ADMIN] 18:03:52.945847 シナリオ走行を終了しました [シナリオ名: ログイン]
[ADMIN] 18:03:52.945896 シナリオ走行を終了しました [シナリオ名: Banユーザログイン]
[ADMIN] 18:03:52.945919 シナリオ走行を終了しました [シナリオ名: Banユーザログイン]
[ADMIN] 18:03:52.945961 シナリオ走行を終了しました [シナリオ名: ログイン]
[ADMIN] 18:03:52.945997 シナリオ走行を終了しました [シナリオ名: ログイン]
[ADMIN] 18:03:52.946023 シナリオ走行を終了しました [シナリオ名: ログイン]
[ADMIN] 18:03:52.946073 シナリオ走行を終了しました [シナリオ名: 新規ユーザー登録]
[ADMIN] 18:03:52.946090 シナリオ走行を終了しました [シナリオ名: ログイン]
[ADMIN] 18:03:52.946119 シナリオ走行を終了しました [シナリオ名: 新規ユーザー登録]
[ADMIN] 18:03:52.946150 シナリオ走行を終了しました [シナリオ名: 新規ユーザー登録]
[ADMIN] 18:03:52.946194 シナリオ走行を終了しました [シナリオ名: ログイン]
[ADMIN] 18:03:52.946211 シナリオ走行を終了しました [シナリオ名: ログイン]
[ADMIN] 18:03:52.946233 シナリオ走行を終了しました [シナリオ名: 新規ユーザー登録]
[ADMIN] 18:03:52.946269 シナリオ走行を終了しました [シナリオ名: ログイン]
[ADMIN] 18:03:52.946294 シナリオ走行を終了しました [シナリオ名: ログイン]
[ADMIN] 18:03:52.946329 シナリオ走行を終了しました [シナリオ名: 新規ユーザー登録]
[ADMIN] 18:03:52.946335 シナリオ走行を終了しました [シナリオ名: ログイン]
[ADMIN] 18:03:52.946365 シナリオ走行を終了しました [シナリオ名: 新規ユーザー登録]
[ADMIN] 18:03:52.946390 シナリオ走行を終了しました [シナリオ名: ログイン]
[ADMIN] 18:03:52.946393 シナリオ走行を終了しました [シナリオ名: 新規ユーザー登録]
[ADMIN] 18:03:52.946408 シナリオ走行を終了しました [シナリオ名: ログイン]
[ADMIN] 18:03:52.946441 シナリオ走行を終了しました [シナリオ名: ログイン]
[ADMIN] 18:03:52.946452 シナリオ走行を終了しました [シナリオ名: Banユーザログイン]
[ADMIN] 18:03:52.946512 シナリオ走行を終了しました [シナリオ名: ログイン]
[ADMIN] 18:03:52.946513 シナリオ走行を終了しました [シナリオ名: ログイン]
[ADMIN] 18:03:52.946570 シナリオ走行を終了しました [シナリオ名: ログイン]
[ADMIN] 18:03:52.946577 シナリオ走行を終了しました [シナリオ名: 新規ユーザー登録]
[ADMIN] 18:03:52.946653 シナリオ走行を終了しました [シナリオ名: ログイン]
[ADMIN] 18:03:52.946660 シナリオ走行を終了しました [シナリオ名: ログイン]
[ADMIN] 18:03:52.946696 シナリオ走行を終了しました [シナリオ名: 新規ユーザー登録]
[ADMIN] 18:03:52.946724 シナリオ走行を終了しました [シナリオ名: 新規ユーザー登録]
[ADMIN] 18:03:52.946796 シナリオ走行を終了しました [シナリオ名: 新規ユーザー登録]
[ADMIN] 18:03:52.946861 シナリオ走行を終了しました [シナリオ名: 新規ユーザー登録]
[ADMIN] 18:03:52.946878 シナリオ走行を終了しました [シナリオ名: ログイン]
[ADMIN] 18:03:52.946903 シナリオ走行を終了しました [シナリオ名: 新規ユーザー登録]
[ADMIN] 18:03:52.946938 シナリオ走行を終了しました [シナリオ名: 新規ユーザー登録]
[ADMIN] 18:03:52.946958 シナリオ走行を終了しました [シナリオ名: ログイン]
[ADMIN] 18:03:52.947008 シナリオ走行を終了しました [シナリオ名: 新規ユーザー登録]
[ADMIN] 18:03:52.947018 シナリオ走行を終了しました [シナリオ名: 新規ユーザー登録]
[ADMIN] 18:03:52.947087 シナリオ走行を終了しました [シナリオ名: 新規ユーザー登録]
[ADMIN] 18:03:52.947091 シナリオ走行を終了しました [シナリオ名: 新規ユーザー登録]
[ADMIN] 18:03:52.947213 シナリオ走行を終了しました [シナリオ名: 新規ユーザー登録]
[ADMIN] 18:03:52.947282 シナリオ走行を終了しました [シナリオ名: 新規ユーザー登録]
[ADMIN] 18:03:52.947284 シナリオ走行を終了しました [シナリオ名: ログイン]
[ADMIN] 18:03:52.947292 シナリオ走行を終了しました [シナリオ名: ログイン]
[ADMIN] 18:03:52.947312 シナリオ走行を終了しました [シナリオ名: ログイン]
[ADMIN] 18:03:52.947331 シナリオ走行を終了しました [シナリオ名: Banユーザログイン]
18:03:55.943433 ERROR[0] load: scenario-error-status-code: POST /login : expected(200) != actual(500)
18:03:55.943447 ERROR[1] load: scenario-error-status-code: POST /login : expected(200) != actual(500)
18:03:55.943450 ERROR[2] load: scenario-error-status-code: POST /login : expected(200) != actual(500)
18:03:55.943470 [PASSED]: true
18:03:55.943473 [SCORE] 64143 (addition: 64188, deduction: 45)
[ADMIN] 18:03:55.943497 [SCORE] map[GET /user/:userId/gacha/index:3908 GET /user/:userId/home:3986 GET /user/:userId/item:1765 GET /user/:userId/present/index/:n:5738 POST /login:2160 POST /login(ban):502 POST /user:1831 POST /user/:userId/card:1744 POST /user/:userId/card/addexp/:cardId:1746 POST /user/:userId/gacha/draw/:gachaId:3886 POST /user/:userId/present/receive:5715 POST /user/:userId/reward:2148]

SCORE: 64143
BENCHMARK_PASS
2026-09-24T18:03:56.221607152Z	BENCHMARK_END
