sample	timestamp	elapsed_ms	service	available	cpu_pct	cpu_host_pct	cpu_user_pct	cpu_system_pct	memory_current_bytes	memory_pct_of_host	memory_peak_bytes	io_read_bytes_per_sec	io_write_bytes_per_sec	tasks_current
0	2026-09-24T20:20:05.445009469Z	0	isuconquest.go.service	1	0.000000	0.000000	0.000000	0.000000	1744896	0.044980	1961984	0.000000	0.000000	4
0	2026-09-24T20:20:05.445009469Z	0	nginx.service	1	0.000000	0.000000	0.000000	0.000000	4853760	0.125121	68960256	0.000000	0.000000	3
0	2026-09-24T20:20:05.445009469Z	0	mysql.service	1	0.000000	0.000000	0.000000	0.000000	658800640	16.982672	658841600	0.000000	0.000000	42
1	2026-09-24T20:20:06.454978095Z	1009	isuconquest.go.service	1	0.506352	0.253176	0.000000	0.506352	2224128	0.057334	2424832	0.000000	0.000000	5
1	2026-09-24T20:20:06.454978095Z	1009	nginx.service	1	0.000000	0.000000	0.000000	0.000000	4853760	0.125121	68960256	0.000000	0.000000	3
1	2026-09-24T20:20:06.454978095Z	1009	mysql.service	1	2.758700	1.379350	1.947585	0.811114	663388160	17.100930	663494656	154111.721889	0.000000	44
2	2026-09-24T20:20:07.455670851Z	2010	isuconquest.go.service	1	0.994911	0.497455	0.977723	0.017088	2592768	0.066837	2670592	0.000000	0.000000	5
2	2026-09-24T20:20:07.455670851Z	2010	nginx.service	1	0.000000	0.000000	0.000000	0.000000	4853760	0.125121	68960256	0.000000	0.000000	3
2	2026-09-24T20:20:07.455670851Z	2010	mysql.service	1	0.917165	0.458582	0.917165	0.000000	663707648	17.109166	663781376	0.000000	0.000000	44
3	2026-09-24T20:20:08.455325365Z	3010	isuconquest.go.service	1	1.043160	0.521580	0.533484	0.509776	2867200	0.073911	2940928	0.000000	0.000000	5
3	2026-09-24T20:20:08.455325365Z	3010	nginx.service	1	0.000000	0.000000	0.000000	0.000000	4853760	0.125121	68960256	0.000000	0.000000	3
3	2026-09-24T20:20:08.455325365Z	3010	mysql.service	1	0.919618	0.459809	0.826085	0.093532	663707648	17.109166	663838720	0.000000	0.000000	44
4	2026-09-24T20:20:09.454968109Z	4009	isuconquest.go.service	1	1.112798	0.556399	0.707653	0.405145	3047424	0.078557	3260416	0.000000	0.000000	5
4	2026-09-24T20:20:09.454968109Z	4009	nginx.service	1	0.000000	0.000000	0.000000	0.000000	4853760	0.125121	68960256	0.000000	0.000000	3
4	2026-09-24T20:20:09.454968109Z	4009	mysql.service	1	0.881215	0.440607	0.796585	0.084630	663707648	17.109166	663969792	0.000000	0.000000	44
5	2026-09-24T20:20:10.45571753Z	5010	isuconquest.go.service	1	1.157033	0.578516	0.764827	0.392106	3325952	0.085737	3522560	0.000000	0.000000	5
5	2026-09-24T20:20:10.45571753Z	5010	nginx.service	1	0.000000	0.000000	0.000000	0.000000	4853760	0.125121	68960256	0.000000	0.000000	3
5	2026-09-24T20:20:10.45571753Z	5010	mysql.service	1	0.910518	0.455259	0.813890	0.096728	663707648	17.109166	663969792	0.000000	0.000000	44
6	2026-09-24T20:20:11.455456677Z	6010	isuconquest.go.service	1	1.101087	0.550544	0.698982	0.402205	4104192	0.105799	4341760	0.000000	0.000000	5
6	2026-09-24T20:20:11.455456677Z	6010	nginx.service	1	0.000000	0.000000	0.000000	0.000000	4853760	0.125121	68960256	0.000000	0.000000	3
6	2026-09-24T20:20:11.455456677Z	6010	mysql.service	1	0.888332	0.444166	0.068218	0.820114	663707648	17.109166	663969792	0.000000	0.000000	44
7	2026-09-24T20:20:12.455019439Z	7010	isuconquest.go.service	1	3.157781	1.578890	1.949352	1.208428	7315456	0.188579	7569408	49173.500031	0.000000	10
7	2026-09-24T20:20:12.455019439Z	7010	nginx.service	1	0.018408	0.009204	0.008404	0.010104	4878336	0.125755	68960256	0.000000	0.000000	3
7	2026-09-24T20:20:12.455019439Z	7010	mysql.service	1	16.335242	8.167621	11.936119	4.399123	669204480	17.250864	669208576	352410.083556	10277261.506494	45
8	2026-09-24T20:20:13.455407497Z	8010	isuconquest.go.service	1	7.676921	3.838460	5.947192	1.729629	25305088	0.652319	25542656	0.000000	0.000000	10
8	2026-09-24T20:20:13.455407497Z	8010	nginx.service	1	0.000000	0.000000	0.000000	0.000000	4878336	0.125755	68960256	0.000000	0.000000	3
8	2026-09-24T20:20:13.455407497Z	8010	mysql.service	1	48.386424	24.193212	40.219493	8.166931	745738240	19.223764	751656960	49132.933965	18498549.637813	45
9	2026-09-24T20:20:14.455034301Z	9010	isuconquest.go.service	1	8.397934	4.198967	8.128433	0.269601	25325568	0.652847	26267648	0.000000	0.000000	10
9	2026-09-24T20:20:14.455034301Z	9010	nginx.service	1	0.000000	0.000000	0.000000	0.000000	4878336	0.125755	68960256	0.000000	0.000000	3
9	2026-09-24T20:20:14.455034301Z	9010	mysql.service	1	92.502821	46.251411	85.385365	7.117456	778194944	20.060438	778199040	0.000000	47383827.217863	45
10	2026-09-24T20:20:15.455026533Z	10010	isuconquest.go.service	1	7.437458	3.718729	7.132055	0.305302	25554944	0.658760	26267648	0.000000	0.000000	10
10	2026-09-24T20:20:15.455026533Z	10010	nginx.service	1	0.000000	0.000000	0.000000	0.000000	4878336	0.125755	68960256	0.000000	0.000000	3
10	2026-09-24T20:20:15.455026533Z	10010	mysql.service	1	88.186786	44.093393	81.912937	6.273749	803569664	20.714552	803745792	0.000000	55746993.432874	45
11	2026-09-24T20:20:16.455734434Z	11010	isuconquest.go.service	1	8.149330	4.074665	7.571140	0.578291	26333184	0.678821	26566656	0.000000	0.000000	10
11	2026-09-24T20:20:16.455734434Z	11010	nginx.service	1	0.000000	0.000000	0.000000	0.000000	4878336	0.125755	68960256	0.000000	0.000000	3
11	2026-09-24T20:20:16.455734434Z	11010	mysql.service	1	85.573716	42.786858	79.409580	6.164136	826912768	21.316294	826990592	0.000000	51294756.492183	45
12	2026-09-24T20:20:17.45533893Z	12010	isuconquest.go.service	1	9.209343	4.604672	6.952250	2.256993	26730496	0.689063	43528192	0.000000	0.000000	10
12	2026-09-24T20:20:17.45533893Z	12010	nginx.service	1	0.000000	0.000000	0.000000	0.000000	4878336	0.125755	68960256	0.000000	0.000000	3
12	2026-09-24T20:20:17.45533893Z	12010	mysql.service	1	88.191186	44.095593	82.448515	5.742772	852058112	21.964495	852238336	0.000000	45885159.113587	45
13	2026-09-24T20:20:18.455002736Z	13009	isuconquest.go.service	1	6.045232	3.022616	5.624891	0.420441	26927104	0.694131	43528192	0.000000	0.000000	10
13	2026-09-24T20:20:18.455002736Z	13009	nginx.service	1	0.000000	0.000000	0.000000	0.000000	4878336	0.125755	68960256	0.000000	0.000000	3
13	2026-09-24T20:20:18.455002736Z	13009	mysql.service	1	78.980153	39.490076	71.997605	6.982447	877842432	22.629168	877903872	0.000000	50315796.019674	45
14	2026-09-24T20:20:19.455141339Z	14010	isuconquest.go.service	1	7.354581	3.677290	6.458105	0.896476	26927104	0.694131	43528192	0.000000	0.000000	10
14	2026-09-24T20:20:19.455141339Z	14010	nginx.service	1	0.000000	0.000000	0.000000	0.000000	4878336	0.125755	68960256	0.000000	0.000000	3
14	2026-09-24T20:20:19.455141339Z	14010	mysql.service	1	83.093583	41.546791	74.095930	8.997653	902631424	23.268182	902709248	0.000000	49718548.710837	45
15	2026-09-24T20:20:20.455023909Z	15010	isuconquest.go.service	1	8.903546	4.451773	8.875742	0.027803	26873856	0.692759	43528192	0.000000	0.000000	10
15	2026-09-24T20:20:20.455023909Z	15010	nginx.service	1	0.000000	0.000000	0.000000	0.000000	4878336	0.125755	68960256	0.000000	0.000000	3
15	2026-09-24T20:20:20.455023909Z	15010	mysql.service	1	87.207741	43.603871	78.693141	8.514600	926081024	23.872670	926240768	0.000000	52152300.401093	45
16	2026-09-24T20:20:21.455578485Z	16010	isuconquest.go.service	1	7.748601	3.874300	6.347778	1.400823	27160576	0.700150	43528192	0.000000	0.000000	10
16	2026-09-24T20:20:21.455578485Z	16010	nginx.service	1	0.000000	0.000000	0.000000	0.000000	4878336	0.125755	68960256	0.000000	0.000000	3
16	2026-09-24T20:20:21.455578485Z	16010	mysql.service	1	79.331383	39.665692	74.428304	4.903080	943738880	24.327857	943923200	0.000000	54696308.081639	45
17	2026-09-24T20:20:22.455641574Z	17010	isuconquest.go.service	1	7.436933	3.718466	6.893567	0.543366	27160576	0.700150	43528192	0.000000	0.000000	10
17	2026-09-24T20:20:22.455641574Z	17010	nginx.service	1	0.000000	0.000000	0.000000	0.000000	4878336	0.125755	68960256	0.000000	0.000000	3
17	2026-09-24T20:20:22.455641574Z	17010	mysql.service	1	83.351162	41.675581	77.596624	5.754638	957829120	24.691078	957911040	0.000000	58118587.944171	45
18	2026-09-24T20:20:23.455776271Z	18010	isuconquest.go.service	1	5.656338	2.828169	5.553452	0.102786	27156480	0.700044	43528192	0.000000	0.000000	10
18	2026-09-24T20:20:23.455776271Z	18010	nginx.service	1	0.000000	0.000000	0.000000	0.000000	4878336	0.125755	68960256	0.000000	0.000000	3
18	2026-09-24T20:20:23.455776271Z	18010	mysql.service	1	66.688418	33.344209	60.439960	6.248458	968773632	24.973207	968925184	0.000000	76548026.511789	45
19	2026-09-24T20:20:24.455554191Z	19010	isuconquest.go.service	1	7.008957	3.504478	5.772682	1.236275	27176960	0.700572	43528192	0.000000	0.000000	10
19	2026-09-24T20:20:24.455554191Z	19010	nginx.service	1	0.000000	0.000000	0.000000	0.000000	4878336	0.125755	68960256	0.000000	0.000000	3
19	2026-09-24T20:20:24.455554191Z	19010	mysql.service	1	82.901710	41.450855	74.334208	8.567503	980774912	25.282578	980963328	4096.909817	60363869.245899	45
20	2026-09-24T20:20:25.455397128Z	20010	isuconquest.go.service	1	6.647544	3.323772	6.172269	0.475275	27242496	0.702262	43528192	0.000000	0.000000	10
20	2026-09-24T20:20:25.455397128Z	20010	nginx.service	1	0.000000	0.000000	0.000000	0.000000	4878336	0.125755	68960256	0.000000	0.000000	3
20	2026-09-24T20:20:25.455397128Z	20010	mysql.service	1	50.249193	25.124596	43.721067	6.528025	985915392	25.415090	986161152	16386.573823	78786646.939848	45
21	2026-09-24T20:20:26.455030304Z	21010	isuconquest.go.service	1	6.979960	3.489980	6.979960	0.000000	27365376	0.705429	43528192	0.000000	0.000000	10
21	2026-09-24T20:20:26.455030304Z	21010	nginx.service	1	0.000000	0.000000	0.000000	0.000000	4878336	0.125755	68960256	0.000000	0.000000	3
21	2026-09-24T20:20:26.455030304Z	21010	mysql.service	1	76.262675	38.131337	70.730645	5.532029	999165952	25.756665	1003634688	8195.006076	64515185.331253	45
22	2026-09-24T20:20:27.455018045Z	22010	isuconquest.go.service	1	6.909585	3.454792	6.716482	0.193202	27377664	0.705746	43528192	0.000000	0.000000	10
22	2026-09-24T20:20:27.455018045Z	22010	nginx.service	1	0.000000	0.000000	0.000000	0.000000	4878336	0.125755	68960256	0.000000	0.000000	3
22	2026-09-24T20:20:27.455018045Z	22010	mysql.service	1	75.882231	37.941115	72.023683	3.858547	1015885824	26.187673	1016107008	4096.050230	45117993.281952	45
23	2026-09-24T20:20:28.455251481Z	23010	isuconquest.go.service	1	8.033125	4.016562	7.183323	0.849802	27381760	0.705852	43528192	0.000000	0.000000	10
23	2026-09-24T20:20:28.455251481Z	23010	nginx.service	1	0.000000	0.000000	0.000000	0.000000	4878336	0.125755	68960256	0.000000	0.000000	3
23	2026-09-24T20:20:28.455251481Z	23010	mysql.service	1	73.448354	36.724177	69.357509	4.090845	1021693952	26.337396	1021857792	8190.088089	51548414.435037	45
24	2026-09-24T20:20:29.45544724Z	24010	isuconquest.go.service	1	9.354169	4.677084	7.470438	1.883731	27303936	0.703845	43528192	0.000000	0.000000	10
24	2026-09-24T20:20:29.45544724Z	24010	nginx.service	1	0.000000	0.000000	0.000000	0.000000	4878336	0.125755	68960256	0.000000	0.000000	3
24	2026-09-24T20:20:29.45544724Z	24010	mysql.service	1	91.351018	45.675509	89.188441	2.162677	1038913536	26.781285	1038913536	4095.198349	41873403.113847	45
25	2026-09-24T20:20:30.455297208Z	25010	isuconquest.go.service	1	9.812972	4.906486	8.483873	1.329099	27303936	0.703845	43528192	0.000000	0.000000	10
25	2026-09-24T20:20:30.455297208Z	25010	nginx.service	1	0.000000	0.000000	0.000000	0.000000	4878336	0.125755	68960256	0.000000	0.000000	3
25	2026-09-24T20:20:30.455297208Z	25010	mysql.service	1	87.642749	43.821375	82.346055	5.296595	1053310976	27.152425	1053474816	0.000000	46701406.752159	45
26	2026-09-24T20:20:31.45573515Z	26010	isuconquest.go.service	1	10.212228	5.106114	7.189751	3.022376	29892608	0.770577	43528192	180145.107252	0.000000	10
26	2026-09-24T20:20:31.45573515Z	26010	nginx.service	1	0.000000	0.000000	0.000000	0.000000	4878336	0.125755	68960256	0.000000	0.000000	3
26	2026-09-24T20:20:31.45573515Z	26010	mysql.service	1	66.566148	33.283074	59.035446	7.530802	1116880896	28.791141	1116921856	48835700.893151	40458953.405945	45
27	2026-09-24T20:20:32.455026748Z	27010	isuconquest.go.service	1	2.416412	1.208206	1.543894	0.872518	29896704	0.770682	43528192	0.000000	0.000000	10
27	2026-09-24T20:20:32.455026748Z	27010	nginx.service	1	0.000000	0.000000	0.000000	0.000000	4878336	0.125755	68960256	0.000000	0.000000	3
27	2026-09-24T20:20:32.455026748Z	27010	mysql.service	1	49.566813	24.783406	39.617265	9.949448	1178329088	30.375162	1178337280	51482229.857184	13050909.224942	45
28	2026-09-24T20:20:33.455018443Z	28010	isuconquest.go.service	1	1.756415	0.878207	1.741114	0.015400	29900800	0.770788	43528192	0.000000	0.000000	10
28	2026-09-24T20:20:33.455018443Z	28010	nginx.service	1	0.000000	0.000000	0.000000	0.000000	4878336	0.125755	68960256	0.000000	0.000000	3
28	2026-09-24T20:20:33.455018443Z	28010	mysql.service	1	44.933273	22.466637	35.804197	9.129176	1225555968	31.592585	1225637888	38994243.964179	15659138.096119	45
29	2026-09-24T20:20:34.455571605Z	29010	isuconquest.go.service	1	2.133020	1.066510	1.710954	0.422067	29900800	0.770788	43528192	0.000000	0.000000	10
29	2026-09-24T20:20:34.455571605Z	29010	nginx.service	1	0.000000	0.000000	0.000000	0.000000	4878336	0.125755	68960256	0.000000	0.000000	3
29	2026-09-24T20:20:34.455571605Z	29010	mysql.service	1	56.311251	28.155626	48.339861	7.971391	1274404864	32.851820	1274404864	39168861.509243	16731097.093256	45
30	2026-09-24T20:20:35.455000349Z	30009	isuconquest.go.service	1	2.520640	1.260320	1.511964	1.008676	29908992	0.770999	43528192	0.000000	0.000000	10
30	2026-09-24T20:20:35.455000349Z	30009	nginx.service	1	0.000000	0.000000	0.000000	0.000000	4878336	0.125755	68960256	0.000000	0.000000	3
30	2026-09-24T20:20:35.455000349Z	30009	mysql.service	1	72.207748	36.103874	65.322415	6.885233	1325424640	34.167016	1325424640	40032596.380487	9811428.719788	45
31	2026-09-24T20:20:36.455021432Z	31010	isuconquest.go.service	1	2.836040	1.418020	2.430849	0.405091	29970432	0.772583	43528192	0.000000	0.000000	10
31	2026-09-24T20:20:36.455021432Z	31010	nginx.service	1	0.000000	0.000000	0.000000	0.000000	4878336	0.125755	68960256	0.000000	0.000000	3
31	2026-09-24T20:20:36.455021432Z	31010	mysql.service	1	107.979717	53.989859	100.037485	7.942332	1360719872	35.076862	1360805888	19070572.848090	34532645.979864	45
32	2026-09-24T20:20:37.455862421Z	32010	isuconquest.go.service	1	2.108627	1.054313	1.925481	0.183246	30040064	0.774378	43528192	0.000000	0.000000	10
32	2026-09-24T20:20:37.455862421Z	32010	nginx.service	1	0.000000	0.000000	0.000000	0.000000	4878336	0.125755	68960256	0.000000	0.000000	3
32	2026-09-24T20:20:37.455862421Z	32010	mysql.service	1	108.608860	54.304430	98.826887	9.781973	1383587840	35.666357	1383587840	7841341.471030	52257875.388088	45
33	2026-09-24T20:20:38.455017982Z	33010	isuconquest.go.service	1	1.970964	0.985482	1.449324	0.521641	27377664	0.705746	43528192	0.000000	0.000000	7
33	2026-09-24T20:20:38.455017982Z	33010	nginx.service	1	0.000000	0.000000	0.000000	0.000000	4878336	0.125755	68960256	0.000000	0.000000	3
33	2026-09-24T20:20:38.455017982Z	33010	mysql.service	1	65.778250	32.889125	60.758811	5.019339	1392271360	35.890202	1392369664	557526.836989	49259135.832802	45
34	2026-09-24T20:20:39.455016865Z	34010	isuconquest.go.service	1	1.399902	0.699951	1.258901	0.140900	27234304	0.702050	43528192	0.000000	0.000000	7
34	2026-09-24T20:20:39.455016865Z	34010	nginx.service	1	0.000000	0.000000	0.000000	0.000000	4878336	0.125755	68960256	0.000000	0.000000	3
34	2026-09-24T20:20:39.455016865Z	34010	mysql.service	1	4.429905	2.214952	2.131902	2.298003	1392271360	35.890202	1392533504	0.000000	46747700.076938	45
35	2026-09-24T20:20:40.455016933Z	35010	isuconquest.go.service	1	1.303800	0.651900	1.238000	0.065800	27361280	0.705324	43528192	0.000000	0.000000	7
35	2026-09-24T20:20:40.455016933Z	35010	nginx.service	1	0.000000	0.000000	0.000000	0.000000	4878336	0.125755	68960256	0.000000	0.000000	3
35	2026-09-24T20:20:40.455016933Z	35010	mysql.service	1	4.423100	2.211550	3.092900	1.330300	1392271360	35.890202	1392533504	0.000000	46239740.994417	45
36	2026-09-24T20:20:41.455018105Z	36010	isuconquest.go.service	1	14.806283	7.403141	13.654184	1.152199	27463680	0.707963	43528192	0.000000	0.000000	7
36	2026-09-24T20:20:41.455018105Z	36010	nginx.service	1	0.189600	0.094800	0.189500	0.000000	5062656	0.130506	68960256	0.000000	0.000000	3
36	2026-09-24T20:20:41.455018105Z	36010	mysql.service	1	12.589285	6.294643	11.718786	0.870399	1394671616	35.952076	1394946048	266239.686636	6578168.257496	48
37	2026-09-24T20:20:42.455019255Z	37010	isuconquest.go.service	1	1.572598	0.786299	1.166899	0.405700	27566080	0.710603	43528192	0.000000	0.000000	7
37	2026-09-24T20:20:42.455019255Z	37010	nginx.service	1	0.000000	0.000000	0.000000	0.000000	4968448	0.128077	68960256	0.000000	0.000000	3
37	2026-09-24T20:20:42.455019255Z	37010	mysql.service	1	4.756695	2.378347	2.248797	2.507897	1394663424	35.951865	1394946048	0.000000	47390666.069422	48
38	2026-09-24T20:20:43.455018977Z	38010	isuconquest.go.service	1	1.523300	0.761650	1.124300	0.398900	27254784	0.702578	43528192	0.000000	0.000000	7
38	2026-09-24T20:20:43.455018977Z	38010	nginx.service	1	0.000000	0.000000	0.000000	0.000000	4968448	0.128077	68960256	0.000000	0.000000	3
38	2026-09-24T20:20:43.455018977Z	38010	mysql.service	1	4.395701	2.197850	3.204601	1.191100	1394663424	35.951865	1394946048	0.000000	45944840.499795	48
39	2026-09-24T20:20:44.455017333Z	39010	isuconquest.go.service	1	1.310602	0.655301	0.763501	0.547101	27254784	0.702578	43528192	0.000000	0.000000	7
39	2026-09-24T20:20:44.455017333Z	39010	nginx.service	1	0.015000	0.007500	0.015000	0.000000	5087232	0.131140	68960256	0.000000	0.000000	3
39	2026-09-24T20:20:44.455017333Z	39010	mysql.service	1	1.458102	0.729051	1.076602	0.381601	1394663424	35.951865	1394946048	0.000000	6557706.938255	48
40	2026-09-24T20:20:45.455018431Z	40010	isuconquest.go.service	1	1.261399	0.630699	1.261399	0.000000	27254784	0.702578	43528192	0.000000	0.000000	7
40	2026-09-24T20:20:45.455018431Z	40010	nginx.service	1	0.000000	0.000000	0.000000	0.000000	4956160	0.127761	68960256	0.000000	0.000000	3
40	2026-09-24T20:20:45.455018431Z	40010	mysql.service	1	1.562498	0.781249	1.169099	0.393400	1394659328	35.951759	1394946048	0.000000	6557689.147215	48
41	2026-09-24T20:20:46.455019026Z	41010	isuconquest.go.service	1	1.573299	0.786650	0.745300	0.828000	27385856	0.705957	43528192	0.000000	0.000000	7
41	2026-09-24T20:20:46.455019026Z	41010	nginx.service	1	0.000000	0.000000	0.000000	0.000000	4956160	0.127761	68960256	0.000000	0.000000	3
41	2026-09-24T20:20:46.455019026Z	41010	mysql.service	1	1.592799	0.796400	1.547499	0.045300	1394663424	35.951865	1394946048	0.000000	6557692.157192	48
42	2026-09-24T20:20:47.455194118Z	42010	isuconquest.go.service	1	1.496338	0.748169	1.341965	0.154373	27394048	0.706168	43528192	0.000000	0.000000	7
42	2026-09-24T20:20:47.455194118Z	42010	nginx.service	1	0.000000	0.000000	0.000000	0.000000	4956160	0.127761	68960256	0.000000	0.000000	3
42	2026-09-24T20:20:47.455194118Z	42010	mysql.service	1	1.671207	0.835604	1.225085	0.446122	1394663424	35.951865	1394946048	0.000000	6556548.000897	48
43	2026-09-24T20:20:48.455803193Z	43010	isuconquest.go.service	1	1.402346	0.701173	1.323194	0.079252	27533312	0.709758	43528192	0.000000	0.000000	7
43	2026-09-24T20:20:48.455803193Z	43010	nginx.service	1	0.000000	0.000000	0.000000	0.000000	4956160	0.127761	68960256	0.000000	0.000000	3
43	2026-09-24T20:20:48.455803193Z	43010	mysql.service	1	1.527969	0.763985	1.489793	0.038077	1394663424	35.951865	1394946048	0.000000	82521002.355448	48
44	2026-09-24T20:20:49.455018271Z	44010	isuconquest.go.service	1	1.535305	0.767653	1.010293	0.525012	27668480	0.713243	43528192	0.000000	0.000000	7
44	2026-09-24T20:20:49.455018271Z	44010	nginx.service	1	0.000000	0.000000	0.000000	0.000000	4956160	0.127761	68960256	0.000000	0.000000	3
44	2026-09-24T20:20:49.455018271Z	44010	mysql.service	1	1.444334	0.722167	1.240073	0.204260	1394663424	35.951865	1394946048	0.000000	6562847.323247	48
45	2026-09-24T20:20:50.455021023Z	45010	isuconquest.go.service	1	1.662295	0.831148	0.940197	0.722098	27267072	0.702895	43528192	0.000000	0.000000	7
45	2026-09-24T20:20:50.455021023Z	45010	nginx.service	1	0.000000	0.000000	0.000000	0.000000	4956160	0.127761	68960256	0.000000	0.000000	3
45	2026-09-24T20:20:50.455021023Z	45010	mysql.service	1	1.601496	0.800748	1.247997	0.353499	1394663424	35.951865	1394946048	0.000000	6557677.992616	48
46	2026-09-24T20:20:51.4550173Z	46010	isuconquest.go.service	1	1.424805	0.712403	1.403105	0.021700	27267072	0.702895	43528192	0.000000	0.000000	7
46	2026-09-24T20:20:51.4550173Z	46010	nginx.service	1	0.000000	0.000000	0.000000	0.000000	4956160	0.127761	68960256	0.000000	0.000000	3
46	2026-09-24T20:20:51.4550173Z	46010	mysql.service	1	1.956807	0.978404	1.956807	0.000000	1394667520	35.951970	1394946048	0.000000	6574104.416224	48
47	2026-09-24T20:20:52.455027923Z	47010	isuconquest.go.service	1	1.572883	0.786442	1.103288	0.469495	27267072	0.702895	43528192	0.000000	0.000000	7
47	2026-09-24T20:20:52.455027923Z	47010	nginx.service	1	0.000000	0.000000	0.000000	0.000000	4956160	0.127761	68960256	0.000000	0.000000	3
47	2026-09-24T20:20:52.455027923Z	47010	mysql.service	1	4.354954	2.177477	1.634883	2.720071	1394667520	35.951970	1394946048	0.000000	43777583.169622	48
48	2026-09-24T20:20:53.455671051Z	48010	isuconquest.go.service	1	1.432878	0.716439	0.920408	0.512470	27271168	0.703001	43528192	0.000000	0.000000	7
48	2026-09-24T20:20:53.455671051Z	48010	nginx.service	1	0.000000	0.000000	0.000000	0.000000	4956160	0.127761	68960256	0.000000	0.000000	3
48	2026-09-24T20:20:53.455671051Z	48010	mysql.service	1	1.531615	0.765807	1.531615	0.000000	1394667520	35.951970	1394946048	0.000000	6553481.351287	48
49	2026-09-24T20:20:54.455291474Z	49010	isuconquest.go.service	1	1.636121	0.818061	1.155539	0.480582	27267072	0.702895	43528192	0.000000	0.000000	7
49	2026-09-24T20:20:54.455291474Z	49010	nginx.service	1	0.000000	0.000000	0.000000	0.000000	4956160	0.127761	68960256	0.000000	0.000000	3
49	2026-09-24T20:20:54.455291474Z	49010	mysql.service	1	1.568895	0.784448	0.918148	0.650847	1394667520	35.951970	1394946048	0.000000	6560186.023568	48
50	2026-09-24T20:20:55.455946477Z	50010	isuconquest.go.service	1	1.489524	0.744762	1.489624	0.000000	27422720	0.706907	43528192	0.000000	0.000000	7
50	2026-09-24T20:20:55.455946477Z	50010	nginx.service	1	0.000000	0.000000	0.000000	0.000000	4956160	0.127761	68960256	0.000000	0.000000	3
50	2026-09-24T20:20:55.455946477Z	50010	mysql.service	1	1.639926	0.819963	1.238389	0.401437	1394667520	35.951970	1394946048	0.000000	6553403.481399	48
51	2026-09-24T20:20:56.455131354Z	51010	isuconquest.go.service	1	1.544559	0.772279	1.544559	0.000000	27512832	0.709230	43528192	0.000000	0.000000	7
51	2026-09-24T20:20:56.455131354Z	51010	nginx.service	1	0.000000	0.000000	0.000000	0.000000	4956160	0.127761	68960256	0.000000	0.000000	3
51	2026-09-24T20:20:56.455131354Z	51010	mysql.service	1	1.769542	0.884771	1.614916	0.154626	1394638848	35.951231	1394946048	0.000000	6563045.170588	47
52	2026-09-24T20:20:57.455751757Z	52010	isuconquest.go.service	1	1.575723	0.787861	1.575723	0.000000	27267072	0.702895	43528192	0.000000	0.000000	7
52	2026-09-24T20:20:57.455751757Z	52010	nginx.service	1	0.000000	0.000000	0.000000	0.000000	4956160	0.127761	68960256	0.000000	0.000000	3
52	2026-09-24T20:20:57.455751757Z	52010	mysql.service	1	1.657872	0.828936	1.604705	0.053167	1394642944	35.951337	1394946048	0.000000	6553630.612537	47
53	2026-09-24T20:20:58.455020067Z	53010	isuconquest.go.service	1	1.485887	0.742944	1.355992	0.129895	27267072	0.702895	43528192	0.000000	0.000000	7
53	2026-09-24T20:20:58.455020067Z	53010	nginx.service	1	0.000000	0.000000	0.000000	0.000000	4956160	0.127761	68960256	0.000000	0.000000	3
53	2026-09-24T20:20:58.455020067Z	53010	mysql.service	1	1.661015	0.830508	1.256619	0.404396	1394642944	35.951337	1394946048	0.000000	6562497.740222	47
54	2026-09-24T20:20:59.455667599Z	54010	isuconquest.go.service	1	1.337134	0.668567	1.141661	0.195373	27267072	0.702895	43528192	0.000000	0.000000	7
54	2026-09-24T20:20:59.455667599Z	54010	nginx.service	1	0.000000	0.000000	0.000000	0.000000	4956160	0.127761	68960256	0.000000	0.000000	3
54	2026-09-24T20:20:59.455667599Z	54010	mysql.service	1	1.681911	0.840955	1.626047	0.055864	1394642944	35.951337	1394946048	0.000000	6553452.429841	47
55	2026-09-24T20:21:00.455287179Z	55010	isuconquest.go.service	1	1.605011	0.802505	1.557993	0.047118	27267072	0.702895	43528192	0.000000	0.000000	7
55	2026-09-24T20:21:00.455287179Z	55010	nginx.service	1	0.000000	0.000000	0.000000	0.000000	4956160	0.127761	68960256	0.000000	0.000000	3
55	2026-09-24T20:21:00.455287179Z	55010	mysql.service	1	1.646326	0.823163	1.594607	0.051720	1394642944	35.951337	1394946048	0.000000	6560191.628099	47
56	2026-09-24T20:21:01.455934229Z	56010	isuconquest.go.service	1	1.707695	0.853848	1.218112	0.489583	27271168	0.703001	43528192	0.000000	0.000000	7
56	2026-09-24T20:21:01.455934229Z	56010	nginx.service	1	0.000000	0.000000	0.000000	0.000000	4956160	0.127761	68960256	0.000000	0.000000	3
56	2026-09-24T20:21:01.455934229Z	56010	mysql.service	1	1.944142	0.972071	1.596667	0.347575	1394642944	35.951337	1394946048	0.000000	6573922.330408	47
57	2026-09-24T20:21:02.455555501Z	57010	isuconquest.go.service	1	1.638120	0.819060	1.524077	0.113943	27271168	0.703001	43528192	0.000000	0.000000	7
57	2026-09-24T20:21:02.455555501Z	57010	nginx.service	1	0.000000	0.000000	0.000000	0.000000	4956160	0.127761	68960256	0.000000	0.000000	3
57	2026-09-24T20:21:02.455555501Z	57010	mysql.service	1	4.687875	2.343938	3.903078	0.784797	1394642944	35.951337	1394946048	0.000000	44417462.225469	47
58	2026-09-24T20:21:03.455019229Z	58010	isuconquest.go.service	1	1.485497	0.742748	1.457181	0.028315	27271168	0.703001	43528192	0.000000	0.000000	7
58	2026-09-24T20:21:03.455019229Z	58010	nginx.service	1	0.000000	0.000000	0.000000	0.000000	4956160	0.127761	68960256	0.000000	0.000000	3
58	2026-09-24T20:21:03.455019229Z	58010	mysql.service	1	1.673597	0.836799	1.663292	0.010306	1394642944	35.951337	1394946048	0.000000	6561214.575979	47
59	2026-09-24T20:21:04.455652488Z	59010	isuconquest.go.service	1	1.545421	0.772711	1.203538	0.341983	27267072	0.702895	43528192	0.000000	0.000000	7
59	2026-09-24T20:21:04.455652488Z	59010	nginx.service	1	0.000000	0.000000	0.000000	0.000000	4956160	0.127761	68960256	0.000000	0.000000	3
59	2026-09-24T20:21:04.455652488Z	59010	mysql.service	1	1.659149	0.829575	1.650155	0.008894	1394642944	35.951337	1394946048	0.000000	6553545.908072	47
60	2026-09-24T20:21:05.455275626Z	60010	isuconquest.go.service	1	1.284584	0.642292	1.222761	0.061823	27267072	0.702895	43528192	0.000000	0.000000	7
60	2026-09-24T20:21:05.455275626Z	60010	nginx.service	1	0.000000	0.000000	0.000000	0.000000	4956160	0.127761	68960256	0.000000	0.000000	3
60	2026-09-24T20:21:05.455275626Z	60010	mysql.service	1	1.665027	0.832514	1.304792	0.360336	1394642944	35.951337	1394946048	0.000000	6560168.297826	47
61	2026-09-24T20:21:06.455885685Z	61010	isuconquest.go.service	1	1.388853	0.694426	1.312299	0.076453	27267072	0.702895	43528192	0.000000	0.000000	7
61	2026-09-24T20:21:06.455885685Z	61010	nginx.service	1	0.000000	0.000000	0.000000	0.000000	4956160	0.127761	68960256	0.000000	0.000000	3
61	2026-09-24T20:21:06.455885685Z	61010	mysql.service	1	1.796104	0.898052	1.771819	0.024285	1394642944	35.951337	1394946048	0.000000	6553697.851089	47
62	2026-09-24T20:21:07.455514283Z	62010	isuconquest.go.service	1	1.631406	0.815703	1.520765	0.110741	27267072	0.702895	43528192	0.000000	0.000000	7
62	2026-09-24T20:21:07.455514283Z	62010	nginx.service	1	0.000000	0.000000	0.000000	0.000000	4956160	0.127761	68960256	0.000000	0.000000	3
62	2026-09-24T20:21:07.455514283Z	62010	mysql.service	1	1.609698	0.804849	0.158959	1.450739	1394642944	35.951337	1394946048	0.000000	6560132.452873	47
63	2026-09-24T20:21:08.455115092Z	63010	isuconquest.go.service	1	1.562024	0.781012	1.562024	0.000000	27398144	0.706274	43528192	0.000000	0.000000	7
63	2026-09-24T20:21:08.455115092Z	63010	nginx.service	1	0.000000	0.000000	0.000000	0.000000	4956160	0.127761	68960256	0.000000	0.000000	3
63	2026-09-24T20:21:08.455115092Z	63010	mysql.service	1	1.542316	0.771158	1.374649	0.167667	1394642944	35.951337	1394946048	0.000000	6560314.818633	47
64	2026-09-24T20:21:09.455776008Z	64010	isuconquest.go.service	1	1.488316	0.744158	1.114863	0.373453	27267072	0.702895	43528192	0.000000	0.000000	7
64	2026-09-24T20:21:09.455776008Z	64010	nginx.service	1	0.000000	0.000000	0.000000	0.000000	4956160	0.127761	68960256	0.000000	0.000000	3
64	2026-09-24T20:21:09.455776008Z	64010	mysql.service	1	1.523493	0.761747	0.874722	0.648671	1394642944	35.951337	1394946048	0.000000	6553364.776365	47
65	2026-09-24T20:21:10.455403849Z	65010	isuconquest.go.service	1	1.287679	0.643839	1.287679	0.000000	27267072	0.702895	43528192	0.000000	0.000000	7
65	2026-09-24T20:21:10.455403849Z	65010	nginx.service	1	0.000000	0.000000	0.000000	0.000000	4956160	0.127761	68960256	0.000000	0.000000	3
65	2026-09-24T20:21:10.455403849Z	65010	mysql.service	1	1.364207	0.682104	0.599323	0.764984	1394642944	35.951337	1394946048	0.000000	6560135.589783	47
66	2026-09-24T20:21:11.45502543Z	66010	isuconquest.go.service	1	1.468556	0.734278	1.383524	0.085032	27398144	0.706274	43528192	0.000000	0.000000	7
66	2026-09-24T20:21:11.45502543Z	66010	nginx.service	1	0.000000	0.000000	0.000000	0.000000	4956160	0.127761	68960256	0.000000	4097.551726	3
66	2026-09-24T20:21:11.45502543Z	66010	mysql.service	1	1.398530	0.699265	1.069205	0.329325	1394642944	35.951337	1394946048	0.000000	6560180.314044	47
67	2026-09-24T20:21:12.455652827Z	67010	isuconquest.go.service	1	1.656361	0.828180	1.172364	0.483896	27398144	0.706274	43528192	0.000000	0.000000	7
67	2026-09-24T20:21:12.455652827Z	67010	nginx.service	1	0.000000	0.000000	0.000000	0.000000	4956160	0.127761	68960256	0.000000	0.000000	3
67	2026-09-24T20:21:12.455652827Z	67010	mysql.service	1	1.598897	0.799448	1.551627	0.047270	1394642944	35.951337	1394946048	0.000000	6553584.307420	47
68	2026-09-24T20:21:13.455281072Z	68010	isuconquest.go.service	1	1.573785	0.786893	1.472848	0.100938	27402240	0.706379	43528192	0.000000	0.000000	7
68	2026-09-24T20:21:13.455281072Z	68010	nginx.service	1	0.000000	0.000000	0.000000	0.000000	4956160	0.127761	68960256	0.000000	0.000000	3
68	2026-09-24T20:21:13.455281072Z	68010	mysql.service	1	1.603196	0.801598	0.901035	0.702161	1394642944	35.951337	1394946048	0.000000	6560134.762899	47
69	2026-09-24T20:21:14.455900199Z	69010	isuconquest.go.service	1	1.329177	0.664589	1.201556	0.127621	27271168	0.703001	43528192	0.000000	0.000000	7
69	2026-09-24T20:21:14.455900199Z	69010	nginx.service	1	0.000000	0.000000	0.000000	0.000000	4956160	0.127761	68960256	0.000000	0.000000	3
69	2026-09-24T20:21:14.455900199Z	69010	mysql.service	1	1.588916	0.794458	1.282706	0.306110	1394642944	35.951337	1394946048	0.000000	6553638.465478	47
70	2026-09-24T20:21:15.455522617Z	70010	isuconquest.go.service	1	1.433241	0.716621	1.353611	0.079630	27275264	0.703106	43528192	0.000000	0.000000	7
70	2026-09-24T20:21:15.455522617Z	70010	nginx.service	1	0.000000	0.000000	0.000000	0.000000	4956160	0.127761	68960256	0.000000	0.000000	3
70	2026-09-24T20:21:15.455522617Z	70010	mysql.service	1	1.391926	0.695963	0.928951	0.462975	1394642944	35.951337	1394946048	0.000000	6560172.990118	47
71	2026-09-24T20:21:16.455716672Z	71010	isuconquest.go.service	1	1.544000	0.772000	1.544100	0.000000	27271168	0.703001	43528192	0.000000	0.000000	7
71	2026-09-24T20:21:16.455716672Z	71010	nginx.service	1	0.000000	0.000000	0.000000	0.000000	4956160	0.127761	68960256	0.000000	0.000000	3
71	2026-09-24T20:21:16.455716672Z	71010	mysql.service	1	1.488411	0.744206	1.488411	0.000000	1394647040	35.951442	1394946048	0.000000	6556423.693200	47
72	2026-09-24T20:21:17.455019523Z	72010	isuconquest.go.service	1	1.520260	0.760130	1.520260	0.000000	27271168	0.703001	43528192	0.000000	0.000000	7
72	2026-09-24T20:21:17.455019523Z	72010	nginx.service	1	0.000000	0.000000	0.000000	0.000000	4956160	0.127761	68960256	0.000000	0.000000	3
72	2026-09-24T20:21:17.455019523Z	72010	mysql.service	1	1.482534	0.741267	0.849292	0.633342	1394642944	35.951337	1394946048	0.000000	6562270.867448	47
73	2026-09-24T20:21:18.455619351Z	73010	isuconquest.go.service	1	1.511993	0.755997	1.229662	0.282231	27271168	0.703001	43528192	0.000000	0.000000	7
73	2026-09-24T20:21:18.455619351Z	73010	nginx.service	1	0.000000	0.000000	0.000000	0.000000	4956160	0.127761	68960256	0.000000	0.000000	3
73	2026-09-24T20:21:18.455619351Z	73010	mysql.service	1	1.529383	0.764691	1.529383	0.000000	1394642944	35.951337	1394946048	0.000000	6553764.861777	47
74	2026-09-24T20:21:19.455233874Z	74010	isuconquest.go.service	1	1.595315	0.797657	1.493876	0.101439	27275264	0.703106	43528192	0.000000	0.000000	7
74	2026-09-24T20:21:19.455233874Z	74010	nginx.service	1	0.000000	0.000000	0.000000	0.000000	4956160	0.127761	68960256	0.000000	0.000000	3
74	2026-09-24T20:21:19.455233874Z	74010	mysql.service	1	1.470167	0.735083	1.470067	0.000000	1394642944	35.951337	1394946048	0.000000	6560224.835470	47
75	2026-09-24T20:21:20.455881877Z	75010	isuconquest.go.service	1	1.471946	0.735973	1.327140	0.144906	27271168	0.703001	43528192	0.000000	0.000000	7
75	2026-09-24T20:21:20.455881877Z	75010	nginx.service	1	0.000000	0.000000	0.000000	0.000000	4956160	0.127761	68960256	0.000000	0.000000	3
75	2026-09-24T20:21:20.455881877Z	75010	mysql.service	1	1.673016	0.836508	1.375109	0.297907	1394642944	35.951337	1394946048	0.000000	6553447.963282	47
76	2026-09-24T20:21:21.455497176Z	76010	isuconquest.go.service	1	2.402825	1.201412	1.558100	0.844625	28155904	0.725808	43528192	0.000000	0.000000	7
76	2026-09-24T20:21:21.455497176Z	76010	nginx.service	1	0.000000	0.000000	0.000000	0.000000	4956160	0.127761	68960256	0.000000	0.000000	3
76	2026-09-24T20:21:21.455497176Z	76010	mysql.service	1	1.709858	0.854929	1.345218	0.364740	1394642944	35.951337	1394946048	0.000000	6560221.061888	47
77	2026-09-24T20:21:22.455031029Z	77010	isuconquest.go.service	1	1.761421	0.880711	1.697791	0.063730	28286976	0.729186	43528192	0.000000	0.000000	7
77	2026-09-24T20:21:22.455031029Z	77010	nginx.service	1	0.000000	0.000000	0.000000	0.000000	4956160	0.127761	68960256	0.000000	0.000000	3
77	2026-09-24T20:21:22.455031029Z	77010	mysql.service	1	1.791635	0.895818	1.417961	0.373574	1394642944	35.951337	1394946048	0.000000	6560753.987116	47
78	2026-09-24T20:21:23.45568321Z	78010	isuconquest.go.service	1	1.568177	0.784089	1.568077	0.000000	28286976	0.729186	43528192	0.000000	0.000000	7
78	2026-09-24T20:21:23.45568321Z	78010	nginx.service	1	0.000000	0.000000	0.000000	0.000000	4956160	0.127761	68960256	0.000000	0.000000	3
78	2026-09-24T20:21:23.45568321Z	78010	mysql.service	1	1.716481	0.858240	1.700291	0.016289	1394642944	35.951337	1394946048	0.000000	6553422.316705	47
79	2026-09-24T20:21:24.455321754Z	79010	isuconquest.go.service	1	1.699914	0.849957	1.672405	0.027510	28155904	0.725808	43528192	0.000000	0.000000	7
79	2026-09-24T20:21:24.455321754Z	79010	nginx.service	1	0.000000	0.000000	0.000000	0.000000	4956160	0.127761	68960256	0.000000	0.000000	3
79	2026-09-24T20:21:24.455321754Z	79010	mysql.service	1	1.703816	0.851908	0.946342	0.757474	1394642944	35.951337	1394946048	0.000000	6560067.188766	47
80	2026-09-24T20:21:25.455937263Z	80010	isuconquest.go.service	1	1.584425	0.792212	0.730450	0.854074	28155904	0.725808	43528192	0.000000	0.000000	7
80	2026-09-24T20:21:25.455937263Z	80010	nginx.service	1	0.000000	0.000000	0.000000	0.000000	4956160	0.127761	68960256	0.000000	0.000000	3
80	2026-09-24T20:21:25.455937263Z	80010	mysql.service	1	1.653582	0.826791	0.160901	1.492681	1394642944	35.951337	1394946048	0.000000	6553662.161956	47
81	2026-09-24T20:21:26.45554275Z	81010	isuconquest.go.service	1	1.877841	0.938920	1.860634	0.017107	26972160	0.695293	43528192	0.000000	0.000000	7
81	2026-09-24T20:21:26.45554275Z	81010	nginx.service	1	0.000000	0.000000	0.000000	0.000000	4956160	0.127761	68960256	0.000000	0.000000	3
81	2026-09-24T20:21:26.45554275Z	81010	mysql.service	1	1.809914	0.904957	1.524802	0.285012	1394642944	35.951337	1394946048	0.000000	6560284.084554	47
82	2026-09-24T20:21:27.455171416Z	82010	isuconquest.go.service	1	1.310086	0.655043	0.934147	0.375940	26992640	0.695821	43528192	0.000000	0.000000	7
82	2026-09-24T20:21:27.455171416Z	82010	nginx.service	1	0.000000	0.000000	0.000000	0.000000	4956160	0.127761	68960256	0.000000	0.000000	3
82	2026-09-24T20:21:27.455171416Z	82010	mysql.service	1	1.701032	0.850516	1.641309	0.059722	1394642944	35.951337	1394946048	0.000000	6560132.032869	47
83	2026-09-24T20:21:28.455809371Z	83010	isuconquest.go.service	1	1.521929	0.760965	0.742027	0.779902	27160576	0.700150	43528192	0.000000	0.000000	7
83	2026-09-24T20:21:28.455809371Z	83010	nginx.service	1	0.000000	0.000000	0.000000	0.000000	4956160	0.127761	68960256	0.000000	0.000000	3
83	2026-09-24T20:21:28.455809371Z	83010	mysql.service	1	1.686324	0.843162	1.686324	0.000000	1394642944	35.951337	1394946048	0.000000	6553515.152241	47
84	2026-09-24T20:21:29.455432266Z	84010	isuconquest.go.service	1	1.568491	0.784246	1.094113	0.474479	27193344	0.700995	43528192	0.000000	0.000000	7
84	2026-09-24T20:21:29.455432266Z	84010	nginx.service	1	0.000000	0.000000	0.000000	0.000000	4956160	0.127761	68960256	0.000000	0.000000	3
84	2026-09-24T20:21:29.455432266Z	84010	mysql.service	1	1.696140	0.848070	0.624035	1.072104	1394642944	35.951337	1394946048	0.000000	6560169.872860	47
85	2026-09-24T20:21:30.454998773Z	85009	isuconquest.go.service	1	1.423717	0.711859	1.344683	0.079034	27267072	0.702895	43528192	0.000000	0.000000	7
85	2026-09-24T20:21:30.454998773Z	85009	nginx.service	1	0.000000	0.000000	0.000000	0.000000	4956160	0.127761	68960256	0.000000	0.000000	3
85	2026-09-24T20:21:30.454998773Z	85009	mysql.service	1	1.634108	0.817054	0.885584	0.748625	1394642944	35.951337	1394946048	0.000000	6560539.921890	47
86	2026-09-24T20:21:31.45565833Z	86010	isuconquest.go.service	1	1.490317	0.745158	1.216598	0.273719	27521024	0.709442	43528192	0.000000	0.000000	7
86	2026-09-24T20:21:31.45565833Z	86010	nginx.service	1	0.000000	0.000000	0.000000	0.000000	4956160	0.127761	68960256	0.000000	0.000000	3
86	2026-09-24T20:21:31.45565833Z	86010	mysql.service	1	1.534288	0.767144	0.798074	0.736214	1394642944	35.951337	1394946048	0.000000	6553373.283575	47
87	2026-09-24T20:21:32.45534169Z	87010	isuconquest.go.service	1	1.549791	0.774895	1.452460	0.097331	27451392	0.707647	43528192	0.000000	0.000000	7
87	2026-09-24T20:21:32.45534169Z	87010	nginx.service	1	0.000000	0.000000	0.000000	0.000000	4956160	0.127761	68960256	0.000000	0.000000	3
87	2026-09-24T20:21:32.45534169Z	87010	mysql.service	1	1.666428	0.833214	1.655224	0.011204	1394638848	35.951231	1394946048	0.000000	6559773.506509	47
88	2026-09-24T20:21:33.455687121Z	88010	isuconquest.go.service	1	1.421209	0.710605	1.405514	0.015595	27590656	0.711237	43528192	0.000000	0.000000	7
88	2026-09-24T20:21:33.455687121Z	88010	nginx.service	1	0.000000	0.000000	0.000000	0.000000	4956160	0.127761	68960256	0.000000	0.000000	3
88	2026-09-24T20:21:33.455687121Z	88010	mysql.service	1	1.493684	0.746842	1.155101	0.338583	1394642944	35.951337	1394946048	0.000000	6555431.531064	47
89	2026-09-24T20:21:34.455351866Z	89010	isuconquest.go.service	1	1.436482	0.718241	1.293734	0.142848	27889664	0.718944	43528192	0.000000	0.000000	7
89	2026-09-24T20:21:34.455351866Z	89010	nginx.service	1	0.000000	0.000000	0.000000	0.000000	4956160	0.127761	68960256	0.000000	0.000000	3
89	2026-09-24T20:21:34.455351866Z	89010	mysql.service	1	1.521110	0.760555	1.179295	0.341715	1394642944	35.951337	1394946048	0.000000	6559895.336109	47
90	2026-09-24T20:21:35.45501797Z	90010	isuconquest.go.service	1	1.276726	0.638363	0.779760	0.496966	27967488	0.720951	43528192	0.000000	0.000000	7
90	2026-09-24T20:21:35.45501797Z	90010	nginx.service	1	0.000000	0.000000	0.000000	0.000000	4956160	0.127761	68960256	0.000000	0.000000	3
90	2026-09-24T20:21:35.45501797Z	90010	mysql.service	1	1.554319	0.777159	1.511004	0.043314	1394642944	35.951337	1394946048	0.000000	6559886.234496	47
91	2026-09-24T20:21:36.455687749Z	91010	isuconquest.go.service	1	1.296131	0.648066	1.172814	0.123217	27987968	0.721478	43528192	0.000000	0.000000	7
91	2026-09-24T20:21:36.455687749Z	91010	nginx.service	1	0.000000	0.000000	0.000000	0.000000	4956160	0.127761	68960256	0.000000	0.000000	3
91	2026-09-24T20:21:36.455687749Z	91010	mysql.service	1	1.454725	0.727363	1.332007	0.122818	1394642944	35.951337	1394946048	0.000000	6553304.355513	47
92	2026-09-24T20:21:37.455336981Z	92010	isuconquest.go.service	1	1.565550	0.782775	1.565550	0.000000	27406336	0.706485	43528192	0.000000	0.000000	7
92	2026-09-24T20:21:37.455336981Z	92010	nginx.service	1	0.000000	0.000000	0.000000	0.000000	4956160	0.127761	68960256	0.000000	0.000000	3
92	2026-09-24T20:21:37.455336981Z	92010	mysql.service	1	1.443707	0.721853	0.341420	1.102287	1394642944	35.951337	1394946048	0.000000	6559999.419156	47
93	2026-09-24T20:21:38.455014797Z	93010	isuconquest.go.service	1	1.283614	0.641807	1.283614	0.000000	27406336	0.706485	43528192	0.000000	0.000000	7
93	2026-09-24T20:21:38.455014797Z	93010	nginx.service	1	0.000000	0.000000	0.000000	0.000000	4956160	0.127761	68960256	0.000000	0.000000	3
93	2026-09-24T20:21:38.455014797Z	93010	mysql.service	1	1.435663	0.717831	1.435663	0.000000	1394638848	35.951231	1394946048	0.000000	6559809.459091	47
94	2026-09-24T20:21:39.455699652Z	94010	isuconquest.go.service	1	1.235854	0.617927	1.157307	0.078546	27410432	0.706591	43528192	0.000000	0.000000	7
94	2026-09-24T20:21:39.455699652Z	94010	nginx.service	1	0.000000	0.000000	0.000000	0.000000	4956160	0.127761	68960256	0.000000	0.000000	3
94	2026-09-24T20:21:39.455699652Z	94010	mysql.service	1	1.375558	0.687779	1.375558	0.000000	1394642944	35.951337	1394946048	0.000000	6553208.015831	47
95	2026-09-24T20:21:40.45538072Z	95010	isuconquest.go.service	1	1.328624	0.664312	1.139663	0.188960	27406336	0.706485	43528192	0.000000	0.000000	7
95	2026-09-24T20:21:40.45538072Z	95010	nginx.service	1	0.000000	0.000000	0.000000	0.000000	4956160	0.127761	68960256	0.000000	0.000000	3
95	2026-09-24T20:21:40.45538072Z	95010	mysql.service	1	1.382841	0.691421	1.368236	0.014605	1394642944	35.951337	1394946048	0.000000	6559788.106661	47
96	2026-09-24T20:21:41.455825738Z	96010	isuconquest.go.service	1	1.491936	0.745968	1.406574	0.085462	27394048	0.706168	43528192	0.000000	0.000000	7
96	2026-09-24T20:21:41.455825738Z	96010	nginx.service	1	0.017492	0.008746	0.017492	0.000000	4935680	0.127233	68960256	0.000000	0.000000	3
96	2026-09-24T20:21:41.455825738Z	96010	mysql.service	1	1.458251	0.729126	1.425566	0.032685	1394642944	35.951337	1394946048	0.000000	6554778.966045	47
97	2026-09-24T20:21:42.455505168Z	97010	isuconquest.go.service	1	0.975713	0.487856	0.391626	0.584087	27394048	0.706168	43528192	0.000000	0.000000	7
97	2026-09-24T20:21:42.455505168Z	97010	nginx.service	1	0.000000	0.000000	0.000000	0.000000	4935680	0.127233	68960256	0.000000	0.000000	3
97	2026-09-24T20:21:42.455505168Z	97010	mysql.service	1	1.518887	0.759443	1.177878	0.341009	1394642944	35.951337	1394946048	0.000000	6559798.986278	47
98	2026-09-24T20:21:43.455195364Z	98010	isuconquest.go.service	1	1.170563	0.585281	1.170563	0.000000	27394048	0.706168	43528192	0.000000	0.000000	7
98	2026-09-24T20:21:43.455195364Z	98010	nginx.service	1	0.000000	0.000000	0.000000	0.000000	4935680	0.127233	68960256	0.000000	0.000000	3
98	2026-09-24T20:21:43.455195364Z	98010	mysql.service	1	1.486060	0.743030	1.194270	0.291690	1394642944	35.951337	1394946048	0.000000	6559728.177550	47
99	2026-09-24T20:21:44.455020572Z	99010	isuconquest.go.service	1	1.011377	0.505688	0.763133	0.248243	27394048	0.706168	43528192	0.000000	0.000000	7
99	2026-09-24T20:21:44.455020572Z	99010	nginx.service	1	0.000000	0.000000	0.000000	0.000000	4935680	0.127233	68960256	0.000000	0.000000	3
99	2026-09-24T20:21:44.455020572Z	99010	mysql.service	1	1.659890	0.829945	1.603880	0.056110	1394642944	35.951337	1394946048	0.000000	6558842.413507	47
100	2026-09-24T20:21:45.455695095Z	100010	isuconquest.go.service	1	1.206786	0.603393	0.972144	0.234642	27131904	0.699411	43528192	0.000000	0.000000	7
100	2026-09-24T20:21:45.455695095Z	100010	nginx.service	1	0.000000	0.000000	0.000000	0.000000	4935680	0.127233	68960256	0.000000	0.000000	3
100	2026-09-24T20:21:45.455695095Z	100010	mysql.service	1	1.651486	0.825743	1.249957	0.401529	1394642944	35.951337	1394946048	0.000000	6553275.684485	47
101	2026-09-24T20:21:46.455368488Z	101010	isuconquest.go.service	1	1.140172	0.570086	1.140072	0.000000	27131904	0.699411	43528192	0.000000	0.000000	7
101	2026-09-24T20:21:46.455368488Z	101010	nginx.service	1	0.000000	0.000000	0.000000	0.000000	4935680	0.127233	68960256	0.000000	0.000000	3
101	2026-09-24T20:21:46.455368488Z	101010	mysql.service	1	1.709758	0.854879	1.346740	0.363019	1394642944	35.951337	1394946048	0.000000	6559838.476045	47
102	2026-09-24T20:21:47.455058515Z	102010	isuconquest.go.service	1	1.237684	0.618842	0.398023	0.839660	27136000	0.699516	43528192	0.000000	0.000000	7
102	2026-09-24T20:21:47.455058515Z	102010	nginx.service	1	0.000000	0.000000	0.000000	0.000000	4935680	0.127233	68960256	0.000000	0.000000	3
102	2026-09-24T20:21:47.455058515Z	102010	mysql.service	1	1.678920	0.839460	0.973002	0.705819	1394642944	35.951337	1394946048	0.000000	6559728.958400	47
103	2026-09-24T20:21:48.455752354Z	103010	isuconquest.go.service	1	1.079851	0.539925	0.740186	0.339764	27131904	0.699411	43528192	0.000000	0.000000	7
103	2026-09-24T20:21:48.455752354Z	103010	nginx.service	1	0.000000	0.000000	0.000000	0.000000	4935680	0.127233	68960256	0.000000	0.000000	3
103	2026-09-24T20:21:48.455752354Z	103010	mysql.service	1	1.630169	0.815085	0.539526	1.090743	1394642944	35.951337	1394946048	0.000000	6553149.555901	47
104	2026-09-24T20:21:49.455443769Z	104010	isuconquest.go.service	1	1.096038	0.548019	1.000109	0.095930	27131904	0.699411	43528192	0.000000	0.000000	7
104	2026-09-24T20:21:49.455443769Z	104010	nginx.service	1	0.000000	0.000000	0.000000	0.000000	4935680	0.127233	68960256	0.000000	0.000000	3
104	2026-09-24T20:21:49.455443769Z	104010	mysql.service	1	1.586690	0.793345	1.586589	0.000000	1394642944	35.951337	1394946048	0.000000	6559719.811316	47
105	2026-09-24T20:21:50.455134947Z	105010	isuconquest.go.service	1	1.165760	0.582880	0.685612	0.480048	27131904	0.699411	43528192	0.000000	0.000000	7
105	2026-09-24T20:21:50.455134947Z	105010	nginx.service	1	0.000000	0.000000	0.000000	0.000000	4935680	0.127233	68960256	0.000000	0.000000	3
105	2026-09-24T20:21:50.455134947Z	105010	mysql.service	1	1.530173	0.765086	1.231780	0.298492	1394642944	35.951337	1394946048	0.000000	6559722.212915	47
106	2026-09-24T20:21:51.455818981Z	106010	isuconquest.go.service	1	1.104844	0.552422	0.633367	0.471477	27131904	0.699411	43528192	0.000000	0.000000	7
106	2026-09-24T20:21:51.455818981Z	106010	nginx.service	1	0.000000	0.000000	0.000000	0.000000	4935680	0.127233	68960256	0.000000	0.000000	3
106	2026-09-24T20:21:51.455818981Z	106010	mysql.service	1	1.430322	0.715161	1.309204	0.121017	1394642944	35.951337	1394946048	0.000000	6553213.379239	47
107	2026-09-24T20:21:52.455024984Z	107010	isuconquest.go.service	1	0.970771	0.485385	0.453060	0.517811	27131904	0.699411	43528192	0.000000	0.000000	7
107	2026-09-24T20:21:52.455024984Z	107010	nginx.service	1	0.000000	0.000000	0.000000	0.000000	4935680	0.127233	68960256	0.000000	0.000000	3
107	2026-09-24T20:21:52.455024984Z	107010	mysql.service	1	1.546328	0.773164	1.546328	0.000000	1394642944	35.951337	1394946048	0.000000	6562906.928412	47
108	2026-09-24T20:21:53.455722921Z	108010	isuconquest.go.service	1	1.212754	0.606377	1.212654	0.000000	27262976	0.702790	43528192	0.000000	0.000000	7
108	2026-09-24T20:21:53.455722921Z	108010	nginx.service	1	0.000000	0.000000	0.000000	0.000000	4935680	0.127233	68960256	0.000000	0.000000	3
108	2026-09-24T20:21:53.455722921Z	108010	mysql.service	1	1.566507	0.783253	1.523437	0.043170	1394642944	35.951337	1394946048	0.000000	6553122.333458	47
109	2026-09-24T20:21:54.455383588Z	109010	isuconquest.go.service	1	1.413680	0.706840	1.349958	0.063722	27131904	0.699411	43528192	0.000000	0.000000	7
109	2026-09-24T20:21:54.455383588Z	109010	nginx.service	1	0.000000	0.000000	0.000000	0.000000	4935680	0.127233	68960256	0.000000	0.000000	3
109	2026-09-24T20:21:54.455383588Z	109010	mysql.service	1	1.636055	0.818028	1.190504	0.445551	1394642944	35.951337	1394946048	0.000000	6297689.020006	47
110	2026-09-24T20:21:55.455068841Z	110010	isuconquest.go.service	1	1.072338	0.536169	1.043929	0.028409	27136000	0.699516	43528192	0.000000	0.000000	7
110	2026-09-24T20:21:55.455068841Z	110010	nginx.service	1	0.000000	0.000000	0.000000	0.000000	4935680	0.127233	68960256	0.000000	0.000000	3
110	2026-09-24T20:21:55.455068841Z	110010	mysql.service	1	1.337221	0.668610	0.808755	0.528366	1394642944	35.951337	1394946048	0.000000	5740302.731583	47
111	2026-09-24T20:21:56.455717314Z	111010	isuconquest.go.service	1	1.232701	0.616350	1.232701	0.000000	27131904	0.699411	43528192	0.000000	0.000000	7
111	2026-09-24T20:21:56.455717314Z	111010	nginx.service	1	0.000000	0.000000	0.000000	0.000000	4935680	0.127233	68960256	0.000000	0.000000	3
111	2026-09-24T20:21:56.455717314Z	111010	mysql.service	1	1.606358	0.803179	1.606358	0.000000	1394642944	35.951337	1394946048	0.000000	5636536.858034	47
112	2026-09-24T20:21:57.455422831Z	112010	isuconquest.go.service	1	1.093722	0.546861	1.093722	0.000000	27262976	0.702790	43528192	0.000000	0.000000	7
112	2026-09-24T20:21:57.455422831Z	112010	nginx.service	1	0.000000	0.000000	0.000000	0.000000	4935680	0.127233	68960256	0.000000	0.000000	3
112	2026-09-24T20:21:57.455422831Z	112010	mysql.service	1	1.253469	0.626735	1.121630	0.131839	1394642944	35.951337	1394946048	0.000000	4658523.865401	47
113	2026-09-24T20:21:58.45507531Z	113010	isuconquest.go.service	1	1.150500	0.575250	0.716649	0.433851	27131904	0.699411	43528192	0.000000	0.000000	7
113	2026-09-24T20:21:58.45507531Z	113010	nginx.service	1	0.000000	0.000000	0.000000	0.000000	4935680	0.127233	68960256	0.000000	0.000000	3
113	2026-09-24T20:21:58.45507531Z	113010	mysql.service	1	1.106885	0.553442	1.069172	0.037813	1394642944	35.951337	1394946048	0.000000	3282036.570067	47
114	2026-09-24T20:21:59.455745423Z	114010	isuconquest.go.service	1	1.191102	0.595551	1.191102	0.000000	27131904	0.699411	43528192	0.000000	0.000000	7
114	2026-09-24T20:21:59.455745423Z	114010	nginx.service	1	0.000000	0.000000	0.000000	0.000000	4935680	0.127233	68960256	0.000000	0.000000	3
114	2026-09-24T20:21:59.455745423Z	114010	mysql.service	1	1.153727	0.576863	0.810557	0.343070	1394642944	35.951337	1394946048	0.000000	3278698.891414	47
115	2026-09-24T20:22:00.455408582Z	115010	isuconquest.go.service	1	1.239918	0.619959	1.239918	0.000000	27131904	0.699411	43528192	0.000000	0.000000	7
115	2026-09-24T20:22:00.455408582Z	115010	nginx.service	1	0.000000	0.000000	0.000000	0.000000	4935680	0.127233	68960256	0.000000	0.000000	3
115	2026-09-24T20:22:00.455408582Z	115010	mysql.service	1	1.277430	0.638715	0.828379	0.449051	1394638848	35.951231	1394946048	0.000000	2823094.945417	47
116	2026-09-24T20:22:01.455110624Z	116010	isuconquest.go.service	1	1.154344	0.577172	1.080322	0.074022	27131904	0.699411	43528192	0.000000	0.000000	7
116	2026-09-24T20:22:01.455110624Z	116010	nginx.service	1	0.000000	0.000000	0.000000	0.000000	4935680	0.127233	68960256	0.000000	0.000000	3
116	2026-09-24T20:22:01.455110624Z	116010	mysql.service	1	1.333897	0.666949	1.315292	0.018706	1394642944	35.951337	1394946048	0.000000	2462429.698166	47
117	2026-09-24T20:22:02.455800045Z	117010	isuconquest.go.service	1	1.115631	0.557815	1.115631	0.000000	27131904	0.699411	43528192	0.000000	0.000000	7
117	2026-09-24T20:22:02.455800045Z	117010	nginx.service	1	0.000000	0.000000	0.000000	0.000000	4935680	0.127233	68960256	0.000000	0.000000	3
117	2026-09-24T20:22:02.455800045Z	117010	mysql.service	1	1.281616	0.640808	1.281616	0.000000	1394642944	35.951337	1394946048	0.000000	2460000.021865	47
118	2026-09-24T20:22:03.455504505Z	118010	isuconquest.go.service	1	1.128934	0.564467	1.129034	0.000000	27131904	0.699411	43528192	0.000000	0.000000	7
118	2026-09-24T20:22:03.455504505Z	118010	nginx.service	1	0.000000	0.000000	0.000000	0.000000	4935680	0.127233	68960256	0.000000	0.000000	3
118	2026-09-24T20:22:03.455504505Z	118010	mysql.service	1	1.242867	0.621434	1.242867	0.000000	1394642944	35.951337	1394946048	0.000000	2462423.744714	47
119	2026-09-24T20:22:04.455191407Z	119010	isuconquest.go.service	1	1.020920	0.510460	0.370416	0.650404	27136000	0.699516	43528192	0.000000	0.000000	7
119	2026-09-24T20:22:04.455191407Z	119010	nginx.service	1	0.000000	0.000000	0.000000	0.000000	4935680	0.127233	68960256	0.000000	0.000000	3
119	2026-09-24T20:22:04.455191407Z	119010	mysql.service	1	1.285102	0.642551	1.285002	0.000000	1394642944	35.951337	1394946048	0.000000	2462466.993491	47
120	2026-09-24T20:22:05.455902757Z	120010	isuconquest.go.service	1	1.162173	0.581087	1.056548	0.105725	27131904	0.699411	43528192	0.000000	0.000000	7
120	2026-09-24T20:22:05.455902757Z	120010	nginx.service	1	0.000000	0.000000	0.000000	0.000000	4935680	0.127233	68960256	0.000000	0.000000	3
120	2026-09-24T20:22:05.455902757Z	120010	mysql.service	1	1.282088	0.641044	1.282188	0.000000	1394638848	35.951231	1394946048	0.000000	1936030.806422	47
121	2026-09-24T20:22:06.455021246Z	121010	isuconquest.go.service	1	1.014594	0.507297	0.930821	0.083674	27131904	0.699411	43528192	0.000000	0.000000	7
121	2026-09-24T20:22:06.455021246Z	121010	nginx.service	1	0.000000	0.000000	0.000000	0.000000	4935680	0.127233	68960256	0.000000	0.000000	3
121	2026-09-24T20:22:06.455021246Z	121010	mysql.service	1	1.266917	0.633458	1.266917	0.000000	1394642944	35.951337	1394946048	0.000000	1020803.850844	47
122	2026-09-24T20:22:07.455749324Z	122010	isuconquest.go.service	1	1.032448	0.516224	0.882058	0.150391	27131904	0.699411	43528192	0.000000	0.000000	7
122	2026-09-24T20:22:07.455749324Z	122010	nginx.service	1	0.000000	0.000000	0.000000	0.000000	4935680	0.127233	68960256	0.000000	0.000000	3
122	2026-09-24T20:22:07.455749324Z	122010	mysql.service	1	1.177043	0.588522	1.177043	0.000000	1394642944	35.951337	1394946048	0.000000	822697.009938	47
123	2026-09-24T20:22:08.455133195Z	123010	isuconquest.go.service	1	1.316411	0.658206	1.124693	0.191818	27136000	0.699516	43528192	0.000000	0.000000	7
123	2026-09-24T20:22:08.455133195Z	123010	nginx.service	1	0.000000	0.000000	0.000000	0.000000	4935680	0.127233	68960256	0.000000	0.000000	3
123	2026-09-24T20:22:08.455133195Z	123010	mysql.service	1	1.162116	0.581058	1.162116	0.000000	1394638848	35.951231	1394946048	0.000000	823803.571742	47
124	2026-09-24T20:22:09.455837469Z	124010	isuconquest.go.service	1	1.078540	0.539270	0.607072	0.471368	27131904	0.699411	43528192	0.000000	0.000000	7
124	2026-09-24T20:22:09.455837469Z	124010	nginx.service	1	0.000000	0.000000	0.000000	0.000000	4935680	0.127233	68960256	0.000000	0.000000	3
124	2026-09-24T20:22:09.455837469Z	124010	mysql.service	1	1.154487	0.577243	1.154387	0.000000	1394642944	35.951337	1394946048	0.000000	822716.581280	47
125	2026-09-24T20:22:10.455516722Z	125010	isuconquest.go.service	1	1.082647	0.541324	0.297796	0.784852	27131904	0.699411	43528192	0.000000	0.000000	7
125	2026-09-24T20:22:10.455516722Z	125010	nginx.service	1	0.000000	0.000000	0.000000	0.000000	4935680	0.127233	68960256	0.000000	0.000000	3
125	2026-09-24T20:22:10.455516722Z	125010	mysql.service	1	1.156671	0.578335	1.077246	0.079425	1394642944	35.951337	1394946048	0.000000	823560.155273	47
126	2026-09-24T20:22:11.455222186Z	126010	isuconquest.go.service	1	0.950180	0.475090	0.497647	0.452533	27136000	0.699516	43528192	0.000000	0.000000	7
126	2026-09-24T20:22:11.455222186Z	126010	nginx.service	1	0.000000	0.000000	0.000000	0.000000	4935680	0.127233	68960256	0.000000	0.000000	3
126	2026-09-24T20:22:11.455222186Z	126010	mysql.service	1	1.130933	0.565467	1.131033	0.000000	1394642944	35.951337	1394946048	0.000000	692427.943572	47
127	2026-09-24T20:22:12.455933511Z	127010	isuconquest.go.service	1	1.082030	0.541015	0.986498	0.095532	27131904	0.699411	43528192	0.000000	0.000000	7
127	2026-09-24T20:22:12.455933511Z	127010	nginx.service	1	0.000000	0.000000	0.000000	0.000000	4935680	0.127233	68960256	0.000000	0.000000	3
127	2026-09-24T20:22:12.455933511Z	127010	mysql.service	1	1.076634	0.538317	1.076634	0.000000	1394642944	35.951337	1394946048	0.000000	4093.088525	47
128	2026-09-24T20:22:13.455019888Z	128010	isuconquest.go.service	1	1.288077	0.644038	0.473633	0.814444	27131904	0.699411	43528192	0.000000	0.000000	7
128	2026-09-24T20:22:13.455019888Z	128010	nginx.service	1	0.000000	0.000000	0.000000	0.000000	4935680	0.127233	68960256	0.000000	0.000000	3
128	2026-09-24T20:22:13.455019888Z	128010	mysql.service	1	1.045655	0.522828	1.045655	0.000000	1394642944	35.951337	1394946048	0.000000	0.000000	47
129	2026-09-24T20:22:14.455619932Z	129010	isuconquest.go.service	1	1.021887	0.510943	0.251149	0.770738	27136000	0.699516	43528192	0.000000	0.000000	7
129	2026-09-24T20:22:14.455619932Z	129010	nginx.service	1	0.000000	0.000000	0.000000	0.000000	4935680	0.127233	68960256	0.000000	0.000000	3
129	2026-09-24T20:22:14.455619932Z	129010	mysql.service	1	1.022886	0.511443	1.022786	0.000000	1394642944	35.951337	1394946048	0.000000	0.000000	47
130	2026-09-24T20:22:15.455291107Z	130010	isuconquest.go.service	1	1.082056	0.541028	0.000000	1.082156	27136000	0.699516	43528192	0.000000	0.000000	7
130	2026-09-24T20:22:15.455291107Z	130010	nginx.service	1	0.000000	0.000000	0.000000	0.000000	4935680	0.127233	68960256	0.000000	0.000000	3
130	2026-09-24T20:22:15.455291107Z	130010	mysql.service	1	1.023937	0.511968	1.023937	0.000000	1394642944	35.951337	1394946048	0.000000	0.000000	47
131	2026-09-24T20:22:16.455016963Z	131010	isuconquest.go.service	1	1.156817	0.578409	1.117406	0.039411	27140096	0.699622	43528192	0.000000	0.000000	7
131	2026-09-24T20:22:16.455016963Z	131010	nginx.service	1	0.000000	0.000000	0.000000	0.000000	4935680	0.127233	68960256	0.000000	0.000000	3
131	2026-09-24T20:22:16.455016963Z	131010	mysql.service	1	1.098401	0.549201	1.098401	0.000000	1394642944	35.951337	1394946048	0.000000	0.000000	47
132	2026-09-24T20:22:17.455696416Z	132010	isuconquest.go.service	1	1.025103	0.512552	0.631171	0.393832	27136000	0.699516	43528192	0.000000	0.000000	7
132	2026-09-24T20:22:17.455696416Z	132010	nginx.service	1	0.000000	0.000000	0.000000	0.000000	4935680	0.127233	68960256	0.000000	0.000000	3
132	2026-09-24T20:22:17.455696416Z	132010	mysql.service	1	1.021706	0.510853	1.021806	0.000000	1394638848	35.951231	1394946048	0.000000	0.000000	47
133	2026-09-24T20:22:18.455380071Z	133010	isuconquest.go.service	1	1.283506	0.641753	0.617695	0.665911	27136000	0.699516	43528192	0.000000	0.000000	7
133	2026-09-24T20:22:18.455380071Z	133010	nginx.service	1	0.000000	0.000000	0.000000	0.000000	4935680	0.127233	68960256	0.000000	0.000000	3
133	2026-09-24T20:22:18.455380071Z	133010	mysql.service	1	1.043430	0.521715	1.043330	0.000000	1394642944	35.951337	1394946048	0.000000	0.000000	47
134	2026-09-24T20:22:19.455082837Z	134010	isuconquest.go.service	1	0.970789	0.485394	0.517554	0.453235	27136000	0.699516	43528192	0.000000	0.000000	7
134	2026-09-24T20:22:19.455082837Z	134010	nginx.service	1	0.000000	0.000000	0.000000	0.000000	4935680	0.127233	68960256	0.000000	0.000000	3
134	2026-09-24T20:22:19.455082837Z	134010	mysql.service	1	1.040909	0.520455	1.040909	0.000000	1394642944	35.951337	1394946048	0.000000	0.000000	47
135	2026-09-24T20:22:20.45574968Z	135010	isuconquest.go.service	1	1.035609	0.517805	0.502065	0.533444	27136000	0.699516	43528192	0.000000	0.000000	7
135	2026-09-24T20:22:20.45574968Z	135010	nginx.service	1	0.000000	0.000000	0.000000	0.000000	4935680	0.127233	68960256	0.000000	0.000000	3
135	2026-09-24T20:22:20.45574968Z	135010	mysql.service	1	1.041905	0.520953	1.041905	0.000000	1394642944	35.951337	1394946048	0.000000	0.000000	47
136	2026-09-24T20:22:21.455426087Z	136010	isuconquest.go.service	1	1.086752	0.543376	0.983318	0.103433	27136000	0.699516	43528192	0.000000	0.000000	7
136	2026-09-24T20:22:21.455426087Z	136010	nginx.service	1	0.000000	0.000000	0.000000	0.000000	4935680	0.127233	68960256	0.000000	0.000000	3
136	2026-09-24T20:22:21.455426087Z	136010	mysql.service	1	1.035335	0.517668	1.035335	0.000000	1394642944	35.951337	1394946048	0.000000	0.000000	47
137	2026-09-24T20:22:22.455116801Z	137010	isuconquest.go.service	1	1.281196	0.640598	0.776740	0.504456	27140096	0.699622	43528192	0.000000	0.000000	7
137	2026-09-24T20:22:22.455116801Z	137010	nginx.service	1	0.000000	0.000000	0.000000	0.000000	4935680	0.127233	68960256	0.000000	0.000000	3
137	2026-09-24T20:22:22.455116801Z	137010	mysql.service	1	1.043223	0.521611	1.043323	0.000000	1394638848	35.951231	1394946048	0.000000	0.000000	47
138	2026-09-24T20:22:23.455164972Z	138010	isuconquest.go.service	1	1.193343	0.596671	1.193343	0.000000	27140096	0.699622	43528192	0.000000	0.000000	7
138	2026-09-24T20:22:23.455164972Z	138010	nginx.service	1	0.000000	0.000000	0.000000	0.000000	4935680	0.127233	68960256	0.000000	0.000000	3
138	2026-09-24T20:22:23.455164972Z	138010	mysql.service	1	1.031750	0.515875	1.031750	0.000000	1394642944	35.951337	1394946048	0.000000	0.000000	47
139	2026-09-24T20:22:24.455540789Z	139010	isuconquest.go.service	1	1.179557	0.589778	1.152267	0.027290	27136000	0.699516	43528192	0.000000	0.000000	7
139	2026-09-24T20:22:24.455540789Z	139010	nginx.service	1	0.000000	0.000000	0.000000	0.000000	4935680	0.127233	68960256	0.000000	0.000000	3
139	2026-09-24T20:22:24.455540789Z	139010	mysql.service	1	1.036011	0.518005	1.035911	0.000000	1394642944	35.951337	1394946048	0.000000	0.000000	47
140	2026-09-24T20:22:25.455236853Z	140010	isuconquest.go.service	1	1.114439	0.557219	0.707015	0.407524	27136000	0.699516	43528192	0.000000	0.000000	7
140	2026-09-24T20:22:25.455236853Z	140010	nginx.service	1	0.000000	0.000000	0.000000	0.000000	4935680	0.127233	68960256	0.000000	0.000000	3
140	2026-09-24T20:22:25.455236853Z	140010	mysql.service	1	1.025712	0.512856	1.025812	0.000000	1394642944	35.951337	1394946048	0.000000	0.000000	47
141	2026-09-24T20:22:26.455894674Z	141010	isuconquest.go.service	1	1.101575	0.550788	1.066099	0.035377	27136000	0.699516	43528192	0.000000	0.000000	7
141	2026-09-24T20:22:26.455894674Z	141010	nginx.service	1	0.000000	0.000000	0.000000	0.000000	4935680	0.127233	68960256	0.000000	0.000000	3
141	2026-09-24T20:22:26.455894674Z	141010	mysql.service	1	1.114167	0.557084	1.094680	0.019487	1394642944	35.951337	1394946048	0.000000	0.000000	47
142	2026-09-24T20:22:27.45557766Z	142010	isuconquest.go.service	1	1.171871	0.585936	0.984612	0.187259	27136000	0.699516	43528192	0.000000	0.000000	7
142	2026-09-24T20:22:27.45557766Z	142010	nginx.service	1	0.000000	0.000000	0.000000	0.000000	4935680	0.127233	68960256	0.000000	0.000000	3
142	2026-09-24T20:22:27.45557766Z	142010	mysql.service	1	1.017322	0.508661	0.989814	0.027409	1394642944	35.951337	1394946048	0.000000	0.000000	47
143	2026-09-24T20:22:28.455268073Z	143010	isuconquest.go.service	1	1.060928	0.530464	1.032820	0.028109	27136000	0.699516	43528192	0.000000	0.000000	7
143	2026-09-24T20:22:28.455268073Z	143010	nginx.service	1	0.000000	0.000000	0.000000	0.000000	4935680	0.127233	68960256	0.000000	0.000000	3
143	2026-09-24T20:22:28.455268073Z	143010	mysql.service	1	1.027218	0.513609	1.027318	0.000000	1394642944	35.951337	1394946048	0.000000	0.000000	47
144	2026-09-24T20:22:29.45517919Z	144010	isuconquest.go.service	1	1.210908	0.605454	0.716264	0.494744	27140096	0.699622	43528192	0.000000	0.000000	7
144	2026-09-24T20:22:29.45517919Z	144010	nginx.service	1	0.000000	0.000000	0.000000	0.000000	4935680	0.127233	68960256	0.000000	0.000000	3
144	2026-09-24T20:22:29.45517919Z	144010	mysql.service	1	1.021891	0.510945	1.021891	0.000000	1394642944	35.951337	1394946048	0.000000	0.000000	47
145	2026-09-24T20:22:30.455877285Z	145010	isuconquest.go.service	1	1.157792	0.578896	0.742582	0.415210	27140096	0.699622	43528192	0.000000	0.000000	7
145	2026-09-24T20:22:30.455877285Z	145010	nginx.service	1	0.000000	0.000000	0.000000	0.000000	4935680	0.127233	68960256	0.000000	0.000000	3
145	2026-09-24T20:22:30.455877285Z	145010	mysql.service	1	1.037676	0.518838	0.741283	0.296293	1394642944	35.951337	1394946048	0.000000	0.000000	47
146	2026-09-24T20:22:31.455552268Z	146010	isuconquest.go.service	1	1.134469	0.567234	1.134369	0.000000	27136000	0.699516	43528192	0.000000	0.000000	7
146	2026-09-24T20:22:31.455552268Z	146010	nginx.service	1	0.000000	0.000000	0.000000	0.000000	4935680	0.127233	68960256	0.000000	0.000000	3
146	2026-09-24T20:22:31.455552268Z	146010	mysql.service	1	1.031435	0.515718	1.031535	0.000000	1394642944	35.951337	1394946048	0.000000	0.000000	47
147	2026-09-24T20:22:32.455244629Z	147010	isuconquest.go.service	1	0.967298	0.483649	0.967298	0.000000	27136000	0.699516	43528192	0.000000	0.000000	7
147	2026-09-24T20:22:32.455244629Z	147010	nginx.service	1	0.000000	0.000000	0.000000	0.000000	4935680	0.127233	68960256	0.000000	0.000000	3
147	2026-09-24T20:22:32.455244629Z	147010	mysql.service	1	1.033818	0.516909	1.033818	0.000000	1394642944	35.951337	1394946048	0.000000	0.000000	47
148	2026-09-24T20:22:33.455916993Z	148010	isuconquest.go.service	1	1.126942	0.563471	0.964052	0.162990	27136000	0.699516	43528192	0.000000	0.000000	7
148	2026-09-24T20:22:33.455916993Z	148010	nginx.service	1	0.000000	0.000000	0.000000	0.000000	4935680	0.127233	68960256	0.000000	0.000000	3
148	2026-09-24T20:22:33.455916993Z	148010	mysql.service	1	1.016616	0.508308	1.016517	0.000000	1394642944	35.951337	1394946048	0.000000	0.000000	47
149	2026-09-24T20:22:34.455604269Z	149010	isuconquest.go.service	1	1.102045	0.551022	1.067934	0.034111	27136000	0.699516	43528192	0.000000	0.000000	7
149	2026-09-24T20:22:34.455604269Z	149010	nginx.service	1	0.000000	0.000000	0.000000	0.000000	4935680	0.127233	68960256	0.000000	0.000000	3
149	2026-09-24T20:22:34.455604269Z	149010	mysql.service	1	1.037725	0.518862	1.037825	0.000000	1394642944	35.951337	1394946048	0.000000	0.000000	47
150	2026-09-24T20:22:35.455295022Z	150010	isuconquest.go.service	1	1.138952	0.569476	1.099140	0.039812	27136000	0.699516	43528192	0.000000	0.000000	7
150	2026-09-24T20:22:35.455295022Z	150010	nginx.service	1	0.000000	0.000000	0.000000	0.000000	4935680	0.127233	68960256	0.000000	0.000000	3
150	2026-09-24T20:22:35.455295022Z	150010	mysql.service	1	1.037821	0.518910	1.037721	0.000000	1394642944	35.951337	1394946048	0.000000	0.000000	47
151	2026-09-24T20:22:36.455007942Z	151009	isuconquest.go.service	1	1.196243	0.598122	1.076809	0.119434	27140096	0.699622	43528192	0.000000	0.000000	7
151	2026-09-24T20:22:36.455007942Z	151009	nginx.service	1	0.000000	0.000000	0.000000	0.000000	4935680	0.127233	68960256	0.000000	0.000000	3
151	2026-09-24T20:22:36.455007942Z	151009	mysql.service	1	1.109619	0.554809	0.895157	0.214562	1394642944	35.951337	1394946048	0.000000	0.000000	47
152	2026-09-24T20:22:37.455689323Z	152010	isuconquest.go.service	1	1.098951	0.549476	0.995222	0.103729	27140096	0.699622	43528192	0.000000	0.000000	7
152	2026-09-24T20:22:37.455689323Z	152010	nginx.service	1	0.000000	0.000000	0.000000	0.000000	4935680	0.127233	68960256	0.000000	0.000000	3
152	2026-09-24T20:22:37.455689323Z	152010	mysql.service	1	1.019905	0.509953	1.019905	0.000000	1394642944	35.951337	1394946048	0.000000	0.000000	47
153	2026-09-24T20:22:38.455363842Z	153010	isuconquest.go.service	1	1.101358	0.550679	1.068448	0.032911	27140096	0.699622	43528192	0.000000	0.000000	7
153	2026-09-24T20:22:38.455363842Z	153010	nginx.service	1	0.000000	0.000000	0.000000	0.000000	4935680	0.127233	68960256	0.000000	0.000000	3
153	2026-09-24T20:22:38.455363842Z	153010	mysql.service	1	1.035737	0.517869	1.035737	0.000000	1394642944	35.951337	1394946048	0.000000	0.000000	47
154	2026-09-24T20:22:39.455054672Z	154010	isuconquest.go.service	1	1.099840	0.549920	1.067230	0.032610	27140096	0.699622	43528192	0.000000	0.000000	7
154	2026-09-24T20:22:39.455054672Z	154010	nginx.service	1	0.000000	0.000000	0.000000	0.000000	4935680	0.127233	68960256	0.000000	0.000000	3
154	2026-09-24T20:22:39.455054672Z	154010	mysql.service	1	1.017815	0.508907	1.017815	0.000000	1394642944	35.951337	1394946048	0.000000	0.000000	47
155	2026-09-24T20:22:40.455743233Z	155010	isuconquest.go.service	1	1.302603	0.651302	1.167596	0.135007	27140096	0.699622	43528192	0.000000	0.000000	7
155	2026-09-24T20:22:40.455743233Z	155010	nginx.service	1	0.000000	0.000000	0.000000	0.000000	4935680	0.127233	68960256	0.000000	0.000000	3
155	2026-09-24T20:22:40.455743233Z	155010	mysql.service	1	1.011504	0.505752	1.011504	0.000000	1394642944	35.951337	1394946048	0.000000	0.000000	47
156	2026-09-24T20:22:41.455424015Z	156010	isuconquest.go.service	1	1.055837	0.527919	0.511163	0.544574	27140096	0.699622	43528192	0.000000	0.000000	7
156	2026-09-24T20:22:41.455424015Z	156010	nginx.service	1	0.000000	0.000000	0.000000	0.000000	4935680	0.127233	68960256	0.000000	0.000000	3
156	2026-09-24T20:22:41.455424015Z	156010	mysql.service	1	1.058238	0.529119	1.058138	0.000000	1394642944	35.951337	1394946048	0.000000	0.000000	47
157	2026-09-24T20:22:42.455143538Z	157010	isuconquest.go.service	1	1.102909	0.551455	0.999280	0.103729	27140096	0.699622	43528192	0.000000	0.000000	7
157	2026-09-24T20:22:42.455143538Z	157010	nginx.service	1	0.000000	0.000000	0.000000	0.000000	4931584	0.127127	68960256	0.000000	0.000000	3
157	2026-09-24T20:22:42.455143538Z	157010	mysql.service	1	1.054096	0.527048	1.054196	0.000000	1394642944	35.951337	1394946048	0.000000	0.000000	47
158	2026-09-24T20:22:43.455843181Z	158010	isuconquest.go.service	1	1.060158	0.530079	0.585091	0.475068	27140096	0.699622	43528192	0.000000	0.000000	7
158	2026-09-24T20:22:43.455843181Z	158010	nginx.service	1	0.000000	0.000000	0.000000	0.000000	4931584	0.127127	68960256	0.000000	0.000000	3
158	2026-09-24T20:22:43.455843181Z	158010	mysql.service	1	1.027581	0.513791	1.027581	0.000000	1394642944	35.951337	1394946048	0.000000	0.000000	47
159	2026-09-24T20:22:44.455531274Z	159010	isuconquest.go.service	1	1.211678	0.605839	1.090440	0.121238	27144192	0.699727	43528192	0.000000	0.000000	7
159	2026-09-24T20:22:44.455531274Z	159010	nginx.service	1	0.000000	0.000000	0.000000	0.000000	4931584	0.127127	68960256	0.000000	0.000000	3
159	2026-09-24T20:22:44.455531274Z	159010	mysql.service	1	1.000112	0.500056	0.438637	0.561375	1394642944	35.951337	1394946048	0.000000	0.000000	47
160	2026-09-24T20:22:45.455204468Z	160010	isuconquest.go.service	1	1.290922	0.645461	0.777554	0.513268	27140096	0.699622	43528192	0.000000	0.000000	7
160	2026-09-24T20:22:45.455204468Z	160010	nginx.service	1	0.000000	0.000000	0.000000	0.000000	4931584	0.127127	68960256	0.000000	0.000000	3
160	2026-09-24T20:22:45.455204468Z	160010	mysql.service	1	1.031937	0.515969	0.792659	0.239378	1394642944	35.951337	1394946048	0.000000	0.000000	47
161	2026-09-24T20:22:46.455542506Z	161010	isuconquest.go.service	1	0.950979	0.475489	0.492134	0.458945	27144192	0.699727	43528192	0.000000	0.000000	7
161	2026-09-24T20:22:46.455542506Z	161010	nginx.service	1	0.000000	0.000000	0.000000	0.000000	4931584	0.127127	68960256	0.000000	0.000000	3
161	2026-09-24T20:22:46.455542506Z	161010	mysql.service	1	1.100328	0.550164	0.808627	0.291701	1394642944	35.951337	1394946048	0.000000	0.000000	47
162	2026-09-24T20:22:47.455200114Z	162010	isuconquest.go.service	1	1.096275	0.548138	0.613410	0.482865	27140096	0.699622	43528192	0.000000	0.000000	7
162	2026-09-24T20:22:47.455200114Z	162010	nginx.service	1	0.000000	0.000000	0.000000	0.000000	4931584	0.127127	68960256	0.000000	0.000000	3
162	2026-09-24T20:22:47.455200114Z	162010	mysql.service	1	1.009746	0.504873	0.983037	0.026709	1394642944	35.951337	1394946048	0.000000	0.000000	47
163	2026-09-24T20:22:48.455882774Z	163010	isuconquest.go.service	1	1.105445	0.552723	0.694526	0.410919	27144192	0.699727	43528192	0.000000	0.000000	7
163	2026-09-24T20:22:48.455882774Z	163010	nginx.service	1	0.000000	0.000000	0.000000	0.000000	4931584	0.127127	68960256	0.000000	0.000000	3
163	2026-09-24T20:22:48.455882774Z	163010	mysql.service	1	1.027099	0.513549	1.027099	0.000000	1394638848	35.951231	1394946048	0.000000	0.000000	47
164	2026-09-24T20:22:49.455581876Z	164010	isuconquest.go.service	1	1.107833	0.553917	1.074623	0.033210	27144192	0.699727	43528192	0.000000	0.000000	7
164	2026-09-24T20:22:49.455581876Z	164010	nginx.service	1	0.000000	0.000000	0.000000	0.000000	4931584	0.127127	68960256	0.000000	0.000000	3
164	2026-09-24T20:22:49.455581876Z	164010	mysql.service	1	1.020707	0.510354	1.020607	0.000000	1394642944	35.951337	1394946048	0.000000	0.000000	47
165	2026-09-24T20:22:50.455279356Z	165010	isuconquest.go.service	1	0.967093	0.483546	0.956789	0.010303	27144192	0.699727	43528192	0.000000	0.000000	7
165	2026-09-24T20:22:50.455279356Z	165010	nginx.service	1	0.000000	0.000000	0.000000	0.000000	4931584	0.127127	68960256	0.000000	0.000000	3
165	2026-09-24T20:22:50.455279356Z	165010	mysql.service	1	1.036514	0.518257	1.036614	0.000000	1394642944	35.951337	1394946048	0.000000	0.000000	47
166	2026-09-24T20:22:51.454976522Z	166009	isuconquest.go.service	1	1.005605	0.502802	0.610585	0.395020	27140096	0.699622	43528192	0.000000	0.000000	7
166	2026-09-24T20:22:51.454976522Z	166009	nginx.service	1	0.000000	0.000000	0.000000	0.000000	4931584	0.127127	68960256	0.000000	0.000000	3
166	2026-09-24T20:22:51.454976522Z	166009	mysql.service	1	0.993901	0.496950	0.993901	0.000000	1394642944	35.951337	1394946048	0.000000	0.000000	47
167	2026-09-24T20:22:52.455734623Z	167010	isuconquest.go.service	1	1.042809	0.521405	0.568369	0.474440	27140096	0.699622	43528192	0.000000	0.000000	7
167	2026-09-24T20:22:52.455734623Z	167010	nginx.service	1	0.000000	0.000000	0.000000	0.000000	4931584	0.127127	68960256	0.000000	0.000000	3
167	2026-09-24T20:22:52.455734623Z	167010	mysql.service	1	1.038912	0.519456	0.866043	0.172869	1394642944	35.951337	1394946048	0.000000	0.000000	47
168	2026-09-24T20:22:53.455724885Z	168010	isuconquest.go.service	1	1.100211	0.550105	0.164802	0.935309	27144192	0.699727	43528192	0.000000	0.000000	7
168	2026-09-24T20:22:53.455724885Z	168010	nginx.service	1	0.000000	0.000000	0.000000	0.000000	4931584	0.127127	68960256	0.000000	0.000000	3
168	2026-09-24T20:22:53.455724885Z	168010	mysql.service	1	1.020810	0.510405	1.020810	0.000000	1394642944	35.951337	1394946048	0.000000	0.000000	47
169	2026-09-24T20:22:54.455395694Z	169010	isuconquest.go.service	1	1.294626	0.647313	1.155580	0.139146	27140096	0.699622	43528192	0.000000	0.000000	7
169	2026-09-24T20:22:54.455395694Z	169010	nginx.service	1	0.000000	0.000000	0.000000	0.000000	4931584	0.127127	68960256	0.000000	0.000000	3
169	2026-09-24T20:22:54.455395694Z	169010	mysql.service	1	1.021736	0.510868	1.021736	0.000000	1394642944	35.951337	1394946048	0.000000	0.000000	47
170	2026-09-24T20:22:55.455068438Z	170010	isuconquest.go.service	1	1.107062	0.553531	1.107062	0.000000	27144192	0.699727	43528192	0.000000	0.000000	7
170	2026-09-24T20:22:55.455068438Z	170010	nginx.service	1	0.000000	0.000000	0.000000	0.000000	4931584	0.127127	68960256	0.000000	0.000000	3
170	2026-09-24T20:22:55.455068438Z	170010	mysql.service	1	1.023535	0.511767	1.023535	0.000000	1394642944	35.951337	1394946048	0.000000	0.000000	47
171	2026-09-24T20:22:56.455751514Z	171010	isuconquest.go.service	1	1.037891	0.518946	1.037891	0.000000	27144192	0.699727	43528192	0.000000	0.000000	7
171	2026-09-24T20:22:56.455751514Z	171010	nginx.service	1	0.000000	0.000000	0.000000	0.000000	4931584	0.127127	68960256	0.000000	0.000000	3
171	2026-09-24T20:22:56.455751514Z	171010	mysql.service	1	1.091255	0.545627	1.091155	0.000000	1394642944	35.951337	1394946048	0.000000	0.000000	47
172	2026-09-24T20:22:57.455418992Z	172010	isuconquest.go.service	1	1.103267	0.551633	1.089762	0.013404	27144192	0.699727	43528192	0.000000	0.000000	7
172	2026-09-24T20:22:57.455418992Z	172010	nginx.service	1	0.000000	0.000000	0.000000	0.000000	4931584	0.127127	68960256	0.000000	0.000000	3
172	2026-09-24T20:22:57.455418992Z	172010	mysql.service	1	1.030143	0.515071	1.030243	0.000000	1394642944	35.951337	1394946048	0.000000	0.000000	47
173	2026-09-24T20:22:58.455108241Z	173010	isuconquest.go.service	1	1.114146	0.557073	0.248777	0.865369	27144192	0.699727	43528192	0.000000	0.000000	7
173	2026-09-24T20:22:58.455108241Z	173010	nginx.service	1	0.000000	0.000000	0.000000	0.000000	4931584	0.127127	68960256	0.000000	0.000000	3
173	2026-09-24T20:22:58.455108241Z	173010	mysql.service	1	1.037522	0.518761	0.870370	0.167152	1394642944	35.951337	1394946048	0.000000	0.000000	47
174	2026-09-24T20:22:59.455786997Z	174010	isuconquest.go.service	1	1.149820	0.574910	0.732003	0.417816	27144192	0.699727	43528192	0.000000	0.000000	7
174	2026-09-24T20:22:59.455786997Z	174010	nginx.service	1	0.000000	0.000000	0.000000	0.000000	4931584	0.127127	68960256	0.000000	0.000000	3
174	2026-09-24T20:22:59.455786997Z	174010	mysql.service	1	1.024605	0.512302	1.024605	0.000000	1394642944	35.951337	1394946048	0.000000	0.000000	47
175	2026-09-24T20:23:00.455487881Z	175010	isuconquest.go.service	1	0.994097	0.497049	0.904270	0.089827	27144192	0.699727	43528192	0.000000	0.000000	7
175	2026-09-24T20:23:00.455487881Z	175010	nginx.service	1	0.000000	0.000000	0.000000	0.000000	4931584	0.127127	68960256	0.000000	0.000000	3
175	2026-09-24T20:23:00.455487881Z	175010	mysql.service	1	1.037610	0.518805	1.037510	0.000000	1394642944	35.951337	1394946048	0.000000	0.000000	47
176	2026-09-24T20:23:01.455141777Z	176010	isuconquest.go.service	1	1.038159	0.519080	1.016352	0.021908	27144192	0.699727	43528192	0.000000	0.000000	7
176	2026-09-24T20:23:01.455141777Z	176010	nginx.service	1	0.000000	0.000000	0.000000	0.000000	4931584	0.127127	68960256	0.000000	0.000000	3
176	2026-09-24T20:23:01.455141777Z	176010	mysql.service	1	1.015251	0.507626	1.015351	0.000000	1394642944	35.951337	1394946048	0.000000	0.000000	47
177	2026-09-24T20:23:02.455845278Z	177010	isuconquest.go.service	1	1.107421	0.553710	0.999197	0.108124	27144192	0.699727	43528192	0.000000	0.000000	7
177	2026-09-24T20:23:02.455845278Z	177010	nginx.service	1	0.000000	0.000000	0.000000	0.000000	4931584	0.127127	68960256	0.000000	0.000000	3
177	2026-09-24T20:23:02.455845278Z	177010	mysql.service	1	1.074444	0.537222	1.010389	0.063955	1394642944	35.951337	1394946048	0.000000	0.000000	47
178	2026-09-24T20:23:03.455020843Z	178010	isuconquest.go.service	1	1.217704	0.608852	0.787549	0.430255	27144192	0.699727	43528192	0.000000	0.000000	7
178	2026-09-24T20:23:03.455020843Z	178010	nginx.service	1	0.000000	0.000000	0.000000	0.000000	4931584	0.127127	68960256	0.000000	0.000000	3
178	2026-09-24T20:23:03.455020843Z	178010	mysql.service	1	1.056071	0.528035	1.056171	0.000000	1394642944	35.951337	1394946048	0.000000	0.000000	47
179	2026-09-24T20:23:04.455729331Z	179010	isuconquest.go.service	1	0.944031	0.472016	0.862689	0.081242	27144192	0.699727	43528192	0.000000	0.000000	7
179	2026-09-24T20:23:04.455729331Z	179010	nginx.service	1	0.000000	0.000000	0.000000	0.000000	4931584	0.127127	68960256	0.000000	0.000000	3
179	2026-09-24T20:23:04.455729331Z	179010	mysql.service	1	1.026872	0.513436	1.026872	0.000000	1394642944	35.951337	1394946048	0.000000	0.000000	47
180	2026-09-24T20:23:05.455753144Z	180010	isuconquest.go.service	1	0.983577	0.491788	0.667784	0.315892	27144192	0.699727	43528192	0.000000	0.000000	7
180	2026-09-24T20:23:05.455753144Z	180010	nginx.service	1	0.000000	0.000000	0.000000	0.000000	4931584	0.127127	68960256	0.000000	0.000000	3
180	2026-09-24T20:23:05.455753144Z	180010	mysql.service	1	1.075974	0.537987	1.075874	0.000000	1394642944	35.951337	1394946048	0.000000	0.000000	47
181	2026-09-24T20:23:06.455382154Z	181010	isuconquest.go.service	1	0.937348	0.468674	0.554406	0.382942	27144192	0.699727	43528192	0.000000	0.000000	7
181	2026-09-24T20:23:06.455382154Z	181010	nginx.service	1	0.000000	0.000000	0.000000	0.000000	4931584	0.127127	68960256	0.000000	0.000000	3
181	2026-09-24T20:23:06.455382154Z	181010	mysql.service	1	1.051790	0.525895	1.051790	0.000000	1394642944	35.951337	1394946048	0.000000	0.000000	47
182	2026-09-24T20:23:07.455053495Z	182010	isuconquest.go.service	1	1.116667	0.558334	0.628507	0.488161	27144192	0.699727	43528192	0.000000	0.000000	7
182	2026-09-24T20:23:07.455053495Z	182010	nginx.service	1	0.000000	0.000000	0.000000	0.000000	4931584	0.127127	68960256	0.000000	0.000000	3
182	2026-09-24T20:23:07.455053495Z	182010	mysql.service	1	0.852580	0.426290	0.852580	0.000000	1394642944	35.951337	1394946048	0.000000	0.000000	47
183	2026-09-24T20:23:08.455733781Z	183010	isuconquest.go.service	1	1.245852	0.622926	0.811948	0.433805	27144192	0.699727	43528192	0.000000	0.000000	7
183	2026-09-24T20:23:08.455733781Z	183010	nginx.service	1	0.000000	0.000000	0.000000	0.000000	4931584	0.127127	68960256	0.000000	0.000000	3
183	2026-09-24T20:23:08.455733781Z	183010	mysql.service	1	0.977135	0.488568	0.977135	0.000000	1394642944	35.951337	1394946048	0.000000	0.000000	47
184	2026-09-24T20:23:09.455019466Z	184010	isuconquest.go.service	1	1.055254	0.527627	0.576912	0.478342	27148288	0.699833	43528192	0.000000	0.000000	7
184	2026-09-24T20:23:09.455019466Z	184010	nginx.service	1	0.000000	0.000000	0.000000	0.000000	4931584	0.127127	68960256	0.000000	0.000000	3
184	2026-09-24T20:23:09.455019466Z	184010	mysql.service	1	0.893438	0.446719	0.776054	0.117384	1394642944	35.951337	1394946048	0.000000	0.000000	47
185	2026-09-24T20:23:10.455700872Z	185010	isuconquest.go.service	1	1.047786	0.523893	0.870907	0.176879	27148288	0.699833	43528192	0.000000	0.000000	7
185	2026-09-24T20:23:10.455700872Z	185010	nginx.service	1	0.000000	0.000000	0.000000	0.000000	4931584	0.127127	68960256	0.000000	0.000000	3
185	2026-09-24T20:23:10.455700872Z	185010	mysql.service	1	0.897489	0.448744	0.839228	0.058260	1394642944	35.951337	1394946048	0.000000	0.000000	47
186	2026-09-24T20:23:11.455382987Z	186010	isuconquest.go.service	1	1.108953	0.554476	0.697622	0.411331	27148288	0.699833	43528192	0.000000	0.000000	7
186	2026-09-24T20:23:11.455382987Z	186010	nginx.service	1	0.000000	0.000000	0.000000	0.000000	4931584	0.127127	68960256	0.000000	0.000000	3
186	2026-09-24T20:23:11.455382987Z	186010	mysql.service	1	1.003419	0.501709	1.003419	0.000000	1394642944	35.951337	1394946048	0.000000	0.000000	47
187	2026-09-24T20:23:12.455054359Z	187010	isuconquest.go.service	1	1.245009	0.622505	1.111165	0.133844	27148288	0.699833	43528192	0.000000	0.000000	7
187	2026-09-24T20:23:12.455054359Z	187010	nginx.service	1	0.000000	0.000000	0.000000	0.000000	4931584	0.127127	68960256	0.000000	0.000000	3
187	2026-09-24T20:23:12.455054359Z	187010	mysql.service	1	0.972420	0.486210	0.972420	0.000000	1394642944	35.951337	1394946048	0.000000	0.000000	47
188	2026-09-24T20:23:13.455357285Z	188010	isuconquest.go.service	1	1.168746	0.584373	0.971006	0.197840	27148288	0.699833	43528192	0.000000	0.000000	7
188	2026-09-24T20:23:13.455357285Z	188010	nginx.service	1	0.000000	0.000000	0.000000	0.000000	4931584	0.127127	68960256	0.000000	0.000000	3
188	2026-09-24T20:23:13.455357285Z	188010	mysql.service	1	0.923520	0.461760	0.923620	0.000000	1394642944	35.951337	1394946048	0.000000	0.000000	47
189	2026-09-24T20:23:14.455018424Z	189010	isuconquest.go.service	1	1.122580	0.561290	1.087168	0.035412	27148288	0.699833	43528192	0.000000	0.000000	7
189	2026-09-24T20:23:14.455018424Z	189010	nginx.service	1	0.000000	0.000000	0.000000	0.000000	4931584	0.127127	68960256	0.000000	0.000000	3
189	2026-09-24T20:23:14.455018424Z	189010	mysql.service	1	0.901105	0.450553	0.698637	0.202469	1394642944	35.951337	1394946048	0.000000	0.000000	47
190	2026-09-24T20:23:15.455698231Z	190010	isuconquest.go.service	1	1.113443	0.556722	0.925471	0.187972	27152384	0.699939	43528192	0.000000	0.000000	7
190	2026-09-24T20:23:15.455698231Z	190010	nginx.service	1	0.000000	0.000000	0.000000	0.000000	4931584	0.127127	68960256	0.000000	0.000000	3
190	2026-09-24T20:23:15.455698231Z	190010	mysql.service	1	0.880801	0.440401	0.880701	0.000000	1394642944	35.951337	1394946048	0.000000	0.000000	47
191	2026-09-24T20:23:16.455353911Z	191010	isuconquest.go.service	1	1.066267	0.533134	0.504874	0.561293	27152384	0.699939	43528192	0.000000	0.000000	7
191	2026-09-24T20:23:16.455353911Z	191010	nginx.service	1	0.000000	0.000000	0.000000	0.000000	4931584	0.127127	68960256	0.000000	0.000000	3
191	2026-09-24T20:23:16.455353911Z	191010	mysql.service	1	0.979537	0.489769	0.689037	0.290500	1394642944	35.951337	1394946048	0.000000	0.000000	47
192	2026-09-24T20:23:17.455018465Z	192010	isuconquest.go.service	1	1.275428	0.637714	0.833980	0.441548	27148288	0.699833	43528192	0.000000	0.000000	7
192	2026-09-24T20:23:17.455018465Z	192010	nginx.service	1	0.000000	0.000000	0.000000	0.000000	4931584	0.127127	68960256	0.000000	0.000000	3
192	2026-09-24T20:23:17.455018465Z	192010	mysql.service	1	0.790765	0.395383	0.790765	0.000000	1394642944	35.951337	1394946048	0.000000	0.000000	47
193	2026-09-24T20:23:18.455679636Z	193010	isuconquest.go.service	1	1.001438	0.500719	0.528650	0.472787	27148288	0.699833	43528192	0.000000	0.000000	7
193	2026-09-24T20:23:18.455679636Z	193010	nginx.service	1	0.000000	0.000000	0.000000	0.000000	4931584	0.127127	68960256	0.000000	0.000000	3
193	2026-09-24T20:23:18.455679636Z	193010	mysql.service	1	0.856933	0.428467	0.856933	0.000000	1394642944	35.951337	1394946048	0.000000	0.000000	47
194	2026-09-24T20:23:19.455372969Z	194010	isuconquest.go.service	1	0.981701	0.490851	0.892374	0.089327	27152384	0.699939	43528192	0.000000	0.000000	7
194	2026-09-24T20:23:19.455372969Z	194010	nginx.service	1	0.000000	0.000000	0.000000	0.000000	4931584	0.127127	68960256	0.000000	0.000000	3
194	2026-09-24T20:23:19.455372969Z	194010	mysql.service	1	0.934587	0.467293	0.934587	0.000000	1394642944	35.951337	1394946048	0.000000	0.000000	47
195	2026-09-24T20:23:20.455055553Z	195010	isuconquest.go.service	1	1.085545	0.542772	0.518465	0.566980	27152384	0.699939	43528192	0.000000	0.000000	7
195	2026-09-24T20:23:20.455055553Z	195010	nginx.service	1	0.000000	0.000000	0.000000	0.000000	4931584	0.127127	68960256	0.000000	0.000000	3
195	2026-09-24T20:23:20.455055553Z	195010	mysql.service	1	0.940499	0.470249	0.940499	0.000000	1394642944	35.951337	1394946048	0.000000	0.000000	47
196	2026-09-24T20:23:21.455763953Z	196010	isuconquest.go.service	1	1.164875	0.582437	0.900262	0.264613	27148288	0.699833	43528192	0.000000	0.000000	7
196	2026-09-24T20:23:21.455763953Z	196010	nginx.service	1	0.000000	0.000000	0.000000	0.000000	4931584	0.127127	68960256	0.000000	0.000000	3
196	2026-09-24T20:23:21.455763953Z	196010	mysql.service	1	0.789940	0.394970	0.789940	0.000000	1394642944	35.951337	1394946048	0.000000	0.000000	47
197	2026-09-24T20:23:22.455432479Z	197010	isuconquest.go.service	1	1.103966	0.551983	1.103966	0.000000	27152384	0.699939	43528192	0.000000	0.000000	7
197	2026-09-24T20:23:22.455432479Z	197010	nginx.service	1	0.000000	0.000000	0.000000	0.000000	4931584	0.127127	68960256	0.000000	0.000000	3
197	2026-09-24T20:23:22.455432479Z	197010	mysql.service	1	0.858285	0.429142	0.858285	0.000000	1394642944	35.951337	1394946048	0.000000	0.000000	47
198	2026-09-24T20:23:23.455017291Z	198010	isuconquest.go.service	1	1.085651	0.542825	1.024625	0.061025	27152384	0.699939	43528192	0.000000	0.000000	7
198	2026-09-24T20:23:23.455017291Z	198010	nginx.service	1	0.000000	0.000000	0.000000	0.000000	4931584	0.127127	68960256	0.000000	0.000000	3
198	2026-09-24T20:23:23.455017291Z	198010	mysql.service	1	0.866660	0.433330	0.866660	0.000000	1394642944	35.951337	1394946048	0.000000	0.000000	47
199	2026-09-24T20:23:24.455017678Z	199010	isuconquest.go.service	1	1.090000	0.545000	0.221700	0.868400	27148288	0.699833	43528192	0.000000	0.000000	7
199	2026-09-24T20:23:24.455017678Z	199010	nginx.service	1	0.000000	0.000000	0.000000	0.000000	4931584	0.127127	68960256	0.000000	0.000000	3
199	2026-09-24T20:23:24.455017678Z	199010	mysql.service	1	0.806000	0.403000	0.806000	0.000000	1394642944	35.951337	1394946048	0.000000	0.000000	47
200	2026-09-24T20:23:25.455705086Z	200010	isuconquest.go.service	1	1.062170	0.531085	0.957842	0.104328	27152384	0.699939	43528192	0.000000	0.000000	7
200	2026-09-24T20:23:25.455705086Z	200010	nginx.service	1	0.000000	0.000000	0.000000	0.000000	4931584	0.127127	68960256	0.000000	0.000000	3
200	2026-09-24T20:23:25.455705086Z	200010	mysql.service	1	0.861408	0.430704	0.861408	0.000000	1394642944	35.951337	1394946048	0.000000	0.000000	47
201	2026-09-24T20:23:26.455364512Z	201010	isuconquest.go.service	1	1.179502	0.589751	0.754057	0.425345	27148288	0.699833	43528192	0.000000	0.000000	7
201	2026-09-24T20:23:26.455364512Z	201010	nginx.service	1	0.000000	0.000000	0.000000	0.000000	4931584	0.127127	68960256	0.000000	0.000000	3
201	2026-09-24T20:23:26.455364512Z	201010	mysql.service	1	0.963128	0.481564	0.708341	0.254887	1394642944	35.951337	1394946048	0.000000	0.000000	47
202	2026-09-24T20:23:27.455020888Z	202010	isuconquest.go.service	1	1.125987	0.562993	0.171159	0.954928	27148288	0.699833	43528192	0.000000	0.000000	7
202	2026-09-24T20:23:27.455020888Z	202010	nginx.service	1	0.000000	0.000000	0.000000	0.000000	4931584	0.127127	68960256	0.000000	0.000000	3
202	2026-09-24T20:23:27.455020888Z	202010	mysql.service	1	0.994342	0.497171	0.994342	0.000000	1394638848	35.951231	1394946048	0.000000	0.000000	47
203	2026-09-24T20:23:28.455630359Z	203010	isuconquest.go.service	1	1.023676	0.511838	1.023676	0.000000	27148288	0.699833	43528192	0.000000	0.000000	7
203	2026-09-24T20:23:28.455630359Z	203010	nginx.service	1	0.000000	0.000000	0.000000	0.000000	4931584	0.127127	68960256	0.000000	0.000000	3
203	2026-09-24T20:23:28.455630359Z	203010	mysql.service	1	1.047161	0.523581	0.441631	0.605431	1394642944	35.951337	1394946048	0.000000	0.000000	47
204	2026-09-24T20:23:29.455256008Z	204010	isuconquest.go.service	1	1.121120	0.560560	0.228786	0.892234	27152384	0.699939	43528192	0.000000	0.000000	7
204	2026-09-24T20:23:29.455256008Z	204010	nginx.service	1	0.000000	0.000000	0.000000	0.000000	4931584	0.127127	68960256	0.000000	0.000000	3
204	2026-09-24T20:23:29.455256008Z	204010	mysql.service	1	1.061598	0.530799	0.730874	0.330724	1394642944	35.951337	1394946048	0.000000	0.000000	47
205	2026-09-24T20:23:30.45587833Z	205010	isuconquest.go.service	1	1.151683	0.575842	0.651295	0.500389	27148288	0.699833	43528192	0.000000	0.000000	7
205	2026-09-24T20:23:30.45587833Z	205010	nginx.service	1	0.000000	0.000000	0.000000	0.000000	4931584	0.127127	68960256	0.000000	0.000000	3
205	2026-09-24T20:23:30.45587833Z	205010	mysql.service	1	1.047148	0.523574	1.047148	0.000000	1394642944	35.951337	1394946048	0.000000	0.000000	47
206	2026-09-24T20:23:31.45553324Z	206010	isuconquest.go.service	1	1.165602	0.582801	0.959031	0.206671	27279360	0.703212	43528192	0.000000	0.000000	7
206	2026-09-24T20:23:31.45553324Z	206010	nginx.service	1	0.000000	0.000000	0.000000	0.000000	4931584	0.127127	68960256	0.000000	0.000000	3
206	2026-09-24T20:23:31.45553324Z	206010	mysql.service	1	1.061166	0.530583	1.061166	0.000000	1394642944	35.951337	1394946048	0.000000	0.000000	47
207	2026-09-24T20:23:32.455149301Z	207010	isuconquest.go.service	1	1.035498	0.517749	0.554313	0.481185	27279360	0.703212	43528192	0.000000	0.000000	7
207	2026-09-24T20:23:32.455149301Z	207010	nginx.service	1	0.000000	0.000000	0.000000	0.000000	4931584	0.127127	68960256	0.000000	0.000000	3
207	2026-09-24T20:23:32.455149301Z	207010	mysql.service	1	1.060507	0.530254	1.060507	0.000000	1394642944	35.951337	1394946048	0.000000	0.000000	47
208	2026-09-24T20:23:33.455796895Z	208010	isuconquest.go.service	1	1.188930	0.594465	1.141361	0.047569	27279360	0.703212	43528192	0.000000	0.000000	7
208	2026-09-24T20:23:33.455796895Z	208010	nginx.service	1	0.000000	0.000000	0.000000	0.000000	4931584	0.127127	68960256	0.000000	0.000000	3
208	2026-09-24T20:23:33.455796895Z	208010	mysql.service	1	1.058215	0.529107	1.058215	0.000000	1394642944	35.951337	1394946048	0.000000	0.000000	47
209	2026-09-24T20:23:34.455412567Z	209010	isuconquest.go.service	1	1.127533	0.563767	0.250696	0.876737	27152384	0.699939	43528192	0.000000	0.000000	7
209	2026-09-24T20:23:34.455412567Z	209010	nginx.service	1	0.000000	0.000000	0.000000	0.000000	4931584	0.127127	68960256	0.000000	0.000000	3
209	2026-09-24T20:23:34.455412567Z	209010	mysql.service	1	1.055606	0.527803	1.055706	0.000000	1394638848	35.951231	1394946048	0.000000	0.000000	47
210	2026-09-24T20:23:35.4559488Z	210010	isuconquest.go.service	1	1.115302	0.557651	0.408381	0.706921	27156480	0.700044	43528192	0.000000	0.000000	7
210	2026-09-24T20:23:35.4559488Z	210010	nginx.service	1	0.000000	0.000000	0.000000	0.000000	4931584	0.127127	68960256	0.000000	0.000000	3
210	2026-09-24T20:23:35.4559488Z	210010	mysql.service	1	1.067827	0.533914	0.923805	0.144023	1394642944	35.951337	1394946048	0.000000	0.000000	47
211	2026-09-24T20:23:36.455019185Z	211010	isuconquest.go.service	1	1.094818	0.547409	0.980411	0.114506	27152384	0.699939	43528192	0.000000	0.000000	7
211	2026-09-24T20:23:36.455019185Z	211010	nginx.service	1	0.000000	0.000000	0.000000	0.000000	4931584	0.127127	68960256	0.000000	0.000000	3
211	2026-09-24T20:23:36.455019185Z	211010	mysql.service	1	1.145765	0.572883	1.145765	0.000000	1394642944	35.951337	1394946048	0.000000	0.000000	47
212	2026-09-24T20:23:37.455648957Z	212010	isuconquest.go.service	1	1.037646	0.518823	1.016460	0.021087	27283456	0.703317	43528192	0.000000	0.000000	7
212	2026-09-24T20:23:37.455648957Z	212010	nginx.service	1	0.000000	0.000000	0.000000	0.000000	4931584	0.127127	68960256	0.000000	0.000000	3
212	2026-09-24T20:23:37.455648957Z	212010	mysql.service	1	1.058034	0.529017	1.057934	0.000000	1394642944	35.951337	1394946048	0.000000	0.000000	47
213	2026-09-24T20:23:38.455260847Z	213010	isuconquest.go.service	1	1.036903	0.518451	0.638548	0.398455	27156480	0.700044	43528192	0.000000	0.000000	7
213	2026-09-24T20:23:38.455260847Z	213010	nginx.service	1	0.000000	0.000000	0.000000	0.000000	4931584	0.127127	68960256	0.000000	0.000000	3
213	2026-09-24T20:23:38.455260847Z	213010	mysql.service	1	1.025298	0.512649	1.025398	0.000000	1394642944	35.951337	1394946048	0.000000	0.000000	47
214	2026-09-24T20:23:39.455881468Z	214010	isuconquest.go.service	1	1.064040	0.532020	0.872059	0.191881	27287552	0.703423	43528192	0.000000	0.000000	7
214	2026-09-24T20:23:39.455881468Z	214010	nginx.service	1	0.000000	0.000000	0.000000	0.000000	4931584	0.127127	68960256	0.000000	0.000000	3
214	2026-09-24T20:23:39.455881468Z	214010	mysql.service	1	0.898442	0.449221	0.831584	0.066759	1394642944	35.951337	1394946048	0.000000	0.000000	47
215	2026-09-24T20:23:40.455488221Z	215010	isuconquest.go.service	1	1.143850	0.571925	0.432270	0.711580	27152384	0.699939	43528192	0.000000	0.000000	7
215	2026-09-24T20:23:40.455488221Z	215010	nginx.service	1	0.000000	0.000000	0.000000	0.000000	4931584	0.127127	68960256	0.000000	0.000000	3
215	2026-09-24T20:23:40.455488221Z	215010	mysql.service	1	0.793212	0.396606	0.703177	0.090135	1394642944	35.951337	1394946048	0.000000	0.000000	47
216	2026-09-24T20:23:41.455110932Z	216010	isuconquest.go.service	1	1.122223	0.561112	0.709168	0.413156	27283456	0.703317	43528192	0.000000	0.000000	7
216	2026-09-24T20:23:41.455110932Z	216010	nginx.service	1	0.000000	0.000000	0.000000	0.000000	4931584	0.127127	68960256	0.000000	0.000000	3
216	2026-09-24T20:23:41.455110932Z	216010	mysql.service	1	0.937554	0.468777	0.325723	0.611831	1394642944	35.951337	1394946048	0.000000	0.000000	47
217	2026-09-24T20:23:42.455717719Z	217010	isuconquest.go.service	1	1.023379	0.511690	0.712468	0.310911	27152384	0.699939	43528192	0.000000	0.000000	7
217	2026-09-24T20:23:42.455717719Z	217010	nginx.service	1	0.000000	0.000000	0.000000	0.000000	4931584	0.127127	68960256	0.000000	0.000000	3
217	2026-09-24T20:23:42.455717719Z	217010	mysql.service	1	0.941629	0.470814	0.921841	0.019788	1394642944	35.951337	1394946048	0.000000	0.000000	47
218	2026-09-24T20:23:43.455345529Z	218010	isuconquest.go.service	1	1.008976	0.504488	0.158759	0.850216	27283456	0.703317	43528192	0.000000	0.000000	7
218	2026-09-24T20:23:43.455345529Z	218010	nginx.service	1	0.000000	0.000000	0.000000	0.000000	4931584	0.127127	68960256	0.000000	0.000000	3
218	2026-09-24T20:23:43.455345529Z	218010	mysql.service	1	0.889031	0.444515	0.622132	0.266899	1394642944	35.951337	1394946048	0.000000	0.000000	47
219	2026-09-24T20:23:44.455428667Z	219010	isuconquest.go.service	1	1.233697	0.616849	1.006716	0.226981	27283456	0.703317	43528192	0.000000	0.000000	7
219	2026-09-24T20:23:44.455428667Z	219010	nginx.service	1	0.000000	0.000000	0.000000	0.000000	4931584	0.127127	68960256	0.000000	0.000000	3
219	2026-09-24T20:23:44.455428667Z	219010	mysql.service	1	0.854929	0.427464	0.757637	0.097292	1394642944	35.951337	1394946048	0.000000	0.000000	47
220	2026-09-24T20:23:45.455017539Z	220010	isuconquest.go.service	1	1.168080	0.584040	0.577137	0.590843	27152384	0.699939	43528192	0.000000	0.000000	7
220	2026-09-24T20:23:45.455017539Z	220010	nginx.service	1	0.000000	0.000000	0.000000	0.000000	4931584	0.127127	68960256	0.000000	0.000000	3
220	2026-09-24T20:23:45.455017539Z	220010	mysql.service	1	0.783222	0.391611	0.693985	0.089137	1394642944	35.951337	1394946048	0.000000	0.000000	47
221	2026-09-24T20:23:46.455603791Z	221010	isuconquest.go.service	1	1.110649	0.555324	0.870690	0.240059	27156480	0.700044	43528192	0.000000	0.000000	7
221	2026-09-24T20:23:46.455603791Z	221010	nginx.service	1	0.000000	0.000000	0.000000	0.000000	4931584	0.127127	68960256	0.000000	0.000000	3
221	2026-09-24T20:23:46.455603791Z	221010	mysql.service	1	0.849502	0.424751	0.796633	0.052869	1394642944	35.951337	1394946048	0.000000	0.000000	47
222	2026-09-24T20:23:47.455203883Z	222010	isuconquest.go.service	1	1.071128	0.535564	0.958083	0.113045	27156480	0.700044	43528192	0.000000	0.000000	7
222	2026-09-24T20:23:47.455203883Z	222010	nginx.service	1	0.000000	0.000000	0.000000	0.000000	4931584	0.127127	68960256	0.000000	0.000000	3
222	2026-09-24T20:23:47.455203883Z	222010	mysql.service	1	0.768607	0.384304	0.681172	0.087535	1394642944	35.951337	1394946048	0.000000	0.000000	47
223	2026-09-24T20:23:48.455823266Z	223010	isuconquest.go.service	1	1.119707	0.559853	0.537567	0.582140	27156480	0.700044	43528192	0.000000	0.000000	7
223	2026-09-24T20:23:48.455823266Z	223010	nginx.service	1	0.000000	0.000000	0.000000	0.000000	4931584	0.127127	68960256	0.000000	0.000000	3
223	2026-09-24T20:23:48.455823266Z	223010	mysql.service	1	0.771322	0.385661	0.430434	0.340889	1394642944	35.951337	1394946048	0.000000	0.000000	47
224	2026-09-24T20:23:49.455418203Z	224010	isuconquest.go.service	1	1.258610	0.629305	1.247305	0.011305	27156480	0.700044	43528192	0.000000	0.000000	7
224	2026-09-24T20:23:49.455418203Z	224010	nginx.service	1	0.000000	0.000000	0.000000	0.000000	4931584	0.127127	68960256	0.000000	0.000000	3
224	2026-09-24T20:23:49.455418203Z	224010	mysql.service	1	0.840340	0.420170	0.447481	0.392859	1394642944	35.951337	1394946048	0.000000	0.000000	47
225	2026-09-24T20:23:50.455037545Z	225010	isuconquest.go.service	1	1.171646	0.585823	0.751086	0.420460	27152384	0.699939	43528192	0.000000	0.000000	7
225	2026-09-24T20:23:50.455037545Z	225010	nginx.service	1	0.000000	0.000000	0.000000	0.000000	4931584	0.127127	68960256	0.000000	0.000000	3
225	2026-09-24T20:23:50.455037545Z	225010	mysql.service	1	0.992078	0.496039	0.966668	0.025310	1394642944	35.951337	1394946048	0.000000	0.000000	47
226	2026-09-24T20:23:51.455646889Z	226010	isuconquest.go.service	1	1.182479	0.591240	0.303115	0.879464	27156480	0.700044	43528192	0.000000	0.000000	7
226	2026-09-24T20:23:51.455646889Z	226010	nginx.service	1	0.000000	0.000000	0.000000	0.000000	4931584	0.127127	68960256	0.000000	0.000000	3
226	2026-09-24T20:23:51.455646889Z	226010	mysql.service	1	0.948122	0.474061	0.948122	0.000000	1394642944	35.951337	1394946048	0.000000	0.000000	47
227	2026-09-24T20:23:52.455792114Z	227010	isuconquest.go.service	1	1.084443	0.542221	1.052747	0.031595	27152384	0.699939	43528192	0.000000	0.000000	7
227	2026-09-24T20:23:52.455792114Z	227010	nginx.service	1	0.000000	0.000000	0.000000	0.000000	4931584	0.127127	68960256	0.000000	0.000000	3
227	2026-09-24T20:23:52.455792114Z	227010	mysql.service	1	0.885671	0.442836	0.885671	0.000000	1394642944	35.951337	1394946048	0.000000	0.000000	47
228	2026-09-24T20:23:53.455018105Z	228010	isuconquest.go.service	1	1.214140	0.607070	0.328154	0.885986	27156480	0.700044	43528192	0.000000	0.000000	7
228	2026-09-24T20:23:53.455018105Z	228010	nginx.service	1	0.000000	0.000000	0.000000	0.000000	4931584	0.127127	68960256	0.000000	0.000000	3
228	2026-09-24T20:23:53.455018105Z	228010	mysql.service	1	0.858464	0.429232	0.858464	0.000000	1394642944	35.951337	1394946048	0.000000	0.000000	47
229	2026-09-24T20:23:54.455030147Z	229010	isuconquest.go.service	1	1.122786	0.561393	1.122786	0.000000	27152384	0.699939	43528192	0.000000	0.000000	7
229	2026-09-24T20:23:54.455030147Z	229010	nginx.service	1	0.000000	0.000000	0.000000	0.000000	4931584	0.127127	68960256	0.000000	0.000000	3
229	2026-09-24T20:23:54.455030147Z	229010	mysql.service	1	0.921889	0.460944	0.921889	0.000000	1394642944	35.951337	1394946048	0.000000	0.000000	47
230	2026-09-24T20:23:55.455656075Z	230010	isuconquest.go.service	1	1.094215	0.547108	1.021561	0.072655	27283456	0.703317	43528192	0.000000	0.000000	7
230	2026-09-24T20:23:55.455656075Z	230010	nginx.service	1	0.000000	0.000000	0.000000	0.000000	4931584	0.127127	68960256	0.000000	0.000000	3
230	2026-09-24T20:23:55.455656075Z	230010	mysql.service	1	0.964196	0.482098	0.964196	0.000000	1394642944	35.951337	1394946048	0.000000	0.000000	47
231	2026-09-24T20:23:56.455267804Z	231010	isuconquest.go.service	1	1.107730	0.553865	0.900049	0.207681	27152384	0.699939	43528192	0.000000	0.000000	7
231	2026-09-24T20:23:56.455267804Z	231010	nginx.service	1	0.000000	0.000000	0.000000	0.000000	4931584	0.127127	68960256	0.000000	0.000000	3
231	2026-09-24T20:23:56.455267804Z	231010	mysql.service	1	0.952170	0.476085	0.691669	0.260601	1394642944	35.951337	1394946048	0.000000	0.000000	47
232	2026-09-24T20:23:57.455868243Z	232010	isuconquest.go.service	1	1.072656	0.536328	1.043673	0.028983	27156480	0.700044	43528192	0.000000	0.000000	7
232	2026-09-24T20:23:57.455868243Z	232010	nginx.service	1	0.000000	0.000000	0.000000	0.000000	4931584	0.127127	68960256	0.000000	0.000000	3
232	2026-09-24T20:23:57.455868243Z	232010	mysql.service	1	0.780731	0.390366	0.000000	0.780731	1394642944	35.951337	1394946048	0.000000	0.000000	47
233	2026-09-24T20:23:58.455484568Z	233010	isuconquest.go.service	1	1.160245	0.580123	1.115228	0.045117	27283456	0.703317	43528192	0.000000	0.000000	7
233	2026-09-24T20:23:58.455484568Z	233010	nginx.service	1	0.000000	0.000000	0.000000	0.000000	4931584	0.127127	68960256	0.000000	0.000000	3
233	2026-09-24T20:23:58.455484568Z	233010	mysql.service	1	0.970172	0.485086	0.541508	0.428564	1394642944	35.951337	1394946048	0.000000	0.000000	47
234	2026-09-24T20:23:59.455102621Z	234010	isuconquest.go.service	1	1.137334	0.568667	1.096719	0.040515	27156480	0.700044	43528192	0.000000	0.000000	7
234	2026-09-24T20:23:59.455102621Z	234010	nginx.service	1	0.000000	0.000000	0.000000	0.000000	4931584	0.127127	68960256	0.000000	0.000000	3
234	2026-09-24T20:23:59.455102621Z	234010	mysql.service	1	0.892541	0.446270	0.538506	0.354135	1394642944	35.951337	1394946048	0.000000	0.000000	47
235	2026-09-24T20:24:00.455711374Z	235010	isuconquest.go.service	1	1.073946	0.536973	1.073946	0.000000	27152384	0.699939	43528192	0.000000	0.000000	7
235	2026-09-24T20:24:00.455711374Z	235010	nginx.service	1	0.000000	0.000000	0.000000	0.000000	4931584	0.127127	68960256	0.000000	0.000000	3
235	2026-09-24T20:24:00.455711374Z	235010	mysql.service	1	0.824098	0.412049	0.390362	0.433736	1394642944	35.951337	1394946048	0.000000	0.000000	47
236	2026-09-24T20:24:01.455311926Z	236010	isuconquest.go.service	1	1.115846	0.557923	0.302421	0.813425	27152384	0.699939	43528192	0.000000	0.000000	7
236	2026-09-24T20:24:01.455311926Z	236010	nginx.service	1	0.000000	0.000000	0.000000	0.000000	4931584	0.127127	68960256	0.000000	0.000000	3
236	2026-09-24T20:24:01.455311926Z	236010	mysql.service	1	0.804321	0.402161	0.804321	0.000000	1394642944	35.951337	1394946048	0.000000	0.000000	47
237	2026-09-24T20:24:02.455936912Z	237010	isuconquest.go.service	1	1.129294	0.564647	1.003873	0.125422	27156480	0.700044	43528192	0.000000	0.000000	7
237	2026-09-24T20:24:02.455936912Z	237010	nginx.service	1	0.000000	0.000000	0.000000	0.000000	4931584	0.127127	68960256	0.000000	0.000000	3
237	2026-09-24T20:24:02.455936912Z	237010	mysql.service	1	0.988382	0.494191	0.988382	0.000000	1394642944	35.951337	1394946048	0.000000	0.000000	47
238	2026-09-24T20:24:03.455558944Z	238010	isuconquest.go.service	1	1.075506	0.537753	0.960563	0.114943	27283456	0.703317	43528192	0.000000	0.000000	7
238	2026-09-24T20:24:03.455558944Z	238010	nginx.service	1	0.000000	0.000000	0.000000	0.000000	4931584	0.127127	68960256	0.000000	0.000000	3
238	2026-09-24T20:24:03.455558944Z	238010	mysql.service	1	0.884234	0.442117	0.677056	0.207078	1394642944	35.951337	1394946048	0.000000	0.000000	47
239	2026-09-24T20:24:04.455165587Z	239010	isuconquest.go.service	1	0.999893	0.499947	0.323527	0.676466	27152384	0.699939	43528192	0.000000	0.000000	7
239	2026-09-24T20:24:04.455165587Z	239010	nginx.service	1	0.000000	0.000000	0.000000	0.000000	4931584	0.127127	68960256	0.000000	0.000000	3
239	2026-09-24T20:24:04.455165587Z	239010	mysql.service	1	0.820123	0.410061	0.726286	0.093837	1394642944	35.951337	1394946048	0.000000	0.000000	47
240	2026-09-24T20:24:05.455787194Z	240010	isuconquest.go.service	1	1.000878	0.500439	0.612719	0.388059	27156480	0.700044	43528192	0.000000	0.000000	7
240	2026-09-24T20:24:05.455787194Z	240010	nginx.service	1	0.000000	0.000000	0.000000	0.000000	4931584	0.127127	68960256	0.000000	0.000000	3
240	2026-09-24T20:24:05.455787194Z	240010	mysql.service	1	1.002777	0.501388	1.002777	0.000000	1394642944	35.951337	1394946048	0.000000	0.000000	47
241	2026-09-24T20:24:06.455387101Z	241010	isuconquest.go.service	1	1.526711	0.763355	0.667467	0.859344	28311552	0.729820	43528192	0.000000	0.000000	7
241	2026-09-24T20:24:06.455387101Z	241010	nginx.service	1	0.000000	0.000000	0.000000	0.000000	4931584	0.127127	68960256	0.000000	0.000000	3
241	2026-09-24T20:24:06.455387101Z	241010	mysql.service	1	0.918768	0.459384	0.918768	0.000000	1394642944	35.951337	1394946048	0.000000	0.000000	47
