2026-09-24T10:55:15.549705678Z	BENCHMARK_START
[ADMIN] 10:55:16.237962 benchmarker --target-host=172.31.45.101 --request-timeout=10s --initialize-request-timeout=1m0s --exit-error-on-fail=true --stage=prod --max-parallelism=100 --prepare-only=false
10:55:44.368808 [ValidationScenario] 整合性チェックを開始します
[ADMIN] 10:55:44.368797 [LANGUAGE] go
10:55:44.751936 整合性チェック Request:POST /login (日跨ぎ前）
10:55:44.776346 整合性チェック Request:POST /login (日跨ぎ後）
10:55:44.786463 整合性チェック Request:POST /admin/login 失敗の場合
10:55:44.852486 整合性チェック Request:POST /admin/login
10:55:44.917013 整合性チェック Request:GET /admin/user/{userID}
10:55:45.009743 整合性チェック Request:POST /login 失敗の場合
10:55:45.011018 整合性チェック Request:POST /user
10:55:45.030979 整合性チェック Request:POST /login
10:55:45.045359 整合性チェック Request:GET /user/{userId}/home セッション無効の場合
10:55:45.046741 整合性チェック Request:GET /user/{userId}/home
10:55:45.048930 整合性チェック Request:GET /user/{userId}/home 他人のホーム表示の場合
10:55:45.050247 整合性チェック Request:POST /user/{userId}/reward
10:55:45.052618 整合性チェック Request:POST /user/{userId}/card
10:55:45.056875 整合性チェック Request:GET /user/{userId}/item
10:55:45.060678 整合性チェック Request:POST /user/{userId}/addexp/{cardId}
10:55:45.066556 整合性チェック Request:GET /user/{userId}/present/index/:n
10:55:45.070090 整合性チェック Request:POST /user/{userId}/present/receive
10:55:45.112391 整合性チェック Request:GET /user/{userId}/gacha/index
10:55:45.116562 整合性チェック Request:POST /user/{userId}/gacha/draw/{gachaID}/10
10:55:45.124121 整合性チェック Request:GET /admin/master
10:55:45.136942 整合性チェック Request:POST /admin/user/{userID}/ban
10:55:45.138045 整合性チェック Request:POST /login Banの場合
10:55:45.139458 [ValidationScenario] 整合性チェックを終了します
10:55:45.139472 整合性チェックに成功しました！
10:55:45.139480 初期化処理が成功しました！
10:55:45.139501 アプリケーションへの負荷走行を開始します
[ADMIN] 10:55:45.139638 シナリオ走行を開始しました [シナリオ名: 新規ユーザー登録]
[ADMIN] 10:55:45.139643 シナリオ走行を開始しました [シナリオ名: Banユーザログイン]
[ADMIN] 10:55:45.139664 シナリオ走行を開始しました [シナリオ名: ログイン]
[ADMIN] 10:55:45.211398 シナリオ走行を終了しました [シナリオ名: ログイン]
[ADMIN] 10:55:45.211410 シナリオ走行を開始しました [シナリオ名: ログイン]
[ADMIN] 10:55:45.214111 シナリオ走行を終了しました [シナリオ名: 新規ユーザー登録]
[ADMIN] 10:55:45.214130 シナリオ走行を開始しました [シナリオ名: 新規ユーザー登録]
[ADMIN] 10:55:45.261101 シナリオ走行を終了しました [シナリオ名: ログイン]
[ADMIN] 10:55:45.261111 シナリオ走行を開始しました [シナリオ名: ログイン]
[ADMIN] 10:55:45.280304 シナリオ走行を終了しました [シナリオ名: 新規ユーザー登録]
[ADMIN] 10:55:45.280327 シナリオ走行を開始しました [シナリオ名: 新規ユーザー登録]
[ADMIN] 10:55:45.312313 シナリオ走行を終了しました [シナリオ名: ログイン]
[ADMIN] 10:55:45.312322 シナリオ走行を開始しました [シナリオ名: ログイン]
[ADMIN] 10:55:45.346089 シナリオ走行を終了しました [シナリオ名: 新規ユーザー登録]
[ADMIN] 10:55:45.346108 シナリオ走行を開始しました [シナリオ名: 新規ユーザー登録]
[ADMIN] 10:55:45.348405 シナリオ走行を終了しました [シナリオ名: ログイン]
[ADMIN] 10:55:45.348415 シナリオ走行を開始しました [シナリオ名: ログイン]
[ADMIN] 10:55:45.383671 シナリオ走行を終了しました [シナリオ名: ログイン]
[ADMIN] 10:55:45.383683 シナリオ走行を開始しました [シナリオ名: ログイン]
[ADMIN] 10:55:45.407396 シナリオ走行を終了しました [シナリオ名: 新規ユーザー登録]
[ADMIN] 10:55:45.407427 シナリオ走行を開始しました [シナリオ名: 新規ユーザー登録]
[ADMIN] 10:55:45.436676 シナリオ走行を終了しました [シナリオ名: ログイン]
[ADMIN] 10:55:45.436688 シナリオ走行を開始しました [シナリオ名: ログイン]
[ADMIN] 10:55:45.470833 シナリオ走行を終了しました [シナリオ名: 新規ユーザー登録]
[ADMIN] 10:55:45.470856 シナリオ走行を開始しました [シナリオ名: 新規ユーザー登録]
[ADMIN] 10:55:45.471674 シナリオ走行を終了しました [シナリオ名: ログイン]
[ADMIN] 10:55:45.471683 シナリオ走行を開始しました [シナリオ名: ログイン]
[ADMIN] 10:55:45.515572 シナリオ走行を終了しました [シナリオ名: ログイン]
[ADMIN] 10:55:45.515585 シナリオ走行を開始しました [シナリオ名: ログイン]
[ADMIN] 10:55:45.532593 シナリオ走行を終了しました [シナリオ名: 新規ユーザー登録]
[ADMIN] 10:55:45.532613 シナリオ走行を開始しました [シナリオ名: 新規ユーザー登録]
[ADMIN] 10:55:45.563926 シナリオ走行を終了しました [シナリオ名: ログイン]
[ADMIN] 10:55:45.563937 シナリオ走行を開始しました [シナリオ名: ログイン]
[ADMIN] 10:55:45.592726 シナリオ走行を終了しました [シナリオ名: 新規ユーザー登録]
[ADMIN] 10:55:45.592743 シナリオ走行を開始しました [シナリオ名: 新規ユーザー登録]
[ADMIN] 10:55:45.614181 シナリオ走行を終了しました [シナリオ名: ログイン]
[ADMIN] 10:55:45.614193 シナリオ走行を開始しました [シナリオ名: ログイン]
[ADMIN] 10:55:45.646309 シナリオ走行を終了しました [シナリオ名: Banユーザログイン]
[ADMIN] 10:55:45.646325 シナリオ走行を開始しました [シナリオ名: Banユーザログイン]
[ADMIN] 10:55:45.654659 シナリオ走行を終了しました [シナリオ名: 新規ユーザー登録]
[ADMIN] 10:55:45.654679 シナリオ走行を開始しました [シナリオ名: 新規ユーザー登録]
[ADMIN] 10:55:45.663044 シナリオ走行を終了しました [シナリオ名: ログイン]
[ADMIN] 10:55:45.663051 シナリオ走行を開始しました [シナリオ名: ログイン]
[ADMIN] 10:55:45.711096 シナリオ走行を終了しました [シナリオ名: ログイン]
[ADMIN] 10:55:45.711108 シナリオ走行を開始しました [シナリオ名: ログイン]
[ADMIN] 10:55:45.719907 シナリオ走行を終了しました [シナリオ名: 新規ユーザー登録]
[ADMIN] 10:55:45.719934 シナリオ走行を開始しました [シナリオ名: 新規ユーザー登録]
[ADMIN] 10:55:45.828309 シナリオ走行を終了しました [シナリオ名: ログイン]
[ADMIN] 10:55:45.828324 シナリオ走行を開始しました [シナリオ名: ログイン]
[ADMIN] 10:55:45.838015 シナリオ走行を終了しました [シナリオ名: 新規ユーザー登録]
[ADMIN] 10:55:45.838045 シナリオ走行を開始しました [シナリオ名: 新規ユーザー登録]
[ADMIN] 10:55:45.865454 シナリオ走行を終了しました [シナリオ名: ログイン]
[ADMIN] 10:55:45.865471 シナリオ走行を開始しました [シナリオ名: ログイン]
[ADMIN] 10:55:45.906299 シナリオ走行を終了しました [シナリオ名: ログイン]
[ADMIN] 10:55:45.906312 シナリオ走行を開始しました [シナリオ名: ログイン]
[ADMIN] 10:55:45.912016 シナリオ走行を終了しました [シナリオ名: 新規ユーザー登録]
[ADMIN] 10:55:45.912036 シナリオ走行を開始しました [シナリオ名: 新規ユーザー登録]
[ADMIN] 10:55:45.965269 シナリオ走行を終了しました [シナリオ名: ログイン]
[ADMIN] 10:55:45.965281 シナリオ走行を開始しました [シナリオ名: ログイン]
[ADMIN] 10:55:45.995755 シナリオ走行を終了しました [シナリオ名: 新規ユーザー登録]
[ADMIN] 10:55:45.995778 シナリオ走行を開始しました [シナリオ名: 新規ユーザー登録]
[ADMIN] 10:55:46.027072 シナリオ走行を終了しました [シナリオ名: ログイン]
[ADMIN] 10:55:46.027083 シナリオ走行を開始しました [シナリオ名: ログイン]
[ADMIN] 10:55:46.063790 シナリオ走行を終了しました [シナリオ名: ログイン]
[ADMIN] 10:55:46.063801 シナリオ走行を開始しました [シナリオ名: ログイン]
[ADMIN] 10:55:46.066823 シナリオ走行を終了しました [シナリオ名: 新規ユーザー登録]
[ADMIN] 10:55:46.066843 シナリオ走行を開始しました [シナリオ名: 新規ユーザー登録]
[ADMIN] 10:55:46.102331 シナリオ走行を終了しました [シナリオ名: ログイン]
[ADMIN] 10:55:46.102343 シナリオ走行を開始しました [シナリオ名: ログイン]
[ADMIN] 10:55:46.140098 シナリオ走行を終了しました [シナリオ名: 新規ユーザー登録]
[ADMIN] 10:55:46.140123 シナリオ走行を開始しました [シナリオ名: 新規ユーザー登録]
[ADMIN] 10:55:46.149578 シナリオ走行を終了しました [シナリオ名: Banユーザログイン]
[ADMIN] 10:55:46.149598 シナリオ走行を開始しました [シナリオ名: Banユーザログイン]
[ADMIN] 10:55:46.164717 シナリオ走行を終了しました [シナリオ名: ログイン]
[ADMIN] 10:55:46.164729 シナリオ走行を開始しました [シナリオ名: ログイン]
[ADMIN] 10:55:46.208070 シナリオ走行を終了しました [シナリオ名: 新規ユーザー登録]
[ADMIN] 10:55:46.208093 シナリオ走行を開始しました [シナリオ名: 新規ユーザー登録]
[ADMIN] 10:55:46.223677 シナリオ走行を終了しました [シナリオ名: ログイン]
[ADMIN] 10:55:46.223689 シナリオ走行を開始しました [シナリオ名: ログイン]
[ADMIN] 10:55:46.259505 シナリオ走行を終了しました [シナリオ名: ログイン]
[ADMIN] 10:55:46.259516 シナリオ走行を開始しました [シナリオ名: ログイン]
[ADMIN] 10:55:46.276071 シナリオ走行を終了しました [シナリオ名: 新規ユーザー登録]
[ADMIN] 10:55:46.276095 シナリオ走行を開始しました [シナリオ名: 新規ユーザー登録]
[ADMIN] 10:55:46.314448 シナリオ走行を終了しました [シナリオ名: ログイン]
[ADMIN] 10:55:46.314459 シナリオ走行を開始しました [シナリオ名: ログイン]
[ADMIN] 10:55:46.339028 シナリオ走行を終了しました [シナリオ名: 新規ユーザー登録]
[ADMIN] 10:55:46.339049 シナリオ走行を開始しました [シナリオ名: 新規ユーザー登録]
[ADMIN] 10:55:46.349011 シナリオ走行を終了しました [シナリオ名: ログイン]
[ADMIN] 10:55:46.349021 シナリオ走行を開始しました [シナリオ名: ログイン]
[ADMIN] 10:55:46.397711 シナリオ走行を終了しました [シナリオ名: ログイン]
[ADMIN] 10:55:46.397722 シナリオ走行を開始しました [シナリオ名: ログイン]
[ADMIN] 10:55:46.402223 シナリオ走行を終了しました [シナリオ名: 新規ユーザー登録]
[ADMIN] 10:55:46.402242 シナリオ走行を開始しました [シナリオ名: 新規ユーザー登録]
[ADMIN] 10:55:46.431680 シナリオ走行を終了しました [シナリオ名: ログイン]
[ADMIN] 10:55:46.431690 シナリオ走行を開始しました [シナリオ名: ログイン]
[ADMIN] 10:55:46.464951 シナリオ走行を終了しました [シナリオ名: 新規ユーザー登録]
[ADMIN] 10:55:46.464972 シナリオ走行を開始しました [シナリオ名: 新規ユーザー登録]
[ADMIN] 10:55:46.467149 シナリオ走行を終了しました [シナリオ名: ログイン]
[ADMIN] 10:55:46.467159 シナリオ走行を開始しました [シナリオ名: ログイン]
[ADMIN] 10:55:46.511461 シナリオ走行を終了しました [シナリオ名: ログイン]
[ADMIN] 10:55:46.511472 シナリオ走行を開始しました [シナリオ名: ログイン]
[ADMIN] 10:55:46.528015 シナリオ走行を終了しました [シナリオ名: 新規ユーザー登録]
[ADMIN] 10:55:46.528037 シナリオ走行を開始しました [シナリオ名: 新規ユーザー登録]
[ADMIN] 10:55:46.545834 シナリオ走行を終了しました [シナリオ名: ログイン]
[ADMIN] 10:55:46.545844 シナリオ走行を開始しました [シナリオ名: ログイン]
[ADMIN] 10:55:46.581538 シナリオ走行を終了しました [シナリオ名: ログイン]
[ADMIN] 10:55:46.581552 シナリオ走行を開始しました [シナリオ名: ログイン]
[ADMIN] 10:55:46.589912 シナリオ走行を終了しました [シナリオ名: 新規ユーザー登録]
[ADMIN] 10:55:46.589931 シナリオ走行を開始しました [シナリオ名: 新規ユーザー登録]
[ADMIN] 10:55:46.628476 シナリオ走行を終了しました [シナリオ名: ログイン]
[ADMIN] 10:55:46.628486 シナリオ走行を開始しました [シナリオ名: ログイン]
[ADMIN] 10:55:46.650422 シナリオ走行を終了しました [シナリオ名: 新規ユーザー登録]
[ADMIN] 10:55:46.650466 シナリオ走行を開始しました [シナリオ名: 新規ユーザー登録]
[ADMIN] 10:55:46.652885 シナリオ走行を終了しました [シナリオ名: Banユーザログイン]
[ADMIN] 10:55:46.652894 シナリオ走行を開始しました [シナリオ名: Banユーザログイン]
[ADMIN] 10:55:46.686580 シナリオ走行を終了しました [シナリオ名: ログイン]
[ADMIN] 10:55:46.686590 シナリオ走行を開始しました [シナリオ名: ログイン]
[ADMIN] 10:55:46.713726 シナリオ走行を終了しました [シナリオ名: 新規ユーザー登録]
[ADMIN] 10:55:46.713765 シナリオ走行を開始しました [シナリオ名: 新規ユーザー登録]
[ADMIN] 10:55:46.723018 シナリオ走行を終了しました [シナリオ名: ログイン]
[ADMIN] 10:55:46.723026 シナリオ走行を開始しました [シナリオ名: ログイン]
[ADMIN] 10:55:46.772814 シナリオ走行を終了しました [シナリオ名: ログイン]
[ADMIN] 10:55:46.772822 シナリオ走行を開始しました [シナリオ名: ログイン]
[ADMIN] 10:55:46.773695 シナリオ走行を終了しました [シナリオ名: 新規ユーザー登録]
[ADMIN] 10:55:46.773710 シナリオ走行を開始しました [シナリオ名: 新規ユーザー登録]
[ADMIN] 10:55:46.818794 シナリオ走行を終了しました [シナリオ名: ログイン]
[ADMIN] 10:55:46.818806 シナリオ走行を開始しました [シナリオ名: ログイン]
[ADMIN] 10:55:46.833904 シナリオ走行を終了しました [シナリオ名: 新規ユーザー登録]
[ADMIN] 10:55:46.833923 シナリオ走行を開始しました [シナリオ名: 新規ユーザー登録]
[ADMIN] 10:55:46.869548 シナリオ走行を終了しました [シナリオ名: ログイン]
[ADMIN] 10:55:46.869559 シナリオ走行を開始しました [シナリオ名: ログイン]
[ADMIN] 10:55:46.901799 シナリオ走行を終了しました [シナリオ名: 新規ユーザー登録]
[ADMIN] 10:55:46.901822 シナリオ走行を開始しました [シナリオ名: 新規ユーザー登録]
[ADMIN] 10:55:46.935596 シナリオ走行を終了しました [シナリオ名: ログイン]
[ADMIN] 10:55:46.935609 シナリオ走行を開始しました [シナリオ名: ログイン]
[ADMIN] 10:55:46.972016 シナリオ走行を終了しました [シナリオ名: 新規ユーザー登録]
[ADMIN] 10:55:46.972035 シナリオ走行を開始しました [シナリオ名: 新規ユーザー登録]
[ADMIN] 10:55:46.973194 シナリオ走行を終了しました [シナリオ名: ログイン]
[ADMIN] 10:55:46.973203 シナリオ走行を開始しました [シナリオ名: ログイン]
[ADMIN] 10:55:47.037643 シナリオ走行を終了しました [シナリオ名: ログイン]
[ADMIN] 10:55:47.037662 シナリオ走行を開始しました [シナリオ名: ログイン]
[ADMIN] 10:55:47.044219 シナリオ走行を終了しました [シナリオ名: 新規ユーザー登録]
[ADMIN] 10:55:47.044239 シナリオ走行を開始しました [シナリオ名: 新規ユーザー登録]
[ADMIN] 10:55:47.075919 シナリオ走行を終了しました [シナリオ名: ログイン]
[ADMIN] 10:55:47.075930 シナリオ走行を開始しました [シナリオ名: ログイン]
[ADMIN] 10:55:47.118075 シナリオ走行を終了しました [シナリオ名: 新規ユーザー登録]
[ADMIN] 10:55:47.118096 シナリオ走行を開始しました [シナリオ名: 新規ユーザー登録]
[ADMIN] 10:55:47.130337 シナリオ走行を終了しました [シナリオ名: ログイン]
[ADMIN] 10:55:47.130346 シナリオ走行を開始しました [シナリオ名: ログイン]
[ADMIN] 10:55:47.157205 シナリオ走行を終了しました [シナリオ名: Banユーザログイン]
[ADMIN] 10:55:47.157224 シナリオ走行を開始しました [シナリオ名: Banユーザログイン]
[ADMIN] 10:55:47.189944 シナリオ走行を終了しました [シナリオ名: ログイン]
[ADMIN] 10:55:47.189955 シナリオ走行を開始しました [シナリオ名: ログイン]
[ADMIN] 10:55:47.202754 シナリオ走行を終了しました [シナリオ名: 新規ユーザー登録]
[ADMIN] 10:55:47.202774 シナリオ走行を開始しました [シナリオ名: 新規ユーザー登録]
[ADMIN] 10:55:47.252782 シナリオ走行を終了しました [シナリオ名: ログイン]
[ADMIN] 10:55:47.252795 シナリオ走行を開始しました [シナリオ名: ログイン]
[ADMIN] 10:55:47.267491 シナリオ走行を終了しました [シナリオ名: 新規ユーザー登録]
[ADMIN] 10:55:47.267508 シナリオ走行を開始しました [シナリオ名: 新規ユーザー登録]
[ADMIN] 10:55:47.287769 シナリオ走行を終了しました [シナリオ名: ログイン]
[ADMIN] 10:55:47.287779 シナリオ走行を開始しました [シナリオ名: ログイン]
[ADMIN] 10:55:47.329249 シナリオ走行を終了しました [シナリオ名: 新規ユーザー登録]
[ADMIN] 10:55:47.329266 シナリオ走行を開始しました [シナリオ名: 新規ユーザー登録]
[ADMIN] 10:55:47.335458 シナリオ走行を終了しました [シナリオ名: ログイン]
[ADMIN] 10:55:47.335469 シナリオ走行を開始しました [シナリオ名: ログイン]
[ADMIN] 10:55:47.369079 シナリオ走行を終了しました [シナリオ名: ログイン]
[ADMIN] 10:55:47.369092 シナリオ走行を開始しました [シナリオ名: ログイン]
[ADMIN] 10:55:47.392783 シナリオ走行を終了しました [シナリオ名: 新規ユーザー登録]
[ADMIN] 10:55:47.392806 シナリオ走行を開始しました [シナリオ名: 新規ユーザー登録]
[ADMIN] 10:55:47.404354 シナリオ走行を終了しました [シナリオ名: ログイン]
[ADMIN] 10:55:47.404363 シナリオ走行を開始しました [シナリオ名: ログイン]
[ADMIN] 10:55:47.437150 シナリオ走行を終了しました [シナリオ名: ログイン]
[ADMIN] 10:55:47.437166 シナリオ走行を開始しました [シナリオ名: ログイン]
[ADMIN] 10:55:47.456706 シナリオ走行を終了しました [シナリオ名: 新規ユーザー登録]
[ADMIN] 10:55:47.456729 シナリオ走行を開始しました [シナリオ名: 新規ユーザー登録]
[ADMIN] 10:55:47.483699 シナリオ走行を終了しました [シナリオ名: ログイン]
[ADMIN] 10:55:47.483713 シナリオ走行を開始しました [シナリオ名: ログイン]
[ADMIN] 10:55:47.518997 シナリオ走行を終了しました [シナリオ名: 新規ユーザー登録]
[ADMIN] 10:55:47.519019 シナリオ走行を開始しました [シナリオ名: 新規ユーザー登録]
[ADMIN] 10:55:47.529999 シナリオ走行を終了しました [シナリオ名: ログイン]
[ADMIN] 10:55:47.530011 シナリオ走行を開始しました [シナリオ名: ログイン]
[ADMIN] 10:55:47.579626 シナリオ走行を終了しました [シナリオ名: 新規ユーザー登録]
[ADMIN] 10:55:47.579653 シナリオ走行を開始しました [シナリオ名: 新規ユーザー登録]
[ADMIN] 10:55:47.586208 シナリオ走行を終了しました [シナリオ名: ログイン]
[ADMIN] 10:55:47.586219 シナリオ走行を開始しました [シナリオ名: ログイン]
[ADMIN] 10:55:47.640471 シナリオ走行を終了しました [シナリオ名: ログイン]
[ADMIN] 10:55:47.640484 シナリオ走行を開始しました [シナリオ名: ログイン]
[ADMIN] 10:55:47.642778 シナリオ走行を終了しました [シナリオ名: 新規ユーザー登録]
[ADMIN] 10:55:47.642798 シナリオ走行を開始しました [シナリオ名: 新規ユーザー登録]
[ADMIN] 10:55:47.660909 シナリオ走行を終了しました [シナリオ名: Banユーザログイン]
[ADMIN] 10:55:47.660930 シナリオ走行を開始しました [シナリオ名: Banユーザログイン]
[ADMIN] 10:55:47.675677 シナリオ走行を終了しました [シナリオ名: ログイン]
[ADMIN] 10:55:47.675687 シナリオ走行を開始しました [シナリオ名: ログイン]
[ADMIN] 10:55:47.706978 シナリオ走行を終了しました [シナリオ名: 新規ユーザー登録]
[ADMIN] 10:55:47.707002 シナリオ走行を開始しました [シナリオ名: 新規ユーザー登録]
[ADMIN] 10:55:47.730895 シナリオ走行を終了しました [シナリオ名: ログイン]
[ADMIN] 10:55:47.730907 シナリオ走行を開始しました [シナリオ名: ログイン]
[ADMIN] 10:55:47.766929 シナリオ走行を終了しました [シナリオ名: ログイン]
[ADMIN] 10:55:47.766943 シナリオ走行を開始しました [シナリオ名: ログイン]
[ADMIN] 10:55:47.768093 シナリオ走行を終了しました [シナリオ名: 新規ユーザー登録]
[ADMIN] 10:55:47.768116 シナリオ走行を開始しました [シナリオ名: 新規ユーザー登録]
[ADMIN] 10:55:47.820794 シナリオ走行を終了しました [シナリオ名: ログイン]
[ADMIN] 10:55:47.820806 シナリオ走行を開始しました [シナリオ名: ログイン]
[ADMIN] 10:55:47.831260 シナリオ走行を終了しました [シナリオ名: 新規ユーザー登録]
[ADMIN] 10:55:47.831282 シナリオ走行を開始しました [シナリオ名: 新規ユーザー登録]
[ADMIN] 10:55:47.884453 シナリオ走行を終了しました [シナリオ名: ログイン]
[ADMIN] 10:55:47.884467 シナリオ走行を開始しました [シナリオ名: ログイン]
[ADMIN] 10:55:47.901990 シナリオ走行を終了しました [シナリオ名: 新規ユーザー登録]
[ADMIN] 10:55:47.902011 シナリオ走行を開始しました [シナリオ名: 新規ユーザー登録]
[ADMIN] 10:55:47.925893 シナリオ走行を終了しました [シナリオ名: ログイン]
[ADMIN] 10:55:47.925913 シナリオ走行を開始しました [シナリオ名: ログイン]
[ADMIN] 10:55:47.969705 シナリオ走行を終了しました [シナリオ名: 新規ユーザー登録]
[ADMIN] 10:55:47.969728 シナリオ走行を開始しました [シナリオ名: 新規ユーザー登録]
[ADMIN] 10:55:47.989503 シナリオ走行を終了しました [シナリオ名: ログイン]
[ADMIN] 10:55:47.989513 シナリオ走行を開始しました [シナリオ名: ログイン]
[ADMIN] 10:55:48.041415 シナリオ走行を終了しました [シナリオ名: 新規ユーザー登録]
[ADMIN] 10:55:48.041437 シナリオ走行を開始しました [シナリオ名: 新規ユーザー登録]
[ADMIN] 10:55:48.045211 シナリオ走行を終了しました [シナリオ名: ログイン]
[ADMIN] 10:55:48.045220 シナリオ走行を開始しました [シナリオ名: ログイン]
[ADMIN] 10:55:48.107186 シナリオ走行を終了しました [シナリオ名: ログイン]
[ADMIN] 10:55:48.107200 シナリオ走行を開始しました [シナリオ名: ログイン]
[ADMIN] 10:55:48.111008 シナリオ走行を終了しました [シナリオ名: 新規ユーザー登録]
[ADMIN] 10:55:48.111025 シナリオ走行を開始しました [シナリオ名: 新規ユーザー登録]
[ADMIN] 10:55:48.144497 シナリオ走行を終了しました [シナリオ名: ログイン]
[ADMIN] 10:55:48.144507 シナリオ走行を開始しました [シナリオ名: ログイン]
[ADMIN] 10:55:48.163343 シナリオ走行を終了しました [シナリオ名: Banユーザログイン]
[ADMIN] 10:55:48.163364 シナリオ走行を開始しました [シナリオ名: Banユーザログイン]
[ADMIN] 10:55:48.182430 シナリオ走行を終了しました [シナリオ名: 新規ユーザー登録]
[ADMIN] 10:55:48.182453 シナリオ走行を開始しました [シナリオ名: 新規ユーザー登録]
[ADMIN] 10:55:48.212575 シナリオ走行を終了しました [シナリオ名: ログイン]
[ADMIN] 10:55:48.212584 シナリオ走行を開始しました [シナリオ名: ログイン]
[ADMIN] 10:55:48.253353 シナリオ走行を終了しました [シナリオ名: 新規ユーザー登録]
[ADMIN] 10:55:48.253371 シナリオ走行を開始しました [シナリオ名: 新規ユーザー登録]
[ADMIN] 10:55:48.271588 シナリオ走行を終了しました [シナリオ名: ログイン]
[ADMIN] 10:55:48.271599 シナリオ走行を開始しました [シナリオ名: ログイン]
[ADMIN] 10:55:48.318058 シナリオ走行を終了しました [シナリオ名: 新規ユーザー登録]
[ADMIN] 10:55:48.318076 シナリオ走行を開始しました [シナリオ名: 新規ユーザー登録]
[ADMIN] 10:55:48.328398 シナリオ走行を終了しました [シナリオ名: ログイン]
[ADMIN] 10:55:48.328410 シナリオ走行を開始しました [シナリオ名: ログイン]
[ADMIN] 10:55:48.363152 シナリオ走行を終了しました [シナリオ名: ログイン]
[ADMIN] 10:55:48.363163 シナリオ走行を開始しました [シナリオ名: ログイン]
[ADMIN] 10:55:48.380724 シナリオ走行を終了しました [シナリオ名: 新規ユーザー登録]
[ADMIN] 10:55:48.380745 シナリオ走行を開始しました [シナリオ名: 新規ユーザー登録]
[ADMIN] 10:55:48.418412 シナリオ走行を終了しました [シナリオ名: ログイン]
[ADMIN] 10:55:48.418423 シナリオ走行を開始しました [シナリオ名: ログイン]
[ADMIN] 10:55:48.442805 シナリオ走行を終了しました [シナリオ名: 新規ユーザー登録]
[ADMIN] 10:55:48.442822 シナリオ走行を開始しました [シナリオ名: 新規ユーザー登録]
[ADMIN] 10:55:48.454294 シナリオ走行を終了しました [シナリオ名: ログイン]
[ADMIN] 10:55:48.454302 シナリオ走行を開始しました [シナリオ名: ログイン]
[ADMIN] 10:55:48.489630 シナリオ走行を終了しました [シナリオ名: ログイン]
[ADMIN] 10:55:48.489642 シナリオ走行を開始しました [シナリオ名: ログイン]
[ADMIN] 10:55:48.505633 シナリオ走行を終了しました [シナリオ名: 新規ユーザー登録]
[ADMIN] 10:55:48.505651 シナリオ走行を開始しました [シナリオ名: 新規ユーザー登録]
[ADMIN] 10:55:48.547269 シナリオ走行を終了しました [シナリオ名: ログイン]
[ADMIN] 10:55:48.547281 シナリオ走行を開始しました [シナリオ名: ログイン]
[ADMIN] 10:55:48.566264 シナリオ走行を終了しました [シナリオ名: 新規ユーザー登録]
[ADMIN] 10:55:48.566281 シナリオ走行を開始しました [シナリオ名: 新規ユーザー登録]
[ADMIN] 10:55:48.594362 シナリオ走行を終了しました [シナリオ名: ログイン]
[ADMIN] 10:55:48.594371 シナリオ走行を開始しました [シナリオ名: ログイン]
[ADMIN] 10:55:48.628830 シナリオ走行を終了しました [シナリオ名: 新規ユーザー登録]
[ADMIN] 10:55:48.628845 シナリオ走行を開始しました [シナリオ名: 新規ユーザー登録]
[ADMIN] 10:55:48.629318 シナリオ走行を終了しました [シナリオ名: ログイン]
[ADMIN] 10:55:48.629326 シナリオ走行を開始しました [シナリオ名: ログイン]
[ADMIN] 10:55:48.668417 シナリオ走行を終了しました [シナリオ名: Banユーザログイン]
[ADMIN] 10:55:48.668436 シナリオ走行を開始しました [シナリオ名: Banユーザログイン]
[ADMIN] 10:55:48.672033 シナリオ走行を終了しました [シナリオ名: ログイン]
[ADMIN] 10:55:48.672064 シナリオ走行を開始しました [シナリオ名: ログイン]
[ADMIN] 10:55:48.695503 シナリオ走行を終了しました [シナリオ名: 新規ユーザー登録]
[ADMIN] 10:55:48.695521 シナリオ走行を開始しました [シナリオ名: 新規ユーザー登録]
[ADMIN] 10:55:48.726643 シナリオ走行を終了しました [シナリオ名: ログイン]
[ADMIN] 10:55:48.726654 シナリオ走行を開始しました [シナリオ名: ログイン]
[ADMIN] 10:55:48.758710 シナリオ走行を終了しました [シナリオ名: 新規ユーザー登録]
[ADMIN] 10:55:48.758734 シナリオ走行を開始しました [シナリオ名: 新規ユーザー登録]
[ADMIN] 10:55:48.781111 シナリオ走行を終了しました [シナリオ名: ログイン]
[ADMIN] 10:55:48.781122 シナリオ走行を開始しました [シナリオ名: ログイン]
[ADMIN] 10:55:48.815348 シナリオ走行を終了しました [シナリオ名: ログイン]
[ADMIN] 10:55:48.815359 シナリオ走行を開始しました [シナリオ名: ログイン]
[ADMIN] 10:55:48.820658 シナリオ走行を終了しました [シナリオ名: 新規ユーザー登録]
[ADMIN] 10:55:48.820675 シナリオ走行を開始しました [シナリオ名: 新規ユーザー登録]
[ADMIN] 10:55:48.879011 シナリオ走行を終了しました [シナリオ名: ログイン]
[ADMIN] 10:55:48.879024 シナリオ走行を開始しました [シナリオ名: ログイン]
[ADMIN] 10:55:48.887147 シナリオ走行を終了しました [シナリオ名: 新規ユーザー登録]
[ADMIN] 10:55:48.887166 シナリオ走行を開始しました [シナリオ名: 新規ユーザー登録]
[ADMIN] 10:55:48.940960 シナリオ走行を終了しました [シナリオ名: ログイン]
[ADMIN] 10:55:48.940973 シナリオ走行を開始しました [シナリオ名: ログイン]
[ADMIN] 10:55:48.959999 シナリオ走行を終了しました [シナリオ名: 新規ユーザー登録]
[ADMIN] 10:55:48.960023 シナリオ走行を開始しました [シナリオ名: 新規ユーザー登録]
[ADMIN] 10:55:49.004734 シナリオ走行を終了しました [シナリオ名: ログイン]
[ADMIN] 10:55:49.004747 シナリオ走行を開始しました [シナリオ名: ログイン]
[ADMIN] 10:55:49.030012 シナリオ走行を終了しました [シナリオ名: 新規ユーザー登録]
[ADMIN] 10:55:49.030037 シナリオ走行を開始しました [シナリオ名: 新規ユーザー登録]
[ADMIN] 10:55:49.055458 シナリオ走行を終了しました [シナリオ名: ログイン]
[ADMIN] 10:55:49.055469 シナリオ走行を開始しました [シナリオ名: ログイン]
[ADMIN] 10:55:49.102564 シナリオ走行を終了しました [シナリオ名: 新規ユーザー登録]
[ADMIN] 10:55:49.102590 シナリオ走行を開始しました [シナリオ名: 新規ユーザー登録]
[ADMIN] 10:55:49.119776 シナリオ走行を終了しました [シナリオ名: ログイン]
[ADMIN] 10:55:49.119788 シナリオ走行を開始しました [シナリオ名: ログイン]
[ADMIN] 10:55:49.171763 シナリオ走行を終了しました [シナリオ名: Banユーザログイン]
[ADMIN] 10:55:49.171780 シナリオ走行を開始しました [シナリオ名: Banユーザログイン]
[ADMIN] 10:55:49.177245 シナリオ走行を終了しました [シナリオ名: 新規ユーザー登録]
[ADMIN] 10:55:49.177284 シナリオ走行を開始しました [シナリオ名: 新規ユーザー登録]
[ADMIN] 10:55:49.177417 シナリオ走行を終了しました [シナリオ名: ログイン]
[ADMIN] 10:55:49.177426 シナリオ走行を開始しました [シナリオ名: ログイン]
[ADMIN] 10:55:49.216238 シナリオ走行を終了しました [シナリオ名: ログイン]
[ADMIN] 10:55:49.216252 シナリオ走行を開始しました [シナリオ名: ログイン]
[ADMIN] 10:55:49.246680 シナリオ走行を終了しました [シナリオ名: 新規ユーザー登録]
[ADMIN] 10:55:49.246706 シナリオ走行を開始しました [シナリオ名: 新規ユーザー登録]
[ADMIN] 10:55:49.270717 シナリオ走行を終了しました [シナリオ名: ログイン]
[ADMIN] 10:55:49.270727 シナリオ走行を開始しました [シナリオ名: ログイン]
[ADMIN] 10:55:49.309060 シナリオ走行を終了しました [シナリオ名: ログイン]
[ADMIN] 10:55:49.309073 シナリオ走行を開始しました [シナリオ名: ログイン]
[ADMIN] 10:55:49.312062 シナリオ走行を終了しました [シナリオ名: 新規ユーザー登録]
[ADMIN] 10:55:49.312085 シナリオ走行を開始しました [シナリオ名: 新規ユーザー登録]
[ADMIN] 10:55:49.356651 シナリオ走行を終了しました [シナリオ名: ログイン]
[ADMIN] 10:55:49.356664 シナリオ走行を開始しました [シナリオ名: ログイン]
[ADMIN] 10:55:49.376164 シナリオ走行を終了しました [シナリオ名: 新規ユーザー登録]
[ADMIN] 10:55:49.376183 シナリオ走行を開始しました [シナリオ名: 新規ユーザー登録]
[ADMIN] 10:55:49.402626 シナリオ走行を終了しました [シナリオ名: ログイン]
[ADMIN] 10:55:49.402641 シナリオ走行を開始しました [シナリオ名: ログイン]
[ADMIN] 10:55:49.442225 シナリオ走行を終了しました [シナリオ名: 新規ユーザー登録]
[ADMIN] 10:55:49.442244 シナリオ走行を開始しました [シナリオ名: 新規ユーザー登録]
[ADMIN] 10:55:49.456419 シナリオ走行を終了しました [シナリオ名: ログイン]
[ADMIN] 10:55:49.456428 シナリオ走行を開始しました [シナリオ名: ログイン]
[ADMIN] 10:55:49.502429 シナリオ走行を終了しました [シナリオ名: ログイン]
[ADMIN] 10:55:49.502459 シナリオ走行を開始しました [シナリオ名: ログイン]
[ADMIN] 10:55:49.520281 シナリオ走行を終了しました [シナリオ名: 新規ユーザー登録]
[ADMIN] 10:55:49.520299 シナリオ走行を開始しました [シナリオ名: 新規ユーザー登録]
[ADMIN] 10:55:49.560310 シナリオ走行を終了しました [シナリオ名: ログイン]
[ADMIN] 10:55:49.560323 シナリオ走行を開始しました [シナリオ名: ログイン]
[ADMIN] 10:55:49.576654 シナリオ走行を終了しました [シナリオ名: 新規ユーザー登録]
[ADMIN] 10:55:49.576677 シナリオ走行を開始しました [シナリオ名: 新規ユーザー登録]
[ADMIN] 10:55:49.632009 シナリオ走行を終了しました [シナリオ名: ログイン]
[ADMIN] 10:55:49.632023 シナリオ走行を開始しました [シナリオ名: ログイン]
[ADMIN] 10:55:49.640104 シナリオ走行を終了しました [シナリオ名: 新規ユーザー登録]
[ADMIN] 10:55:49.640128 シナリオ走行を開始しました [シナリオ名: 新規ユーザー登録]
[ADMIN] 10:55:49.675803 シナリオ走行を終了しました [シナリオ名: Banユーザログイン]
[ADMIN] 10:55:49.675818 シナリオ走行を開始しました [シナリオ名: Banユーザログイン]
[ADMIN] 10:55:49.682317 シナリオ走行を終了しました [シナリオ名: ログイン]
[ADMIN] 10:55:49.682327 シナリオ走行を開始しました [シナリオ名: ログイン]
[ADMIN] 10:55:49.706532 シナリオ走行を終了しました [シナリオ名: 新規ユーザー登録]
[ADMIN] 10:55:49.706552 シナリオ走行を開始しました [シナリオ名: 新規ユーザー登録]
[ADMIN] 10:55:49.717380 シナリオ走行を終了しました [シナリオ名: ログイン]
[ADMIN] 10:55:49.717389 シナリオ走行を開始しました [シナリオ名: ログイン]
[ADMIN] 10:55:49.765272 シナリオ走行を終了しました [シナリオ名: ログイン]
[ADMIN] 10:55:49.765287 シナリオ走行を開始しました [シナリオ名: ログイン]
[ADMIN] 10:55:49.768512 シナリオ走行を終了しました [シナリオ名: 新規ユーザー登録]
[ADMIN] 10:55:49.768534 シナリオ走行を開始しました [シナリオ名: 新規ユーザー登録]
[ADMIN] 10:55:49.817699 シナリオ走行を終了しました [シナリオ名: ログイン]
[ADMIN] 10:55:49.817710 シナリオ走行を開始しました [シナリオ名: ログイン]
[ADMIN] 10:55:49.836497 シナリオ走行を終了しました [シナリオ名: 新規ユーザー登録]
[ADMIN] 10:55:49.836519 シナリオ走行を開始しました [シナリオ名: 新規ユーザー登録]
[ADMIN] 10:55:49.857433 シナリオ走行を終了しました [シナリオ名: ログイン]
[ADMIN] 10:55:49.857445 シナリオ走行を開始しました [シナリオ名: ログイン]
[ADMIN] 10:55:49.900472 シナリオ走行を終了しました [シナリオ名: ログイン]
[ADMIN] 10:55:49.900482 シナリオ走行を開始しました [シナリオ名: ログイン]
[ADMIN] 10:55:49.910800 シナリオ走行を終了しました [シナリオ名: 新規ユーザー登録]
[ADMIN] 10:55:49.910820 シナリオ走行を開始しました [シナリオ名: 新規ユーザー登録]
[ADMIN] 10:55:49.958363 シナリオ走行を終了しました [シナリオ名: ログイン]
[ADMIN] 10:55:49.958374 シナリオ走行を開始しました [シナリオ名: ログイン]
[ADMIN] 10:55:49.982711 シナリオ走行を終了しました [シナリオ名: 新規ユーザー登録]
[ADMIN] 10:55:49.982728 シナリオ走行を開始しました [シナリオ名: 新規ユーザー登録]
[ADMIN] 10:55:49.998068 シナリオ走行を終了しました [シナリオ名: ログイン]
[ADMIN] 10:55:49.998077 シナリオ走行を開始しました [シナリオ名: ログイン]
[ADMIN] 10:55:50.053446 シナリオ走行を終了しました [シナリオ名: 新規ユーザー登録]
[ADMIN] 10:55:50.053467 シナリオ走行を開始しました [シナリオ名: 新規ユーザー登録]
[ADMIN] 10:55:50.065576 シナリオ走行を終了しました [シナリオ名: ログイン]
[ADMIN] 10:55:50.065586 シナリオ走行を開始しました [シナリオ名: ログイン]
[ADMIN] 10:55:50.123831 シナリオ走行を終了しました [シナリオ名: 新規ユーザー登録]
[ADMIN] 10:55:50.123858 シナリオ走行を開始しました [シナリオ名: 新規ユーザー登録]
[ADMIN] 10:55:50.126021 シナリオ走行を終了しました [シナリオ名: ログイン]
[ADMIN] 10:55:50.126033 シナリオ走行を開始しました [シナリオ名: ログイン]
[ADMIN] 10:55:50.175803 シナリオ走行を終了しました [シナリオ名: ログイン]
[ADMIN] 10:55:50.175817 シナリオ走行を開始しました [シナリオ名: ログイン]
[ADMIN] 10:55:50.178258 シナリオ走行を終了しました [シナリオ名: Banユーザログイン]
[ADMIN] 10:55:50.178270 シナリオ走行を開始しました [シナリオ名: Banユーザログイン]
[ADMIN] 10:55:50.197415 シナリオ走行を終了しました [シナリオ名: 新規ユーザー登録]
[ADMIN] 10:55:50.197433 シナリオ走行を開始しました [シナリオ名: 新規ユーザー登録]
[ADMIN] 10:55:50.227718 シナリオ走行を終了しました [シナリオ名: ログイン]
[ADMIN] 10:55:50.227730 シナリオ走行を開始しました [シナリオ名: ログイン]
[ADMIN] 10:55:50.260253 シナリオ走行を終了しました [シナリオ名: 新規ユーザー登録]
[ADMIN] 10:55:50.260278 シナリオ走行を開始しました [シナリオ名: 新規ユーザー登録]
[ADMIN] 10:55:50.275666 シナリオ走行を終了しました [シナリオ名: ログイン]
[ADMIN] 10:55:50.275679 シナリオ走行を開始しました [シナリオ名: ログイン]
[ADMIN] 10:55:50.322159 シナリオ走行を終了しました [シナリオ名: ログイン]
[ADMIN] 10:55:50.322172 シナリオ走行を開始しました [シナリオ名: ログイン]
[ADMIN] 10:55:50.323443 シナリオ走行を終了しました [シナリオ名: 新規ユーザー登録]
[ADMIN] 10:55:50.323467 シナリオ走行を開始しました [シナリオ名: 新規ユーザー登録]
[ADMIN] 10:55:50.379071 シナリオ走行を終了しました [シナリオ名: ログイン]
[ADMIN] 10:55:50.379084 シナリオ走行を開始しました [シナリオ名: ログイン]
[ADMIN] 10:55:50.385654 シナリオ走行を終了しました [シナリオ名: 新規ユーザー登録]
[ADMIN] 10:55:50.385673 シナリオ走行を開始しました [シナリオ名: 新規ユーザー登録]
[ADMIN] 10:55:50.415495 シナリオ走行を終了しました [シナリオ名: ログイン]
[ADMIN] 10:55:50.415507 シナリオ走行を開始しました [シナリオ名: ログイン]
[ADMIN] 10:55:50.453523 シナリオ走行を終了しました [シナリオ名: 新規ユーザー登録]
[ADMIN] 10:55:50.453547 シナリオ走行を開始しました [シナリオ名: 新規ユーザー登録]
[ADMIN] 10:55:50.454460 シナリオ走行を終了しました [シナリオ名: ログイン]
[ADMIN] 10:55:50.454470 シナリオ走行を開始しました [シナリオ名: ログイン]
[ADMIN] 10:55:50.499830 シナリオ走行を終了しました [シナリオ名: ログイン]
[ADMIN] 10:55:50.499843 シナリオ走行を開始しました [シナリオ名: ログイン]
[ADMIN] 10:55:50.517158 シナリオ走行を終了しました [シナリオ名: 新規ユーザー登録]
[ADMIN] 10:55:50.517177 シナリオ走行を開始しました [シナリオ名: 新規ユーザー登録]
[ADMIN] 10:55:50.552916 シナリオ走行を終了しました [シナリオ名: ログイン]
[ADMIN] 10:55:50.552927 シナリオ走行を開始しました [シナリオ名: ログイン]
[ADMIN] 10:55:50.577770 シナリオ走行を終了しました [シナリオ名: 新規ユーザー登録]
[ADMIN] 10:55:50.577793 シナリオ走行を開始しました [シナリオ名: 新規ユーザー登録]
[ADMIN] 10:55:50.590522 シナリオ走行を終了しました [シナリオ名: ログイン]
[ADMIN] 10:55:50.590534 シナリオ走行を開始しました [シナリオ名: ログイン]
[ADMIN] 10:55:50.639416 シナリオ走行を終了しました [シナリオ名: 新規ユーザー登録]
[ADMIN] 10:55:50.639436 シナリオ走行を開始しました [シナリオ名: 新規ユーザー登録]
[ADMIN] 10:55:50.639990 シナリオ走行を終了しました [シナリオ名: ログイン]
[ADMIN] 10:55:50.640000 シナリオ走行を開始しました [シナリオ名: ログイン]
[ADMIN] 10:55:50.674644 シナリオ走行を終了しました [シナリオ名: ログイン]
[ADMIN] 10:55:50.674655 シナリオ走行を開始しました [シナリオ名: ログイン]
[ADMIN] 10:55:50.685526 シナリオ走行を終了しました [シナリオ名: Banユーザログイン]
[ADMIN] 10:55:50.685540 シナリオ走行を開始しました [シナリオ名: Banユーザログイン]
[ADMIN] 10:55:50.700904 シナリオ走行を終了しました [シナリオ名: 新規ユーザー登録]
[ADMIN] 10:55:50.700922 シナリオ走行を開始しました [シナリオ名: 新規ユーザー登録]
[ADMIN] 10:55:50.725865 シナリオ走行を終了しました [シナリオ名: ログイン]
[ADMIN] 10:55:50.725874 シナリオ走行を開始しました [シナリオ名: ログイン]
[ADMIN] 10:55:50.763387 シナリオ走行を終了しました [シナリオ名: 新規ユーザー登録]
[ADMIN] 10:55:50.763405 シナリオ走行を開始しました [シナリオ名: 新規ユーザー登録]
[ADMIN] 10:55:50.774406 シナリオ走行を終了しました [シナリオ名: ログイン]
[ADMIN] 10:55:50.774417 シナリオ走行を開始しました [シナリオ名: ログイン]
[ADMIN] 10:55:50.808568 シナリオ走行を終了しました [シナリオ名: ログイン]
[ADMIN] 10:55:50.808579 シナリオ走行を開始しました [シナリオ名: ログイン]
[ADMIN] 10:55:50.826076 シナリオ走行を終了しました [シナリオ名: 新規ユーザー登録]
[ADMIN] 10:55:50.826093 シナリオ走行を開始しました [シナリオ名: 新規ユーザー登録]
[ADMIN] 10:55:50.867567 シナリオ走行を終了しました [シナリオ名: ログイン]
[ADMIN] 10:55:50.867579 シナリオ走行を開始しました [シナリオ名: ログイン]
[ADMIN] 10:55:50.900720 シナリオ走行を終了しました [シナリオ名: 新規ユーザー登録]
[ADMIN] 10:55:50.900746 シナリオ走行を開始しました [シナリオ名: 新規ユーザー登録]
[ADMIN] 10:55:50.909044 シナリオ走行を終了しました [シナリオ名: ログイン]
[ADMIN] 10:55:50.909054 シナリオ走行を開始しました [シナリオ名: ログイン]
[ADMIN] 10:55:50.948446 シナリオ走行を終了しました [シナリオ名: ログイン]
[ADMIN] 10:55:50.948459 シナリオ走行を開始しました [シナリオ名: ログイン]
[ADMIN] 10:55:50.971127 シナリオ走行を終了しました [シナリオ名: 新規ユーザー登録]
[ADMIN] 10:55:50.971150 シナリオ走行を開始しました [シナリオ名: 新規ユーザー登録]
[ADMIN] 10:55:51.003716 シナリオ走行を終了しました [シナリオ名: ログイン]
[ADMIN] 10:55:51.003729 シナリオ走行を開始しました [シナリオ名: ログイン]
[ADMIN] 10:55:51.041788 シナリオ走行を終了しました [シナリオ名: 新規ユーザー登録]
[ADMIN] 10:55:51.041812 シナリオ走行を開始しました [シナリオ名: 新規ユーザー登録]
[ADMIN] 10:55:51.069001 シナリオ走行を終了しました [シナリオ名: ログイン]
[ADMIN] 10:55:51.069013 シナリオ走行を開始しました [シナリオ名: ログイン]
[ADMIN] 10:55:51.113899 シナリオ走行を終了しました [シナリオ名: 新規ユーザー登録]
[ADMIN] 10:55:51.113923 シナリオ走行を開始しました [シナリオ名: 新規ユーザー登録]
[ADMIN] 10:55:51.133678 シナリオ走行を終了しました [シナリオ名: ログイン]
[ADMIN] 10:55:51.133690 シナリオ走行を開始しました [シナリオ名: ログイン]
[ADMIN] 10:55:51.184079 シナリオ走行を終了しました [シナリオ名: 新規ユーザー登録]
[ADMIN] 10:55:51.184102 シナリオ走行を開始しました [シナリオ名: 新規ユーザー登録]
[ADMIN] 10:55:51.187686 シナリオ走行を終了しました [シナリオ名: Banユーザログイン]
[ADMIN] 10:55:51.187700 シナリオ走行を開始しました [シナリオ名: Banユーザログイン]
[ADMIN] 10:55:51.197533 シナリオ走行を終了しました [シナリオ名: ログイン]
[ADMIN] 10:55:51.197544 シナリオ走行を開始しました [シナリオ名: ログイン]
[ADMIN] 10:55:51.254761 シナリオ走行を終了しました [シナリオ名: ログイン]
[ADMIN] 10:55:51.254775 シナリオ走行を開始しました [シナリオ名: ログイン]
[ADMIN] 10:55:51.255277 シナリオ走行を終了しました [シナリオ名: 新規ユーザー登録]
[ADMIN] 10:55:51.255296 シナリオ走行を開始しました [シナリオ名: 新規ユーザー登録]
[ADMIN] 10:55:51.302321 シナリオ走行を終了しました [シナリオ名: ログイン]
[ADMIN] 10:55:51.302332 シナリオ走行を開始しました [シナリオ名: ログイン]
[ADMIN] 10:55:51.318346 シナリオ走行を終了しました [シナリオ名: 新規ユーザー登録]
[ADMIN] 10:55:51.318361 シナリオ走行を開始しました [シナリオ名: 新規ユーザー登録]
[ADMIN] 10:55:51.355909 シナリオ走行を終了しました [シナリオ名: ログイン]
[ADMIN] 10:55:51.355921 シナリオ走行を開始しました [シナリオ名: ログイン]
[ADMIN] 10:55:51.380215 シナリオ走行を終了しました [シナリオ名: 新規ユーザー登録]
[ADMIN] 10:55:51.380232 シナリオ走行を開始しました [シナリオ名: 新規ユーザー登録]
[ADMIN] 10:55:51.401730 シナリオ走行を終了しました [シナリオ名: ログイン]
[ADMIN] 10:55:51.401740 シナリオ走行を開始しました [シナリオ名: ログイン]
[ADMIN] 10:55:51.436213 シナリオ走行を終了しました [シナリオ名: ログイン]
[ADMIN] 10:55:51.436225 シナリオ走行を開始しました [シナリオ名: ログイン]
[ADMIN] 10:55:51.445491 シナリオ走行を終了しました [シナリオ名: 新規ユーザー登録]
[ADMIN] 10:55:51.445506 シナリオ走行を開始しました [シナリオ名: 新規ユーザー登録]
[ADMIN] 10:55:51.489116 シナリオ走行を終了しました [シナリオ名: ログイン]
[ADMIN] 10:55:51.489126 シナリオ走行を開始しました [シナリオ名: ログイン]
[ADMIN] 10:55:51.514166 シナリオ走行を終了しました [シナリオ名: 新規ユーザー登録]
[ADMIN] 10:55:51.514185 シナリオ走行を開始しました [シナリオ名: 新規ユーザー登録]
[ADMIN] 10:55:51.542015 シナリオ走行を終了しました [シナリオ名: ログイン]
[ADMIN] 10:55:51.542027 シナリオ走行を開始しました [シナリオ名: ログイン]
[ADMIN] 10:55:51.575163 シナリオ走行を終了しました [シナリオ名: 新規ユーザー登録]
[ADMIN] 10:55:51.575197 シナリオ走行を開始しました [シナリオ名: 新規ユーザー登録]
[ADMIN] 10:55:51.596293 シナリオ走行を終了しました [シナリオ名: ログイン]
[ADMIN] 10:55:51.596307 シナリオ走行を開始しました [シナリオ名: ログイン]
[ADMIN] 10:55:51.631568 シナリオ走行を終了しました [シナリオ名: ログイン]
[ADMIN] 10:55:51.631585 シナリオ走行を開始しました [シナリオ名: ログイン]
[ADMIN] 10:55:51.636592 シナリオ走行を終了しました [シナリオ名: 新規ユーザー登録]
[ADMIN] 10:55:51.636615 シナリオ走行を開始しました [シナリオ名: 新規ユーザー登録]
[ADMIN] 10:55:51.667311 シナリオ走行を終了しました [シナリオ名: ログイン]
[ADMIN] 10:55:51.667321 シナリオ走行を開始しました [シナリオ名: ログイン]
[ADMIN] 10:55:51.690539 シナリオ走行を終了しました [シナリオ名: Banユーザログイン]
[ADMIN] 10:55:51.690555 シナリオ走行を開始しました [シナリオ名: Banユーザログイン]
[ADMIN] 10:55:51.699604 シナリオ走行を終了しました [シナリオ名: 新規ユーザー登録]
[ADMIN] 10:55:51.699624 シナリオ走行を開始しました [シナリオ名: 新規ユーザー登録]
[ADMIN] 10:55:51.719088 シナリオ走行を終了しました [シナリオ名: ログイン]
[ADMIN] 10:55:51.719099 シナリオ走行を開始しました [シナリオ名: ログイン]
[ADMIN] 10:55:51.762798 シナリオ走行を終了しました [シナリオ名: 新規ユーザー登録]
[ADMIN] 10:55:51.762826 シナリオ走行を開始しました [シナリオ名: 新規ユーザー登録]
[ADMIN] 10:55:51.763767 シナリオ走行を終了しました [シナリオ名: ログイン]
[ADMIN] 10:55:51.763780 シナリオ走行を開始しました [シナリオ名: ログイン]
[ADMIN] 10:55:51.819019 シナリオ走行を終了しました [シナリオ名: ログイン]
[ADMIN] 10:55:51.819035 シナリオ走行を開始しました [シナリオ名: ログイン]
[ADMIN] 10:55:51.824968 シナリオ走行を終了しました [シナリオ名: 新規ユーザー登録]
[ADMIN] 10:55:51.824987 シナリオ走行を開始しました [シナリオ名: 新規ユーザー登録]
[ADMIN] 10:55:51.856231 シナリオ走行を終了しました [シナリオ名: ログイン]
[ADMIN] 10:55:51.856242 シナリオ走行を開始しました [シナリオ名: ログイン]
[ADMIN] 10:55:51.892125 シナリオ走行を終了しました [シナリオ名: 新規ユーザー登録]
[ADMIN] 10:55:51.892144 シナリオ走行を開始しました [シナリオ名: 新規ユーザー登録]
[ADMIN] 10:55:51.911424 シナリオ走行を終了しました [シナリオ名: ログイン]
[ADMIN] 10:55:51.911435 シナリオ走行を開始しました [シナリオ名: ログイン]
[ADMIN] 10:55:51.951396 シナリオ走行を終了しました [シナリオ名: ログイン]
[ADMIN] 10:55:51.951410 シナリオ走行を開始しました [シナリオ名: ログイン]
[ADMIN] 10:55:51.963613 シナリオ走行を終了しました [シナリオ名: 新規ユーザー登録]
[ADMIN] 10:55:51.963635 シナリオ走行を開始しました [シナリオ名: 新規ユーザー登録]
[ADMIN] 10:55:52.004953 シナリオ走行を終了しました [シナリオ名: ログイン]
[ADMIN] 10:55:52.004966 シナリオ走行を開始しました [シナリオ名: ログイン]
[ADMIN] 10:55:52.036688 シナリオ走行を終了しました [シナリオ名: 新規ユーザー登録]
[ADMIN] 10:55:52.036714 シナリオ走行を開始しました [シナリオ名: 新規ユーザー登録]
[ADMIN] 10:55:52.049148 シナリオ走行を終了しました [シナリオ名: ログイン]
[ADMIN] 10:55:52.049157 シナリオ走行を開始しました [シナリオ名: ログイン]
[ADMIN] 10:55:52.102965 シナリオ走行を終了しました [シナリオ名: ログイン]
[ADMIN] 10:55:52.102979 シナリオ走行を開始しました [シナリオ名: ログイン]
[ADMIN] 10:55:52.107583 シナリオ走行を終了しました [シナリオ名: 新規ユーザー登録]
[ADMIN] 10:55:52.107602 シナリオ走行を開始しました [シナリオ名: 新規ユーザー登録]
[ADMIN] 10:55:52.168883 シナリオ走行を終了しました [シナリオ名: ログイン]
[ADMIN] 10:55:52.168894 シナリオ走行を開始しました [シナリオ名: ログイン]
[ADMIN] 10:55:52.180932 シナリオ走行を終了しました [シナリオ名: 新規ユーザー登録]
[ADMIN] 10:55:52.180951 シナリオ走行を開始しました [シナリオ名: 新規ユーザー登録]
[ADMIN] 10:55:52.193164 シナリオ走行を終了しました [シナリオ名: Banユーザログイン]
[ADMIN] 10:55:52.193180 シナリオ走行を開始しました [シナリオ名: Banユーザログイン]
[ADMIN] 10:55:52.219378 シナリオ走行を終了しました [シナリオ名: ログイン]
[ADMIN] 10:55:52.219388 シナリオ走行を開始しました [シナリオ名: ログイン]
[ADMIN] 10:55:52.250142 シナリオ走行を終了しました [シナリオ名: 新規ユーザー登録]
[ADMIN] 10:55:52.250159 シナリオ走行を開始しました [シナリオ名: 新規ユーザー登録]
[ADMIN] 10:55:52.267506 シナリオ走行を終了しました [シナリオ名: ログイン]
[ADMIN] 10:55:52.267514 シナリオ走行を開始しました [シナリオ名: ログイン]
[ADMIN] 10:55:52.313887 シナリオ走行を終了しました [シナリオ名: 新規ユーザー登録]
[ADMIN] 10:55:52.313904 シナリオ走行を開始しました [シナリオ名: 新規ユーザー登録]
[ADMIN] 10:55:52.321548 シナリオ走行を終了しました [シナリオ名: ログイン]
[ADMIN] 10:55:52.321558 シナリオ走行を開始しました [シナリオ名: ログイン]
[ADMIN] 10:55:52.366511 シナリオ走行を終了しました [シナリオ名: ログイン]
[ADMIN] 10:55:52.366522 シナリオ走行を開始しました [シナリオ名: ログイン]
[ADMIN] 10:55:52.381175 シナリオ走行を終了しました [シナリオ名: 新規ユーザー登録]
[ADMIN] 10:55:52.381193 シナリオ走行を開始しました [シナリオ名: 新規ユーザー登録]
[ADMIN] 10:55:52.400837 シナリオ走行を終了しました [シナリオ名: ログイン]
[ADMIN] 10:55:52.400851 シナリオ走行を開始しました [シナリオ名: ログイン]
[ADMIN] 10:55:52.436363 シナリオ走行を終了しました [シナリオ名: ログイン]
[ADMIN] 10:55:52.436378 シナリオ走行を開始しました [シナリオ名: ログイン]
[ADMIN] 10:55:52.446465 シナリオ走行を終了しました [シナリオ名: 新規ユーザー登録]
[ADMIN] 10:55:52.446488 シナリオ走行を開始しました [シナリオ名: 新規ユーザー登録]
[ADMIN] 10:55:52.489209 シナリオ走行を終了しました [シナリオ名: ログイン]
[ADMIN] 10:55:52.489221 シナリオ走行を開始しました [シナリオ名: ログイン]
[ADMIN] 10:55:52.508461 シナリオ走行を終了しました [シナリオ名: 新規ユーザー登録]
[ADMIN] 10:55:52.508482 シナリオ走行を開始しました [シナリオ名: 新規ユーザー登録]
[ADMIN] 10:55:52.535438 シナリオ走行を終了しました [シナリオ名: ログイン]
[ADMIN] 10:55:52.535451 シナリオ走行を開始しました [シナリオ名: ログイン]
[ADMIN] 10:55:52.570480 シナリオ走行を終了しました [シナリオ名: 新規ユーザー登録]
[ADMIN] 10:55:52.570499 シナリオ走行を開始しました [シナリオ名: 新規ユーザー登録]
[ADMIN] 10:55:52.591182 シナリオ走行を終了しました [シナリオ名: ログイン]
[ADMIN] 10:55:52.591194 シナリオ走行を開始しました [シナリオ名: ログイン]
[ADMIN] 10:55:52.630896 シナリオ走行を終了しました [シナリオ名: 新規ユーザー登録]
[ADMIN] 10:55:52.630922 シナリオ走行を開始しました [シナリオ名: 新規ユーザー登録]
[ADMIN] 10:55:52.637454 シナリオ走行を終了しました [シナリオ名: ログイン]
[ADMIN] 10:55:52.637464 シナリオ走行を開始しました [シナリオ名: ログイン]
[ADMIN] 10:55:52.690432 シナリオ走行を終了しました [シナリオ名: ログイン]
[ADMIN] 10:55:52.690446 シナリオ走行を開始しました [シナリオ名: ログイン]
[ADMIN] 10:55:52.692380 シナリオ走行を終了しました [シナリオ名: 新規ユーザー登録]
[ADMIN] 10:55:52.692429 シナリオ走行を開始しました [シナリオ名: 新規ユーザー登録]
[ADMIN] 10:55:52.695861 シナリオ走行を終了しました [シナリオ名: Banユーザログイン]
[ADMIN] 10:55:52.695876 シナリオ走行を開始しました [シナリオ名: Banユーザログイン]
[ADMIN] 10:55:52.745848 シナリオ走行を終了しました [シナリオ名: ログイン]
[ADMIN] 10:55:52.745862 シナリオ走行を開始しました [シナリオ名: ログイン]
[ADMIN] 10:55:52.753896 シナリオ走行を終了しました [シナリオ名: 新規ユーザー登録]
[ADMIN] 10:55:52.753921 シナリオ走行を開始しました [シナリオ名: 新規ユーザー登録]
[ADMIN] 10:55:52.798989 シナリオ走行を終了しました [シナリオ名: ログイン]
[ADMIN] 10:55:52.799001 シナリオ走行を開始しました [シナリオ名: ログイン]
[ADMIN] 10:55:52.817267 シナリオ走行を終了しました [シナリオ名: 新規ユーザー登録]
[ADMIN] 10:55:52.817287 シナリオ走行を開始しました [シナリオ名: 新規ユーザー登録]
[ADMIN] 10:55:52.854415 シナリオ走行を終了しました [シナリオ名: ログイン]
[ADMIN] 10:55:52.854431 シナリオ走行を開始しました [シナリオ名: ログイン]
[ADMIN] 10:55:52.883460 シナリオ走行を終了しました [シナリオ名: 新規ユーザー登録]
[ADMIN] 10:55:52.883485 シナリオ走行を開始しました [シナリオ名: 新規ユーザー登録]
[ADMIN] 10:55:52.907358 シナリオ走行を終了しました [シナリオ名: ログイン]
[ADMIN] 10:55:52.907369 シナリオ走行を開始しました [シナリオ名: ログイン]
[ADMIN] 10:55:52.952934 シナリオ走行を終了しました [シナリオ名: 新規ユーザー登録]
[ADMIN] 10:55:52.952953 シナリオ走行を開始しました [シナリオ名: 新規ユーザー登録]
[ADMIN] 10:55:52.973563 シナリオ走行を終了しました [シナリオ名: ログイン]
[ADMIN] 10:55:52.973574 シナリオ走行を開始しました [シナリオ名: ログイン]
[ADMIN] 10:55:53.021654 シナリオ走行を終了しました [シナリオ名: 新規ユーザー登録]
[ADMIN] 10:55:53.021678 シナリオ走行を開始しました [シナリオ名: 新規ユーザー登録]
[ADMIN] 10:55:53.028833 シナリオ走行を終了しました [シナリオ名: ログイン]
[ADMIN] 10:55:53.028842 シナリオ走行を開始しました [シナリオ名: ログイン]
[ADMIN] 10:55:53.086099 シナリオ走行を終了しました [シナリオ名: ログイン]
[ADMIN] 10:55:53.086111 シナリオ走行を開始しました [シナリオ名: ログイン]
[ADMIN] 10:55:53.092173 シナリオ走行を終了しました [シナリオ名: 新規ユーザー登録]
[ADMIN] 10:55:53.092192 シナリオ走行を開始しました [シナリオ名: 新規ユーザー登録]
[ADMIN] 10:55:53.139143 シナリオ走行を終了しました [シナリオ名: ログイン]
[ADMIN] 10:55:53.139156 シナリオ走行を開始しました [シナリオ名: ログイン]
[ADMIN] 10:55:53.161831 シナリオ走行を終了しました [シナリオ名: 新規ユーザー登録]
[ADMIN] 10:55:53.161852 シナリオ走行を開始しました [シナリオ名: 新規ユーザー登録]
[ADMIN] 10:55:53.191186 シナリオ走行を終了しました [シナリオ名: ログイン]
[ADMIN] 10:55:53.191196 シナリオ走行を開始しました [シナリオ名: ログイン]
[ADMIN] 10:55:53.198639 シナリオ走行を終了しました [シナリオ名: Banユーザログイン]
[ADMIN] 10:55:53.198657 シナリオ走行を開始しました [シナリオ名: Banユーザログイン]
[ADMIN] 10:55:53.232352 シナリオ走行を終了しました [シナリオ名: ログイン]
[ADMIN] 10:55:53.232364 シナリオ走行を開始しました [シナリオ名: ログイン]
[ADMIN] 10:55:53.236531 シナリオ走行を終了しました [シナリオ名: 新規ユーザー登録]
[ADMIN] 10:55:53.236552 シナリオ走行を開始しました [シナリオ名: 新規ユーザー登録]
[ADMIN] 10:55:53.280918 シナリオ走行を終了しました [シナリオ名: ログイン]
[ADMIN] 10:55:53.280933 シナリオ走行を開始しました [シナリオ名: ログイン]
[ADMIN] 10:55:53.298188 シナリオ走行を終了しました [シナリオ名: 新規ユーザー登録]
[ADMIN] 10:55:53.298212 シナリオ走行を開始しました [シナリオ名: 新規ユーザー登録]
[ADMIN] 10:55:53.326796 シナリオ走行を終了しました [シナリオ名: ログイン]
[ADMIN] 10:55:53.326811 シナリオ走行を開始しました [シナリオ名: ログイン]
[ADMIN] 10:55:53.361780 シナリオ走行を終了しました [シナリオ名: 新規ユーザー登録]
[ADMIN] 10:55:53.361802 シナリオ走行を開始しました [シナリオ名: 新規ユーザー登録]
[ADMIN] 10:55:53.362199 シナリオ走行を終了しました [シナリオ名: ログイン]
[ADMIN] 10:55:53.362208 シナリオ走行を開始しました [シナリオ名: ログイン]
[ADMIN] 10:55:53.397310 シナリオ走行を終了しました [シナリオ名: ログイン]
[ADMIN] 10:55:53.397321 シナリオ走行を開始しました [シナリオ名: ログイン]
[ADMIN] 10:55:53.424092 シナリオ走行を終了しました [シナリオ名: 新規ユーザー登録]
[ADMIN] 10:55:53.424112 シナリオ走行を開始しました [シナリオ名: 新規ユーザー登録]
[ADMIN] 10:55:53.455940 シナリオ走行を終了しました [シナリオ名: ログイン]
[ADMIN] 10:55:53.455951 シナリオ走行を開始しました [シナリオ名: ログイン]
[ADMIN] 10:55:53.485627 シナリオ走行を終了しました [シナリオ名: 新規ユーザー登録]
[ADMIN] 10:55:53.485645 シナリオ走行を開始しました [シナリオ名: 新規ユーザー登録]
[ADMIN] 10:55:53.492787 シナリオ走行を終了しました [シナリオ名: ログイン]
[ADMIN] 10:55:53.492800 シナリオ走行を開始しました [シナリオ名: ログイン]
[ADMIN] 10:55:53.537946 シナリオ走行を終了しました [シナリオ名: ログイン]
[ADMIN] 10:55:53.537959 シナリオ走行を開始しました [シナリオ名: ログイン]
[ADMIN] 10:55:53.548082 シナリオ走行を終了しました [シナリオ名: 新規ユーザー登録]
[ADMIN] 10:55:53.548104 シナリオ走行を開始しました [シナリオ名: 新規ユーザー登録]
[ADMIN] 10:55:53.584728 シナリオ走行を終了しました [シナリオ名: ログイン]
[ADMIN] 10:55:53.584740 シナリオ走行を開始しました [シナリオ名: ログイン]
[ADMIN] 10:55:53.610083 シナリオ走行を終了しました [シナリオ名: 新規ユーザー登録]
[ADMIN] 10:55:53.610100 シナリオ走行を開始しました [シナリオ名: 新規ユーザー登録]
[ADMIN] 10:55:53.637744 シナリオ走行を終了しました [シナリオ名: ログイン]
[ADMIN] 10:55:53.637754 シナリオ走行を開始しました [シナリオ名: ログイン]
[ADMIN] 10:55:53.670677 シナリオ走行を終了しました [シナリオ名: ログイン]
[ADMIN] 10:55:53.670686 シナリオ走行を開始しました [シナリオ名: ログイン]
[ADMIN] 10:55:53.672311 シナリオ走行を終了しました [シナリオ名: 新規ユーザー登録]
[ADMIN] 10:55:53.672329 シナリオ走行を開始しました [シナリオ名: 新規ユーザー登録]
[ADMIN] 10:55:53.701727 シナリオ走行を終了しました [シナリオ名: Banユーザログイン]
[ADMIN] 10:55:53.701741 シナリオ走行を開始しました [シナリオ名: Banユーザログイン]
[ADMIN] 10:55:53.725792 シナリオ走行を終了しました [シナリオ名: ログイン]
[ADMIN] 10:55:53.725801 シナリオ走行を開始しました [シナリオ名: ログイン]
[ADMIN] 10:55:53.736117 シナリオ走行を終了しました [シナリオ名: 新規ユーザー登録]
[ADMIN] 10:55:53.736133 シナリオ走行を開始しました [シナリオ名: 新規ユーザー登録]
[ADMIN] 10:55:53.759219 シナリオ走行を終了しました [シナリオ名: ログイン]
[ADMIN] 10:55:53.759229 シナリオ走行を開始しました [シナリオ名: ログイン]
[ADMIN] 10:55:53.801080 シナリオ走行を終了しました [シナリオ名: 新規ユーザー登録]
[ADMIN] 10:55:53.801098 シナリオ走行を開始しました [シナリオ名: 新規ユーザー登録]
[ADMIN] 10:55:53.808100 シナリオ走行を終了しました [シナリオ名: ログイン]
[ADMIN] 10:55:53.808109 シナリオ走行を開始しました [シナリオ名: ログイン]
[ADMIN] 10:55:53.855419 シナリオ走行を終了しました [シナリオ名: ログイン]
[ADMIN] 10:55:53.855430 シナリオ走行を開始しました [シナリオ名: ログイン]
[ADMIN] 10:55:53.867225 シナリオ走行を終了しました [シナリオ名: 新規ユーザー登録]
[ADMIN] 10:55:53.867251 シナリオ走行を開始しました [シナリオ名: 新規ユーザー登録]
[ADMIN] 10:55:53.895404 シナリオ走行を終了しました [シナリオ名: ログイン]
[ADMIN] 10:55:53.895422 シナリオ走行を開始しました [シナリオ名: ログイン]
[ADMIN] 10:55:53.941685 シナリオ走行を終了しました [シナリオ名: 新規ユーザー登録]
[ADMIN] 10:55:53.941705 シナリオ走行を開始しました [シナリオ名: 新規ユーザー登録]
[ADMIN] 10:55:53.946194 シナリオ走行を終了しました [シナリオ名: ログイン]
[ADMIN] 10:55:53.946206 シナリオ走行を開始しました [シナリオ名: ログイン]
[ADMIN] 10:55:54.005060 シナリオ走行を終了しました [シナリオ名: ログイン]
[ADMIN] 10:55:54.005076 シナリオ走行を開始しました [シナリオ名: ログイン]
[ADMIN] 10:55:54.012219 シナリオ走行を終了しました [シナリオ名: 新規ユーザー登録]
[ADMIN] 10:55:54.012236 シナリオ走行を開始しました [シナリオ名: 新規ユーザー登録]
[ADMIN] 10:55:54.058463 シナリオ走行を終了しました [シナリオ名: ログイン]
[ADMIN] 10:55:54.058479 シナリオ走行を開始しました [シナリオ名: ログイン]
[ADMIN] 10:55:54.082846 シナリオ走行を終了しました [シナリオ名: 新規ユーザー登録]
[ADMIN] 10:55:54.082870 シナリオ走行を開始しました [シナリオ名: 新規ユーザー登録]
[ADMIN] 10:55:54.124802 シナリオ走行を終了しました [シナリオ名: ログイン]
[ADMIN] 10:55:54.124816 シナリオ走行を開始しました [シナリオ名: ログイン]
[ADMIN] 10:55:54.163253 シナリオ走行を終了しました [シナリオ名: 新規ユーザー登録]
[ADMIN] 10:55:54.163277 シナリオ走行を開始しました [シナリオ名: 新規ユーザー登録]
[ADMIN] 10:55:54.174401 シナリオ走行を終了しました [シナリオ名: ログイン]
[ADMIN] 10:55:54.174414 シナリオ走行を開始しました [シナリオ名: ログイン]
[ADMIN] 10:55:54.204526 シナリオ走行を終了しました [シナリオ名: Banユーザログイン]
[ADMIN] 10:55:54.204544 シナリオ走行を開始しました [シナリオ名: Banユーザログイン]
[ADMIN] 10:55:54.227792 シナリオ走行を終了しました [シナリオ名: ログイン]
[ADMIN] 10:55:54.227805 シナリオ走行を開始しました [シナリオ名: ログイン]
[ADMIN] 10:55:54.233267 シナリオ走行を終了しました [シナリオ名: 新規ユーザー登録]
[ADMIN] 10:55:54.233291 シナリオ走行を開始しました [シナリオ名: 新規ユーザー登録]
[ADMIN] 10:55:54.262985 シナリオ走行を終了しました [シナリオ名: ログイン]
[ADMIN] 10:55:54.262995 シナリオ走行を開始しました [シナリオ名: ログイン]
[ADMIN] 10:55:54.296609 シナリオ走行を終了しました [シナリオ名: 新規ユーザー登録]
[ADMIN] 10:55:54.296634 シナリオ走行を開始しました [シナリオ名: 新規ユーザー登録]
[ADMIN] 10:55:54.309719 シナリオ走行を終了しました [シナリオ名: ログイン]
[ADMIN] 10:55:54.309732 シナリオ走行を開始しました [シナリオ名: ログイン]
[ADMIN] 10:55:54.342899 シナリオ走行を終了しました [シナリオ名: ログイン]
[ADMIN] 10:55:54.342911 シナリオ走行を開始しました [シナリオ名: ログイン]
[ADMIN] 10:55:54.358446 シナリオ走行を終了しました [シナリオ名: 新規ユーザー登録]
[ADMIN] 10:55:54.358464 シナリオ走行を開始しました [シナリオ名: 新規ユーザー登録]
[ADMIN] 10:55:54.391500 シナリオ走行を終了しました [シナリオ名: ログイン]
[ADMIN] 10:55:54.391514 シナリオ走行を開始しました [シナリオ名: ログイン]
[ADMIN] 10:55:54.420048 シナリオ走行を終了しました [シナリオ名: 新規ユーザー登録]
[ADMIN] 10:55:54.420073 シナリオ走行を開始しました [シナリオ名: 新規ユーザー登録]
[ADMIN] 10:55:54.425030 シナリオ走行を終了しました [シナリオ名: ログイン]
[ADMIN] 10:55:54.425042 シナリオ走行を開始しました [シナリオ名: ログイン]
[ADMIN] 10:55:54.491130 シナリオ走行を終了しました [シナリオ名: ログイン]
[ADMIN] 10:55:54.491145 シナリオ走行を開始しました [シナリオ名: ログイン]
[ADMIN] 10:55:54.500225 シナリオ走行を終了しました [シナリオ名: 新規ユーザー登録]
[ADMIN] 10:55:54.500241 シナリオ走行を開始しました [シナリオ名: 新規ユーザー登録]
[ADMIN] 10:55:54.545862 シナリオ走行を終了しました [シナリオ名: ログイン]
[ADMIN] 10:55:54.545874 シナリオ走行を開始しました [シナリオ名: ログイン]
[ADMIN] 10:55:54.562013 シナリオ走行を終了しました [シナリオ名: 新規ユーザー登録]
[ADMIN] 10:55:54.562034 シナリオ走行を開始しました [シナリオ名: 新規ユーザー登録]
[ADMIN] 10:55:54.591105 シナリオ走行を終了しました [シナリオ名: ログイン]
[ADMIN] 10:55:54.591117 シナリオ走行を開始しました [シナリオ名: ログイン]
[ADMIN] 10:55:54.621831 シナリオ走行を終了しました [シナリオ名: 新規ユーザー登録]
[ADMIN] 10:55:54.621853 シナリオ走行を開始しました [シナリオ名: 新規ユーザー登録]
[ADMIN] 10:55:54.646736 シナリオ走行を終了しました [シナリオ名: ログイン]
[ADMIN] 10:55:54.646747 シナリオ走行を開始しました [シナリオ名: ログイン]
[ADMIN] 10:55:54.685717 シナリオ走行を終了しました [シナリオ名: 新規ユーザー登録]
[ADMIN] 10:55:54.685737 シナリオ走行を開始しました [シナリオ名: 新規ユーザー登録]
[ADMIN] 10:55:54.691850 シナリオ走行を終了しました [シナリオ名: ログイン]
[ADMIN] 10:55:54.691860 シナリオ走行を開始しました [シナリオ名: ログイン]
[ADMIN] 10:55:54.707069 シナリオ走行を終了しました [シナリオ名: Banユーザログイン]
[ADMIN] 10:55:54.707084 シナリオ走行を開始しました [シナリオ名: Banユーザログイン]
[ADMIN] 10:55:54.735469 シナリオ走行を終了しました [シナリオ名: ログイン]
[ADMIN] 10:55:54.735478 シナリオ走行を開始しました [シナリオ名: ログイン]
[ADMIN] 10:55:54.753410 シナリオ走行を終了しました [シナリオ名: 新規ユーザー登録]
[ADMIN] 10:55:54.753431 シナリオ走行を開始しました [シナリオ名: 新規ユーザー登録]
[ADMIN] 10:55:54.787932 シナリオ走行を終了しました [シナリオ名: ログイン]
[ADMIN] 10:55:54.787943 シナリオ走行を開始しました [シナリオ名: ログイン]
[ADMIN] 10:55:54.814796 シナリオ走行を終了しました [シナリオ名: 新規ユーザー登録]
[ADMIN] 10:55:54.814821 シナリオ走行を開始しました [シナリオ名: 新規ユーザー登録]
[ADMIN] 10:55:54.841580 シナリオ走行を終了しました [シナリオ名: ログイン]
[ADMIN] 10:55:54.841591 シナリオ走行を開始しました [シナリオ名: ログイン]
[ADMIN] 10:55:54.880726 シナリオ走行を終了しました [シナリオ名: ログイン]
[ADMIN] 10:55:54.880739 シナリオ走行を開始しました [シナリオ名: ログイン]
[ADMIN] 10:55:54.884653 シナリオ走行を終了しました [シナリオ名: 新規ユーザー登録]
[ADMIN] 10:55:54.884672 シナリオ走行を開始しました [シナリオ名: 新規ユーザー登録]
[ADMIN] 10:55:54.931144 シナリオ走行を終了しました [シナリオ名: ログイン]
[ADMIN] 10:55:54.931154 シナリオ走行を開始しました [シナリオ名: ログイン]
[ADMIN] 10:55:54.957383 シナリオ走行を終了しました [シナリオ名: 新規ユーザー登録]
[ADMIN] 10:55:54.957400 シナリオ走行を開始しました [シナリオ名: 新規ユーザー登録]
[ADMIN] 10:55:54.971672 シナリオ走行を終了しました [シナリオ名: ログイン]
[ADMIN] 10:55:54.971684 シナリオ走行を開始しました [シナリオ名: ログイン]
[ADMIN] 10:55:55.027729 シナリオ走行を終了しました [シナリオ名: 新規ユーザー登録]
[ADMIN] 10:55:55.027758 シナリオ走行を開始しました [シナリオ名: 新規ユーザー登録]
[ADMIN] 10:55:55.031360 シナリオ走行を終了しました [シナリオ名: ログイン]
[ADMIN] 10:55:55.031378 シナリオ走行を開始しました [シナリオ名: ログイン]
[ADMIN] 10:55:55.082139 シナリオ走行を終了しました [シナリオ名: ログイン]
[ADMIN] 10:55:55.082151 シナリオ走行を開始しました [シナリオ名: ログイン]
[ADMIN] 10:55:55.100796 シナリオ走行を終了しました [シナリオ名: 新規ユーザー登録]
[ADMIN] 10:55:55.100817 シナリオ走行を開始しました [シナリオ名: 新規ユーザー登録]
[ADMIN] 10:55:55.118831 シナリオ走行を終了しました [シナリオ名: ログイン]
[ADMIN] 10:55:55.118842 シナリオ走行を開始しました [シナリオ名: ログイン]
10:55:55.139904 現在のログイン成功数: [total: 205 (+205人)]
10:55:55.139912 現在のユーザー登録成功数: [total: 150 (+150人)]
[ADMIN] 10:55:55.169971 シナリオ走行を終了しました [シナリオ名: 新規ユーザー登録]
[ADMIN] 10:55:55.169990 シナリオ走行を開始しました [シナリオ名: 新規ユーザー登録]
[ADMIN] 10:55:55.172430 シナリオ走行を終了しました [シナリオ名: ログイン]
[ADMIN] 10:55:55.172441 シナリオ走行を開始しました [シナリオ名: ログイン]
[ADMIN] 10:55:55.209794 シナリオ走行を終了しました [シナリオ名: Banユーザログイン]
[ADMIN] 10:55:55.209810 シナリオ走行を開始しました [シナリオ名: Banユーザログイン]
[ADMIN] 10:55:55.235821 シナリオ走行を終了しました [シナリオ名: ログイン]
[ADMIN] 10:55:55.235846 シナリオ走行を開始しました [シナリオ名: ログイン]
[ADMIN] 10:55:55.235848 シナリオ走行を開始しました [シナリオ名: ログイン]
[ADMIN] 10:55:55.235886 シナリオ走行を開始しました [シナリオ名: ログイン]
[ADMIN] 10:55:55.235891 シナリオ走行を開始しました [シナリオ名: ログイン]
[ADMIN] 10:55:55.235897 シナリオ走行を開始しました [シナリオ名: ログイン]
[ADMIN] 10:55:55.235900 シナリオ走行を開始しました [シナリオ名: ログイン]
[ADMIN] 10:55:55.235903 シナリオ走行を開始しました [シナリオ名: ログイン]
[ADMIN] 10:55:55.235907 シナリオ走行を開始しました [シナリオ名: ログイン]
[ADMIN] 10:55:55.235925 シナリオ走行を開始しました [シナリオ名: ログイン]
[ADMIN] 10:55:55.235956 シナリオ走行を開始しました [シナリオ名: ログイン]
[ADMIN] 10:55:55.235846 シナリオ走行を開始しました [シナリオ名: ログイン]
[ADMIN] 10:55:55.235961 シナリオ走行を開始しました [シナリオ名: ログイン]
[ADMIN] 10:55:55.235965 シナリオ走行を開始しました [シナリオ名: ログイン]
[ADMIN] 10:55:55.252736 シナリオ走行を終了しました [シナリオ名: ログイン]
[ADMIN] 10:55:55.252748 シナリオ走行を開始しました [シナリオ名: ログイン]
[ADMIN] 10:55:55.333635 シナリオ走行を終了しました [シナリオ名: 新規ユーザー登録]
[ADMIN] 10:55:55.333655 シナリオ走行を開始しました [シナリオ名: 新規ユーザー登録]
[ADMIN] 10:55:55.378837 シナリオ走行を終了しました [シナリオ名: ログイン]
[ADMIN] 10:55:55.378854 シナリオ走行を開始しました [シナリオ名: ログイン]
[ADMIN] 10:55:55.431876 シナリオ走行を終了しました [シナリオ名: ログイン]
[ADMIN] 10:55:55.431890 シナリオ走行を開始しました [シナリオ名: ログイン]
[ADMIN] 10:55:55.434026 シナリオ走行を終了しました [シナリオ名: ログイン]
[ADMIN] 10:55:55.434034 シナリオ走行を開始しました [シナリオ名: ログイン]
[ADMIN] 10:55:55.447237 シナリオ走行を終了しました [シナリオ名: ログイン]
[ADMIN] 10:55:55.447247 シナリオ走行を開始しました [シナリオ名: ログイン]
[ADMIN] 10:55:55.524264 シナリオ走行を終了しました [シナリオ名: ログイン]
[ADMIN] 10:55:55.524280 シナリオ走行を開始しました [シナリオ名: ログイン]
[ADMIN] 10:55:55.589373 シナリオ走行を終了しました [シナリオ名: ログイン]
[ADMIN] 10:55:55.589389 シナリオ走行を開始しました [シナリオ名: ログイン]
[ADMIN] 10:55:55.610085 シナリオ走行を終了しました [シナリオ名: ログイン]
[ADMIN] 10:55:55.610099 シナリオ走行を開始しました [シナリオ名: ログイン]
[ADMIN] 10:55:55.619646 シナリオ走行を終了しました [シナリオ名: ログイン]
[ADMIN] 10:55:55.619655 シナリオ走行を開始しました [シナリオ名: ログイン]
[ADMIN] 10:55:55.641883 シナリオ走行を終了しました [シナリオ名: ログイン]
[ADMIN] 10:55:55.642039 シナリオ走行を開始しました [シナリオ名: ログイン]
[ADMIN] 10:55:55.649393 シナリオ走行を終了しました [シナリオ名: ログイン]
[ADMIN] 10:55:55.649461 シナリオ走行を開始しました [シナリオ名: ログイン]
[ADMIN] 10:55:55.655349 シナリオ走行を終了しました [シナリオ名: ログイン]
[ADMIN] 10:55:55.655359 シナリオ走行を開始しました [シナリオ名: ログイン]
[ADMIN] 10:55:55.658849 シナリオ走行を終了しました [シナリオ名: ログイン]
[ADMIN] 10:55:55.658859 シナリオ走行を開始しました [シナリオ名: ログイン]
[ADMIN] 10:55:55.690785 シナリオ走行を終了しました [シナリオ名: ログイン]
[ADMIN] 10:55:55.690802 シナリオ走行を開始しました [シナリオ名: ログイン]
[ADMIN] 10:55:55.712489 シナリオ走行を終了しました [シナリオ名: Banユーザログイン]
[ADMIN] 10:55:55.712509 シナリオ走行を開始しました [シナリオ名: Banユーザログイン]
[ADMIN] 10:55:55.727170 シナリオ走行を終了しました [シナリオ名: ログイン]
[ADMIN] 10:55:55.727181 シナリオ走行を開始しました [シナリオ名: ログイン]
[ADMIN] 10:55:55.730594 シナリオ走行を終了しました [シナリオ名: ログイン]
[ADMIN] 10:55:55.730602 シナリオ走行を開始しました [シナリオ名: ログイン]
[ADMIN] 10:55:55.737193 シナリオ走行を終了しました [シナリオ名: ログイン]
[ADMIN] 10:55:55.737204 シナリオ走行を開始しました [シナリオ名: ログイン]
[ADMIN] 10:55:55.743392 シナリオ走行を終了しました [シナリオ名: 新規ユーザー登録]
[ADMIN] 10:55:55.743418 シナリオ走行を開始しました [シナリオ名: 新規ユーザー登録]
[ADMIN] 10:55:55.743464 シナリオ走行を開始しました [シナリオ名: 新規ユーザー登録]
[ADMIN] 10:55:55.743476 シナリオ走行を開始しました [シナリオ名: 新規ユーザー登録]
[ADMIN] 10:55:55.743485 シナリオ走行を開始しました [シナリオ名: 新規ユーザー登録]
[ADMIN] 10:55:55.743540 シナリオ走行を開始しました [シナリオ名: 新規ユーザー登録]
[ADMIN] 10:55:55.775882 シナリオ走行を終了しました [シナリオ名: ログイン]
[ADMIN] 10:55:55.775892 シナリオ走行を開始しました [シナリオ名: ログイン]
[ADMIN] 10:55:55.855664 シナリオ走行を終了しました [シナリオ名: ログイン]
[ADMIN] 10:55:55.855676 シナリオ走行を開始しました [シナリオ名: ログイン]
[ADMIN] 10:55:55.891595 シナリオ走行を終了しました [シナリオ名: ログイン]
[ADMIN] 10:55:55.891616 シナリオ走行を開始しました [シナリオ名: ログイン]
[ADMIN] 10:55:55.926916 シナリオ走行を終了しました [シナリオ名: ログイン]
[ADMIN] 10:55:55.926929 シナリオ走行を開始しました [シナリオ名: ログイン]
[ADMIN] 10:55:55.988733 シナリオ走行を終了しました [シナリオ名: ログイン]
[ADMIN] 10:55:55.988744 シナリオ走行を開始しました [シナリオ名: ログイン]
[ADMIN] 10:55:56.000919 シナリオ走行を終了しました [シナリオ名: ログイン]
[ADMIN] 10:55:56.000932 シナリオ走行を開始しました [シナリオ名: ログイン]
[ADMIN] 10:55:56.040858 シナリオ走行を終了しました [シナリオ名: ログイン]
[ADMIN] 10:55:56.040869 シナリオ走行を開始しました [シナリオ名: ログイン]
[ADMIN] 10:55:56.056425 シナリオ走行を終了しました [シナリオ名: ログイン]
[ADMIN] 10:55:56.056436 シナリオ走行を開始しました [シナリオ名: ログイン]
[ADMIN] 10:55:56.081181 シナリオ走行を終了しました [シナリオ名: ログイン]
[ADMIN] 10:55:56.081191 シナリオ走行を開始しました [シナリオ名: ログイン]
[ADMIN] 10:55:56.099830 シナリオ走行を終了しました [シナリオ名: ログイン]
[ADMIN] 10:55:56.099840 シナリオ走行を開始しました [シナリオ名: ログイン]
[ADMIN] 10:55:56.196837 シナリオ走行を終了しました [シナリオ名: ログイン]
[ADMIN] 10:55:56.196848 シナリオ走行を開始しました [シナリオ名: ログイン]
[ADMIN] 10:55:56.215220 シナリオ走行を終了しました [シナリオ名: ログイン]
[ADMIN] 10:55:56.215234 シナリオ走行を開始しました [シナリオ名: ログイン]
[ADMIN] 10:55:56.215310 シナリオ走行を終了しました [シナリオ名: Banユーザログイン]
[ADMIN] 10:55:56.215322 シナリオ走行を開始しました [シナリオ名: Banユーザログイン]
[ADMIN] 10:55:56.221967 シナリオ走行を終了しました [シナリオ名: 新規ユーザー登録]
[ADMIN] 10:55:56.221987 シナリオ走行を開始しました [シナリオ名: 新規ユーザー登録]
[ADMIN] 10:55:56.231961 シナリオ走行を終了しました [シナリオ名: 新規ユーザー登録]
[ADMIN] 10:55:56.231978 シナリオ走行を開始しました [シナリオ名: 新規ユーザー登録]
[ADMIN] 10:55:56.246791 シナリオ走行を終了しました [シナリオ名: ログイン]
[ADMIN] 10:55:56.246804 シナリオ走行を開始しました [シナリオ名: ログイン]
[ADMIN] 10:55:56.260450 シナリオ走行を終了しました [シナリオ名: ログイン]
[ADMIN] 10:55:56.260460 シナリオ走行を開始しました [シナリオ名: ログイン]
[ADMIN] 10:55:56.275783 シナリオ走行を終了しました [シナリオ名: ログイン]
[ADMIN] 10:55:56.275796 シナリオ走行を開始しました [シナリオ名: ログイン]
[ADMIN] 10:55:56.300961 シナリオ走行を終了しました [シナリオ名: ログイン]
[ADMIN] 10:55:56.300976 シナリオ走行を開始しました [シナリオ名: ログイン]
[ADMIN] 10:55:56.311906 シナリオ走行を終了しました [シナリオ名: ログイン]
[ADMIN] 10:55:56.311919 シナリオ走行を開始しました [シナリオ名: ログイン]
[ADMIN] 10:55:56.342317 シナリオ走行を終了しました [シナリオ名: 新規ユーザー登録]
[ADMIN] 10:55:56.342338 シナリオ走行を開始しました [シナリオ名: 新規ユーザー登録]
[ADMIN] 10:55:56.353892 シナリオ走行を終了しました [シナリオ名: 新規ユーザー登録]
[ADMIN] 10:55:56.353907 シナリオ走行を開始しました [シナリオ名: 新規ユーザー登録]
[ADMIN] 10:55:56.404169 シナリオ走行を終了しました [シナリオ名: ログイン]
[ADMIN] 10:55:56.404180 シナリオ走行を開始しました [シナリオ名: ログイン]
[ADMIN] 10:55:56.409259 シナリオ走行を終了しました [シナリオ名: 新規ユーザー登録]
[ADMIN] 10:55:56.409276 シナリオ走行を開始しました [シナリオ名: 新規ユーザー登録]
[ADMIN] 10:55:56.452746 シナリオ走行を終了しました [シナリオ名: ログイン]
[ADMIN] 10:55:56.452757 シナリオ走行を開始しました [シナリオ名: ログイン]
[ADMIN] 10:55:56.461084 シナリオ走行を終了しました [シナリオ名: ログイン]
[ADMIN] 10:55:56.461093 シナリオ走行を開始しました [シナリオ名: ログイン]
[ADMIN] 10:55:56.487163 シナリオ走行を終了しました [シナリオ名: ログイン]
[ADMIN] 10:55:56.487173 シナリオ走行を開始しました [シナリオ名: ログイン]
[ADMIN] 10:55:56.506131 シナリオ走行を終了しました [シナリオ名: ログイン]
[ADMIN] 10:55:56.506140 シナリオ走行を開始しました [シナリオ名: ログイン]
[ADMIN] 10:55:56.520788 シナリオ走行を終了しました [シナリオ名: ログイン]
[ADMIN] 10:55:56.520798 シナリオ走行を開始しました [シナリオ名: ログイン]
[ADMIN] 10:55:56.536847 シナリオ走行を終了しました [シナリオ名: ログイン]
[ADMIN] 10:55:56.536858 シナリオ走行を開始しました [シナリオ名: ログイン]
[ADMIN] 10:55:56.552994 シナリオ走行を終了しました [シナリオ名: ログイン]
[ADMIN] 10:55:56.553004 シナリオ走行を開始しました [シナリオ名: ログイン]
[ADMIN] 10:55:56.587607 シナリオ走行を終了しました [シナリオ名: ログイン]
[ADMIN] 10:55:56.587618 シナリオ走行を開始しました [シナリオ名: ログイン]
[ADMIN] 10:55:56.595609 シナリオ走行を終了しました [シナリオ名: ログイン]
[ADMIN] 10:55:56.595620 シナリオ走行を開始しました [シナリオ名: ログイン]
[ADMIN] 10:55:56.699599 シナリオ走行を終了しました [シナリオ名: 新規ユーザー登録]
[ADMIN] 10:55:56.699627 シナリオ走行を開始しました [シナリオ名: 新規ユーザー登録]
[ADMIN] 10:55:56.699683 シナリオ走行を終了しました [シナリオ名: ログイン]
[ADMIN] 10:55:56.699705 シナリオ走行を開始しました [シナリオ名: ログイン]
[ADMIN] 10:55:56.701142 シナリオ走行を終了しました [シナリオ名: ログイン]
[ADMIN] 10:55:56.701153 シナリオ走行を開始しました [シナリオ名: ログイン]
[ADMIN] 10:55:56.706946 シナリオ走行を終了しました [シナリオ名: ログイン]
[ADMIN] 10:55:56.706956 シナリオ走行を開始しました [シナリオ名: ログイン]
[ADMIN] 10:55:56.712344 シナリオ走行を終了しました [シナリオ名: ログイン]
[ADMIN] 10:55:56.712352 シナリオ走行を開始しました [シナリオ名: ログイン]
[ADMIN] 10:55:56.720576 シナリオ走行を終了しました [シナリオ名: Banユーザログイン]
[ADMIN] 10:55:56.720590 シナリオ走行を開始しました [シナリオ名: Banユーザログイン]
[ADMIN] 10:55:56.720640 シナリオ走行を開始しました [シナリオ名: Banユーザログイン]
[ADMIN] 10:55:56.770300 シナリオ走行を終了しました [シナリオ名: 新規ユーザー登録]
[ADMIN] 10:55:56.770319 シナリオ走行を開始しました [シナリオ名: 新規ユーザー登録]
[ADMIN] 10:55:56.793063 シナリオ走行を終了しました [シナリオ名: 新規ユーザー登録]
[ADMIN] 10:55:56.793082 シナリオ走行を開始しました [シナリオ名: 新規ユーザー登録]
[ADMIN] 10:55:56.813979 シナリオ走行を終了しました [シナリオ名: ログイン]
[ADMIN] 10:55:56.813990 シナリオ走行を開始しました [シナリオ名: ログイン]
[ADMIN] 10:55:56.870433 シナリオ走行を終了しました [シナリオ名: ログイン]
[ADMIN] 10:55:56.870444 シナリオ走行を開始しました [シナリオ名: ログイン]
[ADMIN] 10:55:56.882532 シナリオ走行を終了しました [シナリオ名: ログイン]
[ADMIN] 10:55:56.882545 シナリオ走行を開始しました [シナリオ名: ログイン]
[ADMIN] 10:55:56.914908 シナリオ走行を終了しました [シナリオ名: ログイン]
[ADMIN] 10:55:56.914920 シナリオ走行を開始しました [シナリオ名: ログイン]
[ADMIN] 10:55:56.928329 シナリオ走行を終了しました [シナリオ名: ログイン]
[ADMIN] 10:55:56.928340 シナリオ走行を開始しました [シナリオ名: ログイン]
[ADMIN] 10:55:56.932084 シナリオ走行を終了しました [シナリオ名: ログイン]
[ADMIN] 10:55:56.932092 シナリオ走行を開始しました [シナリオ名: ログイン]
[ADMIN] 10:55:56.950074 シナリオ走行を終了しました [シナリオ名: 新規ユーザー登録]
[ADMIN] 10:55:56.950089 シナリオ走行を開始しました [シナリオ名: 新規ユーザー登録]
[ADMIN] 10:55:57.034393 シナリオ走行を終了しました [シナリオ名: ログイン]
[ADMIN] 10:55:57.034407 シナリオ走行を開始しました [シナリオ名: ログイン]
[ADMIN] 10:55:57.059544 シナリオ走行を終了しました [シナリオ名: ログイン]
[ADMIN] 10:55:57.059556 シナリオ走行を開始しました [シナリオ名: ログイン]
[ADMIN] 10:55:57.073877 シナリオ走行を終了しました [シナリオ名: ログイン]
[ADMIN] 10:55:57.073887 シナリオ走行を開始しました [シナリオ名: ログイン]
[ADMIN] 10:55:57.080233 シナリオ走行を終了しました [シナリオ名: ログイン]
[ADMIN] 10:55:57.080241 シナリオ走行を開始しました [シナリオ名: ログイン]
[ADMIN] 10:55:57.086397 シナリオ走行を終了しました [シナリオ名: ログイン]
[ADMIN] 10:55:57.086406 シナリオ走行を開始しました [シナリオ名: ログイン]
[ADMIN] 10:55:57.102760 シナリオ走行を終了しました [シナリオ名: ログイン]
[ADMIN] 10:55:57.102770 シナリオ走行を開始しました [シナリオ名: ログイン]
[ADMIN] 10:55:57.133036 シナリオ走行を終了しました [シナリオ名: 新規ユーザー登録]
[ADMIN] 10:55:57.133053 シナリオ走行を開始しました [シナリオ名: 新規ユーザー登録]
[ADMIN] 10:55:57.197714 シナリオ走行を終了しました [シナリオ名: ログイン]
[ADMIN] 10:55:57.197724 シナリオ走行を開始しました [シナリオ名: ログイン]
[ADMIN] 10:55:57.210293 シナリオ走行を終了しました [シナリオ名: 新規ユーザー登録]
[ADMIN] 10:55:57.210309 シナリオ走行を開始しました [シナリオ名: 新規ユーザー登録]
[ADMIN] 10:55:57.226487 シナリオ走行を終了しました [シナリオ名: Banユーザログイン]
[ADMIN] 10:55:57.226503 シナリオ走行を開始しました [シナリオ名: Banユーザログイン]
[ADMIN] 10:55:57.259297 シナリオ走行を終了しました [シナリオ名: ログイン]
[ADMIN] 10:55:57.259305 シナリオ走行を開始しました [シナリオ名: ログイン]
[ADMIN] 10:55:57.261528 シナリオ走行を終了しました [シナリオ名: Banユーザログイン]
[ADMIN] 10:55:57.261543 シナリオ走行を開始しました [シナリオ名: Banユーザログイン]
[ADMIN] 10:55:57.269780 シナリオ走行を終了しました [シナリオ名: ログイン]
[ADMIN] 10:55:57.269791 シナリオ走行を開始しました [シナリオ名: ログイン]
[ADMIN] 10:55:57.311875 シナリオ走行を終了しました [シナリオ名: ログイン]
[ADMIN] 10:55:57.311885 シナリオ走行を開始しました [シナリオ名: ログイン]
[ADMIN] 10:55:57.360586 シナリオ走行を終了しました [シナリオ名: ログイン]
[ADMIN] 10:55:57.360597 シナリオ走行を開始しました [シナリオ名: ログイン]
[ADMIN] 10:55:57.387662 シナリオ走行を終了しました [シナリオ名: 新規ユーザー登録]
[ADMIN] 10:55:57.387688 シナリオ走行を開始しました [シナリオ名: 新規ユーザー登録]
[ADMIN] 10:55:57.398546 シナリオ走行を終了しました [シナリオ名: ログイン]
[ADMIN] 10:55:57.398559 シナリオ走行を開始しました [シナリオ名: ログイン]
[ADMIN] 10:55:57.413776 シナリオ走行を終了しました [シナリオ名: ログイン]
[ADMIN] 10:55:57.413793 シナリオ走行を開始しました [シナリオ名: ログイン]
[ADMIN] 10:55:57.436044 シナリオ走行を終了しました [シナリオ名: ログイン]
[ADMIN] 10:55:57.436055 シナリオ走行を開始しました [シナリオ名: ログイン]
[ADMIN] 10:55:57.442893 シナリオ走行を終了しました [シナリオ名: ログイン]
[ADMIN] 10:55:57.442903 シナリオ走行を開始しました [シナリオ名: ログイン]
[ADMIN] 10:55:57.487626 シナリオ走行を終了しました [シナリオ名: 新規ユーザー登録]
[ADMIN] 10:55:57.487646 シナリオ走行を開始しました [シナリオ名: 新規ユーザー登録]
[ADMIN] 10:55:57.492724 シナリオ走行を終了しました [シナリオ名: ログイン]
[ADMIN] 10:55:57.492734 シナリオ走行を開始しました [シナリオ名: ログイン]
[ADMIN] 10:55:57.512246 シナリオ走行を終了しました [シナリオ名: 新規ユーザー登録]
[ADMIN] 10:55:57.512262 シナリオ走行を開始しました [シナリオ名: 新規ユーザー登録]
[ADMIN] 10:55:57.527420 シナリオ走行を終了しました [シナリオ名: ログイン]
[ADMIN] 10:55:57.527430 シナリオ走行を開始しました [シナリオ名: ログイン]
[ADMIN] 10:55:57.532029 シナリオ走行を終了しました [シナリオ名: ログイン]
[ADMIN] 10:55:57.532039 シナリオ走行を開始しました [シナリオ名: ログイン]
[ADMIN] 10:55:57.562508 シナリオ走行を終了しました [シナリオ名: ログイン]
[ADMIN] 10:55:57.562517 シナリオ走行を開始しました [シナリオ名: ログイン]
[ADMIN] 10:55:57.606659 シナリオ走行を終了しました [シナリオ名: ログイン]
[ADMIN] 10:55:57.606671 シナリオ走行を開始しました [シナリオ名: ログイン]
[ADMIN] 10:55:57.610324 シナリオ走行を終了しました [シナリオ名: ログイン]
[ADMIN] 10:55:57.610333 シナリオ走行を開始しました [シナリオ名: ログイン]
[ADMIN] 10:55:57.638974 シナリオ走行を終了しました [シナリオ名: ログイン]
[ADMIN] 10:55:57.638985 シナリオ走行を開始しました [シナリオ名: ログイン]
[ADMIN] 10:55:57.692754 シナリオ走行を終了しました [シナリオ名: ログイン]
[ADMIN] 10:55:57.692766 シナリオ走行を開始しました [シナリオ名: ログイン]
[ADMIN] 10:55:57.714851 シナリオ走行を終了しました [シナリオ名: ログイン]
[ADMIN] 10:55:57.714865 シナリオ走行を開始しました [シナリオ名: ログイン]
[ADMIN] 10:55:57.739264 シナリオ走行を終了しました [シナリオ名: ログイン]
[ADMIN] 10:55:57.739275 シナリオ走行を開始しました [シナリオ名: ログイン]
[ADMIN] 10:55:57.750717 シナリオ走行を終了しました [シナリオ名: Banユーザログイン]
[ADMIN] 10:55:57.750728 シナリオ走行を開始しました [シナリオ名: Banユーザログイン]
[ADMIN] 10:55:57.764226 シナリオ走行を終了しました [シナリオ名: Banユーザログイン]
[ADMIN] 10:55:57.764244 シナリオ走行を開始しました [シナリオ名: Banユーザログイン]
[ADMIN] 10:55:57.764313 シナリオ走行を終了しました [シナリオ名: ログイン]
[ADMIN] 10:55:57.764322 シナリオ走行を開始しました [シナリオ名: ログイン]
[ADMIN] 10:55:57.788380 シナリオ走行を終了しました [シナリオ名: 新規ユーザー登録]
[ADMIN] 10:55:57.788404 シナリオ走行を開始しました [シナリオ名: 新規ユーザー登録]
[ADMIN] 10:55:57.793739 シナリオ走行を終了しました [シナリオ名: 新規ユーザー登録]
[ADMIN] 10:55:57.793761 シナリオ走行を開始しました [シナリオ名: 新規ユーザー登録]
[ADMIN] 10:55:57.815134 シナリオ走行を終了しました [シナリオ名: ログイン]
[ADMIN] 10:55:57.815147 シナリオ走行を開始しました [シナリオ名: ログイン]
[ADMIN] 10:55:57.845201 シナリオ走行を終了しました [シナリオ名: 新規ユーザー登録]
[ADMIN] 10:55:57.845227 シナリオ走行を開始しました [シナリオ名: 新規ユーザー登録]
[ADMIN] 10:55:57.858156 シナリオ走行を終了しました [シナリオ名: ログイン]
[ADMIN] 10:55:57.858170 シナリオ走行を開始しました [シナリオ名: ログイン]
[ADMIN] 10:55:57.866549 シナリオ走行を終了しました [シナリオ名: ログイン]
[ADMIN] 10:55:57.866561 シナリオ走行を開始しました [シナリオ名: ログイン]
[ADMIN] 10:55:57.934835 シナリオ走行を終了しました [シナリオ名: ログイン]
[ADMIN] 10:55:57.934845 シナリオ走行を開始しました [シナリオ名: ログイン]
[ADMIN] 10:55:57.955716 シナリオ走行を終了しました [シナリオ名: 新規ユーザー登録]
[ADMIN] 10:55:57.955747 シナリオ走行を開始しました [シナリオ名: 新規ユーザー登録]
[ADMIN] 10:55:57.959911 シナリオ走行を終了しました [シナリオ名: ログイン]
[ADMIN] 10:55:57.959922 シナリオ走行を開始しました [シナリオ名: ログイン]
[ADMIN] 10:55:58.016400 シナリオ走行を終了しました [シナリオ名: ログイン]
[ADMIN] 10:55:58.016416 シナリオ走行を開始しました [シナリオ名: ログイン]
[ADMIN] 10:55:58.042598 シナリオ走行を終了しました [シナリオ名: ログイン]
[ADMIN] 10:55:58.042632 シナリオ走行を開始しました [シナリオ名: ログイン]
[ADMIN] 10:55:58.045538 シナリオ走行を終了しました [シナリオ名: ログイン]
[ADMIN] 10:55:58.045553 シナリオ走行を開始しました [シナリオ名: ログイン]
[ADMIN] 10:55:58.051669 シナリオ走行を終了しました [シナリオ名: 新規ユーザー登録]
[ADMIN] 10:55:58.051688 シナリオ走行を開始しました [シナリオ名: 新規ユーザー登録]
[ADMIN] 10:55:58.058899 シナリオ走行を終了しました [シナリオ名: ログイン]
[ADMIN] 10:55:58.058911 シナリオ走行を開始しました [シナリオ名: ログイン]
[ADMIN] 10:55:58.061232 シナリオ走行を終了しました [シナリオ名: ログイン]
[ADMIN] 10:55:58.061247 シナリオ走行を開始しました [シナリオ名: ログイン]
[ADMIN] 10:55:58.105396 シナリオ走行を終了しました [シナリオ名: ログイン]
[ADMIN] 10:55:58.105406 シナリオ走行を開始しました [シナリオ名: ログイン]
[ADMIN] 10:55:58.159278 シナリオ走行を終了しました [シナリオ名: ログイン]
[ADMIN] 10:55:58.159292 シナリオ走行を開始しました [シナリオ名: ログイン]
[ADMIN] 10:55:58.190356 シナリオ走行を終了しました [シナリオ名: ログイン]
[ADMIN] 10:55:58.190372 シナリオ走行を開始しました [シナリオ名: ログイン]
[ADMIN] 10:55:58.227786 シナリオ走行を終了しました [シナリオ名: ログイン]
[ADMIN] 10:55:58.227797 シナリオ走行を開始しました [シナリオ名: ログイン]
[ADMIN] 10:55:58.253927 シナリオ走行を終了しました [シナリオ名: Banユーザログイン]
[ADMIN] 10:55:58.253940 シナリオ走行を開始しました [シナリオ名: Banユーザログイン]
[ADMIN] 10:55:58.267091 シナリオ走行を終了しました [シナリオ名: Banユーザログイン]
[ADMIN] 10:55:58.267105 シナリオ走行を開始しました [シナリオ名: Banユーザログイン]
[ADMIN] 10:55:58.311537 シナリオ走行を終了しました [シナリオ名: ログイン]
[ADMIN] 10:55:58.311549 シナリオ走行を開始しました [シナリオ名: ログイン]
[ADMIN] 10:55:58.333216 シナリオ走行を終了しました [シナリオ名: 新規ユーザー登録]
[ADMIN] 10:55:58.333240 シナリオ走行を開始しました [シナリオ名: 新規ユーザー登録]
[ADMIN] 10:55:58.334217 シナリオ走行を終了しました [シナリオ名: ログイン]
[ADMIN] 10:55:58.334228 シナリオ走行を開始しました [シナリオ名: ログイン]
[ADMIN] 10:55:58.389491 シナリオ走行を終了しました [シナリオ名: ログイン]
[ADMIN] 10:55:58.389504 シナリオ走行を開始しました [シナリオ名: ログイン]
[ADMIN] 10:55:58.389728 シナリオ走行を終了しました [シナリオ名: 新規ユーザー登録]
[ADMIN] 10:55:58.389748 シナリオ走行を開始しました [シナリオ名: 新規ユーザー登録]
[ADMIN] 10:55:58.406325 シナリオ走行を終了しました [シナリオ名: ログイン]
[ADMIN] 10:55:58.406336 シナリオ走行を開始しました [シナリオ名: ログイン]
[ADMIN] 10:55:58.413189 シナリオ走行を終了しました [シナリオ名: ログイン]
[ADMIN] 10:55:58.413200 シナリオ走行を開始しました [シナリオ名: ログイン]
[ADMIN] 10:55:58.454449 シナリオ走行を終了しました [シナリオ名: 新規ユーザー登録]
[ADMIN] 10:55:58.454471 シナリオ走行を開始しました [シナリオ名: 新規ユーザー登録]
[ADMIN] 10:55:58.463124 シナリオ走行を終了しました [シナリオ名: ログイン]
[ADMIN] 10:55:58.463134 シナリオ走行を開始しました [シナリオ名: ログイン]
[ADMIN] 10:55:58.497079 シナリオ走行を終了しました [シナリオ名: 新規ユーザー登録]
[ADMIN] 10:55:58.497099 シナリオ走行を開始しました [シナリオ名: 新規ユーザー登録]
[ADMIN] 10:55:58.502416 シナリオ走行を終了しました [シナリオ名: ログイン]
[ADMIN] 10:55:58.502426 シナリオ走行を開始しました [シナリオ名: ログイン]
[ADMIN] 10:55:58.518547 シナリオ走行を終了しました [シナリオ名: ログイン]
[ADMIN] 10:55:58.518558 シナリオ走行を開始しました [シナリオ名: ログイン]
[ADMIN] 10:55:58.524504 シナリオ走行を終了しました [シナリオ名: ログイン]
[ADMIN] 10:55:58.524513 シナリオ走行を開始しました [シナリオ名: ログイン]
[ADMIN] 10:55:58.545594 シナリオ走行を終了しました [シナリオ名: ログイン]
[ADMIN] 10:55:58.545607 シナリオ走行を開始しました [シナリオ名: ログイン]
[ADMIN] 10:55:58.565305 シナリオ走行を終了しました [シナリオ名: ログイン]
[ADMIN] 10:55:58.565319 シナリオ走行を開始しました [シナリオ名: ログイン]
[ADMIN] 10:55:58.599340 シナリオ走行を終了しました [シナリオ名: ログイン]
[ADMIN] 10:55:58.599357 シナリオ走行を開始しました [シナリオ名: ログイン]
[ADMIN] 10:55:58.611538 シナリオ走行を終了しました [シナリオ名: ログイン]
[ADMIN] 10:55:58.611549 シナリオ走行を開始しました [シナリオ名: ログイン]
[ADMIN] 10:55:58.708824 シナリオ走行を終了しました [シナリオ名: 新規ユーザー登録]
[ADMIN] 10:55:58.708845 シナリオ走行を開始しました [シナリオ名: 新規ユーザー登録]
[ADMIN] 10:55:58.713261 シナリオ走行を終了しました [シナリオ名: ログイン]
[ADMIN] 10:55:58.713269 シナリオ走行を開始しました [シナリオ名: ログイン]
[ADMIN] 10:55:58.740006 シナリオ走行を終了しました [シナリオ名: ログイン]
[ADMIN] 10:55:58.740016 シナリオ走行を開始しました [シナリオ名: ログイン]
[ADMIN] 10:55:58.745869 シナリオ走行を終了しました [シナリオ名: ログイン]
[ADMIN] 10:55:58.745877 シナリオ走行を開始しました [シナリオ名: ログイン]
[ADMIN] 10:55:58.757193 シナリオ走行を終了しました [シナリオ名: Banユーザログイン]
[ADMIN] 10:55:58.757208 シナリオ走行を開始しました [シナリオ名: Banユーザログイン]
[ADMIN] 10:55:58.770101 シナリオ走行を終了しました [シナリオ名: Banユーザログイン]
[ADMIN] 10:55:58.770112 シナリオ走行を開始しました [シナリオ名: Banユーザログイン]
[ADMIN] 10:55:58.770204 シナリオ走行を終了しました [シナリオ名: ログイン]
[ADMIN] 10:55:58.770217 シナリオ走行を開始しました [シナリオ名: ログイン]
[ADMIN] 10:55:58.782910 シナリオ走行を終了しました [シナリオ名: ログイン]
[ADMIN] 10:55:58.782920 シナリオ走行を開始しました [シナリオ名: ログイン]
[ADMIN] 10:55:58.811340 シナリオ走行を終了しました [シナリオ名: ログイン]
[ADMIN] 10:55:58.811349 シナリオ走行を開始しました [シナリオ名: ログイン]
[ADMIN] 10:55:58.823325 シナリオ走行を終了しました [シナリオ名: ログイン]
[ADMIN] 10:55:58.823335 シナリオ走行を開始しました [シナリオ名: ログイン]
[ADMIN] 10:55:58.859584 シナリオ走行を終了しました [シナリオ名: ログイン]
[ADMIN] 10:55:58.859593 シナリオ走行を開始しました [シナリオ名: ログイン]
[ADMIN] 10:55:58.871296 シナリオ走行を終了しました [シナリオ名: ログイン]
[ADMIN] 10:55:58.871306 シナリオ走行を開始しました [シナリオ名: ログイン]
[ADMIN] 10:55:58.881705 シナリオ走行を終了しました [シナリオ名: 新規ユーザー登録]
[ADMIN] 10:55:58.881722 シナリオ走行を開始しました [シナリオ名: 新規ユーザー登録]
[ADMIN] 10:55:58.905581 シナリオ走行を終了しました [シナリオ名: ログイン]
[ADMIN] 10:55:58.905591 シナリオ走行を開始しました [シナリオ名: ログイン]
[ADMIN] 10:55:58.930990 シナリオ走行を終了しました [シナリオ名: 新規ユーザー登録]
[ADMIN] 10:55:58.931006 シナリオ走行を開始しました [シナリオ名: 新規ユーザー登録]
[ADMIN] 10:55:58.980018 シナリオ走行を終了しました [シナリオ名: 新規ユーザー登録]
[ADMIN] 10:55:58.980039 シナリオ走行を開始しました [シナリオ名: 新規ユーザー登録]
[ADMIN] 10:55:58.996018 シナリオ走行を終了しました [シナリオ名: ログイン]
[ADMIN] 10:55:58.996029 シナリオ走行を開始しました [シナリオ名: ログイン]
[ADMIN] 10:55:59.001701 シナリオ走行を終了しました [シナリオ名: ログイン]
[ADMIN] 10:55:59.001710 シナリオ走行を開始しました [シナリオ名: ログイン]
[ADMIN] 10:55:59.022470 シナリオ走行を終了しました [シナリオ名: ログイン]
[ADMIN] 10:55:59.022481 シナリオ走行を開始しました [シナリオ名: ログイン]
[ADMIN] 10:55:59.047824 シナリオ走行を終了しました [シナリオ名: ログイン]
[ADMIN] 10:55:59.047833 シナリオ走行を開始しました [シナリオ名: ログイン]
[ADMIN] 10:55:59.092466 シナリオ走行を終了しました [シナリオ名: 新規ユーザー登録]
[ADMIN] 10:55:59.092501 シナリオ走行を開始しました [シナリオ名: 新規ユーザー登録]
[ADMIN] 10:55:59.113048 シナリオ走行を終了しました [シナリオ名: ログイン]
[ADMIN] 10:55:59.113062 シナリオ走行を開始しました [シナリオ名: ログイン]
[ADMIN] 10:55:59.130009 シナリオ走行を終了しました [シナリオ名: ログイン]
[ADMIN] 10:55:59.130021 シナリオ走行を開始しました [シナリオ名: ログイン]
[ADMIN] 10:55:59.149293 シナリオ走行を終了しました [シナリオ名: ログイン]
[ADMIN] 10:55:59.149305 シナリオ走行を開始しました [シナリオ名: ログイン]
[ADMIN] 10:55:59.191078 シナリオ走行を終了しました [シナリオ名: ログイン]
[ADMIN] 10:55:59.191088 シナリオ走行を開始しました [シナリオ名: ログイン]
[ADMIN] 10:55:59.234788 シナリオ走行を終了しました [シナリオ名: ログイン]
[ADMIN] 10:55:59.234802 シナリオ走行を開始しました [シナリオ名: ログイン]
[ADMIN] 10:55:59.259851 シナリオ走行を終了しました [シナリオ名: Banユーザログイン]
[ADMIN] 10:55:59.259869 シナリオ走行を開始しました [シナリオ名: Banユーザログイン]
[ADMIN] 10:55:59.260667 シナリオ走行を終了しました [シナリオ名: ログイン]
[ADMIN] 10:55:59.260678 シナリオ走行を開始しました [シナリオ名: ログイン]
[ADMIN] 10:55:59.261711 シナリオ走行を終了しました [シナリオ名: ログイン]
[ADMIN] 10:55:59.261719 シナリオ走行を開始しました [シナリオ名: ログイン]
[ADMIN] 10:55:59.273412 シナリオ走行を終了しました [シナリオ名: Banユーザログイン]
[ADMIN] 10:55:59.273425 シナリオ走行を開始しました [シナリオ名: Banユーザログイン]
[ADMIN] 10:55:59.281020 シナリオ走行を終了しました [シナリオ名: ログイン]
[ADMIN] 10:55:59.281029 シナリオ走行を開始しました [シナリオ名: ログイン]
[ADMIN] 10:55:59.291079 シナリオ走行を終了しました [シナリオ名: ログイン]
[ADMIN] 10:55:59.291091 シナリオ走行を開始しました [シナリオ名: ログイン]
[ADMIN] 10:55:59.325261 シナリオ走行を終了しました [シナリオ名: ログイン]
[ADMIN] 10:55:59.325277 シナリオ走行を開始しました [シナリオ名: ログイン]
[ADMIN] 10:55:59.330959 シナリオ走行を終了しました [シナリオ名: ログイン]
[ADMIN] 10:55:59.330972 シナリオ走行を開始しました [シナリオ名: ログイン]
[ADMIN] 10:55:59.356825 シナリオ走行を終了しました [シナリオ名: ログイン]
[ADMIN] 10:55:59.356838 シナリオ走行を開始しました [シナリオ名: ログイン]
[ADMIN] 10:55:59.395160 シナリオ走行を終了しました [シナリオ名: 新規ユーザー登録]
[ADMIN] 10:55:59.395180 シナリオ走行を開始しました [シナリオ名: 新規ユーザー登録]
[ADMIN] 10:55:59.422972 シナリオ走行を終了しました [シナリオ名: ログイン]
[ADMIN] 10:55:59.422985 シナリオ走行を開始しました [シナリオ名: ログイン]
[ADMIN] 10:55:59.440088 シナリオ走行を終了しました [シナリオ名: ログイン]
[ADMIN] 10:55:59.440100 シナリオ走行を開始しました [シナリオ名: ログイン]
[ADMIN] 10:55:59.452727 シナリオ走行を終了しました [シナリオ名: ログイン]
[ADMIN] 10:55:59.452738 シナリオ走行を開始しました [シナリオ名: ログイン]
[ADMIN] 10:55:59.456761 シナリオ走行を終了しました [シナリオ名: ログイン]
[ADMIN] 10:55:59.456771 シナリオ走行を開始しました [シナリオ名: ログイン]
[ADMIN] 10:55:59.530044 シナリオ走行を終了しました [シナリオ名: 新規ユーザー登録]
[ADMIN] 10:55:59.530070 シナリオ走行を開始しました [シナリオ名: 新規ユーザー登録]
[ADMIN] 10:55:59.537402 シナリオ走行を終了しました [シナリオ名: 新規ユーザー登録]
[ADMIN] 10:55:59.537422 シナリオ走行を開始しました [シナリオ名: 新規ユーザー登録]
[ADMIN] 10:55:59.541103 シナリオ走行を終了しました [シナリオ名: ログイン]
[ADMIN] 10:55:59.541117 シナリオ走行を開始しました [シナリオ名: ログイン]
[ADMIN] 10:55:59.575233 シナリオ走行を終了しました [シナリオ名: ログイン]
[ADMIN] 10:55:59.575242 シナリオ走行を開始しました [シナリオ名: ログイン]
[ADMIN] 10:55:59.594161 シナリオ走行を終了しました [シナリオ名: ログイン]
[ADMIN] 10:55:59.594175 シナリオ走行を開始しました [シナリオ名: ログイン]
[ADMIN] 10:55:59.612517 シナリオ走行を終了しました [シナリオ名: ログイン]
[ADMIN] 10:55:59.612530 シナリオ走行を開始しました [シナリオ名: ログイン]
[ADMIN] 10:55:59.633261 シナリオ走行を終了しました [シナリオ名: ログイン]
[ADMIN] 10:55:59.633271 シナリオ走行を開始しました [シナリオ名: ログイン]
[ADMIN] 10:55:59.657635 シナリオ走行を終了しました [シナリオ名: 新規ユーザー登録]
[ADMIN] 10:55:59.657654 シナリオ走行を開始しました [シナリオ名: 新規ユーザー登録]
[ADMIN] 10:55:59.663715 シナリオ走行を終了しました [シナリオ名: ログイン]
[ADMIN] 10:55:59.663725 シナリオ走行を開始しました [シナリオ名: ログイン]
[ADMIN] 10:55:59.683205 シナリオ走行を終了しました [シナリオ名: ログイン]
[ADMIN] 10:55:59.683215 シナリオ走行を開始しました [シナリオ名: ログイン]
[ADMIN] 10:55:59.709494 シナリオ走行を終了しました [シナリオ名: ログイン]
[ADMIN] 10:55:59.709505 シナリオ走行を開始しました [シナリオ名: ログイン]
[ADMIN] 10:55:59.741823 シナリオ走行を終了しました [シナリオ名: 新規ユーザー登録]
[ADMIN] 10:55:59.741844 シナリオ走行を開始しました [シナリオ名: 新規ユーザー登録]
[ADMIN] 10:55:59.754293 シナリオ走行を終了しました [シナリオ名: ログイン]
[ADMIN] 10:55:59.754304 シナリオ走行を開始しました [シナリオ名: ログイン]
[ADMIN] 10:55:59.776527 シナリオ走行を終了しました [シナリオ名: Banユーザログイン]
[ADMIN] 10:55:59.776548 シナリオ走行を開始しました [シナリオ名: Banユーザログイン]
[ADMIN] 10:55:59.779886 シナリオ走行を終了しました [シナリオ名: Banユーザログイン]
[ADMIN] 10:55:59.779896 シナリオ走行を開始しました [シナリオ名: Banユーザログイン]
[ADMIN] 10:55:59.807413 シナリオ走行を終了しました [シナリオ名: ログイン]
[ADMIN] 10:55:59.807423 シナリオ走行を開始しました [シナリオ名: ログイン]
[ADMIN] 10:55:59.824667 シナリオ走行を終了しました [シナリオ名: ログイン]
[ADMIN] 10:55:59.824678 シナリオ走行を開始しました [シナリオ名: ログイン]
[ADMIN] 10:55:59.851846 シナリオ走行を終了しました [シナリオ名: ログイン]
[ADMIN] 10:55:59.851856 シナリオ走行を開始しました [シナリオ名: ログイン]
[ADMIN] 10:55:59.891796 シナリオ走行を終了しました [シナリオ名: 新規ユーザー登録]
[ADMIN] 10:55:59.891816 シナリオ走行を開始しました [シナリオ名: 新規ユーザー登録]
[ADMIN] 10:55:59.896303 シナリオ走行を終了しました [シナリオ名: ログイン]
[ADMIN] 10:55:59.896314 シナリオ走行を開始しました [シナリオ名: ログイン]
[ADMIN] 10:55:59.936822 シナリオ走行を終了しました [シナリオ名: ログイン]
[ADMIN] 10:55:59.936832 シナリオ走行を開始しました [シナリオ名: ログイン]
[ADMIN] 10:55:59.962106 シナリオ走行を終了しました [シナリオ名: ログイン]
[ADMIN] 10:55:59.962118 シナリオ走行を開始しました [シナリオ名: ログイン]
[ADMIN] 10:55:59.963769 シナリオ走行を終了しました [シナリオ名: ログイン]
[ADMIN] 10:55:59.963780 シナリオ走行を開始しました [シナリオ名: ログイン]
[ADMIN] 10:56:00.053535 シナリオ走行を終了しました [シナリオ名: 新規ユーザー登録]
[ADMIN] 10:56:00.053557 シナリオ走行を開始しました [シナリオ名: 新規ユーザー登録]
[ADMIN] 10:56:00.058111 シナリオ走行を終了しました [シナリオ名: ログイン]
[ADMIN] 10:56:00.058120 シナリオ走行を開始しました [シナリオ名: ログイン]
[ADMIN] 10:56:00.070249 シナリオ走行を終了しました [シナリオ名: ログイン]
[ADMIN] 10:56:00.070261 シナリオ走行を開始しました [シナリオ名: ログイン]
[ADMIN] 10:56:00.120813 シナリオ走行を終了しました [シナリオ名: 新規ユーザー登録]
[ADMIN] 10:56:00.120837 シナリオ走行を開始しました [シナリオ名: 新規ユーザー登録]
[ADMIN] 10:56:00.187095 シナリオ走行を終了しました [シナリオ名: ログイン]
[ADMIN] 10:56:00.187110 シナリオ走行を開始しました [シナリオ名: ログイン]
[ADMIN] 10:56:00.190736 シナリオ走行を終了しました [シナリオ名: ログイン]
[ADMIN] 10:56:00.190747 シナリオ走行を開始しました [シナリオ名: ログイン]
[ADMIN] 10:56:00.198631 シナリオ走行を終了しました [シナリオ名: ログイン]
[ADMIN] 10:56:00.198654 シナリオ走行を開始しました [シナリオ名: ログイン]
[ADMIN] 10:56:00.247182 シナリオ走行を終了しました [シナリオ名: ログイン]
[ADMIN] 10:56:00.247193 シナリオ走行を開始しました [シナリオ名: ログイン]
[ADMIN] 10:56:00.257691 シナリオ走行を終了しました [シナリオ名: 新規ユーザー登録]
[ADMIN] 10:56:00.257710 シナリオ走行を開始しました [シナリオ名: 新規ユーザー登録]
[ADMIN] 10:56:00.276276 シナリオ走行を終了しました [シナリオ名: ログイン]
[ADMIN] 10:56:00.276287 シナリオ走行を開始しました [シナリオ名: ログイン]
[ADMIN] 10:56:00.279440 シナリオ走行を終了しました [シナリオ名: Banユーザログイン]
[ADMIN] 10:56:00.279451 シナリオ走行を開始しました [シナリオ名: Banユーザログイン]
[ADMIN] 10:56:00.287349 シナリオ走行を終了しました [シナリオ名: Banユーザログイン]
[ADMIN] 10:56:00.287366 シナリオ走行を開始しました [シナリオ名: Banユーザログイン]
[ADMIN] 10:56:00.329030 シナリオ走行を終了しました [シナリオ名: 新規ユーザー登録]
[ADMIN] 10:56:00.329052 シナリオ走行を開始しました [シナリオ名: 新規ユーザー登録]
[ADMIN] 10:56:00.335978 シナリオ走行を終了しました [シナリオ名: ログイン]
[ADMIN] 10:56:00.335989 シナリオ走行を開始しました [シナリオ名: ログイン]
[ADMIN] 10:56:00.396462 シナリオ走行を終了しました [シナリオ名: ログイン]
[ADMIN] 10:56:00.396475 シナリオ走行を開始しました [シナリオ名: ログイン]
[ADMIN] 10:56:00.405918 シナリオ走行を終了しました [シナリオ名: ログイン]
[ADMIN] 10:56:00.405930 シナリオ走行を開始しました [シナリオ名: ログイン]
[ADMIN] 10:56:00.405951 シナリオ走行を終了しました [シナリオ名: ログイン]
[ADMIN] 10:56:00.405961 シナリオ走行を開始しました [シナリオ名: ログイン]
[ADMIN] 10:56:00.438156 シナリオ走行を終了しました [シナリオ名: ログイン]
[ADMIN] 10:56:00.438166 シナリオ走行を開始しました [シナリオ名: ログイン]
[ADMIN] 10:56:00.457202 シナリオ走行を終了しました [シナリオ名: ログイン]
[ADMIN] 10:56:00.457214 シナリオ走行を開始しました [シナリオ名: ログイン]
[ADMIN] 10:56:00.461339 シナリオ走行を終了しました [シナリオ名: ログイン]
[ADMIN] 10:56:00.461349 シナリオ走行を開始しました [シナリオ名: ログイン]
[ADMIN] 10:56:00.466586 シナリオ走行を終了しました [シナリオ名: ログイン]
[ADMIN] 10:56:00.466595 シナリオ走行を開始しました [シナリオ名: ログイン]
[ADMIN] 10:56:00.537934 シナリオ走行を終了しました [シナリオ名: 新規ユーザー登録]
[ADMIN] 10:56:00.537960 シナリオ走行を開始しました [シナリオ名: 新規ユーザー登録]
[ADMIN] 10:56:00.560739 シナリオ走行を終了しました [シナリオ名: ログイン]
[ADMIN] 10:56:00.560753 シナリオ走行を開始しました [シナリオ名: ログイン]
[ADMIN] 10:56:00.565767 シナリオ走行を終了しました [シナリオ名: 新規ユーザー登録]
[ADMIN] 10:56:00.565787 シナリオ走行を開始しました [シナリオ名: 新規ユーザー登録]
[ADMIN] 10:56:00.586314 シナリオ走行を終了しました [シナリオ名: ログイン]
[ADMIN] 10:56:00.586324 シナリオ走行を開始しました [シナリオ名: ログイン]
[ADMIN] 10:56:00.592775 シナリオ走行を終了しました [シナリオ名: ログイン]
[ADMIN] 10:56:00.592786 シナリオ走行を開始しました [シナリオ名: ログイン]
[ADMIN] 10:56:00.631567 シナリオ走行を終了しました [シナリオ名: ログイン]
[ADMIN] 10:56:00.631580 シナリオ走行を開始しました [シナリオ名: ログイン]
[ADMIN] 10:56:00.670809 シナリオ走行を終了しました [シナリオ名: ログイン]
[ADMIN] 10:56:00.670823 シナリオ走行を開始しました [シナリオ名: ログイン]
[ADMIN] 10:56:00.744317 シナリオ走行を終了しました [シナリオ名: ログイン]
[ADMIN] 10:56:00.744330 シナリオ走行を開始しました [シナリオ名: ログイン]
[ADMIN] 10:56:00.763266 シナリオ走行を終了しました [シナリオ名: ログイン]
[ADMIN] 10:56:00.763281 シナリオ走行を開始しました [シナリオ名: ログイン]
[ADMIN] 10:56:00.773666 シナリオ走行を終了しました [シナリオ名: ログイン]
[ADMIN] 10:56:00.773679 シナリオ走行を開始しました [シナリオ名: ログイン]
[ADMIN] 10:56:00.781280 シナリオ走行を終了しました [シナリオ名: Banユーザログイン]
[ADMIN] 10:56:00.781298 シナリオ走行を開始しました [シナリオ名: Banユーザログイン]
[ADMIN] 10:56:00.790825 シナリオ走行を終了しました [シナリオ名: Banユーザログイン]
[ADMIN] 10:56:00.790837 シナリオ走行を開始しました [シナリオ名: Banユーザログイン]
[ADMIN] 10:56:00.797186 シナリオ走行を終了しました [シナリオ名: ログイン]
[ADMIN] 10:56:00.797196 シナリオ走行を開始しました [シナリオ名: ログイン]
[ADMIN] 10:56:00.807716 シナリオ走行を終了しました [シナリオ名: 新規ユーザー登録]
[ADMIN] 10:56:00.807739 シナリオ走行を開始しました [シナリオ名: 新規ユーザー登録]
[ADMIN] 10:56:00.835356 シナリオ走行を終了しました [シナリオ名: ログイン]
[ADMIN] 10:56:00.835366 シナリオ走行を開始しました [シナリオ名: ログイン]
[ADMIN] 10:56:00.846001 シナリオ走行を終了しました [シナリオ名: ログイン]
[ADMIN] 10:56:00.846010 シナリオ走行を開始しました [シナリオ名: ログイン]
[ADMIN] 10:56:00.855909 シナリオ走行を終了しました [シナリオ名: ログイン]
[ADMIN] 10:56:00.855920 シナリオ走行を開始しました [シナリオ名: ログイン]
[ADMIN] 10:56:00.900560 シナリオ走行を終了しました [シナリオ名: ログイン]
[ADMIN] 10:56:00.900574 シナリオ走行を開始しました [シナリオ名: ログイン]
[ADMIN] 10:56:00.913175 シナリオ走行を終了しました [シナリオ名: ログイン]
[ADMIN] 10:56:00.913185 シナリオ走行を開始しました [シナリオ名: ログイン]
[ADMIN] 10:56:00.923319 シナリオ走行を終了しました [シナリオ名: 新規ユーザー登録]
[ADMIN] 10:56:00.923337 シナリオ走行を開始しました [シナリオ名: 新規ユーザー登録]
[ADMIN] 10:56:00.926803 シナリオ走行を終了しました [シナリオ名: ログイン]
[ADMIN] 10:56:00.926812 シナリオ走行を開始しました [シナリオ名: ログイン]
[ADMIN] 10:56:00.941608 シナリオ走行を終了しました [シナリオ名: 新規ユーザー登録]
[ADMIN] 10:56:00.941626 シナリオ走行を開始しました [シナリオ名: 新規ユーザー登録]
[ADMIN] 10:56:01.005664 シナリオ走行を終了しました [シナリオ名: ログイン]
[ADMIN] 10:56:01.005675 シナリオ走行を開始しました [シナリオ名: ログイン]
[ADMIN] 10:56:01.043233 シナリオ走行を終了しました [シナリオ名: ログイン]
[ADMIN] 10:56:01.043246 シナリオ走行を開始しました [シナリオ名: ログイン]
[ADMIN] 10:56:01.043271 シナリオ走行を終了しました [シナリオ名: ログイン]
[ADMIN] 10:56:01.043278 シナリオ走行を開始しました [シナリオ名: ログイン]
[ADMIN] 10:56:01.067210 シナリオ走行を終了しました [シナリオ名: ログイン]
[ADMIN] 10:56:01.067224 シナリオ走行を開始しました [シナリオ名: ログイン]
[ADMIN] 10:56:01.081765 シナリオ走行を終了しました [シナリオ名: 新規ユーザー登録]
[ADMIN] 10:56:01.081790 シナリオ走行を開始しました [シナリオ名: 新規ユーザー登録]
[ADMIN] 10:56:01.130489 シナリオ走行を終了しました [シナリオ名: 新規ユーザー登録]
[ADMIN] 10:56:01.130512 シナリオ走行を開始しました [シナリオ名: 新規ユーザー登録]
[ADMIN] 10:56:01.157780 シナリオ走行を終了しました [シナリオ名: ログイン]
[ADMIN] 10:56:01.157792 シナリオ走行を開始しました [シナリオ名: ログイン]
[ADMIN] 10:56:01.219585 シナリオ走行を終了しました [シナリオ名: ログイン]
[ADMIN] 10:56:01.219600 シナリオ走行を開始しました [シナリオ名: ログイン]
[ADMIN] 10:56:01.244841 シナリオ走行を終了しました [シナリオ名: ログイン]
[ADMIN] 10:56:01.244856 シナリオ走行を開始しました [シナリオ名: ログイン]
[ADMIN] 10:56:01.282952 シナリオ走行を終了しました [シナリオ名: ログイン]
[ADMIN] 10:56:01.282966 シナリオ走行を開始しました [シナリオ名: ログイン]
[ADMIN] 10:56:01.288470 シナリオ走行を終了しました [シナリオ名: Banユーザログイン]
[ADMIN] 10:56:01.288488 シナリオ走行を開始しました [シナリオ名: Banユーザログイン]
[ADMIN] 10:56:01.294736 シナリオ走行を終了しました [シナリオ名: Banユーザログイン]
[ADMIN] 10:56:01.294751 シナリオ走行を開始しました [シナリオ名: Banユーザログイン]
[ADMIN] 10:56:01.304079 シナリオ走行を終了しました [シナリオ名: ログイン]
[ADMIN] 10:56:01.304090 シナリオ走行を開始しました [シナリオ名: ログイン]
[ADMIN] 10:56:01.306442 シナリオ走行を終了しました [シナリオ名: ログイン]
[ADMIN] 10:56:01.306451 シナリオ走行を開始しました [シナリオ名: ログイン]
[ADMIN] 10:56:01.347354 シナリオ走行を終了しました [シナリオ名: ログイン]
[ADMIN] 10:56:01.347366 シナリオ走行を開始しました [シナリオ名: ログイン]
[ADMIN] 10:56:01.362477 シナリオ走行を終了しました [シナリオ名: ログイン]
[ADMIN] 10:56:01.362491 シナリオ走行を開始しました [シナリオ名: ログイン]
[ADMIN] 10:56:01.375852 シナリオ走行を終了しました [シナリオ名: 新規ユーザー登録]
[ADMIN] 10:56:01.375872 シナリオ走行を開始しました [シナリオ名: 新規ユーザー登録]
[ADMIN] 10:56:01.384428 シナリオ走行を終了しました [シナリオ名: ログイン]
[ADMIN] 10:56:01.384439 シナリオ走行を開始しました [シナリオ名: ログイン]
[ADMIN] 10:56:01.389585 シナリオ走行を終了しました [シナリオ名: ログイン]
[ADMIN] 10:56:01.389593 シナリオ走行を開始しました [シナリオ名: ログイン]
[ADMIN] 10:56:01.398390 シナリオ走行を終了しました [シナリオ名: ログイン]
[ADMIN] 10:56:01.398400 シナリオ走行を開始しました [シナリオ名: ログイン]
[ADMIN] 10:56:01.440669 シナリオ走行を終了しました [シナリオ名: ログイン]
[ADMIN] 10:56:01.440685 シナリオ走行を開始しました [シナリオ名: ログイン]
[ADMIN] 10:56:01.447811 シナリオ走行を終了しました [シナリオ名: 新規ユーザー登録]
[ADMIN] 10:56:01.447837 シナリオ走行を開始しました [シナリオ名: 新規ユーザー登録]
[ADMIN] 10:56:01.450760 シナリオ走行を終了しました [シナリオ名: ログイン]
[ADMIN] 10:56:01.450768 シナリオ走行を開始しました [シナリオ名: ログイン]
[ADMIN] 10:56:01.454740 シナリオ走行を終了しました [シナリオ名: ログイン]
[ADMIN] 10:56:01.454761 シナリオ走行を開始しました [シナリオ名: ログイン]
[ADMIN] 10:56:01.531405 シナリオ走行を終了しました [シナリオ名: 新規ユーザー登録]
[ADMIN] 10:56:01.531436 シナリオ走行を開始しました [シナリオ名: 新規ユーザー登録]
[ADMIN] 10:56:01.594372 シナリオ走行を終了しました [シナリオ名: ログイン]
[ADMIN] 10:56:01.594383 シナリオ走行を開始しました [シナリオ名: ログイン]
[ADMIN] 10:56:01.610934 シナリオ走行を終了しました [シナリオ名: ログイン]
[ADMIN] 10:56:01.610943 シナリオ走行を開始しました [シナリオ名: ログイン]
[ADMIN] 10:56:01.629238 シナリオ走行を終了しました [シナリオ名: ログイン]
[ADMIN] 10:56:01.629246 シナリオ走行を開始しました [シナリオ名: ログイン]
[ADMIN] 10:56:01.668796 シナリオ走行を終了しました [シナリオ名: ログイン]
[ADMIN] 10:56:01.668807 シナリオ走行を開始しました [シナリオ名: ログイン]
[ADMIN] 10:56:01.689933 シナリオ走行を終了しました [シナリオ名: 新規ユーザー登録]
[ADMIN] 10:56:01.689953 シナリオ走行を開始しました [シナリオ名: 新規ユーザー登録]
[ADMIN] 10:56:01.698084 シナリオ走行を終了しました [シナリオ名: ログイン]
[ADMIN] 10:56:01.698092 シナリオ走行を開始しました [シナリオ名: ログイン]
[ADMIN] 10:56:01.701137 シナリオ走行を終了しました [シナリオ名: 新規ユーザー登録]
[ADMIN] 10:56:01.701157 シナリオ走行を開始しました [シナリオ名: 新規ユーザー登録]
[ADMIN] 10:56:01.706117 シナリオ走行を終了しました [シナリオ名: ログイン]
[ADMIN] 10:56:01.706125 シナリオ走行を開始しました [シナリオ名: ログイン]
[ADMIN] 10:56:01.749363 シナリオ走行を終了しました [シナリオ名: ログイン]
[ADMIN] 10:56:01.749376 シナリオ走行を開始しました [シナリオ名: ログイン]
[ADMIN] 10:56:01.770039 シナリオ走行を終了しました [シナリオ名: ログイン]
[ADMIN] 10:56:01.770053 シナリオ走行を開始しました [シナリオ名: ログイン]
[ADMIN] 10:56:01.792290 シナリオ走行を終了しました [シナリオ名: Banユーザログイン]
[ADMIN] 10:56:01.792312 シナリオ走行を開始しました [シナリオ名: Banユーザログイン]
[ADMIN] 10:56:01.806426 シナリオ走行を終了しました [シナリオ名: Banユーザログイン]
[ADMIN] 10:56:01.806443 シナリオ走行を開始しました [シナリオ名: Banユーザログイン]
[ADMIN] 10:56:01.806980 シナリオ走行を終了しました [シナリオ名: ログイン]
[ADMIN] 10:56:01.806989 シナリオ走行を開始しました [シナリオ名: ログイン]
[ADMIN] 10:56:01.835559 シナリオ走行を終了しました [シナリオ名: ログイン]
[ADMIN] 10:56:01.835571 シナリオ走行を開始しました [シナリオ名: ログイン]
[ADMIN] 10:56:01.856261 シナリオ走行を終了しました [シナリオ名: ログイン]
[ADMIN] 10:56:01.856274 シナリオ走行を開始しました [シナリオ名: ログイン]
[ADMIN] 10:56:01.870534 シナリオ走行を終了しました [シナリオ名: ログイン]
[ADMIN] 10:56:01.870544 シナリオ走行を開始しました [シナリオ名: ログイン]
[ADMIN] 10:56:01.899692 シナリオ走行を終了しました [シナリオ名: ログイン]
[ADMIN] 10:56:01.899706 シナリオ走行を開始しました [シナリオ名: ログイン]
[ADMIN] 10:56:01.917922 シナリオ走行を終了しました [シナリオ名: ログイン]
[ADMIN] 10:56:01.917939 シナリオ走行を開始しました [シナリオ名: ログイン]
[ADMIN] 10:56:01.949689 シナリオ走行を終了しました [シナリオ名: 新規ユーザー登録]
[ADMIN] 10:56:01.949720 シナリオ走行を開始しました [シナリオ名: 新規ユーザー登録]
[ADMIN] 10:56:01.953412 シナリオ走行を終了しました [シナリオ名: ログイン]
[ADMIN] 10:56:01.953423 シナリオ走行を開始しました [シナリオ名: ログイン]
[ADMIN] 10:56:01.987619 シナリオ走行を終了しました [シナリオ名: ログイン]
[ADMIN] 10:56:01.987630 シナリオ走行を開始しました [シナリオ名: ログイン]
[ADMIN] 10:56:01.999298 シナリオ走行を終了しました [シナリオ名: ログイン]
[ADMIN] 10:56:01.999310 シナリオ走行を開始しました [シナリオ名: ログイン]
[ADMIN] 10:56:02.038844 シナリオ走行を終了しました [シナリオ名: 新規ユーザー登録]
[ADMIN] 10:56:02.038876 シナリオ走行を開始しました [シナリオ名: 新規ユーザー登録]
[ADMIN] 10:56:02.103145 シナリオ走行を終了しました [シナリオ名: 新規ユーザー登録]
[ADMIN] 10:56:02.103172 シナリオ走行を開始しました [シナリオ名: 新規ユーザー登録]
[ADMIN] 10:56:02.103683 シナリオ走行を終了しました [シナリオ名: ログイン]
[ADMIN] 10:56:02.103693 シナリオ走行を開始しました [シナリオ名: ログイン]
[ADMIN] 10:56:02.173443 シナリオ走行を終了しました [シナリオ名: ログイン]
[ADMIN] 10:56:02.173455 シナリオ走行を開始しました [シナリオ名: ログイン]
[ADMIN] 10:56:02.196054 シナリオ走行を終了しました [シナリオ名: ログイン]
[ADMIN] 10:56:02.196064 シナリオ走行を開始しました [シナリオ名: ログイン]
[ADMIN] 10:56:02.226291 シナリオ走行を終了しました [シナリオ名: ログイン]
[ADMIN] 10:56:02.226313 シナリオ走行を開始しました [シナリオ名: ログイン]
[ADMIN] 10:56:02.257704 シナリオ走行を終了しました [シナリオ名: ログイン]
[ADMIN] 10:56:02.257718 シナリオ走行を開始しました [シナリオ名: ログイン]
[ADMIN] 10:56:02.261060 シナリオ走行を終了しました [シナリオ名: ログイン]
[ADMIN] 10:56:02.261071 シナリオ走行を開始しました [シナリオ名: ログイン]
[ADMIN] 10:56:02.296436 シナリオ走行を終了しました [シナリオ名: Banユーザログイン]
[ADMIN] 10:56:02.296450 シナリオ走行を開始しました [シナリオ名: Banユーザログイン]
[ADMIN] 10:56:02.311952 シナリオ走行を終了しました [シナリオ名: Banユーザログイン]
[ADMIN] 10:56:02.311967 シナリオ走行を開始しました [シナリオ名: Banユーザログイン]
[ADMIN] 10:56:02.315670 シナリオ走行を終了しました [シナリオ名: 新規ユーザー登録]
[ADMIN] 10:56:02.315689 シナリオ走行を開始しました [シナリオ名: 新規ユーザー登録]
[ADMIN] 10:56:02.325697 シナリオ走行を終了しました [シナリオ名: ログイン]
[ADMIN] 10:56:02.325706 シナリオ走行を開始しました [シナリオ名: ログイン]
[ADMIN] 10:56:02.329957 シナリオ走行を終了しました [シナリオ名: ログイン]
[ADMIN] 10:56:02.329968 シナリオ走行を開始しました [シナリオ名: ログイン]
[ADMIN] 10:56:02.332734 シナリオ走行を終了しました [シナリオ名: 新規ユーザー登録]
[ADMIN] 10:56:02.332763 シナリオ走行を開始しました [シナリオ名: 新規ユーザー登録]
[ADMIN] 10:56:02.333593 シナリオ走行を終了しました [シナリオ名: ログイン]
[ADMIN] 10:56:02.333602 シナリオ走行を開始しました [シナリオ名: ログイン]
[ADMIN] 10:56:02.367818 シナリオ走行を終了しました [シナリオ名: ログイン]
[ADMIN] 10:56:02.367832 シナリオ走行を開始しました [シナリオ名: ログイン]
[ADMIN] 10:56:02.369623 シナリオ走行を終了しました [シナリオ名: ログイン]
[ADMIN] 10:56:02.369633 シナリオ走行を開始しました [シナリオ名: ログイン]
[ADMIN] 10:56:02.381502 シナリオ走行を終了しました [シナリオ名: ログイン]
[ADMIN] 10:56:02.381513 シナリオ走行を開始しました [シナリオ名: ログイン]
[ADMIN] 10:56:02.384997 シナリオ走行を終了しました [シナリオ名: ログイン]
[ADMIN] 10:56:02.385004 シナリオ走行を開始しました [シナリオ名: ログイン]
[ADMIN] 10:56:02.453413 シナリオ走行を終了しました [シナリオ名: ログイン]
[ADMIN] 10:56:02.453424 シナリオ走行を開始しました [シナリオ名: ログイン]
[ADMIN] 10:56:02.466909 シナリオ走行を終了しました [シナリオ名: ログイン]
[ADMIN] 10:56:02.466925 シナリオ走行を開始しました [シナリオ名: ログイン]
[ADMIN] 10:56:02.483355 シナリオ走行を終了しました [シナリオ名: 新規ユーザー登録]
[ADMIN] 10:56:02.483392 シナリオ走行を開始しました [シナリオ名: 新規ユーザー登録]
[ADMIN] 10:56:02.517254 シナリオ走行を終了しました [シナリオ名: ログイン]
[ADMIN] 10:56:02.517264 シナリオ走行を開始しました [シナリオ名: ログイン]
[ADMIN] 10:56:02.585646 シナリオ走行を終了しました [シナリオ名: ログイン]
[ADMIN] 10:56:02.585657 シナリオ走行を開始しました [シナリオ名: ログイン]
[ADMIN] 10:56:02.587316 シナリオ走行を終了しました [シナリオ名: 新規ユーザー登録]
[ADMIN] 10:56:02.587338 シナリオ走行を開始しました [シナリオ名: 新規ユーザー登録]
[ADMIN] 10:56:02.623745 シナリオ走行を終了しました [シナリオ名: ログイン]
[ADMIN] 10:56:02.623757 シナリオ走行を開始しました [シナリオ名: ログイン]
[ADMIN] 10:56:02.656244 シナリオ走行を終了しました [シナリオ名: 新規ユーザー登録]
[ADMIN] 10:56:02.656265 シナリオ走行を開始しました [シナリオ名: 新規ユーザー登録]
[ADMIN] 10:56:02.726764 シナリオ走行を終了しました [シナリオ名: ログイン]
[ADMIN] 10:56:02.726777 シナリオ走行を開始しました [シナリオ名: ログイン]
[ADMIN] 10:56:02.735725 シナリオ走行を終了しました [シナリオ名: ログイン]
[ADMIN] 10:56:02.735740 シナリオ走行を開始しました [シナリオ名: ログイン]
[ADMIN] 10:56:02.776663 シナリオ走行を終了しました [シナリオ名: ログイン]
[ADMIN] 10:56:02.776676 シナリオ走行を開始しました [シナリオ名: ログイン]
[ADMIN] 10:56:02.780237 シナリオ走行を終了しました [シナリオ名: ログイン]
[ADMIN] 10:56:02.780247 シナリオ走行を開始しました [シナリオ名: ログイン]
[ADMIN] 10:56:02.784233 シナリオ走行を終了しました [シナリオ名: ログイン]
[ADMIN] 10:56:02.784244 シナリオ走行を開始しました [シナリオ名: ログイン]
[ADMIN] 10:56:02.800724 シナリオ走行を終了しました [シナリオ名: Banユーザログイン]
[ADMIN] 10:56:02.800741 シナリオ走行を開始しました [シナリオ名: Banユーザログイン]
[ADMIN] 10:56:02.813772 シナリオ走行を終了しました [シナリオ名: ログイン]
[ADMIN] 10:56:02.813784 シナリオ走行を開始しました [シナリオ名: ログイン]
[ADMIN] 10:56:02.815667 シナリオ走行を終了しました [シナリオ名: ログイン]
[ADMIN] 10:56:02.815679 シナリオ走行を開始しました [シナリオ名: ログイン]
[ADMIN] 10:56:02.815742 シナリオ走行を終了しました [シナリオ名: Banユーザログイン]
[ADMIN] 10:56:02.815756 シナリオ走行を開始しました [シナリオ名: Banユーザログイン]
[ADMIN] 10:56:02.823618 シナリオ走行を終了しました [シナリオ名: ログイン]
[ADMIN] 10:56:02.823627 シナリオ走行を開始しました [シナリオ名: ログイン]
[ADMIN] 10:56:02.827938 シナリオ走行を終了しました [シナリオ名: ログイン]
[ADMIN] 10:56:02.827946 シナリオ走行を開始しました [シナリオ名: ログイン]
[ADMIN] 10:56:02.834024 シナリオ走行を終了しました [シナリオ名: ログイン]
[ADMIN] 10:56:02.834033 シナリオ走行を開始しました [シナリオ名: ログイン]
[ADMIN] 10:56:02.915013 シナリオ走行を終了しました [シナリオ名: 新規ユーザー登録]
[ADMIN] 10:56:02.915037 シナリオ走行を開始しました [シナリオ名: 新規ユーザー登録]
[ADMIN] 10:56:02.930534 シナリオ走行を終了しました [シナリオ名: ログイン]
[ADMIN] 10:56:02.930545 シナリオ走行を開始しました [シナリオ名: ログイン]
[ADMIN] 10:56:03.023193 シナリオ走行を終了しました [シナリオ名: 新規ユーザー登録]
[ADMIN] 10:56:03.023222 シナリオ走行を開始しました [シナリオ名: 新規ユーザー登録]
[ADMIN] 10:56:03.039431 シナリオ走行を終了しました [シナリオ名: 新規ユーザー登録]
[ADMIN] 10:56:03.039454 シナリオ走行を開始しました [シナリオ名: 新規ユーザー登録]
[ADMIN] 10:56:03.081173 シナリオ走行を終了しました [シナリオ名: ログイン]
[ADMIN] 10:56:03.081182 シナリオ走行を開始しました [シナリオ名: ログイン]
[ADMIN] 10:56:03.111582 シナリオ走行を終了しました [シナリオ名: ログイン]
[ADMIN] 10:56:03.111595 シナリオ走行を開始しました [シナリオ名: ログイン]
[ADMIN] 10:56:03.134579 シナリオ走行を終了しました [シナリオ名: ログイン]
[ADMIN] 10:56:03.134592 シナリオ走行を開始しました [シナリオ名: ログイン]
[ADMIN] 10:56:03.179038 シナリオ走行を終了しました [シナリオ名: ログイン]
[ADMIN] 10:56:03.179051 シナリオ走行を開始しました [シナリオ名: ログイン]
[ADMIN] 10:56:03.193331 シナリオ走行を終了しました [シナリオ名: ログイン]
[ADMIN] 10:56:03.193344 シナリオ走行を開始しました [シナリオ名: ログイン]
[ADMIN] 10:56:03.208473 シナリオ走行を終了しました [シナリオ名: ログイン]
[ADMIN] 10:56:03.208483 シナリオ走行を開始しました [シナリオ名: ログイン]
[ADMIN] 10:56:03.221084 シナリオ走行を終了しました [シナリオ名: 新規ユーザー登録]
[ADMIN] 10:56:03.221101 シナリオ走行を開始しました [シナリオ名: 新規ユーザー登録]
[ADMIN] 10:56:03.230150 シナリオ走行を終了しました [シナリオ名: ログイン]
[ADMIN] 10:56:03.230158 シナリオ走行を開始しました [シナリオ名: ログイン]
[ADMIN] 10:56:03.235748 シナリオ走行を終了しました [シナリオ名: ログイン]
[ADMIN] 10:56:03.235758 シナリオ走行を開始しました [シナリオ名: ログイン]
[ADMIN] 10:56:03.261390 シナリオ走行を終了しました [シナリオ名: ログイン]
[ADMIN] 10:56:03.261398 シナリオ走行を開始しました [シナリオ名: ログイン]
[ADMIN] 10:56:03.262668 シナリオ走行を終了しました [シナリオ名: ログイン]
[ADMIN] 10:56:03.262677 シナリオ走行を開始しました [シナリオ名: ログイン]
[ADMIN] 10:56:03.303670 シナリオ走行を終了しました [シナリオ名: Banユーザログイン]
[ADMIN] 10:56:03.303682 シナリオ走行を開始しました [シナリオ名: Banユーザログイン]
[ADMIN] 10:56:03.320442 シナリオ走行を終了しました [シナリオ名: Banユーザログイン]
[ADMIN] 10:56:03.320459 シナリオ走行を開始しました [シナリオ名: Banユーザログイン]
[ADMIN] 10:56:03.321452 シナリオ走行を終了しました [シナリオ名: 新規ユーザー登録]
[ADMIN] 10:56:03.321470 シナリオ走行を開始しました [シナリオ名: 新規ユーザー登録]
[ADMIN] 10:56:03.326715 シナリオ走行を終了しました [シナリオ名: ログイン]
[ADMIN] 10:56:03.326724 シナリオ走行を開始しました [シナリオ名: ログイン]
[ADMIN] 10:56:03.349390 シナリオ走行を終了しました [シナリオ名: ログイン]
[ADMIN] 10:56:03.349401 シナリオ走行を開始しました [シナリオ名: ログイン]
[ADMIN] 10:56:03.397947 シナリオ走行を終了しました [シナリオ名: ログイン]
[ADMIN] 10:56:03.397960 シナリオ走行を開始しました [シナリオ名: ログイン]
[ADMIN] 10:56:03.431040 シナリオ走行を終了しました [シナリオ名: ログイン]
[ADMIN] 10:56:03.431052 シナリオ走行を開始しました [シナリオ名: ログイン]
[ADMIN] 10:56:03.436443 シナリオ走行を終了しました [シナリオ名: 新規ユーザー登録]
[ADMIN] 10:56:03.436461 シナリオ走行を開始しました [シナリオ名: 新規ユーザー登録]
[ADMIN] 10:56:03.457358 シナリオ走行を終了しました [シナリオ名: ログイン]
[ADMIN] 10:56:03.457373 シナリオ走行を開始しました [シナリオ名: ログイン]
[ADMIN] 10:56:03.494393 シナリオ走行を終了しました [シナリオ名: ログイン]
[ADMIN] 10:56:03.494408 シナリオ走行を開始しました [シナリオ名: ログイン]
[ADMIN] 10:56:03.530391 シナリオ走行を終了しました [シナリオ名: ログイン]
[ADMIN] 10:56:03.530404 シナリオ走行を開始しました [シナリオ名: ログイン]
[ADMIN] 10:56:03.566137 シナリオ走行を終了しました [シナリオ名: ログイン]
[ADMIN] 10:56:03.566154 シナリオ走行を開始しました [シナリオ名: ログイン]
[ADMIN] 10:56:03.573358 シナリオ走行を終了しました [シナリオ名: 新規ユーザー登録]
[ADMIN] 10:56:03.573383 シナリオ走行を開始しました [シナリオ名: 新規ユーザー登録]
[ADMIN] 10:56:03.607806 シナリオ走行を終了しました [シナリオ名: ログイン]
[ADMIN] 10:56:03.607819 シナリオ走行を開始しました [シナリオ名: ログイン]
[ADMIN] 10:56:03.611486 シナリオ走行を終了しました [シナリオ名: ログイン]
[ADMIN] 10:56:03.611497 シナリオ走行を開始しました [シナリオ名: ログイン]
[ADMIN] 10:56:03.612218 シナリオ走行を終了しました [シナリオ名: ログイン]
[ADMIN] 10:56:03.612227 シナリオ走行を開始しました [シナリオ名: ログイン]
[ADMIN] 10:56:03.621426 シナリオ走行を終了しました [シナリオ名: ログイン]
[ADMIN] 10:56:03.621435 シナリオ走行を開始しました [シナリオ名: ログイン]
[ADMIN] 10:56:03.648290 シナリオ走行を終了しました [シナリオ名: ログイン]
[ADMIN] 10:56:03.648302 シナリオ走行を開始しました [シナリオ名: ログイン]
[ADMIN] 10:56:03.670285 シナリオ走行を終了しました [シナリオ名: ログイン]
[ADMIN] 10:56:03.670300 シナリオ走行を開始しました [シナリオ名: ログイン]
[ADMIN] 10:56:03.692950 シナリオ走行を終了しました [シナリオ名: 新規ユーザー登録]
[ADMIN] 10:56:03.692970 シナリオ走行を開始しました [シナリオ名: 新規ユーザー登録]
[ADMIN] 10:56:03.700602 シナリオ走行を終了しました [シナリオ名: ログイン]
[ADMIN] 10:56:03.700612 シナリオ走行を開始しました [シナリオ名: ログイン]
[ADMIN] 10:56:03.713186 シナリオ走行を終了しました [シナリオ名: ログイン]
[ADMIN] 10:56:03.713200 シナリオ走行を開始しました [シナリオ名: ログイン]
[ADMIN] 10:56:03.767975 シナリオ走行を終了しました [シナリオ名: ログイン]
[ADMIN] 10:56:03.767987 シナリオ走行を開始しました [シナリオ名: ログイン]
[ADMIN] 10:56:03.796331 シナリオ走行を終了しました [シナリオ名: ログイン]
[ADMIN] 10:56:03.796345 シナリオ走行を開始しました [シナリオ名: ログイン]
[ADMIN] 10:56:03.806434 シナリオ走行を終了しました [シナリオ名: Banユーザログイン]
[ADMIN] 10:56:03.806449 シナリオ走行を開始しました [シナリオ名: Banユーザログイン]
[ADMIN] 10:56:03.822821 シナリオ走行を終了しました [シナリオ名: Banユーザログイン]
[ADMIN] 10:56:03.822837 シナリオ走行を開始しました [シナリオ名: Banユーザログイン]
[ADMIN] 10:56:03.843597 シナリオ走行を終了しました [シナリオ名: ログイン]
[ADMIN] 10:56:03.843609 シナリオ走行を開始しました [シナリオ名: ログイン]
[ADMIN] 10:56:03.875282 シナリオ走行を終了しました [シナリオ名: 新規ユーザー登録]
[ADMIN] 10:56:03.875306 シナリオ走行を開始しました [シナリオ名: 新規ユーザー登録]
[ADMIN] 10:56:03.961725 シナリオ走行を終了しました [シナリオ名: ログイン]
[ADMIN] 10:56:03.961741 シナリオ走行を開始しました [シナリオ名: ログイン]
[ADMIN] 10:56:03.971786 シナリオ走行を終了しました [シナリオ名: ログイン]
[ADMIN] 10:56:03.971798 シナリオ走行を開始しました [シナリオ名: ログイン]
[ADMIN] 10:56:03.977066 シナリオ走行を終了しました [シナリオ名: ログイン]
[ADMIN] 10:56:03.977077 シナリオ走行を開始しました [シナリオ名: ログイン]
[ADMIN] 10:56:04.033585 シナリオ走行を終了しました [シナリオ名: ログイン]
[ADMIN] 10:56:04.033600 シナリオ走行を開始しました [シナリオ名: ログイン]
[ADMIN] 10:56:04.047566 シナリオ走行を終了しました [シナリオ名: ログイン]
[ADMIN] 10:56:04.047578 シナリオ走行を開始しました [シナリオ名: ログイン]
[ADMIN] 10:56:04.051292 シナリオ走行を終了しました [シナリオ名: 新規ユーザー登録]
[ADMIN] 10:56:04.051309 シナリオ走行を開始しました [シナリオ名: 新規ユーザー登録]
[ADMIN] 10:56:04.052267 シナリオ走行を終了しました [シナリオ名: ログイン]
[ADMIN] 10:56:04.052276 シナリオ走行を開始しました [シナリオ名: ログイン]
[ADMIN] 10:56:04.087742 シナリオ走行を終了しました [シナリオ名: ログイン]
[ADMIN] 10:56:04.087754 シナリオ走行を開始しました [シナリオ名: ログイン]
[ADMIN] 10:56:04.119023 シナリオ走行を終了しました [シナリオ名: 新規ユーザー登録]
[ADMIN] 10:56:04.119048 シナリオ走行を開始しました [シナリオ名: 新規ユーザー登録]
[ADMIN] 10:56:04.124731 シナリオ走行を終了しました [シナリオ名: 新規ユーザー登録]
[ADMIN] 10:56:04.124752 シナリオ走行を開始しました [シナリオ名: 新規ユーザー登録]
[ADMIN] 10:56:04.131659 シナリオ走行を終了しました [シナリオ名: ログイン]
[ADMIN] 10:56:04.131669 シナリオ走行を開始しました [シナリオ名: ログイン]
[ADMIN] 10:56:04.136007 シナリオ走行を終了しました [シナリオ名: ログイン]
[ADMIN] 10:56:04.136014 シナリオ走行を開始しました [シナリオ名: ログイン]
[ADMIN] 10:56:04.140708 シナリオ走行を終了しました [シナリオ名: ログイン]
[ADMIN] 10:56:04.140717 シナリオ走行を開始しました [シナリオ名: ログイン]
[ADMIN] 10:56:04.149514 シナリオ走行を終了しました [シナリオ名: ログイン]
[ADMIN] 10:56:04.149524 シナリオ走行を開始しました [シナリオ名: ログイン]
[ADMIN] 10:56:04.217974 シナリオ走行を終了しました [シナリオ名: ログイン]
[ADMIN] 10:56:04.217988 シナリオ走行を開始しました [シナリオ名: ログイン]
[ADMIN] 10:56:04.236178 シナリオ走行を終了しました [シナリオ名: ログイン]
[ADMIN] 10:56:04.236192 シナリオ走行を開始しました [シナリオ名: ログイン]
[ADMIN] 10:56:04.276365 シナリオ走行を終了しました [シナリオ名: 新規ユーザー登録]
[ADMIN] 10:56:04.276387 シナリオ走行を開始しました [シナリオ名: 新規ユーザー登録]
[ADMIN] 10:56:04.309244 シナリオ走行を終了しました [シナリオ名: Banユーザログイン]
[ADMIN] 10:56:04.309267 シナリオ走行を開始しました [シナリオ名: Banユーザログイン]
[ADMIN] 10:56:04.320947 シナリオ走行を終了しました [シナリオ名: ログイン]
[ADMIN] 10:56:04.320960 シナリオ走行を開始しました [シナリオ名: ログイン]
[ADMIN] 10:56:04.325198 シナリオ走行を終了しました [シナリオ名: Banユーザログイン]
[ADMIN] 10:56:04.325213 シナリオ走行を開始しました [シナリオ名: Banユーザログイン]
[ADMIN] 10:56:04.356651 シナリオ走行を終了しました [シナリオ名: ログイン]
[ADMIN] 10:56:04.356662 シナリオ走行を開始しました [シナリオ名: ログイン]
[ADMIN] 10:56:04.434146 シナリオ走行を終了しました [シナリオ名: 新規ユーザー登録]
[ADMIN] 10:56:04.434172 シナリオ走行を開始しました [シナリオ名: 新規ユーザー登録]
[ADMIN] 10:56:04.445517 シナリオ走行を終了しました [シナリオ名: ログイン]
[ADMIN] 10:56:04.445527 シナリオ走行を開始しました [シナリオ名: ログイン]
[ADMIN] 10:56:04.470032 シナリオ走行を終了しました [シナリオ名: ログイン]
[ADMIN] 10:56:04.470044 シナリオ走行を開始しました [シナリオ名: ログイン]
[ADMIN] 10:56:04.472218 シナリオ走行を終了しました [シナリオ名: ログイン]
[ADMIN] 10:56:04.472228 シナリオ走行を開始しました [シナリオ名: ログイン]
[ADMIN] 10:56:04.508534 シナリオ走行を終了しました [シナリオ名: ログイン]
[ADMIN] 10:56:04.508549 シナリオ走行を開始しました [シナリオ名: ログイン]
[ADMIN] 10:56:04.513130 シナリオ走行を終了しました [シナリオ名: ログイン]
[ADMIN] 10:56:04.513146 シナリオ走行を開始しました [シナリオ名: ログイン]
[ADMIN] 10:56:04.519426 シナリオ走行を終了しました [シナリオ名: ログイン]
[ADMIN] 10:56:04.519436 シナリオ走行を開始しました [シナリオ名: ログイン]
[ADMIN] 10:56:04.533895 シナリオ走行を終了しました [シナリオ名: ログイン]
[ADMIN] 10:56:04.533906 シナリオ走行を開始しました [シナリオ名: ログイン]
[ADMIN] 10:56:04.568292 シナリオ走行を終了しました [シナリオ名: ログイン]
[ADMIN] 10:56:04.568303 シナリオ走行を開始しました [シナリオ名: ログイン]
[ADMIN] 10:56:04.588209 シナリオ走行を終了しました [シナリオ名: ログイン]
[ADMIN] 10:56:04.588220 シナリオ走行を開始しました [シナリオ名: ログイン]
[ADMIN] 10:56:04.614326 シナリオ走行を終了しました [シナリオ名: 新規ユーザー登録]
[ADMIN] 10:56:04.614346 シナリオ走行を開始しました [シナリオ名: 新規ユーザー登録]
[ADMIN] 10:56:04.635280 シナリオ走行を終了しました [シナリオ名: ログイン]
[ADMIN] 10:56:04.635292 シナリオ走行を開始しました [シナリオ名: ログイン]
[ADMIN] 10:56:04.650191 シナリオ走行を終了しました [シナリオ名: 新規ユーザー登録]
[ADMIN] 10:56:04.650223 シナリオ走行を開始しました [シナリオ名: 新規ユーザー登録]
[ADMIN] 10:56:04.650340 シナリオ走行を終了しました [シナリオ名: ログイン]
[ADMIN] 10:56:04.650373 シナリオ走行を開始しました [シナリオ名: ログイン]
[ADMIN] 10:56:04.656664 シナリオ走行を終了しました [シナリオ名: ログイン]
[ADMIN] 10:56:04.656676 シナリオ走行を開始しました [シナリオ名: ログイン]
[ADMIN] 10:56:04.667258 シナリオ走行を終了しました [シナリオ名: 新規ユーザー登録]
[ADMIN] 10:56:04.667276 シナリオ走行を開始しました [シナリオ名: 新規ユーザー登録]
[ADMIN] 10:56:04.714067 シナリオ走行を終了しました [シナリオ名: ログイン]
[ADMIN] 10:56:04.714078 シナリオ走行を開始しました [シナリオ名: ログイン]
[ADMIN] 10:56:04.781759 シナリオ走行を終了しました [シナリオ名: ログイン]
[ADMIN] 10:56:04.781777 シナリオ走行を開始しました [シナリオ名: ログイン]
[ADMIN] 10:56:04.803312 シナリオ走行を終了しました [シナリオ名: ログイン]
[ADMIN] 10:56:04.803322 シナリオ走行を開始しました [シナリオ名: ログイン]
[ADMIN] 10:56:04.811843 シナリオ走行を終了しました [シナリオ名: Banユーザログイン]
[ADMIN] 10:56:04.811857 シナリオ走行を開始しました [シナリオ名: Banユーザログイン]
[ADMIN] 10:56:04.828588 シナリオ走行を終了しました [シナリオ名: Banユーザログイン]
[ADMIN] 10:56:04.828601 シナリオ走行を開始しました [シナリオ名: Banユーザログイン]
[ADMIN] 10:56:04.840582 シナリオ走行を終了しました [シナリオ名: ログイン]
[ADMIN] 10:56:04.840591 シナリオ走行を開始しました [シナリオ名: ログイン]
[ADMIN] 10:56:04.905510 シナリオ走行を終了しました [シナリオ名: ログイン]
[ADMIN] 10:56:04.905519 シナリオ走行を開始しました [シナリオ名: ログイン]
[ADMIN] 10:56:04.980029 シナリオ走行を終了しました [シナリオ名: ログイン]
[ADMIN] 10:56:04.980039 シナリオ走行を開始しました [シナリオ名: ログイン]
[ADMIN] 10:56:04.993627 シナリオ走行を終了しました [シナリオ名: 新規ユーザー登録]
[ADMIN] 10:56:04.993646 シナリオ走行を開始しました [シナリオ名: 新規ユーザー登録]
[ADMIN] 10:56:04.996342 シナリオ走行を終了しました [シナリオ名: ログイン]
[ADMIN] 10:56:04.996352 シナリオ走行を開始しました [シナリオ名: ログイン]
[ADMIN] 10:56:04.996680 シナリオ走行を終了しました [シナリオ名: 新規ユーザー登録]
[ADMIN] 10:56:04.996713 シナリオ走行を開始しました [シナリオ名: 新規ユーザー登録]
[ADMIN] 10:56:05.025949 シナリオ走行を終了しました [シナリオ名: ログイン]
[ADMIN] 10:56:05.025959 シナリオ走行を開始しました [シナリオ名: ログイン]
[ADMIN] 10:56:05.071963 シナリオ走行を終了しました [シナリオ名: ログイン]
[ADMIN] 10:56:05.071973 シナリオ走行を開始しました [シナリオ名: ログイン]
[ADMIN] 10:56:05.076541 シナリオ走行を終了しました [シナリオ名: ログイン]
[ADMIN] 10:56:05.076554 シナリオ走行を開始しました [シナリオ名: ログイン]
[ADMIN] 10:56:05.133316 シナリオ走行を終了しました [シナリオ名: ログイン]
[ADMIN] 10:56:05.133328 シナリオ走行を開始しました [シナリオ名: ログイン]
10:56:05.139818 現在のログイン成功数: [total: 733 (+528人)]
10:56:05.139823 現在のユーザー登録成功数: [total: 382 (+232人)]
[ADMIN] 10:56:05.139795 シナリオ走行を開始しました [シナリオ名: マスター更新]
[ADMIN] 10:56:05.146686 シナリオ走行を終了しました [シナリオ名: ログイン]
[ADMIN] 10:56:05.146698 シナリオ走行を開始しました [シナリオ名: ログイン]
[ADMIN] 10:56:05.157907 シナリオ走行を終了しました [シナリオ名: ログイン]
[ADMIN] 10:56:05.157932 シナリオ走行を開始しました [シナリオ名: ログイン]
[ADMIN] 10:56:05.157973 シナリオ走行を開始しました [シナリオ名: ログイン]
[ADMIN] 10:56:05.157986 シナリオ走行を開始しました [シナリオ名: ログイン]
[ADMIN] 10:56:05.158027 シナリオ走行を開始しました [シナリオ名: ログイン]
[ADMIN] 10:56:05.158067 シナリオ走行を開始しました [シナリオ名: ログイン]
[ADMIN] 10:56:05.158068 シナリオ走行を開始しました [シナリオ名: ログイン]
[ADMIN] 10:56:05.158152 シナリオ走行を開始しました [シナリオ名: ログイン]
[ADMIN] 10:56:05.158164 シナリオ走行を開始しました [シナリオ名: ログイン]
[ADMIN] 10:56:05.158173 シナリオ走行を開始しました [シナリオ名: ログイン]
[ADMIN] 10:56:05.158254 シナリオ走行を開始しました [シナリオ名: ログイン]
[ADMIN] 10:56:05.158258 シナリオ走行を開始しました [シナリオ名: ログイン]
[ADMIN] 10:56:05.158263 シナリオ走行を開始しました [シナリオ名: ログイン]
[ADMIN] 10:56:05.158269 シナリオ走行を開始しました [シナリオ名: ログイン]
[ADMIN] 10:56:05.158272 シナリオ走行を開始しました [シナリオ名: ログイン]
[ADMIN] 10:56:05.158272 シナリオ走行を開始しました [シナリオ名: ログイン]
[ADMIN] 10:56:05.158289 シナリオ走行を開始しました [シナリオ名: ログイン]
[ADMIN] 10:56:05.166088 シナリオ走行を終了しました [シナリオ名: ログイン]
[ADMIN] 10:56:05.200368 シナリオ走行を終了しました [シナリオ名: ログイン]
10:56:05.265716 マスターデータの更新が完了しました。次のマスターバージョンは「2」です。
[ADMIN] 10:56:05.266900 シナリオ走行を終了しました [シナリオ名: マスター更新]
[ADMIN] 10:56:05.280074 シナリオ走行を終了しました [シナリオ名: 新規ユーザー登録]
[ADMIN] 10:56:05.280101 シナリオ走行を開始しました [シナリオ名: 新規ユーザー登録]
[ADMIN] 10:56:05.314400 シナリオ走行を終了しました [シナリオ名: Banユーザログイン]
[ADMIN] 10:56:05.314414 シナリオ走行を開始しました [シナリオ名: Banユーザログイン]
[ADMIN] 10:56:05.331074 シナリオ走行を終了しました [シナリオ名: Banユーザログイン]
[ADMIN] 10:56:05.331090 シナリオ走行を開始しました [シナリオ名: Banユーザログイン]
[ADMIN] 10:56:05.495302 シナリオ走行を終了しました [シナリオ名: ログイン]
[ADMIN] 10:56:05.495317 シナリオ走行を開始しました [シナリオ名: ログイン]
[ADMIN] 10:56:05.495355 シナリオ走行を開始しました [シナリオ名: ログイン]
[ADMIN] 10:56:05.495366 シナリオ走行を開始しました [シナリオ名: ログイン]
[ADMIN] 10:56:05.604726 シナリオ走行を終了しました [シナリオ名: ログイン]
[ADMIN] 10:56:05.604741 シナリオ走行を開始しました [シナリオ名: ログイン]
[ADMIN] 10:56:05.738894 シナリオ走行を終了しました [シナリオ名: ログイン]
[ADMIN] 10:56:05.784084 シナリオ走行を終了しました [シナリオ名: ログイン]
[ADMIN] 10:56:05.827806 シナリオ走行を終了しました [シナリオ名: Banユーザログイン]
[ADMIN] 10:56:05.827825 シナリオ走行を開始しました [シナリオ名: Banユーザログイン]
[ADMIN] 10:56:05.833846 シナリオ走行を終了しました [シナリオ名: Banユーザログイン]
[ADMIN] 10:56:05.833863 シナリオ走行を開始しました [シナリオ名: Banユーザログイン]
[ADMIN] 10:56:05.850087 シナリオ走行を終了しました [シナリオ名: ログイン]
[ADMIN] 10:56:05.850099 シナリオ走行を開始しました [シナリオ名: ログイン]
[ADMIN] 10:56:05.850153 シナリオ走行を開始しました [シナリオ名: ログイン]
[ADMIN] 10:56:05.850161 シナリオ走行を開始しました [シナリオ名: ログイン]
[ADMIN] 10:56:05.850476 シナリオ走行を終了しました [シナリオ名: ログイン]
[ADMIN] 10:56:05.850852 シナリオ走行を終了しました [シナリオ名: ログイン]
[ADMIN] 10:56:05.850863 シナリオ走行を開始しました [シナリオ名: ログイン]
[ADMIN] 10:56:05.850917 シナリオ走行を開始しました [シナリオ名: ログイン]
[ADMIN] 10:56:05.853579 シナリオ走行を終了しました [シナリオ名: ログイン]
[ADMIN] 10:56:05.853589 シナリオ走行を開始しました [シナリオ名: ログイン]
[ADMIN] 10:56:05.879614 シナリオ走行を終了しました [シナリオ名: 新規ユーザー登録]
[ADMIN] 10:56:05.879649 シナリオ走行を開始しました [シナリオ名: 新規ユーザー登録]
[ADMIN] 10:56:05.879690 シナリオ走行を開始しました [シナリオ名: 新規ユーザー登録]
[ADMIN] 10:56:05.879714 シナリオ走行を開始しました [シナリオ名: 新規ユーザー登録]
[ADMIN] 10:56:05.879769 シナリオ走行を開始しました [シナリオ名: 新規ユーザー登録]
[ADMIN] 10:56:05.879772 シナリオ走行を開始しました [シナリオ名: 新規ユーザー登録]
[ADMIN] 10:56:05.879778 シナリオ走行を開始しました [シナリオ名: 新規ユーザー登録]
[ADMIN] 10:56:05.879787 シナリオ走行を開始しました [シナリオ名: 新規ユーザー登録]
[ADMIN] 10:56:05.879792 シナリオ走行を開始しました [シナリオ名: 新規ユーザー登録]
[ADMIN] 10:56:05.879793 シナリオ走行を開始しました [シナリオ名: 新規ユーザー登録]
[ADMIN] 10:56:05.962379 シナリオ走行を終了しました [シナリオ名: ログイン]
[ADMIN] 10:56:05.962396 シナリオ走行を開始しました [シナリオ名: ログイン]
[ADMIN] 10:56:05.996719 シナリオ走行を終了しました [シナリオ名: 新規ユーザー登録]
[ADMIN] 10:56:06.100908 シナリオ走行を終了しました [シナリオ名: ログイン]
[ADMIN] 10:56:06.109199 シナリオ走行を終了しました [シナリオ名: ログイン]
[ADMIN] 10:56:06.109214 シナリオ走行を開始しました [シナリオ名: ログイン]
[ADMIN] 10:56:06.109221 シナリオ走行を開始しました [シナリオ名: ログイン]
[ADMIN] 10:56:06.140777 シナリオ走行を終了しました [シナリオ名: ログイン]
[ADMIN] 10:56:06.140791 シナリオ走行を開始しました [シナリオ名: ログイン]
[ADMIN] 10:56:06.153171 シナリオ走行を終了しました [シナリオ名: ログイン]
[ADMIN] 10:56:06.153186 シナリオ走行を開始しました [シナリオ名: ログイン]
[ADMIN] 10:56:06.211705 シナリオ走行を終了しました [シナリオ名: ログイン]
[ADMIN] 10:56:06.211721 シナリオ走行を開始しました [シナリオ名: ログイン]
[ADMIN] 10:56:06.263699 シナリオ走行を終了しました [シナリオ名: ログイン]
[ADMIN] 10:56:06.263714 シナリオ走行を開始しました [シナリオ名: ログイン]
[ADMIN] 10:56:06.275390 シナリオ走行を終了しました [シナリオ名: ログイン]
[ADMIN] 10:56:06.275402 シナリオ走行を開始しました [シナリオ名: ログイン]
[ADMIN] 10:56:06.294687 シナリオ走行を終了しました [シナリオ名: ログイン]
[ADMIN] 10:56:06.294699 シナリオ走行を開始しました [シナリオ名: ログイン]
[ADMIN] 10:56:06.306565 シナリオ走行を終了しました [シナリオ名: ログイン]
[ADMIN] 10:56:06.306578 シナリオ走行を開始しました [シナリオ名: ログイン]
[ADMIN] 10:56:06.309160 シナリオ走行を終了しました [シナリオ名: ログイン]
[ADMIN] 10:56:06.318919 シナリオ走行を終了しました [シナリオ名: ログイン]
[ADMIN] 10:56:06.320101 シナリオ走行を終了しました [シナリオ名: ログイン]
[ADMIN] 10:56:06.329090 シナリオ走行を終了しました [シナリオ名: ログイン]
[ADMIN] 10:56:06.329106 シナリオ走行を開始しました [シナリオ名: ログイン]
[ADMIN] 10:56:06.329158 シナリオ走行を開始しました [シナリオ名: ログイン]
[ADMIN] 10:56:06.329174 シナリオ走行を開始しました [シナリオ名: ログイン]
[ADMIN] 10:56:06.329213 シナリオ走行を開始しました [シナリオ名: ログイン]
[ADMIN] 10:56:06.330639 シナリオ走行を終了しました [シナリオ名: Banユーザログイン]
[ADMIN] 10:56:06.330654 シナリオ走行を開始しました [シナリオ名: Banユーザログイン]
[ADMIN] 10:56:06.336052 シナリオ走行を終了しました [シナリオ名: Banユーザログイン]
[ADMIN] 10:56:06.336084 シナリオ走行を開始しました [シナリオ名: Banユーザログイン]
[ADMIN] 10:56:06.336133 シナリオ走行を開始しました [シナリオ名: Banユーザログイン]
[ADMIN] 10:56:06.336212 シナリオ走行を開始しました [シナリオ名: Banユーザログイン]
[ADMIN] 10:56:06.385664 シナリオ走行を終了しました [シナリオ名: ログイン]
[ADMIN] 10:56:06.423639 シナリオ走行を終了しました [シナリオ名: ログイン]
[ADMIN] 10:56:06.423657 シナリオ走行を開始しました [シナリオ名: ログイン]
[ADMIN] 10:56:06.423711 シナリオ走行を開始しました [シナリオ名: ログイン]
[ADMIN] 10:56:06.456010 シナリオ走行を終了しました [シナリオ名: ログイン]
[ADMIN] 10:56:06.456023 シナリオ走行を開始しました [シナリオ名: ログイン]
[ADMIN] 10:56:06.496574 シナリオ走行を終了しました [シナリオ名: ログイン]
[ADMIN] 10:56:06.496589 シナリオ走行を開始しました [シナリオ名: ログイン]
[ADMIN] 10:56:06.501179 シナリオ走行を終了しました [シナリオ名: ログイン]
[ADMIN] 10:56:06.501244 シナリオ走行を開始しました [シナリオ名: ログイン]
[ADMIN] 10:56:06.503695 シナリオ走行を終了しました [シナリオ名: ログイン]
[ADMIN] 10:56:06.503708 シナリオ走行を開始しました [シナリオ名: ログイン]
[ADMIN] 10:56:06.536687 シナリオ走行を終了しました [シナリオ名: ログイン]
[ADMIN] 10:56:06.536699 シナリオ走行を開始しました [シナリオ名: ログイン]
[ADMIN] 10:56:06.558391 シナリオ走行を終了しました [シナリオ名: ログイン]
[ADMIN] 10:56:06.587514 シナリオ走行を終了しました [シナリオ名: ログイン]
[ADMIN] 10:56:06.587528 シナリオ走行を開始しました [シナリオ名: ログイン]
[ADMIN] 10:56:06.587585 シナリオ走行を開始しました [シナリオ名: ログイン]
[ADMIN] 10:56:06.589740 シナリオ走行を終了しました [シナリオ名: ログイン]
[ADMIN] 10:56:06.589748 シナリオ走行を開始しました [シナリオ名: ログイン]
[ADMIN] 10:56:06.635807 シナリオ走行を終了しました [シナリオ名: ログイン]
[ADMIN] 10:56:06.635820 シナリオ走行を開始しました [シナリオ名: ログイン]
[ADMIN] 10:56:06.684767 シナリオ走行を終了しました [シナリオ名: 新規ユーザー登録]
[ADMIN] 10:56:06.695164 シナリオ走行を終了しました [シナリオ名: 新規ユーザー登録]
[ADMIN] 10:56:06.695188 シナリオ走行を開始しました [シナリオ名: 新規ユーザー登録]
[ADMIN] 10:56:06.695198 シナリオ走行を開始しました [シナリオ名: 新規ユーザー登録]
[ADMIN] 10:56:06.695269 シナリオ走行を開始しました [シナリオ名: 新規ユーザー登録]
[ADMIN] 10:56:06.729624 シナリオ走行を終了しました [シナリオ名: 新規ユーザー登録]
[ADMIN] 10:56:06.747041 シナリオ走行を終了しました [シナリオ名: ログイン]
[ADMIN] 10:56:06.747055 シナリオ走行を開始しました [シナリオ名: ログイン]
[ADMIN] 10:56:06.833430 シナリオ走行を終了しました [シナリオ名: Banユーザログイン]
[ADMIN] 10:56:06.840451 シナリオ走行を終了しました [シナリオ名: Banユーザログイン]
[ADMIN] 10:56:06.840471 シナリオ走行を開始しました [シナリオ名: Banユーザログイン]
[ADMIN] 10:56:06.840508 シナリオ走行を開始しました [シナリオ名: Banユーザログイン]
[ADMIN] 10:56:06.842038 シナリオ走行を終了しました [シナリオ名: Banユーザログイン]
[ADMIN] 10:56:06.842053 シナリオ走行を開始しました [シナリオ名: Banユーザログイン]
[ADMIN] 10:56:06.842059 シナリオ走行を終了しました [シナリオ名: Banユーザログイン]
[ADMIN] 10:56:06.842064 シナリオ走行を開始しました [シナリオ名: Banユーザログイン]
[ADMIN] 10:56:06.915602 シナリオ走行を終了しました [シナリオ名: 新規ユーザー登録]
[ADMIN] 10:56:06.925322 シナリオ走行を終了しました [シナリオ名: ログイン]
[ADMIN] 10:56:06.925337 シナリオ走行を開始しました [シナリオ名: ログイン]
[ADMIN] 10:56:06.958590 シナリオ走行を終了しました [シナリオ名: ログイン]
[ADMIN] 10:56:06.958605 シナリオ走行を開始しました [シナリオ名: ログイン]
[ADMIN] 10:56:06.968682 シナリオ走行を終了しました [シナリオ名: ログイン]
[ADMIN] 10:56:06.968695 シナリオ走行を開始しました [シナリオ名: ログイン]
[ADMIN] 10:56:06.976002 シナリオ走行を終了しました [シナリオ名: ログイン]
[ADMIN] 10:56:06.976012 シナリオ走行を開始しました [シナリオ名: ログイン]
[ADMIN] 10:56:06.978144 シナリオ走行を終了しました [シナリオ名: ログイン]
[ADMIN] 10:56:06.978152 シナリオ走行を開始しました [シナリオ名: ログイン]
[ADMIN] 10:56:06.993593 シナリオ走行を終了しました [シナリオ名: ログイン]
[ADMIN] 10:56:07.037268 シナリオ走行を終了しました [シナリオ名: 新規ユーザー登録]
[ADMIN] 10:56:07.037290 シナリオ走行を開始しました [シナリオ名: 新規ユーザー登録]
[ADMIN] 10:56:07.037347 シナリオ走行を開始しました [シナリオ名: 新規ユーザー登録]
[ADMIN] 10:56:07.037356 シナリオ走行を開始しました [シナリオ名: 新規ユーザー登録]
[ADMIN] 10:56:07.044907 シナリオ走行を終了しました [シナリオ名: 新規ユーザー登録]
[ADMIN] 10:56:07.044921 シナリオ走行を開始しました [シナリオ名: 新規ユーザー登録]
[ADMIN] 10:56:07.097363 シナリオ走行を終了しました [シナリオ名: 新規ユーザー登録]
[ADMIN] 10:56:07.097389 シナリオ走行を開始しました [シナリオ名: 新規ユーザー登録]
[ADMIN] 10:56:07.107718 シナリオ走行を終了しました [シナリオ名: 新規ユーザー登録]
[ADMIN] 10:56:07.107745 シナリオ走行を開始しました [シナリオ名: 新規ユーザー登録]
[ADMIN] 10:56:07.127252 シナリオ走行を終了しました [シナリオ名: ログイン]
[ADMIN] 10:56:07.127263 シナリオ走行を開始しました [シナリオ名: ログイン]
[ADMIN] 10:56:07.127278 シナリオ走行を開始しました [シナリオ名: ログイン]
[ADMIN] 10:56:07.147600 シナリオ走行を終了しました [シナリオ名: ログイン]
[ADMIN] 10:56:07.147613 シナリオ走行を開始しました [シナリオ名: ログイン]
[ADMIN] 10:56:07.154856 シナリオ走行を終了しました [シナリオ名: ログイン]
[ADMIN] 10:56:07.154867 シナリオ走行を開始しました [シナリオ名: ログイン]
[ADMIN] 10:56:07.187934 シナリオ走行を終了しました [シナリオ名: ログイン]
[ADMIN] 10:56:07.187947 シナリオ走行を開始しました [シナリオ名: ログイン]
[ADMIN] 10:56:07.194598 シナリオ走行を終了しました [シナリオ名: ログイン]
[ADMIN] 10:56:07.194609 シナリオ走行を開始しました [シナリオ名: ログイン]
[ADMIN] 10:56:07.195101 シナリオ走行を終了しました [シナリオ名: 新規ユーザー登録]
[ADMIN] 10:56:07.195122 シナリオ走行を開始しました [シナリオ名: 新規ユーザー登録]
[ADMIN] 10:56:07.201645 シナリオ走行を終了しました [シナリオ名: 新規ユーザー登録]
[ADMIN] 10:56:07.201661 シナリオ走行を開始しました [シナリオ名: 新規ユーザー登録]
[ADMIN] 10:56:07.295113 シナリオ走行を終了しました [シナリオ名: ログイン]
[ADMIN] 10:56:07.295126 シナリオ走行を開始しました [シナリオ名: ログイン]
[ADMIN] 10:56:07.301189 シナリオ走行を終了しました [シナリオ名: ログイン]
[ADMIN] 10:56:07.301200 シナリオ走行を開始しました [シナリオ名: ログイン]
[ADMIN] 10:56:07.304622 シナリオ走行を終了しました [シナリオ名: ログイン]
[ADMIN] 10:56:07.304632 シナリオ走行を開始しました [シナリオ名: ログイン]
[ADMIN] 10:56:07.340900 シナリオ走行を終了しました [シナリオ名: ログイン]
[ADMIN] 10:56:07.340911 シナリオ走行を開始しました [シナリオ名: ログイン]
[ADMIN] 10:56:07.343366 シナリオ走行を終了しました [シナリオ名: Banユーザログイン]
[ADMIN] 10:56:07.343379 シナリオ走行を開始しました [シナリオ名: Banユーザログイン]
[ADMIN] 10:56:07.343918 シナリオ走行を終了しました [シナリオ名: ログイン]
[ADMIN] 10:56:07.343928 シナリオ走行を開始しました [シナリオ名: ログイン]
[ADMIN] 10:56:07.344835 シナリオ走行を終了しました [シナリオ名: Banユーザログイン]
[ADMIN] 10:56:07.344848 シナリオ走行を開始しました [シナリオ名: Banユーザログイン]
[ADMIN] 10:56:07.346242 シナリオ走行を終了しました [シナリオ名: Banユーザログイン]
[ADMIN] 10:56:07.346255 シナリオ走行を開始しました [シナリオ名: Banユーザログイン]
[ADMIN] 10:56:07.357627 シナリオ走行を終了しました [シナリオ名: ログイン]
[ADMIN] 10:56:07.357635 シナリオ走行を開始しました [シナリオ名: ログイン]
[ADMIN] 10:56:07.363084 シナリオ走行を終了しました [シナリオ名: Banユーザログイン]
[ADMIN] 10:56:07.363098 シナリオ走行を開始しました [シナリオ名: Banユーザログイン]
[ADMIN] 10:56:07.427579 シナリオ走行を終了しました [シナリオ名: ログイン]
[ADMIN] 10:56:07.427596 シナリオ走行を開始しました [シナリオ名: ログイン]
[ADMIN] 10:56:07.427943 シナリオ走行を終了しました [シナリオ名: ログイン]
[ADMIN] 10:56:07.427957 シナリオ走行を開始しました [シナリオ名: ログイン]
[ADMIN] 10:56:07.451240 シナリオ走行を終了しました [シナリオ名: ログイン]
[ADMIN] 10:56:07.451250 シナリオ走行を開始しました [シナリオ名: ログイン]
[ADMIN] 10:56:07.512949 シナリオ走行を終了しました [シナリオ名: 新規ユーザー登録]
[ADMIN] 10:56:07.512974 シナリオ走行を開始しました [シナリオ名: 新規ユーザー登録]
[ADMIN] 10:56:07.539558 シナリオ走行を終了しました [シナリオ名: 新規ユーザー登録]
[ADMIN] 10:56:07.539579 シナリオ走行を開始しました [シナリオ名: 新規ユーザー登録]
[ADMIN] 10:56:07.549426 シナリオ走行を終了しました [シナリオ名: ログイン]
[ADMIN] 10:56:07.549439 シナリオ走行を開始しました [シナリオ名: ログイン]
[ADMIN] 10:56:07.557514 シナリオ走行を終了しました [シナリオ名: ログイン]
[ADMIN] 10:56:07.557526 シナリオ走行を開始しました [シナリオ名: ログイン]
[ADMIN] 10:56:07.633902 シナリオ走行を終了しました [シナリオ名: ログイン]
[ADMIN] 10:56:07.633917 シナリオ走行を開始しました [シナリオ名: ログイン]
[ADMIN] 10:56:07.636115 シナリオ走行を終了しました [シナリオ名: ログイン]
[ADMIN] 10:56:07.636125 シナリオ走行を開始しました [シナリオ名: ログイン]
[ADMIN] 10:56:07.642121 シナリオ走行を終了しました [シナリオ名: ログイン]
[ADMIN] 10:56:07.642130 シナリオ走行を開始しました [シナリオ名: ログイン]
[ADMIN] 10:56:07.719857 シナリオ走行を終了しました [シナリオ名: ログイン]
[ADMIN] 10:56:07.719873 シナリオ走行を開始しました [シナリオ名: ログイン]
[ADMIN] 10:56:07.736052 シナリオ走行を終了しました [シナリオ名: 新規ユーザー登録]
[ADMIN] 10:56:07.736081 シナリオ走行を開始しました [シナリオ名: 新規ユーザー登録]
[ADMIN] 10:56:07.749152 シナリオ走行を終了しました [シナリオ名: ログイン]
[ADMIN] 10:56:07.749164 シナリオ走行を開始しました [シナリオ名: ログイン]
[ADMIN] 10:56:07.777287 シナリオ走行を終了しました [シナリオ名: ログイン]
[ADMIN] 10:56:07.777298 シナリオ走行を開始しました [シナリオ名: ログイン]
[ADMIN] 10:56:07.781662 シナリオ走行を終了しました [シナリオ名: ログイン]
[ADMIN] 10:56:07.781674 シナリオ走行を開始しました [シナリオ名: ログイン]
[ADMIN] 10:56:07.847241 シナリオ走行を終了しました [シナリオ名: Banユーザログイン]
[ADMIN] 10:56:07.847261 シナリオ走行を開始しました [シナリオ名: Banユーザログイン]
[ADMIN] 10:56:07.847638 シナリオ走行を終了しました [シナリオ名: Banユーザログイン]
[ADMIN] 10:56:07.847655 シナリオ走行を開始しました [シナリオ名: Banユーザログイン]
[ADMIN] 10:56:07.855547 シナリオ走行を終了しました [シナリオ名: Banユーザログイン]
[ADMIN] 10:56:07.855557 シナリオ走行を開始しました [シナリオ名: Banユーザログイン]
[ADMIN] 10:56:07.865130 シナリオ走行を終了しました [シナリオ名: Banユーザログイン]
[ADMIN] 10:56:07.865144 シナリオ走行を開始しました [シナリオ名: Banユーザログイン]
[ADMIN] 10:56:07.865366 シナリオ走行を終了しました [シナリオ名: ログイン]
[ADMIN] 10:56:07.865376 シナリオ走行を開始しました [シナリオ名: ログイン]
[ADMIN] 10:56:07.900195 シナリオ走行を終了しました [シナリオ名: ログイン]
[ADMIN] 10:56:07.900204 シナリオ走行を開始しました [シナリオ名: ログイン]
[ADMIN] 10:56:07.947886 シナリオ走行を終了しました [シナリオ名: ログイン]
[ADMIN] 10:56:07.947899 シナリオ走行を開始しました [シナリオ名: ログイン]
[ADMIN] 10:56:07.960083 シナリオ走行を終了しました [シナリオ名: ログイン]
[ADMIN] 10:56:07.960094 シナリオ走行を開始しました [シナリオ名: ログイン]
[ADMIN] 10:56:08.012881 シナリオ走行を終了しました [シナリオ名: 新規ユーザー登録]
[ADMIN] 10:56:08.012902 シナリオ走行を開始しました [シナリオ名: 新規ユーザー登録]
[ADMIN] 10:56:08.034251 シナリオ走行を終了しました [シナリオ名: 新規ユーザー登録]
[ADMIN] 10:56:08.034274 シナリオ走行を開始しました [シナリオ名: 新規ユーザー登録]
[ADMIN] 10:56:08.037495 シナリオ走行を終了しました [シナリオ名: ログイン]
[ADMIN] 10:56:08.037508 シナリオ走行を開始しました [シナリオ名: ログイン]
[ADMIN] 10:56:08.046744 シナリオ走行を終了しました [シナリオ名: ログイン]
[ADMIN] 10:56:08.046755 シナリオ走行を開始しました [シナリオ名: ログイン]
[ADMIN] 10:56:08.079251 シナリオ走行を終了しました [シナリオ名: ログイン]
[ADMIN] 10:56:08.079260 シナリオ走行を開始しました [シナリオ名: ログイン]
[ADMIN] 10:56:08.128866 シナリオ走行を終了しました [シナリオ名: ログイン]
[ADMIN] 10:56:08.128876 シナリオ走行を開始しました [シナリオ名: ログイン]
[ADMIN] 10:56:08.130211 シナリオ走行を終了しました [シナリオ名: ログイン]
[ADMIN] 10:56:08.130220 シナリオ走行を開始しました [シナリオ名: ログイン]
[ADMIN] 10:56:08.183510 シナリオ走行を終了しました [シナリオ名: ログイン]
[ADMIN] 10:56:08.183518 シナリオ走行を開始しました [シナリオ名: ログイン]
[ADMIN] 10:56:08.203157 シナリオ走行を終了しました [シナリオ名: ログイン]
[ADMIN] 10:56:08.203165 シナリオ走行を開始しました [シナリオ名: ログイン]
[ADMIN] 10:56:08.207662 シナリオ走行を終了しました [シナリオ名: ログイン]
[ADMIN] 10:56:08.207670 シナリオ走行を開始しました [シナリオ名: ログイン]
[ADMIN] 10:56:08.313299 シナリオ走行を終了しました [シナリオ名: ログイン]
[ADMIN] 10:56:08.313312 シナリオ走行を開始しました [シナリオ名: ログイン]
[ADMIN] 10:56:08.313389 シナリオ走行を終了しました [シナリオ名: ログイン]
[ADMIN] 10:56:08.313402 シナリオ走行を開始しました [シナリオ名: ログイン]
[ADMIN] 10:56:08.350078 シナリオ走行を終了しました [シナリオ名: Banユーザログイン]
[ADMIN] 10:56:08.350094 シナリオ走行を開始しました [シナリオ名: Banユーザログイン]
[ADMIN] 10:56:08.351486 シナリオ走行を終了しました [シナリオ名: Banユーザログイン]
[ADMIN] 10:56:08.351501 シナリオ走行を開始しました [シナリオ名: Banユーザログイン]
[ADMIN] 10:56:08.367660 シナリオ走行を終了しました [シナリオ名: Banユーザログイン]
[ADMIN] 10:56:08.367676 シナリオ走行を開始しました [シナリオ名: Banユーザログイン]
[ADMIN] 10:56:08.375194 シナリオ走行を終了しました [シナリオ名: Banユーザログイン]
[ADMIN] 10:56:08.375205 シナリオ走行を開始しました [シナリオ名: Banユーザログイン]
[ADMIN] 10:56:08.402172 シナリオ走行を終了しました [シナリオ名: 新規ユーザー登録]
[ADMIN] 10:56:08.402189 シナリオ走行を開始しました [シナリオ名: 新規ユーザー登録]
[ADMIN] 10:56:08.419662 シナリオ走行を終了しました [シナリオ名: 新規ユーザー登録]
[ADMIN] 10:56:08.419684 シナリオ走行を開始しました [シナリオ名: 新規ユーザー登録]
[ADMIN] 10:56:08.422864 シナリオ走行を終了しました [シナリオ名: ログイン]
[ADMIN] 10:56:08.422876 シナリオ走行を開始しました [シナリオ名: ログイン]
[ADMIN] 10:56:08.441637 シナリオ走行を終了しました [シナリオ名: ログイン]
[ADMIN] 10:56:08.441645 シナリオ走行を開始しました [シナリオ名: ログイン]
[ADMIN] 10:56:08.442745 シナリオ走行を終了しました [シナリオ名: ログイン]
[ADMIN] 10:56:08.442755 シナリオ走行を開始しました [シナリオ名: ログイン]
[ADMIN] 10:56:08.463675 シナリオ走行を終了しました [シナリオ名: ログイン]
[ADMIN] 10:56:08.463688 シナリオ走行を開始しました [シナリオ名: ログイン]
[ADMIN] 10:56:08.468774 シナリオ走行を終了しました [シナリオ名: 新規ユーザー登録]
[ADMIN] 10:56:08.468794 シナリオ走行を開始しました [シナリオ名: 新規ユーザー登録]
[ADMIN] 10:56:08.499002 シナリオ走行を終了しました [シナリオ名: 新規ユーザー登録]
[ADMIN] 10:56:08.499025 シナリオ走行を開始しました [シナリオ名: 新規ユーザー登録]
[ADMIN] 10:56:08.511722 シナリオ走行を終了しました [シナリオ名: ログイン]
[ADMIN] 10:56:08.511738 シナリオ走行を開始しました [シナリオ名: ログイン]
[ADMIN] 10:56:08.543708 シナリオ走行を終了しました [シナリオ名: ログイン]
[ADMIN] 10:56:08.543720 シナリオ走行を開始しました [シナリオ名: ログイン]
[ADMIN] 10:56:08.551030 シナリオ走行を終了しました [シナリオ名: 新規ユーザー登録]
[ADMIN] 10:56:08.551052 シナリオ走行を開始しました [シナリオ名: 新規ユーザー登録]
[ADMIN] 10:56:08.564587 シナリオ走行を終了しました [シナリオ名: 新規ユーザー登録]
[ADMIN] 10:56:08.564605 シナリオ走行を開始しました [シナリオ名: 新規ユーザー登録]
[ADMIN] 10:56:08.569823 シナリオ走行を終了しました [シナリオ名: 新規ユーザー登録]
[ADMIN] 10:56:08.569838 シナリオ走行を開始しました [シナリオ名: 新規ユーザー登録]
[ADMIN] 10:56:08.572061 シナリオ走行を終了しました [シナリオ名: ログイン]
[ADMIN] 10:56:08.572072 シナリオ走行を開始しました [シナリオ名: ログイン]
[ADMIN] 10:56:08.672923 シナリオ走行を終了しました [シナリオ名: ログイン]
[ADMIN] 10:56:08.672938 シナリオ走行を開始しました [シナリオ名: ログイン]
[ADMIN] 10:56:08.705838 シナリオ走行を終了しました [シナリオ名: ログイン]
[ADMIN] 10:56:08.705852 シナリオ走行を開始しました [シナリオ名: ログイン]
[ADMIN] 10:56:08.708173 シナリオ走行を終了しました [シナリオ名: ログイン]
[ADMIN] 10:56:08.708181 シナリオ走行を開始しました [シナリオ名: ログイン]
[ADMIN] 10:56:08.710471 シナリオ走行を終了しました [シナリオ名: ログイン]
[ADMIN] 10:56:08.710478 シナリオ走行を開始しました [シナリオ名: ログイン]
[ADMIN] 10:56:08.724589 シナリオ走行を終了しました [シナリオ名: ログイン]
[ADMIN] 10:56:08.724599 シナリオ走行を開始しました [シナリオ名: ログイン]
[ADMIN] 10:56:08.726963 シナリオ走行を終了しました [シナリオ名: 新規ユーザー登録]
[ADMIN] 10:56:08.726979 シナリオ走行を開始しました [シナリオ名: 新規ユーザー登録]
[ADMIN] 10:56:08.727891 シナリオ走行を終了しました [シナリオ名: ログイン]
[ADMIN] 10:56:08.727899 シナリオ走行を開始しました [シナリオ名: ログイン]
[ADMIN] 10:56:08.735164 シナリオ走行を終了しました [シナリオ名: ログイン]
[ADMIN] 10:56:08.735171 シナリオ走行を開始しました [シナリオ名: ログイン]
[ADMIN] 10:56:08.755434 シナリオ走行を終了しました [シナリオ名: ログイン]
[ADMIN] 10:56:08.755444 シナリオ走行を開始しました [シナリオ名: ログイン]
[ADMIN] 10:56:08.793775 シナリオ走行を終了しました [シナリオ名: ログイン]
[ADMIN] 10:56:08.793790 シナリオ走行を開始しました [シナリオ名: ログイン]
[ADMIN] 10:56:08.837066 シナリオ走行を終了しました [シナリオ名: 新規ユーザー登録]
[ADMIN] 10:56:08.837092 シナリオ走行を開始しました [シナリオ名: 新規ユーザー登録]
[ADMIN] 10:56:08.851991 シナリオ走行を終了しました [シナリオ名: Banユーザログイン]
[ADMIN] 10:56:08.852007 シナリオ走行を開始しました [シナリオ名: Banユーザログイン]
[ADMIN] 10:56:08.852999 シナリオ走行を終了しました [シナリオ名: Banユーザログイン]
[ADMIN] 10:56:08.853009 シナリオ走行を開始しました [シナリオ名: Banユーザログイン]
[ADMIN] 10:56:08.857803 シナリオ走行を終了しました [シナリオ名: ログイン]
[ADMIN] 10:56:08.857811 シナリオ走行を開始しました [シナリオ名: ログイン]
[ADMIN] 10:56:08.860257 シナリオ走行を終了しました [シナリオ名: ログイン]
[ADMIN] 10:56:08.860268 シナリオ走行を開始しました [シナリオ名: ログイン]
[ADMIN] 10:56:08.871694 シナリオ走行を終了しました [シナリオ名: Banユーザログイン]
[ADMIN] 10:56:08.871707 シナリオ走行を開始しました [シナリオ名: Banユーザログイン]
[ADMIN] 10:56:08.877165 シナリオ走行を終了しました [シナリオ名: Banユーザログイン]
[ADMIN] 10:56:08.877177 シナリオ走行を開始しました [シナリオ名: Banユーザログイン]
[ADMIN] 10:56:08.978089 シナリオ走行を終了しました [シナリオ名: ログイン]
[ADMIN] 10:56:08.978099 シナリオ走行を開始しました [シナリオ名: ログイン]
[ADMIN] 10:56:08.992416 シナリオ走行を終了しました [シナリオ名: ログイン]
[ADMIN] 10:56:08.992425 シナリオ走行を開始しました [シナリオ名: ログイン]
[ADMIN] 10:56:09.007750 シナリオ走行を終了しました [シナリオ名: ログイン]
[ADMIN] 10:56:09.007760 シナリオ走行を開始しました [シナリオ名: ログイン]
[ADMIN] 10:56:09.014870 シナリオ走行を終了しました [シナリオ名: ログイン]
[ADMIN] 10:56:09.014878 シナリオ走行を開始しました [シナリオ名: ログイン]
[ADMIN] 10:56:09.062951 シナリオ走行を終了しました [シナリオ名: 新規ユーザー登録]
[ADMIN] 10:56:09.062968 シナリオ走行を開始しました [シナリオ名: 新規ユーザー登録]
[ADMIN] 10:56:09.132294 シナリオ走行を終了しました [シナリオ名: ログイン]
[ADMIN] 10:56:09.132307 シナリオ走行を開始しました [シナリオ名: ログイン]
[ADMIN] 10:56:09.238346 シナリオ走行を終了しました [シナリオ名: ログイン]
[ADMIN] 10:56:09.238360 シナリオ走行を開始しました [シナリオ名: ログイン]
[ADMIN] 10:56:09.244392 シナリオ走行を終了しました [シナリオ名: 新規ユーザー登録]
[ADMIN] 10:56:09.244412 シナリオ走行を開始しました [シナリオ名: 新規ユーザー登録]
[ADMIN] 10:56:09.254518 シナリオ走行を終了しました [シナリオ名: ログイン]
[ADMIN] 10:56:09.254527 シナリオ走行を開始しました [シナリオ名: ログイン]
[ADMIN] 10:56:09.272908 シナリオ走行を終了しました [シナリオ名: ログイン]
[ADMIN] 10:56:09.272921 シナリオ走行を開始しました [シナリオ名: ログイン]
[ADMIN] 10:56:09.286354 シナリオ走行を終了しました [シナリオ名: ログイン]
[ADMIN] 10:56:09.286365 シナリオ走行を開始しました [シナリオ名: ログイン]
[ADMIN] 10:56:09.298563 シナリオ走行を終了しました [シナリオ名: ログイン]
[ADMIN] 10:56:09.298580 シナリオ走行を開始しました [シナリオ名: ログイン]
[ADMIN] 10:56:09.299374 シナリオ走行を終了しました [シナリオ名: ログイン]
[ADMIN] 10:56:09.299382 シナリオ走行を開始しました [シナリオ名: ログイン]
[ADMIN] 10:56:09.333343 シナリオ走行を終了しました [シナリオ名: ログイン]
[ADMIN] 10:56:09.333356 シナリオ走行を開始しました [シナリオ名: ログイン]
[ADMIN] 10:56:09.355673 シナリオ走行を終了しました [シナリオ名: Banユーザログイン]
[ADMIN] 10:56:09.355685 シナリオ走行を開始しました [シナリオ名: Banユーザログイン]
[ADMIN] 10:56:09.357088 シナリオ走行を終了しました [シナリオ名: Banユーザログイン]
[ADMIN] 10:56:09.357100 シナリオ走行を開始しました [シナリオ名: Banユーザログイン]
[ADMIN] 10:56:09.375388 シナリオ走行を終了しました [シナリオ名: Banユーザログイン]
[ADMIN] 10:56:09.375398 シナリオ走行を開始しました [シナリオ名: Banユーザログイン]
[ADMIN] 10:56:09.378750 シナリオ走行を終了しました [シナリオ名: Banユーザログイン]
[ADMIN] 10:56:09.378760 シナリオ走行を開始しました [シナリオ名: Banユーザログイン]
[ADMIN] 10:56:09.388040 シナリオ走行を終了しました [シナリオ名: ログイン]
[ADMIN] 10:56:09.388051 シナリオ走行を開始しました [シナリオ名: ログイン]
[ADMIN] 10:56:09.401059 シナリオ走行を終了しました [シナリオ名: ログイン]
[ADMIN] 10:56:09.401068 シナリオ走行を開始しました [シナリオ名: ログイン]
[ADMIN] 10:56:09.407541 シナリオ走行を終了しました [シナリオ名: 新規ユーザー登録]
[ADMIN] 10:56:09.407556 シナリオ走行を開始しました [シナリオ名: 新規ユーザー登録]
[ADMIN] 10:56:09.463434 シナリオ走行を終了しました [シナリオ名: ログイン]
[ADMIN] 10:56:09.463448 シナリオ走行を開始しました [シナリオ名: ログイン]
[ADMIN] 10:56:09.465726 シナリオ走行を終了しました [シナリオ名: ログイン]
[ADMIN] 10:56:09.465735 シナリオ走行を開始しました [シナリオ名: ログイン]
[ADMIN] 10:56:09.467088 シナリオ走行を終了しました [シナリオ名: ログイン]
[ADMIN] 10:56:09.467096 シナリオ走行を開始しました [シナリオ名: ログイン]
[ADMIN] 10:56:09.484794 シナリオ走行を終了しました [シナリオ名: 新規ユーザー登録]
[ADMIN] 10:56:09.484812 シナリオ走行を開始しました [シナリオ名: 新規ユーザー登録]
[ADMIN] 10:56:09.525970 シナリオ走行を終了しました [シナリオ名: ログイン]
[ADMIN] 10:56:09.525986 シナリオ走行を開始しました [シナリオ名: ログイン]
[ADMIN] 10:56:09.538472 シナリオ走行を終了しました [シナリオ名: ログイン]
[ADMIN] 10:56:09.538483 シナリオ走行を開始しました [シナリオ名: ログイン]
[ADMIN] 10:56:09.584491 シナリオ走行を終了しました [シナリオ名: ログイン]
[ADMIN] 10:56:09.584505 シナリオ走行を開始しました [シナリオ名: ログイン]
[ADMIN] 10:56:09.637997 シナリオ走行を終了しました [シナリオ名: ログイン]
[ADMIN] 10:56:09.638011 シナリオ走行を開始しました [シナリオ名: ログイン]
[ADMIN] 10:56:09.677859 シナリオ走行を終了しました [シナリオ名: ログイン]
[ADMIN] 10:56:09.677872 シナリオ走行を開始しました [シナリオ名: ログイン]
[ADMIN] 10:56:09.702519 シナリオ走行を終了しました [シナリオ名: ログイン]
[ADMIN] 10:56:09.702529 シナリオ走行を開始しました [シナリオ名: ログイン]
[ADMIN] 10:56:09.736385 シナリオ走行を終了しました [シナリオ名: 新規ユーザー登録]
[ADMIN] 10:56:09.736408 シナリオ走行を開始しました [シナリオ名: 新規ユーザー登録]
[ADMIN] 10:56:09.740213 シナリオ走行を終了しました [シナリオ名: 新規ユーザー登録]
[ADMIN] 10:56:09.740232 シナリオ走行を開始しました [シナリオ名: 新規ユーザー登録]
[ADMIN] 10:56:09.774825 シナリオ走行を終了しました [シナリオ名: ログイン]
[ADMIN] 10:56:09.774835 シナリオ走行を開始しました [シナリオ名: ログイン]
[ADMIN] 10:56:09.785380 シナリオ走行を終了しました [シナリオ名: 新規ユーザー登録]
[ADMIN] 10:56:09.785400 シナリオ走行を開始しました [シナリオ名: 新規ユーザー登録]
[ADMIN] 10:56:09.794759 シナリオ走行を終了しました [シナリオ名: ログイン]
[ADMIN] 10:56:09.794768 シナリオ走行を開始しました [シナリオ名: ログイン]
[ADMIN] 10:56:09.882547 シナリオ走行を終了しました [シナリオ名: Banユーザログイン]
[ADMIN] 10:56:09.882567 シナリオ走行を開始しました [シナリオ名: Banユーザログイン]
[ADMIN] 10:56:09.885078 シナリオ走行を終了しました [シナリオ名: Banユーザログイン]
[ADMIN] 10:56:09.885092 シナリオ走行を開始しました [シナリオ名: Banユーザログイン]
[ADMIN] 10:56:09.885438 シナリオ走行を終了しました [シナリオ名: Banユーザログイン]
[ADMIN] 10:56:09.885450 シナリオ走行を開始しました [シナリオ名: Banユーザログイン]
[ADMIN] 10:56:09.903571 シナリオ走行を終了しました [シナリオ名: Banユーザログイン]
[ADMIN] 10:56:09.903592 シナリオ走行を開始しました [シナリオ名: Banユーザログイン]
[ADMIN] 10:56:09.928939 シナリオ走行を終了しました [シナリオ名: 新規ユーザー登録]
[ADMIN] 10:56:09.928962 シナリオ走行を開始しました [シナリオ名: 新規ユーザー登録]
[ADMIN] 10:56:09.937354 シナリオ走行を終了しました [シナリオ名: ログイン]
[ADMIN] 10:56:09.937363 シナリオ走行を開始しました [シナリオ名: ログイン]
[ADMIN] 10:56:09.961954 シナリオ走行を終了しました [シナリオ名: ログイン]
[ADMIN] 10:56:09.961966 シナリオ走行を開始しました [シナリオ名: ログイン]
[ADMIN] 10:56:09.999962 シナリオ走行を終了しました [シナリオ名: ログイン]
[ADMIN] 10:56:09.999974 シナリオ走行を開始しました [シナリオ名: ログイン]
[ADMIN] 10:56:10.006645 シナリオ走行を終了しました [シナリオ名: ログイン]
[ADMIN] 10:56:10.006655 シナリオ走行を開始しました [シナリオ名: ログイン]
[ADMIN] 10:56:10.007468 シナリオ走行を終了しました [シナリオ名: ログイン]
[ADMIN] 10:56:10.007479 シナリオ走行を開始しました [シナリオ名: ログイン]
[ADMIN] 10:56:10.046920 シナリオ走行を終了しました [シナリオ名: ログイン]
[ADMIN] 10:56:10.046933 シナリオ走行を開始しました [シナリオ名: ログイン]
[ADMIN] 10:56:10.063325 シナリオ走行を終了しました [シナリオ名: ログイン]
[ADMIN] 10:56:10.063337 シナリオ走行を開始しました [シナリオ名: ログイン]
[ADMIN] 10:56:10.063874 シナリオ走行を終了しました [シナリオ名: ログイン]
[ADMIN] 10:56:10.063882 シナリオ走行を開始しました [シナリオ名: ログイン]
[ADMIN] 10:56:10.103289 シナリオ走行を終了しました [シナリオ名: 新規ユーザー登録]
[ADMIN] 10:56:10.103315 シナリオ走行を開始しました [シナリオ名: 新規ユーザー登録]
[ADMIN] 10:56:10.111254 シナリオ走行を終了しました [シナリオ名: ログイン]
[ADMIN] 10:56:10.111265 シナリオ走行を開始しました [シナリオ名: ログイン]
[ADMIN] 10:56:10.234589 シナリオ走行を終了しました [シナリオ名: ログイン]
[ADMIN] 10:56:10.234602 シナリオ走行を開始しました [シナリオ名: ログイン]
[ADMIN] 10:56:10.273247 シナリオ走行を終了しました [シナリオ名: ログイン]
[ADMIN] 10:56:10.273262 シナリオ走行を開始しました [シナリオ名: ログイン]
[ADMIN] 10:56:10.275897 シナリオ走行を終了しました [シナリオ名: ログイン]
[ADMIN] 10:56:10.275908 シナリオ走行を開始しました [シナリオ名: ログイン]
[ADMIN] 10:56:10.282241 シナリオ走行を終了しました [シナリオ名: 新規ユーザー登録]
[ADMIN] 10:56:10.282264 シナリオ走行を開始しました [シナリオ名: 新規ユーザー登録]
[ADMIN] 10:56:10.287251 シナリオ走行を終了しました [シナリオ名: 新規ユーザー登録]
[ADMIN] 10:56:10.287271 シナリオ走行を開始しました [シナリオ名: 新規ユーザー登録]
[ADMIN] 10:56:10.312339 シナリオ走行を終了しました [シナリオ名: ログイン]
[ADMIN] 10:56:10.312349 シナリオ走行を開始しました [シナリオ名: ログイン]
[ADMIN] 10:56:10.325015 シナリオ走行を終了しました [シナリオ名: 新規ユーザー登録]
[ADMIN] 10:56:10.325039 シナリオ走行を開始しました [シナリオ名: 新規ユーザー登録]
[ADMIN] 10:56:10.345141 シナリオ走行を終了しました [シナリオ名: ログイン]
[ADMIN] 10:56:10.345152 シナリオ走行を開始しました [シナリオ名: ログイン]
[ADMIN] 10:56:10.348674 シナリオ走行を終了しました [シナリオ名: 新規ユーザー登録]
[ADMIN] 10:56:10.348691 シナリオ走行を開始しました [シナリオ名: 新規ユーザー登録]
[ADMIN] 10:56:10.388215 シナリオ走行を終了しました [シナリオ名: Banユーザログイン]
[ADMIN] 10:56:10.388224 シナリオ走行を開始しました [シナリオ名: Banユーザログイン]
[ADMIN] 10:56:10.388225 シナリオ走行を終了しました [シナリオ名: Banユーザログイン]
[ADMIN] 10:56:10.388235 シナリオ走行を開始しました [シナリオ名: Banユーザログイン]
[ADMIN] 10:56:10.388341 シナリオ走行を終了しました [シナリオ名: Banユーザログイン]
[ADMIN] 10:56:10.388350 シナリオ走行を開始しました [シナリオ名: Banユーザログイン]
[ADMIN] 10:56:10.406161 シナリオ走行を終了しました [シナリオ名: Banユーザログイン]
[ADMIN] 10:56:10.406174 シナリオ走行を開始しました [シナリオ名: Banユーザログイン]
[ADMIN] 10:56:10.420018 シナリオ走行を終了しました [シナリオ名: ログイン]
[ADMIN] 10:56:10.420027 シナリオ走行を開始しました [シナリオ名: ログイン]
[ADMIN] 10:56:10.448391 シナリオ走行を終了しました [シナリオ名: ログイン]
[ADMIN] 10:56:10.448400 シナリオ走行を開始しました [シナリオ名: ログイン]
[ADMIN] 10:56:10.470126 シナリオ走行を終了しました [シナリオ名: ログイン]
[ADMIN] 10:56:10.470138 シナリオ走行を開始しました [シナリオ名: ログイン]
[ADMIN] 10:56:10.480661 シナリオ走行を終了しました [シナリオ名: ログイン]
[ADMIN] 10:56:10.480671 シナリオ走行を開始しました [シナリオ名: ログイン]
[ADMIN] 10:56:10.505391 シナリオ走行を終了しました [シナリオ名: ログイン]
[ADMIN] 10:56:10.505401 シナリオ走行を開始しました [シナリオ名: ログイン]
[ADMIN] 10:56:10.505959 シナリオ走行を終了しました [シナリオ名: ログイン]
[ADMIN] 10:56:10.505968 シナリオ走行を開始しました [シナリオ名: ログイン]
[ADMIN] 10:56:10.511640 シナリオ走行を終了しました [シナリオ名: ログイン]
[ADMIN] 10:56:10.511647 シナリオ走行を開始しました [シナリオ名: ログイン]
[ADMIN] 10:56:10.599350 シナリオ走行を終了しました [シナリオ名: ログイン]
[ADMIN] 10:56:10.599362 シナリオ走行を開始しました [シナリオ名: ログイン]
[ADMIN] 10:56:10.641858 シナリオ走行を終了しました [シナリオ名: 新規ユーザー登録]
[ADMIN] 10:56:10.641881 シナリオ走行を開始しました [シナリオ名: 新規ユーザー登録]
[ADMIN] 10:56:10.672310 シナリオ走行を終了しました [シナリオ名: ログイン]
[ADMIN] 10:56:10.672324 シナリオ走行を開始しました [シナリオ名: ログイン]
[ADMIN] 10:56:10.696583 シナリオ走行を終了しました [シナリオ名: 新規ユーザー登録]
[ADMIN] 10:56:10.696612 シナリオ走行を開始しました [シナリオ名: 新規ユーザー登録]
[ADMIN] 10:56:10.716024 シナリオ走行を終了しました [シナリオ名: 新規ユーザー登録]
[ADMIN] 10:56:10.716052 シナリオ走行を開始しました [シナリオ名: 新規ユーザー登録]
[ADMIN] 10:56:10.722754 シナリオ走行を終了しました [シナリオ名: ログイン]
[ADMIN] 10:56:10.722765 シナリオ走行を開始しました [シナリオ名: ログイン]
[ADMIN] 10:56:10.756384 シナリオ走行を終了しました [シナリオ名: ログイン]
[ADMIN] 10:56:10.756400 シナリオ走行を開始しました [シナリオ名: ログイン]
[ADMIN] 10:56:10.770012 シナリオ走行を終了しました [シナリオ名: 新規ユーザー登録]
[ADMIN] 10:56:10.770035 シナリオ走行を開始しました [シナリオ名: 新規ユーザー登録]
[ADMIN] 10:56:10.775587 シナリオ走行を終了しました [シナリオ名: ログイン]
[ADMIN] 10:56:10.775596 シナリオ走行を開始しました [シナリオ名: ログイン]
[ADMIN] 10:56:10.781111 シナリオ走行を終了しました [シナリオ名: ログイン]
[ADMIN] 10:56:10.781121 シナリオ走行を開始しました [シナリオ名: ログイン]
[ADMIN] 10:56:10.800113 シナリオ走行を終了しました [シナリオ名: ログイン]
[ADMIN] 10:56:10.800123 シナリオ走行を開始しました [シナリオ名: ログイン]
[ADMIN] 10:56:10.813686 シナリオ走行を終了しました [シナリオ名: 新規ユーザー登録]
[ADMIN] 10:56:10.813706 シナリオ走行を開始しました [シナリオ名: 新規ユーザー登録]
[ADMIN] 10:56:10.852592 シナリオ走行を終了しました [シナリオ名: ログイン]
[ADMIN] 10:56:10.852603 シナリオ走行を開始しました [シナリオ名: ログイン]
[ADMIN] 10:56:10.892214 シナリオ走行を終了しました [シナリオ名: Banユーザログイン]
[ADMIN] 10:56:10.892246 シナリオ走行を開始しました [シナリオ名: Banユーザログイン]
[ADMIN] 10:56:10.892625 シナリオ走行を終了しました [シナリオ名: Banユーザログイン]
[ADMIN] 10:56:10.892637 シナリオ走行を終了しました [シナリオ名: Banユーザログイン]
[ADMIN] 10:56:10.892645 シナリオ走行を開始しました [シナリオ名: Banユーザログイン]
[ADMIN] 10:56:10.892648 シナリオ走行を開始しました [シナリオ名: Banユーザログイン]
[ADMIN] 10:56:10.908345 シナリオ走行を終了しました [シナリオ名: Banユーザログイン]
[ADMIN] 10:56:10.908363 シナリオ走行を開始しました [シナリオ名: Banユーザログイン]
[ADMIN] 10:56:10.915083 シナリオ走行を終了しました [シナリオ名: 新規ユーザー登録]
[ADMIN] 10:56:10.915103 シナリオ走行を開始しました [シナリオ名: 新規ユーザー登録]
[ADMIN] 10:56:10.931301 シナリオ走行を終了しました [シナリオ名: ログイン]
[ADMIN] 10:56:10.931314 シナリオ走行を開始しました [シナリオ名: ログイン]
[ADMIN] 10:56:11.016581 シナリオ走行を終了しました [シナリオ名: 新規ユーザー登録]
[ADMIN] 10:56:11.016608 シナリオ走行を開始しました [シナリオ名: 新規ユーザー登録]
[ADMIN] 10:56:11.032580 シナリオ走行を終了しました [シナリオ名: ログイン]
[ADMIN] 10:56:11.032594 シナリオ走行を開始しました [シナリオ名: ログイン]
[ADMIN] 10:56:11.055886 シナリオ走行を終了しました [シナリオ名: ログイン]
[ADMIN] 10:56:11.055901 シナリオ走行を開始しました [シナリオ名: ログイン]
[ADMIN] 10:56:11.066772 シナリオ走行を終了しました [シナリオ名: ログイン]
[ADMIN] 10:56:11.066786 シナリオ走行を開始しました [シナリオ名: ログイン]
[ADMIN] 10:56:11.075891 シナリオ走行を終了しました [シナリオ名: ログイン]
[ADMIN] 10:56:11.075900 シナリオ走行を開始しました [シナリオ名: ログイン]
[ADMIN] 10:56:11.077929 シナリオ走行を終了しました [シナリオ名: ログイン]
[ADMIN] 10:56:11.077936 シナリオ走行を開始しました [シナリオ名: ログイン]
[ADMIN] 10:56:11.100896 シナリオ走行を終了しました [シナリオ名: ログイン]
[ADMIN] 10:56:11.100908 シナリオ走行を開始しました [シナリオ名: ログイン]
[ADMIN] 10:56:11.153481 シナリオ走行を終了しました [シナリオ名: ログイン]
[ADMIN] 10:56:11.153493 シナリオ走行を開始しました [シナリオ名: ログイン]
[ADMIN] 10:56:11.174749 シナリオ走行を終了しました [シナリオ名: ログイン]
[ADMIN] 10:56:11.174760 シナリオ走行を開始しました [シナリオ名: ログイン]
[ADMIN] 10:56:11.202805 シナリオ走行を終了しました [シナリオ名: ログイン]
[ADMIN] 10:56:11.202819 シナリオ走行を開始しました [シナリオ名: ログイン]
[ADMIN] 10:56:11.258896 シナリオ走行を終了しました [シナリオ名: ログイン]
[ADMIN] 10:56:11.258909 シナリオ走行を開始しました [シナリオ名: ログイン]
[ADMIN] 10:56:11.276402 シナリオ走行を終了しました [シナリオ名: ログイン]
[ADMIN] 10:56:11.276412 シナリオ走行を開始しました [シナリオ名: ログイン]
[ADMIN] 10:56:11.326755 シナリオ走行を終了しました [シナリオ名: ログイン]
[ADMIN] 10:56:11.326767 シナリオ走行を開始しました [シナリオ名: ログイン]
[ADMIN] 10:56:11.396221 シナリオ走行を終了しました [シナリオ名: Banユーザログイン]
[ADMIN] 10:56:11.396242 シナリオ走行を開始しました [シナリオ名: Banユーザログイン]
[ADMIN] 10:56:11.396610 シナリオ走行を終了しました [シナリオ名: Banユーザログイン]
[ADMIN] 10:56:11.396621 シナリオ走行を開始しました [シナリオ名: Banユーザログイン]
[ADMIN] 10:56:11.401966 シナリオ走行を終了しました [シナリオ名: Banユーザログイン]
[ADMIN] 10:56:11.401978 シナリオ走行を開始しました [シナリオ名: Banユーザログイン]
[ADMIN] 10:56:11.407876 シナリオ走行を終了しました [シナリオ名: ログイン]
[ADMIN] 10:56:11.407885 シナリオ走行を開始しました [シナリオ名: ログイン]
[ADMIN] 10:56:11.410726 シナリオ走行を終了しました [シナリオ名: 新規ユーザー登録]
[ADMIN] 10:56:11.410746 シナリオ走行を開始しました [シナリオ名: 新規ユーザー登録]
[ADMIN] 10:56:11.412104 シナリオ走行を終了しました [シナリオ名: Banユーザログイン]
[ADMIN] 10:56:11.412117 シナリオ走行を開始しました [シナリオ名: Banユーザログイン]
[ADMIN] 10:56:11.418477 シナリオ走行を終了しました [シナリオ名: ログイン]
[ADMIN] 10:56:11.418487 シナリオ走行を開始しました [シナリオ名: ログイン]
[ADMIN] 10:56:11.511475 シナリオ走行を終了しました [シナリオ名: ログイン]
[ADMIN] 10:56:11.511490 シナリオ走行を開始しました [シナリオ名: ログイン]
[ADMIN] 10:56:11.574612 シナリオ走行を終了しました [シナリオ名: ログイン]
[ADMIN] 10:56:11.574647 シナリオ走行を開始しました [シナリオ名: ログイン]
[ADMIN] 10:56:11.593800 シナリオ走行を終了しました [シナリオ名: ログイン]
[ADMIN] 10:56:11.593814 シナリオ走行を開始しました [シナリオ名: ログイン]
[ADMIN] 10:56:11.598322 シナリオ走行を終了しました [シナリオ名: ログイン]
[ADMIN] 10:56:11.598333 シナリオ走行を開始しました [シナリオ名: ログイン]
[ADMIN] 10:56:11.626113 シナリオ走行を終了しました [シナリオ名: 新規ユーザー登録]
[ADMIN] 10:56:11.626136 シナリオ走行を開始しました [シナリオ名: 新規ユーザー登録]
[ADMIN] 10:56:11.733075 シナリオ走行を終了しました [シナリオ名: ログイン]
[ADMIN] 10:56:11.733088 シナリオ走行を開始しました [シナリオ名: ログイン]
[ADMIN] 10:56:11.756075 シナリオ走行を終了しました [シナリオ名: ログイン]
[ADMIN] 10:56:11.756089 シナリオ走行を開始しました [シナリオ名: ログイン]
[ADMIN] 10:56:11.778840 シナリオ走行を終了しました [シナリオ名: ログイン]
[ADMIN] 10:56:11.778852 シナリオ走行を開始しました [シナリオ名: ログイン]
[ADMIN] 10:56:11.784852 シナリオ走行を終了しました [シナリオ名: ログイン]
[ADMIN] 10:56:11.784862 シナリオ走行を開始しました [シナリオ名: ログイン]
[ADMIN] 10:56:11.789790 シナリオ走行を終了しました [シナリオ名: ログイン]
[ADMIN] 10:56:11.789799 シナリオ走行を開始しました [シナリオ名: ログイン]
[ADMIN] 10:56:11.802602 シナリオ走行を終了しました [シナリオ名: 新規ユーザー登録]
[ADMIN] 10:56:11.802637 シナリオ走行を開始しました [シナリオ名: 新規ユーザー登録]
[ADMIN] 10:56:11.807379 シナリオ走行を終了しました [シナリオ名: ログイン]
[ADMIN] 10:56:11.807390 シナリオ走行を開始しました [シナリオ名: ログイン]
[ADMIN] 10:56:11.834801 シナリオ走行を終了しました [シナリオ名: ログイン]
[ADMIN] 10:56:11.834812 シナリオ走行を開始しました [シナリオ名: ログイン]
[ADMIN] 10:56:11.856169 シナリオ走行を終了しました [シナリオ名: ログイン]
[ADMIN] 10:56:11.856177 シナリオ走行を開始しました [シナリオ名: ログイン]
[ADMIN] 10:56:11.900112 シナリオ走行を終了しました [シナリオ名: Banユーザログイン]
[ADMIN] 10:56:11.900139 シナリオ走行を開始しました [シナリオ名: Banユーザログイン]
[ADMIN] 10:56:11.903630 シナリオ走行を終了しました [シナリオ名: Banユーザログイン]
[ADMIN] 10:56:11.903646 シナリオ走行を開始しました [シナリオ名: Banユーザログイン]
[ADMIN] 10:56:11.905053 シナリオ走行を終了しました [シナリオ名: Banユーザログイン]
[ADMIN] 10:56:11.905065 シナリオ走行を開始しました [シナリオ名: Banユーザログイン]
[ADMIN] 10:56:11.912075 シナリオ走行を終了しました [シナリオ名: 新規ユーザー登録]
[ADMIN] 10:56:11.912094 シナリオ走行を開始しました [シナリオ名: 新規ユーザー登録]
[ADMIN] 10:56:11.914527 シナリオ走行を終了しました [シナリオ名: Banユーザログイン]
[ADMIN] 10:56:11.914541 シナリオ走行を開始しました [シナリオ名: Banユーザログイン]
[ADMIN] 10:56:11.917530 シナリオ走行を終了しました [シナリオ名: ログイン]
[ADMIN] 10:56:11.917541 シナリオ走行を開始しました [シナリオ名: ログイン]
[ADMIN] 10:56:11.983611 シナリオ走行を終了しました [シナリオ名: ログイン]
[ADMIN] 10:56:11.983623 シナリオ走行を開始しました [シナリオ名: ログイン]
[ADMIN] 10:56:12.036745 シナリオ走行を終了しました [シナリオ名: ログイン]
[ADMIN] 10:56:12.036757 シナリオ走行を開始しました [シナリオ名: ログイン]
[ADMIN] 10:56:12.049184 シナリオ走行を終了しました [シナリオ名: 新規ユーザー登録]
[ADMIN] 10:56:12.049205 シナリオ走行を開始しました [シナリオ名: 新規ユーザー登録]
[ADMIN] 10:56:12.060792 シナリオ走行を終了しました [シナリオ名: ログイン]
[ADMIN] 10:56:12.060803 シナリオ走行を開始しました [シナリオ名: ログイン]
[ADMIN] 10:56:12.083260 シナリオ走行を終了しました [シナリオ名: ログイン]
[ADMIN] 10:56:12.083274 シナリオ走行を開始しました [シナリオ名: ログイン]
[ADMIN] 10:56:12.102328 シナリオ走行を終了しました [シナリオ名: ログイン]
[ADMIN] 10:56:12.102340 シナリオ走行を開始しました [シナリオ名: ログイン]
[ADMIN] 10:56:12.161593 シナリオ走行を終了しました [シナリオ名: 新規ユーザー登録]
[ADMIN] 10:56:12.161616 シナリオ走行を開始しました [シナリオ名: 新規ユーザー登録]
[ADMIN] 10:56:12.205366 シナリオ走行を終了しました [シナリオ名: 新規ユーザー登録]
[ADMIN] 10:56:12.205388 シナリオ走行を開始しました [シナリオ名: 新規ユーザー登録]
[ADMIN] 10:56:12.220700 シナリオ走行を終了しました [シナリオ名: ログイン]
[ADMIN] 10:56:12.220712 シナリオ走行を開始しました [シナリオ名: ログイン]
[ADMIN] 10:56:12.221093 シナリオ走行を終了しました [シナリオ名: ログイン]
[ADMIN] 10:56:12.221103 シナリオ走行を開始しました [シナリオ名: ログイン]
[ADMIN] 10:56:12.221622 シナリオ走行を終了しました [シナリオ名: ログイン]
[ADMIN] 10:56:12.221630 シナリオ走行を開始しました [シナリオ名: ログイン]
[ADMIN] 10:56:12.248123 シナリオ走行を終了しました [シナリオ名: ログイン]
[ADMIN] 10:56:12.248134 シナリオ走行を開始しました [シナリオ名: ログイン]
[ADMIN] 10:56:12.254412 シナリオ走行を終了しました [シナリオ名: ログイン]
[ADMIN] 10:56:12.254425 シナリオ走行を開始しました [シナリオ名: ログイン]
[ADMIN] 10:56:12.261963 シナリオ走行を終了しました [シナリオ名: ログイン]
[ADMIN] 10:56:12.261973 シナリオ走行を開始しました [シナリオ名: ログイン]
[ADMIN] 10:56:12.272649 シナリオ走行を終了しました [シナリオ名: 新規ユーザー登録]
[ADMIN] 10:56:12.272667 シナリオ走行を開始しました [シナリオ名: 新規ユーザー登録]
[ADMIN] 10:56:12.305612 シナリオ走行を終了しました [シナリオ名: 新規ユーザー登録]
[ADMIN] 10:56:12.305637 シナリオ走行を開始しました [シナリオ名: 新規ユーザー登録]
[ADMIN] 10:56:12.340806 シナリオ走行を終了しました [シナリオ名: 新規ユーザー登録]
[ADMIN] 10:56:12.340827 シナリオ走行を開始しました [シナリオ名: 新規ユーザー登録]
[ADMIN] 10:56:12.355359 シナリオ走行を終了しました [シナリオ名: ログイン]
[ADMIN] 10:56:12.355368 シナリオ走行を開始しました [シナリオ名: ログイン]
[ADMIN] 10:56:12.356405 シナリオ走行を終了しました [シナリオ名: ログイン]
[ADMIN] 10:56:12.356414 シナリオ走行を開始しました [シナリオ名: ログイン]
[ADMIN] 10:56:12.387928 シナリオ走行を終了しました [シナリオ名: 新規ユーザー登録]
[ADMIN] 10:56:12.387946 シナリオ走行を開始しました [シナリオ名: 新規ユーザー登録]
[ADMIN] 10:56:12.403969 シナリオ走行を終了しました [シナリオ名: Banユーザログイン]
[ADMIN] 10:56:12.403986 シナリオ走行を開始しました [シナリオ名: Banユーザログイン]
[ADMIN] 10:56:12.406217 シナリオ走行を終了しました [シナリオ名: Banユーザログイン]
[ADMIN] 10:56:12.406229 シナリオ走行を開始しました [シナリオ名: Banユーザログイン]
[ADMIN] 10:56:12.408846 シナリオ走行を終了しました [シナリオ名: Banユーザログイン]
[ADMIN] 10:56:12.408859 シナリオ走行を開始しました [シナリオ名: Banユーザログイン]
[ADMIN] 10:56:12.417636 シナリオ走行を終了しました [シナリオ名: Banユーザログイン]
[ADMIN] 10:56:12.417650 シナリオ走行を開始しました [シナリオ名: Banユーザログイン]
[ADMIN] 10:56:12.427729 シナリオ走行を終了しました [シナリオ名: ログイン]
[ADMIN] 10:56:12.427742 シナリオ走行を開始しました [シナリオ名: ログイン]
[ADMIN] 10:56:12.431427 シナリオ走行を終了しました [シナリオ名: ログイン]
[ADMIN] 10:56:12.431439 シナリオ走行を開始しました [シナリオ名: ログイン]
[ADMIN] 10:56:12.452420 シナリオ走行を終了しました [シナリオ名: 新規ユーザー登録]
[ADMIN] 10:56:12.452434 シナリオ走行を開始しました [シナリオ名: 新規ユーザー登録]
[ADMIN] 10:56:12.484059 シナリオ走行を終了しました [シナリオ名: ログイン]
[ADMIN] 10:56:12.484070 シナリオ走行を開始しました [シナリオ名: ログイン]
[ADMIN] 10:56:12.541751 シナリオ走行を終了しました [シナリオ名: ログイン]
[ADMIN] 10:56:12.541767 シナリオ走行を開始しました [シナリオ名: ログイン]
[ADMIN] 10:56:12.554428 シナリオ走行を終了しました [シナリオ名: 新規ユーザー登録]
[ADMIN] 10:56:12.554447 シナリオ走行を開始しました [シナリオ名: 新規ユーザー登録]
[ADMIN] 10:56:12.556321 シナリオ走行を終了しました [シナリオ名: ログイン]
[ADMIN] 10:56:12.556330 シナリオ走行を開始しました [シナリオ名: ログイン]
[ADMIN] 10:56:12.608963 シナリオ走行を終了しました [シナリオ名: ログイン]
[ADMIN] 10:56:12.608977 シナリオ走行を開始しました [シナリオ名: ログイン]
[ADMIN] 10:56:12.693895 シナリオ走行を終了しました [シナリオ名: ログイン]
[ADMIN] 10:56:12.693913 シナリオ走行を開始しました [シナリオ名: ログイン]
[ADMIN] 10:56:12.711393 シナリオ走行を終了しました [シナリオ名: ログイン]
[ADMIN] 10:56:12.711404 シナリオ走行を開始しました [シナリオ名: ログイン]
[ADMIN] 10:56:12.715917 シナリオ走行を終了しました [シナリオ名: ログイン]
[ADMIN] 10:56:12.715927 シナリオ走行を開始しました [シナリオ名: ログイン]
[ADMIN] 10:56:12.802372 シナリオ走行を終了しました [シナリオ名: ログイン]
[ADMIN] 10:56:12.802384 シナリオ走行を開始しました [シナリオ名: ログイン]
[ADMIN] 10:56:12.833938 シナリオ走行を終了しました [シナリオ名: ログイン]
[ADMIN] 10:56:12.833951 シナリオ走行を開始しました [シナリオ名: ログイン]
[ADMIN] 10:56:12.844889 シナリオ走行を終了しました [シナリオ名: ログイン]
[ADMIN] 10:56:12.844900 シナリオ走行を開始しました [シナリオ名: ログイン]
[ADMIN] 10:56:12.872669 シナリオ走行を終了しました [シナリオ名: ログイン]
[ADMIN] 10:56:12.872679 シナリオ走行を開始しました [シナリオ名: ログイン]
[ADMIN] 10:56:12.906340 シナリオ走行を終了しました [シナリオ名: Banユーザログイン]
[ADMIN] 10:56:12.906354 シナリオ走行を開始しました [シナリオ名: Banユーザログイン]
[ADMIN] 10:56:12.907860 シナリオ走行を終了しました [シナリオ名: Banユーザログイン]
[ADMIN] 10:56:12.907875 シナリオ走行を開始しました [シナリオ名: Banユーザログイン]
[ADMIN] 10:56:12.912305 シナリオ走行を終了しました [シナリオ名: Banユーザログイン]
[ADMIN] 10:56:12.912319 シナリオ走行を開始しました [シナリオ名: Banユーザログイン]
[ADMIN] 10:56:12.921590 シナリオ走行を終了しました [シナリオ名: Banユーザログイン]
[ADMIN] 10:56:12.921602 シナリオ走行を開始しました [シナリオ名: Banユーザログイン]
[ADMIN] 10:56:12.927458 シナリオ走行を終了しました [シナリオ名: ログイン]
[ADMIN] 10:56:12.927467 シナリオ走行を開始しました [シナリオ名: ログイン]
[ADMIN] 10:56:12.940617 シナリオ走行を終了しました [シナリオ名: ログイン]
[ADMIN] 10:56:12.940626 シナリオ走行を開始しました [シナリオ名: ログイン]
[ADMIN] 10:56:12.966784 シナリオ走行を終了しました [シナリオ名: 新規ユーザー登録]
[ADMIN] 10:56:12.966806 シナリオ走行を開始しました [シナリオ名: 新規ユーザー登録]
[ADMIN] 10:56:12.986597 シナリオ走行を終了しました [シナリオ名: 新規ユーザー登録]
[ADMIN] 10:56:12.986629 シナリオ走行を開始しました [シナリオ名: 新規ユーザー登録]
[ADMIN] 10:56:13.035816 シナリオ走行を終了しました [シナリオ名: ログイン]
[ADMIN] 10:56:13.035829 シナリオ走行を開始しました [シナリオ名: ログイン]
[ADMIN] 10:56:13.074665 シナリオ走行を終了しました [シナリオ名: ログイン]
[ADMIN] 10:56:13.074673 シナリオ走行を開始しました [シナリオ名: ログイン]
[ADMIN] 10:56:13.085145 シナリオ走行を終了しました [シナリオ名: ログイン]
[ADMIN] 10:56:13.085155 シナリオ走行を開始しました [シナリオ名: ログイン]
[ADMIN] 10:56:13.160818 シナリオ走行を終了しました [シナリオ名: ログイン]
[ADMIN] 10:56:13.160829 シナリオ走行を開始しました [シナリオ名: ログイン]
[ADMIN] 10:56:13.183314 シナリオ走行を終了しました [シナリオ名: ログイン]
[ADMIN] 10:56:13.183327 シナリオ走行を開始しました [シナリオ名: ログイン]
[ADMIN] 10:56:13.193261 シナリオ走行を終了しました [シナリオ名: 新規ユーザー登録]
[ADMIN] 10:56:13.193280 シナリオ走行を開始しました [シナリオ名: 新規ユーザー登録]
[ADMIN] 10:56:13.220096 シナリオ走行を終了しました [シナリオ名: 新規ユーザー登録]
[ADMIN] 10:56:13.220115 シナリオ走行を開始しました [シナリオ名: 新規ユーザー登録]
[ADMIN] 10:56:13.224125 シナリオ走行を終了しました [シナリオ名: ログイン]
[ADMIN] 10:56:13.224135 シナリオ走行を開始しました [シナリオ名: ログイン]
[ADMIN] 10:56:13.239938 シナリオ走行を終了しました [シナリオ名: ログイン]
[ADMIN] 10:56:13.239948 シナリオ走行を開始しました [シナリオ名: ログイン]
[ADMIN] 10:56:13.240893 シナリオ走行を終了しました [シナリオ名: 新規ユーザー登録]
[ADMIN] 10:56:13.240909 シナリオ走行を開始しました [シナリオ名: 新規ユーザー登録]
[ADMIN] 10:56:13.286092 シナリオ走行を終了しました [シナリオ名: ログイン]
[ADMIN] 10:56:13.286103 シナリオ走行を開始しました [シナリオ名: ログイン]
[ADMIN] 10:56:13.304979 シナリオ走行を終了しました [シナリオ名: ログイン]
[ADMIN] 10:56:13.304989 シナリオ走行を開始しました [シナリオ名: ログイン]
[ADMIN] 10:56:13.327584 シナリオ走行を終了しました [シナリオ名: 新規ユーザー登録]
[ADMIN] 10:56:13.327643 シナリオ走行を開始しました [シナリオ名: 新規ユーザー登録]
[ADMIN] 10:56:13.333697 シナリオ走行を終了しました [シナリオ名: ログイン]
[ADMIN] 10:56:13.333705 シナリオ走行を開始しました [シナリオ名: ログイン]
[ADMIN] 10:56:13.341643 シナリオ走行を終了しました [シナリオ名: ログイン]
[ADMIN] 10:56:13.341653 シナリオ走行を開始しました [シナリオ名: ログイン]
[ADMIN] 10:56:13.361210 シナリオ走行を終了しました [シナリオ名: ログイン]
[ADMIN] 10:56:13.361221 シナリオ走行を開始しました [シナリオ名: ログイン]
[ADMIN] 10:56:13.395978 シナリオ走行を終了しました [シナリオ名: ログイン]
[ADMIN] 10:56:13.395989 シナリオ走行を開始しました [シナリオ名: ログイン]
[ADMIN] 10:56:13.429814 シナリオ走行を終了しました [シナリオ名: Banユーザログイン]
[ADMIN] 10:56:13.429904 シナリオ走行を開始しました [シナリオ名: Banユーザログイン]
[ADMIN] 10:56:13.432387 シナリオ走行を終了しました [シナリオ名: Banユーザログイン]
[ADMIN] 10:56:13.432406 シナリオ走行を開始しました [シナリオ名: Banユーザログイン]
[ADMIN] 10:56:13.436359 シナリオ走行を終了しました [シナリオ名: ログイン]
[ADMIN] 10:56:13.436369 シナリオ走行を開始しました [シナリオ名: ログイン]
[ADMIN] 10:56:13.452972 シナリオ走行を終了しました [シナリオ名: Banユーザログイン]
[ADMIN] 10:56:13.452989 シナリオ走行を開始しました [シナリオ名: Banユーザログイン]
[ADMIN] 10:56:13.461615 シナリオ走行を終了しました [シナリオ名: Banユーザログイン]
[ADMIN] 10:56:13.461634 シナリオ走行を開始しました [シナリオ名: Banユーザログイン]
[ADMIN] 10:56:13.463536 シナリオ走行を終了しました [シナリオ名: ログイン]
[ADMIN] 10:56:13.463547 シナリオ走行を開始しました [シナリオ名: ログイン]
[ADMIN] 10:56:13.492738 シナリオ走行を終了しました [シナリオ名: ログイン]
[ADMIN] 10:56:13.492751 シナリオ走行を開始しました [シナリオ名: ログイン]
[ADMIN] 10:56:13.515835 シナリオ走行を終了しました [シナリオ名: ログイン]
[ADMIN] 10:56:13.515846 シナリオ走行を開始しました [シナリオ名: ログイン]
[ADMIN] 10:56:13.516251 シナリオ走行を終了しました [シナリオ名: ログイン]
[ADMIN] 10:56:13.516260 シナリオ走行を開始しました [シナリオ名: ログイン]
[ADMIN] 10:56:13.567468 シナリオ走行を終了しました [シナリオ名: ログイン]
[ADMIN] 10:56:13.567480 シナリオ走行を開始しました [シナリオ名: ログイン]
[ADMIN] 10:56:13.578286 シナリオ走行を終了しました [シナリオ名: ログイン]
[ADMIN] 10:56:13.578299 シナリオ走行を開始しました [シナリオ名: ログイン]
[ADMIN] 10:56:13.634517 シナリオ走行を終了しました [シナリオ名: 新規ユーザー登録]
[ADMIN] 10:56:13.634540 シナリオ走行を開始しました [シナリオ名: 新規ユーザー登録]
[ADMIN] 10:56:13.646312 シナリオ走行を終了しました [シナリオ名: ログイン]
[ADMIN] 10:56:13.646325 シナリオ走行を開始しました [シナリオ名: ログイン]
[ADMIN] 10:56:13.680788 シナリオ走行を終了しました [シナリオ名: 新規ユーザー登録]
[ADMIN] 10:56:13.680810 シナリオ走行を開始しました [シナリオ名: 新規ユーザー登録]
[ADMIN] 10:56:13.753987 シナリオ走行を終了しました [シナリオ名: ログイン]
[ADMIN] 10:56:13.754002 シナリオ走行を開始しました [シナリオ名: ログイン]
[ADMIN] 10:56:13.768099 シナリオ走行を終了しました [シナリオ名: 新規ユーザー登録]
[ADMIN] 10:56:13.768123 シナリオ走行を開始しました [シナリオ名: 新規ユーザー登録]
[ADMIN] 10:56:13.775719 シナリオ走行を終了しました [シナリオ名: 新規ユーザー登録]
[ADMIN] 10:56:13.775746 シナリオ走行を開始しました [シナリオ名: 新規ユーザー登録]
[ADMIN] 10:56:13.817108 シナリオ走行を終了しました [シナリオ名: 新規ユーザー登録]
[ADMIN] 10:56:13.817127 シナリオ走行を開始しました [シナリオ名: 新規ユーザー登録]
[ADMIN] 10:56:13.858160 シナリオ走行を終了しました [シナリオ名: ログイン]
[ADMIN] 10:56:13.858171 シナリオ走行を開始しました [シナリオ名: ログイン]
[ADMIN] 10:56:13.866137 シナリオ走行を終了しました [シナリオ名: ログイン]
[ADMIN] 10:56:13.866148 シナリオ走行を開始しました [シナリオ名: ログイン]
[ADMIN] 10:56:13.910413 シナリオ走行を終了しました [シナリオ名: ログイン]
[ADMIN] 10:56:13.910423 シナリオ走行を開始しました [シナリオ名: ログイン]
[ADMIN] 10:56:13.927684 シナリオ走行を終了しました [シナリオ名: ログイン]
[ADMIN] 10:56:13.927697 シナリオ走行を開始しました [シナリオ名: ログイン]
[ADMIN] 10:56:13.932946 シナリオ走行を終了しました [シナリオ名: Banユーザログイン]
[ADMIN] 10:56:13.932959 シナリオ走行を開始しました [シナリオ名: Banユーザログイン]
[ADMIN] 10:56:13.935397 シナリオ走行を終了しました [シナリオ名: Banユーザログイン]
[ADMIN] 10:56:13.935410 シナリオ走行を開始しました [シナリオ名: Banユーザログイン]
[ADMIN] 10:56:13.942255 シナリオ走行を終了しました [シナリオ名: ログイン]
[ADMIN] 10:56:13.942264 シナリオ走行を開始しました [シナリオ名: ログイン]
[ADMIN] 10:56:13.947494 シナリオ走行を終了しました [シナリオ名: 新規ユーザー登録]
[ADMIN] 10:56:13.947514 シナリオ走行を開始しました [シナリオ名: 新規ユーザー登録]
[ADMIN] 10:56:13.957170 シナリオ走行を終了しました [シナリオ名: Banユーザログイン]
[ADMIN] 10:56:13.957185 シナリオ走行を開始しました [シナリオ名: Banユーザログイン]
[ADMIN] 10:56:13.960106 シナリオ走行を終了しました [シナリオ名: 新規ユーザー登録]
[ADMIN] 10:56:13.960123 シナリオ走行を開始しました [シナリオ名: 新規ユーザー登録]
[ADMIN] 10:56:13.965610 シナリオ走行を終了しました [シナリオ名: Banユーザログイン]
[ADMIN] 10:56:13.965623 シナリオ走行を開始しました [シナリオ名: Banユーザログイン]
[ADMIN] 10:56:13.965798 シナリオ走行を終了しました [シナリオ名: ログイン]
[ADMIN] 10:56:13.965807 シナリオ走行を開始しました [シナリオ名: ログイン]
[ADMIN] 10:56:14.001327 シナリオ走行を終了しました [シナリオ名: ログイン]
[ADMIN] 10:56:14.001337 シナリオ走行を開始しました [シナリオ名: ログイン]
[ADMIN] 10:56:14.024611 シナリオ走行を終了しました [シナリオ名: ログイン]
[ADMIN] 10:56:14.024621 シナリオ走行を開始しました [シナリオ名: ログイン]
[ADMIN] 10:56:14.047511 シナリオ走行を終了しました [シナリオ名: ログイン]
[ADMIN] 10:56:14.047522 シナリオ走行を開始しました [シナリオ名: ログイン]
[ADMIN] 10:56:14.105518 シナリオ走行を終了しました [シナリオ名: ログイン]
[ADMIN] 10:56:14.105532 シナリオ走行を開始しました [シナリオ名: ログイン]
[ADMIN] 10:56:14.106131 シナリオ走行を終了しました [シナリオ名: ログイン]
[ADMIN] 10:56:14.106140 シナリオ走行を開始しました [シナリオ名: ログイン]
[ADMIN] 10:56:14.114600 シナリオ走行を終了しました [シナリオ名: ログイン]
[ADMIN] 10:56:14.114609 シナリオ走行を開始しました [シナリオ名: ログイン]
[ADMIN] 10:56:14.124076 シナリオ走行を終了しました [シナリオ名: ログイン]
[ADMIN] 10:56:14.124086 シナリオ走行を開始しました [シナリオ名: ログイン]
[ADMIN] 10:56:14.127124 シナリオ走行を終了しました [シナリオ名: ログイン]
[ADMIN] 10:56:14.127134 シナリオ走行を開始しました [シナリオ名: ログイン]
[ADMIN] 10:56:14.138485 シナリオ走行を終了しました [シナリオ名: ログイン]
[ADMIN] 10:56:14.138495 シナリオ走行を開始しました [シナリオ名: ログイン]
[ADMIN] 10:56:14.171260 シナリオ走行を終了しました [シナリオ名: ログイン]
[ADMIN] 10:56:14.171270 シナリオ走行を開始しました [シナリオ名: ログイン]
[ADMIN] 10:56:14.188953 シナリオ走行を終了しました [シナリオ名: ログイン]
[ADMIN] 10:56:14.188962 シナリオ走行を開始しました [シナリオ名: ログイン]
[ADMIN] 10:56:14.198447 シナリオ走行を終了しました [シナリオ名: 新規ユーザー登録]
[ADMIN] 10:56:14.198464 シナリオ走行を開始しました [シナリオ名: 新規ユーザー登録]
[ADMIN] 10:56:14.227329 シナリオ走行を終了しました [シナリオ名: ログイン]
[ADMIN] 10:56:14.227338 シナリオ走行を開始しました [シナリオ名: ログイン]
[ADMIN] 10:56:14.341296 シナリオ走行を終了しました [シナリオ名: ログイン]
[ADMIN] 10:56:14.341306 シナリオ走行を開始しました [シナリオ名: ログイン]
[ADMIN] 10:56:14.344011 シナリオ走行を終了しました [シナリオ名: ログイン]
[ADMIN] 10:56:14.344021 シナリオ走行を開始しました [シナリオ名: ログイン]
[ADMIN] 10:56:14.355609 シナリオ走行を終了しました [シナリオ名: ログイン]
[ADMIN] 10:56:14.355618 シナリオ走行を開始しました [シナリオ名: ログイン]
[ADMIN] 10:56:14.357413 シナリオ走行を終了しました [シナリオ名: ログイン]
[ADMIN] 10:56:14.357420 シナリオ走行を開始しました [シナリオ名: ログイン]
[ADMIN] 10:56:14.363706 シナリオ走行を終了しました [シナリオ名: ログイン]
[ADMIN] 10:56:14.363715 シナリオ走行を開始しました [シナリオ名: ログイン]
[ADMIN] 10:56:14.381881 シナリオ走行を終了しました [シナリオ名: 新規ユーザー登録]
[ADMIN] 10:56:14.381901 シナリオ走行を開始しました [シナリオ名: 新規ユーザー登録]
[ADMIN] 10:56:14.444097 シナリオ走行を終了しました [シナリオ名: Banユーザログイン]
[ADMIN] 10:56:14.444111 シナリオ走行を開始しました [シナリオ名: Banユーザログイン]
[ADMIN] 10:56:14.458419 シナリオ走行を終了しました [シナリオ名: ログイン]
[ADMIN] 10:56:14.458430 シナリオ走行を開始しました [シナリオ名: ログイン]
[ADMIN] 10:56:14.460862 シナリオ走行を終了しました [シナリオ名: Banユーザログイン]
[ADMIN] 10:56:14.460877 シナリオ走行を開始しました [シナリオ名: Banユーザログイン]
[ADMIN] 10:56:14.467937 シナリオ走行を終了しました [シナリオ名: Banユーザログイン]
[ADMIN] 10:56:14.467951 シナリオ走行を開始しました [シナリオ名: Banユーザログイン]
[ADMIN] 10:56:14.484218 シナリオ走行を終了しました [シナリオ名: Banユーザログイン]
[ADMIN] 10:56:14.484232 シナリオ走行を開始しました [シナリオ名: Banユーザログイン]
[ADMIN] 10:56:14.504404 シナリオ走行を終了しました [シナリオ名: 新規ユーザー登録]
[ADMIN] 10:56:14.504420 シナリオ走行を開始しました [シナリオ名: 新規ユーザー登録]
[ADMIN] 10:56:14.551514 シナリオ走行を終了しました [シナリオ名: ログイン]
[ADMIN] 10:56:14.551529 シナリオ走行を開始しました [シナリオ名: ログイン]
[ADMIN] 10:56:14.568924 シナリオ走行を終了しました [シナリオ名: ログイン]
[ADMIN] 10:56:14.568933 シナリオ走行を開始しました [シナリオ名: ログイン]
[ADMIN] 10:56:14.571492 シナリオ走行を終了しました [シナリオ名: ログイン]
[ADMIN] 10:56:14.571502 シナリオ走行を開始しました [シナリオ名: ログイン]
[ADMIN] 10:56:14.593397 シナリオ走行を終了しました [シナリオ名: ログイン]
[ADMIN] 10:56:14.593408 シナリオ走行を開始しました [シナリオ名: ログイン]
[ADMIN] 10:56:14.600168 シナリオ走行を終了しました [シナリオ名: 新規ユーザー登録]
[ADMIN] 10:56:14.600188 シナリオ走行を開始しました [シナリオ名: 新規ユーザー登録]
[ADMIN] 10:56:14.633941 シナリオ走行を終了しました [シナリオ名: 新規ユーザー登録]
[ADMIN] 10:56:14.633962 シナリオ走行を開始しました [シナリオ名: 新規ユーザー登録]
[ADMIN] 10:56:14.735915 シナリオ走行を終了しました [シナリオ名: 新規ユーザー登録]
[ADMIN] 10:56:14.735946 シナリオ走行を開始しました [シナリオ名: 新規ユーザー登録]
[ADMIN] 10:56:14.777652 シナリオ走行を終了しました [シナリオ名: 新規ユーザー登録]
[ADMIN] 10:56:14.777680 シナリオ走行を開始しました [シナリオ名: 新規ユーザー登録]
[ADMIN] 10:56:14.802511 シナリオ走行を終了しました [シナリオ名: ログイン]
[ADMIN] 10:56:14.802523 シナリオ走行を開始しました [シナリオ名: ログイン]
[ADMIN] 10:56:14.918456 シナリオ走行を終了しました [シナリオ名: ログイン]
[ADMIN] 10:56:14.918472 シナリオ走行を開始しました [シナリオ名: ログイン]
[ADMIN] 10:56:14.941554 シナリオ走行を終了しました [シナリオ名: ログイン]
[ADMIN] 10:56:14.941567 シナリオ走行を開始しました [シナリオ名: ログイン]
[ADMIN] 10:56:14.941969 シナリオ走行を終了しました [シナリオ名: ログイン]
[ADMIN] 10:56:14.941980 シナリオ走行を開始しました [シナリオ名: ログイン]
[ADMIN] 10:56:14.943326 シナリオ走行を終了しました [シナリオ名: ログイン]
[ADMIN] 10:56:14.943338 シナリオ走行を開始しました [シナリオ名: ログイン]
[ADMIN] 10:56:14.945932 シナリオ走行を終了しました [シナリオ名: Banユーザログイン]
[ADMIN] 10:56:14.945941 シナリオ走行を開始しました [シナリオ名: Banユーザログイン]
[ADMIN] 10:56:14.963723 シナリオ走行を終了しました [シナリオ名: Banユーザログイン]
[ADMIN] 10:56:14.963741 シナリオ走行を開始しました [シナリオ名: Banユーザログイン]
[ADMIN] 10:56:14.966665 シナリオ走行を終了しました [シナリオ名: ログイン]
[ADMIN] 10:56:14.966675 シナリオ走行を開始しました [シナリオ名: ログイン]
[ADMIN] 10:56:14.970556 シナリオ走行を終了しました [シナリオ名: Banユーザログイン]
[ADMIN] 10:56:14.970567 シナリオ走行を開始しました [シナリオ名: Banユーザログイン]
[ADMIN] 10:56:14.972022 シナリオ走行を終了しました [シナリオ名: ログイン]
[ADMIN] 10:56:14.972031 シナリオ走行を開始しました [シナリオ名: ログイン]
[ADMIN] 10:56:15.003477 シナリオ走行を終了しました [シナリオ名: Banユーザログイン]
[ADMIN] 10:56:15.003491 シナリオ走行を開始しました [シナリオ名: Banユーザログイン]
[ADMIN] 10:56:15.052751 シナリオ走行を終了しました [シナリオ名: ログイン]
[ADMIN] 10:56:15.052764 シナリオ走行を開始しました [シナリオ名: ログイン]
[ADMIN] 10:56:15.064460 シナリオ走行を終了しました [シナリオ名: ログイン]
[ADMIN] 10:56:15.064469 シナリオ走行を開始しました [シナリオ名: ログイン]
[ADMIN] 10:56:15.074657 シナリオ走行を終了しました [シナリオ名: ログイン]
[ADMIN] 10:56:15.074666 シナリオ走行を開始しました [シナリオ名: ログイン]
[ADMIN] 10:56:15.087464 シナリオ走行を終了しました [シナリオ名: ログイン]
[ADMIN] 10:56:15.087474 シナリオ走行を開始しました [シナリオ名: ログイン]
[ADMIN] 10:56:15.089495 シナリオ走行を終了しました [シナリオ名: ログイン]
[ADMIN] 10:56:15.089504 シナリオ走行を開始しました [シナリオ名: ログイン]
10:56:15.139665 現在のログイン成功数: [total: 1567 (+834人)]
10:56:15.139672 現在のユーザー登録成功数: [total: 703 (+321人)]
[ADMIN] 10:56:15.167190 シナリオ走行を終了しました [シナリオ名: ログイン]
[ADMIN] 10:56:15.167200 シナリオ走行を開始しました [シナリオ名: ログイン]
[ADMIN] 10:56:15.173098 シナリオ走行を終了しました [シナリオ名: 新規ユーザー登録]
[ADMIN] 10:56:15.173115 シナリオ走行を開始しました [シナリオ名: 新規ユーザー登録]
[ADMIN] 10:56:15.219354 シナリオ走行を終了しました [シナリオ名: 新規ユーザー登録]
[ADMIN] 10:56:15.219378 シナリオ走行を開始しました [シナリオ名: 新規ユーザー登録]
[ADMIN] 10:56:15.246687 シナリオ走行を終了しました [シナリオ名: 新規ユーザー登録]
[ADMIN] 10:56:15.246705 シナリオ走行を開始しました [シナリオ名: 新規ユーザー登録]
[ADMIN] 10:56:15.279102 シナリオ走行を終了しました [シナリオ名: ログイン]
[ADMIN] 10:56:15.279132 シナリオ走行を開始しました [シナリオ名: ログイン]
[ADMIN] 10:56:15.279173 シナリオ走行を開始しました [シナリオ名: ログイン]
[ADMIN] 10:56:15.279185 シナリオ走行を開始しました [シナリオ名: ログイン]
[ADMIN] 10:56:15.279229 シナリオ走行を開始しました [シナリオ名: ログイン]
[ADMIN] 10:56:15.279257 シナリオ走行を開始しました [シナリオ名: ログイン]
[ADMIN] 10:56:15.279277 シナリオ走行を開始しました [シナリオ名: ログイン]
[ADMIN] 10:56:15.279322 シナリオ走行を開始しました [シナリオ名: ログイン]
[ADMIN] 10:56:15.279252 シナリオ走行を開始しました [シナリオ名: ログイン]
[ADMIN] 10:56:15.279373 シナリオ走行を開始しました [シナリオ名: ログイン]
[ADMIN] 10:56:15.279435 シナリオ走行を開始しました [シナリオ名: ログイン]
[ADMIN] 10:56:15.279455 シナリオ走行を開始しました [シナリオ名: ログイン]
[ADMIN] 10:56:15.279269 シナリオ走行を開始しました [シナリオ名: ログイン]
[ADMIN] 10:56:15.279255 シナリオ走行を開始しました [シナリオ名: ログイン]
[ADMIN] 10:56:15.279559 シナリオ走行を開始しました [シナリオ名: ログイン]
[ADMIN] 10:56:15.279567 シナリオ走行を開始しました [シナリオ名: ログイン]
[ADMIN] 10:56:15.279248 シナリオ走行を開始しました [シナリオ名: ログイン]
[ADMIN] 10:56:15.327576 シナリオ走行を終了しました [シナリオ名: ログイン]
[ADMIN] 10:56:15.375290 シナリオ走行を終了しました [シナリオ名: ログイン]
[ADMIN] 10:56:15.451352 シナリオ走行を終了しました [シナリオ名: Banユーザログイン]
[ADMIN] 10:56:15.451372 シナリオ走行を開始しました [シナリオ名: Banユーザログイン]
[ADMIN] 10:56:15.495308 シナリオ走行を終了しました [シナリオ名: Banユーザログイン]
[ADMIN] 10:56:15.495328 シナリオ走行を開始しました [シナリオ名: Banユーザログイン]
[ADMIN] 10:56:15.498793 シナリオ走行を終了しました [シナリオ名: Banユーザログイン]
[ADMIN] 10:56:15.498806 シナリオ走行を開始しました [シナリオ名: Banユーザログイン]
[ADMIN] 10:56:15.507935 シナリオ走行を終了しました [シナリオ名: Banユーザログイン]
[ADMIN] 10:56:15.507952 シナリオ走行を開始しました [シナリオ名: Banユーザログイン]
[ADMIN] 10:56:15.531288 シナリオ走行を終了しました [シナリオ名: ログイン]
[ADMIN] 10:56:15.531304 シナリオ走行を開始しました [シナリオ名: ログイン]
[ADMIN] 10:56:15.531306 シナリオ走行を開始しました [シナリオ名: ログイン]
[ADMIN] 10:56:15.531353 シナリオ走行を開始しました [シナリオ名: ログイン]
[ADMIN] 10:56:15.576761 シナリオ走行を終了しました [シナリオ名: 新規ユーザー登録]
[ADMIN] 10:56:15.576794 シナリオ走行を開始しました [シナリオ名: 新規ユーザー登録]
[ADMIN] 10:56:15.579715 シナリオ走行を終了しました [シナリオ名: ログイン]
[ADMIN] 10:56:15.580852 シナリオ走行を終了しました [シナリオ名: 新規ユーザー登録]
[ADMIN] 10:56:15.580880 シナリオ走行を開始しました [シナリオ名: 新規ユーザー登録]
[ADMIN] 10:56:15.580925 シナリオ走行を開始しました [シナリオ名: 新規ユーザー登録]
[ADMIN] 10:56:15.580940 シナリオ走行を開始しました [シナリオ名: 新規ユーザー登録]
[ADMIN] 10:56:15.580946 シナリオ走行を開始しました [シナリオ名: 新規ユーザー登録]
[ADMIN] 10:56:15.581012 シナリオ走行を開始しました [シナリオ名: 新規ユーザー登録]
[ADMIN] 10:56:15.581036 シナリオ走行を開始しました [シナリオ名: 新規ユーザー登録]
[ADMIN] 10:56:15.581059 シナリオ走行を開始しました [シナリオ名: 新規ユーザー登録]
[ADMIN] 10:56:15.581061 シナリオ走行を開始しました [シナリオ名: 新規ユーザー登録]
[ADMIN] 10:56:15.581100 シナリオ走行を開始しました [シナリオ名: 新規ユーザー登録]
[ADMIN] 10:56:15.593017 シナリオ走行を終了しました [シナリオ名: 新規ユーザー登録]
[ADMIN] 10:56:15.593054 シナリオ走行を終了しました [シナリオ名: ログイン]
[ADMIN] 10:56:15.616575 シナリオ走行を終了しました [シナリオ名: ログイン]
[ADMIN] 10:56:15.617235 シナリオ走行を終了しました [シナリオ名: ログイン]
[ADMIN] 10:56:15.618339 シナリオ走行を終了しました [シナリオ名: ログイン]
[ADMIN] 10:56:15.629625 シナリオ走行を終了しました [シナリオ名: ログイン]
[ADMIN] 10:56:15.642304 シナリオ走行を終了しました [シナリオ名: ログイン]
[ADMIN] 10:56:15.652905 シナリオ走行を終了しました [シナリオ名: ログイン]
[ADMIN] 10:56:15.707905 シナリオ走行を終了しました [シナリオ名: ログイン]
[ADMIN] 10:56:15.712211 シナリオ走行を終了しました [シナリオ名: ログイン]
[ADMIN] 10:56:15.712620 シナリオ走行を終了しました [シナリオ名: ログイン]
[ADMIN] 10:56:15.730366 シナリオ走行を終了しました [シナリオ名: ログイン]
[ADMIN] 10:56:15.838062 シナリオ走行を終了しました [シナリオ名: ログイン]
[ADMIN] 10:56:15.871722 シナリオ走行を終了しました [シナリオ名: ログイン]
[ADMIN] 10:56:15.874315 シナリオ走行を終了しました [シナリオ名: ログイン]
[ADMIN] 10:56:15.874336 シナリオ走行を開始しました [シナリオ名: ログイン]
[ADMIN] 10:56:15.874340 シナリオ走行を開始しました [シナリオ名: ログイン]
[ADMIN] 10:56:15.874348 シナリオ走行を開始しました [シナリオ名: ログイン]
[ADMIN] 10:56:15.874418 シナリオ走行を開始しました [シナリオ名: ログイン]
[ADMIN] 10:56:15.874490 シナリオ走行を開始しました [シナリオ名: ログイン]
[ADMIN] 10:56:15.874500 シナリオ走行を開始しました [シナリオ名: ログイン]
[ADMIN] 10:56:15.874514 シナリオ走行を開始しました [シナリオ名: ログイン]
[ADMIN] 10:56:15.874587 シナリオ走行を開始しました [シナリオ名: ログイン]
[ADMIN] 10:56:15.874594 シナリオ走行を開始しました [シナリオ名: ログイン]
[ADMIN] 10:56:15.874633 シナリオ走行を開始しました [シナリオ名: ログイン]
[ADMIN] 10:56:15.874683 シナリオ走行を開始しました [シナリオ名: ログイン]
[ADMIN] 10:56:15.874735 シナリオ走行を開始しました [シナリオ名: ログイン]
[ADMIN] 10:56:15.874751 シナリオ走行を開始しました [シナリオ名: ログイン]
[ADMIN] 10:56:15.874491 シナリオ走行を開始しました [シナリオ名: ログイン]
[ADMIN] 10:56:15.874588 シナリオ走行を開始しました [シナリオ名: ログイン]
[ADMIN] 10:56:15.886405 シナリオ走行を終了しました [シナリオ名: ログイン]
[ADMIN] 10:56:15.927087 シナリオ走行を終了しました [シナリオ名: ログイン]
[ADMIN] 10:56:15.956197 シナリオ走行を終了しました [シナリオ名: Banユーザログイン]
[ADMIN] 10:56:15.956215 シナリオ走行を開始しました [シナリオ名: Banユーザログイン]
[ADMIN] 10:56:15.986434 シナリオ走行を終了しました [シナリオ名: ログイン]
[ADMIN] 10:56:15.986445 シナリオ走行を開始しました [シナリオ名: ログイン]
[ADMIN] 10:56:15.986499 シナリオ走行を開始しました [シナリオ名: ログイン]
[ADMIN] 10:56:15.986509 シナリオ走行を開始しました [シナリオ名: ログイン]
[ADMIN] 10:56:16.013374 シナリオ走行を終了しました [シナリオ名: Banユーザログイン]
[ADMIN] 10:56:16.013403 シナリオ走行を開始しました [シナリオ名: Banユーザログイン]
[ADMIN] 10:56:16.013408 シナリオ走行を開始しました [シナリオ名: Banユーザログイン]
[ADMIN] 10:56:16.013417 シナリオ走行を開始しました [シナリオ名: Banユーザログイン]
[ADMIN] 10:56:16.026055 シナリオ走行を終了しました [シナリオ名: Banユーザログイン]
[ADMIN] 10:56:16.073540 シナリオ走行を終了しました [シナリオ名: Banユーザログイン]
[ADMIN] 10:56:16.123353 シナリオ走行を終了しました [シナリオ名: ログイン]
[ADMIN] 10:56:16.123373 シナリオ走行を開始しました [シナリオ名: ログイン]
[ADMIN] 10:56:16.211851 シナリオ走行を終了しました [シナリオ名: ログイン]
[ADMIN] 10:56:16.212681 シナリオ走行を終了しました [シナリオ名: ログイン]
[ADMIN] 10:56:16.212692 シナリオ走行を開始しました [シナリオ名: ログイン]
[ADMIN] 10:56:16.212747 シナリオ走行を開始しました [シナリオ名: ログイン]
[ADMIN] 10:56:16.239796 シナリオ走行を終了しました [シナリオ名: ログイン]
[ADMIN] 10:56:16.255957 シナリオ走行を終了しました [シナリオ名: ログイン]
[ADMIN] 10:56:16.255973 シナリオ走行を開始しました [シナリオ名: ログイン]
[ADMIN] 10:56:16.256032 シナリオ走行を開始しました [シナリオ名: ログイン]
[ADMIN] 10:56:16.259363 シナリオ走行を終了しました [シナリオ名: 新規ユーザー登録]
[ADMIN] 10:56:16.280874 シナリオ走行を終了しました [シナリオ名: ログイン]
[ADMIN] 10:56:16.280888 シナリオ走行を開始しました [シナリオ名: ログイン]
[ADMIN] 10:56:16.293215 シナリオ走行を終了しました [シナリオ名: ログイン]
[ADMIN] 10:56:16.293227 シナリオ走行を開始しました [シナリオ名: ログイン]
[ADMIN] 10:56:16.312711 シナリオ走行を終了しました [シナリオ名: 新規ユーザー登録]
[ADMIN] 10:56:16.323521 シナリオ走行を終了しました [シナリオ名: ログイン]
[ADMIN] 10:56:16.323533 シナリオ走行を開始しました [シナリオ名: ログイン]
[ADMIN] 10:56:16.330559 シナリオ走行を終了しました [シナリオ名: 新規ユーザー登録]
[ADMIN] 10:56:16.336445 シナリオ走行を終了しました [シナリオ名: ログイン]
[ADMIN] 10:56:16.346720 シナリオ走行を終了しました [シナリオ名: ログイン]
[ADMIN] 10:56:16.346732 シナリオ走行を開始しました [シナリオ名: ログイン]
[ADMIN] 10:56:16.346788 シナリオ走行を開始しました [シナリオ名: ログイン]
[ADMIN] 10:56:16.354789 シナリオ走行を終了しました [シナリオ名: ログイン]
[ADMIN] 10:56:16.427191 シナリオ走行を終了しました [シナリオ名: ログイン]
[ADMIN] 10:56:16.427884 シナリオ走行を終了しました [シナリオ名: ログイン]
[ADMIN] 10:56:16.427894 シナリオ走行を開始しました [シナリオ名: ログイン]
[ADMIN] 10:56:16.427949 シナリオ走行を開始しました [シナリオ名: ログイン]
[ADMIN] 10:56:16.427963 シナリオ走行を開始しました [シナリオ名: ログイン]
[ADMIN] 10:56:16.438256 シナリオ走行を終了しました [シナリオ名: ログイン]
[ADMIN] 10:56:16.467323 シナリオ走行を終了しました [シナリオ名: ログイン]
[ADMIN] 10:56:16.479433 シナリオ走行を終了しました [シナリオ名: ログイン]
[ADMIN] 10:56:16.479444 シナリオ走行を開始しました [シナリオ名: ログイン]
[ADMIN] 10:56:16.479501 シナリオ走行を開始しました [シナリオ名: ログイン]
[ADMIN] 10:56:16.479512 シナリオ走行を開始しました [シナリオ名: ログイン]
[ADMIN] 10:56:16.491850 シナリオ走行を終了しました [シナリオ名: Banユーザログイン]
[ADMIN] 10:56:16.517847 シナリオ走行を終了しました [シナリオ名: ログイン]
[ADMIN] 10:56:16.564012 シナリオ走行を終了しました [シナリオ名: Banユーザログイン]
[ADMIN] 10:56:16.564024 シナリオ走行を終了しました [シナリオ名: Banユーザログイン]
[ADMIN] 10:56:16.564030 シナリオ走行を開始しました [シナリオ名: Banユーザログイン]
[ADMIN] 10:56:16.564031 シナリオ走行を開始しました [シナリオ名: Banユーザログイン]
[ADMIN] 10:56:16.564033 シナリオ走行を開始しました [シナリオ名: Banユーザログイン]
[ADMIN] 10:56:16.564112 シナリオ走行を開始しました [シナリオ名: Banユーザログイン]
[ADMIN] 10:56:16.564176 シナリオ走行を開始しました [シナリオ名: Banユーザログイン]
[ADMIN] 10:56:16.567526 シナリオ走行を終了しました [シナリオ名: Banユーザログイン]
[ADMIN] 10:56:16.567537 シナリオ走行を開始しました [シナリオ名: Banユーザログイン]
[ADMIN] 10:56:16.592875 シナリオ走行を終了しました [シナリオ名: ログイン]
[ADMIN] 10:56:16.663346 シナリオ走行を終了しました [シナリオ名: 新規ユーザー登録]
[ADMIN] 10:56:16.706401 シナリオ走行を終了しました [シナリオ名: 新規ユーザー登録]
[ADMIN] 10:56:16.719792 シナリオ走行を終了しました [シナリオ名: ログイン]
[ADMIN] 10:56:16.719806 シナリオ走行を開始しました [シナリオ名: ログイン]
[ADMIN] 10:56:16.719863 シナリオ走行を開始しました [シナリオ名: ログイン]
[ADMIN] 10:56:16.719878 シナリオ走行を開始しました [シナリオ名: ログイン]
[ADMIN] 10:56:16.734230 シナリオ走行を終了しました [シナリオ名: ログイン]
[ADMIN] 10:56:16.734246 シナリオ走行を開始しました [シナリオ名: ログイン]
[ADMIN] 10:56:16.741498 シナリオ走行を終了しました [シナリオ名: ログイン]
[ADMIN] 10:56:16.741508 シナリオ走行を開始しました [シナリオ名: ログイン]
[ADMIN] 10:56:16.764467 シナリオ走行を終了しました [シナリオ名: ログイン]
[ADMIN] 10:56:16.764477 シナリオ走行を開始しました [シナリオ名: ログイン]
[ADMIN] 10:56:16.862398 シナリオ走行を終了しました [シナリオ名: ログイン]
[ADMIN] 10:56:16.862411 シナリオ走行を開始しました [シナリオ名: ログイン]
[ADMIN] 10:56:16.878629 シナリオ走行を終了しました [シナリオ名: ログイン]
[ADMIN] 10:56:16.878643 シナリオ走行を開始しました [シナリオ名: ログイン]
[ADMIN] 10:56:16.891218 シナリオ走行を終了しました [シナリオ名: ログイン]
[ADMIN] 10:56:16.891230 シナリオ走行を開始しました [シナリオ名: ログイン]
[ADMIN] 10:56:16.909961 シナリオ走行を終了しました [シナリオ名: 新規ユーザー登録]
[ADMIN] 10:56:16.935644 シナリオ走行を終了しました [シナリオ名: ログイン]
[ADMIN] 10:56:16.935656 シナリオ走行を開始しました [シナリオ名: ログイン]
[ADMIN] 10:56:16.967251 シナリオ走行を終了しました [シナリオ名: ログイン]
[ADMIN] 10:56:16.967265 シナリオ走行を開始しました [シナリオ名: ログイン]
[ADMIN] 10:56:16.970595 シナリオ走行を終了しました [シナリオ名: 新規ユーザー登録]
[ADMIN] 10:56:16.980398 シナリオ走行を終了しました [シナリオ名: 新規ユーザー登録]
[ADMIN] 10:56:17.015862 シナリオ走行を終了しました [シナリオ名: ログイン]
[ADMIN] 10:56:17.015875 シナリオ走行を開始しました [シナリオ名: ログイン]
[ADMIN] 10:56:17.022119 シナリオ走行を終了しました [シナリオ名: ログイン]
[ADMIN] 10:56:17.022129 シナリオ走行を開始しました [シナリオ名: ログイン]
[ADMIN] 10:56:17.094373 シナリオ走行を終了しました [シナリオ名: Banユーザログイン]
[ADMIN] 10:56:17.094392 シナリオ走行を開始しました [シナリオ名: Banユーザログイン]
[ADMIN] 10:56:17.095807 シナリオ走行を終了しました [シナリオ名: Banユーザログイン]
[ADMIN] 10:56:17.095823 シナリオ走行を開始しました [シナリオ名: Banユーザログイン]
[ADMIN] 10:56:17.099256 シナリオ走行を終了しました [シナリオ名: Banユーザログイン]
[ADMIN] 10:56:17.099271 シナリオ走行を開始しました [シナリオ名: Banユーザログイン]
[ADMIN] 10:56:17.101695 シナリオ走行を終了しました [シナリオ名: Banユーザログイン]
[ADMIN] 10:56:17.101707 シナリオ走行を開始しました [シナリオ名: Banユーザログイン]
[ADMIN] 10:56:17.101838 シナリオ走行を終了しました [シナリオ名: Banユーザログイン]
[ADMIN] 10:56:17.101851 シナリオ走行を開始しました [シナリオ名: Banユーザログイン]
[ADMIN] 10:56:17.104249 シナリオ走行を終了しました [シナリオ名: Banユーザログイン]
[ADMIN] 10:56:17.104260 シナリオ走行を開始しました [シナリオ名: Banユーザログイン]
[ADMIN] 10:56:17.121544 シナリオ走行を終了しました [シナリオ名: ログイン]
[ADMIN] 10:56:17.121556 シナリオ走行を開始しました [シナリオ名: ログイン]
[ADMIN] 10:56:17.123688 シナリオ走行を終了しました [シナリオ名: ログイン]
[ADMIN] 10:56:17.123696 シナリオ走行を開始しました [シナリオ名: ログイン]
[ADMIN] 10:56:17.194295 シナリオ走行を終了しました [シナリオ名: ログイン]
[ADMIN] 10:56:17.194303 シナリオ走行を開始しました [シナリオ名: ログイン]
[ADMIN] 10:56:17.325451 シナリオ走行を終了しました [シナリオ名: 新規ユーザー登録]
[ADMIN] 10:56:17.340757 シナリオ走行を終了しました [シナリオ名: ログイン]
[ADMIN] 10:56:17.340769 シナリオ走行を開始しました [シナリオ名: ログイン]
[ADMIN] 10:56:17.360759 シナリオ走行を終了しました [シナリオ名: ログイン]
[ADMIN] 10:56:17.360768 シナリオ走行を開始しました [シナリオ名: ログイン]
[ADMIN] 10:56:17.390400 シナリオ走行を終了しました [シナリオ名: ログイン]
[ADMIN] 10:56:17.390411 シナリオ走行を開始しました [シナリオ名: ログイン]
[ADMIN] 10:56:17.399546 シナリオ走行を終了しました [シナリオ名: 新規ユーザー登録]
[ADMIN] 10:56:17.399578 シナリオ走行を開始しました [シナリオ名: 新規ユーザー登録]
[ADMIN] 10:56:17.399602 シナリオ走行を開始しました [シナリオ名: 新規ユーザー登録]
[ADMIN] 10:56:17.399644 シナリオ走行を開始しました [シナリオ名: 新規ユーザー登録]
[ADMIN] 10:56:17.399686 シナリオ走行を開始しました [シナリオ名: 新規ユーザー登録]
[ADMIN] 10:56:17.399698 シナリオ走行を開始しました [シナリオ名: 新規ユーザー登録]
[ADMIN] 10:56:17.399724 シナリオ走行を開始しました [シナリオ名: 新規ユーザー登録]
[ADMIN] 10:56:17.399810 シナリオ走行を開始しました [シナリオ名: 新規ユーザー登録]
[ADMIN] 10:56:17.399824 シナリオ走行を開始しました [シナリオ名: 新規ユーザー登録]
[ADMIN] 10:56:17.399824 シナリオ走行を開始しました [シナリオ名: 新規ユーザー登録]
[ADMIN] 10:56:17.399815 シナリオ走行を開始しました [シナリオ名: 新規ユーザー登録]
[ADMIN] 10:56:17.399815 シナリオ走行を開始しました [シナリオ名: 新規ユーザー登録]
[ADMIN] 10:56:17.401106 シナリオ走行を終了しました [シナリオ名: ログイン]
[ADMIN] 10:56:17.401116 シナリオ走行を開始しました [シナリオ名: ログイン]
[ADMIN] 10:56:17.417796 シナリオ走行を終了しました [シナリオ名: ログイン]
[ADMIN] 10:56:17.417806 シナリオ走行を開始しました [シナリオ名: ログイン]
[ADMIN] 10:56:17.438688 シナリオ走行を終了しました [シナリオ名: ログイン]
[ADMIN] 10:56:17.438697 シナリオ走行を開始しました [シナリオ名: ログイン]
[ADMIN] 10:56:17.442025 シナリオ走行を終了しました [シナリオ名: ログイン]
[ADMIN] 10:56:17.442046 シナリオ走行を開始しました [シナリオ名: ログイン]
[ADMIN] 10:56:17.461137 シナリオ走行を終了しました [シナリオ名: ログイン]
[ADMIN] 10:56:17.461146 シナリオ走行を開始しました [シナリオ名: ログイン]
[ADMIN] 10:56:17.480462 シナリオ走行を終了しました [シナリオ名: ログイン]
[ADMIN] 10:56:17.480474 シナリオ走行を開始しました [シナリオ名: ログイン]
[ADMIN] 10:56:17.499002 シナリオ走行を終了しました [シナリオ名: ログイン]
[ADMIN] 10:56:17.499014 シナリオ走行を開始しました [シナリオ名: ログイン]
[ADMIN] 10:56:17.519029 シナリオ走行を終了しました [シナリオ名: ログイン]
[ADMIN] 10:56:17.519043 シナリオ走行を開始しました [シナリオ名: ログイン]
[ADMIN] 10:56:17.519486 シナリオ走行を終了しました [シナリオ名: ログイン]
[ADMIN] 10:56:17.519494 シナリオ走行を開始しました [シナリオ名: ログイン]
[ADMIN] 10:56:17.521145 シナリオ走行を終了しました [シナリオ名: ログイン]
[ADMIN] 10:56:17.521158 シナリオ走行を開始しました [シナリオ名: ログイン]
[ADMIN] 10:56:17.543151 シナリオ走行を終了しました [シナリオ名: 新規ユーザー登録]
[ADMIN] 10:56:17.599926 シナリオ走行を終了しました [シナリオ名: ログイン]
[ADMIN] 10:56:17.599939 シナリオ走行を開始しました [シナリオ名: ログイン]
[ADMIN] 10:56:17.628687 シナリオ走行を終了しました [シナリオ名: Banユーザログイン]
[ADMIN] 10:56:17.628707 シナリオ走行を開始しました [シナリオ名: Banユーザログイン]
[ADMIN] 10:56:17.630142 シナリオ走行を終了しました [シナリオ名: Banユーザログイン]
[ADMIN] 10:56:17.630154 シナリオ走行を開始しました [シナリオ名: Banユーザログイン]
[ADMIN] 10:56:17.633581 シナリオ走行を終了しました [シナリオ名: Banユーザログイン]
[ADMIN] 10:56:17.633596 シナリオ走行を開始しました [シナリオ名: Banユーザログイン]
[ADMIN] 10:56:17.636010 シナリオ走行を終了しました [シナリオ名: Banユーザログイン]
[ADMIN] 10:56:17.636019 シナリオ走行を開始しました [シナリオ名: Banユーザログイン]
[ADMIN] 10:56:17.636048 シナリオ走行を終了しました [シナリオ名: Banユーザログイン]
[ADMIN] 10:56:17.636063 シナリオ走行を開始しました [シナリオ名: Banユーザログイン]
[ADMIN] 10:56:17.652315 シナリオ走行を終了しました [シナリオ名: Banユーザログイン]
[ADMIN] 10:56:17.652333 シナリオ走行を開始しました [シナリオ名: Banユーザログイン]
[ADMIN] 10:56:17.660008 シナリオ走行を終了しました [シナリオ名: ログイン]
[ADMIN] 10:56:17.660020 シナリオ走行を開始しました [シナリオ名: ログイン]
[ADMIN] 10:56:17.682603 シナリオ走行を終了しました [シナリオ名: 新規ユーザー登録]
[ADMIN] 10:56:17.682642 シナリオ走行を開始しました [シナリオ名: 新規ユーザー登録]
[ADMIN] 10:56:17.682649 シナリオ走行を開始しました [シナリオ名: 新規ユーザー登録]
[ADMIN] 10:56:17.702063 シナリオ走行を終了しました [シナリオ名: 新規ユーザー登録]
[ADMIN] 10:56:17.702088 シナリオ走行を開始しました [シナリオ名: 新規ユーザー登録]
[ADMIN] 10:56:17.739592 シナリオ走行を終了しました [シナリオ名: 新規ユーザー登録]
[ADMIN] 10:56:17.739612 シナリオ走行を開始しました [シナリオ名: 新規ユーザー登録]
[ADMIN] 10:56:17.747355 シナリオ走行を終了しました [シナリオ名: ログイン]
[ADMIN] 10:56:17.747365 シナリオ走行を開始しました [シナリオ名: ログイン]
[ADMIN] 10:56:17.749096 シナリオ走行を終了しました [シナリオ名: ログイン]
[ADMIN] 10:56:17.749106 シナリオ走行を開始しました [シナリオ名: ログイン]
[ADMIN] 10:56:17.790370 シナリオ走行を終了しました [シナリオ名: 新規ユーザー登録]
[ADMIN] 10:56:17.805697 シナリオ走行を終了しました [シナリオ名: ログイン]
[ADMIN] 10:56:17.805710 シナリオ走行を開始しました [シナリオ名: ログイン]
[ADMIN] 10:56:17.808501 シナリオ走行を終了しました [シナリオ名: ログイン]
[ADMIN] 10:56:17.808511 シナリオ走行を開始しました [シナリオ名: ログイン]
[ADMIN] 10:56:17.827683 シナリオ走行を終了しました [シナリオ名: ログイン]
[ADMIN] 10:56:17.827696 シナリオ走行を開始しました [シナリオ名: ログイン]
[ADMIN] 10:56:17.855819 シナリオ走行を終了しました [シナリオ名: 新規ユーザー登録]
[ADMIN] 10:56:17.855840 シナリオ走行を開始しました [シナリオ名: 新規ユーザー登録]
[ADMIN] 10:56:17.855898 シナリオ走行を開始しました [シナリオ名: 新規ユーザー登録]
[ADMIN] 10:56:17.862903 シナリオ走行を終了しました [シナリオ名: ログイン]
[ADMIN] 10:56:17.862911 シナリオ走行を開始しました [シナリオ名: ログイン]
[ADMIN] 10:56:17.921113 シナリオ走行を終了しました [シナリオ名: ログイン]
[ADMIN] 10:56:17.921127 シナリオ走行を開始しました [シナリオ名: ログイン]
[ADMIN] 10:56:17.926471 シナリオ走行を終了しました [シナリオ名: 新規ユーザー登録]
[ADMIN] 10:56:17.926496 シナリオ走行を開始しました [シナリオ名: 新規ユーザー登録]
[ADMIN] 10:56:17.932172 シナリオ走行を終了しました [シナリオ名: ログイン]
[ADMIN] 10:56:17.932181 シナリオ走行を開始しました [シナリオ名: ログイン]
[ADMIN] 10:56:17.938372 シナリオ走行を終了しました [シナリオ名: ログイン]
[ADMIN] 10:56:17.938381 シナリオ走行を開始しました [シナリオ名: ログイン]
[ADMIN] 10:56:17.946359 シナリオ走行を終了しました [シナリオ名: ログイン]
[ADMIN] 10:56:17.946369 シナリオ走行を開始しました [シナリオ名: ログイン]
[ADMIN] 10:56:17.956142 シナリオ走行を終了しました [シナリオ名: ログイン]
[ADMIN] 10:56:17.956149 シナリオ走行を開始しました [シナリオ名: ログイン]
[ADMIN] 10:56:17.966365 シナリオ走行を終了しました [シナリオ名: ログイン]
[ADMIN] 10:56:17.966376 シナリオ走行を開始しました [シナリオ名: ログイン]
[ADMIN] 10:56:18.046999 シナリオ走行を終了しました [シナリオ名: 新規ユーザー登録]
[ADMIN] 10:56:18.047021 シナリオ走行を開始しました [シナリオ名: 新規ユーザー登録]
[ADMIN] 10:56:18.130204 シナリオ走行を終了しました [シナリオ名: ログイン]
[ADMIN] 10:56:18.130216 シナリオ走行を開始しました [シナリオ名: ログイン]
[ADMIN] 10:56:18.156730 シナリオ走行を終了しました [シナリオ名: Banユーザログイン]
[ADMIN] 10:56:18.156766 シナリオ走行を開始しました [シナリオ名: Banユーザログイン]
[ADMIN] 10:56:18.163285 シナリオ走行を終了しました [シナリオ名: Banユーザログイン]
[ADMIN] 10:56:18.163305 シナリオ走行を開始しました [シナリオ名: Banユーザログイン]
[ADMIN] 10:56:18.177082 シナリオ走行を終了しました [シナリオ名: Banユーザログイン]
[ADMIN] 10:56:18.177099 シナリオ走行を開始しました [シナリオ名: Banユーザログイン]
[ADMIN] 10:56:18.178576 シナリオ走行を終了しました [シナリオ名: Banユーザログイン]
[ADMIN] 10:56:18.178592 シナリオ走行を開始しました [シナリオ名: Banユーザログイン]
[ADMIN] 10:56:18.187643 シナリオ走行を終了しました [シナリオ名: 新規ユーザー登録]
[ADMIN] 10:56:18.187662 シナリオ走行を開始しました [シナリオ名: 新規ユーザー登録]
[ADMIN] 10:56:18.191816 シナリオ走行を終了しました [シナリオ名: Banユーザログイン]
[ADMIN] 10:56:18.191829 シナリオ走行を開始しました [シナリオ名: Banユーザログイン]
[ADMIN] 10:56:18.207975 シナリオ走行を終了しました [シナリオ名: Banユーザログイン]
[ADMIN] 10:56:18.207990 シナリオ走行を開始しました [シナリオ名: Banユーザログイン]
[ADMIN] 10:56:18.256404 シナリオ走行を終了しました [シナリオ名: ログイン]
[ADMIN] 10:56:18.256414 シナリオ走行を開始しました [シナリオ名: ログイン]
[ADMIN] 10:56:18.260034 シナリオ走行を終了しました [シナリオ名: ログイン]
[ADMIN] 10:56:18.260042 シナリオ走行を開始しました [シナリオ名: ログイン]
[ADMIN] 10:56:18.271755 シナリオ走行を終了しました [シナリオ名: ログイン]
[ADMIN] 10:56:18.271768 シナリオ走行を開始しました [シナリオ名: ログイン]
[ADMIN] 10:56:18.303457 シナリオ走行を終了しました [シナリオ名: 新規ユーザー登録]
[ADMIN] 10:56:18.303483 シナリオ走行を開始しました [シナリオ名: 新規ユーザー登録]
[ADMIN] 10:56:18.406309 シナリオ走行を終了しました [シナリオ名: ログイン]
[ADMIN] 10:56:18.406322 シナリオ走行を開始しました [シナリオ名: ログイン]
[ADMIN] 10:56:18.468675 シナリオ走行を終了しました [シナリオ名: ログイン]
[ADMIN] 10:56:18.468689 シナリオ走行を開始しました [シナリオ名: ログイン]
[ADMIN] 10:56:18.509086 シナリオ走行を終了しました [シナリオ名: ログイン]
[ADMIN] 10:56:18.509099 シナリオ走行を開始しました [シナリオ名: ログイン]
[ADMIN] 10:56:18.543127 シナリオ走行を終了しました [シナリオ名: ログイン]
[ADMIN] 10:56:18.543141 シナリオ走行を開始しました [シナリオ名: ログイン]
[ADMIN] 10:56:18.565660 シナリオ走行を終了しました [シナリオ名: ログイン]
[ADMIN] 10:56:18.565670 シナリオ走行を開始しました [シナリオ名: ログイン]
[ADMIN] 10:56:18.578200 シナリオ走行を終了しました [シナリオ名: ログイン]
[ADMIN] 10:56:18.578212 シナリオ走行を開始しました [シナリオ名: ログイン]
[ADMIN] 10:56:18.617129 シナリオ走行を終了しました [シナリオ名: ログイン]
[ADMIN] 10:56:18.617141 シナリオ走行を開始しました [シナリオ名: ログイン]
[ADMIN] 10:56:18.618247 シナリオ走行を終了しました [シナリオ名: ログイン]
[ADMIN] 10:56:18.618257 シナリオ走行を開始しました [シナリオ名: ログイン]
[ADMIN] 10:56:18.694756 シナリオ走行を終了しました [シナリオ名: ログイン]
[ADMIN] 10:56:18.694773 シナリオ走行を開始しました [シナリオ名: ログイン]
[ADMIN] 10:56:18.700239 シナリオ走行を終了しました [シナリオ名: Banユーザログイン]
[ADMIN] 10:56:18.700256 シナリオ走行を開始しました [シナリオ名: Banユーザログイン]
[ADMIN] 10:56:18.717713 シナリオ走行を終了しました [シナリオ名: Banユーザログイン]
[ADMIN] 10:56:18.717729 シナリオ走行を開始しました [シナリオ名: Banユーザログイン]
[ADMIN] 10:56:18.721146 シナリオ走行を終了しました [シナリオ名: Banユーザログイン]
[ADMIN] 10:56:18.721160 シナリオ走行を開始しました [シナリオ名: Banユーザログイン]
[ADMIN] 10:56:18.729587 シナリオ走行を終了しました [シナリオ名: Banユーザログイン]
[ADMIN] 10:56:18.729601 シナリオ走行を開始しました [シナリオ名: Banユーザログイン]
[ADMIN] 10:56:18.740109 シナリオ走行を終了しました [シナリオ名: ログイン]
[ADMIN] 10:56:18.740126 シナリオ走行を開始しました [シナリオ名: ログイン]
[ADMIN] 10:56:18.741521 シナリオ走行を終了しました [シナリオ名: Banユーザログイン]
[ADMIN] 10:56:18.741533 シナリオ走行を開始しました [シナリオ名: Banユーザログイン]
[ADMIN] 10:56:18.750078 シナリオ走行を終了しました [シナリオ名: Banユーザログイン]
[ADMIN] 10:56:18.750091 シナリオ走行を開始しました [シナリオ名: Banユーザログイン]
[ADMIN] 10:56:18.760318 シナリオ走行を終了しました [シナリオ名: ログイン]
[ADMIN] 10:56:18.760328 シナリオ走行を開始しました [シナリオ名: ログイン]
[ADMIN] 10:56:18.796599 シナリオ走行を終了しました [シナリオ名: ログイン]
[ADMIN] 10:56:18.796613 シナリオ走行を開始しました [シナリオ名: ログイン]
[ADMIN] 10:56:18.799317 シナリオ走行を終了しました [シナリオ名: ログイン]
[ADMIN] 10:56:18.799327 シナリオ走行を開始しました [シナリオ名: ログイン]
[ADMIN] 10:56:18.852011 シナリオ走行を終了しました [シナリオ名: ログイン]
[ADMIN] 10:56:18.852021 シナリオ走行を開始しました [シナリオ名: ログイン]
[ADMIN] 10:56:18.892875 シナリオ走行を終了しました [シナリオ名: ログイン]
[ADMIN] 10:56:18.892888 シナリオ走行を開始しました [シナリオ名: ログイン]
[ADMIN] 10:56:18.905451 シナリオ走行を終了しました [シナリオ名: ログイン]
[ADMIN] 10:56:18.905461 シナリオ走行を開始しました [シナリオ名: ログイン]
[ADMIN] 10:56:18.910181 シナリオ走行を終了しました [シナリオ名: ログイン]
[ADMIN] 10:56:18.910191 シナリオ走行を開始しました [シナリオ名: ログイン]
[ADMIN] 10:56:18.927511 シナリオ走行を終了しました [シナリオ名: ログイン]
[ADMIN] 10:56:18.927522 シナリオ走行を開始しました [シナリオ名: ログイン]
[ADMIN] 10:56:18.949276 シナリオ走行を終了しました [シナリオ名: ログイン]
[ADMIN] 10:56:18.949286 シナリオ走行を開始しました [シナリオ名: ログイン]
[ADMIN] 10:56:18.975555 シナリオ走行を終了しました [シナリオ名: ログイン]
[ADMIN] 10:56:18.975565 シナリオ走行を開始しました [シナリオ名: ログイン]
[ADMIN] 10:56:18.999315 シナリオ走行を終了しました [シナリオ名: ログイン]
[ADMIN] 10:56:18.999324 シナリオ走行を開始しました [シナリオ名: ログイン]
[ADMIN] 10:56:19.056471 シナリオ走行を終了しました [シナリオ名: ログイン]
[ADMIN] 10:56:19.056482 シナリオ走行を開始しました [シナリオ名: ログイン]
[ADMIN] 10:56:19.066811 シナリオ走行を終了しました [シナリオ名: ログイン]
[ADMIN] 10:56:19.066827 シナリオ走行を開始しました [シナリオ名: ログイン]
[ADMIN] 10:56:19.107038 シナリオ走行を終了しました [シナリオ名: ログイン]
[ADMIN] 10:56:19.107052 シナリオ走行を開始しました [シナリオ名: ログイン]
[ADMIN] 10:56:19.160199 シナリオ走行を終了しました [シナリオ名: ログイン]
[ADMIN] 10:56:19.160215 シナリオ走行を開始しました [シナリオ名: ログイン]
[ADMIN] 10:56:19.185698 シナリオ走行を終了しました [シナリオ名: ログイン]
[ADMIN] 10:56:19.185709 シナリオ走行を開始しました [シナリオ名: ログイン]
[ADMIN] 10:56:19.188081 シナリオ走行を終了しました [シナリオ名: ログイン]
[ADMIN] 10:56:19.188091 シナリオ走行を開始しました [シナリオ名: ログイン]
[ADMIN] 10:56:19.197736 シナリオ走行を終了しました [シナリオ名: ログイン]
[ADMIN] 10:56:19.197745 シナリオ走行を開始しました [シナリオ名: ログイン]
[ADMIN] 10:56:19.257780 シナリオ走行を終了しました [シナリオ名: Banユーザログイン]
[ADMIN] 10:56:19.257803 シナリオ走行を開始しました [シナリオ名: Banユーザログイン]
[ADMIN] 10:56:19.267256 シナリオ走行を終了しました [シナリオ名: Banユーザログイン]
[ADMIN] 10:56:19.267273 シナリオ走行を開始しました [シナリオ名: Banユーザログイン]
[ADMIN] 10:56:19.276533 シナリオ走行を終了しました [シナリオ名: Banユーザログイン]
[ADMIN] 10:56:19.276547 シナリオ走行を開始しました [シナリオ名: Banユーザログイン]
[ADMIN] 10:56:19.278979 シナリオ走行を終了しました [シナリオ名: Banユーザログイン]
[ADMIN] 10:56:19.278993 シナリオ走行を開始しました [シナリオ名: Banユーザログイン]
[ADMIN] 10:56:19.288279 シナリオ走行を終了しました [シナリオ名: Banユーザログイン]
[ADMIN] 10:56:19.288293 シナリオ走行を開始しました [シナリオ名: Banユーザログイン]
[ADMIN] 10:56:19.365146 シナリオ走行を終了しました [シナリオ名: Banユーザログイン]
[ADMIN] 10:56:19.365159 シナリオ走行を開始しました [シナリオ名: Banユーザログイン]
[ADMIN] 10:56:19.390216 シナリオ走行を終了しました [シナリオ名: ログイン]
[ADMIN] 10:56:19.390226 シナリオ走行を開始しました [シナリオ名: ログイン]
[ADMIN] 10:56:19.407459 シナリオ走行を終了しました [シナリオ名: ログイン]
[ADMIN] 10:56:19.407468 シナリオ走行を開始しました [シナリオ名: ログイン]
[ADMIN] 10:56:19.423212 シナリオ走行を終了しました [シナリオ名: ログイン]
[ADMIN] 10:56:19.423223 シナリオ走行を開始しました [シナリオ名: ログイン]
[ADMIN] 10:56:19.497230 シナリオ走行を終了しました [シナリオ名: ログイン]
[ADMIN] 10:56:19.497241 シナリオ走行を開始しました [シナリオ名: ログイン]
[ADMIN] 10:56:19.589989 シナリオ走行を終了しました [シナリオ名: 新規ユーザー登録]
[ADMIN] 10:56:19.590008 シナリオ走行を開始しました [シナリオ名: 新規ユーザー登録]
[ADMIN] 10:56:19.627321 シナリオ走行を終了しました [シナリオ名: 新規ユーザー登録]
[ADMIN] 10:56:19.627340 シナリオ走行を開始しました [シナリオ名: 新規ユーザー登録]
[ADMIN] 10:56:19.632804 シナリオ走行を終了しました [シナリオ名: 新規ユーザー登録]
[ADMIN] 10:56:19.632823 シナリオ走行を開始しました [シナリオ名: 新規ユーザー登録]
[ADMIN] 10:56:19.668438 シナリオ走行を終了しました [シナリオ名: ログイン]
[ADMIN] 10:56:19.668453 シナリオ走行を開始しました [シナリオ名: ログイン]
[ADMIN] 10:56:19.668507 シナリオ走行を終了しました [シナリオ名: ログイン]
[ADMIN] 10:56:19.668531 シナリオ走行を開始しました [シナリオ名: ログイン]
[ADMIN] 10:56:19.680084 シナリオ走行を終了しました [シナリオ名: 新規ユーザー登録]
[ADMIN] 10:56:19.680112 シナリオ走行を開始しました [シナリオ名: 新規ユーザー登録]
[ADMIN] 10:56:19.695871 シナリオ走行を終了しました [シナリオ名: ログイン]
[ADMIN] 10:56:19.695881 シナリオ走行を開始しました [シナリオ名: ログイン]
[ADMIN] 10:56:19.707746 シナリオ走行を終了しました [シナリオ名: ログイン]
[ADMIN] 10:56:19.707755 シナリオ走行を開始しました [シナリオ名: ログイン]
[ADMIN] 10:56:19.723186 シナリオ走行を終了しました [シナリオ名: ログイン]
[ADMIN] 10:56:19.723200 シナリオ走行を開始しました [シナリオ名: ログイン]
[ADMIN] 10:56:19.768491 シナリオ走行を終了しました [シナリオ名: ログイン]
[ADMIN] 10:56:19.768505 シナリオ走行を開始しました [シナリオ名: ログイン]
[ADMIN] 10:56:19.775628 シナリオ走行を終了しました [シナリオ名: ログイン]
[ADMIN] 10:56:19.775639 シナリオ走行を開始しました [シナリオ名: ログイン]
[ADMIN] 10:56:19.795092 シナリオ走行を終了しました [シナリオ名: 新規ユーザー登録]
[ADMIN] 10:56:19.795119 シナリオ走行を開始しました [シナリオ名: 新規ユーザー登録]
[ADMIN] 10:56:19.817331 シナリオ走行を終了しました [シナリオ名: Banユーザログイン]
[ADMIN] 10:56:19.817350 シナリオ走行を開始しました [シナリオ名: Banユーザログイン]
[ADMIN] 10:56:19.825313 シナリオ走行を終了しました [シナリオ名: Banユーザログイン]
[ADMIN] 10:56:19.825328 シナリオ走行を開始しました [シナリオ名: Banユーザログイン]
[ADMIN] 10:56:19.833819 シナリオ走行を終了しました [シナリオ名: Banユーザログイン]
[ADMIN] 10:56:19.833838 シナリオ走行を開始しました [シナリオ名: Banユーザログイン]
[ADMIN] 10:56:19.840721 シナリオ走行を終了しました [シナリオ名: Banユーザログイン]
[ADMIN] 10:56:19.840736 シナリオ走行を開始しました [シナリオ名: Banユーザログイン]
[ADMIN] 10:56:19.841773 シナリオ走行を終了しました [シナリオ名: ログイン]
[ADMIN] 10:56:19.841781 シナリオ走行を開始しました [シナリオ名: ログイン]
[ADMIN] 10:56:19.860925 シナリオ走行を終了しました [シナリオ名: 新規ユーザー登録]
[ADMIN] 10:56:19.860951 シナリオ走行を開始しました [シナリオ名: 新規ユーザー登録]
[ADMIN] 10:56:19.890401 シナリオ走行を終了しました [シナリオ名: Banユーザログイン]
[ADMIN] 10:56:19.890418 シナリオ走行を開始しました [シナリオ名: Banユーザログイン]
[ADMIN] 10:56:19.892525 シナリオ走行を終了しました [シナリオ名: 新規ユーザー登録]
[ADMIN] 10:56:19.892549 シナリオ走行を開始しました [シナリオ名: 新規ユーザー登録]
[ADMIN] 10:56:19.895533 シナリオ走行を終了しました [シナリオ名: 新規ユーザー登録]
[ADMIN] 10:56:19.895550 シナリオ走行を開始しました [シナリオ名: 新規ユーザー登録]
[ADMIN] 10:56:19.897155 シナリオ走行を終了しました [シナリオ名: ログイン]
[ADMIN] 10:56:19.897165 シナリオ走行を開始しました [シナリオ名: ログイン]
[ADMIN] 10:56:19.905598 シナリオ走行を終了しました [シナリオ名: Banユーザログイン]
[ADMIN] 10:56:19.905614 シナリオ走行を開始しました [シナリオ名: Banユーザログイン]
[ADMIN] 10:56:19.933083 シナリオ走行を終了しました [シナリオ名: ログイン]
[ADMIN] 10:56:19.933094 シナリオ走行を開始しました [シナリオ名: ログイン]
[ADMIN] 10:56:19.942831 シナリオ走行を終了しました [シナリオ名: 新規ユーザー登録]
[ADMIN] 10:56:19.942855 シナリオ走行を開始しました [シナリオ名: 新規ユーザー登録]
[ADMIN] 10:56:20.020824 シナリオ走行を終了しました [シナリオ名: 新規ユーザー登録]
[ADMIN] 10:56:20.020846 シナリオ走行を開始しました [シナリオ名: 新規ユーザー登録]
[ADMIN] 10:56:20.026169 シナリオ走行を終了しました [シナリオ名: ログイン]
[ADMIN] 10:56:20.026179 シナリオ走行を開始しました [シナリオ名: ログイン]
[ADMIN] 10:56:20.063160 シナリオ走行を終了しました [シナリオ名: ログイン]
[ADMIN] 10:56:20.063184 シナリオ走行を開始しました [シナリオ名: ログイン]
[ADMIN] 10:56:20.109153 シナリオ走行を終了しました [シナリオ名: 新規ユーザー登録]
[ADMIN] 10:56:20.109176 シナリオ走行を開始しました [シナリオ名: 新規ユーザー登録]
[ADMIN] 10:56:20.132821 シナリオ走行を終了しました [シナリオ名: ログイン]
[ADMIN] 10:56:20.132832 シナリオ走行を開始しました [シナリオ名: ログイン]
[ADMIN] 10:56:20.158832 シナリオ走行を終了しました [シナリオ名: 新規ユーザー登録]
[ADMIN] 10:56:20.158852 シナリオ走行を開始しました [シナリオ名: 新規ユーザー登録]
[ADMIN] 10:56:20.170340 シナリオ走行を終了しました [シナリオ名: ログイン]
[ADMIN] 10:56:20.170350 シナリオ走行を開始しました [シナリオ名: ログイン]
[ADMIN] 10:56:20.202877 シナリオ走行を終了しました [シナリオ名: ログイン]
[ADMIN] 10:56:20.202889 シナリオ走行を開始しました [シナリオ名: ログイン]
[ADMIN] 10:56:20.205927 シナリオ走行を終了しました [シナリオ名: ログイン]
[ADMIN] 10:56:20.205935 シナリオ走行を開始しました [シナリオ名: ログイン]
[ADMIN] 10:56:20.240274 シナリオ走行を終了しました [シナリオ名: ログイン]
[ADMIN] 10:56:20.240285 シナリオ走行を開始しました [シナリオ名: ログイン]
[ADMIN] 10:56:20.302743 シナリオ走行を終了しました [シナリオ名: ログイン]
[ADMIN] 10:56:20.302755 シナリオ走行を開始しました [シナリオ名: ログイン]
[ADMIN] 10:56:20.324130 シナリオ走行を終了しました [シナリオ名: 新規ユーザー登録]
[ADMIN] 10:56:20.324152 シナリオ走行を開始しました [シナリオ名: 新規ユーザー登録]
[ADMIN] 10:56:20.324161 シナリオ走行を終了しました [シナリオ名: 新規ユーザー登録]
[ADMIN] 10:56:20.324179 シナリオ走行を開始しました [シナリオ名: 新規ユーザー登録]
[ADMIN] 10:56:20.324404 シナリオ走行を終了しました [シナリオ名: ログイン]
[ADMIN] 10:56:20.324457 シナリオ走行を開始しました [シナリオ名: ログイン]
[ADMIN] 10:56:20.335341 シナリオ走行を終了しました [シナリオ名: ログイン]
[ADMIN] 10:56:20.335351 シナリオ走行を開始しました [シナリオ名: ログイン]
[ADMIN] 10:56:20.340196 シナリオ走行を終了しました [シナリオ名: Banユーザログイン]
[ADMIN] 10:56:20.340209 シナリオ走行を開始しました [シナリオ名: Banユーザログイン]
[ADMIN] 10:56:20.351471 シナリオ走行を終了しました [シナリオ名: Banユーザログイン]
[ADMIN] 10:56:20.351484 シナリオ走行を開始しました [シナリオ名: Banユーザログイン]
[ADMIN] 10:56:20.355539 シナリオ走行を終了しました [シナリオ名: 新規ユーザー登録]
[ADMIN] 10:56:20.355553 シナリオ走行を開始しました [シナリオ名: 新規ユーザー登録]
[ADMIN] 10:56:20.367314 シナリオ走行を終了しました [シナリオ名: ログイン]
[ADMIN] 10:56:20.367322 シナリオ走行を開始しました [シナリオ名: ログイン]
[ADMIN] 10:56:20.378896 シナリオ走行を終了しました [シナリオ名: Banユーザログイン]
[ADMIN] 10:56:20.378912 シナリオ走行を開始しました [シナリオ名: Banユーザログイン]
[ADMIN] 10:56:20.380018 シナリオ走行を終了しました [シナリオ名: ログイン]
[ADMIN] 10:56:20.380024 シナリオ走行を開始しました [シナリオ名: ログイン]
[ADMIN] 10:56:20.382762 シナリオ走行を終了しました [シナリオ名: ログイン]
[ADMIN] 10:56:20.382771 シナリオ走行を開始しました [シナリオ名: ログイン]
[ADMIN] 10:56:20.384611 シナリオ走行を終了しました [シナリオ名: ログイン]
[ADMIN] 10:56:20.384620 シナリオ走行を開始しました [シナリオ名: ログイン]
[ADMIN] 10:56:20.400385 シナリオ走行を終了しました [シナリオ名: ログイン]
[ADMIN] 10:56:20.400393 シナリオ走行を開始しました [シナリオ名: ログイン]
[ADMIN] 10:56:20.411429 シナリオ走行を終了しました [シナリオ名: Banユーザログイン]
[ADMIN] 10:56:20.411443 シナリオ走行を開始しました [シナリオ名: Banユーザログイン]
[ADMIN] 10:56:20.437381 シナリオ走行を終了しました [シナリオ名: Banユーザログイン]
[ADMIN] 10:56:20.437397 シナリオ走行を開始しました [シナリオ名: Banユーザログイン]
[ADMIN] 10:56:20.458587 シナリオ走行を終了しました [シナリオ名: 新規ユーザー登録]
[ADMIN] 10:56:20.458608 シナリオ走行を開始しました [シナリオ名: 新規ユーザー登録]
[ADMIN] 10:56:20.480983 シナリオ走行を終了しました [シナリオ名: ログイン]
[ADMIN] 10:56:20.480991 シナリオ走行を開始しました [シナリオ名: ログイン]
[ADMIN] 10:56:20.492395 シナリオ走行を終了しました [シナリオ名: Banユーザログイン]
[ADMIN] 10:56:20.492408 シナリオ走行を開始しました [シナリオ名: Banユーザログイン]
[ADMIN] 10:56:20.547957 シナリオ走行を終了しました [シナリオ名: ログイン]
[ADMIN] 10:56:20.547966 シナリオ走行を開始しました [シナリオ名: ログイン]
[ADMIN] 10:56:20.566321 シナリオ走行を終了しました [シナリオ名: ログイン]
[ADMIN] 10:56:20.566331 シナリオ走行を開始しました [シナリオ名: ログイン]
[ADMIN] 10:56:20.571711 シナリオ走行を終了しました [シナリオ名: ログイン]
[ADMIN] 10:56:20.571721 シナリオ走行を開始しました [シナリオ名: ログイン]
[ADMIN] 10:56:20.571886 シナリオ走行を終了しました [シナリオ名: ログイン]
[ADMIN] 10:56:20.571895 シナリオ走行を開始しました [シナリオ名: ログイン]
[ADMIN] 10:56:20.595470 シナリオ走行を終了しました [シナリオ名: 新規ユーザー登録]
[ADMIN] 10:56:20.595488 シナリオ走行を開始しました [シナリオ名: 新規ユーザー登録]
[ADMIN] 10:56:20.602272 シナリオ走行を終了しました [シナリオ名: ログイン]
[ADMIN] 10:56:20.602281 シナリオ走行を開始しました [シナリオ名: ログイン]
[ADMIN] 10:56:20.605124 シナリオ走行を終了しました [シナリオ名: 新規ユーザー登録]
[ADMIN] 10:56:20.605139 シナリオ走行を開始しました [シナリオ名: 新規ユーザー登録]
[ADMIN] 10:56:20.617323 シナリオ走行を終了しました [シナリオ名: 新規ユーザー登録]
[ADMIN] 10:56:20.617338 シナリオ走行を開始しました [シナリオ名: 新規ユーザー登録]
[ADMIN] 10:56:20.619650 シナリオ走行を終了しました [シナリオ名: ログイン]
[ADMIN] 10:56:20.619658 シナリオ走行を開始しました [シナリオ名: ログイン]
[ADMIN] 10:56:20.626159 シナリオ走行を終了しました [シナリオ名: ログイン]
[ADMIN] 10:56:20.626168 シナリオ走行を開始しました [シナリオ名: ログイン]
[ADMIN] 10:56:20.663058 シナリオ走行を終了しました [シナリオ名: ログイン]
[ADMIN] 10:56:20.663070 シナリオ走行を開始しました [シナリオ名: ログイン]
[ADMIN] 10:56:20.680098 シナリオ走行を終了しました [シナリオ名: ログイン]
[ADMIN] 10:56:20.680110 シナリオ走行を開始しました [シナリオ名: ログイン]
[ADMIN] 10:56:20.702981 シナリオ走行を終了しました [シナリオ名: 新規ユーザー登録]
[ADMIN] 10:56:20.703011 シナリオ走行を開始しました [シナリオ名: 新規ユーザー登録]
[ADMIN] 10:56:20.726757 シナリオ走行を終了しました [シナリオ名: ログイン]
[ADMIN] 10:56:20.726770 シナリオ走行を開始しました [シナリオ名: ログイン]
[ADMIN] 10:56:20.746140 シナリオ走行を終了しました [シナリオ名: ログイン]
[ADMIN] 10:56:20.746153 シナリオ走行を開始しました [シナリオ名: ログイン]
[ADMIN] 10:56:20.767216 シナリオ走行を終了しました [シナリオ名: ログイン]
[ADMIN] 10:56:20.767229 シナリオ走行を開始しました [シナリオ名: ログイン]
[ADMIN] 10:56:20.795908 シナリオ走行を終了しました [シナリオ名: ログイン]
[ADMIN] 10:56:20.795921 シナリオ走行を開始しました [シナリオ名: ログイン]
[ADMIN] 10:56:20.804283 シナリオ走行を終了しました [シナリオ名: ログイン]
[ADMIN] 10:56:20.804294 シナリオ走行を開始しました [シナリオ名: ログイン]
[ADMIN] 10:56:20.804921 シナリオ走行を終了しました [シナリオ名: ログイン]
[ADMIN] 10:56:20.804931 シナリオ走行を開始しました [シナリオ名: ログイン]
[ADMIN] 10:56:20.849920 シナリオ走行を終了しました [シナリオ名: ログイン]
[ADMIN] 10:56:20.849933 シナリオ走行を開始しました [シナリオ名: ログイン]
[ADMIN] 10:56:20.854803 シナリオ走行を終了しました [シナリオ名: ログイン]
[ADMIN] 10:56:20.854814 シナリオ走行を開始しました [シナリオ名: ログイン]
[ADMIN] 10:56:20.860391 シナリオ走行を終了しました [シナリオ名: 新規ユーザー登録]
[ADMIN] 10:56:20.860408 シナリオ走行を開始しました [シナリオ名: 新規ユーザー登録]
[ADMIN] 10:56:20.886479 シナリオ走行を終了しました [シナリオ名: ログイン]
[ADMIN] 10:56:20.886490 シナリオ走行を開始しました [シナリオ名: ログイン]
[ADMIN] 10:56:20.897976 シナリオ走行を終了しました [シナリオ名: Banユーザログイン]
[ADMIN] 10:56:20.897992 シナリオ走行を開始しました [シナリオ名: Banユーザログイン]
[ADMIN] 10:56:20.901112 シナリオ走行を終了しました [シナリオ名: Banユーザログイン]
[ADMIN] 10:56:20.901127 シナリオ走行を開始しました [シナリオ名: Banユーザログイン]
[ADMIN] 10:56:20.915192 シナリオ走行を終了しました [シナリオ名: Banユーザログイン]
[ADMIN] 10:56:20.915203 シナリオ走行を開始しました [シナリオ名: Banユーザログイン]
[ADMIN] 10:56:20.931166 シナリオ走行を終了しました [シナリオ名: ログイン]
[ADMIN] 10:56:20.931174 シナリオ走行を開始しました [シナリオ名: ログイン]
[ADMIN] 10:56:20.936457 シナリオ走行を終了しました [シナリオ名: Banユーザログイン]
[ADMIN] 10:56:20.936469 シナリオ走行を開始しました [シナリオ名: Banユーザログイン]
[ADMIN] 10:56:20.946760 シナリオ走行を終了しました [シナリオ名: ログイン]
[ADMIN] 10:56:20.946770 シナリオ走行を開始しました [シナリオ名: ログイン]
[ADMIN] 10:56:20.953034 シナリオ走行を終了しました [シナリオ名: Banユーザログイン]
[ADMIN] 10:56:20.953049 シナリオ走行を開始しました [シナリオ名: Banユーザログイン]
[ADMIN] 10:56:20.955943 シナリオ走行を終了しました [シナリオ名: ログイン]
[ADMIN] 10:56:20.955953 シナリオ走行を開始しました [シナリオ名: ログイン]
[ADMIN] 10:56:21.006032 シナリオ走行を終了しました [シナリオ名: ログイン]
[ADMIN] 10:56:21.006041 シナリオ走行を開始しました [シナリオ名: ログイン]
[ADMIN] 10:56:21.065324 シナリオ走行を終了しました [シナリオ名: Banユーザログイン]
[ADMIN] 10:56:21.065341 シナリオ走行を開始しました [シナリオ名: Banユーザログイン]
[ADMIN] 10:56:21.144985 シナリオ走行を終了しました [シナリオ名: ログイン]
[ADMIN] 10:56:21.144993 シナリオ走行を開始しました [シナリオ名: ログイン]
[ADMIN] 10:56:21.261367 シナリオ走行を終了しました [シナリオ名: ログイン]
[ADMIN] 10:56:21.261377 シナリオ走行を開始しました [シナリオ名: ログイン]
[ADMIN] 10:56:21.353847 シナリオ走行を終了しました [シナリオ名: ログイン]
[ADMIN] 10:56:21.353859 シナリオ走行を開始しました [シナリオ名: ログイン]
[ADMIN] 10:56:21.407201 シナリオ走行を終了しました [シナリオ名: ログイン]
[ADMIN] 10:56:21.407214 シナリオ走行を開始しました [シナリオ名: ログイン]
[ADMIN] 10:56:21.431656 シナリオ走行を終了しました [シナリオ名: Banユーザログイン]
[ADMIN] 10:56:21.431679 シナリオ走行を開始しました [シナリオ名: Banユーザログイン]
[ADMIN] 10:56:21.450323 シナリオ走行を終了しました [シナリオ名: Banユーザログイン]
[ADMIN] 10:56:21.450343 シナリオ走行を開始しました [シナリオ名: Banユーザログイン]
[ADMIN] 10:56:21.461589 シナリオ走行を終了しました [シナリオ名: Banユーザログイン]
[ADMIN] 10:56:21.461607 シナリオ走行を開始しました [シナリオ名: Banユーザログイン]
[ADMIN] 10:56:21.476622 シナリオ走行を終了しました [シナリオ名: Banユーザログイン]
[ADMIN] 10:56:21.476638 シナリオ走行を開始しました [シナリオ名: Banユーザログイン]
[ADMIN] 10:56:21.481365 シナリオ走行を終了しました [シナリオ名: ログイン]
[ADMIN] 10:56:21.481375 シナリオ走行を開始しました [シナリオ名: ログイン]
[ADMIN] 10:56:21.491805 シナリオ走行を終了しました [シナリオ名: Banユーザログイン]
[ADMIN] 10:56:21.491820 シナリオ走行を開始しました [シナリオ名: Banユーザログイン]
[ADMIN] 10:56:21.518971 シナリオ走行を終了しました [シナリオ名: ログイン]
[ADMIN] 10:56:21.518983 シナリオ走行を開始しました [シナリオ名: ログイン]
[ADMIN] 10:56:21.535304 シナリオ走行を終了しました [シナリオ名: ログイン]
[ADMIN] 10:56:21.535315 シナリオ走行を開始しました [シナリオ名: ログイン]
[ADMIN] 10:56:21.555156 シナリオ走行を終了しました [シナリオ名: ログイン]
[ADMIN] 10:56:21.555169 シナリオ走行を開始しました [シナリオ名: ログイン]
[ADMIN] 10:56:21.587643 シナリオ走行を終了しました [シナリオ名: ログイン]
[ADMIN] 10:56:21.587655 シナリオ走行を開始しました [シナリオ名: ログイン]
[ADMIN] 10:56:21.608144 シナリオ走行を終了しました [シナリオ名: Banユーザログイン]
[ADMIN] 10:56:21.608159 シナリオ走行を開始しました [シナリオ名: Banユーザログイン]
[ADMIN] 10:56:21.707744 シナリオ走行を終了しました [シナリオ名: ログイン]
[ADMIN] 10:56:21.707760 シナリオ走行を開始しました [シナリオ名: ログイン]
[ADMIN] 10:56:21.744636 シナリオ走行を終了しました [シナリオ名: 新規ユーザー登録]
[ADMIN] 10:56:21.744664 シナリオ走行を開始しました [シナリオ名: 新規ユーザー登録]
[ADMIN] 10:56:21.814509 シナリオ走行を終了しました [シナリオ名: ログイン]
[ADMIN] 10:56:21.814525 シナリオ走行を開始しました [シナリオ名: ログイン]
[ADMIN] 10:56:21.848620 シナリオ走行を終了しました [シナリオ名: ログイン]
[ADMIN] 10:56:21.848634 シナリオ走行を開始しました [シナリオ名: ログイン]
[ADMIN] 10:56:21.877358 シナリオ走行を終了しました [シナリオ名: ログイン]
[ADMIN] 10:56:21.877368 シナリオ走行を開始しました [シナリオ名: ログイン]
[ADMIN] 10:56:21.919200 シナリオ走行を終了しました [シナリオ名: ログイン]
[ADMIN] 10:56:21.919210 シナリオ走行を開始しました [シナリオ名: ログイン]
[ADMIN] 10:56:21.919429 シナリオ走行を終了しました [シナリオ名: ログイン]
[ADMIN] 10:56:21.919439 シナリオ走行を開始しました [シナリオ名: ログイン]
[ADMIN] 10:56:21.974107 シナリオ走行を終了しました [シナリオ名: Banユーザログイン]
[ADMIN] 10:56:21.974119 シナリオ走行を開始しました [シナリオ名: Banユーザログイン]
[ADMIN] 10:56:21.987194 シナリオ走行を終了しました [シナリオ名: ログイン]
[ADMIN] 10:56:21.987202 シナリオ走行を開始しました [シナリオ名: ログイン]
[ADMIN] 10:56:21.987867 シナリオ走行を終了しました [シナリオ名: ログイン]
[ADMIN] 10:56:21.987874 シナリオ走行を開始しました [シナリオ名: ログイン]
[ADMIN] 10:56:21.998164 シナリオ走行を終了しました [シナリオ名: ログイン]
[ADMIN] 10:56:21.998171 シナリオ走行を開始しました [シナリオ名: ログイン]
[ADMIN] 10:56:21.999969 シナリオ走行を終了しました [シナリオ名: ログイン]
[ADMIN] 10:56:21.999978 シナリオ走行を開始しました [シナリオ名: ログイン]
[ADMIN] 10:56:22.003112 シナリオ走行を終了しました [シナリオ名: Banユーザログイン]
[ADMIN] 10:56:22.003124 シナリオ走行を開始しました [シナリオ名: Banユーザログイン]
[ADMIN] 10:56:22.013240 シナリオ走行を終了しました [シナリオ名: Banユーザログイン]
[ADMIN] 10:56:22.013254 シナリオ走行を開始しました [シナリオ名: Banユーザログイン]
[ADMIN] 10:56:22.032952 シナリオ走行を終了しました [シナリオ名: Banユーザログイン]
[ADMIN] 10:56:22.032965 シナリオ走行を開始しました [シナリオ名: Banユーザログイン]
[ADMIN] 10:56:22.041492 シナリオ走行を終了しました [シナリオ名: 新規ユーザー登録]
[ADMIN] 10:56:22.041513 シナリオ走行を開始しました [シナリオ名: 新規ユーザー登録]
[ADMIN] 10:56:22.044945 シナリオ走行を終了しました [シナリオ名: Banユーザログイン]
[ADMIN] 10:56:22.044961 シナリオ走行を開始しました [シナリオ名: Banユーザログイン]
[ADMIN] 10:56:22.046506 シナリオ走行を終了しました [シナリオ名: ログイン]
[ADMIN] 10:56:22.046514 シナリオ走行を開始しました [シナリオ名: ログイン]
[ADMIN] 10:56:22.047424 シナリオ走行を終了しました [シナリオ名: ログイン]
[ADMIN] 10:56:22.047444 シナリオ走行を開始しました [シナリオ名: ログイン]
[ADMIN] 10:56:22.051549 シナリオ走行を終了しました [シナリオ名: ログイン]
[ADMIN] 10:56:22.051558 シナリオ走行を開始しました [シナリオ名: ログイン]
[ADMIN] 10:56:22.062007 シナリオ走行を終了しました [シナリオ名: ログイン]
[ADMIN] 10:56:22.062015 シナリオ走行を開始しました [シナリオ名: ログイン]
[ADMIN] 10:56:22.069568 シナリオ走行を終了しました [シナリオ名: ログイン]
[ADMIN] 10:56:22.069578 シナリオ走行を開始しました [シナリオ名: ログイン]
[ADMIN] 10:56:22.073727 シナリオ走行を終了しました [シナリオ名: ログイン]
[ADMIN] 10:56:22.073735 シナリオ走行を開始しました [シナリオ名: ログイン]
[ADMIN] 10:56:22.082715 シナリオ走行を終了しました [シナリオ名: 新規ユーザー登録]
[ADMIN] 10:56:22.082730 シナリオ走行を開始しました [シナリオ名: 新規ユーザー登録]
[ADMIN] 10:56:22.117115 シナリオ走行を終了しました [シナリオ名: ログイン]
[ADMIN] 10:56:22.117123 シナリオ走行を開始しました [シナリオ名: ログイン]
[ADMIN] 10:56:22.173928 シナリオ走行を終了しました [シナリオ名: Banユーザログイン]
[ADMIN] 10:56:22.173945 シナリオ走行を開始しました [シナリオ名: Banユーザログイン]
[ADMIN] 10:56:22.201839 シナリオ走行を終了しました [シナリオ名: ログイン]
[ADMIN] 10:56:22.201851 シナリオ走行を開始しました [シナリオ名: ログイン]
[ADMIN] 10:56:22.209535 シナリオ走行を終了しました [シナリオ名: ログイン]
[ADMIN] 10:56:22.209546 シナリオ走行を開始しました [シナリオ名: ログイン]
[ADMIN] 10:56:22.238876 シナリオ走行を終了しました [シナリオ名: 新規ユーザー登録]
[ADMIN] 10:56:22.238904 シナリオ走行を開始しました [シナリオ名: 新規ユーザー登録]
[ADMIN] 10:56:22.309445 シナリオ走行を終了しました [シナリオ名: ログイン]
[ADMIN] 10:56:22.309459 シナリオ走行を開始しました [シナリオ名: ログイン]
[ADMIN] 10:56:22.336222 シナリオ走行を終了しました [シナリオ名: ログイン]
[ADMIN] 10:56:22.336236 シナリオ走行を開始しました [シナリオ名: ログイン]
[ADMIN] 10:56:22.389673 シナリオ走行を終了しました [シナリオ名: 新規ユーザー登録]
[ADMIN] 10:56:22.389702 シナリオ走行を開始しました [シナリオ名: 新規ユーザー登録]
[ADMIN] 10:56:22.404921 シナリオ走行を終了しました [シナリオ名: ログイン]
[ADMIN] 10:56:22.404933 シナリオ走行を開始しました [シナリオ名: ログイン]
[ADMIN] 10:56:22.410395 シナリオ走行を終了しました [シナリオ名: ログイン]
[ADMIN] 10:56:22.410405 シナリオ走行を開始しました [シナリオ名: ログイン]
[ADMIN] 10:56:22.424343 シナリオ走行を終了しました [シナリオ名: ログイン]
[ADMIN] 10:56:22.424353 シナリオ走行を開始しました [シナリオ名: ログイン]
[ADMIN] 10:56:22.487947 シナリオ走行を終了しました [シナリオ名: 新規ユーザー登録]
[ADMIN] 10:56:22.487969 シナリオ走行を開始しました [シナリオ名: 新規ユーザー登録]
[ADMIN] 10:56:22.518835 シナリオ走行を終了しました [シナリオ名: ログイン]
[ADMIN] 10:56:22.518849 シナリオ走行を開始しました [シナリオ名: ログイン]
[ADMIN] 10:56:22.522382 シナリオ走行を終了しました [シナリオ名: ログイン]
[ADMIN] 10:56:22.522391 シナリオ走行を開始しました [シナリオ名: ログイン]
[ADMIN] 10:56:22.524830 シナリオ走行を終了しました [シナリオ名: Banユーザログイン]
[ADMIN] 10:56:22.524846 シナリオ走行を開始しました [シナリオ名: Banユーザログイン]
[ADMIN] 10:56:22.539765 シナリオ走行を終了しました [シナリオ名: Banユーザログイン]
[ADMIN] 10:56:22.539779 シナリオ走行を開始しました [シナリオ名: Banユーザログイン]
[ADMIN] 10:56:22.542901 シナリオ走行を終了しました [シナリオ名: ログイン]
[ADMIN] 10:56:22.542911 シナリオ走行を開始しました [シナリオ名: ログイン]
[ADMIN] 10:56:22.562071 シナリオ走行を終了しました [シナリオ名: Banユーザログイン]
[ADMIN] 10:56:22.562089 シナリオ走行を開始しました [シナリオ名: Banユーザログイン]
[ADMIN] 10:56:22.567536 シナリオ走行を終了しました [シナリオ名: Banユーザログイン]
[ADMIN] 10:56:22.567551 シナリオ走行を終了しました [シナリオ名: 新規ユーザー登録]
[ADMIN] 10:56:22.567552 シナリオ走行を開始しました [シナリオ名: Banユーザログイン]
[ADMIN] 10:56:22.567572 シナリオ走行を開始しました [シナリオ名: 新規ユーザー登録]
[ADMIN] 10:56:22.575710 シナリオ走行を終了しました [シナリオ名: Banユーザログイン]
[ADMIN] 10:56:22.575722 シナリオ走行を開始しました [シナリオ名: Banユーザログイン]
[ADMIN] 10:56:22.585854 シナリオ走行を終了しました [シナリオ名: ログイン]
[ADMIN] 10:56:22.585865 シナリオ走行を開始しました [シナリオ名: ログイン]
[ADMIN] 10:56:22.599760 シナリオ走行を終了しました [シナリオ名: 新規ユーザー登録]
[ADMIN] 10:56:22.599781 シナリオ走行を開始しました [シナリオ名: 新規ユーザー登録]
[ADMIN] 10:56:22.603976 シナリオ走行を終了しました [シナリオ名: ログイン]
[ADMIN] 10:56:22.603986 シナリオ走行を開始しました [シナリオ名: ログイン]
[ADMIN] 10:56:22.616174 シナリオ走行を終了しました [シナリオ名: ログイン]
[ADMIN] 10:56:22.616197 シナリオ走行を開始しました [シナリオ名: ログイン]
[ADMIN] 10:56:22.649479 シナリオ走行を終了しました [シナリオ名: ログイン]
[ADMIN] 10:56:22.649489 シナリオ走行を開始しました [シナリオ名: ログイン]
[ADMIN] 10:56:22.654558 シナリオ走行を終了しました [シナリオ名: 新規ユーザー登録]
[ADMIN] 10:56:22.654576 シナリオ走行を開始しました [シナリオ名: 新規ユーザー登録]
[ADMIN] 10:56:22.662520 シナリオ走行を終了しました [シナリオ名: 新規ユーザー登録]
[ADMIN] 10:56:22.662540 シナリオ走行を開始しました [シナリオ名: 新規ユーザー登録]
[ADMIN] 10:56:22.678927 シナリオ走行を終了しました [シナリオ名: 新規ユーザー登録]
[ADMIN] 10:56:22.678942 シナリオ走行を開始しました [シナリオ名: 新規ユーザー登録]
[ADMIN] 10:56:22.714005 シナリオ走行を終了しました [シナリオ名: 新規ユーザー登録]
[ADMIN] 10:56:22.714020 シナリオ走行を開始しました [シナリオ名: 新規ユーザー登録]
[ADMIN] 10:56:22.721448 シナリオ走行を終了しました [シナリオ名: ログイン]
[ADMIN] 10:56:22.721456 シナリオ走行を開始しました [シナリオ名: ログイン]
[ADMIN] 10:56:22.727108 シナリオ走行を終了しました [シナリオ名: ログイン]
[ADMIN] 10:56:22.727120 シナリオ走行を開始しました [シナリオ名: ログイン]
[ADMIN] 10:56:22.731130 シナリオ走行を終了しました [シナリオ名: Banユーザログイン]
[ADMIN] 10:56:22.731144 シナリオ走行を開始しました [シナリオ名: Banユーザログイン]
[ADMIN] 10:56:22.734513 シナリオ走行を終了しました [シナリオ名: 新規ユーザー登録]
[ADMIN] 10:56:22.734528 シナリオ走行を開始しました [シナリオ名: 新規ユーザー登録]
[ADMIN] 10:56:22.846319 シナリオ走行を終了しました [シナリオ名: 新規ユーザー登録]
[ADMIN] 10:56:22.846342 シナリオ走行を開始しました [シナリオ名: 新規ユーザー登録]
[ADMIN] 10:56:22.851592 シナリオ走行を終了しました [シナリオ名: ログイン]
[ADMIN] 10:56:22.851601 シナリオ走行を開始しました [シナリオ名: ログイン]
[ADMIN] 10:56:22.861262 シナリオ走行を終了しました [シナリオ名: 新規ユーザー登録]
[ADMIN] 10:56:22.861277 シナリオ走行を開始しました [シナリオ名: 新規ユーザー登録]
[ADMIN] 10:56:22.876457 シナリオ走行を終了しました [シナリオ名: ログイン]
[ADMIN] 10:56:22.876466 シナリオ走行を開始しました [シナリオ名: ログイン]
[ADMIN] 10:56:22.891168 シナリオ走行を終了しました [シナリオ名: ログイン]
[ADMIN] 10:56:22.891178 シナリオ走行を開始しました [シナリオ名: ログイン]
[ADMIN] 10:56:22.929096 シナリオ走行を終了しました [シナリオ名: ログイン]
[ADMIN] 10:56:22.929112 シナリオ走行を開始しました [シナリオ名: ログイン]
[ADMIN] 10:56:22.946556 シナリオ走行を終了しました [シナリオ名: 新規ユーザー登録]
[ADMIN] 10:56:22.946576 シナリオ走行を開始しました [シナリオ名: 新規ユーザー登録]
[ADMIN] 10:56:22.952091 シナリオ走行を終了しました [シナリオ名: ログイン]
[ADMIN] 10:56:22.952100 シナリオ走行を開始しました [シナリオ名: ログイン]
[ADMIN] 10:56:23.046259 シナリオ走行を終了しました [シナリオ名: Banユーザログイン]
[ADMIN] 10:56:23.046278 シナリオ走行を開始しました [シナリオ名: Banユーザログイン]
[ADMIN] 10:56:23.064827 シナリオ走行を終了しました [シナリオ名: ログイン]
[ADMIN] 10:56:23.064842 シナリオ走行を開始しました [シナリオ名: ログイン]
[ADMIN] 10:56:23.066251 シナリオ走行を終了しました [シナリオ名: Banユーザログイン]
[ADMIN] 10:56:23.066264 シナリオ走行を開始しました [シナリオ名: Banユーザログイン]
[ADMIN] 10:56:23.076602 シナリオ走行を終了しました [シナリオ名: ログイン]
[ADMIN] 10:56:23.076616 シナリオ走行を開始しました [シナリオ名: ログイン]
[ADMIN] 10:56:23.076895 シナリオ走行を終了しました [シナリオ名: ログイン]
[ADMIN] 10:56:23.076904 シナリオ走行を開始しました [シナリオ名: ログイン]
[ADMIN] 10:56:23.080309 シナリオ走行を終了しました [シナリオ名: Banユーザログイン]
[ADMIN] 10:56:23.080322 シナリオ走行を開始しました [シナリオ名: Banユーザログイン]
[ADMIN] 10:56:23.100829 シナリオ走行を終了しました [シナリオ名: ログイン]
[ADMIN] 10:56:23.100839 シナリオ走行を開始しました [シナリオ名: ログイン]
[ADMIN] 10:56:23.106441 シナリオ走行を終了しました [シナリオ名: ログイン]
[ADMIN] 10:56:23.106450 シナリオ走行を開始しました [シナリオ名: ログイン]
[ADMIN] 10:56:23.107066 シナリオ走行を終了しました [シナリオ名: 新規ユーザー登録]
[ADMIN] 10:56:23.107084 シナリオ走行を開始しました [シナリオ名: 新規ユーザー登録]
[ADMIN] 10:56:23.107375 シナリオ走行を終了しました [シナリオ名: Banユーザログイン]
[ADMIN] 10:56:23.107384 シナリオ走行を開始しました [シナリオ名: Banユーザログイン]
[ADMIN] 10:56:23.107661 シナリオ走行を終了しました [シナリオ名: Banユーザログイン]
[ADMIN] 10:56:23.107670 シナリオ走行を開始しました [シナリオ名: Banユーザログイン]
[ADMIN] 10:56:23.127972 シナリオ走行を終了しました [シナリオ名: 新規ユーザー登録]
[ADMIN] 10:56:23.127998 シナリオ走行を開始しました [シナリオ名: 新規ユーザー登録]
[ADMIN] 10:56:23.163825 シナリオ走行を終了しました [シナリオ名: ログイン]
[ADMIN] 10:56:23.163840 シナリオ走行を開始しました [シナリオ名: ログイン]
[ADMIN] 10:56:23.171869 シナリオ走行を終了しました [シナリオ名: ログイン]
[ADMIN] 10:56:23.171880 シナリオ走行を開始しました [シナリオ名: ログイン]
[ADMIN] 10:56:23.205889 シナリオ走行を終了しました [シナリオ名: ログイン]
[ADMIN] 10:56:23.205899 シナリオ走行を開始しました [シナリオ名: ログイン]
[ADMIN] 10:56:23.233285 シナリオ走行を終了しました [シナリオ名: ログイン]
[ADMIN] 10:56:23.233294 シナリオ走行を開始しました [シナリオ名: ログイン]
[ADMIN] 10:56:23.251068 シナリオ走行を終了しました [シナリオ名: Banユーザログイン]
[ADMIN] 10:56:23.251083 シナリオ走行を開始しました [シナリオ名: Banユーザログイン]
[ADMIN] 10:56:23.268659 シナリオ走行を終了しました [シナリオ名: ログイン]
[ADMIN] 10:56:23.268667 シナリオ走行を開始しました [シナリオ名: ログイン]
[ADMIN] 10:56:23.346490 シナリオ走行を終了しました [シナリオ名: ログイン]
[ADMIN] 10:56:23.346504 シナリオ走行を開始しました [シナリオ名: ログイン]
[ADMIN] 10:56:23.370205 シナリオ走行を終了しました [シナリオ名: 新規ユーザー登録]
[ADMIN] 10:56:23.370250 シナリオ走行を開始しました [シナリオ名: 新規ユーザー登録]
[ADMIN] 10:56:23.427623 シナリオ走行を終了しました [シナリオ名: 新規ユーザー登録]
[ADMIN] 10:56:23.427643 シナリオ走行を開始しました [シナリオ名: 新規ユーザー登録]
[ADMIN] 10:56:23.475816 シナリオ走行を終了しました [シナリオ名: 新規ユーザー登録]
[ADMIN] 10:56:23.475833 シナリオ走行を開始しました [シナリオ名: 新規ユーザー登録]
[ADMIN] 10:56:23.477941 シナリオ走行を終了しました [シナリオ名: ログイン]
[ADMIN] 10:56:23.477950 シナリオ走行を開始しました [シナリオ名: ログイン]
[ADMIN] 10:56:23.494115 シナリオ走行を終了しました [シナリオ名: ログイン]
[ADMIN] 10:56:23.494124 シナリオ走行を開始しました [シナリオ名: ログイン]
[ADMIN] 10:56:23.567881 シナリオ走行を終了しました [シナリオ名: ログイン]
[ADMIN] 10:56:23.567891 シナリオ走行を開始しました [シナリオ名: ログイン]
[ADMIN] 10:56:23.584477 シナリオ走行を終了しました [シナリオ名: Banユーザログイン]
[ADMIN] 10:56:23.584494 シナリオ走行を開始しました [シナリオ名: Banユーザログイン]
[ADMIN] 10:56:23.610770 シナリオ走行を終了しました [シナリオ名: Banユーザログイン]
[ADMIN] 10:56:23.610782 シナリオ走行を開始しました [シナリオ名: Banユーザログイン]
[ADMIN] 10:56:23.622077 シナリオ走行を終了しました [シナリオ名: Banユーザログイン]
[ADMIN] 10:56:23.622092 シナリオ走行を開始しました [シナリオ名: Banユーザログイン]
[ADMIN] 10:56:23.635170 シナリオ走行を終了しました [シナリオ名: ログイン]
[ADMIN] 10:56:23.635183 シナリオ走行を開始しました [シナリオ名: ログイン]
[ADMIN] 10:56:23.635499 シナリオ走行を終了しました [シナリオ名: Banユーザログイン]
[ADMIN] 10:56:23.635512 シナリオ走行を開始しました [シナリオ名: Banユーザログイン]
[ADMIN] 10:56:23.661451 シナリオ走行を終了しました [シナリオ名: Banユーザログイン]
[ADMIN] 10:56:23.661465 シナリオ走行を開始しました [シナリオ名: Banユーザログイン]
[ADMIN] 10:56:23.715714 シナリオ走行を終了しました [シナリオ名: ログイン]
[ADMIN] 10:56:23.715725 シナリオ走行を開始しました [シナリオ名: ログイン]
[ADMIN] 10:56:23.783829 シナリオ走行を終了しました [シナリオ名: Banユーザログイン]
[ADMIN] 10:56:23.783849 シナリオ走行を開始しました [シナリオ名: Banユーザログイン]
[ADMIN] 10:56:23.808389 シナリオ走行を終了しました [シナリオ名: ログイン]
[ADMIN] 10:56:23.808404 シナリオ走行を開始しました [シナリオ名: ログイン]
[ADMIN] 10:56:23.826534 シナリオ走行を終了しました [シナリオ名: ログイン]
[ADMIN] 10:56:23.826546 シナリオ走行を開始しました [シナリオ名: ログイン]
[ADMIN] 10:56:23.892099 シナリオ走行を終了しました [シナリオ名: ログイン]
[ADMIN] 10:56:23.892115 シナリオ走行を開始しました [シナリオ名: ログイン]
[ADMIN] 10:56:23.893418 シナリオ走行を終了しました [シナリオ名: ログイン]
[ADMIN] 10:56:23.893427 シナリオ走行を開始しました [シナリオ名: ログイン]
[ADMIN] 10:56:23.896580 シナリオ走行を終了しました [シナリオ名: ログイン]
[ADMIN] 10:56:23.896589 シナリオ走行を開始しました [シナリオ名: ログイン]
[ADMIN] 10:56:23.898607 シナリオ走行を終了しました [シナリオ名: ログイン]
[ADMIN] 10:56:23.898631 シナリオ走行を開始しました [シナリオ名: ログイン]
[ADMIN] 10:56:23.948833 シナリオ走行を終了しました [シナリオ名: ログイン]
[ADMIN] 10:56:23.948848 シナリオ走行を開始しました [シナリオ名: ログイン]
[ADMIN] 10:56:23.972274 シナリオ走行を終了しました [シナリオ名: ログイン]
[ADMIN] 10:56:23.972285 シナリオ走行を開始しました [シナリオ名: ログイン]
[ADMIN] 10:56:23.980607 シナリオ走行を終了しました [シナリオ名: ログイン]
[ADMIN] 10:56:23.980614 シナリオ走行を開始しました [シナリオ名: ログイン]
[ADMIN] 10:56:24.005320 シナリオ走行を終了しました [シナリオ名: ログイン]
[ADMIN] 10:56:24.005332 シナリオ走行を開始しました [シナリオ名: ログイン]
[ADMIN] 10:56:24.006456 シナリオ走行を終了しました [シナリオ名: ログイン]
[ADMIN] 10:56:24.006465 シナリオ走行を開始しました [シナリオ名: ログイン]
[ADMIN] 10:56:24.015984 シナリオ走行を終了しました [シナリオ名: ログイン]
[ADMIN] 10:56:24.016002 シナリオ走行を開始しました [シナリオ名: ログイン]
[ADMIN] 10:56:24.083598 シナリオ走行を終了しました [シナリオ名: ログイン]
[ADMIN] 10:56:24.083613 シナリオ走行を開始しました [シナリオ名: ログイン]
[ADMIN] 10:56:24.083669 シナリオ走行を終了しました [シナリオ名: ログイン]
[ADMIN] 10:56:24.083721 シナリオ走行を開始しました [シナリオ名: ログイン]
[ADMIN] 10:56:24.128965 シナリオ走行を終了しました [シナリオ名: ログイン]
[ADMIN] 10:56:24.128979 シナリオ走行を開始しました [シナリオ名: ログイン]
[ADMIN] 10:56:24.131880 シナリオ走行を終了しました [シナリオ名: ログイン]
[ADMIN] 10:56:24.131889 シナリオ走行を開始しました [シナリオ名: ログイン]
[ADMIN] 10:56:24.136613 シナリオ走行を終了しました [シナリオ名: ログイン]
[ADMIN] 10:56:24.136621 シナリオ走行を開始しました [シナリオ名: ログイン]
[ADMIN] 10:56:24.139054 シナリオ走行を終了しました [シナリオ名: Banユーザログイン]
[ADMIN] 10:56:24.139067 シナリオ走行を開始しました [シナリオ名: Banユーザログイン]
[ADMIN] 10:56:24.154789 シナリオ走行を終了しました [シナリオ名: Banユーザログイン]
[ADMIN] 10:56:24.154812 シナリオ走行を開始しました [シナリオ名: Banユーザログイン]
[ADMIN] 10:56:24.160778 シナリオ走行を終了しました [シナリオ名: Banユーザログイン]
[ADMIN] 10:56:24.160795 シナリオ走行を開始しました [シナリオ名: Banユーザログイン]
[ADMIN] 10:56:24.178929 シナリオ走行を終了しました [シナリオ名: 新規ユーザー登録]
[ADMIN] 10:56:24.178946 シナリオ走行を開始しました [シナリオ名: 新規ユーザー登録]
[ADMIN] 10:56:24.184241 シナリオ走行を終了しました [シナリオ名: Banユーザログイン]
[ADMIN] 10:56:24.184252 シナリオ走行を開始しました [シナリオ名: Banユーザログイン]
[ADMIN] 10:56:24.196847 シナリオ走行を終了しました [シナリオ名: Banユーザログイン]
[ADMIN] 10:56:24.196856 シナリオ走行を開始しました [シナリオ名: Banユーザログイン]
[ADMIN] 10:56:24.197025 シナリオ走行を終了しました [シナリオ名: ログイン]
[ADMIN] 10:56:24.197032 シナリオ走行を開始しました [シナリオ名: ログイン]
[ADMIN] 10:56:24.223160 シナリオ走行を終了しました [シナリオ名: ログイン]
[ADMIN] 10:56:24.223173 シナリオ走行を開始しました [シナリオ名: ログイン]
[ADMIN] 10:56:24.325968 シナリオ走行を終了しました [シナリオ名: ログイン]
[ADMIN] 10:56:24.326061 シナリオ走行を開始しました [シナリオ名: ログイン]
[ADMIN] 10:56:24.330189 シナリオ走行を終了しました [シナリオ名: Banユーザログイン]
[ADMIN] 10:56:24.330208 シナリオ走行を開始しました [シナリオ名: Banユーザログイン]
[ADMIN] 10:56:24.341134 シナリオ走行を終了しました [シナリオ名: ログイン]
[ADMIN] 10:56:24.341148 シナリオ走行を開始しました [シナリオ名: ログイン]
[ADMIN] 10:56:24.386733 シナリオ走行を終了しました [シナリオ名: ログイン]
[ADMIN] 10:56:24.386743 シナリオ走行を開始しました [シナリオ名: ログイン]
[ADMIN] 10:56:24.422065 シナリオ走行を終了しました [シナリオ名: ログイン]
[ADMIN] 10:56:24.422076 シナリオ走行を開始しました [シナリオ名: ログイン]
[ADMIN] 10:56:24.465587 シナリオ走行を終了しました [シナリオ名: 新規ユーザー登録]
[ADMIN] 10:56:24.465605 シナリオ走行を開始しました [シナリオ名: 新規ユーザー登録]
[ADMIN] 10:56:24.493607 シナリオ走行を終了しました [シナリオ名: 新規ユーザー登録]
[ADMIN] 10:56:24.493629 シナリオ走行を開始しました [シナリオ名: 新規ユーザー登録]
[ADMIN] 10:56:24.501243 シナリオ走行を終了しました [シナリオ名: ログイン]
[ADMIN] 10:56:24.501253 シナリオ走行を開始しました [シナリオ名: ログイン]
[ADMIN] 10:56:24.556871 シナリオ走行を終了しました [シナリオ名: ログイン]
[ADMIN] 10:56:24.556884 シナリオ走行を開始しました [シナリオ名: ログイン]
[ADMIN] 10:56:24.561897 シナリオ走行を終了しました [シナリオ名: ログイン]
[ADMIN] 10:56:24.561911 シナリオ走行を開始しました [シナリオ名: ログイン]
[ADMIN] 10:56:24.578507 シナリオ走行を終了しました [シナリオ名: 新規ユーザー登録]
[ADMIN] 10:56:24.578528 シナリオ走行を開始しました [シナリオ名: 新規ユーザー登録]
[ADMIN] 10:56:24.595340 シナリオ走行を終了しました [シナリオ名: 新規ユーザー登録]
[ADMIN] 10:56:24.595357 シナリオ走行を開始しました [シナリオ名: 新規ユーザー登録]
[ADMIN] 10:56:24.644438 シナリオ走行を終了しました [シナリオ名: ログイン]
[ADMIN] 10:56:24.644450 シナリオ走行を開始しました [シナリオ名: ログイン]
[ADMIN] 10:56:24.647241 シナリオ走行を終了しました [シナリオ名: 新規ユーザー登録]
[ADMIN] 10:56:24.647261 シナリオ走行を開始しました [シナリオ名: 新規ユーザー登録]
[ADMIN] 10:56:24.655085 シナリオ走行を終了しました [シナリオ名: 新規ユーザー登録]
[ADMIN] 10:56:24.655104 シナリオ走行を開始しました [シナリオ名: 新規ユーザー登録]
[ADMIN] 10:56:24.665687 シナリオ走行を終了しました [シナリオ名: 新規ユーザー登録]
[ADMIN] 10:56:24.665700 シナリオ走行を開始しました [シナリオ名: 新規ユーザー登録]
[ADMIN] 10:56:24.677583 シナリオ走行を終了しました [シナリオ名: Banユーザログイン]
[ADMIN] 10:56:24.677596 シナリオ走行を開始しました [シナリオ名: Banユーザログイン]
[ADMIN] 10:56:24.681023 シナリオ走行を終了しました [シナリオ名: Banユーザログイン]
[ADMIN] 10:56:24.681038 シナリオ走行を開始しました [シナリオ名: Banユーザログイン]
[ADMIN] 10:56:24.723330 シナリオ走行を終了しました [シナリオ名: Banユーザログイン]
[ADMIN] 10:56:24.723342 シナリオ走行を開始しました [シナリオ名: Banユーザログイン]
[ADMIN] 10:56:24.723663 シナリオ走行を終了しました [シナリオ名: Banユーザログイン]
[ADMIN] 10:56:24.723674 シナリオ走行を開始しました [シナリオ名: Banユーザログイン]
[ADMIN] 10:56:24.729734 シナリオ走行を終了しました [シナリオ名: ログイン]
[ADMIN] 10:56:24.729744 シナリオ走行を開始しました [シナリオ名: ログイン]
[ADMIN] 10:56:24.729814 シナリオ走行を終了しました [シナリオ名: ログイン]
[ADMIN] 10:56:24.729823 シナリオ走行を開始しました [シナリオ名: ログイン]
[ADMIN] 10:56:24.737189 シナリオ走行を終了しました [シナリオ名: Banユーザログイン]
[ADMIN] 10:56:24.737204 シナリオ走行を開始しました [シナリオ名: Banユーザログイン]
[ADMIN] 10:56:24.739611 シナリオ走行を終了しました [シナリオ名: ログイン]
[ADMIN] 10:56:24.739620 シナリオ走行を開始しました [シナリオ名: ログイン]
[ADMIN] 10:56:24.797142 シナリオ走行を終了しました [シナリオ名: 新規ユーザー登録]
[ADMIN] 10:56:24.797178 シナリオ走行を開始しました [シナリオ名: 新規ユーザー登録]
[ADMIN] 10:56:24.860622 シナリオ走行を終了しました [シナリオ名: Banユーザログイン]
[ADMIN] 10:56:24.860637 シナリオ走行を開始しました [シナリオ名: Banユーザログイン]
[ADMIN] 10:56:24.948323 シナリオ走行を終了しました [シナリオ名: ログイン]
[ADMIN] 10:56:24.948336 シナリオ走行を開始しました [シナリオ名: ログイン]
[ADMIN] 10:56:24.957326 シナリオ走行を終了しました [シナリオ名: ログイン]
[ADMIN] 10:56:24.957339 シナリオ走行を開始しました [シナリオ名: ログイン]
[ADMIN] 10:56:24.993522 シナリオ走行を終了しました [シナリオ名: ログイン]
[ADMIN] 10:56:24.993533 シナリオ走行を開始しました [シナリオ名: ログイン]
[ADMIN] 10:56:25.026848 シナリオ走行を終了しました [シナリオ名: ログイン]
[ADMIN] 10:56:25.026861 シナリオ走行を開始しました [シナリオ名: ログイン]
[ADMIN] 10:56:25.061613 シナリオ走行を終了しました [シナリオ名: ログイン]
[ADMIN] 10:56:25.061627 シナリオ走行を開始しました [シナリオ名: ログイン]
[ADMIN] 10:56:25.109621 シナリオ走行を終了しました [シナリオ名: 新規ユーザー登録]
[ADMIN] 10:56:25.109645 シナリオ走行を開始しました [シナリオ名: 新規ユーザー登録]
[ADMIN] 10:56:25.111656 シナリオ走行を終了しました [シナリオ名: ログイン]
[ADMIN] 10:56:25.111665 シナリオ走行を開始しました [シナリオ名: ログイン]
[ADMIN] 10:56:25.113052 シナリオ走行を終了しました [シナリオ名: 新規ユーザー登録]
[ADMIN] 10:56:25.113073 シナリオ走行を開始しました [シナリオ名: 新規ユーザー登録]
10:56:25.139925 現在のログイン成功数: [total: 2681 (+1114人)]
10:56:25.139933 現在のユーザー登録成功数: [total: 1108 (+405人)]
[ADMIN] 10:56:25.141936 シナリオ走行を終了しました [シナリオ名: ログイン]
[ADMIN] 10:56:25.141949 シナリオ走行を開始しました [シナリオ名: ログイン]
[ADMIN] 10:56:25.142638 シナリオ走行を終了しました [シナリオ名: ログイン]
[ADMIN] 10:56:25.142664 シナリオ走行を開始しました [シナリオ名: ログイン]
[ADMIN] 10:56:25.142704 シナリオ走行を開始しました [シナリオ名: ログイン]
[ADMIN] 10:56:25.142718 シナリオ走行を開始しました [シナリオ名: ログイン]
[ADMIN] 10:56:25.142761 シナリオ走行を開始しました [シナリオ名: ログイン]
[ADMIN] 10:56:25.142815 シナリオ走行を開始しました [シナリオ名: ログイン]
[ADMIN] 10:56:25.142821 シナリオ走行を開始しました [シナリオ名: ログイン]
[ADMIN] 10:56:25.142816 シナリオ走行を開始しました [シナリオ名: ログイン]
[ADMIN] 10:56:25.142791 シナリオ走行を開始しました [シナリオ名: ログイン]
[ADMIN] 10:56:25.142792 シナリオ走行を開始しました [シナリオ名: ログイン]
[ADMIN] 10:56:25.142794 シナリオ走行を開始しました [シナリオ名: ログイン]
[ADMIN] 10:56:25.142797 シナリオ走行を開始しました [シナリオ名: ログイン]
[ADMIN] 10:56:25.142798 シナリオ走行を開始しました [シナリオ名: ログイン]
[ADMIN] 10:56:25.142801 シナリオ走行を開始しました [シナリオ名: ログイン]
[ADMIN] 10:56:25.142803 シナリオ走行を開始しました [シナリオ名: ログイン]
[ADMIN] 10:56:25.142790 シナリオ走行を開始しました [シナリオ名: ログイン]
[ADMIN] 10:56:25.142786 シナリオ走行を開始しました [シナリオ名: ログイン]
[ADMIN] 10:56:25.144838 シナリオ走行を終了しました [シナリオ名: 新規ユーザー登録]
[ADMIN] 10:56:25.144855 シナリオ走行を開始しました [シナリオ名: 新規ユーザー登録]
[ADMIN] 10:56:25.157852 シナリオ走行を終了しました [シナリオ名: 新規ユーザー登録]
[ADMIN] 10:56:25.157875 シナリオ走行を開始しました [シナリオ名: 新規ユーザー登録]
[ADMIN] 10:56:25.157933 シナリオ走行を開始しました [シナリオ名: 新規ユーザー登録]
[ADMIN] 10:56:25.157956 シナリオ走行を開始しました [シナリオ名: 新規ユーザー登録]
[ADMIN] 10:56:25.157966 シナリオ走行を開始しました [シナリオ名: 新規ユーザー登録]
[ADMIN] 10:56:25.157992 シナリオ走行を開始しました [シナリオ名: 新規ユーザー登録]
[ADMIN] 10:56:25.158061 シナリオ走行を開始しました [シナリオ名: 新規ユーザー登録]
[ADMIN] 10:56:25.158069 シナリオ走行を開始しました [シナリオ名: 新規ユーザー登録]
[ADMIN] 10:56:25.158084 シナリオ走行を開始しました [シナリオ名: 新規ユーザー登録]
[ADMIN] 10:56:25.158061 シナリオ走行を開始しました [シナリオ名: 新規ユーザー登録]
[ADMIN] 10:56:25.193748 シナリオ走行を終了しました [シナリオ名: 新規ユーザー登録]
[ADMIN] 10:56:25.210112 シナリオ走行を終了しました [シナリオ名: Banユーザログイン]
[ADMIN] 10:56:25.210128 シナリオ走行を開始しました [シナリオ名: Banユーザログイン]
[ADMIN] 10:56:25.218488 シナリオ走行を終了しました [シナリオ名: Banユーザログイン]
[ADMIN] 10:56:25.218505 シナリオ走行を開始しました [シナリオ名: Banユーザログイン]
[ADMIN] 10:56:25.218532 シナリオ走行を開始しました [シナリオ名: Banユーザログイン]
[ADMIN] 10:56:25.218532 シナリオ走行を開始しました [シナリオ名: Banユーザログイン]
[ADMIN] 10:56:25.223002 シナリオ走行を終了しました [シナリオ名: ログイン]
[ADMIN] 10:56:25.241713 シナリオ走行を終了しました [シナリオ名: ログイン]
[ADMIN] 10:56:25.264489 シナリオ走行を終了しました [シナリオ名: ログイン]
[ADMIN] 10:56:25.265405 シナリオ走行を終了しました [シナリオ名: 新規ユーザー登録]
[ADMIN] 10:56:25.268695 シナリオ走行を終了しました [シナリオ名: Banユーザログイン]
[ADMIN] 10:56:25.270865 シナリオ走行を終了しました [シナリオ名: Banユーザログイン]
[ADMIN] 10:56:25.286603 シナリオ走行を終了しました [シナリオ名: ログイン]
[ADMIN] 10:56:25.295109 シナリオ走行を終了しました [シナリオ名: ログイン]
[ADMIN] 10:56:25.307239 シナリオ走行を終了しました [シナリオ名: ログイン]
[ADMIN] 10:56:25.315370 シナリオ走行を終了しました [シナリオ名: ログイン]
[ADMIN] 10:56:25.328311 シナリオ走行を終了しました [シナリオ名: Banユーザログイン]
[ADMIN] 10:56:25.393496 シナリオ走行を終了しました [シナリオ名: ログイン]
[ADMIN] 10:56:25.394487 シナリオ走行を終了しました [シナリオ名: Banユーザログイン]
[ADMIN] 10:56:25.416777 シナリオ走行を終了しました [シナリオ名: 新規ユーザー登録]
[ADMIN] 10:56:25.450701 シナリオ走行を終了しました [シナリオ名: 新規ユーザー登録]
[ADMIN] 10:56:25.597890 シナリオ走行を終了しました [シナリオ名: 新規ユーザー登録]
[ADMIN] 10:56:25.632591 シナリオ走行を終了しました [シナリオ名: ログイン]
[ADMIN] 10:56:25.646327 シナリオ走行を終了しました [シナリオ名: ログイン]
[ADMIN] 10:56:25.647159 シナリオ走行を終了しました [シナリオ名: ログイン]
[ADMIN] 10:56:25.678048 シナリオ走行を終了しました [シナリオ名: ログイン]
[ADMIN] 10:56:25.728313 シナリオ走行を終了しました [シナリオ名: ログイン]
[ADMIN] 10:56:25.741544 シナリオ走行を終了しました [シナリオ名: ログイン]
[ADMIN] 10:56:25.746603 シナリオ走行を終了しました [シナリオ名: Banユーザログイン]
[ADMIN] 10:56:25.755711 シナリオ走行を終了しました [シナリオ名: ログイン]
[ADMIN] 10:56:25.756318 シナリオ走行を終了しました [シナリオ名: ログイン]
[ADMIN] 10:56:25.783892 シナリオ走行を終了しました [シナリオ名: ログイン]
[ADMIN] 10:56:25.786550 シナリオ走行を終了しました [シナリオ名: ログイン]
[ADMIN] 10:56:25.811960 シナリオ走行を終了しました [シナリオ名: ログイン]
[ADMIN] 10:56:25.829744 シナリオ走行を終了しました [シナリオ名: Banユーザログイン]
[ADMIN] 10:56:25.829765 シナリオ走行を開始しました [シナリオ名: Banユーザログイン]
[ADMIN] 10:56:25.829767 シナリオ走行を開始しました [シナリオ名: Banユーザログイン]
[ADMIN] 10:56:25.829782 シナリオ走行を開始しました [シナリオ名: Banユーザログイン]
[ADMIN] 10:56:25.829871 シナリオ走行を開始しました [シナリオ名: Banユーザログイン]
[ADMIN] 10:56:25.829904 シナリオ走行を開始しました [シナリオ名: Banユーザログイン]
[ADMIN] 10:56:25.829932 シナリオ走行を開始しました [シナリオ名: Banユーザログイン]
[ADMIN] 10:56:25.857722 シナリオ走行を終了しました [シナリオ名: ログイン]
[ADMIN] 10:56:25.872058 シナリオ走行を終了しました [シナリオ名: Banユーザログイン]
[ADMIN] 10:56:25.872077 シナリオ走行を開始しました [シナリオ名: Banユーザログイン]
[ADMIN] 10:56:25.872842 シナリオ走行を終了しました [シナリオ名: 新規ユーザー登録]
[ADMIN] 10:56:25.878505 シナリオ走行を終了しました [シナリオ名: Banユーザログイン]
[ADMIN] 10:56:25.878519 シナリオ走行を開始しました [シナリオ名: Banユーザログイン]
[ADMIN] 10:56:25.887186 シナリオ走行を終了しました [シナリオ名: ログイン]
[ADMIN] 10:56:25.929600 シナリオ走行を終了しました [シナリオ名: ログイン]
[ADMIN] 10:56:25.960803 シナリオ走行を終了しました [シナリオ名: ログイン]
[ADMIN] 10:56:25.961141 シナリオ走行を終了しました [シナリオ名: 新規ユーザー登録]
[ADMIN] 10:56:25.964561 シナリオ走行を終了しました [シナリオ名: ログイン]
[ADMIN] 10:56:25.972554 シナリオ走行を終了しました [シナリオ名: ログイン]
[ADMIN] 10:56:25.978079 シナリオ走行を終了しました [シナリオ名: 新規ユーザー登録]
[ADMIN] 10:56:26.071118 シナリオ走行を終了しました [シナリオ名: ログイン]
[ADMIN] 10:56:26.076617 シナリオ走行を終了しました [シナリオ名: ログイン]
[ADMIN] 10:56:26.113898 シナリオ走行を終了しました [シナリオ名: ログイン]
[ADMIN] 10:56:26.169092 シナリオ走行を終了しました [シナリオ名: ログイン]
[ADMIN] 10:56:26.175019 シナリオ走行を終了しました [シナリオ名: ログイン]
[ADMIN] 10:56:26.192887 シナリオ走行を終了しました [シナリオ名: ログイン]
[ADMIN] 10:56:26.195741 シナリオ走行を終了しました [シナリオ名: ログイン]
[ADMIN] 10:56:26.208025 シナリオ走行を終了しました [シナリオ名: 新規ユーザー登録]
[ADMIN] 10:56:26.258847 シナリオ走行を終了しました [シナリオ名: ログイン]
[ADMIN] 10:56:26.258857 シナリオ走行を終了しました [シナリオ名: ログイン]
[ADMIN] 10:56:26.258868 シナリオ走行を開始しました [シナリオ名: ログイン]
[ADMIN] 10:56:26.258914 シナリオ走行を開始しました [シナリオ名: ログイン]
[ADMIN] 10:56:26.259068 シナリオ走行を開始しました [シナリオ名: ログイン]
[ADMIN] 10:56:26.259080 シナリオ走行を開始しました [シナリオ名: ログイン]
[ADMIN] 10:56:26.259078 シナリオ走行を開始しました [シナリオ名: ログイン]
[ADMIN] 10:56:26.259197 シナリオ走行を開始しました [シナリオ名: ログイン]
[ADMIN] 10:56:26.259291 シナリオ走行を終了しました [シナリオ名: ログイン]
[ADMIN] 10:56:26.259309 シナリオ走行を開始しました [シナリオ名: ログイン]
[ADMIN] 10:56:26.259423 シナリオ走行を開始しました [シナリオ名: ログイン]
[ADMIN] 10:56:26.259527 シナリオ走行を開始しました [シナリオ名: ログイン]
[ADMIN] 10:56:26.259547 シナリオ走行を開始しました [シナリオ名: ログイン]
[ADMIN] 10:56:26.259647 シナリオ走行を開始しました [シナリオ名: ログイン]
[ADMIN] 10:56:26.259656 シナリオ走行を開始しました [シナリオ名: ログイン]
[ADMIN] 10:56:26.259712 シナリオ走行を開始しました [シナリオ名: ログイン]
[ADMIN] 10:56:26.259768 シナリオ走行を開始しました [シナリオ名: ログイン]
[ADMIN] 10:56:26.259775 シナリオ走行を開始しました [シナリオ名: ログイン]
[ADMIN] 10:56:26.259774 シナリオ走行を開始しました [シナリオ名: ログイン]
[ADMIN] 10:56:26.259907 シナリオ走行を開始しました [シナリオ名: ログイン]
[ADMIN] 10:56:26.259744 シナリオ走行を開始しました [シナリオ名: ログイン]
[ADMIN] 10:56:26.259463 シナリオ走行を開始しました [シナリオ名: ログイン]
[ADMIN] 10:56:26.259465 シナリオ走行を開始しました [シナリオ名: ログイン]
[ADMIN] 10:56:26.259466 シナリオ走行を開始しました [シナリオ名: ログイン]
[ADMIN] 10:56:26.259468 シナリオ走行を開始しました [シナリオ名: ログイン]
[ADMIN] 10:56:26.259469 シナリオ走行を開始しました [シナリオ名: ログイン]
[ADMIN] 10:56:26.259470 シナリオ走行を開始しました [シナリオ名: ログイン]
[ADMIN] 10:56:26.259471 シナリオ走行を開始しました [シナリオ名: ログイン]
[ADMIN] 10:56:26.259472 シナリオ走行を開始しました [シナリオ名: ログイン]
[ADMIN] 10:56:26.259473 シナリオ走行を開始しました [シナリオ名: ログイン]
[ADMIN] 10:56:26.259475 シナリオ走行を開始しました [シナリオ名: ログイン]
[ADMIN] 10:56:26.259476 シナリオ走行を開始しました [シナリオ名: ログイン]
[ADMIN] 10:56:26.259478 シナリオ走行を開始しました [シナリオ名: ログイン]
[ADMIN] 10:56:26.259746 シナリオ走行を開始しました [シナリオ名: ログイン]
[ADMIN] 10:56:26.259891 シナリオ走行を開始しました [シナリオ名: ログイン]
[ADMIN] 10:56:26.259892 シナリオ走行を開始しました [シナリオ名: ログイン]
[ADMIN] 10:56:26.259462 シナリオ走行を開始しました [シナリオ名: ログイン]
[ADMIN] 10:56:26.353890 シナリオ走行を終了しました [シナリオ名: Banユーザログイン]
[ADMIN] 10:56:26.353907 シナリオ走行を開始しました [シナリオ名: Banユーザログイン]
[ADMIN] 10:56:26.354271 シナリオ走行を終了しました [シナリオ名: Banユーザログイン]
[ADMIN] 10:56:26.354282 シナリオ走行を開始しました [シナリオ名: Banユーザログイン]
[ADMIN] 10:56:26.372600 シナリオ走行を終了しました [シナリオ名: Banユーザログイン]
[ADMIN] 10:56:26.372614 シナリオ走行を開始しました [シナリオ名: Banユーザログイン]
[ADMIN] 10:56:26.380194 シナリオ走行を終了しました [シナリオ名: Banユーザログイン]
[ADMIN] 10:56:26.380209 シナリオ走行を開始しました [シナリオ名: Banユーザログイン]
[ADMIN] 10:56:26.382521 シナリオ走行を終了しました [シナリオ名: Banユーザログイン]
[ADMIN] 10:56:26.382533 シナリオ走行を開始しました [シナリオ名: Banユーザログイン]
[ADMIN] 10:56:26.393921 シナリオ走行を終了しました [シナリオ名: Banユーザログイン]
[ADMIN] 10:56:26.393934 シナリオ走行を開始しました [シナリオ名: Banユーザログイン]
[ADMIN] 10:56:26.397229 シナリオ走行を終了しました [シナリオ名: ログイン]
[ADMIN] 10:56:26.417453 シナリオ走行を終了しました [シナリオ名: Banユーザログイン]
[ADMIN] 10:56:26.417465 シナリオ走行を開始しました [シナリオ名: Banユーザログイン]
[ADMIN] 10:56:26.432587 シナリオ走行を終了しました [シナリオ名: Banユーザログイン]
[ADMIN] 10:56:26.432601 シナリオ走行を開始しました [シナリオ名: Banユーザログイン]
[ADMIN] 10:56:26.441611 シナリオ走行を終了しました [シナリオ名: ログイン]
[ADMIN] 10:56:26.441622 シナリオ走行を開始しました [シナリオ名: ログイン]
[ADMIN] 10:56:26.441679 シナリオ走行を開始しました [シナリオ名: ログイン]
[ADMIN] 10:56:26.441687 シナリオ走行を開始しました [シナリオ名: ログイン]
[ADMIN] 10:56:26.548834 シナリオ走行を終了しました [シナリオ名: ログイン]
[ADMIN] 10:56:26.655068 シナリオ走行を終了しました [シナリオ名: ログイン]
[ADMIN] 10:56:26.655083 シナリオ走行を開始しました [シナリオ名: ログイン]
[ADMIN] 10:56:26.655137 シナリオ走行を開始しました [シナリオ名: ログイン]
[ADMIN] 10:56:26.669201 シナリオ走行を終了しました [シナリオ名: ログイン]
[ADMIN] 10:56:26.727601 シナリオ走行を終了しました [シナリオ名: ログイン]
[ADMIN] 10:56:26.811282 シナリオ走行を終了しました [シナリオ名: ログイン]
[ADMIN] 10:56:26.811300 シナリオ走行を開始しました [シナリオ名: ログイン]
[ADMIN] 10:56:26.811318 シナリオ走行を開始しました [シナリオ名: ログイン]
[ADMIN] 10:56:26.811326 シナリオ走行を開始しました [シナリオ名: ログイン]
[ADMIN] 10:56:26.846361 シナリオ走行を終了しました [シナリオ名: ログイン]
[ADMIN] 10:56:26.850023 シナリオ走行を終了しました [シナリオ名: ログイン]
[ADMIN] 10:56:26.850036 シナリオ走行を開始しました [シナリオ名: ログイン]
[ADMIN] 10:56:26.850093 シナリオ走行を開始しました [シナリオ名: ログイン]
[ADMIN] 10:56:26.881417 シナリオ走行を終了しました [シナリオ名: 新規ユーザー登録]
[ADMIN] 10:56:26.882443 シナリオ走行を終了しました [シナリオ名: Banユーザログイン]
[ADMIN] 10:56:26.882461 シナリオ走行を開始しました [シナリオ名: Banユーザログイン]
[ADMIN] 10:56:26.886517 シナリオ走行を終了しました [シナリオ名: ログイン]
[ADMIN] 10:56:26.886526 シナリオ走行を開始しました [シナリオ名: ログイン]
[ADMIN] 10:56:26.887339 シナリオ走行を終了しました [シナリオ名: 新規ユーザー登録]
[ADMIN] 10:56:26.890510 シナリオ走行を終了しました [シナリオ名: ログイン]
[ADMIN] 10:56:26.890521 シナリオ走行を開始しました [シナリオ名: ログイン]
[ADMIN] 10:56:26.901257 シナリオ走行を終了しました [シナリオ名: 新規ユーザー登録]
[ADMIN] 10:56:26.938100 シナリオ走行を終了しました [シナリオ名: Banユーザログイン]
[ADMIN] 10:56:26.938119 シナリオ走行を開始しました [シナリオ名: Banユーザログイン]
[ADMIN] 10:56:26.957658 シナリオ走行を終了しました [シナリオ名: 新規ユーザー登録]
[ADMIN] 10:56:26.958715 シナリオ走行を終了しました [シナリオ名: Banユーザログイン]
[ADMIN] 10:56:26.958738 シナリオ走行を開始しました [シナリオ名: Banユーザログイン]
[ADMIN] 10:56:26.987608 シナリオ走行を終了しました [シナリオ名: Banユーザログイン]
[ADMIN] 10:56:26.987619 シナリオ走行を開始しました [シナリオ名: Banユーザログイン]
[ADMIN] 10:56:26.992075 シナリオ走行を終了しました [シナリオ名: ログイン]
[ADMIN] 10:56:26.992086 シナリオ走行を開始しました [シナリオ名: ログイン]
[ADMIN] 10:56:26.997868 シナリオ走行を終了しました [シナリオ名: Banユーザログイン]
[ADMIN] 10:56:26.997881 シナリオ走行を開始しました [シナリオ名: Banユーザログイン]
[ADMIN] 10:56:27.002447 シナリオ走行を終了しました [シナリオ名: Banユーザログイン]
[ADMIN] 10:56:27.002459 シナリオ走行を開始しました [シナリオ名: Banユーザログイン]
[ADMIN] 10:56:27.010841 シナリオ走行を終了しました [シナリオ名: ログイン]
[ADMIN] 10:56:27.010849 シナリオ走行を開始しました [シナリオ名: ログイン]
[ADMIN] 10:56:27.018992 シナリオ走行を終了しました [シナリオ名: Banユーザログイン]
[ADMIN] 10:56:27.019007 シナリオ走行を開始しました [シナリオ名: Banユーザログイン]
[ADMIN] 10:56:27.048915 シナリオ走行を終了しました [シナリオ名: ログイン]
[ADMIN] 10:56:27.048927 シナリオ走行を開始しました [シナリオ名: ログイン]
[ADMIN] 10:56:27.054359 シナリオ走行を終了しました [シナリオ名: ログイン]
[ADMIN] 10:56:27.054369 シナリオ走行を開始しました [シナリオ名: ログイン]
[ADMIN] 10:56:27.073974 シナリオ走行を終了しました [シナリオ名: Banユーザログイン]
[ADMIN] 10:56:27.073990 シナリオ走行を開始しました [シナリオ名: Banユーザログイン]
[ADMIN] 10:56:27.089369 シナリオ走行を終了しました [シナリオ名: ログイン]
[ADMIN] 10:56:27.113598 シナリオ走行を終了しました [シナリオ名: ログイン]
[ADMIN] 10:56:27.116926 シナリオ走行を終了しました [シナリオ名: ログイン]
[ADMIN] 10:56:27.132977 シナリオ走行を終了しました [シナリオ名: ログイン]
[ADMIN] 10:56:27.132988 シナリオ走行を開始しました [シナリオ名: ログイン]
[ADMIN] 10:56:27.133036 シナリオ走行を開始しました [シナリオ名: ログイン]
[ADMIN] 10:56:27.133045 シナリオ走行を開始しました [シナリオ名: ログイン]
[ADMIN] 10:56:27.133110 シナリオ走行を開始しました [シナリオ名: ログイン]
[ADMIN] 10:56:27.203093 シナリオ走行を終了しました [シナリオ名: 新規ユーザー登録]
[ADMIN] 10:56:27.255437 シナリオ走行を終了しました [シナリオ名: ログイン]
[ADMIN] 10:56:27.255447 シナリオ走行を開始しました [シナリオ名: ログイン]
[ADMIN] 10:56:27.269740 シナリオ走行を終了しました [シナリオ名: ログイン]
[ADMIN] 10:56:27.269749 シナリオ走行を開始しました [シナリオ名: ログイン]
[ADMIN] 10:56:27.269949 シナリオ走行を終了しました [シナリオ名: 新規ユーザー登録]
[ADMIN] 10:56:27.290399 シナリオ走行を終了しました [シナリオ名: 新規ユーザー登録]
[ADMIN] 10:56:27.326912 シナリオ走行を終了しました [シナリオ名: ログイン]
[ADMIN] 10:56:27.326920 シナリオ走行を開始しました [シナリオ名: ログイン]
[ADMIN] 10:56:27.346681 シナリオ走行を終了しました [シナリオ名: ログイン]
[ADMIN] 10:56:27.346690 シナリオ走行を開始しました [シナリオ名: ログイン]
[ADMIN] 10:56:27.423290 シナリオ走行を終了しました [シナリオ名: Banユーザログイン]
[ADMIN] 10:56:27.423311 シナリオ走行を開始しました [シナリオ名: Banユーザログイン]
[ADMIN] 10:56:27.437907 シナリオ走行を終了しました [シナリオ名: ログイン]
[ADMIN] 10:56:27.437918 シナリオ走行を開始しました [シナリオ名: ログイン]
[ADMIN] 10:56:27.450959 シナリオ走行を終了しました [シナリオ名: 新規ユーザー登録]
[ADMIN] 10:56:27.450996 シナリオ走行を開始しました [シナリオ名: 新規ユーザー登録]
[ADMIN] 10:56:27.451032 シナリオ走行を開始しました [シナリオ名: 新規ユーザー登録]
[ADMIN] 10:56:27.451044 シナリオ走行を開始しました [シナリオ名: 新規ユーザー登録]
[ADMIN] 10:56:27.451083 シナリオ走行を開始しました [シナリオ名: 新規ユーザー登録]
[ADMIN] 10:56:27.451114 シナリオ走行を開始しました [シナリオ名: 新規ユーザー登録]
[ADMIN] 10:56:27.451156 シナリオ走行を開始しました [シナリオ名: 新規ユーザー登録]
[ADMIN] 10:56:27.451170 シナリオ走行を開始しました [シナリオ名: 新規ユーザー登録]
[ADMIN] 10:56:27.451215 シナリオ走行を開始しました [シナリオ名: 新規ユーザー登録]
[ADMIN] 10:56:27.451254 シナリオ走行を開始しました [シナリオ名: 新規ユーザー登録]
[ADMIN] 10:56:27.451280 シナリオ走行を開始しました [シナリオ名: 新規ユーザー登録]
[ADMIN] 10:56:27.451332 シナリオ走行を開始しました [シナリオ名: 新規ユーザー登録]
[ADMIN] 10:56:27.451353 シナリオ走行を開始しました [シナリオ名: 新規ユーザー登録]
[ADMIN] 10:56:27.451034 シナリオ走行を開始しました [シナリオ名: 新規ユーザー登録]
[ADMIN] 10:56:27.451436 シナリオ走行を開始しました [シナリオ名: 新規ユーザー登録]
[ADMIN] 10:56:27.451163 シナリオ走行を開始しました [シナリオ名: 新規ユーザー登録]
[ADMIN] 10:56:27.451472 シナリオ走行を開始しました [シナリオ名: 新規ユーザー登録]
[ADMIN] 10:56:27.451038 シナリオ走行を開始しました [シナリオ名: 新規ユーザー登録]
[ADMIN] 10:56:27.473514 シナリオ走行を終了しました [シナリオ名: 新規ユーザー登録]
[ADMIN] 10:56:27.490835 シナリオ走行を終了しました [シナリオ名: Banユーザログイン]
[ADMIN] 10:56:27.490849 シナリオ走行を開始しました [シナリオ名: Banユーザログイン]
[ADMIN] 10:56:27.502367 シナリオ走行を終了しました [シナリオ名: Banユーザログイン]
[ADMIN] 10:56:27.502383 シナリオ走行を開始しました [シナリオ名: Banユーザログイン]
[ADMIN] 10:56:27.523426 シナリオ走行を終了しました [シナリオ名: Banユーザログイン]
[ADMIN] 10:56:27.523449 シナリオ走行を開始しました [シナリオ名: Banユーザログイン]
[ADMIN] 10:56:27.543319 シナリオ走行を終了しました [シナリオ名: Banユーザログイン]
[ADMIN] 10:56:27.543333 シナリオ走行を開始しました [シナリオ名: Banユーザログイン]
[ADMIN] 10:56:27.561682 シナリオ走行を終了しました [シナリオ名: ログイン]
[ADMIN] 10:56:27.561693 シナリオ走行を開始しました [シナリオ名: ログイン]
[ADMIN] 10:56:27.563105 シナリオ走行を終了しました [シナリオ名: Banユーザログイン]
[ADMIN] 10:56:27.563119 シナリオ走行を開始しました [シナリオ名: Banユーザログイン]
[ADMIN] 10:56:27.568202 シナリオ走行を終了しました [シナリオ名: Banユーザログイン]
[ADMIN] 10:56:27.568216 シナリオ走行を開始しました [シナリオ名: Banユーザログイン]
[ADMIN] 10:56:27.611593 シナリオ走行を終了しました [シナリオ名: Banユーザログイン]
[ADMIN] 10:56:27.611606 シナリオ走行を開始しました [シナリオ名: Banユーザログイン]
[ADMIN] 10:56:27.612459 シナリオ走行を終了しました [シナリオ名: ログイン]
[ADMIN] 10:56:27.612469 シナリオ走行を開始しました [シナリオ名: ログイン]
[ADMIN] 10:56:27.678312 シナリオ走行を終了しました [シナリオ名: ログイン]
[ADMIN] 10:56:27.678322 シナリオ走行を開始しました [シナリオ名: ログイン]
[ADMIN] 10:56:27.680440 シナリオ走行を終了しました [シナリオ名: 新規ユーザー登録]
[ADMIN] 10:56:27.680462 シナリオ走行を開始しました [シナリオ名: 新規ユーザー登録]
[ADMIN] 10:56:27.680517 シナリオ走行を開始しました [シナリオ名: 新規ユーザー登録]
[ADMIN] 10:56:27.712217 シナリオ走行を終了しました [シナリオ名: ログイン]
[ADMIN] 10:56:27.712229 シナリオ走行を開始しました [シナリオ名: ログイン]
[ADMIN] 10:56:27.727199 シナリオ走行を終了しました [シナリオ名: 新規ユーザー登録]
[ADMIN] 10:56:27.727218 シナリオ走行を開始しました [シナリオ名: 新規ユーザー登録]
[ADMIN] 10:56:27.837379 シナリオ走行を終了しました [シナリオ名: ログイン]
[ADMIN] 10:56:27.837395 シナリオ走行を開始しました [シナリオ名: ログイン]
[ADMIN] 10:56:27.960426 シナリオ走行を終了しました [シナリオ名: 新規ユーザー登録]
[ADMIN] 10:56:27.960455 シナリオ走行を開始しました [シナリオ名: 新規ユーザー登録]
[ADMIN] 10:56:28.003338 シナリオ走行を終了しました [シナリオ名: 新規ユーザー登録]
[ADMIN] 10:56:28.003365 シナリオ走行を開始しました [シナリオ名: 新規ユーザー登録]
[ADMIN] 10:56:28.037774 シナリオ走行を終了しました [シナリオ名: Banユーザログイン]
[ADMIN] 10:56:28.037792 シナリオ走行を開始しました [シナリオ名: Banユーザログイン]
[ADMIN] 10:56:28.063111 シナリオ走行を終了しました [シナリオ名: 新規ユーザー登録]
[ADMIN] 10:56:28.072077 シナリオ走行を終了しました [シナリオ名: 新規ユーザー登録]
[ADMIN] 10:56:28.072097 シナリオ走行を開始しました [シナリオ名: 新規ユーザー登録]
[ADMIN] 10:56:28.072133 シナリオ走行を開始しました [シナリオ名: 新規ユーザー登録]
[ADMIN] 10:56:28.076658 シナリオ走行を終了しました [シナリオ名: Banユーザログイン]
[ADMIN] 10:56:28.076671 シナリオ走行を開始しました [シナリオ名: Banユーザログイン]
[ADMIN] 10:56:28.085573 シナリオ走行を終了しました [シナリオ名: Banユーザログイン]
[ADMIN] 10:56:28.085587 シナリオ走行を開始しました [シナリオ名: Banユーザログイン]
[ADMIN] 10:56:28.094823 シナリオ走行を終了しました [シナリオ名: ログイン]
[ADMIN] 10:56:28.094837 シナリオ走行を開始しました [シナリオ名: ログイン]
[ADMIN] 10:56:28.117403 シナリオ走行を終了しました [シナリオ名: Banユーザログイン]
[ADMIN] 10:56:28.117415 シナリオ走行を開始しました [シナリオ名: Banユーザログイン]
[ADMIN] 10:56:28.137301 シナリオ走行を終了しました [シナリオ名: Banユーザログイン]
[ADMIN] 10:56:28.137314 シナリオ走行を開始しました [シナリオ名: Banユーザログイン]
[ADMIN] 10:56:28.138894 シナリオ走行を終了しました [シナリオ名: 新規ユーザー登録]
[ADMIN] 10:56:28.138912 シナリオ走行を開始しました [シナリオ名: 新規ユーザー登録]
[ADMIN] 10:56:28.153184 シナリオ走行を終了しました [シナリオ名: Banユーザログイン]
[ADMIN] 10:56:28.153198 シナリオ走行を開始しました [シナリオ名: Banユーザログイン]
[ADMIN] 10:56:28.170304 シナリオ走行を終了しました [シナリオ名: ログイン]
[ADMIN] 10:56:28.170312 シナリオ走行を開始しました [シナリオ名: ログイン]
[ADMIN] 10:56:28.177917 シナリオ走行を終了しました [シナリオ名: Banユーザログイン]
[ADMIN] 10:56:28.177931 シナリオ走行を開始しました [シナリオ名: Banユーザログイン]
[ADMIN] 10:56:28.217995 シナリオ走行を終了しました [シナリオ名: Banユーザログイン]
[ADMIN] 10:56:28.218009 シナリオ走行を開始しました [シナリオ名: Banユーザログイン]
[ADMIN] 10:56:28.262493 シナリオ走行を終了しました [シナリオ名: ログイン]
[ADMIN] 10:56:28.262503 シナリオ走行を開始しました [シナリオ名: ログイン]
[ADMIN] 10:56:28.281393 シナリオ走行を終了しました [シナリオ名: ログイン]
[ADMIN] 10:56:28.281410 シナリオ走行を開始しました [シナリオ名: ログイン]
[ADMIN] 10:56:28.292668 シナリオ走行を終了しました [シナリオ名: ログイン]
[ADMIN] 10:56:28.292676 シナリオ走行を開始しました [シナリオ名: ログイン]
[ADMIN] 10:56:28.311545 シナリオ走行を終了しました [シナリオ名: 新規ユーザー登録]
[ADMIN] 10:56:28.311565 シナリオ走行を開始しました [シナリオ名: 新規ユーザー登録]
[ADMIN] 10:56:28.336842 シナリオ走行を終了しました [シナリオ名: ログイン]
[ADMIN] 10:56:28.336854 シナリオ走行を開始しました [シナリオ名: ログイン]
[ADMIN] 10:56:28.342880 シナリオ走行を終了しました [シナリオ名: 新規ユーザー登録]
[ADMIN] 10:56:28.357928 シナリオ走行を終了しました [シナリオ名: ログイン]
[ADMIN] 10:56:28.357939 シナリオ走行を開始しました [シナリオ名: ログイン]
[ADMIN] 10:56:28.373234 シナリオ走行を終了しました [シナリオ名: ログイン]
[ADMIN] 10:56:28.373243 シナリオ走行を開始しました [シナリオ名: ログイン]
[ADMIN] 10:56:28.388070 シナリオ走行を終了しました [シナリオ名: ログイン]
[ADMIN] 10:56:28.388079 シナリオ走行を開始しました [シナリオ名: ログイン]
[ADMIN] 10:56:28.396184 シナリオ走行を終了しました [シナリオ名: ログイン]
[ADMIN] 10:56:28.396194 シナリオ走行を開始しました [シナリオ名: ログイン]
[ADMIN] 10:56:28.414838 シナリオ走行を終了しました [シナリオ名: 新規ユーザー登録]
[ADMIN] 10:56:28.414858 シナリオ走行を開始しました [シナリオ名: 新規ユーザー登録]
[ADMIN] 10:56:28.414913 シナリオ走行を開始しました [シナリオ名: 新規ユーザー登録]
[ADMIN] 10:56:28.443133 シナリオ走行を終了しました [シナリオ名: ログイン]
[ADMIN] 10:56:28.443148 シナリオ走行を開始しました [シナリオ名: ログイン]
[ADMIN] 10:56:28.476970 シナリオ走行を終了しました [シナリオ名: ログイン]
[ADMIN] 10:56:28.476984 シナリオ走行を開始しました [シナリオ名: ログイン]
[ADMIN] 10:56:28.481584 シナリオ走行を終了しました [シナリオ名: ログイン]
[ADMIN] 10:56:28.481595 シナリオ走行を開始しました [シナリオ名: ログイン]
[ADMIN] 10:56:28.525977 シナリオ走行を終了しました [シナリオ名: ログイン]
[ADMIN] 10:56:28.525990 シナリオ走行を開始しました [シナリオ名: ログイン]
[ADMIN] 10:56:28.531394 シナリオ走行を終了しました [シナリオ名: ログイン]
[ADMIN] 10:56:28.531403 シナリオ走行を開始しました [シナリオ名: ログイン]
[ADMIN] 10:56:28.532193 シナリオ走行を終了しました [シナリオ名: ログイン]
[ADMIN] 10:56:28.532200 シナリオ走行を開始しました [シナリオ名: ログイン]
[ADMIN] 10:56:28.562911 シナリオ走行を終了しました [シナリオ名: ログイン]
[ADMIN] 10:56:28.562922 シナリオ走行を開始しました [シナリオ名: ログイン]
[ADMIN] 10:56:28.587137 シナリオ走行を終了しました [シナリオ名: ログイン]
[ADMIN] 10:56:28.587148 シナリオ走行を開始しました [シナリオ名: ログイン]
[ADMIN] 10:56:28.589625 シナリオ走行を終了しました [シナリオ名: Banユーザログイン]
[ADMIN] 10:56:28.589641 シナリオ走行を開始しました [シナリオ名: Banユーザログイン]
[ADMIN] 10:56:28.603806 シナリオ走行を終了しました [シナリオ名: ログイン]
[ADMIN] 10:56:28.603814 シナリオ走行を開始しました [シナリオ名: ログイン]
[ADMIN] 10:56:28.617230 シナリオ走行を終了しました [シナリオ名: 新規ユーザー登録]
[ADMIN] 10:56:28.622329 シナリオ走行を終了しました [シナリオ名: Banユーザログイン]
[ADMIN] 10:56:28.622350 シナリオ走行を開始しました [シナリオ名: Banユーザログイン]
[ADMIN] 10:56:28.689650 シナリオ走行を終了しました [シナリオ名: Banユーザログイン]
[ADMIN] 10:56:28.689665 シナリオ走行を開始しました [シナリオ名: Banユーザログイン]
[ADMIN] 10:56:28.700160 シナリオ走行を終了しました [シナリオ名: Banユーザログイン]
[ADMIN] 10:56:28.700175 シナリオ走行を開始しました [シナリオ名: Banユーザログイン]
[ADMIN] 10:56:28.708628 シナリオ走行を終了しました [シナリオ名: ログイン]
[ADMIN] 10:56:28.708638 シナリオ走行を開始しました [シナリオ名: ログイン]
[ADMIN] 10:56:28.713637 シナリオ走行を終了しました [シナリオ名: ログイン]
[ADMIN] 10:56:28.713648 シナリオ走行を開始しました [シナリオ名: ログイン]
[ADMIN] 10:56:28.716038 シナリオ走行を終了しました [シナリオ名: Banユーザログイン]
[ADMIN] 10:56:28.716052 シナリオ走行を開始しました [シナリオ名: Banユーザログイン]
[ADMIN] 10:56:28.720176 シナリオ走行を終了しました [シナリオ名: ログイン]
[ADMIN] 10:56:28.720185 シナリオ走行を開始しました [シナリオ名: ログイン]
[ADMIN] 10:56:28.737283 シナリオ走行を終了しました [シナリオ名: ログイン]
[ADMIN] 10:56:28.737293 シナリオ走行を開始しました [シナリオ名: ログイン]
[ADMIN] 10:56:28.744658 シナリオ走行を終了しました [シナリオ名: Banユーザログイン]
[ADMIN] 10:56:28.744669 シナリオ走行を開始しました [シナリオ名: Banユーザログイン]
[ADMIN] 10:56:28.746315 シナリオ走行を終了しました [シナリオ名: ログイン]
[ADMIN] 10:56:28.746324 シナリオ走行を開始しました [シナリオ名: ログイン]
[ADMIN] 10:56:28.754734 シナリオ走行を終了しました [シナリオ名: ログイン]
[ADMIN] 10:56:28.754744 シナリオ走行を開始しました [シナリオ名: ログイン]
[ADMIN] 10:56:28.763015 シナリオ走行を終了しました [シナリオ名: Banユーザログイン]
[ADMIN] 10:56:28.763029 シナリオ走行を開始しました [シナリオ名: Banユーザログイン]
[ADMIN] 10:56:28.774639 シナリオ走行を終了しました [シナリオ名: Banユーザログイン]
[ADMIN] 10:56:28.774652 シナリオ走行を開始しました [シナリオ名: Banユーザログイン]
[ADMIN] 10:56:28.805172 シナリオ走行を終了しました [シナリオ名: ログイン]
[ADMIN] 10:56:28.805193 シナリオ走行を開始しました [シナリオ名: ログイン]
[ADMIN] 10:56:28.931352 シナリオ走行を終了しました [シナリオ名: ログイン]
[ADMIN] 10:56:28.931365 シナリオ走行を開始しました [シナリオ名: ログイン]
[ADMIN] 10:56:28.935542 シナリオ走行を終了しました [シナリオ名: ログイン]
[ADMIN] 10:56:28.935554 シナリオ走行を開始しました [シナリオ名: ログイン]
[ADMIN] 10:56:28.962925 シナリオ走行を終了しました [シナリオ名: ログイン]
[ADMIN] 10:56:28.962941 シナリオ走行を開始しました [シナリオ名: ログイン]
[ADMIN] 10:56:28.982316 シナリオ走行を終了しました [シナリオ名: ログイン]
[ADMIN] 10:56:28.982329 シナリオ走行を開始しました [シナリオ名: ログイン]
[ADMIN] 10:56:29.003035 シナリオ走行を終了しました [シナリオ名: ログイン]
[ADMIN] 10:56:29.003047 シナリオ走行を開始しました [シナリオ名: ログイン]
[ADMIN] 10:56:29.067207 シナリオ走行を終了しました [シナリオ名: ログイン]
[ADMIN] 10:56:29.067221 シナリオ走行を開始しました [シナリオ名: ログイン]
[ADMIN] 10:56:29.228305 シナリオ走行を終了しました [シナリオ名: Banユーザログイン]
[ADMIN] 10:56:29.228322 シナリオ走行を開始しました [シナリオ名: Banユーザログイン]
[ADMIN] 10:56:29.234129 シナリオ走行を終了しました [シナリオ名: Banユーザログイン]
[ADMIN] 10:56:29.234149 シナリオ走行を開始しました [シナリオ名: Banユーザログイン]
[ADMIN] 10:56:29.236093 シナリオ走行を終了しました [シナリオ名: ログイン]
[ADMIN] 10:56:29.236104 シナリオ走行を開始しました [シナリオ名: ログイン]
[ADMIN] 10:56:29.244249 シナリオ走行を終了しました [シナリオ名: Banユーザログイン]
[ADMIN] 10:56:29.244265 シナリオ走行を開始しました [シナリオ名: Banユーザログイン]
[ADMIN] 10:56:29.273789 シナリオ走行を終了しました [シナリオ名: Banユーザログイン]
[ADMIN] 10:56:29.273801 シナリオ走行を開始しました [シナリオ名: Banユーザログイン]
[ADMIN] 10:56:29.284863 シナリオ走行を終了しました [シナリオ名: Banユーザログイン]
[ADMIN] 10:56:29.284872 シナリオ走行を開始しました [シナリオ名: Banユーザログイン]
[ADMIN] 10:56:29.351392 シナリオ走行を終了しました [シナリオ名: Banユーザログイン]
[ADMIN] 10:56:29.351412 シナリオ走行を開始しました [シナリオ名: Banユーザログイン]
[ADMIN] 10:56:29.353811 シナリオ走行を終了しました [シナリオ名: ログイン]
[ADMIN] 10:56:29.353825 シナリオ走行を開始しました [シナリオ名: ログイン]
[ADMIN] 10:56:29.371000 シナリオ走行を終了しました [シナリオ名: Banユーザログイン]
[ADMIN] 10:56:29.371014 シナリオ走行を開始しました [シナリオ名: Banユーザログイン]
[ADMIN] 10:56:29.397506 シナリオ走行を終了しました [シナリオ名: ログイン]
[ADMIN] 10:56:29.397518 シナリオ走行を開始しました [シナリオ名: ログイン]
[ADMIN] 10:56:29.418158 シナリオ走行を終了しました [シナリオ名: Banユーザログイン]
[ADMIN] 10:56:29.418174 シナリオ走行を開始しました [シナリオ名: Banユーザログイン]
[ADMIN] 10:56:29.454399 シナリオ走行を終了しました [シナリオ名: ログイン]
[ADMIN] 10:56:29.454412 シナリオ走行を開始しました [シナリオ名: ログイン]
[ADMIN] 10:56:29.473031 シナリオ走行を終了しました [シナリオ名: ログイン]
[ADMIN] 10:56:29.473040 シナリオ走行を開始しました [シナリオ名: ログイン]
[ADMIN] 10:56:29.495555 シナリオ走行を終了しました [シナリオ名: ログイン]
[ADMIN] 10:56:29.495567 シナリオ走行を開始しました [シナリオ名: ログイン]
[ADMIN] 10:56:29.498756 シナリオ走行を終了しました [シナリオ名: ログイン]
[ADMIN] 10:56:29.498766 シナリオ走行を開始しました [シナリオ名: ログイン]
[ADMIN] 10:56:29.501676 シナリオ走行を終了しました [シナリオ名: ログイン]
[ADMIN] 10:56:29.501685 シナリオ走行を開始しました [シナリオ名: ログイン]
[ADMIN] 10:56:29.501905 シナリオ走行を終了しました [シナリオ名: ログイン]
[ADMIN] 10:56:29.501913 シナリオ走行を開始しました [シナリオ名: ログイン]
[ADMIN] 10:56:29.602062 シナリオ走行を終了しました [シナリオ名: ログイン]
[ADMIN] 10:56:29.602079 シナリオ走行を開始しました [シナリオ名: ログイン]
[ADMIN] 10:56:29.642742 シナリオ走行を終了しました [シナリオ名: ログイン]
[ADMIN] 10:56:29.642754 シナリオ走行を開始しました [シナリオ名: ログイン]
[ADMIN] 10:56:29.644897 シナリオ走行を終了しました [シナリオ名: ログイン]
[ADMIN] 10:56:29.644908 シナリオ走行を開始しました [シナリオ名: ログイン]
[ADMIN] 10:56:29.647182 シナリオ走行を終了しました [シナリオ名: ログイン]
[ADMIN] 10:56:29.647191 シナリオ走行を開始しました [シナリオ名: ログイン]
[ADMIN] 10:56:29.652780 シナリオ走行を終了しました [シナリオ名: ログイン]
[ADMIN] 10:56:29.652789 シナリオ走行を開始しました [シナリオ名: ログイン]
[ADMIN] 10:56:29.676290 シナリオ走行を終了しました [シナリオ名: ログイン]
[ADMIN] 10:56:29.676298 シナリオ走行を開始しました [シナリオ名: ログイン]
[ADMIN] 10:56:29.677470 シナリオ走行を終了しました [シナリオ名: ログイン]
[ADMIN] 10:56:29.677478 シナリオ走行を開始しました [シナリオ名: ログイン]
[ADMIN] 10:56:29.729955 シナリオ走行を終了しました [シナリオ名: ログイン]
[ADMIN] 10:56:29.729969 シナリオ走行を開始しました [シナリオ名: ログイン]
[ADMIN] 10:56:29.730096 シナリオ走行を終了しました [シナリオ名: ログイン]
[ADMIN] 10:56:29.730108 シナリオ走行を開始しました [シナリオ名: ログイン]
[ADMIN] 10:56:29.749347 シナリオ走行を終了しました [シナリオ名: ログイン]
[ADMIN] 10:56:29.749359 シナリオ走行を開始しました [シナリオ名: ログイン]
[ADMIN] 10:56:29.770026 シナリオ走行を終了しました [シナリオ名: ログイン]
[ADMIN] 10:56:29.770038 シナリオ走行を開始しました [シナリオ名: ログイン]
[ADMIN] 10:56:29.783851 シナリオ走行を終了しました [シナリオ名: ログイン]
[ADMIN] 10:56:29.783862 シナリオ走行を開始しました [シナリオ名: ログイン]
[ADMIN] 10:56:29.800490 シナリオ走行を終了しました [シナリオ名: Banユーザログイン]
[ADMIN] 10:56:29.800508 シナリオ走行を開始しました [シナリオ名: Banユーザログイン]
[ADMIN] 10:56:29.809812 シナリオ走行を終了しました [シナリオ名: Banユーザログイン]
[ADMIN] 10:56:29.809827 シナリオ走行を開始しました [シナリオ名: Banユーザログイン]
[ADMIN] 10:56:29.811167 シナリオ走行を終了しました [シナリオ名: ログイン]
[ADMIN] 10:56:29.811176 シナリオ走行を開始しました [シナリオ名: ログイン]
[ADMIN] 10:56:29.837174 シナリオ走行を終了しました [シナリオ名: Banユーザログイン]
[ADMIN] 10:56:29.837193 シナリオ走行を開始しました [シナリオ名: Banユーザログイン]
[ADMIN] 10:56:29.857247 シナリオ走行を終了しました [シナリオ名: Banユーザログイン]
[ADMIN] 10:56:29.857262 シナリオ走行を開始しました [シナリオ名: Banユーザログイン]
[ADMIN] 10:56:29.896019 シナリオ走行を終了しました [シナリオ名: Banユーザログイン]
[ADMIN] 10:56:29.896034 シナリオ走行を開始しました [シナリオ名: Banユーザログイン]
[ADMIN] 10:56:29.899928 シナリオ走行を終了しました [シナリオ名: Banユーザログイン]
[ADMIN] 10:56:29.899943 シナリオ走行を開始しました [シナリオ名: Banユーザログイン]
[ADMIN] 10:56:29.925539 シナリオ走行を終了しました [シナリオ名: Banユーザログイン]
[ADMIN] 10:56:29.925555 シナリオ走行を開始しました [シナリオ名: Banユーザログイン]
[ADMIN] 10:56:29.957994 シナリオ走行を終了しました [シナリオ名: ログイン]
[ADMIN] 10:56:29.958005 シナリオ走行を開始しました [シナリオ名: ログイン]
[ADMIN] 10:56:29.969925 シナリオ走行を終了しました [シナリオ名: Banユーザログイン]
[ADMIN] 10:56:29.969942 シナリオ走行を開始しました [シナリオ名: Banユーザログイン]
[ADMIN] 10:56:30.019934 シナリオ走行を終了しました [シナリオ名: ログイン]
[ADMIN] 10:56:30.019945 シナリオ走行を開始しました [シナリオ名: ログイン]
[ADMIN] 10:56:30.231226 シナリオ走行を終了しました [シナリオ名: ログイン]
[ADMIN] 10:56:30.231239 シナリオ走行を開始しました [シナリオ名: ログイン]
[ADMIN] 10:56:30.249555 シナリオ走行を終了しました [シナリオ名: ログイン]
[ADMIN] 10:56:30.249572 シナリオ走行を開始しました [シナリオ名: ログイン]
[ADMIN] 10:56:30.281994 シナリオ走行を終了しました [シナリオ名: ログイン]
[ADMIN] 10:56:30.282009 シナリオ走行を開始しました [シナリオ名: ログイン]
[ADMIN] 10:56:30.337458 シナリオ走行を終了しました [シナリオ名: ログイン]
[ADMIN] 10:56:30.337475 シナリオ走行を開始しました [シナリオ名: ログイン]
[ADMIN] 10:56:30.357203 シナリオ走行を終了しました [シナリオ名: ログイン]
[ADMIN] 10:56:30.357215 シナリオ走行を開始しました [シナリオ名: ログイン]
[ADMIN] 10:56:30.361419 シナリオ走行を終了しました [シナリオ名: Banユーザログイン]
[ADMIN] 10:56:30.361430 シナリオ走行を開始しました [シナリオ名: Banユーザログイン]
[ADMIN] 10:56:30.404965 シナリオ走行を終了しました [シナリオ名: ログイン]
[ADMIN] 10:56:30.404974 シナリオ走行を開始しました [シナリオ名: ログイン]
[ADMIN] 10:56:30.434160 シナリオ走行を終了しました [シナリオ名: 新規ユーザー登録]
[ADMIN] 10:56:30.434182 シナリオ走行を開始しました [シナリオ名: 新規ユーザー登録]
[ADMIN] 10:56:30.434217 シナリオ走行を開始しました [シナリオ名: 新規ユーザー登録]
[ADMIN] 10:56:30.445883 シナリオ走行を終了しました [シナリオ名: Banユーザログイン]
[ADMIN] 10:56:30.445900 シナリオ走行を開始しました [シナリオ名: Banユーザログイン]
[ADMIN] 10:56:30.445933 シナリオ走行を終了しました [シナリオ名: ログイン]
[ADMIN] 10:56:30.445942 シナリオ走行を開始しました [シナリオ名: ログイン]
[ADMIN] 10:56:30.456197 シナリオ走行を終了しました [シナリオ名: Banユーザログイン]
[ADMIN] 10:56:30.456211 シナリオ走行を開始しました [シナリオ名: Banユーザログイン]
[ADMIN] 10:56:30.463674 シナリオ走行を終了しました [シナリオ名: 新規ユーザー登録]
[ADMIN] 10:56:30.463714 シナリオ走行を開始しました [シナリオ名: 新規ユーザー登録]
[ADMIN] 10:56:30.472313 シナリオ走行を終了しました [シナリオ名: ログイン]
[ADMIN] 10:56:30.472324 シナリオ走行を開始しました [シナリオ名: ログイン]
[ADMIN] 10:56:30.496268 シナリオ走行を終了しました [シナリオ名: ログイン]
[ADMIN] 10:56:30.496277 シナリオ走行を開始しました [シナリオ名: ログイン]
[ADMIN] 10:56:30.511203 シナリオ走行を終了しました [シナリオ名: Banユーザログイン]
[ADMIN] 10:56:30.511218 シナリオ走行を開始しました [シナリオ名: Banユーザログイン]
[ADMIN] 10:56:30.512380 シナリオ走行を終了しました [シナリオ名: ログイン]
[ADMIN] 10:56:30.512389 シナリオ走行を開始しました [シナリオ名: ログイン]
[ADMIN] 10:56:30.533299 シナリオ走行を終了しました [シナリオ名: Banユーザログイン]
[ADMIN] 10:56:30.533318 シナリオ走行を開始しました [シナリオ名: Banユーザログイン]
[ADMIN] 10:56:30.534729 シナリオ走行を終了しました [シナリオ名: Banユーザログイン]
[ADMIN] 10:56:30.534742 シナリオ走行を開始しました [シナリオ名: Banユーザログイン]
[ADMIN] 10:56:30.539266 シナリオ走行を終了しました [シナリオ名: Banユーザログイン]
[ADMIN] 10:56:30.539274 シナリオ走行を開始しました [シナリオ名: Banユーザログイン]
[ADMIN] 10:56:30.542117 シナリオ走行を終了しました [シナリオ名: ログイン]
[ADMIN] 10:56:30.542127 シナリオ走行を開始しました [シナリオ名: ログイン]
[ADMIN] 10:56:30.564580 シナリオ走行を終了しました [シナリオ名: ログイン]
[ADMIN] 10:56:30.564593 シナリオ走行を開始しました [シナリオ名: ログイン]
[ADMIN] 10:56:30.574607 シナリオ走行を終了しました [シナリオ名: Banユーザログイン]
[ADMIN] 10:56:30.574635 シナリオ走行を開始しました [シナリオ名: Banユーザログイン]
[ADMIN] 10:56:30.579499 シナリオ走行を終了しました [シナリオ名: ログイン]
[ADMIN] 10:56:30.579508 シナリオ走行を開始しました [シナリオ名: ログイン]
[ADMIN] 10:56:30.628731 シナリオ走行を終了しました [シナリオ名: ログイン]
[ADMIN] 10:56:30.628745 シナリオ走行を開始しました [シナリオ名: ログイン]
[ADMIN] 10:56:30.632486 シナリオ走行を終了しました [シナリオ名: ログイン]
[ADMIN] 10:56:30.632497 シナリオ走行を開始しました [シナリオ名: ログイン]
[ADMIN] 10:56:30.645458 シナリオ走行を終了しました [シナリオ名: ログイン]
[ADMIN] 10:56:30.645467 シナリオ走行を開始しました [シナリオ名: ログイン]
[ADMIN] 10:56:30.666302 シナリオ走行を終了しました [シナリオ名: ログイン]
[ADMIN] 10:56:30.666312 シナリオ走行を開始しました [シナリオ名: ログイン]
[ADMIN] 10:56:30.697610 シナリオ走行を終了しました [シナリオ名: 新規ユーザー登録]
[ADMIN] 10:56:30.697631 シナリオ走行を開始しました [シナリオ名: 新規ユーザー登録]
[ADMIN] 10:56:30.756791 シナリオ走行を終了しました [シナリオ名: ログイン]
[ADMIN] 10:56:30.756800 シナリオ走行を開始しました [シナリオ名: ログイン]
[ADMIN] 10:56:30.780110 シナリオ走行を終了しました [シナリオ名: 新規ユーザー登録]
[ADMIN] 10:56:30.780126 シナリオ走行を開始しました [シナリオ名: 新規ユーザー登録]
[ADMIN] 10:56:30.807081 シナリオ走行を終了しました [シナリオ名: ログイン]
[ADMIN] 10:56:30.807090 シナリオ走行を開始しました [シナリオ名: ログイン]
[ADMIN] 10:56:30.821429 シナリオ走行を終了しました [シナリオ名: 新規ユーザー登録]
[ADMIN] 10:56:30.821447 シナリオ走行を開始しました [シナリオ名: 新規ユーザー登録]
[ADMIN] 10:56:30.867307 シナリオ走行を終了しました [シナリオ名: ログイン]
[ADMIN] 10:56:30.867318 シナリオ走行を開始しました [シナリオ名: ログイン]
[ADMIN] 10:56:30.907821 シナリオ走行を終了しました [シナリオ名: Banユーザログイン]
[ADMIN] 10:56:30.907837 シナリオ走行を開始しました [シナリオ名: Banユーザログイン]
[ADMIN] 10:56:30.909446 シナリオ走行を終了しました [シナリオ名: ログイン]
[ADMIN] 10:56:30.909453 シナリオ走行を開始しました [シナリオ名: ログイン]
[ADMIN] 10:56:30.919650 シナリオ走行を終了しました [シナリオ名: 新規ユーザー登録]
[ADMIN] 10:56:30.919672 シナリオ走行を開始しました [シナリオ名: 新規ユーザー登録]
[ADMIN] 10:56:30.936504 シナリオ走行を終了しました [シナリオ名: 新規ユーザー登録]
[ADMIN] 10:56:30.936547 シナリオ走行を開始しました [シナリオ名: 新規ユーザー登録]
[ADMIN] 10:56:30.947646 シナリオ走行を終了しました [シナリオ名: 新規ユーザー登録]
[ADMIN] 10:56:30.947662 シナリオ走行を開始しました [シナリオ名: 新規ユーザー登録]
[ADMIN] 10:56:30.951462 シナリオ走行を終了しました [シナリオ名: ログイン]
[ADMIN] 10:56:30.951472 シナリオ走行を開始しました [シナリオ名: ログイン]
[ADMIN] 10:56:30.960026 シナリオ走行を終了しました [シナリオ名: ログイン]
[ADMIN] 10:56:30.960035 シナリオ走行を開始しました [シナリオ名: ログイン]
[ADMIN] 10:56:31.005712 シナリオ走行を終了しました [シナリオ名: Banユーザログイン]
[ADMIN] 10:56:31.005728 シナリオ走行を開始しました [シナリオ名: Banユーザログイン]
[ADMIN] 10:56:31.019491 シナリオ走行を終了しました [シナリオ名: ログイン]
[ADMIN] 10:56:31.019499 シナリオ走行を開始しました [シナリオ名: ログイン]
[ADMIN] 10:56:31.039211 シナリオ走行を終了しました [シナリオ名: 新規ユーザー登録]
[ADMIN] 10:56:31.039278 シナリオ走行を開始しました [シナリオ名: 新規ユーザー登録]
[ADMIN] 10:56:31.059940 シナリオ走行を終了しました [シナリオ名: 新規ユーザー登録]
[ADMIN] 10:56:31.060015 シナリオ走行を開始しました [シナリオ名: 新規ユーザー登録]
[ADMIN] 10:56:31.060076 シナリオ走行を終了しました [シナリオ名: ログイン]
[ADMIN] 10:56:31.060093 シナリオ走行を開始しました [シナリオ名: ログイン]
[ADMIN] 10:56:31.087061 シナリオ走行を終了しました [シナリオ名: Banユーザログイン]
[ADMIN] 10:56:31.087078 シナリオ走行を開始しました [シナリオ名: Banユーザログイン]
[ADMIN] 10:56:31.093688 シナリオ走行を終了しました [シナリオ名: Banユーザログイン]
[ADMIN] 10:56:31.093703 シナリオ走行を開始しました [シナリオ名: Banユーザログイン]
[ADMIN] 10:56:31.098838 シナリオ走行を終了しました [シナリオ名: Banユーザログイン]
[ADMIN] 10:56:31.098847 シナリオ走行を開始しました [シナリオ名: Banユーザログイン]
[ADMIN] 10:56:31.102671 シナリオ走行を終了しました [シナリオ名: Banユーザログイン]
[ADMIN] 10:56:31.102680 シナリオ走行を開始しました [シナリオ名: Banユーザログイン]
[ADMIN] 10:56:31.110493 シナリオ走行を終了しました [シナリオ名: ログイン]
[ADMIN] 10:56:31.110503 シナリオ走行を開始しました [シナリオ名: ログイン]
[ADMIN] 10:56:31.111567 シナリオ走行を終了しました [シナリオ名: 新規ユーザー登録]
[ADMIN] 10:56:31.111587 シナリオ走行を開始しました [シナリオ名: 新規ユーザー登録]
[ADMIN] 10:56:31.138980 シナリオ走行を終了しました [シナリオ名: ログイン]
[ADMIN] 10:56:31.138990 シナリオ走行を開始しました [シナリオ名: ログイン]
[ADMIN] 10:56:31.148906 シナリオ走行を終了しました [シナリオ名: Banユーザログイン]
[ADMIN] 10:56:31.148923 シナリオ走行を開始しました [シナリオ名: Banユーザログイン]
[ADMIN] 10:56:31.149723 シナリオ走行を終了しました [シナリオ名: ログイン]
[ADMIN] 10:56:31.149733 シナリオ走行を開始しました [シナリオ名: ログイン]
[ADMIN] 10:56:31.160540 シナリオ走行を終了しました [シナリオ名: ログイン]
[ADMIN] 10:56:31.160548 シナリオ走行を開始しました [シナリオ名: ログイン]
[ADMIN] 10:56:31.164303 シナリオ走行を終了しました [シナリオ名: ログイン]
[ADMIN] 10:56:31.164312 シナリオ走行を開始しました [シナリオ名: ログイン]
[ADMIN] 10:56:31.167913 シナリオ走行を終了しました [シナリオ名: 新規ユーザー登録]
[ADMIN] 10:56:31.167935 シナリオ走行を開始しました [シナリオ名: 新規ユーザー登録]
[ADMIN] 10:56:31.182310 シナリオ走行を終了しました [シナリオ名: ログイン]
[ADMIN] 10:56:31.182322 シナリオ走行を開始しました [シナリオ名: ログイン]
[ADMIN] 10:56:31.219813 シナリオ走行を終了しました [シナリオ名: Banユーザログイン]
[ADMIN] 10:56:31.219828 シナリオ走行を開始しました [シナリオ名: Banユーザログイン]
[ADMIN] 10:56:31.221254 シナリオ走行を終了しました [シナリオ名: 新規ユーザー登録]
[ADMIN] 10:56:31.221271 シナリオ走行を開始しました [シナリオ名: 新規ユーザー登録]
[ADMIN] 10:56:31.231769 シナリオ走行を終了しました [シナリオ名: 新規ユーザー登録]
[ADMIN] 10:56:31.231783 シナリオ走行を開始しました [シナリオ名: 新規ユーザー登録]
[ADMIN] 10:56:31.258388 シナリオ走行を終了しました [シナリオ名: ログイン]
[ADMIN] 10:56:31.258402 シナリオ走行を開始しました [シナリオ名: ログイン]
[ADMIN] 10:56:31.270499 シナリオ走行を終了しました [シナリオ名: 新規ユーザー登録]
[ADMIN] 10:56:31.270524 シナリオ走行を開始しました [シナリオ名: 新規ユーザー登録]
[ADMIN] 10:56:31.273460 シナリオ走行を終了しました [シナリオ名: ログイン]
[ADMIN] 10:56:31.273470 シナリオ走行を開始しました [シナリオ名: ログイン]
[ADMIN] 10:56:31.281672 シナリオ走行を終了しました [シナリオ名: 新規ユーザー登録]
[ADMIN] 10:56:31.281690 シナリオ走行を開始しました [シナリオ名: 新規ユーザー登録]
[ADMIN] 10:56:31.319791 シナリオ走行を終了しました [シナリオ名: ログイン]
[ADMIN] 10:56:31.319801 シナリオ走行を開始しました [シナリオ名: ログイン]
[ADMIN] 10:56:31.342777 シナリオ走行を終了しました [シナリオ名: ログイン]
[ADMIN] 10:56:31.342789 シナリオ走行を開始しました [シナリオ名: ログイン]
[ADMIN] 10:56:31.343517 シナリオ走行を終了しました [シナリオ名: 新規ユーザー登録]
[ADMIN] 10:56:31.343533 シナリオ走行を開始しました [シナリオ名: 新規ユーザー登録]
[ADMIN] 10:56:31.357714 シナリオ走行を終了しました [シナリオ名: 新規ユーザー登録]
[ADMIN] 10:56:31.357732 シナリオ走行を開始しました [シナリオ名: 新規ユーザー登録]
[ADMIN] 10:56:31.377074 シナリオ走行を終了しました [シナリオ名: 新規ユーザー登録]
[ADMIN] 10:56:31.377098 シナリオ走行を開始しました [シナリオ名: 新規ユーザー登録]
[ADMIN] 10:56:31.400528 シナリオ走行を終了しました [シナリオ名: 新規ユーザー登録]
[ADMIN] 10:56:31.400553 シナリオ走行を開始しました [シナリオ名: 新規ユーザー登録]
[ADMIN] 10:56:31.420577 シナリオ走行を終了しました [シナリオ名: ログイン]
[ADMIN] 10:56:31.420591 シナリオ走行を開始しました [シナリオ名: ログイン]
[ADMIN] 10:56:31.430692 シナリオ走行を終了しました [シナリオ名: 新規ユーザー登録]
[ADMIN] 10:56:31.430717 シナリオ走行を開始しました [シナリオ名: 新規ユーザー登録]
[ADMIN] 10:56:31.430812 シナリオ走行を終了しました [シナリオ名: ログイン]
[ADMIN] 10:56:31.430822 シナリオ走行を開始しました [シナリオ名: ログイン]
[ADMIN] 10:56:31.488032 シナリオ走行を終了しました [シナリオ名: 新規ユーザー登録]
[ADMIN] 10:56:31.488057 シナリオ走行を開始しました [シナリオ名: 新規ユーザー登録]
[ADMIN] 10:56:31.503377 シナリオ走行を終了しました [シナリオ名: ログイン]
[ADMIN] 10:56:31.503390 シナリオ走行を開始しました [シナリオ名: ログイン]
[ADMIN] 10:56:31.562307 シナリオ走行を終了しました [シナリオ名: 新規ユーザー登録]
[ADMIN] 10:56:31.562335 シナリオ走行を開始しました [シナリオ名: 新規ユーザー登録]
[ADMIN] 10:56:31.564922 シナリオ走行を終了しました [シナリオ名: ログイン]
[ADMIN] 10:56:31.564934 シナリオ走行を開始しました [シナリオ名: ログイン]
[ADMIN] 10:56:31.578393 シナリオ走行を終了しました [シナリオ名: Banユーザログイン]
[ADMIN] 10:56:31.578408 シナリオ走行を開始しました [シナリオ名: Banユーザログイン]
[ADMIN] 10:56:31.590488 シナリオ走行を終了しました [シナリオ名: Banユーザログイン]
[ADMIN] 10:56:31.590506 シナリオ走行を開始しました [シナリオ名: Banユーザログイン]
[ADMIN] 10:56:31.599563 シナリオ走行を終了しました [シナリオ名: ログイン]
[ADMIN] 10:56:31.599573 シナリオ走行を開始しました [シナリオ名: ログイン]
[ADMIN] 10:56:31.604128 シナリオ走行を終了しました [シナリオ名: 新規ユーザー登録]
[ADMIN] 10:56:31.604148 シナリオ走行を開始しました [シナリオ名: 新規ユーザー登録]
[ADMIN] 10:56:31.618441 シナリオ走行を終了しました [シナリオ名: ログイン]
[ADMIN] 10:56:31.618451 シナリオ走行を開始しました [シナリオ名: ログイン]
[ADMIN] 10:56:31.640295 シナリオ走行を終了しました [シナリオ名: 新規ユーザー登録]
[ADMIN] 10:56:31.640314 シナリオ走行を開始しました [シナリオ名: 新規ユーザー登録]
[ADMIN] 10:56:31.640627 シナリオ走行を終了しました [シナリオ名: Banユーザログイン]
[ADMIN] 10:56:31.640637 シナリオ走行を開始しました [シナリオ名: Banユーザログイン]
[ADMIN] 10:56:31.643059 シナリオ走行を終了しました [シナリオ名: Banユーザログイン]
[ADMIN] 10:56:31.643071 シナリオ走行を開始しました [シナリオ名: Banユーザログイン]
[ADMIN] 10:56:31.655404 シナリオ走行を終了しました [シナリオ名: Banユーザログイン]
[ADMIN] 10:56:31.655415 シナリオ走行を開始しました [シナリオ名: Banユーザログイン]
[ADMIN] 10:56:31.656287 シナリオ走行を終了しました [シナリオ名: ログイン]
[ADMIN] 10:56:31.656296 シナリオ走行を開始しました [シナリオ名: ログイン]
[ADMIN] 10:56:31.664582 シナリオ走行を終了しました [シナリオ名: ログイン]
[ADMIN] 10:56:31.664590 シナリオ走行を開始しました [シナリオ名: ログイン]
[ADMIN] 10:56:31.665203 シナリオ走行を終了しました [シナリオ名: ログイン]
[ADMIN] 10:56:31.665211 シナリオ走行を開始しました [シナリオ名: ログイン]
[ADMIN] 10:56:31.708949 シナリオ走行を終了しました [シナリオ名: 新規ユーザー登録]
[ADMIN] 10:56:31.708964 シナリオ走行を開始しました [シナリオ名: 新規ユーザー登録]
[ADMIN] 10:56:31.715826 シナリオ走行を終了しました [シナリオ名: Banユーザログイン]
[ADMIN] 10:56:31.715838 シナリオ走行を開始しました [シナリオ名: Banユーザログイン]
[ADMIN] 10:56:31.726139 シナリオ走行を終了しました [シナリオ名: 新規ユーザー登録]
[ADMIN] 10:56:31.726155 シナリオ走行を開始しました [シナリオ名: 新規ユーザー登録]
[ADMIN] 10:56:31.735984 シナリオ走行を終了しました [シナリオ名: Banユーザログイン]
[ADMIN] 10:56:31.736000 シナリオ走行を開始しました [シナリオ名: Banユーザログイン]
[ADMIN] 10:56:31.739441 シナリオ走行を終了しました [シナリオ名: Banユーザログイン]
[ADMIN] 10:56:31.739454 シナリオ走行を開始しました [シナリオ名: Banユーザログイン]
[ADMIN] 10:56:31.749219 シナリオ走行を終了しました [シナリオ名: ログイン]
[ADMIN] 10:56:31.749227 シナリオ走行を開始しました [シナリオ名: ログイン]
[ADMIN] 10:56:31.751786 シナリオ走行を終了しました [シナリオ名: ログイン]
[ADMIN] 10:56:31.751798 シナリオ走行を開始しました [シナリオ名: ログイン]
[ADMIN] 10:56:31.870254 シナリオ走行を終了しました [シナリオ名: ログイン]
[ADMIN] 10:56:31.870266 シナリオ走行を開始しました [シナリオ名: ログイン]
[ADMIN] 10:56:31.907328 シナリオ走行を終了しました [シナリオ名: ログイン]
[ADMIN] 10:56:31.907341 シナリオ走行を開始しました [シナリオ名: ログイン]
[ADMIN] 10:56:31.921984 シナリオ走行を終了しました [シナリオ名: ログイン]
[ADMIN] 10:56:31.921998 シナリオ走行を開始しました [シナリオ名: ログイン]
[ADMIN] 10:56:31.966717 シナリオ走行を終了しました [シナリオ名: ログイン]
[ADMIN] 10:56:31.966731 シナリオ走行を開始しました [シナリオ名: ログイン]
[ADMIN] 10:56:31.967442 シナリオ走行を終了しました [シナリオ名: ログイン]
[ADMIN] 10:56:31.967451 シナリオ走行を開始しました [シナリオ名: ログイン]
[ADMIN] 10:56:31.976504 シナリオ走行を終了しました [シナリオ名: ログイン]
[ADMIN] 10:56:31.976513 シナリオ走行を開始しました [シナリオ名: ログイン]
[ADMIN] 10:56:31.986813 シナリオ走行を終了しました [シナリオ名: 新規ユーザー登録]
[ADMIN] 10:56:31.986834 シナリオ走行を開始しました [シナリオ名: 新規ユーザー登録]
[ADMIN] 10:56:31.999947 シナリオ走行を終了しました [シナリオ名: ログイン]
[ADMIN] 10:56:31.999958 シナリオ走行を開始しました [シナリオ名: ログイン]
[ADMIN] 10:56:32.102050 シナリオ走行を終了しました [シナリオ名: ログイン]
[ADMIN] 10:56:32.102063 シナリオ走行を開始しました [シナリオ名: ログイン]
[ADMIN] 10:56:32.106577 シナリオ走行を終了しました [シナリオ名: Banユーザログイン]
[ADMIN] 10:56:32.106592 シナリオ走行を開始しました [シナリオ名: Banユーザログイン]
[ADMIN] 10:56:32.112178 シナリオ走行を終了しました [シナリオ名: ログイン]
[ADMIN] 10:56:32.112186 シナリオ走行を開始しました [シナリオ名: ログイン]
[ADMIN] 10:56:32.124390 シナリオ走行を終了しました [シナリオ名: ログイン]
[ADMIN] 10:56:32.124400 シナリオ走行を開始しました [シナリオ名: ログイン]
[ADMIN] 10:56:32.147400 シナリオ走行を終了しました [シナリオ名: Banユーザログイン]
[ADMIN] 10:56:32.147414 シナリオ走行を開始しました [シナリオ名: Banユーザログイン]
[ADMIN] 10:56:32.172020 シナリオ走行を終了しました [シナリオ名: ログイン]
[ADMIN] 10:56:32.172029 シナリオ走行を開始しました [シナリオ名: ログイン]
[ADMIN] 10:56:32.234611 シナリオ走行を終了しました [シナリオ名: Banユーザログイン]
[ADMIN] 10:56:32.234646 シナリオ走行を開始しました [シナリオ名: Banユーザログイン]
[ADMIN] 10:56:32.261246 シナリオ走行を終了しました [シナリオ名: ログイン]
[ADMIN] 10:56:32.261259 シナリオ走行を開始しました [シナリオ名: ログイン]
[ADMIN] 10:56:32.262928 シナリオ走行を終了しました [シナリオ名: ログイン]
[ADMIN] 10:56:32.262938 シナリオ走行を開始しました [シナリオ名: ログイン]
[ADMIN] 10:56:32.270087 シナリオ走行を終了しました [シナリオ名: Banユーザログイン]
[ADMIN] 10:56:32.270100 シナリオ走行を開始しました [シナリオ名: Banユーザログイン]
[ADMIN] 10:56:32.279183 シナリオ走行を終了しました [シナリオ名: Banユーザログイン]
[ADMIN] 10:56:32.279195 シナリオ走行を開始しました [シナリオ名: Banユーザログイン]
[ADMIN] 10:56:32.296413 シナリオ走行を終了しました [シナリオ名: Banユーザログイン]
[ADMIN] 10:56:32.296424 シナリオ走行を開始しました [シナリオ名: Banユーザログイン]
[ADMIN] 10:56:32.338212 シナリオ走行を終了しました [シナリオ名: Banユーザログイン]
[ADMIN] 10:56:32.338232 シナリオ走行を開始しました [シナリオ名: Banユーザログイン]
[ADMIN] 10:56:32.338633 シナリオ走行を終了しました [シナリオ名: Banユーザログイン]
[ADMIN] 10:56:32.338652 シナリオ走行を開始しました [シナリオ名: Banユーザログイン]
[ADMIN] 10:56:32.401226 シナリオ走行を終了しました [シナリオ名: ログイン]
[ADMIN] 10:56:32.401238 シナリオ走行を開始しました [シナリオ名: ログイン]
[ADMIN] 10:56:32.455485 シナリオ走行を終了しました [シナリオ名: ログイン]
[ADMIN] 10:56:32.455502 シナリオ走行を開始しました [シナリオ名: ログイン]
[ADMIN] 10:56:32.462173 シナリオ走行を終了しました [シナリオ名: ログイン]
[ADMIN] 10:56:32.462182 シナリオ走行を開始しました [シナリオ名: ログイン]
[ADMIN] 10:56:32.523392 シナリオ走行を終了しました [シナリオ名: ログイン]
[ADMIN] 10:56:32.523405 シナリオ走行を開始しました [シナリオ名: ログイン]
[ADMIN] 10:56:32.616653 シナリオ走行を終了しました [シナリオ名: ログイン]
[ADMIN] 10:56:32.616665 シナリオ走行を開始しました [シナリオ名: ログイン]
[ADMIN] 10:56:32.665360 シナリオ走行を終了しました [シナリオ名: ログイン]
[ADMIN] 10:56:32.665373 シナリオ走行を開始しました [シナリオ名: ログイン]
[ADMIN] 10:56:32.668307 シナリオ走行を終了しました [シナリオ名: ログイン]
[ADMIN] 10:56:32.668316 シナリオ走行を開始しました [シナリオ名: ログイン]
[ADMIN] 10:56:32.686708 シナリオ走行を終了しました [シナリオ名: ログイン]
[ADMIN] 10:56:32.686717 シナリオ走行を開始しました [シナリオ名: ログイン]
[ADMIN] 10:56:32.729098 シナリオ走行を終了しました [シナリオ名: Banユーザログイン]
[ADMIN] 10:56:32.729114 シナリオ走行を開始しました [シナリオ名: Banユーザログイン]
[ADMIN] 10:56:32.736755 シナリオ走行を終了しました [シナリオ名: Banユーザログイン]
[ADMIN] 10:56:32.736770 シナリオ走行を開始しました [シナリオ名: Banユーザログイン]
[ADMIN] 10:56:32.748346 シナリオ走行を終了しました [シナリオ名: ログイン]
[ADMIN] 10:56:32.748356 シナリオ走行を開始しました [シナリオ名: ログイン]
[ADMIN] 10:56:32.757783 シナリオ走行を終了しました [シナリオ名: 新規ユーザー登録]
[ADMIN] 10:56:32.757801 シナリオ走行を開始しました [シナリオ名: 新規ユーザー登録]
[ADMIN] 10:56:32.774367 シナリオ走行を終了しました [シナリオ名: ログイン]
[ADMIN] 10:56:32.774378 シナリオ走行を開始しました [シナリオ名: ログイン]
[ADMIN] 10:56:32.775309 シナリオ走行を終了しました [シナリオ名: ログイン]
[ADMIN] 10:56:32.775317 シナリオ走行を開始しました [シナリオ名: ログイン]
[ADMIN] 10:56:32.779547 シナリオ走行を終了しました [シナリオ名: Banユーザログイン]
[ADMIN] 10:56:32.779564 シナリオ走行を開始しました [シナリオ名: Banユーザログイン]
[ADMIN] 10:56:32.818839 シナリオ走行を終了しました [シナリオ名: ログイン]
[ADMIN] 10:56:32.818854 シナリオ走行を開始しました [シナリオ名: ログイン]
[ADMIN] 10:56:32.819239 シナリオ走行を終了しました [シナリオ名: Banユーザログイン]
[ADMIN] 10:56:32.819251 シナリオ走行を開始しました [シナリオ名: Banユーザログイン]
[ADMIN] 10:56:32.826599 シナリオ走行を終了しました [シナリオ名: ログイン]
[ADMIN] 10:56:32.826609 シナリオ走行を開始しました [シナリオ名: ログイン]
[ADMIN] 10:56:32.828313 シナリオ走行を終了しました [シナリオ名: ログイン]
[ADMIN] 10:56:32.828324 シナリオ走行を開始しました [シナリオ名: ログイン]
[ADMIN] 10:56:32.830242 シナリオ走行を終了しました [シナリオ名: ログイン]
[ADMIN] 10:56:32.830252 シナリオ走行を開始しました [シナリオ名: ログイン]
[ADMIN] 10:56:32.834647 シナリオ走行を終了しました [シナリオ名: ログイン]
[ADMIN] 10:56:32.834655 シナリオ走行を開始しました [シナリオ名: ログイン]
[ADMIN] 10:56:32.844422 シナリオ走行を終了しました [シナリオ名: ログイン]
[ADMIN] 10:56:32.844431 シナリオ走行を開始しました [シナリオ名: ログイン]
[ADMIN] 10:56:32.846718 シナリオ走行を終了しました [シナリオ名: ログイン]
[ADMIN] 10:56:32.846727 シナリオ走行を開始しました [シナリオ名: ログイン]
[ADMIN] 10:56:32.869623 シナリオ走行を終了しました [シナリオ名: ログイン]
[ADMIN] 10:56:32.869633 シナリオ走行を開始しました [シナリオ名: ログイン]
[ADMIN] 10:56:32.873076 シナリオ走行を終了しました [シナリオ名: Banユーザログイン]
[ADMIN] 10:56:32.873091 シナリオ走行を開始しました [シナリオ名: Banユーザログイン]
[ADMIN] 10:56:32.888721 シナリオ走行を終了しました [シナリオ名: Banユーザログイン]
[ADMIN] 10:56:32.888736 シナリオ走行を開始しました [シナリオ名: Banユーザログイン]
[ADMIN] 10:56:32.912567 シナリオ走行を終了しました [シナリオ名: Banユーザログイン]
[ADMIN] 10:56:32.912580 シナリオ走行を開始しました [シナリオ名: Banユーザログイン]
[ADMIN] 10:56:32.936686 シナリオ走行を終了しました [シナリオ名: Banユーザログイン]
[ADMIN] 10:56:32.936701 シナリオ走行を開始しました [シナリオ名: Banユーザログイン]
[ADMIN] 10:56:33.053926 シナリオ走行を終了しました [シナリオ名: ログイン]
[ADMIN] 10:56:33.053940 シナリオ走行を開始しました [シナリオ名: ログイン]
[ADMIN] 10:56:33.141880 シナリオ走行を終了しました [シナリオ名: ログイン]
[ADMIN] 10:56:33.141895 シナリオ走行を開始しました [シナリオ名: ログイン]
[ADMIN] 10:56:33.151674 シナリオ走行を終了しました [シナリオ名: ログイン]
[ADMIN] 10:56:33.151683 シナリオ走行を開始しました [シナリオ名: ログイン]
[ADMIN] 10:56:33.185572 シナリオ走行を終了しました [シナリオ名: ログイン]
[ADMIN] 10:56:33.185582 シナリオ走行を開始しました [シナリオ名: ログイン]
[ADMIN] 10:56:33.241366 シナリオ走行を終了しました [シナリオ名: ログイン]
[ADMIN] 10:56:33.241379 シナリオ走行を開始しました [シナリオ名: ログイン]
[ADMIN] 10:56:33.277021 シナリオ走行を終了しました [シナリオ名: ログイン]
[ADMIN] 10:56:33.277037 シナリオ走行を開始しました [シナリオ名: ログイン]
[ADMIN] 10:56:33.291355 シナリオ走行を終了しました [シナリオ名: Banユーザログイン]
[ADMIN] 10:56:33.291373 シナリオ走行を開始しました [シナリオ名: Banユーザログイン]
[ADMIN] 10:56:33.306694 シナリオ走行を終了しました [シナリオ名: Banユーザログイン]
[ADMIN] 10:56:33.306713 シナリオ走行を開始しました [シナリオ名: Banユーザログイン]
[ADMIN] 10:56:33.352555 シナリオ走行を終了しました [シナリオ名: ログイン]
[ADMIN] 10:56:33.352567 シナリオ走行を開始しました [シナリオ名: ログイン]
[ADMIN] 10:56:33.381062 シナリオ走行を終了しました [シナリオ名: Banユーザログイン]
[ADMIN] 10:56:33.381076 シナリオ走行を開始しました [シナリオ名: Banユーザログイン]
[ADMIN] 10:56:33.392660 シナリオ走行を終了しました [シナリオ名: Banユーザログイン]
[ADMIN] 10:56:33.392680 シナリオ走行を開始しました [シナリオ名: Banユーザログイン]
[ADMIN] 10:56:33.404900 シナリオ走行を終了しました [シナリオ名: ログイン]
[ADMIN] 10:56:33.404912 シナリオ走行を開始しました [シナリオ名: ログイン]
[ADMIN] 10:56:33.452560 シナリオ走行を終了しました [シナリオ名: Banユーザログイン]
[ADMIN] 10:56:33.452580 シナリオ走行を開始しました [シナリオ名: Banユーザログイン]
[ADMIN] 10:56:33.488055 シナリオ走行を終了しました [シナリオ名: ログイン]
[ADMIN] 10:56:33.488068 シナリオ走行を開始しました [シナリオ名: ログイン]
[ADMIN] 10:56:33.497694 シナリオ走行を終了しました [シナリオ名: ログイン]
[ADMIN] 10:56:33.497703 シナリオ走行を開始しました [シナリオ名: ログイン]
[ADMIN] 10:56:33.498401 シナリオ走行を終了しました [シナリオ名: ログイン]
[ADMIN] 10:56:33.498410 シナリオ走行を開始しました [シナリオ名: ログイン]
[ADMIN] 10:56:33.507836 シナリオ走行を終了しました [シナリオ名: Banユーザログイン]
[ADMIN] 10:56:33.507852 シナリオ走行を開始しました [シナリオ名: Banユーザログイン]
[ADMIN] 10:56:33.511980 シナリオ走行を終了しました [シナリオ名: ログイン]
[ADMIN] 10:56:33.511991 シナリオ走行を開始しました [シナリオ名: ログイン]
[ADMIN] 10:56:33.520338 シナリオ走行を終了しました [シナリオ名: Banユーザログイン]
[ADMIN] 10:56:33.520353 シナリオ走行を開始しました [シナリオ名: Banユーザログイン]
[ADMIN] 10:56:33.554309 シナリオ走行を終了しました [シナリオ名: Banユーザログイン]
[ADMIN] 10:56:33.554329 シナリオ走行を開始しました [シナリオ名: Banユーザログイン]
[ADMIN] 10:56:33.561741 シナリオ走行を終了しました [シナリオ名: ログイン]
[ADMIN] 10:56:33.561754 シナリオ走行を開始しました [シナリオ名: ログイン]
[ADMIN] 10:56:33.575769 シナリオ走行を終了しました [シナリオ名: 新規ユーザー登録]
[ADMIN] 10:56:33.575788 シナリオ走行を開始しました [シナリオ名: 新規ユーザー登録]
[ADMIN] 10:56:33.585240 シナリオ走行を終了しました [シナリオ名: ログイン]
[ADMIN] 10:56:33.585252 シナリオ走行を開始しました [シナリオ名: ログイン]
[ADMIN] 10:56:33.602403 シナリオ走行を終了しました [シナリオ名: ログイン]
[ADMIN] 10:56:33.602414 シナリオ走行を開始しました [シナリオ名: ログイン]
[ADMIN] 10:56:33.616903 シナリオ走行を終了しました [シナリオ名: ログイン]
[ADMIN] 10:56:33.616913 シナリオ走行を開始しました [シナリオ名: ログイン]
[ADMIN] 10:56:33.618743 シナリオ走行を終了しました [シナリオ名: ログイン]
[ADMIN] 10:56:33.618751 シナリオ走行を開始しました [シナリオ名: ログイン]
[ADMIN] 10:56:33.622262 シナリオ走行を終了しました [シナリオ名: 新規ユーザー登録]
[ADMIN] 10:56:33.622280 シナリオ走行を開始しました [シナリオ名: 新規ユーザー登録]
[ADMIN] 10:56:33.637747 シナリオ走行を終了しました [シナリオ名: ログイン]
[ADMIN] 10:56:33.637755 シナリオ走行を開始しました [シナリオ名: ログイン]
[ADMIN] 10:56:33.657210 シナリオ走行を終了しました [シナリオ名: ログイン]
[ADMIN] 10:56:33.657220 シナリオ走行を開始しました [シナリオ名: ログイン]
[ADMIN] 10:56:33.659196 シナリオ走行を終了しました [シナリオ名: ログイン]
[ADMIN] 10:56:33.659205 シナリオ走行を開始しました [シナリオ名: ログイン]
[ADMIN] 10:56:33.676920 シナリオ走行を終了しました [シナリオ名: ログイン]
[ADMIN] 10:56:33.676928 シナリオ走行を開始しました [シナリオ名: ログイン]
[ADMIN] 10:56:33.678607 シナリオ走行を終了しました [シナリオ名: ログイン]
[ADMIN] 10:56:33.678631 シナリオ走行を開始しました [シナリオ名: ログイン]
[ADMIN] 10:56:33.724571 シナリオ走行を終了しました [シナリオ名: 新規ユーザー登録]
[ADMIN] 10:56:33.724590 シナリオ走行を開始しました [シナリオ名: 新規ユーザー登録]
[ADMIN] 10:56:33.790573 シナリオ走行を終了しました [シナリオ名: ログイン]
[ADMIN] 10:56:33.790584 シナリオ走行を開始しました [シナリオ名: ログイン]
[ADMIN] 10:56:33.795640 シナリオ走行を終了しました [シナリオ名: ログイン]
[ADMIN] 10:56:33.795649 シナリオ走行を開始しました [シナリオ名: ログイン]
[ADMIN] 10:56:33.801197 シナリオ走行を終了しました [シナリオ名: ログイン]
[ADMIN] 10:56:33.801206 シナリオ走行を開始しました [シナリオ名: ログイン]
[ADMIN] 10:56:33.831055 シナリオ走行を終了しました [シナリオ名: Banユーザログイン]
[ADMIN] 10:56:33.831070 シナリオ走行を開始しました [シナリオ名: Banユーザログイン]
[ADMIN] 10:56:33.845699 シナリオ走行を終了しました [シナリオ名: ログイン]
[ADMIN] 10:56:33.845710 シナリオ走行を開始しました [シナリオ名: ログイン]
[ADMIN] 10:56:33.847108 シナリオ走行を終了しました [シナリオ名: Banユーザログイン]
[ADMIN] 10:56:33.847121 シナリオ走行を開始しました [シナリオ名: Banユーザログイン]
[ADMIN] 10:56:33.848503 シナリオ走行を終了しました [シナリオ名: ログイン]
[ADMIN] 10:56:33.848511 シナリオ走行を開始しました [シナリオ名: ログイン]
[ADMIN] 10:56:33.886760 シナリオ走行を終了しました [シナリオ名: ログイン]
[ADMIN] 10:56:33.886774 シナリオ走行を開始しました [シナリオ名: ログイン]
[ADMIN] 10:56:33.911813 シナリオ走行を終了しました [シナリオ名: ログイン]
[ADMIN] 10:56:33.911827 シナリオ走行を開始しました [シナリオ名: ログイン]
[ADMIN] 10:56:33.941685 シナリオ走行を終了しました [シナリオ名: Banユーザログイン]
[ADMIN] 10:56:33.941703 シナリオ走行を開始しました [シナリオ名: Banユーザログイン]
[ADMIN] 10:56:33.943129 シナリオ走行を終了しました [シナリオ名: Banユーザログイン]
[ADMIN] 10:56:33.943144 シナリオ走行を開始しました [シナリオ名: Banユーザログイン]
[ADMIN] 10:56:33.999277 シナリオ走行を終了しました [シナリオ名: ログイン]
[ADMIN] 10:56:33.999291 シナリオ走行を開始しました [シナリオ名: ログイン]
[ADMIN] 10:56:34.034148 シナリオ走行を終了しました [シナリオ名: Banユーザログイン]
[ADMIN] 10:56:34.034168 シナリオ走行を開始しました [シナリオ名: Banユーザログイン]
[ADMIN] 10:56:34.056655 シナリオ走行を終了しました [シナリオ名: ログイン]
[ADMIN] 10:56:34.056668 シナリオ走行を開始しました [シナリオ名: ログイン]
[ADMIN] 10:56:34.059135 シナリオ走行を終了しました [シナリオ名: Banユーザログイン]
[ADMIN] 10:56:34.059149 シナリオ走行を開始しました [シナリオ名: Banユーザログイン]
[ADMIN] 10:56:34.065698 シナリオ走行を終了しました [シナリオ名: Banユーザログイン]
[ADMIN] 10:56:34.065712 シナリオ走行を開始しました [シナリオ名: Banユーザログイン]
[ADMIN] 10:56:34.107022 シナリオ走行を終了しました [シナリオ名: Banユーザログイン]
[ADMIN] 10:56:34.107036 シナリオ走行を開始しました [シナリオ名: Banユーザログイン]
[ADMIN] 10:56:34.109229 シナリオ走行を終了しました [シナリオ名: ログイン]
[ADMIN] 10:56:34.109238 シナリオ走行を開始しました [シナリオ名: ログイン]
[ADMIN] 10:56:34.151923 シナリオ走行を終了しました [シナリオ名: 新規ユーザー登録]
[ADMIN] 10:56:34.151950 シナリオ走行を開始しました [シナリオ名: 新規ユーザー登録]
[ADMIN] 10:56:34.194964 シナリオ走行を終了しました [シナリオ名: ログイン]
[ADMIN] 10:56:34.194977 シナリオ走行を開始しました [シナリオ名: ログイン]
[ADMIN] 10:56:34.203822 シナリオ走行を終了しました [シナリオ名: ログイン]
[ADMIN] 10:56:34.203833 シナリオ走行を開始しました [シナリオ名: ログイン]
[ADMIN] 10:56:34.207879 シナリオ走行を終了しました [シナリオ名: 新規ユーザー登録]
[ADMIN] 10:56:34.207897 シナリオ走行を開始しました [シナリオ名: 新規ユーザー登録]
[ADMIN] 10:56:34.209843 シナリオ走行を終了しました [シナリオ名: 新規ユーザー登録]
[ADMIN] 10:56:34.209858 シナリオ走行を開始しました [シナリオ名: 新規ユーザー登録]
[ADMIN] 10:56:34.233508 シナリオ走行を終了しました [シナリオ名: 新規ユーザー登録]
[ADMIN] 10:56:34.233534 シナリオ走行を開始しました [シナリオ名: 新規ユーザー登録]
[ADMIN] 10:56:34.299621 シナリオ走行を終了しました [シナリオ名: 新規ユーザー登録]
[ADMIN] 10:56:34.299649 シナリオ走行を開始しました [シナリオ名: 新規ユーザー登録]
[ADMIN] 10:56:34.311376 シナリオ走行を終了しました [シナリオ名: ログイン]
[ADMIN] 10:56:34.311385 シナリオ走行を開始しました [シナリオ名: ログイン]
[ADMIN] 10:56:34.321104 シナリオ走行を終了しました [シナリオ名: 新規ユーザー登録]
[ADMIN] 10:56:34.321120 シナリオ走行を開始しました [シナリオ名: 新規ユーザー登録]
[ADMIN] 10:56:34.330144 シナリオ走行を終了しました [シナリオ名: 新規ユーザー登録]
[ADMIN] 10:56:34.330158 シナリオ走行を開始しました [シナリオ名: 新規ユーザー登録]
[ADMIN] 10:56:34.330382 シナリオ走行を終了しました [シナリオ名: 新規ユーザー登録]
[ADMIN] 10:56:34.330394 シナリオ走行を開始しました [シナリオ名: 新規ユーザー登録]
[ADMIN] 10:56:34.337165 シナリオ走行を終了しました [シナリオ名: ログイン]
[ADMIN] 10:56:34.337174 シナリオ走行を開始しました [シナリオ名: ログイン]
[ADMIN] 10:56:34.350823 シナリオ走行を終了しました [シナリオ名: 新規ユーザー登録]
[ADMIN] 10:56:34.350837 シナリオ走行を開始しました [シナリオ名: 新規ユーザー登録]
[ADMIN] 10:56:34.363496 シナリオ走行を終了しました [シナリオ名: ログイン]
[ADMIN] 10:56:34.363507 シナリオ走行を開始しました [シナリオ名: ログイン]
[ADMIN] 10:56:34.380219 シナリオ走行を終了しました [シナリオ名: ログイン]
[ADMIN] 10:56:34.380233 シナリオ走行を開始しました [シナリオ名: ログイン]
[ADMIN] 10:56:34.384482 シナリオ走行を終了しました [シナリオ名: ログイン]
[ADMIN] 10:56:34.384490 シナリオ走行を開始しました [シナリオ名: ログイン]
[ADMIN] 10:56:34.385477 シナリオ走行を終了しました [シナリオ名: Banユーザログイン]
[ADMIN] 10:56:34.385491 シナリオ走行を開始しました [シナリオ名: Banユーザログイン]
[ADMIN] 10:56:34.406543 シナリオ走行を終了しました [シナリオ名: ログイン]
[ADMIN] 10:56:34.406553 シナリオ走行を開始しました [シナリオ名: ログイン]
[ADMIN] 10:56:34.422145 シナリオ走行を終了しました [シナリオ名: Banユーザログイン]
[ADMIN] 10:56:34.422159 シナリオ走行を開始しました [シナリオ名: Banユーザログイン]
[ADMIN] 10:56:34.423270 シナリオ走行を終了しました [シナリオ名: ログイン]
[ADMIN] 10:56:34.423279 シナリオ走行を開始しました [シナリオ名: ログイン]
[ADMIN] 10:56:34.516354 シナリオ走行を終了しました [シナリオ名: 新規ユーザー登録]
[ADMIN] 10:56:34.516390 シナリオ走行を開始しました [シナリオ名: 新規ユーザー登録]
[ADMIN] 10:56:34.517803 シナリオ走行を終了しました [シナリオ名: Banユーザログイン]
[ADMIN] 10:56:34.517811 シナリオ走行を開始しました [シナリオ名: Banユーザログイン]
[ADMIN] 10:56:34.555040 シナリオ走行を終了しました [シナリオ名: Banユーザログイン]
[ADMIN] 10:56:34.555053 シナリオ走行を開始しました [シナリオ名: Banユーザログイン]
[ADMIN] 10:56:34.556566 シナリオ走行を終了しました [シナリオ名: ログイン]
[ADMIN] 10:56:34.556575 シナリオ走行を開始しました [シナリオ名: ログイン]
[ADMIN] 10:56:34.569493 シナリオ走行を終了しました [シナリオ名: 新規ユーザー登録]
[ADMIN] 10:56:34.569515 シナリオ走行を開始しました [シナリオ名: 新規ユーザー登録]
[ADMIN] 10:56:34.582775 シナリオ走行を終了しました [シナリオ名: 新規ユーザー登録]
[ADMIN] 10:56:34.582794 シナリオ走行を開始しました [シナリオ名: 新規ユーザー登録]
[ADMIN] 10:56:34.591668 シナリオ走行を終了しました [シナリオ名: 新規ユーザー登録]
[ADMIN] 10:56:34.591687 シナリオ走行を開始しました [シナリオ名: 新規ユーザー登録]
[ADMIN] 10:56:34.602285 シナリオ走行を終了しました [シナリオ名: ログイン]
[ADMIN] 10:56:34.602295 シナリオ走行を開始しました [シナリオ名: ログイン]
[ADMIN] 10:56:34.602544 シナリオ走行を終了しました [シナリオ名: ログイン]
[ADMIN] 10:56:34.602556 シナリオ走行を開始しました [シナリオ名: ログイン]
[ADMIN] 10:56:34.640916 シナリオ走行を終了しました [シナリオ名: Banユーザログイン]
[ADMIN] 10:56:34.640933 シナリオ走行を開始しました [シナリオ名: Banユーザログイン]
[ADMIN] 10:56:34.648833 シナリオ走行を終了しました [シナリオ名: Banユーザログイン]
[ADMIN] 10:56:34.648846 シナリオ走行を開始しました [シナリオ名: Banユーザログイン]
[ADMIN] 10:56:34.673991 シナリオ走行を終了しました [シナリオ名: Banユーザログイン]
[ADMIN] 10:56:34.674009 シナリオ走行を開始しました [シナリオ名: Banユーザログイン]
[ADMIN] 10:56:34.699248 シナリオ走行を終了しました [シナリオ名: 新規ユーザー登録]
[ADMIN] 10:56:34.699272 シナリオ走行を開始しました [シナリオ名: 新規ユーザー登録]
[ADMIN] 10:56:34.703217 シナリオ走行を終了しました [シナリオ名: ログイン]
[ADMIN] 10:56:34.703228 シナリオ走行を開始しました [シナリオ名: ログイン]
[ADMIN] 10:56:34.769532 シナリオ走行を終了しました [シナリオ名: 新規ユーザー登録]
[ADMIN] 10:56:34.769558 シナリオ走行を開始しました [シナリオ名: 新規ユーザー登録]
[ADMIN] 10:56:34.776735 シナリオ走行を終了しました [シナリオ名: ログイン]
[ADMIN] 10:56:34.776749 シナリオ走行を開始しました [シナリオ名: ログイン]
[ADMIN] 10:56:34.778091 シナリオ走行を終了しました [シナリオ名: Banユーザログイン]
[ADMIN] 10:56:34.778105 シナリオ走行を開始しました [シナリオ名: Banユーザログイン]
[ADMIN] 10:56:34.786781 シナリオ走行を終了しました [シナリオ名: ログイン]
[ADMIN] 10:56:34.786795 シナリオ走行を開始しました [シナリオ名: ログイン]
[ADMIN] 10:56:34.865432 シナリオ走行を終了しました [シナリオ名: 新規ユーザー登録]
[ADMIN] 10:56:34.865459 シナリオ走行を開始しました [シナリオ名: 新規ユーザー登録]
[ADMIN] 10:56:34.881348 シナリオ走行を終了しました [シナリオ名: 新規ユーザー登録]
[ADMIN] 10:56:34.881368 シナリオ走行を開始しました [シナリオ名: 新規ユーザー登録]
[ADMIN] 10:56:34.900300 シナリオ走行を終了しました [シナリオ名: 新規ユーザー登録]
[ADMIN] 10:56:34.900316 シナリオ走行を開始しました [シナリオ名: 新規ユーザー登録]
[ADMIN] 10:56:34.915324 シナリオ走行を終了しました [シナリオ名: ログイン]
[ADMIN] 10:56:34.915337 シナリオ走行を開始しました [シナリオ名: ログイン]
[ADMIN] 10:56:34.966555 シナリオ走行を終了しました [シナリオ名: ログイン]
[ADMIN] 10:56:34.966569 シナリオ走行を開始しました [シナリオ名: ログイン]
[ADMIN] 10:56:34.971625 シナリオ走行を終了しました [シナリオ名: Banユーザログイン]
[ADMIN] 10:56:34.971635 シナリオ走行を開始しました [シナリオ名: Banユーザログイン]
[ADMIN] 10:56:34.976215 シナリオ走行を終了しました [シナリオ名: ログイン]
[ADMIN] 10:56:34.976224 シナリオ走行を開始しました [シナリオ名: ログイン]
[ADMIN] 10:56:34.983166 シナリオ走行を終了しました [シナリオ名: 新規ユーザー登録]
[ADMIN] 10:56:34.983182 シナリオ走行を開始しました [シナリオ名: 新規ユーザー登録]
[ADMIN] 10:56:35.028207 シナリオ走行を終了しました [シナリオ名: Banユーザログイン]
[ADMIN] 10:56:35.028227 シナリオ走行を開始しました [シナリオ名: Banユーザログイン]
[ADMIN] 10:56:35.041883 シナリオ走行を終了しました [シナリオ名: 新規ユーザー登録]
[ADMIN] 10:56:35.041901 シナリオ走行を開始しました [シナリオ名: 新規ユーザー登録]
[ADMIN] 10:56:35.044494 シナリオ走行を終了しました [シナリオ名: ログイン]
[ADMIN] 10:56:35.044504 シナリオ走行を開始しました [シナリオ名: ログイン]
[ADMIN] 10:56:35.050793 シナリオ走行を終了しました [シナリオ名: 新規ユーザー登録]
[ADMIN] 10:56:35.050811 シナリオ走行を開始しました [シナリオ名: 新規ユーザー登録]
[ADMIN] 10:56:35.051815 シナリオ走行を終了しました [シナリオ名: ログイン]
[ADMIN] 10:56:35.051826 シナリオ走行を開始しました [シナリオ名: ログイン]
[ADMIN] 10:56:35.052247 シナリオ走行を終了しました [シナリオ名: 新規ユーザー登録]
[ADMIN] 10:56:35.052264 シナリオ走行を開始しました [シナリオ名: 新規ユーザー登録]
[ADMIN] 10:56:35.086990 シナリオ走行を終了しました [シナリオ名: Banユーザログイン]
[ADMIN] 10:56:35.087009 シナリオ走行を開始しました [シナリオ名: Banユーザログイン]
[ADMIN] 10:56:35.099614 シナリオ走行を終了しました [シナリオ名: Banユーザログイン]
[ADMIN] 10:56:35.099626 シナリオ走行を開始しました [シナリオ名: Banユーザログイン]
[ADMIN] 10:56:35.109863 シナリオ走行を終了しました [シナリオ名: ログイン]
[ADMIN] 10:56:35.109871 シナリオ走行を開始しました [シナリオ名: ログイン]
10:56:35.140467 現在のログイン成功数: [total: 4063 (+1382人)]
10:56:35.140473 現在のユーザー登録成功数: [total: 1597 (+489人)]
[ADMIN] 10:56:35.145857 シナリオ走行を終了しました [シナリオ名: ログイン]
[ADMIN] 10:56:35.145867 シナリオ走行を開始しました [シナリオ名: ログイン]
[ADMIN] 10:56:35.183054 シナリオ走行を終了しました [シナリオ名: ログイン]
[ADMIN] 10:56:35.183089 シナリオ走行を開始しました [シナリオ名: ログイン]
[ADMIN] 10:56:35.183118 シナリオ走行を開始しました [シナリオ名: ログイン]
[ADMIN] 10:56:35.183145 シナリオ走行を開始しました [シナリオ名: ログイン]
[ADMIN] 10:56:35.183209 シナリオ走行を開始しました [シナリオ名: ログイン]
[ADMIN] 10:56:35.183241 シナリオ走行を開始しました [シナリオ名: ログイン]
[ADMIN] 10:56:35.183267 シナリオ走行を開始しました [シナリオ名: ログイン]
[ADMIN] 10:56:35.183305 シナリオ走行を開始しました [シナリオ名: ログイン]
[ADMIN] 10:56:35.183325 シナリオ走行を開始しました [シナリオ名: ログイン]
[ADMIN] 10:56:35.183371 シナリオ走行を開始しました [シナリオ名: ログイン]
[ADMIN] 10:56:35.183388 シナリオ走行を開始しました [シナリオ名: ログイン]
[ADMIN] 10:56:35.183406 シナリオ走行を開始しました [シナリオ名: ログイン]
[ADMIN] 10:56:35.183496 シナリオ走行を開始しました [シナリオ名: ログイン]
[ADMIN] 10:56:35.183502 シナリオ走行を開始しました [シナリオ名: ログイン]
[ADMIN] 10:56:35.183498 シナリオ走行を開始しました [シナリオ名: ログイン]
[ADMIN] 10:56:35.183497 シナリオ走行を開始しました [シナリオ名: ログイン]
[ADMIN] 10:56:35.183666 シナリオ走行を開始しました [シナリオ名: ログイン]
[ADMIN] 10:56:35.188534 シナリオ走行を終了しました [シナリオ名: 新規ユーザー登録]
[ADMIN] 10:56:35.188554 シナリオ走行を開始しました [シナリオ名: 新規ユーザー登録]
[ADMIN] 10:56:35.195680 シナリオ走行を終了しました [シナリオ名: 新規ユーザー登録]
[ADMIN] 10:56:35.195709 シナリオ走行を開始しました [シナリオ名: 新規ユーザー登録]
[ADMIN] 10:56:35.195746 シナリオ走行を開始しました [シナリオ名: 新規ユーザー登録]
[ADMIN] 10:56:35.195757 シナリオ走行を開始しました [シナリオ名: 新規ユーザー登録]
[ADMIN] 10:56:35.195798 シナリオ走行を開始しました [シナリオ名: 新規ユーザー登録]
[ADMIN] 10:56:35.195810 シナリオ走行を開始しました [シナリオ名: 新規ユーザー登録]
[ADMIN] 10:56:35.195817 シナリオ走行を開始しました [シナリオ名: 新規ユーザー登録]
[ADMIN] 10:56:35.195824 シナリオ走行を開始しました [シナリオ名: 新規ユーザー登録]
[ADMIN] 10:56:35.195828 シナリオ走行を開始しました [シナリオ名: 新規ユーザー登録]
[ADMIN] 10:56:35.195836 シナリオ走行を開始しました [シナリオ名: 新規ユーザー登録]
[ADMIN] 10:56:35.230680 シナリオ走行を終了しました [シナリオ名: Banユーザログイン]
[ADMIN] 10:56:35.230696 シナリオ走行を開始しました [シナリオ名: Banユーザログイン]
[ADMIN] 10:56:35.238119 シナリオ走行を終了しました [シナリオ名: Banユーザログイン]
[ADMIN] 10:56:35.238139 シナリオ走行を開始しました [シナリオ名: Banユーザログイン]
[ADMIN] 10:56:35.238202 シナリオ走行を開始しました [シナリオ名: Banユーザログイン]
[ADMIN] 10:56:35.238219 シナリオ走行を開始しました [シナリオ名: Banユーザログイン]
[ADMIN] 10:56:35.248633 シナリオ走行を終了しました [シナリオ名: ログイン]
[ADMIN] 10:56:35.256015 シナリオ走行を終了しました [シナリオ名: ログイン]
[ADMIN] 10:56:35.259062 シナリオ走行を終了しました [シナリオ名: Banユーザログイン]
[ADMIN] 10:56:35.283861 シナリオ走行を終了しました [シナリオ名: ログイン]
[ADMIN] 10:56:35.291934 シナリオ走行を終了しました [シナリオ名: ログイン]
[ADMIN] 10:56:35.311850 シナリオ走行を終了しました [シナリオ名: ログイン]
[ADMIN] 10:56:35.336244 シナリオ走行を終了しました [シナリオ名: 新規ユーザー登録]
[ADMIN] 10:56:35.351838 シナリオ走行を終了しました [シナリオ名: Banユーザログイン]
[ADMIN] 10:56:35.351927 シナリオ走行を終了しました [シナリオ名: ログイン]
[ADMIN] 10:56:35.418351 シナリオ走行を終了しました [シナリオ名: ログイン]
[ADMIN] 10:56:35.541786 シナリオ走行を終了しました [シナリオ名: Banユーザログイン]
[ADMIN] 10:56:35.608738 シナリオ走行を終了しました [シナリオ名: Banユーザログイン]
[ADMIN] 10:56:35.665966 シナリオ走行を終了しました [シナリオ名: Banユーザログイン]
[ADMIN] 10:56:35.682190 シナリオ走行を終了しました [シナリオ名: Banユーザログイン]
[ADMIN] 10:56:35.763687 シナリオ走行を終了しました [シナリオ名: ログイン]
[ADMIN] 10:56:35.792202 シナリオ走行を終了しました [シナリオ名: Banユーザログイン]
[ADMIN] 10:56:35.824788 シナリオ走行を終了しました [シナリオ名: ログイン]
[ADMIN] 10:56:35.834432 シナリオ走行を終了しました [シナリオ名: Banユーザログイン]
[ADMIN] 10:56:35.834446 シナリオ走行を開始しました [シナリオ名: Banユーザログイン]
[ADMIN] 10:56:35.834470 シナリオ走行を開始しました [シナリオ名: Banユーザログイン]
[ADMIN] 10:56:35.834490 シナリオ走行を開始しました [シナリオ名: Banユーザログイン]
[ADMIN] 10:56:35.834574 シナリオ走行を開始しました [シナリオ名: Banユーザログイン]
[ADMIN] 10:56:35.834593 シナリオ走行を開始しました [シナリオ名: Banユーザログイン]
[ADMIN] 10:56:35.834594 シナリオ走行を開始しました [シナリオ名: Banユーザログイン]
[ADMIN] 10:56:35.834594 シナリオ走行を開始しました [シナリオ名: Banユーザログイン]
[ADMIN] 10:56:35.834595 シナリオ走行を開始しました [シナリオ名: Banユーザログイン]
[ADMIN] 10:56:35.868365 シナリオ走行を終了しました [シナリオ名: Banユーザログイン]
[ADMIN] 10:56:35.868387 シナリオ走行を開始しました [シナリオ名: Banユーザログイン]
[ADMIN] 10:56:35.900598 シナリオ走行を終了しました [シナリオ名: Banユーザログイン]
[ADMIN] 10:56:35.900617 シナリオ走行を開始しました [シナリオ名: Banユーザログイン]
[ADMIN] 10:56:35.935782 シナリオ走行を終了しました [シナリオ名: ログイン]
[ADMIN] 10:56:36.004209 シナリオ走行を終了しました [シナリオ名: ログイン]
[ADMIN] 10:56:36.048244 シナリオ走行を終了しました [シナリオ名: ログイン]
[ADMIN] 10:56:36.064189 シナリオ走行を終了しました [シナリオ名: ログイン]
[ADMIN] 10:56:36.064644 シナリオ走行を終了しました [シナリオ名: ログイン]
[ADMIN] 10:56:36.175673 シナリオ走行を終了しました [シナリオ名: ログイン]
[ADMIN] 10:56:36.185819 シナリオ走行を終了しました [シナリオ名: ログイン]
[ADMIN] 10:56:36.193873 シナリオ走行を終了しました [シナリオ名: ログイン]
[ADMIN] 10:56:36.219902 シナリオ走行を終了しました [シナリオ名: ログイン]
[ADMIN] 10:56:36.234651 シナリオ走行を終了しました [シナリオ名: ログイン]
[ADMIN] 10:56:36.241541 シナリオ走行を終了しました [シナリオ名: ログイン]
[ADMIN] 10:56:36.252543 シナリオ走行を終了しました [シナリオ名: ログイン]
[ADMIN] 10:56:36.271229 シナリオ走行を終了しました [シナリオ名: ログイン]
[ADMIN] 10:56:36.273029 シナリオ走行を終了しました [シナリオ名: ログイン]
[ADMIN] 10:56:36.274312 シナリオ走行を終了しました [シナリオ名: ログイン]
[ADMIN] 10:56:36.291034 シナリオ走行を終了しました [シナリオ名: ログイン]
[ADMIN] 10:56:36.307384 シナリオ走行を終了しました [シナリオ名: ログイン]
[ADMIN] 10:56:36.309580 シナリオ走行を終了しました [シナリオ名: ログイン]
[ADMIN] 10:56:36.316188 シナリオ走行を終了しました [シナリオ名: ログイン]
[ADMIN] 10:56:36.357028 シナリオ走行を終了しました [シナリオ名: Banユーザログイン]
[ADMIN] 10:56:36.357044 シナリオ走行を開始しました [シナリオ名: Banユーザログイン]
[ADMIN] 10:56:36.358473 シナリオ走行を終了しました [シナリオ名: Banユーザログイン]
[ADMIN] 10:56:36.358481 シナリオ走行を開始しました [シナリオ名: Banユーザログイン]
[ADMIN] 10:56:36.381074 シナリオ走行を終了しました [シナリオ名: ログイン]
[ADMIN] 10:56:36.398102 シナリオ走行を終了しました [シナリオ名: Banユーザログイン]
[ADMIN] 10:56:36.398117 シナリオ走行を開始しました [シナリオ名: Banユーザログイン]
[ADMIN] 10:56:36.400478 シナリオ走行を終了しました [シナリオ名: ログイン]
[ADMIN] 10:56:36.402521 シナリオ走行を終了しました [シナリオ名: Banユーザログイン]
[ADMIN] 10:56:36.402533 シナリオ走行を開始しました [シナリオ名: Banユーザログイン]
[ADMIN] 10:56:36.410129 シナリオ走行を終了しました [シナリオ名: Banユーザログイン]
[ADMIN] 10:56:36.410142 シナリオ走行を開始しました [シナリオ名: Banユーザログイン]
[ADMIN] 10:56:36.417091 シナリオ走行を終了しました [シナリオ名: ログイン]
[ADMIN] 10:56:36.430057 シナリオ走行を終了しました [シナリオ名: Banユーザログイン]
[ADMIN] 10:56:36.430075 シナリオ走行を開始しました [シナリオ名: Banユーザログイン]
[ADMIN] 10:56:36.432287 シナリオ走行を終了しました [シナリオ名: ログイン]
[ADMIN] 10:56:36.434346 シナリオ走行を終了しました [シナリオ名: Banユーザログイン]
[ADMIN] 10:56:36.434361 シナリオ走行を開始しました [シナリオ名: Banユーザログイン]
[ADMIN] 10:56:36.440584 シナリオ走行を終了しました [シナリオ名: Banユーザログイン]
[ADMIN] 10:56:36.440594 シナリオ走行を開始しました [シナリオ名: Banユーザログイン]
[ADMIN] 10:56:36.440806 シナリオ走行を終了しました [シナリオ名: ログイン]
[ADMIN] 10:56:36.462638 シナリオ走行を終了しました [シナリオ名: Banユーザログイン]
[ADMIN] 10:56:36.462653 シナリオ走行を開始しました [シナリオ名: Banユーザログイン]
[ADMIN] 10:56:36.476060 シナリオ走行を終了しました [シナリオ名: ログイン]
[ADMIN] 10:56:36.513232 シナリオ走行を終了しました [シナリオ名: Banユーザログイン]
[ADMIN] 10:56:36.513248 シナリオ走行を開始しました [シナリオ名: Banユーザログイン]
[ADMIN] 10:56:36.525092 シナリオ走行を終了しました [シナリオ名: ログイン]
[ADMIN] 10:56:36.526610 シナリオ走行を終了しました [シナリオ名: ログイン]
[ADMIN] 10:56:36.576945 シナリオ走行を終了しました [シナリオ名: ログイン]
[ADMIN] 10:56:36.578257 シナリオ走行を終了しました [シナリオ名: ログイン]
[ADMIN] 10:56:36.579752 シナリオ走行を終了しました [シナリオ名: ログイン]
[ADMIN] 10:56:36.680127 シナリオ走行を終了しました [シナリオ名: ログイン]
[ADMIN] 10:56:36.709086 シナリオ走行を終了しました [シナリオ名: ログイン]
[ADMIN] 10:56:36.720728 シナリオ走行を終了しました [シナリオ名: 新規ユーザー登録]
[ADMIN] 10:56:36.726696 シナリオ走行を終了しました [シナリオ名: ログイン]
[ADMIN] 10:56:36.761858 シナリオ走行を終了しました [シナリオ名: ログイン]
[ADMIN] 10:56:36.765606 シナリオ走行を終了しました [シナリオ名: ログイン]
[ADMIN] 10:56:36.775330 シナリオ走行を終了しました [シナリオ名: ログイン]
[ADMIN] 10:56:36.811914 シナリオ走行を終了しました [シナリオ名: ログイン]
[ADMIN] 10:56:36.821422 シナリオ走行を終了しました [シナリオ名: ログイン]
[ADMIN] 10:56:36.851948 シナリオ走行を終了しました [シナリオ名: 新規ユーザー登録]
[ADMIN] 10:56:36.857528 シナリオ走行を終了しました [シナリオ名: ログイン]
[ADMIN] 10:56:36.876330 シナリオ走行を終了しました [シナリオ名: Banユーザログイン]
[ADMIN] 10:56:36.876348 シナリオ走行を開始しました [シナリオ名: Banユーザログイン]
[ADMIN] 10:56:36.879756 シナリオ走行を終了しました [シナリオ名: ログイン]
[ADMIN] 10:56:36.899116 シナリオ走行を終了しました [シナリオ名: Banユーザログイン]
[ADMIN] 10:56:36.899129 シナリオ走行を開始しました [シナリオ名: Banユーザログイン]
[ADMIN] 10:56:36.927700 シナリオ走行を終了しました [シナリオ名: Banユーザログイン]
[ADMIN] 10:56:36.927715 シナリオ走行を開始しました [シナリオ名: Banユーザログイン]
[ADMIN] 10:56:36.927787 シナリオ走行を終了しました [シナリオ名: ログイン]
[ADMIN] 10:56:36.945360 シナリオ走行を終了しました [シナリオ名: ログイン]
[ADMIN] 10:56:36.965508 シナリオ走行を終了しました [シナリオ名: Banユーザログイン]
[ADMIN] 10:56:36.965526 シナリオ走行を開始しました [シナリオ名: Banユーザログイン]
[ADMIN] 10:56:36.976838 シナリオ走行を終了しました [シナリオ名: Banユーザログイン]
[ADMIN] 10:56:36.976852 シナリオ走行を開始しました [シナリオ名: Banユーザログイン]
[ADMIN] 10:56:36.980938 シナリオ走行を終了しました [シナリオ名: ログイン]
[ADMIN] 10:56:36.996526 シナリオ走行を終了しました [シナリオ名: ログイン]
[ADMIN] 10:56:37.002005 シナリオ走行を終了しました [シナリオ名: Banユーザログイン]
[ADMIN] 10:56:37.002017 シナリオ走行を開始しました [シナリオ名: Banユーザログイン]
[ADMIN] 10:56:37.005060 シナリオ走行を終了しました [シナリオ名: Banユーザログイン]
[ADMIN] 10:56:37.005072 シナリオ走行を開始しました [シナリオ名: Banユーザログイン]
[ADMIN] 10:56:37.010126 シナリオ走行を終了しました [シナリオ名: 新規ユーザー登録]
[ADMIN] 10:56:37.013929 シナリオ走行を終了しました [シナリオ名: Banユーザログイン]
[ADMIN] 10:56:37.013943 シナリオ走行を開始しました [シナリオ名: Banユーザログイン]
[ADMIN] 10:56:37.032202 シナリオ走行を終了しました [シナリオ名: Banユーザログイン]
[ADMIN] 10:56:37.032217 シナリオ走行を開始しました [シナリオ名: Banユーザログイン]
[ADMIN] 10:56:37.036077 シナリオ走行を終了しました [シナリオ名: Banユーザログイン]
[ADMIN] 10:56:37.036090 シナリオ走行を開始しました [シナリオ名: Banユーザログイン]
[ADMIN] 10:56:37.043897 シナリオ走行を終了しました [シナリオ名: 新規ユーザー登録]
[ADMIN] 10:56:37.092102 シナリオ走行を終了しました [シナリオ名: ログイン]
[ADMIN] 10:56:37.151490 シナリオ走行を終了しました [シナリオ名: ログイン]
[ADMIN] 10:56:37.161455 シナリオ走行を終了しました [シナリオ名: ログイン]
[ADMIN] 10:56:37.161520 シナリオ走行を開始しました [シナリオ名: ログイン]
[ADMIN] 10:56:37.161532 シナリオ走行を開始しました [シナリオ名: ログイン]
[ADMIN] 10:56:37.161570 シナリオ走行を開始しました [シナリオ名: ログイン]
[ADMIN] 10:56:37.161613 シナリオ走行を開始しました [シナリオ名: ログイン]
[ADMIN] 10:56:37.161622 シナリオ走行を開始しました [シナリオ名: ログイン]
[ADMIN] 10:56:37.161625 シナリオ走行を開始しました [シナリオ名: ログイン]
[ADMIN] 10:56:37.161628 シナリオ走行を開始しました [シナリオ名: ログイン]
[ADMIN] 10:56:37.161630 シナリオ走行を開始しました [シナリオ名: ログイン]
[ADMIN] 10:56:37.161632 シナリオ走行を開始しました [シナリオ名: ログイン]
[ADMIN] 10:56:37.161635 シナリオ走行を開始しました [シナリオ名: ログイン]
[ADMIN] 10:56:37.161638 シナリオ走行を開始しました [シナリオ名: ログイン]
[ADMIN] 10:56:37.161640 シナリオ走行を開始しました [シナリオ名: ログイン]
[ADMIN] 10:56:37.161643 シナリオ走行を開始しました [シナリオ名: ログイン]
[ADMIN] 10:56:37.161645 シナリオ走行を開始しました [シナリオ名: ログイン]
[ADMIN] 10:56:37.161647 シナリオ走行を開始しました [シナリオ名: ログイン]
[ADMIN] 10:56:37.161649 シナリオ走行を開始しました [シナリオ名: ログイン]
[ADMIN] 10:56:37.161652 シナリオ走行を開始しました [シナリオ名: ログイン]
[ADMIN] 10:56:37.161654 シナリオ走行を開始しました [シナリオ名: ログイン]
[ADMIN] 10:56:37.161657 シナリオ走行を開始しました [シナリオ名: ログイン]
[ADMIN] 10:56:37.161660 シナリオ走行を開始しました [シナリオ名: ログイン]
[ADMIN] 10:56:37.161662 シナリオ走行を開始しました [シナリオ名: ログイン]
[ADMIN] 10:56:37.161665 シナリオ走行を開始しました [シナリオ名: ログイン]
[ADMIN] 10:56:37.161666 シナリオ走行を開始しました [シナリオ名: ログイン]
[ADMIN] 10:56:37.161669 シナリオ走行を開始しました [シナリオ名: ログイン]
[ADMIN] 10:56:37.161672 シナリオ走行を開始しました [シナリオ名: ログイン]
[ADMIN] 10:56:37.161672 シナリオ走行を開始しました [シナリオ名: ログイン]
[ADMIN] 10:56:37.161676 シナリオ走行を開始しました [シナリオ名: ログイン]
[ADMIN] 10:56:37.161678 シナリオ走行を開始しました [シナリオ名: ログイン]
[ADMIN] 10:56:37.161680 シナリオ走行を開始しました [シナリオ名: ログイン]
[ADMIN] 10:56:37.161683 シナリオ走行を開始しました [シナリオ名: ログイン]
[ADMIN] 10:56:37.161676 シナリオ走行を開始しました [シナリオ名: ログイン]
[ADMIN] 10:56:37.161686 シナリオ走行を開始しました [シナリオ名: ログイン]
[ADMIN] 10:56:37.161687 シナリオ走行を開始しました [シナリオ名: ログイン]
[ADMIN] 10:56:37.161670 シナリオ走行を開始しました [シナリオ名: ログイン]
[ADMIN] 10:56:37.161597 シナリオ走行を開始しました [シナリオ名: ログイン]
[ADMIN] 10:56:37.161599 シナリオ走行を開始しました [シナリオ名: ログイン]
[ADMIN] 10:56:37.161600 シナリオ走行を開始しました [シナリオ名: ログイン]
[ADMIN] 10:56:37.161601 シナリオ走行を開始しました [シナリオ名: ログイン]
[ADMIN] 10:56:37.161602 シナリオ走行を開始しました [シナリオ名: ログイン]
[ADMIN] 10:56:37.161603 シナリオ走行を開始しました [シナリオ名: ログイン]
[ADMIN] 10:56:37.161604 シナリオ走行を開始しました [シナリオ名: ログイン]
[ADMIN] 10:56:37.161605 シナリオ走行を開始しました [シナリオ名: ログイン]
[ADMIN] 10:56:37.161606 シナリオ走行を開始しました [シナリオ名: ログイン]
[ADMIN] 10:56:37.161607 シナリオ走行を開始しました [シナリオ名: ログイン]
[ADMIN] 10:56:37.161608 シナリオ走行を開始しました [シナリオ名: ログイン]
[ADMIN] 10:56:37.161610 シナリオ走行を開始しました [シナリオ名: ログイン]
[ADMIN] 10:56:37.161667 シナリオ走行を開始しました [シナリオ名: ログイン]
[ADMIN] 10:56:37.161668 シナリオ走行を開始しました [シナリオ名: ログイン]
[ADMIN] 10:56:37.161669 シナリオ走行を開始しました [シナリオ名: ログイン]
[ADMIN] 10:56:37.161669 シナリオ走行を開始しました [シナリオ名: ログイン]
[ADMIN] 10:56:37.161596 シナリオ走行を開始しました [シナリオ名: ログイン]
[ADMIN] 10:56:37.161673 シナリオ走行を開始しました [シナリオ名: ログイン]
[ADMIN] 10:56:37.161674 シナリオ走行を開始しました [シナリオ名: ログイン]
[ADMIN] 10:56:37.161682 シナリオ走行を開始しました [シナリオ名: ログイン]
[ADMIN] 10:56:37.161686 シナリオ走行を開始しました [シナリオ名: ログイン]
[ADMIN] 10:56:37.161594 シナリオ走行を開始しました [シナリオ名: ログイン]
[ADMIN] 10:56:37.203329 シナリオ走行を終了しました [シナリオ名: ログイン]
[ADMIN] 10:56:37.203338 シナリオ走行を開始しました [シナリオ名: ログイン]
[ADMIN] 10:56:37.212717 シナリオ走行を終了しました [シナリオ名: 新規ユーザー登録]
[ADMIN] 10:56:37.218893 シナリオ走行を終了しました [シナリオ名: ログイン]
[ADMIN] 10:56:37.218902 シナリオ走行を開始しました [シナリオ名: ログイン]
[ADMIN] 10:56:37.221912 シナリオ走行を終了しました [シナリオ名: ログイン]
[ADMIN] 10:56:37.221922 シナリオ走行を開始しました [シナリオ名: ログイン]
[ADMIN] 10:56:37.228624 シナリオ走行を終了しました [シナリオ名: ログイン]
[ADMIN] 10:56:37.228632 シナリオ走行を開始しました [シナリオ名: ログイン]
[ADMIN] 10:56:37.237245 シナリオ走行を終了しました [シナリオ名: 新規ユーザー登録]
[ADMIN] 10:56:37.270339 シナリオ走行を終了しました [シナリオ名: ログイン]
[ADMIN] 10:56:37.270350 シナリオ走行を開始しました [シナリオ名: ログイン]
[ADMIN] 10:56:37.343763 シナリオ走行を終了しました [シナリオ名: ログイン]
[ADMIN] 10:56:37.416231 シナリオ走行を終了しました [シナリオ名: Banユーザログイン]
[ADMIN] 10:56:37.416248 シナリオ走行を開始しました [シナリオ名: Banユーザログイン]
[ADMIN] 10:56:37.440003 シナリオ走行を終了しました [シナリオ名: Banユーザログイン]
[ADMIN] 10:56:37.440023 シナリオ走行を開始しました [シナリオ名: Banユーザログイン]
[ADMIN] 10:56:37.459528 シナリオ走行を終了しました [シナリオ名: Banユーザログイン]
[ADMIN] 10:56:37.459550 シナリオ走行を開始しました [シナリオ名: Banユーザログイン]
[ADMIN] 10:56:37.502412 シナリオ走行を終了しました [シナリオ名: Banユーザログイン]
[ADMIN] 10:56:37.502432 シナリオ走行を開始しました [シナリオ名: Banユーザログイン]
[ADMIN] 10:56:37.508071 シナリオ走行を終了しました [シナリオ名: Banユーザログイン]
[ADMIN] 10:56:37.508089 シナリオ走行を開始しました [シナリオ名: Banユーザログイン]
[ADMIN] 10:56:37.521153 シナリオ走行を終了しました [シナリオ名: Banユーザログイン]
[ADMIN] 10:56:37.521175 シナリオ走行を開始しました [シナリオ名: Banユーザログイン]
[ADMIN] 10:56:37.530500 シナリオ走行を終了しました [シナリオ名: Banユーザログイン]
[ADMIN] 10:56:37.530515 シナリオ走行を開始しました [シナリオ名: Banユーザログイン]
[ADMIN] 10:56:37.542054 シナリオ走行を終了しました [シナリオ名: 新規ユーザー登録]
[ADMIN] 10:56:37.545613 シナリオ走行を終了しました [シナリオ名: Banユーザログイン]
[ADMIN] 10:56:37.545627 シナリオ走行を開始しました [シナリオ名: Banユーザログイン]
[ADMIN] 10:56:37.550695 シナリオ走行を終了しました [シナリオ名: ログイン]
[ADMIN] 10:56:37.550706 シナリオ走行を開始しました [シナリオ名: ログイン]
[ADMIN] 10:56:37.550714 シナリオ走行を開始しました [シナリオ名: ログイン]
[ADMIN] 10:56:37.556522 シナリオ走行を終了しました [シナリオ名: ログイン]
[ADMIN] 10:56:37.556532 シナリオ走行を開始しました [シナリオ名: ログイン]
[ADMIN] 10:56:37.559903 シナリオ走行を終了しました [シナリオ名: Banユーザログイン]
[ADMIN] 10:56:37.559922 シナリオ走行を開始しました [シナリオ名: Banユーザログイン]
[ADMIN] 10:56:37.573795 シナリオ走行を終了しました [シナリオ名: Banユーザログイン]
[ADMIN] 10:56:37.573804 シナリオ走行を開始しました [シナリオ名: Banユーザログイン]
[ADMIN] 10:56:37.595719 シナリオ走行を終了しました [シナリオ名: ログイン]
[ADMIN] 10:56:37.696365 シナリオ走行を終了しました [シナリオ名: 新規ユーザー登録]
[ADMIN] 10:56:37.715578 シナリオ走行を終了しました [シナリオ名: ログイン]
[ADMIN] 10:56:37.715590 シナリオ走行を開始しました [シナリオ名: ログイン]
[ADMIN] 10:56:37.715649 シナリオ走行を開始しました [シナリオ名: ログイン]
[ADMIN] 10:56:37.779245 シナリオ走行を終了しました [シナリオ名: 新規ユーザー登録]
[ADMIN] 10:56:37.868268 シナリオ走行を終了しました [シナリオ名: ログイン]
[ADMIN] 10:56:37.868280 シナリオ走行を開始しました [シナリオ名: ログイン]
[ADMIN] 10:56:37.920239 シナリオ走行を終了しました [シナリオ名: ログイン]
[ADMIN] 10:56:37.920251 シナリオ走行を開始しました [シナリオ名: ログイン]
[ADMIN] 10:56:37.931577 シナリオ走行を終了しました [シナリオ名: 新規ユーザー登録]
[ADMIN] 10:56:37.934786 シナリオ走行を終了しました [シナリオ名: ログイン]
[ADMIN] 10:56:37.934796 シナリオ走行を開始しました [シナリオ名: ログイン]
[ADMIN] 10:56:37.991789 シナリオ走行を終了しました [シナリオ名: 新規ユーザー登録]
[ADMIN] 10:56:38.003203 シナリオ走行を終了しました [シナリオ名: ログイン]
[ADMIN] 10:56:38.003214 シナリオ走行を開始しました [シナリオ名: ログイン]
[ADMIN] 10:56:38.003590 シナリオ走行を終了しました [シナリオ名: ログイン]
[ADMIN] 10:56:38.003599 シナリオ走行を開始しました [シナリオ名: ログイン]
[ADMIN] 10:56:38.026814 シナリオ走行を終了しました [シナリオ名: 新規ユーザー登録]
[ADMIN] 10:56:38.031316 シナリオ走行を終了しました [シナリオ名: 新規ユーザー登録]
[ADMIN] 10:56:38.031346 シナリオ走行を開始しました [シナリオ名: 新規ユーザー登録]
[ADMIN] 10:56:38.031361 シナリオ走行を開始しました [シナリオ名: 新規ユーザー登録]
[ADMIN] 10:56:38.031369 シナリオ走行を開始しました [シナリオ名: 新規ユーザー登録]
[ADMIN] 10:56:38.031484 シナリオ走行を開始しました [シナリオ名: 新規ユーザー登録]
[ADMIN] 10:56:38.031495 シナリオ走行を開始しました [シナリオ名: 新規ユーザー登録]
[ADMIN] 10:56:38.031518 シナリオ走行を開始しました [シナリオ名: 新規ユーザー登録]
[ADMIN] 10:56:38.031583 シナリオ走行を開始しました [シナリオ名: 新規ユーザー登録]
[ADMIN] 10:56:38.031594 シナリオ走行を開始しました [シナリオ名: 新規ユーザー登録]
[ADMIN] 10:56:38.031617 シナリオ走行を開始しました [シナリオ名: 新規ユーザー登録]
[ADMIN] 10:56:38.031673 シナリオ走行を開始しました [シナリオ名: 新規ユーザー登録]
[ADMIN] 10:56:38.031693 シナリオ走行を開始しました [シナリオ名: 新規ユーザー登録]
[ADMIN] 10:56:38.031486 シナリオ走行を開始しました [シナリオ名: 新規ユーザー登録]
[ADMIN] 10:56:38.031809 シナリオ走行を開始しました [シナリオ名: 新規ユーザー登録]
[ADMIN] 10:56:38.031588 シナリオ走行を開始しました [シナリオ名: 新規ユーザー登録]
[ADMIN] 10:56:38.048076 シナリオ走行を終了しました [シナリオ名: ログイン]
[ADMIN] 10:56:38.048088 シナリオ走行を開始しました [シナリオ名: ログイン]
[ADMIN] 10:56:38.052256 シナリオ走行を終了しました [シナリオ名: ログイン]
[ADMIN] 10:56:38.052265 シナリオ走行を開始しました [シナリオ名: ログイン]
[ADMIN] 10:56:38.062571 シナリオ走行を終了しました [シナリオ名: Banユーザログイン]
[ADMIN] 10:56:38.062584 シナリオ走行を開始しました [シナリオ名: Banユーザログイン]
[ADMIN] 10:56:38.064536 シナリオ走行を終了しました [シナリオ名: 新規ユーザー登録]
[ADMIN] 10:56:38.073525 シナリオ走行を終了しました [シナリオ名: 新規ユーザー登録]
[ADMIN] 10:56:38.087857 シナリオ走行を終了しました [シナリオ名: 新規ユーザー登録]
[ADMIN] 10:56:38.090963 シナリオ走行を終了しました [シナリオ名: Banユーザログイン]
[ADMIN] 10:56:38.090985 シナリオ走行を開始しました [シナリオ名: Banユーザログイン]
[ADMIN] 10:56:38.109362 シナリオ走行を終了しました [シナリオ名: Banユーザログイン]
[ADMIN] 10:56:38.109380 シナリオ走行を開始しました [シナリオ名: Banユーザログイン]
[ADMIN] 10:56:38.128819 シナリオ走行を終了しました [シナリオ名: 新規ユーザー登録]
[ADMIN] 10:56:38.128854 シナリオ走行を開始しました [シナリオ名: 新規ユーザー登録]
[ADMIN] 10:56:38.128863 シナリオ走行を開始しました [シナリオ名: 新規ユーザー登録]
[ADMIN] 10:56:38.128868 シナリオ走行を開始しました [シナリオ名: 新規ユーザー登録]
[ADMIN] 10:56:38.128917 シナリオ走行を開始しました [シナリオ名: 新規ユーザー登録]
[ADMIN] 10:56:38.129387 シナリオ走行を終了しました [シナリオ名: 新規ユーザー登録]
[ADMIN] 10:56:38.129402 シナリオ走行を開始しました [シナリオ名: 新規ユーザー登録]
[ADMIN] 10:56:38.140393 シナリオ走行を終了しました [シナリオ名: Banユーザログイン]
[ADMIN] 10:56:38.140409 シナリオ走行を開始しました [シナリオ名: Banユーザログイン]
[ADMIN] 10:56:38.152368 シナリオ走行を終了しました [シナリオ名: Banユーザログイン]
[ADMIN] 10:56:38.152385 シナリオ走行を開始しました [シナリオ名: Banユーザログイン]
[ADMIN] 10:56:38.157953 シナリオ走行を終了しました [シナリオ名: Banユーザログイン]
[ADMIN] 10:56:38.157965 シナリオ走行を開始しました [シナリオ名: Banユーザログイン]
[ADMIN] 10:56:38.157968 シナリオ走行を終了しました [シナリオ名: Banユーザログイン]
[ADMIN] 10:56:38.157984 シナリオ走行を開始しました [シナリオ名: Banユーザログイン]
[ADMIN] 10:56:38.166944 シナリオ走行を終了しました [シナリオ名: Banユーザログイン]
[ADMIN] 10:56:38.166959 シナリオ走行を開始しました [シナリオ名: Banユーザログイン]
[ADMIN] 10:56:38.172264 シナリオ走行を終了しました [シナリオ名: 新規ユーザー登録]
[ADMIN] 10:56:38.185913 シナリオ走行を終了しました [シナリオ名: 新規ユーザー登録]
[ADMIN] 10:56:38.213106 シナリオ走行を終了しました [シナリオ名: Banユーザログイン]
[ADMIN] 10:56:38.213123 シナリオ走行を開始しました [シナリオ名: Banユーザログイン]
[ADMIN] 10:56:38.234774 シナリオ走行を終了しました [シナリオ名: Banユーザログイン]
[ADMIN] 10:56:38.234880 シナリオ走行を開始しました [シナリオ名: Banユーザログイン]
[ADMIN] 10:56:38.302378 シナリオ走行を終了しました [シナリオ名: 新規ユーザー登録]
[ADMIN] 10:56:38.303176 シナリオ走行を終了しました [シナリオ名: 新規ユーザー登録]
[ADMIN] 10:56:38.303399 シナリオ走行を終了しました [シナリオ名: 新規ユーザー登録]
[ADMIN] 10:56:38.315067 シナリオ走行を終了しました [シナリオ名: 新規ユーザー登録]
[ADMIN] 10:56:38.354932 シナリオ走行を終了しました [シナリオ名: 新規ユーザー登録]
[ADMIN] 10:56:38.394853 シナリオ走行を終了しました [シナリオ名: 新規ユーザー登録]
[ADMIN] 10:56:38.445781 シナリオ走行を終了しました [シナリオ名: 新規ユーザー登録]
[ADMIN] 10:56:38.527355 シナリオ走行を終了しました [シナリオ名: 新規ユーザー登録]
[ADMIN] 10:56:38.608072 シナリオ走行を終了しました [シナリオ名: Banユーザログイン]
[ADMIN] 10:56:38.608091 シナリオ走行を開始しました [シナリオ名: Banユーザログイン]
[ADMIN] 10:56:38.664592 シナリオ走行を終了しました [シナリオ名: Banユーザログイン]
[ADMIN] 10:56:38.664609 シナリオ走行を開始しました [シナリオ名: Banユーザログイン]
[ADMIN] 10:56:38.664746 シナリオ走行を終了しました [シナリオ名: Banユーザログイン]
[ADMIN] 10:56:38.664765 シナリオ走行を開始しました [シナリオ名: Banユーザログイン]
[ADMIN] 10:56:38.677761 シナリオ走行を終了しました [シナリオ名: Banユーザログイン]
[ADMIN] 10:56:38.677780 シナリオ走行を開始しました [シナリオ名: Banユーザログイン]
[ADMIN] 10:56:38.764742 シナリオ走行を終了しました [シナリオ名: Banユーザログイン]
[ADMIN] 10:56:38.764756 シナリオ走行を開始しました [シナリオ名: Banユーザログイン]
[ADMIN] 10:56:38.806104 シナリオ走行を終了しました [シナリオ名: Banユーザログイン]
[ADMIN] 10:56:38.806116 シナリオ走行を開始しました [シナリオ名: Banユーザログイン]
[ADMIN] 10:56:38.822060 シナリオ走行を終了しました [シナリオ名: 新規ユーザー登録]
[ADMIN] 10:56:38.822096 シナリオ走行を開始しました [シナリオ名: 新規ユーザー登録]
[ADMIN] 10:56:38.822105 シナリオ走行を開始しました [シナリオ名: 新規ユーザー登録]
[ADMIN] 10:56:38.822112 シナリオ走行を開始しました [シナリオ名: 新規ユーザー登録]
[ADMIN] 10:56:38.822195 シナリオ走行を開始しました [シナリオ名: 新規ユーザー登録]
[ADMIN] 10:56:38.822228 シナリオ走行を開始しました [シナリオ名: 新規ユーザー登録]
[ADMIN] 10:56:38.822240 シナリオ走行を開始しました [シナリオ名: 新規ユーザー登録]
[ADMIN] 10:56:38.822290 シナリオ走行を開始しました [シナリオ名: 新規ユーザー登録]
[ADMIN] 10:56:38.822234 シナリオ走行を開始しました [シナリオ名: 新規ユーザー登録]
[ADMIN] 10:56:38.822322 シナリオ走行を開始しました [シナリオ名: 新規ユーザー登録]
[ADMIN] 10:56:38.822396 シナリオ走行を開始しました [シナリオ名: 新規ユーザー登録]
[ADMIN] 10:56:38.822430 シナリオ走行を開始しました [シナリオ名: 新規ユーザー登録]
[ADMIN] 10:56:38.843357 シナリオ走行を終了しました [シナリオ名: 新規ユーザー登録]
[ADMIN] 10:56:38.843377 シナリオ走行を開始しました [シナリオ名: 新規ユーザー登録]
[ADMIN] 10:56:38.857621 シナリオ走行を終了しました [シナリオ名: Banユーザログイン]
[ADMIN] 10:56:38.857644 シナリオ走行を開始しました [シナリオ名: Banユーザログイン]
[ADMIN] 10:56:38.857989 シナリオ走行を終了しました [シナリオ名: Banユーザログイン]
[ADMIN] 10:56:38.858001 シナリオ走行を開始しました [シナリオ名: Banユーザログイン]
[ADMIN] 10:56:38.935998 シナリオ走行を終了しました [シナリオ名: Banユーザログイン]
[ADMIN] 10:56:38.936020 シナリオ走行を開始しました [シナリオ名: Banユーザログイン]
[ADMIN] 10:56:38.945475 シナリオ走行を終了しました [シナリオ名: Banユーザログイン]
[ADMIN] 10:56:38.945492 シナリオ走行を開始しました [シナリオ名: Banユーザログイン]
[ADMIN] 10:56:38.969424 シナリオ走行を終了しました [シナリオ名: 新規ユーザー登録]
[ADMIN] 10:56:38.969447 シナリオ走行を開始しました [シナリオ名: 新規ユーザー登録]
[ADMIN] 10:56:39.035546 シナリオ走行を終了しました [シナリオ名: 新規ユーザー登録]
[ADMIN] 10:56:39.037603 シナリオ走行を終了しました [シナリオ名: 新規ユーザー登録]
[ADMIN] 10:56:39.037631 シナリオ走行を開始しました [シナリオ名: 新規ユーザー登録]
[ADMIN] 10:56:39.037684 シナリオ走行を開始しました [シナリオ名: 新規ユーザー登録]
[ADMIN] 10:56:39.042276 シナリオ走行を終了しました [シナリオ名: 新規ユーザー登録]
[ADMIN] 10:56:39.048234 シナリオ走行を終了しました [シナリオ名: 新規ユーザー登録]
[ADMIN] 10:56:39.048259 シナリオ走行を開始しました [シナリオ名: 新規ユーザー登録]
[ADMIN] 10:56:39.048327 シナリオ走行を開始しました [シナリオ名: 新規ユーザー登録]
[ADMIN] 10:56:39.183505 シナリオ走行を終了しました [シナリオ名: ログイン]
[ADMIN] 10:56:39.183518 シナリオ走行を開始しました [シナリオ名: ログイン]
[ADMIN] 10:56:39.192254 シナリオ走行を終了しました [シナリオ名: ログイン]
[ADMIN] 10:56:39.192266 シナリオ走行を開始しました [シナリオ名: ログイン]
[ADMIN] 10:56:39.204700 シナリオ走行を終了しました [シナリオ名: ログイン]
[ADMIN] 10:56:39.204712 シナリオ走行を開始しました [シナリオ名: ログイン]
[ADMIN] 10:56:39.251703 シナリオ走行を終了しました [シナリオ名: Banユーザログイン]
[ADMIN] 10:56:39.251726 シナリオ走行を開始しました [シナリオ名: Banユーザログイン]
[ADMIN] 10:56:39.255220 シナリオ走行を終了しました [シナリオ名: Banユーザログイン]
[ADMIN] 10:56:39.255235 シナリオ走行を開始しました [シナリオ名: Banユーザログイン]
[ADMIN] 10:56:39.262930 シナリオ走行を終了しました [シナリオ名: ログイン]
[ADMIN] 10:56:39.262941 シナリオ走行を開始しました [シナリオ名: ログイン]
[ADMIN] 10:56:39.268598 シナリオ走行を終了しました [シナリオ名: Banユーザログイン]
[ADMIN] 10:56:39.268613 シナリオ走行を開始しました [シナリオ名: Banユーザログイン]
[ADMIN] 10:56:39.269543 シナリオ走行を終了しました [シナリオ名: ログイン]
[ADMIN] 10:56:39.269554 シナリオ走行を開始しました [シナリオ名: ログイン]
[ADMIN] 10:56:39.281774 シナリオ走行を終了しました [シナリオ名: ログイン]
[ADMIN] 10:56:39.281783 シナリオ走行を開始しました [シナリオ名: ログイン]
[ADMIN] 10:56:39.283165 シナリオ走行を終了しました [シナリオ名: ログイン]
[ADMIN] 10:56:39.283175 シナリオ走行を開始しました [シナリオ名: ログイン]
[ADMIN] 10:56:39.299586 シナリオ走行を終了しました [シナリオ名: ログイン]
[ADMIN] 10:56:39.299599 シナリオ走行を開始しました [シナリオ名: ログイン]
[ADMIN] 10:56:39.313437 シナリオ走行を終了しました [シナリオ名: ログイン]
[ADMIN] 10:56:39.313448 シナリオ走行を開始しました [シナリオ名: ログイン]
[ADMIN] 10:56:39.317157 シナリオ走行を終了しました [シナリオ名: ログイン]
[ADMIN] 10:56:39.317167 シナリオ走行を開始しました [シナリオ名: ログイン]
[ADMIN] 10:56:39.317970 シナリオ走行を終了しました [シナリオ名: 新規ユーザー登録]
[ADMIN] 10:56:39.317987 シナリオ走行を開始しました [シナリオ名: 新規ユーザー登録]
[ADMIN] 10:56:39.326854 シナリオ走行を終了しました [シナリオ名: ログイン]
[ADMIN] 10:56:39.326864 シナリオ走行を開始しました [シナリオ名: ログイン]
[ADMIN] 10:56:39.346333 シナリオ走行を終了しました [シナリオ名: Banユーザログイン]
[ADMIN] 10:56:39.346351 シナリオ走行を開始しました [シナリオ名: Banユーザログイン]
[ADMIN] 10:56:39.346765 シナリオ走行を終了しました [シナリオ名: Banユーザログイン]
[ADMIN] 10:56:39.346780 シナリオ走行を開始しました [シナリオ名: Banユーザログイン]
[ADMIN] 10:56:39.353698 シナリオ走行を終了しました [シナリオ名: ログイン]
[ADMIN] 10:56:39.353708 シナリオ走行を開始しました [シナリオ名: ログイン]
[ADMIN] 10:56:39.417942 シナリオ走行を終了しました [シナリオ名: Banユーザログイン]
[ADMIN] 10:56:39.417955 シナリオ走行を開始しました [シナリオ名: Banユーザログイン]
[ADMIN] 10:56:39.433065 シナリオ走行を終了しました [シナリオ名: Banユーザログイン]
[ADMIN] 10:56:39.433081 シナリオ走行を開始しました [シナリオ名: Banユーザログイン]
[ADMIN] 10:56:39.442754 シナリオ走行を終了しました [シナリオ名: Banユーザログイン]
[ADMIN] 10:56:39.442767 シナリオ走行を開始しました [シナリオ名: Banユーザログイン]
[ADMIN] 10:56:39.458426 シナリオ走行を終了しました [シナリオ名: ログイン]
[ADMIN] 10:56:39.458434 シナリオ走行を開始しました [シナリオ名: ログイン]
[ADMIN] 10:56:39.497355 シナリオ走行を終了しました [シナリオ名: ログイン]
[ADMIN] 10:56:39.497367 シナリオ走行を開始しました [シナリオ名: ログイン]
[ADMIN] 10:56:39.502579 シナリオ走行を終了しました [シナリオ名: Banユーザログイン]
[ADMIN] 10:56:39.502592 シナリオ走行を開始しました [シナリオ名: Banユーザログイン]
[ADMIN] 10:56:39.511701 シナリオ走行を終了しました [シナリオ名: ログイン]
[ADMIN] 10:56:39.511711 シナリオ走行を開始しました [シナリオ名: ログイン]
[ADMIN] 10:56:39.526915 シナリオ走行を終了しました [シナリオ名: ログイン]
[ADMIN] 10:56:39.526923 シナリオ走行を開始しました [シナリオ名: ログイン]
[ADMIN] 10:56:39.581286 シナリオ走行を終了しました [シナリオ名: Banユーザログイン]
[ADMIN] 10:56:39.581300 シナリオ走行を開始しました [シナリオ名: Banユーザログイン]
[ADMIN] 10:56:39.599003 シナリオ走行を終了しました [シナリオ名: ログイン]
[ADMIN] 10:56:39.599013 シナリオ走行を開始しました [シナリオ名: ログイン]
[ADMIN] 10:56:39.612376 シナリオ走行を終了しました [シナリオ名: ログイン]
[ADMIN] 10:56:39.612388 シナリオ走行を開始しました [シナリオ名: ログイン]
[ADMIN] 10:56:39.675103 シナリオ走行を終了しました [シナリオ名: ログイン]
[ADMIN] 10:56:39.675118 シナリオ走行を開始しました [シナリオ名: ログイン]
[ADMIN] 10:56:39.709908 シナリオ走行を終了しました [シナリオ名: ログイン]
[ADMIN] 10:56:39.709920 シナリオ走行を開始しました [シナリオ名: ログイン]
[ADMIN] 10:56:39.764494 シナリオ走行を終了しました [シナリオ名: ログイン]
[ADMIN] 10:56:39.764507 シナリオ走行を開始しました [シナリオ名: ログイン]
[ADMIN] 10:56:39.771262 シナリオ走行を終了しました [シナリオ名: ログイン]
[ADMIN] 10:56:39.771272 シナリオ走行を開始しました [シナリオ名: ログイン]
[ADMIN] 10:56:39.784900 シナリオ走行を終了しました [シナリオ名: ログイン]
[ADMIN] 10:56:39.784912 シナリオ走行を開始しました [シナリオ名: ログイン]
[ADMIN] 10:56:39.798820 シナリオ走行を終了しました [シナリオ名: ログイン]
[ADMIN] 10:56:39.798831 シナリオ走行を開始しました [シナリオ名: ログイン]
[ADMIN] 10:56:39.805748 シナリオ走行を終了しました [シナリオ名: ログイン]
[ADMIN] 10:56:39.805758 シナリオ走行を開始しました [シナリオ名: ログイン]
[ADMIN] 10:56:39.825190 シナリオ走行を終了しました [シナリオ名: ログイン]
[ADMIN] 10:56:39.825200 シナリオ走行を開始しました [シナリオ名: ログイン]
[ADMIN] 10:56:39.830401 シナリオ走行を終了しました [シナリオ名: ログイン]
[ADMIN] 10:56:39.830410 シナリオ走行を開始しました [シナリオ名: ログイン]
[ADMIN] 10:56:39.854116 シナリオ走行を終了しました [シナリオ名: ログイン]
[ADMIN] 10:56:39.854130 シナリオ走行を開始しました [シナリオ名: ログイン]
[ADMIN] 10:56:39.884208 シナリオ走行を終了しました [シナリオ名: ログイン]
[ADMIN] 10:56:39.884219 シナリオ走行を開始しました [シナリオ名: ログイン]
[ADMIN] 10:56:39.889700 シナリオ走行を終了しました [シナリオ名: Banユーザログイン]
[ADMIN] 10:56:39.889720 シナリオ走行を開始しました [シナリオ名: Banユーザログイン]
[ADMIN] 10:56:39.893163 シナリオ走行を終了しました [シナリオ名: Banユーザログイン]
[ADMIN] 10:56:39.893176 シナリオ走行を開始しました [シナリオ名: Banユーザログイン]
[ADMIN] 10:56:39.895597 シナリオ走行を終了しました [シナリオ名: Banユーザログイン]
[ADMIN] 10:56:39.895610 シナリオ走行を開始しました [シナリオ名: Banユーザログイン]
[ADMIN] 10:56:39.896671 シナリオ走行を終了しました [シナリオ名: ログイン]
[ADMIN] 10:56:39.896681 シナリオ走行を開始しました [シナリオ名: ログイン]
[ADMIN] 10:56:39.923547 シナリオ走行を終了しました [シナリオ名: ログイン]
[ADMIN] 10:56:39.923557 シナリオ走行を開始しました [シナリオ名: ログイン]
[ADMIN] 10:56:39.927725 シナリオ走行を終了しました [シナリオ名: Banユーザログイン]
[ADMIN] 10:56:39.927742 シナリオ走行を開始しました [シナリオ名: Banユーザログイン]
[ADMIN] 10:56:39.933638 シナリオ走行を終了しました [シナリオ名: ログイン]
[ADMIN] 10:56:39.933649 シナリオ走行を開始しました [シナリオ名: ログイン]
[ADMIN] 10:56:39.958004 シナリオ走行を終了しました [シナリオ名: Banユーザログイン]
[ADMIN] 10:56:39.958025 シナリオ走行を開始しました [シナリオ名: Banユーザログイン]
[ADMIN] 10:56:40.057931 シナリオ走行を終了しました [シナリオ名: ログイン]
[ADMIN] 10:56:40.057945 シナリオ走行を開始しました [シナリオ名: ログイン]
[ADMIN] 10:56:40.058090 シナリオ走行を終了しました [シナリオ名: Banユーザログイン]
[ADMIN] 10:56:40.058104 シナリオ走行を開始しました [シナリオ名: Banユーザログイン]
[ADMIN] 10:56:40.068941 シナリオ走行を終了しました [シナリオ名: ログイン]
[ADMIN] 10:56:40.068953 シナリオ走行を開始しました [シナリオ名: ログイン]
[ADMIN] 10:56:40.090874 シナリオ走行を終了しました [シナリオ名: ログイン]
[ADMIN] 10:56:40.090886 シナリオ走行を開始しました [シナリオ名: ログイン]
[ADMIN] 10:56:40.093132 シナリオ走行を終了しました [シナリオ名: Banユーザログイン]
[ADMIN] 10:56:40.093146 シナリオ走行を開始しました [シナリオ名: Banユーザログイン]
[ADMIN] 10:56:40.099501 シナリオ走行を終了しました [シナリオ名: ログイン]
[ADMIN] 10:56:40.099512 シナリオ走行を開始しました [シナリオ名: ログイン]
[ADMIN] 10:56:40.102023 シナリオ走行を終了しました [シナリオ名: ログイン]
[ADMIN] 10:56:40.102034 シナリオ走行を開始しました [シナリオ名: ログイン]
[ADMIN] 10:56:40.108071 シナリオ走行を終了しました [シナリオ名: ログイン]
[ADMIN] 10:56:40.108081 シナリオ走行を開始しました [シナリオ名: ログイン]
[ADMIN] 10:56:40.122297 シナリオ走行を終了しました [シナリオ名: ログイン]
[ADMIN] 10:56:40.122306 シナリオ走行を開始しました [シナリオ名: ログイン]
[ADMIN] 10:56:40.150610 シナリオ走行を終了しました [シナリオ名: ログイン]
[ADMIN] 10:56:40.150633 シナリオ走行を開始しました [シナリオ名: ログイン]
[ADMIN] 10:56:40.151008 シナリオ走行を終了しました [シナリオ名: ログイン]
[ADMIN] 10:56:40.151017 シナリオ走行を開始しました [シナリオ名: ログイン]
[ADMIN] 10:56:40.154536 シナリオ走行を終了しました [シナリオ名: ログイン]
[ADMIN] 10:56:40.154545 シナリオ走行を開始しました [シナリオ名: ログイン]
[ADMIN] 10:56:40.158581 シナリオ走行を終了しました [シナリオ名: Banユーザログイン]
[ADMIN] 10:56:40.158597 シナリオ走行を開始しました [シナリオ名: Banユーザログイン]
[ADMIN] 10:56:40.162145 シナリオ走行を終了しました [シナリオ名: ログイン]
[ADMIN] 10:56:40.162153 シナリオ走行を開始しました [シナリオ名: ログイン]
[ADMIN] 10:56:40.174425 シナリオ走行を終了しました [シナリオ名: ログイン]
[ADMIN] 10:56:40.174435 シナリオ走行を開始しました [シナリオ名: ログイン]
[ADMIN] 10:56:40.192254 シナリオ走行を終了しました [シナリオ名: Banユーザログイン]
[ADMIN] 10:56:40.192269 シナリオ走行を開始しました [シナリオ名: Banユーザログイン]
[ADMIN] 10:56:40.249481 シナリオ走行を終了しました [シナリオ名: ログイン]
[ADMIN] 10:56:40.249497 シナリオ走行を開始しました [シナリオ名: ログイン]
[ADMIN] 10:56:40.250887 シナリオ走行を終了しました [シナリオ名: ログイン]
[ADMIN] 10:56:40.250898 シナリオ走行を開始しました [シナリオ名: ログイン]
[ADMIN] 10:56:40.250912 シナリオ走行を終了しました [シナリオ名: ログイン]
[ADMIN] 10:56:40.250919 シナリオ走行を開始しました [シナリオ名: ログイン]
[ADMIN] 10:56:40.266838 シナリオ走行を終了しました [シナリオ名: ログイン]
[ADMIN] 10:56:40.266848 シナリオ走行を開始しました [シナリオ名: ログイン]
[ADMIN] 10:56:40.275291 シナリオ走行を終了しました [シナリオ名: ログイン]
[ADMIN] 10:56:40.275301 シナリオ走行を開始しました [シナリオ名: ログイン]
[ADMIN] 10:56:40.290907 シナリオ走行を終了しました [シナリオ名: ログイン]
[ADMIN] 10:56:40.290915 シナリオ走行を開始しました [シナリオ名: ログイン]
[ADMIN] 10:56:40.292183 シナリオ走行を終了しました [シナリオ名: ログイン]
[ADMIN] 10:56:40.292191 シナリオ走行を開始しました [シナリオ名: ログイン]
[ADMIN] 10:56:40.293698 シナリオ走行を終了しました [シナリオ名: ログイン]
[ADMIN] 10:56:40.293706 シナリオ走行を開始しました [シナリオ名: ログイン]
[ADMIN] 10:56:40.294107 シナリオ走行を終了しました [シナリオ名: ログイン]
[ADMIN] 10:56:40.294114 シナリオ走行を開始しました [シナリオ名: ログイン]
[ADMIN] 10:56:40.300867 シナリオ走行を終了しました [シナリオ名: ログイン]
[ADMIN] 10:56:40.300876 シナリオ走行を開始しました [シナリオ名: ログイン]
[ADMIN] 10:56:40.304520 シナリオ走行を終了しました [シナリオ名: ログイン]
[ADMIN] 10:56:40.304529 シナリオ走行を開始しました [シナリオ名: ログイン]
[ADMIN] 10:56:40.332588 シナリオ走行を終了しました [シナリオ名: ログイン]
[ADMIN] 10:56:40.332597 シナリオ走行を開始しました [シナリオ名: ログイン]
[ADMIN] 10:56:40.335487 シナリオ走行を終了しました [シナリオ名: ログイン]
[ADMIN] 10:56:40.335496 シナリオ走行を開始しました [シナリオ名: ログイン]
[ADMIN] 10:56:40.364192 シナリオ走行を終了しました [シナリオ名: ログイン]
[ADMIN] 10:56:40.364202 シナリオ走行を開始しました [シナリオ名: ログイン]
[ADMIN] 10:56:40.375516 シナリオ走行を終了しました [シナリオ名: ログイン]
[ADMIN] 10:56:40.375525 シナリオ走行を開始しました [シナリオ名: ログイン]
[ADMIN] 10:56:40.421839 シナリオ走行を終了しました [シナリオ名: ログイン]
[ADMIN] 10:56:40.421849 シナリオ走行を開始しました [シナリオ名: ログイン]
[ADMIN] 10:56:40.425929 シナリオ走行を終了しました [シナリオ名: ログイン]
[ADMIN] 10:56:40.425938 シナリオ走行を開始しました [シナリオ名: ログイン]
[ADMIN] 10:56:40.428332 シナリオ走行を終了しました [シナリオ名: Banユーザログイン]
[ADMIN] 10:56:40.428344 シナリオ走行を開始しました [シナリオ名: Banユーザログイン]
[ADMIN] 10:56:40.443129 シナリオ走行を終了しました [シナリオ名: Banユーザログイン]
[ADMIN] 10:56:40.443138 シナリオ走行を終了しました [シナリオ名: Banユーザログイン]
[ADMIN] 10:56:40.443140 シナリオ走行を開始しました [シナリオ名: Banユーザログイン]
[ADMIN] 10:56:40.443147 シナリオ走行を開始しました [シナリオ名: Banユーザログイン]
[ADMIN] 10:56:40.452189 シナリオ走行を終了しました [シナリオ名: ログイン]
[ADMIN] 10:56:40.452197 シナリオ走行を開始しました [シナリオ名: ログイン]
[ADMIN] 10:56:40.472114 シナリオ走行を終了しました [シナリオ名: Banユーザログイン]
[ADMIN] 10:56:40.472127 シナリオ走行を開始しました [シナリオ名: Banユーザログイン]
[ADMIN] 10:56:40.472326 シナリオ走行を終了しました [シナリオ名: ログイン]
[ADMIN] 10:56:40.472335 シナリオ走行を開始しました [シナリオ名: ログイン]
[ADMIN] 10:56:40.484420 シナリオ走行を終了しました [シナリオ名: ログイン]
[ADMIN] 10:56:40.484427 シナリオ走行を開始しました [シナリオ名: ログイン]
[ADMIN] 10:56:40.494757 シナリオ走行を終了しました [シナリオ名: ログイン]
[ADMIN] 10:56:40.494767 シナリオ走行を開始しました [シナリオ名: ログイン]
[ADMIN] 10:56:40.551657 シナリオ走行を終了しました [シナリオ名: Banユーザログイン]
[ADMIN] 10:56:40.551672 シナリオ走行を開始しました [シナリオ名: Banユーザログイン]
[ADMIN] 10:56:40.583605 シナリオ走行を終了しました [シナリオ名: ログイン]
[ADMIN] 10:56:40.583624 シナリオ走行を開始しました [シナリオ名: ログイン]
[ADMIN] 10:56:40.598965 シナリオ走行を終了しました [シナリオ名: Banユーザログイン]
[ADMIN] 10:56:40.598983 シナリオ走行を開始しました [シナリオ名: Banユーザログイン]
[ADMIN] 10:56:40.648327 シナリオ走行を終了しました [シナリオ名: Banユーザログイン]
[ADMIN] 10:56:40.648343 シナリオ走行を開始しました [シナリオ名: Banユーザログイン]
[ADMIN] 10:56:40.650015 シナリオ走行を終了しました [シナリオ名: ログイン]
[ADMIN] 10:56:40.650025 シナリオ走行を開始しました [シナリオ名: ログイン]
[ADMIN] 10:56:40.669439 シナリオ走行を終了しました [シナリオ名: Banユーザログイン]
[ADMIN] 10:56:40.669459 シナリオ走行を開始しました [シナリオ名: Banユーザログイン]
[ADMIN] 10:56:40.675282 シナリオ走行を終了しました [シナリオ名: ログイン]
[ADMIN] 10:56:40.675294 シナリオ走行を開始しました [シナリオ名: ログイン]
[ADMIN] 10:56:40.701122 シナリオ走行を終了しました [シナリオ名: ログイン]
[ADMIN] 10:56:40.701135 シナリオ走行を開始しました [シナリオ名: ログイン]
[ADMIN] 10:56:40.752952 シナリオ走行を終了しました [シナリオ名: ログイン]
[ADMIN] 10:56:40.752964 シナリオ走行を開始しました [シナリオ名: ログイン]
[ADMIN] 10:56:40.754373 シナリオ走行を終了しました [シナリオ名: Banユーザログイン]
[ADMIN] 10:56:40.754386 シナリオ走行を開始しました [シナリオ名: Banユーザログイン]
[ADMIN] 10:56:40.783620 シナリオ走行を終了しました [シナリオ名: Banユーザログイン]
[ADMIN] 10:56:40.783639 シナリオ走行を開始しました [シナリオ名: Banユーザログイン]
[ADMIN] 10:56:40.819449 シナリオ走行を終了しました [シナリオ名: ログイン]
[ADMIN] 10:56:40.819460 シナリオ走行を開始しました [シナリオ名: ログイン]
[ADMIN] 10:56:41.033589 シナリオ走行を終了しました [シナリオ名: Banユーザログイン]
[ADMIN] 10:56:41.033605 シナリオ走行を開始しました [シナリオ名: Banユーザログイン]
[ADMIN] 10:56:41.073248 シナリオ走行を終了しました [シナリオ名: Banユーザログイン]
[ADMIN] 10:56:41.073264 シナリオ走行を開始しました [シナリオ名: Banユーザログイン]
[ADMIN] 10:56:41.133200 シナリオ走行を終了しました [シナリオ名: Banユーザログイン]
[ADMIN] 10:56:41.133216 シナリオ走行を開始しました [シナリオ名: Banユーザログイン]
[ADMIN] 10:56:41.144634 シナリオ走行を終了しました [シナリオ名: ログイン]
[ADMIN] 10:56:41.144647 シナリオ走行を開始しました [シナリオ名: ログイン]
[ADMIN] 10:56:41.181291 シナリオ走行を終了しました [シナリオ名: Banユーザログイン]
[ADMIN] 10:56:41.181304 シナリオ走行を開始しました [シナリオ名: Banユーザログイン]
[ADMIN] 10:56:41.214021 シナリオ走行を終了しました [シナリオ名: Banユーザログイン]
[ADMIN] 10:56:41.214041 シナリオ走行を開始しました [シナリオ名: Banユーザログイン]
[ADMIN] 10:56:41.228960 シナリオ走行を終了しました [シナリオ名: Banユーザログイン]
[ADMIN] 10:56:41.228973 シナリオ走行を開始しました [シナリオ名: Banユーザログイン]
[ADMIN] 10:56:41.234449 シナリオ走行を終了しました [シナリオ名: Banユーザログイン]
[ADMIN] 10:56:41.234463 シナリオ走行を開始しました [シナリオ名: Banユーザログイン]
[ADMIN] 10:56:41.242779 シナリオ走行を終了しました [シナリオ名: ログイン]
[ADMIN] 10:56:41.242790 シナリオ走行を開始しました [シナリオ名: ログイン]
[ADMIN] 10:56:41.326022 シナリオ走行を終了しました [シナリオ名: Banユーザログイン]
[ADMIN] 10:56:41.326038 シナリオ走行を開始しました [シナリオ名: Banユーザログイン]
[ADMIN] 10:56:41.335194 シナリオ走行を終了しました [シナリオ名: Banユーザログイン]
[ADMIN] 10:56:41.335206 シナリオ走行を開始しました [シナリオ名: Banユーザログイン]
[ADMIN] 10:56:41.371761 シナリオ走行を終了しました [シナリオ名: Banユーザログイン]
[ADMIN] 10:56:41.371777 シナリオ走行を開始しました [シナリオ名: Banユーザログイン]
[ADMIN] 10:56:41.411201 シナリオ走行を終了しました [シナリオ名: ログイン]
[ADMIN] 10:56:41.411214 シナリオ走行を開始しました [シナリオ名: ログイン]
[ADMIN] 10:56:41.525634 シナリオ走行を終了しました [シナリオ名: 新規ユーザー登録]
[ADMIN] 10:56:41.525662 シナリオ走行を開始しました [シナリオ名: 新規ユーザー登録]
[ADMIN] 10:56:41.528905 シナリオ走行を終了しました [シナリオ名: 新規ユーザー登録]
[ADMIN] 10:56:41.528924 シナリオ走行を開始しました [シナリオ名: 新規ユーザー登録]
[ADMIN] 10:56:41.592297 シナリオ走行を終了しました [シナリオ名: ログイン]
[ADMIN] 10:56:41.592313 シナリオ走行を開始しました [シナリオ名: ログイン]
[ADMIN] 10:56:41.651592 シナリオ走行を終了しました [シナリオ名: Banユーザログイン]
[ADMIN] 10:56:41.651608 シナリオ走行を開始しました [シナリオ名: Banユーザログイン]
[ADMIN] 10:56:41.684528 シナリオ走行を終了しました [シナリオ名: Banユーザログイン]
[ADMIN] 10:56:41.684544 シナリオ走行を開始しました [シナリオ名: Banユーザログイン]
[ADMIN] 10:56:41.707139 シナリオ走行を終了しました [シナリオ名: 新規ユーザー登録]
[ADMIN] 10:56:41.707162 シナリオ走行を開始しました [シナリオ名: 新規ユーザー登録]
[ADMIN] 10:56:41.752346 シナリオ走行を終了しました [シナリオ名: Banユーザログイン]
[ADMIN] 10:56:41.752363 シナリオ走行を開始しました [シナリオ名: Banユーザログイン]
[ADMIN] 10:56:41.752742 シナリオ走行を終了しました [シナリオ名: Banユーザログイン]
[ADMIN] 10:56:41.752754 シナリオ走行を開始しました [シナリオ名: Banユーザログイン]
[ADMIN] 10:56:41.795935 シナリオ走行を終了しました [シナリオ名: Banユーザログイン]
[ADMIN] 10:56:41.795950 シナリオ走行を開始しました [シナリオ名: Banユーザログイン]
[ADMIN] 10:56:41.799117 シナリオ走行を終了しました [シナリオ名: ログイン]
[ADMIN] 10:56:41.799125 シナリオ走行を開始しました [シナリオ名: ログイン]
[ADMIN] 10:56:41.810415 シナリオ走行を終了しました [シナリオ名: ログイン]
[ADMIN] 10:56:41.810427 シナリオ走行を開始しました [シナリオ名: ログイン]
[ADMIN] 10:56:41.814068 シナリオ走行を終了しました [シナリオ名: Banユーザログイン]
[ADMIN] 10:56:41.814078 シナリオ走行を開始しました [シナリオ名: Banユーザログイン]
[ADMIN] 10:56:41.828142 シナリオ走行を終了しました [シナリオ名: ログイン]
[ADMIN] 10:56:41.828153 シナリオ走行を開始しました [シナリオ名: ログイン]
[ADMIN] 10:56:41.831173 シナリオ走行を終了しました [シナリオ名: ログイン]
[ADMIN] 10:56:41.831181 シナリオ走行を開始しました [シナリオ名: ログイン]
[ADMIN] 10:56:41.835587 シナリオ走行を終了しました [シナリオ名: Banユーザログイン]
[ADMIN] 10:56:41.835602 シナリオ走行を開始しました [シナリオ名: Banユーザログイン]
[ADMIN] 10:56:41.880464 シナリオ走行を終了しました [シナリオ名: 新規ユーザー登録]
[ADMIN] 10:56:41.880489 シナリオ走行を開始しました [シナリオ名: 新規ユーザー登録]
[ADMIN] 10:56:41.896026 シナリオ走行を終了しました [シナリオ名: Banユーザログイン]
[ADMIN] 10:56:41.896045 シナリオ走行を開始しました [シナリオ名: Banユーザログイン]
[ADMIN] 10:56:41.901447 シナリオ走行を終了しました [シナリオ名: ログイン]
[ADMIN] 10:56:41.901456 シナリオ走行を開始しました [シナリオ名: ログイン]
[ADMIN] 10:56:41.908233 シナリオ走行を終了しました [シナリオ名: Banユーザログイン]
[ADMIN] 10:56:41.908249 シナリオ走行を開始しました [シナリオ名: Banユーザログイン]
[ADMIN] 10:56:41.915679 シナリオ走行を終了しました [シナリオ名: ログイン]
[ADMIN] 10:56:41.915689 シナリオ走行を開始しました [シナリオ名: ログイン]
[ADMIN] 10:56:41.939962 シナリオ走行を終了しました [シナリオ名: ログイン]
[ADMIN] 10:56:41.939974 シナリオ走行を開始しました [シナリオ名: ログイン]
[ADMIN] 10:56:41.969068 シナリオ走行を終了しました [シナリオ名: Banユーザログイン]
[ADMIN] 10:56:41.969090 シナリオ走行を開始しました [シナリオ名: Banユーザログイン]
[ADMIN] 10:56:41.986228 シナリオ走行を終了しました [シナリオ名: 新規ユーザー登録]
[ADMIN] 10:56:41.986247 シナリオ走行を開始しました [シナリオ名: 新規ユーザー登録]
[ADMIN] 10:56:41.993207 シナリオ走行を終了しました [シナリオ名: 新規ユーザー登録]
[ADMIN] 10:56:41.993232 シナリオ走行を開始しました [シナリオ名: 新規ユーザー登録]
[ADMIN] 10:56:42.051519 シナリオ走行を終了しました [シナリオ名: 新規ユーザー登録]
[ADMIN] 10:56:42.051545 シナリオ走行を開始しました [シナリオ名: 新規ユーザー登録]
[ADMIN] 10:56:42.078240 シナリオ走行を終了しました [シナリオ名: 新規ユーザー登録]
[ADMIN] 10:56:42.078259 シナリオ走行を開始しました [シナリオ名: 新規ユーザー登録]
[ADMIN] 10:56:42.132166 シナリオ走行を終了しました [シナリオ名: ログイン]
[ADMIN] 10:56:42.132178 シナリオ走行を開始しました [シナリオ名: ログイン]
[ADMIN] 10:56:42.157652 シナリオ走行を終了しました [シナリオ名: ログイン]
[ADMIN] 10:56:42.157663 シナリオ走行を開始しました [シナリオ名: ログイン]
[ADMIN] 10:56:42.158405 シナリオ走行を終了しました [シナリオ名: ログイン]
[ADMIN] 10:56:42.158415 シナリオ走行を開始しました [シナリオ名: ログイン]
[ADMIN] 10:56:42.206032 シナリオ走行を終了しました [シナリオ名: 新規ユーザー登録]
[ADMIN] 10:56:42.206055 シナリオ走行を開始しました [シナリオ名: 新規ユーザー登録]
[ADMIN] 10:56:42.211647 シナリオ走行を終了しました [シナリオ名: 新規ユーザー登録]
[ADMIN] 10:56:42.211668 シナリオ走行を開始しました [シナリオ名: 新規ユーザー登録]
[ADMIN] 10:56:42.262565 シナリオ走行を終了しました [シナリオ名: 新規ユーザー登録]
[ADMIN] 10:56:42.262589 シナリオ走行を開始しました [シナリオ名: 新規ユーザー登録]
[ADMIN] 10:56:42.276870 シナリオ走行を終了しました [シナリオ名: Banユーザログイン]
[ADMIN] 10:56:42.276886 シナリオ走行を開始しました [シナリオ名: Banユーザログイン]
[ADMIN] 10:56:42.300523 シナリオ走行を終了しました [シナリオ名: Banユーザログイン]
[ADMIN] 10:56:42.300539 シナリオ走行を開始しました [シナリオ名: Banユーザログイン]
[ADMIN] 10:56:42.303014 シナリオ走行を終了しました [シナリオ名: Banユーザログイン]
[ADMIN] 10:56:42.303029 シナリオ走行を開始しました [シナリオ名: Banユーザログイン]
[ADMIN] 10:56:42.306535 シナリオ走行を終了しました [シナリオ名: ログイン]
[ADMIN] 10:56:42.306544 シナリオ走行を開始しました [シナリオ名: ログイン]
[ADMIN] 10:56:42.310645 シナリオ走行を終了しました [シナリオ名: ログイン]
[ADMIN] 10:56:42.310655 シナリオ走行を開始しました [シナリオ名: ログイン]
[ADMIN] 10:56:42.332272 シナリオ走行を終了しました [シナリオ名: 新規ユーザー登録]
[ADMIN] 10:56:42.332291 シナリオ走行を開始しました [シナリオ名: 新規ユーザー登録]
[ADMIN] 10:56:42.345635 シナリオ走行を終了しました [シナリオ名: Banユーザログイン]
[ADMIN] 10:56:42.345648 シナリオ走行を開始しました [シナリオ名: Banユーザログイン]
[ADMIN] 10:56:42.355760 シナリオ走行を終了しました [シナリオ名: Banユーザログイン]
[ADMIN] 10:56:42.355776 シナリオ走行を開始しました [シナリオ名: Banユーザログイン]
[ADMIN] 10:56:42.360773 シナリオ走行を終了しました [シナリオ名: 新規ユーザー登録]
[ADMIN] 10:56:42.360799 シナリオ走行を開始しました [シナリオ名: 新規ユーザー登録]
[ADMIN] 10:56:42.372549 シナリオ走行を終了しました [シナリオ名: ログイン]
[ADMIN] 10:56:42.372560 シナリオ走行を開始しました [シナリオ名: ログイン]
[ADMIN] 10:56:42.379988 シナリオ走行を終了しました [シナリオ名: 新規ユーザー登録]
[ADMIN] 10:56:42.380008 シナリオ走行を開始しました [シナリオ名: 新規ユーザー登録]
[ADMIN] 10:56:42.399809 シナリオ走行を終了しました [シナリオ名: 新規ユーザー登録]
[ADMIN] 10:56:42.399826 シナリオ走行を開始しました [シナリオ名: 新規ユーザー登録]
[ADMIN] 10:56:42.423708 シナリオ走行を終了しました [シナリオ名: ログイン]
[ADMIN] 10:56:42.423721 シナリオ走行を開始しました [シナリオ名: ログイン]
[ADMIN] 10:56:42.427833 シナリオ走行を終了しました [シナリオ名: Banユーザログイン]
[ADMIN] 10:56:42.427851 シナリオ走行を開始しました [シナリオ名: Banユーザログイン]
[ADMIN] 10:56:42.432678 シナリオ走行を終了しました [シナリオ名: 新規ユーザー登録]
[ADMIN] 10:56:42.432701 シナリオ走行を開始しました [シナリオ名: 新規ユーザー登録]
[ADMIN] 10:56:42.433087 シナリオ走行を終了しました [シナリオ名: ログイン]
[ADMIN] 10:56:42.433099 シナリオ走行を開始しました [シナリオ名: ログイン]
[ADMIN] 10:56:42.434127 シナリオ走行を終了しました [シナリオ名: ログイン]
[ADMIN] 10:56:42.434136 シナリオ走行を開始しました [シナリオ名: ログイン]
[ADMIN] 10:56:42.434907 シナリオ走行を終了しました [シナリオ名: ログイン]
[ADMIN] 10:56:42.434914 シナリオ走行を開始しました [シナリオ名: ログイン]
[ADMIN] 10:56:42.448463 シナリオ走行を終了しました [シナリオ名: ログイン]
[ADMIN] 10:56:42.448474 シナリオ走行を開始しました [シナリオ名: ログイン]
[ADMIN] 10:56:42.455019 シナリオ走行を終了しました [シナリオ名: Banユーザログイン]
[ADMIN] 10:56:42.455033 シナリオ走行を開始しました [シナリオ名: Banユーザログイン]
[ADMIN] 10:56:42.495074 シナリオ走行を終了しました [シナリオ名: ログイン]
[ADMIN] 10:56:42.495087 シナリオ走行を開始しました [シナリオ名: ログイン]
[ADMIN] 10:56:42.504459 シナリオ走行を終了しました [シナリオ名: ログイン]
[ADMIN] 10:56:42.504472 シナリオ走行を開始しました [シナリオ名: ログイン]
[ADMIN] 10:56:42.528110 シナリオ走行を終了しました [シナリオ名: ログイン]
[ADMIN] 10:56:42.528120 シナリオ走行を開始しました [シナリオ名: ログイン]
[ADMIN] 10:56:42.535076 シナリオ走行を終了しました [シナリオ名: 新規ユーザー登録]
[ADMIN] 10:56:42.535096 シナリオ走行を開始しました [シナリオ名: 新規ユーザー登録]
[ADMIN] 10:56:42.542895 シナリオ走行を終了しました [シナリオ名: Banユーザログイン]
[ADMIN] 10:56:42.542909 シナリオ走行を開始しました [シナリオ名: Banユーザログイン]
[ADMIN] 10:56:42.569481 シナリオ走行を終了しました [シナリオ名: ログイン]
[ADMIN] 10:56:42.569489 シナリオ走行を開始しました [シナリオ名: ログイン]
[ADMIN] 10:56:42.583081 シナリオ走行を終了しました [シナリオ名: ログイン]
[ADMIN] 10:56:42.583091 シナリオ走行を開始しました [シナリオ名: ログイン]
[ADMIN] 10:56:42.585511 シナリオ走行を終了しました [シナリオ名: Banユーザログイン]
[ADMIN] 10:56:42.585523 シナリオ走行を開始しました [シナリオ名: Banユーザログイン]
[ADMIN] 10:56:42.586564 シナリオ走行を終了しました [シナリオ名: ログイン]
[ADMIN] 10:56:42.586574 シナリオ走行を開始しました [シナリオ名: ログイン]
[ADMIN] 10:56:42.587434 シナリオ走行を終了しました [シナリオ名: 新規ユーザー登録]
[ADMIN] 10:56:42.587453 シナリオ走行を開始しました [シナリオ名: 新規ユーザー登録]
[ADMIN] 10:56:42.589614 シナリオ走行を終了しました [シナリオ名: 新規ユーザー登録]
[ADMIN] 10:56:42.589628 シナリオ走行を開始しました [シナリオ名: 新規ユーザー登録]
[ADMIN] 10:56:42.607630 シナリオ走行を終了しました [シナリオ名: ログイン]
[ADMIN] 10:56:42.607637 シナリオ走行を開始しました [シナリオ名: ログイン]
[ADMIN] 10:56:42.611458 シナリオ走行を終了しました [シナリオ名: 新規ユーザー登録]
[ADMIN] 10:56:42.611478 シナリオ走行を開始しました [シナリオ名: 新規ユーザー登録]
[ADMIN] 10:56:42.636903 シナリオ走行を終了しました [シナリオ名: 新規ユーザー登録]
[ADMIN] 10:56:42.636920 シナリオ走行を開始しました [シナリオ名: 新規ユーザー登録]
[ADMIN] 10:56:42.642472 シナリオ走行を終了しました [シナリオ名: 新規ユーザー登録]
[ADMIN] 10:56:42.642489 シナリオ走行を開始しました [シナリオ名: 新規ユーザー登録]
[ADMIN] 10:56:42.649361 シナリオ走行を終了しました [シナリオ名: ログイン]
[ADMIN] 10:56:42.649369 シナリオ走行を開始しました [シナリオ名: ログイン]
[ADMIN] 10:56:42.656989 シナリオ走行を終了しました [シナリオ名: 新規ユーザー登録]
[ADMIN] 10:56:42.657004 シナリオ走行を開始しました [シナリオ名: 新規ユーザー登録]
[ADMIN] 10:56:42.669598 シナリオ走行を終了しました [シナリオ名: 新規ユーザー登録]
[ADMIN] 10:56:42.669613 シナリオ走行を開始しました [シナリオ名: 新規ユーザー登録]
[ADMIN] 10:56:42.672964 シナリオ走行を終了しました [シナリオ名: Banユーザログイン]
[ADMIN] 10:56:42.672983 シナリオ走行を開始しました [シナリオ名: Banユーザログイン]
[ADMIN] 10:56:42.673304 シナリオ走行を終了しました [シナリオ名: ログイン]
[ADMIN] 10:56:42.673312 シナリオ走行を開始しました [シナリオ名: ログイン]
[ADMIN] 10:56:42.676706 シナリオ走行を終了しました [シナリオ名: ログイン]
[ADMIN] 10:56:42.676713 シナリオ走行を開始しました [シナリオ名: ログイン]
[ADMIN] 10:56:42.678837 シナリオ走行を終了しました [シナリオ名: ログイン]
[ADMIN] 10:56:42.678847 シナリオ走行を開始しました [シナリオ名: ログイン]
[ADMIN] 10:56:42.680668 シナリオ走行を終了しました [シナリオ名: ログイン]
[ADMIN] 10:56:42.680676 シナリオ走行を開始しました [シナリオ名: ログイン]
[ADMIN] 10:56:42.697551 シナリオ走行を終了しました [シナリオ名: ログイン]
[ADMIN] 10:56:42.697564 シナリオ走行を開始しました [シナリオ名: ログイン]
[ADMIN] 10:56:42.701236 シナリオ走行を終了しました [シナリオ名: ログイン]
[ADMIN] 10:56:42.701245 シナリオ走行を開始しました [シナリオ名: ログイン]
[ADMIN] 10:56:42.727479 シナリオ走行を終了しました [シナリオ名: 新規ユーザー登録]
[ADMIN] 10:56:42.727504 シナリオ走行を開始しました [シナリオ名: 新規ユーザー登録]
[ADMIN] 10:56:42.741150 シナリオ走行を終了しました [シナリオ名: ログイン]
[ADMIN] 10:56:42.741159 シナリオ走行を開始しました [シナリオ名: ログイン]
[ADMIN] 10:56:42.754726 シナリオ走行を終了しました [シナリオ名: 新規ユーザー登録]
[ADMIN] 10:56:42.754746 シナリオ走行を開始しました [シナリオ名: 新規ユーザー登録]
[ADMIN] 10:56:42.784149 シナリオ走行を終了しました [シナリオ名: ログイン]
[ADMIN] 10:56:42.784159 シナリオ走行を開始しました [シナリオ名: ログイン]
[ADMIN] 10:56:42.791129 シナリオ走行を終了しました [シナリオ名: ログイン]
[ADMIN] 10:56:42.791139 シナリオ走行を開始しました [シナリオ名: ログイン]
[ADMIN] 10:56:42.811934 シナリオ走行を終了しました [シナリオ名: ログイン]
[ADMIN] 10:56:42.811943 シナリオ走行を開始しました [シナリオ名: ログイン]
[ADMIN] 10:56:42.833592 シナリオ走行を終了しました [シナリオ名: ログイン]
[ADMIN] 10:56:42.833601 シナリオ走行を開始しました [シナリオ名: ログイン]
[ADMIN] 10:56:42.841964 シナリオ走行を終了しました [シナリオ名: 新規ユーザー登録]
[ADMIN] 10:56:42.841980 シナリオ走行を開始しました [シナリオ名: 新規ユーザー登録]
[ADMIN] 10:56:42.852602 シナリオ走行を終了しました [シナリオ名: ログイン]
[ADMIN] 10:56:42.852610 シナリオ走行を開始しました [シナリオ名: ログイン]
[ADMIN] 10:56:42.856506 シナリオ走行を終了しました [シナリオ名: 新規ユーザー登録]
[ADMIN] 10:56:42.856522 シナリオ走行を開始しました [シナリオ名: 新規ユーザー登録]
[ADMIN] 10:56:42.866043 シナリオ走行を終了しました [シナリオ名: Banユーザログイン]
[ADMIN] 10:56:42.866056 シナリオ走行を開始しました [シナリオ名: Banユーザログイン]
[ADMIN] 10:56:42.879467 シナリオ走行を終了しました [シナリオ名: Banユーザログイン]
[ADMIN] 10:56:42.879476 シナリオ走行を開始しました [シナリオ名: Banユーザログイン]
[ADMIN] 10:56:42.906555 シナリオ走行を終了しました [シナリオ名: 新規ユーザー登録]
[ADMIN] 10:56:42.906572 シナリオ走行を開始しました [シナリオ名: 新規ユーザー登録]
[ADMIN] 10:56:42.925835 シナリオ走行を終了しました [シナリオ名: ログイン]
[ADMIN] 10:56:42.925842 シナリオ走行を開始しました [シナリオ名: ログイン]
[ADMIN] 10:56:42.943463 シナリオ走行を終了しました [シナリオ名: Banユーザログイン]
[ADMIN] 10:56:42.943474 シナリオ走行を開始しました [シナリオ名: Banユーザログイン]
[ADMIN] 10:56:42.951169 シナリオ走行を終了しました [シナリオ名: ログイン]
[ADMIN] 10:56:42.951178 シナリオ走行を開始しました [シナリオ名: ログイン]
[ADMIN] 10:56:42.954601 シナリオ走行を終了しました [シナリオ名: Banユーザログイン]
[ADMIN] 10:56:42.954629 シナリオ走行を開始しました [シナリオ名: Banユーザログイン]
[ADMIN] 10:56:42.961710 シナリオ走行を終了しました [シナリオ名: ログイン]
[ADMIN] 10:56:42.961720 シナリオ走行を開始しました [シナリオ名: ログイン]
[ADMIN] 10:56:42.972159 シナリオ走行を終了しました [シナリオ名: Banユーザログイン]
[ADMIN] 10:56:42.972171 シナリオ走行を開始しました [シナリオ名: Banユーザログイン]
[ADMIN] 10:56:42.979813 シナリオ走行を終了しました [シナリオ名: ログイン]
[ADMIN] 10:56:42.979821 シナリオ走行を開始しました [シナリオ名: ログイン]
[ADMIN] 10:56:42.991864 シナリオ走行を終了しました [シナリオ名: Banユーザログイン]
[ADMIN] 10:56:42.991873 シナリオ走行を開始しました [シナリオ名: Banユーザログイン]
[ADMIN] 10:56:42.991875 シナリオ走行を終了しました [シナリオ名: Banユーザログイン]
[ADMIN] 10:56:42.991884 シナリオ走行を開始しました [シナリオ名: Banユーザログイン]
[ADMIN] 10:56:43.037762 シナリオ走行を終了しました [シナリオ名: ログイン]
[ADMIN] 10:56:43.037774 シナリオ走行を開始しました [シナリオ名: ログイン]
[ADMIN] 10:56:43.070227 シナリオ走行を終了しました [シナリオ名: ログイン]
[ADMIN] 10:56:43.070237 シナリオ走行を開始しました [シナリオ名: ログイン]
[ADMIN] 10:56:43.104886 シナリオ走行を終了しました [シナリオ名: ログイン]
[ADMIN] 10:56:43.104898 シナリオ走行を開始しました [シナリオ名: ログイン]
[ADMIN] 10:56:43.111784 シナリオ走行を終了しました [シナリオ名: Banユーザログイン]
[ADMIN] 10:56:43.111798 シナリオ走行を開始しました [シナリオ名: Banユーザログイン]
[ADMIN] 10:56:43.130629 シナリオ走行を終了しました [シナリオ名: ログイン]
[ADMIN] 10:56:43.130640 シナリオ走行を開始しました [シナリオ名: ログイン]
[ADMIN] 10:56:43.143596 シナリオ走行を終了しました [シナリオ名: ログイン]
[ADMIN] 10:56:43.143612 シナリオ走行を開始しました [シナリオ名: ログイン]
[ADMIN] 10:56:43.151490 シナリオ走行を終了しました [シナリオ名: ログイン]
[ADMIN] 10:56:43.151502 シナリオ走行を開始しました [シナリオ名: ログイン]
[ADMIN] 10:56:43.160981 シナリオ走行を終了しました [シナリオ名: ログイン]
[ADMIN] 10:56:43.160990 シナリオ走行を開始しました [シナリオ名: ログイン]
[ADMIN] 10:56:43.161984 シナリオ走行を終了しました [シナリオ名: ログイン]
[ADMIN] 10:56:43.161993 シナリオ走行を開始しました [シナリオ名: ログイン]
[ADMIN] 10:56:43.178560 シナリオ走行を終了しました [シナリオ名: ログイン]
[ADMIN] 10:56:43.178571 シナリオ走行を開始しました [シナリオ名: ログイン]
[ADMIN] 10:56:43.179232 シナリオ走行を終了しました [シナリオ名: 新規ユーザー登録]
[ADMIN] 10:56:43.179253 シナリオ走行を開始しました [シナリオ名: 新規ユーザー登録]
[ADMIN] 10:56:43.185515 シナリオ走行を終了しました [シナリオ名: Banユーザログイン]
[ADMIN] 10:56:43.185529 シナリオ走行を開始しました [シナリオ名: Banユーザログイン]
[ADMIN] 10:56:43.194719 シナリオ走行を終了しました [シナリオ名: ログイン]
[ADMIN] 10:56:43.194730 シナリオ走行を開始しました [シナリオ名: ログイン]
[ADMIN] 10:56:43.201044 シナリオ走行を終了しました [シナリオ名: 新規ユーザー登録]
[ADMIN] 10:56:43.201064 シナリオ走行を開始しました [シナリオ名: 新規ユーザー登録]
[ADMIN] 10:56:43.218852 シナリオ走行を終了しました [シナリオ名: ログイン]
[ADMIN] 10:56:43.218869 シナリオ走行を開始しました [シナリオ名: ログイン]
[ADMIN] 10:56:43.222049 シナリオ走行を終了しました [シナリオ名: ログイン]
[ADMIN] 10:56:43.222059 シナリオ走行を開始しました [シナリオ名: ログイン]
[ADMIN] 10:56:43.244069 シナリオ走行を終了しました [シナリオ名: 新規ユーザー登録]
[ADMIN] 10:56:43.244088 シナリオ走行を開始しました [シナリオ名: 新規ユーザー登録]
[ADMIN] 10:56:43.247755 シナリオ走行を終了しました [シナリオ名: ログイン]
[ADMIN] 10:56:43.247765 シナリオ走行を開始しました [シナリオ名: ログイン]
[ADMIN] 10:56:43.255092 シナリオ走行を終了しました [シナリオ名: ログイン]
[ADMIN] 10:56:43.255103 シナリオ走行を開始しました [シナリオ名: ログイン]
[ADMIN] 10:56:43.268483 シナリオ走行を終了しました [シナリオ名: 新規ユーザー登録]
[ADMIN] 10:56:43.268501 シナリオ走行を開始しました [シナリオ名: 新規ユーザー登録]
[ADMIN] 10:56:43.279321 シナリオ走行を終了しました [シナリオ名: 新規ユーザー登録]
[ADMIN] 10:56:43.279364 シナリオ走行を開始しました [シナリオ名: 新規ユーザー登録]
[ADMIN] 10:56:43.284611 シナリオ走行を終了しました [シナリオ名: 新規ユーザー登録]
[ADMIN] 10:56:43.284638 シナリオ走行を開始しました [シナリオ名: 新規ユーザー登録]
[ADMIN] 10:56:43.287243 シナリオ走行を終了しました [シナリオ名: ログイン]
[ADMIN] 10:56:43.287251 シナリオ走行を開始しました [シナリオ名: ログイン]
[ADMIN] 10:56:43.311700 シナリオ走行を終了しました [シナリオ名: ログイン]
[ADMIN] 10:56:43.311710 シナリオ走行を開始しました [シナリオ名: ログイン]
[ADMIN] 10:56:43.335201 シナリオ走行を終了しました [シナリオ名: ログイン]
[ADMIN] 10:56:43.335218 シナリオ走行を開始しました [シナリオ名: ログイン]
[ADMIN] 10:56:43.336284 シナリオ走行を終了しました [シナリオ名: 新規ユーザー登録]
[ADMIN] 10:56:43.336304 シナリオ走行を開始しました [シナリオ名: 新規ユーザー登録]
[ADMIN] 10:56:43.359790 シナリオ走行を終了しました [シナリオ名: ログイン]
[ADMIN] 10:56:43.359806 シナリオ走行を開始しました [シナリオ名: ログイン]
[ADMIN] 10:56:43.365637 シナリオ走行を終了しました [シナリオ名: ログイン]
[ADMIN] 10:56:43.365647 シナリオ走行を開始しました [シナリオ名: ログイン]
[ADMIN] 10:56:43.371189 シナリオ走行を終了しました [シナリオ名: 新規ユーザー登録]
[ADMIN] 10:56:43.371208 シナリオ走行を開始しました [シナリオ名: 新規ユーザー登録]
[ADMIN] 10:56:43.391031 シナリオ走行を終了しました [シナリオ名: Banユーザログイン]
[ADMIN] 10:56:43.391047 シナリオ走行を開始しました [シナリオ名: Banユーザログイン]
[ADMIN] 10:56:43.477137 シナリオ走行を終了しました [シナリオ名: Banユーザログイン]
[ADMIN] 10:56:43.477161 シナリオ走行を開始しました [シナリオ名: Banユーザログイン]
[ADMIN] 10:56:43.507940 シナリオ走行を終了しました [シナリオ名: ログイン]
[ADMIN] 10:56:43.507952 シナリオ走行を開始しました [シナリオ名: ログイン]
[ADMIN] 10:56:43.512451 シナリオ走行を終了しました [シナリオ名: ログイン]
[ADMIN] 10:56:43.512462 シナリオ走行を開始しました [シナリオ名: ログイン]
[ADMIN] 10:56:43.516330 シナリオ走行を終了しました [シナリオ名: Banユーザログイン]
[ADMIN] 10:56:43.516346 シナリオ走行を開始しました [シナリオ名: Banユーザログイン]
[ADMIN] 10:56:43.548923 シナリオ走行を終了しました [シナリオ名: ログイン]
[ADMIN] 10:56:43.548934 シナリオ走行を開始しました [シナリオ名: ログイン]
[ADMIN] 10:56:43.582011 シナリオ走行を終了しました [シナリオ名: Banユーザログイン]
[ADMIN] 10:56:43.582027 シナリオ走行を開始しました [シナリオ名: Banユーザログイン]
[ADMIN] 10:56:43.595072 シナリオ走行を終了しました [シナリオ名: ログイン]
[ADMIN] 10:56:43.595082 シナリオ走行を開始しました [シナリオ名: ログイン]
[ADMIN] 10:56:43.603582 シナリオ走行を終了しました [シナリオ名: ログイン]
[ADMIN] 10:56:43.603592 シナリオ走行を開始しました [シナリオ名: ログイン]
[ADMIN] 10:56:43.608452 シナリオ走行を終了しました [シナリオ名: Banユーザログイン]
[ADMIN] 10:56:43.608469 シナリオ走行を開始しました [シナリオ名: Banユーザログイン]
[ADMIN] 10:56:43.634908 シナリオ走行を終了しました [シナリオ名: Banユーザログイン]
[ADMIN] 10:56:43.634921 シナリオ走行を開始しました [シナリオ名: Banユーザログイン]
[ADMIN] 10:56:43.637132 シナリオ走行を終了しました [シナリオ名: Banユーザログイン]
[ADMIN] 10:56:43.637143 シナリオ走行を開始しました [シナリオ名: Banユーザログイン]
[ADMIN] 10:56:43.658341 シナリオ走行を終了しました [シナリオ名: Banユーザログイン]
[ADMIN] 10:56:43.658351 シナリオ走行を開始しました [シナリオ名: Banユーザログイン]
[ADMIN] 10:56:43.745622 シナリオ走行を終了しました [シナリオ名: ログイン]
[ADMIN] 10:56:43.745630 シナリオ走行を開始しました [シナリオ名: ログイン]
[ADMIN] 10:56:43.781741 シナリオ走行を終了しました [シナリオ名: Banユーザログイン]
[ADMIN] 10:56:43.781756 シナリオ走行を開始しました [シナリオ名: Banユーザログイン]
[ADMIN] 10:56:43.794062 シナリオ走行を終了しました [シナリオ名: ログイン]
[ADMIN] 10:56:43.794072 シナリオ走行を開始しました [シナリオ名: ログイン]
[ADMIN] 10:56:43.811693 シナリオ走行を終了しました [シナリオ名: Banユーザログイン]
[ADMIN] 10:56:43.811708 シナリオ走行を開始しました [シナリオ名: Banユーザログイン]
[ADMIN] 10:56:43.866978 シナリオ走行を終了しました [シナリオ名: ログイン]
[ADMIN] 10:56:43.866988 シナリオ走行を開始しました [シナリオ名: ログイン]
[ADMIN] 10:56:43.965007 シナリオ走行を終了しました [シナリオ名: Banユーザログイン]
[ADMIN] 10:56:43.965023 シナリオ走行を開始しました [シナリオ名: Banユーザログイン]
[ADMIN] 10:56:43.966157 シナリオ走行を終了しました [シナリオ名: ログイン]
[ADMIN] 10:56:43.966165 シナリオ走行を開始しました [シナリオ名: ログイン]
[ADMIN] 10:56:44.073669 シナリオ走行を終了しました [シナリオ名: Banユーザログイン]
[ADMIN] 10:56:44.073690 シナリオ走行を開始しました [シナリオ名: Banユーザログイン]
[ADMIN] 10:56:44.077339 シナリオ走行を終了しました [シナリオ名: ログイン]
[ADMIN] 10:56:44.077350 シナリオ走行を開始しました [シナリオ名: ログイン]
[ADMIN] 10:56:44.080473 シナリオ走行を終了しました [シナリオ名: ログイン]
[ADMIN] 10:56:44.080484 シナリオ走行を開始しました [シナリオ名: ログイン]
[ADMIN] 10:56:44.193920 シナリオ走行を終了しました [シナリオ名: Banユーザログイン]
[ADMIN] 10:56:44.193940 シナリオ走行を開始しました [シナリオ名: Banユーザログイン]
[ADMIN] 10:56:44.274304 シナリオ走行を終了しました [シナリオ名: Banユーザログイン]
[ADMIN] 10:56:44.274324 シナリオ走行を開始しました [シナリオ名: Banユーザログイン]
[ADMIN] 10:56:44.277803 シナリオ走行を終了しました [シナリオ名: Banユーザログイン]
[ADMIN] 10:56:44.277817 シナリオ走行を開始しました [シナリオ名: Banユーザログイン]
[ADMIN] 10:56:44.291919 シナリオ走行を終了しました [シナリオ名: Banユーザログイン]
[ADMIN] 10:56:44.291935 シナリオ走行を開始しました [シナリオ名: Banユーザログイン]
[ADMIN] 10:56:44.301433 シナリオ走行を終了しました [シナリオ名: ログイン]
[ADMIN] 10:56:44.301445 シナリオ走行を開始しました [シナリオ名: ログイン]
[ADMIN] 10:56:44.341763 シナリオ走行を終了しました [シナリオ名: ログイン]
[ADMIN] 10:56:44.341776 シナリオ走行を開始しました [シナリオ名: ログイン]
[ADMIN] 10:56:44.379153 シナリオ走行を終了しました [シナリオ名: Banユーザログイン]
[ADMIN] 10:56:44.379180 シナリオ走行を開始しました [シナリオ名: Banユーザログイン]
[ADMIN] 10:56:44.380569 シナリオ走行を終了しました [シナリオ名: Banユーザログイン]
[ADMIN] 10:56:44.380581 シナリオ走行を開始しました [シナリオ名: Banユーザログイン]
[ADMIN] 10:56:44.416865 シナリオ走行を終了しました [シナリオ名: Banユーザログイン]
[ADMIN] 10:56:44.416892 シナリオ走行を開始しました [シナリオ名: Banユーザログイン]
[ADMIN] 10:56:44.416876 シナリオ走行を終了しました [シナリオ名: Banユーザログイン]
[ADMIN] 10:56:44.416990 シナリオ走行を開始しました [シナリオ名: Banユーザログイン]
[ADMIN] 10:56:44.542009 シナリオ走行を終了しました [シナリオ名: ログイン]
[ADMIN] 10:56:44.542023 シナリオ走行を開始しました [シナリオ名: ログイン]
[ADMIN] 10:56:44.608198 シナリオ走行を終了しました [シナリオ名: ログイン]
[ADMIN] 10:56:44.608213 シナリオ走行を開始しました [シナリオ名: ログイン]
[ADMIN] 10:56:44.619669 シナリオ走行を終了しました [シナリオ名: Banユーザログイン]
[ADMIN] 10:56:44.619685 シナリオ走行を開始しました [シナリオ名: Banユーザログイン]
[ADMIN] 10:56:44.619822 シナリオ走行を終了しました [シナリオ名: Banユーザログイン]
[ADMIN] 10:56:44.619839 シナリオ走行を開始しました [シナリオ名: Banユーザログイン]
[ADMIN] 10:56:44.663088 シナリオ走行を終了しました [シナリオ名: ログイン]
[ADMIN] 10:56:44.663102 シナリオ走行を開始しました [シナリオ名: ログイン]
[ADMIN] 10:56:44.686824 シナリオ走行を終了しました [シナリオ名: ログイン]
[ADMIN] 10:56:44.686836 シナリオ走行を開始しました [シナリオ名: ログイン]
[ADMIN] 10:56:44.723852 シナリオ走行を終了しました [シナリオ名: ログイン]
[ADMIN] 10:56:44.723864 シナリオ走行を開始しました [シナリオ名: ログイン]
[ADMIN] 10:56:44.855789 シナリオ走行を終了しました [シナリオ名: Banユーザログイン]
[ADMIN] 10:56:44.855811 シナリオ走行を開始しました [シナリオ名: Banユーザログイン]
[ADMIN] 10:56:44.880720 シナリオ走行を終了しました [シナリオ名: Banユーザログイン]
[ADMIN] 10:56:44.880735 シナリオ走行を開始しました [シナリオ名: Banユーザログイン]
[ADMIN] 10:56:44.887193 シナリオ走行を終了しました [シナリオ名: Banユーザログイン]
[ADMIN] 10:56:44.887207 シナリオ走行を開始しました [シナリオ名: Banユーザログイン]
[ADMIN] 10:56:44.906864 シナリオ走行を終了しました [シナリオ名: ログイン]
[ADMIN] 10:56:44.906873 シナリオ走行を開始しました [シナリオ名: ログイン]
[ADMIN] 10:56:44.915738 シナリオ走行を終了しました [シナリオ名: ログイン]
[ADMIN] 10:56:44.915752 シナリオ走行を開始しました [シナリオ名: ログイン]
[ADMIN] 10:56:44.926458 シナリオ走行を終了しました [シナリオ名: Banユーザログイン]
[ADMIN] 10:56:44.926471 シナリオ走行を開始しました [シナリオ名: Banユーザログイン]
[ADMIN] 10:56:44.957291 シナリオ走行を終了しました [シナリオ名: Banユーザログイン]
[ADMIN] 10:56:44.957303 シナリオ走行を開始しました [シナリオ名: Banユーザログイン]
[ADMIN] 10:56:44.959696 シナリオ走行を終了しました [シナリオ名: Banユーザログイン]
[ADMIN] 10:56:44.959711 シナリオ走行を開始しました [シナリオ名: Banユーザログイン]
[ADMIN] 10:56:45.001028 シナリオ走行を終了しました [シナリオ名: ログイン]
[ADMIN] 10:56:45.001040 シナリオ走行を開始しました [シナリオ名: ログイン]
[ADMIN] 10:56:45.010437 シナリオ走行を終了しました [シナリオ名: ログイン]
[ADMIN] 10:56:45.010450 シナリオ走行を開始しました [シナリオ名: ログイン]
[ADMIN] 10:56:45.027652 シナリオ走行を終了しました [シナリオ名: ログイン]
[ADMIN] 10:56:45.027663 シナリオ走行を開始しました [シナリオ名: ログイン]
[ADMIN] 10:56:45.048203 シナリオ走行を終了しました [シナリオ名: Banユーザログイン]
[ADMIN] 10:56:45.048219 シナリオ走行を開始しました [シナリオ名: Banユーザログイン]
[ADMIN] 10:56:45.048327 シナリオ走行を終了しました [シナリオ名: ログイン]
[ADMIN] 10:56:45.048341 シナリオ走行を開始しました [シナリオ名: ログイン]
[ADMIN] 10:56:45.110043 シナリオ走行を終了しました [シナリオ名: 新規ユーザー登録]
[ADMIN] 10:56:45.110071 シナリオ走行を開始しました [シナリオ名: 新規ユーザー登録]
[ADMIN] 10:56:45.116750 シナリオ走行を終了しました [シナリオ名: Banユーザログイン]
[ADMIN] 10:56:45.116765 シナリオ走行を開始しました [シナリオ名: Banユーザログイン]
[ADMIN] 10:56:45.129737 シナリオ走行を終了しました [シナリオ名: ログイン]
[ADMIN] 10:56:45.129758 シナリオ走行を開始しました [シナリオ名: ログイン]
[ADMIN] 10:56:45.132223 シナリオ走行を終了しました [シナリオ名: ログイン]
[ADMIN] 10:56:45.132233 シナリオ走行を開始しました [シナリオ名: ログイン]
[ADMIN] 10:56:45.133927 シナリオ走行を終了しました [シナリオ名: ログイン]
[ADMIN] 10:56:45.133936 シナリオ走行を開始しました [シナリオ名: ログイン]
10:56:45.140377 現在のログイン成功数: [total: 5693 (+1630人)]
10:56:45.140385 現在のユーザー登録成功数: [total: 2187 (+590人)]
10:56:45.140698 負荷走行がすべて終了しました
[ADMIN] 10:56:45.140395 シナリオ走行を終了しました [シナリオ名: Banユーザログイン]
[ADMIN] 10:56:45.140586 シナリオ走行を終了しました [シナリオ名: 新規ユーザー登録]
[ADMIN] 10:56:45.140613 シナリオ走行を終了しました [シナリオ名: Banユーザログイン]
[ADMIN] 10:56:45.140668 シナリオ走行を終了しました [シナリオ名: Banユーザログイン]
[ADMIN] 10:56:45.140687 シナリオ走行を終了しました [シナリオ名: ログイン]
[ADMIN] 10:56:45.140700 負荷走行がすべて終了しました
[ADMIN] 10:56:45.140701 シナリオ走行を終了しました [シナリオ名: ログイン]
[ADMIN] 10:56:45.140586 シナリオ走行を終了しました [シナリオ名: 新規ユーザー登録]
[ADMIN] 10:56:45.140786 シナリオ走行を終了しました [シナリオ名: ログイン]
[ADMIN] 10:56:45.140862 シナリオ走行を終了しました [シナリオ名: ログイン]
[ADMIN] 10:56:45.140941 シナリオ走行を終了しました [シナリオ名: Banユーザログイン]
[ADMIN] 10:56:45.141019 シナリオ走行を終了しました [シナリオ名: Banユーザログイン]
[ADMIN] 10:56:45.141072 シナリオ走行を終了しました [シナリオ名: ログイン]
[ADMIN] 10:56:45.141111 シナリオ走行を終了しました [シナリオ名: 新規ユーザー登録]
[ADMIN] 10:56:45.141185 シナリオ走行を終了しました [シナリオ名: Banユーザログイン]
[ADMIN] 10:56:45.141213 シナリオ走行を終了しました [シナリオ名: ログイン]
[ADMIN] 10:56:45.141227 シナリオ走行を終了しました [シナリオ名: ログイン]
[ADMIN] 10:56:45.141293 シナリオ走行を終了しました [シナリオ名: ログイン]
[ADMIN] 10:56:45.141315 シナリオ走行を終了しました [シナリオ名: Banユーザログイン]
[ADMIN] 10:56:45.141322 シナリオ走行を終了しました [シナリオ名: Banユーザログイン]
[ADMIN] 10:56:45.141332 シナリオ走行を終了しました [シナリオ名: Banユーザログイン]
[ADMIN] 10:56:45.141437 シナリオ走行を終了しました [シナリオ名: ログイン]
[ADMIN] 10:56:45.141585 シナリオ走行を終了しました [シナリオ名: ログイン]
[ADMIN] 10:56:45.141594 シナリオ走行を終了しました [シナリオ名: 新規ユーザー登録]
[ADMIN] 10:56:45.141659 シナリオ走行を終了しました [シナリオ名: ログイン]
[ADMIN] 10:56:45.141726 シナリオ走行を終了しました [シナリオ名: Banユーザログイン]
[ADMIN] 10:56:45.141804 シナリオ走行を終了しました [シナリオ名: 新規ユーザー登録]
[ADMIN] 10:56:45.141829 シナリオ走行を終了しました [シナリオ名: ログイン]
[ADMIN] 10:56:45.141886 シナリオ走行を終了しました [シナリオ名: ログイン]
[ADMIN] 10:56:45.141954 シナリオ走行を終了しました [シナリオ名: ログイン]
[ADMIN] 10:56:45.141966 シナリオ走行を終了しました [シナリオ名: ログイン]
[ADMIN] 10:56:45.142051 シナリオ走行を終了しました [シナリオ名: ログイン]
[ADMIN] 10:56:45.142045 シナリオ走行を終了しました [シナリオ名: ログイン]
[ADMIN] 10:56:45.142055 シナリオ走行を終了しました [シナリオ名: 新規ユーザー登録]
[ADMIN] 10:56:45.142139 シナリオ走行を終了しました [シナリオ名: ログイン]
[ADMIN] 10:56:45.142150 シナリオ走行を終了しました [シナリオ名: ログイン]
[ADMIN] 10:56:45.142226 シナリオ走行を終了しました [シナリオ名: 新規ユーザー登録]
[ADMIN] 10:56:45.142276 シナリオ走行を終了しました [シナリオ名: 新規ユーザー登録]
[ADMIN] 10:56:45.142296 シナリオ走行を終了しました [シナリオ名: 新規ユーザー登録]
[ADMIN] 10:56:45.142319 シナリオ走行を終了しました [シナリオ名: ログイン]
[ADMIN] 10:56:45.142398 シナリオ走行を終了しました [シナリオ名: ログイン]
[ADMIN] 10:56:45.142481 シナリオ走行を終了しました [シナリオ名: 新規ユーザー登録]
[ADMIN] 10:56:45.142526 シナリオ走行を終了しました [シナリオ名: ログイン]
[ADMIN] 10:56:45.142649 シナリオ走行を終了しました [シナリオ名: ログイン]
[ADMIN] 10:56:45.142672 シナリオ走行を終了しました [シナリオ名: 新規ユーザー登録]
[ADMIN] 10:56:45.142678 シナリオ走行を終了しました [シナリオ名: 新規ユーザー登録]
[ADMIN] 10:56:45.142733 シナリオ走行を終了しました [シナリオ名: 新規ユーザー登録]
[ADMIN] 10:56:45.142766 シナリオ走行を終了しました [シナリオ名: ログイン]
[ADMIN] 10:56:45.142827 シナリオ走行を終了しました [シナリオ名: ログイン]
[ADMIN] 10:56:45.142855 シナリオ走行を終了しました [シナリオ名: 新規ユーザー登録]
[ADMIN] 10:56:45.142840 シナリオ走行を終了しました [シナリオ名: ログイン]
[ADMIN] 10:56:45.142932 シナリオ走行を終了しました [シナリオ名: ログイン]
[ADMIN] 10:56:45.143029 シナリオ走行を終了しました [シナリオ名: ログイン]
[ADMIN] 10:56:45.143071 シナリオ走行を終了しました [シナリオ名: 新規ユーザー登録]
[ADMIN] 10:56:45.143110 シナリオ走行を終了しました [シナリオ名: ログイン]
[ADMIN] 10:56:45.143134 シナリオ走行を終了しました [シナリオ名: 新規ユーザー登録]
[ADMIN] 10:56:45.143197 シナリオ走行を終了しました [シナリオ名: ログイン]
[ADMIN] 10:56:45.143266 シナリオ走行を終了しました [シナリオ名: ログイン]
[ADMIN] 10:56:45.143334 シナリオ走行を終了しました [シナリオ名: 新規ユーザー登録]
[ADMIN] 10:56:45.143344 シナリオ走行を終了しました [シナリオ名: ログイン]
[ADMIN] 10:56:45.143365 シナリオ走行を終了しました [シナリオ名: 新規ユーザー登録]
[ADMIN] 10:56:45.143417 シナリオ走行を終了しました [シナリオ名: ログイン]
[ADMIN] 10:56:45.143431 シナリオ走行を終了しました [シナリオ名: ログイン]
[ADMIN] 10:56:45.143459 シナリオ走行を終了しました [シナリオ名: ログイン]
[ADMIN] 10:56:45.143522 シナリオ走行を終了しました [シナリオ名: ログイン]
[ADMIN] 10:56:45.143597 シナリオ走行を終了しました [シナリオ名: 新規ユーザー登録]
[ADMIN] 10:56:45.143615 シナリオ走行を終了しました [シナリオ名: ログイン]
[ADMIN] 10:56:45.143622 シナリオ走行を終了しました [シナリオ名: ログイン]
[ADMIN] 10:56:45.143650 シナリオ走行を終了しました [シナリオ名: 新規ユーザー登録]
[ADMIN] 10:56:45.143714 シナリオ走行を終了しました [シナリオ名: ログイン]
[ADMIN] 10:56:45.143787 シナリオ走行を終了しました [シナリオ名: ログイン]
[ADMIN] 10:56:45.143925 シナリオ走行を終了しました [シナリオ名: ログイン]
[ADMIN] 10:56:45.143940 シナリオ走行を終了しました [シナリオ名: 新規ユーザー登録]
[ADMIN] 10:56:45.143969 シナリオ走行を終了しました [シナリオ名: 新規ユーザー登録]
[ADMIN] 10:56:45.144015 シナリオ走行を終了しました [シナリオ名: 新規ユーザー登録]
[ADMIN] 10:56:45.144037 シナリオ走行を終了しました [シナリオ名: ログイン]
[ADMIN] 10:56:45.144054 シナリオ走行を終了しました [シナリオ名: ログイン]
[ADMIN] 10:56:45.144113 シナリオ走行を終了しました [シナリオ名: ログイン]
[ADMIN] 10:56:45.144121 シナリオ走行を終了しました [シナリオ名: ログイン]
[ADMIN] 10:56:45.144165 シナリオ走行を終了しました [シナリオ名: ログイン]
[ADMIN] 10:56:45.144208 シナリオ走行を終了しました [シナリオ名: ログイン]
[ADMIN] 10:56:45.144293 シナリオ走行を終了しました [シナリオ名: ログイン]
[ADMIN] 10:56:45.144366 シナリオ走行を終了しました [シナリオ名: ログイン]
[ADMIN] 10:56:45.144370 シナリオ走行を終了しました [シナリオ名: 新規ユーザー登録]
[ADMIN] 10:56:45.144371 シナリオ走行を終了しました [シナリオ名: 新規ユーザー登録]
[ADMIN] 10:56:45.144420 シナリオ走行を終了しました [シナリオ名: ログイン]
[ADMIN] 10:56:45.144470 シナリオ走行を終了しました [シナリオ名: ログイン]
[ADMIN] 10:56:45.144546 シナリオ走行を終了しました [シナリオ名: ログイン]
[ADMIN] 10:56:45.144590 シナリオ走行を終了しました [シナリオ名: ログイン]
[ADMIN] 10:56:45.144598 シナリオ走行を終了しました [シナリオ名: 新規ユーザー登録]
[ADMIN] 10:56:45.144664 シナリオ走行を終了しました [シナリオ名: ログイン]
[ADMIN] 10:56:45.144679 シナリオ走行を終了しました [シナリオ名: ログイン]
[ADMIN] 10:56:45.144699 シナリオ走行を終了しました [シナリオ名: 新規ユーザー登録]
[ADMIN] 10:56:45.144781 シナリオ走行を終了しました [シナリオ名: 新規ユーザー登録]
[ADMIN] 10:56:45.144861 シナリオ走行を終了しました [シナリオ名: ログイン]
[ADMIN] 10:56:45.144899 シナリオ走行を終了しました [シナリオ名: 新規ユーザー登録]
[ADMIN] 10:56:45.144964 シナリオ走行を終了しました [シナリオ名: ログイン]
[ADMIN] 10:56:45.144994 シナリオ走行を終了しました [シナリオ名: 新規ユーザー登録]
[ADMIN] 10:56:45.145053 シナリオ走行を終了しました [シナリオ名: 新規ユーザー登録]
[ADMIN] 10:56:45.145119 シナリオ走行を終了しました [シナリオ名: 新規ユーザー登録]
[ADMIN] 10:56:45.145123 シナリオ走行を終了しました [シナリオ名: ログイン]
[ADMIN] 10:56:45.145153 シナリオ走行を終了しました [シナリオ名: ログイン]
[ADMIN] 10:56:45.145155 シナリオ走行を終了しました [シナリオ名: ログイン]
[ADMIN] 10:56:45.145332 シナリオ走行を終了しました [シナリオ名: ログイン]
[ADMIN] 10:56:45.145359 シナリオ走行を終了しました [シナリオ名: ログイン]
[ADMIN] 10:56:45.145384 シナリオ走行を終了しました [シナリオ名: ログイン]
[ADMIN] 10:56:45.145414 シナリオ走行を終了しました [シナリオ名: ログイン]
[ADMIN] 10:56:45.145424 シナリオ走行を終了しました [シナリオ名: 新規ユーザー登録]
[ADMIN] 10:56:45.145523 シナリオ走行を終了しました [シナリオ名: ログイン]
[ADMIN] 10:56:45.145580 シナリオ走行を終了しました [シナリオ名: ログイン]
[ADMIN] 10:56:45.145619 シナリオ走行を終了しました [シナリオ名: ログイン]
[ADMIN] 10:56:45.145711 シナリオ走行を終了しました [シナリオ名: ログイン]
[ADMIN] 10:56:45.145715 シナリオ走行を終了しました [シナリオ名: 新規ユーザー登録]
[ADMIN] 10:56:45.145750 シナリオ走行を終了しました [シナリオ名: ログイン]
[ADMIN] 10:56:45.145741 シナリオ走行を終了しました [シナリオ名: 新規ユーザー登録]
[ADMIN] 10:56:45.145806 シナリオ走行を終了しました [シナリオ名: ログイン]
[ADMIN] 10:56:45.145865 シナリオ走行を終了しました [シナリオ名: ログイン]
[ADMIN] 10:56:45.145958 シナリオ走行を終了しました [シナリオ名: ログイン]
[ADMIN] 10:56:45.145962 シナリオ走行を終了しました [シナリオ名: 新規ユーザー登録]
[ADMIN] 10:56:45.145969 シナリオ走行を終了しました [シナリオ名: ログイン]
[ADMIN] 10:56:45.146104 シナリオ走行を終了しました [シナリオ名: 新規ユーザー登録]
10:56:48.147274 ERROR[0] load: scenario-error-status-code: POST /login : expected(200) != actual(500)
10:56:48.147286 ERROR[1] load: scenario-error-status-code: POST /login : expected(200) != actual(500)
10:56:48.147289 ERROR[2] load: scenario-error-status-code: POST /login : expected(200) != actual(500)
10:56:48.147309 [PASSED]: true
10:56:48.147311 [SCORE] 32655 (addition: 32700, deduction: 45)
[ADMIN] 10:56:48.147327 [SCORE] map[GET /user/:userId/gacha/index:2139 GET /user/:userId/home:2197 GET /user/:userId/item:551 GET /user/:userId/present/index/:n:2751 POST /login:1630 POST /login(ban):533 POST /user:590 POST /user/:userId/card:550 POST /user/:userId/card/addexp/:cardId:549 POST /user/:userId/gacha/draw/:gachaId:2109 POST /user/:userId/present/receive:2722 POST /user/:userId/reward:1606]

SCORE: 32655
BENCHMARK_PASS
2026-09-24T10:56:48.327367383Z	BENCHMARK_END
