sample	timestamp	elapsed_ms	captured_waits	capture_error	wait_key	requesting_trx_id	blocking_trx_id	object_schema	object_table	object_index	request_lock_type	request_lock_mode	request_lock_data	blocking_lock_type	blocking_lock_mode	blocking_lock_data	requesting_thread_id	requesting_processlist_id	requesting_sql	blocking_thread_id	blocking_processlist_id	blocking_sql
0	2026-09-24T22:51:53.608856677Z	0	0																			
1	2026-09-24T22:51:53.660676174Z	51	0																			
2	2026-09-24T22:51:53.711434747Z	102	0																			
3	2026-09-24T22:51:53.761131145Z	152	0																			
4	2026-09-24T22:51:53.81076723Z	201	0																			
5	2026-09-24T22:51:53.861450223Z	252	0																			
6	2026-09-24T22:51:53.911140147Z	302	0																			
7	2026-09-24T22:51:53.960842953Z	351	0																			
8	2026-09-24T22:51:54.011499801Z	402	0																			
9	2026-09-24T22:51:54.061205391Z	452	0																			
10	2026-09-24T22:51:54.110903583Z	502	0																			
11	2026-09-24T22:51:54.160481733Z	551	0																			
12	2026-09-24T22:51:54.211179228Z	602	0																			
13	2026-09-24T22:51:54.260846949Z	651	0																			
14	2026-09-24T22:51:54.310492062Z	701	0																			
15	2026-09-24T22:51:54.361228059Z	752	0																			
16	2026-09-24T22:51:54.410908663Z	802	0																			
17	2026-09-24T22:51:54.460617486Z	851	0																			
18	2026-09-24T22:51:54.511323269Z	902	0																			
19	2026-09-24T22:51:54.561048138Z	952	0																			
20	2026-09-24T22:51:54.610722557Z	1001	0																			
21	2026-09-24T22:51:54.661440035Z	1052	0																			
22	2026-09-24T22:51:54.711151348Z	1102	0																			
23	2026-09-24T22:51:54.760843887Z	1151	0																			
24	2026-09-24T22:51:54.810501865Z	1201	0																			
25	2026-09-24T22:51:54.86120718Z	1252	0																			
26	2026-09-24T22:51:54.910843634Z	1301	0																			
27	2026-09-24T22:51:54.961508606Z	1352	0																			
28	2026-09-24T22:51:55.011126024Z	1402	0																			
29	2026-09-24T22:51:55.06076805Z	1451	0																			
30	2026-09-24T22:51:55.111435607Z	1502	0																			
31	2026-09-24T22:51:55.161118326Z	1552	0																			
32	2026-09-24T22:51:55.210810533Z	1601	0																			
33	2026-09-24T22:51:55.261525525Z	1652	0																			
34	2026-09-24T22:51:55.311165707Z	1702	0																			
35	2026-09-24T22:51:55.360836022Z	1751	0																			
36	2026-09-24T22:51:55.410477471Z	1801	0																			
37	2026-09-24T22:51:55.461204547Z	1852	0																			
38	2026-09-24T22:51:55.510844754Z	1901	0																			
39	2026-09-24T22:51:55.560599861Z	1951	0																			
40	2026-09-24T22:51:55.611285026Z	2002	0																			
41	2026-09-24T22:51:55.660912567Z	2052	0																			
42	2026-09-24T22:51:55.710510073Z	2101	0																			
43	2026-09-24T22:51:55.761199196Z	2152	0																			
44	2026-09-24T22:51:55.810867744Z	2202	0																			
45	2026-09-24T22:51:55.860479156Z	2251	0																			
46	2026-09-24T22:51:55.911148213Z	2302	0																			
47	2026-09-24T22:51:55.960841666Z	2351	0																			
48	2026-09-24T22:51:56.011527274Z	2402	0																			
49	2026-09-24T22:51:56.061208148Z	2452	0																			
50	2026-09-24T22:51:56.110862351Z	2502	0																			
51	2026-09-24T22:51:56.160514713Z	2551	0																			
52	2026-09-24T22:51:56.211195592Z	2602	0																			
53	2026-09-24T22:51:56.260870689Z	2652	0																			
54	2026-09-24T22:51:56.31071624Z	2701	0																			
55	2026-09-24T22:51:56.361426176Z	2752	0																			
56	2026-09-24T22:51:56.411112473Z	2802	0																			
57	2026-09-24T22:51:56.460781056Z	2851	0																			
58	2026-09-24T22:51:56.51143553Z	2902	0																			
59	2026-09-24T22:51:56.561139912Z	2952	0																			
60	2026-09-24T22:51:56.610812179Z	3001	0																			
61	2026-09-24T22:51:56.661454286Z	3052	0																			
62	2026-09-24T22:51:56.711134616Z	3102	0																			
63	2026-09-24T22:51:56.760769308Z	3151	0																			
64	2026-09-24T22:51:56.811436502Z	3202	0																			
65	2026-09-24T22:51:56.86106215Z	3252	0																			
66	2026-09-24T22:51:56.910732151Z	3301	0																			
67	2026-09-24T22:51:56.961418276Z	3352	0																			
68	2026-09-24T22:51:57.011077793Z	3402	0																			
69	2026-09-24T22:51:57.060768382Z	3451	0																			
70	2026-09-24T22:51:57.111434794Z	3502	0																			
71	2026-09-24T22:51:57.161086751Z	3552	0																			
72	2026-09-24T22:51:57.210757512Z	3601	0																			
73	2026-09-24T22:51:57.26141447Z	3652	0																			
74	2026-09-24T22:51:57.311091449Z	3702	0																			
75	2026-09-24T22:51:57.360763202Z	3751	0																			
76	2026-09-24T22:51:57.411392996Z	3802	0																			
77	2026-09-24T22:51:57.460998014Z	3852	0																			
78	2026-09-24T22:51:57.510669525Z	3901	0																			
79	2026-09-24T22:51:57.561367759Z	3952	0																			
80	2026-09-24T22:51:57.610993395Z	4002	0																			
81	2026-09-24T22:51:57.660657484Z	4051	0																			
82	2026-09-24T22:51:57.711291611Z	4102	0																			
83	2026-09-24T22:51:57.760935782Z	4152	0																			
84	2026-09-24T22:51:57.810529184Z	4201	0																			
85	2026-09-24T22:51:57.861134927Z	4252	0																			
86	2026-09-24T22:51:57.910797937Z	4301	0																			
87	2026-09-24T22:51:57.961440058Z	4352	0																			
88	2026-09-24T22:51:58.011068925Z	4402	0																			
89	2026-09-24T22:51:58.060760539Z	4451	0																			
90	2026-09-24T22:51:58.111420481Z	4502	0																			
91	2026-09-24T22:51:58.161054535Z	4552	0																			
92	2026-09-24T22:51:58.210743083Z	4601	0																			
93	2026-09-24T22:51:58.261438975Z	4652	0																			
94	2026-09-24T22:51:58.311116776Z	4702	0																			
95	2026-09-24T22:51:58.360760528Z	4751	0																			
96	2026-09-24T22:51:58.411442993Z	4802	0																			
97	2026-09-24T22:51:58.461140827Z	4852	0																			
98	2026-09-24T22:51:58.510764846Z	4901	0																			
99	2026-09-24T22:51:58.561424828Z	4952	0																			
100	2026-09-24T22:51:58.611061073Z	5002	0																			
101	2026-09-24T22:51:58.660753536Z	5051	0																			
102	2026-09-24T22:51:58.711362228Z	5102	0																			
103	2026-09-24T22:51:58.760993143Z	5152	0																			
104	2026-09-24T22:51:58.810655478Z	5201	0																			
105	2026-09-24T22:51:58.861374734Z	5252	0																			
106	2026-09-24T22:51:58.911030014Z	5302	0																			
107	2026-09-24T22:51:58.960685062Z	5351	0																			
108	2026-09-24T22:51:59.011349868Z	5402	0																			
109	2026-09-24T22:51:59.061061538Z	5452	0																			
110	2026-09-24T22:51:59.110725516Z	5501	0																			
111	2026-09-24T22:51:59.161380672Z	5552	0																			
112	2026-09-24T22:51:59.211062092Z	5602	0																			
113	2026-09-24T22:51:59.260768803Z	5651	0																			
114	2026-09-24T22:51:59.311456125Z	5702	0																			
115	2026-09-24T22:51:59.361145803Z	5752	0																			
116	2026-09-24T22:51:59.410816938Z	5801	0																			
117	2026-09-24T22:51:59.460495365Z	5851	0																			
118	2026-09-24T22:51:59.511246461Z	5902	0																			
119	2026-09-24T22:51:59.560979715Z	5952	0																			
120	2026-09-24T22:51:59.610673548Z	6001	0																			
121	2026-09-24T22:51:59.661369603Z	6052	0																			
122	2026-09-24T22:51:59.710993678Z	6102	0																			
123	2026-09-24T22:51:59.760634551Z	6151	0																			
124	2026-09-24T22:51:59.811282597Z	6202	0																			
125	2026-09-24T22:51:59.860962086Z	6252	0																			
126	2026-09-24T22:51:59.91069159Z	6301	0																			
127	2026-09-24T22:51:59.961391379Z	6352	0																			
128	2026-09-24T22:52:00.011062459Z	6402	0																			
129	2026-09-24T22:52:00.060752881Z	6451	0																			
130	2026-09-24T22:52:00.111442511Z	6502	0																			
131	2026-09-24T22:52:00.161072396Z	6552	0																			
132	2026-09-24T22:52:00.210762742Z	6601	0																			
133	2026-09-24T22:52:00.261448656Z	6652	0																			
134	2026-09-24T22:52:00.311137233Z	6702	0																			
135	2026-09-24T22:52:00.360811544Z	6751	0																			
136	2026-09-24T22:52:00.411505925Z	6802	0																			
137	2026-09-24T22:52:00.461203142Z	6852	0																			
138	2026-09-24T22:52:00.510931432Z	6902	0																			
139	2026-09-24T22:52:00.560692769Z	6951	0																			
140	2026-09-24T22:52:00.611465813Z	7002	0																			
141	2026-09-24T22:52:00.661353368Z	7052	0																			
142	2026-09-24T22:52:00.711166693Z	7102	0																			
143	2026-09-24T22:52:00.760960393Z	7152	0																			
144	2026-09-24T22:52:00.810708833Z	7201	0																			
145	2026-09-24T22:52:00.86050905Z	7251	0																			
146	2026-09-24T22:52:00.911266171Z	7302	0																			
147	2026-09-24T22:52:00.961094151Z	7352	0																			
148	2026-09-24T22:52:01.010919117Z	7402	0																			
149	2026-09-24T22:52:01.060722777Z	7451	0																			
150	2026-09-24T22:52:01.111476491Z	7502	0																			
151	2026-09-24T22:52:01.161287659Z	7552	0																			
152	2026-09-24T22:52:01.210980175Z	7602	0																			
153	2026-09-24T22:52:01.260592236Z	7651	0																			
154	2026-09-24T22:52:01.3112031Z	7702	0																			
155	2026-09-24T22:52:01.360946761Z	7752	0																			
156	2026-09-24T22:52:01.410706479Z	7801	0																			
157	2026-09-24T22:52:01.461529719Z	7852	0																			
158	2026-09-24T22:52:01.511300072Z	7902	0																			
159	2026-09-24T22:52:01.560989758Z	7952	0																			
160	2026-09-24T22:52:01.610666014Z	8001	0																			
161	2026-09-24T22:52:01.661408916Z	8052	0																			
162	2026-09-24T22:52:01.71115658Z	8102	0																			
163	2026-09-24T22:52:01.76099796Z	8152	0																			
164	2026-09-24T22:52:01.810736061Z	8201	0																			
165	2026-09-24T22:52:01.861540145Z	8252	0																			
166	2026-09-24T22:52:01.911348982Z	8302	0																			
167	2026-09-24T22:52:01.961370453Z	8352	0																			
168	2026-09-24T22:52:02.011066533Z	8402	0																			
169	2026-09-24T22:52:02.060778972Z	8451	0																			
170	2026-09-24T22:52:02.11147699Z	8502	0																			
171	2026-09-24T22:52:02.161233982Z	8552	0																			
172	2026-09-24T22:52:02.210920456Z	8602	0																			
173	2026-09-24T22:52:02.260844914Z	8651	0																			
174	2026-09-24T22:52:02.310856709Z	8702	0																			
175	2026-09-24T22:52:02.360498882Z	8751	0																			
176	2026-09-24T22:52:02.411363058Z	8802	0																			
177	2026-09-24T22:52:02.46108593Z	8852	0																			
178	2026-09-24T22:52:02.510848135Z	8901	0																			
179	2026-09-24T22:52:02.560701318Z	8951	0																			
180	2026-09-24T22:52:02.61148126Z	9002	0																			
181	2026-09-24T22:52:02.661311618Z	9052	0																			
182	2026-09-24T22:52:02.711199322Z	9102	0																			
183	2026-09-24T22:52:02.760931983Z	9152	0																			
184	2026-09-24T22:52:02.810757478Z	9201	0																			
185	2026-09-24T22:52:02.860506884Z	9251	0																			
186	2026-09-24T22:52:02.911381444Z	9302	0																			
187	2026-09-24T22:52:02.961089346Z	9352	0																			
188	2026-09-24T22:52:03.010856746Z	9402	0																			
189	2026-09-24T22:52:03.060630462Z	9451	0																			
190	2026-09-24T22:52:03.111403088Z	9502	0																			
191	2026-09-24T22:52:03.161232812Z	9552	0																			
192	2026-09-24T22:52:03.211001871Z	9602	0																			
193	2026-09-24T22:52:03.2611543Z	9652	0																			
194	2026-09-24T22:52:03.31108845Z	9702	0																			
195	2026-09-24T22:52:03.3609462Z	9752	0																			
196	2026-09-24T22:52:03.410709418Z	9801	0																			
197	2026-09-24T22:52:03.461526028Z	9852	0																			
198	2026-09-24T22:52:03.51137801Z	9902	0																			
199	2026-09-24T22:52:03.561250008Z	9952	0																			
200	2026-09-24T22:52:03.611197474Z	10002	0																			
201	2026-09-24T22:52:03.660605084Z	10051	0																			
202	2026-09-24T22:52:03.71125703Z	10102	0																			
203	2026-09-24T22:52:03.761009404Z	10152	0																			
204	2026-09-24T22:52:03.810828352Z	10201	0																			
205	2026-09-24T22:52:03.860647966Z	10251	0																			
206	2026-09-24T22:52:03.911386717Z	10302	0																			
207	2026-09-24T22:52:03.961184427Z	10352	0																			
208	2026-09-24T22:52:04.010940973Z	10402	0																			
209	2026-09-24T22:52:04.060704025Z	10451	0																			
210	2026-09-24T22:52:04.111482427Z	10502	0																			
211	2026-09-24T22:52:04.161251628Z	10552	0																			
212	2026-09-24T22:52:04.211018739Z	10602	0																			
213	2026-09-24T22:52:04.261213538Z	10652	0																			
214	2026-09-24T22:52:04.31133049Z	10702	0																			
215	2026-09-24T22:52:04.36117445Z	10752	0																			
216	2026-09-24T22:52:04.410941779Z	10802	0																			
217	2026-09-24T22:52:04.460774878Z	10851	0																			
218	2026-09-24T22:52:04.510624899Z	10901	0																			
219	2026-09-24T22:52:04.561391941Z	10952	0																			
220	2026-09-24T22:52:04.611249735Z	11002	0																			
221	2026-09-24T22:52:04.661083948Z	11052	0																			
222	2026-09-24T22:52:04.71089201Z	11102	0																			
223	2026-09-24T22:52:04.760621607Z	11151	0																			
224	2026-09-24T22:52:04.811408814Z	11202	0																			
225	2026-09-24T22:52:04.861249671Z	11252	0																			
226	2026-09-24T22:52:04.911042859Z	11302	0																			
227	2026-09-24T22:52:04.961057829Z	11352	0																			
228	2026-09-24T22:52:05.010853012Z	11401	0																			
229	2026-09-24T22:52:05.060531261Z	11451	0																			
230	2026-09-24T22:52:05.111255019Z	11502	0																			
231	2026-09-24T22:52:05.161033453Z	11552	0																			
232	2026-09-24T22:52:05.210856457Z	11602	0																			
233	2026-09-24T22:52:05.26171517Z	11652	0																			
234	2026-09-24T22:52:05.310633208Z	11701	0																			
235	2026-09-24T22:52:05.361399957Z	11752	0																			
236	2026-09-24T22:52:05.411216036Z	11802	0																			
237	2026-09-24T22:52:05.461012194Z	11852	0																			
238	2026-09-24T22:52:05.510852772Z	11901	0																			
239	2026-09-24T22:52:05.560626069Z	11951	0																			
240	2026-09-24T22:52:05.611412029Z	12002	0																			
241	2026-09-24T22:52:05.661233581Z	12052	0																			
242	2026-09-24T22:52:05.711011718Z	12102	0																			
243	2026-09-24T22:52:05.760847191Z	12151	0																			
244	2026-09-24T22:52:05.81062104Z	12201	0																			
245	2026-09-24T22:52:05.861381321Z	12252	0																			
246	2026-09-24T22:52:05.911167856Z	12302	0																			
247	2026-09-24T22:52:05.961111491Z	12352	0																			
248	2026-09-24T22:52:06.010951324Z	12402	0																			
249	2026-09-24T22:52:06.060941507Z	12452	0																			
250	2026-09-24T22:52:06.110858069Z	12502	0																			
251	2026-09-24T22:52:06.160697268Z	12551	0																			
252	2026-09-24T22:52:06.211490772Z	12602	0																			
253	2026-09-24T22:52:06.261345354Z	12652	0																			
254	2026-09-24T22:52:06.31115194Z	12702	0																			
255	2026-09-24T22:52:06.360943702Z	12752	0																			
256	2026-09-24T22:52:06.41076899Z	12801	0																			
257	2026-09-24T22:52:06.460757137Z	12851	0																			
258	2026-09-24T22:52:06.51053643Z	12901	0																			
259	2026-09-24T22:52:06.561327412Z	12952	0																			
260	2026-09-24T22:52:06.611176343Z	13002	0																			
261	2026-09-24T22:52:06.660939569Z	13052	0																			
262	2026-09-24T22:52:06.710676631Z	13101	0																			
263	2026-09-24T22:52:06.761519798Z	13152	0																			
264	2026-09-24T22:52:06.811333583Z	13202	0																			
265	2026-09-24T22:52:06.861177854Z	13252	0																			
266	2026-09-24T22:52:06.910949593Z	13302	0																			
267	2026-09-24T22:52:06.961000302Z	13352	0																			
268	2026-09-24T22:52:07.010640334Z	13401	0																			
269	2026-09-24T22:52:07.060692525Z	13451	0																			
270	2026-09-24T22:52:07.111519527Z	13502	0																			
271	2026-09-24T22:52:07.161338167Z	13552	0																			
272	2026-09-24T22:52:07.211091388Z	13602	0																			
273	2026-09-24T22:52:07.260901021Z	13652	0																			
274	2026-09-24T22:52:07.310986025Z	13702	0																			
275	2026-09-24T22:52:07.360834503Z	13751	0																			
276	2026-09-24T22:52:07.410679139Z	13801	0																			
277	2026-09-24T22:52:07.460621607Z	13851	0																			
278	2026-09-24T22:52:07.511466113Z	13902	0																			
279	2026-09-24T22:52:07.561402423Z	13952	0																			
280	2026-09-24T22:52:07.611248602Z	14002	0																			
281	2026-09-24T22:52:07.661090735Z	14052	0																			
282	2026-09-24T22:52:07.710781193Z	14101	0																			
283	2026-09-24T22:52:07.761546099Z	14152	0																			
284	2026-09-24T22:52:07.811300968Z	14202	0																			
285	2026-09-24T22:52:07.861147577Z	14252	0																			
286	2026-09-24T22:52:07.910914001Z	14302	0																			
287	2026-09-24T22:52:07.960697666Z	14351	0																			
288	2026-09-24T22:52:08.01148582Z	14402	0																			
289	2026-09-24T22:52:08.061287478Z	14452	0																			
290	2026-09-24T22:52:08.11109503Z	14502	0																			
291	2026-09-24T22:52:08.160929455Z	14552	0																			
292	2026-09-24T22:52:08.210749042Z	14601	0																			
293	2026-09-24T22:52:08.260504786Z	14651	0																			
294	2026-09-24T22:52:08.311257332Z	14702	0																			
295	2026-09-24T22:52:08.361094156Z	14752	0																			
296	2026-09-24T22:52:08.410946756Z	14802	0																			
297	2026-09-24T22:52:08.460775302Z	14851	0																			
298	2026-09-24T22:52:08.510627229Z	14901	0																			
299	2026-09-24T22:52:08.561410725Z	14952	0																			
300	2026-09-24T22:52:08.611175522Z	15002	0																			
301	2026-09-24T22:52:08.660937179Z	15052	0																			
302	2026-09-24T22:52:08.71076111Z	15101	0																			
303	2026-09-24T22:52:08.760487071Z	15151	0																			
304	2026-09-24T22:52:08.810701097Z	15201	0																			
305	2026-09-24T22:52:08.860505309Z	15251	0																			
306	2026-09-24T22:52:08.911298965Z	15302	0																			
307	2026-09-24T22:52:08.961221924Z	15352	0																			
308	2026-09-24T22:52:09.010987432Z	15402	0																			
309	2026-09-24T22:52:09.060692491Z	15451	0																			
310	2026-09-24T22:52:09.111487822Z	15502	0																			
311	2026-09-24T22:52:09.161338074Z	15552	0																			
312	2026-09-24T22:52:09.211180699Z	15602	0																			
313	2026-09-24T22:52:09.261710114Z	15652	0																			
314	2026-09-24T22:52:09.310784004Z	15701	0																			
315	2026-09-24T22:52:09.360631059Z	15751	0																			
316	2026-09-24T22:52:09.411455511Z	15802	0																			
317	2026-09-24T22:52:09.46136606Z	15852	0																			
318	2026-09-24T22:52:09.51140647Z	15902	0																			
319	2026-09-24T22:52:09.561257996Z	15952	0																			
320	2026-09-24T22:52:09.61109891Z	16002	0																			
321	2026-09-24T22:52:09.660922168Z	16052	0																			
322	2026-09-24T22:52:09.710713839Z	16101	0																			
323	2026-09-24T22:52:09.760529782Z	16151	0																			
324	2026-09-24T22:52:09.811315038Z	16202	0																			
325	2026-09-24T22:52:09.861150707Z	16252	0																			
326	2026-09-24T22:52:09.910935058Z	16302	0																			
327	2026-09-24T22:52:09.960868971Z	16352	0																			
328	2026-09-24T22:52:10.010785992Z	16401	0																			
329	2026-09-24T22:52:10.060482943Z	16451	0																			
330	2026-09-24T22:52:10.111475635Z	16502	0																			
331	2026-09-24T22:52:10.16118068Z	16552	0																			
332	2026-09-24T22:52:10.210926971Z	16602	0																			
333	2026-09-24T22:52:10.260710519Z	16651	0																			
334	2026-09-24T22:52:10.311267681Z	16702	0																			
335	2026-09-24T22:52:10.361093924Z	16752	0																			
336	2026-09-24T22:52:10.41091381Z	16802	0																			
337	2026-09-24T22:52:10.460692939Z	16851	0																			
338	2026-09-24T22:52:10.511488462Z	16902	0																			
339	2026-09-24T22:52:10.561255121Z	16952	0																			
340	2026-09-24T22:52:10.611081802Z	17002	0																			
341	2026-09-24T22:52:10.660939272Z	17052	0																			
342	2026-09-24T22:52:10.710700568Z	17101	0																			
343	2026-09-24T22:52:10.761538432Z	17152	0																			
344	2026-09-24T22:52:10.811385321Z	17202	0																			
345	2026-09-24T22:52:10.861192401Z	17252	0																			
346	2026-09-24T22:52:10.910926031Z	17302	0																			
347	2026-09-24T22:52:10.960766657Z	17351	0																			
348	2026-09-24T22:52:11.010629076Z	17401	0																			
349	2026-09-24T22:52:11.061430292Z	17452	0																			
350	2026-09-24T22:52:11.111220633Z	17502	0																			
351	2026-09-24T22:52:11.160936642Z	17552	0																			
352	2026-09-24T22:52:11.210678645Z	17601	0																			
353	2026-09-24T22:52:11.261422346Z	17652	0																			
354	2026-09-24T22:52:11.311305059Z	17702	0																			
355	2026-09-24T22:52:11.361058021Z	17752	0																			
356	2026-09-24T22:52:11.410848011Z	17801	0																			
357	2026-09-24T22:52:11.460796568Z	17851	0																			
358	2026-09-24T22:52:11.51070367Z	17901	0																			
359	2026-09-24T22:52:11.560527836Z	17951	0																			
360	2026-09-24T22:52:11.61131741Z	18002	0																			
361	2026-09-24T22:52:11.661098113Z	18052	0																			
362	2026-09-24T22:52:11.710862905Z	18102	0																			
363	2026-09-24T22:52:11.760707656Z	18151	0																			
364	2026-09-24T22:52:11.810848518Z	18201	0																			
365	2026-09-24T22:52:11.860626995Z	18251	0																			
366	2026-09-24T22:52:11.911445473Z	18302	0																			
367	2026-09-24T22:52:11.961196797Z	18352	0																			
368	2026-09-24T22:52:12.011168529Z	18402	0																			
369	2026-09-24T22:52:12.060983408Z	18452	0																			
370	2026-09-24T22:52:12.110720597Z	18501	0																			
371	2026-09-24T22:52:12.161456758Z	18552	0																			
372	2026-09-24T22:52:12.21116497Z	18602	0																			
373	2026-09-24T22:52:12.261009496Z	18652	0																			
374	2026-09-24T22:52:12.311360704Z	18702	0																			
375	2026-09-24T22:52:12.361012948Z	18752	0																			
376	2026-09-24T22:52:12.410847431Z	18801	0																			
377	2026-09-24T22:52:12.460843564Z	18851	0																			
378	2026-09-24T22:52:12.510740544Z	18901	0																			
379	2026-09-24T22:52:12.560507688Z	18951	0																			
380	2026-09-24T22:52:12.611380922Z	19002	0																			
381	2026-09-24T22:52:12.661155281Z	19052	0																			
382	2026-09-24T22:52:12.710929114Z	19102	0																			
383	2026-09-24T22:52:12.760698395Z	19151	0																			
384	2026-09-24T22:52:12.811475944Z	19202	0																			
385	2026-09-24T22:52:12.861255245Z	19252	0																			
386	2026-09-24T22:52:12.911082618Z	19302	0																			
387	2026-09-24T22:52:12.960864506Z	19352	0																			
388	2026-09-24T22:52:13.01078325Z	19401	0																			
389	2026-09-24T22:52:13.060637786Z	19451	0																			
390	2026-09-24T22:52:13.111530593Z	19502	0																			
391	2026-09-24T22:52:13.161335606Z	19552	0																			
392	2026-09-24T22:52:13.211307726Z	19602	0																			
393	2026-09-24T22:52:13.261174526Z	19652	0																			
394	2026-09-24T22:52:13.311101609Z	19702	0																			
395	2026-09-24T22:52:13.360947667Z	19752	0																			
396	2026-09-24T22:52:13.410863698Z	19802	0																			
397	2026-09-24T22:52:13.460937445Z	19852	0																			
398	2026-09-24T22:52:13.510785132Z	19901	0																			
399	2026-09-24T22:52:13.560530901Z	19951	0																			
400	2026-09-24T22:52:13.611568131Z	20002	0																			
401	2026-09-24T22:52:13.661016682Z	20052	0																			
402	2026-09-24T22:52:13.710778563Z	20101	0																			
403	2026-09-24T22:52:13.760861606Z	20152	0																			
404	2026-09-24T22:52:13.810706756Z	20201	0																			
405	2026-09-24T22:52:13.861525892Z	20252	0																			
406	2026-09-24T22:52:13.911362839Z	20302	0																			
407	2026-09-24T22:52:13.961192326Z	20352	0																			
408	2026-09-24T22:52:14.011065306Z	20402	0																			
409	2026-09-24T22:52:14.060909971Z	20452	0																			
410	2026-09-24T22:52:14.110717581Z	20501	0																			
411	2026-09-24T22:52:14.161464245Z	20552	0																			
412	2026-09-24T22:52:14.211251452Z	20602	0																			
413	2026-09-24T22:52:14.261010125Z	20652	0																			
414	2026-09-24T22:52:14.310802941Z	20701	0																			
415	2026-09-24T22:52:14.361538469Z	20752	0																			
416	2026-09-24T22:52:14.411295868Z	20802	0																			
417	2026-09-24T22:52:14.461105907Z	20852	0																			
418	2026-09-24T22:52:14.510933836Z	20902	0																			
419	2026-09-24T22:52:14.56069263Z	20951	0																			
420	2026-09-24T22:52:14.611470762Z	21002	0																			
421	2026-09-24T22:52:14.661300166Z	21052	0																			
422	2026-09-24T22:52:14.711027741Z	21102	0																			
423	2026-09-24T22:52:14.76084576Z	21151	0																			
424	2026-09-24T22:52:14.810641643Z	21201	0																			
425	2026-09-24T22:52:14.861483173Z	21252	0																			
426	2026-09-24T22:52:14.91129443Z	21302	0																			
427	2026-09-24T22:52:14.961038226Z	21352	0																			
428	2026-09-24T22:52:15.010767187Z	21401	0																			
429	2026-09-24T22:52:15.060622389Z	21451	0																			
430	2026-09-24T22:52:15.111368229Z	21502	0																			
431	2026-09-24T22:52:15.161075195Z	21552	0																			
432	2026-09-24T22:52:15.21084648Z	21601	0																			
433	2026-09-24T22:52:15.260601063Z	21651	0																			
434	2026-09-24T22:52:15.311019537Z	21702	0																			
435	2026-09-24T22:52:15.360868796Z	21752	0																			
436	2026-09-24T22:52:15.410625427Z	21801	0																			
437	2026-09-24T22:52:15.460644255Z	21851	0																			
438	2026-09-24T22:52:15.511479195Z	21902	0																			
439	2026-09-24T22:52:15.561462345Z	21952	0																			
440	2026-09-24T22:52:15.611254371Z	22002	0																			
441	2026-09-24T22:52:15.661020133Z	22052	0																			
442	2026-09-24T22:52:15.710856111Z	22101	0																			
443	2026-09-24T22:52:15.76062821Z	22151	0																			
444	2026-09-24T22:52:15.811460648Z	22202	0																			
445	2026-09-24T22:52:15.861295394Z	22252	0																			
446	2026-09-24T22:52:15.911103779Z	22302	0																			
447	2026-09-24T22:52:15.961024021Z	22352	0																			
448	2026-09-24T22:52:16.010859247Z	22402	0																			
449	2026-09-24T22:52:16.060915675Z	22452	0																			
450	2026-09-24T22:52:16.110699164Z	22501	0																			
451	2026-09-24T22:52:16.161502026Z	22552	0																			
452	2026-09-24T22:52:16.211363691Z	22602	0																			
453	2026-09-24T22:52:16.261638187Z	22652	0																			
454	2026-09-24T22:52:16.310623293Z	22701	0																			
455	2026-09-24T22:52:16.361325902Z	22752	0																			
456	2026-09-24T22:52:16.411263124Z	22802	0																			
457	2026-09-24T22:52:16.461311597Z	22852	0																			
458	2026-09-24T22:52:16.511250807Z	22902	0																			
459	2026-09-24T22:52:16.561091086Z	22952	0																			
460	2026-09-24T22:52:16.611075767Z	23002	0																			
461	2026-09-24T22:52:16.660857604Z	23052	0																			
462	2026-09-24T22:52:16.710625771Z	23101	0																			
463	2026-09-24T22:52:16.761384459Z	23152	0																			
464	2026-09-24T22:52:16.811145326Z	23202	0																			
465	2026-09-24T22:52:16.860853212Z	23251	0																			
466	2026-09-24T22:52:16.910525449Z	23301	0																			
467	2026-09-24T22:52:16.961262568Z	23352	0																			
468	2026-09-24T22:52:17.011104797Z	23402	0																			
469	2026-09-24T22:52:17.060852837Z	23451	0																			
470	2026-09-24T22:52:17.110628812Z	23501	0																			
471	2026-09-24T22:52:17.161502692Z	23552	0																			
472	2026-09-24T22:52:17.211308986Z	23602	0																			
473	2026-09-24T22:52:17.261060653Z	23652	0																			
474	2026-09-24T22:52:17.310920499Z	23702	0																			
475	2026-09-24T22:52:17.360706106Z	23751	0																			
476	2026-09-24T22:52:17.41145567Z	23802	0																			
477	2026-09-24T22:52:17.461233965Z	23852	0																			
478	2026-09-24T22:52:17.510988679Z	23902	0																			
479	2026-09-24T22:52:17.560743994Z	23951	0																			
480	2026-09-24T22:52:17.611528864Z	24002	0																			
481	2026-09-24T22:52:17.661303283Z	24052	0																			
482	2026-09-24T22:52:17.711058351Z	24102	0																			
483	2026-09-24T22:52:17.760862514Z	24152	0																			
484	2026-09-24T22:52:17.810705244Z	24201	0																			
485	2026-09-24T22:52:17.861468554Z	24252	0																			
486	2026-09-24T22:52:17.911247068Z	24302	0																			
487	2026-09-24T22:52:17.96114496Z	24352	0																			
488	2026-09-24T22:52:18.010970888Z	24402	0																			
489	2026-09-24T22:52:18.060758208Z	24451	0																			
490	2026-09-24T22:52:18.110522486Z	24501	0																			
491	2026-09-24T22:52:18.161331919Z	24552	0																			
492	2026-09-24T22:52:18.211246835Z	24602	0																			
493	2026-09-24T22:52:18.260627196Z	24651	0																			
494	2026-09-24T22:52:18.310918605Z	24702	0																			
495	2026-09-24T22:52:18.36070139Z	24751	0																			
496	2026-09-24T22:52:18.411476494Z	24802	0																			
497	2026-09-24T22:52:18.461345829Z	24852	0																			
498	2026-09-24T22:52:18.511408293Z	24902	0																			
499	2026-09-24T22:52:18.561325415Z	24952	0																			
500	2026-09-24T22:52:18.61109278Z	25002	0																			
501	2026-09-24T22:52:18.660895775Z	25052	0																			
502	2026-09-24T22:52:18.710686462Z	25101	0																			
503	2026-09-24T22:52:18.761478368Z	25152	0																			
504	2026-09-24T22:52:18.811251532Z	25202	0																			
505	2026-09-24T22:52:18.861059169Z	25252	0																			
506	2026-09-24T22:52:18.910891833Z	25302	0																			
507	2026-09-24T22:52:18.96078239Z	25351	0																			
508	2026-09-24T22:52:19.010543527Z	25401	0																			
509	2026-09-24T22:52:19.061400987Z	25452	0																			
510	2026-09-24T22:52:19.111403064Z	25502	0																			
511	2026-09-24T22:52:19.161223056Z	25552	0																			
512	2026-09-24T22:52:19.21107885Z	25602	0																			
513	2026-09-24T22:52:19.260859951Z	25652	0																			
514	2026-09-24T22:52:19.31109529Z	25702	0																			
515	2026-09-24T22:52:19.360943343Z	25752	0																			
516	2026-09-24T22:52:19.410988522Z	25802	0																			
517	2026-09-24T22:52:19.460937876Z	25852	0																			
518	2026-09-24T22:52:19.511030543Z	25902	0																			
519	2026-09-24T22:52:19.56084892Z	25951	0																			
520	2026-09-24T22:52:19.610624352Z	26001	0																			
521	2026-09-24T22:52:19.661381889Z	26052	0																			
522	2026-09-24T22:52:19.711167645Z	26102	0																			
523	2026-09-24T22:52:19.760959769Z	26152	0																			
524	2026-09-24T22:52:19.81078238Z	26201	0																			
525	2026-09-24T22:52:19.86053059Z	26251	0																			
526	2026-09-24T22:52:19.911330663Z	26302	0																			
527	2026-09-24T22:52:19.961419346Z	26352	0																			
528	2026-09-24T22:52:20.011234503Z	26402	0																			
529	2026-09-24T22:52:20.060999244Z	26452	0																			
530	2026-09-24T22:52:20.110767674Z	26501	0																			
531	2026-09-24T22:52:20.161487494Z	26552	0																			
532	2026-09-24T22:52:20.211302302Z	26602	0																			
533	2026-09-24T22:52:20.261118338Z	26652	0																			
534	2026-09-24T22:52:20.310701947Z	26701	0																			
535	2026-09-24T22:52:20.361418528Z	26752	0																			
536	2026-09-24T22:52:20.411261009Z	26802	0																			
537	2026-09-24T22:52:20.461253717Z	26852	0																			
538	2026-09-24T22:52:20.511377037Z	26902	0																			
539	2026-09-24T22:52:20.561179054Z	26952	0																			
540	2026-09-24T22:52:20.611386666Z	27002	0																			
541	2026-09-24T22:52:20.661127229Z	27052	0																			
542	2026-09-24T22:52:20.710876851Z	27102	0																			
543	2026-09-24T22:52:20.760505226Z	27151	0																			
544	2026-09-24T22:52:20.811333264Z	27202	0																			
545	2026-09-24T22:52:20.861043799Z	27252	0																			
546	2026-09-24T22:52:20.910801573Z	27301	0																			
547	2026-09-24T22:52:20.960489045Z	27351	0																			
548	2026-09-24T22:52:21.011231842Z	27402	0																			
549	2026-09-24T22:52:21.061057066Z	27452	0																			
550	2026-09-24T22:52:21.110934539Z	27502	0																			
551	2026-09-24T22:52:21.160627652Z	27551	0																			
552	2026-09-24T22:52:21.211252305Z	27602	0																			
553	2026-09-24T22:52:21.261093995Z	27652	0																			
554	2026-09-24T22:52:21.310867674Z	27702	0																			
555	2026-09-24T22:52:21.360633454Z	27751	0																			
556	2026-09-24T22:52:21.411335643Z	27802	0																			
557	2026-09-24T22:52:21.461068253Z	27852	0																			
558	2026-09-24T22:52:21.510794531Z	27901	0																			
559	2026-09-24T22:52:21.561527207Z	27952	0																			
560	2026-09-24T22:52:21.611302Z	28002	0																			
561	2026-09-24T22:52:21.660998249Z	28052	0																			
562	2026-09-24T22:52:21.710688484Z	28101	0																			
563	2026-09-24T22:52:21.761468941Z	28152	0																			
564	2026-09-24T22:52:21.811197727Z	28202	0																			
565	2026-09-24T22:52:21.860985224Z	28252	0																			
566	2026-09-24T22:52:21.910701891Z	28301	0																			
567	2026-09-24T22:52:21.960711747Z	28351	0																			
568	2026-09-24T22:52:22.011475867Z	28402	0																			
569	2026-09-24T22:52:22.061511666Z	28452	0																			
570	2026-09-24T22:52:22.111249118Z	28502	0																			
571	2026-09-24T22:52:22.161008575Z	28552	0																			
572	2026-09-24T22:52:22.210787766Z	28601	0																			
573	2026-09-24T22:52:22.260536565Z	28651	0																			
574	2026-09-24T22:52:22.311440228Z	28702	0																			
575	2026-09-24T22:52:22.361213961Z	28752	0																			
576	2026-09-24T22:52:22.410968608Z	28802	0																			
577	2026-09-24T22:52:22.460698049Z	28851	0																			
578	2026-09-24T22:52:22.511450271Z	28902	0																			
579	2026-09-24T22:52:22.561221039Z	28952	0																			
580	2026-09-24T22:52:22.61092914Z	29002	0																			
581	2026-09-24T22:52:22.660696782Z	29051	0																			
582	2026-09-24T22:52:22.711451127Z	29102	0																			
583	2026-09-24T22:52:22.761249888Z	29152	0																			
584	2026-09-24T22:52:22.811148801Z	29202	0																			
585	2026-09-24T22:52:22.860887193Z	29252	0																			
586	2026-09-24T22:52:22.910708607Z	29301	0																			
587	2026-09-24T22:52:22.961392042Z	29352	0																			
588	2026-09-24T22:52:23.011177209Z	29402	0																			
589	2026-09-24T22:52:23.061023079Z	29452	0																			
590	2026-09-24T22:52:23.110833283Z	29501	0																			
591	2026-09-24T22:52:23.160633282Z	29551	0																			
592	2026-09-24T22:52:23.210541616Z	29601	0																			
593	2026-09-24T22:52:23.261331516Z	29652	0																			
594	2026-09-24T22:52:23.311054864Z	29702	0																			
595	2026-09-24T22:52:23.360790806Z	29751	0																			
596	2026-09-24T22:52:23.41049836Z	29801	0																			
597	2026-09-24T22:52:23.461335491Z	29852	0																			
598	2026-09-24T22:52:23.511116144Z	29902	0																			
599	2026-09-24T22:52:23.561430537Z	29952	0																			
600	2026-09-24T22:52:23.610614221Z	30001	0																			
601	2026-09-24T22:52:23.661166901Z	30052	0																			
602	2026-09-24T22:52:23.711013224Z	30102	0																			
603	2026-09-24T22:52:23.760777852Z	30151	0																			
604	2026-09-24T22:52:23.810509893Z	30201	0																			
605	2026-09-24T22:52:23.861273688Z	30252	0																			
606	2026-09-24T22:52:23.911034734Z	30302	0																			
607	2026-09-24T22:52:23.960790856Z	30351	0																			
608	2026-09-24T22:52:24.010478905Z	30401	0																			
609	2026-09-24T22:52:24.061268406Z	30452	0																			
610	2026-09-24T22:52:24.111008028Z	30502	0																			
611	2026-09-24T22:52:24.160788399Z	30551	0																			
612	2026-09-24T22:52:24.210488548Z	30601	0																			
613	2026-09-24T22:52:24.261251721Z	30652	0																			
614	2026-09-24T22:52:24.311173049Z	30702	0																			
615	2026-09-24T22:52:24.361011687Z	30752	0																			
616	2026-09-24T22:52:24.410751099Z	30801	0																			
617	2026-09-24T22:52:24.46153443Z	30852	0																			
618	2026-09-24T22:52:24.511526276Z	30902	0																			
619	2026-09-24T22:52:24.560504323Z	30951	0																			
620	2026-09-24T22:52:24.611301081Z	31002	0																			
621	2026-09-24T22:52:24.661104326Z	31052	0																			
622	2026-09-24T22:52:24.710849995Z	31101	0																			
623	2026-09-24T22:52:24.760615081Z	31151	0																			
624	2026-09-24T22:52:24.811385352Z	31202	0																			
625	2026-09-24T22:52:24.861148386Z	31252	0																			
626	2026-09-24T22:52:24.910926262Z	31302	0																			
627	2026-09-24T22:52:24.960756717Z	31351	0																			
628	2026-09-24T22:52:25.011472216Z	31402	0																			
629	2026-09-24T22:52:25.061252265Z	31452	0																			
630	2026-09-24T22:52:25.111155996Z	31502	0																			
631	2026-09-24T22:52:25.16096534Z	31552	0																			
632	2026-09-24T22:52:25.21074734Z	31601	0																			
633	2026-09-24T22:52:25.260493797Z	31651	0																			
634	2026-09-24T22:52:25.311253533Z	31702	0																			
635	2026-09-24T22:52:25.360998623Z	31752	0																			
636	2026-09-24T22:52:25.410700533Z	31801	0																			
637	2026-09-24T22:52:25.461441822Z	31852	0																			
638	2026-09-24T22:52:25.511169218Z	31902	0																			
639	2026-09-24T22:52:25.560926796Z	31952	0																			
640	2026-09-24T22:52:25.61070223Z	32001	0																			
641	2026-09-24T22:52:25.661465387Z	32052	0																			
642	2026-09-24T22:52:25.711173083Z	32102	0																			
643	2026-09-24T22:52:25.76093357Z	32152	0																			
644	2026-09-24T22:52:25.810696211Z	32201	0																			
645	2026-09-24T22:52:25.861523437Z	32252	0																			
646	2026-09-24T22:52:25.911301418Z	32302	0																			
647	2026-09-24T22:52:25.961324013Z	32352	0																			
648	2026-09-24T22:52:26.011136789Z	32402	0																			
649	2026-09-24T22:52:26.060943071Z	32452	0																			
650	2026-09-24T22:52:26.110767334Z	32501	0																			
651	2026-09-24T22:52:26.16052961Z	32551	0																			
652	2026-09-24T22:52:26.2114903Z	32602	0																			
653	2026-09-24T22:52:26.261402099Z	32652	0																			
654	2026-09-24T22:52:26.311390558Z	32702	0																			
655	2026-09-24T22:52:26.361178068Z	32752	0																			
656	2026-09-24T22:52:26.410940153Z	32802	0																			
657	2026-09-24T22:52:26.460806429Z	32851	0																			
658	2026-09-24T22:52:26.511491889Z	32902	0																			
659	2026-09-24T22:52:26.561174966Z	32952	0																			
660	2026-09-24T22:52:26.610923766Z	33002	0																			
661	2026-09-24T22:52:26.660708331Z	33051	0																			
662	2026-09-24T22:52:26.711471458Z	33102	0																			
663	2026-09-24T22:52:26.761216678Z	33152	0																			
664	2026-09-24T22:52:26.81094232Z	33202	0																			
665	2026-09-24T22:52:26.860688484Z	33251	0																			
666	2026-09-24T22:52:26.911458118Z	33302	0																			
667	2026-09-24T22:52:26.961253752Z	33352	0																			
668	2026-09-24T22:52:27.011027322Z	33402	0																			
669	2026-09-24T22:52:27.060871629Z	33452	0																			
670	2026-09-24T22:52:27.110719928Z	33501	0																			
671	2026-09-24T22:52:27.161458154Z	33552	0																			
672	2026-09-24T22:52:27.211238291Z	33602	0																			
673	2026-09-24T22:52:27.261059146Z	33652	0																			
674	2026-09-24T22:52:27.310836165Z	33701	0																			
675	2026-09-24T22:52:27.360537934Z	33751	0																			
676	2026-09-24T22:52:27.411300388Z	33802	0																			
677	2026-09-24T22:52:27.461010415Z	33852	0																			
678	2026-09-24T22:52:27.510727824Z	33901	0																			
679	2026-09-24T22:52:27.5614935Z	33952	0																			
680	2026-09-24T22:52:27.611249127Z	34002	0																			
681	2026-09-24T22:52:27.661004642Z	34052	0																			
682	2026-09-24T22:52:27.710780445Z	34101	0																			
683	2026-09-24T22:52:27.760524105Z	34151	0																			
684	2026-09-24T22:52:27.811310696Z	34202	0																			
685	2026-09-24T22:52:27.861096389Z	34252	0																			
686	2026-09-24T22:52:27.910859415Z	34302	0																			
687	2026-09-24T22:52:27.960636585Z	34351	0																			
688	2026-09-24T22:52:28.011423451Z	34402	0																			
689	2026-09-24T22:52:28.061190007Z	34452	0																			
690	2026-09-24T22:52:28.110983708Z	34502	0																			
691	2026-09-24T22:52:28.160773994Z	34551	0																			
692	2026-09-24T22:52:28.210491941Z	34601	0																			
693	2026-09-24T22:52:28.261283531Z	34652	0																			
694	2026-09-24T22:52:28.311045278Z	34702	0																			
695	2026-09-24T22:52:28.360862657Z	34752	0																			
696	2026-09-24T22:52:28.41062502Z	34801	0																			
697	2026-09-24T22:52:28.461410501Z	34852	0																			
698	2026-09-24T22:52:28.511164338Z	34902	0																			
699	2026-09-24T22:52:28.560904916Z	34952	0																			
700	2026-09-24T22:52:28.610681014Z	35001	0																			
701	2026-09-24T22:52:28.661461277Z	35052	0																			
702	2026-09-24T22:52:28.711238858Z	35102	0																			
703	2026-09-24T22:52:28.760933957Z	35152	0																			
704	2026-09-24T22:52:28.810730616Z	35201	0																			
705	2026-09-24T22:52:28.8614543Z	35252	0																			
706	2026-09-24T22:52:28.911232888Z	35302	0																			
707	2026-09-24T22:52:28.961010258Z	35352	0																			
708	2026-09-24T22:52:29.010770731Z	35401	0																			
709	2026-09-24T22:52:29.060534059Z	35451	0																			
710	2026-09-24T22:52:29.111324687Z	35502	0																			
711	2026-09-24T22:52:29.161089827Z	35552	0																			
712	2026-09-24T22:52:29.2108428Z	35601	0																			
713	2026-09-24T22:52:29.260654425Z	35651	0																			
714	2026-09-24T22:52:29.311176032Z	35702	0																			
715	2026-09-24T22:52:29.360932469Z	35752	0																			
716	2026-09-24T22:52:29.410688846Z	35801	0																			
717	2026-09-24T22:52:29.461147592Z	35852	0																			
718	2026-09-24T22:52:29.510849453Z	35901	0																			
719	2026-09-24T22:52:29.560608228Z	35951	0																			
720	2026-09-24T22:52:29.611357774Z	36002	0																			
721	2026-09-24T22:52:29.661128554Z	36052	0																			
722	2026-09-24T22:52:29.710859481Z	36102	0																			
723	2026-09-24T22:52:29.760621938Z	36151	0																			
724	2026-09-24T22:52:29.811387153Z	36202	0																			
725	2026-09-24T22:52:29.861157335Z	36252	0																			
726	2026-09-24T22:52:29.910929563Z	36302	0																			
727	2026-09-24T22:52:29.960705581Z	36351	0																			
728	2026-09-24T22:52:30.01146901Z	36402	0																			
729	2026-09-24T22:52:30.061308964Z	36452	0																			
730	2026-09-24T22:52:30.111076093Z	36502	0																			
731	2026-09-24T22:52:30.16085098Z	36551	0																			
732	2026-09-24T22:52:30.210621967Z	36601	0																			
733	2026-09-24T22:52:30.261397538Z	36652	0																			
734	2026-09-24T22:52:30.311224646Z	36702	0																			
735	2026-09-24T22:52:30.361011698Z	36752	0																			
736	2026-09-24T22:52:30.410846497Z	36801	0																			
737	2026-09-24T22:52:30.460618154Z	36851	0																			
738	2026-09-24T22:52:30.511448463Z	36902	0																			
739	2026-09-24T22:52:30.561230413Z	36952	0																			
740	2026-09-24T22:52:30.611002366Z	37002	0																			
741	2026-09-24T22:52:30.66076298Z	37051	0																			
742	2026-09-24T22:52:30.711528755Z	37102	0																			
743	2026-09-24T22:52:30.761286876Z	37152	0																			
744	2026-09-24T22:52:30.810999137Z	37202	0																			
745	2026-09-24T22:52:30.860761072Z	37251	0																			
746	2026-09-24T22:52:30.911467559Z	37302	0																			
747	2026-09-24T22:52:30.961308505Z	37352	0																			
748	2026-09-24T22:52:31.011087374Z	37402	0																			
749	2026-09-24T22:52:31.060821321Z	37451	0																			
750	2026-09-24T22:52:31.1110827Z	37502	0																			
751	2026-09-24T22:52:31.160841774Z	37551	0																			
752	2026-09-24T22:52:31.210531511Z	37601	0																			
753	2026-09-24T22:52:31.261320647Z	37652	0																			
754	2026-09-24T22:52:31.311083448Z	37702	0																			
755	2026-09-24T22:52:31.360809458Z	37751	0																			
756	2026-09-24T22:52:31.410521963Z	37801	0																			
757	2026-09-24T22:52:31.461238269Z	37852	0																			
758	2026-09-24T22:52:31.510981198Z	37902	0																			
759	2026-09-24T22:52:31.560772713Z	37951	0																			
760	2026-09-24T22:52:31.61051127Z	38001	0																			
761	2026-09-24T22:52:31.661305402Z	38052	0																			
762	2026-09-24T22:52:31.710910669Z	38102	0																			
763	2026-09-24T22:52:31.760521089Z	38151	0																			
764	2026-09-24T22:52:31.811120312Z	38202	0																			
765	2026-09-24T22:52:31.860768027Z	38251	0																			
766	2026-09-24T22:52:31.911386874Z	38302	0																			
767	2026-09-24T22:52:31.961072488Z	38352	0																			
768	2026-09-24T22:52:32.010856545Z	38402	0																			
769	2026-09-24T22:52:32.060530373Z	38451	0																			
770	2026-09-24T22:52:32.111302612Z	38502	0																			
771	2026-09-24T22:52:32.161017552Z	38552	0																			
772	2026-09-24T22:52:32.210842302Z	38601	0																			
773	2026-09-24T22:52:32.260769078Z	38651	0																			
774	2026-09-24T22:52:32.311433074Z	38702	0																			
775	2026-09-24T22:52:32.36108194Z	38752	0																			
776	2026-09-24T22:52:32.410746698Z	38801	0																			
777	2026-09-24T22:52:32.461392695Z	38852	0																			
778	2026-09-24T22:52:32.511076989Z	38902	0																			
779	2026-09-24T22:52:32.560750031Z	38951	0																			
780	2026-09-24T22:52:32.611410506Z	39002	0																			
781	2026-09-24T22:52:32.660989822Z	39052	0																			
782	2026-09-24T22:52:32.710611821Z	39101	0																			
783	2026-09-24T22:52:32.761290701Z	39152	0																			
784	2026-09-24T22:52:32.81096869Z	39202	0																			
785	2026-09-24T22:52:32.860620175Z	39251	0																			
786	2026-09-24T22:52:32.911302Z	39302	0																			
787	2026-09-24T22:52:32.960988322Z	39352	0																			
788	2026-09-24T22:52:33.010691752Z	39401	0																			
789	2026-09-24T22:52:33.061461231Z	39452	0																			
790	2026-09-24T22:52:33.111104912Z	39502	0																			
791	2026-09-24T22:52:33.160771244Z	39551	0																			
792	2026-09-24T22:52:33.211435958Z	39602	0																			
793	2026-09-24T22:52:33.261151379Z	39652	0																			
794	2026-09-24T22:52:33.310813639Z	39701	0																			
795	2026-09-24T22:52:33.360520319Z	39751	0																			
796	2026-09-24T22:52:33.411241849Z	39802	0																			
797	2026-09-24T22:52:33.460910466Z	39852	0																			
798	2026-09-24T22:52:33.510522653Z	39901	0																			
799	2026-09-24T22:52:33.561194619Z	39952	0																			
800	2026-09-24T22:52:33.6108984Z	40002	0																			
801	2026-09-24T22:52:33.661252222Z	40052	0																			
802	2026-09-24T22:52:33.710843872Z	40101	0																			
803	2026-09-24T22:52:33.76151424Z	40152	0																			
804	2026-09-24T22:52:33.811203056Z	40202	0																			
805	2026-09-24T22:52:33.860843855Z	40251	0																			
806	2026-09-24T22:52:33.911511429Z	40302	0																			
807	2026-09-24T22:52:33.961230706Z	40352	0																			
808	2026-09-24T22:52:34.010862713Z	40402	0																			
809	2026-09-24T22:52:34.060507225Z	40451	0																			
810	2026-09-24T22:52:34.111207511Z	40502	0																			
811	2026-09-24T22:52:34.160883647Z	40552	0																			
812	2026-09-24T22:52:34.21049945Z	40601	0																			
813	2026-09-24T22:52:34.261199344Z	40652	0																			
814	2026-09-24T22:52:34.310925896Z	40702	0																			
815	2026-09-24T22:52:34.36060475Z	40751	0																			
816	2026-09-24T22:52:34.411287731Z	40802	0																			
817	2026-09-24T22:52:34.461016062Z	40852	0																			
818	2026-09-24T22:52:34.510663552Z	40901	0																			
819	2026-09-24T22:52:34.561314363Z	40952	0																			
820	2026-09-24T22:52:34.610986652Z	41002	0																			
821	2026-09-24T22:52:34.660746595Z	41051	0																			
822	2026-09-24T22:52:34.711407033Z	41102	0																			
823	2026-09-24T22:52:34.761215931Z	41152	0																			
824	2026-09-24T22:52:34.810852571Z	41201	0																			
825	2026-09-24T22:52:34.861467074Z	41252	0																			
826	2026-09-24T22:52:34.911065943Z	41302	0																			
827	2026-09-24T22:52:34.960753903Z	41351	0																			
828	2026-09-24T22:52:35.010554962Z	41401	0																			
829	2026-09-24T22:52:35.061292215Z	41452	0																			
830	2026-09-24T22:52:35.110936192Z	41502	0																			
831	2026-09-24T22:52:35.160506176Z	41551	0																			
832	2026-09-24T22:52:35.211189732Z	41602	0																			
833	2026-09-24T22:52:35.260855284Z	41651	0																			
834	2026-09-24T22:52:35.311514921Z	41702	0																			
835	2026-09-24T22:52:35.361196929Z	41752	0																			
836	2026-09-24T22:52:35.410871018Z	41802	0																			
837	2026-09-24T22:52:35.460498304Z	41851	0																			
838	2026-09-24T22:52:35.511109985Z	41902	0																			
839	2026-09-24T22:52:35.560771706Z	41951	0																			
840	2026-09-24T22:52:35.611426163Z	42002	0																			
841	2026-09-24T22:52:35.661063824Z	42052	0																			
842	2026-09-24T22:52:35.710693833Z	42101	0																			
843	2026-09-24T22:52:35.761277537Z	42152	0																			
844	2026-09-24T22:52:35.810853029Z	42201	0																			
845	2026-09-24T22:52:35.861465591Z	42252	0																			
846	2026-09-24T22:52:35.911062551Z	42302	0																			
847	2026-09-24T22:52:35.960864465Z	42352	0																			
848	2026-09-24T22:52:36.010636491Z	42401	0																			
849	2026-09-24T22:52:36.061320562Z	42452	0																			
850	2026-09-24T22:52:36.111086495Z	42502	0																			
851	2026-09-24T22:52:36.160825247Z	42551	0																			
852	2026-09-24T22:52:36.210519078Z	42601	0																			
853	2026-09-24T22:52:36.261424481Z	42652	0																			
854	2026-09-24T22:52:36.311402452Z	42702	0																			
855	2026-09-24T22:52:36.361016092Z	42752	0																			
856	2026-09-24T22:52:36.410699589Z	42801	0																			
857	2026-09-24T22:52:36.46147975Z	42852	0																			
858	2026-09-24T22:52:36.511157186Z	42902	0																			
859	2026-09-24T22:52:36.560841655Z	42951	0																			
860	2026-09-24T22:52:36.611430104Z	43002	0																			
861	2026-09-24T22:52:36.661102608Z	43052	0																			
862	2026-09-24T22:52:36.710751693Z	43101	0																			
863	2026-09-24T22:52:36.761411609Z	43152	0																			
864	2026-09-24T22:52:36.811073542Z	43202	0																			
865	2026-09-24T22:52:36.860689525Z	43251	0																			
866	2026-09-24T22:52:36.911298526Z	43302	0																			
867	2026-09-24T22:52:36.961107751Z	43352	0																			
868	2026-09-24T22:52:37.010784962Z	43401	0																			
869	2026-09-24T22:52:37.06049086Z	43451	0																			
870	2026-09-24T22:52:37.111172938Z	43502	0																			
871	2026-09-24T22:52:37.16083004Z	43551	0																			
872	2026-09-24T22:52:37.210502269Z	43601	0																			
873	2026-09-24T22:52:37.261155584Z	43652	0																			
874	2026-09-24T22:52:37.311144332Z	43702	0																			
875	2026-09-24T22:52:37.360770915Z	43751	0																			
876	2026-09-24T22:52:37.411375874Z	43802	0																			
877	2026-09-24T22:52:37.460991444Z	43852	0																			
878	2026-09-24T22:52:37.510615607Z	43901	0																			
879	2026-09-24T22:52:37.561258951Z	43952	0																			
880	2026-09-24T22:52:37.610924557Z	44002	0																			
881	2026-09-24T22:52:37.660508157Z	44051	0																			
882	2026-09-24T22:52:37.711105601Z	44102	0																			
883	2026-09-24T22:52:37.760894984Z	44152	0																			
884	2026-09-24T22:52:37.810484939Z	44201	0																			
885	2026-09-24T22:52:37.861098704Z	44252	0																			
886	2026-09-24T22:52:37.910699329Z	44301	0																			
887	2026-09-24T22:52:37.961377279Z	44352	0																			
888	2026-09-24T22:52:38.011078443Z	44402	0																			
889	2026-09-24T22:52:38.060722288Z	44451	0																			
890	2026-09-24T22:52:38.111308323Z	44502	0																			
891	2026-09-24T22:52:38.161182912Z	44552	0																			
892	2026-09-24T22:52:38.210867786Z	44602	0																			
893	2026-09-24T22:52:38.260490211Z	44651	0																			
894	2026-09-24T22:52:38.31115869Z	44702	0																			
895	2026-09-24T22:52:38.360902274Z	44752	0																			
896	2026-09-24T22:52:38.410664239Z	44801	0																			
897	2026-09-24T22:52:38.461464085Z	44852	0																			
898	2026-09-24T22:52:38.511174419Z	44902	0																			
899	2026-09-24T22:52:38.560905029Z	44952	0																			
900	2026-09-24T22:52:38.610624627Z	45001	0																			
901	2026-09-24T22:52:38.661228949Z	45052	0																			
902	2026-09-24T22:52:38.710975721Z	45102	0																			
903	2026-09-24T22:52:38.760738202Z	45151	0																			
904	2026-09-24T22:52:38.81151536Z	45202	0																			
905	2026-09-24T22:52:38.861268226Z	45252	0																			
906	2026-09-24T22:52:38.911014654Z	45302	0																			
907	2026-09-24T22:52:38.960561663Z	45351	0																			
908	2026-09-24T22:52:39.011371414Z	45402	0																			
909	2026-09-24T22:52:39.061048551Z	45452	0																			
910	2026-09-24T22:52:39.110803039Z	45501	0																			
911	2026-09-24T22:52:39.160516871Z	45551	0																			
912	2026-09-24T22:52:39.211242487Z	45602	0																			
913	2026-09-24T22:52:39.261098189Z	45652	0																			
914	2026-09-24T22:52:39.310866884Z	45702	0																			
915	2026-09-24T22:52:39.36051488Z	45751	0																			
916	2026-09-24T22:52:39.411274934Z	45802	0																			
917	2026-09-24T22:52:39.461064892Z	45852	0																			
918	2026-09-24T22:52:39.510800854Z	45901	0																			
919	2026-09-24T22:52:39.560497919Z	45951	0																			
920	2026-09-24T22:52:39.611153271Z	46002	0																			
921	2026-09-24T22:52:39.66077753Z	46051	0																			
922	2026-09-24T22:52:39.71140503Z	46102	0																			
923	2026-09-24T22:52:39.761086833Z	46152	0																			
924	2026-09-24T22:52:39.810767054Z	46201	0																			
925	2026-09-24T22:52:39.861484977Z	46252	0																			
926	2026-09-24T22:52:39.911155013Z	46302	0																			
927	2026-09-24T22:52:39.96099712Z	46352	0																			
928	2026-09-24T22:52:40.010716248Z	46401	0																			
929	2026-09-24T22:52:40.060841352Z	46451	0																			
930	2026-09-24T22:52:40.111428292Z	46502	0																			
931	2026-09-24T22:52:40.161129027Z	46552	0																			
932	2026-09-24T22:52:40.210780905Z	46601	0																			
933	2026-09-24T22:52:40.260651935Z	46651	0																			
934	2026-09-24T22:52:40.310694271Z	46701	0																			
935	2026-09-24T22:52:40.361315941Z	46752	0																			
936	2026-09-24T22:52:40.411247605Z	46802	0																			
937	2026-09-24T22:52:40.460933981Z	46852	0																			
938	2026-09-24T22:52:40.510651924Z	46901	0																			
939	2026-09-24T22:52:40.561351499Z	46952	0																			
940	2026-09-24T22:52:40.61105984Z	47002	0																			
941	2026-09-24T22:52:40.660682246Z	47051	0																			
942	2026-09-24T22:52:40.711285827Z	47102	0																			
943	2026-09-24T22:52:40.760889022Z	47152	0																			
944	2026-09-24T22:52:40.810505111Z	47201	0																			
945	2026-09-24T22:52:40.861122325Z	47252	0																			
946	2026-09-24T22:52:40.9107807Z	47301	0																			
947	2026-09-24T22:52:40.960625753Z	47351	0																			
948	2026-09-24T22:52:41.011318485Z	47402	0																			
949	2026-09-24T22:52:41.061049126Z	47452	0																			
950	2026-09-24T22:52:41.110695425Z	47501	0																			
951	2026-09-24T22:52:41.160624771Z	47551	0																			
952	2026-09-24T22:52:41.211335565Z	47602	0																			
953	2026-09-24T22:52:41.261041915Z	47652	0																			
954	2026-09-24T22:52:41.310763211Z	47701	0																			
955	2026-09-24T22:52:41.361459384Z	47752	0																			
956	2026-09-24T22:52:41.411464824Z	47802	0																			
957	2026-09-24T22:52:41.461134242Z	47852	0																			
958	2026-09-24T22:52:41.510763525Z	47901	0																			
959	2026-09-24T22:52:41.561410635Z	47952	0																			
960	2026-09-24T22:52:41.611091465Z	48002	0																			
961	2026-09-24T22:52:41.660762957Z	48051	0																			
962	2026-09-24T22:52:41.711357486Z	48102	0																			
963	2026-09-24T22:52:41.760995141Z	48152	0																			
964	2026-09-24T22:52:41.810687684Z	48201	0																			
965	2026-09-24T22:52:41.861401857Z	48252	0																			
966	2026-09-24T22:52:41.911126291Z	48302	0																			
967	2026-09-24T22:52:41.960845383Z	48351	0																			
968	2026-09-24T22:52:42.011534031Z	48402	0																			
969	2026-09-24T22:52:42.061270478Z	48452	0																			
970	2026-09-24T22:52:42.110935139Z	48502	0																			
971	2026-09-24T22:52:42.160623913Z	48551	0																			
972	2026-09-24T22:52:42.211296496Z	48602	0																			
973	2026-09-24T22:52:42.261072107Z	48652	0																			
974	2026-09-24T22:52:42.310731111Z	48701	0																			
975	2026-09-24T22:52:42.361467709Z	48752	0																			
976	2026-09-24T22:52:42.411204397Z	48802	0																			
977	2026-09-24T22:52:42.460847604Z	48851	0																			
978	2026-09-24T22:52:42.510486338Z	48901	0																			
979	2026-09-24T22:52:42.561033194Z	48952	0																			
980	2026-09-24T22:52:42.610662857Z	49001	0																			
981	2026-09-24T22:52:42.661368413Z	49052	0																			
982	2026-09-24T22:52:42.711011127Z	49102	0																			
983	2026-09-24T22:52:42.760694042Z	49151	0																			
984	2026-09-24T22:52:42.811346072Z	49202	0																			
985	2026-09-24T22:52:42.860997031Z	49252	0																			
986	2026-09-24T22:52:42.910692158Z	49301	0																			
987	2026-09-24T22:52:42.961326115Z	49352	0																			
988	2026-09-24T22:52:43.010899993Z	49402	0																			
989	2026-09-24T22:52:43.060633155Z	49451	0																			
990	2026-09-24T22:52:43.111298615Z	49502	0																			
991	2026-09-24T22:52:43.161112919Z	49552	0																			
992	2026-09-24T22:52:43.210741056Z	49601	0																			
993	2026-09-24T22:52:43.260487638Z	49651	0																			
994	2026-09-24T22:52:43.310849755Z	49701	0																			
995	2026-09-24T22:52:43.361518493Z	49752	0																			
996	2026-09-24T22:52:43.411169152Z	49802	0																			
997	2026-09-24T22:52:43.460842265Z	49851	0																			
998	2026-09-24T22:52:43.510499861Z	49901	0																			
999	2026-09-24T22:52:43.561316103Z	49952	0																			
1000	2026-09-24T22:52:43.61095451Z	50002	0																			
1001	2026-09-24T22:52:43.661186764Z	50052	0																			
1002	2026-09-24T22:52:43.710863481Z	50102	0																			
1003	2026-09-24T22:52:43.760538989Z	50151	0																			
1004	2026-09-24T22:52:43.81116654Z	50202	0																			
1005	2026-09-24T22:52:43.860816131Z	50251	0																			
1006	2026-09-24T22:52:43.911488375Z	50302	0																			
1007	2026-09-24T22:52:43.961146464Z	50352	0																			
1008	2026-09-24T22:52:44.010864583Z	50402	0																			
1009	2026-09-24T22:52:44.060695157Z	50451	0																			
1010	2026-09-24T22:52:44.111378448Z	50502	0																			
1011	2026-09-24T22:52:44.160997566Z	50552	0																			
1012	2026-09-24T22:52:44.210663056Z	50601	0																			
1013	2026-09-24T22:52:44.261322955Z	50652	0																			
1014	2026-09-24T22:52:44.310989962Z	50702	0																			
1015	2026-09-24T22:52:44.360657595Z	50751	0																			
1016	2026-09-24T22:52:44.411396957Z	50802	0																			
1017	2026-09-24T22:52:44.460977081Z	50852	0																			
1018	2026-09-24T22:52:44.51067936Z	50901	0																			
1019	2026-09-24T22:52:44.561398293Z	50952	0																			
1020	2026-09-24T22:52:44.611200988Z	51002	0																			
1021	2026-09-24T22:52:44.660934405Z	51052	0																			
1022	2026-09-24T22:52:44.71073156Z	51101	0																			
1023	2026-09-24T22:52:44.761450247Z	51152	0																			
1024	2026-09-24T22:52:44.811116779Z	51202	0																			
1025	2026-09-24T22:52:44.860686363Z	51251	0																			
1026	2026-09-24T22:52:44.911388657Z	51302	0																			
1027	2026-09-24T22:52:44.961197724Z	51352	0																			
1028	2026-09-24T22:52:45.010952262Z	51402	0																			
1029	2026-09-24T22:52:45.060630238Z	51451	0																			
1030	2026-09-24T22:52:45.111291022Z	51502	0																			
1031	2026-09-24T22:52:45.160481902Z	51551	0																			
1032	2026-09-24T22:52:45.211220735Z	51602	0																			
1033	2026-09-24T22:52:45.260910297Z	51652	0																			
1034	2026-09-24T22:52:45.310765199Z	51701	0																			
1035	2026-09-24T22:52:45.361409565Z	51752	0																			
1036	2026-09-24T22:52:45.411076634Z	51802	0																			
1037	2026-09-24T22:52:45.460730125Z	51851	0																			
1038	2026-09-24T22:52:45.511449818Z	51902	0																			
1039	2026-09-24T22:52:45.561103919Z	51952	0																			
1040	2026-09-24T22:52:45.610914335Z	52002	0																			
1041	2026-09-24T22:52:45.660634183Z	52051	0																			
1042	2026-09-24T22:52:45.711262314Z	52102	0																			
1043	2026-09-24T22:52:45.760902389Z	52152	0																			
1044	2026-09-24T22:52:45.810500188Z	52201	0																			
1045	2026-09-24T22:52:45.861178562Z	52252	0																			
1046	2026-09-24T22:52:45.910793501Z	52301	0																			
1047	2026-09-24T22:52:45.961425542Z	52352	0																			
1048	2026-09-24T22:52:46.011187316Z	52402	0																			
1049	2026-09-24T22:52:46.061030736Z	52452	0																			
1050	2026-09-24T22:52:46.110738405Z	52501	0																			
1051	2026-09-24T22:52:46.161584984Z	52552	0																			
1052	2026-09-24T22:52:46.211012272Z	52602	0																			
1053	2026-09-24T22:52:46.2606268Z	52651	0																			
1054	2026-09-24T22:52:46.311258074Z	52702	0																			
1055	2026-09-24T22:52:46.361292138Z	52752	0																			
1056	2026-09-24T22:52:46.410835531Z	52801	0																			
1057	2026-09-24T22:52:46.461525274Z	52852	0																			
1058	2026-09-24T22:52:46.511241486Z	52902	0																			
1059	2026-09-24T22:52:46.560789394Z	52951	0																			
1060	2026-09-24T22:52:46.611413221Z	53002	0																			
1061	2026-09-24T22:52:46.661107262Z	53052	0																			
1062	2026-09-24T22:52:46.710620252Z	53101	0																			
1063	2026-09-24T22:52:46.761269302Z	53152	0																			
1064	2026-09-24T22:52:46.810971292Z	53202	0																			
1065	2026-09-24T22:52:46.860653274Z	53251	0																			
1066	2026-09-24T22:52:46.911543062Z	53302	0																			
1067	2026-09-24T22:52:46.961256419Z	53352	0																			
1068	2026-09-24T22:52:47.010894878Z	53402	0																			
1069	2026-09-24T22:52:47.06112438Z	53452	0																			
1070	2026-09-24T22:52:47.110954813Z	53502	0																			
1071	2026-09-24T22:52:47.160828448Z	53551	0																			
1072	2026-09-24T22:52:47.210484723Z	53601	0																			
1073	2026-09-24T22:52:47.261266764Z	53652	0																			
1074	2026-09-24T22:52:47.310941908Z	53702	0																			
1075	2026-09-24T22:52:47.360759081Z	53751	0																			
1076	2026-09-24T22:52:47.410987754Z	53802	0																			
1077	2026-09-24T22:52:47.460669037Z	53851	0																			
1078	2026-09-24T22:52:47.510957175Z	53902	0																			
1079	2026-09-24T22:52:47.560693582Z	53951	0																			
1080	2026-09-24T22:52:47.61124333Z	54002	0																			
1081	2026-09-24T22:52:47.660935431Z	54052	0																			
1082	2026-09-24T22:52:47.710480741Z	54101	0																			
1083	2026-09-24T22:52:47.760753698Z	54151	0																			
1084	2026-09-24T22:52:47.811386629Z	54202	0																			
1085	2026-09-24T22:52:47.861023257Z	54252	0																			
1086	2026-09-24T22:52:47.910625111Z	54301	0																			
1087	2026-09-24T22:52:47.961314401Z	54352	0																			
1088	2026-09-24T22:52:48.010950356Z	54402	0																			
1089	2026-09-24T22:52:48.060622309Z	54451	0																			
1090	2026-09-24T22:52:48.111305532Z	54502	0																			
1091	2026-09-24T22:52:48.160566064Z	54551	0																			
1092	2026-09-24T22:52:48.211207532Z	54602	0																			
1093	2026-09-24T22:52:48.260783204Z	54651	0																			
1094	2026-09-24T22:52:48.311447125Z	54702	0																			
1095	2026-09-24T22:52:48.360689856Z	54751	0																			
1096	2026-09-24T22:52:48.411351565Z	54802	0																			
1097	2026-09-24T22:52:48.461039606Z	54852	0																			
1098	2026-09-24T22:52:48.510710642Z	54901	0																			
1099	2026-09-24T22:52:48.56133436Z	54952	0																			
1100	2026-09-24T22:52:48.611008386Z	55002	0																			
1101	2026-09-24T22:52:48.660756405Z	55051	0																			
1102	2026-09-24T22:52:48.711387482Z	55102	0																			
1103	2026-09-24T22:52:48.761081296Z	55152	0																			
1104	2026-09-24T22:52:48.81072423Z	55201	0																			
1105	2026-09-24T22:52:48.860705005Z	55251	0																			
1106	2026-09-24T22:52:48.911429355Z	55302	0																			
1107	2026-09-24T22:52:48.961127343Z	55352	0																			
1108	2026-09-24T22:52:49.011100804Z	55402	0																			
1109	2026-09-24T22:52:49.0608487Z	55451	0																			
1110	2026-09-24T22:52:49.1115229Z	55502	0																			
1111	2026-09-24T22:52:49.161013723Z	55552	0																			
1112	2026-09-24T22:52:49.210633767Z	55601	0																			
1113	2026-09-24T22:52:49.260667957Z	55651	0																			
1114	2026-09-24T22:52:49.311335305Z	55702	0																			
1115	2026-09-24T22:52:49.360999012Z	55752	0																			
1116	2026-09-24T22:52:49.410787633Z	55801	0																			
1117	2026-09-24T22:52:49.461497888Z	55852	0																			
1118	2026-09-24T22:52:49.511263019Z	55902	0																			
1119	2026-09-24T22:52:49.561103179Z	55952	0																			
1120	2026-09-24T22:52:49.610770609Z	56001	0																			
1121	2026-09-24T22:52:49.661491601Z	56052	0																			
1122	2026-09-24T22:52:49.711113935Z	56102	0																			
1123	2026-09-24T22:52:49.760861309Z	56152	0																			
1124	2026-09-24T22:52:49.810830018Z	56201	0																			
1125	2026-09-24T22:52:49.861433365Z	56252	0																			
1126	2026-09-24T22:52:49.911179372Z	56302	0																			
1127	2026-09-24T22:52:49.961099581Z	56352	0																			
1128	2026-09-24T22:52:50.011139832Z	56402	0																			
1129	2026-09-24T22:52:50.060888774Z	56452	0																			
1130	2026-09-24T22:52:50.110697908Z	56501	0																			
1131	2026-09-24T22:52:50.16139059Z	56552	0																			
1132	2026-09-24T22:52:50.211050886Z	56602	0																			
1133	2026-09-24T22:52:50.26096775Z	56652	0																			
1134	2026-09-24T22:52:50.310841039Z	56701	0																			
1135	2026-09-24T22:52:50.361508424Z	56752	0																			
1136	2026-09-24T22:52:50.411117325Z	56802	0																			
1137	2026-09-24T22:52:50.460850209Z	56851	0																			
1138	2026-09-24T22:52:50.511524722Z	56902	0																			
1139	2026-09-24T22:52:50.561136611Z	56952	0																			
1140	2026-09-24T22:52:50.610703744Z	57001	0																			
1141	2026-09-24T22:52:50.660553309Z	57051	0																			
1142	2026-09-24T22:52:50.711402772Z	57102	0																			
1143	2026-09-24T22:52:50.761207994Z	57152	0																			
1144	2026-09-24T22:52:50.81114214Z	57202	0																			
1145	2026-09-24T22:52:50.861122106Z	57252	0																			
1146	2026-09-24T22:52:50.91078002Z	57301	0																			
1147	2026-09-24T22:52:50.961461315Z	57352	0																			
1148	2026-09-24T22:52:51.011214816Z	57402	0																			
1149	2026-09-24T22:52:51.061114828Z	57452	0																			
1150	2026-09-24T22:52:51.110832127Z	57501	0																			
1151	2026-09-24T22:52:51.161496105Z	57552	0																			
1152	2026-09-24T22:52:51.211194031Z	57602	0																			
1153	2026-09-24T22:52:51.260824534Z	57651	0																			
1154	2026-09-24T22:52:51.311073304Z	57702	0																			
1155	2026-09-24T22:52:51.36064564Z	57751	0																			
1156	2026-09-24T22:52:51.411513815Z	57802	0																			
1157	2026-09-24T22:52:51.461490513Z	57852	0																			
1158	2026-09-24T22:52:51.510905547Z	57902	0																			
1159	2026-09-24T22:52:51.560914064Z	57952	0																			
1160	2026-09-24T22:52:51.610701008Z	58001	0																			
1161	2026-09-24T22:52:51.661515083Z	58052	0																			
1162	2026-09-24T22:52:51.711153127Z	58102	0																			
1163	2026-09-24T22:52:51.761019628Z	58152	0																			
1164	2026-09-24T22:52:51.810793446Z	58201	0																			
1165	2026-09-24T22:52:51.860951695Z	58252	0																			
1166	2026-09-24T22:52:51.910711562Z	58301	0																			
1167	2026-09-24T22:52:51.961409552Z	58352	0																			
1168	2026-09-24T22:52:52.011095208Z	58402	0																			
1169	2026-09-24T22:52:52.060789361Z	58451	0																			
1170	2026-09-24T22:52:52.111510928Z	58502	0																			
1171	2026-09-24T22:52:52.16128351Z	58552	0																			
1172	2026-09-24T22:52:52.211048215Z	58602	0																			
1173	2026-09-24T22:52:52.262021452Z	58653	0																			
1174	2026-09-24T22:52:52.310797907Z	58701	0																			
1175	2026-09-24T22:52:52.360769989Z	58751	0																			
1176	2026-09-24T22:52:52.410866096Z	58802	0																			
1177	2026-09-24T22:52:52.461175157Z	58852	0																			
1178	2026-09-24T22:52:52.510945247Z	58902	0																			
1179	2026-09-24T22:52:52.56064545Z	58951	0																			
1180	2026-09-24T22:52:52.611302744Z	59002	0																			
1181	2026-09-24T22:52:52.660939403Z	59052	0																			
1182	2026-09-24T22:52:52.710515632Z	59101	0																			
1183	2026-09-24T22:52:52.761288932Z	59152	0																			
1184	2026-09-24T22:52:52.81094403Z	59202	0																			
1185	2026-09-24T22:52:52.860714942Z	59251	0																			
1186	2026-09-24T22:52:52.910539749Z	59301	0																			
1187	2026-09-24T22:52:52.961215879Z	59352	0																			
1188	2026-09-24T22:52:53.01143554Z	59402	0																			
1189	2026-09-24T22:52:53.061215536Z	59452	0																			
1190	2026-09-24T22:52:53.111006242Z	59502	0																			
1191	2026-09-24T22:52:53.160850892Z	59551	0																			
1192	2026-09-24T22:52:53.210802493Z	59601	0																			
1193	2026-09-24T22:52:53.260514321Z	59651	0																			
1194	2026-09-24T22:52:53.310857863Z	59702	0																			
1195	2026-09-24T22:52:53.360764584Z	59751	0																			
1196	2026-09-24T22:52:53.410522954Z	59801	0																			
1197	2026-09-24T22:52:53.461237389Z	59852	0																			
1198	2026-09-24T22:52:53.510908167Z	59902	0																			
1199	2026-09-24T22:52:53.560621108Z	59951	0																			
1200	2026-09-24T22:52:53.611626727Z	60002	0																			
1201	2026-09-24T22:52:53.660940131Z	60052	0																			
1202	2026-09-24T22:52:53.710517313Z	60101	0																			
1203	2026-09-24T22:52:53.761231855Z	60152	0																			
1204	2026-09-24T22:52:53.810930423Z	60202	0																			
1205	2026-09-24T22:52:53.860882292Z	60252	0																			
1206	2026-09-24T22:52:53.911533069Z	60302	0																			
1207	2026-09-24T22:52:53.961302208Z	60352	0																			
1208	2026-09-24T22:52:54.0110311Z	60402	0																			
1209	2026-09-24T22:52:54.060858012Z	60452	0																			
1210	2026-09-24T22:52:54.110476279Z	60501	0																			
1211	2026-09-24T22:52:54.161114164Z	60552	0																			
1212	2026-09-24T22:52:54.210845403Z	60601	0																			
1213	2026-09-24T22:52:54.261514774Z	60652	0																			
1214	2026-09-24T22:52:54.310555713Z	60701	0																			
1215	2026-09-24T22:52:54.36121098Z	60752	0																			
1216	2026-09-24T22:52:54.410888933Z	60802	0																			
1217	2026-09-24T22:52:54.461519991Z	60852	0																			
1218	2026-09-24T22:52:54.511403672Z	60902	0																			
1219	2026-09-24T22:52:54.561030446Z	60952	0																			
1220	2026-09-24T22:52:54.610704686Z	61001	0																			
1221	2026-09-24T22:52:54.661404729Z	61052	0																			
1222	2026-09-24T22:52:54.711032653Z	61102	0																			
1223	2026-09-24T22:52:54.760919827Z	61152	0																			
1224	2026-09-24T22:52:54.81065689Z	61201	0																			
1225	2026-09-24T22:52:54.861406797Z	61252	0																			
1226	2026-09-24T22:52:54.910957004Z	61302	0																			
1227	2026-09-24T22:52:54.960533792Z	61351	0																			
1228	2026-09-24T22:52:55.011227615Z	61402	0																			
1229	2026-09-24T22:52:55.060949407Z	61452	0																			
1230	2026-09-24T22:52:55.110589224Z	61501	0																			
1231	2026-09-24T22:52:55.161309961Z	61552	0																			
1232	2026-09-24T22:52:55.211027544Z	61602	0																			
1233	2026-09-24T22:52:55.260711883Z	61651	0																			
1234	2026-09-24T22:52:55.311426472Z	61702	0																			
1235	2026-09-24T22:52:55.361164737Z	61752	0																			
1236	2026-09-24T22:52:55.41087466Z	61802	0																			
1237	2026-09-24T22:52:55.460943701Z	61852	0																			
1238	2026-09-24T22:52:55.510604221Z	61901	0																			
1239	2026-09-24T22:52:55.561400486Z	61952	0																			
1240	2026-09-24T22:52:55.611275773Z	62002	0																			
1241	2026-09-24T22:52:55.660987705Z	62052	0																			
1242	2026-09-24T22:52:55.710477545Z	62101	0																			
1243	2026-09-24T22:52:55.761162807Z	62152	0																			
1244	2026-09-24T22:52:55.810848246Z	62201	0																			
1245	2026-09-24T22:52:55.860503513Z	62251	0																			
1246	2026-09-24T22:52:55.911283589Z	62302	0																			
1247	2026-09-24T22:52:55.961338955Z	62352	0																			
1248	2026-09-24T22:52:56.011438814Z	62402	0																			
1249	2026-09-24T22:52:56.061083542Z	62452	0																			
1250	2026-09-24T22:52:56.110700635Z	62501	0																			
1251	2026-09-24T22:52:56.161394688Z	62552	0																			
1252	2026-09-24T22:52:56.210947586Z	62602	0																			
1253	2026-09-24T22:52:56.26076348Z	62651	0																			
1254	2026-09-24T22:52:56.311474005Z	62702	0																			
1255	2026-09-24T22:52:56.361282073Z	62752	0																			
1256	2026-09-24T22:52:56.410959242Z	62802	0																			
1257	2026-09-24T22:52:56.460613902Z	62851	0																			
1258	2026-09-24T22:52:56.511288963Z	62902	0																			
1259	2026-09-24T22:52:56.561011444Z	62952	0																			
1260	2026-09-24T22:52:56.610671937Z	63001	0																			
1261	2026-09-24T22:52:56.661295058Z	63052	0																			
1262	2026-09-24T22:52:56.710995762Z	63102	0																			
1263	2026-09-24T22:52:56.760636843Z	63151	0																			
1264	2026-09-24T22:52:56.811304771Z	63202	0																			
1265	2026-09-24T22:52:56.860991479Z	63252	0																			
1266	2026-09-24T22:52:56.910645669Z	63301	0																			
1267	2026-09-24T22:52:56.961289922Z	63352	0																			
1268	2026-09-24T22:52:57.011426458Z	63402	0																			
1269	2026-09-24T22:52:57.061232567Z	63452	0																			
1270	2026-09-24T22:52:57.110889813Z	63502	0																			
1271	2026-09-24T22:52:57.160491768Z	63551	0																			
1272	2026-09-24T22:52:57.211176238Z	63602	0																			
1273	2026-09-24T22:52:57.260822987Z	63651	0																			
1274	2026-09-24T22:52:57.311530404Z	63702	0																			
1275	2026-09-24T22:52:57.361401828Z	63752	0																			
1276	2026-09-24T22:52:57.411038255Z	63802	0																			
1277	2026-09-24T22:52:57.460789291Z	63851	0																			
1278	2026-09-24T22:52:57.511483917Z	63902	0																			
1279	2026-09-24T22:52:57.561105739Z	63952	0																			
1280	2026-09-24T22:52:57.610790597Z	64001	0																			
1281	2026-09-24T22:52:57.661442353Z	64052	0																			
1282	2026-09-24T22:52:57.710758614Z	64101	0																			
1283	2026-09-24T22:52:57.761428326Z	64152	0																			
1284	2026-09-24T22:52:57.811069237Z	64202	0																			
1285	2026-09-24T22:52:57.860738399Z	64251	0																			
1286	2026-09-24T22:52:57.911386371Z	64302	0																			
1287	2026-09-24T22:52:57.96104752Z	64352	0																			
1288	2026-09-24T22:52:58.010801436Z	64401	0																			
1289	2026-09-24T22:52:58.060538723Z	64451	0																			
1290	2026-09-24T22:52:58.111292127Z	64502	0																			
1291	2026-09-24T22:52:58.161099009Z	64552	0																			
1292	2026-09-24T22:52:58.210751149Z	64601	0																			
1293	2026-09-24T22:52:58.261839018Z	64652	0																			
1294	2026-09-24T22:52:58.311078951Z	64702	0																			
1295	2026-09-24T22:52:58.360772785Z	64751	0																			
1296	2026-09-24T22:52:58.411405197Z	64802	0																			
1297	2026-09-24T22:52:58.460965142Z	64852	0																			
1298	2026-09-24T22:52:58.510667336Z	64901	0																			
1299	2026-09-24T22:52:58.561316544Z	64952	0																			
1300	2026-09-24T22:52:58.610999456Z	65002	0																			
1301	2026-09-24T22:52:58.660572545Z	65051	0																			
1302	2026-09-24T22:52:58.711176361Z	65102	0																			
1303	2026-09-24T22:52:58.76080424Z	65151	0																			
1304	2026-09-24T22:52:58.811474281Z	65202	0																			
1305	2026-09-24T22:52:58.861193018Z	65252	0																			
1306	2026-09-24T22:52:58.910926335Z	65302	0																			
1307	2026-09-24T22:52:58.961159279Z	65352	0																			
1308	2026-09-24T22:52:59.010851288Z	65401	0																			
1309	2026-09-24T22:52:59.060642717Z	65451	0																			
1310	2026-09-24T22:52:59.111307134Z	65502	0																			
1311	2026-09-24T22:52:59.160951978Z	65552	0																			
1312	2026-09-24T22:52:59.21052864Z	65601	0																			
1313	2026-09-24T22:52:59.261146479Z	65652	0																			
1314	2026-09-24T22:52:59.310854592Z	65701	0																			
1315	2026-09-24T22:52:59.360495997Z	65751	0																			
1316	2026-09-24T22:52:59.411144447Z	65802	0																			
1317	2026-09-24T22:52:59.460798869Z	65851	0																			
1318	2026-09-24T22:52:59.511425062Z	65902	0																			
1319	2026-09-24T22:52:59.561066695Z	65952	0																			
1320	2026-09-24T22:52:59.6107456Z	66001	0																			
1321	2026-09-24T22:52:59.661392232Z	66052	0																			
1322	2026-09-24T22:52:59.711059655Z	66102	0																			
1323	2026-09-24T22:52:59.760747913Z	66151	0																			
1324	2026-09-24T22:52:59.811527831Z	66202	0																			
1325	2026-09-24T22:52:59.861102508Z	66252	0																			
1326	2026-09-24T22:52:59.910730471Z	66301	0																			
1327	2026-09-24T22:52:59.961434743Z	66352	0																			
1328	2026-09-24T22:53:00.011146546Z	66402	0																			
1329	2026-09-24T22:53:00.061277607Z	66452	0																			
1330	2026-09-24T22:53:00.111032725Z	66502	0																			
1331	2026-09-24T22:53:00.160869861Z	66552	0																			
1332	2026-09-24T22:53:00.210522207Z	66601	0																			
1333	2026-09-24T22:53:00.261503308Z	66652	0																			
1334	2026-09-24T22:53:00.311367462Z	66702	0																			
1335	2026-09-24T22:53:00.36124962Z	66752	0																			
1336	2026-09-24T22:53:00.410954858Z	66802	0																			
1337	2026-09-24T22:53:00.460641064Z	66851	0																			
1338	2026-09-24T22:53:00.511363079Z	66902	0																			
1339	2026-09-24T22:53:00.561037787Z	66952	0																			
1340	2026-09-24T22:53:00.610747138Z	67001	0																			
1341	2026-09-24T22:53:00.661455376Z	67052	0																			
1342	2026-09-24T22:53:00.711162729Z	67102	0																			
1343	2026-09-24T22:53:00.76086035Z	67152	0																			
1344	2026-09-24T22:53:00.811523629Z	67202	0																			
1345	2026-09-24T22:53:00.861139506Z	67252	0																			
1346	2026-09-24T22:53:00.910731419Z	67301	0																			
1347	2026-09-24T22:53:00.960682055Z	67351	0																			
1348	2026-09-24T22:53:01.011383096Z	67402	0																			
1349	2026-09-24T22:53:01.06110536Z	67452	0																			
1350	2026-09-24T22:53:01.110859888Z	67502	0																			
1351	2026-09-24T22:53:01.161349983Z	67552	0																			
1352	2026-09-24T22:53:01.210857958Z	67602	0																			
1353	2026-09-24T22:53:01.261540621Z	67652	0																			
1354	2026-09-24T22:53:01.311245735Z	67702	0																			
1355	2026-09-24T22:53:01.360918638Z	67752	0																			
1356	2026-09-24T22:53:01.410604525Z	67801	0																			
1357	2026-09-24T22:53:01.461253594Z	67852	0																			
1358	2026-09-24T22:53:01.511028211Z	67902	0																			
1359	2026-09-24T22:53:01.560748782Z	67951	0																			
1360	2026-09-24T22:53:01.611387597Z	68002	0																			
1361	2026-09-24T22:53:01.661063979Z	68052	0																			
1362	2026-09-24T22:53:01.710741438Z	68101	0																			
1363	2026-09-24T22:53:01.761342922Z	68152	0																			
1364	2026-09-24T22:53:01.810946756Z	68202	0																			
1365	2026-09-24T22:53:01.860542519Z	68251	0																			
1366	2026-09-24T22:53:01.911206583Z	68302	0																			
1367	2026-09-24T22:53:01.960935355Z	68352	0																			
1368	2026-09-24T22:53:02.010500984Z	68401	0																			
1369	2026-09-24T22:53:02.061266958Z	68452	0																			
1370	2026-09-24T22:53:02.110956577Z	68502	0																			
1371	2026-09-24T22:53:02.160547148Z	68551	0																			
1372	2026-09-24T22:53:02.211247783Z	68602	0																			
1373	2026-09-24T22:53:02.260879251Z	68652	0																			
1374	2026-09-24T22:53:02.310499365Z	68701	0																			
1375	2026-09-24T22:53:02.361168792Z	68752	0																			
1376	2026-09-24T22:53:02.410894692Z	68802	0																			
1377	2026-09-24T22:53:02.460606115Z	68851	0																			
1378	2026-09-24T22:53:02.511306487Z	68902	0																			
1379	2026-09-24T22:53:02.560938543Z	68952	0																			
1380	2026-09-24T22:53:02.610626041Z	69001	0																			
1381	2026-09-24T22:53:02.661274652Z	69052	0																			
1382	2026-09-24T22:53:02.71090262Z	69102	0																			
1383	2026-09-24T22:53:02.760507331Z	69151	0																			
1384	2026-09-24T22:53:02.81113692Z	69202	0																			
1385	2026-09-24T22:53:02.860718302Z	69251	0																			
1386	2026-09-24T22:53:02.911504838Z	69302	0																			
1387	2026-09-24T22:53:02.961208959Z	69352	0																			
1388	2026-09-24T22:53:03.010903803Z	69402	0																			
1389	2026-09-24T22:53:03.060532718Z	69451	0																			
1390	2026-09-24T22:53:03.111163263Z	69502	0																			
1391	2026-09-24T22:53:03.160833506Z	69551	0																			
1392	2026-09-24T22:53:03.210508131Z	69601	0																			
1393	2026-09-24T22:53:03.261621461Z	69652	0																			
1394	2026-09-24T22:53:03.311370592Z	69702	0																			
1395	2026-09-24T22:53:03.360973777Z	69752	0																			
1396	2026-09-24T22:53:03.410636172Z	69801	0																			
1397	2026-09-24T22:53:03.461409361Z	69852	0																			
1398	2026-09-24T22:53:03.510508502Z	69901	0																			
1399	2026-09-24T22:53:03.561160488Z	69952	0																			
1400	2026-09-24T22:53:03.610874881Z	70002	0																			
1401	2026-09-24T22:53:03.661435765Z	70052	0																			
1402	2026-09-24T22:53:03.711115925Z	70102	0																			
1403	2026-09-24T22:53:03.760768536Z	70151	0																			
1404	2026-09-24T22:53:03.811449573Z	70202	0																			
1405	2026-09-24T22:53:03.861048573Z	70252	0																			
1406	2026-09-24T22:53:03.910771036Z	70301	0																			
1407	2026-09-24T22:53:03.960809236Z	70351	0																			
1408	2026-09-24T22:53:04.011430472Z	70402	0																			
1409	2026-09-24T22:53:04.06115878Z	70452	0																			
1410	2026-09-24T22:53:04.110872946Z	70502	0																			
1411	2026-09-24T22:53:04.161512089Z	70552	0																			
1412	2026-09-24T22:53:04.211124312Z	70602	0																			
1413	2026-09-24T22:53:04.260768984Z	70651	0																			
1414	2026-09-24T22:53:04.311441969Z	70702	0																			
1415	2026-09-24T22:53:04.361124856Z	70752	0																			
1416	2026-09-24T22:53:04.410795067Z	70801	0																			
1417	2026-09-24T22:53:04.461394883Z	70852	0																			
1418	2026-09-24T22:53:04.511043241Z	70902	0																			
1419	2026-09-24T22:53:04.560703743Z	70951	0																			
1420	2026-09-24T22:53:04.611385808Z	71002	0																			
1421	2026-09-24T22:53:04.661017656Z	71052	0																			
1422	2026-09-24T22:53:04.710694334Z	71101	0																			
1423	2026-09-24T22:53:04.761356017Z	71152	0																			
1424	2026-09-24T22:53:04.811095598Z	71202	0																			
1425	2026-09-24T22:53:04.86079666Z	71251	0																			
1426	2026-09-24T22:53:04.911433893Z	71302	0																			
1427	2026-09-24T22:53:04.961187803Z	71352	0																			
1428	2026-09-24T22:53:05.010930822Z	71402	0																			
1429	2026-09-24T22:53:05.06070198Z	71451	0																			
1430	2026-09-24T22:53:05.111441815Z	71502	0																			
1431	2026-09-24T22:53:05.161178005Z	71552	0																			
1432	2026-09-24T22:53:05.21102616Z	71602	0																			
1433	2026-09-24T22:53:05.260763209Z	71651	0																			
1434	2026-09-24T22:53:05.310635617Z	71701	0																			
1435	2026-09-24T22:53:05.361529795Z	71752	0																			
1436	2026-09-24T22:53:05.41117177Z	71802	0																			
1437	2026-09-24T22:53:05.460974514Z	71852	0																			
1438	2026-09-24T22:53:05.510785937Z	71901	0																			
1439	2026-09-24T22:53:05.561463922Z	71952	0																			
1440	2026-09-24T22:53:05.611111138Z	72002	0																			
1441	2026-09-24T22:53:05.66086098Z	72052	0																			
1442	2026-09-24T22:53:05.710539118Z	72101	0																			
1443	2026-09-24T22:53:05.761370572Z	72152	0																			
1444	2026-09-24T22:53:05.811104238Z	72202	0																			
1445	2026-09-24T22:53:05.860868983Z	72252	0																			
1446	2026-09-24T22:53:05.910679133Z	72301	0																			
1447	2026-09-24T22:53:05.960911627Z	72352	0																			
1448	2026-09-24T22:53:06.01150754Z	72402	0																			
1449	2026-09-24T22:53:06.061098252Z	72452	0																			
1450	2026-09-24T22:53:06.11078606Z	72501	0																			
1451	2026-09-24T22:53:06.161456337Z	72552	0																			
1452	2026-09-24T22:53:06.211239346Z	72602	0																			
1453	2026-09-24T22:53:06.260872847Z	72652	0																			
1454	2026-09-24T22:53:06.310524447Z	72701	0																			
1455	2026-09-24T22:53:06.361234035Z	72752	0																			
1456	2026-09-24T22:53:06.410943958Z	72802	0																			
1457	2026-09-24T22:53:06.460599717Z	72851	0																			
1458	2026-09-24T22:53:06.511317421Z	72902	0																			
1459	2026-09-24T22:53:06.561000224Z	72952	0																			
1460	2026-09-24T22:53:06.610670963Z	73001	0																			
1461	2026-09-24T22:53:06.661398009Z	73052	0																			
1462	2026-09-24T22:53:06.711050138Z	73102	0																			
1463	2026-09-24T22:53:06.760704857Z	73151	0																			
1464	2026-09-24T22:53:06.811329915Z	73202	0																			
1465	2026-09-24T22:53:06.861043533Z	73252	0																			
1466	2026-09-24T22:53:06.910738295Z	73301	0																			
1467	2026-09-24T22:53:06.961411129Z	73352	0																			
1468	2026-09-24T22:53:07.011068823Z	73402	0																			
1469	2026-09-24T22:53:07.060885091Z	73452	0																			
1470	2026-09-24T22:53:07.110490039Z	73501	0																			
1471	2026-09-24T22:53:07.16119547Z	73552	0																			
1472	2026-09-24T22:53:07.210864802Z	73602	0																			
1473	2026-09-24T22:53:07.262959652Z	73654	0																			
1474	2026-09-24T22:53:07.310795378Z	73701	0																			
1475	2026-09-24T22:53:07.361504652Z	73752	0																			
1476	2026-09-24T22:53:07.411150042Z	73802	0																			
1477	2026-09-24T22:53:07.460830593Z	73851	0																			
1478	2026-09-24T22:53:07.511538424Z	73902	0																			
1479	2026-09-24T22:53:07.561279584Z	73952	0																			
1480	2026-09-24T22:53:07.611199468Z	74002	0																			
1481	2026-09-24T22:53:07.660928072Z	74052	0																			
1482	2026-09-24T22:53:07.710619561Z	74101	0																			
1483	2026-09-24T22:53:07.76125628Z	74152	0																			
1484	2026-09-24T22:53:07.81096956Z	74202	0																			
1485	2026-09-24T22:53:07.860718802Z	74251	0																			
1486	2026-09-24T22:53:07.911425935Z	74302	0																			
1487	2026-09-24T22:53:07.961090521Z	74352	0																			
1488	2026-09-24T22:53:08.010789265Z	74401	0																			
1489	2026-09-24T22:53:08.060635912Z	74451	0																			
1490	2026-09-24T22:53:08.111309377Z	74502	0																			
1491	2026-09-24T22:53:08.160929814Z	74552	0																			
1492	2026-09-24T22:53:08.210625002Z	74601	0																			
1493	2026-09-24T22:53:08.261320746Z	74652	0																			
1494	2026-09-24T22:53:08.31097584Z	74702	0																			
1495	2026-09-24T22:53:08.360684369Z	74751	0																			
1496	2026-09-24T22:53:08.411384229Z	74802	0																			
1497	2026-09-24T22:53:08.461106546Z	74852	0																			
1498	2026-09-24T22:53:08.51086173Z	74902	0																			
1499	2026-09-24T22:53:08.560518583Z	74951	0																			
1500	2026-09-24T22:53:08.61124853Z	75002	0																			
1501	2026-09-24T22:53:08.660963345Z	75052	0																			
1502	2026-09-24T22:53:08.710631642Z	75101	0																			
1503	2026-09-24T22:53:08.761380316Z	75152	0																			
1504	2026-09-24T22:53:08.81115928Z	75202	0																			
1505	2026-09-24T22:53:08.860906055Z	75252	0																			
1506	2026-09-24T22:53:08.910630128Z	75301	0																			
1507	2026-09-24T22:53:08.961379155Z	75352	0																			
1508	2026-09-24T22:53:09.01076595Z	75401	0																			
1509	2026-09-24T22:53:09.060535784Z	75451	0																			
1510	2026-09-24T22:53:09.111251122Z	75502	0																			
1511	2026-09-24T22:53:09.160964336Z	75552	0																			
1512	2026-09-24T22:53:09.210717093Z	75601	0																			
1513	2026-09-24T22:53:09.261376172Z	75652	0																			
1514	2026-09-24T22:53:09.310789312Z	75701	0																			
1515	2026-09-24T22:53:09.361464437Z	75752	0																			
1516	2026-09-24T22:53:09.411205999Z	75802	0																			
1517	2026-09-24T22:53:09.460880399Z	75852	0																			
1518	2026-09-24T22:53:09.510528112Z	75901	0																			
1519	2026-09-24T22:53:09.561219454Z	75952	0																			
1520	2026-09-24T22:53:09.610867465Z	76002	0																			
1521	2026-09-24T22:53:09.660494668Z	76051	0																			
1522	2026-09-24T22:53:09.711236138Z	76102	0																			
1523	2026-09-24T22:53:09.760920129Z	76152	0																			
1524	2026-09-24T22:53:09.810627221Z	76201	0																			
1525	2026-09-24T22:53:09.861313269Z	76252	0																			
1526	2026-09-24T22:53:09.910932616Z	76302	0																			
1527	2026-09-24T22:53:09.960624998Z	76351	0																			
1528	2026-09-24T22:53:10.011299801Z	76402	0																			
1529	2026-09-24T22:53:10.06102116Z	76452	0																			
1530	2026-09-24T22:53:10.110798637Z	76501	0																			
1531	2026-09-24T22:53:10.161501935Z	76552	0																			
1532	2026-09-24T22:53:10.211114406Z	76602	0																			
1533	2026-09-24T22:53:10.260778378Z	76651	0																			
1534	2026-09-24T22:53:10.310709853Z	76701	0																			
1535	2026-09-24T22:53:10.360497755Z	76751	0																			
1536	2026-09-24T22:53:10.411255232Z	76802	0																			
1537	2026-09-24T22:53:10.460917854Z	76852	0																			
1538	2026-09-24T22:53:10.510536644Z	76901	0																			
1539	2026-09-24T22:53:10.561274053Z	76952	0																			
1540	2026-09-24T22:53:10.61097624Z	77002	0																			
1541	2026-09-24T22:53:10.660622025Z	77051	0																			
1542	2026-09-24T22:53:10.711216606Z	77102	0																			
1543	2026-09-24T22:53:10.760968247Z	77152	0																			
1544	2026-09-24T22:53:10.81068066Z	77201	0																			
1545	2026-09-24T22:53:10.861312247Z	77252	0																			
1546	2026-09-24T22:53:10.911157324Z	77302	0																			
1547	2026-09-24T22:53:10.960907861Z	77352	0																			
1548	2026-09-24T22:53:11.01053118Z	77401	0																			
1549	2026-09-24T22:53:11.061182999Z	77452	0																			
1550	2026-09-24T22:53:11.110881182Z	77502	0																			
1551	2026-09-24T22:53:11.160529224Z	77551	0																			
1552	2026-09-24T22:53:11.211255661Z	77602	0																			
1553	2026-09-24T22:53:11.262132367Z	77653	0																			
1554	2026-09-24T22:53:11.310927627Z	77702	0																			
1555	2026-09-24T22:53:11.360547577Z	77751	0																			
1556	2026-09-24T22:53:11.411239792Z	77802	0																			
1557	2026-09-24T22:53:11.460931957Z	77852	0																			
1558	2026-09-24T22:53:11.510542754Z	77901	0																			
1559	2026-09-24T22:53:11.561183026Z	77952	0																			
1560	2026-09-24T22:53:11.610867516Z	78002	0																			
1561	2026-09-24T22:53:11.660481039Z	78051	0																			
1562	2026-09-24T22:53:11.711121342Z	78102	0																			
1563	2026-09-24T22:53:11.760784897Z	78151	0																			
1564	2026-09-24T22:53:11.811409146Z	78202	0																			
1565	2026-09-24T22:53:11.861045626Z	78252	0																			
1566	2026-09-24T22:53:11.910875005Z	78302	0																			
1567	2026-09-24T22:53:11.960650417Z	78351	0																			
1568	2026-09-24T22:53:12.011422384Z	78402	0																			
1569	2026-09-24T22:53:12.061132265Z	78452	0																			
1570	2026-09-24T22:53:12.110779854Z	78501	0																			
1571	2026-09-24T22:53:12.161453279Z	78552	0																			
1572	2026-09-24T22:53:12.211136142Z	78602	0																			
1573	2026-09-24T22:53:12.261389228Z	78652	0																			
1574	2026-09-24T22:53:12.311033396Z	78702	0																			
1575	2026-09-24T22:53:12.36074117Z	78751	0																			
1576	2026-09-24T22:53:12.411430404Z	78802	0																			
1577	2026-09-24T22:53:12.461223103Z	78852	0																			
1578	2026-09-24T22:53:12.510779019Z	78901	0																			
1579	2026-09-24T22:53:12.561465272Z	78952	0																			
1580	2026-09-24T22:53:12.611118568Z	79002	0																			
1581	2026-09-24T22:53:12.660822097Z	79051	0																			
1582	2026-09-24T22:53:12.710587867Z	79101	0																			
1583	2026-09-24T22:53:12.761311855Z	79152	0																			
1584	2026-09-24T22:53:12.811017069Z	79202	0																			
1585	2026-09-24T22:53:12.8606959Z	79251	0																			
1586	2026-09-24T22:53:12.911448693Z	79302	0																			
1587	2026-09-24T22:53:12.961374772Z	79352	0																			
1588	2026-09-24T22:53:13.011002756Z	79402	0																			
1589	2026-09-24T22:53:13.060798485Z	79451	0																			
1590	2026-09-24T22:53:13.111475693Z	79502	0																			
1591	2026-09-24T22:53:13.161200879Z	79552	0																			
1592	2026-09-24T22:53:13.210943224Z	79602	0																			
1593	2026-09-24T22:53:13.260648351Z	79651	0																			
1594	2026-09-24T22:53:13.311253926Z	79702	0																			
1595	2026-09-24T22:53:13.360888596Z	79752	0																			
1596	2026-09-24T22:53:13.410508239Z	79801	0																			
1597	2026-09-24T22:53:13.461189164Z	79852	0																			
1598	2026-09-24T22:53:13.510897362Z	79902	0																			
1599	2026-09-24T22:53:13.560521912Z	79951	0																			
1600	2026-09-24T22:53:13.611163756Z	80002	0																			
1601	2026-09-24T22:53:13.66067558Z	80051	0																			
1602	2026-09-24T22:53:13.711369446Z	80102	0																			
1603	2026-09-24T22:53:13.761020526Z	80152	0																			
1604	2026-09-24T22:53:13.810699199Z	80201	0																			
1605	2026-09-24T22:53:13.861358357Z	80252	0																			
1606	2026-09-24T22:53:13.910994847Z	80302	0																			
1607	2026-09-24T22:53:13.960626298Z	80351	0																			
1608	2026-09-24T22:53:14.011312981Z	80402	0																			
1609	2026-09-24T22:53:14.061009065Z	80452	0																			
1610	2026-09-24T22:53:14.110715562Z	80501	0																			
1611	2026-09-24T22:53:14.161380681Z	80552	0																			
1612	2026-09-24T22:53:14.211005547Z	80602	0																			
1613	2026-09-24T22:53:14.260689716Z	80651	0																			
1614	2026-09-24T22:53:14.311103298Z	80702	0																			
1615	2026-09-24T22:53:14.360781038Z	80751	0																			
1616	2026-09-24T22:53:14.411472967Z	80802	0																			
1617	2026-09-24T22:53:14.461224912Z	80852	0																			
1618	2026-09-24T22:53:14.510926071Z	80902	0																			
1619	2026-09-24T22:53:14.560501924Z	80951	0																			
1620	2026-09-24T22:53:14.611194299Z	81002	0																			
1621	2026-09-24T22:53:14.660787193Z	81051	0																			
1622	2026-09-24T22:53:14.711484778Z	81102	0																			
1623	2026-09-24T22:53:14.761240069Z	81152	0																			
1624	2026-09-24T22:53:14.810934953Z	81202	0																			
1625	2026-09-24T22:53:14.8606218Z	81251	0																			
1626	2026-09-24T22:53:14.911203098Z	81302	0																			
1627	2026-09-24T22:53:14.960869218Z	81352	0																			
1628	2026-09-24T22:53:15.010649077Z	81401	0																			
1629	2026-09-24T22:53:15.061326764Z	81452	0																			
1630	2026-09-24T22:53:15.111016881Z	81502	0																			
1631	2026-09-24T22:53:15.160778931Z	81551	0																			
1632	2026-09-24T22:53:15.211483366Z	81602	0																			
1633	2026-09-24T22:53:15.261107369Z	81652	0																			
1634	2026-09-24T22:53:15.310775652Z	81701	0																			
1635	2026-09-24T22:53:15.361474089Z	81752	0																			
1636	2026-09-24T22:53:15.411107353Z	81802	0																			
1637	2026-09-24T22:53:15.46076674Z	81851	0																			
1638	2026-09-24T22:53:15.511380782Z	81902	0																			
1639	2026-09-24T22:53:15.561001317Z	81952	0																			
1640	2026-09-24T22:53:15.61067013Z	82001	0																			
1641	2026-09-24T22:53:15.661327681Z	82052	0																			
1642	2026-09-24T22:53:15.711169937Z	82102	0																			
1643	2026-09-24T22:53:15.760779331Z	82151	0																			
1644	2026-09-24T22:53:15.811473486Z	82202	0																			
1645	2026-09-24T22:53:15.861208978Z	82252	0																			
1646	2026-09-24T22:53:15.910788902Z	82301	0																			
1647	2026-09-24T22:53:15.961402578Z	82352	0																			
1648	2026-09-24T22:53:16.011128242Z	82402	0																			
1649	2026-09-24T22:53:16.060840993Z	82451	0																			
1650	2026-09-24T22:53:16.110495259Z	82501	0																			
1651	2026-09-24T22:53:16.161214766Z	82552	0																			
1652	2026-09-24T22:53:16.210953544Z	82602	0																			
1653	2026-09-24T22:53:16.260696546Z	82651	0																			
1654	2026-09-24T22:53:16.310773478Z	82701	0																			
1655	2026-09-24T22:53:16.361483323Z	82752	0																			
1656	2026-09-24T22:53:16.411180829Z	82802	0																			
1657	2026-09-24T22:53:16.460893399Z	82852	0																			
1658	2026-09-24T22:53:16.510802555Z	82901	0																			
1659	2026-09-24T22:53:16.561445761Z	82952	0																			
1660	2026-09-24T22:53:16.611240374Z	83002	0																			
1661	2026-09-24T22:53:16.660998146Z	83052	0																			
1662	2026-09-24T22:53:16.710699571Z	83101	0																			
1663	2026-09-24T22:53:16.761386171Z	83152	0																			
1664	2026-09-24T22:53:16.811096482Z	83202	0																			
1665	2026-09-24T22:53:16.860677716Z	83251	0																			
1666	2026-09-24T22:53:16.91130219Z	83302	0																			
1667	2026-09-24T22:53:16.96110524Z	83352	0																			
1668	2026-09-24T22:53:17.010864481Z	83402	0																			
1669	2026-09-24T22:53:17.060623311Z	83451	0																			
1670	2026-09-24T22:53:17.111289789Z	83502	0																			
1671	2026-09-24T22:53:17.160944592Z	83552	0																			
1672	2026-09-24T22:53:17.210627662Z	83601	0																			
1673	2026-09-24T22:53:17.261308573Z	83652	0																			
1674	2026-09-24T22:53:17.311305672Z	83702	0																			
1675	2026-09-24T22:53:17.360968285Z	83752	0																			
1676	2026-09-24T22:53:17.410676673Z	83801	0																			
1677	2026-09-24T22:53:17.460516699Z	83851	0																			
1678	2026-09-24T22:53:17.511210898Z	83902	0																			
1679	2026-09-24T22:53:17.560940711Z	83952	0																			
1680	2026-09-24T22:53:17.610655849Z	84001	0																			
1681	2026-09-24T22:53:17.661358333Z	84052	0																			
1682	2026-09-24T22:53:17.711011195Z	84102	0																			
1683	2026-09-24T22:53:17.760622704Z	84151	0																			
1684	2026-09-24T22:53:17.811375641Z	84202	0																			
1685	2026-09-24T22:53:17.861187613Z	84252	0																			
1686	2026-09-24T22:53:17.910816434Z	84301	0																			
1687	2026-09-24T22:53:17.960927458Z	84352	0																			
1688	2026-09-24T22:53:18.010536019Z	84401	0																			
1689	2026-09-24T22:53:18.061257902Z	84452	0																			
1690	2026-09-24T22:53:18.110844996Z	84501	0																			
1691	2026-09-24T22:53:18.161467342Z	84552	0																			
1692	2026-09-24T22:53:18.211149312Z	84602	0																			
1693	2026-09-24T22:53:18.261021314Z	84652	0																			
1694	2026-09-24T22:53:18.310713558Z	84701	0																			
1695	2026-09-24T22:53:18.361485295Z	84752	0																			
1696	2026-09-24T22:53:18.411075727Z	84802	0																			
1697	2026-09-24T22:53:18.460752533Z	84851	0																			
1698	2026-09-24T22:53:18.511433819Z	84902	0																			
1699	2026-09-24T22:53:18.561108234Z	84952	0																			
1700	2026-09-24T22:53:18.610852638Z	85001	0																			
1701	2026-09-24T22:53:18.661516936Z	85052	0																			
1702	2026-09-24T22:53:18.711181085Z	85102	0																			
1703	2026-09-24T22:53:18.760861411Z	85152	0																			
1704	2026-09-24T22:53:18.810534457Z	85201	0																			
1705	2026-09-24T22:53:18.861214184Z	85252	0																			
1706	2026-09-24T22:53:18.91080616Z	85301	0																			
1707	2026-09-24T22:53:18.961467258Z	85352	0																			
1708	2026-09-24T22:53:19.011274251Z	85402	0																			
1709	2026-09-24T22:53:19.0611956Z	85452	0																			
1710	2026-09-24T22:53:19.110944233Z	85502	0																			
1711	2026-09-24T22:53:19.160617799Z	85551	0																			
1712	2026-09-24T22:53:19.211337645Z	85602	0																			
1713	2026-09-24T22:53:19.260969485Z	85652	0																			
1714	2026-09-24T22:53:19.31086277Z	85702	0																			
1715	2026-09-24T22:53:19.361457666Z	85752	0																			
1716	2026-09-24T22:53:19.41112312Z	85802	0																			
1717	2026-09-24T22:53:19.460739339Z	85851	0																			
1718	2026-09-24T22:53:19.511501165Z	85902	0																			
1719	2026-09-24T22:53:19.561098418Z	85952	0																			
1720	2026-09-24T22:53:19.610706364Z	86001	0																			
1721	2026-09-24T22:53:19.661349651Z	86052	0																			
1722	2026-09-24T22:53:19.711025658Z	86102	0																			
1723	2026-09-24T22:53:19.760707339Z	86151	0																			
1724	2026-09-24T22:53:19.811406296Z	86202	0																			
1725	2026-09-24T22:53:19.861213844Z	86252	0																			
1726	2026-09-24T22:53:19.91076114Z	86301	0																			
1727	2026-09-24T22:53:19.961482652Z	86352	0																			
1728	2026-09-24T22:53:20.011160328Z	86402	0																			
1729	2026-09-24T22:53:20.060835436Z	86451	0																			
1730	2026-09-24T22:53:20.110644774Z	86501	0																			
1731	2026-09-24T22:53:20.161360197Z	86552	0																			
1732	2026-09-24T22:53:20.211043444Z	86602	0																			
1733	2026-09-24T22:53:20.260784585Z	86651	0																			
1734	2026-09-24T22:53:20.311507479Z	86702	0																			
1735	2026-09-24T22:53:20.361203306Z	86752	0																			
1736	2026-09-24T22:53:20.410837475Z	86801	0																			
1737	2026-09-24T22:53:20.461524989Z	86852	0																			
1738	2026-09-24T22:53:20.51124746Z	86902	0																			
1739	2026-09-24T22:53:20.560964986Z	86952	0																			
1740	2026-09-24T22:53:20.610672885Z	87001	0																			
1741	2026-09-24T22:53:20.661542113Z	87052	0																			
1742	2026-09-24T22:53:20.711241586Z	87102	0																			
1743	2026-09-24T22:53:20.760932873Z	87152	0																			
1744	2026-09-24T22:53:20.810632165Z	87201	0																			
1745	2026-09-24T22:53:20.861304918Z	87252	0																			
1746	2026-09-24T22:53:20.910992848Z	87302	0																			
1747	2026-09-24T22:53:20.960639549Z	87351	0																			
1748	2026-09-24T22:53:21.011375868Z	87402	0																			
1749	2026-09-24T22:53:21.06107356Z	87452	0																			
1750	2026-09-24T22:53:21.110923777Z	87502	0																			
1751	2026-09-24T22:53:21.160604072Z	87551	0																			
1752	2026-09-24T22:53:21.211352885Z	87602	0																			
1753	2026-09-24T22:53:21.261031408Z	87652	0																			
1754	2026-09-24T22:53:21.310703157Z	87701	0																			
1755	2026-09-24T22:53:21.361340087Z	87752	0																			
1756	2026-09-24T22:53:21.411072753Z	87802	0																			
1757	2026-09-24T22:53:21.460852573Z	87851	0																			
1758	2026-09-24T22:53:21.511479507Z	87902	0																			
1759	2026-09-24T22:53:21.561229914Z	87952	0																			
1760	2026-09-24T22:53:21.610864824Z	88002	0																			
1761	2026-09-24T22:53:21.66063976Z	88051	0																			
1762	2026-09-24T22:53:21.711235122Z	88102	0																			
1763	2026-09-24T22:53:21.760918516Z	88152	0																			
1764	2026-09-24T22:53:21.81067116Z	88201	0																			
1765	2026-09-24T22:53:21.861400363Z	88252	0																			
1766	2026-09-24T22:53:21.911097351Z	88302	0																			
1767	2026-09-24T22:53:21.96098864Z	88352	0																			
1768	2026-09-24T22:53:22.010748231Z	88401	0																			
1769	2026-09-24T22:53:22.061391632Z	88452	0																			
1770	2026-09-24T22:53:22.111136704Z	88502	0																			
1771	2026-09-24T22:53:22.160794782Z	88551	0																			
1772	2026-09-24T22:53:22.211442186Z	88602	0																			
1773	2026-09-24T22:53:22.261118281Z	88652	0																			
1774	2026-09-24T22:53:22.311494161Z	88702	0																			
1775	2026-09-24T22:53:22.361179276Z	88752	0																			
1776	2026-09-24T22:53:22.410946145Z	88802	0																			
1777	2026-09-24T22:53:22.460626608Z	88851	0																			
1778	2026-09-24T22:53:22.511262004Z	88902	0																			
1779	2026-09-24T22:53:22.561015369Z	88952	0																			
1780	2026-09-24T22:53:22.610687643Z	89001	0																			
1781	2026-09-24T22:53:22.661389863Z	89052	0																			
1782	2026-09-24T22:53:22.711029537Z	89102	0																			
1783	2026-09-24T22:53:22.760751041Z	89151	0																			
1784	2026-09-24T22:53:22.81149134Z	89202	0																			
1785	2026-09-24T22:53:22.861194831Z	89252	0																			
1786	2026-09-24T22:53:22.910931766Z	89302	0																			
1787	2026-09-24T22:53:22.961020306Z	89352	0																			
1788	2026-09-24T22:53:23.01061022Z	89401	0																			
1789	2026-09-24T22:53:23.061365752Z	89452	0																			
1790	2026-09-24T22:53:23.111144052Z	89502	0																			
1791	2026-09-24T22:53:23.160812546Z	89551	0																			
1792	2026-09-24T22:53:23.211525253Z	89602	0																			
1793	2026-09-24T22:53:23.26121362Z	89652	0																			
1794	2026-09-24T22:53:23.310878434Z	89702	0																			
1795	2026-09-24T22:53:23.36150005Z	89752	0																			
1796	2026-09-24T22:53:23.411265285Z	89802	0																			
1797	2026-09-24T22:53:23.461026788Z	89852	0																			
1798	2026-09-24T22:53:23.510707874Z	89901	0																			
1799	2026-09-24T22:53:23.561501961Z	89952	0																			
1800	2026-09-24T22:53:23.611191263Z	90002	0																			
1801	2026-09-24T22:53:23.660961854Z	90052	0																			
1802	2026-09-24T22:53:23.710621736Z	90101	0																			
1803	2026-09-24T22:53:23.761247678Z	90152	0																			
1804	2026-09-24T22:53:23.810942582Z	90202	0																			
1805	2026-09-24T22:53:23.860633344Z	90251	0																			
1806	2026-09-24T22:53:23.911452571Z	90302	0																			
1807	2026-09-24T22:53:23.961128238Z	90352	0																			
1808	2026-09-24T22:53:24.010840357Z	90401	0																			
1809	2026-09-24T22:53:24.061532933Z	90452	0																			
1810	2026-09-24T22:53:24.11130517Z	90502	0																			
1811	2026-09-24T22:53:24.161082761Z	90552	0																			
1812	2026-09-24T22:53:24.210826812Z	90601	0																			
1813	2026-09-24T22:53:24.260626526Z	90651	0																			
1814	2026-09-24T22:53:24.31131111Z	90702	0																			
1815	2026-09-24T22:53:24.360989833Z	90752	0																			
1816	2026-09-24T22:53:24.410625837Z	90801	0																			
1817	2026-09-24T22:53:24.461261888Z	90852	0																			
1818	2026-09-24T22:53:24.510958451Z	90902	0																			
1819	2026-09-24T22:53:24.560624595Z	90951	0																			
1820	2026-09-24T22:53:24.611395267Z	91002	0																			
1821	2026-09-24T22:53:24.661086293Z	91052	0																			
1822	2026-09-24T22:53:24.710819606Z	91101	0																			
1823	2026-09-24T22:53:24.76048372Z	91151	0																			
1824	2026-09-24T22:53:24.811191937Z	91202	0																			
1825	2026-09-24T22:53:24.860855214Z	91251	0																			
1826	2026-09-24T22:53:24.911430941Z	91302	0																			
1827	2026-09-24T22:53:24.961214388Z	91352	0																			
1828	2026-09-24T22:53:25.011093244Z	91402	0																			
1829	2026-09-24T22:53:25.0608256Z	91451	0																			
1830	2026-09-24T22:53:25.111488236Z	91502	0																			
1831	2026-09-24T22:53:25.161158023Z	91552	0																			
1832	2026-09-24T22:53:25.210805764Z	91601	0																			
1833	2026-09-24T22:53:25.260542714Z	91651	0																			
1834	2026-09-24T22:53:25.31084833Z	91701	0																			
1835	2026-09-24T22:53:25.36048205Z	91751	0																			
1836	2026-09-24T22:53:25.411216635Z	91802	0																			
1837	2026-09-24T22:53:25.460963921Z	91852	0																			
1838	2026-09-24T22:53:25.510520614Z	91901	0																			
1839	2026-09-24T22:53:25.561224664Z	91952	0																			
1840	2026-09-24T22:53:25.611001567Z	92002	0																			
1841	2026-09-24T22:53:25.660697368Z	92051	0																			
1842	2026-09-24T22:53:25.711325754Z	92102	0																			
1843	2026-09-24T22:53:25.761027895Z	92152	0																			
1844	2026-09-24T22:53:25.810646401Z	92201	0																			
1845	2026-09-24T22:53:25.861391429Z	92252	0																			
1846	2026-09-24T22:53:25.911100909Z	92302	0																			
1847	2026-09-24T22:53:25.96062725Z	92351	0																			
1848	2026-09-24T22:53:26.011308523Z	92402	0																			
1849	2026-09-24T22:53:26.061005062Z	92452	0																			
1850	2026-09-24T22:53:26.110705346Z	92501	0																			
1851	2026-09-24T22:53:26.161438848Z	92552	0																			
1852	2026-09-24T22:53:26.211296029Z	92602	0																			
1853	2026-09-24T22:53:26.260909919Z	92652	0																			
1854	2026-09-24T22:53:26.310685182Z	92701	0																			
1855	2026-09-24T22:53:26.361360111Z	92752	0																			
1856	2026-09-24T22:53:26.410995064Z	92802	0																			
1857	2026-09-24T22:53:26.460657993Z	92851	0																			
1858	2026-09-24T22:53:26.511263032Z	92902	0																			
1859	2026-09-24T22:53:26.560918442Z	92952	0																			
1860	2026-09-24T22:53:26.610624373Z	93001	0																			
1861	2026-09-24T22:53:26.661184359Z	93052	0																			
1862	2026-09-24T22:53:26.710918544Z	93102	0																			
1863	2026-09-24T22:53:26.760483668Z	93151	0																			
1864	2026-09-24T22:53:26.811224499Z	93202	0																			
1865	2026-09-24T22:53:26.860909259Z	93252	0																			
1866	2026-09-24T22:53:26.910671125Z	93301	0																			
1867	2026-09-24T22:53:26.961008931Z	93352	0																			
1868	2026-09-24T22:53:27.010862971Z	93402	0																			
1869	2026-09-24T22:53:27.061136711Z	93452	0																			
1870	2026-09-24T22:53:27.111043351Z	93502	0																			
1871	2026-09-24T22:53:27.16079032Z	93551	0																			
1872	2026-09-24T22:53:27.21151648Z	93602	0																			
1873	2026-09-24T22:53:27.261179192Z	93652	0																			
1874	2026-09-24T22:53:27.310961148Z	93702	0																			
1875	2026-09-24T22:53:27.360690306Z	93751	0																			
1876	2026-09-24T22:53:27.411491087Z	93802	0																			
1877	2026-09-24T22:53:27.461197252Z	93852	0																			
1878	2026-09-24T22:53:27.510909623Z	93902	0																			
1879	2026-09-24T22:53:27.561519555Z	93952	0																			
1880	2026-09-24T22:53:27.611183615Z	94002	0																			
1881	2026-09-24T22:53:27.660943888Z	94052	0																			
1882	2026-09-24T22:53:27.710623532Z	94101	0																			
1883	2026-09-24T22:53:27.761266791Z	94152	0																			
1884	2026-09-24T22:53:27.810869981Z	94202	0																			
1885	2026-09-24T22:53:27.860479552Z	94251	0																			
1886	2026-09-24T22:53:27.911121085Z	94302	0																			
1887	2026-09-24T22:53:27.960829024Z	94351	0																			
1888	2026-09-24T22:53:28.01069412Z	94401	0																			
1889	2026-09-24T22:53:28.061530397Z	94452	0																			
1890	2026-09-24T22:53:28.111177116Z	94502	0																			
1891	2026-09-24T22:53:28.160895972Z	94552	0																			
1892	2026-09-24T22:53:28.210589659Z	94601	0																			
1893	2026-09-24T22:53:28.261239386Z	94652	0																			
1894	2026-09-24T22:53:28.310935315Z	94702	0																			
1895	2026-09-24T22:53:28.360517977Z	94751	0																			
1896	2026-09-24T22:53:28.411255712Z	94802	0																			
1897	2026-09-24T22:53:28.460967233Z	94852	0																			
1898	2026-09-24T22:53:28.510671801Z	94901	0																			
1899	2026-09-24T22:53:28.561305409Z	94952	0																			
1900	2026-09-24T22:53:28.611035055Z	95002	0																			
1901	2026-09-24T22:53:28.660690231Z	95051	0																			
1902	2026-09-24T22:53:28.711301475Z	95102	0																			
1903	2026-09-24T22:53:28.761088898Z	95152	0																			
1904	2026-09-24T22:53:28.810797002Z	95201	0																			
1905	2026-09-24T22:53:28.86049828Z	95251	0																			
1906	2026-09-24T22:53:28.911266319Z	95302	0																			
1907	2026-09-24T22:53:28.960984836Z	95352	0																			
1908	2026-09-24T22:53:29.010626911Z	95401	0																			
1909	2026-09-24T22:53:29.061420875Z	95452	0																			
1910	2026-09-24T22:53:29.111086548Z	95502	0																			
1911	2026-09-24T22:53:29.160772925Z	95551	0																			
1912	2026-09-24T22:53:29.211436796Z	95602	0																			
1913	2026-09-24T22:53:29.261139551Z	95652	0																			
1914	2026-09-24T22:53:29.310833529Z	95701	0																			
1915	2026-09-24T22:53:29.360504491Z	95751	0																			
1916	2026-09-24T22:53:29.411217601Z	95802	0																			
1917	2026-09-24T22:53:29.460973957Z	95852	0																			
1918	2026-09-24T22:53:29.510638672Z	95901	0																			
1919	2026-09-24T22:53:29.561308459Z	95952	0																			
1920	2026-09-24T22:53:29.611041962Z	96002	0																			
1921	2026-09-24T22:53:29.660733543Z	96051	0																			
1922	2026-09-24T22:53:29.711327718Z	96102	0																			
1923	2026-09-24T22:53:29.761001037Z	96152	0																			
1924	2026-09-24T22:53:29.810682452Z	96201	0																			
1925	2026-09-24T22:53:29.861382394Z	96252	0																			
1926	2026-09-24T22:53:29.911033216Z	96302	0																			
1927	2026-09-24T22:53:29.960709857Z	96351	0																			
1928	2026-09-24T22:53:30.011447966Z	96402	0																			
1929	2026-09-24T22:53:30.060970052Z	96452	0																			
1930	2026-09-24T22:53:30.110700763Z	96501	0																			
1931	2026-09-24T22:53:30.161336349Z	96552	0																			
1932	2026-09-24T22:53:30.211027082Z	96602	0																			
1933	2026-09-24T22:53:30.260851734Z	96651	0																			
1934	2026-09-24T22:53:30.310503438Z	96701	0																			
1935	2026-09-24T22:53:30.361165264Z	96752	0																			
1936	2026-09-24T22:53:30.410881932Z	96802	0																			
1937	2026-09-24T22:53:30.461497742Z	96852	0																			
1938	2026-09-24T22:53:30.511173531Z	96902	0																			
1939	2026-09-24T22:53:30.560849461Z	96951	0																			
1940	2026-09-24T22:53:30.611530063Z	97002	0																			
1941	2026-09-24T22:53:30.661139165Z	97052	0																			
1942	2026-09-24T22:53:30.710861027Z	97102	0																			
1943	2026-09-24T22:53:30.760487618Z	97151	0																			
1944	2026-09-24T22:53:30.811224826Z	97202	0																			
1945	2026-09-24T22:53:30.860941372Z	97252	0																			
1946	2026-09-24T22:53:30.910614917Z	97301	0																			
1947	2026-09-24T22:53:30.961268476Z	97352	0																			
1948	2026-09-24T22:53:31.011001391Z	97402	0																			
1949	2026-09-24T22:53:31.060731516Z	97451	0																			
1950	2026-09-24T22:53:31.111396099Z	97502	0																			
1951	2026-09-24T22:53:31.161121795Z	97552	0																			
1952	2026-09-24T22:53:31.210775843Z	97601	0																			
1953	2026-09-24T22:53:31.261457483Z	97652	0																			
1954	2026-09-24T22:53:31.31101872Z	97702	0																			
1955	2026-09-24T22:53:31.36074063Z	97751	0																			
1956	2026-09-24T22:53:31.411407767Z	97802	0																			
1957	2026-09-24T22:53:31.461078831Z	97852	0																			
1958	2026-09-24T22:53:31.510754828Z	97901	0																			
1959	2026-09-24T22:53:31.561412257Z	97952	0																			
1960	2026-09-24T22:53:31.611121929Z	98002	0																			
1961	2026-09-24T22:53:31.660816655Z	98051	0																			
1962	2026-09-24T22:53:31.711519722Z	98102	0																			
1963	2026-09-24T22:53:31.761180608Z	98152	0																			
1964	2026-09-24T22:53:31.810862932Z	98202	0																			
1965	2026-09-24T22:53:31.860494453Z	98251	0																			
1966	2026-09-24T22:53:31.911261781Z	98302	0																			
1967	2026-09-24T22:53:31.961103705Z	98352	0																			
1968	2026-09-24T22:53:32.010833821Z	98401	0																			
1969	2026-09-24T22:53:32.060876421Z	98452	0																			
1970	2026-09-24T22:53:32.110507068Z	98501	0																			
1971	2026-09-24T22:53:32.161236693Z	98552	0																			
1972	2026-09-24T22:53:32.210854582Z	98601	0																			
1973	2026-09-24T22:53:32.26097992Z	98652	0																			
1974	2026-09-24T22:53:32.310939754Z	98702	0																			
1975	2026-09-24T22:53:32.36065674Z	98751	0																			
1976	2026-09-24T22:53:32.411260886Z	98802	0																			
1977	2026-09-24T22:53:32.460937935Z	98852	0																			
1978	2026-09-24T22:53:32.510785692Z	98901	0																			
1979	2026-09-24T22:53:32.561442574Z	98952	0																			
1980	2026-09-24T22:53:32.611131928Z	99002	0																			
1981	2026-09-24T22:53:32.660750473Z	99051	0																			
1982	2026-09-24T22:53:32.711410061Z	99102	0																			
1983	2026-09-24T22:53:32.761078119Z	99152	0																			
1984	2026-09-24T22:53:32.8107527Z	99201	0																			
1985	2026-09-24T22:53:32.861398615Z	99252	0																			
1986	2026-09-24T22:53:32.911149851Z	99302	0																			
1987	2026-09-24T22:53:32.961280125Z	99352	0																			
1988	2026-09-24T22:53:33.011009707Z	99402	0																			
1989	2026-09-24T22:53:33.061124265Z	99452	0																			
1990	2026-09-24T22:53:33.11078139Z	99501	0																			
1991	2026-09-24T22:53:33.161462809Z	99552	0																			
1992	2026-09-24T22:53:33.211058329Z	99602	0																			
1993	2026-09-24T22:53:33.261483717Z	99652	0																			
1994	2026-09-24T22:53:33.311226546Z	99702	0																			
1995	2026-09-24T22:53:33.360946828Z	99752	0																			
1996	2026-09-24T22:53:33.410663402Z	99801	0																			
1997	2026-09-24T22:53:33.461349054Z	99852	0																			
1998	2026-09-24T22:53:33.5111657Z	99902	0																			
1999	2026-09-24T22:53:33.560891296Z	99952	0																			
2000	2026-09-24T22:53:33.610507433Z	100001	0																			
2001	2026-09-24T22:53:33.661138291Z	100052	0																			
2002	2026-09-24T22:53:33.710892257Z	100102	0																			
2003	2026-09-24T22:53:33.760524445Z	100151	0																			
2004	2026-09-24T22:53:33.81117823Z	100202	0																			
2005	2026-09-24T22:53:33.860956557Z	100252	0																			
2006	2026-09-24T22:53:33.910926644Z	100302	0																			
2007	2026-09-24T22:53:33.960690167Z	100351	0																			
2008	2026-09-24T22:53:34.011446443Z	100402	0																			
2009	2026-09-24T22:53:34.060793289Z	100451	0																			
2010	2026-09-24T22:53:34.111497923Z	100502	0																			
2011	2026-09-24T22:53:34.161393158Z	100552	0																			
2012	2026-09-24T22:53:34.21106532Z	100602	0																			
2013	2026-09-24T22:53:34.260778643Z	100651	0																			
2014	2026-09-24T22:53:34.311511245Z	100702	0																			
2015	2026-09-24T22:53:34.361195065Z	100752	0																			
2016	2026-09-24T22:53:34.410857001Z	100802	0																			
2017	2026-09-24T22:53:34.460628415Z	100851	0																			
2018	2026-09-24T22:53:34.511288579Z	100902	0																			
2019	2026-09-24T22:53:34.560886483Z	100952	0																			
2020	2026-09-24T22:53:34.610626366Z	101001	0																			
2021	2026-09-24T22:53:34.66126815Z	101052	0																			
2022	2026-09-24T22:53:34.710899983Z	101102	0																			
2023	2026-09-24T22:53:34.760714169Z	101151	0																			
2024	2026-09-24T22:53:34.811381353Z	101202	0																			
2025	2026-09-24T22:53:34.86098773Z	101252	0																			
2026	2026-09-24T22:53:34.910664546Z	101301	0																			
2027	2026-09-24T22:53:34.961369715Z	101352	0																			
2028	2026-09-24T22:53:35.011075544Z	101402	0																			
2029	2026-09-24T22:53:35.060747572Z	101451	0																			
2030	2026-09-24T22:53:35.111361476Z	101502	0																			
2031	2026-09-24T22:53:35.161037338Z	101552	0																			
2032	2026-09-24T22:53:35.210746806Z	101601	0																			
2033	2026-09-24T22:53:35.261460408Z	101652	0																			
2034	2026-09-24T22:53:35.311141732Z	101702	0																			
2035	2026-09-24T22:53:35.360814719Z	101751	0																			
2036	2026-09-24T22:53:35.411512431Z	101802	0																			
2037	2026-09-24T22:53:35.461128226Z	101852	0																			
2038	2026-09-24T22:53:35.510834507Z	101901	0																			
2039	2026-09-24T22:53:35.561500584Z	101952	0																			
2040	2026-09-24T22:53:35.611212974Z	102002	0																			
2041	2026-09-24T22:53:35.660886629Z	102052	0																			
2042	2026-09-24T22:53:35.710540484Z	102101	0																			
2043	2026-09-24T22:53:35.761192634Z	102152	0																			
2044	2026-09-24T22:53:35.810845305Z	102201	0																			
2045	2026-09-24T22:53:35.861459477Z	102252	0																			
2046	2026-09-24T22:53:35.91114002Z	102302	0																			
2047	2026-09-24T22:53:35.960891325Z	102352	0																			
2048	2026-09-24T22:53:36.010648933Z	102401	0																			
2049	2026-09-24T22:53:36.061413892Z	102452	0																			
2050	2026-09-24T22:53:36.111124472Z	102502	0																			
2051	2026-09-24T22:53:36.160811218Z	102551	0																			
2052	2026-09-24T22:53:36.211511958Z	102602	0																			
2053	2026-09-24T22:53:36.26121083Z	102652	0																			
2054	2026-09-24T22:53:36.310892793Z	102702	0																			
2055	2026-09-24T22:53:36.3606148Z	102751	0																			
2056	2026-09-24T22:53:36.411305152Z	102802	0																			
2057	2026-09-24T22:53:36.460994249Z	102852	0																			
2058	2026-09-24T22:53:36.510693851Z	102901	0																			
2059	2026-09-24T22:53:36.561374723Z	102952	0																			
2060	2026-09-24T22:53:36.611048588Z	103002	0																			
2061	2026-09-24T22:53:36.660718812Z	103051	0																			
2062	2026-09-24T22:53:36.711361049Z	103102	0																			
2063	2026-09-24T22:53:36.761031026Z	103152	0																			
2064	2026-09-24T22:53:36.810693102Z	103201	0																			
2065	2026-09-24T22:53:36.861372038Z	103252	0																			
2066	2026-09-24T22:53:36.911045548Z	103302	0																			
2067	2026-09-24T22:53:36.96072087Z	103351	0																			
2068	2026-09-24T22:53:37.011431501Z	103402	0																			
2069	2026-09-24T22:53:37.061136469Z	103452	0																			
2070	2026-09-24T22:53:37.110822763Z	103501	0																			
2071	2026-09-24T22:53:37.160505877Z	103551	0																			
2072	2026-09-24T22:53:37.211225424Z	103602	0																			
2073	2026-09-24T22:53:37.26093118Z	103652	0																			
2074	2026-09-24T22:53:37.310624645Z	103701	0																			
2075	2026-09-24T22:53:37.361331762Z	103752	0																			
2076	2026-09-24T22:53:37.411034214Z	103802	0																			
2077	2026-09-24T22:53:37.460691305Z	103851	0																			
2078	2026-09-24T22:53:37.511379442Z	103902	0																			
2079	2026-09-24T22:53:37.561070709Z	103952	0																			
2080	2026-09-24T22:53:37.610738226Z	104001	0																			
2081	2026-09-24T22:53:37.661361912Z	104052	0																			
2082	2026-09-24T22:53:37.711035258Z	104102	0																			
2083	2026-09-24T22:53:37.760687089Z	104151	0																			
2084	2026-09-24T22:53:37.811358604Z	104202	0																			
2085	2026-09-24T22:53:37.860996917Z	104252	0																			
2086	2026-09-24T22:53:37.910655827Z	104301	0																			
2087	2026-09-24T22:53:37.961486717Z	104352	0																			
2088	2026-09-24T22:53:38.011226678Z	104402	0																			
2089	2026-09-24T22:53:38.06091798Z	104452	0																			
2090	2026-09-24T22:53:38.110507422Z	104501	0																			
2091	2026-09-24T22:53:38.161190837Z	104552	0																			
2092	2026-09-24T22:53:38.210765Z	104601	0																			
2093	2026-09-24T22:53:38.261476092Z	104652	0																			
2094	2026-09-24T22:53:38.311165167Z	104702	0																			
2095	2026-09-24T22:53:38.3608374Z	104751	0																			
2096	2026-09-24T22:53:38.410537438Z	104801	0																			
2097	2026-09-24T22:53:38.461289312Z	104852	0																			
2098	2026-09-24T22:53:38.511063305Z	104902	0																			
2099	2026-09-24T22:53:38.560727227Z	104951	0																			
2100	2026-09-24T22:53:38.611412515Z	105002	0																			
2101	2026-09-24T22:53:38.661101106Z	105052	0																			
2102	2026-09-24T22:53:38.710762005Z	105101	0																			
2103	2026-09-24T22:53:38.761442587Z	105152	0																			
2104	2026-09-24T22:53:38.811136918Z	105202	0																			
2105	2026-09-24T22:53:38.860780634Z	105251	0																			
2106	2026-09-24T22:53:38.911469887Z	105302	0																			
2107	2026-09-24T22:53:38.961198755Z	105352	0																			
2108	2026-09-24T22:53:39.010919934Z	105402	0																			
2109	2026-09-24T22:53:39.060613995Z	105451	0																			
2110	2026-09-24T22:53:39.111287469Z	105502	0																			
2111	2026-09-24T22:53:39.160995252Z	105552	0																			
2112	2026-09-24T22:53:39.210637137Z	105601	0																			
2113	2026-09-24T22:53:39.261330313Z	105652	0																			
2114	2026-09-24T22:53:39.311075482Z	105702	0																			
2115	2026-09-24T22:53:39.360763161Z	105751	0																			
2116	2026-09-24T22:53:39.411473185Z	105802	0																			
2117	2026-09-24T22:53:39.461211997Z	105852	0																			
2118	2026-09-24T22:53:39.511000491Z	105902	0																			
2119	2026-09-24T22:53:39.560737035Z	105951	0																			
2120	2026-09-24T22:53:39.611475324Z	106002	0																			
2121	2026-09-24T22:53:39.661214486Z	106052	0																			
2122	2026-09-24T22:53:39.710926944Z	106102	0																			
2123	2026-09-24T22:53:39.760767947Z	106151	0																			
2124	2026-09-24T22:53:39.811457346Z	106202	0																			
2125	2026-09-24T22:53:39.861180814Z	106252	0																			
2126	2026-09-24T22:53:39.91090534Z	106302	0																			
2127	2026-09-24T22:53:39.960623444Z	106351	0																			
2128	2026-09-24T22:53:40.011343974Z	106402	0																			
2129	2026-09-24T22:53:40.061061883Z	106452	0																			
2130	2026-09-24T22:53:40.110719897Z	106501	0																			
2131	2026-09-24T22:53:40.161436526Z	106552	0																			
2132	2026-09-24T22:53:40.211157131Z	106602	0																			
2133	2026-09-24T22:53:40.260869135Z	106652	0																			
2134	2026-09-24T22:53:40.310693055Z	106701	0																			
2135	2026-09-24T22:53:40.36137022Z	106752	0																			
2136	2026-09-24T22:53:40.411050085Z	106802	0																			
2137	2026-09-24T22:53:40.46072368Z	106851	0																			
2138	2026-09-24T22:53:40.511361823Z	106902	0																			
2139	2026-09-24T22:53:40.561012314Z	106952	0																			
2140	2026-09-24T22:53:40.610690735Z	107001	0																			
2141	2026-09-24T22:53:40.661367372Z	107052	0																			
2142	2026-09-24T22:53:40.711039541Z	107102	0																			
2143	2026-09-24T22:53:40.760686199Z	107151	0																			
2144	2026-09-24T22:53:40.811355449Z	107202	0																			
2145	2026-09-24T22:53:40.861055102Z	107252	0																			
2146	2026-09-24T22:53:40.910760301Z	107301	0																			
2147	2026-09-24T22:53:40.961444814Z	107352	0																			
2148	2026-09-24T22:53:41.011128755Z	107402	0																			
2149	2026-09-24T22:53:41.060760189Z	107451	0																			
2150	2026-09-24T22:53:41.111440125Z	107502	0																			
2151	2026-09-24T22:53:41.161078366Z	107552	0																			
2152	2026-09-24T22:53:41.210766283Z	107601	0																			
2153	2026-09-24T22:53:41.261491669Z	107652	0																			
2154	2026-09-24T22:53:41.311191893Z	107702	0																			
2155	2026-09-24T22:53:41.360838461Z	107751	0																			
2156	2026-09-24T22:53:41.411512546Z	107802	0																			
2157	2026-09-24T22:53:41.461207766Z	107852	0																			
2158	2026-09-24T22:53:41.510898861Z	107902	0																			
2159	2026-09-24T22:53:41.560510275Z	107951	0																			
2160	2026-09-24T22:53:41.611145889Z	108002	0																			
2161	2026-09-24T22:53:41.660816727Z	108051	0																			
2162	2026-09-24T22:53:41.711459975Z	108102	0																			
2163	2026-09-24T22:53:41.76107134Z	108152	0																			
2164	2026-09-24T22:53:41.8106945Z	108201	0																			
2165	2026-09-24T22:53:41.861376592Z	108252	0																			
2166	2026-09-24T22:53:41.911084098Z	108302	0																			
2167	2026-09-24T22:53:41.960850238Z	108351	0																			
2168	2026-09-24T22:53:42.010505785Z	108401	0																			
2169	2026-09-24T22:53:42.061235091Z	108452	0																			
2170	2026-09-24T22:53:42.110920398Z	108502	0																			
2171	2026-09-24T22:53:42.160599656Z	108551	0																			
2172	2026-09-24T22:53:42.211283018Z	108602	0																			
2173	2026-09-24T22:53:42.26100672Z	108652	0																			
2174	2026-09-24T22:53:42.310637261Z	108701	0																			
2175	2026-09-24T22:53:42.361359017Z	108752	0																			
2176	2026-09-24T22:53:42.41106111Z	108802	0																			
2177	2026-09-24T22:53:42.460743264Z	108851	0																			
2178	2026-09-24T22:53:42.511419632Z	108902	0																			
2179	2026-09-24T22:53:42.561109459Z	108952	0																			
2180	2026-09-24T22:53:42.610789526Z	109001	0																			
2181	2026-09-24T22:53:42.661438702Z	109052	0																			
2182	2026-09-24T22:53:42.711071887Z	109102	0																			
2183	2026-09-24T22:53:42.760743793Z	109151	0																			
2184	2026-09-24T22:53:42.811425462Z	109202	0																			
2185	2026-09-24T22:53:42.861129223Z	109252	0																			
2186	2026-09-24T22:53:42.910834602Z	109301	0																			
2187	2026-09-24T22:53:42.961527413Z	109352	0																			
2188	2026-09-24T22:53:43.01122671Z	109402	0																			
2189	2026-09-24T22:53:43.060920851Z	109452	0																			
2190	2026-09-24T22:53:43.11061627Z	109501	0																			
2191	2026-09-24T22:53:43.161304359Z	109552	0																			
2192	2026-09-24T22:53:43.210939806Z	109602	0																			
2193	2026-09-24T22:53:43.260689159Z	109651	0																			
2194	2026-09-24T22:53:43.311380699Z	109702	0																			
2195	2026-09-24T22:53:43.361080526Z	109752	0																			
2196	2026-09-24T22:53:43.410800751Z	109801	0																			
2197	2026-09-24T22:53:43.461459354Z	109852	0																			
2198	2026-09-24T22:53:43.511138066Z	109902	0																			
2199	2026-09-24T22:53:43.560826727Z	109951	0																			
2200	2026-09-24T22:53:43.610499898Z	110001	0																			
2201	2026-09-24T22:53:43.660886591Z	110052	0																			
2202	2026-09-24T22:53:43.710478945Z	110101	0																			
2203	2026-09-24T22:53:43.761134861Z	110152	0																			
2204	2026-09-24T22:53:43.810767724Z	110201	0																			
2205	2026-09-24T22:53:43.861412995Z	110252	0																			
2206	2026-09-24T22:53:43.911009263Z	110302	0																			
2207	2026-09-24T22:53:43.960674515Z	110351	0																			
2208	2026-09-24T22:53:44.011365862Z	110402	0																			
2209	2026-09-24T22:53:44.061041293Z	110452	0																			
2210	2026-09-24T22:53:44.110693197Z	110501	0																			
2211	2026-09-24T22:53:44.161355908Z	110552	0																			
2212	2026-09-24T22:53:44.211036756Z	110602	0																			
2213	2026-09-24T22:53:44.260701823Z	110651	0																			
2214	2026-09-24T22:53:44.311433164Z	110702	0																			
2215	2026-09-24T22:53:44.361108964Z	110752	0																			
2216	2026-09-24T22:53:44.410799916Z	110801	0																			
2217	2026-09-24T22:53:44.461439792Z	110852	0																			
2218	2026-09-24T22:53:44.511168704Z	110902	0																			
2219	2026-09-24T22:53:44.560907923Z	110952	0																			
2220	2026-09-24T22:53:44.61061248Z	111001	0																			
2221	2026-09-24T22:53:44.661290586Z	111052	0																			
2222	2026-09-24T22:53:44.71098091Z	111102	0																			
2223	2026-09-24T22:53:44.76067945Z	111151	0																			
2224	2026-09-24T22:53:44.811289632Z	111202	0																			
2225	2026-09-24T22:53:44.860920746Z	111252	0																			
2226	2026-09-24T22:53:44.910605183Z	111301	0																			
2227	2026-09-24T22:53:44.961301945Z	111352	0																			
2228	2026-09-24T22:53:45.010987017Z	111402	0																			
2229	2026-09-24T22:53:45.060615517Z	111451	0																			
2230	2026-09-24T22:53:45.111288036Z	111502	0																			
2231	2026-09-24T22:53:45.160924294Z	111552	0																			
2232	2026-09-24T22:53:45.210637013Z	111601	0																			
2233	2026-09-24T22:53:45.261273503Z	111652	0																			
2234	2026-09-24T22:53:45.311004525Z	111702	0																			
2235	2026-09-24T22:53:45.36069811Z	111751	0																			
2236	2026-09-24T22:53:45.411410471Z	111802	0																			
2237	2026-09-24T22:53:45.461150168Z	111852	0																			
2238	2026-09-24T22:53:45.510841118Z	111901	0																			
2239	2026-09-24T22:53:45.560495887Z	111951	0																			
2240	2026-09-24T22:53:45.611143519Z	112002	0																			
2241	2026-09-24T22:53:45.660797868Z	112051	0																			
2242	2026-09-24T22:53:45.711458777Z	112102	0																			
2243	2026-09-24T22:53:45.761118384Z	112152	0																			
2244	2026-09-24T22:53:45.810751938Z	112201	0																			
2245	2026-09-24T22:53:45.861406404Z	112252	0																			
2246	2026-09-24T22:53:45.911071603Z	112302	0																			
2247	2026-09-24T22:53:45.96054215Z	112351	0																			
2248	2026-09-24T22:53:46.011212596Z	112402	0																			
2249	2026-09-24T22:53:46.060912968Z	112452	0																			
2250	2026-09-24T22:53:46.110605718Z	112501	0																			
2251	2026-09-24T22:53:46.161278906Z	112552	0																			
2252	2026-09-24T22:53:46.210897328Z	112602	0																			
2253	2026-09-24T22:53:46.260513587Z	112651	0																			
2254	2026-09-24T22:53:46.311212283Z	112702	0																			
2255	2026-09-24T22:53:46.360922064Z	112752	0																			
2256	2026-09-24T22:53:46.410616976Z	112801	0																			
2257	2026-09-24T22:53:46.461294313Z	112852	0																			
2258	2026-09-24T22:53:46.510969492Z	112902	0																			
2259	2026-09-24T22:53:46.560658177Z	112951	0																			
2260	2026-09-24T22:53:46.61133584Z	113002	0																			
2261	2026-09-24T22:53:46.660988248Z	113052	0																			
2262	2026-09-24T22:53:46.710622311Z	113101	0																			
2263	2026-09-24T22:53:46.761276574Z	113152	0																			
2264	2026-09-24T22:53:46.810933287Z	113202	0																			
2265	2026-09-24T22:53:46.860535742Z	113251	0																			
2266	2026-09-24T22:53:46.911282264Z	113302	0																			
2267	2026-09-24T22:53:46.960921097Z	113352	0																			
2268	2026-09-24T22:53:47.01061467Z	113401	0																			
2269	2026-09-24T22:53:47.061284823Z	113452	0																			
2270	2026-09-24T22:53:47.110912057Z	113502	0																			
2271	2026-09-24T22:53:47.160534649Z	113551	0																			
2272	2026-09-24T22:53:47.211210826Z	113602	0																			
2273	2026-09-24T22:53:47.260885668Z	113652	0																			
2274	2026-09-24T22:53:47.310515203Z	113701	0																			
2275	2026-09-24T22:53:47.361218698Z	113752	0																			
2276	2026-09-24T22:53:47.410927316Z	113802	0																			
2277	2026-09-24T22:53:47.460615005Z	113851	0																			
2278	2026-09-24T22:53:47.511291741Z	113902	0																			
2279	2026-09-24T22:53:47.5609865Z	113952	0																			
2280	2026-09-24T22:53:47.610666738Z	114001	0																			
2281	2026-09-24T22:53:47.661348913Z	114052	0																			
2282	2026-09-24T22:53:47.710986714Z	114102	0																			
2283	2026-09-24T22:53:47.76064622Z	114151	0																			
2284	2026-09-24T22:53:47.811288067Z	114202	0																			
2285	2026-09-24T22:53:47.860892514Z	114252	0																			
2286	2026-09-24T22:53:47.910502435Z	114301	0																			
2287	2026-09-24T22:53:47.961147189Z	114352	0																			
2288	2026-09-24T22:53:48.010818351Z	114401	0																			
2289	2026-09-24T22:53:48.061517998Z	114452	0																			
2290	2026-09-24T22:53:48.111149365Z	114502	0																			
2291	2026-09-24T22:53:48.160821182Z	114551	0																			
2292	2026-09-24T22:53:48.21150271Z	114602	0																			
2293	2026-09-24T22:53:48.261379417Z	114652	0																			
2294	2026-09-24T22:53:48.311062504Z	114702	0																			
2295	2026-09-24T22:53:48.360763525Z	114751	0																			
2296	2026-09-24T22:53:48.411506091Z	114802	0																			
2297	2026-09-24T22:53:48.461287649Z	114852	0																			
2298	2026-09-24T22:53:48.51105974Z	114902	0																			
2299	2026-09-24T22:53:48.560719377Z	114951	0																			
2300	2026-09-24T22:53:48.61142385Z	115002	0																			
2301	2026-09-24T22:53:48.661114095Z	115052	0																			
2302	2026-09-24T22:53:48.710723681Z	115101	0																			
2303	2026-09-24T22:53:48.761362196Z	115152	0																			
2304	2026-09-24T22:53:48.81098426Z	115202	0																			
2305	2026-09-24T22:53:48.8606163Z	115251	0																			
2306	2026-09-24T22:53:48.911287888Z	115302	0																			
2307	2026-09-24T22:53:48.961076058Z	115352	0																			
2308	2026-09-24T22:53:49.010771204Z	115401	0																			
2309	2026-09-24T22:53:49.061454333Z	115452	0																			
2310	2026-09-24T22:53:49.111151324Z	115502	0																			
2311	2026-09-24T22:53:49.160847216Z	115551	0																			
2312	2026-09-24T22:53:49.210495107Z	115601	0																			
2313	2026-09-24T22:53:49.261156358Z	115652	0																			
2314	2026-09-24T22:53:49.31084648Z	115701	0																			
2315	2026-09-24T22:53:49.36053213Z	115751	0																			
2316	2026-09-24T22:53:49.411286251Z	115802	0																			
2317	2026-09-24T22:53:49.460912483Z	115852	0																			
2318	2026-09-24T22:53:49.510617213Z	115901	0																			
2319	2026-09-24T22:53:49.561344725Z	115952	0																			
2320	2026-09-24T22:53:49.611045446Z	116002	0																			
2321	2026-09-24T22:53:49.660740669Z	116051	0																			
2322	2026-09-24T22:53:49.711430638Z	116102	0																			
2323	2026-09-24T22:53:49.761131868Z	116152	0																			
2324	2026-09-24T22:53:49.810763622Z	116201	0																			
2325	2026-09-24T22:53:49.861432688Z	116252	0																			
2326	2026-09-24T22:53:49.911083599Z	116302	0																			
2327	2026-09-24T22:53:49.960750845Z	116351	0																			
2328	2026-09-24T22:53:50.011460039Z	116402	0																			
2329	2026-09-24T22:53:50.061135201Z	116452	0																			
2330	2026-09-24T22:53:50.110845846Z	116501	0																			
2331	2026-09-24T22:53:50.160508835Z	116551	0																			
2332	2026-09-24T22:53:50.211213125Z	116602	0																			
2333	2026-09-24T22:53:50.260918242Z	116652	0																			
2334	2026-09-24T22:53:50.310599118Z	116701	0																			
2335	2026-09-24T22:53:50.361311016Z	116752	0																			
2336	2026-09-24T22:53:50.410948301Z	116802	0																			
2337	2026-09-24T22:53:50.460674976Z	116851	0																			
2338	2026-09-24T22:53:50.511352782Z	116902	0																			
2339	2026-09-24T22:53:50.561053517Z	116952	0																			
2340	2026-09-24T22:53:50.610756982Z	117001	0																			
2341	2026-09-24T22:53:50.661441366Z	117052	0																			
2342	2026-09-24T22:53:50.711139619Z	117102	0																			
2343	2026-09-24T22:53:50.760845668Z	117151	0																			
2344	2026-09-24T22:53:50.810513676Z	117201	0																			
2345	2026-09-24T22:53:50.861224803Z	117252	0																			
2346	2026-09-24T22:53:50.91091386Z	117302	0																			
2347	2026-09-24T22:53:50.960615015Z	117351	0																			
2348	2026-09-24T22:53:51.01128724Z	117402	0																			
2349	2026-09-24T22:53:51.060998624Z	117452	0																			
2350	2026-09-24T22:53:51.110710469Z	117501	0																			
2351	2026-09-24T22:53:51.161410916Z	117552	0																			
2352	2026-09-24T22:53:51.211123685Z	117602	0																			
2353	2026-09-24T22:53:51.260863351Z	117652	0																			
2354	2026-09-24T22:53:51.310617492Z	117701	0																			
2355	2026-09-24T22:53:51.361311744Z	117752	0																			
2356	2026-09-24T22:53:51.411033793Z	117802	0																			
2357	2026-09-24T22:53:51.4607677Z	117851	0																			
2358	2026-09-24T22:53:51.51142142Z	117902	0																			
2359	2026-09-24T22:53:51.561120865Z	117952	0																			
2360	2026-09-24T22:53:51.610820241Z	118001	0																			
2361	2026-09-24T22:53:51.661450846Z	118052	0																			
2362	2026-09-24T22:53:51.71111041Z	118102	0																			
2363	2026-09-24T22:53:51.760768808Z	118151	0																			
2364	2026-09-24T22:53:51.811430718Z	118202	0																			
2365	2026-09-24T22:53:51.861092139Z	118252	0																			
2366	2026-09-24T22:53:51.910771083Z	118301	0																			
2367	2026-09-24T22:53:51.960537319Z	118351	0																			
2368	2026-09-24T22:53:52.011258259Z	118402	0																			
2369	2026-09-24T22:53:52.060984007Z	118452	0																			
2370	2026-09-24T22:53:52.110679483Z	118501	0																			
2371	2026-09-24T22:53:52.161360336Z	118552	0																			
2372	2026-09-24T22:53:52.211008998Z	118602	0																			
2373	2026-09-24T22:53:52.260693983Z	118651	0																			
2374	2026-09-24T22:53:52.311299295Z	118702	0																			
2375	2026-09-24T22:53:52.360983751Z	118752	0																			
2376	2026-09-24T22:53:52.410708602Z	118801	0																			
2377	2026-09-24T22:53:52.461440036Z	118852	0																			
2378	2026-09-24T22:53:52.511149918Z	118902	0																			
2379	2026-09-24T22:53:52.560787745Z	118951	0																			
2380	2026-09-24T22:53:52.611436656Z	119002	0																			
2381	2026-09-24T22:53:52.661133388Z	119052	0																			
2382	2026-09-24T22:53:52.710762916Z	119101	0																			
2383	2026-09-24T22:53:52.761434642Z	119152	0																			
2384	2026-09-24T22:53:52.811106886Z	119202	0																			
2385	2026-09-24T22:53:52.860841939Z	119251	0																			
2386	2026-09-24T22:53:52.911526712Z	119302	0																			
2387	2026-09-24T22:53:52.961214694Z	119352	0																			
2388	2026-09-24T22:53:53.010923109Z	119402	0																			
2389	2026-09-24T22:53:53.060636504Z	119451	0																			
2390	2026-09-24T22:53:53.111291397Z	119502	0																			
2391	2026-09-24T22:53:53.160987932Z	119552	0																			
2392	2026-09-24T22:53:53.210684934Z	119601	0																			
2393	2026-09-24T22:53:53.261405261Z	119652	0																			
2394	2026-09-24T22:53:53.311067981Z	119702	0																			
2395	2026-09-24T22:53:53.360782965Z	119751	0																			
2396	2026-09-24T22:53:53.411514074Z	119802	0																			
2397	2026-09-24T22:53:53.461208566Z	119852	0																			
2398	2026-09-24T22:53:53.510923482Z	119902	0																			
2399	2026-09-24T22:53:53.560615887Z	119951	0																			
2400	2026-09-24T22:53:53.61129619Z	120002	0																			
2401	2026-09-24T22:53:53.660689751Z	120051	0																			
2402	2026-09-24T22:53:53.71135438Z	120102	0																			
2403	2026-09-24T22:53:53.76103813Z	120152	0																			
2404	2026-09-24T22:53:53.810690154Z	120201	0																			
2405	2026-09-24T22:53:53.861378104Z	120252	0																			
2406	2026-09-24T22:53:53.911093802Z	120302	0																			
2407	2026-09-24T22:53:53.960765617Z	120351	0																			
2408	2026-09-24T22:53:54.010479755Z	120401	0																			
2409	2026-09-24T22:53:54.061226214Z	120452	0																			
2410	2026-09-24T22:53:54.11098371Z	120502	0																			
2411	2026-09-24T22:53:54.160691755Z	120551	0																			
2412	2026-09-24T22:53:54.211398411Z	120602	0																			
2413	2026-09-24T22:53:54.261151022Z	120652	0																			
2414	2026-09-24T22:53:54.310843653Z	120701	0																			
2415	2026-09-24T22:53:54.360529617Z	120751	0																			
2416	2026-09-24T22:53:54.411378754Z	120802	0																			
2417	2026-09-24T22:53:54.461140384Z	120852	0																			
2418	2026-09-24T22:53:54.510847314Z	120901	0																			
2419	2026-09-24T22:53:54.560539219Z	120951	0																			
2420	2026-09-24T22:53:54.611298673Z	121002	0																			
2421	2026-09-24T22:53:54.661003472Z	121052	0																			
2422	2026-09-24T22:53:54.710725945Z	121101	0																			
2423	2026-09-24T22:53:54.761454528Z	121152	0																			
2424	2026-09-24T22:53:54.81115625Z	121202	0																			
2425	2026-09-24T22:53:54.86081761Z	121251	0																			
2426	2026-09-24T22:53:54.911510343Z	121302	0																			
2427	2026-09-24T22:53:54.961150241Z	121352	0																			
2428	2026-09-24T22:53:55.010786843Z	121401	0																			
2429	2026-09-24T22:53:55.061436365Z	121452	0																			
2430	2026-09-24T22:53:55.111118446Z	121502	0																			
2431	2026-09-24T22:53:55.160836786Z	121551	0																			
2432	2026-09-24T22:53:55.21153228Z	121602	0																			
2433	2026-09-24T22:53:55.261214939Z	121652	0																			
2434	2026-09-24T22:53:55.31084967Z	121701	0																			
2435	2026-09-24T22:53:55.360473178Z	121751	0																			
2436	2026-09-24T22:53:55.41114063Z	121802	0																			
2437	2026-09-24T22:53:55.460844465Z	121851	0																			
2438	2026-09-24T22:53:55.510498761Z	121901	0																			
2439	2026-09-24T22:53:55.561214222Z	121952	0																			
2440	2026-09-24T22:53:55.610911157Z	122002	0																			
2441	2026-09-24T22:53:55.660511626Z	122051	0																			
2442	2026-09-24T22:53:55.711137878Z	122102	0																			
2443	2026-09-24T22:53:55.760778756Z	122151	0																			
2444	2026-09-24T22:53:55.81143598Z	122202	0																			
2445	2026-09-24T22:53:55.861117595Z	122252	0																			
2446	2026-09-24T22:53:55.910765936Z	122301	0																			
2447	2026-09-24T22:53:55.961381285Z	122352	0																			
2448	2026-09-24T22:53:56.011045707Z	122402	0																			
2449	2026-09-24T22:53:56.060693748Z	122451	0																			
2450	2026-09-24T22:53:56.111377003Z	122502	0																			
2451	2026-09-24T22:53:56.161077723Z	122552	0																			
2452	2026-09-24T22:53:56.210766309Z	122601	0																			
2453	2026-09-24T22:53:56.260677779Z	122651	0																			
2454	2026-09-24T22:53:56.311451795Z	122702	0																			
2455	2026-09-24T22:53:56.361170472Z	122752	0																			
2456	2026-09-24T22:53:56.410924301Z	122802	0																			
2457	2026-09-24T22:53:56.460650203Z	122851	0																			
2458	2026-09-24T22:53:56.511300979Z	122902	0																			
2459	2026-09-24T22:53:56.560948297Z	122952	0																			
2460	2026-09-24T22:53:56.610532721Z	123001	0																			
2461	2026-09-24T22:53:56.661207112Z	123052	0																			
2462	2026-09-24T22:53:56.710885014Z	123102	0																			
2463	2026-09-24T22:53:56.760604495Z	123151	0																			
2464	2026-09-24T22:53:56.811284782Z	123202	0																			
2465	2026-09-24T22:53:56.860921346Z	123252	0																			
2466	2026-09-24T22:53:56.910605848Z	123301	0																			
2467	2026-09-24T22:53:56.961220963Z	123352	0																			
2468	2026-09-24T22:53:57.010871548Z	123402	0																			
2469	2026-09-24T22:53:57.060542342Z	123451	0																			
2470	2026-09-24T22:53:57.111241408Z	123502	0																			
2471	2026-09-24T22:53:57.160933878Z	123552	0																			
2472	2026-09-24T22:53:57.210616531Z	123601	0																			
2473	2026-09-24T22:53:57.261281118Z	123652	0																			
2474	2026-09-24T22:53:57.311005621Z	123702	0																			
2475	2026-09-24T22:53:57.360728068Z	123751	0																			
2476	2026-09-24T22:53:57.411453336Z	123802	0																			
2477	2026-09-24T22:53:57.461143501Z	123852	0																			
2478	2026-09-24T22:53:57.510836164Z	123901	0																			
2479	2026-09-24T22:53:57.561462202Z	123952	0																			
2480	2026-09-24T22:53:57.611099691Z	124002	0																			
2481	2026-09-24T22:53:57.660714386Z	124051	0																			
2482	2026-09-24T22:53:57.711380714Z	124102	0																			
2483	2026-09-24T22:53:57.761070661Z	124152	0																			
2484	2026-09-24T22:53:57.810763122Z	124201	0																			
2485	2026-09-24T22:53:57.861385294Z	124252	0																			
2486	2026-09-24T22:53:57.910999772Z	124302	0																			
2487	2026-09-24T22:53:57.960616174Z	124351	0																			
2488	2026-09-24T22:53:58.011231735Z	124402	0																			
2489	2026-09-24T22:53:58.060859596Z	124452	0																			
2490	2026-09-24T22:53:58.110480572Z	124501	0																			
2491	2026-09-24T22:53:58.161200576Z	124552	0																			
2492	2026-09-24T22:53:58.210894843Z	124602	0																			
2493	2026-09-24T22:53:58.260518863Z	124651	0																			
2494	2026-09-24T22:53:58.311205373Z	124702	0																			
2495	2026-09-24T22:53:58.36090004Z	124752	0																			
2496	2026-09-24T22:53:58.410520244Z	124801	0																			
2497	2026-09-24T22:53:58.461299602Z	124852	0																			
2498	2026-09-24T22:53:58.510919032Z	124902	0																			
2499	2026-09-24T22:53:58.560598719Z	124951	0																			
2500	2026-09-24T22:53:58.611287387Z	125002	0																			
2501	2026-09-24T22:53:58.660990794Z	125052	0																			
2502	2026-09-24T22:53:58.710645838Z	125101	0																			
2503	2026-09-24T22:53:58.761294754Z	125152	0																			
2504	2026-09-24T22:53:58.810990174Z	125202	0																			
2505	2026-09-24T22:53:58.860679173Z	125251	0																			
2506	2026-09-24T22:53:58.911360266Z	125302	0																			
2507	2026-09-24T22:53:58.961050666Z	125352	0																			
2508	2026-09-24T22:53:59.010692946Z	125401	0																			
2509	2026-09-24T22:53:59.061380661Z	125452	0																			
2510	2026-09-24T22:53:59.111055956Z	125502	0																			
2511	2026-09-24T22:53:59.160755585Z	125551	0																			
2512	2026-09-24T22:53:59.211401684Z	125602	0																			
2513	2026-09-24T22:53:59.261136857Z	125652	0																			
2514	2026-09-24T22:53:59.310838905Z	125701	0																			
2515	2026-09-24T22:53:59.360499902Z	125751	0																			
2516	2026-09-24T22:53:59.411212459Z	125802	0																			
2517	2026-09-24T22:53:59.460913755Z	125852	0																			
2518	2026-09-24T22:53:59.510606498Z	125901	0																			
2519	2026-09-24T22:53:59.561308418Z	125952	0																			
2520	2026-09-24T22:53:59.611017072Z	126002	0																			
2521	2026-09-24T22:53:59.66069487Z	126051	0																			
2522	2026-09-24T22:53:59.711355964Z	126102	0																			
2523	2026-09-24T22:53:59.761041597Z	126152	0																			
2524	2026-09-24T22:53:59.810688973Z	126201	0																			
2525	2026-09-24T22:53:59.861352853Z	126252	0																			
2526	2026-09-24T22:53:59.910946932Z	126302	0																			
2527	2026-09-24T22:53:59.960537754Z	126351	0																			
2528	2026-09-24T22:54:00.011214148Z	126402	0																			
2529	2026-09-24T22:54:00.060948154Z	126452	0																			
2530	2026-09-24T22:54:00.110629103Z	126501	0																			
2531	2026-09-24T22:54:00.161300246Z	126552	0																			
2532	2026-09-24T22:54:00.211014044Z	126602	0																			
2533	2026-09-24T22:54:00.260751862Z	126651	0																			
2534	2026-09-24T22:54:00.311436611Z	126702	0																			
2535	2026-09-24T22:54:00.361141672Z	126752	0																			
2536	2026-09-24T22:54:00.410839089Z	126801	0																			
2537	2026-09-24T22:54:00.46150238Z	126852	0																			
2538	2026-09-24T22:54:00.51121268Z	126902	0																			
2539	2026-09-24T22:54:00.560843726Z	126951	0																			
2540	2026-09-24T22:54:00.610491184Z	127001	0																			
2541	2026-09-24T22:54:00.661202728Z	127052	0																			
2542	2026-09-24T22:54:00.710905133Z	127102	0																			
2543	2026-09-24T22:54:00.760605127Z	127151	0																			
2544	2026-09-24T22:54:00.811304169Z	127202	0																			
2545	2026-09-24T22:54:00.861019774Z	127252	0																			
2546	2026-09-24T22:54:00.910692794Z	127301	0																			
2547	2026-09-24T22:54:00.961404015Z	127352	0																			
2548	2026-09-24T22:54:01.011074828Z	127402	0																			
2549	2026-09-24T22:54:01.060769279Z	127451	0																			
2550	2026-09-24T22:54:01.111434757Z	127502	0																			
2551	2026-09-24T22:54:01.161132814Z	127552	0																			
2552	2026-09-24T22:54:01.210822816Z	127601	0																			
2553	2026-09-24T22:54:01.261521782Z	127652	0																			
2554	2026-09-24T22:54:01.311173668Z	127702	0																			
2555	2026-09-24T22:54:01.360901044Z	127752	0																			
2556	2026-09-24T22:54:01.410525615Z	127801	0																			
2557	2026-09-24T22:54:01.461226635Z	127852	0																			
2558	2026-09-24T22:54:01.510954842Z	127902	0																			
2559	2026-09-24T22:54:01.560649065Z	127951	0																			
2560	2026-09-24T22:54:01.611364451Z	128002	0																			
2561	2026-09-24T22:54:01.661092348Z	128052	0																			
2562	2026-09-24T22:54:01.710837661Z	128101	0																			
2563	2026-09-24T22:54:01.760503879Z	128151	0																			
2564	2026-09-24T22:54:01.811233986Z	128202	0																			
2565	2026-09-24T22:54:01.860954795Z	128252	0																			
2566	2026-09-24T22:54:01.910696712Z	128301	0																			
2567	2026-09-24T22:54:01.961437036Z	128352	0																			
2568	2026-09-24T22:54:02.011170086Z	128402	0																			
2569	2026-09-24T22:54:02.060900495Z	128452	0																			
2570	2026-09-24T22:54:02.11061479Z	128501	0																			
2571	2026-09-24T22:54:02.161339797Z	128552	0																			
2572	2026-09-24T22:54:02.21104888Z	128602	0																			
2573	2026-09-24T22:54:02.260865271Z	128652	0																			
2574	2026-09-24T22:54:02.310514808Z	128701	0																			
2575	2026-09-24T22:54:02.361274332Z	128752	0																			
2576	2026-09-24T22:54:02.411006193Z	128802	0																			
2577	2026-09-24T22:54:02.4606906Z	128851	0																			
2578	2026-09-24T22:54:02.511386046Z	128902	0																			
2579	2026-09-24T22:54:02.561073417Z	128952	0																			
2580	2026-09-24T22:54:02.610784887Z	129001	0																			
2581	2026-09-24T22:54:02.661453892Z	129052	0																			
2582	2026-09-24T22:54:02.711128281Z	129102	0																			
2583	2026-09-24T22:54:02.760823082Z	129151	0																			
2584	2026-09-24T22:54:02.810475457Z	129201	0																			
2585	2026-09-24T22:54:02.861118761Z	129252	0																			
2586	2026-09-24T22:54:02.910768715Z	129301	0																			
2587	2026-09-24T22:54:02.961448942Z	129352	0																			
2588	2026-09-24T22:54:03.011125031Z	129402	0																			
2589	2026-09-24T22:54:03.060808831Z	129451	0																			
2590	2026-09-24T22:54:03.111513992Z	129502	0																			
2591	2026-09-24T22:54:03.161168758Z	129552	0																			
2592	2026-09-24T22:54:03.210863804Z	129602	0																			
2593	2026-09-24T22:54:03.260500018Z	129651	0																			
2594	2026-09-24T22:54:03.31120424Z	129702	0																			
2595	2026-09-24T22:54:03.360881693Z	129752	0																			
2596	2026-09-24T22:54:03.410610959Z	129801	0																			
2597	2026-09-24T22:54:03.461217566Z	129852	0																			
2598	2026-09-24T22:54:03.510897909Z	129902	0																			
2599	2026-09-24T22:54:03.560614416Z	129951	0																			
2600	2026-09-24T22:54:03.611293763Z	130002	0																			
2601	2026-09-24T22:54:03.660641605Z	130051	0																			
2602	2026-09-24T22:54:03.711285945Z	130102	0																			
2603	2026-09-24T22:54:03.760894715Z	130152	0																			
2604	2026-09-24T22:54:03.810511069Z	130201	0																			
2605	2026-09-24T22:54:03.861135624Z	130252	0																			
2606	2026-09-24T22:54:03.910762947Z	130301	0																			
2607	2026-09-24T22:54:03.96142995Z	130352	0																			
2608	2026-09-24T22:54:04.011070093Z	130402	0																			
2609	2026-09-24T22:54:04.060752556Z	130451	0																			
2610	2026-09-24T22:54:04.111436534Z	130502	0																			
2611	2026-09-24T22:54:04.161117925Z	130552	0																			
2612	2026-09-24T22:54:04.210762636Z	130601	0																			
2613	2026-09-24T22:54:04.261454376Z	130652	0																			
2614	2026-09-24T22:54:04.311140534Z	130702	0																			
2615	2026-09-24T22:54:04.36084138Z	130751	0																			
2616	2026-09-24T22:54:04.41047559Z	130801	0																			
2617	2026-09-24T22:54:04.461149756Z	130852	0																			
2618	2026-09-24T22:54:04.51083132Z	130901	0																			
2619	2026-09-24T22:54:04.561494736Z	130952	0																			
2620	2026-09-24T22:54:04.611157659Z	131002	0																			
2621	2026-09-24T22:54:04.660838076Z	131051	0																			
2622	2026-09-24T22:54:04.711521406Z	131102	0																			
2623	2026-09-24T22:54:04.761249039Z	131152	0																			
2624	2026-09-24T22:54:04.810935248Z	131202	0																			
2625	2026-09-24T22:54:04.860613997Z	131251	0																			
2626	2026-09-24T22:54:04.911285646Z	131302	0																			
2627	2026-09-24T22:54:04.960972768Z	131352	0																			
2628	2026-09-24T22:54:05.010612255Z	131401	0																			
2629	2026-09-24T22:54:05.061286855Z	131452	0																			
2630	2026-09-24T22:54:05.11100775Z	131502	0																			
2631	2026-09-24T22:54:05.160707981Z	131551	0																			
2632	2026-09-24T22:54:05.211372998Z	131602	0																			
2633	2026-09-24T22:54:05.261067272Z	131652	0																			
2634	2026-09-24T22:54:05.310757835Z	131701	0																			
2635	2026-09-24T22:54:05.361434489Z	131752	0																			
2636	2026-09-24T22:54:05.411066047Z	131802	0																			
2637	2026-09-24T22:54:05.460767449Z	131851	0																			
2638	2026-09-24T22:54:05.51142224Z	131902	0																			
2639	2026-09-24T22:54:05.561117366Z	131952	0																			
2640	2026-09-24T22:54:05.610760506Z	132001	0																			
2641	2026-09-24T22:54:05.661443924Z	132052	0																			
2642	2026-09-24T22:54:05.711071777Z	132102	0																			
2643	2026-09-24T22:54:05.760729962Z	132151	0																			
2644	2026-09-24T22:54:05.811407526Z	132202	0																			
2645	2026-09-24T22:54:05.861070859Z	132252	0																			
2646	2026-09-24T22:54:05.910743275Z	132301	0																			
2647	2026-09-24T22:54:05.96143529Z	132352	0																			
2648	2026-09-24T22:54:06.011125004Z	132402	0																			
2649	2026-09-24T22:54:06.060823042Z	132451	0																			
2650	2026-09-24T22:54:06.111511042Z	132502	0																			
2651	2026-09-24T22:54:06.16114713Z	132552	0																			
2652	2026-09-24T22:54:06.210838019Z	132601	0																			
2653	2026-09-24T22:54:06.261482874Z	132652	0																			
2654	2026-09-24T22:54:06.3111784Z	132702	0																			
2655	2026-09-24T22:54:06.360841545Z	132751	0																			
2656	2026-09-24T22:54:06.411478291Z	132802	0																			
2657	2026-09-24T22:54:06.461218404Z	132852	0																			
2658	2026-09-24T22:54:06.510916222Z	132902	0																			
2659	2026-09-24T22:54:06.560589639Z	132951	0																			
2660	2026-09-24T22:54:06.611280859Z	133002	0																			
2661	2026-09-24T22:54:06.660912864Z	133052	0																			
2662	2026-09-24T22:54:06.711482992Z	133102	0																			
2663	2026-09-24T22:54:06.761134693Z	133152	0																			
2664	2026-09-24T22:54:06.810766937Z	133201	0																			
2665	2026-09-24T22:54:06.861378187Z	133252	0																			
2666	2026-09-24T22:54:06.911050179Z	133302	0																			
2667	2026-09-24T22:54:06.960666669Z	133351	0																			
2668	2026-09-24T22:54:07.011291747Z	133402	0																			
2669	2026-09-24T22:54:07.060922484Z	133452	0																			
2670	2026-09-24T22:54:07.110597079Z	133501	0																			
2671	2026-09-24T22:54:07.161263725Z	133552	0																			
2672	2026-09-24T22:54:07.210956093Z	133602	0																			
2673	2026-09-24T22:54:07.260595281Z	133651	0																			
2674	2026-09-24T22:54:07.311289987Z	133702	0																			
2675	2026-09-24T22:54:07.360996855Z	133752	0																			
2676	2026-09-24T22:54:07.410687149Z	133801	0																			
2677	2026-09-24T22:54:07.461355177Z	133852	0																			
2678	2026-09-24T22:54:07.51100152Z	133902	0																			
2679	2026-09-24T22:54:07.560632714Z	133951	0																			
2680	2026-09-24T22:54:07.61128245Z	134002	0																			
2681	2026-09-24T22:54:07.660973282Z	134052	0																			
2682	2026-09-24T22:54:07.710615139Z	134101	0																			
2683	2026-09-24T22:54:07.761293334Z	134152	0																			
2684	2026-09-24T22:54:07.810990885Z	134202	0																			
2685	2026-09-24T22:54:07.860686882Z	134251	0																			
2686	2026-09-24T22:54:07.91137967Z	134302	0																			
2687	2026-09-24T22:54:07.961065937Z	134352	0																			
2688	2026-09-24T22:54:08.010738292Z	134401	0																			
2689	2026-09-24T22:54:08.061453221Z	134452	0																			
2690	2026-09-24T22:54:08.111155214Z	134502	0																			
2691	2026-09-24T22:54:08.160843344Z	134551	0																			
2692	2026-09-24T22:54:08.211493024Z	134602	0																			
2693	2026-09-24T22:54:08.261164745Z	134652	0																			
2694	2026-09-24T22:54:08.310914921Z	134702	0																			
2695	2026-09-24T22:54:08.360601881Z	134751	0																			
2696	2026-09-24T22:54:08.411287197Z	134802	0																			
2697	2026-09-24T22:54:08.460963032Z	134852	0																			
2698	2026-09-24T22:54:08.510751328Z	134901	0																			
2699	2026-09-24T22:54:08.561394714Z	134952	0																			
2700	2026-09-24T22:54:08.611098794Z	135002	0																			
2701	2026-09-24T22:54:08.660764162Z	135051	0																			
2702	2026-09-24T22:54:08.711403481Z	135102	0																			
2703	2026-09-24T22:54:08.7610621Z	135152	0																			
2704	2026-09-24T22:54:08.810743242Z	135201	0																			
2705	2026-09-24T22:54:08.861412192Z	135252	0																			
2706	2026-09-24T22:54:08.911060121Z	135302	0																			
2707	2026-09-24T22:54:08.960689042Z	135351	0																			
2708	2026-09-24T22:54:09.011345351Z	135402	0																			
2709	2026-09-24T22:54:09.06100527Z	135452	0																			
2710	2026-09-24T22:54:09.110621454Z	135501	0																			
2711	2026-09-24T22:54:09.161288405Z	135552	0																			
2712	2026-09-24T22:54:09.210993572Z	135602	0																			
2713	2026-09-24T22:54:09.260699139Z	135651	0																			
2714	2026-09-24T22:54:09.311424587Z	135702	0																			
2715	2026-09-24T22:54:09.36107273Z	135752	0																			
2716	2026-09-24T22:54:09.410773749Z	135801	0																			
2717	2026-09-24T22:54:09.460486714Z	135851	0																			
2718	2026-09-24T22:54:09.51123229Z	135902	0																			
2719	2026-09-24T22:54:09.560920969Z	135952	0																			
2720	2026-09-24T22:54:09.610616772Z	136001	0																			
2721	2026-09-24T22:54:09.661355076Z	136052	0																			
2722	2026-09-24T22:54:09.71107132Z	136102	0																			
2723	2026-09-24T22:54:09.76074556Z	136151	0																			
2724	2026-09-24T22:54:09.811458072Z	136202	0																			
2725	2026-09-24T22:54:09.861148316Z	136252	0																			
2726	2026-09-24T22:54:09.910845204Z	136301	0																			
2727	2026-09-24T22:54:09.960504629Z	136351	0																			
2728	2026-09-24T22:54:10.011235008Z	136402	0																			
2729	2026-09-24T22:54:10.060898579Z	136452	0																			
2730	2026-09-24T22:54:10.110533966Z	136501	0																			
2731	2026-09-24T22:54:10.161194969Z	136552	0																			
2732	2026-09-24T22:54:10.210896684Z	136602	0																			
2733	2026-09-24T22:54:10.26054084Z	136651	0																			
2734	2026-09-24T22:54:10.311287088Z	136702	0																			
2735	2026-09-24T22:54:10.360980115Z	136752	0																			
2736	2026-09-24T22:54:10.410601Z	136801	0																			
2737	2026-09-24T22:54:10.461220381Z	136852	0																			
2738	2026-09-24T22:54:10.510904936Z	136902	0																			
2739	2026-09-24T22:54:10.560536157Z	136951	0																			
2740	2026-09-24T22:54:10.611212426Z	137002	0																			
2741	2026-09-24T22:54:10.660846133Z	137051	0																			
2742	2026-09-24T22:54:10.711513511Z	137102	0																			
2743	2026-09-24T22:54:10.761110029Z	137152	0																			
2744	2026-09-24T22:54:10.810765608Z	137201	0																			
2745	2026-09-24T22:54:10.861486843Z	137252	0																			
2746	2026-09-24T22:54:10.911184002Z	137302	0																			
2747	2026-09-24T22:54:10.960841545Z	137351	0																			
2748	2026-09-24T22:54:11.011520229Z	137402	0																			
2749	2026-09-24T22:54:11.061163429Z	137452	0																			
2750	2026-09-24T22:54:11.110794289Z	137501	0																			
2751	2026-09-24T22:54:11.161471609Z	137552	0																			
2752	2026-09-24T22:54:11.211151062Z	137602	0																			
2753	2026-09-24T22:54:11.261071016Z	137652	0																			
2754	2026-09-24T22:54:11.310760655Z	137701	0																			
2755	2026-09-24T22:54:11.361435253Z	137752	0																			
2756	2026-09-24T22:54:11.411122959Z	137802	0																			
2757	2026-09-24T22:54:11.460808746Z	137851	0																			
2758	2026-09-24T22:54:11.511452582Z	137902	0																			
2759	2026-09-24T22:54:11.561132216Z	137952	0																			
2760	2026-09-24T22:54:11.610822007Z	138001	0																			
2761	2026-09-24T22:54:11.66152214Z	138052	0																			
2762	2026-09-24T22:54:11.71117638Z	138102	0																			
2763	2026-09-24T22:54:11.760821892Z	138151	0																			
2764	2026-09-24T22:54:11.811479913Z	138202	0																			
2765	2026-09-24T22:54:11.861136035Z	138252	0																			
2766	2026-09-24T22:54:11.910770792Z	138301	0																			
2767	2026-09-24T22:54:11.961485129Z	138352	0																			
2768	2026-09-24T22:54:12.011155932Z	138402	0																			
2769	2026-09-24T22:54:12.060845637Z	138451	0																			
2770	2026-09-24T22:54:12.111533503Z	138502	0																			
2771	2026-09-24T22:54:12.16119028Z	138552	0																			
2772	2026-09-24T22:54:12.210829949Z	138601	0																			
2773	2026-09-24T22:54:12.261524628Z	138652	0																			
2774	2026-09-24T22:54:12.311212784Z	138702	0																			
2775	2026-09-24T22:54:12.360899503Z	138752	0																			
2776	2026-09-24T22:54:12.410528718Z	138801	0																			
2777	2026-09-24T22:54:12.461258092Z	138852	0																			
2778	2026-09-24T22:54:12.510985611Z	138902	0																			
2779	2026-09-24T22:54:12.560613082Z	138951	0																			
2780	2026-09-24T22:54:12.611285474Z	139002	0																			
2781	2026-09-24T22:54:12.660941594Z	139052	0																			
2782	2026-09-24T22:54:12.71060848Z	139101	0																			
2783	2026-09-24T22:54:12.761235121Z	139152	0																			
2784	2026-09-24T22:54:12.810937508Z	139202	0																			
2785	2026-09-24T22:54:12.860612362Z	139251	0																			
2786	2026-09-24T22:54:12.911290547Z	139302	0																			
2787	2026-09-24T22:54:12.960985876Z	139352	0																			
2788	2026-09-24T22:54:13.010674054Z	139401	0																			
2789	2026-09-24T22:54:13.061372179Z	139452	0																			
2790	2026-09-24T22:54:13.111020365Z	139502	0																			
2791	2026-09-24T22:54:13.160727232Z	139551	0																			
2792	2026-09-24T22:54:13.211389358Z	139602	0																			
2793	2026-09-24T22:54:13.261088475Z	139652	0																			
2794	2026-09-24T22:54:13.310769298Z	139701	0																			
2795	2026-09-24T22:54:13.361478108Z	139752	0																			
2796	2026-09-24T22:54:13.411192074Z	139802	0																			
2797	2026-09-24T22:54:13.460855206Z	139851	0																			
2798	2026-09-24T22:54:13.51047473Z	139901	0																			
2799	2026-09-24T22:54:13.561151165Z	139952	0																			
2800	2026-09-24T22:54:13.610852197Z	140001	0																			
2801	2026-09-24T22:54:13.661221501Z	140052	0																			
2802	2026-09-24T22:54:13.710924449Z	140102	0																			
2803	2026-09-24T22:54:13.760626271Z	140151	0																			
2804	2026-09-24T22:54:13.811287926Z	140202	0																			
2805	2026-09-24T22:54:13.860966595Z	140252	0																			
2806	2026-09-24T22:54:13.910691867Z	140301	0																			
2807	2026-09-24T22:54:13.96139927Z	140352	0																			
2808	2026-09-24T22:54:14.011072778Z	140402	0																			
2809	2026-09-24T22:54:14.060718965Z	140451	0																			
2810	2026-09-24T22:54:14.11142316Z	140502	0																			
2811	2026-09-24T22:54:14.161140596Z	140552	0																			
2812	2026-09-24T22:54:14.210815119Z	140601	0																			
2813	2026-09-24T22:54:14.261513952Z	140652	0																			
2814	2026-09-24T22:54:14.311226122Z	140702	0																			
2815	2026-09-24T22:54:14.360900916Z	140752	0																			
2816	2026-09-24T22:54:14.410604215Z	140801	0																			
2817	2026-09-24T22:54:14.461306961Z	140852	0																			
2818	2026-09-24T22:54:14.511112483Z	140902	0																			
2819	2026-09-24T22:54:14.56083808Z	140951	0																			
2820	2026-09-24T22:54:14.610504517Z	141001	0																			
2821	2026-09-24T22:54:14.661201114Z	141052	0																			
2822	2026-09-24T22:54:14.710853837Z	141101	0																			
2823	2026-09-24T22:54:14.761530086Z	141152	0																			
2824	2026-09-24T22:54:14.811193526Z	141202	0																			
2825	2026-09-24T22:54:14.86086811Z	141252	0																			
2826	2026-09-24T22:54:14.911524953Z	141302	0																			
2827	2026-09-24T22:54:14.961126634Z	141352	0																			
2828	2026-09-24T22:54:15.010771684Z	141401	0																			
2829	2026-09-24T22:54:15.061373526Z	141452	0																			
2830	2026-09-24T22:54:15.111043817Z	141502	0																			
2831	2026-09-24T22:54:15.16069252Z	141551	0																			
2832	2026-09-24T22:54:15.21135237Z	141602	0																			
2833	2026-09-24T22:54:15.261014489Z	141652	0																			
2834	2026-09-24T22:54:15.31070301Z	141701	0																			
2835	2026-09-24T22:54:15.361414138Z	141752	0																			
2836	2026-09-24T22:54:15.411072186Z	141802	0																			
2837	2026-09-24T22:54:15.460835666Z	141851	0																			
2838	2026-09-24T22:54:15.511507087Z	141902	0																			
2839	2026-09-24T22:54:15.561145649Z	141952	0																			
2840	2026-09-24T22:54:15.610810512Z	142001	0																			
2841	2026-09-24T22:54:15.661492166Z	142052	0																			
2842	2026-09-24T22:54:15.711137033Z	142102	0																			
2843	2026-09-24T22:54:15.760826863Z	142151	0																			
2844	2026-09-24T22:54:15.811521155Z	142202	0																			
2845	2026-09-24T22:54:15.861203183Z	142252	0																			
2846	2026-09-24T22:54:15.910842701Z	142301	0																			
2847	2026-09-24T22:54:15.961508998Z	142352	0																			
2848	2026-09-24T22:54:16.011158178Z	142402	0																			
2849	2026-09-24T22:54:16.060786058Z	142451	0																			
2850	2026-09-24T22:54:16.11143534Z	142502	0																			
2851	2026-09-24T22:54:16.161054155Z	142552	0																			
2852	2026-09-24T22:54:16.210686751Z	142601	0																			
2853	2026-09-24T22:54:16.261302303Z	142652	0																			
2854	2026-09-24T22:54:16.310978666Z	142702	0																			
2855	2026-09-24T22:54:16.360666359Z	142751	0																			
2856	2026-09-24T22:54:16.411406041Z	142802	0																			
2857	2026-09-24T22:54:16.461050034Z	142852	0																			
2858	2026-09-24T22:54:16.510724901Z	142901	0																			
2859	2026-09-24T22:54:16.561363738Z	142952	0																			
2860	2026-09-24T22:54:16.611072388Z	143002	0																			
2861	2026-09-24T22:54:16.660758314Z	143051	0																			
2862	2026-09-24T22:54:16.711411155Z	143102	0																			
2863	2026-09-24T22:54:16.761045754Z	143152	0																			
2864	2026-09-24T22:54:16.810701367Z	143201	0																			
2865	2026-09-24T22:54:16.861339825Z	143252	0																			
2866	2026-09-24T22:54:16.910982705Z	143302	0																			
2867	2026-09-24T22:54:16.960675889Z	143351	0																			
2868	2026-09-24T22:54:17.011362524Z	143402	0																			
2869	2026-09-24T22:54:17.060995932Z	143452	0																			
2870	2026-09-24T22:54:17.110674794Z	143501	0																			
2871	2026-09-24T22:54:17.161342733Z	143552	0																			
2872	2026-09-24T22:54:17.211068255Z	143602	0																			
2873	2026-09-24T22:54:17.260684343Z	143651	0																			
2874	2026-09-24T22:54:17.311378567Z	143702	0																			
2875	2026-09-24T22:54:17.3610545Z	143752	0																			
2876	2026-09-24T22:54:17.410747128Z	143801	0																			
2877	2026-09-24T22:54:17.461442401Z	143852	0																			
2878	2026-09-24T22:54:17.511074374Z	143902	0																			
2879	2026-09-24T22:54:17.560753545Z	143951	0																			
2880	2026-09-24T22:54:17.611434009Z	144002	0																			
2881	2026-09-24T22:54:17.661075059Z	144052	0																			
2882	2026-09-24T22:54:17.710764679Z	144101	0																			
2883	2026-09-24T22:54:17.761462863Z	144152	0																			
2884	2026-09-24T22:54:17.811127369Z	144202	0																			
2885	2026-09-24T22:54:17.860830794Z	144251	0																			
2886	2026-09-24T22:54:17.911511773Z	144302	0																			
2887	2026-09-24T22:54:17.961182752Z	144352	0																			
2888	2026-09-24T22:54:18.010875993Z	144402	0																			
2889	2026-09-24T22:54:18.060531187Z	144451	0																			
2890	2026-09-24T22:54:18.111217876Z	144502	0																			
2891	2026-09-24T22:54:18.160899732Z	144552	0																			
2892	2026-09-24T22:54:18.210519129Z	144601	0																			
2893	2026-09-24T22:54:18.261177781Z	144652	0																			
2894	2026-09-24T22:54:18.310846669Z	144701	0																			
2895	2026-09-24T22:54:18.361502077Z	144752	0																			
2896	2026-09-24T22:54:18.411153163Z	144802	0																			
2897	2026-09-24T22:54:18.460851315Z	144851	0																			
2898	2026-09-24T22:54:18.511511355Z	144902	0																			
2899	2026-09-24T22:54:18.561187146Z	144952	0																			
2900	2026-09-24T22:54:18.610866925Z	145002	0																			
2901	2026-09-24T22:54:18.661502711Z	145052	0																			
2902	2026-09-24T22:54:18.71109171Z	145102	0																			
2903	2026-09-24T22:54:18.760747586Z	145151	0																			
2904	2026-09-24T22:54:18.811423312Z	145202	0																			
2905	2026-09-24T22:54:18.861124446Z	145252	0																			
2906	2026-09-24T22:54:18.910747201Z	145301	0																			
2907	2026-09-24T22:54:18.961437235Z	145352	0																			
2908	2026-09-24T22:54:19.011130794Z	145402	0																			
2909	2026-09-24T22:54:19.060825902Z	145451	0																			
2910	2026-09-24T22:54:19.111530435Z	145502	0																			
2911	2026-09-24T22:54:19.161214275Z	145552	0																			
2912	2026-09-24T22:54:19.210925376Z	145602	0																			
2913	2026-09-24T22:54:19.260619083Z	145651	0																			
2914	2026-09-24T22:54:19.311420519Z	145702	0																			
2915	2026-09-24T22:54:19.361166565Z	145752	0																			
2916	2026-09-24T22:54:19.410865977Z	145802	0																			
2917	2026-09-24T22:54:19.460608875Z	145851	0																			
2918	2026-09-24T22:54:19.511318424Z	145902	0																			
2919	2026-09-24T22:54:19.561064102Z	145952	0																			
2920	2026-09-24T22:54:19.610780343Z	146001	0																			
2921	2026-09-24T22:54:19.661503046Z	146052	0																			
2922	2026-09-24T22:54:19.711180584Z	146102	0																			
2923	2026-09-24T22:54:19.760923281Z	146152	0																			
2924	2026-09-24T22:54:19.810639737Z	146201	0																			
2925	2026-09-24T22:54:19.861354461Z	146252	0																			
2926	2026-09-24T22:54:19.911063952Z	146302	0																			
2927	2026-09-24T22:54:19.960762851Z	146351	0																			
2928	2026-09-24T22:54:20.011434296Z	146402	0																			
2929	2026-09-24T22:54:20.061172126Z	146452	0																			
2930	2026-09-24T22:54:20.110909946Z	146502	0																			
2931	2026-09-24T22:54:20.160619361Z	146551	0																			
2932	2026-09-24T22:54:20.211338992Z	146602	0																			
2933	2026-09-24T22:54:20.261078556Z	146652	0																			
2934	2026-09-24T22:54:20.310822407Z	146701	0																			
2935	2026-09-24T22:54:20.360502033Z	146751	0																			
2936	2026-09-24T22:54:20.411257685Z	146802	0																			
2937	2026-09-24T22:54:20.460975507Z	146852	0																			
2938	2026-09-24T22:54:20.510682622Z	146901	0																			
2939	2026-09-24T22:54:20.561392478Z	146952	0																			
2940	2026-09-24T22:54:20.611118372Z	147002	0																			
2941	2026-09-24T22:54:20.660845249Z	147051	0																			
2942	2026-09-24T22:54:20.711503247Z	147102	0																			
2943	2026-09-24T22:54:20.761166251Z	147152	0																			
2944	2026-09-24T22:54:20.810843818Z	147201	0																			
2945	2026-09-24T22:54:20.86146594Z	147252	0																			
2946	2026-09-24T22:54:20.911138596Z	147302	0																			
2947	2026-09-24T22:54:20.960822918Z	147351	0																			
2948	2026-09-24T22:54:21.011525179Z	147402	0																			
2949	2026-09-24T22:54:21.061209097Z	147452	0																			
2950	2026-09-24T22:54:21.110904701Z	147502	0																			
2951	2026-09-24T22:54:21.160609419Z	147551	0																			
2952	2026-09-24T22:54:21.21128805Z	147602	0																			
2953	2026-09-24T22:54:21.260993413Z	147652	0																			
2954	2026-09-24T22:54:21.310651892Z	147701	0																			
2955	2026-09-24T22:54:21.361368261Z	147752	0																			
2956	2026-09-24T22:54:21.411116771Z	147802	0																			
2957	2026-09-24T22:54:21.460885778Z	147852	0																			
2958	2026-09-24T22:54:21.510610519Z	147901	0																			
2959	2026-09-24T22:54:21.561268489Z	147952	0																			
2960	2026-09-24T22:54:21.610989729Z	148002	0																			
2961	2026-09-24T22:54:21.660695022Z	148051	0																			
2962	2026-09-24T22:54:21.711364666Z	148102	0																			
2963	2026-09-24T22:54:21.761064115Z	148152	0																			
2964	2026-09-24T22:54:21.810772819Z	148201	0																			
2965	2026-09-24T22:54:21.861438006Z	148252	0																			
2966	2026-09-24T22:54:21.911139801Z	148302	0																			
2967	2026-09-24T22:54:21.960841722Z	148351	0																			
2968	2026-09-24T22:54:22.011516013Z	148402	0																			
2969	2026-09-24T22:54:22.061223876Z	148452	0																			
2970	2026-09-24T22:54:22.110922568Z	148502	0																			
2971	2026-09-24T22:54:22.160624833Z	148551	0																			
2972	2026-09-24T22:54:22.211298025Z	148602	0																			
2973	2026-09-24T22:54:22.260997982Z	148652	0																			
2974	2026-09-24T22:54:22.310710064Z	148701	0																			
2975	2026-09-24T22:54:22.361443055Z	148752	0																			
2976	2026-09-24T22:54:22.411150329Z	148802	0																			
2977	2026-09-24T22:54:22.460890247Z	148852	0																			
2978	2026-09-24T22:54:22.510540585Z	148901	0																			
2979	2026-09-24T22:54:22.561225525Z	148952	0																			
2980	2026-09-24T22:54:22.610881635Z	149002	0																			
2981	2026-09-24T22:54:22.660611616Z	149051	0																			
2982	2026-09-24T22:54:22.711211725Z	149102	0																			
2983	2026-09-24T22:54:22.76089244Z	149152	0																			
2984	2026-09-24T22:54:22.811526532Z	149202	0																			
2985	2026-09-24T22:54:22.861210989Z	149252	0																			
2986	2026-09-24T22:54:22.91084681Z	149301	0																			
2987	2026-09-24T22:54:22.961523921Z	149352	0																			
2988	2026-09-24T22:54:23.011136649Z	149402	0																			
2989	2026-09-24T22:54:23.060826847Z	149451	0																			
2990	2026-09-24T22:54:23.111489063Z	149502	0																			
2991	2026-09-24T22:54:23.161136903Z	149552	0																			
2992	2026-09-24T22:54:23.21082142Z	149601	0																			
2993	2026-09-24T22:54:23.260491745Z	149651	0																			
2994	2026-09-24T22:54:23.311151804Z	149702	0																			
2995	2026-09-24T22:54:23.360850714Z	149751	0																			
2996	2026-09-24T22:54:23.410526868Z	149801	0																			
2997	2026-09-24T22:54:23.461241237Z	149852	0																			
2998	2026-09-24T22:54:23.510920678Z	149902	0																			
2999	2026-09-24T22:54:23.560613273Z	149951	0																			
3000	2026-09-24T22:54:23.611313227Z	150002	0																			
3001	2026-09-24T22:54:23.660694806Z	150051	0																			
3002	2026-09-24T22:54:23.711375398Z	150102	0																			
3003	2026-09-24T22:54:23.761063545Z	150152	0																			
3004	2026-09-24T22:54:23.810720895Z	150201	0																			
3005	2026-09-24T22:54:23.861447597Z	150252	0																			
3006	2026-09-24T22:54:23.911141158Z	150302	0																			
3007	2026-09-24T22:54:23.960829296Z	150351	0																			
3008	2026-09-24T22:54:24.011520569Z	150402	0																			
3009	2026-09-24T22:54:24.061202147Z	150452	0																			
3010	2026-09-24T22:54:24.110885452Z	150502	0																			
3011	2026-09-24T22:54:24.160501701Z	150551	0																			
3012	2026-09-24T22:54:24.211181276Z	150602	0																			
3013	2026-09-24T22:54:24.26091924Z	150652	0																			
3014	2026-09-24T22:54:24.310633119Z	150701	0																			
3015	2026-09-24T22:54:24.361353895Z	150752	0																			
3016	2026-09-24T22:54:24.411021906Z	150802	0																			
3017	2026-09-24T22:54:24.460691249Z	150851	0																			
3018	2026-09-24T22:54:24.511400765Z	150902	0																			
3019	2026-09-24T22:54:24.561140834Z	150952	0																			
3020	2026-09-24T22:54:24.610806905Z	151001	0																			
3021	2026-09-24T22:54:24.661514299Z	151052	0																			
3022	2026-09-24T22:54:24.711211437Z	151102	0																			
3023	2026-09-24T22:54:24.760904565Z	151152	0																			
3024	2026-09-24T22:54:24.810606624Z	151201	0																			
3025	2026-09-24T22:54:24.86124544Z	151252	0																			
3026	2026-09-24T22:54:24.910951598Z	151302	0																			
3027	2026-09-24T22:54:24.960644501Z	151351	0																			
3028	2026-09-24T22:54:25.011303162Z	151402	0																			
3029	2026-09-24T22:54:25.06098129Z	151452	0																			
3030	2026-09-24T22:54:25.110611147Z	151501	0																			
3031	2026-09-24T22:54:25.161303603Z	151552	0																			
3032	2026-09-24T22:54:25.210919585Z	151602	0																			
3033	2026-09-24T22:54:25.260556877Z	151651	0																			
3034	2026-09-24T22:54:25.311249018Z	151702	0																			
3035	2026-09-24T22:54:25.360921764Z	151752	0																			
3036	2026-09-24T22:54:25.410612318Z	151801	0																			
3037	2026-09-24T22:54:25.461327613Z	151852	0																			
3038	2026-09-24T22:54:25.510997335Z	151902	0																			
3039	2026-09-24T22:54:25.560638429Z	151951	0																			
3040	2026-09-24T22:54:25.61128696Z	152002	0																			
3041	2026-09-24T22:54:25.660985491Z	152052	0																			
3042	2026-09-24T22:54:25.710600173Z	152101	0																			
3043	2026-09-24T22:54:25.761224263Z	152152	0																			
3044	2026-09-24T22:54:25.810908887Z	152202	0																			
3045	2026-09-24T22:54:25.860616275Z	152251	0																			
3046	2026-09-24T22:54:25.911284102Z	152302	0																			
3047	2026-09-24T22:54:25.960969541Z	152352	0																			
3048	2026-09-24T22:54:26.010692478Z	152401	0																			
3049	2026-09-24T22:54:26.061399154Z	152452	0																			
3050	2026-09-24T22:54:26.111075025Z	152502	0																			
3051	2026-09-24T22:54:26.160744581Z	152551	0																			
3052	2026-09-24T22:54:26.211447649Z	152602	0																			
3053	2026-09-24T22:54:26.261195753Z	152652	0																			
3054	2026-09-24T22:54:26.310866172Z	152702	0																			
3055	2026-09-24T22:54:26.360504866Z	152751	0																			
3056	2026-09-24T22:54:26.411163695Z	152802	0																			
3057	2026-09-24T22:54:26.460886558Z	152852	0																			
3058	2026-09-24T22:54:26.510615466Z	152901	0																			
3059	2026-09-24T22:54:26.561265249Z	152952	0																			
3060	2026-09-24T22:54:26.610996011Z	153002	0																			
3061	2026-09-24T22:54:26.660687Z	153051	0																			
3062	2026-09-24T22:54:26.711285612Z	153102	0																			
3063	2026-09-24T22:54:26.760922724Z	153152	0																			
3064	2026-09-24T22:54:26.810523485Z	153201	0																			
3065	2026-09-24T22:54:26.861211443Z	153252	0																			
3066	2026-09-24T22:54:26.910896974Z	153302	0																			
3067	2026-09-24T22:54:26.960513326Z	153351	0																			
3068	2026-09-24T22:54:27.011188177Z	153402	0																			
3069	2026-09-24T22:54:27.06081018Z	153451	0																			
3070	2026-09-24T22:54:27.110481345Z	153501	0																			
3071	2026-09-24T22:54:27.161110525Z	153552	0																			
3072	2026-09-24T22:54:27.21078996Z	153601	0																			
3073	2026-09-24T22:54:27.261450462Z	153652	0																			
3074	2026-09-24T22:54:27.311126239Z	153702	0																			
3075	2026-09-24T22:54:27.360812569Z	153751	0																			
3076	2026-09-24T22:54:27.411439752Z	153802	0																			
3077	2026-09-24T22:54:27.461135939Z	153852	0																			
3078	2026-09-24T22:54:27.510836772Z	153901	0																			
3079	2026-09-24T22:54:27.561485225Z	153952	0																			
3080	2026-09-24T22:54:27.611120372Z	154002	0																			
3081	2026-09-24T22:54:27.660836916Z	154051	0																			
3082	2026-09-24T22:54:27.711451982Z	154102	0																			
3083	2026-09-24T22:54:27.761108882Z	154152	0																			
3084	2026-09-24T22:54:27.810760125Z	154201	0																			
3085	2026-09-24T22:54:27.861435494Z	154252	0																			
3086	2026-09-24T22:54:27.911125342Z	154302	0																			
3087	2026-09-24T22:54:27.960769426Z	154351	0																			
3088	2026-09-24T22:54:28.011439047Z	154402	0																			
3089	2026-09-24T22:54:28.061098377Z	154452	0																			
3090	2026-09-24T22:54:28.110800036Z	154501	0																			
3091	2026-09-24T22:54:28.161511387Z	154552	0																			
3092	2026-09-24T22:54:28.211211155Z	154602	0																			
3093	2026-09-24T22:54:28.260942235Z	154652	0																			
3094	2026-09-24T22:54:28.310629885Z	154701	0																			
3095	2026-09-24T22:54:28.36134509Z	154752	0																			
3096	2026-09-24T22:54:28.41104853Z	154802	0																			
3097	2026-09-24T22:54:28.460820809Z	154851	0																			
3098	2026-09-24T22:54:28.511453607Z	154902	0																			
3099	2026-09-24T22:54:28.561175591Z	154952	0																			
3100	2026-09-24T22:54:28.610888957Z	155002	0																			
3101	2026-09-24T22:54:28.660492747Z	155051	0																			
3102	2026-09-24T22:54:28.711213389Z	155102	0																			
3103	2026-09-24T22:54:28.760920582Z	155152	0																			
3104	2026-09-24T22:54:28.8106169Z	155201	0																			
3105	2026-09-24T22:54:28.861286606Z	155252	0																			
3106	2026-09-24T22:54:28.910980766Z	155302	0																			
3107	2026-09-24T22:54:28.960690397Z	155351	0																			
3108	2026-09-24T22:54:29.011359745Z	155402	0																			
3109	2026-09-24T22:54:29.061012291Z	155452	0																			
3110	2026-09-24T22:54:29.110693324Z	155501	0																			
3111	2026-09-24T22:54:29.161379636Z	155552	0																			
3112	2026-09-24T22:54:29.211075527Z	155602	0																			
3113	2026-09-24T22:54:29.26079865Z	155651	0																			
3114	2026-09-24T22:54:29.311445245Z	155702	0																			
3115	2026-09-24T22:54:29.361129501Z	155752	0																			
3116	2026-09-24T22:54:29.410801039Z	155801	0																			
3117	2026-09-24T22:54:29.461519055Z	155852	0																			
3118	2026-09-24T22:54:29.511225441Z	155902	0																			
3119	2026-09-24T22:54:29.560905756Z	155952	0																			
3120	2026-09-24T22:54:29.610633704Z	156001	0																			
3121	2026-09-24T22:54:29.661354366Z	156052	0																			
3122	2026-09-24T22:54:29.711049757Z	156102	0																			
3123	2026-09-24T22:54:29.76075725Z	156151	0																			
3124	2026-09-24T22:54:29.811438387Z	156202	0																			
3125	2026-09-24T22:54:29.861088521Z	156252	0																			
3126	2026-09-24T22:54:29.910813896Z	156301	0																			
3127	2026-09-24T22:54:29.961524295Z	156352	0																			
3128	2026-09-24T22:54:30.011219035Z	156402	0																			
3129	2026-09-24T22:54:30.060920916Z	156452	0																			
3130	2026-09-24T22:54:30.110669957Z	156501	0																			
3131	2026-09-24T22:54:30.161379223Z	156552	0																			
3132	2026-09-24T22:54:30.211090208Z	156602	0																			
3133	2026-09-24T22:54:30.260814886Z	156651	0																			
3134	2026-09-24T22:54:30.311511083Z	156702	0																			
3135	2026-09-24T22:54:30.361227933Z	156752	0																			
3136	2026-09-24T22:54:30.410912318Z	156802	0																			
3137	2026-09-24T22:54:30.460635217Z	156851	0																			
3138	2026-09-24T22:54:30.511318254Z	156902	0																			
3139	2026-09-24T22:54:30.561029818Z	156952	0																			
3140	2026-09-24T22:54:30.61072016Z	157001	0																			
3141	2026-09-24T22:54:30.661366419Z	157052	0																			
3142	2026-09-24T22:54:30.711001208Z	157102	0																			
3143	2026-09-24T22:54:30.760671508Z	157151	0																			
3144	2026-09-24T22:54:30.811332166Z	157202	0																			
3145	2026-09-24T22:54:30.861012798Z	157252	0																			
3146	2026-09-24T22:54:30.910687224Z	157301	0																			
3147	2026-09-24T22:54:30.961398068Z	157352	0																			
3148	2026-09-24T22:54:31.011061687Z	157402	0																			
3149	2026-09-24T22:54:31.060757311Z	157451	0																			
3150	2026-09-24T22:54:31.111443808Z	157502	0																			
3151	2026-09-24T22:54:31.161135257Z	157552	0																			
3152	2026-09-24T22:54:31.210837997Z	157601	0																			
3153	2026-09-24T22:54:31.261529905Z	157652	0																			
3154	2026-09-24T22:54:31.311226242Z	157702	0																			
3155	2026-09-24T22:54:31.360949431Z	157752	0																			
3156	2026-09-24T22:54:31.410683831Z	157801	0																			
3157	2026-09-24T22:54:31.461397655Z	157852	0																			
3158	2026-09-24T22:54:31.511122281Z	157902	0																			
3159	2026-09-24T22:54:31.560794649Z	157951	0																			
3160	2026-09-24T22:54:31.611532738Z	158002	0																			
3161	2026-09-24T22:54:31.661284816Z	158052	0																			
3162	2026-09-24T22:54:31.711042478Z	158102	0																			
3163	2026-09-24T22:54:31.760800168Z	158151	0																			
3164	2026-09-24T22:54:31.81049736Z	158201	0																			
3165	2026-09-24T22:54:31.861240632Z	158252	0																			
3166	2026-09-24T22:54:31.910940567Z	158302	0																			
3167	2026-09-24T22:54:31.960697723Z	158351	0																			
3168	2026-09-24T22:54:32.011409939Z	158402	0																			
3169	2026-09-24T22:54:32.06115162Z	158452	0																			
3170	2026-09-24T22:54:32.110855456Z	158501	0																			
3171	2026-09-24T22:54:32.160518449Z	158551	0																			
3172	2026-09-24T22:54:32.211192978Z	158602	0																			
3173	2026-09-24T22:54:32.260935654Z	158652	0																			
3174	2026-09-24T22:54:32.310615967Z	158701	0																			
3175	2026-09-24T22:54:32.361366372Z	158752	0																			
3176	2026-09-24T22:54:32.411076854Z	158802	0																			
3177	2026-09-24T22:54:32.460768197Z	158851	0																			
3178	2026-09-24T22:54:32.511398909Z	158902	0																			
3179	2026-09-24T22:54:32.561116794Z	158952	0																			
3180	2026-09-24T22:54:32.610776978Z	159001	0																			
3181	2026-09-24T22:54:32.66144016Z	159052	0																			
3182	2026-09-24T22:54:32.711118454Z	159102	0																			
3183	2026-09-24T22:54:32.760810237Z	159151	0																			
3184	2026-09-24T22:54:32.811451829Z	159202	0																			
3185	2026-09-24T22:54:32.861077387Z	159252	0																			
3186	2026-09-24T22:54:32.910692394Z	159301	0																			
3187	2026-09-24T22:54:32.961359756Z	159352	0																			
3188	2026-09-24T22:54:33.011060105Z	159402	0																			
3189	2026-09-24T22:54:33.060754198Z	159451	0																			
3190	2026-09-24T22:54:33.111439497Z	159502	0																			
3191	2026-09-24T22:54:33.161142031Z	159552	0																			
3192	2026-09-24T22:54:33.21082602Z	159601	0																			
3193	2026-09-24T22:54:33.260482901Z	159651	0																			
3194	2026-09-24T22:54:33.311193678Z	159702	0																			
3195	2026-09-24T22:54:33.360877949Z	159752	0																			
3196	2026-09-24T22:54:33.410672019Z	159801	0																			
3197	2026-09-24T22:54:33.46138543Z	159852	0																			
3198	2026-09-24T22:54:33.511069867Z	159902	0																			
3199	2026-09-24T22:54:33.560746693Z	159951	0																			
3200	2026-09-24T22:54:33.61145762Z	160002	0																			
3201	2026-09-24T22:54:33.660845742Z	160051	0																			
3202	2026-09-24T22:54:33.711531922Z	160102	0																			
3203	2026-09-24T22:54:33.761225642Z	160152	0																			
3204	2026-09-24T22:54:33.810911831Z	160202	0																			
3205	2026-09-24T22:54:33.860537226Z	160251	0																			
3206	2026-09-24T22:54:33.911166286Z	160302	0																			
3207	2026-09-24T22:54:33.960863987Z	160352	0																			
3208	2026-09-24T22:54:34.010492571Z	160401	0																			
3209	2026-09-24T22:54:34.061150826Z	160452	0																			
3210	2026-09-24T22:54:34.110839673Z	160501	0																			
3211	2026-09-24T22:54:34.161510224Z	160552	0																			
3212	2026-09-24T22:54:34.211195454Z	160602	0																			
3213	2026-09-24T22:54:34.260844525Z	160651	0																			
3214	2026-09-24T22:54:34.311479723Z	160702	0																			
3215	2026-09-24T22:54:34.361166796Z	160752	0																			
3216	2026-09-24T22:54:34.410863317Z	160802	0																			
3217	2026-09-24T22:54:34.460493293Z	160851	0																			
3218	2026-09-24T22:54:34.511147378Z	160902	0																			
3219	2026-09-24T22:54:34.560843628Z	160951	0																			
3220	2026-09-24T22:54:34.610483081Z	161001	0																			
3221	2026-09-24T22:54:34.661186262Z	161052	0																			
3222	2026-09-24T22:54:34.710837891Z	161101	0																			
3223	2026-09-24T22:54:34.761515174Z	161152	0																			
3224	2026-09-24T22:54:34.811203598Z	161202	0																			
3225	2026-09-24T22:54:34.860836744Z	161251	0																			
3226	2026-09-24T22:54:34.9115088Z	161302	0																			
3227	2026-09-24T22:54:34.961147122Z	161352	0																			
3228	2026-09-24T22:54:35.010821153Z	161401	0																			
3229	2026-09-24T22:54:35.061500118Z	161452	0																			
3230	2026-09-24T22:54:35.111161739Z	161502	0																			
3231	2026-09-24T22:54:35.160843978Z	161551	0																			
3232	2026-09-24T22:54:35.210473878Z	161601	0																			
3233	2026-09-24T22:54:35.26120003Z	161652	0																			
3234	2026-09-24T22:54:35.310921162Z	161702	0																			
3235	2026-09-24T22:54:35.360617443Z	161751	0																			
3236	2026-09-24T22:54:35.411366194Z	161802	0																			
3237	2026-09-24T22:54:35.461048415Z	161852	0																			
3238	2026-09-24T22:54:35.510794112Z	161901	0																			
3239	2026-09-24T22:54:35.560486313Z	161951	0																			
3240	2026-09-24T22:54:35.6112207Z	162002	0																			
3241	2026-09-24T22:54:35.660916235Z	162052	0																			
3242	2026-09-24T22:54:35.710540841Z	162101	0																			
3243	2026-09-24T22:54:35.761223518Z	162152	0																			
3244	2026-09-24T22:54:35.810915401Z	162202	0																			
3245	2026-09-24T22:54:35.860616626Z	162251	0																			
3246	2026-09-24T22:54:35.911287302Z	162302	0																			
3247	2026-09-24T22:54:35.961002115Z	162352	0																			
3248	2026-09-24T22:54:36.010694376Z	162401	0																			
3249	2026-09-24T22:54:36.061377405Z	162452	0																			
3250	2026-09-24T22:54:36.111082949Z	162502	0																			
3251	2026-09-24T22:54:36.160762686Z	162551	0																			
3252	2026-09-24T22:54:36.211439579Z	162602	0																			
3253	2026-09-24T22:54:36.261081615Z	162652	0																			
3254	2026-09-24T22:54:36.310778078Z	162701	0																			
3255	2026-09-24T22:54:36.361482306Z	162752	0																			
3256	2026-09-24T22:54:36.41114596Z	162802	0																			
3257	2026-09-24T22:54:36.460846653Z	162851	0																			
3258	2026-09-24T22:54:36.510609722Z	162901	0																			
3259	2026-09-24T22:54:36.561289582Z	162952	0																			
3260	2026-09-24T22:54:36.611003555Z	163002	0																			
3261	2026-09-24T22:54:36.660746259Z	163051	0																			
3262	2026-09-24T22:54:36.711444576Z	163102	0																			
3263	2026-09-24T22:54:36.761144186Z	163152	0																			
3264	2026-09-24T22:54:36.810840147Z	163201	0																			
3265	2026-09-24T22:54:36.860494598Z	163251	0																			
3266	2026-09-24T22:54:36.911147956Z	163302	0																			
3267	2026-09-24T22:54:36.960836872Z	163351	0																			
3268	2026-09-24T22:54:37.010494888Z	163401	0																			
3269	2026-09-24T22:54:37.061197825Z	163452	0																			
3270	2026-09-24T22:54:37.110864001Z	163502	0																			
3271	2026-09-24T22:54:37.16047481Z	163551	0																			
3272	2026-09-24T22:54:37.21116943Z	163602	0																			
3273	2026-09-24T22:54:37.260845682Z	163651	0																			
3274	2026-09-24T22:54:37.311500106Z	163702	0																			
3275	2026-09-24T22:54:37.361174865Z	163752	0																			
3276	2026-09-24T22:54:37.410876864Z	163802	0																			
3277	2026-09-24T22:54:37.460513395Z	163851	0																			
3278	2026-09-24T22:54:37.51119551Z	163902	0																			
3279	2026-09-24T22:54:37.560907474Z	163952	0																			
3280	2026-09-24T22:54:37.610613478Z	164001	0																			
3281	2026-09-24T22:54:37.66132619Z	164052	0																			
3282	2026-09-24T22:54:37.710992071Z	164102	0																			
3283	2026-09-24T22:54:37.760679096Z	164151	0																			
3284	2026-09-24T22:54:37.811376572Z	164202	0																			
3285	2026-09-24T22:54:37.861019298Z	164252	0																			
3286	2026-09-24T22:54:37.910692775Z	164301	0																			
3287	2026-09-24T22:54:37.961327895Z	164352	0																			
3288	2026-09-24T22:54:38.011102534Z	164402	0																			
3289	2026-09-24T22:54:38.060829774Z	164451	0																			
3290	2026-09-24T22:54:38.111529247Z	164502	0																			
3291	2026-09-24T22:54:38.161221055Z	164552	0																			
3292	2026-09-24T22:54:38.210914197Z	164602	0																			
3293	2026-09-24T22:54:38.26062674Z	164651	0																			
3294	2026-09-24T22:54:38.311360182Z	164702	0																			
3295	2026-09-24T22:54:38.361075348Z	164752	0																			
3296	2026-09-24T22:54:38.410767862Z	164801	0																			
3297	2026-09-24T22:54:38.461451054Z	164852	0																			
3298	2026-09-24T22:54:38.511126006Z	164902	0																			
3299	2026-09-24T22:54:38.560806472Z	164951	0																			
3300	2026-09-24T22:54:38.611511838Z	165002	0																			
3301	2026-09-24T22:54:38.661224816Z	165052	0																			
3302	2026-09-24T22:54:38.71089695Z	165102	0																			
3303	2026-09-24T22:54:38.760600764Z	165151	0																			
3304	2026-09-24T22:54:38.811291752Z	165202	0																			
3305	2026-09-24T22:54:38.860951604Z	165252	0																			
3306	2026-09-24T22:54:38.910699212Z	165301	0																			
3307	2026-09-24T22:54:38.961438391Z	165352	0																			
3308	2026-09-24T22:54:39.011096394Z	165402	0																			
3309	2026-09-24T22:54:39.060764088Z	165451	0																			
3310	2026-09-24T22:54:39.111450787Z	165502	0																			
3311	2026-09-24T22:54:39.161149117Z	165552	0																			
3312	2026-09-24T22:54:39.210842252Z	165601	0																			
3313	2026-09-24T22:54:39.260523792Z	165651	0																			
3314	2026-09-24T22:54:39.311251564Z	165702	0																			
3315	2026-09-24T22:54:39.36098296Z	165752	0																			
3316	2026-09-24T22:54:39.410694839Z	165801	0																			
3317	2026-09-24T22:54:39.461416894Z	165852	0																			
3318	2026-09-24T22:54:39.511139617Z	165902	0																			
3319	2026-09-24T22:54:39.560845727Z	165951	0																			
3320	2026-09-24T22:54:39.610522258Z	166001	0																			
3321	2026-09-24T22:54:39.661228275Z	166052	0																			
3322	2026-09-24T22:54:39.710951108Z	166102	0																			
3323	2026-09-24T22:54:39.760694402Z	166151	0																			
3324	2026-09-24T22:54:39.811440606Z	166202	0																			
3325	2026-09-24T22:54:39.861155044Z	166252	0																			
3326	2026-09-24T22:54:39.910867102Z	166302	0																			
3327	2026-09-24T22:54:39.96060745Z	166351	0																			
3328	2026-09-24T22:54:40.011289359Z	166402	0																			
3329	2026-09-24T22:54:40.060994596Z	166452	0																			
3330	2026-09-24T22:54:40.110694174Z	166501	0																			
3331	2026-09-24T22:54:40.161379564Z	166552	0																			
3332	2026-09-24T22:54:40.211073919Z	166602	0																			
3333	2026-09-24T22:54:40.260797659Z	166651	0																			
3334	2026-09-24T22:54:40.311507278Z	166702	0																			
3335	2026-09-24T22:54:40.361232711Z	166752	0																			
3336	2026-09-24T22:54:40.410922987Z	166802	0																			
3337	2026-09-24T22:54:40.460536916Z	166851	0																			
3338	2026-09-24T22:54:40.511243522Z	166902	0																			
3339	2026-09-24T22:54:40.56091792Z	166952	0																			
3340	2026-09-24T22:54:40.610639523Z	167001	0																			
3341	2026-09-24T22:54:40.661349235Z	167052	0																			
3342	2026-09-24T22:54:40.711069062Z	167102	0																			
3343	2026-09-24T22:54:40.76075474Z	167151	0																			
3344	2026-09-24T22:54:40.811484656Z	167202	0																			
3345	2026-09-24T22:54:40.861120106Z	167252	0																			
3346	2026-09-24T22:54:40.910826083Z	167301	0																			
3347	2026-09-24T22:54:40.961516295Z	167352	0																			
3348	2026-09-24T22:54:41.011149344Z	167402	0																			
3349	2026-09-24T22:54:41.060767397Z	167451	0																			
3350	2026-09-24T22:54:41.111435829Z	167502	0																			
3351	2026-09-24T22:54:41.161072225Z	167552	0																			
3352	2026-09-24T22:54:41.210744868Z	167601	0																			
3353	2026-09-24T22:54:41.261418025Z	167652	0																			
3354	2026-09-24T22:54:41.311072593Z	167702	0																			
3355	2026-09-24T22:54:41.360755426Z	167751	0																			
3356	2026-09-24T22:54:41.411398932Z	167802	0																			
3357	2026-09-24T22:54:41.461106534Z	167852	0																			
3358	2026-09-24T22:54:41.510843618Z	167901	0																			
3359	2026-09-24T22:54:41.560476895Z	167951	0																			
3360	2026-09-24T22:54:41.611147686Z	168002	0																			
3361	2026-09-24T22:54:41.660843928Z	168051	0																			
3362	2026-09-24T22:54:41.711509619Z	168102	0																			
3363	2026-09-24T22:54:41.761137941Z	168152	0																			
3364	2026-09-24T22:54:41.810768312Z	168201	0																			
3365	2026-09-24T22:54:41.861453622Z	168252	0																			
3366	2026-09-24T22:54:41.91113868Z	168302	0																			
3367	2026-09-24T22:54:41.960839005Z	168351	0																			
3368	2026-09-24T22:54:42.010487133Z	168401	0																			
3369	2026-09-24T22:54:42.061199067Z	168452	0																			
3370	2026-09-24T22:54:42.110864365Z	168502	0																			
3371	2026-09-24T22:54:42.160516797Z	168551	0																			
3372	2026-09-24T22:54:42.211226082Z	168602	0																			
3373	2026-09-24T22:54:42.260938931Z	168652	0																			
3374	2026-09-24T22:54:42.310615125Z	168701	0																			
3375	2026-09-24T22:54:42.36134103Z	168752	0																			
3376	2026-09-24T22:54:42.41099817Z	168802	0																			
3377	2026-09-24T22:54:42.460745817Z	168851	0																			
3378	2026-09-24T22:54:42.51145447Z	168902	0																			
3379	2026-09-24T22:54:42.561148319Z	168952	0																			
3380	2026-09-24T22:54:42.610843815Z	169001	0																			
3381	2026-09-24T22:54:42.661495331Z	169052	0																			
3382	2026-09-24T22:54:42.711182466Z	169102	0																			
3383	2026-09-24T22:54:42.760843891Z	169151	0																			
3384	2026-09-24T22:54:42.81149474Z	169202	0																			
3385	2026-09-24T22:54:42.861154319Z	169252	0																			
3386	2026-09-24T22:54:42.910764263Z	169301	0																			
3387	2026-09-24T22:54:42.961425818Z	169352	0																			
3388	2026-09-24T22:54:43.011073117Z	169402	0																			
3389	2026-09-24T22:54:43.060756158Z	169451	0																			
3390	2026-09-24T22:54:43.111430716Z	169502	0																			
3391	2026-09-24T22:54:43.161059113Z	169552	0																			
3392	2026-09-24T22:54:43.210740559Z	169601	0																			
3393	2026-09-24T22:54:43.261428208Z	169652	0																			
3394	2026-09-24T22:54:43.31113132Z	169702	0																			
3395	2026-09-24T22:54:43.360814835Z	169751	0																			
3396	2026-09-24T22:54:43.411510595Z	169802	0																			
3397	2026-09-24T22:54:43.461189798Z	169852	0																			
3398	2026-09-24T22:54:43.510844914Z	169901	0																			
3399	2026-09-24T22:54:43.560480989Z	169951	0																			
3400	2026-09-24T22:54:43.611162708Z	170002	0																			
3401	2026-09-24T22:54:43.660529457Z	170051	0																			
3402	2026-09-24T22:54:43.711200931Z	170102	0																			
3403	2026-09-24T22:54:43.760914413Z	170152	0																			
3404	2026-09-24T22:54:43.810620082Z	170201	0																			
3405	2026-09-24T22:54:43.861287875Z	170252	0																			
3406	2026-09-24T22:54:43.910982833Z	170302	0																			
3407	2026-09-24T22:54:43.960688628Z	170351	0																			
3408	2026-09-24T22:54:44.01138653Z	170402	0																			
3409	2026-09-24T22:54:44.061075778Z	170452	0																			
3410	2026-09-24T22:54:44.110543395Z	170501	0																			
3411	2026-09-24T22:54:44.161299891Z	170552	0																			
3412	2026-09-24T22:54:44.211003077Z	170602	0																			
3413	2026-09-24T22:54:44.260701041Z	170651	0																			
3414	2026-09-24T22:54:44.311426955Z	170702	0																			
3415	2026-09-24T22:54:44.361145386Z	170752	0																			
3416	2026-09-24T22:54:44.41084813Z	170801	0																			
3417	2026-09-24T22:54:44.460493899Z	170851	0																			
3418	2026-09-24T22:54:44.511233385Z	170902	0																			
3419	2026-09-24T22:54:44.560920567Z	170952	0																			
3420	2026-09-24T22:54:44.610616733Z	171001	0																			
3421	2026-09-24T22:54:44.661339595Z	171052	0																			
3422	2026-09-24T22:54:44.711075964Z	171102	0																			
3423	2026-09-24T22:54:44.760771191Z	171151	0																			
3424	2026-09-24T22:54:44.81151362Z	171202	0																			
3425	2026-09-24T22:54:44.861210911Z	171252	0																			
3426	2026-09-24T22:54:44.910913325Z	171302	0																			
3427	2026-09-24T22:54:44.960614064Z	171351	0																			
3428	2026-09-24T22:54:45.011287688Z	171402	0																			
3429	2026-09-24T22:54:45.060988031Z	171452	0																			
3430	2026-09-24T22:54:45.110687273Z	171501	0																			
3431	2026-09-24T22:54:45.161384226Z	171552	0																			
3432	2026-09-24T22:54:45.211072544Z	171602	0																			
3433	2026-09-24T22:54:45.260765153Z	171651	0																			
3434	2026-09-24T22:54:45.311453016Z	171702	0																			
3435	2026-09-24T22:54:45.361150418Z	171752	0																			
3436	2026-09-24T22:54:45.410883583Z	171802	0																			
3437	2026-09-24T22:54:45.460537551Z	171851	0																			
3438	2026-09-24T22:54:45.511281469Z	171902	0																			
3439	2026-09-24T22:54:45.560916019Z	171952	0																			
3440	2026-09-24T22:54:45.610629994Z	172001	0																			
3441	2026-09-24T22:54:45.661375223Z	172052	0																			
3442	2026-09-24T22:54:45.711061546Z	172102	0																			
3443	2026-09-24T22:54:45.760765467Z	172151	0																			
3444	2026-09-24T22:54:45.811439457Z	172202	0																			
3445	2026-09-24T22:54:45.861113517Z	172252	0																			
3446	2026-09-24T22:54:45.910839346Z	172301	0																			
3447	2026-09-24T22:54:45.960506719Z	172351	0																			
3448	2026-09-24T22:54:46.011227722Z	172402	0																			
3449	2026-09-24T22:54:46.060952309Z	172452	0																			
3450	2026-09-24T22:54:46.110681984Z	172501	0																			
3451	2026-09-24T22:54:46.161363329Z	172552	0																			
3452	2026-09-24T22:54:46.211064662Z	172602	0																			
3453	2026-09-24T22:54:46.260704858Z	172651	0																			
3454	2026-09-24T22:54:46.311429596Z	172702	0																			
3455	2026-09-24T22:54:46.36115432Z	172752	0																			
3456	2026-09-24T22:54:46.410847008Z	172801	0																			
3457	2026-09-24T22:54:46.460509075Z	172851	0																			
3458	2026-09-24T22:54:46.511291193Z	172902	0																			
3459	2026-09-24T22:54:46.56104467Z	172952	0																			
3460	2026-09-24T22:54:46.610759838Z	173001	0																			
3461	2026-09-24T22:54:46.661438765Z	173052	0																			
3462	2026-09-24T22:54:46.711157946Z	173102	0																			
3463	2026-09-24T22:54:46.760847556Z	173151	0																			
3464	2026-09-24T22:54:46.81151716Z	173202	0																			
3465	2026-09-24T22:54:46.861224913Z	173252	0																			
3466	2026-09-24T22:54:46.910921961Z	173302	0																			
3467	2026-09-24T22:54:46.960627941Z	173351	0																			
3468	2026-09-24T22:54:47.011349302Z	173402	0																			
3469	2026-09-24T22:54:47.061059443Z	173452	0																			
3470	2026-09-24T22:54:47.110765378Z	173501	0																			
3471	2026-09-24T22:54:47.161458798Z	173552	0																			
3472	2026-09-24T22:54:47.211188532Z	173602	0																			
3473	2026-09-24T22:54:47.260844443Z	173651	0																			
3474	2026-09-24T22:54:47.310529171Z	173701	0																			
3475	2026-09-24T22:54:47.361265471Z	173752	0																			
3476	2026-09-24T22:54:47.411007765Z	173802	0																			
3477	2026-09-24T22:54:47.460763822Z	173851	0																			
3478	2026-09-24T22:54:47.511516426Z	173902	0																			
3479	2026-09-24T22:54:47.561217567Z	173952	0																			
3480	2026-09-24T22:54:47.610922667Z	174002	0																			
3481	2026-09-24T22:54:47.660620059Z	174051	0																			
3482	2026-09-24T22:54:47.71136468Z	174102	0																			
3483	2026-09-24T22:54:47.761077138Z	174152	0																			
3484	2026-09-24T22:54:47.81076774Z	174201	0																			
3485	2026-09-24T22:54:47.861483188Z	174252	0																			
3486	2026-09-24T22:54:47.911204102Z	174302	0																			
3487	2026-09-24T22:54:47.960921595Z	174352	0																			
3488	2026-09-24T22:54:48.01068886Z	174401	0																			
3489	2026-09-24T22:54:48.061365194Z	174452	0																			
3490	2026-09-24T22:54:48.111073658Z	174502	0																			
3491	2026-09-24T22:54:48.160771064Z	174551	0																			
3492	2026-09-24T22:54:48.211514313Z	174602	0																			
3493	2026-09-24T22:54:48.261216446Z	174652	0																			
3494	2026-09-24T22:54:48.310968574Z	174702	0																			
3495	2026-09-24T22:54:48.360690568Z	174751	0																			
3496	2026-09-24T22:54:48.411463918Z	174802	0																			
3497	2026-09-24T22:54:48.461227105Z	174852	0																			
3498	2026-09-24T22:54:48.510954798Z	174902	0																			
3499	2026-09-24T22:54:48.56063708Z	174951	0																			
3500	2026-09-24T22:54:48.611370284Z	175002	0																			
3501	2026-09-24T22:54:48.661064836Z	175052	0																			
3502	2026-09-24T22:54:48.710765979Z	175101	0																			
3503	2026-09-24T22:54:48.761508855Z	175152	0																			
3504	2026-09-24T22:54:48.811233441Z	175202	0																			
3505	2026-09-24T22:54:48.860902176Z	175252	0																			
3506	2026-09-24T22:54:48.910509451Z	175301	0																			
3507	2026-09-24T22:54:48.961226462Z	175352	0																			
3508	2026-09-24T22:54:49.010924449Z	175402	0																			
3509	2026-09-24T22:54:49.060648248Z	175451	0																			
3510	2026-09-24T22:54:49.111373115Z	175502	0																			
3511	2026-09-24T22:54:49.161052128Z	175552	0																			
3512	2026-09-24T22:54:49.21075733Z	175601	0																			
3513	2026-09-24T22:54:49.261477651Z	175652	0																			
3514	2026-09-24T22:54:49.311215805Z	175702	0																			
3515	2026-09-24T22:54:49.36097523Z	175752	0																			
3516	2026-09-24T22:54:49.410692818Z	175801	0																			
3517	2026-09-24T22:54:49.461451298Z	175852	0																			
3518	2026-09-24T22:54:49.511151202Z	175902	0																			
3519	2026-09-24T22:54:49.5608454Z	175951	0																			
3520	2026-09-24T22:54:49.6115224Z	176002	0																			
3521	2026-09-24T22:54:49.661215415Z	176052	0																			
3522	2026-09-24T22:54:49.710952282Z	176102	0																			
3523	2026-09-24T22:54:49.760638059Z	176151	0																			
3524	2026-09-24T22:54:49.811359711Z	176202	0																			
3525	2026-09-24T22:54:49.861015482Z	176252	0																			
3526	2026-09-24T22:54:49.9107298Z	176301	0																			
3527	2026-09-24T22:54:49.961439997Z	176352	0																			
3528	2026-09-24T22:54:50.011139274Z	176402	0																			
3529	2026-09-24T22:54:50.060838012Z	176451	0																			
3530	2026-09-24T22:54:50.110485928Z	176501	0																			
3531	2026-09-24T22:54:50.161196905Z	176552	0																			
3532	2026-09-24T22:54:50.210913082Z	176602	0																			
3533	2026-09-24T22:54:50.260621203Z	176651	0																			
3534	2026-09-24T22:54:50.311291758Z	176702	0																			
3535	2026-09-24T22:54:50.361001208Z	176752	0																			
3536	2026-09-24T22:54:50.410719365Z	176801	0																			
3537	2026-09-24T22:54:50.461442304Z	176852	0																			
3538	2026-09-24T22:54:50.511162835Z	176902	0																			
3539	2026-09-24T22:54:50.560879552Z	176952	0																			
3540	2026-09-24T22:54:50.610611327Z	177001	0																			
3541	2026-09-24T22:54:50.661305498Z	177052	0																			
3542	2026-09-24T22:54:50.711036208Z	177102	0																			
3543	2026-09-24T22:54:50.760776011Z	177151	0																			
3544	2026-09-24T22:54:50.81148868Z	177202	0																			
3545	2026-09-24T22:54:50.861207142Z	177252	0																			
3546	2026-09-24T22:54:50.910912248Z	177302	0																			
3547	2026-09-24T22:54:50.960614869Z	177351	0																			
3548	2026-09-24T22:54:51.011288132Z	177402	0																			
3549	2026-09-24T22:54:51.060997343Z	177452	0																			
3550	2026-09-24T22:54:51.110697802Z	177501	0																			
3551	2026-09-24T22:54:51.161379951Z	177552	0																			
3552	2026-09-24T22:54:51.211082095Z	177602	0																			
3553	2026-09-24T22:54:51.260787214Z	177651	0																			
3554	2026-09-24T22:54:51.311449292Z	177702	0																			
3555	2026-09-24T22:54:51.361116823Z	177752	0																			
3556	2026-09-24T22:54:51.410865084Z	177802	0																			
3557	2026-09-24T22:54:51.460601087Z	177851	0																			
3558	2026-09-24T22:54:51.511286502Z	177902	0																			
3559	2026-09-24T22:54:51.561015634Z	177952	0																			
3560	2026-09-24T22:54:51.610677921Z	178001	0																			
3561	2026-09-24T22:54:51.661300721Z	178052	0																			
3562	2026-09-24T22:54:51.710949018Z	178102	0																			
3563	2026-09-24T22:54:51.760612656Z	178151	0																			
3564	2026-09-24T22:54:51.811288184Z	178202	0																			
3565	2026-09-24T22:54:51.860963213Z	178252	0																			
3566	2026-09-24T22:54:51.910616631Z	178301	0																			
3567	2026-09-24T22:54:51.961382944Z	178352	0																			
3568	2026-09-24T22:54:52.011096534Z	178402	0																			
3569	2026-09-24T22:54:52.0608153Z	178451	0																			
3570	2026-09-24T22:54:52.111511826Z	178502	0																			
3571	2026-09-24T22:54:52.161214613Z	178552	0																			
3572	2026-09-24T22:54:52.210915647Z	178602	0																			
3573	2026-09-24T22:54:52.260634153Z	178651	0																			
3574	2026-09-24T22:54:52.311357979Z	178702	0																			
3575	2026-09-24T22:54:52.361058079Z	178752	0																			
3576	2026-09-24T22:54:52.410701672Z	178801	0																			
3577	2026-09-24T22:54:52.461406654Z	178852	0																			
3578	2026-09-24T22:54:52.511072349Z	178902	0																			
3579	2026-09-24T22:54:52.560768472Z	178951	0																			
3580	2026-09-24T22:54:52.611436952Z	179002	0																			
3581	2026-09-24T22:54:52.661125839Z	179052	0																			
3582	2026-09-24T22:54:52.710781191Z	179101	0																			
3583	2026-09-24T22:54:52.761451944Z	179152	0																			
3584	2026-09-24T22:54:52.811115859Z	179202	0																			
3585	2026-09-24T22:54:52.860738664Z	179251	0																			
3586	2026-09-24T22:54:52.911418197Z	179302	0																			
3587	2026-09-24T22:54:52.961072198Z	179352	0																			
3588	2026-09-24T22:54:53.010764104Z	179401	0																			
3589	2026-09-24T22:54:53.061441566Z	179452	0																			
3590	2026-09-24T22:54:53.111114851Z	179502	0																			
3591	2026-09-24T22:54:53.160785928Z	179551	0																			
3592	2026-09-24T22:54:53.211452126Z	179602	0																			
3593	2026-09-24T22:54:53.261147273Z	179652	0																			
3594	2026-09-24T22:54:53.31083304Z	179701	0																			
3595	2026-09-24T22:54:53.361518409Z	179752	0																			
3596	2026-09-24T22:54:53.41122865Z	179802	0																			
3597	2026-09-24T22:54:53.46091564Z	179852	0																			
3598	2026-09-24T22:54:53.51064131Z	179901	0																			
3599	2026-09-24T22:54:53.5612988Z	179952	0																			
3600	2026-09-24T22:54:53.610988757Z	180002	0																			
3601	2026-09-24T22:54:53.661380862Z	180052	0																			
3602	2026-09-24T22:54:53.711075408Z	180102	0																			
3603	2026-09-24T22:54:53.760772144Z	180151	0																			
3604	2026-09-24T22:54:53.811509521Z	180202	0																			
3605	2026-09-24T22:54:53.861171856Z	180252	0																			
3606	2026-09-24T22:54:53.910838566Z	180301	0																			
3607	2026-09-24T22:54:53.960498615Z	180351	0																			
3608	2026-09-24T22:54:54.011204783Z	180402	0																			
3609	2026-09-24T22:54:54.060920303Z	180452	0																			
3610	2026-09-24T22:54:54.110504175Z	180501	0																			
3611	2026-09-24T22:54:54.161215883Z	180552	0																			
3612	2026-09-24T22:54:54.210923804Z	180602	0																			
3613	2026-09-24T22:54:54.260625239Z	180651	0																			
3614	2026-09-24T22:54:54.311306021Z	180702	0																			
3615	2026-09-24T22:54:54.361006026Z	180752	0																			
3616	2026-09-24T22:54:54.410744469Z	180801	0																			
3617	2026-09-24T22:54:54.461445776Z	180852	0																			
3618	2026-09-24T22:54:54.511154575Z	180902	0																			
3619	2026-09-24T22:54:54.560845799Z	180951	0																			
3620	2026-09-24T22:54:54.610535478Z	181001	0																			
3621	2026-09-24T22:54:54.661282368Z	181052	0																			
3622	2026-09-24T22:54:54.71104568Z	181102	0																			
3623	2026-09-24T22:54:54.760789186Z	181151	0																			
3624	2026-09-24T22:54:54.811494209Z	181202	0																			
3625	2026-09-24T22:54:54.861215579Z	181252	0																			
3626	2026-09-24T22:54:54.910940374Z	181302	0																			
3627	2026-09-24T22:54:54.960615463Z	181351	0																			
3628	2026-09-24T22:54:55.011290082Z	181402	0																			
3629	2026-09-24T22:54:55.06100026Z	181452	0																			
3630	2026-09-24T22:54:55.110694548Z	181501	0																			
3631	2026-09-24T22:54:55.161434885Z	181552	0																			
3632	2026-09-24T22:54:55.211152928Z	181602	0																			
3633	2026-09-24T22:54:55.260887219Z	181652	0																			
3634	2026-09-24T22:54:55.310673421Z	181701	0																			
3635	2026-09-24T22:54:55.361369212Z	181752	0																			
3636	2026-09-24T22:54:55.411098445Z	181802	0																			
3637	2026-09-24T22:54:55.460851501Z	181851	0																			
3638	2026-09-24T22:54:55.510496156Z	181901	0																			
3639	2026-09-24T22:54:55.561237486Z	181952	0																			
3640	2026-09-24T22:54:55.61097764Z	182002	0																			
3641	2026-09-24T22:54:55.660697171Z	182051	0																			
3642	2026-09-24T22:54:55.711417689Z	182102	0																			
3643	2026-09-24T22:54:55.76115142Z	182152	0																			
3644	2026-09-24T22:54:55.810875762Z	182202	0																			
3645	2026-09-24T22:54:55.860482932Z	182251	0																			
3646	2026-09-24T22:54:55.9112122Z	182302	0																			
3647	2026-09-24T22:54:55.960913892Z	182352	0																			
3648	2026-09-24T22:54:56.010614926Z	182401	0																			
3649	2026-09-24T22:54:56.061303747Z	182452	0																			
3650	2026-09-24T22:54:56.111019794Z	182502	0																			
3651	2026-09-24T22:54:56.160753036Z	182551	0																			
3652	2026-09-24T22:54:56.211433342Z	182602	0																			
3653	2026-09-24T22:54:56.261146159Z	182652	0																			
3654	2026-09-24T22:54:56.310765652Z	182701	0																			
3655	2026-09-24T22:54:56.361500759Z	182752	0																			
3656	2026-09-24T22:54:56.411168075Z	182802	0																			
3657	2026-09-24T22:54:56.460921957Z	182852	0																			
3658	2026-09-24T22:54:56.510690539Z	182901	0																			
3659	2026-09-24T22:54:56.561434918Z	182952	0																			
3660	2026-09-24T22:54:56.611156411Z	183002	0																			
3661	2026-09-24T22:54:56.660888085Z	183052	0																			
3662	2026-09-24T22:54:56.710616927Z	183101	0																			
3663	2026-09-24T22:54:56.76134266Z	183152	0																			
3664	2026-09-24T22:54:56.811048956Z	183202	0																			
3665	2026-09-24T22:54:56.86077638Z	183251	0																			
3666	2026-09-24T22:54:56.911455094Z	183302	0																			
3667	2026-09-24T22:54:56.96114138Z	183352	0																			
3668	2026-09-24T22:54:57.010802599Z	183401	0																			
3669	2026-09-24T22:54:57.060481187Z	183451	0																			
3670	2026-09-24T22:54:57.111208284Z	183502	0																			
3671	2026-09-24T22:54:57.160867857Z	183552	0																			
3672	2026-09-24T22:54:57.210537987Z	183601	0																			
3673	2026-09-24T22:54:57.261219424Z	183652	0																			
3674	2026-09-24T22:54:57.310939446Z	183702	0																			
3675	2026-09-24T22:54:57.360666565Z	183751	0																			
3676	2026-09-24T22:54:57.411385887Z	183802	0																			
3677	2026-09-24T22:54:57.46112373Z	183852	0																			
3678	2026-09-24T22:54:57.510845951Z	183901	0																			
3679	2026-09-24T22:54:57.560512259Z	183951	0																			
3680	2026-09-24T22:54:57.611225644Z	184002	0																			
3681	2026-09-24T22:54:57.660946212Z	184052	0																			
3682	2026-09-24T22:54:57.710610275Z	184101	0																			
3683	2026-09-24T22:54:57.761304819Z	184152	0																			
3684	2026-09-24T22:54:57.811008159Z	184202	0																			
3685	2026-09-24T22:54:57.86074273Z	184251	0																			
3686	2026-09-24T22:54:57.91143682Z	184302	0																			
3687	2026-09-24T22:54:57.961151303Z	184352	0																			
3688	2026-09-24T22:54:58.010817926Z	184401	0																			
3689	2026-09-24T22:54:58.061529496Z	184452	0																			
3690	2026-09-24T22:54:58.111213538Z	184502	0																			
3691	2026-09-24T22:54:58.160922363Z	184552	0																			
3692	2026-09-24T22:54:58.21053526Z	184601	0																			
3693	2026-09-24T22:54:58.261234442Z	184652	0																			
3694	2026-09-24T22:54:58.310924733Z	184702	0																			
3695	2026-09-24T22:54:58.360616291Z	184751	0																			
3696	2026-09-24T22:54:58.411309018Z	184802	0																			
3697	2026-09-24T22:54:58.461010707Z	184852	0																			
3698	2026-09-24T22:54:58.510742671Z	184901	0																			
3699	2026-09-24T22:54:58.561436646Z	184952	0																			
3700	2026-09-24T22:54:58.611097878Z	185002	0																			
3701	2026-09-24T22:54:58.660781827Z	185051	0																			
3702	2026-09-24T22:54:58.71145555Z	185102	0																			
3703	2026-09-24T22:54:58.761169983Z	185152	0																			
3704	2026-09-24T22:54:58.810875503Z	185202	0																			
3705	2026-09-24T22:54:58.860596965Z	185251	0																			
3706	2026-09-24T22:54:58.911289588Z	185302	0																			
3707	2026-09-24T22:54:58.96095233Z	185352	0																			
3708	2026-09-24T22:54:59.010615244Z	185401	0																			
3709	2026-09-24T22:54:59.061285767Z	185452	0																			
3710	2026-09-24T22:54:59.110997719Z	185502	0																			
3711	2026-09-24T22:54:59.160691821Z	185551	0																			
3712	2026-09-24T22:54:59.211439355Z	185602	0																			
3713	2026-09-24T22:54:59.261159169Z	185652	0																			
3714	2026-09-24T22:54:59.310845111Z	185701	0																			
3715	2026-09-24T22:54:59.360529133Z	185751	0																			
3716	2026-09-24T22:54:59.411248844Z	185802	0																			
3717	2026-09-24T22:54:59.461020974Z	185852	0																			
3718	2026-09-24T22:54:59.510781222Z	185901	0																			
3719	2026-09-24T22:54:59.561524577Z	185952	0																			
3720	2026-09-24T22:54:59.61121401Z	186002	0																			
3721	2026-09-24T22:54:59.660918994Z	186052	0																			
3722	2026-09-24T22:54:59.71061562Z	186101	0																			
3723	2026-09-24T22:54:59.761288343Z	186152	0																			
3724	2026-09-24T22:54:59.811010545Z	186202	0																			
3725	2026-09-24T22:54:59.860741823Z	186251	0																			
3726	2026-09-24T22:54:59.911439781Z	186302	0																			
3727	2026-09-24T22:54:59.961163431Z	186352	0																			
3728	2026-09-24T22:55:00.010899455Z	186402	0																			
3729	2026-09-24T22:55:00.060615605Z	186451	0																			
3730	2026-09-24T22:55:00.111337907Z	186502	0																			
3731	2026-09-24T22:55:00.161073002Z	186552	0																			
3732	2026-09-24T22:55:00.210771639Z	186601	0																			
3733	2026-09-24T22:55:00.261453911Z	186652	0																			
3734	2026-09-24T22:55:00.311186752Z	186702	0																			
3735	2026-09-24T22:55:00.36091594Z	186752	0																			
3736	2026-09-24T22:55:00.410669758Z	186801	0																			
3737	2026-09-24T22:55:00.461374995Z	186852	0																			
3738	2026-09-24T22:55:00.511065427Z	186902	0																			
3739	2026-09-24T22:55:00.560804701Z	186951	0																			
3740	2026-09-24T22:55:00.61048079Z	187001	0																			
3741	2026-09-24T22:55:00.661215664Z	187052	0																			
3742	2026-09-24T22:55:00.71091698Z	187102	0																			
3743	2026-09-24T22:55:00.760616856Z	187151	0																			
3744	2026-09-24T22:55:00.811288112Z	187202	0																			
3745	2026-09-24T22:55:00.860994687Z	187252	0																			
3746	2026-09-24T22:55:00.91069208Z	187301	0																			
3747	2026-09-24T22:55:00.961380647Z	187352	0																			
3748	2026-09-24T22:55:01.011084882Z	187402	0																			
3749	2026-09-24T22:55:01.060808235Z	187451	0																			
3750	2026-09-24T22:55:01.110497211Z	187501	0																			
3751	2026-09-24T22:55:01.161209434Z	187552	0																			
3752	2026-09-24T22:55:01.210921955Z	187602	0																			
3753	2026-09-24T22:55:01.260660184Z	187651	0																			
3754	2026-09-24T22:55:01.311389975Z	187702	0																			
3755	2026-09-24T22:55:01.361120052Z	187752	0																			
3756	2026-09-24T22:55:01.41084686Z	187801	0																			
3757	2026-09-24T22:55:01.460528321Z	187851	0																			
3758	2026-09-24T22:55:01.511193416Z	187902	0																			
3759	2026-09-24T22:55:01.560893679Z	187952	0																			
3760	2026-09-24T22:55:01.610603365Z	188001	0																			
3761	2026-09-24T22:55:01.661313916Z	188052	0																			
3762	2026-09-24T22:55:01.711025184Z	188102	0																			
3763	2026-09-24T22:55:01.760671115Z	188151	0																			
3764	2026-09-24T22:55:01.811380142Z	188202	0																			
3765	2026-09-24T22:55:01.861086523Z	188252	0																			
3766	2026-09-24T22:55:01.910771202Z	188301	0																			
3767	2026-09-24T22:55:01.961505526Z	188352	0																			
3768	2026-09-24T22:55:02.011227691Z	188402	0																			
3769	2026-09-24T22:55:02.060923561Z	188452	0																			
3770	2026-09-24T22:55:02.110621031Z	188501	0																			
3771	2026-09-24T22:55:02.161366222Z	188552	0																			
3772	2026-09-24T22:55:02.211090533Z	188602	0																			
3773	2026-09-24T22:55:02.260832849Z	188651	0																			
3774	2026-09-24T22:55:02.310508375Z	188701	0																			
3775	2026-09-24T22:55:02.361231189Z	188752	0																			
3776	2026-09-24T22:55:02.410992141Z	188802	0																			
3777	2026-09-24T22:55:02.460725404Z	188851	0																			
3778	2026-09-24T22:55:02.511427358Z	188902	0																			
3779	2026-09-24T22:55:02.56121517Z	188952	0																			
3780	2026-09-24T22:55:02.610914141Z	189002	0																			
3781	2026-09-24T22:55:02.660619356Z	189051	0																			
3782	2026-09-24T22:55:02.711352589Z	189102	0																			
3783	2026-09-24T22:55:02.761062525Z	189152	0																			
3784	2026-09-24T22:55:02.810767458Z	189201	0																			
3785	2026-09-24T22:55:02.86149245Z	189252	0																			
3786	2026-09-24T22:55:02.911217773Z	189302	0																			
3787	2026-09-24T22:55:02.960920266Z	189352	0																			
3788	2026-09-24T22:55:03.01061611Z	189401	0																			
3789	2026-09-24T22:55:03.06131628Z	189452	0																			
3790	2026-09-24T22:55:03.110955149Z	189502	0																			
3791	2026-09-24T22:55:03.160667831Z	189551	0																			
3792	2026-09-24T22:55:03.211363489Z	189602	0																			
3793	2026-09-24T22:55:03.261021116Z	189652	0																			
3794	2026-09-24T22:55:03.310694122Z	189701	0																			
3795	2026-09-24T22:55:03.361385785Z	189752	0																			
3796	2026-09-24T22:55:03.411107987Z	189802	0																			
3797	2026-09-24T22:55:03.460858844Z	189852	0																			
3798	2026-09-24T22:55:03.510615544Z	189901	0																			
3799	2026-09-24T22:55:03.561348517Z	189952	0																			
3800	2026-09-24T22:55:03.611068554Z	190002	0																			
3801	2026-09-24T22:55:03.661493139Z	190052	0																			
3802	2026-09-24T22:55:03.711213743Z	190102	0																			
3803	2026-09-24T22:55:03.760933702Z	190152	0																			
3804	2026-09-24T22:55:03.810656044Z	190201	0																			
3805	2026-09-24T22:55:03.861363415Z	190252	0																			
3806	2026-09-24T22:55:03.911027045Z	190302	0																			
3807	2026-09-24T22:55:03.960762327Z	190351	0																			
3808	2026-09-24T22:55:04.011467098Z	190402	0																			
3809	2026-09-24T22:55:04.061146008Z	190452	0																			
3810	2026-09-24T22:55:04.110801143Z	190501	0																			
3811	2026-09-24T22:55:04.161515788Z	190552	0																			
3812	2026-09-24T22:55:04.211163852Z	190602	0																			
3813	2026-09-24T22:55:04.260893214Z	190652	0																			
3814	2026-09-24T22:55:04.310617261Z	190701	0																			
3815	2026-09-24T22:55:04.361356673Z	190752	0																			
3816	2026-09-24T22:55:04.411063559Z	190802	0																			
3817	2026-09-24T22:55:04.46069074Z	190851	0																			
3818	2026-09-24T22:55:04.511439114Z	190902	0																			
3819	2026-09-24T22:55:04.561173367Z	190952	0																			
3820	2026-09-24T22:55:04.610905568Z	191002	0																			
3821	2026-09-24T22:55:04.660527548Z	191051	0																			
3822	2026-09-24T22:55:04.711213671Z	191102	0																			
3823	2026-09-24T22:55:04.760920575Z	191152	0																			
3824	2026-09-24T22:55:04.810617116Z	191201	0																			
3825	2026-09-24T22:55:04.861335524Z	191252	0																			
3826	2026-09-24T22:55:04.911063454Z	191302	0																			
3827	2026-09-24T22:55:04.960763306Z	191351	0																			
3828	2026-09-24T22:55:05.011455936Z	191402	0																			
3829	2026-09-24T22:55:05.061164546Z	191452	0																			
3830	2026-09-24T22:55:05.110874853Z	191502	0																			
3831	2026-09-24T22:55:05.160541586Z	191551	0																			
3832	2026-09-24T22:55:05.211243325Z	191602	0																			
3833	2026-09-24T22:55:05.260957631Z	191652	0																			
3834	2026-09-24T22:55:05.310685188Z	191701	0																			
3835	2026-09-24T22:55:05.361363921Z	191752	0																			
3836	2026-09-24T22:55:05.411115756Z	191802	0																			
3837	2026-09-24T22:55:05.460825645Z	191851	0																			
3838	2026-09-24T22:55:05.510511274Z	191901	0																			
3839	2026-09-24T22:55:05.561226862Z	191952	0																			
3840	2026-09-24T22:55:05.610921895Z	192002	0																			
3841	2026-09-24T22:55:05.660638605Z	192051	0																			
3842	2026-09-24T22:55:05.711361626Z	192102	0																			
3843	2026-09-24T22:55:05.7610421Z	192152	0																			
3844	2026-09-24T22:55:05.810774187Z	192201	0																			
3845	2026-09-24T22:55:05.861492942Z	192252	0																			
3846	2026-09-24T22:55:05.911206988Z	192302	0																			
3847	2026-09-24T22:55:05.960929293Z	192352	0																			
3848	2026-09-24T22:55:06.010678579Z	192401	0																			
3849	2026-09-24T22:55:06.061362164Z	192452	0																			
3850	2026-09-24T22:55:06.111065619Z	192502	0																			
3851	2026-09-24T22:55:06.160775082Z	192551	0																			
3852	2026-09-24T22:55:06.211506099Z	192602	0																			
3853	2026-09-24T22:55:06.261239796Z	192652	0																			
3854	2026-09-24T22:55:06.310950327Z	192702	0																			
3855	2026-09-24T22:55:06.360637827Z	192751	0																			
3856	2026-09-24T22:55:06.411401468Z	192802	0																			
3857	2026-09-24T22:55:06.461143613Z	192852	0																			
3858	2026-09-24T22:55:06.510840216Z	192901	0																			
3859	2026-09-24T22:55:06.560504046Z	192951	0																			
3860	2026-09-24T22:55:06.611209948Z	193002	0																			
3861	2026-09-24T22:55:06.66088276Z	193052	0																			
3862	2026-09-24T22:55:06.710542021Z	193101	0																			
3863	2026-09-24T22:55:06.761224456Z	193152	0																			
3864	2026-09-24T22:55:06.810938377Z	193202	0																			
3865	2026-09-24T22:55:06.860617452Z	193251	0																			
3866	2026-09-24T22:55:06.91128528Z	193302	0																			
3867	2026-09-24T22:55:06.961011502Z	193352	0																			
3868	2026-09-24T22:55:07.010689983Z	193401	0																			
3869	2026-09-24T22:55:07.061378435Z	193452	0																			
3870	2026-09-24T22:55:07.111074643Z	193502	0																			
3871	2026-09-24T22:55:07.160771031Z	193551	0																			
3872	2026-09-24T22:55:07.211492143Z	193602	0																			
3873	2026-09-24T22:55:07.261225305Z	193652	0																			
3874	2026-09-24T22:55:07.310904108Z	193702	0																			
3875	2026-09-24T22:55:07.36062716Z	193751	0																			
3876	2026-09-24T22:55:07.411359577Z	193802	0																			
3877	2026-09-24T22:55:07.46103061Z	193852	0																			
3878	2026-09-24T22:55:07.510789182Z	193901	0																			
3879	2026-09-24T22:55:07.561506542Z	193952	0																			
3880	2026-09-24T22:55:07.611230559Z	194002	0																			
3881	2026-09-24T22:55:07.660967974Z	194052	0																			
3882	2026-09-24T22:55:07.710694823Z	194101	0																			
3883	2026-09-24T22:55:07.761379899Z	194152	0																			
3884	2026-09-24T22:55:07.811063044Z	194202	0																			
3885	2026-09-24T22:55:07.860764798Z	194251	0																			
3886	2026-09-24T22:55:07.911497525Z	194302	0																			
3887	2026-09-24T22:55:07.961198127Z	194352	0																			
3888	2026-09-24T22:55:08.010914844Z	194402	0																			
3889	2026-09-24T22:55:08.060617837Z	194451	0																			
3890	2026-09-24T22:55:08.111289839Z	194502	0																			
3891	2026-09-24T22:55:08.160960666Z	194552	0																			
3892	2026-09-24T22:55:08.210690356Z	194601	0																			
3893	2026-09-24T22:55:08.26137877Z	194652	0																			
3894	2026-09-24T22:55:08.311124827Z	194702	0																			
3895	2026-09-24T22:55:08.360770695Z	194751	0																			
3896	2026-09-24T22:55:08.411506758Z	194802	0																			
3897	2026-09-24T22:55:08.461219272Z	194852	0																			
3898	2026-09-24T22:55:08.510915047Z	194902	0																			
3899	2026-09-24T22:55:08.560616782Z	194951	0																			
3900	2026-09-24T22:55:08.611359604Z	195002	0																			
3901	2026-09-24T22:55:08.661078127Z	195052	0																			
3902	2026-09-24T22:55:08.710784974Z	195101	0																			
3903	2026-09-24T22:55:08.761498662Z	195152	0																			
3904	2026-09-24T22:55:08.811209391Z	195202	0																			
3905	2026-09-24T22:55:08.860953754Z	195252	0																			
3906	2026-09-24T22:55:08.910689664Z	195301	0																			
3907	2026-09-24T22:55:08.961417128Z	195352	0																			
3908	2026-09-24T22:55:09.011150137Z	195402	0																			
3909	2026-09-24T22:55:09.060868886Z	195452	0																			
3910	2026-09-24T22:55:09.110486503Z	195501	0																			
3911	2026-09-24T22:55:09.161229445Z	195552	0																			
3912	2026-09-24T22:55:09.210933119Z	195602	0																			
3913	2026-09-24T22:55:09.260688058Z	195651	0																			
3914	2026-09-24T22:55:09.311435568Z	195702	0																			
3915	2026-09-24T22:55:09.361204421Z	195752	0																			
3916	2026-09-24T22:55:09.410967235Z	195802	0																			
3917	2026-09-24T22:55:09.460708839Z	195851	0																			
3918	2026-09-24T22:55:09.511449172Z	195902	0																			
3919	2026-09-24T22:55:09.56120596Z	195952	0																			
3920	2026-09-24T22:55:09.61091768Z	196002	0																			
3921	2026-09-24T22:55:09.660655525Z	196051	0																			
3922	2026-09-24T22:55:09.711415828Z	196102	0																			
3923	2026-09-24T22:55:09.761169603Z	196152	0																			
3924	2026-09-24T22:55:09.810915749Z	196202	0																			
3925	2026-09-24T22:55:09.860668643Z	196251	0																			
3926	2026-09-24T22:55:09.911411035Z	196302	0																			
3927	2026-09-24T22:55:09.961126428Z	196352	0																			
3928	2026-09-24T22:55:10.010840841Z	196401	0																			
3929	2026-09-24T22:55:10.060505067Z	196451	0																			
3930	2026-09-24T22:55:10.111218171Z	196502	0																			
3931	2026-09-24T22:55:10.160889266Z	196552	0																			
3932	2026-09-24T22:55:10.210601715Z	196601	0																			
3933	2026-09-24T22:55:10.261341989Z	196652	0																			
3934	2026-09-24T22:55:10.311108904Z	196702	0																			
3935	2026-09-24T22:55:10.360844876Z	196751	0																			
3936	2026-09-24T22:55:10.410501044Z	196801	0																			
3937	2026-09-24T22:55:10.461231299Z	196852	0																			
3938	2026-09-24T22:55:10.510981161Z	196902	0																			
3939	2026-09-24T22:55:10.560689226Z	196951	0																			
3940	2026-09-24T22:55:10.611362538Z	197002	0																			
3941	2026-09-24T22:55:10.661076101Z	197052	0																			
3942	2026-09-24T22:55:10.710770355Z	197101	0																			
3943	2026-09-24T22:55:10.761490834Z	197152	0																			
3944	2026-09-24T22:55:10.81121368Z	197202	0																			
3945	2026-09-24T22:55:10.860923001Z	197252	0																			
3946	2026-09-24T22:55:10.910644014Z	197301	0																			
3947	2026-09-24T22:55:10.961362782Z	197352	0																			
3948	2026-09-24T22:55:11.011065495Z	197402	0																			
3949	2026-09-24T22:55:11.06077333Z	197451	0																			
3950	2026-09-24T22:55:11.111458514Z	197502	0																			
3951	2026-09-24T22:55:11.161150971Z	197552	0																			
3952	2026-09-24T22:55:11.210838967Z	197601	0																			
3953	2026-09-24T22:55:11.260515939Z	197651	0																			
3954	2026-09-24T22:55:11.311215049Z	197702	0																			
3955	2026-09-24T22:55:11.360918306Z	197752	0																			
3956	2026-09-24T22:55:11.410692941Z	197801	0																			
3957	2026-09-24T22:55:11.46147903Z	197852	0																			
3958	2026-09-24T22:55:11.511226037Z	197902	0																			
3959	2026-09-24T22:55:11.560955897Z	197952	0																			
3960	2026-09-24T22:55:11.610673213Z	198001	0																			
3961	2026-09-24T22:55:11.661359947Z	198052	0																			
3962	2026-09-24T22:55:11.711087051Z	198102	0																			
3963	2026-09-24T22:55:11.760812959Z	198151	0																			
3964	2026-09-24T22:55:11.811478194Z	198202	0																			
3965	2026-09-24T22:55:11.861152499Z	198252	0																			
3966	2026-09-24T22:55:11.910834197Z	198301	0																			
3967	2026-09-24T22:55:11.960494853Z	198351	0																			
3968	2026-09-24T22:55:12.011215901Z	198402	0																			
3969	2026-09-24T22:55:12.060916259Z	198452	0																			
3970	2026-09-24T22:55:12.110619897Z	198501	0																			
3971	2026-09-24T22:55:12.161380086Z	198552	0																			
3972	2026-09-24T22:55:12.211076002Z	198602	0																			
3973	2026-09-24T22:55:12.260797535Z	198651	0																			
3974	2026-09-24T22:55:12.311529138Z	198702	0																			
3975	2026-09-24T22:55:12.361251412Z	198752	0																			
3976	2026-09-24T22:55:12.410954599Z	198802	0																			
3977	2026-09-24T22:55:12.460695267Z	198851	0																			
3978	2026-09-24T22:55:12.511405528Z	198902	0																			
3979	2026-09-24T22:55:12.561151607Z	198952	0																			
3980	2026-09-24T22:55:12.610839706Z	199001	0																			
3981	2026-09-24T22:55:12.660495228Z	199051	0																			
3982	2026-09-24T22:55:12.711245257Z	199102	0																			
3983	2026-09-24T22:55:12.760967742Z	199152	0																			
3984	2026-09-24T22:55:12.810697893Z	199201	0																			
3985	2026-09-24T22:55:12.861411639Z	199252	0																			
3986	2026-09-24T22:55:12.911121606Z	199302	0																			
3987	2026-09-24T22:55:12.960847454Z	199351	0																			
3988	2026-09-24T22:55:13.011504806Z	199402	0																			
3989	2026-09-24T22:55:13.06116128Z	199452	0																			
3990	2026-09-24T22:55:13.110843119Z	199501	0																			
3991	2026-09-24T22:55:13.160499561Z	199551	0																			
3992	2026-09-24T22:55:13.211214394Z	199602	0																			
3993	2026-09-24T22:55:13.260854596Z	199651	0																			
3994	2026-09-24T22:55:13.310528148Z	199701	0																			
3995	2026-09-24T22:55:13.361257547Z	199752	0																			
3996	2026-09-24T22:55:13.410933352Z	199802	0																			
3997	2026-09-24T22:55:13.460704422Z	199851	0																			
3998	2026-09-24T22:55:13.511416471Z	199902	0																			
3999	2026-09-24T22:55:13.561159381Z	199952	0																			
4000	2026-09-24T22:55:13.610860748Z	200002	0																			
4001	2026-09-24T22:55:13.661210467Z	200052	0																			
4002	2026-09-24T22:55:13.710921277Z	200102	0																			
4003	2026-09-24T22:55:13.760616034Z	200151	0																			
4004	2026-09-24T22:55:13.811289769Z	200202	0																			
4005	2026-09-24T22:55:13.861002483Z	200252	0																			
4006	2026-09-24T22:55:13.910705968Z	200301	0																			
4007	2026-09-24T22:55:13.961377801Z	200352	0																			
4008	2026-09-24T22:55:14.011065158Z	200402	0																			
4009	2026-09-24T22:55:14.060737029Z	200451	0																			
4010	2026-09-24T22:55:14.111459816Z	200502	0																			
4011	2026-09-24T22:55:14.161141Z	200552	0																			
4012	2026-09-24T22:55:14.210840714Z	200601	0																			
4013	2026-09-24T22:55:14.260521878Z	200651	0																			
4014	2026-09-24T22:55:14.311288014Z	200702	0																			
4015	2026-09-24T22:55:14.361032221Z	200752	0																			
4016	2026-09-24T22:55:14.410717083Z	200801	0																			
4017	2026-09-24T22:55:14.461442317Z	200852	0																			
4018	2026-09-24T22:55:14.51115318Z	200902	0																			
4019	2026-09-24T22:55:14.560845Z	200951	0																			
4020	2026-09-24T22:55:14.610516758Z	201001	0																			
4021	2026-09-24T22:55:14.661230868Z	201052	0																			
4022	2026-09-24T22:55:14.710915117Z	201102	0																			
4023	2026-09-24T22:55:14.760615029Z	201151	0																			
4024	2026-09-24T22:55:14.811287861Z	201202	0																			
4025	2026-09-24T22:55:14.860978154Z	201252	0																			
4026	2026-09-24T22:55:14.910693841Z	201301	0																			
4027	2026-09-24T22:55:14.961426756Z	201352	0																			
4028	2026-09-24T22:55:15.011151968Z	201402	0																			
4029	2026-09-24T22:55:15.060861037Z	201452	0																			
4030	2026-09-24T22:55:15.110529648Z	201501	0																			
4031	2026-09-24T22:55:15.161212575Z	201552	0																			
4032	2026-09-24T22:55:15.210915207Z	201602	0																			
4033	2026-09-24T22:55:15.260534323Z	201651	0																			
4034	2026-09-24T22:55:15.311289607Z	201702	0																			
4035	2026-09-24T22:55:15.361006973Z	201752	0																			
4036	2026-09-24T22:55:15.410698329Z	201801	0																			
4037	2026-09-24T22:55:15.461385197Z	201852	0																			
4038	2026-09-24T22:55:15.511064755Z	201902	0																			
4039	2026-09-24T22:55:15.560770963Z	201951	0																			
4040	2026-09-24T22:55:15.611456575Z	202002	0																			
4041	2026-09-24T22:55:15.661144287Z	202052	0																			
4042	2026-09-24T22:55:15.710847863Z	202101	0																			
4043	2026-09-24T22:55:15.760514199Z	202151	0																			
4044	2026-09-24T22:55:15.811224595Z	202202	0																			
4045	2026-09-24T22:55:15.860925688Z	202252	0																			
4046	2026-09-24T22:55:15.910651128Z	202301	0																			
4047	2026-09-24T22:55:15.961380565Z	202352	0																			
4048	2026-09-24T22:55:16.011077028Z	202402	0																			
4049	2026-09-24T22:55:16.060773006Z	202451	0																			
4050	2026-09-24T22:55:16.111456349Z	202502	0																			
4051	2026-09-24T22:55:16.161149939Z	202552	0																			
4052	2026-09-24T22:55:16.210841062Z	202601	0																			
4053	2026-09-24T22:55:16.260511075Z	202651	0																			
4054	2026-09-24T22:55:16.311239641Z	202702	0																			
4055	2026-09-24T22:55:16.360974517Z	202752	0																			
4056	2026-09-24T22:55:16.410694587Z	202801	0																			
4057	2026-09-24T22:55:16.461413711Z	202852	0																			
4058	2026-09-24T22:55:16.511083395Z	202902	0																			
4059	2026-09-24T22:55:16.56076969Z	202951	0																			
4060	2026-09-24T22:55:16.611478952Z	203002	0																			
4061	2026-09-24T22:55:16.661209064Z	203052	0																			
4062	2026-09-24T22:55:16.710862695Z	203102	0																			
4063	2026-09-24T22:55:16.760521384Z	203151	0																			
4064	2026-09-24T22:55:16.811226713Z	203202	0																			
4065	2026-09-24T22:55:16.860921882Z	203252	0																			
4066	2026-09-24T22:55:16.910615241Z	203301	0																			
4067	2026-09-24T22:55:16.961322604Z	203352	0																			
4068	2026-09-24T22:55:17.011063886Z	203402	0																			
4069	2026-09-24T22:55:17.060764382Z	203451	0																			
4070	2026-09-24T22:55:17.111438822Z	203502	0																			
4071	2026-09-24T22:55:17.161139119Z	203552	0																			
4072	2026-09-24T22:55:17.210830052Z	203601	0																			
4073	2026-09-24T22:55:17.261511991Z	203652	0																			
4074	2026-09-24T22:55:17.311209144Z	203702	0																			
4075	2026-09-24T22:55:17.360974564Z	203752	0																			
4076	2026-09-24T22:55:17.410693198Z	203801	0																			
4077	2026-09-24T22:55:17.461402322Z	203852	0																			
4078	2026-09-24T22:55:17.511150303Z	203902	0																			
4079	2026-09-24T22:55:17.560847362Z	203951	0																			
4080	2026-09-24T22:55:17.61051186Z	204001	0																			
4081	2026-09-24T22:55:17.661239778Z	204052	0																			
4082	2026-09-24T22:55:17.710922149Z	204102	0																			
4083	2026-09-24T22:55:17.760649222Z	204151	0																			
4084	2026-09-24T22:55:17.811379542Z	204202	0																			
4085	2026-09-24T22:55:17.861089439Z	204252	0																			
4086	2026-09-24T22:55:17.91077679Z	204301	0																			
4087	2026-09-24T22:55:17.9614781Z	204352	0																			
4088	2026-09-24T22:55:18.011198248Z	204402	0																			
4089	2026-09-24T22:55:18.060904262Z	204452	0																			
4090	2026-09-24T22:55:18.110620095Z	204501	0																			
4091	2026-09-24T22:55:18.161303036Z	204552	0																			
4092	2026-09-24T22:55:18.210999319Z	204602	0																			
4093	2026-09-24T22:55:18.260701693Z	204651	0																			
4094	2026-09-24T22:55:18.311378445Z	204702	0																			
4095	2026-09-24T22:55:18.36107345Z	204752	0																			
4096	2026-09-24T22:55:18.410769005Z	204801	0																			
4097	2026-09-24T22:55:18.461489388Z	204852	0																			
4098	2026-09-24T22:55:18.511199604Z	204902	0																			
4099	2026-09-24T22:55:18.560920861Z	204952	0																			
4100	2026-09-24T22:55:18.610626382Z	205001	0																			
4101	2026-09-24T22:55:18.661363704Z	205052	0																			
4102	2026-09-24T22:55:18.711078002Z	205102	0																			
4103	2026-09-24T22:55:18.760773246Z	205151	0																			
4104	2026-09-24T22:55:18.811488358Z	205202	0																			
4105	2026-09-24T22:55:18.861243703Z	205252	0																			
4106	2026-09-24T22:55:18.910929504Z	205302	0																			
4107	2026-09-24T22:55:18.960670526Z	205351	0																			
4108	2026-09-24T22:55:19.011370677Z	205402	0																			
4109	2026-09-24T22:55:19.061118256Z	205452	0																			
4110	2026-09-24T22:55:19.110839245Z	205501	0																			
4111	2026-09-24T22:55:19.160508227Z	205551	0																			
4112	2026-09-24T22:55:19.211219245Z	205602	0																			
4113	2026-09-24T22:55:19.260935286Z	205652	0																			
4114	2026-09-24T22:55:19.310617783Z	205701	0																			
4115	2026-09-24T22:55:19.361349334Z	205752	0																			
4116	2026-09-24T22:55:19.411086704Z	205802	0																			
4117	2026-09-24T22:55:19.460765913Z	205851	0																			
4118	2026-09-24T22:55:19.511476748Z	205902	0																			
4119	2026-09-24T22:55:19.561213138Z	205952	0																			
4120	2026-09-24T22:55:19.610925969Z	206002	0																			
4121	2026-09-24T22:55:19.660637058Z	206051	0																			
4122	2026-09-24T22:55:19.711363574Z	206102	0																			
4123	2026-09-24T22:55:19.761034096Z	206152	0																			
4124	2026-09-24T22:55:19.810693476Z	206201	0																			
4125	2026-09-24T22:55:19.86140926Z	206252	0																			
4126	2026-09-24T22:55:19.911140311Z	206302	0																			
4127	2026-09-24T22:55:19.9608192Z	206351	0																			
4128	2026-09-24T22:55:20.010482216Z	206401	0																			
4129	2026-09-24T22:55:20.06115907Z	206452	0																			
4130	2026-09-24T22:55:20.11084834Z	206501	0																			
4131	2026-09-24T22:55:20.160518641Z	206551	0																			
4132	2026-09-24T22:55:20.211227907Z	206602	0																			
4133	2026-09-24T22:55:20.260961111Z	206652	0																			
4134	2026-09-24T22:55:20.310690118Z	206701	0																			
4135	2026-09-24T22:55:20.361367277Z	206752	0																			
4136	2026-09-24T22:55:20.411066015Z	206802	0																			
4137	2026-09-24T22:55:20.460764366Z	206851	0																			
4138	2026-09-24T22:55:20.511471533Z	206902	0																			
4139	2026-09-24T22:55:20.561214424Z	206952	0																			
4140	2026-09-24T22:55:20.610924133Z	207002	0																			
4141	2026-09-24T22:55:20.660616867Z	207051	0																			
4142	2026-09-24T22:55:20.711291853Z	207102	0																			
4143	2026-09-24T22:55:20.76101401Z	207152	0																			
4144	2026-09-24T22:55:20.810690097Z	207201	0																			
4145	2026-09-24T22:55:20.861363562Z	207252	0																			
4146	2026-09-24T22:55:20.91107422Z	207302	0																			
4147	2026-09-24T22:55:20.960789771Z	207351	0																			
4148	2026-09-24T22:55:21.011519036Z	207402	0																			
4149	2026-09-24T22:55:21.061239248Z	207452	0																			
4150	2026-09-24T22:55:21.110925543Z	207502	0																			
4151	2026-09-24T22:55:21.160645154Z	207551	0																			
4152	2026-09-24T22:55:21.211357723Z	207602	0																			
4153	2026-09-24T22:55:21.261011348Z	207652	0																			
4154	2026-09-24T22:55:21.310747939Z	207701	0																			
4155	2026-09-24T22:55:21.36139365Z	207752	0																			
4156	2026-09-24T22:55:21.41107667Z	207802	0																			
4157	2026-09-24T22:55:21.46083429Z	207851	0																			
4158	2026-09-24T22:55:21.510496603Z	207901	0																			
4159	2026-09-24T22:55:21.56121097Z	207952	0																			
4160	2026-09-24T22:55:21.61088162Z	208002	0																			
4161	2026-09-24T22:55:21.660611381Z	208051	0																			
4162	2026-09-24T22:55:21.711289505Z	208102	0																			
4163	2026-09-24T22:55:21.760989184Z	208152	0																			
4164	2026-09-24T22:55:21.810690413Z	208201	0																			
4165	2026-09-24T22:55:21.861353535Z	208252	0																			
4166	2026-09-24T22:55:21.911073069Z	208302	0																			
4167	2026-09-24T22:55:21.960770485Z	208351	0																			
4168	2026-09-24T22:55:22.011454925Z	208402	0																			
4169	2026-09-24T22:55:22.061174165Z	208452	0																			
4170	2026-09-24T22:55:22.110899325Z	208502	0																			
4171	2026-09-24T22:55:22.160617916Z	208551	0																			
4172	2026-09-24T22:55:22.211360494Z	208602	0																			
4173	2026-09-24T22:55:22.261080712Z	208652	0																			
4174	2026-09-24T22:55:22.310809445Z	208701	0																			
4175	2026-09-24T22:55:22.360488094Z	208751	0																			
4176	2026-09-24T22:55:22.411228166Z	208802	0																			
4177	2026-09-24T22:55:22.460915399Z	208852	0																			
4178	2026-09-24T22:55:22.510617887Z	208901	0																			
4179	2026-09-24T22:55:22.561341796Z	208952	0																			
4180	2026-09-24T22:55:22.611064798Z	209002	0																			
4181	2026-09-24T22:55:22.660772218Z	209051	0																			
4182	2026-09-24T22:55:22.711483307Z	209102	0																			
4183	2026-09-24T22:55:22.761212716Z	209152	0																			
4184	2026-09-24T22:55:22.810915357Z	209202	0																			
4185	2026-09-24T22:55:22.860601699Z	209251	0																			
4186	2026-09-24T22:55:22.911289577Z	209302	0																			
4187	2026-09-24T22:55:22.960990611Z	209352	0																			
4188	2026-09-24T22:55:23.010652868Z	209401	0																			
4189	2026-09-24T22:55:23.061363788Z	209452	0																			
4190	2026-09-24T22:55:23.111020868Z	209502	0																			
4191	2026-09-24T22:55:23.160744277Z	209551	0																			
4192	2026-09-24T22:55:23.211447206Z	209602	0																			
4193	2026-09-24T22:55:23.261090453Z	209652	0																			
4194	2026-09-24T22:55:23.31077982Z	209701	0																			
4195	2026-09-24T22:55:23.361524596Z	209752	0																			
4196	2026-09-24T22:55:23.411222966Z	209802	0																			
4197	2026-09-24T22:55:23.460979171Z	209852	0																			
4198	2026-09-24T22:55:23.510689679Z	209901	0																			
4199	2026-09-24T22:55:23.561378024Z	209952	0																			
4200	2026-09-24T22:55:23.611079408Z	210002	0																			
4201	2026-09-24T22:55:23.661495366Z	210052	0																			
4202	2026-09-24T22:55:23.71121427Z	210102	0																			
4203	2026-09-24T22:55:23.760916257Z	210152	0																			
4204	2026-09-24T22:55:23.81052816Z	210201	0																			
4205	2026-09-24T22:55:23.861217386Z	210252	0																			
4206	2026-09-24T22:55:23.910914277Z	210302	0																			
4207	2026-09-24T22:55:23.960619157Z	210351	0																			
4208	2026-09-24T22:55:24.011292285Z	210402	0																			
4209	2026-09-24T22:55:24.060991055Z	210452	0																			
4210	2026-09-24T22:55:24.110699528Z	210501	0																			
4211	2026-09-24T22:55:24.161380719Z	210552	0																			
4212	2026-09-24T22:55:24.21107579Z	210602	0																			
4213	2026-09-24T22:55:24.260844069Z	210651	0																			
4214	2026-09-24T22:55:24.311523323Z	210702	0																			
4215	2026-09-24T22:55:24.361263672Z	210752	0																			
4216	2026-09-24T22:55:24.411001217Z	210802	0																			
4217	2026-09-24T22:55:24.460693758Z	210851	0																			
4218	2026-09-24T22:55:24.511434517Z	210902	0																			
4219	2026-09-24T22:55:24.561232486Z	210952	0																			
4220	2026-09-24T22:55:24.610975497Z	211002	0																			
4221	2026-09-24T22:55:24.660688666Z	211051	0																			
4222	2026-09-24T22:55:24.711414961Z	211102	0																			
4223	2026-09-24T22:55:24.761140245Z	211152	0																			
4224	2026-09-24T22:55:24.810838564Z	211201	0																			
4225	2026-09-24T22:55:24.860484953Z	211251	0																			
4226	2026-09-24T22:55:24.911214384Z	211302	0																			
4227	2026-09-24T22:55:24.960914291Z	211352	0																			
4228	2026-09-24T22:55:25.010615512Z	211401	0																			
4229	2026-09-24T22:55:25.061307592Z	211452	0																			
4230	2026-09-24T22:55:25.110999717Z	211502	0																			
4231	2026-09-24T22:55:25.160692787Z	211551	0																			
4232	2026-09-24T22:55:25.211381195Z	211602	0																			
4233	2026-09-24T22:55:25.261155656Z	211652	0																			
4234	2026-09-24T22:55:25.310859944Z	211702	0																			
4235	2026-09-24T22:55:25.360538319Z	211751	0																			
4236	2026-09-24T22:55:25.411232202Z	211802	0																			
4237	2026-09-24T22:55:25.460922327Z	211852	0																			
4238	2026-09-24T22:55:25.510676851Z	211901	0																			
4239	2026-09-24T22:55:25.56141619Z	211952	0																			
4240	2026-09-24T22:55:25.611133647Z	212002	0																			
4241	2026-09-24T22:55:25.660841897Z	212051	0																			
4242	2026-09-24T22:55:25.710495243Z	212101	0																			
4243	2026-09-24T22:55:25.761208551Z	212152	0																			
4244	2026-09-24T22:55:25.810920451Z	212202	0																			
4245	2026-09-24T22:55:25.860616089Z	212251	0																			
4246	2026-09-24T22:55:25.911287337Z	212302	0																			
4247	2026-09-24T22:55:25.96099139Z	212352	0																			
4248	2026-09-24T22:55:26.010647156Z	212401	0																			
4249	2026-09-24T22:55:26.06137432Z	212452	0																			
4250	2026-09-24T22:55:26.111074289Z	212502	0																			
4251	2026-09-24T22:55:26.160792491Z	212551	0																			
4252	2026-09-24T22:55:26.210478424Z	212601	0																			
4253	2026-09-24T22:55:26.261240358Z	212652	0																			
4254	2026-09-24T22:55:26.310972802Z	212702	0																			
4255	2026-09-24T22:55:26.360692826Z	212751	0																			
4256	2026-09-24T22:55:26.411383036Z	212802	0																			
4257	2026-09-24T22:55:26.461135577Z	212852	0																			
4258	2026-09-24T22:55:26.510844104Z	212901	0																			
4259	2026-09-24T22:55:26.560530889Z	212951	0																			
4260	2026-09-24T22:55:26.611214777Z	213002	0																			
4261	2026-09-24T22:55:26.660915025Z	213052	0																			
4262	2026-09-24T22:55:26.710532842Z	213101	0																			
4263	2026-09-24T22:55:26.761199487Z	213152	0																			
4264	2026-09-24T22:55:26.810913745Z	213202	0																			
4265	2026-09-24T22:55:26.860641899Z	213251	0																			
4266	2026-09-24T22:55:26.911379625Z	213302	0																			
4267	2026-09-24T22:55:26.961112463Z	213352	0																			
4268	2026-09-24T22:55:27.010828032Z	213401	0																			
4269	2026-09-24T22:55:27.061490149Z	213452	0																			
4270	2026-09-24T22:55:27.11115849Z	213502	0																			
4271	2026-09-24T22:55:27.160846995Z	213551	0																			
4272	2026-09-24T22:55:27.211524927Z	213602	0																			
4273	2026-09-24T22:55:27.261283303Z	213652	0																			
4274	2026-09-24T22:55:27.311041077Z	213702	0																			
4275	2026-09-24T22:55:27.360708965Z	213751	0																			
4276	2026-09-24T22:55:27.41146564Z	213802	0																			
4277	2026-09-24T22:55:27.461222294Z	213852	0																			
4278	2026-09-24T22:55:27.510914903Z	213902	0																			
4279	2026-09-24T22:55:27.56061832Z	213951	0																			
4280	2026-09-24T22:55:27.611287518Z	214002	0																			
4281	2026-09-24T22:55:27.660988546Z	214052	0																			
4282	2026-09-24T22:55:27.710697841Z	214101	0																			
4283	2026-09-24T22:55:27.761380517Z	214152	0																			
4284	2026-09-24T22:55:27.811073693Z	214202	0																			
4285	2026-09-24T22:55:27.860794217Z	214251	0																			
4286	2026-09-24T22:55:27.911466706Z	214302	0																			
4287	2026-09-24T22:55:27.961200302Z	214352	0																			
4288	2026-09-24T22:55:28.010908853Z	214402	0																			
4289	2026-09-24T22:55:28.060614719Z	214451	0																			
4290	2026-09-24T22:55:28.111356135Z	214502	0																			
4291	2026-09-24T22:55:28.161061011Z	214552	0																			
4292	2026-09-24T22:55:28.210765398Z	214601	0																			
4293	2026-09-24T22:55:28.26148333Z	214652	0																			
4294	2026-09-24T22:55:28.311220592Z	214702	0																			
4295	2026-09-24T22:55:28.360898632Z	214752	0																			
4296	2026-09-24T22:55:28.410618159Z	214801	0																			
4297	2026-09-24T22:55:28.461346652Z	214852	0																			
4298	2026-09-24T22:55:28.511064468Z	214902	0																			
4299	2026-09-24T22:55:28.560766502Z	214951	0																			
4300	2026-09-24T22:55:28.611485854Z	215002	0																			
4301	2026-09-24T22:55:28.661229961Z	215052	0																			
4302	2026-09-24T22:55:28.710952998Z	215102	0																			
4303	2026-09-24T22:55:28.760688197Z	215151	0																			
4304	2026-09-24T22:55:28.811380325Z	215202	0																			
4305	2026-09-24T22:55:28.861074979Z	215252	0																			
4306	2026-09-24T22:55:28.910764943Z	215301	0																			
4307	2026-09-24T22:55:28.961438676Z	215352	0																			
4308	2026-09-24T22:55:29.011138815Z	215402	0																			
4309	2026-09-24T22:55:29.060848574Z	215451	0																			
4310	2026-09-24T22:55:29.110487877Z	215501	0																			
4311	2026-09-24T22:55:29.161217313Z	215552	0																			
4312	2026-09-24T22:55:29.210950266Z	215602	0																			
4313	2026-09-24T22:55:29.260711356Z	215651	0																			
4314	2026-09-24T22:55:29.311443997Z	215702	0																			
4315	2026-09-24T22:55:29.361159178Z	215752	0																			
4316	2026-09-24T22:55:29.41088203Z	215802	0																			
4317	2026-09-24T22:55:29.460522073Z	215851	0																			
4318	2026-09-24T22:55:29.511249331Z	215902	0																			
4319	2026-09-24T22:55:29.560989112Z	215952	0																			
4320	2026-09-24T22:55:29.61070374Z	216001	0																			
4321	2026-09-24T22:55:29.661390576Z	216052	0																			
4322	2026-09-24T22:55:29.711075838Z	216102	0																			
4323	2026-09-24T22:55:29.760768426Z	216151	0																			
4324	2026-09-24T22:55:29.811483093Z	216202	0																			
4325	2026-09-24T22:55:29.861204362Z	216252	0																			
4326	2026-09-24T22:55:29.910854674Z	216301	0																			
4327	2026-09-24T22:55:29.96051355Z	216351	0																			
4328	2026-09-24T22:55:30.011267547Z	216402	0																			
4329	2026-09-24T22:55:30.060993044Z	216452	0																			
4330	2026-09-24T22:55:30.110695973Z	216501	0																			
4331	2026-09-24T22:55:30.161427555Z	216552	0																			
4332	2026-09-24T22:55:30.211141343Z	216602	0																			
4333	2026-09-24T22:55:30.26087039Z	216652	0																			
4334	2026-09-24T22:55:30.310622994Z	216701	0																			
4335	2026-09-24T22:55:30.361363225Z	216752	0																			
4336	2026-09-24T22:55:30.41107026Z	216802	0																			
4337	2026-09-24T22:55:30.460786877Z	216851	0																			
4338	2026-09-24T22:55:30.510476815Z	216901	0																			
4339	2026-09-24T22:55:30.561168162Z	216952	0																			
4340	2026-09-24T22:55:30.610890525Z	217002	0																			
4341	2026-09-24T22:55:30.660624748Z	217051	0																			
4342	2026-09-24T22:55:30.711341267Z	217102	0																			
4343	2026-09-24T22:55:30.761086308Z	217152	0																			
4344	2026-09-24T22:55:30.810768871Z	217201	0																			
4345	2026-09-24T22:55:30.861437497Z	217252	0																			
4346	2026-09-24T22:55:30.91113784Z	217302	0																			
4347	2026-09-24T22:55:30.960838627Z	217351	0																			
4348	2026-09-24T22:55:31.010497542Z	217401	0																			
4349	2026-09-24T22:55:31.061209557Z	217452	0																			
4350	2026-09-24T22:55:31.110926539Z	217502	0																			
4351	2026-09-24T22:55:31.160654949Z	217551	0																			
4352	2026-09-24T22:55:31.211363547Z	217602	0																			
4353	2026-09-24T22:55:31.261079004Z	217652	0																			
4354	2026-09-24T22:55:31.310849244Z	217701	0																			
4355	2026-09-24T22:55:31.360529516Z	217751	0																			
4356	2026-09-24T22:55:31.411309625Z	217802	0																			
4357	2026-09-24T22:55:31.461063459Z	217852	0																			
4358	2026-09-24T22:55:31.510746284Z	217901	0																			
4359	2026-09-24T22:55:31.561416233Z	217952	0																			
4360	2026-09-24T22:55:31.611139057Z	218002	0																			
4361	2026-09-24T22:55:31.660845997Z	218051	0																			
4362	2026-09-24T22:55:31.710501544Z	218101	0																			
4363	2026-09-24T22:55:31.761228727Z	218152	0																			
4364	2026-09-24T22:55:31.810917326Z	218202	0																			
4365	2026-09-24T22:55:31.86062121Z	218251	0																			
4366	2026-09-24T22:55:31.911297265Z	218302	0																			
4367	2026-09-24T22:55:31.960989588Z	218352	0																			
4368	2026-09-24T22:55:32.010689731Z	218401	0																			
4369	2026-09-24T22:55:32.061349315Z	218452	0																			
4370	2026-09-24T22:55:32.111054118Z	218502	0																			
4371	2026-09-24T22:55:32.161065222Z	218552	0																			
4372	2026-09-24T22:55:32.210769394Z	218601	0																			
4373	2026-09-24T22:55:32.26147743Z	218652	0																			
4374	2026-09-24T22:55:32.311227013Z	218702	0																			
4375	2026-09-24T22:55:32.360984389Z	218752	0																			
4376	2026-09-24T22:55:32.410712514Z	218801	0																			
4377	2026-09-24T22:55:32.461446454Z	218852	0																			
4378	2026-09-24T22:55:32.511167739Z	218902	0																			
4379	2026-09-24T22:55:32.560883506Z	218952	0																			
4380	2026-09-24T22:55:32.610501127Z	219001	0																			
4381	2026-09-24T22:55:32.66128832Z	219052	0																			
4382	2026-09-24T22:55:32.710998511Z	219102	0																			
4383	2026-09-24T22:55:32.760696618Z	219151	0																			
4384	2026-09-24T22:55:32.811380807Z	219202	0																			
4385	2026-09-24T22:55:32.861073747Z	219252	0																			
4386	2026-09-24T22:55:32.910775236Z	219301	0																			
4387	2026-09-24T22:55:32.961501878Z	219352	0																			
4388	2026-09-24T22:55:33.011214191Z	219402	0																			
4389	2026-09-24T22:55:33.060913571Z	219452	0																			
4390	2026-09-24T22:55:33.110614247Z	219501	0																			
4391	2026-09-24T22:55:33.161300472Z	219552	0																			
4392	2026-09-24T22:55:33.210986816Z	219602	0																			
4393	2026-09-24T22:55:33.260624852Z	219651	0																			
4394	2026-09-24T22:55:33.311351509Z	219702	0																			
4395	2026-09-24T22:55:33.361105804Z	219752	0																			
4396	2026-09-24T22:55:33.410845489Z	219801	0																			
4397	2026-09-24T22:55:33.460500555Z	219851	0																			
4398	2026-09-24T22:55:33.511225948Z	219902	0																			
4399	2026-09-24T22:55:33.560942197Z	219952	0																			
4400	2026-09-24T22:55:33.610629064Z	220001	0																			
4401	2026-09-24T22:55:33.660991715Z	220052	0																			
4402	2026-09-24T22:55:33.710711345Z	220101	0																			
4403	2026-09-24T22:55:33.761432996Z	220152	0																			
4404	2026-09-24T22:55:33.811097694Z	220202	0																			
4405	2026-09-24T22:55:33.860838798Z	220251	0																			
4406	2026-09-24T22:55:33.910496906Z	220301	0																			
4407	2026-09-24T22:55:33.961213579Z	220352	0																			
4408	2026-09-24T22:55:34.010914234Z	220402	0																			
4409	2026-09-24T22:55:34.060641274Z	220451	0																			
4410	2026-09-24T22:55:34.111375255Z	220502	0																			
4411	2026-09-24T22:55:34.161104238Z	220552	0																			
4412	2026-09-24T22:55:34.210842186Z	220601	0																			
4413	2026-09-24T22:55:34.260513468Z	220651	0																			
4414	2026-09-24T22:55:34.311290922Z	220702	0																			
4415	2026-09-24T22:55:34.361067381Z	220752	0																			
4416	2026-09-24T22:55:34.410832384Z	220801	0																			
4417	2026-09-24T22:55:34.460633876Z	220851	0																			
4418	2026-09-24T22:55:34.511459282Z	220902	0																			
4419	2026-09-24T22:55:34.56118781Z	220952	0																			
4420	2026-09-24T22:55:34.610922201Z	221002	0																			
4421	2026-09-24T22:55:34.660615389Z	221051	0																			
4422	2026-09-24T22:55:34.711292422Z	221102	0																			
4423	2026-09-24T22:55:34.76103409Z	221152	0																			
4424	2026-09-24T22:55:34.810771968Z	221201	0																			
4425	2026-09-24T22:55:34.861453094Z	221252	0																			
4426	2026-09-24T22:55:34.911172201Z	221302	0																			
4427	2026-09-24T22:55:34.960898685Z	221352	0																			
4428	2026-09-24T22:55:35.010605156Z	221401	0																			
4429	2026-09-24T22:55:35.061283604Z	221452	0																			
4430	2026-09-24T22:55:35.110991412Z	221502	0																			
4431	2026-09-24T22:55:35.160700621Z	221551	0																			
4432	2026-09-24T22:55:35.211426746Z	221602	0																			
4433	2026-09-24T22:55:35.261156225Z	221652	0																			
4434	2026-09-24T22:55:35.310859195Z	221702	0																			
4435	2026-09-24T22:55:35.360526227Z	221751	0																			
4436	2026-09-24T22:55:35.411221728Z	221802	0																			
4437	2026-09-24T22:55:35.460877692Z	221852	0																			
4438	2026-09-24T22:55:35.510485391Z	221901	0																			
4439	2026-09-24T22:55:35.561224999Z	221952	0																			
4440	2026-09-24T22:55:35.610956063Z	222002	0																			
4441	2026-09-24T22:55:35.660644799Z	222051	0																			
4442	2026-09-24T22:55:35.711360557Z	222102	0																			
4443	2026-09-24T22:55:35.76107489Z	222152	0																			
4444	2026-09-24T22:55:35.810770769Z	222201	0																			
4445	2026-09-24T22:55:35.861440874Z	222252	0																			
4446	2026-09-24T22:55:35.911163979Z	222302	0																			
4447	2026-09-24T22:55:35.960897345Z	222352	0																			
4448	2026-09-24T22:55:36.010631877Z	222401	0																			
4449	2026-09-24T22:55:36.061365474Z	222452	0																			
4450	2026-09-24T22:55:36.111064189Z	222502	0																			
4451	2026-09-24T22:55:36.160766417Z	222551	0																			
4452	2026-09-24T22:55:36.21148401Z	222602	0																			
4453	2026-09-24T22:55:36.261221663Z	222652	0																			
4454	2026-09-24T22:55:36.310909131Z	222702	0																			
4455	2026-09-24T22:55:36.360664592Z	222751	0																			
4456	2026-09-24T22:55:36.411431989Z	222802	0																			
4457	2026-09-24T22:55:36.461197482Z	222852	0																			
4458	2026-09-24T22:55:36.510964025Z	222902	0																			
4459	2026-09-24T22:55:36.560694873Z	222951	0																			
4460	2026-09-24T22:55:36.611379125Z	223002	0																			
4461	2026-09-24T22:55:36.661065989Z	223052	0																			
4462	2026-09-24T22:55:36.710772097Z	223101	0																			
4463	2026-09-24T22:55:36.761455473Z	223152	0																			
4464	2026-09-24T22:55:36.811141286Z	223202	0																			
4465	2026-09-24T22:55:36.860799026Z	223251	0																			
4466	2026-09-24T22:55:36.911511306Z	223302	0																			
4467	2026-09-24T22:55:36.961225623Z	223352	0																			
4468	2026-09-24T22:55:37.010886231Z	223402	0																			
4469	2026-09-24T22:55:37.060537777Z	223451	0																			
4470	2026-09-24T22:55:37.111210714Z	223502	0																			
4471	2026-09-24T22:55:37.160921636Z	223552	0																			
4472	2026-09-24T22:55:37.210615386Z	223601	0																			
4473	2026-09-24T22:55:37.261329261Z	223652	0																			
4474	2026-09-24T22:55:37.311043208Z	223702	0																			
4475	2026-09-24T22:55:37.360766039Z	223751	0																			
4476	2026-09-24T22:55:37.411522491Z	223802	0																			
4477	2026-09-24T22:55:37.461179343Z	223852	0																			
4478	2026-09-24T22:55:37.510910592Z	223902	0																			
4479	2026-09-24T22:55:37.560628259Z	223951	0																			
4480	2026-09-24T22:55:37.611284323Z	224002	0																			
4481	2026-09-24T22:55:37.660989051Z	224052	0																			
4482	2026-09-24T22:55:37.710667316Z	224101	0																			
4483	2026-09-24T22:55:37.761381407Z	224152	0																			
4484	2026-09-24T22:55:37.811086476Z	224202	0																			
4485	2026-09-24T22:55:37.860770096Z	224251	0																			
4486	2026-09-24T22:55:37.911436144Z	224302	0																			
4487	2026-09-24T22:55:37.961152631Z	224352	0																			
4488	2026-09-24T22:55:38.010845214Z	224401	0																			
4489	2026-09-24T22:55:38.06048005Z	224451	0																			
4490	2026-09-24T22:55:38.111195363Z	224502	0																			
4491	2026-09-24T22:55:38.160853393Z	224551	0																			
4492	2026-09-24T22:55:38.210509637Z	224601	0																			
4493	2026-09-24T22:55:38.261211787Z	224652	0																			
4494	2026-09-24T22:55:38.310915799Z	224702	0																			
4495	2026-09-24T22:55:38.360629315Z	224751	0																			
4496	2026-09-24T22:55:38.41135232Z	224802	0																			
4497	2026-09-24T22:55:38.461058068Z	224852	0																			
4498	2026-09-24T22:55:38.510782873Z	224901	0																			
4499	2026-09-24T22:55:38.561512921Z	224952	0																			
4500	2026-09-24T22:55:38.611226094Z	225002	0																			
4501	2026-09-24T22:55:38.660938551Z	225052	0																			
4502	2026-09-24T22:55:38.710644665Z	225101	0																			
4503	2026-09-24T22:55:38.761367768Z	225152	0																			
4504	2026-09-24T22:55:38.811074356Z	225202	0																			
4505	2026-09-24T22:55:38.860764599Z	225251	0																			
4506	2026-09-24T22:55:38.911470779Z	225302	0																			
4507	2026-09-24T22:55:38.96120034Z	225352	0																			
4508	2026-09-24T22:55:39.010905518Z	225402	0																			
4509	2026-09-24T22:55:39.060614261Z	225451	0																			
4510	2026-09-24T22:55:39.111288205Z	225502	0																			
4511	2026-09-24T22:55:39.160999033Z	225552	0																			
4512	2026-09-24T22:55:39.21069635Z	225601	0																			
4513	2026-09-24T22:55:39.261391238Z	225652	0																			
4514	2026-09-24T22:55:39.311149698Z	225702	0																			
4515	2026-09-24T22:55:39.360842519Z	225751	0																			
4516	2026-09-24T22:55:39.410504302Z	225801	0																			
4517	2026-09-24T22:55:39.4612568Z	225852	0																			
4518	2026-09-24T22:55:39.510999499Z	225902	0																			
4519	2026-09-24T22:55:39.560691562Z	225951	0																			
4520	2026-09-24T22:55:39.611416957Z	226002	0																			
4521	2026-09-24T22:55:39.661140137Z	226052	0																			
4522	2026-09-24T22:55:39.710838965Z	226101	0																			
4523	2026-09-24T22:55:39.760501309Z	226151	0																			
4524	2026-09-24T22:55:39.811238637Z	226202	0																			
4525	2026-09-24T22:55:39.860968506Z	226252	0																			
4526	2026-09-24T22:55:39.910695806Z	226301	0																			
4527	2026-09-24T22:55:39.961378842Z	226352	0																			
4528	2026-09-24T22:55:40.011085618Z	226402	0																			
4529	2026-09-24T22:55:40.060764029Z	226451	0																			
4530	2026-09-24T22:55:40.111508242Z	226502	0																			
4531	2026-09-24T22:55:40.161156463Z	226552	0																			
4532	2026-09-24T22:55:40.210904637Z	226602	0																			
4533	2026-09-24T22:55:40.260631447Z	226651	0																			
4534	2026-09-24T22:55:40.31137207Z	226702	0																			
4535	2026-09-24T22:55:40.361068008Z	226752	0																			
4536	2026-09-24T22:55:40.410772362Z	226801	0																			
4537	2026-09-24T22:55:40.461520198Z	226852	0																			
4538	2026-09-24T22:55:40.511254326Z	226902	0																			
4539	2026-09-24T22:55:40.560916528Z	226952	0																			
4540	2026-09-24T22:55:40.610626865Z	227001	0																			
4541	2026-09-24T22:55:40.661349129Z	227052	0																			
4542	2026-09-24T22:55:40.71106425Z	227102	0																			
4543	2026-09-24T22:55:40.760783406Z	227151	0																			
4544	2026-09-24T22:55:40.811461447Z	227202	0																			
4545	2026-09-24T22:55:40.861139012Z	227252	0																			
4546	2026-09-24T22:55:40.910852089Z	227301	0																			
4547	2026-09-24T22:55:40.960523871Z	227351	0																			
4548	2026-09-24T22:55:41.01121344Z	227402	0																			
4549	2026-09-24T22:55:41.060922222Z	227452	0																			
4550	2026-09-24T22:55:41.11061645Z	227501	0																			
4551	2026-09-24T22:55:41.161400274Z	227552	0																			
4552	2026-09-24T22:55:41.211120138Z	227602	0																			
4553	2026-09-24T22:55:41.260799727Z	227651	0																			
4554	2026-09-24T22:55:41.311524748Z	227702	0																			
4555	2026-09-24T22:55:41.361200333Z	227752	0																			
4556	2026-09-24T22:55:41.410915158Z	227802	0																			
4557	2026-09-24T22:55:41.460683432Z	227851	0																			
4558	2026-09-24T22:55:41.511387082Z	227902	0																			
4559	2026-09-24T22:55:41.561135143Z	227952	0																			
4560	2026-09-24T22:55:41.610841676Z	228001	0																			
4561	2026-09-24T22:55:41.660525199Z	228051	0																			
4562	2026-09-24T22:55:41.711240942Z	228102	0																			
4563	2026-09-24T22:55:41.760904175Z	228152	0																			
4564	2026-09-24T22:55:41.810618611Z	228201	0																			
4565	2026-09-24T22:55:41.861287387Z	228252	0																			
4566	2026-09-24T22:55:41.91099921Z	228302	0																			
4567	2026-09-24T22:55:41.960695619Z	228351	0																			
4568	2026-09-24T22:55:42.011423709Z	228402	0																			
4569	2026-09-24T22:55:42.061129675Z	228452	0																			
4570	2026-09-24T22:55:42.110846847Z	228501	0																			
4571	2026-09-24T22:55:42.160613479Z	228551	0																			
4572	2026-09-24T22:55:42.211350501Z	228602	0																			
4573	2026-09-24T22:55:42.261070036Z	228652	0																			
4574	2026-09-24T22:55:42.310797985Z	228701	0																			
4575	2026-09-24T22:55:42.361521119Z	228752	0																			
4576	2026-09-24T22:55:42.411235745Z	228802	0																			
4577	2026-09-24T22:55:42.460956247Z	228852	0																			
4578	2026-09-24T22:55:42.51070287Z	228901	0																			
4579	2026-09-24T22:55:42.561432738Z	228952	0																			
4580	2026-09-24T22:55:42.611137381Z	229002	0																			
4581	2026-09-24T22:55:42.660800579Z	229051	0																			
4582	2026-09-24T22:55:42.711518849Z	229102	0																			
4583	2026-09-24T22:55:42.761246164Z	229152	0																			
4584	2026-09-24T22:55:42.810972969Z	229202	0																			
4585	2026-09-24T22:55:42.860679848Z	229251	0																			
4586	2026-09-24T22:55:42.911290585Z	229302	0																			
4587	2026-09-24T22:55:42.960986496Z	229352	0																			
4588	2026-09-24T22:55:43.010661767Z	229401	0																			
4589	2026-09-24T22:55:43.061376182Z	229452	0																			
4590	2026-09-24T22:55:43.1110735Z	229502	0																			
4591	2026-09-24T22:55:43.160745236Z	229551	0																			
4592	2026-09-24T22:55:43.211440409Z	229602	0																			
4593	2026-09-24T22:55:43.261157979Z	229652	0																			
4594	2026-09-24T22:55:43.310841378Z	229701	0																			
4595	2026-09-24T22:55:43.360516192Z	229751	0																			
4596	2026-09-24T22:55:43.411242763Z	229802	0																			
4597	2026-09-24T22:55:43.460978851Z	229852	0																			
4598	2026-09-24T22:55:43.510691763Z	229901	0																			
4599	2026-09-24T22:55:43.5613776Z	229952	0																			
4600	2026-09-24T22:55:43.611104715Z	230002	0																			
4601	2026-09-24T22:55:43.661494332Z	230052	0																			
4602	2026-09-24T22:55:43.711226259Z	230102	0																			
4603	2026-09-24T22:55:43.760922928Z	230152	0																			
4604	2026-09-24T22:55:43.810516818Z	230201	0																			
4605	2026-09-24T22:55:43.86117705Z	230252	0																			
4606	2026-09-24T22:55:43.910904908Z	230302	0																			
4607	2026-09-24T22:55:43.960497592Z	230351	0																			
4608	2026-09-24T22:55:44.011227386Z	230402	0																			
4609	2026-09-24T22:55:44.060913227Z	230452	0																			
4610	2026-09-24T22:55:44.110614636Z	230501	0																			
4611	2026-09-24T22:55:44.161289701Z	230552	0																			
4612	2026-09-24T22:55:44.21098987Z	230602	0																			
4613	2026-09-24T22:55:44.260675015Z	230651	0																			
4614	2026-09-24T22:55:44.311409818Z	230702	0																			
4615	2026-09-24T22:55:44.36113293Z	230752	0																			
4616	2026-09-24T22:55:44.410847615Z	230801	0																			
4617	2026-09-24T22:55:44.460513079Z	230851	0																			
4618	2026-09-24T22:55:44.51121261Z	230902	0																			
4619	2026-09-24T22:55:44.560896858Z	230952	0																			
4620	2026-09-24T22:55:44.610615238Z	231001	0																			
4621	2026-09-24T22:55:44.661291628Z	231052	0																			
4622	2026-09-24T22:55:44.710989236Z	231102	0																			
4623	2026-09-24T22:55:44.760701289Z	231151	0																			
4624	2026-09-24T22:55:44.8112854Z	231202	0																			
4625	2026-09-24T22:55:44.860990143Z	231252	0																			
4626	2026-09-24T22:55:44.910710659Z	231301	0																			
4627	2026-09-24T22:55:44.961368941Z	231352	0																			
4628	2026-09-24T22:55:45.011063154Z	231402	0																			
4629	2026-09-24T22:55:45.060763111Z	231451	0																			
4630	2026-09-24T22:55:45.111476581Z	231502	0																			
4631	2026-09-24T22:55:45.161194511Z	231552	0																			
4632	2026-09-24T22:55:45.210913594Z	231602	0																			
4633	2026-09-24T22:55:45.260565657Z	231651	0																			
4634	2026-09-24T22:55:45.311264545Z	231702	0																			
4635	2026-09-24T22:55:45.36096462Z	231752	0																			
4636	2026-09-24T22:55:45.410678263Z	231801	0																			
4637	2026-09-24T22:55:45.461359111Z	231852	0																			
4638	2026-09-24T22:55:45.511076737Z	231902	0																			
4639	2026-09-24T22:55:45.560831845Z	231951	0																			
4640	2026-09-24T22:55:45.610477036Z	232001	0																			
4641	2026-09-24T22:55:45.661217322Z	232052	0																			
4642	2026-09-24T22:55:45.710931417Z	232102	0																			
4643	2026-09-24T22:55:45.760659157Z	232151	0																			
4644	2026-09-24T22:55:45.811378091Z	232202	0																			
4645	2026-09-24T22:55:45.861061225Z	232252	0																			
4646	2026-09-24T22:55:45.910706723Z	232301	0																			
4647	2026-09-24T22:55:45.961440641Z	232352	0																			
4648	2026-09-24T22:55:46.011130487Z	232402	0																			
4649	2026-09-24T22:55:46.060839279Z	232451	0																			
4650	2026-09-24T22:55:46.110494458Z	232501	0																			
4651	2026-09-24T22:55:46.161202948Z	232552	0																			
4652	2026-09-24T22:55:46.210853827Z	232601	0																			
4653	2026-09-24T22:55:46.260521488Z	232651	0																			
4654	2026-09-24T22:55:46.311197526Z	232702	0																			
4655	2026-09-24T22:55:46.360900592Z	232752	0																			
4656	2026-09-24T22:55:46.410618531Z	232801	0																			
4657	2026-09-24T22:55:46.461313718Z	232852	0																			
4658	2026-09-24T22:55:46.511000062Z	232902	0																			
4659	2026-09-24T22:55:46.560691445Z	232951	0																			
4660	2026-09-24T22:55:46.611377405Z	233002	0																			
4661	2026-09-24T22:55:46.661076532Z	233052	0																			
4662	2026-09-24T22:55:46.710764158Z	233101	0																			
4663	2026-09-24T22:55:46.761494296Z	233152	0																			
4664	2026-09-24T22:55:46.811185699Z	233202	0																			
4665	2026-09-24T22:55:46.860891088Z	233252	0																			
4666	2026-09-24T22:55:46.910616822Z	233301	0																			
4667	2026-09-24T22:55:46.96137272Z	233352	0																			
4668	2026-09-24T22:55:47.011123235Z	233402	0																			
4669	2026-09-24T22:55:47.060831797Z	233451	0																			
4670	2026-09-24T22:55:47.110505531Z	233501	0																			
4671	2026-09-24T22:55:47.161267635Z	233552	0																			
4672	2026-09-24T22:55:47.21101388Z	233602	0																			
4673	2026-09-24T22:55:47.260794291Z	233651	0																			
4674	2026-09-24T22:55:47.310488127Z	233701	0																			
4675	2026-09-24T22:55:47.361294759Z	233752	0																			
4676	2026-09-24T22:55:47.411048445Z	233802	0																			
4677	2026-09-24T22:55:47.460838779Z	233851	0																			
4678	2026-09-24T22:55:47.510509738Z	233901	0																			
4679	2026-09-24T22:55:47.561226146Z	233952	0																			
4680	2026-09-24T22:55:47.610942157Z	234002	0																			
4681	2026-09-24T22:55:47.660619824Z	234051	0																			
4682	2026-09-24T22:55:47.711285103Z	234102	0																			
4683	2026-09-24T22:55:47.760971038Z	234152	0																			
4684	2026-09-24T22:55:47.810682098Z	234201	0																			
4685	2026-09-24T22:55:47.861343068Z	234252	0																			
4686	2026-09-24T22:55:47.911066524Z	234302	0																			
4687	2026-09-24T22:55:47.960779833Z	234351	0																			
4688	2026-09-24T22:55:48.011495103Z	234402	0																			
4689	2026-09-24T22:55:48.061174303Z	234452	0																			
4690	2026-09-24T22:55:48.110846442Z	234501	0																			
4691	2026-09-24T22:55:48.160509177Z	234551	0																			
4692	2026-09-24T22:55:48.211212783Z	234602	0																			
4693	2026-09-24T22:55:48.260924573Z	234652	0																			
4694	2026-09-24T22:55:48.310635566Z	234701	0																			
4695	2026-09-24T22:55:48.361375596Z	234752	0																			
4696	2026-09-24T22:55:48.411057009Z	234802	0																			
4697	2026-09-24T22:55:48.460793333Z	234851	0																			
4698	2026-09-24T22:55:48.511510543Z	234902	0																			
4699	2026-09-24T22:55:48.561282384Z	234952	0																			
4700	2026-09-24T22:55:48.61099554Z	235002	0																			
4701	2026-09-24T22:55:48.660692398Z	235051	0																			
4702	2026-09-24T22:55:48.711377221Z	235102	0																			
4703	2026-09-24T22:55:48.761041355Z	235152	0																			
4704	2026-09-24T22:55:48.810752309Z	235201	0																			
4705	2026-09-24T22:55:48.86145926Z	235252	0																			
4706	2026-09-24T22:55:48.91113932Z	235302	0																			
4707	2026-09-24T22:55:48.960863688Z	235352	0																			
4708	2026-09-24T22:55:49.010606189Z	235401	0																			
4709	2026-09-24T22:55:49.061317294Z	235452	0																			
4710	2026-09-24T22:55:49.111008169Z	235502	0																			
4711	2026-09-24T22:55:49.160688911Z	235551	0																			
4712	2026-09-24T22:55:49.211407395Z	235602	0																			
4713	2026-09-24T22:55:49.26113805Z	235652	0																			
4714	2026-09-24T22:55:49.310844289Z	235701	0																			
4715	2026-09-24T22:55:49.360526459Z	235751	0																			
4716	2026-09-24T22:55:49.411232602Z	235802	0																			
4717	2026-09-24T22:55:49.460912957Z	235852	0																			
4718	2026-09-24T22:55:49.510617783Z	235901	0																			
4719	2026-09-24T22:55:49.561326135Z	235952	0																			
4720	2026-09-24T22:55:49.611057058Z	236002	0																			
4721	2026-09-24T22:55:49.660782649Z	236051	0																			
4722	2026-09-24T22:55:49.711479412Z	236102	0																			
4723	2026-09-24T22:55:49.761197784Z	236152	0																			
4724	2026-09-24T22:55:49.810902741Z	236202	0																			
4725	2026-09-24T22:55:49.860614229Z	236251	0																			
4726	2026-09-24T22:55:49.911285772Z	236302	0																			
4727	2026-09-24T22:55:49.960985962Z	236352	0																			
4728	2026-09-24T22:55:50.010693225Z	236401	0																			
4729	2026-09-24T22:55:50.06139566Z	236452	0																			
4730	2026-09-24T22:55:50.111143428Z	236502	0																			
4731	2026-09-24T22:55:50.160856433Z	236551	0																			
4732	2026-09-24T22:55:50.210518532Z	236601	0																			
4733	2026-09-24T22:55:50.261162282Z	236652	0																			
4734	2026-09-24T22:55:50.310841828Z	236701	0																			
4735	2026-09-24T22:55:50.360513559Z	236751	0																			
4736	2026-09-24T22:55:50.411213456Z	236802	0																			
4737	2026-09-24T22:55:50.460928899Z	236852	0																			
4738	2026-09-24T22:55:50.510642948Z	236901	0																			
4739	2026-09-24T22:55:50.561371971Z	236952	0																			
4740	2026-09-24T22:55:50.611075902Z	237002	0																			
4741	2026-09-24T22:55:50.660780258Z	237051	0																			
4742	2026-09-24T22:55:50.711455913Z	237102	0																			
4743	2026-09-24T22:55:50.761150351Z	237152	0																			
4744	2026-09-24T22:55:50.810859769Z	237202	0																			
4745	2026-09-24T22:55:50.860509845Z	237251	0																			
4746	2026-09-24T22:55:50.91121425Z	237302	0																			
4747	2026-09-24T22:55:50.960912828Z	237352	0																			
4748	2026-09-24T22:55:51.010525285Z	237401	0																			
4749	2026-09-24T22:55:51.061223768Z	237452	0																			
4750	2026-09-24T22:55:51.110926057Z	237502	0																			
4751	2026-09-24T22:55:51.160671762Z	237551	0																			
4752	2026-09-24T22:55:51.211362244Z	237602	0																			
4753	2026-09-24T22:55:51.261096263Z	237652	0																			
4754	2026-09-24T22:55:51.310769977Z	237701	0																			
4755	2026-09-24T22:55:51.361496496Z	237752	0																			
4756	2026-09-24T22:55:51.411212638Z	237802	0																			
4757	2026-09-24T22:55:51.46092418Z	237852	0																			
4758	2026-09-24T22:55:51.510630783Z	237901	0																			
4759	2026-09-24T22:55:51.561336483Z	237952	0																			
4760	2026-09-24T22:55:51.610995852Z	238002	0																			
4761	2026-09-24T22:55:51.660691176Z	238051	0																			
4762	2026-09-24T22:55:51.711368836Z	238102	0																			
4763	2026-09-24T22:55:51.761072176Z	238152	0																			
4764	2026-09-24T22:55:51.810734358Z	238201	0																			
4765	2026-09-24T22:55:51.861455967Z	238252	0																			
4766	2026-09-24T22:55:51.911150749Z	238302	0																			
4767	2026-09-24T22:55:51.960839416Z	238351	0																			
4768	2026-09-24T22:55:52.010502873Z	238401	0																			
4769	2026-09-24T22:55:52.061211402Z	238452	0																			
4770	2026-09-24T22:55:52.110915759Z	238502	0																			
4771	2026-09-24T22:55:52.160619411Z	238551	0																			
4772	2026-09-24T22:55:52.211291113Z	238602	0																			
4773	2026-09-24T22:55:52.260991812Z	238652	0																			
4774	2026-09-24T22:55:52.31070277Z	238701	0																			
4775	2026-09-24T22:55:52.361432749Z	238752	0																			
4776	2026-09-24T22:55:52.411066778Z	238802	0																			
4777	2026-09-24T22:55:52.460793179Z	238851	0																			
4778	2026-09-24T22:55:52.511516141Z	238902	0																			
4779	2026-09-24T22:55:52.561210996Z	238952	0																			
4780	2026-09-24T22:55:52.610912861Z	239002	0																			
4781	2026-09-24T22:55:52.660617504Z	239051	0																			
4782	2026-09-24T22:55:52.711289998Z	239102	0																			
4783	2026-09-24T22:55:52.760988544Z	239152	0																			
4784	2026-09-24T22:55:52.810695507Z	239201	0																			
4785	2026-09-24T22:55:52.861377305Z	239252	0																			
4786	2026-09-24T22:55:52.911026537Z	239302	0																			
4787	2026-09-24T22:55:52.96073102Z	239351	0																			
4788	2026-09-24T22:55:53.011434487Z	239402	0																			
4789	2026-09-24T22:55:53.06112803Z	239452	0																			
4790	2026-09-24T22:55:53.110787574Z	239501	0																			
4791	2026-09-24T22:55:53.16150274Z	239552	0																			
4792	2026-09-24T22:55:53.211199402Z	239602	0																			
4793	2026-09-24T22:55:53.260880186Z	239652	0																			
4794	2026-09-24T22:55:53.310675812Z	239701	0																			
4795	2026-09-24T22:55:53.361418375Z	239752	0																			
4796	2026-09-24T22:55:53.411140582Z	239802	0																			
4797	2026-09-24T22:55:53.460868394Z	239852	0																			
4798	2026-09-24T22:55:53.510491387Z	239901	0																			
4799	2026-09-24T22:55:53.561177882Z	239952	0																			
4800	2026-09-24T22:55:53.610947575Z	240002	0																			
4801	2026-09-24T22:55:53.661304109Z	240052	0																			
4802	2026-09-24T22:55:53.710998161Z	240102	0																			
4803	2026-09-24T22:55:53.760693937Z	240151	0																			
4804	2026-09-24T22:55:53.811396108Z	240202	0																			
4805	2026-09-24T22:55:53.861109911Z	240252	0																			
4806	2026-09-24T22:55:53.910830874Z	240301	0																			
4807	2026-09-24T22:55:53.96051452Z	240351	0																			
4808	2026-09-24T22:55:54.01118984Z	240402	0																			
4809	2026-09-24T22:55:54.060903439Z	240452	0																			
4810	2026-09-24T22:55:54.110612428Z	240501	0																			
4811	2026-09-24T22:55:54.161283985Z	240552	0																			
4812	2026-09-24T22:55:54.210968726Z	240602	0																			
4813	2026-09-24T22:55:54.26067577Z	240651	0																			
4814	2026-09-24T22:55:54.311387956Z	240702	0																			
4815	2026-09-24T22:55:54.361072517Z	240752	0																			
4816	2026-09-24T22:55:54.410789327Z	240801	0																			
4817	2026-09-24T22:55:54.461490247Z	240852	0																			
4818	2026-09-24T22:55:54.511178624Z	240902	0																			
4819	2026-09-24T22:55:54.560904178Z	240952	0																			
4820	2026-09-24T22:55:54.61059791Z	241001	0																			
4821	2026-09-24T22:55:54.661308453Z	241052	0																			
4822	2026-09-24T22:55:54.711119254Z	241102	0																			
