sample	timestamp	elapsed_ms	captured_waits	capture_error	wait_key	requesting_trx_id	blocking_trx_id	object_schema	object_table	object_index	request_lock_type	request_lock_mode	request_lock_data	blocking_lock_type	blocking_lock_mode	blocking_lock_data	requesting_thread_id	requesting_processlist_id	requesting_sql	blocking_thread_id	blocking_processlist_id	blocking_sql
0	2026-09-24T21:43:36.566955857Z	0	0																			
1	2026-09-24T21:43:36.617820889Z	50	0																			
2	2026-09-24T21:43:36.668489866Z	101	0																			
3	2026-09-24T21:43:36.718100457Z	151	0																			
4	2026-09-24T21:43:36.767695855Z	200	0																			
5	2026-09-24T21:43:36.818385201Z	251	0																			
6	2026-09-24T21:43:36.867969754Z	301	0																			
7	2026-09-24T21:43:36.918471049Z	351	0																			
8	2026-09-24T21:43:36.967983728Z	401	0																			
9	2026-09-24T21:43:37.018498515Z	451	0																			
10	2026-09-24T21:43:37.06801613Z	501	0																			
11	2026-09-24T21:43:37.118493389Z	551	0																			
12	2026-09-24T21:43:37.167902243Z	600	0																			
13	2026-09-24T21:43:37.218345372Z	651	0																			
14	2026-09-24T21:43:37.267753457Z	700	0																			
15	2026-09-24T21:43:37.318191121Z	751	0																			
16	2026-09-24T21:43:37.36757101Z	800	0																			
17	2026-09-24T21:43:37.4180525Z	851	0																			
18	2026-09-24T21:43:37.468546954Z	901	0																			
19	2026-09-24T21:43:37.517977759Z	951	0																			
20	2026-09-24T21:43:37.568409981Z	1001	0																			
21	2026-09-24T21:43:37.61788194Z	1050	0																			
22	2026-09-24T21:43:37.668278195Z	1101	0																			
23	2026-09-24T21:43:37.717739734Z	1150	0																			
24	2026-09-24T21:43:37.768205185Z	1201	0																			
25	2026-09-24T21:43:37.817588318Z	1250	0																			
26	2026-09-24T21:43:37.868151057Z	1301	0																			
27	2026-09-24T21:43:37.918588743Z	1351	0																			
28	2026-09-24T21:43:37.968050613Z	1401	0																			
29	2026-09-24T21:43:38.018550471Z	1451	0																			
30	2026-09-24T21:43:38.068025844Z	1501	0																			
31	2026-09-24T21:43:38.118508752Z	1551	0																			
32	2026-09-24T21:43:38.167984854Z	1601	0																			
33	2026-09-24T21:43:38.218503128Z	1651	0																			
34	2026-09-24T21:43:38.268052835Z	1701	0																			
35	2026-09-24T21:43:38.31857006Z	1751	0																			
36	2026-09-24T21:43:38.368054196Z	1801	0																			
37	2026-09-24T21:43:38.418496425Z	1851	0																			
38	2026-09-24T21:43:38.46798993Z	1901	0																			
39	2026-09-24T21:43:38.518558877Z	1951	0																			
40	2026-09-24T21:43:38.567977075Z	2001	0																			
41	2026-09-24T21:43:38.61842657Z	2051	0																			
42	2026-09-24T21:43:38.66790064Z	2100	0																			
43	2026-09-24T21:43:38.7183545Z	2151	0																			
44	2026-09-24T21:43:38.767841324Z	2200	0																			
45	2026-09-24T21:43:38.818341118Z	2251	0																			
46	2026-09-24T21:43:38.867839616Z	2300	0																			
47	2026-09-24T21:43:38.918334815Z	2351	0																			
48	2026-09-24T21:43:38.967752021Z	2400	0																			
49	2026-09-24T21:43:39.0182019Z	2451	0																			
50	2026-09-24T21:43:39.067579517Z	2500	0																			
51	2026-09-24T21:43:39.118051838Z	2551	0																			
52	2026-09-24T21:43:39.168497193Z	2601	0																			
53	2026-09-24T21:43:39.217959809Z	2651	0																			
54	2026-09-24T21:43:39.268430201Z	2701	0																			
55	2026-09-24T21:43:39.317900865Z	2750	0																			
56	2026-09-24T21:43:39.36835262Z	2801	0																			
57	2026-09-24T21:43:39.417803805Z	2850	0																			
58	2026-09-24T21:43:39.468204779Z	2901	0																			
59	2026-09-24T21:43:39.517588599Z	2950	0																			
60	2026-09-24T21:43:39.567974703Z	3001	0																			
61	2026-09-24T21:43:39.618479216Z	3051	0																			
62	2026-09-24T21:43:39.667970342Z	3101	0																			
63	2026-09-24T21:43:39.718411967Z	3151	0																			
64	2026-09-24T21:43:39.767898005Z	3200	0																			
65	2026-09-24T21:43:39.81827891Z	3251	0																			
66	2026-09-24T21:43:39.867742471Z	3300	0																			
67	2026-09-24T21:43:39.918237451Z	3351	0																			
68	2026-09-24T21:43:39.967687645Z	3400	0																			
69	2026-09-24T21:43:40.01811399Z	3451	0																			
70	2026-09-24T21:43:40.067540618Z	3500	0																			
71	2026-09-24T21:43:40.118051024Z	3551	0																			
72	2026-09-24T21:43:40.168490236Z	3601	0																			
73	2026-09-24T21:43:40.217902159Z	3650	0																			
74	2026-09-24T21:43:40.268354532Z	3701	0																			
75	2026-09-24T21:43:40.317752461Z	3750	0																			
76	2026-09-24T21:43:40.36819082Z	3801	0																			
77	2026-09-24T21:43:40.417670044Z	3850	0																			
78	2026-09-24T21:43:40.46805323Z	3901	0																			
79	2026-09-24T21:43:40.5185682Z	3951	0																			
80	2026-09-24T21:43:40.568053201Z	4001	0																			
81	2026-09-24T21:43:40.618498157Z	4051	0																			
82	2026-09-24T21:43:40.667902947Z	4100	0																			
83	2026-09-24T21:43:40.718352339Z	4151	0																			
84	2026-09-24T21:43:40.767811345Z	4200	0																			
85	2026-09-24T21:43:40.818257115Z	4251	0																			
86	2026-09-24T21:43:40.867678627Z	4300	0																			
87	2026-09-24T21:43:40.918232522Z	4351	0																			
88	2026-09-24T21:43:40.967669228Z	4400	0																			
89	2026-09-24T21:43:41.018127953Z	4451	0																			
90	2026-09-24T21:43:41.068504207Z	4501	0																			
91	2026-09-24T21:43:41.117979325Z	4551	0																			
92	2026-09-24T21:43:41.168430228Z	4601	0																			
93	2026-09-24T21:43:41.217902186Z	4650	0																			
94	2026-09-24T21:43:41.268399007Z	4701	0																			
95	2026-09-24T21:43:41.317893235Z	4750	0																			
96	2026-09-24T21:43:41.368352771Z	4801	0																			
97	2026-09-24T21:43:41.417865417Z	4850	0																			
98	2026-09-24T21:43:41.468354931Z	4901	0																			
99	2026-09-24T21:43:41.517798691Z	4950	0																			
100	2026-09-24T21:43:41.568361707Z	5001	0																			
101	2026-09-24T21:43:41.61782774Z	5050	0																			
102	2026-09-24T21:43:41.668354628Z	5101	0																			
103	2026-09-24T21:43:41.717824987Z	5150	0																			
104	2026-09-24T21:43:41.768275442Z	5201	0																			
105	2026-09-24T21:43:41.817785742Z	5250	0																			
106	2026-09-24T21:43:41.868269665Z	5301	0																			
107	2026-09-24T21:43:41.917733497Z	5350	0																			
108	2026-09-24T21:43:41.96817983Z	5401	0																			
109	2026-09-24T21:43:42.017682756Z	5450	0																			
110	2026-09-24T21:43:42.068169223Z	5501	0																			
111	2026-09-24T21:43:42.117593383Z	5550	0																			
112	2026-09-24T21:43:42.167976964Z	5601	0																			
113	2026-09-24T21:43:42.218429169Z	5651	0																			
114	2026-09-24T21:43:42.267828875Z	5700	0																			
115	2026-09-24T21:43:42.318328778Z	5751	0																			
116	2026-09-24T21:43:42.367752349Z	5800	0																			
117	2026-09-24T21:43:42.418250382Z	5851	0																			
118	2026-09-24T21:43:42.467727422Z	5900	0																			
119	2026-09-24T21:43:42.518220414Z	5951	0																			
120	2026-09-24T21:43:42.567699478Z	6000	0																			
121	2026-09-24T21:43:42.618203167Z	6051	0																			
122	2026-09-24T21:43:42.667706107Z	6100	0																			
123	2026-09-24T21:43:42.718204119Z	6151	0																			
124	2026-09-24T21:43:42.767708367Z	6200	0																			
125	2026-09-24T21:43:42.818150598Z	6251	0																			
126	2026-09-24T21:43:42.867540614Z	6300	0																			
127	2026-09-24T21:43:42.918002717Z	6351	0																			
128	2026-09-24T21:43:42.968497229Z	6401	0																			
129	2026-09-24T21:43:43.017999872Z	6451	0																			
130	2026-09-24T21:43:43.068480739Z	6501	0																			
131	2026-09-24T21:43:43.117965122Z	6551	0																			
132	2026-09-24T21:43:43.168467672Z	6601	0																			
133	2026-09-24T21:43:43.2179777Z	6651	0																			
134	2026-09-24T21:43:43.268436189Z	6701	0																			
135	2026-09-24T21:43:43.317540099Z	6750	0																			
136	2026-09-24T21:43:43.368062896Z	6801	0																			
137	2026-09-24T21:43:43.417599082Z	6850	0																			
138	2026-09-24T21:43:43.468310389Z	6901	0																			
139	2026-09-24T21:43:43.518004288Z	6951	0																			
140	2026-09-24T21:43:43.567675054Z	7000	0																			
141	2026-09-24T21:43:43.618208631Z	7051	0																			
142	2026-09-24T21:43:43.667756939Z	7100	0																			
143	2026-09-24T21:43:43.71827616Z	7151	0																			
144	2026-09-24T21:43:43.767819423Z	7200	0																			
145	2026-09-24T21:43:43.818358547Z	7251	0																			
146	2026-09-24T21:43:43.86789665Z	7300	0																			
147	2026-09-24T21:43:43.918409909Z	7351	0																			
148	2026-09-24T21:43:43.967983197Z	7401	0																			
149	2026-09-24T21:43:44.018514284Z	7451	0																			
150	2026-09-24T21:43:44.068098908Z	7501	0																			
151	2026-09-24T21:43:44.117677279Z	7550	0																			
152	2026-09-24T21:43:44.168204483Z	7601	0																			
153	2026-09-24T21:43:44.217683211Z	7650	0																			
154	2026-09-24T21:43:44.268144916Z	7701	0																			
155	2026-09-24T21:43:44.317677847Z	7750	0																			
156	2026-09-24T21:43:44.368251473Z	7801	0																			
157	2026-09-24T21:43:44.417724136Z	7850	0																			
158	2026-09-24T21:43:44.468298265Z	7901	0																			
159	2026-09-24T21:43:44.51795605Z	7951	0																			
160	2026-09-24T21:43:44.568589342Z	8001	0																			
161	2026-09-24T21:43:44.618157Z	8051	0																			
162	2026-09-24T21:43:44.667715561Z	8100	0																			
163	2026-09-24T21:43:44.718239635Z	8151	0																			
164	2026-09-24T21:43:44.767679556Z	8200	0																			
165	2026-09-24T21:43:44.818216541Z	8251	0																			
166	2026-09-24T21:43:44.867761152Z	8300	0																			
167	2026-09-24T21:43:44.91757864Z	8350	0																			
168	2026-09-24T21:43:44.968316385Z	8401	0																			
169	2026-09-24T21:43:45.017908819Z	8450	0																			
170	2026-09-24T21:43:45.068455034Z	8501	0																			
171	2026-09-24T21:43:45.118065831Z	8551	0																			
172	2026-09-24T21:43:45.167687923Z	8600	0																			
173	2026-09-24T21:43:45.2183113Z	8651	0																			
174	2026-09-24T21:43:45.267979268Z	8701	0																			
175	2026-09-24T21:43:45.318498846Z	8751	0																			
176	2026-09-24T21:43:45.368201532Z	8801	0																			
177	2026-09-24T21:43:45.417913017Z	8850	0																			
178	2026-09-24T21:43:45.468533976Z	8901	0																			
179	2026-09-24T21:43:45.51814643Z	8951	0																			
180	2026-09-24T21:43:45.56784255Z	9000	0																			
181	2026-09-24T21:43:45.618533541Z	9051	0																			
182	2026-09-24T21:43:45.668230916Z	9101	0																			
183	2026-09-24T21:43:45.717939515Z	9150	0																			
184	2026-09-24T21:43:45.767541005Z	9200	0																			
185	2026-09-24T21:43:45.818222519Z	9251	0																			
186	2026-09-24T21:43:45.867919837Z	9300	0																			
187	2026-09-24T21:43:45.917880071Z	9350	0																			
188	2026-09-24T21:43:45.968528202Z	9401	0																			
189	2026-09-24T21:43:46.018461582Z	9451	0																			
190	2026-09-24T21:43:46.068210662Z	9501	0																			
191	2026-09-24T21:43:46.117830521Z	9550	0																			
192	2026-09-24T21:43:46.168541711Z	9601	0																			
193	2026-09-24T21:43:46.21822719Z	9651	0																			
194	2026-09-24T21:43:46.267997319Z	9701	0																			
195	2026-09-24T21:43:46.31782608Z	9750	0																			
196	2026-09-24T21:43:46.368535035Z	9801	0																			
197	2026-09-24T21:43:46.418220198Z	9851	0																			
198	2026-09-24T21:43:46.467911808Z	9900	0																			
199	2026-09-24T21:43:46.517682411Z	9950	0																			
200	2026-09-24T21:43:46.568422504Z	10001	0																			
201	2026-09-24T21:43:46.618506125Z	10051	0																			
202	2026-09-24T21:43:46.668067364Z	10101	0																			
203	2026-09-24T21:43:46.717680598Z	10150	0																			
204	2026-09-24T21:43:46.76833873Z	10201	0																			
205	2026-09-24T21:43:46.818063358Z	10251	0																			
206	2026-09-24T21:43:46.867891624Z	10300	0																			
207	2026-09-24T21:43:46.917682386Z	10350	0																			
208	2026-09-24T21:43:46.968382145Z	10401	0																			
209	2026-09-24T21:43:47.018266833Z	10451	0																			
210	2026-09-24T21:43:47.068060853Z	10501	0																			
211	2026-09-24T21:43:47.117731387Z	10550	0																			
212	2026-09-24T21:43:47.168369329Z	10601	0																			
213	2026-09-24T21:43:47.21798862Z	10651	0																			
214	2026-09-24T21:43:47.267681734Z	10700	0																			
215	2026-09-24T21:43:47.318376206Z	10751	0																			
216	2026-09-24T21:43:47.368052046Z	10801	0																			
217	2026-09-24T21:43:47.417675027Z	10850	0																			
218	2026-09-24T21:43:47.468276001Z	10901	0																			
219	2026-09-24T21:43:47.517988408Z	10951	0																			
220	2026-09-24T21:43:47.567675701Z	11000	0																			
221	2026-09-24T21:43:47.618294625Z	11051	0																			
222	2026-09-24T21:43:47.667912636Z	11100	0																			
223	2026-09-24T21:43:47.718534778Z	11151	0																			
224	2026-09-24T21:43:47.76814859Z	11201	0																			
225	2026-09-24T21:43:47.817834641Z	11250	0																			
226	2026-09-24T21:43:47.868591428Z	11301	0																			
227	2026-09-24T21:43:47.918222373Z	11351	0																			
228	2026-09-24T21:43:47.967922571Z	11400	0																			
229	2026-09-24T21:43:48.017558886Z	11450	0																			
230	2026-09-24T21:43:48.068225442Z	11501	0																			
231	2026-09-24T21:43:48.117880681Z	11550	0																			
232	2026-09-24T21:43:48.168533761Z	11601	0																			
233	2026-09-24T21:43:48.21812239Z	11651	0																			
234	2026-09-24T21:43:48.267838531Z	11700	0																			
235	2026-09-24T21:43:48.318533423Z	11751	0																			
236	2026-09-24T21:43:48.368211741Z	11801	0																			
237	2026-09-24T21:43:48.417836577Z	11850	0																			
238	2026-09-24T21:43:48.468531553Z	11901	0																			
239	2026-09-24T21:43:48.518265776Z	11951	0																			
240	2026-09-24T21:43:48.567994654Z	12001	0																			
241	2026-09-24T21:43:48.61806616Z	12051	0																			
242	2026-09-24T21:43:48.667840958Z	12100	0																			
243	2026-09-24T21:43:48.717905891Z	12150	0																			
244	2026-09-24T21:43:48.767657221Z	12200	0																			
245	2026-09-24T21:43:48.818387794Z	12251	0																			
246	2026-09-24T21:43:48.868068654Z	12301	0																			
247	2026-09-24T21:43:48.917885911Z	12350	0																			
248	2026-09-24T21:43:48.967544735Z	12400	0																			
249	2026-09-24T21:43:49.018445801Z	12451	0																			
250	2026-09-24T21:43:49.068072356Z	12501	0																			
251	2026-09-24T21:43:49.117758324Z	12550	0																			
252	2026-09-24T21:43:49.168378153Z	12601	0																			
253	2026-09-24T21:43:49.217992452Z	12651	0																			
254	2026-09-24T21:43:49.267677781Z	12700	0																			
255	2026-09-24T21:43:49.318343142Z	12751	0																			
256	2026-09-24T21:43:49.367916608Z	12800	0																			
257	2026-09-24T21:43:49.418536666Z	12851	0																			
258	2026-09-24T21:43:49.468149602Z	12901	0																			
259	2026-09-24T21:43:49.517846687Z	12950	0																			
260	2026-09-24T21:43:49.567573636Z	13000	0																			
261	2026-09-24T21:43:49.618300351Z	13051	0																			
262	2026-09-24T21:43:49.667930649Z	13100	0																			
263	2026-09-24T21:43:49.717764552Z	13150	0																			
264	2026-09-24T21:43:49.768421495Z	13201	0																			
265	2026-09-24T21:43:49.81815384Z	13251	0																			
266	2026-09-24T21:43:49.867916298Z	13300	0																			
267	2026-09-24T21:43:49.918515749Z	13351	0																			
268	2026-09-24T21:43:49.968246482Z	13401	0																			
269	2026-09-24T21:43:50.017999265Z	13451	0																			
270	2026-09-24T21:43:50.067683783Z	13500	0																			
271	2026-09-24T21:43:50.118272912Z	13551	0																			
272	2026-09-24T21:43:50.167928378Z	13600	0																			
273	2026-09-24T21:43:50.218504847Z	13651	0																			
274	2026-09-24T21:43:50.268071927Z	13701	0																			
275	2026-09-24T21:43:50.317600984Z	13750	0																			
276	2026-09-24T21:43:50.368237638Z	13801	0																			
277	2026-09-24T21:43:50.417910052Z	13850	0																			
278	2026-09-24T21:43:50.467556781Z	13900	0																			
279	2026-09-24T21:43:50.518209289Z	13951	0																			
280	2026-09-24T21:43:50.567927142Z	14000	0																			
281	2026-09-24T21:43:50.617693741Z	14050	0																			
282	2026-09-24T21:43:50.668444321Z	14101	0																			
283	2026-09-24T21:43:50.71812291Z	14151	0																			
284	2026-09-24T21:43:50.767765558Z	14200	0																			
285	2026-09-24T21:43:50.81857261Z	14251	0																			
286	2026-09-24T21:43:50.868202827Z	14301	0																			
287	2026-09-24T21:43:50.917991292Z	14351	0																			
288	2026-09-24T21:43:50.96775001Z	14400	0																			
289	2026-09-24T21:43:51.017685811Z	14450	0																			
290	2026-09-24T21:43:51.068393922Z	14501	0																			
291	2026-09-24T21:43:51.118149423Z	14551	0																			
292	2026-09-24T21:43:51.167842304Z	14600	0																			
293	2026-09-24T21:43:51.218599287Z	14651	0																			
294	2026-09-24T21:43:51.268382623Z	14701	0																			
295	2026-09-24T21:43:51.318147399Z	14751	0																			
296	2026-09-24T21:43:51.367846989Z	14800	0																			
297	2026-09-24T21:43:51.41859427Z	14851	0																			
298	2026-09-24T21:43:51.46830503Z	14901	0																			
299	2026-09-24T21:43:51.517994573Z	14951	0																			
300	2026-09-24T21:43:51.567685065Z	15000	0																			
301	2026-09-24T21:43:51.618305366Z	15051	0																			
302	2026-09-24T21:43:51.667994757Z	15101	0																			
303	2026-09-24T21:43:51.717687859Z	15150	0																			
304	2026-09-24T21:43:51.768365208Z	15201	0																			
305	2026-09-24T21:43:51.817993198Z	15251	0																			
306	2026-09-24T21:43:51.867916257Z	15300	0																			
307	2026-09-24T21:43:51.917903929Z	15350	0																			
308	2026-09-24T21:43:51.967560192Z	15400	0																			
309	2026-09-24T21:43:52.018071792Z	15451	0																			
310	2026-09-24T21:43:52.067800401Z	15500	0																			
311	2026-09-24T21:43:52.118416189Z	15551	0																			
312	2026-09-24T21:43:52.168153921Z	15601	0																			
313	2026-09-24T21:43:52.217844127Z	15650	0																			
314	2026-09-24T21:43:52.268497581Z	15701	0																			
315	2026-09-24T21:43:52.31815007Z	15751	0																			
316	2026-09-24T21:43:52.367745939Z	15800	0																			
317	2026-09-24T21:43:52.418373615Z	15851	0																			
318	2026-09-24T21:43:52.468073966Z	15901	0																			
319	2026-09-24T21:43:52.517761013Z	15950	0																			
320	2026-09-24T21:43:52.568377232Z	16001	0																			
321	2026-09-24T21:43:52.617996109Z	16051	0																			
322	2026-09-24T21:43:52.667685069Z	16100	0																			
323	2026-09-24T21:43:52.718358944Z	16151	0																			
324	2026-09-24T21:43:52.767946016Z	16200	0																			
325	2026-09-24T21:43:52.818543837Z	16251	0																			
326	2026-09-24T21:43:52.868234965Z	16301	0																			
327	2026-09-24T21:43:52.918121216Z	16351	0																			
328	2026-09-24T21:43:52.968067416Z	16401	0																			
329	2026-09-24T21:43:53.017686815Z	16450	0																			
330	2026-09-24T21:43:53.06825945Z	16501	0																			
331	2026-09-24T21:43:53.117918009Z	16550	0																			
332	2026-09-24T21:43:53.168450649Z	16601	0																			
333	2026-09-24T21:43:53.218076679Z	16651	0																			
334	2026-09-24T21:43:53.267917484Z	16700	0																			
335	2026-09-24T21:43:53.317572393Z	16750	0																			
336	2026-09-24T21:43:53.368206707Z	16801	0																			
337	2026-09-24T21:43:53.41790082Z	16850	0																			
338	2026-09-24T21:43:53.467608461Z	16900	0																			
339	2026-09-24T21:43:53.518379836Z	16951	0																			
340	2026-09-24T21:43:53.568147786Z	17001	0																			
341	2026-09-24T21:43:53.617915266Z	17050	0																			
342	2026-09-24T21:43:53.667595666Z	17100	0																			
343	2026-09-24T21:43:53.718359394Z	17151	0																			
344	2026-09-24T21:43:53.767935658Z	17200	0																			
345	2026-09-24T21:43:53.817580209Z	17250	0																			
346	2026-09-24T21:43:53.868300421Z	17301	0																			
347	2026-09-24T21:43:53.918226463Z	17351	0																			
348	2026-09-24T21:43:53.96828088Z	17401	0																			
349	2026-09-24T21:43:54.017964367Z	17451	0																			
350	2026-09-24T21:43:54.068524252Z	17501	0																			
351	2026-09-24T21:43:54.118118791Z	17551	0																			
352	2026-09-24T21:43:54.167745277Z	17600	0																			
353	2026-09-24T21:43:54.218300506Z	17651	0																			
354	2026-09-24T21:43:54.268070252Z	17701	0																			
355	2026-09-24T21:43:54.317758875Z	17750	0																			
356	2026-09-24T21:43:54.371719678Z	17804	0																			
357	2026-09-24T21:43:54.418378512Z	17851	0																			
358	2026-09-24T21:43:54.46813501Z	17901	0																			
359	2026-09-24T21:43:54.517814398Z	17950	0																			
360	2026-09-24T21:43:54.568452886Z	18001	0																			
361	2026-09-24T21:43:54.618059564Z	18051	0																			
362	2026-09-24T21:43:54.667746035Z	18100	0																			
363	2026-09-24T21:43:54.718435244Z	18151	0																			
364	2026-09-24T21:43:54.768060889Z	18201	0																			
365	2026-09-24T21:43:54.817684584Z	18250	0																			
366	2026-09-24T21:43:54.868432108Z	18301	0																			
367	2026-09-24T21:43:54.918311005Z	18351	0																			
368	2026-09-24T21:43:54.96824347Z	18401	0																			
369	2026-09-24T21:43:55.017839136Z	18450	0																			
370	2026-09-24T21:43:55.068367801Z	18501	0																			
371	2026-09-24T21:43:55.117828058Z	18550	0																			
372	2026-09-24T21:43:55.16838158Z	18601	0																			
373	2026-09-24T21:43:55.218066812Z	18651	0																			
374	2026-09-24T21:43:55.267759908Z	18700	0																			
375	2026-09-24T21:43:55.31850569Z	18751	0																			
376	2026-09-24T21:43:55.368065927Z	18801	0																			
377	2026-09-24T21:43:55.417759694Z	18850	0																			
378	2026-09-24T21:43:55.468518655Z	18901	0																			
379	2026-09-24T21:43:55.518299334Z	18951	0																			
380	2026-09-24T21:43:55.567990517Z	19001	0																			
381	2026-09-24T21:43:55.617764031Z	19050	0																			
382	2026-09-24T21:43:55.668594526Z	19101	0																			
383	2026-09-24T21:43:55.718299306Z	19151	0																			
384	2026-09-24T21:43:55.767937132Z	19200	0																			
385	2026-09-24T21:43:55.818544908Z	19251	0																			
386	2026-09-24T21:43:55.868453937Z	19301	0																			
387	2026-09-24T21:43:55.918076482Z	19351	0																			
388	2026-09-24T21:43:55.967701111Z	19400	0																			
389	2026-09-24T21:43:56.018332168Z	19451	0																			
390	2026-09-24T21:43:56.067899731Z	19500	0																			
391	2026-09-24T21:43:56.118523028Z	19551	0																			
392	2026-09-24T21:43:56.168259173Z	19601	0																			
393	2026-09-24T21:43:56.217981816Z	19651	0																			
394	2026-09-24T21:43:56.267683722Z	19700	0																			
395	2026-09-24T21:43:56.318292476Z	19751	0																			
396	2026-09-24T21:43:56.367822414Z	19800	0																			
397	2026-09-24T21:43:56.418365458Z	19851	0																			
398	2026-09-24T21:43:56.467910699Z	19900	0																			
399	2026-09-24T21:43:56.518447636Z	19951	0																			
400	2026-09-24T21:43:56.5681323Z	20001	0																			
401	2026-09-24T21:43:56.618517309Z	20051	0																			
402	2026-09-24T21:43:56.668229764Z	20101	0																			
403	2026-09-24T21:43:56.718162531Z	20151	0																			
404	2026-09-24T21:43:56.767830218Z	20200	0																			
405	2026-09-24T21:43:56.818507324Z	20251	0																			
406	2026-09-24T21:43:56.868095826Z	20301	0																			
407	2026-09-24T21:43:56.917680883Z	20350	0																			
408	2026-09-24T21:43:56.968230607Z	20401	0																			
409	2026-09-24T21:43:57.017915153Z	20450	0																			
410	2026-09-24T21:43:57.068549401Z	20501	0																			
411	2026-09-24T21:43:57.118381041Z	20551	0																			
412	2026-09-24T21:43:57.168301556Z	20601	0																			
413	2026-09-24T21:43:57.218088839Z	20651	0																			
414	2026-09-24T21:43:57.267838126Z	20700	0																			
415	2026-09-24T21:43:57.318595147Z	20751	0																			
416	2026-09-24T21:43:57.368356936Z	20801	0																			
417	2026-09-24T21:43:57.418073954Z	20851	0																			
418	2026-09-24T21:43:57.46776704Z	20900	0																			
419	2026-09-24T21:43:57.518513495Z	20951	0																			
420	2026-09-24T21:43:57.568301656Z	21001	0																			
421	2026-09-24T21:43:57.618043193Z	21051	0																			
422	2026-09-24T21:43:57.667724105Z	21100	0																			
423	2026-09-24T21:43:57.718358635Z	21151	0																			
424	2026-09-24T21:43:57.768035174Z	21201	0																			
425	2026-09-24T21:43:57.817746483Z	21250	0																			
426	2026-09-24T21:43:57.868393285Z	21301	0																			
427	2026-09-24T21:43:57.918148507Z	21351	0																			
428	2026-09-24T21:43:57.96783735Z	21400	0																			
429	2026-09-24T21:43:58.017543237Z	21450	0																			
430	2026-09-24T21:43:58.068296823Z	21501	0																			
431	2026-09-24T21:43:58.117952368Z	21550	0																			
432	2026-09-24T21:43:58.168071159Z	21601	0																			
433	2026-09-24T21:43:58.217820212Z	21650	0																			
434	2026-09-24T21:43:58.268554501Z	21701	0																			
435	2026-09-24T21:43:58.318277511Z	21751	0																			
436	2026-09-24T21:43:58.367996987Z	21801	0																			
437	2026-09-24T21:43:58.417765221Z	21850	0																			
438	2026-09-24T21:43:58.468511432Z	21901	0																			
439	2026-09-24T21:43:58.518304879Z	21951	0																			
440	2026-09-24T21:43:58.568080036Z	22001	0																			
441	2026-09-24T21:43:58.617836491Z	22050	0																			
442	2026-09-24T21:43:58.667547593Z	22100	0																			
443	2026-09-24T21:43:58.718131873Z	22151	0																			
444	2026-09-24T21:43:58.767685797Z	22200	0																			
445	2026-09-24T21:43:58.818295681Z	22251	0																			
446	2026-09-24T21:43:58.867906668Z	22300	0																			
447	2026-09-24T21:43:58.918386564Z	22351	0																			
448	2026-09-24T21:43:58.968037463Z	22401	0																			
449	2026-09-24T21:43:59.017806024Z	22450	0																			
450	2026-09-24T21:43:59.067777475Z	22500	0																			
451	2026-09-24T21:43:59.118482687Z	22551	0																			
452	2026-09-24T21:43:59.168275084Z	22601	0																			
453	2026-09-24T21:43:59.217938575Z	22650	0																			
454	2026-09-24T21:43:59.268521581Z	22701	0																			
455	2026-09-24T21:43:59.318054502Z	22751	0																			
456	2026-09-24T21:43:59.367544997Z	22800	0																			
457	2026-09-24T21:43:59.418063634Z	22851	0																			
458	2026-09-24T21:43:59.467542957Z	22900	0																			
459	2026-09-24T21:43:59.518451978Z	22951	0																			
460	2026-09-24T21:43:59.568275668Z	23001	0																			
461	2026-09-24T21:43:59.617921694Z	23050	0																			
462	2026-09-24T21:43:59.667582937Z	23100	0																			
463	2026-09-24T21:43:59.718367816Z	23151	0																			
464	2026-09-24T21:43:59.767995896Z	23201	0																			
465	2026-09-24T21:43:59.817588939Z	23250	0																			
466	2026-09-24T21:43:59.868221171Z	23301	0																			
467	2026-09-24T21:43:59.917906451Z	23350	0																			
468	2026-09-24T21:43:59.967736258Z	23400	0																			
469	2026-09-24T21:44:00.018460738Z	23451	0																			
470	2026-09-24T21:44:00.068290634Z	23501	0																			
471	2026-09-24T21:44:00.118091343Z	23551	0																			
472	2026-09-24T21:44:00.167837215Z	23600	0																			
473	2026-09-24T21:44:00.218514491Z	23651	0																			
474	2026-09-24T21:44:00.268151617Z	23701	0																			
475	2026-09-24T21:44:00.317920522Z	23750	0																			
476	2026-09-24T21:44:00.367756406Z	23800	0																			
477	2026-09-24T21:44:00.41850069Z	23851	0																			
478	2026-09-24T21:44:00.468129162Z	23901	0																			
479	2026-09-24T21:44:00.517883862Z	23950	0																			
480	2026-09-24T21:44:00.567562203Z	24000	0																			
481	2026-09-24T21:44:00.618249973Z	24051	0																			
482	2026-09-24T21:44:00.667999503Z	24101	0																			
483	2026-09-24T21:44:00.717742088Z	24150	0																			
484	2026-09-24T21:44:00.76844436Z	24201	0																			
485	2026-09-24T21:44:00.818117642Z	24251	0																			
486	2026-09-24T21:44:00.867846513Z	24300	0																			
487	2026-09-24T21:44:00.917670455Z	24350	0																			
488	2026-09-24T21:44:00.968407609Z	24401	0																			
489	2026-09-24T21:44:01.018183727Z	24451	0																			
490	2026-09-24T21:44:01.068105047Z	24501	0																			
491	2026-09-24T21:44:01.117937514Z	24550	0																			
492	2026-09-24T21:44:01.167598306Z	24600	0																			
493	2026-09-24T21:44:01.218299725Z	24651	0																			
494	2026-09-24T21:44:01.268001442Z	24701	0																			
495	2026-09-24T21:44:01.317752803Z	24750	0																			
496	2026-09-24T21:44:01.368439199Z	24801	0																			
497	2026-09-24T21:44:01.418131541Z	24851	0																			
498	2026-09-24T21:44:01.46775864Z	24900	0																			
499	2026-09-24T21:44:01.518519748Z	24951	0																			
500	2026-09-24T21:44:01.568297311Z	25001	0																			
501	2026-09-24T21:44:01.617992413Z	25051	0																			
502	2026-09-24T21:44:01.667685259Z	25100	0																			
503	2026-09-24T21:44:01.71844587Z	25151	0																			
504	2026-09-24T21:44:01.768341473Z	25201	0																			
505	2026-09-24T21:44:01.817880945Z	25250	0																			
506	2026-09-24T21:44:01.868546358Z	25301	0																			
507	2026-09-24T21:44:01.918312261Z	25351	0																			
508	2026-09-24T21:44:01.968332011Z	25401	0																			
509	2026-09-24T21:44:02.017996498Z	25451	0																			
510	2026-09-24T21:44:02.067587589Z	25500	0																			
511	2026-09-24T21:44:02.118306137Z	25551	0																			
512	2026-09-24T21:44:02.167913994Z	25600	0																			
513	2026-09-24T21:44:02.217538488Z	25650	0																			
514	2026-09-24T21:44:02.268181039Z	25701	0																			
515	2026-09-24T21:44:02.317906109Z	25750	0																			
516	2026-09-24T21:44:02.367586653Z	25800	0																			
517	2026-09-24T21:44:02.418350545Z	25851	0																			
518	2026-09-24T21:44:02.468034948Z	25901	0																			
519	2026-09-24T21:44:02.517562221Z	25950	0																			
520	2026-09-24T21:44:02.568117853Z	26001	0																			
521	2026-09-24T21:44:02.617571691Z	26050	0																			
522	2026-09-24T21:44:02.668100969Z	26101	0																			
523	2026-09-24T21:44:02.71776235Z	26150	0																			
524	2026-09-24T21:44:02.768451036Z	26201	0																			
525	2026-09-24T21:44:02.81800992Z	26251	0																			
526	2026-09-24T21:44:02.868547482Z	26301	0																			
527	2026-09-24T21:44:02.918217451Z	26351	0																			
528	2026-09-24T21:44:02.967823165Z	26400	0																			
529	2026-09-24T21:44:03.018427788Z	26451	0																			
530	2026-09-24T21:44:03.068066475Z	26501	0																			
531	2026-09-24T21:44:03.117554925Z	26550	0																			
532	2026-09-24T21:44:03.168201879Z	26601	0																			
533	2026-09-24T21:44:03.217836877Z	26650	0																			
534	2026-09-24T21:44:03.268435297Z	26701	0																			
535	2026-09-24T21:44:03.318169554Z	26751	0																			
536	2026-09-24T21:44:03.367809263Z	26800	0																			
537	2026-09-24T21:44:03.418437198Z	26851	0																			
538	2026-09-24T21:44:03.468059345Z	26901	0																			
539	2026-09-24T21:44:03.517683141Z	26950	0																			
540	2026-09-24T21:44:03.568300218Z	27001	0																			
541	2026-09-24T21:44:03.617887659Z	27050	0																			
542	2026-09-24T21:44:03.668445596Z	27101	0																			
543	2026-09-24T21:44:03.718001325Z	27151	0																			
544	2026-09-24T21:44:03.76782422Z	27200	0																			
545	2026-09-24T21:44:03.818384326Z	27251	0																			
546	2026-09-24T21:44:03.867949456Z	27300	0																			
547	2026-09-24T21:44:03.918460186Z	27351	0																			
548	2026-09-24T21:44:03.968235968Z	27401	0																			
549	2026-09-24T21:44:04.01790225Z	27450	0																			
550	2026-09-24T21:44:04.068454449Z	27501	0																			
551	2026-09-24T21:44:04.118060704Z	27551	0																			
552	2026-09-24T21:44:04.167588477Z	27600	0																			
553	2026-09-24T21:44:04.218143727Z	27651	0																			
554	2026-09-24T21:44:04.267717263Z	27700	0																			
555	2026-09-24T21:44:04.318233008Z	27751	0																			
556	2026-09-24T21:44:04.367759568Z	27800	0																			
557	2026-09-24T21:44:04.41830569Z	27851	0																			
558	2026-09-24T21:44:04.467896966Z	27900	0																			
559	2026-09-24T21:44:04.518453168Z	27951	0																			
560	2026-09-24T21:44:04.567974076Z	28001	0																			
561	2026-09-24T21:44:04.618505331Z	28051	0																			
562	2026-09-24T21:44:04.667991893Z	28101	0																			
563	2026-09-24T21:44:04.718505112Z	28151	0																			
564	2026-09-24T21:44:04.768037546Z	28201	0																			
565	2026-09-24T21:44:04.818527808Z	28251	0																			
566	2026-09-24T21:44:04.868063098Z	28301	0																			
567	2026-09-24T21:44:04.917827109Z	28350	0																			
568	2026-09-24T21:44:04.968363817Z	28401	0																			
569	2026-09-24T21:44:05.017908918Z	28450	0																			
570	2026-09-24T21:44:05.068449588Z	28501	0																			
571	2026-09-24T21:44:05.117988247Z	28551	0																			
572	2026-09-24T21:44:05.168583603Z	28601	0																			
573	2026-09-24T21:44:05.218121586Z	28651	0																			
574	2026-09-24T21:44:05.267667726Z	28700	0																			
575	2026-09-24T21:44:05.318220535Z	28751	0																			
576	2026-09-24T21:44:05.367757438Z	28800	0																			
577	2026-09-24T21:44:05.418295616Z	28851	0																			
578	2026-09-24T21:44:05.467829348Z	28900	0																			
579	2026-09-24T21:44:05.518352917Z	28951	0																			
580	2026-09-24T21:44:05.567898358Z	29000	0																			
581	2026-09-24T21:44:05.618496713Z	29051	0																			
582	2026-09-24T21:44:05.668119751Z	29101	0																			
583	2026-09-24T21:44:05.717679018Z	29150	0																			
584	2026-09-24T21:44:05.768220119Z	29201	0																			
585	2026-09-24T21:44:05.817764791Z	29250	0																			
586	2026-09-24T21:44:05.86835585Z	29301	0																			
587	2026-09-24T21:44:05.917894187Z	29350	0																			
588	2026-09-24T21:44:05.968461502Z	29401	0																			
589	2026-09-24T21:44:06.018072302Z	29451	0																			
590	2026-09-24T21:44:06.067668416Z	29500	0																			
591	2026-09-24T21:44:06.118272077Z	29551	0																			
592	2026-09-24T21:44:06.167805883Z	29600	0																			
593	2026-09-24T21:44:06.218293777Z	29651	0																			
594	2026-09-24T21:44:06.267836316Z	29700	0																			
595	2026-09-24T21:44:06.318359079Z	29751	0																			
596	2026-09-24T21:44:06.367906962Z	29800	0																			
597	2026-09-24T21:44:06.418454052Z	29851	0																			
598	2026-09-24T21:44:06.467958085Z	29901	0																			
599	2026-09-24T21:44:06.51845716Z	29951	0																			
600	2026-09-24T21:44:06.568003207Z	30001	0																			
601	2026-09-24T21:44:06.617832143Z	30050	0																			
602	2026-09-24T21:44:06.668306694Z	30101	0																			
603	2026-09-24T21:44:06.717822252Z	30150	0																			
604	2026-09-24T21:44:06.768306917Z	30201	0																			
605	2026-09-24T21:44:06.817755168Z	30250	0																			
606	2026-09-24T21:44:06.868216011Z	30301	0																			
607	2026-09-24T21:44:06.917738679Z	30350	0																			
608	2026-09-24T21:44:06.968301166Z	30401	0																			
609	2026-09-24T21:44:07.017835211Z	30450	0																			
610	2026-09-24T21:44:07.068379143Z	30501	0																			
611	2026-09-24T21:44:07.117834493Z	30550	0																			
612	2026-09-24T21:44:07.168378647Z	30601	0																			
613	2026-09-24T21:44:07.217989678Z	30651	0																			
614	2026-09-24T21:44:07.268530266Z	30701	0																			
615	2026-09-24T21:44:07.318064273Z	30751	0																			
616	2026-09-24T21:44:07.367541983Z	30800	0																			
617	2026-09-24T21:44:07.418066749Z	30851	0																			
618	2026-09-24T21:44:07.467548722Z	30900	0																			
619	2026-09-24T21:44:07.518124509Z	30951	0																			
620	2026-09-24T21:44:07.567600674Z	31000	0																			
621	2026-09-24T21:44:07.618129633Z	31051	0																			
622	2026-09-24T21:44:07.667661219Z	31100	0																			
623	2026-09-24T21:44:07.7181515Z	31151	0																			
624	2026-09-24T21:44:07.767665139Z	31200	0																			
625	2026-09-24T21:44:07.818147567Z	31251	0																			
626	2026-09-24T21:44:07.867659792Z	31300	0																			
627	2026-09-24T21:44:07.918123537Z	31351	0																			
628	2026-09-24T21:44:07.967582585Z	31400	0																			
629	2026-09-24T21:44:08.018169797Z	31451	0																			
630	2026-09-24T21:44:08.067761241Z	31500	0																			
631	2026-09-24T21:44:08.118372453Z	31551	0																			
632	2026-09-24T21:44:08.167998762Z	31601	0																			
633	2026-09-24T21:44:08.217561151Z	31650	0																			
634	2026-09-24T21:44:08.268213355Z	31701	0																			
635	2026-09-24T21:44:08.317756816Z	31750	0																			
636	2026-09-24T21:44:08.368385113Z	31801	0																			
637	2026-09-24T21:44:08.417989851Z	31851	0																			
638	2026-09-24T21:44:08.467539052Z	31900	0																			
639	2026-09-24T21:44:08.518143059Z	31951	0																			
640	2026-09-24T21:44:08.567677051Z	32000	0																			
641	2026-09-24T21:44:08.618203608Z	32051	0																			
642	2026-09-24T21:44:08.667734729Z	32100	0																			
643	2026-09-24T21:44:08.718208345Z	32151	0																			
644	2026-09-24T21:44:08.767676715Z	32200	0																			
645	2026-09-24T21:44:08.818198561Z	32251	0																			
646	2026-09-24T21:44:08.867650098Z	32300	0																			
647	2026-09-24T21:44:08.918121035Z	32351	0																			
648	2026-09-24T21:44:08.967584917Z	32400	0																			
649	2026-09-24T21:44:09.018207213Z	32451	0																			
650	2026-09-24T21:44:09.067755487Z	32500	0																			
651	2026-09-24T21:44:09.118285457Z	32551	0																			
652	2026-09-24T21:44:09.167819728Z	32600	0																			
653	2026-09-24T21:44:09.218377824Z	32651	0																			
654	2026-09-24T21:44:09.267917702Z	32700	0																			
655	2026-09-24T21:44:09.318451055Z	32751	0																			
656	2026-09-24T21:44:09.368019639Z	32801	0																			
657	2026-09-24T21:44:09.418569134Z	32851	0																			
658	2026-09-24T21:44:09.468112713Z	32901	0																			
659	2026-09-24T21:44:09.517661722Z	32950	0																			
660	2026-09-24T21:44:09.568144868Z	33001	0																			
661	2026-09-24T21:44:09.617578341Z	33050	0																			
662	2026-09-24T21:44:09.668044237Z	33101	0																			
663	2026-09-24T21:44:09.718507486Z	33151	0																			
664	2026-09-24T21:44:09.768012481Z	33201	0																			
665	2026-09-24T21:44:09.818463806Z	33251	0																			
666	2026-09-24T21:44:09.867903697Z	33300	0																			
667	2026-09-24T21:44:09.918380309Z	33351	0																			
668	2026-09-24T21:44:09.967833191Z	33400	0																			
669	2026-09-24T21:44:10.018311281Z	33451	0																			
670	2026-09-24T21:44:10.067907457Z	33500	0																			
671	2026-09-24T21:44:10.118427276Z	33551	0																			
672	2026-09-24T21:44:10.167881062Z	33600	0																			
673	2026-09-24T21:44:10.218384871Z	33651	0																			
674	2026-09-24T21:44:10.267833785Z	33700	0																			
675	2026-09-24T21:44:10.318308378Z	33751	0																			
676	2026-09-24T21:44:10.367830164Z	33800	0																			
677	2026-09-24T21:44:10.418377806Z	33851	0																			
678	2026-09-24T21:44:10.467915335Z	33900	0																			
679	2026-09-24T21:44:10.518456354Z	33951	0																			
680	2026-09-24T21:44:10.56805246Z	34001	0																			
681	2026-09-24T21:44:10.617598044Z	34050	0																			
682	2026-09-24T21:44:10.668225666Z	34101	0																			
683	2026-09-24T21:44:10.71783488Z	34150	0																			
684	2026-09-24T21:44:10.768388094Z	34201	0																			
685	2026-09-24T21:44:10.817915846Z	34250	0																			
686	2026-09-24T21:44:10.868451108Z	34301	0																			
687	2026-09-24T21:44:10.917985831Z	34351	0																			
688	2026-09-24T21:44:10.968546077Z	34401	0																			
689	2026-09-24T21:44:11.018049997Z	34451	0																			
690	2026-09-24T21:44:11.068567528Z	34501	0																			
691	2026-09-24T21:44:11.118051133Z	34551	0																			
692	2026-09-24T21:44:11.168559373Z	34601	0																			
693	2026-09-24T21:44:11.217977478Z	34651	0																			
694	2026-09-24T21:44:11.268427647Z	34701	0																			
695	2026-09-24T21:44:11.317902516Z	34750	0																			
696	2026-09-24T21:44:11.368353251Z	34801	0																			
697	2026-09-24T21:44:11.417824394Z	34850	0																			
698	2026-09-24T21:44:11.468312878Z	34901	0																			
699	2026-09-24T21:44:11.517801368Z	34950	0																			
700	2026-09-24T21:44:11.568275719Z	35001	0																			
701	2026-09-24T21:44:11.617766374Z	35050	0																			
702	2026-09-24T21:44:11.668240519Z	35101	0																			
703	2026-09-24T21:44:11.717717913Z	35150	0																			
704	2026-09-24T21:44:11.768224301Z	35201	0																			
705	2026-09-24T21:44:11.817641611Z	35250	0																			
706	2026-09-24T21:44:11.868221419Z	35301	0																			
707	2026-09-24T21:44:11.917676771Z	35350	0																			
708	2026-09-24T21:44:11.968128757Z	35401	0																			
709	2026-09-24T21:44:12.017586521Z	35450	0																			
710	2026-09-24T21:44:12.068104915Z	35501	0																			
711	2026-09-24T21:44:12.118590735Z	35551	0																			
712	2026-09-24T21:44:12.168052143Z	35601	0																			
713	2026-09-24T21:44:12.218545437Z	35651	0																			
714	2026-09-24T21:44:12.268042146Z	35701	0																			
715	2026-09-24T21:44:12.318494407Z	35751	0																			
716	2026-09-24T21:44:12.367978474Z	35801	0																			
717	2026-09-24T21:44:12.418446918Z	35851	0																			
718	2026-09-24T21:44:12.467903366Z	35900	0																			
719	2026-09-24T21:44:12.518354043Z	35951	0																			
720	2026-09-24T21:44:12.567855825Z	36000	0																			
721	2026-09-24T21:44:12.618334419Z	36051	0																			
722	2026-09-24T21:44:12.667749081Z	36100	0																			
723	2026-09-24T21:44:12.718275849Z	36151	0																			
724	2026-09-24T21:44:12.767674809Z	36200	0																			
725	2026-09-24T21:44:12.818167253Z	36251	0																			
726	2026-09-24T21:44:12.867659054Z	36300	0																			
727	2026-09-24T21:44:12.918126665Z	36351	0																			
728	2026-09-24T21:44:12.967536238Z	36400	0																			
729	2026-09-24T21:44:13.018039865Z	36451	0																			
730	2026-09-24T21:44:13.068505604Z	36501	0																			
731	2026-09-24T21:44:13.118053891Z	36551	0																			
732	2026-09-24T21:44:13.168580142Z	36601	0																			
733	2026-09-24T21:44:13.218052826Z	36651	0																			
734	2026-09-24T21:44:13.268567127Z	36701	0																			
735	2026-09-24T21:44:13.317977566Z	36751	0																			
736	2026-09-24T21:44:13.368428477Z	36801	0																			
737	2026-09-24T21:44:13.417902806Z	36850	0																			
738	2026-09-24T21:44:13.468352067Z	36901	0																			
739	2026-09-24T21:44:13.517803088Z	36950	0																			
740	2026-09-24T21:44:13.568201084Z	37001	0																			
741	2026-09-24T21:44:13.617692469Z	37050	0																			
742	2026-09-24T21:44:13.668182119Z	37101	0																			
743	2026-09-24T21:44:13.717675291Z	37150	0																			
744	2026-09-24T21:44:13.768113102Z	37201	0																			
745	2026-09-24T21:44:13.817550327Z	37250	0																			
746	2026-09-24T21:44:13.868063391Z	37301	0																			
747	2026-09-24T21:44:13.918530349Z	37351	0																			
748	2026-09-24T21:44:13.968044595Z	37401	0																			
749	2026-09-24T21:44:14.0185457Z	37451	0																			
750	2026-09-24T21:44:14.068085514Z	37501	0																			
751	2026-09-24T21:44:14.118591112Z	37551	0																			
752	2026-09-24T21:44:14.168081579Z	37601	0																			
753	2026-09-24T21:44:14.218503818Z	37651	0																			
754	2026-09-24T21:44:14.267952598Z	37700	0																			
755	2026-09-24T21:44:14.318438143Z	37751	0																			
756	2026-09-24T21:44:14.367901699Z	37800	0																			
757	2026-09-24T21:44:14.418406132Z	37851	0																			
758	2026-09-24T21:44:14.467895324Z	37900	0																			
759	2026-09-24T21:44:14.518352438Z	37951	0																			
760	2026-09-24T21:44:14.567760973Z	38000	0																			
761	2026-09-24T21:44:14.618257573Z	38051	0																			
762	2026-09-24T21:44:14.667750566Z	38100	0																			
763	2026-09-24T21:44:14.71820031Z	38151	0																			
764	2026-09-24T21:44:14.767729785Z	38200	0																			
765	2026-09-24T21:44:14.818199102Z	38251	0																			
766	2026-09-24T21:44:14.867752869Z	38300	0																			
767	2026-09-24T21:44:14.918308782Z	38351	0																			
768	2026-09-24T21:44:14.967786676Z	38400	0																			
769	2026-09-24T21:44:15.018368177Z	38451	0																			
770	2026-09-24T21:44:15.068041476Z	38501	0																			
771	2026-09-24T21:44:15.118511858Z	38551	0																			
772	2026-09-24T21:44:15.167886972Z	38600	0																			
773	2026-09-24T21:44:15.218442313Z	38651	0																			
774	2026-09-24T21:44:15.267990344Z	38701	0																			
775	2026-09-24T21:44:15.318502581Z	38751	0																			
776	2026-09-24T21:44:15.368030678Z	38801	0																			
777	2026-09-24T21:44:15.418512394Z	38851	0																			
778	2026-09-24T21:44:15.468050824Z	38901	0																			
779	2026-09-24T21:44:15.518572331Z	38951	0																			
780	2026-09-24T21:44:15.56802635Z	39001	0																			
781	2026-09-24T21:44:15.6185536Z	39051	0																			
782	2026-09-24T21:44:15.668056252Z	39101	0																			
783	2026-09-24T21:44:15.718501097Z	39151	0																			
784	2026-09-24T21:44:15.767971965Z	39201	0																			
785	2026-09-24T21:44:15.818500743Z	39251	0																			
786	2026-09-24T21:44:15.867911998Z	39300	0																			
787	2026-09-24T21:44:15.918433666Z	39351	0																			
788	2026-09-24T21:44:15.967903581Z	39400	0																			
789	2026-09-24T21:44:16.018452928Z	39451	0																			
790	2026-09-24T21:44:16.067670494Z	39500	0																			
791	2026-09-24T21:44:16.118125701Z	39551	0																			
792	2026-09-24T21:44:16.16756744Z	39600	0																			
793	2026-09-24T21:44:16.218059831Z	39651	0																			
794	2026-09-24T21:44:16.267569229Z	39700	0																			
795	2026-09-24T21:44:16.318087048Z	39751	0																			
796	2026-09-24T21:44:16.36769425Z	39800	0																			
797	2026-09-24T21:44:16.418198238Z	39851	0																			
798	2026-09-24T21:44:16.46770354Z	39900	0																			
799	2026-09-24T21:44:16.518141342Z	39951	0																			
800	2026-09-24T21:44:16.568581617Z	40001	0																			
801	2026-09-24T21:44:16.617730843Z	40050	0																			
802	2026-09-24T21:44:16.668227797Z	40101	0																			
803	2026-09-24T21:44:16.717877865Z	40150	0																			
804	2026-09-24T21:44:16.768324048Z	40201	0																			
805	2026-09-24T21:44:16.817782372Z	40250	0																			
806	2026-09-24T21:44:16.868207837Z	40301	0																			
807	2026-09-24T21:44:16.917675168Z	40350	0																			
808	2026-09-24T21:44:16.96811473Z	40401	0																			
809	2026-09-24T21:44:17.017758194Z	40450	0																			
810	2026-09-24T21:44:17.068211395Z	40501	0																			
811	2026-09-24T21:44:17.117667526Z	40550	0																			
812	2026-09-24T21:44:17.168207557Z	40601	0																			
813	2026-09-24T21:44:17.217608072Z	40650	0																			
814	2026-09-24T21:44:17.268189892Z	40701	0																			
815	2026-09-24T21:44:17.317676914Z	40750	0																			
816	2026-09-24T21:44:17.368184459Z	40801	0																			
817	2026-09-24T21:44:17.417675016Z	40850	0																			
818	2026-09-24T21:44:17.46812116Z	40901	0																			
819	2026-09-24T21:44:17.517564281Z	40950	0																			
820	2026-09-24T21:44:17.568050771Z	41001	0																			
821	2026-09-24T21:44:17.618505987Z	41051	0																			
822	2026-09-24T21:44:17.667975856Z	41101	0																			
823	2026-09-24T21:44:17.718390705Z	41151	0																			
824	2026-09-24T21:44:17.76791387Z	41200	0																			
825	2026-09-24T21:44:17.818436289Z	41251	0																			
826	2026-09-24T21:44:17.867959846Z	41301	0																			
827	2026-09-24T21:44:17.918434873Z	41351	0																			
828	2026-09-24T21:44:17.968024237Z	41401	0																			
829	2026-09-24T21:44:18.018573331Z	41451	0																			
830	2026-09-24T21:44:18.067991693Z	41501	0																			
831	2026-09-24T21:44:18.118502649Z	41551	0																			
832	2026-09-24T21:44:18.168005666Z	41601	0																			
833	2026-09-24T21:44:18.218510195Z	41651	0																			
834	2026-09-24T21:44:18.268031355Z	41701	0																			
835	2026-09-24T21:44:18.318509603Z	41751	0																			
836	2026-09-24T21:44:18.367978334Z	41801	0																			
837	2026-09-24T21:44:18.418507863Z	41851	0																			
838	2026-09-24T21:44:18.467992244Z	41901	0																			
839	2026-09-24T21:44:18.51847424Z	41951	0																			
840	2026-09-24T21:44:18.567901511Z	42000	0																			
841	2026-09-24T21:44:18.618354585Z	42051	0																			
842	2026-09-24T21:44:18.667825439Z	42100	0																			
843	2026-09-24T21:44:18.718318156Z	42151	0																			
844	2026-09-24T21:44:18.767813363Z	42200	0																			
845	2026-09-24T21:44:18.81839326Z	42251	0																			
846	2026-09-24T21:44:18.867844226Z	42300	0																			
847	2026-09-24T21:44:18.918355555Z	42351	0																			
848	2026-09-24T21:44:18.967810724Z	42400	0																			
849	2026-09-24T21:44:19.018315578Z	42451	0																			
850	2026-09-24T21:44:19.067756346Z	42500	0																			
851	2026-09-24T21:44:19.118231781Z	42551	0																			
852	2026-09-24T21:44:19.16774724Z	42600	0																			
853	2026-09-24T21:44:19.218229505Z	42651	0																			
854	2026-09-24T21:44:19.267901748Z	42700	0																			
855	2026-09-24T21:44:19.318428094Z	42751	0																			
856	2026-09-24T21:44:19.367887091Z	42800	0																			
857	2026-09-24T21:44:19.41835496Z	42851	0																			
858	2026-09-24T21:44:19.46787522Z	42900	0																			
859	2026-09-24T21:44:19.518353382Z	42951	0																			
860	2026-09-24T21:44:19.567854116Z	43000	0																			
861	2026-09-24T21:44:19.618347267Z	43051	0																			
862	2026-09-24T21:44:19.667834965Z	43100	0																			
863	2026-09-24T21:44:19.718332543Z	43151	0																			
864	2026-09-24T21:44:19.767802732Z	43200	0																			
865	2026-09-24T21:44:19.8182806Z	43251	0																			
866	2026-09-24T21:44:19.867816205Z	43300	0																			
867	2026-09-24T21:44:19.918354218Z	43351	0																			
868	2026-09-24T21:44:19.967888685Z	43400	0																			
869	2026-09-24T21:44:20.01838458Z	43451	0																			
870	2026-09-24T21:44:20.068122366Z	43501	0																			
871	2026-09-24T21:44:20.117689878Z	43550	0																			
872	2026-09-24T21:44:20.16825571Z	43601	0																			
873	2026-09-24T21:44:20.217850888Z	43650	0																			
874	2026-09-24T21:44:20.26759018Z	43700	0																			
875	2026-09-24T21:44:20.318126411Z	43751	0																			
876	2026-09-24T21:44:20.367651513Z	43800	0																			
877	2026-09-24T21:44:20.418191628Z	43851	0																			
878	2026-09-24T21:44:20.467688288Z	43900	0																			
879	2026-09-24T21:44:20.518282798Z	43951	0																			
880	2026-09-24T21:44:20.567785151Z	44000	0																			
881	2026-09-24T21:44:20.61843638Z	44051	0																			
882	2026-09-24T21:44:20.667991348Z	44101	0																			
883	2026-09-24T21:44:20.718502714Z	44151	0																			
884	2026-09-24T21:44:20.767976797Z	44201	0																			
885	2026-09-24T21:44:20.818510678Z	44251	0																			
886	2026-09-24T21:44:20.868031141Z	44301	0																			
887	2026-09-24T21:44:20.918598527Z	44351	0																			
888	2026-09-24T21:44:20.96816211Z	44401	0																			
889	2026-09-24T21:44:21.017718096Z	44450	0																			
890	2026-09-24T21:44:21.068284474Z	44501	0																			
891	2026-09-24T21:44:21.117837463Z	44550	0																			
892	2026-09-24T21:44:21.168449249Z	44601	0																			
893	2026-09-24T21:44:21.218071372Z	44651	0																			
894	2026-09-24T21:44:21.267760371Z	44700	0																			
895	2026-09-24T21:44:21.318431069Z	44751	0																			
896	2026-09-24T21:44:21.367955322Z	44800	0																			
897	2026-09-24T21:44:21.418458606Z	44851	0																			
898	2026-09-24T21:44:21.467960755Z	44901	0																			
899	2026-09-24T21:44:21.518428612Z	44951	0																			
900	2026-09-24T21:44:21.567917281Z	45000	0																			
901	2026-09-24T21:44:21.618428478Z	45051	0																			
902	2026-09-24T21:44:21.667969717Z	45101	0																			
903	2026-09-24T21:44:21.718406978Z	45151	0																			
904	2026-09-24T21:44:21.767884897Z	45200	0																			
905	2026-09-24T21:44:21.818324627Z	45251	0																			
906	2026-09-24T21:44:21.867837629Z	45300	0																			
907	2026-09-24T21:44:21.91835855Z	45351	0																			
908	2026-09-24T21:44:21.967883465Z	45400	0																			
909	2026-09-24T21:44:22.018446425Z	45451	0																			
910	2026-09-24T21:44:22.0678381Z	45500	0																			
911	2026-09-24T21:44:22.118364655Z	45551	0																			
912	2026-09-24T21:44:22.167870564Z	45600	0																			
913	2026-09-24T21:44:22.218417196Z	45651	0																			
914	2026-09-24T21:44:22.267904392Z	45700	0																			
915	2026-09-24T21:44:22.318391457Z	45751	0																			
916	2026-09-24T21:44:22.367826818Z	45800	0																			
917	2026-09-24T21:44:22.418291895Z	45851	0																			
918	2026-09-24T21:44:22.467793763Z	45900	0																			
919	2026-09-24T21:44:22.518354583Z	45951	0																			
920	2026-09-24T21:44:22.567874559Z	46000	0																			
921	2026-09-24T21:44:22.618360264Z	46051	0																			
922	2026-09-24T21:44:22.667886546Z	46100	0																			
923	2026-09-24T21:44:22.71837824Z	46151	0																			
924	2026-09-24T21:44:22.767897723Z	46200	0																			
925	2026-09-24T21:44:22.818416506Z	46251	0																			
926	2026-09-24T21:44:22.867999656Z	46301	0																			
927	2026-09-24T21:44:22.918571764Z	46351	0																			
928	2026-09-24T21:44:22.968092106Z	46401	0																			
929	2026-09-24T21:44:23.017600949Z	46450	0																			
930	2026-09-24T21:44:23.068129439Z	46501	0																			
931	2026-09-24T21:44:23.117689052Z	46550	0																			
932	2026-09-24T21:44:23.168422822Z	46601	0																			
933	2026-09-24T21:44:23.218280384Z	46651	0																			
934	2026-09-24T21:44:23.267734486Z	46700	0																			
935	2026-09-24T21:44:23.318332994Z	46751	0																			
936	2026-09-24T21:44:23.367815552Z	46800	0																			
937	2026-09-24T21:44:23.41832457Z	46851	0																			
938	2026-09-24T21:44:23.467866203Z	46900	0																			
939	2026-09-24T21:44:23.518419459Z	46951	0																			
940	2026-09-24T21:44:23.56788831Z	47000	0																			
941	2026-09-24T21:44:23.618399807Z	47051	0																			
942	2026-09-24T21:44:23.667908629Z	47100	0																			
943	2026-09-24T21:44:23.718356029Z	47151	0																			
944	2026-09-24T21:44:23.767834131Z	47200	0																			
945	2026-09-24T21:44:23.818285715Z	47251	0																			
946	2026-09-24T21:44:23.867784277Z	47300	0																			
947	2026-09-24T21:44:23.918279413Z	47351	0																			
948	2026-09-24T21:44:23.967776941Z	47400	0																			
949	2026-09-24T21:44:24.018346773Z	47451	0																			
950	2026-09-24T21:44:24.067903108Z	47500	0																			
951	2026-09-24T21:44:24.118477212Z	47551	0																			
952	2026-09-24T21:44:24.168062144Z	47601	0																			
953	2026-09-24T21:44:24.218565246Z	47651	0																			
954	2026-09-24T21:44:24.268065607Z	47701	0																			
955	2026-09-24T21:44:24.318579228Z	47751	0																			
956	2026-09-24T21:44:24.368032098Z	47801	0																			
957	2026-09-24T21:44:24.417742274Z	47850	0																			
958	2026-09-24T21:44:24.468231758Z	47901	0																			
959	2026-09-24T21:44:24.517726447Z	47950	0																			
960	2026-09-24T21:44:24.568352843Z	48001	0																			
961	2026-09-24T21:44:24.617860809Z	48050	0																			
962	2026-09-24T21:44:24.668443964Z	48101	0																			
963	2026-09-24T21:44:24.717974273Z	48151	0																			
964	2026-09-24T21:44:24.768471729Z	48201	0																			
965	2026-09-24T21:44:24.818030945Z	48251	0																			
966	2026-09-24T21:44:24.868552832Z	48301	0																			
967	2026-09-24T21:44:24.918085339Z	48351	0																			
968	2026-09-24T21:44:24.967597395Z	48400	0																			
969	2026-09-24T21:44:25.018227118Z	48451	0																			
970	2026-09-24T21:44:25.067769013Z	48500	0																			
971	2026-09-24T21:44:25.118467227Z	48551	0																			
972	2026-09-24T21:44:25.168154237Z	48601	0																			
973	2026-09-24T21:44:25.217762466Z	48650	0																			
974	2026-09-24T21:44:25.268376549Z	48701	0																			
975	2026-09-24T21:44:25.317868521Z	48750	0																			
976	2026-09-24T21:44:25.368457382Z	48801	0																			
977	2026-09-24T21:44:25.418042203Z	48851	0																			
978	2026-09-24T21:44:25.468536179Z	48901	0																			
979	2026-09-24T21:44:25.517994328Z	48951	0																			
980	2026-09-24T21:44:25.568542543Z	49001	0																			
981	2026-09-24T21:44:25.618093102Z	49051	0																			
982	2026-09-24T21:44:25.667745323Z	49100	0																			
983	2026-09-24T21:44:25.71831338Z	49151	0																			
984	2026-09-24T21:44:25.767884894Z	49200	0																			
985	2026-09-24T21:44:25.818415346Z	49251	0																			
986	2026-09-24T21:44:25.867906292Z	49300	0																			
987	2026-09-24T21:44:25.918471539Z	49351	0																			
988	2026-09-24T21:44:25.96798164Z	49401	0																			
989	2026-09-24T21:44:26.018489112Z	49451	0																			
990	2026-09-24T21:44:26.068064804Z	49501	0																			
991	2026-09-24T21:44:26.117682069Z	49550	0																			
992	2026-09-24T21:44:26.168466168Z	49601	0																			
993	2026-09-24T21:44:26.218051224Z	49651	0																			
994	2026-09-24T21:44:26.268534218Z	49701	0																			
995	2026-09-24T21:44:26.318061246Z	49751	0																			
996	2026-09-24T21:44:26.368529568Z	49801	0																			
997	2026-09-24T21:44:26.418140486Z	49851	0																			
998	2026-09-24T21:44:26.467786215Z	49900	0																			
999	2026-09-24T21:44:26.518333155Z	49951	0																			
1000	2026-09-24T21:44:26.567898431Z	50000	0																			
1001	2026-09-24T21:44:26.618260114Z	50051	0																			
1002	2026-09-24T21:44:26.667784631Z	50100	0																			
1003	2026-09-24T21:44:26.718283348Z	50151	0																			
1004	2026-09-24T21:44:26.767806001Z	50200	0																			
1005	2026-09-24T21:44:26.818344828Z	50251	0																			
1006	2026-09-24T21:44:26.86797075Z	50301	0																			
1007	2026-09-24T21:44:26.918578199Z	50351	0																			
1008	2026-09-24T21:44:26.968111561Z	50401	0																			
1009	2026-09-24T21:44:27.018142461Z	50451	0																			
1010	2026-09-24T21:44:27.067712714Z	50500	0																			
1011	2026-09-24T21:44:27.118289031Z	50551	0																			
1012	2026-09-24T21:44:27.167784884Z	50600	0																			
1013	2026-09-24T21:44:27.218319049Z	50651	0																			
1014	2026-09-24T21:44:27.267887039Z	50700	0																			
1015	2026-09-24T21:44:27.318411914Z	50751	0																			
1016	2026-09-24T21:44:27.368088932Z	50801	0																			
1017	2026-09-24T21:44:27.417646163Z	50850	0																			
1018	2026-09-24T21:44:27.468171405Z	50901	0																			
1019	2026-09-24T21:44:27.51777229Z	50950	0																			
1020	2026-09-24T21:44:27.568484423Z	51001	0																			
1021	2026-09-24T21:44:27.61814164Z	51051	0																			
1022	2026-09-24T21:44:27.667592594Z	51100	0																			
1023	2026-09-24T21:44:27.71815217Z	51151	0																			
1024	2026-09-24T21:44:27.767726557Z	51200	0																			
1025	2026-09-24T21:44:27.818394136Z	51251	0																			
1026	2026-09-24T21:44:27.867953924Z	51300	0																			
1027	2026-09-24T21:44:27.918525869Z	51351	0																			
1028	2026-09-24T21:44:27.968101239Z	51401	0																			
1029	2026-09-24T21:44:28.017617956Z	51450	0																			
1030	2026-09-24T21:44:28.068268587Z	51501	0																			
1031	2026-09-24T21:44:28.117866147Z	51550	0																			
1032	2026-09-24T21:44:28.167901834Z	51600	0																			
1033	2026-09-24T21:44:28.218443704Z	51651	0																			
1034	2026-09-24T21:44:28.267971361Z	51701	0																			
1035	2026-09-24T21:44:28.318473653Z	51751	0																			
1036	2026-09-24T21:44:28.367999393Z	51801	0																			
1037	2026-09-24T21:44:28.418521494Z	51851	0																			
1038	2026-09-24T21:44:28.468085925Z	51901	0																			
1039	2026-09-24T21:44:28.517682878Z	51950	0																			
1040	2026-09-24T21:44:28.568259738Z	52001	0																			
1041	2026-09-24T21:44:28.617804391Z	52050	0																			
1042	2026-09-24T21:44:28.668319162Z	52101	0																			
1043	2026-09-24T21:44:28.717828872Z	52150	0																			
1044	2026-09-24T21:44:28.768405358Z	52201	0																			
1045	2026-09-24T21:44:28.817939572Z	52250	0																			
1046	2026-09-24T21:44:28.868520866Z	52301	0																			
1047	2026-09-24T21:44:28.918139072Z	52351	0																			
1048	2026-09-24T21:44:28.967665041Z	52400	0																			
1049	2026-09-24T21:44:29.018190844Z	52451	0																			
1050	2026-09-24T21:44:29.067796694Z	52500	0																			
1051	2026-09-24T21:44:29.118360908Z	52551	0																			
1052	2026-09-24T21:44:29.168386506Z	52601	0																			
1053	2026-09-24T21:44:29.218006387Z	52651	0																			
1054	2026-09-24T21:44:29.268523132Z	52701	0																			
1055	2026-09-24T21:44:29.318041435Z	52751	0																			
1056	2026-09-24T21:44:29.367571195Z	52800	0																			
1057	2026-09-24T21:44:29.418104938Z	52851	0																			
1058	2026-09-24T21:44:29.467814579Z	52900	0																			
1059	2026-09-24T21:44:29.518418304Z	52951	0																			
1060	2026-09-24T21:44:29.567999439Z	53001	0																			
1061	2026-09-24T21:44:29.618536887Z	53051	0																			
1062	2026-09-24T21:44:29.66806305Z	53101	0																			
1063	2026-09-24T21:44:29.717624417Z	53150	0																			
1064	2026-09-24T21:44:29.76822072Z	53201	0																			
1065	2026-09-24T21:44:29.817810259Z	53250	0																			
1066	2026-09-24T21:44:29.868510778Z	53301	0																			
1067	2026-09-24T21:44:29.918224264Z	53351	0																			
1068	2026-09-24T21:44:29.967888904Z	53400	0																			
1069	2026-09-24T21:44:30.018528611Z	53451	0																			
1070	2026-09-24T21:44:30.068110507Z	53501	0																			
1071	2026-09-24T21:44:30.118071654Z	53551	0																			
1072	2026-09-24T21:44:30.167806888Z	53600	0																			
1073	2026-09-24T21:44:30.218383595Z	53651	0																			
1074	2026-09-24T21:44:30.26798932Z	53701	0																			
1075	2026-09-24T21:44:30.318466599Z	53751	0																			
1076	2026-09-24T21:44:30.368084908Z	53801	0																			
1077	2026-09-24T21:44:30.417582469Z	53850	0																			
1078	2026-09-24T21:44:30.468167805Z	53901	0																			
1079	2026-09-24T21:44:30.51757351Z	53950	0																			
1080	2026-09-24T21:44:30.568096662Z	54001	0																			
1081	2026-09-24T21:44:30.617560028Z	54050	0																			
1082	2026-09-24T21:44:30.668132263Z	54101	0																			
1083	2026-09-24T21:44:30.717675964Z	54150	0																			
1084	2026-09-24T21:44:30.768221768Z	54201	0																			
1085	2026-09-24T21:44:30.817682077Z	54250	0																			
1086	2026-09-24T21:44:30.868378634Z	54301	0																			
1087	2026-09-24T21:44:30.917902903Z	54350	0																			
1088	2026-09-24T21:44:30.968326887Z	54401	0																			
1089	2026-09-24T21:44:31.017927705Z	54450	0																			
1090	2026-09-24T21:44:31.068490519Z	54501	0																			
1091	2026-09-24T21:44:31.118056052Z	54551	0																			
1092	2026-09-24T21:44:31.167556254Z	54600	0																			
1093	2026-09-24T21:44:31.218115846Z	54651	0																			
1094	2026-09-24T21:44:31.267719354Z	54700	0																			
1095	2026-09-24T21:44:31.31833011Z	54751	0																			
1096	2026-09-24T21:44:31.367828594Z	54800	0																			
1097	2026-09-24T21:44:31.418361874Z	54851	0																			
1098	2026-09-24T21:44:31.467871541Z	54900	0																			
1099	2026-09-24T21:44:31.518460419Z	54951	0																			
1100	2026-09-24T21:44:31.568285833Z	55001	0																			
1101	2026-09-24T21:44:31.617851743Z	55050	0																			
1102	2026-09-24T21:44:31.668434833Z	55101	0																			
1103	2026-09-24T21:44:31.71801301Z	55151	0																			
1104	2026-09-24T21:44:31.768409546Z	55201	0																			
1105	2026-09-24T21:44:31.817990453Z	55251	0																			
1106	2026-09-24T21:44:31.868550038Z	55301	0																			
1107	2026-09-24T21:44:31.918141663Z	55351	0																			
1108	2026-09-24T21:44:31.967646538Z	55400	0																			
1109	2026-09-24T21:44:32.017573334Z	55450	0																			
1110	2026-09-24T21:44:32.068102838Z	55501	0																			
1111	2026-09-24T21:44:32.117685882Z	55550	0																			
1112	2026-09-24T21:44:32.168172649Z	55601	0																			
1113	2026-09-24T21:44:32.217657425Z	55650	0																			
1114	2026-09-24T21:44:32.268174681Z	55701	0																			
1115	2026-09-24T21:44:32.317751582Z	55750	0																			
1116	2026-09-24T21:44:32.368357433Z	55801	0																			
1117	2026-09-24T21:44:32.418005011Z	55851	0																			
1118	2026-09-24T21:44:32.467548963Z	55900	0																			
1119	2026-09-24T21:44:32.51820574Z	55951	0																			
1120	2026-09-24T21:44:32.567927026Z	56000	0																			
1121	2026-09-24T21:44:32.617547332Z	56050	0																			
1122	2026-09-24T21:44:32.668089992Z	56101	0																			
1123	2026-09-24T21:44:32.717558418Z	56150	0																			
1124	2026-09-24T21:44:32.768058585Z	56201	0																			
1125	2026-09-24T21:44:32.817584123Z	56250	0																			
1126	2026-09-24T21:44:32.868186944Z	56301	0																			
1127	2026-09-24T21:44:32.917820605Z	56350	0																			
1128	2026-09-24T21:44:32.968341698Z	56401	0																			
1129	2026-09-24T21:44:33.018253382Z	56451	0																			
1130	2026-09-24T21:44:33.067870913Z	56500	0																			
1131	2026-09-24T21:44:33.118509599Z	56551	0																			
1132	2026-09-24T21:44:33.168032317Z	56601	0																			
1133	2026-09-24T21:44:33.218511512Z	56651	0																			
1134	2026-09-24T21:44:33.268089646Z	56701	0																			
1135	2026-09-24T21:44:33.317689723Z	56750	0																			
1136	2026-09-24T21:44:33.368230619Z	56801	0																			
1137	2026-09-24T21:44:33.417770213Z	56850	0																			
1138	2026-09-24T21:44:33.468363887Z	56901	0																			
1139	2026-09-24T21:44:33.517927006Z	56950	0																			
1140	2026-09-24T21:44:33.56844845Z	57001	0																			
1141	2026-09-24T21:44:33.618007651Z	57051	0																			
1142	2026-09-24T21:44:33.668562059Z	57101	0																			
1143	2026-09-24T21:44:33.718148457Z	57151	0																			
1144	2026-09-24T21:44:33.76776313Z	57200	0																			
1145	2026-09-24T21:44:33.818308646Z	57251	0																			
1146	2026-09-24T21:44:33.867882119Z	57300	0																			
1147	2026-09-24T21:44:33.918509469Z	57351	0																			
1148	2026-09-24T21:44:33.968089801Z	57401	0																			
1149	2026-09-24T21:44:34.017827611Z	57450	0																			
1150	2026-09-24T21:44:34.068435182Z	57501	0																			
1151	2026-09-24T21:44:34.118515856Z	57551	0																			
1152	2026-09-24T21:44:34.16805637Z	57601	0																			
1153	2026-09-24T21:44:34.217639835Z	57650	0																			
1154	2026-09-24T21:44:34.26817507Z	57701	0																			
1155	2026-09-24T21:44:34.317845189Z	57750	0																			
1156	2026-09-24T21:44:34.368356736Z	57801	0																			
1157	2026-09-24T21:44:34.417933281Z	57850	0																			
1158	2026-09-24T21:44:34.468564395Z	57901	0																			
1159	2026-09-24T21:44:34.518171581Z	57951	0																			
1160	2026-09-24T21:44:34.567730148Z	58000	0																			
1161	2026-09-24T21:44:34.618271482Z	58051	0																			
1162	2026-09-24T21:44:34.667934287Z	58100	0																			
1163	2026-09-24T21:44:34.718529485Z	58151	0																			
1164	2026-09-24T21:44:34.768102903Z	58201	0																			
1165	2026-09-24T21:44:34.817693618Z	58250	0																			
1166	2026-09-24T21:44:34.868300593Z	58301	0																			
1167	2026-09-24T21:44:34.917899893Z	58350	0																			
1168	2026-09-24T21:44:34.968469566Z	58401	0																			
1169	2026-09-24T21:44:35.018158829Z	58451	0																			
1170	2026-09-24T21:44:35.067908633Z	58500	0																			
1171	2026-09-24T21:44:35.118507813Z	58551	0																			
1172	2026-09-24T21:44:35.168116688Z	58601	0																			
1173	2026-09-24T21:44:35.217687217Z	58650	0																			
1174	2026-09-24T21:44:35.268249074Z	58701	0																			
1175	2026-09-24T21:44:35.317817382Z	58750	0																			
1176	2026-09-24T21:44:35.368372388Z	58801	0																			
1177	2026-09-24T21:44:35.417882619Z	58850	0																			
1178	2026-09-24T21:44:35.46846779Z	58901	0																			
1179	2026-09-24T21:44:35.518016565Z	58951	0																			
1180	2026-09-24T21:44:35.568599294Z	59001	0																			
1181	2026-09-24T21:44:35.618243248Z	59051	0																			
1182	2026-09-24T21:44:35.667822017Z	59100	0																			
1183	2026-09-24T21:44:35.718323281Z	59151	0																			
1184	2026-09-24T21:44:35.767981707Z	59201	0																			
1185	2026-09-24T21:44:35.818485607Z	59251	0																			
1186	2026-09-24T21:44:35.868039665Z	59301	0																			
1187	2026-09-24T21:44:35.918559036Z	59351	0																			
1188	2026-09-24T21:44:35.968245223Z	59401	0																			
1189	2026-09-24T21:44:36.017904789Z	59450	0																			
1190	2026-09-24T21:44:36.06847569Z	59501	0																			
1191	2026-09-24T21:44:36.118135675Z	59551	0																			
1192	2026-09-24T21:44:36.167545828Z	59600	0																			
1193	2026-09-24T21:44:36.218099193Z	59651	0																			
1194	2026-09-24T21:44:36.267822121Z	59700	0																			
1195	2026-09-24T21:44:36.318429634Z	59751	0																			
1196	2026-09-24T21:44:36.368013958Z	59801	0																			
1197	2026-09-24T21:44:36.417590367Z	59850	0																			
1198	2026-09-24T21:44:36.468145141Z	59901	0																			
1199	2026-09-24T21:44:36.517841182Z	59950	0																			
1200	2026-09-24T21:44:36.56848262Z	60001	0																			
1201	2026-09-24T21:44:36.618305648Z	60051	0																			
1202	2026-09-24T21:44:36.66782794Z	60100	0																			
1203	2026-09-24T21:44:36.71839806Z	60151	0																			
1204	2026-09-24T21:44:36.767916969Z	60200	0																			
1205	2026-09-24T21:44:36.818419334Z	60251	0																			
1206	2026-09-24T21:44:36.867909319Z	60300	0																			
1207	2026-09-24T21:44:36.918395804Z	60351	0																			
1208	2026-09-24T21:44:36.967950438Z	60400	0																			
1209	2026-09-24T21:44:37.017576529Z	60450	0																			
1210	2026-09-24T21:44:37.06825412Z	60501	0																			
1211	2026-09-24T21:44:37.118006585Z	60551	0																			
1212	2026-09-24T21:44:37.167558341Z	60600	0																			
1213	2026-09-24T21:44:37.218162202Z	60651	0																			
1214	2026-09-24T21:44:37.26775808Z	60700	0																			
1215	2026-09-24T21:44:37.31834334Z	60751	0																			
1216	2026-09-24T21:44:37.367920909Z	60800	0																			
1217	2026-09-24T21:44:37.417604868Z	60850	0																			
1218	2026-09-24T21:44:37.468256104Z	60901	0																			
1219	2026-09-24T21:44:37.517804645Z	60950	0																			
1220	2026-09-24T21:44:37.568387999Z	61001	0																			
1221	2026-09-24T21:44:37.617906459Z	61050	0																			
1222	2026-09-24T21:44:37.668483062Z	61101	0																			
1223	2026-09-24T21:44:37.718090456Z	61151	0																			
1224	2026-09-24T21:44:37.767644077Z	61200	0																			
1225	2026-09-24T21:44:37.818135844Z	61251	0																			
1226	2026-09-24T21:44:37.867555253Z	61300	0																			
1227	2026-09-24T21:44:37.918135889Z	61351	0																			
1228	2026-09-24T21:44:37.96769173Z	61400	0																			
1229	2026-09-24T21:44:38.018224157Z	61451	0																			
1230	2026-09-24T21:44:38.068352841Z	61501	0																			
1231	2026-09-24T21:44:38.117864692Z	61550	0																			
1232	2026-09-24T21:44:38.168408364Z	61601	0																			
1233	2026-09-24T21:44:38.218081891Z	61651	0																			
1234	2026-09-24T21:44:38.267714294Z	61700	0																			
1235	2026-09-24T21:44:38.318292287Z	61751	0																			
1236	2026-09-24T21:44:38.367852693Z	61800	0																			
1237	2026-09-24T21:44:38.418362054Z	61851	0																			
1238	2026-09-24T21:44:38.467912821Z	61900	0																			
1239	2026-09-24T21:44:38.518456741Z	61951	0																			
1240	2026-09-24T21:44:38.567925687Z	62000	0																			
1241	2026-09-24T21:44:38.618460783Z	62051	0																			
1242	2026-09-24T21:44:38.668017076Z	62101	0																			
1243	2026-09-24T21:44:38.718512443Z	62151	0																			
1244	2026-09-24T21:44:38.768068773Z	62201	0																			
1245	2026-09-24T21:44:38.81768576Z	62250	0																			
1246	2026-09-24T21:44:38.868322675Z	62301	0																			
1247	2026-09-24T21:44:38.917828558Z	62350	0																			
1248	2026-09-24T21:44:38.968321898Z	62401	0																			
1249	2026-09-24T21:44:39.018266665Z	62451	0																			
1250	2026-09-24T21:44:39.068395849Z	62501	0																			
1251	2026-09-24T21:44:39.118009904Z	62551	0																			
1252	2026-09-24T21:44:39.168535758Z	62601	0																			
1253	2026-09-24T21:44:39.218083624Z	62651	0																			
1254	2026-09-24T21:44:39.26768358Z	62700	0																			
1255	2026-09-24T21:44:39.318241415Z	62751	0																			
1256	2026-09-24T21:44:39.367833053Z	62800	0																			
1257	2026-09-24T21:44:39.418526191Z	62851	0																			
1258	2026-09-24T21:44:39.468173908Z	62901	0																			
1259	2026-09-24T21:44:39.517822804Z	62950	0																			
1260	2026-09-24T21:44:39.568423594Z	63001	0																			
1261	2026-09-24T21:44:39.618078071Z	63051	0																			
1262	2026-09-24T21:44:39.668587245Z	63101	0																			
1263	2026-09-24T21:44:39.718100047Z	63151	0																			
1264	2026-09-24T21:44:39.767693931Z	63200	0																			
1265	2026-09-24T21:44:39.818286438Z	63251	0																			
1266	2026-09-24T21:44:39.867832518Z	63300	0																			
1267	2026-09-24T21:44:39.918489464Z	63351	0																			
1268	2026-09-24T21:44:39.968054464Z	63401	0																			
1269	2026-09-24T21:44:40.017837735Z	63450	0																			
1270	2026-09-24T21:44:40.068417785Z	63501	0																			
1271	2026-09-24T21:44:40.117980657Z	63551	0																			
1272	2026-09-24T21:44:40.167545009Z	63600	0																			
1273	2026-09-24T21:44:40.218167143Z	63651	0																			
1274	2026-09-24T21:44:40.267823218Z	63700	0																			
1275	2026-09-24T21:44:40.318384112Z	63751	0																			
1276	2026-09-24T21:44:40.367919981Z	63800	0																			
1277	2026-09-24T21:44:40.418516613Z	63851	0																			
1278	2026-09-24T21:44:40.468010579Z	63901	0																			
1279	2026-09-24T21:44:40.517554258Z	63950	0																			
1280	2026-09-24T21:44:40.568168096Z	64001	0																			
1281	2026-09-24T21:44:40.617681392Z	64050	0																			
1282	2026-09-24T21:44:40.66817922Z	64101	0																			
1283	2026-09-24T21:44:40.717693157Z	64150	0																			
1284	2026-09-24T21:44:40.768249676Z	64201	0																			
1285	2026-09-24T21:44:40.817794249Z	64250	0																			
1286	2026-09-24T21:44:40.868354024Z	64301	0																			
1287	2026-09-24T21:44:40.917908673Z	64350	0																			
1288	2026-09-24T21:44:40.968518332Z	64401	0																			
1289	2026-09-24T21:44:41.018071939Z	64451	0																			
1290	2026-09-24T21:44:41.068582933Z	64501	0																			
1291	2026-09-24T21:44:41.118256418Z	64551	0																			
1292	2026-09-24T21:44:41.167848374Z	64600	0																			
1293	2026-09-24T21:44:41.218350768Z	64651	0																			
1294	2026-09-24T21:44:41.267817758Z	64700	0																			
1295	2026-09-24T21:44:41.31838619Z	64751	0																			
1296	2026-09-24T21:44:41.367926666Z	64800	0																			
1297	2026-09-24T21:44:41.417651751Z	64850	0																			
1298	2026-09-24T21:44:41.468181634Z	64901	0																			
1299	2026-09-24T21:44:41.51775055Z	64950	0																			
1300	2026-09-24T21:44:41.568304146Z	65001	0																			
1301	2026-09-24T21:44:41.61790292Z	65050	0																			
1302	2026-09-24T21:44:41.66841802Z	65101	0																			
1303	2026-09-24T21:44:41.717978593Z	65151	0																			
1304	2026-09-24T21:44:41.768514895Z	65201	0																			
1305	2026-09-24T21:44:41.818070975Z	65251	0																			
1306	2026-09-24T21:44:41.867540511Z	65300	0																			
1307	2026-09-24T21:44:41.91818932Z	65351	0																			
1308	2026-09-24T21:44:41.967818081Z	65400	0																			
1309	2026-09-24T21:44:42.018449472Z	65451	0																			
1310	2026-09-24T21:44:42.068082442Z	65501	0																			
1311	2026-09-24T21:44:42.117688315Z	65550	0																			
1312	2026-09-24T21:44:42.168265529Z	65601	0																			
1313	2026-09-24T21:44:42.217857181Z	65650	0																			
1314	2026-09-24T21:44:42.268490365Z	65701	0																			
1315	2026-09-24T21:44:42.318107637Z	65751	0																			
1316	2026-09-24T21:44:42.367689309Z	65800	0																			
1317	2026-09-24T21:44:42.418376054Z	65851	0																			
1318	2026-09-24T21:44:42.468042684Z	65901	0																			
1319	2026-09-24T21:44:42.517865668Z	65950	0																			
1320	2026-09-24T21:44:42.568369842Z	66001	0																			
1321	2026-09-24T21:44:42.617979174Z	66051	0																			
1322	2026-09-24T21:44:42.66853829Z	66101	0																			
1323	2026-09-24T21:44:42.718090151Z	66151	0																			
1324	2026-09-24T21:44:42.767569722Z	66200	0																			
1325	2026-09-24T21:44:42.818207517Z	66251	0																			
1326	2026-09-24T21:44:42.867681747Z	66300	0																			
1327	2026-09-24T21:44:42.918221556Z	66351	0																			
1328	2026-09-24T21:44:42.967781713Z	66400	0																			
1329	2026-09-24T21:44:43.018161097Z	66451	0																			
1330	2026-09-24T21:44:43.067736283Z	66500	0																			
1331	2026-09-24T21:44:43.118361996Z	66551	0																			
1332	2026-09-24T21:44:43.167898846Z	66600	0																			
1333	2026-09-24T21:44:43.218401534Z	66651	0																			
1334	2026-09-24T21:44:43.268150989Z	66701	0																			
1335	2026-09-24T21:44:43.317753294Z	66750	0																			
1336	2026-09-24T21:44:43.368389321Z	66801	0																			
1337	2026-09-24T21:44:43.418004225Z	66851	0																			
1338	2026-09-24T21:44:43.467571869Z	66900	0																			
1339	2026-09-24T21:44:43.51833708Z	66951	0																			
1340	2026-09-24T21:44:43.56785762Z	67000	0																			
1341	2026-09-24T21:44:43.618419159Z	67051	0																			
1342	2026-09-24T21:44:43.667988194Z	67101	0																			
1343	2026-09-24T21:44:43.718581775Z	67151	0																			
1344	2026-09-24T21:44:43.768125738Z	67201	0																			
1345	2026-09-24T21:44:43.817696765Z	67250	0																			
1346	2026-09-24T21:44:43.868247774Z	67301	0																			
1347	2026-09-24T21:44:43.917809207Z	67350	0																			
1348	2026-09-24T21:44:43.968347625Z	67401	0																			
1349	2026-09-24T21:44:44.018034658Z	67451	0																			
1350	2026-09-24T21:44:44.067696149Z	67500	0																			
1351	2026-09-24T21:44:44.118193108Z	67551	0																			
1352	2026-09-24T21:44:44.167901793Z	67600	0																			
1353	2026-09-24T21:44:44.218339863Z	67651	0																			
1354	2026-09-24T21:44:44.267881529Z	67700	0																			
1355	2026-09-24T21:44:44.318512966Z	67751	0																			
1356	2026-09-24T21:44:44.368067389Z	67801	0																			
1357	2026-09-24T21:44:44.417732354Z	67850	0																			
1358	2026-09-24T21:44:44.468353649Z	67901	0																			
1359	2026-09-24T21:44:44.517969643Z	67951	0																			
1360	2026-09-24T21:44:44.568497293Z	68001	0																			
1361	2026-09-24T21:44:44.618016577Z	68051	0																			
1362	2026-09-24T21:44:44.667698985Z	68100	0																			
1363	2026-09-24T21:44:44.718322652Z	68151	0																			
1364	2026-09-24T21:44:44.767921518Z	68200	0																			
1365	2026-09-24T21:44:44.818479998Z	68251	0																			
1366	2026-09-24T21:44:44.867941686Z	68300	0																			
1367	2026-09-24T21:44:44.918482623Z	68351	0																			
1368	2026-09-24T21:44:44.968040359Z	68401	0																			
1369	2026-09-24T21:44:45.017560403Z	68450	0																			
1370	2026-09-24T21:44:45.068136762Z	68501	0																			
1371	2026-09-24T21:44:45.117744001Z	68550	0																			
1372	2026-09-24T21:44:45.168290916Z	68601	0																			
1373	2026-09-24T21:44:45.217878125Z	68650	0																			
1374	2026-09-24T21:44:45.268429573Z	68701	0																			
1375	2026-09-24T21:44:45.317996877Z	68751	0																			
1376	2026-09-24T21:44:45.368549092Z	68801	0																			
1377	2026-09-24T21:44:45.418053405Z	68851	0																			
1378	2026-09-24T21:44:45.468570325Z	68901	0																			
1379	2026-09-24T21:44:45.518182182Z	68951	0																			
1380	2026-09-24T21:44:45.5677257Z	69000	0																			
1381	2026-09-24T21:44:45.61826443Z	69051	0																			
1382	2026-09-24T21:44:45.667769353Z	69100	0																			
1383	2026-09-24T21:44:45.718321025Z	69151	0																			
1384	2026-09-24T21:44:45.767891477Z	69200	0																			
1385	2026-09-24T21:44:45.818409515Z	69251	0																			
1386	2026-09-24T21:44:45.867985344Z	69301	0																			
1387	2026-09-24T21:44:45.91856884Z	69351	0																			
1388	2026-09-24T21:44:45.968066711Z	69401	0																			
1389	2026-09-24T21:44:46.017537417Z	69450	0																			
1390	2026-09-24T21:44:46.068079903Z	69501	0																			
1391	2026-09-24T21:44:46.117596081Z	69550	0																			
1392	2026-09-24T21:44:46.16810909Z	69601	0																			
1393	2026-09-24T21:44:46.217564651Z	69650	0																			
1394	2026-09-24T21:44:46.268104018Z	69701	0																			
1395	2026-09-24T21:44:46.317551622Z	69750	0																			
1396	2026-09-24T21:44:46.368088515Z	69801	0																			
1397	2026-09-24T21:44:46.417600179Z	69850	0																			
1398	2026-09-24T21:44:46.468229216Z	69901	0																			
1399	2026-09-24T21:44:46.517860997Z	69950	0																			
1400	2026-09-24T21:44:46.568553756Z	70001	0																			
1401	2026-09-24T21:44:46.617826711Z	70050	0																			
1402	2026-09-24T21:44:46.668372151Z	70101	0																			
1403	2026-09-24T21:44:46.718011301Z	70151	0																			
1404	2026-09-24T21:44:46.767687444Z	70200	0																			
1405	2026-09-24T21:44:46.818393988Z	70251	0																			
1406	2026-09-24T21:44:46.868007317Z	70301	0																			
1407	2026-09-24T21:44:46.917540192Z	70350	0																			
1408	2026-09-24T21:44:46.968158324Z	70401	0																			
1409	2026-09-24T21:44:47.017764646Z	70450	0																			
1410	2026-09-24T21:44:47.068432458Z	70501	0																			
1411	2026-09-24T21:44:47.118100608Z	70551	0																			
1412	2026-09-24T21:44:47.167712142Z	70600	0																			
1413	2026-09-24T21:44:47.218376584Z	70651	0																			
1414	2026-09-24T21:44:47.268016992Z	70701	0																			
1415	2026-09-24T21:44:47.318581937Z	70751	0																			
1416	2026-09-24T21:44:47.36813291Z	70801	0																			
1417	2026-09-24T21:44:47.417723021Z	70850	0																			
1418	2026-09-24T21:44:47.468329518Z	70901	0																			
1419	2026-09-24T21:44:47.517813257Z	70950	0																			
1420	2026-09-24T21:44:47.568429247Z	71001	0																			
1421	2026-09-24T21:44:47.617968835Z	71051	0																			
1422	2026-09-24T21:44:47.668544954Z	71101	0																			
1423	2026-09-24T21:44:47.71807138Z	71151	0																			
1424	2026-09-24T21:44:47.76855907Z	71201	0																			
1425	2026-09-24T21:44:47.818060019Z	71251	0																			
1426	2026-09-24T21:44:47.867545119Z	71300	0																			
1427	2026-09-24T21:44:47.918085395Z	71351	0																			
1428	2026-09-24T21:44:47.967556083Z	71400	0																			
1429	2026-09-24T21:44:48.018248121Z	71451	0																			
1430	2026-09-24T21:44:48.067802364Z	71500	0																			
1431	2026-09-24T21:44:48.118453349Z	71551	0																			
1432	2026-09-24T21:44:48.168060423Z	71601	0																			
1433	2026-09-24T21:44:48.218566324Z	71651	0																			
1434	2026-09-24T21:44:48.268148517Z	71701	0																			
1435	2026-09-24T21:44:48.317706788Z	71750	0																			
1436	2026-09-24T21:44:48.368241509Z	71801	0																			
1437	2026-09-24T21:44:48.417877164Z	71850	0																			
1438	2026-09-24T21:44:48.468529689Z	71901	0																			
1439	2026-09-24T21:44:48.518152966Z	71951	0																			
1440	2026-09-24T21:44:48.567731482Z	72000	0																			
1441	2026-09-24T21:44:48.618281483Z	72051	0																			
1442	2026-09-24T21:44:48.667860061Z	72100	0																			
1443	2026-09-24T21:44:48.718407811Z	72151	0																			
1444	2026-09-24T21:44:48.76805616Z	72201	0																			
1445	2026-09-24T21:44:48.817751828Z	72250	0																			
1446	2026-09-24T21:44:48.868464127Z	72301	0																			
1447	2026-09-24T21:44:48.918186192Z	72351	0																			
1448	2026-09-24T21:44:48.967746364Z	72400	0																			
1449	2026-09-24T21:44:49.018303568Z	72451	0																			
1450	2026-09-24T21:44:49.067829485Z	72500	0																			
1451	2026-09-24T21:44:49.117822436Z	72550	0																			
1452	2026-09-24T21:44:49.168450475Z	72601	0																			
1453	2026-09-24T21:44:49.218114295Z	72651	0																			
1454	2026-09-24T21:44:49.267779479Z	72700	0																			
1455	2026-09-24T21:44:49.318394019Z	72751	0																			
1456	2026-09-24T21:44:49.368083361Z	72801	0																			
1457	2026-09-24T21:44:49.417712054Z	72850	0																			
1458	2026-09-24T21:44:49.468321703Z	72901	0																			
1459	2026-09-24T21:44:49.518077174Z	72951	0																			
1460	2026-09-24T21:44:49.567772376Z	73000	0																			
1461	2026-09-24T21:44:49.618388069Z	73051	0																			
1462	2026-09-24T21:44:49.66812612Z	73101	0																			
1463	2026-09-24T21:44:49.717750412Z	73150	0																			
1464	2026-09-24T21:44:49.768443325Z	73201	0																			
1465	2026-09-24T21:44:49.818231503Z	73251	0																			
1466	2026-09-24T21:44:49.867810148Z	73300	0																			
1467	2026-09-24T21:44:49.91841434Z	73351	0																			
1468	2026-09-24T21:44:49.96799469Z	73401	0																			
1469	2026-09-24T21:44:50.018588733Z	73451	0																			
1470	2026-09-24T21:44:50.068169768Z	73501	0																			
1471	2026-09-24T21:44:50.117773889Z	73550	0																			
1472	2026-09-24T21:44:50.168340729Z	73601	0																			
1473	2026-09-24T21:44:50.218087649Z	73651	0																			
1474	2026-09-24T21:44:50.267591933Z	73700	0																			
1475	2026-09-24T21:44:50.318249683Z	73751	0																			
1476	2026-09-24T21:44:50.36778194Z	73800	0																			
1477	2026-09-24T21:44:50.418314271Z	73851	0																			
1478	2026-09-24T21:44:50.467832711Z	73900	0																			
1479	2026-09-24T21:44:50.518299078Z	73951	0																			
1480	2026-09-24T21:44:50.567858548Z	74000	0																			
1481	2026-09-24T21:44:50.618295095Z	74051	0																			
1482	2026-09-24T21:44:50.667871577Z	74100	0																			
1483	2026-09-24T21:44:50.718421409Z	74151	0																			
1484	2026-09-24T21:44:50.768093028Z	74201	0																			
1485	2026-09-24T21:44:50.817723634Z	74250	0																			
1486	2026-09-24T21:44:50.868300765Z	74301	0																			
1487	2026-09-24T21:44:50.91781536Z	74350	0																			
1488	2026-09-24T21:44:50.968399732Z	74401	0																			
1489	2026-09-24T21:44:51.01795029Z	74450	0																			
1490	2026-09-24T21:44:51.068367862Z	74501	0																			
1491	2026-09-24T21:44:51.117841614Z	74550	0																			
1492	2026-09-24T21:44:51.168536747Z	74601	0																			
1493	2026-09-24T21:44:51.218077317Z	74651	0																			
1494	2026-09-24T21:44:51.267577751Z	74700	0																			
1495	2026-09-24T21:44:51.318011259Z	74751	0																			
1496	2026-09-24T21:44:51.368543749Z	74801	0																			
1497	2026-09-24T21:44:51.418005975Z	74851	0																			
1498	2026-09-24T21:44:51.468528635Z	74901	0																			
1499	2026-09-24T21:44:51.518016496Z	74951	0																			
1500	2026-09-24T21:44:51.568595603Z	75001	0																			
1501	2026-09-24T21:44:51.618129565Z	75051	0																			
1502	2026-09-24T21:44:51.667697898Z	75100	0																			
1503	2026-09-24T21:44:51.718293034Z	75151	0																			
1504	2026-09-24T21:44:51.767841348Z	75200	0																			
1505	2026-09-24T21:44:51.818472858Z	75251	0																			
1506	2026-09-24T21:44:51.868077714Z	75301	0																			
1507	2026-09-24T21:44:51.917661993Z	75350	0																			
1508	2026-09-24T21:44:51.96825258Z	75401	0																			
1509	2026-09-24T21:44:52.017920102Z	75450	0																			
1510	2026-09-24T21:44:52.069459331Z	75502	0																			
1511	2026-09-24T21:44:52.118143457Z	75551	0																			
1512	2026-09-24T21:44:52.167950219Z	75600	0																			
1513	2026-09-24T21:44:52.21857467Z	75651	0																			
1514	2026-09-24T21:44:52.268131513Z	75701	0																			
1515	2026-09-24T21:44:52.317748166Z	75750	0																			
1516	2026-09-24T21:44:52.368309982Z	75801	0																			
1517	2026-09-24T21:44:52.417842093Z	75850	0																			
1518	2026-09-24T21:44:52.468380416Z	75901	0																			
1519	2026-09-24T21:44:52.517904143Z	75950	0																			
1520	2026-09-24T21:44:52.568480654Z	76001	0																			
1521	2026-09-24T21:44:52.618032994Z	76051	0																			
1522	2026-09-24T21:44:52.668543244Z	76101	0																			
1523	2026-09-24T21:44:52.718074401Z	76151	0																			
1524	2026-09-24T21:44:52.767677215Z	76200	0																			
1525	2026-09-24T21:44:52.818200524Z	76251	0																			
1526	2026-09-24T21:44:52.867749634Z	76300	0																			
1527	2026-09-24T21:44:52.918280459Z	76351	0																			
1528	2026-09-24T21:44:52.967861652Z	76400	0																			
1529	2026-09-24T21:44:53.018301451Z	76451	0																			
1530	2026-09-24T21:44:53.067822842Z	76500	0																			
1531	2026-09-24T21:44:53.11824355Z	76551	0																			
1532	2026-09-24T21:44:53.167872862Z	76600	0																			
1533	2026-09-24T21:44:53.218477108Z	76651	0																			
1534	2026-09-24T21:44:53.268096222Z	76701	0																			
1535	2026-09-24T21:44:53.31856238Z	76751	0																			
1536	2026-09-24T21:44:53.368266851Z	76801	0																			
1537	2026-09-24T21:44:53.417822094Z	76850	0																			
1538	2026-09-24T21:44:53.468363694Z	76901	0																			
1539	2026-09-24T21:44:53.517971462Z	76951	0																			
1540	2026-09-24T21:44:53.567584854Z	77000	0																			
1541	2026-09-24T21:44:53.618166207Z	77051	0																			
1542	2026-09-24T21:44:53.667728654Z	77100	0																			
1543	2026-09-24T21:44:53.718203633Z	77151	0																			
1544	2026-09-24T21:44:53.767721251Z	77200	0																			
1545	2026-09-24T21:44:53.818264795Z	77251	0																			
1546	2026-09-24T21:44:53.86780096Z	77300	0																			
1547	2026-09-24T21:44:53.918354026Z	77351	0																			
1548	2026-09-24T21:44:53.967860754Z	77400	0																			
1549	2026-09-24T21:44:54.018304155Z	77451	0																			
1550	2026-09-24T21:44:54.067850868Z	77500	0																			
1551	2026-09-24T21:44:54.118557268Z	77551	0																			
1552	2026-09-24T21:44:54.168168303Z	77601	0																			
1553	2026-09-24T21:44:54.217835754Z	77650	0																			
1554	2026-09-24T21:44:54.267903285Z	77700	0																			
1555	2026-09-24T21:44:54.318515248Z	77751	0																			
1556	2026-09-24T21:44:54.368142257Z	77801	0																			
1557	2026-09-24T21:44:54.417784316Z	77850	0																			
1558	2026-09-24T21:44:54.468390815Z	77901	0																			
1559	2026-09-24T21:44:54.518053575Z	77951	0																			
1560	2026-09-24T21:44:54.567676362Z	78000	0																			
1561	2026-09-24T21:44:54.618224598Z	78051	0																			
1562	2026-09-24T21:44:54.667759198Z	78100	0																			
1563	2026-09-24T21:44:54.718295065Z	78151	0																			
1564	2026-09-24T21:44:54.767817632Z	78200	0																			
1565	2026-09-24T21:44:54.817776333Z	78250	0																			
1566	2026-09-24T21:44:54.868259138Z	78301	0																			
1567	2026-09-24T21:44:54.917803799Z	78350	0																			
1568	2026-09-24T21:44:54.968357856Z	78401	0																			
1569	2026-09-24T21:44:55.017889558Z	78450	0																			
1570	2026-09-24T21:44:55.068258287Z	78501	0																			
1571	2026-09-24T21:44:55.118278625Z	78551	0																			
1572	2026-09-24T21:44:55.167870934Z	78600	0																			
1573	2026-09-24T21:44:55.218422092Z	78651	0																			
1574	2026-09-24T21:44:55.267893312Z	78700	0																			
1575	2026-09-24T21:44:55.318446422Z	78751	0																			
1576	2026-09-24T21:44:55.367959519Z	78801	0																			
1577	2026-09-24T21:44:55.418471517Z	78851	0																			
1578	2026-09-24T21:44:55.468046491Z	78901	0																			
1579	2026-09-24T21:44:55.518540168Z	78951	0																			
1580	2026-09-24T21:44:55.568027999Z	79001	0																			
1581	2026-09-24T21:44:55.61850772Z	79051	0																			
1582	2026-09-24T21:44:55.667991205Z	79101	0																			
1583	2026-09-24T21:44:55.718509447Z	79151	0																			
1584	2026-09-24T21:44:55.767988677Z	79201	0																			
1585	2026-09-24T21:44:55.818408964Z	79251	0																			
1586	2026-09-24T21:44:55.867934953Z	79300	0																			
1587	2026-09-24T21:44:55.918506852Z	79351	0																			
1588	2026-09-24T21:44:55.968007484Z	79401	0																			
1589	2026-09-24T21:44:56.018029465Z	79451	0																			
1590	2026-09-24T21:44:56.068571229Z	79501	0																			
1591	2026-09-24T21:44:56.118135417Z	79551	0																			
1592	2026-09-24T21:44:56.167698281Z	79600	0																			
1593	2026-09-24T21:44:56.218237084Z	79651	0																			
1594	2026-09-24T21:44:56.267758991Z	79700	0																			
1595	2026-09-24T21:44:56.318307047Z	79751	0																			
1596	2026-09-24T21:44:56.367824075Z	79800	0																			
1597	2026-09-24T21:44:56.418315448Z	79851	0																			
1598	2026-09-24T21:44:56.467834599Z	79900	0																			
1599	2026-09-24T21:44:56.518433864Z	79951	0																			
1600	2026-09-24T21:44:56.567929923Z	80000	0																			
1601	2026-09-24T21:44:56.618357318Z	80051	0																			
1602	2026-09-24T21:44:56.667919253Z	80100	0																			
1603	2026-09-24T21:44:56.718467858Z	80151	0																			
1604	2026-09-24T21:44:56.768064661Z	80201	0																			
1605	2026-09-24T21:44:56.818362499Z	80251	0																			
1606	2026-09-24T21:44:56.867894272Z	80300	0																			
1607	2026-09-24T21:44:56.918501601Z	80351	0																			
1608	2026-09-24T21:44:56.968116952Z	80401	0																			
1609	2026-09-24T21:44:57.017743945Z	80450	0																			
1610	2026-09-24T21:44:57.068321999Z	80501	0																			
1611	2026-09-24T21:44:57.117904517Z	80550	0																			
1612	2026-09-24T21:44:57.168461506Z	80601	0																			
1613	2026-09-24T21:44:57.217916952Z	80650	0																			
1614	2026-09-24T21:44:57.26850284Z	80701	0																			
1615	2026-09-24T21:44:57.318121614Z	80751	0																			
1616	2026-09-24T21:44:57.367684154Z	80800	0																			
1617	2026-09-24T21:44:57.418215247Z	80851	0																			
1618	2026-09-24T21:44:57.467755515Z	80900	0																			
1619	2026-09-24T21:44:57.518217355Z	80951	0																			
1620	2026-09-24T21:44:57.567952708Z	81000	0																			
1621	2026-09-24T21:44:57.618491903Z	81051	0																			
1622	2026-09-24T21:44:57.668444955Z	81101	0																			
1623	2026-09-24T21:44:57.718085611Z	81151	0																			
1624	2026-09-24T21:44:57.767743028Z	81200	0																			
1625	2026-09-24T21:44:57.818406496Z	81251	0																			
1626	2026-09-24T21:44:57.867927592Z	81300	0																			
1627	2026-09-24T21:44:57.918551428Z	81351	0																			
1628	2026-09-24T21:44:57.968186622Z	81401	0																			
1629	2026-09-24T21:44:58.017767876Z	81450	0																			
1630	2026-09-24T21:44:58.068488116Z	81501	0																			
1631	2026-09-24T21:44:58.118161029Z	81551	0																			
1632	2026-09-24T21:44:58.167774115Z	81600	0																			
1633	2026-09-24T21:44:58.21844024Z	81651	0																			
1634	2026-09-24T21:44:58.268535013Z	81701	0																			
1635	2026-09-24T21:44:58.318118188Z	81751	0																			
1636	2026-09-24T21:44:58.367765151Z	81800	0																			
1637	2026-09-24T21:44:58.418513457Z	81851	0																			
1638	2026-09-24T21:44:58.468074963Z	81901	0																			
1639	2026-09-24T21:44:58.517679383Z	81950	0																			
1640	2026-09-24T21:44:58.568233737Z	82001	0																			
1641	2026-09-24T21:44:58.617813515Z	82050	0																			
1642	2026-09-24T21:44:58.668366623Z	82101	0																			
1643	2026-09-24T21:44:58.717923314Z	82150	0																			
1644	2026-09-24T21:44:58.76843735Z	82201	0																			
1645	2026-09-24T21:44:58.818001267Z	82251	0																			
1646	2026-09-24T21:44:58.86767598Z	82300	0																			
1647	2026-09-24T21:44:58.918221322Z	82351	0																			
1648	2026-09-24T21:44:58.967853449Z	82400	0																			
1649	2026-09-24T21:44:59.01785185Z	82450	0																			
1650	2026-09-24T21:44:59.067552584Z	82500	0																			
1651	2026-09-24T21:44:59.118159729Z	82551	0																			
1652	2026-09-24T21:44:59.167911653Z	82600	0																			
1653	2026-09-24T21:44:59.218488007Z	82651	0																			
1654	2026-09-24T21:44:59.268179181Z	82701	0																			
1655	2026-09-24T21:44:59.317774589Z	82750	0																			
1656	2026-09-24T21:44:59.368092235Z	82801	0																			
1657	2026-09-24T21:44:59.417677359Z	82850	0																			
1658	2026-09-24T21:44:59.468223614Z	82901	0																			
1659	2026-09-24T21:44:59.517750579Z	82950	0																			
1660	2026-09-24T21:44:59.568311347Z	83001	0																			
1661	2026-09-24T21:44:59.617982409Z	83051	0																			
1662	2026-09-24T21:44:59.667565939Z	83100	0																			
1663	2026-09-24T21:44:59.718179586Z	83151	0																			
1664	2026-09-24T21:44:59.767750003Z	83200	0																			
1665	2026-09-24T21:44:59.818245694Z	83251	0																			
1666	2026-09-24T21:44:59.867761719Z	83300	0																			
1667	2026-09-24T21:44:59.91835518Z	83351	0																			
1668	2026-09-24T21:44:59.967913613Z	83400	0																			
1669	2026-09-24T21:45:00.01781571Z	83450	0																			
1670	2026-09-24T21:45:00.068376583Z	83501	0																			
1671	2026-09-24T21:45:00.117806519Z	83550	0																			
1672	2026-09-24T21:45:00.168461451Z	83601	0																			
1673	2026-09-24T21:45:00.218092749Z	83651	0																			
1674	2026-09-24T21:45:00.267695449Z	83700	0																			
1675	2026-09-24T21:45:00.318195003Z	83751	0																			
1676	2026-09-24T21:45:00.367735441Z	83800	0																			
1677	2026-09-24T21:45:00.418242773Z	83851	0																			
1678	2026-09-24T21:45:00.467747078Z	83900	0																			
1679	2026-09-24T21:45:00.518243537Z	83951	0																			
1680	2026-09-24T21:45:00.567764962Z	84000	0																			
1681	2026-09-24T21:45:00.618244889Z	84051	0																			
1682	2026-09-24T21:45:00.667780046Z	84100	0																			
1683	2026-09-24T21:45:00.71836331Z	84151	0																			
1684	2026-09-24T21:45:00.767923642Z	84200	0																			
1685	2026-09-24T21:45:00.818474286Z	84251	0																			
1686	2026-09-24T21:45:00.868020122Z	84301	0																			
1687	2026-09-24T21:45:00.918584821Z	84351	0																			
1688	2026-09-24T21:45:00.968091656Z	84401	0																			
1689	2026-09-24T21:45:01.018080273Z	84451	0																			
1690	2026-09-24T21:45:01.067649882Z	84500	0																			
1691	2026-09-24T21:45:01.11829743Z	84551	0																			
1692	2026-09-24T21:45:01.167862925Z	84600	0																			
1693	2026-09-24T21:45:01.218381625Z	84651	0																			
1694	2026-09-24T21:45:01.267903624Z	84700	0																			
1695	2026-09-24T21:45:01.31835803Z	84751	0																			
1696	2026-09-24T21:45:01.367938839Z	84800	0																			
1697	2026-09-24T21:45:01.418594627Z	84851	0																			
1698	2026-09-24T21:45:01.468266774Z	84901	0																			
1699	2026-09-24T21:45:01.518006728Z	84951	0																			
1700	2026-09-24T21:45:01.567593023Z	85000	0																			
1701	2026-09-24T21:45:01.618236081Z	85051	0																			
1702	2026-09-24T21:45:01.667836641Z	85100	0																			
1703	2026-09-24T21:45:01.718517744Z	85151	0																			
1704	2026-09-24T21:45:01.768040012Z	85201	0																			
1705	2026-09-24T21:45:01.817674901Z	85250	0																			
1706	2026-09-24T21:45:01.868277336Z	85301	0																			
1707	2026-09-24T21:45:01.917831499Z	85350	0																			
1708	2026-09-24T21:45:01.968411548Z	85401	0																			
1709	2026-09-24T21:45:02.018491181Z	85451	0																			
1710	2026-09-24T21:45:02.068512186Z	85501	0																			
1711	2026-09-24T21:45:02.118093672Z	85551	0																			
1712	2026-09-24T21:45:02.167589373Z	85600	0																			
1713	2026-09-24T21:45:02.218208508Z	85651	0																			
1714	2026-09-24T21:45:02.267715276Z	85700	0																			
1715	2026-09-24T21:45:02.318295807Z	85751	0																			
1716	2026-09-24T21:45:02.367774819Z	85800	0																			
1717	2026-09-24T21:45:02.418332328Z	85851	0																			
1718	2026-09-24T21:45:02.467850546Z	85900	0																			
1719	2026-09-24T21:45:02.518378375Z	85951	0																			
1720	2026-09-24T21:45:02.567899289Z	86000	0																			
1721	2026-09-24T21:45:02.61832421Z	86051	0																			
1722	2026-09-24T21:45:02.667868281Z	86100	0																			
1723	2026-09-24T21:45:02.71843021Z	86151	0																			
1724	2026-09-24T21:45:02.767971845Z	86201	0																			
1725	2026-09-24T21:45:02.818513473Z	86251	0																			
1726	2026-09-24T21:45:02.868059315Z	86301	0																			
1727	2026-09-24T21:45:02.91757214Z	86350	0																			
1728	2026-09-24T21:45:02.968081449Z	86401	0																			
1729	2026-09-24T21:45:03.017682965Z	86450	0																			
1730	2026-09-24T21:45:03.068355601Z	86501	0																			
1731	2026-09-24T21:45:03.11792092Z	86550	0																			
1732	2026-09-24T21:45:03.168501345Z	86601	0																			
1733	2026-09-24T21:45:03.218027973Z	86651	0																			
1734	2026-09-24T21:45:03.267547836Z	86700	0																			
1735	2026-09-24T21:45:03.318099651Z	86751	0																			
1736	2026-09-24T21:45:03.367589038Z	86800	0																			
1737	2026-09-24T21:45:03.418118199Z	86851	0																			
1738	2026-09-24T21:45:03.467586246Z	86900	0																			
1739	2026-09-24T21:45:03.518056061Z	86951	0																			
1740	2026-09-24T21:45:03.568602666Z	87001	0																			
1741	2026-09-24T21:45:03.618167981Z	87051	0																			
1742	2026-09-24T21:45:03.667688808Z	87100	0																			
1743	2026-09-24T21:45:03.71823974Z	87151	0																			
1744	2026-09-24T21:45:03.767825762Z	87200	0																			
1745	2026-09-24T21:45:03.818477809Z	87251	0																			
1746	2026-09-24T21:45:03.868086394Z	87301	0																			
1747	2026-09-24T21:45:03.917780356Z	87350	0																			
1748	2026-09-24T21:45:03.968403034Z	87401	0																			
1749	2026-09-24T21:45:04.01807466Z	87451	0																			
1750	2026-09-24T21:45:04.067728041Z	87500	0																			
1751	2026-09-24T21:45:04.118402415Z	87551	0																			
1752	2026-09-24T21:45:04.168094784Z	87601	0																			
1753	2026-09-24T21:45:04.217749652Z	87650	0																			
1754	2026-09-24T21:45:04.26828127Z	87701	0																			
1755	2026-09-24T21:45:04.317999731Z	87751	0																			
1756	2026-09-24T21:45:04.368580317Z	87801	0																			
1757	2026-09-24T21:45:04.418151288Z	87851	0																			
1758	2026-09-24T21:45:04.46753599Z	87900	0																			
1759	2026-09-24T21:45:04.518092576Z	87951	0																			
1760	2026-09-24T21:45:04.567577759Z	88000	0																			
1761	2026-09-24T21:45:04.618104003Z	88051	0																			
1762	2026-09-24T21:45:04.668510424Z	88101	0																			
1763	2026-09-24T21:45:04.718124497Z	88151	0																			
1764	2026-09-24T21:45:04.767706715Z	88200	0																			
1765	2026-09-24T21:45:04.818242304Z	88251	0																			
1766	2026-09-24T21:45:04.867712661Z	88300	0																			
1767	2026-09-24T21:45:04.918254244Z	88351	0																			
1768	2026-09-24T21:45:04.967803433Z	88400	0																			
1769	2026-09-24T21:45:05.018365885Z	88451	0																			
1770	2026-09-24T21:45:05.067924582Z	88500	0																			
1771	2026-09-24T21:45:05.118506293Z	88551	0																			
1772	2026-09-24T21:45:05.167983549Z	88601	0																			
1773	2026-09-24T21:45:05.218508759Z	88651	0																			
1774	2026-09-24T21:45:05.267986169Z	88701	0																			
1775	2026-09-24T21:45:05.318506005Z	88751	0																			
1776	2026-09-24T21:45:05.36798714Z	88801	0																			
1777	2026-09-24T21:45:05.418596917Z	88851	0																			
1778	2026-09-24T21:45:05.468114484Z	88901	0																			
1779	2026-09-24T21:45:05.517633887Z	88950	0																			
1780	2026-09-24T21:45:05.568179469Z	89001	0																			
1781	2026-09-24T21:45:05.617694412Z	89050	0																			
1782	2026-09-24T21:45:05.668249512Z	89101	0																			
1783	2026-09-24T21:45:05.717829565Z	89150	0																			
1784	2026-09-24T21:45:05.768334143Z	89201	0																			
1785	2026-09-24T21:45:05.817917884Z	89250	0																			
1786	2026-09-24T21:45:05.868387149Z	89301	0																			
1787	2026-09-24T21:45:05.917916479Z	89350	0																			
1788	2026-09-24T21:45:05.968474851Z	89401	0																			
1789	2026-09-24T21:45:06.018072763Z	89451	0																			
1790	2026-09-24T21:45:06.067575641Z	89500	0																			
1791	2026-09-24T21:45:06.118166345Z	89551	0																			
1792	2026-09-24T21:45:06.167775104Z	89600	0																			
1793	2026-09-24T21:45:06.218353004Z	89651	0																			
1794	2026-09-24T21:45:06.267818461Z	89700	0																			
1795	2026-09-24T21:45:06.318459325Z	89751	0																			
1796	2026-09-24T21:45:06.367990422Z	89801	0																			
1797	2026-09-24T21:45:06.417578569Z	89850	0																			
1798	2026-09-24T21:45:06.468138979Z	89901	0																			
1799	2026-09-24T21:45:06.517790643Z	89950	0																			
1800	2026-09-24T21:45:06.56839358Z	90001	0																			
1801	2026-09-24T21:45:06.617990769Z	90051	0																			
1802	2026-09-24T21:45:06.668553011Z	90101	0																			
1803	2026-09-24T21:45:06.717972556Z	90151	0																			
1804	2026-09-24T21:45:06.76843422Z	90201	0																			
1805	2026-09-24T21:45:06.817904181Z	90250	0																			
1806	2026-09-24T21:45:06.867558992Z	90300	0																			
1807	2026-09-24T21:45:06.918097185Z	90351	0																			
1808	2026-09-24T21:45:06.967575686Z	90400	0																			
1809	2026-09-24T21:45:07.017802878Z	90450	0																			
1810	2026-09-24T21:45:07.068433223Z	90501	0																			
1811	2026-09-24T21:45:07.118043911Z	90551	0																			
1812	2026-09-24T21:45:07.167566808Z	90600	0																			
1813	2026-09-24T21:45:07.21815895Z	90651	0																			
1814	2026-09-24T21:45:07.267655365Z	90700	0																			
1815	2026-09-24T21:45:07.318148327Z	90751	0																			
1816	2026-09-24T21:45:07.367681665Z	90800	0																			
1817	2026-09-24T21:45:07.418223956Z	90851	0																			
1818	2026-09-24T21:45:07.467754123Z	90900	0																			
1819	2026-09-24T21:45:07.518220929Z	90951	0																			
1820	2026-09-24T21:45:07.567743238Z	91000	0																			
1821	2026-09-24T21:45:07.618272905Z	91051	0																			
1822	2026-09-24T21:45:07.66778324Z	91100	0																			
1823	2026-09-24T21:45:07.718302435Z	91151	0																			
1824	2026-09-24T21:45:07.767837487Z	91200	0																			
1825	2026-09-24T21:45:07.81832793Z	91251	0																			
1826	2026-09-24T21:45:07.867850609Z	91300	0																			
1827	2026-09-24T21:45:07.918382605Z	91351	0																			
1828	2026-09-24T21:45:07.968103407Z	91401	0																			
1829	2026-09-24T21:45:08.017825405Z	91450	0																			
1830	2026-09-24T21:45:08.068380773Z	91501	0																			
1831	2026-09-24T21:45:08.117990622Z	91551	0																			
1832	2026-09-24T21:45:08.168526782Z	91601	0																			
1833	2026-09-24T21:45:08.218003012Z	91651	0																			
1834	2026-09-24T21:45:08.268532328Z	91701	0																			
1835	2026-09-24T21:45:08.317987118Z	91751	0																			
1836	2026-09-24T21:45:08.368491558Z	91801	0																			
1837	2026-09-24T21:45:08.418000253Z	91851	0																			
1838	2026-09-24T21:45:08.468562112Z	91901	0																			
1839	2026-09-24T21:45:08.518223079Z	91951	0																			
1840	2026-09-24T21:45:08.567757709Z	92000	0																			
1841	2026-09-24T21:45:08.618325988Z	92051	0																			
1842	2026-09-24T21:45:08.66785732Z	92100	0																			
1843	2026-09-24T21:45:08.718426436Z	92151	0																			
1844	2026-09-24T21:45:08.768003342Z	92201	0																			
1845	2026-09-24T21:45:08.818591609Z	92251	0																			
1846	2026-09-24T21:45:08.868226934Z	92301	0																			
1847	2026-09-24T21:45:08.917842052Z	92350	0																			
1848	2026-09-24T21:45:08.968485601Z	92401	0																			
1849	2026-09-24T21:45:09.018151148Z	92451	0																			
1850	2026-09-24T21:45:09.067840082Z	92500	0																			
1851	2026-09-24T21:45:09.118508171Z	92551	0																			
1852	2026-09-24T21:45:09.168086079Z	92601	0																			
1853	2026-09-24T21:45:09.217541844Z	92650	0																			
1854	2026-09-24T21:45:09.268165496Z	92701	0																			
1855	2026-09-24T21:45:09.317712572Z	92750	0																			
1856	2026-09-24T21:45:09.368371862Z	92801	0																			
1857	2026-09-24T21:45:09.417930021Z	92850	0																			
1858	2026-09-24T21:45:09.468511995Z	92901	0																			
1859	2026-09-24T21:45:09.518125438Z	92951	0																			
1860	2026-09-24T21:45:09.567576893Z	93000	0																			
1861	2026-09-24T21:45:09.618234999Z	93051	0																			
1862	2026-09-24T21:45:09.667671727Z	93100	0																			
1863	2026-09-24T21:45:09.718235427Z	93151	0																			
1864	2026-09-24T21:45:09.767756553Z	93200	0																			
1865	2026-09-24T21:45:09.818347551Z	93251	0																			
1866	2026-09-24T21:45:09.867927391Z	93300	0																			
1867	2026-09-24T21:45:09.918408513Z	93351	0																			
1868	2026-09-24T21:45:09.967891633Z	93400	0																			
1869	2026-09-24T21:45:10.017840536Z	93450	0																			
1870	2026-09-24T21:45:10.068388917Z	93501	0																			
1871	2026-09-24T21:45:10.118041947Z	93551	0																			
1872	2026-09-24T21:45:10.167553199Z	93600	0																			
1873	2026-09-24T21:45:10.218133041Z	93651	0																			
1874	2026-09-24T21:45:10.267707812Z	93700	0																			
1875	2026-09-24T21:45:10.318337293Z	93751	0																			
1876	2026-09-24T21:45:10.367852964Z	93800	0																			
1877	2026-09-24T21:45:10.418446664Z	93851	0																			
1878	2026-09-24T21:45:10.46792485Z	93900	0																			
1879	2026-09-24T21:45:10.518415294Z	93951	0																			
1880	2026-09-24T21:45:10.56788064Z	94000	0																			
1881	2026-09-24T21:45:10.618421896Z	94051	0																			
1882	2026-09-24T21:45:10.667988873Z	94101	0																			
1883	2026-09-24T21:45:10.718503694Z	94151	0																			
1884	2026-09-24T21:45:10.768025159Z	94201	0																			
1885	2026-09-24T21:45:10.818485367Z	94251	0																			
1886	2026-09-24T21:45:10.868069643Z	94301	0																			
1887	2026-09-24T21:45:10.917571306Z	94350	0																			
1888	2026-09-24T21:45:10.967986696Z	94401	0																			
1889	2026-09-24T21:45:11.018473425Z	94451	0																			
1890	2026-09-24T21:45:11.068255058Z	94501	0																			
1891	2026-09-24T21:45:11.117861091Z	94550	0																			
1892	2026-09-24T21:45:11.168607387Z	94601	0																			
1893	2026-09-24T21:45:11.218332167Z	94651	0																			
1894	2026-09-24T21:45:11.268007367Z	94701	0																			
1895	2026-09-24T21:45:11.317548415Z	94750	0																			
1896	2026-09-24T21:45:11.368175403Z	94801	0																			
1897	2026-09-24T21:45:11.417836285Z	94850	0																			
1898	2026-09-24T21:45:11.468499086Z	94901	0																			
1899	2026-09-24T21:45:11.518073628Z	94951	0																			
1900	2026-09-24T21:45:11.567679957Z	95000	0																			
1901	2026-09-24T21:45:11.618263861Z	95051	0																			
1902	2026-09-24T21:45:11.667764045Z	95100	0																			
1903	2026-09-24T21:45:11.718226055Z	95151	0																			
1904	2026-09-24T21:45:11.767765202Z	95200	0																			
1905	2026-09-24T21:45:11.818304974Z	95251	0																			
1906	2026-09-24T21:45:11.867825017Z	95300	0																			
1907	2026-09-24T21:45:11.918375292Z	95351	0																			
1908	2026-09-24T21:45:11.967932126Z	95400	0																			
1909	2026-09-24T21:45:12.018513835Z	95451	0																			
1910	2026-09-24T21:45:12.068140635Z	95501	0																			
1911	2026-09-24T21:45:12.117865759Z	95550	0																			
1912	2026-09-24T21:45:12.168409594Z	95601	0																			
1913	2026-09-24T21:45:12.218024198Z	95651	0																			
1914	2026-09-24T21:45:12.267556546Z	95700	0																			
1915	2026-09-24T21:45:12.318162819Z	95751	0																			
1916	2026-09-24T21:45:12.367678964Z	95800	0																			
1917	2026-09-24T21:45:12.418132703Z	95851	0																			
1918	2026-09-24T21:45:12.467770233Z	95900	0																			
1919	2026-09-24T21:45:12.51832145Z	95951	0																			
1920	2026-09-24T21:45:12.567897545Z	96000	0																			
1921	2026-09-24T21:45:12.618481557Z	96051	0																			
1922	2026-09-24T21:45:12.668023903Z	96101	0																			
1923	2026-09-24T21:45:12.718475446Z	96151	0																			
1924	2026-09-24T21:45:12.768012113Z	96201	0																			
1925	2026-09-24T21:45:12.818578314Z	96251	0																			
1926	2026-09-24T21:45:12.868122766Z	96301	0																			
1927	2026-09-24T21:45:12.917660481Z	96350	0																			
1928	2026-09-24T21:45:12.968175647Z	96401	0																			
1929	2026-09-24T21:45:13.017687058Z	96450	0																			
1930	2026-09-24T21:45:13.068288784Z	96501	0																			
1931	2026-09-24T21:45:13.118001398Z	96551	0																			
1932	2026-09-24T21:45:13.167588111Z	96600	0																			
1933	2026-09-24T21:45:13.218112273Z	96651	0																			
1934	2026-09-24T21:45:13.267685464Z	96700	0																			
1935	2026-09-24T21:45:13.318266458Z	96751	0																			
1936	2026-09-24T21:45:13.367732393Z	96800	0																			
1937	2026-09-24T21:45:13.418197281Z	96851	0																			
1938	2026-09-24T21:45:13.467785823Z	96900	0																			
1939	2026-09-24T21:45:13.518396602Z	96951	0																			
1940	2026-09-24T21:45:13.567944026Z	97000	0																			
1941	2026-09-24T21:45:13.61850904Z	97051	0																			
1942	2026-09-24T21:45:13.668075048Z	97101	0																			
1943	2026-09-24T21:45:13.717691696Z	97150	0																			
1944	2026-09-24T21:45:13.768238803Z	97201	0																			
1945	2026-09-24T21:45:13.8177929Z	97250	0																			
1946	2026-09-24T21:45:13.868390052Z	97301	0																			
1947	2026-09-24T21:45:13.917989426Z	97351	0																			
1948	2026-09-24T21:45:13.968532754Z	97401	0																			
1949	2026-09-24T21:45:14.018297711Z	97451	0																			
1950	2026-09-24T21:45:14.067818735Z	97500	0																			
1951	2026-09-24T21:45:14.118578092Z	97551	0																			
1952	2026-09-24T21:45:14.16823077Z	97601	0																			
1953	2026-09-24T21:45:14.217819177Z	97650	0																			
1954	2026-09-24T21:45:14.268441291Z	97701	0																			
1955	2026-09-24T21:45:14.317983408Z	97751	0																			
1956	2026-09-24T21:45:14.368467419Z	97801	0																			
1957	2026-09-24T21:45:14.417979345Z	97851	0																			
1958	2026-09-24T21:45:14.468430129Z	97901	0																			
1959	2026-09-24T21:45:14.517925176Z	97950	0																			
1960	2026-09-24T21:45:14.568407412Z	98001	0																			
1961	2026-09-24T21:45:14.6178848Z	98050	0																			
1962	2026-09-24T21:45:14.668278831Z	98101	0																			
1963	2026-09-24T21:45:14.717676976Z	98150	0																			
1964	2026-09-24T21:45:14.768180198Z	98201	0																			
1965	2026-09-24T21:45:14.817685323Z	98250	0																			
1966	2026-09-24T21:45:14.86821181Z	98301	0																			
1967	2026-09-24T21:45:14.917749844Z	98350	0																			
1968	2026-09-24T21:45:14.968213415Z	98401	0																			
1969	2026-09-24T21:45:15.017743953Z	98450	0																			
1970	2026-09-24T21:45:15.068204229Z	98501	0																			
1971	2026-09-24T21:45:15.11773565Z	98550	0																			
1972	2026-09-24T21:45:15.16818571Z	98601	0																			
1973	2026-09-24T21:45:15.217559168Z	98650	0																			
1974	2026-09-24T21:45:15.268051972Z	98701	0																			
1975	2026-09-24T21:45:15.318493676Z	98751	0																			
1976	2026-09-24T21:45:15.367972358Z	98801	0																			
1977	2026-09-24T21:45:15.418429482Z	98851	0																			
1978	2026-09-24T21:45:15.467905616Z	98900	0																			
1979	2026-09-24T21:45:15.518342006Z	98951	0																			
1980	2026-09-24T21:45:15.567832933Z	99000	0																			
1981	2026-09-24T21:45:15.618279071Z	99051	0																			
1982	2026-09-24T21:45:15.667674608Z	99100	0																			
1983	2026-09-24T21:45:15.718166422Z	99151	0																			
1984	2026-09-24T21:45:15.767659404Z	99200	0																			
1985	2026-09-24T21:45:15.818214443Z	99251	0																			
1986	2026-09-24T21:45:15.867660586Z	99300	0																			
1987	2026-09-24T21:45:15.918150444Z	99351	0																			
1988	2026-09-24T21:45:15.967652769Z	99400	0																			
1989	2026-09-24T21:45:16.018128412Z	99451	0																			
1990	2026-09-24T21:45:16.068567996Z	99501	0																			
1991	2026-09-24T21:45:16.117975636Z	99551	0																			
1992	2026-09-24T21:45:16.168424468Z	99601	0																			
1993	2026-09-24T21:45:16.217827237Z	99650	0																			
1994	2026-09-24T21:45:16.268279636Z	99701	0																			
1995	2026-09-24T21:45:16.317736804Z	99750	0																			
1996	2026-09-24T21:45:16.36818933Z	99801	0																			
1997	2026-09-24T21:45:16.417568574Z	99850	0																			
1998	2026-09-24T21:45:16.468053229Z	99901	0																			
1999	2026-09-24T21:45:16.518496505Z	99951	0																			
2000	2026-09-24T21:45:16.567979694Z	100001	0																			
2001	2026-09-24T21:45:16.618162309Z	100051	0																			
2002	2026-09-24T21:45:16.667559988Z	100100	0																			
2003	2026-09-24T21:45:16.718058252Z	100151	0																			
2004	2026-09-24T21:45:16.768565467Z	100201	0																			
2005	2026-09-24T21:45:16.817977275Z	100251	0																			
2006	2026-09-24T21:45:16.868438201Z	100301	0																			
2007	2026-09-24T21:45:16.917901425Z	100350	0																			
2008	2026-09-24T21:45:16.96838368Z	100401	0																			
2009	2026-09-24T21:45:17.017902653Z	100450	0																			
2010	2026-09-24T21:45:17.068416033Z	100501	0																			
2011	2026-09-24T21:45:17.117900672Z	100550	0																			
2012	2026-09-24T21:45:17.168338161Z	100601	0																			
2013	2026-09-24T21:45:17.217819765Z	100650	0																			
2014	2026-09-24T21:45:17.268277744Z	100701	0																			
2015	2026-09-24T21:45:17.3176769Z	100750	0																			
2016	2026-09-24T21:45:17.368103493Z	100801	0																			
2017	2026-09-24T21:45:17.418578221Z	100851	0																			
2018	2026-09-24T21:45:17.468050801Z	100901	0																			
2019	2026-09-24T21:45:17.518501064Z	100951	0																			
2020	2026-09-24T21:45:17.567975772Z	101001	0																			
2021	2026-09-24T21:45:17.618405726Z	101051	0																			
2022	2026-09-24T21:45:17.667824963Z	101100	0																			
2023	2026-09-24T21:45:17.718267636Z	101151	0																			
2024	2026-09-24T21:45:17.767675645Z	101200	0																			
2025	2026-09-24T21:45:17.818174559Z	101251	0																			
2026	2026-09-24T21:45:17.867566861Z	101300	0																			
2027	2026-09-24T21:45:17.917978252Z	101351	0																			
2028	2026-09-24T21:45:17.968438407Z	101401	0																			
2029	2026-09-24T21:45:18.017914229Z	101450	0																			
2030	2026-09-24T21:45:18.068336841Z	101501	0																			
2031	2026-09-24T21:45:18.117753695Z	101550	0																			
2032	2026-09-24T21:45:18.168189582Z	101601	0																			
2033	2026-09-24T21:45:18.217676221Z	101650	0																			
2034	2026-09-24T21:45:18.268120926Z	101701	0																			
2035	2026-09-24T21:45:18.318504881Z	101751	0																			
2036	2026-09-24T21:45:18.367905548Z	101800	0																			
2037	2026-09-24T21:45:18.418358323Z	101851	0																			
2038	2026-09-24T21:45:18.467826628Z	101900	0																			
2039	2026-09-24T21:45:18.518276943Z	101951	0																			
2040	2026-09-24T21:45:18.567733273Z	102000	0																			
2041	2026-09-24T21:45:18.618228505Z	102051	0																			
2042	2026-09-24T21:45:18.667725193Z	102100	0																			
2043	2026-09-24T21:45:18.718184705Z	102151	0																			
2044	2026-09-24T21:45:18.767571955Z	102200	0																			
2045	2026-09-24T21:45:18.818063759Z	102251	0																			
2046	2026-09-24T21:45:18.868569303Z	102301	0																			
2047	2026-09-24T21:45:18.918059752Z	102351	0																			
2048	2026-09-24T21:45:18.968503674Z	102401	0																			
2049	2026-09-24T21:45:19.018013912Z	102451	0																			
2050	2026-09-24T21:45:19.068527934Z	102501	0																			
2051	2026-09-24T21:45:19.11796115Z	102551	0																			
2052	2026-09-24T21:45:19.168427047Z	102601	0																			
2053	2026-09-24T21:45:19.217875887Z	102650	0																			
2054	2026-09-24T21:45:19.268354688Z	102701	0																			
2055	2026-09-24T21:45:19.317751333Z	102750	0																			
2056	2026-09-24T21:45:19.368187379Z	102801	0																			
2057	2026-09-24T21:45:19.417666421Z	102850	0																			
2058	2026-09-24T21:45:19.468158367Z	102901	0																			
2059	2026-09-24T21:45:19.51858031Z	102951	0																			
2060	2026-09-24T21:45:19.567977428Z	103001	0																			
2061	2026-09-24T21:45:19.618416888Z	103051	0																			
2062	2026-09-24T21:45:19.667845597Z	103100	0																			
2063	2026-09-24T21:45:19.718337122Z	103151	0																			
2064	2026-09-24T21:45:19.767825473Z	103200	0																			
2065	2026-09-24T21:45:19.818272223Z	103251	0																			
2066	2026-09-24T21:45:19.867674546Z	103300	0																			
2067	2026-09-24T21:45:19.918182932Z	103351	0																			
2068	2026-09-24T21:45:19.967559823Z	103400	0																			
2069	2026-09-24T21:45:20.01799833Z	103451	0																			
2070	2026-09-24T21:45:20.068427922Z	103501	0																			
2071	2026-09-24T21:45:20.117899884Z	103550	0																			
2072	2026-09-24T21:45:20.168279457Z	103601	0																			
2073	2026-09-24T21:45:20.217675515Z	103650	0																			
2074	2026-09-24T21:45:20.268128778Z	103701	0																			
2075	2026-09-24T21:45:20.318571803Z	103751	0																			
2076	2026-09-24T21:45:20.368053605Z	103801	0																			
2077	2026-09-24T21:45:20.418502698Z	103851	0																			
2078	2026-09-24T21:45:20.467975629Z	103901	0																			
2079	2026-09-24T21:45:20.518430302Z	103951	0																			
2080	2026-09-24T21:45:20.567920818Z	104000	0																			
2081	2026-09-24T21:45:20.618417991Z	104051	0																			
2082	2026-09-24T21:45:20.667897445Z	104100	0																			
2083	2026-09-24T21:45:20.718344851Z	104151	0																			
2084	2026-09-24T21:45:20.767754793Z	104200	0																			
2085	2026-09-24T21:45:20.818284224Z	104251	0																			
2086	2026-09-24T21:45:20.867820386Z	104300	0																			
2087	2026-09-24T21:45:20.918353068Z	104351	0																			
2088	2026-09-24T21:45:20.967754904Z	104400	0																			
2089	2026-09-24T21:45:21.018202264Z	104451	0																			
2090	2026-09-24T21:45:21.067716431Z	104500	0																			
2091	2026-09-24T21:45:21.118202496Z	104551	0																			
2092	2026-09-24T21:45:21.167751614Z	104600	0																			
2093	2026-09-24T21:45:21.218278527Z	104651	0																			
2094	2026-09-24T21:45:21.267829688Z	104700	0																			
2095	2026-09-24T21:45:21.318279893Z	104751	0																			
2096	2026-09-24T21:45:21.367775996Z	104800	0																			
2097	2026-09-24T21:45:21.418274742Z	104851	0																			
2098	2026-09-24T21:45:21.467676097Z	104900	0																			
2099	2026-09-24T21:45:21.518125716Z	104951	0																			
2100	2026-09-24T21:45:21.568553646Z	105001	0																			
2101	2026-09-24T21:45:21.618052177Z	105051	0																			
2102	2026-09-24T21:45:21.66850607Z	105101	0																			
2103	2026-09-24T21:45:21.718299367Z	105151	0																			
2104	2026-09-24T21:45:21.767821277Z	105200	0																			
2105	2026-09-24T21:45:21.818326411Z	105251	0																			
2106	2026-09-24T21:45:21.8677682Z	105300	0																			
2107	2026-09-24T21:45:21.918205414Z	105351	0																			
2108	2026-09-24T21:45:21.967588766Z	105400	0																			
2109	2026-09-24T21:45:22.018064026Z	105451	0																			
2110	2026-09-24T21:45:22.068560596Z	105501	0																			
2111	2026-09-24T21:45:22.117976316Z	105551	0																			
2112	2026-09-24T21:45:22.168410047Z	105601	0																			
2113	2026-09-24T21:45:22.217828116Z	105650	0																			
2114	2026-09-24T21:45:22.268258394Z	105701	0																			
2115	2026-09-24T21:45:22.317738118Z	105750	0																			
2116	2026-09-24T21:45:22.368239407Z	105801	0																			
2117	2026-09-24T21:45:22.417676071Z	105850	0																			
2118	2026-09-24T21:45:22.468110413Z	105901	0																			
2119	2026-09-24T21:45:22.518580977Z	105951	0																			
2120	2026-09-24T21:45:22.568015954Z	106001	0																			
2121	2026-09-24T21:45:22.618497014Z	106051	0																			
2122	2026-09-24T21:45:22.667963342Z	106101	0																			
2123	2026-09-24T21:45:22.718444211Z	106151	0																			
2124	2026-09-24T21:45:22.7679287Z	106200	0																			
2125	2026-09-24T21:45:22.818422511Z	106251	0																			
2126	2026-09-24T21:45:22.867831797Z	106300	0																			
2127	2026-09-24T21:45:22.918331622Z	106351	0																			
2128	2026-09-24T21:45:22.96781356Z	106400	0																			
2129	2026-09-24T21:45:23.01825182Z	106451	0																			
2130	2026-09-24T21:45:23.067753171Z	106500	0																			
2131	2026-09-24T21:45:23.118179603Z	106551	0																			
2132	2026-09-24T21:45:23.167669859Z	106600	0																			
2133	2026-09-24T21:45:23.218055362Z	106651	0																			
2134	2026-09-24T21:45:23.268569778Z	106701	0																			
2135	2026-09-24T21:45:23.318100877Z	106751	0																			
2136	2026-09-24T21:45:23.367545099Z	106800	0																			
2137	2026-09-24T21:45:23.418103871Z	106851	0																			
2138	2026-09-24T21:45:23.467662296Z	106900	0																			
2139	2026-09-24T21:45:23.518244226Z	106951	0																			
2140	2026-09-24T21:45:23.567751257Z	107000	0																			
2141	2026-09-24T21:45:23.618326542Z	107051	0																			
2142	2026-09-24T21:45:23.667906286Z	107100	0																			
2143	2026-09-24T21:45:23.718465948Z	107151	0																			
2144	2026-09-24T21:45:23.768044442Z	107201	0																			
2145	2026-09-24T21:45:23.818577751Z	107251	0																			
2146	2026-09-24T21:45:23.868242392Z	107301	0																			
2147	2026-09-24T21:45:23.917909123Z	107350	0																			
2148	2026-09-24T21:45:23.968509581Z	107401	0																			
2149	2026-09-24T21:45:24.01810232Z	107451	0																			
2150	2026-09-24T21:45:24.06771177Z	107500	0																			
2151	2026-09-24T21:45:24.118201211Z	107551	0																			
2152	2026-09-24T21:45:24.167677313Z	107600	0																			
2153	2026-09-24T21:45:24.218146369Z	107651	0																			
2154	2026-09-24T21:45:24.267675099Z	107700	0																			
2155	2026-09-24T21:45:24.31820647Z	107751	0																			
2156	2026-09-24T21:45:24.36767671Z	107800	0																			
2157	2026-09-24T21:45:24.418209255Z	107851	0																			
2158	2026-09-24T21:45:24.467675059Z	107900	0																			
2159	2026-09-24T21:45:24.518172978Z	107951	0																			
2160	2026-09-24T21:45:24.567676879Z	108000	0																			
2161	2026-09-24T21:45:24.618133667Z	108051	0																			
2162	2026-09-24T21:45:24.667595924Z	108100	0																			
2163	2026-09-24T21:45:24.718051871Z	108151	0																			
2164	2026-09-24T21:45:24.768497172Z	108201	0																			
2165	2026-09-24T21:45:24.817995397Z	108251	0																			
2166	2026-09-24T21:45:24.868441808Z	108301	0																			
2167	2026-09-24T21:45:24.917933278Z	108350	0																			
2168	2026-09-24T21:45:24.968408719Z	108401	0																			
2169	2026-09-24T21:45:25.017883394Z	108450	0																			
2170	2026-09-24T21:45:25.068362119Z	108501	0																			
2171	2026-09-24T21:45:25.11785461Z	108550	0																			
2172	2026-09-24T21:45:25.168282267Z	108601	0																			
2173	2026-09-24T21:45:25.21776348Z	108650	0																			
2174	2026-09-24T21:45:25.268204182Z	108701	0																			
2175	2026-09-24T21:45:25.317702966Z	108750	0																			
2176	2026-09-24T21:45:25.368186547Z	108801	0																			
2177	2026-09-24T21:45:25.417676173Z	108850	0																			
2178	2026-09-24T21:45:25.468114472Z	108901	0																			
2179	2026-09-24T21:45:25.517562168Z	108950	0																			
2180	2026-09-24T21:45:25.568052983Z	109001	0																			
2181	2026-09-24T21:45:25.61849637Z	109051	0																			
2182	2026-09-24T21:45:25.667963879Z	109101	0																			
2183	2026-09-24T21:45:25.71844505Z	109151	0																			
2184	2026-09-24T21:45:25.767904084Z	109200	0																			
2185	2026-09-24T21:45:25.818293403Z	109251	0																			
2186	2026-09-24T21:45:25.867725218Z	109300	0																			
2187	2026-09-24T21:45:25.91820252Z	109351	0																			
2188	2026-09-24T21:45:25.967712548Z	109400	0																			
2189	2026-09-24T21:45:26.018202Z	109451	0																			
2190	2026-09-24T21:45:26.067586361Z	109500	0																			
2191	2026-09-24T21:45:26.11809193Z	109551	0																			
2192	2026-09-24T21:45:26.1685941Z	109601	0																			
2193	2026-09-24T21:45:26.21803824Z	109651	0																			
2194	2026-09-24T21:45:26.268503645Z	109701	0																			
2195	2026-09-24T21:45:26.318059525Z	109751	0																			
2196	2026-09-24T21:45:26.367536296Z	109800	0																			
2197	2026-09-24T21:45:26.418083916Z	109851	0																			
2198	2026-09-24T21:45:26.468560934Z	109901	0																			
2199	2026-09-24T21:45:26.517977894Z	109951	0																			
2200	2026-09-24T21:45:26.56841916Z	110001	0																			
2201	2026-09-24T21:45:26.617664777Z	110050	0																			
2202	2026-09-24T21:45:26.668128541Z	110101	0																			
2203	2026-09-24T21:45:26.717563493Z	110150	0																			
2204	2026-09-24T21:45:26.768055418Z	110201	0																			
2205	2026-09-24T21:45:26.8185542Z	110251	0																			
2206	2026-09-24T21:45:26.868010659Z	110301	0																			
2207	2026-09-24T21:45:26.918548296Z	110351	0																			
2208	2026-09-24T21:45:26.96805125Z	110401	0																			
2209	2026-09-24T21:45:27.018553768Z	110451	0																			
2210	2026-09-24T21:45:27.068058107Z	110501	0																			
2211	2026-09-24T21:45:27.118556131Z	110551	0																			
2212	2026-09-24T21:45:27.168047056Z	110601	0																			
2213	2026-09-24T21:45:27.218509039Z	110651	0																			
2214	2026-09-24T21:45:27.267977875Z	110701	0																			
2215	2026-09-24T21:45:27.318496689Z	110751	0																			
2216	2026-09-24T21:45:27.36799276Z	110801	0																			
2217	2026-09-24T21:45:27.418497806Z	110851	0																			
2218	2026-09-24T21:45:27.468002844Z	110901	0																			
2219	2026-09-24T21:45:27.518497257Z	110951	0																			
2220	2026-09-24T21:45:27.567931363Z	111000	0																			
2221	2026-09-24T21:45:27.618421698Z	111051	0																			
2222	2026-09-24T21:45:27.667910445Z	111100	0																			
2223	2026-09-24T21:45:27.718404724Z	111151	0																			
2224	2026-09-24T21:45:27.767942561Z	111200	0																			
2225	2026-09-24T21:45:27.818493835Z	111251	0																			
2226	2026-09-24T21:45:27.867984533Z	111301	0																			
2227	2026-09-24T21:45:27.918436318Z	111351	0																			
2228	2026-09-24T21:45:27.967976505Z	111401	0																			
2229	2026-09-24T21:45:28.018366645Z	111451	0																			
2230	2026-09-24T21:45:28.067860308Z	111500	0																			
2231	2026-09-24T21:45:28.118365128Z	111551	0																			
2232	2026-09-24T21:45:28.167812274Z	111600	0																			
2233	2026-09-24T21:45:28.218289196Z	111651	0																			
2234	2026-09-24T21:45:28.26775253Z	111700	0																			
2235	2026-09-24T21:45:28.318242003Z	111751	0																			
2236	2026-09-24T21:45:28.367680901Z	111800	0																			
2237	2026-09-24T21:45:28.418197141Z	111851	0																			
2238	2026-09-24T21:45:28.467602613Z	111900	0																			
2239	2026-09-24T21:45:28.518128422Z	111951	0																			
2240	2026-09-24T21:45:28.568578709Z	112001	0																			
2241	2026-09-24T21:45:28.618092002Z	112051	0																			
2242	2026-09-24T21:45:28.668577971Z	112101	0																			
2243	2026-09-24T21:45:28.718052208Z	112151	0																			
2244	2026-09-24T21:45:28.768498905Z	112201	0																			
2245	2026-09-24T21:45:28.817997347Z	112251	0																			
2246	2026-09-24T21:45:28.868526823Z	112301	0																			
2247	2026-09-24T21:45:28.918036097Z	112351	0																			
2248	2026-09-24T21:45:28.968528856Z	112401	0																			
2249	2026-09-24T21:45:29.018033129Z	112451	0																			
2250	2026-09-24T21:45:29.068530203Z	112501	0																			
2251	2026-09-24T21:45:29.118026457Z	112551	0																			
2252	2026-09-24T21:45:29.168507673Z	112601	0																			
2253	2026-09-24T21:45:29.218001593Z	112651	0																			
2254	2026-09-24T21:45:29.268486232Z	112701	0																			
2255	2026-09-24T21:45:29.317976495Z	112751	0																			
2256	2026-09-24T21:45:29.368489738Z	112801	0																			
2257	2026-09-24T21:45:29.417955481Z	112850	0																			
2258	2026-09-24T21:45:29.46843111Z	112901	0																			
2259	2026-09-24T21:45:29.517876182Z	112950	0																			
2260	2026-09-24T21:45:29.568279751Z	113001	0																			
2261	2026-09-24T21:45:29.617789553Z	113050	0																			
2262	2026-09-24T21:45:29.668279141Z	113101	0																			
2263	2026-09-24T21:45:29.717725788Z	113150	0																			
2264	2026-09-24T21:45:29.768201386Z	113201	0																			
2265	2026-09-24T21:45:29.817657977Z	113250	0																			
2266	2026-09-24T21:45:29.868203399Z	113301	0																			
2267	2026-09-24T21:45:29.917674589Z	113350	0																			
2268	2026-09-24T21:45:29.968108697Z	113401	0																			
2269	2026-09-24T21:45:30.018586561Z	113451	0																			
2270	2026-09-24T21:45:30.068049889Z	113501	0																			
2271	2026-09-24T21:45:30.118548907Z	113551	0																			
2272	2026-09-24T21:45:30.168053036Z	113601	0																			
2273	2026-09-24T21:45:30.218497676Z	113651	0																			
2274	2026-09-24T21:45:30.267996233Z	113701	0																			
2275	2026-09-24T21:45:30.318496805Z	113751	0																			
2276	2026-09-24T21:45:30.367978584Z	113801	0																			
2277	2026-09-24T21:45:30.418476406Z	113851	0																			
2278	2026-09-24T21:45:30.467978433Z	113901	0																			
2279	2026-09-24T21:45:30.518477481Z	113951	0																			
2280	2026-09-24T21:45:30.567902935Z	114000	0																			
2281	2026-09-24T21:45:30.618340193Z	114051	0																			
2282	2026-09-24T21:45:30.667836175Z	114100	0																			
2283	2026-09-24T21:45:30.718280826Z	114151	0																			
2284	2026-09-24T21:45:30.767753765Z	114200	0																			
2285	2026-09-24T21:45:30.818217555Z	114251	0																			
2286	2026-09-24T21:45:30.867679133Z	114300	0																			
2287	2026-09-24T21:45:30.918173859Z	114351	0																			
2288	2026-09-24T21:45:30.967671762Z	114400	0																			
2289	2026-09-24T21:45:31.018115305Z	114451	0																			
2290	2026-09-24T21:45:31.067557696Z	114500	0																			
2291	2026-09-24T21:45:31.118078792Z	114551	0																			
2292	2026-09-24T21:45:31.167541462Z	114600	0																			
2293	2026-09-24T21:45:31.218127116Z	114651	0																			
2294	2026-09-24T21:45:31.26767561Z	114700	0																			
2295	2026-09-24T21:45:31.318127407Z	114751	0																			
2296	2026-09-24T21:45:31.367602712Z	114800	0																			
2297	2026-09-24T21:45:31.41805331Z	114851	0																			
2298	2026-09-24T21:45:31.468565873Z	114901	0																			
2299	2026-09-24T21:45:31.518045271Z	114951	0																			
2300	2026-09-24T21:45:31.568564505Z	115001	0																			
2301	2026-09-24T21:45:31.618010277Z	115051	0																			
2302	2026-09-24T21:45:31.668433907Z	115101	0																			
2303	2026-09-24T21:45:31.717827599Z	115150	0																			
2304	2026-09-24T21:45:31.768267382Z	115201	0																			
2305	2026-09-24T21:45:31.817764668Z	115250	0																			
2306	2026-09-24T21:45:31.868282128Z	115301	0																			
2307	2026-09-24T21:45:31.917825573Z	115350	0																			
2308	2026-09-24T21:45:31.968309622Z	115401	0																			
2309	2026-09-24T21:45:32.017807058Z	115450	0																			
2310	2026-09-24T21:45:32.068344963Z	115501	0																			
2311	2026-09-24T21:45:32.117839867Z	115550	0																			
2312	2026-09-24T21:45:32.168329911Z	115601	0																			
2313	2026-09-24T21:45:32.217822826Z	115650	0																			
2314	2026-09-24T21:45:32.268321691Z	115701	0																			
2315	2026-09-24T21:45:32.317751946Z	115750	0																			
2316	2026-09-24T21:45:32.368234915Z	115801	0																			
2317	2026-09-24T21:45:32.417724072Z	115850	0																			
2318	2026-09-24T21:45:32.468207337Z	115901	0																			
2319	2026-09-24T21:45:32.517697172Z	115950	0																			
2320	2026-09-24T21:45:32.568194924Z	116001	0																			
2321	2026-09-24T21:45:32.617571691Z	116050	0																			
2322	2026-09-24T21:45:32.667978477Z	116101	0																			
2323	2026-09-24T21:45:32.718419978Z	116151	0																			
2324	2026-09-24T21:45:32.767916003Z	116200	0																			
2325	2026-09-24T21:45:32.81842556Z	116251	0																			
2326	2026-09-24T21:45:32.867908569Z	116300	0																			
2327	2026-09-24T21:45:32.91835797Z	116351	0																			
2328	2026-09-24T21:45:32.967841149Z	116400	0																			
2329	2026-09-24T21:45:33.018330628Z	116451	0																			
2330	2026-09-24T21:45:33.067808208Z	116500	0																			
2331	2026-09-24T21:45:33.118277487Z	116551	0																			
2332	2026-09-24T21:45:33.167677317Z	116600	0																			
2333	2026-09-24T21:45:33.218168763Z	116651	0																			
2334	2026-09-24T21:45:33.267670498Z	116700	0																			
2335	2026-09-24T21:45:33.318126645Z	116751	0																			
2336	2026-09-24T21:45:33.367575789Z	116800	0																			
2337	2026-09-24T21:45:33.418068009Z	116851	0																			
2338	2026-09-24T21:45:33.468580613Z	116901	0																			
2339	2026-09-24T21:45:33.518015671Z	116951	0																			
2340	2026-09-24T21:45:33.568505073Z	117001	0																			
2341	2026-09-24T21:45:33.618014186Z	117051	0																			
2342	2026-09-24T21:45:33.668512197Z	117101	0																			
2343	2026-09-24T21:45:33.717961215Z	117151	0																			
2344	2026-09-24T21:45:33.768427896Z	117201	0																			
2345	2026-09-24T21:45:33.817911617Z	117250	0																			
2346	2026-09-24T21:45:33.868361155Z	117301	0																			
2347	2026-09-24T21:45:33.917899721Z	117350	0																			
2348	2026-09-24T21:45:33.968325755Z	117401	0																			
2349	2026-09-24T21:45:34.017750038Z	117450	0																			
2350	2026-09-24T21:45:34.068171465Z	117501	0																			
2351	2026-09-24T21:45:34.11766127Z	117550	0																			
2352	2026-09-24T21:45:34.168157882Z	117601	0																			
2353	2026-09-24T21:45:34.218579612Z	117651	0																			
2354	2026-09-24T21:45:34.268084782Z	117701	0																			
2355	2026-09-24T21:45:34.317547264Z	117750	0																			
2356	2026-09-24T21:45:34.368029933Z	117801	0																			
2357	2026-09-24T21:45:34.418502806Z	117851	0																			
2358	2026-09-24T21:45:34.467955301Z	117900	0																			
2359	2026-09-24T21:45:34.51842945Z	117951	0																			
2360	2026-09-24T21:45:34.567898977Z	118000	0																			
2361	2026-09-24T21:45:34.618391846Z	118051	0																			
2362	2026-09-24T21:45:34.667824874Z	118100	0																			
2363	2026-09-24T21:45:34.718283902Z	118151	0																			
2364	2026-09-24T21:45:34.767797008Z	118200	0																			
2365	2026-09-24T21:45:34.81828067Z	118251	0																			
2366	2026-09-24T21:45:34.867747047Z	118300	0																			
2367	2026-09-24T21:45:34.918254843Z	118351	0																			
2368	2026-09-24T21:45:34.96771761Z	118400	0																			
2369	2026-09-24T21:45:35.018192734Z	118451	0																			
2370	2026-09-24T21:45:35.067747217Z	118500	0																			
2371	2026-09-24T21:45:35.118185118Z	118551	0																			
2372	2026-09-24T21:45:35.167677537Z	118600	0																			
2373	2026-09-24T21:45:35.218173232Z	118651	0																			
2374	2026-09-24T21:45:35.267596631Z	118700	0																			
2375	2026-09-24T21:45:35.318109473Z	118751	0																			
2376	2026-09-24T21:45:35.368584558Z	118801	0																			
2377	2026-09-24T21:45:35.418025527Z	118851	0																			
2378	2026-09-24T21:45:35.468430017Z	118901	0																			
2379	2026-09-24T21:45:35.517826284Z	118950	0																			
2380	2026-09-24T21:45:35.568327267Z	119001	0																			
2381	2026-09-24T21:45:35.617815298Z	119050	0																			
2382	2026-09-24T21:45:35.668280257Z	119101	0																			
2383	2026-09-24T21:45:35.717746549Z	119150	0																			
2384	2026-09-24T21:45:35.768247318Z	119201	0																			
2385	2026-09-24T21:45:35.81776814Z	119250	0																			
2386	2026-09-24T21:45:35.868358426Z	119301	0																			
2387	2026-09-24T21:45:35.917917016Z	119350	0																			
2388	2026-09-24T21:45:35.968406336Z	119401	0																			
2389	2026-09-24T21:45:36.017904416Z	119450	0																			
2390	2026-09-24T21:45:36.068423529Z	119501	0																			
2391	2026-09-24T21:45:36.11790243Z	119550	0																			
2392	2026-09-24T21:45:36.168366022Z	119601	0																			
2393	2026-09-24T21:45:36.217862939Z	119650	0																			
2394	2026-09-24T21:45:36.268356263Z	119701	0																			
2395	2026-09-24T21:45:36.317841484Z	119750	0																			
2396	2026-09-24T21:45:36.368356347Z	119801	0																			
2397	2026-09-24T21:45:36.417900983Z	119850	0																			
2398	2026-09-24T21:45:36.468412671Z	119901	0																			
2399	2026-09-24T21:45:36.517908357Z	119950	0																			
2400	2026-09-24T21:45:36.568420183Z	120001	0																			
2401	2026-09-24T21:45:36.617596704Z	120050	0																			
2402	2026-09-24T21:45:36.668045829Z	120101	0																			
2403	2026-09-24T21:45:36.718546618Z	120151	0																			
2404	2026-09-24T21:45:36.768044027Z	120201	0																			
2405	2026-09-24T21:45:36.818500006Z	120251	0																			
2406	2026-09-24T21:45:36.867904796Z	120300	0																			
2407	2026-09-24T21:45:36.918406198Z	120351	0																			
2408	2026-09-24T21:45:36.967903092Z	120400	0																			
2409	2026-09-24T21:45:37.018345503Z	120451	0																			
2410	2026-09-24T21:45:37.067815336Z	120500	0																			
2411	2026-09-24T21:45:37.118277912Z	120551	0																			
2412	2026-09-24T21:45:37.167754512Z	120600	0																			
2413	2026-09-24T21:45:37.218249568Z	120651	0																			
2414	2026-09-24T21:45:37.267676979Z	120700	0																			
2415	2026-09-24T21:45:37.31815484Z	120751	0																			
2416	2026-09-24T21:45:37.367587069Z	120800	0																			
2417	2026-09-24T21:45:37.417975152Z	120851	0																			
2418	2026-09-24T21:45:37.468413Z	120901	0																			
2419	2026-09-24T21:45:37.5178906Z	120950	0																			
2420	2026-09-24T21:45:37.568320835Z	121001	0																			
2421	2026-09-24T21:45:37.617676977Z	121050	0																			
2422	2026-09-24T21:45:37.668114994Z	121101	0																			
2423	2026-09-24T21:45:37.718500214Z	121151	0																			
2424	2026-09-24T21:45:37.76790128Z	121200	0																			
2425	2026-09-24T21:45:37.818414211Z	121251	0																			
2426	2026-09-24T21:45:37.86790512Z	121300	0																			
2427	2026-09-24T21:45:37.918335453Z	121351	0																			
2428	2026-09-24T21:45:37.967750348Z	121400	0																			
2429	2026-09-24T21:45:38.018247079Z	121451	0																			
2430	2026-09-24T21:45:38.067743273Z	121500	0																			
2431	2026-09-24T21:45:38.118258711Z	121551	0																			
2432	2026-09-24T21:45:38.167750132Z	121600	0																			
2433	2026-09-24T21:45:38.218197617Z	121651	0																			
2434	2026-09-24T21:45:38.267705864Z	121700	0																			
2435	2026-09-24T21:45:38.318205577Z	121751	0																			
2436	2026-09-24T21:45:38.367715585Z	121800	0																			
2437	2026-09-24T21:45:38.418251771Z	121851	0																			
2438	2026-09-24T21:45:38.467799669Z	121900	0																			
2439	2026-09-24T21:45:38.518323919Z	121951	0																			
2440	2026-09-24T21:45:38.567837055Z	122000	0																			
2441	2026-09-24T21:45:38.618333391Z	122051	0																			
2442	2026-09-24T21:45:38.667753862Z	122100	0																			
2443	2026-09-24T21:45:38.718191638Z	122151	0																			
2444	2026-09-24T21:45:38.767687455Z	122200	0																			
2445	2026-09-24T21:45:38.818177628Z	122251	0																			
2446	2026-09-24T21:45:38.867676925Z	122300	0																			
2447	2026-09-24T21:45:38.918147092Z	122351	0																			
2448	2026-09-24T21:45:38.967570274Z	122400	0																			
2449	2026-09-24T21:45:39.018065232Z	122451	0																			
2450	2026-09-24T21:45:39.068500947Z	122501	0																			
2451	2026-09-24T21:45:39.11791093Z	122550	0																			
2452	2026-09-24T21:45:39.168410357Z	122601	0																			
2453	2026-09-24T21:45:39.217894527Z	122650	0																			
2454	2026-09-24T21:45:39.268401345Z	122701	0																			
2455	2026-09-24T21:45:39.317831106Z	122750	0																			
2456	2026-09-24T21:45:39.368330173Z	122801	0																			
2457	2026-09-24T21:45:39.417825693Z	122850	0																			
2458	2026-09-24T21:45:39.468312338Z	122901	0																			
2459	2026-09-24T21:45:39.517749262Z	122950	0																			
2460	2026-09-24T21:45:39.568193746Z	123001	0																			
2461	2026-09-24T21:45:39.617701562Z	123050	0																			
2462	2026-09-24T21:45:39.668192175Z	123101	0																			
2463	2026-09-24T21:45:39.717677957Z	123150	0																			
2464	2026-09-24T21:45:39.768141444Z	123201	0																			
2465	2026-09-24T21:45:39.818582226Z	123251	0																			
2466	2026-09-24T21:45:39.867979324Z	123301	0																			
2467	2026-09-24T21:45:39.918502106Z	123351	0																			
2468	2026-09-24T21:45:39.968021841Z	123401	0																			
2469	2026-09-24T21:45:40.018427858Z	123451	0																			
2470	2026-09-24T21:45:40.067938975Z	123500	0																			
2471	2026-09-24T21:45:40.118458977Z	123551	0																			
2472	2026-09-24T21:45:40.167944719Z	123600	0																			
2473	2026-09-24T21:45:40.218423425Z	123651	0																			
2474	2026-09-24T21:45:40.267827388Z	123700	0																			
2475	2026-09-24T21:45:40.318314273Z	123751	0																			
2476	2026-09-24T21:45:40.367774083Z	123800	0																			
2477	2026-09-24T21:45:40.418277065Z	123851	0																			
2478	2026-09-24T21:45:40.467785119Z	123900	0																			
2479	2026-09-24T21:45:40.518277666Z	123951	0																			
2480	2026-09-24T21:45:40.567736547Z	124000	0																			
2481	2026-09-24T21:45:40.618203037Z	124051	0																			
2482	2026-09-24T21:45:40.667589197Z	124100	0																			
2483	2026-09-24T21:45:40.718123968Z	124151	0																			
2484	2026-09-24T21:45:40.767588974Z	124200	0																			
2485	2026-09-24T21:45:40.818116221Z	124251	0																			
2486	2026-09-24T21:45:40.867562399Z	124300	0																			
2487	2026-09-24T21:45:40.918016024Z	124351	0																			
2488	2026-09-24T21:45:40.96850991Z	124401	0																			
2489	2026-09-24T21:45:41.018001174Z	124451	0																			
2490	2026-09-24T21:45:41.068510016Z	124501	0																			
2491	2026-09-24T21:45:41.117975339Z	124551	0																			
2492	2026-09-24T21:45:41.168425568Z	124601	0																			
2493	2026-09-24T21:45:41.21790054Z	124650	0																			
2494	2026-09-24T21:45:41.268402378Z	124701	0																			
2495	2026-09-24T21:45:41.317900807Z	124750	0																			
2496	2026-09-24T21:45:41.368353182Z	124801	0																			
2497	2026-09-24T21:45:41.417793979Z	124850	0																			
2498	2026-09-24T21:45:41.46828448Z	124901	0																			
2499	2026-09-24T21:45:41.517781631Z	124950	0																			
2500	2026-09-24T21:45:41.568203284Z	125001	0																			
2501	2026-09-24T21:45:41.617692148Z	125050	0																			
2502	2026-09-24T21:45:41.668184185Z	125101	0																			
2503	2026-09-24T21:45:41.717674198Z	125150	0																			
2504	2026-09-24T21:45:41.768127591Z	125201	0																			
2505	2026-09-24T21:45:41.817559896Z	125250	0																			
2506	2026-09-24T21:45:41.868099981Z	125301	0																			
2507	2026-09-24T21:45:41.91755494Z	125350	0																			
2508	2026-09-24T21:45:41.967978757Z	125401	0																			
2509	2026-09-24T21:45:42.018427283Z	125451	0																			
2510	2026-09-24T21:45:42.067912658Z	125500	0																			
2511	2026-09-24T21:45:42.118410289Z	125551	0																			
2512	2026-09-24T21:45:42.167883237Z	125600	0																			
2513	2026-09-24T21:45:42.218363361Z	125651	0																			
2514	2026-09-24T21:45:42.267827711Z	125700	0																			
2515	2026-09-24T21:45:42.318328846Z	125751	0																			
2516	2026-09-24T21:45:42.3678247Z	125800	0																			
2517	2026-09-24T21:45:42.418279758Z	125851	0																			
2518	2026-09-24T21:45:42.467673845Z	125900	0																			
2519	2026-09-24T21:45:42.518162489Z	125951	0																			
2520	2026-09-24T21:45:42.567676205Z	126000	0																			
2521	2026-09-24T21:45:42.618121032Z	126051	0																			
2522	2026-09-24T21:45:42.667565178Z	126100	0																			
2523	2026-09-24T21:45:42.718050607Z	126151	0																			
2524	2026-09-24T21:45:42.768509922Z	126201	0																			
2525	2026-09-24T21:45:42.817928635Z	126250	0																			
2526	2026-09-24T21:45:42.868365358Z	126301	0																			
2527	2026-09-24T21:45:42.917900606Z	126350	0																			
2528	2026-09-24T21:45:42.968412036Z	126401	0																			
2529	2026-09-24T21:45:43.017825793Z	126450	0																			
2530	2026-09-24T21:45:43.068279639Z	126501	0																			
2531	2026-09-24T21:45:43.117786061Z	126550	0																			
2532	2026-09-24T21:45:43.16828237Z	126601	0																			
2533	2026-09-24T21:45:43.217789948Z	126650	0																			
2534	2026-09-24T21:45:43.268278982Z	126701	0																			
2535	2026-09-24T21:45:43.317784792Z	126750	0																			
2536	2026-09-24T21:45:43.368205559Z	126801	0																			
2537	2026-09-24T21:45:43.417678572Z	126850	0																			
2538	2026-09-24T21:45:43.468184647Z	126901	0																			
2539	2026-09-24T21:45:43.517670818Z	126950	0																			
2540	2026-09-24T21:45:43.568115706Z	127001	0																			
2541	2026-09-24T21:45:43.618498678Z	127051	0																			
2542	2026-09-24T21:45:43.667975451Z	127101	0																			
2543	2026-09-24T21:45:43.718414659Z	127151	0																			
2544	2026-09-24T21:45:43.767862654Z	127200	0																			
2545	2026-09-24T21:45:43.818342889Z	127251	0																			
2546	2026-09-24T21:45:43.867758383Z	127300	0																			
2547	2026-09-24T21:45:43.918201952Z	127351	0																			
2548	2026-09-24T21:45:43.96767516Z	127400	0																			
2549	2026-09-24T21:45:44.018109558Z	127451	0																			
2550	2026-09-24T21:45:44.067540587Z	127500	0																			
2551	2026-09-24T21:45:44.118031094Z	127551	0																			
2552	2026-09-24T21:45:44.168428815Z	127601	0																			
2553	2026-09-24T21:45:44.217926857Z	127650	0																			
2554	2026-09-24T21:45:44.268435421Z	127701	0																			
2555	2026-09-24T21:45:44.317901469Z	127750	0																			
2556	2026-09-24T21:45:44.368354396Z	127801	0																			
2557	2026-09-24T21:45:44.41782473Z	127850	0																			
2558	2026-09-24T21:45:44.468251825Z	127901	0																			
2559	2026-09-24T21:45:44.517743146Z	127950	0																			
2560	2026-09-24T21:45:44.568200995Z	128001	0																			
2561	2026-09-24T21:45:44.617673993Z	128050	0																			
2562	2026-09-24T21:45:44.668126116Z	128101	0																			
2563	2026-09-24T21:45:44.717595366Z	128150	0																			
2564	2026-09-24T21:45:44.768085952Z	128201	0																			
2565	2026-09-24T21:45:44.818548461Z	128251	0																			
2566	2026-09-24T21:45:44.868074616Z	128301	0																			
2567	2026-09-24T21:45:44.917558334Z	128350	0																			
2568	2026-09-24T21:45:44.968040878Z	128401	0																			
2569	2026-09-24T21:45:45.018501387Z	128451	0																			
2570	2026-09-24T21:45:45.067987347Z	128501	0																			
2571	2026-09-24T21:45:45.118412407Z	128551	0																			
2572	2026-09-24T21:45:45.167827473Z	128600	0																			
2573	2026-09-24T21:45:45.218270091Z	128651	0																			
2574	2026-09-24T21:45:45.267754025Z	128700	0																			
2575	2026-09-24T21:45:45.318261415Z	128751	0																			
2576	2026-09-24T21:45:45.367676764Z	128800	0																			
2577	2026-09-24T21:45:45.418121506Z	128851	0																			
2578	2026-09-24T21:45:45.467550456Z	128900	0																			
2579	2026-09-24T21:45:45.518053033Z	128951	0																			
2580	2026-09-24T21:45:45.568496771Z	129001	0																			
2581	2026-09-24T21:45:45.617949349Z	129050	0																			
2582	2026-09-24T21:45:45.668463319Z	129101	0																			
2583	2026-09-24T21:45:45.717973655Z	129151	0																			
2584	2026-09-24T21:45:45.768468159Z	129201	0																			
2585	2026-09-24T21:45:45.817981049Z	129251	0																			
2586	2026-09-24T21:45:45.868446253Z	129301	0																			
2587	2026-09-24T21:45:45.917902167Z	129350	0																			
2588	2026-09-24T21:45:45.968338374Z	129401	0																			
2589	2026-09-24T21:45:46.017749477Z	129450	0																			
2590	2026-09-24T21:45:46.068180089Z	129501	0																			
2591	2026-09-24T21:45:46.117674069Z	129550	0																			
2592	2026-09-24T21:45:46.16814479Z	129601	0																			
2593	2026-09-24T21:45:46.218578049Z	129651	0																			
2594	2026-09-24T21:45:46.268078079Z	129701	0																			
2595	2026-09-24T21:45:46.318502343Z	129751	0																			
2596	2026-09-24T21:45:46.367977837Z	129801	0																			
2597	2026-09-24T21:45:46.418416795Z	129851	0																			
2598	2026-09-24T21:45:46.467890272Z	129900	0																			
2599	2026-09-24T21:45:46.518276191Z	129951	0																			
2600	2026-09-24T21:45:46.567676892Z	130000	0																			
2601	2026-09-24T21:45:46.617827377Z	130050	0																			
2602	2026-09-24T21:45:46.668323087Z	130101	0																			
2603	2026-09-24T21:45:46.71781016Z	130150	0																			
2604	2026-09-24T21:45:46.768270034Z	130201	0																			
2605	2026-09-24T21:45:46.817735556Z	130250	0																			
2606	2026-09-24T21:45:46.868234935Z	130301	0																			
2607	2026-09-24T21:45:46.917791289Z	130350	0																			
2608	2026-09-24T21:45:46.968286064Z	130401	0																			
2609	2026-09-24T21:45:47.017745659Z	130450	0																			
2610	2026-09-24T21:45:47.068125523Z	130501	0																			
2611	2026-09-24T21:45:47.117561431Z	130550	0																			
2612	2026-09-24T21:45:47.167976035Z	130601	0																			
2613	2026-09-24T21:45:47.218475316Z	130651	0																			
2614	2026-09-24T21:45:47.267978534Z	130701	0																			
2615	2026-09-24T21:45:47.318429905Z	130751	0																			
2616	2026-09-24T21:45:47.367884638Z	130800	0																			
2617	2026-09-24T21:45:47.418369417Z	130851	0																			
2618	2026-09-24T21:45:47.467753191Z	130900	0																			
2619	2026-09-24T21:45:47.518210521Z	130951	0																			
2620	2026-09-24T21:45:47.567676326Z	131000	0																			
2621	2026-09-24T21:45:47.618126773Z	131051	0																			
2622	2026-09-24T21:45:47.668562465Z	131101	0																			
2623	2026-09-24T21:45:47.718070907Z	131151	0																			
2624	2026-09-24T21:45:47.768507043Z	131201	0																			
2625	2026-09-24T21:45:47.818021495Z	131251	0																			
2626	2026-09-24T21:45:47.86851361Z	131301	0																			
2627	2026-09-24T21:45:47.918008432Z	131351	0																			
2628	2026-09-24T21:45:47.968427195Z	131401	0																			
2629	2026-09-24T21:45:48.017825149Z	131450	0																			
2630	2026-09-24T21:45:48.068272804Z	131501	0																			
2631	2026-09-24T21:45:48.11778665Z	131550	0																			
2632	2026-09-24T21:45:48.168265814Z	131601	0																			
2633	2026-09-24T21:45:48.217696224Z	131650	0																			
2634	2026-09-24T21:45:48.268128403Z	131701	0																			
2635	2026-09-24T21:45:48.317570535Z	131750	0																			
2636	2026-09-24T21:45:48.368060786Z	131801	0																			
2637	2026-09-24T21:45:48.418500408Z	131851	0																			
2638	2026-09-24T21:45:48.46797752Z	131901	0																			
2639	2026-09-24T21:45:48.518464273Z	131951	0																			
2640	2026-09-24T21:45:48.56797812Z	132001	0																			
2641	2026-09-24T21:45:48.618435935Z	132051	0																			
2642	2026-09-24T21:45:48.667827212Z	132100	0																			
2643	2026-09-24T21:45:48.718272833Z	132151	0																			
2644	2026-09-24T21:45:48.767801456Z	132200	0																			
2645	2026-09-24T21:45:48.81836758Z	132251	0																			
2646	2026-09-24T21:45:48.867820923Z	132300	0																			
2647	2026-09-24T21:45:48.918286449Z	132351	0																			
2648	2026-09-24T21:45:48.967734192Z	132400	0																			
2649	2026-09-24T21:45:49.018190089Z	132451	0																			
2650	2026-09-24T21:45:49.067674779Z	132500	0																			
2651	2026-09-24T21:45:49.118101774Z	132551	0																			
2652	2026-09-24T21:45:49.168559641Z	132601	0																			
2653	2026-09-24T21:45:49.218045579Z	132651	0																			
2654	2026-09-24T21:45:49.268505934Z	132701	0																			
2655	2026-09-24T21:45:49.317975341Z	132751	0																			
2656	2026-09-24T21:45:49.368429509Z	132801	0																			
2657	2026-09-24T21:45:49.41790001Z	132850	0																			
2658	2026-09-24T21:45:49.468386953Z	132901	0																			
2659	2026-09-24T21:45:49.51787351Z	132950	0																			
2660	2026-09-24T21:45:49.568351774Z	133001	0																			
2661	2026-09-24T21:45:49.617749286Z	133050	0																			
2662	2026-09-24T21:45:49.668255534Z	133101	0																			
2663	2026-09-24T21:45:49.717747416Z	133150	0																			
2664	2026-09-24T21:45:49.768252725Z	133201	0																			
2665	2026-09-24T21:45:49.817750698Z	133250	0																			
2666	2026-09-24T21:45:49.868259924Z	133301	0																			
2667	2026-09-24T21:45:49.917755742Z	133350	0																			
2668	2026-09-24T21:45:49.968246332Z	133401	0																			
2669	2026-09-24T21:45:50.017728453Z	133450	0																			
2670	2026-09-24T21:45:50.068213076Z	133501	0																			
2671	2026-09-24T21:45:50.117705014Z	133550	0																			
2672	2026-09-24T21:45:50.168225917Z	133601	0																			
2673	2026-09-24T21:45:50.217729584Z	133650	0																			
2674	2026-09-24T21:45:50.26823851Z	133701	0																			
2675	2026-09-24T21:45:50.317745192Z	133750	0																			
2676	2026-09-24T21:45:50.368262853Z	133801	0																			
2677	2026-09-24T21:45:50.417674721Z	133850	0																			
2678	2026-09-24T21:45:50.468129187Z	133901	0																			
2679	2026-09-24T21:45:50.517597062Z	133950	0																			
2680	2026-09-24T21:45:50.568044054Z	134001	0																			
2681	2026-09-24T21:45:50.618496558Z	134051	0																			
2682	2026-09-24T21:45:50.667978968Z	134101	0																			
2683	2026-09-24T21:45:50.718478723Z	134151	0																			
2684	2026-09-24T21:45:50.767966869Z	134201	0																			
2685	2026-09-24T21:45:50.818401538Z	134251	0																			
2686	2026-09-24T21:45:50.867890241Z	134300	0																			
2687	2026-09-24T21:45:50.918389432Z	134351	0																			
2688	2026-09-24T21:45:50.967894274Z	134400	0																			
2689	2026-09-24T21:45:51.018405847Z	134451	0																			
2690	2026-09-24T21:45:51.06788571Z	134500	0																			
2691	2026-09-24T21:45:51.118351659Z	134551	0																			
2692	2026-09-24T21:45:51.167752833Z	134600	0																			
2693	2026-09-24T21:45:51.218186664Z	134651	0																			
2694	2026-09-24T21:45:51.267561154Z	134700	0																			
2695	2026-09-24T21:45:51.31803963Z	134751	0																			
2696	2026-09-24T21:45:51.368462672Z	134801	0																			
2697	2026-09-24T21:45:51.41795348Z	134850	0																			
2698	2026-09-24T21:45:51.468352445Z	134901	0																			
2699	2026-09-24T21:45:51.517749123Z	134950	0																			
2700	2026-09-24T21:45:51.568184515Z	135001	0																			
2701	2026-09-24T21:45:51.617551806Z	135050	0																			
2702	2026-09-24T21:45:51.667977544Z	135101	0																			
2703	2026-09-24T21:45:51.718431868Z	135151	0																			
2704	2026-09-24T21:45:51.767865195Z	135200	0																			
2705	2026-09-24T21:45:51.818297656Z	135251	0																			
2706	2026-09-24T21:45:51.867833142Z	135300	0																			
2707	2026-09-24T21:45:51.918328507Z	135351	0																			
2708	2026-09-24T21:45:51.967783937Z	135400	0																			
2709	2026-09-24T21:45:52.018200364Z	135451	0																			
2710	2026-09-24T21:45:52.067579428Z	135500	0																			
2711	2026-09-24T21:45:52.117975874Z	135551	0																			
2712	2026-09-24T21:45:52.168411536Z	135601	0																			
2713	2026-09-24T21:45:52.217825234Z	135650	0																			
2714	2026-09-24T21:45:52.26831642Z	135701	0																			
2715	2026-09-24T21:45:52.317802295Z	135750	0																			
2716	2026-09-24T21:45:52.368205709Z	135801	0																			
2717	2026-09-24T21:45:52.41757794Z	135850	0																			
2718	2026-09-24T21:45:52.467978369Z	135901	0																			
2719	2026-09-24T21:45:52.518416142Z	135951	0																			
2720	2026-09-24T21:45:52.567831509Z	136000	0																			
2721	2026-09-24T21:45:52.618281415Z	136051	0																			
2722	2026-09-24T21:45:52.667754072Z	136100	0																			
2723	2026-09-24T21:45:52.718197895Z	136151	0																			
2724	2026-09-24T21:45:52.767678325Z	136200	0																			
2725	2026-09-24T21:45:52.818192347Z	136251	0																			
2726	2026-09-24T21:45:52.867665403Z	136300	0																			
2727	2026-09-24T21:45:52.918143483Z	136351	0																			
2728	2026-09-24T21:45:52.968575863Z	136401	0																			
2729	2026-09-24T21:45:53.018051937Z	136451	0																			
2730	2026-09-24T21:45:53.068502097Z	136501	0																			
2731	2026-09-24T21:45:53.117976186Z	136551	0																			
2732	2026-09-24T21:45:53.168401915Z	136601	0																			
2733	2026-09-24T21:45:53.217893323Z	136650	0																			
2734	2026-09-24T21:45:53.268321013Z	136701	0																			
2735	2026-09-24T21:45:53.317749449Z	136750	0																			
2736	2026-09-24T21:45:53.368183521Z	136801	0																			
2737	2026-09-24T21:45:53.417564809Z	136850	0																			
2738	2026-09-24T21:45:53.468066934Z	136901	0																			
2739	2026-09-24T21:45:53.51850499Z	136951	0																			
2740	2026-09-24T21:45:53.567957826Z	137001	0																			
2741	2026-09-24T21:45:53.618430328Z	137051	0																			
2742	2026-09-24T21:45:53.667909971Z	137100	0																			
2743	2026-09-24T21:45:53.718353466Z	137151	0																			
2744	2026-09-24T21:45:53.767826348Z	137200	0																			
2745	2026-09-24T21:45:53.818261447Z	137251	0																			
2746	2026-09-24T21:45:53.867674568Z	137300	0																			
2747	2026-09-24T21:45:53.918167822Z	137351	0																			
2748	2026-09-24T21:45:53.967590132Z	137400	0																			
2749	2026-09-24T21:45:54.018043535Z	137451	0																			
2750	2026-09-24T21:45:54.06848184Z	137501	0																			
2751	2026-09-24T21:45:54.117964115Z	137551	0																			
2752	2026-09-24T21:45:54.168352612Z	137601	0																			
2753	2026-09-24T21:45:54.21782824Z	137650	0																			
2754	2026-09-24T21:45:54.268256438Z	137701	0																			
2755	2026-09-24T21:45:54.317730993Z	137750	0																			
2756	2026-09-24T21:45:54.368201229Z	137801	0																			
2757	2026-09-24T21:45:54.417676604Z	137850	0																			
2758	2026-09-24T21:45:54.468172407Z	137901	0																			
2759	2026-09-24T21:45:54.51756172Z	137950	0																			
2760	2026-09-24T21:45:54.568053383Z	138001	0																			
2761	2026-09-24T21:45:54.618502151Z	138051	0																			
2762	2026-09-24T21:45:54.66793082Z	138100	0																			
2763	2026-09-24T21:45:54.718429754Z	138151	0																			
2764	2026-09-24T21:45:54.76786901Z	138200	0																			
2765	2026-09-24T21:45:54.818358116Z	138251	0																			
2766	2026-09-24T21:45:54.867768814Z	138300	0																			
2767	2026-09-24T21:45:54.918201986Z	138351	0																			
2768	2026-09-24T21:45:54.967815418Z	138400	0																			
2769	2026-09-24T21:45:55.018335651Z	138451	0																			
2770	2026-09-24T21:45:55.067828498Z	138500	0																			
2771	2026-09-24T21:45:55.118278698Z	138551	0																			
2772	2026-09-24T21:45:55.167674082Z	138600	0																			
2773	2026-09-24T21:45:55.21811714Z	138651	0																			
2774	2026-09-24T21:45:55.268551838Z	138701	0																			
2775	2026-09-24T21:45:55.318053494Z	138751	0																			
2776	2026-09-24T21:45:55.368504862Z	138801	0																			
2777	2026-09-24T21:45:55.417953462Z	138850	0																			
2778	2026-09-24T21:45:55.468440911Z	138901	0																			
2779	2026-09-24T21:45:55.517902051Z	138950	0																			
2780	2026-09-24T21:45:55.568395279Z	139001	0																			
2781	2026-09-24T21:45:55.617826575Z	139050	0																			
2782	2026-09-24T21:45:55.668274684Z	139101	0																			
2783	2026-09-24T21:45:55.717767957Z	139150	0																			
2784	2026-09-24T21:45:55.768205025Z	139201	0																			
2785	2026-09-24T21:45:55.817583223Z	139250	0																			
2786	2026-09-24T21:45:55.868010251Z	139301	0																			
2787	2026-09-24T21:45:55.918508854Z	139351	0																			
2788	2026-09-24T21:45:55.967979926Z	139401	0																			
2789	2026-09-24T21:45:56.018421232Z	139451	0																			
2790	2026-09-24T21:45:56.067892808Z	139500	0																			
2791	2026-09-24T21:45:56.118276664Z	139551	0																			
2792	2026-09-24T21:45:56.167675092Z	139600	0																			
2793	2026-09-24T21:45:56.218177834Z	139651	0																			
2794	2026-09-24T21:45:56.267591998Z	139700	0																			
2795	2026-09-24T21:45:56.318050465Z	139751	0																			
2796	2026-09-24T21:45:56.368503386Z	139801	0																			
2797	2026-09-24T21:45:56.417899762Z	139850	0																			
2798	2026-09-24T21:45:56.468334638Z	139901	0																			
2799	2026-09-24T21:45:56.517750977Z	139950	0																			
2800	2026-09-24T21:45:56.568209932Z	140001	0																			
2801	2026-09-24T21:45:56.618339561Z	140051	0																			
2802	2026-09-24T21:45:56.667754067Z	140100	0																			
2803	2026-09-24T21:45:56.718202748Z	140151	0																			
2804	2026-09-24T21:45:56.767680163Z	140200	0																			
2805	2026-09-24T21:45:56.818117026Z	140251	0																			
2806	2026-09-24T21:45:56.868555339Z	140301	0																			
2807	2026-09-24T21:45:56.918051696Z	140351	0																			
2808	2026-09-24T21:45:56.968487828Z	140401	0																			
2809	2026-09-24T21:45:57.017900415Z	140450	0																			
2810	2026-09-24T21:45:57.068333144Z	140501	0																			
2811	2026-09-24T21:45:57.117819197Z	140550	0																			
2812	2026-09-24T21:45:57.168276096Z	140601	0																			
2813	2026-09-24T21:45:57.217708644Z	140650	0																			
2814	2026-09-24T21:45:57.268126195Z	140701	0																			
2815	2026-09-24T21:45:57.318565986Z	140751	0																			
2816	2026-09-24T21:45:57.368042395Z	140801	0																			
2817	2026-09-24T21:45:57.41849819Z	140851	0																			
2818	2026-09-24T21:45:57.467978587Z	140901	0																			
2819	2026-09-24T21:45:57.518426145Z	140951	0																			
2820	2026-09-24T21:45:57.567877392Z	141000	0																			
2821	2026-09-24T21:45:57.618316533Z	141051	0																			
2822	2026-09-24T21:45:57.667750055Z	141100	0																			
2823	2026-09-24T21:45:57.718204697Z	141151	0																			
2824	2026-09-24T21:45:57.767663193Z	141200	0																			
2825	2026-09-24T21:45:57.818098331Z	141251	0																			
2826	2026-09-24T21:45:57.868592931Z	141301	0																			
2827	2026-09-24T21:45:57.918038054Z	141351	0																			
2828	2026-09-24T21:45:57.968426572Z	141401	0																			
2829	2026-09-24T21:45:58.017917136Z	141450	0																			
2830	2026-09-24T21:45:58.068342528Z	141501	0																			
2831	2026-09-24T21:45:58.117813424Z	141550	0																			
2832	2026-09-24T21:45:58.168277Z	141601	0																			
2833	2026-09-24T21:45:58.217751631Z	141650	0																			
2834	2026-09-24T21:45:58.268182177Z	141701	0																			
2835	2026-09-24T21:45:58.317655499Z	141750	0																			
2836	2026-09-24T21:45:58.368127174Z	141801	0																			
2837	2026-09-24T21:45:58.417559625Z	141850	0																			
2838	2026-09-24T21:45:58.46805171Z	141901	0																			
2839	2026-09-24T21:45:58.518505351Z	141951	0																			
2840	2026-09-24T21:45:58.567973614Z	142001	0																			
2841	2026-09-24T21:45:58.618429082Z	142051	0																			
2842	2026-09-24T21:45:58.667882574Z	142100	0																			
2843	2026-09-24T21:45:58.71835405Z	142151	0																			
2844	2026-09-24T21:45:58.767808543Z	142200	0																			
2845	2026-09-24T21:45:58.818282824Z	142251	0																			
2846	2026-09-24T21:45:58.867809583Z	142300	0																			
2847	2026-09-24T21:45:58.918251333Z	142351	0																			
2848	2026-09-24T21:45:58.967738354Z	142400	0																			
2849	2026-09-24T21:45:59.018190365Z	142451	0																			
2850	2026-09-24T21:45:59.067584133Z	142500	0																			
2851	2026-09-24T21:45:59.118051722Z	142551	0																			
2852	2026-09-24T21:45:59.168502595Z	142601	0																			
2853	2026-09-24T21:45:59.217931286Z	142650	0																			
2854	2026-09-24T21:45:59.268353397Z	142701	0																			
2855	2026-09-24T21:45:59.317749611Z	142750	0																			
2856	2026-09-24T21:45:59.368184858Z	142801	0																			
2857	2026-09-24T21:45:59.417555538Z	142850	0																			
2858	2026-09-24T21:45:59.468039359Z	142901	0																			
2859	2026-09-24T21:45:59.518428557Z	142951	0																			
2860	2026-09-24T21:45:59.567899871Z	143000	0																			
2861	2026-09-24T21:45:59.618330082Z	143051	0																			
2862	2026-09-24T21:45:59.667827421Z	143100	0																			
2863	2026-09-24T21:45:59.718295448Z	143151	0																			
2864	2026-09-24T21:45:59.767798656Z	143200	0																			
2865	2026-09-24T21:45:59.818308051Z	143251	0																			
2866	2026-09-24T21:45:59.867834331Z	143300	0																			
2867	2026-09-24T21:45:59.918343107Z	143351	0																			
2868	2026-09-24T21:45:59.967911338Z	143400	0																			
2869	2026-09-24T21:46:00.018431847Z	143451	0																			
2870	2026-09-24T21:46:00.067994176Z	143501	0																			
2871	2026-09-24T21:46:00.118496279Z	143551	0																			
2872	2026-09-24T21:46:00.167980359Z	143601	0																			
2873	2026-09-24T21:46:00.21849952Z	143651	0																			
2874	2026-09-24T21:46:00.267980099Z	143701	0																			
2875	2026-09-24T21:46:00.31842952Z	143751	0																			
2876	2026-09-24T21:46:00.367959206Z	143801	0																			
2877	2026-09-24T21:46:00.418429024Z	143851	0																			
2878	2026-09-24T21:46:00.467905971Z	143900	0																			
2879	2026-09-24T21:46:00.518441571Z	143951	0																			
2880	2026-09-24T21:46:00.567957333Z	144001	0																			
2881	2026-09-24T21:46:00.618404937Z	144051	0																			
2882	2026-09-24T21:46:00.667915107Z	144100	0																			
2883	2026-09-24T21:46:00.718422629Z	144151	0																			
2884	2026-09-24T21:46:00.767894935Z	144200	0																			
2885	2026-09-24T21:46:00.818421515Z	144251	0																			
2886	2026-09-24T21:46:00.867880826Z	144300	0																			
2887	2026-09-24T21:46:00.918369758Z	144351	0																			
2888	2026-09-24T21:46:00.96788715Z	144400	0																			
2889	2026-09-24T21:46:01.018421245Z	144451	0																			
2890	2026-09-24T21:46:01.067901255Z	144500	0																			
2891	2026-09-24T21:46:01.118423665Z	144551	0																			
2892	2026-09-24T21:46:01.167826182Z	144600	0																			
2893	2026-09-24T21:46:01.218326794Z	144651	0																			
2894	2026-09-24T21:46:01.267751893Z	144700	0																			
2895	2026-09-24T21:46:01.318186797Z	144751	0																			
2896	2026-09-24T21:46:01.367687558Z	144800	0																			
2897	2026-09-24T21:46:01.418182085Z	144851	0																			
2898	2026-09-24T21:46:01.467672979Z	144900	0																			
2899	2026-09-24T21:46:01.518126857Z	144951	0																			
2900	2026-09-24T21:46:01.56855407Z	145001	0																			
2901	2026-09-24T21:46:01.618028807Z	145051	0																			
2902	2026-09-24T21:46:01.668521853Z	145101	0																			
2903	2026-09-24T21:46:01.717977811Z	145151	0																			
2904	2026-09-24T21:46:01.768409568Z	145201	0																			
2905	2026-09-24T21:46:01.817902826Z	145250	0																			
2906	2026-09-24T21:46:01.868429706Z	145301	0																			
2907	2026-09-24T21:46:01.917872015Z	145350	0																			
2908	2026-09-24T21:46:01.96835388Z	145401	0																			
2909	2026-09-24T21:46:02.017749928Z	145450	0																			
2910	2026-09-24T21:46:02.068249031Z	145501	0																			
2911	2026-09-24T21:46:02.117728393Z	145550	0																			
2912	2026-09-24T21:46:02.168204329Z	145601	0																			
2913	2026-09-24T21:46:02.217575237Z	145650	0																			
2914	2026-09-24T21:46:02.268070224Z	145701	0																			
2915	2026-09-24T21:46:02.31855561Z	145751	0																			
2916	2026-09-24T21:46:02.368030755Z	145801	0																			
2917	2026-09-24T21:46:02.418500335Z	145851	0																			
2918	2026-09-24T21:46:02.467976411Z	145901	0																			
2919	2026-09-24T21:46:02.518416656Z	145951	0																			
2920	2026-09-24T21:46:02.567825023Z	146000	0																			
2921	2026-09-24T21:46:02.618355385Z	146051	0																			
2922	2026-09-24T21:46:02.667862947Z	146100	0																			
2923	2026-09-24T21:46:02.718357788Z	146151	0																			
2924	2026-09-24T21:46:02.767852883Z	146200	0																			
2925	2026-09-24T21:46:02.818289006Z	146251	0																			
2926	2026-09-24T21:46:02.867893564Z	146300	0																			
2927	2026-09-24T21:46:02.918424726Z	146351	0																			
2928	2026-09-24T21:46:02.967923347Z	146400	0																			
2929	2026-09-24T21:46:03.018353369Z	146451	0																			
2930	2026-09-24T21:46:03.067751637Z	146500	0																			
2931	2026-09-24T21:46:03.118249963Z	146551	0																			
2932	2026-09-24T21:46:03.167677049Z	146600	0																			
2933	2026-09-24T21:46:03.218100481Z	146651	0																			
2934	2026-09-24T21:46:03.268558177Z	146701	0																			
2935	2026-09-24T21:46:03.318054517Z	146751	0																			
2936	2026-09-24T21:46:03.36853837Z	146801	0																			
2937	2026-09-24T21:46:03.418022811Z	146851	0																			
2938	2026-09-24T21:46:03.468504819Z	146901	0																			
2939	2026-09-24T21:46:03.518006506Z	146951	0																			
2940	2026-09-24T21:46:03.568430033Z	147001	0																			
2941	2026-09-24T21:46:03.617826861Z	147050	0																			
2942	2026-09-24T21:46:03.668276349Z	147101	0																			
2943	2026-09-24T21:46:03.717773036Z	147150	0																			
2944	2026-09-24T21:46:03.768266728Z	147201	0																			
2945	2026-09-24T21:46:03.817764204Z	147250	0																			
2946	2026-09-24T21:46:03.868205566Z	147301	0																			
2947	2026-09-24T21:46:03.917675464Z	147350	0																			
2948	2026-09-24T21:46:03.968112771Z	147401	0																			
2949	2026-09-24T21:46:04.017543394Z	147450	0																			
2950	2026-09-24T21:46:04.06797178Z	147501	0																			
2951	2026-09-24T21:46:04.118429307Z	147551	0																			
2952	2026-09-24T21:46:04.167905554Z	147600	0																			
2953	2026-09-24T21:46:04.218337565Z	147651	0																			
2954	2026-09-24T21:46:04.267830986Z	147700	0																			
2955	2026-09-24T21:46:04.318277321Z	147751	0																			
2956	2026-09-24T21:46:04.367674631Z	147800	0																			
2957	2026-09-24T21:46:04.418125755Z	147851	0																			
2958	2026-09-24T21:46:04.467557181Z	147900	0																			
2959	2026-09-24T21:46:04.518052394Z	147951	0																			
2960	2026-09-24T21:46:04.568503347Z	148001	0																			
2961	2026-09-24T21:46:04.618010954Z	148051	0																			
2962	2026-09-24T21:46:04.668490373Z	148101	0																			
2963	2026-09-24T21:46:04.717976837Z	148151	0																			
2964	2026-09-24T21:46:04.768458996Z	148201	0																			
2965	2026-09-24T21:46:04.817950465Z	148250	0																			
2966	2026-09-24T21:46:04.868443156Z	148301	0																			
2967	2026-09-24T21:46:04.917942502Z	148350	0																			
2968	2026-09-24T21:46:04.968499353Z	148401	0																			
2969	2026-09-24T21:46:05.018013874Z	148451	0																			
2970	2026-09-24T21:46:05.068534909Z	148501	0																			
2971	2026-09-24T21:46:05.1180217Z	148551	0																			
2972	2026-09-24T21:46:05.16850512Z	148601	0																			
2973	2026-09-24T21:46:05.217976079Z	148651	0																			
2974	2026-09-24T21:46:05.268506139Z	148701	0																			
2975	2026-09-24T21:46:05.317977675Z	148751	0																			
2976	2026-09-24T21:46:05.368491862Z	148801	0																			
2977	2026-09-24T21:46:05.418014681Z	148851	0																			
2978	2026-09-24T21:46:05.468505552Z	148901	0																			
2979	2026-09-24T21:46:05.517901848Z	148950	0																			
2980	2026-09-24T21:46:05.568426244Z	149001	0																			
2981	2026-09-24T21:46:05.617931097Z	149050	0																			
2982	2026-09-24T21:46:05.668432696Z	149101	0																			
2983	2026-09-24T21:46:05.717905782Z	149150	0																			
2984	2026-09-24T21:46:05.768408023Z	149201	0																			
2985	2026-09-24T21:46:05.817836197Z	149250	0																			
2986	2026-09-24T21:46:05.868331464Z	149301	0																			
2987	2026-09-24T21:46:05.91782572Z	149350	0																			
2988	2026-09-24T21:46:05.9683237Z	149401	0																			
2989	2026-09-24T21:46:06.017749653Z	149450	0																			
2990	2026-09-24T21:46:06.068184686Z	149501	0																			
2991	2026-09-24T21:46:06.117704487Z	149550	0																			
2992	2026-09-24T21:46:06.168192381Z	149601	0																			
2993	2026-09-24T21:46:06.217674901Z	149650	0																			
2994	2026-09-24T21:46:06.268109218Z	149701	0																			
2995	2026-09-24T21:46:06.318503099Z	149751	0																			
2996	2026-09-24T21:46:06.36795843Z	149801	0																			
2997	2026-09-24T21:46:06.418429121Z	149851	0																			
2998	2026-09-24T21:46:06.467826811Z	149900	0																			
2999	2026-09-24T21:46:06.518326952Z	149951	0																			
3000	2026-09-24T21:46:06.567803539Z	150000	0																			
3001	2026-09-24T21:46:06.618002503Z	150051	0																			
3002	2026-09-24T21:46:06.66842596Z	150101	0																			
3003	2026-09-24T21:46:06.717902902Z	150150	0																			
3004	2026-09-24T21:46:06.768365061Z	150201	0																			
3005	2026-09-24T21:46:06.817749216Z	150250	0																			
3006	2026-09-24T21:46:06.868296488Z	150301	0																			
3007	2026-09-24T21:46:06.917794454Z	150350	0																			
3008	2026-09-24T21:46:06.968266062Z	150401	0																			
3009	2026-09-24T21:46:07.017749605Z	150450	0																			
3010	2026-09-24T21:46:07.068232797Z	150501	0																			
3011	2026-09-24T21:46:07.117677191Z	150550	0																			
3012	2026-09-24T21:46:07.168176703Z	150601	0																			
3013	2026-09-24T21:46:07.217560102Z	150650	0																			
3014	2026-09-24T21:46:07.268051221Z	150701	0																			
3015	2026-09-24T21:46:07.318498711Z	150751	0																			
3016	2026-09-24T21:46:07.367902629Z	150800	0																			
3017	2026-09-24T21:46:07.418404232Z	150851	0																			
3018	2026-09-24T21:46:07.467903557Z	150900	0																			
3019	2026-09-24T21:46:07.518407235Z	150951	0																			
3020	2026-09-24T21:46:07.567896573Z	151000	0																			
3021	2026-09-24T21:46:07.618404405Z	151051	0																			
3022	2026-09-24T21:46:07.667891233Z	151100	0																			
3023	2026-09-24T21:46:07.718347881Z	151151	0																			
3024	2026-09-24T21:46:07.767833428Z	151200	0																			
3025	2026-09-24T21:46:07.818352308Z	151251	0																			
3026	2026-09-24T21:46:07.867829862Z	151300	0																			
3027	2026-09-24T21:46:07.918358126Z	151351	0																			
3028	2026-09-24T21:46:07.967897175Z	151400	0																			
3029	2026-09-24T21:46:08.01839053Z	151451	0																			
3030	2026-09-24T21:46:08.067884181Z	151500	0																			
3031	2026-09-24T21:46:08.118377874Z	151551	0																			
3032	2026-09-24T21:46:08.16782625Z	151600	0																			
3033	2026-09-24T21:46:08.218278933Z	151651	0																			
3034	2026-09-24T21:46:08.267729242Z	151700	0																			
3035	2026-09-24T21:46:08.318202509Z	151751	0																			
3036	2026-09-24T21:46:08.367677186Z	151800	0																			
3037	2026-09-24T21:46:08.418109166Z	151851	0																			
3038	2026-09-24T21:46:08.468590885Z	151901	0																			
3039	2026-09-24T21:46:08.518053128Z	151951	0																			
3040	2026-09-24T21:46:08.568489448Z	152001	0																			
3041	2026-09-24T21:46:08.61796996Z	152051	0																			
3042	2026-09-24T21:46:08.668469287Z	152101	0																			
3043	2026-09-24T21:46:08.717916172Z	152150	0																			
3044	2026-09-24T21:46:08.768355453Z	152201	0																			
3045	2026-09-24T21:46:08.817807143Z	152250	0																			
3046	2026-09-24T21:46:08.868318304Z	152301	0																			
3047	2026-09-24T21:46:08.917827771Z	152350	0																			
3048	2026-09-24T21:46:08.96831741Z	152401	0																			
3049	2026-09-24T21:46:09.017749833Z	152450	0																			
3050	2026-09-24T21:46:09.068177765Z	152501	0																			
3051	2026-09-24T21:46:09.117549948Z	152550	0																			
3052	2026-09-24T21:46:09.167977927Z	152601	0																			
3053	2026-09-24T21:46:09.218432609Z	152651	0																			
3054	2026-09-24T21:46:09.267903796Z	152700	0																			
3055	2026-09-24T21:46:09.318355005Z	152751	0																			
3056	2026-09-24T21:46:09.367855297Z	152800	0																			
3057	2026-09-24T21:46:09.41835251Z	152851	0																			
3058	2026-09-24T21:46:09.467825555Z	152900	0																			
3059	2026-09-24T21:46:09.518260633Z	152951	0																			
3060	2026-09-24T21:46:09.567757729Z	153000	0																			
3061	2026-09-24T21:46:09.618262139Z	153051	0																			
3062	2026-09-24T21:46:09.667745609Z	153100	0																			
3063	2026-09-24T21:46:09.718253659Z	153151	0																			
3064	2026-09-24T21:46:09.767675147Z	153200	0																			
3065	2026-09-24T21:46:09.818188623Z	153251	0																			
3066	2026-09-24T21:46:09.867682658Z	153300	0																			
3067	2026-09-24T21:46:09.918179361Z	153351	0																			
3068	2026-09-24T21:46:09.967675137Z	153400	0																			
3069	2026-09-24T21:46:10.018172402Z	153451	0																			
3070	2026-09-24T21:46:10.06767799Z	153500	0																			
3071	2026-09-24T21:46:10.118202702Z	153551	0																			
3072	2026-09-24T21:46:10.167730242Z	153600	0																			
3073	2026-09-24T21:46:10.218192731Z	153651	0																			
3074	2026-09-24T21:46:10.267674245Z	153700	0																			
3075	2026-09-24T21:46:10.318128674Z	153751	0																			
3076	2026-09-24T21:46:10.368570874Z	153801	0																			
3077	2026-09-24T21:46:10.41809161Z	153851	0																			
3078	2026-09-24T21:46:10.468504658Z	153901	0																			
3079	2026-09-24T21:46:10.517978424Z	153951	0																			
3080	2026-09-24T21:46:10.56847785Z	154001	0																			
3081	2026-09-24T21:46:10.617900353Z	154050	0																			
3082	2026-09-24T21:46:10.668334763Z	154101	0																			
3083	2026-09-24T21:46:10.717827693Z	154150	0																			
3084	2026-09-24T21:46:10.768288963Z	154201	0																			
3085	2026-09-24T21:46:10.817750446Z	154250	0																			
3086	2026-09-24T21:46:10.868226466Z	154301	0																			
3087	2026-09-24T21:46:10.917734775Z	154350	0																			
3088	2026-09-24T21:46:10.968201555Z	154401	0																			
3089	2026-09-24T21:46:11.017600855Z	154450	0																			
3090	2026-09-24T21:46:11.068051275Z	154501	0																			
3091	2026-09-24T21:46:11.118503236Z	154551	0																			
3092	2026-09-24T21:46:11.167900196Z	154600	0																			
3093	2026-09-24T21:46:11.218353115Z	154651	0																			
3094	2026-09-24T21:46:11.267849455Z	154700	0																			
3095	2026-09-24T21:46:11.318335686Z	154751	0																			
3096	2026-09-24T21:46:11.367827988Z	154800	0																			
3097	2026-09-24T21:46:11.418278314Z	154851	0																			
3098	2026-09-24T21:46:11.467754091Z	154900	0																			
3099	2026-09-24T21:46:11.518184981Z	154951	0																			
3100	2026-09-24T21:46:11.567661369Z	155000	0																			
3101	2026-09-24T21:46:11.61812817Z	155051	0																			
3102	2026-09-24T21:46:11.667569653Z	155100	0																			
3103	2026-09-24T21:46:11.718055845Z	155151	0																			
3104	2026-09-24T21:46:11.768551787Z	155201	0																			
3105	2026-09-24T21:46:11.81797816Z	155251	0																			
3106	2026-09-24T21:46:11.868595531Z	155301	0																			
3107	2026-09-24T21:46:11.918082642Z	155351	0																			
3108	2026-09-24T21:46:11.968569828Z	155401	0																			
3109	2026-09-24T21:46:12.018053715Z	155451	0																			
3110	2026-09-24T21:46:12.068490716Z	155501	0																			
3111	2026-09-24T21:46:12.117976334Z	155551	0																			
3112	2026-09-24T21:46:12.168413555Z	155601	0																			
3113	2026-09-24T21:46:12.217911532Z	155650	0																			
3114	2026-09-24T21:46:12.268404434Z	155701	0																			
3115	2026-09-24T21:46:12.317884086Z	155750	0																			
3116	2026-09-24T21:46:12.368353659Z	155801	0																			
3117	2026-09-24T21:46:12.417827448Z	155850	0																			
3118	2026-09-24T21:46:12.468338602Z	155901	0																			
3119	2026-09-24T21:46:12.517748575Z	155950	0																			
3120	2026-09-24T21:46:12.568255938Z	156001	0																			
3121	2026-09-24T21:46:12.617751216Z	156050	0																			
3122	2026-09-24T21:46:12.668245302Z	156101	0																			
3123	2026-09-24T21:46:12.717749825Z	156150	0																			
3124	2026-09-24T21:46:12.768197452Z	156201	0																			
3125	2026-09-24T21:46:12.817663218Z	156250	0																			
3126	2026-09-24T21:46:12.868067278Z	156301	0																			
3127	2026-09-24T21:46:12.918561303Z	156351	0																			
3128	2026-09-24T21:46:12.968056403Z	156401	0																			
3129	2026-09-24T21:46:13.018563355Z	156451	0																			
3130	2026-09-24T21:46:13.068038462Z	156501	0																			
3131	2026-09-24T21:46:13.118431508Z	156551	0																			
3132	2026-09-24T21:46:13.167900785Z	156600	0																			
3133	2026-09-24T21:46:13.218340282Z	156651	0																			
3134	2026-09-24T21:46:13.267827767Z	156700	0																			
3135	2026-09-24T21:46:13.318278462Z	156751	0																			
3136	2026-09-24T21:46:13.367726666Z	156800	0																			
3137	2026-09-24T21:46:13.41812914Z	156851	0																			
3138	2026-09-24T21:46:13.46758034Z	156900	0																			
3139	2026-09-24T21:46:13.518052906Z	156951	0																			
3140	2026-09-24T21:46:13.568494839Z	157001	0																			
3141	2026-09-24T21:46:13.617976855Z	157051	0																			
3142	2026-09-24T21:46:13.668430822Z	157101	0																			
3143	2026-09-24T21:46:13.717902755Z	157150	0																			
3144	2026-09-24T21:46:13.768402304Z	157201	0																			
3145	2026-09-24T21:46:13.817895723Z	157250	0																			
3146	2026-09-24T21:46:13.86837702Z	157301	0																			
3147	2026-09-24T21:46:13.917825841Z	157350	0																			
3148	2026-09-24T21:46:13.968279829Z	157401	0																			
3149	2026-09-24T21:46:14.017779073Z	157450	0																			
3150	2026-09-24T21:46:14.068266379Z	157501	0																			
3151	2026-09-24T21:46:14.117676598Z	157550	0																			
3152	2026-09-24T21:46:14.168127034Z	157601	0																			
3153	2026-09-24T21:46:14.218572984Z	157651	0																			
3154	2026-09-24T21:46:14.267995543Z	157701	0																			
3155	2026-09-24T21:46:14.318499412Z	157751	0																			
3156	2026-09-24T21:46:14.367902817Z	157800	0																			
3157	2026-09-24T21:46:14.418342777Z	157851	0																			
3158	2026-09-24T21:46:14.467813688Z	157900	0																			
3159	2026-09-24T21:46:14.518257485Z	157951	0																			
3160	2026-09-24T21:46:14.567676202Z	158000	0																			
3161	2026-09-24T21:46:14.618116258Z	158051	0																			
3162	2026-09-24T21:46:14.668506941Z	158101	0																			
3163	2026-09-24T21:46:14.717904166Z	158150	0																			
3164	2026-09-24T21:46:14.768424214Z	158201	0																			
3165	2026-09-24T21:46:14.81789694Z	158250	0																			
3166	2026-09-24T21:46:14.868432983Z	158301	0																			
3167	2026-09-24T21:46:14.917972972Z	158351	0																			
3168	2026-09-24T21:46:14.968490926Z	158401	0																			
3169	2026-09-24T21:46:15.018026764Z	158451	0																			
3170	2026-09-24T21:46:15.068537252Z	158501	0																			
3171	2026-09-24T21:46:15.118031497Z	158551	0																			
3172	2026-09-24T21:46:15.168494471Z	158601	0																			
3173	2026-09-24T21:46:15.217979258Z	158651	0																			
3174	2026-09-24T21:46:15.268428157Z	158701	0																			
3175	2026-09-24T21:46:15.317920381Z	158750	0																			
3176	2026-09-24T21:46:15.368399905Z	158801	0																			
3177	2026-09-24T21:46:15.417828768Z	158850	0																			
3178	2026-09-24T21:46:15.468268793Z	158901	0																			
3179	2026-09-24T21:46:15.517751216Z	158950	0																			
3180	2026-09-24T21:46:15.568193513Z	159001	0																			
3181	2026-09-24T21:46:15.617667715Z	159050	0																			
3182	2026-09-24T21:46:15.6681059Z	159101	0																			
3183	2026-09-24T21:46:15.717536705Z	159150	0																			
3184	2026-09-24T21:46:15.767961181Z	159201	0																			
3185	2026-09-24T21:46:15.818359937Z	159251	0																			
3186	2026-09-24T21:46:15.86776654Z	159300	0																			
3187	2026-09-24T21:46:15.91822082Z	159351	0																			
3188	2026-09-24T21:46:15.967676926Z	159400	0																			
3189	2026-09-24T21:46:16.018168182Z	159451	0																			
3190	2026-09-24T21:46:16.067583881Z	159500	0																			
3191	2026-09-24T21:46:16.118081775Z	159551	0																			
3192	2026-09-24T21:46:16.168565728Z	159601	0																			
3193	2026-09-24T21:46:16.217975815Z	159651	0																			
3194	2026-09-24T21:46:16.268402753Z	159701	0																			
3195	2026-09-24T21:46:16.317826356Z	159750	0																			
3196	2026-09-24T21:46:16.368326746Z	159801	0																			
3197	2026-09-24T21:46:16.417801029Z	159850	0																			
3198	2026-09-24T21:46:16.468277155Z	159901	0																			
3199	2026-09-24T21:46:16.517675966Z	159950	0																			
3200	2026-09-24T21:46:16.568121118Z	160001	0																			
3201	2026-09-24T21:46:16.618338262Z	160051	0																			
3202	2026-09-24T21:46:16.667750789Z	160100	0																			
3203	2026-09-24T21:46:16.718144106Z	160151	0																			
3204	2026-09-24T21:46:16.767573309Z	160200	0																			
3205	2026-09-24T21:46:16.818017112Z	160251	0																			
3206	2026-09-24T21:46:16.86844722Z	160301	0																			
3207	2026-09-24T21:46:16.917882584Z	160350	0																			
3208	2026-09-24T21:46:16.968276912Z	160401	0																			
3209	2026-09-24T21:46:17.01767675Z	160450	0																			
3210	2026-09-24T21:46:17.068119369Z	160501	0																			
3211	2026-09-24T21:46:17.11856427Z	160551	0																			
3212	2026-09-24T21:46:17.168051539Z	160601	0																			
3213	2026-09-24T21:46:17.218495218Z	160651	0																			
3214	2026-09-24T21:46:17.267978394Z	160701	0																			
3215	2026-09-24T21:46:17.318499057Z	160751	0																			
3216	2026-09-24T21:46:17.367935563Z	160800	0																			
3217	2026-09-24T21:46:17.418427842Z	160851	0																			
3218	2026-09-24T21:46:17.467891591Z	160900	0																			
3219	2026-09-24T21:46:17.518353855Z	160951	0																			
3220	2026-09-24T21:46:17.56774922Z	161000	0																			
3221	2026-09-24T21:46:17.61820273Z	161051	0																			
3222	2026-09-24T21:46:17.66758062Z	161100	0																			
3223	2026-09-24T21:46:17.717979982Z	161151	0																			
3224	2026-09-24T21:46:17.768478299Z	161201	0																			
3225	2026-09-24T21:46:17.817952946Z	161250	0																			
3226	2026-09-24T21:46:17.868436363Z	161301	0																			
3227	2026-09-24T21:46:17.917826936Z	161350	0																			
3228	2026-09-24T21:46:17.968330122Z	161401	0																			
3229	2026-09-24T21:46:18.017808997Z	161450	0																			
3230	2026-09-24T21:46:18.068276447Z	161501	0																			
3231	2026-09-24T21:46:18.117676179Z	161550	0																			
3232	2026-09-24T21:46:18.168107674Z	161601	0																			
3233	2026-09-24T21:46:18.218580304Z	161651	0																			
3234	2026-09-24T21:46:18.267977932Z	161701	0																			
3235	2026-09-24T21:46:18.318429197Z	161751	0																			
3236	2026-09-24T21:46:18.367824697Z	161800	0																			
3237	2026-09-24T21:46:18.418260747Z	161851	0																			
3238	2026-09-24T21:46:18.467676666Z	161900	0																			
3239	2026-09-24T21:46:18.518129214Z	161951	0																			
3240	2026-09-24T21:46:18.568564304Z	162001	0																			
3241	2026-09-24T21:46:18.618053574Z	162051	0																			
3242	2026-09-24T21:46:18.668502933Z	162101	0																			
3243	2026-09-24T21:46:18.717976986Z	162151	0																			
3244	2026-09-24T21:46:18.768437758Z	162201	0																			
3245	2026-09-24T21:46:18.817826096Z	162250	0																			
3246	2026-09-24T21:46:18.868266646Z	162301	0																			
3247	2026-09-24T21:46:18.917676095Z	162350	0																			
3248	2026-09-24T21:46:18.968174087Z	162401	0																			
3249	2026-09-24T21:46:19.017593781Z	162450	0																			
3250	2026-09-24T21:46:19.068108201Z	162501	0																			
3251	2026-09-24T21:46:19.117540142Z	162550	0																			
3252	2026-09-24T21:46:19.168031601Z	162601	0																			
3253	2026-09-24T21:46:19.21849981Z	162651	0																			
3254	2026-09-24T21:46:19.267981523Z	162701	0																			
3255	2026-09-24T21:46:19.318499344Z	162751	0																			
3256	2026-09-24T21:46:19.36800991Z	162801	0																			
3257	2026-09-24T21:46:19.418495395Z	162851	0																			
3258	2026-09-24T21:46:19.468000866Z	162901	0																			
3259	2026-09-24T21:46:19.518478483Z	162951	0																			
3260	2026-09-24T21:46:19.567980813Z	163001	0																			
3261	2026-09-24T21:46:19.618428494Z	163051	0																			
3262	2026-09-24T21:46:19.667900825Z	163100	0																			
3263	2026-09-24T21:46:19.718431316Z	163151	0																			
3264	2026-09-24T21:46:19.767946562Z	163200	0																			
3265	2026-09-24T21:46:19.818450736Z	163251	0																			
3266	2026-09-24T21:46:19.867914319Z	163300	0																			
3267	2026-09-24T21:46:19.918421708Z	163351	0																			
3268	2026-09-24T21:46:19.967903577Z	163400	0																			
3269	2026-09-24T21:46:20.018352977Z	163451	0																			
3270	2026-09-24T21:46:20.067839632Z	163500	0																			
3271	2026-09-24T21:46:20.118269102Z	163551	0																			
3272	2026-09-24T21:46:20.1677522Z	163600	0																			
3273	2026-09-24T21:46:20.218249343Z	163651	0																			
3274	2026-09-24T21:46:20.267725673Z	163700	0																			
3275	2026-09-24T21:46:20.318203508Z	163751	0																			
3276	2026-09-24T21:46:20.367676518Z	163800	0																			
3277	2026-09-24T21:46:20.418130257Z	163851	0																			
3278	2026-09-24T21:46:20.467557645Z	163900	0																			
3279	2026-09-24T21:46:20.518033681Z	163951	0																			
3280	2026-09-24T21:46:20.568542972Z	164001	0																			
3281	2026-09-24T21:46:20.618033901Z	164051	0																			
3282	2026-09-24T21:46:20.668517546Z	164101	0																			
3283	2026-09-24T21:46:20.717979814Z	164151	0																			
3284	2026-09-24T21:46:20.76849235Z	164201	0																			
3285	2026-09-24T21:46:20.817978438Z	164251	0																			
3286	2026-09-24T21:46:20.868465631Z	164301	0																			
3287	2026-09-24T21:46:20.917904278Z	164350	0																			
3288	2026-09-24T21:46:20.968355091Z	164401	0																			
3289	2026-09-24T21:46:21.017827533Z	164450	0																			
3290	2026-09-24T21:46:21.0683533Z	164501	0																			
3291	2026-09-24T21:46:21.117828552Z	164550	0																			
3292	2026-09-24T21:46:21.168337206Z	164601	0																			
3293	2026-09-24T21:46:21.217834674Z	164650	0																			
3294	2026-09-24T21:46:21.268331831Z	164701	0																			
3295	2026-09-24T21:46:21.317811808Z	164750	0																			
3296	2026-09-24T21:46:21.368278769Z	164801	0																			
3297	2026-09-24T21:46:21.417751171Z	164850	0																			
3298	2026-09-24T21:46:21.468204066Z	164901	0																			
3299	2026-09-24T21:46:21.517675887Z	164950	0																			
3300	2026-09-24T21:46:21.5681116Z	165001	0																			
3301	2026-09-24T21:46:21.618503959Z	165051	0																			
3302	2026-09-24T21:46:21.667975458Z	165101	0																			
3303	2026-09-24T21:46:21.718429612Z	165151	0																			
3304	2026-09-24T21:46:21.767884939Z	165200	0																			
3305	2026-09-24T21:46:21.818264747Z	165251	0																			
3306	2026-09-24T21:46:21.867808846Z	165300	0																			
3307	2026-09-24T21:46:21.918329483Z	165351	0																			
3308	2026-09-24T21:46:21.967821289Z	165400	0																			
3309	2026-09-24T21:46:22.018336518Z	165451	0																			
3310	2026-09-24T21:46:22.06775238Z	165500	0																			
3311	2026-09-24T21:46:22.11820191Z	165551	0																			
3312	2026-09-24T21:46:22.16771154Z	165600	0																			
3313	2026-09-24T21:46:22.218201746Z	165651	0																			
3314	2026-09-24T21:46:22.267586805Z	165700	0																			
3315	2026-09-24T21:46:22.318029526Z	165751	0																			
3316	2026-09-24T21:46:22.368516662Z	165801	0																			
3317	2026-09-24T21:46:22.418011076Z	165851	0																			
3318	2026-09-24T21:46:22.468493667Z	165901	0																			
3319	2026-09-24T21:46:22.518004261Z	165951	0																			
3320	2026-09-24T21:46:22.568500735Z	166001	0																			
3321	2026-09-24T21:46:22.617997021Z	166051	0																			
3322	2026-09-24T21:46:22.668440587Z	166101	0																			
3323	2026-09-24T21:46:22.71793965Z	166150	0																			
3324	2026-09-24T21:46:22.768378686Z	166201	0																			
3325	2026-09-24T21:46:22.817887501Z	166250	0																			
3326	2026-09-24T21:46:22.868391425Z	166301	0																			
3327	2026-09-24T21:46:22.917875843Z	166350	0																			
3328	2026-09-24T21:46:22.968353076Z	166401	0																			
3329	2026-09-24T21:46:23.017828945Z	166450	0																			
3330	2026-09-24T21:46:23.068329294Z	166501	0																			
3331	2026-09-24T21:46:23.117819733Z	166550	0																			
3332	2026-09-24T21:46:23.168277804Z	166601	0																			
3333	2026-09-24T21:46:23.217755533Z	166650	0																			
3334	2026-09-24T21:46:23.268203358Z	166701	0																			
3335	2026-09-24T21:46:23.317675952Z	166750	0																			
3336	2026-09-24T21:46:23.368185392Z	166801	0																			
3337	2026-09-24T21:46:23.417683913Z	166850	0																			
3338	2026-09-24T21:46:23.468188011Z	166901	0																			
3339	2026-09-24T21:46:23.517764012Z	166950	0																			
3340	2026-09-24T21:46:23.568341258Z	167001	0																			
3341	2026-09-24T21:46:23.617902796Z	167050	0																			
3342	2026-09-24T21:46:23.668352268Z	167101	0																			
3343	2026-09-24T21:46:23.717850907Z	167150	0																			
3344	2026-09-24T21:46:23.768350491Z	167201	0																			
3345	2026-09-24T21:46:23.817751602Z	167250	0																			
3346	2026-09-24T21:46:23.868302084Z	167301	0																			
3347	2026-09-24T21:46:23.917749392Z	167350	0																			
3348	2026-09-24T21:46:23.968190809Z	167401	0																			
3349	2026-09-24T21:46:24.017680316Z	167450	0																			
3350	2026-09-24T21:46:24.068182954Z	167501	0																			
3351	2026-09-24T21:46:24.117554447Z	167550	0																			
3352	2026-09-24T21:46:24.167975102Z	167601	0																			
3353	2026-09-24T21:46:24.218355733Z	167651	0																			
3354	2026-09-24T21:46:24.267812254Z	167700	0																			
3355	2026-09-24T21:46:24.318282159Z	167751	0																			
3356	2026-09-24T21:46:24.367809992Z	167800	0																			
3357	2026-09-24T21:46:24.418314088Z	167851	0																			
3358	2026-09-24T21:46:24.467749712Z	167900	0																			
3359	2026-09-24T21:46:24.518202573Z	167951	0																			
3360	2026-09-24T21:46:24.567677499Z	168000	0																			
3361	2026-09-24T21:46:24.618126414Z	168051	0																			
3362	2026-09-24T21:46:24.668565845Z	168101	0																			
3363	2026-09-24T21:46:24.71799359Z	168151	0																			
3364	2026-09-24T21:46:24.768416854Z	168201	0																			
3365	2026-09-24T21:46:24.817878436Z	168250	0																			
3366	2026-09-24T21:46:24.868445082Z	168301	0																			
3367	2026-09-24T21:46:24.917943469Z	168350	0																			
3368	2026-09-24T21:46:24.968468346Z	168401	0																			
3369	2026-09-24T21:46:25.017899438Z	168450	0																			
3370	2026-09-24T21:46:25.068356425Z	168501	0																			
3371	2026-09-24T21:46:25.117825409Z	168550	0																			
3372	2026-09-24T21:46:25.168340183Z	168601	0																			
3373	2026-09-24T21:46:25.217753242Z	168650	0																			
3374	2026-09-24T21:46:25.268257219Z	168701	0																			
3375	2026-09-24T21:46:25.317675678Z	168750	0																			
3376	2026-09-24T21:46:25.368130871Z	168801	0																			
3377	2026-09-24T21:46:25.418579517Z	168851	0																			
3378	2026-09-24T21:46:25.468069097Z	168901	0																			
3379	2026-09-24T21:46:25.518551697Z	168951	0																			
3380	2026-09-24T21:46:25.568037976Z	169001	0																			
3381	2026-09-24T21:46:25.618497147Z	169051	0																			
3382	2026-09-24T21:46:25.667931582Z	169100	0																			
3383	2026-09-24T21:46:25.718430429Z	169151	0																			
3384	2026-09-24T21:46:25.767901442Z	169200	0																			
3385	2026-09-24T21:46:25.81834025Z	169251	0																			
3386	2026-09-24T21:46:25.86775234Z	169300	0																			
3387	2026-09-24T21:46:25.918229061Z	169351	0																			
3388	2026-09-24T21:46:25.967712689Z	169400	0																			
3389	2026-09-24T21:46:26.017604865Z	169450	0																			
3390	2026-09-24T21:46:26.068030734Z	169501	0																			
3391	2026-09-24T21:46:26.118496504Z	169551	0																			
3392	2026-09-24T21:46:26.167969411Z	169601	0																			
3393	2026-09-24T21:46:26.218401897Z	169651	0																			
3394	2026-09-24T21:46:26.26783373Z	169700	0																			
3395	2026-09-24T21:46:26.318276695Z	169751	0																			
3396	2026-09-24T21:46:26.36773743Z	169800	0																			
3397	2026-09-24T21:46:26.418202969Z	169851	0																			
3398	2026-09-24T21:46:26.467580111Z	169900	0																			
3399	2026-09-24T21:46:26.518050767Z	169951	0																			
3400	2026-09-24T21:46:26.568508148Z	170001	0																			
3401	2026-09-24T21:46:26.617699374Z	170050	0																			
3402	2026-09-24T21:46:26.668200729Z	170101	0																			
3403	2026-09-24T21:46:26.717674668Z	170150	0																			
3404	2026-09-24T21:46:26.768128522Z	170201	0																			
3405	2026-09-24T21:46:26.817584091Z	170250	0																			
3406	2026-09-24T21:46:26.868141816Z	170301	0																			
3407	2026-09-24T21:46:26.917680431Z	170350	0																			
3408	2026-09-24T21:46:26.968203104Z	170401	0																			
3409	2026-09-24T21:46:27.017662735Z	170450	0																			
3410	2026-09-24T21:46:27.06816972Z	170501	0																			
3411	2026-09-24T21:46:27.11766417Z	170550	0																			
3412	2026-09-24T21:46:27.168130442Z	170601	0																			
3413	2026-09-24T21:46:27.217570996Z	170650	0																			
3414	2026-09-24T21:46:27.268048119Z	170701	0																			
3415	2026-09-24T21:46:27.318500209Z	170751	0																			
3416	2026-09-24T21:46:27.367993839Z	170801	0																			
3417	2026-09-24T21:46:27.418429728Z	170851	0																			
3418	2026-09-24T21:46:27.467901655Z	170900	0																			
3419	2026-09-24T21:46:27.51835423Z	170951	0																			
3420	2026-09-24T21:46:27.567786497Z	171000	0																			
3421	2026-09-24T21:46:27.6182749Z	171051	0																			
3422	2026-09-24T21:46:27.667749559Z	171100	0																			
3423	2026-09-24T21:46:27.718204491Z	171151	0																			
3424	2026-09-24T21:46:27.767697234Z	171200	0																			
3425	2026-09-24T21:46:27.818166006Z	171251	0																			
3426	2026-09-24T21:46:27.867558838Z	171300	0																			
3427	2026-09-24T21:46:27.918058258Z	171351	0																			
3428	2026-09-24T21:46:27.968558614Z	171401	0																			
3429	2026-09-24T21:46:28.018040036Z	171451	0																			
3430	2026-09-24T21:46:28.068506857Z	171501	0																			
3431	2026-09-24T21:46:28.117998639Z	171551	0																			
3432	2026-09-24T21:46:28.168438191Z	171601	0																			
3433	2026-09-24T21:46:28.217899737Z	171650	0																			
3434	2026-09-24T21:46:28.268393871Z	171701	0																			
3435	2026-09-24T21:46:28.31781769Z	171750	0																			
3436	2026-09-24T21:46:28.368278553Z	171801	0																			
3437	2026-09-24T21:46:28.417676013Z	171850	0																			
3438	2026-09-24T21:46:28.468120679Z	171901	0																			
3439	2026-09-24T21:46:28.517563262Z	171950	0																			
3440	2026-09-24T21:46:28.568053024Z	172001	0																			
3441	2026-09-24T21:46:28.618500923Z	172051	0																			
3442	2026-09-24T21:46:28.667976127Z	172101	0																			
3443	2026-09-24T21:46:28.718429436Z	172151	0																			
3444	2026-09-24T21:46:28.767902918Z	172200	0																			
3445	2026-09-24T21:46:28.818403598Z	172251	0																			
3446	2026-09-24T21:46:28.867836233Z	172300	0																			
3447	2026-09-24T21:46:28.918275241Z	172351	0																			
3448	2026-09-24T21:46:28.967752917Z	172400	0																			
3449	2026-09-24T21:46:29.018203999Z	172451	0																			
3450	2026-09-24T21:46:29.067675057Z	172500	0																			
3451	2026-09-24T21:46:29.118118334Z	172551	0																			
3452	2026-09-24T21:46:29.16853032Z	172601	0																			
3453	2026-09-24T21:46:29.218021742Z	172651	0																			
3454	2026-09-24T21:46:29.268531262Z	172701	0																			
3455	2026-09-24T21:46:29.317970196Z	172751	0																			
3456	2026-09-24T21:46:29.368426875Z	172801	0																			
3457	2026-09-24T21:46:29.417907085Z	172850	0																			
3458	2026-09-24T21:46:29.468404796Z	172901	0																			
3459	2026-09-24T21:46:29.517904881Z	172950	0																			
3460	2026-09-24T21:46:29.568414244Z	173001	0																			
3461	2026-09-24T21:46:29.617824322Z	173050	0																			
3462	2026-09-24T21:46:29.66826233Z	173101	0																			
3463	2026-09-24T21:46:29.717743978Z	173150	0																			
3464	2026-09-24T21:46:29.768244372Z	173201	0																			
3465	2026-09-24T21:46:29.817671782Z	173250	0																			
3466	2026-09-24T21:46:29.868125328Z	173301	0																			
3467	2026-09-24T21:46:29.917569522Z	173350	0																			
3468	2026-09-24T21:46:29.96805624Z	173401	0																			
3469	2026-09-24T21:46:30.018498613Z	173451	0																			
3470	2026-09-24T21:46:30.067978076Z	173501	0																			
3471	2026-09-24T21:46:30.118474835Z	173551	0																			
3472	2026-09-24T21:46:30.16790308Z	173600	0																			
3473	2026-09-24T21:46:30.218352135Z	173651	0																			
3474	2026-09-24T21:46:30.267813961Z	173700	0																			
3475	2026-09-24T21:46:30.31827977Z	173751	0																			
3476	2026-09-24T21:46:30.367750053Z	173800	0																			
3477	2026-09-24T21:46:30.418203214Z	173851	0																			
3478	2026-09-24T21:46:30.467674472Z	173900	0																			
3479	2026-09-24T21:46:30.518167048Z	173951	0																			
3480	2026-09-24T21:46:30.567670248Z	174000	0																			
3481	2026-09-24T21:46:30.618163856Z	174051	0																			
3482	2026-09-24T21:46:30.667663962Z	174100	0																			
3483	2026-09-24T21:46:30.718128126Z	174151	0																			
3484	2026-09-24T21:46:30.767582104Z	174200	0																			
3485	2026-09-24T21:46:30.818035617Z	174251	0																			
3486	2026-09-24T21:46:30.868529888Z	174301	0																			
3487	2026-09-24T21:46:30.917956646Z	174351	0																			
3488	2026-09-24T21:46:30.968406779Z	174401	0																			
3489	2026-09-24T21:46:31.017824669Z	174450	0																			
3490	2026-09-24T21:46:31.06825788Z	174501	0																			
3491	2026-09-24T21:46:31.117673811Z	174550	0																			
3492	2026-09-24T21:46:31.168163266Z	174601	0																			
3493	2026-09-24T21:46:31.217582432Z	174650	0																			
3494	2026-09-24T21:46:31.268070262Z	174701	0																			
3495	2026-09-24T21:46:31.318559445Z	174751	0																			
3496	2026-09-24T21:46:31.367990854Z	174801	0																			
3497	2026-09-24T21:46:31.418496857Z	174851	0																			
3498	2026-09-24T21:46:31.467975605Z	174901	0																			
3499	2026-09-24T21:46:31.518427079Z	174951	0																			
3500	2026-09-24T21:46:31.567900564Z	175000	0																			
3501	2026-09-24T21:46:31.618355896Z	175051	0																			
3502	2026-09-24T21:46:31.667749537Z	175100	0																			
3503	2026-09-24T21:46:31.718254971Z	175151	0																			
3504	2026-09-24T21:46:31.767801585Z	175200	0																			
3505	2026-09-24T21:46:31.818272969Z	175251	0																			
3506	2026-09-24T21:46:31.867814494Z	175300	0																			
3507	2026-09-24T21:46:31.918358935Z	175351	0																			
3508	2026-09-24T21:46:31.967831937Z	175400	0																			
3509	2026-09-24T21:46:32.018265346Z	175451	0																			
3510	2026-09-24T21:46:32.067744887Z	175500	0																			
3511	2026-09-24T21:46:32.118202678Z	175551	0																			
3512	2026-09-24T21:46:32.167674423Z	175600	0																			
3513	2026-09-24T21:46:32.218127782Z	175651	0																			
3514	2026-09-24T21:46:32.267566652Z	175700	0																			
3515	2026-09-24T21:46:32.318052678Z	175751	0																			
3516	2026-09-24T21:46:32.368485458Z	175801	0																			
3517	2026-09-24T21:46:32.417886957Z	175850	0																			
3518	2026-09-24T21:46:32.468353981Z	175901	0																			
3519	2026-09-24T21:46:32.51775053Z	175950	0																			
3520	2026-09-24T21:46:32.568252711Z	176001	0																			
3521	2026-09-24T21:46:32.617752232Z	176050	0																			
3522	2026-09-24T21:46:32.668189109Z	176101	0																			
3523	2026-09-24T21:46:32.717679645Z	176150	0																			
3524	2026-09-24T21:46:32.768172508Z	176201	0																			
3525	2026-09-24T21:46:32.81765957Z	176250	0																			
3526	2026-09-24T21:46:32.868064055Z	176301	0																			
3527	2026-09-24T21:46:32.918585896Z	176351	0																			
3528	2026-09-24T21:46:32.968130056Z	176401	0																			
3529	2026-09-24T21:46:33.017549054Z	176450	0																			
3530	2026-09-24T21:46:33.068032325Z	176501	0																			
3531	2026-09-24T21:46:33.118502272Z	176551	0																			
3532	2026-09-24T21:46:33.167900312Z	176600	0																			
3533	2026-09-24T21:46:33.218334337Z	176651	0																			
3534	2026-09-24T21:46:33.267817962Z	176700	0																			
3535	2026-09-24T21:46:33.318297673Z	176751	0																			
3536	2026-09-24T21:46:33.367783033Z	176800	0																			
3537	2026-09-24T21:46:33.418270108Z	176851	0																			
3538	2026-09-24T21:46:33.46767686Z	176900	0																			
3539	2026-09-24T21:46:33.518114875Z	176951	0																			
3540	2026-09-24T21:46:33.567545948Z	177000	0																			
3541	2026-09-24T21:46:33.617977217Z	177051	0																			
3542	2026-09-24T21:46:33.668461933Z	177101	0																			
3543	2026-09-24T21:46:33.717901212Z	177150	0																			
3544	2026-09-24T21:46:33.768354314Z	177201	0																			
3545	2026-09-24T21:46:33.817825553Z	177250	0																			
3546	2026-09-24T21:46:33.868303532Z	177301	0																			
3547	2026-09-24T21:46:33.917747302Z	177350	0																			
3548	2026-09-24T21:46:33.968201495Z	177401	0																			
3549	2026-09-24T21:46:34.017694095Z	177450	0																			
3550	2026-09-24T21:46:34.068126704Z	177501	0																			
3551	2026-09-24T21:46:34.117570754Z	177550	0																			
3552	2026-09-24T21:46:34.168067975Z	177601	0																			
3553	2026-09-24T21:46:34.218493458Z	177651	0																			
3554	2026-09-24T21:46:34.267979242Z	177701	0																			
3555	2026-09-24T21:46:34.318430023Z	177751	0																			
3556	2026-09-24T21:46:34.367825282Z	177800	0																			
3557	2026-09-24T21:46:34.418276975Z	177851	0																			
3558	2026-09-24T21:46:34.467772109Z	177900	0																			
3559	2026-09-24T21:46:34.518200803Z	177951	0																			
3560	2026-09-24T21:46:34.567676312Z	178000	0																			
3561	2026-09-24T21:46:34.618109188Z	178051	0																			
3562	2026-09-24T21:46:34.668557891Z	178101	0																			
3563	2026-09-24T21:46:34.71798626Z	178151	0																			
3564	2026-09-24T21:46:34.768427167Z	178201	0																			
3565	2026-09-24T21:46:34.817930636Z	178250	0																			
3566	2026-09-24T21:46:34.868355058Z	178301	0																			
3567	2026-09-24T21:46:34.917827252Z	178350	0																			
3568	2026-09-24T21:46:34.968265032Z	178401	0																			
3569	2026-09-24T21:46:35.017750748Z	178450	0																			
3570	2026-09-24T21:46:35.068174703Z	178501	0																			
3571	2026-09-24T21:46:35.117667508Z	178550	0																			
3572	2026-09-24T21:46:35.168187676Z	178601	0																			
3573	2026-09-24T21:46:35.217592589Z	178650	0																			
3574	2026-09-24T21:46:35.268091617Z	178701	0																			
3575	2026-09-24T21:46:35.318501781Z	178751	0																			
3576	2026-09-24T21:46:35.367902631Z	178800	0																			
3577	2026-09-24T21:46:35.418353923Z	178851	0																			
3578	2026-09-24T21:46:35.46775186Z	178900	0																			
3579	2026-09-24T21:46:35.518183139Z	178951	0																			
3580	2026-09-24T21:46:35.567666459Z	179000	0																			
3581	2026-09-24T21:46:35.618145651Z	179051	0																			
3582	2026-09-24T21:46:35.667587943Z	179100	0																			
3583	2026-09-24T21:46:35.717977115Z	179151	0																			
3584	2026-09-24T21:46:35.768479314Z	179201	0																			
3585	2026-09-24T21:46:35.817963306Z	179251	0																			
3586	2026-09-24T21:46:35.868353642Z	179301	0																			
3587	2026-09-24T21:46:35.917848651Z	179350	0																			
3588	2026-09-24T21:46:35.96827801Z	179401	0																			
3589	2026-09-24T21:46:36.017750096Z	179450	0																			
3590	2026-09-24T21:46:36.068203595Z	179501	0																			
3591	2026-09-24T21:46:36.117578927Z	179550	0																			
3592	2026-09-24T21:46:36.168060885Z	179601	0																			
3593	2026-09-24T21:46:36.218495028Z	179651	0																			
3594	2026-09-24T21:46:36.267927947Z	179700	0																			
3595	2026-09-24T21:46:36.318352755Z	179751	0																			
3596	2026-09-24T21:46:36.367847987Z	179800	0																			
3597	2026-09-24T21:46:36.418357325Z	179851	0																			
3598	2026-09-24T21:46:36.467827842Z	179900	0																			
3599	2026-09-24T21:46:36.518276365Z	179951	0																			
3600	2026-09-24T21:46:36.567731611Z	180000	0																			
3601	2026-09-24T21:46:36.617920535Z	180050	0																			
3602	2026-09-24T21:46:36.668425684Z	180101	0																			
3603	2026-09-24T21:46:36.717824924Z	180150	0																			
3604	2026-09-24T21:46:36.768317821Z	180201	0																			
3605	2026-09-24T21:46:36.817790201Z	180250	0																			
3606	2026-09-24T21:46:36.868342951Z	180301	0																			
3607	2026-09-24T21:46:36.917810205Z	180350	0																			
3608	2026-09-24T21:46:36.968271507Z	180401	0																			
3609	2026-09-24T21:46:37.017750418Z	180450	0																			
3610	2026-09-24T21:46:37.068241984Z	180501	0																			
3611	2026-09-24T21:46:37.117756978Z	180550	0																			
3612	2026-09-24T21:46:37.168203412Z	180601	0																			
3613	2026-09-24T21:46:37.217706329Z	180650	0																			
3614	2026-09-24T21:46:37.268203538Z	180701	0																			
3615	2026-09-24T21:46:37.317674079Z	180750	0																			
3616	2026-09-24T21:46:37.368110263Z	180801	0																			
3617	2026-09-24T21:46:37.418505355Z	180851	0																			
3618	2026-09-24T21:46:37.467975175Z	180901	0																			
3619	2026-09-24T21:46:37.518427066Z	180951	0																			
3620	2026-09-24T21:46:37.567825128Z	181000	0																			
3621	2026-09-24T21:46:37.618322331Z	181051	0																			
3622	2026-09-24T21:46:37.667796353Z	181100	0																			
3623	2026-09-24T21:46:37.718203685Z	181151	0																			
3624	2026-09-24T21:46:37.767674597Z	181200	0																			
3625	2026-09-24T21:46:37.818205852Z	181251	0																			
3626	2026-09-24T21:46:37.867687893Z	181300	0																			
3627	2026-09-24T21:46:37.918151416Z	181351	0																			
3628	2026-09-24T21:46:37.967676685Z	181400	0																			
3629	2026-09-24T21:46:38.018173551Z	181451	0																			
3630	2026-09-24T21:46:38.067551719Z	181500	0																			
3631	2026-09-24T21:46:38.117977028Z	181551	0																			
3632	2026-09-24T21:46:38.168429358Z	181601	0																			
3633	2026-09-24T21:46:38.217927364Z	181650	0																			
3634	2026-09-24T21:46:38.268415001Z	181701	0																			
3635	2026-09-24T21:46:38.317824468Z	181750	0																			
3636	2026-09-24T21:46:38.368254525Z	181801	0																			
3637	2026-09-24T21:46:38.417740306Z	181850	0																			
3638	2026-09-24T21:46:38.468203948Z	181901	0																			
3639	2026-09-24T21:46:38.517714059Z	181950	0																			
3640	2026-09-24T21:46:38.56820456Z	182001	0																			
3641	2026-09-24T21:46:38.617676269Z	182050	0																			
3642	2026-09-24T21:46:38.668186965Z	182101	0																			
3643	2026-09-24T21:46:38.717598851Z	182150	0																			
3644	2026-09-24T21:46:38.768125851Z	182201	0																			
3645	2026-09-24T21:46:38.817570524Z	182250	0																			
3646	2026-09-24T21:46:38.867989437Z	182301	0																			
3647	2026-09-24T21:46:38.918496693Z	182351	0																			
3648	2026-09-24T21:46:38.967975899Z	182401	0																			
3649	2026-09-24T21:46:39.018468753Z	182451	0																			
3650	2026-09-24T21:46:39.067975958Z	182501	0																			
3651	2026-09-24T21:46:39.11842116Z	182551	0																			
3652	2026-09-24T21:46:39.167827646Z	182600	0																			
3653	2026-09-24T21:46:39.218278123Z	182651	0																			
3654	2026-09-24T21:46:39.267712004Z	182700	0																			
3655	2026-09-24T21:46:39.318196653Z	182751	0																			
3656	2026-09-24T21:46:39.367674776Z	182800	0																			
3657	2026-09-24T21:46:39.418127875Z	182851	0																			
3658	2026-09-24T21:46:39.46755228Z	182900	0																			
3659	2026-09-24T21:46:39.518059601Z	182951	0																			
3660	2026-09-24T21:46:39.568562485Z	183001	0																			
3661	2026-09-24T21:46:39.617985686Z	183051	0																			
3662	2026-09-24T21:46:39.668430422Z	183101	0																			
3663	2026-09-24T21:46:39.71793092Z	183150	0																			
3664	2026-09-24T21:46:39.768350618Z	183201	0																			
3665	2026-09-24T21:46:39.817792526Z	183250	0																			
3666	2026-09-24T21:46:39.868329845Z	183301	0																			
3667	2026-09-24T21:46:39.917745906Z	183350	0																			
3668	2026-09-24T21:46:39.968203307Z	183401	0																			
3669	2026-09-24T21:46:40.017581086Z	183450	0																			
3670	2026-09-24T21:46:40.068036201Z	183501	0																			
3671	2026-09-24T21:46:40.118499967Z	183551	0																			
3672	2026-09-24T21:46:40.168010903Z	183601	0																			
3673	2026-09-24T21:46:40.218502576Z	183651	0																			
3674	2026-09-24T21:46:40.267975108Z	183701	0																			
3675	2026-09-24T21:46:40.318428343Z	183751	0																			
3676	2026-09-24T21:46:40.367827487Z	183800	0																			
3677	2026-09-24T21:46:40.418262386Z	183851	0																			
3678	2026-09-24T21:46:40.467740036Z	183900	0																			
3679	2026-09-24T21:46:40.518191981Z	183951	0																			
3680	2026-09-24T21:46:40.567674583Z	184000	0																			
3681	2026-09-24T21:46:40.618180031Z	184051	0																			
3682	2026-09-24T21:46:40.667601934Z	184100	0																			
3683	2026-09-24T21:46:40.718097599Z	184151	0																			
3684	2026-09-24T21:46:40.767537829Z	184200	0																			
3685	2026-09-24T21:46:40.817978123Z	184251	0																			
3686	2026-09-24T21:46:40.868405247Z	184301	0																			
3687	2026-09-24T21:46:40.917919177Z	184350	0																			
3688	2026-09-24T21:46:40.968419656Z	184401	0																			
3689	2026-09-24T21:46:41.017900177Z	184450	0																			
3690	2026-09-24T21:46:41.0684055Z	184501	0																			
3691	2026-09-24T21:46:41.117915126Z	184550	0																			
3692	2026-09-24T21:46:41.168371039Z	184601	0																			
3693	2026-09-24T21:46:41.217880801Z	184650	0																			
3694	2026-09-24T21:46:41.268407641Z	184701	0																			
3695	2026-09-24T21:46:41.317901804Z	184750	0																			
3696	2026-09-24T21:46:41.368431484Z	184801	0																			
3697	2026-09-24T21:46:41.417974411Z	184851	0																			
3698	2026-09-24T21:46:41.46849088Z	184901	0																			
3699	2026-09-24T21:46:41.517975616Z	184951	0																			
3700	2026-09-24T21:46:41.56840901Z	185001	0																			
3701	2026-09-24T21:46:41.61788654Z	185050	0																			
3702	2026-09-24T21:46:41.668352137Z	185101	0																			
3703	2026-09-24T21:46:41.717844646Z	185150	0																			
3704	2026-09-24T21:46:41.768350343Z	185201	0																			
3705	2026-09-24T21:46:41.817802634Z	185250	0																			
3706	2026-09-24T21:46:41.868284006Z	185301	0																			
3707	2026-09-24T21:46:41.917750575Z	185350	0																			
3708	2026-09-24T21:46:41.968238538Z	185401	0																			
3709	2026-09-24T21:46:42.017682146Z	185450	0																			
3710	2026-09-24T21:46:42.068162037Z	185501	0																			
3711	2026-09-24T21:46:42.117593142Z	185550	0																			
3712	2026-09-24T21:46:42.168086726Z	185601	0																			
3713	2026-09-24T21:46:42.218566797Z	185651	0																			
3714	2026-09-24T21:46:42.267997552Z	185701	0																			
3715	2026-09-24T21:46:42.318472337Z	185751	0																			
3716	2026-09-24T21:46:42.367900497Z	185800	0																			
3717	2026-09-24T21:46:42.418403929Z	185851	0																			
3718	2026-09-24T21:46:42.467909659Z	185900	0																			
3719	2026-09-24T21:46:42.518347361Z	185951	0																			
3720	2026-09-24T21:46:42.567840494Z	186000	0																			
3721	2026-09-24T21:46:42.61829091Z	186051	0																			
3722	2026-09-24T21:46:42.667712645Z	186100	0																			
3723	2026-09-24T21:46:42.718156867Z	186151	0																			
3724	2026-09-24T21:46:42.767592106Z	186200	0																			
3725	2026-09-24T21:46:42.818116748Z	186251	0																			
3726	2026-09-24T21:46:42.867554359Z	186300	0																			
3727	2026-09-24T21:46:42.918051365Z	186351	0																			
3728	2026-09-24T21:46:42.968547075Z	186401	0																			
3729	2026-09-24T21:46:43.018053109Z	186451	0																			
3730	2026-09-24T21:46:43.068486377Z	186501	0																			
3731	2026-09-24T21:46:43.117998568Z	186551	0																			
3732	2026-09-24T21:46:43.168505641Z	186601	0																			
3733	2026-09-24T21:46:43.218004186Z	186651	0																			
3734	2026-09-24T21:46:43.268429063Z	186701	0																			
3735	2026-09-24T21:46:43.317916593Z	186750	0																			
3736	2026-09-24T21:46:43.368411253Z	186801	0																			
3737	2026-09-24T21:46:43.417891373Z	186850	0																			
3738	2026-09-24T21:46:43.468394159Z	186901	0																			
3739	2026-09-24T21:46:43.517900159Z	186950	0																			
3740	2026-09-24T21:46:43.568346882Z	187001	0																			
3741	2026-09-24T21:46:43.61782717Z	187050	0																			
3742	2026-09-24T21:46:43.66832804Z	187101	0																			
3743	2026-09-24T21:46:43.717827671Z	187150	0																			
3744	2026-09-24T21:46:43.768331201Z	187201	0																			
3745	2026-09-24T21:46:43.817787318Z	187250	0																			
3746	2026-09-24T21:46:43.868282584Z	187301	0																			
3747	2026-09-24T21:46:43.917825686Z	187350	0																			
3748	2026-09-24T21:46:43.968255562Z	187401	0																			
3749	2026-09-24T21:46:44.017736725Z	187450	0																			
3750	2026-09-24T21:46:44.068203916Z	187501	0																			
3751	2026-09-24T21:46:44.117659846Z	187550	0																			
3752	2026-09-24T21:46:44.168132958Z	187601	0																			
3753	2026-09-24T21:46:44.217560684Z	187650	0																			
3754	2026-09-24T21:46:44.268050834Z	187701	0																			
3755	2026-09-24T21:46:44.31849362Z	187751	0																			
3756	2026-09-24T21:46:44.367976776Z	187801	0																			
3757	2026-09-24T21:46:44.418427033Z	187851	0																			
3758	2026-09-24T21:46:44.467919893Z	187900	0																			
3759	2026-09-24T21:46:44.518351723Z	187951	0																			
3760	2026-09-24T21:46:44.567824262Z	188000	0																			
3761	2026-09-24T21:46:44.618250514Z	188051	0																			
3762	2026-09-24T21:46:44.667736699Z	188100	0																			
3763	2026-09-24T21:46:44.718233355Z	188151	0																			
3764	2026-09-24T21:46:44.767676701Z	188200	0																			
3765	2026-09-24T21:46:44.818207625Z	188251	0																			
3766	2026-09-24T21:46:44.867685606Z	188300	0																			
3767	2026-09-24T21:46:44.918179973Z	188351	0																			
3768	2026-09-24T21:46:44.967676583Z	188400	0																			
3769	2026-09-24T21:46:45.018100937Z	188451	0																			
3770	2026-09-24T21:46:45.068555969Z	188501	0																			
3771	2026-09-24T21:46:45.11805258Z	188551	0																			
3772	2026-09-24T21:46:45.168493472Z	188601	0																			
3773	2026-09-24T21:46:45.217990232Z	188651	0																			
3774	2026-09-24T21:46:45.268473382Z	188701	0																			
3775	2026-09-24T21:46:45.31795269Z	188750	0																			
3776	2026-09-24T21:46:45.36843471Z	188801	0																			
3777	2026-09-24T21:46:45.417935251Z	188850	0																			
3778	2026-09-24T21:46:45.468430484Z	188901	0																			
3779	2026-09-24T21:46:45.517902326Z	188950	0																			
3780	2026-09-24T21:46:45.56834387Z	189001	0																			
3781	2026-09-24T21:46:45.617766167Z	189050	0																			
3782	2026-09-24T21:46:45.668263037Z	189101	0																			
3783	2026-09-24T21:46:45.717749656Z	189150	0																			
3784	2026-09-24T21:46:45.768203059Z	189201	0																			
3785	2026-09-24T21:46:45.817594199Z	189250	0																			
3786	2026-09-24T21:46:45.868092227Z	189301	0																			
3787	2026-09-24T21:46:45.918507144Z	189351	0																			
3788	2026-09-24T21:46:45.967903382Z	189400	0																			
3789	2026-09-24T21:46:46.018359585Z	189451	0																			
3790	2026-09-24T21:46:46.067827392Z	189500	0																			
3791	2026-09-24T21:46:46.11827711Z	189551	0																			
3792	2026-09-24T21:46:46.167750411Z	189600	0																			
3793	2026-09-24T21:46:46.218201657Z	189651	0																			
3794	2026-09-24T21:46:46.26759525Z	189700	0																			
3795	2026-09-24T21:46:46.318100824Z	189751	0																			
3796	2026-09-24T21:46:46.367590662Z	189800	0																			
3797	2026-09-24T21:46:46.418111126Z	189851	0																			
3798	2026-09-24T21:46:46.467539012Z	189900	0																			
3799	2026-09-24T21:46:46.518036235Z	189951	0																			
3800	2026-09-24T21:46:46.568433104Z	190001	0																			
3801	2026-09-24T21:46:46.617562047Z	190050	0																			
3802	2026-09-24T21:46:46.668041798Z	190101	0																			
3803	2026-09-24T21:46:46.718427549Z	190151	0																			
3804	2026-09-24T21:46:46.767926633Z	190200	0																			
3805	2026-09-24T21:46:46.818433391Z	190251	0																			
3806	2026-09-24T21:46:46.867830651Z	190300	0																			
3807	2026-09-24T21:46:46.918226914Z	190351	0																			
3808	2026-09-24T21:46:46.967674274Z	190400	0																			
3809	2026-09-24T21:46:47.018168018Z	190451	0																			
3810	2026-09-24T21:46:47.067691456Z	190500	0																			
3811	2026-09-24T21:46:47.118126829Z	190551	0																			
3812	2026-09-24T21:46:47.167595242Z	190600	0																			
3813	2026-09-24T21:46:47.218130401Z	190651	0																			
3814	2026-09-24T21:46:47.26767872Z	190700	0																			
3815	2026-09-24T21:46:47.318204732Z	190751	0																			
3816	2026-09-24T21:46:47.367793123Z	190800	0																			
3817	2026-09-24T21:46:47.418335305Z	190851	0																			
3818	2026-09-24T21:46:47.467857641Z	190900	0																			
3819	2026-09-24T21:46:47.51835203Z	190951	0																			
3820	2026-09-24T21:46:47.567752208Z	191000	0																			
3821	2026-09-24T21:46:47.618204034Z	191051	0																			
3822	2026-09-24T21:46:47.667675954Z	191100	0																			
3823	2026-09-24T21:46:47.718182926Z	191151	0																			
3824	2026-09-24T21:46:47.767663729Z	191200	0																			
3825	2026-09-24T21:46:47.818199842Z	191251	0																			
3826	2026-09-24T21:46:47.867584352Z	191300	0																			
3827	2026-09-24T21:46:47.918067388Z	191351	0																			
3828	2026-09-24T21:46:47.968558006Z	191401	0																			
3829	2026-09-24T21:46:48.018056039Z	191451	0																			
3830	2026-09-24T21:46:48.068477013Z	191501	0																			
3831	2026-09-24T21:46:48.117955048Z	191550	0																			
3832	2026-09-24T21:46:48.168423967Z	191601	0																			
3833	2026-09-24T21:46:48.217902012Z	191650	0																			
3834	2026-09-24T21:46:48.268401255Z	191701	0																			
3835	2026-09-24T21:46:48.317903947Z	191750	0																			
3836	2026-09-24T21:46:48.368405014Z	191801	0																			
3837	2026-09-24T21:46:48.417946617Z	191850	0																			
3838	2026-09-24T21:46:48.468428929Z	191901	0																			
3839	2026-09-24T21:46:48.51787902Z	191950	0																			
3840	2026-09-24T21:46:48.56837456Z	192001	0																			
3841	2026-09-24T21:46:48.617883467Z	192050	0																			
3842	2026-09-24T21:46:48.668353519Z	192101	0																			
3843	2026-09-24T21:46:48.717750147Z	192150	0																			
3844	2026-09-24T21:46:48.76819091Z	192201	0																			
3845	2026-09-24T21:46:48.817652281Z	192250	0																			
3846	2026-09-24T21:46:48.868139853Z	192301	0																			
3847	2026-09-24T21:46:48.917667837Z	192350	0																			
3848	2026-09-24T21:46:48.968125567Z	192401	0																			
3849	2026-09-24T21:46:49.017563628Z	192450	0																			
3850	2026-09-24T21:46:49.068045292Z	192501	0																			
3851	2026-09-24T21:46:49.11850224Z	192551	0																			
3852	2026-09-24T21:46:49.167998844Z	192601	0																			
3853	2026-09-24T21:46:49.218427384Z	192651	0																			
3854	2026-09-24T21:46:49.267923813Z	192700	0																			
3855	2026-09-24T21:46:49.318419248Z	192751	0																			
3856	2026-09-24T21:46:49.367827848Z	192800	0																			
3857	2026-09-24T21:46:49.418271049Z	192851	0																			
3858	2026-09-24T21:46:49.467757805Z	192900	0																			
3859	2026-09-24T21:46:49.518260501Z	192951	0																			
3860	2026-09-24T21:46:49.567673679Z	193000	0																			
3861	2026-09-24T21:46:49.618125787Z	193051	0																			
3862	2026-09-24T21:46:49.667565436Z	193100	0																			
3863	2026-09-24T21:46:49.718046759Z	193151	0																			
3864	2026-09-24T21:46:49.768512267Z	193201	0																			
3865	2026-09-24T21:46:49.818003088Z	193251	0																			
3866	2026-09-24T21:46:49.868440952Z	193301	0																			
3867	2026-09-24T21:46:49.917931593Z	193350	0																			
3868	2026-09-24T21:46:49.968426249Z	193401	0																			
3869	2026-09-24T21:46:50.017928791Z	193450	0																			
3870	2026-09-24T21:46:50.068354761Z	193501	0																			
3871	2026-09-24T21:46:50.117845002Z	193550	0																			
3872	2026-09-24T21:46:50.168329826Z	193601	0																			
3873	2026-09-24T21:46:50.217814868Z	193650	0																			
3874	2026-09-24T21:46:50.268203712Z	193701	0																			
3875	2026-09-24T21:46:50.317676006Z	193750	0																			
3876	2026-09-24T21:46:50.368161755Z	193801	0																			
3877	2026-09-24T21:46:50.417653272Z	193850	0																			
3878	2026-09-24T21:46:50.468053533Z	193901	0																			
3879	2026-09-24T21:46:50.518502462Z	193951	0																			
3880	2026-09-24T21:46:50.567997038Z	194001	0																			
3881	2026-09-24T21:46:50.618429351Z	194051	0																			
3882	2026-09-24T21:46:50.667902838Z	194100	0																			
3883	2026-09-24T21:46:50.718340837Z	194151	0																			
3884	2026-09-24T21:46:50.767830352Z	194200	0																			
3885	2026-09-24T21:46:50.81833906Z	194251	0																			
3886	2026-09-24T21:46:50.867856084Z	194300	0																			
3887	2026-09-24T21:46:50.918269635Z	194351	0																			
3888	2026-09-24T21:46:50.967752352Z	194400	0																			
3889	2026-09-24T21:46:51.018208052Z	194451	0																			
3890	2026-09-24T21:46:51.067595451Z	194500	0																			
3891	2026-09-24T21:46:51.11812774Z	194551	0																			
3892	2026-09-24T21:46:51.16767826Z	194600	0																			
3893	2026-09-24T21:46:51.218199371Z	194651	0																			
3894	2026-09-24T21:46:51.267675943Z	194700	0																			
3895	2026-09-24T21:46:51.318204145Z	194751	0																			
3896	2026-09-24T21:46:51.36771066Z	194800	0																			
3897	2026-09-24T21:46:51.418227683Z	194851	0																			
3898	2026-09-24T21:46:51.46767674Z	194900	0																			
3899	2026-09-24T21:46:51.51817413Z	194951	0																			
3900	2026-09-24T21:46:51.567541315Z	195000	0																			
3901	2026-09-24T21:46:51.618020053Z	195051	0																			
3902	2026-09-24T21:46:51.6685046Z	195101	0																			
3903	2026-09-24T21:46:51.717976427Z	195151	0																			
3904	2026-09-24T21:46:51.768456591Z	195201	0																			
3905	2026-09-24T21:46:51.817865694Z	195250	0																			
3906	2026-09-24T21:46:51.868324847Z	195301	0																			
3907	2026-09-24T21:46:51.917750878Z	195350	0																			
3908	2026-09-24T21:46:51.968236324Z	195401	0																			
3909	2026-09-24T21:46:52.017674924Z	195450	0																			
3910	2026-09-24T21:46:52.068107866Z	195501	0																			
3911	2026-09-24T21:46:52.118577986Z	195551	0																			
3912	2026-09-24T21:46:52.168065096Z	195601	0																			
3913	2026-09-24T21:46:52.218571615Z	195651	0																			
3914	2026-09-24T21:46:52.268053589Z	195701	0																			
3915	2026-09-24T21:46:52.31850177Z	195751	0																			
3916	2026-09-24T21:46:52.368011659Z	195801	0																			
3917	2026-09-24T21:46:52.41842923Z	195851	0																			
3918	2026-09-24T21:46:52.467827168Z	195900	0																			
3919	2026-09-24T21:46:52.518328694Z	195951	0																			
3920	2026-09-24T21:46:52.567762106Z	196000	0																			
3921	2026-09-24T21:46:52.61825572Z	196051	0																			
3922	2026-09-24T21:46:52.667703344Z	196100	0																			
3923	2026-09-24T21:46:52.718132923Z	196151	0																			
3924	2026-09-24T21:46:52.767567355Z	196200	0																			
3925	2026-09-24T21:46:52.818019639Z	196251	0																			
3926	2026-09-24T21:46:52.868504432Z	196301	0																			
3927	2026-09-24T21:46:52.917972087Z	196351	0																			
3928	2026-09-24T21:46:52.968461246Z	196401	0																			
3929	2026-09-24T21:46:53.01796101Z	196451	0																			
3930	2026-09-24T21:46:53.068429459Z	196501	0																			
3931	2026-09-24T21:46:53.117919415Z	196550	0																			
3932	2026-09-24T21:46:53.168341831Z	196601	0																			
3933	2026-09-24T21:46:53.217822865Z	196650	0																			
3934	2026-09-24T21:46:53.268305882Z	196701	0																			
3935	2026-09-24T21:46:53.317751861Z	196750	0																			
3936	2026-09-24T21:46:53.368252009Z	196801	0																			
3937	2026-09-24T21:46:53.417749912Z	196850	0																			
3938	2026-09-24T21:46:53.468276548Z	196901	0																			
3939	2026-09-24T21:46:53.517752598Z	196950	0																			
3940	2026-09-24T21:46:53.56827729Z	197001	0																			
3941	2026-09-24T21:46:53.617798514Z	197050	0																			
3942	2026-09-24T21:46:53.668278816Z	197101	0																			
3943	2026-09-24T21:46:53.717753015Z	197150	0																			
3944	2026-09-24T21:46:53.768262822Z	197201	0																			
3945	2026-09-24T21:46:53.817753675Z	197250	0																			
3946	2026-09-24T21:46:53.868202677Z	197301	0																			
3947	2026-09-24T21:46:53.917572034Z	197350	0																			
3948	2026-09-24T21:46:53.967974789Z	197401	0																			
3949	2026-09-24T21:46:54.018469158Z	197451	0																			
3950	2026-09-24T21:46:54.067975846Z	197501	0																			
3951	2026-09-24T21:46:54.118412936Z	197551	0																			
3952	2026-09-24T21:46:54.167827635Z	197600	0																			
3953	2026-09-24T21:46:54.218278332Z	197651	0																			
3954	2026-09-24T21:46:54.267677101Z	197700	0																			
3955	2026-09-24T21:46:54.318178276Z	197751	0																			
3956	2026-09-24T21:46:54.36767474Z	197800	0																			
3957	2026-09-24T21:46:54.418180353Z	197851	0																			
3958	2026-09-24T21:46:54.467665888Z	197900	0																			
3959	2026-09-24T21:46:54.518152613Z	197951	0																			
3960	2026-09-24T21:46:54.567577999Z	198000	0																			
3961	2026-09-24T21:46:54.61805306Z	198051	0																			
3962	2026-09-24T21:46:54.668539974Z	198101	0																			
3963	2026-09-24T21:46:54.718021642Z	198151	0																			
3964	2026-09-24T21:46:54.768508396Z	198201	0																			
3965	2026-09-24T21:46:54.817978241Z	198251	0																			
3966	2026-09-24T21:46:54.868420616Z	198301	0																			
3967	2026-09-24T21:46:54.917901084Z	198350	0																			
3968	2026-09-24T21:46:54.968324704Z	198401	0																			
3969	2026-09-24T21:46:55.017809367Z	198450	0																			
3970	2026-09-24T21:46:55.068279742Z	198501	0																			
3971	2026-09-24T21:46:55.11767394Z	198550	0																			
3972	2026-09-24T21:46:55.168106078Z	198601	0																			
3973	2026-09-24T21:46:55.218574584Z	198651	0																			
3974	2026-09-24T21:46:55.267975474Z	198701	0																			
3975	2026-09-24T21:46:55.318399006Z	198751	0																			
3976	2026-09-24T21:46:55.367825066Z	198800	0																			
3977	2026-09-24T21:46:55.418265211Z	198851	0																			
3978	2026-09-24T21:46:55.467741635Z	198900	0																			
3979	2026-09-24T21:46:55.518255813Z	198951	0																			
3980	2026-09-24T21:46:55.567676293Z	199000	0																			
3981	2026-09-24T21:46:55.618108828Z	199051	0																			
3982	2026-09-24T21:46:55.668560054Z	199101	0																			
3983	2026-09-24T21:46:55.717977905Z	199151	0																			
3984	2026-09-24T21:46:55.768429225Z	199201	0																			
3985	2026-09-24T21:46:55.817911399Z	199250	0																			
3986	2026-09-24T21:46:55.868419811Z	199301	0																			
3987	2026-09-24T21:46:55.917901488Z	199350	0																			
3988	2026-09-24T21:46:55.968402782Z	199401	0																			
3989	2026-09-24T21:46:56.017896178Z	199450	0																			
3990	2026-09-24T21:46:56.068280939Z	199501	0																			
3991	2026-09-24T21:46:56.11775149Z	199550	0																			
3992	2026-09-24T21:46:56.168213837Z	199601	0																			
3993	2026-09-24T21:46:56.217654841Z	199650	0																			
3994	2026-09-24T21:46:56.268050464Z	199701	0																			
3995	2026-09-24T21:46:56.3184997Z	199751	0																			
3996	2026-09-24T21:46:56.368012935Z	199801	0																			
3997	2026-09-24T21:46:56.418553938Z	199851	0																			
3998	2026-09-24T21:46:56.467977999Z	199901	0																			
3999	2026-09-24T21:46:56.518475204Z	199951	0																			
4000	2026-09-24T21:46:56.567969996Z	200001	0																			
4001	2026-09-24T21:46:56.618126212Z	200051	0																			
4002	2026-09-24T21:46:56.66754701Z	200100	0																			
4003	2026-09-24T21:46:56.71803485Z	200151	0																			
4004	2026-09-24T21:46:56.768521843Z	200201	0																			
4005	2026-09-24T21:46:56.817977147Z	200251	0																			
4006	2026-09-24T21:46:56.868419624Z	200301	0																			
4007	2026-09-24T21:46:56.9178812Z	200350	0																			
4008	2026-09-24T21:46:56.968347827Z	200401	0																			
4009	2026-09-24T21:46:57.017750578Z	200450	0																			
4010	2026-09-24T21:46:57.068175666Z	200501	0																			
4011	2026-09-24T21:46:57.117586336Z	200550	0																			
4012	2026-09-24T21:46:57.168072225Z	200601	0																			
4013	2026-09-24T21:46:57.218566606Z	200651	0																			
4014	2026-09-24T21:46:57.267974599Z	200701	0																			
4015	2026-09-24T21:46:57.318408528Z	200751	0																			
4016	2026-09-24T21:46:57.367825052Z	200800	0																			
4017	2026-09-24T21:46:57.418313508Z	200851	0																			
4018	2026-09-24T21:46:57.467809087Z	200900	0																			
4019	2026-09-24T21:46:57.51823047Z	200951	0																			
4020	2026-09-24T21:46:57.567717424Z	201000	0																			
4021	2026-09-24T21:46:57.618203668Z	201051	0																			
4022	2026-09-24T21:46:57.667593645Z	201100	0																			
4023	2026-09-24T21:46:57.718055634Z	201151	0																			
4024	2026-09-24T21:46:57.768552399Z	201201	0																			
4025	2026-09-24T21:46:57.818034021Z	201251	0																			
4026	2026-09-24T21:46:57.868521093Z	201301	0																			
4027	2026-09-24T21:46:57.918014904Z	201351	0																			
4028	2026-09-24T21:46:57.968537414Z	201401	0																			
4029	2026-09-24T21:46:58.01797554Z	201451	0																			
4030	2026-09-24T21:46:58.068427497Z	201501	0																			
4031	2026-09-24T21:46:58.117899448Z	201550	0																			
4032	2026-09-24T21:46:58.168351323Z	201601	0																			
4033	2026-09-24T21:46:58.217872658Z	201650	0																			
4034	2026-09-24T21:46:58.268365687Z	201701	0																			
4035	2026-09-24T21:46:58.317817894Z	201750	0																			
4036	2026-09-24T21:46:58.368277655Z	201801	0																			
4037	2026-09-24T21:46:58.417827244Z	201850	0																			
4038	2026-09-24T21:46:58.468280586Z	201901	0																			
4039	2026-09-24T21:46:58.517745301Z	201950	0																			
4040	2026-09-24T21:46:58.568197908Z	202001	0																			
4041	2026-09-24T21:46:58.617594705Z	202050	0																			
4042	2026-09-24T21:46:58.668110572Z	202101	0																			
4043	2026-09-24T21:46:58.717542667Z	202150	0																			
4044	2026-09-24T21:46:58.768034816Z	202201	0																			
4045	2026-09-24T21:46:58.818506041Z	202251	0																			
4046	2026-09-24T21:46:58.867974996Z	202301	0																			
4047	2026-09-24T21:46:58.91849695Z	202351	0																			
4048	2026-09-24T21:46:58.967975759Z	202401	0																			
4049	2026-09-24T21:46:59.018411693Z	202451	0																			
4050	2026-09-24T21:46:59.067902583Z	202500	0																			
4051	2026-09-24T21:46:59.11835222Z	202551	0																			
4052	2026-09-24T21:46:59.167749703Z	202600	0																			
4053	2026-09-24T21:46:59.218205591Z	202651	0																			
4054	2026-09-24T21:46:59.267673932Z	202700	0																			
4055	2026-09-24T21:46:59.318128686Z	202751	0																			
4056	2026-09-24T21:46:59.367572974Z	202800	0																			
4057	2026-09-24T21:46:59.418070017Z	202851	0																			
4058	2026-09-24T21:46:59.468568649Z	202901	0																			
4059	2026-09-24T21:46:59.5180452Z	202951	0																			
4060	2026-09-24T21:46:59.568524655Z	203001	0																			
4061	2026-09-24T21:46:59.618014654Z	203051	0																			
4062	2026-09-24T21:46:59.66849945Z	203101	0																			
4063	2026-09-24T21:46:59.71797967Z	203151	0																			
4064	2026-09-24T21:46:59.768479413Z	203201	0																			
4065	2026-09-24T21:46:59.817957796Z	203251	0																			
4066	2026-09-24T21:46:59.868494479Z	203301	0																			
4067	2026-09-24T21:46:59.917899933Z	203350	0																			
4068	2026-09-24T21:46:59.96835198Z	203401	0																			
4069	2026-09-24T21:47:00.01783186Z	203450	0																			
4070	2026-09-24T21:47:00.068333363Z	203501	0																			
4071	2026-09-24T21:47:00.117824909Z	203550	0																			
4072	2026-09-24T21:47:00.168280948Z	203601	0																			
4073	2026-09-24T21:47:00.217673647Z	203650	0																			
4074	2026-09-24T21:47:00.268158382Z	203701	0																			
4075	2026-09-24T21:47:00.317590255Z	203750	0																			
4076	2026-09-24T21:47:00.368012199Z	203801	0																			
4077	2026-09-24T21:47:00.418440634Z	203851	0																			
4078	2026-09-24T21:47:00.467922067Z	203900	0																			
4079	2026-09-24T21:47:00.518404231Z	203951	0																			
4080	2026-09-24T21:47:00.567896527Z	204000	0																			
4081	2026-09-24T21:47:00.618381489Z	204051	0																			
4082	2026-09-24T21:47:00.667827841Z	204100	0																			
4083	2026-09-24T21:47:00.718343298Z	204151	0																			
4084	2026-09-24T21:47:00.767818561Z	204200	0																			
4085	2026-09-24T21:47:00.818278632Z	204251	0																			
4086	2026-09-24T21:47:00.867770298Z	204300	0																			
4087	2026-09-24T21:47:00.918312614Z	204351	0																			
4088	2026-09-24T21:47:00.967811711Z	204400	0																			
4089	2026-09-24T21:47:01.018336541Z	204451	0																			
4090	2026-09-24T21:47:01.067751934Z	204500	0																			
4091	2026-09-24T21:47:01.118205457Z	204551	0																			
4092	2026-09-24T21:47:01.167736072Z	204600	0																			
4093	2026-09-24T21:47:01.2182024Z	204651	0																			
4094	2026-09-24T21:47:01.267749596Z	204700	0																			
4095	2026-09-24T21:47:01.318202432Z	204751	0																			
4096	2026-09-24T21:47:01.367677427Z	204800	0																			
4097	2026-09-24T21:47:01.418204388Z	204851	0																			
4098	2026-09-24T21:47:01.467733324Z	204900	0																			
4099	2026-09-24T21:47:01.518232431Z	204951	0																			
4100	2026-09-24T21:47:01.567750125Z	205000	0																			
4101	2026-09-24T21:47:01.618276987Z	205051	0																			
4102	2026-09-24T21:47:01.667777771Z	205100	0																			
4103	2026-09-24T21:47:01.718280447Z	205151	0																			
4104	2026-09-24T21:47:01.767806662Z	205200	0																			
4105	2026-09-24T21:47:01.818282208Z	205251	0																			
4106	2026-09-24T21:47:01.867830915Z	205300	0																			
4107	2026-09-24T21:47:01.918368902Z	205351	0																			
4108	2026-09-24T21:47:01.967902213Z	205400	0																			
4109	2026-09-24T21:47:02.018431254Z	205451	0																			
4110	2026-09-24T21:47:02.06790039Z	205500	0																			
4111	2026-09-24T21:47:02.118445681Z	205551	0																			
4112	2026-09-24T21:47:02.167983705Z	205601	0																			
4113	2026-09-24T21:47:02.21849668Z	205651	0																			
4114	2026-09-24T21:47:02.268037134Z	205701	0																			
4115	2026-09-24T21:47:02.318497999Z	205751	0																			
4116	2026-09-24T21:47:02.367995925Z	205801	0																			
4117	2026-09-24T21:47:02.418496723Z	205851	0																			
4118	2026-09-24T21:47:02.467978897Z	205901	0																			
4119	2026-09-24T21:47:02.518417265Z	205951	0																			
4120	2026-09-24T21:47:02.567839742Z	206000	0																			
4121	2026-09-24T21:47:02.618278886Z	206051	0																			
4122	2026-09-24T21:47:02.667753744Z	206100	0																			
4123	2026-09-24T21:47:02.718204658Z	206151	0																			
4124	2026-09-24T21:47:02.767703244Z	206200	0																			
4125	2026-09-24T21:47:02.818196508Z	206251	0																			
4126	2026-09-24T21:47:02.867680745Z	206300	0																			
4127	2026-09-24T21:47:02.918183292Z	206351	0																			
4128	2026-09-24T21:47:02.967687541Z	206400	0																			
4129	2026-09-24T21:47:03.01815652Z	206451	0																			
4130	2026-09-24T21:47:03.067543057Z	206500	0																			
4131	2026-09-24T21:47:03.118033622Z	206551	0																			
4132	2026-09-24T21:47:03.168425876Z	206601	0																			
4133	2026-09-24T21:47:03.217902464Z	206650	0																			
4134	2026-09-24T21:47:03.268409579Z	206701	0																			
4135	2026-09-24T21:47:03.317826591Z	206750	0																			
4136	2026-09-24T21:47:03.368318064Z	206801	0																			
4137	2026-09-24T21:47:03.4178371Z	206850	0																			
4138	2026-09-24T21:47:03.468354689Z	206901	0																			
4139	2026-09-24T21:47:03.517860814Z	206950	0																			
4140	2026-09-24T21:47:03.568369848Z	207001	0																			
4141	2026-09-24T21:47:03.61785937Z	207050	0																			
4142	2026-09-24T21:47:03.668342475Z	207101	0																			
4143	2026-09-24T21:47:03.717749815Z	207150	0																			
4144	2026-09-24T21:47:03.768190385Z	207201	0																			
4145	2026-09-24T21:47:03.817589879Z	207250	0																			
4146	2026-09-24T21:47:03.868031864Z	207301	0																			
4147	2026-09-24T21:47:03.918466468Z	207351	0																			
4148	2026-09-24T21:47:03.967953064Z	207400	0																			
4149	2026-09-24T21:47:04.018446931Z	207451	0																			
4150	2026-09-24T21:47:04.067900969Z	207500	0																			
4151	2026-09-24T21:47:04.118342167Z	207551	0																			
4152	2026-09-24T21:47:04.167837647Z	207600	0																			
4153	2026-09-24T21:47:04.218336566Z	207651	0																			
4154	2026-09-24T21:47:04.267831335Z	207700	0																			
4155	2026-09-24T21:47:04.318265913Z	207751	0																			
4156	2026-09-24T21:47:04.367736271Z	207800	0																			
4157	2026-09-24T21:47:04.418204361Z	207851	0																			
4158	2026-09-24T21:47:04.467673708Z	207900	0																			
4159	2026-09-24T21:47:04.518162962Z	207951	0																			
4160	2026-09-24T21:47:04.567596562Z	208000	0																			
4161	2026-09-24T21:47:04.618086311Z	208051	0																			
4162	2026-09-24T21:47:04.668569626Z	208101	0																			
4163	2026-09-24T21:47:04.718052743Z	208151	0																			
4164	2026-09-24T21:47:04.768487177Z	208201	0																			
4165	2026-09-24T21:47:04.817985827Z	208251	0																			
4166	2026-09-24T21:47:04.868481909Z	208301	0																			
4167	2026-09-24T21:47:04.917970768Z	208351	0																			
4168	2026-09-24T21:47:04.968410902Z	208401	0																			
4169	2026-09-24T21:47:05.017908925Z	208450	0																			
4170	2026-09-24T21:47:05.068355459Z	208501	0																			
4171	2026-09-24T21:47:05.117825563Z	208550	0																			
4172	2026-09-24T21:47:05.168254956Z	208601	0																			
4173	2026-09-24T21:47:05.217673794Z	208650	0																			
4174	2026-09-24T21:47:05.268171662Z	208701	0																			
4175	2026-09-24T21:47:05.31760192Z	208750	0																			
4176	2026-09-24T21:47:05.368089371Z	208801	0																			
4177	2026-09-24T21:47:05.41857901Z	208851	0																			
4178	2026-09-24T21:47:05.468082931Z	208901	0																			
4179	2026-09-24T21:47:05.518574846Z	208951	0																			
4180	2026-09-24T21:47:05.567975018Z	209001	0																			
4181	2026-09-24T21:47:05.618408706Z	209051	0																			
4182	2026-09-24T21:47:05.667868064Z	209100	0																			
4183	2026-09-24T21:47:05.718279762Z	209151	0																			
4184	2026-09-24T21:47:05.767792992Z	209200	0																			
4185	2026-09-24T21:47:05.818296959Z	209251	0																			
4186	2026-09-24T21:47:05.867839672Z	209300	0																			
4187	2026-09-24T21:47:05.918370195Z	209351	0																			
4188	2026-09-24T21:47:05.967825248Z	209400	0																			
4189	2026-09-24T21:47:06.018314518Z	209451	0																			
4190	2026-09-24T21:47:06.067750147Z	209500	0																			
4191	2026-09-24T21:47:06.118256697Z	209551	0																			
4192	2026-09-24T21:47:06.167758865Z	209600	0																			
4193	2026-09-24T21:47:06.218257704Z	209651	0																			
4194	2026-09-24T21:47:06.267753461Z	209700	0																			
4195	2026-09-24T21:47:06.318253101Z	209751	0																			
4196	2026-09-24T21:47:06.367735141Z	209800	0																			
4197	2026-09-24T21:47:06.418238944Z	209851	0																			
4198	2026-09-24T21:47:06.467673965Z	209900	0																			
4199	2026-09-24T21:47:06.518174696Z	209951	0																			
4200	2026-09-24T21:47:06.567589221Z	210000	0																			
4201	2026-09-24T21:47:06.617976166Z	210051	0																			
4202	2026-09-24T21:47:06.668429374Z	210101	0																			
4203	2026-09-24T21:47:06.717922143Z	210150	0																			
4204	2026-09-24T21:47:06.768409549Z	210201	0																			
4205	2026-09-24T21:47:06.817886731Z	210250	0																			
4206	2026-09-24T21:47:06.86830727Z	210301	0																			
4207	2026-09-24T21:47:06.91781409Z	210350	0																			
4208	2026-09-24T21:47:06.96830934Z	210401	0																			
4209	2026-09-24T21:47:07.017727369Z	210450	0																			
4210	2026-09-24T21:47:07.068204196Z	210501	0																			
4211	2026-09-24T21:47:07.117676341Z	210550	0																			
4212	2026-09-24T21:47:07.168177221Z	210601	0																			
4213	2026-09-24T21:47:07.217563329Z	210650	0																			
4214	2026-09-24T21:47:07.267977964Z	210701	0																			
4215	2026-09-24T21:47:07.318472585Z	210751	0																			
4216	2026-09-24T21:47:07.367902552Z	210800	0																			
4217	2026-09-24T21:47:07.418340457Z	210851	0																			
4218	2026-09-24T21:47:07.467831802Z	210900	0																			
4219	2026-09-24T21:47:07.518334127Z	210951	0																			
4220	2026-09-24T21:47:07.567823472Z	211000	0																			
4221	2026-09-24T21:47:07.618325851Z	211051	0																			
4222	2026-09-24T21:47:07.667753916Z	211100	0																			
4223	2026-09-24T21:47:07.718262224Z	211151	0																			
4224	2026-09-24T21:47:07.767673132Z	211200	0																			
4225	2026-09-24T21:47:07.818160949Z	211251	0																			
4226	2026-09-24T21:47:07.867673576Z	211300	0																			
4227	2026-09-24T21:47:07.918122237Z	211351	0																			
4228	2026-09-24T21:47:07.967575502Z	211400	0																			
4229	2026-09-24T21:47:08.018074873Z	211451	0																			
4230	2026-09-24T21:47:08.068590798Z	211501	0																			
4231	2026-09-24T21:47:08.118116132Z	211551	0																			
4232	2026-09-24T21:47:08.167553273Z	211600	0																			
4233	2026-09-24T21:47:08.218062197Z	211651	0																			
4234	2026-09-24T21:47:08.267539148Z	211700	0																			
4235	2026-09-24T21:47:08.3180358Z	211751	0																			
4236	2026-09-24T21:47:08.368505375Z	211801	0																			
4237	2026-09-24T21:47:08.418032005Z	211851	0																			
4238	2026-09-24T21:47:08.468568832Z	211901	0																			
4239	2026-09-24T21:47:08.518071317Z	211951	0																			
4240	2026-09-24T21:47:08.568558222Z	212001	0																			
4241	2026-09-24T21:47:08.618045774Z	212051	0																			
4242	2026-09-24T21:47:08.66856732Z	212101	0																			
4243	2026-09-24T21:47:08.71805093Z	212151	0																			
4244	2026-09-24T21:47:08.768483827Z	212201	0																			
4245	2026-09-24T21:47:08.817900453Z	212250	0																			
4246	2026-09-24T21:47:08.868436484Z	212301	0																			
4247	2026-09-24T21:47:08.91792689Z	212350	0																			
4248	2026-09-24T21:47:08.968353961Z	212401	0																			
4249	2026-09-24T21:47:09.017824369Z	212450	0																			
4250	2026-09-24T21:47:09.068278936Z	212501	0																			
4251	2026-09-24T21:47:09.117748939Z	212550	0																			
4252	2026-09-24T21:47:09.168181833Z	212601	0																			
4253	2026-09-24T21:47:09.217676787Z	212650	0																			
4254	2026-09-24T21:47:09.268128252Z	212701	0																			
4255	2026-09-24T21:47:09.318579679Z	212751	0																			
4256	2026-09-24T21:47:09.368052181Z	212801	0																			
4257	2026-09-24T21:47:09.418497797Z	212851	0																			
4258	2026-09-24T21:47:09.467970283Z	212901	0																			
4259	2026-09-24T21:47:09.518428577Z	212951	0																			
4260	2026-09-24T21:47:09.56793309Z	213000	0																			
4261	2026-09-24T21:47:09.618424055Z	213051	0																			
4262	2026-09-24T21:47:09.667825288Z	213100	0																			
4263	2026-09-24T21:47:09.718323232Z	213151	0																			
4264	2026-09-24T21:47:09.767827731Z	213200	0																			
4265	2026-09-24T21:47:09.818323306Z	213251	0																			
4266	2026-09-24T21:47:09.867804127Z	213300	0																			
4267	2026-09-24T21:47:09.918254762Z	213351	0																			
4268	2026-09-24T21:47:09.967761506Z	213400	0																			
4269	2026-09-24T21:47:10.018201462Z	213451	0																			
4270	2026-09-24T21:47:10.067580198Z	213500	0																			
4271	2026-09-24T21:47:10.118101211Z	213551	0																			
4272	2026-09-24T21:47:10.16858043Z	213601	0																			
4273	2026-09-24T21:47:10.218078371Z	213651	0																			
4274	2026-09-24T21:47:10.268553783Z	213701	0																			
4275	2026-09-24T21:47:10.317978674Z	213751	0																			
4276	2026-09-24T21:47:10.36842751Z	213801	0																			
4277	2026-09-24T21:47:10.417903145Z	213850	0																			
4278	2026-09-24T21:47:10.468429009Z	213901	0																			
4279	2026-09-24T21:47:10.517885829Z	213950	0																			
4280	2026-09-24T21:47:10.568280379Z	214001	0																			
4281	2026-09-24T21:47:10.617808565Z	214050	0																			
4282	2026-09-24T21:47:10.668278725Z	214101	0																			
4283	2026-09-24T21:47:10.717727475Z	214150	0																			
4284	2026-09-24T21:47:10.768203252Z	214201	0																			
4285	2026-09-24T21:47:10.81765193Z	214250	0																			
4286	2026-09-24T21:47:10.868087432Z	214301	0																			
4287	2026-09-24T21:47:10.918493737Z	214351	0																			
4288	2026-09-24T21:47:10.967900993Z	214400	0																			
4289	2026-09-24T21:47:11.018352489Z	214451	0																			
4290	2026-09-24T21:47:11.067757448Z	214500	0																			
4291	2026-09-24T21:47:11.118202968Z	214551	0																			
4292	2026-09-24T21:47:11.167698942Z	214600	0																			
4293	2026-09-24T21:47:11.218126364Z	214651	0																			
4294	2026-09-24T21:47:11.268562103Z	214701	0																			
4295	2026-09-24T21:47:11.318058813Z	214751	0																			
4296	2026-09-24T21:47:11.368490985Z	214801	0																			
4297	2026-09-24T21:47:11.417975878Z	214851	0																			
4298	2026-09-24T21:47:11.468488256Z	214901	0																			
4299	2026-09-24T21:47:11.517971458Z	214951	0																			
4300	2026-09-24T21:47:11.568464197Z	215001	0																			
4301	2026-09-24T21:47:11.617899946Z	215050	0																			
4302	2026-09-24T21:47:11.668406995Z	215101	0																			
4303	2026-09-24T21:47:11.717903524Z	215150	0																			
4304	2026-09-24T21:47:11.768428745Z	215201	0																			
4305	2026-09-24T21:47:11.817952304Z	215250	0																			
4306	2026-09-24T21:47:11.868412405Z	215301	0																			
4307	2026-09-24T21:47:11.917864467Z	215350	0																			
4308	2026-09-24T21:47:11.968284749Z	215401	0																			
4309	2026-09-24T21:47:12.017674601Z	215450	0																			
4310	2026-09-24T21:47:12.06816289Z	215501	0																			
4311	2026-09-24T21:47:12.117557242Z	215550	0																			
4312	2026-09-24T21:47:12.168053165Z	215601	0																			
4313	2026-09-24T21:47:12.218549049Z	215651	0																			
4314	2026-09-24T21:47:12.268057766Z	215701	0																			
4315	2026-09-24T21:47:12.318498347Z	215751	0																			
4316	2026-09-24T21:47:12.368008548Z	215801	0																			
4317	2026-09-24T21:47:12.418495996Z	215851	0																			
4318	2026-09-24T21:47:12.467977734Z	215901	0																			
4319	2026-09-24T21:47:12.518414569Z	215951	0																			
4320	2026-09-24T21:47:12.567909433Z	216000	0																			
4321	2026-09-24T21:47:12.618339488Z	216051	0																			
4322	2026-09-24T21:47:12.66783071Z	216100	0																			
4323	2026-09-24T21:47:12.71836829Z	216151	0																			
4324	2026-09-24T21:47:12.767872597Z	216200	0																			
4325	2026-09-24T21:47:12.818294084Z	216251	0																			
4326	2026-09-24T21:47:12.867826655Z	216300	0																			
4327	2026-09-24T21:47:12.918339252Z	216351	0																			
4328	2026-09-24T21:47:12.967821224Z	216400	0																			
4329	2026-09-24T21:47:13.018315651Z	216451	0																			
4330	2026-09-24T21:47:13.067829367Z	216500	0																			
4331	2026-09-24T21:47:13.118343123Z	216551	0																			
4332	2026-09-24T21:47:13.167849352Z	216600	0																			
4333	2026-09-24T21:47:13.218336187Z	216651	0																			
4334	2026-09-24T21:47:13.267751956Z	216700	0																			
4335	2026-09-24T21:47:13.31818434Z	216751	0																			
4336	2026-09-24T21:47:13.367660429Z	216800	0																			
4337	2026-09-24T21:47:13.418052874Z	216851	0																			
4338	2026-09-24T21:47:13.46855218Z	216901	0																			
4339	2026-09-24T21:47:13.518053401Z	216951	0																			
4340	2026-09-24T21:47:13.5685628Z	217001	0																			
4341	2026-09-24T21:47:13.618043889Z	217051	0																			
4342	2026-09-24T21:47:13.668523692Z	217101	0																			
4343	2026-09-24T21:47:13.717989025Z	217151	0																			
4344	2026-09-24T21:47:13.768483218Z	217201	0																			
4345	2026-09-24T21:47:13.817955754Z	217251	0																			
4346	2026-09-24T21:47:13.868436295Z	217301	0																			
4347	2026-09-24T21:47:13.917909058Z	217350	0																			
4348	2026-09-24T21:47:13.968415551Z	217401	0																			
4349	2026-09-24T21:47:14.017825162Z	217450	0																			
4350	2026-09-24T21:47:14.068280273Z	217501	0																			
4351	2026-09-24T21:47:14.117776645Z	217550	0																			
4352	2026-09-24T21:47:14.168261758Z	217601	0																			
4353	2026-09-24T21:47:14.217754187Z	217650	0																			
4354	2026-09-24T21:47:14.268235676Z	217701	0																			
4355	2026-09-24T21:47:14.317771891Z	217750	0																			
4356	2026-09-24T21:47:14.368262684Z	217801	0																			
4357	2026-09-24T21:47:14.417828947Z	217850	0																			
4358	2026-09-24T21:47:14.468276109Z	217901	0																			
4359	2026-09-24T21:47:14.517708859Z	217950	0																			
4360	2026-09-24T21:47:14.56820052Z	218001	0																			
4361	2026-09-24T21:47:14.61767624Z	218050	0																			
4362	2026-09-24T21:47:14.6681258Z	218101	0																			
4363	2026-09-24T21:47:14.718554341Z	218151	0																			
4364	2026-09-24T21:47:14.768031998Z	218201	0																			
4365	2026-09-24T21:47:14.818540532Z	218251	0																			
4366	2026-09-24T21:47:14.867978891Z	218301	0																			
4367	2026-09-24T21:47:14.91849647Z	218351	0																			
4368	2026-09-24T21:47:14.967975884Z	218401	0																			
4369	2026-09-24T21:47:15.018413498Z	218451	0																			
4370	2026-09-24T21:47:15.067836889Z	218500	0																			
4371	2026-09-24T21:47:15.11835313Z	218551	0																			
4372	2026-09-24T21:47:15.167827889Z	218600	0																			
4373	2026-09-24T21:47:15.218352583Z	218651	0																			
4374	2026-09-24T21:47:15.267827312Z	218700	0																			
4375	2026-09-24T21:47:15.318266793Z	218751	0																			
4376	2026-09-24T21:47:15.367702824Z	218800	0																			
4377	2026-09-24T21:47:15.418203869Z	218851	0																			
4378	2026-09-24T21:47:15.467676759Z	218900	0																			
4379	2026-09-24T21:47:15.518138267Z	218951	0																			
4380	2026-09-24T21:47:15.568579467Z	219001	0																			
4381	2026-09-24T21:47:15.617978283Z	219051	0																			
4382	2026-09-24T21:47:15.668429389Z	219101	0																			
4383	2026-09-24T21:47:15.717868724Z	219150	0																			
4384	2026-09-24T21:47:15.768303193Z	219201	0																			
4385	2026-09-24T21:47:15.817750951Z	219250	0																			
4386	2026-09-24T21:47:15.86826488Z	219301	0																			
4387	2026-09-24T21:47:15.91773558Z	219350	0																			
4388	2026-09-24T21:47:15.968204796Z	219401	0																			
4389	2026-09-24T21:47:16.017584113Z	219450	0																			
4390	2026-09-24T21:47:16.067975687Z	219501	0																			
4391	2026-09-24T21:47:16.118409891Z	219551	0																			
4392	2026-09-24T21:47:16.167827833Z	219600	0																			
4393	2026-09-24T21:47:16.218267331Z	219651	0																			
4394	2026-09-24T21:47:16.267676203Z	219700	0																			
4395	2026-09-24T21:47:16.318180603Z	219751	0																			
4396	2026-09-24T21:47:16.367558486Z	219800	0																			
4397	2026-09-24T21:47:16.418055393Z	219851	0																			
4398	2026-09-24T21:47:16.468501879Z	219901	0																			
4399	2026-09-24T21:47:16.517899247Z	219950	0																			
4400	2026-09-24T21:47:16.568353645Z	220001	0																			
4401	2026-09-24T21:47:16.618557927Z	220051	0																			
4402	2026-09-24T21:47:16.668041155Z	220101	0																			
4403	2026-09-24T21:47:16.718498762Z	220151	0																			
4404	2026-09-24T21:47:16.767984483Z	220201	0																			
4405	2026-09-24T21:47:16.818498695Z	220251	0																			
4406	2026-09-24T21:47:16.867909462Z	220300	0																			
4407	2026-09-24T21:47:16.918429329Z	220351	0																			
4408	2026-09-24T21:47:16.967900664Z	220400	0																			
4409	2026-09-24T21:47:17.018353913Z	220451	0																			
4410	2026-09-24T21:47:17.067847075Z	220500	0																			
4411	2026-09-24T21:47:17.118333747Z	220551	0																			
4412	2026-09-24T21:47:17.167751855Z	220600	0																			
4413	2026-09-24T21:47:17.218201485Z	220651	0																			
4414	2026-09-24T21:47:17.267573899Z	220700	0																			
4415	2026-09-24T21:47:17.317976911Z	220751	0																			
4416	2026-09-24T21:47:17.368412318Z	220801	0																			
4417	2026-09-24T21:47:17.417886806Z	220850	0																			
4418	2026-09-24T21:47:17.468353974Z	220901	0																			
4419	2026-09-24T21:47:17.517804736Z	220950	0																			
4420	2026-09-24T21:47:17.568305092Z	221001	0																			
4421	2026-09-24T21:47:17.617792145Z	221050	0																			
4422	2026-09-24T21:47:17.668278638Z	221101	0																			
4423	2026-09-24T21:47:17.717749792Z	221150	0																			
4424	2026-09-24T21:47:17.768247365Z	221201	0																			
4425	2026-09-24T21:47:17.817684554Z	221250	0																			
4426	2026-09-24T21:47:17.868130354Z	221301	0																			
4427	2026-09-24T21:47:17.91857811Z	221351	0																			
4428	2026-09-24T21:47:17.968050494Z	221401	0																			
4429	2026-09-24T21:47:18.018495921Z	221451	0																			
4430	2026-09-24T21:47:18.067919373Z	221500	0																			
4431	2026-09-24T21:47:18.1183528Z	221551	0																			
4432	2026-09-24T21:47:18.167752975Z	221600	0																			
4433	2026-09-24T21:47:18.218200995Z	221651	0																			
4434	2026-09-24T21:47:18.267676648Z	221700	0																			
4435	2026-09-24T21:47:18.318165267Z	221751	0																			
4436	2026-09-24T21:47:18.367558526Z	221800	0																			
4437	2026-09-24T21:47:18.418061644Z	221851	0																			
4438	2026-09-24T21:47:18.468558083Z	221901	0																			
4439	2026-09-24T21:47:18.517975464Z	221951	0																			
4440	2026-09-24T21:47:18.568426409Z	222001	0																			
4441	2026-09-24T21:47:18.617902528Z	222050	0																			
4442	2026-09-24T21:47:18.66839977Z	222101	0																			
4443	2026-09-24T21:47:18.7179102Z	222150	0																			
4444	2026-09-24T21:47:18.768407008Z	222201	0																			
4445	2026-09-24T21:47:18.817902371Z	222250	0																			
4446	2026-09-24T21:47:18.868363691Z	222301	0																			
4447	2026-09-24T21:47:18.917828728Z	222350	0																			
4448	2026-09-24T21:47:18.968279393Z	222401	0																			
4449	2026-09-24T21:47:19.017673886Z	222450	0																			
4450	2026-09-24T21:47:19.068127296Z	222501	0																			
4451	2026-09-24T21:47:19.118560316Z	222551	0																			
4452	2026-09-24T21:47:19.167976046Z	222601	0																			
4453	2026-09-24T21:47:19.218417697Z	222651	0																			
4454	2026-09-24T21:47:19.26793117Z	222700	0																			
4455	2026-09-24T21:47:19.318423272Z	222751	0																			
4456	2026-09-24T21:47:19.367825412Z	222800	0																			
4457	2026-09-24T21:47:19.41827746Z	222851	0																			
4458	2026-09-24T21:47:19.467770866Z	222900	0																			
4459	2026-09-24T21:47:19.518200609Z	222951	0																			
4460	2026-09-24T21:47:19.567676787Z	223000	0																			
4461	2026-09-24T21:47:19.61816897Z	223051	0																			
4462	2026-09-24T21:47:19.667594527Z	223100	0																			
4463	2026-09-24T21:47:19.717993248Z	223151	0																			
4464	2026-09-24T21:47:19.76842791Z	223201	0																			
4465	2026-09-24T21:47:19.817884174Z	223250	0																			
4466	2026-09-24T21:47:19.868346678Z	223301	0																			
4467	2026-09-24T21:47:19.917818823Z	223350	0																			
4468	2026-09-24T21:47:19.968307396Z	223401	0																			
4469	2026-09-24T21:47:20.017799475Z	223450	0																			
4470	2026-09-24T21:47:20.068278422Z	223501	0																			
4471	2026-09-24T21:47:20.117801543Z	223550	0																			
4472	2026-09-24T21:47:20.168333424Z	223601	0																			
4473	2026-09-24T21:47:20.21776801Z	223650	0																			
4474	2026-09-24T21:47:20.268201119Z	223701	0																			
4475	2026-09-24T21:47:20.317706762Z	223750	0																			
4476	2026-09-24T21:47:20.368137132Z	223801	0																			
4477	2026-09-24T21:47:20.417594219Z	223850	0																			
4478	2026-09-24T21:47:20.46804872Z	223901	0																			
4479	2026-09-24T21:47:20.518499459Z	223951	0																			
4480	2026-09-24T21:47:20.567996849Z	224001	0																			
4481	2026-09-24T21:47:20.618500016Z	224051	0																			
4482	2026-09-24T21:47:20.667954941Z	224100	0																			
4483	2026-09-24T21:47:20.718427788Z	224151	0																			
4484	2026-09-24T21:47:20.76786975Z	224200	0																			
4485	2026-09-24T21:47:20.818365833Z	224251	0																			
4486	2026-09-24T21:47:20.867802224Z	224300	0																			
4487	2026-09-24T21:47:20.918268475Z	224351	0																			
4488	2026-09-24T21:47:20.967698829Z	224400	0																			
4489	2026-09-24T21:47:21.018132509Z	224451	0																			
4490	2026-09-24T21:47:21.067556515Z	224500	0																			
4491	2026-09-24T21:47:21.117974537Z	224551	0																			
4492	2026-09-24T21:47:21.16843344Z	224601	0																			
4493	2026-09-24T21:47:21.218039941Z	224651	0																			
4494	2026-09-24T21:47:21.268504468Z	224701	0																			
4495	2026-09-24T21:47:21.317977378Z	224751	0																			
4496	2026-09-24T21:47:21.368487643Z	224801	0																			
4497	2026-09-24T21:47:21.41798062Z	224851	0																			
4498	2026-09-24T21:47:21.468419099Z	224901	0																			
4499	2026-09-24T21:47:21.517824953Z	224950	0																			
4500	2026-09-24T21:47:21.568321066Z	225001	0																			
4501	2026-09-24T21:47:21.617832611Z	225050	0																			
4502	2026-09-24T21:47:21.668279245Z	225101	0																			
4503	2026-09-24T21:47:21.717677043Z	225150	0																			
4504	2026-09-24T21:47:21.768172708Z	225201	0																			
4505	2026-09-24T21:47:21.817672703Z	225250	0																			
4506	2026-09-24T21:47:21.86810648Z	225301	0																			
4507	2026-09-24T21:47:21.918588137Z	225351	0																			
4508	2026-09-24T21:47:21.968101573Z	225401	0																			
4509	2026-09-24T21:47:22.018551635Z	225451	0																			
4510	2026-09-24T21:47:22.06806352Z	225501	0																			
4511	2026-09-24T21:47:22.11850183Z	225551	0																			
4512	2026-09-24T21:47:22.167928814Z	225600	0																			
4513	2026-09-24T21:47:22.218402428Z	225651	0																			
4514	2026-09-24T21:47:22.267882978Z	225700	0																			
4515	2026-09-24T21:47:22.318357954Z	225751	0																			
4516	2026-09-24T21:47:22.367816165Z	225800	0																			
4517	2026-09-24T21:47:22.418278107Z	225851	0																			
4518	2026-09-24T21:47:22.46775178Z	225900	0																			
4519	2026-09-24T21:47:22.518256083Z	225951	0																			
4520	2026-09-24T21:47:22.567761288Z	226000	0																			
4521	2026-09-24T21:47:22.618277276Z	226051	0																			
4522	2026-09-24T21:47:22.667787768Z	226100	0																			
4523	2026-09-24T21:47:22.718354111Z	226151	0																			
4524	2026-09-24T21:47:22.767816039Z	226200	0																			
4525	2026-09-24T21:47:22.818266513Z	226251	0																			
4526	2026-09-24T21:47:22.86767423Z	226300	0																			
4527	2026-09-24T21:47:22.918183568Z	226351	0																			
4528	2026-09-24T21:47:22.967676939Z	226400	0																			
4529	2026-09-24T21:47:23.018158416Z	226451	0																			
4530	2026-09-24T21:47:23.067578514Z	226500	0																			
4531	2026-09-24T21:47:23.118039893Z	226551	0																			
4532	2026-09-24T21:47:23.168429488Z	226601	0																			
4533	2026-09-24T21:47:23.217824397Z	226650	0																			
4534	2026-09-24T21:47:23.268330982Z	226701	0																			
4535	2026-09-24T21:47:23.31780564Z	226750	0																			
4536	2026-09-24T21:47:23.368279309Z	226801	0																			
4537	2026-09-24T21:47:23.417782209Z	226850	0																			
4538	2026-09-24T21:47:23.468318676Z	226901	0																			
4539	2026-09-24T21:47:23.517825741Z	226950	0																			
4540	2026-09-24T21:47:23.568352494Z	227001	0																			
4541	2026-09-24T21:47:23.6179106Z	227050	0																			
4542	2026-09-24T21:47:23.668482479Z	227101	0																			
4543	2026-09-24T21:47:23.717605985Z	227150	0																			
4544	2026-09-24T21:47:23.768205439Z	227201	0																			
4545	2026-09-24T21:47:23.817758979Z	227250	0																			
4546	2026-09-24T21:47:23.868367889Z	227301	0																			
4547	2026-09-24T21:47:23.917970761Z	227351	0																			
4548	2026-09-24T21:47:23.968482994Z	227401	0																			
4549	2026-09-24T21:47:24.018057536Z	227451	0																			
4550	2026-09-24T21:47:24.068567455Z	227501	0																			
4551	2026-09-24T21:47:24.117976709Z	227551	0																			
4552	2026-09-24T21:47:24.168428906Z	227601	0																			
4553	2026-09-24T21:47:24.217932221Z	227650	0																			
4554	2026-09-24T21:47:24.268417513Z	227701	0																			
4555	2026-09-24T21:47:24.317929341Z	227750	0																			
4556	2026-09-24T21:47:24.368416507Z	227801	0																			
4557	2026-09-24T21:47:24.417827132Z	227850	0																			
4558	2026-09-24T21:47:24.468255949Z	227901	0																			
4559	2026-09-24T21:47:24.517746695Z	227950	0																			
4560	2026-09-24T21:47:24.568230851Z	228001	0																			
4561	2026-09-24T21:47:24.617691273Z	228050	0																			
4562	2026-09-24T21:47:24.668177161Z	228101	0																			
4563	2026-09-24T21:47:24.717694022Z	228150	0																			
4564	2026-09-24T21:47:24.7682039Z	228201	0																			
4565	2026-09-24T21:47:24.817736168Z	228250	0																			
4566	2026-09-24T21:47:24.868182607Z	228301	0																			
4567	2026-09-24T21:47:24.917728693Z	228350	0																			
4568	2026-09-24T21:47:24.968192021Z	228401	0																			
4569	2026-09-24T21:47:25.017674217Z	228450	0																			
4570	2026-09-24T21:47:25.068188879Z	228501	0																			
4571	2026-09-24T21:47:25.117708815Z	228550	0																			
4572	2026-09-24T21:47:25.168203674Z	228601	0																			
4573	2026-09-24T21:47:25.217674296Z	228650	0																			
4574	2026-09-24T21:47:25.268119035Z	228701	0																			
4575	2026-09-24T21:47:25.318606523Z	228751	0																			
4576	2026-09-24T21:47:25.368101429Z	228801	0																			
4577	2026-09-24T21:47:25.418498407Z	228851	0																			
4578	2026-09-24T21:47:25.467882785Z	228900	0																			
4579	2026-09-24T21:47:25.518277826Z	228951	0																			
4580	2026-09-24T21:47:25.567750623Z	229000	0																			
4581	2026-09-24T21:47:25.61820505Z	229051	0																			
4582	2026-09-24T21:47:25.667581209Z	229100	0																			
4583	2026-09-24T21:47:25.71806012Z	229151	0																			
4584	2026-09-24T21:47:25.768564601Z	229201	0																			
4585	2026-09-24T21:47:25.818067457Z	229251	0																			
4586	2026-09-24T21:47:25.868508036Z	229301	0																			
4587	2026-09-24T21:47:25.917977931Z	229351	0																			
4588	2026-09-24T21:47:25.968474972Z	229401	0																			
4589	2026-09-24T21:47:26.017900279Z	229450	0																			
4590	2026-09-24T21:47:26.068343152Z	229501	0																			
4591	2026-09-24T21:47:26.11782699Z	229550	0																			
4592	2026-09-24T21:47:26.168323859Z	229601	0																			
4593	2026-09-24T21:47:26.217802897Z	229650	0																			
4594	2026-09-24T21:47:26.2682787Z	229701	0																			
4595	2026-09-24T21:47:26.317773444Z	229750	0																			
4596	2026-09-24T21:47:26.368280109Z	229801	0																			
4597	2026-09-24T21:47:26.41778125Z	229850	0																			
4598	2026-09-24T21:47:26.468229077Z	229901	0																			
4599	2026-09-24T21:47:26.517676762Z	229950	0																			
4600	2026-09-24T21:47:26.568175205Z	230001	0																			
4601	2026-09-24T21:47:26.618376799Z	230051	0																			
4602	2026-09-24T21:47:26.667855054Z	230100	0																			
4603	2026-09-24T21:47:26.718276913Z	230151	0																			
4604	2026-09-24T21:47:26.76767612Z	230200	0																			
4605	2026-09-24T21:47:26.818169739Z	230251	0																			
4606	2026-09-24T21:47:26.86759125Z	230300	0																			
4607	2026-09-24T21:47:26.918055391Z	230351	0																			
4608	2026-09-24T21:47:26.968556791Z	230401	0																			
4609	2026-09-24T21:47:27.018051119Z	230451	0																			
4610	2026-09-24T21:47:27.068544498Z	230501	0																			
4611	2026-09-24T21:47:27.117975371Z	230551	0																			
4612	2026-09-24T21:47:27.168405475Z	230601	0																			
4613	2026-09-24T21:47:27.217876604Z	230650	0																			
4614	2026-09-24T21:47:27.268356758Z	230701	0																			
4615	2026-09-24T21:47:27.317824948Z	230750	0																			
4616	2026-09-24T21:47:27.368337916Z	230801	0																			
4617	2026-09-24T21:47:27.417819684Z	230850	0																			
4618	2026-09-24T21:47:27.468279848Z	230901	0																			
4619	2026-09-24T21:47:27.517821385Z	230950	0																			
4620	2026-09-24T21:47:27.568332431Z	231001	0																			
4621	2026-09-24T21:47:27.617752979Z	231050	0																			
4622	2026-09-24T21:47:27.668195541Z	231101	0																			
4623	2026-09-24T21:47:27.717576709Z	231150	0																			
4624	2026-09-24T21:47:27.768053067Z	231201	0																			
4625	2026-09-24T21:47:27.818507896Z	231251	0																			
4626	2026-09-24T21:47:27.868003476Z	231301	0																			
4627	2026-09-24T21:47:27.918498717Z	231351	0																			
4628	2026-09-24T21:47:27.967976042Z	231401	0																			
4629	2026-09-24T21:47:28.018429619Z	231451	0																			
4630	2026-09-24T21:47:28.067903079Z	231500	0																			
4631	2026-09-24T21:47:28.118337495Z	231551	0																			
4632	2026-09-24T21:47:28.167752028Z	231600	0																			
4633	2026-09-24T21:47:28.218201827Z	231651	0																			
4634	2026-09-24T21:47:28.26769763Z	231700	0																			
4635	2026-09-24T21:47:28.318195932Z	231751	0																			
4636	2026-09-24T21:47:28.367677473Z	231800	0																			
4637	2026-09-24T21:47:28.418127808Z	231851	0																			
4638	2026-09-24T21:47:28.46756145Z	231900	0																			
4639	2026-09-24T21:47:28.518053561Z	231951	0																			
4640	2026-09-24T21:47:28.568484614Z	232001	0																			
4641	2026-09-24T21:47:28.617902038Z	232050	0																			
4642	2026-09-24T21:47:28.668336812Z	232101	0																			
4643	2026-09-24T21:47:28.717824816Z	232150	0																			
4644	2026-09-24T21:47:28.768307613Z	232201	0																			
4645	2026-09-24T21:47:28.817752581Z	232250	0																			
4646	2026-09-24T21:47:28.868247148Z	232301	0																			
4647	2026-09-24T21:47:28.917736794Z	232350	0																			
4648	2026-09-24T21:47:28.968153161Z	232401	0																			
4649	2026-09-24T21:47:29.018578967Z	232451	0																			
4650	2026-09-24T21:47:29.068052308Z	232501	0																			
4651	2026-09-24T21:47:29.118503217Z	232551	0																			
4652	2026-09-24T21:47:29.167978281Z	232601	0																			
4653	2026-09-24T21:47:29.218407055Z	232651	0																			
4654	2026-09-24T21:47:29.267904237Z	232700	0																			
4655	2026-09-24T21:47:29.318415433Z	232751	0																			
4656	2026-09-24T21:47:29.367901305Z	232800	0																			
4657	2026-09-24T21:47:29.418404483Z	232851	0																			
4658	2026-09-24T21:47:29.467826295Z	232900	0																			
4659	2026-09-24T21:47:29.518333053Z	232951	0																			
4660	2026-09-24T21:47:29.567827526Z	233000	0																			
4661	2026-09-24T21:47:29.61827654Z	233051	0																			
4662	2026-09-24T21:47:29.667752215Z	233100	0																			
4663	2026-09-24T21:47:29.718278634Z	233151	0																			
4664	2026-09-24T21:47:29.767781283Z	233200	0																			
4665	2026-09-24T21:47:29.818281378Z	233251	0																			
4666	2026-09-24T21:47:29.867766231Z	233300	0																			
4667	2026-09-24T21:47:29.9182022Z	233351	0																			
4668	2026-09-24T21:47:29.967674821Z	233400	0																			
4669	2026-09-24T21:47:30.018114089Z	233451	0																			
4670	2026-09-24T21:47:30.06754595Z	233500	0																			
4671	2026-09-24T21:47:30.118043869Z	233551	0																			
4672	2026-09-24T21:47:30.168502023Z	233601	0																			
4673	2026-09-24T21:47:30.217903672Z	233650	0																			
4674	2026-09-24T21:47:30.268386656Z	233701	0																			
4675	2026-09-24T21:47:30.317884673Z	233750	0																			
4676	2026-09-24T21:47:30.368304465Z	233801	0																			
4677	2026-09-24T21:47:30.417800814Z	233850	0																			
4678	2026-09-24T21:47:30.468263649Z	233901	0																			
4679	2026-09-24T21:47:30.517676773Z	233950	0																			
4680	2026-09-24T21:47:30.568168612Z	234001	0																			
4681	2026-09-24T21:47:30.617560847Z	234050	0																			
4682	2026-09-24T21:47:30.668073939Z	234101	0																			
4683	2026-09-24T21:47:30.718499817Z	234151	0																			
4684	2026-09-24T21:47:30.767985214Z	234201	0																			
4685	2026-09-24T21:47:30.818487366Z	234251	0																			
4686	2026-09-24T21:47:30.867979528Z	234301	0																			
4687	2026-09-24T21:47:30.918448437Z	234351	0																			
4688	2026-09-24T21:47:30.967925981Z	234400	0																			
4689	2026-09-24T21:47:31.018361821Z	234451	0																			
4690	2026-09-24T21:47:31.067855256Z	234500	0																			
4691	2026-09-24T21:47:31.118336507Z	234551	0																			
4692	2026-09-24T21:47:31.167814969Z	234600	0																			
4693	2026-09-24T21:47:31.218277271Z	234651	0																			
4694	2026-09-24T21:47:31.267762867Z	234700	0																			
4695	2026-09-24T21:47:31.318257596Z	234751	0																			
4696	2026-09-24T21:47:31.367749097Z	234800	0																			
4697	2026-09-24T21:47:31.418249186Z	234851	0																			
4698	2026-09-24T21:47:31.467749691Z	234900	0																			
4699	2026-09-24T21:47:31.518257951Z	234951	0																			
4700	2026-09-24T21:47:31.567676163Z	235000	0																			
4701	2026-09-24T21:47:31.618119245Z	235051	0																			
4702	2026-09-24T21:47:31.667556235Z	235100	0																			
4703	2026-09-24T21:47:31.718052145Z	235151	0																			
4704	2026-09-24T21:47:31.7685451Z	235201	0																			
4705	2026-09-24T21:47:31.818059317Z	235251	0																			
4706	2026-09-24T21:47:31.868500035Z	235301	0																			
4707	2026-09-24T21:47:31.917985211Z	235351	0																			
4708	2026-09-24T21:47:31.968500827Z	235401	0																			
4709	2026-09-24T21:47:32.017978264Z	235451	0																			
4710	2026-09-24T21:47:32.06849589Z	235501	0																			
4711	2026-09-24T21:47:32.117975437Z	235551	0																			
4712	2026-09-24T21:47:32.16847855Z	235601	0																			
4713	2026-09-24T21:47:32.217976201Z	235651	0																			
4714	2026-09-24T21:47:32.268490661Z	235701	0																			
4715	2026-09-24T21:47:32.317976922Z	235751	0																			
4716	2026-09-24T21:47:32.368494994Z	235801	0																			
4717	2026-09-24T21:47:32.417968917Z	235851	0																			
4718	2026-09-24T21:47:32.468480728Z	235901	0																			
4719	2026-09-24T21:47:32.517902209Z	235950	0																			
4720	2026-09-24T21:47:32.568352927Z	236001	0																			
4721	2026-09-24T21:47:32.617749272Z	236050	0																			
4722	2026-09-24T21:47:32.668180119Z	236101	0																			
4723	2026-09-24T21:47:32.717656006Z	236150	0																			
4724	2026-09-24T21:47:32.768148887Z	236201	0																			
4725	2026-09-24T21:47:32.818549349Z	236251	0																			
4726	2026-09-24T21:47:32.867976595Z	236301	0																			
4727	2026-09-24T21:47:32.918468307Z	236351	0																			
4728	2026-09-24T21:47:32.967963336Z	236401	0																			
4729	2026-09-24T21:47:33.018427419Z	236451	0																			
4730	2026-09-24T21:47:33.067902432Z	236500	0																			
4731	2026-09-24T21:47:33.118398117Z	236551	0																			
4732	2026-09-24T21:47:33.167877522Z	236600	0																			
4733	2026-09-24T21:47:33.218286976Z	236651	0																			
4734	2026-09-24T21:47:33.267670756Z	236700	0																			
4735	2026-09-24T21:47:33.318117687Z	236751	0																			
4736	2026-09-24T21:47:33.367542378Z	236800	0																			
4737	2026-09-24T21:47:33.417977639Z	236851	0																			
4738	2026-09-24T21:47:33.468406434Z	236901	0																			
4739	2026-09-24T21:47:33.517887153Z	236950	0																			
4740	2026-09-24T21:47:33.568331824Z	237001	0																			
4741	2026-09-24T21:47:33.61780253Z	237050	0																			
4742	2026-09-24T21:47:33.668276639Z	237101	0																			
4743	2026-09-24T21:47:33.717771696Z	237150	0																			
4744	2026-09-24T21:47:33.768278478Z	237201	0																			
4745	2026-09-24T21:47:33.817800114Z	237250	0																			
4746	2026-09-24T21:47:33.868283736Z	237301	0																			
4747	2026-09-24T21:47:33.917734472Z	237350	0																			
4748	2026-09-24T21:47:33.968215771Z	237401	0																			
4749	2026-09-24T21:47:34.017705644Z	237450	0																			
4750	2026-09-24T21:47:34.068204744Z	237501	0																			
4751	2026-09-24T21:47:34.117678879Z	237550	0																			
4752	2026-09-24T21:47:34.168174237Z	237601	0																			
4753	2026-09-24T21:47:34.217673902Z	237650	0																			
4754	2026-09-24T21:47:34.268177657Z	237701	0																			
4755	2026-09-24T21:47:34.317686463Z	237750	0																			
4756	2026-09-24T21:47:34.368182309Z	237801	0																			
4757	2026-09-24T21:47:34.417687719Z	237850	0																			
4758	2026-09-24T21:47:34.468125914Z	237901	0																			
4759	2026-09-24T21:47:34.51756388Z	237950	0																			
4760	2026-09-24T21:47:34.568057501Z	238001	0																			
4761	2026-09-24T21:47:34.618556042Z	238051	0																			
4762	2026-09-24T21:47:34.668053867Z	238101	0																			
4763	2026-09-24T21:47:34.718556557Z	238151	0																			
4764	2026-09-24T21:47:34.768073244Z	238201	0																			
4765	2026-09-24T21:47:34.818557788Z	238251	0																			
4766	2026-09-24T21:47:34.868055525Z	238301	0																			
4767	2026-09-24T21:47:34.918571342Z	238351	0																			
4768	2026-09-24T21:47:34.967974975Z	238401	0																			
4769	2026-09-24T21:47:35.018461409Z	238451	0																			
4770	2026-09-24T21:47:35.06790085Z	238500	0																			
4771	2026-09-24T21:47:35.118351883Z	238551	0																			
4772	2026-09-24T21:47:35.16783911Z	238600	0																			
4773	2026-09-24T21:47:35.218331302Z	238651	0																			
4774	2026-09-24T21:47:35.267831558Z	238700	0																			
4775	2026-09-24T21:47:35.318255972Z	238751	0																			
4776	2026-09-24T21:47:35.367750278Z	238800	0																			
4777	2026-09-24T21:47:35.418286373Z	238851	0																			
4778	2026-09-24T21:47:35.46777068Z	238900	0																			
4779	2026-09-24T21:47:35.518203276Z	238951	0																			
4780	2026-09-24T21:47:35.567676192Z	239000	0																			
4781	2026-09-24T21:47:35.618129109Z	239051	0																			
4782	2026-09-24T21:47:35.668565374Z	239101	0																			
4783	2026-09-24T21:47:35.717977419Z	239151	0																			
4784	2026-09-24T21:47:35.768438852Z	239201	0																			
4785	2026-09-24T21:47:35.817947553Z	239250	0																			
4786	2026-09-24T21:47:35.868435866Z	239301	0																			
4787	2026-09-24T21:47:35.917900468Z	239350	0																			
4788	2026-09-24T21:47:35.968394433Z	239401	0																			
4789	2026-09-24T21:47:36.017824763Z	239450	0																			
4790	2026-09-24T21:47:36.0682785Z	239501	0																			
4791	2026-09-24T21:47:36.117749115Z	239550	0																			
4792	2026-09-24T21:47:36.168201401Z	239601	0																			
4793	2026-09-24T21:47:36.217707114Z	239650	0																			
4794	2026-09-24T21:47:36.26820064Z	239701	0																			
4795	2026-09-24T21:47:36.317683842Z	239750	0																			
4796	2026-09-24T21:47:36.368179636Z	239801	0																			
4797	2026-09-24T21:47:36.41768845Z	239850	0																			
4798	2026-09-24T21:47:36.468184011Z	239901	0																			
4799	2026-09-24T21:47:36.517669896Z	239950	0																			
4800	2026-09-24T21:47:36.568205037Z	240001	0																			
4801	2026-09-24T21:47:36.618354116Z	240051	0																			
4802	2026-09-24T21:47:36.667826963Z	240100	0																			
4803	2026-09-24T21:47:36.718330244Z	240151	0																			
4804	2026-09-24T21:47:36.76777084Z	240200	0																			
4805	2026-09-24T21:47:36.818259748Z	240251	0																			
4806	2026-09-24T21:47:36.867738956Z	240300	0																			
4807	2026-09-24T21:47:36.918203538Z	240351	0																			
4808	2026-09-24T21:47:36.967730731Z	240400	0																			
4809	2026-09-24T21:47:37.018314319Z	240451	0																			
4810	2026-09-24T21:47:37.067852397Z	240500	0																			
4811	2026-09-24T21:47:37.118466699Z	240551	0																			
4812	2026-09-24T21:47:37.168038365Z	240601	0																			
4813	2026-09-24T21:47:37.21849696Z	240651	0																			
4814	2026-09-24T21:47:37.267959299Z	240701	0																			
4815	2026-09-24T21:47:37.318433966Z	240751	0																			
4816	2026-09-24T21:47:37.368152722Z	240801	0																			
