sample	timestamp	elapsed_ms	service	available	cpu_pct	cpu_host_pct	cpu_user_pct	cpu_system_pct	memory_current_bytes	memory_pct_of_host	memory_peak_bytes	io_read_bytes_per_sec	io_write_bytes_per_sec	tasks_current
0	2026-09-25T04:45:14.469737964Z	0	isuconquest.go.service	1	0.000000	0.000000	0.000000	0.000000	578650112	14.916570	578908160	0.000000	0.000000	8
0	2026-09-25T04:45:14.469737964Z	0	nginx.service	0	0.000000	0.000000	0.000000	0.000000	0	0.000000	0	0.000000	0.000000	0
0	2026-09-25T04:45:14.469737964Z	0	mysql.service	1	0.000000	0.000000	0.000000	0.000000	2007650304	51.753651	2512388096	0.000000	0.000000	57
1	2026-09-25T04:45:15.47951034Z	1009	isuconquest.go.service	1	0.072095	0.036048	0.068035	0.004159	578650112	14.916570	578908160	0.000000	0.000000	8
1	2026-09-25T04:45:15.47951034Z	1009	nginx.service	0	0.000000	0.000000	0.000000	0.000000	0	0.000000	0	0.000000	0.000000	0
1	2026-09-25T04:45:15.47951034Z	1009	mysql.service	1	0.465055	0.232528	0.458321	0.006635	2007670784	51.754179	2512388096	0.000000	0.000000	57
2	2026-09-25T04:45:16.479911873Z	2010	isuconquest.go.service	1	18.376222	9.188111	17.959090	0.417133	579596288	14.940961	579686400	0.000000	0.000000	9
2	2026-09-25T04:45:16.479911873Z	2010	nginx.service	0	0.000000	0.000000	0.000000	0.000000	0	0.000000	0	0.000000	0.000000	0
2	2026-09-25T04:45:16.479911873Z	2010	mysql.service	1	1.187523	0.593762	1.145840	0.041783	2007674880	51.754285	2512388096	0.000000	0.000000	57
3	2026-09-25T04:45:17.479519406Z	3009	isuconquest.go.service	1	1.167658	0.583829	0.743492	0.424066	579878912	14.948246	579997696	0.000000	0.000000	9
3	2026-09-25T04:45:17.479519406Z	3009	nginx.service	0	0.000000	0.000000	0.000000	0.000000	0	0.000000	0	0.000000	0.000000	0
3	2026-09-25T04:45:17.479519406Z	3009	mysql.service	1	1.075922	0.537961	0.682868	0.392954	2007674880	51.754285	2512388096	0.000000	0.000000	57
4	2026-09-25T04:45:18.479430672Z	4009	isuconquest.go.service	1	1.067595	0.533797	0.695762	0.371833	580112384	14.954265	580231168	0.000000	0.000000	9
4	2026-09-25T04:45:18.479430672Z	4009	nginx.service	0	0.000000	0.000000	0.000000	0.000000	0	0.000000	0	0.000000	0.000000	0
4	2026-09-25T04:45:18.479430672Z	4009	mysql.service	1	0.977487	0.488743	0.866177	0.111310	2007674880	51.754285	2512388096	0.000000	0.000000	57
5	2026-09-25T04:45:19.480124356Z	5010	isuconquest.go.service	1	1.018194	0.509097	1.005902	0.012291	580100096	14.953948	580337664	0.000000	0.000000	9
5	2026-09-25T04:45:19.480124356Z	5010	nginx.service	0	0.000000	0.000000	0.000000	0.000000	0	0.000000	0	0.000000	0.000000	0
5	2026-09-25T04:45:19.480124356Z	5010	mysql.service	1	0.994310	0.497155	0.881089	0.113321	2007674880	51.754285	2512388096	0.000000	4093.160648	57
6	2026-09-25T04:45:20.47942006Z	6009	isuconquest.go.service	1	1.023921	0.511961	0.631345	0.392576	580100096	14.953948	580366336	0.000000	0.000000	9
6	2026-09-25T04:45:20.47942006Z	6009	nginx.service	0	0.000000	0.000000	0.000000	0.000000	0	0.000000	0	0.000000	0.000000	0
6	2026-09-25T04:45:20.47942006Z	6009	mysql.service	1	1.024722	0.512361	0.908040	0.116682	2007674880	51.754285	2512388096	0.000000	0.000000	57
7	2026-09-25T04:45:21.479418344Z	7009	isuconquest.go.service	1	1.058402	0.529201	0.640401	0.418001	580100096	14.953948	580366336	0.000000	0.000000	9
7	2026-09-25T04:45:21.479418344Z	7009	nginx.service	0	0.000000	0.000000	0.000000	0.000000	0	0.000000	0	0.000000	0.000000	0
7	2026-09-25T04:45:21.479418344Z	7009	mysql.service	1	1.032102	0.516051	0.914502	0.117500	2007674880	51.754285	2512388096	0.000000	0.000000	57
8	2026-09-25T04:45:22.479423506Z	8009	isuconquest.go.service	1	2.813585	1.406793	2.338588	0.474998	582942720	15.027226	583077888	98303.491869	0.000000	12
8	2026-09-25T04:45:22.479423506Z	8009	nginx.service	0	0.000000	0.000000	0.000000	0.000000	0	0.000000	0	0.000000	0.000000	0
8	2026-09-25T04:45:22.479423506Z	8009	mysql.service	1	25.686267	12.843134	22.691783	2.994585	2009853952	51.810458	2512388096	2138100.948156	2531314.915633	57
9	2026-09-25T04:45:23.479519978Z	9009	isuconquest.go.service	1	5.870434	2.935217	3.937920	1.932514	617865216	15.927466	618704896	17041812.163840	0.000000	12
9	2026-09-25T04:45:23.479519978Z	9009	nginx.service	0	0.000000	0.000000	0.000000	0.000000	0	0.000000	0	0.000000	0.000000	0
9	2026-09-25T04:45:23.479519978Z	9009	mysql.service	1	23.425040	11.712520	20.760997	2.663943	2012442624	51.877189	2512388096	36860.444478	19863683.968908	57
10	2026-09-25T04:45:24.479438963Z	10009	isuconquest.go.service	1	8.551693	4.275846	8.168162	0.383531	617897984	15.928310	618704896	0.000000	0.000000	13
10	2026-09-25T04:45:24.479438963Z	10009	nginx.service	0	0.000000	0.000000	0.000000	0.000000	0	0.000000	0	0.000000	0.000000	0
10	2026-09-25T04:45:24.479438963Z	10009	mysql.service	1	95.226514	47.613257	92.217271	3.009344	2033725440	52.425822	2512388096	16385.327408	33647269.832624	57
11	2026-09-25T04:45:25.479441409Z	11009	isuconquest.go.service	1	7.962380	3.981190	7.962380	0.000000	618049536	15.932217	618704896	0.000000	0.000000	13
11	2026-09-25T04:45:25.479441409Z	11009	nginx.service	0	0.000000	0.000000	0.000000	0.000000	0	0.000000	0	0.000000	0.000000	0
11	2026-09-25T04:45:25.479441409Z	11009	mysql.service	1	94.779665	47.389833	86.857485	7.922180	2053312512	52.930742	2512388096	20479.949230	35753895.366093	57
12	2026-09-25T04:45:26.479426539Z	12009	isuconquest.go.service	1	6.764001	3.382000	6.764001	0.000000	617897984	15.928310	618704896	0.000000	0.000000	13
12	2026-09-25T04:45:26.479426539Z	12009	nginx.service	0	0.000000	0.000000	0.000000	0.000000	0	0.000000	0	0.000000	0.000000	0
12	2026-09-25T04:45:26.479426539Z	12009	mysql.service	1	89.462934	44.731467	86.043883	3.418951	2070458368	53.372732	2512388096	16384.244305	36389406.602442	57
13	2026-09-25T04:45:27.479424194Z	13009	isuconquest.go.service	1	8.554320	4.277160	6.219615	2.334805	634912768	16.366921	635006976	16777255.275555	0.000000	13
13	2026-09-25T04:45:27.479424194Z	13009	nginx.service	0	0.000000	0.000000	0.000000	0.000000	0	0.000000	0	0.000000	0.000000	0
13	2026-09-25T04:45:27.479424194Z	13009	mysql.service	1	86.077702	43.038851	79.852987	6.224715	2087297024	53.806802	2512388096	16384.038355	37449815.670018	57
14	2026-09-25T04:45:28.479433947Z	14009	isuconquest.go.service	1	6.661635	3.330818	6.244539	0.417096	634761216	16.363014	635105280	0.000000	0.000000	13
14	2026-09-25T04:45:28.479433947Z	14009	nginx.service	0	0.000000	0.000000	0.000000	0.000000	0	0.000000	0	0.000000	0.000000	0
14	2026-09-25T04:45:28.479433947Z	14009	mysql.service	1	94.539478	47.269739	90.337119	4.202359	2106867712	54.311300	2512388096	16383.840192	39734908.425703	57
15	2026-09-25T04:45:29.479424296Z	15009	isuconquest.go.service	1	8.281380	4.140690	7.513473	0.767807	634814464	16.364387	635105280	0.000000	0.000000	13
15	2026-09-25T04:45:29.479424296Z	15009	nginx.service	0	0.000000	0.000000	0.000000	0.000000	0	0.000000	0	0.000000	0.000000	0
15	2026-09-25T04:45:29.479424296Z	15009	mysql.service	1	93.137599	46.568799	90.456473	2.681226	2127261696	54.837020	2512388096	8192.079070	47858125.926631	57
16	2026-09-25T04:45:30.479421903Z	16009	isuconquest.go.service	1	6.873016	3.436508	6.390415	0.482601	634765312	16.363120	635105280	0.000000	0.000000	13
16	2026-09-25T04:45:30.479421903Z	16009	nginx.service	0	0.000000	0.000000	0.000000	0.000000	0	0.000000	0	0.000000	0.000000	0
16	2026-09-25T04:45:30.479421903Z	16009	mysql.service	1	81.915596	40.957798	76.739583	5.176012	2144661504	55.285556	2512388096	0.000000	44044393.133966	57
17	2026-09-25T04:45:31.479730438Z	17009	isuconquest.go.service	1	7.525178	3.762589	6.702032	0.823246	651841536	16.803315	652161024	16772040.165177	0.000000	13
17	2026-09-25T04:45:31.479730438Z	17009	nginx.service	0	0.000000	0.000000	0.000000	0.000000	0	0.000000	0	0.000000	0.000000	0
17	2026-09-25T04:45:31.479730438Z	17009	mysql.service	1	80.734186	40.367093	76.418817	4.315368	2151804928	55.469701	2512388096	0.000000	45377868.435179	57
18	2026-09-25T04:45:32.479429016Z	18009	isuconquest.go.service	1	7.525969	3.762985	7.508364	0.017605	651841536	16.803315	652161024	0.000000	0.000000	13
18	2026-09-25T04:45:32.479429016Z	18009	nginx.service	0	0.000000	0.000000	0.000000	0.000000	0	0.000000	0	0.000000	0.000000	0
18	2026-09-25T04:45:32.479429016Z	18009	mysql.service	1	89.584009	44.792004	85.880692	3.703216	2156990464	55.603375	2512388096	0.000000	50023145.478130	57
19	2026-09-25T04:45:33.479432971Z	19009	isuconquest.go.service	1	6.552274	3.276137	6.038476	0.513698	651841536	16.803315	652161024	0.000000	0.000000	13
19	2026-09-25T04:45:33.479432971Z	19009	nginx.service	0	0.000000	0.000000	0.000000	0.000000	0	0.000000	0	0.000000	0.000000	0
19	2026-09-25T04:45:33.479432971Z	19009	mysql.service	1	86.295959	43.147980	82.737474	3.558486	2161238016	55.712869	2512388096	0.000000	53853995.492134	57
20	2026-09-25T04:45:34.479844113Z	20010	isuconquest.go.service	1	5.731943	2.865972	5.270733	0.461210	651849728	16.803526	652161024	0.000000	0.000000	13
20	2026-09-25T04:45:34.479844113Z	20010	nginx.service	0	0.000000	0.000000	0.000000	0.000000	0	0.000000	0	0.000000	0.000000	0
20	2026-09-25T04:45:34.479844113Z	20010	mysql.service	1	59.935257	29.967629	55.150224	4.785033	2165374976	55.819513	2512388096	0.000000	65979911.765458	57
21	2026-09-25T04:45:35.479425077Z	21009	isuconquest.go.service	1	7.327971	3.663985	6.137172	1.190899	668643328	17.236435	668909568	16784249.221441	0.000000	13
21	2026-09-25T04:45:35.479425077Z	21009	nginx.service	0	0.000000	0.000000	0.000000	0.000000	0	0.000000	0	0.000000	0.000000	0
21	2026-09-25T04:45:35.479425077Z	21009	mysql.service	1	75.228423	37.614212	72.385632	2.842791	2168504320	55.900182	2512388096	8195.434190	56380489.511183	57
22	2026-09-25T04:45:36.479475745Z	22009	isuconquest.go.service	1	7.814604	3.907302	7.295030	0.519474	668651520	17.236646	669179904	0.000000	0.000000	13
22	2026-09-25T04:45:36.479475745Z	22009	nginx.service	0	0.000000	0.000000	0.000000	0.000000	0	0.000000	0	0.000000	0.000000	0
22	2026-09-25T04:45:36.479475745Z	22009	mysql.service	1	84.404924	42.202462	78.093544	6.311380	2173501440	56.028999	2512388096	4095.792503	49362491.246831	57
23	2026-09-25T04:45:37.47974387Z	23010	isuconquest.go.service	1	6.092267	3.046133	6.092267	0.000000	668655616	17.236752	669179904	0.000000	0.000000	13
23	2026-09-25T04:45:37.47974387Z	23010	nginx.service	0	0.000000	0.000000	0.000000	0.000000	0	0.000000	0	0.000000	0.000000	0
23	2026-09-25T04:45:37.47974387Z	23010	mysql.service	1	70.334942	35.167471	66.397297	3.937744	2177499136	56.132052	2512388096	0.000000	64580700.493422	57
24	2026-09-25T04:45:38.479426731Z	24009	isuconquest.go.service	1	9.872531	4.936265	9.054471	0.818059	677896192	17.474957	678203392	9239410.131093	0.000000	13
24	2026-09-25T04:45:38.479426731Z	24009	nginx.service	0	0.000000	0.000000	0.000000	0.000000	0	0.000000	0	0.000000	0.000000	0
24	2026-09-25T04:45:38.479426731Z	24009	mysql.service	1	93.037405	46.518703	86.905161	6.132145	2183876608	56.296452	2512388096	4097.299393	55555282.468951	57
25	2026-09-25T04:45:39.479428256Z	25009	isuconquest.go.service	1	9.370485	4.685243	8.882286	0.488199	677896192	17.474957	678203392	0.000000	0.000000	13
25	2026-09-25T04:45:39.479428256Z	25009	nginx.service	0	0.000000	0.000000	0.000000	0.000000	0	0.000000	0	0.000000	0.000000	0
25	2026-09-25T04:45:39.479428256Z	25009	mysql.service	1	93.678551	46.839276	91.340055	2.338496	2190241792	56.460535	2512388096	0.000000	45469623.703298	57
26	2026-09-25T04:45:40.479448739Z	26009	isuconquest.go.service	1	10.416287	5.208144	3.296533	7.119855	700559360	18.059173	700788736	20201059.575168	0.000000	13
26	2026-09-25T04:45:40.479448739Z	26009	nginx.service	0	0.000000	0.000000	0.000000	0.000000	0	0.000000	0	0.000000	0.000000	0
26	2026-09-25T04:45:40.479448739Z	26009	mysql.service	1	74.031389	37.015694	70.137068	3.894420	2192359424	56.515124	2512388096	32767.331022	49032214.958299	57
27	2026-09-25T04:45:41.480129754Z	27010	isuconquest.go.service	1	2.019125	1.009562	1.614700	0.404425	700559360	18.059173	700788736	0.000000	0.000000	13
27	2026-09-25T04:45:41.480129754Z	27010	nginx.service	0	0.000000	0.000000	0.000000	0.000000	0	0.000000	0	0.000000	0.000000	0
27	2026-09-25T04:45:41.480129754Z	27010	mysql.service	1	108.131961	54.065980	105.011486	3.120375	2192359424	56.515124	2512388096	0.000000	36089854.267896	57
28	2026-09-25T04:45:42.479426595Z	28009	isuconquest.go.service	1	59.496536	29.748268	55.449590	4.046946	699928576	18.042913	700788736	0.000000	0.000000	10
28	2026-09-25T04:45:42.479426595Z	28009	nginx.service	0	0.000000	0.000000	0.000000	0.000000	0	0.000000	0	0.000000	0.000000	0
28	2026-09-25T04:45:42.479426595Z	28009	mysql.service	1	105.138329	52.569165	102.223079	2.915250	2192543744	56.519875	2512388096	0.000000	39279587.913596	57
29	2026-09-25T04:45:43.479427979Z	29009	isuconquest.go.service	1	88.728777	44.364388	76.680294	12.048483	771145728	19.878764	771198976	0.000000	0.000000	10
29	2026-09-25T04:45:43.479427979Z	29009	nginx.service	0	0.000000	0.000000	0.000000	0.000000	0	0.000000	0	0.000000	0.000000	0
29	2026-09-25T04:45:43.479427979Z	29009	mysql.service	1	102.334658	51.167329	100.184461	2.150297	2189574144	56.443324	2512388096	0.000000	17272808.025342	57
30	2026-09-25T04:45:44.479398161Z	30009	isuconquest.go.service	1	103.458185	51.729093	97.587210	5.870975	794992640	20.493495	795234304	0.000000	0.000000	10
30	2026-09-25T04:45:44.479398161Z	30009	nginx.service	0	0.000000	0.000000	0.000000	0.000000	0	0.000000	0	0.000000	0.000000	0
30	2026-09-25T04:45:44.479398161Z	30009	mysql.service	1	89.646173	44.823087	89.180359	0.465714	2182176768	56.252633	2512388096	0.000000	6557891.562884	57
31	2026-09-25T04:45:45.479522918Z	31009	isuconquest.go.service	1	87.450389	43.725195	79.128228	8.322162	806072320	20.779110	809062400	0.000000	0.000000	10
31	2026-09-25T04:45:45.479522918Z	31009	nginx.service	0	0.000000	0.000000	0.000000	0.000000	0	0.000000	0	0.000000	0.000000	0
31	2026-09-25T04:45:45.479522918Z	31009	mysql.service	1	101.175677	50.587838	100.474264	0.701412	2178760704	56.164573	2512388096	0.000000	10750658.704817	57
32	2026-09-25T04:45:46.479428414Z	32009	isuconquest.go.service	1	88.049022	44.024511	81.297684	6.751238	877461504	22.619396	877506560	0.000000	0.000000	10
32	2026-09-25T04:45:46.479428414Z	32009	nginx.service	0	0.000000	0.000000	0.000000	0.000000	0	0.000000	0	0.000000	0.000000	0
32	2026-09-25T04:45:46.479428414Z	32009	mysql.service	1	101.408484	50.704242	97.899353	3.509132	2154696704	55.544246	2512388096	0.000000	10892293.452439	57
33	2026-09-25T04:45:47.479429417Z	33009	isuconquest.go.service	1	122.621577	61.310788	118.408481	4.213196	892211200	22.999617	892440576	0.000000	0.000000	10
33	2026-09-25T04:45:47.479429417Z	33009	nginx.service	0	0.000000	0.000000	0.000000	0.000000	0	0.000000	0	0.000000	0.000000	0
33	2026-09-25T04:45:47.479429417Z	33009	mysql.service	1	65.808934	32.904467	64.703035	1.105899	2147667968	55.363058	2512388096	4095.995879	6561785.398844	57
34	2026-09-25T04:45:48.479446981Z	34009	isuconquest.go.service	1	94.978132	47.489066	83.781729	11.196303	959688704	24.739067	959688704	122877.842142	42990861.037489	10
34	2026-09-25T04:45:48.479446981Z	34009	nginx.service	0	0.000000	0.000000	0.000000	0.000000	0	0.000000	0	0.000000	0.000000	0
34	2026-09-25T04:45:48.479446981Z	34009	mysql.service	1	62.358505	31.179252	61.635618	0.722987	2147500032	55.358729	2512388096	0.000000	6565772.698466	57
35	2026-09-25T04:45:49.479428822Z	35009	isuconquest.go.service	1	131.591889	65.795945	119.617572	11.974317	1140654080	29.404032	1140654080	0.000000	81180098.068221	10
35	2026-09-25T04:45:49.479428822Z	35009	nginx.service	0	0.000000	0.000000	0.000000	0.000000	0	0.000000	0	0.000000	0.000000	0
35	2026-09-25T04:45:49.479428822Z	35009	mysql.service	1	2.273041	1.136521	2.156239	0.116702	2099474432	54.120714	2512388096	0.000000	73835836.711123	57
36	2026-09-25T04:45:50.479675497Z	36009	isuconquest.go.service	1	128.398827	64.199414	109.323633	19.075195	1240338432	31.973717	1250365440	8189.979745	125445919.753191	10
36	2026-09-25T04:45:50.479675497Z	36009	nginx.service	0	0.000000	0.000000	0.000000	0.000000	0	0.000000	0	0.000000	0.000000	0
36	2026-09-25T04:45:50.479675497Z	36009	mysql.service	1	3.216007	1.608003	2.310530	0.905477	2043731968	52.683773	2512388096	507778.744186	6564268.765567	57
37	2026-09-25T04:45:51.480295905Z	37010	isuconquest.go.service	1	1.308988	0.654494	1.265815	0.043273	1235570688	31.850813	1250365440	0.000000	0.000000	10
37	2026-09-25T04:45:51.480295905Z	37010	nginx.service	0	0.000000	0.000000	0.000000	0.000000	0	0.000000	0	0.000000	0.000000	0
37	2026-09-25T04:45:51.480295905Z	37010	mysql.service	1	3.856407	1.928204	2.561011	1.295496	2043736064	52.683878	2512388096	4093.460380	36059292.490405	57
38	2026-09-25T04:45:52.479684586Z	38009	isuconquest.go.service	1	1.218145	0.609072	0.850120	0.367925	1230987264	31.732661	1250365440	0.000000	0.000000	10
38	2026-09-25T04:45:52.479684586Z	38009	nginx.service	0	0.000000	0.000000	0.000000	0.000000	0	0.000000	0	0.000000	0.000000	0
38	2026-09-25T04:45:52.479684586Z	38009	mysql.service	1	1.509523	0.754761	1.340219	0.169303	2043736064	52.683878	2512388096	0.000000	6561707.263514	57
39	2026-09-25T04:45:53.479501059Z	39009	isuconquest.go.service	1	1.146210	0.573105	1.082699	0.063512	1230991360	31.732766	1250365440	0.000000	0.000000	10
39	2026-09-25T04:45:53.479501059Z	39009	nginx.service	0	0.000000	0.000000	0.000000	0.000000	0	0.000000	0	0.000000	0.000000	0
39	2026-09-25T04:45:53.479501059Z	39009	mysql.service	1	1.433863	0.716932	1.433863	0.000000	2043736064	52.683878	2512388096	0.000000	6558899.774552	57
40	2026-09-25T04:45:54.479422128Z	40009	isuconquest.go.service	1	1.127089	0.563544	0.698455	0.428634	1231122432	31.736145	1250365440	0.000000	0.000000	10
40	2026-09-25T04:45:54.479422128Z	40009	nginx.service	0	0.000000	0.000000	0.000000	0.000000	0	0.000000	0	0.000000	0.000000	0
40	2026-09-25T04:45:54.479422128Z	40009	mysql.service	1	1.559223	0.779612	1.453815	0.105308	2043736064	52.683878	2512388096	0.000000	6558213.613568	57
41	2026-09-25T04:45:55.479426754Z	41009	isuconquest.go.service	1	1.211594	0.605797	0.810096	0.401498	1230995456	31.732872	1250365440	0.000000	0.000000	10
41	2026-09-25T04:45:55.479426754Z	41009	nginx.service	0	0.000000	0.000000	0.000000	0.000000	0	0.000000	0	0.000000	0.000000	0
41	2026-09-25T04:45:55.479426754Z	41009	mysql.service	1	1.658392	0.829196	1.472493	0.185899	2043867136	52.687257	2512388096	0.000000	6557665.710142	57
42	2026-09-25T04:45:56.479422018Z	42009	isuconquest.go.service	1	12.544859	6.272430	9.119343	3.425616	1232187392	31.763598	1250365440	0.000000	696323.292217	10
42	2026-09-25T04:45:56.479422018Z	42009	nginx.service	0	0.000000	0.000000	0.000000	0.000000	0	0.000000	0	0.000000	0.000000	0
42	2026-09-25T04:45:56.479422018Z	42009	mysql.service	1	1.679408	0.839704	1.264606	0.414802	2043736064	52.683878	2512388096	0.000000	6557727.004933	57
43	2026-09-25T04:45:57.479420722Z	43009	isuconquest.go.service	1	14.043018	7.021509	10.433413	3.609605	1233108992	31.787355	1250365440	0.000000	864257.114892	10
43	2026-09-25T04:45:57.479420722Z	43009	nginx.service	0	0.000000	0.000000	0.000000	0.000000	0	0.000000	0	0.000000	0.000000	0
43	2026-09-25T04:45:57.479420722Z	43009	mysql.service	1	1.749402	0.874701	1.599302	0.150100	2043850752	52.686835	2512388096	114688.147948	6557704.459439	57
44	2026-09-25T04:45:58.479422934Z	44009	isuconquest.go.service	1	15.924965	7.962482	12.432173	3.492792	1234251776	31.816814	1250365440	0.000000	1032189.728150	10
44	2026-09-25T04:45:58.479422934Z	44009	nginx.service	0	0.000000	0.000000	0.000000	0.000000	0	0.000000	0	0.000000	0.000000	0
44	2026-09-25T04:45:58.479422934Z	44009	mysql.service	1	1.845396	0.922698	1.684596	0.160900	2043850752	52.686835	2512388096	0.000000	6557681.566543	57
45	2026-09-25T04:45:59.47941973Z	45009	isuconquest.go.service	1	16.281552	8.140776	12.832341	3.449211	1235423232	31.847012	1250365440	0.000000	1155075.699707	10
45	2026-09-25T04:45:59.47941973Z	45009	nginx.service	0	0.000000	0.000000	0.000000	0.000000	0	0.000000	0	0.000000	0.000000	0
45	2026-09-25T04:45:59.47941973Z	45009	mysql.service	1	1.670005	0.835003	1.620605	0.049300	2043850752	52.686835	2512388096	0.000000	6557717.004368	57
46	2026-09-25T04:46:00.479422839Z	46009	isuconquest.go.service	1	16.920046	8.460023	12.281861	4.638185	1236553728	31.876154	1250365440	0.000000	1081340.574313	10
46	2026-09-25T04:46:00.479422839Z	46009	nginx.service	0	0.000000	0.000000	0.000000	0.000000	0	0.000000	0	0.000000	0.000000	0
46	2026-09-25T04:46:00.479422839Z	46009	mysql.service	1	2.199493	1.099747	2.044994	0.154500	2043858944	52.687046	2512388096	16383.948096	6574059.173381	57
47	2026-09-25T04:46:01.479430129Z	47009	isuconquest.go.service	1	18.403767	9.201883	12.583309	5.820358	1237938176	31.911843	1250365440	0.000000	1232887.086226	10
47	2026-09-25T04:46:01.479430129Z	47009	nginx.service	0	0.000000	0.000000	0.000000	0.000000	0	0.000000	0	0.000000	0.000000	0
47	2026-09-25T04:46:01.479430129Z	47009	mysql.service	1	5.798358	2.899179	3.607874	2.190584	2043858944	52.687046	2512388096	0.000000	49647257.050332	57
48	2026-09-25T04:46:02.480200824Z	48010	isuconquest.go.service	1	16.168738	8.084369	11.903225	4.265612	1239101440	31.941830	1250365440	0.000000	1125532.486832	10
48	2026-09-25T04:46:02.480200824Z	48010	nginx.service	0	0.000000	0.000000	0.000000	0.000000	0	0.000000	0	0.000000	0.000000	0
48	2026-09-25T04:46:02.480200824Z	48010	mysql.service	1	1.855270	0.927635	1.739259	0.116011	2043858944	52.687046	2512388096	0.000000	6552645.496063	57
49	2026-09-25T04:46:03.479430151Z	49009	isuconquest.go.service	1	15.499846	7.749923	10.678430	4.821416	1240178688	31.969599	1250365440	0.000000	1061682.275689	10
49	2026-09-25T04:46:03.479430151Z	49009	nginx.service	0	0.000000	0.000000	0.000000	0.000000	0	0.000000	0	0.000000	0.000000	0
49	2026-09-25T04:46:03.479430151Z	49009	mysql.service	1	1.771665	0.885833	1.619048	0.152518	2043858944	52.687046	2512388096	0.000000	6562754.144315	57
50	2026-09-25T04:46:04.480179759Z	50010	isuconquest.go.service	1	17.280645	8.640323	12.538100	4.742545	1237733376	31.906563	1250365440	0.000000	1166485.514972	10
50	2026-09-25T04:46:04.480179759Z	50010	nginx.service	0	0.000000	0.000000	0.000000	0.000000	0	0.000000	0	0.000000	0.000000	0
50	2026-09-25T04:46:04.480179759Z	50010	mysql.service	1	1.779966	0.889983	1.580415	0.199650	2041274368	52.620420	2512388096	0.000000	6552783.541998	57
51	2026-09-25T04:46:05.479422025Z	51009	isuconquest.go.service	1	18.391237	9.195618	12.088561	6.302676	1244471296	32.080255	1250365440	0.000000	1143650.657324	10
51	2026-09-25T04:46:05.479422025Z	51009	nginx.service	0	0.000000	0.000000	0.000000	0.000000	0	0.000000	0	0.000000	0.000000	0
51	2026-09-25T04:46:05.479422025Z	51009	mysql.service	1	1.930163	0.965081	1.805868	0.124294	2041278464	52.620526	2512388096	0.000000	6562669.184145	57
52	2026-09-25T04:46:06.479403886Z	52009	isuconquest.go.service	1	59.114668	29.557334	42.505568	16.609100	1240338432	31.973717	1250365440	0.000000	4034632.921955	10
52	2026-09-25T04:46:06.479403886Z	52009	nginx.service	0	0.000000	0.000000	0.000000	0.000000	0	0.000000	0	0.000000	0.000000	0
52	2026-09-25T04:46:06.479403886Z	52009	mysql.service	1	2.298242	1.149121	1.084320	1.213822	2038820864	52.557173	2512388096	4096.074032	6557814.525940	57
53	2026-09-25T04:46:07.479420159Z	53009	isuconquest.go.service	1	96.539435	48.269717	82.236467	14.302868	1102983168	28.432943	1250365440	0.000000	5029806.456778	10
53	2026-09-25T04:46:07.479420159Z	53009	nginx.service	0	0.000000	0.000000	0.000000	0.000000	0	0.000000	0	0.000000	0.000000	0
53	2026-09-25T04:46:07.479420159Z	53009	mysql.service	1	2.170665	1.085332	1.290079	0.880586	2036494336	52.497199	2512388096	0.000000	6557589.688356	57
54	2026-09-25T04:46:08.479440717Z	54009	isuconquest.go.service	1	66.856826	33.428413	46.235050	20.621776	1108004864	28.562393	1250365440	0.000000	5009305.038744	10
54	2026-09-25T04:46:08.479440717Z	54009	nginx.service	0	0.000000	0.000000	0.000000	0.000000	0	0.000000	0	0.000000	0.000000	0
54	2026-09-25T04:46:08.479440717Z	54009	mysql.service	1	2.076357	1.038179	2.027658	0.048699	2036494336	52.497199	2512388096	0.000000	6557561.215887	57
55	2026-09-25T04:46:09.479468632Z	55009	isuconquest.go.service	1	65.414974	32.707487	47.672769	17.742305	1113296896	28.698812	1250365440	0.000000	5259117.191744	10
55	2026-09-25T04:46:09.479468632Z	55009	nginx.service	0	0.000000	0.000000	0.000000	0.000000	0	0.000000	0	0.000000	0.000000	0
55	2026-09-25T04:46:09.479468632Z	55009	mysql.service	1	1.981445	0.990722	1.486858	0.494686	2036494336	52.497199	2512388096	0.000000	6557512.947026	57
56	2026-09-25T04:46:10.479434838Z	56009	isuconquest.go.service	1	95.636832	47.818416	76.488585	19.148247	1022853120	26.367333	1250365440	0.000000	4923558.401503	10
56	2026-09-25T04:46:10.479434838Z	56009	nginx.service	0	0.000000	0.000000	0.000000	0.000000	0	0.000000	0	0.000000	0.000000	0
56	2026-09-25T04:46:10.479434838Z	56009	mysql.service	1	2.651990	1.325995	1.444749	1.207141	2036494336	52.497199	2512388096	16384.553749	6566109.914817	57
57	2026-09-25T04:46:11.47948716Z	57009	isuconquest.go.service	1	72.733894	36.366947	52.426757	20.307137	1025351680	26.431741	1250365440	0.000000	5136115.252769	10
57	2026-09-25T04:46:11.47948716Z	57009	nginx.service	0	0.000000	0.000000	0.000000	0.000000	0	0.000000	0	0.000000	0.000000	0
57	2026-09-25T04:46:11.47948716Z	57009	mysql.service	1	6.665851	3.332926	5.610106	1.055745	2036494336	52.497199	2512388096	0.000000	49120757.756350	57
58	2026-09-25T04:46:12.480015436Z	58010	isuconquest.go.service	1	67.543019	33.771509	50.338507	17.204411	821346304	21.172846	1250365440	0.000000	5010856.879560	10
58	2026-09-25T04:46:12.480015436Z	58010	nginx.service	0	0.000000	0.000000	0.000000	0.000000	0	0.000000	0	0.000000	0.000000	0
58	2026-09-25T04:46:12.480015436Z	58010	mysql.service	1	2.170553	1.085277	1.290418	0.880235	2036494336	52.497199	2512388096	0.000000	6554233.549163	57
59	2026-09-25T04:46:13.479423898Z	59009	isuconquest.go.service	1	97.174683	48.587341	75.509267	21.665516	801349632	20.657367	1250365440	0.000000	4971388.785265	10
59	2026-09-25T04:46:13.479423898Z	59009	nginx.service	0	0.000000	0.000000	0.000000	0.000000	0	0.000000	0	0.000000	0.000000	0
59	2026-09-25T04:46:13.479423898Z	59009	mysql.service	1	2.200702	1.100351	1.270151	0.930550	2036494336	52.497199	2512388096	0.000000	6561577.448647	57
60	2026-09-25T04:46:14.480237312Z	60010	isuconquest.go.service	1	66.447450	33.223725	47.675120	18.772330	767438848	19.783208	1250365440	0.000000	5070819.289103	10
60	2026-09-25T04:46:14.480237312Z	60010	nginx.service	0	0.000000	0.000000	0.000000	0.000000	0	0.000000	0	0.000000	0.000000	0
60	2026-09-25T04:46:14.480237312Z	60010	mysql.service	1	2.045536	1.022768	1.543445	0.502092	2036494336	52.497199	2512388096	0.000000	6552366.167759	57
61	2026-09-25T04:46:15.479542874Z	61009	isuconquest.go.service	1	87.485153	43.742577	68.849412	18.635641	773021696	19.927123	1250365440	0.000000	5025185.689951	10
61	2026-09-25T04:46:15.479542874Z	61009	nginx.service	0	0.000000	0.000000	0.000000	0.000000	0	0.000000	0	0.000000	0.000000	0
61	2026-09-25T04:46:15.479542874Z	61009	mysql.service	1	2.305201	1.152600	1.914429	0.390771	2036498432	52.497305	2512388096	0.000000	6562253.091037	57
62	2026-09-25T04:46:16.479430171Z	62009	isuconquest.go.service	1	77.361020	38.680510	59.234276	18.126843	778268672	20.062381	1250365440	0.000000	5284435.624593	10
62	2026-09-25T04:46:16.479430171Z	62009	nginx.service	0	0.000000	0.000000	0.000000	0.000000	0	0.000000	0	0.000000	0.000000	0
62	2026-09-25T04:46:16.479430171Z	62009	mysql.service	1	2.219650	1.109825	1.651986	0.567564	2036494336	52.497199	2512388096	0.000000	6558435.220909	57
63	2026-09-25T04:46:17.479828784Z	63010	isuconquest.go.service	1	51.441894	25.720947	35.568722	15.873073	783769600	20.204185	1250365440	0.000000	5420943.109079	10
63	2026-09-25T04:46:17.479828784Z	63010	nginx.service	0	0.000000	0.000000	0.000000	0.000000	0	0.000000	0	0.000000	0.000000	0
63	2026-09-25T04:46:17.479828784Z	63010	mysql.service	1	2.102162	1.051081	1.547983	0.554279	2036494336	52.497199	2512388096	0.000000	6555083.019362	57
64	2026-09-25T04:46:18.479420182Z	64009	isuconquest.go.service	1	53.076187	26.538093	39.261742	13.814445	789610496	20.354753	1250365440	0.000000	5720353.319205	10
64	2026-09-25T04:46:18.479420182Z	64009	nginx.service	0	0.000000	0.000000	0.000000	0.000000	0	0.000000	0	0.000000	0.000000	0
64	2026-09-25T04:46:18.479420182Z	64009	mysql.service	1	2.141675	1.070838	1.993515	0.148060	2036494336	52.497199	2512388096	0.000000	6560376.550177	57
65	2026-09-25T04:46:19.479537953Z	65009	isuconquest.go.service	1	85.047084	42.523542	72.047615	12.999569	795418624	20.504476	1250365440	0.000000	5668196.484841	10
65	2026-09-25T04:46:19.479537953Z	65009	nginx.service	0	0.000000	0.000000	0.000000	0.000000	0	0.000000	0	0.000000	0.000000	0
65	2026-09-25T04:46:19.479537953Z	65009	mysql.service	1	2.085754	1.042877	1.214657	0.871097	2036494336	52.497199	2512388096	0.000000	6556923.823866	57
66	2026-09-25T04:46:20.479497874Z	66009	isuconquest.go.service	1	50.747634	25.373817	36.862677	13.884957	800911360	20.646069	1250365440	0.000000	5808360.799101	10
66	2026-09-25T04:46:20.479497874Z	66009	nginx.service	0	0.000000	0.000000	0.000000	0.000000	0	0.000000	0	0.000000	0.000000	0
66	2026-09-25T04:46:20.479497874Z	66009	mysql.service	1	2.042482	1.021241	1.494760	0.547722	2036494336	52.497199	2512388096	0.000000	6766863.215878	57
67	2026-09-25T04:46:21.479424123Z	67009	isuconquest.go.service	1	53.426440	26.713220	34.145818	19.280622	806993920	20.802867	1250365440	0.000000	5480852.185444	10
67	2026-09-25T04:46:21.479424123Z	67009	nginx.service	0	0.000000	0.000000	0.000000	0.000000	0	0.000000	0	0.000000	0.000000	0
67	2026-09-25T04:46:21.479424123Z	67009	mysql.service	1	2.160359	1.080180	2.010048	0.150411	2036494336	52.497199	2512388096	0.000000	6558179.632957	57
68	2026-09-25T04:46:22.479375765Z	68009	isuconquest.go.service	1	57.417573	28.708787	42.630059	14.787414	812888064	20.954807	1250365440	0.000000	5706003.588561	10
68	2026-09-25T04:46:22.479375765Z	68009	nginx.service	0	0.000000	0.000000	0.000000	0.000000	0	0.000000	0	0.000000	0.000000	0
68	2026-09-25T04:46:22.479375765Z	68009	mysql.service	1	2.014997	1.007499	1.516373	0.498524	2036494336	52.497199	2512388096	0.000000	6558012.738899	57
69	2026-09-25T04:46:23.479460642Z	69009	isuconquest.go.service	1	76.673997	38.336998	66.093394	10.580603	818368512	21.096084	1250365440	0.000000	5422644.051332	10
69	2026-09-25T04:46:23.479460642Z	69009	nginx.service	0	0.000000	0.000000	0.000000	0.000000	0	0.000000	0	0.000000	0.000000	0
69	2026-09-25T04:46:23.479460642Z	69009	mysql.service	1	1.933836	0.966918	1.808947	0.124889	2036494336	52.497199	2512388096	0.000000	6557139.823400	57
70	2026-09-25T04:46:24.480237503Z	70010	isuconquest.go.service	1	51.939650	25.969825	39.929480	12.010170	824291328	21.248763	1250365440	0.000000	5815897.873210	10
70	2026-09-25T04:46:24.480237503Z	70010	nginx.service	0	0.000000	0.000000	0.000000	0.000000	0	0.000000	0	0.000000	0.000000	0
70	2026-09-25T04:46:24.480237503Z	70010	mysql.service	1	1.966173	0.983086	1.745644	0.220529	2036494336	52.497199	2512388096	0.000000	6552605.555953	57
71	2026-09-25T04:46:25.480047214Z	71010	isuconquest.go.service	1	51.809559	25.904779	35.956742	15.852817	829997056	21.395847	1250365440	0.000000	5870685.132674	10
71	2026-09-25T04:46:25.480047214Z	71010	nginx.service	0	0.000000	0.000000	0.000000	0.000000	0	0.000000	0	0.000000	0.000000	0
71	2026-09-25T04:46:25.480047214Z	71010	mysql.service	1	2.120904	1.060452	1.882858	0.238045	2036498432	52.497305	2512388096	0.000000	6558944.101473	57
72	2026-09-25T04:46:26.479423409Z	72009	isuconquest.go.service	1	86.279521	43.139761	71.418051	14.861471	835915776	21.548421	1250365440	0.000000	5283039.570650	10
72	2026-09-25T04:46:26.479423409Z	72009	nginx.service	0	0.000000	0.000000	0.000000	0.000000	0	0.000000	0	0.000000	0.000000	0
72	2026-09-25T04:46:26.479423409Z	72009	mysql.service	1	2.072693	1.036346	1.156421	0.916272	2036494336	52.497199	2512388096	0.000000	6561789.257262	57
73	2026-09-25T04:46:27.479425422Z	73009	isuconquest.go.service	1	52.140095	26.070048	37.385225	14.754970	841699328	21.697511	1250365440	0.000000	5660660.633393	10
73	2026-09-25T04:46:27.479425422Z	73009	nginx.service	0	0.000000	0.000000	0.000000	0.000000	0	0.000000	0	0.000000	0.000000	0
73	2026-09-25T04:46:27.479425422Z	73009	mysql.service	1	1.994396	0.997198	1.498197	0.496299	2036494336	52.497199	2512388096	0.000000	6557682.832173	57
74	2026-09-25T04:46:28.480124062Z	74010	isuconquest.go.service	1	50.731257	25.365629	34.066800	16.664458	847249408	21.840582	1250365440	0.000000	5554391.496588	10
74	2026-09-25T04:46:28.480124062Z	74010	nginx.service	0	0.000000	0.000000	0.000000	0.000000	0	0.000000	0	0.000000	0.000000	0
74	2026-09-25T04:46:28.480124062Z	74010	mysql.service	1	1.923956	0.961978	1.708007	0.215849	2036494336	52.497199	2512388096	0.000000	6553117.749475	57
75	2026-09-25T04:46:29.47989224Z	75010	isuconquest.go.service	1	51.221274	25.610637	34.410677	16.810597	853012480	21.989143	1250365440	0.000000	5875025.948515	10
75	2026-09-25T04:46:29.47989224Z	75010	nginx.service	0	0.000000	0.000000	0.000000	0.000000	0	0.000000	0	0.000000	0.000000	0
75	2026-09-25T04:46:29.47989224Z	75010	mysql.service	1	1.978859	0.989429	0.846896	1.131962	2036494336	52.497199	2512388096	0.000000	6559216.557582	57
76	2026-09-25T04:46:30.47942217Z	76009	isuconquest.go.service	1	89.167215	44.583607	73.445424	15.721790	859639808	22.159984	1250365440	0.000000	5794467.799684	10
76	2026-09-25T04:46:30.47942217Z	76009	nginx.service	0	0.000000	0.000000	0.000000	0.000000	0	0.000000	0	0.000000	0.000000	0
76	2026-09-25T04:46:30.47942217Z	76009	mysql.service	1	2.101088	1.050544	1.135534	0.965554	2036494336	52.497199	2512388096	0.000000	6655032.324390	57
77	2026-09-25T04:46:31.479431246Z	77009	isuconquest.go.service	1	49.655350	24.827675	32.496405	17.158844	864927744	22.296298	1250365440	0.000000	4972498.894463	10
77	2026-09-25T04:46:31.479431246Z	77009	nginx.service	0	0.000000	0.000000	0.000000	0.000000	0	0.000000	0	0.000000	0.000000	0
77	2026-09-25T04:46:31.479431246Z	77009	mysql.service	1	2.074581	1.037291	1.841783	0.232798	2036494336	52.497199	2512388096	0.000000	6557636.515679	57
78	2026-09-25T04:46:32.479428408Z	78009	isuconquest.go.service	1	54.979056	27.489528	34.139797	20.839359	871018496	22.453307	1250365440	0.000000	5820432.530028	10
78	2026-09-25T04:46:32.479428408Z	78009	nginx.service	0	0.000000	0.000000	0.000000	0.000000	0	0.000000	0	0.000000	0.000000	0
78	2026-09-25T04:46:32.479428408Z	78009	mysql.service	1	2.145906	1.072953	1.586405	0.559502	2036494336	52.497199	2512388096	0.000000	6557714.623910	57
79	2026-09-25T04:46:33.479421862Z	79009	isuconquest.go.service	1	52.530543	26.265272	40.475165	12.055379	876703744	22.599862	1250365440	0.000000	5955622.931907	10
79	2026-09-25T04:46:33.479421862Z	79009	nginx.service	0	0.000000	0.000000	0.000000	0.000000	0	0.000000	0	0.000000	0.000000	0
79	2026-09-25T04:46:33.479421862Z	79009	mysql.service	1	1.996813	0.998407	1.135607	0.861306	2036498432	52.497305	2512388096	4096.026776	6557738.867939	57
80	2026-09-25T04:46:34.480362394Z	80010	isuconquest.go.service	1	77.589125	38.794563	60.717493	16.871632	894496768	23.058535	1250365440	0.000000	5761748.913818	10
80	2026-09-25T04:46:34.480362394Z	80010	nginx.service	0	0.000000	0.000000	0.000000	0.000000	0	0.000000	0	0.000000	0.000000	0
80	2026-09-25T04:46:34.480362394Z	80010	mysql.service	1	2.052869	1.026435	0.775371	1.277399	2036498432	52.497305	2512388096	0.000000	6551534.098737	57
81	2026-09-25T04:46:35.480144821Z	81010	isuconquest.go.service	1	69.533429	34.766714	57.921602	11.611826	905306112	23.337180	1250365440	0.000000	5547190.918970	10
81	2026-09-25T04:46:35.480144821Z	81010	nginx.service	0	0.000000	0.000000	0.000000	0.000000	0	0.000000	0	0.000000	0.000000	0
81	2026-09-25T04:46:35.480144821Z	81010	mysql.service	1	2.277496	1.138748	1.706071	0.571524	2036502528	52.497410	2512388096	0.000000	6559123.088088	57
82	2026-09-25T04:46:36.479434747Z	82009	isuconquest.go.service	1	53.412227	26.706113	36.573670	16.838457	911056896	23.485425	1250365440	0.000000	5676991.078086	10
82	2026-09-25T04:46:36.479434747Z	82009	nginx.service	0	0.000000	0.000000	0.000000	0.000000	0	0.000000	0	0.000000	0.000000	0
82	2026-09-25T04:46:36.479434747Z	82009	mysql.service	1	2.296331	1.148165	1.447128	0.849203	2036498432	52.497305	2512388096	0.000000	6562355.751636	57
83	2026-09-25T04:46:37.479429355Z	83009	isuconquest.go.service	1	53.883790	26.941895	37.144000	16.739790	917082112	23.640745	1250365440	0.000000	5795871.199175	10
83	2026-09-25T04:46:37.479429355Z	83009	nginx.service	0	0.000000	0.000000	0.000000	0.000000	0	0.000000	0	0.000000	0.000000	0
83	2026-09-25T04:46:37.479429355Z	83009	mysql.service	1	2.004811	1.002405	1.414908	0.589803	2036498432	52.497305	2512388096	0.000000	6557731.300268	57
84	2026-09-25T04:46:38.480173033Z	84010	isuconquest.go.service	1	51.378191	25.689096	34.653529	16.724762	922636288	23.783921	1250365440	0.000000	5595071.096692	10
84	2026-09-25T04:46:38.480173033Z	84010	nginx.service	0	0.000000	0.000000	0.000000	0.000000	0	0.000000	0	0.000000	0.000000	0
84	2026-09-25T04:46:38.480173033Z	84010	mysql.service	1	2.019198	1.009599	1.884698	0.134500	2036498432	52.497305	2512388096	0.000000	6552822.842578	57
85	2026-09-25T04:46:39.479875111Z	85010	isuconquest.go.service	1	91.876973	45.938486	74.558113	17.318760	946319360	24.394429	1250365440	0.000000	5797567.257618	10
85	2026-09-25T04:46:39.479875111Z	85010	nginx.service	0	0.000000	0.000000	0.000000	0.000000	0	0.000000	0	0.000000	0.000000	0
85	2026-09-25T04:46:39.479875111Z	85010	mysql.service	1	2.088822	1.044411	1.854352	0.234570	2036498432	52.497305	2512388096	0.000000	6559650.303496	57
86	2026-09-25T04:46:40.479544134Z	86009	isuconquest.go.service	1	56.008938	28.004469	39.643421	16.365617	952397824	24.551121	1250365440	0.000000	5752688.007419	10
86	2026-09-25T04:46:40.479544134Z	86009	nginx.service	0	0.000000	0.000000	0.000000	0.000000	0	0.000000	0	0.000000	0.000000	0
86	2026-09-25T04:46:40.479544134Z	86009	mysql.service	1	2.166317	1.083159	1.835007	0.331210	2036498432	52.497305	2512388096	0.000000	6559867.165155	57
87	2026-09-25T04:46:41.479420005Z	87009	isuconquest.go.service	1	54.342446	27.171223	37.266826	17.075520	958402560	24.705912	1250365440	0.000000	5694146.820139	10
87	2026-09-25T04:46:41.479420005Z	87009	nginx.service	0	0.000000	0.000000	0.000000	0.000000	0	0.000000	0	0.000000	0.000000	0
87	2026-09-25T04:46:41.479420005Z	87009	mysql.service	1	2.066457	1.033228	1.243454	0.823102	2036498432	52.497305	2512388096	0.000000	6558510.114419	57
88	2026-09-25T04:46:42.479360496Z	88009	isuconquest.go.service	1	53.262369	26.631185	39.523152	13.739217	964268032	24.857114	1250365440	0.000000	5603661.412250	10
88	2026-09-25T04:46:42.479360496Z	88009	nginx.service	0	0.000000	0.000000	0.000000	0.000000	0	0.000000	0	0.000000	0.000000	0
88	2026-09-25T04:46:42.479360496Z	88009	mysql.service	1	2.194431	1.097215	2.039921	0.154509	2036498432	52.497305	2512388096	0.000000	6558086.199571	57
89	2026-09-25T04:46:43.47940308Z	89009	isuconquest.go.service	1	88.998911	44.499455	72.120829	16.878081	983760896	25.359605	1250365440	0.000000	5422873.104909	10
89	2026-09-25T04:46:43.47940308Z	89009	nginx.service	0	0.000000	0.000000	0.000000	0.000000	0	0.000000	0	0.000000	0.000000	0
89	2026-09-25T04:46:43.47940308Z	89009	mysql.service	1	2.054613	1.027306	1.459138	0.595375	2036498432	52.497305	2512388096	0.000000	6557416.798308	57
90	2026-09-25T04:46:44.479845407Z	90010	isuconquest.go.service	1	54.671217	27.335609	43.385809	11.285508	989683712	25.512285	1250365440	0.000000	5985704.361347	10
90	2026-09-25T04:46:44.479845407Z	90010	nginx.service	0	0.000000	0.000000	0.000000	0.000000	0	0.000000	0	0.000000	0.000000	0
90	2026-09-25T04:46:44.479845407Z	90010	mysql.service	1	2.035800	1.017900	1.442662	0.593138	2036498432	52.497305	2512388096	0.000000	6554796.636468	57
91	2026-09-25T04:46:45.47936694Z	91009	isuconquest.go.service	1	55.122975	27.561487	40.621536	14.501438	995442688	25.660741	1250365440	0.000000	5618304.184385	10
91	2026-09-25T04:46:45.47936694Z	91009	nginx.service	0	0.000000	0.000000	0.000000	0.000000	0	0.000000	0	0.000000	0.000000	0
91	2026-09-25T04:46:45.47936694Z	91009	mysql.service	1	2.248676	1.124338	2.088199	0.160577	2036502528	52.497410	2512388096	0.000000	6560835.156236	57
92	2026-09-25T04:46:46.479614737Z	92009	isuconquest.go.service	1	55.284900	27.642450	38.223328	17.061572	1001504768	25.817010	1250365440	0.000000	5761644.258791	10
92	2026-09-25T04:46:46.479614737Z	92009	nginx.service	0	0.000000	0.000000	0.000000	0.000000	0	0.000000	0	0.000000	0.000000	0
92	2026-09-25T04:46:46.479614737Z	92009	mysql.service	1	1.981309	0.990655	0.711024	1.270185	2036498432	52.497305	2512388096	0.000000	6556071.398951	57
93	2026-09-25T04:46:47.480321208Z	93010	isuconquest.go.service	1	52.692371	26.346185	41.460706	11.231564	1007661056	25.975709	1250365440	0.000000	5726258.163831	10
93	2026-09-25T04:46:47.480321208Z	93010	nginx.service	0	0.000000	0.000000	0.000000	0.000000	0	0.000000	0	0.000000	0.000000	0
93	2026-09-25T04:46:47.480321208Z	93010	mysql.service	1	2.059345	1.029672	1.099123	0.960222	2036498432	52.497305	2512388096	0.000000	6553065.990202	57
94	2026-09-25T04:46:48.479598494Z	94009	isuconquest.go.service	1	98.936209	49.468104	85.526917	13.409292	1038938112	26.781975	1250365440	0.000000	5484412.001369	10
94	2026-09-25T04:46:48.479598494Z	94009	nginx.service	0	0.000000	0.000000	0.000000	0.000000	0	0.000000	0	0.000000	0.000000	0
94	2026-09-25T04:46:48.479598494Z	94009	mysql.service	1	2.176273	1.088136	1.294336	0.882038	2036498432	52.497305	2512388096	0.000000	6562439.173536	57
95	2026-09-25T04:46:49.479421795Z	95009	isuconquest.go.service	1	55.173450	27.586725	40.442346	14.731203	1044807680	26.933282	1250365440	0.000000	5936152.965718	10
95	2026-09-25T04:46:49.479421795Z	95009	nginx.service	0	0.000000	0.000000	0.000000	0.000000	0	0.000000	0	0.000000	0.000000	0
95	2026-09-25T04:46:49.479421795Z	95009	mysql.service	1	2.060264	1.030132	1.145402	0.914862	2036498432	52.497305	2512388096	0.000000	6558855.002150	57
96	2026-09-25T04:46:50.480398156Z	96010	isuconquest.go.service	1	56.152375	28.076188	40.781582	15.370793	1050714112	27.085540	1250365440	0.000000	5949774.877800	10
96	2026-09-25T04:46:50.480398156Z	96010	nginx.service	0	0.000000	0.000000	0.000000	0.000000	0	0.000000	0	0.000000	0.000000	0
96	2026-09-25T04:46:50.480398156Z	96010	mysql.service	1	2.224029	1.112014	1.702038	0.521990	2036498432	52.497305	2512388096	0.000000	6551299.573149	57
97	2026-09-25T04:46:51.479449006Z	97009	isuconquest.go.service	1	55.413693	27.706846	40.632464	14.781229	1056870400	27.244238	1250365440	0.000000	5612751.005852	10
97	2026-09-25T04:46:51.479449006Z	97009	nginx.service	0	0.000000	0.000000	0.000000	0.000000	0	0.000000	0	0.000000	0.000000	0
97	2026-09-25T04:46:51.479449006Z	97009	mysql.service	1	2.035732	1.017866	1.580600	0.455132	2036498432	52.497305	2512388096	0.000000	6563925.756296	57
98	2026-09-25T04:46:52.479426246Z	98009	isuconquest.go.service	1	52.087089	26.043544	33.471264	18.615825	1062367232	27.385936	1250365440	0.000000	5529726.182822	10
98	2026-09-25T04:46:52.479426246Z	98009	nginx.service	0	0.000000	0.000000	0.000000	0.000000	0	0.000000	0	0.000000	0.000000	0
98	2026-09-25T04:46:52.479426246Z	98009	mysql.service	1	2.126449	1.063224	1.522735	0.603614	2036498432	52.497305	2512388096	0.000000	6553749.550011	57
99	2026-09-25T04:46:53.480003867Z	99010	isuconquest.go.service	1	92.784781	46.392390	77.590561	15.194219	1094823936	28.222612	1250365440	0.000000	5518219.092923	10
99	2026-09-25T04:46:53.480003867Z	99010	nginx.service	0	0.000000	0.000000	0.000000	0.000000	0	0.000000	0	0.000000	0.000000	0
99	2026-09-25T04:46:53.480003867Z	99010	mysql.service	1	2.155554	1.077777	2.005441	0.150213	2036498432	52.497305	2512388096	0.000000	6553908.581432	57
100	2026-09-25T04:46:54.47986428Z	100010	isuconquest.go.service	1	55.539767	27.769884	37.208004	18.331664	1100836864	28.377615	1250365440	0.000000	5886775.259633	10
100	2026-09-25T04:46:54.47986428Z	100010	nginx.service	0	0.000000	0.000000	0.000000	0.000000	0	0.000000	0	0.000000	0.000000	0
100	2026-09-25T04:46:54.47986428Z	100010	mysql.service	1	2.072290	1.036145	1.204568	0.867621	2036498432	52.497305	2512388096	0.000000	6558613.215500	57
101	2026-09-25T04:46:55.47978469Z	101010	isuconquest.go.service	1	55.482216	27.741108	40.840451	14.641865	1107095552	28.538953	1250365440	0.000000	5730760.122660	10
101	2026-09-25T04:46:55.47978469Z	101010	nginx.service	0	0.000000	0.000000	0.000000	0.000000	0	0.000000	0	0.000000	0.000000	0
101	2026-09-25T04:46:55.47978469Z	101010	mysql.service	1	2.233678	1.116839	2.075065	0.158613	2036506624	52.497516	2512388096	4096.326035	6558217.981686	57
102	2026-09-25T04:46:56.479419555Z	102009	isuconquest.go.service	1	12.907113	6.453556	10.154708	2.752405	1101594624	28.397149	1250365440	0.000000	1720948.383651	10
102	2026-09-25T04:46:56.479419555Z	102009	nginx.service	0	0.000000	0.000000	0.000000	0.000000	0	0.000000	0	0.000000	0.000000	0
102	2026-09-25T04:46:56.479419555Z	102009	mysql.service	1	1.459533	0.729766	1.341790	0.117743	2035957760	52.483367	2512388096	0.000000	6560091.338631	57
103	2026-09-25T04:46:57.479430715Z	103009	isuconquest.go.service	1	2.103777	1.051888	1.525183	0.578494	1101721600	28.400422	1250365440	0.000000	0.000000	10
103	2026-09-25T04:46:57.479430715Z	103009	nginx.service	0	0.000000	0.000000	0.000000	0.000000	0	0.000000	0	0.000000	0.000000	0
103	2026-09-25T04:46:57.479430715Z	103009	mysql.service	1	1.438284	0.719142	0.958189	0.480195	2035957760	52.483367	2512388096	0.000000	6557622.816929	57
104	2026-09-25T04:46:58.479825628Z	104010	isuconquest.go.service	1	2.102970	1.051485	1.998811	0.104159	1101590528	28.397043	1250365440	0.000000	0.000000	10
104	2026-09-25T04:46:58.479825628Z	104010	nginx.service	0	0.000000	0.000000	0.000000	0.000000	0	0.000000	0	0.000000	0.000000	0
104	2026-09-25T04:46:58.479825628Z	104010	mysql.service	1	1.596070	0.798035	0.369054	1.226915	2035957760	52.483367	2512388096	0.000000	6555107.309462	57
105	2026-09-25T04:46:59.480173518Z	105010	isuconquest.go.service	1	1.996306	0.998153	1.921032	0.075374	1101594624	28.397149	1250365440	0.000000	0.000000	10
105	2026-09-25T04:46:59.480173518Z	105010	nginx.service	0	0.000000	0.000000	0.000000	0.000000	0	0.000000	0	0.000000	0.000000	0
105	2026-09-25T04:46:59.480173518Z	105010	mysql.service	1	1.472488	0.736244	1.399313	0.073175	2035957760	52.483367	2512388096	0.000000	6555415.436524	57
106	2026-09-25T04:47:00.47942147Z	106009	isuconquest.go.service	1	1.993699	0.996850	1.993699	0.000000	1101594624	28.397149	1250365440	0.000000	0.000000	10
106	2026-09-25T04:47:00.47942147Z	106009	nginx.service	0	0.000000	0.000000	0.000000	0.000000	0	0.000000	0	0.000000	0.000000	0
106	2026-09-25T04:47:00.47942147Z	106009	mysql.service	1	1.591997	0.795999	1.140558	0.451440	2035957760	52.483367	2512388096	0.000000	6562631.394127	57
107	2026-09-25T04:47:01.479819013Z	107010	isuconquest.go.service	1	2.107262	1.053631	2.093868	0.013395	1101598720	28.397254	1250365440	0.000000	0.000000	10
107	2026-09-25T04:47:01.479819013Z	107010	nginx.service	0	0.000000	0.000000	0.000000	0.000000	0	0.000000	0	0.000000	0.000000	0
107	2026-09-25T04:47:01.479819013Z	107010	mysql.service	1	1.575474	0.787737	1.398444	0.177030	2035957760	52.483367	2512388096	0.000000	6690204.362777	57
108	2026-09-25T04:47:02.479419903Z	108009	isuconquest.go.service	1	2.102239	1.051120	1.848538	0.253601	1101594624	28.397149	1250365440	0.000000	0.000000	10
108	2026-09-25T04:47:02.479419903Z	108009	nginx.service	0	0.000000	0.000000	0.000000	0.000000	0	0.000000	0	0.000000	0.000000	0
108	2026-09-25T04:47:02.479419903Z	108009	mysql.service	1	1.535513	0.767756	0.998098	0.537414	2035957760	52.483367	2512388096	0.000000	6560314.378916	57
109	2026-09-25T04:47:03.479421948Z	109009	isuconquest.go.service	1	1.985996	0.992998	1.912796	0.073300	1101725696	28.400528	1250365440	0.000000	0.000000	10
109	2026-09-25T04:47:03.479421948Z	109009	nginx.service	0	0.000000	0.000000	0.000000	0.000000	0	0.000000	0	0.000000	0.000000	0
109	2026-09-25T04:47:03.479421948Z	109009	mysql.service	1	1.472297	0.736148	1.353097	0.119300	2035957760	52.483367	2512388096	0.000000	6557682.471501	57
110	2026-09-25T04:47:04.479419421Z	110009	isuconquest.go.service	1	2.041305	1.020653	2.041305	0.000000	1101594624	28.397149	1250365440	0.000000	0.000000	10
110	2026-09-25T04:47:04.479419421Z	110009	nginx.service	0	0.000000	0.000000	0.000000	0.000000	0	0.000000	0	0.000000	0.000000	0
110	2026-09-25T04:47:04.479419421Z	110009	mysql.service	1	1.457404	0.728702	1.339803	0.117500	2035957760	52.483367	2512388096	0.000000	6557712.604128	57
111	2026-09-25T04:47:05.479420739Z	111009	isuconquest.go.service	1	2.000697	1.000349	1.919997	0.080600	1101594624	28.397149	1250365440	0.000000	0.000000	10
111	2026-09-25T04:47:05.479420739Z	111009	nginx.service	0	0.000000	0.000000	0.000000	0.000000	0	0.000000	0	0.000000	0.000000	0
111	2026-09-25T04:47:05.479420739Z	111009	mysql.service	1	1.643698	0.821849	1.232698	0.410999	2035961856	52.483473	2512388096	0.000000	6557687.363526	57
112	2026-09-25T04:47:06.479420976Z	112009	isuconquest.go.service	1	2.022100	1.011050	2.021100	0.001000	1101594624	28.397149	1250365440	0.000000	0.000000	10
112	2026-09-25T04:47:06.479420976Z	112009	nginx.service	0	0.000000	0.000000	0.000000	0.000000	0	0.000000	0	0.000000	0.000000	0
112	2026-09-25T04:47:06.479420976Z	112009	mysql.service	1	1.618300	0.809150	1.117700	0.500700	2035957760	52.483367	2512388096	0.000000	6557694.413038	57
113	2026-09-25T04:47:07.479428622Z	113009	isuconquest.go.service	1	2.011285	1.005642	1.854686	0.156599	1101594624	28.397149	1250365440	0.000000	0.000000	10
113	2026-09-25T04:47:07.479428622Z	113009	nginx.service	0	0.000000	0.000000	0.000000	0.000000	0	0.000000	0	0.000000	0.000000	0
113	2026-09-25T04:47:07.479428622Z	113009	mysql.service	1	1.547988	0.773994	1.420189	0.127799	2035957760	52.483367	2512388096	0.000000	6557645.853682	57
114	2026-09-25T04:47:08.479799007Z	114010	isuconquest.go.service	1	1.968171	0.984086	1.574317	0.393854	1101594624	28.397149	1250365440	0.000000	0.000000	10
114	2026-09-25T04:47:08.479799007Z	114010	nginx.service	0	0.000000	0.000000	0.000000	0.000000	0	0.000000	0	0.000000	0.000000	0
114	2026-09-25T04:47:08.479799007Z	114010	mysql.service	1	1.552025	0.776013	1.377690	0.174335	2035961856	52.483473	2512388096	0.000000	6555268.046710	57
115	2026-09-25T04:47:09.480156609Z	115010	isuconquest.go.service	1	2.027175	1.013588	1.946304	0.080971	1101725696	28.400528	1250365440	0.000000	0.000000	10
115	2026-09-25T04:47:09.480156609Z	115010	nginx.service	0	0.000000	0.000000	0.000000	0.000000	0	0.000000	0	0.000000	0.000000	0
115	2026-09-25T04:47:09.480156609Z	115010	mysql.service	1	1.612523	0.806262	1.477472	0.135052	2035957760	52.483367	2512388096	0.000000	6555351.819300	57
116	2026-09-25T04:47:10.479511475Z	116009	isuconquest.go.service	1	2.154089	1.077045	2.127272	0.026817	1101594624	28.397149	1250365440	0.000000	0.000000	10
116	2026-09-25T04:47:10.479511475Z	116009	nginx.service	0	0.000000	0.000000	0.000000	0.000000	0	0.000000	0	0.000000	0.000000	0
116	2026-09-25T04:47:10.479511475Z	116009	mysql.service	1	1.606936	0.803468	1.061284	0.545552	2035961856	52.483473	2512388096	0.000000	6561927.432657	57
117	2026-09-25T04:47:11.479897411Z	117010	isuconquest.go.service	1	2.001528	1.000764	1.767618	0.233810	1101590528	28.397043	1250365440	0.000000	0.000000	10
117	2026-09-25T04:47:11.479897411Z	117010	nginx.service	0	0.000000	0.000000	0.000000	0.000000	0	0.000000	0	0.000000	0.000000	0
117	2026-09-25T04:47:11.479897411Z	117010	mysql.service	1	1.646165	0.823083	0.551987	1.094278	2035957760	52.483367	2512388096	0.000000	6555168.006014	57
118	2026-09-25T04:47:12.479489782Z	118009	isuconquest.go.service	1	1.944493	0.972246	1.800734	0.143759	1101590528	28.397043	1250365440	0.000000	0.000000	10
118	2026-09-25T04:47:12.479489782Z	118009	nginx.service	0	0.000000	0.000000	0.000000	0.000000	0	0.000000	0	0.000000	0.000000	0
118	2026-09-25T04:47:12.479489782Z	118009	mysql.service	1	1.575542	0.787771	1.033521	0.542021	2035957760	52.483367	2512388096	0.000000	6560370.184017	57
119	2026-09-25T04:47:13.479953207Z	119010	isuconquest.go.service	1	1.969187	0.984594	1.969187	0.000000	1101721600	28.400422	1250365440	0.000000	0.000000	10
119	2026-09-25T04:47:13.479953207Z	119010	nginx.service	0	0.000000	0.000000	0.000000	0.000000	0	0.000000	0	0.000000	0.000000	0
119	2026-09-25T04:47:13.479953207Z	119010	mysql.service	1	1.533389	0.766695	1.361069	0.172320	2035957760	52.483367	2512388096	0.000000	6554658.400876	57
120	2026-09-25T04:47:14.480331359Z	120010	isuconquest.go.service	1	1.893584	0.946792	1.893684	0.000000	1101598720	28.397254	1250365440	0.000000	0.000000	10
120	2026-09-25T04:47:14.480331359Z	120010	nginx.service	0	0.000000	0.000000	0.000000	0.000000	0	0.000000	0	0.000000	0.000000	0
120	2026-09-25T04:47:14.480331359Z	120010	mysql.service	1	1.440155	0.720078	0.184430	1.255725	2035957760	52.483367	2512388096	0.000000	6063882.906296	57
121	2026-09-25T04:47:15.479659137Z	121009	isuconquest.go.service	1	1.966722	0.983361	1.527727	0.438895	1101594624	28.397149	1250365440	0.000000	0.000000	10
121	2026-09-25T04:47:15.479659137Z	121009	nginx.service	0	0.000000	0.000000	0.000000	0.000000	0	0.000000	0	0.000000	0.000000	0
121	2026-09-25T04:47:15.479659137Z	121009	mysql.service	1	1.501109	0.750555	1.332396	0.168713	2035961856	52.483473	2512388096	0.000000	5742356.161113	57
122	2026-09-25T04:47:16.480054964Z	122010	isuconquest.go.service	1	1.766601	0.883300	1.244807	0.521793	1101570048	28.396515	1250365440	0.000000	0.000000	10
122	2026-09-25T04:47:16.480054964Z	122010	nginx.service	0	0.000000	0.000000	0.000000	0.000000	0	0.000000	0	0.000000	0.000000	0
122	2026-09-25T04:47:16.480054964Z	122010	mysql.service	1	1.412741	0.706370	1.253904	0.158837	2035957760	52.483367	2512388096	0.000000	5736225.452824	57
123	2026-09-25T04:47:17.479424764Z	123009	isuconquest.go.service	1	1.602010	0.801005	1.447012	0.154998	1101697024	28.399788	1250365440	0.000000	0.000000	10
123	2026-09-25T04:47:17.479424764Z	123009	nginx.service	0	0.000000	0.000000	0.000000	0.000000	0	0.000000	0	0.000000	0.000000	0
123	2026-09-25T04:47:17.479424764Z	123009	mysql.service	1	1.491840	0.745920	0.959104	0.532636	2035957760	52.483367	2512388096	0.000000	5742114.738129	57
124	2026-09-25T04:47:18.479421269Z	124009	isuconquest.go.service	1	1.599606	0.799803	1.523805	0.075900	1101574144	28.396621	1250365440	0.000000	0.000000	10
124	2026-09-25T04:47:18.479421269Z	124009	nginx.service	0	0.000000	0.000000	0.000000	0.000000	0	0.000000	0	0.000000	0.000000	0
124	2026-09-25T04:47:18.479421269Z	124009	mysql.service	1	1.458605	0.729303	1.340905	0.117800	2035961856	52.483473	2512388096	0.000000	5738515.964297	57
125	2026-09-25T04:47:19.479421329Z	125009	isuconquest.go.service	1	1.615000	0.807500	1.290000	0.325000	1101697024	28.399788	1250365440	0.000000	0.000000	10
125	2026-09-25T04:47:19.479421329Z	125009	nginx.service	0	0.000000	0.000000	0.000000	0.000000	0	0.000000	0	0.000000	0.000000	0
125	2026-09-25T04:47:19.479421329Z	125009	mysql.service	1	1.384700	0.692350	1.321500	0.063200	2035957760	52.483367	2512388096	0.000000	5738495.678644	57
126	2026-09-25T04:47:20.479419873Z	126009	isuconquest.go.service	1	1.619602	0.809801	1.372402	0.247200	1101697024	28.399788	1250365440	0.000000	0.000000	10
126	2026-09-25T04:47:20.479419873Z	126009	nginx.service	0	0.000000	0.000000	0.000000	0.000000	0	0.000000	0	0.000000	0.000000	0
126	2026-09-25T04:47:20.479419873Z	126009	mysql.service	1	1.506802	0.753401	1.429802	0.077000	2035961856	52.483473	2512388096	4096.005956	5738504.343785	57
127	2026-09-25T04:47:21.479420578Z	127009	isuconquest.go.service	1	1.675199	0.837599	1.180999	0.494100	1101570048	28.396515	1250365440	0.000000	0.000000	10
127	2026-09-25T04:47:21.479420578Z	127009	nginx.service	0	0.000000	0.000000	0.000000	0.000000	0	0.000000	0	0.000000	0.000000	0
127	2026-09-25T04:47:21.479420578Z	127009	mysql.service	1	1.410599	0.705300	1.251999	0.158500	2035961856	52.483473	2512388096	0.000000	5738491.977317	57
128	2026-09-25T04:47:22.479362651Z	128009	isuconquest.go.service	1	1.598993	0.799496	1.523288	0.075704	1101565952	28.396410	1250365440	0.000000	0.000000	10
128	2026-09-25T04:47:22.479362651Z	128009	nginx.service	0	0.000000	0.000000	0.000000	0.000000	0	0.000000	0	0.000000	0.000000	0
128	2026-09-25T04:47:22.479362651Z	128009	mysql.service	1	1.449884	0.724942	1.286975	0.162909	2035961856	52.483473	2512388096	0.000000	5738828.381462	57
129	2026-09-25T04:47:23.479954742Z	129010	isuconquest.go.service	1	1.587560	0.793780	1.435250	0.152310	1101565952	28.396410	1250365440	0.000000	0.000000	10
129	2026-09-25T04:47:23.479954742Z	129010	nginx.service	0	0.000000	0.000000	0.000000	0.000000	0	0.000000	0	0.000000	0.000000	0
129	2026-09-25T04:47:23.479954742Z	129010	mysql.service	1	1.410165	0.705083	1.297832	0.112333	2035961856	52.483473	2512388096	0.000000	5735100.361778	57
130	2026-09-25T04:47:24.479459061Z	130009	isuconquest.go.service	1	1.729657	0.864829	1.549968	0.179789	1101570048	28.396515	1250365440	0.000000	0.000000	10
130	2026-09-25T04:47:24.479459061Z	130009	nginx.service	0	0.000000	0.000000	0.000000	0.000000	0	0.000000	0	0.000000	0.000000	0
130	2026-09-25T04:47:24.479459061Z	130009	mysql.service	1	1.453420	0.726710	1.290039	0.163381	2035961856	52.483473	2512388096	0.000000	5741341.851105	57
131	2026-09-25T04:47:25.479809693Z	131010	isuconquest.go.service	1	1.676812	0.838406	1.585944	0.090768	1101565952	28.396410	1250365440	0.000000	0.000000	10
131	2026-09-25T04:47:25.479809693Z	131010	nginx.service	0	0.000000	0.000000	0.000000	0.000000	0	0.000000	0	0.000000	0.000000	0
131	2026-09-25T04:47:25.479809693Z	131010	mysql.service	1	1.494876	0.747438	0.962163	0.532713	2035965952	52.483578	2512388096	0.000000	5736484.622133	57
132	2026-09-25T04:47:26.480200398Z	132010	isuconquest.go.service	1	1.542997	0.771499	1.231619	0.311378	1101697024	28.399788	1250365440	0.000000	0.000000	10
132	2026-09-25T04:47:26.480200398Z	132010	nginx.service	0	0.000000	0.000000	0.000000	0.000000	0	0.000000	0	0.000000	0.000000	0
132	2026-09-25T04:47:26.480200398Z	132010	mysql.service	1	1.366366	0.683183	0.940533	0.425934	2035961856	52.483473	2512388096	0.000000	5736254.822296	57
133	2026-09-25T04:47:27.479430222Z	133009	isuconquest.go.service	1	1.622950	0.811475	1.542988	0.080062	1101697024	28.399788	1250365440	0.000000	0.000000	10
133	2026-09-25T04:47:27.479430222Z	133009	nginx.service	0	0.000000	0.000000	0.000000	0.000000	0	0.000000	0	0.000000	0.000000	0
133	2026-09-25T04:47:27.479430222Z	133009	mysql.service	1	1.472834	0.736417	1.353542	0.119292	2035961856	52.483473	2512388096	0.000000	5742919.110155	57
134	2026-09-25T04:47:28.479418883Z	134009	isuconquest.go.service	1	1.667819	0.833909	1.253714	0.414005	1101565952	28.396410	1250365440	0.000000	0.000000	10
134	2026-09-25T04:47:28.479418883Z	134009	nginx.service	0	0.000000	0.000000	0.000000	0.000000	0	0.000000	0	0.000000	0.000000	0
134	2026-09-25T04:47:28.479418883Z	134009	mysql.service	1	1.485817	0.742908	0.589107	0.896710	2035965952	52.483578	2512388096	0.000000	5738561.017896	57
135	2026-09-25T04:47:29.479420107Z	135009	isuconquest.go.service	1	1.613598	0.806799	1.377798	0.235800	1101565952	28.396410	1250365440	0.000000	0.000000	10
135	2026-09-25T04:47:29.479420107Z	135009	nginx.service	0	0.000000	0.000000	0.000000	0.000000	0	0.000000	0	0.000000	0.000000	0
135	2026-09-25T04:47:29.479420107Z	135009	mysql.service	1	1.498698	0.749349	1.376398	0.122200	2035961856	52.483473	2512388096	0.000000	5607417.119699	57
136	2026-09-25T04:47:30.479418863Z	136009	isuconquest.go.service	1	1.704502	0.852251	1.362002	0.342500	1101697024	28.399788	1250365440	0.000000	0.000000	10
136	2026-09-25T04:47:30.479418863Z	136009	nginx.service	0	0.000000	0.000000	0.000000	0.000000	0	0.000000	0	0.000000	0.000000	0
136	2026-09-25T04:47:30.479418863Z	136009	mysql.service	1	1.337202	0.668601	1.186901	0.150300	2035961856	52.483473	2512388096	0.000000	4919302.124531	57
137	2026-09-25T04:47:31.479420077Z	137009	isuconquest.go.service	1	1.642698	0.821349	1.558698	0.084000	1101565952	28.396410	1250365440	0.000000	0.000000	10
137	2026-09-25T04:47:31.479420077Z	137009	nginx.service	0	0.000000	0.000000	0.000000	0.000000	0	0.000000	0	0.000000	0.000000	0
137	2026-09-25T04:47:31.479420077Z	137009	mysql.service	1	1.403398	0.701699	0.973299	0.430199	2035961856	52.483473	2512388096	0.000000	4919290.008305	57
138	2026-09-25T04:47:32.479420574Z	138009	isuconquest.go.service	1	1.537499	0.768750	1.395399	0.142200	1101565952	28.396410	1250365440	0.000000	0.000000	10
138	2026-09-25T04:47:32.479420574Z	138009	nginx.service	0	0.000000	0.000000	0.000000	0.000000	0	0.000000	0	0.000000	0.000000	0
138	2026-09-25T04:47:32.479420574Z	138009	mysql.service	1	1.411399	0.705700	1.252699	0.158700	2035961856	52.483473	2512388096	0.000000	4919293.589546	57
139	2026-09-25T04:47:33.479422863Z	139009	isuconquest.go.service	1	1.706096	0.853048	0.959298	0.746698	1101565952	28.396410	1250365440	0.000000	0.000000	10
139	2026-09-25T04:47:33.479422863Z	139009	nginx.service	0	0.000000	0.000000	0.000000	0.000000	0	0.000000	0	0.000000	0.000000	0
139	2026-09-25T04:47:33.479422863Z	139009	mysql.service	1	1.361297	0.680648	0.889598	0.471699	2035961856	52.483473	2512388096	0.000000	4919284.739757	57
140	2026-09-25T04:47:34.47981243Z	140010	isuconquest.go.service	1	1.580784	0.790392	1.183739	0.397145	1101570048	28.396515	1250365440	0.000000	0.000000	10
140	2026-09-25T04:47:34.47981243Z	140010	nginx.service	0	0.000000	0.000000	0.000000	0.000000	0	0.000000	0	0.000000	0.000000	0
140	2026-09-25T04:47:34.47981243Z	140010	mysql.service	1	1.362769	0.681385	1.209529	0.153140	2035961856	52.483473	2512388096	0.000000	4917380.291903	57
141	2026-09-25T04:47:35.480160126Z	141010	isuconquest.go.service	1	1.628634	0.814317	1.468589	0.159944	1101570048	28.396515	1250365440	0.000000	0.000000	10
141	2026-09-25T04:47:35.480160126Z	141010	nginx.service	0	0.000000	0.000000	0.000000	0.000000	0	0.000000	0	0.000000	0.000000	0
141	2026-09-25T04:47:35.480160126Z	141010	mysql.service	1	1.598844	0.799422	1.465390	0.133554	2035965952	52.483578	2512388096	0.000000	4917586.174957	57
142	2026-09-25T04:47:36.479526994Z	142009	isuconquest.go.service	1	1.647343	0.823671	1.562589	0.084754	1101570048	28.396515	1250365440	0.000000	0.000000	10
142	2026-09-25T04:47:36.479526994Z	142009	nginx.service	0	0.000000	0.000000	0.000000	0.000000	0	0.000000	0	0.000000	0.000000	0
142	2026-09-25T04:47:36.479526994Z	142009	mysql.service	1	1.532770	0.766385	1.360461	0.172309	2035961856	52.483473	2512388096	0.000000	4922412.561522	57
143	2026-09-25T04:47:37.47989853Z	143010	isuconquest.go.service	1	1.543027	0.771513	1.153371	0.389755	1101570048	28.396515	1250365440	0.000000	0.000000	10
143	2026-09-25T04:47:37.47989853Z	143010	nginx.service	0	0.000000	0.000000	0.000000	0.000000	0	0.000000	0	0.000000	0.000000	0
143	2026-09-25T04:47:37.47989853Z	143010	mysql.service	1	1.374789	0.687395	1.312612	0.062077	2035961856	52.483473	2512388096	0.000000	4917468.958666	57
144	2026-09-25T04:47:38.479429383Z	144009	isuconquest.go.service	1	1.623161	0.811581	1.543124	0.079938	1101570048	28.396515	1250365440	0.000000	0.000000	10
144	2026-09-25T04:47:38.479429383Z	144009	nginx.service	0	0.000000	0.000000	0.000000	0.000000	0	0.000000	0	0.000000	0.000000	0
144	2026-09-25T04:47:38.479429383Z	144009	mysql.service	1	1.321820	0.660910	0.808179	0.513641	2035961856	52.483473	2512388096	0.000000	4888821.571085	57
145	2026-09-25T04:47:39.479820399Z	145010	isuconquest.go.service	1	1.545196	0.772598	1.480221	0.064975	1101570048	28.396515	1250365440	0.000000	0.000000	10
145	2026-09-25T04:47:39.479820399Z	145010	nginx.service	0	0.000000	0.000000	0.000000	0.000000	0	0.000000	0	0.000000	0.000000	0
145	2026-09-25T04:47:39.479820399Z	145010	mysql.service	1	1.249312	0.624656	1.108866	0.140445	2035961856	52.483473	2512388096	0.000000	3672675.928622	57
146	2026-09-25T04:47:40.480301042Z	146010	isuconquest.go.service	1	1.521169	0.760584	0.731848	0.789321	1101574144	28.396621	1250365440	0.000000	0.000000	10
146	2026-09-25T04:47:40.480301042Z	146010	nginx.service	0	0.000000	0.000000	0.000000	0.000000	0	0.000000	0	0.000000	0.000000	0
146	2026-09-25T04:47:40.480301042Z	146010	mysql.service	1	1.200823	0.600411	1.065788	0.135035	2035965952	52.483578	2512388096	0.000000	3279319.850662	57
147	2026-09-25T04:47:41.479640492Z	147009	isuconquest.go.service	1	1.564033	0.782017	1.564033	0.000000	1101574144	28.396621	1250365440	0.000000	0.000000	10
147	2026-09-25T04:47:41.479640492Z	147009	nginx.service	0	0.000000	0.000000	0.000000	0.000000	0	0.000000	0	0.000000	0.000000	0
147	2026-09-25T04:47:41.479640492Z	147009	mysql.service	1	1.345389	0.672694	1.286450	0.059039	2035961856	52.483473	2512388096	0.000000	3283064.628340	57
148	2026-09-25T04:47:42.480026144Z	148010	isuconquest.go.service	1	1.613778	0.806889	1.131464	0.482414	1101701120	28.399894	1250365440	0.000000	0.000000	10
148	2026-09-25T04:47:42.480026144Z	148010	nginx.service	0	0.000000	0.000000	0.000000	0.000000	0	0.000000	0	0.000000	0.000000	0
148	2026-09-25T04:47:42.480026144Z	148010	mysql.service	1	1.299699	0.649849	0.470019	0.829680	2035961856	52.483473	2512388096	0.000000	2788300.680689	57
149	2026-09-25T04:47:43.479406186Z	149009	isuconquest.go.service	1	1.603794	0.801897	1.280894	0.322900	1101574144	28.396621	1250365440	0.000000	0.000000	10
149	2026-09-25T04:47:43.479406186Z	149009	nginx.service	0	0.000000	0.000000	0.000000	0.000000	0	0.000000	0	0.000000	0.000000	0
149	2026-09-25T04:47:43.479406186Z	149009	mysql.service	1	1.247674	0.623837	1.199844	0.047730	2035965952	52.483578	2512388096	0.000000	2463223.104722	57
150	2026-09-25T04:47:44.479428209Z	150009	isuconquest.go.service	1	1.525466	0.762733	1.464268	0.061099	1101574144	28.396621	1250365440	0.000000	0.000000	10
150	2026-09-25T04:47:44.479428209Z	150009	nginx.service	0	0.000000	0.000000	0.000000	0.000000	0	0.000000	0	0.000000	0.000000	0
150	2026-09-25T04:47:44.479428209Z	150009	mysql.service	1	1.207673	0.603837	1.071976	0.135797	2035961856	52.483473	2512388096	0.000000	1675227.099773	57
151	2026-09-25T04:47:45.479932042Z	151010	isuconquest.go.service	1	1.717535	0.858767	1.618884	0.098650	1101570048	28.396515	1250365440	0.000000	0.000000	10
151	2026-09-25T04:47:45.479932042Z	151010	nginx.service	0	0.000000	0.000000	0.000000	0.000000	0	0.000000	0	0.000000	0.000000	0
151	2026-09-25T04:47:45.479932042Z	151010	mysql.service	1	1.320135	0.660067	1.171610	0.148425	2035965952	52.483578	2512388096	0.000000	1641668.874688	57
152	2026-09-25T04:47:46.479392797Z	152009	isuconquest.go.service	1	1.648189	0.824094	1.405958	0.242231	1101574144	28.396621	1250365440	0.000000	0.000000	10
152	2026-09-25T04:47:46.479392797Z	152009	nginx.service	0	0.000000	0.000000	0.000000	0.000000	0	0.000000	0	0.000000	0.000000	0
152	2026-09-25T04:47:46.479392797Z	152009	mysql.service	1	1.223560	0.611780	1.086086	0.137574	2035970048	52.483684	2512388096	4098.209931	1643382.182338	57
153	2026-09-25T04:47:47.479419704Z	153009	isuconquest.go.service	1	1.675055	0.837527	1.675155	0.000000	1101701120	28.399894	1250365440	0.000000	0.000000	10
153	2026-09-25T04:47:47.479419704Z	153009	nginx.service	0	0.000000	0.000000	0.000000	0.000000	0	0.000000	0	0.000000	0.000000	0
153	2026-09-25T04:47:47.479419704Z	153009	mysql.service	1	1.252966	0.626483	1.112070	0.140796	2035965952	52.483578	2512388096	0.000000	1642451.801622	57
154	2026-09-25T04:47:48.479420553Z	154009	isuconquest.go.service	1	1.592899	0.796449	1.585899	0.007000	1101574144	28.396621	1250365440	0.000000	0.000000	10
154	2026-09-25T04:47:48.479420553Z	154009	nginx.service	0	0.000000	0.000000	0.000000	0.000000	0	0.000000	0	0.000000	0.000000	0
154	2026-09-25T04:47:48.479420553Z	154009	mysql.service	1	1.197499	0.598749	0.697999	0.499600	2035965952	52.483578	2512388096	0.000000	1642494.605522	57
155	2026-09-25T04:47:49.479429659Z	155009	isuconquest.go.service	1	1.533186	0.766593	1.533186	0.000000	1101570048	28.396515	1250365440	0.000000	0.000000	10
155	2026-09-25T04:47:49.479429659Z	155009	nginx.service	0	0.000000	0.000000	0.000000	0.000000	0	0.000000	0	0.000000	0.000000	0
155	2026-09-25T04:47:49.479429659Z	155009	mysql.service	1	1.159689	0.579845	0.299497	0.860192	2035970048	52.483684	2512388096	0.000000	1642481.055065	57
156	2026-09-25T04:47:50.479843692Z	156010	isuconquest.go.service	1	1.585244	0.792622	1.450100	0.135044	1101701120	28.399894	1250365440	0.000000	0.000000	10
156	2026-09-25T04:47:50.479843692Z	156010	nginx.service	0	0.000000	0.000000	0.000000	0.000000	0	0.000000	0	0.000000	0.000000	0
156	2026-09-25T04:47:50.479843692Z	156010	mysql.service	1	1.173514	0.586757	1.087750	0.085665	2035965952	52.483578	2512388096	0.000000	1543552.913526	57
157	2026-09-25T04:47:51.48024579Z	157010	isuconquest.go.service	1	142.497403	71.248702	129.315004	13.182400	1164787712	30.026154	1250365440	0.000000	41926181.943429	10
157	2026-09-25T04:47:51.48024579Z	157010	nginx.service	0	0.000000	0.000000	0.000000	0.000000	0	0.000000	0	0.000000	0.000000	0
157	2026-09-25T04:47:51.48024579Z	157010	mysql.service	1	1.566770	0.783385	0.661134	0.905736	2024194048	52.180120	2512388096	0.000000	822965.094788	57
158	2026-09-25T04:47:52.479587516Z	158009	isuconquest.go.service	1	155.301330	77.650665	147.873641	7.427689	1192898560	30.750802	1250365440	0.000000	117517870.371011	10
158	2026-09-25T04:47:52.479587516Z	158009	nginx.service	0	0.000000	0.000000	0.000000	0.000000	0	0.000000	0	0.000000	0.000000	0
158	2026-09-25T04:47:52.479587516Z	158009	mysql.service	1	1.665596	0.832798	0.747992	0.917604	2016743424	51.988056	2512388096	0.000000	823838.307219	57
159	2026-09-25T04:47:53.480250566Z	159010	isuconquest.go.service	1	5.176168	2.588084	2.365532	2.810736	1095229440	28.233066	1250365440	32746.287574	59029276.638125	10
159	2026-09-25T04:47:53.480250566Z	159010	nginx.service	0	0.000000	0.000000	0.000000	0.000000	0	0.000000	0	0.000000	0.000000	0
159	2026-09-25T04:47:53.480250566Z	159010	mysql.service	1	1.103069	0.551534	0.979051	0.124018	2016743424	51.988056	2512388096	0.000000	822750.475297	57
160	2026-09-25T04:47:54.479623593Z	160009	isuconquest.go.service	1	1.364255	0.682128	1.259690	0.104566	1095221248	28.232854	1250365440	0.000000	0.000000	10
160	2026-09-25T04:47:54.479623593Z	160009	nginx.service	0	0.000000	0.000000	0.000000	0.000000	0	0.000000	0	0.000000	0.000000	0
160	2026-09-25T04:47:54.479623593Z	160009	mysql.service	1	1.067269	0.533635	0.582065	0.485104	2016743424	51.988056	2512388096	0.000000	528715.489808	57
161	2026-09-25T04:47:55.47942798Z	161009	isuconquest.go.service	1	1.264947	0.632474	1.179031	0.085917	1095213056	28.232643	1250365440	0.000000	0.000000	10
161	2026-09-25T04:47:55.47942798Z	161009	nginx.service	0	0.000000	0.000000	0.000000	0.000000	0	0.000000	0	0.000000	0.000000	0
161	2026-09-25T04:47:55.47942798Z	161009	mysql.service	1	1.080511	0.540256	1.005297	0.075315	2016882688	51.991646	2512388096	4096.801429	4096.801429	57
162	2026-09-25T04:47:56.479421034Z	162009	isuconquest.go.service	1	1.136408	0.568204	1.074507	0.061800	1095213056	28.232643	1250365440	0.000000	0.000000	10
162	2026-09-25T04:47:56.479421034Z	162009	nginx.service	0	0.000000	0.000000	0.000000	0.000000	0	0.000000	0	0.000000	0.000000	0
162	2026-09-25T04:47:56.479421034Z	162009	mysql.service	1	0.983907	0.491953	0.873306	0.110601	2016747520	51.988162	2512388096	0.000000	0.000000	57
163	2026-09-25T04:47:57.479419541Z	163009	isuconquest.go.service	1	1.043902	0.521951	0.923701	0.120300	1095208960	28.232538	1250365440	0.000000	0.000000	10
163	2026-09-25T04:47:57.479419541Z	163009	nginx.service	0	0.000000	0.000000	0.000000	0.000000	0	0.000000	0	0.000000	0.000000	0
163	2026-09-25T04:47:57.479419541Z	163009	mysql.service	1	0.995001	0.497501	0.518101	0.476801	2016747520	51.988162	2512388096	0.000000	0.000000	57
164	2026-09-25T04:47:58.479419345Z	164009	isuconquest.go.service	1	1.052800	0.526400	1.006700	0.046100	1095340032	28.235916	1250365440	0.000000	0.000000	10
164	2026-09-25T04:47:58.479419345Z	164009	nginx.service	0	0.000000	0.000000	0.000000	0.000000	0	0.000000	0	0.000000	0.000000	0
164	2026-09-25T04:47:58.479419345Z	164009	mysql.service	1	0.910700	0.455350	0.808300	0.102400	2016747520	51.988162	2512388096	0.000000	0.000000	57
165	2026-09-25T04:47:59.479420754Z	165009	isuconquest.go.service	1	1.045699	0.522849	0.925099	0.120500	1095208960	28.232538	1250365440	0.000000	0.000000	10
165	2026-09-25T04:47:59.479420754Z	165009	nginx.service	0	0.000000	0.000000	0.000000	0.000000	0	0.000000	0	0.000000	0.000000	0
165	2026-09-25T04:47:59.479420754Z	165009	mysql.service	1	0.979799	0.489899	0.869599	0.110200	2016747520	51.988162	2512388096	0.000000	0.000000	57
166	2026-09-25T04:48:00.479429845Z	166009	isuconquest.go.service	1	1.033791	0.516895	0.839692	0.194198	1095208960	28.232538	1250365440	0.000000	0.000000	10
166	2026-09-25T04:48:00.479429845Z	166009	nginx.service	0	0.000000	0.000000	0.000000	0.000000	0	0.000000	0	0.000000	0.000000	0
166	2026-09-25T04:48:00.479429845Z	166009	mysql.service	1	0.877792	0.438896	0.779093	0.098699	2016747520	51.988162	2512388096	0.000000	0.000000	57
167	2026-09-25T04:48:01.479819005Z	167010	isuconquest.go.service	1	1.077381	0.538690	1.026700	0.050680	1095208960	28.232538	1250365440	0.000000	0.000000	10
167	2026-09-25T04:48:01.479819005Z	167010	nginx.service	0	0.000000	0.000000	0.000000	0.000000	0	0.000000	0	0.000000	0.000000	0
167	2026-09-25T04:48:01.479819005Z	167010	mysql.service	1	0.892153	0.446076	0.791792	0.100361	2016747520	51.988162	2512388096	0.000000	0.000000	57
168	2026-09-25T04:48:02.480211849Z	168010	isuconquest.go.service	1	1.045589	0.522795	0.672936	0.372554	1095204864	28.232432	1250365440	0.000000	0.000000	10
168	2026-09-25T04:48:02.480211849Z	168010	nginx.service	0	0.000000	0.000000	0.000000	0.000000	0	0.000000	0	0.000000	0.000000	0
168	2026-09-25T04:48:02.480211849Z	168010	mysql.service	1	0.962422	0.481211	0.854264	0.108257	2016747520	51.988162	2512388096	0.000000	0.000000	57
169	2026-09-25T04:48:03.479580887Z	169009	isuconquest.go.service	1	1.119706	0.559853	0.657015	0.462692	1095213056	28.232643	1250365440	0.000000	0.000000	10
169	2026-09-25T04:48:03.479580887Z	169009	nginx.service	0	0.000000	0.000000	0.000000	0.000000	0	0.000000	0	0.000000	0.000000	0
169	2026-09-25T04:48:03.479580887Z	169009	mysql.service	1	0.972213	0.486107	0.862844	0.109269	2016747520	51.988162	2512388096	0.000000	0.000000	57
170	2026-09-25T04:48:04.479695092Z	170009	isuconquest.go.service	1	1.106874	0.553437	0.974889	0.132085	1095208960	28.232538	1250365440	0.000000	0.000000	10
170	2026-09-25T04:48:04.479695092Z	170009	nginx.service	0	0.000000	0.000000	0.000000	0.000000	0	0.000000	0	0.000000	0.000000	0
170	2026-09-25T04:48:04.479695092Z	170009	mysql.service	1	0.877100	0.438550	0.824706	0.052394	2016747520	51.988162	2512388096	0.000000	0.000000	57
171	2026-09-25T04:48:05.479422358Z	171009	isuconquest.go.service	1	1.060989	0.530495	0.861635	0.199254	1095208960	28.232538	1250365440	0.000000	0.000000	10
171	2026-09-25T04:48:05.479422358Z	171009	nginx.service	0	0.000000	0.000000	0.000000	0.000000	0	0.000000	0	0.000000	0.000000	0
171	2026-09-25T04:48:05.479422358Z	171009	mysql.service	1	1.072092	0.536046	0.586460	0.485632	2016751616	51.988267	2512388096	0.000000	0.000000	57
172	2026-09-25T04:48:06.479431356Z	172009	isuconquest.go.service	1	1.069690	0.534845	1.020591	0.049100	1095340032	28.235916	1250365440	0.000000	0.000000	10
172	2026-09-25T04:48:06.479431356Z	172009	nginx.service	0	0.000000	0.000000	0.000000	0.000000	0	0.000000	0	0.000000	0.000000	0
172	2026-09-25T04:48:06.479431356Z	172009	mysql.service	1	1.001191	0.500595	0.158799	0.842492	2016747520	51.988162	2512388096	0.000000	0.000000	57
173	2026-09-25T04:48:07.479799788Z	173010	isuconquest.go.service	1	1.064808	0.532404	0.612674	0.452233	1095208960	28.232538	1250365440	0.000000	0.000000	10
173	2026-09-25T04:48:07.479799788Z	173010	nginx.service	0	0.000000	0.000000	0.000000	0.000000	0	0.000000	0	0.000000	0.000000	0
173	2026-09-25T04:48:07.479799788Z	173010	mysql.service	1	0.943852	0.471926	0.837691	0.106161	2016747520	51.988162	2512388096	0.000000	0.000000	57
174	2026-09-25T04:48:08.480160448Z	174010	isuconquest.go.service	1	1.074612	0.537306	0.620076	0.454536	1095213056	28.232643	1250365440	0.000000	0.000000	10
174	2026-09-25T04:48:08.480160448Z	174010	nginx.service	0	0.000000	0.000000	0.000000	0.000000	0	0.000000	0	0.000000	0.000000	0
174	2026-09-25T04:48:08.480160448Z	174010	mysql.service	1	0.901975	0.450987	0.800411	0.101463	2016747520	51.988162	2512388096	0.000000	0.000000	57
175	2026-09-25T04:48:09.479496774Z	175009	isuconquest.go.service	1	1.119943	0.559972	1.061504	0.058439	1095340032	28.235916	1250365440	0.000000	0.000000	10
175	2026-09-25T04:48:09.479496774Z	175009	nginx.service	0	0.000000	0.000000	0.000000	0.000000	0	0.000000	0	0.000000	0.000000	0
175	2026-09-25T04:48:09.479496774Z	175009	mysql.service	1	0.855868	0.427934	0.759704	0.096264	2016747520	51.988162	2512388096	0.000000	0.000000	57
176	2026-09-25T04:48:10.479887568Z	176010	isuconquest.go.service	1	1.155648	0.577824	0.838072	0.317476	1095208960	28.232538	1250365440	0.000000	0.000000	10
176	2026-09-25T04:48:10.479887568Z	176010	nginx.service	0	0.000000	0.000000	0.000000	0.000000	0	0.000000	0	0.000000	0.000000	0
176	2026-09-25T04:48:10.479887568Z	176010	mysql.service	1	0.895850	0.447925	0.795089	0.100761	2016747520	51.988162	2512388096	0.000000	0.000000	57
177	2026-09-25T04:48:11.479425729Z	177009	isuconquest.go.service	1	1.050085	0.525042	0.852894	0.197291	1095208960	28.232538	1250365440	0.000000	0.000000	10
177	2026-09-25T04:48:11.479425729Z	177009	nginx.service	0	0.000000	0.000000	0.000000	0.000000	0	0.000000	0	0.000000	0.000000	0
177	2026-09-25T04:48:11.479425729Z	177009	mysql.service	1	0.900616	0.450308	0.799369	0.101247	2016747520	51.988162	2512388096	0.000000	0.000000	57
178	2026-09-25T04:48:12.47978865Z	178010	isuconquest.go.service	1	1.040322	0.520161	0.516613	0.523610	1095208960	28.232538	1250365440	0.000000	0.000000	10
178	2026-09-25T04:48:12.47978865Z	178010	nginx.service	0	0.000000	0.000000	0.000000	0.000000	0	0.000000	0	0.000000	0.000000	0
178	2026-09-25T04:48:12.47978865Z	178010	mysql.service	1	0.895575	0.447787	0.794712	0.100763	2016747520	51.988162	2512388096	0.000000	0.000000	57
179	2026-09-25T04:48:13.48017806Z	179010	isuconquest.go.service	1	1.073082	0.536541	0.619259	0.453923	1095204864	28.232432	1250365440	0.000000	0.000000	10
179	2026-09-25T04:48:13.48017806Z	179010	nginx.service	0	0.000000	0.000000	0.000000	0.000000	0	0.000000	0	0.000000	0.000000	0
179	2026-09-25T04:48:13.48017806Z	179010	mysql.service	1	0.968523	0.484261	0.905947	0.062676	2016747520	51.988162	2512388096	0.000000	0.000000	57
180	2026-09-25T04:48:14.479500795Z	180009	isuconquest.go.service	1	1.068524	0.534262	1.019791	0.048733	1095340032	28.235916	1250365440	0.000000	0.000000	10
180	2026-09-25T04:48:14.479500795Z	180009	nginx.service	0	0.000000	0.000000	0.000000	0.000000	0	0.000000	0	0.000000	0.000000	0
180	2026-09-25T04:48:14.479500795Z	180009	mysql.service	1	0.886100	0.443050	0.832664	0.053336	2016747520	51.988162	2512388096	0.000000	0.000000	57
181	2026-09-25T04:48:15.479857006Z	181010	isuconquest.go.service	1	1.101808	0.550904	0.794317	0.307391	1095204864	28.232432	1250365440	0.000000	0.000000	10
181	2026-09-25T04:48:15.479857006Z	181010	nginx.service	0	0.000000	0.000000	0.000000	0.000000	0	0.000000	0	0.000000	0.000000	0
181	2026-09-25T04:48:15.479857006Z	181010	mysql.service	1	0.966856	0.483428	0.858194	0.108761	2016751616	51.988267	2512388096	0.000000	0.000000	57
182	2026-09-25T04:48:16.479427089Z	182009	isuconquest.go.service	1	1.114879	0.557440	1.114979	0.000000	1095204864	28.232432	1250365440	0.000000	0.000000	10
182	2026-09-25T04:48:16.479427089Z	182009	nginx.service	0	0.000000	0.000000	0.000000	0.000000	0	0.000000	0	0.000000	0.000000	0
182	2026-09-25T04:48:16.479427089Z	182009	mysql.service	1	1.003531	0.501766	0.890683	0.112849	2016747520	51.988162	2512388096	0.000000	0.000000	57
183	2026-09-25T04:48:17.479859423Z	183010	isuconquest.go.service	1	1.085131	0.542565	0.471296	0.613835	1095204864	28.232432	1250365440	0.000000	0.000000	10
183	2026-09-25T04:48:17.479859423Z	183010	nginx.service	0	0.000000	0.000000	0.000000	0.000000	0	0.000000	0	0.000000	0.000000	0
183	2026-09-25T04:48:17.479859423Z	183010	mysql.service	1	0.947390	0.473695	0.840836	0.106554	2016747520	51.988162	2512388096	0.000000	0.000000	57
184	2026-09-25T04:48:18.480195666Z	184010	isuconquest.go.service	1	1.115625	0.557812	0.981870	0.133755	1095340032	28.235916	1250365440	0.000000	0.000000	10
184	2026-09-25T04:48:18.480195666Z	184010	nginx.service	0	0.000000	0.000000	0.000000	0.000000	0	0.000000	0	0.000000	0.000000	0
184	2026-09-25T04:48:18.480195666Z	184010	mysql.service	1	0.871107	0.435554	0.773140	0.097967	2016747520	51.988162	2512388096	0.000000	0.000000	57
185	2026-09-25T04:48:19.480194997Z	185010	isuconquest.go.service	1	1.056701	0.528350	0.934001	0.122700	1095340032	28.235916	1250365440	0.000000	0.000000	10
185	2026-09-25T04:48:19.480194997Z	185010	nginx.service	0	0.000000	0.000000	0.000000	0.000000	0	0.000000	0	0.000000	0.000000	0
185	2026-09-25T04:48:19.480194997Z	185010	mysql.service	1	0.895301	0.447650	0.794601	0.100700	2016747520	51.988162	2512388096	0.000000	0.000000	57
186	2026-09-25T04:48:20.479421161Z	186009	isuconquest.go.service	1	1.074932	0.537466	0.872875	0.202056	1095208960	28.232538	1250365440	0.000000	0.000000	10
186	2026-09-25T04:48:20.479421161Z	186009	nginx.service	0	0.000000	0.000000	0.000000	0.000000	0	0.000000	0	0.000000	0.000000	0
186	2026-09-25T04:48:20.479421161Z	186009	mysql.service	1	0.933222	0.466611	0.828241	0.104981	2016747520	51.988162	2512388096	0.000000	0.000000	57
187	2026-09-25T04:48:21.479781244Z	187010	isuconquest.go.service	1	1.121396	0.560698	0.986545	0.134751	1095208960	28.232538	1250365440	0.000000	0.000000	10
187	2026-09-25T04:48:21.479781244Z	187010	nginx.service	0	0.000000	0.000000	0.000000	0.000000	0	0.000000	0	0.000000	0.000000	0
187	2026-09-25T04:48:21.479781244Z	187010	mysql.service	1	0.813907	0.406953	0.722340	0.091467	2016747520	51.988162	2512388096	0.000000	0.000000	57
188	2026-09-25T04:48:22.479423227Z	188009	isuconquest.go.service	1	1.065982	0.532991	0.865610	0.200472	1095208960	28.232538	1250365440	0.000000	0.000000	10
188	2026-09-25T04:48:22.479423227Z	188009	nginx.service	0	0.000000	0.000000	0.000000	0.000000	0	0.000000	0	0.000000	0.000000	0
188	2026-09-25T04:48:22.479423227Z	188009	mysql.service	1	0.840401	0.420200	0.745867	0.094534	2016747520	51.988162	2512388096	0.000000	0.000000	57
189	2026-09-25T04:48:23.479420222Z	189009	isuconquest.go.service	1	1.100703	0.550352	1.045803	0.054800	1095340032	28.235916	1250365440	0.000000	0.000000	10
189	2026-09-25T04:48:23.479420222Z	189009	nginx.service	0	0.000000	0.000000	0.000000	0.000000	0	0.000000	0	0.000000	0.000000	0
189	2026-09-25T04:48:23.479420222Z	189009	mysql.service	1	0.879903	0.439951	0.781002	0.099000	2016747520	51.988162	2512388096	0.000000	0.000000	57
190	2026-09-25T04:48:24.47942012Z	190009	isuconquest.go.service	1	1.196000	0.598000	0.870900	0.325200	1095208960	28.232538	1250365440	0.000000	0.000000	10
190	2026-09-25T04:48:24.47942012Z	190009	nginx.service	0	0.000000	0.000000	0.000000	0.000000	0	0.000000	0	0.000000	0.000000	0
190	2026-09-25T04:48:24.47942012Z	190009	mysql.service	1	1.109600	0.554800	0.984800	0.124800	2016747520	51.988162	2512388096	0.000000	0.000000	57
191	2026-09-25T04:48:25.479420609Z	191009	isuconquest.go.service	1	1.106299	0.553150	1.050299	0.055900	1095208960	28.232538	1250365440	0.000000	0.000000	10
191	2026-09-25T04:48:25.479420609Z	191009	nginx.service	0	0.000000	0.000000	0.000000	0.000000	0	0.000000	0	0.000000	0.000000	0
191	2026-09-25T04:48:25.479420609Z	191009	mysql.service	1	0.939300	0.469650	0.833600	0.105600	2016878592	51.991540	2512388096	0.000000	0.000000	57
192	2026-09-25T04:48:26.47942039Z	192009	isuconquest.go.service	1	1.054800	0.527400	0.856600	0.198200	1095208960	28.232538	1250365440	0.000000	0.000000	10
192	2026-09-25T04:48:26.47942039Z	192009	nginx.service	0	0.000000	0.000000	0.000000	0.000000	0	0.000000	0	0.000000	0.000000	0
192	2026-09-25T04:48:26.47942039Z	192009	mysql.service	1	0.953700	0.476850	0.846500	0.107300	2016747520	51.988162	2512388096	0.000000	0.000000	57
193	2026-09-25T04:48:27.479425458Z	193009	isuconquest.go.service	1	1.095394	0.547697	0.889595	0.205899	1095208960	28.232538	1250365440	0.000000	0.000000	10
193	2026-09-25T04:48:27.479425458Z	193009	nginx.service	0	0.000000	0.000000	0.000000	0.000000	0	0.000000	0	0.000000	0.000000	0
193	2026-09-25T04:48:27.479425458Z	193009	mysql.service	1	0.993395	0.496697	0.881696	0.111699	2016747520	51.988162	2512388096	0.000000	0.000000	57
194	2026-09-25T04:48:28.47942023Z	194009	isuconquest.go.service	1	1.131506	0.565753	1.131406	0.000000	1095208960	28.232538	1250365440	0.000000	0.000000	10
194	2026-09-25T04:48:28.47942023Z	194009	nginx.service	0	0.000000	0.000000	0.000000	0.000000	0	0.000000	0	0.000000	0.000000	0
194	2026-09-25T04:48:28.47942023Z	194009	mysql.service	1	0.872005	0.436002	0.408902	0.463102	2016747520	51.988162	2512388096	0.000000	0.000000	57
195	2026-09-25T04:48:29.479421521Z	195009	isuconquest.go.service	1	1.037299	0.518649	0.605299	0.431999	1095213056	28.232643	1250365440	0.000000	0.000000	10
195	2026-09-25T04:48:29.479421521Z	195009	nginx.service	0	0.000000	0.000000	0.000000	0.000000	0	0.000000	0	0.000000	0.000000	0
195	2026-09-25T04:48:29.479421521Z	195009	mysql.service	1	0.948699	0.474349	0.841999	0.106700	2016747520	51.988162	2512388096	0.000000	0.000000	57
196	2026-09-25T04:48:30.479420374Z	196009	isuconquest.go.service	1	1.122401	0.561201	0.482601	0.639901	1095208960	28.232538	1250365440	0.000000	0.000000	10
196	2026-09-25T04:48:30.479420374Z	196009	nginx.service	0	0.000000	0.000000	0.000000	0.000000	0	0.000000	0	0.000000	0.000000	0
196	2026-09-25T04:48:30.479420374Z	196009	mysql.service	1	0.820701	0.410350	0.728401	0.092300	2016747520	51.988162	2512388096	0.000000	0.000000	57
197	2026-09-25T04:48:31.479420423Z	197009	isuconquest.go.service	1	1.048200	0.524100	1.003200	0.044900	1095208960	28.232538	1250365440	0.000000	0.000000	10
197	2026-09-25T04:48:31.479420423Z	197009	nginx.service	0	0.000000	0.000000	0.000000	0.000000	0	0.000000	0	0.000000	0.000000	0
197	2026-09-25T04:48:31.479420423Z	197009	mysql.service	1	0.949700	0.474850	0.842900	0.106800	2016747520	51.988162	2512388096	0.000000	0.000000	57
198	2026-09-25T04:48:32.479421398Z	198009	isuconquest.go.service	1	1.069499	0.534749	0.868499	0.201100	1095208960	28.232538	1250365440	0.000000	0.000000	10
198	2026-09-25T04:48:32.479421398Z	198009	nginx.service	0	0.000000	0.000000	0.000000	0.000000	0	0.000000	0	0.000000	0.000000	0
198	2026-09-25T04:48:32.479421398Z	198009	mysql.service	1	0.955599	0.477800	0.848099	0.107500	2016747520	51.988162	2512388096	0.000000	0.000000	57
199	2026-09-25T04:48:33.479431114Z	199009	isuconquest.go.service	1	1.072890	0.536445	0.770793	0.302097	1095208960	28.232538	1250365440	0.000000	0.000000	10
199	2026-09-25T04:48:33.479431114Z	199009	nginx.service	0	0.000000	0.000000	0.000000	0.000000	0	0.000000	0	0.000000	0.000000	0
199	2026-09-25T04:48:33.479431114Z	199009	mysql.service	1	0.902891	0.451446	0.801392	0.101499	2016747520	51.988162	2512388096	0.000000	0.000000	57
200	2026-09-25T04:48:34.479907684Z	200010	isuconquest.go.service	1	1.048001	0.524000	0.926958	0.120942	1095208960	28.232538	1250365440	0.000000	0.000000	10
200	2026-09-25T04:48:34.479907684Z	200010	nginx.service	0	0.000000	0.000000	0.000000	0.000000	0	0.000000	0	0.000000	0.000000	0
200	2026-09-25T04:48:34.479907684Z	200010	mysql.service	1	0.932056	0.466028	0.827206	0.104850	2016747520	51.988162	2512388096	0.000000	0.000000	57
201	2026-09-25T04:48:35.479421309Z	201009	isuconquest.go.service	1	1.090831	0.545415	0.304348	0.786483	1095208960	28.232538	1250365440	0.000000	0.000000	10
201	2026-09-25T04:48:35.479421309Z	201009	nginx.service	0	0.000000	0.000000	0.000000	0.000000	0	0.000000	0	0.000000	0.000000	0
201	2026-09-25T04:48:35.479421309Z	201009	mysql.service	1	1.038605	0.519303	0.921748	0.116757	2016878592	51.991540	2512388096	0.000000	0.000000	57
202	2026-09-25T04:48:36.479420744Z	202009	isuconquest.go.service	1	1.062601	0.531300	0.686500	0.376200	1095213056	28.232643	1250365440	0.000000	0.000000	10
202	2026-09-25T04:48:36.479420744Z	202009	nginx.service	0	0.000000	0.000000	0.000000	0.000000	0	0.000000	0	0.000000	0.000000	0
202	2026-09-25T04:48:36.479420744Z	202009	mysql.service	1	1.024901	0.512450	0.909601	0.115300	2016747520	51.988162	2512388096	0.000000	0.000000	57
203	2026-09-25T04:48:37.479419404Z	203009	isuconquest.go.service	1	1.059101	0.529551	0.936001	0.123100	1095208960	28.232538	1250365440	0.000000	0.000000	10
203	2026-09-25T04:48:37.479419404Z	203009	nginx.service	0	0.000000	0.000000	0.000000	0.000000	0	0.000000	0	0.000000	0.000000	0
203	2026-09-25T04:48:37.479419404Z	203009	mysql.service	1	0.915901	0.457951	0.812901	0.103000	2016747520	51.988162	2512388096	0.000000	0.000000	57
204	2026-09-25T04:48:38.479419519Z	204009	isuconquest.go.service	1	1.213900	0.606950	0.809200	0.404700	1095340032	28.235916	1250365440	0.000000	0.000000	10
204	2026-09-25T04:48:38.479419519Z	204009	nginx.service	0	0.000000	0.000000	0.000000	0.000000	0	0.000000	0	0.000000	0.000000	0
204	2026-09-25T04:48:38.479419519Z	204009	mysql.service	1	0.941900	0.470950	0.836000	0.105900	2016747520	51.988162	2512388096	0.000000	0.000000	57
205	2026-09-25T04:48:39.479435356Z	205009	isuconquest.go.service	1	1.112482	0.556241	0.574591	0.537891	1095340032	28.235916	1250365440	0.000000	0.000000	10
205	2026-09-25T04:48:39.479435356Z	205009	nginx.service	0	0.000000	0.000000	0.000000	0.000000	0	0.000000	0	0.000000	0.000000	0
205	2026-09-25T04:48:39.479435356Z	205009	mysql.service	1	0.961885	0.480942	0.853686	0.108198	2016747520	51.988162	2512388096	0.000000	0.000000	57
206	2026-09-25T04:48:40.479891765Z	206010	isuconquest.go.service	1	1.161070	0.580535	0.942470	0.218500	1095208960	28.232538	1250365440	0.000000	0.000000	10
206	2026-09-25T04:48:40.479891765Z	206010	nginx.service	0	0.000000	0.000000	0.000000	0.000000	0	0.000000	0	0.000000	0.000000	0
206	2026-09-25T04:48:40.479891765Z	206010	mysql.service	1	0.844015	0.422007	0.749158	0.094957	2016747520	51.988162	2512388096	0.000000	0.000000	57
207	2026-09-25T04:48:41.479853622Z	207010	isuconquest.go.service	1	1.125143	0.562571	0.913435	0.211808	1095208960	28.232538	1250365440	0.000000	0.000000	10
207	2026-09-25T04:48:41.479853622Z	207010	nginx.service	0	0.000000	0.000000	0.000000	0.000000	0	0.000000	0	0.000000	0.000000	0
207	2026-09-25T04:48:41.479853622Z	207010	mysql.service	1	0.956336	0.478168	0.848732	0.107504	2016747520	51.988162	2512388096	0.000000	0.000000	57
208	2026-09-25T04:48:42.480290949Z	208010	isuconquest.go.service	1	1.047242	0.523621	1.047142	0.000000	1095208960	28.232538	1250365440	0.000000	0.000000	10
208	2026-09-25T04:48:42.480290949Z	208010	nginx.service	0	0.000000	0.000000	0.000000	0.000000	0	0.000000	0	0.000000	0.000000	0
208	2026-09-25T04:48:42.480290949Z	208010	mysql.service	1	1.041545	0.520772	0.924496	0.117149	2016747520	51.988162	2512388096	0.000000	0.000000	57
209	2026-09-25T04:48:43.479420226Z	209009	isuconquest.go.service	1	1.074836	0.537418	1.056620	0.018216	1095213056	28.232643	1250365440	0.000000	0.000000	10
209	2026-09-25T04:48:43.479420226Z	209009	nginx.service	0	0.000000	0.000000	0.000000	0.000000	0	0.000000	0	0.000000	0.000000	0
209	2026-09-25T04:48:43.479420226Z	209009	mysql.service	1	1.038404	0.519202	0.921502	0.116802	2016747520	51.988162	2512388096	0.000000	0.000000	57
210	2026-09-25T04:48:44.479421318Z	210009	isuconquest.go.service	1	1.062899	0.531449	0.862899	0.200000	1095208960	28.232538	1250365440	0.000000	0.000000	10
210	2026-09-25T04:48:44.479421318Z	210009	nginx.service	0	0.000000	0.000000	0.000000	0.000000	0	0.000000	0	0.000000	0.000000	0
210	2026-09-25T04:48:44.479421318Z	210009	mysql.service	1	0.928599	0.464299	0.824199	0.104500	2016747520	51.988162	2512388096	0.000000	0.000000	57
211	2026-09-25T04:48:45.479419752Z	211009	isuconquest.go.service	1	1.097302	0.548651	0.638301	0.459101	1095208960	28.232538	1250365440	0.000000	0.000000	10
211	2026-09-25T04:48:45.479419752Z	211009	nginx.service	0	0.000000	0.000000	0.000000	0.000000	0	0.000000	0	0.000000	0.000000	0
211	2026-09-25T04:48:45.479419752Z	211009	mysql.service	1	1.065902	0.532951	0.580901	0.484901	2016751616	51.988267	2512388096	0.000000	0.000000	57
212	2026-09-25T04:48:46.479503462Z	212009	isuconquest.go.service	1	1.064811	0.532405	1.016815	0.047896	1095208960	28.232538	1250365440	0.000000	0.000000	10
212	2026-09-25T04:48:46.479503462Z	212009	nginx.service	0	0.000000	0.000000	0.000000	0.000000	0	0.000000	0	0.000000	0.000000	0
212	2026-09-25T04:48:46.479503462Z	212009	mysql.service	1	0.992017	0.496008	0.880526	0.111591	2016747520	51.988162	2512388096	0.000000	0.000000	57
213	2026-09-25T04:48:47.47942064Z	213009	isuconquest.go.service	1	1.176597	0.588299	0.449937	0.726660	1095208960	28.232538	1250365440	0.000000	0.000000	10
213	2026-09-25T04:48:47.47942064Z	213009	nginx.service	0	0.000000	0.000000	0.000000	0.000000	0	0.000000	0	0.000000	0.000000	0
213	2026-09-25T04:48:47.47942064Z	213009	mysql.service	1	0.961580	0.480790	0.488240	0.473239	2016747520	51.988162	2512388096	0.000000	0.000000	57
214	2026-09-25T04:48:48.479417954Z	214009	isuconquest.go.service	1	1.100103	0.550051	0.388101	0.712102	1095340032	28.235916	1250365440	0.000000	0.000000	10
214	2026-09-25T04:48:48.479417954Z	214009	nginx.service	0	0.000000	0.000000	0.000000	0.000000	0	0.000000	0	0.000000	0.000000	0
214	2026-09-25T04:48:48.479417954Z	214009	mysql.service	1	1.045503	0.522751	0.927902	0.117600	2016747520	51.988162	2512388096	0.000000	0.000000	57
215	2026-09-25T04:48:49.479422062Z	215009	isuconquest.go.service	1	1.056996	0.528498	1.056896	0.000000	1095208960	28.232538	1250365440	0.000000	0.000000	10
215	2026-09-25T04:48:49.479422062Z	215009	nginx.service	0	0.000000	0.000000	0.000000	0.000000	0	0.000000	0	0.000000	0.000000	0
215	2026-09-25T04:48:49.479422062Z	215009	mysql.service	1	0.996396	0.498198	0.930596	0.065800	2016747520	51.988162	2512388096	0.000000	0.000000	57
216	2026-09-25T04:48:50.479491072Z	216009	isuconquest.go.service	1	1.063327	0.531663	0.716651	0.346676	1095208960	28.232538	1250365440	0.000000	0.000000	10
216	2026-09-25T04:48:50.479491072Z	216009	nginx.service	0	0.000000	0.000000	0.000000	0.000000	0	0.000000	0	0.000000	0.000000	0
216	2026-09-25T04:48:50.479491072Z	216009	mysql.service	1	0.976233	0.488116	0.501365	0.474967	2016747520	51.988162	2512388096	0.000000	0.000000	57
217	2026-09-25T04:48:51.479965129Z	217010	isuconquest.go.service	1	1.133363	0.566681	0.743847	0.389515	1095208960	28.232538	1250365440	0.000000	0.000000	10
217	2026-09-25T04:48:51.479965129Z	217010	nginx.service	0	0.000000	0.000000	0.000000	0.000000	0	0.000000	0	0.000000	0.000000	0
217	2026-09-25T04:48:51.479965129Z	217010	mysql.service	1	1.019317	0.509658	0.904671	0.114646	2016747520	51.988162	2512388096	0.000000	0.000000	57
218	2026-09-25T04:48:52.480316092Z	218010	isuconquest.go.service	1	1.137901	0.568950	0.671264	0.466736	1095340032	28.235916	1250365440	0.000000	0.000000	10
218	2026-09-25T04:48:52.480316092Z	218010	nginx.service	0	0.000000	0.000000	0.000000	0.000000	0	0.000000	0	0.000000	0.000000	0
218	2026-09-25T04:48:52.480316092Z	218010	mysql.service	1	0.952266	0.476133	0.845203	0.107062	2016747520	51.988162	2512388096	0.000000	0.000000	57
219	2026-09-25T04:48:53.479655936Z	219009	isuconquest.go.service	1	1.090020	0.545010	1.037385	0.052635	1095208960	28.232538	1250365440	0.000000	0.000000	10
219	2026-09-25T04:48:53.479655936Z	219009	nginx.service	0	0.000000	0.000000	0.000000	0.000000	0	0.000000	0	0.000000	0.000000	0
219	2026-09-25T04:48:53.479655936Z	219009	mysql.service	1	0.938119	0.469060	0.832550	0.105570	2016747520	51.988162	2512388096	0.000000	0.000000	57
220	2026-09-25T04:48:54.480093016Z	220010	isuconquest.go.service	1	1.072131	0.536066	1.022653	0.049478	1095340032	28.235916	1250365440	0.000000	0.000000	10
220	2026-09-25T04:48:54.480093016Z	220010	nginx.service	0	0.000000	0.000000	0.000000	0.000000	0	0.000000	0	0.000000	0.000000	0
220	2026-09-25T04:48:54.480093016Z	220010	mysql.service	1	0.915600	0.457800	0.812645	0.102955	2016747520	51.988162	2512388096	0.000000	0.000000	57
221	2026-09-25T04:48:55.479423123Z	221009	isuconquest.go.service	1	1.122452	0.561226	0.987361	0.134990	1095208960	28.232538	1250365440	0.000000	0.000000	10
221	2026-09-25T04:48:55.479423123Z	221009	nginx.service	0	0.000000	0.000000	0.000000	0.000000	0	0.000000	0	0.000000	0.000000	0
221	2026-09-25T04:48:55.479423123Z	221009	mysql.service	1	1.127555	0.563778	0.635326	0.492130	2016878592	51.991540	2512388096	0.000000	0.000000	57
222	2026-09-25T04:48:56.47941894Z	222009	isuconquest.go.service	1	1.085805	0.542902	1.085805	0.000000	1095344128	28.236022	1250365440	0.000000	0.000000	10
222	2026-09-25T04:48:56.47941894Z	222009	nginx.service	0	0.000000	0.000000	0.000000	0.000000	0	0.000000	0	0.000000	0.000000	0
222	2026-09-25T04:48:56.47941894Z	222009	mysql.service	1	0.940904	0.470452	0.835103	0.105900	2016747520	51.988162	2512388096	0.000000	0.000000	57
223	2026-09-25T04:48:57.479833864Z	223010	isuconquest.go.service	1	1.088049	0.544024	0.883833	0.204215	1095344128	28.236022	1250365440	0.000000	0.000000	10
223	2026-09-25T04:48:57.479833864Z	223010	nginx.service	0	0.000000	0.000000	0.000000	0.000000	0	0.000000	0	0.000000	0.000000	0
223	2026-09-25T04:48:57.479833864Z	223010	mysql.service	1	0.997986	0.498993	0.155735	0.842151	2016747520	51.988162	2512388096	0.000000	0.000000	57
224	2026-09-25T04:48:58.479420711Z	224009	isuconquest.go.service	1	1.070542	0.535271	0.945290	0.125352	1095217152	28.232749	1250365440	0.000000	0.000000	10
224	2026-09-25T04:48:58.479420711Z	224009	nginx.service	0	0.000000	0.000000	0.000000	0.000000	0	0.000000	0	0.000000	0.000000	0
224	2026-09-25T04:48:58.479420711Z	224009	mysql.service	1	1.003714	0.501857	0.937187	0.066628	2016747520	51.988162	2512388096	0.000000	0.000000	57
225	2026-09-25T04:48:59.479418527Z	225009	isuconquest.go.service	1	1.039802	0.519901	0.920302	0.119500	1095217152	28.232749	1250365440	0.000000	0.000000	10
225	2026-09-25T04:48:59.479418527Z	225009	nginx.service	0	0.000000	0.000000	0.000000	0.000000	0	0.000000	0	0.000000	0.000000	0
225	2026-09-25T04:48:59.479418527Z	225009	mysql.service	1	1.012302	0.506151	0.898402	0.113900	2016747520	51.988162	2512388096	0.000000	0.000000	57
226	2026-09-25T04:49:00.479420319Z	226009	isuconquest.go.service	1	1.069798	0.534899	0.692099	0.377699	1095213056	28.232643	1250365440	0.000000	0.000000	10
226	2026-09-25T04:49:00.479420319Z	226009	nginx.service	0	0.000000	0.000000	0.000000	0.000000	0	0.000000	0	0.000000	0.000000	0
226	2026-09-25T04:49:00.479420319Z	226009	mysql.service	1	0.977098	0.488549	0.867098	0.109900	2016747520	51.988162	2512388096	0.000000	0.000000	57
227	2026-09-25T04:49:01.479428318Z	227009	isuconquest.go.service	1	1.225490	0.612745	1.147291	0.078199	1095213056	28.232643	1250365440	0.000000	0.000000	10
227	2026-09-25T04:49:01.479428318Z	227009	nginx.service	0	0.000000	0.000000	0.000000	0.000000	0	0.000000	0	0.000000	0.000000	0
227	2026-09-25T04:49:01.479428318Z	227009	mysql.service	1	1.012392	0.506196	0.898493	0.113899	2016747520	51.988162	2512388096	0.000000	0.000000	57
228	2026-09-25T04:49:02.479419696Z	228009	isuconquest.go.service	1	1.168810	0.584405	0.696206	0.472604	1095213056	28.232643	1250365440	0.000000	0.000000	10
228	2026-09-25T04:49:02.479419696Z	228009	nginx.service	0	0.000000	0.000000	0.000000	0.000000	0	0.000000	0	0.000000	0.000000	0
228	2026-09-25T04:49:02.479419696Z	228009	mysql.service	1	1.068709	0.534355	0.948508	0.120201	2016747520	51.988162	2512388096	0.000000	0.000000	57
229	2026-09-25T04:49:03.479421124Z	229009	isuconquest.go.service	1	1.099598	0.549799	0.968799	0.130800	1095217152	28.232749	1250365440	0.000000	0.000000	10
229	2026-09-25T04:49:03.479421124Z	229009	nginx.service	0	0.000000	0.000000	0.000000	0.000000	0	0.000000	0	0.000000	0.000000	0
229	2026-09-25T04:49:03.479421124Z	229009	mysql.service	1	1.003699	0.501849	0.936899	0.066900	2016747520	51.988162	2512388096	0.000000	0.000000	57
230	2026-09-25T04:49:04.479419714Z	230009	isuconquest.go.service	1	1.115302	0.557651	1.057801	0.057400	1095213056	28.232643	1250365440	0.000000	0.000000	10
230	2026-09-25T04:49:04.479419714Z	230009	nginx.service	0	0.000000	0.000000	0.000000	0.000000	0	0.000000	0	0.000000	0.000000	0
230	2026-09-25T04:49:04.479419714Z	230009	mysql.service	1	0.990901	0.495451	0.879401	0.111400	2016747520	51.988162	2512388096	0.000000	0.000000	57
231	2026-09-25T04:49:05.479421058Z	231009	isuconquest.go.service	1	1.094699	0.547349	0.964899	0.129800	1095213056	28.232643	1250365440	0.000000	0.000000	10
231	2026-09-25T04:49:05.479421058Z	231009	nginx.service	0	0.000000	0.000000	0.000000	0.000000	0	0.000000	0	0.000000	0.000000	0
231	2026-09-25T04:49:05.479421058Z	231009	mysql.service	1	1.089699	0.544849	0.967099	0.122600	2016751616	51.988267	2512388096	0.000000	0.000000	57
232	2026-09-25T04:49:06.479420463Z	232009	isuconquest.go.service	1	1.092701	0.546350	0.710700	0.382100	1095217152	28.232749	1250365440	0.000000	0.000000	10
232	2026-09-25T04:49:06.479420463Z	232009	nginx.service	0	0.000000	0.000000	0.000000	0.000000	0	0.000000	0	0.000000	0.000000	0
232	2026-09-25T04:49:06.479420463Z	232009	mysql.service	1	1.022701	0.511350	0.907701	0.115100	2016747520	51.988162	2512388096	0.000000	0.000000	57
233	2026-09-25T04:49:07.479421835Z	233009	isuconquest.go.service	1	1.057799	0.528899	0.934899	0.122900	1095213056	28.232643	1250365440	0.000000	0.000000	10
233	2026-09-25T04:49:07.479421835Z	233009	nginx.service	0	0.000000	0.000000	0.000000	0.000000	0	0.000000	0	0.000000	0.000000	0
233	2026-09-25T04:49:07.479421835Z	233009	mysql.service	1	0.994999	0.497499	0.883099	0.111900	2016747520	51.988162	2512388096	0.000000	0.000000	57
234	2026-09-25T04:49:08.479421692Z	234009	isuconquest.go.service	1	1.046700	0.523350	0.849500	0.197100	1095213056	28.232643	1250365440	0.000000	0.000000	10
234	2026-09-25T04:49:08.479421692Z	234009	nginx.service	0	0.000000	0.000000	0.000000	0.000000	0	0.000000	0	0.000000	0.000000	0
234	2026-09-25T04:49:08.479421692Z	234009	mysql.service	1	1.010800	0.505400	0.897100	0.113700	2016747520	51.988162	2512388096	0.000000	0.000000	57
235	2026-09-25T04:49:09.479556092Z	235009	isuconquest.go.service	1	1.072956	0.536478	0.870983	0.201973	1095213056	28.232643	1250365440	0.000000	0.000000	10
235	2026-09-25T04:49:09.479556092Z	235009	nginx.service	0	0.000000	0.000000	0.000000	0.000000	0	0.000000	0	0.000000	0.000000	0
235	2026-09-25T04:49:09.479556092Z	235009	mysql.service	1	0.965170	0.482585	0.856585	0.108585	2016747520	51.988162	2512388096	0.000000	0.000000	57
236	2026-09-25T04:49:10.479677865Z	236009	isuconquest.go.service	1	1.138761	0.569381	1.138861	0.000000	1095213056	28.232643	1250365440	0.000000	0.000000	10
236	2026-09-25T04:49:10.479677865Z	236009	nginx.service	0	0.000000	0.000000	0.000000	0.000000	0	0.000000	0	0.000000	0.000000	0
236	2026-09-25T04:49:10.479677865Z	236009	mysql.service	1	0.990779	0.495390	0.879193	0.111486	2016747520	51.988162	2512388096	0.000000	0.000000	57
237	2026-09-25T04:49:11.47986212Z	237010	isuconquest.go.service	1	1.086600	0.543300	0.543800	0.542800	1095217152	28.232749	1250365440	0.000000	0.000000	10
237	2026-09-25T04:49:11.47986212Z	237010	nginx.service	0	0.000000	0.000000	0.000000	0.000000	0	0.000000	0	0.000000	0.000000	0
237	2026-09-25T04:49:11.47986212Z	237010	mysql.service	1	0.975020	0.487510	0.865441	0.109680	2016747520	51.988162	2512388096	0.000000	0.000000	57
238	2026-09-25T04:49:12.479431225Z	238009	isuconquest.go.service	1	1.103075	0.551538	0.895286	0.207689	1095348224	28.236128	1250365440	0.000000	0.000000	10
238	2026-09-25T04:49:12.479431225Z	238009	nginx.service	0	0.000000	0.000000	0.000000	0.000000	0	0.000000	0	0.000000	0.000000	0
238	2026-09-25T04:49:12.479431225Z	238009	mysql.service	1	1.011736	0.505868	0.944207	0.067429	2016747520	51.988162	2512388096	0.000000	0.000000	57
239	2026-09-25T04:49:13.479811672Z	239010	isuconquest.go.service	1	1.063995	0.531998	1.063995	0.000000	1095217152	28.232749	1250365440	0.000000	0.000000	10
239	2026-09-25T04:49:13.479811672Z	239010	nginx.service	0	0.000000	0.000000	0.000000	0.000000	0	0.000000	0	0.000000	0.000000	0
239	2026-09-25T04:49:13.479811672Z	239010	mysql.service	1	0.957936	0.478968	0.531498	0.426538	2016747520	51.988162	2512388096	0.000000	0.000000	57
240	2026-09-25T04:49:14.479946826Z	240010	isuconquest.go.service	1	1.120149	0.560074	0.761497	0.358752	1095213056	28.232643	1250365440	0.000000	0.000000	10
240	2026-09-25T04:49:14.479946826Z	240010	nginx.service	0	0.000000	0.000000	0.000000	0.000000	0	0.000000	0	0.000000	0.000000	0
240	2026-09-25T04:49:14.479946826Z	240010	mysql.service	1	0.945172	0.472586	0.838787	0.106386	2016747520	51.988162	2512388096	0.000000	0.000000	57
241	2026-09-25T04:49:15.480081329Z	241010	isuconquest.go.service	1	1.123949	0.561974	1.064857	0.058992	1095213056	28.232643	1250365440	0.000000	0.000000	10
241	2026-09-25T04:49:15.480081329Z	241010	nginx.service	0	0.000000	0.000000	0.000000	0.000000	0	0.000000	0	0.000000	0.000000	0
241	2026-09-25T04:49:15.480081329Z	241010	mysql.service	1	1.145646	0.572823	1.016663	0.128883	2016878592	51.991540	2512388096	0.000000	0.000000	57
