sample	timestamp	elapsed_ms	cpu_count	cpu_busy_pct	cpu_nonidle_pct	cpu_user_pct	cpu_system_pct	cpu_iowait_pct	cpu_steal_pct	cpu_idle_pct	load1	load5	load15	procs_running	procs_blocked	context_switches_per_sec	interrupts_per_sec	mem_total_bytes	mem_used_bytes	mem_available_bytes	mem_free_bytes	buffers_bytes	cached_bytes	swap_total_bytes	swap_used_bytes	swap_in_bytes_per_sec	swap_out_bytes_per_sec	disk_read_bytes_per_sec	disk_write_bytes_per_sec	disk_io_in_progress	disk_io_time_millis_per_sec	net_rx_bytes_per_sec	net_tx_bytes_per_sec	net_rx_packets_per_sec	net_tx_packets_per_sec	net_rx_errors_per_sec	net_tx_errors_per_sec	net_rx_drops_per_sec	net_tx_drops_per_sec	cpu_pressure_some_avg10	memory_pressure_some_avg10	memory_pressure_full_avg10	io_pressure_some_avg10	io_pressure_full_avg10
0	2026-09-25T04:45:14.680337242Z	0	2	0.000000	0.000000	0.000000	0.000000	0.000000	0.000000	0.000000	0.120000	0.070000	0.080000	6	0	0.000000	0.000000	3849883648	2696544256	1153339392	522702848	59228160	763097088	0	0	0.000000	0.000000	0.000000	0.000000	0	0.000000	0.000000	0.000000	0.000000	0.000000	0.000000	0.000000	0.000000	0.000000	0.090000	0.000000	0.000000	0.520000	0.500000
1	2026-09-25T04:45:15.694855051Z	1014	2	9.950249	9.950249	5.970149	3.980100	0.000000	0.000000	90.049751	0.110000	0.070000	0.070000	1	0	3863.904560	3891.503878	3849883648	2689347584	1160536064	520122368	59228160	772878336	0	0	0.000000	0.000000	121121.579677	0.000000	0	3.942760	3943376.797016	126549.774170	2937.356018	1109.886871	0.000000	0.000000	0.000000	0.000000	0.250000	0.000000	0.000000	0.430000	0.410000
2	2026-09-25T04:45:16.69548816Z	2015	2	5.527638	5.527638	3.517588	2.010050	0.000000	0.000000	94.472362	0.110000	0.070000	0.070000	1	0	3021.087325	1738.899089	3849883648	2692845568	1157038080	516538368	59228160	772939776	0	0	0.000000	0.000000	0.000000	0.000000	0	0.000000	66615.824988	64537.141020	135.913952	125.920279	0.000000	0.000000	0.000000	0.000000	0.250000	0.000000	0.000000	0.430000	0.410000
3	2026-09-25T04:45:17.695748952Z	3015	2	3.015075	3.015075	2.010050	1.005025	0.000000	0.000000	96.984925	0.110000	0.070000	0.070000	1	0	3008.215301	1790.532936	3849883648	2693361664	1156521984	516022272	59228160	772939776	0	0	0.000000	0.000000	0.000000	0.000000	0	0.000000	61692.907282	60941.103391	97.974443	91.976008	0.000000	0.000000	0.000000	0.000000	0.390000	0.000000	0.000000	0.350000	0.330000
4	2026-09-25T04:45:18.694858659Z	4014	2	2.000000	2.000000	1.000000	1.000000	0.000000	0.000000	98.000000	0.110000	0.070000	0.070000	1	0	2880.564719	1646.465936	3849883648	2693357568	1156526080	516022272	59228160	772943872	0	0	0.000000	0.000000	0.000000	139388.104617	0	16.014258	58356.958293	58356.958293	63.056142	63.056142	0.000000	0.000000	0.000000	0.000000	0.390000	0.000000	0.000000	0.350000	0.330000
5	2026-09-25T04:45:19.694892384Z	5014	2	2.010050	3.015075	2.010050	0.000000	1.005025	0.000000	96.984925	0.110000	0.070000	0.070000	1	0	2944.900683	1775.940106	3849883648	2693349376	1156534272	516022272	59228160	772952064	0	0	0.000000	0.000000	0.000000	19508590.072800	0	23.999191	58303.033730	58303.033730	62.997875	62.997875	0.000000	0.000000	0.000000	0.000000	0.320000	0.000000	0.000000	0.280000	0.270000
6	2026-09-25T04:45:20.694893067Z	6014	2	1.507538	1.507538	1.507538	0.000000	0.000000	0.000000	98.492462	0.100000	0.060000	0.070000	1	0	2782.998105	1684.998853	3849883648	2693349376	1156534272	516022272	59228160	772952064	0	0	0.000000	0.000000	0.000000	0.000000	0	0.000000	58304.960294	58304.960294	62.999957	62.999957	0.000000	0.000000	0.000000	0.000000	0.320000	0.000000	0.000000	0.280000	0.270000
7	2026-09-25T04:45:21.695218436Z	7014	2	2.970297	2.970297	1.980198	0.495050	0.000000	0.495050	97.029703	0.100000	0.060000	0.070000	1	0	3059.004689	1724.438918	3849883648	2693341184	1156542464	516022272	59228160	772960256	0	0	0.000000	0.000000	0.000000	0.000000	0	0.000000	58362.010694	58376.006141	63.979183	63.979183	0.000000	0.000000	0.000000	0.000000	0.260000	0.000000	0.000000	0.230000	0.220000
8	2026-09-25T04:45:22.695254163Z	8014	2	21.134021	47.938144	18.556701	2.577320	26.804124	0.000000	52.061856	0.100000	0.060000	0.070000	1	1	14408.485228	7138.744954	3849883648	2693369856	1156513792	515248128	59531264	773632000	0	0	0.000000	0.000000	774116.343145	14298625.153019	1	643.976993	77962.214644	77870.217931	172.993819	171.993855	0.000000	0.000000	0.000000	0.000000	0.260000	0.000000	0.000000	0.230000	0.220000
9	2026-09-25T04:45:23.695040327Z	9014	2	26.804124	56.185567	22.164948	4.639175	29.381443	0.000000	43.814433	0.100000	0.060000	0.070000	4	0	10834.316702	5170.105524	3849883648	2716397568	1133486080	468340736	59797504	797048832	0	0	0.000000	0.000000	17153619.958556	29214823.005603	0	744.159124	2368801.520829	2368801.520829	430.091967	430.091967	0.000000	0.000000	0.000000	0.000000	0.570000	0.000000	0.000000	3.810000	3.620000
10	2026-09-25T04:45:24.69490881Z	10014	2	53.299492	60.406091	49.746193	3.553299	7.106599	0.000000	39.593909	0.100000	0.060000	0.070000	6	0	8625.134343	3336.438795	3849883648	2714968064	1134915584	452599808	59867136	814125056	0	0	0.000000	0.000000	16386.155042	29269769.442998	0	212.027885	4208478.482256	4208478.482256	476.062610	476.062610	0.000000	0.000000	0.000000	0.000000	0.570000	0.000000	0.000000	3.810000	3.620000
11	2026-09-25T04:45:25.694911788Z	11014	2	53.061224	64.285714	48.469388	4.591837	11.224490	0.000000	35.714286	0.170000	0.080000	0.080000	5	0	10650.968196	3645.989113	3849883648	2697555968	1152327680	453885952	60051456	830128128	0	0	0.000000	0.000000	16383.951078	31354786.374608	0	299.999104	4210663.426959	4210663.426959	484.998552	484.998552	0.000000	0.000000	0.000000	0.000000	1.010000	0.000000	0.000000	6.020000	5.500000
12	2026-09-25T04:45:26.694860686Z	12014	2	54.500000	63.500000	48.500000	6.000000	9.000000	0.000000	36.500000	0.170000	0.080000	0.080000	5	0	12238.625602	3325.169973	3849883648	2745835520	1104048128	390668288	60166144	845107200	0	0	0.000000	0.000000	16384.837544	40572953.967688	0	272.013905	3171235.104025	3171235.104025	374.019119	374.019119	0.000000	0.000000	0.000000	0.000000	1.010000	0.000000	0.000000	6.020000	5.500000
13	2026-09-25T04:45:27.694872151Z	13014	2	51.530612	61.734694	46.428571	5.102041	10.204082	0.000000	38.265306	0.170000	0.080000	0.080000	1	0	11614.866824	3735.957164	3849883648	2697838592	1152045056	413069312	60264448	870612992	0	0	0.000000	0.000000	10583942.644514	28405434.303290	2	227.997386	3171076.640435	3171076.640435	373.995712	373.995712	0.000000	0.000000	0.000000	0.000000	1.370000	0.000000	0.000000	6.560000	5.770000
14	2026-09-25T04:45:28.694851392Z	14014	2	53.333333	63.589744	47.692308	5.641026	10.256410	0.000000	36.410256	0.170000	0.080000	0.080000	1	1	12129.251803	3440.071416	3849883648	2708205568	1141678080	382869504	60391424	890191872	0	0	0.000000	0.000000	5660789.517990	33944256.682769	1	292.006062	4208481.368073	4208481.368073	476.009882	476.009882	0.000000	0.000000	0.000000	0.000000	1.370000	0.000000	0.000000	6.560000	5.770000
15	2026-09-25T04:45:29.695398253Z	15015	2	51.758794	64.321608	45.728643	6.030151	12.562814	0.000000	35.678392	0.170000	0.080000	0.080000	3	2	13818.443260	4141.735055	3849883648	2729037824	1120845824	346226688	60559360	905834496	0	0	0.000000	0.000000	16375.045159	41817771.575254	2	295.838218	3169386.792308	3169386.792308	375.794493	375.794493	0.000000	0.000000	0.000000	0.000000	1.670000	0.000000	0.000000	7.540000	6.540000
16	2026-09-25T04:45:30.694855381Z	16014	2	51.776650	62.436548	46.700508	5.076142	10.659898	0.000000	37.563452	0.240000	0.100000	0.080000	2	1	10970.955825	3696.006458	3849883648	2707902464	1141981184	351645696	60751872	921280512	0	0	0.000000	0.000000	4098.224811	34875893.145864	1	256.139051	4210900.980237	4210900.980237	478.259634	478.259634	0.000000	0.000000	0.000000	0.000000	1.670000	0.000000	0.000000	7.540000	6.540000
17	2026-09-25T04:45:31.695053738Z	17014	2	51.282051	62.051282	46.666667	4.615385	10.769231	0.000000	37.948718	0.240000	0.100000	0.080000	1	1	9180.179047	3598.286255	3849883648	2731589632	1118294016	312164352	60862464	937041920	0	0	0.000000	0.000000	0.000000	30337150.413855	1	283.943678	4208019.309914	4208019.309914	481.904411	481.904411	0.000000	0.000000	0.000000	0.000000	1.910000	0.000000	0.000000	8.710000	7.160000
18	2026-09-25T04:45:32.695725238Z	18015	2	47.715736	65.482234	41.624365	6.091371	17.766497	0.000000	34.517766	0.240000	0.100000	0.080000	3	1	12165.830620	3843.419136	3849883648	2722729984	1127153664	295391232	61075456	962359296	0	0	0.000000	0.000000	16139690.165774	41726604.501624	1	427.712790	4205629.911103	4205629.911103	474.681251	474.681251	0.000000	0.000000	0.000000	0.000000	1.910000	0.000000	0.000000	8.710000	7.160000
19	2026-09-25T04:45:33.695853043Z	19015	2	51.707317	63.414634	45.853659	5.853659	11.707317	0.000000	36.585366	0.240000	0.100000	0.080000	3	0	12225.437711	3636.535287	3849883648	2740776960	1109106688	273973248	61239296	965468160	0	0	0.000000	0.000000	0.000000	43874841.234039	0	279.964223	3170667.820359	3170667.820359	374.952085	374.952085	0.000000	0.000000	0.000000	0.000000	1.920000	0.000000	0.000000	9.850000	8.040000
20	2026-09-25T04:45:34.695393229Z	20015	2	50.510204	62.244898	46.938776	3.061224	11.734694	0.510204	37.755102	0.240000	0.100000	0.080000	6	1	9697.458901	4023.850170	3849883648	2711056384	1138827264	299520000	61353984	969625600	0	0	0.000000	0.000000	0.000000	42363926.975987	1	276.126963	4210656.063869	4210656.063869	479.220346	479.220346	0.000000	0.000000	0.000000	0.000000	1.920000	0.000000	0.000000	9.850000	8.040000
21	2026-09-25T04:45:35.694907982Z	21014	2	51.758794	69.346734	46.733668	5.025126	17.587940	0.000000	30.653266	0.380000	0.130000	0.100000	5	2	11230.449542	4248.061359	3849883648	2715688960	1134194688	290488320	61636608	973742080	0	0	0.000000	0.000000	0.000000	43803399.468182	2	492.238857	4175734.262524	4175734.262524	478.232061	478.232061	0.000000	0.000000	0.000000	0.000000	2.120000	0.000000	0.000000	11.510000	9.300000
22	2026-09-25T04:45:36.695106332Z	22014	2	33.658537	65.853659	29.756098	3.902439	32.195122	0.000000	34.146341	0.380000	0.130000	0.100000	1	2	11853.648935	6011.807612	3849883648	2731225088	1118658560	271650816	61984768	976707584	0	0	0.000000	0.000000	4095.187756	65305959.150756	5	871.827081	2446532.752247	2446532.752247	283.943682	283.943682	0.000000	0.000000	0.000000	0.000000	2.120000	0.000000	0.000000	11.510000	9.300000
23	2026-09-25T04:45:37.695808664Z	23015	2	43.147208	63.959391	37.055838	6.091371	20.812183	0.000000	36.040609	0.380000	0.130000	0.100000	5	1	10912.335786	4439.881676	3849883648	2712829952	1137053696	270589952	62189568	996085760	0	0	0.000000	0.000000	15832208.343463	51454677.116255	1	583.590119	4196612.534366	4196640.514714	420.704521	420.704521	0.000000	0.000000	0.000000	0.000000	2.280000	0.000000	0.000000	14.860000	12.140000
24	2026-09-25T04:45:38.695021646Z	24014	2	53.500000	64.000000	47.000000	6.500000	10.500000	0.000000	36.000000	0.380000	0.130000	0.100000	6	1	9086.150992	3733.938688	3849883648	2712477696	1137405952	266592256	62308352	1000185856	0	0	0.000000	0.000000	0.000000	39955157.548049	0	312.245744	3905935.052911	3905935.052911	414.326083	414.326083	0.000000	0.000000	0.000000	0.000000	2.280000	0.000000	0.000000	14.860000	12.140000
25	2026-09-25T04:45:39.694903539Z	25014	2	35.078534	64.397906	31.413613	3.664921	29.319372	0.000000	35.602094	0.380000	0.130000	0.100000	2	3	10234.208691	4986.588931	3849883648	2736812032	1113071616	239497216	62570496	1002782720	0	0	0.000000	0.000000	0.000000	48854665.882605	3	664.078430	2925087.461604	2925087.461604	352.041577	352.041577	0.000000	0.000000	0.000000	0.000000	2.410000	0.000000	0.000000	15.240000	12.480000
26	2026-09-25T04:45:40.695063421Z	26014	2	51.741294	68.656716	46.766169	4.975124	16.915423	0.000000	31.343284	0.430000	0.140000	0.100000	6	0	9582.467965	4312.310552	3849883648	2707165184	1142718464	264785920	62697472	1006915584	0	0	0.000000	0.000000	0.000000	61303222.902026	1	431.930943	4206248.509195	4206248.509195	442.929185	442.929185	0.000000	0.000000	0.000000	0.000000	2.410000	0.000000	0.000000	15.240000	12.480000
27	2026-09-25T04:45:41.695196723Z	27014	2	50.253807	65.482234	48.730964	1.522843	15.228426	0.000000	34.517766	0.430000	0.140000	0.100000	2	1	11187.508705	4087.455142	3849883648	2707410944	1142472704	251396096	62808064	1019990016	0	0	0.000000	0.000000	7920608.182929	53204043.900948	4	431.942422	5243445.048775	5243445.048775	536.928427	536.928427	0.000000	0.000000	0.000000	0.000000	2.510000	0.000000	0.000000	16.830000	13.660000
28	2026-09-25T04:45:42.695850607Z	28015	2	51.256281	64.321608	48.241206	3.015075	13.065327	0.000000	35.678392	0.430000	0.140000	0.100000	3	0	9238.958756	4025.367860	3849883648	2707247104	1142636544	247267328	62914560	1024139264	0	0	0.000000	0.000000	0.000000	43106788.987962	0	371.756913	4203565.339068	4203565.339068	428.719665	428.719665	0.000000	0.000000	0.000000	0.000000	2.510000	0.000000	0.000000	16.830000	13.660000
29	2026-09-25T04:45:43.695119803Z	29014	2	45.544554	66.831683	41.089109	4.455446	21.287129	0.000000	33.168317	0.430000	0.140000	0.100000	5	2	10620.761642	4846.541848	3849883648	2691006464	1158877184	225656832	63049728	1061855232	0	0	0.000000	0.000000	14592424.128961	69227935.706186	2	608.444651	2549835.417173	2549726.337458	391.285951	391.285951	0.000000	0.000000	0.000000	0.000000	2.600000	0.000000	0.000000	17.040000	13.720000
30	2026-09-25T04:45:44.695398216Z	30015	2	56.281407	68.844221	53.768844	2.512563	12.562814	0.000000	31.155779	0.430000	0.140000	0.100000	5	2	11160.892651	3259.092623	3849883648	2691403776	1158479872	225140736	63123456	1061892096	0	0	0.000000	0.000000	0.000000	35436917.865949	2	395.889779	58288.771590	58288.771590	62.982465	62.982465	0.000000	0.000000	0.000000	0.000000	2.600000	0.000000	0.000000	17.040000	13.720000
31	2026-09-25T04:45:45.694896288Z	31014	2	56.410256	69.230769	53.846154	2.564103	12.820513	0.000000	30.769231	0.480000	0.160000	0.110000	3	0	11578.811915	2951.481478	3849883648	2691842048	1158041600	224624640	63209472	1061879808	0	0	0.000000	0.000000	0.000000	35202309.588084	0	408.204896	60329.281921	60343.288952	69.034652	69.034652	0.000000	0.000000	0.000000	0.000000	2.670000	0.000000	0.000000	17.580000	14.130000
32	2026-09-25T04:45:46.695442815Z	32015	2	90.954774	91.457286	87.437186	3.517588	0.502513	0.000000	8.542714	0.480000	0.160000	0.110000	5	0	11864.515627	4860.343652	3849883648	2719809536	1130074112	196612096	63242240	1061892096	0	0	0.000000	0.000000	0.000000	13746854.862678	0	179.901677	15202344.386711	15202358.379063	1257.312835	1257.312835	0.000000	0.000000	0.000000	0.000000	2.670000	0.000000	0.000000	17.580000	14.130000
33	2026-09-25T04:45:47.695504859Z	33015	2	94.500000	95.000000	88.000000	6.000000	0.500000	0.500000	5.000000	0.480000	0.160000	0.110000	4	1	27617.286485	11704.273808	3849883648	2747899904	1101983744	168484864	63279104	1061892096	0	0	0.000000	0.000000	0.000000	28014901.815417	13	191.988088	19334869.368030	19334883.367161	1833.886217	1833.886217	0.000000	0.000000	0.000000	0.000000	5.270000	0.000000	0.000000	15.660000	12.110000
34	2026-09-25T04:45:48.69490466Z	34014	2	94.974874	95.979899	87.939698	7.035176	1.005025	0.000000	4.020101	0.480000	0.160000	0.110000	5	0	19522.717437	8322.995420	3849883648	2830139392	1019744256	119009280	63205376	1029287936	0	0	0.000000	0.000000	0.000000	27090819.774575	0	356.213798	17022882.048691	17022896.057099	1579.948277	1579.948277	0.000000	0.000000	0.000000	0.000000	5.270000	0.000000	0.000000	15.660000	12.110000
35	2026-09-25T04:45:49.695068711Z	35014	2	96.019900	96.517413	91.044776	4.975124	0.497512	0.000000	3.482587	0.480000	0.160000	0.110000	6	0	16990.212705	7701.736507	3849883648	2844168192	1005715456	115601408	63180800	1018613760	0	0	0.000000	0.000000	0.000000	11561111.364997	0	163.973100	19435400.564231	19435504.547173	1599.737558	1600.737394	0.000000	0.000000	0.000000	0.000000	7.940000	0.000000	0.000000	15.180000	9.920000
36	2026-09-25T04:45:50.69513136Z	36014	2	94.500000	94.500000	88.500000	6.000000	0.000000	0.000000	5.500000	0.600000	0.190000	0.120000	5	0	25978.372455	11915.253509	3849883648	2880663552	969220096	112652288	63021056	985223168	0	0	0.000000	0.000000	0.000000	7183933.926540	0	167.989475	19581042.247703	19580980.251587	1841.884606	1840.884669	0.000000	0.000000	0.000000	0.000000	7.940000	0.000000	0.000000	15.180000	9.920000
37	2026-09-25T04:45:51.694869903Z	37014	2	89.898990	90.404040	82.323232	7.575758	0.505051	0.000000	9.595960	0.600000	0.190000	0.120000	5	0	15596.077844	7025.837018	3849883648	2957426688	892456960	119050240	62582784	902610944	0	0	0.000000	0.000000	0.000000	11525061.411707	0	188.049168	15455478.082032	15455552.101386	1460.381840	1461.382102	0.000000	0.000000	0.000000	0.000000	8.670000	0.000000	0.000000	13.330000	8.120000
38	2026-09-25T04:45:52.694907777Z	38014	2	97.000000	98.500000	91.500000	5.500000	1.500000	0.000000	1.500000	0.600000	0.190000	0.120000	6	0	4261.838587	2738.896267	3849883648	3010727936	839155712	115482624	62337024	853102592	0	0	0.000000	0.000000	4095.844874	11427407.198380	0	163.993789	11454705.164497	11454719.163966	906.965650	906.965650	0.000000	0.000000	0.000000	0.000000	8.670000	0.000000	0.000000	13.330000	8.120000
39	2026-09-25T04:45:53.694892884Z	39014	2	60.101010	68.686869	42.424242	17.676768	8.585859	0.000000	31.313131	0.600000	0.190000	0.120000	6	2	5543.082536	3449.051356	3849883648	3304173568	545710080	111583232	59805696	566173696	0	0	0.000000	0.000000	86017.280797	151701714.838534	1	344.005122	940227.999995	940330.001514	122.001817	123.001831	0.000000	0.000000	0.000000	0.000000	10.900000	0.000000	0.000000	12.000000	6.830000
40	2026-09-25T04:45:54.694897927Z	40014	2	73.333333	86.153846	64.615385	8.717949	12.820513	0.000000	13.846154	0.600000	0.190000	0.120000	1	3	6042.969513	3415.982766	3849883648	3369979904	479903744	123887616	52854784	495652864	0	0	0.000000	0.000000	2695154.402946	114007488.832219	21	379.998083	58304.705853	58304.705853	62.999682	62.999682	0.000000	0.000000	0.000000	0.000000	10.900000	0.000000	0.000000	12.000000	6.830000
41	2026-09-25T04:45:55.695724127Z	41015	2	44.221106	59.296482	39.698492	4.522613	15.075377	0.000000	40.703518	0.630000	0.200000	0.120000	2	0	7633.693058	4079.629418	3849883648	3371155456	478728192	116404224	51376128	503480320	0	0	0.000000	0.000000	3421429.222020	97965013.501775	0	419.653283	61651.064014	61841.906341	81.932308	80.933133	0.000000	0.000000	0.000000	0.000000	9.830000	0.540000	0.540000	13.090000	7.950000
42	2026-09-25T04:45:56.695358207Z	42015	2	15.463918	23.195876	7.731959	7.731959	7.731959	0.000000	76.804124	0.630000	0.200000	0.120000	1	0	16526.046170	9949.640145	3849883648	3336933376	512950272	144818176	51482624	509308928	0	0	0.000000	0.000000	3126391.812329	8617040.604624	0	348.127365	438952.593879	1997767.897370	1011.370017	1056.386486	0.000000	0.000000	0.000000	0.000000	9.830000	0.540000	0.540000	13.090000	7.950000
43	2026-09-25T04:45:57.695643354Z	43015	2	15.384615	23.589744	10.256410	5.128205	8.205128	0.000000	76.410256	0.630000	0.200000	0.120000	1	0	16073.417726	9386.324109	3849883648	3333980160	515903488	144588800	51646464	512225280	0	0	0.000000	0.000000	1306251.608566	8734277.997091	0	283.919059	427419.149639	2278261.504097	1099.686497	1140.674812	0.000000	0.000000	0.000000	0.000000	8.590000	0.440000	0.440000	12.350000	7.770000
44	2026-09-25T04:45:58.695253251Z	44014	2	16.500000	24.500000	10.500000	6.000000	8.000000	0.000000	75.500000	0.630000	0.200000	0.120000	1	0	16177.310882	9327.638777	3849883648	3331239936	518643712	144588800	51773440	514650112	0	0	0.000000	0.000000	766250.919848	8654128.035926	0	248.096784	409802.866967	2102865.342490	1026.400406	1070.417577	0.000000	0.000000	0.000000	0.000000	8.590000	0.440000	0.440000	12.350000	7.770000
45	2026-09-25T04:45:59.695791991Z	45015	2	15.544041	23.834197	8.808290	6.735751	8.290155	0.000000	76.165803	0.630000	0.200000	0.120000	1	0	17291.684243	10069.575097	3849883648	3328200704	521682944	144588800	51896320	517632000	0	0	0.000000	0.000000	1121699.693264	8920378.217598	0	279.849233	448684.274936	2508361.640233	1172.368396	1212.346858	0.000000	0.000000	0.000000	0.000000	7.760000	0.360000	0.360000	11.740000	7.630000
46	2026-09-25T04:46:00.695817074Z	46015	2	16.326531	30.102041	11.224490	5.102041	13.775510	0.000000	69.897959	0.580000	0.200000	0.120000	1	0	19115.520277	10975.724553	3849883648	3325906944	523976704	144588800	52015104	519938048	0	0	0.000000	0.000000	643055.861870	18112057.459806	0	391.990163	445656.815797	2284463.669100	1118.971918	1150.971115	0.000000	0.000000	0.000000	0.000000	7.760000	0.360000	0.360000	11.740000	7.630000
47	2026-09-25T04:46:01.695792435Z	47015	2	14.871795	22.564103	9.230769	5.128205	7.692308	0.512821	77.435897	0.580000	0.200000	0.120000	4	0	16142.397942	9319.229738	3849883648	3323813888	526069760	144588800	52137984	521900032	0	0	0.000000	0.000000	258054.361556	8679637.970435	0	252.006212	417500.292217	2169253.476437	1065.026255	1102.027167	0.000000	0.000000	0.000000	0.000000	7.080000	0.290000	0.290000	11.790000	8.060000
48	2026-09-25T04:46:02.694897037Z	48014	2	19.500000	27.000000	12.000000	7.500000	7.500000	0.000000	73.000000	0.580000	0.200000	0.120000	1	0	17503.672771	10171.107199	3849883648	3319451648	530432000	144588800	52252672	526163968	0	0	0.000000	0.000000	467362.475894	8965980.129642	0	244.218673	457257.427844	2602896.631041	1179.055725	1233.104120	0.000000	0.000000	0.000000	0.000000	7.080000	0.290000	0.290000	11.790000	8.060000
49	2026-09-25T04:46:03.695244587Z	49014	2	17.857143	26.020408	11.224490	6.632653	8.163265	0.000000	73.979592	0.580000	0.200000	0.120000	1	0	17591.885905	10196.456201	3849883648	3316658176	533225472	144359424	52346880	528957440	0	0	0.000000	0.000000	479065.499827	8852475.304503	0	247.913837	469451.841074	2542188.457317	1182.588989	1238.569533	0.000000	0.000000	0.000000	0.000000	6.520000	0.240000	0.240000	11.280000	8.050000
50	2026-09-25T04:46:04.695414374Z	50015	2	18.090452	31.155779	10.050251	8.040201	13.065327	0.000000	68.844221	0.580000	0.200000	0.120000	3	4	18365.881657	10362.240595	3849883648	3314958336	534925312	144130048	52486144	530862080	0	0	0.000000	0.000000	135145.053721	31312699.416766	4	271.953825	439581.363480	2326957.905817	1104.812414	1148.804944	0.000000	0.000000	0.000000	0.000000	6.520000	0.240000	0.240000	11.280000	8.050000
51	2026-09-25T04:46:05.695385842Z	51015	2	16.494845	35.567010	11.340206	5.154639	19.072165	0.000000	64.432990	0.770000	0.240000	0.140000	1	1	19523.557027	10779.307544	3849883648	3312996352	536887296	144130048	52707328	532475904	0	0	0.000000	0.000000	229382.544513	42742979.499948	6	432.012326	389179.103669	2002884.144288	974.027790	1014.028931	0.000000	0.000000	0.000000	0.000000	6.060000	0.190000	0.190000	12.500000	9.130000
52	2026-09-25T04:46:06.69496801Z	52014	2	62.105263	70.526316	36.315789	25.789474	8.421053	0.000000	29.473684	0.770000	0.240000	0.140000	6	0	42501.758765	24653.301037	3849883648	3322572800	527310848	123285504	52809728	543752192	0	0	0.000000	0.000000	168006.199038	16882574.147251	0	352.147140	1837324.700404	10974836.681860	4920.055776	5145.149829	0.000000	0.000000	0.000000	0.000000	6.060000	0.190000	0.190000	12.500000	9.130000
53	2026-09-25T04:46:07.694848292Z	53014	2	61.702128	67.021277	38.829787	22.872340	5.319149	0.000000	32.978723	0.770000	0.240000	0.140000	4	0	44259.294828	24683.952991	3849883648	3324850176	525033472	112103424	52916224	552615936	0	0	0.000000	0.000000	159763.112781	13133347.168588	0	256.030629	1893102.475635	11327735.159613	5031.601941	5272.630775	0.000000	0.000000	0.000000	0.000000	8.770000	0.160000	0.160000	12.590000	9.100000
54	2026-09-25T04:46:08.695757951Z	54015	2	79.896907	84.536082	60.309278	19.587629	4.639175	0.000000	15.463918	0.770000	0.240000	0.140000	9	0	37426.955169	21547.399753	3849883648	3199016960	650866688	229044224	53026816	561340416	0	0	0.000000	0.000000	61384.162878	13123934.023399	0	251.770981	1902341.565432	11168498.753805	5073.385076	5311.168780	0.000000	0.000000	0.000000	0.000000	8.770000	0.160000	0.160000	12.590000	9.100000
55	2026-09-25T04:46:09.695671774Z	55015	2	65.263158	69.473684	39.473684	25.789474	4.210526	0.000000	30.526316	0.770000	0.240000	0.140000	5	0	44621.845466	24908.146559	3849883648	3190497280	659386368	228327424	53186560	570544128	0	0	0.000000	0.000000	65541.648314	13603988.378114	0	248.021374	2004511.746818	11903026.790946	5324.458857	5548.478162	0.000000	0.000000	0.000000	0.000000	12.610000	0.130000	0.130000	11.940000	8.180000
56	2026-09-25T04:46:10.694911537Z	56014	2	72.916667	77.604167	56.250000	16.666667	4.687500	0.000000	22.395833	0.710000	0.240000	0.130000	4	0	32043.362504	21515.358084	3849883648	3173777408	676106240	224768000	53485568	590413824	0	0	0.000000	0.000000	477547.078088	52247339.547763	0	428.325655	1645194.838345	9714055.577027	4426.365357	4605.501554	0.000000	0.000000	0.000000	0.000000	12.610000	0.130000	0.130000	11.940000	8.180000
57	2026-09-25T04:46:11.694913597Z	57014	2	65.841584	70.792079	40.594059	25.247525	4.950495	0.000000	29.207921	0.710000	0.240000	0.130000	6	0	43498.909435	25483.946942	3849883648	3163607040	686276608	224538624	53587968	600838144	0	0	0.000000	0.000000	0.000000	13516771.858081	0	235.999509	1987238.862569	11926522.168981	5335.988890	5595.988349	0.000000	0.000000	0.000000	0.000000	14.860000	0.100000	0.100000	12.310000	7.420000
58	2026-09-25T04:46:12.695711605Z	58015	2	62.311558	67.336683	39.698492	22.613065	5.025126	0.000000	32.663317	0.710000	0.240000	0.130000	4	0	43167.550180	26944.496971	3849883648	3013308416	836575232	366530560	53690368	608854016	0	0	0.000000	0.000000	0.000000	12802071.319785	0	223.821380	1825729.978017	10771728.632736	4848.130954	5073.950739	0.000000	0.000000	0.000000	0.000000	14.860000	0.100000	0.100000	12.310000	7.420000
59	2026-09-25T04:46:13.694905901Z	59014	2	79.396985	82.412060	56.281407	23.115578	3.015075	0.000000	17.587940	0.710000	0.240000	0.130000	5	0	29084.435278	22970.508878	3849883648	2966269952	883613696	402714624	53755904	619696128	0	0	0.000000	0.000000	16397.212333	12814421.437919	0	232.187089	1743101.533693	10572790.205445	4774.847414	4953.991763	0.000000	0.000000	0.000000	0.000000	16.690000	0.080000	0.080000	11.710000	6.980000
60	2026-09-25T04:46:14.695494366Z	60015	2	60.309278	65.463918	36.597938	23.195876	5.154639	0.515464	34.536082	0.710000	0.240000	0.130000	7	2	44592.758589	24758.430456	3849883648	2963955712	885927936	396378112	53886976	628166656	0	0	0.000000	0.000000	0.000000	33600195.360237	1	247.854146	1779738.680738	10696102.685845	4757.200540	4999.058214	0.000000	0.000000	0.000000	0.000000	16.690000	0.080000	0.080000	11.710000	6.980000
61	2026-09-25T04:46:15.694862Z	61014	2	66.834171	73.869347	41.708543	25.125628	7.035176	0.000000	26.130653	0.650000	0.240000	0.130000	2	1	47247.877810	26373.677738	3849883648	2961252352	888631296	390041600	54050816	637050880	0	0	0.000000	0.000000	0.000000	41326101.097268	0	412.260698	1884531.708125	11614241.416545	5130.244177	5376.399836	0.000000	0.000000	0.000000	0.000000	18.740000	0.070000	0.070000	12.670000	6.620000
62	2026-09-25T04:46:16.695527706Z	62015	2	74.129353	80.099502	56.218905	17.910448	5.970149	0.000000	19.900498	0.650000	0.240000	0.130000	8	0	32927.080278	18786.493737	3849883648	2957082624	892801024	385671168	54157312	645361664	0	0	0.000000	0.000000	0.000000	29025413.637015	0	243.837676	1594156.761873	9770346.831263	4416.060207	4515.993680	0.000000	0.000000	0.000000	0.000000	18.740000	0.070000	0.070000	12.670000	6.620000
63	2026-09-25T04:46:17.695083053Z	63014	2	51.219512	57.073171	32.682927	18.536585	5.853659	0.000000	42.926829	0.650000	0.240000	0.130000	5	0	37683.756271	20524.126155	3849883648	2953232384	896651264	381542400	54267904	653406208	0	0	0.000000	0.000000	4097.822117	13383487.034427	0	228.101426	1286599.092720	9076199.777612	3541.574779	3672.633055	0.000000	0.000000	0.000000	0.000000	19.330000	0.050000	0.050000	12.000000	6.330000
64	2026-09-25T04:46:18.694902446Z	64014	2	53.921569	59.313725	35.784314	18.137255	5.392157	0.000000	40.686275	0.650000	0.240000	0.130000	6	0	39863.199413	21760.930089	3849883648	2948968448	900915200	377155584	54337536	662061056	0	0	0.000000	0.000000	0.000000	13724078.609769	0	220.039740	1376834.660470	9699202.705106	3796.685693	3937.711162	0.000000	0.000000	0.000000	0.000000	19.330000	0.050000	0.050000	12.000000	6.330000
65	2026-09-25T04:46:19.694903453Z	65014	2	61.658031	63.730570	43.523316	18.134715	2.072539	0.000000	36.269430	0.650000	0.240000	0.130000	2	1	34308.965931	18987.981145	3849883648	2944434176	905449472	373026816	54419456	670515200	0	0	0.000000	0.000000	0.000000	12926963.163526	3	223.999778	1360962.648564	9573150.493862	3765.996260	3898.996128	0.000000	0.000000	0.000000	0.000000	19.270000	0.040000	0.040000	11.460000	6.080000
66	2026-09-25T04:46:20.694896357Z	66014	2	53.807107	58.883249	36.040609	17.766497	5.076142	0.000000	41.116751	0.600000	0.230000	0.130000	6	1	35228.249557	19821.140413	3849883648	2943700992	906182656	362962944	54505472	681385984	0	0	0.000000	0.000000	0.000000	14147684.222195	0	240.001700	1265665.965978	8853813.720416	3477.024631	3604.025531	0.000000	0.000000	0.000000	0.000000	19.270000	0.040000	0.040000	11.460000	6.080000
67	2026-09-25T04:46:21.695259757Z	67014	2	49.732620	56.684492	31.550802	18.181818	6.951872	0.000000	43.315508	0.600000	0.230000	0.130000	9	0	39941.482509	22259.909213	3849883648	2943336448	906547200	351866880	54603776	692559872	0	0	0.000000	0.000000	0.000000	48343900.490832	0	283.896812	1352053.570441	9546553.123883	3741.640030	3879.589889	0.000000	0.000000	0.000000	0.000000	19.400000	0.030000	0.030000	11.010000	5.520000
68	2026-09-25T04:46:22.694850946Z	68014	2	52.551020	59.183673	34.693878	17.857143	6.632653	0.000000	40.816327	0.600000	0.230000	0.130000	5	0	39730.244982	21525.801513	3849883648	2943295488	906588160	343609344	54693888	700792832	0	0	0.000000	0.000000	0.000000	13469059.255887	0	216.088355	1331949.610221	9350780.365778	3662.497529	3804.555614	0.000000	0.000000	0.000000	0.000000	19.400000	0.030000	0.030000	11.010000	5.520000
69	2026-09-25T04:46:23.694873404Z	69014	2	69.346734	74.371859	51.758794	17.587940	5.025126	0.000000	25.628141	0.600000	0.230000	0.130000	5	0	34121.233671	18780.578207	3849883648	2943479808	906403840	332255232	54800384	711892992	0	0	0.000000	0.000000	0.000000	13635277.765297	0	227.994879	1342753.843091	9458928.561923	3725.916320	3854.913422	0.000000	0.000000	0.000000	0.000000	19.510000	0.030000	0.030000	10.830000	5.610000
70	2026-09-25T04:46:24.694909137Z	70014	2	50.753769	56.281407	36.180905	14.572864	5.527638	0.000000	43.718593	0.600000	0.230000	0.130000	7	0	39279.596579	22476.196948	3849883648	2943647744	906235904	323739648	54935552	720089088	0	0	0.000000	0.000000	0.000000	13692438.782855	0	227.991854	1392434.249717	9819851.146538	3829.863163	3979.857804	0.000000	0.000000	0.000000	0.000000	19.510000	0.030000	0.030000	10.830000	5.610000
71	2026-09-25T04:46:25.694855372Z	71014	2	47.894737	53.157895	27.368421	20.526316	5.263158	0.000000	46.842105	0.870000	0.290000	0.150000	3	1	35029.883277	33541.803274	3849883648	2952458240	897425408	308420608	55037952	726441984	0	0	0.000000	0.000000	0.000000	13472468.306841	0	228.012258	1333315.681718	9352834.827106	3700.198930	3810.204844	0.000000	0.000000	0.000000	0.000000	19.420000	0.020000	0.020000	10.490000	5.500000
72	2026-09-25T04:46:26.69489368Z	72014	2	43.589744	50.256410	30.256410	13.333333	6.666667	0.000000	49.743590	0.870000	0.290000	0.150000	4	1	33542.713067	21866.161061	3849883648	2950762496	899121152	303992832	55128064	732446720	0	0	0.000000	0.000000	0.000000	17218923.361567	1	235.990946	1263645.517712	8892905.805883	3482.866373	3611.861424	0.000000	0.000000	0.000000	0.000000	19.420000	0.020000	0.020000	10.490000	5.500000
73	2026-09-25T04:46:27.695628302Z	73015	2	58.375635	64.467005	43.147208	14.720812	6.091371	0.507614	35.532995	0.870000	0.290000	0.150000	3	0	30757.406686	20300.088266	3849883648	2948661248	901222400	299433984	55267328	738988032	0	0	0.000000	0.000000	0.000000	13330879.602425	0	227.832642	1335836.741084	9411423.697552	3699.282636	3834.183543	0.000000	0.000000	0.000000	0.000000	18.610000	0.020000	0.020000	10.220000	5.410000
74	2026-09-25T04:46:28.695025038Z	74014	2	42.553191	47.872340	25.531915	17.021277	5.319149	0.000000	52.127660	0.870000	0.290000	0.150000	1	0	37247.470095	24208.604204	3849883648	2945740800	904142848	295591936	55365632	745639936	0	0	0.000000	0.000000	0.000000	13594633.166377	0	220.132798	1392753.199259	9818319.048241	3820.304656	3987.405462	0.000000	0.000000	0.000000	0.000000	18.610000	0.020000	0.020000	10.220000	5.410000
75	2026-09-25T04:46:29.69488093Z	75014	2	44.041451	49.740933	28.497409	15.544041	5.699482	0.000000	50.259067	0.870000	0.290000	0.150000	4	0	37062.338422	24279.497194	3849883648	2942599168	907284480	292007936	55447552	752390144	0	0	0.000000	0.000000	0.000000	13653934.699100	0	228.032846	1396573.161002	9819670.415507	3861.556215	3992.575087	0.000000	0.000000	0.000000	0.000000	17.600000	0.010000	0.010000	10.000000	5.330000
76	2026-09-25T04:46:30.694972912Z	76014	2	59.788360	64.021164	44.973545	14.814815	4.232804	0.000000	35.978836	0.800000	0.290000	0.150000	6	0	28975.336906	19666.192500	3849883648	2940788736	909094912	287363072	55566336	758767616	0	0	0.000000	0.000000	0.000000	13523749.045749	0	239.977944	1332167.561812	9369304.876558	3708.659141	3814.649399	0.000000	0.000000	0.000000	0.000000	17.600000	0.010000	0.010000	10.000000	5.330000
77	2026-09-25T04:46:31.69489879Z	77014	2	45.128205	55.897436	31.282051	13.846154	10.769231	0.000000	44.102564	0.800000	0.290000	0.150000	6	0	33939.515529	21847.619302	3849883648	2945220608	904663040	271110144	55750656	770334720	0	0	0.000000	0.000000	5743017.660983	25909120.332181	0	424.031428	1276841.636948	8590653.722073	3493.258913	3623.268549	0.000000	0.000000	0.000000	0.000000	16.940000	0.010000	0.010000	10.360000	5.450000
78	2026-09-25T04:46:32.694915213Z	78014	2	44.670051	50.761421	27.411168	17.258883	6.091371	0.000000	49.238579	0.800000	0.290000	0.150000	3	1	37493.384321	24446.598562	3849883648	2941501440	908382208	268013568	55824384	776982528	0	0	0.000000	0.000000	0.000000	13668127.555677	0	231.996190	1393485.117581	9810829.896362	3859.936616	3996.934366	0.000000	0.000000	0.000000	0.000000	16.940000	0.010000	0.010000	10.360000	5.450000
79	2026-09-25T04:46:33.69576339Z	79015	2	42.105263	47.368421	25.263158	16.842105	5.263158	0.000000	52.631579	0.800000	0.290000	0.150000	3	0	37229.422823	24283.403352	3849883648	2941722624	908161024	261046272	55951360	783712256	0	0	0.000000	0.000000	0.000000	13570825.524348	0	219.813559	1382399.479175	9758688.894771	3807.770333	3960.640672	0.000000	0.000000	0.000000	0.000000	16.410000	0.010000	0.010000	10.660000	5.550000
80	2026-09-25T04:46:34.695648499Z	80015	2	61.224490	66.326531	46.938776	14.285714	5.102041	0.000000	33.673469	0.800000	0.290000	0.150000	5	0	29559.396079	20145.314495	3849883648	2941804544	908079104	254595072	56061952	790003712	0	0	0.000000	0.000000	0.000000	13252082.531762	0	236.027117	1309897.494123	9183190.056706	3633.417443	3752.431117	0.000000	0.000000	0.000000	0.000000	16.410000	0.010000	0.010000	10.660000	5.550000
81	2026-09-25T04:46:35.694887046Z	81014	2	40.211640	47.089947	22.751323	17.460317	6.878307	0.000000	52.910053	0.900000	0.320000	0.160000	4	0	35758.228818	23251.705476	3849883648	2941644800	908238848	248401920	56143872	796295168	0	0	0.000000	0.000000	0.000000	13240161.986148	0	220.167651	1318574.054585	9237408.009077	3633.767005	3767.869119	0.000000	0.000000	0.000000	0.000000	15.790000	0.000000	0.000000	10.360000	5.450000
82	2026-09-25T04:46:36.694878045Z	82014	2	43.076923	50.256410	27.179487	15.897436	7.179487	0.000000	49.743590	0.900000	0.320000	0.160000	1	0	36352.326444	23850.214175	3849883648	2941923328	907960320	241434624	56238080	802865152	0	0	0.000000	0.000000	0.000000	20697273.861519	0	228.002047	1353297.152608	9574404.978157	3746.033639	3894.034968	0.000000	0.000000	0.000000	0.000000	15.790000	0.000000	0.000000	10.360000	5.450000
83	2026-09-25T04:46:37.695314701Z	83014	2	43.877551	50.000000	26.020408	17.857143	6.122449	0.000000	50.000000	0.900000	0.320000	0.160000	6	0	36627.002900	23958.535942	3849883648	2942238720	907644928	234467328	56340480	809410560	0	0	0.000000	0.000000	0.000000	13494522.172979	0	219.903955	1373245.225535	9670991.126928	3791.344104	3942.278182	0.000000	0.000000	0.000000	0.000000	15.280000	0.000000	0.000000	10.110000	5.550000
84	2026-09-25T04:46:38.695228146Z	84014	2	63.076923	68.717949	48.205128	14.871795	5.641026	0.000000	31.282051	0.900000	0.320000	0.160000	1	0	31436.721477	20671.789557	3849883648	2942644224	907239424	227241984	56414208	816041984	0	0	0.000000	0.000000	0.000000	13591704.633870	0	236.020432	1380444.505081	9707378.367745	3845.332890	3954.342327	0.000000	0.000000	0.000000	0.000000	15.280000	0.000000	0.000000	10.110000	5.550000
85	2026-09-25T04:46:39.694982035Z	85014	2	42.268041	47.422680	28.350515	13.917526	5.154639	0.000000	52.577320	0.900000	0.320000	0.160000	7	0	36387.958570	23661.825447	3849883648	2942754816	907128832	220532736	56520704	822468608	0	0	0.000000	0.000000	0.000000	13315278.168224	0	224.055161	1326360.544661	9335848.448545	3667.903023	3792.933805	0.000000	0.000000	0.000000	0.000000	14.870000	0.000000	0.000000	9.910000	5.450000
86	2026-09-25T04:46:40.695735323Z	86015	2	42.708333	48.437500	26.562500	16.145833	5.729167	0.000000	51.562500	0.990000	0.350000	0.170000	7	0	36380.592426	23769.093387	3849883648	2942648320	907235328	213823488	56610816	829100032	0	0	0.000000	0.000000	0.000000	13486160.106880	0	227.828364	1360593.986996	9621336.698649	3759.168004	3908.055839	0.000000	0.000000	0.000000	0.000000	14.870000	0.000000	0.000000	9.910000	5.450000
87	2026-09-25T04:46:41.694841318Z	87014	2	40.106952	47.593583	22.994652	16.577540	7.486631	0.534759	52.406417	0.990000	0.350000	0.170000	1	1	36736.845422	23920.386572	3849883648	2942971904	906911744	206856192	56696832	835600384	0	0	0.000000	0.000000	0.000000	21994704.871769	1	232.207611	1360201.119095	9558275.796316	3762.363828	3891.479267	0.000000	0.000000	0.000000	0.000000	14.530000	0.000000	0.000000	9.740000	5.370000
88	2026-09-25T04:46:42.694911941Z	88014	2	63.541667	69.791667	49.479167	14.062500	6.250000	0.000000	30.208333	0.990000	0.350000	0.170000	3	1	29093.943844	19917.592364	3849883648	2946797568	903086080	196304896	56766464	842166272	0	0	0.000000	0.000000	8191.421088	13401164.899473	0	211.985018	1345373.918389	9475937.307083	3749.734995	3852.727716	0.000000	0.000000	0.000000	0.000000	14.530000	0.000000	0.000000	9.740000	5.370000
89	2026-09-25T04:46:43.694901745Z	89014	2	44.444444	49.735450	25.396825	19.047619	5.291005	0.000000	50.264550	0.990000	0.350000	0.170000	5	0	35576.364764	22756.233320	3849883648	2946830336	903053312	188850176	56840192	849412096	0	0	0.000000	0.000000	0.000000	13594763.387109	0	216.002215	1347954.820581	9531936.730947	3734.038285	3872.039700	0.000000	0.000000	0.000000	0.000000	14.430000	0.000000	0.000000	9.610000	5.480000
90	2026-09-25T04:46:44.695031571Z	90014	2	46.703297	51.648352	31.318681	15.384615	4.945055	0.000000	48.351648	0.990000	0.350000	0.170000	6	0	39200.910742	21325.231452	3849883648	2947530752	902352896	179589120	56918016	857890816	0	0	0.000000	0.000000	0.000000	13572381.965511	0	219.971442	1341525.836408	9408273.570884	3705.518931	3840.501407	0.000000	0.000000	0.000000	0.000000	14.430000	0.000000	0.000000	9.610000	5.480000
91	2026-09-25T04:46:45.694895278Z	91014	2	47.849462	53.763441	32.795699	15.053763	5.913978	0.000000	46.236559	1.150000	0.390000	0.190000	6	0	39060.323649	21447.923202	3849883648	2947293184	902590464	171073536	56967168	866357248	0	0	0.000000	0.000000	0.000000	13674311.712966	0	220.029989	1360314.401331	9588301.818420	3784.515803	3907.532569	0.000000	0.000000	0.000000	0.000000	15.440000	0.000000	0.000000	9.500000	5.210000
92	2026-09-25T04:46:46.695537225Z	92015	2	71.276596	74.468085	56.914894	14.361702	3.191489	0.000000	25.531915	1.150000	0.390000	0.190000	5	0	28655.602272	17847.541361	3849883648	2972536832	877346816	137039872	57061376	874962944	0	0	0.000000	0.000000	4093.371937	18150011.166481	0	263.830613	1345780.969590	9496044.264197	3729.605485	3872.513734	0.000000	0.000000	0.000000	0.000000	15.440000	0.000000	0.000000	9.500000	5.210000
93	2026-09-25T04:46:47.69583284Z	93015	2	50.520833	56.770833	31.770833	18.750000	6.250000	0.000000	43.229167	1.150000	0.390000	0.190000	6	0	39279.391565	21819.551559	3849883648	2972536832	877346816	128552960	57122816	883236864	0	0	0.000000	0.000000	0.000000	13606986.659198	0	227.932638	1344372.690817	9469250.505052	3705.904775	3848.862526	0.000000	0.000000	0.000000	0.000000	16.630000	0.000000	0.000000	9.400000	4.990000
94	2026-09-25T04:46:48.694903423Z	94014	2	51.813472	59.067358	33.678756	18.134715	7.253886	0.000000	40.932642	1.150000	0.390000	0.190000	6	0	41305.390056	22656.056992	3849883648	2973417472	876466176	117743616	57233408	893136896	0	0	0.000000	0.000000	0.000000	22208673.185032	0	300.279085	1380138.728537	9731458.612263	3815.546245	3961.682067	0.000000	0.000000	0.000000	0.000000	16.630000	0.000000	0.000000	9.400000	4.990000
95	2026-09-25T04:46:49.695407087Z	95015	2	51.832461	56.544503	35.602094	16.230366	4.712042	0.000000	43.455497	1.150000	0.390000	0.190000	6	0	40207.745790	21806.015460	3849883648	2973282304	876601344	108711936	57311232	902049792	0	0	0.000000	0.000000	0.000000	13841603.444522	0	223.887219	1397019.266912	9890352.843549	3860.055539	4012.978506	0.000000	0.000000	0.000000	0.000000	17.240000	0.000000	0.000000	9.690000	5.170000
96	2026-09-25T04:46:50.6948994Z	96014	2	50.777202	55.958549	33.678756	17.098446	5.181347	0.000000	44.041451	1.300000	0.430000	0.200000	4	0	39326.967678	21369.850221	3849883648	2965389312	884494336	115810304	57270272	902713344	0	0	0.000000	0.000000	118844.341432	13617922.295777	0	240.121918	1348406.633242	9481995.340904	3715.886686	3857.958821	0.000000	0.000000	0.000000	0.000000	17.240000	0.000000	0.000000	9.690000	5.170000
97	2026-09-25T04:46:51.69489946Z	97014	2	74.747475	80.808081	58.080808	16.666667	6.060606	0.000000	19.191919	1.300000	0.430000	0.200000	4	1	31727.997208	17497.998460	3849883648	2991169536	858714112	105631744	56934400	887525376	0	0	0.000000	0.000000	397311.965037	13623294.801150	0	259.999977	1329293.883022	9335661.178462	3700.999674	3806.999665	0.000000	0.000000	0.000000	0.000000	18.100000	0.000000	0.000000	9.570000	4.960000
98	2026-09-25T04:46:52.695700849Z	98015	2	53.365385	59.134615	30.769231	22.596154	5.769231	0.000000	40.865385	1.300000	0.430000	0.200000	2	0	39670.210753	21346.893923	3849883648	2990018560	859865088	121843712	56594432	872775680	0	0	0.000000	0.000000	45019.923824	13510069.867632	0	243.804630	1320322.975028	9318265.919425	3653.072654	3795.958154	0.000000	0.000000	0.000000	0.000000	18.100000	0.000000	0.000000	9.570000	4.960000
99	2026-09-25T04:46:53.694883115Z	99014	2	49.180328	55.191257	29.508197	19.672131	6.010929	0.000000	44.808743	1.300000	0.430000	0.200000	6	0	40010.717964	22952.769168	3849883648	2990657536	859226112	112582656	56680448	881205248	0	0	0.000000	0.000000	0.000000	51036934.432393	0	280.229152	1350845.626995	9494559.986538	3769.082091	3872.166387	0.000000	0.000000	0.000000	0.000000	18.440000	0.000000	0.000000	9.460000	5.150000
100	2026-09-25T04:46:54.695253532Z	100014	2	47.513812	53.038674	27.071823	19.889503	5.524862	0.552486	46.961326	1.300000	0.430000	0.200000	10	0	39164.493119	21218.140610	3849883648	2989064192	860819456	106143744	56737792	889384960	0	0	0.000000	0.000000	0.000000	13659196.510680	0	219.918540	1354370.329041	9530354.870783	3731.617775	3873.565197	0.000000	0.000000	0.000000	0.000000	18.440000	0.000000	0.000000	9.460000	5.150000
101	2026-09-25T04:46:55.694917695Z	101014	2	49.222798	54.404145	31.606218	17.616580	5.181347	0.000000	45.595855	1.270000	0.440000	0.210000	4	1	35062.775342	21835.333091	3849883648	2992107520	857776128	119500800	56352768	873254912	0	0	0.000000	0.000000	77850.144881	13373835.415391	0	236.079284	1325886.280345	9331837.967136	3691.239651	3805.277949	0.000000	0.000000	0.000000	0.000000	19.090000	0.000000	0.000000	9.920000	5.120000
102	2026-09-25T04:46:56.694895047Z	102014	2	21.500000	30.000000	20.500000	1.000000	8.500000	0.000000	70.000000	1.270000	0.440000	0.210000	4	0	4139.093738	2497.056551	3849883648	2992975872	856907776	118214656	56442880	873414656	0	0	0.000000	0.000000	4096.092764	15532383.761895	0	168.003805	86270.953778	330624.487653	176.003986	177.004009	0.000000	0.000000	0.000000	0.000000	19.090000	0.000000	0.000000	9.920000	5.120000
103	2026-09-25T04:46:57.695748815Z	103015	2	2.512563	9.045226	2.010050	0.502513	6.532663	0.000000	90.954774	1.270000	0.440000	0.210000	1	0	3906.664615	2196.125019	3849883648	2993356800	856526848	117698560	56512512	873525248	0	0	0.000000	0.000000	0.000000	7092312.810277	0	139.880574	58331.198689	58345.186747	63.945405	63.945405	0.000000	0.000000	0.000000	0.000000	16.350000	0.000000	0.000000	9.570000	5.280000
104	2026-09-25T04:46:58.695883695Z	104015	2	3.030303	9.595960	1.515152	1.515152	6.565657	0.000000	90.404040	1.270000	0.440000	0.210000	2	0	3868.477972	2209.701814	3849883648	2993315840	856567808	117698560	56590336	873447424	0	0	0.000000	0.000000	0.000000	7134269.273167	0	151.979491	58297.133152	58297.133152	62.991500	62.991500	0.000000	0.000000	0.000000	0.000000	16.350000	0.000000	0.000000	9.570000	5.280000
105	2026-09-25T04:46:59.694898899Z	105014	2	2.525253	9.090909	2.020202	0.505051	6.565657	0.000000	90.909091	1.270000	0.440000	0.210000	1	0	4122.059693	2264.229972	3849883648	2993205248	856678400	117698560	56668160	873541632	0	0	0.000000	0.000000	0.000000	7093065.747663	0	140.138018	58414.530719	58428.544521	64.063094	64.063094	0.000000	0.000000	0.000000	0.000000	13.390000	0.000000	0.000000	8.920000	5.410000
106	2026-09-25T04:47:00.69574713Z	106015	2	3.000000	10.000000	2.500000	0.500000	7.000000	0.000000	90.000000	1.170000	0.440000	0.210000	1	0	3887.702016	2189.142924	3849883648	2993360896	856522752	117440512	56737792	873472000	0	0	0.000000	0.000000	0.000000	7125091.699210	0	143.877947	58255.581091	58255.581091	62.946602	62.946602	0.000000	0.000000	0.000000	0.000000	13.390000	0.000000	0.000000	8.920000	5.410000
107	2026-09-25T04:47:01.694891634Z	107014	2	3.000000	9.500000	2.500000	0.500000	6.500000	0.000000	90.500000	1.170000	0.440000	0.210000	1	0	3750.208344	2187.871748	3849883648	2993283072	856600576	117440512	56827904	873545728	0	0	0.000000	0.000000	0.000000	7170038.046419	0	144.123299	59551.947346	59818.175107	86.073637	86.073637	0.000000	0.000000	0.000000	0.000000	10.960000	0.000000	0.000000	8.390000	5.510000
108	2026-09-25T04:47:02.69538155Z	108015	2	2.525253	9.090909	2.525253	0.000000	6.565657	0.000000	90.909091	1.170000	0.440000	0.210000	2	0	3635.219026	2023.008883	3849883648	2993438720	856444928	117182464	56889344	873484288	0	0	0.000000	0.000000	0.000000	7098986.050556	0	143.929486	58276.449086	58276.449086	62.969150	62.969150	0.000000	0.000000	0.000000	0.000000	10.960000	0.000000	0.000000	8.390000	5.510000
109	2026-09-25T04:47:03.694838343Z	109014	2	3.500000	10.000000	2.500000	1.000000	6.500000	0.000000	90.000000	1.170000	0.440000	0.210000	4	0	3853.093270	2200.195300	3849883648	2993422336	856461312	117182464	56954880	873529344	0	0	0.000000	0.000000	0.000000	7126815.785212	0	144.078273	58284.664310	58284.664310	62.033701	62.033701	0.000000	0.000000	0.000000	0.000000	8.980000	0.000000	0.000000	7.960000	5.600000
110	2026-09-25T04:47:04.69486682Z	110014	2	2.525253	9.090909	2.020202	0.505051	6.565657	0.000000	90.909091	1.170000	0.440000	0.210000	5	0	3837.890486	2173.937967	3849883648	2993397760	856485888	117182464	57028608	873484288	0	0	0.000000	0.000000	0.000000	7102261.336973	0	139.996005	58355.334831	58355.334831	63.998174	63.998174	0.000000	0.000000	0.000000	0.000000	8.980000	0.000000	0.000000	7.960000	5.600000
111	2026-09-25T04:47:05.695514259Z	111015	2	3.000000	10.000000	2.500000	0.500000	7.000000	0.000000	90.000000	1.080000	0.430000	0.200000	5	0	3994.414080	2236.552092	3849883648	2993238016	856645632	117182464	57135104	873562112	0	0	0.000000	0.000000	0.000000	7085588.903114	0	143.906837	60250.994470	60250.994470	68.955359	68.955359	0.000000	0.000000	0.000000	0.000000	7.350000	0.000000	0.000000	7.600000	5.670000
112	2026-09-25T04:47:06.69488982Z	112014	2	3.500000	10.000000	2.500000	1.000000	6.500000	0.000000	90.000000	1.080000	0.430000	0.200000	1	0	3927.451645	2230.392284	3849883648	2993426432	856457216	116924416	57200640	873500672	0	0	0.000000	0.000000	0.000000	7270842.699951	0	144.089946	58341.418639	58341.418639	63.039351	63.039351	0.000000	0.000000	0.000000	0.000000	7.350000	0.000000	0.000000	7.600000	5.670000
113	2026-09-25T04:47:07.694870843Z	113014	2	2.512563	9.547739	2.512563	0.000000	7.035176	0.000000	90.452261	1.080000	0.430000	0.200000	4	0	3979.076351	2203.042272	3849883648	2993577984	856305664	116666368	57253888	873578496	0	0	0.000000	0.000000	0.000000	7147657.149245	0	148.002840	58306.118778	58306.118778	63.001209	63.001209	0.000000	0.000000	0.000000	0.000000	6.020000	0.000000	0.000000	7.310000	5.730000
114	2026-09-25T04:47:08.69487689Z	114014	2	3.030303	9.595960	2.525253	0.505051	6.565657	0.000000	90.404040	1.080000	0.430000	0.200000	3	0	4292.974096	2373.985675	3849883648	2993577984	856305664	116666368	57327616	873504768	0	0	0.000000	0.000000	0.000000	7102421.143991	0	139.999155	58460.647248	58474.647164	65.999602	65.999602	0.000000	0.000000	0.000000	0.000000	6.020000	0.000000	0.000000	7.310000	5.730000
115	2026-09-25T04:47:09.694891349Z	115014	2	2.030457	8.629442	1.522843	0.000000	6.598985	0.507614	91.370558	1.080000	0.430000	0.200000	1	0	3809.944862	2193.968249	3849883648	2993467392	856416256	116666368	57401344	873549824	0	0	0.000000	0.000000	0.000000	7081881.511011	0	143.997916	58408.154717	58436.154312	64.999059	64.999059	0.000000	0.000000	0.000000	0.000000	4.930000	0.000000	0.000000	7.070000	5.780000
116	2026-09-25T04:47:10.695667824Z	116015	2	3.482587	9.950249	2.985075	0.497512	6.467662	0.000000	90.049751	0.990000	0.420000	0.200000	1	0	3776.067963	2135.341952	3849883648	2993942528	855941120	116150272	57466880	873529344	0	0	0.000000	0.000000	0.000000	7101046.186758	0	147.885170	58415.641481	58457.608894	65.948792	65.948792	0.000000	0.000000	0.000000	0.000000	4.930000	0.000000	0.000000	7.070000	5.780000
117	2026-09-25T04:47:11.694890788Z	117014	2	3.015075	9.547739	2.512563	0.502513	6.532663	0.000000	90.452261	0.990000	0.420000	0.200000	1	0	3782.939442	2145.667239	3849883648	2994032640	855851008	115892224	57552896	873598976	0	0	0.000000	0.000000	0.000000	7103887.905604	0	140.108868	58350.339731	58350.339731	63.048991	63.048991	0.000000	0.000000	0.000000	0.000000	4.030000	0.000000	0.000000	6.880000	5.820000
118	2026-09-25T04:47:12.694891319Z	118014	2	3.000000	10.000000	2.000000	1.000000	7.000000	0.000000	90.000000	0.990000	0.420000	0.200000	1	0	3746.997801	2141.998743	3849883648	2993995776	855887872	115892224	57630720	873562112	0	0	0.000000	0.000000	0.000000	7098363.833260	0	143.999915	58304.965775	58304.965775	62.999963	62.999963	0.000000	0.000000	0.000000	0.000000	4.030000	0.000000	0.000000	6.880000	5.820000
119	2026-09-25T04:47:13.694842131Z	119014	2	2.525253	8.585859	2.525253	0.000000	6.060606	0.000000	91.414141	0.990000	0.420000	0.200000	3	0	3669.180729	2032.100093	3849883648	2993844224	856039424	115892224	57700352	873566208	0	0	0.000000	0.000000	0.000000	6639943.057035	0	132.006502	58383.875756	58397.876446	64.003153	64.003153	0.000000	0.000000	0.000000	0.000000	3.300000	0.000000	0.000000	6.720000	5.850000
120	2026-09-25T04:47:14.695667096Z	120015	2	3.015075	11.557789	1.507538	1.507538	8.542714	0.000000	88.442211	0.990000	0.420000	0.200000	1	0	4431.344296	2514.925275	3849883648	2994126848	855756800	115634176	57769984	873570304	0	0	0.000000	0.000000	4092.623729	16677441.694313	0	199.835143	58308.897201	58388.831258	63.947246	64.946421	0.000000	0.000000	0.000000	0.000000	3.300000	0.000000	0.000000	6.720000	5.850000
121	2026-09-25T04:47:15.694893797Z	121014	2	4.901961	10.294118	3.431373	1.470588	5.392157	0.000000	89.705882	0.910000	0.410000	0.200000	1	0	3488.697810	2028.568692	3849883648	2994282496	855601152	115376128	57810944	873611264	0	0	0.000000	0.000000	0.000000	5337119.194273	0	112.086677	60336.658338	60336.658338	69.053399	69.053399	0.000000	0.000000	0.000000	0.000000	2.700000	0.000000	0.000000	6.770000	6.060000
122	2026-09-25T04:47:16.695741113Z	122015	2	3.000000	8.000000	2.500000	0.500000	5.000000	0.000000	92.000000	0.910000	0.410000	0.200000	1	0	3754.818486	2141.185741	3849883648	2994229248	855654400	115376128	57868288	873619456	0	0	0.000000	0.000000	0.000000	5344847.230769	0	111.905181	59814.318431	59970.186362	92.921266	88.924653	0.000000	0.000000	0.000000	0.000000	2.700000	0.000000	0.000000	6.770000	6.060000
123	2026-09-25T04:47:17.695705829Z	123015	2	1.515152	6.565657	1.515152	0.000000	5.050505	0.000000	93.434343	0.910000	0.410000	0.200000	1	0	3802.134124	2172.076622	3849883648	2994130944	855752704	115376128	57946112	873603072	0	0	0.000000	0.000000	0.000000	5349564.711245	0	116.004092	58515.064177	58515.064177	67.002364	67.002364	0.000000	0.000000	0.000000	0.000000	2.210000	0.000000	0.000000	6.450000	5.870000
124	2026-09-25T04:47:18.695750225Z	124015	2	3.000000	8.000000	2.500000	0.500000	5.000000	0.000000	92.000000	0.910000	0.410000	0.200000	1	0	3385.849695	1988.911708	3849883648	2994094080	855789568	115376128	58003456	873586688	0	0	0.000000	0.000000	0.000000	5336851.086507	0	111.995028	58510.402606	58510.402606	66.997026	66.997026	0.000000	0.000000	0.000000	0.000000	2.210000	0.000000	0.000000	6.450000	5.870000
125	2026-09-25T04:47:19.695408553Z	125015	2	3.960396	8.910891	2.970297	0.990099	4.950495	0.000000	91.089109	0.910000	0.410000	0.200000	1	0	3964.354525	2218.758096	3849883648	2994024448	855859200	115376128	58044416	873623552	0	0	0.000000	0.000000	0.000000	5367593.978040	0	120.041015	58324.928228	58324.928228	63.021533	63.021533	0.000000	0.000000	0.000000	0.000000	1.810000	0.000000	0.000000	6.180000	5.710000
126	2026-09-25T04:47:20.694864697Z	126014	2	2.020202	7.070707	2.020202	0.000000	5.050505	0.000000	92.929293	0.840000	0.410000	0.200000	3	0	3741.034577	2160.174820	3849883648	2994233344	855650304	115118080	58085376	873611264	0	0	0.000000	0.000000	0.000000	5339992.176105	0	112.060945	58336.726662	58336.726662	63.034281	63.034281	0.000000	0.000000	0.000000	0.000000	1.810000	0.000000	0.000000	6.180000	5.710000
127	2026-09-25T04:47:21.694837356Z	127014	2	2.512563	7.537688	2.512563	0.000000	5.025126	0.000000	92.462312	0.840000	0.410000	0.200000	3	0	3551.096853	2042.055695	3849883648	2994188288	855695360	115118080	58126336	873635840	0	0	0.000000	0.000000	0.000000	5341329.679426	0	112.003055	58306.590254	58306.590254	63.001718	63.001718	0.000000	0.000000	0.000000	0.000000	1.480000	0.000000	0.000000	5.970000	5.580000
128	2026-09-25T04:47:22.694855283Z	128014	2	2.020202	7.070707	1.010101	1.010101	5.050505	0.000000	92.929293	0.840000	0.410000	0.200000	1	0	3540.936759	1986.964513	3849883648	2994446336	855437312	114860032	58171392	873635840	0	0	0.000000	0.000000	0.000000	5341088.608157	0	107.998071	58303.958691	58303.958691	62.998875	62.998875	0.000000	0.000000	0.000000	0.000000	1.480000	0.000000	0.000000	5.970000	5.580000
129	2026-09-25T04:47:23.694889186Z	129014	2	2.512563	7.537688	2.010050	0.502513	5.025126	0.000000	92.462312	0.840000	0.410000	0.200000	1	0	3941.866367	2260.923352	3849883648	2994352128	855531520	114860032	58241024	873631744	0	0	0.000000	0.000000	0.000000	5341002.934660	0	107.996339	58459.018181	58473.017706	65.997763	65.997763	0.000000	0.000000	0.000000	0.000000	1.210000	0.000000	0.000000	5.790000	5.470000
130	2026-09-25T04:47:24.69539365Z	130015	2	3.482587	8.457711	2.985075	0.000000	4.975124	0.497512	91.542289	0.840000	0.410000	0.200000	2	0	3887.039117	2216.881656	3849883648	2994208768	855674880	114860032	58290176	873644032	0	0	0.000000	0.000000	0.000000	5354866.646487	0	115.941511	58379.549444	58407.535326	64.967226	64.967226	0.000000	0.000000	0.000000	0.000000	1.210000	0.000000	0.000000	5.790000	5.470000
131	2026-09-25T04:47:25.694869256Z	131014	2	2.020202	7.070707	2.020202	0.000000	5.050505	0.000000	92.929293	0.770000	0.400000	0.200000	1	0	3503.837402	1969.032555	3849883648	2994495488	855388160	114601984	58318848	873684992	0	0	0.000000	0.000000	0.000000	5352182.668535	0	116.060862	60425.687049	60453.701740	71.037252	71.037252	0.000000	0.000000	0.000000	0.000000	0.990000	0.000000	0.000000	5.650000	5.200000
132	2026-09-25T04:47:26.69490925Z	132014	2	2.512563	7.537688	2.010050	0.502513	5.025126	0.000000	92.462312	0.770000	0.400000	0.200000	1	0	3719.851217	2169.913210	3849883648	2994364416	855519232	114601984	58363904	873664512	0	0	0.000000	0.000000	0.000000	5349162.049566	0	115.995361	58354.665988	58368.665428	63.997440	63.997440	0.000000	0.000000	0.000000	0.000000	0.990000	0.000000	0.000000	5.650000	5.200000
133	2026-09-25T04:47:27.695140208Z	133014	2	2.512563	7.537688	1.507538	1.005025	5.025126	0.000000	92.462312	0.770000	0.400000	0.200000	2	0	3632.161127	2055.525262	3849883648	2994413568	855470080	114601984	58429440	873639936	0	0	0.000000	0.000000	0.000000	5344045.755225	0	107.975062	58291.537161	58291.537161	62.985453	62.985453	0.000000	0.000000	0.000000	0.000000	0.810000	0.000000	0.000000	5.530000	5.170000
134	2026-09-25T04:47:28.695007914Z	134014	2	2.512563	7.035176	2.010050	0.502513	4.522613	0.000000	92.964824	0.770000	0.400000	0.200000	1	0	3565.471691	2026.268063	3849883648	2994319360	855564288	114601984	58486784	873676800	0	0	0.000000	0.000000	0.000000	5345987.242036	0	112.014819	58312.714422	58312.714422	63.008336	63.008336	0.000000	0.000000	0.000000	0.000000	0.810000	0.000000	0.000000	5.530000	5.170000
135	2026-09-25T04:47:29.694890177Z	135014	2	2.500000	8.000000	2.000000	0.500000	5.500000	0.000000	92.000000	0.770000	0.400000	0.200000	1	0	3426.403185	1986.233720	3849883648	2994278400	855605248	114601984	58548224	873668608	0	0	0.000000	0.000000	0.000000	5354102.017184	0	120.014122	58311.861557	58311.861557	63.007414	63.007414	0.000000	0.000000	0.000000	0.000000	0.660000	0.000000	0.000000	5.430000	4.950000
136	2026-09-25T04:47:30.695705303Z	136015	2	3.465347	8.415842	1.980198	1.485149	4.950495	0.000000	91.584158	0.710000	0.390000	0.200000	1	0	3487.157576	1964.398795	3849883648	2994212864	855670784	114601984	58601472	873684992	0	0	0.000000	0.000000	0.000000	5320463.226578	0	111.908782	58333.451704	58347.440301	63.947875	63.947875	0.000000	0.000000	0.000000	0.000000	0.660000	0.000000	0.000000	5.430000	4.950000
137	2026-09-25T04:47:31.694895218Z	137014	2	2.030457	6.598985	2.030457	0.000000	4.568528	0.000000	93.401015	0.710000	0.390000	0.200000	1	0	3734.025072	2145.738342	3849883648	2994446336	855437312	114343936	58630144	873701376	0	0	0.000000	0.000000	0.000000	5337315.957138	0	112.090809	58404.315497	58418.326848	64.051891	64.051891	0.000000	0.000000	0.000000	0.000000	0.540000	0.000000	0.000000	5.350000	4.960000
138	2026-09-25T04:47:32.69558967Z	138015	2	2.985075	8.457711	1.990050	0.995025	5.472637	0.000000	91.542289	0.710000	0.390000	0.200000	1	0	3431.616903	2020.596790	3849883648	2994290688	855592960	114343936	58662912	873705472	0	0	0.000000	0.000000	4093.157494	5411154.207727	0	119.916723	58472.393671	58472.393671	66.953504	66.953504	0.000000	0.000000	0.000000	0.000000	0.540000	0.000000	0.000000	5.350000	4.960000
139	2026-09-25T04:47:33.695250514Z	139014	2	2.512563	7.035176	1.507538	1.005025	4.522613	0.000000	92.964824	0.710000	0.390000	0.200000	3	0	3786.284111	2149.729076	3849883648	2994335744	855547904	114343936	58712064	873717760	0	0	0.000000	0.000000	0.000000	5314314.339079	0	108.036640	58324.780733	58324.780733	63.021374	63.021374	0.000000	0.000000	0.000000	0.000000	0.440000	0.000000	0.000000	5.290000	4.970000
140	2026-09-25T04:47:34.695055002Z	140014	2	2.500000	7.500000	2.000000	0.500000	5.000000	0.000000	92.500000	0.710000	0.390000	0.200000	1	0	3569.697954	2005.392098	3849883648	2994159616	855724032	114343936	58765312	873676800	0	0	0.000000	0.000000	0.000000	5334034.921176	0	108.021121	58316.402140	58316.402140	63.012320	63.012320	0.000000	0.000000	0.000000	0.000000	0.440000	0.000000	0.000000	5.290000	4.970000
141	2026-09-25T04:47:35.694887622Z	141014	2	3.482587	8.457711	2.985075	0.497512	4.975124	0.000000	91.542289	0.650000	0.390000	0.200000	1	0	3488.583703	2038.341051	3849883648	2994212864	855670784	114343936	58793984	873738240	0	0	0.000000	0.000000	0.000000	5317497.713082	0	112.018743	60328.093976	60342.096319	70.011714	70.011714	0.000000	0.000000	0.000000	0.000000	0.360000	0.000000	0.000000	5.230000	4.790000
142	2026-09-25T04:47:36.694848281Z	142014	2	1.522843	6.091371	1.015228	0.507614	4.568528	0.000000	93.908629	0.650000	0.390000	0.200000	4	0	3462.136401	1960.077223	3849883648	2994094080	855789568	114343936	58843136	873705472	0	0	0.000000	0.000000	0.000000	5341394.440258	0	112.004413	58307.297191	58307.297191	63.002482	63.002482	0.000000	0.000000	0.000000	0.000000	0.360000	0.000000	0.000000	5.230000	4.790000
143	2026-09-25T04:47:37.694888149Z	143014	2	3.000000	8.000000	2.000000	1.000000	5.000000	0.000000	92.000000	0.650000	0.390000	0.200000	1	0	3488.860662	2013.919568	3849883648	2994147328	855736320	114343936	58884096	873738240	0	0	0.000000	0.000000	0.000000	5500708.312711	0	115.995367	58302.671508	58302.671508	62.997484	62.997484	0.000000	0.000000	0.000000	0.000000	0.290000	0.000000	0.000000	5.010000	4.650000
144	2026-09-25T04:47:38.6954954Z	144015	2	2.970297	6.930693	1.980198	0.990099	3.960396	0.000000	93.069307	0.650000	0.390000	0.200000	2	0	3486.882796	2053.752980	3849883648	2994118656	855764992	114343936	58912768	873754624	0	0	0.000000	0.000000	0.000000	3888838.732121	0	79.951454	58425.524547	58439.516052	65.959950	65.959950	0.000000	0.000000	0.000000	0.000000	0.290000	0.000000	0.000000	5.010000	4.650000
145	2026-09-25T04:47:39.695354973Z	145015	2	2.512563	5.527638	2.010050	0.000000	3.015075	0.502513	94.472362	0.650000	0.390000	0.200000	1	0	3202.449755	1825.256341	3849883648	2994057216	855826432	114343936	58941440	873762816	0	0	0.000000	0.000000	0.000000	3580406.835916	0	80.011237	58365.196867	58379.198833	64.008989	64.008989	0.000000	0.000000	0.000000	0.000000	0.240000	0.000000	0.000000	4.830000	4.530000
146	2026-09-25T04:47:40.694890236Z	146014	2	3.960396	6.930693	3.465347	0.495050	2.970297	0.000000	93.069307	0.600000	0.380000	0.190000	1	0	3328.546706	1913.889344	3849883648	2994024448	855859200	114343936	58961920	873758720	0	0	0.000000	0.000000	0.000000	3175875.762774	0	72.033472	58488.178228	58530.197754	66.030683	66.030683	0.000000	0.000000	0.000000	0.000000	0.240000	0.000000	0.000000	4.830000	4.530000
147	2026-09-25T04:47:41.695822694Z	147015	2	2.512563	5.025126	2.512563	0.000000	2.512563	0.000000	94.974874	0.600000	0.380000	0.190000	1	0	3283.937823	1916.213187	3849883648	2994233344	855650304	114085888	58986496	873750528	0	0	0.000000	0.000000	0.000000	2680380.622800	0	59.944104	58302.634484	58316.621442	63.940377	63.940377	0.000000	0.000000	0.000000	0.000000	0.200000	0.000000	0.000000	4.490000	4.250000
148	2026-09-25T04:47:42.694895058Z	148014	2	2.500000	5.500000	2.000000	0.500000	3.000000	0.000000	94.500000	0.600000	0.380000	0.190000	1	0	3550.293643	2006.861786	3849883648	2994450432	855433216	113827840	58998784	873783296	0	0	0.000000	0.000000	0.000000	2693570.852616	0	60.055714	58359.140358	58359.140358	63.058500	63.058500	0.000000	0.000000	0.000000	0.000000	0.200000	0.000000	0.000000	4.490000	4.250000
149	2026-09-25T04:47:43.694895418Z	149014	2	2.020202	4.545455	1.515152	0.505051	2.525253	0.000000	95.454545	0.600000	0.380000	0.190000	1	0	3339.998791	1931.999301	3849883648	2994708480	855175168	113569792	59043840	873771008	0	0	0.000000	0.000000	0.000000	2715647.016936	0	55.999980	58304.978894	58304.978894	62.999977	62.999977	0.000000	0.000000	0.000000	0.000000	0.160000	0.000000	0.000000	4.040000	3.840000
150	2026-09-25T04:47:44.695367135Z	150015	2	3.465347	5.940594	2.475248	0.990099	2.475248	0.000000	94.059406	0.600000	0.380000	0.190000	1	0	3446.374280	1993.059836	3849883648	2994708480	855175168	113569792	59068416	873771008	0	0	0.000000	0.000000	0.000000	2349995.462490	0	55.973596	58277.509392	58277.509392	62.970296	62.970296	0.000000	0.000000	0.000000	0.000000	0.160000	0.000000	0.000000	4.040000	3.840000
151	2026-09-25T04:47:45.694864654Z	151014	2	1.522843	3.553299	1.522843	0.000000	2.030457	0.000000	96.446701	0.550000	0.370000	0.190000	4	0	3070.542871	1749.879271	3849883648	2994651136	855232512	113569792	59084800	873783296	0	0	0.000000	0.000000	0.000000	1811342.154149	0	44.022120	60319.308945	60319.308945	69.034688	69.034688	0.000000	0.000000	0.000000	0.000000	0.130000	0.000000	0.000000	3.670000	3.510000
152	2026-09-25T04:47:46.69565507Z	152015	2	2.500000	4.500000	2.000000	0.500000	2.000000	0.000000	95.500000	0.550000	0.370000	0.190000	1	0	3085.561142	1847.539686	3849883648	2994606080	855277568	113569792	59097088	873803776	0	0	0.000000	0.000000	0.000000	1841744.266914	0	43.965249	58386.850450	58414.828336	64.948664	64.948664	0.000000	0.000000	0.000000	0.000000	0.130000	0.000000	0.000000	3.670000	3.510000
153	2026-09-25T04:47:47.694953787Z	153014	2	2.010050	3.015075	1.507538	0.502513	1.005025	0.000000	96.984925	0.550000	0.370000	0.190000	2	0	2894.029545	1690.185305	3849883648	2994597888	855285760	113569792	59101184	873799680	0	0	0.000000	0.000000	0.000000	1008323.123899	0	32.022457	58554.063203	58554.063203	67.047019	67.047019	0.000000	0.000000	0.000000	0.000000	0.100000	0.000000	0.000000	3.180000	3.050000
154	2026-09-25T04:47:48.694819593Z	154014	2	2.500000	3.500000	2.000000	0.500000	1.000000	0.000000	96.500000	0.550000	0.370000	0.190000	4	0	3105.416511	1791.240248	3849883648	2994569216	855314432	113569792	59117568	873799680	0	0	0.000000	0.000000	0.000000	925820.174705	0	24.003219	58312.821149	58312.821149	63.008451	63.008451	0.000000	0.000000	0.000000	0.000000	0.100000	0.000000	0.000000	3.180000	3.050000
155	2026-09-25T04:47:49.695744004Z	155015	2	2.512563	3.517588	2.010050	0.502513	1.005025	0.000000	96.482412	0.550000	0.370000	0.190000	1	0	3104.130725	1829.309095	3849883648	2994548736	855334912	113569792	59133952	873807872	0	0	0.000000	0.000000	0.000000	937117.783611	0	31.970448	58251.156068	58251.156068	62.941820	62.941820	0.000000	0.000000	0.000000	0.000000	0.080000	0.000000	0.000000	2.790000	2.680000
156	2026-09-25T04:47:50.695707421Z	156015	2	2.500000	3.500000	2.500000	0.000000	1.000000	0.000000	96.500000	0.510000	0.370000	0.190000	1	0	2896.105728	1675.061151	3849883648	2994548736	855334912	113569792	59138048	873828352	0	0	0.000000	0.000000	0.000000	925729.795618	0	28.001022	58307.128618	58307.128618	63.002300	63.002300	0.000000	0.000000	0.000000	0.000000	0.080000	0.000000	0.000000	2.790000	2.680000
157	2026-09-25T04:47:51.695491123Z	157015	2	2.512563	3.517588	2.512563	0.000000	1.005025	0.000000	96.482412	0.510000	0.370000	0.190000	2	0	3095.669816	1813.392367	3849883648	2994532352	855351296	113569792	59158528	873811968	0	0	0.000000	0.000000	0.000000	921799.451591	0	24.005194	58345.624359	58359.627389	64.013851	64.013851	0.000000	0.000000	0.000000	0.000000	0.070000	0.000000	0.000000	2.460000	2.370000
158	2026-09-25T04:47:52.694892305Z	158014	2	2.500000	3.500000	2.000000	0.500000	1.000000	0.000000	96.500000	0.510000	0.370000	0.190000	1	0	2881.725433	1743.043647	3849883648	2994753536	855130112	113311744	59162624	873836544	0	0	0.000000	0.000000	0.000000	926250.592542	0	20.011982	58339.931034	58339.931034	63.037744	63.037744	0.000000	0.000000	0.000000	0.000000	0.070000	0.000000	0.000000	2.460000	2.370000
159	2026-09-25T04:47:53.694885842Z	159014	2	2.985075	3.482587	1.990050	0.995025	0.497512	0.000000	96.517413	0.510000	0.370000	0.190000	1	0	2693.017593	1635.010682	3849883648	2994733056	855150592	113311744	59166720	873840640	0	0	0.000000	0.000000	4096.026759	143360.936577	0	12.000078	58617.382947	58541.382451	69.000451	67.000438	0.000000	0.000000	0.000000	0.000000	0.050000	0.000000	0.000000	2.200000	1.940000
160	2026-09-25T04:47:54.695010351Z	160014	2	2.500000	2.500000	1.500000	0.500000	0.000000	0.500000	97.500000	0.510000	0.370000	0.190000	1	0	2769.654931	1629.796945	3849883648	2994982912	854900736	113053696	59166720	873848832	0	0	0.000000	0.000000	0.000000	0.000000	0	0.000000	58453.717310	58495.712078	65.991778	65.991778	0.000000	0.000000	0.000000	0.000000	0.050000	0.000000	0.000000	2.200000	1.940000
161	2026-09-25T04:47:55.695556545Z	161015	2	40.404040	40.404040	35.858586	4.545455	0.000000	0.000000	59.595960	0.470000	0.360000	0.190000	3	0	3289.203516	2065.871670	3849883648	3072638976	777244672	119578624	56578048	792305664	0	0	0.000000	0.000000	16375.056337	40937.640843	0	11.993449	60981.693263	60913.730382	82.954692	78.956876	0.000000	0.000000	0.000000	0.000000	0.040000	0.000000	0.000000	1.800000	1.590000
162	2026-09-25T04:47:56.695766257Z	162015	2	82.741117	84.771574	69.543147	13.197970	2.030457	0.000000	15.228426	0.470000	0.360000	0.190000	7	0	2852.401800	2209.536620	3849883648	3210842112	639041536	117284864	53014528	659914752	0	0	0.000000	0.000000	0.000000	96448764.957911	0	239.949678	59984.420187	59390.544734	95.979871	79.983226	0.000000	0.000000	0.000000	0.000000	0.040000	0.000000	0.000000	1.800000	1.590000
163	2026-09-25T04:47:57.695203034Z	163014	2	27.000000	30.500000	19.500000	7.500000	3.500000	0.000000	69.500000	0.470000	0.360000	0.190000	1	0	3847.167063	2648.491864	3849883648	3246411776	603471872	210022400	51908608	532553728	0	0	0.000000	0.000000	0.000000	119449300.357500	0	156.087922	58337.861017	58337.861017	63.035507	63.035507	0.000000	0.000000	0.000000	0.000000	0.940000	0.360000	0.360000	2.020000	1.660000
164	2026-09-25T04:47:58.694895141Z	164014	2	1.507538	1.507538	1.005025	0.502513	0.000000	0.000000	98.492462	0.470000	0.360000	0.190000	1	0	2622.807555	1546.476155	3849883648	3246407680	603475968	210022400	51908608	532553728	0	0	0.000000	0.000000	0.000000	245835.692072	0	8.002464	58322.957464	58322.957464	63.019403	63.019403	0.000000	0.000000	0.000000	0.000000	0.940000	0.360000	0.360000	2.020000	1.660000
165	2026-09-25T04:47:59.69559268Z	165015	2	2.487562	2.487562	1.492537	0.995025	0.000000	0.000000	97.512438	0.470000	0.360000	0.190000	1	0	2673.135205	1619.869969	3849883648	3246407680	603475968	210022400	51908608	532561920	0	0	0.000000	0.000000	0.000000	0.000000	0	0.000000	58264.354437	58264.354437	62.956081	62.956081	0.000000	0.000000	0.000000	0.000000	0.770000	0.290000	0.290000	1.650000	1.360000
166	2026-09-25T04:48:00.695704843Z	166015	2	2.000000	2.000000	1.000000	1.000000	0.000000	0.000000	98.000000	0.430000	0.350000	0.190000	1	0	2865.678755	1698.809562	3849883648	3246407680	603475968	210022400	51908608	532664320	0	0	0.000000	0.000000	110579.603916	0.000000	0	3.999552	58298.464684	58298.464684	62.992938	62.992938	0.000000	0.000000	0.000000	0.000000	0.770000	0.290000	0.290000	1.650000	1.360000
167	2026-09-25T04:48:01.694891358Z	167014	2	1.507538	1.507538	1.005025	0.502513	0.000000	0.000000	98.492462	0.430000	0.350000	0.190000	1	0	2669.171336	1564.272515	3849883648	3246305280	603578368	210022400	51908608	532684800	0	0	0.000000	0.000000	0.000000	0.000000	0	0.000000	58404.511311	58418.522709	64.052106	64.052106	0.000000	0.000000	0.000000	0.000000	0.630000	0.240000	0.240000	1.350000	1.110000
168	2026-09-25T04:48:02.69485454Z	168014	2	2.487562	2.487562	1.492537	0.995025	0.000000	0.000000	97.512438	0.430000	0.350000	0.190000	1	0	2891.106471	1728.063639	3849883648	3246305280	603578368	210022400	51912704	532680704	0	0	0.000000	0.000000	0.000000	69634.564432	0	8.000295	58591.157737	58605.158252	68.002504	68.002504	0.000000	0.000000	0.000000	0.000000	0.630000	0.240000	0.240000	1.350000	1.110000
169	2026-09-25T04:48:03.694852349Z	169014	2	2.000000	2.000000	1.500000	0.500000	0.000000	0.000000	98.000000	0.430000	0.350000	0.190000	1	0	2928.006395	1687.003684	3849883648	3246223360	603660288	210022400	51912704	532799488	0	0	0.000000	0.000000	106496.232588	0.000000	0	4.000009	58305.127338	58305.127338	63.000138	63.000138	0.000000	0.000000	0.000000	0.000000	0.510000	0.190000	0.190000	1.100000	0.910000
170	2026-09-25T04:48:04.694865084Z	170014	2	1.010101	1.010101	0.505051	0.505051	0.000000	0.000000	98.989899	0.430000	0.350000	0.190000	1	0	3089.960640	1763.977530	3849883648	3246153728	603729920	210022400	51912704	532807680	0	0	0.000000	0.000000	0.000000	0.000000	0	0.000000	58304.257320	58304.257320	62.999198	62.999198	0.000000	0.000000	0.000000	0.000000	0.510000	0.190000	0.190000	1.100000	0.910000
171	2026-09-25T04:48:05.694891529Z	171014	2	2.500000	2.500000	1.500000	1.000000	0.000000	0.000000	97.500000	0.390000	0.350000	0.190000	1	0	3182.915615	1867.950477	3849883648	3246051328	603832320	210022400	51912704	532942848	0	0	0.000000	0.000000	126972.633702	0.000000	0	7.999788	60285.401713	60285.401713	68.998171	68.998171	0.000000	0.000000	0.000000	0.000000	0.420000	0.160000	0.160000	0.900000	0.740000
172	2026-09-25T04:48:06.695748749Z	172015	2	1.005025	1.005025	1.005025	0.000000	0.000000	0.000000	98.994975	0.390000	0.350000	0.190000	1	0	2820.582338	1609.620314	3849883648	3246051328	603832320	210022400	51912704	532942848	0	0	0.000000	0.000000	0.000000	0.000000	0	0.000000	58255.066670	58255.066670	62.946046	62.946046	0.000000	0.000000	0.000000	0.000000	0.420000	0.160000	0.160000	0.900000	0.740000
173	2026-09-25T04:48:07.695648258Z	173015	2	2.000000	2.000000	1.000000	1.000000	0.000000	0.000000	98.000000	0.390000	0.350000	0.190000	1	0	2814.282802	1659.166726	3849883648	3246014464	603869184	210022400	51916800	532951040	0	0	0.000000	0.000000	0.000000	77831.821164	0	12.001206	58310.859542	58310.859542	63.006331	63.006331	0.000000	0.000000	0.000000	0.000000	0.340000	0.130000	0.130000	0.740000	0.610000
174	2026-09-25T04:48:08.695382545Z	174015	2	2.487562	2.487562	1.990050	0.497512	0.000000	0.000000	97.512438	0.390000	0.350000	0.190000	1	0	2727.724789	1645.437212	3849883648	3246014464	603869184	210022400	51916800	532955136	0	0	0.000000	0.000000	0.000000	0.000000	0	0.000000	58320.496456	58320.496456	63.016744	63.016744	0.000000	0.000000	0.000000	0.000000	0.340000	0.130000	0.130000	0.740000	0.610000
175	2026-09-25T04:48:09.694906001Z	175014	2	1.507538	1.507538	0.502513	0.502513	0.000000	0.502513	98.492462	0.390000	0.350000	0.190000	2	0	2853.359757	1624.774280	3849883648	3246014464	603869184	210022400	51916800	532963328	0	0	0.000000	0.000000	0.000000	0.000000	0	0.000000	58436.847846	58436.847846	65.030990	65.030990	0.000000	0.000000	0.000000	0.000000	0.280000	0.100000	0.100000	0.600000	0.500000
176	2026-09-25T04:48:10.694889346Z	176014	2	1.507538	1.507538	1.005025	0.502513	0.000000	0.000000	98.492462	0.440000	0.360000	0.190000	1	0	2781.046132	1706.028300	3849883648	3246014464	603869184	210022400	51916800	532963328	0	0	0.000000	0.000000	0.000000	0.000000	0	0.000000	58305.967179	58305.967179	63.001045	63.001045	0.000000	0.000000	0.000000	0.000000	0.280000	0.100000	0.100000	0.600000	0.500000
177	2026-09-25T04:48:11.695068847Z	177014	2	1.507538	1.507538	1.005025	0.502513	0.000000	0.000000	98.492462	0.440000	0.360000	0.190000	2	0	2740.508090	1593.713935	3849883648	3246014464	603869184	210022400	51916800	532975616	0	0	0.000000	0.000000	0.000000	0.000000	0	0.000000	58294.536364	58294.536364	62.988694	62.988694	0.000000	0.000000	0.000000	0.000000	0.230000	0.080000	0.080000	0.490000	0.410000
178	2026-09-25T04:48:12.694850869Z	178014	2	2.000000	2.000000	1.500000	0.500000	0.000000	0.000000	98.000000	0.440000	0.360000	0.190000	1	0	2722.593629	1611.351336	3849883648	3246014464	603869184	210022400	51916800	532975616	0	0	0.000000	0.000000	0.000000	20484.466392	0	8.001745	58317.715478	58317.715478	63.013739	63.013739	0.000000	0.000000	0.000000	0.000000	0.230000	0.080000	0.080000	0.490000	0.410000
179	2026-09-25T04:48:13.695387931Z	179015	2	2.000000	2.000000	2.000000	0.000000	0.000000	0.000000	98.000000	0.440000	0.360000	0.190000	1	0	2847.470743	1742.064410	3849883648	3245850624	604033024	210022400	51916800	533143552	0	0	0.000000	0.000000	155564.452866	0.000000	0	3.997853	58221.731553	58221.731553	61.966720	61.966720	0.000000	0.000000	0.000000	0.000000	0.180000	0.070000	0.070000	0.400000	0.330000
180	2026-09-25T04:48:14.694851444Z	180014	2	1.507538	1.507538	1.005025	0.502513	0.000000	0.000000	98.492462	0.440000	0.360000	0.190000	1	0	2994.606594	1720.923268	3849883648	3245850624	604033024	210022400	51916800	533143552	0	0	0.000000	0.000000	0.000000	0.000000	0	0.000000	58388.325103	58388.325103	64.034354	64.034354	0.000000	0.000000	0.000000	0.000000	0.180000	0.070000	0.070000	0.400000	0.330000
181	2026-09-25T04:48:15.694891142Z	181014	2	1.015228	1.015228	1.015228	0.000000	0.000000	0.000000	98.984772	0.410000	0.350000	0.190000	1	0	3056.878602	1788.928956	3849883648	3245850624	604033024	210022400	51916800	533151744	0	0	0.000000	0.000000	0.000000	0.000000	0	0.000000	60284.605917	60284.605917	68.997260	68.997260	0.000000	0.000000	0.000000	0.000000	0.150000	0.050000	0.050000	0.330000	0.270000
182	2026-09-25T04:48:16.695513761Z	182015	2	2.000000	2.000000	1.000000	1.000000	0.000000	0.000000	98.000000	0.410000	0.350000	0.190000	1	0	2744.291390	1687.949074	3849883648	3245850624	604033024	210022400	51916800	533151744	0	0	0.000000	0.000000	0.000000	0.000000	0	0.000000	58320.689247	58334.680536	63.960178	63.960178	0.000000	0.000000	0.000000	0.000000	0.150000	0.050000	0.050000	0.330000	0.270000
183	2026-09-25T04:48:17.694889339Z	183014	2	2.000000	2.000000	2.000000	0.000000	0.000000	0.000000	98.000000	0.410000	0.350000	0.190000	1	0	2676.671166	1563.976461	3849883648	3245821952	604061696	210022400	51920896	533164032	0	0	0.000000	0.000000	0.000000	28689.912403	0	8.004998	58549.555122	58549.555122	67.041857	67.041857	0.000000	0.000000	0.000000	0.000000	0.120000	0.040000	0.040000	0.270000	0.220000
184	2026-09-25T04:48:18.69572193Z	184015	2	2.000000	2.500000	1.500000	0.500000	0.500000	0.000000	97.500000	0.410000	0.350000	0.190000	1	0	2954.540283	1750.542636	3849883648	3245821952	604061696	210022400	51924992	533159936	0	0	0.000000	0.000000	0.000000	208722.234357	0	19.983363	58332.437021	58346.425376	63.946763	63.946763	0.000000	0.000000	0.000000	0.000000	0.120000	0.040000	0.040000	0.270000	0.220000
185	2026-09-25T04:48:19.694892691Z	185014	2	2.000000	2.000000	1.500000	0.500000	0.000000	0.000000	98.000000	0.410000	0.350000	0.190000	2	0	2733.266345	1670.385035	3849883648	3245785088	604098560	210022400	51924992	533176320	0	0	0.000000	0.000000	0.000000	0.000000	0	0.000000	58561.557545	58561.557545	67.055601	67.055601	0.000000	0.000000	0.000000	0.000000	0.100000	0.030000	0.030000	0.220000	0.180000
186	2026-09-25T04:48:20.694890555Z	186014	2	2.487562	2.487562	2.487562	0.000000	0.000000	0.000000	97.512438	0.370000	0.350000	0.190000	1	0	2745.006045	1585.003490	3849883648	3245785088	604098560	210022400	51924992	533180416	0	0	0.000000	0.000000	0.000000	0.000000	0	0.000000	58305.128388	58305.128388	63.000139	63.000139	0.000000	0.000000	0.000000	0.000000	0.100000	0.030000	0.030000	0.220000	0.180000
187	2026-09-25T04:48:21.694839083Z	187014	2	2.500000	2.500000	1.500000	1.000000	0.000000	0.000000	97.500000	0.370000	0.350000	0.190000	1	0	2648.136112	1610.082757	3849883648	3245772800	604110848	210022400	51924992	533184512	0	0	0.000000	0.000000	0.000000	0.000000	0	0.000000	58307.996973	58307.996973	63.003238	63.003238	0.000000	0.000000	0.000000	0.000000	0.080000	0.030000	0.030000	0.180000	0.150000
188	2026-09-25T04:48:22.69581143Z	188015	2	1.507538	1.507538	1.507538	0.000000	0.000000	0.000000	98.492462	0.370000	0.350000	0.190000	1	0	2828.250174	1672.373999	3849883648	3245772800	604110848	210022400	51924992	533192704	0	0	0.000000	0.000000	0.000000	0.000000	0	0.000000	58248.366802	58248.366802	62.938806	62.938806	0.000000	0.000000	0.000000	0.000000	0.080000	0.030000	0.030000	0.180000	0.150000
189	2026-09-25T04:48:23.695746993Z	189015	2	1.507538	1.507538	1.005025	0.502513	0.000000	0.000000	98.492462	0.370000	0.350000	0.190000	1	0	2828.182208	1634.105279	3849883648	3245752320	604131328	210022400	51929088	533200896	0	0	0.000000	0.000000	0.000000	36866.375153	0	8.000515	58336.758404	58350.759306	64.004124	64.004124	0.000000	0.000000	0.000000	0.000000	0.060000	0.020000	0.020000	0.140000	0.120000
190	2026-09-25T04:48:24.695702298Z	190015	2	2.487562	2.487562	1.492537	0.497512	0.000000	0.497512	97.512438	0.370000	0.350000	0.190000	1	0	2775.124056	1682.075194	3849883648	3245752320	604131328	210022400	51929088	533200896	0	0	0.000000	0.000000	0.000000	0.000000	0	0.000000	58411.611174	58411.611174	65.002906	65.002906	0.000000	0.000000	0.000000	0.000000	0.060000	0.020000	0.020000	0.140000	0.120000
191	2026-09-25T04:48:25.694888492Z	191014	2	1.010101	1.010101	1.010101	0.000000	0.000000	0.000000	98.989899	0.340000	0.340000	0.190000	1	0	2593.109191	1545.256886	3849883648	3245752320	604131328	210022400	51929088	533204992	0	0	0.000000	0.000000	0.000000	0.000000	0	0.000000	60336.076339	60336.076339	69.056169	69.056169	0.000000	0.000000	0.000000	0.000000	0.050000	0.020000	0.020000	0.120000	0.100000
192	2026-09-25T04:48:26.695403859Z	192015	2	1.507538	1.507538	1.005025	0.502513	0.000000	0.000000	98.492462	0.340000	0.340000	0.190000	1	0	2911.500734	1701.124013	3849883648	3245735936	604147712	210022400	51929088	533209088	0	0	0.000000	0.000000	0.000000	0.000000	0	0.000000	58274.991526	58274.991526	62.967575	62.967575	0.000000	0.000000	0.000000	0.000000	0.050000	0.020000	0.020000	0.120000	0.100000
193	2026-09-25T04:48:27.694967777Z	193014	2	1.507538	1.507538	1.507538	0.000000	0.000000	0.000000	98.492462	0.340000	0.340000	0.190000	1	0	2694.174903	1628.710264	3849883648	3245735936	604147712	210022400	51929088	533217280	0	0	0.000000	0.000000	0.000000	0.000000	0	0.000000	58330.437320	58330.437320	63.027486	63.027486	0.000000	0.000000	0.000000	0.000000	0.040000	0.010000	0.010000	0.090000	0.080000
194	2026-09-25T04:48:28.695893184Z	194015	2	2.000000	2.000000	1.500000	0.500000	0.000000	0.000000	98.000000	0.340000	0.340000	0.190000	1	0	2797.411080	1611.508597	3849883648	3245731840	604151808	210022400	51929088	533217280	0	0	0.000000	0.000000	0.000000	118674.170615	0	7.992603	58251.090363	58251.090363	62.941749	62.941749	0.000000	0.000000	0.000000	0.000000	0.040000	0.010000	0.010000	0.090000	0.080000
195	2026-09-25T04:48:29.695608762Z	195015	2	1.010101	1.010101	1.010101	0.000000	0.000000	0.000000	98.989899	0.340000	0.340000	0.190000	1	0	2935.835178	1691.481187	3849883648	3245719552	604164096	210022400	51929088	533225472	0	0	0.000000	0.000000	0.000000	24582.993296	0	4.001138	58321.591151	58321.591151	63.017927	63.017927	0.000000	0.000000	0.000000	0.000000	0.030000	0.010000	0.010000	0.080000	0.060000
196	2026-09-25T04:48:30.694889073Z	196014	2	1.507538	1.507538	1.005025	0.502513	0.000000	0.000000	98.492462	0.320000	0.330000	0.190000	1	0	2755.983319	1655.191143	3849883648	3245719552	604164096	210022400	51929088	533233664	0	0	0.000000	0.000000	0.000000	0.000000	0	0.000000	58346.988885	58346.988885	63.045370	63.045370	0.000000	0.000000	0.000000	0.000000	0.030000	0.010000	0.010000	0.080000	0.060000
197	2026-09-25T04:48:31.695369182Z	197015	2	3.448276	3.448276	2.955665	0.492611	0.000000	0.000000	96.551724	0.320000	0.330000	0.190000	1	0	3069.526228	1745.162095	3849883648	3245719552	604164096	210022400	51929088	533241856	0	0	0.000000	0.000000	0.000000	0.000000	0	0.000000	58277.019455	58277.019455	62.969766	62.969766	0.000000	0.000000	0.000000	0.000000	0.030000	0.010000	0.010000	0.060000	0.050000
198	2026-09-25T04:48:32.694898372Z	198014	2	1.507538	1.507538	1.005025	0.502513	0.000000	0.000000	98.492462	0.320000	0.330000	0.190000	1	0	2803.320027	1686.794278	3849883648	3245719552	604164096	210022400	51929088	533245952	0	0	0.000000	0.000000	0.000000	0.000000	0	0.000000	58540.565582	58554.572177	67.031564	67.031564	0.000000	0.000000	0.000000	0.000000	0.030000	0.010000	0.010000	0.060000	0.050000
199	2026-09-25T04:48:33.695241719Z	199014	2	2.487562	2.487562	2.487562	0.000000	0.000000	0.000000	97.512438	0.320000	0.330000	0.190000	1	0	2945.988495	1703.415132	3849883648	3245686784	604196864	210022400	51933184	533254144	0	0	0.000000	0.000000	0.000000	221108.082540	0	7.997254	58336.970001	58336.970001	63.978033	63.978033	0.000000	0.000000	0.000000	0.000000	0.020000	0.000000	0.000000	0.050000	0.040000
200	2026-09-25T04:48:34.694896559Z	200014	2	2.000000	2.000000	1.500000	0.500000	0.000000	0.000000	98.000000	0.320000	0.330000	0.190000	1	0	2784.960658	1621.559349	3849883648	3245686784	604196864	210022400	51933184	533258240	0	0	0.000000	0.000000	0.000000	0.000000	0	0.000000	58401.145183	58415.150014	64.022084	64.022084	0.000000	0.000000	0.000000	0.000000	0.020000	0.000000	0.000000	0.050000	0.040000
201	2026-09-25T04:48:35.694890368Z	201014	2	2.000000	2.000000	1.000000	1.000000	0.000000	0.000000	98.000000	0.290000	0.330000	0.180000	1	0	2819.017935	1684.010714	3849883648	3245686784	604196864	210022400	51933184	533258240	0	0	0.000000	0.000000	0.000000	0.000000	0	0.000000	60287.383548	60287.383548	69.000439	69.000439	0.000000	0.000000	0.000000	0.000000	0.010000	0.000000	0.000000	0.040000	0.030000
202	2026-09-25T04:48:36.695703896Z	202015	2	2.000000	2.000000	2.000000	0.000000	0.000000	0.000000	98.000000	0.290000	0.330000	0.180000	1	0	2794.726342	1624.678238	3849883648	3245686784	604196864	210022400	51933184	533266432	0	0	0.000000	0.000000	0.000000	0.000000	0	0.000000	58257.604351	58257.604351	62.948788	62.948788	0.000000	0.000000	0.000000	0.000000	0.010000	0.000000	0.000000	0.040000	0.030000
203	2026-09-25T04:48:37.695380781Z	203015	2	2.000000	2.000000	1.500000	0.500000	0.000000	0.000000	98.000000	0.290000	0.330000	0.180000	1	0	2849.921023	1668.539230	3849883648	3245678592	604205056	210022400	51933184	533270528	0	0	0.000000	0.000000	0.000000	0.000000	0	0.000000	58323.848810	58323.848810	63.020367	63.020367	0.000000	0.000000	0.000000	0.000000	0.010000	0.000000	0.000000	0.030000	0.020000
204	2026-09-25T04:48:38.694859922Z	204014	2	2.487562	2.487562	1.990050	0.497512	0.000000	0.000000	97.512438	0.290000	0.330000	0.180000	1	0	2937.530065	1764.919290	3849883648	3245678592	604205056	210022400	51937280	533274624	0	0	0.000000	0.000000	0.000000	69668.287982	0	8.004169	58335.385035	58335.385035	63.032832	63.032832	0.000000	0.000000	0.000000	0.000000	0.010000	0.000000	0.000000	0.030000	0.020000
205	2026-09-25T04:48:39.695348845Z	205015	2	2.970297	2.970297	1.980198	0.495050	0.000000	0.495050	97.029703	0.290000	0.330000	0.180000	1	0	2774.643444	1600.217634	3849883648	3245678592	604205056	210022400	51937280	533278720	0	0	0.000000	0.000000	0.000000	0.000000	0	0.000000	58380.457094	58380.457094	64.968236	64.968236	0.000000	0.000000	0.000000	0.000000	0.010000	0.000000	0.000000	0.020000	0.020000
206	2026-09-25T04:48:40.694888807Z	206014	2	2.487562	2.487562	2.487562	0.000000	0.000000	0.000000	97.512438	0.270000	0.320000	0.180000	1	0	2953.358439	1757.808529	3849883648	3245678592	604205056	210022400	51937280	533291008	0	0	0.000000	0.000000	0.000000	0.000000	0	0.000000	58331.830542	58331.830542	63.028991	63.028991	0.000000	0.000000	0.000000	0.000000	0.010000	0.000000	0.000000	0.020000	0.020000
207	2026-09-25T04:48:41.695370851Z	207015	2	1.507538	1.507538	1.005025	0.502513	0.000000	0.000000	98.492462	0.270000	0.320000	0.180000	1	0	2776.661707	1664.197892	3849883648	3245678592	604205056	210022400	51937280	533295104	0	0	0.000000	0.000000	0.000000	0.000000	0	0.000000	58224.936803	58224.936803	61.970132	61.970132	0.000000	0.000000	0.000000	0.000000	0.010000	0.000000	0.000000	0.020000	0.010000
208	2026-09-25T04:48:42.695747094Z	208015	2	2.000000	2.000000	1.500000	0.500000	0.000000	0.000000	98.000000	0.270000	0.320000	0.180000	1	0	2849.927732	1636.384320	3849883648	3245678592	604205056	210022400	51937280	533299200	0	0	0.000000	0.000000	0.000000	0.000000	0	0.000000	58335.051787	58335.051787	63.975929	63.975929	0.000000	0.000000	0.000000	0.000000	0.010000	0.000000	0.000000	0.020000	0.010000
209	2026-09-25T04:48:43.694856242Z	209014	2	1.507538	1.507538	1.005025	0.502513	0.000000	0.000000	98.492462	0.270000	0.320000	0.180000	1	0	2892.576768	1745.554977	3849883648	3245654016	604229632	210022400	51937280	533303296	0	0	0.000000	0.000000	0.000000	20498.260281	0	4.003566	58356.985628	58356.985628	63.056172	63.056172	0.000000	0.000000	0.000000	0.000000	0.000000	0.000000	0.000000	0.010000	0.010000
210	2026-09-25T04:48:44.694904008Z	210014	2	1.507538	1.507538	1.507538	0.000000	0.000000	0.000000	98.492462	0.270000	0.320000	0.180000	1	0	2862.863341	1682.919666	3849883648	3245580288	604303360	210022400	51937280	533360640	0	0	0.000000	0.000000	45053.849355	81916.089735	0	11.999427	58302.216944	58302.216944	62.996993	62.996993	0.000000	0.000000	0.000000	0.000000	0.000000	0.000000	0.000000	0.010000	0.010000
211	2026-09-25T04:48:45.695848939Z	211015	2	2.000000	2.000000	1.500000	0.500000	0.000000	0.000000	98.000000	0.250000	0.320000	0.180000	1	0	2900.259307	1705.388439	3849883648	3245580288	604303360	210022400	51937280	533364736	0	0	0.000000	0.000000	0.000000	0.000000	0	0.000000	60230.083655	60230.083655	68.934858	68.934858	0.000000	0.000000	0.000000	0.000000	0.000000	0.000000	0.000000	0.010000	0.010000
212	2026-09-25T04:48:46.694842181Z	212014	2	2.000000	2.000000	1.500000	0.500000	0.000000	0.000000	98.000000	0.250000	0.320000	0.180000	1	0	2874.894280	1720.732335	3849883648	3245580288	604303360	210022400	51937280	533368832	0	0	0.000000	0.000000	0.000000	0.000000	0	0.000000	58363.757304	58363.757304	63.063489	63.063489	0.000000	0.000000	0.000000	0.000000	0.000000	0.000000	0.000000	0.010000	0.010000
213	2026-09-25T04:48:47.695702824Z	213015	2	1.507538	1.507538	1.005025	0.502513	0.000000	0.000000	98.492462	0.250000	0.320000	0.180000	1	0	2729.650931	1577.642320	3849883648	3245580288	604303360	210022400	51937280	533368832	0	0	0.000000	0.000000	0.000000	0.000000	0	0.000000	58514.643760	58528.631723	67.941531	67.941531	0.000000	0.000000	0.000000	0.000000	0.000000	0.000000	0.000000	0.010000	0.010000
214	2026-09-25T04:48:48.695591012Z	214015	2	2.487562	2.487562	1.492537	0.995025	0.000000	0.000000	97.512438	0.250000	0.320000	0.180000	1	0	2919.326413	1718.192113	3849883648	3245580288	604303360	210022400	51937280	533381120	0	0	0.000000	0.000000	0.000000	57350.412407	0	4.000447	58311.519869	58311.519869	63.007045	63.007045	0.000000	0.000000	0.000000	0.000000	0.000000	0.000000	0.000000	0.010000	0.010000
215	2026-09-25T04:48:49.695857186Z	215015	2	2.970297	2.970297	1.485149	1.485149	0.000000	0.000000	97.029703	0.250000	0.320000	0.180000	1	0	2823.248533	1661.557742	3849883648	3245551616	604332032	210022400	51937280	533381120	0	0	0.000000	0.000000	0.000000	0.000000	0	0.000000	58289.485029	58289.485029	62.983236	62.983236	0.000000	0.000000	0.000000	0.000000	0.000000	0.000000	0.000000	0.000000	0.000000
216	2026-09-25T04:48:50.694887369Z	216014	2	0.507614	0.507614	0.507614	0.000000	0.000000	0.000000	99.492386	0.230000	0.310000	0.180000	1	0	2851.765679	1628.579417	3849883648	3245551616	604332032	210022400	51937280	533389312	0	0	0.000000	0.000000	0.000000	0.000000	0	0.000000	58437.673616	58451.687206	64.062128	64.062128	0.000000	0.000000	0.000000	0.000000	0.000000	0.000000	0.000000	0.000000	0.000000
217	2026-09-25T04:48:51.695705094Z	217015	2	2.000000	2.000000	1.500000	0.500000	0.000000	0.000000	98.000000	0.230000	0.310000	0.180000	1	0	2715.779242	1651.649407	3849883648	3245551616	604332032	210022400	51937280	533397504	0	0	0.000000	0.000000	0.000000	0.000000	0	0.000000	58257.361557	58257.361557	62.948525	62.948525	0.000000	0.000000	0.000000	0.000000	0.000000	0.000000	0.000000	0.000000	0.000000
218	2026-09-25T04:48:52.694889995Z	218014	2	2.000000	2.000000	2.000000	0.000000	0.000000	0.000000	98.000000	0.230000	0.310000	0.180000	1	0	2744.236676	1573.282296	3849883648	3245551616	604332032	210022400	51937280	533405696	0	0	0.000000	0.000000	0.000000	0.000000	0	0.000000	58380.582802	58394.594222	64.052205	64.052205	0.000000	0.000000	0.000000	0.000000	0.000000	0.000000	0.000000	0.000000	0.000000
219	2026-09-25T04:48:53.695252739Z	219014	2	2.487562	2.487562	1.990050	0.497512	0.000000	0.000000	97.512438	0.230000	0.310000	0.180000	1	0	2743.005139	1618.413018	3849883648	3245551616	604332032	210022400	51937280	533405696	0	0	0.000000	0.000000	0.000000	20472.574802	0	3.998550	58329.844349	58341.839998	63.976796	63.976796	0.000000	0.000000	0.000000	0.000000	0.000000	0.000000	0.000000	0.000000	0.000000
220	2026-09-25T04:48:54.69489039Z	220014	2	1.005025	1.005025	1.005025	0.000000	0.000000	0.000000	98.994975	0.230000	0.310000	0.180000	1	0	2687.973810	1609.583126	3849883648	3245551616	604332032	210022400	51937280	533409792	0	0	0.000000	0.000000	0.000000	0.000000	0	0.000000	58430.168315	58488.189335	65.023557	66.023919	0.000000	0.000000	0.000000	0.000000	0.000000	0.000000	0.000000	0.000000	0.000000
221	2026-09-25T04:48:55.694874676Z	221014	2	2.010050	2.010050	1.507538	0.000000	0.000000	0.502513	97.989950	0.210000	0.310000	0.180000	1	0	2985.047110	1678.026483	3849883648	3245539328	604344320	210022400	51937280	533413888	0	0	0.000000	0.000000	0.000000	0.000000	0	0.000000	60287.951464	60287.951464	69.001089	69.001089	0.000000	0.000000	0.000000	0.000000	0.000000	0.000000	0.000000	0.000000	0.000000
222	2026-09-25T04:48:56.695594674Z	222015	2	1.990050	1.990050	1.492537	0.497512	0.000000	0.000000	98.009950	0.210000	0.310000	0.180000	1	0	2807.978247	1655.807813	3849883648	3245539328	604344320	210022400	51937280	533422080	0	0	0.000000	0.000000	0.000000	0.000000	0	0.000000	58263.050429	58321.008699	62.954672	63.953953	0.000000	0.000000	0.000000	0.000000	0.000000	0.000000	0.000000	0.000000	0.000000
223	2026-09-25T04:48:57.694874919Z	223014	2	2.000000	2.000000	1.500000	0.500000	0.000000	0.000000	98.000000	0.210000	0.310000	0.180000	1	0	2916.098877	1742.253996	3849883648	3245539328	604344320	210022400	51937280	533426176	0	0	0.000000	0.000000	0.000000	0.000000	0	0.000000	58346.995542	58346.995542	63.045377	63.045377	0.000000	0.000000	0.000000	0.000000	0.000000	0.000000	0.000000	0.000000	0.000000
224	2026-09-25T04:48:58.694888836Z	224014	2	1.507538	1.507538	1.507538	0.000000	0.000000	0.000000	98.492462	0.210000	0.310000	0.180000	1	0	2906.959358	1659.976792	3849883648	3245510656	604372992	210022400	51941376	533430272	0	0	0.000000	0.000000	0.000000	20479.713673	0	3.999944	58332.184458	58346.184262	63.999105	63.999105	0.000000	0.000000	0.000000	0.000000	0.000000	0.000000	0.000000	0.000000	0.000000
225	2026-09-25T04:48:59.69491294Z	225014	2	2.000000	2.000000	1.000000	1.000000	0.000000	0.000000	98.000000	0.210000	0.310000	0.180000	1	0	2855.931361	1711.958855	3849883648	3245510656	604372992	210022400	51941376	533438464	0	0	0.000000	0.000000	0.000000	0.000000	0	0.000000	58303.598731	58303.598731	62.998486	62.998486	0.000000	0.000000	0.000000	0.000000	0.000000	0.000000	0.000000	0.000000	0.000000
226	2026-09-25T04:49:00.694896884Z	226014	2	2.000000	2.000000	1.000000	1.000000	0.000000	0.000000	98.000000	0.190000	0.300000	0.180000	1	0	2772.044502	1631.026184	3849883648	3245510656	604372992	210022400	51941376	533450752	0	0	0.000000	0.000000	0.000000	0.000000	0	0.000000	58305.936043	58363.936975	63.001011	64.001027	0.000000	0.000000	0.000000	0.000000	0.000000	0.000000	0.000000	0.000000	0.000000
227	2026-09-25T04:49:01.695347857Z	227015	2	1.507538	1.507538	1.507538	0.000000	0.000000	0.000000	98.492462	0.190000	0.300000	0.180000	1	0	2734.766689	1588.283724	3849883648	3245486080	604397568	210022400	51941376	533450752	0	0	0.000000	0.000000	0.000000	0.000000	0	0.000000	58278.717755	58278.717755	62.971601	62.971601	0.000000	0.000000	0.000000	0.000000	0.000000	0.000000	0.000000	0.000000	0.000000
228	2026-09-25T04:49:02.694896465Z	228014	2	2.000000	2.000000	1.000000	1.000000	0.000000	0.000000	98.000000	0.190000	0.300000	0.180000	1	0	2776.253173	1671.754613	3849883648	3245486080	604397568	210022400	51941376	533463040	0	0	0.000000	0.000000	0.000000	0.000000	0	0.000000	58591.447594	58605.453916	68.030708	68.030708	0.000000	0.000000	0.000000	0.000000	0.000000	0.000000	0.000000	0.000000	0.000000
229	2026-09-25T04:49:03.694850916Z	229014	2	1.500000	2.000000	1.500000	0.000000	0.500000	0.000000	98.000000	0.190000	0.300000	0.180000	1	0	2741.124855	1572.071606	3849883648	3245486080	604397568	210022400	51941376	533463040	0	0	0.000000	0.000000	0.000000	20480.932886	0	4.000182	58307.655855	58307.655855	63.002870	63.002870	0.000000	0.000000	0.000000	0.000000	0.000000	0.000000	0.000000	0.000000	0.000000
230	2026-09-25T04:49:04.695601306Z	230015	2	1.507538	1.507538	0.502513	1.005025	0.000000	0.000000	98.492462	0.190000	0.300000	0.180000	1	0	2817.885490	1680.738792	3849883648	3245465600	604418048	210022400	51941376	533471232	0	0	0.000000	0.000000	0.000000	0.000000	0	0.000000	58261.281375	58261.281375	62.952761	62.952761	0.000000	0.000000	0.000000	0.000000	0.000000	0.000000	0.000000	0.000000	0.000000
231	2026-09-25T04:49:05.695442344Z	231015	2	1.507538	1.507538	1.005025	0.502513	0.000000	0.000000	98.492462	0.170000	0.300000	0.180000	1	0	2671.424660	1587.252316	3849883648	3245465600	604418048	210022400	51941376	533471232	0	0	0.000000	0.000000	0.000000	0.000000	0	0.000000	60296.584986	60296.584986	69.010970	69.010970	0.000000	0.000000	0.000000	0.000000	0.000000	0.000000	0.000000	0.000000	0.000000
232	2026-09-25T04:49:06.694894276Z	232014	2	1.010101	1.010101	1.010101	0.000000	0.000000	0.000000	98.989899	0.170000	0.300000	0.180000	1	0	2776.521720	1581.866969	3849883648	3245465600	604418048	210022400	51941376	533479424	0	0	0.000000	0.000000	0.000000	0.000000	0	0.000000	58336.972570	58336.972570	63.034547	63.034547	0.000000	0.000000	0.000000	0.000000	0.000000	0.000000	0.000000	0.000000	0.000000
233	2026-09-25T04:49:07.69484214Z	233014	2	2.487562	2.487562	1.990050	0.497512	0.000000	0.000000	97.512438	0.170000	0.300000	0.180000	1	0	2927.151021	1738.089673	3849883648	3245465600	604418048	210022400	51941376	533479424	0	0	0.000000	0.000000	0.000000	0.000000	0	0.000000	58384.012206	58398.012929	64.003302	64.003302	0.000000	0.000000	0.000000	0.000000	0.000000	0.000000	0.000000	0.000000	0.000000
234	2026-09-25T04:49:08.695351362Z	234015	2	2.000000	2.000000	1.500000	0.500000	0.000000	0.000000	98.000000	0.170000	0.300000	0.180000	1	0	2867.541322	1643.164145	3849883648	3245465600	604418048	210022400	51945472	533483520	0	0	0.000000	0.000000	0.000000	20469.587407	0	7.995933	58275.356142	58333.326653	62.967969	63.967461	0.000000	0.000000	0.000000	0.000000	0.000000	0.000000	0.000000	0.000000	0.000000
235	2026-09-25T04:49:09.695627062Z	235015	2	1.010101	1.010101	1.010101	0.000000	0.000000	0.000000	98.989899	0.170000	0.300000	0.180000	1	0	2699.255642	1601.558348	3849883648	3245465600	604418048	210022400	51945472	533491712	0	0	0.000000	0.000000	0.000000	0.000000	0	0.000000	58392.897341	58392.897341	64.982080	64.982080	0.000000	0.000000	0.000000	0.000000	0.000000	0.000000	0.000000	0.000000	0.000000
236	2026-09-25T04:49:10.694891865Z	236014	2	1.010101	1.010101	1.010101	0.000000	0.000000	0.000000	98.989899	0.160000	0.290000	0.180000	1	0	2806.063214	1672.229540	3849883648	3245436928	604446720	210022400	51945472	533499904	0	0	0.000000	0.000000	0.000000	0.000000	0	0.000000	58347.901462	58347.901462	63.046356	63.046356	0.000000	0.000000	0.000000	0.000000	0.000000	0.000000	0.000000	0.000000	0.000000
237	2026-09-25T04:49:11.695424594Z	237015	2	1.990050	1.990050	0.995025	0.497512	0.000000	0.497512	98.009950	0.160000	0.290000	0.180000	1	0	2520.657168	1461.221562	3849883648	3245420544	604463104	210022400	51945472	533504000	0	0	0.000000	0.000000	0.000000	0.000000	0	0.000000	58273.955657	58273.955657	62.966456	62.966456	0.000000	0.000000	0.000000	0.000000	0.000000	0.000000	0.000000	0.000000	0.000000
238	2026-09-25T04:49:12.694891545Z	238014	2	2.000000	2.000000	1.000000	1.000000	0.000000	0.000000	98.000000	0.160000	0.290000	0.180000	1	0	2787.485875	1632.870405	3849883648	3245375488	604508160	210022400	51945472	533573632	0	0	0.000000	0.000000	61472.768182	0.000000	0	4.002133	58364.111106	58378.118573	64.034134	64.034134	0.000000	0.000000	0.000000	0.000000	0.000000	0.000000	0.000000	0.000000	0.000000
239	2026-09-25T04:49:13.695745742Z	239015	2	2.487562	2.487562	1.990050	0.497512	0.000000	0.000000	97.512438	0.160000	0.290000	0.180000	1	0	2749.651251	1664.578119	3849883648	3245375488	604508160	210022400	51949568	533577728	0	0	0.000000	0.000000	0.000000	20462.520935	0	3.996586	58255.238434	58255.238434	62.946231	62.946231	0.000000	0.000000	0.000000	0.000000	0.000000	0.000000	0.000000	0.000000	0.000000
240	2026-09-25T04:49:14.694822349Z	240014	2	1.507538	1.507538	1.005025	0.502513	0.000000	0.000000	98.492462	0.160000	0.290000	0.180000	1	0	2765.553505	1573.452808	3849883648	3245375488	604508160	210022400	51949568	533581824	0	0	0.000000	0.000000	0.000000	86095.494122	0	8.007393	58358.884217	58358.884217	63.058223	63.058223	0.000000	0.000000	0.000000	0.000000	0.000000	0.000000	0.000000	0.000000	0.000000
241	2026-09-25T04:49:15.695702924Z	241015	2	2.000000	2.000000	1.500000	0.500000	0.000000	0.000000	98.000000	0.150000	0.290000	0.180000	1	0	2805.529709	1692.509732	3849883648	3245367296	604516352	210022400	51949568	533590016	0	0	0.000000	0.000000	0.000000	0.000000	0	0.000000	60233.963513	60233.963513	68.939298	68.939298	0.000000	0.000000	0.000000	0.000000	0.000000	0.000000	0.000000	0.000000	0.000000
