2026-09-23T15:36:03.450028102Z	BENCHMARK_START
[ADMIN] 15:36:04.122706 benchmarker --target-host=172.31.45.101 --request-timeout=10s --initialize-request-timeout=1m0s --exit-error-on-fail=true --stage=prod --max-parallelism=100 --prepare-only=false
15:36:57.169124 [ValidationScenario] 整合性チェックを開始します
[ADMIN] 15:36:57.169113 [LANGUAGE] go
15:36:57.556629 整合性チェック Request:POST /login (日跨ぎ前）
15:36:57.586254 整合性チェック Request:POST /login (日跨ぎ後）
15:36:57.604782 整合性チェック Request:POST /admin/login 失敗の場合
15:36:57.669048 整合性チェック Request:POST /admin/login
15:36:57.736889 整合性チェック Request:GET /admin/user/{userID}
15:36:57.746188 整合性チェック Request:POST /login 失敗の場合
15:36:57.747523 整合性チェック Request:POST /user
15:36:57.778668 整合性チェック Request:POST /login
15:36:57.800082 整合性チェック Request:GET /user/{userId}/home セッション無効の場合
15:36:57.801676 整合性チェック Request:GET /user/{userId}/home
15:36:57.803968 整合性チェック Request:GET /user/{userId}/home 他人のホーム表示の場合
15:36:57.805562 整合性チェック Request:POST /user/{userId}/reward
15:36:57.814898 整合性チェック Request:POST /user/{userId}/card
15:36:57.825596 整合性チェック Request:GET /user/{userId}/item
15:36:57.835266 整合性チェック Request:POST /user/{userId}/addexp/{cardId}
15:36:57.854309 整合性チェック Request:GET /user/{userId}/present/index/:n
15:36:57.858581 整合性チェック Request:POST /user/{userId}/present/receive
15:36:57.938991 整合性チェック Request:GET /user/{userId}/gacha/index
15:36:57.960096 整合性チェック Request:POST /user/{userId}/gacha/draw/{gachaID}/10
15:36:57.985451 整合性チェック Request:GET /admin/master
15:36:58.001014 整合性チェック Request:POST /admin/user/{userID}/ban
15:36:58.011372 整合性チェック Request:POST /login Banの場合
15:36:58.013051 [ValidationScenario] 整合性チェックを終了します
15:36:58.013057 整合性チェックに成功しました！
15:36:58.013058 初期化処理が成功しました！
15:36:58.013070 アプリケーションへの負荷走行を開始します
[ADMIN] 15:36:58.013146 シナリオ走行を開始しました [シナリオ名: Banユーザログイン]
[ADMIN] 15:36:58.013198 シナリオ走行を開始しました [シナリオ名: ログイン]
[ADMIN] 15:36:58.013147 シナリオ走行を開始しました [シナリオ名: 新規ユーザー登録]
[ADMIN] 15:36:58.237849 シナリオ走行を終了しました [シナリオ名: 新規ユーザー登録]
[ADMIN] 15:36:58.237874 シナリオ走行を開始しました [シナリオ名: 新規ユーザー登録]
[ADMIN] 15:36:58.246211 シナリオ走行を終了しました [シナリオ名: ログイン]
[ADMIN] 15:36:58.246222 シナリオ走行を開始しました [シナリオ名: ログイン]
[ADMIN] 15:36:58.424828 シナリオ走行を終了しました [シナリオ名: ログイン]
[ADMIN] 15:36:58.424844 シナリオ走行を開始しました [シナリオ名: ログイン]
[ADMIN] 15:36:58.487179 シナリオ走行を終了しました [シナリオ名: 新規ユーザー登録]
[ADMIN] 15:36:58.487207 シナリオ走行を開始しました [シナリオ名: 新規ユーザー登録]
[ADMIN] 15:36:58.516159 シナリオ走行を終了しました [シナリオ名: Banユーザログイン]
[ADMIN] 15:36:58.516176 シナリオ走行を開始しました [シナリオ名: Banユーザログイン]
[ADMIN] 15:36:58.588367 シナリオ走行を終了しました [シナリオ名: ログイン]
[ADMIN] 15:36:58.588382 シナリオ走行を開始しました [シナリオ名: ログイン]
[ADMIN] 15:36:58.673017 シナリオ走行を終了しました [シナリオ名: 新規ユーザー登録]
[ADMIN] 15:36:58.673044 シナリオ走行を開始しました [シナリオ名: 新規ユーザー登録]
[ADMIN] 15:36:58.718274 シナリオ走行を終了しました [シナリオ名: ログイン]
[ADMIN] 15:36:58.718289 シナリオ走行を開始しました [シナリオ名: ログイン]
[ADMIN] 15:36:58.929686 シナリオ走行を終了しました [シナリオ名: 新規ユーザー登録]
[ADMIN] 15:36:58.929714 シナリオ走行を開始しました [シナリオ名: 新規ユーザー登録]
[ADMIN] 15:36:59.019813 シナリオ走行を終了しました [シナリオ名: Banユーザログイン]
[ADMIN] 15:36:59.019837 シナリオ走行を開始しました [シナリオ名: Banユーザログイン]
[ADMIN] 15:36:59.074057 シナリオ走行を終了しました [シナリオ名: ログイン]
[ADMIN] 15:36:59.074070 シナリオ走行を開始しました [シナリオ名: ログイン]
[ADMIN] 15:36:59.211082 シナリオ走行を終了しました [シナリオ名: 新規ユーザー登録]
[ADMIN] 15:36:59.211109 シナリオ走行を開始しました [シナリオ名: 新規ユーザー登録]
[ADMIN] 15:36:59.326304 シナリオ走行を終了しました [シナリオ名: ログイン]
[ADMIN] 15:36:59.326320 シナリオ走行を開始しました [シナリオ名: ログイン]
[ADMIN] 15:36:59.457768 シナリオ走行を終了しました [シナリオ名: 新規ユーザー登録]
[ADMIN] 15:36:59.457797 シナリオ走行を開始しました [シナリオ名: 新規ユーザー登録]
[ADMIN] 15:36:59.522314 シナリオ走行を終了しました [シナリオ名: Banユーザログイン]
[ADMIN] 15:36:59.522338 シナリオ走行を開始しました [シナリオ名: Banユーザログイン]
[ADMIN] 15:36:59.693607 シナリオ走行を終了しました [シナリオ名: ログイン]
[ADMIN] 15:36:59.693623 シナリオ走行を開始しました [シナリオ名: ログイン]
[ADMIN] 15:36:59.733059 シナリオ走行を終了しました [シナリオ名: 新規ユーザー登録]
[ADMIN] 15:36:59.733106 シナリオ走行を開始しました [シナリオ名: 新規ユーザー登録]
[ADMIN] 15:36:59.788595 シナリオ走行を終了しました [シナリオ名: ログイン]
[ADMIN] 15:36:59.788612 シナリオ走行を開始しました [シナリオ名: ログイン]
[ADMIN] 15:36:59.877972 シナリオ走行を終了しました [シナリオ名: ログイン]
[ADMIN] 15:36:59.877986 シナリオ走行を開始しました [シナリオ名: ログイン]
[ADMIN] 15:36:59.909361 シナリオ走行を終了しました [シナリオ名: 新規ユーザー登録]
[ADMIN] 15:36:59.909380 シナリオ走行を開始しました [シナリオ名: 新規ユーザー登録]
[ADMIN] 15:37:00.004310 シナリオ走行を終了しました [シナリオ名: ログイン]
[ADMIN] 15:37:00.004326 シナリオ走行を開始しました [シナリオ名: ログイン]
[ADMIN] 15:37:00.042821 シナリオ走行を終了しました [シナリオ名: Banユーザログイン]
[ADMIN] 15:37:00.042841 シナリオ走行を開始しました [シナリオ名: Banユーザログイン]
[ADMIN] 15:37:00.100457 シナリオ走行を終了しました [シナリオ名: 新規ユーザー登録]
[ADMIN] 15:37:00.100487 シナリオ走行を開始しました [シナリオ名: 新規ユーザー登録]
[ADMIN] 15:37:00.299202 シナリオ走行を終了しました [シナリオ名: ログイン]
[ADMIN] 15:37:00.299217 シナリオ走行を開始しました [シナリオ名: ログイン]
[ADMIN] 15:37:00.311800 シナリオ走行を終了しました [シナリオ名: 新規ユーザー登録]
[ADMIN] 15:37:00.311832 シナリオ走行を開始しました [シナリオ名: 新規ユーザー登録]
[ADMIN] 15:37:00.439645 シナリオ走行を終了しました [シナリオ名: ログイン]
[ADMIN] 15:37:00.439662 シナリオ走行を開始しました [シナリオ名: ログイン]
[ADMIN] 15:37:00.501295 シナリオ走行を終了しました [シナリオ名: 新規ユーザー登録]
[ADMIN] 15:37:00.501322 シナリオ走行を開始しました [シナリオ名: 新規ユーザー登録]
[ADMIN] 15:37:00.545699 シナリオ走行を終了しました [シナリオ名: Banユーザログイン]
[ADMIN] 15:37:00.545718 シナリオ走行を開始しました [シナリオ名: Banユーザログイン]
[ADMIN] 15:37:00.558939 シナリオ走行を終了しました [シナリオ名: ログイン]
[ADMIN] 15:37:00.558951 シナリオ走行を開始しました [シナリオ名: ログイン]
[ADMIN] 15:37:00.662927 シナリオ走行を終了しました [シナリオ名: 新規ユーザー登録]
[ADMIN] 15:37:00.662954 シナリオ走行を開始しました [シナリオ名: 新規ユーザー登録]
[ADMIN] 15:37:00.663073 シナリオ走行を終了しました [シナリオ名: ログイン]
[ADMIN] 15:37:00.663084 シナリオ走行を開始しました [シナリオ名: ログイン]
[ADMIN] 15:37:00.795247 シナリオ走行を終了しました [シナリオ名: ログイン]
[ADMIN] 15:37:00.795262 シナリオ走行を開始しました [シナリオ名: ログイン]
[ADMIN] 15:37:00.848680 シナリオ走行を終了しました [シナリオ名: 新規ユーザー登録]
[ADMIN] 15:37:00.848706 シナリオ走行を開始しました [シナリオ名: 新規ユーザー登録]
[ADMIN] 15:37:00.913102 シナリオ走行を終了しました [シナリオ名: ログイン]
[ADMIN] 15:37:00.913116 シナリオ走行を開始しました [シナリオ名: ログイン]
[ADMIN] 15:37:01.003522 シナリオ走行を終了しました [シナリオ名: ログイン]
[ADMIN] 15:37:01.003538 シナリオ走行を開始しました [シナリオ名: ログイン]
[ADMIN] 15:37:01.020004 シナリオ走行を終了しました [シナリオ名: 新規ユーザー登録]
[ADMIN] 15:37:01.020030 シナリオ走行を開始しました [シナリオ名: 新規ユーザー登録]
[ADMIN] 15:37:01.049555 シナリオ走行を終了しました [シナリオ名: Banユーザログイン]
[ADMIN] 15:37:01.049573 シナリオ走行を開始しました [シナリオ名: Banユーザログイン]
[ADMIN] 15:37:01.093078 シナリオ走行を終了しました [シナリオ名: ログイン]
[ADMIN] 15:37:01.093093 シナリオ走行を開始しました [シナリオ名: ログイン]
[ADMIN] 15:37:01.179995 シナリオ走行を終了しました [シナリオ名: 新規ユーザー登録]
[ADMIN] 15:37:01.180022 シナリオ走行を開始しました [シナリオ名: 新規ユーザー登録]
[ADMIN] 15:37:01.188034 シナリオ走行を終了しました [シナリオ名: ログイン]
[ADMIN] 15:37:01.188045 シナリオ走行を開始しました [シナリオ名: ログイン]
[ADMIN] 15:37:01.303186 シナリオ走行を終了しました [シナリオ名: ログイン]
[ADMIN] 15:37:01.303202 シナリオ走行を開始しました [シナリオ名: ログイン]
[ADMIN] 15:37:01.332638 シナリオ走行を終了しました [シナリオ名: 新規ユーザー登録]
[ADMIN] 15:37:01.332662 シナリオ走行を開始しました [シナリオ名: 新規ユーザー登録]
[ADMIN] 15:37:01.383590 シナリオ走行を終了しました [シナリオ名: ログイン]
[ADMIN] 15:37:01.383605 シナリオ走行を開始しました [シナリオ名: ログイン]
[ADMIN] 15:37:01.484707 シナリオ走行を終了しました [シナリオ名: 新規ユーザー登録]
[ADMIN] 15:37:01.484735 シナリオ走行を開始しました [シナリオ名: 新規ユーザー登録]
[ADMIN] 15:37:01.507418 シナリオ走行を終了しました [シナリオ名: ログイン]
[ADMIN] 15:37:01.507433 シナリオ走行を開始しました [シナリオ名: ログイン]
[ADMIN] 15:37:01.554286 シナリオ走行を終了しました [シナリオ名: Banユーザログイン]
[ADMIN] 15:37:01.554302 シナリオ走行を開始しました [シナリオ名: Banユーザログイン]
[ADMIN] 15:37:01.719115 シナリオ走行を終了しました [シナリオ名: 新規ユーザー登録]
[ADMIN] 15:37:01.719146 シナリオ走行を開始しました [シナリオ名: 新規ユーザー登録]
[ADMIN] 15:37:01.753308 シナリオ走行を終了しました [シナリオ名: ログイン]
[ADMIN] 15:37:01.753323 シナリオ走行を開始しました [シナリオ名: ログイン]
[ADMIN] 15:37:01.912116 シナリオ走行を終了しました [シナリオ名: 新規ユーザー登録]
[ADMIN] 15:37:01.912147 シナリオ走行を開始しました [シナリオ名: 新規ユーザー登録]
[ADMIN] 15:37:01.919072 シナリオ走行を終了しました [シナリオ名: ログイン]
[ADMIN] 15:37:01.919085 シナリオ走行を開始しました [シナリオ名: ログイン]
[ADMIN] 15:37:02.057073 シナリオ走行を終了しました [シナリオ名: Banユーザログイン]
[ADMIN] 15:37:02.057106 シナリオ走行を開始しました [シナリオ名: Banユーザログイン]
[ADMIN] 15:37:02.128897 シナリオ走行を終了しました [シナリオ名: ログイン]
[ADMIN] 15:37:02.128912 シナリオ走行を開始しました [シナリオ名: ログイン]
[ADMIN] 15:37:02.129149 シナリオ走行を終了しました [シナリオ名: 新規ユーザー登録]
[ADMIN] 15:37:02.129171 シナリオ走行を開始しました [シナリオ名: 新規ユーザー登録]
[ADMIN] 15:37:02.277191 シナリオ走行を終了しました [シナリオ名: ログイン]
[ADMIN] 15:37:02.277207 シナリオ走行を開始しました [シナリオ名: ログイン]
[ADMIN] 15:37:02.301002 シナリオ走行を終了しました [シナリオ名: 新規ユーザー登録]
[ADMIN] 15:37:02.301028 シナリオ走行を開始しました [シナリオ名: 新規ユーザー登録]
[ADMIN] 15:37:02.382452 シナリオ走行を終了しました [シナリオ名: ログイン]
[ADMIN] 15:37:02.382466 シナリオ走行を開始しました [シナリオ名: ログイン]
[ADMIN] 15:37:02.479621 シナリオ走行を終了しました [シナリオ名: 新規ユーザー登録]
[ADMIN] 15:37:02.479650 シナリオ走行を開始しました [シナリオ名: 新規ユーザー登録]
[ADMIN] 15:37:02.490510 シナリオ走行を終了しました [シナリオ名: ログイン]
[ADMIN] 15:37:02.490524 シナリオ走行を開始しました [シナリオ名: ログイン]
[ADMIN] 15:37:02.563659 シナリオ走行を終了しました [シナリオ名: Banユーザログイン]
[ADMIN] 15:37:02.563692 シナリオ走行を開始しました [シナリオ名: Banユーザログイン]
[ADMIN] 15:37:02.720411 シナリオ走行を終了しました [シナリオ名: ログイン]
[ADMIN] 15:37:02.720429 シナリオ走行を開始しました [シナリオ名: ログイン]
[ADMIN] 15:37:02.757044 シナリオ走行を終了しました [シナリオ名: 新規ユーザー登録]
[ADMIN] 15:37:02.757072 シナリオ走行を開始しました [シナリオ名: 新規ユーザー登録]
[ADMIN] 15:37:02.844860 シナリオ走行を終了しました [シナリオ名: ログイン]
[ADMIN] 15:37:02.844874 シナリオ走行を開始しました [シナリオ名: ログイン]
[ADMIN] 15:37:02.916931 シナリオ走行を終了しました [シナリオ名: 新規ユーザー登録]
[ADMIN] 15:37:02.916959 シナリオ走行を開始しました [シナリオ名: 新規ユーザー登録]
[ADMIN] 15:37:02.949166 シナリオ走行を終了しました [シナリオ名: ログイン]
[ADMIN] 15:37:02.949181 シナリオ走行を開始しました [シナリオ名: ログイン]
[ADMIN] 15:37:03.071978 シナリオ走行を終了しました [シナリオ名: Banユーザログイン]
[ADMIN] 15:37:03.072016 シナリオ走行を開始しました [シナリオ名: Banユーザログイン]
[ADMIN] 15:37:03.073798 シナリオ走行を終了しました [シナリオ名: ログイン]
[ADMIN] 15:37:03.073811 シナリオ走行を開始しました [シナリオ名: ログイン]
[ADMIN] 15:37:03.099986 シナリオ走行を終了しました [シナリオ名: 新規ユーザー登録]
[ADMIN] 15:37:03.100008 シナリオ走行を開始しました [シナリオ名: 新規ユーザー登録]
[ADMIN] 15:37:03.169415 シナリオ走行を終了しました [シナリオ名: ログイン]
[ADMIN] 15:37:03.169429 シナリオ走行を開始しました [シナリオ名: ログイン]
[ADMIN] 15:37:03.246858 シナリオ走行を終了しました [シナリオ名: 新規ユーザー登録]
[ADMIN] 15:37:03.246887 シナリオ走行を開始しました [シナリオ名: 新規ユーザー登録]
[ADMIN] 15:37:03.255525 シナリオ走行を終了しました [シナリオ名: ログイン]
[ADMIN] 15:37:03.255540 シナリオ走行を開始しました [シナリオ名: ログイン]
[ADMIN] 15:37:03.348493 シナリオ走行を終了しました [シナリオ名: ログイン]
[ADMIN] 15:37:03.348513 シナリオ走行を開始しました [シナリオ名: ログイン]
[ADMIN] 15:37:03.400464 シナリオ走行を終了しました [シナリオ名: 新規ユーザー登録]
[ADMIN] 15:37:03.400492 シナリオ走行を開始しました [シナリオ名: 新規ユーザー登録]
[ADMIN] 15:37:03.460091 シナリオ走行を終了しました [シナリオ名: ログイン]
[ADMIN] 15:37:03.460110 シナリオ走行を開始しました [シナリオ名: ログイン]
[ADMIN] 15:37:03.572001 シナリオ走行を終了しました [シナリオ名: 新規ユーザー登録]
[ADMIN] 15:37:03.572034 シナリオ走行を開始しました [シナリオ名: 新規ユーザー登録]
[ADMIN] 15:37:03.574535 シナリオ走行を終了しました [シナリオ名: Banユーザログイン]
[ADMIN] 15:37:03.574550 シナリオ走行を開始しました [シナリオ名: Banユーザログイン]
[ADMIN] 15:37:03.666840 シナリオ走行を終了しました [シナリオ名: ログイン]
[ADMIN] 15:37:03.666854 シナリオ走行を開始しました [シナリオ名: ログイン]
[ADMIN] 15:37:03.781879 シナリオ走行を終了しました [シナリオ名: ログイン]
[ADMIN] 15:37:03.781894 シナリオ走行を開始しました [シナリオ名: ログイン]
[ADMIN] 15:37:03.784837 シナリオ走行を終了しました [シナリオ名: 新規ユーザー登録]
[ADMIN] 15:37:03.784865 シナリオ走行を開始しました [シナリオ名: 新規ユーザー登録]
[ADMIN] 15:37:03.878512 シナリオ走行を終了しました [シナリオ名: ログイン]
[ADMIN] 15:37:03.878529 シナリオ走行を開始しました [シナリオ名: ログイン]
[ADMIN] 15:37:03.963862 シナリオ走行を終了しました [シナリオ名: 新規ユーザー登録]
[ADMIN] 15:37:03.963886 シナリオ走行を開始しました [シナリオ名: 新規ユーザー登録]
[ADMIN] 15:37:03.987634 シナリオ走行を終了しました [シナリオ名: ログイン]
[ADMIN] 15:37:03.987648 シナリオ走行を開始しました [シナリオ名: ログイン]
[ADMIN] 15:37:04.079363 シナリオ走行を終了しました [シナリオ名: ログイン]
[ADMIN] 15:37:04.079380 シナリオ走行を開始しました [シナリオ名: ログイン]
[ADMIN] 15:37:04.082877 シナリオ走行を終了しました [シナリオ名: Banユーザログイン]
[ADMIN] 15:37:04.082902 シナリオ走行を開始しました [シナリオ名: Banユーザログイン]
[ADMIN] 15:37:04.140058 シナリオ走行を終了しました [シナリオ名: 新規ユーザー登録]
[ADMIN] 15:37:04.140088 シナリオ走行を開始しました [シナリオ名: 新規ユーザー登録]
[ADMIN] 15:37:04.190908 シナリオ走行を終了しました [シナリオ名: ログイン]
[ADMIN] 15:37:04.190921 シナリオ走行を開始しました [シナリオ名: ログイン]
[ADMIN] 15:37:04.296434 シナリオ走行を終了しました [シナリオ名: 新規ユーザー登録]
[ADMIN] 15:37:04.296462 シナリオ走行を開始しました [シナリオ名: 新規ユーザー登録]
[ADMIN] 15:37:04.301710 シナリオ走行を終了しました [シナリオ名: ログイン]
[ADMIN] 15:37:04.301721 シナリオ走行を開始しました [シナリオ名: ログイン]
[ADMIN] 15:37:04.393651 シナリオ走行を終了しました [シナリオ名: ログイン]
[ADMIN] 15:37:04.393666 シナリオ走行を開始しました [シナリオ名: ログイン]
[ADMIN] 15:37:04.459888 シナリオ走行を終了しました [シナリオ名: 新規ユーザー登録]
[ADMIN] 15:37:04.459921 シナリオ走行を開始しました [シナリオ名: 新規ユーザー登録]
[ADMIN] 15:37:04.494953 シナリオ走行を終了しました [シナリオ名: ログイン]
[ADMIN] 15:37:04.494967 シナリオ走行を開始しました [シナリオ名: ログイン]
[ADMIN] 15:37:04.586585 シナリオ走行を終了しました [シナリオ名: Banユーザログイン]
[ADMIN] 15:37:04.586612 シナリオ走行を開始しました [シナリオ名: Banユーザログイン]
[ADMIN] 15:37:04.657426 シナリオ走行を終了しました [シナリオ名: ログイン]
[ADMIN] 15:37:04.657442 シナリオ走行を開始しました [シナリオ名: ログイン]
[ADMIN] 15:37:04.657454 シナリオ走行を終了しました [シナリオ名: 新規ユーザー登録]
[ADMIN] 15:37:04.657482 シナリオ走行を開始しました [シナリオ名: 新規ユーザー登録]
[ADMIN] 15:37:04.840348 シナリオ走行を終了しました [シナリオ名: ログイン]
[ADMIN] 15:37:04.840362 シナリオ走行を開始しました [シナリオ名: ログイン]
[ADMIN] 15:37:04.890239 シナリオ走行を終了しました [シナリオ名: 新規ユーザー登録]
[ADMIN] 15:37:04.890266 シナリオ走行を開始しました [シナリオ名: 新規ユーザー登録]
[ADMIN] 15:37:05.021366 シナリオ走行を終了しました [シナリオ名: ログイン]
[ADMIN] 15:37:05.021383 シナリオ走行を開始しました [シナリオ名: ログイン]
[ADMIN] 15:37:05.073271 シナリオ走行を終了しました [シナリオ名: 新規ユーザー登録]
[ADMIN] 15:37:05.073296 シナリオ走行を開始しました [シナリオ名: 新規ユーザー登録]
[ADMIN] 15:37:05.096791 シナリオ走行を終了しました [シナリオ名: Banユーザログイン]
[ADMIN] 15:37:05.096814 シナリオ走行を開始しました [シナリオ名: Banユーザログイン]
[ADMIN] 15:37:05.151088 シナリオ走行を終了しました [シナリオ名: ログイン]
[ADMIN] 15:37:05.151104 シナリオ走行を開始しました [シナリオ名: ログイン]
[ADMIN] 15:37:05.248209 シナリオ走行を終了しました [シナリオ名: ログイン]
[ADMIN] 15:37:05.248227 シナリオ走行を開始しました [シナリオ名: ログイン]
[ADMIN] 15:37:05.268438 シナリオ走行を終了しました [シナリオ名: 新規ユーザー登録]
[ADMIN] 15:37:05.268467 シナリオ走行を開始しました [シナリオ名: 新規ユーザー登録]
[ADMIN] 15:37:05.371410 シナリオ走行を終了しました [シナリオ名: ログイン]
[ADMIN] 15:37:05.371440 シナリオ走行を開始しました [シナリオ名: ログイン]
[ADMIN] 15:37:05.432408 シナリオ走行を終了しました [シナリオ名: 新規ユーザー登録]
[ADMIN] 15:37:05.432438 シナリオ走行を開始しました [シナリオ名: 新規ユーザー登録]
[ADMIN] 15:37:05.454780 シナリオ走行を終了しました [シナリオ名: ログイン]
[ADMIN] 15:37:05.454796 シナリオ走行を開始しました [シナリオ名: ログイン]
[ADMIN] 15:37:05.537700 シナリオ走行を終了しました [シナリオ名: ログイン]
[ADMIN] 15:37:05.537715 シナリオ走行を開始しました [シナリオ名: ログイン]
[ADMIN] 15:37:05.589396 シナリオ走行を終了しました [シナリオ名: 新規ユーザー登録]
[ADMIN] 15:37:05.589425 シナリオ走行を開始しました [シナリオ名: 新規ユーザー登録]
[ADMIN] 15:37:05.600933 シナリオ走行を終了しました [シナリオ名: Banユーザログイン]
[ADMIN] 15:37:05.600956 シナリオ走行を開始しました [シナリオ名: Banユーザログイン]
[ADMIN] 15:37:05.652368 シナリオ走行を終了しました [シナリオ名: ログイン]
[ADMIN] 15:37:05.652385 シナリオ走行を開始しました [シナリオ名: ログイン]
[ADMIN] 15:37:05.760399 シナリオ走行を終了しました [シナリオ名: 新規ユーザー登録]
[ADMIN] 15:37:05.760431 シナリオ走行を開始しました [シナリオ名: 新規ユーザー登録]
[ADMIN] 15:37:05.768055 シナリオ走行を終了しました [シナリオ名: ログイン]
[ADMIN] 15:37:05.768069 シナリオ走行を開始しました [シナリオ名: ログイン]
[ADMIN] 15:37:05.911967 シナリオ走行を終了しました [シナリオ名: ログイン]
[ADMIN] 15:37:05.911983 シナリオ走行を開始しました [シナリオ名: ログイン]
[ADMIN] 15:37:05.959804 シナリオ走行を終了しました [シナリオ名: 新規ユーザー登録]
[ADMIN] 15:37:05.959830 シナリオ走行を開始しました [シナリオ名: 新規ユーザー登録]
[ADMIN] 15:37:06.068408 シナリオ走行を終了しました [シナリオ名: ログイン]
[ADMIN] 15:37:06.068425 シナリオ走行を開始しました [シナリオ名: ログイン]
[ADMIN] 15:37:06.103509 シナリオ走行を終了しました [シナリオ名: Banユーザログイン]
[ADMIN] 15:37:06.103532 シナリオ走行を開始しました [シナリオ名: Banユーザログイン]
[ADMIN] 15:37:06.147602 シナリオ走行を終了しました [シナリオ名: 新規ユーザー登録]
[ADMIN] 15:37:06.147631 シナリオ走行を開始しました [シナリオ名: 新規ユーザー登録]
[ADMIN] 15:37:06.180748 シナリオ走行を終了しました [シナリオ名: ログイン]
[ADMIN] 15:37:06.180764 シナリオ走行を開始しました [シナリオ名: ログイン]
[ADMIN] 15:37:06.304152 シナリオ走行を終了しました [シナリオ名: ログイン]
[ADMIN] 15:37:06.304168 シナリオ走行を開始しました [シナリオ名: ログイン]
[ADMIN] 15:37:06.316750 シナリオ走行を終了しました [シナリオ名: 新規ユーザー登録]
[ADMIN] 15:37:06.316774 シナリオ走行を開始しました [シナリオ名: 新規ユーザー登録]
[ADMIN] 15:37:06.425020 シナリオ走行を終了しました [シナリオ名: ログイン]
[ADMIN] 15:37:06.425038 シナリオ走行を開始しました [シナリオ名: ログイン]
[ADMIN] 15:37:06.469752 シナリオ走行を終了しました [シナリオ名: 新規ユーザー登録]
[ADMIN] 15:37:06.469779 シナリオ走行を開始しました [シナリオ名: 新規ユーザー登録]
[ADMIN] 15:37:06.606529 シナリオ走行を終了しました [シナリオ名: Banユーザログイン]
[ADMIN] 15:37:06.606552 シナリオ走行を開始しました [シナリオ名: Banユーザログイン]
[ADMIN] 15:37:06.665801 シナリオ走行を終了しました [シナリオ名: 新規ユーザー登録]
[ADMIN] 15:37:06.665828 シナリオ走行を開始しました [シナリオ名: 新規ユーザー登録]
[ADMIN] 15:37:06.684778 シナリオ走行を終了しました [シナリオ名: ログイン]
[ADMIN] 15:37:06.684790 シナリオ走行を開始しました [シナリオ名: ログイン]
[ADMIN] 15:37:06.833194 シナリオ走行を終了しました [シナリオ名: ログイン]
[ADMIN] 15:37:06.833210 シナリオ走行を開始しました [シナリオ名: ログイン]
[ADMIN] 15:37:06.871485 シナリオ走行を終了しました [シナリオ名: 新規ユーザー登録]
[ADMIN] 15:37:06.871508 シナリオ走行を開始しました [シナリオ名: 新規ユーザー登録]
[ADMIN] 15:37:06.941615 シナリオ走行を終了しました [シナリオ名: ログイン]
[ADMIN] 15:37:06.941630 シナリオ走行を開始しました [シナリオ名: ログイン]
[ADMIN] 15:37:07.029169 シナリオ走行を終了しました [シナリオ名: 新規ユーザー登録]
[ADMIN] 15:37:07.029197 シナリオ走行を開始しました [シナリオ名: 新規ユーザー登録]
[ADMIN] 15:37:07.071108 シナリオ走行を終了しました [シナリオ名: ログイン]
[ADMIN] 15:37:07.071125 シナリオ走行を開始しました [シナリオ名: ログイン]
[ADMIN] 15:37:07.115939 シナリオ走行を終了しました [シナリオ名: Banユーザログイン]
[ADMIN] 15:37:07.115963 シナリオ走行を開始しました [シナリオ名: Banユーザログイン]
[ADMIN] 15:37:07.164097 シナリオ走行を終了しました [シナリオ名: ログイン]
[ADMIN] 15:37:07.164113 シナリオ走行を開始しました [シナリオ名: ログイン]
[ADMIN] 15:37:07.217419 シナリオ走行を終了しました [シナリオ名: 新規ユーザー登録]
[ADMIN] 15:37:07.217447 シナリオ走行を開始しました [シナリオ名: 新規ユーザー登録]
[ADMIN] 15:37:07.285394 シナリオ走行を終了しました [シナリオ名: ログイン]
[ADMIN] 15:37:07.285411 シナリオ走行を開始しました [シナリオ名: ログイン]
[ADMIN] 15:37:07.378407 シナリオ走行を終了しました [シナリオ名: ログイン]
[ADMIN] 15:37:07.378422 シナリオ走行を開始しました [シナリオ名: ログイン]
[ADMIN] 15:37:07.391879 シナリオ走行を終了しました [シナリオ名: 新規ユーザー登録]
[ADMIN] 15:37:07.391904 シナリオ走行を開始しました [シナリオ名: 新規ユーザー登録]
[ADMIN] 15:37:07.468496 シナリオ走行を終了しました [シナリオ名: ログイン]
[ADMIN] 15:37:07.468513 シナリオ走行を開始しました [シナリオ名: ログイン]
[ADMIN] 15:37:07.551878 シナリオ走行を終了しました [シナリオ名: 新規ユーザー登録]
[ADMIN] 15:37:07.551908 シナリオ走行を開始しました [シナリオ名: 新規ユーザー登録]
[ADMIN] 15:37:07.576822 シナリオ走行を終了しました [シナリオ名: ログイン]
[ADMIN] 15:37:07.576835 シナリオ走行を開始しました [シナリオ名: ログイン]
[ADMIN] 15:37:07.618311 シナリオ走行を終了しました [シナリオ名: Banユーザログイン]
[ADMIN] 15:37:07.618337 シナリオ走行を開始しました [シナリオ名: Banユーザログイン]
[ADMIN] 15:37:07.699693 シナリオ走行を終了しました [シナリオ名: ログイン]
[ADMIN] 15:37:07.699711 シナリオ走行を開始しました [シナリオ名: ログイン]
[ADMIN] 15:37:07.714041 シナリオ走行を終了しました [シナリオ名: 新規ユーザー登録]
[ADMIN] 15:37:07.714068 シナリオ走行を開始しました [シナリオ名: 新規ユーザー登録]
[ADMIN] 15:37:07.782369 シナリオ走行を終了しました [シナリオ名: ログイン]
[ADMIN] 15:37:07.782384 シナリオ走行を開始しました [シナリオ名: ログイン]
[ADMIN] 15:37:07.874844 シナリオ走行を終了しました [シナリオ名: ログイン]
[ADMIN] 15:37:07.874860 シナリオ走行を開始しました [シナリオ名: ログイン]
[ADMIN] 15:37:07.877541 シナリオ走行を終了しました [シナリオ名: 新規ユーザー登録]
[ADMIN] 15:37:07.877560 シナリオ走行を開始しました [シナリオ名: 新規ユーザー登録]
[ADMIN] 15:37:08.009497 シナリオ走行を終了しました [シナリオ名: ログイン]
[ADMIN] 15:37:08.009513 シナリオ走行を開始しました [シナリオ名: ログイン]
15:37:08.013488 現在のログイン成功数: [total: 73 (+73人)]
15:37:08.013494 現在のユーザー登録成功数: [total: 53 (+53人)]
[ADMIN] 15:37:08.042002 シナリオ走行を終了しました [シナリオ名: 新規ユーザー登録]
[ADMIN] 15:37:08.042030 シナリオ走行を開始しました [シナリオ名: 新規ユーザー登録]
[ADMIN] 15:37:08.122398 シナリオ走行を終了しました [シナリオ名: Banユーザログイン]
[ADMIN] 15:37:08.122433 シナリオ走行を開始しました [シナリオ名: Banユーザログイン]
[ADMIN] 15:37:08.209387 シナリオ走行を終了しました [シナリオ名: ログイン]
[ADMIN] 15:37:08.209402 シナリオ走行を開始しました [シナリオ名: ログイン]
[ADMIN] 15:37:08.276176 シナリオ走行を終了しました [シナリオ名: 新規ユーザー登録]
[ADMIN] 15:37:08.276207 シナリオ走行を開始しました [シナリオ名: 新規ユーザー登録]
[ADMIN] 15:37:08.338067 シナリオ走行を終了しました [シナリオ名: ログイン]
[ADMIN] 15:37:08.338101 シナリオ走行を開始しました [シナリオ名: ログイン]
[ADMIN] 15:37:08.338136 シナリオ走行を開始しました [シナリオ名: ログイン]
[ADMIN] 15:37:08.338152 シナリオ走行を開始しました [シナリオ名: ログイン]
[ADMIN] 15:37:08.338159 シナリオ走行を開始しました [シナリオ名: ログイン]
[ADMIN] 15:37:08.338317 シナリオ走行を開始しました [シナリオ名: ログイン]
[ADMIN] 15:37:08.338319 シナリオ走行を開始しました [シナリオ名: ログイン]
[ADMIN] 15:37:08.338323 シナリオ走行を開始しました [シナリオ名: ログイン]
[ADMIN] 15:37:08.353795 シナリオ走行を終了しました [シナリオ名: ログイン]
[ADMIN] 15:37:08.353813 シナリオ走行を開始しました [シナリオ名: ログイン]
[ADMIN] 15:37:08.517038 シナリオ走行を終了しました [シナリオ名: 新規ユーザー登録]
[ADMIN] 15:37:08.517069 シナリオ走行を開始しました [シナリオ名: 新規ユーザー登録]
[ADMIN] 15:37:08.564364 シナリオ走行を終了しました [シナリオ名: ログイン]
[ADMIN] 15:37:08.564376 シナリオ走行を開始しました [シナリオ名: ログイン]
[ADMIN] 15:37:08.629363 シナリオ走行を終了しました [シナリオ名: Banユーザログイン]
[ADMIN] 15:37:08.629382 シナリオ走行を開始しました [シナリオ名: Banユーザログイン]
[ADMIN] 15:37:08.801582 シナリオ走行を終了しました [シナリオ名: ログイン]
[ADMIN] 15:37:08.801598 シナリオ走行を開始しました [シナリオ名: ログイン]
[ADMIN] 15:37:08.843241 シナリオ走行を終了しました [シナリオ名: ログイン]
[ADMIN] 15:37:08.843257 シナリオ走行を開始しました [シナリオ名: ログイン]
[ADMIN] 15:37:08.903825 シナリオ走行を終了しました [シナリオ名: ログイン]
[ADMIN] 15:37:08.903844 シナリオ走行を開始しました [シナリオ名: ログイン]
[ADMIN] 15:37:08.908737 シナリオ走行を終了しました [シナリオ名: ログイン]
[ADMIN] 15:37:08.908750 シナリオ走行を開始しました [シナリオ名: ログイン]
[ADMIN] 15:37:08.937448 シナリオ走行を終了しました [シナリオ名: ログイン]
[ADMIN] 15:37:08.937466 シナリオ走行を開始しました [シナリオ名: ログイン]
[ADMIN] 15:37:08.940603 シナリオ走行を終了しました [シナリオ名: 新規ユーザー登録]
[ADMIN] 15:37:08.940634 シナリオ走行を開始しました [シナリオ名: 新規ユーザー登録]
[ADMIN] 15:37:08.940684 シナリオ走行を開始しました [シナリオ名: 新規ユーザー登録]
[ADMIN] 15:37:08.940687 シナリオ走行を開始しました [シナリオ名: 新規ユーザー登録]
[ADMIN] 15:37:08.950943 シナリオ走行を終了しました [シナリオ名: ログイン]
[ADMIN] 15:37:08.950958 シナリオ走行を開始しました [シナリオ名: ログイン]
[ADMIN] 15:37:08.970416 シナリオ走行を終了しました [シナリオ名: ログイン]
[ADMIN] 15:37:08.970425 シナリオ走行を開始しました [シナリオ名: ログイン]
[ADMIN] 15:37:09.155601 シナリオ走行を終了しました [シナリオ名: Banユーザログイン]
[ADMIN] 15:37:09.155617 シナリオ走行を開始しました [シナリオ名: Banユーザログイン]
[ADMIN] 15:37:09.173264 シナリオ走行を終了しました [シナリオ名: ログイン]
[ADMIN] 15:37:09.173280 シナリオ走行を開始しました [シナリオ名: ログイン]
[ADMIN] 15:37:09.221721 シナリオ走行を終了しました [シナリオ名: ログイン]
[ADMIN] 15:37:09.221740 シナリオ走行を開始しました [シナリオ名: ログイン]
[ADMIN] 15:37:09.225062 シナリオ走行を終了しました [シナリオ名: ログイン]
[ADMIN] 15:37:09.225074 シナリオ走行を開始しました [シナリオ名: ログイン]
[ADMIN] 15:37:09.240037 シナリオ走行を終了しました [シナリオ名: ログイン]
[ADMIN] 15:37:09.240053 シナリオ走行を開始しました [シナリオ名: ログイン]
[ADMIN] 15:37:09.455074 シナリオ走行を終了しました [シナリオ名: ログイン]
[ADMIN] 15:37:09.455089 シナリオ走行を開始しました [シナリオ名: ログイン]
[ADMIN] 15:37:09.484258 シナリオ走行を終了しました [シナリオ名: ログイン]
[ADMIN] 15:37:09.484274 シナリオ走行を開始しました [シナリオ名: ログイン]
[ADMIN] 15:37:09.504135 シナリオ走行を終了しました [シナリオ名: 新規ユーザー登録]
[ADMIN] 15:37:09.504161 シナリオ走行を開始しました [シナリオ名: 新規ユーザー登録]
[ADMIN] 15:37:09.516299 シナリオ走行を終了しました [シナリオ名: ログイン]
[ADMIN] 15:37:09.516313 シナリオ走行を開始しました [シナリオ名: ログイン]
[ADMIN] 15:37:09.543694 シナリオ走行を終了しました [シナリオ名: ログイン]
[ADMIN] 15:37:09.543707 シナリオ走行を開始しました [シナリオ名: ログイン]
[ADMIN] 15:37:09.547988 シナリオ走行を終了しました [シナリオ名: ログイン]
[ADMIN] 15:37:09.547998 シナリオ走行を開始しました [シナリオ名: ログイン]
[ADMIN] 15:37:09.572956 シナリオ走行を終了しました [シナリオ名: 新規ユーザー登録]
[ADMIN] 15:37:09.572981 シナリオ走行を開始しました [シナリオ名: 新規ユーザー登録]
[ADMIN] 15:37:09.606401 シナリオ走行を終了しました [シナリオ名: ログイン]
[ADMIN] 15:37:09.606413 シナリオ走行を開始しました [シナリオ名: ログイン]
[ADMIN] 15:37:09.606758 シナリオ走行を終了しました [シナリオ名: 新規ユーザー登録]
[ADMIN] 15:37:09.606783 シナリオ走行を開始しました [シナリオ名: 新規ユーザー登録]
[ADMIN] 15:37:09.606833 シナリオ走行を終了しました [シナリオ名: ログイン]
[ADMIN] 15:37:09.606846 シナリオ走行を開始しました [シナリオ名: ログイン]
[ADMIN] 15:37:09.688348 シナリオ走行を終了しました [シナリオ名: Banユーザログイン]
[ADMIN] 15:37:09.688376 シナリオ走行を開始しました [シナリオ名: Banユーザログイン]
[ADMIN] 15:37:09.784282 シナリオ走行を終了しました [シナリオ名: ログイン]
[ADMIN] 15:37:09.784296 シナリオ走行を開始しました [シナリオ名: ログイン]
[ADMIN] 15:37:09.848277 シナリオ走行を終了しました [シナリオ名: ログイン]
[ADMIN] 15:37:09.848291 シナリオ走行を開始しました [シナリオ名: ログイン]
[ADMIN] 15:37:09.877937 シナリオ走行を終了しました [シナリオ名: ログイン]
[ADMIN] 15:37:09.877951 シナリオ走行を開始しました [シナリオ名: ログイン]
[ADMIN] 15:37:09.953462 シナリオ走行を終了しました [シナリオ名: ログイン]
[ADMIN] 15:37:09.953479 シナリオ走行を開始しました [シナリオ名: ログイン]
[ADMIN] 15:37:10.096973 シナリオ走行を終了しました [シナリオ名: ログイン]
[ADMIN] 15:37:10.096988 シナリオ走行を開始しました [シナリオ名: ログイン]
[ADMIN] 15:37:10.190639 シナリオ走行を終了しました [シナリオ名: 新規ユーザー登録]
[ADMIN] 15:37:10.190671 シナリオ走行を開始しました [シナリオ名: 新規ユーザー登録]
[ADMIN] 15:37:10.206220 シナリオ走行を終了しました [シナリオ名: Banユーザログイン]
[ADMIN] 15:37:10.206242 シナリオ走行を開始しました [シナリオ名: Banユーザログイン]
[ADMIN] 15:37:10.215558 シナリオ走行を終了しました [シナリオ名: ログイン]
[ADMIN] 15:37:10.215573 シナリオ走行を開始しました [シナリオ名: ログイン]
[ADMIN] 15:37:10.244474 シナリオ走行を終了しました [シナリオ名: ログイン]
[ADMIN] 15:37:10.244487 シナリオ走行を開始しました [シナリオ名: ログイン]
[ADMIN] 15:37:10.280354 シナリオ走行を終了しました [シナリオ名: ログイン]
[ADMIN] 15:37:10.280369 シナリオ走行を開始しました [シナリオ名: ログイン]
[ADMIN] 15:37:10.309006 シナリオ走行を終了しました [シナリオ名: 新規ユーザー登録]
[ADMIN] 15:37:10.309040 シナリオ走行を開始しました [シナリオ名: 新規ユーザー登録]
[ADMIN] 15:37:10.359263 シナリオ走行を終了しました [シナリオ名: ログイン]
[ADMIN] 15:37:10.359280 シナリオ走行を開始しました [シナリオ名: ログイン]
[ADMIN] 15:37:10.359455 シナリオ走行を終了しました [シナリオ名: 新規ユーザー登録]
[ADMIN] 15:37:10.359471 シナリオ走行を開始しました [シナリオ名: 新規ユーザー登録]
[ADMIN] 15:37:10.361656 シナリオ走行を終了しました [シナリオ名: ログイン]
[ADMIN] 15:37:10.361666 シナリオ走行を開始しました [シナリオ名: ログイン]
[ADMIN] 15:37:10.403686 シナリオ走行を終了しました [シナリオ名: ログイン]
[ADMIN] 15:37:10.403703 シナリオ走行を開始しました [シナリオ名: ログイン]
[ADMIN] 15:37:10.552949 シナリオ走行を終了しました [シナリオ名: ログイン]
[ADMIN] 15:37:10.552963 シナリオ走行を開始しました [シナリオ名: ログイン]
[ADMIN] 15:37:10.592539 シナリオ走行を終了しました [シナリオ名: ログイン]
[ADMIN] 15:37:10.592555 シナリオ走行を開始しました [シナリオ名: ログイン]
[ADMIN] 15:37:10.643082 シナリオ走行を終了しました [シナリオ名: ログイン]
[ADMIN] 15:37:10.643098 シナリオ走行を開始しました [シナリオ名: ログイン]
[ADMIN] 15:37:10.703975 シナリオ走行を終了しました [シナリオ名: 新規ユーザー登録]
[ADMIN] 15:37:10.704005 シナリオ走行を開始しました [シナリオ名: 新規ユーザー登録]
[ADMIN] 15:37:10.704041 シナリオ走行を終了しました [シナリオ名: ログイン]
[ADMIN] 15:37:10.704056 シナリオ走行を開始しました [シナリオ名: ログイン]
[ADMIN] 15:37:10.709343 シナリオ走行を終了しました [シナリオ名: Banユーザログイン]
[ADMIN] 15:37:10.709359 シナリオ走行を開始しました [シナリオ名: Banユーザログイン]
[ADMIN] 15:37:10.712558 シナリオ走行を終了しました [シナリオ名: ログイン]
[ADMIN] 15:37:10.712568 シナリオ走行を開始しました [シナリオ名: ログイン]
[ADMIN] 15:37:10.785626 シナリオ走行を終了しました [シナリオ名: ログイン]
[ADMIN] 15:37:10.785657 シナリオ走行を開始しました [シナリオ名: ログイン]
[ADMIN] 15:37:10.841760 シナリオ走行を終了しました [シナリオ名: ログイン]
[ADMIN] 15:37:10.841778 シナリオ走行を開始しました [シナリオ名: ログイン]
[ADMIN] 15:37:10.843991 シナリオ走行を終了しました [シナリオ名: ログイン]
[ADMIN] 15:37:10.844003 シナリオ走行を開始しました [シナリオ名: ログイン]
[ADMIN] 15:37:10.882145 シナリオ走行を終了しました [シナリオ名: ログイン]
[ADMIN] 15:37:10.882160 シナリオ走行を開始しました [シナリオ名: ログイン]
[ADMIN] 15:37:10.909086 シナリオ走行を終了しました [シナリオ名: 新規ユーザー登録]
[ADMIN] 15:37:10.909111 シナリオ走行を開始しました [シナリオ名: 新規ユーザー登録]
[ADMIN] 15:37:10.967953 シナリオ走行を終了しました [シナリオ名: 新規ユーザー登録]
[ADMIN] 15:37:10.967985 シナリオ走行を開始しました [シナリオ名: 新規ユーザー登録]
[ADMIN] 15:37:11.193860 シナリオ走行を終了しました [シナリオ名: ログイン]
[ADMIN] 15:37:11.193878 シナリオ走行を開始しました [シナリオ名: ログイン]
[ADMIN] 15:37:11.212181 シナリオ走行を終了しました [シナリオ名: Banユーザログイン]
[ADMIN] 15:37:11.212199 シナリオ走行を開始しました [シナリオ名: Banユーザログイン]
[ADMIN] 15:37:11.238793 シナリオ走行を終了しました [シナリオ名: ログイン]
[ADMIN] 15:37:11.238808 シナリオ走行を開始しました [シナリオ名: ログイン]
[ADMIN] 15:37:11.239059 シナリオ走行を終了しました [シナリオ名: ログイン]
[ADMIN] 15:37:11.239069 シナリオ走行を開始しました [シナリオ名: ログイン]
[ADMIN] 15:37:11.305076 シナリオ走行を終了しました [シナリオ名: ログイン]
[ADMIN] 15:37:11.305092 シナリオ走行を開始しました [シナリオ名: ログイン]
[ADMIN] 15:37:11.367599 シナリオ走行を終了しました [シナリオ名: ログイン]
[ADMIN] 15:37:11.367616 シナリオ走行を開始しました [シナリオ名: ログイン]
[ADMIN] 15:37:11.373914 シナリオ走行を終了しました [シナリオ名: ログイン]
[ADMIN] 15:37:11.373928 シナリオ走行を開始しました [シナリオ名: ログイン]
[ADMIN] 15:37:11.403691 シナリオ走行を終了しました [シナリオ名: 新規ユーザー登録]
[ADMIN] 15:37:11.403719 シナリオ走行を開始しました [シナリオ名: 新規ユーザー登録]
[ADMIN] 15:37:11.434548 シナリオ走行を終了しました [シナリオ名: ログイン]
[ADMIN] 15:37:11.434564 シナリオ走行を開始しました [シナリオ名: ログイン]
[ADMIN] 15:37:11.507387 シナリオ走行を終了しました [シナリオ名: 新規ユーザー登録]
[ADMIN] 15:37:11.507410 シナリオ走行を開始しました [シナリオ名: 新規ユーザー登録]
[ADMIN] 15:37:11.559932 シナリオ走行を終了しました [シナリオ名: 新規ユーザー登録]
[ADMIN] 15:37:11.559955 シナリオ走行を開始しました [シナリオ名: 新規ユーザー登録]
[ADMIN] 15:37:11.589136 シナリオ走行を終了しました [シナリオ名: ログイン]
[ADMIN] 15:37:11.589154 シナリオ走行を開始しました [シナリオ名: ログイン]
[ADMIN] 15:37:11.685732 シナリオ走行を終了しました [シナリオ名: ログイン]
[ADMIN] 15:37:11.685746 シナリオ走行を開始しました [シナリオ名: ログイン]
[ADMIN] 15:37:11.719012 シナリオ走行を終了しました [シナリオ名: Banユーザログイン]
[ADMIN] 15:37:11.719038 シナリオ走行を開始しました [シナリオ名: Banユーザログイン]
[ADMIN] 15:37:11.735044 シナリオ走行を終了しました [シナリオ名: ログイン]
[ADMIN] 15:37:11.735061 シナリオ走行を開始しました [シナリオ名: ログイン]
[ADMIN] 15:37:11.742965 シナリオ走行を終了しました [シナリオ名: ログイン]
[ADMIN] 15:37:11.742980 シナリオ走行を開始しました [シナリオ名: ログイン]
[ADMIN] 15:37:11.786093 シナリオ走行を終了しました [シナリオ名: ログイン]
[ADMIN] 15:37:11.786107 シナリオ走行を開始しました [シナリオ名: ログイン]
[ADMIN] 15:37:11.826465 シナリオ走行を終了しました [シナリオ名: ログイン]
[ADMIN] 15:37:11.826479 シナリオ走行を開始しました [シナリオ名: ログイン]
[ADMIN] 15:37:11.869730 シナリオ走行を終了しました [シナリオ名: ログイン]
[ADMIN] 15:37:11.869748 シナリオ走行を開始しました [シナリオ名: ログイン]
[ADMIN] 15:37:11.987600 シナリオ走行を終了しました [シナリオ名: 新規ユーザー登録]
[ADMIN] 15:37:11.987630 シナリオ走行を開始しました [シナリオ名: 新規ユーザー登録]
[ADMIN] 15:37:12.065506 シナリオ走行を終了しました [シナリオ名: ログイン]
[ADMIN] 15:37:12.065521 シナリオ走行を開始しました [シナリオ名: ログイン]
[ADMIN] 15:37:12.163543 シナリオ走行を終了しました [シナリオ名: 新規ユーザー登録]
[ADMIN] 15:37:12.163583 シナリオ走行を開始しました [シナリオ名: 新規ユーザー登録]
[ADMIN] 15:37:12.180632 シナリオ走行を終了しました [シナリオ名: 新規ユーザー登録]
[ADMIN] 15:37:12.180660 シナリオ走行を開始しました [シナリオ名: 新規ユーザー登録]
[ADMIN] 15:37:12.222653 シナリオ走行を終了しました [シナリオ名: Banユーザログイン]
[ADMIN] 15:37:12.222685 シナリオ走行を開始しました [シナリオ名: Banユーザログイン]
[ADMIN] 15:37:12.239969 シナリオ走行を終了しました [シナリオ名: ログイン]
[ADMIN] 15:37:12.239983 シナリオ走行を開始しました [シナリオ名: ログイン]
[ADMIN] 15:37:12.341292 シナリオ走行を終了しました [シナリオ名: ログイン]
[ADMIN] 15:37:12.341308 シナリオ走行を開始しました [シナリオ名: ログイン]
[ADMIN] 15:37:12.402578 シナリオ走行を終了しました [シナリオ名: ログイン]
[ADMIN] 15:37:12.402595 シナリオ走行を開始しました [シナリオ名: ログイン]
[ADMIN] 15:37:12.477169 シナリオ走行を終了しました [シナリオ名: ログイン]
[ADMIN] 15:37:12.477184 シナリオ走行を開始しました [シナリオ名: ログイン]
[ADMIN] 15:37:12.478872 シナリオ走行を終了しました [シナリオ名: ログイン]
[ADMIN] 15:37:12.478881 シナリオ走行を開始しました [シナリオ名: ログイン]
[ADMIN] 15:37:12.509172 シナリオ走行を終了しました [シナリオ名: ログイン]
[ADMIN] 15:37:12.509187 シナリオ走行を開始しました [シナリオ名: ログイン]
[ADMIN] 15:37:12.512180 シナリオ走行を終了しました [シナリオ名: ログイン]
[ADMIN] 15:37:12.512191 シナリオ走行を開始しました [シナリオ名: ログイン]
[ADMIN] 15:37:12.559136 シナリオ走行を終了しました [シナリオ名: 新規ユーザー登録]
[ADMIN] 15:37:12.559158 シナリオ走行を開始しました [シナリオ名: 新規ユーザー登録]
[ADMIN] 15:37:12.637705 シナリオ走行を終了しました [シナリオ名: ログイン]
[ADMIN] 15:37:12.637722 シナリオ走行を開始しました [シナリオ名: ログイン]
[ADMIN] 15:37:12.695978 シナリオ走行を終了しました [シナリオ名: ログイン]
[ADMIN] 15:37:12.695990 シナリオ走行を開始しました [シナリオ名: ログイン]
[ADMIN] 15:37:12.696358 シナリオ走行を終了しました [シナリオ名: 新規ユーザー登録]
[ADMIN] 15:37:12.696377 シナリオ走行を開始しました [シナリオ名: 新規ユーザー登録]
[ADMIN] 15:37:12.729324 シナリオ走行を終了しました [シナリオ名: Banユーザログイン]
[ADMIN] 15:37:12.729354 シナリオ走行を開始しました [シナリオ名: Banユーザログイン]
[ADMIN] 15:37:12.757058 シナリオ走行を終了しました [シナリオ名: ログイン]
[ADMIN] 15:37:12.757072 シナリオ走行を開始しました [シナリオ名: ログイン]
[ADMIN] 15:37:12.782461 シナリオ走行を終了しました [シナリオ名: ログイン]
[ADMIN] 15:37:12.782473 シナリオ走行を開始しました [シナリオ名: ログイン]
[ADMIN] 15:37:12.835778 シナリオ走行を終了しました [シナリオ名: 新規ユーザー登録]
[ADMIN] 15:37:12.835805 シナリオ走行を開始しました [シナリオ名: 新規ユーザー登録]
[ADMIN] 15:37:12.983686 シナリオ走行を終了しました [シナリオ名: ログイン]
[ADMIN] 15:37:12.983700 シナリオ走行を開始しました [シナリオ名: ログイン]
[ADMIN] 15:37:13.032327 シナリオ走行を終了しました [シナリオ名: ログイン]
[ADMIN] 15:37:13.032343 シナリオ走行を開始しました [シナリオ名: ログイン]
[ADMIN] 15:37:13.086656 シナリオ走行を終了しました [シナリオ名: 新規ユーザー登録]
[ADMIN] 15:37:13.086684 シナリオ走行を開始しました [シナリオ名: 新規ユーザー登録]
[ADMIN] 15:37:13.110818 シナリオ走行を終了しました [シナリオ名: ログイン]
[ADMIN] 15:37:13.110840 シナリオ走行を開始しました [シナリオ名: ログイン]
[ADMIN] 15:37:13.112938 シナリオ走行を終了しました [シナリオ名: 新規ユーザー登録]
[ADMIN] 15:37:13.112958 シナリオ走行を開始しました [シナリオ名: 新規ユーザー登録]
[ADMIN] 15:37:13.132453 シナリオ走行を終了しました [シナリオ名: ログイン]
[ADMIN] 15:37:13.132466 シナリオ走行を開始しました [シナリオ名: ログイン]
[ADMIN] 15:37:13.235233 シナリオ走行を終了しました [シナリオ名: Banユーザログイン]
[ADMIN] 15:37:13.235252 シナリオ走行を開始しました [シナリオ名: Banユーザログイン]
[ADMIN] 15:37:13.251317 シナリオ走行を終了しました [シナリオ名: ログイン]
[ADMIN] 15:37:13.251331 シナリオ走行を開始しました [シナリオ名: ログイン]
[ADMIN] 15:37:13.309514 シナリオ走行を終了しました [シナリオ名: ログイン]
[ADMIN] 15:37:13.309531 シナリオ走行を開始しました [シナリオ名: ログイン]
[ADMIN] 15:37:13.315754 シナリオ走行を終了しました [シナリオ名: ログイン]
[ADMIN] 15:37:13.315766 シナリオ走行を開始しました [シナリオ名: ログイン]
[ADMIN] 15:37:13.351457 シナリオ走行を終了しました [シナリオ名: ログイン]
[ADMIN] 15:37:13.351472 シナリオ走行を開始しました [シナリオ名: ログイン]
[ADMIN] 15:37:13.368288 シナリオ走行を終了しました [シナリオ名: 新規ユーザー登録]
[ADMIN] 15:37:13.368311 シナリオ走行を開始しました [シナリオ名: 新規ユーザー登録]
[ADMIN] 15:37:13.517020 シナリオ走行を終了しました [シナリオ名: ログイン]
[ADMIN] 15:37:13.517035 シナリオ走行を開始しました [シナリオ名: ログイン]
[ADMIN] 15:37:13.577979 シナリオ走行を終了しました [シナリオ名: ログイン]
[ADMIN] 15:37:13.577998 シナリオ走行を開始しました [シナリオ名: ログイン]
[ADMIN] 15:37:13.609846 シナリオ走行を終了しました [シナリオ名: ログイン]
[ADMIN] 15:37:13.609857 シナリオ走行を開始しました [シナリオ名: ログイン]
[ADMIN] 15:37:13.613924 シナリオ走行を終了しました [シナリオ名: ログイン]
[ADMIN] 15:37:13.613935 シナリオ走行を開始しました [シナリオ名: ログイン]
[ADMIN] 15:37:13.641242 シナリオ走行を終了しました [シナリオ名: ログイン]
[ADMIN] 15:37:13.641265 シナリオ走行を開始しました [シナリオ名: ログイン]
[ADMIN] 15:37:13.669647 シナリオ走行を終了しました [シナリオ名: 新規ユーザー登録]
[ADMIN] 15:37:13.669676 シナリオ走行を開始しました [シナリオ名: 新規ユーザー登録]
[ADMIN] 15:37:13.709322 シナリオ走行を終了しました [シナリオ名: 新規ユーザー登録]
[ADMIN] 15:37:13.709352 シナリオ走行を開始しました [シナリオ名: 新規ユーザー登録]
[ADMIN] 15:37:13.738288 シナリオ走行を終了しました [シナリオ名: Banユーザログイン]
[ADMIN] 15:37:13.738309 シナリオ走行を開始しました [シナリオ名: Banユーザログイン]
[ADMIN] 15:37:13.820959 シナリオ走行を終了しました [シナリオ名: 新規ユーザー登録]
[ADMIN] 15:37:13.820986 シナリオ走行を開始しました [シナリオ名: 新規ユーザー登録]
[ADMIN] 15:37:13.831333 シナリオ走行を終了しました [シナリオ名: ログイン]
[ADMIN] 15:37:13.831347 シナリオ走行を開始しました [シナリオ名: ログイン]
[ADMIN] 15:37:13.914882 シナリオ走行を終了しました [シナリオ名: ログイン]
[ADMIN] 15:37:13.914901 シナリオ走行を開始しました [シナリオ名: ログイン]
[ADMIN] 15:37:13.951483 シナリオ走行を終了しました [シナリオ名: ログイン]
[ADMIN] 15:37:13.951498 シナリオ走行を開始しました [シナリオ名: ログイン]
[ADMIN] 15:37:13.975829 シナリオ走行を終了しました [シナリオ名: ログイン]
[ADMIN] 15:37:13.975843 シナリオ走行を開始しました [シナリオ名: ログイン]
[ADMIN] 15:37:14.140345 シナリオ走行を終了しました [シナリオ名: ログイン]
[ADMIN] 15:37:14.140362 シナリオ走行を開始しました [シナリオ名: ログイン]
[ADMIN] 15:37:14.179231 シナリオ走行を終了しました [シナリオ名: ログイン]
[ADMIN] 15:37:14.179245 シナリオ走行を開始しました [シナリオ名: ログイン]
[ADMIN] 15:37:14.236064 シナリオ走行を終了しました [シナリオ名: ログイン]
[ADMIN] 15:37:14.236082 シナリオ走行を開始しました [シナリオ名: ログイン]
[ADMIN] 15:37:14.240623 シナリオ走行を終了しました [シナリオ名: 新規ユーザー登録]
[ADMIN] 15:37:14.240648 シナリオ走行を開始しました [シナリオ名: 新規ユーザー登録]
[ADMIN] 15:37:14.240672 シナリオ走行を終了しました [シナリオ名: 新規ユーザー登録]
[ADMIN] 15:37:14.240682 シナリオ走行を開始しました [シナリオ名: 新規ユーザー登録]
[ADMIN] 15:37:14.240709 シナリオ走行を終了しました [シナリオ名: Banユーザログイン]
[ADMIN] 15:37:14.240725 シナリオ走行を開始しました [シナリオ名: Banユーザログイン]
[ADMIN] 15:37:14.302215 シナリオ走行を終了しました [シナリオ名: ログイン]
[ADMIN] 15:37:14.302228 シナリオ走行を開始しました [シナリオ名: ログイン]
[ADMIN] 15:37:14.318775 シナリオ走行を終了しました [シナリオ名: ログイン]
[ADMIN] 15:37:14.318789 シナリオ走行を開始しました [シナリオ名: ログイン]
[ADMIN] 15:37:14.403876 シナリオ走行を終了しました [シナリオ名: 新規ユーザー登録]
[ADMIN] 15:37:14.403906 シナリオ走行を開始しました [シナリオ名: 新規ユーザー登録]
[ADMIN] 15:37:14.469363 シナリオ走行を終了しました [シナリオ名: ログイン]
[ADMIN] 15:37:14.469375 シナリオ走行を開始しました [シナリオ名: ログイン]
[ADMIN] 15:37:14.540220 シナリオ走行を終了しました [シナリオ名: ログイン]
[ADMIN] 15:37:14.540235 シナリオ走行を開始しました [シナリオ名: ログイン]
[ADMIN] 15:37:14.699738 シナリオ走行を終了しました [シナリオ名: ログイン]
[ADMIN] 15:37:14.699756 シナリオ走行を開始しました [シナリオ名: ログイン]
[ADMIN] 15:37:14.747604 シナリオ走行を終了しました [シナリオ名: Banユーザログイン]
[ADMIN] 15:37:14.747634 シナリオ走行を開始しました [シナリオ名: Banユーザログイン]
[ADMIN] 15:37:14.771484 シナリオ走行を終了しました [シナリオ名: ログイン]
[ADMIN] 15:37:14.771499 シナリオ走行を開始しました [シナリオ名: ログイン]
[ADMIN] 15:37:14.788192 シナリオ走行を終了しました [シナリオ名: ログイン]
[ADMIN] 15:37:14.788207 シナリオ走行を開始しました [シナリオ名: ログイン]
[ADMIN] 15:37:14.820088 シナリオ走行を終了しました [シナリオ名: 新規ユーザー登録]
[ADMIN] 15:37:14.820117 シナリオ走行を開始しました [シナリオ名: 新規ユーザー登録]
[ADMIN] 15:37:14.849250 シナリオ走行を終了しました [シナリオ名: 新規ユーザー登録]
[ADMIN] 15:37:14.849282 シナリオ走行を開始しました [シナリオ名: 新規ユーザー登録]
[ADMIN] 15:37:14.854469 シナリオ走行を終了しました [シナリオ名: ログイン]
[ADMIN] 15:37:14.854483 シナリオ走行を開始しました [シナリオ名: ログイン]
[ADMIN] 15:37:14.888785 シナリオ走行を終了しました [シナリオ名: ログイン]
[ADMIN] 15:37:14.888799 シナリオ走行を開始しました [シナリオ名: ログイン]
[ADMIN] 15:37:14.933955 シナリオ走行を終了しました [シナリオ名: ログイン]
[ADMIN] 15:37:14.933969 シナリオ走行を開始しました [シナリオ名: ログイン]
[ADMIN] 15:37:14.999475 シナリオ走行を終了しました [シナリオ名: ログイン]
[ADMIN] 15:37:14.999487 シナリオ走行を開始しました [シナリオ名: ログイン]
[ADMIN] 15:37:15.023261 シナリオ走行を終了しました [シナリオ名: 新規ユーザー登録]
[ADMIN] 15:37:15.023288 シナリオ走行を開始しました [シナリオ名: 新規ユーザー登録]
[ADMIN] 15:37:15.032923 シナリオ走行を終了しました [シナリオ名: ログイン]
[ADMIN] 15:37:15.032933 シナリオ走行を開始しました [シナリオ名: ログイン]
[ADMIN] 15:37:15.163901 シナリオ走行を終了しました [シナリオ名: ログイン]
[ADMIN] 15:37:15.163917 シナリオ走行を開始しました [シナリオ名: ログイン]
[ADMIN] 15:37:15.250561 シナリオ走行を終了しました [シナリオ名: Banユーザログイン]
[ADMIN] 15:37:15.250582 シナリオ走行を開始しました [シナリオ名: Banユーザログイン]
[ADMIN] 15:37:15.274234 シナリオ走行を終了しました [シナリオ名: ログイン]
[ADMIN] 15:37:15.274246 シナリオ走行を開始しました [シナリオ名: ログイン]
[ADMIN] 15:37:15.348718 シナリオ走行を終了しました [シナリオ名: 新規ユーザー登録]
[ADMIN] 15:37:15.348749 シナリオ走行を開始しました [シナリオ名: 新規ユーザー登録]
[ADMIN] 15:37:15.386692 シナリオ走行を終了しました [シナリオ名: ログイン]
[ADMIN] 15:37:15.386708 シナリオ走行を開始しました [シナリオ名: ログイン]
[ADMIN] 15:37:15.419337 シナリオ走行を終了しました [シナリオ名: ログイン]
[ADMIN] 15:37:15.419354 シナリオ走行を開始しました [シナリオ名: ログイン]
[ADMIN] 15:37:15.441041 シナリオ走行を終了しました [シナリオ名: ログイン]
[ADMIN] 15:37:15.441054 シナリオ走行を開始しました [シナリオ名: ログイン]
[ADMIN] 15:37:15.456440 シナリオ走行を終了しました [シナリオ名: 新規ユーザー登録]
[ADMIN] 15:37:15.456465 シナリオ走行を開始しました [シナリオ名: 新規ユーザー登録]
[ADMIN] 15:37:15.469643 シナリオ走行を終了しました [シナリオ名: ログイン]
[ADMIN] 15:37:15.469668 シナリオ走行を開始しました [シナリオ名: ログイン]
[ADMIN] 15:37:15.512757 シナリオ走行を終了しました [シナリオ名: ログイン]
[ADMIN] 15:37:15.512771 シナリオ走行を開始しました [シナリオ名: ログイン]
[ADMIN] 15:37:15.525842 シナリオ走行を終了しました [シナリオ名: ログイン]
[ADMIN] 15:37:15.525854 シナリオ走行を開始しました [シナリオ名: ログイン]
[ADMIN] 15:37:15.653955 シナリオ走行を終了しました [シナリオ名: ログイン]
[ADMIN] 15:37:15.653969 シナリオ走行を開始しました [シナリオ名: ログイン]
[ADMIN] 15:37:15.668078 シナリオ走行を終了しました [シナリオ名: 新規ユーザー登録]
[ADMIN] 15:37:15.668108 シナリオ走行を開始しました [シナリオ名: 新規ユーザー登録]
[ADMIN] 15:37:15.737454 シナリオ走行を終了しました [シナリオ名: ログイン]
[ADMIN] 15:37:15.737470 シナリオ走行を開始しました [シナリオ名: ログイン]
[ADMIN] 15:37:15.752910 シナリオ走行を終了しました [シナリオ名: Banユーザログイン]
[ADMIN] 15:37:15.752947 シナリオ走行を開始しました [シナリオ名: Banユーザログイン]
[ADMIN] 15:37:15.911944 シナリオ走行を終了しました [シナリオ名: ログイン]
[ADMIN] 15:37:15.911961 シナリオ走行を開始しました [シナリオ名: ログイン]
[ADMIN] 15:37:15.931009 シナリオ走行を終了しました [シナリオ名: 新規ユーザー登録]
[ADMIN] 15:37:15.931035 シナリオ走行を開始しました [シナリオ名: 新規ユーザー登録]
[ADMIN] 15:37:15.993555 シナリオ走行を終了しました [シナリオ名: ログイン]
[ADMIN] 15:37:15.993573 シナリオ走行を開始しました [シナリオ名: ログイン]
[ADMIN] 15:37:16.010288 シナリオ走行を終了しました [シナリオ名: ログイン]
[ADMIN] 15:37:16.010303 シナリオ走行を開始しました [シナリオ名: ログイン]
[ADMIN] 15:37:16.018009 シナリオ走行を終了しました [シナリオ名: ログイン]
[ADMIN] 15:37:16.018023 シナリオ走行を開始しました [シナリオ名: ログイン]
[ADMIN] 15:37:16.045598 シナリオ走行を終了しました [シナリオ名: 新規ユーザー登録]
[ADMIN] 15:37:16.045627 シナリオ走行を開始しました [シナリオ名: 新規ユーザー登録]
[ADMIN] 15:37:16.100291 シナリオ走行を終了しました [シナリオ名: ログイン]
[ADMIN] 15:37:16.100305 シナリオ走行を開始しました [シナリオ名: ログイン]
[ADMIN] 15:37:16.214321 シナリオ走行を終了しました [シナリオ名: 新規ユーザー登録]
[ADMIN] 15:37:16.214348 シナリオ走行を開始しました [シナリオ名: 新規ユーザー登録]
[ADMIN] 15:37:16.252229 シナリオ走行を終了しました [シナリオ名: ログイン]
[ADMIN] 15:37:16.252242 シナリオ走行を開始しました [シナリオ名: ログイン]
[ADMIN] 15:37:16.257730 シナリオ走行を終了しました [シナリオ名: Banユーザログイン]
[ADMIN] 15:37:16.257748 シナリオ走行を開始しました [シナリオ名: Banユーザログイン]
[ADMIN] 15:37:16.273645 シナリオ走行を終了しました [シナリオ名: ログイン]
[ADMIN] 15:37:16.273659 シナリオ走行を開始しました [シナリオ名: ログイン]
[ADMIN] 15:37:16.278437 シナリオ走行を終了しました [シナリオ名: ログイン]
[ADMIN] 15:37:16.278451 シナリオ走行を開始しました [シナリオ名: ログイン]
[ADMIN] 15:37:16.477165 シナリオ走行を終了しました [シナリオ名: ログイン]
[ADMIN] 15:37:16.477179 シナリオ走行を開始しました [シナリオ名: ログイン]
[ADMIN] 15:37:16.500235 シナリオ走行を終了しました [シナリオ名: 新規ユーザー登録]
[ADMIN] 15:37:16.500266 シナリオ走行を開始しました [シナリオ名: 新規ユーザー登録]
[ADMIN] 15:37:16.505582 シナリオ走行を終了しました [シナリオ名: ログイン]
[ADMIN] 15:37:16.505594 シナリオ走行を開始しました [シナリオ名: ログイン]
[ADMIN] 15:37:16.623607 シナリオ走行を終了しました [シナリオ名: 新規ユーザー登録]
[ADMIN] 15:37:16.623642 シナリオ走行を開始しました [シナリオ名: 新規ユーザー登録]
[ADMIN] 15:37:16.648657 シナリオ走行を終了しました [シナリオ名: ログイン]
[ADMIN] 15:37:16.648673 シナリオ走行を開始しました [シナリオ名: ログイン]
[ADMIN] 15:37:16.708874 シナリオ走行を終了しました [シナリオ名: ログイン]
[ADMIN] 15:37:16.708889 シナリオ走行を開始しました [シナリオ名: ログイン]
[ADMIN] 15:37:16.756914 シナリオ走行を終了しました [シナリオ名: ログイン]
[ADMIN] 15:37:16.756928 シナリオ走行を開始しました [シナリオ名: ログイン]
[ADMIN] 15:37:16.760422 シナリオ走行を終了しました [シナリオ名: Banユーザログイン]
[ADMIN] 15:37:16.760441 シナリオ走行を開始しました [シナリオ名: Banユーザログイン]
[ADMIN] 15:37:16.795312 シナリオ走行を終了しました [シナリオ名: ログイン]
[ADMIN] 15:37:16.795325 シナリオ走行を開始しました [シナリオ名: ログイン]
[ADMIN] 15:37:16.826527 シナリオ走行を終了しました [シナリオ名: ログイン]
[ADMIN] 15:37:16.826542 シナリオ走行を開始しました [シナリオ名: ログイン]
[ADMIN] 15:37:16.834914 シナリオ走行を終了しました [シナリオ名: 新規ユーザー登録]
[ADMIN] 15:37:16.834938 シナリオ走行を開始しました [シナリオ名: 新規ユーザー登録]
[ADMIN] 15:37:16.843690 シナリオ走行を終了しました [シナリオ名: ログイン]
[ADMIN] 15:37:16.843704 シナリオ走行を開始しました [シナリオ名: ログイン]
[ADMIN] 15:37:16.983921 シナリオ走行を終了しました [シナリオ名: ログイン]
[ADMIN] 15:37:16.983933 シナリオ走行を開始しました [シナリオ名: ログイン]
[ADMIN] 15:37:17.018516 シナリオ走行を終了しました [シナリオ名: ログイン]
[ADMIN] 15:37:17.018530 シナリオ走行を開始しました [シナリオ名: ログイン]
[ADMIN] 15:37:17.025324 シナリオ走行を終了しました [シナリオ名: 新規ユーザー登録]
[ADMIN] 15:37:17.025339 シナリオ走行を開始しました [シナリオ名: 新規ユーザー登録]
[ADMIN] 15:37:17.063038 シナリオ走行を終了しました [シナリオ名: ログイン]
[ADMIN] 15:37:17.063052 シナリオ走行を開始しました [シナリオ名: ログイン]
[ADMIN] 15:37:17.150729 シナリオ走行を終了しました [シナリオ名: ログイン]
[ADMIN] 15:37:17.150743 シナリオ走行を開始しました [シナリオ名: ログイン]
[ADMIN] 15:37:17.266054 シナリオ走行を終了しました [シナリオ名: Banユーザログイン]
[ADMIN] 15:37:17.266079 シナリオ走行を開始しました [シナリオ名: Banユーザログイン]
[ADMIN] 15:37:17.295788 シナリオ走行を終了しました [シナリオ名: ログイン]
[ADMIN] 15:37:17.295802 シナリオ走行を開始しました [シナリオ名: ログイン]
[ADMIN] 15:37:17.296301 シナリオ走行を終了しました [シナリオ名: 新規ユーザー登録]
[ADMIN] 15:37:17.296322 シナリオ走行を開始しました [シナリオ名: 新規ユーザー登録]
[ADMIN] 15:37:17.305899 シナリオ走行を終了しました [シナリオ名: ログイン]
[ADMIN] 15:37:17.305912 シナリオ走行を開始しました [シナリオ名: ログイン]
[ADMIN] 15:37:17.437639 シナリオ走行を終了しました [シナリオ名: 新規ユーザー登録]
[ADMIN] 15:37:17.437668 シナリオ走行を開始しました [シナリオ名: 新規ユーザー登録]
[ADMIN] 15:37:17.457792 シナリオ走行を終了しました [シナリオ名: ログイン]
[ADMIN] 15:37:17.457805 シナリオ走行を開始しました [シナリオ名: ログイン]
[ADMIN] 15:37:17.531688 シナリオ走行を終了しました [シナリオ名: ログイン]
[ADMIN] 15:37:17.531702 シナリオ走行を開始しました [シナリオ名: ログイン]
[ADMIN] 15:37:17.566684 シナリオ走行を終了しました [シナリオ名: ログイン]
[ADMIN] 15:37:17.566700 シナリオ走行を開始しました [シナリオ名: ログイン]
[ADMIN] 15:37:17.598653 シナリオ走行を終了しました [シナリオ名: 新規ユーザー登録]
[ADMIN] 15:37:17.598677 シナリオ走行を開始しました [シナリオ名: 新規ユーザー登録]
[ADMIN] 15:37:17.731825 シナリオ走行を終了しました [シナリオ名: ログイン]
[ADMIN] 15:37:17.731839 シナリオ走行を開始しました [シナリオ名: ログイン]
[ADMIN] 15:37:17.749906 シナリオ走行を終了しました [シナリオ名: ログイン]
[ADMIN] 15:37:17.749919 シナリオ走行を開始しました [シナリオ名: ログイン]
[ADMIN] 15:37:17.769361 シナリオ走行を終了しました [シナリオ名: Banユーザログイン]
[ADMIN] 15:37:17.769379 シナリオ走行を開始しました [シナリオ名: Banユーザログイン]
[ADMIN] 15:37:17.785481 シナリオ走行を終了しました [シナリオ名: ログイン]
[ADMIN] 15:37:17.785495 シナリオ走行を開始しました [シナリオ名: ログイン]
[ADMIN] 15:37:17.785659 シナリオ走行を終了しました [シナリオ名: ログイン]
[ADMIN] 15:37:17.785668 シナリオ走行を開始しました [シナリオ名: ログイン]
[ADMIN] 15:37:17.846036 シナリオ走行を終了しました [シナリオ名: ログイン]
[ADMIN] 15:37:17.846050 シナリオ走行を開始しました [シナリオ名: ログイン]
[ADMIN] 15:37:17.871645 シナリオ走行を終了しました [シナリオ名: 新規ユーザー登録]
[ADMIN] 15:37:17.871674 シナリオ走行を開始しました [シナリオ名: 新規ユーザー登録]
[ADMIN] 15:37:17.962216 シナリオ走行を終了しました [シナリオ名: 新規ユーザー登録]
[ADMIN] 15:37:17.962239 シナリオ走行を開始しました [シナリオ名: 新規ユーザー登録]
15:37:18.013313 現在のログイン成功数: [total: 292 (+219人)]
15:37:18.013319 現在のユーザー登録成功数: [total: 156 (+103人)]
[ADMIN] 15:37:18.013274 シナリオ走行を開始しました [シナリオ名: マスター更新]
[ADMIN] 15:37:18.064770 シナリオ走行を終了しました [シナリオ名: ログイン]
[ADMIN] 15:37:18.064786 シナリオ走行を開始しました [シナリオ名: ログイン]
[ADMIN] 15:37:18.071276 シナリオ走行を終了しました [シナリオ名: ログイン]
[ADMIN] 15:37:18.071300 シナリオ走行を開始しました [シナリオ名: ログイン]
[ADMIN] 15:37:18.071327 シナリオ走行を開始しました [シナリオ名: ログイン]
[ADMIN] 15:37:18.071375 シナリオ走行を開始しました [シナリオ名: ログイン]
[ADMIN] 15:37:18.071445 シナリオ走行を開始しました [シナリオ名: ログイン]
[ADMIN] 15:37:18.071457 シナリオ走行を開始しました [シナリオ名: ログイン]
[ADMIN] 15:37:18.071455 シナリオ走行を開始しました [シナリオ名: ログイン]
[ADMIN] 15:37:18.071454 シナリオ走行を開始しました [シナリオ名: ログイン]
[ADMIN] 15:37:18.071455 シナリオ走行を開始しました [シナリオ名: ログイン]
[ADMIN] 15:37:18.071456 シナリオ走行を開始しました [シナリオ名: ログイン]
[ADMIN] 15:37:18.071546 シナリオ走行を開始しました [シナリオ名: ログイン]
[ADMIN] 15:37:18.071548 シナリオ走行を開始しました [シナリオ名: ログイン]
[ADMIN] 15:37:18.071551 シナリオ走行を開始しました [シナリオ名: ログイン]
[ADMIN] 15:37:18.071453 シナリオ走行を開始しました [シナリオ名: ログイン]
[ADMIN] 15:37:18.127527 シナリオ走行を終了しました [シナリオ名: ログイン]
[ADMIN] 15:37:18.127541 シナリオ走行を開始しました [シナリオ名: ログイン]
15:37:18.165815 マスターデータの更新が完了しました。次のマスターバージョンは「2」です。
[ADMIN] 15:37:18.174660 シナリオ走行を終了しました [シナリオ名: マスター更新]
[ADMIN] 15:37:18.273020 シナリオ走行を終了しました [シナリオ名: Banユーザログイン]
[ADMIN] 15:37:18.273048 シナリオ走行を開始しました [シナリオ名: Banユーザログイン]
[ADMIN] 15:37:18.793838 シナリオ走行を終了しました [シナリオ名: Banユーザログイン]
[ADMIN] 15:37:18.793866 シナリオ走行を開始しました [シナリオ名: Banユーザログイン]
[ADMIN] 15:37:18.875466 シナリオ走行を終了しました [シナリオ名: ログイン]
[ADMIN] 15:37:18.875480 シナリオ走行を開始しました [シナリオ名: ログイン]
[ADMIN] 15:37:18.892196 シナリオ走行を終了しました [シナリオ名: ログイン]
[ADMIN] 15:37:18.892209 シナリオ走行を開始しました [シナリオ名: ログイン]
[ADMIN] 15:37:18.947922 シナリオ走行を終了しました [シナリオ名: ログイン]
[ADMIN] 15:37:18.947940 シナリオ走行を開始しました [シナリオ名: ログイン]
[ADMIN] 15:37:19.115844 シナリオ走行を終了しました [シナリオ名: ログイン]
[ADMIN] 15:37:19.115862 シナリオ走行を開始しました [シナリオ名: ログイン]
[ADMIN] 15:37:19.139876 シナリオ走行を終了しました [シナリオ名: ログイン]
[ADMIN] 15:37:19.139889 シナリオ走行を開始しました [シナリオ名: ログイン]
[ADMIN] 15:37:19.140190 シナリオ走行を終了しました [シナリオ名: ログイン]
[ADMIN] 15:37:19.140202 シナリオ走行を開始しました [シナリオ名: ログイン]
[ADMIN] 15:37:19.196680 シナリオ走行を終了しました [シナリオ名: ログイン]
[ADMIN] 15:37:19.207046 シナリオ走行を終了しました [シナリオ名: ログイン]
[ADMIN] 15:37:19.252904 シナリオ走行を終了しました [シナリオ名: ログイン]
[ADMIN] 15:37:19.252919 シナリオ走行を開始しました [シナリオ名: ログイン]
[ADMIN] 15:37:19.252972 シナリオ走行を開始しました [シナリオ名: ログイン]
[ADMIN] 15:37:19.252987 シナリオ走行を開始しました [シナリオ名: ログイン]
[ADMIN] 15:37:19.296308 シナリオ走行を終了しました [シナリオ名: Banユーザログイン]
[ADMIN] 15:37:19.296357 シナリオ走行を開始しました [シナリオ名: Banユーザログイン]
[ADMIN] 15:37:19.349219 シナリオ走行を終了しました [シナリオ名: ログイン]
[ADMIN] 15:37:19.380195 シナリオ走行を終了しました [シナリオ名: 新規ユーザー登録]
[ADMIN] 15:37:19.380228 シナリオ走行を開始しました [シナリオ名: 新規ユーザー登録]
[ADMIN] 15:37:19.456352 シナリオ走行を終了しました [シナリオ名: 新規ユーザー登録]
[ADMIN] 15:37:19.456388 シナリオ走行を開始しました [シナリオ名: 新規ユーザー登録]
[ADMIN] 15:37:19.456396 シナリオ走行を開始しました [シナリオ名: 新規ユーザー登録]
[ADMIN] 15:37:19.456485 シナリオ走行を開始しました [シナリオ名: 新規ユーザー登録]
[ADMIN] 15:37:19.456524 シナリオ走行を開始しました [シナリオ名: 新規ユーザー登録]
[ADMIN] 15:37:19.456560 シナリオ走行を開始しました [シナリオ名: 新規ユーザー登録]
[ADMIN] 15:37:19.495662 シナリオ走行を終了しました [シナリオ名: ログイン]
[ADMIN] 15:37:19.495682 シナリオ走行を開始しました [シナリオ名: ログイン]
[ADMIN] 15:37:19.495737 シナリオ走行を開始しました [シナリオ名: ログイン]
[ADMIN] 15:37:19.507896 シナリオ走行を終了しました [シナリオ名: ログイン]
[ADMIN] 15:37:19.507911 シナリオ走行を開始しました [シナリオ名: ログイン]
[ADMIN] 15:37:19.512012 シナリオ走行を終了しました [シナリオ名: ログイン]
[ADMIN] 15:37:19.512022 シナリオ走行を開始しました [シナリオ名: ログイン]
[ADMIN] 15:37:19.521100 シナリオ走行を終了しました [シナリオ名: ログイン]
[ADMIN] 15:37:19.597445 シナリオ走行を終了しました [シナリオ名: ログイン]
[ADMIN] 15:37:19.600754 シナリオ走行を終了しました [シナリオ名: ログイン]
[ADMIN] 15:37:19.600767 シナリオ走行を開始しました [シナリオ名: ログイン]
[ADMIN] 15:37:19.600792 シナリオ走行を開始しました [シナリオ名: ログイン]
[ADMIN] 15:37:19.600802 シナリオ走行を開始しました [シナリオ名: ログイン]
[ADMIN] 15:37:19.703438 シナリオ走行を終了しました [シナリオ名: 新規ユーザー登録]
[ADMIN] 15:37:19.703592 シナリオ走行を終了しました [シナリオ名: ログイン]
[ADMIN] 15:37:19.703607 シナリオ走行を開始しました [シナリオ名: ログイン]
[ADMIN] 15:37:19.706306 シナリオ走行を終了しました [シナリオ名: ログイン]
[ADMIN] 15:37:19.706316 シナリオ走行を開始しました [シナリオ名: ログイン]
[ADMIN] 15:37:19.706743 シナリオ走行を終了しました [シナリオ名: ログイン]
[ADMIN] 15:37:19.799133 シナリオ走行を終了しました [シナリオ名: Banユーザログイン]
[ADMIN] 15:37:19.799155 シナリオ走行を開始しました [シナリオ名: Banユーザログイン]
[ADMIN] 15:37:19.827636 シナリオ走行を終了しました [シナリオ名: ログイン]
[ADMIN] 15:37:19.827652 シナリオ走行を開始しました [シナリオ名: ログイン]
[ADMIN] 15:37:19.827703 シナリオ走行を開始しました [シナリオ名: ログイン]
[ADMIN] 15:37:19.966491 シナリオ走行を終了しました [シナリオ名: ログイン]
[ADMIN] 15:37:19.966507 シナリオ走行を開始しました [シナリオ名: ログイン]
[ADMIN] 15:37:20.021173 シナリオ走行を終了しました [シナリオ名: ログイン]
[ADMIN] 15:37:20.021187 シナリオ走行を開始しました [シナリオ名: ログイン]
[ADMIN] 15:37:20.302978 シナリオ走行を終了しました [シナリオ名: Banユーザログイン]
[ADMIN] 15:37:20.303012 シナリオ走行を開始しました [シナリオ名: Banユーザログイン]
[ADMIN] 15:37:20.303020 シナリオ走行を開始しました [シナリオ名: Banユーザログイン]
[ADMIN] 15:37:20.363118 シナリオ走行を終了しました [シナリオ名: ログイン]
[ADMIN] 15:37:20.363132 シナリオ走行を開始しました [シナリオ名: ログイン]
[ADMIN] 15:37:20.366425 シナリオ走行を終了しました [シナリオ名: ログイン]
[ADMIN] 15:37:20.366436 シナリオ走行を開始しました [シナリオ名: ログイン]
[ADMIN] 15:37:20.367561 シナリオ走行を終了しました [シナリオ名: ログイン]
[ADMIN] 15:37:20.367571 シナリオ走行を開始しました [シナリオ名: ログイン]
[ADMIN] 15:37:20.384326 シナリオ走行を終了しました [シナリオ名: ログイン]
[ADMIN] 15:37:20.384339 シナリオ走行を開始しました [シナリオ名: ログイン]
[ADMIN] 15:37:20.599830 シナリオ走行を終了しました [シナリオ名: ログイン]
[ADMIN] 15:37:20.599847 シナリオ走行を開始しました [シナリオ名: ログイン]
[ADMIN] 15:37:20.599868 シナリオ走行を終了しました [シナリオ名: ログイン]
[ADMIN] 15:37:20.599880 シナリオ走行を開始しました [シナリオ名: ログイン]
[ADMIN] 15:37:20.621438 シナリオ走行を終了しました [シナリオ名: 新規ユーザー登録]
[ADMIN] 15:37:20.621468 シナリオ走行を開始しました [シナリオ名: 新規ユーザー登録]
[ADMIN] 15:37:20.621515 シナリオ走行を開始しました [シナリオ名: 新規ユーザー登録]
[ADMIN] 15:37:20.692794 シナリオ走行を終了しました [シナリオ名: ログイン]
[ADMIN] 15:37:20.692828 シナリオ走行を開始しました [シナリオ名: ログイン]
[ADMIN] 15:37:20.692911 シナリオ走行を終了しました [シナリオ名: ログイン]
[ADMIN] 15:37:20.692951 シナリオ走行を開始しました [シナリオ名: ログイン]
[ADMIN] 15:37:20.791576 シナリオ走行を終了しました [シナリオ名: ログイン]
[ADMIN] 15:37:20.791595 シナリオ走行を開始しました [シナリオ名: ログイン]
[ADMIN] 15:37:20.819297 シナリオ走行を終了しました [シナリオ名: Banユーザログイン]
[ADMIN] 15:37:20.819319 シナリオ走行を開始しました [シナリオ名: Banユーザログイン]
[ADMIN] 15:37:20.852434 シナリオ走行を終了しました [シナリオ名: Banユーザログイン]
[ADMIN] 15:37:20.852457 シナリオ走行を開始しました [シナリオ名: Banユーザログイン]
[ADMIN] 15:37:20.893159 シナリオ走行を終了しました [シナリオ名: ログイン]
[ADMIN] 15:37:20.893174 シナリオ走行を開始しました [シナリオ名: ログイン]
[ADMIN] 15:37:21.056446 シナリオ走行を終了しました [シナリオ名: ログイン]
[ADMIN] 15:37:21.056474 シナリオ走行を開始しました [シナリオ名: ログイン]
[ADMIN] 15:37:21.057655 シナリオ走行を終了しました [シナリオ名: 新規ユーザー登録]
[ADMIN] 15:37:21.057695 シナリオ走行を開始しました [シナリオ名: 新規ユーザー登録]
[ADMIN] 15:37:21.140623 シナリオ走行を終了しました [シナリオ名: 新規ユーザー登録]
[ADMIN] 15:37:21.140652 シナリオ走行を開始しました [シナリオ名: 新規ユーザー登録]
[ADMIN] 15:37:21.170572 シナリオ走行を終了しました [シナリオ名: ログイン]
[ADMIN] 15:37:21.170590 シナリオ走行を開始しました [シナリオ名: ログイン]
[ADMIN] 15:37:21.172956 シナリオ走行を終了しました [シナリオ名: 新規ユーザー登録]
[ADMIN] 15:37:21.172974 シナリオ走行を開始しました [シナリオ名: 新規ユーザー登録]
[ADMIN] 15:37:21.200444 シナリオ走行を終了しました [シナリオ名: ログイン]
[ADMIN] 15:37:21.200456 シナリオ走行を開始しました [シナリオ名: ログイン]
[ADMIN] 15:37:21.221297 シナリオ走行を終了しました [シナリオ名: ログイン]
[ADMIN] 15:37:21.221312 シナリオ走行を開始しました [シナリオ名: ログイン]
[ADMIN] 15:37:21.322169 シナリオ走行を終了しました [シナリオ名: Banユーザログイン]
[ADMIN] 15:37:21.322189 シナリオ走行を開始しました [シナリオ名: Banユーザログイン]
[ADMIN] 15:37:21.356285 シナリオ走行を終了しました [シナリオ名: 新規ユーザー登録]
[ADMIN] 15:37:21.356318 シナリオ走行を開始しました [シナリオ名: 新規ユーザー登録]
[ADMIN] 15:37:21.356394 シナリオ走行を終了しました [シナリオ名: ログイン]
[ADMIN] 15:37:21.356408 シナリオ走行を開始しました [シナリオ名: ログイン]
[ADMIN] 15:37:21.356470 シナリオ走行を終了しました [シナリオ名: ログイン]
[ADMIN] 15:37:21.356517 シナリオ走行を開始しました [シナリオ名: ログイン]
[ADMIN] 15:37:21.357778 シナリオ走行を終了しました [シナリオ名: Banユーザログイン]
[ADMIN] 15:37:21.357794 シナリオ走行を開始しました [シナリオ名: Banユーザログイン]
[ADMIN] 15:37:21.363107 シナリオ走行を終了しました [シナリオ名: 新規ユーザー登録]
[ADMIN] 15:37:21.387654 シナリオ走行を終了しました [シナリオ名: ログイン]
[ADMIN] 15:37:21.387663 シナリオ走行を開始しました [シナリオ名: ログイン]
[ADMIN] 15:37:21.399659 シナリオ走行を終了しました [シナリオ名: ログイン]
[ADMIN] 15:37:21.399667 シナリオ走行を開始しました [シナリオ名: ログイン]
[ADMIN] 15:37:21.450785 シナリオ走行を終了しました [シナリオ名: ログイン]
[ADMIN] 15:37:21.450797 シナリオ走行を開始しました [シナリオ名: ログイン]
[ADMIN] 15:37:21.468370 シナリオ走行を終了しました [シナリオ名: ログイン]
[ADMIN] 15:37:21.468378 シナリオ走行を開始しました [シナリオ名: ログイン]
[ADMIN] 15:37:21.561150 シナリオ走行を終了しました [シナリオ名: ログイン]
[ADMIN] 15:37:21.561166 シナリオ走行を開始しました [シナリオ名: ログイン]
[ADMIN] 15:37:21.561193 シナリオ走行を終了しました [シナリオ名: ログイン]
[ADMIN] 15:37:21.561198 シナリオ走行を開始しました [シナリオ名: ログイン]
[ADMIN] 15:37:21.561518 シナリオ走行を終了しました [シナリオ名: ログイン]
[ADMIN] 15:37:21.561530 シナリオ走行を開始しました [シナリオ名: ログイン]
[ADMIN] 15:37:21.685818 シナリオ走行を終了しました [シナリオ名: ログイン]
[ADMIN] 15:37:21.685833 シナリオ走行を開始しました [シナリオ名: ログイン]
[ADMIN] 15:37:21.742264 シナリオ走行を終了しました [シナリオ名: ログイン]
[ADMIN] 15:37:21.742279 シナリオ走行を開始しました [シナリオ名: ログイン]
[ADMIN] 15:37:21.829153 シナリオ走行を終了しました [シナリオ名: Banユーザログイン]
[ADMIN] 15:37:21.829174 シナリオ走行を開始しました [シナリオ名: Banユーザログイン]
[ADMIN] 15:37:21.849019 シナリオ走行を終了しました [シナリオ名: ログイン]
[ADMIN] 15:37:21.849031 シナリオ走行を開始しました [シナリオ名: ログイン]
[ADMIN] 15:37:21.892595 シナリオ走行を終了しました [シナリオ名: Banユーザログイン]
[ADMIN] 15:37:21.892615 シナリオ走行を開始しました [シナリオ名: Banユーザログイン]
[ADMIN] 15:37:21.961188 シナリオ走行を終了しました [シナリオ名: ログイン]
[ADMIN] 15:37:21.961202 シナリオ走行を開始しました [シナリオ名: ログイン]
[ADMIN] 15:37:22.022940 シナリオ走行を終了しました [シナリオ名: ログイン]
[ADMIN] 15:37:22.022958 シナリオ走行を開始しました [シナリオ名: ログイン]
[ADMIN] 15:37:22.039849 シナリオ走行を終了しました [シナリオ名: ログイン]
[ADMIN] 15:37:22.039859 シナリオ走行を開始しました [シナリオ名: ログイン]
[ADMIN] 15:37:22.220935 シナリオ走行を終了しました [シナリオ名: 新規ユーザー登録]
[ADMIN] 15:37:22.220967 シナリオ走行を開始しました [シナリオ名: 新規ユーザー登録]
[ADMIN] 15:37:22.221017 シナリオ走行を開始しました [シナリオ名: 新規ユーザー登録]
[ADMIN] 15:37:22.277310 シナリオ走行を終了しました [シナリオ名: 新規ユーザー登録]
[ADMIN] 15:37:22.277332 シナリオ走行を開始しました [シナリオ名: 新規ユーザー登録]
[ADMIN] 15:37:22.322843 シナリオ走行を終了しました [シナリオ名: ログイン]
[ADMIN] 15:37:22.322857 シナリオ走行を開始しました [シナリオ名: ログイン]
[ADMIN] 15:37:22.327401 シナリオ走行を終了しました [シナリオ名: ログイン]
[ADMIN] 15:37:22.327410 シナリオ走行を開始しました [シナリオ名: ログイン]
[ADMIN] 15:37:22.349384 シナリオ走行を終了しました [シナリオ名: Banユーザログイン]
[ADMIN] 15:37:22.349402 シナリオ走行を開始しました [シナリオ名: Banユーザログイン]
[ADMIN] 15:37:22.391104 シナリオ走行を終了しました [シナリオ名: ログイン]
[ADMIN] 15:37:22.391119 シナリオ走行を開始しました [シナリオ名: ログイン]
[ADMIN] 15:37:22.391670 シナリオ走行を終了しました [シナリオ名: ログイン]
[ADMIN] 15:37:22.391681 シナリオ走行を開始しました [シナリオ名: ログイン]
[ADMIN] 15:37:22.403129 シナリオ走行を終了しました [シナリオ名: Banユーザログイン]
[ADMIN] 15:37:22.403149 シナリオ走行を開始しました [シナリオ名: Banユーザログイン]
[ADMIN] 15:37:22.600825 シナリオ走行を終了しました [シナリオ名: ログイン]
[ADMIN] 15:37:22.600840 シナリオ走行を開始しました [シナリオ名: ログイン]
[ADMIN] 15:37:22.765541 シナリオ走行を終了しました [シナリオ名: ログイン]
[ADMIN] 15:37:22.765555 シナリオ走行を開始しました [シナリオ名: ログイン]
[ADMIN] 15:37:22.778645 シナリオ走行を終了しました [シナリオ名: 新規ユーザー登録]
[ADMIN] 15:37:22.778671 シナリオ走行を開始しました [シナリオ名: 新規ユーザー登録]
[ADMIN] 15:37:22.847819 シナリオ走行を終了しました [シナリオ名: ログイン]
[ADMIN] 15:37:22.847847 シナリオ走行を開始しました [シナリオ名: ログイン]
[ADMIN] 15:37:22.854321 シナリオ走行を終了しました [シナリオ名: Banユーザログイン]
[ADMIN] 15:37:22.854336 シナリオ走行を開始しました [シナリオ名: Banユーザログイン]
[ADMIN] 15:37:22.921436 シナリオ走行を終了しました [シナリオ名: Banユーザログイン]
[ADMIN] 15:37:22.921454 シナリオ走行を開始しました [シナリオ名: Banユーザログイン]
[ADMIN] 15:37:22.948299 シナリオ走行を終了しました [シナリオ名: ログイン]
[ADMIN] 15:37:22.948313 シナリオ走行を開始しました [シナリオ名: ログイン]
[ADMIN] 15:37:23.168352 シナリオ走行を終了しました [シナリオ名: ログイン]
[ADMIN] 15:37:23.168368 シナリオ走行を開始しました [シナリオ名: ログイン]
[ADMIN] 15:37:23.219975 シナリオ走行を終了しました [シナリオ名: ログイン]
[ADMIN] 15:37:23.219988 シナリオ走行を開始しました [シナリオ名: ログイン]
[ADMIN] 15:37:23.233410 シナリオ走行を終了しました [シナリオ名: ログイン]
[ADMIN] 15:37:23.233424 シナリオ走行を開始しました [シナリオ名: ログイン]
[ADMIN] 15:37:23.335993 シナリオ走行を終了しました [シナリオ名: ログイン]
[ADMIN] 15:37:23.336009 シナリオ走行を開始しました [シナリオ名: ログイン]
[ADMIN] 15:37:23.361073 シナリオ走行を終了しました [シナリオ名: Banユーザログイン]
[ADMIN] 15:37:23.361093 シナリオ走行を開始しました [シナリオ名: Banユーザログイン]
[ADMIN] 15:37:23.427468 シナリオ走行を終了しました [シナリオ名: Banユーザログイン]
[ADMIN] 15:37:23.427487 シナリオ走行を開始しました [シナリオ名: Banユーザログイン]
[ADMIN] 15:37:23.474478 シナリオ走行を終了しました [シナリオ名: ログイン]
[ADMIN] 15:37:23.474493 シナリオ走行を開始しました [シナリオ名: ログイン]
[ADMIN] 15:37:23.489314 シナリオ走行を終了しました [シナリオ名: ログイン]
[ADMIN] 15:37:23.489328 シナリオ走行を開始しました [シナリオ名: ログイン]
[ADMIN] 15:37:23.552549 シナリオ走行を終了しました [シナリオ名: ログイン]
[ADMIN] 15:37:23.552563 シナリオ走行を開始しました [シナリオ名: ログイン]
[ADMIN] 15:37:23.566055 シナリオ走行を終了しました [シナリオ名: ログイン]
[ADMIN] 15:37:23.566066 シナリオ走行を開始しました [シナリオ名: ログイン]
[ADMIN] 15:37:23.863789 シナリオ走行を終了しました [シナリオ名: Banユーザログイン]
[ADMIN] 15:37:23.863813 シナリオ走行を開始しました [シナリオ名: Banユーザログイン]
[ADMIN] 15:37:23.931420 シナリオ走行を終了しました [シナリオ名: Banユーザログイン]
[ADMIN] 15:37:23.931439 シナリオ走行を開始しました [シナリオ名: Banユーザログイン]
[ADMIN] 15:37:23.984942 シナリオ走行を終了しました [シナリオ名: ログイン]
[ADMIN] 15:37:23.984957 シナリオ走行を開始しました [シナリオ名: ログイン]
[ADMIN] 15:37:24.147123 シナリオ走行を終了しました [シナリオ名: 新規ユーザー登録]
[ADMIN] 15:37:24.147153 シナリオ走行を開始しました [シナリオ名: 新規ユーザー登録]
[ADMIN] 15:37:24.397755 シナリオ走行を終了しました [シナリオ名: 新規ユーザー登録]
[ADMIN] 15:37:24.397785 シナリオ走行を開始しました [シナリオ名: 新規ユーザー登録]
[ADMIN] 15:37:24.398134 シナリオ走行を終了しました [シナリオ名: 新規ユーザー登録]
[ADMIN] 15:37:24.398153 シナリオ走行を開始しました [シナリオ名: 新規ユーザー登録]
[ADMIN] 15:37:24.399505 シナリオ走行を終了しました [シナリオ名: Banユーザログイン]
[ADMIN] 15:37:24.399521 シナリオ走行を開始しました [シナリオ名: Banユーザログイン]
[ADMIN] 15:37:24.464831 シナリオ走行を終了しました [シナリオ名: Banユーザログイン]
[ADMIN] 15:37:24.464848 シナリオ走行を開始しました [シナリオ名: Banユーザログイン]
[ADMIN] 15:37:24.577757 シナリオ走行を終了しました [シナリオ名: ログイン]
[ADMIN] 15:37:24.577776 シナリオ走行を開始しました [シナリオ名: ログイン]
[ADMIN] 15:37:24.846951 シナリオ走行を終了しました [シナリオ名: ログイン]
[ADMIN] 15:37:24.846966 シナリオ走行を開始しました [シナリオ名: ログイン]
[ADMIN] 15:37:24.905224 シナリオ走行を終了しました [シナリオ名: Banユーザログイン]
[ADMIN] 15:37:24.905244 シナリオ走行を開始しました [シナリオ名: Banユーザログイン]
[ADMIN] 15:37:24.967600 シナリオ走行を終了しました [シナリオ名: Banユーザログイン]
[ADMIN] 15:37:24.967624 シナリオ走行を開始しました [シナリオ名: Banユーザログイン]
[ADMIN] 15:37:24.996509 シナリオ走行を終了しました [シナリオ名: ログイン]
[ADMIN] 15:37:24.996524 シナリオ走行を開始しました [シナリオ名: ログイン]
[ADMIN] 15:37:25.328578 シナリオ走行を終了しました [シナリオ名: ログイン]
[ADMIN] 15:37:25.328598 シナリオ走行を開始しました [シナリオ名: ログイン]
[ADMIN] 15:37:25.356470 シナリオ走行を終了しました [シナリオ名: ログイン]
[ADMIN] 15:37:25.356487 シナリオ走行を開始しました [シナリオ名: ログイン]
[ADMIN] 15:37:25.409497 シナリオ走行を終了しました [シナリオ名: Banユーザログイン]
[ADMIN] 15:37:25.409532 シナリオ走行を開始しました [シナリオ名: Banユーザログイン]
[ADMIN] 15:37:25.470166 シナリオ走行を終了しました [シナリオ名: Banユーザログイン]
[ADMIN] 15:37:25.470194 シナリオ走行を開始しました [シナリオ名: Banユーザログイン]
[ADMIN] 15:37:25.593139 シナリオ走行を終了しました [シナリオ名: ログイン]
[ADMIN] 15:37:25.593152 シナリオ走行を開始しました [シナリオ名: ログイン]
[ADMIN] 15:37:25.605801 シナリオ走行を終了しました [シナリオ名: ログイン]
[ADMIN] 15:37:25.605813 シナリオ走行を開始しました [シナリオ名: ログイン]
[ADMIN] 15:37:25.959811 シナリオ走行を終了しました [シナリオ名: Banユーザログイン]
[ADMIN] 15:37:25.959835 シナリオ走行を開始しました [シナリオ名: Banユーザログイン]
[ADMIN] 15:37:25.984045 シナリオ走行を終了しました [シナリオ名: Banユーザログイン]
[ADMIN] 15:37:25.984063 シナリオ走行を開始しました [シナリオ名: Banユーザログイン]
[ADMIN] 15:37:26.129023 シナリオ走行を終了しました [シナリオ名: ログイン]
[ADMIN] 15:37:26.129038 シナリオ走行を開始しました [シナリオ名: ログイン]
[ADMIN] 15:37:26.271439 シナリオ走行を終了しました [シナリオ名: ログイン]
[ADMIN] 15:37:26.271455 シナリオ走行を開始しました [シナリオ名: ログイン]
[ADMIN] 15:37:26.469752 シナリオ走行を終了しました [シナリオ名: Banユーザログイン]
[ADMIN] 15:37:26.469782 シナリオ走行を開始しました [シナリオ名: Banユーザログイン]
[ADMIN] 15:37:26.540174 シナリオ走行を終了しました [シナリオ名: Banユーザログイン]
[ADMIN] 15:37:26.540211 シナリオ走行を開始しました [シナリオ名: Banユーザログイン]
[ADMIN] 15:37:26.805618 シナリオ走行を終了しました [シナリオ名: ログイン]
[ADMIN] 15:37:26.805634 シナリオ走行を開始しました [シナリオ名: ログイン]
[ADMIN] 15:37:26.975699 シナリオ走行を終了しました [シナリオ名: Banユーザログイン]
[ADMIN] 15:37:26.975721 シナリオ走行を開始しました [シナリオ名: Banユーザログイン]
[ADMIN] 15:37:27.047892 シナリオ走行を終了しました [シナリオ名: Banユーザログイン]
[ADMIN] 15:37:27.047917 シナリオ走行を開始しました [シナリオ名: Banユーザログイン]
[ADMIN] 15:37:27.324971 シナリオ走行を終了しました [シナリオ名: ログイン]
[ADMIN] 15:37:27.324985 シナリオ走行を開始しました [シナリオ名: ログイン]
[ADMIN] 15:37:27.492547 シナリオ走行を終了しました [シナリオ名: Banユーザログイン]
[ADMIN] 15:37:27.492565 シナリオ走行を開始しました [シナリオ名: Banユーザログイン]
[ADMIN] 15:37:27.569931 シナリオ走行を終了しました [シナリオ名: Banユーザログイン]
[ADMIN] 15:37:27.569951 シナリオ走行を開始しました [シナリオ名: Banユーザログイン]
[ADMIN] 15:37:27.736013 シナリオ走行を終了しました [シナリオ名: ログイン]
[ADMIN] 15:37:27.736030 シナリオ走行を開始しました [シナリオ名: ログイン]
[ADMIN] 15:37:27.995715 シナリオ走行を終了しました [シナリオ名: Banユーザログイン]
[ADMIN] 15:37:27.995745 シナリオ走行を開始しました [シナリオ名: Banユーザログイン]
15:37:28.013182 現在のログイン成功数: [total: 623 (+331人)]
15:37:28.013200 現在のユーザー登録成功数: [total: 282 (+126人)]
[ADMIN] 15:37:28.072908 シナリオ走行を終了しました [シナリオ名: Banユーザログイン]
[ADMIN] 15:37:28.072939 シナリオ走行を開始しました [シナリオ名: Banユーザログイン]
[ADMIN] 15:37:28.107640 シナリオ走行を終了しました [シナリオ名: ログイン]
[ADMIN] 15:37:28.107652 シナリオ走行を開始しました [シナリオ名: ログイン]
[ADMIN] 15:37:28.468019 シナリオ走行を終了しました [シナリオ名: 新規ユーザー登録]
[ADMIN] 15:37:28.468047 シナリオ走行を開始しました [シナリオ名: 新規ユーザー登録]
[ADMIN] 15:37:28.503573 シナリオ走行を終了しました [シナリオ名: Banユーザログイン]
[ADMIN] 15:37:28.503593 シナリオ走行を開始しました [シナリオ名: Banユーザログイン]
[ADMIN] 15:37:28.575545 シナリオ走行を終了しました [シナリオ名: Banユーザログイン]
[ADMIN] 15:37:28.575569 シナリオ走行を開始しました [シナリオ名: Banユーザログイン]
[ADMIN] 15:37:28.911787 シナリオ走行を終了しました [シナリオ名: ログイン]
[ADMIN] 15:37:28.911820 シナリオ走行を開始しました [シナリオ名: ログイン]
[ADMIN] 15:37:28.911854 シナリオ走行を開始しました [シナリオ名: ログイン]
[ADMIN] 15:37:28.911869 シナリオ走行を開始しました [シナリオ名: ログイン]
[ADMIN] 15:37:28.911988 シナリオ走行を開始しました [シナリオ名: ログイン]
[ADMIN] 15:37:28.911998 シナリオ走行を開始しました [シナリオ名: ログイン]
[ADMIN] 15:37:28.911988 シナリオ走行を開始しました [シナリオ名: ログイン]
[ADMIN] 15:37:28.912122 シナリオ走行を開始しました [シナリオ名: ログイン]
[ADMIN] 15:37:28.912124 シナリオ走行を開始しました [シナリオ名: ログイン]
[ADMIN] 15:37:28.912224 シナリオ走行を開始しました [シナリオ名: ログイン]
[ADMIN] 15:37:28.912936 シナリオ走行を開始しました [シナリオ名: ログイン]
[ADMIN] 15:37:28.912981 シナリオ走行を開始しました [シナリオ名: ログイン]
[ADMIN] 15:37:28.912996 シナリオ走行を開始しました [シナリオ名: ログイン]
[ADMIN] 15:37:28.913016 シナリオ走行を開始しました [シナリオ名: ログイン]
[ADMIN] 15:37:29.037755 シナリオ走行を終了しました [シナリオ名: Banユーザログイン]
[ADMIN] 15:37:29.037784 シナリオ走行を開始しました [シナリオ名: Banユーザログイン]
[ADMIN] 15:37:29.109375 シナリオ走行を終了しました [シナリオ名: Banユーザログイン]
[ADMIN] 15:37:29.109397 シナリオ走行を開始しました [シナリオ名: Banユーザログイン]
[ADMIN] 15:37:29.646026 シナリオ走行を終了しました [シナリオ名: ログイン]
[ADMIN] 15:37:29.731175 シナリオ走行を終了しました [シナリオ名: Banユーザログイン]
[ADMIN] 15:37:29.731197 シナリオ走行を開始しました [シナリオ名: Banユーザログイン]
[ADMIN] 15:37:29.755625 シナリオ走行を終了しました [シナリオ名: Banユーザログイン]
[ADMIN] 15:37:29.755642 シナリオ走行を開始しました [シナリオ名: Banユーザログイン]
[ADMIN] 15:37:30.233022 シナリオ走行を終了しました [シナリオ名: Banユーザログイン]
[ADMIN] 15:37:30.233049 シナリオ走行を開始しました [シナリオ名: Banユーザログイン]
[ADMIN] 15:37:30.257293 シナリオ走行を終了しました [シナリオ名: Banユーザログイン]
[ADMIN] 15:37:30.257314 シナリオ走行を開始しました [シナリオ名: Banユーザログイン]
[ADMIN] 15:37:30.738001 シナリオ走行を終了しました [シナリオ名: Banユーザログイン]
[ADMIN] 15:37:30.738038 シナリオ走行を開始しました [シナリオ名: Banユーザログイン]
[ADMIN] 15:37:30.759540 シナリオ走行を終了しました [シナリオ名: Banユーザログイン]
[ADMIN] 15:37:30.759566 シナリオ走行を開始しました [シナリオ名: Banユーザログイン]
[ADMIN] 15:37:31.239868 シナリオ走行を終了しました [シナリオ名: Banユーザログイン]
[ADMIN] 15:37:31.239887 シナリオ走行を開始しました [シナリオ名: Banユーザログイン]
[ADMIN] 15:37:31.261406 シナリオ走行を終了しました [シナリオ名: Banユーザログイン]
[ADMIN] 15:37:31.261423 シナリオ走行を開始しました [シナリオ名: Banユーザログイン]
[ADMIN] 15:37:31.742207 シナリオ走行を終了しました [シナリオ名: Banユーザログイン]
[ADMIN] 15:37:31.742233 シナリオ走行を開始しました [シナリオ名: Banユーザログイン]
[ADMIN] 15:37:31.763583 シナリオ走行を終了しました [シナリオ名: Banユーザログイン]
[ADMIN] 15:37:31.763607 シナリオ走行を開始しました [シナリオ名: Banユーザログイン]
[ADMIN] 15:37:31.788563 シナリオ走行を終了しました [シナリオ名: ログイン]
[ADMIN] 15:37:32.244051 シナリオ走行を終了しました [シナリオ名: Banユーザログイン]
[ADMIN] 15:37:32.244078 シナリオ走行を開始しました [シナリオ名: Banユーザログイン]
[ADMIN] 15:37:32.265729 シナリオ走行を終了しました [シナリオ名: Banユーザログイン]
[ADMIN] 15:37:32.265755 シナリオ走行を開始しました [シナリオ名: Banユーザログイン]
[ADMIN] 15:37:32.746045 シナリオ走行を終了しました [シナリオ名: Banユーザログイン]
[ADMIN] 15:37:32.746080 シナリオ走行を開始しました [シナリオ名: Banユーザログイン]
[ADMIN] 15:37:32.768008 シナリオ走行を終了しました [シナリオ名: Banユーザログイン]
[ADMIN] 15:37:32.768040 シナリオ走行を開始しました [シナリオ名: Banユーザログイン]
[ADMIN] 15:37:32.947363 シナリオ走行を終了しました [シナリオ名: ログイン]
[ADMIN] 15:37:33.104689 シナリオ走行を終了しました [シナリオ名: ログイン]
[ADMIN] 15:37:33.247840 シナリオ走行を終了しました [シナリオ名: Banユーザログイン]
[ADMIN] 15:37:33.247864 シナリオ走行を開始しました [シナリオ名: Banユーザログイン]
[ADMIN] 15:37:33.269782 シナリオ走行を終了しました [シナリオ名: Banユーザログイン]
[ADMIN] 15:37:33.269809 シナリオ走行を開始しました [シナリオ名: Banユーザログイン]
[ADMIN] 15:37:33.563946 シナリオ走行を終了しました [シナリオ名: ログイン]
[ADMIN] 15:37:33.754138 シナリオ走行を終了しました [シナリオ名: Banユーザログイン]
[ADMIN] 15:37:33.754166 シナリオ走行を開始しました [シナリオ名: Banユーザログイン]
[ADMIN] 15:37:33.775851 シナリオ走行を終了しました [シナリオ名: Banユーザログイン]
[ADMIN] 15:37:33.775868 シナリオ走行を開始しました [シナリオ名: Banユーザログイン]
[ADMIN] 15:37:33.983777 シナリオ走行を終了しました [シナリオ名: 新規ユーザー登録]
[ADMIN] 15:37:33.983810 シナリオ走行を開始しました [シナリオ名: 新規ユーザー登録]
[ADMIN] 15:37:34.261552 シナリオ走行を終了しました [シナリオ名: Banユーザログイン]
[ADMIN] 15:37:34.261577 シナリオ走行を開始しました [シナリオ名: Banユーザログイン]
[ADMIN] 15:37:34.280358 シナリオ走行を終了しました [シナリオ名: Banユーザログイン]
[ADMIN] 15:37:34.280380 シナリオ走行を開始しました [シナリオ名: Banユーザログイン]
[ADMIN] 15:37:34.770164 シナリオ走行を終了しました [シナリオ名: Banユーザログイン]
[ADMIN] 15:37:34.770189 シナリオ走行を開始しました [シナリオ名: Banユーザログイン]
[ADMIN] 15:37:34.792612 シナリオ走行を終了しました [シナリオ名: Banユーザログイン]
[ADMIN] 15:37:34.792632 シナリオ走行を開始しました [シナリオ名: Banユーザログイン]
[ADMIN] 15:37:35.075140 シナリオ走行を終了しました [シナリオ名: ログイン]
[ADMIN] 15:37:35.274339 シナリオ走行を終了しました [シナリオ名: Banユーザログイン]
[ADMIN] 15:37:35.274363 シナリオ走行を開始しました [シナリオ名: Banユーザログイン]
[ADMIN] 15:37:35.300671 シナリオ走行を終了しました [シナリオ名: Banユーザログイン]
[ADMIN] 15:37:35.300698 シナリオ走行を開始しました [シナリオ名: Banユーザログイン]
[ADMIN] 15:37:35.370460 シナリオ走行を終了しました [シナリオ名: 新規ユーザー登録]
[ADMIN] 15:37:35.370503 シナリオ走行を開始しました [シナリオ名: 新規ユーザー登録]
[ADMIN] 15:37:35.370572 シナリオ走行を開始しました [シナリオ名: 新規ユーザー登録]
[ADMIN] 15:37:35.370592 シナリオ走行を開始しました [シナリオ名: 新規ユーザー登録]
[ADMIN] 15:37:35.370676 シナリオ走行を開始しました [シナリオ名: 新規ユーザー登録]
[ADMIN] 15:37:35.370749 シナリオ走行を開始しました [シナリオ名: 新規ユーザー登録]
[ADMIN] 15:37:35.372564 シナリオ走行を終了しました [シナリオ名: 新規ユーザー登録]
[ADMIN] 15:37:35.372578 シナリオ走行を開始しました [シナリオ名: 新規ユーザー登録]
[ADMIN] 15:37:35.373130 シナリオ走行を終了しました [シナリオ名: 新規ユーザー登録]
[ADMIN] 15:37:35.373143 シナリオ走行を開始しました [シナリオ名: 新規ユーザー登録]
[ADMIN] 15:37:35.373172 シナリオ走行を終了しました [シナリオ名: 新規ユーザー登録]
[ADMIN] 15:37:35.373187 シナリオ走行を開始しました [シナリオ名: 新規ユーザー登録]
[ADMIN] 15:37:35.373703 シナリオ走行を終了しました [シナリオ名: 新規ユーザー登録]
[ADMIN] 15:37:35.373715 シナリオ走行を開始しました [シナリオ名: 新規ユーザー登録]
[ADMIN] 15:37:35.374713 シナリオ走行を終了しました [シナリオ名: 新規ユーザー登録]
[ADMIN] 15:37:35.374728 シナリオ走行を開始しました [シナリオ名: 新規ユーザー登録]
[ADMIN] 15:37:35.375263 シナリオ走行を終了しました [シナリオ名: 新規ユーザー登録]
[ADMIN] 15:37:35.375321 シナリオ走行を終了しました [シナリオ名: 新規ユーザー登録]
[ADMIN] 15:37:35.375798 シナリオ走行を開始しました [シナリオ名: 新規ユーザー登録]
[ADMIN] 15:37:35.375803 シナリオ走行を開始しました [シナリオ名: 新規ユーザー登録]
[ADMIN] 15:37:35.375836 シナリオ走行を終了しました [シナリオ名: 新規ユーザー登録]
[ADMIN] 15:37:35.375986 シナリオ走行を開始しました [シナリオ名: 新規ユーザー登録]
[ADMIN] 15:37:35.376953 シナリオ走行を終了しました [シナリオ名: 新規ユーザー登録]
[ADMIN] 15:37:35.376968 シナリオ走行を開始しました [シナリオ名: 新規ユーザー登録]
[ADMIN] 15:37:35.377519 シナリオ走行を終了しました [シナリオ名: 新規ユーザー登録]
[ADMIN] 15:37:35.377534 シナリオ走行を開始しました [シナリオ名: 新規ユーザー登録]
[ADMIN] 15:37:35.377541 シナリオ走行を終了しました [シナリオ名: 新規ユーザー登録]
[ADMIN] 15:37:35.377551 シナリオ走行を開始しました [シナリオ名: 新規ユーザー登録]
[ADMIN] 15:37:35.378120 シナリオ走行を終了しました [シナリオ名: 新規ユーザー登録]
[ADMIN] 15:37:35.378133 シナリオ走行を開始しました [シナリオ名: 新規ユーザー登録]
[ADMIN] 15:37:35.378651 シナリオ走行を終了しました [シナリオ名: 新規ユーザー登録]
[ADMIN] 15:37:35.378666 シナリオ走行を開始しました [シナリオ名: 新規ユーザー登録]
[ADMIN] 15:37:35.379119 シナリオ走行を終了しました [シナリオ名: 新規ユーザー登録]
[ADMIN] 15:37:35.379133 シナリオ走行を開始しました [シナリオ名: 新規ユーザー登録]
[ADMIN] 15:37:35.379365 シナリオ走行を終了しました [シナリオ名: 新規ユーザー登録]
[ADMIN] 15:37:35.379379 シナリオ走行を開始しました [シナリオ名: 新規ユーザー登録]
[ADMIN] 15:37:35.379825 シナリオ走行を終了しました [シナリオ名: 新規ユーザー登録]
[ADMIN] 15:37:35.379837 シナリオ走行を開始しました [シナリオ名: 新規ユーザー登録]
[ADMIN] 15:37:35.380500 シナリオ走行を終了しました [シナリオ名: 新規ユーザー登録]
[ADMIN] 15:37:35.380512 シナリオ走行を開始しました [シナリオ名: 新規ユーザー登録]
[ADMIN] 15:37:35.381977 シナリオ走行を終了しました [シナリオ名: 新規ユーザー登録]
[ADMIN] 15:37:35.381992 シナリオ走行を開始しました [シナリオ名: 新規ユーザー登録]
[ADMIN] 15:37:35.382652 シナリオ走行を終了しました [シナリオ名: 新規ユーザー登録]
[ADMIN] 15:37:35.382666 シナリオ走行を開始しました [シナリオ名: 新規ユーザー登録]
[ADMIN] 15:37:35.382762 シナリオ走行を終了しました [シナリオ名: 新規ユーザー登録]
[ADMIN] 15:37:35.382774 シナリオ走行を開始しました [シナリオ名: 新規ユーザー登録]
[ADMIN] 15:37:35.383522 シナリオ走行を終了しました [シナリオ名: 新規ユーザー登録]
[ADMIN] 15:37:35.383536 シナリオ走行を開始しました [シナリオ名: 新規ユーザー登録]
[ADMIN] 15:37:35.383915 シナリオ走行を終了しました [シナリオ名: 新規ユーザー登録]
[ADMIN] 15:37:35.383928 シナリオ走行を開始しました [シナリオ名: 新規ユーザー登録]
[ADMIN] 15:37:35.384393 シナリオ走行を終了しました [シナリオ名: 新規ユーザー登録]
[ADMIN] 15:37:35.384408 シナリオ走行を開始しました [シナリオ名: 新規ユーザー登録]
[ADMIN] 15:37:35.385111 シナリオ走行を終了しました [シナリオ名: 新規ユーザー登録]
[ADMIN] 15:37:35.385123 シナリオ走行を開始しました [シナリオ名: 新規ユーザー登録]
[ADMIN] 15:37:35.385635 シナリオ走行を終了しました [シナリオ名: 新規ユーザー登録]
[ADMIN] 15:37:35.385649 シナリオ走行を開始しました [シナリオ名: 新規ユーザー登録]
[ADMIN] 15:37:35.385658 シナリオ走行を終了しました [シナリオ名: 新規ユーザー登録]
[ADMIN] 15:37:35.385674 シナリオ走行を開始しました [シナリオ名: 新規ユーザー登録]
[ADMIN] 15:37:35.387073 シナリオ走行を終了しました [シナリオ名: 新規ユーザー登録]
[ADMIN] 15:37:35.387087 シナリオ走行を開始しました [シナリオ名: 新規ユーザー登録]
[ADMIN] 15:37:35.387089 シナリオ走行を終了しました [シナリオ名: 新規ユーザー登録]
[ADMIN] 15:37:35.387103 シナリオ走行を開始しました [シナリオ名: 新規ユーザー登録]
[ADMIN] 15:37:35.387107 シナリオ走行を終了しました [シナリオ名: 新規ユーザー登録]
[ADMIN] 15:37:35.387118 シナリオ走行を開始しました [シナリオ名: 新規ユーザー登録]
[ADMIN] 15:37:35.388136 シナリオ走行を終了しました [シナリオ名: 新規ユーザー登録]
[ADMIN] 15:37:35.388150 シナリオ走行を開始しました [シナリオ名: 新規ユーザー登録]
[ADMIN] 15:37:35.388600 シナリオ走行を終了しました [シナリオ名: 新規ユーザー登録]
[ADMIN] 15:37:35.388615 シナリオ走行を開始しました [シナリオ名: 新規ユーザー登録]
[ADMIN] 15:37:35.388632 シナリオ走行を終了しました [シナリオ名: 新規ユーザー登録]
[ADMIN] 15:37:35.388642 シナリオ走行を開始しました [シナリオ名: 新規ユーザー登録]
[ADMIN] 15:37:35.389365 シナリオ走行を終了しました [シナリオ名: 新規ユーザー登録]
[ADMIN] 15:37:35.389380 シナリオ走行を開始しました [シナリオ名: 新規ユーザー登録]
[ADMIN] 15:37:35.390071 シナリオ走行を終了しました [シナリオ名: 新規ユーザー登録]
[ADMIN] 15:37:35.390086 シナリオ走行を開始しました [シナリオ名: 新規ユーザー登録]
[ADMIN] 15:37:35.390677 シナリオ走行を終了しました [シナリオ名: 新規ユーザー登録]
[ADMIN] 15:37:35.390693 シナリオ走行を開始しました [シナリオ名: 新規ユーザー登録]
[ADMIN] 15:37:35.392035 シナリオ走行を終了しました [シナリオ名: 新規ユーザー登録]
[ADMIN] 15:37:35.392047 シナリオ走行を開始しました [シナリオ名: 新規ユーザー登録]
[ADMIN] 15:37:35.392443 シナリオ走行を終了しました [シナリオ名: 新規ユーザー登録]
[ADMIN] 15:37:35.392459 シナリオ走行を開始しました [シナリオ名: 新規ユーザー登録]
[ADMIN] 15:37:35.393023 シナリオ走行を終了しました [シナリオ名: 新規ユーザー登録]
[ADMIN] 15:37:35.393035 シナリオ走行を開始しました [シナリオ名: 新規ユーザー登録]
[ADMIN] 15:37:35.394098 シナリオ走行を終了しました [シナリオ名: 新規ユーザー登録]
[ADMIN] 15:37:35.394111 シナリオ走行を開始しました [シナリオ名: 新規ユーザー登録]
[ADMIN] 15:37:35.394493 シナリオ走行を終了しました [シナリオ名: 新規ユーザー登録]
[ADMIN] 15:37:35.394507 シナリオ走行を開始しました [シナリオ名: 新規ユーザー登録]
[ADMIN] 15:37:35.395098 シナリオ走行を終了しました [シナリオ名: 新規ユーザー登録]
[ADMIN] 15:37:35.395114 シナリオ走行を開始しました [シナリオ名: 新規ユーザー登録]
[ADMIN] 15:37:35.396058 シナリオ走行を終了しました [シナリオ名: 新規ユーザー登録]
[ADMIN] 15:37:35.396071 シナリオ走行を開始しました [シナリオ名: 新規ユーザー登録]
[ADMIN] 15:37:35.396502 シナリオ走行を終了しました [シナリオ名: 新規ユーザー登録]
[ADMIN] 15:37:35.396517 シナリオ走行を開始しました [シナリオ名: 新規ユーザー登録]
[ADMIN] 15:37:35.397242 シナリオ走行を終了しました [シナリオ名: 新規ユーザー登録]
[ADMIN] 15:37:35.397257 シナリオ走行を開始しました [シナリオ名: 新規ユーザー登録]
[ADMIN] 15:37:35.398064 シナリオ走行を終了しました [シナリオ名: 新規ユーザー登録]
[ADMIN] 15:37:35.398080 シナリオ走行を開始しました [シナリオ名: 新規ユーザー登録]
[ADMIN] 15:37:35.398911 シナリオ走行を終了しました [シナリオ名: 新規ユーザー登録]
[ADMIN] 15:37:35.398926 シナリオ走行を開始しました [シナリオ名: 新規ユーザー登録]
[ADMIN] 15:37:35.399398 シナリオ走行を終了しました [シナリオ名: 新規ユーザー登録]
[ADMIN] 15:37:35.399413 シナリオ走行を開始しました [シナリオ名: 新規ユーザー登録]
[ADMIN] 15:37:35.400008 シナリオ走行を終了しました [シナリオ名: 新規ユーザー登録]
[ADMIN] 15:37:35.400023 シナリオ走行を開始しました [シナリオ名: 新規ユーザー登録]
[ADMIN] 15:37:35.400620 シナリオ走行を終了しました [シナリオ名: 新規ユーザー登録]
[ADMIN] 15:37:35.400634 シナリオ走行を開始しました [シナリオ名: 新規ユーザー登録]
[ADMIN] 15:37:35.401825 シナリオ走行を終了しました [シナリオ名: 新規ユーザー登録]
[ADMIN] 15:37:35.401837 シナリオ走行を開始しました [シナリオ名: 新規ユーザー登録]
[ADMIN] 15:37:35.402460 シナリオ走行を終了しました [シナリオ名: 新規ユーザー登録]
[ADMIN] 15:37:35.402472 シナリオ走行を開始しました [シナリオ名: 新規ユーザー登録]
[ADMIN] 15:37:35.403053 シナリオ走行を終了しました [シナリオ名: 新規ユーザー登録]
[ADMIN] 15:37:35.403064 シナリオ走行を開始しました [シナリオ名: 新規ユーザー登録]
[ADMIN] 15:37:35.403636 シナリオ走行を終了しました [シナリオ名: 新規ユーザー登録]
[ADMIN] 15:37:35.403652 シナリオ走行を開始しました [シナリオ名: 新規ユーザー登録]
[ADMIN] 15:37:35.404188 シナリオ走行を終了しました [シナリオ名: 新規ユーザー登録]
[ADMIN] 15:37:35.404204 シナリオ走行を開始しました [シナリオ名: 新規ユーザー登録]
[ADMIN] 15:37:35.404828 シナリオ走行を終了しました [シナリオ名: 新規ユーザー登録]
[ADMIN] 15:37:35.404844 シナリオ走行を開始しました [シナリオ名: 新規ユーザー登録]
[ADMIN] 15:37:35.405525 シナリオ走行を終了しました [シナリオ名: 新規ユーザー登録]
[ADMIN] 15:37:35.405541 シナリオ走行を開始しました [シナリオ名: 新規ユーザー登録]
[ADMIN] 15:37:35.406018 シナリオ走行を終了しました [シナリオ名: 新規ユーザー登録]
[ADMIN] 15:37:35.406032 シナリオ走行を開始しました [シナリオ名: 新規ユーザー登録]
[ADMIN] 15:37:35.406316 シナリオ走行を終了しました [シナリオ名: 新規ユーザー登録]
[ADMIN] 15:37:35.406331 シナリオ走行を開始しました [シナリオ名: 新規ユーザー登録]
[ADMIN] 15:37:35.407294 シナリオ走行を終了しました [シナリオ名: 新規ユーザー登録]
[ADMIN] 15:37:35.407307 シナリオ走行を開始しました [シナリオ名: 新規ユーザー登録]
[ADMIN] 15:37:35.407575 シナリオ走行を終了しました [シナリオ名: 新規ユーザー登録]
[ADMIN] 15:37:35.407590 シナリオ走行を開始しました [シナリオ名: 新規ユーザー登録]
[ADMIN] 15:37:35.408347 シナリオ走行を終了しました [シナリオ名: 新規ユーザー登録]
[ADMIN] 15:37:35.408361 シナリオ走行を開始しました [シナリオ名: 新規ユーザー登録]
[ADMIN] 15:37:35.409140 シナリオ走行を終了しました [シナリオ名: 新規ユーザー登録]
[ADMIN] 15:37:35.409155 シナリオ走行を開始しました [シナリオ名: 新規ユーザー登録]
[ADMIN] 15:37:35.409859 シナリオ走行を終了しました [シナリオ名: 新規ユーザー登録]
[ADMIN] 15:37:35.409870 シナリオ走行を開始しました [シナリオ名: 新規ユーザー登録]
[ADMIN] 15:37:35.410469 シナリオ走行を終了しました [シナリオ名: 新規ユーザー登録]
[ADMIN] 15:37:35.410483 シナリオ走行を開始しました [シナリオ名: 新規ユーザー登録]
[ADMIN] 15:37:35.411211 シナリオ走行を終了しました [シナリオ名: 新規ユーザー登録]
[ADMIN] 15:37:35.411225 シナリオ走行を開始しました [シナリオ名: 新規ユーザー登録]
[ADMIN] 15:37:35.412824 シナリオ走行を終了しました [シナリオ名: 新規ユーザー登録]
[ADMIN] 15:37:35.412839 シナリオ走行を開始しました [シナリオ名: 新規ユーザー登録]
[ADMIN] 15:37:35.413240 シナリオ走行を終了しました [シナリオ名: 新規ユーザー登録]
[ADMIN] 15:37:35.413251 シナリオ走行を開始しました [シナリオ名: 新規ユーザー登録]
[ADMIN] 15:37:35.413891 シナリオ走行を終了しました [シナリオ名: 新規ユーザー登録]
[ADMIN] 15:37:35.413902 シナリオ走行を開始しました [シナリオ名: 新規ユーザー登録]
[ADMIN] 15:37:35.414543 シナリオ走行を終了しました [シナリオ名: 新規ユーザー登録]
[ADMIN] 15:37:35.414557 シナリオ走行を開始しました [シナリオ名: 新規ユーザー登録]
[ADMIN] 15:37:35.415166 シナリオ走行を終了しました [シナリオ名: 新規ユーザー登録]
[ADMIN] 15:37:35.415180 シナリオ走行を開始しました [シナリオ名: 新規ユーザー登録]
[ADMIN] 15:37:35.415635 シナリオ走行を終了しました [シナリオ名: 新規ユーザー登録]
[ADMIN] 15:37:35.415648 シナリオ走行を開始しました [シナリオ名: 新規ユーザー登録]
[ADMIN] 15:37:35.416295 シナリオ走行を終了しました [シナリオ名: 新規ユーザー登録]
[ADMIN] 15:37:35.416307 シナリオ走行を開始しました [シナリオ名: 新規ユーザー登録]
[ADMIN] 15:37:35.417140 シナリオ走行を終了しました [シナリオ名: 新規ユーザー登録]
[ADMIN] 15:37:35.417153 シナリオ走行を開始しました [シナリオ名: 新規ユーザー登録]
[ADMIN] 15:37:35.417587 シナリオ走行を終了しました [シナリオ名: 新規ユーザー登録]
[ADMIN] 15:37:35.417602 シナリオ走行を開始しました [シナリオ名: 新規ユーザー登録]
[ADMIN] 15:37:35.417831 シナリオ走行を終了しました [シナリオ名: 新規ユーザー登録]
[ADMIN] 15:37:35.417842 シナリオ走行を開始しました [シナリオ名: 新規ユーザー登録]
[ADMIN] 15:37:35.419006 シナリオ走行を終了しました [シナリオ名: 新規ユーザー登録]
[ADMIN] 15:37:35.419020 シナリオ走行を開始しました [シナリオ名: 新規ユーザー登録]
[ADMIN] 15:37:35.419378 シナリオ走行を終了しました [シナリオ名: 新規ユーザー登録]
[ADMIN] 15:37:35.419391 シナリオ走行を開始しました [シナリオ名: 新規ユーザー登録]
[ADMIN] 15:37:35.419696 シナリオ走行を終了しました [シナリオ名: 新規ユーザー登録]
[ADMIN] 15:37:35.419715 シナリオ走行を開始しました [シナリオ名: 新規ユーザー登録]
[ADMIN] 15:37:35.420789 シナリオ走行を終了しました [シナリオ名: 新規ユーザー登録]
[ADMIN] 15:37:35.420803 シナリオ走行を開始しました [シナリオ名: 新規ユーザー登録]
[ADMIN] 15:37:35.421175 シナリオ走行を終了しました [シナリオ名: 新規ユーザー登録]
[ADMIN] 15:37:35.421191 シナリオ走行を開始しました [シナリオ名: 新規ユーザー登録]
[ADMIN] 15:37:35.422197 シナリオ走行を終了しました [シナリオ名: 新規ユーザー登録]
[ADMIN] 15:37:35.422211 シナリオ走行を開始しました [シナリオ名: 新規ユーザー登録]
[ADMIN] 15:37:35.423055 シナリオ走行を終了しました [シナリオ名: 新規ユーザー登録]
[ADMIN] 15:37:35.423070 シナリオ走行を開始しました [シナリオ名: 新規ユーザー登録]
[ADMIN] 15:37:35.423768 シナリオ走行を終了しました [シナリオ名: 新規ユーザー登録]
[ADMIN] 15:37:35.423782 シナリオ走行を開始しました [シナリオ名: 新規ユーザー登録]
[ADMIN] 15:37:35.424437 シナリオ走行を終了しました [シナリオ名: 新規ユーザー登録]
[ADMIN] 15:37:35.424450 シナリオ走行を開始しました [シナリオ名: 新規ユーザー登録]
[ADMIN] 15:37:35.425173 シナリオ走行を終了しました [シナリオ名: 新規ユーザー登録]
[ADMIN] 15:37:35.425188 シナリオ走行を開始しました [シナリオ名: 新規ユーザー登録]
[ADMIN] 15:37:35.425732 シナリオ走行を終了しました [シナリオ名: 新規ユーザー登録]
[ADMIN] 15:37:35.425747 シナリオ走行を開始しました [シナリオ名: 新規ユーザー登録]
[ADMIN] 15:37:35.426324 シナリオ走行を終了しました [シナリオ名: 新規ユーザー登録]
[ADMIN] 15:37:35.426338 シナリオ走行を開始しました [シナリオ名: 新規ユーザー登録]
[ADMIN] 15:37:35.426935 シナリオ走行を終了しました [シナリオ名: 新規ユーザー登録]
[ADMIN] 15:37:35.426949 シナリオ走行を開始しました [シナリオ名: 新規ユーザー登録]
[ADMIN] 15:37:35.427249 シナリオ走行を終了しました [シナリオ名: 新規ユーザー登録]
[ADMIN] 15:37:35.427265 シナリオ走行を開始しました [シナリオ名: 新規ユーザー登録]
[ADMIN] 15:37:35.428451 シナリオ走行を終了しました [シナリオ名: 新規ユーザー登録]
[ADMIN] 15:37:35.428465 シナリオ走行を開始しました [シナリオ名: 新規ユーザー登録]
[ADMIN] 15:37:35.428851 シナリオ走行を終了しました [シナリオ名: 新規ユーザー登録]
[ADMIN] 15:37:35.428863 シナリオ走行を開始しました [シナリオ名: 新規ユーザー登録]
[ADMIN] 15:37:35.429634 シナリオ走行を終了しました [シナリオ名: 新規ユーザー登録]
[ADMIN] 15:37:35.429648 シナリオ走行を開始しました [シナリオ名: 新規ユーザー登録]
[ADMIN] 15:37:35.430545 シナリオ走行を終了しました [シナリオ名: 新規ユーザー登録]
[ADMIN] 15:37:35.430558 シナリオ走行を開始しました [シナリオ名: 新規ユーザー登録]
[ADMIN] 15:37:35.431021 シナリオ走行を終了しました [シナリオ名: 新規ユーザー登録]
[ADMIN] 15:37:35.431035 シナリオ走行を開始しました [シナリオ名: 新規ユーザー登録]
[ADMIN] 15:37:35.432936 シナリオ走行を終了しました [シナリオ名: 新規ユーザー登録]
[ADMIN] 15:37:35.432951 シナリオ走行を開始しました [シナリオ名: 新規ユーザー登録]
[ADMIN] 15:37:35.433381 シナリオ走行を終了しました [シナリオ名: 新規ユーザー登録]
[ADMIN] 15:37:35.433393 シナリオ走行を開始しました [シナリオ名: 新規ユーザー登録]
[ADMIN] 15:37:35.434450 シナリオ走行を終了しました [シナリオ名: 新規ユーザー登録]
[ADMIN] 15:37:35.434463 シナリオ走行を開始しました [シナリオ名: 新規ユーザー登録]
[ADMIN] 15:37:35.434486 シナリオ走行を終了しました [シナリオ名: 新規ユーザー登録]
[ADMIN] 15:37:35.434497 シナリオ走行を開始しました [シナリオ名: 新規ユーザー登録]
[ADMIN] 15:37:35.435240 シナリオ走行を終了しました [シナリオ名: 新規ユーザー登録]
[ADMIN] 15:37:35.435254 シナリオ走行を開始しました [シナリオ名: 新規ユーザー登録]
[ADMIN] 15:37:35.435932 シナリオ走行を終了しました [シナリオ名: 新規ユーザー登録]
[ADMIN] 15:37:35.435963 シナリオ走行を終了しました [シナリオ名: 新規ユーザー登録]
[ADMIN] 15:37:35.435976 シナリオ走行を開始しました [シナリオ名: 新規ユーザー登録]
[ADMIN] 15:37:35.435977 シナリオ走行を開始しました [シナリオ名: 新規ユーザー登録]
[ADMIN] 15:37:35.436815 シナリオ走行を終了しました [シナリオ名: 新規ユーザー登録]
[ADMIN] 15:37:35.436829 シナリオ走行を開始しました [シナリオ名: 新規ユーザー登録]
[ADMIN] 15:37:35.437707 シナリオ走行を終了しました [シナリオ名: 新規ユーザー登録]
[ADMIN] 15:37:35.437724 シナリオ走行を開始しました [シナリオ名: 新規ユーザー登録]
[ADMIN] 15:37:35.441588 シナリオ走行を終了しました [シナリオ名: 新規ユーザー登録]
[ADMIN] 15:37:35.441601 シナリオ走行を開始しました [シナリオ名: 新規ユーザー登録]
[ADMIN] 15:37:35.442466 シナリオ走行を終了しました [シナリオ名: 新規ユーザー登録]
[ADMIN] 15:37:35.442479 シナリオ走行を開始しました [シナリオ名: 新規ユーザー登録]
[ADMIN] 15:37:35.443128 シナリオ走行を終了しました [シナリオ名: 新規ユーザー登録]
[ADMIN] 15:37:35.443139 シナリオ走行を終了しました [シナリオ名: 新規ユーザー登録]
[ADMIN] 15:37:35.443146 シナリオ走行を開始しました [シナリオ名: 新規ユーザー登録]
[ADMIN] 15:37:35.443149 シナリオ走行を開始しました [シナリオ名: 新規ユーザー登録]
[ADMIN] 15:37:35.443923 シナリオ走行を終了しました [シナリオ名: 新規ユーザー登録]
[ADMIN] 15:37:35.443934 シナリオ走行を開始しました [シナリオ名: 新規ユーザー登録]
[ADMIN] 15:37:35.444717 シナリオ走行を終了しました [シナリオ名: 新規ユーザー登録]
[ADMIN] 15:37:35.444730 シナリオ走行を開始しました [シナリオ名: 新規ユーザー登録]
[ADMIN] 15:37:35.444742 シナリオ走行を終了しました [シナリオ名: 新規ユーザー登録]
[ADMIN] 15:37:35.444756 シナリオ走行を開始しました [シナリオ名: 新規ユーザー登録]
[ADMIN] 15:37:35.445341 シナリオ走行を終了しました [シナリオ名: 新規ユーザー登録]
[ADMIN] 15:37:35.445354 シナリオ走行を開始しました [シナリオ名: 新規ユーザー登録]
[ADMIN] 15:37:35.446191 シナリオ走行を終了しました [シナリオ名: 新規ユーザー登録]
[ADMIN] 15:37:35.446206 シナリオ走行を開始しました [シナリオ名: 新規ユーザー登録]
[ADMIN] 15:37:35.446226 シナリオ走行を終了しました [シナリオ名: 新規ユーザー登録]
[ADMIN] 15:37:35.446239 シナリオ走行を開始しました [シナリオ名: 新規ユーザー登録]
[ADMIN] 15:37:35.446988 シナリオ走行を終了しました [シナリオ名: 新規ユーザー登録]
[ADMIN] 15:37:35.447001 シナリオ走行を開始しました [シナリオ名: 新規ユーザー登録]
[ADMIN] 15:37:35.447482 シナリオ走行を終了しました [シナリオ名: 新規ユーザー登録]
[ADMIN] 15:37:35.447495 シナリオ走行を開始しました [シナリオ名: 新規ユーザー登録]
[ADMIN] 15:37:35.448020 シナリオ走行を終了しました [シナリオ名: 新規ユーザー登録]
[ADMIN] 15:37:35.448033 シナリオ走行を開始しました [シナリオ名: 新規ユーザー登録]
[ADMIN] 15:37:35.448727 シナリオ走行を終了しました [シナリオ名: 新規ユーザー登録]
[ADMIN] 15:37:35.448741 シナリオ走行を開始しました [シナリオ名: 新規ユーザー登録]
[ADMIN] 15:37:35.449132 シナリオ走行を終了しました [シナリオ名: 新規ユーザー登録]
[ADMIN] 15:37:35.449147 シナリオ走行を開始しました [シナリオ名: 新規ユーザー登録]
[ADMIN] 15:37:35.449975 シナリオ走行を終了しました [シナリオ名: 新規ユーザー登録]
[ADMIN] 15:37:35.449989 シナリオ走行を開始しました [シナリオ名: 新規ユーザー登録]
[ADMIN] 15:37:35.450587 シナリオ走行を終了しました [シナリオ名: 新規ユーザー登録]
[ADMIN] 15:37:35.450601 シナリオ走行を開始しました [シナリオ名: 新規ユーザー登録]
[ADMIN] 15:37:35.451028 シナリオ走行を終了しました [シナリオ名: 新規ユーザー登録]
[ADMIN] 15:37:35.451043 シナリオ走行を開始しました [シナリオ名: 新規ユーザー登録]
[ADMIN] 15:37:35.451598 シナリオ走行を終了しました [シナリオ名: 新規ユーザー登録]
[ADMIN] 15:37:35.451612 シナリオ走行を開始しました [シナリオ名: 新規ユーザー登録]
[ADMIN] 15:37:35.452553 シナリオ走行を終了しました [シナリオ名: 新規ユーザー登録]
[ADMIN] 15:37:35.452568 シナリオ走行を開始しました [シナリオ名: 新規ユーザー登録]
[ADMIN] 15:37:35.453708 シナリオ走行を終了しました [シナリオ名: 新規ユーザー登録]
[ADMIN] 15:37:35.453721 シナリオ走行を開始しました [シナリオ名: 新規ユーザー登録]
[ADMIN] 15:37:35.453869 シナリオ走行を終了しました [シナリオ名: 新規ユーザー登録]
[ADMIN] 15:37:35.453886 シナリオ走行を開始しました [シナリオ名: 新規ユーザー登録]
[ADMIN] 15:37:35.454211 シナリオ走行を終了しました [シナリオ名: 新規ユーザー登録]
[ADMIN] 15:37:35.454233 シナリオ走行を開始しました [シナリオ名: 新規ユーザー登録]
[ADMIN] 15:37:35.455972 シナリオ走行を終了しました [シナリオ名: 新規ユーザー登録]
[ADMIN] 15:37:35.455987 シナリオ走行を開始しました [シナリオ名: 新規ユーザー登録]
[ADMIN] 15:37:35.456078 シナリオ走行を終了しました [シナリオ名: 新規ユーザー登録]
[ADMIN] 15:37:35.456081 シナリオ走行を終了しました [シナリオ名: 新規ユーザー登録]
[ADMIN] 15:37:35.456093 シナリオ走行を開始しました [シナリオ名: 新規ユーザー登録]
[ADMIN] 15:37:35.456099 シナリオ走行を開始しました [シナリオ名: 新規ユーザー登録]
[ADMIN] 15:37:35.457529 シナリオ走行を終了しました [シナリオ名: 新規ユーザー登録]
[ADMIN] 15:37:35.457543 シナリオ走行を開始しました [シナリオ名: 新規ユーザー登録]
[ADMIN] 15:37:35.458395 シナリオ走行を終了しました [シナリオ名: 新規ユーザー登録]
[ADMIN] 15:37:35.458408 シナリオ走行を開始しました [シナリオ名: 新規ユーザー登録]
[ADMIN] 15:37:35.459565 シナリオ走行を終了しました [シナリオ名: 新規ユーザー登録]
[ADMIN] 15:37:35.459579 シナリオ走行を開始しました [シナリオ名: 新規ユーザー登録]
[ADMIN] 15:37:35.460344 シナリオ走行を終了しました [シナリオ名: 新規ユーザー登録]
[ADMIN] 15:37:35.460354 シナリオ走行を開始しました [シナリオ名: 新規ユーザー登録]
[ADMIN] 15:37:35.461016 シナリオ走行を終了しました [シナリオ名: 新規ユーザー登録]
[ADMIN] 15:37:35.461901 シナリオ走行を終了しました [シナリオ名: 新規ユーザー登録]
[ADMIN] 15:37:35.461916 シナリオ走行を開始しました [シナリオ名: 新規ユーザー登録]
[ADMIN] 15:37:35.461974 シナリオ走行を開始しました [シナリオ名: 新規ユーザー登録]
[ADMIN] 15:37:35.462345 シナリオ走行を終了しました [シナリオ名: 新規ユーザー登録]
[ADMIN] 15:37:35.462360 シナリオ走行を開始しました [シナリオ名: 新規ユーザー登録]
[ADMIN] 15:37:35.463381 シナリオ走行を終了しました [シナリオ名: 新規ユーザー登録]
[ADMIN] 15:37:35.463395 シナリオ走行を開始しました [シナリオ名: 新規ユーザー登録]
[ADMIN] 15:37:35.463779 シナリオ走行を終了しました [シナリオ名: 新規ユーザー登録]
[ADMIN] 15:37:35.463789 シナリオ走行を開始しました [シナリオ名: 新規ユーザー登録]
[ADMIN] 15:37:35.464155 シナリオ走行を終了しました [シナリオ名: 新規ユーザー登録]
[ADMIN] 15:37:35.464167 シナリオ走行を開始しました [シナリオ名: 新規ユーザー登録]
[ADMIN] 15:37:35.465101 シナリオ走行を終了しました [シナリオ名: 新規ユーザー登録]
[ADMIN] 15:37:35.465111 シナリオ走行を開始しました [シナリオ名: 新規ユーザー登録]
[ADMIN] 15:37:35.465525 シナリオ走行を終了しました [シナリオ名: 新規ユーザー登録]
[ADMIN] 15:37:35.465541 シナリオ走行を開始しました [シナリオ名: 新規ユーザー登録]
[ADMIN] 15:37:35.465930 シナリオ走行を終了しました [シナリオ名: 新規ユーザー登録]
[ADMIN] 15:37:35.465944 シナリオ走行を開始しました [シナリオ名: 新規ユーザー登録]
[ADMIN] 15:37:35.466727 シナリオ走行を終了しました [シナリオ名: 新規ユーザー登録]
[ADMIN] 15:37:35.466742 シナリオ走行を開始しました [シナリオ名: 新規ユーザー登録]
[ADMIN] 15:37:35.467223 シナリオ走行を終了しました [シナリオ名: 新規ユーザー登録]
[ADMIN] 15:37:35.467233 シナリオ走行を開始しました [シナリオ名: 新規ユーザー登録]
[ADMIN] 15:37:35.467816 シナリオ走行を終了しました [シナリオ名: 新規ユーザー登録]
[ADMIN] 15:37:35.467829 シナリオ走行を開始しました [シナリオ名: 新規ユーザー登録]
[ADMIN] 15:37:35.468307 シナリオ走行を終了しました [シナリオ名: 新規ユーザー登録]
[ADMIN] 15:37:35.468320 シナリオ走行を開始しました [シナリオ名: 新規ユーザー登録]
[ADMIN] 15:37:35.468812 シナリオ走行を終了しました [シナリオ名: 新規ユーザー登録]
[ADMIN] 15:37:35.468827 シナリオ走行を開始しました [シナリオ名: 新規ユーザー登録]
[ADMIN] 15:37:35.469372 シナリオ走行を終了しました [シナリオ名: 新規ユーザー登録]
[ADMIN] 15:37:35.469387 シナリオ走行を開始しました [シナリオ名: 新規ユーザー登録]
[ADMIN] 15:37:35.470554 シナリオ走行を終了しました [シナリオ名: 新規ユーザー登録]
[ADMIN] 15:37:35.470567 シナリオ走行を開始しました [シナリオ名: 新規ユーザー登録]
[ADMIN] 15:37:35.470956 シナリオ走行を終了しました [シナリオ名: 新規ユーザー登録]
[ADMIN] 15:37:35.470970 シナリオ走行を開始しました [シナリオ名: 新規ユーザー登録]
[ADMIN] 15:37:35.471336 シナリオ走行を終了しました [シナリオ名: 新規ユーザー登録]
[ADMIN] 15:37:35.471349 シナリオ走行を開始しました [シナリオ名: 新規ユーザー登録]
[ADMIN] 15:37:35.472763 シナリオ走行を終了しました [シナリオ名: 新規ユーザー登録]
[ADMIN] 15:37:35.472778 シナリオ走行を開始しました [シナリオ名: 新規ユーザー登録]
[ADMIN] 15:37:35.473159 シナリオ走行を終了しました [シナリオ名: 新規ユーザー登録]
[ADMIN] 15:37:35.473175 シナリオ走行を開始しました [シナリオ名: 新規ユーザー登録]
[ADMIN] 15:37:35.473598 シナリオ走行を終了しました [シナリオ名: 新規ユーザー登録]
[ADMIN] 15:37:35.473612 シナリオ走行を開始しました [シナリオ名: 新規ユーザー登録]
[ADMIN] 15:37:35.474269 シナリオ走行を終了しました [シナリオ名: 新規ユーザー登録]
[ADMIN] 15:37:35.474283 シナリオ走行を開始しました [シナリオ名: 新規ユーザー登録]
[ADMIN] 15:37:35.474940 シナリオ走行を終了しました [シナリオ名: 新規ユーザー登録]
[ADMIN] 15:37:35.474954 シナリオ走行を開始しました [シナリオ名: 新規ユーザー登録]
[ADMIN] 15:37:35.475505 シナリオ走行を終了しました [シナリオ名: 新規ユーザー登録]
[ADMIN] 15:37:35.475516 シナリオ走行を開始しました [シナリオ名: 新規ユーザー登録]
[ADMIN] 15:37:35.476576 シナリオ走行を終了しました [シナリオ名: 新規ユーザー登録]
[ADMIN] 15:37:35.476590 シナリオ走行を開始しました [シナリオ名: 新規ユーザー登録]
[ADMIN] 15:37:35.477030 シナリオ走行を終了しました [シナリオ名: 新規ユーザー登録]
[ADMIN] 15:37:35.477044 シナリオ走行を開始しました [シナリオ名: 新規ユーザー登録]
[ADMIN] 15:37:35.477725 シナリオ走行を終了しました [シナリオ名: 新規ユーザー登録]
[ADMIN] 15:37:35.477738 シナリオ走行を開始しました [シナリオ名: 新規ユーザー登録]
[ADMIN] 15:37:35.478223 シナリオ走行を終了しました [シナリオ名: 新規ユーザー登録]
[ADMIN] 15:37:35.478238 シナリオ走行を開始しました [シナリオ名: 新規ユーザー登録]
[ADMIN] 15:37:35.478820 シナリオ走行を終了しました [シナリオ名: 新規ユーザー登録]
[ADMIN] 15:37:35.478833 シナリオ走行を開始しました [シナリオ名: 新規ユーザー登録]
[ADMIN] 15:37:35.479195 シナリオ走行を終了しました [シナリオ名: 新規ユーザー登録]
[ADMIN] 15:37:35.479208 シナリオ走行を開始しました [シナリオ名: 新規ユーザー登録]
[ADMIN] 15:37:35.480073 シナリオ走行を終了しました [シナリオ名: 新規ユーザー登録]
[ADMIN] 15:37:35.480087 シナリオ走行を開始しました [シナリオ名: 新規ユーザー登録]
[ADMIN] 15:37:35.480411 シナリオ走行を終了しました [シナリオ名: 新規ユーザー登録]
[ADMIN] 15:37:35.480421 シナリオ走行を開始しました [シナリオ名: 新規ユーザー登録]
[ADMIN] 15:37:35.481434 シナリオ走行を終了しました [シナリオ名: 新規ユーザー登録]
[ADMIN] 15:37:35.481446 シナリオ走行を開始しました [シナリオ名: 新規ユーザー登録]
[ADMIN] 15:37:35.482926 シナリオ走行を終了しました [シナリオ名: 新規ユーザー登録]
[ADMIN] 15:37:35.482942 シナリオ走行を開始しました [シナリオ名: 新規ユーザー登録]
[ADMIN] 15:37:35.483328 シナリオ走行を終了しました [シナリオ名: 新規ユーザー登録]
[ADMIN] 15:37:35.483340 シナリオ走行を開始しました [シナリオ名: 新規ユーザー登録]
[ADMIN] 15:37:35.483836 シナリオ走行を終了しました [シナリオ名: 新規ユーザー登録]
[ADMIN] 15:37:35.483848 シナリオ走行を開始しました [シナリオ名: 新規ユーザー登録]
[ADMIN] 15:37:35.484542 シナリオ走行を終了しました [シナリオ名: 新規ユーザー登録]
[ADMIN] 15:37:35.484556 シナリオ走行を開始しました [シナリオ名: 新規ユーザー登録]
[ADMIN] 15:37:35.485034 シナリオ走行を終了しました [シナリオ名: 新規ユーザー登録]
[ADMIN] 15:37:35.485053 シナリオ走行を開始しました [シナリオ名: 新規ユーザー登録]
[ADMIN] 15:37:35.488442 シナリオ走行を終了しました [シナリオ名: 新規ユーザー登録]
[ADMIN] 15:37:35.488454 シナリオ走行を開始しました [シナリオ名: 新規ユーザー登録]
[ADMIN] 15:37:35.488794 シナリオ走行を終了しました [シナリオ名: 新規ユーザー登録]
[ADMIN] 15:37:35.488809 シナリオ走行を開始しました [シナリオ名: 新規ユーザー登録]
[ADMIN] 15:37:35.489276 シナリオ走行を終了しました [シナリオ名: 新規ユーザー登録]
[ADMIN] 15:37:35.489288 シナリオ走行を開始しました [シナリオ名: 新規ユーザー登録]
[ADMIN] 15:37:35.490007 シナリオ走行を終了しました [シナリオ名: 新規ユーザー登録]
[ADMIN] 15:37:35.490019 シナリオ走行を開始しました [シナリオ名: 新規ユーザー登録]
[ADMIN] 15:37:35.490633 シナリオ走行を終了しました [シナリオ名: 新規ユーザー登録]
[ADMIN] 15:37:35.490650 シナリオ走行を開始しました [シナリオ名: 新規ユーザー登録]
[ADMIN] 15:37:35.491171 シナリオ走行を終了しました [シナリオ名: 新規ユーザー登録]
[ADMIN] 15:37:35.491184 シナリオ走行を開始しました [シナリオ名: 新規ユーザー登録]
[ADMIN] 15:37:35.491782 シナリオ走行を終了しました [シナリオ名: 新規ユーザー登録]
[ADMIN] 15:37:35.491794 シナリオ走行を開始しました [シナリオ名: 新規ユーザー登録]
[ADMIN] 15:37:35.492974 シナリオ走行を終了しました [シナリオ名: 新規ユーザー登録]
[ADMIN] 15:37:35.492989 シナリオ走行を開始しました [シナリオ名: 新規ユーザー登録]
[ADMIN] 15:37:35.493360 シナリオ走行を終了しました [シナリオ名: 新規ユーザー登録]
[ADMIN] 15:37:35.493372 シナリオ走行を開始しました [シナリオ名: 新規ユーザー登録]
[ADMIN] 15:37:35.493706 シナリオ走行を終了しました [シナリオ名: 新規ユーザー登録]
[ADMIN] 15:37:35.493721 シナリオ走行を開始しました [シナリオ名: 新規ユーザー登録]
[ADMIN] 15:37:35.499021 シナリオ走行を終了しました [シナリオ名: 新規ユーザー登録]
[ADMIN] 15:37:35.499042 シナリオ走行を開始しました [シナリオ名: 新規ユーザー登録]
[ADMIN] 15:37:35.499171 シナリオ走行を終了しました [シナリオ名: 新規ユーザー登録]
[ADMIN] 15:37:35.499187 シナリオ走行を開始しました [シナリオ名: 新規ユーザー登録]
[ADMIN] 15:37:35.499245 シナリオ走行を終了しました [シナリオ名: 新規ユーザー登録]
[ADMIN] 15:37:35.499287 シナリオ走行を開始しました [シナリオ名: 新規ユーザー登録]
[ADMIN] 15:37:35.501056 シナリオ走行を終了しました [シナリオ名: 新規ユーザー登録]
[ADMIN] 15:37:35.501116 シナリオ走行を開始しました [シナリオ名: 新規ユーザー登録]
[ADMIN] 15:37:35.501477 シナリオ走行を終了しました [シナリオ名: 新規ユーザー登録]
[ADMIN] 15:37:35.501497 シナリオ走行を開始しました [シナリオ名: 新規ユーザー登録]
[ADMIN] 15:37:35.501836 シナリオ走行を終了しました [シナリオ名: 新規ユーザー登録]
[ADMIN] 15:37:35.501860 シナリオ走行を開始しました [シナリオ名: 新規ユーザー登録]
[ADMIN] 15:37:35.506501 シナリオ走行を終了しました [シナリオ名: 新規ユーザー登録]
[ADMIN] 15:37:35.506523 シナリオ走行を開始しました [シナリオ名: 新規ユーザー登録]
[ADMIN] 15:37:35.507116 シナリオ走行を終了しました [シナリオ名: 新規ユーザー登録]
[ADMIN] 15:37:35.507142 シナリオ走行を開始しました [シナリオ名: 新規ユーザー登録]
[ADMIN] 15:37:35.507161 シナリオ走行を終了しました [シナリオ名: 新規ユーザー登録]
[ADMIN] 15:37:35.507176 シナリオ走行を開始しました [シナリオ名: 新規ユーザー登録]
[ADMIN] 15:37:35.511807 シナリオ走行を終了しました [シナリオ名: 新規ユーザー登録]
[ADMIN] 15:37:35.511825 シナリオ走行を開始しました [シナリオ名: 新規ユーザー登録]
[ADMIN] 15:37:35.512174 シナリオ走行を終了しました [シナリオ名: 新規ユーザー登録]
[ADMIN] 15:37:35.512190 シナリオ走行を開始しました [シナリオ名: 新規ユーザー登録]
[ADMIN] 15:37:35.514548 シナリオ走行を終了しました [シナリオ名: 新規ユーザー登録]
[ADMIN] 15:37:35.514563 シナリオ走行を開始しました [シナリオ名: 新規ユーザー登録]
[ADMIN] 15:37:35.515182 シナリオ走行を終了しました [シナリオ名: 新規ユーザー登録]
[ADMIN] 15:37:35.515196 シナリオ走行を開始しました [シナリオ名: 新規ユーザー登録]
[ADMIN] 15:37:35.516835 シナリオ走行を終了しました [シナリオ名: 新規ユーザー登録]
[ADMIN] 15:37:35.516853 シナリオ走行を開始しました [シナリオ名: 新規ユーザー登録]
[ADMIN] 15:37:35.517331 シナリオ走行を終了しました [シナリオ名: 新規ユーザー登録]
[ADMIN] 15:37:35.517343 シナリオ走行を開始しました [シナリオ名: 新規ユーザー登録]
[ADMIN] 15:37:35.518304 シナリオ走行を終了しました [シナリオ名: 新規ユーザー登録]
[ADMIN] 15:37:35.518318 シナリオ走行を開始しました [シナリオ名: 新規ユーザー登録]
[ADMIN] 15:37:35.518453 シナリオ走行を終了しました [シナリオ名: 新規ユーザー登録]
[ADMIN] 15:37:35.518463 シナリオ走行を開始しました [シナリオ名: 新規ユーザー登録]
[ADMIN] 15:37:35.518948 シナリオ走行を終了しました [シナリオ名: 新規ユーザー登録]
[ADMIN] 15:37:35.518962 シナリオ走行を開始しました [シナリオ名: 新規ユーザー登録]
[ADMIN] 15:37:35.519452 シナリオ走行を終了しました [シナリオ名: 新規ユーザー登録]
[ADMIN] 15:37:35.519466 シナリオ走行を開始しました [シナリオ名: 新規ユーザー登録]
[ADMIN] 15:37:35.519645 シナリオ走行を終了しました [シナリオ名: 新規ユーザー登録]
[ADMIN] 15:37:35.519658 シナリオ走行を開始しました [シナリオ名: 新規ユーザー登録]
[ADMIN] 15:37:35.522501 シナリオ走行を終了しました [シナリオ名: 新規ユーザー登録]
[ADMIN] 15:37:35.522513 シナリオ走行を開始しました [シナリオ名: 新規ユーザー登録]
[ADMIN] 15:37:35.523247 シナリオ走行を終了しました [シナリオ名: 新規ユーザー登録]
[ADMIN] 15:37:35.523262 シナリオ走行を開始しました [シナリオ名: 新規ユーザー登録]
[ADMIN] 15:37:35.523404 シナリオ走行を終了しました [シナリオ名: 新規ユーザー登録]
[ADMIN] 15:37:35.523427 シナリオ走行を開始しました [シナリオ名: 新規ユーザー登録]
[ADMIN] 15:37:35.531665 シナリオ走行を終了しました [シナリオ名: 新規ユーザー登録]
[ADMIN] 15:37:35.531681 シナリオ走行を開始しました [シナリオ名: 新規ユーザー登録]
[ADMIN] 15:37:35.532024 シナリオ走行を終了しました [シナリオ名: 新規ユーザー登録]
[ADMIN] 15:37:35.532038 シナリオ走行を開始しました [シナリオ名: 新規ユーザー登録]
[ADMIN] 15:37:35.532443 シナリオ走行を終了しました [シナリオ名: 新規ユーザー登録]
[ADMIN] 15:37:35.532457 シナリオ走行を開始しました [シナリオ名: 新規ユーザー登録]
[ADMIN] 15:37:35.534016 シナリオ走行を終了しました [シナリオ名: 新規ユーザー登録]
[ADMIN] 15:37:35.534028 シナリオ走行を開始しました [シナリオ名: 新規ユーザー登録]
[ADMIN] 15:37:35.534416 シナリオ走行を終了しました [シナリオ名: 新規ユーザー登録]
[ADMIN] 15:37:35.534432 シナリオ走行を開始しました [シナリオ名: 新規ユーザー登録]
[ADMIN] 15:37:35.538437 シナリオ走行を終了しました [シナリオ名: 新規ユーザー登録]
[ADMIN] 15:37:35.538450 シナリオ走行を開始しました [シナリオ名: 新規ユーザー登録]
[ADMIN] 15:37:35.538890 シナリオ走行を終了しました [シナリオ名: 新規ユーザー登録]
[ADMIN] 15:37:35.538905 シナリオ走行を開始しました [シナリオ名: 新規ユーザー登録]
[ADMIN] 15:37:35.540639 シナリオ走行を終了しました [シナリオ名: 新規ユーザー登録]
[ADMIN] 15:37:35.540654 シナリオ走行を開始しました [シナリオ名: 新規ユーザー登録]
[ADMIN] 15:37:35.541219 シナリオ走行を終了しました [シナリオ名: 新規ユーザー登録]
[ADMIN] 15:37:35.541234 シナリオ走行を開始しました [シナリオ名: 新規ユーザー登録]
[ADMIN] 15:37:35.541863 シナリオ走行を終了しました [シナリオ名: 新規ユーザー登録]
[ADMIN] 15:37:35.541876 シナリオ走行を開始しました [シナリオ名: 新規ユーザー登録]
[ADMIN] 15:37:35.543084 シナリオ走行を終了しました [シナリオ名: 新規ユーザー登録]
[ADMIN] 15:37:35.543095 シナリオ走行を開始しました [シナリオ名: 新規ユーザー登録]
[ADMIN] 15:37:35.544063 シナリオ走行を終了しました [シナリオ名: 新規ユーザー登録]
[ADMIN] 15:37:35.544077 シナリオ走行を開始しました [シナリオ名: 新規ユーザー登録]
[ADMIN] 15:37:35.544459 シナリオ走行を終了しました [シナリオ名: 新規ユーザー登録]
[ADMIN] 15:37:35.544470 シナリオ走行を開始しました [シナリオ名: 新規ユーザー登録]
[ADMIN] 15:37:35.545315 シナリオ走行を終了しました [シナリオ名: 新規ユーザー登録]
[ADMIN] 15:37:35.545325 シナリオ走行を開始しました [シナリオ名: 新規ユーザー登録]
[ADMIN] 15:37:35.545589 シナリオ走行を終了しました [シナリオ名: 新規ユーザー登録]
[ADMIN] 15:37:35.545604 シナリオ走行を開始しました [シナリオ名: 新規ユーザー登録]
[ADMIN] 15:37:35.549390 シナリオ走行を終了しました [シナリオ名: 新規ユーザー登録]
[ADMIN] 15:37:35.549405 シナリオ走行を開始しました [シナリオ名: 新規ユーザー登録]
[ADMIN] 15:37:35.549798 シナリオ走行を終了しました [シナリオ名: 新規ユーザー登録]
[ADMIN] 15:37:35.549810 シナリオ走行を開始しました [シナリオ名: 新規ユーザー登録]
[ADMIN] 15:37:35.550597 シナリオ走行を終了しました [シナリオ名: 新規ユーザー登録]
[ADMIN] 15:37:35.550610 シナリオ走行を開始しました [シナリオ名: 新規ユーザー登録]
[ADMIN] 15:37:35.551007 シナリオ走行を終了しました [シナリオ名: 新規ユーザー登録]
[ADMIN] 15:37:35.551021 シナリオ走行を開始しました [シナリオ名: 新規ユーザー登録]
[ADMIN] 15:37:35.551603 シナリオ走行を終了しました [シナリオ名: 新規ユーザー登録]
[ADMIN] 15:37:35.551615 シナリオ走行を開始しました [シナリオ名: 新規ユーザー登録]
[ADMIN] 15:37:35.552192 シナリオ走行を終了しました [シナリオ名: 新規ユーザー登録]
[ADMIN] 15:37:35.552207 シナリオ走行を開始しました [シナリオ名: 新規ユーザー登録]
[ADMIN] 15:37:35.559568 シナリオ走行を終了しました [シナリオ名: 新規ユーザー登録]
[ADMIN] 15:37:35.559581 シナリオ走行を開始しました [シナリオ名: 新規ユーザー登録]
[ADMIN] 15:37:35.559808 シナリオ走行を終了しました [シナリオ名: 新規ユーザー登録]
[ADMIN] 15:37:35.559823 シナリオ走行を開始しました [シナリオ名: 新規ユーザー登録]
[ADMIN] 15:37:35.560283 シナリオ走行を終了しました [シナリオ名: 新規ユーザー登録]
[ADMIN] 15:37:35.560297 シナリオ走行を開始しました [シナリオ名: 新規ユーザー登録]
[ADMIN] 15:37:35.561018 シナリオ走行を終了しました [シナリオ名: 新規ユーザー登録]
[ADMIN] 15:37:35.561030 シナリオ走行を開始しました [シナリオ名: 新規ユーザー登録]
[ADMIN] 15:37:35.564745 シナリオ走行を終了しました [シナリオ名: 新規ユーザー登録]
[ADMIN] 15:37:35.564759 シナリオ走行を開始しました [シナリオ名: 新規ユーザー登録]
[ADMIN] 15:37:35.565000 シナリオ走行を終了しました [シナリオ名: 新規ユーザー登録]
[ADMIN] 15:37:35.565012 シナリオ走行を開始しました [シナリオ名: 新規ユーザー登録]
[ADMIN] 15:37:35.565291 シナリオ走行を終了しました [シナリオ名: 新規ユーザー登録]
[ADMIN] 15:37:35.565307 シナリオ走行を開始しました [シナリオ名: 新規ユーザー登録]
[ADMIN] 15:37:35.566342 シナリオ走行を終了しました [シナリオ名: 新規ユーザー登録]
[ADMIN] 15:37:35.566357 シナリオ走行を開始しました [シナリオ名: 新規ユーザー登録]
[ADMIN] 15:37:35.566573 シナリオ走行を終了しました [シナリオ名: 新規ユーザー登録]
[ADMIN] 15:37:35.566585 シナリオ走行を開始しました [シナリオ名: 新規ユーザー登録]
[ADMIN] 15:37:35.566858 シナリオ走行を終了しました [シナリオ名: 新規ユーザー登録]
[ADMIN] 15:37:35.566871 シナリオ走行を開始しました [シナリオ名: 新規ユーザー登録]
[ADMIN] 15:37:35.567857 シナリオ走行を終了しました [シナリオ名: 新規ユーザー登録]
[ADMIN] 15:37:35.567871 シナリオ走行を開始しました [シナリオ名: 新規ユーザー登録]
[ADMIN] 15:37:35.568269 シナリオ走行を終了しました [シナリオ名: 新規ユーザー登録]
[ADMIN] 15:37:35.568284 シナリオ走行を開始しました [シナリオ名: 新規ユーザー登録]
[ADMIN] 15:37:35.568713 シナリオ走行を終了しました [シナリオ名: 新規ユーザー登録]
[ADMIN] 15:37:35.568726 シナリオ走行を開始しました [シナリオ名: 新規ユーザー登録]
[ADMIN] 15:37:35.570965 シナリオ走行を終了しました [シナリオ名: 新規ユーザー登録]
[ADMIN] 15:37:35.570978 シナリオ走行を開始しました [シナリオ名: 新規ユーザー登録]
[ADMIN] 15:37:35.571367 シナリオ走行を終了しました [シナリオ名: 新規ユーザー登録]
[ADMIN] 15:37:35.571382 シナリオ走行を開始しました [シナリオ名: 新規ユーザー登録]
[ADMIN] 15:37:35.574363 シナリオ走行を終了しました [シナリオ名: 新規ユーザー登録]
[ADMIN] 15:37:35.574375 シナリオ走行を開始しました [シナリオ名: 新規ユーザー登録]
[ADMIN] 15:37:35.575660 シナリオ走行を終了しました [シナリオ名: 新規ユーザー登録]
[ADMIN] 15:37:35.575674 シナリオ走行を開始しました [シナリオ名: 新規ユーザー登録]
[ADMIN] 15:37:35.576060 シナリオ走行を終了しました [シナリオ名: 新規ユーザー登録]
[ADMIN] 15:37:35.576071 シナリオ走行を開始しました [シナリオ名: 新規ユーザー登録]
[ADMIN] 15:37:35.576692 シナリオ走行を終了しました [シナリオ名: 新規ユーザー登録]
[ADMIN] 15:37:35.576704 シナリオ走行を開始しました [シナリオ名: 新規ユーザー登録]
[ADMIN] 15:37:35.578060 シナリオ走行を終了しました [シナリオ名: 新規ユーザー登録]
[ADMIN] 15:37:35.578073 シナリオ走行を開始しました [シナリオ名: 新規ユーザー登録]
[ADMIN] 15:37:35.578282 シナリオ走行を終了しました [シナリオ名: 新規ユーザー登録]
[ADMIN] 15:37:35.578294 シナリオ走行を開始しました [シナリオ名: 新規ユーザー登録]
[ADMIN] 15:37:35.579499 シナリオ走行を終了しました [シナリオ名: 新規ユーザー登録]
[ADMIN] 15:37:35.579511 シナリオ走行を開始しました [シナリオ名: 新規ユーザー登録]
[ADMIN] 15:37:35.579751 シナリオ走行を終了しました [シナリオ名: 新規ユーザー登録]
[ADMIN] 15:37:35.579777 シナリオ走行を開始しました [シナリオ名: 新規ユーザー登録]
[ADMIN] 15:37:35.580371 シナリオ走行を終了しました [シナリオ名: 新規ユーザー登録]
[ADMIN] 15:37:35.580384 シナリオ走行を開始しました [シナリオ名: 新規ユーザー登録]
[ADMIN] 15:37:35.581571 シナリオ走行を終了しました [シナリオ名: 新規ユーザー登録]
[ADMIN] 15:37:35.581586 シナリオ走行を開始しました [シナリオ名: 新規ユーザー登録]
[ADMIN] 15:37:35.584469 シナリオ走行を終了しました [シナリオ名: 新規ユーザー登録]
[ADMIN] 15:37:35.584485 シナリオ走行を開始しました [シナリオ名: 新規ユーザー登録]
[ADMIN] 15:37:35.586522 シナリオ走行を終了しました [シナリオ名: 新規ユーザー登録]
[ADMIN] 15:37:35.586535 シナリオ走行を開始しました [シナリオ名: 新規ユーザー登録]
[ADMIN] 15:37:35.597204 シナリオ走行を終了しました [シナリオ名: 新規ユーザー登録]
[ADMIN] 15:37:35.597220 シナリオ走行を開始しました [シナリオ名: 新規ユーザー登録]
[ADMIN] 15:37:35.597455 シナリオ走行を終了しました [シナリオ名: 新規ユーザー登録]
[ADMIN] 15:37:35.597471 シナリオ走行を開始しました [シナリオ名: 新規ユーザー登録]
[ADMIN] 15:37:35.597917 シナリオ走行を終了しました [シナリオ名: 新規ユーザー登録]
[ADMIN] 15:37:35.597931 シナリオ走行を開始しました [シナリオ名: 新規ユーザー登録]
[ADMIN] 15:37:35.599293 シナリオ走行を終了しました [シナリオ名: 新規ユーザー登録]
[ADMIN] 15:37:35.599306 シナリオ走行を開始しました [シナリオ名: 新規ユーザー登録]
[ADMIN] 15:37:35.599517 シナリオ走行を終了しました [シナリオ名: 新規ユーザー登録]
[ADMIN] 15:37:35.599530 シナリオ走行を開始しました [シナリオ名: 新規ユーザー登録]
[ADMIN] 15:37:35.600072 シナリオ走行を終了しました [シナリオ名: 新規ユーザー登録]
[ADMIN] 15:37:35.600084 シナリオ走行を開始しました [シナリオ名: 新規ユーザー登録]
[ADMIN] 15:37:35.601207 シナリオ走行を終了しました [シナリオ名: 新規ユーザー登録]
[ADMIN] 15:37:35.601221 シナリオ走行を開始しました [シナリオ名: 新規ユーザー登録]
[ADMIN] 15:37:35.601463 シナリオ走行を終了しました [シナリオ名: 新規ユーザー登録]
[ADMIN] 15:37:35.601473 シナリオ走行を開始しました [シナリオ名: 新規ユーザー登録]
[ADMIN] 15:37:35.601961 シナリオ走行を終了しました [シナリオ名: 新規ユーザー登録]
[ADMIN] 15:37:35.601975 シナリオ走行を開始しました [シナリオ名: 新規ユーザー登録]
[ADMIN] 15:37:35.603001 シナリオ走行を終了しました [シナリオ名: 新規ユーザー登録]
[ADMIN] 15:37:35.603013 シナリオ走行を開始しました [シナリオ名: 新規ユーザー登録]
[ADMIN] 15:37:35.604096 シナリオ走行を終了しました [シナリオ名: 新規ユーザー登録]
[ADMIN] 15:37:35.604110 シナリオ走行を開始しました [シナリオ名: 新規ユーザー登録]
[ADMIN] 15:37:35.608155 シナリオ走行を終了しました [シナリオ名: 新規ユーザー登録]
[ADMIN] 15:37:35.608171 シナリオ走行を開始しました [シナリオ名: 新規ユーザー登録]
[ADMIN] 15:37:35.608801 シナリオ走行を終了しました [シナリオ名: 新規ユーザー登録]
[ADMIN] 15:37:35.608815 シナリオ走行を開始しました [シナリオ名: 新規ユーザー登録]
[ADMIN] 15:37:35.609255 シナリオ走行を終了しました [シナリオ名: 新規ユーザー登録]
[ADMIN] 15:37:35.609264 シナリオ走行を開始しました [シナリオ名: 新規ユーザー登録]
[ADMIN] 15:37:35.611562 シナリオ走行を終了しました [シナリオ名: 新規ユーザー登録]
[ADMIN] 15:37:35.611576 シナリオ走行を開始しました [シナリオ名: 新規ユーザー登録]
[ADMIN] 15:37:35.611846 シナリオ走行を終了しました [シナリオ名: 新規ユーザー登録]
[ADMIN] 15:37:35.611859 シナリオ走行を開始しました [シナリオ名: 新規ユーザー登録]
[ADMIN] 15:37:35.612235 シナリオ走行を終了しました [シナリオ名: 新規ユーザー登録]
[ADMIN] 15:37:35.612248 シナリオ走行を開始しました [シナリオ名: 新規ユーザー登録]
[ADMIN] 15:37:35.614026 シナリオ走行を終了しました [シナリオ名: 新規ユーザー登録]
[ADMIN] 15:37:35.614039 シナリオ走行を開始しました [シナリオ名: 新規ユーザー登録]
[ADMIN] 15:37:35.614465 シナリオ走行を終了しました [シナリオ名: 新規ユーザー登録]
[ADMIN] 15:37:35.614487 シナリオ走行を開始しました [シナリオ名: 新規ユーザー登録]
[ADMIN] 15:37:35.614869 シナリオ走行を終了しました [シナリオ名: 新規ユーザー登録]
[ADMIN] 15:37:35.614884 シナリオ走行を開始しました [シナリオ名: 新規ユーザー登録]
[ADMIN] 15:37:35.617112 シナリオ走行を終了しました [シナリオ名: 新規ユーザー登録]
[ADMIN] 15:37:35.617130 シナリオ走行を開始しました [シナリオ名: 新規ユーザー登録]
[ADMIN] 15:37:35.617159 シナリオ走行を終了しました [シナリオ名: 新規ユーザー登録]
[ADMIN] 15:37:35.617169 シナリオ走行を開始しました [シナリオ名: 新規ユーザー登録]
[ADMIN] 15:37:35.617188 シナリオ走行を終了しました [シナリオ名: 新規ユーザー登録]
[ADMIN] 15:37:35.617208 シナリオ走行を開始しました [シナリオ名: 新規ユーザー登録]
[ADMIN] 15:37:35.620129 シナリオ走行を終了しました [シナリオ名: 新規ユーザー登録]
[ADMIN] 15:37:35.620140 シナリオ走行を開始しました [シナリオ名: 新規ユーザー登録]
[ADMIN] 15:37:35.620437 シナリオ走行を終了しました [シナリオ名: 新規ユーザー登録]
[ADMIN] 15:37:35.620460 シナリオ走行を開始しました [シナリオ名: 新規ユーザー登録]
[ADMIN] 15:37:35.620917 シナリオ走行を終了しました [シナリオ名: 新規ユーザー登録]
[ADMIN] 15:37:35.620931 シナリオ走行を開始しました [シナリオ名: 新規ユーザー登録]
[ADMIN] 15:37:35.622116 シナリオ走行を終了しました [シナリオ名: 新規ユーザー登録]
[ADMIN] 15:37:35.622128 シナリオ走行を開始しました [シナリオ名: 新規ユーザー登録]
[ADMIN] 15:37:35.622498 シナリオ走行を終了しました [シナリオ名: 新規ユーザー登録]
[ADMIN] 15:37:35.622515 シナリオ走行を開始しました [シナリオ名: 新規ユーザー登録]
[ADMIN] 15:37:35.622918 シナリオ走行を終了しました [シナリオ名: 新規ユーザー登録]
[ADMIN] 15:37:35.622929 シナリオ走行を開始しました [シナリオ名: 新規ユーザー登録]
[ADMIN] 15:37:35.627026 シナリオ走行を終了しました [シナリオ名: 新規ユーザー登録]
[ADMIN] 15:37:35.627038 シナリオ走行を開始しました [シナリオ名: 新規ユーザー登録]
[ADMIN] 15:37:35.628681 シナリオ走行を終了しました [シナリオ名: 新規ユーザー登録]
[ADMIN] 15:37:35.628694 シナリオ走行を開始しました [シナリオ名: 新規ユーザー登録]
[ADMIN] 15:37:35.628988 シナリオ走行を終了しました [シナリオ名: 新規ユーザー登録]
[ADMIN] 15:37:35.628999 シナリオ走行を開始しました [シナリオ名: 新規ユーザー登録]
[ADMIN] 15:37:35.629466 シナリオ走行を終了しました [シナリオ名: 新規ユーザー登録]
[ADMIN] 15:37:35.629481 シナリオ走行を開始しました [シナリオ名: 新規ユーザー登録]
[ADMIN] 15:37:35.632706 シナリオ走行を終了しました [シナリオ名: 新規ユーザー登録]
[ADMIN] 15:37:35.632721 シナリオ走行を開始しました [シナリオ名: 新規ユーザー登録]
[ADMIN] 15:37:35.632779 シナリオ走行を終了しました [シナリオ名: 新規ユーザー登録]
[ADMIN] 15:37:35.632794 シナリオ走行を開始しました [シナリオ名: 新規ユーザー登録]
[ADMIN] 15:37:35.632799 シナリオ走行を終了しました [シナリオ名: 新規ユーザー登録]
[ADMIN] 15:37:35.632810 シナリオ走行を開始しました [シナリオ名: 新規ユーザー登録]
[ADMIN] 15:37:35.637399 シナリオ走行を終了しました [シナリオ名: 新規ユーザー登録]
[ADMIN] 15:37:35.637416 シナリオ走行を開始しました [シナリオ名: 新規ユーザー登録]
[ADMIN] 15:37:35.637714 シナリオ走行を終了しました [シナリオ名: 新規ユーザー登録]
[ADMIN] 15:37:35.637730 シナリオ走行を開始しました [シナリオ名: 新規ユーザー登録]
[ADMIN] 15:37:35.638031 シナリオ走行を終了しました [シナリオ名: 新規ユーザー登録]
[ADMIN] 15:37:35.638047 シナリオ走行を開始しました [シナリオ名: 新規ユーザー登録]
[ADMIN] 15:37:35.639107 シナリオ走行を終了しました [シナリオ名: 新規ユーザー登録]
[ADMIN] 15:37:35.639120 シナリオ走行を開始しました [シナリオ名: 新規ユーザー登録]
[ADMIN] 15:37:35.639398 シナリオ走行を終了しました [シナリオ名: 新規ユーザー登録]
[ADMIN] 15:37:35.639413 シナリオ走行を開始しました [シナリオ名: 新規ユーザー登録]
[ADMIN] 15:37:35.639704 シナリオ走行を終了しました [シナリオ名: 新規ユーザー登録]
[ADMIN] 15:37:35.639719 シナリオ走行を開始しました [シナリオ名: 新規ユーザー登録]
[ADMIN] 15:37:35.641294 シナリオ走行を終了しました [シナリオ名: 新規ユーザー登録]
[ADMIN] 15:37:35.641308 シナリオ走行を開始しました [シナリオ名: 新規ユーザー登録]
[ADMIN] 15:37:35.642744 シナリオ走行を終了しました [シナリオ名: 新規ユーザー登録]
[ADMIN] 15:37:35.642757 シナリオ走行を開始しました [シナリオ名: 新規ユーザー登録]
[ADMIN] 15:37:35.643056 シナリオ走行を終了しました [シナリオ名: 新規ユーザー登録]
[ADMIN] 15:37:35.643071 シナリオ走行を開始しました [シナリオ名: 新規ユーザー登録]
[ADMIN] 15:37:35.644250 シナリオ走行を終了しました [シナリオ名: 新規ユーザー登録]
[ADMIN] 15:37:35.644265 シナリオ走行を開始しました [シナリオ名: 新規ユーザー登録]
[ADMIN] 15:37:35.644940 シナリオ走行を終了しました [シナリオ名: 新規ユーザー登録]
[ADMIN] 15:37:35.644954 シナリオ走行を開始しました [シナリオ名: 新規ユーザー登録]
[ADMIN] 15:37:35.647153 シナリオ走行を終了しました [シナリオ名: 新規ユーザー登録]
[ADMIN] 15:37:35.647165 シナリオ走行を開始しました [シナリオ名: 新規ユーザー登録]
[ADMIN] 15:37:35.647442 シナリオ走行を終了しました [シナリオ名: 新規ユーザー登録]
[ADMIN] 15:37:35.647459 シナリオ走行を開始しました [シナリオ名: 新規ユーザー登録]
[ADMIN] 15:37:35.647820 シナリオ走行を終了しました [シナリオ名: 新規ユーザー登録]
[ADMIN] 15:37:35.647832 シナリオ走行を開始しました [シナリオ名: 新規ユーザー登録]
[ADMIN] 15:37:35.648853 シナリオ走行を終了しました [シナリオ名: 新規ユーザー登録]
[ADMIN] 15:37:35.648867 シナリオ走行を開始しました [シナリオ名: 新規ユーザー登録]
[ADMIN] 15:37:35.649152 シナリオ走行を終了しました [シナリオ名: 新規ユーザー登録]
[ADMIN] 15:37:35.649167 シナリオ走行を開始しました [シナリオ名: 新規ユーザー登録]
[ADMIN] 15:37:35.649601 シナリオ走行を終了しました [シナリオ名: 新規ユーザー登録]
[ADMIN] 15:37:35.649614 シナリオ走行を開始しました [シナリオ名: 新規ユーザー登録]
[ADMIN] 15:37:35.655614 シナリオ走行を終了しました [シナリオ名: 新規ユーザー登録]
[ADMIN] 15:37:35.655628 シナリオ走行を開始しました [シナリオ名: 新規ユーザー登録]
[ADMIN] 15:37:35.656627 シナリオ走行を終了しました [シナリオ名: 新規ユーザー登録]
[ADMIN] 15:37:35.656640 シナリオ走行を開始しました [シナリオ名: 新規ユーザー登録]
[ADMIN] 15:37:35.656984 シナリオ走行を終了しました [シナリオ名: 新規ユーザー登録]
[ADMIN] 15:37:35.657014 シナリオ走行を開始しました [シナリオ名: 新規ユーザー登録]
[ADMIN] 15:37:35.659795 シナリオ走行を終了しました [シナリオ名: 新規ユーザー登録]
[ADMIN] 15:37:35.659808 シナリオ走行を開始しました [シナリオ名: 新規ユーザー登録]
[ADMIN] 15:37:35.660173 シナリオ走行を終了しました [シナリオ名: 新規ユーザー登録]
[ADMIN] 15:37:35.660186 シナリオ走行を開始しました [シナリオ名: 新規ユーザー登録]
[ADMIN] 15:37:35.660620 シナリオ走行を終了しました [シナリオ名: 新規ユーザー登録]
[ADMIN] 15:37:35.660644 シナリオ走行を開始しました [シナリオ名: 新規ユーザー登録]
[ADMIN] 15:37:35.662352 シナリオ走行を終了しました [シナリオ名: 新規ユーザー登録]
[ADMIN] 15:37:35.662398 シナリオ走行を開始しました [シナリオ名: 新規ユーザー登録]
[ADMIN] 15:37:35.662415 シナリオ走行を終了しました [シナリオ名: 新規ユーザー登録]
[ADMIN] 15:37:35.662427 シナリオ走行を開始しました [シナリオ名: 新規ユーザー登録]
[ADMIN] 15:37:35.662481 シナリオ走行を終了しました [シナリオ名: 新規ユーザー登録]
[ADMIN] 15:37:35.662498 シナリオ走行を開始しました [シナリオ名: 新規ユーザー登録]
[ADMIN] 15:37:35.683006 シナリオ走行を終了しました [シナリオ名: 新規ユーザー登録]
[ADMIN] 15:37:35.683027 シナリオ走行を開始しました [シナリオ名: 新規ユーザー登録]
[ADMIN] 15:37:35.683052 シナリオ走行を終了しました [シナリオ名: 新規ユーザー登録]
[ADMIN] 15:37:35.683054 シナリオ走行を終了しました [シナリオ名: 新規ユーザー登録]
[ADMIN] 15:37:35.683069 シナリオ走行を開始しました [シナリオ名: 新規ユーザー登録]
[ADMIN] 15:37:35.683111 シナリオ走行を開始しました [シナリオ名: 新規ユーザー登録]
[ADMIN] 15:37:35.687277 シナリオ走行を終了しました [シナリオ名: 新規ユーザー登録]
[ADMIN] 15:37:35.687291 シナリオ走行を開始しました [シナリオ名: 新規ユーザー登録]
[ADMIN] 15:37:35.687734 シナリオ走行を終了しました [シナリオ名: 新規ユーザー登録]
[ADMIN] 15:37:35.687763 シナリオ走行を開始しました [シナリオ名: 新規ユーザー登録]
[ADMIN] 15:37:35.688826 シナリオ走行を終了しました [シナリオ名: 新規ユーザー登録]
[ADMIN] 15:37:35.688840 シナリオ走行を開始しました [シナリオ名: 新規ユーザー登録]
[ADMIN] 15:37:35.689230 シナリオ走行を終了しました [シナリオ名: 新規ユーザー登録]
[ADMIN] 15:37:35.689247 シナリオ走行を開始しました [シナリオ名: 新規ユーザー登録]
[ADMIN] 15:37:35.690533 シナリオ走行を終了しました [シナリオ名: 新規ユーザー登録]
[ADMIN] 15:37:35.690547 シナリオ走行を開始しました [シナリオ名: 新規ユーザー登録]
[ADMIN] 15:37:35.690899 シナリオ走行を終了しました [シナリオ名: 新規ユーザー登録]
[ADMIN] 15:37:35.690911 シナリオ走行を開始しました [シナリオ名: 新規ユーザー登録]
[ADMIN] 15:37:35.691371 シナリオ走行を終了しました [シナリオ名: 新規ユーザー登録]
[ADMIN] 15:37:35.691386 シナリオ走行を開始しました [シナリオ名: 新規ユーザー登録]
[ADMIN] 15:37:35.692569 シナリオ走行を終了しました [シナリオ名: 新規ユーザー登録]
[ADMIN] 15:37:35.692584 シナリオ走行を開始しました [シナリオ名: 新規ユーザー登録]
[ADMIN] 15:37:35.692890 シナリオ走行を終了しました [シナリオ名: 新規ユーザー登録]
[ADMIN] 15:37:35.692930 シナリオ走行を開始しました [シナリオ名: 新規ユーザー登録]
[ADMIN] 15:37:35.693366 シナリオ走行を終了しました [シナリオ名: 新規ユーザー登録]
[ADMIN] 15:37:35.693380 シナリオ走行を開始しました [シナリオ名: 新規ユーザー登録]
[ADMIN] 15:37:35.694917 シナリオ走行を終了しました [シナリオ名: 新規ユーザー登録]
[ADMIN] 15:37:35.694931 シナリオ走行を開始しました [シナリオ名: 新規ユーザー登録]
[ADMIN] 15:37:35.695749 シナリオ走行を終了しました [シナリオ名: 新規ユーザー登録]
[ADMIN] 15:37:35.695763 シナリオ走行を開始しました [シナリオ名: 新規ユーザー登録]
[ADMIN] 15:37:35.696317 シナリオ走行を終了しました [シナリオ名: 新規ユーザー登録]
[ADMIN] 15:37:35.696329 シナリオ走行を開始しました [シナリオ名: 新規ユーザー登録]
[ADMIN] 15:37:35.696451 シナリオ走行を終了しました [シナリオ名: 新規ユーザー登録]
[ADMIN] 15:37:35.696464 シナリオ走行を開始しました [シナリオ名: 新規ユーザー登録]
[ADMIN] 15:37:35.697126 シナリオ走行を終了しました [シナリオ名: 新規ユーザー登録]
[ADMIN] 15:37:35.697137 シナリオ走行を開始しました [シナリオ名: 新規ユーザー登録]
[ADMIN] 15:37:35.700027 シナリオ走行を終了しました [シナリオ名: 新規ユーザー登録]
[ADMIN] 15:37:35.700039 シナリオ走行を開始しました [シナリオ名: 新規ユーザー登録]
[ADMIN] 15:37:35.700147 シナリオ走行を終了しました [シナリオ名: 新規ユーザー登録]
[ADMIN] 15:37:35.700160 シナリオ走行を開始しました [シナリオ名: 新規ユーザー登録]
[ADMIN] 15:37:35.700482 シナリオ走行を終了しました [シナリオ名: 新規ユーザー登録]
[ADMIN] 15:37:35.700494 シナリオ走行を開始しました [シナリオ名: 新規ユーザー登録]
[ADMIN] 15:37:35.705998 シナリオ走行を終了しました [シナリオ名: 新規ユーザー登録]
[ADMIN] 15:37:35.706012 シナリオ走行を開始しました [シナリオ名: 新規ユーザー登録]
[ADMIN] 15:37:35.706453 シナリオ走行を終了しました [シナリオ名: 新規ユーザー登録]
[ADMIN] 15:37:35.706466 シナリオ走行を開始しました [シナリオ名: 新規ユーザー登録]
[ADMIN] 15:37:35.706722 シナリオ走行を終了しました [シナリオ名: 新規ユーザー登録]
[ADMIN] 15:37:35.706740 シナリオ走行を開始しました [シナリオ名: 新規ユーザー登録]
[ADMIN] 15:37:35.707437 シナリオ走行を終了しました [シナリオ名: 新規ユーザー登録]
[ADMIN] 15:37:35.707450 シナリオ走行を開始しました [シナリオ名: 新規ユーザー登録]
[ADMIN] 15:37:35.708010 シナリオ走行を終了しました [シナリオ名: 新規ユーザー登録]
[ADMIN] 15:37:35.708028 シナリオ走行を開始しました [シナリオ名: 新規ユーザー登録]
[ADMIN] 15:37:35.708116 シナリオ走行を終了しました [シナリオ名: 新規ユーザー登録]
[ADMIN] 15:37:35.708136 シナリオ走行を開始しました [シナリオ名: 新規ユーザー登録]
[ADMIN] 15:37:35.708779 シナリオ走行を終了しました [シナリオ名: 新規ユーザー登録]
[ADMIN] 15:37:35.708793 シナリオ走行を開始しました [シナリオ名: 新規ユーザー登録]
[ADMIN] 15:37:35.710959 シナリオ走行を終了しました [シナリオ名: 新規ユーザー登録]
[ADMIN] 15:37:35.710971 シナリオ走行を開始しました [シナリオ名: 新規ユーザー登録]
[ADMIN] 15:37:35.711272 シナリオ走行を終了しました [シナリオ名: 新規ユーザー登録]
[ADMIN] 15:37:35.711292 シナリオ走行を開始しました [シナリオ名: 新規ユーザー登録]
[ADMIN] 15:37:35.711611 シナリオ走行を終了しました [シナリオ名: 新規ユーザー登録]
[ADMIN] 15:37:35.711631 シナリオ走行を開始しました [シナリオ名: 新規ユーザー登録]
[ADMIN] 15:37:35.713152 シナリオ走行を終了しました [シナリオ名: 新規ユーザー登録]
[ADMIN] 15:37:35.713168 シナリオ走行を開始しました [シナリオ名: 新規ユーザー登録]
[ADMIN] 15:37:35.713587 シナリオ走行を終了しました [シナリオ名: 新規ユーザー登録]
[ADMIN] 15:37:35.713600 シナリオ走行を開始しました [シナリオ名: 新規ユーザー登録]
[ADMIN] 15:37:35.713841 シナリオ走行を終了しました [シナリオ名: 新規ユーザー登録]
[ADMIN] 15:37:35.713863 シナリオ走行を開始しました [シナリオ名: 新規ユーザー登録]
[ADMIN] 15:37:35.717807 シナリオ走行を終了しました [シナリオ名: 新規ユーザー登録]
[ADMIN] 15:37:35.717823 シナリオ走行を開始しました [シナリオ名: 新規ユーザー登録]
[ADMIN] 15:37:35.717845 シナリオ走行を終了しました [シナリオ名: 新規ユーザー登録]
[ADMIN] 15:37:35.717860 シナリオ走行を開始しました [シナリオ名: 新規ユーザー登録]
[ADMIN] 15:37:35.718265 シナリオ走行を終了しました [シナリオ名: 新規ユーザー登録]
[ADMIN] 15:37:35.718279 シナリオ走行を開始しました [シナリオ名: 新規ユーザー登録]
[ADMIN] 15:37:35.720381 シナリオ走行を終了しました [シナリオ名: 新規ユーザー登録]
[ADMIN] 15:37:35.720398 シナリオ走行を開始しました [シナリオ名: 新規ユーザー登録]
[ADMIN] 15:37:35.720449 シナリオ走行を終了しました [シナリオ名: 新規ユーザー登録]
[ADMIN] 15:37:35.720519 シナリオ走行を開始しました [シナリオ名: 新規ユーザー登録]
[ADMIN] 15:37:35.720562 シナリオ走行を終了しました [シナリオ名: 新規ユーザー登録]
[ADMIN] 15:37:35.720578 シナリオ走行を開始しました [シナリオ名: 新規ユーザー登録]
[ADMIN] 15:37:35.722723 シナリオ走行を終了しました [シナリオ名: 新規ユーザー登録]
[ADMIN] 15:37:35.722742 シナリオ走行を開始しました [シナリオ名: 新規ユーザー登録]
[ADMIN] 15:37:35.722932 シナリオ走行を終了しました [シナリオ名: 新規ユーザー登録]
[ADMIN] 15:37:35.722950 シナリオ走行を開始しました [シナリオ名: 新規ユーザー登録]
[ADMIN] 15:37:35.723378 シナリオ走行を終了しました [シナリオ名: 新規ユーザー登録]
[ADMIN] 15:37:35.723394 シナリオ走行を開始しました [シナリオ名: 新規ユーザー登録]
[ADMIN] 15:37:35.725424 シナリオ走行を終了しました [シナリオ名: 新規ユーザー登録]
[ADMIN] 15:37:35.725437 シナリオ走行を開始しました [シナリオ名: 新規ユーザー登録]
[ADMIN] 15:37:35.725742 シナリオ走行を終了しました [シナリオ名: 新規ユーザー登録]
[ADMIN] 15:37:35.725753 シナリオ走行を開始しました [シナリオ名: 新規ユーザー登録]
[ADMIN] 15:37:35.726121 シナリオ走行を終了しました [シナリオ名: 新規ユーザー登録]
[ADMIN] 15:37:35.726403 シナリオ走行を終了しました [シナリオ名: 新規ユーザー登録]
[ADMIN] 15:37:35.726421 シナリオ走行を開始しました [シナリオ名: 新規ユーザー登録]
[ADMIN] 15:37:35.726478 シナリオ走行を開始しました [シナリオ名: 新規ユーザー登録]
[ADMIN] 15:37:35.726882 シナリオ走行を終了しました [シナリオ名: 新規ユーザー登録]
[ADMIN] 15:37:35.726892 シナリオ走行を開始しました [シナリオ名: 新規ユーザー登録]
[ADMIN] 15:37:35.727315 シナリオ走行を終了しました [シナリオ名: 新規ユーザー登録]
[ADMIN] 15:37:35.727330 シナリオ走行を開始しました [シナリオ名: 新規ユーザー登録]
[ADMIN] 15:37:35.729211 シナリオ走行を終了しました [シナリオ名: 新規ユーザー登録]
[ADMIN] 15:37:35.729225 シナリオ走行を開始しました [シナリオ名: 新規ユーザー登録]
[ADMIN] 15:37:35.729519 シナリオ走行を終了しました [シナリオ名: 新規ユーザー登録]
[ADMIN] 15:37:35.729532 シナリオ走行を開始しました [シナリオ名: 新規ユーザー登録]
[ADMIN] 15:37:35.729950 シナリオ走行を終了しました [シナリオ名: 新規ユーザー登録]
[ADMIN] 15:37:35.729964 シナリオ走行を開始しました [シナリオ名: 新規ユーザー登録]
[ADMIN] 15:37:35.729994 シナリオ走行を終了しました [シナリオ名: 新規ユーザー登録]
[ADMIN] 15:37:35.730007 シナリオ走行を開始しました [シナリオ名: 新規ユーザー登録]
[ADMIN] 15:37:35.731154 シナリオ走行を終了しました [シナリオ名: 新規ユーザー登録]
[ADMIN] 15:37:35.731167 シナリオ走行を開始しました [シナリオ名: 新規ユーザー登録]
[ADMIN] 15:37:35.732057 シナリオ走行を終了しました [シナリオ名: 新規ユーザー登録]
[ADMIN] 15:37:35.732078 シナリオ走行を開始しました [シナリオ名: 新規ユーザー登録]
[ADMIN] 15:37:35.732135 シナリオ走行を終了しました [シナリオ名: 新規ユーザー登録]
[ADMIN] 15:37:35.732155 シナリオ走行を開始しました [シナリオ名: 新規ユーザー登録]
[ADMIN] 15:37:35.732204 シナリオ走行を終了しました [シナリオ名: 新規ユーザー登録]
[ADMIN] 15:37:35.732220 シナリオ走行を開始しました [シナリオ名: 新規ユーザー登録]
[ADMIN] 15:37:35.737051 シナリオ走行を終了しました [シナリオ名: 新規ユーザー登録]
[ADMIN] 15:37:35.737094 シナリオ走行を終了しました [シナリオ名: 新規ユーザー登録]
[ADMIN] 15:37:35.737106 シナリオ走行を開始しました [シナリオ名: 新規ユーザー登録]
[ADMIN] 15:37:35.737094 シナリオ走行を開始しました [シナリオ名: 新規ユーザー登録]
[ADMIN] 15:37:35.737503 シナリオ走行を終了しました [シナリオ名: 新規ユーザー登録]
[ADMIN] 15:37:35.737517 シナリオ走行を開始しました [シナリオ名: 新規ユーザー登録]
[ADMIN] 15:37:35.737878 シナリオ走行を終了しました [シナリオ名: 新規ユーザー登録]
[ADMIN] 15:37:35.737892 シナリオ走行を開始しました [シナリオ名: 新規ユーザー登録]
[ADMIN] 15:37:35.741231 シナリオ走行を終了しました [シナリオ名: 新規ユーザー登録]
[ADMIN] 15:37:35.741246 シナリオ走行を開始しました [シナリオ名: 新規ユーザー登録]
[ADMIN] 15:37:35.741290 シナリオ走行を終了しました [シナリオ名: 新規ユーザー登録]
[ADMIN] 15:37:35.741312 シナリオ走行を開始しました [シナリオ名: 新規ユーザー登録]
[ADMIN] 15:37:35.741364 シナリオ走行を終了しました [シナリオ名: 新規ユーザー登録]
[ADMIN] 15:37:35.741386 シナリオ走行を開始しました [シナリオ名: 新規ユーザー登録]
[ADMIN] 15:37:35.741571 シナリオ走行を終了しました [シナリオ名: 新規ユーザー登録]
[ADMIN] 15:37:35.741588 シナリオ走行を開始しました [シナリオ名: 新規ユーザー登録]
[ADMIN] 15:37:35.747100 シナリオ走行を終了しました [シナリオ名: 新規ユーザー登録]
[ADMIN] 15:37:35.747112 シナリオ走行を開始しました [シナリオ名: 新規ユーザー登録]
[ADMIN] 15:37:35.747404 シナリオ走行を終了しました [シナリオ名: 新規ユーザー登録]
[ADMIN] 15:37:35.747419 シナリオ走行を開始しました [シナリオ名: 新規ユーザー登録]
[ADMIN] 15:37:35.747552 シナリオ走行を終了しました [シナリオ名: 新規ユーザー登録]
[ADMIN] 15:37:35.747567 シナリオ走行を開始しました [シナリオ名: 新規ユーザー登録]
[ADMIN] 15:37:35.748757 シナリオ走行を終了しました [シナリオ名: 新規ユーザー登録]
[ADMIN] 15:37:35.748770 シナリオ走行を開始しました [シナリオ名: 新規ユーザー登録]
[ADMIN] 15:37:35.748884 シナリオ走行を終了しました [シナリオ名: 新規ユーザー登録]
[ADMIN] 15:37:35.748900 シナリオ走行を開始しました [シナリオ名: 新規ユーザー登録]
[ADMIN] 15:37:35.748976 シナリオ走行を終了しました [シナリオ名: 新規ユーザー登録]
[ADMIN] 15:37:35.748990 シナリオ走行を開始しました [シナリオ名: 新規ユーザー登録]
[ADMIN] 15:37:35.753017 シナリオ走行を終了しました [シナリオ名: 新規ユーザー登録]
[ADMIN] 15:37:35.753035 シナリオ走行を開始しました [シナリオ名: 新規ユーザー登録]
[ADMIN] 15:37:35.753286 シナリオ走行を終了しました [シナリオ名: 新規ユーザー登録]
[ADMIN] 15:37:35.753299 シナリオ走行を開始しました [シナリオ名: 新規ユーザー登録]
[ADMIN] 15:37:35.753857 シナリオ走行を終了しました [シナリオ名: 新規ユーザー登録]
[ADMIN] 15:37:35.753872 シナリオ走行を開始しました [シナリオ名: 新規ユーザー登録]
[ADMIN] 15:37:35.755526 シナリオ走行を終了しました [シナリオ名: 新規ユーザー登録]
[ADMIN] 15:37:35.755539 シナリオ走行を開始しました [シナリオ名: 新規ユーザー登録]
[ADMIN] 15:37:35.755907 シナリオ走行を終了しました [シナリオ名: 新規ユーザー登録]
[ADMIN] 15:37:35.755920 シナリオ走行を開始しました [シナリオ名: 新規ユーザー登録]
[ADMIN] 15:37:35.756876 シナリオ走行を終了しました [シナリオ名: 新規ユーザー登録]
[ADMIN] 15:37:35.756890 シナリオ走行を開始しました [シナリオ名: 新規ユーザー登録]
[ADMIN] 15:37:35.757434 シナリオ走行を終了しました [シナリオ名: 新規ユーザー登録]
[ADMIN] 15:37:35.757448 シナリオ走行を開始しました [シナリオ名: 新規ユーザー登録]
[ADMIN] 15:37:35.760524 シナリオ走行を終了しました [シナリオ名: 新規ユーザー登録]
[ADMIN] 15:37:35.760542 シナリオ走行を開始しました [シナリオ名: 新規ユーザー登録]
[ADMIN] 15:37:35.760609 シナリオ走行を終了しました [シナリオ名: 新規ユーザー登録]
[ADMIN] 15:37:35.760622 シナリオ走行を開始しました [シナリオ名: 新規ユーザー登録]
[ADMIN] 15:37:35.761061 シナリオ走行を終了しました [シナリオ名: 新規ユーザー登録]
[ADMIN] 15:37:35.761073 シナリオ走行を開始しました [シナリオ名: 新規ユーザー登録]
[ADMIN] 15:37:35.762229 シナリオ走行を終了しました [シナリオ名: 新規ユーザー登録]
[ADMIN] 15:37:35.762240 シナリオ走行を開始しました [シナリオ名: 新規ユーザー登録]
[ADMIN] 15:37:35.762318 シナリオ走行を終了しました [シナリオ名: 新規ユーザー登録]
[ADMIN] 15:37:35.762339 シナリオ走行を開始しました [シナリオ名: 新規ユーザー登録]
[ADMIN] 15:37:35.762438 シナリオ走行を終了しました [シナリオ名: 新規ユーザー登録]
[ADMIN] 15:37:35.762456 シナリオ走行を開始しました [シナリオ名: 新規ユーザー登録]
[ADMIN] 15:37:35.764348 シナリオ走行を終了しました [シナリオ名: 新規ユーザー登録]
[ADMIN] 15:37:35.764360 シナリオ走行を開始しました [シナリオ名: 新規ユーザー登録]
[ADMIN] 15:37:35.764770 シナリオ走行を終了しました [シナリオ名: ログイン]
[ADMIN] 15:37:35.765270 シナリオ走行を終了しました [シナリオ名: 新規ユーザー登録]
[ADMIN] 15:37:35.765280 シナリオ走行を開始しました [シナリオ名: 新規ユーザー登録]
[ADMIN] 15:37:35.765950 シナリオ走行を終了しました [シナリオ名: 新規ユーザー登録]
[ADMIN] 15:37:35.765963 シナリオ走行を開始しました [シナリオ名: 新規ユーザー登録]
[ADMIN] 15:37:35.766449 シナリオ走行を終了しました [シナリオ名: 新規ユーザー登録]
[ADMIN] 15:37:35.766464 シナリオ走行を開始しました [シナリオ名: 新規ユーザー登録]
[ADMIN] 15:37:35.767041 シナリオ走行を終了しました [シナリオ名: 新規ユーザー登録]
[ADMIN] 15:37:35.767053 シナリオ走行を開始しました [シナリオ名: 新規ユーザー登録]
[ADMIN] 15:37:35.767606 シナリオ走行を終了しました [シナリオ名: 新規ユーザー登録]
[ADMIN] 15:37:35.767617 シナリオ走行を開始しました [シナリオ名: 新規ユーザー登録]
[ADMIN] 15:37:35.768145 シナリオ走行を終了しました [シナリオ名: 新規ユーザー登録]
[ADMIN] 15:37:35.768157 シナリオ走行を開始しました [シナリオ名: 新規ユーザー登録]
[ADMIN] 15:37:35.768573 シナリオ走行を終了しました [シナリオ名: 新規ユーザー登録]
[ADMIN] 15:37:35.768583 シナリオ走行を開始しました [シナリオ名: 新規ユーザー登録]
[ADMIN] 15:37:35.769253 シナリオ走行を終了しました [シナリオ名: 新規ユーザー登録]
[ADMIN] 15:37:35.769266 シナリオ走行を開始しました [シナリオ名: 新規ユーザー登録]
[ADMIN] 15:37:35.770863 シナリオ走行を終了しました [シナリオ名: 新規ユーザー登録]
[ADMIN] 15:37:35.770907 シナリオ走行を終了しました [シナリオ名: 新規ユーザー登録]
[ADMIN] 15:37:35.770913 シナリオ走行を終了しました [シナリオ名: 新規ユーザー登録]
[ADMIN] 15:37:35.770926 シナリオ走行を開始しました [シナリオ名: 新規ユーザー登録]
[ADMIN] 15:37:35.770933 シナリオ走行を開始しました [シナリオ名: 新規ユーザー登録]
[ADMIN] 15:37:35.770986 シナリオ走行を開始しました [シナリオ名: 新規ユーザー登録]
[ADMIN] 15:37:35.772695 シナリオ走行を終了しました [シナリオ名: 新規ユーザー登録]
[ADMIN] 15:37:35.772711 シナリオ走行を開始しました [シナリオ名: 新規ユーザー登録]
[ADMIN] 15:37:35.772746 シナリオ走行を終了しました [シナリオ名: 新規ユーザー登録]
[ADMIN] 15:37:35.772755 シナリオ走行を終了しました [シナリオ名: 新規ユーザー登録]
[ADMIN] 15:37:35.772759 シナリオ走行を開始しました [シナリオ名: 新規ユーザー登録]
[ADMIN] 15:37:35.772769 シナリオ走行を開始しました [シナリオ名: 新規ユーザー登録]
[ADMIN] 15:37:35.777148 シナリオ走行を終了しました [シナリオ名: Banユーザログイン]
[ADMIN] 15:37:35.777162 シナリオ走行を開始しました [シナリオ名: Banユーザログイン]
[ADMIN] 15:37:35.777418 シナリオ走行を終了しました [シナリオ名: 新規ユーザー登録]
[ADMIN] 15:37:35.777432 シナリオ走行を開始しました [シナリオ名: 新規ユーザー登録]
[ADMIN] 15:37:35.777797 シナリオ走行を終了しました [シナリオ名: 新規ユーザー登録]
[ADMIN] 15:37:35.777811 シナリオ走行を開始しました [シナリオ名: 新規ユーザー登録]
[ADMIN] 15:37:35.778863 シナリオ走行を終了しました [シナリオ名: 新規ユーザー登録]
[ADMIN] 15:37:35.778877 シナリオ走行を開始しました [シナリオ名: 新規ユーザー登録]
[ADMIN] 15:37:35.780182 シナリオ走行を終了しました [シナリオ名: 新規ユーザー登録]
[ADMIN] 15:37:35.780195 シナリオ走行を開始しました [シナリオ名: 新規ユーザー登録]
[ADMIN] 15:37:35.780498 シナリオ走行を終了しました [シナリオ名: 新規ユーザー登録]
[ADMIN] 15:37:35.780515 シナリオ走行を開始しました [シナリオ名: 新規ユーザー登録]
[ADMIN] 15:37:35.780564 シナリオ走行を終了しました [シナリオ名: 新規ユーザー登録]
[ADMIN] 15:37:35.780584 シナリオ走行を開始しました [シナリオ名: 新規ユーザー登録]
[ADMIN] 15:37:35.782215 シナリオ走行を終了しました [シナリオ名: 新規ユーザー登録]
[ADMIN] 15:37:35.782227 シナリオ走行を開始しました [シナリオ名: 新規ユーザー登録]
[ADMIN] 15:37:35.782658 シナリオ走行を終了しました [シナリオ名: 新規ユーザー登録]
[ADMIN] 15:37:35.782676 シナリオ走行を開始しました [シナリオ名: 新規ユーザー登録]
[ADMIN] 15:37:35.782695 シナリオ走行を終了しました [シナリオ名: 新規ユーザー登録]
[ADMIN] 15:37:35.782705 シナリオ走行を開始しました [シナリオ名: 新規ユーザー登録]
[ADMIN] 15:37:35.793320 シナリオ走行を終了しました [シナリオ名: 新規ユーザー登録]
[ADMIN] 15:37:35.793335 シナリオ走行を開始しました [シナリオ名: 新規ユーザー登録]
[ADMIN] 15:37:35.793348 シナリオ走行を終了しました [シナリオ名: 新規ユーザー登録]
[ADMIN] 15:37:35.793357 シナリオ走行を開始しました [シナリオ名: 新規ユーザー登録]
[ADMIN] 15:37:35.793790 シナリオ走行を終了しました [シナリオ名: 新規ユーザー登録]
[ADMIN] 15:37:35.793801 シナリオ走行を開始しました [シナリオ名: 新規ユーザー登録]
[ADMIN] 15:37:35.798766 シナリオ走行を終了しました [シナリオ名: 新規ユーザー登録]
[ADMIN] 15:37:35.798779 シナリオ走行を開始しました [シナリオ名: 新規ユーザー登録]
[ADMIN] 15:37:35.798788 シナリオ走行を終了しました [シナリオ名: 新規ユーザー登録]
[ADMIN] 15:37:35.798802 シナリオ走行を開始しました [シナリオ名: 新規ユーザー登録]
[ADMIN] 15:37:35.799196 シナリオ走行を終了しました [シナリオ名: 新規ユーザー登録]
[ADMIN] 15:37:35.799209 シナリオ走行を開始しました [シナリオ名: 新規ユーザー登録]
[ADMIN] 15:37:35.800331 シナリオ走行を終了しました [シナリオ名: 新規ユーザー登録]
[ADMIN] 15:37:35.800345 シナリオ走行を開始しました [シナリオ名: 新規ユーザー登録]
[ADMIN] 15:37:35.800767 シナリオ走行を終了しました [シナリオ名: 新規ユーザー登録]
[ADMIN] 15:37:35.800782 シナリオ走行を開始しました [シナリオ名: 新規ユーザー登録]
[ADMIN] 15:37:35.800809 シナリオ走行を終了しました [シナリオ名: 新規ユーザー登録]
[ADMIN] 15:37:35.800824 シナリオ走行を開始しました [シナリオ名: 新規ユーザー登録]
[ADMIN] 15:37:35.802580 シナリオ走行を終了しました [シナリオ名: 新規ユーザー登録]
[ADMIN] 15:37:35.802595 シナリオ走行を開始しました [シナリオ名: 新規ユーザー登録]
[ADMIN] 15:37:35.802598 シナリオ走行を終了しました [シナリオ名: 新規ユーザー登録]
[ADMIN] 15:37:35.802607 シナリオ走行を開始しました [シナリオ名: 新規ユーザー登録]
[ADMIN] 15:37:35.802920 シナリオ走行を終了しました [シナリオ名: Banユーザログイン]
[ADMIN] 15:37:35.802972 シナリオ走行を開始しました [シナリオ名: Banユーザログイン]
[ADMIN] 15:37:35.802972 シナリオ走行を開始しました [シナリオ名: Banユーザログイン]
[ADMIN] 15:37:35.803141 シナリオ走行を終了しました [シナリオ名: 新規ユーザー登録]
[ADMIN] 15:37:35.803156 シナリオ走行を開始しました [シナリオ名: 新規ユーザー登録]
[ADMIN] 15:37:35.805332 シナリオ走行を終了しました [シナリオ名: 新規ユーザー登録]
[ADMIN] 15:37:35.805344 シナリオ走行を開始しました [シナリオ名: 新規ユーザー登録]
[ADMIN] 15:37:35.811493 シナリオ走行を終了しました [シナリオ名: 新規ユーザー登録]
[ADMIN] 15:37:35.811506 シナリオ走行を開始しました [シナリオ名: 新規ユーザー登録]
[ADMIN] 15:37:35.814985 シナリオ走行を終了しました [シナリオ名: 新規ユーザー登録]
[ADMIN] 15:37:35.815003 シナリオ走行を開始しました [シナリオ名: 新規ユーザー登録]
[ADMIN] 15:37:35.816062 シナリオ走行を終了しました [シナリオ名: 新規ユーザー登録]
[ADMIN] 15:37:35.816075 シナリオ走行を開始しました [シナリオ名: 新規ユーザー登録]
[ADMIN] 15:37:35.816544 シナリオ走行を終了しました [シナリオ名: 新規ユーザー登録]
[ADMIN] 15:37:35.816557 シナリオ走行を開始しました [シナリオ名: 新規ユーザー登録]
[ADMIN] 15:37:35.816578 シナリオ走行を終了しました [シナリオ名: 新規ユーザー登録]
[ADMIN] 15:37:35.816592 シナリオ走行を開始しました [シナリオ名: 新規ユーザー登録]
[ADMIN] 15:37:35.818039 シナリオ走行を終了しました [シナリオ名: 新規ユーザー登録]
[ADMIN] 15:37:35.818050 シナリオ走行を開始しました [シナリオ名: 新規ユーザー登録]
[ADMIN] 15:37:35.818893 シナリオ走行を終了しました [シナリオ名: 新規ユーザー登録]
[ADMIN] 15:37:35.818909 シナリオ走行を開始しました [シナリオ名: 新規ユーザー登録]
[ADMIN] 15:37:35.818937 シナリオ走行を終了しました [シナリオ名: 新規ユーザー登録]
[ADMIN] 15:37:35.818961 シナリオ走行を開始しました [シナリオ名: 新規ユーザー登録]
[ADMIN] 15:37:35.819299 シナリオ走行を終了しました [シナリオ名: 新規ユーザー登録]
[ADMIN] 15:37:35.819309 シナリオ走行を開始しました [シナリオ名: 新規ユーザー登録]
[ADMIN] 15:37:35.823744 シナリオ走行を終了しました [シナリオ名: 新規ユーザー登録]
[ADMIN] 15:37:35.823755 シナリオ走行を開始しました [シナリオ名: 新規ユーザー登録]
[ADMIN] 15:37:35.824190 シナリオ走行を終了しました [シナリオ名: 新規ユーザー登録]
[ADMIN] 15:37:35.824203 シナリオ走行を開始しました [シナリオ名: 新規ユーザー登録]
[ADMIN] 15:37:35.827702 シナリオ走行を終了しました [シナリオ名: 新規ユーザー登録]
[ADMIN] 15:37:35.827721 シナリオ走行を開始しました [シナリオ名: 新規ユーザー登録]
[ADMIN] 15:37:35.827809 シナリオ走行を終了しました [シナリオ名: 新規ユーザー登録]
[ADMIN] 15:37:35.827833 シナリオ走行を開始しました [シナリオ名: 新規ユーザー登録]
[ADMIN] 15:37:35.828221 シナリオ走行を終了しました [シナリオ名: 新規ユーザー登録]
[ADMIN] 15:37:35.828235 シナリオ走行を開始しました [シナリオ名: 新規ユーザー登録]
[ADMIN] 15:37:35.830301 シナリオ走行を終了しました [シナリオ名: 新規ユーザー登録]
[ADMIN] 15:37:35.830315 シナリオ走行を開始しました [シナリオ名: 新規ユーザー登録]
[ADMIN] 15:37:35.830377 シナリオ走行を終了しました [シナリオ名: 新規ユーザー登録]
[ADMIN] 15:37:35.830391 シナリオ走行を開始しました [シナリオ名: 新規ユーザー登録]
[ADMIN] 15:37:35.830812 シナリオ走行を終了しました [シナリオ名: 新規ユーザー登録]
[ADMIN] 15:37:35.830825 シナリオ走行を開始しました [シナリオ名: 新規ユーザー登録]
[ADMIN] 15:37:35.832308 シナリオ走行を終了しました [シナリオ名: 新規ユーザー登録]
[ADMIN] 15:37:35.832326 シナリオ走行を開始しました [シナリオ名: 新規ユーザー登録]
[ADMIN] 15:37:35.832383 シナリオ走行を終了しました [シナリオ名: 新規ユーザー登録]
[ADMIN] 15:37:35.832398 シナリオ走行を開始しました [シナリオ名: 新規ユーザー登録]
[ADMIN] 15:37:35.832790 シナリオ走行を終了しました [シナリオ名: 新規ユーザー登録]
[ADMIN] 15:37:35.832804 シナリオ走行を開始しました [シナリオ名: 新規ユーザー登録]
[ADMIN] 15:37:35.833880 シナリオ走行を終了しました [シナリオ名: 新規ユーザー登録]
[ADMIN] 15:37:35.833893 シナリオ走行を開始しました [シナリオ名: 新規ユーザー登録]
[ADMIN] 15:37:35.834201 シナリオ走行を終了しました [シナリオ名: 新規ユーザー登録]
[ADMIN] 15:37:35.834217 シナリオ走行を開始しました [シナリオ名: 新規ユーザー登録]
[ADMIN] 15:37:35.835762 シナリオ走行を終了しました [シナリオ名: 新規ユーザー登録]
[ADMIN] 15:37:35.835777 シナリオ走行を開始しました [シナリオ名: 新規ユーザー登録]
[ADMIN] 15:37:35.837554 シナリオ走行を終了しました [シナリオ名: 新規ユーザー登録]
[ADMIN] 15:37:35.837570 シナリオ走行を開始しました [シナリオ名: 新規ユーザー登録]
[ADMIN] 15:37:35.837641 シナリオ走行を終了しました [シナリオ名: 新規ユーザー登録]
[ADMIN] 15:37:35.837655 シナリオ走行を開始しました [シナリオ名: 新規ユーザー登録]
[ADMIN] 15:37:35.837681 シナリオ走行を終了しました [シナリオ名: 新規ユーザー登録]
[ADMIN] 15:37:35.837699 シナリオ走行を開始しました [シナリオ名: 新規ユーザー登録]
[ADMIN] 15:37:35.841295 シナリオ走行を終了しました [シナリオ名: 新規ユーザー登録]
[ADMIN] 15:37:35.841309 シナリオ走行を開始しました [シナリオ名: 新規ユーザー登録]
[ADMIN] 15:37:35.841738 シナリオ走行を終了しました [シナリオ名: 新規ユーザー登録]
[ADMIN] 15:37:35.841748 シナリオ走行を開始しました [シナリオ名: 新規ユーザー登録]
[ADMIN] 15:37:35.841879 シナリオ走行を終了しました [シナリオ名: 新規ユーザー登録]
[ADMIN] 15:37:35.841893 シナリオ走行を開始しました [シナリオ名: 新規ユーザー登録]
[ADMIN] 15:37:35.842852 シナリオ走行を終了しました [シナリオ名: 新規ユーザー登録]
[ADMIN] 15:37:35.842868 シナリオ走行を開始しました [シナリオ名: 新規ユーザー登録]
[ADMIN] 15:37:35.843293 シナリオ走行を終了しました [シナリオ名: 新規ユーザー登録]
[ADMIN] 15:37:35.843312 シナリオ走行を開始しました [シナリオ名: 新規ユーザー登録]
[ADMIN] 15:37:35.843339 シナリオ走行を終了しました [シナリオ名: 新規ユーザー登録]
[ADMIN] 15:37:35.843351 シナリオ走行を開始しました [シナリオ名: 新規ユーザー登録]
[ADMIN] 15:37:35.844302 シナリオ走行を終了しました [シナリオ名: 新規ユーザー登録]
[ADMIN] 15:37:35.844312 シナリオ走行を開始しました [シナリオ名: 新規ユーザー登録]
[ADMIN] 15:37:35.844750 シナリオ走行を終了しました [シナリオ名: 新規ユーザー登録]
[ADMIN] 15:37:35.844765 シナリオ走行を開始しました [シナリオ名: 新規ユーザー登録]
[ADMIN] 15:37:35.844787 シナリオ走行を終了しました [シナリオ名: 新規ユーザー登録]
[ADMIN] 15:37:35.844797 シナリオ走行を開始しました [シナリオ名: 新規ユーザー登録]
[ADMIN] 15:37:35.847343 シナリオ走行を終了しました [シナリオ名: 新規ユーザー登録]
[ADMIN] 15:37:35.847359 シナリオ走行を開始しました [シナリオ名: 新規ユーザー登録]
[ADMIN] 15:37:35.847384 シナリオ走行を終了しました [シナリオ名: 新規ユーザー登録]
[ADMIN] 15:37:35.847399 シナリオ走行を開始しました [シナリオ名: 新規ユーザー登録]
[ADMIN] 15:37:35.847472 シナリオ走行を終了しました [シナリオ名: 新規ユーザー登録]
[ADMIN] 15:37:35.847486 シナリオ走行を開始しました [シナリオ名: 新規ユーザー登録]
[ADMIN] 15:37:35.849702 シナリオ走行を終了しました [シナリオ名: 新規ユーザー登録]
[ADMIN] 15:37:35.849710 シナリオ走行を終了しました [シナリオ名: 新規ユーザー登録]
[ADMIN] 15:37:35.849715 シナリオ走行を開始しました [シナリオ名: 新規ユーザー登録]
[ADMIN] 15:37:35.849722 シナリオ走行を開始しました [シナリオ名: 新規ユーザー登録]
[ADMIN] 15:37:35.849884 シナリオ走行を終了しました [シナリオ名: 新規ユーザー登録]
[ADMIN] 15:37:35.849898 シナリオ走行を開始しました [シナリオ名: 新規ユーザー登録]
[ADMIN] 15:37:35.851662 シナリオ走行を終了しました [シナリオ名: 新規ユーザー登録]
[ADMIN] 15:37:35.851672 シナリオ走行を終了しました [シナリオ名: 新規ユーザー登録]
[ADMIN] 15:37:35.851681 シナリオ走行を開始しました [シナリオ名: 新規ユーザー登録]
[ADMIN] 15:37:35.851709 シナリオ走行を終了しました [シナリオ名: 新規ユーザー登録]
[ADMIN] 15:37:35.851723 シナリオ走行を開始しました [シナリオ名: 新規ユーザー登録]
[ADMIN] 15:37:35.851682 シナリオ走行を開始しました [シナリオ名: 新規ユーザー登録]
[ADMIN] 15:37:35.857768 シナリオ走行を終了しました [シナリオ名: 新規ユーザー登録]
[ADMIN] 15:37:35.857786 シナリオ走行を開始しました [シナリオ名: 新規ユーザー登録]
[ADMIN] 15:37:35.858073 シナリオ走行を終了しました [シナリオ名: 新規ユーザー登録]
[ADMIN] 15:37:35.858087 シナリオ走行を開始しました [シナリオ名: 新規ユーザー登録]
[ADMIN] 15:37:35.858382 シナリオ走行を終了しました [シナリオ名: 新規ユーザー登録]
[ADMIN] 15:37:35.858402 シナリオ走行を開始しました [シナリオ名: 新規ユーザー登録]
[ADMIN] 15:37:35.870716 シナリオ走行を終了しました [シナリオ名: 新規ユーザー登録]
[ADMIN] 15:37:35.870735 シナリオ走行を開始しました [シナリオ名: 新規ユーザー登録]
[ADMIN] 15:37:35.873279 シナリオ走行を終了しました [シナリオ名: 新規ユーザー登録]
[ADMIN] 15:37:35.873291 シナリオ走行を開始しました [シナリオ名: 新規ユーザー登録]
[ADMIN] 15:37:35.873865 シナリオ走行を終了しました [シナリオ名: 新規ユーザー登録]
[ADMIN] 15:37:35.873881 シナリオ走行を開始しました [シナリオ名: 新規ユーザー登録]
[ADMIN] 15:37:35.874028 シナリオ走行を終了しました [シナリオ名: 新規ユーザー登録]
[ADMIN] 15:37:35.874043 シナリオ走行を開始しました [シナリオ名: 新規ユーザー登録]
[ADMIN] 15:37:35.876187 シナリオ走行を終了しました [シナリオ名: 新規ユーザー登録]
[ADMIN] 15:37:35.876201 シナリオ走行を開始しました [シナリオ名: 新規ユーザー登録]
[ADMIN] 15:37:35.876244 シナリオ走行を終了しました [シナリオ名: 新規ユーザー登録]
[ADMIN] 15:37:35.876261 シナリオ走行を開始しました [シナリオ名: 新規ユーザー登録]
[ADMIN] 15:37:35.877370 シナリオ走行を終了しました [シナリオ名: 新規ユーザー登録]
[ADMIN] 15:37:35.877384 シナリオ走行を開始しました [シナリオ名: 新規ユーザー登録]
[ADMIN] 15:37:35.880435 シナリオ走行を終了しました [シナリオ名: 新規ユーザー登録]
[ADMIN] 15:37:35.880446 シナリオ走行を開始しました [シナリオ名: 新規ユーザー登録]
[ADMIN] 15:37:35.880826 シナリオ走行を終了しました [シナリオ名: 新規ユーザー登録]
[ADMIN] 15:37:35.880838 シナリオ走行を開始しました [シナリオ名: 新規ユーザー登録]
[ADMIN] 15:37:35.881176 シナリオ走行を終了しました [シナリオ名: 新規ユーザー登録]
[ADMIN] 15:37:35.881187 シナリオ走行を開始しました [シナリオ名: 新規ユーザー登録]
[ADMIN] 15:37:35.886061 シナリオ走行を終了しました [シナリオ名: 新規ユーザー登録]
[ADMIN] 15:37:35.886074 シナリオ走行を開始しました [シナリオ名: 新規ユーザー登録]
[ADMIN] 15:37:35.887214 シナリオ走行を終了しました [シナリオ名: 新規ユーザー登録]
[ADMIN] 15:37:35.887229 シナリオ走行を開始しました [シナリオ名: 新規ユーザー登録]
[ADMIN] 15:37:35.887289 シナリオ走行を終了しました [シナリオ名: 新規ユーザー登録]
[ADMIN] 15:37:35.887307 シナリオ走行を開始しました [シナリオ名: 新規ユーザー登録]
[ADMIN] 15:37:35.889728 シナリオ走行を終了しました [シナリオ名: 新規ユーザー登録]
[ADMIN] 15:37:35.889743 シナリオ走行を開始しました [シナリオ名: 新規ユーザー登録]
[ADMIN] 15:37:35.889778 シナリオ走行を終了しました [シナリオ名: 新規ユーザー登録]
[ADMIN] 15:37:35.889791 シナリオ走行を開始しました [シナリオ名: 新規ユーザー登録]
[ADMIN] 15:37:35.890054 シナリオ走行を終了しました [シナリオ名: 新規ユーザー登録]
[ADMIN] 15:37:35.890071 シナリオ走行を開始しました [シナリオ名: 新規ユーザー登録]
[ADMIN] 15:37:35.891432 シナリオ走行を終了しました [シナリオ名: 新規ユーザー登録]
[ADMIN] 15:37:35.891447 シナリオ走行を開始しました [シナリオ名: 新規ユーザー登録]
[ADMIN] 15:37:35.892977 シナリオ走行を終了しました [シナリオ名: 新規ユーザー登録]
[ADMIN] 15:37:35.892992 シナリオ走行を開始しました [シナリオ名: 新規ユーザー登録]
[ADMIN] 15:37:35.893134 シナリオ走行を終了しました [シナリオ名: 新規ユーザー登録]
[ADMIN] 15:37:35.893150 シナリオ走行を開始しました [シナリオ名: 新規ユーザー登録]
[ADMIN] 15:37:35.893176 シナリオ走行を終了しました [シナリオ名: 新規ユーザー登録]
[ADMIN] 15:37:35.893186 シナリオ走行を開始しました [シナリオ名: 新規ユーザー登録]
[ADMIN] 15:37:35.913930 シナリオ走行を終了しました [シナリオ名: 新規ユーザー登録]
[ADMIN] 15:37:35.913947 シナリオ走行を開始しました [シナリオ名: 新規ユーザー登録]
[ADMIN] 15:37:35.914110 シナリオ走行を終了しました [シナリオ名: 新規ユーザー登録]
[ADMIN] 15:37:35.914122 シナリオ走行を開始しました [シナリオ名: 新規ユーザー登録]
[ADMIN] 15:37:35.914134 シナリオ走行を終了しました [シナリオ名: 新規ユーザー登録]
[ADMIN] 15:37:35.914145 シナリオ走行を開始しました [シナリオ名: 新規ユーザー登録]
[ADMIN] 15:37:35.916537 シナリオ走行を終了しました [シナリオ名: 新規ユーザー登録]
[ADMIN] 15:37:35.916555 シナリオ走行を開始しました [シナリオ名: 新規ユーザー登録]
[ADMIN] 15:37:35.916613 シナリオ走行を終了しました [シナリオ名: 新規ユーザー登録]
[ADMIN] 15:37:35.916628 シナリオ走行を開始しました [シナリオ名: 新規ユーザー登録]
[ADMIN] 15:37:35.917887 シナリオ走行を終了しました [シナリオ名: 新規ユーザー登録]
[ADMIN] 15:37:35.917900 シナリオ走行を開始しました [シナリオ名: 新規ユーザー登録]
[ADMIN] 15:37:35.919535 シナリオ走行を終了しました [シナリオ名: 新規ユーザー登録]
[ADMIN] 15:37:35.919551 シナリオ走行を開始しました [シナリオ名: 新規ユーザー登録]
[ADMIN] 15:37:35.919821 シナリオ走行を終了しました [シナリオ名: 新規ユーザー登録]
[ADMIN] 15:37:35.919833 シナリオ走行を開始しました [シナリオ名: 新規ユーザー登録]
[ADMIN] 15:37:35.920112 シナリオ走行を終了しました [シナリオ名: 新規ユーザー登録]
[ADMIN] 15:37:35.920127 シナリオ走行を開始しました [シナリオ名: 新規ユーザー登録]
[ADMIN] 15:37:35.938949 シナリオ走行を終了しました [シナリオ名: 新規ユーザー登録]
[ADMIN] 15:37:35.938965 シナリオ走行を開始しました [シナリオ名: 新規ユーザー登録]
[ADMIN] 15:37:35.939184 シナリオ走行を終了しました [シナリオ名: 新規ユーザー登録]
[ADMIN] 15:37:35.939195 シナリオ走行を開始しました [シナリオ名: 新規ユーザー登録]
[ADMIN] 15:37:35.939464 シナリオ走行を終了しました [シナリオ名: 新規ユーザー登録]
[ADMIN] 15:37:35.939482 シナリオ走行を開始しました [シナリオ名: 新規ユーザー登録]
[ADMIN] 15:37:35.941847 シナリオ走行を終了しました [シナリオ名: 新規ユーザー登録]
[ADMIN] 15:37:35.941896 シナリオ走行を開始しました [シナリオ名: 新規ユーザー登録]
[ADMIN] 15:37:35.941904 シナリオ走行を終了しました [シナリオ名: 新規ユーザー登録]
[ADMIN] 15:37:35.941920 シナリオ走行を開始しました [シナリオ名: 新規ユーザー登録]
[ADMIN] 15:37:35.941981 シナリオ走行を終了しました [シナリオ名: 新規ユーザー登録]
[ADMIN] 15:37:35.942009 シナリオ走行を開始しました [シナリオ名: 新規ユーザー登録]
[ADMIN] 15:37:35.949693 シナリオ走行を終了しました [シナリオ名: 新規ユーザー登録]
[ADMIN] 15:37:35.949701 シナリオ走行を終了しました [シナリオ名: 新規ユーザー登録]
[ADMIN] 15:37:35.949709 シナリオ走行を開始しました [シナリオ名: 新規ユーザー登録]
[ADMIN] 15:37:35.949713 シナリオ走行を開始しました [シナリオ名: 新規ユーザー登録]
[ADMIN] 15:37:35.949715 シナリオ走行を終了しました [シナリオ名: 新規ユーザー登録]
[ADMIN] 15:37:35.949742 シナリオ走行を開始しました [シナリオ名: 新規ユーザー登録]
[ADMIN] 15:37:35.953059 シナリオ走行を終了しました [シナリオ名: 新規ユーザー登録]
[ADMIN] 15:37:35.953081 シナリオ走行を開始しました [シナリオ名: 新規ユーザー登録]
[ADMIN] 15:37:35.953129 シナリオ走行を終了しました [シナリオ名: 新規ユーザー登録]
[ADMIN] 15:37:35.953149 シナリオ走行を開始しました [シナリオ名: 新規ユーザー登録]
[ADMIN] 15:37:35.953206 シナリオ走行を終了しました [シナリオ名: 新規ユーザー登録]
[ADMIN] 15:37:35.953220 シナリオ走行を開始しました [シナリオ名: 新規ユーザー登録]
[ADMIN] 15:37:35.955282 シナリオ走行を終了しました [シナリオ名: 新規ユーザー登録]
[ADMIN] 15:37:35.955297 シナリオ走行を開始しました [シナリオ名: 新規ユーザー登録]
[ADMIN] 15:37:35.955302 シナリオ走行を終了しました [シナリオ名: 新規ユーザー登録]
[ADMIN] 15:37:35.955335 シナリオ走行を開始しました [シナリオ名: 新規ユーザー登録]
[ADMIN] 15:37:35.955431 シナリオ走行を終了しました [シナリオ名: 新規ユーザー登録]
[ADMIN] 15:37:35.955446 シナリオ走行を開始しました [シナリオ名: 新規ユーザー登録]
[ADMIN] 15:37:35.958676 シナリオ走行を終了しました [シナリオ名: 新規ユーザー登録]
[ADMIN] 15:37:35.958690 シナリオ走行を開始しました [シナリオ名: 新規ユーザー登録]
[ADMIN] 15:37:35.960847 シナリオ走行を終了しました [シナリオ名: 新規ユーザー登録]
[ADMIN] 15:37:35.960859 シナリオ走行を開始しました [シナリオ名: 新規ユーザー登録]
[ADMIN] 15:37:35.963639 シナリオ走行を終了しました [シナリオ名: 新規ユーザー登録]
[ADMIN] 15:37:35.963669 シナリオ走行を開始しました [シナリオ名: 新規ユーザー登録]
[ADMIN] 15:37:35.963741 シナリオ走行を終了しました [シナリオ名: 新規ユーザー登録]
[ADMIN] 15:37:35.963771 シナリオ走行を開始しました [シナリオ名: 新規ユーザー登録]
[ADMIN] 15:37:35.963784 シナリオ走行を終了しました [シナリオ名: 新規ユーザー登録]
[ADMIN] 15:37:35.963866 シナリオ走行を開始しました [シナリオ名: 新規ユーザー登録]
[ADMIN] 15:37:35.967704 シナリオ走行を終了しました [シナリオ名: 新規ユーザー登録]
[ADMIN] 15:37:35.967720 シナリオ走行を開始しました [シナリオ名: 新規ユーザー登録]
[ADMIN] 15:37:35.968579 シナリオ走行を終了しました [シナリオ名: 新規ユーザー登録]
[ADMIN] 15:37:35.968592 シナリオ走行を開始しました [シナリオ名: 新規ユーザー登録]
[ADMIN] 15:37:35.968598 シナリオ走行を終了しました [シナリオ名: 新規ユーザー登録]
[ADMIN] 15:37:35.968611 シナリオ走行を開始しました [シナリオ名: 新規ユーザー登録]
[ADMIN] 15:37:35.969645 シナリオ走行を終了しました [シナリオ名: 新規ユーザー登録]
[ADMIN] 15:37:35.969660 シナリオ走行を開始しました [シナリオ名: 新規ユーザー登録]
[ADMIN] 15:37:35.970230 シナリオ走行を終了しました [シナリオ名: 新規ユーザー登録]
[ADMIN] 15:37:35.970871 シナリオ走行を終了しました [シナリオ名: 新規ユーザー登録]
[ADMIN] 15:37:35.970882 シナリオ走行を開始しました [シナリオ名: 新規ユーザー登録]
[ADMIN] 15:37:35.970943 シナリオ走行を開始しました [シナリオ名: 新規ユーザー登録]
[ADMIN] 15:37:35.971309 シナリオ走行を終了しました [シナリオ名: 新規ユーザー登録]
[ADMIN] 15:37:35.971321 シナリオ走行を開始しました [シナリオ名: 新規ユーザー登録]
[ADMIN] 15:37:35.972083 シナリオ走行を終了しました [シナリオ名: 新規ユーザー登録]
[ADMIN] 15:37:35.972096 シナリオ走行を開始しました [シナリオ名: 新規ユーザー登録]
[ADMIN] 15:37:35.972907 シナリオ走行を終了しました [シナリオ名: 新規ユーザー登録]
[ADMIN] 15:37:35.972918 シナリオ走行を開始しました [シナリオ名: 新規ユーザー登録]
[ADMIN] 15:37:35.973730 シナリオ走行を終了しました [シナリオ名: 新規ユーザー登録]
[ADMIN] 15:37:35.973743 シナリオ走行を開始しました [シナリオ名: 新規ユーザー登録]
[ADMIN] 15:37:35.974972 シナリオ走行を終了しました [シナリオ名: 新規ユーザー登録]
[ADMIN] 15:37:35.974986 シナリオ走行を開始しました [シナリオ名: 新規ユーザー登録]
[ADMIN] 15:37:35.975355 シナリオ走行を終了しました [シナリオ名: 新規ユーザー登録]
[ADMIN] 15:37:35.975370 シナリオ走行を開始しました [シナリオ名: 新規ユーザー登録]
[ADMIN] 15:37:35.975743 シナリオ走行を終了しました [シナリオ名: 新規ユーザー登録]
[ADMIN] 15:37:35.975758 シナリオ走行を開始しました [シナリオ名: 新規ユーザー登録]
[ADMIN] 15:37:35.976469 シナリオ走行を終了しました [シナリオ名: 新規ユーザー登録]
[ADMIN] 15:37:35.976481 シナリオ走行を開始しました [シナリオ名: 新規ユーザー登録]
[ADMIN] 15:37:35.977498 シナリオ走行を終了しました [シナリオ名: 新規ユーザー登録]
[ADMIN] 15:37:35.977512 シナリオ走行を開始しました [シナリオ名: 新規ユーザー登録]
[ADMIN] 15:37:35.978761 シナリオ走行を終了しました [シナリオ名: 新規ユーザー登録]
[ADMIN] 15:37:35.978774 シナリオ走行を開始しました [シナリオ名: 新規ユーザー登録]
[ADMIN] 15:37:35.979212 シナリオ走行を終了しました [シナリオ名: 新規ユーザー登録]
[ADMIN] 15:37:35.979226 シナリオ走行を開始しました [シナリオ名: 新規ユーザー登録]
[ADMIN] 15:37:35.979611 シナリオ走行を終了しました [シナリオ名: 新規ユーザー登録]
[ADMIN] 15:37:35.979627 シナリオ走行を開始しました [シナリオ名: 新規ユーザー登録]
[ADMIN] 15:37:35.980595 シナリオ走行を終了しました [シナリオ名: 新規ユーザー登録]
[ADMIN] 15:37:35.980609 シナリオ走行を開始しました [シナリオ名: 新規ユーザー登録]
[ADMIN] 15:37:35.981227 シナリオ走行を終了しました [シナリオ名: 新規ユーザー登録]
[ADMIN] 15:37:35.981240 シナリオ走行を開始しました [シナリオ名: 新規ユーザー登録]
[ADMIN] 15:37:35.982225 シナリオ走行を終了しました [シナリオ名: 新規ユーザー登録]
[ADMIN] 15:37:35.982239 シナリオ走行を開始しました [シナリオ名: 新規ユーザー登録]
[ADMIN] 15:37:35.982773 シナリオ走行を終了しました [シナリオ名: 新規ユーザー登録]
[ADMIN] 15:37:35.982785 シナリオ走行を開始しました [シナリオ名: 新規ユーザー登録]
[ADMIN] 15:37:35.984234 シナリオ走行を終了しました [シナリオ名: 新規ユーザー登録]
[ADMIN] 15:37:35.984248 シナリオ走行を開始しました [シナリオ名: 新規ユーザー登録]
[ADMIN] 15:37:35.984768 シナリオ走行を終了しました [シナリオ名: 新規ユーザー登録]
[ADMIN] 15:37:35.984781 シナリオ走行を開始しました [シナリオ名: 新規ユーザー登録]
[ADMIN] 15:37:35.985517 シナリオ走行を終了しました [シナリオ名: 新規ユーザー登録]
[ADMIN] 15:37:35.985531 シナリオ走行を開始しました [シナリオ名: 新規ユーザー登録]
[ADMIN] 15:37:35.986385 シナリオ走行を終了しました [シナリオ名: 新規ユーザー登録]
[ADMIN] 15:37:35.986398 シナリオ走行を開始しました [シナリオ名: 新規ユーザー登録]
[ADMIN] 15:37:35.989718 シナリオ走行を終了しました [シナリオ名: 新規ユーザー登録]
[ADMIN] 15:37:35.989733 シナリオ走行を開始しました [シナリオ名: 新規ユーザー登録]
[ADMIN] 15:37:35.990084 シナリオ走行を終了しました [シナリオ名: 新規ユーザー登録]
[ADMIN] 15:37:35.990098 シナリオ走行を開始しました [シナリオ名: 新規ユーザー登録]
[ADMIN] 15:37:35.990711 シナリオ走行を終了しました [シナリオ名: 新規ユーザー登録]
[ADMIN] 15:37:35.990723 シナリオ走行を開始しました [シナリオ名: 新規ユーザー登録]
[ADMIN] 15:37:35.991553 シナリオ走行を終了しました [シナリオ名: 新規ユーザー登録]
[ADMIN] 15:37:35.991568 シナリオ走行を開始しました [シナリオ名: 新規ユーザー登録]
[ADMIN] 15:37:35.991976 シナリオ走行を終了しました [シナリオ名: 新規ユーザー登録]
[ADMIN] 15:37:35.991987 シナリオ走行を開始しました [シナリオ名: 新規ユーザー登録]
[ADMIN] 15:37:35.992641 シナリオ走行を終了しました [シナリオ名: 新規ユーザー登録]
[ADMIN] 15:37:35.992653 シナリオ走行を開始しました [シナリオ名: 新規ユーザー登録]
[ADMIN] 15:37:35.993209 シナリオ走行を終了しました [シナリオ名: 新規ユーザー登録]
[ADMIN] 15:37:35.993221 シナリオ走行を開始しました [シナリオ名: 新規ユーザー登録]
[ADMIN] 15:37:35.993854 シナリオ走行を終了しました [シナリオ名: 新規ユーザー登録]
[ADMIN] 15:37:35.993865 シナリオ走行を開始しました [シナリオ名: 新規ユーザー登録]
[ADMIN] 15:37:35.994499 シナリオ走行を終了しました [シナリオ名: 新規ユーザー登録]
[ADMIN] 15:37:35.994512 シナリオ走行を開始しました [シナリオ名: 新規ユーザー登録]
[ADMIN] 15:37:35.995063 シナリオ走行を終了しました [シナリオ名: 新規ユーザー登録]
[ADMIN] 15:37:35.995075 シナリオ走行を開始しました [シナリオ名: 新規ユーザー登録]
[ADMIN] 15:37:35.995661 シナリオ走行を終了しました [シナリオ名: 新規ユーザー登録]
[ADMIN] 15:37:35.995677 シナリオ走行を開始しました [シナリオ名: 新規ユーザー登録]
[ADMIN] 15:37:35.996261 シナリオ走行を終了しました [シナリオ名: 新規ユーザー登録]
[ADMIN] 15:37:35.996275 シナリオ走行を開始しました [シナリオ名: 新規ユーザー登録]
[ADMIN] 15:37:35.997298 シナリオ走行を終了しました [シナリオ名: 新規ユーザー登録]
[ADMIN] 15:37:35.997312 シナリオ走行を開始しました [シナリオ名: 新規ユーザー登録]
[ADMIN] 15:37:35.998427 シナリオ走行を終了しました [シナリオ名: 新規ユーザー登録]
[ADMIN] 15:37:35.998438 シナリオ走行を開始しました [シナリオ名: 新規ユーザー登録]
[ADMIN] 15:37:35.998820 シナリオ走行を終了しました [シナリオ名: 新規ユーザー登録]
[ADMIN] 15:37:35.998834 シナリオ走行を開始しました [シナリオ名: 新規ユーザー登録]
[ADMIN] 15:37:35.999494 シナリオ走行を終了しました [シナリオ名: 新規ユーザー登録]
[ADMIN] 15:37:35.999507 シナリオ走行を開始しました [シナリオ名: 新規ユーザー登録]
[ADMIN] 15:37:36.000048 シナリオ走行を終了しました [シナリオ名: 新規ユーザー登録]
[ADMIN] 15:37:36.000061 シナリオ走行を開始しました [シナリオ名: 新規ユーザー登録]
[ADMIN] 15:37:36.000816 シナリオ走行を終了しました [シナリオ名: 新規ユーザー登録]
[ADMIN] 15:37:36.000828 シナリオ走行を開始しました [シナリオ名: 新規ユーザー登録]
[ADMIN] 15:37:36.001277 シナリオ走行を終了しました [シナリオ名: 新規ユーザー登録]
[ADMIN] 15:37:36.001290 シナリオ走行を開始しました [シナリオ名: 新規ユーザー登録]
[ADMIN] 15:37:36.002256 シナリオ走行を終了しました [シナリオ名: 新規ユーザー登録]
[ADMIN] 15:37:36.002270 シナリオ走行を開始しました [シナリオ名: 新規ユーザー登録]
[ADMIN] 15:37:36.002689 シナリオ走行を終了しました [シナリオ名: 新規ユーザー登録]
[ADMIN] 15:37:36.002701 シナリオ走行を開始しました [シナリオ名: 新規ユーザー登録]
[ADMIN] 15:37:36.003076 シナリオ走行を終了しました [シナリオ名: 新規ユーザー登録]
[ADMIN] 15:37:36.003090 シナリオ走行を開始しました [シナリオ名: 新規ユーザー登録]
[ADMIN] 15:37:36.003855 シナリオ走行を終了しました [シナリオ名: 新規ユーザー登録]
[ADMIN] 15:37:36.003871 シナリオ走行を開始しました [シナリオ名: 新規ユーザー登録]
[ADMIN] 15:37:36.004459 シナリオ走行を終了しました [シナリオ名: 新規ユーザー登録]
[ADMIN] 15:37:36.004472 シナリオ走行を開始しました [シナリオ名: 新規ユーザー登録]
[ADMIN] 15:37:36.005189 シナリオ走行を終了しました [シナリオ名: 新規ユーザー登録]
[ADMIN] 15:37:36.005201 シナリオ走行を開始しました [シナリオ名: 新規ユーザー登録]
[ADMIN] 15:37:36.005738 シナリオ走行を終了しました [シナリオ名: 新規ユーザー登録]
[ADMIN] 15:37:36.005753 シナリオ走行を開始しました [シナリオ名: 新規ユーザー登録]
[ADMIN] 15:37:36.006326 シナリオ走行を終了しました [シナリオ名: 新規ユーザー登録]
[ADMIN] 15:37:36.006341 シナリオ走行を開始しました [シナリオ名: 新規ユーザー登録]
[ADMIN] 15:37:36.006892 シナリオ走行を終了しました [シナリオ名: 新規ユーザー登録]
[ADMIN] 15:37:36.006907 シナリオ走行を開始しました [シナリオ名: 新規ユーザー登録]
[ADMIN] 15:37:36.008353 シナリオ走行を終了しました [シナリオ名: 新規ユーザー登録]
[ADMIN] 15:37:36.008367 シナリオ走行を開始しました [シナリオ名: 新規ユーザー登録]
[ADMIN] 15:37:36.008766 シナリオ走行を終了しました [シナリオ名: 新規ユーザー登録]
[ADMIN] 15:37:36.008779 シナリオ走行を開始しました [シナリオ名: 新規ユーザー登録]
[ADMIN] 15:37:36.009319 シナリオ走行を終了しました [シナリオ名: 新規ユーザー登録]
[ADMIN] 15:37:36.009335 シナリオ走行を開始しました [シナリオ名: 新規ユーザー登録]
[ADMIN] 15:37:36.009962 シナリオ走行を終了しました [シナリオ名: 新規ユーザー登録]
[ADMIN] 15:37:36.009973 シナリオ走行を開始しました [シナリオ名: 新規ユーザー登録]
[ADMIN] 15:37:36.010633 シナリオ走行を終了しました [シナリオ名: 新規ユーザー登録]
[ADMIN] 15:37:36.010650 シナリオ走行を開始しました [シナリオ名: 新規ユーザー登録]
[ADMIN] 15:37:36.011127 シナリオ走行を終了しました [シナリオ名: 新規ユーザー登録]
[ADMIN] 15:37:36.011142 シナリオ走行を開始しました [シナリオ名: 新規ユーザー登録]
[ADMIN] 15:37:36.011764 シナリオ走行を終了しました [シナリオ名: 新規ユーザー登録]
[ADMIN] 15:37:36.011779 シナリオ走行を開始しました [シナリオ名: 新規ユーザー登録]
[ADMIN] 15:37:36.012422 シナリオ走行を終了しました [シナリオ名: 新規ユーザー登録]
[ADMIN] 15:37:36.012432 シナリオ走行を開始しました [シナリオ名: 新規ユーザー登録]
[ADMIN] 15:37:36.012957 シナリオ走行を終了しました [シナリオ名: 新規ユーザー登録]
[ADMIN] 15:37:36.012970 シナリオ走行を開始しました [シナリオ名: 新規ユーザー登録]
[ADMIN] 15:37:36.013536 シナリオ走行を終了しました [シナリオ名: 新規ユーザー登録]
[ADMIN] 15:37:36.013546 シナリオ走行を開始しました [シナリオ名: 新規ユーザー登録]
[ADMIN] 15:37:36.014151 シナリオ走行を終了しました [シナリオ名: 新規ユーザー登録]
[ADMIN] 15:37:36.014164 シナリオ走行を開始しました [シナリオ名: 新規ユーザー登録]
[ADMIN] 15:37:36.014722 シナリオ走行を終了しました [シナリオ名: 新規ユーザー登録]
[ADMIN] 15:37:36.014737 シナリオ走行を開始しました [シナリオ名: 新規ユーザー登録]
[ADMIN] 15:37:36.015387 シナリオ走行を終了しました [シナリオ名: 新規ユーザー登録]
[ADMIN] 15:37:36.015401 シナリオ走行を開始しました [シナリオ名: 新規ユーザー登録]
[ADMIN] 15:37:36.015969 シナリオ走行を終了しました [シナリオ名: 新規ユーザー登録]
[ADMIN] 15:37:36.015982 シナリオ走行を開始しました [シナリオ名: 新規ユーザー登録]
[ADMIN] 15:37:36.016632 シナリオ走行を終了しました [シナリオ名: 新規ユーザー登録]
[ADMIN] 15:37:36.016644 シナリオ走行を開始しました [シナリオ名: 新規ユーザー登録]
[ADMIN] 15:37:36.017281 シナリオ走行を終了しました [シナリオ名: 新規ユーザー登録]
[ADMIN] 15:37:36.017294 シナリオ走行を開始しました [シナリオ名: 新規ユーザー登録]
[ADMIN] 15:37:36.018766 シナリオ走行を終了しました [シナリオ名: 新規ユーザー登録]
[ADMIN] 15:37:36.018782 シナリオ走行を開始しました [シナリオ名: 新規ユーザー登録]
[ADMIN] 15:37:36.019146 シナリオ走行を終了しました [シナリオ名: 新規ユーザー登録]
[ADMIN] 15:37:36.019160 シナリオ走行を開始しました [シナリオ名: 新規ユーザー登録]
[ADMIN] 15:37:36.019593 シナリオ走行を終了しました [シナリオ名: 新規ユーザー登録]
[ADMIN] 15:37:36.019606 シナリオ走行を開始しました [シナリオ名: 新規ユーザー登録]
[ADMIN] 15:37:36.020394 シナリオ走行を終了しました [シナリオ名: 新規ユーザー登録]
[ADMIN] 15:37:36.020406 シナリオ走行を開始しました [シナリオ名: 新規ユーザー登録]
[ADMIN] 15:37:36.020966 シナリオ走行を終了しました [シナリオ名: 新規ユーザー登録]
[ADMIN] 15:37:36.020981 シナリオ走行を開始しました [シナリオ名: 新規ユーザー登録]
[ADMIN] 15:37:36.021639 シナリオ走行を終了しました [シナリオ名: 新規ユーザー登録]
[ADMIN] 15:37:36.021653 シナリオ走行を開始しました [シナリオ名: 新規ユーザー登録]
[ADMIN] 15:37:36.022218 シナリオ走行を終了しました [シナリオ名: 新規ユーザー登録]
[ADMIN] 15:37:36.022230 シナリオ走行を開始しました [シナリオ名: 新規ユーザー登録]
[ADMIN] 15:37:36.022789 シナリオ走行を終了しました [シナリオ名: 新規ユーザー登録]
[ADMIN] 15:37:36.022807 シナリオ走行を開始しました [シナリオ名: 新規ユーザー登録]
[ADMIN] 15:37:36.023370 シナリオ走行を終了しました [シナリオ名: 新規ユーザー登録]
[ADMIN] 15:37:36.023383 シナリオ走行を開始しました [シナリオ名: 新規ユーザー登録]
[ADMIN] 15:37:36.024010 シナリオ走行を終了しました [シナリオ名: 新規ユーザー登録]
[ADMIN] 15:37:36.024021 シナリオ走行を開始しました [シナリオ名: 新規ユーザー登録]
[ADMIN] 15:37:36.024584 シナリオ走行を終了しました [シナリオ名: 新規ユーザー登録]
[ADMIN] 15:37:36.024598 シナリオ走行を開始しました [シナリオ名: 新規ユーザー登録]
[ADMIN] 15:37:36.025136 シナリオ走行を終了しました [シナリオ名: 新規ユーザー登録]
[ADMIN] 15:37:36.025151 シナリオ走行を開始しました [シナリオ名: 新規ユーザー登録]
[ADMIN] 15:37:36.026018 シナリオ走行を終了しました [シナリオ名: 新規ユーザー登録]
[ADMIN] 15:37:36.026031 シナリオ走行を開始しました [シナリオ名: 新規ユーザー登録]
[ADMIN] 15:37:36.026415 シナリオ走行を終了しました [シナリオ名: 新規ユーザー登録]
[ADMIN] 15:37:36.026425 シナリオ走行を開始しました [シナリオ名: 新規ユーザー登録]
[ADMIN] 15:37:36.026788 シナリオ走行を終了しました [シナリオ名: 新規ユーザー登録]
[ADMIN] 15:37:36.026801 シナリオ走行を開始しました [シナリオ名: 新規ユーザー登録]
[ADMIN] 15:37:36.028248 シナリオ走行を終了しました [シナリオ名: 新規ユーザー登録]
[ADMIN] 15:37:36.028258 シナリオ走行を開始しました [シナリオ名: 新規ユーザー登録]
[ADMIN] 15:37:36.028664 シナリオ走行を終了しました [シナリオ名: 新規ユーザー登録]
[ADMIN] 15:37:36.028678 シナリオ走行を開始しました [シナリオ名: 新規ユーザー登録]
[ADMIN] 15:37:36.029352 シナリオ走行を終了しました [シナリオ名: 新規ユーザー登録]
[ADMIN] 15:37:36.029363 シナリオ走行を開始しました [シナリオ名: 新規ユーザー登録]
[ADMIN] 15:37:36.029822 シナリオ走行を終了しました [シナリオ名: 新規ユーザー登録]
[ADMIN] 15:37:36.029835 シナリオ走行を開始しました [シナリオ名: 新規ユーザー登録]
[ADMIN] 15:37:36.030534 シナリオ走行を終了しました [シナリオ名: 新規ユーザー登録]
[ADMIN] 15:37:36.030546 シナリオ走行を開始しました [シナリオ名: 新規ユーザー登録]
[ADMIN] 15:37:36.031200 シナリオ走行を終了しました [シナリオ名: 新規ユーザー登録]
[ADMIN] 15:37:36.031212 シナリオ走行を開始しました [シナリオ名: 新規ユーザー登録]
[ADMIN] 15:37:36.031841 シナリオ走行を終了しました [シナリオ名: 新規ユーザー登録]
[ADMIN] 15:37:36.031853 シナリオ走行を開始しました [シナリオ名: 新規ユーザー登録]
[ADMIN] 15:37:36.032378 シナリオ走行を終了しました [シナリオ名: 新規ユーザー登録]
[ADMIN] 15:37:36.032389 シナリオ走行を開始しました [シナリオ名: 新規ユーザー登録]
[ADMIN] 15:37:36.033091 シナリオ走行を終了しました [シナリオ名: 新規ユーザー登録]
[ADMIN] 15:37:36.033106 シナリオ走行を開始しました [シナリオ名: 新規ユーザー登録]
[ADMIN] 15:37:36.033811 シナリオ走行を終了しました [シナリオ名: 新規ユーザー登録]
[ADMIN] 15:37:36.033822 シナリオ走行を開始しました [シナリオ名: 新規ユーザー登録]
[ADMIN] 15:37:36.034388 シナリオ走行を終了しました [シナリオ名: 新規ユーザー登録]
[ADMIN] 15:37:36.034401 シナリオ走行を開始しました [シナリオ名: 新規ユーザー登録]
[ADMIN] 15:37:36.035222 シナリオ走行を終了しました [シナリオ名: 新規ユーザー登録]
[ADMIN] 15:37:36.035238 シナリオ走行を開始しました [シナリオ名: 新規ユーザー登録]
[ADMIN] 15:37:36.035650 シナリオ走行を終了しました [シナリオ名: 新規ユーザー登録]
[ADMIN] 15:37:36.035663 シナリオ走行を開始しました [シナリオ名: 新規ユーザー登録]
[ADMIN] 15:37:36.036008 シナリオ走行を終了しました [シナリオ名: 新規ユーザー登録]
[ADMIN] 15:37:36.036021 シナリオ走行を開始しました [シナリオ名: 新規ユーザー登録]
[ADMIN] 15:37:36.036986 シナリオ走行を終了しました [シナリオ名: 新規ユーザー登録]
[ADMIN] 15:37:36.036998 シナリオ走行を開始しました [シナリオ名: 新規ユーザー登録]
[ADMIN] 15:37:36.037408 シナリオ走行を終了しました [シナリオ名: 新規ユーザー登録]
[ADMIN] 15:37:36.037421 シナリオ走行を開始しました [シナリオ名: 新規ユーザー登録]
[ADMIN] 15:37:36.038807 シナリオ走行を終了しました [シナリオ名: 新規ユーザー登録]
[ADMIN] 15:37:36.038826 シナリオ走行を開始しました [シナリオ名: 新規ユーザー登録]
[ADMIN] 15:37:36.039232 シナリオ走行を終了しました [シナリオ名: 新規ユーザー登録]
[ADMIN] 15:37:36.039247 シナリオ走行を開始しました [シナリオ名: 新規ユーザー登録]
[ADMIN] 15:37:36.039568 シナリオ走行を終了しました [シナリオ名: 新規ユーザー登録]
[ADMIN] 15:37:36.039582 シナリオ走行を開始しました [シナリオ名: 新規ユーザー登録]
[ADMIN] 15:37:36.040519 シナリオ走行を終了しました [シナリオ名: 新規ユーザー登録]
[ADMIN] 15:37:36.040532 シナリオ走行を開始しました [シナリオ名: 新規ユーザー登録]
[ADMIN] 15:37:36.040889 シナリオ走行を終了しました [シナリオ名: 新規ユーザー登録]
[ADMIN] 15:37:36.040901 シナリオ走行を開始しました [シナリオ名: 新規ユーザー登録]
[ADMIN] 15:37:36.041263 シナリオ走行を終了しました [シナリオ名: 新規ユーザー登録]
[ADMIN] 15:37:36.041276 シナリオ走行を開始しました [シナリオ名: 新規ユーザー登録]
[ADMIN] 15:37:36.042256 シナリオ走行を終了しました [シナリオ名: 新規ユーザー登録]
[ADMIN] 15:37:36.042266 シナリオ走行を開始しました [シナリオ名: 新規ユーザー登録]
[ADMIN] 15:37:36.042679 シナリオ走行を終了しました [シナリオ名: 新規ユーザー登録]
[ADMIN] 15:37:36.042690 シナリオ走行を開始しました [シナリオ名: 新規ユーザー登録]
[ADMIN] 15:37:36.043358 シナリオ走行を終了しました [シナリオ名: 新規ユーザー登録]
[ADMIN] 15:37:36.043377 シナリオ走行を開始しました [シナリオ名: 新規ユーザー登録]
[ADMIN] 15:37:36.044068 シナリオ走行を終了しました [シナリオ名: 新規ユーザー登録]
[ADMIN] 15:37:36.044082 シナリオ走行を開始しました [シナリオ名: 新規ユーザー登録]
[ADMIN] 15:37:36.044514 シナリオ走行を終了しました [シナリオ名: 新規ユーザー登録]
[ADMIN] 15:37:36.044529 シナリオ走行を開始しました [シナリオ名: 新規ユーザー登録]
[ADMIN] 15:37:36.045083 シナリオ走行を終了しました [シナリオ名: 新規ユーザー登録]
[ADMIN] 15:37:36.045098 シナリオ走行を開始しました [シナリオ名: 新規ユーザー登録]
[ADMIN] 15:37:36.045759 シナリオ走行を終了しました [シナリオ名: 新規ユーザー登録]
[ADMIN] 15:37:36.045772 シナリオ走行を開始しました [シナリオ名: 新規ユーザー登録]
[ADMIN] 15:37:36.046262 シナリオ走行を終了しました [シナリオ名: 新規ユーザー登録]
[ADMIN] 15:37:36.046276 シナリオ走行を開始しました [シナリオ名: 新規ユーザー登録]
[ADMIN] 15:37:36.046898 シナリオ走行を終了しました [シナリオ名: 新規ユーザー登録]
[ADMIN] 15:37:36.046911 シナリオ走行を開始しました [シナリオ名: 新規ユーザー登録]
[ADMIN] 15:37:36.047627 シナリオ走行を終了しました [シナリオ名: 新規ユーザー登録]
[ADMIN] 15:37:36.047641 シナリオ走行を開始しました [シナリオ名: 新規ユーザー登録]
[ADMIN] 15:37:36.048952 シナリオ走行を終了しました [シナリオ名: 新規ユーザー登録]
[ADMIN] 15:37:36.048965 シナリオ走行を開始しました [シナリオ名: 新規ユーザー登録]
[ADMIN] 15:37:36.049328 シナリオ走行を終了しました [シナリオ名: 新規ユーザー登録]
[ADMIN] 15:37:36.049338 シナリオ走行を開始しました [シナリオ名: 新規ユーザー登録]
[ADMIN] 15:37:36.049738 シナリオ走行を終了しました [シナリオ名: 新規ユーザー登録]
[ADMIN] 15:37:36.049750 シナリオ走行を開始しました [シナリオ名: 新規ユーザー登録]
[ADMIN] 15:37:36.050690 シナリオ走行を終了しました [シナリオ名: 新規ユーザー登録]
[ADMIN] 15:37:36.050705 シナリオ走行を開始しました [シナリオ名: 新規ユーザー登録]
[ADMIN] 15:37:36.051063 シナリオ走行を終了しました [シナリオ名: 新規ユーザー登録]
[ADMIN] 15:37:36.051075 シナリオ走行を開始しました [シナリオ名: 新規ユーザー登録]
[ADMIN] 15:37:36.051539 シナリオ走行を終了しました [シナリオ名: 新規ユーザー登録]
[ADMIN] 15:37:36.051553 シナリオ走行を開始しました [シナリオ名: 新規ユーザー登録]
[ADMIN] 15:37:36.052541 シナリオ走行を終了しました [シナリオ名: 新規ユーザー登録]
[ADMIN] 15:37:36.052559 シナリオ走行を開始しました [シナリオ名: 新規ユーザー登録]
[ADMIN] 15:37:36.053113 シナリオ走行を終了しました [シナリオ名: 新規ユーザー登録]
[ADMIN] 15:37:36.053127 シナリオ走行を開始しました [シナリオ名: 新規ユーザー登録]
[ADMIN] 15:37:36.053366 シナリオ走行を終了しました [シナリオ名: 新規ユーザー登録]
[ADMIN] 15:37:36.053409 シナリオ走行を開始しました [シナリオ名: 新規ユーザー登録]
[ADMIN] 15:37:36.056958 シナリオ走行を終了しました [シナリオ名: 新規ユーザー登録]
[ADMIN] 15:37:36.056972 シナリオ走行を開始しました [シナリオ名: 新規ユーザー登録]
[ADMIN] 15:37:36.057209 シナリオ走行を終了しました [シナリオ名: 新規ユーザー登録]
[ADMIN] 15:37:36.057223 シナリオ走行を開始しました [シナリオ名: 新規ユーザー登録]
[ADMIN] 15:37:36.057632 シナリオ走行を終了しました [シナリオ名: 新規ユーザー登録]
[ADMIN] 15:37:36.057650 シナリオ走行を開始しました [シナリオ名: 新規ユーザー登録]
[ADMIN] 15:37:36.059103 シナリオ走行を終了しました [シナリオ名: 新規ユーザー登録]
[ADMIN] 15:37:36.059118 シナリオ走行を開始しました [シナリオ名: 新規ユーザー登録]
[ADMIN] 15:37:36.059518 シナリオ走行を終了しました [シナリオ名: 新規ユーザー登録]
[ADMIN] 15:37:36.059530 シナリオ走行を開始しました [シナリオ名: 新規ユーザー登録]
[ADMIN] 15:37:36.059835 シナリオ走行を終了しました [シナリオ名: 新規ユーザー登録]
[ADMIN] 15:37:36.059849 シナリオ走行を開始しました [シナリオ名: 新規ユーザー登録]
[ADMIN] 15:37:36.060828 シナリオ走行を終了しました [シナリオ名: 新規ユーザー登録]
[ADMIN] 15:37:36.060843 シナリオ走行を開始しました [シナリオ名: 新規ユーザー登録]
[ADMIN] 15:37:36.061218 シナリオ走行を終了しました [シナリオ名: 新規ユーザー登録]
[ADMIN] 15:37:36.061231 シナリオ走行を開始しました [シナリオ名: 新規ユーザー登録]
[ADMIN] 15:37:36.061612 シナリオ走行を終了しました [シナリオ名: 新規ユーザー登録]
[ADMIN] 15:37:36.061624 シナリオ走行を開始しました [シナリオ名: 新規ユーザー登録]
[ADMIN] 15:37:36.062720 シナリオ走行を終了しました [シナリオ名: 新規ユーザー登録]
[ADMIN] 15:37:36.062733 シナリオ走行を開始しました [シナリオ名: 新規ユーザー登録]
[ADMIN] 15:37:36.063127 シナリオ走行を終了しました [シナリオ名: 新規ユーザー登録]
[ADMIN] 15:37:36.063141 シナリオ走行を開始しました [シナリオ名: 新規ユーザー登録]
[ADMIN] 15:37:36.063594 シナリオ走行を終了しました [シナリオ名: 新規ユーザー登録]
[ADMIN] 15:37:36.063608 シナリオ走行を開始しました [シナリオ名: 新規ユーザー登録]
[ADMIN] 15:37:36.064388 シナリオ走行を終了しました [シナリオ名: 新規ユーザー登録]
[ADMIN] 15:37:36.064402 シナリオ走行を開始しました [シナリオ名: 新規ユーザー登録]
[ADMIN] 15:37:36.064988 シナリオ走行を終了しました [シナリオ名: 新規ユーザー登録]
[ADMIN] 15:37:36.065004 シナリオ走行を開始しました [シナリオ名: 新規ユーザー登録]
[ADMIN] 15:37:36.065219 シナリオ走行を終了しました [シナリオ名: 新規ユーザー登録]
[ADMIN] 15:37:36.065231 シナリオ走行を開始しました [シナリオ名: 新規ユーザー登録]
[ADMIN] 15:37:36.066312 シナリオ走行を終了しました [シナリオ名: 新規ユーザー登録]
[ADMIN] 15:37:36.066323 シナリオ走行を開始しました [シナリオ名: 新規ユーザー登録]
[ADMIN] 15:37:36.066670 シナリオ走行を終了しました [シナリオ名: 新規ユーザー登録]
[ADMIN] 15:37:36.066689 シナリオ走行を開始しました [シナリオ名: 新規ユーザー登録]
[ADMIN] 15:37:36.067198 シナリオ走行を終了しました [シナリオ名: 新規ユーザー登録]
[ADMIN] 15:37:36.067214 シナリオ走行を開始しました [シナリオ名: 新規ユーザー登録]
[ADMIN] 15:37:36.067231 シナリオ走行を終了しました [シナリオ名: 新規ユーザー登録]
[ADMIN] 15:37:36.067242 シナリオ走行を開始しました [シナリオ名: 新規ユーザー登録]
[ADMIN] 15:37:36.069123 シナリオ走行を終了しました [シナリオ名: 新規ユーザー登録]
[ADMIN] 15:37:36.069138 シナリオ走行を開始しました [シナリオ名: 新規ユーザー登録]
[ADMIN] 15:37:36.069581 シナリオ走行を終了しました [シナリオ名: 新規ユーザー登録]
[ADMIN] 15:37:36.069594 シナリオ走行を開始しました [シナリオ名: 新規ユーザー登録]
[ADMIN] 15:37:36.070394 シナリオ走行を終了しました [シナリオ名: 新規ユーザー登録]
[ADMIN] 15:37:36.070410 シナリオ走行を開始しました [シナリオ名: 新規ユーザー登録]
[ADMIN] 15:37:36.070501 シナリオ走行を終了しました [シナリオ名: 新規ユーザー登録]
[ADMIN] 15:37:36.070514 シナリオ走行を開始しました [シナリオ名: 新規ユーザー登録]
[ADMIN] 15:37:36.071015 シナリオ走行を終了しました [シナリオ名: 新規ユーザー登録]
[ADMIN] 15:37:36.071027 シナリオ走行を開始しました [シナリオ名: 新規ユーザー登録]
[ADMIN] 15:37:36.074916 シナリオ走行を終了しました [シナリオ名: 新規ユーザー登録]
[ADMIN] 15:37:36.074928 シナリオ走行を開始しました [シナリオ名: 新規ユーザー登録]
[ADMIN] 15:37:36.075137 シナリオ走行を終了しました [シナリオ名: 新規ユーザー登録]
[ADMIN] 15:37:36.075152 シナリオ走行を開始しました [シナリオ名: 新規ユーザー登録]
[ADMIN] 15:37:36.075691 シナリオ走行を終了しました [シナリオ名: 新規ユーザー登録]
[ADMIN] 15:37:36.075707 シナリオ走行を開始しました [シナリオ名: 新規ユーザー登録]
[ADMIN] 15:37:36.076364 シナリオ走行を終了しました [シナリオ名: 新規ユーザー登録]
[ADMIN] 15:37:36.076378 シナリオ走行を開始しました [シナリオ名: 新規ユーザー登録]
[ADMIN] 15:37:36.077173 シナリオ走行を終了しました [シナリオ名: 新規ユーザー登録]
[ADMIN] 15:37:36.077182 シナリオ走行を開始しました [シナリオ名: 新規ユーザー登録]
[ADMIN] 15:37:36.077512 シナリオ走行を終了しました [シナリオ名: 新規ユーザー登録]
[ADMIN] 15:37:36.077526 シナリオ走行を開始しました [シナリオ名: 新規ユーザー登録]
[ADMIN] 15:37:36.077735 シナリオ走行を終了しました [シナリオ名: 新規ユーザー登録]
[ADMIN] 15:37:36.077746 シナリオ走行を開始しました [シナリオ名: 新規ユーザー登録]
[ADMIN] 15:37:36.079129 シナリオ走行を終了しました [シナリオ名: 新規ユーザー登録]
[ADMIN] 15:37:36.079144 シナリオ走行を開始しました [シナリオ名: 新規ユーザー登録]
[ADMIN] 15:37:36.079593 シナリオ走行を終了しました [シナリオ名: 新規ユーザー登録]
[ADMIN] 15:37:36.079604 シナリオ走行を開始しました [シナリオ名: 新規ユーザー登録]
[ADMIN] 15:37:36.080013 シナリオ走行を終了しました [シナリオ名: 新規ユーザー登録]
[ADMIN] 15:37:36.080029 シナリオ走行を開始しました [シナリオ名: 新規ユーザー登録]
[ADMIN] 15:37:36.080599 シナリオ走行を終了しました [シナリオ名: 新規ユーザー登録]
[ADMIN] 15:37:36.080611 シナリオ走行を開始しました [シナリオ名: 新規ユーザー登録]
[ADMIN] 15:37:36.081423 シナリオ走行を終了しました [シナリオ名: 新規ユーザー登録]
[ADMIN] 15:37:36.081439 シナリオ走行を開始しました [シナリオ名: 新規ユーザー登録]
[ADMIN] 15:37:36.081999 シナリオ走行を終了しました [シナリオ名: 新規ユーザー登録]
[ADMIN] 15:37:36.082013 シナリオ走行を開始しました [シナリオ名: 新規ユーザー登録]
[ADMIN] 15:37:36.082567 シナリオ走行を終了しました [シナリオ名: 新規ユーザー登録]
[ADMIN] 15:37:36.082581 シナリオ走行を開始しました [シナリオ名: 新規ユーザー登録]
[ADMIN] 15:37:36.083194 シナリオ走行を終了しました [シナリオ名: 新規ユーザー登録]
[ADMIN] 15:37:36.083207 シナリオ走行を開始しました [シナリオ名: 新規ユーザー登録]
[ADMIN] 15:37:36.083572 シナリオ走行を終了しました [シナリオ名: 新規ユーザー登録]
[ADMIN] 15:37:36.083583 シナリオ走行を開始しました [シナリオ名: 新規ユーザー登録]
[ADMIN] 15:37:36.084182 シナリオ走行を終了しました [シナリオ名: 新規ユーザー登録]
[ADMIN] 15:37:36.084196 シナリオ走行を開始しました [シナリオ名: 新規ユーザー登録]
[ADMIN] 15:37:36.084979 シナリオ走行を終了しました [シナリオ名: 新規ユーザー登録]
[ADMIN] 15:37:36.084994 シナリオ走行を開始しました [シナリオ名: 新規ユーザー登録]
[ADMIN] 15:37:36.085458 シナリオ走行を終了しました [シナリオ名: 新規ユーザー登録]
[ADMIN] 15:37:36.085471 シナリオ走行を開始しました [シナリオ名: 新規ユーザー登録]
[ADMIN] 15:37:36.085708 シナリオ走行を終了しました [シナリオ名: 新規ユーザー登録]
[ADMIN] 15:37:36.085722 シナリオ走行を開始しました [シナリオ名: 新規ユーザー登録]
[ADMIN] 15:37:36.086452 シナリオ走行を終了しました [シナリオ名: 新規ユーザー登録]
[ADMIN] 15:37:36.086466 シナリオ走行を開始しました [シナリオ名: 新規ユーザー登録]
[ADMIN] 15:37:36.087196 シナリオ走行を終了しました [シナリオ名: 新規ユーザー登録]
[ADMIN] 15:37:36.087208 シナリオ走行を開始しました [シナリオ名: 新規ユーザー登録]
[ADMIN] 15:37:36.087577 シナリオ走行を終了しました [シナリオ名: 新規ユーザー登録]
[ADMIN] 15:37:36.087590 シナリオ走行を開始しました [シナリオ名: 新規ユーザー登録]
[ADMIN] 15:37:36.087919 シナリオ走行を終了しました [シナリオ名: 新規ユーザー登録]
[ADMIN] 15:37:36.087935 シナリオ走行を開始しました [シナリオ名: 新規ユーザー登録]
[ADMIN] 15:37:36.089599 シナリオ走行を終了しました [シナリオ名: 新規ユーザー登録]
[ADMIN] 15:37:36.089614 シナリオ走行を開始しました [シナリオ名: 新規ユーザー登録]
[ADMIN] 15:37:36.089853 シナリオ走行を終了しました [シナリオ名: 新規ユーザー登録]
[ADMIN] 15:37:36.089864 シナリオ走行を開始しました [シナリオ名: 新規ユーザー登録]
[ADMIN] 15:37:36.090126 シナリオ走行を終了しました [シナリオ名: 新規ユーザー登録]
[ADMIN] 15:37:36.090142 シナリオ走行を開始しました [シナリオ名: 新規ユーザー登録]
[ADMIN] 15:37:36.090732 シナリオ走行を終了しました [シナリオ名: 新規ユーザー登録]
[ADMIN] 15:37:36.090744 シナリオ走行を開始しました [シナリオ名: 新規ユーザー登録]
[ADMIN] 15:37:36.094556 シナリオ走行を終了しました [シナリオ名: 新規ユーザー登録]
[ADMIN] 15:37:36.094571 シナリオ走行を開始しました [シナリオ名: 新規ユーザー登録]
[ADMIN] 15:37:36.095087 シナリオ走行を終了しました [シナリオ名: 新規ユーザー登録]
[ADMIN] 15:37:36.095101 シナリオ走行を開始しました [シナリオ名: 新規ユーザー登録]
[ADMIN] 15:37:36.095717 シナリオ走行を終了しました [シナリオ名: 新規ユーザー登録]
[ADMIN] 15:37:36.095738 シナリオ走行を開始しました [シナリオ名: 新規ユーザー登録]
[ADMIN] 15:37:36.096316 シナリオ走行を終了しました [シナリオ名: 新規ユーザー登録]
[ADMIN] 15:37:36.096326 シナリオ走行を開始しました [シナリオ名: 新規ユーザー登録]
[ADMIN] 15:37:36.096905 シナリオ走行を終了しました [シナリオ名: 新規ユーザー登録]
[ADMIN] 15:37:36.096915 シナリオ走行を開始しました [シナリオ名: 新規ユーザー登録]
[ADMIN] 15:37:36.097266 シナリオ走行を終了しました [シナリオ名: 新規ユーザー登録]
[ADMIN] 15:37:36.097281 シナリオ走行を開始しました [シナリオ名: 新規ユーザー登録]
[ADMIN] 15:37:36.100332 シナリオ走行を終了しました [シナリオ名: 新規ユーザー登録]
[ADMIN] 15:37:36.100347 シナリオ走行を開始しました [シナリオ名: 新規ユーザー登録]
[ADMIN] 15:37:36.100778 シナリオ走行を終了しました [シナリオ名: 新規ユーザー登録]
[ADMIN] 15:37:36.100799 シナリオ走行を開始しました [シナリオ名: 新規ユーザー登録]
[ADMIN] 15:37:36.101254 シナリオ走行を終了しました [シナリオ名: 新規ユーザー登録]
[ADMIN] 15:37:36.101269 シナリオ走行を開始しました [シナリオ名: 新規ユーザー登録]
[ADMIN] 15:37:36.101324 シナリオ走行を終了しました [シナリオ名: 新規ユーザー登録]
[ADMIN] 15:37:36.101341 シナリオ走行を開始しました [シナリオ名: 新規ユーザー登録]
[ADMIN] 15:37:36.105386 シナリオ走行を終了しました [シナリオ名: 新規ユーザー登録]
[ADMIN] 15:37:36.105400 シナリオ走行を開始しました [シナリオ名: 新規ユーザー登録]
[ADMIN] 15:37:36.105832 シナリオ走行を終了しました [シナリオ名: 新規ユーザー登録]
[ADMIN] 15:37:36.105848 シナリオ走行を開始しました [シナリオ名: 新規ユーザー登録]
[ADMIN] 15:37:36.106380 シナリオ走行を終了しました [シナリオ名: 新規ユーザー登録]
[ADMIN] 15:37:36.106395 シナリオ走行を開始しました [シナリオ名: 新規ユーザー登録]
[ADMIN] 15:37:36.106940 シナリオ走行を終了しました [シナリオ名: 新規ユーザー登録]
[ADMIN] 15:37:36.106957 シナリオ走行を開始しました [シナリオ名: 新規ユーザー登録]
[ADMIN] 15:37:36.107723 シナリオ走行を終了しました [シナリオ名: 新規ユーザー登録]
[ADMIN] 15:37:36.107743 シナリオ走行を開始しました [シナリオ名: 新規ユーザー登録]
[ADMIN] 15:37:36.108032 シナリオ走行を終了しました [シナリオ名: 新規ユーザー登録]
[ADMIN] 15:37:36.108047 シナリオ走行を開始しました [シナリオ名: 新規ユーザー登録]
[ADMIN] 15:37:36.109314 シナリオ走行を終了しました [シナリオ名: 新規ユーザー登録]
[ADMIN] 15:37:36.109327 シナリオ走行を開始しました [シナリオ名: 新規ユーザー登録]
[ADMIN] 15:37:36.109994 シナリオ走行を終了しました [シナリオ名: 新規ユーザー登録]
[ADMIN] 15:37:36.110011 シナリオ走行を開始しました [シナリオ名: 新規ユーザー登録]
[ADMIN] 15:37:36.113006 シナリオ走行を終了しました [シナリオ名: 新規ユーザー登録]
[ADMIN] 15:37:36.113019 シナリオ走行を開始しました [シナリオ名: 新規ユーザー登録]
[ADMIN] 15:37:36.113431 シナリオ走行を終了しました [シナリオ名: 新規ユーザー登録]
[ADMIN] 15:37:36.113443 シナリオ走行を開始しました [シナリオ名: 新規ユーザー登録]
[ADMIN] 15:37:36.113828 シナリオ走行を終了しました [シナリオ名: 新規ユーザー登録]
[ADMIN] 15:37:36.113842 シナリオ走行を開始しました [シナリオ名: 新規ユーザー登録]
[ADMIN] 15:37:36.126877 シナリオ走行を終了しました [シナリオ名: 新規ユーザー登録]
[ADMIN] 15:37:36.126891 シナリオ走行を開始しました [シナリオ名: 新規ユーザー登録]
[ADMIN] 15:37:36.127176 シナリオ走行を終了しました [シナリオ名: 新規ユーザー登録]
[ADMIN] 15:37:36.127195 シナリオ走行を開始しました [シナリオ名: 新規ユーザー登録]
[ADMIN] 15:37:36.127479 シナリオ走行を終了しました [シナリオ名: 新規ユーザー登録]
[ADMIN] 15:37:36.127493 シナリオ走行を開始しました [シナリオ名: 新規ユーザー登録]
[ADMIN] 15:37:36.127895 シナリオ走行を終了しました [シナリオ名: 新規ユーザー登録]
[ADMIN] 15:37:36.127905 シナリオ走行を開始しました [シナリオ名: 新規ユーザー登録]
[ADMIN] 15:37:36.130436 シナリオ走行を終了しました [シナリオ名: 新規ユーザー登録]
[ADMIN] 15:37:36.130448 シナリオ走行を開始しました [シナリオ名: 新規ユーザー登録]
[ADMIN] 15:37:36.131144 シナリオ走行を終了しました [シナリオ名: 新規ユーザー登録]
[ADMIN] 15:37:36.131156 シナリオ走行を開始しました [シナリオ名: 新規ユーザー登録]
[ADMIN] 15:37:36.131490 シナリオ走行を終了しました [シナリオ名: 新規ユーザー登録]
[ADMIN] 15:37:36.131505 シナリオ走行を開始しました [シナリオ名: 新規ユーザー登録]
[ADMIN] 15:37:36.131660 シナリオ走行を終了しました [シナリオ名: 新規ユーザー登録]
[ADMIN] 15:37:36.131674 シナリオ走行を開始しました [シナリオ名: 新規ユーザー登録]
[ADMIN] 15:37:36.132090 シナリオ走行を終了しました [シナリオ名: 新規ユーザー登録]
[ADMIN] 15:37:36.132104 シナリオ走行を開始しました [シナリオ名: 新規ユーザー登録]
[ADMIN] 15:37:36.132850 シナリオ走行を終了しました [シナリオ名: 新規ユーザー登録]
[ADMIN] 15:37:36.132863 シナリオ走行を開始しました [シナリオ名: 新規ユーザー登録]
[ADMIN] 15:37:36.133200 シナリオ走行を終了しました [シナリオ名: 新規ユーザー登録]
[ADMIN] 15:37:36.133212 シナリオ走行を開始しました [シナリオ名: 新規ユーザー登録]
[ADMIN] 15:37:36.133577 シナリオ走行を終了しました [シナリオ名: 新規ユーザー登録]
[ADMIN] 15:37:36.133589 シナリオ走行を開始しました [シナリオ名: 新規ユーザー登録]
[ADMIN] 15:37:36.134719 シナリオ走行を終了しました [シナリオ名: 新規ユーザー登録]
[ADMIN] 15:37:36.134736 シナリオ走行を開始しました [シナリオ名: 新規ユーザー登録]
[ADMIN] 15:37:36.134984 シナリオ走行を終了しました [シナリオ名: 新規ユーザー登録]
[ADMIN] 15:37:36.135032 シナリオ走行を開始しました [シナリオ名: 新規ユーザー登録]
[ADMIN] 15:37:36.135300 シナリオ走行を終了しました [シナリオ名: 新規ユーザー登録]
[ADMIN] 15:37:36.135314 シナリオ走行を開始しました [シナリオ名: 新規ユーザー登録]
[ADMIN] 15:37:36.135725 シナリオ走行を終了しました [シナリオ名: 新規ユーザー登録]
[ADMIN] 15:37:36.135745 シナリオ走行を開始しました [シナリオ名: 新規ユーザー登録]
[ADMIN] 15:37:36.136284 シナリオ走行を終了しました [シナリオ名: 新規ユーザー登録]
[ADMIN] 15:37:36.136296 シナリオ走行を開始しました [シナリオ名: 新規ユーザー登録]
[ADMIN] 15:37:36.137315 シナリオ走行を終了しました [シナリオ名: 新規ユーザー登録]
[ADMIN] 15:37:36.137327 シナリオ走行を開始しました [シナリオ名: 新規ユーザー登録]
[ADMIN] 15:37:36.137689 シナリオ走行を終了しました [シナリオ名: 新規ユーザー登録]
[ADMIN] 15:37:36.137706 シナリオ走行を開始しました [シナリオ名: 新規ユーザー登録]
[ADMIN] 15:37:36.138011 シナリオ走行を終了しました [シナリオ名: 新規ユーザー登録]
[ADMIN] 15:37:36.138026 シナリオ走行を開始しました [シナリオ名: 新規ユーザー登録]
[ADMIN] 15:37:36.138295 シナリオ走行を終了しました [シナリオ名: 新規ユーザー登録]
[ADMIN] 15:37:36.138309 シナリオ走行を開始しました [シナリオ名: 新規ユーザー登録]
[ADMIN] 15:37:36.140004 シナリオ走行を終了しました [シナリオ名: 新規ユーザー登録]
[ADMIN] 15:37:36.140018 シナリオ走行を開始しました [シナリオ名: 新規ユーザー登録]
[ADMIN] 15:37:36.140344 シナリオ走行を終了しました [シナリオ名: 新規ユーザー登録]
[ADMIN] 15:37:36.140362 シナリオ走行を開始しました [シナリオ名: 新規ユーザー登録]
[ADMIN] 15:37:36.140689 シナリオ走行を終了しました [シナリオ名: 新規ユーザー登録]
[ADMIN] 15:37:36.140720 シナリオ走行を開始しました [シナリオ名: 新規ユーザー登録]
[ADMIN] 15:37:36.140898 シナリオ走行を終了しました [シナリオ名: 新規ユーザー登録]
[ADMIN] 15:37:36.140910 シナリオ走行を開始しました [シナリオ名: 新規ユーザー登録]
[ADMIN] 15:37:36.141999 シナリオ走行を終了しました [シナリオ名: 新規ユーザー登録]
[ADMIN] 15:37:36.142013 シナリオ走行を開始しました [シナリオ名: 新規ユーザー登録]
[ADMIN] 15:37:36.142341 シナリオ走行を終了しました [シナリオ名: 新規ユーザー登録]
[ADMIN] 15:37:36.142352 シナリオ走行を開始しました [シナリオ名: 新規ユーザー登録]
[ADMIN] 15:37:36.142902 シナリオ走行を終了しました [シナリオ名: 新規ユーザー登録]
[ADMIN] 15:37:36.142915 シナリオ走行を開始しました [シナリオ名: 新規ユーザー登録]
[ADMIN] 15:37:36.143720 シナリオ走行を終了しました [シナリオ名: 新規ユーザー登録]
[ADMIN] 15:37:36.143744 シナリオ走行を開始しました [シナリオ名: 新規ユーザー登録]
[ADMIN] 15:37:36.143968 シナリオ走行を終了しました [シナリオ名: 新規ユーザー登録]
[ADMIN] 15:37:36.143981 シナリオ走行を開始しました [シナリオ名: 新規ユーザー登録]
[ADMIN] 15:37:36.144458 シナリオ走行を終了しました [シナリオ名: 新規ユーザー登録]
[ADMIN] 15:37:36.144475 シナリオ走行を開始しました [シナリオ名: 新規ユーザー登録]
[ADMIN] 15:37:36.145156 シナリオ走行を終了しました [シナリオ名: 新規ユーザー登録]
[ADMIN] 15:37:36.145171 シナリオ走行を開始しました [シナリオ名: 新規ユーザー登録]
[ADMIN] 15:37:36.146407 シナリオ走行を終了しました [シナリオ名: 新規ユーザー登録]
[ADMIN] 15:37:36.146422 シナリオ走行を開始しました [シナリオ名: 新規ユーザー登録]
[ADMIN] 15:37:36.146675 シナリオ走行を終了しました [シナリオ名: 新規ユーザー登録]
[ADMIN] 15:37:36.146688 シナリオ走行を開始しました [シナリオ名: 新規ユーザー登録]
[ADMIN] 15:37:36.146891 シナリオ走行を終了しました [シナリオ名: 新規ユーザー登録]
[ADMIN] 15:37:36.146906 シナリオ走行を開始しました [シナリオ名: 新規ユーザー登録]
[ADMIN] 15:37:36.148029 シナリオ走行を終了しました [シナリオ名: 新規ユーザー登録]
[ADMIN] 15:37:36.148044 シナリオ走行を開始しました [シナリオ名: 新規ユーザー登録]
[ADMIN] 15:37:36.148306 シナリオ走行を終了しました [シナリオ名: 新規ユーザー登録]
[ADMIN] 15:37:36.148320 シナリオ走行を開始しました [シナリオ名: 新規ユーザー登録]
[ADMIN] 15:37:36.149617 シナリオ走行を終了しました [シナリオ名: 新規ユーザー登録]
[ADMIN] 15:37:36.149629 シナリオ走行を開始しました [シナリオ名: 新規ユーザー登録]
[ADMIN] 15:37:36.149887 シナリオ走行を終了しました [シナリオ名: 新規ユーザー登録]
[ADMIN] 15:37:36.149904 シナリオ走行を開始しました [シナリオ名: 新規ユーザー登録]
[ADMIN] 15:37:36.150077 シナリオ走行を終了しました [シナリオ名: 新規ユーザー登録]
[ADMIN] 15:37:36.150097 シナリオ走行を開始しました [シナリオ名: 新規ユーザー登録]
[ADMIN] 15:37:36.151136 シナリオ走行を終了しました [シナリオ名: 新規ユーザー登録]
[ADMIN] 15:37:36.151151 シナリオ走行を開始しました [シナリオ名: 新規ユーザー登録]
[ADMIN] 15:37:36.151413 シナリオ走行を終了しました [シナリオ名: 新規ユーザー登録]
[ADMIN] 15:37:36.151428 シナリオ走行を開始しました [シナリオ名: 新規ユーザー登録]
[ADMIN] 15:37:36.152027 シナリオ走行を終了しました [シナリオ名: 新規ユーザー登録]
[ADMIN] 15:37:36.152041 シナリオ走行を開始しました [シナリオ名: 新規ユーザー登録]
[ADMIN] 15:37:36.152291 シナリオ走行を終了しました [シナリオ名: 新規ユーザー登録]
[ADMIN] 15:37:36.152306 シナリオ走行を開始しました [シナリオ名: 新規ユーザー登録]
[ADMIN] 15:37:36.153163 シナリオ走行を終了しました [シナリオ名: 新規ユーザー登録]
[ADMIN] 15:37:36.153179 シナリオ走行を開始しました [シナリオ名: 新規ユーザー登録]
[ADMIN] 15:37:36.153674 シナリオ走行を終了しました [シナリオ名: 新規ユーザー登録]
[ADMIN] 15:37:36.153687 シナリオ走行を開始しました [シナリオ名: 新規ユーザー登録]
[ADMIN] 15:37:36.154542 シナリオ走行を終了しました [シナリオ名: 新規ユーザー登録]
[ADMIN] 15:37:36.154559 シナリオ走行を開始しました [シナリオ名: 新規ユーザー登録]
[ADMIN] 15:37:36.154950 シナリオ走行を終了しました [シナリオ名: 新規ユーザー登録]
[ADMIN] 15:37:36.154961 シナリオ走行を開始しました [シナリオ名: 新規ユーザー登録]
[ADMIN] 15:37:36.155269 シナリオ走行を終了しました [シナリオ名: 新規ユーザー登録]
[ADMIN] 15:37:36.155281 シナリオ走行を開始しました [シナリオ名: 新規ユーザー登録]
[ADMIN] 15:37:36.156067 シナリオ走行を終了しました [シナリオ名: 新規ユーザー登録]
[ADMIN] 15:37:36.156081 シナリオ走行を開始しました [シナリオ名: 新規ユーザー登録]
[ADMIN] 15:37:36.156375 シナリオ走行を終了しました [シナリオ名: 新規ユーザー登録]
[ADMIN] 15:37:36.156389 シナリオ走行を開始しました [シナリオ名: 新規ユーザー登録]
[ADMIN] 15:37:36.156842 シナリオ走行を終了しました [シナリオ名: 新規ユーザー登録]
[ADMIN] 15:37:36.156857 シナリオ走行を開始しました [シナリオ名: 新規ユーザー登録]
[ADMIN] 15:37:36.157921 シナリオ走行を終了しました [シナリオ名: 新規ユーザー登録]
[ADMIN] 15:37:36.157936 シナリオ走行を開始しました [シナリオ名: 新規ユーザー登録]
[ADMIN] 15:37:36.158181 シナリオ走行を終了しました [シナリオ名: 新規ユーザー登録]
[ADMIN] 15:37:36.158194 シナリオ走行を開始しました [シナリオ名: 新規ユーザー登録]
[ADMIN] 15:37:36.158464 シナリオ走行を終了しました [シナリオ名: 新規ユーザー登録]
[ADMIN] 15:37:36.158478 シナリオ走行を開始しました [シナリオ名: 新規ユーザー登録]
[ADMIN] 15:37:36.160230 シナリオ走行を終了しました [シナリオ名: 新規ユーザー登録]
[ADMIN] 15:37:36.160243 シナリオ走行を開始しました [シナリオ名: 新規ユーザー登録]
[ADMIN] 15:37:36.160500 シナリオ走行を終了しました [シナリオ名: 新規ユーザー登録]
[ADMIN] 15:37:36.160518 シナリオ走行を開始しました [シナリオ名: 新規ユーザー登録]
[ADMIN] 15:37:36.160840 シナリオ走行を終了しました [シナリオ名: 新規ユーザー登録]
[ADMIN] 15:37:36.160853 シナリオ走行を開始しました [シナリオ名: 新規ユーザー登録]
[ADMIN] 15:37:36.161137 シナリオ走行を終了しました [シナリオ名: 新規ユーザー登録]
[ADMIN] 15:37:36.161151 シナリオ走行を開始しました [シナリオ名: 新規ユーザー登録]
[ADMIN] 15:37:36.162034 シナリオ走行を終了しました [シナリオ名: 新規ユーザー登録]
[ADMIN] 15:37:36.162045 シナリオ走行を開始しました [シナリオ名: 新規ユーザー登録]
[ADMIN] 15:37:36.162469 シナリオ走行を終了しました [シナリオ名: 新規ユーザー登録]
[ADMIN] 15:37:36.162479 シナリオ走行を開始しました [シナリオ名: 新規ユーザー登録]
[ADMIN] 15:37:36.163365 シナリオ走行を終了しました [シナリオ名: 新規ユーザー登録]
[ADMIN] 15:37:36.163379 シナリオ走行を開始しました [シナリオ名: 新規ユーザー登録]
[ADMIN] 15:37:36.163685 シナリオ走行を終了しました [シナリオ名: 新規ユーザー登録]
[ADMIN] 15:37:36.163699 シナリオ走行を開始しました [シナリオ名: 新規ユーザー登録]
[ADMIN] 15:37:36.164235 シナリオ走行を終了しました [シナリオ名: 新規ユーザー登録]
[ADMIN] 15:37:36.164247 シナリオ走行を開始しました [シナリオ名: 新規ユーザー登録]
[ADMIN] 15:37:36.164808 シナリオ走行を終了しました [シナリオ名: 新規ユーザー登録]
[ADMIN] 15:37:36.164818 シナリオ走行を開始しました [シナリオ名: 新規ユーザー登録]
[ADMIN] 15:37:36.165290 シナリオ走行を終了しました [シナリオ名: 新規ユーザー登録]
[ADMIN] 15:37:36.165302 シナリオ走行を開始しました [シナリオ名: 新規ユーザー登録]
[ADMIN] 15:37:36.165789 シナリオ走行を終了しました [シナリオ名: 新規ユーザー登録]
[ADMIN] 15:37:36.165801 シナリオ走行を開始しました [シナリオ名: 新規ユーザー登録]
[ADMIN] 15:37:36.166255 シナリオ走行を終了しました [シナリオ名: 新規ユーザー登録]
[ADMIN] 15:37:36.166268 シナリオ走行を開始しました [シナリオ名: 新規ユーザー登録]
[ADMIN] 15:37:36.166666 シナリオ走行を終了しました [シナリオ名: 新規ユーザー登録]
[ADMIN] 15:37:36.166679 シナリオ走行を開始しました [シナリオ名: 新規ユーザー登録]
[ADMIN] 15:37:36.167535 シナリオ走行を終了しました [シナリオ名: 新規ユーザー登録]
[ADMIN] 15:37:36.167551 シナリオ走行を開始しました [シナリオ名: 新規ユーザー登録]
[ADMIN] 15:37:36.167674 シナリオ走行を終了しました [シナリオ名: 新規ユーザー登録]
[ADMIN] 15:37:36.167688 シナリオ走行を開始しました [シナリオ名: 新規ユーザー登録]
[ADMIN] 15:37:36.168353 シナリオ走行を終了しました [シナリオ名: 新規ユーザー登録]
[ADMIN] 15:37:36.168367 シナリオ走行を開始しました [シナリオ名: 新規ユーザー登録]
[ADMIN] 15:37:36.168501 シナリオ走行を終了しました [シナリオ名: 新規ユーザー登録]
[ADMIN] 15:37:36.168514 シナリオ走行を開始しました [シナリオ名: 新規ユーザー登録]
[ADMIN] 15:37:36.169943 シナリオ走行を終了しました [シナリオ名: 新規ユーザー登録]
[ADMIN] 15:37:36.169957 シナリオ走行を開始しました [シナリオ名: 新規ユーザー登録]
[ADMIN] 15:37:36.170315 シナリオ走行を終了しました [シナリオ名: 新規ユーザー登録]
[ADMIN] 15:37:36.170328 シナリオ走行を開始しました [シナリオ名: 新規ユーザー登録]
[ADMIN] 15:37:36.170648 シナリオ走行を終了しました [シナリオ名: 新規ユーザー登録]
[ADMIN] 15:37:36.170662 シナリオ走行を開始しました [シナリオ名: 新規ユーザー登録]
[ADMIN] 15:37:36.171289 シナリオ走行を終了しました [シナリオ名: 新規ユーザー登録]
[ADMIN] 15:37:36.171302 シナリオ走行を開始しました [シナリオ名: 新規ユーザー登録]
[ADMIN] 15:37:36.171760 シナリオ走行を終了しました [シナリオ名: 新規ユーザー登録]
[ADMIN] 15:37:36.171785 シナリオ走行を開始しました [シナリオ名: 新規ユーザー登録]
[ADMIN] 15:37:36.172271 シナリオ走行を終了しました [シナリオ名: 新規ユーザー登録]
[ADMIN] 15:37:36.172285 シナリオ走行を開始しました [シナリオ名: 新規ユーザー登録]
[ADMIN] 15:37:36.172786 シナリオ走行を終了しました [シナリオ名: 新規ユーザー登録]
[ADMIN] 15:37:36.172800 シナリオ走行を開始しました [シナリオ名: 新規ユーザー登録]
[ADMIN] 15:37:36.173313 シナリオ走行を終了しました [シナリオ名: 新規ユーザー登録]
[ADMIN] 15:37:36.173327 シナリオ走行を開始しました [シナリオ名: 新規ユーザー登録]
[ADMIN] 15:37:36.173812 シナリオ走行を終了しました [シナリオ名: 新規ユーザー登録]
[ADMIN] 15:37:36.173824 シナリオ走行を開始しました [シナリオ名: 新規ユーザー登録]
[ADMIN] 15:37:36.174337 シナリオ走行を終了しました [シナリオ名: 新規ユーザー登録]
[ADMIN] 15:37:36.174349 シナリオ走行を開始しました [シナリオ名: 新規ユーザー登録]
[ADMIN] 15:37:36.174860 シナリオ走行を終了しました [シナリオ名: 新規ユーザー登録]
[ADMIN] 15:37:36.174876 シナリオ走行を開始しました [シナリオ名: 新規ユーザー登録]
[ADMIN] 15:37:36.175416 シナリオ走行を終了しました [シナリオ名: 新規ユーザー登録]
[ADMIN] 15:37:36.175433 シナリオ走行を開始しました [シナリオ名: 新規ユーザー登録]
[ADMIN] 15:37:36.175880 シナリオ走行を終了しました [シナリオ名: 新規ユーザー登録]
[ADMIN] 15:37:36.175895 シナリオ走行を開始しました [シナリオ名: 新規ユーザー登録]
[ADMIN] 15:37:36.176220 シナリオ走行を終了しました [シナリオ名: 新規ユーザー登録]
[ADMIN] 15:37:36.176233 シナリオ走行を開始しました [シナリオ名: 新規ユーザー登録]
[ADMIN] 15:37:36.176889 シナリオ走行を終了しました [シナリオ名: 新規ユーザー登録]
[ADMIN] 15:37:36.176901 シナリオ走行を開始しました [シナリオ名: 新規ユーザー登録]
[ADMIN] 15:37:36.177343 シナリオ走行を終了しました [シナリオ名: 新規ユーザー登録]
[ADMIN] 15:37:36.177354 シナリオ走行を開始しました [シナリオ名: 新規ユーザー登録]
[ADMIN] 15:37:36.178120 シナリオ走行を終了しました [シナリオ名: 新規ユーザー登録]
[ADMIN] 15:37:36.178132 シナリオ走行を開始しました [シナリオ名: 新規ユーザー登録]
[ADMIN] 15:37:36.178493 シナリオ走行を終了しました [シナリオ名: 新規ユーザー登録]
[ADMIN] 15:37:36.178508 シナリオ走行を開始しました [シナリオ名: 新規ユーザー登録]
[ADMIN] 15:37:36.179938 シナリオ走行を終了しました [シナリオ名: 新規ユーザー登録]
[ADMIN] 15:37:36.179952 シナリオ走行を開始しました [シナリオ名: 新規ユーザー登録]
[ADMIN] 15:37:36.180141 シナリオ走行を終了しました [シナリオ名: 新規ユーザー登録]
[ADMIN] 15:37:36.180154 シナリオ走行を開始しました [シナリオ名: 新規ユーザー登録]
[ADMIN] 15:37:36.180580 シナリオ走行を終了しました [シナリオ名: 新規ユーザー登録]
[ADMIN] 15:37:36.180595 シナリオ走行を開始しました [シナリオ名: 新規ユーザー登録]
[ADMIN] 15:37:36.181368 シナリオ走行を終了しました [シナリオ名: 新規ユーザー登録]
[ADMIN] 15:37:36.181381 シナリオ走行を開始しました [シナリオ名: 新規ユーザー登録]
[ADMIN] 15:37:36.181852 シナリオ走行を終了しました [シナリオ名: 新規ユーザー登録]
[ADMIN] 15:37:36.181863 シナリオ走行を開始しました [シナリオ名: 新規ユーザー登録]
[ADMIN] 15:37:36.182366 シナリオ走行を終了しました [シナリオ名: 新規ユーザー登録]
[ADMIN] 15:37:36.182379 シナリオ走行を開始しました [シナリオ名: 新規ユーザー登録]
[ADMIN] 15:37:36.183040 シナリオ走行を終了しました [シナリオ名: 新規ユーザー登録]
[ADMIN] 15:37:36.183054 シナリオ走行を開始しました [シナリオ名: 新規ユーザー登録]
[ADMIN] 15:37:36.183483 シナリオ走行を終了しました [シナリオ名: 新規ユーザー登録]
[ADMIN] 15:37:36.183495 シナリオ走行を開始しました [シナリオ名: 新規ユーザー登録]
[ADMIN] 15:37:36.184016 シナリオ走行を終了しました [シナリオ名: 新規ユーザー登録]
[ADMIN] 15:37:36.184032 シナリオ走行を開始しました [シナリオ名: 新規ユーザー登録]
[ADMIN] 15:37:36.184578 シナリオ走行を終了しました [シナリオ名: 新規ユーザー登録]
[ADMIN] 15:37:36.184589 シナリオ走行を開始しました [シナリオ名: 新規ユーザー登録]
[ADMIN] 15:37:36.185124 シナリオ走行を終了しました [シナリオ名: 新規ユーザー登録]
[ADMIN] 15:37:36.185137 シナリオ走行を開始しました [シナリオ名: 新規ユーザー登録]
[ADMIN] 15:37:36.185724 シナリオ走行を終了しました [シナリオ名: 新規ユーザー登録]
[ADMIN] 15:37:36.185740 シナリオ走行を開始しました [シナリオ名: 新規ユーザー登録]
[ADMIN] 15:37:36.186222 シナリオ走行を終了しました [シナリオ名: 新規ユーザー登録]
[ADMIN] 15:37:36.186236 シナリオ走行を開始しました [シナリオ名: 新規ユーザー登録]
[ADMIN] 15:37:36.186775 シナリオ走行を終了しました [シナリオ名: 新規ユーザー登録]
[ADMIN] 15:37:36.186788 シナリオ走行を開始しました [シナリオ名: 新規ユーザー登録]
[ADMIN] 15:37:36.187298 シナリオ走行を終了しました [シナリオ名: 新規ユーザー登録]
[ADMIN] 15:37:36.187310 シナリオ走行を開始しました [シナリオ名: 新規ユーザー登録]
[ADMIN] 15:37:36.187842 シナリオ走行を終了しました [シナリオ名: 新規ユーザー登録]
[ADMIN] 15:37:36.187854 シナリオ走行を開始しました [シナリオ名: 新規ユーザー登録]
[ADMIN] 15:37:36.188332 シナリオ走行を終了しました [シナリオ名: 新規ユーザー登録]
[ADMIN] 15:37:36.188344 シナリオ走行を開始しました [シナリオ名: 新規ユーザー登録]
[ADMIN] 15:37:36.188825 シナリオ走行を終了しました [シナリオ名: 新規ユーザー登録]
[ADMIN] 15:37:36.188836 シナリオ走行を開始しました [シナリオ名: 新規ユーザー登録]
[ADMIN] 15:37:36.190161 シナリオ走行を終了しました [シナリオ名: 新規ユーザー登録]
[ADMIN] 15:37:36.190174 シナリオ走行を開始しました [シナリオ名: 新規ユーザー登録]
[ADMIN] 15:37:36.190495 シナリオ走行を終了しました [シナリオ名: 新規ユーザー登録]
[ADMIN] 15:37:36.190511 シナリオ走行を開始しました [シナリオ名: 新規ユーザー登録]
[ADMIN] 15:37:36.190871 シナリオ走行を終了しました [シナリオ名: 新規ユーザー登録]
[ADMIN] 15:37:36.190884 シナリオ走行を開始しました [シナリオ名: 新規ユーザー登録]
[ADMIN] 15:37:36.191567 シナリオ走行を終了しました [シナリオ名: 新規ユーザー登録]
[ADMIN] 15:37:36.191580 シナリオ走行を開始しました [シナリオ名: 新規ユーザー登録]
[ADMIN] 15:37:36.192108 シナリオ走行を終了しました [シナリオ名: 新規ユーザー登録]
[ADMIN] 15:37:36.192122 シナリオ走行を開始しました [シナリオ名: 新規ユーザー登録]
[ADMIN] 15:37:36.192676 シナリオ走行を終了しました [シナリオ名: 新規ユーザー登録]
[ADMIN] 15:37:36.192688 シナリオ走行を開始しました [シナリオ名: 新規ユーザー登録]
[ADMIN] 15:37:36.193430 シナリオ走行を終了しました [シナリオ名: 新規ユーザー登録]
[ADMIN] 15:37:36.193447 シナリオ走行を開始しました [シナリオ名: 新規ユーザー登録]
[ADMIN] 15:37:36.194085 シナリオ走行を終了しました [シナリオ名: 新規ユーザー登録]
[ADMIN] 15:37:36.194099 シナリオ走行を開始しました [シナリオ名: 新規ユーザー登録]
[ADMIN] 15:37:36.194696 シナリオ走行を終了しました [シナリオ名: 新規ユーザー登録]
[ADMIN] 15:37:36.194712 シナリオ走行を開始しました [シナリオ名: 新規ユーザー登録]
[ADMIN] 15:37:36.195273 シナリオ走行を終了しました [シナリオ名: 新規ユーザー登録]
[ADMIN] 15:37:36.195285 シナリオ走行を開始しました [シナリオ名: 新規ユーザー登録]
[ADMIN] 15:37:36.195970 シナリオ走行を終了しました [シナリオ名: 新規ユーザー登録]
[ADMIN] 15:37:36.195983 シナリオ走行を開始しました [シナリオ名: 新規ユーザー登録]
[ADMIN] 15:37:36.196638 シナリオ走行を終了しました [シナリオ名: 新規ユーザー登録]
[ADMIN] 15:37:36.196652 シナリオ走行を開始しました [シナリオ名: 新規ユーザー登録]
[ADMIN] 15:37:36.197171 シナリオ走行を終了しました [シナリオ名: 新規ユーザー登録]
[ADMIN] 15:37:36.197184 シナリオ走行を開始しました [シナリオ名: 新規ユーザー登録]
[ADMIN] 15:37:36.198330 シナリオ走行を終了しました [シナリオ名: 新規ユーザー登録]
[ADMIN] 15:37:36.198342 シナリオ走行を開始しました [シナリオ名: 新規ユーザー登録]
[ADMIN] 15:37:36.198525 シナリオ走行を終了しました [シナリオ名: 新規ユーザー登録]
[ADMIN] 15:37:36.198538 シナリオ走行を開始しました [シナリオ名: 新規ユーザー登録]
[ADMIN] 15:37:36.198917 シナリオ走行を終了しました [シナリオ名: 新規ユーザー登録]
[ADMIN] 15:37:36.198931 シナリオ走行を開始しました [シナリオ名: 新規ユーザー登録]
[ADMIN] 15:37:36.200345 シナリオ走行を終了しました [シナリオ名: 新規ユーザー登録]
[ADMIN] 15:37:36.200358 シナリオ走行を開始しました [シナリオ名: 新規ユーザー登録]
[ADMIN] 15:37:36.200719 シナリオ走行を終了しました [シナリオ名: 新規ユーザー登録]
[ADMIN] 15:37:36.200730 シナリオ走行を開始しました [シナリオ名: 新規ユーザー登録]
[ADMIN] 15:37:36.201117 シナリオ走行を終了しました [シナリオ名: 新規ユーザー登録]
[ADMIN] 15:37:36.201142 シナリオ走行を開始しました [シナリオ名: 新規ユーザー登録]
[ADMIN] 15:37:36.202055 シナリオ走行を終了しました [シナリオ名: 新規ユーザー登録]
[ADMIN] 15:37:36.202068 シナリオ走行を開始しました [シナリオ名: 新規ユーザー登録]
[ADMIN] 15:37:36.202424 シナリオ走行を終了しました [シナリオ名: 新規ユーザー登録]
[ADMIN] 15:37:36.202437 シナリオ走行を開始しました [シナリオ名: 新規ユーザー登録]
[ADMIN] 15:37:36.203053 シナリオ走行を終了しました [シナリオ名: 新規ユーザー登録]
[ADMIN] 15:37:36.203066 シナリオ走行を開始しました [シナリオ名: 新規ユーザー登録]
[ADMIN] 15:37:36.203745 シナリオ走行を終了しました [シナリオ名: 新規ユーザー登録]
[ADMIN] 15:37:36.203757 シナリオ走行を開始しました [シナリオ名: 新規ユーザー登録]
[ADMIN] 15:37:36.204230 シナリオ走行を終了しました [シナリオ名: 新規ユーザー登録]
[ADMIN] 15:37:36.204246 シナリオ走行を開始しました [シナリオ名: 新規ユーザー登録]
[ADMIN] 15:37:36.204827 シナリオ走行を終了しました [シナリオ名: 新規ユーザー登録]
[ADMIN] 15:37:36.204840 シナリオ走行を開始しました [シナリオ名: 新規ユーザー登録]
[ADMIN] 15:37:36.205704 シナリオ走行を終了しました [シナリオ名: 新規ユーザー登録]
[ADMIN] 15:37:36.205718 シナリオ走行を開始しました [シナリオ名: 新規ユーザー登録]
[ADMIN] 15:37:36.206059 シナリオ走行を終了しました [シナリオ名: 新規ユーザー登録]
[ADMIN] 15:37:36.206072 シナリオ走行を開始しました [シナリオ名: 新規ユーザー登録]
[ADMIN] 15:37:36.206427 シナリオ走行を終了しました [シナリオ名: 新規ユーザー登録]
[ADMIN] 15:37:36.206441 シナリオ走行を開始しました [シナリオ名: 新規ユーザー登録]
[ADMIN] 15:37:36.207191 シナリオ走行を終了しました [シナリオ名: 新規ユーザー登録]
[ADMIN] 15:37:36.207204 シナリオ走行を開始しました [シナリオ名: 新規ユーザー登録]
[ADMIN] 15:37:36.207661 シナリオ走行を終了しました [シナリオ名: 新規ユーザー登録]
[ADMIN] 15:37:36.207674 シナリオ走行を開始しました [シナリオ名: 新規ユーザー登録]
[ADMIN] 15:37:36.208197 シナリオ走行を終了しました [シナリオ名: 新規ユーザー登録]
[ADMIN] 15:37:36.208210 シナリオ走行を開始しました [シナリオ名: 新規ユーザー登録]
[ADMIN] 15:37:36.208770 シナリオ走行を終了しました [シナリオ名: 新規ユーザー登録]
[ADMIN] 15:37:36.208785 シナリオ走行を開始しました [シナリオ名: 新規ユーザー登録]
[ADMIN] 15:37:36.210287 シナリオ走行を終了しました [シナリオ名: 新規ユーザー登録]
[ADMIN] 15:37:36.210301 シナリオ走行を開始しました [シナリオ名: 新規ユーザー登録]
[ADMIN] 15:37:36.210522 シナリオ走行を終了しました [シナリオ名: 新規ユーザー登録]
[ADMIN] 15:37:36.210536 シナリオ走行を開始しました [シナリオ名: 新規ユーザー登録]
[ADMIN] 15:37:36.211025 シナリオ走行を終了しました [シナリオ名: 新規ユーザー登録]
[ADMIN] 15:37:36.211038 シナリオ走行を開始しました [シナリオ名: 新規ユーザー登録]
[ADMIN] 15:37:36.211192 シナリオ走行を終了しました [シナリオ名: 新規ユーザー登録]
[ADMIN] 15:37:36.211205 シナリオ走行を開始しました [シナリオ名: 新規ユーザー登録]
[ADMIN] 15:37:36.213012 シナリオ走行を終了しました [シナリオ名: 新規ユーザー登録]
[ADMIN] 15:37:36.213513 シナリオ走行を終了しました [シナリオ名: 新規ユーザー登録]
[ADMIN] 15:37:36.213522 シナリオ走行を開始しました [シナリオ名: 新規ユーザー登録]
[ADMIN] 15:37:36.213526 シナリオ走行を開始しました [シナリオ名: 新規ユーザー登録]
[ADMIN] 15:37:36.215071 シナリオ走行を終了しました [シナリオ名: 新規ユーザー登録]
[ADMIN] 15:37:36.215085 シナリオ走行を開始しました [シナリオ名: 新規ユーザー登録]
[ADMIN] 15:37:36.215371 シナリオ走行を終了しました [シナリオ名: 新規ユーザー登録]
[ADMIN] 15:37:36.215387 シナリオ走行を開始しました [シナリオ名: 新規ユーザー登録]
[ADMIN] 15:37:36.216248 シナリオ走行を終了しました [シナリオ名: 新規ユーザー登録]
[ADMIN] 15:37:36.216259 シナリオ走行を開始しました [シナリオ名: 新規ユーザー登録]
[ADMIN] 15:37:36.216992 シナリオ走行を終了しました [シナリオ名: 新規ユーザー登録]
[ADMIN] 15:37:36.217004 シナリオ走行を開始しました [シナリオ名: 新規ユーザー登録]
[ADMIN] 15:37:36.217250 シナリオ走行を終了しました [シナリオ名: 新規ユーザー登録]
[ADMIN] 15:37:36.217269 シナリオ走行を開始しました [シナリオ名: 新規ユーザー登録]
[ADMIN] 15:37:36.218164 シナリオ走行を終了しました [シナリオ名: 新規ユーザー登録]
[ADMIN] 15:37:36.218178 シナリオ走行を開始しました [シナリオ名: 新規ユーザー登録]
[ADMIN] 15:37:36.218669 シナリオ走行を終了しました [シナリオ名: 新規ユーザー登録]
[ADMIN] 15:37:36.218685 シナリオ走行を開始しました [シナリオ名: 新規ユーザー登録]
[ADMIN] 15:37:36.219211 シナリオ走行を終了しました [シナリオ名: 新規ユーザー登録]
[ADMIN] 15:37:36.219222 シナリオ走行を開始しました [シナリオ名: 新規ユーザー登録]
[ADMIN] 15:37:36.220428 シナリオ走行を終了しました [シナリオ名: 新規ユーザー登録]
[ADMIN] 15:37:36.220442 シナリオ走行を開始しました [シナリオ名: 新規ユーザー登録]
[ADMIN] 15:37:36.220762 シナリオ走行を終了しました [シナリオ名: 新規ユーザー登録]
[ADMIN] 15:37:36.220777 シナリオ走行を開始しました [シナリオ名: 新規ユーザー登録]
[ADMIN] 15:37:36.221155 シナリオ走行を終了しました [シナリオ名: 新規ユーザー登録]
[ADMIN] 15:37:36.221165 シナリオ走行を開始しました [シナリオ名: 新規ユーザー登録]
[ADMIN] 15:37:36.221887 シナリオ走行を終了しました [シナリオ名: 新規ユーザー登録]
[ADMIN] 15:37:36.221901 シナリオ走行を開始しました [シナリオ名: 新規ユーザー登録]
[ADMIN] 15:37:36.222897 シナリオ走行を終了しました [シナリオ名: 新規ユーザー登録]
[ADMIN] 15:37:36.222914 シナリオ走行を開始しました [シナリオ名: 新規ユーザー登録]
[ADMIN] 15:37:36.222940 シナリオ走行を終了しました [シナリオ名: 新規ユーザー登録]
[ADMIN] 15:37:36.222954 シナリオ走行を開始しました [シナリオ名: 新規ユーザー登録]
[ADMIN] 15:37:36.223273 シナリオ走行を終了しました [シナリオ名: 新規ユーザー登録]
[ADMIN] 15:37:36.223285 シナリオ走行を開始しました [シナリオ名: 新規ユーザー登録]
[ADMIN] 15:37:36.223643 シナリオ走行を終了しました [シナリオ名: 新規ユーザー登録]
[ADMIN] 15:37:36.223654 シナリオ走行を開始しました [シナリオ名: 新規ユーザー登録]
[ADMIN] 15:37:36.224374 シナリオ走行を終了しました [シナリオ名: 新規ユーザー登録]
[ADMIN] 15:37:36.224390 シナリオ走行を開始しました [シナリオ名: 新規ユーザー登録]
[ADMIN] 15:37:36.224838 シナリオ走行を終了しました [シナリオ名: 新規ユーザー登録]
[ADMIN] 15:37:36.224859 シナリオ走行を開始しました [シナリオ名: 新規ユーザー登録]
[ADMIN] 15:37:36.225348 シナリオ走行を終了しました [シナリオ名: 新規ユーザー登録]
[ADMIN] 15:37:36.225362 シナリオ走行を開始しました [シナリオ名: 新規ユーザー登録]
[ADMIN] 15:37:36.226001 シナリオ走行を終了しました [シナリオ名: 新規ユーザー登録]
[ADMIN] 15:37:36.226014 シナリオ走行を開始しました [シナリオ名: 新規ユーザー登録]
[ADMIN] 15:37:36.226510 シナリオ走行を終了しました [シナリオ名: 新規ユーザー登録]
[ADMIN] 15:37:36.226525 シナリオ走行を開始しました [シナリオ名: 新規ユーザー登録]
[ADMIN] 15:37:36.227123 シナリオ走行を終了しました [シナリオ名: 新規ユーザー登録]
[ADMIN] 15:37:36.227137 シナリオ走行を開始しました [シナリオ名: 新規ユーザー登録]
[ADMIN] 15:37:36.227801 シナリオ走行を終了しました [シナリオ名: 新規ユーザー登録]
[ADMIN] 15:37:36.227815 シナリオ走行を開始しました [シナリオ名: 新規ユーザー登録]
[ADMIN] 15:37:36.228243 シナリオ走行を終了しました [シナリオ名: 新規ユーザー登録]
[ADMIN] 15:37:36.228255 シナリオ走行を開始しました [シナリオ名: 新規ユーザー登録]
[ADMIN] 15:37:36.228909 シナリオ走行を終了しました [シナリオ名: 新規ユーザー登録]
[ADMIN] 15:37:36.228923 シナリオ走行を開始しました [シナリオ名: 新規ユーザー登録]
[ADMIN] 15:37:36.229431 シナリオ走行を終了しました [シナリオ名: 新規ユーザー登録]
[ADMIN] 15:37:36.229442 シナリオ走行を開始しました [シナリオ名: 新規ユーザー登録]
[ADMIN] 15:37:36.231306 シナリオ走行を終了しました [シナリオ名: 新規ユーザー登録]
[ADMIN] 15:37:36.231321 シナリオ走行を開始しました [シナリオ名: 新規ユーザー登録]
[ADMIN] 15:37:36.231660 シナリオ走行を終了しました [シナリオ名: 新規ユーザー登録]
[ADMIN] 15:37:36.231672 シナリオ走行を開始しました [シナリオ名: 新規ユーザー登録]
[ADMIN] 15:37:36.232068 シナリオ走行を終了しました [シナリオ名: 新規ユーザー登録]
[ADMIN] 15:37:36.232082 シナリオ走行を開始しました [シナリオ名: 新規ユーザー登録]
[ADMIN] 15:37:36.232792 シナリオ走行を終了しました [シナリオ名: 新規ユーザー登録]
[ADMIN] 15:37:36.232806 シナリオ走行を開始しました [シナリオ名: 新規ユーザー登録]
[ADMIN] 15:37:36.233574 シナリオ走行を終了しました [シナリオ名: 新規ユーザー登録]
[ADMIN] 15:37:36.233587 シナリオ走行を開始しました [シナリオ名: 新規ユーザー登録]
[ADMIN] 15:37:36.233944 シナリオ走行を終了しました [シナリオ名: 新規ユーザー登録]
[ADMIN] 15:37:36.233956 シナリオ走行を開始しました [シナリオ名: 新規ユーザー登録]
[ADMIN] 15:37:36.234683 シナリオ走行を終了しました [シナリオ名: 新規ユーザー登録]
[ADMIN] 15:37:36.234698 シナリオ走行を開始しました [シナリオ名: 新規ユーザー登録]
[ADMIN] 15:37:36.235256 シナリオ走行を終了しました [シナリオ名: 新規ユーザー登録]
[ADMIN] 15:37:36.235271 シナリオ走行を開始しました [シナリオ名: 新規ユーザー登録]
[ADMIN] 15:37:36.235763 シナリオ走行を終了しました [シナリオ名: 新規ユーザー登録]
[ADMIN] 15:37:36.235777 シナリオ走行を開始しました [シナリオ名: 新規ユーザー登録]
[ADMIN] 15:37:36.236300 シナリオ走行を終了しました [シナリオ名: 新規ユーザー登録]
[ADMIN] 15:37:36.236314 シナリオ走行を開始しました [シナリオ名: 新規ユーザー登録]
[ADMIN] 15:37:36.237105 シナリオ走行を終了しました [シナリオ名: 新規ユーザー登録]
[ADMIN] 15:37:36.237120 シナリオ走行を開始しました [シナリオ名: 新規ユーザー登録]
[ADMIN] 15:37:36.237352 シナリオ走行を終了しました [シナリオ名: 新規ユーザー登録]
[ADMIN] 15:37:36.237366 シナリオ走行を開始しました [シナリオ名: 新規ユーザー登録]
[ADMIN] 15:37:36.237815 シナリオ走行を終了しました [シナリオ名: 新規ユーザー登録]
[ADMIN] 15:37:36.237829 シナリオ走行を開始しました [シナリオ名: 新規ユーザー登録]
[ADMIN] 15:37:36.238546 シナリオ走行を終了しました [シナリオ名: 新規ユーザー登録]
[ADMIN] 15:37:36.238561 シナリオ走行を開始しました [シナリオ名: 新規ユーザー登録]
[ADMIN] 15:37:36.239034 シナリオ走行を終了しました [シナリオ名: 新規ユーザー登録]
[ADMIN] 15:37:36.239045 シナリオ走行を開始しました [シナリオ名: 新規ユーザー登録]
[ADMIN] 15:37:36.240260 シナリオ走行を終了しました [シナリオ名: 新規ユーザー登録]
[ADMIN] 15:37:36.240272 シナリオ走行を開始しました [シナリオ名: 新規ユーザー登録]
[ADMIN] 15:37:36.240621 シナリオ走行を終了しました [シナリオ名: 新規ユーザー登録]
[ADMIN] 15:37:36.240637 シナリオ走行を開始しました [シナリオ名: 新規ユーザー登録]
[ADMIN] 15:37:36.241019 シナリオ走行を終了しました [シナリオ名: 新規ユーザー登録]
[ADMIN] 15:37:36.241028 シナリオ走行を開始しました [シナリオ名: 新規ユーザー登録]
[ADMIN] 15:37:36.241760 シナリオ走行を終了しました [シナリオ名: 新規ユーザー登録]
[ADMIN] 15:37:36.241775 シナリオ走行を開始しました [シナリオ名: 新規ユーザー登録]
[ADMIN] 15:37:36.242138 シナリオ走行を終了しました [シナリオ名: 新規ユーザー登録]
[ADMIN] 15:37:36.242151 シナリオ走行を開始しました [シナリオ名: 新規ユーザー登録]
[ADMIN] 15:37:36.242887 シナリオ走行を終了しました [シナリオ名: 新規ユーザー登録]
[ADMIN] 15:37:36.242907 シナリオ走行を開始しました [シナリオ名: 新規ユーザー登録]
[ADMIN] 15:37:36.243359 シナリオ走行を終了しました [シナリオ名: 新規ユーザー登録]
[ADMIN] 15:37:36.243375 シナリオ走行を開始しました [シナリオ名: 新規ユーザー登録]
[ADMIN] 15:37:36.243944 シナリオ走行を終了しました [シナリオ名: 新規ユーザー登録]
[ADMIN] 15:37:36.243955 シナリオ走行を開始しました [シナリオ名: 新規ユーザー登録]
[ADMIN] 15:37:36.244363 シナリオ走行を終了しました [シナリオ名: 新規ユーザー登録]
[ADMIN] 15:37:36.244379 シナリオ走行を開始しました [シナリオ名: 新規ユーザー登録]
[ADMIN] 15:37:36.244777 シナリオ走行を終了しました [シナリオ名: 新規ユーザー登録]
[ADMIN] 15:37:36.244790 シナリオ走行を開始しました [シナリオ名: 新規ユーザー登録]
[ADMIN] 15:37:36.245690 シナリオ走行を終了しました [シナリオ名: 新規ユーザー登録]
[ADMIN] 15:37:36.245703 シナリオ走行を開始しました [シナリオ名: 新規ユーザー登録]
[ADMIN] 15:37:36.246055 シナリオ走行を終了しました [シナリオ名: 新規ユーザー登録]
[ADMIN] 15:37:36.246070 シナリオ走行を開始しました [シナリオ名: 新規ユーザー登録]
[ADMIN] 15:37:36.246523 シナリオ走行を終了しました [シナリオ名: 新規ユーザー登録]
[ADMIN] 15:37:36.246538 シナリオ走行を開始しました [シナリオ名: 新規ユーザー登録]
[ADMIN] 15:37:36.247300 シナリオ走行を終了しました [シナリオ名: 新規ユーザー登録]
[ADMIN] 15:37:36.247313 シナリオ走行を開始しました [シナリオ名: 新規ユーザー登録]
[ADMIN] 15:37:36.248024 シナリオ走行を終了しました [シナリオ名: 新規ユーザー登録]
[ADMIN] 15:37:36.248035 シナリオ走行を開始しました [シナリオ名: 新規ユーザー登録]
[ADMIN] 15:37:36.248378 シナリオ走行を終了しました [シナリオ名: 新規ユーザー登録]
[ADMIN] 15:37:36.248391 シナリオ走行を開始しました [シナリオ名: 新規ユーザー登録]
[ADMIN] 15:37:36.248989 シナリオ走行を終了しました [シナリオ名: 新規ユーザー登録]
[ADMIN] 15:37:36.249015 シナリオ走行を開始しました [シナリオ名: 新規ユーザー登録]
[ADMIN] 15:37:36.250604 シナリオ走行を終了しました [シナリオ名: 新規ユーザー登録]
[ADMIN] 15:37:36.250633 シナリオ走行を開始しました [シナリオ名: 新規ユーザー登録]
[ADMIN] 15:37:36.250828 シナリオ走行を終了しました [シナリオ名: 新規ユーザー登録]
[ADMIN] 15:37:36.250842 シナリオ走行を開始しました [シナリオ名: 新規ユーザー登録]
[ADMIN] 15:37:36.251573 シナリオ走行を終了しました [シナリオ名: 新規ユーザー登録]
[ADMIN] 15:37:36.251589 シナリオ走行を開始しました [シナリオ名: 新規ユーザー登録]
[ADMIN] 15:37:36.251898 シナリオ走行を終了しました [シナリオ名: 新規ユーザー登録]
[ADMIN] 15:37:36.251913 シナリオ走行を開始しました [シナリオ名: 新規ユーザー登録]
[ADMIN] 15:37:36.252271 シナリオ走行を終了しました [シナリオ名: 新規ユーザー登録]
[ADMIN] 15:37:36.252288 シナリオ走行を開始しました [シナリオ名: 新規ユーザー登録]
[ADMIN] 15:37:36.253227 シナリオ走行を終了しました [シナリオ名: 新規ユーザー登録]
[ADMIN] 15:37:36.253241 シナリオ走行を開始しました [シナリオ名: 新規ユーザー登録]
[ADMIN] 15:37:36.253613 シナリオ走行を終了しました [シナリオ名: 新規ユーザー登録]
[ADMIN] 15:37:36.253627 シナリオ走行を開始しました [シナリオ名: 新規ユーザー登録]
[ADMIN] 15:37:36.254078 シナリオ走行を終了しました [シナリオ名: 新規ユーザー登録]
[ADMIN] 15:37:36.254092 シナリオ走行を開始しました [シナリオ名: 新規ユーザー登録]
[ADMIN] 15:37:36.254770 シナリオ走行を終了しました [シナリオ名: 新規ユーザー登録]
[ADMIN] 15:37:36.254784 シナリオ走行を開始しました [シナリオ名: 新規ユーザー登録]
[ADMIN] 15:37:36.255190 シナリオ走行を終了しました [シナリオ名: 新規ユーザー登録]
[ADMIN] 15:37:36.255204 シナリオ走行を開始しました [シナリオ名: 新規ユーザー登録]
[ADMIN] 15:37:36.255596 シナリオ走行を終了しました [シナリオ名: 新規ユーザー登録]
[ADMIN] 15:37:36.255609 シナリオ走行を開始しました [シナリオ名: 新規ユーザー登録]
[ADMIN] 15:37:36.256645 シナリオ走行を終了しました [シナリオ名: 新規ユーザー登録]
[ADMIN] 15:37:36.256661 シナリオ走行を開始しました [シナリオ名: 新規ユーザー登録]
[ADMIN] 15:37:36.256861 シナリオ走行を終了しました [シナリオ名: 新規ユーザー登録]
[ADMIN] 15:37:36.256876 シナリオ走行を開始しました [シナリオ名: 新規ユーザー登録]
[ADMIN] 15:37:36.257275 シナリオ走行を終了しました [シナリオ名: 新規ユーザー登録]
[ADMIN] 15:37:36.257287 シナリオ走行を開始しました [シナリオ名: 新規ユーザー登録]
[ADMIN] 15:37:36.257987 シナリオ走行を終了しました [シナリオ名: 新規ユーザー登録]
[ADMIN] 15:37:36.257998 シナリオ走行を開始しました [シナリオ名: 新規ユーザー登録]
[ADMIN] 15:37:36.258721 シナリオ走行を終了しました [シナリオ名: 新規ユーザー登録]
[ADMIN] 15:37:36.258736 シナリオ走行を開始しました [シナリオ名: 新規ユーザー登録]
[ADMIN] 15:37:36.259429 シナリオ走行を終了しました [シナリオ名: 新規ユーザー登録]
[ADMIN] 15:37:36.259442 シナリオ走行を開始しました [シナリオ名: 新規ユーザー登録]
[ADMIN] 15:37:36.260566 シナリオ走行を終了しました [シナリオ名: 新規ユーザー登録]
[ADMIN] 15:37:36.260580 シナリオ走行を開始しました [シナリオ名: 新規ユーザー登録]
[ADMIN] 15:37:36.261507 シナリオ走行を終了しました [シナリオ名: 新規ユーザー登録]
[ADMIN] 15:37:36.261521 シナリオ走行を開始しました [シナリオ名: 新規ユーザー登録]
[ADMIN] 15:37:36.261561 シナリオ走行を終了しました [シナリオ名: 新規ユーザー登録]
[ADMIN] 15:37:36.261576 シナリオ走行を開始しました [シナリオ名: 新規ユーザー登録]
[ADMIN] 15:37:36.261836 シナリオ走行を終了しました [シナリオ名: 新規ユーザー登録]
[ADMIN] 15:37:36.261851 シナリオ走行を開始しました [シナリオ名: 新規ユーザー登録]
[ADMIN] 15:37:36.262245 シナリオ走行を終了しました [シナリオ名: 新規ユーザー登録]
[ADMIN] 15:37:36.262259 シナリオ走行を開始しました [シナリオ名: 新規ユーザー登録]
[ADMIN] 15:37:36.270013 シナリオ走行を終了しました [シナリオ名: 新規ユーザー登録]
[ADMIN] 15:37:36.270029 シナリオ走行を開始しました [シナリオ名: 新規ユーザー登録]
[ADMIN] 15:37:36.270310 シナリオ走行を終了しました [シナリオ名: 新規ユーザー登録]
[ADMIN] 15:37:36.270325 シナリオ走行を開始しました [シナリオ名: 新規ユーザー登録]
[ADMIN] 15:37:36.270712 シナリオ走行を終了しました [シナリオ名: 新規ユーザー登録]
[ADMIN] 15:37:36.270724 シナリオ走行を開始しました [シナリオ名: 新規ユーザー登録]
[ADMIN] 15:37:36.271075 シナリオ走行を終了しました [シナリオ名: 新規ユーザー登録]
[ADMIN] 15:37:36.271089 シナリオ走行を開始しました [シナリオ名: 新規ユーザー登録]
[ADMIN] 15:37:36.275111 シナリオ走行を終了しました [シナリオ名: 新規ユーザー登録]
[ADMIN] 15:37:36.275126 シナリオ走行を開始しました [シナリオ名: 新規ユーザー登録]
[ADMIN] 15:37:36.275373 シナリオ走行を終了しました [シナリオ名: 新規ユーザー登録]
[ADMIN] 15:37:36.275402 シナリオ走行を開始しました [シナリオ名: 新規ユーザー登録]
[ADMIN] 15:37:36.275693 シナリオ走行を終了しました [シナリオ名: 新規ユーザー登録]
[ADMIN] 15:37:36.275706 シナリオ走行を開始しました [シナリオ名: 新規ユーザー登録]
[ADMIN] 15:37:36.276262 シナリオ走行を終了しました [シナリオ名: 新規ユーザー登録]
[ADMIN] 15:37:36.276277 シナリオ走行を開始しました [シナリオ名: 新規ユーザー登録]
[ADMIN] 15:37:36.276774 シナリオ走行を終了しました [シナリオ名: 新規ユーザー登録]
[ADMIN] 15:37:36.276786 シナリオ走行を開始しました [シナリオ名: 新規ユーザー登録]
[ADMIN] 15:37:36.277120 シナリオ走行を終了しました [シナリオ名: 新規ユーザー登録]
[ADMIN] 15:37:36.277132 シナリオ走行を開始しました [シナリオ名: 新規ユーザー登録]
[ADMIN] 15:37:36.277678 シナリオ走行を終了しました [シナリオ名: 新規ユーザー登録]
[ADMIN] 15:37:36.277695 シナリオ走行を開始しました [シナリオ名: 新規ユーザー登録]
[ADMIN] 15:37:36.278300 シナリオ走行を終了しました [シナリオ名: 新規ユーザー登録]
[ADMIN] 15:37:36.278314 シナリオ走行を開始しました [シナリオ名: 新規ユーザー登録]
[ADMIN] 15:37:36.278903 シナリオ走行を終了しました [シナリオ名: 新規ユーザー登録]
[ADMIN] 15:37:36.278918 シナリオ走行を開始しました [シナリオ名: 新規ユーザー登録]
[ADMIN] 15:37:36.279504 シナリオ走行を終了しました [シナリオ名: Banユーザログイン]
[ADMIN] 15:37:36.279553 シナリオ走行を終了しました [シナリオ名: 新規ユーザー登録]
[ADMIN] 15:37:36.279565 シナリオ走行を開始しました [シナリオ名: 新規ユーザー登録]
[ADMIN] 15:37:36.279829 シナリオ走行を終了しました [シナリオ名: 新規ユーザー登録]
[ADMIN] 15:37:36.279841 シナリオ走行を開始しました [シナリオ名: 新規ユーザー登録]
[ADMIN] 15:37:36.281480 シナリオ走行を終了しました [シナリオ名: 新規ユーザー登録]
[ADMIN] 15:37:36.281494 シナリオ走行を開始しました [シナリオ名: 新規ユーザー登録]
[ADMIN] 15:37:36.282161 シナリオ走行を終了しました [シナリオ名: 新規ユーザー登録]
[ADMIN] 15:37:36.282172 シナリオ走行を開始しました [シナリオ名: 新規ユーザー登録]
[ADMIN] 15:37:36.282306 シナリオ走行を終了しました [シナリオ名: 新規ユーザー登録]
[ADMIN] 15:37:36.282319 シナリオ走行を開始しました [シナリオ名: 新規ユーザー登録]
[ADMIN] 15:37:36.282777 シナリオ走行を終了しました [シナリオ名: 新規ユーザー登録]
[ADMIN] 15:37:36.282794 シナリオ走行を開始しました [シナリオ名: 新規ユーザー登録]
[ADMIN] 15:37:36.283964 シナリオ走行を終了しました [シナリオ名: 新規ユーザー登録]
[ADMIN] 15:37:36.283979 シナリオ走行を開始しました [シナリオ名: 新規ユーザー登録]
[ADMIN] 15:37:36.284184 シナリオ走行を終了しました [シナリオ名: 新規ユーザー登録]
[ADMIN] 15:37:36.284196 シナリオ走行を開始しました [シナリオ名: 新規ユーザー登録]
[ADMIN] 15:37:36.284596 シナリオ走行を終了しました [シナリオ名: 新規ユーザー登録]
[ADMIN] 15:37:36.284609 シナリオ走行を開始しました [シナリオ名: 新規ユーザー登録]
[ADMIN] 15:37:36.285297 シナリオ走行を終了しました [シナリオ名: 新規ユーザー登録]
[ADMIN] 15:37:36.285313 シナリオ走行を開始しました [シナリオ名: 新規ユーザー登録]
[ADMIN] 15:37:36.286332 シナリオ走行を終了しました [シナリオ名: 新規ユーザー登録]
[ADMIN] 15:37:36.286345 シナリオ走行を開始しました [シナリオ名: 新規ユーザー登録]
[ADMIN] 15:37:36.286474 シナリオ走行を終了しました [シナリオ名: 新規ユーザー登録]
[ADMIN] 15:37:36.286485 シナリオ走行を開始しました [シナリオ名: 新規ユーザー登録]
[ADMIN] 15:37:36.286897 シナリオ走行を終了しました [シナリオ名: 新規ユーザー登録]
[ADMIN] 15:37:36.286911 シナリオ走行を開始しました [シナリオ名: 新規ユーザー登録]
[ADMIN] 15:37:36.287586 シナリオ走行を終了しました [シナリオ名: 新規ユーザー登録]
[ADMIN] 15:37:36.287598 シナリオ走行を開始しました [シナリオ名: 新規ユーザー登録]
[ADMIN] 15:37:36.288129 シナリオ走行を終了しました [シナリオ名: 新規ユーザー登録]
[ADMIN] 15:37:36.288143 シナリオ走行を開始しました [シナリオ名: 新規ユーザー登録]
[ADMIN] 15:37:36.288436 シナリオ走行を終了しました [シナリオ名: 新規ユーザー登録]
[ADMIN] 15:37:36.288448 シナリオ走行を開始しました [シナリオ名: 新規ユーザー登録]
[ADMIN] 15:37:36.288916 シナリオ走行を終了しました [シナリオ名: 新規ユーザー登録]
[ADMIN] 15:37:36.288928 シナリオ走行を開始しました [シナリオ名: 新規ユーザー登録]
[ADMIN] 15:37:36.289640 シナリオ走行を終了しました [シナリオ名: 新規ユーザー登録]
[ADMIN] 15:37:36.289654 シナリオ走行を開始しました [シナリオ名: 新規ユーザー登録]
[ADMIN] 15:37:36.290634 シナリオ走行を終了しました [シナリオ名: 新規ユーザー登録]
[ADMIN] 15:37:36.290648 シナリオ走行を開始しました [シナリオ名: 新規ユーザー登録]
[ADMIN] 15:37:36.291321 シナリオ走行を終了しました [シナリオ名: 新規ユーザー登録]
[ADMIN] 15:37:36.291333 シナリオ走行を開始しました [シナリオ名: 新規ユーザー登録]
[ADMIN] 15:37:36.291951 シナリオ走行を終了しました [シナリオ名: 新規ユーザー登録]
[ADMIN] 15:37:36.291974 シナリオ走行を開始しました [シナリオ名: 新規ユーザー登録]
[ADMIN] 15:37:36.292387 シナリオ走行を終了しました [シナリオ名: 新規ユーザー登録]
[ADMIN] 15:37:36.292401 シナリオ走行を開始しました [シナリオ名: 新規ユーザー登録]
[ADMIN] 15:37:36.292779 シナリオ走行を終了しました [シナリオ名: 新規ユーザー登録]
[ADMIN] 15:37:36.292790 シナリオ走行を開始しました [シナリオ名: 新規ユーザー登録]
[ADMIN] 15:37:36.293644 シナリオ走行を終了しました [シナリオ名: 新規ユーザー登録]
[ADMIN] 15:37:36.293655 シナリオ走行を開始しました [シナリオ名: 新規ユーザー登録]
[ADMIN] 15:37:36.293932 シナリオ走行を終了しました [シナリオ名: 新規ユーザー登録]
[ADMIN] 15:37:36.293945 シナリオ走行を開始しました [シナリオ名: 新規ユーザー登録]
[ADMIN] 15:37:36.294416 シナリオ走行を終了しました [シナリオ名: 新規ユーザー登録]
[ADMIN] 15:37:36.294429 シナリオ走行を開始しました [シナリオ名: 新規ユーザー登録]
[ADMIN] 15:37:36.295143 シナリオ走行を終了しました [シナリオ名: 新規ユーザー登録]
[ADMIN] 15:37:36.295158 シナリオ走行を開始しました [シナリオ名: 新規ユーザー登録]
[ADMIN] 15:37:36.295735 シナリオ走行を終了しました [シナリオ名: 新規ユーザー登録]
[ADMIN] 15:37:36.295750 シナリオ走行を開始しました [シナリオ名: 新規ユーザー登録]
[ADMIN] 15:37:36.296242 シナリオ走行を終了しました [シナリオ名: 新規ユーザー登録]
[ADMIN] 15:37:36.296254 シナリオ走行を開始しました [シナリオ名: 新規ユーザー登録]
[ADMIN] 15:37:36.296889 シナリオ走行を終了しました [シナリオ名: 新規ユーザー登録]
[ADMIN] 15:37:36.296903 シナリオ走行を開始しました [シナリオ名: 新規ユーザー登録]
[ADMIN] 15:37:36.297340 シナリオ走行を終了しました [シナリオ名: 新規ユーザー登録]
[ADMIN] 15:37:36.297354 シナリオ走行を開始しました [シナリオ名: 新規ユーザー登録]
[ADMIN] 15:37:36.297793 シナリオ走行を終了しました [シナリオ名: 新規ユーザー登録]
[ADMIN] 15:37:36.297806 シナリオ走行を開始しました [シナリオ名: 新規ユーザー登録]
[ADMIN] 15:37:36.298790 シナリオ走行を終了しました [シナリオ名: 新規ユーザー登録]
[ADMIN] 15:37:36.298802 シナリオ走行を開始しました [シナリオ名: 新規ユーザー登録]
[ADMIN] 15:37:36.299177 シナリオ走行を終了しました [シナリオ名: 新規ユーザー登録]
[ADMIN] 15:37:36.299190 シナリオ走行を開始しました [シナリオ名: 新規ユーザー登録]
[ADMIN] 15:37:36.299543 シナリオ走行を終了しました [シナリオ名: 新規ユーザー登録]
[ADMIN] 15:37:36.299559 シナリオ走行を開始しました [シナリオ名: 新規ユーザー登録]
[ADMIN] 15:37:36.301026 シナリオ走行を終了しました [シナリオ名: 新規ユーザー登録]
[ADMIN] 15:37:36.301036 シナリオ走行を開始しました [シナリオ名: 新規ユーザー登録]
[ADMIN] 15:37:36.301413 シナリオ走行を終了しました [シナリオ名: 新規ユーザー登録]
[ADMIN] 15:37:36.301425 シナリオ走行を開始しました [シナリオ名: 新規ユーザー登録]
[ADMIN] 15:37:36.301733 シナリオ走行を終了しました [シナリオ名: 新規ユーザー登録]
[ADMIN] 15:37:36.301749 シナリオ走行を開始しました [シナリオ名: 新規ユーザー登録]
[ADMIN] 15:37:36.302450 シナリオ走行を終了しました [シナリオ名: 新規ユーザー登録]
[ADMIN] 15:37:36.302461 シナリオ走行を開始しました [シナリオ名: 新規ユーザー登録]
[ADMIN] 15:37:36.302868 シナリオ走行を終了しました [シナリオ名: 新規ユーザー登録]
[ADMIN] 15:37:36.302883 シナリオ走行を開始しました [シナリオ名: 新規ユーザー登録]
[ADMIN] 15:37:36.303262 シナリオ走行を終了しました [シナリオ名: 新規ユーザー登録]
[ADMIN] 15:37:36.303275 シナリオ走行を開始しました [シナリオ名: 新規ユーザー登録]
[ADMIN] 15:37:36.303664 シナリオ走行を終了しました [シナリオ名: 新規ユーザー登録]
[ADMIN] 15:37:36.303676 シナリオ走行を開始しました [シナリオ名: 新規ユーザー登録]
[ADMIN] 15:37:36.304661 シナリオ走行を終了しました [シナリオ名: 新規ユーザー登録]
[ADMIN] 15:37:36.304676 シナリオ走行を開始しました [シナリオ名: 新規ユーザー登録]
[ADMIN] 15:37:36.305206 シナリオ走行を終了しました [シナリオ名: 新規ユーザー登録]
[ADMIN] 15:37:36.305220 シナリオ走行を開始しました [シナリオ名: 新規ユーザー登録]
[ADMIN] 15:37:36.305370 シナリオ走行を終了しました [シナリオ名: 新規ユーザー登録]
[ADMIN] 15:37:36.305384 シナリオ走行を開始しました [シナリオ名: 新規ユーザー登録]
[ADMIN] 15:37:36.305978 シナリオ走行を終了しました [シナリオ名: 新規ユーザー登録]
[ADMIN] 15:37:36.305993 シナリオ走行を開始しました [シナリオ名: 新規ユーザー登録]
[ADMIN] 15:37:36.306716 シナリオ走行を終了しました [シナリオ名: 新規ユーザー登録]
[ADMIN] 15:37:36.306728 シナリオ走行を開始しました [シナリオ名: 新規ユーザー登録]
[ADMIN] 15:37:36.307127 シナリオ走行を終了しました [シナリオ名: 新規ユーザー登録]
[ADMIN] 15:37:36.307139 シナリオ走行を開始しました [シナリオ名: 新規ユーザー登録]
[ADMIN] 15:37:36.307525 シナリオ走行を終了しました [シナリオ名: 新規ユーザー登録]
[ADMIN] 15:37:36.307538 シナリオ走行を開始しました [シナリオ名: 新規ユーザー登録]
[ADMIN] 15:37:36.307990 シナリオ走行を終了しました [シナリオ名: 新規ユーザー登録]
[ADMIN] 15:37:36.308010 シナリオ走行を開始しました [シナリオ名: 新規ユーザー登録]
[ADMIN] 15:37:36.309109 シナリオ走行を終了しました [シナリオ名: 新規ユーザー登録]
[ADMIN] 15:37:36.309122 シナリオ走行を開始しました [シナリオ名: 新規ユーザー登録]
[ADMIN] 15:37:36.309577 シナリオ走行を終了しました [シナリオ名: 新規ユーザー登録]
[ADMIN] 15:37:36.309591 シナリオ走行を開始しました [シナリオ名: 新規ユーザー登録]
[ADMIN] 15:37:36.309858 シナリオ走行を終了しました [シナリオ名: 新規ユーザー登録]
[ADMIN] 15:37:36.309873 シナリオ走行を開始しました [シナリオ名: 新規ユーザー登録]
[ADMIN] 15:37:36.311391 シナリオ走行を終了しました [シナリオ名: 新規ユーザー登録]
[ADMIN] 15:37:36.311403 シナリオ走行を開始しました [シナリオ名: 新規ユーザー登録]
[ADMIN] 15:37:36.311803 シナリオ走行を終了しました [シナリオ名: 新規ユーザー登録]
[ADMIN] 15:37:36.311815 シナリオ走行を開始しました [シナリオ名: 新規ユーザー登録]
[ADMIN] 15:37:36.312144 シナリオ走行を終了しました [シナリオ名: 新規ユーザー登録]
[ADMIN] 15:37:36.312162 シナリオ走行を開始しました [シナリオ名: 新規ユーザー登録]
[ADMIN] 15:37:36.312941 シナリオ走行を終了しました [シナリオ名: 新規ユーザー登録]
[ADMIN] 15:37:36.312955 シナリオ走行を開始しました [シナリオ名: 新規ユーザー登録]
[ADMIN] 15:37:36.313461 シナリオ走行を終了しました [シナリオ名: 新規ユーザー登録]
[ADMIN] 15:37:36.313475 シナリオ走行を開始しました [シナリオ名: 新規ユーザー登録]
[ADMIN] 15:37:36.313999 シナリオ走行を終了しました [シナリオ名: Banユーザログイン]
[ADMIN] 15:37:36.314014 シナリオ走行を開始しました [シナリオ名: Banユーザログイン]
[ADMIN] 15:37:36.314022 シナリオ走行を開始しました [シナリオ名: Banユーザログイン]
[ADMIN] 15:37:36.314063 シナリオ走行を終了しました [シナリオ名: 新規ユーザー登録]
[ADMIN] 15:37:36.314078 シナリオ走行を開始しました [シナリオ名: 新規ユーザー登録]
[ADMIN] 15:37:36.314682 シナリオ走行を終了しました [シナリオ名: Banユーザログイン]
[ADMIN] 15:37:36.314697 シナリオ走行を開始しました [シナリオ名: Banユーザログイン]
[ADMIN] 15:37:36.314767 シナリオ走行を終了しました [シナリオ名: 新規ユーザー登録]
[ADMIN] 15:37:36.314782 シナリオ走行を開始しました [シナリオ名: 新規ユーザー登録]
[ADMIN] 15:37:36.315454 シナリオ走行を終了しました [シナリオ名: 新規ユーザー登録]
[ADMIN] 15:37:36.315466 シナリオ走行を開始しました [シナリオ名: 新規ユーザー登録]
[ADMIN] 15:37:36.316689 シナリオ走行を終了しました [シナリオ名: 新規ユーザー登録]
[ADMIN] 15:37:36.316701 シナリオ走行を開始しました [シナリオ名: 新規ユーザー登録]
[ADMIN] 15:37:36.318149 シナリオ走行を終了しました [シナリオ名: 新規ユーザー登録]
[ADMIN] 15:37:36.318165 シナリオ走行を開始しました [シナリオ名: 新規ユーザー登録]
[ADMIN] 15:37:36.318337 シナリオ走行を終了しました [シナリオ名: 新規ユーザー登録]
[ADMIN] 15:37:36.318349 シナリオ走行を開始しました [シナリオ名: 新規ユーザー登録]
[ADMIN] 15:37:36.319641 シナリオ走行を終了しました [シナリオ名: 新規ユーザー登録]
[ADMIN] 15:37:36.319653 シナリオ走行を開始しました [シナリオ名: 新規ユーザー登録]
[ADMIN] 15:37:36.320064 シナリオ走行を終了しました [シナリオ名: 新規ユーザー登録]
[ADMIN] 15:37:36.320076 シナリオ走行を開始しました [シナリオ名: 新規ユーザー登録]
[ADMIN] 15:37:36.321434 シナリオ走行を終了しました [シナリオ名: 新規ユーザー登録]
[ADMIN] 15:37:36.321448 シナリオ走行を開始しました [シナリオ名: 新規ユーザー登録]
[ADMIN] 15:37:36.321974 シナリオ走行を終了しました [シナリオ名: 新規ユーザー登録]
[ADMIN] 15:37:36.321989 シナリオ走行を開始しました [シナリオ名: 新規ユーザー登録]
[ADMIN] 15:37:36.322550 シナリオ走行を終了しました [シナリオ名: 新規ユーザー登録]
[ADMIN] 15:37:36.322564 シナリオ走行を開始しました [シナリオ名: 新規ユーザー登録]
[ADMIN] 15:37:36.323090 シナリオ走行を終了しました [シナリオ名: 新規ユーザー登録]
[ADMIN] 15:37:36.323104 シナリオ走行を開始しました [シナリオ名: 新規ユーザー登録]
[ADMIN] 15:37:36.323794 シナリオ走行を終了しました [シナリオ名: 新規ユーザー登録]
[ADMIN] 15:37:36.323794 シナリオ走行を終了しました [シナリオ名: 新規ユーザー登録]
[ADMIN] 15:37:36.323817 シナリオ走行を開始しました [シナリオ名: 新規ユーザー登録]
[ADMIN] 15:37:36.323821 シナリオ走行を開始しました [シナリオ名: 新規ユーザー登録]
[ADMIN] 15:37:36.324051 シナリオ走行を終了しました [シナリオ名: 新規ユーザー登録]
[ADMIN] 15:37:36.324063 シナリオ走行を開始しました [シナリオ名: 新規ユーザー登録]
[ADMIN] 15:37:36.324429 シナリオ走行を終了しました [シナリオ名: 新規ユーザー登録]
[ADMIN] 15:37:36.324442 シナリオ走行を開始しました [シナリオ名: 新規ユーザー登録]
[ADMIN] 15:37:36.325593 シナリオ走行を終了しました [シナリオ名: 新規ユーザー登録]
[ADMIN] 15:37:36.325608 シナリオ走行を開始しました [シナリオ名: 新規ユーザー登録]
[ADMIN] 15:37:36.325992 シナリオ走行を終了しました [シナリオ名: 新規ユーザー登録]
[ADMIN] 15:37:36.326004 シナリオ走行を開始しました [シナリオ名: 新規ユーザー登録]
[ADMIN] 15:37:36.326658 シナリオ走行を終了しました [シナリオ名: 新規ユーザー登録]
[ADMIN] 15:37:36.326672 シナリオ走行を開始しました [シナリオ名: 新規ユーザー登録]
[ADMIN] 15:37:36.327606 シナリオ走行を終了しました [シナリオ名: 新規ユーザー登録]
[ADMIN] 15:37:36.327615 シナリオ走行を終了しました [シナリオ名: 新規ユーザー登録]
[ADMIN] 15:37:36.327620 シナリオ走行を開始しました [シナリオ名: 新規ユーザー登録]
[ADMIN] 15:37:36.327627 シナリオ走行を開始しました [シナリオ名: 新規ユーザー登録]
[ADMIN] 15:37:36.328322 シナリオ走行を終了しました [シナリオ名: 新規ユーザー登録]
[ADMIN] 15:37:36.328336 シナリオ走行を開始しました [シナリオ名: 新規ユーザー登録]
[ADMIN] 15:37:36.328986 シナリオ走行を終了しました [シナリオ名: 新規ユーザー登録]
[ADMIN] 15:37:36.328998 シナリオ走行を開始しました [シナリオ名: 新規ユーザー登録]
[ADMIN] 15:37:36.329372 シナリオ走行を終了しました [シナリオ名: 新規ユーザー登録]
[ADMIN] 15:37:36.329387 シナリオ走行を開始しました [シナリオ名: 新規ユーザー登録]
[ADMIN] 15:37:36.329930 シナリオ走行を終了しました [シナリオ名: 新規ユーザー登録]
[ADMIN] 15:37:36.329945 シナリオ走行を開始しました [シナリオ名: 新規ユーザー登録]
[ADMIN] 15:37:36.331489 シナリオ走行を終了しました [シナリオ名: 新規ユーザー登録]
[ADMIN] 15:37:36.331501 シナリオ走行を開始しました [シナリオ名: 新規ユーザー登録]
[ADMIN] 15:37:36.331865 シナリオ走行を終了しました [シナリオ名: 新規ユーザー登録]
[ADMIN] 15:37:36.331878 シナリオ走行を開始しました [シナリオ名: 新規ユーザー登録]
[ADMIN] 15:37:36.332276 シナリオ走行を終了しました [シナリオ名: 新規ユーザー登録]
[ADMIN] 15:37:36.332290 シナリオ走行を開始しました [シナリオ名: 新規ユーザー登録]
[ADMIN] 15:37:36.333012 シナリオ走行を終了しました [シナリオ名: 新規ユーザー登録]
[ADMIN] 15:37:36.333025 シナリオ走行を開始しました [シナリオ名: 新規ユーザー登録]
[ADMIN] 15:37:36.333714 シナリオ走行を終了しました [シナリオ名: 新規ユーザー登録]
[ADMIN] 15:37:36.333728 シナリオ走行を開始しました [シナリオ名: 新規ユーザー登録]
[ADMIN] 15:37:36.335405 シナリオ走行を終了しました [シナリオ名: 新規ユーザー登録]
[ADMIN] 15:37:36.335421 シナリオ走行を開始しました [シナリオ名: 新規ユーザー登録]
[ADMIN] 15:37:36.335795 シナリオ走行を終了しました [シナリオ名: 新規ユーザー登録]
[ADMIN] 15:37:36.335810 シナリオ走行を開始しました [シナリオ名: 新規ユーザー登録]
[ADMIN] 15:37:36.336192 シナリオ走行を終了しました [シナリオ名: 新規ユーザー登録]
[ADMIN] 15:37:36.336207 シナリオ走行を開始しました [シナリオ名: 新規ユーザー登録]
[ADMIN] 15:37:36.337002 シナリオ走行を終了しました [シナリオ名: 新規ユーザー登録]
[ADMIN] 15:37:36.337016 シナリオ走行を開始しました [シナリオ名: 新規ユーザー登録]
[ADMIN] 15:37:36.337119 シナリオ走行を終了しました [シナリオ名: 新規ユーザー登録]
[ADMIN] 15:37:36.337133 シナリオ走行を開始しました [シナリオ名: 新規ユーザー登録]
[ADMIN] 15:37:36.337769 シナリオ走行を終了しました [シナリオ名: 新規ユーザー登録]
[ADMIN] 15:37:36.337784 シナリオ走行を開始しました [シナリオ名: 新規ユーザー登録]
[ADMIN] 15:37:36.338782 シナリオ走行を終了しました [シナリオ名: 新規ユーザー登録]
[ADMIN] 15:37:36.338796 シナリオ走行を開始しました [シナリオ名: 新規ユーザー登録]
[ADMIN] 15:37:36.339119 シナリオ走行を終了しました [シナリオ名: 新規ユーザー登録]
[ADMIN] 15:37:36.339143 シナリオ走行を開始しました [シナリオ名: 新規ユーザー登録]
[ADMIN] 15:37:36.339548 シナリオ走行を終了しました [シナリオ名: 新規ユーザー登録]
[ADMIN] 15:37:36.339561 シナリオ走行を開始しました [シナリオ名: 新規ユーザー登録]
[ADMIN] 15:37:36.340297 シナリオ走行を終了しました [シナリオ名: 新規ユーザー登録]
[ADMIN] 15:37:36.340308 シナリオ走行を開始しました [シナリオ名: 新規ユーザー登録]
[ADMIN] 15:37:36.344216 シナリオ走行を終了しました [シナリオ名: 新規ユーザー登録]
[ADMIN] 15:37:36.344259 シナリオ走行を開始しました [シナリオ名: 新規ユーザー登録]
[ADMIN] 15:37:36.344629 シナリオ走行を終了しました [シナリオ名: 新規ユーザー登録]
[ADMIN] 15:37:36.344645 シナリオ走行を開始しました [シナリオ名: 新規ユーザー登録]
[ADMIN] 15:37:36.344972 シナリオ走行を終了しました [シナリオ名: 新規ユーザー登録]
[ADMIN] 15:37:36.344984 シナリオ走行を開始しました [シナリオ名: 新規ユーザー登録]
[ADMIN] 15:37:36.346151 シナリオ走行を終了しました [シナリオ名: 新規ユーザー登録]
[ADMIN] 15:37:36.346165 シナリオ走行を開始しました [シナリオ名: 新規ユーザー登録]
[ADMIN] 15:37:36.346489 シナリオ走行を終了しました [シナリオ名: 新規ユーザー登録]
[ADMIN] 15:37:36.346506 シナリオ走行を開始しました [シナリオ名: 新規ユーザー登録]
[ADMIN] 15:37:36.346830 シナリオ走行を終了しました [シナリオ名: 新規ユーザー登録]
[ADMIN] 15:37:36.346845 シナリオ走行を開始しました [シナリオ名: 新規ユーザー登録]
[ADMIN] 15:37:36.347618 シナリオ走行を終了しました [シナリオ名: 新規ユーザー登録]
[ADMIN] 15:37:36.347630 シナリオ走行を開始しました [シナリオ名: 新規ユーザー登録]
[ADMIN] 15:37:36.348369 シナリオ走行を終了しました [シナリオ名: 新規ユーザー登録]
[ADMIN] 15:37:36.348380 シナリオ走行を開始しました [シナリオ名: 新規ユーザー登録]
[ADMIN] 15:37:36.348719 シナリオ走行を終了しました [シナリオ名: 新規ユーザー登録]
[ADMIN] 15:37:36.348732 シナリオ走行を開始しました [シナリオ名: 新規ユーザー登録]
[ADMIN] 15:37:36.348977 シナリオ走行を終了しました [シナリオ名: 新規ユーザー登録]
[ADMIN] 15:37:36.348990 シナリオ走行を開始しました [シナリオ名: 新規ユーザー登録]
[ADMIN] 15:37:36.349985 シナリオ走行を終了しました [シナリオ名: 新規ユーザー登録]
[ADMIN] 15:37:36.349994 シナリオ走行を開始しました [シナリオ名: 新規ユーザー登録]
[ADMIN] 15:37:36.350370 シナリオ走行を終了しました [シナリオ名: 新規ユーザー登録]
[ADMIN] 15:37:36.350383 シナリオ走行を開始しました [シナリオ名: 新規ユーザー登録]
[ADMIN] 15:37:36.351779 シナリオ走行を終了しました [シナリオ名: 新規ユーザー登録]
[ADMIN] 15:37:36.351791 シナリオ走行を開始しました [シナリオ名: 新規ユーザー登録]
[ADMIN] 15:37:36.353290 シナリオ走行を終了しました [シナリオ名: 新規ユーザー登録]
[ADMIN] 15:37:36.353302 シナリオ走行を開始しました [シナリオ名: 新規ユーザー登録]
[ADMIN] 15:37:36.354709 シナリオ走行を終了しました [シナリオ名: 新規ユーザー登録]
[ADMIN] 15:37:36.354723 シナリオ走行を開始しました [シナリオ名: 新規ユーザー登録]
[ADMIN] 15:37:36.355207 シナリオ走行を終了しました [シナリオ名: 新規ユーザー登録]
[ADMIN] 15:37:36.355218 シナリオ走行を開始しました [シナリオ名: 新規ユーザー登録]
[ADMIN] 15:37:36.355754 シナリオ走行を終了しました [シナリオ名: 新規ユーザー登録]
[ADMIN] 15:37:36.355769 シナリオ走行を開始しました [シナリオ名: 新規ユーザー登録]
[ADMIN] 15:37:36.356349 シナリオ走行を終了しました [シナリオ名: 新規ユーザー登録]
[ADMIN] 15:37:36.356365 シナリオ走行を開始しました [シナリオ名: 新規ユーザー登録]
[ADMIN] 15:37:36.357211 シナリオ走行を終了しました [シナリオ名: 新規ユーザー登録]
[ADMIN] 15:37:36.357225 シナリオ走行を開始しました [シナリオ名: 新規ユーザー登録]
[ADMIN] 15:37:36.358369 シナリオ走行を終了しました [シナリオ名: 新規ユーザー登録]
[ADMIN] 15:37:36.358382 シナリオ走行を開始しました [シナリオ名: 新規ユーザー登録]
[ADMIN] 15:37:36.358944 シナリオ走行を終了しました [シナリオ名: 新規ユーザー登録]
[ADMIN] 15:37:36.358957 シナリオ走行を開始しました [シナリオ名: 新規ユーザー登録]
[ADMIN] 15:37:36.359613 シナリオ走行を終了しました [シナリオ名: 新規ユーザー登録]
[ADMIN] 15:37:36.359626 シナリオ走行を開始しました [シナリオ名: 新規ユーザー登録]
[ADMIN] 15:37:36.360092 シナリオ走行を終了しました [シナリオ名: 新規ユーザー登録]
[ADMIN] 15:37:36.360106 シナリオ走行を開始しました [シナリオ名: 新規ユーザー登録]
[ADMIN] 15:37:36.360672 シナリオ走行を終了しました [シナリオ名: 新規ユーザー登録]
[ADMIN] 15:37:36.360685 シナリオ走行を開始しました [シナリオ名: 新規ユーザー登録]
[ADMIN] 15:37:36.362062 シナリオ走行を終了しました [シナリオ名: 新規ユーザー登録]
[ADMIN] 15:37:36.362075 シナリオ走行を開始しました [シナリオ名: 新規ユーザー登録]
[ADMIN] 15:37:36.362789 シナリオ走行を終了しました [シナリオ名: 新規ユーザー登録]
[ADMIN] 15:37:36.362805 シナリオ走行を開始しました [シナリオ名: 新規ユーザー登録]
[ADMIN] 15:37:36.362873 シナリオ走行を終了しました [シナリオ名: 新規ユーザー登録]
[ADMIN] 15:37:36.362888 シナリオ走行を開始しました [シナリオ名: 新規ユーザー登録]
[ADMIN] 15:37:36.363351 シナリオ走行を終了しました [シナリオ名: 新規ユーザー登録]
[ADMIN] 15:37:36.363365 シナリオ走行を開始しました [シナリオ名: 新規ユーザー登録]
[ADMIN] 15:37:36.364377 シナリオ走行を終了しました [シナリオ名: 新規ユーザー登録]
[ADMIN] 15:37:36.364390 シナリオ走行を開始しました [シナリオ名: 新規ユーザー登録]
[ADMIN] 15:37:36.366210 シナリオ走行を終了しました [シナリオ名: 新規ユーザー登録]
[ADMIN] 15:37:36.366224 シナリオ走行を開始しました [シナリオ名: 新規ユーザー登録]
[ADMIN] 15:37:36.366515 シナリオ走行を終了しました [シナリオ名: 新規ユーザー登録]
[ADMIN] 15:37:36.366530 シナリオ走行を開始しました [シナリオ名: 新規ユーザー登録]
[ADMIN] 15:37:36.366912 シナリオ走行を終了しました [シナリオ名: 新規ユーザー登録]
[ADMIN] 15:37:36.366926 シナリオ走行を開始しました [シナリオ名: 新規ユーザー登録]
[ADMIN] 15:37:36.367695 シナリオ走行を終了しました [シナリオ名: 新規ユーザー登録]
[ADMIN] 15:37:36.367708 シナリオ走行を開始しました [シナリオ名: 新規ユーザー登録]
[ADMIN] 15:37:36.368179 シナリオ走行を終了しました [シナリオ名: 新規ユーザー登録]
[ADMIN] 15:37:36.368192 シナリオ走行を開始しました [シナリオ名: 新規ユーザー登録]
[ADMIN] 15:37:36.368749 シナリオ走行を終了しました [シナリオ名: 新規ユーザー登録]
[ADMIN] 15:37:36.368759 シナリオ走行を開始しました [シナリオ名: 新規ユーザー登録]
[ADMIN] 15:37:36.369699 シナリオ走行を終了しました [シナリオ名: 新規ユーザー登録]
[ADMIN] 15:37:36.369714 シナリオ走行を開始しました [シナリオ名: 新規ユーザー登録]
[ADMIN] 15:37:36.369737 シナリオ走行を終了しました [シナリオ名: 新規ユーザー登録]
[ADMIN] 15:37:36.369767 シナリオ走行を開始しました [シナリオ名: 新規ユーザー登録]
[ADMIN] 15:37:36.373592 シナリオ走行を終了しました [シナリオ名: 新規ユーザー登録]
[ADMIN] 15:37:36.373608 シナリオ走行を開始しました [シナリオ名: 新規ユーザー登録]
[ADMIN] 15:37:36.376986 シナリオ走行を終了しました [シナリオ名: 新規ユーザー登録]
[ADMIN] 15:37:36.376999 シナリオ走行を開始しました [シナリオ名: 新規ユーザー登録]
[ADMIN] 15:37:36.377369 シナリオ走行を終了しました [シナリオ名: 新規ユーザー登録]
[ADMIN] 15:37:36.377382 シナリオ走行を開始しました [シナリオ名: 新規ユーザー登録]
[ADMIN] 15:37:36.378591 シナリオ走行を終了しました [シナリオ名: 新規ユーザー登録]
[ADMIN] 15:37:36.378603 シナリオ走行を開始しました [シナリオ名: 新規ユーザー登録]
[ADMIN] 15:37:36.379083 シナリオ走行を終了しました [シナリオ名: 新規ユーザー登録]
[ADMIN] 15:37:36.379099 シナリオ走行を開始しました [シナリオ名: 新規ユーザー登録]
[ADMIN] 15:37:36.379142 シナリオ走行を終了しました [シナリオ名: 新規ユーザー登録]
[ADMIN] 15:37:36.379155 シナリオ走行を開始しました [シナリオ名: 新規ユーザー登録]
[ADMIN] 15:37:36.379526 シナリオ走行を終了しました [シナリオ名: 新規ユーザー登録]
[ADMIN] 15:37:36.379540 シナリオ走行を開始しました [シナリオ名: 新規ユーザー登録]
[ADMIN] 15:37:36.380380 シナリオ走行を終了しました [シナリオ名: 新規ユーザー登録]
[ADMIN] 15:37:36.380397 シナリオ走行を開始しました [シナリオ名: 新規ユーザー登録]
[ADMIN] 15:37:36.386179 シナリオ走行を終了しました [シナリオ名: 新規ユーザー登録]
[ADMIN] 15:37:36.386192 シナリオ走行を開始しました [シナリオ名: 新規ユーザー登録]
[ADMIN] 15:37:36.386561 シナリオ走行を終了しました [シナリオ名: 新規ユーザー登録]
[ADMIN] 15:37:36.386574 シナリオ走行を開始しました [シナリオ名: 新規ユーザー登録]
[ADMIN] 15:37:36.387206 シナリオ走行を終了しました [シナリオ名: 新規ユーザー登録]
[ADMIN] 15:37:36.387218 シナリオ走行を開始しました [シナリオ名: 新規ユーザー登録]
[ADMIN] 15:37:36.387822 シナリオ走行を終了しました [シナリオ名: 新規ユーザー登録]
[ADMIN] 15:37:36.387837 シナリオ走行を開始しました [シナリオ名: 新規ユーザー登録]
[ADMIN] 15:37:36.389945 シナリオ走行を終了しました [シナリオ名: 新規ユーザー登録]
[ADMIN] 15:37:36.389960 シナリオ走行を開始しました [シナリオ名: 新規ユーザー登録]
[ADMIN] 15:37:36.390314 シナリオ走行を終了しました [シナリオ名: 新規ユーザー登録]
[ADMIN] 15:37:36.390331 シナリオ走行を開始しました [シナリオ名: 新規ユーザー登録]
[ADMIN] 15:37:36.390584 シナリオ走行を終了しました [シナリオ名: 新規ユーザー登録]
[ADMIN] 15:37:36.390596 シナリオ走行を開始しました [シナリオ名: 新規ユーザー登録]
[ADMIN] 15:37:36.398013 シナリオ走行を終了しました [シナリオ名: 新規ユーザー登録]
[ADMIN] 15:37:36.398025 シナリオ走行を開始しました [シナリオ名: 新規ユーザー登録]
[ADMIN] 15:37:36.398384 シナリオ走行を終了しました [シナリオ名: 新規ユーザー登録]
[ADMIN] 15:37:36.398709 シナリオ走行を終了しました [シナリオ名: 新規ユーザー登録]
[ADMIN] 15:37:36.398721 シナリオ走行を開始しました [シナリオ名: 新規ユーザー登録]
[ADMIN] 15:37:36.398777 シナリオ走行を開始しました [シナリオ名: 新規ユーザー登録]
[ADMIN] 15:37:36.399330 シナリオ走行を終了しました [シナリオ名: 新規ユーザー登録]
[ADMIN] 15:37:36.399340 シナリオ走行を開始しました [シナリオ名: 新規ユーザー登録]
[ADMIN] 15:37:36.399991 シナリオ走行を終了しました [シナリオ名: 新規ユーザー登録]
[ADMIN] 15:37:36.400002 シナリオ走行を開始しました [シナリオ名: 新規ユーザー登録]
[ADMIN] 15:37:36.400600 シナリオ走行を終了しました [シナリオ名: 新規ユーザー登録]
[ADMIN] 15:37:36.400613 シナリオ走行を開始しました [シナリオ名: 新規ユーザー登録]
[ADMIN] 15:37:36.401749 シナリオ走行を終了しました [シナリオ名: 新規ユーザー登録]
[ADMIN] 15:37:36.401762 シナリオ走行を開始しました [シナリオ名: 新規ユーザー登録]
[ADMIN] 15:37:36.402223 シナリオ走行を終了しました [シナリオ名: 新規ユーザー登録]
[ADMIN] 15:37:36.402238 シナリオ走行を開始しました [シナリオ名: 新規ユーザー登録]
[ADMIN] 15:37:36.403143 シナリオ走行を終了しました [シナリオ名: 新規ユーザー登録]
[ADMIN] 15:37:36.403159 シナリオ走行を開始しました [シナリオ名: 新規ユーザー登録]
[ADMIN] 15:37:36.403481 シナリオ走行を終了しました [シナリオ名: 新規ユーザー登録]
[ADMIN] 15:37:36.403500 シナリオ走行を開始しました [シナリオ名: 新規ユーザー登録]
[ADMIN] 15:37:36.405952 シナリオ走行を終了しました [シナリオ名: 新規ユーザー登録]
[ADMIN] 15:37:36.405963 シナリオ走行を開始しました [シナリオ名: 新規ユーザー登録]
[ADMIN] 15:37:36.406320 シナリオ走行を終了しました [シナリオ名: 新規ユーザー登録]
[ADMIN] 15:37:36.406333 シナリオ走行を開始しました [シナリオ名: 新規ユーザー登録]
[ADMIN] 15:37:36.406631 シナリオ走行を終了しました [シナリオ名: 新規ユーザー登録]
[ADMIN] 15:37:36.406647 シナリオ走行を開始しました [シナリオ名: 新規ユーザー登録]
[ADMIN] 15:37:36.407739 シナリオ走行を終了しました [シナリオ名: 新規ユーザー登録]
[ADMIN] 15:37:36.407753 シナリオ走行を開始しました [シナリオ名: 新規ユーザー登録]
[ADMIN] 15:37:36.408139 シナリオ走行を終了しました [シナリオ名: 新規ユーザー登録]
[ADMIN] 15:37:36.408152 シナリオ走行を開始しました [シナリオ名: 新規ユーザー登録]
[ADMIN] 15:37:36.408551 シナリオ走行を終了しました [シナリオ名: 新規ユーザー登録]
[ADMIN] 15:37:36.408563 シナリオ走行を開始しました [シナリオ名: 新規ユーザー登録]
[ADMIN] 15:37:36.409326 シナリオ走行を終了しました [シナリオ名: 新規ユーザー登録]
[ADMIN] 15:37:36.409340 シナリオ走行を開始しました [シナリオ名: 新規ユーザー登録]
[ADMIN] 15:37:36.409912 シナリオ走行を終了しました [シナリオ名: 新規ユーザー登録]
[ADMIN] 15:37:36.409925 シナリオ走行を開始しました [シナリオ名: 新規ユーザー登録]
[ADMIN] 15:37:36.410590 シナリオ走行を終了しました [シナリオ名: 新規ユーザー登録]
[ADMIN] 15:37:36.410604 シナリオ走行を開始しました [シナリオ名: 新規ユーザー登録]
[ADMIN] 15:37:36.411338 シナリオ走行を終了しました [シナリオ名: 新規ユーザー登録]
[ADMIN] 15:37:36.411352 シナリオ走行を開始しました [シナリオ名: 新規ユーザー登録]
[ADMIN] 15:37:36.412712 シナリオ走行を終了しました [シナリオ名: 新規ユーザー登録]
[ADMIN] 15:37:36.412726 シナリオ走行を開始しました [シナリオ名: 新規ユーザー登録]
[ADMIN] 15:37:36.413059 シナリオ走行を終了しました [シナリオ名: 新規ユーザー登録]
[ADMIN] 15:37:36.413075 シナリオ走行を開始しました [シナリオ名: 新規ユーザー登録]
[ADMIN] 15:37:36.413559 シナリオ走行を終了しました [シナリオ名: 新規ユーザー登録]
[ADMIN] 15:37:36.413571 シナリオ走行を開始しました [シナリオ名: 新規ユーザー登録]
[ADMIN] 15:37:36.413883 シナリオ走行を終了しました [シナリオ名: 新規ユーザー登録]
[ADMIN] 15:37:36.413896 シナリオ走行を開始しました [シナリオ名: 新規ユーザー登録]
[ADMIN] 15:37:36.414942 シナリオ走行を終了しました [シナリオ名: 新規ユーザー登録]
[ADMIN] 15:37:36.414956 シナリオ走行を開始しました [シナリオ名: 新規ユーザー登録]
[ADMIN] 15:37:36.415255 シナリオ走行を終了しました [シナリオ名: 新規ユーザー登録]
[ADMIN] 15:37:36.415268 シナリオ走行を開始しました [シナリオ名: 新規ユーザー登録]
[ADMIN] 15:37:36.415567 シナリオ走行を終了しました [シナリオ名: 新規ユーザー登録]
[ADMIN] 15:37:36.415581 シナリオ走行を開始しました [シナリオ名: 新規ユーザー登録]
[ADMIN] 15:37:36.415833 シナリオ走行を終了しました [シナリオ名: 新規ユーザー登録]
[ADMIN] 15:37:36.415848 シナリオ走行を開始しました [シナリオ名: 新規ユーザー登録]
[ADMIN] 15:37:36.416202 シナリオ走行を終了しました [シナリオ名: 新規ユーザー登録]
[ADMIN] 15:37:36.416212 シナリオ走行を開始しました [シナリオ名: 新規ユーザー登録]
[ADMIN] 15:37:36.417247 シナリオ走行を終了しました [シナリオ名: 新規ユーザー登録]
[ADMIN] 15:37:36.417262 シナリオ走行を開始しました [シナリオ名: 新規ユーザー登録]
[ADMIN] 15:37:36.417557 シナリオ走行を終了しました [シナリオ名: 新規ユーザー登録]
[ADMIN] 15:37:36.417573 シナリオ走行を開始しました [シナリオ名: 新規ユーザー登録]
[ADMIN] 15:37:36.418105 シナリオ走行を終了しました [シナリオ名: 新規ユーザー登録]
[ADMIN] 15:37:36.418118 シナリオ走行を開始しました [シナリオ名: 新規ユーザー登録]
[ADMIN] 15:37:36.418742 シナリオ走行を終了しました [シナリオ名: 新規ユーザー登録]
[ADMIN] 15:37:36.418754 シナリオ走行を開始しました [シナリオ名: 新規ユーザー登録]
[ADMIN] 15:37:36.419362 シナリオ走行を終了しました [シナリオ名: 新規ユーザー登録]
[ADMIN] 15:37:36.419376 シナリオ走行を開始しました [シナリオ名: 新規ユーザー登録]
[ADMIN] 15:37:36.419890 シナリオ走行を終了しました [シナリオ名: 新規ユーザー登録]
[ADMIN] 15:37:36.419901 シナリオ走行を開始しました [シナリオ名: 新規ユーザー登録]
[ADMIN] 15:37:36.420411 シナリオ走行を終了しました [シナリオ名: 新規ユーザー登録]
[ADMIN] 15:37:36.420423 シナリオ走行を開始しました [シナリオ名: 新規ユーザー登録]
[ADMIN] 15:37:36.421088 シナリオ走行を終了しました [シナリオ名: 新規ユーザー登録]
[ADMIN] 15:37:36.421101 シナリオ走行を開始しました [シナリオ名: 新規ユーザー登録]
[ADMIN] 15:37:36.422491 シナリオ走行を終了しました [シナリオ名: 新規ユーザー登録]
[ADMIN] 15:37:36.422506 シナリオ走行を開始しました [シナリオ名: 新規ユーザー登録]
[ADMIN] 15:37:36.422853 シナリオ走行を終了しました [シナリオ名: 新規ユーザー登録]
[ADMIN] 15:37:36.422869 シナリオ走行を開始しました [シナリオ名: 新規ユーザー登録]
[ADMIN] 15:37:36.423158 シナリオ走行を終了しました [シナリオ名: 新規ユーザー登録]
[ADMIN] 15:37:36.423175 シナリオ走行を開始しました [シナリオ名: 新規ユーザー登録]
[ADMIN] 15:37:36.424290 シナリオ走行を終了しました [シナリオ名: 新規ユーザー登録]
[ADMIN] 15:37:36.424301 シナリオ走行を開始しました [シナリオ名: 新規ユーザー登録]
[ADMIN] 15:37:36.424671 シナリオ走行を終了しました [シナリオ名: 新規ユーザー登録]
[ADMIN] 15:37:36.424682 シナリオ走行を開始しました [シナリオ名: 新規ユーザー登録]
[ADMIN] 15:37:36.425019 シナリオ走行を終了しました [シナリオ名: 新規ユーザー登録]
[ADMIN] 15:37:36.425062 シナリオ走行を開始しました [シナリオ名: 新規ユーザー登録]
[ADMIN] 15:37:36.426238 シナリオ走行を終了しました [シナリオ名: 新規ユーザー登録]
[ADMIN] 15:37:36.426250 シナリオ走行を開始しました [シナリオ名: 新規ユーザー登録]
[ADMIN] 15:37:36.426534 シナリオ走行を終了しました [シナリオ名: 新規ユーザー登録]
[ADMIN] 15:37:36.426549 シナリオ走行を開始しました [シナリオ名: 新規ユーザー登録]
[ADMIN] 15:37:36.426870 シナリオ走行を終了しました [シナリオ名: 新規ユーザー登録]
[ADMIN] 15:37:36.426909 シナリオ走行を開始しました [シナリオ名: 新規ユーザー登録]
[ADMIN] 15:37:36.428034 シナリオ走行を終了しました [シナリオ名: 新規ユーザー登録]
[ADMIN] 15:37:36.428047 シナリオ走行を開始しました [シナリオ名: 新規ユーザー登録]
[ADMIN] 15:37:36.428387 シナリオ走行を終了しました [シナリオ名: 新規ユーザー登録]
[ADMIN] 15:37:36.428401 シナリオ走行を開始しました [シナリオ名: 新規ユーザー登録]
[ADMIN] 15:37:36.428773 シナリオ走行を終了しました [シナリオ名: 新規ユーザー登録]
[ADMIN] 15:37:36.428785 シナリオ走行を開始しました [シナリオ名: 新規ユーザー登録]
[ADMIN] 15:37:36.430019 シナリオ走行を終了しました [シナリオ名: 新規ユーザー登録]
[ADMIN] 15:37:36.430034 シナリオ走行を開始しました [シナリオ名: 新規ユーザー登録]
[ADMIN] 15:37:36.430424 シナリオ走行を終了しました [シナリオ名: 新規ユーザー登録]
[ADMIN] 15:37:36.430439 シナリオ走行を開始しました [シナリオ名: 新規ユーザー登録]
[ADMIN] 15:37:36.430746 シナリオ走行を終了しました [シナリオ名: 新規ユーザー登録]
[ADMIN] 15:37:36.430761 シナリオ走行を開始しました [シナリオ名: 新規ユーザー登録]
[ADMIN] 15:37:36.432593 シナリオ走行を終了しました [シナリオ名: 新規ユーザー登録]
[ADMIN] 15:37:36.432607 シナリオ走行を開始しました [シナリオ名: 新規ユーザー登録]
[ADMIN] 15:37:36.432967 シナリオ走行を終了しました [シナリオ名: 新規ユーザー登録]
[ADMIN] 15:37:36.432976 シナリオ走行を開始しました [シナリオ名: 新規ユーザー登録]
[ADMIN] 15:37:36.433723 シナリオ走行を終了しました [シナリオ名: 新規ユーザー登録]
[ADMIN] 15:37:36.433767 シナリオ走行を開始しました [シナリオ名: 新規ユーザー登録]
[ADMIN] 15:37:36.434205 シナリオ走行を終了しました [シナリオ名: 新規ユーザー登録]
[ADMIN] 15:37:36.434218 シナリオ走行を開始しました [シナリオ名: 新規ユーザー登録]
[ADMIN] 15:37:36.434853 シナリオ走行を終了しました [シナリオ名: 新規ユーザー登録]
[ADMIN] 15:37:36.434885 シナリオ走行を開始しました [シナリオ名: 新規ユーザー登録]
[ADMIN] 15:37:36.439480 シナリオ走行を終了しました [シナリオ名: 新規ユーザー登録]
[ADMIN] 15:37:36.439499 シナリオ走行を開始しました [シナリオ名: 新規ユーザー登録]
[ADMIN] 15:37:36.439938 シナリオ走行を終了しました [シナリオ名: 新規ユーザー登録]
[ADMIN] 15:37:36.439953 シナリオ走行を開始しました [シナリオ名: 新規ユーザー登録]
[ADMIN] 15:37:36.440194 シナリオ走行を終了しました [シナリオ名: 新規ユーザー登録]
[ADMIN] 15:37:36.440208 シナリオ走行を開始しました [シナリオ名: 新規ユーザー登録]
[ADMIN] 15:37:36.441406 シナリオ走行を終了しました [シナリオ名: 新規ユーザー登録]
[ADMIN] 15:37:36.441420 シナリオ走行を開始しました [シナリオ名: 新規ユーザー登録]
[ADMIN] 15:37:36.442443 シナリオ走行を終了しました [シナリオ名: 新規ユーザー登録]
[ADMIN] 15:37:36.442456 シナリオ走行を開始しました [シナリオ名: 新規ユーザー登録]
[ADMIN] 15:37:36.443000 シナリオ走行を終了しました [シナリオ名: 新規ユーザー登録]
[ADMIN] 15:37:36.443014 シナリオ走行を開始しました [シナリオ名: 新規ユーザー登録]
[ADMIN] 15:37:36.443610 シナリオ走行を終了しました [シナリオ名: 新規ユーザー登録]
[ADMIN] 15:37:36.443624 シナリオ走行を開始しました [シナリオ名: 新規ユーザー登録]
[ADMIN] 15:37:36.444164 シナリオ走行を終了しました [シナリオ名: 新規ユーザー登録]
[ADMIN] 15:37:36.444178 シナリオ走行を開始しました [シナリオ名: 新規ユーザー登録]
[ADMIN] 15:37:36.444838 シナリオ走行を終了しました [シナリオ名: 新規ユーザー登録]
[ADMIN] 15:37:36.444849 シナリオ走行を開始しました [シナリオ名: 新規ユーザー登録]
[ADMIN] 15:37:36.445586 シナリオ走行を終了しました [シナリオ名: 新規ユーザー登録]
[ADMIN] 15:37:36.445600 シナリオ走行を開始しました [シナリオ名: 新規ユーザー登録]
[ADMIN] 15:37:36.446116 シナリオ走行を終了しました [シナリオ名: 新規ユーザー登録]
[ADMIN] 15:37:36.446131 シナリオ走行を開始しました [シナリオ名: 新規ユーザー登録]
[ADMIN] 15:37:36.446832 シナリオ走行を終了しました [シナリオ名: 新規ユーザー登録]
[ADMIN] 15:37:36.446848 シナリオ走行を開始しました [シナリオ名: 新規ユーザー登録]
[ADMIN] 15:37:36.447372 シナリオ走行を終了しました [シナリオ名: 新規ユーザー登録]
[ADMIN] 15:37:36.447389 シナリオ走行を開始しました [シナリオ名: 新規ユーザー登録]
[ADMIN] 15:37:36.447935 シナリオ走行を終了しました [シナリオ名: 新規ユーザー登録]
[ADMIN] 15:37:36.447950 シナリオ走行を開始しました [シナリオ名: 新規ユーザー登録]
[ADMIN] 15:37:36.448660 シナリオ走行を終了しました [シナリオ名: 新規ユーザー登録]
[ADMIN] 15:37:36.448675 シナリオ走行を開始しました [シナリオ名: 新規ユーザー登録]
[ADMIN] 15:37:36.449202 シナリオ走行を終了しました [シナリオ名: 新規ユーザー登録]
[ADMIN] 15:37:36.449218 シナリオ走行を開始しました [シナリオ名: 新規ユーザー登録]
[ADMIN] 15:37:36.449859 シナリオ走行を終了しました [シナリオ名: 新規ユーザー登録]
[ADMIN] 15:37:36.449873 シナリオ走行を開始しました [シナリオ名: 新規ユーザー登録]
[ADMIN] 15:37:36.450518 シナリオ走行を終了しました [シナリオ名: 新規ユーザー登録]
[ADMIN] 15:37:36.450534 シナリオ走行を開始しました [シナリオ名: 新規ユーザー登録]
[ADMIN] 15:37:36.451136 シナリオ走行を終了しました [シナリオ名: 新規ユーザー登録]
[ADMIN] 15:37:36.451173 シナリオ走行を開始しました [シナリオ名: 新規ユーザー登録]
[ADMIN] 15:37:36.452432 シナリオ走行を終了しました [シナリオ名: 新規ユーザー登録]
[ADMIN] 15:37:36.452448 シナリオ走行を開始しました [シナリオ名: 新規ユーザー登録]
[ADMIN] 15:37:36.453059 シナリオ走行を終了しました [シナリオ名: 新規ユーザー登録]
[ADMIN] 15:37:36.453071 シナリオ走行を開始しました [シナリオ名: 新規ユーザー登録]
[ADMIN] 15:37:36.453713 シナリオ走行を終了しました [シナリオ名: 新規ユーザー登録]
[ADMIN] 15:37:36.453727 シナリオ走行を開始しました [シナリオ名: 新規ユーザー登録]
[ADMIN] 15:37:36.454332 シナリオ走行を終了しました [シナリオ名: 新規ユーザー登録]
[ADMIN] 15:37:36.454345 シナリオ走行を開始しました [シナリオ名: 新規ユーザー登録]
[ADMIN] 15:37:36.454838 シナリオ走行を終了しました [シナリオ名: 新規ユーザー登録]
[ADMIN] 15:37:36.454851 シナリオ走行を開始しました [シナリオ名: 新規ユーザー登録]
[ADMIN] 15:37:36.455435 シナリオ走行を終了しました [シナリオ名: 新規ユーザー登録]
[ADMIN] 15:37:36.455447 シナリオ走行を開始しました [シナリオ名: 新規ユーザー登録]
[ADMIN] 15:37:36.456116 シナリオ走行を終了しました [シナリオ名: 新規ユーザー登録]
[ADMIN] 15:37:36.456144 シナリオ走行を開始しました [シナリオ名: 新規ユーザー登録]
[ADMIN] 15:37:36.456700 シナリオ走行を終了しました [シナリオ名: 新規ユーザー登録]
[ADMIN] 15:37:36.456712 シナリオ走行を開始しました [シナリオ名: 新規ユーザー登録]
[ADMIN] 15:37:36.457350 シナリオ走行を終了しました [シナリオ名: 新規ユーザー登録]
[ADMIN] 15:37:36.457365 シナリオ走行を開始しました [シナリオ名: 新規ユーザー登録]
[ADMIN] 15:37:36.458003 シナリオ走行を終了しました [シナリオ名: 新規ユーザー登録]
[ADMIN] 15:37:36.458018 シナリオ走行を開始しました [シナリオ名: 新規ユーザー登録]
[ADMIN] 15:37:36.458631 シナリオ走行を終了しました [シナリオ名: 新規ユーザー登録]
[ADMIN] 15:37:36.458674 シナリオ走行を開始しました [シナリオ名: 新規ユーザー登録]
[ADMIN] 15:37:36.459152 シナリオ走行を終了しました [シナリオ名: 新規ユーザー登録]
[ADMIN] 15:37:36.459165 シナリオ走行を開始しました [シナリオ名: 新規ユーザー登録]
[ADMIN] 15:37:36.459847 シナリオ走行を終了しました [シナリオ名: 新規ユーザー登録]
[ADMIN] 15:37:36.459859 シナリオ走行を開始しました [シナリオ名: 新規ユーザー登録]
[ADMIN] 15:37:36.460453 シナリオ走行を終了しました [シナリオ名: 新規ユーザー登録]
[ADMIN] 15:37:36.460465 シナリオ走行を開始しました [シナリオ名: 新規ユーザー登録]
[ADMIN] 15:37:36.465382 シナリオ走行を終了しました [シナリオ名: 新規ユーザー登録]
[ADMIN] 15:37:36.465402 シナリオ走行を開始しました [シナリオ名: 新規ユーザー登録]
[ADMIN] 15:37:36.465483 シナリオ走行を終了しました [シナリオ名: 新規ユーザー登録]
[ADMIN] 15:37:36.465487 シナリオ走行を終了しました [シナリオ名: 新規ユーザー登録]
[ADMIN] 15:37:36.465499 シナリオ走行を開始しました [シナリオ名: 新規ユーザー登録]
[ADMIN] 15:37:36.465501 シナリオ走行を開始しました [シナリオ名: 新規ユーザー登録]
[ADMIN] 15:37:36.465533 シナリオ走行を終了しました [シナリオ名: 新規ユーザー登録]
[ADMIN] 15:37:36.465548 シナリオ走行を開始しました [シナリオ名: 新規ユーザー登録]
[ADMIN] 15:37:36.467501 シナリオ走行を終了しました [シナリオ名: 新規ユーザー登録]
[ADMIN] 15:37:36.467515 シナリオ走行を開始しました [シナリオ名: 新規ユーザー登録]
[ADMIN] 15:37:36.467893 シナリオ走行を終了しました [シナリオ名: 新規ユーザー登録]
[ADMIN] 15:37:36.467907 シナリオ走行を開始しました [シナリオ名: 新規ユーザー登録]
[ADMIN] 15:37:36.468126 シナリオ走行を終了しました [シナリオ名: 新規ユーザー登録]
[ADMIN] 15:37:36.468137 シナリオ走行を開始しました [シナリオ名: 新規ユーザー登録]
[ADMIN] 15:37:36.468644 シナリオ走行を終了しました [シナリオ名: 新規ユーザー登録]
[ADMIN] 15:37:36.468657 シナリオ走行を開始しました [シナリオ名: 新規ユーザー登録]
[ADMIN] 15:37:36.468911 シナリオ走行を終了しました [シナリオ名: 新規ユーザー登録]
[ADMIN] 15:37:36.468923 シナリオ走行を開始しました [シナリオ名: 新規ユーザー登録]
[ADMIN] 15:37:36.469531 シナリオ走行を終了しました [シナリオ名: 新規ユーザー登録]
[ADMIN] 15:37:36.469544 シナリオ走行を開始しました [シナリオ名: 新規ユーザー登録]
[ADMIN] 15:37:36.470230 シナリオ走行を終了しました [シナリオ名: 新規ユーザー登録]
[ADMIN] 15:37:36.470246 シナリオ走行を開始しました [シナリオ名: 新規ユーザー登録]
[ADMIN] 15:37:36.470592 シナリオ走行を終了しました [シナリオ名: 新規ユーザー登録]
[ADMIN] 15:37:36.470605 シナリオ走行を開始しました [シナリオ名: 新規ユーザー登録]
[ADMIN] 15:37:36.471101 シナリオ走行を終了しました [シナリオ名: 新規ユーザー登録]
[ADMIN] 15:37:36.471115 シナリオ走行を開始しました [シナリオ名: 新規ユーザー登録]
[ADMIN] 15:37:36.471368 シナリオ走行を終了しました [シナリオ名: 新規ユーザー登録]
[ADMIN] 15:37:36.471380 シナリオ走行を開始しました [シナリオ名: 新規ユーザー登録]
[ADMIN] 15:37:36.471589 シナリオ走行を終了しました [シナリオ名: 新規ユーザー登録]
[ADMIN] 15:37:36.471602 シナリオ走行を開始しました [シナリオ名: 新規ユーザー登録]
[ADMIN] 15:37:36.473119 シナリオ走行を終了しました [シナリオ名: 新規ユーザー登録]
[ADMIN] 15:37:36.473132 シナリオ走行を開始しました [シナリオ名: 新規ユーザー登録]
[ADMIN] 15:37:36.473491 シナリオ走行を終了しました [シナリオ名: 新規ユーザー登録]
[ADMIN] 15:37:36.473513 シナリオ走行を開始しました [シナリオ名: 新規ユーザー登録]
[ADMIN] 15:37:36.473963 シナリオ走行を終了しました [シナリオ名: 新規ユーザー登録]
[ADMIN] 15:37:36.473976 シナリオ走行を開始しました [シナリオ名: 新規ユーザー登録]
[ADMIN] 15:37:36.474241 シナリオ走行を終了しました [シナリオ名: 新規ユーザー登録]
[ADMIN] 15:37:36.474254 シナリオ走行を開始しました [シナリオ名: 新規ユーザー登録]
[ADMIN] 15:37:36.474749 シナリオ走行を終了しました [シナリオ名: 新規ユーザー登録]
[ADMIN] 15:37:36.474770 シナリオ走行を開始しました [シナリオ名: 新規ユーザー登録]
[ADMIN] 15:37:36.475561 シナリオ走行を終了しました [シナリオ名: 新規ユーザー登録]
[ADMIN] 15:37:36.475582 シナリオ走行を開始しました [シナリオ名: 新規ユーザー登録]
[ADMIN] 15:37:36.476048 シナリオ走行を終了しました [シナリオ名: 新規ユーザー登録]
[ADMIN] 15:37:36.476075 シナリオ走行を開始しました [シナリオ名: 新規ユーザー登録]
[ADMIN] 15:37:36.476435 シナリオ走行を終了しました [シナリオ名: 新規ユーザー登録]
[ADMIN] 15:37:36.476457 シナリオ走行を開始しました [シナリオ名: 新規ユーザー登録]
[ADMIN] 15:37:36.479466 シナリオ走行を終了しました [シナリオ名: 新規ユーザー登録]
[ADMIN] 15:37:36.479487 シナリオ走行を開始しました [シナリオ名: 新規ユーザー登録]
[ADMIN] 15:37:36.479589 シナリオ走行を終了しました [シナリオ名: 新規ユーザー登録]
[ADMIN] 15:37:36.479626 シナリオ走行を終了しました [シナリオ名: 新規ユーザー登録]
[ADMIN] 15:37:36.479617 シナリオ走行を終了しました [シナリオ名: 新規ユーザー登録]
[ADMIN] 15:37:36.479642 シナリオ走行を開始しました [シナリオ名: 新規ユーザー登録]
[ADMIN] 15:37:36.479668 シナリオ走行を開始しました [シナリオ名: 新規ユーザー登録]
[ADMIN] 15:37:36.479628 シナリオ走行を終了しました [シナリオ名: 新規ユーザー登録]
[ADMIN] 15:37:36.479815 シナリオ走行を開始しました [シナリオ名: 新規ユーザー登録]
[ADMIN] 15:37:36.479670 シナリオ走行を開始しました [シナリオ名: 新規ユーザー登録]
[ADMIN] 15:37:36.481335 シナリオ走行を終了しました [シナリオ名: 新規ユーザー登録]
[ADMIN] 15:37:36.481354 シナリオ走行を開始しました [シナリオ名: 新規ユーザー登録]
[ADMIN] 15:37:36.485904 シナリオ走行を終了しました [シナリオ名: 新規ユーザー登録]
[ADMIN] 15:37:36.485916 シナリオ走行を開始しました [シナリオ名: 新規ユーザー登録]
[ADMIN] 15:37:36.486197 シナリオ走行を終了しました [シナリオ名: 新規ユーザー登録]
[ADMIN] 15:37:36.486211 シナリオ走行を開始しました [シナリオ名: 新規ユーザー登録]
[ADMIN] 15:37:36.486540 シナリオ走行を終了しました [シナリオ名: 新規ユーザー登録]
[ADMIN] 15:37:36.486553 シナリオ走行を開始しました [シナリオ名: 新規ユーザー登録]
[ADMIN] 15:37:36.486929 シナリオ走行を終了しました [シナリオ名: 新規ユーザー登録]
[ADMIN] 15:37:36.486942 シナリオ走行を開始しました [シナリオ名: 新規ユーザー登録]
[ADMIN] 15:37:36.488156 シナリオ走行を終了しました [シナリオ名: 新規ユーザー登録]
[ADMIN] 15:37:36.488172 シナリオ走行を開始しました [シナリオ名: 新規ユーザー登録]
[ADMIN] 15:37:36.488450 シナリオ走行を終了しました [シナリオ名: 新規ユーザー登録]
[ADMIN] 15:37:36.488470 シナリオ走行を開始しました [シナリオ名: 新規ユーザー登録]
[ADMIN] 15:37:36.488775 シナリオ走行を終了しました [シナリオ名: 新規ユーザー登録]
[ADMIN] 15:37:36.488790 シナリオ走行を開始しました [シナリオ名: 新規ユーザー登録]
[ADMIN] 15:37:36.489168 シナリオ走行を終了しました [シナリオ名: 新規ユーザー登録]
[ADMIN] 15:37:36.489186 シナリオ走行を開始しました [シナリオ名: 新規ユーザー登録]
[ADMIN] 15:37:36.490046 シナリオ走行を終了しました [シナリオ名: 新規ユーザー登録]
[ADMIN] 15:37:36.490062 シナリオ走行を開始しました [シナリオ名: 新規ユーザー登録]
[ADMIN] 15:37:36.490532 シナリオ走行を終了しました [シナリオ名: 新規ユーザー登録]
[ADMIN] 15:37:36.490545 シナリオ走行を開始しました [シナリオ名: 新規ユーザー登録]
[ADMIN] 15:37:36.490885 シナリオ走行を終了しました [シナリオ名: 新規ユーザー登録]
[ADMIN] 15:37:36.490904 シナリオ走行を開始しました [シナリオ名: 新規ユーザー登録]
[ADMIN] 15:37:36.491582 シナリオ走行を終了しました [シナリオ名: 新規ユーザー登録]
[ADMIN] 15:37:36.491597 シナリオ走行を開始しました [シナリオ名: 新規ユーザー登録]
[ADMIN] 15:37:36.493039 シナリオ走行を終了しました [シナリオ名: 新規ユーザー登録]
[ADMIN] 15:37:36.493052 シナリオ走行を開始しました [シナリオ名: 新規ユーザー登録]
[ADMIN] 15:37:36.493380 シナリオ走行を終了しました [シナリオ名: 新規ユーザー登録]
[ADMIN] 15:37:36.493398 シナリオ走行を開始しました [シナリオ名: 新規ユーザー登録]
[ADMIN] 15:37:36.493752 シナリオ走行を終了しました [シナリオ名: 新規ユーザー登録]
[ADMIN] 15:37:36.493763 シナリオ走行を開始しました [シナリオ名: 新規ユーザー登録]
[ADMIN] 15:37:36.499478 シナリオ走行を終了しました [シナリオ名: 新規ユーザー登録]
[ADMIN] 15:37:36.499500 シナリオ走行を開始しました [シナリオ名: 新規ユーザー登録]
[ADMIN] 15:37:36.499813 シナリオ走行を終了しました [シナリオ名: 新規ユーザー登録]
[ADMIN] 15:37:36.499827 シナリオ走行を開始しました [シナリオ名: 新規ユーザー登録]
[ADMIN] 15:37:36.500191 シナリオ走行を終了しました [シナリオ名: 新規ユーザー登録]
[ADMIN] 15:37:36.500206 シナリオ走行を開始しました [シナリオ名: 新規ユーザー登録]
[ADMIN] 15:37:36.500599 シナリオ走行を終了しました [シナリオ名: 新規ユーザー登録]
[ADMIN] 15:37:36.500614 シナリオ走行を開始しました [シナリオ名: 新規ユーザー登録]
[ADMIN] 15:37:36.510286 シナリオ走行を終了しました [シナリオ名: 新規ユーザー登録]
[ADMIN] 15:37:36.510303 シナリオ走行を開始しました [シナリオ名: 新規ユーザー登録]
[ADMIN] 15:37:36.510971 シナリオ走行を終了しました [シナリオ名: 新規ユーザー登録]
[ADMIN] 15:37:36.510990 シナリオ走行を開始しました [シナリオ名: 新規ユーザー登録]
[ADMIN] 15:37:36.511012 シナリオ走行を終了しました [シナリオ名: 新規ユーザー登録]
[ADMIN] 15:37:36.511026 シナリオ走行を開始しました [シナリオ名: 新規ユーザー登録]
[ADMIN] 15:37:36.511432 シナリオ走行を終了しました [シナリオ名: 新規ユーザー登録]
[ADMIN] 15:37:36.511445 シナリオ走行を開始しました [シナリオ名: 新規ユーザー登録]
[ADMIN] 15:37:36.512657 シナリオ走行を終了しました [シナリオ名: 新規ユーザー登録]
[ADMIN] 15:37:36.512695 シナリオ走行を開始しました [シナリオ名: 新規ユーザー登録]
[ADMIN] 15:37:36.512695 シナリオ走行を終了しました [シナリオ名: 新規ユーザー登録]
[ADMIN] 15:37:36.512776 シナリオ走行を開始しました [シナリオ名: 新規ユーザー登録]
[ADMIN] 15:37:36.513107 シナリオ走行を終了しました [シナリオ名: 新規ユーザー登録]
[ADMIN] 15:37:36.513120 シナリオ走行を開始しました [シナリオ名: 新規ユーザー登録]
[ADMIN] 15:37:36.514326 シナリオ走行を終了しました [シナリオ名: 新規ユーザー登録]
[ADMIN] 15:37:36.514368 シナリオ走行を開始しました [シナリオ名: 新規ユーザー登録]
[ADMIN] 15:37:36.514392 シナリオ走行を終了しました [シナリオ名: 新規ユーザー登録]
[ADMIN] 15:37:36.514401 シナリオ走行を開始しました [シナリオ名: 新規ユーザー登録]
[ADMIN] 15:37:36.514340 シナリオ走行を終了しました [シナリオ名: 新規ユーザー登録]
[ADMIN] 15:37:36.514340 シナリオ走行を終了しました [シナリオ名: 新規ユーザー登録]
[ADMIN] 15:37:36.514497 シナリオ走行を開始しました [シナリオ名: 新規ユーザー登録]
[ADMIN] 15:37:36.514499 シナリオ走行を開始しました [シナリオ名: 新規ユーザー登録]
[ADMIN] 15:37:36.515601 シナリオ走行を終了しました [シナリオ名: 新規ユーザー登録]
[ADMIN] 15:37:36.515614 シナリオ走行を開始しました [シナリオ名: 新規ユーザー登録]
[ADMIN] 15:37:36.516384 シナリオ走行を終了しました [シナリオ名: 新規ユーザー登録]
[ADMIN] 15:37:36.516394 シナリオ走行を終了しました [シナリオ名: 新規ユーザー登録]
[ADMIN] 15:37:36.516398 シナリオ走行を終了しました [シナリオ名: 新規ユーザー登録]
[ADMIN] 15:37:36.516400 シナリオ走行を開始しました [シナリオ名: 新規ユーザー登録]
[ADMIN] 15:37:36.516408 シナリオ走行を開始しました [シナリオ名: 新規ユーザー登録]
[ADMIN] 15:37:36.516409 シナリオ走行を開始しました [シナリオ名: 新規ユーザー登録]
[ADMIN] 15:37:36.516783 シナリオ走行を終了しました [シナリオ名: 新規ユーザー登録]
[ADMIN] 15:37:36.516796 シナリオ走行を開始しました [シナリオ名: 新規ユーザー登録]
[ADMIN] 15:37:36.520439 シナリオ走行を終了しました [シナリオ名: 新規ユーザー登録]
[ADMIN] 15:37:36.520454 シナリオ走行を開始しました [シナリオ名: 新規ユーザー登録]
[ADMIN] 15:37:36.520555 シナリオ走行を終了しました [シナリオ名: 新規ユーザー登録]
[ADMIN] 15:37:36.520562 シナリオ走行を終了しました [シナリオ名: 新規ユーザー登録]
[ADMIN] 15:37:36.520572 シナリオ走行を開始しました [シナリオ名: 新規ユーザー登録]
[ADMIN] 15:37:36.520576 シナリオ走行を開始しました [シナリオ名: 新規ユーザー登録]
[ADMIN] 15:37:36.520628 シナリオ走行を終了しました [シナリオ名: 新規ユーザー登録]
[ADMIN] 15:37:36.520647 シナリオ走行を開始しました [シナリオ名: 新規ユーザー登録]
[ADMIN] 15:37:36.520702 シナリオ走行を終了しました [シナリオ名: 新規ユーザー登録]
[ADMIN] 15:37:36.520738 シナリオ走行を開始しました [シナリオ名: 新規ユーザー登録]
[ADMIN] 15:37:36.521332 シナリオ走行を終了しました [シナリオ名: 新規ユーザー登録]
[ADMIN] 15:37:36.521343 シナリオ走行を開始しました [シナリオ名: 新規ユーザー登録]
[ADMIN] 15:37:36.522123 シナリオ走行を終了しました [シナリオ名: 新規ユーザー登録]
[ADMIN] 15:37:36.522139 シナリオ走行を開始しました [シナリオ名: 新規ユーザー登録]
[ADMIN] 15:37:36.522162 シナリオ走行を終了しました [シナリオ名: 新規ユーザー登録]
[ADMIN] 15:37:36.522178 シナリオ走行を開始しました [シナリオ名: 新規ユーザー登録]
[ADMIN] 15:37:36.523040 シナリオ走行を終了しました [シナリオ名: 新規ユーザー登録]
[ADMIN] 15:37:36.523055 シナリオ走行を開始しました [シナリオ名: 新規ユーザー登録]
[ADMIN] 15:37:36.524522 シナリオ走行を終了しました [シナリオ名: ログイン]
[ADMIN] 15:37:36.817769 シナリオ走行を終了しました [シナリオ名: Banユーザログイン]
[ADMIN] 15:37:36.817784 シナリオ走行を終了しました [シナリオ名: Banユーザログイン]
[ADMIN] 15:37:36.817792 シナリオ走行を開始しました [シナリオ名: Banユーザログイン]
[ADMIN] 15:37:36.817799 シナリオ走行を開始しました [シナリオ名: Banユーザログイン]
[ADMIN] 15:37:36.819291 シナリオ走行を終了しました [シナリオ名: Banユーザログイン]
[ADMIN] 15:37:36.819305 シナリオ走行を開始しました [シナリオ名: Banユーザログイン]
[ADMIN] 15:37:36.825186 シナリオ走行を終了しました [シナリオ名: 新規ユーザー登録]
[ADMIN] 15:37:36.825204 シナリオ走行を開始しました [シナリオ名: 新規ユーザー登録]
[ADMIN] 15:37:36.825227 シナリオ走行を終了しました [シナリオ名: 新規ユーザー登録]
[ADMIN] 15:37:36.825243 シナリオ走行を開始しました [シナリオ名: 新規ユーザー登録]
[ADMIN] 15:37:36.825887 シナリオ走行を終了しました [シナリオ名: 新規ユーザー登録]
[ADMIN] 15:37:36.825902 シナリオ走行を開始しました [シナリオ名: 新規ユーザー登録]
[ADMIN] 15:37:36.951983 シナリオ走行を終了しました [シナリオ名: ログイン]
[ADMIN] 15:37:36.953029 シナリオ走行を終了しました [シナリオ名: ログイン]
[ADMIN] 15:37:37.006192 シナリオ走行を終了しました [シナリオ名: ログイン]
[ADMIN] 15:37:37.006205 シナリオ走行を終了しました [シナリオ名: ログイン]
[ADMIN] 15:37:37.019360 シナリオ走行を終了しました [シナリオ名: 新規ユーザー登録]
[ADMIN] 15:37:37.019387 シナリオ走行を開始しました [シナリオ名: 新規ユーザー登録]
[ADMIN] 15:37:37.297269 シナリオ走行を終了しました [シナリオ名: 新規ユーザー登録]
[ADMIN] 15:37:37.323855 シナリオ走行を終了しました [シナリオ名: 新規ユーザー登録]
[ADMIN] 15:37:37.323876 シナリオ走行を開始しました [シナリオ名: 新規ユーザー登録]
[ADMIN] 15:37:37.323904 シナリオ走行を開始しました [シナリオ名: 新規ユーザー登録]
[ADMIN] 15:37:37.324547 シナリオ走行を終了しました [シナリオ名: 新規ユーザー登録]
[ADMIN] 15:37:37.324562 シナリオ走行を開始しました [シナリオ名: 新規ユーザー登録]
[ADMIN] 15:37:37.324723 シナリオ走行を終了しました [シナリオ名: 新規ユーザー登録]
[ADMIN] 15:37:37.324735 シナリオ走行を開始しました [シナリオ名: 新規ユーザー登録]
[ADMIN] 15:37:37.325324 シナリオ走行を終了しました [シナリオ名: 新規ユーザー登録]
[ADMIN] 15:37:37.325341 シナリオ走行を終了しました [シナリオ名: 新規ユーザー登録]
[ADMIN] 15:37:37.325343 シナリオ走行を開始しました [シナリオ名: 新規ユーザー登録]
[ADMIN] 15:37:37.325351 シナリオ走行を開始しました [シナリオ名: 新規ユーザー登録]
[ADMIN] 15:37:37.325816 シナリオ走行を終了しました [シナリオ名: 新規ユーザー登録]
[ADMIN] 15:37:37.325832 シナリオ走行を開始しました [シナリオ名: 新規ユーザー登録]
[ADMIN] 15:37:37.518121 シナリオ走行を終了しました [シナリオ名: 新規ユーザー登録]
[ADMIN] 15:37:37.518141 シナリオ走行を終了しました [シナリオ名: 新規ユーザー登録]
[ADMIN] 15:37:37.518143 シナリオ走行を開始しました [シナリオ名: 新規ユーザー登録]
[ADMIN] 15:37:37.518163 シナリオ走行を開始しました [シナリオ名: 新規ユーザー登録]
[ADMIN] 15:37:37.518500 シナリオ走行を終了しました [シナリオ名: 新規ユーザー登録]
[ADMIN] 15:37:37.518514 シナリオ走行を開始しました [シナリオ名: 新規ユーザー登録]
[ADMIN] 15:37:37.518815 シナリオ走行を終了しました [シナリオ名: Banユーザログイン]
[ADMIN] 15:37:37.518822 シナリオ走行を終了しました [シナリオ名: Banユーザログイン]
[ADMIN] 15:37:37.518828 シナリオ走行を開始しました [シナリオ名: Banユーザログイン]
[ADMIN] 15:37:37.518828 シナリオ走行を開始しました [シナリオ名: Banユーザログイン]
[ADMIN] 15:37:37.520236 シナリオ走行を終了しました [シナリオ名: Banユーザログイン]
[ADMIN] 15:37:37.520250 シナリオ走行を開始しました [シナリオ名: Banユーザログイン]
[ADMIN] 15:37:37.824092 シナリオ走行を終了しました [シナリオ名: 新規ユーザー登録]
[ADMIN] 15:37:37.824113 シナリオ走行を開始しました [シナリオ名: 新規ユーザー登録]
[ADMIN] 15:37:37.824122 シナリオ走行を終了しました [シナリオ名: 新規ユーザー登録]
[ADMIN] 15:37:37.824139 シナリオ走行を開始しました [シナリオ名: 新規ユーザー登録]
15:37:38.016223 負荷走行を打ち切ります (エラー数:1350)
15:37:38.016609 負荷走行がすべて終了しました
[ADMIN] 15:37:38.016246 map[string]int64{"load":1350, "scenario-error-invalid-request":10, "scenario-error-status-code":1328, "timeout":20}
[ADMIN] 15:37:38.016476 シナリオ走行を終了しました [シナリオ名: 新規ユーザー登録]
[ADMIN] 15:37:38.016502 シナリオ走行を終了しました [シナリオ名: ログイン]
[ADMIN] 15:37:38.016541 シナリオ走行を終了しました [シナリオ名: ログイン]
[ADMIN] 15:37:38.016552 シナリオ走行を終了しました [シナリオ名: 新規ユーザー登録]
[ADMIN] 15:37:38.016595 シナリオ走行を終了しました [シナリオ名: Banユーザログイン]
[ADMIN] 15:37:38.016612 負荷走行がすべて終了しました
[ADMIN] 15:37:38.016633 シナリオ走行を終了しました [シナリオ名: ログイン]
[ADMIN] 15:37:38.016637 シナリオ走行を終了しました [シナリオ名: ログイン]
[ADMIN] 15:37:38.016647 シナリオ走行を終了しました [シナリオ名: 新規ユーザー登録]
[ADMIN] 15:37:38.016596 シナリオ走行を終了しました [シナリオ名: ログイン]
[ADMIN] 15:37:38.016688 シナリオ走行を終了しました [シナリオ名: ログイン]
[ADMIN] 15:37:38.016692 シナリオ走行を終了しました [シナリオ名: ログイン]
[ADMIN] 15:37:38.016728 シナリオ走行を終了しました [シナリオ名: 新規ユーザー登録]
[ADMIN] 15:37:38.016738 シナリオ走行を終了しました [シナリオ名: Banユーザログイン]
[ADMIN] 15:37:38.016775 シナリオ走行を終了しました [シナリオ名: ログイン]
[ADMIN] 15:37:38.016809 シナリオ走行を終了しました [シナリオ名: Banユーザログイン]
[ADMIN] 15:37:38.016858 シナリオ走行を終了しました [シナリオ名: ログイン]
[ADMIN] 15:37:38.016916 シナリオ走行を終了しました [シナリオ名: 新規ユーザー登録]
[ADMIN] 15:37:38.016950 シナリオ走行を終了しました [シナリオ名: 新規ユーザー登録]
[ADMIN] 15:37:38.016974 シナリオ走行を終了しました [シナリオ名: ログイン]
[ADMIN] 15:37:38.017005 シナリオ走行を終了しました [シナリオ名: ログイン]
[ADMIN] 15:37:38.017037 シナリオ走行を終了しました [シナリオ名: ログイン]
[ADMIN] 15:37:38.017082 シナリオ走行を終了しました [シナリオ名: ログイン]
[ADMIN] 15:37:38.017090 シナリオ走行を終了しました [シナリオ名: ログイン]
[ADMIN] 15:37:38.017103 シナリオ走行を終了しました [シナリオ名: 新規ユーザー登録]
[ADMIN] 15:37:38.017126 シナリオ走行を終了しました [シナリオ名: 新規ユーザー登録]
[ADMIN] 15:37:38.017143 シナリオ走行を終了しました [シナリオ名: ログイン]
[ADMIN] 15:37:38.017176 シナリオ走行を終了しました [シナリオ名: 新規ユーザー登録]
[ADMIN] 15:37:38.017178 シナリオ走行を終了しました [シナリオ名: 新規ユーザー登録]
[ADMIN] 15:37:38.017183 シナリオ走行を終了しました [シナリオ名: ログイン]
[ADMIN] 15:37:38.017222 シナリオ走行を終了しました [シナリオ名: ログイン]
[ADMIN] 15:37:38.017228 シナリオ走行を終了しました [シナリオ名: ログイン]
[ADMIN] 15:37:38.017259 シナリオ走行を終了しました [シナリオ名: 新規ユーザー登録]
[ADMIN] 15:37:38.017243 シナリオ走行を終了しました [シナリオ名: ログイン]
15:37:41.020386 ERROR[0] load: scenario-error-status-code: POST /login : expected(200) != actual(500)
15:37:41.020399 ERROR[1] load: scenario-error-status-code: POST /login : expected(200) != actual(500)
15:37:41.020402 ERROR[2] load: scenario-error-status-code: POST /login : expected(403) != actual(500)
15:37:41.020404 ERROR[3] load: scenario-error-status-code: POST /login : expected(403) != actual(500)
15:37:41.020407 ERROR[4] load: scenario-error-status-code: POST /login : expected(403) != actual(500)
15:37:41.020409 ERROR[5] load: scenario-error-status-code: POST /login : expected(403) != actual(500)
15:37:41.020411 ERROR[6] load: scenario-error-status-code: POST /login : expected(403) != actual(500)
15:37:41.020413 ERROR[7] load: scenario-error-status-code: POST /login : expected(403) != actual(500)
15:37:41.020417 ERROR[8] load: scenario-error-status-code: POST /login : expected(403) != actual(500)
15:37:41.020419 ERROR[9] load: scenario-error-status-code: POST /login : expected(403) != actual(500)
15:37:41.020422 ERROR[10] load: scenario-error-status-code: POST /login : expected(403) != actual(500)
15:37:41.020425 ERROR[11] load: scenario-error-status-code: POST /login : expected(403) != actual(500)
15:37:41.020428 ERROR[12] load: scenario-error-status-code: POST /login : expected(403) != actual(500)
15:37:41.020430 ERROR[13] load: scenario-error-status-code: POST /login : expected(403) != actual(500)
15:37:41.020433 ERROR[14] load: scenario-error-status-code: POST /login : expected(403) != actual(500)
15:37:41.020435 ERROR[15] load: scenario-error-status-code: POST /login : expected(403) != actual(500)
15:37:41.020437 ERROR[16] load: scenario-error-status-code: POST /user : expected(200) != actual(500)
15:37:41.020439 ERROR[17] load: scenario-error-status-code: POST /user : expected(200) != actual(500)
15:37:41.020441 ERROR[18] load: scenario-error-status-code: POST /user : expected(200) != actual(500)
15:37:41.020444 ERROR[19] load: scenario-error-status-code: POST /user : expected(200) != actual(500)
15:37:41.020446 ERROR[20] load: scenario-error-status-code: POST /user : expected(200) != actual(500)
15:37:41.020448 ERROR[21] load: scenario-error-status-code: POST /user : expected(200) != actual(500)
15:37:41.020450 ERROR[22] load: scenario-error-status-code: POST /user : expected(200) != actual(500)
15:37:41.020452 ERROR[23] load: scenario-error-status-code: POST /user : expected(200) != actual(500)
15:37:41.020454 ERROR[24] load: scenario-error-status-code: POST /user : expected(200) != actual(500)
15:37:41.020456 ERROR[25] load: scenario-error-status-code: POST /user : expected(200) != actual(500)
15:37:41.020458 ERROR[26] load: scenario-error-status-code: POST /user : expected(200) != actual(500)
15:37:41.020460 ERROR[27] load: scenario-error-status-code: POST /user : expected(200) != actual(500)
15:37:41.020462 ERROR[28] load: scenario-error-status-code: POST /user : expected(200) != actual(500)
15:37:41.020464 ERROR[29] load: scenario-error-status-code: POST /user : expected(200) != actual(500)
15:37:41.020466 ERROR[30] load: scenario-error-status-code: POST /user : expected(200) != actual(500)
15:37:41.020470 ERROR[31] load: scenario-error-status-code: POST /user : expected(200) != actual(500)
15:37:41.020473 ERROR[32] load: scenario-error-status-code: POST /user : expected(200) != actual(500)
15:37:41.020476 ERROR[33] load: scenario-error-status-code: POST /user : expected(200) != actual(500)
15:37:41.020479 ERROR[34] load: scenario-error-status-code: POST /user : expected(200) != actual(500)
15:37:41.020482 ERROR[35] load: scenario-error-status-code: POST /user : expected(200) != actual(500)
15:37:41.020485 ERROR[36] load: scenario-error-status-code: POST /user : expected(200) != actual(500)
15:37:41.020488 ERROR[37] load: scenario-error-status-code: POST /user : expected(200) != actual(500)
15:37:41.020491 ERROR[38] load: scenario-error-status-code: POST /user : expected(200) != actual(500)
15:37:41.020494 ERROR[39] load: scenario-error-status-code: POST /user : expected(200) != actual(500)
15:37:41.020498 ERROR[40] load: scenario-error-status-code: POST /user : expected(200) != actual(500)
15:37:41.020501 ERROR[41] load: scenario-error-status-code: POST /user : expected(200) != actual(500)
15:37:41.020504 ERROR[42] load: scenario-error-status-code: POST /user : expected(200) != actual(500)
15:37:41.020508 ERROR[43] load: scenario-error-status-code: POST /user : expected(200) != actual(500)
15:37:41.020510 ERROR[44] load: scenario-error-status-code: POST /user : expected(200) != actual(500)
15:37:41.020515 ERROR[45] load: scenario-error-status-code: POST /user : expected(200) != actual(500)
15:37:41.020517 ERROR[46] load: scenario-error-status-code: POST /user : expected(200) != actual(500)
15:37:41.020519 ERROR[47] load: scenario-error-status-code: POST /user : expected(200) != actual(500)
15:37:41.020523 ERROR[48] load: scenario-error-status-code: POST /user : expected(200) != actual(500)
15:37:41.020525 ベンチマークシナリオのERRORは最大50件まで表示しています
15:37:41.020540 [PASSED]: true
15:37:41.020544 [SCORE] 0 (addition: 6869, deduction: 20070)
[ADMIN] 15:37:41.020564 [SCORE] map[GET /user/:userId/gacha/index:454 GET /user/:userId/home:461 GET /user/:userId/item:121 GET /user/:userId/present/index/:n:582 POST /login:346 POST /login(ban):90 POST /user:130 POST /user/:userId/card:119 POST /user/:userId/card/addexp/:cardId:120 POST /user/:userId/gacha/draw/:gachaId:423 POST /user/:userId/present/receive:576 POST /user/:userId/reward:332]

SCORE: 0
BENCHMARK_PASS
2026-09-23T15:37:41.179886052Z	BENCHMARK_END
