sample	timestamp	elapsed_ms	device	read_iops	write_iops	discard_iops	flush_iops	read_merged_per_sec	write_merged_per_sec	discard_merged_per_sec	read_bytes_per_sec	write_bytes_per_sec	discard_bytes_per_sec	read_await_ms	write_await_ms	discard_await_ms	flush_await_ms	avg_read_request_bytes	avg_write_request_bytes	avg_discard_request_bytes	io_in_progress	io_util_pct	avg_queue_size
0	2026-09-25T05:29:23.654843071Z	0	loop0	0.000000	0.000000	0.000000	0.000000	0.000000	0.000000	0.000000	0.000000	0.000000	0.000000	0.000000	0.000000	0.000000	0.000000	0.000000	0.000000	0.000000	0	0.000000	0.000000
0	2026-09-25T05:29:23.654843071Z	0	loop1	0.000000	0.000000	0.000000	0.000000	0.000000	0.000000	0.000000	0.000000	0.000000	0.000000	0.000000	0.000000	0.000000	0.000000	0.000000	0.000000	0.000000	0	0.000000	0.000000
0	2026-09-25T05:29:23.654843071Z	0	loop2	0.000000	0.000000	0.000000	0.000000	0.000000	0.000000	0.000000	0.000000	0.000000	0.000000	0.000000	0.000000	0.000000	0.000000	0.000000	0.000000	0.000000	0	0.000000	0.000000
0	2026-09-25T05:29:23.654843071Z	0	loop3	0.000000	0.000000	0.000000	0.000000	0.000000	0.000000	0.000000	0.000000	0.000000	0.000000	0.000000	0.000000	0.000000	0.000000	0.000000	0.000000	0.000000	0	0.000000	0.000000
0	2026-09-25T05:29:23.654843071Z	0	loop4	0.000000	0.000000	0.000000	0.000000	0.000000	0.000000	0.000000	0.000000	0.000000	0.000000	0.000000	0.000000	0.000000	0.000000	0.000000	0.000000	0.000000	0	0.000000	0.000000
0	2026-09-25T05:29:23.654843071Z	0	loop5	0.000000	0.000000	0.000000	0.000000	0.000000	0.000000	0.000000	0.000000	0.000000	0.000000	0.000000	0.000000	0.000000	0.000000	0.000000	0.000000	0.000000	0	0.000000	0.000000
0	2026-09-25T05:29:23.654843071Z	0	loop6	0.000000	0.000000	0.000000	0.000000	0.000000	0.000000	0.000000	0.000000	0.000000	0.000000	0.000000	0.000000	0.000000	0.000000	0.000000	0.000000	0.000000	0	0.000000	0.000000
0	2026-09-25T05:29:23.654843071Z	0	loop7	0.000000	0.000000	0.000000	0.000000	0.000000	0.000000	0.000000	0.000000	0.000000	0.000000	0.000000	0.000000	0.000000	0.000000	0.000000	0.000000	0.000000	0	0.000000	0.000000
0	2026-09-25T05:29:23.654843071Z	0	nvme0n1	0.000000	0.000000	0.000000	0.000000	0.000000	0.000000	0.000000	0.000000	0.000000	0.000000	0.000000	0.000000	0.000000	0.000000	0.000000	0.000000	0.000000	0	0.000000	0.000000
1	2026-09-25T05:29:24.669653454Z	1014	loop0	0.000000	0.000000	0.000000	0.000000	0.000000	0.000000	0.000000	0.000000	0.000000	0.000000	0.000000	0.000000	0.000000	0.000000	0.000000	0.000000	0.000000	0	0.000000	0.000000
1	2026-09-25T05:29:24.669653454Z	1014	loop1	0.000000	0.000000	0.000000	0.000000	0.000000	0.000000	0.000000	0.000000	0.000000	0.000000	0.000000	0.000000	0.000000	0.000000	0.000000	0.000000	0.000000	0	0.000000	0.000000
1	2026-09-25T05:29:24.669653454Z	1014	loop2	0.000000	0.000000	0.000000	0.000000	0.000000	0.000000	0.000000	0.000000	0.000000	0.000000	0.000000	0.000000	0.000000	0.000000	0.000000	0.000000	0.000000	0	0.000000	0.000000
1	2026-09-25T05:29:24.669653454Z	1014	loop3	0.000000	0.000000	0.000000	0.000000	0.000000	0.000000	0.000000	0.000000	0.000000	0.000000	0.000000	0.000000	0.000000	0.000000	0.000000	0.000000	0.000000	0	0.000000	0.000000
1	2026-09-25T05:29:24.669653454Z	1014	loop4	0.000000	0.000000	0.000000	0.000000	0.000000	0.000000	0.000000	0.000000	0.000000	0.000000	0.000000	0.000000	0.000000	0.000000	0.000000	0.000000	0.000000	0	0.000000	0.000000
1	2026-09-25T05:29:24.669653454Z	1014	loop5	0.000000	0.000000	0.000000	0.000000	0.000000	0.000000	0.000000	0.000000	0.000000	0.000000	0.000000	0.000000	0.000000	0.000000	0.000000	0.000000	0.000000	0	0.000000	0.000000
1	2026-09-25T05:29:24.669653454Z	1014	loop6	0.000000	0.000000	0.000000	0.000000	0.000000	0.000000	0.000000	0.000000	0.000000	0.000000	0.000000	0.000000	0.000000	0.000000	0.000000	0.000000	0.000000	0	0.000000	0.000000
1	2026-09-25T05:29:24.669653454Z	1014	loop7	0.000000	0.000000	0.000000	0.000000	0.000000	0.000000	0.000000	0.000000	0.000000	0.000000	0.000000	0.000000	0.000000	0.000000	0.000000	0.000000	0.000000	0	0.000000	0.000000
1	2026-09-25T05:29:24.669653454Z	1014	nvme0n1	4.927029	0.000000	0.000000	0.000000	0.000000	0.000000	0.000000	32289.776209	0.000000	0.000000	0.600000	0.000000	0.000000	0.000000	6553.600000	0.000000	0.000000	0	0.394162	0.002956
2	2026-09-25T05:29:25.669194284Z	2014	loop0	0.000000	0.000000	0.000000	0.000000	0.000000	0.000000	0.000000	0.000000	0.000000	0.000000	0.000000	0.000000	0.000000	0.000000	0.000000	0.000000	0.000000	0	0.000000	0.000000
2	2026-09-25T05:29:25.669194284Z	2014	loop1	0.000000	0.000000	0.000000	0.000000	0.000000	0.000000	0.000000	0.000000	0.000000	0.000000	0.000000	0.000000	0.000000	0.000000	0.000000	0.000000	0.000000	0	0.000000	0.000000
2	2026-09-25T05:29:25.669194284Z	2014	loop2	0.000000	0.000000	0.000000	0.000000	0.000000	0.000000	0.000000	0.000000	0.000000	0.000000	0.000000	0.000000	0.000000	0.000000	0.000000	0.000000	0.000000	0	0.000000	0.000000
2	2026-09-25T05:29:25.669194284Z	2014	loop3	0.000000	0.000000	0.000000	0.000000	0.000000	0.000000	0.000000	0.000000	0.000000	0.000000	0.000000	0.000000	0.000000	0.000000	0.000000	0.000000	0.000000	0	0.000000	0.000000
2	2026-09-25T05:29:25.669194284Z	2014	loop4	0.000000	0.000000	0.000000	0.000000	0.000000	0.000000	0.000000	0.000000	0.000000	0.000000	0.000000	0.000000	0.000000	0.000000	0.000000	0.000000	0.000000	0	0.000000	0.000000
2	2026-09-25T05:29:25.669194284Z	2014	loop5	0.000000	0.000000	0.000000	0.000000	0.000000	0.000000	0.000000	0.000000	0.000000	0.000000	0.000000	0.000000	0.000000	0.000000	0.000000	0.000000	0.000000	0	0.000000	0.000000
2	2026-09-25T05:29:25.669194284Z	2014	loop6	0.000000	0.000000	0.000000	0.000000	0.000000	0.000000	0.000000	0.000000	0.000000	0.000000	0.000000	0.000000	0.000000	0.000000	0.000000	0.000000	0.000000	0	0.000000	0.000000
2	2026-09-25T05:29:25.669194284Z	2014	loop7	0.000000	0.000000	0.000000	0.000000	0.000000	0.000000	0.000000	0.000000	0.000000	0.000000	0.000000	0.000000	0.000000	0.000000	0.000000	0.000000	0.000000	0	0.000000	0.000000
2	2026-09-25T05:29:25.669194284Z	2014	nvme0n1	0.000000	183.084063	0.000000	0.000000	0.000000	3.001378	0.000000	0.000000	1090036.489164	0.000000	0.000000	0.890710	0.000000	0.000000	0.000000	5953.748634	0.000000	0	2.401102	0.163075
3	2026-09-25T05:29:26.669186649Z	3014	loop0	0.000000	0.000000	0.000000	0.000000	0.000000	0.000000	0.000000	0.000000	0.000000	0.000000	0.000000	0.000000	0.000000	0.000000	0.000000	0.000000	0.000000	0	0.000000	0.000000
3	2026-09-25T05:29:26.669186649Z	3014	loop1	0.000000	0.000000	0.000000	0.000000	0.000000	0.000000	0.000000	0.000000	0.000000	0.000000	0.000000	0.000000	0.000000	0.000000	0.000000	0.000000	0.000000	0	0.000000	0.000000
3	2026-09-25T05:29:26.669186649Z	3014	loop2	0.000000	0.000000	0.000000	0.000000	0.000000	0.000000	0.000000	0.000000	0.000000	0.000000	0.000000	0.000000	0.000000	0.000000	0.000000	0.000000	0.000000	0	0.000000	0.000000
3	2026-09-25T05:29:26.669186649Z	3014	loop3	0.000000	0.000000	0.000000	0.000000	0.000000	0.000000	0.000000	0.000000	0.000000	0.000000	0.000000	0.000000	0.000000	0.000000	0.000000	0.000000	0.000000	0	0.000000	0.000000
3	2026-09-25T05:29:26.669186649Z	3014	loop4	0.000000	0.000000	0.000000	0.000000	0.000000	0.000000	0.000000	0.000000	0.000000	0.000000	0.000000	0.000000	0.000000	0.000000	0.000000	0.000000	0.000000	0	0.000000	0.000000
3	2026-09-25T05:29:26.669186649Z	3014	loop5	0.000000	0.000000	0.000000	0.000000	0.000000	0.000000	0.000000	0.000000	0.000000	0.000000	0.000000	0.000000	0.000000	0.000000	0.000000	0.000000	0.000000	0	0.000000	0.000000
3	2026-09-25T05:29:26.669186649Z	3014	loop6	0.000000	0.000000	0.000000	0.000000	0.000000	0.000000	0.000000	0.000000	0.000000	0.000000	0.000000	0.000000	0.000000	0.000000	0.000000	0.000000	0.000000	0	0.000000	0.000000
3	2026-09-25T05:29:26.669186649Z	3014	loop7	0.000000	0.000000	0.000000	0.000000	0.000000	0.000000	0.000000	0.000000	0.000000	0.000000	0.000000	0.000000	0.000000	0.000000	0.000000	0.000000	0.000000	0	0.000000	0.000000
3	2026-09-25T05:29:26.669186649Z	3014	nvme0n1	0.000000	0.000000	0.000000	0.000000	0.000000	0.000000	0.000000	0.000000	0.000000	0.000000	0.000000	0.000000	0.000000	0.000000	0.000000	0.000000	0.000000	0	0.000000	0.000000
4	2026-09-25T05:29:27.668958627Z	4014	loop0	0.000000	0.000000	0.000000	0.000000	0.000000	0.000000	0.000000	0.000000	0.000000	0.000000	0.000000	0.000000	0.000000	0.000000	0.000000	0.000000	0.000000	0	0.000000	0.000000
4	2026-09-25T05:29:27.668958627Z	4014	loop1	0.000000	0.000000	0.000000	0.000000	0.000000	0.000000	0.000000	0.000000	0.000000	0.000000	0.000000	0.000000	0.000000	0.000000	0.000000	0.000000	0.000000	0	0.000000	0.000000
4	2026-09-25T05:29:27.668958627Z	4014	loop2	0.000000	0.000000	0.000000	0.000000	0.000000	0.000000	0.000000	0.000000	0.000000	0.000000	0.000000	0.000000	0.000000	0.000000	0.000000	0.000000	0.000000	0	0.000000	0.000000
4	2026-09-25T05:29:27.668958627Z	4014	loop3	0.000000	0.000000	0.000000	0.000000	0.000000	0.000000	0.000000	0.000000	0.000000	0.000000	0.000000	0.000000	0.000000	0.000000	0.000000	0.000000	0.000000	0	0.000000	0.000000
4	2026-09-25T05:29:27.668958627Z	4014	loop4	0.000000	0.000000	0.000000	0.000000	0.000000	0.000000	0.000000	0.000000	0.000000	0.000000	0.000000	0.000000	0.000000	0.000000	0.000000	0.000000	0.000000	0	0.000000	0.000000
4	2026-09-25T05:29:27.668958627Z	4014	loop5	0.000000	0.000000	0.000000	0.000000	0.000000	0.000000	0.000000	0.000000	0.000000	0.000000	0.000000	0.000000	0.000000	0.000000	0.000000	0.000000	0.000000	0	0.000000	0.000000
4	2026-09-25T05:29:27.668958627Z	4014	loop6	0.000000	0.000000	0.000000	0.000000	0.000000	0.000000	0.000000	0.000000	0.000000	0.000000	0.000000	0.000000	0.000000	0.000000	0.000000	0.000000	0.000000	0	0.000000	0.000000
4	2026-09-25T05:29:27.668958627Z	4014	loop7	0.000000	0.000000	0.000000	0.000000	0.000000	0.000000	0.000000	0.000000	0.000000	0.000000	0.000000	0.000000	0.000000	0.000000	0.000000	0.000000	0.000000	0	0.000000	0.000000
4	2026-09-25T05:29:27.668958627Z	4014	nvme0n1	0.000000	2.000456	0.000000	0.000000	0.000000	24.005474	0.000000	0.000000	106520.290035	0.000000	0.000000	1.500000	0.000000	0.000000	0.000000	53248.000000	0.000000	0	0.800182	0.003001
5	2026-09-25T05:29:28.669187549Z	5014	loop0	0.000000	0.000000	0.000000	0.000000	0.000000	0.000000	0.000000	0.000000	0.000000	0.000000	0.000000	0.000000	0.000000	0.000000	0.000000	0.000000	0.000000	0	0.000000	0.000000
5	2026-09-25T05:29:28.669187549Z	5014	loop1	0.000000	0.000000	0.000000	0.000000	0.000000	0.000000	0.000000	0.000000	0.000000	0.000000	0.000000	0.000000	0.000000	0.000000	0.000000	0.000000	0.000000	0	0.000000	0.000000
5	2026-09-25T05:29:28.669187549Z	5014	loop2	0.000000	0.000000	0.000000	0.000000	0.000000	0.000000	0.000000	0.000000	0.000000	0.000000	0.000000	0.000000	0.000000	0.000000	0.000000	0.000000	0.000000	0	0.000000	0.000000
5	2026-09-25T05:29:28.669187549Z	5014	loop3	0.000000	0.000000	0.000000	0.000000	0.000000	0.000000	0.000000	0.000000	0.000000	0.000000	0.000000	0.000000	0.000000	0.000000	0.000000	0.000000	0.000000	0	0.000000	0.000000
5	2026-09-25T05:29:28.669187549Z	5014	loop4	0.000000	0.000000	0.000000	0.000000	0.000000	0.000000	0.000000	0.000000	0.000000	0.000000	0.000000	0.000000	0.000000	0.000000	0.000000	0.000000	0.000000	0	0.000000	0.000000
5	2026-09-25T05:29:28.669187549Z	5014	loop5	0.000000	0.000000	0.000000	0.000000	0.000000	0.000000	0.000000	0.000000	0.000000	0.000000	0.000000	0.000000	0.000000	0.000000	0.000000	0.000000	0.000000	0	0.000000	0.000000
5	2026-09-25T05:29:28.669187549Z	5014	loop6	0.000000	0.000000	0.000000	0.000000	0.000000	0.000000	0.000000	0.000000	0.000000	0.000000	0.000000	0.000000	0.000000	0.000000	0.000000	0.000000	0.000000	0	0.000000	0.000000
5	2026-09-25T05:29:28.669187549Z	5014	loop7	0.000000	0.000000	0.000000	0.000000	0.000000	0.000000	0.000000	0.000000	0.000000	0.000000	0.000000	0.000000	0.000000	0.000000	0.000000	0.000000	0.000000	0	0.000000	0.000000
5	2026-09-25T05:29:28.669187549Z	5014	nvme0n1	0.000000	85.980316	0.000000	0.000000	0.000000	9.997711	0.000000	0.000000	19525258.024105	0.000000	0.000000	2.662791	0.000000	0.000000	0.000000	227089.860465	0.000000	0	3.599176	0.228948
6	2026-09-25T05:29:29.669621267Z	6014	loop0	0.000000	0.000000	0.000000	0.000000	0.000000	0.000000	0.000000	0.000000	0.000000	0.000000	0.000000	0.000000	0.000000	0.000000	0.000000	0.000000	0.000000	0	0.000000	0.000000
6	2026-09-25T05:29:29.669621267Z	6014	loop1	0.000000	0.000000	0.000000	0.000000	0.000000	0.000000	0.000000	0.000000	0.000000	0.000000	0.000000	0.000000	0.000000	0.000000	0.000000	0.000000	0.000000	0	0.000000	0.000000
6	2026-09-25T05:29:29.669621267Z	6014	loop2	0.000000	0.000000	0.000000	0.000000	0.000000	0.000000	0.000000	0.000000	0.000000	0.000000	0.000000	0.000000	0.000000	0.000000	0.000000	0.000000	0.000000	0	0.000000	0.000000
6	2026-09-25T05:29:29.669621267Z	6014	loop3	0.000000	0.000000	0.000000	0.000000	0.000000	0.000000	0.000000	0.000000	0.000000	0.000000	0.000000	0.000000	0.000000	0.000000	0.000000	0.000000	0.000000	0	0.000000	0.000000
6	2026-09-25T05:29:29.669621267Z	6014	loop4	0.000000	0.000000	0.000000	0.000000	0.000000	0.000000	0.000000	0.000000	0.000000	0.000000	0.000000	0.000000	0.000000	0.000000	0.000000	0.000000	0.000000	0	0.000000	0.000000
6	2026-09-25T05:29:29.669621267Z	6014	loop5	0.000000	0.000000	0.000000	0.000000	0.000000	0.000000	0.000000	0.000000	0.000000	0.000000	0.000000	0.000000	0.000000	0.000000	0.000000	0.000000	0.000000	0	0.000000	0.000000
6	2026-09-25T05:29:29.669621267Z	6014	loop6	0.000000	0.000000	0.000000	0.000000	0.000000	0.000000	0.000000	0.000000	0.000000	0.000000	0.000000	0.000000	0.000000	0.000000	0.000000	0.000000	0.000000	0	0.000000	0.000000
6	2026-09-25T05:29:29.669621267Z	6014	loop7	0.000000	0.000000	0.000000	0.000000	0.000000	0.000000	0.000000	0.000000	0.000000	0.000000	0.000000	0.000000	0.000000	0.000000	0.000000	0.000000	0.000000	0	0.000000	0.000000
6	2026-09-25T05:29:29.669621267Z	6014	nvme0n1	0.000000	0.000000	0.000000	0.000000	0.000000	0.000000	0.000000	0.000000	0.000000	0.000000	0.000000	0.000000	0.000000	0.000000	0.000000	0.000000	0.000000	0	0.000000	0.000000
7	2026-09-25T05:29:30.668949016Z	7014	loop0	0.000000	0.000000	0.000000	0.000000	0.000000	0.000000	0.000000	0.000000	0.000000	0.000000	0.000000	0.000000	0.000000	0.000000	0.000000	0.000000	0.000000	0	0.000000	0.000000
7	2026-09-25T05:29:30.668949016Z	7014	loop1	0.000000	0.000000	0.000000	0.000000	0.000000	0.000000	0.000000	0.000000	0.000000	0.000000	0.000000	0.000000	0.000000	0.000000	0.000000	0.000000	0.000000	0	0.000000	0.000000
7	2026-09-25T05:29:30.668949016Z	7014	loop2	0.000000	0.000000	0.000000	0.000000	0.000000	0.000000	0.000000	0.000000	0.000000	0.000000	0.000000	0.000000	0.000000	0.000000	0.000000	0.000000	0.000000	0	0.000000	0.000000
7	2026-09-25T05:29:30.668949016Z	7014	loop3	0.000000	0.000000	0.000000	0.000000	0.000000	0.000000	0.000000	0.000000	0.000000	0.000000	0.000000	0.000000	0.000000	0.000000	0.000000	0.000000	0.000000	0	0.000000	0.000000
7	2026-09-25T05:29:30.668949016Z	7014	loop4	0.000000	0.000000	0.000000	0.000000	0.000000	0.000000	0.000000	0.000000	0.000000	0.000000	0.000000	0.000000	0.000000	0.000000	0.000000	0.000000	0.000000	0	0.000000	0.000000
7	2026-09-25T05:29:30.668949016Z	7014	loop5	0.000000	0.000000	0.000000	0.000000	0.000000	0.000000	0.000000	0.000000	0.000000	0.000000	0.000000	0.000000	0.000000	0.000000	0.000000	0.000000	0.000000	0	0.000000	0.000000
7	2026-09-25T05:29:30.668949016Z	7014	loop6	0.000000	0.000000	0.000000	0.000000	0.000000	0.000000	0.000000	0.000000	0.000000	0.000000	0.000000	0.000000	0.000000	0.000000	0.000000	0.000000	0.000000	0	0.000000	0.000000
7	2026-09-25T05:29:30.668949016Z	7014	loop7	0.000000	0.000000	0.000000	0.000000	0.000000	0.000000	0.000000	0.000000	0.000000	0.000000	0.000000	0.000000	0.000000	0.000000	0.000000	0.000000	0.000000	0	0.000000	0.000000
7	2026-09-25T05:29:30.668949016Z	7014	nvme0n1	0.000000	0.000000	0.000000	0.000000	0.000000	0.000000	0.000000	0.000000	0.000000	0.000000	0.000000	0.000000	0.000000	0.000000	0.000000	0.000000	0.000000	0	0.000000	0.000000
8	2026-09-25T05:29:31.669289602Z	8014	loop0	0.000000	0.000000	0.000000	0.000000	0.000000	0.000000	0.000000	0.000000	0.000000	0.000000	0.000000	0.000000	0.000000	0.000000	0.000000	0.000000	0.000000	0	0.000000	0.000000
8	2026-09-25T05:29:31.669289602Z	8014	loop1	0.000000	0.000000	0.000000	0.000000	0.000000	0.000000	0.000000	0.000000	0.000000	0.000000	0.000000	0.000000	0.000000	0.000000	0.000000	0.000000	0.000000	0	0.000000	0.000000
8	2026-09-25T05:29:31.669289602Z	8014	loop2	0.000000	0.000000	0.000000	0.000000	0.000000	0.000000	0.000000	0.000000	0.000000	0.000000	0.000000	0.000000	0.000000	0.000000	0.000000	0.000000	0.000000	0	0.000000	0.000000
8	2026-09-25T05:29:31.669289602Z	8014	loop3	0.000000	0.000000	0.000000	0.000000	0.000000	0.000000	0.000000	0.000000	0.000000	0.000000	0.000000	0.000000	0.000000	0.000000	0.000000	0.000000	0.000000	0	0.000000	0.000000
8	2026-09-25T05:29:31.669289602Z	8014	loop4	0.000000	0.000000	0.000000	0.000000	0.000000	0.000000	0.000000	0.000000	0.000000	0.000000	0.000000	0.000000	0.000000	0.000000	0.000000	0.000000	0.000000	0	0.000000	0.000000
8	2026-09-25T05:29:31.669289602Z	8014	loop5	0.000000	0.000000	0.000000	0.000000	0.000000	0.000000	0.000000	0.000000	0.000000	0.000000	0.000000	0.000000	0.000000	0.000000	0.000000	0.000000	0.000000	0	0.000000	0.000000
8	2026-09-25T05:29:31.669289602Z	8014	loop6	0.000000	0.000000	0.000000	0.000000	0.000000	0.000000	0.000000	0.000000	0.000000	0.000000	0.000000	0.000000	0.000000	0.000000	0.000000	0.000000	0.000000	0	0.000000	0.000000
8	2026-09-25T05:29:31.669289602Z	8014	loop7	0.000000	0.000000	0.000000	0.000000	0.000000	0.000000	0.000000	0.000000	0.000000	0.000000	0.000000	0.000000	0.000000	0.000000	0.000000	0.000000	0.000000	0	0.000000	0.000000
8	2026-09-25T05:29:31.669289602Z	8014	nvme0n1	111.961868	841.713328	0.000000	0.000000	0.000000	663.773931	0.000000	1383976.643851	14740579.638646	0.000000	0.598214	0.992874	0.000000	0.000000	12361.142857	17512.589074	0.000000	0	80.372627	0.902693
9	2026-09-25T05:29:32.6690701Z	9014	loop0	0.000000	0.000000	0.000000	0.000000	0.000000	0.000000	0.000000	0.000000	0.000000	0.000000	0.000000	0.000000	0.000000	0.000000	0.000000	0.000000	0.000000	0	0.000000	0.000000
9	2026-09-25T05:29:32.6690701Z	9014	loop1	0.000000	0.000000	0.000000	0.000000	0.000000	0.000000	0.000000	0.000000	0.000000	0.000000	0.000000	0.000000	0.000000	0.000000	0.000000	0.000000	0.000000	0	0.000000	0.000000
9	2026-09-25T05:29:32.6690701Z	9014	loop2	0.000000	0.000000	0.000000	0.000000	0.000000	0.000000	0.000000	0.000000	0.000000	0.000000	0.000000	0.000000	0.000000	0.000000	0.000000	0.000000	0.000000	0	0.000000	0.000000
9	2026-09-25T05:29:32.6690701Z	9014	loop3	0.000000	0.000000	0.000000	0.000000	0.000000	0.000000	0.000000	0.000000	0.000000	0.000000	0.000000	0.000000	0.000000	0.000000	0.000000	0.000000	0.000000	0	0.000000	0.000000
9	2026-09-25T05:29:32.6690701Z	9014	loop4	0.000000	0.000000	0.000000	0.000000	0.000000	0.000000	0.000000	0.000000	0.000000	0.000000	0.000000	0.000000	0.000000	0.000000	0.000000	0.000000	0.000000	0	0.000000	0.000000
9	2026-09-25T05:29:32.6690701Z	9014	loop5	0.000000	0.000000	0.000000	0.000000	0.000000	0.000000	0.000000	0.000000	0.000000	0.000000	0.000000	0.000000	0.000000	0.000000	0.000000	0.000000	0.000000	0	0.000000	0.000000
9	2026-09-25T05:29:32.6690701Z	9014	loop6	0.000000	0.000000	0.000000	0.000000	0.000000	0.000000	0.000000	0.000000	0.000000	0.000000	0.000000	0.000000	0.000000	0.000000	0.000000	0.000000	0.000000	0	0.000000	0.000000
9	2026-09-25T05:29:32.6690701Z	9014	loop7	0.000000	0.000000	0.000000	0.000000	0.000000	0.000000	0.000000	0.000000	0.000000	0.000000	0.000000	0.000000	0.000000	0.000000	0.000000	0.000000	0.000000	0	0.000000	0.000000
9	2026-09-25T05:29:32.6690701Z	9014	nvme0n1	74.016247	754.165540	0.000000	0.000000	0.000000	892.195838	0.000000	17133232.761724	29006046.856291	0.000000	1.283784	1.164456	0.000000	0.000000	231479.351351	38461.114058	0.000000	0	70.415456	0.973214
10	2026-09-25T05:29:33.669461818Z	10014	loop0	0.000000	0.000000	0.000000	0.000000	0.000000	0.000000	0.000000	0.000000	0.000000	0.000000	0.000000	0.000000	0.000000	0.000000	0.000000	0.000000	0.000000	0	0.000000	0.000000
10	2026-09-25T05:29:33.669461818Z	10014	loop1	0.000000	0.000000	0.000000	0.000000	0.000000	0.000000	0.000000	0.000000	0.000000	0.000000	0.000000	0.000000	0.000000	0.000000	0.000000	0.000000	0.000000	0	0.000000	0.000000
10	2026-09-25T05:29:33.669461818Z	10014	loop2	0.000000	0.000000	0.000000	0.000000	0.000000	0.000000	0.000000	0.000000	0.000000	0.000000	0.000000	0.000000	0.000000	0.000000	0.000000	0.000000	0.000000	0	0.000000	0.000000
10	2026-09-25T05:29:33.669461818Z	10014	loop3	0.000000	0.000000	0.000000	0.000000	0.000000	0.000000	0.000000	0.000000	0.000000	0.000000	0.000000	0.000000	0.000000	0.000000	0.000000	0.000000	0.000000	0	0.000000	0.000000
10	2026-09-25T05:29:33.669461818Z	10014	loop4	0.000000	0.000000	0.000000	0.000000	0.000000	0.000000	0.000000	0.000000	0.000000	0.000000	0.000000	0.000000	0.000000	0.000000	0.000000	0.000000	0.000000	0	0.000000	0.000000
10	2026-09-25T05:29:33.669461818Z	10014	loop5	0.000000	0.000000	0.000000	0.000000	0.000000	0.000000	0.000000	0.000000	0.000000	0.000000	0.000000	0.000000	0.000000	0.000000	0.000000	0.000000	0.000000	0	0.000000	0.000000
10	2026-09-25T05:29:33.669461818Z	10014	loop6	0.000000	0.000000	0.000000	0.000000	0.000000	0.000000	0.000000	0.000000	0.000000	0.000000	0.000000	0.000000	0.000000	0.000000	0.000000	0.000000	0.000000	0	0.000000	0.000000
10	2026-09-25T05:29:33.669461818Z	10014	loop7	0.000000	0.000000	0.000000	0.000000	0.000000	0.000000	0.000000	0.000000	0.000000	0.000000	0.000000	0.000000	0.000000	0.000000	0.000000	0.000000	0.000000	0	0.000000	0.000000
10	2026-09-25T05:29:33.669461818Z	10014	nvme0n1	4.998042	469.815962	0.000000	0.000000	0.000000	171.932650	0.000000	20471.980634	34888349.396221	0.000000	0.600000	1.463830	0.000000	0.000000	4096.000000	74259.608511	0.000000	0	23.190916	0.690729
11	2026-09-25T05:29:34.668958951Z	11014	loop0	0.000000	0.000000	0.000000	0.000000	0.000000	0.000000	0.000000	0.000000	0.000000	0.000000	0.000000	0.000000	0.000000	0.000000	0.000000	0.000000	0.000000	0	0.000000	0.000000
11	2026-09-25T05:29:34.668958951Z	11014	loop1	0.000000	0.000000	0.000000	0.000000	0.000000	0.000000	0.000000	0.000000	0.000000	0.000000	0.000000	0.000000	0.000000	0.000000	0.000000	0.000000	0.000000	0	0.000000	0.000000
11	2026-09-25T05:29:34.668958951Z	11014	loop2	0.000000	0.000000	0.000000	0.000000	0.000000	0.000000	0.000000	0.000000	0.000000	0.000000	0.000000	0.000000	0.000000	0.000000	0.000000	0.000000	0.000000	0	0.000000	0.000000
11	2026-09-25T05:29:34.668958951Z	11014	loop3	0.000000	0.000000	0.000000	0.000000	0.000000	0.000000	0.000000	0.000000	0.000000	0.000000	0.000000	0.000000	0.000000	0.000000	0.000000	0.000000	0.000000	0	0.000000	0.000000
11	2026-09-25T05:29:34.668958951Z	11014	loop4	0.000000	0.000000	0.000000	0.000000	0.000000	0.000000	0.000000	0.000000	0.000000	0.000000	0.000000	0.000000	0.000000	0.000000	0.000000	0.000000	0.000000	0	0.000000	0.000000
11	2026-09-25T05:29:34.668958951Z	11014	loop5	0.000000	0.000000	0.000000	0.000000	0.000000	0.000000	0.000000	0.000000	0.000000	0.000000	0.000000	0.000000	0.000000	0.000000	0.000000	0.000000	0.000000	0	0.000000	0.000000
11	2026-09-25T05:29:34.668958951Z	11014	loop6	0.000000	0.000000	0.000000	0.000000	0.000000	0.000000	0.000000	0.000000	0.000000	0.000000	0.000000	0.000000	0.000000	0.000000	0.000000	0.000000	0.000000	0	0.000000	0.000000
11	2026-09-25T05:29:34.668958951Z	11014	loop7	0.000000	0.000000	0.000000	0.000000	0.000000	0.000000	0.000000	0.000000	0.000000	0.000000	0.000000	0.000000	0.000000	0.000000	0.000000	0.000000	0.000000	0	0.000000	0.000000
11	2026-09-25T05:29:34.668958951Z	11014	nvme0n1	5.002516	647.325519	0.000000	0.000000	0.000000	203.102134	0.000000	135236.005860	33985218.078645	0.000000	0.800000	1.285935	0.000000	0.000000	27033.600000	52500.970634	0.000000	0	28.014087	0.835420
12	2026-09-25T05:29:35.669459806Z	12014	loop0	0.000000	0.000000	0.000000	0.000000	0.000000	0.000000	0.000000	0.000000	0.000000	0.000000	0.000000	0.000000	0.000000	0.000000	0.000000	0.000000	0.000000	0	0.000000	0.000000
12	2026-09-25T05:29:35.669459806Z	12014	loop1	0.000000	0.000000	0.000000	0.000000	0.000000	0.000000	0.000000	0.000000	0.000000	0.000000	0.000000	0.000000	0.000000	0.000000	0.000000	0.000000	0.000000	0	0.000000	0.000000
12	2026-09-25T05:29:35.669459806Z	12014	loop2	0.000000	0.000000	0.000000	0.000000	0.000000	0.000000	0.000000	0.000000	0.000000	0.000000	0.000000	0.000000	0.000000	0.000000	0.000000	0.000000	0.000000	0	0.000000	0.000000
12	2026-09-25T05:29:35.669459806Z	12014	loop3	0.000000	0.000000	0.000000	0.000000	0.000000	0.000000	0.000000	0.000000	0.000000	0.000000	0.000000	0.000000	0.000000	0.000000	0.000000	0.000000	0.000000	0	0.000000	0.000000
12	2026-09-25T05:29:35.669459806Z	12014	loop4	0.000000	0.000000	0.000000	0.000000	0.000000	0.000000	0.000000	0.000000	0.000000	0.000000	0.000000	0.000000	0.000000	0.000000	0.000000	0.000000	0.000000	0	0.000000	0.000000
12	2026-09-25T05:29:35.669459806Z	12014	loop5	0.000000	0.000000	0.000000	0.000000	0.000000	0.000000	0.000000	0.000000	0.000000	0.000000	0.000000	0.000000	0.000000	0.000000	0.000000	0.000000	0.000000	0	0.000000	0.000000
12	2026-09-25T05:29:35.669459806Z	12014	loop6	0.000000	0.000000	0.000000	0.000000	0.000000	0.000000	0.000000	0.000000	0.000000	0.000000	0.000000	0.000000	0.000000	0.000000	0.000000	0.000000	0.000000	0	0.000000	0.000000
12	2026-09-25T05:29:35.669459806Z	12014	loop7	0.000000	0.000000	0.000000	0.000000	0.000000	0.000000	0.000000	0.000000	0.000000	0.000000	0.000000	0.000000	0.000000	0.000000	0.000000	0.000000	0.000000	0	0.000000	0.000000
12	2026-09-25T05:29:35.669459806Z	12014	nvme0n1	4.997497	879.559472	0.000000	0.000000	0.000000	216.891370	0.000000	20469.747706	36673599.990771	0.000000	0.800000	1.195455	0.000000	0.000000	4096.000000	41695.418182	0.000000	0	26.786584	1.055471
13	2026-09-25T05:29:36.668956608Z	13014	loop0	0.000000	0.000000	0.000000	0.000000	0.000000	0.000000	0.000000	0.000000	0.000000	0.000000	0.000000	0.000000	0.000000	0.000000	0.000000	0.000000	0.000000	0	0.000000	0.000000
13	2026-09-25T05:29:36.668956608Z	13014	loop1	0.000000	0.000000	0.000000	0.000000	0.000000	0.000000	0.000000	0.000000	0.000000	0.000000	0.000000	0.000000	0.000000	0.000000	0.000000	0.000000	0.000000	0	0.000000	0.000000
13	2026-09-25T05:29:36.668956608Z	13014	loop2	0.000000	0.000000	0.000000	0.000000	0.000000	0.000000	0.000000	0.000000	0.000000	0.000000	0.000000	0.000000	0.000000	0.000000	0.000000	0.000000	0.000000	0	0.000000	0.000000
13	2026-09-25T05:29:36.668956608Z	13014	loop3	0.000000	0.000000	0.000000	0.000000	0.000000	0.000000	0.000000	0.000000	0.000000	0.000000	0.000000	0.000000	0.000000	0.000000	0.000000	0.000000	0.000000	0	0.000000	0.000000
13	2026-09-25T05:29:36.668956608Z	13014	loop4	0.000000	0.000000	0.000000	0.000000	0.000000	0.000000	0.000000	0.000000	0.000000	0.000000	0.000000	0.000000	0.000000	0.000000	0.000000	0.000000	0.000000	0	0.000000	0.000000
13	2026-09-25T05:29:36.668956608Z	13014	loop5	0.000000	0.000000	0.000000	0.000000	0.000000	0.000000	0.000000	0.000000	0.000000	0.000000	0.000000	0.000000	0.000000	0.000000	0.000000	0.000000	0.000000	0	0.000000	0.000000
13	2026-09-25T05:29:36.668956608Z	13014	loop6	0.000000	0.000000	0.000000	0.000000	0.000000	0.000000	0.000000	0.000000	0.000000	0.000000	0.000000	0.000000	0.000000	0.000000	0.000000	0.000000	0.000000	0	0.000000	0.000000
13	2026-09-25T05:29:36.668956608Z	13014	loop7	0.000000	0.000000	0.000000	0.000000	0.000000	0.000000	0.000000	0.000000	0.000000	0.000000	0.000000	0.000000	0.000000	0.000000	0.000000	0.000000	0.000000	0	0.000000	0.000000
13	2026-09-25T05:29:36.668956608Z	13014	nvme0n1	68.034235	734.369534	0.000000	0.000000	0.000000	156.078539	0.000000	16802054.777162	35702317.370398	0.000000	1.367647	1.246594	0.000000	0.000000	246964.705882	48616.283379	0.000000	0	37.618930	1.008507
14	2026-09-25T05:29:37.668966595Z	14014	loop0	0.000000	0.000000	0.000000	0.000000	0.000000	0.000000	0.000000	0.000000	0.000000	0.000000	0.000000	0.000000	0.000000	0.000000	0.000000	0.000000	0.000000	0	0.000000	0.000000
14	2026-09-25T05:29:37.668966595Z	14014	loop1	0.000000	0.000000	0.000000	0.000000	0.000000	0.000000	0.000000	0.000000	0.000000	0.000000	0.000000	0.000000	0.000000	0.000000	0.000000	0.000000	0.000000	0	0.000000	0.000000
14	2026-09-25T05:29:37.668966595Z	14014	loop2	0.000000	0.000000	0.000000	0.000000	0.000000	0.000000	0.000000	0.000000	0.000000	0.000000	0.000000	0.000000	0.000000	0.000000	0.000000	0.000000	0.000000	0	0.000000	0.000000
14	2026-09-25T05:29:37.668966595Z	14014	loop3	0.000000	0.000000	0.000000	0.000000	0.000000	0.000000	0.000000	0.000000	0.000000	0.000000	0.000000	0.000000	0.000000	0.000000	0.000000	0.000000	0.000000	0	0.000000	0.000000
14	2026-09-25T05:29:37.668966595Z	14014	loop4	0.000000	0.000000	0.000000	0.000000	0.000000	0.000000	0.000000	0.000000	0.000000	0.000000	0.000000	0.000000	0.000000	0.000000	0.000000	0.000000	0.000000	0	0.000000	0.000000
14	2026-09-25T05:29:37.668966595Z	14014	loop5	0.000000	0.000000	0.000000	0.000000	0.000000	0.000000	0.000000	0.000000	0.000000	0.000000	0.000000	0.000000	0.000000	0.000000	0.000000	0.000000	0.000000	0	0.000000	0.000000
14	2026-09-25T05:29:37.668966595Z	14014	loop6	0.000000	0.000000	0.000000	0.000000	0.000000	0.000000	0.000000	0.000000	0.000000	0.000000	0.000000	0.000000	0.000000	0.000000	0.000000	0.000000	0.000000	0	0.000000	0.000000
14	2026-09-25T05:29:37.668966595Z	14014	loop7	0.000000	0.000000	0.000000	0.000000	0.000000	0.000000	0.000000	0.000000	0.000000	0.000000	0.000000	0.000000	0.000000	0.000000	0.000000	0.000000	0.000000	0	0.000000	0.000000
14	2026-09-25T05:29:37.668966595Z	14014	nvme0n1	3.999960	831.991688	0.000000	0.000000	0.000000	188.998112	0.000000	16383.836325	41414242.271720	0.000000	0.500000	1.250000	0.000000	0.000000	4096.000000	49777.230769	0.000000	0	35.199648	1.041990
15	2026-09-25T05:29:38.669430934Z	15014	loop0	0.000000	0.000000	0.000000	0.000000	0.000000	0.000000	0.000000	0.000000	0.000000	0.000000	0.000000	0.000000	0.000000	0.000000	0.000000	0.000000	0.000000	0	0.000000	0.000000
15	2026-09-25T05:29:38.669430934Z	15014	loop1	0.000000	0.000000	0.000000	0.000000	0.000000	0.000000	0.000000	0.000000	0.000000	0.000000	0.000000	0.000000	0.000000	0.000000	0.000000	0.000000	0.000000	0	0.000000	0.000000
15	2026-09-25T05:29:38.669430934Z	15014	loop2	0.000000	0.000000	0.000000	0.000000	0.000000	0.000000	0.000000	0.000000	0.000000	0.000000	0.000000	0.000000	0.000000	0.000000	0.000000	0.000000	0.000000	0	0.000000	0.000000
15	2026-09-25T05:29:38.669430934Z	15014	loop3	0.000000	0.000000	0.000000	0.000000	0.000000	0.000000	0.000000	0.000000	0.000000	0.000000	0.000000	0.000000	0.000000	0.000000	0.000000	0.000000	0.000000	0	0.000000	0.000000
15	2026-09-25T05:29:38.669430934Z	15014	loop4	0.000000	0.000000	0.000000	0.000000	0.000000	0.000000	0.000000	0.000000	0.000000	0.000000	0.000000	0.000000	0.000000	0.000000	0.000000	0.000000	0.000000	0	0.000000	0.000000
15	2026-09-25T05:29:38.669430934Z	15014	loop5	0.000000	0.000000	0.000000	0.000000	0.000000	0.000000	0.000000	0.000000	0.000000	0.000000	0.000000	0.000000	0.000000	0.000000	0.000000	0.000000	0.000000	0	0.000000	0.000000
15	2026-09-25T05:29:38.669430934Z	15014	loop6	0.000000	0.000000	0.000000	0.000000	0.000000	0.000000	0.000000	0.000000	0.000000	0.000000	0.000000	0.000000	0.000000	0.000000	0.000000	0.000000	0.000000	0	0.000000	0.000000
15	2026-09-25T05:29:38.669430934Z	15014	loop7	0.000000	0.000000	0.000000	0.000000	0.000000	0.000000	0.000000	0.000000	0.000000	0.000000	0.000000	0.000000	0.000000	0.000000	0.000000	0.000000	0.000000	0	0.000000	0.000000
15	2026-09-25T05:29:38.669430934Z	15014	nvme0n1	3.998144	1334.380395	0.000000	0.000000	0.000000	323.849624	0.000000	16376.395801	44687090.041297	0.000000	0.750000	1.122097	0.000000	0.000000	4096.000000	33489.018727	0.000000	0	51.176237	1.501303
16	2026-09-25T05:29:39.669764799Z	16014	loop0	0.000000	0.000000	0.000000	0.000000	0.000000	0.000000	0.000000	0.000000	0.000000	0.000000	0.000000	0.000000	0.000000	0.000000	0.000000	0.000000	0.000000	0	0.000000	0.000000
16	2026-09-25T05:29:39.669764799Z	16014	loop1	0.000000	0.000000	0.000000	0.000000	0.000000	0.000000	0.000000	0.000000	0.000000	0.000000	0.000000	0.000000	0.000000	0.000000	0.000000	0.000000	0.000000	0	0.000000	0.000000
16	2026-09-25T05:29:39.669764799Z	16014	loop2	0.000000	0.000000	0.000000	0.000000	0.000000	0.000000	0.000000	0.000000	0.000000	0.000000	0.000000	0.000000	0.000000	0.000000	0.000000	0.000000	0.000000	0	0.000000	0.000000
16	2026-09-25T05:29:39.669764799Z	16014	loop3	0.000000	0.000000	0.000000	0.000000	0.000000	0.000000	0.000000	0.000000	0.000000	0.000000	0.000000	0.000000	0.000000	0.000000	0.000000	0.000000	0.000000	0	0.000000	0.000000
16	2026-09-25T05:29:39.669764799Z	16014	loop4	0.000000	0.000000	0.000000	0.000000	0.000000	0.000000	0.000000	0.000000	0.000000	0.000000	0.000000	0.000000	0.000000	0.000000	0.000000	0.000000	0.000000	0	0.000000	0.000000
16	2026-09-25T05:29:39.669764799Z	16014	loop5	0.000000	0.000000	0.000000	0.000000	0.000000	0.000000	0.000000	0.000000	0.000000	0.000000	0.000000	0.000000	0.000000	0.000000	0.000000	0.000000	0.000000	0	0.000000	0.000000
16	2026-09-25T05:29:39.669764799Z	16014	loop6	0.000000	0.000000	0.000000	0.000000	0.000000	0.000000	0.000000	0.000000	0.000000	0.000000	0.000000	0.000000	0.000000	0.000000	0.000000	0.000000	0.000000	0	0.000000	0.000000
16	2026-09-25T05:29:39.669764799Z	16014	loop7	0.000000	0.000000	0.000000	0.000000	0.000000	0.000000	0.000000	0.000000	0.000000	0.000000	0.000000	0.000000	0.000000	0.000000	0.000000	0.000000	0.000000	0	0.000000	0.000000
16	2026-09-25T05:29:39.669764799Z	16014	nvme0n1	1.999333	973.674934	0.000000	0.000000	0.000000	292.902213	0.000000	8189.265973	40426311.473783	0.000000	0.500000	1.183778	0.000000	0.000000	4096.000000	41519.310062	0.000000	0	44.785048	1.153615
17	2026-09-25T05:29:40.66924545Z	17014	loop0	0.000000	0.000000	0.000000	0.000000	0.000000	0.000000	0.000000	0.000000	0.000000	0.000000	0.000000	0.000000	0.000000	0.000000	0.000000	0.000000	0.000000	0	0.000000	0.000000
17	2026-09-25T05:29:40.66924545Z	17014	loop1	0.000000	0.000000	0.000000	0.000000	0.000000	0.000000	0.000000	0.000000	0.000000	0.000000	0.000000	0.000000	0.000000	0.000000	0.000000	0.000000	0.000000	0	0.000000	0.000000
17	2026-09-25T05:29:40.66924545Z	17014	loop2	0.000000	0.000000	0.000000	0.000000	0.000000	0.000000	0.000000	0.000000	0.000000	0.000000	0.000000	0.000000	0.000000	0.000000	0.000000	0.000000	0.000000	0	0.000000	0.000000
17	2026-09-25T05:29:40.66924545Z	17014	loop3	0.000000	0.000000	0.000000	0.000000	0.000000	0.000000	0.000000	0.000000	0.000000	0.000000	0.000000	0.000000	0.000000	0.000000	0.000000	0.000000	0.000000	0	0.000000	0.000000
17	2026-09-25T05:29:40.66924545Z	17014	loop4	0.000000	0.000000	0.000000	0.000000	0.000000	0.000000	0.000000	0.000000	0.000000	0.000000	0.000000	0.000000	0.000000	0.000000	0.000000	0.000000	0.000000	0	0.000000	0.000000
17	2026-09-25T05:29:40.66924545Z	17014	loop5	0.000000	0.000000	0.000000	0.000000	0.000000	0.000000	0.000000	0.000000	0.000000	0.000000	0.000000	0.000000	0.000000	0.000000	0.000000	0.000000	0.000000	0	0.000000	0.000000
17	2026-09-25T05:29:40.66924545Z	17014	loop6	0.000000	0.000000	0.000000	0.000000	0.000000	0.000000	0.000000	0.000000	0.000000	0.000000	0.000000	0.000000	0.000000	0.000000	0.000000	0.000000	0.000000	0	0.000000	0.000000
17	2026-09-25T05:29:40.66924545Z	17014	loop7	0.000000	0.000000	0.000000	0.000000	0.000000	0.000000	0.000000	0.000000	0.000000	0.000000	0.000000	0.000000	0.000000	0.000000	0.000000	0.000000	0.000000	0	0.000000	0.000000
17	2026-09-25T05:29:40.66924545Z	17014	nvme0n1	64.033255	1033.536752	0.000000	0.000000	0.000000	246.127823	0.000000	16785933.522786	44981056.236841	0.000000	1.406250	1.212004	0.000000	0.000000	262144.000000	43521.486931	0.000000	0	49.625772	1.342697
18	2026-09-25T05:29:41.669662895Z	18014	loop0	0.000000	0.000000	0.000000	0.000000	0.000000	0.000000	0.000000	0.000000	0.000000	0.000000	0.000000	0.000000	0.000000	0.000000	0.000000	0.000000	0.000000	0	0.000000	0.000000
18	2026-09-25T05:29:41.669662895Z	18014	loop1	0.000000	0.000000	0.000000	0.000000	0.000000	0.000000	0.000000	0.000000	0.000000	0.000000	0.000000	0.000000	0.000000	0.000000	0.000000	0.000000	0.000000	0	0.000000	0.000000
18	2026-09-25T05:29:41.669662895Z	18014	loop2	0.000000	0.000000	0.000000	0.000000	0.000000	0.000000	0.000000	0.000000	0.000000	0.000000	0.000000	0.000000	0.000000	0.000000	0.000000	0.000000	0.000000	0	0.000000	0.000000
18	2026-09-25T05:29:41.669662895Z	18014	loop3	0.000000	0.000000	0.000000	0.000000	0.000000	0.000000	0.000000	0.000000	0.000000	0.000000	0.000000	0.000000	0.000000	0.000000	0.000000	0.000000	0.000000	0	0.000000	0.000000
18	2026-09-25T05:29:41.669662895Z	18014	loop4	0.000000	0.000000	0.000000	0.000000	0.000000	0.000000	0.000000	0.000000	0.000000	0.000000	0.000000	0.000000	0.000000	0.000000	0.000000	0.000000	0.000000	0	0.000000	0.000000
18	2026-09-25T05:29:41.669662895Z	18014	loop5	0.000000	0.000000	0.000000	0.000000	0.000000	0.000000	0.000000	0.000000	0.000000	0.000000	0.000000	0.000000	0.000000	0.000000	0.000000	0.000000	0.000000	0	0.000000	0.000000
18	2026-09-25T05:29:41.669662895Z	18014	loop6	0.000000	0.000000	0.000000	0.000000	0.000000	0.000000	0.000000	0.000000	0.000000	0.000000	0.000000	0.000000	0.000000	0.000000	0.000000	0.000000	0.000000	0	0.000000	0.000000
18	2026-09-25T05:29:41.669662895Z	18014	loop7	0.000000	0.000000	0.000000	0.000000	0.000000	0.000000	0.000000	0.000000	0.000000	0.000000	0.000000	0.000000	0.000000	0.000000	0.000000	0.000000	0.000000	0	0.000000	0.000000
18	2026-09-25T05:29:41.669662895Z	18014	nvme0n1	0.000000	1428.403613	0.000000	0.000000	0.000000	293.877300	0.000000	0.000000	51063991.762159	0.000000	0.000000	1.135759	0.000000	0.000000	0.000000	35748.993702	0.000000	0	51.978298	1.622323
19	2026-09-25T05:29:42.669234529Z	19014	loop0	0.000000	0.000000	0.000000	0.000000	0.000000	0.000000	0.000000	0.000000	0.000000	0.000000	0.000000	0.000000	0.000000	0.000000	0.000000	0.000000	0.000000	0	0.000000	0.000000
19	2026-09-25T05:29:42.669234529Z	19014	loop1	0.000000	0.000000	0.000000	0.000000	0.000000	0.000000	0.000000	0.000000	0.000000	0.000000	0.000000	0.000000	0.000000	0.000000	0.000000	0.000000	0.000000	0	0.000000	0.000000
19	2026-09-25T05:29:42.669234529Z	19014	loop2	0.000000	0.000000	0.000000	0.000000	0.000000	0.000000	0.000000	0.000000	0.000000	0.000000	0.000000	0.000000	0.000000	0.000000	0.000000	0.000000	0.000000	0	0.000000	0.000000
19	2026-09-25T05:29:42.669234529Z	19014	loop3	0.000000	0.000000	0.000000	0.000000	0.000000	0.000000	0.000000	0.000000	0.000000	0.000000	0.000000	0.000000	0.000000	0.000000	0.000000	0.000000	0.000000	0	0.000000	0.000000
19	2026-09-25T05:29:42.669234529Z	19014	loop4	0.000000	0.000000	0.000000	0.000000	0.000000	0.000000	0.000000	0.000000	0.000000	0.000000	0.000000	0.000000	0.000000	0.000000	0.000000	0.000000	0.000000	0	0.000000	0.000000
19	2026-09-25T05:29:42.669234529Z	19014	loop5	0.000000	0.000000	0.000000	0.000000	0.000000	0.000000	0.000000	0.000000	0.000000	0.000000	0.000000	0.000000	0.000000	0.000000	0.000000	0.000000	0.000000	0	0.000000	0.000000
19	2026-09-25T05:29:42.669234529Z	19014	loop6	0.000000	0.000000	0.000000	0.000000	0.000000	0.000000	0.000000	0.000000	0.000000	0.000000	0.000000	0.000000	0.000000	0.000000	0.000000	0.000000	0.000000	0	0.000000	0.000000
19	2026-09-25T05:29:42.669234529Z	19014	loop7	0.000000	0.000000	0.000000	0.000000	0.000000	0.000000	0.000000	0.000000	0.000000	0.000000	0.000000	0.000000	0.000000	0.000000	0.000000	0.000000	0.000000	0	0.000000	0.000000
19	2026-09-25T05:29:42.669234529Z	19014	nvme0n1	0.000000	1854.794678	0.000000	0.000000	0.000000	388.166308	0.000000	0.000000	65416571.402935	0.000000	0.000000	1.130529	0.000000	0.000000	0.000000	35268.901834	0.000000	0	62.026575	2.096898
20	2026-09-25T05:29:43.669661027Z	20014	loop0	0.000000	0.000000	0.000000	0.000000	0.000000	0.000000	0.000000	0.000000	0.000000	0.000000	0.000000	0.000000	0.000000	0.000000	0.000000	0.000000	0.000000	0	0.000000	0.000000
20	2026-09-25T05:29:43.669661027Z	20014	loop1	0.000000	0.000000	0.000000	0.000000	0.000000	0.000000	0.000000	0.000000	0.000000	0.000000	0.000000	0.000000	0.000000	0.000000	0.000000	0.000000	0.000000	0	0.000000	0.000000
20	2026-09-25T05:29:43.669661027Z	20014	loop2	0.000000	0.000000	0.000000	0.000000	0.000000	0.000000	0.000000	0.000000	0.000000	0.000000	0.000000	0.000000	0.000000	0.000000	0.000000	0.000000	0.000000	0	0.000000	0.000000
20	2026-09-25T05:29:43.669661027Z	20014	loop3	0.000000	0.000000	0.000000	0.000000	0.000000	0.000000	0.000000	0.000000	0.000000	0.000000	0.000000	0.000000	0.000000	0.000000	0.000000	0.000000	0.000000	0	0.000000	0.000000
20	2026-09-25T05:29:43.669661027Z	20014	loop4	0.000000	0.000000	0.000000	0.000000	0.000000	0.000000	0.000000	0.000000	0.000000	0.000000	0.000000	0.000000	0.000000	0.000000	0.000000	0.000000	0.000000	0	0.000000	0.000000
20	2026-09-25T05:29:43.669661027Z	20014	loop5	0.000000	0.000000	0.000000	0.000000	0.000000	0.000000	0.000000	0.000000	0.000000	0.000000	0.000000	0.000000	0.000000	0.000000	0.000000	0.000000	0.000000	0	0.000000	0.000000
20	2026-09-25T05:29:43.669661027Z	20014	loop6	0.000000	0.000000	0.000000	0.000000	0.000000	0.000000	0.000000	0.000000	0.000000	0.000000	0.000000	0.000000	0.000000	0.000000	0.000000	0.000000	0.000000	0	0.000000	0.000000
20	2026-09-25T05:29:43.669661027Z	20014	loop7	0.000000	0.000000	0.000000	0.000000	0.000000	0.000000	0.000000	0.000000	0.000000	0.000000	0.000000	0.000000	0.000000	0.000000	0.000000	0.000000	0.000000	0	0.000000	0.000000
20	2026-09-25T05:29:43.669661027Z	20014	nvme0n1	0.000000	1746.255224	0.000000	0.000000	0.000000	873.627399	0.000000	0.000000	58805767.399010	0.000000	0.000000	1.124213	0.000000	0.000000	0.000000	33675.356611	0.000000	1	60.774080	1.963163
21	2026-09-25T05:29:44.669669823Z	21014	loop0	0.000000	0.000000	0.000000	0.000000	0.000000	0.000000	0.000000	0.000000	0.000000	0.000000	0.000000	0.000000	0.000000	0.000000	0.000000	0.000000	0.000000	0	0.000000	0.000000
21	2026-09-25T05:29:44.669669823Z	21014	loop1	0.000000	0.000000	0.000000	0.000000	0.000000	0.000000	0.000000	0.000000	0.000000	0.000000	0.000000	0.000000	0.000000	0.000000	0.000000	0.000000	0.000000	0	0.000000	0.000000
21	2026-09-25T05:29:44.669669823Z	21014	loop2	0.000000	0.000000	0.000000	0.000000	0.000000	0.000000	0.000000	0.000000	0.000000	0.000000	0.000000	0.000000	0.000000	0.000000	0.000000	0.000000	0.000000	0	0.000000	0.000000
21	2026-09-25T05:29:44.669669823Z	21014	loop3	0.000000	0.000000	0.000000	0.000000	0.000000	0.000000	0.000000	0.000000	0.000000	0.000000	0.000000	0.000000	0.000000	0.000000	0.000000	0.000000	0.000000	0	0.000000	0.000000
21	2026-09-25T05:29:44.669669823Z	21014	loop4	0.000000	0.000000	0.000000	0.000000	0.000000	0.000000	0.000000	0.000000	0.000000	0.000000	0.000000	0.000000	0.000000	0.000000	0.000000	0.000000	0.000000	0	0.000000	0.000000
21	2026-09-25T05:29:44.669669823Z	21014	loop5	0.000000	0.000000	0.000000	0.000000	0.000000	0.000000	0.000000	0.000000	0.000000	0.000000	0.000000	0.000000	0.000000	0.000000	0.000000	0.000000	0.000000	0	0.000000	0.000000
21	2026-09-25T05:29:44.669669823Z	21014	loop6	0.000000	0.000000	0.000000	0.000000	0.000000	0.000000	0.000000	0.000000	0.000000	0.000000	0.000000	0.000000	0.000000	0.000000	0.000000	0.000000	0.000000	0	0.000000	0.000000
21	2026-09-25T05:29:44.669669823Z	21014	loop7	0.000000	0.000000	0.000000	0.000000	0.000000	0.000000	0.000000	0.000000	0.000000	0.000000	0.000000	0.000000	0.000000	0.000000	0.000000	0.000000	0.000000	0	0.000000	0.000000
21	2026-09-25T05:29:44.669669823Z	21014	nvme0n1	64.999428	1055.990713	0.000000	0.000000	0.000000	577.994917	0.000000	16904043.328939	53878310.140262	0.000000	1.415385	1.265152	0.000000	0.000000	260064.492308	51021.575758	0.000000	0	52.399539	1.427987
22	2026-09-25T05:29:45.669233985Z	22014	loop0	0.000000	0.000000	0.000000	0.000000	0.000000	0.000000	0.000000	0.000000	0.000000	0.000000	0.000000	0.000000	0.000000	0.000000	0.000000	0.000000	0.000000	0	0.000000	0.000000
22	2026-09-25T05:29:45.669233985Z	22014	loop1	0.000000	0.000000	0.000000	0.000000	0.000000	0.000000	0.000000	0.000000	0.000000	0.000000	0.000000	0.000000	0.000000	0.000000	0.000000	0.000000	0.000000	0	0.000000	0.000000
22	2026-09-25T05:29:45.669233985Z	22014	loop2	0.000000	0.000000	0.000000	0.000000	0.000000	0.000000	0.000000	0.000000	0.000000	0.000000	0.000000	0.000000	0.000000	0.000000	0.000000	0.000000	0.000000	0	0.000000	0.000000
22	2026-09-25T05:29:45.669233985Z	22014	loop3	0.000000	0.000000	0.000000	0.000000	0.000000	0.000000	0.000000	0.000000	0.000000	0.000000	0.000000	0.000000	0.000000	0.000000	0.000000	0.000000	0.000000	0	0.000000	0.000000
22	2026-09-25T05:29:45.669233985Z	22014	loop4	0.000000	0.000000	0.000000	0.000000	0.000000	0.000000	0.000000	0.000000	0.000000	0.000000	0.000000	0.000000	0.000000	0.000000	0.000000	0.000000	0.000000	0	0.000000	0.000000
22	2026-09-25T05:29:45.669233985Z	22014	loop5	0.000000	0.000000	0.000000	0.000000	0.000000	0.000000	0.000000	0.000000	0.000000	0.000000	0.000000	0.000000	0.000000	0.000000	0.000000	0.000000	0.000000	0	0.000000	0.000000
22	2026-09-25T05:29:45.669233985Z	22014	loop6	0.000000	0.000000	0.000000	0.000000	0.000000	0.000000	0.000000	0.000000	0.000000	0.000000	0.000000	0.000000	0.000000	0.000000	0.000000	0.000000	0.000000	0	0.000000	0.000000
22	2026-09-25T05:29:45.669233985Z	22014	loop7	0.000000	0.000000	0.000000	0.000000	0.000000	0.000000	0.000000	0.000000	0.000000	0.000000	0.000000	0.000000	0.000000	0.000000	0.000000	0.000000	0.000000	0	0.000000	0.000000
22	2026-09-25T05:29:45.669233985Z	22014	nvme0n1	2.000872	1091.475711	0.000000	0.000000	0.000000	278.121217	0.000000	8195.571974	48271918.929690	0.000000	1.000000	1.216315	0.000000	0.000000	4096.000000	44226.287809	0.000000	0	42.818662	1.328579
23	2026-09-25T05:29:46.669598816Z	23014	loop0	0.000000	0.000000	0.000000	0.000000	0.000000	0.000000	0.000000	0.000000	0.000000	0.000000	0.000000	0.000000	0.000000	0.000000	0.000000	0.000000	0.000000	0	0.000000	0.000000
23	2026-09-25T05:29:46.669598816Z	23014	loop1	0.000000	0.000000	0.000000	0.000000	0.000000	0.000000	0.000000	0.000000	0.000000	0.000000	0.000000	0.000000	0.000000	0.000000	0.000000	0.000000	0.000000	0	0.000000	0.000000
23	2026-09-25T05:29:46.669598816Z	23014	loop2	0.000000	0.000000	0.000000	0.000000	0.000000	0.000000	0.000000	0.000000	0.000000	0.000000	0.000000	0.000000	0.000000	0.000000	0.000000	0.000000	0.000000	0	0.000000	0.000000
23	2026-09-25T05:29:46.669598816Z	23014	loop3	0.000000	0.000000	0.000000	0.000000	0.000000	0.000000	0.000000	0.000000	0.000000	0.000000	0.000000	0.000000	0.000000	0.000000	0.000000	0.000000	0.000000	0	0.000000	0.000000
23	2026-09-25T05:29:46.669598816Z	23014	loop4	0.000000	0.000000	0.000000	0.000000	0.000000	0.000000	0.000000	0.000000	0.000000	0.000000	0.000000	0.000000	0.000000	0.000000	0.000000	0.000000	0.000000	0	0.000000	0.000000
23	2026-09-25T05:29:46.669598816Z	23014	loop5	0.000000	0.000000	0.000000	0.000000	0.000000	0.000000	0.000000	0.000000	0.000000	0.000000	0.000000	0.000000	0.000000	0.000000	0.000000	0.000000	0.000000	0	0.000000	0.000000
23	2026-09-25T05:29:46.669598816Z	23014	loop6	0.000000	0.000000	0.000000	0.000000	0.000000	0.000000	0.000000	0.000000	0.000000	0.000000	0.000000	0.000000	0.000000	0.000000	0.000000	0.000000	0.000000	0	0.000000	0.000000
23	2026-09-25T05:29:46.669598816Z	23014	loop7	0.000000	0.000000	0.000000	0.000000	0.000000	0.000000	0.000000	0.000000	0.000000	0.000000	0.000000	0.000000	0.000000	0.000000	0.000000	0.000000	0.000000	0	0.000000	0.000000
23	2026-09-25T05:29:46.669598816Z	23014	nvme0n1	1.999271	1628.405891	0.000000	0.000000	0.000000	899.671763	0.000000	8189.012313	66081234.856194	0.000000	0.500000	1.178637	0.000000	0.000000	4096.000000	40580.321670	0.000000	0	83.969365	1.921299
24	2026-09-25T05:29:47.668960069Z	24014	loop0	0.000000	0.000000	0.000000	0.000000	0.000000	0.000000	0.000000	0.000000	0.000000	0.000000	0.000000	0.000000	0.000000	0.000000	0.000000	0.000000	0.000000	0	0.000000	0.000000
24	2026-09-25T05:29:47.668960069Z	24014	loop1	0.000000	0.000000	0.000000	0.000000	0.000000	0.000000	0.000000	0.000000	0.000000	0.000000	0.000000	0.000000	0.000000	0.000000	0.000000	0.000000	0.000000	0	0.000000	0.000000
24	2026-09-25T05:29:47.668960069Z	24014	loop2	0.000000	0.000000	0.000000	0.000000	0.000000	0.000000	0.000000	0.000000	0.000000	0.000000	0.000000	0.000000	0.000000	0.000000	0.000000	0.000000	0.000000	0	0.000000	0.000000
24	2026-09-25T05:29:47.668960069Z	24014	loop3	0.000000	0.000000	0.000000	0.000000	0.000000	0.000000	0.000000	0.000000	0.000000	0.000000	0.000000	0.000000	0.000000	0.000000	0.000000	0.000000	0.000000	0	0.000000	0.000000
24	2026-09-25T05:29:47.668960069Z	24014	loop4	0.000000	0.000000	0.000000	0.000000	0.000000	0.000000	0.000000	0.000000	0.000000	0.000000	0.000000	0.000000	0.000000	0.000000	0.000000	0.000000	0.000000	0	0.000000	0.000000
24	2026-09-25T05:29:47.668960069Z	24014	loop5	0.000000	0.000000	0.000000	0.000000	0.000000	0.000000	0.000000	0.000000	0.000000	0.000000	0.000000	0.000000	0.000000	0.000000	0.000000	0.000000	0.000000	0	0.000000	0.000000
24	2026-09-25T05:29:47.668960069Z	24014	loop6	0.000000	0.000000	0.000000	0.000000	0.000000	0.000000	0.000000	0.000000	0.000000	0.000000	0.000000	0.000000	0.000000	0.000000	0.000000	0.000000	0.000000	0	0.000000	0.000000
24	2026-09-25T05:29:47.668960069Z	24014	loop7	0.000000	0.000000	0.000000	0.000000	0.000000	0.000000	0.000000	0.000000	0.000000	0.000000	0.000000	0.000000	0.000000	0.000000	0.000000	0.000000	0.000000	0	0.000000	0.000000
24	2026-09-25T05:29:47.668960069Z	24014	nvme0n1	3.001917	1347.860945	0.000000	0.000000	0.000000	356.227540	0.000000	36887.561893	56097784.403690	0.000000	0.666667	1.187825	0.000000	0.000000	12288.000000	41619.860431	0.000000	0	46.429657	1.603024
25	2026-09-25T05:29:48.669282645Z	25014	loop0	0.000000	0.000000	0.000000	0.000000	0.000000	0.000000	0.000000	0.000000	0.000000	0.000000	0.000000	0.000000	0.000000	0.000000	0.000000	0.000000	0.000000	0	0.000000	0.000000
25	2026-09-25T05:29:48.669282645Z	25014	loop1	0.000000	0.000000	0.000000	0.000000	0.000000	0.000000	0.000000	0.000000	0.000000	0.000000	0.000000	0.000000	0.000000	0.000000	0.000000	0.000000	0.000000	0	0.000000	0.000000
25	2026-09-25T05:29:48.669282645Z	25014	loop2	0.000000	0.000000	0.000000	0.000000	0.000000	0.000000	0.000000	0.000000	0.000000	0.000000	0.000000	0.000000	0.000000	0.000000	0.000000	0.000000	0.000000	0	0.000000	0.000000
25	2026-09-25T05:29:48.669282645Z	25014	loop3	0.000000	0.000000	0.000000	0.000000	0.000000	0.000000	0.000000	0.000000	0.000000	0.000000	0.000000	0.000000	0.000000	0.000000	0.000000	0.000000	0.000000	0	0.000000	0.000000
25	2026-09-25T05:29:48.669282645Z	25014	loop4	0.000000	0.000000	0.000000	0.000000	0.000000	0.000000	0.000000	0.000000	0.000000	0.000000	0.000000	0.000000	0.000000	0.000000	0.000000	0.000000	0.000000	0	0.000000	0.000000
25	2026-09-25T05:29:48.669282645Z	25014	loop5	0.000000	0.000000	0.000000	0.000000	0.000000	0.000000	0.000000	0.000000	0.000000	0.000000	0.000000	0.000000	0.000000	0.000000	0.000000	0.000000	0.000000	0	0.000000	0.000000
25	2026-09-25T05:29:48.669282645Z	25014	loop6	0.000000	0.000000	0.000000	0.000000	0.000000	0.000000	0.000000	0.000000	0.000000	0.000000	0.000000	0.000000	0.000000	0.000000	0.000000	0.000000	0.000000	0	0.000000	0.000000
25	2026-09-25T05:29:48.669282645Z	25014	loop7	0.000000	0.000000	0.000000	0.000000	0.000000	0.000000	0.000000	0.000000	0.000000	0.000000	0.000000	0.000000	0.000000	0.000000	0.000000	0.000000	0.000000	0	0.000000	0.000000
25	2026-09-25T05:29:48.669282645Z	25014	nvme0n1	38.987424	1023.669791	0.000000	0.000000	0.000000	227.926477	0.000000	9270353.624950	48141142.918964	0.000000	1.358974	1.233398	0.000000	0.000000	237778.051282	47028.000000	0.000000	0	36.788133	1.315576
26	2026-09-25T05:29:49.668986912Z	26014	loop0	0.000000	0.000000	0.000000	0.000000	0.000000	0.000000	0.000000	0.000000	0.000000	0.000000	0.000000	0.000000	0.000000	0.000000	0.000000	0.000000	0.000000	0	0.000000	0.000000
26	2026-09-25T05:29:49.668986912Z	26014	loop1	0.000000	0.000000	0.000000	0.000000	0.000000	0.000000	0.000000	0.000000	0.000000	0.000000	0.000000	0.000000	0.000000	0.000000	0.000000	0.000000	0.000000	0	0.000000	0.000000
26	2026-09-25T05:29:49.668986912Z	26014	loop2	0.000000	0.000000	0.000000	0.000000	0.000000	0.000000	0.000000	0.000000	0.000000	0.000000	0.000000	0.000000	0.000000	0.000000	0.000000	0.000000	0.000000	0	0.000000	0.000000
26	2026-09-25T05:29:49.668986912Z	26014	loop3	0.000000	0.000000	0.000000	0.000000	0.000000	0.000000	0.000000	0.000000	0.000000	0.000000	0.000000	0.000000	0.000000	0.000000	0.000000	0.000000	0.000000	0	0.000000	0.000000
26	2026-09-25T05:29:49.668986912Z	26014	loop4	0.000000	0.000000	0.000000	0.000000	0.000000	0.000000	0.000000	0.000000	0.000000	0.000000	0.000000	0.000000	0.000000	0.000000	0.000000	0.000000	0.000000	0	0.000000	0.000000
26	2026-09-25T05:29:49.668986912Z	26014	loop5	0.000000	0.000000	0.000000	0.000000	0.000000	0.000000	0.000000	0.000000	0.000000	0.000000	0.000000	0.000000	0.000000	0.000000	0.000000	0.000000	0.000000	0	0.000000	0.000000
26	2026-09-25T05:29:49.668986912Z	26014	loop6	0.000000	0.000000	0.000000	0.000000	0.000000	0.000000	0.000000	0.000000	0.000000	0.000000	0.000000	0.000000	0.000000	0.000000	0.000000	0.000000	0.000000	0	0.000000	0.000000
26	2026-09-25T05:29:49.668986912Z	26014	loop7	0.000000	0.000000	0.000000	0.000000	0.000000	0.000000	0.000000	0.000000	0.000000	0.000000	0.000000	0.000000	0.000000	0.000000	0.000000	0.000000	0.000000	0	0.000000	0.000000
26	2026-09-25T05:29:49.668986912Z	26014	nvme0n1	2.000592	1661.491353	0.000000	0.000000	0.000000	542.160333	0.000000	32777.693347	65227609.761035	0.000000	0.500000	1.164359	0.000000	0.000000	16384.000000	39258.470801	0.000000	0	59.617631	1.934572
27	2026-09-25T05:29:50.669203591Z	27014	loop0	0.000000	0.000000	0.000000	0.000000	0.000000	0.000000	0.000000	0.000000	0.000000	0.000000	0.000000	0.000000	0.000000	0.000000	0.000000	0.000000	0.000000	0	0.000000	0.000000
27	2026-09-25T05:29:50.669203591Z	27014	loop1	0.000000	0.000000	0.000000	0.000000	0.000000	0.000000	0.000000	0.000000	0.000000	0.000000	0.000000	0.000000	0.000000	0.000000	0.000000	0.000000	0.000000	0	0.000000	0.000000
27	2026-09-25T05:29:50.669203591Z	27014	loop2	0.000000	0.000000	0.000000	0.000000	0.000000	0.000000	0.000000	0.000000	0.000000	0.000000	0.000000	0.000000	0.000000	0.000000	0.000000	0.000000	0.000000	0	0.000000	0.000000
27	2026-09-25T05:29:50.669203591Z	27014	loop3	0.000000	0.000000	0.000000	0.000000	0.000000	0.000000	0.000000	0.000000	0.000000	0.000000	0.000000	0.000000	0.000000	0.000000	0.000000	0.000000	0.000000	0	0.000000	0.000000
27	2026-09-25T05:29:50.669203591Z	27014	loop4	0.000000	0.000000	0.000000	0.000000	0.000000	0.000000	0.000000	0.000000	0.000000	0.000000	0.000000	0.000000	0.000000	0.000000	0.000000	0.000000	0.000000	0	0.000000	0.000000
27	2026-09-25T05:29:50.669203591Z	27014	loop5	0.000000	0.000000	0.000000	0.000000	0.000000	0.000000	0.000000	0.000000	0.000000	0.000000	0.000000	0.000000	0.000000	0.000000	0.000000	0.000000	0.000000	0	0.000000	0.000000
27	2026-09-25T05:29:50.669203591Z	27014	loop6	0.000000	0.000000	0.000000	0.000000	0.000000	0.000000	0.000000	0.000000	0.000000	0.000000	0.000000	0.000000	0.000000	0.000000	0.000000	0.000000	0.000000	0	0.000000	0.000000
27	2026-09-25T05:29:50.669203591Z	27014	loop7	0.000000	0.000000	0.000000	0.000000	0.000000	0.000000	0.000000	0.000000	0.000000	0.000000	0.000000	0.000000	0.000000	0.000000	0.000000	0.000000	0.000000	0	0.000000	0.000000
27	2026-09-25T05:29:50.669203591Z	27014	nvme0n1	89.980503	1442.687403	0.000000	0.000000	0.000000	319.930678	0.000000	20622987.472943	60058922.612825	0.000000	1.311111	1.197505	0.000000	0.000000	229193.955556	41629.893278	0.000000	0	49.189342	1.846600
28	2026-09-25T05:29:51.669671575Z	28014	loop0	0.000000	0.000000	0.000000	0.000000	0.000000	0.000000	0.000000	0.000000	0.000000	0.000000	0.000000	0.000000	0.000000	0.000000	0.000000	0.000000	0.000000	0	0.000000	0.000000
28	2026-09-25T05:29:51.669671575Z	28014	loop1	0.000000	0.000000	0.000000	0.000000	0.000000	0.000000	0.000000	0.000000	0.000000	0.000000	0.000000	0.000000	0.000000	0.000000	0.000000	0.000000	0.000000	0	0.000000	0.000000
28	2026-09-25T05:29:51.669671575Z	28014	loop2	0.000000	0.000000	0.000000	0.000000	0.000000	0.000000	0.000000	0.000000	0.000000	0.000000	0.000000	0.000000	0.000000	0.000000	0.000000	0.000000	0.000000	0	0.000000	0.000000
28	2026-09-25T05:29:51.669671575Z	28014	loop3	0.000000	0.000000	0.000000	0.000000	0.000000	0.000000	0.000000	0.000000	0.000000	0.000000	0.000000	0.000000	0.000000	0.000000	0.000000	0.000000	0.000000	0	0.000000	0.000000
28	2026-09-25T05:29:51.669671575Z	28014	loop4	0.000000	0.000000	0.000000	0.000000	0.000000	0.000000	0.000000	0.000000	0.000000	0.000000	0.000000	0.000000	0.000000	0.000000	0.000000	0.000000	0.000000	0	0.000000	0.000000
28	2026-09-25T05:29:51.669671575Z	28014	loop5	0.000000	0.000000	0.000000	0.000000	0.000000	0.000000	0.000000	0.000000	0.000000	0.000000	0.000000	0.000000	0.000000	0.000000	0.000000	0.000000	0.000000	0	0.000000	0.000000
28	2026-09-25T05:29:51.669671575Z	28014	loop6	0.000000	0.000000	0.000000	0.000000	0.000000	0.000000	0.000000	0.000000	0.000000	0.000000	0.000000	0.000000	0.000000	0.000000	0.000000	0.000000	0.000000	0	0.000000	0.000000
28	2026-09-25T05:29:51.669671575Z	28014	loop7	0.000000	0.000000	0.000000	0.000000	0.000000	0.000000	0.000000	0.000000	0.000000	0.000000	0.000000	0.000000	0.000000	0.000000	0.000000	0.000000	0.000000	0	0.000000	0.000000
28	2026-09-25T05:29:51.669671575Z	28014	nvme0n1	0.000000	1466.313789	0.000000	0.000000	0.000000	404.810555	0.000000	0.000000	41988925.854523	0.000000	0.000000	1.075665	0.000000	0.000000	0.000000	28635.702795	0.000000	0	51.975676	1.577262
29	2026-09-25T05:29:52.669678252Z	29014	loop0	0.000000	0.000000	0.000000	0.000000	0.000000	0.000000	0.000000	0.000000	0.000000	0.000000	0.000000	0.000000	0.000000	0.000000	0.000000	0.000000	0.000000	0	0.000000	0.000000
29	2026-09-25T05:29:52.669678252Z	29014	loop1	0.000000	0.000000	0.000000	0.000000	0.000000	0.000000	0.000000	0.000000	0.000000	0.000000	0.000000	0.000000	0.000000	0.000000	0.000000	0.000000	0.000000	0	0.000000	0.000000
29	2026-09-25T05:29:52.669678252Z	29014	loop2	0.000000	0.000000	0.000000	0.000000	0.000000	0.000000	0.000000	0.000000	0.000000	0.000000	0.000000	0.000000	0.000000	0.000000	0.000000	0.000000	0.000000	0	0.000000	0.000000
29	2026-09-25T05:29:52.669678252Z	29014	loop3	0.000000	0.000000	0.000000	0.000000	0.000000	0.000000	0.000000	0.000000	0.000000	0.000000	0.000000	0.000000	0.000000	0.000000	0.000000	0.000000	0.000000	0	0.000000	0.000000
29	2026-09-25T05:29:52.669678252Z	29014	loop4	0.000000	0.000000	0.000000	0.000000	0.000000	0.000000	0.000000	0.000000	0.000000	0.000000	0.000000	0.000000	0.000000	0.000000	0.000000	0.000000	0.000000	0	0.000000	0.000000
29	2026-09-25T05:29:52.669678252Z	29014	loop5	0.000000	0.000000	0.000000	0.000000	0.000000	0.000000	0.000000	0.000000	0.000000	0.000000	0.000000	0.000000	0.000000	0.000000	0.000000	0.000000	0.000000	0	0.000000	0.000000
29	2026-09-25T05:29:52.669678252Z	29014	loop6	0.000000	0.000000	0.000000	0.000000	0.000000	0.000000	0.000000	0.000000	0.000000	0.000000	0.000000	0.000000	0.000000	0.000000	0.000000	0.000000	0.000000	0	0.000000	0.000000
29	2026-09-25T05:29:52.669678252Z	29014	loop7	0.000000	0.000000	0.000000	0.000000	0.000000	0.000000	0.000000	0.000000	0.000000	0.000000	0.000000	0.000000	0.000000	0.000000	0.000000	0.000000	0.000000	0	0.000000	0.000000
29	2026-09-25T05:29:52.669678252Z	29014	nvme0n1	0.000000	885.994088	0.000000	0.000000	0.000000	122.999179	0.000000	0.000000	22327147.010948	0.000000	0.000000	1.049661	0.000000	0.000000	0.000000	25200.108352	0.000000	0	21.199859	0.928994
30	2026-09-25T05:29:53.669668965Z	30014	loop0	0.000000	0.000000	0.000000	0.000000	0.000000	0.000000	0.000000	0.000000	0.000000	0.000000	0.000000	0.000000	0.000000	0.000000	0.000000	0.000000	0.000000	0	0.000000	0.000000
30	2026-09-25T05:29:53.669668965Z	30014	loop1	0.000000	0.000000	0.000000	0.000000	0.000000	0.000000	0.000000	0.000000	0.000000	0.000000	0.000000	0.000000	0.000000	0.000000	0.000000	0.000000	0.000000	0	0.000000	0.000000
30	2026-09-25T05:29:53.669668965Z	30014	loop2	0.000000	0.000000	0.000000	0.000000	0.000000	0.000000	0.000000	0.000000	0.000000	0.000000	0.000000	0.000000	0.000000	0.000000	0.000000	0.000000	0.000000	0	0.000000	0.000000
30	2026-09-25T05:29:53.669668965Z	30014	loop3	0.000000	0.000000	0.000000	0.000000	0.000000	0.000000	0.000000	0.000000	0.000000	0.000000	0.000000	0.000000	0.000000	0.000000	0.000000	0.000000	0.000000	0	0.000000	0.000000
30	2026-09-25T05:29:53.669668965Z	30014	loop4	0.000000	0.000000	0.000000	0.000000	0.000000	0.000000	0.000000	0.000000	0.000000	0.000000	0.000000	0.000000	0.000000	0.000000	0.000000	0.000000	0.000000	0	0.000000	0.000000
30	2026-09-25T05:29:53.669668965Z	30014	loop5	0.000000	0.000000	0.000000	0.000000	0.000000	0.000000	0.000000	0.000000	0.000000	0.000000	0.000000	0.000000	0.000000	0.000000	0.000000	0.000000	0.000000	0	0.000000	0.000000
30	2026-09-25T05:29:53.669668965Z	30014	loop6	0.000000	0.000000	0.000000	0.000000	0.000000	0.000000	0.000000	0.000000	0.000000	0.000000	0.000000	0.000000	0.000000	0.000000	0.000000	0.000000	0.000000	0	0.000000	0.000000
30	2026-09-25T05:29:53.669668965Z	30014	loop7	0.000000	0.000000	0.000000	0.000000	0.000000	0.000000	0.000000	0.000000	0.000000	0.000000	0.000000	0.000000	0.000000	0.000000	0.000000	0.000000	0.000000	0	0.000000	0.000000
30	2026-09-25T05:29:53.669668965Z	30014	nvme0n1	0.000000	405.003761	0.000000	0.000000	0.000000	55.000511	0.000000	0.000000	9560152.785139	0.000000	0.000000	1.034568	0.000000	0.000000	0.000000	23605.096296	0.000000	0	10.000093	0.419004
31	2026-09-25T05:29:54.668924471Z	31014	loop0	0.000000	0.000000	0.000000	0.000000	0.000000	0.000000	0.000000	0.000000	0.000000	0.000000	0.000000	0.000000	0.000000	0.000000	0.000000	0.000000	0.000000	0	0.000000	0.000000
31	2026-09-25T05:29:54.668924471Z	31014	loop1	0.000000	0.000000	0.000000	0.000000	0.000000	0.000000	0.000000	0.000000	0.000000	0.000000	0.000000	0.000000	0.000000	0.000000	0.000000	0.000000	0.000000	0	0.000000	0.000000
31	2026-09-25T05:29:54.668924471Z	31014	loop2	0.000000	0.000000	0.000000	0.000000	0.000000	0.000000	0.000000	0.000000	0.000000	0.000000	0.000000	0.000000	0.000000	0.000000	0.000000	0.000000	0.000000	0	0.000000	0.000000
31	2026-09-25T05:29:54.668924471Z	31014	loop3	0.000000	0.000000	0.000000	0.000000	0.000000	0.000000	0.000000	0.000000	0.000000	0.000000	0.000000	0.000000	0.000000	0.000000	0.000000	0.000000	0.000000	0	0.000000	0.000000
31	2026-09-25T05:29:54.668924471Z	31014	loop4	0.000000	0.000000	0.000000	0.000000	0.000000	0.000000	0.000000	0.000000	0.000000	0.000000	0.000000	0.000000	0.000000	0.000000	0.000000	0.000000	0.000000	0	0.000000	0.000000
31	2026-09-25T05:29:54.668924471Z	31014	loop5	0.000000	0.000000	0.000000	0.000000	0.000000	0.000000	0.000000	0.000000	0.000000	0.000000	0.000000	0.000000	0.000000	0.000000	0.000000	0.000000	0.000000	0	0.000000	0.000000
31	2026-09-25T05:29:54.668924471Z	31014	loop6	0.000000	0.000000	0.000000	0.000000	0.000000	0.000000	0.000000	0.000000	0.000000	0.000000	0.000000	0.000000	0.000000	0.000000	0.000000	0.000000	0.000000	0	0.000000	0.000000
31	2026-09-25T05:29:54.668924471Z	31014	loop7	0.000000	0.000000	0.000000	0.000000	0.000000	0.000000	0.000000	0.000000	0.000000	0.000000	0.000000	0.000000	0.000000	0.000000	0.000000	0.000000	0.000000	0	0.000000	0.000000
31	2026-09-25T05:29:54.668924471Z	31014	nvme0n1	0.000000	418.311428	0.000000	0.000000	0.000000	81.060348	0.000000	0.000000	11862655.604746	0.000000	0.000000	1.078947	0.000000	0.000000	0.000000	28358.430622	0.000000	0	18.413709	0.451336
32	2026-09-25T05:29:55.671087067Z	32016	loop0	0.000000	0.000000	0.000000	0.000000	0.000000	0.000000	0.000000	0.000000	0.000000	0.000000	0.000000	0.000000	0.000000	0.000000	0.000000	0.000000	0.000000	0	0.000000	0.000000
32	2026-09-25T05:29:55.671087067Z	32016	loop1	0.000000	0.000000	0.000000	0.000000	0.000000	0.000000	0.000000	0.000000	0.000000	0.000000	0.000000	0.000000	0.000000	0.000000	0.000000	0.000000	0.000000	0	0.000000	0.000000
32	2026-09-25T05:29:55.671087067Z	32016	loop2	0.000000	0.000000	0.000000	0.000000	0.000000	0.000000	0.000000	0.000000	0.000000	0.000000	0.000000	0.000000	0.000000	0.000000	0.000000	0.000000	0.000000	0	0.000000	0.000000
32	2026-09-25T05:29:55.671087067Z	32016	loop3	0.000000	0.000000	0.000000	0.000000	0.000000	0.000000	0.000000	0.000000	0.000000	0.000000	0.000000	0.000000	0.000000	0.000000	0.000000	0.000000	0.000000	0	0.000000	0.000000
32	2026-09-25T05:29:55.671087067Z	32016	loop4	0.000000	0.000000	0.000000	0.000000	0.000000	0.000000	0.000000	0.000000	0.000000	0.000000	0.000000	0.000000	0.000000	0.000000	0.000000	0.000000	0.000000	0	0.000000	0.000000
32	2026-09-25T05:29:55.671087067Z	32016	loop5	0.000000	0.000000	0.000000	0.000000	0.000000	0.000000	0.000000	0.000000	0.000000	0.000000	0.000000	0.000000	0.000000	0.000000	0.000000	0.000000	0.000000	0	0.000000	0.000000
32	2026-09-25T05:29:55.671087067Z	32016	loop6	0.000000	0.000000	0.000000	0.000000	0.000000	0.000000	0.000000	0.000000	0.000000	0.000000	0.000000	0.000000	0.000000	0.000000	0.000000	0.000000	0.000000	0	0.000000	0.000000
32	2026-09-25T05:29:55.671087067Z	32016	loop7	0.000000	0.000000	0.000000	0.000000	0.000000	0.000000	0.000000	0.000000	0.000000	0.000000	0.000000	0.000000	0.000000	0.000000	0.000000	0.000000	0.000000	0	0.000000	0.000000
32	2026-09-25T05:29:55.671087067Z	32016	nvme0n1	0.000000	408.117375	0.000000	0.000000	0.000000	103.775567	0.000000	0.000000	11709715.702303	0.000000	0.000000	1.092910	0.000000	0.000000	0.000000	28692.029340	0.000000	0	17.562019	0.446035
33	2026-09-25T05:29:56.668966113Z	33014	loop0	0.000000	0.000000	0.000000	0.000000	0.000000	0.000000	0.000000	0.000000	0.000000	0.000000	0.000000	0.000000	0.000000	0.000000	0.000000	0.000000	0.000000	0	0.000000	0.000000
33	2026-09-25T05:29:56.668966113Z	33014	loop1	0.000000	0.000000	0.000000	0.000000	0.000000	0.000000	0.000000	0.000000	0.000000	0.000000	0.000000	0.000000	0.000000	0.000000	0.000000	0.000000	0.000000	0	0.000000	0.000000
33	2026-09-25T05:29:56.668966113Z	33014	loop2	0.000000	0.000000	0.000000	0.000000	0.000000	0.000000	0.000000	0.000000	0.000000	0.000000	0.000000	0.000000	0.000000	0.000000	0.000000	0.000000	0.000000	0	0.000000	0.000000
33	2026-09-25T05:29:56.668966113Z	33014	loop3	0.000000	0.000000	0.000000	0.000000	0.000000	0.000000	0.000000	0.000000	0.000000	0.000000	0.000000	0.000000	0.000000	0.000000	0.000000	0.000000	0.000000	0	0.000000	0.000000
33	2026-09-25T05:29:56.668966113Z	33014	loop4	0.000000	0.000000	0.000000	0.000000	0.000000	0.000000	0.000000	0.000000	0.000000	0.000000	0.000000	0.000000	0.000000	0.000000	0.000000	0.000000	0.000000	0	0.000000	0.000000
33	2026-09-25T05:29:56.668966113Z	33014	loop5	0.000000	0.000000	0.000000	0.000000	0.000000	0.000000	0.000000	0.000000	0.000000	0.000000	0.000000	0.000000	0.000000	0.000000	0.000000	0.000000	0.000000	0	0.000000	0.000000
33	2026-09-25T05:29:56.668966113Z	33014	loop6	0.000000	0.000000	0.000000	0.000000	0.000000	0.000000	0.000000	0.000000	0.000000	0.000000	0.000000	0.000000	0.000000	0.000000	0.000000	0.000000	0.000000	0	0.000000	0.000000
33	2026-09-25T05:29:56.668966113Z	33014	loop7	0.000000	0.000000	0.000000	0.000000	0.000000	0.000000	0.000000	0.000000	0.000000	0.000000	0.000000	0.000000	0.000000	0.000000	0.000000	0.000000	0.000000	0	0.000000	0.000000
33	2026-09-25T05:29:56.668966113Z	33014	nvme0n1	4.008502	333.707786	0.000000	0.000000	0.000000	69.146658	0.000000	49256.471795	7166816.646103	0.000000	0.750000	1.018018	0.000000	0.000000	12288.000000	21476.324324	0.000000	0	16.434858	0.342727
34	2026-09-25T05:29:57.66897155Z	34014	loop0	0.000000	0.000000	0.000000	0.000000	0.000000	0.000000	0.000000	0.000000	0.000000	0.000000	0.000000	0.000000	0.000000	0.000000	0.000000	0.000000	0.000000	0	0.000000	0.000000
34	2026-09-25T05:29:57.66897155Z	34014	loop1	0.000000	0.000000	0.000000	0.000000	0.000000	0.000000	0.000000	0.000000	0.000000	0.000000	0.000000	0.000000	0.000000	0.000000	0.000000	0.000000	0.000000	0	0.000000	0.000000
34	2026-09-25T05:29:57.66897155Z	34014	loop2	0.000000	0.000000	0.000000	0.000000	0.000000	0.000000	0.000000	0.000000	0.000000	0.000000	0.000000	0.000000	0.000000	0.000000	0.000000	0.000000	0.000000	0	0.000000	0.000000
34	2026-09-25T05:29:57.66897155Z	34014	loop3	0.000000	0.000000	0.000000	0.000000	0.000000	0.000000	0.000000	0.000000	0.000000	0.000000	0.000000	0.000000	0.000000	0.000000	0.000000	0.000000	0.000000	0	0.000000	0.000000
34	2026-09-25T05:29:57.66897155Z	34014	loop4	0.000000	0.000000	0.000000	0.000000	0.000000	0.000000	0.000000	0.000000	0.000000	0.000000	0.000000	0.000000	0.000000	0.000000	0.000000	0.000000	0.000000	0	0.000000	0.000000
34	2026-09-25T05:29:57.66897155Z	34014	loop5	0.000000	0.000000	0.000000	0.000000	0.000000	0.000000	0.000000	0.000000	0.000000	0.000000	0.000000	0.000000	0.000000	0.000000	0.000000	0.000000	0.000000	0	0.000000	0.000000
34	2026-09-25T05:29:57.66897155Z	34014	loop6	0.000000	0.000000	0.000000	0.000000	0.000000	0.000000	0.000000	0.000000	0.000000	0.000000	0.000000	0.000000	0.000000	0.000000	0.000000	0.000000	0.000000	0	0.000000	0.000000
34	2026-09-25T05:29:57.66897155Z	34014	loop7	0.000000	0.000000	0.000000	0.000000	0.000000	0.000000	0.000000	0.000000	0.000000	0.000000	0.000000	0.000000	0.000000	0.000000	0.000000	0.000000	0.000000	0	0.000000	0.000000
34	2026-09-25T05:29:57.66897155Z	34014	nvme0n1	0.000000	334.998199	0.000000	0.000000	0.000000	70.999618	0.000000	0.000000	7167961.472207	0.000000	0.000000	1.017910	0.000000	0.000000	0.000000	21397.014925	0.000000	0	15.999914	0.340998
35	2026-09-25T05:29:58.669481052Z	35014	loop0	0.000000	0.000000	0.000000	0.000000	0.000000	0.000000	0.000000	0.000000	0.000000	0.000000	0.000000	0.000000	0.000000	0.000000	0.000000	0.000000	0.000000	0	0.000000	0.000000
35	2026-09-25T05:29:58.669481052Z	35014	loop1	0.000000	0.000000	0.000000	0.000000	0.000000	0.000000	0.000000	0.000000	0.000000	0.000000	0.000000	0.000000	0.000000	0.000000	0.000000	0.000000	0.000000	0	0.000000	0.000000
35	2026-09-25T05:29:58.669481052Z	35014	loop2	0.000000	0.000000	0.000000	0.000000	0.000000	0.000000	0.000000	0.000000	0.000000	0.000000	0.000000	0.000000	0.000000	0.000000	0.000000	0.000000	0.000000	0	0.000000	0.000000
35	2026-09-25T05:29:58.669481052Z	35014	loop3	0.000000	0.000000	0.000000	0.000000	0.000000	0.000000	0.000000	0.000000	0.000000	0.000000	0.000000	0.000000	0.000000	0.000000	0.000000	0.000000	0.000000	0	0.000000	0.000000
35	2026-09-25T05:29:58.669481052Z	35014	loop4	0.000000	0.000000	0.000000	0.000000	0.000000	0.000000	0.000000	0.000000	0.000000	0.000000	0.000000	0.000000	0.000000	0.000000	0.000000	0.000000	0.000000	0	0.000000	0.000000
35	2026-09-25T05:29:58.669481052Z	35014	loop5	0.000000	0.000000	0.000000	0.000000	0.000000	0.000000	0.000000	0.000000	0.000000	0.000000	0.000000	0.000000	0.000000	0.000000	0.000000	0.000000	0.000000	0	0.000000	0.000000
35	2026-09-25T05:29:58.669481052Z	35014	loop6	0.000000	0.000000	0.000000	0.000000	0.000000	0.000000	0.000000	0.000000	0.000000	0.000000	0.000000	0.000000	0.000000	0.000000	0.000000	0.000000	0.000000	0	0.000000	0.000000
35	2026-09-25T05:29:58.669481052Z	35014	loop7	0.000000	0.000000	0.000000	0.000000	0.000000	0.000000	0.000000	0.000000	0.000000	0.000000	0.000000	0.000000	0.000000	0.000000	0.000000	0.000000	0.000000	0	0.000000	0.000000
35	2026-09-25T05:29:58.669481052Z	35014	nvme0n1	2.998472	655.665936	0.000000	0.000000	0.000000	1110.434230	0.000000	12281.742415	81804592.314802	0.000000	0.666667	1.900915	0.000000	0.000000	4096.000000	124765.658537	0.000000	0	47.175964	1.248364
36	2026-09-25T05:29:59.668983784Z	36014	loop0	0.000000	0.000000	0.000000	0.000000	0.000000	0.000000	0.000000	0.000000	0.000000	0.000000	0.000000	0.000000	0.000000	0.000000	0.000000	0.000000	0.000000	0	0.000000	0.000000
36	2026-09-25T05:29:59.668983784Z	36014	loop1	0.000000	0.000000	0.000000	0.000000	0.000000	0.000000	0.000000	0.000000	0.000000	0.000000	0.000000	0.000000	0.000000	0.000000	0.000000	0.000000	0.000000	0	0.000000	0.000000
36	2026-09-25T05:29:59.668983784Z	36014	loop2	0.000000	0.000000	0.000000	0.000000	0.000000	0.000000	0.000000	0.000000	0.000000	0.000000	0.000000	0.000000	0.000000	0.000000	0.000000	0.000000	0.000000	0	0.000000	0.000000
36	2026-09-25T05:29:59.668983784Z	36014	loop3	0.000000	0.000000	0.000000	0.000000	0.000000	0.000000	0.000000	0.000000	0.000000	0.000000	0.000000	0.000000	0.000000	0.000000	0.000000	0.000000	0.000000	0	0.000000	0.000000
36	2026-09-25T05:29:59.668983784Z	36014	loop4	0.000000	0.000000	0.000000	0.000000	0.000000	0.000000	0.000000	0.000000	0.000000	0.000000	0.000000	0.000000	0.000000	0.000000	0.000000	0.000000	0.000000	0	0.000000	0.000000
36	2026-09-25T05:29:59.668983784Z	36014	loop5	0.000000	0.000000	0.000000	0.000000	0.000000	0.000000	0.000000	0.000000	0.000000	0.000000	0.000000	0.000000	0.000000	0.000000	0.000000	0.000000	0.000000	0	0.000000	0.000000
36	2026-09-25T05:29:59.668983784Z	36014	loop6	0.000000	0.000000	0.000000	0.000000	0.000000	0.000000	0.000000	0.000000	0.000000	0.000000	0.000000	0.000000	0.000000	0.000000	0.000000	0.000000	0.000000	0	0.000000	0.000000
36	2026-09-25T05:29:59.668983784Z	36014	loop7	0.000000	0.000000	0.000000	0.000000	0.000000	0.000000	0.000000	0.000000	0.000000	0.000000	0.000000	0.000000	0.000000	0.000000	0.000000	0.000000	0.000000	0	0.000000	0.000000
36	2026-09-25T05:29:59.668983784Z	36014	nvme0n1	7.003483	961.478114	0.000000	0.000000	0.000000	2682.333844	0.000000	69666.643132	147935067.671101	0.000000	0.714286	2.189386	0.000000	0.000000	9947.428571	153862.126951	0.000000	0	54.427065	2.110049
37	2026-09-25T05:30:00.668956474Z	37014	loop0	0.000000	0.000000	0.000000	0.000000	0.000000	0.000000	0.000000	0.000000	0.000000	0.000000	0.000000	0.000000	0.000000	0.000000	0.000000	0.000000	0.000000	0	0.000000	0.000000
37	2026-09-25T05:30:00.668956474Z	37014	loop1	0.000000	0.000000	0.000000	0.000000	0.000000	0.000000	0.000000	0.000000	0.000000	0.000000	0.000000	0.000000	0.000000	0.000000	0.000000	0.000000	0.000000	0	0.000000	0.000000
37	2026-09-25T05:30:00.668956474Z	37014	loop2	0.000000	0.000000	0.000000	0.000000	0.000000	0.000000	0.000000	0.000000	0.000000	0.000000	0.000000	0.000000	0.000000	0.000000	0.000000	0.000000	0.000000	0	0.000000	0.000000
37	2026-09-25T05:30:00.668956474Z	37014	loop3	0.000000	0.000000	0.000000	0.000000	0.000000	0.000000	0.000000	0.000000	0.000000	0.000000	0.000000	0.000000	0.000000	0.000000	0.000000	0.000000	0.000000	0	0.000000	0.000000
37	2026-09-25T05:30:00.668956474Z	37014	loop4	0.000000	0.000000	0.000000	0.000000	0.000000	0.000000	0.000000	0.000000	0.000000	0.000000	0.000000	0.000000	0.000000	0.000000	0.000000	0.000000	0.000000	0	0.000000	0.000000
37	2026-09-25T05:30:00.668956474Z	37014	loop5	0.000000	0.000000	0.000000	0.000000	0.000000	0.000000	0.000000	0.000000	0.000000	0.000000	0.000000	0.000000	0.000000	0.000000	0.000000	0.000000	0.000000	0	0.000000	0.000000
37	2026-09-25T05:30:00.668956474Z	37014	loop6	0.000000	0.000000	0.000000	0.000000	0.000000	0.000000	0.000000	0.000000	0.000000	0.000000	0.000000	0.000000	0.000000	0.000000	0.000000	0.000000	0.000000	0	0.000000	0.000000
37	2026-09-25T05:30:00.668956474Z	37014	loop7	0.000000	0.000000	0.000000	0.000000	0.000000	0.000000	0.000000	0.000000	0.000000	0.000000	0.000000	0.000000	0.000000	0.000000	0.000000	0.000000	0.000000	0	0.000000	0.000000
37	2026-09-25T05:30:00.668956474Z	37014	nvme0n1	18.000492	791.021604	0.000000	0.000000	0.000000	123.003359	0.000000	1331236.357396	110431175.985847	0.000000	0.833333	2.036662	0.000000	0.000000	73955.555556	139605.764855	0.000000	0	31.200852	1.627044
38	2026-09-25T05:30:01.669228871Z	38014	loop0	0.000000	0.000000	0.000000	0.000000	0.000000	0.000000	0.000000	0.000000	0.000000	0.000000	0.000000	0.000000	0.000000	0.000000	0.000000	0.000000	0.000000	0	0.000000	0.000000
38	2026-09-25T05:30:01.669228871Z	38014	loop1	0.000000	0.000000	0.000000	0.000000	0.000000	0.000000	0.000000	0.000000	0.000000	0.000000	0.000000	0.000000	0.000000	0.000000	0.000000	0.000000	0.000000	0	0.000000	0.000000
38	2026-09-25T05:30:01.669228871Z	38014	loop2	0.000000	0.000000	0.000000	0.000000	0.000000	0.000000	0.000000	0.000000	0.000000	0.000000	0.000000	0.000000	0.000000	0.000000	0.000000	0.000000	0.000000	0	0.000000	0.000000
38	2026-09-25T05:30:01.669228871Z	38014	loop3	0.000000	0.000000	0.000000	0.000000	0.000000	0.000000	0.000000	0.000000	0.000000	0.000000	0.000000	0.000000	0.000000	0.000000	0.000000	0.000000	0.000000	0	0.000000	0.000000
38	2026-09-25T05:30:01.669228871Z	38014	loop4	0.000000	0.000000	0.000000	0.000000	0.000000	0.000000	0.000000	0.000000	0.000000	0.000000	0.000000	0.000000	0.000000	0.000000	0.000000	0.000000	0.000000	0	0.000000	0.000000
38	2026-09-25T05:30:01.669228871Z	38014	loop5	0.000000	0.000000	0.000000	0.000000	0.000000	0.000000	0.000000	0.000000	0.000000	0.000000	0.000000	0.000000	0.000000	0.000000	0.000000	0.000000	0.000000	0	0.000000	0.000000
38	2026-09-25T05:30:01.669228871Z	38014	loop6	0.000000	0.000000	0.000000	0.000000	0.000000	0.000000	0.000000	0.000000	0.000000	0.000000	0.000000	0.000000	0.000000	0.000000	0.000000	0.000000	0.000000	0	0.000000	0.000000
38	2026-09-25T05:30:01.669228871Z	38014	loop7	0.000000	0.000000	0.000000	0.000000	0.000000	0.000000	0.000000	0.000000	0.000000	0.000000	0.000000	0.000000	0.000000	0.000000	0.000000	0.000000	0.000000	0	0.000000	0.000000
38	2026-09-25T05:30:01.669228871Z	38014	nvme0n1	0.000000	1499.591507	0.000000	0.000000	0.000000	139.961874	0.000000	0.000000	36890814.831367	0.000000	0.000000	1.044000	0.000000	0.000000	0.000000	24600.576000	0.000000	0	26.392811	1.565574
39	2026-09-25T05:30:02.669185708Z	39014	loop0	0.000000	0.000000	0.000000	0.000000	0.000000	0.000000	0.000000	0.000000	0.000000	0.000000	0.000000	0.000000	0.000000	0.000000	0.000000	0.000000	0.000000	0	0.000000	0.000000
39	2026-09-25T05:30:02.669185708Z	39014	loop1	0.000000	0.000000	0.000000	0.000000	0.000000	0.000000	0.000000	0.000000	0.000000	0.000000	0.000000	0.000000	0.000000	0.000000	0.000000	0.000000	0.000000	0	0.000000	0.000000
39	2026-09-25T05:30:02.669185708Z	39014	loop2	0.000000	0.000000	0.000000	0.000000	0.000000	0.000000	0.000000	0.000000	0.000000	0.000000	0.000000	0.000000	0.000000	0.000000	0.000000	0.000000	0.000000	0	0.000000	0.000000
39	2026-09-25T05:30:02.669185708Z	39014	loop3	0.000000	0.000000	0.000000	0.000000	0.000000	0.000000	0.000000	0.000000	0.000000	0.000000	0.000000	0.000000	0.000000	0.000000	0.000000	0.000000	0.000000	0	0.000000	0.000000
39	2026-09-25T05:30:02.669185708Z	39014	loop4	0.000000	0.000000	0.000000	0.000000	0.000000	0.000000	0.000000	0.000000	0.000000	0.000000	0.000000	0.000000	0.000000	0.000000	0.000000	0.000000	0.000000	0	0.000000	0.000000
39	2026-09-25T05:30:02.669185708Z	39014	loop5	0.000000	0.000000	0.000000	0.000000	0.000000	0.000000	0.000000	0.000000	0.000000	0.000000	0.000000	0.000000	0.000000	0.000000	0.000000	0.000000	0.000000	0	0.000000	0.000000
39	2026-09-25T05:30:02.669185708Z	39014	loop6	0.000000	0.000000	0.000000	0.000000	0.000000	0.000000	0.000000	0.000000	0.000000	0.000000	0.000000	0.000000	0.000000	0.000000	0.000000	0.000000	0.000000	0	0.000000	0.000000
39	2026-09-25T05:30:02.669185708Z	39014	loop7	0.000000	0.000000	0.000000	0.000000	0.000000	0.000000	0.000000	0.000000	0.000000	0.000000	0.000000	0.000000	0.000000	0.000000	0.000000	0.000000	0.000000	0	0.000000	0.000000
39	2026-09-25T05:30:02.669185708Z	39014	nvme0n1	0.000000	325.014030	0.000000	0.000000	0.000000	63.002720	0.000000	0.000000	7094578.251659	0.000000	0.000000	1.021538	0.000000	0.000000	0.000000	21828.529231	0.000000	0	14.400622	0.332014
40	2026-09-25T05:30:03.669237621Z	40014	loop0	0.000000	0.000000	0.000000	0.000000	0.000000	0.000000	0.000000	0.000000	0.000000	0.000000	0.000000	0.000000	0.000000	0.000000	0.000000	0.000000	0.000000	0	0.000000	0.000000
40	2026-09-25T05:30:03.669237621Z	40014	loop1	0.000000	0.000000	0.000000	0.000000	0.000000	0.000000	0.000000	0.000000	0.000000	0.000000	0.000000	0.000000	0.000000	0.000000	0.000000	0.000000	0.000000	0	0.000000	0.000000
40	2026-09-25T05:30:03.669237621Z	40014	loop2	0.000000	0.000000	0.000000	0.000000	0.000000	0.000000	0.000000	0.000000	0.000000	0.000000	0.000000	0.000000	0.000000	0.000000	0.000000	0.000000	0.000000	0	0.000000	0.000000
40	2026-09-25T05:30:03.669237621Z	40014	loop3	0.000000	0.000000	0.000000	0.000000	0.000000	0.000000	0.000000	0.000000	0.000000	0.000000	0.000000	0.000000	0.000000	0.000000	0.000000	0.000000	0.000000	0	0.000000	0.000000
40	2026-09-25T05:30:03.669237621Z	40014	loop4	0.000000	0.000000	0.000000	0.000000	0.000000	0.000000	0.000000	0.000000	0.000000	0.000000	0.000000	0.000000	0.000000	0.000000	0.000000	0.000000	0.000000	0	0.000000	0.000000
40	2026-09-25T05:30:03.669237621Z	40014	loop5	0.000000	0.000000	0.000000	0.000000	0.000000	0.000000	0.000000	0.000000	0.000000	0.000000	0.000000	0.000000	0.000000	0.000000	0.000000	0.000000	0.000000	0	0.000000	0.000000
40	2026-09-25T05:30:03.669237621Z	40014	loop6	0.000000	0.000000	0.000000	0.000000	0.000000	0.000000	0.000000	0.000000	0.000000	0.000000	0.000000	0.000000	0.000000	0.000000	0.000000	0.000000	0.000000	0	0.000000	0.000000
40	2026-09-25T05:30:03.669237621Z	40014	loop7	0.000000	0.000000	0.000000	0.000000	0.000000	0.000000	0.000000	0.000000	0.000000	0.000000	0.000000	0.000000	0.000000	0.000000	0.000000	0.000000	0.000000	0	0.000000	0.000000
40	2026-09-25T05:30:03.669237621Z	40014	nvme0n1	0.000000	324.983129	0.000000	0.000000	0.000000	59.996885	0.000000	0.000000	7081616.357887	0.000000	0.000000	1.021538	0.000000	0.000000	0.000000	21790.720000	0.000000	0	14.399252	0.330983
41	2026-09-25T05:30:04.669277079Z	41014	loop0	0.000000	0.000000	0.000000	0.000000	0.000000	0.000000	0.000000	0.000000	0.000000	0.000000	0.000000	0.000000	0.000000	0.000000	0.000000	0.000000	0.000000	0	0.000000	0.000000
41	2026-09-25T05:30:04.669277079Z	41014	loop1	0.000000	0.000000	0.000000	0.000000	0.000000	0.000000	0.000000	0.000000	0.000000	0.000000	0.000000	0.000000	0.000000	0.000000	0.000000	0.000000	0.000000	0	0.000000	0.000000
41	2026-09-25T05:30:04.669277079Z	41014	loop2	0.000000	0.000000	0.000000	0.000000	0.000000	0.000000	0.000000	0.000000	0.000000	0.000000	0.000000	0.000000	0.000000	0.000000	0.000000	0.000000	0.000000	0	0.000000	0.000000
41	2026-09-25T05:30:04.669277079Z	41014	loop3	0.000000	0.000000	0.000000	0.000000	0.000000	0.000000	0.000000	0.000000	0.000000	0.000000	0.000000	0.000000	0.000000	0.000000	0.000000	0.000000	0.000000	0	0.000000	0.000000
41	2026-09-25T05:30:04.669277079Z	41014	loop4	0.000000	0.000000	0.000000	0.000000	0.000000	0.000000	0.000000	0.000000	0.000000	0.000000	0.000000	0.000000	0.000000	0.000000	0.000000	0.000000	0.000000	0	0.000000	0.000000
41	2026-09-25T05:30:04.669277079Z	41014	loop5	0.000000	0.000000	0.000000	0.000000	0.000000	0.000000	0.000000	0.000000	0.000000	0.000000	0.000000	0.000000	0.000000	0.000000	0.000000	0.000000	0.000000	0	0.000000	0.000000
41	2026-09-25T05:30:04.669277079Z	41014	loop6	0.000000	0.000000	0.000000	0.000000	0.000000	0.000000	0.000000	0.000000	0.000000	0.000000	0.000000	0.000000	0.000000	0.000000	0.000000	0.000000	0.000000	0	0.000000	0.000000
41	2026-09-25T05:30:04.669277079Z	41014	loop7	0.000000	0.000000	0.000000	0.000000	0.000000	0.000000	0.000000	0.000000	0.000000	0.000000	0.000000	0.000000	0.000000	0.000000	0.000000	0.000000	0.000000	0	0.000000	0.000000
41	2026-09-25T05:30:04.669277079Z	41014	nvme0n1	156.993805	336.986704	0.000000	0.000000	0.000000	90.996410	0.000000	2924428.610820	7470809.224280	0.000000	0.630573	1.026706	0.000000	0.000000	18627.668790	22169.448071	0.000000	0	27.598911	0.444982
42	2026-09-25T05:30:05.66895833Z	42014	loop0	0.000000	0.000000	0.000000	0.000000	0.000000	0.000000	0.000000	0.000000	0.000000	0.000000	0.000000	0.000000	0.000000	0.000000	0.000000	0.000000	0.000000	0	0.000000	0.000000
42	2026-09-25T05:30:05.66895833Z	42014	loop1	0.000000	0.000000	0.000000	0.000000	0.000000	0.000000	0.000000	0.000000	0.000000	0.000000	0.000000	0.000000	0.000000	0.000000	0.000000	0.000000	0.000000	0	0.000000	0.000000
42	2026-09-25T05:30:05.66895833Z	42014	loop2	0.000000	0.000000	0.000000	0.000000	0.000000	0.000000	0.000000	0.000000	0.000000	0.000000	0.000000	0.000000	0.000000	0.000000	0.000000	0.000000	0.000000	0	0.000000	0.000000
42	2026-09-25T05:30:05.66895833Z	42014	loop3	0.000000	0.000000	0.000000	0.000000	0.000000	0.000000	0.000000	0.000000	0.000000	0.000000	0.000000	0.000000	0.000000	0.000000	0.000000	0.000000	0.000000	0	0.000000	0.000000
42	2026-09-25T05:30:05.66895833Z	42014	loop4	0.000000	0.000000	0.000000	0.000000	0.000000	0.000000	0.000000	0.000000	0.000000	0.000000	0.000000	0.000000	0.000000	0.000000	0.000000	0.000000	0.000000	0	0.000000	0.000000
42	2026-09-25T05:30:05.66895833Z	42014	loop5	0.000000	0.000000	0.000000	0.000000	0.000000	0.000000	0.000000	0.000000	0.000000	0.000000	0.000000	0.000000	0.000000	0.000000	0.000000	0.000000	0.000000	0	0.000000	0.000000
42	2026-09-25T05:30:05.66895833Z	42014	loop6	0.000000	0.000000	0.000000	0.000000	0.000000	0.000000	0.000000	0.000000	0.000000	0.000000	0.000000	0.000000	0.000000	0.000000	0.000000	0.000000	0.000000	0	0.000000	0.000000
42	2026-09-25T05:30:05.66895833Z	42014	loop7	0.000000	0.000000	0.000000	0.000000	0.000000	0.000000	0.000000	0.000000	0.000000	0.000000	0.000000	0.000000	0.000000	0.000000	0.000000	0.000000	0.000000	0	0.000000	0.000000
42	2026-09-25T05:30:05.66895833Z	42014	nvme0n1	36.011479	366.116700	0.000000	0.000000	0.000000	206.065684	0.000000	1942123.055608	8817402.564702	0.000000	0.777778	1.043716	0.000000	0.000000	53930.666667	24083.584699	0.000000	0	32.810458	0.410131
43	2026-09-25T05:30:06.669054494Z	43014	loop0	0.000000	0.000000	0.000000	0.000000	0.000000	0.000000	0.000000	0.000000	0.000000	0.000000	0.000000	0.000000	0.000000	0.000000	0.000000	0.000000	0.000000	0	0.000000	0.000000
43	2026-09-25T05:30:06.669054494Z	43014	loop1	0.000000	0.000000	0.000000	0.000000	0.000000	0.000000	0.000000	0.000000	0.000000	0.000000	0.000000	0.000000	0.000000	0.000000	0.000000	0.000000	0.000000	0	0.000000	0.000000
43	2026-09-25T05:30:06.669054494Z	43014	loop2	0.000000	0.000000	0.000000	0.000000	0.000000	0.000000	0.000000	0.000000	0.000000	0.000000	0.000000	0.000000	0.000000	0.000000	0.000000	0.000000	0.000000	0	0.000000	0.000000
43	2026-09-25T05:30:06.669054494Z	43014	loop3	0.000000	0.000000	0.000000	0.000000	0.000000	0.000000	0.000000	0.000000	0.000000	0.000000	0.000000	0.000000	0.000000	0.000000	0.000000	0.000000	0.000000	0	0.000000	0.000000
43	2026-09-25T05:30:06.669054494Z	43014	loop4	0.000000	0.000000	0.000000	0.000000	0.000000	0.000000	0.000000	0.000000	0.000000	0.000000	0.000000	0.000000	0.000000	0.000000	0.000000	0.000000	0.000000	0	0.000000	0.000000
43	2026-09-25T05:30:06.669054494Z	43014	loop5	0.000000	0.000000	0.000000	0.000000	0.000000	0.000000	0.000000	0.000000	0.000000	0.000000	0.000000	0.000000	0.000000	0.000000	0.000000	0.000000	0.000000	0	0.000000	0.000000
43	2026-09-25T05:30:06.669054494Z	43014	loop6	0.000000	0.000000	0.000000	0.000000	0.000000	0.000000	0.000000	0.000000	0.000000	0.000000	0.000000	0.000000	0.000000	0.000000	0.000000	0.000000	0.000000	0	0.000000	0.000000
43	2026-09-25T05:30:06.669054494Z	43014	loop7	0.000000	0.000000	0.000000	0.000000	0.000000	0.000000	0.000000	0.000000	0.000000	0.000000	0.000000	0.000000	0.000000	0.000000	0.000000	0.000000	0.000000	0	0.000000	0.000000
43	2026-09-25T05:30:06.669054494Z	43014	nvme0n1	32.996827	801.922881	0.000000	0.000000	0.000000	188.981826	0.000000	1093526.837711	12913446.139712	0.000000	0.636364	0.972569	0.000000	0.000000	33140.363636	16103.102244	0.000000	0	33.196808	0.801923
44	2026-09-25T05:30:07.669653011Z	44014	loop0	0.000000	0.000000	0.000000	0.000000	0.000000	0.000000	0.000000	0.000000	0.000000	0.000000	0.000000	0.000000	0.000000	0.000000	0.000000	0.000000	0.000000	0	0.000000	0.000000
44	2026-09-25T05:30:07.669653011Z	44014	loop1	0.000000	0.000000	0.000000	0.000000	0.000000	0.000000	0.000000	0.000000	0.000000	0.000000	0.000000	0.000000	0.000000	0.000000	0.000000	0.000000	0.000000	0	0.000000	0.000000
44	2026-09-25T05:30:07.669653011Z	44014	loop2	0.000000	0.000000	0.000000	0.000000	0.000000	0.000000	0.000000	0.000000	0.000000	0.000000	0.000000	0.000000	0.000000	0.000000	0.000000	0.000000	0.000000	0	0.000000	0.000000
44	2026-09-25T05:30:07.669653011Z	44014	loop3	0.000000	0.000000	0.000000	0.000000	0.000000	0.000000	0.000000	0.000000	0.000000	0.000000	0.000000	0.000000	0.000000	0.000000	0.000000	0.000000	0.000000	0	0.000000	0.000000
44	2026-09-25T05:30:07.669653011Z	44014	loop4	0.000000	0.000000	0.000000	0.000000	0.000000	0.000000	0.000000	0.000000	0.000000	0.000000	0.000000	0.000000	0.000000	0.000000	0.000000	0.000000	0.000000	0	0.000000	0.000000
44	2026-09-25T05:30:07.669653011Z	44014	loop5	0.000000	0.000000	0.000000	0.000000	0.000000	0.000000	0.000000	0.000000	0.000000	0.000000	0.000000	0.000000	0.000000	0.000000	0.000000	0.000000	0.000000	0	0.000000	0.000000
44	2026-09-25T05:30:07.669653011Z	44014	loop6	0.000000	0.000000	0.000000	0.000000	0.000000	0.000000	0.000000	0.000000	0.000000	0.000000	0.000000	0.000000	0.000000	0.000000	0.000000	0.000000	0.000000	0	0.000000	0.000000
44	2026-09-25T05:30:07.669653011Z	44014	loop7	0.000000	0.000000	0.000000	0.000000	0.000000	0.000000	0.000000	0.000000	0.000000	0.000000	0.000000	0.000000	0.000000	0.000000	0.000000	0.000000	0.000000	0	0.000000	0.000000
44	2026-09-25T05:30:07.669653011Z	44014	nvme0n1	30.981457	354.787655	0.000000	0.000000	0.000000	189.886350	0.000000	957890.689012	8621016.201109	0.000000	0.677419	1.042254	0.000000	0.000000	30918.193548	24299.087324	0.000000	0	27.983252	0.390766
45	2026-09-25T05:30:08.669307566Z	45014	loop0	0.000000	0.000000	0.000000	0.000000	0.000000	0.000000	0.000000	0.000000	0.000000	0.000000	0.000000	0.000000	0.000000	0.000000	0.000000	0.000000	0.000000	0	0.000000	0.000000
45	2026-09-25T05:30:08.669307566Z	45014	loop1	0.000000	0.000000	0.000000	0.000000	0.000000	0.000000	0.000000	0.000000	0.000000	0.000000	0.000000	0.000000	0.000000	0.000000	0.000000	0.000000	0.000000	0	0.000000	0.000000
45	2026-09-25T05:30:08.669307566Z	45014	loop2	0.000000	0.000000	0.000000	0.000000	0.000000	0.000000	0.000000	0.000000	0.000000	0.000000	0.000000	0.000000	0.000000	0.000000	0.000000	0.000000	0.000000	0	0.000000	0.000000
45	2026-09-25T05:30:08.669307566Z	45014	loop3	0.000000	0.000000	0.000000	0.000000	0.000000	0.000000	0.000000	0.000000	0.000000	0.000000	0.000000	0.000000	0.000000	0.000000	0.000000	0.000000	0.000000	0	0.000000	0.000000
45	2026-09-25T05:30:08.669307566Z	45014	loop4	0.000000	0.000000	0.000000	0.000000	0.000000	0.000000	0.000000	0.000000	0.000000	0.000000	0.000000	0.000000	0.000000	0.000000	0.000000	0.000000	0.000000	0	0.000000	0.000000
45	2026-09-25T05:30:08.669307566Z	45014	loop5	0.000000	0.000000	0.000000	0.000000	0.000000	0.000000	0.000000	0.000000	0.000000	0.000000	0.000000	0.000000	0.000000	0.000000	0.000000	0.000000	0.000000	0	0.000000	0.000000
45	2026-09-25T05:30:08.669307566Z	45014	loop6	0.000000	0.000000	0.000000	0.000000	0.000000	0.000000	0.000000	0.000000	0.000000	0.000000	0.000000	0.000000	0.000000	0.000000	0.000000	0.000000	0.000000	0	0.000000	0.000000
45	2026-09-25T05:30:08.669307566Z	45014	loop7	0.000000	0.000000	0.000000	0.000000	0.000000	0.000000	0.000000	0.000000	0.000000	0.000000	0.000000	0.000000	0.000000	0.000000	0.000000	0.000000	0.000000	0	0.000000	0.000000
45	2026-09-25T05:30:08.669307566Z	45014	nvme0n1	14.004837	356.122997	0.000000	0.000000	0.000000	184.063571	0.000000	147506.945506	8829929.654614	0.000000	0.714286	1.047753	0.000000	0.000000	10532.571429	24794.606742	0.000000	0	22.807877	0.382132
46	2026-09-25T05:30:09.668956599Z	46014	loop0	0.000000	0.000000	0.000000	0.000000	0.000000	0.000000	0.000000	0.000000	0.000000	0.000000	0.000000	0.000000	0.000000	0.000000	0.000000	0.000000	0.000000	0	0.000000	0.000000
46	2026-09-25T05:30:09.668956599Z	46014	loop1	0.000000	0.000000	0.000000	0.000000	0.000000	0.000000	0.000000	0.000000	0.000000	0.000000	0.000000	0.000000	0.000000	0.000000	0.000000	0.000000	0.000000	0	0.000000	0.000000
46	2026-09-25T05:30:09.668956599Z	46014	loop2	0.000000	0.000000	0.000000	0.000000	0.000000	0.000000	0.000000	0.000000	0.000000	0.000000	0.000000	0.000000	0.000000	0.000000	0.000000	0.000000	0.000000	0	0.000000	0.000000
46	2026-09-25T05:30:09.668956599Z	46014	loop3	0.000000	0.000000	0.000000	0.000000	0.000000	0.000000	0.000000	0.000000	0.000000	0.000000	0.000000	0.000000	0.000000	0.000000	0.000000	0.000000	0.000000	0	0.000000	0.000000
46	2026-09-25T05:30:09.668956599Z	46014	loop4	0.000000	0.000000	0.000000	0.000000	0.000000	0.000000	0.000000	0.000000	0.000000	0.000000	0.000000	0.000000	0.000000	0.000000	0.000000	0.000000	0.000000	0	0.000000	0.000000
46	2026-09-25T05:30:09.668956599Z	46014	loop5	0.000000	0.000000	0.000000	0.000000	0.000000	0.000000	0.000000	0.000000	0.000000	0.000000	0.000000	0.000000	0.000000	0.000000	0.000000	0.000000	0.000000	0	0.000000	0.000000
46	2026-09-25T05:30:09.668956599Z	46014	loop6	0.000000	0.000000	0.000000	0.000000	0.000000	0.000000	0.000000	0.000000	0.000000	0.000000	0.000000	0.000000	0.000000	0.000000	0.000000	0.000000	0.000000	0	0.000000	0.000000
46	2026-09-25T05:30:09.668956599Z	46014	loop7	0.000000	0.000000	0.000000	0.000000	0.000000	0.000000	0.000000	0.000000	0.000000	0.000000	0.000000	0.000000	0.000000	0.000000	0.000000	0.000000	0.000000	0	0.000000	0.000000
46	2026-09-25T05:30:09.668956599Z	46014	nvme0n1	21.007374	368.129225	0.000000	0.000000	0.000000	208.073040	0.000000	639200.379788	9825657.120070	0.000000	0.714286	1.065217	0.000000	0.000000	30427.428571	26690.782609	0.000000	0	28.009832	0.408143
47	2026-09-25T05:30:10.668964802Z	47014	loop0	0.000000	0.000000	0.000000	0.000000	0.000000	0.000000	0.000000	0.000000	0.000000	0.000000	0.000000	0.000000	0.000000	0.000000	0.000000	0.000000	0.000000	0	0.000000	0.000000
47	2026-09-25T05:30:10.668964802Z	47014	loop1	0.000000	0.000000	0.000000	0.000000	0.000000	0.000000	0.000000	0.000000	0.000000	0.000000	0.000000	0.000000	0.000000	0.000000	0.000000	0.000000	0.000000	0	0.000000	0.000000
47	2026-09-25T05:30:10.668964802Z	47014	loop2	0.000000	0.000000	0.000000	0.000000	0.000000	0.000000	0.000000	0.000000	0.000000	0.000000	0.000000	0.000000	0.000000	0.000000	0.000000	0.000000	0.000000	0	0.000000	0.000000
47	2026-09-25T05:30:10.668964802Z	47014	loop3	0.000000	0.000000	0.000000	0.000000	0.000000	0.000000	0.000000	0.000000	0.000000	0.000000	0.000000	0.000000	0.000000	0.000000	0.000000	0.000000	0.000000	0	0.000000	0.000000
47	2026-09-25T05:30:10.668964802Z	47014	loop4	0.000000	0.000000	0.000000	0.000000	0.000000	0.000000	0.000000	0.000000	0.000000	0.000000	0.000000	0.000000	0.000000	0.000000	0.000000	0.000000	0.000000	0	0.000000	0.000000
47	2026-09-25T05:30:10.668964802Z	47014	loop5	0.000000	0.000000	0.000000	0.000000	0.000000	0.000000	0.000000	0.000000	0.000000	0.000000	0.000000	0.000000	0.000000	0.000000	0.000000	0.000000	0.000000	0	0.000000	0.000000
47	2026-09-25T05:30:10.668964802Z	47014	loop6	0.000000	0.000000	0.000000	0.000000	0.000000	0.000000	0.000000	0.000000	0.000000	0.000000	0.000000	0.000000	0.000000	0.000000	0.000000	0.000000	0.000000	0	0.000000	0.000000
47	2026-09-25T05:30:10.668964802Z	47014	loop7	0.000000	0.000000	0.000000	0.000000	0.000000	0.000000	0.000000	0.000000	0.000000	0.000000	0.000000	0.000000	0.000000	0.000000	0.000000	0.000000	0.000000	0	0.000000	0.000000
47	2026-09-25T05:30:10.668964802Z	47014	nvme0n1	8.999926	354.997093	0.000000	0.000000	0.000000	218.998207	0.000000	299005.551743	9076661.680294	0.000000	0.666667	1.053521	0.000000	0.000000	33223.111111	25568.270423	0.000000	0	23.999803	0.378997
48	2026-09-25T05:30:11.668956823Z	48014	loop0	0.000000	0.000000	0.000000	0.000000	0.000000	0.000000	0.000000	0.000000	0.000000	0.000000	0.000000	0.000000	0.000000	0.000000	0.000000	0.000000	0.000000	0	0.000000	0.000000
48	2026-09-25T05:30:11.668956823Z	48014	loop1	0.000000	0.000000	0.000000	0.000000	0.000000	0.000000	0.000000	0.000000	0.000000	0.000000	0.000000	0.000000	0.000000	0.000000	0.000000	0.000000	0.000000	0	0.000000	0.000000
48	2026-09-25T05:30:11.668956823Z	48014	loop2	0.000000	0.000000	0.000000	0.000000	0.000000	0.000000	0.000000	0.000000	0.000000	0.000000	0.000000	0.000000	0.000000	0.000000	0.000000	0.000000	0.000000	0	0.000000	0.000000
48	2026-09-25T05:30:11.668956823Z	48014	loop3	0.000000	0.000000	0.000000	0.000000	0.000000	0.000000	0.000000	0.000000	0.000000	0.000000	0.000000	0.000000	0.000000	0.000000	0.000000	0.000000	0.000000	0	0.000000	0.000000
48	2026-09-25T05:30:11.668956823Z	48014	loop4	0.000000	0.000000	0.000000	0.000000	0.000000	0.000000	0.000000	0.000000	0.000000	0.000000	0.000000	0.000000	0.000000	0.000000	0.000000	0.000000	0.000000	0	0.000000	0.000000
48	2026-09-25T05:30:11.668956823Z	48014	loop5	0.000000	0.000000	0.000000	0.000000	0.000000	0.000000	0.000000	0.000000	0.000000	0.000000	0.000000	0.000000	0.000000	0.000000	0.000000	0.000000	0.000000	0	0.000000	0.000000
48	2026-09-25T05:30:11.668956823Z	48014	loop6	0.000000	0.000000	0.000000	0.000000	0.000000	0.000000	0.000000	0.000000	0.000000	0.000000	0.000000	0.000000	0.000000	0.000000	0.000000	0.000000	0.000000	0	0.000000	0.000000
48	2026-09-25T05:30:11.668956823Z	48014	loop7	0.000000	0.000000	0.000000	0.000000	0.000000	0.000000	0.000000	0.000000	0.000000	0.000000	0.000000	0.000000	0.000000	0.000000	0.000000	0.000000	0.000000	0	0.000000	0.000000
48	2026-09-25T05:30:11.668956823Z	48014	nvme0n1	17.000135	2979.023710	0.000000	0.000000	0.000000	428.003406	0.000000	909319.237272	61604330.308865	0.000000	0.705882	1.011749	0.000000	0.000000	53488.941176	20679.368916	0.000000	0	57.200455	3.027024
49	2026-09-25T05:30:12.669223467Z	49014	loop0	0.000000	0.000000	0.000000	0.000000	0.000000	0.000000	0.000000	0.000000	0.000000	0.000000	0.000000	0.000000	0.000000	0.000000	0.000000	0.000000	0.000000	0	0.000000	0.000000
49	2026-09-25T05:30:12.669223467Z	49014	loop1	0.000000	0.000000	0.000000	0.000000	0.000000	0.000000	0.000000	0.000000	0.000000	0.000000	0.000000	0.000000	0.000000	0.000000	0.000000	0.000000	0.000000	0	0.000000	0.000000
49	2026-09-25T05:30:12.669223467Z	49014	loop2	0.000000	0.000000	0.000000	0.000000	0.000000	0.000000	0.000000	0.000000	0.000000	0.000000	0.000000	0.000000	0.000000	0.000000	0.000000	0.000000	0.000000	0	0.000000	0.000000
49	2026-09-25T05:30:12.669223467Z	49014	loop3	0.000000	0.000000	0.000000	0.000000	0.000000	0.000000	0.000000	0.000000	0.000000	0.000000	0.000000	0.000000	0.000000	0.000000	0.000000	0.000000	0.000000	0	0.000000	0.000000
49	2026-09-25T05:30:12.669223467Z	49014	loop4	0.000000	0.000000	0.000000	0.000000	0.000000	0.000000	0.000000	0.000000	0.000000	0.000000	0.000000	0.000000	0.000000	0.000000	0.000000	0.000000	0.000000	0	0.000000	0.000000
49	2026-09-25T05:30:12.669223467Z	49014	loop5	0.000000	0.000000	0.000000	0.000000	0.000000	0.000000	0.000000	0.000000	0.000000	0.000000	0.000000	0.000000	0.000000	0.000000	0.000000	0.000000	0.000000	0	0.000000	0.000000
49	2026-09-25T05:30:12.669223467Z	49014	loop6	0.000000	0.000000	0.000000	0.000000	0.000000	0.000000	0.000000	0.000000	0.000000	0.000000	0.000000	0.000000	0.000000	0.000000	0.000000	0.000000	0.000000	0	0.000000	0.000000
49	2026-09-25T05:30:12.669223467Z	49014	loop7	0.000000	0.000000	0.000000	0.000000	0.000000	0.000000	0.000000	0.000000	0.000000	0.000000	0.000000	0.000000	0.000000	0.000000	0.000000	0.000000	0.000000	0	0.000000	0.000000
49	2026-09-25T05:30:12.669223467Z	49014	nvme0n1	2.999200	358.904304	0.000000	0.000000	0.000000	186.950153	0.000000	151511.601704	8595212.215591	0.000000	0.666667	1.041783	0.000000	0.000000	50517.333333	23948.479109	0.000000	0	22.394029	0.375900
50	2026-09-25T05:30:13.668950005Z	50014	loop0	0.000000	0.000000	0.000000	0.000000	0.000000	0.000000	0.000000	0.000000	0.000000	0.000000	0.000000	0.000000	0.000000	0.000000	0.000000	0.000000	0.000000	0	0.000000	0.000000
50	2026-09-25T05:30:13.668950005Z	50014	loop1	0.000000	0.000000	0.000000	0.000000	0.000000	0.000000	0.000000	0.000000	0.000000	0.000000	0.000000	0.000000	0.000000	0.000000	0.000000	0.000000	0.000000	0	0.000000	0.000000
50	2026-09-25T05:30:13.668950005Z	50014	loop2	0.000000	0.000000	0.000000	0.000000	0.000000	0.000000	0.000000	0.000000	0.000000	0.000000	0.000000	0.000000	0.000000	0.000000	0.000000	0.000000	0.000000	0	0.000000	0.000000
50	2026-09-25T05:30:13.668950005Z	50014	loop3	0.000000	0.000000	0.000000	0.000000	0.000000	0.000000	0.000000	0.000000	0.000000	0.000000	0.000000	0.000000	0.000000	0.000000	0.000000	0.000000	0.000000	0	0.000000	0.000000
50	2026-09-25T05:30:13.668950005Z	50014	loop4	0.000000	0.000000	0.000000	0.000000	0.000000	0.000000	0.000000	0.000000	0.000000	0.000000	0.000000	0.000000	0.000000	0.000000	0.000000	0.000000	0.000000	0	0.000000	0.000000
50	2026-09-25T05:30:13.668950005Z	50014	loop5	0.000000	0.000000	0.000000	0.000000	0.000000	0.000000	0.000000	0.000000	0.000000	0.000000	0.000000	0.000000	0.000000	0.000000	0.000000	0.000000	0.000000	0	0.000000	0.000000
50	2026-09-25T05:30:13.668950005Z	50014	loop6	0.000000	0.000000	0.000000	0.000000	0.000000	0.000000	0.000000	0.000000	0.000000	0.000000	0.000000	0.000000	0.000000	0.000000	0.000000	0.000000	0.000000	0	0.000000	0.000000
50	2026-09-25T05:30:13.668950005Z	50014	loop7	0.000000	0.000000	0.000000	0.000000	0.000000	0.000000	0.000000	0.000000	0.000000	0.000000	0.000000	0.000000	0.000000	0.000000	0.000000	0.000000	0.000000	0	0.000000	0.000000
50	2026-09-25T05:30:13.668950005Z	50014	nvme0n1	6.001641	357.097651	0.000000	0.000000	0.000000	231.063186	0.000000	102428.009759	8944013.812129	0.000000	0.666667	1.047619	0.000000	0.000000	17066.666667	25046.408964	0.000000	0	22.806237	0.378103
51	2026-09-25T05:30:14.669683239Z	51014	loop0	0.000000	0.000000	0.000000	0.000000	0.000000	0.000000	0.000000	0.000000	0.000000	0.000000	0.000000	0.000000	0.000000	0.000000	0.000000	0.000000	0.000000	0	0.000000	0.000000
51	2026-09-25T05:30:14.669683239Z	51014	loop1	0.000000	0.000000	0.000000	0.000000	0.000000	0.000000	0.000000	0.000000	0.000000	0.000000	0.000000	0.000000	0.000000	0.000000	0.000000	0.000000	0.000000	0	0.000000	0.000000
51	2026-09-25T05:30:14.669683239Z	51014	loop2	0.000000	0.000000	0.000000	0.000000	0.000000	0.000000	0.000000	0.000000	0.000000	0.000000	0.000000	0.000000	0.000000	0.000000	0.000000	0.000000	0.000000	0	0.000000	0.000000
51	2026-09-25T05:30:14.669683239Z	51014	loop3	0.000000	0.000000	0.000000	0.000000	0.000000	0.000000	0.000000	0.000000	0.000000	0.000000	0.000000	0.000000	0.000000	0.000000	0.000000	0.000000	0.000000	0	0.000000	0.000000
51	2026-09-25T05:30:14.669683239Z	51014	loop4	0.000000	0.000000	0.000000	0.000000	0.000000	0.000000	0.000000	0.000000	0.000000	0.000000	0.000000	0.000000	0.000000	0.000000	0.000000	0.000000	0.000000	0	0.000000	0.000000
51	2026-09-25T05:30:14.669683239Z	51014	loop5	0.000000	0.000000	0.000000	0.000000	0.000000	0.000000	0.000000	0.000000	0.000000	0.000000	0.000000	0.000000	0.000000	0.000000	0.000000	0.000000	0.000000	0	0.000000	0.000000
51	2026-09-25T05:30:14.669683239Z	51014	loop6	0.000000	0.000000	0.000000	0.000000	0.000000	0.000000	0.000000	0.000000	0.000000	0.000000	0.000000	0.000000	0.000000	0.000000	0.000000	0.000000	0.000000	0	0.000000	0.000000
51	2026-09-25T05:30:14.669683239Z	51014	loop7	0.000000	0.000000	0.000000	0.000000	0.000000	0.000000	0.000000	0.000000	0.000000	0.000000	0.000000	0.000000	0.000000	0.000000	0.000000	0.000000	0.000000	0	0.000000	0.000000
51	2026-09-25T05:30:14.669683239Z	51014	nvme0n1	8.993406	362.734032	0.000000	0.000000	0.000000	213.843203	0.000000	180091.950819	10510821.129602	0.000000	0.666667	1.082645	0.000000	0.000000	20024.888889	28976.661157	0.000000	0	25.581243	0.398708
52	2026-09-25T05:30:15.668977339Z	52014	loop0	0.000000	0.000000	0.000000	0.000000	0.000000	0.000000	0.000000	0.000000	0.000000	0.000000	0.000000	0.000000	0.000000	0.000000	0.000000	0.000000	0.000000	0	0.000000	0.000000
52	2026-09-25T05:30:15.668977339Z	52014	loop1	0.000000	0.000000	0.000000	0.000000	0.000000	0.000000	0.000000	0.000000	0.000000	0.000000	0.000000	0.000000	0.000000	0.000000	0.000000	0.000000	0.000000	0	0.000000	0.000000
52	2026-09-25T05:30:15.668977339Z	52014	loop2	0.000000	0.000000	0.000000	0.000000	0.000000	0.000000	0.000000	0.000000	0.000000	0.000000	0.000000	0.000000	0.000000	0.000000	0.000000	0.000000	0.000000	0	0.000000	0.000000
52	2026-09-25T05:30:15.668977339Z	52014	loop3	0.000000	0.000000	0.000000	0.000000	0.000000	0.000000	0.000000	0.000000	0.000000	0.000000	0.000000	0.000000	0.000000	0.000000	0.000000	0.000000	0.000000	0	0.000000	0.000000
52	2026-09-25T05:30:15.668977339Z	52014	loop4	0.000000	0.000000	0.000000	0.000000	0.000000	0.000000	0.000000	0.000000	0.000000	0.000000	0.000000	0.000000	0.000000	0.000000	0.000000	0.000000	0.000000	0	0.000000	0.000000
52	2026-09-25T05:30:15.668977339Z	52014	loop5	0.000000	0.000000	0.000000	0.000000	0.000000	0.000000	0.000000	0.000000	0.000000	0.000000	0.000000	0.000000	0.000000	0.000000	0.000000	0.000000	0.000000	0	0.000000	0.000000
52	2026-09-25T05:30:15.668977339Z	52014	loop6	0.000000	0.000000	0.000000	0.000000	0.000000	0.000000	0.000000	0.000000	0.000000	0.000000	0.000000	0.000000	0.000000	0.000000	0.000000	0.000000	0.000000	0	0.000000	0.000000
52	2026-09-25T05:30:15.668977339Z	52014	loop7	0.000000	0.000000	0.000000	0.000000	0.000000	0.000000	0.000000	0.000000	0.000000	0.000000	0.000000	0.000000	0.000000	0.000000	0.000000	0.000000	0.000000	0	0.000000	0.000000
52	2026-09-25T05:30:15.668977339Z	52014	nvme0n1	30.021190	388.274054	0.000000	0.000000	0.000000	277.195652	0.000000	2283083.457381	13317303.685874	0.000000	0.800000	1.134021	0.000000	0.000000	76049.066667	34298.721649	0.000000	0	37.626558	0.464328
53	2026-09-25T05:30:16.669083638Z	53014	loop0	0.000000	0.000000	0.000000	0.000000	0.000000	0.000000	0.000000	0.000000	0.000000	0.000000	0.000000	0.000000	0.000000	0.000000	0.000000	0.000000	0.000000	0	0.000000	0.000000
53	2026-09-25T05:30:16.669083638Z	53014	loop1	0.000000	0.000000	0.000000	0.000000	0.000000	0.000000	0.000000	0.000000	0.000000	0.000000	0.000000	0.000000	0.000000	0.000000	0.000000	0.000000	0.000000	0	0.000000	0.000000
53	2026-09-25T05:30:16.669083638Z	53014	loop2	0.000000	0.000000	0.000000	0.000000	0.000000	0.000000	0.000000	0.000000	0.000000	0.000000	0.000000	0.000000	0.000000	0.000000	0.000000	0.000000	0.000000	0	0.000000	0.000000
53	2026-09-25T05:30:16.669083638Z	53014	loop3	0.000000	0.000000	0.000000	0.000000	0.000000	0.000000	0.000000	0.000000	0.000000	0.000000	0.000000	0.000000	0.000000	0.000000	0.000000	0.000000	0.000000	0	0.000000	0.000000
53	2026-09-25T05:30:16.669083638Z	53014	loop4	0.000000	0.000000	0.000000	0.000000	0.000000	0.000000	0.000000	0.000000	0.000000	0.000000	0.000000	0.000000	0.000000	0.000000	0.000000	0.000000	0.000000	0	0.000000	0.000000
53	2026-09-25T05:30:16.669083638Z	53014	loop5	0.000000	0.000000	0.000000	0.000000	0.000000	0.000000	0.000000	0.000000	0.000000	0.000000	0.000000	0.000000	0.000000	0.000000	0.000000	0.000000	0.000000	0	0.000000	0.000000
53	2026-09-25T05:30:16.669083638Z	53014	loop6	0.000000	0.000000	0.000000	0.000000	0.000000	0.000000	0.000000	0.000000	0.000000	0.000000	0.000000	0.000000	0.000000	0.000000	0.000000	0.000000	0.000000	0	0.000000	0.000000
53	2026-09-25T05:30:16.669083638Z	53014	loop7	0.000000	0.000000	0.000000	0.000000	0.000000	0.000000	0.000000	0.000000	0.000000	0.000000	0.000000	0.000000	0.000000	0.000000	0.000000	0.000000	0.000000	0	0.000000	0.000000
53	2026-09-25T05:30:16.669083638Z	53014	nvme0n1	11.998725	2392.745835	0.000000	0.000000	0.000000	249.973447	0.000000	61433.474352	36888753.565930	0.000000	0.666667	0.979106	0.000000	0.000000	5120.000000	15416.912662	0.000000	0	37.995964	2.350750
54	2026-09-25T05:30:17.669254126Z	54014	loop0	0.000000	0.000000	0.000000	0.000000	0.000000	0.000000	0.000000	0.000000	0.000000	0.000000	0.000000	0.000000	0.000000	0.000000	0.000000	0.000000	0.000000	0	0.000000	0.000000
54	2026-09-25T05:30:17.669254126Z	54014	loop1	0.000000	0.000000	0.000000	0.000000	0.000000	0.000000	0.000000	0.000000	0.000000	0.000000	0.000000	0.000000	0.000000	0.000000	0.000000	0.000000	0.000000	0	0.000000	0.000000
54	2026-09-25T05:30:17.669254126Z	54014	loop2	0.000000	0.000000	0.000000	0.000000	0.000000	0.000000	0.000000	0.000000	0.000000	0.000000	0.000000	0.000000	0.000000	0.000000	0.000000	0.000000	0.000000	0	0.000000	0.000000
54	2026-09-25T05:30:17.669254126Z	54014	loop3	0.000000	0.000000	0.000000	0.000000	0.000000	0.000000	0.000000	0.000000	0.000000	0.000000	0.000000	0.000000	0.000000	0.000000	0.000000	0.000000	0.000000	0	0.000000	0.000000
54	2026-09-25T05:30:17.669254126Z	54014	loop4	0.000000	0.000000	0.000000	0.000000	0.000000	0.000000	0.000000	0.000000	0.000000	0.000000	0.000000	0.000000	0.000000	0.000000	0.000000	0.000000	0.000000	0	0.000000	0.000000
54	2026-09-25T05:30:17.669254126Z	54014	loop5	0.000000	0.000000	0.000000	0.000000	0.000000	0.000000	0.000000	0.000000	0.000000	0.000000	0.000000	0.000000	0.000000	0.000000	0.000000	0.000000	0.000000	0	0.000000	0.000000
54	2026-09-25T05:30:17.669254126Z	54014	loop6	0.000000	0.000000	0.000000	0.000000	0.000000	0.000000	0.000000	0.000000	0.000000	0.000000	0.000000	0.000000	0.000000	0.000000	0.000000	0.000000	0.000000	0	0.000000	0.000000
54	2026-09-25T05:30:17.669254126Z	54014	loop7	0.000000	0.000000	0.000000	0.000000	0.000000	0.000000	0.000000	0.000000	0.000000	0.000000	0.000000	0.000000	0.000000	0.000000	0.000000	0.000000	0.000000	0	0.000000	0.000000
54	2026-09-25T05:30:17.669254126Z	54014	nvme0n1	6.998807	380.935050	0.000000	0.000000	0.000000	230.960621	0.000000	40953.017429	12658577.687187	0.000000	0.571429	1.120735	0.000000	0.000000	5851.428571	33230.278215	0.000000	0	25.995568	0.430927
55	2026-09-25T05:30:18.669140416Z	55014	loop0	0.000000	0.000000	0.000000	0.000000	0.000000	0.000000	0.000000	0.000000	0.000000	0.000000	0.000000	0.000000	0.000000	0.000000	0.000000	0.000000	0.000000	0	0.000000	0.000000
55	2026-09-25T05:30:18.669140416Z	55014	loop1	0.000000	0.000000	0.000000	0.000000	0.000000	0.000000	0.000000	0.000000	0.000000	0.000000	0.000000	0.000000	0.000000	0.000000	0.000000	0.000000	0.000000	0	0.000000	0.000000
55	2026-09-25T05:30:18.669140416Z	55014	loop2	0.000000	0.000000	0.000000	0.000000	0.000000	0.000000	0.000000	0.000000	0.000000	0.000000	0.000000	0.000000	0.000000	0.000000	0.000000	0.000000	0.000000	0	0.000000	0.000000
55	2026-09-25T05:30:18.669140416Z	55014	loop3	0.000000	0.000000	0.000000	0.000000	0.000000	0.000000	0.000000	0.000000	0.000000	0.000000	0.000000	0.000000	0.000000	0.000000	0.000000	0.000000	0.000000	0	0.000000	0.000000
55	2026-09-25T05:30:18.669140416Z	55014	loop4	0.000000	0.000000	0.000000	0.000000	0.000000	0.000000	0.000000	0.000000	0.000000	0.000000	0.000000	0.000000	0.000000	0.000000	0.000000	0.000000	0.000000	0	0.000000	0.000000
55	2026-09-25T05:30:18.669140416Z	55014	loop5	0.000000	0.000000	0.000000	0.000000	0.000000	0.000000	0.000000	0.000000	0.000000	0.000000	0.000000	0.000000	0.000000	0.000000	0.000000	0.000000	0.000000	0	0.000000	0.000000
55	2026-09-25T05:30:18.669140416Z	55014	loop6	0.000000	0.000000	0.000000	0.000000	0.000000	0.000000	0.000000	0.000000	0.000000	0.000000	0.000000	0.000000	0.000000	0.000000	0.000000	0.000000	0.000000	0	0.000000	0.000000
55	2026-09-25T05:30:18.669140416Z	55014	loop7	0.000000	0.000000	0.000000	0.000000	0.000000	0.000000	0.000000	0.000000	0.000000	0.000000	0.000000	0.000000	0.000000	0.000000	0.000000	0.000000	0.000000	0	0.000000	0.000000
55	2026-09-25T05:30:18.669140416Z	55014	nvme0n1	10.001137	386.043869	0.000000	0.000000	0.000000	242.027504	0.000000	61446.982712	13149654.300415	0.000000	0.600000	1.129534	0.000000	0.000000	6144.000000	34062.590674	0.000000	0	28.003182	0.442050
56	2026-09-25T05:30:19.668969059Z	56014	loop0	0.000000	0.000000	0.000000	0.000000	0.000000	0.000000	0.000000	0.000000	0.000000	0.000000	0.000000	0.000000	0.000000	0.000000	0.000000	0.000000	0.000000	0	0.000000	0.000000
56	2026-09-25T05:30:19.668969059Z	56014	loop1	0.000000	0.000000	0.000000	0.000000	0.000000	0.000000	0.000000	0.000000	0.000000	0.000000	0.000000	0.000000	0.000000	0.000000	0.000000	0.000000	0.000000	0	0.000000	0.000000
56	2026-09-25T05:30:19.668969059Z	56014	loop2	0.000000	0.000000	0.000000	0.000000	0.000000	0.000000	0.000000	0.000000	0.000000	0.000000	0.000000	0.000000	0.000000	0.000000	0.000000	0.000000	0.000000	0	0.000000	0.000000
56	2026-09-25T05:30:19.668969059Z	56014	loop3	0.000000	0.000000	0.000000	0.000000	0.000000	0.000000	0.000000	0.000000	0.000000	0.000000	0.000000	0.000000	0.000000	0.000000	0.000000	0.000000	0.000000	0	0.000000	0.000000
56	2026-09-25T05:30:19.668969059Z	56014	loop4	0.000000	0.000000	0.000000	0.000000	0.000000	0.000000	0.000000	0.000000	0.000000	0.000000	0.000000	0.000000	0.000000	0.000000	0.000000	0.000000	0.000000	0	0.000000	0.000000
56	2026-09-25T05:30:19.668969059Z	56014	loop5	0.000000	0.000000	0.000000	0.000000	0.000000	0.000000	0.000000	0.000000	0.000000	0.000000	0.000000	0.000000	0.000000	0.000000	0.000000	0.000000	0.000000	0	0.000000	0.000000
56	2026-09-25T05:30:19.668969059Z	56014	loop6	0.000000	0.000000	0.000000	0.000000	0.000000	0.000000	0.000000	0.000000	0.000000	0.000000	0.000000	0.000000	0.000000	0.000000	0.000000	0.000000	0.000000	0	0.000000	0.000000
56	2026-09-25T05:30:19.668969059Z	56014	loop7	0.000000	0.000000	0.000000	0.000000	0.000000	0.000000	0.000000	0.000000	0.000000	0.000000	0.000000	0.000000	0.000000	0.000000	0.000000	0.000000	0.000000	0	0.000000	0.000000
56	2026-09-25T05:30:19.668969059Z	56014	nvme0n1	8.001372	406.069617	0.000000	0.000000	0.000000	251.043039	0.000000	90127.451631	17525692.639798	0.000000	0.625000	1.201970	0.000000	0.000000	11264.000000	43159.330049	0.000000	0	28.004801	0.492084
57	2026-09-25T05:30:20.669629281Z	57014	loop0	0.000000	0.000000	0.000000	0.000000	0.000000	0.000000	0.000000	0.000000	0.000000	0.000000	0.000000	0.000000	0.000000	0.000000	0.000000	0.000000	0.000000	0	0.000000	0.000000
57	2026-09-25T05:30:20.669629281Z	57014	loop1	0.000000	0.000000	0.000000	0.000000	0.000000	0.000000	0.000000	0.000000	0.000000	0.000000	0.000000	0.000000	0.000000	0.000000	0.000000	0.000000	0.000000	0	0.000000	0.000000
57	2026-09-25T05:30:20.669629281Z	57014	loop2	0.000000	0.000000	0.000000	0.000000	0.000000	0.000000	0.000000	0.000000	0.000000	0.000000	0.000000	0.000000	0.000000	0.000000	0.000000	0.000000	0.000000	0	0.000000	0.000000
57	2026-09-25T05:30:20.669629281Z	57014	loop3	0.000000	0.000000	0.000000	0.000000	0.000000	0.000000	0.000000	0.000000	0.000000	0.000000	0.000000	0.000000	0.000000	0.000000	0.000000	0.000000	0.000000	0	0.000000	0.000000
57	2026-09-25T05:30:20.669629281Z	57014	loop4	0.000000	0.000000	0.000000	0.000000	0.000000	0.000000	0.000000	0.000000	0.000000	0.000000	0.000000	0.000000	0.000000	0.000000	0.000000	0.000000	0.000000	0	0.000000	0.000000
57	2026-09-25T05:30:20.669629281Z	57014	loop5	0.000000	0.000000	0.000000	0.000000	0.000000	0.000000	0.000000	0.000000	0.000000	0.000000	0.000000	0.000000	0.000000	0.000000	0.000000	0.000000	0.000000	0	0.000000	0.000000
57	2026-09-25T05:30:20.669629281Z	57014	loop6	0.000000	0.000000	0.000000	0.000000	0.000000	0.000000	0.000000	0.000000	0.000000	0.000000	0.000000	0.000000	0.000000	0.000000	0.000000	0.000000	0.000000	0	0.000000	0.000000
57	2026-09-25T05:30:20.669629281Z	57014	loop7	0.000000	0.000000	0.000000	0.000000	0.000000	0.000000	0.000000	0.000000	0.000000	0.000000	0.000000	0.000000	0.000000	0.000000	0.000000	0.000000	0.000000	0	0.000000	0.000000
57	2026-09-25T05:30:20.669629281Z	57014	nvme0n1	2.998021	379.749282	0.000000	0.000000	0.000000	239.841652	0.000000	24559.785114	12746528.474224	0.000000	0.666667	1.134211	0.000000	0.000000	8192.000000	33565.642105	0.000000	0	24.783637	0.432714
58	2026-09-25T05:30:21.668974113Z	58014	loop0	0.000000	0.000000	0.000000	0.000000	0.000000	0.000000	0.000000	0.000000	0.000000	0.000000	0.000000	0.000000	0.000000	0.000000	0.000000	0.000000	0.000000	0	0.000000	0.000000
58	2026-09-25T05:30:21.668974113Z	58014	loop1	0.000000	0.000000	0.000000	0.000000	0.000000	0.000000	0.000000	0.000000	0.000000	0.000000	0.000000	0.000000	0.000000	0.000000	0.000000	0.000000	0.000000	0	0.000000	0.000000
58	2026-09-25T05:30:21.668974113Z	58014	loop2	0.000000	0.000000	0.000000	0.000000	0.000000	0.000000	0.000000	0.000000	0.000000	0.000000	0.000000	0.000000	0.000000	0.000000	0.000000	0.000000	0.000000	0	0.000000	0.000000
58	2026-09-25T05:30:21.668974113Z	58014	loop3	0.000000	0.000000	0.000000	0.000000	0.000000	0.000000	0.000000	0.000000	0.000000	0.000000	0.000000	0.000000	0.000000	0.000000	0.000000	0.000000	0.000000	0	0.000000	0.000000
58	2026-09-25T05:30:21.668974113Z	58014	loop4	0.000000	0.000000	0.000000	0.000000	0.000000	0.000000	0.000000	0.000000	0.000000	0.000000	0.000000	0.000000	0.000000	0.000000	0.000000	0.000000	0.000000	0	0.000000	0.000000
58	2026-09-25T05:30:21.668974113Z	58014	loop5	0.000000	0.000000	0.000000	0.000000	0.000000	0.000000	0.000000	0.000000	0.000000	0.000000	0.000000	0.000000	0.000000	0.000000	0.000000	0.000000	0.000000	0	0.000000	0.000000
58	2026-09-25T05:30:21.668974113Z	58014	loop6	0.000000	0.000000	0.000000	0.000000	0.000000	0.000000	0.000000	0.000000	0.000000	0.000000	0.000000	0.000000	0.000000	0.000000	0.000000	0.000000	0.000000	0	0.000000	0.000000
58	2026-09-25T05:30:21.668974113Z	58014	loop7	0.000000	0.000000	0.000000	0.000000	0.000000	0.000000	0.000000	0.000000	0.000000	0.000000	0.000000	0.000000	0.000000	0.000000	0.000000	0.000000	0.000000	0	0.000000	0.000000
58	2026-09-25T05:30:21.668974113Z	58014	nvme0n1	0.000000	2915.910210	0.000000	0.000000	0.000000	513.336286	0.000000	0.000000	61738492.824911	0.000000	0.000000	1.019904	0.000000	0.000000	0.000000	21172.974605	0.000000	12	51.633825	2.973948
59	2026-09-25T05:30:22.669673968Z	59014	loop0	0.000000	0.000000	0.000000	0.000000	0.000000	0.000000	0.000000	0.000000	0.000000	0.000000	0.000000	0.000000	0.000000	0.000000	0.000000	0.000000	0.000000	0	0.000000	0.000000
59	2026-09-25T05:30:22.669673968Z	59014	loop1	0.000000	0.000000	0.000000	0.000000	0.000000	0.000000	0.000000	0.000000	0.000000	0.000000	0.000000	0.000000	0.000000	0.000000	0.000000	0.000000	0.000000	0	0.000000	0.000000
59	2026-09-25T05:30:22.669673968Z	59014	loop2	0.000000	0.000000	0.000000	0.000000	0.000000	0.000000	0.000000	0.000000	0.000000	0.000000	0.000000	0.000000	0.000000	0.000000	0.000000	0.000000	0.000000	0	0.000000	0.000000
59	2026-09-25T05:30:22.669673968Z	59014	loop3	0.000000	0.000000	0.000000	0.000000	0.000000	0.000000	0.000000	0.000000	0.000000	0.000000	0.000000	0.000000	0.000000	0.000000	0.000000	0.000000	0.000000	0	0.000000	0.000000
59	2026-09-25T05:30:22.669673968Z	59014	loop4	0.000000	0.000000	0.000000	0.000000	0.000000	0.000000	0.000000	0.000000	0.000000	0.000000	0.000000	0.000000	0.000000	0.000000	0.000000	0.000000	0.000000	0	0.000000	0.000000
59	2026-09-25T05:30:22.669673968Z	59014	loop5	0.000000	0.000000	0.000000	0.000000	0.000000	0.000000	0.000000	0.000000	0.000000	0.000000	0.000000	0.000000	0.000000	0.000000	0.000000	0.000000	0.000000	0	0.000000	0.000000
59	2026-09-25T05:30:22.669673968Z	59014	loop6	0.000000	0.000000	0.000000	0.000000	0.000000	0.000000	0.000000	0.000000	0.000000	0.000000	0.000000	0.000000	0.000000	0.000000	0.000000	0.000000	0.000000	0	0.000000	0.000000
59	2026-09-25T05:30:22.669673968Z	59014	loop7	0.000000	0.000000	0.000000	0.000000	0.000000	0.000000	0.000000	0.000000	0.000000	0.000000	0.000000	0.000000	0.000000	0.000000	0.000000	0.000000	0.000000	0	0.000000	0.000000
59	2026-09-25T05:30:22.669673968Z	59014	nvme0n1	0.999301	1041.271341	0.000000	0.000000	0.000000	198.860842	0.000000	4093.135714	16466684.976121	0.000000	1.000000	0.976008	0.000000	0.000000	4096.000000	15814.019194	0.000000	0	28.380140	1.017288
60	2026-09-25T05:30:23.668965606Z	60014	loop0	0.000000	0.000000	0.000000	0.000000	0.000000	0.000000	0.000000	0.000000	0.000000	0.000000	0.000000	0.000000	0.000000	0.000000	0.000000	0.000000	0.000000	0	0.000000	0.000000
60	2026-09-25T05:30:23.668965606Z	60014	loop1	0.000000	0.000000	0.000000	0.000000	0.000000	0.000000	0.000000	0.000000	0.000000	0.000000	0.000000	0.000000	0.000000	0.000000	0.000000	0.000000	0.000000	0	0.000000	0.000000
60	2026-09-25T05:30:23.668965606Z	60014	loop2	0.000000	0.000000	0.000000	0.000000	0.000000	0.000000	0.000000	0.000000	0.000000	0.000000	0.000000	0.000000	0.000000	0.000000	0.000000	0.000000	0.000000	0	0.000000	0.000000
60	2026-09-25T05:30:23.668965606Z	60014	loop3	0.000000	0.000000	0.000000	0.000000	0.000000	0.000000	0.000000	0.000000	0.000000	0.000000	0.000000	0.000000	0.000000	0.000000	0.000000	0.000000	0.000000	0	0.000000	0.000000
60	2026-09-25T05:30:23.668965606Z	60014	loop4	0.000000	0.000000	0.000000	0.000000	0.000000	0.000000	0.000000	0.000000	0.000000	0.000000	0.000000	0.000000	0.000000	0.000000	0.000000	0.000000	0.000000	0	0.000000	0.000000
60	2026-09-25T05:30:23.668965606Z	60014	loop5	0.000000	0.000000	0.000000	0.000000	0.000000	0.000000	0.000000	0.000000	0.000000	0.000000	0.000000	0.000000	0.000000	0.000000	0.000000	0.000000	0.000000	0	0.000000	0.000000
60	2026-09-25T05:30:23.668965606Z	60014	loop6	0.000000	0.000000	0.000000	0.000000	0.000000	0.000000	0.000000	0.000000	0.000000	0.000000	0.000000	0.000000	0.000000	0.000000	0.000000	0.000000	0.000000	0	0.000000	0.000000
60	2026-09-25T05:30:23.668965606Z	60014	loop7	0.000000	0.000000	0.000000	0.000000	0.000000	0.000000	0.000000	0.000000	0.000000	0.000000	0.000000	0.000000	0.000000	0.000000	0.000000	0.000000	0.000000	0	0.000000	0.000000
60	2026-09-25T05:30:23.668965606Z	60014	nvme0n1	0.000000	381.270075	0.000000	0.000000	0.000000	197.139645	0.000000	0.000000	12509853.429736	0.000000	0.000000	1.120735	0.000000	0.000000	0.000000	32811.002625	0.000000	0	24.817580	0.427303
61	2026-09-25T05:30:24.669538047Z	61014	loop0	0.000000	0.000000	0.000000	0.000000	0.000000	0.000000	0.000000	0.000000	0.000000	0.000000	0.000000	0.000000	0.000000	0.000000	0.000000	0.000000	0.000000	0	0.000000	0.000000
61	2026-09-25T05:30:24.669538047Z	61014	loop1	0.000000	0.000000	0.000000	0.000000	0.000000	0.000000	0.000000	0.000000	0.000000	0.000000	0.000000	0.000000	0.000000	0.000000	0.000000	0.000000	0.000000	0	0.000000	0.000000
61	2026-09-25T05:30:24.669538047Z	61014	loop2	0.000000	0.000000	0.000000	0.000000	0.000000	0.000000	0.000000	0.000000	0.000000	0.000000	0.000000	0.000000	0.000000	0.000000	0.000000	0.000000	0.000000	0	0.000000	0.000000
61	2026-09-25T05:30:24.669538047Z	61014	loop3	0.000000	0.000000	0.000000	0.000000	0.000000	0.000000	0.000000	0.000000	0.000000	0.000000	0.000000	0.000000	0.000000	0.000000	0.000000	0.000000	0.000000	0	0.000000	0.000000
61	2026-09-25T05:30:24.669538047Z	61014	loop4	0.000000	0.000000	0.000000	0.000000	0.000000	0.000000	0.000000	0.000000	0.000000	0.000000	0.000000	0.000000	0.000000	0.000000	0.000000	0.000000	0.000000	0	0.000000	0.000000
61	2026-09-25T05:30:24.669538047Z	61014	loop5	0.000000	0.000000	0.000000	0.000000	0.000000	0.000000	0.000000	0.000000	0.000000	0.000000	0.000000	0.000000	0.000000	0.000000	0.000000	0.000000	0.000000	0	0.000000	0.000000
61	2026-09-25T05:30:24.669538047Z	61014	loop6	0.000000	0.000000	0.000000	0.000000	0.000000	0.000000	0.000000	0.000000	0.000000	0.000000	0.000000	0.000000	0.000000	0.000000	0.000000	0.000000	0.000000	0	0.000000	0.000000
61	2026-09-25T05:30:24.669538047Z	61014	loop7	0.000000	0.000000	0.000000	0.000000	0.000000	0.000000	0.000000	0.000000	0.000000	0.000000	0.000000	0.000000	0.000000	0.000000	0.000000	0.000000	0.000000	0	0.000000	0.000000
61	2026-09-25T05:30:24.669538047Z	61014	nvme0n1	3.997712	390.776302	0.000000	0.000000	0.000000	211.878711	0.000000	135090.668158	13361695.177766	0.000000	0.500000	1.132992	0.000000	0.000000	33792.000000	34192.695652	0.000000	0	24.785812	0.445745
62	2026-09-25T05:30:25.669285962Z	62014	loop0	0.000000	0.000000	0.000000	0.000000	0.000000	0.000000	0.000000	0.000000	0.000000	0.000000	0.000000	0.000000	0.000000	0.000000	0.000000	0.000000	0.000000	0	0.000000	0.000000
62	2026-09-25T05:30:25.669285962Z	62014	loop1	0.000000	0.000000	0.000000	0.000000	0.000000	0.000000	0.000000	0.000000	0.000000	0.000000	0.000000	0.000000	0.000000	0.000000	0.000000	0.000000	0.000000	0	0.000000	0.000000
62	2026-09-25T05:30:25.669285962Z	62014	loop2	0.000000	0.000000	0.000000	0.000000	0.000000	0.000000	0.000000	0.000000	0.000000	0.000000	0.000000	0.000000	0.000000	0.000000	0.000000	0.000000	0.000000	0	0.000000	0.000000
62	2026-09-25T05:30:25.669285962Z	62014	loop3	0.000000	0.000000	0.000000	0.000000	0.000000	0.000000	0.000000	0.000000	0.000000	0.000000	0.000000	0.000000	0.000000	0.000000	0.000000	0.000000	0.000000	0	0.000000	0.000000
62	2026-09-25T05:30:25.669285962Z	62014	loop4	0.000000	0.000000	0.000000	0.000000	0.000000	0.000000	0.000000	0.000000	0.000000	0.000000	0.000000	0.000000	0.000000	0.000000	0.000000	0.000000	0.000000	0	0.000000	0.000000
62	2026-09-25T05:30:25.669285962Z	62014	loop5	0.000000	0.000000	0.000000	0.000000	0.000000	0.000000	0.000000	0.000000	0.000000	0.000000	0.000000	0.000000	0.000000	0.000000	0.000000	0.000000	0.000000	0	0.000000	0.000000
62	2026-09-25T05:30:25.669285962Z	62014	loop6	0.000000	0.000000	0.000000	0.000000	0.000000	0.000000	0.000000	0.000000	0.000000	0.000000	0.000000	0.000000	0.000000	0.000000	0.000000	0.000000	0.000000	0	0.000000	0.000000
62	2026-09-25T05:30:25.669285962Z	62014	loop7	0.000000	0.000000	0.000000	0.000000	0.000000	0.000000	0.000000	0.000000	0.000000	0.000000	0.000000	0.000000	0.000000	0.000000	0.000000	0.000000	0.000000	0	0.000000	0.000000
62	2026-09-25T05:30:25.669285962Z	62014	nvme0n1	0.000000	414.104389	0.000000	0.000000	0.000000	233.058750	0.000000	0.000000	19866512.009947	0.000000	0.000000	1.251208	0.000000	0.000000	0.000000	47974.647343	0.000000	0	26.006556	0.517130
63	2026-09-25T05:30:26.669277578Z	63014	loop0	0.000000	0.000000	0.000000	0.000000	0.000000	0.000000	0.000000	0.000000	0.000000	0.000000	0.000000	0.000000	0.000000	0.000000	0.000000	0.000000	0.000000	0	0.000000	0.000000
63	2026-09-25T05:30:26.669277578Z	63014	loop1	0.000000	0.000000	0.000000	0.000000	0.000000	0.000000	0.000000	0.000000	0.000000	0.000000	0.000000	0.000000	0.000000	0.000000	0.000000	0.000000	0.000000	0	0.000000	0.000000
63	2026-09-25T05:30:26.669277578Z	63014	loop2	0.000000	0.000000	0.000000	0.000000	0.000000	0.000000	0.000000	0.000000	0.000000	0.000000	0.000000	0.000000	0.000000	0.000000	0.000000	0.000000	0.000000	0	0.000000	0.000000
63	2026-09-25T05:30:26.669277578Z	63014	loop3	0.000000	0.000000	0.000000	0.000000	0.000000	0.000000	0.000000	0.000000	0.000000	0.000000	0.000000	0.000000	0.000000	0.000000	0.000000	0.000000	0.000000	0	0.000000	0.000000
63	2026-09-25T05:30:26.669277578Z	63014	loop4	0.000000	0.000000	0.000000	0.000000	0.000000	0.000000	0.000000	0.000000	0.000000	0.000000	0.000000	0.000000	0.000000	0.000000	0.000000	0.000000	0.000000	0	0.000000	0.000000
63	2026-09-25T05:30:26.669277578Z	63014	loop5	0.000000	0.000000	0.000000	0.000000	0.000000	0.000000	0.000000	0.000000	0.000000	0.000000	0.000000	0.000000	0.000000	0.000000	0.000000	0.000000	0.000000	0	0.000000	0.000000
63	2026-09-25T05:30:26.669277578Z	63014	loop6	0.000000	0.000000	0.000000	0.000000	0.000000	0.000000	0.000000	0.000000	0.000000	0.000000	0.000000	0.000000	0.000000	0.000000	0.000000	0.000000	0.000000	0	0.000000	0.000000
63	2026-09-25T05:30:26.669277578Z	63014	loop7	0.000000	0.000000	0.000000	0.000000	0.000000	0.000000	0.000000	0.000000	0.000000	0.000000	0.000000	0.000000	0.000000	0.000000	0.000000	0.000000	0.000000	0	0.000000	0.000000
63	2026-09-25T05:30:26.669277578Z	63014	nvme0n1	1.000008	380.003185	0.000000	0.000000	0.000000	246.002062	0.000000	4096.034333	13205614.689462	0.000000	1.000000	1.134211	0.000000	0.000000	4096.000000	34751.326316	0.000000	0	25.600215	0.432004
64	2026-09-25T05:30:27.668976354Z	64014	loop0	0.000000	0.000000	0.000000	0.000000	0.000000	0.000000	0.000000	0.000000	0.000000	0.000000	0.000000	0.000000	0.000000	0.000000	0.000000	0.000000	0.000000	0	0.000000	0.000000
64	2026-09-25T05:30:27.668976354Z	64014	loop1	0.000000	0.000000	0.000000	0.000000	0.000000	0.000000	0.000000	0.000000	0.000000	0.000000	0.000000	0.000000	0.000000	0.000000	0.000000	0.000000	0.000000	0	0.000000	0.000000
64	2026-09-25T05:30:27.668976354Z	64014	loop2	0.000000	0.000000	0.000000	0.000000	0.000000	0.000000	0.000000	0.000000	0.000000	0.000000	0.000000	0.000000	0.000000	0.000000	0.000000	0.000000	0.000000	0	0.000000	0.000000
64	2026-09-25T05:30:27.668976354Z	64014	loop3	0.000000	0.000000	0.000000	0.000000	0.000000	0.000000	0.000000	0.000000	0.000000	0.000000	0.000000	0.000000	0.000000	0.000000	0.000000	0.000000	0.000000	0	0.000000	0.000000
64	2026-09-25T05:30:27.668976354Z	64014	loop4	0.000000	0.000000	0.000000	0.000000	0.000000	0.000000	0.000000	0.000000	0.000000	0.000000	0.000000	0.000000	0.000000	0.000000	0.000000	0.000000	0.000000	0	0.000000	0.000000
64	2026-09-25T05:30:27.668976354Z	64014	loop5	0.000000	0.000000	0.000000	0.000000	0.000000	0.000000	0.000000	0.000000	0.000000	0.000000	0.000000	0.000000	0.000000	0.000000	0.000000	0.000000	0.000000	0	0.000000	0.000000
64	2026-09-25T05:30:27.668976354Z	64014	loop6	0.000000	0.000000	0.000000	0.000000	0.000000	0.000000	0.000000	0.000000	0.000000	0.000000	0.000000	0.000000	0.000000	0.000000	0.000000	0.000000	0.000000	0	0.000000	0.000000
64	2026-09-25T05:30:27.668976354Z	64014	loop7	0.000000	0.000000	0.000000	0.000000	0.000000	0.000000	0.000000	0.000000	0.000000	0.000000	0.000000	0.000000	0.000000	0.000000	0.000000	0.000000	0.000000	0	0.000000	0.000000
64	2026-09-25T05:30:27.668976354Z	64014	nvme0n1	0.000000	3166.953972	0.000000	0.000000	0.000000	288.086780	0.000000	0.000000	54382589.504289	0.000000	0.000000	0.993683	0.000000	0.000000	0.000000	17171.891346	0.000000	0	44.013258	3.147948
65	2026-09-25T05:30:28.668957015Z	65014	loop0	0.000000	0.000000	0.000000	0.000000	0.000000	0.000000	0.000000	0.000000	0.000000	0.000000	0.000000	0.000000	0.000000	0.000000	0.000000	0.000000	0.000000	0	0.000000	0.000000
65	2026-09-25T05:30:28.668957015Z	65014	loop1	0.000000	0.000000	0.000000	0.000000	0.000000	0.000000	0.000000	0.000000	0.000000	0.000000	0.000000	0.000000	0.000000	0.000000	0.000000	0.000000	0.000000	0	0.000000	0.000000
65	2026-09-25T05:30:28.668957015Z	65014	loop2	0.000000	0.000000	0.000000	0.000000	0.000000	0.000000	0.000000	0.000000	0.000000	0.000000	0.000000	0.000000	0.000000	0.000000	0.000000	0.000000	0.000000	0	0.000000	0.000000
65	2026-09-25T05:30:28.668957015Z	65014	loop3	0.000000	0.000000	0.000000	0.000000	0.000000	0.000000	0.000000	0.000000	0.000000	0.000000	0.000000	0.000000	0.000000	0.000000	0.000000	0.000000	0.000000	0	0.000000	0.000000
65	2026-09-25T05:30:28.668957015Z	65014	loop4	0.000000	0.000000	0.000000	0.000000	0.000000	0.000000	0.000000	0.000000	0.000000	0.000000	0.000000	0.000000	0.000000	0.000000	0.000000	0.000000	0.000000	0	0.000000	0.000000
65	2026-09-25T05:30:28.668957015Z	65014	loop5	0.000000	0.000000	0.000000	0.000000	0.000000	0.000000	0.000000	0.000000	0.000000	0.000000	0.000000	0.000000	0.000000	0.000000	0.000000	0.000000	0.000000	0	0.000000	0.000000
65	2026-09-25T05:30:28.668957015Z	65014	loop6	0.000000	0.000000	0.000000	0.000000	0.000000	0.000000	0.000000	0.000000	0.000000	0.000000	0.000000	0.000000	0.000000	0.000000	0.000000	0.000000	0.000000	0	0.000000	0.000000
65	2026-09-25T05:30:28.668957015Z	65014	loop7	0.000000	0.000000	0.000000	0.000000	0.000000	0.000000	0.000000	0.000000	0.000000	0.000000	0.000000	0.000000	0.000000	0.000000	0.000000	0.000000	0.000000	0	0.000000	0.000000
65	2026-09-25T05:30:28.668957015Z	65014	nvme0n1	0.000000	384.007427	0.000000	0.000000	0.000000	230.004449	0.000000	0.000000	13385986.911759	0.000000	0.000000	1.135417	0.000000	0.000000	0.000000	34858.666667	0.000000	0	26.000503	0.436008
66	2026-09-25T05:30:29.66964749Z	66014	loop0	0.000000	0.000000	0.000000	0.000000	0.000000	0.000000	0.000000	0.000000	0.000000	0.000000	0.000000	0.000000	0.000000	0.000000	0.000000	0.000000	0.000000	0	0.000000	0.000000
66	2026-09-25T05:30:29.66964749Z	66014	loop1	0.000000	0.000000	0.000000	0.000000	0.000000	0.000000	0.000000	0.000000	0.000000	0.000000	0.000000	0.000000	0.000000	0.000000	0.000000	0.000000	0.000000	0	0.000000	0.000000
66	2026-09-25T05:30:29.66964749Z	66014	loop2	0.000000	0.000000	0.000000	0.000000	0.000000	0.000000	0.000000	0.000000	0.000000	0.000000	0.000000	0.000000	0.000000	0.000000	0.000000	0.000000	0.000000	0	0.000000	0.000000
66	2026-09-25T05:30:29.66964749Z	66014	loop3	0.000000	0.000000	0.000000	0.000000	0.000000	0.000000	0.000000	0.000000	0.000000	0.000000	0.000000	0.000000	0.000000	0.000000	0.000000	0.000000	0.000000	0	0.000000	0.000000
66	2026-09-25T05:30:29.66964749Z	66014	loop4	0.000000	0.000000	0.000000	0.000000	0.000000	0.000000	0.000000	0.000000	0.000000	0.000000	0.000000	0.000000	0.000000	0.000000	0.000000	0.000000	0.000000	0	0.000000	0.000000
66	2026-09-25T05:30:29.66964749Z	66014	loop5	0.000000	0.000000	0.000000	0.000000	0.000000	0.000000	0.000000	0.000000	0.000000	0.000000	0.000000	0.000000	0.000000	0.000000	0.000000	0.000000	0.000000	0	0.000000	0.000000
66	2026-09-25T05:30:29.66964749Z	66014	loop6	0.000000	0.000000	0.000000	0.000000	0.000000	0.000000	0.000000	0.000000	0.000000	0.000000	0.000000	0.000000	0.000000	0.000000	0.000000	0.000000	0.000000	0	0.000000	0.000000
66	2026-09-25T05:30:29.66964749Z	66014	loop7	0.000000	0.000000	0.000000	0.000000	0.000000	0.000000	0.000000	0.000000	0.000000	0.000000	0.000000	0.000000	0.000000	0.000000	0.000000	0.000000	0.000000	0	0.000000	0.000000
66	2026-09-25T05:30:29.66964749Z	66014	nvme0n1	0.000000	382.735731	0.000000	0.000000	0.000000	230.840610	0.000000	0.000000	13617989.118963	0.000000	0.000000	1.146214	0.000000	0.000000	0.000000	35580.657963	0.000000	0	25.582336	0.437698
67	2026-09-25T05:30:30.669651894Z	67014	loop0	0.000000	0.000000	0.000000	0.000000	0.000000	0.000000	0.000000	0.000000	0.000000	0.000000	0.000000	0.000000	0.000000	0.000000	0.000000	0.000000	0.000000	0	0.000000	0.000000
67	2026-09-25T05:30:30.669651894Z	67014	loop1	0.000000	0.000000	0.000000	0.000000	0.000000	0.000000	0.000000	0.000000	0.000000	0.000000	0.000000	0.000000	0.000000	0.000000	0.000000	0.000000	0.000000	0	0.000000	0.000000
67	2026-09-25T05:30:30.669651894Z	67014	loop2	0.000000	0.000000	0.000000	0.000000	0.000000	0.000000	0.000000	0.000000	0.000000	0.000000	0.000000	0.000000	0.000000	0.000000	0.000000	0.000000	0.000000	0	0.000000	0.000000
67	2026-09-25T05:30:30.669651894Z	67014	loop3	0.000000	0.000000	0.000000	0.000000	0.000000	0.000000	0.000000	0.000000	0.000000	0.000000	0.000000	0.000000	0.000000	0.000000	0.000000	0.000000	0.000000	0	0.000000	0.000000
67	2026-09-25T05:30:30.669651894Z	67014	loop4	0.000000	0.000000	0.000000	0.000000	0.000000	0.000000	0.000000	0.000000	0.000000	0.000000	0.000000	0.000000	0.000000	0.000000	0.000000	0.000000	0.000000	0	0.000000	0.000000
67	2026-09-25T05:30:30.669651894Z	67014	loop5	0.000000	0.000000	0.000000	0.000000	0.000000	0.000000	0.000000	0.000000	0.000000	0.000000	0.000000	0.000000	0.000000	0.000000	0.000000	0.000000	0.000000	0	0.000000	0.000000
67	2026-09-25T05:30:30.669651894Z	67014	loop6	0.000000	0.000000	0.000000	0.000000	0.000000	0.000000	0.000000	0.000000	0.000000	0.000000	0.000000	0.000000	0.000000	0.000000	0.000000	0.000000	0.000000	0	0.000000	0.000000
67	2026-09-25T05:30:30.669651894Z	67014	loop7	0.000000	0.000000	0.000000	0.000000	0.000000	0.000000	0.000000	0.000000	0.000000	0.000000	0.000000	0.000000	0.000000	0.000000	0.000000	0.000000	0.000000	0	0.000000	0.000000
67	2026-09-25T05:30:30.669651894Z	67014	nvme0n1	0.000000	406.998206	0.000000	0.000000	0.000000	248.998903	0.000000	0.000000	17674162.109968	0.000000	0.000000	1.208845	0.000000	0.000000	0.000000	43425.651106	0.000000	0	24.799891	0.491998
68	2026-09-25T05:30:31.668958166Z	68014	loop0	0.000000	0.000000	0.000000	0.000000	0.000000	0.000000	0.000000	0.000000	0.000000	0.000000	0.000000	0.000000	0.000000	0.000000	0.000000	0.000000	0.000000	0	0.000000	0.000000
68	2026-09-25T05:30:31.668958166Z	68014	loop1	0.000000	0.000000	0.000000	0.000000	0.000000	0.000000	0.000000	0.000000	0.000000	0.000000	0.000000	0.000000	0.000000	0.000000	0.000000	0.000000	0.000000	0	0.000000	0.000000
68	2026-09-25T05:30:31.668958166Z	68014	loop2	0.000000	0.000000	0.000000	0.000000	0.000000	0.000000	0.000000	0.000000	0.000000	0.000000	0.000000	0.000000	0.000000	0.000000	0.000000	0.000000	0.000000	0	0.000000	0.000000
68	2026-09-25T05:30:31.668958166Z	68014	loop3	0.000000	0.000000	0.000000	0.000000	0.000000	0.000000	0.000000	0.000000	0.000000	0.000000	0.000000	0.000000	0.000000	0.000000	0.000000	0.000000	0.000000	0	0.000000	0.000000
68	2026-09-25T05:30:31.668958166Z	68014	loop4	0.000000	0.000000	0.000000	0.000000	0.000000	0.000000	0.000000	0.000000	0.000000	0.000000	0.000000	0.000000	0.000000	0.000000	0.000000	0.000000	0.000000	0	0.000000	0.000000
68	2026-09-25T05:30:31.668958166Z	68014	loop5	0.000000	0.000000	0.000000	0.000000	0.000000	0.000000	0.000000	0.000000	0.000000	0.000000	0.000000	0.000000	0.000000	0.000000	0.000000	0.000000	0.000000	0	0.000000	0.000000
68	2026-09-25T05:30:31.668958166Z	68014	loop6	0.000000	0.000000	0.000000	0.000000	0.000000	0.000000	0.000000	0.000000	0.000000	0.000000	0.000000	0.000000	0.000000	0.000000	0.000000	0.000000	0.000000	0	0.000000	0.000000
68	2026-09-25T05:30:31.668958166Z	68014	loop7	0.000000	0.000000	0.000000	0.000000	0.000000	0.000000	0.000000	0.000000	0.000000	0.000000	0.000000	0.000000	0.000000	0.000000	0.000000	0.000000	0.000000	0	0.000000	0.000000
68	2026-09-25T05:30:31.668958166Z	68014	nvme0n1	4.002777	397.275601	0.000000	0.000000	0.000000	254.176329	0.000000	24593.060895	13673741.857591	0.000000	0.500000	1.133501	0.000000	0.000000	6144.000000	34418.780856	0.000000	0	25.617772	0.453314
69	2026-09-25T05:30:32.668971412Z	69014	loop0	0.000000	0.000000	0.000000	0.000000	0.000000	0.000000	0.000000	0.000000	0.000000	0.000000	0.000000	0.000000	0.000000	0.000000	0.000000	0.000000	0.000000	0	0.000000	0.000000
69	2026-09-25T05:30:32.668971412Z	69014	loop1	0.000000	0.000000	0.000000	0.000000	0.000000	0.000000	0.000000	0.000000	0.000000	0.000000	0.000000	0.000000	0.000000	0.000000	0.000000	0.000000	0.000000	0	0.000000	0.000000
69	2026-09-25T05:30:32.668971412Z	69014	loop2	0.000000	0.000000	0.000000	0.000000	0.000000	0.000000	0.000000	0.000000	0.000000	0.000000	0.000000	0.000000	0.000000	0.000000	0.000000	0.000000	0.000000	0	0.000000	0.000000
69	2026-09-25T05:30:32.668971412Z	69014	loop3	0.000000	0.000000	0.000000	0.000000	0.000000	0.000000	0.000000	0.000000	0.000000	0.000000	0.000000	0.000000	0.000000	0.000000	0.000000	0.000000	0.000000	0	0.000000	0.000000
69	2026-09-25T05:30:32.668971412Z	69014	loop4	0.000000	0.000000	0.000000	0.000000	0.000000	0.000000	0.000000	0.000000	0.000000	0.000000	0.000000	0.000000	0.000000	0.000000	0.000000	0.000000	0.000000	0	0.000000	0.000000
69	2026-09-25T05:30:32.668971412Z	69014	loop5	0.000000	0.000000	0.000000	0.000000	0.000000	0.000000	0.000000	0.000000	0.000000	0.000000	0.000000	0.000000	0.000000	0.000000	0.000000	0.000000	0.000000	0	0.000000	0.000000
69	2026-09-25T05:30:32.668971412Z	69014	loop6	0.000000	0.000000	0.000000	0.000000	0.000000	0.000000	0.000000	0.000000	0.000000	0.000000	0.000000	0.000000	0.000000	0.000000	0.000000	0.000000	0.000000	0	0.000000	0.000000
69	2026-09-25T05:30:32.668971412Z	69014	loop7	0.000000	0.000000	0.000000	0.000000	0.000000	0.000000	0.000000	0.000000	0.000000	0.000000	0.000000	0.000000	0.000000	0.000000	0.000000	0.000000	0.000000	0	0.000000	0.000000
69	2026-09-25T05:30:32.668971412Z	69014	nvme0n1	0.999987	2032.972933	0.000000	0.000000	0.000000	239.996805	0.000000	4095.945467	22019802.828345	0.000000	1.000000	0.938023	0.000000	0.000000	4096.000000	10831.331038	0.000000	0	38.799483	1.906975
70	2026-09-25T05:30:33.668956899Z	70014	loop0	0.000000	0.000000	0.000000	0.000000	0.000000	0.000000	0.000000	0.000000	0.000000	0.000000	0.000000	0.000000	0.000000	0.000000	0.000000	0.000000	0.000000	0	0.000000	0.000000
70	2026-09-25T05:30:33.668956899Z	70014	loop1	0.000000	0.000000	0.000000	0.000000	0.000000	0.000000	0.000000	0.000000	0.000000	0.000000	0.000000	0.000000	0.000000	0.000000	0.000000	0.000000	0.000000	0	0.000000	0.000000
70	2026-09-25T05:30:33.668956899Z	70014	loop2	0.000000	0.000000	0.000000	0.000000	0.000000	0.000000	0.000000	0.000000	0.000000	0.000000	0.000000	0.000000	0.000000	0.000000	0.000000	0.000000	0.000000	0	0.000000	0.000000
70	2026-09-25T05:30:33.668956899Z	70014	loop3	0.000000	0.000000	0.000000	0.000000	0.000000	0.000000	0.000000	0.000000	0.000000	0.000000	0.000000	0.000000	0.000000	0.000000	0.000000	0.000000	0.000000	0	0.000000	0.000000
70	2026-09-25T05:30:33.668956899Z	70014	loop4	0.000000	0.000000	0.000000	0.000000	0.000000	0.000000	0.000000	0.000000	0.000000	0.000000	0.000000	0.000000	0.000000	0.000000	0.000000	0.000000	0.000000	0	0.000000	0.000000
70	2026-09-25T05:30:33.668956899Z	70014	loop5	0.000000	0.000000	0.000000	0.000000	0.000000	0.000000	0.000000	0.000000	0.000000	0.000000	0.000000	0.000000	0.000000	0.000000	0.000000	0.000000	0.000000	0	0.000000	0.000000
70	2026-09-25T05:30:33.668956899Z	70014	loop6	0.000000	0.000000	0.000000	0.000000	0.000000	0.000000	0.000000	0.000000	0.000000	0.000000	0.000000	0.000000	0.000000	0.000000	0.000000	0.000000	0.000000	0	0.000000	0.000000
70	2026-09-25T05:30:33.668956899Z	70014	loop7	0.000000	0.000000	0.000000	0.000000	0.000000	0.000000	0.000000	0.000000	0.000000	0.000000	0.000000	0.000000	0.000000	0.000000	0.000000	0.000000	0.000000	0	0.000000	0.000000
70	2026-09-25T05:30:33.668956899Z	70014	nvme0n1	21.000306	2361.034419	0.000000	0.000000	0.000000	271.003951	0.000000	192514.806481	40751698.078255	0.000000	0.619048	1.036425	0.000000	0.000000	9167.238095	17260.103346	0.000000	0	35.600519	2.460036
71	2026-09-25T05:30:34.668967938Z	71014	loop0	0.000000	0.000000	0.000000	0.000000	0.000000	0.000000	0.000000	0.000000	0.000000	0.000000	0.000000	0.000000	0.000000	0.000000	0.000000	0.000000	0.000000	0	0.000000	0.000000
71	2026-09-25T05:30:34.668967938Z	71014	loop1	0.000000	0.000000	0.000000	0.000000	0.000000	0.000000	0.000000	0.000000	0.000000	0.000000	0.000000	0.000000	0.000000	0.000000	0.000000	0.000000	0.000000	0	0.000000	0.000000
71	2026-09-25T05:30:34.668967938Z	71014	loop2	0.000000	0.000000	0.000000	0.000000	0.000000	0.000000	0.000000	0.000000	0.000000	0.000000	0.000000	0.000000	0.000000	0.000000	0.000000	0.000000	0.000000	0	0.000000	0.000000
71	2026-09-25T05:30:34.668967938Z	71014	loop3	0.000000	0.000000	0.000000	0.000000	0.000000	0.000000	0.000000	0.000000	0.000000	0.000000	0.000000	0.000000	0.000000	0.000000	0.000000	0.000000	0.000000	0	0.000000	0.000000
71	2026-09-25T05:30:34.668967938Z	71014	loop4	0.000000	0.000000	0.000000	0.000000	0.000000	0.000000	0.000000	0.000000	0.000000	0.000000	0.000000	0.000000	0.000000	0.000000	0.000000	0.000000	0.000000	0	0.000000	0.000000
71	2026-09-25T05:30:34.668967938Z	71014	loop5	0.000000	0.000000	0.000000	0.000000	0.000000	0.000000	0.000000	0.000000	0.000000	0.000000	0.000000	0.000000	0.000000	0.000000	0.000000	0.000000	0.000000	0	0.000000	0.000000
71	2026-09-25T05:30:34.668967938Z	71014	loop6	0.000000	0.000000	0.000000	0.000000	0.000000	0.000000	0.000000	0.000000	0.000000	0.000000	0.000000	0.000000	0.000000	0.000000	0.000000	0.000000	0.000000	0	0.000000	0.000000
71	2026-09-25T05:30:34.668967938Z	71014	loop7	0.000000	0.000000	0.000000	0.000000	0.000000	0.000000	0.000000	0.000000	0.000000	0.000000	0.000000	0.000000	0.000000	0.000000	0.000000	0.000000	0.000000	0	0.000000	0.000000
71	2026-09-25T05:30:34.668967938Z	71014	nvme0n1	0.000000	384.995752	0.000000	0.000000	0.000000	237.997374	0.000000	0.000000	13291373.356278	0.000000	0.000000	1.137662	0.000000	0.000000	0.000000	34523.428571	0.000000	0	25.999713	0.437995
72	2026-09-25T05:30:35.668963328Z	72014	loop0	0.000000	0.000000	0.000000	0.000000	0.000000	0.000000	0.000000	0.000000	0.000000	0.000000	0.000000	0.000000	0.000000	0.000000	0.000000	0.000000	0.000000	0	0.000000	0.000000
72	2026-09-25T05:30:35.668963328Z	72014	loop1	0.000000	0.000000	0.000000	0.000000	0.000000	0.000000	0.000000	0.000000	0.000000	0.000000	0.000000	0.000000	0.000000	0.000000	0.000000	0.000000	0.000000	0	0.000000	0.000000
72	2026-09-25T05:30:35.668963328Z	72014	loop2	0.000000	0.000000	0.000000	0.000000	0.000000	0.000000	0.000000	0.000000	0.000000	0.000000	0.000000	0.000000	0.000000	0.000000	0.000000	0.000000	0.000000	0	0.000000	0.000000
72	2026-09-25T05:30:35.668963328Z	72014	loop3	0.000000	0.000000	0.000000	0.000000	0.000000	0.000000	0.000000	0.000000	0.000000	0.000000	0.000000	0.000000	0.000000	0.000000	0.000000	0.000000	0.000000	0	0.000000	0.000000
72	2026-09-25T05:30:35.668963328Z	72014	loop4	0.000000	0.000000	0.000000	0.000000	0.000000	0.000000	0.000000	0.000000	0.000000	0.000000	0.000000	0.000000	0.000000	0.000000	0.000000	0.000000	0.000000	0	0.000000	0.000000
72	2026-09-25T05:30:35.668963328Z	72014	loop5	0.000000	0.000000	0.000000	0.000000	0.000000	0.000000	0.000000	0.000000	0.000000	0.000000	0.000000	0.000000	0.000000	0.000000	0.000000	0.000000	0.000000	0	0.000000	0.000000
72	2026-09-25T05:30:35.668963328Z	72014	loop6	0.000000	0.000000	0.000000	0.000000	0.000000	0.000000	0.000000	0.000000	0.000000	0.000000	0.000000	0.000000	0.000000	0.000000	0.000000	0.000000	0.000000	0	0.000000	0.000000
72	2026-09-25T05:30:35.668963328Z	72014	loop7	0.000000	0.000000	0.000000	0.000000	0.000000	0.000000	0.000000	0.000000	0.000000	0.000000	0.000000	0.000000	0.000000	0.000000	0.000000	0.000000	0.000000	0	0.000000	0.000000
72	2026-09-25T05:30:35.668963328Z	72014	nvme0n1	0.000000	403.001857	0.000000	0.000000	0.000000	252.001161	0.000000	0.000000	17682513.463340	0.000000	0.000000	1.210918	0.000000	0.000000	0.000000	43877.002481	0.000000	0	25.600118	0.489002
73	2026-09-25T05:30:36.669736397Z	73014	loop0	0.000000	0.000000	0.000000	0.000000	0.000000	0.000000	0.000000	0.000000	0.000000	0.000000	0.000000	0.000000	0.000000	0.000000	0.000000	0.000000	0.000000	0	0.000000	0.000000
73	2026-09-25T05:30:36.669736397Z	73014	loop1	0.000000	0.000000	0.000000	0.000000	0.000000	0.000000	0.000000	0.000000	0.000000	0.000000	0.000000	0.000000	0.000000	0.000000	0.000000	0.000000	0.000000	0	0.000000	0.000000
73	2026-09-25T05:30:36.669736397Z	73014	loop2	0.000000	0.000000	0.000000	0.000000	0.000000	0.000000	0.000000	0.000000	0.000000	0.000000	0.000000	0.000000	0.000000	0.000000	0.000000	0.000000	0.000000	0	0.000000	0.000000
73	2026-09-25T05:30:36.669736397Z	73014	loop3	0.000000	0.000000	0.000000	0.000000	0.000000	0.000000	0.000000	0.000000	0.000000	0.000000	0.000000	0.000000	0.000000	0.000000	0.000000	0.000000	0.000000	0	0.000000	0.000000
73	2026-09-25T05:30:36.669736397Z	73014	loop4	0.000000	0.000000	0.000000	0.000000	0.000000	0.000000	0.000000	0.000000	0.000000	0.000000	0.000000	0.000000	0.000000	0.000000	0.000000	0.000000	0.000000	0	0.000000	0.000000
73	2026-09-25T05:30:36.669736397Z	73014	loop5	0.000000	0.000000	0.000000	0.000000	0.000000	0.000000	0.000000	0.000000	0.000000	0.000000	0.000000	0.000000	0.000000	0.000000	0.000000	0.000000	0.000000	0	0.000000	0.000000
73	2026-09-25T05:30:36.669736397Z	73014	loop6	0.000000	0.000000	0.000000	0.000000	0.000000	0.000000	0.000000	0.000000	0.000000	0.000000	0.000000	0.000000	0.000000	0.000000	0.000000	0.000000	0.000000	0	0.000000	0.000000
73	2026-09-25T05:30:36.669736397Z	73014	loop7	0.000000	0.000000	0.000000	0.000000	0.000000	0.000000	0.000000	0.000000	0.000000	0.000000	0.000000	0.000000	0.000000	0.000000	0.000000	0.000000	0.000000	0	0.000000	0.000000
73	2026-09-25T05:30:36.669736397Z	73014	nvme0n1	0.000000	384.702598	0.000000	0.000000	0.000000	239.814607	0.000000	0.000000	13412223.425848	0.000000	0.000000	1.137662	0.000000	0.000000	0.000000	34863.875325	0.000000	0	25.580225	0.437662
74	2026-09-25T05:30:37.669034618Z	74014	loop0	0.000000	0.000000	0.000000	0.000000	0.000000	0.000000	0.000000	0.000000	0.000000	0.000000	0.000000	0.000000	0.000000	0.000000	0.000000	0.000000	0.000000	0	0.000000	0.000000
74	2026-09-25T05:30:37.669034618Z	74014	loop1	0.000000	0.000000	0.000000	0.000000	0.000000	0.000000	0.000000	0.000000	0.000000	0.000000	0.000000	0.000000	0.000000	0.000000	0.000000	0.000000	0.000000	0	0.000000	0.000000
74	2026-09-25T05:30:37.669034618Z	74014	loop2	0.000000	0.000000	0.000000	0.000000	0.000000	0.000000	0.000000	0.000000	0.000000	0.000000	0.000000	0.000000	0.000000	0.000000	0.000000	0.000000	0.000000	0	0.000000	0.000000
74	2026-09-25T05:30:37.669034618Z	74014	loop3	0.000000	0.000000	0.000000	0.000000	0.000000	0.000000	0.000000	0.000000	0.000000	0.000000	0.000000	0.000000	0.000000	0.000000	0.000000	0.000000	0.000000	0	0.000000	0.000000
74	2026-09-25T05:30:37.669034618Z	74014	loop4	0.000000	0.000000	0.000000	0.000000	0.000000	0.000000	0.000000	0.000000	0.000000	0.000000	0.000000	0.000000	0.000000	0.000000	0.000000	0.000000	0.000000	0	0.000000	0.000000
74	2026-09-25T05:30:37.669034618Z	74014	loop5	0.000000	0.000000	0.000000	0.000000	0.000000	0.000000	0.000000	0.000000	0.000000	0.000000	0.000000	0.000000	0.000000	0.000000	0.000000	0.000000	0.000000	0	0.000000	0.000000
74	2026-09-25T05:30:37.669034618Z	74014	loop6	0.000000	0.000000	0.000000	0.000000	0.000000	0.000000	0.000000	0.000000	0.000000	0.000000	0.000000	0.000000	0.000000	0.000000	0.000000	0.000000	0.000000	0	0.000000	0.000000
74	2026-09-25T05:30:37.669034618Z	74014	loop7	0.000000	0.000000	0.000000	0.000000	0.000000	0.000000	0.000000	0.000000	0.000000	0.000000	0.000000	0.000000	0.000000	0.000000	0.000000	0.000000	0.000000	0	0.000000	0.000000
74	2026-09-25T05:30:37.669034618Z	74014	nvme0n1	0.000000	399.280207	0.000000	0.000000	0.000000	201.141157	0.000000	0.000000	13571380.123143	0.000000	0.000000	1.130326	0.000000	0.000000	0.000000	33989.614035	0.000000	0	25.617978	0.450316
75	2026-09-25T05:30:38.669796658Z	75014	loop0	0.000000	0.000000	0.000000	0.000000	0.000000	0.000000	0.000000	0.000000	0.000000	0.000000	0.000000	0.000000	0.000000	0.000000	0.000000	0.000000	0.000000	0	0.000000	0.000000
75	2026-09-25T05:30:38.669796658Z	75014	loop1	0.000000	0.000000	0.000000	0.000000	0.000000	0.000000	0.000000	0.000000	0.000000	0.000000	0.000000	0.000000	0.000000	0.000000	0.000000	0.000000	0.000000	0	0.000000	0.000000
75	2026-09-25T05:30:38.669796658Z	75014	loop2	0.000000	0.000000	0.000000	0.000000	0.000000	0.000000	0.000000	0.000000	0.000000	0.000000	0.000000	0.000000	0.000000	0.000000	0.000000	0.000000	0.000000	0	0.000000	0.000000
75	2026-09-25T05:30:38.669796658Z	75014	loop3	0.000000	0.000000	0.000000	0.000000	0.000000	0.000000	0.000000	0.000000	0.000000	0.000000	0.000000	0.000000	0.000000	0.000000	0.000000	0.000000	0.000000	0	0.000000	0.000000
75	2026-09-25T05:30:38.669796658Z	75014	loop4	0.000000	0.000000	0.000000	0.000000	0.000000	0.000000	0.000000	0.000000	0.000000	0.000000	0.000000	0.000000	0.000000	0.000000	0.000000	0.000000	0.000000	0	0.000000	0.000000
75	2026-09-25T05:30:38.669796658Z	75014	loop5	0.000000	0.000000	0.000000	0.000000	0.000000	0.000000	0.000000	0.000000	0.000000	0.000000	0.000000	0.000000	0.000000	0.000000	0.000000	0.000000	0.000000	0	0.000000	0.000000
75	2026-09-25T05:30:38.669796658Z	75014	loop6	0.000000	0.000000	0.000000	0.000000	0.000000	0.000000	0.000000	0.000000	0.000000	0.000000	0.000000	0.000000	0.000000	0.000000	0.000000	0.000000	0.000000	0	0.000000	0.000000
75	2026-09-25T05:30:38.669796658Z	75014	loop7	0.000000	0.000000	0.000000	0.000000	0.000000	0.000000	0.000000	0.000000	0.000000	0.000000	0.000000	0.000000	0.000000	0.000000	0.000000	0.000000	0.000000	0	0.000000	0.000000
75	2026-09-25T05:30:38.669796658Z	75014	nvme0n1	0.000000	384.706836	0.000000	0.000000	0.000000	203.844661	0.000000	0.000000	13301863.394811	0.000000	0.000000	1.132468	0.000000	0.000000	0.000000	34576.623377	0.000000	0	25.580507	0.435668
76	2026-09-25T05:30:39.668977329Z	76014	loop0	0.000000	0.000000	0.000000	0.000000	0.000000	0.000000	0.000000	0.000000	0.000000	0.000000	0.000000	0.000000	0.000000	0.000000	0.000000	0.000000	0.000000	0	0.000000	0.000000
76	2026-09-25T05:30:39.668977329Z	76014	loop1	0.000000	0.000000	0.000000	0.000000	0.000000	0.000000	0.000000	0.000000	0.000000	0.000000	0.000000	0.000000	0.000000	0.000000	0.000000	0.000000	0.000000	0	0.000000	0.000000
76	2026-09-25T05:30:39.668977329Z	76014	loop2	0.000000	0.000000	0.000000	0.000000	0.000000	0.000000	0.000000	0.000000	0.000000	0.000000	0.000000	0.000000	0.000000	0.000000	0.000000	0.000000	0.000000	0	0.000000	0.000000
76	2026-09-25T05:30:39.668977329Z	76014	loop3	0.000000	0.000000	0.000000	0.000000	0.000000	0.000000	0.000000	0.000000	0.000000	0.000000	0.000000	0.000000	0.000000	0.000000	0.000000	0.000000	0.000000	0	0.000000	0.000000
76	2026-09-25T05:30:39.668977329Z	76014	loop4	0.000000	0.000000	0.000000	0.000000	0.000000	0.000000	0.000000	0.000000	0.000000	0.000000	0.000000	0.000000	0.000000	0.000000	0.000000	0.000000	0.000000	0	0.000000	0.000000
76	2026-09-25T05:30:39.668977329Z	76014	loop5	0.000000	0.000000	0.000000	0.000000	0.000000	0.000000	0.000000	0.000000	0.000000	0.000000	0.000000	0.000000	0.000000	0.000000	0.000000	0.000000	0.000000	0	0.000000	0.000000
76	2026-09-25T05:30:39.668977329Z	76014	loop6	0.000000	0.000000	0.000000	0.000000	0.000000	0.000000	0.000000	0.000000	0.000000	0.000000	0.000000	0.000000	0.000000	0.000000	0.000000	0.000000	0.000000	0	0.000000	0.000000
76	2026-09-25T05:30:39.668977329Z	76014	loop7	0.000000	0.000000	0.000000	0.000000	0.000000	0.000000	0.000000	0.000000	0.000000	0.000000	0.000000	0.000000	0.000000	0.000000	0.000000	0.000000	0.000000	0	0.000000	0.000000
76	2026-09-25T05:30:39.668977329Z	76014	nvme0n1	475.389469	392.321414	0.000000	0.000000	0.000000	221.181206	0.000000	8112630.377901	13035959.879599	0.000000	0.614737	1.125000	0.000000	0.000000	17065.229474	33227.755102	0.000000	0	40.433125	0.733601
77	2026-09-25T05:30:40.669675662Z	77014	loop0	0.000000	0.000000	0.000000	0.000000	0.000000	0.000000	0.000000	0.000000	0.000000	0.000000	0.000000	0.000000	0.000000	0.000000	0.000000	0.000000	0.000000	0	0.000000	0.000000
77	2026-09-25T05:30:40.669675662Z	77014	loop1	0.000000	0.000000	0.000000	0.000000	0.000000	0.000000	0.000000	0.000000	0.000000	0.000000	0.000000	0.000000	0.000000	0.000000	0.000000	0.000000	0.000000	0	0.000000	0.000000
77	2026-09-25T05:30:40.669675662Z	77014	loop2	0.000000	0.000000	0.000000	0.000000	0.000000	0.000000	0.000000	0.000000	0.000000	0.000000	0.000000	0.000000	0.000000	0.000000	0.000000	0.000000	0.000000	0	0.000000	0.000000
77	2026-09-25T05:30:40.669675662Z	77014	loop3	0.000000	0.000000	0.000000	0.000000	0.000000	0.000000	0.000000	0.000000	0.000000	0.000000	0.000000	0.000000	0.000000	0.000000	0.000000	0.000000	0.000000	0	0.000000	0.000000
77	2026-09-25T05:30:40.669675662Z	77014	loop4	0.000000	0.000000	0.000000	0.000000	0.000000	0.000000	0.000000	0.000000	0.000000	0.000000	0.000000	0.000000	0.000000	0.000000	0.000000	0.000000	0.000000	0	0.000000	0.000000
77	2026-09-25T05:30:40.669675662Z	77014	loop5	0.000000	0.000000	0.000000	0.000000	0.000000	0.000000	0.000000	0.000000	0.000000	0.000000	0.000000	0.000000	0.000000	0.000000	0.000000	0.000000	0.000000	0	0.000000	0.000000
77	2026-09-25T05:30:40.669675662Z	77014	loop6	0.000000	0.000000	0.000000	0.000000	0.000000	0.000000	0.000000	0.000000	0.000000	0.000000	0.000000	0.000000	0.000000	0.000000	0.000000	0.000000	0.000000	0	0.000000	0.000000
77	2026-09-25T05:30:40.669675662Z	77014	loop7	0.000000	0.000000	0.000000	0.000000	0.000000	0.000000	0.000000	0.000000	0.000000	0.000000	0.000000	0.000000	0.000000	0.000000	0.000000	0.000000	0.000000	0	0.000000	0.000000
77	2026-09-25T05:30:40.669675662Z	77014	nvme0n1	0.000000	383.732052	0.000000	0.000000	0.000000	193.864631	0.000000	0.000000	13253593.439816	0.000000	0.000000	1.135417	0.000000	0.000000	0.000000	34538.666667	0.000000	0	25.582137	0.435696
78	2026-09-25T05:30:41.669280316Z	78014	loop0	0.000000	0.000000	0.000000	0.000000	0.000000	0.000000	0.000000	0.000000	0.000000	0.000000	0.000000	0.000000	0.000000	0.000000	0.000000	0.000000	0.000000	0	0.000000	0.000000
78	2026-09-25T05:30:41.669280316Z	78014	loop1	0.000000	0.000000	0.000000	0.000000	0.000000	0.000000	0.000000	0.000000	0.000000	0.000000	0.000000	0.000000	0.000000	0.000000	0.000000	0.000000	0.000000	0	0.000000	0.000000
78	2026-09-25T05:30:41.669280316Z	78014	loop2	0.000000	0.000000	0.000000	0.000000	0.000000	0.000000	0.000000	0.000000	0.000000	0.000000	0.000000	0.000000	0.000000	0.000000	0.000000	0.000000	0.000000	0	0.000000	0.000000
78	2026-09-25T05:30:41.669280316Z	78014	loop3	0.000000	0.000000	0.000000	0.000000	0.000000	0.000000	0.000000	0.000000	0.000000	0.000000	0.000000	0.000000	0.000000	0.000000	0.000000	0.000000	0.000000	0	0.000000	0.000000
78	2026-09-25T05:30:41.669280316Z	78014	loop4	0.000000	0.000000	0.000000	0.000000	0.000000	0.000000	0.000000	0.000000	0.000000	0.000000	0.000000	0.000000	0.000000	0.000000	0.000000	0.000000	0.000000	0	0.000000	0.000000
78	2026-09-25T05:30:41.669280316Z	78014	loop5	0.000000	0.000000	0.000000	0.000000	0.000000	0.000000	0.000000	0.000000	0.000000	0.000000	0.000000	0.000000	0.000000	0.000000	0.000000	0.000000	0.000000	0	0.000000	0.000000
78	2026-09-25T05:30:41.669280316Z	78014	loop6	0.000000	0.000000	0.000000	0.000000	0.000000	0.000000	0.000000	0.000000	0.000000	0.000000	0.000000	0.000000	0.000000	0.000000	0.000000	0.000000	0.000000	0	0.000000	0.000000
78	2026-09-25T05:30:41.669280316Z	78014	loop7	0.000000	0.000000	0.000000	0.000000	0.000000	0.000000	0.000000	0.000000	0.000000	0.000000	0.000000	0.000000	0.000000	0.000000	0.000000	0.000000	0.000000	0	0.000000	0.000000
78	2026-09-25T05:30:41.669280316Z	78014	nvme0n1	0.000000	385.152271	0.000000	0.000000	0.000000	192.075938	0.000000	0.000000	13505755.527459	0.000000	0.000000	1.137662	0.000000	0.000000	0.000000	35066.015584	0.000000	0	25.209967	0.438173
79	2026-09-25T05:30:42.669280587Z	79014	loop0	0.000000	0.000000	0.000000	0.000000	0.000000	0.000000	0.000000	0.000000	0.000000	0.000000	0.000000	0.000000	0.000000	0.000000	0.000000	0.000000	0.000000	0	0.000000	0.000000
79	2026-09-25T05:30:42.669280587Z	79014	loop1	0.000000	0.000000	0.000000	0.000000	0.000000	0.000000	0.000000	0.000000	0.000000	0.000000	0.000000	0.000000	0.000000	0.000000	0.000000	0.000000	0.000000	0	0.000000	0.000000
79	2026-09-25T05:30:42.669280587Z	79014	loop2	0.000000	0.000000	0.000000	0.000000	0.000000	0.000000	0.000000	0.000000	0.000000	0.000000	0.000000	0.000000	0.000000	0.000000	0.000000	0.000000	0.000000	0	0.000000	0.000000
79	2026-09-25T05:30:42.669280587Z	79014	loop3	0.000000	0.000000	0.000000	0.000000	0.000000	0.000000	0.000000	0.000000	0.000000	0.000000	0.000000	0.000000	0.000000	0.000000	0.000000	0.000000	0.000000	0	0.000000	0.000000
79	2026-09-25T05:30:42.669280587Z	79014	loop4	0.000000	0.000000	0.000000	0.000000	0.000000	0.000000	0.000000	0.000000	0.000000	0.000000	0.000000	0.000000	0.000000	0.000000	0.000000	0.000000	0.000000	0	0.000000	0.000000
79	2026-09-25T05:30:42.669280587Z	79014	loop5	0.000000	0.000000	0.000000	0.000000	0.000000	0.000000	0.000000	0.000000	0.000000	0.000000	0.000000	0.000000	0.000000	0.000000	0.000000	0.000000	0.000000	0	0.000000	0.000000
79	2026-09-25T05:30:42.669280587Z	79014	loop6	0.000000	0.000000	0.000000	0.000000	0.000000	0.000000	0.000000	0.000000	0.000000	0.000000	0.000000	0.000000	0.000000	0.000000	0.000000	0.000000	0.000000	0	0.000000	0.000000
79	2026-09-25T05:30:42.669280587Z	79014	loop7	0.000000	0.000000	0.000000	0.000000	0.000000	0.000000	0.000000	0.000000	0.000000	0.000000	0.000000	0.000000	0.000000	0.000000	0.000000	0.000000	0.000000	0	0.000000	0.000000
79	2026-09-25T05:30:42.669280587Z	79014	nvme0n1	0.000000	381.999896	0.000000	0.000000	0.000000	191.999948	0.000000	0.000000	13279228.374771	0.000000	0.000000	1.136126	0.000000	0.000000	0.000000	34762.387435	0.000000	0	25.199993	0.434000
80	2026-09-25T05:30:43.668956471Z	80014	loop0	0.000000	0.000000	0.000000	0.000000	0.000000	0.000000	0.000000	0.000000	0.000000	0.000000	0.000000	0.000000	0.000000	0.000000	0.000000	0.000000	0.000000	0	0.000000	0.000000
80	2026-09-25T05:30:43.668956471Z	80014	loop1	0.000000	0.000000	0.000000	0.000000	0.000000	0.000000	0.000000	0.000000	0.000000	0.000000	0.000000	0.000000	0.000000	0.000000	0.000000	0.000000	0.000000	0	0.000000	0.000000
80	2026-09-25T05:30:43.668956471Z	80014	loop2	0.000000	0.000000	0.000000	0.000000	0.000000	0.000000	0.000000	0.000000	0.000000	0.000000	0.000000	0.000000	0.000000	0.000000	0.000000	0.000000	0.000000	0	0.000000	0.000000
80	2026-09-25T05:30:43.668956471Z	80014	loop3	0.000000	0.000000	0.000000	0.000000	0.000000	0.000000	0.000000	0.000000	0.000000	0.000000	0.000000	0.000000	0.000000	0.000000	0.000000	0.000000	0.000000	0	0.000000	0.000000
80	2026-09-25T05:30:43.668956471Z	80014	loop4	0.000000	0.000000	0.000000	0.000000	0.000000	0.000000	0.000000	0.000000	0.000000	0.000000	0.000000	0.000000	0.000000	0.000000	0.000000	0.000000	0.000000	0	0.000000	0.000000
80	2026-09-25T05:30:43.668956471Z	80014	loop5	0.000000	0.000000	0.000000	0.000000	0.000000	0.000000	0.000000	0.000000	0.000000	0.000000	0.000000	0.000000	0.000000	0.000000	0.000000	0.000000	0.000000	0	0.000000	0.000000
80	2026-09-25T05:30:43.668956471Z	80014	loop6	0.000000	0.000000	0.000000	0.000000	0.000000	0.000000	0.000000	0.000000	0.000000	0.000000	0.000000	0.000000	0.000000	0.000000	0.000000	0.000000	0.000000	0	0.000000	0.000000
80	2026-09-25T05:30:43.668956471Z	80014	loop7	0.000000	0.000000	0.000000	0.000000	0.000000	0.000000	0.000000	0.000000	0.000000	0.000000	0.000000	0.000000	0.000000	0.000000	0.000000	0.000000	0.000000	0	0.000000	0.000000
80	2026-09-25T05:30:43.668956471Z	80014	nvme0n1	0.000000	459.148818	0.000000	0.000000	0.000000	201.065169	0.000000	0.000000	29115612.894220	0.000000	0.000000	1.385621	0.000000	0.000000	0.000000	63412.148148	0.000000	0	28.009078	0.636206
81	2026-09-25T05:30:44.669013315Z	81014	loop0	0.000000	0.000000	0.000000	0.000000	0.000000	0.000000	0.000000	0.000000	0.000000	0.000000	0.000000	0.000000	0.000000	0.000000	0.000000	0.000000	0.000000	0	0.000000	0.000000
81	2026-09-25T05:30:44.669013315Z	81014	loop1	0.000000	0.000000	0.000000	0.000000	0.000000	0.000000	0.000000	0.000000	0.000000	0.000000	0.000000	0.000000	0.000000	0.000000	0.000000	0.000000	0.000000	0	0.000000	0.000000
81	2026-09-25T05:30:44.669013315Z	81014	loop2	0.000000	0.000000	0.000000	0.000000	0.000000	0.000000	0.000000	0.000000	0.000000	0.000000	0.000000	0.000000	0.000000	0.000000	0.000000	0.000000	0.000000	0	0.000000	0.000000
81	2026-09-25T05:30:44.669013315Z	81014	loop3	0.000000	0.000000	0.000000	0.000000	0.000000	0.000000	0.000000	0.000000	0.000000	0.000000	0.000000	0.000000	0.000000	0.000000	0.000000	0.000000	0.000000	0	0.000000	0.000000
81	2026-09-25T05:30:44.669013315Z	81014	loop4	0.000000	0.000000	0.000000	0.000000	0.000000	0.000000	0.000000	0.000000	0.000000	0.000000	0.000000	0.000000	0.000000	0.000000	0.000000	0.000000	0.000000	0	0.000000	0.000000
81	2026-09-25T05:30:44.669013315Z	81014	loop5	0.000000	0.000000	0.000000	0.000000	0.000000	0.000000	0.000000	0.000000	0.000000	0.000000	0.000000	0.000000	0.000000	0.000000	0.000000	0.000000	0.000000	0	0.000000	0.000000
81	2026-09-25T05:30:44.669013315Z	81014	loop6	0.000000	0.000000	0.000000	0.000000	0.000000	0.000000	0.000000	0.000000	0.000000	0.000000	0.000000	0.000000	0.000000	0.000000	0.000000	0.000000	0.000000	0	0.000000	0.000000
81	2026-09-25T05:30:44.669013315Z	81014	loop7	0.000000	0.000000	0.000000	0.000000	0.000000	0.000000	0.000000	0.000000	0.000000	0.000000	0.000000	0.000000	0.000000	0.000000	0.000000	0.000000	0.000000	0	0.000000	0.000000
81	2026-09-25T05:30:44.669013315Z	81014	nvme0n1	0.000000	382.978228	0.000000	0.000000	0.000000	185.989427	0.000000	0.000000	13204753.336182	0.000000	0.000000	1.135770	0.000000	0.000000	0.000000	34479.122715	0.000000	0	24.798590	0.434975
82	2026-09-25T05:30:45.66947898Z	82014	loop0	0.000000	0.000000	0.000000	0.000000	0.000000	0.000000	0.000000	0.000000	0.000000	0.000000	0.000000	0.000000	0.000000	0.000000	0.000000	0.000000	0.000000	0	0.000000	0.000000
82	2026-09-25T05:30:45.66947898Z	82014	loop1	0.000000	0.000000	0.000000	0.000000	0.000000	0.000000	0.000000	0.000000	0.000000	0.000000	0.000000	0.000000	0.000000	0.000000	0.000000	0.000000	0.000000	0	0.000000	0.000000
82	2026-09-25T05:30:45.66947898Z	82014	loop2	0.000000	0.000000	0.000000	0.000000	0.000000	0.000000	0.000000	0.000000	0.000000	0.000000	0.000000	0.000000	0.000000	0.000000	0.000000	0.000000	0.000000	0	0.000000	0.000000
82	2026-09-25T05:30:45.66947898Z	82014	loop3	0.000000	0.000000	0.000000	0.000000	0.000000	0.000000	0.000000	0.000000	0.000000	0.000000	0.000000	0.000000	0.000000	0.000000	0.000000	0.000000	0.000000	0	0.000000	0.000000
82	2026-09-25T05:30:45.66947898Z	82014	loop4	0.000000	0.000000	0.000000	0.000000	0.000000	0.000000	0.000000	0.000000	0.000000	0.000000	0.000000	0.000000	0.000000	0.000000	0.000000	0.000000	0.000000	0	0.000000	0.000000
82	2026-09-25T05:30:45.66947898Z	82014	loop5	0.000000	0.000000	0.000000	0.000000	0.000000	0.000000	0.000000	0.000000	0.000000	0.000000	0.000000	0.000000	0.000000	0.000000	0.000000	0.000000	0.000000	0	0.000000	0.000000
82	2026-09-25T05:30:45.66947898Z	82014	loop6	0.000000	0.000000	0.000000	0.000000	0.000000	0.000000	0.000000	0.000000	0.000000	0.000000	0.000000	0.000000	0.000000	0.000000	0.000000	0.000000	0.000000	0	0.000000	0.000000
82	2026-09-25T05:30:45.66947898Z	82014	loop7	0.000000	0.000000	0.000000	0.000000	0.000000	0.000000	0.000000	0.000000	0.000000	0.000000	0.000000	0.000000	0.000000	0.000000	0.000000	0.000000	0.000000	0	0.000000	0.000000
82	2026-09-25T05:30:45.66947898Z	82014	nvme0n1	0.000000	429.799862	0.000000	0.000000	0.000000	207.903189	0.000000	0.000000	22030317.516557	0.000000	0.000000	1.279070	0.000000	0.000000	0.000000	51257.153488	0.000000	0	26.787526	0.549744
83	2026-09-25T05:30:46.66928656Z	83014	loop0	0.000000	0.000000	0.000000	0.000000	0.000000	0.000000	0.000000	0.000000	0.000000	0.000000	0.000000	0.000000	0.000000	0.000000	0.000000	0.000000	0.000000	0	0.000000	0.000000
83	2026-09-25T05:30:46.66928656Z	83014	loop1	0.000000	0.000000	0.000000	0.000000	0.000000	0.000000	0.000000	0.000000	0.000000	0.000000	0.000000	0.000000	0.000000	0.000000	0.000000	0.000000	0.000000	0	0.000000	0.000000
83	2026-09-25T05:30:46.66928656Z	83014	loop2	0.000000	0.000000	0.000000	0.000000	0.000000	0.000000	0.000000	0.000000	0.000000	0.000000	0.000000	0.000000	0.000000	0.000000	0.000000	0.000000	0.000000	0	0.000000	0.000000
83	2026-09-25T05:30:46.66928656Z	83014	loop3	0.000000	0.000000	0.000000	0.000000	0.000000	0.000000	0.000000	0.000000	0.000000	0.000000	0.000000	0.000000	0.000000	0.000000	0.000000	0.000000	0.000000	0	0.000000	0.000000
83	2026-09-25T05:30:46.66928656Z	83014	loop4	0.000000	0.000000	0.000000	0.000000	0.000000	0.000000	0.000000	0.000000	0.000000	0.000000	0.000000	0.000000	0.000000	0.000000	0.000000	0.000000	0.000000	0	0.000000	0.000000
83	2026-09-25T05:30:46.66928656Z	83014	loop5	0.000000	0.000000	0.000000	0.000000	0.000000	0.000000	0.000000	0.000000	0.000000	0.000000	0.000000	0.000000	0.000000	0.000000	0.000000	0.000000	0.000000	0	0.000000	0.000000
83	2026-09-25T05:30:46.66928656Z	83014	loop6	0.000000	0.000000	0.000000	0.000000	0.000000	0.000000	0.000000	0.000000	0.000000	0.000000	0.000000	0.000000	0.000000	0.000000	0.000000	0.000000	0.000000	0	0.000000	0.000000
83	2026-09-25T05:30:46.66928656Z	83014	loop7	0.000000	0.000000	0.000000	0.000000	0.000000	0.000000	0.000000	0.000000	0.000000	0.000000	0.000000	0.000000	0.000000	0.000000	0.000000	0.000000	0.000000	0	0.000000	0.000000
83	2026-09-25T05:30:46.66928656Z	83014	nvme0n1	0.000000	397.076400	0.000000	0.000000	0.000000	217.041760	0.000000	0.000000	13535788.380435	0.000000	0.000000	1.133501	0.000000	0.000000	0.000000	34088.624685	0.000000	0	26.005004	0.450087
84	2026-09-25T05:30:47.668929112Z	84014	loop0	0.000000	0.000000	0.000000	0.000000	0.000000	0.000000	0.000000	0.000000	0.000000	0.000000	0.000000	0.000000	0.000000	0.000000	0.000000	0.000000	0.000000	0	0.000000	0.000000
84	2026-09-25T05:30:47.668929112Z	84014	loop1	0.000000	0.000000	0.000000	0.000000	0.000000	0.000000	0.000000	0.000000	0.000000	0.000000	0.000000	0.000000	0.000000	0.000000	0.000000	0.000000	0.000000	0	0.000000	0.000000
84	2026-09-25T05:30:47.668929112Z	84014	loop2	0.000000	0.000000	0.000000	0.000000	0.000000	0.000000	0.000000	0.000000	0.000000	0.000000	0.000000	0.000000	0.000000	0.000000	0.000000	0.000000	0.000000	0	0.000000	0.000000
84	2026-09-25T05:30:47.668929112Z	84014	loop3	0.000000	0.000000	0.000000	0.000000	0.000000	0.000000	0.000000	0.000000	0.000000	0.000000	0.000000	0.000000	0.000000	0.000000	0.000000	0.000000	0.000000	0	0.000000	0.000000
84	2026-09-25T05:30:47.668929112Z	84014	loop4	0.000000	0.000000	0.000000	0.000000	0.000000	0.000000	0.000000	0.000000	0.000000	0.000000	0.000000	0.000000	0.000000	0.000000	0.000000	0.000000	0.000000	0	0.000000	0.000000
84	2026-09-25T05:30:47.668929112Z	84014	loop5	0.000000	0.000000	0.000000	0.000000	0.000000	0.000000	0.000000	0.000000	0.000000	0.000000	0.000000	0.000000	0.000000	0.000000	0.000000	0.000000	0.000000	0	0.000000	0.000000
84	2026-09-25T05:30:47.668929112Z	84014	loop6	0.000000	0.000000	0.000000	0.000000	0.000000	0.000000	0.000000	0.000000	0.000000	0.000000	0.000000	0.000000	0.000000	0.000000	0.000000	0.000000	0.000000	0	0.000000	0.000000
84	2026-09-25T05:30:47.668929112Z	84014	loop7	0.000000	0.000000	0.000000	0.000000	0.000000	0.000000	0.000000	0.000000	0.000000	0.000000	0.000000	0.000000	0.000000	0.000000	0.000000	0.000000	0.000000	0	0.000000	0.000000
84	2026-09-25T05:30:47.668929112Z	84014	nvme0n1	0.000000	389.139098	0.000000	0.000000	0.000000	209.074734	0.000000	0.000000	13312662.611250	0.000000	0.000000	1.131105	0.000000	0.000000	0.000000	34210.550129	0.000000	0	25.609154	0.440157
85	2026-09-25T05:30:48.669663749Z	85014	loop0	0.000000	0.000000	0.000000	0.000000	0.000000	0.000000	0.000000	0.000000	0.000000	0.000000	0.000000	0.000000	0.000000	0.000000	0.000000	0.000000	0.000000	0	0.000000	0.000000
85	2026-09-25T05:30:48.669663749Z	85014	loop1	0.000000	0.000000	0.000000	0.000000	0.000000	0.000000	0.000000	0.000000	0.000000	0.000000	0.000000	0.000000	0.000000	0.000000	0.000000	0.000000	0.000000	0	0.000000	0.000000
85	2026-09-25T05:30:48.669663749Z	85014	loop2	0.000000	0.000000	0.000000	0.000000	0.000000	0.000000	0.000000	0.000000	0.000000	0.000000	0.000000	0.000000	0.000000	0.000000	0.000000	0.000000	0.000000	0	0.000000	0.000000
85	2026-09-25T05:30:48.669663749Z	85014	loop3	0.000000	0.000000	0.000000	0.000000	0.000000	0.000000	0.000000	0.000000	0.000000	0.000000	0.000000	0.000000	0.000000	0.000000	0.000000	0.000000	0.000000	0	0.000000	0.000000
85	2026-09-25T05:30:48.669663749Z	85014	loop4	0.000000	0.000000	0.000000	0.000000	0.000000	0.000000	0.000000	0.000000	0.000000	0.000000	0.000000	0.000000	0.000000	0.000000	0.000000	0.000000	0.000000	0	0.000000	0.000000
85	2026-09-25T05:30:48.669663749Z	85014	loop5	0.000000	0.000000	0.000000	0.000000	0.000000	0.000000	0.000000	0.000000	0.000000	0.000000	0.000000	0.000000	0.000000	0.000000	0.000000	0.000000	0.000000	0	0.000000	0.000000
85	2026-09-25T05:30:48.669663749Z	85014	loop6	0.000000	0.000000	0.000000	0.000000	0.000000	0.000000	0.000000	0.000000	0.000000	0.000000	0.000000	0.000000	0.000000	0.000000	0.000000	0.000000	0.000000	0	0.000000	0.000000
85	2026-09-25T05:30:48.669663749Z	85014	loop7	0.000000	0.000000	0.000000	0.000000	0.000000	0.000000	0.000000	0.000000	0.000000	0.000000	0.000000	0.000000	0.000000	0.000000	0.000000	0.000000	0.000000	0	0.000000	0.000000
85	2026-09-25T05:30:48.669663749Z	85014	nvme0n1	0.000000	405.701957	0.000000	0.000000	0.000000	205.848776	0.000000	0.000000	17264245.064063	0.000000	0.000000	1.197044	0.000000	0.000000	0.000000	42554.009852	0.000000	0	26.380620	0.485643
86	2026-09-25T05:30:49.669648259Z	86014	loop0	0.000000	0.000000	0.000000	0.000000	0.000000	0.000000	0.000000	0.000000	0.000000	0.000000	0.000000	0.000000	0.000000	0.000000	0.000000	0.000000	0.000000	0	0.000000	0.000000
86	2026-09-25T05:30:49.669648259Z	86014	loop1	0.000000	0.000000	0.000000	0.000000	0.000000	0.000000	0.000000	0.000000	0.000000	0.000000	0.000000	0.000000	0.000000	0.000000	0.000000	0.000000	0.000000	0	0.000000	0.000000
86	2026-09-25T05:30:49.669648259Z	86014	loop2	0.000000	0.000000	0.000000	0.000000	0.000000	0.000000	0.000000	0.000000	0.000000	0.000000	0.000000	0.000000	0.000000	0.000000	0.000000	0.000000	0.000000	0	0.000000	0.000000
86	2026-09-25T05:30:49.669648259Z	86014	loop3	0.000000	0.000000	0.000000	0.000000	0.000000	0.000000	0.000000	0.000000	0.000000	0.000000	0.000000	0.000000	0.000000	0.000000	0.000000	0.000000	0.000000	0	0.000000	0.000000
86	2026-09-25T05:30:49.669648259Z	86014	loop4	0.000000	0.000000	0.000000	0.000000	0.000000	0.000000	0.000000	0.000000	0.000000	0.000000	0.000000	0.000000	0.000000	0.000000	0.000000	0.000000	0.000000	0	0.000000	0.000000
86	2026-09-25T05:30:49.669648259Z	86014	loop5	0.000000	0.000000	0.000000	0.000000	0.000000	0.000000	0.000000	0.000000	0.000000	0.000000	0.000000	0.000000	0.000000	0.000000	0.000000	0.000000	0.000000	0	0.000000	0.000000
86	2026-09-25T05:30:49.669648259Z	86014	loop6	0.000000	0.000000	0.000000	0.000000	0.000000	0.000000	0.000000	0.000000	0.000000	0.000000	0.000000	0.000000	0.000000	0.000000	0.000000	0.000000	0.000000	0	0.000000	0.000000
86	2026-09-25T05:30:49.669648259Z	86014	loop7	0.000000	0.000000	0.000000	0.000000	0.000000	0.000000	0.000000	0.000000	0.000000	0.000000	0.000000	0.000000	0.000000	0.000000	0.000000	0.000000	0.000000	0	0.000000	0.000000
86	2026-09-25T05:30:49.669648259Z	86014	nvme0n1	0.000000	389.006027	0.000000	0.000000	0.000000	196.003037	0.000000	0.000000	13447376.340202	0.000000	0.000000	1.136247	0.000000	0.000000	0.000000	34568.555270	0.000000	0	26.400409	0.442007
87	2026-09-25T05:30:50.669314194Z	87014	loop0	0.000000	0.000000	0.000000	0.000000	0.000000	0.000000	0.000000	0.000000	0.000000	0.000000	0.000000	0.000000	0.000000	0.000000	0.000000	0.000000	0.000000	0	0.000000	0.000000
87	2026-09-25T05:30:50.669314194Z	87014	loop1	0.000000	0.000000	0.000000	0.000000	0.000000	0.000000	0.000000	0.000000	0.000000	0.000000	0.000000	0.000000	0.000000	0.000000	0.000000	0.000000	0.000000	0	0.000000	0.000000
87	2026-09-25T05:30:50.669314194Z	87014	loop2	0.000000	0.000000	0.000000	0.000000	0.000000	0.000000	0.000000	0.000000	0.000000	0.000000	0.000000	0.000000	0.000000	0.000000	0.000000	0.000000	0.000000	0	0.000000	0.000000
87	2026-09-25T05:30:50.669314194Z	87014	loop3	0.000000	0.000000	0.000000	0.000000	0.000000	0.000000	0.000000	0.000000	0.000000	0.000000	0.000000	0.000000	0.000000	0.000000	0.000000	0.000000	0.000000	0	0.000000	0.000000
87	2026-09-25T05:30:50.669314194Z	87014	loop4	0.000000	0.000000	0.000000	0.000000	0.000000	0.000000	0.000000	0.000000	0.000000	0.000000	0.000000	0.000000	0.000000	0.000000	0.000000	0.000000	0.000000	0	0.000000	0.000000
87	2026-09-25T05:30:50.669314194Z	87014	loop5	0.000000	0.000000	0.000000	0.000000	0.000000	0.000000	0.000000	0.000000	0.000000	0.000000	0.000000	0.000000	0.000000	0.000000	0.000000	0.000000	0.000000	0	0.000000	0.000000
87	2026-09-25T05:30:50.669314194Z	87014	loop6	0.000000	0.000000	0.000000	0.000000	0.000000	0.000000	0.000000	0.000000	0.000000	0.000000	0.000000	0.000000	0.000000	0.000000	0.000000	0.000000	0.000000	0	0.000000	0.000000
87	2026-09-25T05:30:50.669314194Z	87014	loop7	0.000000	0.000000	0.000000	0.000000	0.000000	0.000000	0.000000	0.000000	0.000000	0.000000	0.000000	0.000000	0.000000	0.000000	0.000000	0.000000	0.000000	0	0.000000	0.000000
87	2026-09-25T05:30:50.669314194Z	87014	nvme0n1	0.000000	405.135312	0.000000	0.000000	0.000000	197.065819	0.000000	0.000000	17671950.307699	0.000000	0.000000	1.209877	0.000000	0.000000	0.000000	43619.871605	0.000000	0	26.408820	0.491164
88	2026-09-25T05:30:51.669662241Z	88014	loop0	0.000000	0.000000	0.000000	0.000000	0.000000	0.000000	0.000000	0.000000	0.000000	0.000000	0.000000	0.000000	0.000000	0.000000	0.000000	0.000000	0.000000	0	0.000000	0.000000
88	2026-09-25T05:30:51.669662241Z	88014	loop1	0.000000	0.000000	0.000000	0.000000	0.000000	0.000000	0.000000	0.000000	0.000000	0.000000	0.000000	0.000000	0.000000	0.000000	0.000000	0.000000	0.000000	0	0.000000	0.000000
88	2026-09-25T05:30:51.669662241Z	88014	loop2	0.000000	0.000000	0.000000	0.000000	0.000000	0.000000	0.000000	0.000000	0.000000	0.000000	0.000000	0.000000	0.000000	0.000000	0.000000	0.000000	0.000000	0	0.000000	0.000000
88	2026-09-25T05:30:51.669662241Z	88014	loop3	0.000000	0.000000	0.000000	0.000000	0.000000	0.000000	0.000000	0.000000	0.000000	0.000000	0.000000	0.000000	0.000000	0.000000	0.000000	0.000000	0.000000	0	0.000000	0.000000
88	2026-09-25T05:30:51.669662241Z	88014	loop4	0.000000	0.000000	0.000000	0.000000	0.000000	0.000000	0.000000	0.000000	0.000000	0.000000	0.000000	0.000000	0.000000	0.000000	0.000000	0.000000	0.000000	0	0.000000	0.000000
88	2026-09-25T05:30:51.669662241Z	88014	loop5	0.000000	0.000000	0.000000	0.000000	0.000000	0.000000	0.000000	0.000000	0.000000	0.000000	0.000000	0.000000	0.000000	0.000000	0.000000	0.000000	0.000000	0	0.000000	0.000000
88	2026-09-25T05:30:51.669662241Z	88014	loop6	0.000000	0.000000	0.000000	0.000000	0.000000	0.000000	0.000000	0.000000	0.000000	0.000000	0.000000	0.000000	0.000000	0.000000	0.000000	0.000000	0.000000	0	0.000000	0.000000
88	2026-09-25T05:30:51.669662241Z	88014	loop7	0.000000	0.000000	0.000000	0.000000	0.000000	0.000000	0.000000	0.000000	0.000000	0.000000	0.000000	0.000000	0.000000	0.000000	0.000000	0.000000	0.000000	0	0.000000	0.000000
88	2026-09-25T05:30:51.669662241Z	88014	nvme0n1	0.000000	387.865032	0.000000	0.000000	0.000000	202.929385	0.000000	0.000000	13340125.942995	0.000000	0.000000	1.134021	0.000000	0.000000	0.000000	34393.731959	0.000000	0	25.591095	0.438847
89	2026-09-25T05:30:52.66897462Z	89014	loop0	0.000000	0.000000	0.000000	0.000000	0.000000	0.000000	0.000000	0.000000	0.000000	0.000000	0.000000	0.000000	0.000000	0.000000	0.000000	0.000000	0.000000	0	0.000000	0.000000
89	2026-09-25T05:30:52.66897462Z	89014	loop1	0.000000	0.000000	0.000000	0.000000	0.000000	0.000000	0.000000	0.000000	0.000000	0.000000	0.000000	0.000000	0.000000	0.000000	0.000000	0.000000	0.000000	0	0.000000	0.000000
89	2026-09-25T05:30:52.66897462Z	89014	loop2	0.000000	0.000000	0.000000	0.000000	0.000000	0.000000	0.000000	0.000000	0.000000	0.000000	0.000000	0.000000	0.000000	0.000000	0.000000	0.000000	0.000000	0	0.000000	0.000000
89	2026-09-25T05:30:52.66897462Z	89014	loop3	0.000000	0.000000	0.000000	0.000000	0.000000	0.000000	0.000000	0.000000	0.000000	0.000000	0.000000	0.000000	0.000000	0.000000	0.000000	0.000000	0.000000	0	0.000000	0.000000
89	2026-09-25T05:30:52.66897462Z	89014	loop4	0.000000	0.000000	0.000000	0.000000	0.000000	0.000000	0.000000	0.000000	0.000000	0.000000	0.000000	0.000000	0.000000	0.000000	0.000000	0.000000	0.000000	0	0.000000	0.000000
89	2026-09-25T05:30:52.66897462Z	89014	loop5	0.000000	0.000000	0.000000	0.000000	0.000000	0.000000	0.000000	0.000000	0.000000	0.000000	0.000000	0.000000	0.000000	0.000000	0.000000	0.000000	0.000000	0	0.000000	0.000000
89	2026-09-25T05:30:52.66897462Z	89014	loop6	0.000000	0.000000	0.000000	0.000000	0.000000	0.000000	0.000000	0.000000	0.000000	0.000000	0.000000	0.000000	0.000000	0.000000	0.000000	0.000000	0.000000	0	0.000000	0.000000
89	2026-09-25T05:30:52.66897462Z	89014	loop7	0.000000	0.000000	0.000000	0.000000	0.000000	0.000000	0.000000	0.000000	0.000000	0.000000	0.000000	0.000000	0.000000	0.000000	0.000000	0.000000	0.000000	0	0.000000	0.000000
89	2026-09-25T05:30:52.66897462Z	89014	nvme0n1	0.000000	414.284873	0.000000	0.000000	0.000000	214.147253	0.000000	0.000000	13444124.516120	0.000000	0.000000	1.123188	0.000000	0.000000	0.000000	32451.400966	0.000000	0	24.817065	0.465320
90	2026-09-25T05:30:53.669671537Z	90014	loop0	0.000000	0.000000	0.000000	0.000000	0.000000	0.000000	0.000000	0.000000	0.000000	0.000000	0.000000	0.000000	0.000000	0.000000	0.000000	0.000000	0.000000	0	0.000000	0.000000
90	2026-09-25T05:30:53.669671537Z	90014	loop1	0.000000	0.000000	0.000000	0.000000	0.000000	0.000000	0.000000	0.000000	0.000000	0.000000	0.000000	0.000000	0.000000	0.000000	0.000000	0.000000	0.000000	0	0.000000	0.000000
90	2026-09-25T05:30:53.669671537Z	90014	loop2	0.000000	0.000000	0.000000	0.000000	0.000000	0.000000	0.000000	0.000000	0.000000	0.000000	0.000000	0.000000	0.000000	0.000000	0.000000	0.000000	0.000000	0	0.000000	0.000000
90	2026-09-25T05:30:53.669671537Z	90014	loop3	0.000000	0.000000	0.000000	0.000000	0.000000	0.000000	0.000000	0.000000	0.000000	0.000000	0.000000	0.000000	0.000000	0.000000	0.000000	0.000000	0.000000	0	0.000000	0.000000
90	2026-09-25T05:30:53.669671537Z	90014	loop4	0.000000	0.000000	0.000000	0.000000	0.000000	0.000000	0.000000	0.000000	0.000000	0.000000	0.000000	0.000000	0.000000	0.000000	0.000000	0.000000	0.000000	0	0.000000	0.000000
90	2026-09-25T05:30:53.669671537Z	90014	loop5	0.000000	0.000000	0.000000	0.000000	0.000000	0.000000	0.000000	0.000000	0.000000	0.000000	0.000000	0.000000	0.000000	0.000000	0.000000	0.000000	0.000000	0	0.000000	0.000000
90	2026-09-25T05:30:53.669671537Z	90014	loop6	0.000000	0.000000	0.000000	0.000000	0.000000	0.000000	0.000000	0.000000	0.000000	0.000000	0.000000	0.000000	0.000000	0.000000	0.000000	0.000000	0.000000	0	0.000000	0.000000
90	2026-09-25T05:30:53.669671537Z	90014	loop7	0.000000	0.000000	0.000000	0.000000	0.000000	0.000000	0.000000	0.000000	0.000000	0.000000	0.000000	0.000000	0.000000	0.000000	0.000000	0.000000	0.000000	0	0.000000	0.000000
90	2026-09-25T05:30:53.669671537Z	90014	nvme0n1	0.000000	382.733263	0.000000	0.000000	0.000000	192.865587	0.000000	0.000000	13220866.021506	0.000000	0.000000	1.127937	0.000000	0.000000	0.000000	34543.289817	0.000000	0	24.383007	0.432698
91	2026-09-25T05:30:54.669681567Z	91014	loop0	0.000000	0.000000	0.000000	0.000000	0.000000	0.000000	0.000000	0.000000	0.000000	0.000000	0.000000	0.000000	0.000000	0.000000	0.000000	0.000000	0.000000	0	0.000000	0.000000
91	2026-09-25T05:30:54.669681567Z	91014	loop1	0.000000	0.000000	0.000000	0.000000	0.000000	0.000000	0.000000	0.000000	0.000000	0.000000	0.000000	0.000000	0.000000	0.000000	0.000000	0.000000	0.000000	0	0.000000	0.000000
91	2026-09-25T05:30:54.669681567Z	91014	loop2	0.000000	0.000000	0.000000	0.000000	0.000000	0.000000	0.000000	0.000000	0.000000	0.000000	0.000000	0.000000	0.000000	0.000000	0.000000	0.000000	0.000000	0	0.000000	0.000000
91	2026-09-25T05:30:54.669681567Z	91014	loop3	0.000000	0.000000	0.000000	0.000000	0.000000	0.000000	0.000000	0.000000	0.000000	0.000000	0.000000	0.000000	0.000000	0.000000	0.000000	0.000000	0.000000	0	0.000000	0.000000
91	2026-09-25T05:30:54.669681567Z	91014	loop4	0.000000	0.000000	0.000000	0.000000	0.000000	0.000000	0.000000	0.000000	0.000000	0.000000	0.000000	0.000000	0.000000	0.000000	0.000000	0.000000	0.000000	0	0.000000	0.000000
91	2026-09-25T05:30:54.669681567Z	91014	loop5	0.000000	0.000000	0.000000	0.000000	0.000000	0.000000	0.000000	0.000000	0.000000	0.000000	0.000000	0.000000	0.000000	0.000000	0.000000	0.000000	0.000000	0	0.000000	0.000000
91	2026-09-25T05:30:54.669681567Z	91014	loop6	0.000000	0.000000	0.000000	0.000000	0.000000	0.000000	0.000000	0.000000	0.000000	0.000000	0.000000	0.000000	0.000000	0.000000	0.000000	0.000000	0.000000	0	0.000000	0.000000
91	2026-09-25T05:30:54.669681567Z	91014	loop7	0.000000	0.000000	0.000000	0.000000	0.000000	0.000000	0.000000	0.000000	0.000000	0.000000	0.000000	0.000000	0.000000	0.000000	0.000000	0.000000	0.000000	0	0.000000	0.000000
91	2026-09-25T05:30:54.669681567Z	91014	nvme0n1	0.000000	381.996171	0.000000	0.000000	0.000000	196.998025	0.000000	0.000000	13361018.082516	0.000000	0.000000	1.133508	0.000000	0.000000	0.000000	34976.837696	0.000000	0	25.199747	0.431996
92	2026-09-25T05:30:55.669681001Z	92014	loop0	0.000000	0.000000	0.000000	0.000000	0.000000	0.000000	0.000000	0.000000	0.000000	0.000000	0.000000	0.000000	0.000000	0.000000	0.000000	0.000000	0.000000	0	0.000000	0.000000
92	2026-09-25T05:30:55.669681001Z	92014	loop1	0.000000	0.000000	0.000000	0.000000	0.000000	0.000000	0.000000	0.000000	0.000000	0.000000	0.000000	0.000000	0.000000	0.000000	0.000000	0.000000	0.000000	0	0.000000	0.000000
92	2026-09-25T05:30:55.669681001Z	92014	loop2	0.000000	0.000000	0.000000	0.000000	0.000000	0.000000	0.000000	0.000000	0.000000	0.000000	0.000000	0.000000	0.000000	0.000000	0.000000	0.000000	0.000000	0	0.000000	0.000000
92	2026-09-25T05:30:55.669681001Z	92014	loop3	0.000000	0.000000	0.000000	0.000000	0.000000	0.000000	0.000000	0.000000	0.000000	0.000000	0.000000	0.000000	0.000000	0.000000	0.000000	0.000000	0.000000	0	0.000000	0.000000
92	2026-09-25T05:30:55.669681001Z	92014	loop4	0.000000	0.000000	0.000000	0.000000	0.000000	0.000000	0.000000	0.000000	0.000000	0.000000	0.000000	0.000000	0.000000	0.000000	0.000000	0.000000	0.000000	0	0.000000	0.000000
92	2026-09-25T05:30:55.669681001Z	92014	loop5	0.000000	0.000000	0.000000	0.000000	0.000000	0.000000	0.000000	0.000000	0.000000	0.000000	0.000000	0.000000	0.000000	0.000000	0.000000	0.000000	0.000000	0	0.000000	0.000000
92	2026-09-25T05:30:55.669681001Z	92014	loop6	0.000000	0.000000	0.000000	0.000000	0.000000	0.000000	0.000000	0.000000	0.000000	0.000000	0.000000	0.000000	0.000000	0.000000	0.000000	0.000000	0.000000	0	0.000000	0.000000
92	2026-09-25T05:30:55.669681001Z	92014	loop7	0.000000	0.000000	0.000000	0.000000	0.000000	0.000000	0.000000	0.000000	0.000000	0.000000	0.000000	0.000000	0.000000	0.000000	0.000000	0.000000	0.000000	0	0.000000	0.000000
92	2026-09-25T05:30:55.669681001Z	92014	nvme0n1	0.000000	383.000216	0.000000	0.000000	0.000000	248.000140	0.000000	0.000000	13389831.551865	0.000000	0.000000	1.154047	0.000000	0.000000	0.000000	34960.375979	0.000000	0	25.200014	0.442000
93	2026-09-25T05:30:56.669278276Z	93014	loop0	0.000000	0.000000	0.000000	0.000000	0.000000	0.000000	0.000000	0.000000	0.000000	0.000000	0.000000	0.000000	0.000000	0.000000	0.000000	0.000000	0.000000	0	0.000000	0.000000
93	2026-09-25T05:30:56.669278276Z	93014	loop1	0.000000	0.000000	0.000000	0.000000	0.000000	0.000000	0.000000	0.000000	0.000000	0.000000	0.000000	0.000000	0.000000	0.000000	0.000000	0.000000	0.000000	0	0.000000	0.000000
93	2026-09-25T05:30:56.669278276Z	93014	loop2	0.000000	0.000000	0.000000	0.000000	0.000000	0.000000	0.000000	0.000000	0.000000	0.000000	0.000000	0.000000	0.000000	0.000000	0.000000	0.000000	0.000000	0	0.000000	0.000000
93	2026-09-25T05:30:56.669278276Z	93014	loop3	0.000000	0.000000	0.000000	0.000000	0.000000	0.000000	0.000000	0.000000	0.000000	0.000000	0.000000	0.000000	0.000000	0.000000	0.000000	0.000000	0.000000	0	0.000000	0.000000
93	2026-09-25T05:30:56.669278276Z	93014	loop4	0.000000	0.000000	0.000000	0.000000	0.000000	0.000000	0.000000	0.000000	0.000000	0.000000	0.000000	0.000000	0.000000	0.000000	0.000000	0.000000	0.000000	0	0.000000	0.000000
93	2026-09-25T05:30:56.669278276Z	93014	loop5	0.000000	0.000000	0.000000	0.000000	0.000000	0.000000	0.000000	0.000000	0.000000	0.000000	0.000000	0.000000	0.000000	0.000000	0.000000	0.000000	0.000000	0	0.000000	0.000000
93	2026-09-25T05:30:56.669278276Z	93014	loop6	0.000000	0.000000	0.000000	0.000000	0.000000	0.000000	0.000000	0.000000	0.000000	0.000000	0.000000	0.000000	0.000000	0.000000	0.000000	0.000000	0.000000	0	0.000000	0.000000
93	2026-09-25T05:30:56.669278276Z	93014	loop7	0.000000	0.000000	0.000000	0.000000	0.000000	0.000000	0.000000	0.000000	0.000000	0.000000	0.000000	0.000000	0.000000	0.000000	0.000000	0.000000	0.000000	0	0.000000	0.000000
93	2026-09-25T05:30:56.669278276Z	93014	nvme0n1	0.000000	388.156320	0.000000	0.000000	0.000000	244.098304	0.000000	0.000000	13514050.445966	0.000000	0.000000	1.134021	0.000000	0.000000	0.000000	34816.000000	0.000000	0	26.010475	0.440177
94	2026-09-25T05:30:57.669017803Z	94014	loop0	0.000000	0.000000	0.000000	0.000000	0.000000	0.000000	0.000000	0.000000	0.000000	0.000000	0.000000	0.000000	0.000000	0.000000	0.000000	0.000000	0.000000	0	0.000000	0.000000
94	2026-09-25T05:30:57.669017803Z	94014	loop1	0.000000	0.000000	0.000000	0.000000	0.000000	0.000000	0.000000	0.000000	0.000000	0.000000	0.000000	0.000000	0.000000	0.000000	0.000000	0.000000	0.000000	0	0.000000	0.000000
94	2026-09-25T05:30:57.669017803Z	94014	loop2	0.000000	0.000000	0.000000	0.000000	0.000000	0.000000	0.000000	0.000000	0.000000	0.000000	0.000000	0.000000	0.000000	0.000000	0.000000	0.000000	0.000000	0	0.000000	0.000000
94	2026-09-25T05:30:57.669017803Z	94014	loop3	0.000000	0.000000	0.000000	0.000000	0.000000	0.000000	0.000000	0.000000	0.000000	0.000000	0.000000	0.000000	0.000000	0.000000	0.000000	0.000000	0.000000	0	0.000000	0.000000
94	2026-09-25T05:30:57.669017803Z	94014	loop4	0.000000	0.000000	0.000000	0.000000	0.000000	0.000000	0.000000	0.000000	0.000000	0.000000	0.000000	0.000000	0.000000	0.000000	0.000000	0.000000	0.000000	0	0.000000	0.000000
94	2026-09-25T05:30:57.669017803Z	94014	loop5	0.000000	0.000000	0.000000	0.000000	0.000000	0.000000	0.000000	0.000000	0.000000	0.000000	0.000000	0.000000	0.000000	0.000000	0.000000	0.000000	0.000000	0	0.000000	0.000000
94	2026-09-25T05:30:57.669017803Z	94014	loop6	0.000000	0.000000	0.000000	0.000000	0.000000	0.000000	0.000000	0.000000	0.000000	0.000000	0.000000	0.000000	0.000000	0.000000	0.000000	0.000000	0.000000	0	0.000000	0.000000
94	2026-09-25T05:30:57.669017803Z	94014	loop7	0.000000	0.000000	0.000000	0.000000	0.000000	0.000000	0.000000	0.000000	0.000000	0.000000	0.000000	0.000000	0.000000	0.000000	0.000000	0.000000	0.000000	0	0.000000	0.000000
94	2026-09-25T05:30:57.669017803Z	94014	nvme0n1	0.000000	387.100830	0.000000	0.000000	0.000000	238.062009	0.000000	0.000000	13553098.243265	0.000000	0.000000	1.136951	0.000000	0.000000	0.000000	35011.803618	0.000000	0	24.806461	0.440115
95	2026-09-25T05:30:58.669276186Z	95014	loop0	0.000000	0.000000	0.000000	0.000000	0.000000	0.000000	0.000000	0.000000	0.000000	0.000000	0.000000	0.000000	0.000000	0.000000	0.000000	0.000000	0.000000	0	0.000000	0.000000
95	2026-09-25T05:30:58.669276186Z	95014	loop1	0.000000	0.000000	0.000000	0.000000	0.000000	0.000000	0.000000	0.000000	0.000000	0.000000	0.000000	0.000000	0.000000	0.000000	0.000000	0.000000	0.000000	0	0.000000	0.000000
95	2026-09-25T05:30:58.669276186Z	95014	loop2	0.000000	0.000000	0.000000	0.000000	0.000000	0.000000	0.000000	0.000000	0.000000	0.000000	0.000000	0.000000	0.000000	0.000000	0.000000	0.000000	0.000000	0	0.000000	0.000000
95	2026-09-25T05:30:58.669276186Z	95014	loop3	0.000000	0.000000	0.000000	0.000000	0.000000	0.000000	0.000000	0.000000	0.000000	0.000000	0.000000	0.000000	0.000000	0.000000	0.000000	0.000000	0.000000	0	0.000000	0.000000
95	2026-09-25T05:30:58.669276186Z	95014	loop4	0.000000	0.000000	0.000000	0.000000	0.000000	0.000000	0.000000	0.000000	0.000000	0.000000	0.000000	0.000000	0.000000	0.000000	0.000000	0.000000	0.000000	0	0.000000	0.000000
95	2026-09-25T05:30:58.669276186Z	95014	loop5	0.000000	0.000000	0.000000	0.000000	0.000000	0.000000	0.000000	0.000000	0.000000	0.000000	0.000000	0.000000	0.000000	0.000000	0.000000	0.000000	0.000000	0	0.000000	0.000000
95	2026-09-25T05:30:58.669276186Z	95014	loop6	0.000000	0.000000	0.000000	0.000000	0.000000	0.000000	0.000000	0.000000	0.000000	0.000000	0.000000	0.000000	0.000000	0.000000	0.000000	0.000000	0.000000	0	0.000000	0.000000
95	2026-09-25T05:30:58.669276186Z	95014	loop7	0.000000	0.000000	0.000000	0.000000	0.000000	0.000000	0.000000	0.000000	0.000000	0.000000	0.000000	0.000000	0.000000	0.000000	0.000000	0.000000	0.000000	0	0.000000	0.000000
95	2026-09-25T05:30:58.669276186Z	95014	nvme0n1	0.000000	763.802643	0.000000	0.000000	0.000000	260.932578	0.000000	0.000000	22210964.975393	0.000000	0.000000	1.098168	0.000000	0.000000	0.000000	29079.455497	0.000000	0	25.993284	0.838783
96	2026-09-25T05:30:59.669643506Z	96014	loop0	0.000000	0.000000	0.000000	0.000000	0.000000	0.000000	0.000000	0.000000	0.000000	0.000000	0.000000	0.000000	0.000000	0.000000	0.000000	0.000000	0.000000	0	0.000000	0.000000
96	2026-09-25T05:30:59.669643506Z	96014	loop1	0.000000	0.000000	0.000000	0.000000	0.000000	0.000000	0.000000	0.000000	0.000000	0.000000	0.000000	0.000000	0.000000	0.000000	0.000000	0.000000	0.000000	0	0.000000	0.000000
96	2026-09-25T05:30:59.669643506Z	96014	loop2	0.000000	0.000000	0.000000	0.000000	0.000000	0.000000	0.000000	0.000000	0.000000	0.000000	0.000000	0.000000	0.000000	0.000000	0.000000	0.000000	0.000000	0	0.000000	0.000000
96	2026-09-25T05:30:59.669643506Z	96014	loop3	0.000000	0.000000	0.000000	0.000000	0.000000	0.000000	0.000000	0.000000	0.000000	0.000000	0.000000	0.000000	0.000000	0.000000	0.000000	0.000000	0.000000	0	0.000000	0.000000
96	2026-09-25T05:30:59.669643506Z	96014	loop4	0.000000	0.000000	0.000000	0.000000	0.000000	0.000000	0.000000	0.000000	0.000000	0.000000	0.000000	0.000000	0.000000	0.000000	0.000000	0.000000	0.000000	0	0.000000	0.000000
96	2026-09-25T05:30:59.669643506Z	96014	loop5	0.000000	0.000000	0.000000	0.000000	0.000000	0.000000	0.000000	0.000000	0.000000	0.000000	0.000000	0.000000	0.000000	0.000000	0.000000	0.000000	0.000000	0	0.000000	0.000000
96	2026-09-25T05:30:59.669643506Z	96014	loop6	0.000000	0.000000	0.000000	0.000000	0.000000	0.000000	0.000000	0.000000	0.000000	0.000000	0.000000	0.000000	0.000000	0.000000	0.000000	0.000000	0.000000	0	0.000000	0.000000
96	2026-09-25T05:30:59.669643506Z	96014	loop7	0.000000	0.000000	0.000000	0.000000	0.000000	0.000000	0.000000	0.000000	0.000000	0.000000	0.000000	0.000000	0.000000	0.000000	0.000000	0.000000	0.000000	0	0.000000	0.000000
96	2026-09-25T05:30:59.669643506Z	96014	nvme0n1	0.000000	384.858633	0.000000	0.000000	0.000000	247.908938	0.000000	0.000000	13548687.282639	0.000000	0.000000	1.142857	0.000000	0.000000	0.000000	35204.322078	0.000000	0	24.790894	0.439838
97	2026-09-25T05:31:00.669726638Z	97014	loop0	0.000000	0.000000	0.000000	0.000000	0.000000	0.000000	0.000000	0.000000	0.000000	0.000000	0.000000	0.000000	0.000000	0.000000	0.000000	0.000000	0.000000	0	0.000000	0.000000
97	2026-09-25T05:31:00.669726638Z	97014	loop1	0.000000	0.000000	0.000000	0.000000	0.000000	0.000000	0.000000	0.000000	0.000000	0.000000	0.000000	0.000000	0.000000	0.000000	0.000000	0.000000	0.000000	0	0.000000	0.000000
97	2026-09-25T05:31:00.669726638Z	97014	loop2	0.000000	0.000000	0.000000	0.000000	0.000000	0.000000	0.000000	0.000000	0.000000	0.000000	0.000000	0.000000	0.000000	0.000000	0.000000	0.000000	0.000000	0	0.000000	0.000000
97	2026-09-25T05:31:00.669726638Z	97014	loop3	0.000000	0.000000	0.000000	0.000000	0.000000	0.000000	0.000000	0.000000	0.000000	0.000000	0.000000	0.000000	0.000000	0.000000	0.000000	0.000000	0.000000	0	0.000000	0.000000
97	2026-09-25T05:31:00.669726638Z	97014	loop4	0.000000	0.000000	0.000000	0.000000	0.000000	0.000000	0.000000	0.000000	0.000000	0.000000	0.000000	0.000000	0.000000	0.000000	0.000000	0.000000	0.000000	0	0.000000	0.000000
97	2026-09-25T05:31:00.669726638Z	97014	loop5	0.000000	0.000000	0.000000	0.000000	0.000000	0.000000	0.000000	0.000000	0.000000	0.000000	0.000000	0.000000	0.000000	0.000000	0.000000	0.000000	0.000000	0	0.000000	0.000000
97	2026-09-25T05:31:00.669726638Z	97014	loop6	0.000000	0.000000	0.000000	0.000000	0.000000	0.000000	0.000000	0.000000	0.000000	0.000000	0.000000	0.000000	0.000000	0.000000	0.000000	0.000000	0.000000	0	0.000000	0.000000
97	2026-09-25T05:31:00.669726638Z	97014	loop7	0.000000	0.000000	0.000000	0.000000	0.000000	0.000000	0.000000	0.000000	0.000000	0.000000	0.000000	0.000000	0.000000	0.000000	0.000000	0.000000	0.000000	0	0.000000	0.000000
97	2026-09-25T05:31:00.669726638Z	97014	nvme0n1	0.999917	418.965172	0.000000	0.000000	0.000000	227.981048	0.000000	4095.659532	21682421.561978	0.000000	0.000000	1.279236	0.000000	0.000000	4096.000000	51752.324582	0.000000	0	25.997839	0.536955
98	2026-09-25T05:31:01.669361561Z	98014	loop0	0.000000	0.000000	0.000000	0.000000	0.000000	0.000000	0.000000	0.000000	0.000000	0.000000	0.000000	0.000000	0.000000	0.000000	0.000000	0.000000	0.000000	0	0.000000	0.000000
98	2026-09-25T05:31:01.669361561Z	98014	loop1	0.000000	0.000000	0.000000	0.000000	0.000000	0.000000	0.000000	0.000000	0.000000	0.000000	0.000000	0.000000	0.000000	0.000000	0.000000	0.000000	0.000000	0	0.000000	0.000000
98	2026-09-25T05:31:01.669361561Z	98014	loop2	0.000000	0.000000	0.000000	0.000000	0.000000	0.000000	0.000000	0.000000	0.000000	0.000000	0.000000	0.000000	0.000000	0.000000	0.000000	0.000000	0.000000	0	0.000000	0.000000
98	2026-09-25T05:31:01.669361561Z	98014	loop3	0.000000	0.000000	0.000000	0.000000	0.000000	0.000000	0.000000	0.000000	0.000000	0.000000	0.000000	0.000000	0.000000	0.000000	0.000000	0.000000	0.000000	0	0.000000	0.000000
98	2026-09-25T05:31:01.669361561Z	98014	loop4	0.000000	0.000000	0.000000	0.000000	0.000000	0.000000	0.000000	0.000000	0.000000	0.000000	0.000000	0.000000	0.000000	0.000000	0.000000	0.000000	0.000000	0	0.000000	0.000000
98	2026-09-25T05:31:01.669361561Z	98014	loop5	0.000000	0.000000	0.000000	0.000000	0.000000	0.000000	0.000000	0.000000	0.000000	0.000000	0.000000	0.000000	0.000000	0.000000	0.000000	0.000000	0.000000	0	0.000000	0.000000
98	2026-09-25T05:31:01.669361561Z	98014	loop6	0.000000	0.000000	0.000000	0.000000	0.000000	0.000000	0.000000	0.000000	0.000000	0.000000	0.000000	0.000000	0.000000	0.000000	0.000000	0.000000	0.000000	0	0.000000	0.000000
98	2026-09-25T05:31:01.669361561Z	98014	loop7	0.000000	0.000000	0.000000	0.000000	0.000000	0.000000	0.000000	0.000000	0.000000	0.000000	0.000000	0.000000	0.000000	0.000000	0.000000	0.000000	0.000000	0	0.000000	0.000000
98	2026-09-25T05:31:01.669361561Z	98014	nvme0n1	0.000000	386.140972	0.000000	0.000000	0.000000	243.088747	0.000000	0.000000	13775781.248442	0.000000	0.000000	1.145078	0.000000	0.000000	0.000000	35675.523316	0.000000	0	25.609349	0.441161
99	2026-09-25T05:31:02.668964672Z	99014	loop0	0.000000	0.000000	0.000000	0.000000	0.000000	0.000000	0.000000	0.000000	0.000000	0.000000	0.000000	0.000000	0.000000	0.000000	0.000000	0.000000	0.000000	0	0.000000	0.000000
99	2026-09-25T05:31:02.668964672Z	99014	loop1	0.000000	0.000000	0.000000	0.000000	0.000000	0.000000	0.000000	0.000000	0.000000	0.000000	0.000000	0.000000	0.000000	0.000000	0.000000	0.000000	0.000000	0	0.000000	0.000000
99	2026-09-25T05:31:02.668964672Z	99014	loop2	0.000000	0.000000	0.000000	0.000000	0.000000	0.000000	0.000000	0.000000	0.000000	0.000000	0.000000	0.000000	0.000000	0.000000	0.000000	0.000000	0.000000	0	0.000000	0.000000
99	2026-09-25T05:31:02.668964672Z	99014	loop3	0.000000	0.000000	0.000000	0.000000	0.000000	0.000000	0.000000	0.000000	0.000000	0.000000	0.000000	0.000000	0.000000	0.000000	0.000000	0.000000	0.000000	0	0.000000	0.000000
99	2026-09-25T05:31:02.668964672Z	99014	loop4	0.000000	0.000000	0.000000	0.000000	0.000000	0.000000	0.000000	0.000000	0.000000	0.000000	0.000000	0.000000	0.000000	0.000000	0.000000	0.000000	0.000000	0	0.000000	0.000000
99	2026-09-25T05:31:02.668964672Z	99014	loop5	0.000000	0.000000	0.000000	0.000000	0.000000	0.000000	0.000000	0.000000	0.000000	0.000000	0.000000	0.000000	0.000000	0.000000	0.000000	0.000000	0.000000	0	0.000000	0.000000
99	2026-09-25T05:31:02.668964672Z	99014	loop6	0.000000	0.000000	0.000000	0.000000	0.000000	0.000000	0.000000	0.000000	0.000000	0.000000	0.000000	0.000000	0.000000	0.000000	0.000000	0.000000	0.000000	0	0.000000	0.000000
99	2026-09-25T05:31:02.668964672Z	99014	loop7	0.000000	0.000000	0.000000	0.000000	0.000000	0.000000	0.000000	0.000000	0.000000	0.000000	0.000000	0.000000	0.000000	0.000000	0.000000	0.000000	0.000000	0	0.000000	0.000000
99	2026-09-25T05:31:02.668964672Z	99014	nvme0n1	0.000000	383.152068	0.000000	0.000000	0.000000	242.096085	0.000000	0.000000	13464799.990609	0.000000	0.000000	1.138381	0.000000	0.000000	0.000000	35142.182768	0.000000	0	25.610164	0.437174
100	2026-09-25T05:31:03.66898055Z	100014	loop0	0.000000	0.000000	0.000000	0.000000	0.000000	0.000000	0.000000	0.000000	0.000000	0.000000	0.000000	0.000000	0.000000	0.000000	0.000000	0.000000	0.000000	0	0.000000	0.000000
100	2026-09-25T05:31:03.66898055Z	100014	loop1	0.000000	0.000000	0.000000	0.000000	0.000000	0.000000	0.000000	0.000000	0.000000	0.000000	0.000000	0.000000	0.000000	0.000000	0.000000	0.000000	0.000000	0	0.000000	0.000000
100	2026-09-25T05:31:03.66898055Z	100014	loop2	0.000000	0.000000	0.000000	0.000000	0.000000	0.000000	0.000000	0.000000	0.000000	0.000000	0.000000	0.000000	0.000000	0.000000	0.000000	0.000000	0.000000	0	0.000000	0.000000
100	2026-09-25T05:31:03.66898055Z	100014	loop3	0.000000	0.000000	0.000000	0.000000	0.000000	0.000000	0.000000	0.000000	0.000000	0.000000	0.000000	0.000000	0.000000	0.000000	0.000000	0.000000	0.000000	0	0.000000	0.000000
100	2026-09-25T05:31:03.66898055Z	100014	loop4	0.000000	0.000000	0.000000	0.000000	0.000000	0.000000	0.000000	0.000000	0.000000	0.000000	0.000000	0.000000	0.000000	0.000000	0.000000	0.000000	0.000000	0	0.000000	0.000000
100	2026-09-25T05:31:03.66898055Z	100014	loop5	0.000000	0.000000	0.000000	0.000000	0.000000	0.000000	0.000000	0.000000	0.000000	0.000000	0.000000	0.000000	0.000000	0.000000	0.000000	0.000000	0.000000	0	0.000000	0.000000
100	2026-09-25T05:31:03.66898055Z	100014	loop6	0.000000	0.000000	0.000000	0.000000	0.000000	0.000000	0.000000	0.000000	0.000000	0.000000	0.000000	0.000000	0.000000	0.000000	0.000000	0.000000	0.000000	0	0.000000	0.000000
100	2026-09-25T05:31:03.66898055Z	100014	loop7	0.000000	0.000000	0.000000	0.000000	0.000000	0.000000	0.000000	0.000000	0.000000	0.000000	0.000000	0.000000	0.000000	0.000000	0.000000	0.000000	0.000000	0	0.000000	0.000000
100	2026-09-25T05:31:03.66898055Z	100014	nvme0n1	0.000000	915.985382	0.000000	0.000000	0.000000	266.995739	0.000000	0.000000	36810164.546584	0.000000	0.000000	1.195415	0.000000	0.000000	0.000000	40186.410480	0.000000	0	30.799508	1.094983
101	2026-09-25T05:31:04.66919234Z	101014	loop0	0.000000	0.000000	0.000000	0.000000	0.000000	0.000000	0.000000	0.000000	0.000000	0.000000	0.000000	0.000000	0.000000	0.000000	0.000000	0.000000	0.000000	0	0.000000	0.000000
101	2026-09-25T05:31:04.66919234Z	101014	loop1	0.000000	0.000000	0.000000	0.000000	0.000000	0.000000	0.000000	0.000000	0.000000	0.000000	0.000000	0.000000	0.000000	0.000000	0.000000	0.000000	0.000000	0	0.000000	0.000000
101	2026-09-25T05:31:04.66919234Z	101014	loop2	0.000000	0.000000	0.000000	0.000000	0.000000	0.000000	0.000000	0.000000	0.000000	0.000000	0.000000	0.000000	0.000000	0.000000	0.000000	0.000000	0.000000	0	0.000000	0.000000
101	2026-09-25T05:31:04.66919234Z	101014	loop3	0.000000	0.000000	0.000000	0.000000	0.000000	0.000000	0.000000	0.000000	0.000000	0.000000	0.000000	0.000000	0.000000	0.000000	0.000000	0.000000	0.000000	0	0.000000	0.000000
101	2026-09-25T05:31:04.66919234Z	101014	loop4	0.000000	0.000000	0.000000	0.000000	0.000000	0.000000	0.000000	0.000000	0.000000	0.000000	0.000000	0.000000	0.000000	0.000000	0.000000	0.000000	0.000000	0	0.000000	0.000000
101	2026-09-25T05:31:04.66919234Z	101014	loop5	0.000000	0.000000	0.000000	0.000000	0.000000	0.000000	0.000000	0.000000	0.000000	0.000000	0.000000	0.000000	0.000000	0.000000	0.000000	0.000000	0.000000	0	0.000000	0.000000
101	2026-09-25T05:31:04.66919234Z	101014	loop6	0.000000	0.000000	0.000000	0.000000	0.000000	0.000000	0.000000	0.000000	0.000000	0.000000	0.000000	0.000000	0.000000	0.000000	0.000000	0.000000	0.000000	0	0.000000	0.000000
101	2026-09-25T05:31:04.66919234Z	101014	loop7	0.000000	0.000000	0.000000	0.000000	0.000000	0.000000	0.000000	0.000000	0.000000	0.000000	0.000000	0.000000	0.000000	0.000000	0.000000	0.000000	0.000000	0	0.000000	0.000000
101	2026-09-25T05:31:04.66919234Z	101014	nvme0n1	0.000000	378.919780	0.000000	0.000000	0.000000	229.951318	0.000000	0.000000	12293589.373368	0.000000	0.000000	1.113456	0.000000	0.000000	0.000000	32443.778364	0.000000	0	23.595005	0.421911
102	2026-09-25T05:31:05.669576015Z	102014	loop0	0.000000	0.000000	0.000000	0.000000	0.000000	0.000000	0.000000	0.000000	0.000000	0.000000	0.000000	0.000000	0.000000	0.000000	0.000000	0.000000	0.000000	0	0.000000	0.000000
102	2026-09-25T05:31:05.669576015Z	102014	loop1	0.000000	0.000000	0.000000	0.000000	0.000000	0.000000	0.000000	0.000000	0.000000	0.000000	0.000000	0.000000	0.000000	0.000000	0.000000	0.000000	0.000000	0	0.000000	0.000000
102	2026-09-25T05:31:05.669576015Z	102014	loop2	0.000000	0.000000	0.000000	0.000000	0.000000	0.000000	0.000000	0.000000	0.000000	0.000000	0.000000	0.000000	0.000000	0.000000	0.000000	0.000000	0.000000	0	0.000000	0.000000
102	2026-09-25T05:31:05.669576015Z	102014	loop3	0.000000	0.000000	0.000000	0.000000	0.000000	0.000000	0.000000	0.000000	0.000000	0.000000	0.000000	0.000000	0.000000	0.000000	0.000000	0.000000	0.000000	0	0.000000	0.000000
102	2026-09-25T05:31:05.669576015Z	102014	loop4	0.000000	0.000000	0.000000	0.000000	0.000000	0.000000	0.000000	0.000000	0.000000	0.000000	0.000000	0.000000	0.000000	0.000000	0.000000	0.000000	0.000000	0	0.000000	0.000000
102	2026-09-25T05:31:05.669576015Z	102014	loop5	0.000000	0.000000	0.000000	0.000000	0.000000	0.000000	0.000000	0.000000	0.000000	0.000000	0.000000	0.000000	0.000000	0.000000	0.000000	0.000000	0.000000	0	0.000000	0.000000
102	2026-09-25T05:31:05.669576015Z	102014	loop6	0.000000	0.000000	0.000000	0.000000	0.000000	0.000000	0.000000	0.000000	0.000000	0.000000	0.000000	0.000000	0.000000	0.000000	0.000000	0.000000	0.000000	0	0.000000	0.000000
102	2026-09-25T05:31:05.669576015Z	102014	loop7	0.000000	0.000000	0.000000	0.000000	0.000000	0.000000	0.000000	0.000000	0.000000	0.000000	0.000000	0.000000	0.000000	0.000000	0.000000	0.000000	0.000000	0	0.000000	0.000000
102	2026-09-25T05:31:05.669576015Z	102014	nvme0n1	0.000000	340.869219	0.000000	0.000000	0.000000	61.976222	0.000000	0.000000	10285205.875062	0.000000	0.000000	1.087977	0.000000	0.000000	0.000000	30173.466276	0.000000	0	14.394477	0.370858
103	2026-09-25T05:31:06.669653303Z	103014	loop0	0.000000	0.000000	0.000000	0.000000	0.000000	0.000000	0.000000	0.000000	0.000000	0.000000	0.000000	0.000000	0.000000	0.000000	0.000000	0.000000	0.000000	0	0.000000	0.000000
103	2026-09-25T05:31:06.669653303Z	103014	loop1	0.000000	0.000000	0.000000	0.000000	0.000000	0.000000	0.000000	0.000000	0.000000	0.000000	0.000000	0.000000	0.000000	0.000000	0.000000	0.000000	0.000000	0	0.000000	0.000000
103	2026-09-25T05:31:06.669653303Z	103014	loop2	0.000000	0.000000	0.000000	0.000000	0.000000	0.000000	0.000000	0.000000	0.000000	0.000000	0.000000	0.000000	0.000000	0.000000	0.000000	0.000000	0.000000	0	0.000000	0.000000
103	2026-09-25T05:31:06.669653303Z	103014	loop3	0.000000	0.000000	0.000000	0.000000	0.000000	0.000000	0.000000	0.000000	0.000000	0.000000	0.000000	0.000000	0.000000	0.000000	0.000000	0.000000	0.000000	0	0.000000	0.000000
103	2026-09-25T05:31:06.669653303Z	103014	loop4	0.000000	0.000000	0.000000	0.000000	0.000000	0.000000	0.000000	0.000000	0.000000	0.000000	0.000000	0.000000	0.000000	0.000000	0.000000	0.000000	0.000000	0	0.000000	0.000000
103	2026-09-25T05:31:06.669653303Z	103014	loop5	0.000000	0.000000	0.000000	0.000000	0.000000	0.000000	0.000000	0.000000	0.000000	0.000000	0.000000	0.000000	0.000000	0.000000	0.000000	0.000000	0.000000	0	0.000000	0.000000
103	2026-09-25T05:31:06.669653303Z	103014	loop6	0.000000	0.000000	0.000000	0.000000	0.000000	0.000000	0.000000	0.000000	0.000000	0.000000	0.000000	0.000000	0.000000	0.000000	0.000000	0.000000	0.000000	0	0.000000	0.000000
103	2026-09-25T05:31:06.669653303Z	103014	loop7	0.000000	0.000000	0.000000	0.000000	0.000000	0.000000	0.000000	0.000000	0.000000	0.000000	0.000000	0.000000	0.000000	0.000000	0.000000	0.000000	0.000000	0	0.000000	0.000000
103	2026-09-25T05:31:06.669653303Z	103014	nvme0n1	0.000000	326.974701	0.000000	0.000000	0.000000	69.994584	0.000000	0.000000	7130584.292432	0.000000	0.000000	1.024465	0.000000	0.000000	0.000000	21807.755352	0.000000	0	14.398886	0.333974
104	2026-09-25T05:31:07.668964398Z	104014	loop0	0.000000	0.000000	0.000000	0.000000	0.000000	0.000000	0.000000	0.000000	0.000000	0.000000	0.000000	0.000000	0.000000	0.000000	0.000000	0.000000	0.000000	0	0.000000	0.000000
104	2026-09-25T05:31:07.668964398Z	104014	loop1	0.000000	0.000000	0.000000	0.000000	0.000000	0.000000	0.000000	0.000000	0.000000	0.000000	0.000000	0.000000	0.000000	0.000000	0.000000	0.000000	0.000000	0	0.000000	0.000000
104	2026-09-25T05:31:07.668964398Z	104014	loop2	0.000000	0.000000	0.000000	0.000000	0.000000	0.000000	0.000000	0.000000	0.000000	0.000000	0.000000	0.000000	0.000000	0.000000	0.000000	0.000000	0.000000	0	0.000000	0.000000
104	2026-09-25T05:31:07.668964398Z	104014	loop3	0.000000	0.000000	0.000000	0.000000	0.000000	0.000000	0.000000	0.000000	0.000000	0.000000	0.000000	0.000000	0.000000	0.000000	0.000000	0.000000	0.000000	0	0.000000	0.000000
104	2026-09-25T05:31:07.668964398Z	104014	loop4	0.000000	0.000000	0.000000	0.000000	0.000000	0.000000	0.000000	0.000000	0.000000	0.000000	0.000000	0.000000	0.000000	0.000000	0.000000	0.000000	0.000000	0	0.000000	0.000000
104	2026-09-25T05:31:07.668964398Z	104014	loop5	0.000000	0.000000	0.000000	0.000000	0.000000	0.000000	0.000000	0.000000	0.000000	0.000000	0.000000	0.000000	0.000000	0.000000	0.000000	0.000000	0.000000	0	0.000000	0.000000
104	2026-09-25T05:31:07.668964398Z	104014	loop6	0.000000	0.000000	0.000000	0.000000	0.000000	0.000000	0.000000	0.000000	0.000000	0.000000	0.000000	0.000000	0.000000	0.000000	0.000000	0.000000	0.000000	0	0.000000	0.000000
104	2026-09-25T05:31:07.668964398Z	104014	loop7	0.000000	0.000000	0.000000	0.000000	0.000000	0.000000	0.000000	0.000000	0.000000	0.000000	0.000000	0.000000	0.000000	0.000000	0.000000	0.000000	0.000000	0	0.000000	0.000000
104	2026-09-25T05:31:07.668964398Z	104014	nvme0n1	0.000000	333.229589	0.000000	0.000000	0.000000	79.054467	0.000000	0.000000	7291807.909814	0.000000	0.000000	1.024024	0.000000	0.000000	0.000000	21882.234234	0.000000	0	14.409928	0.342236
105	2026-09-25T05:31:08.669485433Z	105014	loop0	0.000000	0.000000	0.000000	0.000000	0.000000	0.000000	0.000000	0.000000	0.000000	0.000000	0.000000	0.000000	0.000000	0.000000	0.000000	0.000000	0.000000	0	0.000000	0.000000
105	2026-09-25T05:31:08.669485433Z	105014	loop1	0.000000	0.000000	0.000000	0.000000	0.000000	0.000000	0.000000	0.000000	0.000000	0.000000	0.000000	0.000000	0.000000	0.000000	0.000000	0.000000	0.000000	0	0.000000	0.000000
105	2026-09-25T05:31:08.669485433Z	105014	loop2	0.000000	0.000000	0.000000	0.000000	0.000000	0.000000	0.000000	0.000000	0.000000	0.000000	0.000000	0.000000	0.000000	0.000000	0.000000	0.000000	0.000000	0	0.000000	0.000000
105	2026-09-25T05:31:08.669485433Z	105014	loop3	0.000000	0.000000	0.000000	0.000000	0.000000	0.000000	0.000000	0.000000	0.000000	0.000000	0.000000	0.000000	0.000000	0.000000	0.000000	0.000000	0.000000	0	0.000000	0.000000
105	2026-09-25T05:31:08.669485433Z	105014	loop4	0.000000	0.000000	0.000000	0.000000	0.000000	0.000000	0.000000	0.000000	0.000000	0.000000	0.000000	0.000000	0.000000	0.000000	0.000000	0.000000	0.000000	0	0.000000	0.000000
105	2026-09-25T05:31:08.669485433Z	105014	loop5	0.000000	0.000000	0.000000	0.000000	0.000000	0.000000	0.000000	0.000000	0.000000	0.000000	0.000000	0.000000	0.000000	0.000000	0.000000	0.000000	0.000000	0	0.000000	0.000000
105	2026-09-25T05:31:08.669485433Z	105014	loop6	0.000000	0.000000	0.000000	0.000000	0.000000	0.000000	0.000000	0.000000	0.000000	0.000000	0.000000	0.000000	0.000000	0.000000	0.000000	0.000000	0.000000	0	0.000000	0.000000
105	2026-09-25T05:31:08.669485433Z	105014	loop7	0.000000	0.000000	0.000000	0.000000	0.000000	0.000000	0.000000	0.000000	0.000000	0.000000	0.000000	0.000000	0.000000	0.000000	0.000000	0.000000	0.000000	0	0.000000	0.000000
105	2026-09-25T05:31:08.669485433Z	105014	nvme0n1	0.000000	326.829711	0.000000	0.000000	0.000000	60.968234	0.000000	0.000000	7090577.575094	0.000000	0.000000	1.018349	0.000000	0.000000	0.000000	21695.021407	0.000000	0	14.392501	0.332827
106	2026-09-25T05:31:09.668972828Z	106014	loop0	0.000000	0.000000	0.000000	0.000000	0.000000	0.000000	0.000000	0.000000	0.000000	0.000000	0.000000	0.000000	0.000000	0.000000	0.000000	0.000000	0.000000	0	0.000000	0.000000
106	2026-09-25T05:31:09.668972828Z	106014	loop1	0.000000	0.000000	0.000000	0.000000	0.000000	0.000000	0.000000	0.000000	0.000000	0.000000	0.000000	0.000000	0.000000	0.000000	0.000000	0.000000	0.000000	0	0.000000	0.000000
106	2026-09-25T05:31:09.668972828Z	106014	loop2	0.000000	0.000000	0.000000	0.000000	0.000000	0.000000	0.000000	0.000000	0.000000	0.000000	0.000000	0.000000	0.000000	0.000000	0.000000	0.000000	0.000000	0	0.000000	0.000000
106	2026-09-25T05:31:09.668972828Z	106014	loop3	0.000000	0.000000	0.000000	0.000000	0.000000	0.000000	0.000000	0.000000	0.000000	0.000000	0.000000	0.000000	0.000000	0.000000	0.000000	0.000000	0.000000	0	0.000000	0.000000
106	2026-09-25T05:31:09.668972828Z	106014	loop4	0.000000	0.000000	0.000000	0.000000	0.000000	0.000000	0.000000	0.000000	0.000000	0.000000	0.000000	0.000000	0.000000	0.000000	0.000000	0.000000	0.000000	0	0.000000	0.000000
106	2026-09-25T05:31:09.668972828Z	106014	loop5	0.000000	0.000000	0.000000	0.000000	0.000000	0.000000	0.000000	0.000000	0.000000	0.000000	0.000000	0.000000	0.000000	0.000000	0.000000	0.000000	0.000000	0	0.000000	0.000000
106	2026-09-25T05:31:09.668972828Z	106014	loop6	0.000000	0.000000	0.000000	0.000000	0.000000	0.000000	0.000000	0.000000	0.000000	0.000000	0.000000	0.000000	0.000000	0.000000	0.000000	0.000000	0.000000	0	0.000000	0.000000
106	2026-09-25T05:31:09.668972828Z	106014	loop7	0.000000	0.000000	0.000000	0.000000	0.000000	0.000000	0.000000	0.000000	0.000000	0.000000	0.000000	0.000000	0.000000	0.000000	0.000000	0.000000	0.000000	0	0.000000	0.000000
106	2026-09-25T05:31:09.668972828Z	106014	nvme0n1	0.000000	325.166683	0.000000	0.000000	0.000000	61.031285	0.000000	0.000000	7089714.237146	0.000000	0.000000	1.024615	0.000000	0.000000	0.000000	21803.323077	0.000000	0	14.807590	0.333171
107	2026-09-25T05:31:10.669269473Z	107014	loop0	0.000000	0.000000	0.000000	0.000000	0.000000	0.000000	0.000000	0.000000	0.000000	0.000000	0.000000	0.000000	0.000000	0.000000	0.000000	0.000000	0.000000	0	0.000000	0.000000
107	2026-09-25T05:31:10.669269473Z	107014	loop1	0.000000	0.000000	0.000000	0.000000	0.000000	0.000000	0.000000	0.000000	0.000000	0.000000	0.000000	0.000000	0.000000	0.000000	0.000000	0.000000	0.000000	0	0.000000	0.000000
107	2026-09-25T05:31:10.669269473Z	107014	loop2	0.000000	0.000000	0.000000	0.000000	0.000000	0.000000	0.000000	0.000000	0.000000	0.000000	0.000000	0.000000	0.000000	0.000000	0.000000	0.000000	0.000000	0	0.000000	0.000000
107	2026-09-25T05:31:10.669269473Z	107014	loop3	0.000000	0.000000	0.000000	0.000000	0.000000	0.000000	0.000000	0.000000	0.000000	0.000000	0.000000	0.000000	0.000000	0.000000	0.000000	0.000000	0.000000	0	0.000000	0.000000
107	2026-09-25T05:31:10.669269473Z	107014	loop4	0.000000	0.000000	0.000000	0.000000	0.000000	0.000000	0.000000	0.000000	0.000000	0.000000	0.000000	0.000000	0.000000	0.000000	0.000000	0.000000	0.000000	0	0.000000	0.000000
107	2026-09-25T05:31:10.669269473Z	107014	loop5	0.000000	0.000000	0.000000	0.000000	0.000000	0.000000	0.000000	0.000000	0.000000	0.000000	0.000000	0.000000	0.000000	0.000000	0.000000	0.000000	0.000000	0	0.000000	0.000000
107	2026-09-25T05:31:10.669269473Z	107014	loop6	0.000000	0.000000	0.000000	0.000000	0.000000	0.000000	0.000000	0.000000	0.000000	0.000000	0.000000	0.000000	0.000000	0.000000	0.000000	0.000000	0.000000	0	0.000000	0.000000
107	2026-09-25T05:31:10.669269473Z	107014	loop7	0.000000	0.000000	0.000000	0.000000	0.000000	0.000000	0.000000	0.000000	0.000000	0.000000	0.000000	0.000000	0.000000	0.000000	0.000000	0.000000	0.000000	0	0.000000	0.000000
107	2026-09-25T05:31:10.669269473Z	107014	nvme0n1	0.000000	322.904210	0.000000	0.000000	0.000000	65.980427	0.000000	0.000000	7096262.879424	0.000000	0.000000	1.021672	0.000000	0.000000	0.000000	21976.371517	0.000000	0	13.995848	0.329902
108	2026-09-25T05:31:11.669505092Z	108014	loop0	0.000000	0.000000	0.000000	0.000000	0.000000	0.000000	0.000000	0.000000	0.000000	0.000000	0.000000	0.000000	0.000000	0.000000	0.000000	0.000000	0.000000	0	0.000000	0.000000
108	2026-09-25T05:31:11.669505092Z	108014	loop1	0.000000	0.000000	0.000000	0.000000	0.000000	0.000000	0.000000	0.000000	0.000000	0.000000	0.000000	0.000000	0.000000	0.000000	0.000000	0.000000	0.000000	0	0.000000	0.000000
108	2026-09-25T05:31:11.669505092Z	108014	loop2	0.000000	0.000000	0.000000	0.000000	0.000000	0.000000	0.000000	0.000000	0.000000	0.000000	0.000000	0.000000	0.000000	0.000000	0.000000	0.000000	0.000000	0	0.000000	0.000000
108	2026-09-25T05:31:11.669505092Z	108014	loop3	0.000000	0.000000	0.000000	0.000000	0.000000	0.000000	0.000000	0.000000	0.000000	0.000000	0.000000	0.000000	0.000000	0.000000	0.000000	0.000000	0.000000	0	0.000000	0.000000
108	2026-09-25T05:31:11.669505092Z	108014	loop4	0.000000	0.000000	0.000000	0.000000	0.000000	0.000000	0.000000	0.000000	0.000000	0.000000	0.000000	0.000000	0.000000	0.000000	0.000000	0.000000	0.000000	0	0.000000	0.000000
108	2026-09-25T05:31:11.669505092Z	108014	loop5	0.000000	0.000000	0.000000	0.000000	0.000000	0.000000	0.000000	0.000000	0.000000	0.000000	0.000000	0.000000	0.000000	0.000000	0.000000	0.000000	0.000000	0	0.000000	0.000000
108	2026-09-25T05:31:11.669505092Z	108014	loop6	0.000000	0.000000	0.000000	0.000000	0.000000	0.000000	0.000000	0.000000	0.000000	0.000000	0.000000	0.000000	0.000000	0.000000	0.000000	0.000000	0.000000	0	0.000000	0.000000
108	2026-09-25T05:31:11.669505092Z	108014	loop7	0.000000	0.000000	0.000000	0.000000	0.000000	0.000000	0.000000	0.000000	0.000000	0.000000	0.000000	0.000000	0.000000	0.000000	0.000000	0.000000	0.000000	0	0.000000	0.000000
108	2026-09-25T05:31:11.669505092Z	108014	nvme0n1	0.000000	322.923914	0.000000	0.000000	0.000000	57.986337	0.000000	0.000000	7063935.616682	0.000000	0.000000	1.018576	0.000000	0.000000	0.000000	21874.922601	0.000000	0	13.996702	0.328923
109	2026-09-25T05:31:12.668909973Z	109014	loop0	0.000000	0.000000	0.000000	0.000000	0.000000	0.000000	0.000000	0.000000	0.000000	0.000000	0.000000	0.000000	0.000000	0.000000	0.000000	0.000000	0.000000	0	0.000000	0.000000
109	2026-09-25T05:31:12.668909973Z	109014	loop1	0.000000	0.000000	0.000000	0.000000	0.000000	0.000000	0.000000	0.000000	0.000000	0.000000	0.000000	0.000000	0.000000	0.000000	0.000000	0.000000	0.000000	0	0.000000	0.000000
109	2026-09-25T05:31:12.668909973Z	109014	loop2	0.000000	0.000000	0.000000	0.000000	0.000000	0.000000	0.000000	0.000000	0.000000	0.000000	0.000000	0.000000	0.000000	0.000000	0.000000	0.000000	0.000000	0	0.000000	0.000000
109	2026-09-25T05:31:12.668909973Z	109014	loop3	0.000000	0.000000	0.000000	0.000000	0.000000	0.000000	0.000000	0.000000	0.000000	0.000000	0.000000	0.000000	0.000000	0.000000	0.000000	0.000000	0.000000	0	0.000000	0.000000
109	2026-09-25T05:31:12.668909973Z	109014	loop4	0.000000	0.000000	0.000000	0.000000	0.000000	0.000000	0.000000	0.000000	0.000000	0.000000	0.000000	0.000000	0.000000	0.000000	0.000000	0.000000	0.000000	0	0.000000	0.000000
109	2026-09-25T05:31:12.668909973Z	109014	loop5	0.000000	0.000000	0.000000	0.000000	0.000000	0.000000	0.000000	0.000000	0.000000	0.000000	0.000000	0.000000	0.000000	0.000000	0.000000	0.000000	0.000000	0	0.000000	0.000000
109	2026-09-25T05:31:12.668909973Z	109014	loop6	0.000000	0.000000	0.000000	0.000000	0.000000	0.000000	0.000000	0.000000	0.000000	0.000000	0.000000	0.000000	0.000000	0.000000	0.000000	0.000000	0.000000	0	0.000000	0.000000
109	2026-09-25T05:31:12.668909973Z	109014	loop7	0.000000	0.000000	0.000000	0.000000	0.000000	0.000000	0.000000	0.000000	0.000000	0.000000	0.000000	0.000000	0.000000	0.000000	0.000000	0.000000	0.000000	0	0.000000	0.000000
109	2026-09-25T05:31:12.668909973Z	109014	nvme0n1	0.000000	325.193530	0.000000	0.000000	0.000000	63.037515	0.000000	0.000000	7098496.478520	0.000000	0.000000	1.021538	0.000000	0.000000	0.000000	21828.529231	0.000000	0	14.808813	0.332198
110	2026-09-25T05:31:13.669633868Z	110014	loop0	0.000000	0.000000	0.000000	0.000000	0.000000	0.000000	0.000000	0.000000	0.000000	0.000000	0.000000	0.000000	0.000000	0.000000	0.000000	0.000000	0.000000	0	0.000000	0.000000
110	2026-09-25T05:31:13.669633868Z	110014	loop1	0.000000	0.000000	0.000000	0.000000	0.000000	0.000000	0.000000	0.000000	0.000000	0.000000	0.000000	0.000000	0.000000	0.000000	0.000000	0.000000	0.000000	0	0.000000	0.000000
110	2026-09-25T05:31:13.669633868Z	110014	loop2	0.000000	0.000000	0.000000	0.000000	0.000000	0.000000	0.000000	0.000000	0.000000	0.000000	0.000000	0.000000	0.000000	0.000000	0.000000	0.000000	0.000000	0	0.000000	0.000000
110	2026-09-25T05:31:13.669633868Z	110014	loop3	0.000000	0.000000	0.000000	0.000000	0.000000	0.000000	0.000000	0.000000	0.000000	0.000000	0.000000	0.000000	0.000000	0.000000	0.000000	0.000000	0.000000	0	0.000000	0.000000
110	2026-09-25T05:31:13.669633868Z	110014	loop4	0.000000	0.000000	0.000000	0.000000	0.000000	0.000000	0.000000	0.000000	0.000000	0.000000	0.000000	0.000000	0.000000	0.000000	0.000000	0.000000	0.000000	0	0.000000	0.000000
110	2026-09-25T05:31:13.669633868Z	110014	loop5	0.000000	0.000000	0.000000	0.000000	0.000000	0.000000	0.000000	0.000000	0.000000	0.000000	0.000000	0.000000	0.000000	0.000000	0.000000	0.000000	0.000000	0	0.000000	0.000000
110	2026-09-25T05:31:13.669633868Z	110014	loop6	0.000000	0.000000	0.000000	0.000000	0.000000	0.000000	0.000000	0.000000	0.000000	0.000000	0.000000	0.000000	0.000000	0.000000	0.000000	0.000000	0.000000	0	0.000000	0.000000
110	2026-09-25T05:31:13.669633868Z	110014	loop7	0.000000	0.000000	0.000000	0.000000	0.000000	0.000000	0.000000	0.000000	0.000000	0.000000	0.000000	0.000000	0.000000	0.000000	0.000000	0.000000	0.000000	0	0.000000	0.000000
110	2026-09-25T05:31:13.669633868Z	110014	nvme0n1	0.000000	322.766350	0.000000	0.000000	0.000000	59.956597	0.000000	0.000000	7068674.993241	0.000000	0.000000	1.021672	0.000000	0.000000	0.000000	21900.284830	0.000000	0	14.389583	0.329761
111	2026-09-25T05:31:14.668985427Z	111014	loop0	0.000000	0.000000	0.000000	0.000000	0.000000	0.000000	0.000000	0.000000	0.000000	0.000000	0.000000	0.000000	0.000000	0.000000	0.000000	0.000000	0.000000	0	0.000000	0.000000
111	2026-09-25T05:31:14.668985427Z	111014	loop1	0.000000	0.000000	0.000000	0.000000	0.000000	0.000000	0.000000	0.000000	0.000000	0.000000	0.000000	0.000000	0.000000	0.000000	0.000000	0.000000	0.000000	0	0.000000	0.000000
111	2026-09-25T05:31:14.668985427Z	111014	loop2	0.000000	0.000000	0.000000	0.000000	0.000000	0.000000	0.000000	0.000000	0.000000	0.000000	0.000000	0.000000	0.000000	0.000000	0.000000	0.000000	0.000000	0	0.000000	0.000000
111	2026-09-25T05:31:14.668985427Z	111014	loop3	0.000000	0.000000	0.000000	0.000000	0.000000	0.000000	0.000000	0.000000	0.000000	0.000000	0.000000	0.000000	0.000000	0.000000	0.000000	0.000000	0.000000	0	0.000000	0.000000
111	2026-09-25T05:31:14.668985427Z	111014	loop4	0.000000	0.000000	0.000000	0.000000	0.000000	0.000000	0.000000	0.000000	0.000000	0.000000	0.000000	0.000000	0.000000	0.000000	0.000000	0.000000	0.000000	0	0.000000	0.000000
111	2026-09-25T05:31:14.668985427Z	111014	loop5	0.000000	0.000000	0.000000	0.000000	0.000000	0.000000	0.000000	0.000000	0.000000	0.000000	0.000000	0.000000	0.000000	0.000000	0.000000	0.000000	0.000000	0	0.000000	0.000000
111	2026-09-25T05:31:14.668985427Z	111014	loop6	0.000000	0.000000	0.000000	0.000000	0.000000	0.000000	0.000000	0.000000	0.000000	0.000000	0.000000	0.000000	0.000000	0.000000	0.000000	0.000000	0.000000	0	0.000000	0.000000
111	2026-09-25T05:31:14.668985427Z	111014	loop7	0.000000	0.000000	0.000000	0.000000	0.000000	0.000000	0.000000	0.000000	0.000000	0.000000	0.000000	0.000000	0.000000	0.000000	0.000000	0.000000	0.000000	0	0.000000	0.000000
111	2026-09-25T05:31:14.668985427Z	111014	nvme0n1	0.000000	327.212178	0.000000	0.000000	0.000000	61.039581	0.000000	0.000000	7098875.208838	0.000000	0.000000	1.024465	0.000000	0.000000	0.000000	21695.021407	0.000000	0	14.409344	0.335217
112	2026-09-25T05:31:15.669276643Z	112014	loop0	0.000000	0.000000	0.000000	0.000000	0.000000	0.000000	0.000000	0.000000	0.000000	0.000000	0.000000	0.000000	0.000000	0.000000	0.000000	0.000000	0.000000	0	0.000000	0.000000
112	2026-09-25T05:31:15.669276643Z	112014	loop1	0.000000	0.000000	0.000000	0.000000	0.000000	0.000000	0.000000	0.000000	0.000000	0.000000	0.000000	0.000000	0.000000	0.000000	0.000000	0.000000	0.000000	0	0.000000	0.000000
112	2026-09-25T05:31:15.669276643Z	112014	loop2	0.000000	0.000000	0.000000	0.000000	0.000000	0.000000	0.000000	0.000000	0.000000	0.000000	0.000000	0.000000	0.000000	0.000000	0.000000	0.000000	0.000000	0	0.000000	0.000000
112	2026-09-25T05:31:15.669276643Z	112014	loop3	0.000000	0.000000	0.000000	0.000000	0.000000	0.000000	0.000000	0.000000	0.000000	0.000000	0.000000	0.000000	0.000000	0.000000	0.000000	0.000000	0.000000	0	0.000000	0.000000
112	2026-09-25T05:31:15.669276643Z	112014	loop4	0.000000	0.000000	0.000000	0.000000	0.000000	0.000000	0.000000	0.000000	0.000000	0.000000	0.000000	0.000000	0.000000	0.000000	0.000000	0.000000	0.000000	0	0.000000	0.000000
112	2026-09-25T05:31:15.669276643Z	112014	loop5	0.000000	0.000000	0.000000	0.000000	0.000000	0.000000	0.000000	0.000000	0.000000	0.000000	0.000000	0.000000	0.000000	0.000000	0.000000	0.000000	0.000000	0	0.000000	0.000000
112	2026-09-25T05:31:15.669276643Z	112014	loop6	0.000000	0.000000	0.000000	0.000000	0.000000	0.000000	0.000000	0.000000	0.000000	0.000000	0.000000	0.000000	0.000000	0.000000	0.000000	0.000000	0.000000	0	0.000000	0.000000
112	2026-09-25T05:31:15.669276643Z	112014	loop7	0.000000	0.000000	0.000000	0.000000	0.000000	0.000000	0.000000	0.000000	0.000000	0.000000	0.000000	0.000000	0.000000	0.000000	0.000000	0.000000	0.000000	0	0.000000	0.000000
112	2026-09-25T05:31:15.669276643Z	112014	nvme0n1	0.000000	324.905384	0.000000	0.000000	0.000000	63.981368	0.000000	0.000000	7096301.478950	0.000000	0.000000	1.021538	0.000000	0.000000	0.000000	21841.132308	0.000000	0	14.395808	0.331903
113	2026-09-25T05:31:16.669751331Z	113014	loop0	0.000000	0.000000	0.000000	0.000000	0.000000	0.000000	0.000000	0.000000	0.000000	0.000000	0.000000	0.000000	0.000000	0.000000	0.000000	0.000000	0.000000	0	0.000000	0.000000
113	2026-09-25T05:31:16.669751331Z	113014	loop1	0.000000	0.000000	0.000000	0.000000	0.000000	0.000000	0.000000	0.000000	0.000000	0.000000	0.000000	0.000000	0.000000	0.000000	0.000000	0.000000	0.000000	0	0.000000	0.000000
113	2026-09-25T05:31:16.669751331Z	113014	loop2	0.000000	0.000000	0.000000	0.000000	0.000000	0.000000	0.000000	0.000000	0.000000	0.000000	0.000000	0.000000	0.000000	0.000000	0.000000	0.000000	0.000000	0	0.000000	0.000000
113	2026-09-25T05:31:16.669751331Z	113014	loop3	0.000000	0.000000	0.000000	0.000000	0.000000	0.000000	0.000000	0.000000	0.000000	0.000000	0.000000	0.000000	0.000000	0.000000	0.000000	0.000000	0.000000	0	0.000000	0.000000
113	2026-09-25T05:31:16.669751331Z	113014	loop4	0.000000	0.000000	0.000000	0.000000	0.000000	0.000000	0.000000	0.000000	0.000000	0.000000	0.000000	0.000000	0.000000	0.000000	0.000000	0.000000	0.000000	0	0.000000	0.000000
113	2026-09-25T05:31:16.669751331Z	113014	loop5	0.000000	0.000000	0.000000	0.000000	0.000000	0.000000	0.000000	0.000000	0.000000	0.000000	0.000000	0.000000	0.000000	0.000000	0.000000	0.000000	0.000000	0	0.000000	0.000000
113	2026-09-25T05:31:16.669751331Z	113014	loop6	0.000000	0.000000	0.000000	0.000000	0.000000	0.000000	0.000000	0.000000	0.000000	0.000000	0.000000	0.000000	0.000000	0.000000	0.000000	0.000000	0.000000	0	0.000000	0.000000
113	2026-09-25T05:31:16.669751331Z	113014	loop7	0.000000	0.000000	0.000000	0.000000	0.000000	0.000000	0.000000	0.000000	0.000000	0.000000	0.000000	0.000000	0.000000	0.000000	0.000000	0.000000	0.000000	0	0.000000	0.000000
113	2026-09-25T05:31:16.669751331Z	113014	nvme0n1	0.000000	322.846748	0.000000	0.000000	0.000000	58.972007	0.000000	0.000000	7066341.678269	0.000000	0.000000	1.021672	0.000000	0.000000	0.000000	21887.603715	0.000000	0	14.393168	0.328844
114	2026-09-25T05:31:17.668955565Z	114014	loop0	0.000000	0.000000	0.000000	0.000000	0.000000	0.000000	0.000000	0.000000	0.000000	0.000000	0.000000	0.000000	0.000000	0.000000	0.000000	0.000000	0.000000	0	0.000000	0.000000
114	2026-09-25T05:31:17.668955565Z	114014	loop1	0.000000	0.000000	0.000000	0.000000	0.000000	0.000000	0.000000	0.000000	0.000000	0.000000	0.000000	0.000000	0.000000	0.000000	0.000000	0.000000	0.000000	0	0.000000	0.000000
114	2026-09-25T05:31:17.668955565Z	114014	loop2	0.000000	0.000000	0.000000	0.000000	0.000000	0.000000	0.000000	0.000000	0.000000	0.000000	0.000000	0.000000	0.000000	0.000000	0.000000	0.000000	0.000000	0	0.000000	0.000000
114	2026-09-25T05:31:17.668955565Z	114014	loop3	0.000000	0.000000	0.000000	0.000000	0.000000	0.000000	0.000000	0.000000	0.000000	0.000000	0.000000	0.000000	0.000000	0.000000	0.000000	0.000000	0.000000	0	0.000000	0.000000
114	2026-09-25T05:31:17.668955565Z	114014	loop4	0.000000	0.000000	0.000000	0.000000	0.000000	0.000000	0.000000	0.000000	0.000000	0.000000	0.000000	0.000000	0.000000	0.000000	0.000000	0.000000	0.000000	0	0.000000	0.000000
114	2026-09-25T05:31:17.668955565Z	114014	loop5	0.000000	0.000000	0.000000	0.000000	0.000000	0.000000	0.000000	0.000000	0.000000	0.000000	0.000000	0.000000	0.000000	0.000000	0.000000	0.000000	0.000000	0	0.000000	0.000000
114	2026-09-25T05:31:17.668955565Z	114014	loop6	0.000000	0.000000	0.000000	0.000000	0.000000	0.000000	0.000000	0.000000	0.000000	0.000000	0.000000	0.000000	0.000000	0.000000	0.000000	0.000000	0.000000	0	0.000000	0.000000
114	2026-09-25T05:31:17.668955565Z	114014	loop7	0.000000	0.000000	0.000000	0.000000	0.000000	0.000000	0.000000	0.000000	0.000000	0.000000	0.000000	0.000000	0.000000	0.000000	0.000000	0.000000	0.000000	0	0.000000	0.000000
114	2026-09-25T05:31:17.668955565Z	114014	nvme0n1	0.000000	326.259626	0.000000	0.000000	0.000000	68.054155	0.000000	0.000000	7124517.434492	0.000000	0.000000	1.021472	0.000000	0.000000	0.000000	21836.957055	0.000000	1	15.212105	0.334266
115	2026-09-25T05:31:18.668956884Z	115014	loop0	0.000000	0.000000	0.000000	0.000000	0.000000	0.000000	0.000000	0.000000	0.000000	0.000000	0.000000	0.000000	0.000000	0.000000	0.000000	0.000000	0.000000	0	0.000000	0.000000
115	2026-09-25T05:31:18.668956884Z	115014	loop1	0.000000	0.000000	0.000000	0.000000	0.000000	0.000000	0.000000	0.000000	0.000000	0.000000	0.000000	0.000000	0.000000	0.000000	0.000000	0.000000	0.000000	0	0.000000	0.000000
115	2026-09-25T05:31:18.668956884Z	115014	loop2	0.000000	0.000000	0.000000	0.000000	0.000000	0.000000	0.000000	0.000000	0.000000	0.000000	0.000000	0.000000	0.000000	0.000000	0.000000	0.000000	0.000000	0	0.000000	0.000000
115	2026-09-25T05:31:18.668956884Z	115014	loop3	0.000000	0.000000	0.000000	0.000000	0.000000	0.000000	0.000000	0.000000	0.000000	0.000000	0.000000	0.000000	0.000000	0.000000	0.000000	0.000000	0.000000	0	0.000000	0.000000
115	2026-09-25T05:31:18.668956884Z	115014	loop4	0.000000	0.000000	0.000000	0.000000	0.000000	0.000000	0.000000	0.000000	0.000000	0.000000	0.000000	0.000000	0.000000	0.000000	0.000000	0.000000	0.000000	0	0.000000	0.000000
115	2026-09-25T05:31:18.668956884Z	115014	loop5	0.000000	0.000000	0.000000	0.000000	0.000000	0.000000	0.000000	0.000000	0.000000	0.000000	0.000000	0.000000	0.000000	0.000000	0.000000	0.000000	0.000000	0	0.000000	0.000000
115	2026-09-25T05:31:18.668956884Z	115014	loop6	0.000000	0.000000	0.000000	0.000000	0.000000	0.000000	0.000000	0.000000	0.000000	0.000000	0.000000	0.000000	0.000000	0.000000	0.000000	0.000000	0.000000	0	0.000000	0.000000
115	2026-09-25T05:31:18.668956884Z	115014	loop7	0.000000	0.000000	0.000000	0.000000	0.000000	0.000000	0.000000	0.000000	0.000000	0.000000	0.000000	0.000000	0.000000	0.000000	0.000000	0.000000	0.000000	0	0.000000	0.000000
115	2026-09-25T05:31:18.668956884Z	115014	nvme0n1	0.000000	320.999575	0.000000	0.000000	0.000000	59.999921	0.000000	0.000000	7065590.652224	0.000000	0.000000	1.021807	0.000000	0.000000	0.000000	22011.214953	0.000000	0	13.599982	0.327000
116	2026-09-25T05:31:19.668956086Z	116014	loop0	0.000000	0.000000	0.000000	0.000000	0.000000	0.000000	0.000000	0.000000	0.000000	0.000000	0.000000	0.000000	0.000000	0.000000	0.000000	0.000000	0.000000	0	0.000000	0.000000
116	2026-09-25T05:31:19.668956086Z	116014	loop1	0.000000	0.000000	0.000000	0.000000	0.000000	0.000000	0.000000	0.000000	0.000000	0.000000	0.000000	0.000000	0.000000	0.000000	0.000000	0.000000	0.000000	0	0.000000	0.000000
116	2026-09-25T05:31:19.668956086Z	116014	loop2	0.000000	0.000000	0.000000	0.000000	0.000000	0.000000	0.000000	0.000000	0.000000	0.000000	0.000000	0.000000	0.000000	0.000000	0.000000	0.000000	0.000000	0	0.000000	0.000000
116	2026-09-25T05:31:19.668956086Z	116014	loop3	0.000000	0.000000	0.000000	0.000000	0.000000	0.000000	0.000000	0.000000	0.000000	0.000000	0.000000	0.000000	0.000000	0.000000	0.000000	0.000000	0.000000	0	0.000000	0.000000
116	2026-09-25T05:31:19.668956086Z	116014	loop4	0.000000	0.000000	0.000000	0.000000	0.000000	0.000000	0.000000	0.000000	0.000000	0.000000	0.000000	0.000000	0.000000	0.000000	0.000000	0.000000	0.000000	0	0.000000	0.000000
116	2026-09-25T05:31:19.668956086Z	116014	loop5	0.000000	0.000000	0.000000	0.000000	0.000000	0.000000	0.000000	0.000000	0.000000	0.000000	0.000000	0.000000	0.000000	0.000000	0.000000	0.000000	0.000000	0	0.000000	0.000000
116	2026-09-25T05:31:19.668956086Z	116014	loop6	0.000000	0.000000	0.000000	0.000000	0.000000	0.000000	0.000000	0.000000	0.000000	0.000000	0.000000	0.000000	0.000000	0.000000	0.000000	0.000000	0.000000	0	0.000000	0.000000
116	2026-09-25T05:31:19.668956086Z	116014	loop7	0.000000	0.000000	0.000000	0.000000	0.000000	0.000000	0.000000	0.000000	0.000000	0.000000	0.000000	0.000000	0.000000	0.000000	0.000000	0.000000	0.000000	0	0.000000	0.000000
116	2026-09-25T05:31:19.668956086Z	116014	nvme0n1	0.000000	708.000571	0.000000	0.000000	0.000000	66.000053	0.000000	0.000000	14303243.528414	0.000000	0.000000	1.008475	0.000000	0.000000	0.000000	20202.305085	0.000000	0	19.600016	0.715001
117	2026-09-25T05:31:20.669656625Z	117014	loop0	0.000000	0.000000	0.000000	0.000000	0.000000	0.000000	0.000000	0.000000	0.000000	0.000000	0.000000	0.000000	0.000000	0.000000	0.000000	0.000000	0.000000	0	0.000000	0.000000
117	2026-09-25T05:31:20.669656625Z	117014	loop1	0.000000	0.000000	0.000000	0.000000	0.000000	0.000000	0.000000	0.000000	0.000000	0.000000	0.000000	0.000000	0.000000	0.000000	0.000000	0.000000	0.000000	0	0.000000	0.000000
117	2026-09-25T05:31:20.669656625Z	117014	loop2	0.000000	0.000000	0.000000	0.000000	0.000000	0.000000	0.000000	0.000000	0.000000	0.000000	0.000000	0.000000	0.000000	0.000000	0.000000	0.000000	0.000000	0	0.000000	0.000000
117	2026-09-25T05:31:20.669656625Z	117014	loop3	0.000000	0.000000	0.000000	0.000000	0.000000	0.000000	0.000000	0.000000	0.000000	0.000000	0.000000	0.000000	0.000000	0.000000	0.000000	0.000000	0.000000	0	0.000000	0.000000
117	2026-09-25T05:31:20.669656625Z	117014	loop4	0.000000	0.000000	0.000000	0.000000	0.000000	0.000000	0.000000	0.000000	0.000000	0.000000	0.000000	0.000000	0.000000	0.000000	0.000000	0.000000	0.000000	0	0.000000	0.000000
117	2026-09-25T05:31:20.669656625Z	117014	loop5	0.000000	0.000000	0.000000	0.000000	0.000000	0.000000	0.000000	0.000000	0.000000	0.000000	0.000000	0.000000	0.000000	0.000000	0.000000	0.000000	0.000000	0	0.000000	0.000000
117	2026-09-25T05:31:20.669656625Z	117014	loop6	0.000000	0.000000	0.000000	0.000000	0.000000	0.000000	0.000000	0.000000	0.000000	0.000000	0.000000	0.000000	0.000000	0.000000	0.000000	0.000000	0.000000	0	0.000000	0.000000
117	2026-09-25T05:31:20.669656625Z	117014	loop7	0.000000	0.000000	0.000000	0.000000	0.000000	0.000000	0.000000	0.000000	0.000000	0.000000	0.000000	0.000000	0.000000	0.000000	0.000000	0.000000	0.000000	0	0.000000	0.000000
117	2026-09-25T05:31:20.669656625Z	117014	nvme0n1	0.000000	326.771056	0.000000	0.000000	0.000000	69.950991	0.000000	0.000000	7126143.245888	0.000000	0.000000	1.021407	0.000000	0.000000	0.000000	21807.755352	0.000000	0	14.789638	0.332767
118	2026-09-25T05:31:21.668956397Z	118014	loop0	0.000000	0.000000	0.000000	0.000000	0.000000	0.000000	0.000000	0.000000	0.000000	0.000000	0.000000	0.000000	0.000000	0.000000	0.000000	0.000000	0.000000	0	0.000000	0.000000
118	2026-09-25T05:31:21.668956397Z	118014	loop1	0.000000	0.000000	0.000000	0.000000	0.000000	0.000000	0.000000	0.000000	0.000000	0.000000	0.000000	0.000000	0.000000	0.000000	0.000000	0.000000	0.000000	0	0.000000	0.000000
118	2026-09-25T05:31:21.668956397Z	118014	loop2	0.000000	0.000000	0.000000	0.000000	0.000000	0.000000	0.000000	0.000000	0.000000	0.000000	0.000000	0.000000	0.000000	0.000000	0.000000	0.000000	0.000000	0	0.000000	0.000000
118	2026-09-25T05:31:21.668956397Z	118014	loop3	0.000000	0.000000	0.000000	0.000000	0.000000	0.000000	0.000000	0.000000	0.000000	0.000000	0.000000	0.000000	0.000000	0.000000	0.000000	0.000000	0.000000	0	0.000000	0.000000
118	2026-09-25T05:31:21.668956397Z	118014	loop4	0.000000	0.000000	0.000000	0.000000	0.000000	0.000000	0.000000	0.000000	0.000000	0.000000	0.000000	0.000000	0.000000	0.000000	0.000000	0.000000	0.000000	0	0.000000	0.000000
118	2026-09-25T05:31:21.668956397Z	118014	loop5	0.000000	0.000000	0.000000	0.000000	0.000000	0.000000	0.000000	0.000000	0.000000	0.000000	0.000000	0.000000	0.000000	0.000000	0.000000	0.000000	0.000000	0	0.000000	0.000000
118	2026-09-25T05:31:21.668956397Z	118014	loop6	0.000000	0.000000	0.000000	0.000000	0.000000	0.000000	0.000000	0.000000	0.000000	0.000000	0.000000	0.000000	0.000000	0.000000	0.000000	0.000000	0.000000	0	0.000000	0.000000
118	2026-09-25T05:31:21.668956397Z	118014	loop7	0.000000	0.000000	0.000000	0.000000	0.000000	0.000000	0.000000	0.000000	0.000000	0.000000	0.000000	0.000000	0.000000	0.000000	0.000000	0.000000	0.000000	0	0.000000	0.000000
118	2026-09-25T05:31:21.668956397Z	118014	nvme0n1	0.000000	329.230564	0.000000	0.000000	0.000000	72.050458	0.000000	0.000000	7152528.994733	0.000000	0.000000	1.018237	0.000000	0.000000	0.000000	21724.984802	0.000000	0	15.210652	0.336235
119	2026-09-25T05:31:22.669185976Z	119014	loop0	0.000000	0.000000	0.000000	0.000000	0.000000	0.000000	0.000000	0.000000	0.000000	0.000000	0.000000	0.000000	0.000000	0.000000	0.000000	0.000000	0.000000	0	0.000000	0.000000
119	2026-09-25T05:31:22.669185976Z	119014	loop1	0.000000	0.000000	0.000000	0.000000	0.000000	0.000000	0.000000	0.000000	0.000000	0.000000	0.000000	0.000000	0.000000	0.000000	0.000000	0.000000	0.000000	0	0.000000	0.000000
119	2026-09-25T05:31:22.669185976Z	119014	loop2	0.000000	0.000000	0.000000	0.000000	0.000000	0.000000	0.000000	0.000000	0.000000	0.000000	0.000000	0.000000	0.000000	0.000000	0.000000	0.000000	0.000000	0	0.000000	0.000000
119	2026-09-25T05:31:22.669185976Z	119014	loop3	0.000000	0.000000	0.000000	0.000000	0.000000	0.000000	0.000000	0.000000	0.000000	0.000000	0.000000	0.000000	0.000000	0.000000	0.000000	0.000000	0.000000	0	0.000000	0.000000
119	2026-09-25T05:31:22.669185976Z	119014	loop4	0.000000	0.000000	0.000000	0.000000	0.000000	0.000000	0.000000	0.000000	0.000000	0.000000	0.000000	0.000000	0.000000	0.000000	0.000000	0.000000	0.000000	0	0.000000	0.000000
119	2026-09-25T05:31:22.669185976Z	119014	loop5	0.000000	0.000000	0.000000	0.000000	0.000000	0.000000	0.000000	0.000000	0.000000	0.000000	0.000000	0.000000	0.000000	0.000000	0.000000	0.000000	0.000000	0	0.000000	0.000000
119	2026-09-25T05:31:22.669185976Z	119014	loop6	0.000000	0.000000	0.000000	0.000000	0.000000	0.000000	0.000000	0.000000	0.000000	0.000000	0.000000	0.000000	0.000000	0.000000	0.000000	0.000000	0.000000	0	0.000000	0.000000
119	2026-09-25T05:31:22.669185976Z	119014	loop7	0.000000	0.000000	0.000000	0.000000	0.000000	0.000000	0.000000	0.000000	0.000000	0.000000	0.000000	0.000000	0.000000	0.000000	0.000000	0.000000	0.000000	0	0.000000	0.000000
119	2026-09-25T05:31:22.669185976Z	119014	nvme0n1	0.000000	333.923340	0.000000	0.000000	0.000000	63.985311	0.000000	0.000000	7186830.090669	0.000000	0.000000	1.026946	0.000000	0.000000	0.000000	21522.395210	0.000000	0	14.796603	0.341922
120	2026-09-25T05:31:23.669353999Z	120014	loop0	0.000000	0.000000	0.000000	0.000000	0.000000	0.000000	0.000000	0.000000	0.000000	0.000000	0.000000	0.000000	0.000000	0.000000	0.000000	0.000000	0.000000	0	0.000000	0.000000
120	2026-09-25T05:31:23.669353999Z	120014	loop1	0.000000	0.000000	0.000000	0.000000	0.000000	0.000000	0.000000	0.000000	0.000000	0.000000	0.000000	0.000000	0.000000	0.000000	0.000000	0.000000	0.000000	0	0.000000	0.000000
120	2026-09-25T05:31:23.669353999Z	120014	loop2	0.000000	0.000000	0.000000	0.000000	0.000000	0.000000	0.000000	0.000000	0.000000	0.000000	0.000000	0.000000	0.000000	0.000000	0.000000	0.000000	0.000000	0	0.000000	0.000000
120	2026-09-25T05:31:23.669353999Z	120014	loop3	0.000000	0.000000	0.000000	0.000000	0.000000	0.000000	0.000000	0.000000	0.000000	0.000000	0.000000	0.000000	0.000000	0.000000	0.000000	0.000000	0.000000	0	0.000000	0.000000
120	2026-09-25T05:31:23.669353999Z	120014	loop4	0.000000	0.000000	0.000000	0.000000	0.000000	0.000000	0.000000	0.000000	0.000000	0.000000	0.000000	0.000000	0.000000	0.000000	0.000000	0.000000	0.000000	0	0.000000	0.000000
120	2026-09-25T05:31:23.669353999Z	120014	loop5	0.000000	0.000000	0.000000	0.000000	0.000000	0.000000	0.000000	0.000000	0.000000	0.000000	0.000000	0.000000	0.000000	0.000000	0.000000	0.000000	0.000000	0	0.000000	0.000000
120	2026-09-25T05:31:23.669353999Z	120014	loop6	0.000000	0.000000	0.000000	0.000000	0.000000	0.000000	0.000000	0.000000	0.000000	0.000000	0.000000	0.000000	0.000000	0.000000	0.000000	0.000000	0.000000	0	0.000000	0.000000
120	2026-09-25T05:31:23.669353999Z	120014	loop7	0.000000	0.000000	0.000000	0.000000	0.000000	0.000000	0.000000	0.000000	0.000000	0.000000	0.000000	0.000000	0.000000	0.000000	0.000000	0.000000	0.000000	0	0.000000	0.000000
120	2026-09-25T05:31:23.669353999Z	120014	nvme0n1	0.000000	343.942208	0.000000	0.000000	0.000000	86.985384	0.000000	0.000000	7269178.581730	0.000000	0.000000	1.014535	0.000000	0.000000	0.000000	21134.883721	0.000000	0	15.197446	0.349941
121	2026-09-25T05:31:24.668957588Z	121014	loop0	0.000000	0.000000	0.000000	0.000000	0.000000	0.000000	0.000000	0.000000	0.000000	0.000000	0.000000	0.000000	0.000000	0.000000	0.000000	0.000000	0.000000	0	0.000000	0.000000
121	2026-09-25T05:31:24.668957588Z	121014	loop1	0.000000	0.000000	0.000000	0.000000	0.000000	0.000000	0.000000	0.000000	0.000000	0.000000	0.000000	0.000000	0.000000	0.000000	0.000000	0.000000	0.000000	0	0.000000	0.000000
121	2026-09-25T05:31:24.668957588Z	121014	loop2	0.000000	0.000000	0.000000	0.000000	0.000000	0.000000	0.000000	0.000000	0.000000	0.000000	0.000000	0.000000	0.000000	0.000000	0.000000	0.000000	0.000000	0	0.000000	0.000000
121	2026-09-25T05:31:24.668957588Z	121014	loop3	0.000000	0.000000	0.000000	0.000000	0.000000	0.000000	0.000000	0.000000	0.000000	0.000000	0.000000	0.000000	0.000000	0.000000	0.000000	0.000000	0.000000	0	0.000000	0.000000
121	2026-09-25T05:31:24.668957588Z	121014	loop4	0.000000	0.000000	0.000000	0.000000	0.000000	0.000000	0.000000	0.000000	0.000000	0.000000	0.000000	0.000000	0.000000	0.000000	0.000000	0.000000	0.000000	0	0.000000	0.000000
121	2026-09-25T05:31:24.668957588Z	121014	loop5	0.000000	0.000000	0.000000	0.000000	0.000000	0.000000	0.000000	0.000000	0.000000	0.000000	0.000000	0.000000	0.000000	0.000000	0.000000	0.000000	0.000000	0	0.000000	0.000000
121	2026-09-25T05:31:24.668957588Z	121014	loop6	0.000000	0.000000	0.000000	0.000000	0.000000	0.000000	0.000000	0.000000	0.000000	0.000000	0.000000	0.000000	0.000000	0.000000	0.000000	0.000000	0.000000	0	0.000000	0.000000
121	2026-09-25T05:31:24.668957588Z	121014	loop7	0.000000	0.000000	0.000000	0.000000	0.000000	0.000000	0.000000	0.000000	0.000000	0.000000	0.000000	0.000000	0.000000	0.000000	0.000000	0.000000	0.000000	0	0.000000	0.000000
121	2026-09-25T05:31:24.668957588Z	121014	nvme0n1	0.000000	325.128889	0.000000	0.000000	0.000000	63.024985	0.000000	0.000000	7097085.462104	0.000000	0.000000	1.024615	0.000000	0.000000	0.000000	21828.529231	0.000000	0	14.005552	0.333132
122	2026-09-25T05:31:25.669182815Z	122014	loop0	0.000000	0.000000	0.000000	0.000000	0.000000	0.000000	0.000000	0.000000	0.000000	0.000000	0.000000	0.000000	0.000000	0.000000	0.000000	0.000000	0.000000	0	0.000000	0.000000
122	2026-09-25T05:31:25.669182815Z	122014	loop1	0.000000	0.000000	0.000000	0.000000	0.000000	0.000000	0.000000	0.000000	0.000000	0.000000	0.000000	0.000000	0.000000	0.000000	0.000000	0.000000	0.000000	0	0.000000	0.000000
122	2026-09-25T05:31:25.669182815Z	122014	loop2	0.000000	0.000000	0.000000	0.000000	0.000000	0.000000	0.000000	0.000000	0.000000	0.000000	0.000000	0.000000	0.000000	0.000000	0.000000	0.000000	0.000000	0	0.000000	0.000000
122	2026-09-25T05:31:25.669182815Z	122014	loop3	0.000000	0.000000	0.000000	0.000000	0.000000	0.000000	0.000000	0.000000	0.000000	0.000000	0.000000	0.000000	0.000000	0.000000	0.000000	0.000000	0.000000	0	0.000000	0.000000
122	2026-09-25T05:31:25.669182815Z	122014	loop4	0.000000	0.000000	0.000000	0.000000	0.000000	0.000000	0.000000	0.000000	0.000000	0.000000	0.000000	0.000000	0.000000	0.000000	0.000000	0.000000	0.000000	0	0.000000	0.000000
122	2026-09-25T05:31:25.669182815Z	122014	loop5	0.000000	0.000000	0.000000	0.000000	0.000000	0.000000	0.000000	0.000000	0.000000	0.000000	0.000000	0.000000	0.000000	0.000000	0.000000	0.000000	0.000000	0	0.000000	0.000000
122	2026-09-25T05:31:25.669182815Z	122014	loop6	0.000000	0.000000	0.000000	0.000000	0.000000	0.000000	0.000000	0.000000	0.000000	0.000000	0.000000	0.000000	0.000000	0.000000	0.000000	0.000000	0.000000	0	0.000000	0.000000
122	2026-09-25T05:31:25.669182815Z	122014	loop7	0.000000	0.000000	0.000000	0.000000	0.000000	0.000000	0.000000	0.000000	0.000000	0.000000	0.000000	0.000000	0.000000	0.000000	0.000000	0.000000	0.000000	0	0.000000	0.000000
122	2026-09-25T05:31:25.669182815Z	122014	nvme0n1	0.000000	325.926588	0.000000	0.000000	0.000000	60.986263	0.000000	0.000000	7088579.361296	0.000000	0.000000	1.018405	0.000000	0.000000	0.000000	21749.006135	0.000000	0	13.996847	0.331925
123	2026-09-25T05:31:26.669312953Z	123014	loop0	0.000000	0.000000	0.000000	0.000000	0.000000	0.000000	0.000000	0.000000	0.000000	0.000000	0.000000	0.000000	0.000000	0.000000	0.000000	0.000000	0.000000	0	0.000000	0.000000
123	2026-09-25T05:31:26.669312953Z	123014	loop1	0.000000	0.000000	0.000000	0.000000	0.000000	0.000000	0.000000	0.000000	0.000000	0.000000	0.000000	0.000000	0.000000	0.000000	0.000000	0.000000	0.000000	0	0.000000	0.000000
123	2026-09-25T05:31:26.669312953Z	123014	loop2	0.000000	0.000000	0.000000	0.000000	0.000000	0.000000	0.000000	0.000000	0.000000	0.000000	0.000000	0.000000	0.000000	0.000000	0.000000	0.000000	0.000000	0	0.000000	0.000000
123	2026-09-25T05:31:26.669312953Z	123014	loop3	0.000000	0.000000	0.000000	0.000000	0.000000	0.000000	0.000000	0.000000	0.000000	0.000000	0.000000	0.000000	0.000000	0.000000	0.000000	0.000000	0.000000	0	0.000000	0.000000
123	2026-09-25T05:31:26.669312953Z	123014	loop4	0.000000	0.000000	0.000000	0.000000	0.000000	0.000000	0.000000	0.000000	0.000000	0.000000	0.000000	0.000000	0.000000	0.000000	0.000000	0.000000	0.000000	0	0.000000	0.000000
123	2026-09-25T05:31:26.669312953Z	123014	loop5	0.000000	0.000000	0.000000	0.000000	0.000000	0.000000	0.000000	0.000000	0.000000	0.000000	0.000000	0.000000	0.000000	0.000000	0.000000	0.000000	0.000000	0	0.000000	0.000000
123	2026-09-25T05:31:26.669312953Z	123014	loop6	0.000000	0.000000	0.000000	0.000000	0.000000	0.000000	0.000000	0.000000	0.000000	0.000000	0.000000	0.000000	0.000000	0.000000	0.000000	0.000000	0.000000	0	0.000000	0.000000
123	2026-09-25T05:31:26.669312953Z	123014	loop7	0.000000	0.000000	0.000000	0.000000	0.000000	0.000000	0.000000	0.000000	0.000000	0.000000	0.000000	0.000000	0.000000	0.000000	0.000000	0.000000	0.000000	0	0.000000	0.000000
123	2026-09-25T05:31:26.669312953Z	123014	nvme0n1	0.000000	312.959271	0.000000	0.000000	0.000000	64.991542	0.000000	0.000000	6831238.975728	0.000000	0.000000	1.022364	0.000000	0.000000	0.000000	21827.884984	0.000000	0	13.998178	0.319958
124	2026-09-25T05:31:27.668953987Z	124014	loop0	0.000000	0.000000	0.000000	0.000000	0.000000	0.000000	0.000000	0.000000	0.000000	0.000000	0.000000	0.000000	0.000000	0.000000	0.000000	0.000000	0.000000	0	0.000000	0.000000
124	2026-09-25T05:31:27.668953987Z	124014	loop1	0.000000	0.000000	0.000000	0.000000	0.000000	0.000000	0.000000	0.000000	0.000000	0.000000	0.000000	0.000000	0.000000	0.000000	0.000000	0.000000	0.000000	0	0.000000	0.000000
124	2026-09-25T05:31:27.668953987Z	124014	loop2	0.000000	0.000000	0.000000	0.000000	0.000000	0.000000	0.000000	0.000000	0.000000	0.000000	0.000000	0.000000	0.000000	0.000000	0.000000	0.000000	0.000000	0	0.000000	0.000000
124	2026-09-25T05:31:27.668953987Z	124014	loop3	0.000000	0.000000	0.000000	0.000000	0.000000	0.000000	0.000000	0.000000	0.000000	0.000000	0.000000	0.000000	0.000000	0.000000	0.000000	0.000000	0.000000	0	0.000000	0.000000
124	2026-09-25T05:31:27.668953987Z	124014	loop4	0.000000	0.000000	0.000000	0.000000	0.000000	0.000000	0.000000	0.000000	0.000000	0.000000	0.000000	0.000000	0.000000	0.000000	0.000000	0.000000	0.000000	0	0.000000	0.000000
124	2026-09-25T05:31:27.668953987Z	124014	loop5	0.000000	0.000000	0.000000	0.000000	0.000000	0.000000	0.000000	0.000000	0.000000	0.000000	0.000000	0.000000	0.000000	0.000000	0.000000	0.000000	0.000000	0	0.000000	0.000000
124	2026-09-25T05:31:27.668953987Z	124014	loop6	0.000000	0.000000	0.000000	0.000000	0.000000	0.000000	0.000000	0.000000	0.000000	0.000000	0.000000	0.000000	0.000000	0.000000	0.000000	0.000000	0.000000	0	0.000000	0.000000
124	2026-09-25T05:31:27.668953987Z	124014	loop7	0.000000	0.000000	0.000000	0.000000	0.000000	0.000000	0.000000	0.000000	0.000000	0.000000	0.000000	0.000000	0.000000	0.000000	0.000000	0.000000	0.000000	0	0.000000	0.000000
124	2026-09-25T05:31:27.668953987Z	124014	nvme0n1	0.000000	291.104497	0.000000	0.000000	0.000000	58.020828	0.000000	0.000000	6256838.004625	0.000000	0.000000	1.020619	0.000000	0.000000	0.000000	21493.443299	0.000000	0	13.604884	0.297107
125	2026-09-25T05:31:28.669187759Z	125014	loop0	0.000000	0.000000	0.000000	0.000000	0.000000	0.000000	0.000000	0.000000	0.000000	0.000000	0.000000	0.000000	0.000000	0.000000	0.000000	0.000000	0.000000	0	0.000000	0.000000
125	2026-09-25T05:31:28.669187759Z	125014	loop1	0.000000	0.000000	0.000000	0.000000	0.000000	0.000000	0.000000	0.000000	0.000000	0.000000	0.000000	0.000000	0.000000	0.000000	0.000000	0.000000	0.000000	0	0.000000	0.000000
125	2026-09-25T05:31:28.669187759Z	125014	loop2	0.000000	0.000000	0.000000	0.000000	0.000000	0.000000	0.000000	0.000000	0.000000	0.000000	0.000000	0.000000	0.000000	0.000000	0.000000	0.000000	0.000000	0	0.000000	0.000000
125	2026-09-25T05:31:28.669187759Z	125014	loop3	0.000000	0.000000	0.000000	0.000000	0.000000	0.000000	0.000000	0.000000	0.000000	0.000000	0.000000	0.000000	0.000000	0.000000	0.000000	0.000000	0.000000	0	0.000000	0.000000
125	2026-09-25T05:31:28.669187759Z	125014	loop4	0.000000	0.000000	0.000000	0.000000	0.000000	0.000000	0.000000	0.000000	0.000000	0.000000	0.000000	0.000000	0.000000	0.000000	0.000000	0.000000	0.000000	0	0.000000	0.000000
125	2026-09-25T05:31:28.669187759Z	125014	loop5	0.000000	0.000000	0.000000	0.000000	0.000000	0.000000	0.000000	0.000000	0.000000	0.000000	0.000000	0.000000	0.000000	0.000000	0.000000	0.000000	0.000000	0	0.000000	0.000000
125	2026-09-25T05:31:28.669187759Z	125014	loop6	0.000000	0.000000	0.000000	0.000000	0.000000	0.000000	0.000000	0.000000	0.000000	0.000000	0.000000	0.000000	0.000000	0.000000	0.000000	0.000000	0.000000	0	0.000000	0.000000
125	2026-09-25T05:31:28.669187759Z	125014	loop7	0.000000	0.000000	0.000000	0.000000	0.000000	0.000000	0.000000	0.000000	0.000000	0.000000	0.000000	0.000000	0.000000	0.000000	0.000000	0.000000	0.000000	0	0.000000	0.000000
125	2026-09-25T05:31:28.669187759Z	125014	nvme0n1	0.000000	250.941337	0.000000	0.000000	0.000000	59.985977	0.000000	0.000000	5425931.563701	0.000000	0.000000	1.015936	0.000000	0.000000	0.000000	21622.310757	0.000000	0	11.597289	0.254940
126	2026-09-25T05:31:29.668964676Z	126014	loop0	0.000000	0.000000	0.000000	0.000000	0.000000	0.000000	0.000000	0.000000	0.000000	0.000000	0.000000	0.000000	0.000000	0.000000	0.000000	0.000000	0.000000	0	0.000000	0.000000
126	2026-09-25T05:31:29.668964676Z	126014	loop1	0.000000	0.000000	0.000000	0.000000	0.000000	0.000000	0.000000	0.000000	0.000000	0.000000	0.000000	0.000000	0.000000	0.000000	0.000000	0.000000	0.000000	0	0.000000	0.000000
126	2026-09-25T05:31:29.668964676Z	126014	loop2	0.000000	0.000000	0.000000	0.000000	0.000000	0.000000	0.000000	0.000000	0.000000	0.000000	0.000000	0.000000	0.000000	0.000000	0.000000	0.000000	0.000000	0	0.000000	0.000000
126	2026-09-25T05:31:29.668964676Z	126014	loop3	0.000000	0.000000	0.000000	0.000000	0.000000	0.000000	0.000000	0.000000	0.000000	0.000000	0.000000	0.000000	0.000000	0.000000	0.000000	0.000000	0.000000	0	0.000000	0.000000
126	2026-09-25T05:31:29.668964676Z	126014	loop4	0.000000	0.000000	0.000000	0.000000	0.000000	0.000000	0.000000	0.000000	0.000000	0.000000	0.000000	0.000000	0.000000	0.000000	0.000000	0.000000	0.000000	0	0.000000	0.000000
126	2026-09-25T05:31:29.668964676Z	126014	loop5	0.000000	0.000000	0.000000	0.000000	0.000000	0.000000	0.000000	0.000000	0.000000	0.000000	0.000000	0.000000	0.000000	0.000000	0.000000	0.000000	0.000000	0	0.000000	0.000000
126	2026-09-25T05:31:29.668964676Z	126014	loop6	0.000000	0.000000	0.000000	0.000000	0.000000	0.000000	0.000000	0.000000	0.000000	0.000000	0.000000	0.000000	0.000000	0.000000	0.000000	0.000000	0.000000	0	0.000000	0.000000
126	2026-09-25T05:31:29.668964676Z	126014	loop7	0.000000	0.000000	0.000000	0.000000	0.000000	0.000000	0.000000	0.000000	0.000000	0.000000	0.000000	0.000000	0.000000	0.000000	0.000000	0.000000	0.000000	0	0.000000	0.000000
126	2026-09-25T05:31:29.668964676Z	126014	nvme0n1	0.000000	245.054670	0.000000	0.000000	0.000000	49.010934	0.000000	0.000000	5334182.024004	0.000000	0.000000	1.024490	0.000000	0.000000	0.000000	21767.314286	0.000000	0	10.802410	0.251056
127	2026-09-25T05:31:30.668992304Z	127014	loop0	0.000000	0.000000	0.000000	0.000000	0.000000	0.000000	0.000000	0.000000	0.000000	0.000000	0.000000	0.000000	0.000000	0.000000	0.000000	0.000000	0.000000	0	0.000000	0.000000
127	2026-09-25T05:31:30.668992304Z	127014	loop1	0.000000	0.000000	0.000000	0.000000	0.000000	0.000000	0.000000	0.000000	0.000000	0.000000	0.000000	0.000000	0.000000	0.000000	0.000000	0.000000	0.000000	0	0.000000	0.000000
127	2026-09-25T05:31:30.668992304Z	127014	loop2	0.000000	0.000000	0.000000	0.000000	0.000000	0.000000	0.000000	0.000000	0.000000	0.000000	0.000000	0.000000	0.000000	0.000000	0.000000	0.000000	0.000000	0	0.000000	0.000000
127	2026-09-25T05:31:30.668992304Z	127014	loop3	0.000000	0.000000	0.000000	0.000000	0.000000	0.000000	0.000000	0.000000	0.000000	0.000000	0.000000	0.000000	0.000000	0.000000	0.000000	0.000000	0.000000	0	0.000000	0.000000
127	2026-09-25T05:31:30.668992304Z	127014	loop4	0.000000	0.000000	0.000000	0.000000	0.000000	0.000000	0.000000	0.000000	0.000000	0.000000	0.000000	0.000000	0.000000	0.000000	0.000000	0.000000	0.000000	0	0.000000	0.000000
127	2026-09-25T05:31:30.668992304Z	127014	loop5	0.000000	0.000000	0.000000	0.000000	0.000000	0.000000	0.000000	0.000000	0.000000	0.000000	0.000000	0.000000	0.000000	0.000000	0.000000	0.000000	0.000000	0	0.000000	0.000000
127	2026-09-25T05:31:30.668992304Z	127014	loop6	0.000000	0.000000	0.000000	0.000000	0.000000	0.000000	0.000000	0.000000	0.000000	0.000000	0.000000	0.000000	0.000000	0.000000	0.000000	0.000000	0.000000	0	0.000000	0.000000
127	2026-09-25T05:31:30.668992304Z	127014	loop7	0.000000	0.000000	0.000000	0.000000	0.000000	0.000000	0.000000	0.000000	0.000000	0.000000	0.000000	0.000000	0.000000	0.000000	0.000000	0.000000	0.000000	0	0.000000	0.000000
127	2026-09-25T05:31:30.668992304Z	127014	nvme0n1	0.000000	244.993229	0.000000	0.000000	0.000000	51.998563	0.000000	0.000000	5345132.276579	0.000000	0.000000	1.020408	0.000000	0.000000	0.000000	21817.469388	0.000000	0	11.199690	0.249993
128	2026-09-25T05:31:31.66895528Z	128014	loop0	0.000000	0.000000	0.000000	0.000000	0.000000	0.000000	0.000000	0.000000	0.000000	0.000000	0.000000	0.000000	0.000000	0.000000	0.000000	0.000000	0.000000	0	0.000000	0.000000
128	2026-09-25T05:31:31.66895528Z	128014	loop1	0.000000	0.000000	0.000000	0.000000	0.000000	0.000000	0.000000	0.000000	0.000000	0.000000	0.000000	0.000000	0.000000	0.000000	0.000000	0.000000	0.000000	0	0.000000	0.000000
128	2026-09-25T05:31:31.66895528Z	128014	loop2	0.000000	0.000000	0.000000	0.000000	0.000000	0.000000	0.000000	0.000000	0.000000	0.000000	0.000000	0.000000	0.000000	0.000000	0.000000	0.000000	0.000000	0	0.000000	0.000000
128	2026-09-25T05:31:31.66895528Z	128014	loop3	0.000000	0.000000	0.000000	0.000000	0.000000	0.000000	0.000000	0.000000	0.000000	0.000000	0.000000	0.000000	0.000000	0.000000	0.000000	0.000000	0.000000	0	0.000000	0.000000
128	2026-09-25T05:31:31.66895528Z	128014	loop4	0.000000	0.000000	0.000000	0.000000	0.000000	0.000000	0.000000	0.000000	0.000000	0.000000	0.000000	0.000000	0.000000	0.000000	0.000000	0.000000	0.000000	0	0.000000	0.000000
128	2026-09-25T05:31:31.66895528Z	128014	loop5	0.000000	0.000000	0.000000	0.000000	0.000000	0.000000	0.000000	0.000000	0.000000	0.000000	0.000000	0.000000	0.000000	0.000000	0.000000	0.000000	0.000000	0	0.000000	0.000000
128	2026-09-25T05:31:31.66895528Z	128014	loop6	0.000000	0.000000	0.000000	0.000000	0.000000	0.000000	0.000000	0.000000	0.000000	0.000000	0.000000	0.000000	0.000000	0.000000	0.000000	0.000000	0.000000	0	0.000000	0.000000
128	2026-09-25T05:31:31.66895528Z	128014	loop7	0.000000	0.000000	0.000000	0.000000	0.000000	0.000000	0.000000	0.000000	0.000000	0.000000	0.000000	0.000000	0.000000	0.000000	0.000000	0.000000	0.000000	0	0.000000	0.000000
128	2026-09-25T05:31:31.66895528Z	128014	nvme0n1	0.000000	243.008997	0.000000	0.000000	0.000000	46.001703	0.000000	0.000000	5312708.687101	0.000000	0.000000	1.020576	0.000000	0.000000	0.000000	21862.189300	0.000000	0	11.200415	0.248009
129	2026-09-25T05:31:32.669187663Z	129014	loop0	0.000000	0.000000	0.000000	0.000000	0.000000	0.000000	0.000000	0.000000	0.000000	0.000000	0.000000	0.000000	0.000000	0.000000	0.000000	0.000000	0.000000	0	0.000000	0.000000
129	2026-09-25T05:31:32.669187663Z	129014	loop1	0.000000	0.000000	0.000000	0.000000	0.000000	0.000000	0.000000	0.000000	0.000000	0.000000	0.000000	0.000000	0.000000	0.000000	0.000000	0.000000	0.000000	0	0.000000	0.000000
129	2026-09-25T05:31:32.669187663Z	129014	loop2	0.000000	0.000000	0.000000	0.000000	0.000000	0.000000	0.000000	0.000000	0.000000	0.000000	0.000000	0.000000	0.000000	0.000000	0.000000	0.000000	0.000000	0	0.000000	0.000000
129	2026-09-25T05:31:32.669187663Z	129014	loop3	0.000000	0.000000	0.000000	0.000000	0.000000	0.000000	0.000000	0.000000	0.000000	0.000000	0.000000	0.000000	0.000000	0.000000	0.000000	0.000000	0.000000	0	0.000000	0.000000
129	2026-09-25T05:31:32.669187663Z	129014	loop4	0.000000	0.000000	0.000000	0.000000	0.000000	0.000000	0.000000	0.000000	0.000000	0.000000	0.000000	0.000000	0.000000	0.000000	0.000000	0.000000	0.000000	0	0.000000	0.000000
129	2026-09-25T05:31:32.669187663Z	129014	loop5	0.000000	0.000000	0.000000	0.000000	0.000000	0.000000	0.000000	0.000000	0.000000	0.000000	0.000000	0.000000	0.000000	0.000000	0.000000	0.000000	0.000000	0	0.000000	0.000000
129	2026-09-25T05:31:32.669187663Z	129014	loop6	0.000000	0.000000	0.000000	0.000000	0.000000	0.000000	0.000000	0.000000	0.000000	0.000000	0.000000	0.000000	0.000000	0.000000	0.000000	0.000000	0.000000	0	0.000000	0.000000
129	2026-09-25T05:31:32.669187663Z	129014	loop7	0.000000	0.000000	0.000000	0.000000	0.000000	0.000000	0.000000	0.000000	0.000000	0.000000	0.000000	0.000000	0.000000	0.000000	0.000000	0.000000	0.000000	0	0.000000	0.000000
129	2026-09-25T05:31:32.669187663Z	129014	nvme0n1	0.999768	251.941453	0.000000	0.000000	0.000000	52.987687	0.000000	4095.048380	5389083.668570	0.000000	1.000000	1.023810	0.000000	0.000000	4096.000000	21390.222222	0.000000	0	11.997212	0.258940
130	2026-09-25T05:31:33.668957077Z	130014	loop0	0.000000	0.000000	0.000000	0.000000	0.000000	0.000000	0.000000	0.000000	0.000000	0.000000	0.000000	0.000000	0.000000	0.000000	0.000000	0.000000	0.000000	0	0.000000	0.000000
130	2026-09-25T05:31:33.668957077Z	130014	loop1	0.000000	0.000000	0.000000	0.000000	0.000000	0.000000	0.000000	0.000000	0.000000	0.000000	0.000000	0.000000	0.000000	0.000000	0.000000	0.000000	0.000000	0	0.000000	0.000000
130	2026-09-25T05:31:33.668957077Z	130014	loop2	0.000000	0.000000	0.000000	0.000000	0.000000	0.000000	0.000000	0.000000	0.000000	0.000000	0.000000	0.000000	0.000000	0.000000	0.000000	0.000000	0.000000	0	0.000000	0.000000
130	2026-09-25T05:31:33.668957077Z	130014	loop3	0.000000	0.000000	0.000000	0.000000	0.000000	0.000000	0.000000	0.000000	0.000000	0.000000	0.000000	0.000000	0.000000	0.000000	0.000000	0.000000	0.000000	0	0.000000	0.000000
130	2026-09-25T05:31:33.668957077Z	130014	loop4	0.000000	0.000000	0.000000	0.000000	0.000000	0.000000	0.000000	0.000000	0.000000	0.000000	0.000000	0.000000	0.000000	0.000000	0.000000	0.000000	0.000000	0	0.000000	0.000000
130	2026-09-25T05:31:33.668957077Z	130014	loop5	0.000000	0.000000	0.000000	0.000000	0.000000	0.000000	0.000000	0.000000	0.000000	0.000000	0.000000	0.000000	0.000000	0.000000	0.000000	0.000000	0.000000	0	0.000000	0.000000
130	2026-09-25T05:31:33.668957077Z	130014	loop6	0.000000	0.000000	0.000000	0.000000	0.000000	0.000000	0.000000	0.000000	0.000000	0.000000	0.000000	0.000000	0.000000	0.000000	0.000000	0.000000	0.000000	0	0.000000	0.000000
130	2026-09-25T05:31:33.668957077Z	130014	loop7	0.000000	0.000000	0.000000	0.000000	0.000000	0.000000	0.000000	0.000000	0.000000	0.000000	0.000000	0.000000	0.000000	0.000000	0.000000	0.000000	0.000000	0	0.000000	0.000000
130	2026-09-25T05:31:33.668957077Z	130014	nvme0n1	0.000000	243.056046	0.000000	0.000000	0.000000	57.013147	0.000000	0.000000	5358803.675822	0.000000	0.000000	1.020576	0.000000	0.000000	0.000000	22047.604938	0.000000	0	11.202583	0.248057
131	2026-09-25T05:31:34.66919934Z	131014	loop0	0.000000	0.000000	0.000000	0.000000	0.000000	0.000000	0.000000	0.000000	0.000000	0.000000	0.000000	0.000000	0.000000	0.000000	0.000000	0.000000	0.000000	0	0.000000	0.000000
131	2026-09-25T05:31:34.66919934Z	131014	loop1	0.000000	0.000000	0.000000	0.000000	0.000000	0.000000	0.000000	0.000000	0.000000	0.000000	0.000000	0.000000	0.000000	0.000000	0.000000	0.000000	0.000000	0	0.000000	0.000000
131	2026-09-25T05:31:34.66919934Z	131014	loop2	0.000000	0.000000	0.000000	0.000000	0.000000	0.000000	0.000000	0.000000	0.000000	0.000000	0.000000	0.000000	0.000000	0.000000	0.000000	0.000000	0.000000	0	0.000000	0.000000
131	2026-09-25T05:31:34.66919934Z	131014	loop3	0.000000	0.000000	0.000000	0.000000	0.000000	0.000000	0.000000	0.000000	0.000000	0.000000	0.000000	0.000000	0.000000	0.000000	0.000000	0.000000	0.000000	0	0.000000	0.000000
131	2026-09-25T05:31:34.66919934Z	131014	loop4	0.000000	0.000000	0.000000	0.000000	0.000000	0.000000	0.000000	0.000000	0.000000	0.000000	0.000000	0.000000	0.000000	0.000000	0.000000	0.000000	0.000000	0	0.000000	0.000000
131	2026-09-25T05:31:34.66919934Z	131014	loop5	0.000000	0.000000	0.000000	0.000000	0.000000	0.000000	0.000000	0.000000	0.000000	0.000000	0.000000	0.000000	0.000000	0.000000	0.000000	0.000000	0.000000	0	0.000000	0.000000
131	2026-09-25T05:31:34.66919934Z	131014	loop6	0.000000	0.000000	0.000000	0.000000	0.000000	0.000000	0.000000	0.000000	0.000000	0.000000	0.000000	0.000000	0.000000	0.000000	0.000000	0.000000	0.000000	0	0.000000	0.000000
131	2026-09-25T05:31:34.66919934Z	131014	loop7	0.000000	0.000000	0.000000	0.000000	0.000000	0.000000	0.000000	0.000000	0.000000	0.000000	0.000000	0.000000	0.000000	0.000000	0.000000	0.000000	0.000000	0	0.000000	0.000000
131	2026-09-25T05:31:34.66919934Z	131014	nvme0n1	0.000000	244.940660	0.000000	0.000000	0.000000	50.987648	0.000000	0.000000	5339890.347485	0.000000	0.000000	1.024490	0.000000	0.000000	0.000000	21800.751020	0.000000	0	11.597190	0.249939
132	2026-09-25T05:31:35.668927678Z	132014	loop0	0.000000	0.000000	0.000000	0.000000	0.000000	0.000000	0.000000	0.000000	0.000000	0.000000	0.000000	0.000000	0.000000	0.000000	0.000000	0.000000	0.000000	0	0.000000	0.000000
132	2026-09-25T05:31:35.668927678Z	132014	loop1	0.000000	0.000000	0.000000	0.000000	0.000000	0.000000	0.000000	0.000000	0.000000	0.000000	0.000000	0.000000	0.000000	0.000000	0.000000	0.000000	0.000000	0	0.000000	0.000000
132	2026-09-25T05:31:35.668927678Z	132014	loop2	0.000000	0.000000	0.000000	0.000000	0.000000	0.000000	0.000000	0.000000	0.000000	0.000000	0.000000	0.000000	0.000000	0.000000	0.000000	0.000000	0.000000	0	0.000000	0.000000
132	2026-09-25T05:31:35.668927678Z	132014	loop3	0.000000	0.000000	0.000000	0.000000	0.000000	0.000000	0.000000	0.000000	0.000000	0.000000	0.000000	0.000000	0.000000	0.000000	0.000000	0.000000	0.000000	0	0.000000	0.000000
132	2026-09-25T05:31:35.668927678Z	132014	loop4	0.000000	0.000000	0.000000	0.000000	0.000000	0.000000	0.000000	0.000000	0.000000	0.000000	0.000000	0.000000	0.000000	0.000000	0.000000	0.000000	0.000000	0	0.000000	0.000000
132	2026-09-25T05:31:35.668927678Z	132014	loop5	0.000000	0.000000	0.000000	0.000000	0.000000	0.000000	0.000000	0.000000	0.000000	0.000000	0.000000	0.000000	0.000000	0.000000	0.000000	0.000000	0.000000	0	0.000000	0.000000
132	2026-09-25T05:31:35.668927678Z	132014	loop6	0.000000	0.000000	0.000000	0.000000	0.000000	0.000000	0.000000	0.000000	0.000000	0.000000	0.000000	0.000000	0.000000	0.000000	0.000000	0.000000	0.000000	0	0.000000	0.000000
132	2026-09-25T05:31:35.668927678Z	132014	loop7	0.000000	0.000000	0.000000	0.000000	0.000000	0.000000	0.000000	0.000000	0.000000	0.000000	0.000000	0.000000	0.000000	0.000000	0.000000	0.000000	0.000000	0	0.000000	0.000000
132	2026-09-25T05:31:35.668927678Z	132014	nvme0n1	0.000000	245.066575	0.000000	0.000000	0.000000	50.013587	0.000000	0.000000	5338538.267306	0.000000	0.000000	1.016327	0.000000	0.000000	0.000000	21784.032653	0.000000	0	11.203043	0.249068
133	2026-09-25T05:31:36.669276571Z	133014	loop0	0.000000	0.000000	0.000000	0.000000	0.000000	0.000000	0.000000	0.000000	0.000000	0.000000	0.000000	0.000000	0.000000	0.000000	0.000000	0.000000	0.000000	0	0.000000	0.000000
133	2026-09-25T05:31:36.669276571Z	133014	loop1	0.000000	0.000000	0.000000	0.000000	0.000000	0.000000	0.000000	0.000000	0.000000	0.000000	0.000000	0.000000	0.000000	0.000000	0.000000	0.000000	0.000000	0	0.000000	0.000000
133	2026-09-25T05:31:36.669276571Z	133014	loop2	0.000000	0.000000	0.000000	0.000000	0.000000	0.000000	0.000000	0.000000	0.000000	0.000000	0.000000	0.000000	0.000000	0.000000	0.000000	0.000000	0.000000	0	0.000000	0.000000
133	2026-09-25T05:31:36.669276571Z	133014	loop3	0.000000	0.000000	0.000000	0.000000	0.000000	0.000000	0.000000	0.000000	0.000000	0.000000	0.000000	0.000000	0.000000	0.000000	0.000000	0.000000	0.000000	0	0.000000	0.000000
133	2026-09-25T05:31:36.669276571Z	133014	loop4	0.000000	0.000000	0.000000	0.000000	0.000000	0.000000	0.000000	0.000000	0.000000	0.000000	0.000000	0.000000	0.000000	0.000000	0.000000	0.000000	0.000000	0	0.000000	0.000000
133	2026-09-25T05:31:36.669276571Z	133014	loop5	0.000000	0.000000	0.000000	0.000000	0.000000	0.000000	0.000000	0.000000	0.000000	0.000000	0.000000	0.000000	0.000000	0.000000	0.000000	0.000000	0.000000	0	0.000000	0.000000
133	2026-09-25T05:31:36.669276571Z	133014	loop6	0.000000	0.000000	0.000000	0.000000	0.000000	0.000000	0.000000	0.000000	0.000000	0.000000	0.000000	0.000000	0.000000	0.000000	0.000000	0.000000	0.000000	0	0.000000	0.000000
133	2026-09-25T05:31:36.669276571Z	133014	loop7	0.000000	0.000000	0.000000	0.000000	0.000000	0.000000	0.000000	0.000000	0.000000	0.000000	0.000000	0.000000	0.000000	0.000000	0.000000	0.000000	0.000000	0	0.000000	0.000000
133	2026-09-25T05:31:36.669276571Z	133014	nvme0n1	0.000000	244.914551	0.000000	0.000000	0.000000	52.981515	0.000000	0.000000	5347510.285746	0.000000	0.000000	1.020408	0.000000	0.000000	0.000000	21834.187755	0.000000	0	11.196094	0.250912
134	2026-09-25T05:31:37.669243237Z	134014	loop0	0.000000	0.000000	0.000000	0.000000	0.000000	0.000000	0.000000	0.000000	0.000000	0.000000	0.000000	0.000000	0.000000	0.000000	0.000000	0.000000	0.000000	0	0.000000	0.000000
134	2026-09-25T05:31:37.669243237Z	134014	loop1	0.000000	0.000000	0.000000	0.000000	0.000000	0.000000	0.000000	0.000000	0.000000	0.000000	0.000000	0.000000	0.000000	0.000000	0.000000	0.000000	0.000000	0	0.000000	0.000000
134	2026-09-25T05:31:37.669243237Z	134014	loop2	0.000000	0.000000	0.000000	0.000000	0.000000	0.000000	0.000000	0.000000	0.000000	0.000000	0.000000	0.000000	0.000000	0.000000	0.000000	0.000000	0.000000	0	0.000000	0.000000
134	2026-09-25T05:31:37.669243237Z	134014	loop3	0.000000	0.000000	0.000000	0.000000	0.000000	0.000000	0.000000	0.000000	0.000000	0.000000	0.000000	0.000000	0.000000	0.000000	0.000000	0.000000	0.000000	0	0.000000	0.000000
134	2026-09-25T05:31:37.669243237Z	134014	loop4	0.000000	0.000000	0.000000	0.000000	0.000000	0.000000	0.000000	0.000000	0.000000	0.000000	0.000000	0.000000	0.000000	0.000000	0.000000	0.000000	0.000000	0	0.000000	0.000000
134	2026-09-25T05:31:37.669243237Z	134014	loop5	0.000000	0.000000	0.000000	0.000000	0.000000	0.000000	0.000000	0.000000	0.000000	0.000000	0.000000	0.000000	0.000000	0.000000	0.000000	0.000000	0.000000	0	0.000000	0.000000
134	2026-09-25T05:31:37.669243237Z	134014	loop6	0.000000	0.000000	0.000000	0.000000	0.000000	0.000000	0.000000	0.000000	0.000000	0.000000	0.000000	0.000000	0.000000	0.000000	0.000000	0.000000	0.000000	0	0.000000	0.000000
134	2026-09-25T05:31:37.669243237Z	134014	loop7	0.000000	0.000000	0.000000	0.000000	0.000000	0.000000	0.000000	0.000000	0.000000	0.000000	0.000000	0.000000	0.000000	0.000000	0.000000	0.000000	0.000000	0	0.000000	0.000000
134	2026-09-25T05:31:37.669243237Z	134014	nvme0n1	0.000000	261.008700	0.000000	0.000000	0.000000	58.001933	0.000000	0.000000	5550265.006983	0.000000	0.000000	1.022989	0.000000	0.000000	0.000000	21264.674330	0.000000	0	12.400413	0.267009
135	2026-09-25T05:31:38.668956631Z	135014	loop0	0.000000	0.000000	0.000000	0.000000	0.000000	0.000000	0.000000	0.000000	0.000000	0.000000	0.000000	0.000000	0.000000	0.000000	0.000000	0.000000	0.000000	0	0.000000	0.000000
135	2026-09-25T05:31:38.668956631Z	135014	loop1	0.000000	0.000000	0.000000	0.000000	0.000000	0.000000	0.000000	0.000000	0.000000	0.000000	0.000000	0.000000	0.000000	0.000000	0.000000	0.000000	0.000000	0	0.000000	0.000000
135	2026-09-25T05:31:38.668956631Z	135014	loop2	0.000000	0.000000	0.000000	0.000000	0.000000	0.000000	0.000000	0.000000	0.000000	0.000000	0.000000	0.000000	0.000000	0.000000	0.000000	0.000000	0.000000	0	0.000000	0.000000
135	2026-09-25T05:31:38.668956631Z	135014	loop3	0.000000	0.000000	0.000000	0.000000	0.000000	0.000000	0.000000	0.000000	0.000000	0.000000	0.000000	0.000000	0.000000	0.000000	0.000000	0.000000	0.000000	0	0.000000	0.000000
135	2026-09-25T05:31:38.668956631Z	135014	loop4	0.000000	0.000000	0.000000	0.000000	0.000000	0.000000	0.000000	0.000000	0.000000	0.000000	0.000000	0.000000	0.000000	0.000000	0.000000	0.000000	0.000000	0	0.000000	0.000000
135	2026-09-25T05:31:38.668956631Z	135014	loop5	0.000000	0.000000	0.000000	0.000000	0.000000	0.000000	0.000000	0.000000	0.000000	0.000000	0.000000	0.000000	0.000000	0.000000	0.000000	0.000000	0.000000	0	0.000000	0.000000
135	2026-09-25T05:31:38.668956631Z	135014	loop6	0.000000	0.000000	0.000000	0.000000	0.000000	0.000000	0.000000	0.000000	0.000000	0.000000	0.000000	0.000000	0.000000	0.000000	0.000000	0.000000	0.000000	0	0.000000	0.000000
135	2026-09-25T05:31:38.668956631Z	135014	loop7	0.000000	0.000000	0.000000	0.000000	0.000000	0.000000	0.000000	0.000000	0.000000	0.000000	0.000000	0.000000	0.000000	0.000000	0.000000	0.000000	0.000000	0	0.000000	0.000000
135	2026-09-25T05:31:38.668956631Z	135014	nvme0n1	0.000000	245.070241	0.000000	0.000000	0.000000	61.017488	0.000000	0.000000	5383687.040077	0.000000	0.000000	1.020408	0.000000	0.000000	0.000000	21967.934694	0.000000	0	10.803096	0.249071
136	2026-09-25T05:31:39.669666231Z	136014	loop0	0.000000	0.000000	0.000000	0.000000	0.000000	0.000000	0.000000	0.000000	0.000000	0.000000	0.000000	0.000000	0.000000	0.000000	0.000000	0.000000	0.000000	0	0.000000	0.000000
136	2026-09-25T05:31:39.669666231Z	136014	loop1	0.000000	0.000000	0.000000	0.000000	0.000000	0.000000	0.000000	0.000000	0.000000	0.000000	0.000000	0.000000	0.000000	0.000000	0.000000	0.000000	0.000000	0	0.000000	0.000000
136	2026-09-25T05:31:39.669666231Z	136014	loop2	0.000000	0.000000	0.000000	0.000000	0.000000	0.000000	0.000000	0.000000	0.000000	0.000000	0.000000	0.000000	0.000000	0.000000	0.000000	0.000000	0.000000	0	0.000000	0.000000
136	2026-09-25T05:31:39.669666231Z	136014	loop3	0.000000	0.000000	0.000000	0.000000	0.000000	0.000000	0.000000	0.000000	0.000000	0.000000	0.000000	0.000000	0.000000	0.000000	0.000000	0.000000	0.000000	0	0.000000	0.000000
136	2026-09-25T05:31:39.669666231Z	136014	loop4	0.000000	0.000000	0.000000	0.000000	0.000000	0.000000	0.000000	0.000000	0.000000	0.000000	0.000000	0.000000	0.000000	0.000000	0.000000	0.000000	0.000000	0	0.000000	0.000000
136	2026-09-25T05:31:39.669666231Z	136014	loop5	0.000000	0.000000	0.000000	0.000000	0.000000	0.000000	0.000000	0.000000	0.000000	0.000000	0.000000	0.000000	0.000000	0.000000	0.000000	0.000000	0.000000	0	0.000000	0.000000
136	2026-09-25T05:31:39.669666231Z	136014	loop6	0.000000	0.000000	0.000000	0.000000	0.000000	0.000000	0.000000	0.000000	0.000000	0.000000	0.000000	0.000000	0.000000	0.000000	0.000000	0.000000	0.000000	0	0.000000	0.000000
136	2026-09-25T05:31:39.669666231Z	136014	loop7	0.000000	0.000000	0.000000	0.000000	0.000000	0.000000	0.000000	0.000000	0.000000	0.000000	0.000000	0.000000	0.000000	0.000000	0.000000	0.000000	0.000000	0	0.000000	0.000000
136	2026-09-25T05:31:39.669666231Z	136014	nvme0n1	0.000000	250.822016	0.000000	0.000000	0.000000	54.961000	0.000000	0.000000	5378327.522655	0.000000	0.000000	1.063745	0.000000	0.000000	0.000000	21442.804781	0.000000	0	11.192058	0.266811
137	2026-09-25T05:31:40.668965985Z	137014	loop0	0.000000	0.000000	0.000000	0.000000	0.000000	0.000000	0.000000	0.000000	0.000000	0.000000	0.000000	0.000000	0.000000	0.000000	0.000000	0.000000	0.000000	0	0.000000	0.000000
137	2026-09-25T05:31:40.668965985Z	137014	loop1	0.000000	0.000000	0.000000	0.000000	0.000000	0.000000	0.000000	0.000000	0.000000	0.000000	0.000000	0.000000	0.000000	0.000000	0.000000	0.000000	0.000000	0	0.000000	0.000000
137	2026-09-25T05:31:40.668965985Z	137014	loop2	0.000000	0.000000	0.000000	0.000000	0.000000	0.000000	0.000000	0.000000	0.000000	0.000000	0.000000	0.000000	0.000000	0.000000	0.000000	0.000000	0.000000	0	0.000000	0.000000
137	2026-09-25T05:31:40.668965985Z	137014	loop3	0.000000	0.000000	0.000000	0.000000	0.000000	0.000000	0.000000	0.000000	0.000000	0.000000	0.000000	0.000000	0.000000	0.000000	0.000000	0.000000	0.000000	0	0.000000	0.000000
137	2026-09-25T05:31:40.668965985Z	137014	loop4	0.000000	0.000000	0.000000	0.000000	0.000000	0.000000	0.000000	0.000000	0.000000	0.000000	0.000000	0.000000	0.000000	0.000000	0.000000	0.000000	0.000000	0	0.000000	0.000000
137	2026-09-25T05:31:40.668965985Z	137014	loop5	0.000000	0.000000	0.000000	0.000000	0.000000	0.000000	0.000000	0.000000	0.000000	0.000000	0.000000	0.000000	0.000000	0.000000	0.000000	0.000000	0.000000	0	0.000000	0.000000
137	2026-09-25T05:31:40.668965985Z	137014	loop6	0.000000	0.000000	0.000000	0.000000	0.000000	0.000000	0.000000	0.000000	0.000000	0.000000	0.000000	0.000000	0.000000	0.000000	0.000000	0.000000	0.000000	0	0.000000	0.000000
137	2026-09-25T05:31:40.668965985Z	137014	loop7	0.000000	0.000000	0.000000	0.000000	0.000000	0.000000	0.000000	0.000000	0.000000	0.000000	0.000000	0.000000	0.000000	0.000000	0.000000	0.000000	0.000000	0	0.000000	0.000000
137	2026-09-25T05:31:40.668965985Z	137014	nvme0n1	0.000000	243.170282	0.000000	0.000000	0.000000	45.031534	0.000000	0.000000	5312135.865637	0.000000	0.000000	0.971193	0.000000	0.000000	0.000000	21845.333333	0.000000	0	10.807568	0.236165
138	2026-09-25T05:31:41.669275389Z	138014	loop0	0.000000	0.000000	0.000000	0.000000	0.000000	0.000000	0.000000	0.000000	0.000000	0.000000	0.000000	0.000000	0.000000	0.000000	0.000000	0.000000	0.000000	0	0.000000	0.000000
138	2026-09-25T05:31:41.669275389Z	138014	loop1	0.000000	0.000000	0.000000	0.000000	0.000000	0.000000	0.000000	0.000000	0.000000	0.000000	0.000000	0.000000	0.000000	0.000000	0.000000	0.000000	0.000000	0	0.000000	0.000000
138	2026-09-25T05:31:41.669275389Z	138014	loop2	0.000000	0.000000	0.000000	0.000000	0.000000	0.000000	0.000000	0.000000	0.000000	0.000000	0.000000	0.000000	0.000000	0.000000	0.000000	0.000000	0.000000	0	0.000000	0.000000
138	2026-09-25T05:31:41.669275389Z	138014	loop3	0.000000	0.000000	0.000000	0.000000	0.000000	0.000000	0.000000	0.000000	0.000000	0.000000	0.000000	0.000000	0.000000	0.000000	0.000000	0.000000	0.000000	0	0.000000	0.000000
138	2026-09-25T05:31:41.669275389Z	138014	loop4	0.000000	0.000000	0.000000	0.000000	0.000000	0.000000	0.000000	0.000000	0.000000	0.000000	0.000000	0.000000	0.000000	0.000000	0.000000	0.000000	0.000000	0	0.000000	0.000000
138	2026-09-25T05:31:41.669275389Z	138014	loop5	0.000000	0.000000	0.000000	0.000000	0.000000	0.000000	0.000000	0.000000	0.000000	0.000000	0.000000	0.000000	0.000000	0.000000	0.000000	0.000000	0.000000	0	0.000000	0.000000
138	2026-09-25T05:31:41.669275389Z	138014	loop6	0.000000	0.000000	0.000000	0.000000	0.000000	0.000000	0.000000	0.000000	0.000000	0.000000	0.000000	0.000000	0.000000	0.000000	0.000000	0.000000	0.000000	0	0.000000	0.000000
138	2026-09-25T05:31:41.669275389Z	138014	loop7	0.000000	0.000000	0.000000	0.000000	0.000000	0.000000	0.000000	0.000000	0.000000	0.000000	0.000000	0.000000	0.000000	0.000000	0.000000	0.000000	0.000000	0	0.000000	0.000000
138	2026-09-25T05:31:41.669275389Z	138014	nvme0n1	0.000000	244.924216	0.000000	0.000000	0.000000	52.983606	0.000000	0.000000	5347721.324111	0.000000	0.000000	1.020408	0.000000	0.000000	0.000000	21834.187755	0.000000	0	10.796659	0.249923
139	2026-09-25T05:31:42.668963739Z	139014	loop0	0.000000	0.000000	0.000000	0.000000	0.000000	0.000000	0.000000	0.000000	0.000000	0.000000	0.000000	0.000000	0.000000	0.000000	0.000000	0.000000	0.000000	0	0.000000	0.000000
139	2026-09-25T05:31:42.668963739Z	139014	loop1	0.000000	0.000000	0.000000	0.000000	0.000000	0.000000	0.000000	0.000000	0.000000	0.000000	0.000000	0.000000	0.000000	0.000000	0.000000	0.000000	0.000000	0	0.000000	0.000000
139	2026-09-25T05:31:42.668963739Z	139014	loop2	0.000000	0.000000	0.000000	0.000000	0.000000	0.000000	0.000000	0.000000	0.000000	0.000000	0.000000	0.000000	0.000000	0.000000	0.000000	0.000000	0.000000	0	0.000000	0.000000
139	2026-09-25T05:31:42.668963739Z	139014	loop3	0.000000	0.000000	0.000000	0.000000	0.000000	0.000000	0.000000	0.000000	0.000000	0.000000	0.000000	0.000000	0.000000	0.000000	0.000000	0.000000	0.000000	0	0.000000	0.000000
139	2026-09-25T05:31:42.668963739Z	139014	loop4	0.000000	0.000000	0.000000	0.000000	0.000000	0.000000	0.000000	0.000000	0.000000	0.000000	0.000000	0.000000	0.000000	0.000000	0.000000	0.000000	0.000000	0	0.000000	0.000000
139	2026-09-25T05:31:42.668963739Z	139014	loop5	0.000000	0.000000	0.000000	0.000000	0.000000	0.000000	0.000000	0.000000	0.000000	0.000000	0.000000	0.000000	0.000000	0.000000	0.000000	0.000000	0.000000	0	0.000000	0.000000
139	2026-09-25T05:31:42.668963739Z	139014	loop6	0.000000	0.000000	0.000000	0.000000	0.000000	0.000000	0.000000	0.000000	0.000000	0.000000	0.000000	0.000000	0.000000	0.000000	0.000000	0.000000	0.000000	0	0.000000	0.000000
139	2026-09-25T05:31:42.668963739Z	139014	loop7	0.000000	0.000000	0.000000	0.000000	0.000000	0.000000	0.000000	0.000000	0.000000	0.000000	0.000000	0.000000	0.000000	0.000000	0.000000	0.000000	0.000000	0	0.000000	0.000000
139	2026-09-25T05:31:42.668963739Z	139014	nvme0n1	0.000000	245.076378	0.000000	0.000000	0.000000	48.014964	0.000000	0.000000	5330557.273505	0.000000	0.000000	1.016327	0.000000	0.000000	0.000000	21750.595918	0.000000	0	10.803367	0.249078
140	2026-09-25T05:31:43.669199776Z	140014	loop0	0.000000	0.000000	0.000000	0.000000	0.000000	0.000000	0.000000	0.000000	0.000000	0.000000	0.000000	0.000000	0.000000	0.000000	0.000000	0.000000	0.000000	0	0.000000	0.000000
140	2026-09-25T05:31:43.669199776Z	140014	loop1	0.000000	0.000000	0.000000	0.000000	0.000000	0.000000	0.000000	0.000000	0.000000	0.000000	0.000000	0.000000	0.000000	0.000000	0.000000	0.000000	0.000000	0	0.000000	0.000000
140	2026-09-25T05:31:43.669199776Z	140014	loop2	0.000000	0.000000	0.000000	0.000000	0.000000	0.000000	0.000000	0.000000	0.000000	0.000000	0.000000	0.000000	0.000000	0.000000	0.000000	0.000000	0.000000	0	0.000000	0.000000
140	2026-09-25T05:31:43.669199776Z	140014	loop3	0.000000	0.000000	0.000000	0.000000	0.000000	0.000000	0.000000	0.000000	0.000000	0.000000	0.000000	0.000000	0.000000	0.000000	0.000000	0.000000	0.000000	0	0.000000	0.000000
140	2026-09-25T05:31:43.669199776Z	140014	loop4	0.000000	0.000000	0.000000	0.000000	0.000000	0.000000	0.000000	0.000000	0.000000	0.000000	0.000000	0.000000	0.000000	0.000000	0.000000	0.000000	0.000000	0	0.000000	0.000000
140	2026-09-25T05:31:43.669199776Z	140014	loop5	0.000000	0.000000	0.000000	0.000000	0.000000	0.000000	0.000000	0.000000	0.000000	0.000000	0.000000	0.000000	0.000000	0.000000	0.000000	0.000000	0.000000	0	0.000000	0.000000
140	2026-09-25T05:31:43.669199776Z	140014	loop6	0.000000	0.000000	0.000000	0.000000	0.000000	0.000000	0.000000	0.000000	0.000000	0.000000	0.000000	0.000000	0.000000	0.000000	0.000000	0.000000	0.000000	0	0.000000	0.000000
140	2026-09-25T05:31:43.669199776Z	140014	loop7	0.000000	0.000000	0.000000	0.000000	0.000000	0.000000	0.000000	0.000000	0.000000	0.000000	0.000000	0.000000	0.000000	0.000000	0.000000	0.000000	0.000000	0	0.000000	0.000000
140	2026-09-25T05:31:43.669199776Z	140014	nvme0n1	0.000000	250.940766	0.000000	0.000000	0.000000	64.984661	0.000000	0.000000	5438204.333620	0.000000	0.000000	1.023904	0.000000	0.000000	0.000000	21671.266932	0.000000	0	11.597263	0.256939
141	2026-09-25T05:31:44.669196822Z	141014	loop0	0.000000	0.000000	0.000000	0.000000	0.000000	0.000000	0.000000	0.000000	0.000000	0.000000	0.000000	0.000000	0.000000	0.000000	0.000000	0.000000	0.000000	0	0.000000	0.000000
141	2026-09-25T05:31:44.669196822Z	141014	loop1	0.000000	0.000000	0.000000	0.000000	0.000000	0.000000	0.000000	0.000000	0.000000	0.000000	0.000000	0.000000	0.000000	0.000000	0.000000	0.000000	0.000000	0	0.000000	0.000000
141	2026-09-25T05:31:44.669196822Z	141014	loop2	0.000000	0.000000	0.000000	0.000000	0.000000	0.000000	0.000000	0.000000	0.000000	0.000000	0.000000	0.000000	0.000000	0.000000	0.000000	0.000000	0.000000	0	0.000000	0.000000
141	2026-09-25T05:31:44.669196822Z	141014	loop3	0.000000	0.000000	0.000000	0.000000	0.000000	0.000000	0.000000	0.000000	0.000000	0.000000	0.000000	0.000000	0.000000	0.000000	0.000000	0.000000	0.000000	0	0.000000	0.000000
141	2026-09-25T05:31:44.669196822Z	141014	loop4	0.000000	0.000000	0.000000	0.000000	0.000000	0.000000	0.000000	0.000000	0.000000	0.000000	0.000000	0.000000	0.000000	0.000000	0.000000	0.000000	0.000000	0	0.000000	0.000000
141	2026-09-25T05:31:44.669196822Z	141014	loop5	0.000000	0.000000	0.000000	0.000000	0.000000	0.000000	0.000000	0.000000	0.000000	0.000000	0.000000	0.000000	0.000000	0.000000	0.000000	0.000000	0.000000	0	0.000000	0.000000
141	2026-09-25T05:31:44.669196822Z	141014	loop6	0.000000	0.000000	0.000000	0.000000	0.000000	0.000000	0.000000	0.000000	0.000000	0.000000	0.000000	0.000000	0.000000	0.000000	0.000000	0.000000	0.000000	0	0.000000	0.000000
141	2026-09-25T05:31:44.669196822Z	141014	loop7	0.000000	0.000000	0.000000	0.000000	0.000000	0.000000	0.000000	0.000000	0.000000	0.000000	0.000000	0.000000	0.000000	0.000000	0.000000	0.000000	0.000000	0	0.000000	0.000000
141	2026-09-25T05:31:44.669196822Z	141014	nvme0n1	0.000000	245.000726	0.000000	0.000000	0.000000	50.000148	0.000000	0.000000	5337103.808501	0.000000	0.000000	1.020408	0.000000	0.000000	0.000000	21784.032653	0.000000	0	10.800032	0.251001
142	2026-09-25T05:31:45.668957136Z	142014	loop0	0.000000	0.000000	0.000000	0.000000	0.000000	0.000000	0.000000	0.000000	0.000000	0.000000	0.000000	0.000000	0.000000	0.000000	0.000000	0.000000	0.000000	0	0.000000	0.000000
142	2026-09-25T05:31:45.668957136Z	142014	loop1	0.000000	0.000000	0.000000	0.000000	0.000000	0.000000	0.000000	0.000000	0.000000	0.000000	0.000000	0.000000	0.000000	0.000000	0.000000	0.000000	0.000000	0	0.000000	0.000000
142	2026-09-25T05:31:45.668957136Z	142014	loop2	0.000000	0.000000	0.000000	0.000000	0.000000	0.000000	0.000000	0.000000	0.000000	0.000000	0.000000	0.000000	0.000000	0.000000	0.000000	0.000000	0.000000	0	0.000000	0.000000
142	2026-09-25T05:31:45.668957136Z	142014	loop3	0.000000	0.000000	0.000000	0.000000	0.000000	0.000000	0.000000	0.000000	0.000000	0.000000	0.000000	0.000000	0.000000	0.000000	0.000000	0.000000	0.000000	0	0.000000	0.000000
142	2026-09-25T05:31:45.668957136Z	142014	loop4	0.000000	0.000000	0.000000	0.000000	0.000000	0.000000	0.000000	0.000000	0.000000	0.000000	0.000000	0.000000	0.000000	0.000000	0.000000	0.000000	0.000000	0	0.000000	0.000000
142	2026-09-25T05:31:45.668957136Z	142014	loop5	0.000000	0.000000	0.000000	0.000000	0.000000	0.000000	0.000000	0.000000	0.000000	0.000000	0.000000	0.000000	0.000000	0.000000	0.000000	0.000000	0.000000	0	0.000000	0.000000
142	2026-09-25T05:31:45.668957136Z	142014	loop6	0.000000	0.000000	0.000000	0.000000	0.000000	0.000000	0.000000	0.000000	0.000000	0.000000	0.000000	0.000000	0.000000	0.000000	0.000000	0.000000	0.000000	0	0.000000	0.000000
142	2026-09-25T05:31:45.668957136Z	142014	loop7	0.000000	0.000000	0.000000	0.000000	0.000000	0.000000	0.000000	0.000000	0.000000	0.000000	0.000000	0.000000	0.000000	0.000000	0.000000	0.000000	0.000000	0	0.000000	0.000000
142	2026-09-25T05:31:45.668957136Z	142014	nvme0n1	0.000000	245.058739	0.000000	0.000000	0.000000	52.012467	0.000000	0.000000	5346561.544069	0.000000	0.000000	1.024490	0.000000	0.000000	0.000000	21817.469388	0.000000	0	10.802589	0.250060
143	2026-09-25T05:31:46.668954759Z	143014	loop0	0.000000	0.000000	0.000000	0.000000	0.000000	0.000000	0.000000	0.000000	0.000000	0.000000	0.000000	0.000000	0.000000	0.000000	0.000000	0.000000	0.000000	0	0.000000	0.000000
143	2026-09-25T05:31:46.668954759Z	143014	loop1	0.000000	0.000000	0.000000	0.000000	0.000000	0.000000	0.000000	0.000000	0.000000	0.000000	0.000000	0.000000	0.000000	0.000000	0.000000	0.000000	0.000000	0	0.000000	0.000000
143	2026-09-25T05:31:46.668954759Z	143014	loop2	0.000000	0.000000	0.000000	0.000000	0.000000	0.000000	0.000000	0.000000	0.000000	0.000000	0.000000	0.000000	0.000000	0.000000	0.000000	0.000000	0.000000	0	0.000000	0.000000
143	2026-09-25T05:31:46.668954759Z	143014	loop3	0.000000	0.000000	0.000000	0.000000	0.000000	0.000000	0.000000	0.000000	0.000000	0.000000	0.000000	0.000000	0.000000	0.000000	0.000000	0.000000	0.000000	0	0.000000	0.000000
143	2026-09-25T05:31:46.668954759Z	143014	loop4	0.000000	0.000000	0.000000	0.000000	0.000000	0.000000	0.000000	0.000000	0.000000	0.000000	0.000000	0.000000	0.000000	0.000000	0.000000	0.000000	0.000000	0	0.000000	0.000000
143	2026-09-25T05:31:46.668954759Z	143014	loop5	0.000000	0.000000	0.000000	0.000000	0.000000	0.000000	0.000000	0.000000	0.000000	0.000000	0.000000	0.000000	0.000000	0.000000	0.000000	0.000000	0.000000	0	0.000000	0.000000
143	2026-09-25T05:31:46.668954759Z	143014	loop6	0.000000	0.000000	0.000000	0.000000	0.000000	0.000000	0.000000	0.000000	0.000000	0.000000	0.000000	0.000000	0.000000	0.000000	0.000000	0.000000	0.000000	0	0.000000	0.000000
143	2026-09-25T05:31:46.668954759Z	143014	loop7	0.000000	0.000000	0.000000	0.000000	0.000000	0.000000	0.000000	0.000000	0.000000	0.000000	0.000000	0.000000	0.000000	0.000000	0.000000	0.000000	0.000000	0	0.000000	0.000000
143	2026-09-25T05:31:46.668954759Z	143014	nvme0n1	0.000000	248.000587	0.000000	0.000000	0.000000	55.000130	0.000000	0.000000	5369868.705109	0.000000	0.000000	1.020161	0.000000	0.000000	0.000000	21652.645161	0.000000	0	11.600027	0.253001
144	2026-09-25T05:31:47.669808554Z	144014	loop0	0.000000	0.000000	0.000000	0.000000	0.000000	0.000000	0.000000	0.000000	0.000000	0.000000	0.000000	0.000000	0.000000	0.000000	0.000000	0.000000	0.000000	0	0.000000	0.000000
144	2026-09-25T05:31:47.669808554Z	144014	loop1	0.000000	0.000000	0.000000	0.000000	0.000000	0.000000	0.000000	0.000000	0.000000	0.000000	0.000000	0.000000	0.000000	0.000000	0.000000	0.000000	0.000000	0	0.000000	0.000000
144	2026-09-25T05:31:47.669808554Z	144014	loop2	0.000000	0.000000	0.000000	0.000000	0.000000	0.000000	0.000000	0.000000	0.000000	0.000000	0.000000	0.000000	0.000000	0.000000	0.000000	0.000000	0.000000	0	0.000000	0.000000
144	2026-09-25T05:31:47.669808554Z	144014	loop3	0.000000	0.000000	0.000000	0.000000	0.000000	0.000000	0.000000	0.000000	0.000000	0.000000	0.000000	0.000000	0.000000	0.000000	0.000000	0.000000	0.000000	0	0.000000	0.000000
144	2026-09-25T05:31:47.669808554Z	144014	loop4	0.000000	0.000000	0.000000	0.000000	0.000000	0.000000	0.000000	0.000000	0.000000	0.000000	0.000000	0.000000	0.000000	0.000000	0.000000	0.000000	0.000000	0	0.000000	0.000000
144	2026-09-25T05:31:47.669808554Z	144014	loop5	0.000000	0.000000	0.000000	0.000000	0.000000	0.000000	0.000000	0.000000	0.000000	0.000000	0.000000	0.000000	0.000000	0.000000	0.000000	0.000000	0.000000	0	0.000000	0.000000
144	2026-09-25T05:31:47.669808554Z	144014	loop6	0.000000	0.000000	0.000000	0.000000	0.000000	0.000000	0.000000	0.000000	0.000000	0.000000	0.000000	0.000000	0.000000	0.000000	0.000000	0.000000	0.000000	0	0.000000	0.000000
144	2026-09-25T05:31:47.669808554Z	144014	loop7	0.000000	0.000000	0.000000	0.000000	0.000000	0.000000	0.000000	0.000000	0.000000	0.000000	0.000000	0.000000	0.000000	0.000000	0.000000	0.000000	0.000000	0	0.000000	0.000000
144	2026-09-25T05:31:47.669808554Z	144014	nvme0n1	0.000000	250.785880	0.000000	0.000000	0.000000	56.951375	0.000000	0.000000	5385737.667951	0.000000	0.000000	1.015936	0.000000	0.000000	0.000000	21475.442231	0.000000	0	11.989763	0.254782
145	2026-09-25T05:31:48.669322892Z	145014	loop0	0.000000	0.000000	0.000000	0.000000	0.000000	0.000000	0.000000	0.000000	0.000000	0.000000	0.000000	0.000000	0.000000	0.000000	0.000000	0.000000	0.000000	0	0.000000	0.000000
145	2026-09-25T05:31:48.669322892Z	145014	loop1	0.000000	0.000000	0.000000	0.000000	0.000000	0.000000	0.000000	0.000000	0.000000	0.000000	0.000000	0.000000	0.000000	0.000000	0.000000	0.000000	0.000000	0	0.000000	0.000000
145	2026-09-25T05:31:48.669322892Z	145014	loop2	0.000000	0.000000	0.000000	0.000000	0.000000	0.000000	0.000000	0.000000	0.000000	0.000000	0.000000	0.000000	0.000000	0.000000	0.000000	0.000000	0.000000	0	0.000000	0.000000
145	2026-09-25T05:31:48.669322892Z	145014	loop3	0.000000	0.000000	0.000000	0.000000	0.000000	0.000000	0.000000	0.000000	0.000000	0.000000	0.000000	0.000000	0.000000	0.000000	0.000000	0.000000	0.000000	0	0.000000	0.000000
145	2026-09-25T05:31:48.669322892Z	145014	loop4	0.000000	0.000000	0.000000	0.000000	0.000000	0.000000	0.000000	0.000000	0.000000	0.000000	0.000000	0.000000	0.000000	0.000000	0.000000	0.000000	0.000000	0	0.000000	0.000000
145	2026-09-25T05:31:48.669322892Z	145014	loop5	0.000000	0.000000	0.000000	0.000000	0.000000	0.000000	0.000000	0.000000	0.000000	0.000000	0.000000	0.000000	0.000000	0.000000	0.000000	0.000000	0.000000	0	0.000000	0.000000
145	2026-09-25T05:31:48.669322892Z	145014	loop6	0.000000	0.000000	0.000000	0.000000	0.000000	0.000000	0.000000	0.000000	0.000000	0.000000	0.000000	0.000000	0.000000	0.000000	0.000000	0.000000	0.000000	0	0.000000	0.000000
145	2026-09-25T05:31:48.669322892Z	145014	loop7	0.000000	0.000000	0.000000	0.000000	0.000000	0.000000	0.000000	0.000000	0.000000	0.000000	0.000000	0.000000	0.000000	0.000000	0.000000	0.000000	0.000000	0	0.000000	0.000000
145	2026-09-25T05:31:48.669322892Z	145014	nvme0n1	0.000000	254.123418	0.000000	0.000000	0.000000	65.031583	0.000000	0.000000	5446229.015584	0.000000	0.000000	1.019685	0.000000	0.000000	0.000000	21431.433071	0.000000	0	11.205442	0.259126
146	2026-09-25T05:31:49.669429144Z	146014	loop0	0.000000	0.000000	0.000000	0.000000	0.000000	0.000000	0.000000	0.000000	0.000000	0.000000	0.000000	0.000000	0.000000	0.000000	0.000000	0.000000	0.000000	0	0.000000	0.000000
146	2026-09-25T05:31:49.669429144Z	146014	loop1	0.000000	0.000000	0.000000	0.000000	0.000000	0.000000	0.000000	0.000000	0.000000	0.000000	0.000000	0.000000	0.000000	0.000000	0.000000	0.000000	0.000000	0	0.000000	0.000000
146	2026-09-25T05:31:49.669429144Z	146014	loop2	0.000000	0.000000	0.000000	0.000000	0.000000	0.000000	0.000000	0.000000	0.000000	0.000000	0.000000	0.000000	0.000000	0.000000	0.000000	0.000000	0.000000	0	0.000000	0.000000
146	2026-09-25T05:31:49.669429144Z	146014	loop3	0.000000	0.000000	0.000000	0.000000	0.000000	0.000000	0.000000	0.000000	0.000000	0.000000	0.000000	0.000000	0.000000	0.000000	0.000000	0.000000	0.000000	0	0.000000	0.000000
146	2026-09-25T05:31:49.669429144Z	146014	loop4	0.000000	0.000000	0.000000	0.000000	0.000000	0.000000	0.000000	0.000000	0.000000	0.000000	0.000000	0.000000	0.000000	0.000000	0.000000	0.000000	0.000000	0	0.000000	0.000000
146	2026-09-25T05:31:49.669429144Z	146014	loop5	0.000000	0.000000	0.000000	0.000000	0.000000	0.000000	0.000000	0.000000	0.000000	0.000000	0.000000	0.000000	0.000000	0.000000	0.000000	0.000000	0.000000	0	0.000000	0.000000
146	2026-09-25T05:31:49.669429144Z	146014	loop6	0.000000	0.000000	0.000000	0.000000	0.000000	0.000000	0.000000	0.000000	0.000000	0.000000	0.000000	0.000000	0.000000	0.000000	0.000000	0.000000	0.000000	0	0.000000	0.000000
146	2026-09-25T05:31:49.669429144Z	146014	loop7	0.000000	0.000000	0.000000	0.000000	0.000000	0.000000	0.000000	0.000000	0.000000	0.000000	0.000000	0.000000	0.000000	0.000000	0.000000	0.000000	0.000000	0	0.000000	0.000000
146	2026-09-25T05:31:49.669429144Z	146014	nvme0n1	0.000000	246.973760	0.000000	0.000000	0.000000	52.994370	0.000000	0.000000	5356998.834945	0.000000	0.000000	1.024291	0.000000	0.000000	0.000000	21690.558704	0.000000	0	11.198810	0.253973
147	2026-09-25T05:31:50.668923904Z	147014	loop0	0.000000	0.000000	0.000000	0.000000	0.000000	0.000000	0.000000	0.000000	0.000000	0.000000	0.000000	0.000000	0.000000	0.000000	0.000000	0.000000	0.000000	0	0.000000	0.000000
147	2026-09-25T05:31:50.668923904Z	147014	loop1	0.000000	0.000000	0.000000	0.000000	0.000000	0.000000	0.000000	0.000000	0.000000	0.000000	0.000000	0.000000	0.000000	0.000000	0.000000	0.000000	0.000000	0	0.000000	0.000000
147	2026-09-25T05:31:50.668923904Z	147014	loop2	0.000000	0.000000	0.000000	0.000000	0.000000	0.000000	0.000000	0.000000	0.000000	0.000000	0.000000	0.000000	0.000000	0.000000	0.000000	0.000000	0.000000	0	0.000000	0.000000
147	2026-09-25T05:31:50.668923904Z	147014	loop3	0.000000	0.000000	0.000000	0.000000	0.000000	0.000000	0.000000	0.000000	0.000000	0.000000	0.000000	0.000000	0.000000	0.000000	0.000000	0.000000	0.000000	0	0.000000	0.000000
147	2026-09-25T05:31:50.668923904Z	147014	loop4	0.000000	0.000000	0.000000	0.000000	0.000000	0.000000	0.000000	0.000000	0.000000	0.000000	0.000000	0.000000	0.000000	0.000000	0.000000	0.000000	0.000000	0	0.000000	0.000000
147	2026-09-25T05:31:50.668923904Z	147014	loop5	0.000000	0.000000	0.000000	0.000000	0.000000	0.000000	0.000000	0.000000	0.000000	0.000000	0.000000	0.000000	0.000000	0.000000	0.000000	0.000000	0.000000	0	0.000000	0.000000
147	2026-09-25T05:31:50.668923904Z	147014	loop6	0.000000	0.000000	0.000000	0.000000	0.000000	0.000000	0.000000	0.000000	0.000000	0.000000	0.000000	0.000000	0.000000	0.000000	0.000000	0.000000	0.000000	0	0.000000	0.000000
147	2026-09-25T05:31:50.668923904Z	147014	loop7	0.000000	0.000000	0.000000	0.000000	0.000000	0.000000	0.000000	0.000000	0.000000	0.000000	0.000000	0.000000	0.000000	0.000000	0.000000	0.000000	0.000000	0	0.000000	0.000000
147	2026-09-25T05:31:50.668923904Z	147014	nvme0n1	1.000505	249.125868	0.000000	0.000000	0.000000	53.026791	0.000000	4098.070501	5368472.356236	0.000000	0.000000	1.024096	0.000000	0.000000	4096.000000	21549.236948	0.000000	0	11.605864	0.255129
148	2026-09-25T05:31:51.669021316Z	148014	loop0	0.000000	0.000000	0.000000	0.000000	0.000000	0.000000	0.000000	0.000000	0.000000	0.000000	0.000000	0.000000	0.000000	0.000000	0.000000	0.000000	0.000000	0	0.000000	0.000000
148	2026-09-25T05:31:51.669021316Z	148014	loop1	0.000000	0.000000	0.000000	0.000000	0.000000	0.000000	0.000000	0.000000	0.000000	0.000000	0.000000	0.000000	0.000000	0.000000	0.000000	0.000000	0.000000	0	0.000000	0.000000
148	2026-09-25T05:31:51.669021316Z	148014	loop2	0.000000	0.000000	0.000000	0.000000	0.000000	0.000000	0.000000	0.000000	0.000000	0.000000	0.000000	0.000000	0.000000	0.000000	0.000000	0.000000	0.000000	0	0.000000	0.000000
148	2026-09-25T05:31:51.669021316Z	148014	loop3	0.000000	0.000000	0.000000	0.000000	0.000000	0.000000	0.000000	0.000000	0.000000	0.000000	0.000000	0.000000	0.000000	0.000000	0.000000	0.000000	0.000000	0	0.000000	0.000000
148	2026-09-25T05:31:51.669021316Z	148014	loop4	0.000000	0.000000	0.000000	0.000000	0.000000	0.000000	0.000000	0.000000	0.000000	0.000000	0.000000	0.000000	0.000000	0.000000	0.000000	0.000000	0.000000	0	0.000000	0.000000
148	2026-09-25T05:31:51.669021316Z	148014	loop5	0.000000	0.000000	0.000000	0.000000	0.000000	0.000000	0.000000	0.000000	0.000000	0.000000	0.000000	0.000000	0.000000	0.000000	0.000000	0.000000	0.000000	0	0.000000	0.000000
148	2026-09-25T05:31:51.669021316Z	148014	loop6	0.000000	0.000000	0.000000	0.000000	0.000000	0.000000	0.000000	0.000000	0.000000	0.000000	0.000000	0.000000	0.000000	0.000000	0.000000	0.000000	0.000000	0	0.000000	0.000000
148	2026-09-25T05:31:51.669021316Z	148014	loop7	0.000000	0.000000	0.000000	0.000000	0.000000	0.000000	0.000000	0.000000	0.000000	0.000000	0.000000	0.000000	0.000000	0.000000	0.000000	0.000000	0.000000	0	0.000000	0.000000
148	2026-09-25T05:31:51.669021316Z	148014	nvme0n1	0.000000	248.975747	0.000000	0.000000	0.000000	53.994740	0.000000	0.000000	5369332.973275	0.000000	0.000000	1.016064	0.000000	0.000000	0.000000	21565.686747	0.000000	0	10.798948	0.252975
149	2026-09-25T05:31:52.669188098Z	149014	loop0	0.000000	0.000000	0.000000	0.000000	0.000000	0.000000	0.000000	0.000000	0.000000	0.000000	0.000000	0.000000	0.000000	0.000000	0.000000	0.000000	0.000000	0	0.000000	0.000000
149	2026-09-25T05:31:52.669188098Z	149014	loop1	0.000000	0.000000	0.000000	0.000000	0.000000	0.000000	0.000000	0.000000	0.000000	0.000000	0.000000	0.000000	0.000000	0.000000	0.000000	0.000000	0.000000	0	0.000000	0.000000
149	2026-09-25T05:31:52.669188098Z	149014	loop2	0.000000	0.000000	0.000000	0.000000	0.000000	0.000000	0.000000	0.000000	0.000000	0.000000	0.000000	0.000000	0.000000	0.000000	0.000000	0.000000	0.000000	0	0.000000	0.000000
149	2026-09-25T05:31:52.669188098Z	149014	loop3	0.000000	0.000000	0.000000	0.000000	0.000000	0.000000	0.000000	0.000000	0.000000	0.000000	0.000000	0.000000	0.000000	0.000000	0.000000	0.000000	0.000000	0	0.000000	0.000000
149	2026-09-25T05:31:52.669188098Z	149014	loop4	0.000000	0.000000	0.000000	0.000000	0.000000	0.000000	0.000000	0.000000	0.000000	0.000000	0.000000	0.000000	0.000000	0.000000	0.000000	0.000000	0.000000	0	0.000000	0.000000
149	2026-09-25T05:31:52.669188098Z	149014	loop5	0.000000	0.000000	0.000000	0.000000	0.000000	0.000000	0.000000	0.000000	0.000000	0.000000	0.000000	0.000000	0.000000	0.000000	0.000000	0.000000	0.000000	0	0.000000	0.000000
149	2026-09-25T05:31:52.669188098Z	149014	loop6	0.000000	0.000000	0.000000	0.000000	0.000000	0.000000	0.000000	0.000000	0.000000	0.000000	0.000000	0.000000	0.000000	0.000000	0.000000	0.000000	0.000000	0	0.000000	0.000000
149	2026-09-25T05:31:52.669188098Z	149014	loop7	0.000000	0.000000	0.000000	0.000000	0.000000	0.000000	0.000000	0.000000	0.000000	0.000000	0.000000	0.000000	0.000000	0.000000	0.000000	0.000000	0.000000	0	0.000000	0.000000
149	2026-09-25T05:31:52.669188098Z	149014	nvme0n1	0.000000	244.959145	0.000000	0.000000	0.000000	54.990829	0.000000	0.000000	5356674.608452	0.000000	0.000000	1.024490	0.000000	0.000000	0.000000	21867.624490	0.000000	0	11.198132	0.250958
150	2026-09-25T05:31:53.669277006Z	150014	loop0	0.000000	0.000000	0.000000	0.000000	0.000000	0.000000	0.000000	0.000000	0.000000	0.000000	0.000000	0.000000	0.000000	0.000000	0.000000	0.000000	0.000000	0	0.000000	0.000000
150	2026-09-25T05:31:53.669277006Z	150014	loop1	0.000000	0.000000	0.000000	0.000000	0.000000	0.000000	0.000000	0.000000	0.000000	0.000000	0.000000	0.000000	0.000000	0.000000	0.000000	0.000000	0.000000	0	0.000000	0.000000
150	2026-09-25T05:31:53.669277006Z	150014	loop2	0.000000	0.000000	0.000000	0.000000	0.000000	0.000000	0.000000	0.000000	0.000000	0.000000	0.000000	0.000000	0.000000	0.000000	0.000000	0.000000	0.000000	0	0.000000	0.000000
150	2026-09-25T05:31:53.669277006Z	150014	loop3	0.000000	0.000000	0.000000	0.000000	0.000000	0.000000	0.000000	0.000000	0.000000	0.000000	0.000000	0.000000	0.000000	0.000000	0.000000	0.000000	0.000000	0	0.000000	0.000000
150	2026-09-25T05:31:53.669277006Z	150014	loop4	0.000000	0.000000	0.000000	0.000000	0.000000	0.000000	0.000000	0.000000	0.000000	0.000000	0.000000	0.000000	0.000000	0.000000	0.000000	0.000000	0.000000	0	0.000000	0.000000
150	2026-09-25T05:31:53.669277006Z	150014	loop5	0.000000	0.000000	0.000000	0.000000	0.000000	0.000000	0.000000	0.000000	0.000000	0.000000	0.000000	0.000000	0.000000	0.000000	0.000000	0.000000	0.000000	0	0.000000	0.000000
150	2026-09-25T05:31:53.669277006Z	150014	loop6	0.000000	0.000000	0.000000	0.000000	0.000000	0.000000	0.000000	0.000000	0.000000	0.000000	0.000000	0.000000	0.000000	0.000000	0.000000	0.000000	0.000000	0	0.000000	0.000000
150	2026-09-25T05:31:53.669277006Z	150014	loop7	0.000000	0.000000	0.000000	0.000000	0.000000	0.000000	0.000000	0.000000	0.000000	0.000000	0.000000	0.000000	0.000000	0.000000	0.000000	0.000000	0.000000	0	0.000000	0.000000
150	2026-09-25T05:31:53.669277006Z	150014	nvme0n1	0.000000	251.977597	0.000000	0.000000	0.000000	59.994666	0.000000	0.000000	5414430.608389	0.000000	0.000000	1.023810	0.000000	0.000000	0.000000	21487.746032	0.000000	0	11.199004	0.257977
151	2026-09-25T05:31:54.669030055Z	151014	loop0	0.000000	0.000000	0.000000	0.000000	0.000000	0.000000	0.000000	0.000000	0.000000	0.000000	0.000000	0.000000	0.000000	0.000000	0.000000	0.000000	0.000000	0	0.000000	0.000000
151	2026-09-25T05:31:54.669030055Z	151014	loop1	0.000000	0.000000	0.000000	0.000000	0.000000	0.000000	0.000000	0.000000	0.000000	0.000000	0.000000	0.000000	0.000000	0.000000	0.000000	0.000000	0.000000	0	0.000000	0.000000
151	2026-09-25T05:31:54.669030055Z	151014	loop2	0.000000	0.000000	0.000000	0.000000	0.000000	0.000000	0.000000	0.000000	0.000000	0.000000	0.000000	0.000000	0.000000	0.000000	0.000000	0.000000	0.000000	0	0.000000	0.000000
151	2026-09-25T05:31:54.669030055Z	151014	loop3	0.000000	0.000000	0.000000	0.000000	0.000000	0.000000	0.000000	0.000000	0.000000	0.000000	0.000000	0.000000	0.000000	0.000000	0.000000	0.000000	0.000000	0	0.000000	0.000000
151	2026-09-25T05:31:54.669030055Z	151014	loop4	0.000000	0.000000	0.000000	0.000000	0.000000	0.000000	0.000000	0.000000	0.000000	0.000000	0.000000	0.000000	0.000000	0.000000	0.000000	0.000000	0.000000	0	0.000000	0.000000
151	2026-09-25T05:31:54.669030055Z	151014	loop5	0.000000	0.000000	0.000000	0.000000	0.000000	0.000000	0.000000	0.000000	0.000000	0.000000	0.000000	0.000000	0.000000	0.000000	0.000000	0.000000	0.000000	0	0.000000	0.000000
151	2026-09-25T05:31:54.669030055Z	151014	loop6	0.000000	0.000000	0.000000	0.000000	0.000000	0.000000	0.000000	0.000000	0.000000	0.000000	0.000000	0.000000	0.000000	0.000000	0.000000	0.000000	0.000000	0	0.000000	0.000000
151	2026-09-25T05:31:54.669030055Z	151014	loop7	0.000000	0.000000	0.000000	0.000000	0.000000	0.000000	0.000000	0.000000	0.000000	0.000000	0.000000	0.000000	0.000000	0.000000	0.000000	0.000000	0.000000	0	0.000000	0.000000
151	2026-09-25T05:31:54.669030055Z	151014	nvme0n1	0.000000	244.060272	0.000000	0.000000	0.000000	57.014080	0.000000	0.000000	5063906.557044	0.000000	0.000000	1.012295	0.000000	0.000000	0.000000	20748.590164	0.000000	0	10.802668	0.247061
152	2026-09-25T05:31:55.66960461Z	152014	loop0	0.000000	0.000000	0.000000	0.000000	0.000000	0.000000	0.000000	0.000000	0.000000	0.000000	0.000000	0.000000	0.000000	0.000000	0.000000	0.000000	0.000000	0	0.000000	0.000000
152	2026-09-25T05:31:55.66960461Z	152014	loop1	0.000000	0.000000	0.000000	0.000000	0.000000	0.000000	0.000000	0.000000	0.000000	0.000000	0.000000	0.000000	0.000000	0.000000	0.000000	0.000000	0.000000	0	0.000000	0.000000
152	2026-09-25T05:31:55.66960461Z	152014	loop2	0.000000	0.000000	0.000000	0.000000	0.000000	0.000000	0.000000	0.000000	0.000000	0.000000	0.000000	0.000000	0.000000	0.000000	0.000000	0.000000	0.000000	0	0.000000	0.000000
152	2026-09-25T05:31:55.66960461Z	152014	loop3	0.000000	0.000000	0.000000	0.000000	0.000000	0.000000	0.000000	0.000000	0.000000	0.000000	0.000000	0.000000	0.000000	0.000000	0.000000	0.000000	0.000000	0	0.000000	0.000000
152	2026-09-25T05:31:55.66960461Z	152014	loop4	0.000000	0.000000	0.000000	0.000000	0.000000	0.000000	0.000000	0.000000	0.000000	0.000000	0.000000	0.000000	0.000000	0.000000	0.000000	0.000000	0.000000	0	0.000000	0.000000
152	2026-09-25T05:31:55.66960461Z	152014	loop5	0.000000	0.000000	0.000000	0.000000	0.000000	0.000000	0.000000	0.000000	0.000000	0.000000	0.000000	0.000000	0.000000	0.000000	0.000000	0.000000	0.000000	0	0.000000	0.000000
152	2026-09-25T05:31:55.66960461Z	152014	loop6	0.000000	0.000000	0.000000	0.000000	0.000000	0.000000	0.000000	0.000000	0.000000	0.000000	0.000000	0.000000	0.000000	0.000000	0.000000	0.000000	0.000000	0	0.000000	0.000000
152	2026-09-25T05:31:55.66960461Z	152014	loop7	0.000000	0.000000	0.000000	0.000000	0.000000	0.000000	0.000000	0.000000	0.000000	0.000000	0.000000	0.000000	0.000000	0.000000	0.000000	0.000000	0.000000	0	0.000000	0.000000
152	2026-09-25T05:31:55.66960461Z	152014	nvme0n1	0.000000	133.923053	0.000000	0.000000	0.000000	31.981625	0.000000	0.000000	2853272.626533	0.000000	0.000000	1.022388	0.000000	0.000000	0.000000	21305.313433	0.000000	0	6.396325	0.136921
153	2026-09-25T05:31:56.668963901Z	153014	loop0	0.000000	0.000000	0.000000	0.000000	0.000000	0.000000	0.000000	0.000000	0.000000	0.000000	0.000000	0.000000	0.000000	0.000000	0.000000	0.000000	0.000000	0	0.000000	0.000000
153	2026-09-25T05:31:56.668963901Z	153014	loop1	0.000000	0.000000	0.000000	0.000000	0.000000	0.000000	0.000000	0.000000	0.000000	0.000000	0.000000	0.000000	0.000000	0.000000	0.000000	0.000000	0.000000	0	0.000000	0.000000
153	2026-09-25T05:31:56.668963901Z	153014	loop2	0.000000	0.000000	0.000000	0.000000	0.000000	0.000000	0.000000	0.000000	0.000000	0.000000	0.000000	0.000000	0.000000	0.000000	0.000000	0.000000	0.000000	0	0.000000	0.000000
153	2026-09-25T05:31:56.668963901Z	153014	loop3	0.000000	0.000000	0.000000	0.000000	0.000000	0.000000	0.000000	0.000000	0.000000	0.000000	0.000000	0.000000	0.000000	0.000000	0.000000	0.000000	0.000000	0	0.000000	0.000000
153	2026-09-25T05:31:56.668963901Z	153014	loop4	0.000000	0.000000	0.000000	0.000000	0.000000	0.000000	0.000000	0.000000	0.000000	0.000000	0.000000	0.000000	0.000000	0.000000	0.000000	0.000000	0.000000	0	0.000000	0.000000
153	2026-09-25T05:31:56.668963901Z	153014	loop5	0.000000	0.000000	0.000000	0.000000	0.000000	0.000000	0.000000	0.000000	0.000000	0.000000	0.000000	0.000000	0.000000	0.000000	0.000000	0.000000	0.000000	0	0.000000	0.000000
153	2026-09-25T05:31:56.668963901Z	153014	loop6	0.000000	0.000000	0.000000	0.000000	0.000000	0.000000	0.000000	0.000000	0.000000	0.000000	0.000000	0.000000	0.000000	0.000000	0.000000	0.000000	0.000000	0	0.000000	0.000000
153	2026-09-25T05:31:56.668963901Z	153014	loop7	0.000000	0.000000	0.000000	0.000000	0.000000	0.000000	0.000000	0.000000	0.000000	0.000000	0.000000	0.000000	0.000000	0.000000	0.000000	0.000000	0.000000	0	0.000000	0.000000
153	2026-09-25T05:31:56.668963901Z	153014	nvme0n1	0.000000	158.101297	0.000000	0.000000	0.000000	32.020516	0.000000	0.000000	2848545.085625	0.000000	0.000000	0.987342	0.000000	0.000000	0.000000	18017.215190	0.000000	0	6.804360	0.156100
154	2026-09-25T05:31:57.669186207Z	154014	loop0	0.000000	0.000000	0.000000	0.000000	0.000000	0.000000	0.000000	0.000000	0.000000	0.000000	0.000000	0.000000	0.000000	0.000000	0.000000	0.000000	0.000000	0	0.000000	0.000000
154	2026-09-25T05:31:57.669186207Z	154014	loop1	0.000000	0.000000	0.000000	0.000000	0.000000	0.000000	0.000000	0.000000	0.000000	0.000000	0.000000	0.000000	0.000000	0.000000	0.000000	0.000000	0.000000	0	0.000000	0.000000
154	2026-09-25T05:31:57.669186207Z	154014	loop2	0.000000	0.000000	0.000000	0.000000	0.000000	0.000000	0.000000	0.000000	0.000000	0.000000	0.000000	0.000000	0.000000	0.000000	0.000000	0.000000	0.000000	0	0.000000	0.000000
154	2026-09-25T05:31:57.669186207Z	154014	loop3	0.000000	0.000000	0.000000	0.000000	0.000000	0.000000	0.000000	0.000000	0.000000	0.000000	0.000000	0.000000	0.000000	0.000000	0.000000	0.000000	0.000000	0	0.000000	0.000000
154	2026-09-25T05:31:57.669186207Z	154014	loop4	0.000000	0.000000	0.000000	0.000000	0.000000	0.000000	0.000000	0.000000	0.000000	0.000000	0.000000	0.000000	0.000000	0.000000	0.000000	0.000000	0.000000	0	0.000000	0.000000
154	2026-09-25T05:31:57.669186207Z	154014	loop5	0.000000	0.000000	0.000000	0.000000	0.000000	0.000000	0.000000	0.000000	0.000000	0.000000	0.000000	0.000000	0.000000	0.000000	0.000000	0.000000	0.000000	0	0.000000	0.000000
154	2026-09-25T05:31:57.669186207Z	154014	loop6	0.000000	0.000000	0.000000	0.000000	0.000000	0.000000	0.000000	0.000000	0.000000	0.000000	0.000000	0.000000	0.000000	0.000000	0.000000	0.000000	0.000000	0	0.000000	0.000000
154	2026-09-25T05:31:57.669186207Z	154014	loop7	0.000000	0.000000	0.000000	0.000000	0.000000	0.000000	0.000000	0.000000	0.000000	0.000000	0.000000	0.000000	0.000000	0.000000	0.000000	0.000000	0.000000	0	0.000000	0.000000
154	2026-09-25T05:31:57.669186207Z	154014	nvme0n1	0.000000	115.974218	0.000000	0.000000	0.000000	26.993999	0.000000	0.000000	2514385.039634	0.000000	0.000000	1.025862	0.000000	0.000000	0.000000	21680.551724	0.000000	0	5.998666	0.118974
155	2026-09-25T05:31:58.669276005Z	155014	loop0	0.000000	0.000000	0.000000	0.000000	0.000000	0.000000	0.000000	0.000000	0.000000	0.000000	0.000000	0.000000	0.000000	0.000000	0.000000	0.000000	0.000000	0	0.000000	0.000000
155	2026-09-25T05:31:58.669276005Z	155014	loop1	0.000000	0.000000	0.000000	0.000000	0.000000	0.000000	0.000000	0.000000	0.000000	0.000000	0.000000	0.000000	0.000000	0.000000	0.000000	0.000000	0.000000	0	0.000000	0.000000
155	2026-09-25T05:31:58.669276005Z	155014	loop2	0.000000	0.000000	0.000000	0.000000	0.000000	0.000000	0.000000	0.000000	0.000000	0.000000	0.000000	0.000000	0.000000	0.000000	0.000000	0.000000	0.000000	0	0.000000	0.000000
155	2026-09-25T05:31:58.669276005Z	155014	loop3	0.000000	0.000000	0.000000	0.000000	0.000000	0.000000	0.000000	0.000000	0.000000	0.000000	0.000000	0.000000	0.000000	0.000000	0.000000	0.000000	0.000000	0	0.000000	0.000000
155	2026-09-25T05:31:58.669276005Z	155014	loop4	0.000000	0.000000	0.000000	0.000000	0.000000	0.000000	0.000000	0.000000	0.000000	0.000000	0.000000	0.000000	0.000000	0.000000	0.000000	0.000000	0.000000	0	0.000000	0.000000
155	2026-09-25T05:31:58.669276005Z	155014	loop5	0.000000	0.000000	0.000000	0.000000	0.000000	0.000000	0.000000	0.000000	0.000000	0.000000	0.000000	0.000000	0.000000	0.000000	0.000000	0.000000	0.000000	0	0.000000	0.000000
155	2026-09-25T05:31:58.669276005Z	155014	loop6	0.000000	0.000000	0.000000	0.000000	0.000000	0.000000	0.000000	0.000000	0.000000	0.000000	0.000000	0.000000	0.000000	0.000000	0.000000	0.000000	0.000000	0	0.000000	0.000000
155	2026-09-25T05:31:58.669276005Z	155014	loop7	0.000000	0.000000	0.000000	0.000000	0.000000	0.000000	0.000000	0.000000	0.000000	0.000000	0.000000	0.000000	0.000000	0.000000	0.000000	0.000000	0.000000	0	0.000000	0.000000
155	2026-09-25T05:31:58.669276005Z	155014	nvme0n1	0.000000	93.991560	0.000000	0.000000	0.000000	35.996768	0.000000	0.000000	1920851.511376	0.000000	0.000000	1.021277	0.000000	0.000000	0.000000	20436.425532	0.000000	0	5.199533	0.095991
156	2026-09-25T05:31:59.669196731Z	156014	loop0	0.000000	0.000000	0.000000	0.000000	0.000000	0.000000	0.000000	0.000000	0.000000	0.000000	0.000000	0.000000	0.000000	0.000000	0.000000	0.000000	0.000000	0	0.000000	0.000000
156	2026-09-25T05:31:59.669196731Z	156014	loop1	0.000000	0.000000	0.000000	0.000000	0.000000	0.000000	0.000000	0.000000	0.000000	0.000000	0.000000	0.000000	0.000000	0.000000	0.000000	0.000000	0.000000	0	0.000000	0.000000
156	2026-09-25T05:31:59.669196731Z	156014	loop2	0.000000	0.000000	0.000000	0.000000	0.000000	0.000000	0.000000	0.000000	0.000000	0.000000	0.000000	0.000000	0.000000	0.000000	0.000000	0.000000	0.000000	0	0.000000	0.000000
156	2026-09-25T05:31:59.669196731Z	156014	loop3	0.000000	0.000000	0.000000	0.000000	0.000000	0.000000	0.000000	0.000000	0.000000	0.000000	0.000000	0.000000	0.000000	0.000000	0.000000	0.000000	0.000000	0	0.000000	0.000000
156	2026-09-25T05:31:59.669196731Z	156014	loop4	0.000000	0.000000	0.000000	0.000000	0.000000	0.000000	0.000000	0.000000	0.000000	0.000000	0.000000	0.000000	0.000000	0.000000	0.000000	0.000000	0.000000	0	0.000000	0.000000
156	2026-09-25T05:31:59.669196731Z	156014	loop5	0.000000	0.000000	0.000000	0.000000	0.000000	0.000000	0.000000	0.000000	0.000000	0.000000	0.000000	0.000000	0.000000	0.000000	0.000000	0.000000	0.000000	0	0.000000	0.000000
156	2026-09-25T05:31:59.669196731Z	156014	loop6	0.000000	0.000000	0.000000	0.000000	0.000000	0.000000	0.000000	0.000000	0.000000	0.000000	0.000000	0.000000	0.000000	0.000000	0.000000	0.000000	0.000000	0	0.000000	0.000000
156	2026-09-25T05:31:59.669196731Z	156014	loop7	0.000000	0.000000	0.000000	0.000000	0.000000	0.000000	0.000000	0.000000	0.000000	0.000000	0.000000	0.000000	0.000000	0.000000	0.000000	0.000000	0.000000	0	0.000000	0.000000
156	2026-09-25T05:31:59.669196731Z	156014	nvme0n1	0.000000	51.004043	0.000000	0.000000	0.000000	14.001110	0.000000	0.000000	1036370.159281	0.000000	0.000000	1.000000	0.000000	0.000000	0.000000	20319.372549	0.000000	0	3.200254	0.051004
157	2026-09-25T05:32:00.668900929Z	157014	loop0	0.000000	0.000000	0.000000	0.000000	0.000000	0.000000	0.000000	0.000000	0.000000	0.000000	0.000000	0.000000	0.000000	0.000000	0.000000	0.000000	0.000000	0	0.000000	0.000000
157	2026-09-25T05:32:00.668900929Z	157014	loop1	0.000000	0.000000	0.000000	0.000000	0.000000	0.000000	0.000000	0.000000	0.000000	0.000000	0.000000	0.000000	0.000000	0.000000	0.000000	0.000000	0.000000	0	0.000000	0.000000
157	2026-09-25T05:32:00.668900929Z	157014	loop2	0.000000	0.000000	0.000000	0.000000	0.000000	0.000000	0.000000	0.000000	0.000000	0.000000	0.000000	0.000000	0.000000	0.000000	0.000000	0.000000	0.000000	0	0.000000	0.000000
157	2026-09-25T05:32:00.668900929Z	157014	loop3	0.000000	0.000000	0.000000	0.000000	0.000000	0.000000	0.000000	0.000000	0.000000	0.000000	0.000000	0.000000	0.000000	0.000000	0.000000	0.000000	0.000000	0	0.000000	0.000000
157	2026-09-25T05:32:00.668900929Z	157014	loop4	0.000000	0.000000	0.000000	0.000000	0.000000	0.000000	0.000000	0.000000	0.000000	0.000000	0.000000	0.000000	0.000000	0.000000	0.000000	0.000000	0.000000	0	0.000000	0.000000
157	2026-09-25T05:32:00.668900929Z	157014	loop5	0.000000	0.000000	0.000000	0.000000	0.000000	0.000000	0.000000	0.000000	0.000000	0.000000	0.000000	0.000000	0.000000	0.000000	0.000000	0.000000	0.000000	0	0.000000	0.000000
157	2026-09-25T05:32:00.668900929Z	157014	loop6	0.000000	0.000000	0.000000	0.000000	0.000000	0.000000	0.000000	0.000000	0.000000	0.000000	0.000000	0.000000	0.000000	0.000000	0.000000	0.000000	0.000000	0	0.000000	0.000000
157	2026-09-25T05:32:00.668900929Z	157014	loop7	0.000000	0.000000	0.000000	0.000000	0.000000	0.000000	0.000000	0.000000	0.000000	0.000000	0.000000	0.000000	0.000000	0.000000	0.000000	0.000000	0.000000	0	0.000000	0.000000
157	2026-09-25T05:32:00.668900929Z	157014	nvme0n1	5.001480	47.013907	0.000000	0.000000	0.000000	19.005622	0.000000	28680.484117	958747.611925	0.000000	0.800000	1.021277	0.000000	0.000000	5734.400000	20392.851064	0.000000	0	3.601065	0.051015
158	2026-09-25T05:32:01.668979226Z	158014	loop0	0.000000	0.000000	0.000000	0.000000	0.000000	0.000000	0.000000	0.000000	0.000000	0.000000	0.000000	0.000000	0.000000	0.000000	0.000000	0.000000	0.000000	0	0.000000	0.000000
158	2026-09-25T05:32:01.668979226Z	158014	loop1	0.000000	0.000000	0.000000	0.000000	0.000000	0.000000	0.000000	0.000000	0.000000	0.000000	0.000000	0.000000	0.000000	0.000000	0.000000	0.000000	0.000000	0	0.000000	0.000000
158	2026-09-25T05:32:01.668979226Z	158014	loop2	0.000000	0.000000	0.000000	0.000000	0.000000	0.000000	0.000000	0.000000	0.000000	0.000000	0.000000	0.000000	0.000000	0.000000	0.000000	0.000000	0.000000	0	0.000000	0.000000
158	2026-09-25T05:32:01.668979226Z	158014	loop3	0.000000	0.000000	0.000000	0.000000	0.000000	0.000000	0.000000	0.000000	0.000000	0.000000	0.000000	0.000000	0.000000	0.000000	0.000000	0.000000	0.000000	0	0.000000	0.000000
158	2026-09-25T05:32:01.668979226Z	158014	loop4	0.000000	0.000000	0.000000	0.000000	0.000000	0.000000	0.000000	0.000000	0.000000	0.000000	0.000000	0.000000	0.000000	0.000000	0.000000	0.000000	0.000000	0	0.000000	0.000000
158	2026-09-25T05:32:01.668979226Z	158014	loop5	0.000000	0.000000	0.000000	0.000000	0.000000	0.000000	0.000000	0.000000	0.000000	0.000000	0.000000	0.000000	0.000000	0.000000	0.000000	0.000000	0.000000	0	0.000000	0.000000
158	2026-09-25T05:32:01.668979226Z	158014	loop6	0.000000	0.000000	0.000000	0.000000	0.000000	0.000000	0.000000	0.000000	0.000000	0.000000	0.000000	0.000000	0.000000	0.000000	0.000000	0.000000	0.000000	0	0.000000	0.000000
158	2026-09-25T05:32:01.668979226Z	158014	loop7	0.000000	0.000000	0.000000	0.000000	0.000000	0.000000	0.000000	0.000000	0.000000	0.000000	0.000000	0.000000	0.000000	0.000000	0.000000	0.000000	0.000000	0	0.000000	0.000000
158	2026-09-25T05:32:01.668979226Z	158014	nvme0n1	2.999765	370.970949	0.000000	0.000000	0.000000	30.997573	0.000000	12287.037802	80684881.566924	0.000000	0.333333	2.690027	0.000000	0.000000	4096.000000	217496.495957	0.000000	0	23.598152	0.999922
159	2026-09-25T05:32:02.668959075Z	159014	loop0	0.000000	0.000000	0.000000	0.000000	0.000000	0.000000	0.000000	0.000000	0.000000	0.000000	0.000000	0.000000	0.000000	0.000000	0.000000	0.000000	0.000000	0	0.000000	0.000000
159	2026-09-25T05:32:02.668959075Z	159014	loop1	0.000000	0.000000	0.000000	0.000000	0.000000	0.000000	0.000000	0.000000	0.000000	0.000000	0.000000	0.000000	0.000000	0.000000	0.000000	0.000000	0.000000	0	0.000000	0.000000
159	2026-09-25T05:32:02.668959075Z	159014	loop2	0.000000	0.000000	0.000000	0.000000	0.000000	0.000000	0.000000	0.000000	0.000000	0.000000	0.000000	0.000000	0.000000	0.000000	0.000000	0.000000	0.000000	0	0.000000	0.000000
159	2026-09-25T05:32:02.668959075Z	159014	loop3	0.000000	0.000000	0.000000	0.000000	0.000000	0.000000	0.000000	0.000000	0.000000	0.000000	0.000000	0.000000	0.000000	0.000000	0.000000	0.000000	0.000000	0	0.000000	0.000000
159	2026-09-25T05:32:02.668959075Z	159014	loop4	0.000000	0.000000	0.000000	0.000000	0.000000	0.000000	0.000000	0.000000	0.000000	0.000000	0.000000	0.000000	0.000000	0.000000	0.000000	0.000000	0.000000	0	0.000000	0.000000
159	2026-09-25T05:32:02.668959075Z	159014	loop5	0.000000	0.000000	0.000000	0.000000	0.000000	0.000000	0.000000	0.000000	0.000000	0.000000	0.000000	0.000000	0.000000	0.000000	0.000000	0.000000	0.000000	0	0.000000	0.000000
159	2026-09-25T05:32:02.668959075Z	159014	loop6	0.000000	0.000000	0.000000	0.000000	0.000000	0.000000	0.000000	0.000000	0.000000	0.000000	0.000000	0.000000	0.000000	0.000000	0.000000	0.000000	0.000000	0	0.000000	0.000000
159	2026-09-25T05:32:02.668959075Z	159014	loop7	0.000000	0.000000	0.000000	0.000000	0.000000	0.000000	0.000000	0.000000	0.000000	0.000000	0.000000	0.000000	0.000000	0.000000	0.000000	0.000000	0.000000	0	0.000000	0.000000
159	2026-09-25T05:32:02.668959075Z	159014	nvme0n1	7.000141	618.012454	0.000000	0.000000	0.000000	77.001552	0.000000	36864.742861	137177804.269934	0.000000	0.714286	3.090615	0.000000	0.000000	5266.285714	221966.084142	0.000000	0	29.200588	1.914039
160	2026-09-25T05:32:03.669635457Z	160014	loop0	0.000000	0.000000	0.000000	0.000000	0.000000	0.000000	0.000000	0.000000	0.000000	0.000000	0.000000	0.000000	0.000000	0.000000	0.000000	0.000000	0.000000	0	0.000000	0.000000
160	2026-09-25T05:32:03.669635457Z	160014	loop1	0.000000	0.000000	0.000000	0.000000	0.000000	0.000000	0.000000	0.000000	0.000000	0.000000	0.000000	0.000000	0.000000	0.000000	0.000000	0.000000	0.000000	0	0.000000	0.000000
160	2026-09-25T05:32:03.669635457Z	160014	loop2	0.000000	0.000000	0.000000	0.000000	0.000000	0.000000	0.000000	0.000000	0.000000	0.000000	0.000000	0.000000	0.000000	0.000000	0.000000	0.000000	0.000000	0	0.000000	0.000000
160	2026-09-25T05:32:03.669635457Z	160014	loop3	0.000000	0.000000	0.000000	0.000000	0.000000	0.000000	0.000000	0.000000	0.000000	0.000000	0.000000	0.000000	0.000000	0.000000	0.000000	0.000000	0.000000	0	0.000000	0.000000
160	2026-09-25T05:32:03.669635457Z	160014	loop4	0.000000	0.000000	0.000000	0.000000	0.000000	0.000000	0.000000	0.000000	0.000000	0.000000	0.000000	0.000000	0.000000	0.000000	0.000000	0.000000	0.000000	0	0.000000	0.000000
160	2026-09-25T05:32:03.669635457Z	160014	loop5	0.000000	0.000000	0.000000	0.000000	0.000000	0.000000	0.000000	0.000000	0.000000	0.000000	0.000000	0.000000	0.000000	0.000000	0.000000	0.000000	0.000000	0	0.000000	0.000000
160	2026-09-25T05:32:03.669635457Z	160014	loop6	0.000000	0.000000	0.000000	0.000000	0.000000	0.000000	0.000000	0.000000	0.000000	0.000000	0.000000	0.000000	0.000000	0.000000	0.000000	0.000000	0.000000	0	0.000000	0.000000
160	2026-09-25T05:32:03.669635457Z	160014	loop7	0.000000	0.000000	0.000000	0.000000	0.000000	0.000000	0.000000	0.000000	0.000000	0.000000	0.000000	0.000000	0.000000	0.000000	0.000000	0.000000	0.000000	0	0.000000	0.000000
160	2026-09-25T05:32:03.669635457Z	160014	nvme0n1	0.000000	47.967555	0.000000	0.000000	0.000000	13.990537	0.000000	0.000000	949629.684726	0.000000	0.000000	0.500000	0.000000	0.000000	0.000000	19797.333333	0.000000	0	2.398378	0.024983
161	2026-09-25T05:32:04.668955983Z	161014	loop0	0.000000	0.000000	0.000000	0.000000	0.000000	0.000000	0.000000	0.000000	0.000000	0.000000	0.000000	0.000000	0.000000	0.000000	0.000000	0.000000	0.000000	0	0.000000	0.000000
161	2026-09-25T05:32:04.668955983Z	161014	loop1	0.000000	0.000000	0.000000	0.000000	0.000000	0.000000	0.000000	0.000000	0.000000	0.000000	0.000000	0.000000	0.000000	0.000000	0.000000	0.000000	0.000000	0	0.000000	0.000000
161	2026-09-25T05:32:04.668955983Z	161014	loop2	0.000000	0.000000	0.000000	0.000000	0.000000	0.000000	0.000000	0.000000	0.000000	0.000000	0.000000	0.000000	0.000000	0.000000	0.000000	0.000000	0.000000	0	0.000000	0.000000
161	2026-09-25T05:32:04.668955983Z	161014	loop3	0.000000	0.000000	0.000000	0.000000	0.000000	0.000000	0.000000	0.000000	0.000000	0.000000	0.000000	0.000000	0.000000	0.000000	0.000000	0.000000	0.000000	0	0.000000	0.000000
161	2026-09-25T05:32:04.668955983Z	161014	loop4	0.000000	0.000000	0.000000	0.000000	0.000000	0.000000	0.000000	0.000000	0.000000	0.000000	0.000000	0.000000	0.000000	0.000000	0.000000	0.000000	0.000000	0	0.000000	0.000000
161	2026-09-25T05:32:04.668955983Z	161014	loop5	0.000000	0.000000	0.000000	0.000000	0.000000	0.000000	0.000000	0.000000	0.000000	0.000000	0.000000	0.000000	0.000000	0.000000	0.000000	0.000000	0.000000	0	0.000000	0.000000
161	2026-09-25T05:32:04.668955983Z	161014	loop6	0.000000	0.000000	0.000000	0.000000	0.000000	0.000000	0.000000	0.000000	0.000000	0.000000	0.000000	0.000000	0.000000	0.000000	0.000000	0.000000	0.000000	0	0.000000	0.000000
161	2026-09-25T05:32:04.668955983Z	161014	loop7	0.000000	0.000000	0.000000	0.000000	0.000000	0.000000	0.000000	0.000000	0.000000	0.000000	0.000000	0.000000	0.000000	0.000000	0.000000	0.000000	0.000000	0	0.000000	0.000000
161	2026-09-25T05:32:04.668955983Z	161014	nvme0n1	0.000000	67.045556	0.000000	0.000000	0.000000	31.021078	0.000000	0.000000	1090276.814748	0.000000	0.000000	0.626866	0.000000	0.000000	0.000000	16261.731343	0.000000	0	2.001360	0.041028
162	2026-09-25T05:32:05.669276125Z	162014	loop0	0.000000	0.000000	0.000000	0.000000	0.000000	0.000000	0.000000	0.000000	0.000000	0.000000	0.000000	0.000000	0.000000	0.000000	0.000000	0.000000	0.000000	0	0.000000	0.000000
162	2026-09-25T05:32:05.669276125Z	162014	loop1	0.000000	0.000000	0.000000	0.000000	0.000000	0.000000	0.000000	0.000000	0.000000	0.000000	0.000000	0.000000	0.000000	0.000000	0.000000	0.000000	0.000000	0	0.000000	0.000000
162	2026-09-25T05:32:05.669276125Z	162014	loop2	0.000000	0.000000	0.000000	0.000000	0.000000	0.000000	0.000000	0.000000	0.000000	0.000000	0.000000	0.000000	0.000000	0.000000	0.000000	0.000000	0.000000	0	0.000000	0.000000
162	2026-09-25T05:32:05.669276125Z	162014	loop3	0.000000	0.000000	0.000000	0.000000	0.000000	0.000000	0.000000	0.000000	0.000000	0.000000	0.000000	0.000000	0.000000	0.000000	0.000000	0.000000	0.000000	0	0.000000	0.000000
162	2026-09-25T05:32:05.669276125Z	162014	loop4	0.000000	0.000000	0.000000	0.000000	0.000000	0.000000	0.000000	0.000000	0.000000	0.000000	0.000000	0.000000	0.000000	0.000000	0.000000	0.000000	0.000000	0	0.000000	0.000000
162	2026-09-25T05:32:05.669276125Z	162014	loop5	0.000000	0.000000	0.000000	0.000000	0.000000	0.000000	0.000000	0.000000	0.000000	0.000000	0.000000	0.000000	0.000000	0.000000	0.000000	0.000000	0.000000	0	0.000000	0.000000
162	2026-09-25T05:32:05.669276125Z	162014	loop6	0.000000	0.000000	0.000000	0.000000	0.000000	0.000000	0.000000	0.000000	0.000000	0.000000	0.000000	0.000000	0.000000	0.000000	0.000000	0.000000	0.000000	0	0.000000	0.000000
162	2026-09-25T05:32:05.669276125Z	162014	loop7	0.000000	0.000000	0.000000	0.000000	0.000000	0.000000	0.000000	0.000000	0.000000	0.000000	0.000000	0.000000	0.000000	0.000000	0.000000	0.000000	0.000000	0	0.000000	0.000000
162	2026-09-25T05:32:05.669276125Z	162014	nvme0n1	0.000000	12.995840	0.000000	0.000000	0.000000	7.997440	0.000000	0.000000	249776.037449	0.000000	0.000000	0.461538	0.000000	0.000000	0.000000	19219.692308	0.000000	0	0.799744	0.005998
163	2026-09-25T05:32:06.66926338Z	163014	loop0	0.000000	0.000000	0.000000	0.000000	0.000000	0.000000	0.000000	0.000000	0.000000	0.000000	0.000000	0.000000	0.000000	0.000000	0.000000	0.000000	0.000000	0	0.000000	0.000000
163	2026-09-25T05:32:06.66926338Z	163014	loop1	0.000000	0.000000	0.000000	0.000000	0.000000	0.000000	0.000000	0.000000	0.000000	0.000000	0.000000	0.000000	0.000000	0.000000	0.000000	0.000000	0.000000	0	0.000000	0.000000
163	2026-09-25T05:32:06.66926338Z	163014	loop2	0.000000	0.000000	0.000000	0.000000	0.000000	0.000000	0.000000	0.000000	0.000000	0.000000	0.000000	0.000000	0.000000	0.000000	0.000000	0.000000	0.000000	0	0.000000	0.000000
163	2026-09-25T05:32:06.66926338Z	163014	loop3	0.000000	0.000000	0.000000	0.000000	0.000000	0.000000	0.000000	0.000000	0.000000	0.000000	0.000000	0.000000	0.000000	0.000000	0.000000	0.000000	0.000000	0	0.000000	0.000000
163	2026-09-25T05:32:06.66926338Z	163014	loop4	0.000000	0.000000	0.000000	0.000000	0.000000	0.000000	0.000000	0.000000	0.000000	0.000000	0.000000	0.000000	0.000000	0.000000	0.000000	0.000000	0.000000	0	0.000000	0.000000
163	2026-09-25T05:32:06.66926338Z	163014	loop5	0.000000	0.000000	0.000000	0.000000	0.000000	0.000000	0.000000	0.000000	0.000000	0.000000	0.000000	0.000000	0.000000	0.000000	0.000000	0.000000	0.000000	0	0.000000	0.000000
163	2026-09-25T05:32:06.66926338Z	163014	loop6	0.000000	0.000000	0.000000	0.000000	0.000000	0.000000	0.000000	0.000000	0.000000	0.000000	0.000000	0.000000	0.000000	0.000000	0.000000	0.000000	0.000000	0	0.000000	0.000000
163	2026-09-25T05:32:06.66926338Z	163014	loop7	0.000000	0.000000	0.000000	0.000000	0.000000	0.000000	0.000000	0.000000	0.000000	0.000000	0.000000	0.000000	0.000000	0.000000	0.000000	0.000000	0.000000	0	0.000000	0.000000
163	2026-09-25T05:32:06.66926338Z	163014	nvme0n1	1.000013	3.000038	0.000000	0.000000	0.000000	6.000076	0.000000	4096.052192	36864.469727	0.000000	0.000000	0.333333	0.000000	0.000000	4096.000000	12288.000000	0.000000	0	0.800010	0.002000
164	2026-09-25T05:32:07.668969022Z	164014	loop0	0.000000	0.000000	0.000000	0.000000	0.000000	0.000000	0.000000	0.000000	0.000000	0.000000	0.000000	0.000000	0.000000	0.000000	0.000000	0.000000	0.000000	0	0.000000	0.000000
164	2026-09-25T05:32:07.668969022Z	164014	loop1	0.000000	0.000000	0.000000	0.000000	0.000000	0.000000	0.000000	0.000000	0.000000	0.000000	0.000000	0.000000	0.000000	0.000000	0.000000	0.000000	0.000000	0	0.000000	0.000000
164	2026-09-25T05:32:07.668969022Z	164014	loop2	0.000000	0.000000	0.000000	0.000000	0.000000	0.000000	0.000000	0.000000	0.000000	0.000000	0.000000	0.000000	0.000000	0.000000	0.000000	0.000000	0.000000	0	0.000000	0.000000
164	2026-09-25T05:32:07.668969022Z	164014	loop3	0.000000	0.000000	0.000000	0.000000	0.000000	0.000000	0.000000	0.000000	0.000000	0.000000	0.000000	0.000000	0.000000	0.000000	0.000000	0.000000	0.000000	0	0.000000	0.000000
164	2026-09-25T05:32:07.668969022Z	164014	loop4	0.000000	0.000000	0.000000	0.000000	0.000000	0.000000	0.000000	0.000000	0.000000	0.000000	0.000000	0.000000	0.000000	0.000000	0.000000	0.000000	0.000000	0	0.000000	0.000000
164	2026-09-25T05:32:07.668969022Z	164014	loop5	0.000000	0.000000	0.000000	0.000000	0.000000	0.000000	0.000000	0.000000	0.000000	0.000000	0.000000	0.000000	0.000000	0.000000	0.000000	0.000000	0.000000	0	0.000000	0.000000
164	2026-09-25T05:32:07.668969022Z	164014	loop6	0.000000	0.000000	0.000000	0.000000	0.000000	0.000000	0.000000	0.000000	0.000000	0.000000	0.000000	0.000000	0.000000	0.000000	0.000000	0.000000	0.000000	0	0.000000	0.000000
164	2026-09-25T05:32:07.668969022Z	164014	loop7	0.000000	0.000000	0.000000	0.000000	0.000000	0.000000	0.000000	0.000000	0.000000	0.000000	0.000000	0.000000	0.000000	0.000000	0.000000	0.000000	0.000000	0	0.000000	0.000000
164	2026-09-25T05:32:07.668969022Z	164014	nvme0n1	3.000883	0.000000	0.000000	0.000000	0.000000	0.000000	0.000000	110624.563115	0.000000	0.000000	0.666667	0.000000	0.000000	0.000000	36864.000000	0.000000	0.000000	0	0.800236	0.002001
165	2026-09-25T05:32:08.669656441Z	165014	loop0	0.000000	0.000000	0.000000	0.000000	0.000000	0.000000	0.000000	0.000000	0.000000	0.000000	0.000000	0.000000	0.000000	0.000000	0.000000	0.000000	0.000000	0	0.000000	0.000000
165	2026-09-25T05:32:08.669656441Z	165014	loop1	0.000000	0.000000	0.000000	0.000000	0.000000	0.000000	0.000000	0.000000	0.000000	0.000000	0.000000	0.000000	0.000000	0.000000	0.000000	0.000000	0.000000	0	0.000000	0.000000
165	2026-09-25T05:32:08.669656441Z	165014	loop2	0.000000	0.000000	0.000000	0.000000	0.000000	0.000000	0.000000	0.000000	0.000000	0.000000	0.000000	0.000000	0.000000	0.000000	0.000000	0.000000	0.000000	0	0.000000	0.000000
165	2026-09-25T05:32:08.669656441Z	165014	loop3	0.000000	0.000000	0.000000	0.000000	0.000000	0.000000	0.000000	0.000000	0.000000	0.000000	0.000000	0.000000	0.000000	0.000000	0.000000	0.000000	0.000000	0	0.000000	0.000000
165	2026-09-25T05:32:08.669656441Z	165014	loop4	0.000000	0.000000	0.000000	0.000000	0.000000	0.000000	0.000000	0.000000	0.000000	0.000000	0.000000	0.000000	0.000000	0.000000	0.000000	0.000000	0.000000	0	0.000000	0.000000
165	2026-09-25T05:32:08.669656441Z	165014	loop5	0.000000	0.000000	0.000000	0.000000	0.000000	0.000000	0.000000	0.000000	0.000000	0.000000	0.000000	0.000000	0.000000	0.000000	0.000000	0.000000	0.000000	0	0.000000	0.000000
165	2026-09-25T05:32:08.669656441Z	165014	loop6	0.000000	0.000000	0.000000	0.000000	0.000000	0.000000	0.000000	0.000000	0.000000	0.000000	0.000000	0.000000	0.000000	0.000000	0.000000	0.000000	0.000000	0	0.000000	0.000000
165	2026-09-25T05:32:08.669656441Z	165014	loop7	0.000000	0.000000	0.000000	0.000000	0.000000	0.000000	0.000000	0.000000	0.000000	0.000000	0.000000	0.000000	0.000000	0.000000	0.000000	0.000000	0.000000	0	0.000000	0.000000
165	2026-09-25T05:32:08.669656441Z	165014	nvme0n1	0.000000	5.995878	0.000000	0.000000	0.000000	3.997252	0.000000	0.000000	53211.421617	0.000000	0.000000	0.666667	0.000000	0.000000	0.000000	8874.666667	0.000000	0	0.399725	0.003997
166	2026-09-25T05:32:09.669066577Z	166014	loop0	0.000000	0.000000	0.000000	0.000000	0.000000	0.000000	0.000000	0.000000	0.000000	0.000000	0.000000	0.000000	0.000000	0.000000	0.000000	0.000000	0.000000	0	0.000000	0.000000
166	2026-09-25T05:32:09.669066577Z	166014	loop1	0.000000	0.000000	0.000000	0.000000	0.000000	0.000000	0.000000	0.000000	0.000000	0.000000	0.000000	0.000000	0.000000	0.000000	0.000000	0.000000	0.000000	0	0.000000	0.000000
166	2026-09-25T05:32:09.669066577Z	166014	loop2	0.000000	0.000000	0.000000	0.000000	0.000000	0.000000	0.000000	0.000000	0.000000	0.000000	0.000000	0.000000	0.000000	0.000000	0.000000	0.000000	0.000000	0	0.000000	0.000000
166	2026-09-25T05:32:09.669066577Z	166014	loop3	0.000000	0.000000	0.000000	0.000000	0.000000	0.000000	0.000000	0.000000	0.000000	0.000000	0.000000	0.000000	0.000000	0.000000	0.000000	0.000000	0.000000	0	0.000000	0.000000
166	2026-09-25T05:32:09.669066577Z	166014	loop4	0.000000	0.000000	0.000000	0.000000	0.000000	0.000000	0.000000	0.000000	0.000000	0.000000	0.000000	0.000000	0.000000	0.000000	0.000000	0.000000	0.000000	0	0.000000	0.000000
166	2026-09-25T05:32:09.669066577Z	166014	loop5	0.000000	0.000000	0.000000	0.000000	0.000000	0.000000	0.000000	0.000000	0.000000	0.000000	0.000000	0.000000	0.000000	0.000000	0.000000	0.000000	0.000000	0	0.000000	0.000000
166	2026-09-25T05:32:09.669066577Z	166014	loop6	0.000000	0.000000	0.000000	0.000000	0.000000	0.000000	0.000000	0.000000	0.000000	0.000000	0.000000	0.000000	0.000000	0.000000	0.000000	0.000000	0.000000	0	0.000000	0.000000
166	2026-09-25T05:32:09.669066577Z	166014	loop7	0.000000	0.000000	0.000000	0.000000	0.000000	0.000000	0.000000	0.000000	0.000000	0.000000	0.000000	0.000000	0.000000	0.000000	0.000000	0.000000	0.000000	0	0.000000	0.000000
166	2026-09-25T05:32:09.669066577Z	166014	nvme0n1	0.000000	0.000000	0.000000	0.000000	0.000000	0.000000	0.000000	0.000000	0.000000	0.000000	0.000000	0.000000	0.000000	0.000000	0.000000	0.000000	0.000000	0	0.000000	0.000000
167	2026-09-25T05:32:10.6696571Z	167014	loop0	0.000000	0.000000	0.000000	0.000000	0.000000	0.000000	0.000000	0.000000	0.000000	0.000000	0.000000	0.000000	0.000000	0.000000	0.000000	0.000000	0.000000	0	0.000000	0.000000
167	2026-09-25T05:32:10.6696571Z	167014	loop1	0.000000	0.000000	0.000000	0.000000	0.000000	0.000000	0.000000	0.000000	0.000000	0.000000	0.000000	0.000000	0.000000	0.000000	0.000000	0.000000	0.000000	0	0.000000	0.000000
167	2026-09-25T05:32:10.6696571Z	167014	loop2	0.000000	0.000000	0.000000	0.000000	0.000000	0.000000	0.000000	0.000000	0.000000	0.000000	0.000000	0.000000	0.000000	0.000000	0.000000	0.000000	0.000000	0	0.000000	0.000000
167	2026-09-25T05:32:10.6696571Z	167014	loop3	0.000000	0.000000	0.000000	0.000000	0.000000	0.000000	0.000000	0.000000	0.000000	0.000000	0.000000	0.000000	0.000000	0.000000	0.000000	0.000000	0.000000	0	0.000000	0.000000
167	2026-09-25T05:32:10.6696571Z	167014	loop4	0.000000	0.000000	0.000000	0.000000	0.000000	0.000000	0.000000	0.000000	0.000000	0.000000	0.000000	0.000000	0.000000	0.000000	0.000000	0.000000	0.000000	0	0.000000	0.000000
167	2026-09-25T05:32:10.6696571Z	167014	loop5	0.000000	0.000000	0.000000	0.000000	0.000000	0.000000	0.000000	0.000000	0.000000	0.000000	0.000000	0.000000	0.000000	0.000000	0.000000	0.000000	0.000000	0	0.000000	0.000000
167	2026-09-25T05:32:10.6696571Z	167014	loop6	0.000000	0.000000	0.000000	0.000000	0.000000	0.000000	0.000000	0.000000	0.000000	0.000000	0.000000	0.000000	0.000000	0.000000	0.000000	0.000000	0.000000	0	0.000000	0.000000
167	2026-09-25T05:32:10.6696571Z	167014	loop7	0.000000	0.000000	0.000000	0.000000	0.000000	0.000000	0.000000	0.000000	0.000000	0.000000	0.000000	0.000000	0.000000	0.000000	0.000000	0.000000	0.000000	0	0.000000	0.000000
167	2026-09-25T05:32:10.6696571Z	167014	nvme0n1	0.000000	24.985246	0.000000	0.000000	0.000000	0.000000	0.000000	0.000000	106433.148884	0.000000	0.000000	0.480000	0.000000	0.000000	0.000000	4259.840000	0.000000	0	0.399764	0.011993
168	2026-09-25T05:32:11.669061017Z	168014	loop0	0.000000	0.000000	0.000000	0.000000	0.000000	0.000000	0.000000	0.000000	0.000000	0.000000	0.000000	0.000000	0.000000	0.000000	0.000000	0.000000	0.000000	0	0.000000	0.000000
168	2026-09-25T05:32:11.669061017Z	168014	loop1	0.000000	0.000000	0.000000	0.000000	0.000000	0.000000	0.000000	0.000000	0.000000	0.000000	0.000000	0.000000	0.000000	0.000000	0.000000	0.000000	0.000000	0	0.000000	0.000000
168	2026-09-25T05:32:11.669061017Z	168014	loop2	0.000000	0.000000	0.000000	0.000000	0.000000	0.000000	0.000000	0.000000	0.000000	0.000000	0.000000	0.000000	0.000000	0.000000	0.000000	0.000000	0.000000	0	0.000000	0.000000
168	2026-09-25T05:32:11.669061017Z	168014	loop3	0.000000	0.000000	0.000000	0.000000	0.000000	0.000000	0.000000	0.000000	0.000000	0.000000	0.000000	0.000000	0.000000	0.000000	0.000000	0.000000	0.000000	0	0.000000	0.000000
168	2026-09-25T05:32:11.669061017Z	168014	loop4	0.000000	0.000000	0.000000	0.000000	0.000000	0.000000	0.000000	0.000000	0.000000	0.000000	0.000000	0.000000	0.000000	0.000000	0.000000	0.000000	0.000000	0	0.000000	0.000000
168	2026-09-25T05:32:11.669061017Z	168014	loop5	0.000000	0.000000	0.000000	0.000000	0.000000	0.000000	0.000000	0.000000	0.000000	0.000000	0.000000	0.000000	0.000000	0.000000	0.000000	0.000000	0.000000	0	0.000000	0.000000
168	2026-09-25T05:32:11.669061017Z	168014	loop6	0.000000	0.000000	0.000000	0.000000	0.000000	0.000000	0.000000	0.000000	0.000000	0.000000	0.000000	0.000000	0.000000	0.000000	0.000000	0.000000	0.000000	0	0.000000	0.000000
168	2026-09-25T05:32:11.669061017Z	168014	loop7	0.000000	0.000000	0.000000	0.000000	0.000000	0.000000	0.000000	0.000000	0.000000	0.000000	0.000000	0.000000	0.000000	0.000000	0.000000	0.000000	0.000000	0	0.000000	0.000000
168	2026-09-25T05:32:11.669061017Z	168014	nvme0n1	0.000000	2.001193	0.000000	0.000000	0.000000	10.005964	0.000000	0.000000	49181.316294	0.000000	0.000000	0.500000	0.000000	0.000000	0.000000	24576.000000	0.000000	0	0.400239	0.001001
169	2026-09-25T05:32:12.668965466Z	169014	loop0	0.000000	0.000000	0.000000	0.000000	0.000000	0.000000	0.000000	0.000000	0.000000	0.000000	0.000000	0.000000	0.000000	0.000000	0.000000	0.000000	0.000000	0	0.000000	0.000000
169	2026-09-25T05:32:12.668965466Z	169014	loop1	0.000000	0.000000	0.000000	0.000000	0.000000	0.000000	0.000000	0.000000	0.000000	0.000000	0.000000	0.000000	0.000000	0.000000	0.000000	0.000000	0.000000	0	0.000000	0.000000
169	2026-09-25T05:32:12.668965466Z	169014	loop2	0.000000	0.000000	0.000000	0.000000	0.000000	0.000000	0.000000	0.000000	0.000000	0.000000	0.000000	0.000000	0.000000	0.000000	0.000000	0.000000	0.000000	0	0.000000	0.000000
169	2026-09-25T05:32:12.668965466Z	169014	loop3	0.000000	0.000000	0.000000	0.000000	0.000000	0.000000	0.000000	0.000000	0.000000	0.000000	0.000000	0.000000	0.000000	0.000000	0.000000	0.000000	0.000000	0	0.000000	0.000000
169	2026-09-25T05:32:12.668965466Z	169014	loop4	0.000000	0.000000	0.000000	0.000000	0.000000	0.000000	0.000000	0.000000	0.000000	0.000000	0.000000	0.000000	0.000000	0.000000	0.000000	0.000000	0.000000	0	0.000000	0.000000
169	2026-09-25T05:32:12.668965466Z	169014	loop5	0.000000	0.000000	0.000000	0.000000	0.000000	0.000000	0.000000	0.000000	0.000000	0.000000	0.000000	0.000000	0.000000	0.000000	0.000000	0.000000	0.000000	0	0.000000	0.000000
169	2026-09-25T05:32:12.668965466Z	169014	loop6	0.000000	0.000000	0.000000	0.000000	0.000000	0.000000	0.000000	0.000000	0.000000	0.000000	0.000000	0.000000	0.000000	0.000000	0.000000	0.000000	0.000000	0	0.000000	0.000000
169	2026-09-25T05:32:12.668965466Z	169014	loop7	0.000000	0.000000	0.000000	0.000000	0.000000	0.000000	0.000000	0.000000	0.000000	0.000000	0.000000	0.000000	0.000000	0.000000	0.000000	0.000000	0.000000	0	0.000000	0.000000
169	2026-09-25T05:32:12.668965466Z	169014	nvme0n1	0.000000	0.000000	0.000000	0.000000	0.000000	0.000000	0.000000	0.000000	0.000000	0.000000	0.000000	0.000000	0.000000	0.000000	0.000000	0.000000	0.000000	0	0.000000	0.000000
170	2026-09-25T05:32:13.668955981Z	170014	loop0	0.000000	0.000000	0.000000	0.000000	0.000000	0.000000	0.000000	0.000000	0.000000	0.000000	0.000000	0.000000	0.000000	0.000000	0.000000	0.000000	0.000000	0	0.000000	0.000000
170	2026-09-25T05:32:13.668955981Z	170014	loop1	0.000000	0.000000	0.000000	0.000000	0.000000	0.000000	0.000000	0.000000	0.000000	0.000000	0.000000	0.000000	0.000000	0.000000	0.000000	0.000000	0.000000	0	0.000000	0.000000
170	2026-09-25T05:32:13.668955981Z	170014	loop2	0.000000	0.000000	0.000000	0.000000	0.000000	0.000000	0.000000	0.000000	0.000000	0.000000	0.000000	0.000000	0.000000	0.000000	0.000000	0.000000	0.000000	0	0.000000	0.000000
170	2026-09-25T05:32:13.668955981Z	170014	loop3	0.000000	0.000000	0.000000	0.000000	0.000000	0.000000	0.000000	0.000000	0.000000	0.000000	0.000000	0.000000	0.000000	0.000000	0.000000	0.000000	0.000000	0	0.000000	0.000000
170	2026-09-25T05:32:13.668955981Z	170014	loop4	0.000000	0.000000	0.000000	0.000000	0.000000	0.000000	0.000000	0.000000	0.000000	0.000000	0.000000	0.000000	0.000000	0.000000	0.000000	0.000000	0.000000	0	0.000000	0.000000
170	2026-09-25T05:32:13.668955981Z	170014	loop5	0.000000	0.000000	0.000000	0.000000	0.000000	0.000000	0.000000	0.000000	0.000000	0.000000	0.000000	0.000000	0.000000	0.000000	0.000000	0.000000	0.000000	0	0.000000	0.000000
170	2026-09-25T05:32:13.668955981Z	170014	loop6	0.000000	0.000000	0.000000	0.000000	0.000000	0.000000	0.000000	0.000000	0.000000	0.000000	0.000000	0.000000	0.000000	0.000000	0.000000	0.000000	0.000000	0	0.000000	0.000000
170	2026-09-25T05:32:13.668955981Z	170014	loop7	0.000000	0.000000	0.000000	0.000000	0.000000	0.000000	0.000000	0.000000	0.000000	0.000000	0.000000	0.000000	0.000000	0.000000	0.000000	0.000000	0.000000	0	0.000000	0.000000
170	2026-09-25T05:32:13.668955981Z	170014	nvme0n1	0.000000	7.000066	0.000000	0.000000	0.000000	4.000038	0.000000	0.000000	53248.504423	0.000000	0.000000	0.714286	0.000000	0.000000	0.000000	7606.857143	0.000000	0	0.400004	0.005000
171	2026-09-25T05:32:14.669182239Z	171014	loop0	0.000000	0.000000	0.000000	0.000000	0.000000	0.000000	0.000000	0.000000	0.000000	0.000000	0.000000	0.000000	0.000000	0.000000	0.000000	0.000000	0.000000	0	0.000000	0.000000
171	2026-09-25T05:32:14.669182239Z	171014	loop1	0.000000	0.000000	0.000000	0.000000	0.000000	0.000000	0.000000	0.000000	0.000000	0.000000	0.000000	0.000000	0.000000	0.000000	0.000000	0.000000	0.000000	0	0.000000	0.000000
171	2026-09-25T05:32:14.669182239Z	171014	loop2	0.000000	0.000000	0.000000	0.000000	0.000000	0.000000	0.000000	0.000000	0.000000	0.000000	0.000000	0.000000	0.000000	0.000000	0.000000	0.000000	0.000000	0	0.000000	0.000000
171	2026-09-25T05:32:14.669182239Z	171014	loop3	0.000000	0.000000	0.000000	0.000000	0.000000	0.000000	0.000000	0.000000	0.000000	0.000000	0.000000	0.000000	0.000000	0.000000	0.000000	0.000000	0.000000	0	0.000000	0.000000
171	2026-09-25T05:32:14.669182239Z	171014	loop4	0.000000	0.000000	0.000000	0.000000	0.000000	0.000000	0.000000	0.000000	0.000000	0.000000	0.000000	0.000000	0.000000	0.000000	0.000000	0.000000	0.000000	0	0.000000	0.000000
171	2026-09-25T05:32:14.669182239Z	171014	loop5	0.000000	0.000000	0.000000	0.000000	0.000000	0.000000	0.000000	0.000000	0.000000	0.000000	0.000000	0.000000	0.000000	0.000000	0.000000	0.000000	0.000000	0	0.000000	0.000000
171	2026-09-25T05:32:14.669182239Z	171014	loop6	0.000000	0.000000	0.000000	0.000000	0.000000	0.000000	0.000000	0.000000	0.000000	0.000000	0.000000	0.000000	0.000000	0.000000	0.000000	0.000000	0.000000	0	0.000000	0.000000
171	2026-09-25T05:32:14.669182239Z	171014	loop7	0.000000	0.000000	0.000000	0.000000	0.000000	0.000000	0.000000	0.000000	0.000000	0.000000	0.000000	0.000000	0.000000	0.000000	0.000000	0.000000	0.000000	0	0.000000	0.000000
171	2026-09-25T05:32:14.669182239Z	171014	nvme0n1	0.000000	0.000000	0.000000	0.000000	0.000000	0.000000	0.000000	0.000000	0.000000	0.000000	0.000000	0.000000	0.000000	0.000000	0.000000	0.000000	0.000000	0	0.000000	0.000000
172	2026-09-25T05:32:15.669229942Z	172014	loop0	0.000000	0.000000	0.000000	0.000000	0.000000	0.000000	0.000000	0.000000	0.000000	0.000000	0.000000	0.000000	0.000000	0.000000	0.000000	0.000000	0.000000	0	0.000000	0.000000
172	2026-09-25T05:32:15.669229942Z	172014	loop1	0.000000	0.000000	0.000000	0.000000	0.000000	0.000000	0.000000	0.000000	0.000000	0.000000	0.000000	0.000000	0.000000	0.000000	0.000000	0.000000	0.000000	0	0.000000	0.000000
172	2026-09-25T05:32:15.669229942Z	172014	loop2	0.000000	0.000000	0.000000	0.000000	0.000000	0.000000	0.000000	0.000000	0.000000	0.000000	0.000000	0.000000	0.000000	0.000000	0.000000	0.000000	0.000000	0	0.000000	0.000000
172	2026-09-25T05:32:15.669229942Z	172014	loop3	0.000000	0.000000	0.000000	0.000000	0.000000	0.000000	0.000000	0.000000	0.000000	0.000000	0.000000	0.000000	0.000000	0.000000	0.000000	0.000000	0.000000	0	0.000000	0.000000
172	2026-09-25T05:32:15.669229942Z	172014	loop4	0.000000	0.000000	0.000000	0.000000	0.000000	0.000000	0.000000	0.000000	0.000000	0.000000	0.000000	0.000000	0.000000	0.000000	0.000000	0.000000	0.000000	0	0.000000	0.000000
172	2026-09-25T05:32:15.669229942Z	172014	loop5	0.000000	0.000000	0.000000	0.000000	0.000000	0.000000	0.000000	0.000000	0.000000	0.000000	0.000000	0.000000	0.000000	0.000000	0.000000	0.000000	0.000000	0	0.000000	0.000000
172	2026-09-25T05:32:15.669229942Z	172014	loop6	0.000000	0.000000	0.000000	0.000000	0.000000	0.000000	0.000000	0.000000	0.000000	0.000000	0.000000	0.000000	0.000000	0.000000	0.000000	0.000000	0.000000	0	0.000000	0.000000
172	2026-09-25T05:32:15.669229942Z	172014	loop7	0.000000	0.000000	0.000000	0.000000	0.000000	0.000000	0.000000	0.000000	0.000000	0.000000	0.000000	0.000000	0.000000	0.000000	0.000000	0.000000	0.000000	0	0.000000	0.000000
172	2026-09-25T05:32:15.669229942Z	172014	nvme0n1	0.000000	0.000000	0.000000	0.000000	0.000000	0.000000	0.000000	0.000000	0.000000	0.000000	0.000000	0.000000	0.000000	0.000000	0.000000	0.000000	0.000000	0	0.000000	0.000000
173	2026-09-25T05:32:16.669674451Z	173014	loop0	0.000000	0.000000	0.000000	0.000000	0.000000	0.000000	0.000000	0.000000	0.000000	0.000000	0.000000	0.000000	0.000000	0.000000	0.000000	0.000000	0.000000	0	0.000000	0.000000
173	2026-09-25T05:32:16.669674451Z	173014	loop1	0.000000	0.000000	0.000000	0.000000	0.000000	0.000000	0.000000	0.000000	0.000000	0.000000	0.000000	0.000000	0.000000	0.000000	0.000000	0.000000	0.000000	0	0.000000	0.000000
173	2026-09-25T05:32:16.669674451Z	173014	loop2	0.000000	0.000000	0.000000	0.000000	0.000000	0.000000	0.000000	0.000000	0.000000	0.000000	0.000000	0.000000	0.000000	0.000000	0.000000	0.000000	0.000000	0	0.000000	0.000000
173	2026-09-25T05:32:16.669674451Z	173014	loop3	0.000000	0.000000	0.000000	0.000000	0.000000	0.000000	0.000000	0.000000	0.000000	0.000000	0.000000	0.000000	0.000000	0.000000	0.000000	0.000000	0.000000	0	0.000000	0.000000
173	2026-09-25T05:32:16.669674451Z	173014	loop4	0.000000	0.000000	0.000000	0.000000	0.000000	0.000000	0.000000	0.000000	0.000000	0.000000	0.000000	0.000000	0.000000	0.000000	0.000000	0.000000	0.000000	0	0.000000	0.000000
173	2026-09-25T05:32:16.669674451Z	173014	loop5	0.000000	0.000000	0.000000	0.000000	0.000000	0.000000	0.000000	0.000000	0.000000	0.000000	0.000000	0.000000	0.000000	0.000000	0.000000	0.000000	0.000000	0	0.000000	0.000000
173	2026-09-25T05:32:16.669674451Z	173014	loop6	0.000000	0.000000	0.000000	0.000000	0.000000	0.000000	0.000000	0.000000	0.000000	0.000000	0.000000	0.000000	0.000000	0.000000	0.000000	0.000000	0.000000	0	0.000000	0.000000
173	2026-09-25T05:32:16.669674451Z	173014	loop7	0.000000	0.000000	0.000000	0.000000	0.000000	0.000000	0.000000	0.000000	0.000000	0.000000	0.000000	0.000000	0.000000	0.000000	0.000000	0.000000	0.000000	0	0.000000	0.000000
173	2026-09-25T05:32:16.669674451Z	173014	nvme0n1	0.000000	1.999111	0.000000	0.000000	0.000000	14.993335	0.000000	0.000000	69601.062189	0.000000	0.000000	0.500000	0.000000	0.000000	0.000000	34816.000000	0.000000	0	0.399822	0.001000
174	2026-09-25T05:32:17.668955038Z	174014	loop0	0.000000	0.000000	0.000000	0.000000	0.000000	0.000000	0.000000	0.000000	0.000000	0.000000	0.000000	0.000000	0.000000	0.000000	0.000000	0.000000	0.000000	0	0.000000	0.000000
174	2026-09-25T05:32:17.668955038Z	174014	loop1	0.000000	0.000000	0.000000	0.000000	0.000000	0.000000	0.000000	0.000000	0.000000	0.000000	0.000000	0.000000	0.000000	0.000000	0.000000	0.000000	0.000000	0	0.000000	0.000000
174	2026-09-25T05:32:17.668955038Z	174014	loop2	0.000000	0.000000	0.000000	0.000000	0.000000	0.000000	0.000000	0.000000	0.000000	0.000000	0.000000	0.000000	0.000000	0.000000	0.000000	0.000000	0.000000	0	0.000000	0.000000
174	2026-09-25T05:32:17.668955038Z	174014	loop3	0.000000	0.000000	0.000000	0.000000	0.000000	0.000000	0.000000	0.000000	0.000000	0.000000	0.000000	0.000000	0.000000	0.000000	0.000000	0.000000	0.000000	0	0.000000	0.000000
174	2026-09-25T05:32:17.668955038Z	174014	loop4	0.000000	0.000000	0.000000	0.000000	0.000000	0.000000	0.000000	0.000000	0.000000	0.000000	0.000000	0.000000	0.000000	0.000000	0.000000	0.000000	0.000000	0	0.000000	0.000000
174	2026-09-25T05:32:17.668955038Z	174014	loop5	0.000000	0.000000	0.000000	0.000000	0.000000	0.000000	0.000000	0.000000	0.000000	0.000000	0.000000	0.000000	0.000000	0.000000	0.000000	0.000000	0.000000	0	0.000000	0.000000
174	2026-09-25T05:32:17.668955038Z	174014	loop6	0.000000	0.000000	0.000000	0.000000	0.000000	0.000000	0.000000	0.000000	0.000000	0.000000	0.000000	0.000000	0.000000	0.000000	0.000000	0.000000	0.000000	0	0.000000	0.000000
174	2026-09-25T05:32:17.668955038Z	174014	loop7	0.000000	0.000000	0.000000	0.000000	0.000000	0.000000	0.000000	0.000000	0.000000	0.000000	0.000000	0.000000	0.000000	0.000000	0.000000	0.000000	0.000000	0	0.000000	0.000000
174	2026-09-25T05:32:17.668955038Z	174014	nvme0n1	9.006479	0.000000	0.000000	0.000000	0.000000	0.000000	0.000000	352509.600342	0.000000	0.000000	0.777778	0.000000	0.000000	0.000000	39139.555556	0.000000	0.000000	0	0.400288	0.007005
175	2026-09-25T05:32:18.668963505Z	175014	loop0	0.000000	0.000000	0.000000	0.000000	0.000000	0.000000	0.000000	0.000000	0.000000	0.000000	0.000000	0.000000	0.000000	0.000000	0.000000	0.000000	0.000000	0	0.000000	0.000000
175	2026-09-25T05:32:18.668963505Z	175014	loop1	0.000000	0.000000	0.000000	0.000000	0.000000	0.000000	0.000000	0.000000	0.000000	0.000000	0.000000	0.000000	0.000000	0.000000	0.000000	0.000000	0.000000	0	0.000000	0.000000
175	2026-09-25T05:32:18.668963505Z	175014	loop2	0.000000	0.000000	0.000000	0.000000	0.000000	0.000000	0.000000	0.000000	0.000000	0.000000	0.000000	0.000000	0.000000	0.000000	0.000000	0.000000	0.000000	0	0.000000	0.000000
175	2026-09-25T05:32:18.668963505Z	175014	loop3	0.000000	0.000000	0.000000	0.000000	0.000000	0.000000	0.000000	0.000000	0.000000	0.000000	0.000000	0.000000	0.000000	0.000000	0.000000	0.000000	0.000000	0	0.000000	0.000000
175	2026-09-25T05:32:18.668963505Z	175014	loop4	0.000000	0.000000	0.000000	0.000000	0.000000	0.000000	0.000000	0.000000	0.000000	0.000000	0.000000	0.000000	0.000000	0.000000	0.000000	0.000000	0.000000	0	0.000000	0.000000
175	2026-09-25T05:32:18.668963505Z	175014	loop5	0.000000	0.000000	0.000000	0.000000	0.000000	0.000000	0.000000	0.000000	0.000000	0.000000	0.000000	0.000000	0.000000	0.000000	0.000000	0.000000	0.000000	0	0.000000	0.000000
175	2026-09-25T05:32:18.668963505Z	175014	loop6	0.000000	0.000000	0.000000	0.000000	0.000000	0.000000	0.000000	0.000000	0.000000	0.000000	0.000000	0.000000	0.000000	0.000000	0.000000	0.000000	0.000000	0	0.000000	0.000000
175	2026-09-25T05:32:18.668963505Z	175014	loop7	0.000000	0.000000	0.000000	0.000000	0.000000	0.000000	0.000000	0.000000	0.000000	0.000000	0.000000	0.000000	0.000000	0.000000	0.000000	0.000000	0.000000	0	0.000000	0.000000
175	2026-09-25T05:32:18.668963505Z	175014	nvme0n1	0.000000	5.999949	0.000000	0.000000	0.000000	3.999966	0.000000	0.000000	49151.583686	0.000000	0.000000	0.500000	0.000000	0.000000	0.000000	8192.000000	0.000000	0	0.399997	0.003000
176	2026-09-25T05:32:19.669276706Z	176014	loop0	0.000000	0.000000	0.000000	0.000000	0.000000	0.000000	0.000000	0.000000	0.000000	0.000000	0.000000	0.000000	0.000000	0.000000	0.000000	0.000000	0.000000	0	0.000000	0.000000
176	2026-09-25T05:32:19.669276706Z	176014	loop1	0.000000	0.000000	0.000000	0.000000	0.000000	0.000000	0.000000	0.000000	0.000000	0.000000	0.000000	0.000000	0.000000	0.000000	0.000000	0.000000	0.000000	0	0.000000	0.000000
176	2026-09-25T05:32:19.669276706Z	176014	loop2	0.000000	0.000000	0.000000	0.000000	0.000000	0.000000	0.000000	0.000000	0.000000	0.000000	0.000000	0.000000	0.000000	0.000000	0.000000	0.000000	0.000000	0	0.000000	0.000000
176	2026-09-25T05:32:19.669276706Z	176014	loop3	0.000000	0.000000	0.000000	0.000000	0.000000	0.000000	0.000000	0.000000	0.000000	0.000000	0.000000	0.000000	0.000000	0.000000	0.000000	0.000000	0.000000	0	0.000000	0.000000
176	2026-09-25T05:32:19.669276706Z	176014	loop4	0.000000	0.000000	0.000000	0.000000	0.000000	0.000000	0.000000	0.000000	0.000000	0.000000	0.000000	0.000000	0.000000	0.000000	0.000000	0.000000	0.000000	0	0.000000	0.000000
176	2026-09-25T05:32:19.669276706Z	176014	loop5	0.000000	0.000000	0.000000	0.000000	0.000000	0.000000	0.000000	0.000000	0.000000	0.000000	0.000000	0.000000	0.000000	0.000000	0.000000	0.000000	0.000000	0	0.000000	0.000000
176	2026-09-25T05:32:19.669276706Z	176014	loop6	0.000000	0.000000	0.000000	0.000000	0.000000	0.000000	0.000000	0.000000	0.000000	0.000000	0.000000	0.000000	0.000000	0.000000	0.000000	0.000000	0.000000	0	0.000000	0.000000
176	2026-09-25T05:32:19.669276706Z	176014	loop7	0.000000	0.000000	0.000000	0.000000	0.000000	0.000000	0.000000	0.000000	0.000000	0.000000	0.000000	0.000000	0.000000	0.000000	0.000000	0.000000	0.000000	0	0.000000	0.000000
176	2026-09-25T05:32:19.669276706Z	176014	nvme0n1	0.000000	0.000000	0.000000	0.000000	0.000000	0.000000	0.000000	0.000000	0.000000	0.000000	0.000000	0.000000	0.000000	0.000000	0.000000	0.000000	0.000000	0	0.000000	0.000000
177	2026-09-25T05:32:20.668954623Z	177014	loop0	0.000000	0.000000	0.000000	0.000000	0.000000	0.000000	0.000000	0.000000	0.000000	0.000000	0.000000	0.000000	0.000000	0.000000	0.000000	0.000000	0.000000	0	0.000000	0.000000
177	2026-09-25T05:32:20.668954623Z	177014	loop1	0.000000	0.000000	0.000000	0.000000	0.000000	0.000000	0.000000	0.000000	0.000000	0.000000	0.000000	0.000000	0.000000	0.000000	0.000000	0.000000	0.000000	0	0.000000	0.000000
177	2026-09-25T05:32:20.668954623Z	177014	loop2	0.000000	0.000000	0.000000	0.000000	0.000000	0.000000	0.000000	0.000000	0.000000	0.000000	0.000000	0.000000	0.000000	0.000000	0.000000	0.000000	0.000000	0	0.000000	0.000000
177	2026-09-25T05:32:20.668954623Z	177014	loop3	0.000000	0.000000	0.000000	0.000000	0.000000	0.000000	0.000000	0.000000	0.000000	0.000000	0.000000	0.000000	0.000000	0.000000	0.000000	0.000000	0.000000	0	0.000000	0.000000
177	2026-09-25T05:32:20.668954623Z	177014	loop4	0.000000	0.000000	0.000000	0.000000	0.000000	0.000000	0.000000	0.000000	0.000000	0.000000	0.000000	0.000000	0.000000	0.000000	0.000000	0.000000	0.000000	0	0.000000	0.000000
177	2026-09-25T05:32:20.668954623Z	177014	loop5	0.000000	0.000000	0.000000	0.000000	0.000000	0.000000	0.000000	0.000000	0.000000	0.000000	0.000000	0.000000	0.000000	0.000000	0.000000	0.000000	0.000000	0	0.000000	0.000000
177	2026-09-25T05:32:20.668954623Z	177014	loop6	0.000000	0.000000	0.000000	0.000000	0.000000	0.000000	0.000000	0.000000	0.000000	0.000000	0.000000	0.000000	0.000000	0.000000	0.000000	0.000000	0.000000	0	0.000000	0.000000
177	2026-09-25T05:32:20.668954623Z	177014	loop7	0.000000	0.000000	0.000000	0.000000	0.000000	0.000000	0.000000	0.000000	0.000000	0.000000	0.000000	0.000000	0.000000	0.000000	0.000000	0.000000	0.000000	0	0.000000	0.000000
177	2026-09-25T05:32:20.668954623Z	177014	nvme0n1	0.000000	25.008055	0.000000	0.000000	0.000000	1.000322	0.000000	0.000000	110627.631058	0.000000	0.000000	0.560000	0.000000	0.000000	0.000000	4423.680000	0.000000	0	0.400129	0.014005
178	2026-09-25T05:32:21.669211773Z	178014	loop0	0.000000	0.000000	0.000000	0.000000	0.000000	0.000000	0.000000	0.000000	0.000000	0.000000	0.000000	0.000000	0.000000	0.000000	0.000000	0.000000	0.000000	0	0.000000	0.000000
178	2026-09-25T05:32:21.669211773Z	178014	loop1	0.000000	0.000000	0.000000	0.000000	0.000000	0.000000	0.000000	0.000000	0.000000	0.000000	0.000000	0.000000	0.000000	0.000000	0.000000	0.000000	0.000000	0	0.000000	0.000000
178	2026-09-25T05:32:21.669211773Z	178014	loop2	0.000000	0.000000	0.000000	0.000000	0.000000	0.000000	0.000000	0.000000	0.000000	0.000000	0.000000	0.000000	0.000000	0.000000	0.000000	0.000000	0.000000	0	0.000000	0.000000
178	2026-09-25T05:32:21.669211773Z	178014	loop3	0.000000	0.000000	0.000000	0.000000	0.000000	0.000000	0.000000	0.000000	0.000000	0.000000	0.000000	0.000000	0.000000	0.000000	0.000000	0.000000	0.000000	0	0.000000	0.000000
178	2026-09-25T05:32:21.669211773Z	178014	loop4	0.000000	0.000000	0.000000	0.000000	0.000000	0.000000	0.000000	0.000000	0.000000	0.000000	0.000000	0.000000	0.000000	0.000000	0.000000	0.000000	0.000000	0	0.000000	0.000000
178	2026-09-25T05:32:21.669211773Z	178014	loop5	0.000000	0.000000	0.000000	0.000000	0.000000	0.000000	0.000000	0.000000	0.000000	0.000000	0.000000	0.000000	0.000000	0.000000	0.000000	0.000000	0.000000	0	0.000000	0.000000
178	2026-09-25T05:32:21.669211773Z	178014	loop6	0.000000	0.000000	0.000000	0.000000	0.000000	0.000000	0.000000	0.000000	0.000000	0.000000	0.000000	0.000000	0.000000	0.000000	0.000000	0.000000	0.000000	0	0.000000	0.000000
178	2026-09-25T05:32:21.669211773Z	178014	loop7	0.000000	0.000000	0.000000	0.000000	0.000000	0.000000	0.000000	0.000000	0.000000	0.000000	0.000000	0.000000	0.000000	0.000000	0.000000	0.000000	0.000000	0	0.000000	0.000000
178	2026-09-25T05:32:21.669211773Z	178014	nvme0n1	0.000000	1.999486	0.000000	0.000000	0.000000	10.997172	0.000000	0.000000	53234.310850	0.000000	0.000000	0.500000	0.000000	0.000000	0.000000	26624.000000	0.000000	0	0.399897	0.001000
179	2026-09-25T05:32:22.669276368Z	179014	loop0	0.000000	0.000000	0.000000	0.000000	0.000000	0.000000	0.000000	0.000000	0.000000	0.000000	0.000000	0.000000	0.000000	0.000000	0.000000	0.000000	0.000000	0	0.000000	0.000000
179	2026-09-25T05:32:22.669276368Z	179014	loop1	0.000000	0.000000	0.000000	0.000000	0.000000	0.000000	0.000000	0.000000	0.000000	0.000000	0.000000	0.000000	0.000000	0.000000	0.000000	0.000000	0.000000	0	0.000000	0.000000
179	2026-09-25T05:32:22.669276368Z	179014	loop2	0.000000	0.000000	0.000000	0.000000	0.000000	0.000000	0.000000	0.000000	0.000000	0.000000	0.000000	0.000000	0.000000	0.000000	0.000000	0.000000	0.000000	0	0.000000	0.000000
179	2026-09-25T05:32:22.669276368Z	179014	loop3	0.000000	0.000000	0.000000	0.000000	0.000000	0.000000	0.000000	0.000000	0.000000	0.000000	0.000000	0.000000	0.000000	0.000000	0.000000	0.000000	0.000000	0	0.000000	0.000000
179	2026-09-25T05:32:22.669276368Z	179014	loop4	0.000000	0.000000	0.000000	0.000000	0.000000	0.000000	0.000000	0.000000	0.000000	0.000000	0.000000	0.000000	0.000000	0.000000	0.000000	0.000000	0.000000	0	0.000000	0.000000
179	2026-09-25T05:32:22.669276368Z	179014	loop5	0.000000	0.000000	0.000000	0.000000	0.000000	0.000000	0.000000	0.000000	0.000000	0.000000	0.000000	0.000000	0.000000	0.000000	0.000000	0.000000	0.000000	0	0.000000	0.000000
179	2026-09-25T05:32:22.669276368Z	179014	loop6	0.000000	0.000000	0.000000	0.000000	0.000000	0.000000	0.000000	0.000000	0.000000	0.000000	0.000000	0.000000	0.000000	0.000000	0.000000	0.000000	0.000000	0	0.000000	0.000000
179	2026-09-25T05:32:22.669276368Z	179014	loop7	0.000000	0.000000	0.000000	0.000000	0.000000	0.000000	0.000000	0.000000	0.000000	0.000000	0.000000	0.000000	0.000000	0.000000	0.000000	0.000000	0.000000	0	0.000000	0.000000
179	2026-09-25T05:32:22.669276368Z	179014	nvme0n1	0.000000	0.000000	0.000000	0.000000	0.000000	0.000000	0.000000	0.000000	0.000000	0.000000	0.000000	0.000000	0.000000	0.000000	0.000000	0.000000	0.000000	0	0.000000	0.000000
180	2026-09-25T05:32:23.668957719Z	180014	loop0	0.000000	0.000000	0.000000	0.000000	0.000000	0.000000	0.000000	0.000000	0.000000	0.000000	0.000000	0.000000	0.000000	0.000000	0.000000	0.000000	0.000000	0	0.000000	0.000000
180	2026-09-25T05:32:23.668957719Z	180014	loop1	0.000000	0.000000	0.000000	0.000000	0.000000	0.000000	0.000000	0.000000	0.000000	0.000000	0.000000	0.000000	0.000000	0.000000	0.000000	0.000000	0.000000	0	0.000000	0.000000
180	2026-09-25T05:32:23.668957719Z	180014	loop2	0.000000	0.000000	0.000000	0.000000	0.000000	0.000000	0.000000	0.000000	0.000000	0.000000	0.000000	0.000000	0.000000	0.000000	0.000000	0.000000	0.000000	0	0.000000	0.000000
180	2026-09-25T05:32:23.668957719Z	180014	loop3	0.000000	0.000000	0.000000	0.000000	0.000000	0.000000	0.000000	0.000000	0.000000	0.000000	0.000000	0.000000	0.000000	0.000000	0.000000	0.000000	0.000000	0	0.000000	0.000000
180	2026-09-25T05:32:23.668957719Z	180014	loop4	0.000000	0.000000	0.000000	0.000000	0.000000	0.000000	0.000000	0.000000	0.000000	0.000000	0.000000	0.000000	0.000000	0.000000	0.000000	0.000000	0.000000	0	0.000000	0.000000
180	2026-09-25T05:32:23.668957719Z	180014	loop5	0.000000	0.000000	0.000000	0.000000	0.000000	0.000000	0.000000	0.000000	0.000000	0.000000	0.000000	0.000000	0.000000	0.000000	0.000000	0.000000	0.000000	0	0.000000	0.000000
180	2026-09-25T05:32:23.668957719Z	180014	loop6	0.000000	0.000000	0.000000	0.000000	0.000000	0.000000	0.000000	0.000000	0.000000	0.000000	0.000000	0.000000	0.000000	0.000000	0.000000	0.000000	0.000000	0	0.000000	0.000000
180	2026-09-25T05:32:23.668957719Z	180014	loop7	0.000000	0.000000	0.000000	0.000000	0.000000	0.000000	0.000000	0.000000	0.000000	0.000000	0.000000	0.000000	0.000000	0.000000	0.000000	0.000000	0.000000	0	0.000000	0.000000
180	2026-09-25T05:32:23.668957719Z	180014	nvme0n1	0.000000	0.000000	0.000000	0.000000	0.000000	0.000000	0.000000	0.000000	0.000000	0.000000	0.000000	0.000000	0.000000	0.000000	0.000000	0.000000	0.000000	0	0.000000	0.000000
181	2026-09-25T05:32:24.668955748Z	181014	loop0	0.000000	0.000000	0.000000	0.000000	0.000000	0.000000	0.000000	0.000000	0.000000	0.000000	0.000000	0.000000	0.000000	0.000000	0.000000	0.000000	0.000000	0	0.000000	0.000000
181	2026-09-25T05:32:24.668955748Z	181014	loop1	0.000000	0.000000	0.000000	0.000000	0.000000	0.000000	0.000000	0.000000	0.000000	0.000000	0.000000	0.000000	0.000000	0.000000	0.000000	0.000000	0.000000	0	0.000000	0.000000
181	2026-09-25T05:32:24.668955748Z	181014	loop2	0.000000	0.000000	0.000000	0.000000	0.000000	0.000000	0.000000	0.000000	0.000000	0.000000	0.000000	0.000000	0.000000	0.000000	0.000000	0.000000	0.000000	0	0.000000	0.000000
181	2026-09-25T05:32:24.668955748Z	181014	loop3	0.000000	0.000000	0.000000	0.000000	0.000000	0.000000	0.000000	0.000000	0.000000	0.000000	0.000000	0.000000	0.000000	0.000000	0.000000	0.000000	0.000000	0	0.000000	0.000000
181	2026-09-25T05:32:24.668955748Z	181014	loop4	0.000000	0.000000	0.000000	0.000000	0.000000	0.000000	0.000000	0.000000	0.000000	0.000000	0.000000	0.000000	0.000000	0.000000	0.000000	0.000000	0.000000	0	0.000000	0.000000
181	2026-09-25T05:32:24.668955748Z	181014	loop5	0.000000	0.000000	0.000000	0.000000	0.000000	0.000000	0.000000	0.000000	0.000000	0.000000	0.000000	0.000000	0.000000	0.000000	0.000000	0.000000	0.000000	0	0.000000	0.000000
181	2026-09-25T05:32:24.668955748Z	181014	loop6	0.000000	0.000000	0.000000	0.000000	0.000000	0.000000	0.000000	0.000000	0.000000	0.000000	0.000000	0.000000	0.000000	0.000000	0.000000	0.000000	0.000000	0	0.000000	0.000000
181	2026-09-25T05:32:24.668955748Z	181014	loop7	0.000000	0.000000	0.000000	0.000000	0.000000	0.000000	0.000000	0.000000	0.000000	0.000000	0.000000	0.000000	0.000000	0.000000	0.000000	0.000000	0.000000	0	0.000000	0.000000
181	2026-09-25T05:32:24.668955748Z	181014	nvme0n1	0.000000	6.000012	0.000000	0.000000	0.000000	4.000008	0.000000	0.000000	57344.112050	0.000000	0.000000	0.666667	0.000000	0.000000	0.000000	9557.333333	0.000000	0	0.400001	0.004000
182	2026-09-25T05:32:25.669219687Z	182014	loop0	0.000000	0.000000	0.000000	0.000000	0.000000	0.000000	0.000000	0.000000	0.000000	0.000000	0.000000	0.000000	0.000000	0.000000	0.000000	0.000000	0.000000	0	0.000000	0.000000
182	2026-09-25T05:32:25.669219687Z	182014	loop1	0.000000	0.000000	0.000000	0.000000	0.000000	0.000000	0.000000	0.000000	0.000000	0.000000	0.000000	0.000000	0.000000	0.000000	0.000000	0.000000	0.000000	0	0.000000	0.000000
182	2026-09-25T05:32:25.669219687Z	182014	loop2	0.000000	0.000000	0.000000	0.000000	0.000000	0.000000	0.000000	0.000000	0.000000	0.000000	0.000000	0.000000	0.000000	0.000000	0.000000	0.000000	0.000000	0	0.000000	0.000000
182	2026-09-25T05:32:25.669219687Z	182014	loop3	0.000000	0.000000	0.000000	0.000000	0.000000	0.000000	0.000000	0.000000	0.000000	0.000000	0.000000	0.000000	0.000000	0.000000	0.000000	0.000000	0.000000	0	0.000000	0.000000
182	2026-09-25T05:32:25.669219687Z	182014	loop4	0.000000	0.000000	0.000000	0.000000	0.000000	0.000000	0.000000	0.000000	0.000000	0.000000	0.000000	0.000000	0.000000	0.000000	0.000000	0.000000	0.000000	0	0.000000	0.000000
182	2026-09-25T05:32:25.669219687Z	182014	loop5	0.000000	0.000000	0.000000	0.000000	0.000000	0.000000	0.000000	0.000000	0.000000	0.000000	0.000000	0.000000	0.000000	0.000000	0.000000	0.000000	0.000000	0	0.000000	0.000000
182	2026-09-25T05:32:25.669219687Z	182014	loop6	0.000000	0.000000	0.000000	0.000000	0.000000	0.000000	0.000000	0.000000	0.000000	0.000000	0.000000	0.000000	0.000000	0.000000	0.000000	0.000000	0.000000	0	0.000000	0.000000
182	2026-09-25T05:32:25.669219687Z	182014	loop7	0.000000	0.000000	0.000000	0.000000	0.000000	0.000000	0.000000	0.000000	0.000000	0.000000	0.000000	0.000000	0.000000	0.000000	0.000000	0.000000	0.000000	0	0.000000	0.000000
182	2026-09-25T05:32:25.669219687Z	182014	nvme0n1	0.000000	0.000000	0.000000	0.000000	0.000000	0.000000	0.000000	0.000000	0.000000	0.000000	0.000000	0.000000	0.000000	0.000000	0.000000	0.000000	0.000000	0	0.000000	0.000000
183	2026-09-25T05:32:26.669631179Z	183014	loop0	0.000000	0.000000	0.000000	0.000000	0.000000	0.000000	0.000000	0.000000	0.000000	0.000000	0.000000	0.000000	0.000000	0.000000	0.000000	0.000000	0.000000	0	0.000000	0.000000
183	2026-09-25T05:32:26.669631179Z	183014	loop1	0.000000	0.000000	0.000000	0.000000	0.000000	0.000000	0.000000	0.000000	0.000000	0.000000	0.000000	0.000000	0.000000	0.000000	0.000000	0.000000	0.000000	0	0.000000	0.000000
183	2026-09-25T05:32:26.669631179Z	183014	loop2	0.000000	0.000000	0.000000	0.000000	0.000000	0.000000	0.000000	0.000000	0.000000	0.000000	0.000000	0.000000	0.000000	0.000000	0.000000	0.000000	0.000000	0	0.000000	0.000000
183	2026-09-25T05:32:26.669631179Z	183014	loop3	0.000000	0.000000	0.000000	0.000000	0.000000	0.000000	0.000000	0.000000	0.000000	0.000000	0.000000	0.000000	0.000000	0.000000	0.000000	0.000000	0.000000	0	0.000000	0.000000
183	2026-09-25T05:32:26.669631179Z	183014	loop4	0.000000	0.000000	0.000000	0.000000	0.000000	0.000000	0.000000	0.000000	0.000000	0.000000	0.000000	0.000000	0.000000	0.000000	0.000000	0.000000	0.000000	0	0.000000	0.000000
183	2026-09-25T05:32:26.669631179Z	183014	loop5	0.000000	0.000000	0.000000	0.000000	0.000000	0.000000	0.000000	0.000000	0.000000	0.000000	0.000000	0.000000	0.000000	0.000000	0.000000	0.000000	0.000000	0	0.000000	0.000000
183	2026-09-25T05:32:26.669631179Z	183014	loop6	0.000000	0.000000	0.000000	0.000000	0.000000	0.000000	0.000000	0.000000	0.000000	0.000000	0.000000	0.000000	0.000000	0.000000	0.000000	0.000000	0.000000	0	0.000000	0.000000
183	2026-09-25T05:32:26.669631179Z	183014	loop7	0.000000	0.000000	0.000000	0.000000	0.000000	0.000000	0.000000	0.000000	0.000000	0.000000	0.000000	0.000000	0.000000	0.000000	0.000000	0.000000	0.000000	0	0.000000	0.000000
183	2026-09-25T05:32:26.669631179Z	183014	nvme0n1	0.000000	2.998766	0.000000	0.000000	0.000000	11.995064	0.000000	0.000000	61414.729067	0.000000	0.000000	0.666667	0.000000	0.000000	0.000000	20480.000000	0.000000	0	0.799671	0.001000
184	2026-09-25T05:32:27.668954677Z	184014	loop0	0.000000	0.000000	0.000000	0.000000	0.000000	0.000000	0.000000	0.000000	0.000000	0.000000	0.000000	0.000000	0.000000	0.000000	0.000000	0.000000	0.000000	0	0.000000	0.000000
184	2026-09-25T05:32:27.668954677Z	184014	loop1	0.000000	0.000000	0.000000	0.000000	0.000000	0.000000	0.000000	0.000000	0.000000	0.000000	0.000000	0.000000	0.000000	0.000000	0.000000	0.000000	0.000000	0	0.000000	0.000000
184	2026-09-25T05:32:27.668954677Z	184014	loop2	0.000000	0.000000	0.000000	0.000000	0.000000	0.000000	0.000000	0.000000	0.000000	0.000000	0.000000	0.000000	0.000000	0.000000	0.000000	0.000000	0.000000	0	0.000000	0.000000
184	2026-09-25T05:32:27.668954677Z	184014	loop3	0.000000	0.000000	0.000000	0.000000	0.000000	0.000000	0.000000	0.000000	0.000000	0.000000	0.000000	0.000000	0.000000	0.000000	0.000000	0.000000	0.000000	0	0.000000	0.000000
184	2026-09-25T05:32:27.668954677Z	184014	loop4	0.000000	0.000000	0.000000	0.000000	0.000000	0.000000	0.000000	0.000000	0.000000	0.000000	0.000000	0.000000	0.000000	0.000000	0.000000	0.000000	0.000000	0	0.000000	0.000000
184	2026-09-25T05:32:27.668954677Z	184014	loop5	0.000000	0.000000	0.000000	0.000000	0.000000	0.000000	0.000000	0.000000	0.000000	0.000000	0.000000	0.000000	0.000000	0.000000	0.000000	0.000000	0.000000	0	0.000000	0.000000
184	2026-09-25T05:32:27.668954677Z	184014	loop6	0.000000	0.000000	0.000000	0.000000	0.000000	0.000000	0.000000	0.000000	0.000000	0.000000	0.000000	0.000000	0.000000	0.000000	0.000000	0.000000	0.000000	0	0.000000	0.000000
184	2026-09-25T05:32:27.668954677Z	184014	loop7	0.000000	0.000000	0.000000	0.000000	0.000000	0.000000	0.000000	0.000000	0.000000	0.000000	0.000000	0.000000	0.000000	0.000000	0.000000	0.000000	0.000000	0	0.000000	0.000000
184	2026-09-25T05:32:27.668954677Z	184014	nvme0n1	0.000000	0.000000	0.000000	0.000000	0.000000	0.000000	0.000000	0.000000	0.000000	0.000000	0.000000	0.000000	0.000000	0.000000	0.000000	0.000000	0.000000	0	0.000000	0.000000
185	2026-09-25T05:32:28.669279876Z	185014	loop0	0.000000	0.000000	0.000000	0.000000	0.000000	0.000000	0.000000	0.000000	0.000000	0.000000	0.000000	0.000000	0.000000	0.000000	0.000000	0.000000	0.000000	0	0.000000	0.000000
185	2026-09-25T05:32:28.669279876Z	185014	loop1	0.000000	0.000000	0.000000	0.000000	0.000000	0.000000	0.000000	0.000000	0.000000	0.000000	0.000000	0.000000	0.000000	0.000000	0.000000	0.000000	0.000000	0	0.000000	0.000000
185	2026-09-25T05:32:28.669279876Z	185014	loop2	0.000000	0.000000	0.000000	0.000000	0.000000	0.000000	0.000000	0.000000	0.000000	0.000000	0.000000	0.000000	0.000000	0.000000	0.000000	0.000000	0.000000	0	0.000000	0.000000
185	2026-09-25T05:32:28.669279876Z	185014	loop3	0.000000	0.000000	0.000000	0.000000	0.000000	0.000000	0.000000	0.000000	0.000000	0.000000	0.000000	0.000000	0.000000	0.000000	0.000000	0.000000	0.000000	0	0.000000	0.000000
185	2026-09-25T05:32:28.669279876Z	185014	loop4	0.000000	0.000000	0.000000	0.000000	0.000000	0.000000	0.000000	0.000000	0.000000	0.000000	0.000000	0.000000	0.000000	0.000000	0.000000	0.000000	0.000000	0	0.000000	0.000000
185	2026-09-25T05:32:28.669279876Z	185014	loop5	0.000000	0.000000	0.000000	0.000000	0.000000	0.000000	0.000000	0.000000	0.000000	0.000000	0.000000	0.000000	0.000000	0.000000	0.000000	0.000000	0.000000	0	0.000000	0.000000
185	2026-09-25T05:32:28.669279876Z	185014	loop6	0.000000	0.000000	0.000000	0.000000	0.000000	0.000000	0.000000	0.000000	0.000000	0.000000	0.000000	0.000000	0.000000	0.000000	0.000000	0.000000	0.000000	0	0.000000	0.000000
185	2026-09-25T05:32:28.669279876Z	185014	loop7	0.000000	0.000000	0.000000	0.000000	0.000000	0.000000	0.000000	0.000000	0.000000	0.000000	0.000000	0.000000	0.000000	0.000000	0.000000	0.000000	0.000000	0	0.000000	0.000000
185	2026-09-25T05:32:28.669279876Z	185014	nvme0n1	0.000000	0.000000	0.000000	0.000000	0.000000	0.000000	0.000000	0.000000	0.000000	0.000000	0.000000	0.000000	0.000000	0.000000	0.000000	0.000000	0.000000	0	0.000000	0.000000
186	2026-09-25T05:32:29.668962825Z	186014	loop0	0.000000	0.000000	0.000000	0.000000	0.000000	0.000000	0.000000	0.000000	0.000000	0.000000	0.000000	0.000000	0.000000	0.000000	0.000000	0.000000	0.000000	0	0.000000	0.000000
186	2026-09-25T05:32:29.668962825Z	186014	loop1	0.000000	0.000000	0.000000	0.000000	0.000000	0.000000	0.000000	0.000000	0.000000	0.000000	0.000000	0.000000	0.000000	0.000000	0.000000	0.000000	0.000000	0	0.000000	0.000000
186	2026-09-25T05:32:29.668962825Z	186014	loop2	0.000000	0.000000	0.000000	0.000000	0.000000	0.000000	0.000000	0.000000	0.000000	0.000000	0.000000	0.000000	0.000000	0.000000	0.000000	0.000000	0.000000	0	0.000000	0.000000
186	2026-09-25T05:32:29.668962825Z	186014	loop3	0.000000	0.000000	0.000000	0.000000	0.000000	0.000000	0.000000	0.000000	0.000000	0.000000	0.000000	0.000000	0.000000	0.000000	0.000000	0.000000	0.000000	0	0.000000	0.000000
186	2026-09-25T05:32:29.668962825Z	186014	loop4	0.000000	0.000000	0.000000	0.000000	0.000000	0.000000	0.000000	0.000000	0.000000	0.000000	0.000000	0.000000	0.000000	0.000000	0.000000	0.000000	0.000000	0	0.000000	0.000000
186	2026-09-25T05:32:29.668962825Z	186014	loop5	0.000000	0.000000	0.000000	0.000000	0.000000	0.000000	0.000000	0.000000	0.000000	0.000000	0.000000	0.000000	0.000000	0.000000	0.000000	0.000000	0.000000	0	0.000000	0.000000
186	2026-09-25T05:32:29.668962825Z	186014	loop6	0.000000	0.000000	0.000000	0.000000	0.000000	0.000000	0.000000	0.000000	0.000000	0.000000	0.000000	0.000000	0.000000	0.000000	0.000000	0.000000	0.000000	0	0.000000	0.000000
186	2026-09-25T05:32:29.668962825Z	186014	loop7	0.000000	0.000000	0.000000	0.000000	0.000000	0.000000	0.000000	0.000000	0.000000	0.000000	0.000000	0.000000	0.000000	0.000000	0.000000	0.000000	0.000000	0	0.000000	0.000000
186	2026-09-25T05:32:29.668962825Z	186014	nvme0n1	0.000000	0.000000	0.000000	0.000000	0.000000	0.000000	0.000000	0.000000	0.000000	0.000000	0.000000	0.000000	0.000000	0.000000	0.000000	0.000000	0.000000	0	0.000000	0.000000
187	2026-09-25T05:32:30.669400085Z	187014	loop0	0.000000	0.000000	0.000000	0.000000	0.000000	0.000000	0.000000	0.000000	0.000000	0.000000	0.000000	0.000000	0.000000	0.000000	0.000000	0.000000	0.000000	0	0.000000	0.000000
187	2026-09-25T05:32:30.669400085Z	187014	loop1	0.000000	0.000000	0.000000	0.000000	0.000000	0.000000	0.000000	0.000000	0.000000	0.000000	0.000000	0.000000	0.000000	0.000000	0.000000	0.000000	0.000000	0	0.000000	0.000000
187	2026-09-25T05:32:30.669400085Z	187014	loop2	0.000000	0.000000	0.000000	0.000000	0.000000	0.000000	0.000000	0.000000	0.000000	0.000000	0.000000	0.000000	0.000000	0.000000	0.000000	0.000000	0.000000	0	0.000000	0.000000
187	2026-09-25T05:32:30.669400085Z	187014	loop3	0.000000	0.000000	0.000000	0.000000	0.000000	0.000000	0.000000	0.000000	0.000000	0.000000	0.000000	0.000000	0.000000	0.000000	0.000000	0.000000	0.000000	0	0.000000	0.000000
187	2026-09-25T05:32:30.669400085Z	187014	loop4	0.000000	0.000000	0.000000	0.000000	0.000000	0.000000	0.000000	0.000000	0.000000	0.000000	0.000000	0.000000	0.000000	0.000000	0.000000	0.000000	0.000000	0	0.000000	0.000000
187	2026-09-25T05:32:30.669400085Z	187014	loop5	0.000000	0.000000	0.000000	0.000000	0.000000	0.000000	0.000000	0.000000	0.000000	0.000000	0.000000	0.000000	0.000000	0.000000	0.000000	0.000000	0.000000	0	0.000000	0.000000
187	2026-09-25T05:32:30.669400085Z	187014	loop6	0.000000	0.000000	0.000000	0.000000	0.000000	0.000000	0.000000	0.000000	0.000000	0.000000	0.000000	0.000000	0.000000	0.000000	0.000000	0.000000	0.000000	0	0.000000	0.000000
187	2026-09-25T05:32:30.669400085Z	187014	loop7	0.000000	0.000000	0.000000	0.000000	0.000000	0.000000	0.000000	0.000000	0.000000	0.000000	0.000000	0.000000	0.000000	0.000000	0.000000	0.000000	0.000000	0	0.000000	0.000000
187	2026-09-25T05:32:30.669400085Z	187014	nvme0n1	0.000000	24.989073	0.000000	0.000000	0.000000	0.000000	0.000000	0.000000	106449.454231	0.000000	0.000000	0.480000	0.000000	0.000000	0.000000	4259.840000	0.000000	0	0.399825	0.012994
188	2026-09-25T05:32:31.669236152Z	188014	loop0	0.000000	0.000000	0.000000	0.000000	0.000000	0.000000	0.000000	0.000000	0.000000	0.000000	0.000000	0.000000	0.000000	0.000000	0.000000	0.000000	0.000000	0	0.000000	0.000000
188	2026-09-25T05:32:31.669236152Z	188014	loop1	0.000000	0.000000	0.000000	0.000000	0.000000	0.000000	0.000000	0.000000	0.000000	0.000000	0.000000	0.000000	0.000000	0.000000	0.000000	0.000000	0.000000	0	0.000000	0.000000
188	2026-09-25T05:32:31.669236152Z	188014	loop2	0.000000	0.000000	0.000000	0.000000	0.000000	0.000000	0.000000	0.000000	0.000000	0.000000	0.000000	0.000000	0.000000	0.000000	0.000000	0.000000	0.000000	0	0.000000	0.000000
188	2026-09-25T05:32:31.669236152Z	188014	loop3	0.000000	0.000000	0.000000	0.000000	0.000000	0.000000	0.000000	0.000000	0.000000	0.000000	0.000000	0.000000	0.000000	0.000000	0.000000	0.000000	0.000000	0	0.000000	0.000000
188	2026-09-25T05:32:31.669236152Z	188014	loop4	0.000000	0.000000	0.000000	0.000000	0.000000	0.000000	0.000000	0.000000	0.000000	0.000000	0.000000	0.000000	0.000000	0.000000	0.000000	0.000000	0.000000	0	0.000000	0.000000
188	2026-09-25T05:32:31.669236152Z	188014	loop5	0.000000	0.000000	0.000000	0.000000	0.000000	0.000000	0.000000	0.000000	0.000000	0.000000	0.000000	0.000000	0.000000	0.000000	0.000000	0.000000	0.000000	0	0.000000	0.000000
188	2026-09-25T05:32:31.669236152Z	188014	loop6	0.000000	0.000000	0.000000	0.000000	0.000000	0.000000	0.000000	0.000000	0.000000	0.000000	0.000000	0.000000	0.000000	0.000000	0.000000	0.000000	0.000000	0	0.000000	0.000000
188	2026-09-25T05:32:31.669236152Z	188014	loop7	0.000000	0.000000	0.000000	0.000000	0.000000	0.000000	0.000000	0.000000	0.000000	0.000000	0.000000	0.000000	0.000000	0.000000	0.000000	0.000000	0.000000	0	0.000000	0.000000
188	2026-09-25T05:32:31.669236152Z	188014	nvme0n1	0.000000	2.000328	0.000000	0.000000	0.000000	3.000492	0.000000	0.000000	20483.357837	0.000000	0.000000	0.500000	0.000000	0.000000	0.000000	10240.000000	0.000000	0	0.800131	0.001000
189	2026-09-25T05:32:32.669199978Z	189014	loop0	0.000000	0.000000	0.000000	0.000000	0.000000	0.000000	0.000000	0.000000	0.000000	0.000000	0.000000	0.000000	0.000000	0.000000	0.000000	0.000000	0.000000	0	0.000000	0.000000
189	2026-09-25T05:32:32.669199978Z	189014	loop1	0.000000	0.000000	0.000000	0.000000	0.000000	0.000000	0.000000	0.000000	0.000000	0.000000	0.000000	0.000000	0.000000	0.000000	0.000000	0.000000	0.000000	0	0.000000	0.000000
189	2026-09-25T05:32:32.669199978Z	189014	loop2	0.000000	0.000000	0.000000	0.000000	0.000000	0.000000	0.000000	0.000000	0.000000	0.000000	0.000000	0.000000	0.000000	0.000000	0.000000	0.000000	0.000000	0	0.000000	0.000000
189	2026-09-25T05:32:32.669199978Z	189014	loop3	0.000000	0.000000	0.000000	0.000000	0.000000	0.000000	0.000000	0.000000	0.000000	0.000000	0.000000	0.000000	0.000000	0.000000	0.000000	0.000000	0.000000	0	0.000000	0.000000
189	2026-09-25T05:32:32.669199978Z	189014	loop4	0.000000	0.000000	0.000000	0.000000	0.000000	0.000000	0.000000	0.000000	0.000000	0.000000	0.000000	0.000000	0.000000	0.000000	0.000000	0.000000	0.000000	0	0.000000	0.000000
189	2026-09-25T05:32:32.669199978Z	189014	loop5	0.000000	0.000000	0.000000	0.000000	0.000000	0.000000	0.000000	0.000000	0.000000	0.000000	0.000000	0.000000	0.000000	0.000000	0.000000	0.000000	0.000000	0	0.000000	0.000000
189	2026-09-25T05:32:32.669199978Z	189014	loop6	0.000000	0.000000	0.000000	0.000000	0.000000	0.000000	0.000000	0.000000	0.000000	0.000000	0.000000	0.000000	0.000000	0.000000	0.000000	0.000000	0.000000	0	0.000000	0.000000
189	2026-09-25T05:32:32.669199978Z	189014	loop7	0.000000	0.000000	0.000000	0.000000	0.000000	0.000000	0.000000	0.000000	0.000000	0.000000	0.000000	0.000000	0.000000	0.000000	0.000000	0.000000	0.000000	0	0.000000	0.000000
189	2026-09-25T05:32:32.669199978Z	189014	nvme0n1	0.000000	0.000000	0.000000	0.000000	0.000000	0.000000	0.000000	0.000000	0.000000	0.000000	0.000000	0.000000	0.000000	0.000000	0.000000	0.000000	0.000000	0	0.000000	0.000000
190	2026-09-25T05:32:33.669502942Z	190014	loop0	0.000000	0.000000	0.000000	0.000000	0.000000	0.000000	0.000000	0.000000	0.000000	0.000000	0.000000	0.000000	0.000000	0.000000	0.000000	0.000000	0.000000	0	0.000000	0.000000
190	2026-09-25T05:32:33.669502942Z	190014	loop1	0.000000	0.000000	0.000000	0.000000	0.000000	0.000000	0.000000	0.000000	0.000000	0.000000	0.000000	0.000000	0.000000	0.000000	0.000000	0.000000	0.000000	0	0.000000	0.000000
190	2026-09-25T05:32:33.669502942Z	190014	loop2	0.000000	0.000000	0.000000	0.000000	0.000000	0.000000	0.000000	0.000000	0.000000	0.000000	0.000000	0.000000	0.000000	0.000000	0.000000	0.000000	0.000000	0	0.000000	0.000000
190	2026-09-25T05:32:33.669502942Z	190014	loop3	0.000000	0.000000	0.000000	0.000000	0.000000	0.000000	0.000000	0.000000	0.000000	0.000000	0.000000	0.000000	0.000000	0.000000	0.000000	0.000000	0.000000	0	0.000000	0.000000
190	2026-09-25T05:32:33.669502942Z	190014	loop4	0.000000	0.000000	0.000000	0.000000	0.000000	0.000000	0.000000	0.000000	0.000000	0.000000	0.000000	0.000000	0.000000	0.000000	0.000000	0.000000	0.000000	0	0.000000	0.000000
190	2026-09-25T05:32:33.669502942Z	190014	loop5	0.000000	0.000000	0.000000	0.000000	0.000000	0.000000	0.000000	0.000000	0.000000	0.000000	0.000000	0.000000	0.000000	0.000000	0.000000	0.000000	0.000000	0	0.000000	0.000000
190	2026-09-25T05:32:33.669502942Z	190014	loop6	0.000000	0.000000	0.000000	0.000000	0.000000	0.000000	0.000000	0.000000	0.000000	0.000000	0.000000	0.000000	0.000000	0.000000	0.000000	0.000000	0.000000	0	0.000000	0.000000
190	2026-09-25T05:32:33.669502942Z	190014	loop7	0.000000	0.000000	0.000000	0.000000	0.000000	0.000000	0.000000	0.000000	0.000000	0.000000	0.000000	0.000000	0.000000	0.000000	0.000000	0.000000	0.000000	0	0.000000	0.000000
190	2026-09-25T05:32:33.669502942Z	190014	nvme0n1	0.000000	0.000000	0.000000	0.000000	0.000000	0.000000	0.000000	0.000000	0.000000	0.000000	0.000000	0.000000	0.000000	0.000000	0.000000	0.000000	0.000000	0	0.000000	0.000000
191	2026-09-25T05:32:34.669036474Z	191014	loop0	0.000000	0.000000	0.000000	0.000000	0.000000	0.000000	0.000000	0.000000	0.000000	0.000000	0.000000	0.000000	0.000000	0.000000	0.000000	0.000000	0.000000	0	0.000000	0.000000
191	2026-09-25T05:32:34.669036474Z	191014	loop1	0.000000	0.000000	0.000000	0.000000	0.000000	0.000000	0.000000	0.000000	0.000000	0.000000	0.000000	0.000000	0.000000	0.000000	0.000000	0.000000	0.000000	0	0.000000	0.000000
191	2026-09-25T05:32:34.669036474Z	191014	loop2	0.000000	0.000000	0.000000	0.000000	0.000000	0.000000	0.000000	0.000000	0.000000	0.000000	0.000000	0.000000	0.000000	0.000000	0.000000	0.000000	0.000000	0	0.000000	0.000000
191	2026-09-25T05:32:34.669036474Z	191014	loop3	0.000000	0.000000	0.000000	0.000000	0.000000	0.000000	0.000000	0.000000	0.000000	0.000000	0.000000	0.000000	0.000000	0.000000	0.000000	0.000000	0.000000	0	0.000000	0.000000
191	2026-09-25T05:32:34.669036474Z	191014	loop4	0.000000	0.000000	0.000000	0.000000	0.000000	0.000000	0.000000	0.000000	0.000000	0.000000	0.000000	0.000000	0.000000	0.000000	0.000000	0.000000	0.000000	0	0.000000	0.000000
191	2026-09-25T05:32:34.669036474Z	191014	loop5	0.000000	0.000000	0.000000	0.000000	0.000000	0.000000	0.000000	0.000000	0.000000	0.000000	0.000000	0.000000	0.000000	0.000000	0.000000	0.000000	0.000000	0	0.000000	0.000000
191	2026-09-25T05:32:34.669036474Z	191014	loop6	0.000000	0.000000	0.000000	0.000000	0.000000	0.000000	0.000000	0.000000	0.000000	0.000000	0.000000	0.000000	0.000000	0.000000	0.000000	0.000000	0.000000	0	0.000000	0.000000
191	2026-09-25T05:32:34.669036474Z	191014	loop7	0.000000	0.000000	0.000000	0.000000	0.000000	0.000000	0.000000	0.000000	0.000000	0.000000	0.000000	0.000000	0.000000	0.000000	0.000000	0.000000	0.000000	0	0.000000	0.000000
191	2026-09-25T05:32:34.669036474Z	191014	nvme0n1	0.000000	0.000000	0.000000	0.000000	0.000000	0.000000	0.000000	0.000000	0.000000	0.000000	0.000000	0.000000	0.000000	0.000000	0.000000	0.000000	0.000000	0	0.000000	0.000000
192	2026-09-25T05:32:35.669316401Z	192014	loop0	0.000000	0.000000	0.000000	0.000000	0.000000	0.000000	0.000000	0.000000	0.000000	0.000000	0.000000	0.000000	0.000000	0.000000	0.000000	0.000000	0.000000	0	0.000000	0.000000
192	2026-09-25T05:32:35.669316401Z	192014	loop1	0.000000	0.000000	0.000000	0.000000	0.000000	0.000000	0.000000	0.000000	0.000000	0.000000	0.000000	0.000000	0.000000	0.000000	0.000000	0.000000	0.000000	0	0.000000	0.000000
192	2026-09-25T05:32:35.669316401Z	192014	loop2	0.000000	0.000000	0.000000	0.000000	0.000000	0.000000	0.000000	0.000000	0.000000	0.000000	0.000000	0.000000	0.000000	0.000000	0.000000	0.000000	0.000000	0	0.000000	0.000000
192	2026-09-25T05:32:35.669316401Z	192014	loop3	0.000000	0.000000	0.000000	0.000000	0.000000	0.000000	0.000000	0.000000	0.000000	0.000000	0.000000	0.000000	0.000000	0.000000	0.000000	0.000000	0.000000	0	0.000000	0.000000
192	2026-09-25T05:32:35.669316401Z	192014	loop4	0.000000	0.000000	0.000000	0.000000	0.000000	0.000000	0.000000	0.000000	0.000000	0.000000	0.000000	0.000000	0.000000	0.000000	0.000000	0.000000	0.000000	0	0.000000	0.000000
192	2026-09-25T05:32:35.669316401Z	192014	loop5	0.000000	0.000000	0.000000	0.000000	0.000000	0.000000	0.000000	0.000000	0.000000	0.000000	0.000000	0.000000	0.000000	0.000000	0.000000	0.000000	0.000000	0	0.000000	0.000000
192	2026-09-25T05:32:35.669316401Z	192014	loop6	0.000000	0.000000	0.000000	0.000000	0.000000	0.000000	0.000000	0.000000	0.000000	0.000000	0.000000	0.000000	0.000000	0.000000	0.000000	0.000000	0.000000	0	0.000000	0.000000
192	2026-09-25T05:32:35.669316401Z	192014	loop7	0.000000	0.000000	0.000000	0.000000	0.000000	0.000000	0.000000	0.000000	0.000000	0.000000	0.000000	0.000000	0.000000	0.000000	0.000000	0.000000	0.000000	0	0.000000	0.000000
192	2026-09-25T05:32:35.669316401Z	192014	nvme0n1	0.000000	11.996642	0.000000	0.000000	0.000000	4.998601	0.000000	0.000000	69612.513369	0.000000	0.000000	0.583333	0.000000	0.000000	0.000000	5802.666667	0.000000	0	0.399888	0.006998
193	2026-09-25T05:32:36.669189063Z	193014	loop0	0.000000	0.000000	0.000000	0.000000	0.000000	0.000000	0.000000	0.000000	0.000000	0.000000	0.000000	0.000000	0.000000	0.000000	0.000000	0.000000	0.000000	0	0.000000	0.000000
193	2026-09-25T05:32:36.669189063Z	193014	loop1	0.000000	0.000000	0.000000	0.000000	0.000000	0.000000	0.000000	0.000000	0.000000	0.000000	0.000000	0.000000	0.000000	0.000000	0.000000	0.000000	0.000000	0	0.000000	0.000000
193	2026-09-25T05:32:36.669189063Z	193014	loop2	0.000000	0.000000	0.000000	0.000000	0.000000	0.000000	0.000000	0.000000	0.000000	0.000000	0.000000	0.000000	0.000000	0.000000	0.000000	0.000000	0.000000	0	0.000000	0.000000
193	2026-09-25T05:32:36.669189063Z	193014	loop3	0.000000	0.000000	0.000000	0.000000	0.000000	0.000000	0.000000	0.000000	0.000000	0.000000	0.000000	0.000000	0.000000	0.000000	0.000000	0.000000	0.000000	0	0.000000	0.000000
193	2026-09-25T05:32:36.669189063Z	193014	loop4	0.000000	0.000000	0.000000	0.000000	0.000000	0.000000	0.000000	0.000000	0.000000	0.000000	0.000000	0.000000	0.000000	0.000000	0.000000	0.000000	0.000000	0	0.000000	0.000000
193	2026-09-25T05:32:36.669189063Z	193014	loop5	0.000000	0.000000	0.000000	0.000000	0.000000	0.000000	0.000000	0.000000	0.000000	0.000000	0.000000	0.000000	0.000000	0.000000	0.000000	0.000000	0.000000	0	0.000000	0.000000
193	2026-09-25T05:32:36.669189063Z	193014	loop6	0.000000	0.000000	0.000000	0.000000	0.000000	0.000000	0.000000	0.000000	0.000000	0.000000	0.000000	0.000000	0.000000	0.000000	0.000000	0.000000	0.000000	0	0.000000	0.000000
193	2026-09-25T05:32:36.669189063Z	193014	loop7	0.000000	0.000000	0.000000	0.000000	0.000000	0.000000	0.000000	0.000000	0.000000	0.000000	0.000000	0.000000	0.000000	0.000000	0.000000	0.000000	0.000000	0	0.000000	0.000000
193	2026-09-25T05:32:36.669189063Z	193014	nvme0n1	0.000000	2.000255	0.000000	0.000000	0.000000	5.000637	0.000000	0.000000	28675.651730	0.000000	0.000000	0.500000	0.000000	0.000000	0.000000	14336.000000	0.000000	0	0.400051	0.001000
194	2026-09-25T05:32:37.669585391Z	194014	loop0	0.000000	0.000000	0.000000	0.000000	0.000000	0.000000	0.000000	0.000000	0.000000	0.000000	0.000000	0.000000	0.000000	0.000000	0.000000	0.000000	0.000000	0	0.000000	0.000000
194	2026-09-25T05:32:37.669585391Z	194014	loop1	0.000000	0.000000	0.000000	0.000000	0.000000	0.000000	0.000000	0.000000	0.000000	0.000000	0.000000	0.000000	0.000000	0.000000	0.000000	0.000000	0.000000	0	0.000000	0.000000
194	2026-09-25T05:32:37.669585391Z	194014	loop2	0.000000	0.000000	0.000000	0.000000	0.000000	0.000000	0.000000	0.000000	0.000000	0.000000	0.000000	0.000000	0.000000	0.000000	0.000000	0.000000	0.000000	0	0.000000	0.000000
194	2026-09-25T05:32:37.669585391Z	194014	loop3	0.000000	0.000000	0.000000	0.000000	0.000000	0.000000	0.000000	0.000000	0.000000	0.000000	0.000000	0.000000	0.000000	0.000000	0.000000	0.000000	0.000000	0	0.000000	0.000000
194	2026-09-25T05:32:37.669585391Z	194014	loop4	0.000000	0.000000	0.000000	0.000000	0.000000	0.000000	0.000000	0.000000	0.000000	0.000000	0.000000	0.000000	0.000000	0.000000	0.000000	0.000000	0.000000	0	0.000000	0.000000
194	2026-09-25T05:32:37.669585391Z	194014	loop5	0.000000	0.000000	0.000000	0.000000	0.000000	0.000000	0.000000	0.000000	0.000000	0.000000	0.000000	0.000000	0.000000	0.000000	0.000000	0.000000	0.000000	0	0.000000	0.000000
194	2026-09-25T05:32:37.669585391Z	194014	loop6	0.000000	0.000000	0.000000	0.000000	0.000000	0.000000	0.000000	0.000000	0.000000	0.000000	0.000000	0.000000	0.000000	0.000000	0.000000	0.000000	0.000000	0	0.000000	0.000000
194	2026-09-25T05:32:37.669585391Z	194014	loop7	0.000000	0.000000	0.000000	0.000000	0.000000	0.000000	0.000000	0.000000	0.000000	0.000000	0.000000	0.000000	0.000000	0.000000	0.000000	0.000000	0.000000	0	0.000000	0.000000
194	2026-09-25T05:32:37.669585391Z	194014	nvme0n1	0.000000	0.000000	0.000000	0.000000	0.000000	0.000000	0.000000	0.000000	0.000000	0.000000	0.000000	0.000000	0.000000	0.000000	0.000000	0.000000	0.000000	0	0.000000	0.000000
195	2026-09-25T05:32:38.668926889Z	195014	loop0	0.000000	0.000000	0.000000	0.000000	0.000000	0.000000	0.000000	0.000000	0.000000	0.000000	0.000000	0.000000	0.000000	0.000000	0.000000	0.000000	0.000000	0	0.000000	0.000000
195	2026-09-25T05:32:38.668926889Z	195014	loop1	0.000000	0.000000	0.000000	0.000000	0.000000	0.000000	0.000000	0.000000	0.000000	0.000000	0.000000	0.000000	0.000000	0.000000	0.000000	0.000000	0.000000	0	0.000000	0.000000
195	2026-09-25T05:32:38.668926889Z	195014	loop2	0.000000	0.000000	0.000000	0.000000	0.000000	0.000000	0.000000	0.000000	0.000000	0.000000	0.000000	0.000000	0.000000	0.000000	0.000000	0.000000	0.000000	0	0.000000	0.000000
195	2026-09-25T05:32:38.668926889Z	195014	loop3	0.000000	0.000000	0.000000	0.000000	0.000000	0.000000	0.000000	0.000000	0.000000	0.000000	0.000000	0.000000	0.000000	0.000000	0.000000	0.000000	0.000000	0	0.000000	0.000000
195	2026-09-25T05:32:38.668926889Z	195014	loop4	0.000000	0.000000	0.000000	0.000000	0.000000	0.000000	0.000000	0.000000	0.000000	0.000000	0.000000	0.000000	0.000000	0.000000	0.000000	0.000000	0.000000	0	0.000000	0.000000
195	2026-09-25T05:32:38.668926889Z	195014	loop5	0.000000	0.000000	0.000000	0.000000	0.000000	0.000000	0.000000	0.000000	0.000000	0.000000	0.000000	0.000000	0.000000	0.000000	0.000000	0.000000	0.000000	0	0.000000	0.000000
195	2026-09-25T05:32:38.668926889Z	195014	loop6	0.000000	0.000000	0.000000	0.000000	0.000000	0.000000	0.000000	0.000000	0.000000	0.000000	0.000000	0.000000	0.000000	0.000000	0.000000	0.000000	0.000000	0	0.000000	0.000000
195	2026-09-25T05:32:38.668926889Z	195014	loop7	0.000000	0.000000	0.000000	0.000000	0.000000	0.000000	0.000000	0.000000	0.000000	0.000000	0.000000	0.000000	0.000000	0.000000	0.000000	0.000000	0.000000	0	0.000000	0.000000
195	2026-09-25T05:32:38.668926889Z	195014	nvme0n1	0.000000	0.000000	0.000000	0.000000	0.000000	0.000000	0.000000	0.000000	0.000000	0.000000	0.000000	0.000000	0.000000	0.000000	0.000000	0.000000	0.000000	0	0.000000	0.000000
196	2026-09-25T05:32:39.668964789Z	196014	loop0	0.000000	0.000000	0.000000	0.000000	0.000000	0.000000	0.000000	0.000000	0.000000	0.000000	0.000000	0.000000	0.000000	0.000000	0.000000	0.000000	0.000000	0	0.000000	0.000000
196	2026-09-25T05:32:39.668964789Z	196014	loop1	0.000000	0.000000	0.000000	0.000000	0.000000	0.000000	0.000000	0.000000	0.000000	0.000000	0.000000	0.000000	0.000000	0.000000	0.000000	0.000000	0.000000	0	0.000000	0.000000
196	2026-09-25T05:32:39.668964789Z	196014	loop2	0.000000	0.000000	0.000000	0.000000	0.000000	0.000000	0.000000	0.000000	0.000000	0.000000	0.000000	0.000000	0.000000	0.000000	0.000000	0.000000	0.000000	0	0.000000	0.000000
196	2026-09-25T05:32:39.668964789Z	196014	loop3	0.000000	0.000000	0.000000	0.000000	0.000000	0.000000	0.000000	0.000000	0.000000	0.000000	0.000000	0.000000	0.000000	0.000000	0.000000	0.000000	0.000000	0	0.000000	0.000000
196	2026-09-25T05:32:39.668964789Z	196014	loop4	0.000000	0.000000	0.000000	0.000000	0.000000	0.000000	0.000000	0.000000	0.000000	0.000000	0.000000	0.000000	0.000000	0.000000	0.000000	0.000000	0.000000	0	0.000000	0.000000
196	2026-09-25T05:32:39.668964789Z	196014	loop5	0.000000	0.000000	0.000000	0.000000	0.000000	0.000000	0.000000	0.000000	0.000000	0.000000	0.000000	0.000000	0.000000	0.000000	0.000000	0.000000	0.000000	0	0.000000	0.000000
196	2026-09-25T05:32:39.668964789Z	196014	loop6	0.000000	0.000000	0.000000	0.000000	0.000000	0.000000	0.000000	0.000000	0.000000	0.000000	0.000000	0.000000	0.000000	0.000000	0.000000	0.000000	0.000000	0	0.000000	0.000000
196	2026-09-25T05:32:39.668964789Z	196014	loop7	0.000000	0.000000	0.000000	0.000000	0.000000	0.000000	0.000000	0.000000	0.000000	0.000000	0.000000	0.000000	0.000000	0.000000	0.000000	0.000000	0.000000	0	0.000000	0.000000
196	2026-09-25T05:32:39.668964789Z	196014	nvme0n1	0.000000	0.000000	0.000000	0.000000	0.000000	0.000000	0.000000	0.000000	0.000000	0.000000	0.000000	0.000000	0.000000	0.000000	0.000000	0.000000	0.000000	0	0.000000	0.000000
197	2026-09-25T05:32:40.6694659Z	197014	loop0	0.000000	0.000000	0.000000	0.000000	0.000000	0.000000	0.000000	0.000000	0.000000	0.000000	0.000000	0.000000	0.000000	0.000000	0.000000	0.000000	0.000000	0	0.000000	0.000000
197	2026-09-25T05:32:40.6694659Z	197014	loop1	0.000000	0.000000	0.000000	0.000000	0.000000	0.000000	0.000000	0.000000	0.000000	0.000000	0.000000	0.000000	0.000000	0.000000	0.000000	0.000000	0.000000	0	0.000000	0.000000
197	2026-09-25T05:32:40.6694659Z	197014	loop2	0.000000	0.000000	0.000000	0.000000	0.000000	0.000000	0.000000	0.000000	0.000000	0.000000	0.000000	0.000000	0.000000	0.000000	0.000000	0.000000	0.000000	0	0.000000	0.000000
197	2026-09-25T05:32:40.6694659Z	197014	loop3	0.000000	0.000000	0.000000	0.000000	0.000000	0.000000	0.000000	0.000000	0.000000	0.000000	0.000000	0.000000	0.000000	0.000000	0.000000	0.000000	0.000000	0	0.000000	0.000000
197	2026-09-25T05:32:40.6694659Z	197014	loop4	0.000000	0.000000	0.000000	0.000000	0.000000	0.000000	0.000000	0.000000	0.000000	0.000000	0.000000	0.000000	0.000000	0.000000	0.000000	0.000000	0.000000	0	0.000000	0.000000
197	2026-09-25T05:32:40.6694659Z	197014	loop5	0.000000	0.000000	0.000000	0.000000	0.000000	0.000000	0.000000	0.000000	0.000000	0.000000	0.000000	0.000000	0.000000	0.000000	0.000000	0.000000	0.000000	0	0.000000	0.000000
197	2026-09-25T05:32:40.6694659Z	197014	loop6	0.000000	0.000000	0.000000	0.000000	0.000000	0.000000	0.000000	0.000000	0.000000	0.000000	0.000000	0.000000	0.000000	0.000000	0.000000	0.000000	0.000000	0	0.000000	0.000000
197	2026-09-25T05:32:40.6694659Z	197014	loop7	0.000000	0.000000	0.000000	0.000000	0.000000	0.000000	0.000000	0.000000	0.000000	0.000000	0.000000	0.000000	0.000000	0.000000	0.000000	0.000000	0.000000	0	0.000000	0.000000
197	2026-09-25T05:32:40.6694659Z	197014	nvme0n1	0.000000	24.987478	0.000000	0.000000	0.000000	0.000000	0.000000	0.000000	106442.659774	0.000000	0.000000	0.520000	0.000000	0.000000	0.000000	4259.840000	0.000000	0	0.399800	0.012993
198	2026-09-25T05:32:41.669654717Z	198014	loop0	0.000000	0.000000	0.000000	0.000000	0.000000	0.000000	0.000000	0.000000	0.000000	0.000000	0.000000	0.000000	0.000000	0.000000	0.000000	0.000000	0.000000	0	0.000000	0.000000
198	2026-09-25T05:32:41.669654717Z	198014	loop1	0.000000	0.000000	0.000000	0.000000	0.000000	0.000000	0.000000	0.000000	0.000000	0.000000	0.000000	0.000000	0.000000	0.000000	0.000000	0.000000	0.000000	0	0.000000	0.000000
198	2026-09-25T05:32:41.669654717Z	198014	loop2	0.000000	0.000000	0.000000	0.000000	0.000000	0.000000	0.000000	0.000000	0.000000	0.000000	0.000000	0.000000	0.000000	0.000000	0.000000	0.000000	0.000000	0	0.000000	0.000000
198	2026-09-25T05:32:41.669654717Z	198014	loop3	0.000000	0.000000	0.000000	0.000000	0.000000	0.000000	0.000000	0.000000	0.000000	0.000000	0.000000	0.000000	0.000000	0.000000	0.000000	0.000000	0.000000	0	0.000000	0.000000
198	2026-09-25T05:32:41.669654717Z	198014	loop4	0.000000	0.000000	0.000000	0.000000	0.000000	0.000000	0.000000	0.000000	0.000000	0.000000	0.000000	0.000000	0.000000	0.000000	0.000000	0.000000	0.000000	0	0.000000	0.000000
198	2026-09-25T05:32:41.669654717Z	198014	loop5	0.000000	0.000000	0.000000	0.000000	0.000000	0.000000	0.000000	0.000000	0.000000	0.000000	0.000000	0.000000	0.000000	0.000000	0.000000	0.000000	0.000000	0	0.000000	0.000000
198	2026-09-25T05:32:41.669654717Z	198014	loop6	0.000000	0.000000	0.000000	0.000000	0.000000	0.000000	0.000000	0.000000	0.000000	0.000000	0.000000	0.000000	0.000000	0.000000	0.000000	0.000000	0.000000	0	0.000000	0.000000
198	2026-09-25T05:32:41.669654717Z	198014	loop7	0.000000	0.000000	0.000000	0.000000	0.000000	0.000000	0.000000	0.000000	0.000000	0.000000	0.000000	0.000000	0.000000	0.000000	0.000000	0.000000	0.000000	0	0.000000	0.000000
198	2026-09-25T05:32:41.669654717Z	198014	nvme0n1	0.000000	2.999434	0.000000	0.000000	0.000000	2.999434	0.000000	0.000000	24571.360780	0.000000	0.000000	0.333333	0.000000	0.000000	0.000000	8192.000000	0.000000	0	0.399924	0.001000
199	2026-09-25T05:32:42.669044698Z	199014	loop0	0.000000	0.000000	0.000000	0.000000	0.000000	0.000000	0.000000	0.000000	0.000000	0.000000	0.000000	0.000000	0.000000	0.000000	0.000000	0.000000	0.000000	0	0.000000	0.000000
199	2026-09-25T05:32:42.669044698Z	199014	loop1	0.000000	0.000000	0.000000	0.000000	0.000000	0.000000	0.000000	0.000000	0.000000	0.000000	0.000000	0.000000	0.000000	0.000000	0.000000	0.000000	0.000000	0	0.000000	0.000000
199	2026-09-25T05:32:42.669044698Z	199014	loop2	0.000000	0.000000	0.000000	0.000000	0.000000	0.000000	0.000000	0.000000	0.000000	0.000000	0.000000	0.000000	0.000000	0.000000	0.000000	0.000000	0.000000	0	0.000000	0.000000
199	2026-09-25T05:32:42.669044698Z	199014	loop3	0.000000	0.000000	0.000000	0.000000	0.000000	0.000000	0.000000	0.000000	0.000000	0.000000	0.000000	0.000000	0.000000	0.000000	0.000000	0.000000	0.000000	0	0.000000	0.000000
199	2026-09-25T05:32:42.669044698Z	199014	loop4	0.000000	0.000000	0.000000	0.000000	0.000000	0.000000	0.000000	0.000000	0.000000	0.000000	0.000000	0.000000	0.000000	0.000000	0.000000	0.000000	0.000000	0	0.000000	0.000000
199	2026-09-25T05:32:42.669044698Z	199014	loop5	0.000000	0.000000	0.000000	0.000000	0.000000	0.000000	0.000000	0.000000	0.000000	0.000000	0.000000	0.000000	0.000000	0.000000	0.000000	0.000000	0.000000	0	0.000000	0.000000
199	2026-09-25T05:32:42.669044698Z	199014	loop6	0.000000	0.000000	0.000000	0.000000	0.000000	0.000000	0.000000	0.000000	0.000000	0.000000	0.000000	0.000000	0.000000	0.000000	0.000000	0.000000	0.000000	0	0.000000	0.000000
199	2026-09-25T05:32:42.669044698Z	199014	loop7	0.000000	0.000000	0.000000	0.000000	0.000000	0.000000	0.000000	0.000000	0.000000	0.000000	0.000000	0.000000	0.000000	0.000000	0.000000	0.000000	0.000000	0	0.000000	0.000000
199	2026-09-25T05:32:42.669044698Z	199014	nvme0n1	0.000000	0.000000	0.000000	0.000000	0.000000	0.000000	0.000000	0.000000	0.000000	0.000000	0.000000	0.000000	0.000000	0.000000	0.000000	0.000000	0.000000	0	0.000000	0.000000
200	2026-09-25T05:32:43.669769559Z	200014	loop0	0.000000	0.000000	0.000000	0.000000	0.000000	0.000000	0.000000	0.000000	0.000000	0.000000	0.000000	0.000000	0.000000	0.000000	0.000000	0.000000	0.000000	0	0.000000	0.000000
200	2026-09-25T05:32:43.669769559Z	200014	loop1	0.000000	0.000000	0.000000	0.000000	0.000000	0.000000	0.000000	0.000000	0.000000	0.000000	0.000000	0.000000	0.000000	0.000000	0.000000	0.000000	0.000000	0	0.000000	0.000000
200	2026-09-25T05:32:43.669769559Z	200014	loop2	0.000000	0.000000	0.000000	0.000000	0.000000	0.000000	0.000000	0.000000	0.000000	0.000000	0.000000	0.000000	0.000000	0.000000	0.000000	0.000000	0.000000	0	0.000000	0.000000
200	2026-09-25T05:32:43.669769559Z	200014	loop3	0.000000	0.000000	0.000000	0.000000	0.000000	0.000000	0.000000	0.000000	0.000000	0.000000	0.000000	0.000000	0.000000	0.000000	0.000000	0.000000	0.000000	0	0.000000	0.000000
200	2026-09-25T05:32:43.669769559Z	200014	loop4	0.000000	0.000000	0.000000	0.000000	0.000000	0.000000	0.000000	0.000000	0.000000	0.000000	0.000000	0.000000	0.000000	0.000000	0.000000	0.000000	0.000000	0	0.000000	0.000000
200	2026-09-25T05:32:43.669769559Z	200014	loop5	0.000000	0.000000	0.000000	0.000000	0.000000	0.000000	0.000000	0.000000	0.000000	0.000000	0.000000	0.000000	0.000000	0.000000	0.000000	0.000000	0.000000	0	0.000000	0.000000
200	2026-09-25T05:32:43.669769559Z	200014	loop6	0.000000	0.000000	0.000000	0.000000	0.000000	0.000000	0.000000	0.000000	0.000000	0.000000	0.000000	0.000000	0.000000	0.000000	0.000000	0.000000	0.000000	0	0.000000	0.000000
200	2026-09-25T05:32:43.669769559Z	200014	loop7	0.000000	0.000000	0.000000	0.000000	0.000000	0.000000	0.000000	0.000000	0.000000	0.000000	0.000000	0.000000	0.000000	0.000000	0.000000	0.000000	0.000000	0	0.000000	0.000000
200	2026-09-25T05:32:43.669769559Z	200014	nvme0n1	0.000000	0.000000	0.000000	0.000000	0.000000	0.000000	0.000000	0.000000	0.000000	0.000000	0.000000	0.000000	0.000000	0.000000	0.000000	0.000000	0.000000	0	0.000000	0.000000
201	2026-09-25T05:32:44.668956876Z	201014	loop0	0.000000	0.000000	0.000000	0.000000	0.000000	0.000000	0.000000	0.000000	0.000000	0.000000	0.000000	0.000000	0.000000	0.000000	0.000000	0.000000	0.000000	0	0.000000	0.000000
201	2026-09-25T05:32:44.668956876Z	201014	loop1	0.000000	0.000000	0.000000	0.000000	0.000000	0.000000	0.000000	0.000000	0.000000	0.000000	0.000000	0.000000	0.000000	0.000000	0.000000	0.000000	0.000000	0	0.000000	0.000000
201	2026-09-25T05:32:44.668956876Z	201014	loop2	0.000000	0.000000	0.000000	0.000000	0.000000	0.000000	0.000000	0.000000	0.000000	0.000000	0.000000	0.000000	0.000000	0.000000	0.000000	0.000000	0.000000	0	0.000000	0.000000
201	2026-09-25T05:32:44.668956876Z	201014	loop3	0.000000	0.000000	0.000000	0.000000	0.000000	0.000000	0.000000	0.000000	0.000000	0.000000	0.000000	0.000000	0.000000	0.000000	0.000000	0.000000	0.000000	0	0.000000	0.000000
201	2026-09-25T05:32:44.668956876Z	201014	loop4	0.000000	0.000000	0.000000	0.000000	0.000000	0.000000	0.000000	0.000000	0.000000	0.000000	0.000000	0.000000	0.000000	0.000000	0.000000	0.000000	0.000000	0	0.000000	0.000000
201	2026-09-25T05:32:44.668956876Z	201014	loop5	0.000000	0.000000	0.000000	0.000000	0.000000	0.000000	0.000000	0.000000	0.000000	0.000000	0.000000	0.000000	0.000000	0.000000	0.000000	0.000000	0.000000	0	0.000000	0.000000
201	2026-09-25T05:32:44.668956876Z	201014	loop6	0.000000	0.000000	0.000000	0.000000	0.000000	0.000000	0.000000	0.000000	0.000000	0.000000	0.000000	0.000000	0.000000	0.000000	0.000000	0.000000	0.000000	0	0.000000	0.000000
201	2026-09-25T05:32:44.668956876Z	201014	loop7	0.000000	0.000000	0.000000	0.000000	0.000000	0.000000	0.000000	0.000000	0.000000	0.000000	0.000000	0.000000	0.000000	0.000000	0.000000	0.000000	0.000000	0	0.000000	0.000000
201	2026-09-25T05:32:44.668956876Z	201014	nvme0n1	0.000000	0.000000	0.000000	0.000000	0.000000	0.000000	0.000000	0.000000	0.000000	0.000000	0.000000	0.000000	0.000000	0.000000	0.000000	0.000000	0.000000	0	0.000000	0.000000
202	2026-09-25T05:32:45.668965343Z	202014	loop0	0.000000	0.000000	0.000000	0.000000	0.000000	0.000000	0.000000	0.000000	0.000000	0.000000	0.000000	0.000000	0.000000	0.000000	0.000000	0.000000	0.000000	0	0.000000	0.000000
202	2026-09-25T05:32:45.668965343Z	202014	loop1	0.000000	0.000000	0.000000	0.000000	0.000000	0.000000	0.000000	0.000000	0.000000	0.000000	0.000000	0.000000	0.000000	0.000000	0.000000	0.000000	0.000000	0	0.000000	0.000000
202	2026-09-25T05:32:45.668965343Z	202014	loop2	0.000000	0.000000	0.000000	0.000000	0.000000	0.000000	0.000000	0.000000	0.000000	0.000000	0.000000	0.000000	0.000000	0.000000	0.000000	0.000000	0.000000	0	0.000000	0.000000
202	2026-09-25T05:32:45.668965343Z	202014	loop3	0.000000	0.000000	0.000000	0.000000	0.000000	0.000000	0.000000	0.000000	0.000000	0.000000	0.000000	0.000000	0.000000	0.000000	0.000000	0.000000	0.000000	0	0.000000	0.000000
202	2026-09-25T05:32:45.668965343Z	202014	loop4	0.000000	0.000000	0.000000	0.000000	0.000000	0.000000	0.000000	0.000000	0.000000	0.000000	0.000000	0.000000	0.000000	0.000000	0.000000	0.000000	0.000000	0	0.000000	0.000000
202	2026-09-25T05:32:45.668965343Z	202014	loop5	0.000000	0.000000	0.000000	0.000000	0.000000	0.000000	0.000000	0.000000	0.000000	0.000000	0.000000	0.000000	0.000000	0.000000	0.000000	0.000000	0.000000	0	0.000000	0.000000
202	2026-09-25T05:32:45.668965343Z	202014	loop6	0.000000	0.000000	0.000000	0.000000	0.000000	0.000000	0.000000	0.000000	0.000000	0.000000	0.000000	0.000000	0.000000	0.000000	0.000000	0.000000	0.000000	0	0.000000	0.000000
202	2026-09-25T05:32:45.668965343Z	202014	loop7	0.000000	0.000000	0.000000	0.000000	0.000000	0.000000	0.000000	0.000000	0.000000	0.000000	0.000000	0.000000	0.000000	0.000000	0.000000	0.000000	0.000000	0	0.000000	0.000000
202	2026-09-25T05:32:45.668965343Z	202014	nvme0n1	0.000000	0.000000	0.000000	0.000000	0.000000	0.000000	0.000000	0.000000	0.000000	0.000000	0.000000	0.000000	0.000000	0.000000	0.000000	0.000000	0.000000	0	0.000000	0.000000
203	2026-09-25T05:32:46.669187805Z	203014	loop0	0.000000	0.000000	0.000000	0.000000	0.000000	0.000000	0.000000	0.000000	0.000000	0.000000	0.000000	0.000000	0.000000	0.000000	0.000000	0.000000	0.000000	0	0.000000	0.000000
203	2026-09-25T05:32:46.669187805Z	203014	loop1	0.000000	0.000000	0.000000	0.000000	0.000000	0.000000	0.000000	0.000000	0.000000	0.000000	0.000000	0.000000	0.000000	0.000000	0.000000	0.000000	0.000000	0	0.000000	0.000000
203	2026-09-25T05:32:46.669187805Z	203014	loop2	0.000000	0.000000	0.000000	0.000000	0.000000	0.000000	0.000000	0.000000	0.000000	0.000000	0.000000	0.000000	0.000000	0.000000	0.000000	0.000000	0.000000	0	0.000000	0.000000
203	2026-09-25T05:32:46.669187805Z	203014	loop3	0.000000	0.000000	0.000000	0.000000	0.000000	0.000000	0.000000	0.000000	0.000000	0.000000	0.000000	0.000000	0.000000	0.000000	0.000000	0.000000	0.000000	0	0.000000	0.000000
203	2026-09-25T05:32:46.669187805Z	203014	loop4	0.000000	0.000000	0.000000	0.000000	0.000000	0.000000	0.000000	0.000000	0.000000	0.000000	0.000000	0.000000	0.000000	0.000000	0.000000	0.000000	0.000000	0	0.000000	0.000000
203	2026-09-25T05:32:46.669187805Z	203014	loop5	0.000000	0.000000	0.000000	0.000000	0.000000	0.000000	0.000000	0.000000	0.000000	0.000000	0.000000	0.000000	0.000000	0.000000	0.000000	0.000000	0.000000	0	0.000000	0.000000
203	2026-09-25T05:32:46.669187805Z	203014	loop6	0.000000	0.000000	0.000000	0.000000	0.000000	0.000000	0.000000	0.000000	0.000000	0.000000	0.000000	0.000000	0.000000	0.000000	0.000000	0.000000	0.000000	0	0.000000	0.000000
203	2026-09-25T05:32:46.669187805Z	203014	loop7	0.000000	0.000000	0.000000	0.000000	0.000000	0.000000	0.000000	0.000000	0.000000	0.000000	0.000000	0.000000	0.000000	0.000000	0.000000	0.000000	0.000000	0	0.000000	0.000000
203	2026-09-25T05:32:46.669187805Z	203014	nvme0n1	0.000000	1.999555	0.000000	0.000000	0.000000	4.998888	0.000000	0.000000	28665.622988	0.000000	0.000000	0.500000	0.000000	0.000000	0.000000	14336.000000	0.000000	0	0.799822	0.001000
204	2026-09-25T05:32:47.669184556Z	204014	loop0	0.000000	0.000000	0.000000	0.000000	0.000000	0.000000	0.000000	0.000000	0.000000	0.000000	0.000000	0.000000	0.000000	0.000000	0.000000	0.000000	0.000000	0	0.000000	0.000000
204	2026-09-25T05:32:47.669184556Z	204014	loop1	0.000000	0.000000	0.000000	0.000000	0.000000	0.000000	0.000000	0.000000	0.000000	0.000000	0.000000	0.000000	0.000000	0.000000	0.000000	0.000000	0.000000	0	0.000000	0.000000
204	2026-09-25T05:32:47.669184556Z	204014	loop2	0.000000	0.000000	0.000000	0.000000	0.000000	0.000000	0.000000	0.000000	0.000000	0.000000	0.000000	0.000000	0.000000	0.000000	0.000000	0.000000	0.000000	0	0.000000	0.000000
204	2026-09-25T05:32:47.669184556Z	204014	loop3	0.000000	0.000000	0.000000	0.000000	0.000000	0.000000	0.000000	0.000000	0.000000	0.000000	0.000000	0.000000	0.000000	0.000000	0.000000	0.000000	0.000000	0	0.000000	0.000000
204	2026-09-25T05:32:47.669184556Z	204014	loop4	0.000000	0.000000	0.000000	0.000000	0.000000	0.000000	0.000000	0.000000	0.000000	0.000000	0.000000	0.000000	0.000000	0.000000	0.000000	0.000000	0.000000	0	0.000000	0.000000
204	2026-09-25T05:32:47.669184556Z	204014	loop5	0.000000	0.000000	0.000000	0.000000	0.000000	0.000000	0.000000	0.000000	0.000000	0.000000	0.000000	0.000000	0.000000	0.000000	0.000000	0.000000	0.000000	0	0.000000	0.000000
204	2026-09-25T05:32:47.669184556Z	204014	loop6	0.000000	0.000000	0.000000	0.000000	0.000000	0.000000	0.000000	0.000000	0.000000	0.000000	0.000000	0.000000	0.000000	0.000000	0.000000	0.000000	0.000000	0	0.000000	0.000000
204	2026-09-25T05:32:47.669184556Z	204014	loop7	0.000000	0.000000	0.000000	0.000000	0.000000	0.000000	0.000000	0.000000	0.000000	0.000000	0.000000	0.000000	0.000000	0.000000	0.000000	0.000000	0.000000	0	0.000000	0.000000
204	2026-09-25T05:32:47.669184556Z	204014	nvme0n1	0.000000	0.000000	0.000000	0.000000	0.000000	0.000000	0.000000	0.000000	0.000000	0.000000	0.000000	0.000000	0.000000	0.000000	0.000000	0.000000	0.000000	0	0.000000	0.000000
205	2026-09-25T05:32:48.669655605Z	205014	loop0	0.000000	0.000000	0.000000	0.000000	0.000000	0.000000	0.000000	0.000000	0.000000	0.000000	0.000000	0.000000	0.000000	0.000000	0.000000	0.000000	0.000000	0	0.000000	0.000000
205	2026-09-25T05:32:48.669655605Z	205014	loop1	0.000000	0.000000	0.000000	0.000000	0.000000	0.000000	0.000000	0.000000	0.000000	0.000000	0.000000	0.000000	0.000000	0.000000	0.000000	0.000000	0.000000	0	0.000000	0.000000
205	2026-09-25T05:32:48.669655605Z	205014	loop2	0.000000	0.000000	0.000000	0.000000	0.000000	0.000000	0.000000	0.000000	0.000000	0.000000	0.000000	0.000000	0.000000	0.000000	0.000000	0.000000	0.000000	0	0.000000	0.000000
205	2026-09-25T05:32:48.669655605Z	205014	loop3	0.000000	0.000000	0.000000	0.000000	0.000000	0.000000	0.000000	0.000000	0.000000	0.000000	0.000000	0.000000	0.000000	0.000000	0.000000	0.000000	0.000000	0	0.000000	0.000000
205	2026-09-25T05:32:48.669655605Z	205014	loop4	0.000000	0.000000	0.000000	0.000000	0.000000	0.000000	0.000000	0.000000	0.000000	0.000000	0.000000	0.000000	0.000000	0.000000	0.000000	0.000000	0.000000	0	0.000000	0.000000
205	2026-09-25T05:32:48.669655605Z	205014	loop5	0.000000	0.000000	0.000000	0.000000	0.000000	0.000000	0.000000	0.000000	0.000000	0.000000	0.000000	0.000000	0.000000	0.000000	0.000000	0.000000	0.000000	0	0.000000	0.000000
205	2026-09-25T05:32:48.669655605Z	205014	loop6	0.000000	0.000000	0.000000	0.000000	0.000000	0.000000	0.000000	0.000000	0.000000	0.000000	0.000000	0.000000	0.000000	0.000000	0.000000	0.000000	0.000000	0	0.000000	0.000000
205	2026-09-25T05:32:48.669655605Z	205014	loop7	0.000000	0.000000	0.000000	0.000000	0.000000	0.000000	0.000000	0.000000	0.000000	0.000000	0.000000	0.000000	0.000000	0.000000	0.000000	0.000000	0.000000	0	0.000000	0.000000
205	2026-09-25T05:32:48.669655605Z	205014	nvme0n1	0.000000	0.000000	0.000000	0.000000	0.000000	0.000000	0.000000	0.000000	0.000000	0.000000	0.000000	0.000000	0.000000	0.000000	0.000000	0.000000	0.000000	0	0.000000	0.000000
206	2026-09-25T05:32:49.669653268Z	206014	loop0	0.000000	0.000000	0.000000	0.000000	0.000000	0.000000	0.000000	0.000000	0.000000	0.000000	0.000000	0.000000	0.000000	0.000000	0.000000	0.000000	0.000000	0	0.000000	0.000000
206	2026-09-25T05:32:49.669653268Z	206014	loop1	0.000000	0.000000	0.000000	0.000000	0.000000	0.000000	0.000000	0.000000	0.000000	0.000000	0.000000	0.000000	0.000000	0.000000	0.000000	0.000000	0.000000	0	0.000000	0.000000
206	2026-09-25T05:32:49.669653268Z	206014	loop2	0.000000	0.000000	0.000000	0.000000	0.000000	0.000000	0.000000	0.000000	0.000000	0.000000	0.000000	0.000000	0.000000	0.000000	0.000000	0.000000	0.000000	0	0.000000	0.000000
206	2026-09-25T05:32:49.669653268Z	206014	loop3	0.000000	0.000000	0.000000	0.000000	0.000000	0.000000	0.000000	0.000000	0.000000	0.000000	0.000000	0.000000	0.000000	0.000000	0.000000	0.000000	0.000000	0	0.000000	0.000000
206	2026-09-25T05:32:49.669653268Z	206014	loop4	0.000000	0.000000	0.000000	0.000000	0.000000	0.000000	0.000000	0.000000	0.000000	0.000000	0.000000	0.000000	0.000000	0.000000	0.000000	0.000000	0.000000	0	0.000000	0.000000
206	2026-09-25T05:32:49.669653268Z	206014	loop5	0.000000	0.000000	0.000000	0.000000	0.000000	0.000000	0.000000	0.000000	0.000000	0.000000	0.000000	0.000000	0.000000	0.000000	0.000000	0.000000	0.000000	0	0.000000	0.000000
206	2026-09-25T05:32:49.669653268Z	206014	loop6	0.000000	0.000000	0.000000	0.000000	0.000000	0.000000	0.000000	0.000000	0.000000	0.000000	0.000000	0.000000	0.000000	0.000000	0.000000	0.000000	0.000000	0	0.000000	0.000000
206	2026-09-25T05:32:49.669653268Z	206014	loop7	0.000000	0.000000	0.000000	0.000000	0.000000	0.000000	0.000000	0.000000	0.000000	0.000000	0.000000	0.000000	0.000000	0.000000	0.000000	0.000000	0.000000	0	0.000000	0.000000
206	2026-09-25T05:32:49.669653268Z	206014	nvme0n1	0.000000	0.000000	0.000000	0.000000	0.000000	0.000000	0.000000	0.000000	0.000000	0.000000	0.000000	0.000000	0.000000	0.000000	0.000000	0.000000	0.000000	0	0.000000	0.000000
207	2026-09-25T05:32:50.668962085Z	207014	loop0	0.000000	0.000000	0.000000	0.000000	0.000000	0.000000	0.000000	0.000000	0.000000	0.000000	0.000000	0.000000	0.000000	0.000000	0.000000	0.000000	0.000000	0	0.000000	0.000000
207	2026-09-25T05:32:50.668962085Z	207014	loop1	0.000000	0.000000	0.000000	0.000000	0.000000	0.000000	0.000000	0.000000	0.000000	0.000000	0.000000	0.000000	0.000000	0.000000	0.000000	0.000000	0.000000	0	0.000000	0.000000
207	2026-09-25T05:32:50.668962085Z	207014	loop2	0.000000	0.000000	0.000000	0.000000	0.000000	0.000000	0.000000	0.000000	0.000000	0.000000	0.000000	0.000000	0.000000	0.000000	0.000000	0.000000	0.000000	0	0.000000	0.000000
207	2026-09-25T05:32:50.668962085Z	207014	loop3	0.000000	0.000000	0.000000	0.000000	0.000000	0.000000	0.000000	0.000000	0.000000	0.000000	0.000000	0.000000	0.000000	0.000000	0.000000	0.000000	0.000000	0	0.000000	0.000000
207	2026-09-25T05:32:50.668962085Z	207014	loop4	0.000000	0.000000	0.000000	0.000000	0.000000	0.000000	0.000000	0.000000	0.000000	0.000000	0.000000	0.000000	0.000000	0.000000	0.000000	0.000000	0.000000	0	0.000000	0.000000
207	2026-09-25T05:32:50.668962085Z	207014	loop5	0.000000	0.000000	0.000000	0.000000	0.000000	0.000000	0.000000	0.000000	0.000000	0.000000	0.000000	0.000000	0.000000	0.000000	0.000000	0.000000	0.000000	0	0.000000	0.000000
207	2026-09-25T05:32:50.668962085Z	207014	loop6	0.000000	0.000000	0.000000	0.000000	0.000000	0.000000	0.000000	0.000000	0.000000	0.000000	0.000000	0.000000	0.000000	0.000000	0.000000	0.000000	0.000000	0	0.000000	0.000000
207	2026-09-25T05:32:50.668962085Z	207014	loop7	0.000000	0.000000	0.000000	0.000000	0.000000	0.000000	0.000000	0.000000	0.000000	0.000000	0.000000	0.000000	0.000000	0.000000	0.000000	0.000000	0.000000	0	0.000000	0.000000
207	2026-09-25T05:32:50.668962085Z	207014	nvme0n1	6.004150	25.017293	0.000000	0.000000	0.000000	0.000000	0.000000	53284.832501	106569.665002	0.000000	0.666667	0.520000	0.000000	0.000000	8874.666667	4259.840000	0.000000	0	0.800553	0.017012
208	2026-09-25T05:32:51.669414772Z	208014	loop0	0.000000	0.000000	0.000000	0.000000	0.000000	0.000000	0.000000	0.000000	0.000000	0.000000	0.000000	0.000000	0.000000	0.000000	0.000000	0.000000	0.000000	0	0.000000	0.000000
208	2026-09-25T05:32:51.669414772Z	208014	loop1	0.000000	0.000000	0.000000	0.000000	0.000000	0.000000	0.000000	0.000000	0.000000	0.000000	0.000000	0.000000	0.000000	0.000000	0.000000	0.000000	0.000000	0	0.000000	0.000000
208	2026-09-25T05:32:51.669414772Z	208014	loop2	0.000000	0.000000	0.000000	0.000000	0.000000	0.000000	0.000000	0.000000	0.000000	0.000000	0.000000	0.000000	0.000000	0.000000	0.000000	0.000000	0.000000	0	0.000000	0.000000
208	2026-09-25T05:32:51.669414772Z	208014	loop3	0.000000	0.000000	0.000000	0.000000	0.000000	0.000000	0.000000	0.000000	0.000000	0.000000	0.000000	0.000000	0.000000	0.000000	0.000000	0.000000	0.000000	0	0.000000	0.000000
208	2026-09-25T05:32:51.669414772Z	208014	loop4	0.000000	0.000000	0.000000	0.000000	0.000000	0.000000	0.000000	0.000000	0.000000	0.000000	0.000000	0.000000	0.000000	0.000000	0.000000	0.000000	0.000000	0	0.000000	0.000000
208	2026-09-25T05:32:51.669414772Z	208014	loop5	0.000000	0.000000	0.000000	0.000000	0.000000	0.000000	0.000000	0.000000	0.000000	0.000000	0.000000	0.000000	0.000000	0.000000	0.000000	0.000000	0.000000	0	0.000000	0.000000
208	2026-09-25T05:32:51.669414772Z	208014	loop6	0.000000	0.000000	0.000000	0.000000	0.000000	0.000000	0.000000	0.000000	0.000000	0.000000	0.000000	0.000000	0.000000	0.000000	0.000000	0.000000	0.000000	0	0.000000	0.000000
208	2026-09-25T05:32:51.669414772Z	208014	loop7	0.000000	0.000000	0.000000	0.000000	0.000000	0.000000	0.000000	0.000000	0.000000	0.000000	0.000000	0.000000	0.000000	0.000000	0.000000	0.000000	0.000000	0	0.000000	0.000000
208	2026-09-25T05:32:51.669414772Z	208014	nvme0n1	0.000000	1.999095	0.000000	0.000000	0.000000	2.998643	0.000000	0.000000	20470.733390	0.000000	0.000000	0.500000	0.000000	0.000000	0.000000	10240.000000	0.000000	0	0.399819	0.001000
209	2026-09-25T05:32:52.6689574Z	209014	loop0	0.000000	0.000000	0.000000	0.000000	0.000000	0.000000	0.000000	0.000000	0.000000	0.000000	0.000000	0.000000	0.000000	0.000000	0.000000	0.000000	0.000000	0	0.000000	0.000000
209	2026-09-25T05:32:52.6689574Z	209014	loop1	0.000000	0.000000	0.000000	0.000000	0.000000	0.000000	0.000000	0.000000	0.000000	0.000000	0.000000	0.000000	0.000000	0.000000	0.000000	0.000000	0.000000	0	0.000000	0.000000
209	2026-09-25T05:32:52.6689574Z	209014	loop2	0.000000	0.000000	0.000000	0.000000	0.000000	0.000000	0.000000	0.000000	0.000000	0.000000	0.000000	0.000000	0.000000	0.000000	0.000000	0.000000	0.000000	0	0.000000	0.000000
209	2026-09-25T05:32:52.6689574Z	209014	loop3	0.000000	0.000000	0.000000	0.000000	0.000000	0.000000	0.000000	0.000000	0.000000	0.000000	0.000000	0.000000	0.000000	0.000000	0.000000	0.000000	0.000000	0	0.000000	0.000000
209	2026-09-25T05:32:52.6689574Z	209014	loop4	0.000000	0.000000	0.000000	0.000000	0.000000	0.000000	0.000000	0.000000	0.000000	0.000000	0.000000	0.000000	0.000000	0.000000	0.000000	0.000000	0.000000	0	0.000000	0.000000
209	2026-09-25T05:32:52.6689574Z	209014	loop5	0.000000	0.000000	0.000000	0.000000	0.000000	0.000000	0.000000	0.000000	0.000000	0.000000	0.000000	0.000000	0.000000	0.000000	0.000000	0.000000	0.000000	0	0.000000	0.000000
209	2026-09-25T05:32:52.6689574Z	209014	loop6	0.000000	0.000000	0.000000	0.000000	0.000000	0.000000	0.000000	0.000000	0.000000	0.000000	0.000000	0.000000	0.000000	0.000000	0.000000	0.000000	0.000000	0	0.000000	0.000000
209	2026-09-25T05:32:52.6689574Z	209014	loop7	0.000000	0.000000	0.000000	0.000000	0.000000	0.000000	0.000000	0.000000	0.000000	0.000000	0.000000	0.000000	0.000000	0.000000	0.000000	0.000000	0.000000	0	0.000000	0.000000
209	2026-09-25T05:32:52.6689574Z	209014	nvme0n1	0.000000	0.000000	0.000000	0.000000	0.000000	0.000000	0.000000	0.000000	0.000000	0.000000	0.000000	0.000000	0.000000	0.000000	0.000000	0.000000	0.000000	0	0.000000	0.000000
210	2026-09-25T05:32:53.669275314Z	210014	loop0	0.000000	0.000000	0.000000	0.000000	0.000000	0.000000	0.000000	0.000000	0.000000	0.000000	0.000000	0.000000	0.000000	0.000000	0.000000	0.000000	0.000000	0	0.000000	0.000000
210	2026-09-25T05:32:53.669275314Z	210014	loop1	0.000000	0.000000	0.000000	0.000000	0.000000	0.000000	0.000000	0.000000	0.000000	0.000000	0.000000	0.000000	0.000000	0.000000	0.000000	0.000000	0.000000	0	0.000000	0.000000
210	2026-09-25T05:32:53.669275314Z	210014	loop2	0.000000	0.000000	0.000000	0.000000	0.000000	0.000000	0.000000	0.000000	0.000000	0.000000	0.000000	0.000000	0.000000	0.000000	0.000000	0.000000	0.000000	0	0.000000	0.000000
210	2026-09-25T05:32:53.669275314Z	210014	loop3	0.000000	0.000000	0.000000	0.000000	0.000000	0.000000	0.000000	0.000000	0.000000	0.000000	0.000000	0.000000	0.000000	0.000000	0.000000	0.000000	0.000000	0	0.000000	0.000000
210	2026-09-25T05:32:53.669275314Z	210014	loop4	0.000000	0.000000	0.000000	0.000000	0.000000	0.000000	0.000000	0.000000	0.000000	0.000000	0.000000	0.000000	0.000000	0.000000	0.000000	0.000000	0.000000	0	0.000000	0.000000
210	2026-09-25T05:32:53.669275314Z	210014	loop5	0.000000	0.000000	0.000000	0.000000	0.000000	0.000000	0.000000	0.000000	0.000000	0.000000	0.000000	0.000000	0.000000	0.000000	0.000000	0.000000	0.000000	0	0.000000	0.000000
210	2026-09-25T05:32:53.669275314Z	210014	loop6	0.000000	0.000000	0.000000	0.000000	0.000000	0.000000	0.000000	0.000000	0.000000	0.000000	0.000000	0.000000	0.000000	0.000000	0.000000	0.000000	0.000000	0	0.000000	0.000000
210	2026-09-25T05:32:53.669275314Z	210014	loop7	0.000000	0.000000	0.000000	0.000000	0.000000	0.000000	0.000000	0.000000	0.000000	0.000000	0.000000	0.000000	0.000000	0.000000	0.000000	0.000000	0.000000	0	0.000000	0.000000
210	2026-09-25T05:32:53.669275314Z	210014	nvme0n1	0.000000	0.000000	0.000000	0.000000	0.000000	0.000000	0.000000	0.000000	0.000000	0.000000	0.000000	0.000000	0.000000	0.000000	0.000000	0.000000	0.000000	0	0.000000	0.000000
211	2026-09-25T05:32:54.669191326Z	211014	loop0	0.000000	0.000000	0.000000	0.000000	0.000000	0.000000	0.000000	0.000000	0.000000	0.000000	0.000000	0.000000	0.000000	0.000000	0.000000	0.000000	0.000000	0	0.000000	0.000000
211	2026-09-25T05:32:54.669191326Z	211014	loop1	0.000000	0.000000	0.000000	0.000000	0.000000	0.000000	0.000000	0.000000	0.000000	0.000000	0.000000	0.000000	0.000000	0.000000	0.000000	0.000000	0.000000	0	0.000000	0.000000
211	2026-09-25T05:32:54.669191326Z	211014	loop2	0.000000	0.000000	0.000000	0.000000	0.000000	0.000000	0.000000	0.000000	0.000000	0.000000	0.000000	0.000000	0.000000	0.000000	0.000000	0.000000	0.000000	0	0.000000	0.000000
211	2026-09-25T05:32:54.669191326Z	211014	loop3	0.000000	0.000000	0.000000	0.000000	0.000000	0.000000	0.000000	0.000000	0.000000	0.000000	0.000000	0.000000	0.000000	0.000000	0.000000	0.000000	0.000000	0	0.000000	0.000000
211	2026-09-25T05:32:54.669191326Z	211014	loop4	0.000000	0.000000	0.000000	0.000000	0.000000	0.000000	0.000000	0.000000	0.000000	0.000000	0.000000	0.000000	0.000000	0.000000	0.000000	0.000000	0.000000	0	0.000000	0.000000
211	2026-09-25T05:32:54.669191326Z	211014	loop5	0.000000	0.000000	0.000000	0.000000	0.000000	0.000000	0.000000	0.000000	0.000000	0.000000	0.000000	0.000000	0.000000	0.000000	0.000000	0.000000	0.000000	0	0.000000	0.000000
211	2026-09-25T05:32:54.669191326Z	211014	loop6	0.000000	0.000000	0.000000	0.000000	0.000000	0.000000	0.000000	0.000000	0.000000	0.000000	0.000000	0.000000	0.000000	0.000000	0.000000	0.000000	0.000000	0	0.000000	0.000000
211	2026-09-25T05:32:54.669191326Z	211014	loop7	0.000000	0.000000	0.000000	0.000000	0.000000	0.000000	0.000000	0.000000	0.000000	0.000000	0.000000	0.000000	0.000000	0.000000	0.000000	0.000000	0.000000	0	0.000000	0.000000
211	2026-09-25T05:32:54.669191326Z	211014	nvme0n1	0.000000	4.000336	0.000000	0.000000	0.000000	3.000252	0.000000	0.000000	94215.911499	0.000000	0.000000	0.750000	0.000000	0.000000	0.000000	23552.000000	0.000000	0	0.400034	0.002000
212	2026-09-25T05:32:55.66892614Z	212014	loop0	0.000000	0.000000	0.000000	0.000000	0.000000	0.000000	0.000000	0.000000	0.000000	0.000000	0.000000	0.000000	0.000000	0.000000	0.000000	0.000000	0.000000	0	0.000000	0.000000
212	2026-09-25T05:32:55.66892614Z	212014	loop1	0.000000	0.000000	0.000000	0.000000	0.000000	0.000000	0.000000	0.000000	0.000000	0.000000	0.000000	0.000000	0.000000	0.000000	0.000000	0.000000	0.000000	0	0.000000	0.000000
212	2026-09-25T05:32:55.66892614Z	212014	loop2	0.000000	0.000000	0.000000	0.000000	0.000000	0.000000	0.000000	0.000000	0.000000	0.000000	0.000000	0.000000	0.000000	0.000000	0.000000	0.000000	0.000000	0	0.000000	0.000000
212	2026-09-25T05:32:55.66892614Z	212014	loop3	0.000000	0.000000	0.000000	0.000000	0.000000	0.000000	0.000000	0.000000	0.000000	0.000000	0.000000	0.000000	0.000000	0.000000	0.000000	0.000000	0.000000	0	0.000000	0.000000
212	2026-09-25T05:32:55.66892614Z	212014	loop4	0.000000	0.000000	0.000000	0.000000	0.000000	0.000000	0.000000	0.000000	0.000000	0.000000	0.000000	0.000000	0.000000	0.000000	0.000000	0.000000	0.000000	0	0.000000	0.000000
212	2026-09-25T05:32:55.66892614Z	212014	loop5	0.000000	0.000000	0.000000	0.000000	0.000000	0.000000	0.000000	0.000000	0.000000	0.000000	0.000000	0.000000	0.000000	0.000000	0.000000	0.000000	0.000000	0	0.000000	0.000000
212	2026-09-25T05:32:55.66892614Z	212014	loop6	0.000000	0.000000	0.000000	0.000000	0.000000	0.000000	0.000000	0.000000	0.000000	0.000000	0.000000	0.000000	0.000000	0.000000	0.000000	0.000000	0.000000	0	0.000000	0.000000
212	2026-09-25T05:32:55.66892614Z	212014	loop7	0.000000	0.000000	0.000000	0.000000	0.000000	0.000000	0.000000	0.000000	0.000000	0.000000	0.000000	0.000000	0.000000	0.000000	0.000000	0.000000	0.000000	0	0.000000	0.000000
212	2026-09-25T05:32:55.66892614Z	212014	nvme0n1	0.000000	0.000000	0.000000	0.000000	0.000000	0.000000	0.000000	0.000000	0.000000	0.000000	0.000000	0.000000	0.000000	0.000000	0.000000	0.000000	0.000000	0	0.000000	0.000000
213	2026-09-25T05:32:56.669250284Z	213014	loop0	0.000000	0.000000	0.000000	0.000000	0.000000	0.000000	0.000000	0.000000	0.000000	0.000000	0.000000	0.000000	0.000000	0.000000	0.000000	0.000000	0.000000	0	0.000000	0.000000
213	2026-09-25T05:32:56.669250284Z	213014	loop1	0.000000	0.000000	0.000000	0.000000	0.000000	0.000000	0.000000	0.000000	0.000000	0.000000	0.000000	0.000000	0.000000	0.000000	0.000000	0.000000	0.000000	0	0.000000	0.000000
213	2026-09-25T05:32:56.669250284Z	213014	loop2	0.000000	0.000000	0.000000	0.000000	0.000000	0.000000	0.000000	0.000000	0.000000	0.000000	0.000000	0.000000	0.000000	0.000000	0.000000	0.000000	0.000000	0	0.000000	0.000000
213	2026-09-25T05:32:56.669250284Z	213014	loop3	0.000000	0.000000	0.000000	0.000000	0.000000	0.000000	0.000000	0.000000	0.000000	0.000000	0.000000	0.000000	0.000000	0.000000	0.000000	0.000000	0.000000	0	0.000000	0.000000
213	2026-09-25T05:32:56.669250284Z	213014	loop4	0.000000	0.000000	0.000000	0.000000	0.000000	0.000000	0.000000	0.000000	0.000000	0.000000	0.000000	0.000000	0.000000	0.000000	0.000000	0.000000	0.000000	0	0.000000	0.000000
213	2026-09-25T05:32:56.669250284Z	213014	loop5	0.000000	0.000000	0.000000	0.000000	0.000000	0.000000	0.000000	0.000000	0.000000	0.000000	0.000000	0.000000	0.000000	0.000000	0.000000	0.000000	0.000000	0	0.000000	0.000000
213	2026-09-25T05:32:56.669250284Z	213014	loop6	0.000000	0.000000	0.000000	0.000000	0.000000	0.000000	0.000000	0.000000	0.000000	0.000000	0.000000	0.000000	0.000000	0.000000	0.000000	0.000000	0.000000	0	0.000000	0.000000
213	2026-09-25T05:32:56.669250284Z	213014	loop7	0.000000	0.000000	0.000000	0.000000	0.000000	0.000000	0.000000	0.000000	0.000000	0.000000	0.000000	0.000000	0.000000	0.000000	0.000000	0.000000	0.000000	0	0.000000	0.000000
213	2026-09-25T05:32:56.669250284Z	213014	nvme0n1	0.000000	1.999352	0.000000	0.000000	0.000000	10.996435	0.000000	0.000000	53230.744988	0.000000	0.000000	0.500000	0.000000	0.000000	0.000000	26624.000000	0.000000	0	0.399870	0.001000
214	2026-09-25T05:32:57.66923681Z	214014	loop0	0.000000	0.000000	0.000000	0.000000	0.000000	0.000000	0.000000	0.000000	0.000000	0.000000	0.000000	0.000000	0.000000	0.000000	0.000000	0.000000	0.000000	0	0.000000	0.000000
214	2026-09-25T05:32:57.66923681Z	214014	loop1	0.000000	0.000000	0.000000	0.000000	0.000000	0.000000	0.000000	0.000000	0.000000	0.000000	0.000000	0.000000	0.000000	0.000000	0.000000	0.000000	0.000000	0	0.000000	0.000000
214	2026-09-25T05:32:57.66923681Z	214014	loop2	0.000000	0.000000	0.000000	0.000000	0.000000	0.000000	0.000000	0.000000	0.000000	0.000000	0.000000	0.000000	0.000000	0.000000	0.000000	0.000000	0.000000	0	0.000000	0.000000
214	2026-09-25T05:32:57.66923681Z	214014	loop3	0.000000	0.000000	0.000000	0.000000	0.000000	0.000000	0.000000	0.000000	0.000000	0.000000	0.000000	0.000000	0.000000	0.000000	0.000000	0.000000	0.000000	0	0.000000	0.000000
214	2026-09-25T05:32:57.66923681Z	214014	loop4	0.000000	0.000000	0.000000	0.000000	0.000000	0.000000	0.000000	0.000000	0.000000	0.000000	0.000000	0.000000	0.000000	0.000000	0.000000	0.000000	0.000000	0	0.000000	0.000000
214	2026-09-25T05:32:57.66923681Z	214014	loop5	0.000000	0.000000	0.000000	0.000000	0.000000	0.000000	0.000000	0.000000	0.000000	0.000000	0.000000	0.000000	0.000000	0.000000	0.000000	0.000000	0.000000	0	0.000000	0.000000
214	2026-09-25T05:32:57.66923681Z	214014	loop6	0.000000	0.000000	0.000000	0.000000	0.000000	0.000000	0.000000	0.000000	0.000000	0.000000	0.000000	0.000000	0.000000	0.000000	0.000000	0.000000	0.000000	0	0.000000	0.000000
214	2026-09-25T05:32:57.66923681Z	214014	loop7	0.000000	0.000000	0.000000	0.000000	0.000000	0.000000	0.000000	0.000000	0.000000	0.000000	0.000000	0.000000	0.000000	0.000000	0.000000	0.000000	0.000000	0	0.000000	0.000000
214	2026-09-25T05:32:57.66923681Z	214014	nvme0n1	0.000000	0.000000	0.000000	0.000000	0.000000	0.000000	0.000000	0.000000	0.000000	0.000000	0.000000	0.000000	0.000000	0.000000	0.000000	0.000000	0.000000	0	0.000000	0.000000
215	2026-09-25T05:32:58.66934192Z	215014	loop0	0.000000	0.000000	0.000000	0.000000	0.000000	0.000000	0.000000	0.000000	0.000000	0.000000	0.000000	0.000000	0.000000	0.000000	0.000000	0.000000	0.000000	0	0.000000	0.000000
215	2026-09-25T05:32:58.66934192Z	215014	loop1	0.000000	0.000000	0.000000	0.000000	0.000000	0.000000	0.000000	0.000000	0.000000	0.000000	0.000000	0.000000	0.000000	0.000000	0.000000	0.000000	0.000000	0	0.000000	0.000000
215	2026-09-25T05:32:58.66934192Z	215014	loop2	0.000000	0.000000	0.000000	0.000000	0.000000	0.000000	0.000000	0.000000	0.000000	0.000000	0.000000	0.000000	0.000000	0.000000	0.000000	0.000000	0.000000	0	0.000000	0.000000
215	2026-09-25T05:32:58.66934192Z	215014	loop3	0.000000	0.000000	0.000000	0.000000	0.000000	0.000000	0.000000	0.000000	0.000000	0.000000	0.000000	0.000000	0.000000	0.000000	0.000000	0.000000	0.000000	0	0.000000	0.000000
215	2026-09-25T05:32:58.66934192Z	215014	loop4	0.000000	0.000000	0.000000	0.000000	0.000000	0.000000	0.000000	0.000000	0.000000	0.000000	0.000000	0.000000	0.000000	0.000000	0.000000	0.000000	0.000000	0	0.000000	0.000000
215	2026-09-25T05:32:58.66934192Z	215014	loop5	0.000000	0.000000	0.000000	0.000000	0.000000	0.000000	0.000000	0.000000	0.000000	0.000000	0.000000	0.000000	0.000000	0.000000	0.000000	0.000000	0.000000	0	0.000000	0.000000
215	2026-09-25T05:32:58.66934192Z	215014	loop6	0.000000	0.000000	0.000000	0.000000	0.000000	0.000000	0.000000	0.000000	0.000000	0.000000	0.000000	0.000000	0.000000	0.000000	0.000000	0.000000	0.000000	0	0.000000	0.000000
215	2026-09-25T05:32:58.66934192Z	215014	loop7	0.000000	0.000000	0.000000	0.000000	0.000000	0.000000	0.000000	0.000000	0.000000	0.000000	0.000000	0.000000	0.000000	0.000000	0.000000	0.000000	0.000000	0	0.000000	0.000000
215	2026-09-25T05:32:58.66934192Z	215014	nvme0n1	0.000000	0.000000	0.000000	0.000000	0.000000	0.000000	0.000000	0.000000	0.000000	0.000000	0.000000	0.000000	0.000000	0.000000	0.000000	0.000000	0.000000	0	0.000000	0.000000
216	2026-09-25T05:32:59.668961424Z	216014	loop0	0.000000	0.000000	0.000000	0.000000	0.000000	0.000000	0.000000	0.000000	0.000000	0.000000	0.000000	0.000000	0.000000	0.000000	0.000000	0.000000	0.000000	0	0.000000	0.000000
216	2026-09-25T05:32:59.668961424Z	216014	loop1	0.000000	0.000000	0.000000	0.000000	0.000000	0.000000	0.000000	0.000000	0.000000	0.000000	0.000000	0.000000	0.000000	0.000000	0.000000	0.000000	0.000000	0	0.000000	0.000000
216	2026-09-25T05:32:59.668961424Z	216014	loop2	0.000000	0.000000	0.000000	0.000000	0.000000	0.000000	0.000000	0.000000	0.000000	0.000000	0.000000	0.000000	0.000000	0.000000	0.000000	0.000000	0.000000	0	0.000000	0.000000
216	2026-09-25T05:32:59.668961424Z	216014	loop3	0.000000	0.000000	0.000000	0.000000	0.000000	0.000000	0.000000	0.000000	0.000000	0.000000	0.000000	0.000000	0.000000	0.000000	0.000000	0.000000	0.000000	0	0.000000	0.000000
216	2026-09-25T05:32:59.668961424Z	216014	loop4	0.000000	0.000000	0.000000	0.000000	0.000000	0.000000	0.000000	0.000000	0.000000	0.000000	0.000000	0.000000	0.000000	0.000000	0.000000	0.000000	0.000000	0	0.000000	0.000000
216	2026-09-25T05:32:59.668961424Z	216014	loop5	0.000000	0.000000	0.000000	0.000000	0.000000	0.000000	0.000000	0.000000	0.000000	0.000000	0.000000	0.000000	0.000000	0.000000	0.000000	0.000000	0.000000	0	0.000000	0.000000
216	2026-09-25T05:32:59.668961424Z	216014	loop6	0.000000	0.000000	0.000000	0.000000	0.000000	0.000000	0.000000	0.000000	0.000000	0.000000	0.000000	0.000000	0.000000	0.000000	0.000000	0.000000	0.000000	0	0.000000	0.000000
216	2026-09-25T05:32:59.668961424Z	216014	loop7	0.000000	0.000000	0.000000	0.000000	0.000000	0.000000	0.000000	0.000000	0.000000	0.000000	0.000000	0.000000	0.000000	0.000000	0.000000	0.000000	0.000000	0	0.000000	0.000000
216	2026-09-25T05:32:59.668961424Z	216014	nvme0n1	0.000000	3.001142	0.000000	0.000000	0.000000	3.001142	0.000000	0.000000	110634.087862	0.000000	0.000000	0.666667	0.000000	0.000000	0.000000	36864.000000	0.000000	0	0.400152	0.002001
217	2026-09-25T05:33:00.669193502Z	217014	loop0	0.000000	0.000000	0.000000	0.000000	0.000000	0.000000	0.000000	0.000000	0.000000	0.000000	0.000000	0.000000	0.000000	0.000000	0.000000	0.000000	0.000000	0	0.000000	0.000000
217	2026-09-25T05:33:00.669193502Z	217014	loop1	0.000000	0.000000	0.000000	0.000000	0.000000	0.000000	0.000000	0.000000	0.000000	0.000000	0.000000	0.000000	0.000000	0.000000	0.000000	0.000000	0.000000	0	0.000000	0.000000
217	2026-09-25T05:33:00.669193502Z	217014	loop2	0.000000	0.000000	0.000000	0.000000	0.000000	0.000000	0.000000	0.000000	0.000000	0.000000	0.000000	0.000000	0.000000	0.000000	0.000000	0.000000	0.000000	0	0.000000	0.000000
217	2026-09-25T05:33:00.669193502Z	217014	loop3	0.000000	0.000000	0.000000	0.000000	0.000000	0.000000	0.000000	0.000000	0.000000	0.000000	0.000000	0.000000	0.000000	0.000000	0.000000	0.000000	0.000000	0	0.000000	0.000000
217	2026-09-25T05:33:00.669193502Z	217014	loop4	0.000000	0.000000	0.000000	0.000000	0.000000	0.000000	0.000000	0.000000	0.000000	0.000000	0.000000	0.000000	0.000000	0.000000	0.000000	0.000000	0.000000	0	0.000000	0.000000
217	2026-09-25T05:33:00.669193502Z	217014	loop5	0.000000	0.000000	0.000000	0.000000	0.000000	0.000000	0.000000	0.000000	0.000000	0.000000	0.000000	0.000000	0.000000	0.000000	0.000000	0.000000	0.000000	0	0.000000	0.000000
217	2026-09-25T05:33:00.669193502Z	217014	loop6	0.000000	0.000000	0.000000	0.000000	0.000000	0.000000	0.000000	0.000000	0.000000	0.000000	0.000000	0.000000	0.000000	0.000000	0.000000	0.000000	0.000000	0	0.000000	0.000000
217	2026-09-25T05:33:00.669193502Z	217014	loop7	0.000000	0.000000	0.000000	0.000000	0.000000	0.000000	0.000000	0.000000	0.000000	0.000000	0.000000	0.000000	0.000000	0.000000	0.000000	0.000000	0.000000	0	0.000000	0.000000
217	2026-09-25T05:33:00.669193502Z	217014	nvme0n1	0.000000	0.000000	0.000000	0.000000	0.000000	0.000000	0.000000	0.000000	0.000000	0.000000	0.000000	0.000000	0.000000	0.000000	0.000000	0.000000	0.000000	0	0.000000	0.000000
218	2026-09-25T05:33:01.669814122Z	218014	loop0	0.000000	0.000000	0.000000	0.000000	0.000000	0.000000	0.000000	0.000000	0.000000	0.000000	0.000000	0.000000	0.000000	0.000000	0.000000	0.000000	0.000000	0	0.000000	0.000000
218	2026-09-25T05:33:01.669814122Z	218014	loop1	0.000000	0.000000	0.000000	0.000000	0.000000	0.000000	0.000000	0.000000	0.000000	0.000000	0.000000	0.000000	0.000000	0.000000	0.000000	0.000000	0.000000	0	0.000000	0.000000
218	2026-09-25T05:33:01.669814122Z	218014	loop2	0.000000	0.000000	0.000000	0.000000	0.000000	0.000000	0.000000	0.000000	0.000000	0.000000	0.000000	0.000000	0.000000	0.000000	0.000000	0.000000	0.000000	0	0.000000	0.000000
218	2026-09-25T05:33:01.669814122Z	218014	loop3	0.000000	0.000000	0.000000	0.000000	0.000000	0.000000	0.000000	0.000000	0.000000	0.000000	0.000000	0.000000	0.000000	0.000000	0.000000	0.000000	0.000000	0	0.000000	0.000000
218	2026-09-25T05:33:01.669814122Z	218014	loop4	0.000000	0.000000	0.000000	0.000000	0.000000	0.000000	0.000000	0.000000	0.000000	0.000000	0.000000	0.000000	0.000000	0.000000	0.000000	0.000000	0.000000	0	0.000000	0.000000
218	2026-09-25T05:33:01.669814122Z	218014	loop5	0.000000	0.000000	0.000000	0.000000	0.000000	0.000000	0.000000	0.000000	0.000000	0.000000	0.000000	0.000000	0.000000	0.000000	0.000000	0.000000	0.000000	0	0.000000	0.000000
218	2026-09-25T05:33:01.669814122Z	218014	loop6	0.000000	0.000000	0.000000	0.000000	0.000000	0.000000	0.000000	0.000000	0.000000	0.000000	0.000000	0.000000	0.000000	0.000000	0.000000	0.000000	0.000000	0	0.000000	0.000000
218	2026-09-25T05:33:01.669814122Z	218014	loop7	0.000000	0.000000	0.000000	0.000000	0.000000	0.000000	0.000000	0.000000	0.000000	0.000000	0.000000	0.000000	0.000000	0.000000	0.000000	0.000000	0.000000	0	0.000000	0.000000
218	2026-09-25T05:33:01.669814122Z	218014	nvme0n1	0.000000	1.998760	0.000000	0.000000	0.000000	7.995038	0.000000	0.000000	40934.595008	0.000000	0.000000	0.500000	0.000000	0.000000	0.000000	20480.000000	0.000000	0	0.799504	0.000999
219	2026-09-25T05:33:02.668955765Z	219014	loop0	0.000000	0.000000	0.000000	0.000000	0.000000	0.000000	0.000000	0.000000	0.000000	0.000000	0.000000	0.000000	0.000000	0.000000	0.000000	0.000000	0.000000	0	0.000000	0.000000
219	2026-09-25T05:33:02.668955765Z	219014	loop1	0.000000	0.000000	0.000000	0.000000	0.000000	0.000000	0.000000	0.000000	0.000000	0.000000	0.000000	0.000000	0.000000	0.000000	0.000000	0.000000	0.000000	0	0.000000	0.000000
219	2026-09-25T05:33:02.668955765Z	219014	loop2	0.000000	0.000000	0.000000	0.000000	0.000000	0.000000	0.000000	0.000000	0.000000	0.000000	0.000000	0.000000	0.000000	0.000000	0.000000	0.000000	0.000000	0	0.000000	0.000000
219	2026-09-25T05:33:02.668955765Z	219014	loop3	0.000000	0.000000	0.000000	0.000000	0.000000	0.000000	0.000000	0.000000	0.000000	0.000000	0.000000	0.000000	0.000000	0.000000	0.000000	0.000000	0.000000	0	0.000000	0.000000
219	2026-09-25T05:33:02.668955765Z	219014	loop4	0.000000	0.000000	0.000000	0.000000	0.000000	0.000000	0.000000	0.000000	0.000000	0.000000	0.000000	0.000000	0.000000	0.000000	0.000000	0.000000	0.000000	0	0.000000	0.000000
219	2026-09-25T05:33:02.668955765Z	219014	loop5	0.000000	0.000000	0.000000	0.000000	0.000000	0.000000	0.000000	0.000000	0.000000	0.000000	0.000000	0.000000	0.000000	0.000000	0.000000	0.000000	0.000000	0	0.000000	0.000000
219	2026-09-25T05:33:02.668955765Z	219014	loop6	0.000000	0.000000	0.000000	0.000000	0.000000	0.000000	0.000000	0.000000	0.000000	0.000000	0.000000	0.000000	0.000000	0.000000	0.000000	0.000000	0.000000	0	0.000000	0.000000
219	2026-09-25T05:33:02.668955765Z	219014	loop7	0.000000	0.000000	0.000000	0.000000	0.000000	0.000000	0.000000	0.000000	0.000000	0.000000	0.000000	0.000000	0.000000	0.000000	0.000000	0.000000	0.000000	0	0.000000	0.000000
219	2026-09-25T05:33:02.668955765Z	219014	nvme0n1	0.000000	0.000000	0.000000	0.000000	0.000000	0.000000	0.000000	0.000000	0.000000	0.000000	0.000000	0.000000	0.000000	0.000000	0.000000	0.000000	0.000000	0	0.000000	0.000000
220	2026-09-25T05:33:03.669356508Z	220014	loop0	0.000000	0.000000	0.000000	0.000000	0.000000	0.000000	0.000000	0.000000	0.000000	0.000000	0.000000	0.000000	0.000000	0.000000	0.000000	0.000000	0.000000	0	0.000000	0.000000
220	2026-09-25T05:33:03.669356508Z	220014	loop1	0.000000	0.000000	0.000000	0.000000	0.000000	0.000000	0.000000	0.000000	0.000000	0.000000	0.000000	0.000000	0.000000	0.000000	0.000000	0.000000	0.000000	0	0.000000	0.000000
220	2026-09-25T05:33:03.669356508Z	220014	loop2	0.000000	0.000000	0.000000	0.000000	0.000000	0.000000	0.000000	0.000000	0.000000	0.000000	0.000000	0.000000	0.000000	0.000000	0.000000	0.000000	0.000000	0	0.000000	0.000000
220	2026-09-25T05:33:03.669356508Z	220014	loop3	0.000000	0.000000	0.000000	0.000000	0.000000	0.000000	0.000000	0.000000	0.000000	0.000000	0.000000	0.000000	0.000000	0.000000	0.000000	0.000000	0.000000	0	0.000000	0.000000
220	2026-09-25T05:33:03.669356508Z	220014	loop4	0.000000	0.000000	0.000000	0.000000	0.000000	0.000000	0.000000	0.000000	0.000000	0.000000	0.000000	0.000000	0.000000	0.000000	0.000000	0.000000	0.000000	0	0.000000	0.000000
220	2026-09-25T05:33:03.669356508Z	220014	loop5	0.000000	0.000000	0.000000	0.000000	0.000000	0.000000	0.000000	0.000000	0.000000	0.000000	0.000000	0.000000	0.000000	0.000000	0.000000	0.000000	0.000000	0	0.000000	0.000000
220	2026-09-25T05:33:03.669356508Z	220014	loop6	0.000000	0.000000	0.000000	0.000000	0.000000	0.000000	0.000000	0.000000	0.000000	0.000000	0.000000	0.000000	0.000000	0.000000	0.000000	0.000000	0.000000	0	0.000000	0.000000
220	2026-09-25T05:33:03.669356508Z	220014	loop7	0.000000	0.000000	0.000000	0.000000	0.000000	0.000000	0.000000	0.000000	0.000000	0.000000	0.000000	0.000000	0.000000	0.000000	0.000000	0.000000	0.000000	0	0.000000	0.000000
220	2026-09-25T05:33:03.669356508Z	220014	nvme0n1	0.000000	0.000000	0.000000	0.000000	0.000000	0.000000	0.000000	0.000000	0.000000	0.000000	0.000000	0.000000	0.000000	0.000000	0.000000	0.000000	0.000000	0	0.000000	0.000000
221	2026-09-25T05:33:04.669728471Z	221014	loop0	0.000000	0.000000	0.000000	0.000000	0.000000	0.000000	0.000000	0.000000	0.000000	0.000000	0.000000	0.000000	0.000000	0.000000	0.000000	0.000000	0.000000	0	0.000000	0.000000
221	2026-09-25T05:33:04.669728471Z	221014	loop1	0.000000	0.000000	0.000000	0.000000	0.000000	0.000000	0.000000	0.000000	0.000000	0.000000	0.000000	0.000000	0.000000	0.000000	0.000000	0.000000	0.000000	0	0.000000	0.000000
221	2026-09-25T05:33:04.669728471Z	221014	loop2	0.000000	0.000000	0.000000	0.000000	0.000000	0.000000	0.000000	0.000000	0.000000	0.000000	0.000000	0.000000	0.000000	0.000000	0.000000	0.000000	0.000000	0	0.000000	0.000000
221	2026-09-25T05:33:04.669728471Z	221014	loop3	0.000000	0.000000	0.000000	0.000000	0.000000	0.000000	0.000000	0.000000	0.000000	0.000000	0.000000	0.000000	0.000000	0.000000	0.000000	0.000000	0.000000	0	0.000000	0.000000
221	2026-09-25T05:33:04.669728471Z	221014	loop4	0.000000	0.000000	0.000000	0.000000	0.000000	0.000000	0.000000	0.000000	0.000000	0.000000	0.000000	0.000000	0.000000	0.000000	0.000000	0.000000	0.000000	0	0.000000	0.000000
221	2026-09-25T05:33:04.669728471Z	221014	loop5	0.000000	0.000000	0.000000	0.000000	0.000000	0.000000	0.000000	0.000000	0.000000	0.000000	0.000000	0.000000	0.000000	0.000000	0.000000	0.000000	0.000000	0	0.000000	0.000000
221	2026-09-25T05:33:04.669728471Z	221014	loop6	0.000000	0.000000	0.000000	0.000000	0.000000	0.000000	0.000000	0.000000	0.000000	0.000000	0.000000	0.000000	0.000000	0.000000	0.000000	0.000000	0.000000	0	0.000000	0.000000
221	2026-09-25T05:33:04.669728471Z	221014	loop7	0.000000	0.000000	0.000000	0.000000	0.000000	0.000000	0.000000	0.000000	0.000000	0.000000	0.000000	0.000000	0.000000	0.000000	0.000000	0.000000	0.000000	0	0.000000	0.000000
221	2026-09-25T05:33:04.669728471Z	221014	nvme0n1	0.000000	0.000000	0.000000	0.000000	0.000000	0.000000	0.000000	0.000000	0.000000	0.000000	0.000000	0.000000	0.000000	0.000000	0.000000	0.000000	0.000000	0	0.000000	0.000000
222	2026-09-25T05:33:05.669471063Z	222014	loop0	0.000000	0.000000	0.000000	0.000000	0.000000	0.000000	0.000000	0.000000	0.000000	0.000000	0.000000	0.000000	0.000000	0.000000	0.000000	0.000000	0.000000	0	0.000000	0.000000
222	2026-09-25T05:33:05.669471063Z	222014	loop1	0.000000	0.000000	0.000000	0.000000	0.000000	0.000000	0.000000	0.000000	0.000000	0.000000	0.000000	0.000000	0.000000	0.000000	0.000000	0.000000	0.000000	0	0.000000	0.000000
222	2026-09-25T05:33:05.669471063Z	222014	loop2	0.000000	0.000000	0.000000	0.000000	0.000000	0.000000	0.000000	0.000000	0.000000	0.000000	0.000000	0.000000	0.000000	0.000000	0.000000	0.000000	0.000000	0	0.000000	0.000000
222	2026-09-25T05:33:05.669471063Z	222014	loop3	0.000000	0.000000	0.000000	0.000000	0.000000	0.000000	0.000000	0.000000	0.000000	0.000000	0.000000	0.000000	0.000000	0.000000	0.000000	0.000000	0.000000	0	0.000000	0.000000
222	2026-09-25T05:33:05.669471063Z	222014	loop4	0.000000	0.000000	0.000000	0.000000	0.000000	0.000000	0.000000	0.000000	0.000000	0.000000	0.000000	0.000000	0.000000	0.000000	0.000000	0.000000	0.000000	0	0.000000	0.000000
222	2026-09-25T05:33:05.669471063Z	222014	loop5	0.000000	0.000000	0.000000	0.000000	0.000000	0.000000	0.000000	0.000000	0.000000	0.000000	0.000000	0.000000	0.000000	0.000000	0.000000	0.000000	0.000000	0	0.000000	0.000000
222	2026-09-25T05:33:05.669471063Z	222014	loop6	0.000000	0.000000	0.000000	0.000000	0.000000	0.000000	0.000000	0.000000	0.000000	0.000000	0.000000	0.000000	0.000000	0.000000	0.000000	0.000000	0.000000	0	0.000000	0.000000
222	2026-09-25T05:33:05.669471063Z	222014	loop7	0.000000	0.000000	0.000000	0.000000	0.000000	0.000000	0.000000	0.000000	0.000000	0.000000	0.000000	0.000000	0.000000	0.000000	0.000000	0.000000	0.000000	0	0.000000	0.000000
222	2026-09-25T05:33:05.669471063Z	222014	nvme0n1	0.000000	6.001545	0.000000	0.000000	0.000000	4.001030	0.000000	0.000000	69649.928518	0.000000	0.000000	0.666667	0.000000	0.000000	0.000000	11605.333333	0.000000	0	0.400103	0.004001
223	2026-09-25T05:33:06.668958177Z	223014	loop0	0.000000	0.000000	0.000000	0.000000	0.000000	0.000000	0.000000	0.000000	0.000000	0.000000	0.000000	0.000000	0.000000	0.000000	0.000000	0.000000	0.000000	0	0.000000	0.000000
223	2026-09-25T05:33:06.668958177Z	223014	loop1	0.000000	0.000000	0.000000	0.000000	0.000000	0.000000	0.000000	0.000000	0.000000	0.000000	0.000000	0.000000	0.000000	0.000000	0.000000	0.000000	0.000000	0	0.000000	0.000000
223	2026-09-25T05:33:06.668958177Z	223014	loop2	0.000000	0.000000	0.000000	0.000000	0.000000	0.000000	0.000000	0.000000	0.000000	0.000000	0.000000	0.000000	0.000000	0.000000	0.000000	0.000000	0.000000	0	0.000000	0.000000
223	2026-09-25T05:33:06.668958177Z	223014	loop3	0.000000	0.000000	0.000000	0.000000	0.000000	0.000000	0.000000	0.000000	0.000000	0.000000	0.000000	0.000000	0.000000	0.000000	0.000000	0.000000	0.000000	0	0.000000	0.000000
223	2026-09-25T05:33:06.668958177Z	223014	loop4	0.000000	0.000000	0.000000	0.000000	0.000000	0.000000	0.000000	0.000000	0.000000	0.000000	0.000000	0.000000	0.000000	0.000000	0.000000	0.000000	0.000000	0	0.000000	0.000000
223	2026-09-25T05:33:06.668958177Z	223014	loop5	0.000000	0.000000	0.000000	0.000000	0.000000	0.000000	0.000000	0.000000	0.000000	0.000000	0.000000	0.000000	0.000000	0.000000	0.000000	0.000000	0.000000	0	0.000000	0.000000
223	2026-09-25T05:33:06.668958177Z	223014	loop6	0.000000	0.000000	0.000000	0.000000	0.000000	0.000000	0.000000	0.000000	0.000000	0.000000	0.000000	0.000000	0.000000	0.000000	0.000000	0.000000	0.000000	0	0.000000	0.000000
223	2026-09-25T05:33:06.668958177Z	223014	loop7	0.000000	0.000000	0.000000	0.000000	0.000000	0.000000	0.000000	0.000000	0.000000	0.000000	0.000000	0.000000	0.000000	0.000000	0.000000	0.000000	0.000000	0	0.000000	0.000000
223	2026-09-25T05:33:06.668958177Z	223014	nvme0n1	0.000000	3.001539	0.000000	0.000000	0.000000	14.007184	0.000000	0.000000	69667.732162	0.000000	0.000000	0.333333	0.000000	0.000000	0.000000	23210.666667	0.000000	0	0.800411	0.002001
224	2026-09-25T05:33:07.669230162Z	224014	loop0	0.000000	0.000000	0.000000	0.000000	0.000000	0.000000	0.000000	0.000000	0.000000	0.000000	0.000000	0.000000	0.000000	0.000000	0.000000	0.000000	0.000000	0	0.000000	0.000000
224	2026-09-25T05:33:07.669230162Z	224014	loop1	0.000000	0.000000	0.000000	0.000000	0.000000	0.000000	0.000000	0.000000	0.000000	0.000000	0.000000	0.000000	0.000000	0.000000	0.000000	0.000000	0.000000	0	0.000000	0.000000
224	2026-09-25T05:33:07.669230162Z	224014	loop2	0.000000	0.000000	0.000000	0.000000	0.000000	0.000000	0.000000	0.000000	0.000000	0.000000	0.000000	0.000000	0.000000	0.000000	0.000000	0.000000	0.000000	0	0.000000	0.000000
224	2026-09-25T05:33:07.669230162Z	224014	loop3	0.000000	0.000000	0.000000	0.000000	0.000000	0.000000	0.000000	0.000000	0.000000	0.000000	0.000000	0.000000	0.000000	0.000000	0.000000	0.000000	0.000000	0	0.000000	0.000000
224	2026-09-25T05:33:07.669230162Z	224014	loop4	0.000000	0.000000	0.000000	0.000000	0.000000	0.000000	0.000000	0.000000	0.000000	0.000000	0.000000	0.000000	0.000000	0.000000	0.000000	0.000000	0.000000	0	0.000000	0.000000
224	2026-09-25T05:33:07.669230162Z	224014	loop5	0.000000	0.000000	0.000000	0.000000	0.000000	0.000000	0.000000	0.000000	0.000000	0.000000	0.000000	0.000000	0.000000	0.000000	0.000000	0.000000	0.000000	0	0.000000	0.000000
224	2026-09-25T05:33:07.669230162Z	224014	loop6	0.000000	0.000000	0.000000	0.000000	0.000000	0.000000	0.000000	0.000000	0.000000	0.000000	0.000000	0.000000	0.000000	0.000000	0.000000	0.000000	0.000000	0	0.000000	0.000000
224	2026-09-25T05:33:07.669230162Z	224014	loop7	0.000000	0.000000	0.000000	0.000000	0.000000	0.000000	0.000000	0.000000	0.000000	0.000000	0.000000	0.000000	0.000000	0.000000	0.000000	0.000000	0.000000	0	0.000000	0.000000
224	2026-09-25T05:33:07.669230162Z	224014	nvme0n1	0.000000	10.997009	0.000000	0.000000	0.000000	1.999456	0.000000	0.000000	53233.520642	0.000000	0.000000	0.636364	0.000000	0.000000	0.000000	4840.727273	0.000000	0	0.399891	0.005998
225	2026-09-25T05:33:08.669346193Z	225014	loop0	0.000000	0.000000	0.000000	0.000000	0.000000	0.000000	0.000000	0.000000	0.000000	0.000000	0.000000	0.000000	0.000000	0.000000	0.000000	0.000000	0.000000	0	0.000000	0.000000
225	2026-09-25T05:33:08.669346193Z	225014	loop1	0.000000	0.000000	0.000000	0.000000	0.000000	0.000000	0.000000	0.000000	0.000000	0.000000	0.000000	0.000000	0.000000	0.000000	0.000000	0.000000	0.000000	0	0.000000	0.000000
225	2026-09-25T05:33:08.669346193Z	225014	loop2	0.000000	0.000000	0.000000	0.000000	0.000000	0.000000	0.000000	0.000000	0.000000	0.000000	0.000000	0.000000	0.000000	0.000000	0.000000	0.000000	0.000000	0	0.000000	0.000000
225	2026-09-25T05:33:08.669346193Z	225014	loop3	0.000000	0.000000	0.000000	0.000000	0.000000	0.000000	0.000000	0.000000	0.000000	0.000000	0.000000	0.000000	0.000000	0.000000	0.000000	0.000000	0.000000	0	0.000000	0.000000
225	2026-09-25T05:33:08.669346193Z	225014	loop4	0.000000	0.000000	0.000000	0.000000	0.000000	0.000000	0.000000	0.000000	0.000000	0.000000	0.000000	0.000000	0.000000	0.000000	0.000000	0.000000	0.000000	0	0.000000	0.000000
225	2026-09-25T05:33:08.669346193Z	225014	loop5	0.000000	0.000000	0.000000	0.000000	0.000000	0.000000	0.000000	0.000000	0.000000	0.000000	0.000000	0.000000	0.000000	0.000000	0.000000	0.000000	0.000000	0	0.000000	0.000000
225	2026-09-25T05:33:08.669346193Z	225014	loop6	0.000000	0.000000	0.000000	0.000000	0.000000	0.000000	0.000000	0.000000	0.000000	0.000000	0.000000	0.000000	0.000000	0.000000	0.000000	0.000000	0.000000	0	0.000000	0.000000
225	2026-09-25T05:33:08.669346193Z	225014	loop7	0.000000	0.000000	0.000000	0.000000	0.000000	0.000000	0.000000	0.000000	0.000000	0.000000	0.000000	0.000000	0.000000	0.000000	0.000000	0.000000	0.000000	0	0.000000	0.000000
225	2026-09-25T05:33:08.669346193Z	225014	nvme0n1	0.000000	0.000000	0.000000	0.000000	0.000000	0.000000	0.000000	0.000000	0.000000	0.000000	0.000000	0.000000	0.000000	0.000000	0.000000	0.000000	0.000000	0	0.000000	0.000000
226	2026-09-25T05:33:09.669184971Z	226014	loop0	0.000000	0.000000	0.000000	0.000000	0.000000	0.000000	0.000000	0.000000	0.000000	0.000000	0.000000	0.000000	0.000000	0.000000	0.000000	0.000000	0.000000	0	0.000000	0.000000
226	2026-09-25T05:33:09.669184971Z	226014	loop1	0.000000	0.000000	0.000000	0.000000	0.000000	0.000000	0.000000	0.000000	0.000000	0.000000	0.000000	0.000000	0.000000	0.000000	0.000000	0.000000	0.000000	0	0.000000	0.000000
226	2026-09-25T05:33:09.669184971Z	226014	loop2	0.000000	0.000000	0.000000	0.000000	0.000000	0.000000	0.000000	0.000000	0.000000	0.000000	0.000000	0.000000	0.000000	0.000000	0.000000	0.000000	0.000000	0	0.000000	0.000000
226	2026-09-25T05:33:09.669184971Z	226014	loop3	0.000000	0.000000	0.000000	0.000000	0.000000	0.000000	0.000000	0.000000	0.000000	0.000000	0.000000	0.000000	0.000000	0.000000	0.000000	0.000000	0.000000	0	0.000000	0.000000
226	2026-09-25T05:33:09.669184971Z	226014	loop4	0.000000	0.000000	0.000000	0.000000	0.000000	0.000000	0.000000	0.000000	0.000000	0.000000	0.000000	0.000000	0.000000	0.000000	0.000000	0.000000	0.000000	0	0.000000	0.000000
226	2026-09-25T05:33:09.669184971Z	226014	loop5	0.000000	0.000000	0.000000	0.000000	0.000000	0.000000	0.000000	0.000000	0.000000	0.000000	0.000000	0.000000	0.000000	0.000000	0.000000	0.000000	0.000000	0	0.000000	0.000000
226	2026-09-25T05:33:09.669184971Z	226014	loop6	0.000000	0.000000	0.000000	0.000000	0.000000	0.000000	0.000000	0.000000	0.000000	0.000000	0.000000	0.000000	0.000000	0.000000	0.000000	0.000000	0.000000	0	0.000000	0.000000
226	2026-09-25T05:33:09.669184971Z	226014	loop7	0.000000	0.000000	0.000000	0.000000	0.000000	0.000000	0.000000	0.000000	0.000000	0.000000	0.000000	0.000000	0.000000	0.000000	0.000000	0.000000	0.000000	0	0.000000	0.000000
226	2026-09-25T05:33:09.669184971Z	226014	nvme0n1	0.000000	0.000000	0.000000	0.000000	0.000000	0.000000	0.000000	0.000000	0.000000	0.000000	0.000000	0.000000	0.000000	0.000000	0.000000	0.000000	0.000000	0	0.000000	0.000000
227	2026-09-25T05:33:10.669526186Z	227014	loop0	0.000000	0.000000	0.000000	0.000000	0.000000	0.000000	0.000000	0.000000	0.000000	0.000000	0.000000	0.000000	0.000000	0.000000	0.000000	0.000000	0.000000	0	0.000000	0.000000
227	2026-09-25T05:33:10.669526186Z	227014	loop1	0.000000	0.000000	0.000000	0.000000	0.000000	0.000000	0.000000	0.000000	0.000000	0.000000	0.000000	0.000000	0.000000	0.000000	0.000000	0.000000	0.000000	0	0.000000	0.000000
227	2026-09-25T05:33:10.669526186Z	227014	loop2	0.000000	0.000000	0.000000	0.000000	0.000000	0.000000	0.000000	0.000000	0.000000	0.000000	0.000000	0.000000	0.000000	0.000000	0.000000	0.000000	0.000000	0	0.000000	0.000000
227	2026-09-25T05:33:10.669526186Z	227014	loop3	0.000000	0.000000	0.000000	0.000000	0.000000	0.000000	0.000000	0.000000	0.000000	0.000000	0.000000	0.000000	0.000000	0.000000	0.000000	0.000000	0.000000	0	0.000000	0.000000
227	2026-09-25T05:33:10.669526186Z	227014	loop4	0.000000	0.000000	0.000000	0.000000	0.000000	0.000000	0.000000	0.000000	0.000000	0.000000	0.000000	0.000000	0.000000	0.000000	0.000000	0.000000	0.000000	0	0.000000	0.000000
227	2026-09-25T05:33:10.669526186Z	227014	loop5	0.000000	0.000000	0.000000	0.000000	0.000000	0.000000	0.000000	0.000000	0.000000	0.000000	0.000000	0.000000	0.000000	0.000000	0.000000	0.000000	0.000000	0	0.000000	0.000000
227	2026-09-25T05:33:10.669526186Z	227014	loop6	0.000000	0.000000	0.000000	0.000000	0.000000	0.000000	0.000000	0.000000	0.000000	0.000000	0.000000	0.000000	0.000000	0.000000	0.000000	0.000000	0.000000	0	0.000000	0.000000
227	2026-09-25T05:33:10.669526186Z	227014	loop7	0.000000	0.000000	0.000000	0.000000	0.000000	0.000000	0.000000	0.000000	0.000000	0.000000	0.000000	0.000000	0.000000	0.000000	0.000000	0.000000	0.000000	0	0.000000	0.000000
227	2026-09-25T05:33:10.669526186Z	227014	nvme0n1	9.996589	0.000000	0.000000	0.000000	0.000000	0.000000	0.000000	163784.114240	0.000000	0.000000	0.600000	0.000000	0.000000	0.000000	16384.000000	0.000000	0.000000	0	0.399864	0.006998
228	2026-09-25T05:33:11.668957296Z	228014	loop0	0.000000	0.000000	0.000000	0.000000	0.000000	0.000000	0.000000	0.000000	0.000000	0.000000	0.000000	0.000000	0.000000	0.000000	0.000000	0.000000	0.000000	0	0.000000	0.000000
228	2026-09-25T05:33:11.668957296Z	228014	loop1	0.000000	0.000000	0.000000	0.000000	0.000000	0.000000	0.000000	0.000000	0.000000	0.000000	0.000000	0.000000	0.000000	0.000000	0.000000	0.000000	0.000000	0	0.000000	0.000000
228	2026-09-25T05:33:11.668957296Z	228014	loop2	0.000000	0.000000	0.000000	0.000000	0.000000	0.000000	0.000000	0.000000	0.000000	0.000000	0.000000	0.000000	0.000000	0.000000	0.000000	0.000000	0.000000	0	0.000000	0.000000
228	2026-09-25T05:33:11.668957296Z	228014	loop3	0.000000	0.000000	0.000000	0.000000	0.000000	0.000000	0.000000	0.000000	0.000000	0.000000	0.000000	0.000000	0.000000	0.000000	0.000000	0.000000	0.000000	0	0.000000	0.000000
228	2026-09-25T05:33:11.668957296Z	228014	loop4	0.000000	0.000000	0.000000	0.000000	0.000000	0.000000	0.000000	0.000000	0.000000	0.000000	0.000000	0.000000	0.000000	0.000000	0.000000	0.000000	0.000000	0	0.000000	0.000000
228	2026-09-25T05:33:11.668957296Z	228014	loop5	0.000000	0.000000	0.000000	0.000000	0.000000	0.000000	0.000000	0.000000	0.000000	0.000000	0.000000	0.000000	0.000000	0.000000	0.000000	0.000000	0.000000	0	0.000000	0.000000
228	2026-09-25T05:33:11.668957296Z	228014	loop6	0.000000	0.000000	0.000000	0.000000	0.000000	0.000000	0.000000	0.000000	0.000000	0.000000	0.000000	0.000000	0.000000	0.000000	0.000000	0.000000	0.000000	0	0.000000	0.000000
228	2026-09-25T05:33:11.668957296Z	228014	loop7	0.000000	0.000000	0.000000	0.000000	0.000000	0.000000	0.000000	0.000000	0.000000	0.000000	0.000000	0.000000	0.000000	0.000000	0.000000	0.000000	0.000000	0	0.000000	0.000000
228	2026-09-25T05:33:11.668957296Z	228014	nvme0n1	16.009107	2.001138	0.000000	0.000000	0.000000	3.001708	0.000000	336063.183993	20491.657561	0.000000	0.687500	0.500000	0.000000	0.000000	20992.000000	10240.000000	0.000000	0	1.600911	0.011006
229	2026-09-25T05:33:12.66918477Z	229014	loop0	0.000000	0.000000	0.000000	0.000000	0.000000	0.000000	0.000000	0.000000	0.000000	0.000000	0.000000	0.000000	0.000000	0.000000	0.000000	0.000000	0.000000	0	0.000000	0.000000
229	2026-09-25T05:33:12.66918477Z	229014	loop1	0.000000	0.000000	0.000000	0.000000	0.000000	0.000000	0.000000	0.000000	0.000000	0.000000	0.000000	0.000000	0.000000	0.000000	0.000000	0.000000	0.000000	0	0.000000	0.000000
229	2026-09-25T05:33:12.66918477Z	229014	loop2	0.000000	0.000000	0.000000	0.000000	0.000000	0.000000	0.000000	0.000000	0.000000	0.000000	0.000000	0.000000	0.000000	0.000000	0.000000	0.000000	0.000000	0	0.000000	0.000000
229	2026-09-25T05:33:12.66918477Z	229014	loop3	0.000000	0.000000	0.000000	0.000000	0.000000	0.000000	0.000000	0.000000	0.000000	0.000000	0.000000	0.000000	0.000000	0.000000	0.000000	0.000000	0.000000	0	0.000000	0.000000
229	2026-09-25T05:33:12.66918477Z	229014	loop4	0.000000	0.000000	0.000000	0.000000	0.000000	0.000000	0.000000	0.000000	0.000000	0.000000	0.000000	0.000000	0.000000	0.000000	0.000000	0.000000	0.000000	0	0.000000	0.000000
229	2026-09-25T05:33:12.66918477Z	229014	loop5	0.000000	0.000000	0.000000	0.000000	0.000000	0.000000	0.000000	0.000000	0.000000	0.000000	0.000000	0.000000	0.000000	0.000000	0.000000	0.000000	0.000000	0	0.000000	0.000000
229	2026-09-25T05:33:12.66918477Z	229014	loop6	0.000000	0.000000	0.000000	0.000000	0.000000	0.000000	0.000000	0.000000	0.000000	0.000000	0.000000	0.000000	0.000000	0.000000	0.000000	0.000000	0.000000	0	0.000000	0.000000
229	2026-09-25T05:33:12.66918477Z	229014	loop7	0.000000	0.000000	0.000000	0.000000	0.000000	0.000000	0.000000	0.000000	0.000000	0.000000	0.000000	0.000000	0.000000	0.000000	0.000000	0.000000	0.000000	0	0.000000	0.000000
229	2026-09-25T05:33:12.66918477Z	229014	nvme0n1	0.000000	0.000000	0.000000	0.000000	0.000000	0.000000	0.000000	0.000000	0.000000	0.000000	0.000000	0.000000	0.000000	0.000000	0.000000	0.000000	0.000000	0	0.000000	0.000000
230	2026-09-25T05:33:13.669226536Z	230014	loop0	0.000000	0.000000	0.000000	0.000000	0.000000	0.000000	0.000000	0.000000	0.000000	0.000000	0.000000	0.000000	0.000000	0.000000	0.000000	0.000000	0.000000	0	0.000000	0.000000
230	2026-09-25T05:33:13.669226536Z	230014	loop1	0.000000	0.000000	0.000000	0.000000	0.000000	0.000000	0.000000	0.000000	0.000000	0.000000	0.000000	0.000000	0.000000	0.000000	0.000000	0.000000	0.000000	0	0.000000	0.000000
230	2026-09-25T05:33:13.669226536Z	230014	loop2	0.000000	0.000000	0.000000	0.000000	0.000000	0.000000	0.000000	0.000000	0.000000	0.000000	0.000000	0.000000	0.000000	0.000000	0.000000	0.000000	0.000000	0	0.000000	0.000000
230	2026-09-25T05:33:13.669226536Z	230014	loop3	0.000000	0.000000	0.000000	0.000000	0.000000	0.000000	0.000000	0.000000	0.000000	0.000000	0.000000	0.000000	0.000000	0.000000	0.000000	0.000000	0.000000	0	0.000000	0.000000
230	2026-09-25T05:33:13.669226536Z	230014	loop4	0.000000	0.000000	0.000000	0.000000	0.000000	0.000000	0.000000	0.000000	0.000000	0.000000	0.000000	0.000000	0.000000	0.000000	0.000000	0.000000	0.000000	0	0.000000	0.000000
230	2026-09-25T05:33:13.669226536Z	230014	loop5	0.000000	0.000000	0.000000	0.000000	0.000000	0.000000	0.000000	0.000000	0.000000	0.000000	0.000000	0.000000	0.000000	0.000000	0.000000	0.000000	0.000000	0	0.000000	0.000000
230	2026-09-25T05:33:13.669226536Z	230014	loop6	0.000000	0.000000	0.000000	0.000000	0.000000	0.000000	0.000000	0.000000	0.000000	0.000000	0.000000	0.000000	0.000000	0.000000	0.000000	0.000000	0.000000	0	0.000000	0.000000
230	2026-09-25T05:33:13.669226536Z	230014	loop7	0.000000	0.000000	0.000000	0.000000	0.000000	0.000000	0.000000	0.000000	0.000000	0.000000	0.000000	0.000000	0.000000	0.000000	0.000000	0.000000	0.000000	0	0.000000	0.000000
230	2026-09-25T05:33:13.669226536Z	230014	nvme0n1	0.000000	0.000000	0.000000	0.000000	0.000000	0.000000	0.000000	0.000000	0.000000	0.000000	0.000000	0.000000	0.000000	0.000000	0.000000	0.000000	0.000000	0	0.000000	0.000000
231	2026-09-25T05:33:14.669240398Z	231014	loop0	0.000000	0.000000	0.000000	0.000000	0.000000	0.000000	0.000000	0.000000	0.000000	0.000000	0.000000	0.000000	0.000000	0.000000	0.000000	0.000000	0.000000	0	0.000000	0.000000
231	2026-09-25T05:33:14.669240398Z	231014	loop1	0.000000	0.000000	0.000000	0.000000	0.000000	0.000000	0.000000	0.000000	0.000000	0.000000	0.000000	0.000000	0.000000	0.000000	0.000000	0.000000	0.000000	0	0.000000	0.000000
231	2026-09-25T05:33:14.669240398Z	231014	loop2	0.000000	0.000000	0.000000	0.000000	0.000000	0.000000	0.000000	0.000000	0.000000	0.000000	0.000000	0.000000	0.000000	0.000000	0.000000	0.000000	0.000000	0	0.000000	0.000000
231	2026-09-25T05:33:14.669240398Z	231014	loop3	0.000000	0.000000	0.000000	0.000000	0.000000	0.000000	0.000000	0.000000	0.000000	0.000000	0.000000	0.000000	0.000000	0.000000	0.000000	0.000000	0.000000	0	0.000000	0.000000
231	2026-09-25T05:33:14.669240398Z	231014	loop4	0.000000	0.000000	0.000000	0.000000	0.000000	0.000000	0.000000	0.000000	0.000000	0.000000	0.000000	0.000000	0.000000	0.000000	0.000000	0.000000	0.000000	0	0.000000	0.000000
231	2026-09-25T05:33:14.669240398Z	231014	loop5	0.000000	0.000000	0.000000	0.000000	0.000000	0.000000	0.000000	0.000000	0.000000	0.000000	0.000000	0.000000	0.000000	0.000000	0.000000	0.000000	0.000000	0	0.000000	0.000000
231	2026-09-25T05:33:14.669240398Z	231014	loop6	0.000000	0.000000	0.000000	0.000000	0.000000	0.000000	0.000000	0.000000	0.000000	0.000000	0.000000	0.000000	0.000000	0.000000	0.000000	0.000000	0.000000	0	0.000000	0.000000
231	2026-09-25T05:33:14.669240398Z	231014	loop7	0.000000	0.000000	0.000000	0.000000	0.000000	0.000000	0.000000	0.000000	0.000000	0.000000	0.000000	0.000000	0.000000	0.000000	0.000000	0.000000	0.000000	0	0.000000	0.000000
231	2026-09-25T05:33:14.669240398Z	231014	nvme0n1	0.000000	0.000000	0.000000	0.000000	0.000000	0.000000	0.000000	0.000000	0.000000	0.000000	0.000000	0.000000	0.000000	0.000000	0.000000	0.000000	0.000000	0	0.000000	0.000000
232	2026-09-25T05:33:15.669201054Z	232014	loop0	0.000000	0.000000	0.000000	0.000000	0.000000	0.000000	0.000000	0.000000	0.000000	0.000000	0.000000	0.000000	0.000000	0.000000	0.000000	0.000000	0.000000	0	0.000000	0.000000
232	2026-09-25T05:33:15.669201054Z	232014	loop1	0.000000	0.000000	0.000000	0.000000	0.000000	0.000000	0.000000	0.000000	0.000000	0.000000	0.000000	0.000000	0.000000	0.000000	0.000000	0.000000	0.000000	0	0.000000	0.000000
232	2026-09-25T05:33:15.669201054Z	232014	loop2	0.000000	0.000000	0.000000	0.000000	0.000000	0.000000	0.000000	0.000000	0.000000	0.000000	0.000000	0.000000	0.000000	0.000000	0.000000	0.000000	0.000000	0	0.000000	0.000000
232	2026-09-25T05:33:15.669201054Z	232014	loop3	0.000000	0.000000	0.000000	0.000000	0.000000	0.000000	0.000000	0.000000	0.000000	0.000000	0.000000	0.000000	0.000000	0.000000	0.000000	0.000000	0.000000	0	0.000000	0.000000
232	2026-09-25T05:33:15.669201054Z	232014	loop4	0.000000	0.000000	0.000000	0.000000	0.000000	0.000000	0.000000	0.000000	0.000000	0.000000	0.000000	0.000000	0.000000	0.000000	0.000000	0.000000	0.000000	0	0.000000	0.000000
232	2026-09-25T05:33:15.669201054Z	232014	loop5	0.000000	0.000000	0.000000	0.000000	0.000000	0.000000	0.000000	0.000000	0.000000	0.000000	0.000000	0.000000	0.000000	0.000000	0.000000	0.000000	0.000000	0	0.000000	0.000000
232	2026-09-25T05:33:15.669201054Z	232014	loop6	0.000000	0.000000	0.000000	0.000000	0.000000	0.000000	0.000000	0.000000	0.000000	0.000000	0.000000	0.000000	0.000000	0.000000	0.000000	0.000000	0.000000	0	0.000000	0.000000
232	2026-09-25T05:33:15.669201054Z	232014	loop7	0.000000	0.000000	0.000000	0.000000	0.000000	0.000000	0.000000	0.000000	0.000000	0.000000	0.000000	0.000000	0.000000	0.000000	0.000000	0.000000	0.000000	0	0.000000	0.000000
232	2026-09-25T05:33:15.669201054Z	232014	nvme0n1	0.000000	6.000236	0.000000	0.000000	0.000000	6.000236	0.000000	0.000000	81923.223269	0.000000	0.000000	0.666667	0.000000	0.000000	0.000000	13653.333333	0.000000	0	0.400016	0.004000
233	2026-09-25T05:33:16.66964321Z	233014	loop0	0.000000	0.000000	0.000000	0.000000	0.000000	0.000000	0.000000	0.000000	0.000000	0.000000	0.000000	0.000000	0.000000	0.000000	0.000000	0.000000	0.000000	0	0.000000	0.000000
233	2026-09-25T05:33:16.66964321Z	233014	loop1	0.000000	0.000000	0.000000	0.000000	0.000000	0.000000	0.000000	0.000000	0.000000	0.000000	0.000000	0.000000	0.000000	0.000000	0.000000	0.000000	0.000000	0	0.000000	0.000000
233	2026-09-25T05:33:16.66964321Z	233014	loop2	0.000000	0.000000	0.000000	0.000000	0.000000	0.000000	0.000000	0.000000	0.000000	0.000000	0.000000	0.000000	0.000000	0.000000	0.000000	0.000000	0.000000	0	0.000000	0.000000
233	2026-09-25T05:33:16.66964321Z	233014	loop3	0.000000	0.000000	0.000000	0.000000	0.000000	0.000000	0.000000	0.000000	0.000000	0.000000	0.000000	0.000000	0.000000	0.000000	0.000000	0.000000	0.000000	0	0.000000	0.000000
233	2026-09-25T05:33:16.66964321Z	233014	loop4	0.000000	0.000000	0.000000	0.000000	0.000000	0.000000	0.000000	0.000000	0.000000	0.000000	0.000000	0.000000	0.000000	0.000000	0.000000	0.000000	0.000000	0	0.000000	0.000000
233	2026-09-25T05:33:16.66964321Z	233014	loop5	0.000000	0.000000	0.000000	0.000000	0.000000	0.000000	0.000000	0.000000	0.000000	0.000000	0.000000	0.000000	0.000000	0.000000	0.000000	0.000000	0.000000	0	0.000000	0.000000
233	2026-09-25T05:33:16.66964321Z	233014	loop6	0.000000	0.000000	0.000000	0.000000	0.000000	0.000000	0.000000	0.000000	0.000000	0.000000	0.000000	0.000000	0.000000	0.000000	0.000000	0.000000	0.000000	0	0.000000	0.000000
233	2026-09-25T05:33:16.66964321Z	233014	loop7	0.000000	0.000000	0.000000	0.000000	0.000000	0.000000	0.000000	0.000000	0.000000	0.000000	0.000000	0.000000	0.000000	0.000000	0.000000	0.000000	0.000000	0	0.000000	0.000000
233	2026-09-25T05:33:16.66964321Z	233014	nvme0n1	0.000000	1.999116	0.000000	0.000000	0.000000	13.993813	0.000000	0.000000	65507.035802	0.000000	0.000000	0.500000	0.000000	0.000000	0.000000	32768.000000	0.000000	0	0.399823	0.001000
234	2026-09-25T05:33:17.6689662Z	234014	loop0	0.000000	0.000000	0.000000	0.000000	0.000000	0.000000	0.000000	0.000000	0.000000	0.000000	0.000000	0.000000	0.000000	0.000000	0.000000	0.000000	0.000000	0	0.000000	0.000000
234	2026-09-25T05:33:17.6689662Z	234014	loop1	0.000000	0.000000	0.000000	0.000000	0.000000	0.000000	0.000000	0.000000	0.000000	0.000000	0.000000	0.000000	0.000000	0.000000	0.000000	0.000000	0.000000	0	0.000000	0.000000
234	2026-09-25T05:33:17.6689662Z	234014	loop2	0.000000	0.000000	0.000000	0.000000	0.000000	0.000000	0.000000	0.000000	0.000000	0.000000	0.000000	0.000000	0.000000	0.000000	0.000000	0.000000	0.000000	0	0.000000	0.000000
234	2026-09-25T05:33:17.6689662Z	234014	loop3	0.000000	0.000000	0.000000	0.000000	0.000000	0.000000	0.000000	0.000000	0.000000	0.000000	0.000000	0.000000	0.000000	0.000000	0.000000	0.000000	0.000000	0	0.000000	0.000000
234	2026-09-25T05:33:17.6689662Z	234014	loop4	0.000000	0.000000	0.000000	0.000000	0.000000	0.000000	0.000000	0.000000	0.000000	0.000000	0.000000	0.000000	0.000000	0.000000	0.000000	0.000000	0.000000	0	0.000000	0.000000
234	2026-09-25T05:33:17.6689662Z	234014	loop5	0.000000	0.000000	0.000000	0.000000	0.000000	0.000000	0.000000	0.000000	0.000000	0.000000	0.000000	0.000000	0.000000	0.000000	0.000000	0.000000	0.000000	0	0.000000	0.000000
234	2026-09-25T05:33:17.6689662Z	234014	loop6	0.000000	0.000000	0.000000	0.000000	0.000000	0.000000	0.000000	0.000000	0.000000	0.000000	0.000000	0.000000	0.000000	0.000000	0.000000	0.000000	0.000000	0	0.000000	0.000000
234	2026-09-25T05:33:17.6689662Z	234014	loop7	0.000000	0.000000	0.000000	0.000000	0.000000	0.000000	0.000000	0.000000	0.000000	0.000000	0.000000	0.000000	0.000000	0.000000	0.000000	0.000000	0.000000	0	0.000000	0.000000
234	2026-09-25T05:33:17.6689662Z	234014	nvme0n1	0.000000	0.000000	0.000000	0.000000	0.000000	0.000000	0.000000	0.000000	0.000000	0.000000	0.000000	0.000000	0.000000	0.000000	0.000000	0.000000	0.000000	0	0.000000	0.000000
235	2026-09-25T05:33:18.669372392Z	235014	loop0	0.000000	0.000000	0.000000	0.000000	0.000000	0.000000	0.000000	0.000000	0.000000	0.000000	0.000000	0.000000	0.000000	0.000000	0.000000	0.000000	0.000000	0	0.000000	0.000000
235	2026-09-25T05:33:18.669372392Z	235014	loop1	0.000000	0.000000	0.000000	0.000000	0.000000	0.000000	0.000000	0.000000	0.000000	0.000000	0.000000	0.000000	0.000000	0.000000	0.000000	0.000000	0.000000	0	0.000000	0.000000
235	2026-09-25T05:33:18.669372392Z	235014	loop2	0.000000	0.000000	0.000000	0.000000	0.000000	0.000000	0.000000	0.000000	0.000000	0.000000	0.000000	0.000000	0.000000	0.000000	0.000000	0.000000	0.000000	0	0.000000	0.000000
235	2026-09-25T05:33:18.669372392Z	235014	loop3	0.000000	0.000000	0.000000	0.000000	0.000000	0.000000	0.000000	0.000000	0.000000	0.000000	0.000000	0.000000	0.000000	0.000000	0.000000	0.000000	0.000000	0	0.000000	0.000000
235	2026-09-25T05:33:18.669372392Z	235014	loop4	0.000000	0.000000	0.000000	0.000000	0.000000	0.000000	0.000000	0.000000	0.000000	0.000000	0.000000	0.000000	0.000000	0.000000	0.000000	0.000000	0.000000	0	0.000000	0.000000
235	2026-09-25T05:33:18.669372392Z	235014	loop5	0.000000	0.000000	0.000000	0.000000	0.000000	0.000000	0.000000	0.000000	0.000000	0.000000	0.000000	0.000000	0.000000	0.000000	0.000000	0.000000	0.000000	0	0.000000	0.000000
235	2026-09-25T05:33:18.669372392Z	235014	loop6	0.000000	0.000000	0.000000	0.000000	0.000000	0.000000	0.000000	0.000000	0.000000	0.000000	0.000000	0.000000	0.000000	0.000000	0.000000	0.000000	0.000000	0	0.000000	0.000000
235	2026-09-25T05:33:18.669372392Z	235014	loop7	0.000000	0.000000	0.000000	0.000000	0.000000	0.000000	0.000000	0.000000	0.000000	0.000000	0.000000	0.000000	0.000000	0.000000	0.000000	0.000000	0.000000	0	0.000000	0.000000
235	2026-09-25T05:33:18.669372392Z	235014	nvme0n1	0.000000	0.000000	0.000000	0.000000	0.000000	0.000000	0.000000	0.000000	0.000000	0.000000	0.000000	0.000000	0.000000	0.000000	0.000000	0.000000	0.000000	0	0.000000	0.000000
236	2026-09-25T05:33:19.669061503Z	236014	loop0	0.000000	0.000000	0.000000	0.000000	0.000000	0.000000	0.000000	0.000000	0.000000	0.000000	0.000000	0.000000	0.000000	0.000000	0.000000	0.000000	0.000000	0	0.000000	0.000000
236	2026-09-25T05:33:19.669061503Z	236014	loop1	0.000000	0.000000	0.000000	0.000000	0.000000	0.000000	0.000000	0.000000	0.000000	0.000000	0.000000	0.000000	0.000000	0.000000	0.000000	0.000000	0.000000	0	0.000000	0.000000
236	2026-09-25T05:33:19.669061503Z	236014	loop2	0.000000	0.000000	0.000000	0.000000	0.000000	0.000000	0.000000	0.000000	0.000000	0.000000	0.000000	0.000000	0.000000	0.000000	0.000000	0.000000	0.000000	0	0.000000	0.000000
236	2026-09-25T05:33:19.669061503Z	236014	loop3	0.000000	0.000000	0.000000	0.000000	0.000000	0.000000	0.000000	0.000000	0.000000	0.000000	0.000000	0.000000	0.000000	0.000000	0.000000	0.000000	0.000000	0	0.000000	0.000000
236	2026-09-25T05:33:19.669061503Z	236014	loop4	0.000000	0.000000	0.000000	0.000000	0.000000	0.000000	0.000000	0.000000	0.000000	0.000000	0.000000	0.000000	0.000000	0.000000	0.000000	0.000000	0.000000	0	0.000000	0.000000
236	2026-09-25T05:33:19.669061503Z	236014	loop5	0.000000	0.000000	0.000000	0.000000	0.000000	0.000000	0.000000	0.000000	0.000000	0.000000	0.000000	0.000000	0.000000	0.000000	0.000000	0.000000	0.000000	0	0.000000	0.000000
236	2026-09-25T05:33:19.669061503Z	236014	loop6	0.000000	0.000000	0.000000	0.000000	0.000000	0.000000	0.000000	0.000000	0.000000	0.000000	0.000000	0.000000	0.000000	0.000000	0.000000	0.000000	0.000000	0	0.000000	0.000000
236	2026-09-25T05:33:19.669061503Z	236014	loop7	0.000000	0.000000	0.000000	0.000000	0.000000	0.000000	0.000000	0.000000	0.000000	0.000000	0.000000	0.000000	0.000000	0.000000	0.000000	0.000000	0.000000	0	0.000000	0.000000
236	2026-09-25T05:33:19.669061503Z	236014	nvme0n1	0.000000	0.000000	0.000000	0.000000	0.000000	0.000000	0.000000	0.000000	0.000000	0.000000	0.000000	0.000000	0.000000	0.000000	0.000000	0.000000	0.000000	0	0.000000	0.000000
237	2026-09-25T05:33:20.668955799Z	237014	loop0	0.000000	0.000000	0.000000	0.000000	0.000000	0.000000	0.000000	0.000000	0.000000	0.000000	0.000000	0.000000	0.000000	0.000000	0.000000	0.000000	0.000000	0	0.000000	0.000000
237	2026-09-25T05:33:20.668955799Z	237014	loop1	0.000000	0.000000	0.000000	0.000000	0.000000	0.000000	0.000000	0.000000	0.000000	0.000000	0.000000	0.000000	0.000000	0.000000	0.000000	0.000000	0.000000	0	0.000000	0.000000
237	2026-09-25T05:33:20.668955799Z	237014	loop2	0.000000	0.000000	0.000000	0.000000	0.000000	0.000000	0.000000	0.000000	0.000000	0.000000	0.000000	0.000000	0.000000	0.000000	0.000000	0.000000	0.000000	0	0.000000	0.000000
237	2026-09-25T05:33:20.668955799Z	237014	loop3	0.000000	0.000000	0.000000	0.000000	0.000000	0.000000	0.000000	0.000000	0.000000	0.000000	0.000000	0.000000	0.000000	0.000000	0.000000	0.000000	0.000000	0	0.000000	0.000000
237	2026-09-25T05:33:20.668955799Z	237014	loop4	0.000000	0.000000	0.000000	0.000000	0.000000	0.000000	0.000000	0.000000	0.000000	0.000000	0.000000	0.000000	0.000000	0.000000	0.000000	0.000000	0.000000	0	0.000000	0.000000
237	2026-09-25T05:33:20.668955799Z	237014	loop5	0.000000	0.000000	0.000000	0.000000	0.000000	0.000000	0.000000	0.000000	0.000000	0.000000	0.000000	0.000000	0.000000	0.000000	0.000000	0.000000	0.000000	0	0.000000	0.000000
237	2026-09-25T05:33:20.668955799Z	237014	loop6	0.000000	0.000000	0.000000	0.000000	0.000000	0.000000	0.000000	0.000000	0.000000	0.000000	0.000000	0.000000	0.000000	0.000000	0.000000	0.000000	0.000000	0	0.000000	0.000000
237	2026-09-25T05:33:20.668955799Z	237014	loop7	0.000000	0.000000	0.000000	0.000000	0.000000	0.000000	0.000000	0.000000	0.000000	0.000000	0.000000	0.000000	0.000000	0.000000	0.000000	0.000000	0.000000	0	0.000000	0.000000
237	2026-09-25T05:33:20.668955799Z	237014	nvme0n1	0.000000	0.000000	0.000000	0.000000	0.000000	0.000000	0.000000	0.000000	0.000000	0.000000	0.000000	0.000000	0.000000	0.000000	0.000000	0.000000	0.000000	0	0.000000	0.000000
238	2026-09-25T05:33:21.669276402Z	238014	loop0	0.000000	0.000000	0.000000	0.000000	0.000000	0.000000	0.000000	0.000000	0.000000	0.000000	0.000000	0.000000	0.000000	0.000000	0.000000	0.000000	0.000000	0	0.000000	0.000000
238	2026-09-25T05:33:21.669276402Z	238014	loop1	0.000000	0.000000	0.000000	0.000000	0.000000	0.000000	0.000000	0.000000	0.000000	0.000000	0.000000	0.000000	0.000000	0.000000	0.000000	0.000000	0.000000	0	0.000000	0.000000
238	2026-09-25T05:33:21.669276402Z	238014	loop2	0.000000	0.000000	0.000000	0.000000	0.000000	0.000000	0.000000	0.000000	0.000000	0.000000	0.000000	0.000000	0.000000	0.000000	0.000000	0.000000	0.000000	0	0.000000	0.000000
238	2026-09-25T05:33:21.669276402Z	238014	loop3	0.000000	0.000000	0.000000	0.000000	0.000000	0.000000	0.000000	0.000000	0.000000	0.000000	0.000000	0.000000	0.000000	0.000000	0.000000	0.000000	0.000000	0	0.000000	0.000000
238	2026-09-25T05:33:21.669276402Z	238014	loop4	0.000000	0.000000	0.000000	0.000000	0.000000	0.000000	0.000000	0.000000	0.000000	0.000000	0.000000	0.000000	0.000000	0.000000	0.000000	0.000000	0.000000	0	0.000000	0.000000
238	2026-09-25T05:33:21.669276402Z	238014	loop5	0.000000	0.000000	0.000000	0.000000	0.000000	0.000000	0.000000	0.000000	0.000000	0.000000	0.000000	0.000000	0.000000	0.000000	0.000000	0.000000	0.000000	0	0.000000	0.000000
238	2026-09-25T05:33:21.669276402Z	238014	loop6	0.000000	0.000000	0.000000	0.000000	0.000000	0.000000	0.000000	0.000000	0.000000	0.000000	0.000000	0.000000	0.000000	0.000000	0.000000	0.000000	0.000000	0	0.000000	0.000000
238	2026-09-25T05:33:21.669276402Z	238014	loop7	0.000000	0.000000	0.000000	0.000000	0.000000	0.000000	0.000000	0.000000	0.000000	0.000000	0.000000	0.000000	0.000000	0.000000	0.000000	0.000000	0.000000	0	0.000000	0.000000
238	2026-09-25T05:33:21.669276402Z	238014	nvme0n1	0.000000	12.995834	0.000000	0.000000	0.000000	5.998077	0.000000	0.000000	77799.057700	0.000000	0.000000	0.538462	0.000000	0.000000	0.000000	5986.461538	0.000000	0	0.799744	0.006998
239	2026-09-25T05:33:22.668963117Z	239014	loop0	0.000000	0.000000	0.000000	0.000000	0.000000	0.000000	0.000000	0.000000	0.000000	0.000000	0.000000	0.000000	0.000000	0.000000	0.000000	0.000000	0.000000	0	0.000000	0.000000
239	2026-09-25T05:33:22.668963117Z	239014	loop1	0.000000	0.000000	0.000000	0.000000	0.000000	0.000000	0.000000	0.000000	0.000000	0.000000	0.000000	0.000000	0.000000	0.000000	0.000000	0.000000	0.000000	0	0.000000	0.000000
239	2026-09-25T05:33:22.668963117Z	239014	loop2	0.000000	0.000000	0.000000	0.000000	0.000000	0.000000	0.000000	0.000000	0.000000	0.000000	0.000000	0.000000	0.000000	0.000000	0.000000	0.000000	0.000000	0	0.000000	0.000000
239	2026-09-25T05:33:22.668963117Z	239014	loop3	0.000000	0.000000	0.000000	0.000000	0.000000	0.000000	0.000000	0.000000	0.000000	0.000000	0.000000	0.000000	0.000000	0.000000	0.000000	0.000000	0.000000	0	0.000000	0.000000
239	2026-09-25T05:33:22.668963117Z	239014	loop4	0.000000	0.000000	0.000000	0.000000	0.000000	0.000000	0.000000	0.000000	0.000000	0.000000	0.000000	0.000000	0.000000	0.000000	0.000000	0.000000	0.000000	0	0.000000	0.000000
239	2026-09-25T05:33:22.668963117Z	239014	loop5	0.000000	0.000000	0.000000	0.000000	0.000000	0.000000	0.000000	0.000000	0.000000	0.000000	0.000000	0.000000	0.000000	0.000000	0.000000	0.000000	0.000000	0	0.000000	0.000000
239	2026-09-25T05:33:22.668963117Z	239014	loop6	0.000000	0.000000	0.000000	0.000000	0.000000	0.000000	0.000000	0.000000	0.000000	0.000000	0.000000	0.000000	0.000000	0.000000	0.000000	0.000000	0.000000	0	0.000000	0.000000
239	2026-09-25T05:33:22.668963117Z	239014	loop7	0.000000	0.000000	0.000000	0.000000	0.000000	0.000000	0.000000	0.000000	0.000000	0.000000	0.000000	0.000000	0.000000	0.000000	0.000000	0.000000	0.000000	0	0.000000	0.000000
239	2026-09-25T05:33:22.668963117Z	239014	nvme0n1	0.000000	0.000000	0.000000	0.000000	0.000000	0.000000	0.000000	0.000000	0.000000	0.000000	0.000000	0.000000	0.000000	0.000000	0.000000	0.000000	0.000000	0	0.000000	0.000000
240	2026-09-25T05:33:23.66965655Z	240014	loop0	0.000000	0.000000	0.000000	0.000000	0.000000	0.000000	0.000000	0.000000	0.000000	0.000000	0.000000	0.000000	0.000000	0.000000	0.000000	0.000000	0.000000	0	0.000000	0.000000
240	2026-09-25T05:33:23.66965655Z	240014	loop1	0.000000	0.000000	0.000000	0.000000	0.000000	0.000000	0.000000	0.000000	0.000000	0.000000	0.000000	0.000000	0.000000	0.000000	0.000000	0.000000	0.000000	0	0.000000	0.000000
240	2026-09-25T05:33:23.66965655Z	240014	loop2	0.000000	0.000000	0.000000	0.000000	0.000000	0.000000	0.000000	0.000000	0.000000	0.000000	0.000000	0.000000	0.000000	0.000000	0.000000	0.000000	0.000000	0	0.000000	0.000000
240	2026-09-25T05:33:23.66965655Z	240014	loop3	0.000000	0.000000	0.000000	0.000000	0.000000	0.000000	0.000000	0.000000	0.000000	0.000000	0.000000	0.000000	0.000000	0.000000	0.000000	0.000000	0.000000	0	0.000000	0.000000
240	2026-09-25T05:33:23.66965655Z	240014	loop4	0.000000	0.000000	0.000000	0.000000	0.000000	0.000000	0.000000	0.000000	0.000000	0.000000	0.000000	0.000000	0.000000	0.000000	0.000000	0.000000	0.000000	0	0.000000	0.000000
240	2026-09-25T05:33:23.66965655Z	240014	loop5	0.000000	0.000000	0.000000	0.000000	0.000000	0.000000	0.000000	0.000000	0.000000	0.000000	0.000000	0.000000	0.000000	0.000000	0.000000	0.000000	0.000000	0	0.000000	0.000000
240	2026-09-25T05:33:23.66965655Z	240014	loop6	0.000000	0.000000	0.000000	0.000000	0.000000	0.000000	0.000000	0.000000	0.000000	0.000000	0.000000	0.000000	0.000000	0.000000	0.000000	0.000000	0.000000	0	0.000000	0.000000
240	2026-09-25T05:33:23.66965655Z	240014	loop7	0.000000	0.000000	0.000000	0.000000	0.000000	0.000000	0.000000	0.000000	0.000000	0.000000	0.000000	0.000000	0.000000	0.000000	0.000000	0.000000	0.000000	0	0.000000	0.000000
240	2026-09-25T05:33:23.66965655Z	240014	nvme0n1	0.000000	0.000000	0.000000	0.000000	0.000000	0.000000	0.000000	0.000000	0.000000	0.000000	0.000000	0.000000	0.000000	0.000000	0.000000	0.000000	0.000000	0	0.000000	0.000000
