2026-09-23T19:24:56.822688817Z	BENCHMARK_START
[ADMIN] 19:24:57.506925 benchmarker --target-host=172.31.45.101 --request-timeout=10s --initialize-request-timeout=1m0s --exit-error-on-fail=true --stage=prod --max-parallelism=100 --prepare-only=false
19:25:22.295030 [ValidationScenario] 整合性チェックを開始します
[ADMIN] 19:25:22.295019 [LANGUAGE] go
19:25:22.683780 整合性チェック Request:POST /login (日跨ぎ前）
19:25:22.711092 整合性チェック Request:POST /login (日跨ぎ後）
19:25:22.721505 整合性チェック Request:POST /admin/login 失敗の場合
19:25:22.783960 整合性チェック Request:POST /admin/login
19:25:22.846043 整合性チェック Request:GET /admin/user/{userID}
19:25:22.931412 整合性チェック Request:POST /login 失敗の場合
19:25:22.932722 整合性チェック Request:POST /user
19:25:22.949365 整合性チェック Request:POST /login
19:25:22.962026 整合性チェック Request:GET /user/{userId}/home セッション無効の場合
19:25:22.963367 整合性チェック Request:GET /user/{userId}/home
19:25:22.965135 整合性チェック Request:GET /user/{userId}/home 他人のホーム表示の場合
19:25:22.966340 整合性チェック Request:POST /user/{userId}/reward
19:25:22.968987 整合性チェック Request:POST /user/{userId}/card
19:25:22.973290 整合性チェック Request:GET /user/{userId}/item
19:25:22.976080 整合性チェック Request:POST /user/{userId}/addexp/{cardId}
19:25:22.982678 整合性チェック Request:GET /user/{userId}/present/index/:n
19:25:22.989530 整合性チェック Request:POST /user/{userId}/present/receive
19:25:23.032765 整合性チェック Request:GET /user/{userId}/gacha/index
19:25:23.037777 整合性チェック Request:POST /user/{userId}/gacha/draw/{gachaID}/10
19:25:23.044372 整合性チェック Request:GET /admin/master
19:25:23.051917 整合性チェック Request:POST /admin/user/{userID}/ban
19:25:23.053666 整合性チェック Request:POST /login Banの場合
19:25:23.054886 [ValidationScenario] 整合性チェックを終了します
19:25:23.054892 整合性チェックに成功しました！
19:25:23.054894 初期化処理が成功しました！
19:25:23.054909 アプリケーションへの負荷走行を開始します
[ADMIN] 19:25:23.054967 シナリオ走行を開始しました [シナリオ名: Banユーザログイン]
[ADMIN] 19:25:23.054970 シナリオ走行を開始しました [シナリオ名: 新規ユーザー登録]
[ADMIN] 19:25:23.054981 シナリオ走行を開始しました [シナリオ名: ログイン]
[ADMIN] 19:25:23.124281 シナリオ走行を終了しました [シナリオ名: ログイン]
[ADMIN] 19:25:23.124292 シナリオ走行を開始しました [シナリオ名: ログイン]
[ADMIN] 19:25:23.130321 シナリオ走行を終了しました [シナリオ名: 新規ユーザー登録]
[ADMIN] 19:25:23.130335 シナリオ走行を開始しました [シナリオ名: 新規ユーザー登録]
[ADMIN] 19:25:23.189300 シナリオ走行を終了しました [シナリオ名: ログイン]
[ADMIN] 19:25:23.189311 シナリオ走行を開始しました [シナリオ名: ログイン]
[ADMIN] 19:25:23.203005 シナリオ走行を終了しました [シナリオ名: 新規ユーザー登録]
[ADMIN] 19:25:23.203025 シナリオ走行を開始しました [シナリオ名: 新規ユーザー登録]
[ADMIN] 19:25:23.247748 シナリオ走行を終了しました [シナリオ名: ログイン]
[ADMIN] 19:25:23.247759 シナリオ走行を開始しました [シナリオ名: ログイン]
[ADMIN] 19:25:23.272452 シナリオ走行を終了しました [シナリオ名: 新規ユーザー登録]
[ADMIN] 19:25:23.272494 シナリオ走行を開始しました [シナリオ名: 新規ユーザー登録]
[ADMIN] 19:25:23.286693 シナリオ走行を終了しました [シナリオ名: ログイン]
[ADMIN] 19:25:23.286703 シナリオ走行を開始しました [シナリオ名: ログイン]
[ADMIN] 19:25:23.324834 シナリオ走行を終了しました [シナリオ名: ログイン]
[ADMIN] 19:25:23.324848 シナリオ走行を開始しました [シナリオ名: ログイン]
[ADMIN] 19:25:23.347496 シナリオ走行を終了しました [シナリオ名: 新規ユーザー登録]
[ADMIN] 19:25:23.347521 シナリオ走行を開始しました [シナリオ名: 新規ユーザー登録]
[ADMIN] 19:25:23.388951 シナリオ走行を終了しました [シナリオ名: ログイン]
[ADMIN] 19:25:23.388964 シナリオ走行を開始しました [シナリオ名: ログイン]
[ADMIN] 19:25:23.428048 シナリオ走行を終了しました [シナリオ名: 新規ユーザー登録]
[ADMIN] 19:25:23.428075 シナリオ走行を開始しました [シナリオ名: 新規ユーザー登録]
[ADMIN] 19:25:23.436057 シナリオ走行を終了しました [シナリオ名: ログイン]
[ADMIN] 19:25:23.436069 シナリオ走行を開始しました [シナリオ名: ログイン]
[ADMIN] 19:25:23.506006 シナリオ走行を終了しました [シナリオ名: ログイン]
[ADMIN] 19:25:23.506023 シナリオ走行を開始しました [シナリオ名: ログイン]
[ADMIN] 19:25:23.510637 シナリオ走行を終了しました [シナリオ名: 新規ユーザー登録]
[ADMIN] 19:25:23.510661 シナリオ走行を開始しました [シナリオ名: 新規ユーザー登録]
[ADMIN] 19:25:23.558961 シナリオ走行を終了しました [シナリオ名: Banユーザログイン]
[ADMIN] 19:25:23.558986 シナリオ走行を開始しました [シナリオ名: Banユーザログイン]
[ADMIN] 19:25:23.570732 シナリオ走行を終了しました [シナリオ名: ログイン]
[ADMIN] 19:25:23.570746 シナリオ走行を開始しました [シナリオ名: ログイン]
[ADMIN] 19:25:23.589454 シナリオ走行を終了しました [シナリオ名: 新規ユーザー登録]
[ADMIN] 19:25:23.589474 シナリオ走行を開始しました [シナリオ名: 新規ユーザー登録]
[ADMIN] 19:25:23.611340 シナリオ走行を終了しました [シナリオ名: ログイン]
[ADMIN] 19:25:23.611352 シナリオ走行を開始しました [シナリオ名: ログイン]
[ADMIN] 19:25:23.669088 シナリオ走行を終了しました [シナリオ名: ログイン]
[ADMIN] 19:25:23.669124 シナリオ走行を開始しました [シナリオ名: ログイン]
[ADMIN] 19:25:23.669275 シナリオ走行を終了しました [シナリオ名: 新規ユーザー登録]
[ADMIN] 19:25:23.669302 シナリオ走行を開始しました [シナリオ名: 新規ユーザー登録]
[ADMIN] 19:25:23.711813 シナリオ走行を終了しました [シナリオ名: ログイン]
[ADMIN] 19:25:23.711828 シナリオ走行を開始しました [シナリオ名: ログイン]
[ADMIN] 19:25:23.745087 シナリオ走行を終了しました [シナリオ名: 新規ユーザー登録]
[ADMIN] 19:25:23.745112 シナリオ走行を開始しました [シナリオ名: 新規ユーザー登録]
[ADMIN] 19:25:23.765635 シナリオ走行を終了しました [シナリオ名: ログイン]
[ADMIN] 19:25:23.765655 シナリオ走行を開始しました [シナリオ名: ログイン]
[ADMIN] 19:25:23.800504 シナリオ走行を終了しました [シナリオ名: ログイン]
[ADMIN] 19:25:23.800520 シナリオ走行を開始しました [シナリオ名: ログイン]
[ADMIN] 19:25:23.815537 シナリオ走行を終了しました [シナリオ名: 新規ユーザー登録]
[ADMIN] 19:25:23.815567 シナリオ走行を開始しました [シナリオ名: 新規ユーザー登録]
[ADMIN] 19:25:23.844136 シナリオ走行を終了しました [シナリオ名: ログイン]
[ADMIN] 19:25:23.844153 シナリオ走行を開始しました [シナリオ名: ログイン]
[ADMIN] 19:25:23.875852 シナリオ走行を終了しました [シナリオ名: 新規ユーザー登録]
[ADMIN] 19:25:23.875883 シナリオ走行を開始しました [シナリオ名: 新規ユーザー登録]
[ADMIN] 19:25:23.903274 シナリオ走行を終了しました [シナリオ名: ログイン]
[ADMIN] 19:25:23.903293 シナリオ走行を開始しました [シナリオ名: ログイン]
[ADMIN] 19:25:23.944892 シナリオ走行を終了しました [シナリオ名: 新規ユーザー登録]
[ADMIN] 19:25:23.944918 シナリオ走行を開始しました [シナリオ名: 新規ユーザー登録]
[ADMIN] 19:25:23.964843 シナリオ走行を終了しました [シナリオ名: ログイン]
[ADMIN] 19:25:23.964855 シナリオ走行を開始しました [シナリオ名: ログイン]
[ADMIN] 19:25:24.012053 シナリオ走行を終了しました [シナリオ名: 新規ユーザー登録]
[ADMIN] 19:25:24.012084 シナリオ走行を開始しました [シナリオ名: 新規ユーザー登録]
[ADMIN] 19:25:24.019079 シナリオ走行を終了しました [シナリオ名: ログイン]
[ADMIN] 19:25:24.019092 シナリオ走行を開始しました [シナリオ名: ログイン]
[ADMIN] 19:25:24.057090 シナリオ走行を終了しました [シナリオ名: ログイン]
[ADMIN] 19:25:24.057103 シナリオ走行を開始しました [シナリオ名: ログイン]
[ADMIN] 19:25:24.061528 シナリオ走行を終了しました [シナリオ名: Banユーザログイン]
[ADMIN] 19:25:24.061537 シナリオ走行を開始しました [シナリオ名: Banユーザログイン]
[ADMIN] 19:25:24.082677 シナリオ走行を終了しました [シナリオ名: 新規ユーザー登録]
[ADMIN] 19:25:24.082698 シナリオ走行を開始しました [シナリオ名: 新規ユーザー登録]
[ADMIN] 19:25:24.131768 シナリオ走行を終了しました [シナリオ名: ログイン]
[ADMIN] 19:25:24.131783 シナリオ走行を開始しました [シナリオ名: ログイン]
[ADMIN] 19:25:24.151416 シナリオ走行を終了しました [シナリオ名: 新規ユーザー登録]
[ADMIN] 19:25:24.151436 シナリオ走行を開始しました [シナリオ名: 新規ユーザー登録]
[ADMIN] 19:25:24.192564 シナリオ走行を終了しました [シナリオ名: ログイン]
[ADMIN] 19:25:24.192578 シナリオ走行を開始しました [シナリオ名: ログイン]
[ADMIN] 19:25:24.219452 シナリオ走行を終了しました [シナリオ名: 新規ユーザー登録]
[ADMIN] 19:25:24.219480 シナリオ走行を開始しました [シナリオ名: 新規ユーザー登録]
[ADMIN] 19:25:24.232212 シナリオ走行を終了しました [シナリオ名: ログイン]
[ADMIN] 19:25:24.232226 シナリオ走行を開始しました [シナリオ名: ログイン]
[ADMIN] 19:25:24.288792 シナリオ走行を終了しました [シナリオ名: 新規ユーザー登録]
[ADMIN] 19:25:24.288820 シナリオ走行を開始しました [シナリオ名: 新規ユーザー登録]
[ADMIN] 19:25:24.300980 シナリオ走行を終了しました [シナリオ名: ログイン]
[ADMIN] 19:25:24.300993 シナリオ走行を開始しました [シナリオ名: ログイン]
[ADMIN] 19:25:24.351383 シナリオ走行を終了しました [シナリオ名: ログイン]
[ADMIN] 19:25:24.351399 シナリオ走行を開始しました [シナリオ名: ログイン]
[ADMIN] 19:25:24.356538 シナリオ走行を終了しました [シナリオ名: 新規ユーザー登録]
[ADMIN] 19:25:24.356555 シナリオ走行を開始しました [シナリオ名: 新規ユーザー登録]
[ADMIN] 19:25:24.422754 シナリオ走行を終了しました [シナリオ名: ログイン]
[ADMIN] 19:25:24.422768 シナリオ走行を開始しました [シナリオ名: ログイン]
[ADMIN] 19:25:24.433216 シナリオ走行を終了しました [シナリオ名: 新規ユーザー登録]
[ADMIN] 19:25:24.433241 シナリオ走行を開始しました [シナリオ名: 新規ユーザー登録]
[ADMIN] 19:25:24.463184 シナリオ走行を終了しました [シナリオ名: ログイン]
[ADMIN] 19:25:24.463202 シナリオ走行を開始しました [シナリオ名: ログイン]
[ADMIN] 19:25:24.512135 シナリオ走行を終了しました [シナリオ名: 新規ユーザー登録]
[ADMIN] 19:25:24.512164 シナリオ走行を開始しました [シナリオ名: 新規ユーザー登録]
[ADMIN] 19:25:24.533879 シナリオ走行を終了しました [シナリオ名: ログイン]
[ADMIN] 19:25:24.533894 シナリオ走行を開始しました [シナリオ名: ログイン]
[ADMIN] 19:25:24.564689 シナリオ走行を終了しました [シナリオ名: Banユーザログイン]
[ADMIN] 19:25:24.564704 シナリオ走行を開始しました [シナリオ名: Banユーザログイン]
[ADMIN] 19:25:24.589321 シナリオ走行を終了しました [シナリオ名: ログイン]
[ADMIN] 19:25:24.589335 シナリオ走行を開始しました [シナリオ名: ログイン]
[ADMIN] 19:25:24.590749 シナリオ走行を終了しました [シナリオ名: 新規ユーザー登録]
[ADMIN] 19:25:24.590767 シナリオ走行を開始しました [シナリオ名: 新規ユーザー登録]
[ADMIN] 19:25:24.655366 シナリオ走行を終了しました [シナリオ名: ログイン]
[ADMIN] 19:25:24.655382 シナリオ走行を開始しました [シナリオ名: ログイン]
[ADMIN] 19:25:24.668094 シナリオ走行を終了しました [シナリオ名: 新規ユーザー登録]
[ADMIN] 19:25:24.668116 シナリオ走行を開始しました [シナリオ名: 新規ユーザー登録]
[ADMIN] 19:25:24.699899 シナリオ走行を終了しました [シナリオ名: ログイン]
[ADMIN] 19:25:24.699911 シナリオ走行を開始しました [シナリオ名: ログイン]
[ADMIN] 19:25:24.744022 シナリオ走行を終了しました [シナリオ名: 新規ユーザー登録]
[ADMIN] 19:25:24.744042 シナリオ走行を開始しました [シナリオ名: 新規ユーザー登録]
[ADMIN] 19:25:24.766357 シナリオ走行を終了しました [シナリオ名: ログイン]
[ADMIN] 19:25:24.766367 シナリオ走行を開始しました [シナリオ名: ログイン]
[ADMIN] 19:25:24.811845 シナリオ走行を終了しました [シナリオ名: 新規ユーザー登録]
[ADMIN] 19:25:24.811873 シナリオ走行を開始しました [シナリオ名: 新規ユーザー登録]
[ADMIN] 19:25:24.830542 シナリオ走行を終了しました [シナリオ名: ログイン]
[ADMIN] 19:25:24.830558 シナリオ走行を開始しました [シナリオ名: ログイン]
[ADMIN] 19:25:24.879484 シナリオ走行を終了しました [シナリオ名: 新規ユーザー登録]
[ADMIN] 19:25:24.879505 シナリオ走行を開始しました [シナリオ名: 新規ユーザー登録]
[ADMIN] 19:25:24.896338 シナリオ走行を終了しました [シナリオ名: ログイン]
[ADMIN] 19:25:24.896348 シナリオ走行を開始しました [シナリオ名: ログイン]
[ADMIN] 19:25:24.933736 シナリオ走行を終了しました [シナリオ名: ログイン]
[ADMIN] 19:25:24.933753 シナリオ走行を開始しました [シナリオ名: ログイン]
[ADMIN] 19:25:24.947976 シナリオ走行を終了しました [シナリオ名: 新規ユーザー登録]
[ADMIN] 19:25:24.947998 シナリオ走行を開始しました [シナリオ名: 新規ユーザー登録]
[ADMIN] 19:25:24.974248 シナリオ走行を終了しました [シナリオ名: ログイン]
[ADMIN] 19:25:24.974259 シナリオ走行を開始しました [シナリオ名: ログイン]
[ADMIN] 19:25:25.014956 シナリオ走行を終了しました [シナリオ名: ログイン]
[ADMIN] 19:25:25.014970 シナリオ走行を開始しました [シナリオ名: ログイン]
[ADMIN] 19:25:25.015961 シナリオ走行を終了しました [シナリオ名: 新規ユーザー登録]
[ADMIN] 19:25:25.015979 シナリオ走行を開始しました [シナリオ名: 新規ユーザー登録]
[ADMIN] 19:25:25.052894 シナリオ走行を終了しました [シナリオ名: ログイン]
[ADMIN] 19:25:25.052911 シナリオ走行を開始しました [シナリオ名: ログイン]
[ADMIN] 19:25:25.067668 シナリオ走行を終了しました [シナリオ名: Banユーザログイン]
[ADMIN] 19:25:25.067688 シナリオ走行を開始しました [シナリオ名: Banユーザログイン]
[ADMIN] 19:25:25.084436 シナリオ走行を終了しました [シナリオ名: 新規ユーザー登録]
[ADMIN] 19:25:25.084458 シナリオ走行を開始しました [シナリオ名: 新規ユーザー登録]
[ADMIN] 19:25:25.117194 シナリオ走行を終了しました [シナリオ名: ログイン]
[ADMIN] 19:25:25.117207 シナリオ走行を開始しました [シナリオ名: ログイン]
[ADMIN] 19:25:25.153712 シナリオ走行を終了しました [シナリオ名: 新規ユーザー登録]
[ADMIN] 19:25:25.153736 シナリオ走行を開始しました [シナリオ名: 新規ユーザー登録]
[ADMIN] 19:25:25.155138 シナリオ走行を終了しました [シナリオ名: ログイン]
[ADMIN] 19:25:25.155150 シナリオ走行を開始しました [シナリオ名: ログイン]
[ADMIN] 19:25:25.217239 シナリオ走行を終了しました [シナリオ名: ログイン]
[ADMIN] 19:25:25.217253 シナリオ走行を開始しました [シナリオ名: ログイン]
[ADMIN] 19:25:25.226981 シナリオ走行を終了しました [シナリオ名: 新規ユーザー登録]
[ADMIN] 19:25:25.227004 シナリオ走行を開始しました [シナリオ名: 新規ユーザー登録]
[ADMIN] 19:25:25.277174 シナリオ走行を終了しました [シナリオ名: ログイン]
[ADMIN] 19:25:25.277190 シナリオ走行を開始しました [シナリオ名: ログイン]
[ADMIN] 19:25:25.294784 シナリオ走行を終了しました [シナリオ名: 新規ユーザー登録]
[ADMIN] 19:25:25.294812 シナリオ走行を開始しました [シナリオ名: 新規ユーザー登録]
[ADMIN] 19:25:25.338537 シナリオ走行を終了しました [シナリオ名: ログイン]
[ADMIN] 19:25:25.338552 シナリオ走行を開始しました [シナリオ名: ログイン]
[ADMIN] 19:25:25.361930 シナリオ走行を終了しました [シナリオ名: 新規ユーザー登録]
[ADMIN] 19:25:25.361955 シナリオ走行を開始しました [シナリオ名: 新規ユーザー登録]
[ADMIN] 19:25:25.393382 シナリオ走行を終了しました [シナリオ名: ログイン]
[ADMIN] 19:25:25.393397 シナリオ走行を開始しました [シナリオ名: ログイン]
[ADMIN] 19:25:25.437061 シナリオ走行を終了しました [シナリオ名: ログイン]
[ADMIN] 19:25:25.437077 シナリオ走行を開始しました [シナリオ名: ログイン]
[ADMIN] 19:25:25.441852 シナリオ走行を終了しました [シナリオ名: 新規ユーザー登録]
[ADMIN] 19:25:25.441874 シナリオ走行を開始しました [シナリオ名: 新規ユーザー登録]
[ADMIN] 19:25:25.508815 シナリオ走行を終了しました [シナリオ名: ログイン]
[ADMIN] 19:25:25.508831 シナリオ走行を開始しました [シナリオ名: ログイン]
[ADMIN] 19:25:25.516829 シナリオ走行を終了しました [シナリオ名: 新規ユーザー登録]
[ADMIN] 19:25:25.516850 シナリオ走行を開始しました [シナリオ名: 新規ユーザー登録]
[ADMIN] 19:25:25.550607 シナリオ走行を終了しました [シナリオ名: ログイン]
[ADMIN] 19:25:25.550631 シナリオ走行を開始しました [シナリオ名: ログイン]
[ADMIN] 19:25:25.570522 シナリオ走行を終了しました [シナリオ名: Banユーザログイン]
[ADMIN] 19:25:25.570539 シナリオ走行を開始しました [シナリオ名: Banユーザログイン]
[ADMIN] 19:25:25.595853 シナリオ走行を終了しました [シナリオ名: 新規ユーザー登録]
[ADMIN] 19:25:25.595880 シナリオ走行を開始しました [シナリオ名: 新規ユーザー登録]
[ADMIN] 19:25:25.623209 シナリオ走行を終了しました [シナリオ名: ログイン]
[ADMIN] 19:25:25.623221 シナリオ走行を開始しました [シナリオ名: ログイン]
[ADMIN] 19:25:25.668837 シナリオ走行を終了しました [シナリオ名: ログイン]
[ADMIN] 19:25:25.668850 シナリオ走行を開始しました [シナリオ名: ログイン]
[ADMIN] 19:25:25.674684 シナリオ走行を終了しました [シナリオ名: 新規ユーザー登録]
[ADMIN] 19:25:25.674706 シナリオ走行を開始しました [シナリオ名: 新規ユーザー登録]
[ADMIN] 19:25:25.713055 シナリオ走行を終了しました [シナリオ名: ログイン]
[ADMIN] 19:25:25.713068 シナリオ走行を開始しました [シナリオ名: ログイン]
[ADMIN] 19:25:25.750178 シナリオ走行を終了しました [シナリオ名: 新規ユーザー登録]
[ADMIN] 19:25:25.750199 シナリオ走行を開始しました [シナリオ名: 新規ユーザー登録]
[ADMIN] 19:25:25.753727 シナリオ走行を終了しました [シナリオ名: ログイン]
[ADMIN] 19:25:25.753738 シナリオ走行を開始しました [シナリオ名: ログイン]
[ADMIN] 19:25:25.792147 シナリオ走行を終了しました [シナリオ名: ログイン]
[ADMIN] 19:25:25.792157 シナリオ走行を開始しました [シナリオ名: ログイン]
[ADMIN] 19:25:25.820481 シナリオ走行を終了しました [シナリオ名: 新規ユーザー登録]
[ADMIN] 19:25:25.820502 シナリオ走行を開始しました [シナリオ名: 新規ユーザー登録]
[ADMIN] 19:25:25.857310 シナリオ走行を終了しました [シナリオ名: ログイン]
[ADMIN] 19:25:25.857326 シナリオ走行を開始しました [シナリオ名: ログイン]
[ADMIN] 19:25:25.889306 シナリオ走行を終了しました [シナリオ名: 新規ユーザー登録]
[ADMIN] 19:25:25.889329 シナリオ走行を開始しました [シナリオ名: 新規ユーザー登録]
[ADMIN] 19:25:25.894763 シナリオ走行を終了しました [シナリオ名: ログイン]
[ADMIN] 19:25:25.894774 シナリオ走行を開始しました [シナリオ名: ログイン]
[ADMIN] 19:25:25.931486 シナリオ走行を終了しました [シナリオ名: ログイン]
[ADMIN] 19:25:25.931503 シナリオ走行を開始しました [シナリオ名: ログイン]
[ADMIN] 19:25:25.958781 シナリオ走行を終了しました [シナリオ名: 新規ユーザー登録]
[ADMIN] 19:25:25.958808 シナリオ走行を開始しました [シナリオ名: 新規ユーザー登録]
[ADMIN] 19:25:25.968311 シナリオ走行を終了しました [シナリオ名: ログイン]
[ADMIN] 19:25:25.968324 シナリオ走行を開始しました [シナリオ名: ログイン]
[ADMIN] 19:25:26.016815 シナリオ走行を終了しました [シナリオ名: ログイン]
[ADMIN] 19:25:26.016828 シナリオ走行を開始しました [シナリオ名: ログイン]
[ADMIN] 19:25:26.032903 シナリオ走行を終了しました [シナリオ名: 新規ユーザー登録]
[ADMIN] 19:25:26.032924 シナリオ走行を開始しました [シナリオ名: 新規ユーザー登録]
[ADMIN] 19:25:26.051824 シナリオ走行を終了しました [シナリオ名: ログイン]
[ADMIN] 19:25:26.051836 シナリオ走行を開始しました [シナリオ名: ログイン]
[ADMIN] 19:25:26.073618 シナリオ走行を終了しました [シナリオ名: Banユーザログイン]
[ADMIN] 19:25:26.073637 シナリオ走行を開始しました [シナリオ名: Banユーザログイン]
[ADMIN] 19:25:26.108159 シナリオ走行を終了しました [シナリオ名: 新規ユーザー登録]
[ADMIN] 19:25:26.108179 シナリオ走行を開始しました [シナリオ名: 新規ユーザー登録]
[ADMIN] 19:25:26.116916 シナリオ走行を終了しました [シナリオ名: ログイン]
[ADMIN] 19:25:26.116931 シナリオ走行を開始しました [シナリオ名: ログイン]
[ADMIN] 19:25:26.153794 シナリオ走行を終了しました [シナリオ名: ログイン]
[ADMIN] 19:25:26.153806 シナリオ走行を開始しました [シナリオ名: ログイン]
[ADMIN] 19:25:26.180427 シナリオ走行を終了しました [シナリオ名: 新規ユーザー登録]
[ADMIN] 19:25:26.180451 シナリオ走行を開始しました [シナリオ名: 新規ユーザー登録]
[ADMIN] 19:25:26.217299 シナリオ走行を終了しました [シナリオ名: ログイン]
[ADMIN] 19:25:26.217311 シナリオ走行を開始しました [シナリオ名: ログイン]
[ADMIN] 19:25:26.247588 シナリオ走行を終了しました [シナリオ名: 新規ユーザー登録]
[ADMIN] 19:25:26.247615 シナリオ走行を開始しました [シナリオ名: 新規ユーザー登録]
[ADMIN] 19:25:26.276600 シナリオ走行を終了しました [シナリオ名: ログイン]
[ADMIN] 19:25:26.276613 シナリオ走行を開始しました [シナリオ名: ログイン]
[ADMIN] 19:25:26.316967 シナリオ走行を終了しました [シナリオ名: 新規ユーザー登録]
[ADMIN] 19:25:26.316992 シナリオ走行を開始しました [シナリオ名: 新規ユーザー登録]
[ADMIN] 19:25:26.337474 シナリオ走行を終了しました [シナリオ名: ログイン]
[ADMIN] 19:25:26.337487 シナリオ走行を開始しました [シナリオ名: ログイン]
[ADMIN] 19:25:26.389679 シナリオ走行を終了しました [シナリオ名: 新規ユーザー登録]
[ADMIN] 19:25:26.389708 シナリオ走行を開始しました [シナリオ名: 新規ユーザー登録]
[ADMIN] 19:25:26.393969 シナリオ走行を終了しました [シナリオ名: ログイン]
[ADMIN] 19:25:26.393978 シナリオ走行を開始しました [シナリオ名: ログイン]
[ADMIN] 19:25:26.455767 シナリオ走行を終了しました [シナリオ名: ログイン]
[ADMIN] 19:25:26.455784 シナリオ走行を開始しました [シナリオ名: ログイン]
[ADMIN] 19:25:26.466410 シナリオ走行を終了しました [シナリオ名: 新規ユーザー登録]
[ADMIN] 19:25:26.466433 シナリオ走行を開始しました [シナリオ名: 新規ユーザー登録]
[ADMIN] 19:25:26.523967 シナリオ走行を終了しました [シナリオ名: ログイン]
[ADMIN] 19:25:26.523981 シナリオ走行を開始しました [シナリオ名: ログイン]
[ADMIN] 19:25:26.543777 シナリオ走行を終了しました [シナリオ名: 新規ユーザー登録]
[ADMIN] 19:25:26.543800 シナリオ走行を開始しました [シナリオ名: 新規ユーザー登録]
[ADMIN] 19:25:26.576542 シナリオ走行を終了しました [シナリオ名: Banユーザログイン]
[ADMIN] 19:25:26.576560 シナリオ走行を開始しました [シナリオ名: Banユーザログイン]
[ADMIN] 19:25:26.586193 シナリオ走行を終了しました [シナリオ名: ログイン]
[ADMIN] 19:25:26.586204 シナリオ走行を開始しました [シナリオ名: ログイン]
[ADMIN] 19:25:26.623385 シナリオ走行を終了しました [シナリオ名: 新規ユーザー登録]
[ADMIN] 19:25:26.623409 シナリオ走行を開始しました [シナリオ名: 新規ユーザー登録]
[ADMIN] 19:25:26.646983 シナリオ走行を終了しました [シナリオ名: ログイン]
[ADMIN] 19:25:26.646996 シナリオ走行を開始しました [シナリオ名: ログイン]
[ADMIN] 19:25:26.703803 シナリオ走行を終了しました [シナリオ名: 新規ユーザー登録]
[ADMIN] 19:25:26.703824 シナリオ走行を開始しました [シナリオ名: 新規ユーザー登録]
[ADMIN] 19:25:26.704873 シナリオ走行を終了しました [シナリオ名: ログイン]
[ADMIN] 19:25:26.704883 シナリオ走行を開始しました [シナリオ名: ログイン]
[ADMIN] 19:25:26.746911 シナリオ走行を終了しました [シナリオ名: ログイン]
[ADMIN] 19:25:26.746923 シナリオ走行を開始しました [シナリオ名: ログイン]
[ADMIN] 19:25:26.774630 シナリオ走行を終了しました [シナリオ名: 新規ユーザー登録]
[ADMIN] 19:25:26.774645 シナリオ走行を開始しました [シナリオ名: 新規ユーザー登録]
[ADMIN] 19:25:26.804348 シナリオ走行を終了しました [シナリオ名: ログイン]
[ADMIN] 19:25:26.804358 シナリオ走行を開始しました [シナリオ名: ログイン]
[ADMIN] 19:25:26.845871 シナリオ走行を終了しました [シナリオ名: 新規ユーザー登録]
[ADMIN] 19:25:26.845895 シナリオ走行を開始しました [シナリオ名: 新規ユーザー登録]
[ADMIN] 19:25:26.865665 シナリオ走行を終了しました [シナリオ名: ログイン]
[ADMIN] 19:25:26.865679 シナリオ走行を開始しました [シナリオ名: ログイン]
[ADMIN] 19:25:26.915556 シナリオ走行を終了しました [シナリオ名: 新規ユーザー登録]
[ADMIN] 19:25:26.915582 シナリオ走行を開始しました [シナリオ名: 新規ユーザー登録]
[ADMIN] 19:25:26.932560 シナリオ走行を終了しました [シナリオ名: ログイン]
[ADMIN] 19:25:26.932571 シナリオ走行を開始しました [シナリオ名: ログイン]
[ADMIN] 19:25:26.969853 シナリオ走行を終了しました [シナリオ名: ログイン]
[ADMIN] 19:25:26.969866 シナリオ走行を開始しました [シナリオ名: ログイン]
[ADMIN] 19:25:26.987186 シナリオ走行を終了しました [シナリオ名: 新規ユーザー登録]
[ADMIN] 19:25:26.987209 シナリオ走行を開始しました [シナリオ名: 新規ユーザー登録]
[ADMIN] 19:25:27.005597 シナリオ走行を終了しました [シナリオ名: ログイン]
[ADMIN] 19:25:27.005609 シナリオ走行を開始しました [シナリオ名: ログイン]
[ADMIN] 19:25:27.043296 シナリオ走行を終了しました [シナリオ名: ログイン]
[ADMIN] 19:25:27.043313 シナリオ走行を開始しました [シナリオ名: ログイン]
[ADMIN] 19:25:27.058196 シナリオ走行を終了しました [シナリオ名: 新規ユーザー登録]
[ADMIN] 19:25:27.058216 シナリオ走行を開始しました [シナリオ名: 新規ユーザー登録]
[ADMIN] 19:25:27.079646 シナリオ走行を終了しました [シナリオ名: Banユーザログイン]
[ADMIN] 19:25:27.079660 シナリオ走行を開始しました [シナリオ名: Banユーザログイン]
[ADMIN] 19:25:27.099412 シナリオ走行を終了しました [シナリオ名: ログイン]
[ADMIN] 19:25:27.099425 シナリオ走行を開始しました [シナリオ名: ログイン]
[ADMIN] 19:25:27.129516 シナリオ走行を終了しました [シナリオ名: 新規ユーザー登録]
[ADMIN] 19:25:27.129535 シナリオ走行を開始しました [シナリオ名: 新規ユーザー登録]
[ADMIN] 19:25:27.138182 シナリオ走行を終了しました [シナリオ名: ログイン]
[ADMIN] 19:25:27.138192 シナリオ走行を開始しました [シナリオ名: ログイン]
[ADMIN] 19:25:27.175546 シナリオ走行を終了しました [シナリオ名: ログイン]
[ADMIN] 19:25:27.175556 シナリオ走行を開始しました [シナリオ名: ログイン]
[ADMIN] 19:25:27.199146 シナリオ走行を終了しました [シナリオ名: 新規ユーザー登録]
[ADMIN] 19:25:27.199170 シナリオ走行を開始しました [シナリオ名: 新規ユーザー登録]
[ADMIN] 19:25:27.214710 シナリオ走行を終了しました [シナリオ名: ログイン]
[ADMIN] 19:25:27.214724 シナリオ走行を開始しました [シナリオ名: ログイン]
[ADMIN] 19:25:27.266992 シナリオ走行を終了しました [シナリオ名: 新規ユーザー登録]
[ADMIN] 19:25:27.267013 シナリオ走行を開始しました [シナリオ名: 新規ユーザー登録]
[ADMIN] 19:25:27.268790 シナリオ走行を終了しました [シナリオ名: ログイン]
[ADMIN] 19:25:27.268799 シナリオ走行を開始しました [シナリオ名: ログイン]
[ADMIN] 19:25:27.329949 シナリオ走行を終了しました [シナリオ名: ログイン]
[ADMIN] 19:25:27.329966 シナリオ走行を開始しました [シナリオ名: ログイン]
[ADMIN] 19:25:27.337167 シナリオ走行を終了しました [シナリオ名: 新規ユーザー登録]
[ADMIN] 19:25:27.337190 シナリオ走行を開始しました [シナリオ名: 新規ユーザー登録]
[ADMIN] 19:25:27.396068 シナリオ走行を終了しました [シナリオ名: ログイン]
[ADMIN] 19:25:27.396083 シナリオ走行を開始しました [シナリオ名: ログイン]
[ADMIN] 19:25:27.414858 シナリオ走行を終了しました [シナリオ名: 新規ユーザー登録]
[ADMIN] 19:25:27.414883 シナリオ走行を開始しました [シナリオ名: 新規ユーザー登録]
[ADMIN] 19:25:27.467690 シナリオ走行を終了しました [シナリオ名: ログイン]
[ADMIN] 19:25:27.467703 シナリオ走行を開始しました [シナリオ名: ログイン]
[ADMIN] 19:25:27.493805 シナリオ走行を終了しました [シナリオ名: 新規ユーザー登録]
[ADMIN] 19:25:27.493828 シナリオ走行を開始しました [シナリオ名: 新規ユーザー登録]
[ADMIN] 19:25:27.540520 シナリオ走行を終了しました [シナリオ名: ログイン]
[ADMIN] 19:25:27.540535 シナリオ走行を開始しました [シナリオ名: ログイン]
[ADMIN] 19:25:27.570577 シナリオ走行を終了しました [シナリオ名: 新規ユーザー登録]
[ADMIN] 19:25:27.570605 シナリオ走行を開始しました [シナリオ名: 新規ユーザー登録]
[ADMIN] 19:25:27.585306 シナリオ走行を終了しました [シナリオ名: Banユーザログイン]
[ADMIN] 19:25:27.585323 シナリオ走行を開始しました [シナリオ名: Banユーザログイン]
[ADMIN] 19:25:27.616828 シナリオ走行を終了しました [シナリオ名: ログイン]
[ADMIN] 19:25:27.616842 シナリオ走行を開始しました [シナリオ名: ログイン]
[ADMIN] 19:25:27.653701 シナリオ走行を終了しました [シナリオ名: 新規ユーザー登録]
[ADMIN] 19:25:27.653724 シナリオ走行を開始しました [シナリオ名: 新規ユーザー登録]
[ADMIN] 19:25:27.661488 シナリオ走行を終了しました [シナリオ名: ログイン]
[ADMIN] 19:25:27.661498 シナリオ走行を開始しました [シナリオ名: ログイン]
[ADMIN] 19:25:27.702904 シナリオ走行を終了しました [シナリオ名: ログイン]
[ADMIN] 19:25:27.702916 シナリオ走行を開始しました [シナリオ名: ログイン]
[ADMIN] 19:25:27.732427 シナリオ走行を終了しました [シナリオ名: 新規ユーザー登録]
[ADMIN] 19:25:27.732448 シナリオ走行を開始しました [シナリオ名: 新規ユーザー登録]
[ADMIN] 19:25:27.773316 シナリオ走行を終了しました [シナリオ名: ログイン]
[ADMIN] 19:25:27.773329 シナリオ走行を開始しました [シナリオ名: ログイン]
[ADMIN] 19:25:27.804243 シナリオ走行を終了しました [シナリオ名: 新規ユーザー登録]
[ADMIN] 19:25:27.804269 シナリオ走行を開始しました [シナリオ名: 新規ユーザー登録]
[ADMIN] 19:25:27.843438 シナリオ走行を終了しました [シナリオ名: ログイン]
[ADMIN] 19:25:27.843459 シナリオ走行を開始しました [シナリオ名: ログイン]
[ADMIN] 19:25:27.870247 シナリオ走行を終了しました [シナリオ名: 新規ユーザー登録]
[ADMIN] 19:25:27.870272 シナリオ走行を開始しました [シナリオ名: 新規ユーザー登録]
[ADMIN] 19:25:27.897735 シナリオ走行を終了しました [シナリオ名: ログイン]
[ADMIN] 19:25:27.897749 シナリオ走行を開始しました [シナリオ名: ログイン]
[ADMIN] 19:25:27.939475 シナリオ走行を終了しました [シナリオ名: 新規ユーザー登録]
[ADMIN] 19:25:27.939502 シナリオ走行を開始しました [シナリオ名: 新規ユーザー登録]
[ADMIN] 19:25:27.960458 シナリオ走行を終了しました [シナリオ名: ログイン]
[ADMIN] 19:25:27.960471 シナリオ走行を開始しました [シナリオ名: ログイン]
[ADMIN] 19:25:28.009712 シナリオ走行を終了しました [シナリオ名: 新規ユーザー登録]
[ADMIN] 19:25:28.009741 シナリオ走行を開始しました [シナリオ名: 新規ユーザー登録]
[ADMIN] 19:25:28.024276 シナリオ走行を終了しました [シナリオ名: ログイン]
[ADMIN] 19:25:28.024293 シナリオ走行を開始しました [シナリオ名: ログイン]
[ADMIN] 19:25:28.074379 シナリオ走行を終了しました [シナリオ名: ログイン]
[ADMIN] 19:25:28.074396 シナリオ走行を開始しました [シナリオ名: ログイン]
[ADMIN] 19:25:28.079410 シナリオ走行を終了しました [シナリオ名: 新規ユーザー登録]
[ADMIN] 19:25:28.079432 シナリオ走行を開始しました [シナリオ名: 新規ユーザー登録]
[ADMIN] 19:25:28.088875 シナリオ走行を終了しました [シナリオ名: Banユーザログイン]
[ADMIN] 19:25:28.088890 シナリオ走行を開始しました [シナリオ名: Banユーザログイン]
[ADMIN] 19:25:28.138899 シナリオ走行を終了しました [シナリオ名: ログイン]
[ADMIN] 19:25:28.138911 シナリオ走行を開始しました [シナリオ名: ログイン]
[ADMIN] 19:25:28.157950 シナリオ走行を終了しました [シナリオ名: 新規ユーザー登録]
[ADMIN] 19:25:28.157973 シナリオ走行を開始しました [シナリオ名: 新規ユーザー登録]
[ADMIN] 19:25:28.175761 シナリオ走行を終了しました [シナリオ名: ログイン]
[ADMIN] 19:25:28.175774 シナリオ走行を開始しました [シナリオ名: ログイン]
[ADMIN] 19:25:28.225951 シナリオ走行を終了しました [シナリオ名: 新規ユーザー登録]
[ADMIN] 19:25:28.225975 シナリオ走行を開始しました [シナリオ名: 新規ユーザー登録]
[ADMIN] 19:25:28.243140 シナリオ走行を終了しました [シナリオ名: ログイン]
[ADMIN] 19:25:28.243155 シナリオ走行を開始しました [シナリオ名: ログイン]
[ADMIN] 19:25:28.280691 シナリオ走行を終了しました [シナリオ名: ログイン]
[ADMIN] 19:25:28.280712 シナリオ走行を開始しました [シナリオ名: ログイン]
[ADMIN] 19:25:28.298730 シナリオ走行を終了しました [シナリオ名: 新規ユーザー登録]
[ADMIN] 19:25:28.298758 シナリオ走行を開始しました [シナリオ名: 新規ユーザー登録]
[ADMIN] 19:25:28.343823 シナリオ走行を終了しました [シナリオ名: ログイン]
[ADMIN] 19:25:28.343837 シナリオ走行を開始しました [シナリオ名: ログイン]
[ADMIN] 19:25:28.370033 シナリオ走行を終了しました [シナリオ名: 新規ユーザー登録]
[ADMIN] 19:25:28.370055 シナリオ走行を開始しました [シナリオ名: 新規ユーザー登録]
[ADMIN] 19:25:28.386984 シナリオ走行を終了しました [シナリオ名: ログイン]
[ADMIN] 19:25:28.386998 シナリオ走行を開始しました [シナリオ名: ログイン]
[ADMIN] 19:25:28.451592 シナリオ走行を終了しました [シナリオ名: 新規ユーザー登録]
[ADMIN] 19:25:28.451616 シナリオ走行を開始しました [シナリオ名: 新規ユーザー登録]
[ADMIN] 19:25:28.456355 シナリオ走行を終了しました [シナリオ名: ログイン]
[ADMIN] 19:25:28.456368 シナリオ走行を開始しました [シナリオ名: ログイン]
[ADMIN] 19:25:28.529946 シナリオ走行を終了しました [シナリオ名: ログイン]
[ADMIN] 19:25:28.529959 シナリオ走行を開始しました [シナリオ名: ログイン]
[ADMIN] 19:25:28.531398 シナリオ走行を終了しました [シナリオ名: 新規ユーザー登録]
[ADMIN] 19:25:28.531418 シナリオ走行を開始しました [シナリオ名: 新規ユーザー登録]
[ADMIN] 19:25:28.573500 シナリオ走行を終了しました [シナリオ名: ログイン]
[ADMIN] 19:25:28.573512 シナリオ走行を開始しました [シナリオ名: ログイン]
[ADMIN] 19:25:28.591395 シナリオ走行を終了しました [シナリオ名: Banユーザログイン]
[ADMIN] 19:25:28.591404 シナリオ走行を開始しました [シナリオ名: Banユーザログイン]
[ADMIN] 19:25:28.613281 シナリオ走行を終了しました [シナリオ名: 新規ユーザー登録]
[ADMIN] 19:25:28.613304 シナリオ走行を開始しました [シナリオ名: 新規ユーザー登録]
[ADMIN] 19:25:28.645706 シナリオ走行を終了しました [シナリオ名: ログイン]
[ADMIN] 19:25:28.645720 シナリオ走行を開始しました [シナリオ名: ログイン]
[ADMIN] 19:25:28.688104 シナリオ走行を終了しました [シナリオ名: ログイン]
[ADMIN] 19:25:28.688123 シナリオ走行を開始しました [シナリオ名: ログイン]
[ADMIN] 19:25:28.693901 シナリオ走行を終了しました [シナリオ名: 新規ユーザー登録]
[ADMIN] 19:25:28.693920 シナリオ走行を開始しました [シナリオ名: 新規ユーザー登録]
[ADMIN] 19:25:28.728412 シナリオ走行を終了しました [シナリオ名: ログイン]
[ADMIN] 19:25:28.728424 シナリオ走行を開始しました [シナリオ名: ログイン]
[ADMIN] 19:25:28.767286 シナリオ走行を終了しました [シナリオ名: 新規ユーザー登録]
[ADMIN] 19:25:28.767310 シナリオ走行を開始しました [シナリオ名: 新規ユーザー登録]
[ADMIN] 19:25:28.779978 シナリオ走行を終了しました [シナリオ名: ログイン]
[ADMIN] 19:25:28.779990 シナリオ走行を開始しました [シナリオ名: ログイン]
[ADMIN] 19:25:28.832391 シナリオ走行を終了しました [シナリオ名: ログイン]
[ADMIN] 19:25:28.832404 シナリオ走行を開始しました [シナリオ名: ログイン]
[ADMIN] 19:25:28.838114 シナリオ走行を終了しました [シナリオ名: 新規ユーザー登録]
[ADMIN] 19:25:28.838136 シナリオ走行を開始しました [シナリオ名: 新規ユーザー登録]
[ADMIN] 19:25:28.867740 シナリオ走行を終了しました [シナリオ名: ログイン]
[ADMIN] 19:25:28.867750 シナリオ走行を開始しました [シナリオ名: ログイン]
[ADMIN] 19:25:28.905016 シナリオ走行を終了しました [シナリオ名: ログイン]
[ADMIN] 19:25:28.905028 シナリオ走行を開始しました [シナリオ名: ログイン]
[ADMIN] 19:25:28.908324 シナリオ走行を終了しました [シナリオ名: 新規ユーザー登録]
[ADMIN] 19:25:28.908340 シナリオ走行を開始しました [シナリオ名: 新規ユーザー登録]
[ADMIN] 19:25:28.961218 シナリオ走行を終了しました [シナリオ名: ログイン]
[ADMIN] 19:25:28.961229 シナリオ走行を開始しました [シナリオ名: ログイン]
[ADMIN] 19:25:28.977224 シナリオ走行を終了しました [シナリオ名: 新規ユーザー登録]
[ADMIN] 19:25:28.977259 シナリオ走行を開始しました [シナリオ名: 新規ユーザー登録]
[ADMIN] 19:25:29.023605 シナリオ走行を終了しました [シナリオ名: ログイン]
[ADMIN] 19:25:29.023617 シナリオ走行を開始しました [シナリオ名: ログイン]
[ADMIN] 19:25:29.046998 シナリオ走行を終了しました [シナリオ名: 新規ユーザー登録]
[ADMIN] 19:25:29.047021 シナリオ走行を開始しました [シナリオ名: 新規ユーザー登録]
[ADMIN] 19:25:29.086498 シナリオ走行を終了しました [シナリオ名: ログイン]
[ADMIN] 19:25:29.086512 シナリオ走行を開始しました [シナリオ名: ログイン]
[ADMIN] 19:25:29.094284 シナリオ走行を終了しました [シナリオ名: Banユーザログイン]
[ADMIN] 19:25:29.094305 シナリオ走行を開始しました [シナリオ名: Banユーザログイン]
[ADMIN] 19:25:29.116316 シナリオ走行を終了しました [シナリオ名: 新規ユーザー登録]
[ADMIN] 19:25:29.116340 シナリオ走行を開始しました [シナリオ名: 新規ユーザー登録]
[ADMIN] 19:25:29.154949 シナリオ走行を終了しました [シナリオ名: ログイン]
[ADMIN] 19:25:29.154963 シナリオ走行を開始しました [シナリオ名: ログイン]
[ADMIN] 19:25:29.185940 シナリオ走行を終了しました [シナリオ名: 新規ユーザー登録]
[ADMIN] 19:25:29.185962 シナリオ走行を開始しました [シナリオ名: 新規ユーザー登録]
[ADMIN] 19:25:29.195278 シナリオ走行を終了しました [シナリオ名: ログイン]
[ADMIN] 19:25:29.195289 シナリオ走行を開始しました [シナリオ名: ログイン]
[ADMIN] 19:25:29.263256 シナリオ走行を終了しました [シナリオ名: 新規ユーザー登録]
[ADMIN] 19:25:29.263282 シナリオ走行を開始しました [シナリオ名: 新規ユーザー登録]
[ADMIN] 19:25:29.264240 シナリオ走行を終了しました [シナリオ名: ログイン]
[ADMIN] 19:25:29.264252 シナリオ走行を開始しました [シナリオ名: ログイン]
[ADMIN] 19:25:29.303053 シナリオ走行を終了しました [シナリオ名: ログイン]
[ADMIN] 19:25:29.303066 シナリオ走行を開始しました [シナリオ名: ログイン]
[ADMIN] 19:25:29.335344 シナリオ走行を終了しました [シナリオ名: 新規ユーザー登録]
[ADMIN] 19:25:29.335370 シナリオ走行を開始しました [シナリオ名: 新規ユーザー登録]
[ADMIN] 19:25:29.340480 シナリオ走行を終了しました [シナリオ名: ログイン]
[ADMIN] 19:25:29.340495 シナリオ走行を開始しました [シナリオ名: ログイン]
[ADMIN] 19:25:29.382073 シナリオ走行を終了しました [シナリオ名: ログイン]
[ADMIN] 19:25:29.382087 シナリオ走行を開始しました [シナリオ名: ログイン]
[ADMIN] 19:25:29.409293 シナリオ走行を終了しました [シナリオ名: 新規ユーザー登録]
[ADMIN] 19:25:29.409317 シナリオ走行を開始しました [シナリオ名: 新規ユーザー登録]
[ADMIN] 19:25:29.426936 シナリオ走行を終了しました [シナリオ名: ログイン]
[ADMIN] 19:25:29.426947 シナリオ走行を開始しました [シナリオ名: ログイン]
[ADMIN] 19:25:29.470761 シナリオ走行を終了しました [シナリオ名: ログイン]
[ADMIN] 19:25:29.470772 シナリオ走行を開始しました [シナリオ名: ログイン]
[ADMIN] 19:25:29.490498 シナリオ走行を終了しました [シナリオ名: 新規ユーザー登録]
[ADMIN] 19:25:29.490516 シナリオ走行を開始しました [シナリオ名: 新規ユーザー登録]
[ADMIN] 19:25:29.512908 シナリオ走行を終了しました [シナリオ名: ログイン]
[ADMIN] 19:25:29.512918 シナリオ走行を開始しました [シナリオ名: ログイン]
[ADMIN] 19:25:29.567617 シナリオ走行を終了しました [シナリオ名: 新規ユーザー登録]
[ADMIN] 19:25:29.567647 シナリオ走行を開始しました [シナリオ名: 新規ユーザー登録]
[ADMIN] 19:25:29.575650 シナリオ走行を終了しました [シナリオ名: ログイン]
[ADMIN] 19:25:29.575665 シナリオ走行を開始しました [シナリオ名: ログイン]
[ADMIN] 19:25:29.597215 シナリオ走行を終了しました [シナリオ名: Banユーザログイン]
[ADMIN] 19:25:29.597235 シナリオ走行を開始しました [シナリオ名: Banユーザログイン]
[ADMIN] 19:25:29.643803 シナリオ走行を終了しました [シナリオ名: ログイン]
[ADMIN] 19:25:29.643815 シナリオ走行を開始しました [シナリオ名: ログイン]
[ADMIN] 19:25:29.655322 シナリオ走行を終了しました [シナリオ名: 新規ユーザー登録]
[ADMIN] 19:25:29.655341 シナリオ走行を開始しました [シナリオ名: 新規ユーザー登録]
[ADMIN] 19:25:29.683742 シナリオ走行を終了しました [シナリオ名: ログイン]
[ADMIN] 19:25:29.683752 シナリオ走行を開始しました [シナリオ名: ログイン]
[ADMIN] 19:25:29.735425 シナリオ走行を終了しました [シナリオ名: 新規ユーザー登録]
[ADMIN] 19:25:29.735447 シナリオ走行を開始しました [シナリオ名: 新規ユーザー登録]
[ADMIN] 19:25:29.742142 シナリオ走行を終了しました [シナリオ名: ログイン]
[ADMIN] 19:25:29.742152 シナリオ走行を開始しました [シナリオ名: ログイン]
[ADMIN] 19:25:29.794628 シナリオ走行を終了しました [シナリオ名: ログイン]
[ADMIN] 19:25:29.794644 シナリオ走行を開始しました [シナリオ名: ログイン]
[ADMIN] 19:25:29.805682 シナリオ走行を終了しました [シナリオ名: 新規ユーザー登録]
[ADMIN] 19:25:29.805705 シナリオ走行を開始しました [シナリオ名: 新規ユーザー登録]
[ADMIN] 19:25:29.833356 シナリオ走行を終了しました [シナリオ名: ログイン]
[ADMIN] 19:25:29.833369 シナリオ走行を開始しました [シナリオ名: ログイン]
[ADMIN] 19:25:29.870486 シナリオ走行を終了しました [シナリオ名: ログイン]
[ADMIN] 19:25:29.870499 シナリオ走行を開始しました [シナリオ名: ログイン]
[ADMIN] 19:25:29.875672 シナリオ走行を終了しました [シナリオ名: 新規ユーザー登録]
[ADMIN] 19:25:29.875692 シナリオ走行を開始しました [シナリオ名: 新規ユーザー登録]
[ADMIN] 19:25:29.906923 シナリオ走行を終了しました [シナリオ名: ログイン]
[ADMIN] 19:25:29.906938 シナリオ走行を開始しました [シナリオ名: ログイン]
[ADMIN] 19:25:29.945301 シナリオ走行を終了しました [シナリオ名: 新規ユーザー登録]
[ADMIN] 19:25:29.945326 シナリオ走行を開始しました [シナリオ名: 新規ユーザー登録]
[ADMIN] 19:25:29.964957 シナリオ走行を終了しました [シナリオ名: ログイン]
[ADMIN] 19:25:29.964976 シナリオ走行を開始しました [シナリオ名: ログイン]
[ADMIN] 19:25:30.013983 シナリオ走行を終了しました [シナリオ名: ログイン]
[ADMIN] 19:25:30.013998 シナリオ走行を開始しました [シナリオ名: ログイン]
[ADMIN] 19:25:30.026572 シナリオ走行を終了しました [シナリオ名: 新規ユーザー登録]
[ADMIN] 19:25:30.026594 シナリオ走行を開始しました [シナリオ名: 新規ユーザー登録]
[ADMIN] 19:25:30.065745 シナリオ走行を終了しました [シナリオ名: ログイン]
[ADMIN] 19:25:30.065759 シナリオ走行を開始しました [シナリオ名: ログイン]
[ADMIN] 19:25:30.095225 シナリオ走行を終了しました [シナリオ名: 新規ユーザー登録]
[ADMIN] 19:25:30.095253 シナリオ走行を開始しました [シナリオ名: 新規ユーザー登録]
[ADMIN] 19:25:30.100728 シナリオ走行を終了しました [シナリオ名: Banユーザログイン]
[ADMIN] 19:25:30.100749 シナリオ走行を開始しました [シナリオ名: Banユーザログイン]
[ADMIN] 19:25:30.134790 シナリオ走行を終了しました [シナリオ名: ログイン]
[ADMIN] 19:25:30.134802 シナリオ走行を開始しました [シナリオ名: ログイン]
[ADMIN] 19:25:30.165025 シナリオ走行を終了しました [シナリオ名: 新規ユーザー登録]
[ADMIN] 19:25:30.165049 シナリオ走行を開始しました [シナリオ名: 新規ユーザー登録]
[ADMIN] 19:25:30.173236 シナリオ走行を終了しました [シナリオ名: ログイン]
[ADMIN] 19:25:30.173246 シナリオ走行を開始しました [シナリオ名: ログイン]
[ADMIN] 19:25:30.227658 シナリオ走行を終了しました [シナリオ名: ログイン]
[ADMIN] 19:25:30.227671 シナリオ走行を開始しました [シナリオ名: ログイン]
[ADMIN] 19:25:30.232558 シナリオ走行を終了しました [シナリオ名: 新規ユーザー登録]
[ADMIN] 19:25:30.232574 シナリオ走行を開始しました [シナリオ名: 新規ユーザー登録]
[ADMIN] 19:25:30.266682 シナリオ走行を終了しました [シナリオ名: ログイン]
[ADMIN] 19:25:30.266693 シナリオ走行を開始しました [シナリオ名: ログイン]
[ADMIN] 19:25:30.302964 シナリオ走行を終了しました [シナリオ名: 新規ユーザー登録]
[ADMIN] 19:25:30.302989 シナリオ走行を開始しました [シナリオ名: 新規ユーザー登録]
[ADMIN] 19:25:30.303441 シナリオ走行を終了しました [シナリオ名: ログイン]
[ADMIN] 19:25:30.303451 シナリオ走行を開始しました [シナリオ名: ログイン]
[ADMIN] 19:25:30.342074 シナリオ走行を終了しました [シナリオ名: ログイン]
[ADMIN] 19:25:30.342087 シナリオ走行を開始しました [シナリオ名: ログイン]
[ADMIN] 19:25:30.372260 シナリオ走行を終了しました [シナリオ名: 新規ユーザー登録]
[ADMIN] 19:25:30.372283 シナリオ走行を開始しました [シナリオ名: 新規ユーザー登録]
[ADMIN] 19:25:30.384097 シナリオ走行を終了しました [シナリオ名: ログイン]
[ADMIN] 19:25:30.384110 シナリオ走行を開始しました [シナリオ名: ログイン]
[ADMIN] 19:25:30.450298 シナリオ走行を終了しました [シナリオ名: ログイン]
[ADMIN] 19:25:30.450309 シナリオ走行を開始しました [シナリオ名: ログイン]
[ADMIN] 19:25:30.453915 シナリオ走行を終了しました [シナリオ名: 新規ユーザー登録]
[ADMIN] 19:25:30.453935 シナリオ走行を開始しました [シナリオ名: 新規ユーザー登録]
[ADMIN] 19:25:30.519330 シナリオ走行を終了しました [シナリオ名: ログイン]
[ADMIN] 19:25:30.519341 シナリオ走行を開始しました [シナリオ名: ログイン]
[ADMIN] 19:25:30.533626 シナリオ走行を終了しました [シナリオ名: 新規ユーザー登録]
[ADMIN] 19:25:30.533645 シナリオ走行を開始しました [シナリオ名: 新規ユーザー登録]
[ADMIN] 19:25:30.565061 シナリオ走行を終了しました [シナリオ名: ログイン]
[ADMIN] 19:25:30.565073 シナリオ走行を開始しました [シナリオ名: ログイン]
[ADMIN] 19:25:30.603985 シナリオ走行を終了しました [シナリオ名: Banユーザログイン]
[ADMIN] 19:25:30.604001 シナリオ走行を開始しました [シナリオ名: Banユーザログイン]
[ADMIN] 19:25:30.615750 シナリオ走行を終了しました [シナリオ名: 新規ユーザー登録]
[ADMIN] 19:25:30.615770 シナリオ走行を開始しました [シナリオ名: 新規ユーザー登録]
[ADMIN] 19:25:30.629013 シナリオ走行を終了しました [シナリオ名: ログイン]
[ADMIN] 19:25:30.629023 シナリオ走行を開始しました [シナリオ名: ログイン]
[ADMIN] 19:25:30.699533 シナリオ走行を終了しました [シナリオ名: 新規ユーザー登録]
[ADMIN] 19:25:30.699559 シナリオ走行を開始しました [シナリオ名: 新規ユーザー登録]
[ADMIN] 19:25:30.702405 シナリオ走行を終了しました [シナリオ名: ログイン]
[ADMIN] 19:25:30.702415 シナリオ走行を開始しました [シナリオ名: ログイン]
[ADMIN] 19:25:30.757597 シナリオ走行を終了しました [シナリオ名: ログイン]
[ADMIN] 19:25:30.757613 シナリオ走行を開始しました [シナリオ名: ログイン]
[ADMIN] 19:25:30.772935 シナリオ走行を終了しました [シナリオ名: 新規ユーザー登録]
[ADMIN] 19:25:30.772961 シナリオ走行を開始しました [シナリオ名: 新規ユーザー登録]
[ADMIN] 19:25:30.795157 シナリオ走行を終了しました [シナリオ名: ログイン]
[ADMIN] 19:25:30.795171 シナリオ走行を開始しました [シナリオ名: ログイン]
[ADMIN] 19:25:30.845750 シナリオ走行を終了しました [シナリオ名: 新規ユーザー登録]
[ADMIN] 19:25:30.845776 シナリオ走行を開始しました [シナリオ名: 新規ユーザー登録]
[ADMIN] 19:25:30.847552 シナリオ走行を終了しました [シナリオ名: ログイン]
[ADMIN] 19:25:30.847563 シナリオ走行を開始しました [シナリオ名: ログイン]
[ADMIN] 19:25:30.899838 シナリオ走行を終了しました [シナリオ名: ログイン]
[ADMIN] 19:25:30.899854 シナリオ走行を開始しました [シナリオ名: ログイン]
[ADMIN] 19:25:30.916173 シナリオ走行を終了しました [シナリオ名: 新規ユーザー登録]
[ADMIN] 19:25:30.916193 シナリオ走行を開始しました [シナリオ名: 新規ユーザー登録]
[ADMIN] 19:25:30.955093 シナリオ走行を終了しました [シナリオ名: ログイン]
[ADMIN] 19:25:30.955107 シナリオ走行を開始しました [シナリオ名: ログイン]
[ADMIN] 19:25:30.985876 シナリオ走行を終了しました [シナリオ名: 新規ユーザー登録]
[ADMIN] 19:25:30.985895 シナリオ走行を開始しました [シナリオ名: 新規ユーザー登録]
[ADMIN] 19:25:30.994717 シナリオ走行を終了しました [シナリオ名: ログイン]
[ADMIN] 19:25:30.994727 シナリオ走行を開始しました [シナリオ名: ログイン]
[ADMIN] 19:25:31.045118 シナリオ走行を終了しました [シナリオ名: ログイン]
[ADMIN] 19:25:31.045134 シナリオ走行を開始しました [シナリオ名: ログイン]
[ADMIN] 19:25:31.056852 シナリオ走行を終了しました [シナリオ名: 新規ユーザー登録]
[ADMIN] 19:25:31.056877 シナリオ走行を開始しました [シナリオ名: 新規ユーザー登録]
[ADMIN] 19:25:31.099615 シナリオ走行を終了しました [シナリオ名: ログイン]
[ADMIN] 19:25:31.099629 シナリオ走行を開始しました [シナリオ名: ログイン]
[ADMIN] 19:25:31.107518 シナリオ走行を終了しました [シナリオ名: Banユーザログイン]
[ADMIN] 19:25:31.107539 シナリオ走行を開始しました [シナリオ名: Banユーザログイン]
[ADMIN] 19:25:31.128168 シナリオ走行を終了しました [シナリオ名: 新規ユーザー登録]
[ADMIN] 19:25:31.128191 シナリオ走行を開始しました [シナリオ名: 新規ユーザー登録]
[ADMIN] 19:25:31.154107 シナリオ走行を終了しました [シナリオ名: ログイン]
[ADMIN] 19:25:31.154118 シナリオ走行を開始しました [シナリオ名: ログイン]
[ADMIN] 19:25:31.188752 シナリオ走行を終了しました [シナリオ名: ログイン]
[ADMIN] 19:25:31.188769 シナリオ走行を開始しました [シナリオ名: ログイン]
[ADMIN] 19:25:31.199511 シナリオ走行を終了しました [シナリオ名: 新規ユーザー登録]
[ADMIN] 19:25:31.199537 シナリオ走行を開始しました [シナリオ名: 新規ユーザー登録]
[ADMIN] 19:25:31.227807 シナリオ走行を終了しました [シナリオ名: ログイン]
[ADMIN] 19:25:31.227821 シナリオ走行を開始しました [シナリオ名: ログイン]
[ADMIN] 19:25:31.268979 シナリオ走行を終了しました [シナリオ名: 新規ユーザー登録]
[ADMIN] 19:25:31.269005 シナリオ走行を開始しました [シナリオ名: 新規ユーザー登録]
[ADMIN] 19:25:31.287535 シナリオ走行を終了しました [シナリオ名: ログイン]
[ADMIN] 19:25:31.287549 シナリオ走行を開始しました [シナリオ名: ログイン]
[ADMIN] 19:25:31.345096 シナリオ走行を終了しました [シナリオ名: 新規ユーザー登録]
[ADMIN] 19:25:31.345126 シナリオ走行を開始しました [シナリオ名: 新規ユーザー登録]
[ADMIN] 19:25:31.348992 シナリオ走行を終了しました [シナリオ名: ログイン]
[ADMIN] 19:25:31.349004 シナリオ走行を開始しました [シナリオ名: ログイン]
[ADMIN] 19:25:31.392415 シナリオ走行を終了しました [シナリオ名: ログイン]
[ADMIN] 19:25:31.392427 シナリオ走行を開始しました [シナリオ名: ログイン]
[ADMIN] 19:25:31.424453 シナリオ走行を終了しました [シナリオ名: 新規ユーザー登録]
[ADMIN] 19:25:31.424474 シナリオ走行を開始しました [シナリオ名: 新規ユーザー登録]
[ADMIN] 19:25:31.437428 シナリオ走行を終了しました [シナリオ名: ログイン]
[ADMIN] 19:25:31.437440 シナリオ走行を開始しました [シナリオ名: ログイン]
[ADMIN] 19:25:31.477572 シナリオ走行を終了しました [シナリオ名: ログイン]
[ADMIN] 19:25:31.477582 シナリオ走行を開始しました [シナリオ名: ログイン]
[ADMIN] 19:25:31.505383 シナリオ走行を終了しました [シナリオ名: 新規ユーザー登録]
[ADMIN] 19:25:31.505403 シナリオ走行を開始しました [シナリオ名: 新規ユーザー登録]
[ADMIN] 19:25:31.523830 シナリオ走行を終了しました [シナリオ名: ログイン]
[ADMIN] 19:25:31.523840 シナリオ走行を開始しました [シナリオ名: ログイン]
[ADMIN] 19:25:31.587577 シナリオ走行を終了しました [シナリオ名: 新規ユーザー登録]
[ADMIN] 19:25:31.587602 シナリオ走行を開始しました [シナリオ名: 新規ユーザー登録]
[ADMIN] 19:25:31.596960 シナリオ走行を終了しました [シナリオ名: ログイン]
[ADMIN] 19:25:31.596972 シナリオ走行を開始しました [シナリオ名: ログイン]
[ADMIN] 19:25:31.610441 シナリオ走行を終了しました [シナリオ名: Banユーザログイン]
[ADMIN] 19:25:31.610457 シナリオ走行を開始しました [シナリオ名: Banユーザログイン]
[ADMIN] 19:25:31.668954 シナリオ走行を終了しました [シナリオ名: ログイン]
[ADMIN] 19:25:31.668968 シナリオ走行を開始しました [シナリオ名: ログイン]
[ADMIN] 19:25:31.670968 シナリオ走行を終了しました [シナリオ名: 新規ユーザー登録]
[ADMIN] 19:25:31.670987 シナリオ走行を開始しました [シナリオ名: 新規ユーザー登録]
[ADMIN] 19:25:31.712925 シナリオ走行を終了しました [シナリオ名: ログイン]
[ADMIN] 19:25:31.712939 シナリオ走行を開始しました [シナリオ名: ログイン]
[ADMIN] 19:25:31.747575 シナリオ走行を終了しました [シナリオ名: 新規ユーザー登録]
[ADMIN] 19:25:31.747600 シナリオ走行を開始しました [シナリオ名: 新規ユーザー登録]
[ADMIN] 19:25:31.776652 シナリオ走行を終了しました [シナリオ名: ログイン]
[ADMIN] 19:25:31.776662 シナリオ走行を開始しました [シナリオ名: ログイン]
[ADMIN] 19:25:31.817624 シナリオ走行を終了しました [シナリオ名: ログイン]
[ADMIN] 19:25:31.817637 シナリオ走行を開始しました [シナリオ名: ログイン]
[ADMIN] 19:25:31.818894 シナリオ走行を終了しました [シナリオ名: 新規ユーザー登録]
[ADMIN] 19:25:31.818912 シナリオ走行を開始しました [シナリオ名: 新規ユーザー登録]
[ADMIN] 19:25:31.856403 シナリオ走行を終了しました [シナリオ名: ログイン]
[ADMIN] 19:25:31.856417 シナリオ走行を開始しました [シナリオ名: ログイン]
[ADMIN] 19:25:31.889791 シナリオ走行を終了しました [シナリオ名: 新規ユーザー登録]
[ADMIN] 19:25:31.889818 シナリオ走行を開始しました [シナリオ名: 新規ユーザー登録]
[ADMIN] 19:25:31.895591 シナリオ走行を終了しました [シナリオ名: ログイン]
[ADMIN] 19:25:31.895603 シナリオ走行を開始しました [シナリオ名: ログイン]
[ADMIN] 19:25:31.958488 シナリオ走行を終了しました [シナリオ名: ログイン]
[ADMIN] 19:25:31.958499 シナリオ走行を開始しました [シナリオ名: ログイン]
[ADMIN] 19:25:31.958729 シナリオ走行を終了しました [シナリオ名: 新規ユーザー登録]
[ADMIN] 19:25:31.958747 シナリオ走行を開始しました [シナリオ名: 新規ユーザー登録]
[ADMIN] 19:25:32.007994 シナリオ走行を終了しました [シナリオ名: ログイン]
[ADMIN] 19:25:32.008005 シナリオ走行を開始しました [シナリオ名: ログイン]
[ADMIN] 19:25:32.028664 シナリオ走行を終了しました [シナリオ名: 新規ユーザー登録]
[ADMIN] 19:25:32.028686 シナリオ走行を開始しました [シナリオ名: 新規ユーザー登録]
[ADMIN] 19:25:32.043976 シナリオ走行を終了しました [シナリオ名: ログイン]
[ADMIN] 19:25:32.043987 シナリオ走行を開始しました [シナリオ名: ログイン]
[ADMIN] 19:25:32.100523 シナリオ走行を終了しました [シナリオ名: 新規ユーザー登録]
[ADMIN] 19:25:32.100547 シナリオ走行を開始しました [シナリオ名: 新規ユーザー登録]
[ADMIN] 19:25:32.110478 シナリオ走行を終了しました [シナリオ名: ログイン]
[ADMIN] 19:25:32.110488 シナリオ走行を開始しました [シナリオ名: ログイン]
[ADMIN] 19:25:32.113906 シナリオ走行を終了しました [シナリオ名: Banユーザログイン]
[ADMIN] 19:25:32.113920 シナリオ走行を開始しました [シナリオ名: Banユーザログイン]
[ADMIN] 19:25:32.149257 シナリオ走行を終了しました [シナリオ名: ログイン]
[ADMIN] 19:25:32.149271 シナリオ走行を開始しました [シナリオ名: ログイン]
[ADMIN] 19:25:32.172144 シナリオ走行を終了しました [シナリオ名: 新規ユーザー登録]
[ADMIN] 19:25:32.172163 シナリオ走行を開始しました [シナリオ名: 新規ユーザー登録]
[ADMIN] 19:25:32.187632 シナリオ走行を終了しました [シナリオ名: ログイン]
[ADMIN] 19:25:32.187642 シナリオ走行を開始しました [シナリオ名: ログイン]
[ADMIN] 19:25:32.227530 シナリオ走行を終了しました [シナリオ名: ログイン]
[ADMIN] 19:25:32.227541 シナリオ走行を開始しました [シナリオ名: ログイン]
[ADMIN] 19:25:32.245008 シナリオ走行を終了しました [シナリオ名: 新規ユーザー登録]
[ADMIN] 19:25:32.245025 シナリオ走行を開始しました [シナリオ名: 新規ユーザー登録]
[ADMIN] 19:25:32.277899 シナリオ走行を終了しました [シナリオ名: ログイン]
[ADMIN] 19:25:32.277908 シナリオ走行を開始しました [シナリオ名: ログイン]
[ADMIN] 19:25:32.314280 シナリオ走行を終了しました [シナリオ名: 新規ユーザー登録]
[ADMIN] 19:25:32.314303 シナリオ走行を開始しました [シナリオ名: 新規ユーザー登録]
[ADMIN] 19:25:32.316843 シナリオ走行を終了しました [シナリオ名: ログイン]
[ADMIN] 19:25:32.316854 シナリオ走行を開始しました [シナリオ名: ログイン]
[ADMIN] 19:25:32.371320 シナリオ走行を終了しました [シナリオ名: ログイン]
[ADMIN] 19:25:32.371332 シナリオ走行を開始しました [シナリオ名: ログイン]
[ADMIN] 19:25:32.390145 シナリオ走行を終了しました [シナリオ名: 新規ユーザー登録]
[ADMIN] 19:25:32.390169 シナリオ走行を開始しました [シナリオ名: 新規ユーザー登録]
[ADMIN] 19:25:32.429093 シナリオ走行を終了しました [シナリオ名: ログイン]
[ADMIN] 19:25:32.429106 シナリオ走行を開始しました [シナリオ名: ログイン]
[ADMIN] 19:25:32.472778 シナリオ走行を終了しました [シナリオ名: 新規ユーザー登録]
[ADMIN] 19:25:32.472803 シナリオ走行を開始しました [シナリオ名: 新規ユーザー登録]
[ADMIN] 19:25:32.473916 シナリオ走行を終了しました [シナリオ名: ログイン]
[ADMIN] 19:25:32.473927 シナリオ走行を開始しました [シナリオ名: ログイン]
[ADMIN] 19:25:32.517018 シナリオ走行を終了しました [シナリオ名: ログイン]
[ADMIN] 19:25:32.517032 シナリオ走行を開始しました [シナリオ名: ログイン]
[ADMIN] 19:25:32.553179 シナリオ走行を終了しました [シナリオ名: 新規ユーザー登録]
[ADMIN] 19:25:32.553202 シナリオ走行を開始しました [シナリオ名: 新規ユーザー登録]
[ADMIN] 19:25:32.561440 シナリオ走行を終了しました [シナリオ名: ログイン]
[ADMIN] 19:25:32.561449 シナリオ走行を開始しました [シナリオ名: ログイン]
[ADMIN] 19:25:32.616073 シナリオ走行を終了しました [シナリオ名: Banユーザログイン]
[ADMIN] 19:25:32.616088 シナリオ走行を開始しました [シナリオ名: Banユーザログイン]
[ADMIN] 19:25:32.623189 シナリオ走行を終了しました [シナリオ名: ログイン]
[ADMIN] 19:25:32.623200 シナリオ走行を開始しました [シナリオ名: ログイン]
[ADMIN] 19:25:32.636201 シナリオ走行を終了しました [シナリオ名: 新規ユーザー登録]
[ADMIN] 19:25:32.636224 シナリオ走行を開始しました [シナリオ名: 新規ユーザー登録]
[ADMIN] 19:25:32.684473 シナリオ走行を終了しました [シナリオ名: ログイン]
[ADMIN] 19:25:32.684486 シナリオ走行を開始しました [シナリオ名: ログイン]
[ADMIN] 19:25:32.715129 シナリオ走行を終了しました [シナリオ名: 新規ユーザー登録]
[ADMIN] 19:25:32.715148 シナリオ走行を開始しました [シナリオ名: 新規ユーザー登録]
[ADMIN] 19:25:32.743052 シナリオ走行を終了しました [シナリオ名: ログイン]
[ADMIN] 19:25:32.743064 シナリオ走行を開始しました [シナリオ名: ログイン]
[ADMIN] 19:25:32.786768 シナリオ走行を終了しました [シナリオ名: 新規ユーザー登録]
[ADMIN] 19:25:32.786792 シナリオ走行を開始しました [シナリオ名: 新規ユーザー登録]
[ADMIN] 19:25:32.794142 シナリオ走行を終了しました [シナリオ名: ログイン]
[ADMIN] 19:25:32.794151 シナリオ走行を開始しました [シナリオ名: ログイン]
[ADMIN] 19:25:32.845862 シナリオ走行を終了しました [シナリオ名: ログイン]
[ADMIN] 19:25:32.845879 シナリオ走行を開始しました [シナリオ名: ログイン]
[ADMIN] 19:25:32.857955 シナリオ走行を終了しました [シナリオ名: 新規ユーザー登録]
[ADMIN] 19:25:32.857977 シナリオ走行を開始しました [シナリオ名: 新規ユーザー登録]
[ADMIN] 19:25:32.883981 シナリオ走行を終了しました [シナリオ名: ログイン]
[ADMIN] 19:25:32.883994 シナリオ走行を開始しました [シナリオ名: ログイン]
[ADMIN] 19:25:32.927611 シナリオ走行を終了しました [シナリオ名: 新規ユーザー登録]
[ADMIN] 19:25:32.927634 シナリオ走行を開始しました [シナリオ名: 新規ユーザー登録]
[ADMIN] 19:25:32.949353 シナリオ走行を終了しました [シナリオ名: ログイン]
[ADMIN] 19:25:32.949364 シナリオ走行を開始しました [シナリオ名: ログイン]
[ADMIN] 19:25:32.998405 シナリオ走行を終了しました [シナリオ名: 新規ユーザー登録]
[ADMIN] 19:25:32.998428 シナリオ走行を開始しました [シナリオ名: 新規ユーザー登録]
[ADMIN] 19:25:33.004649 シナリオ走行を終了しました [シナリオ名: ログイン]
[ADMIN] 19:25:33.004659 シナリオ走行を開始しました [シナリオ名: ログイン]
19:25:33.055622 現在のログイン成功数: [total: 191 (+191人)]
19:25:33.055628 現在のユーザー登録成功数: [total: 136 (+136人)]
[ADMIN] 19:25:33.054225 シナリオ走行を終了しました [シナリオ名: ログイン]
[ADMIN] 19:25:33.054236 シナリオ走行を開始しました [シナリオ名: ログイン]
[ADMIN] 19:25:33.066522 シナリオ走行を終了しました [シナリオ名: 新規ユーザー登録]
[ADMIN] 19:25:33.066542 シナリオ走行を開始しました [シナリオ名: 新規ユーザー登録]
[ADMIN] 19:25:33.106846 シナリオ走行を終了しました [シナリオ名: ログイン]
[ADMIN] 19:25:33.106860 シナリオ走行を開始しました [シナリオ名: ログイン]
[ADMIN] 19:25:33.118861 シナリオ走行を終了しました [シナリオ名: Banユーザログイン]
[ADMIN] 19:25:33.118880 シナリオ走行を開始しました [シナリオ名: Banユーザログイン]
[ADMIN] 19:25:33.141538 シナリオ走行を終了しました [シナリオ名: 新規ユーザー登録]
[ADMIN] 19:25:33.141560 シナリオ走行を開始しました [シナリオ名: 新規ユーザー登録]
[ADMIN] 19:25:33.160763 シナリオ走行を終了しました [シナリオ名: ログイン]
[ADMIN] 19:25:33.160797 シナリオ走行を開始しました [シナリオ名: ログイン]
[ADMIN] 19:25:33.160850 シナリオ走行を開始しました [シナリオ名: ログイン]
[ADMIN] 19:25:33.160856 シナリオ走行を開始しました [シナリオ名: ログイン]
[ADMIN] 19:25:33.160895 シナリオ走行を開始しました [シナリオ名: ログイン]
[ADMIN] 19:25:33.160927 シナリオ走行を開始しました [シナリオ名: ログイン]
[ADMIN] 19:25:33.160985 シナリオ走行を開始しました [シナリオ名: ログイン]
[ADMIN] 19:25:33.161018 シナリオ走行を開始しました [シナリオ名: ログイン]
[ADMIN] 19:25:33.161035 シナリオ走行を開始しました [シナリオ名: ログイン]
[ADMIN] 19:25:33.161089 シナリオ走行を開始しました [シナリオ名: ログイン]
[ADMIN] 19:25:33.161159 シナリオ走行を開始しました [シナリオ名: ログイン]
[ADMIN] 19:25:33.175595 シナリオ走行を終了しました [シナリオ名: ログイン]
[ADMIN] 19:25:33.175605 シナリオ走行を開始しました [シナリオ名: ログイン]
[ADMIN] 19:25:33.329095 シナリオ走行を終了しました [シナリオ名: ログイン]
[ADMIN] 19:25:33.329107 シナリオ走行を開始しました [シナリオ名: ログイン]
[ADMIN] 19:25:33.371114 シナリオ走行を終了しました [シナリオ名: ログイン]
[ADMIN] 19:25:33.371127 シナリオ走行を開始しました [シナリオ名: ログイン]
[ADMIN] 19:25:33.399125 シナリオ走行を終了しました [シナリオ名: ログイン]
[ADMIN] 19:25:33.399138 シナリオ走行を開始しました [シナリオ名: ログイン]
[ADMIN] 19:25:33.457110 シナリオ走行を終了しました [シナリオ名: ログイン]
[ADMIN] 19:25:33.457123 シナリオ走行を開始しました [シナリオ名: ログイン]
[ADMIN] 19:25:33.457182 シナリオ走行を終了しました [シナリオ名: ログイン]
[ADMIN] 19:25:33.457195 シナリオ走行を開始しました [シナリオ名: ログイン]
[ADMIN] 19:25:33.469725 シナリオ走行を終了しました [シナリオ名: ログイン]
[ADMIN] 19:25:33.469733 シナリオ走行を開始しました [シナリオ名: ログイン]
[ADMIN] 19:25:33.472632 シナリオ走行を終了しました [シナリオ名: 新規ユーザー登録]
[ADMIN] 19:25:33.472654 シナリオ走行を開始しました [シナリオ名: 新規ユーザー登録]
[ADMIN] 19:25:33.504707 シナリオ走行を終了しました [シナリオ名: ログイン]
[ADMIN] 19:25:33.504720 シナリオ走行を開始しました [シナリオ名: ログイン]
[ADMIN] 19:25:33.540627 シナリオ走行を終了しました [シナリオ名: ログイン]
[ADMIN] 19:25:33.540639 シナリオ走行を開始しました [シナリオ名: ログイン]
[ADMIN] 19:25:33.550669 シナリオ走行を終了しました [シナリオ名: ログイン]
[ADMIN] 19:25:33.550682 シナリオ走行を開始しました [シナリオ名: ログイン]
[ADMIN] 19:25:33.561907 シナリオ走行を終了しました [シナリオ名: ログイン]
[ADMIN] 19:25:33.561923 シナリオ走行を開始しました [シナリオ名: ログイン]
[ADMIN] 19:25:33.563727 シナリオ走行を終了しました [シナリオ名: ログイン]
[ADMIN] 19:25:33.563743 シナリオ走行を開始しました [シナリオ名: ログイン]
[ADMIN] 19:25:33.586961 シナリオ走行を終了しました [シナリオ名: ログイン]
[ADMIN] 19:25:33.586976 シナリオ走行を開始しました [シナリオ名: ログイン]
[ADMIN] 19:25:33.637275 シナリオ走行を終了しました [シナリオ名: Banユーザログイン]
[ADMIN] 19:25:33.637293 シナリオ走行を開始しました [シナリオ名: Banユーザログイン]
[ADMIN] 19:25:33.658779 シナリオ走行を終了しました [シナリオ名: ログイン]
[ADMIN] 19:25:33.658790 シナリオ走行を開始しました [シナリオ名: ログイン]
[ADMIN] 19:25:33.707335 シナリオ走行を終了しました [シナリオ名: ログイン]
[ADMIN] 19:25:33.707346 シナリオ走行を開始しました [シナリオ名: ログイン]
[ADMIN] 19:25:33.710374 シナリオ走行を終了しました [シナリオ名: ログイン]
[ADMIN] 19:25:33.710384 シナリオ走行を開始しました [シナリオ名: ログイン]
[ADMIN] 19:25:33.761296 シナリオ走行を終了しました [シナリオ名: ログイン]
[ADMIN] 19:25:33.761312 シナリオ走行を開始しました [シナリオ名: ログイン]
[ADMIN] 19:25:33.777114 シナリオ走行を終了しました [シナリオ名: ログイン]
[ADMIN] 19:25:33.777127 シナリオ走行を開始しました [シナリオ名: ログイン]
[ADMIN] 19:25:33.793556 シナリオ走行を終了しました [シナリオ名: ログイン]
[ADMIN] 19:25:33.793571 シナリオ走行を開始しました [シナリオ名: ログイン]
[ADMIN] 19:25:33.806093 シナリオ走行を終了しました [シナリオ名: ログイン]
[ADMIN] 19:25:33.806107 シナリオ走行を開始しました [シナリオ名: ログイン]
[ADMIN] 19:25:33.893078 シナリオ走行を終了しました [シナリオ名: ログイン]
[ADMIN] 19:25:33.893094 シナリオ走行を開始しました [シナリオ名: ログイン]
[ADMIN] 19:25:33.913688 シナリオ走行を終了しました [シナリオ名: 新規ユーザー登録]
[ADMIN] 19:25:33.913726 シナリオ走行を開始しました [シナリオ名: 新規ユーザー登録]
[ADMIN] 19:25:33.913727 シナリオ走行を開始しました [シナリオ名: 新規ユーザー登録]
[ADMIN] 19:25:33.913740 シナリオ走行を開始しました [シナリオ名: 新規ユーザー登録]
[ADMIN] 19:25:33.913824 シナリオ走行を開始しました [シナリオ名: 新規ユーザー登録]
[ADMIN] 19:25:33.913885 シナリオ走行を開始しました [シナリオ名: 新規ユーザー登録]
[ADMIN] 19:25:33.934408 シナリオ走行を終了しました [シナリオ名: ログイン]
[ADMIN] 19:25:33.934420 シナリオ走行を開始しました [シナリオ名: ログイン]
[ADMIN] 19:25:33.946580 シナリオ走行を終了しました [シナリオ名: ログイン]
[ADMIN] 19:25:33.946595 シナリオ走行を開始しました [シナリオ名: ログイン]
[ADMIN] 19:25:34.001873 シナリオ走行を終了しました [シナリオ名: ログイン]
[ADMIN] 19:25:34.001887 シナリオ走行を開始しました [シナリオ名: ログイン]
[ADMIN] 19:25:34.032330 シナリオ走行を終了しました [シナリオ名: ログイン]
[ADMIN] 19:25:34.032342 シナリオ走行を開始しました [シナリオ名: ログイン]
[ADMIN] 19:25:34.050520 シナリオ走行を終了しました [シナリオ名: ログイン]
[ADMIN] 19:25:34.050532 シナリオ走行を開始しました [シナリオ名: ログイン]
[ADMIN] 19:25:34.131229 シナリオ走行を終了しました [シナリオ名: ログイン]
[ADMIN] 19:25:34.131245 シナリオ走行を開始しました [シナリオ名: ログイン]
[ADMIN] 19:25:34.140728 シナリオ走行を終了しました [シナリオ名: Banユーザログイン]
[ADMIN] 19:25:34.140753 シナリオ走行を開始しました [シナリオ名: Banユーザログイン]
[ADMIN] 19:25:34.174561 シナリオ走行を終了しました [シナリオ名: ログイン]
[ADMIN] 19:25:34.174577 シナリオ走行を開始しました [シナリオ名: ログイン]
[ADMIN] 19:25:34.245195 シナリオ走行を終了しました [シナリオ名: ログイン]
[ADMIN] 19:25:34.245212 シナリオ走行を開始しました [シナリオ名: ログイン]
[ADMIN] 19:25:34.249955 シナリオ走行を終了しました [シナリオ名: ログイン]
[ADMIN] 19:25:34.249969 シナリオ走行を開始しました [シナリオ名: ログイン]
[ADMIN] 19:25:34.251238 シナリオ走行を終了しました [シナリオ名: ログイン]
[ADMIN] 19:25:34.251251 シナリオ走行を開始しました [シナリオ名: ログイン]
[ADMIN] 19:25:34.256281 シナリオ走行を終了しました [シナリオ名: ログイン]
[ADMIN] 19:25:34.256295 シナリオ走行を開始しました [シナリオ名: ログイン]
[ADMIN] 19:25:34.334733 シナリオ走行を終了しました [シナリオ名: 新規ユーザー登録]
[ADMIN] 19:25:34.334764 シナリオ走行を開始しました [シナリオ名: 新規ユーザー登録]
[ADMIN] 19:25:34.337145 シナリオ走行を終了しました [シナリオ名: 新規ユーザー登録]
[ADMIN] 19:25:34.337171 シナリオ走行を開始しました [シナリオ名: 新規ユーザー登録]
[ADMIN] 19:25:34.349881 シナリオ走行を終了しました [シナリオ名: ログイン]
[ADMIN] 19:25:34.349896 シナリオ走行を開始しました [シナリオ名: ログイン]
[ADMIN] 19:25:34.373005 シナリオ走行を終了しました [シナリオ名: ログイン]
[ADMIN] 19:25:34.373028 シナリオ走行を開始しました [シナリオ名: ログイン]
[ADMIN] 19:25:34.407428 シナリオ走行を終了しました [シナリオ名: 新規ユーザー登録]
[ADMIN] 19:25:34.407459 シナリオ走行を開始しました [シナリオ名: 新規ユーザー登録]
[ADMIN] 19:25:34.499203 シナリオ走行を終了しました [シナリオ名: 新規ユーザー登録]
[ADMIN] 19:25:34.499236 シナリオ走行を開始しました [シナリオ名: 新規ユーザー登録]
[ADMIN] 19:25:34.509999 シナリオ走行を終了しました [シナリオ名: ログイン]
[ADMIN] 19:25:34.510014 シナリオ走行を開始しました [シナリオ名: ログイン]
[ADMIN] 19:25:34.545434 シナリオ走行を終了しました [シナリオ名: ログイン]
[ADMIN] 19:25:34.545453 シナリオ走行を開始しました [シナリオ名: ログイン]
[ADMIN] 19:25:34.552198 シナリオ走行を終了しました [シナリオ名: 新規ユーザー登録]
[ADMIN] 19:25:34.552222 シナリオ走行を開始しました [シナリオ名: 新規ユーザー登録]
[ADMIN] 19:25:34.608391 シナリオ走行を終了しました [シナリオ名: ログイン]
[ADMIN] 19:25:34.608406 シナリオ走行を開始しました [シナリオ名: ログイン]
[ADMIN] 19:25:34.619373 シナリオ走行を終了しました [シナリオ名: ログイン]
[ADMIN] 19:25:34.619386 シナリオ走行を開始しました [シナリオ名: ログイン]
[ADMIN] 19:25:34.643606 シナリオ走行を終了しました [シナリオ名: Banユーザログイン]
[ADMIN] 19:25:34.643628 シナリオ走行を開始しました [シナリオ名: Banユーザログイン]
[ADMIN] 19:25:34.643633 シナリオ走行を開始しました [シナリオ名: Banユーザログイン]
[ADMIN] 19:25:34.700355 シナリオ走行を終了しました [シナリオ名: ログイン]
[ADMIN] 19:25:34.700367 シナリオ走行を開始しました [シナリオ名: ログイン]
[ADMIN] 19:25:34.746367 シナリオ走行を終了しました [シナリオ名: ログイン]
[ADMIN] 19:25:34.746380 シナリオ走行を開始しました [シナリオ名: ログイン]
[ADMIN] 19:25:34.772356 シナリオ走行を終了しました [シナリオ名: ログイン]
[ADMIN] 19:25:34.772373 シナリオ走行を開始しました [シナリオ名: ログイン]
[ADMIN] 19:25:34.778730 シナリオ走行を終了しました [シナリオ名: ログイン]
[ADMIN] 19:25:34.778743 シナリオ走行を開始しました [シナリオ名: ログイン]
[ADMIN] 19:25:34.800886 シナリオ走行を終了しました [シナリオ名: ログイン]
[ADMIN] 19:25:34.800900 シナリオ走行を開始しました [シナリオ名: ログイン]
[ADMIN] 19:25:34.836856 シナリオ走行を終了しました [シナリオ名: ログイン]
[ADMIN] 19:25:34.836869 シナリオ走行を開始しました [シナリオ名: ログイン]
[ADMIN] 19:25:34.846320 シナリオ走行を終了しました [シナリオ名: ログイン]
[ADMIN] 19:25:34.846330 シナリオ走行を開始しました [シナリオ名: ログイン]
[ADMIN] 19:25:34.879672 シナリオ走行を終了しました [シナリオ名: ログイン]
[ADMIN] 19:25:34.879687 シナリオ走行を開始しました [シナリオ名: ログイン]
[ADMIN] 19:25:34.900789 シナリオ走行を終了しました [シナリオ名: ログイン]
[ADMIN] 19:25:34.900802 シナリオ走行を開始しました [シナリオ名: ログイン]
[ADMIN] 19:25:34.918971 シナリオ走行を終了しました [シナリオ名: 新規ユーザー登録]
[ADMIN] 19:25:34.918994 シナリオ走行を開始しました [シナリオ名: 新規ユーザー登録]
[ADMIN] 19:25:34.919137 シナリオ走行を終了しました [シナリオ名: 新規ユーザー登録]
[ADMIN] 19:25:34.919157 シナリオ走行を開始しました [シナリオ名: 新規ユーザー登録]
[ADMIN] 19:25:34.946789 シナリオ走行を終了しました [シナリオ名: 新規ユーザー登録]
[ADMIN] 19:25:34.946811 シナリオ走行を開始しました [シナリオ名: 新規ユーザー登録]
[ADMIN] 19:25:35.035337 シナリオ走行を終了しました [シナリオ名: ログイン]
[ADMIN] 19:25:35.035355 シナリオ走行を開始しました [シナリオ名: ログイン]
[ADMIN] 19:25:35.053942 シナリオ走行を終了しました [シナリオ名: ログイン]
[ADMIN] 19:25:35.053957 シナリオ走行を開始しました [シナリオ名: ログイン]
[ADMIN] 19:25:35.054136 シナリオ走行を終了しました [シナリオ名: ログイン]
[ADMIN] 19:25:35.054147 シナリオ走行を開始しました [シナリオ名: ログイン]
[ADMIN] 19:25:35.071752 シナリオ走行を終了しました [シナリオ名: 新規ユーザー登録]
[ADMIN] 19:25:35.071779 シナリオ走行を開始しました [シナリオ名: 新規ユーザー登録]
[ADMIN] 19:25:35.090081 シナリオ走行を終了しました [シナリオ名: 新規ユーザー登録]
[ADMIN] 19:25:35.090108 シナリオ走行を開始しました [シナリオ名: 新規ユーザー登録]
[ADMIN] 19:25:35.106974 シナリオ走行を終了しました [シナリオ名: ログイン]
[ADMIN] 19:25:35.106990 シナリオ走行を開始しました [シナリオ名: ログイン]
[ADMIN] 19:25:35.120809 シナリオ走行を終了しました [シナリオ名: ログイン]
[ADMIN] 19:25:35.120823 シナリオ走行を開始しました [シナリオ名: ログイン]
[ADMIN] 19:25:35.147868 シナリオ走行を終了しました [シナリオ名: Banユーザログイン]
[ADMIN] 19:25:35.147880 シナリオ走行を終了しました [シナリオ名: Banユーザログイン]
[ADMIN] 19:25:35.147885 シナリオ走行を開始しました [シナリオ名: Banユーザログイン]
[ADMIN] 19:25:35.147887 シナリオ走行を開始しました [シナリオ名: Banユーザログイン]
[ADMIN] 19:25:35.175940 シナリオ走行を終了しました [シナリオ名: ログイン]
[ADMIN] 19:25:35.175954 シナリオ走行を開始しました [シナリオ名: ログイン]
[ADMIN] 19:25:35.184656 シナリオ走行を終了しました [シナリオ名: ログイン]
[ADMIN] 19:25:35.184672 シナリオ走行を開始しました [シナリオ名: ログイン]
[ADMIN] 19:25:35.272095 シナリオ走行を終了しました [シナリオ名: ログイン]
[ADMIN] 19:25:35.272110 シナリオ走行を開始しました [シナリオ名: ログイン]
[ADMIN] 19:25:35.276683 シナリオ走行を終了しました [シナリオ名: ログイン]
[ADMIN] 19:25:35.276698 シナリオ走行を開始しました [シナリオ名: ログイン]
[ADMIN] 19:25:35.292514 シナリオ走行を終了しました [シナリオ名: ログイン]
[ADMIN] 19:25:35.292530 シナリオ走行を開始しました [シナリオ名: ログイン]
[ADMIN] 19:25:35.302933 シナリオ走行を終了しました [シナリオ名: ログイン]
[ADMIN] 19:25:35.302947 シナリオ走行を開始しました [シナリオ名: ログイン]
[ADMIN] 19:25:35.424199 シナリオ走行を終了しました [シナリオ名: ログイン]
[ADMIN] 19:25:35.424214 シナリオ走行を開始しました [シナリオ名: ログイン]
[ADMIN] 19:25:35.430776 シナリオ走行を終了しました [シナリオ名: 新規ユーザー登録]
[ADMIN] 19:25:35.430804 シナリオ走行を開始しました [シナリオ名: 新規ユーザー登録]
[ADMIN] 19:25:35.433544 シナリオ走行を終了しました [シナリオ名: 新規ユーザー登録]
[ADMIN] 19:25:35.433560 シナリオ走行を開始しました [シナリオ名: 新規ユーザー登録]
[ADMIN] 19:25:35.492730 シナリオ走行を終了しました [シナリオ名: 新規ユーザー登録]
[ADMIN] 19:25:35.492754 シナリオ走行を開始しました [シナリオ名: 新規ユーザー登録]
[ADMIN] 19:25:35.569314 シナリオ走行を終了しました [シナリオ名: ログイン]
[ADMIN] 19:25:35.569334 シナリオ走行を開始しました [シナリオ名: ログイン]
[ADMIN] 19:25:35.586416 シナリオ走行を終了しました [シナリオ名: ログイン]
[ADMIN] 19:25:35.586430 シナリオ走行を開始しました [シナリオ名: ログイン]
[ADMIN] 19:25:35.588154 シナリオ走行を終了しました [シナリオ名: ログイン]
[ADMIN] 19:25:35.588167 シナリオ走行を開始しました [シナリオ名: ログイン]
[ADMIN] 19:25:35.589217 シナリオ走行を終了しました [シナリオ名: ログイン]
[ADMIN] 19:25:35.589227 シナリオ走行を開始しました [シナリオ名: ログイン]
[ADMIN] 19:25:35.604356 シナリオ走行を終了しました [シナリオ名: ログイン]
[ADMIN] 19:25:35.604371 シナリオ走行を開始しました [シナリオ名: ログイン]
[ADMIN] 19:25:35.618087 シナリオ走行を終了しました [シナリオ名: ログイン]
[ADMIN] 19:25:35.618104 シナリオ走行を開始しました [シナリオ名: ログイン]
[ADMIN] 19:25:35.636603 シナリオ走行を終了しました [シナリオ名: ログイン]
[ADMIN] 19:25:35.636617 シナリオ走行を開始しました [シナリオ名: ログイン]
[ADMIN] 19:25:35.652317 シナリオ走行を終了しました [シナリオ名: Banユーザログイン]
[ADMIN] 19:25:35.652331 シナリオ走行を終了しました [シナリオ名: Banユーザログイン]
[ADMIN] 19:25:35.652333 シナリオ走行を開始しました [シナリオ名: Banユーザログイン]
[ADMIN] 19:25:35.652337 シナリオ走行を開始しました [シナリオ名: Banユーザログイン]
[ADMIN] 19:25:35.678532 シナリオ走行を終了しました [シナリオ名: ログイン]
[ADMIN] 19:25:35.678546 シナリオ走行を開始しました [シナリオ名: ログイン]
[ADMIN] 19:25:35.680553 シナリオ走行を終了しました [シナリオ名: 新規ユーザー登録]
[ADMIN] 19:25:35.680577 シナリオ走行を開始しました [シナリオ名: 新規ユーザー登録]
[ADMIN] 19:25:35.686886 シナリオ走行を終了しました [シナリオ名: 新規ユーザー登録]
[ADMIN] 19:25:35.686905 シナリオ走行を開始しました [シナリオ名: 新規ユーザー登録]
[ADMIN] 19:25:35.825890 シナリオ走行を終了しました [シナリオ名: ログイン]
[ADMIN] 19:25:35.825905 シナリオ走行を開始しました [シナリオ名: ログイン]
[ADMIN] 19:25:35.828457 シナリオ走行を終了しました [シナリオ名: ログイン]
[ADMIN] 19:25:35.828469 シナリオ走行を開始しました [シナリオ名: ログイン]
[ADMIN] 19:25:35.867066 シナリオ走行を終了しました [シナリオ名: ログイン]
[ADMIN] 19:25:35.867080 シナリオ走行を開始しました [シナリオ名: ログイン]
[ADMIN] 19:25:35.922904 シナリオ走行を終了しました [シナリオ名: ログイン]
[ADMIN] 19:25:35.922916 シナリオ走行を開始しました [シナリオ名: ログイン]
[ADMIN] 19:25:35.949114 シナリオ走行を終了しました [シナリオ名: ログイン]
[ADMIN] 19:25:35.949132 シナリオ走行を開始しました [シナリオ名: ログイン]
[ADMIN] 19:25:35.970551 シナリオ走行を終了しました [シナリオ名: ログイン]
[ADMIN] 19:25:35.970563 シナリオ走行を開始しました [シナリオ名: ログイン]
[ADMIN] 19:25:35.985729 シナリオ走行を終了しました [シナリオ名: ログイン]
[ADMIN] 19:25:35.985741 シナリオ走行を開始しました [シナリオ名: ログイン]
[ADMIN] 19:25:35.993623 シナリオ走行を終了しました [シナリオ名: 新規ユーザー登録]
[ADMIN] 19:25:35.993641 シナリオ走行を開始しました [シナリオ名: 新規ユーザー登録]
[ADMIN] 19:25:36.005458 シナリオ走行を終了しました [シナリオ名: 新規ユーザー登録]
[ADMIN] 19:25:36.005478 シナリオ走行を開始しました [シナリオ名: 新規ユーザー登録]
[ADMIN] 19:25:36.020145 シナリオ走行を終了しました [シナリオ名: ログイン]
[ADMIN] 19:25:36.020156 シナリオ走行を開始しました [シナリオ名: ログイン]
[ADMIN] 19:25:36.068521 シナリオ走行を終了しました [シナリオ名: ログイン]
[ADMIN] 19:25:36.068533 シナリオ走行を開始しました [シナリオ名: ログイン]
[ADMIN] 19:25:36.082236 シナリオ走行を終了しました [シナリオ名: 新規ユーザー登録]
[ADMIN] 19:25:36.082255 シナリオ走行を開始しました [シナリオ名: 新規ユーザー登録]
[ADMIN] 19:25:36.106632 シナリオ走行を終了しました [シナリオ名: ログイン]
[ADMIN] 19:25:36.106643 シナリオ走行を開始しました [シナリオ名: ログイン]
[ADMIN] 19:25:36.117515 シナリオ走行を終了しました [シナリオ名: ログイン]
[ADMIN] 19:25:36.117535 シナリオ走行を開始しました [シナリオ名: ログイン]
[ADMIN] 19:25:36.162044 シナリオ走行を終了しました [シナリオ名: Banユーザログイン]
[ADMIN] 19:25:36.162066 シナリオ走行を開始しました [シナリオ名: Banユーザログイン]
[ADMIN] 19:25:36.162412 シナリオ走行を終了しました [シナリオ名: Banユーザログイン]
[ADMIN] 19:25:36.162425 シナリオ走行を開始しました [シナリオ名: Banユーザログイン]
[ADMIN] 19:25:36.162552 シナリオ走行を終了しました [シナリオ名: 新規ユーザー登録]
[ADMIN] 19:25:36.162568 シナリオ走行を開始しました [シナリオ名: 新規ユーザー登録]
[ADMIN] 19:25:36.258666 シナリオ走行を終了しました [シナリオ名: 新規ユーザー登録]
[ADMIN] 19:25:36.258690 シナリオ走行を開始しました [シナリオ名: 新規ユーザー登録]
[ADMIN] 19:25:36.278046 シナリオ走行を終了しました [シナリオ名: ログイン]
[ADMIN] 19:25:36.278058 シナリオ走行を開始しました [シナリオ名: ログイン]
[ADMIN] 19:25:36.287498 シナリオ走行を終了しました [シナリオ名: ログイン]
[ADMIN] 19:25:36.287511 シナリオ走行を開始しました [シナリオ名: ログイン]
[ADMIN] 19:25:36.359224 シナリオ走行を終了しました [シナリオ名: ログイン]
[ADMIN] 19:25:36.359238 シナリオ走行を開始しました [シナリオ名: ログイン]
[ADMIN] 19:25:36.396839 シナリオ走行を終了しました [シナリオ名: ログイン]
[ADMIN] 19:25:36.396853 シナリオ走行を開始しました [シナリオ名: ログイン]
[ADMIN] 19:25:36.411859 シナリオ走行を終了しました [シナリオ名: ログイン]
[ADMIN] 19:25:36.411872 シナリオ走行を開始しました [シナリオ名: ログイン]
[ADMIN] 19:25:36.426594 シナリオ走行を終了しました [シナリオ名: ログイン]
[ADMIN] 19:25:36.426607 シナリオ走行を開始しました [シナリオ名: ログイン]
[ADMIN] 19:25:36.482170 シナリオ走行を終了しました [シナリオ名: ログイン]
[ADMIN] 19:25:36.482185 シナリオ走行を開始しました [シナリオ名: ログイン]
[ADMIN] 19:25:36.534821 シナリオ走行を終了しました [シナリオ名: ログイン]
[ADMIN] 19:25:36.534836 シナリオ走行を開始しました [シナリオ名: ログイン]
[ADMIN] 19:25:36.540997 シナリオ走行を終了しました [シナリオ名: ログイン]
[ADMIN] 19:25:36.541011 シナリオ走行を開始しました [シナリオ名: ログイン]
[ADMIN] 19:25:36.552611 シナリオ走行を終了しました [シナリオ名: ログイン]
[ADMIN] 19:25:36.552622 シナリオ走行を開始しました [シナリオ名: ログイン]
[ADMIN] 19:25:36.571140 シナリオ走行を終了しました [シナリオ名: 新規ユーザー登録]
[ADMIN] 19:25:36.571167 シナリオ走行を開始しました [シナリオ名: 新規ユーザー登録]
[ADMIN] 19:25:36.602611 シナリオ走行を終了しました [シナリオ名: ログイン]
[ADMIN] 19:25:36.602641 シナリオ走行を開始しました [シナリオ名: ログイン]
[ADMIN] 19:25:36.651601 シナリオ走行を終了しました [シナリオ名: 新規ユーザー登録]
[ADMIN] 19:25:36.651629 シナリオ走行を開始しました [シナリオ名: 新規ユーザー登録]
[ADMIN] 19:25:36.654030 シナリオ走行を終了しました [シナリオ名: 新規ユーザー登録]
[ADMIN] 19:25:36.654048 シナリオ走行を開始しました [シナリオ名: 新規ユーザー登録]
[ADMIN] 19:25:36.665031 シナリオ走行を終了しました [シナリオ名: Banユーザログイン]
[ADMIN] 19:25:36.665045 シナリオ走行を開始しました [シナリオ名: Banユーザログイン]
[ADMIN] 19:25:36.675133 シナリオ走行を終了しました [シナリオ名: Banユーザログイン]
[ADMIN] 19:25:36.675144 シナリオ走行を開始しました [シナリオ名: Banユーザログイン]
[ADMIN] 19:25:36.703782 シナリオ走行を終了しました [シナリオ名: ログイン]
[ADMIN] 19:25:36.703792 シナリオ走行を開始しました [シナリオ名: ログイン]
[ADMIN] 19:25:36.754039 シナリオ走行を終了しました [シナリオ名: 新規ユーザー登録]
[ADMIN] 19:25:36.754057 シナリオ走行を開始しました [シナリオ名: 新規ユーザー登録]
[ADMIN] 19:25:36.769540 シナリオ走行を終了しました [シナリオ名: ログイン]
[ADMIN] 19:25:36.769550 シナリオ走行を開始しました [シナリオ名: ログイン]
[ADMIN] 19:25:36.783715 シナリオ走行を終了しました [シナリオ名: ログイン]
[ADMIN] 19:25:36.783725 シナリオ走行を開始しました [シナリオ名: ログイン]
[ADMIN] 19:25:36.790650 シナリオ走行を終了しました [シナリオ名: ログイン]
[ADMIN] 19:25:36.790658 シナリオ走行を開始しました [シナリオ名: ログイン]
[ADMIN] 19:25:36.852630 シナリオ走行を終了しました [シナリオ名: 新規ユーザー登録]
[ADMIN] 19:25:36.852648 シナリオ走行を開始しました [シナリオ名: 新規ユーザー登録]
[ADMIN] 19:25:36.878167 シナリオ走行を終了しました [シナリオ名: ログイン]
[ADMIN] 19:25:36.878178 シナリオ走行を開始しました [シナリオ名: ログイン]
[ADMIN] 19:25:36.935148 シナリオ走行を終了しました [シナリオ名: ログイン]
[ADMIN] 19:25:36.935158 シナリオ走行を開始しました [シナリオ名: ログイン]
[ADMIN] 19:25:36.944693 シナリオ走行を終了しました [シナリオ名: ログイン]
[ADMIN] 19:25:36.944706 シナリオ走行を開始しました [シナリオ名: ログイン]
[ADMIN] 19:25:36.963778 シナリオ走行を終了しました [シナリオ名: ログイン]
[ADMIN] 19:25:36.963788 シナリオ走行を開始しました [シナリオ名: ログイン]
[ADMIN] 19:25:36.981028 シナリオ走行を終了しました [シナリオ名: ログイン]
[ADMIN] 19:25:36.981038 シナリオ走行を開始しました [シナリオ名: ログイン]
[ADMIN] 19:25:37.003346 シナリオ走行を終了しました [シナリオ名: ログイン]
[ADMIN] 19:25:37.003357 シナリオ走行を開始しました [シナリオ名: ログイン]
[ADMIN] 19:25:37.011433 シナリオ走行を終了しました [シナリオ名: ログイン]
[ADMIN] 19:25:37.011455 シナリオ走行を開始しました [シナリオ名: ログイン]
[ADMIN] 19:25:37.149428 シナリオ走行を終了しました [シナリオ名: 新規ユーザー登録]
[ADMIN] 19:25:37.149450 シナリオ走行を開始しました [シナリオ名: 新規ユーザー登録]
[ADMIN] 19:25:37.159012 シナリオ走行を終了しました [シナリオ名: ログイン]
[ADMIN] 19:25:37.159023 シナリオ走行を開始しました [シナリオ名: ログイン]
[ADMIN] 19:25:37.163237 シナリオ走行を終了しました [シナリオ名: ログイン]
[ADMIN] 19:25:37.163247 シナリオ走行を開始しました [シナリオ名: ログイン]
[ADMIN] 19:25:37.168179 シナリオ走行を終了しました [シナリオ名: Banユーザログイン]
[ADMIN] 19:25:37.168194 シナリオ走行を開始しました [シナリオ名: Banユーザログイン]
[ADMIN] 19:25:37.174916 シナリオ走行を終了しました [シナリオ名: ログイン]
[ADMIN] 19:25:37.174924 シナリオ走行を開始しました [シナリオ名: ログイン]
[ADMIN] 19:25:37.177335 シナリオ走行を終了しました [シナリオ名: Banユーザログイン]
[ADMIN] 19:25:37.177349 シナリオ走行を開始しました [シナリオ名: Banユーザログイン]
[ADMIN] 19:25:37.225575 シナリオ走行を終了しました [シナリオ名: ログイン]
[ADMIN] 19:25:37.225586 シナリオ走行を開始しました [シナリオ名: ログイン]
[ADMIN] 19:25:37.232105 シナリオ走行を終了しました [シナリオ名: 新規ユーザー登録]
[ADMIN] 19:25:37.232132 シナリオ走行を開始しました [シナリオ名: 新規ユーザー登録]
[ADMIN] 19:25:37.271822 シナリオ走行を終了しました [シナリオ名: 新規ユーザー登録]
[ADMIN] 19:25:37.271849 シナリオ走行を開始しました [シナリオ名: 新規ユーザー登録]
[ADMIN] 19:25:37.302003 シナリオ走行を終了しました [シナリオ名: 新規ユーザー登録]
[ADMIN] 19:25:37.302023 シナリオ走行を開始しました [シナリオ名: 新規ユーザー登録]
[ADMIN] 19:25:37.347176 シナリオ走行を終了しました [シナリオ名: ログイン]
[ADMIN] 19:25:37.347190 シナリオ走行を開始しました [シナリオ名: ログイン]
[ADMIN] 19:25:37.375705 シナリオ走行を終了しました [シナリオ名: 新規ユーザー登録]
[ADMIN] 19:25:37.375739 シナリオ走行を開始しました [シナリオ名: 新規ユーザー登録]
[ADMIN] 19:25:37.386037 シナリオ走行を終了しました [シナリオ名: ログイン]
[ADMIN] 19:25:37.386048 シナリオ走行を開始しました [シナリオ名: ログイン]
[ADMIN] 19:25:37.432526 シナリオ走行を終了しました [シナリオ名: ログイン]
[ADMIN] 19:25:37.432539 シナリオ走行を開始しました [シナリオ名: ログイン]
[ADMIN] 19:25:37.447635 シナリオ走行を終了しました [シナリオ名: ログイン]
[ADMIN] 19:25:37.447647 シナリオ走行を開始しました [シナリオ名: ログイン]
[ADMIN] 19:25:37.464803 シナリオ走行を終了しました [シナリオ名: ログイン]
[ADMIN] 19:25:37.464812 シナリオ走行を開始しました [シナリオ名: ログイン]
[ADMIN] 19:25:37.465083 シナリオ走行を終了しました [シナリオ名: ログイン]
[ADMIN] 19:25:37.465103 シナリオ走行を開始しました [シナリオ名: ログイン]
[ADMIN] 19:25:37.495459 シナリオ走行を終了しました [シナリオ名: ログイン]
[ADMIN] 19:25:37.495468 シナリオ走行を開始しました [シナリオ名: ログイン]
[ADMIN] 19:25:37.528386 シナリオ走行を終了しました [シナリオ名: ログイン]
[ADMIN] 19:25:37.528400 シナリオ走行を開始しました [シナリオ名: ログイン]
[ADMIN] 19:25:37.580086 シナリオ走行を終了しました [シナリオ名: ログイン]
[ADMIN] 19:25:37.580101 シナリオ走行を開始しました [シナリオ名: ログイン]
[ADMIN] 19:25:37.604747 シナリオ走行を終了しました [シナリオ名: 新規ユーザー登録]
[ADMIN] 19:25:37.604769 シナリオ走行を開始しました [シナリオ名: 新規ユーザー登録]
[ADMIN] 19:25:37.611718 シナリオ走行を終了しました [シナリオ名: ログイン]
[ADMIN] 19:25:37.611729 シナリオ走行を開始しました [シナリオ名: ログイン]
[ADMIN] 19:25:37.621472 シナリオ走行を終了しました [シナリオ名: ログイン]
[ADMIN] 19:25:37.621482 シナリオ走行を開始しました [シナリオ名: ログイン]
[ADMIN] 19:25:37.670693 シナリオ走行を終了しました [シナリオ名: Banユーザログイン]
[ADMIN] 19:25:37.670714 シナリオ走行を開始しました [シナリオ名: Banユーザログイン]
[ADMIN] 19:25:37.680155 シナリオ走行を終了しました [シナリオ名: Banユーザログイン]
[ADMIN] 19:25:37.680181 シナリオ走行を開始しました [シナリオ名: Banユーザログイン]
[ADMIN] 19:25:37.703344 シナリオ走行を終了しました [シナリオ名: ログイン]
[ADMIN] 19:25:37.703354 シナリオ走行を開始しました [シナリオ名: ログイン]
[ADMIN] 19:25:37.717417 シナリオ走行を終了しました [シナリオ名: ログイン]
[ADMIN] 19:25:37.717426 シナリオ走行を開始しました [シナリオ名: ログイン]
[ADMIN] 19:25:37.781146 シナリオ走行を終了しました [シナリオ名: ログイン]
[ADMIN] 19:25:37.781162 シナリオ走行を開始しました [シナリオ名: ログイン]
[ADMIN] 19:25:37.794962 シナリオ走行を終了しました [シナリオ名: 新規ユーザー登録]
[ADMIN] 19:25:37.795008 シナリオ走行を開始しました [シナリオ名: 新規ユーザー登録]
[ADMIN] 19:25:37.827017 シナリオ走行を終了しました [シナリオ名: ログイン]
[ADMIN] 19:25:37.827032 シナリオ走行を開始しました [シナリオ名: ログイン]
[ADMIN] 19:25:37.863029 シナリオ走行を終了しました [シナリオ名: ログイン]
[ADMIN] 19:25:37.863040 シナリオ走行を開始しました [シナリオ名: ログイン]
[ADMIN] 19:25:37.914130 シナリオ走行を終了しました [シナリオ名: ログイン]
[ADMIN] 19:25:37.914142 シナリオ走行を開始しました [シナリオ名: ログイン]
[ADMIN] 19:25:37.965289 シナリオ走行を終了しました [シナリオ名: ログイン]
[ADMIN] 19:25:37.965308 シナリオ走行を開始しました [シナリオ名: ログイン]
[ADMIN] 19:25:37.967808 シナリオ走行を終了しました [シナリオ名: ログイン]
[ADMIN] 19:25:37.967820 シナリオ走行を開始しました [シナリオ名: ログイン]
[ADMIN] 19:25:37.973313 シナリオ走行を終了しました [シナリオ名: 新規ユーザー登録]
[ADMIN] 19:25:37.973333 シナリオ走行を開始しました [シナリオ名: 新規ユーザー登録]
[ADMIN] 19:25:38.033701 シナリオ走行を終了しました [シナリオ名: ログイン]
[ADMIN] 19:25:38.033716 シナリオ走行を開始しました [シナリオ名: ログイン]
[ADMIN] 19:25:38.052381 シナリオ走行を終了しました [シナリオ名: 新規ユーザー登録]
[ADMIN] 19:25:38.052404 シナリオ走行を開始しました [シナリオ名: 新規ユーザー登録]
[ADMIN] 19:25:38.058927 シナリオ走行を終了しました [シナリオ名: 新規ユーザー登録]
[ADMIN] 19:25:38.058947 シナリオ走行を開始しました [シナリオ名: 新規ユーザー登録]
[ADMIN] 19:25:38.094671 シナリオ走行を終了しました [シナリオ名: ログイン]
[ADMIN] 19:25:38.094680 シナリオ走行を開始しました [シナリオ名: ログイン]
[ADMIN] 19:25:38.122190 シナリオ走行を終了しました [シナリオ名: ログイン]
[ADMIN] 19:25:38.122202 シナリオ走行を開始しました [シナリオ名: ログイン]
[ADMIN] 19:25:38.146695 シナリオ走行を終了しました [シナリオ名: ログイン]
[ADMIN] 19:25:38.146707 シナリオ走行を開始しました [シナリオ名: ログイン]
[ADMIN] 19:25:38.156676 シナリオ走行を終了しました [シナリオ名: ログイン]
[ADMIN] 19:25:38.156686 シナリオ走行を開始しました [シナリオ名: ログイン]
[ADMIN] 19:25:38.173954 シナリオ走行を終了しました [シナリオ名: Banユーザログイン]
[ADMIN] 19:25:38.173968 シナリオ走行を開始しました [シナリオ名: Banユーザログイン]
[ADMIN] 19:25:38.189370 シナリオ走行を終了しました [シナリオ名: Banユーザログイン]
[ADMIN] 19:25:38.189380 シナリオ走行を開始しました [シナリオ名: Banユーザログイン]
[ADMIN] 19:25:38.189408 シナリオ走行を終了しました [シナリオ名: 新規ユーザー登録]
[ADMIN] 19:25:38.189428 シナリオ走行を開始しました [シナリオ名: 新規ユーザー登録]
[ADMIN] 19:25:38.236689 シナリオ走行を終了しました [シナリオ名: ログイン]
[ADMIN] 19:25:38.236703 シナリオ走行を開始しました [シナリオ名: ログイン]
[ADMIN] 19:25:38.242421 シナリオ走行を終了しました [シナリオ名: ログイン]
[ADMIN] 19:25:38.242435 シナリオ走行を開始しました [シナリオ名: ログイン]
[ADMIN] 19:25:38.256066 シナリオ走行を終了しました [シナリオ名: 新規ユーザー登録]
[ADMIN] 19:25:38.256085 シナリオ走行を開始しました [シナリオ名: 新規ユーザー登録]
[ADMIN] 19:25:38.275785 シナリオ走行を終了しました [シナリオ名: ログイン]
[ADMIN] 19:25:38.275799 シナリオ走行を開始しました [シナリオ名: ログイン]
[ADMIN] 19:25:38.283571 シナリオ走行を終了しました [シナリオ名: ログイン]
[ADMIN] 19:25:38.283584 シナリオ走行を開始しました [シナリオ名: ログイン]
[ADMIN] 19:25:38.376352 シナリオ走行を終了しました [シナリオ名: ログイン]
[ADMIN] 19:25:38.376366 シナリオ走行を開始しました [シナリオ名: ログイン]
[ADMIN] 19:25:38.447884 シナリオ走行を終了しました [シナリオ名: ログイン]
[ADMIN] 19:25:38.447899 シナリオ走行を開始しました [シナリオ名: ログイン]
[ADMIN] 19:25:38.451860 シナリオ走行を終了しました [シナリオ名: ログイン]
[ADMIN] 19:25:38.451870 シナリオ走行を開始しました [シナリオ名: ログイン]
[ADMIN] 19:25:38.456561 シナリオ走行を終了しました [シナリオ名: ログイン]
[ADMIN] 19:25:38.456574 シナリオ走行を開始しました [シナリオ名: ログイン]
[ADMIN] 19:25:38.492540 シナリオ走行を終了しました [シナリオ名: ログイン]
[ADMIN] 19:25:38.492552 シナリオ走行を開始しました [シナリオ名: ログイン]
[ADMIN] 19:25:38.517157 シナリオ走行を終了しました [シナリオ名: ログイン]
[ADMIN] 19:25:38.517171 シナリオ走行を開始しました [シナリオ名: ログイン]
[ADMIN] 19:25:38.523470 シナリオ走行を終了しました [シナリオ名: 新規ユーザー登録]
[ADMIN] 19:25:38.523495 シナリオ走行を開始しました [シナリオ名: 新規ユーザー登録]
[ADMIN] 19:25:38.543089 シナリオ走行を終了しました [シナリオ名: 新規ユーザー登録]
[ADMIN] 19:25:38.543106 シナリオ走行を開始しました [シナリオ名: 新規ユーザー登録]
[ADMIN] 19:25:38.585775 シナリオ走行を終了しました [シナリオ名: 新規ユーザー登録]
[ADMIN] 19:25:38.585792 シナリオ走行を開始しました [シナリオ名: 新規ユーザー登録]
[ADMIN] 19:25:38.598212 シナリオ走行を終了しました [シナリオ名: ログイン]
[ADMIN] 19:25:38.598220 シナリオ走行を開始しました [シナリオ名: ログイン]
[ADMIN] 19:25:38.677120 シナリオ走行を終了しました [シナリオ名: Banユーザログイン]
[ADMIN] 19:25:38.677136 シナリオ走行を開始しました [シナリオ名: Banユーザログイン]
[ADMIN] 19:25:38.687405 シナリオ走行を終了しました [シナリオ名: ログイン]
[ADMIN] 19:25:38.687418 シナリオ走行を開始しました [シナリオ名: ログイン]
[ADMIN] 19:25:38.691848 シナリオ走行を終了しました [シナリオ名: Banユーザログイン]
[ADMIN] 19:25:38.691862 シナリオ走行を開始しました [シナリオ名: Banユーザログイン]
[ADMIN] 19:25:38.698965 シナリオ走行を終了しました [シナリオ名: ログイン]
[ADMIN] 19:25:38.698974 シナリオ走行を開始しました [シナリオ名: ログイン]
[ADMIN] 19:25:38.702470 シナリオ走行を終了しました [シナリオ名: ログイン]
[ADMIN] 19:25:38.702482 シナリオ走行を開始しました [シナリオ名: ログイン]
[ADMIN] 19:25:38.705594 シナリオ走行を終了しました [シナリオ名: ログイン]
[ADMIN] 19:25:38.705602 シナリオ走行を開始しました [シナリオ名: ログイン]
[ADMIN] 19:25:38.734173 シナリオ走行を終了しました [シナリオ名: ログイン]
[ADMIN] 19:25:38.734186 シナリオ走行を開始しました [シナリオ名: ログイン]
[ADMIN] 19:25:38.776338 シナリオ走行を終了しました [シナリオ名: 新規ユーザー登録]
[ADMIN] 19:25:38.776360 シナリオ走行を開始しました [シナリオ名: 新規ユーザー登録]
[ADMIN] 19:25:38.787074 シナリオ走行を終了しました [シナリオ名: ログイン]
[ADMIN] 19:25:38.787084 シナリオ走行を開始しました [シナリオ名: ログイン]
[ADMIN] 19:25:38.827034 シナリオ走行を終了しました [シナリオ名: 新規ユーザー登録]
[ADMIN] 19:25:38.827056 シナリオ走行を開始しました [シナリオ名: 新規ユーザー登録]
[ADMIN] 19:25:38.865164 シナリオ走行を終了しました [シナリオ名: ログイン]
[ADMIN] 19:25:38.865178 シナリオ走行を開始しました [シナリオ名: ログイン]
[ADMIN] 19:25:38.973963 シナリオ走行を終了しました [シナリオ名: ログイン]
[ADMIN] 19:25:38.973978 シナリオ走行を開始しました [シナリオ名: ログイン]
[ADMIN] 19:25:38.995196 シナリオ走行を終了しました [シナリオ名: ログイン]
[ADMIN] 19:25:38.995212 シナリオ走行を開始しました [シナリオ名: ログイン]
[ADMIN] 19:25:39.033533 シナリオ走行を終了しました [シナリオ名: ログイン]
[ADMIN] 19:25:39.033546 シナリオ走行を開始しました [シナリオ名: ログイン]
[ADMIN] 19:25:39.045637 シナリオ走行を終了しました [シナリオ名: ログイン]
[ADMIN] 19:25:39.045650 シナリオ走行を開始しました [シナリオ名: ログイン]
[ADMIN] 19:25:39.046756 シナリオ走行を終了しました [シナリオ名: ログイン]
[ADMIN] 19:25:39.046768 シナリオ走行を開始しました [シナリオ名: ログイン]
[ADMIN] 19:25:39.063988 シナリオ走行を終了しました [シナリオ名: ログイン]
[ADMIN] 19:25:39.063998 シナリオ走行を開始しました [シナリオ名: ログイン]
[ADMIN] 19:25:39.088970 シナリオ走行を終了しました [シナリオ名: ログイン]
[ADMIN] 19:25:39.088981 シナリオ走行を開始しました [シナリオ名: ログイン]
[ADMIN] 19:25:39.126034 シナリオ走行を終了しました [シナリオ名: 新規ユーザー登録]
[ADMIN] 19:25:39.126056 シナリオ走行を開始しました [シナリオ名: 新規ユーザー登録]
[ADMIN] 19:25:39.136508 シナリオ走行を終了しました [シナリオ名: 新規ユーザー登録]
[ADMIN] 19:25:39.136533 シナリオ走行を開始しました [シナリオ名: 新規ユーザー登録]
[ADMIN] 19:25:39.179194 シナリオ走行を終了しました [シナリオ名: 新規ユーザー登録]
[ADMIN] 19:25:39.179224 シナリオ走行を開始しました [シナリオ名: 新規ユーザー登録]
[ADMIN] 19:25:39.180674 シナリオ走行を終了しました [シナリオ名: Banユーザログイン]
[ADMIN] 19:25:39.180690 シナリオ走行を開始しました [シナリオ名: Banユーザログイン]
[ADMIN] 19:25:39.187934 シナリオ走行を終了しました [シナリオ名: ログイン]
[ADMIN] 19:25:39.187945 シナリオ走行を開始しました [シナリオ名: ログイン]
[ADMIN] 19:25:39.193909 シナリオ走行を終了しました [シナリオ名: Banユーザログイン]
[ADMIN] 19:25:39.193932 シナリオ走行を開始しました [シナリオ名: Banユーザログイン]
[ADMIN] 19:25:39.229600 シナリオ走行を終了しました [シナリオ名: ログイン]
[ADMIN] 19:25:39.229610 シナリオ走行を開始しました [シナリオ名: ログイン]
[ADMIN] 19:25:39.257992 シナリオ走行を終了しました [シナリオ名: ログイン]
[ADMIN] 19:25:39.258003 シナリオ走行を開始しました [シナリオ名: ログイン]
[ADMIN] 19:25:39.301287 シナリオ走行を終了しました [シナリオ名: 新規ユーザー登録]
[ADMIN] 19:25:39.301309 シナリオ走行を開始しました [シナリオ名: 新規ユーザー登録]
[ADMIN] 19:25:39.338855 シナリオ走行を終了しました [シナリオ名: ログイン]
[ADMIN] 19:25:39.338866 シナリオ走行を開始しました [シナリオ名: ログイン]
[ADMIN] 19:25:39.351790 シナリオ走行を終了しました [シナリオ名: ログイン]
[ADMIN] 19:25:39.351800 シナリオ走行を開始しました [シナリオ名: ログイン]
[ADMIN] 19:25:39.357363 シナリオ走行を終了しました [シナリオ名: ログイン]
[ADMIN] 19:25:39.357372 シナリオ走行を開始しました [シナリオ名: ログイン]
[ADMIN] 19:25:39.374309 シナリオ走行を終了しました [シナリオ名: 新規ユーザー登録]
[ADMIN] 19:25:39.374329 シナリオ走行を開始しました [シナリオ名: 新規ユーザー登録]
[ADMIN] 19:25:39.493750 シナリオ走行を終了しました [シナリオ名: ログイン]
[ADMIN] 19:25:39.493767 シナリオ走行を開始しました [シナリオ名: ログイン]
[ADMIN] 19:25:39.502721 シナリオ走行を終了しました [シナリオ名: ログイン]
[ADMIN] 19:25:39.502733 シナリオ走行を開始しました [シナリオ名: ログイン]
[ADMIN] 19:25:39.516041 シナリオ走行を終了しました [シナリオ名: ログイン]
[ADMIN] 19:25:39.516055 シナリオ走行を開始しました [シナリオ名: ログイン]
[ADMIN] 19:25:39.524270 シナリオ走行を終了しました [シナリオ名: ログイン]
[ADMIN] 19:25:39.524281 シナリオ走行を開始しました [シナリオ名: ログイン]
[ADMIN] 19:25:39.580788 シナリオ走行を終了しました [シナリオ名: ログイン]
[ADMIN] 19:25:39.580803 シナリオ走行を開始しました [シナリオ名: ログイン]
[ADMIN] 19:25:39.606423 シナリオ走行を終了しました [シナリオ名: ログイン]
[ADMIN] 19:25:39.606434 シナリオ走行を開始しました [シナリオ名: ログイン]
[ADMIN] 19:25:39.629704 シナリオ走行を終了しました [シナリオ名: 新規ユーザー登録]
[ADMIN] 19:25:39.629727 シナリオ走行を開始しました [シナリオ名: 新規ユーザー登録]
[ADMIN] 19:25:39.683335 シナリオ走行を終了しました [シナリオ名: Banユーザログイン]
[ADMIN] 19:25:39.683362 シナリオ走行を開始しました [シナリオ名: Banユーザログイン]
[ADMIN] 19:25:39.698121 シナリオ走行を終了しました [シナリオ名: Banユーザログイン]
[ADMIN] 19:25:39.698137 シナリオ走行を開始しました [シナリオ名: Banユーザログイン]
[ADMIN] 19:25:39.745024 シナリオ走行を終了しました [シナリオ名: ログイン]
[ADMIN] 19:25:39.745037 シナリオ走行を開始しました [シナリオ名: ログイン]
[ADMIN] 19:25:39.784084 シナリオ走行を終了しました [シナリオ名: ログイン]
[ADMIN] 19:25:39.784097 シナリオ走行を開始しました [シナリオ名: ログイン]
[ADMIN] 19:25:39.813395 シナリオ走行を終了しました [シナリオ名: 新規ユーザー登録]
[ADMIN] 19:25:39.813417 シナリオ走行を開始しました [シナリオ名: 新規ユーザー登録]
[ADMIN] 19:25:39.833213 シナリオ走行を終了しました [シナリオ名: 新規ユーザー登録]
[ADMIN] 19:25:39.833232 シナリオ走行を開始しました [シナリオ名: 新規ユーザー登録]
[ADMIN] 19:25:39.848209 シナリオ走行を終了しました [シナリオ名: 新規ユーザー登録]
[ADMIN] 19:25:39.848236 シナリオ走行を開始しました [シナリオ名: 新規ユーザー登録]
[ADMIN] 19:25:39.871615 シナリオ走行を終了しました [シナリオ名: ログイン]
[ADMIN] 19:25:39.871628 シナリオ走行を開始しました [シナリオ名: ログイン]
[ADMIN] 19:25:39.885559 シナリオ走行を終了しました [シナリオ名: ログイン]
[ADMIN] 19:25:39.885569 シナリオ走行を開始しました [シナリオ名: ログイン]
[ADMIN] 19:25:39.888106 シナリオ走行を終了しました [シナリオ名: ログイン]
[ADMIN] 19:25:39.888115 シナリオ走行を開始しました [シナリオ名: ログイン]
[ADMIN] 19:25:39.896733 シナリオ走行を終了しました [シナリオ名: ログイン]
[ADMIN] 19:25:39.896741 シナリオ走行を開始しました [シナリオ名: ログイン]
[ADMIN] 19:25:39.974209 シナリオ走行を終了しました [シナリオ名: 新規ユーザー登録]
[ADMIN] 19:25:39.974235 シナリオ走行を開始しました [シナリオ名: 新規ユーザー登録]
[ADMIN] 19:25:39.981937 シナリオ走行を終了しました [シナリオ名: ログイン]
[ADMIN] 19:25:39.981950 シナリオ走行を開始しました [シナリオ名: ログイン]
[ADMIN] 19:25:39.985777 シナリオ走行を終了しました [シナリオ名: ログイン]
[ADMIN] 19:25:39.985786 シナリオ走行を開始しました [シナリオ名: ログイン]
[ADMIN] 19:25:39.992794 シナリオ走行を終了しました [シナリオ名: ログイン]
[ADMIN] 19:25:39.992802 シナリオ走行を開始しました [シナリオ名: ログイン]
[ADMIN] 19:25:40.079895 シナリオ走行を終了しました [シナリオ名: ログイン]
[ADMIN] 19:25:40.079908 シナリオ走行を開始しました [シナリオ名: ログイン]
[ADMIN] 19:25:40.119296 シナリオ走行を終了しました [シナリオ名: 新規ユーザー登録]
[ADMIN] 19:25:40.119314 シナリオ走行を開始しました [シナリオ名: 新規ユーザー登録]
[ADMIN] 19:25:40.185103 シナリオ走行を終了しました [シナリオ名: ログイン]
[ADMIN] 19:25:40.185119 シナリオ走行を開始しました [シナリオ名: ログイン]
[ADMIN] 19:25:40.191463 シナリオ走行を終了しました [シナリオ名: Banユーザログイン]
[ADMIN] 19:25:40.191485 シナリオ走行を開始しました [シナリオ名: Banユーザログイン]
[ADMIN] 19:25:40.194459 シナリオ走行を終了しました [シナリオ名: ログイン]
[ADMIN] 19:25:40.194470 シナリオ走行を開始しました [シナリオ名: ログイン]
[ADMIN] 19:25:40.200783 シナリオ走行を終了しました [シナリオ名: Banユーザログイン]
[ADMIN] 19:25:40.200794 シナリオ走行を開始しました [シナリオ名: Banユーザログイン]
[ADMIN] 19:25:40.217943 シナリオ走行を終了しました [シナリオ名: ログイン]
[ADMIN] 19:25:40.217954 シナリオ走行を開始しました [シナリオ名: ログイン]
[ADMIN] 19:25:40.299730 シナリオ走行を終了しました [シナリオ名: ログイン]
[ADMIN] 19:25:40.299749 シナリオ走行を開始しました [シナリオ名: ログイン]
[ADMIN] 19:25:40.313729 シナリオ走行を終了しました [シナリオ名: ログイン]
[ADMIN] 19:25:40.313740 シナリオ走行を開始しました [シナリオ名: ログイン]
[ADMIN] 19:25:40.319702 シナリオ走行を終了しました [シナリオ名: 新規ユーザー登録]
[ADMIN] 19:25:40.319726 シナリオ走行を開始しました [シナリオ名: 新規ユーザー登録]
[ADMIN] 19:25:40.328449 シナリオ走行を終了しました [シナリオ名: 新規ユーザー登録]
[ADMIN] 19:25:40.328466 シナリオ走行を開始しました [シナリオ名: 新規ユーザー登録]
[ADMIN] 19:25:40.353522 シナリオ走行を終了しました [シナリオ名: 新規ユーザー登録]
[ADMIN] 19:25:40.353543 シナリオ走行を開始しました [シナリオ名: 新規ユーザー登録]
[ADMIN] 19:25:40.396848 シナリオ走行を終了しました [シナリオ名: ログイン]
[ADMIN] 19:25:40.396860 シナリオ走行を開始しました [シナリオ名: ログイン]
[ADMIN] 19:25:40.412054 シナリオ走行を終了しました [シナリオ名: ログイン]
[ADMIN] 19:25:40.412065 シナリオ走行を開始しました [シナリオ名: ログイン]
[ADMIN] 19:25:40.428306 シナリオ走行を終了しました [シナリオ名: ログイン]
[ADMIN] 19:25:40.428317 シナリオ走行を開始しました [シナリオ名: ログイン]
[ADMIN] 19:25:40.439142 シナリオ走行を終了しました [シナリオ名: ログイン]
[ADMIN] 19:25:40.439154 シナリオ走行を開始しました [シナリオ名: ログイン]
[ADMIN] 19:25:40.447066 シナリオ走行を終了しました [シナリオ名: ログイン]
[ADMIN] 19:25:40.447074 シナリオ走行を開始しました [シナリオ名: ログイン]
[ADMIN] 19:25:40.484154 シナリオ走行を終了しました [シナリオ名: 新規ユーザー登録]
[ADMIN] 19:25:40.484175 シナリオ走行を開始しました [シナリオ名: 新規ユーザー登録]
[ADMIN] 19:25:40.663501 シナリオ走行を終了しました [シナリオ名: ログイン]
[ADMIN] 19:25:40.663515 シナリオ走行を開始しました [シナリオ名: ログイン]
[ADMIN] 19:25:40.685192 シナリオ走行を終了しました [シナリオ名: ログイン]
[ADMIN] 19:25:40.685207 シナリオ走行を開始しました [シナリオ名: ログイン]
[ADMIN] 19:25:40.686364 シナリオ走行を終了しました [シナリオ名: ログイン]
[ADMIN] 19:25:40.686375 シナリオ走行を開始しました [シナリオ名: ログイン]
[ADMIN] 19:25:40.696347 シナリオ走行を終了しました [シナリオ名: Banユーザログイン]
[ADMIN] 19:25:40.696366 シナリオ走行を開始しました [シナリオ名: Banユーザログイン]
[ADMIN] 19:25:40.704728 シナリオ走行を終了しました [シナリオ名: Banユーザログイン]
[ADMIN] 19:25:40.704744 シナリオ走行を開始しました [シナリオ名: Banユーザログイン]
[ADMIN] 19:25:40.707249 シナリオ走行を終了しました [シナリオ名: ログイン]
[ADMIN] 19:25:40.707257 シナリオ走行を開始しました [シナリオ名: ログイン]
[ADMIN] 19:25:40.727143 シナリオ走行を終了しました [シナリオ名: ログイン]
[ADMIN] 19:25:40.727153 シナリオ走行を開始しました [シナリオ名: ログイン]
[ADMIN] 19:25:40.766975 シナリオ走行を終了しました [シナリオ名: 新規ユーザー登録]
[ADMIN] 19:25:40.766998 シナリオ走行を開始しました [シナリオ名: 新規ユーザー登録]
[ADMIN] 19:25:40.788027 シナリオ走行を終了しました [シナリオ名: ログイン]
[ADMIN] 19:25:40.788042 シナリオ走行を開始しました [シナリオ名: ログイン]
[ADMIN] 19:25:40.796082 シナリオ走行を終了しました [シナリオ名: ログイン]
[ADMIN] 19:25:40.796098 シナリオ走行を開始しました [シナリオ名: ログイン]
[ADMIN] 19:25:40.876571 シナリオ走行を終了しました [シナリオ名: ログイン]
[ADMIN] 19:25:40.876588 シナリオ走行を開始しました [シナリオ名: ログイン]
[ADMIN] 19:25:40.884572 シナリオ走行を終了しました [シナリオ名: 新規ユーザー登録]
[ADMIN] 19:25:40.884599 シナリオ走行を開始しました [シナリオ名: 新規ユーザー登録]
[ADMIN] 19:25:40.893943 シナリオ走行を終了しました [シナリオ名: 新規ユーザー登録]
[ADMIN] 19:25:40.893964 シナリオ走行を開始しました [シナリオ名: 新規ユーザー登録]
[ADMIN] 19:25:40.975453 シナリオ走行を終了しました [シナリオ名: ログイン]
[ADMIN] 19:25:40.975466 シナリオ走行を開始しました [シナリオ名: ログイン]
[ADMIN] 19:25:40.975954 シナリオ走行を終了しました [シナリオ名: ログイン]
[ADMIN] 19:25:40.975963 シナリオ走行を開始しました [シナリオ名: ログイン]
[ADMIN] 19:25:40.997885 シナリオ走行を終了しました [シナリオ名: ログイン]
[ADMIN] 19:25:40.997896 シナリオ走行を開始しました [シナリオ名: ログイン]
[ADMIN] 19:25:41.000179 シナリオ走行を終了しました [シナリオ名: ログイン]
[ADMIN] 19:25:41.000190 シナリオ走行を開始しました [シナリオ名: ログイン]
[ADMIN] 19:25:41.026002 シナリオ走行を終了しました [シナリオ名: 新規ユーザー登録]
[ADMIN] 19:25:41.026022 シナリオ走行を開始しました [シナリオ名: 新規ユーザー登録]
[ADMIN] 19:25:41.054534 シナリオ走行を終了しました [シナリオ名: ログイン]
[ADMIN] 19:25:41.054547 シナリオ走行を開始しました [シナリオ名: ログイン]
[ADMIN] 19:25:41.059946 シナリオ走行を終了しました [シナリオ名: ログイン]
[ADMIN] 19:25:41.059957 シナリオ走行を開始しました [シナリオ名: ログイン]
[ADMIN] 19:25:41.069295 シナリオ走行を終了しました [シナリオ名: 新規ユーザー登録]
[ADMIN] 19:25:41.069312 シナリオ走行を開始しました [シナリオ名: 新規ユーザー登録]
[ADMIN] 19:25:41.116419 シナリオ走行を終了しました [シナリオ名: ログイン]
[ADMIN] 19:25:41.116433 シナリオ走行を開始しました [シナリオ名: ログイン]
[ADMIN] 19:25:41.192187 シナリオ走行を終了しました [シナリオ名: ログイン]
[ADMIN] 19:25:41.192204 シナリオ走行を開始しました [シナリオ名: ログイン]
[ADMIN] 19:25:41.199856 シナリオ走行を終了しました [シナリオ名: Banユーザログイン]
[ADMIN] 19:25:41.199872 シナリオ走行を開始しました [シナリオ名: Banユーザログイン]
[ADMIN] 19:25:41.207704 シナリオ走行を終了しました [シナリオ名: Banユーザログイン]
[ADMIN] 19:25:41.207713 シナリオ走行を開始しました [シナリオ名: Banユーザログイン]
[ADMIN] 19:25:41.233834 シナリオ走行を終了しました [シナリオ名: ログイン]
[ADMIN] 19:25:41.233844 シナリオ走行を開始しました [シナリオ名: ログイン]
[ADMIN] 19:25:41.287935 シナリオ走行を終了しました [シナリオ名: ログイン]
[ADMIN] 19:25:41.287953 シナリオ走行を開始しました [シナリオ名: ログイン]
[ADMIN] 19:25:41.298061 シナリオ走行を終了しました [シナリオ名: ログイン]
[ADMIN] 19:25:41.298073 シナリオ走行を開始しました [シナリオ名: ログイン]
[ADMIN] 19:25:41.298406 シナリオ走行を終了しました [シナリオ名: ログイン]
[ADMIN] 19:25:41.298416 シナリオ走行を開始しました [シナリオ名: ログイン]
[ADMIN] 19:25:41.304238 シナリオ走行を終了しました [シナリオ名: 新規ユーザー登録]
[ADMIN] 19:25:41.304258 シナリオ走行を開始しました [シナリオ名: 新規ユーザー登録]
[ADMIN] 19:25:41.311011 シナリオ走行を終了しました [シナリオ名: ログイン]
[ADMIN] 19:25:41.311020 シナリオ走行を開始しました [シナリオ名: ログイン]
[ADMIN] 19:25:41.379570 シナリオ走行を終了しました [シナリオ名: ログイン]
[ADMIN] 19:25:41.379582 シナリオ走行を開始しました [シナリオ名: ログイン]
[ADMIN] 19:25:41.469116 シナリオ走行を終了しました [シナリオ名: ログイン]
[ADMIN] 19:25:41.469134 シナリオ走行を開始しました [シナリオ名: ログイン]
[ADMIN] 19:25:41.477687 シナリオ走行を終了しました [シナリオ名: 新規ユーザー登録]
[ADMIN] 19:25:41.477708 シナリオ走行を開始しました [シナリオ名: 新規ユーザー登録]
[ADMIN] 19:25:41.483792 シナリオ走行を終了しました [シナリオ名: 新規ユーザー登録]
[ADMIN] 19:25:41.483808 シナリオ走行を開始しました [シナリオ名: 新規ユーザー登録]
[ADMIN] 19:25:41.495245 シナリオ走行を終了しました [シナリオ名: ログイン]
[ADMIN] 19:25:41.495256 シナリオ走行を開始しました [シナリオ名: ログイン]
[ADMIN] 19:25:41.525591 シナリオ走行を終了しました [シナリオ名: ログイン]
[ADMIN] 19:25:41.525602 シナリオ走行を開始しました [シナリオ名: ログイン]
[ADMIN] 19:25:41.527554 シナリオ走行を終了しました [シナリオ名: ログイン]
[ADMIN] 19:25:41.527563 シナリオ走行を開始しました [シナリオ名: ログイン]
[ADMIN] 19:25:41.541212 シナリオ走行を終了しました [シナリオ名: 新規ユーザー登録]
[ADMIN] 19:25:41.541230 シナリオ走行を開始しました [シナリオ名: 新規ユーザー登録]
[ADMIN] 19:25:41.585031 シナリオ走行を終了しました [シナリオ名: ログイン]
[ADMIN] 19:25:41.585043 シナリオ走行を開始しました [シナリオ名: ログイン]
[ADMIN] 19:25:41.599118 シナリオ走行を終了しました [シナリオ名: ログイン]
[ADMIN] 19:25:41.599131 シナリオ走行を開始しました [シナリオ名: ログイン]
[ADMIN] 19:25:41.632661 シナリオ走行を終了しました [シナリオ名: ログイン]
[ADMIN] 19:25:41.632677 シナリオ走行を開始しました [シナリオ名: ログイン]
[ADMIN] 19:25:41.702641 シナリオ走行を終了しました [シナリオ名: Banユーザログイン]
[ADMIN] 19:25:41.702659 シナリオ走行を開始しました [シナリオ名: Banユーザログイン]
[ADMIN] 19:25:41.715501 シナリオ走行を終了しました [シナリオ名: Banユーザログイン]
[ADMIN] 19:25:41.715518 シナリオ走行を開始しました [シナリオ名: Banユーザログイン]
[ADMIN] 19:25:41.732761 シナリオ走行を終了しました [シナリオ名: 新規ユーザー登録]
[ADMIN] 19:25:41.732788 シナリオ走行を開始しました [シナリオ名: 新規ユーザー登録]
[ADMIN] 19:25:41.776976 シナリオ走行を終了しました [シナリオ名: ログイン]
[ADMIN] 19:25:41.776988 シナリオ走行を開始しました [シナリオ名: ログイン]
[ADMIN] 19:25:41.806015 シナリオ走行を終了しました [シナリオ名: ログイン]
[ADMIN] 19:25:41.806028 シナリオ走行を開始しました [シナリオ名: ログイン]
[ADMIN] 19:25:41.811662 シナリオ走行を終了しました [シナリオ名: ログイン]
[ADMIN] 19:25:41.811674 シナリオ走行を開始しました [シナリオ名: ログイン]
[ADMIN] 19:25:41.845345 シナリオ走行を終了しました [シナリオ名: ログイン]
[ADMIN] 19:25:41.845356 シナリオ走行を開始しました [シナリオ名: ログイン]
[ADMIN] 19:25:41.850555 シナリオ走行を終了しました [シナリオ名: ログイン]
[ADMIN] 19:25:41.850565 シナリオ走行を開始しました [シナリオ名: ログイン]
[ADMIN] 19:25:41.875796 シナリオ走行を終了しました [シナリオ名: 新規ユーザー登録]
[ADMIN] 19:25:41.875814 シナリオ走行を開始しました [シナリオ名: 新規ユーザー登録]
[ADMIN] 19:25:41.931730 シナリオ走行を終了しました [シナリオ名: ログイン]
[ADMIN] 19:25:41.931750 シナリオ走行を開始しました [シナリオ名: ログイン]
[ADMIN] 19:25:41.947438 シナリオ走行を終了しました [シナリオ名: ログイン]
[ADMIN] 19:25:41.947447 シナリオ走行を開始しました [シナリオ名: ログイン]
[ADMIN] 19:25:41.964045 シナリオ走行を終了しました [シナリオ名: ログイン]
[ADMIN] 19:25:41.964056 シナリオ走行を開始しました [シナリオ名: ログイン]
[ADMIN] 19:25:41.980479 シナリオ走行を終了しました [シナリオ名: ログイン]
[ADMIN] 19:25:41.980490 シナリオ走行を開始しました [シナリオ名: ログイン]
[ADMIN] 19:25:41.992521 シナリオ走行を終了しました [シナリオ名: 新規ユーザー登録]
[ADMIN] 19:25:41.992541 シナリオ走行を開始しました [シナリオ名: 新規ユーザー登録]
[ADMIN] 19:25:42.002303 シナリオ走行を終了しました [シナリオ名: 新規ユーザー登録]
[ADMIN] 19:25:42.002320 シナリオ走行を開始しました [シナリオ名: 新規ユーザー登録]
[ADMIN] 19:25:42.059054 シナリオ走行を終了しました [シナリオ名: 新規ユーザー登録]
[ADMIN] 19:25:42.059087 シナリオ走行を開始しました [シナリオ名: 新規ユーザー登録]
[ADMIN] 19:25:42.067326 シナリオ走行を終了しました [シナリオ名: ログイン]
[ADMIN] 19:25:42.067337 シナリオ走行を開始しました [シナリオ名: ログイン]
[ADMIN] 19:25:42.088086 シナリオ走行を終了しました [シナリオ名: ログイン]
[ADMIN] 19:25:42.088097 シナリオ走行を開始しました [シナリオ名: ログイン]
[ADMIN] 19:25:42.110684 シナリオ走行を終了しました [シナリオ名: ログイン]
[ADMIN] 19:25:42.110694 シナリオ走行を開始しました [シナリオ名: ログイン]
[ADMIN] 19:25:42.184256 シナリオ走行を終了しました [シナリオ名: ログイン]
[ADMIN] 19:25:42.184267 シナリオ走行を開始しました [シナリオ名: ログイン]
[ADMIN] 19:25:42.205479 シナリオ走行を終了しました [シナリオ名: Banユーザログイン]
[ADMIN] 19:25:42.205505 シナリオ走行を開始しました [シナリオ名: Banユーザログイン]
[ADMIN] 19:25:42.212915 シナリオ走行を終了しました [シナリオ名: 新規ユーザー登録]
[ADMIN] 19:25:42.212932 シナリオ走行を開始しました [シナリオ名: 新規ユーザー登録]
[ADMIN] 19:25:42.217857 シナリオ走行を終了しました [シナリオ名: Banユーザログイン]
[ADMIN] 19:25:42.217873 シナリオ走行を開始しました [シナリオ名: Banユーザログイン]
[ADMIN] 19:25:42.259814 シナリオ走行を終了しました [シナリオ名: ログイン]
[ADMIN] 19:25:42.259827 シナリオ走行を開始しました [シナリオ名: ログイン]
[ADMIN] 19:25:42.267012 シナリオ走行を終了しました [シナリオ名: ログイン]
[ADMIN] 19:25:42.267023 シナリオ走行を開始しました [シナリオ名: ログイン]
[ADMIN] 19:25:42.298702 シナリオ走行を終了しました [シナリオ名: 新規ユーザー登録]
[ADMIN] 19:25:42.298722 シナリオ走行を開始しました [シナリオ名: 新規ユーザー登録]
[ADMIN] 19:25:42.362283 シナリオ走行を終了しました [シナリオ名: ログイン]
[ADMIN] 19:25:42.362296 シナリオ走行を開始しました [シナリオ名: ログイン]
[ADMIN] 19:25:42.392182 シナリオ走行を終了しました [シナリオ名: ログイン]
[ADMIN] 19:25:42.392196 シナリオ走行を開始しました [シナリオ名: ログイン]
[ADMIN] 19:25:42.450716 シナリオ走行を終了しました [シナリオ名: ログイン]
[ADMIN] 19:25:42.450734 シナリオ走行を開始しました [シナリオ名: ログイン]
[ADMIN] 19:25:42.472470 シナリオ走行を終了しました [シナリオ名: ログイン]
[ADMIN] 19:25:42.472486 シナリオ走行を開始しました [シナリオ名: ログイン]
[ADMIN] 19:25:42.531459 シナリオ走行を終了しました [シナリオ名: ログイン]
[ADMIN] 19:25:42.531472 シナリオ走行を開始しました [シナリオ名: ログイン]
[ADMIN] 19:25:42.535555 シナリオ走行を終了しました [シナリオ名: ログイン]
[ADMIN] 19:25:42.535567 シナリオ走行を開始しました [シナリオ名: ログイン]
[ADMIN] 19:25:42.550512 シナリオ走行を終了しました [シナリオ名: ログイン]
[ADMIN] 19:25:42.550520 シナリオ走行を開始しました [シナリオ名: ログイン]
[ADMIN] 19:25:42.593870 シナリオ走行を終了しました [シナリオ名: 新規ユーザー登録]
[ADMIN] 19:25:42.593891 シナリオ走行を開始しました [シナリオ名: 新規ユーザー登録]
[ADMIN] 19:25:42.604907 シナリオ走行を終了しました [シナリオ名: ログイン]
[ADMIN] 19:25:42.604919 シナリオ走行を開始しました [シナリオ名: ログイン]
[ADMIN] 19:25:42.624226 シナリオ走行を終了しました [シナリオ名: 新規ユーザー登録]
[ADMIN] 19:25:42.624247 シナリオ走行を開始しました [シナリオ名: 新規ユーザー登録]
[ADMIN] 19:25:42.687903 シナリオ走行を終了しました [シナリオ名: 新規ユーザー登録]
[ADMIN] 19:25:42.687925 シナリオ走行を開始しました [シナリオ名: 新規ユーザー登録]
[ADMIN] 19:25:42.708670 シナリオ走行を終了しました [シナリオ名: Banユーザログイン]
[ADMIN] 19:25:42.708690 シナリオ走行を開始しました [シナリオ名: Banユーザログイン]
[ADMIN] 19:25:42.723361 シナリオ走行を終了しました [シナリオ名: Banユーザログイン]
[ADMIN] 19:25:42.723377 シナリオ走行を開始しました [シナリオ名: Banユーザログイン]
[ADMIN] 19:25:42.727539 シナリオ走行を終了しました [シナリオ名: ログイン]
[ADMIN] 19:25:42.727551 シナリオ走行を開始しました [シナリオ名: ログイン]
[ADMIN] 19:25:42.744378 シナリオ走行を終了しました [シナリオ名: 新規ユーザー登録]
[ADMIN] 19:25:42.744402 シナリオ走行を開始しました [シナリオ名: 新規ユーザー登録]
[ADMIN] 19:25:42.751163 シナリオ走行を終了しました [シナリオ名: ログイン]
[ADMIN] 19:25:42.751173 シナリオ走行を開始しました [シナリオ名: ログイン]
[ADMIN] 19:25:42.752061 シナリオ走行を終了しました [シナリオ名: ログイン]
[ADMIN] 19:25:42.752069 シナリオ走行を開始しました [シナリオ名: ログイン]
[ADMIN] 19:25:42.833245 シナリオ走行を終了しました [シナリオ名: ログイン]
[ADMIN] 19:25:42.833257 シナリオ走行を開始しました [シナリオ名: ログイン]
[ADMIN] 19:25:42.844125 シナリオ走行を終了しました [シナリオ名: ログイン]
[ADMIN] 19:25:42.844136 シナリオ走行を開始しました [シナリオ名: ログイン]
[ADMIN] 19:25:42.858079 シナリオ走行を終了しました [シナリオ名: 新規ユーザー登録]
[ADMIN] 19:25:42.858095 シナリオ走行を開始しました [シナリオ名: 新規ユーザー登録]
[ADMIN] 19:25:42.892422 シナリオ走行を終了しました [シナリオ名: ログイン]
[ADMIN] 19:25:42.892432 シナリオ走行を開始しました [シナリオ名: ログイン]
[ADMIN] 19:25:42.980519 シナリオ走行を終了しました [シナリオ名: ログイン]
[ADMIN] 19:25:42.980533 シナリオ走行を開始しました [シナリオ名: ログイン]
[ADMIN] 19:25:43.004679 シナリオ走行を終了しました [シナリオ名: ログイン]
[ADMIN] 19:25:43.004692 シナリオ走行を開始しました [シナリオ名: ログイン]
[ADMIN] 19:25:43.025040 シナリオ走行を終了しました [シナリオ名: ログイン]
[ADMIN] 19:25:43.025052 シナリオ走行を開始しました [シナリオ名: ログイン]
[ADMIN] 19:25:43.032072 シナリオ走行を終了しました [シナリオ名: ログイン]
[ADMIN] 19:25:43.032102 シナリオ走行を開始しました [シナリオ名: ログイン]
[ADMIN] 19:25:43.042476 シナリオ走行を終了しました [シナリオ名: ログイン]
[ADMIN] 19:25:43.042485 シナリオ走行を開始しました [シナリオ名: ログイン]
19:25:43.055114 現在のログイン成功数: [total: 637 (+446人)]
19:25:43.055118 現在のユーザー登録成功数: [total: 358 (+222人)]
[ADMIN] 19:25:43.055098 シナリオ走行を開始しました [シナリオ名: マスター更新]
19:25:43.148403 マスターデータの更新が完了しました。次のマスターバージョンは「2」です。
[ADMIN] 19:25:43.149550 シナリオ走行を終了しました [シナリオ名: 新規ユーザー登録]
[ADMIN] 19:25:43.149573 シナリオ走行を開始しました [シナリオ名: 新規ユーザー登録]
[ADMIN] 19:25:43.149709 シナリオ走行を終了しました [シナリオ名: マスター更新]
[ADMIN] 19:25:43.169439 シナリオ走行を終了しました [シナリオ名: ログイン]
[ADMIN] 19:25:43.169451 シナリオ走行を開始しました [シナリオ名: ログイン]
[ADMIN] 19:25:43.187347 シナリオ走行を終了しました [シナリオ名: ログイン]
[ADMIN] 19:25:43.187372 シナリオ走行を開始しました [シナリオ名: ログイン]
[ADMIN] 19:25:43.187414 シナリオ走行を開始しました [シナリオ名: ログイン]
[ADMIN] 19:25:43.187459 シナリオ走行を開始しました [シナリオ名: ログイン]
[ADMIN] 19:25:43.187486 シナリオ走行を開始しました [シナリオ名: ログイン]
[ADMIN] 19:25:43.187500 シナリオ走行を開始しました [シナリオ名: ログイン]
[ADMIN] 19:25:43.187469 シナリオ走行を開始しました [シナリオ名: ログイン]
[ADMIN] 19:25:43.187471 シナリオ走行を開始しました [シナリオ名: ログイン]
[ADMIN] 19:25:43.187480 シナリオ走行を開始しました [シナリオ名: ログイン]
[ADMIN] 19:25:43.187484 シナリオ走行を開始しました [シナリオ名: ログイン]
[ADMIN] 19:25:43.187486 シナリオ走行を開始しました [シナリオ名: ログイン]
[ADMIN] 19:25:43.187490 シナリオ走行を開始しました [シナリオ名: ログイン]
[ADMIN] 19:25:43.187494 シナリオ走行を開始しました [シナリオ名: ログイン]
[ADMIN] 19:25:43.187496 シナリオ走行を開始しました [シナリオ名: ログイン]
[ADMIN] 19:25:43.205254 シナリオ走行を終了しました [シナリオ名: ログイン]
[ADMIN] 19:25:43.205267 シナリオ走行を開始しました [シナリオ名: ログイン]
[ADMIN] 19:25:43.211701 シナリオ走行を終了しました [シナリオ名: Banユーザログイン]
[ADMIN] 19:25:43.211721 シナリオ走行を開始しました [シナリオ名: Banユーザログイン]
[ADMIN] 19:25:43.226055 シナリオ走行を終了しました [シナリオ名: Banユーザログイン]
[ADMIN] 19:25:43.226076 シナリオ走行を開始しました [シナリオ名: Banユーザログイン]
[ADMIN] 19:25:43.512296 シナリオ走行を終了しました [シナリオ名: ログイン]
[ADMIN] 19:25:43.610929 シナリオ走行を終了しました [シナリオ名: ログイン]
[ADMIN] 19:25:43.610943 シナリオ走行を開始しました [シナリオ名: ログイン]
[ADMIN] 19:25:43.610999 シナリオ走行を開始しました [シナリオ名: ログイン]
[ADMIN] 19:25:43.611435 シナリオ走行を終了しました [シナリオ名: ログイン]
[ADMIN] 19:25:43.696728 シナリオ走行を終了しました [シナリオ名: ログイン]
[ADMIN] 19:25:43.696740 シナリオ走行を開始しました [シナリオ名: ログイン]
[ADMIN] 19:25:43.696747 シナリオ走行を開始しました [シナリオ名: ログイン]
[ADMIN] 19:25:43.715861 シナリオ走行を終了しました [シナリオ名: Banユーザログイン]
[ADMIN] 19:25:43.715876 シナリオ走行を開始しました [シナリオ名: Banユーザログイン]
[ADMIN] 19:25:43.728297 シナリオ走行を終了しました [シナリオ名: Banユーザログイン]
[ADMIN] 19:25:43.728312 シナリオ走行を開始しました [シナリオ名: Banユーザログイン]
[ADMIN] 19:25:43.801101 シナリオ走行を終了しました [シナリオ名: ログイン]
[ADMIN] 19:25:43.801115 シナリオ走行を開始しました [シナリオ名: ログイン]
[ADMIN] 19:25:43.895526 シナリオ走行を終了しました [シナリオ名: ログイン]
[ADMIN] 19:25:43.905644 シナリオ走行を終了しました [シナリオ名: ログイン]
[ADMIN] 19:25:43.966212 シナリオ走行を終了しました [シナリオ名: ログイン]
[ADMIN] 19:25:43.966230 シナリオ走行を開始しました [シナリオ名: ログイン]
[ADMIN] 19:25:43.966233 シナリオ走行を開始しました [シナリオ名: ログイン]
[ADMIN] 19:25:43.966258 シナリオ走行を開始しました [シナリオ名: ログイン]
[ADMIN] 19:25:43.986154 シナリオ走行を終了しました [シナリオ名: ログイン]
[ADMIN] 19:25:44.029295 シナリオ走行を終了しました [シナリオ名: ログイン]
[ADMIN] 19:25:44.034385 シナリオ走行を終了しました [シナリオ名: ログイン]
[ADMIN] 19:25:44.095915 シナリオ走行を終了しました [シナリオ名: 新規ユーザー登録]
[ADMIN] 19:25:44.095941 シナリオ走行を開始しました [シナリオ名: 新規ユーザー登録]
[ADMIN] 19:25:44.109097 シナリオ走行を終了しました [シナリオ名: ログイン]
[ADMIN] 19:25:44.109113 シナリオ走行を開始しました [シナリオ名: ログイン]
[ADMIN] 19:25:44.109163 シナリオ走行を開始しました [シナリオ名: ログイン]
[ADMIN] 19:25:44.109187 シナリオ走行を開始しました [シナリオ名: ログイン]
[ADMIN] 19:25:44.109220 シナリオ走行を開始しました [シナリオ名: ログイン]
[ADMIN] 19:25:44.126597 シナリオ走行を終了しました [シナリオ名: ログイン]
[ADMIN] 19:25:44.126606 シナリオ走行を開始しました [シナリオ名: ログイン]
[ADMIN] 19:25:44.128823 シナリオ走行を終了しました [シナリオ名: ログイン]
[ADMIN] 19:25:44.134119 シナリオ走行を終了しました [シナリオ名: ログイン]
[ADMIN] 19:25:44.134129 シナリオ走行を開始しました [シナリオ名: ログイン]
[ADMIN] 19:25:44.134136 シナリオ走行を開始しました [シナリオ名: ログイン]
[ADMIN] 19:25:44.145309 シナリオ走行を終了しました [シナリオ名: 新規ユーザー登録]
[ADMIN] 19:25:44.145344 シナリオ走行を開始しました [シナリオ名: 新規ユーザー登録]
[ADMIN] 19:25:44.145385 シナリオ走行を開始しました [シナリオ名: 新規ユーザー登録]
[ADMIN] 19:25:44.145405 シナリオ走行を開始しました [シナリオ名: 新規ユーザー登録]
[ADMIN] 19:25:44.145454 シナリオ走行を開始しました [シナリオ名: 新規ユーザー登録]
[ADMIN] 19:25:44.145516 シナリオ走行を開始しました [シナリオ名: 新規ユーザー登録]
[ADMIN] 19:25:44.145523 シナリオ走行を開始しました [シナリオ名: 新規ユーザー登録]
[ADMIN] 19:25:44.145539 シナリオ走行を開始しました [シナリオ名: 新規ユーザー登録]
[ADMIN] 19:25:44.145605 シナリオ走行を開始しました [シナリオ名: 新規ユーザー登録]
[ADMIN] 19:25:44.145516 シナリオ走行を開始しました [シナリオ名: 新規ユーザー登録]
[ADMIN] 19:25:44.187809 シナリオ走行を終了しました [シナリオ名: ログイン]
[ADMIN] 19:25:44.194475 シナリオ走行を終了しました [シナリオ名: ログイン]
[ADMIN] 19:25:44.194488 シナリオ走行を開始しました [シナリオ名: ログイン]
[ADMIN] 19:25:44.194514 シナリオ走行を開始しました [シナリオ名: ログイン]
[ADMIN] 19:25:44.204175 シナリオ走行を終了しました [シナリオ名: ログイン]
[ADMIN] 19:25:44.204186 シナリオ走行を開始しました [シナリオ名: ログイン]
[ADMIN] 19:25:44.220023 シナリオ走行を終了しました [シナリオ名: Banユーザログイン]
[ADMIN] 19:25:44.220041 シナリオ走行を開始しました [シナリオ名: Banユーザログイン]
[ADMIN] 19:25:44.231317 シナリオ走行を終了しました [シナリオ名: Banユーザログイン]
[ADMIN] 19:25:44.231338 シナリオ走行を開始しました [シナリオ名: Banユーザログイン]
[ADMIN] 19:25:44.231345 シナリオ走行を開始しました [シナリオ名: Banユーザログイン]
[ADMIN] 19:25:44.231354 シナリオ走行を開始しました [シナリオ名: Banユーザログイン]
[ADMIN] 19:25:44.245933 シナリオ走行を終了しました [シナリオ名: 新規ユーザー登録]
[ADMIN] 19:25:44.254707 シナリオ走行を終了しました [シナリオ名: ログイン]
[ADMIN] 19:25:44.254716 シナリオ走行を開始しました [シナリオ名: ログイン]
[ADMIN] 19:25:44.257344 シナリオ走行を終了しました [シナリオ名: ログイン]
[ADMIN] 19:25:44.257355 シナリオ走行を開始しました [シナリオ名: ログイン]
[ADMIN] 19:25:44.259826 シナリオ走行を終了しました [シナリオ名: ログイン]
[ADMIN] 19:25:44.259834 シナリオ走行を開始しました [シナリオ名: ログイン]
[ADMIN] 19:25:44.272463 シナリオ走行を終了しました [シナリオ名: ログイン]
[ADMIN] 19:25:44.272474 シナリオ走行を開始しました [シナリオ名: ログイン]
[ADMIN] 19:25:44.296942 シナリオ走行を終了しました [シナリオ名: ログイン]
[ADMIN] 19:25:44.296951 シナリオ走行を開始しました [シナリオ名: ログイン]
[ADMIN] 19:25:44.308258 シナリオ走行を終了しました [シナリオ名: ログイン]
[ADMIN] 19:25:44.308266 シナリオ走行を開始しました [シナリオ名: ログイン]
[ADMIN] 19:25:44.354370 シナリオ走行を終了しました [シナリオ名: ログイン]
[ADMIN] 19:25:44.354379 シナリオ走行を開始しました [シナリオ名: ログイン]
[ADMIN] 19:25:44.378483 シナリオ走行を終了しました [シナリオ名: 新規ユーザー登録]
[ADMIN] 19:25:44.419293 シナリオ走行を終了しました [シナリオ名: ログイン]
[ADMIN] 19:25:44.419303 シナリオ走行を開始しました [シナリオ名: ログイン]
[ADMIN] 19:25:44.530609 シナリオ走行を終了しました [シナリオ名: 新規ユーザー登録]
[ADMIN] 19:25:44.645493 シナリオ走行を終了しました [シナリオ名: ログイン]
[ADMIN] 19:25:44.645508 シナリオ走行を開始しました [シナリオ名: ログイン]
[ADMIN] 19:25:44.722233 シナリオ走行を終了しました [シナリオ名: Banユーザログイン]
[ADMIN] 19:25:44.735767 シナリオ走行を終了しました [シナリオ名: Banユーザログイン]
[ADMIN] 19:25:44.735783 シナリオ走行を開始しました [シナリオ名: Banユーザログイン]
[ADMIN] 19:25:44.735784 シナリオ走行を終了しました [シナリオ名: Banユーザログイン]
[ADMIN] 19:25:44.735795 シナリオ走行を開始しました [シナリオ名: Banユーザログイン]
[ADMIN] 19:25:44.735798 シナリオ走行を開始しました [シナリオ名: Banユーザログイン]
[ADMIN] 19:25:44.735873 シナリオ走行を終了しました [シナリオ名: Banユーザログイン]
[ADMIN] 19:25:44.735887 シナリオ走行を開始しました [シナリオ名: Banユーザログイン]
[ADMIN] 19:25:44.753145 シナリオ走行を終了しました [シナリオ名: ログイン]
[ADMIN] 19:25:44.753157 シナリオ走行を開始しました [シナリオ名: ログイン]
[ADMIN] 19:25:44.759685 シナリオ走行を終了しました [シナリオ名: ログイン]
[ADMIN] 19:25:44.759695 シナリオ走行を開始しました [シナリオ名: ログイン]
[ADMIN] 19:25:44.800465 シナリオ走行を終了しました [シナリオ名: ログイン]
[ADMIN] 19:25:44.800478 シナリオ走行を開始しました [シナリオ名: ログイン]
[ADMIN] 19:25:44.856485 シナリオ走行を終了しました [シナリオ名: ログイン]
[ADMIN] 19:25:44.856502 シナリオ走行を開始しました [シナリオ名: ログイン]
[ADMIN] 19:25:44.876095 シナリオ走行を終了しました [シナリオ名: ログイン]
[ADMIN] 19:25:44.876108 シナリオ走行を開始しました [シナリオ名: ログイン]
[ADMIN] 19:25:44.930334 シナリオ走行を終了しました [シナリオ名: ログイン]
[ADMIN] 19:25:44.930349 シナリオ走行を開始しました [シナリオ名: ログイン]
[ADMIN] 19:25:44.949392 シナリオ走行を終了しました [シナリオ名: ログイン]
[ADMIN] 19:25:44.949407 シナリオ走行を開始しました [シナリオ名: ログイン]
[ADMIN] 19:25:44.967947 シナリオ走行を終了しました [シナリオ名: ログイン]
[ADMIN] 19:25:44.967961 シナリオ走行を開始しました [シナリオ名: ログイン]
[ADMIN] 19:25:44.977989 シナリオ走行を終了しました [シナリオ名: ログイン]
[ADMIN] 19:25:44.978001 シナリオ走行を開始しました [シナリオ名: ログイン]
[ADMIN] 19:25:45.066552 シナリオ走行を終了しました [シナリオ名: ログイン]
[ADMIN] 19:25:45.066565 シナリオ走行を開始しました [シナリオ名: ログイン]
[ADMIN] 19:25:45.072155 シナリオ走行を終了しました [シナリオ名: 新規ユーザー登録]
[ADMIN] 19:25:45.103727 シナリオ走行を終了しました [シナリオ名: ログイン]
[ADMIN] 19:25:45.103743 シナリオ走行を開始しました [シナリオ名: ログイン]
[ADMIN] 19:25:45.126939 シナリオ走行を終了しました [シナリオ名: ログイン]
[ADMIN] 19:25:45.126951 シナリオ走行を開始しました [シナリオ名: ログイン]
[ADMIN] 19:25:45.178121 シナリオ走行を終了しました [シナリオ名: 新規ユーザー登録]
[ADMIN] 19:25:45.178152 シナリオ走行を開始しました [シナリオ名: 新規ユーザー登録]
[ADMIN] 19:25:45.178207 シナリオ走行を開始しました [シナリオ名: 新規ユーザー登録]
[ADMIN] 19:25:45.178219 シナリオ走行を開始しました [シナリオ名: 新規ユーザー登録]
[ADMIN] 19:25:45.178220 シナリオ走行を開始しました [シナリオ名: 新規ユーザー登録]
[ADMIN] 19:25:45.178228 シナリオ走行を開始しました [シナリオ名: 新規ユーザー登録]
[ADMIN] 19:25:45.238795 シナリオ走行を終了しました [シナリオ名: Banユーザログイン]
[ADMIN] 19:25:45.238814 シナリオ走行を開始しました [シナリオ名: Banユーザログイン]
[ADMIN] 19:25:45.241045 シナリオ走行を終了しました [シナリオ名: Banユーザログイン]
[ADMIN] 19:25:45.241056 シナリオ走行を開始しました [シナリオ名: Banユーザログイン]
[ADMIN] 19:25:45.241070 シナリオ走行を終了しました [シナリオ名: Banユーザログイン]
[ADMIN] 19:25:45.241078 シナリオ走行を開始しました [シナリオ名: Banユーザログイン]
[ADMIN] 19:25:45.241091 シナリオ走行を終了しました [シナリオ名: Banユーザログイン]
[ADMIN] 19:25:45.241101 シナリオ走行を開始しました [シナリオ名: Banユーザログイン]
[ADMIN] 19:25:45.247264 シナリオ走行を終了しました [シナリオ名: ログイン]
[ADMIN] 19:25:45.247276 シナリオ走行を開始しました [シナリオ名: ログイン]
[ADMIN] 19:25:45.265285 シナリオ走行を終了しました [シナリオ名: ログイン]
[ADMIN] 19:25:45.265297 シナリオ走行を開始しました [シナリオ名: ログイン]
[ADMIN] 19:25:45.329186 シナリオ走行を終了しました [シナリオ名: ログイン]
[ADMIN] 19:25:45.329202 シナリオ走行を開始しました [シナリオ名: ログイン]
[ADMIN] 19:25:45.384647 シナリオ走行を終了しました [シナリオ名: ログイン]
[ADMIN] 19:25:45.384660 シナリオ走行を開始しました [シナリオ名: ログイン]
[ADMIN] 19:25:45.418239 シナリオ走行を終了しました [シナリオ名: ログイン]
[ADMIN] 19:25:45.418253 シナリオ走行を開始しました [シナリオ名: ログイン]
[ADMIN] 19:25:45.458742 シナリオ走行を終了しました [シナリオ名: 新規ユーザー登録]
[ADMIN] 19:25:45.458766 シナリオ走行を開始しました [シナリオ名: 新規ユーザー登録]
[ADMIN] 19:25:45.468008 シナリオ走行を終了しました [シナリオ名: 新規ユーザー登録]
[ADMIN] 19:25:45.468027 シナリオ走行を終了しました [シナリオ名: 新規ユーザー登録]
[ADMIN] 19:25:45.468033 シナリオ走行を開始しました [シナリオ名: 新規ユーザー登録]
[ADMIN] 19:25:45.468043 シナリオ走行を開始しました [シナリオ名: 新規ユーザー登録]
[ADMIN] 19:25:45.479510 シナリオ走行を終了しました [シナリオ名: ログイン]
[ADMIN] 19:25:45.479521 シナリオ走行を開始しました [シナリオ名: ログイン]
[ADMIN] 19:25:45.511470 シナリオ走行を終了しました [シナリオ名: 新規ユーザー登録]
[ADMIN] 19:25:45.511495 シナリオ走行を開始しました [シナリオ名: 新規ユーザー登録]
[ADMIN] 19:25:45.513171 シナリオ走行を終了しました [シナリオ名: ログイン]
[ADMIN] 19:25:45.513180 シナリオ走行を開始しました [シナリオ名: ログイン]
[ADMIN] 19:25:45.555970 シナリオ走行を終了しました [シナリオ名: ログイン]
[ADMIN] 19:25:45.555983 シナリオ走行を開始しました [シナリオ名: ログイン]
[ADMIN] 19:25:45.558095 シナリオ走行を終了しました [シナリオ名: ログイン]
[ADMIN] 19:25:45.558107 シナリオ走行を開始しました [シナリオ名: ログイン]
[ADMIN] 19:25:45.572952 シナリオ走行を終了しました [シナリオ名: 新規ユーザー登録]
[ADMIN] 19:25:45.572976 シナリオ走行を開始しました [シナリオ名: 新規ユーザー登録]
[ADMIN] 19:25:45.670713 シナリオ走行を終了しました [シナリオ名: ログイン]
[ADMIN] 19:25:45.670729 シナリオ走行を開始しました [シナリオ名: ログイン]
[ADMIN] 19:25:45.672641 シナリオ走行を終了しました [シナリオ名: ログイン]
[ADMIN] 19:25:45.672649 シナリオ走行を開始しました [シナリオ名: ログイン]
[ADMIN] 19:25:45.680514 シナリオ走行を終了しました [シナリオ名: 新規ユーザー登録]
[ADMIN] 19:25:45.680533 シナリオ走行を開始しました [シナリオ名: 新規ユーザー登録]
[ADMIN] 19:25:45.697221 シナリオ走行を終了しました [シナリオ名: ログイン]
[ADMIN] 19:25:45.697230 シナリオ走行を開始しました [シナリオ名: ログイン]
[ADMIN] 19:25:45.710613 シナリオ走行を終了しました [シナリオ名: ログイン]
[ADMIN] 19:25:45.710642 シナリオ走行を開始しました [シナリオ名: ログイン]
[ADMIN] 19:25:45.741140 シナリオ走行を終了しました [シナリオ名: Banユーザログイン]
[ADMIN] 19:25:45.741162 シナリオ走行を開始しました [シナリオ名: Banユーザログイン]
[ADMIN] 19:25:45.742608 シナリオ走行を終了しました [シナリオ名: Banユーザログイン]
[ADMIN] 19:25:45.742638 シナリオ走行を開始しました [シナリオ名: Banユーザログイン]
[ADMIN] 19:25:45.744065 シナリオ走行を終了しました [シナリオ名: ログイン]
[ADMIN] 19:25:45.744076 シナリオ走行を開始しました [シナリオ名: ログイン]
[ADMIN] 19:25:45.747373 シナリオ走行を終了しました [シナリオ名: Banユーザログイン]
[ADMIN] 19:25:45.747380 シナリオ走行を終了しました [シナリオ名: Banユーザログイン]
[ADMIN] 19:25:45.747387 シナリオ走行を開始しました [シナリオ名: Banユーザログイン]
[ADMIN] 19:25:45.747451 シナリオ走行を開始しました [シナリオ名: Banユーザログイン]
[ADMIN] 19:25:45.756026 シナリオ走行を終了しました [シナリオ名: 新規ユーザー登録]
[ADMIN] 19:25:45.756050 シナリオ走行を開始しました [シナリオ名: 新規ユーザー登録]
[ADMIN] 19:25:45.768803 シナリオ走行を終了しました [シナリオ名: ログイン]
[ADMIN] 19:25:45.768815 シナリオ走行を開始しました [シナリオ名: ログイン]
[ADMIN] 19:25:45.783322 シナリオ走行を終了しました [シナリオ名: 新規ユーザー登録]
[ADMIN] 19:25:45.783341 シナリオ走行を開始しました [シナリオ名: 新規ユーザー登録]
[ADMIN] 19:25:45.829839 シナリオ走行を終了しました [シナリオ名: ログイン]
[ADMIN] 19:25:45.829855 シナリオ走行を開始しました [シナリオ名: ログイン]
[ADMIN] 19:25:45.943996 シナリオ走行を終了しました [シナリオ名: ログイン]
[ADMIN] 19:25:45.944010 シナリオ走行を開始しました [シナリオ名: ログイン]
[ADMIN] 19:25:45.999339 シナリオ走行を終了しました [シナリオ名: ログイン]
[ADMIN] 19:25:45.999353 シナリオ走行を開始しました [シナリオ名: ログイン]
[ADMIN] 19:25:46.001291 シナリオ走行を終了しました [シナリオ名: ログイン]
[ADMIN] 19:25:46.001301 シナリオ走行を開始しました [シナリオ名: ログイン]
[ADMIN] 19:25:46.060686 シナリオ走行を終了しました [シナリオ名: ログイン]
[ADMIN] 19:25:46.060699 シナリオ走行を開始しました [シナリオ名: ログイン]
[ADMIN] 19:25:46.083670 シナリオ走行を終了しました [シナリオ名: ログイン]
[ADMIN] 19:25:46.083681 シナリオ走行を開始しました [シナリオ名: ログイン]
[ADMIN] 19:25:46.123707 シナリオ走行を終了しました [シナリオ名: ログイン]
[ADMIN] 19:25:46.123716 シナリオ走行を開始しました [シナリオ名: ログイン]
[ADMIN] 19:25:46.146949 シナリオ走行を終了しました [シナリオ名: ログイン]
[ADMIN] 19:25:46.146959 シナリオ走行を開始しました [シナリオ名: ログイン]
[ADMIN] 19:25:46.149896 シナリオ走行を終了しました [シナリオ名: ログイン]
[ADMIN] 19:25:46.149905 シナリオ走行を開始しました [シナリオ名: ログイン]
[ADMIN] 19:25:46.178309 シナリオ走行を終了しました [シナリオ名: ログイン]
[ADMIN] 19:25:46.178319 シナリオ走行を開始しました [シナリオ名: ログイン]
[ADMIN] 19:25:46.246192 シナリオ走行を終了しました [シナリオ名: Banユーザログイン]
[ADMIN] 19:25:46.246206 シナリオ走行を開始しました [シナリオ名: Banユーザログイン]
[ADMIN] 19:25:46.246528 シナリオ走行を終了しました [シナリオ名: Banユーザログイン]
[ADMIN] 19:25:46.246540 シナリオ走行を開始しました [シナリオ名: Banユーザログイン]
[ADMIN] 19:25:46.253000 シナリオ走行を終了しました [シナリオ名: Banユーザログイン]
[ADMIN] 19:25:46.253014 シナリオ走行を開始しました [シナリオ名: Banユーザログイン]
[ADMIN] 19:25:46.254607 シナリオ走行を終了しました [シナリオ名: Banユーザログイン]
[ADMIN] 19:25:46.254630 シナリオ走行を開始しました [シナリオ名: Banユーザログイン]
[ADMIN] 19:25:46.310760 シナリオ走行を終了しました [シナリオ名: 新規ユーザー登録]
[ADMIN] 19:25:46.310782 シナリオ走行を開始しました [シナリオ名: 新規ユーザー登録]
[ADMIN] 19:25:46.376177 シナリオ走行を終了しました [シナリオ名: 新規ユーザー登録]
[ADMIN] 19:25:46.376201 シナリオ走行を開始しました [シナリオ名: 新規ユーザー登録]
[ADMIN] 19:25:46.376751 シナリオ走行を終了しました [シナリオ名: ログイン]
[ADMIN] 19:25:46.376762 シナリオ走行を開始しました [シナリオ名: ログイン]
[ADMIN] 19:25:46.427953 シナリオ走行を終了しました [シナリオ名: ログイン]
[ADMIN] 19:25:46.427968 シナリオ走行を開始しました [シナリオ名: ログイン]
[ADMIN] 19:25:46.428431 シナリオ走行を終了しました [シナリオ名: ログイン]
[ADMIN] 19:25:46.428441 シナリオ走行を開始しました [シナリオ名: ログイン]
[ADMIN] 19:25:46.474477 シナリオ走行を終了しました [シナリオ名: ログイン]
[ADMIN] 19:25:46.474490 シナリオ走行を開始しました [シナリオ名: ログイン]
[ADMIN] 19:25:46.506133 シナリオ走行を終了しました [シナリオ名: ログイン]
[ADMIN] 19:25:46.506147 シナリオ走行を開始しました [シナリオ名: ログイン]
[ADMIN] 19:25:46.594949 シナリオ走行を終了しました [シナリオ名: ログイン]
[ADMIN] 19:25:46.594966 シナリオ走行を開始しました [シナリオ名: ログイン]
[ADMIN] 19:25:46.604729 シナリオ走行を終了しました [シナリオ名: 新規ユーザー登録]
[ADMIN] 19:25:46.604753 シナリオ走行を開始しました [シナリオ名: 新規ユーザー登録]
[ADMIN] 19:25:46.643784 シナリオ走行を終了しました [シナリオ名: ログイン]
[ADMIN] 19:25:46.643798 シナリオ走行を開始しました [シナリオ名: ログイン]
[ADMIN] 19:25:46.674093 シナリオ走行を終了しました [シナリオ名: 新規ユーザー登録]
[ADMIN] 19:25:46.674120 シナリオ走行を開始しました [シナリオ名: 新規ユーザー登録]
[ADMIN] 19:25:46.711829 シナリオ走行を終了しました [シナリオ名: ログイン]
[ADMIN] 19:25:46.711843 シナリオ走行を開始しました [シナリオ名: ログイン]
[ADMIN] 19:25:46.716635 シナリオ走行を終了しました [シナリオ名: 新規ユーザー登録]
[ADMIN] 19:25:46.716655 シナリオ走行を開始しました [シナリオ名: 新規ユーザー登録]
[ADMIN] 19:25:46.750955 シナリオ走行を終了しました [シナリオ名: Banユーザログイン]
[ADMIN] 19:25:46.750963 シナリオ走行を終了しました [シナリオ名: Banユーザログイン]
[ADMIN] 19:25:46.750972 シナリオ走行を開始しました [シナリオ名: Banユーザログイン]
[ADMIN] 19:25:46.750987 シナリオ走行を開始しました [シナリオ名: Banユーザログイン]
[ADMIN] 19:25:46.757893 シナリオ走行を終了しました [シナリオ名: Banユーザログイン]
[ADMIN] 19:25:46.757910 シナリオ走行を開始しました [シナリオ名: Banユーザログイン]
[ADMIN] 19:25:46.762849 シナリオ走行を終了しました [シナリオ名: Banユーザログイン]
[ADMIN] 19:25:46.762863 シナリオ走行を開始しました [シナリオ名: Banユーザログイン]
[ADMIN] 19:25:46.767818 シナリオ走行を終了しました [シナリオ名: ログイン]
[ADMIN] 19:25:46.767828 シナリオ走行を開始しました [シナリオ名: ログイン]
[ADMIN] 19:25:46.777205 シナリオ走行を終了しました [シナリオ名: ログイン]
[ADMIN] 19:25:46.777216 シナリオ走行を開始しました [シナリオ名: ログイン]
[ADMIN] 19:25:46.779216 シナリオ走行を終了しました [シナリオ名: ログイン]
[ADMIN] 19:25:46.779228 シナリオ走行を開始しました [シナリオ名: ログイン]
[ADMIN] 19:25:46.856404 シナリオ走行を終了しました [シナリオ名: ログイン]
[ADMIN] 19:25:46.856416 シナリオ走行を開始しました [シナリオ名: ログイン]
[ADMIN] 19:25:46.875241 シナリオ走行を終了しました [シナリオ名: 新規ユーザー登録]
[ADMIN] 19:25:46.875267 シナリオ走行を開始しました [シナリオ名: 新規ユーザー登録]
[ADMIN] 19:25:46.909604 シナリオ走行を終了しました [シナリオ名: ログイン]
[ADMIN] 19:25:46.909617 シナリオ走行を開始しました [シナリオ名: ログイン]
[ADMIN] 19:25:46.926082 シナリオ走行を終了しました [シナリオ名: ログイン]
[ADMIN] 19:25:46.926094 シナリオ走行を開始しました [シナリオ名: ログイン]
[ADMIN] 19:25:46.952918 シナリオ走行を終了しました [シナリオ名: ログイン]
[ADMIN] 19:25:46.952930 シナリオ走行を開始しました [シナリオ名: ログイン]
[ADMIN] 19:25:46.964817 シナリオ走行を終了しました [シナリオ名: 新規ユーザー登録]
[ADMIN] 19:25:46.964839 シナリオ走行を開始しました [シナリオ名: 新規ユーザー登録]
[ADMIN] 19:25:46.965282 シナリオ走行を終了しました [シナリオ名: 新規ユーザー登録]
[ADMIN] 19:25:46.965299 シナリオ走行を開始しました [シナリオ名: 新規ユーザー登録]
[ADMIN] 19:25:46.972458 シナリオ走行を終了しました [シナリオ名: ログイン]
[ADMIN] 19:25:46.972468 シナリオ走行を開始しました [シナリオ名: ログイン]
[ADMIN] 19:25:46.977475 シナリオ走行を終了しました [シナリオ名: 新規ユーザー登録]
[ADMIN] 19:25:46.977489 シナリオ走行を開始しました [シナリオ名: 新規ユーザー登録]
[ADMIN] 19:25:46.994447 シナリオ走行を終了しました [シナリオ名: ログイン]
[ADMIN] 19:25:46.994456 シナリオ走行を開始しました [シナリオ名: ログイン]
[ADMIN] 19:25:47.002461 シナリオ走行を終了しました [シナリオ名: 新規ユーザー登録]
[ADMIN] 19:25:47.002475 シナリオ走行を開始しました [シナリオ名: 新規ユーザー登録]
[ADMIN] 19:25:47.043511 シナリオ走行を終了しました [シナリオ名: 新規ユーザー登録]
[ADMIN] 19:25:47.043532 シナリオ走行を開始しました [シナリオ名: 新規ユーザー登録]
[ADMIN] 19:25:47.049816 シナリオ走行を終了しました [シナリオ名: ログイン]
[ADMIN] 19:25:47.049827 シナリオ走行を開始しました [シナリオ名: ログイン]
[ADMIN] 19:25:47.071027 シナリオ走行を終了しました [シナリオ名: 新規ユーザー登録]
[ADMIN] 19:25:47.071052 シナリオ走行を開始しました [シナリオ名: 新規ユーザー登録]
[ADMIN] 19:25:47.080079 シナリオ走行を終了しました [シナリオ名: ログイン]
[ADMIN] 19:25:47.080088 シナリオ走行を開始しました [シナリオ名: ログイン]
[ADMIN] 19:25:47.099102 シナリオ走行を終了しました [シナリオ名: ログイン]
[ADMIN] 19:25:47.099111 シナリオ走行を開始しました [シナリオ名: ログイン]
[ADMIN] 19:25:47.160995 シナリオ走行を終了しました [シナリオ名: 新規ユーザー登録]
[ADMIN] 19:25:47.161015 シナリオ走行を開始しました [シナリオ名: 新規ユーザー登録]
[ADMIN] 19:25:47.199824 シナリオ走行を終了しました [シナリオ名: ログイン]
[ADMIN] 19:25:47.199835 シナリオ走行を開始しました [シナリオ名: ログイン]
[ADMIN] 19:25:47.226392 シナリオ走行を終了しました [シナリオ名: ログイン]
[ADMIN] 19:25:47.226406 シナリオ走行を開始しました [シナリオ名: ログイン]
[ADMIN] 19:25:47.253239 シナリオ走行を終了しました [シナリオ名: Banユーザログイン]
[ADMIN] 19:25:47.253256 シナリオ走行を開始しました [シナリオ名: Banユーザログイン]
[ADMIN] 19:25:47.255704 シナリオ走行を終了しました [シナリオ名: Banユーザログイン]
[ADMIN] 19:25:47.255719 シナリオ走行を開始しました [シナリオ名: Banユーザログイン]
[ADMIN] 19:25:47.260995 シナリオ走行を終了しました [シナリオ名: Banユーザログイン]
[ADMIN] 19:25:47.261009 シナリオ走行を開始しました [シナリオ名: Banユーザログイン]
[ADMIN] 19:25:47.265581 シナリオ走行を終了しました [シナリオ名: Banユーザログイン]
[ADMIN] 19:25:47.265592 シナリオ走行を開始しました [シナリオ名: Banユーザログイン]
[ADMIN] 19:25:47.302912 シナリオ走行を終了しました [シナリオ名: ログイン]
[ADMIN] 19:25:47.302924 シナリオ走行を開始しました [シナリオ名: ログイン]
[ADMIN] 19:25:47.369823 シナリオ走行を終了しました [シナリオ名: ログイン]
[ADMIN] 19:25:47.369836 シナリオ走行を開始しました [シナリオ名: ログイン]
[ADMIN] 19:25:47.379654 シナリオ走行を終了しました [シナリオ名: ログイン]
[ADMIN] 19:25:47.379667 シナリオ走行を開始しました [シナリオ名: ログイン]
[ADMIN] 19:25:47.449221 シナリオ走行を終了しました [シナリオ名: ログイン]
[ADMIN] 19:25:47.449234 シナリオ走行を開始しました [シナリオ名: ログイン]
[ADMIN] 19:25:47.458839 シナリオ走行を終了しました [シナリオ名: ログイン]
[ADMIN] 19:25:47.458849 シナリオ走行を開始しました [シナリオ名: ログイン]
[ADMIN] 19:25:47.479672 シナリオ走行を終了しました [シナリオ名: ログイン]
[ADMIN] 19:25:47.479684 シナリオ走行を開始しました [シナリオ名: ログイン]
[ADMIN] 19:25:47.489626 シナリオ走行を終了しました [シナリオ名: ログイン]
[ADMIN] 19:25:47.489638 シナリオ走行を開始しました [シナリオ名: ログイン]
[ADMIN] 19:25:47.538501 シナリオ走行を終了しました [シナリオ名: 新規ユーザー登録]
[ADMIN] 19:25:47.538525 シナリオ走行を開始しました [シナリオ名: 新規ユーザー登録]
[ADMIN] 19:25:47.631510 シナリオ走行を終了しました [シナリオ名: ログイン]
[ADMIN] 19:25:47.631525 シナリオ走行を開始しました [シナリオ名: ログイン]
[ADMIN] 19:25:47.642710 シナリオ走行を終了しました [シナリオ名: ログイン]
[ADMIN] 19:25:47.642721 シナリオ走行を開始しました [シナリオ名: ログイン]
[ADMIN] 19:25:47.684876 シナリオ走行を終了しました [シナリオ名: ログイン]
[ADMIN] 19:25:47.684888 シナリオ走行を開始しました [シナリオ名: ログイン]
[ADMIN] 19:25:47.685349 シナリオ走行を終了しました [シナリオ名: ログイン]
[ADMIN] 19:25:47.685358 シナリオ走行を開始しました [シナリオ名: ログイン]
[ADMIN] 19:25:47.721611 シナリオ走行を終了しました [シナリオ名: 新規ユーザー登録]
[ADMIN] 19:25:47.721633 シナリオ走行を開始しました [シナリオ名: 新規ユーザー登録]
[ADMIN] 19:25:47.756218 シナリオ走行を終了しました [シナリオ名: Banユーザログイン]
[ADMIN] 19:25:47.756244 シナリオ走行を開始しました [シナリオ名: Banユーザログイン]
[ADMIN] 19:25:47.757646 シナリオ走行を終了しました [シナリオ名: Banユーザログイン]
[ADMIN] 19:25:47.757659 シナリオ走行を開始しました [シナリオ名: Banユーザログイン]
[ADMIN] 19:25:47.762836 シナリオ走行を終了しました [シナリオ名: Banユーザログイン]
[ADMIN] 19:25:47.762846 シナリオ走行を開始しました [シナリオ名: Banユーザログイン]
[ADMIN] 19:25:47.762945 シナリオ走行を終了しました [シナリオ名: ログイン]
[ADMIN] 19:25:47.762960 シナリオ走行を開始しました [シナリオ名: ログイン]
[ADMIN] 19:25:47.767364 シナリオ走行を終了しました [シナリオ名: Banユーザログイン]
[ADMIN] 19:25:47.767378 シナリオ走行を開始しました [シナリオ名: Banユーザログイン]
[ADMIN] 19:25:47.795583 シナリオ走行を終了しました [シナリオ名: 新規ユーザー登録]
[ADMIN] 19:25:47.795606 シナリオ走行を開始しました [シナリオ名: 新規ユーザー登録]
[ADMIN] 19:25:47.902248 シナリオ走行を終了しました [シナリオ名: ログイン]
[ADMIN] 19:25:47.902264 シナリオ走行を開始しました [シナリオ名: ログイン]
[ADMIN] 19:25:47.965307 シナリオ走行を終了しました [シナリオ名: ログイン]
[ADMIN] 19:25:47.965321 シナリオ走行を開始しました [シナリオ名: ログイン]
[ADMIN] 19:25:47.968424 シナリオ走行を終了しました [シナリオ名: ログイン]
[ADMIN] 19:25:47.968434 シナリオ走行を開始しました [シナリオ名: ログイン]
[ADMIN] 19:25:48.031731 シナリオ走行を終了しました [シナリオ名: ログイン]
[ADMIN] 19:25:48.031752 シナリオ走行を開始しました [シナリオ名: ログイン]
[ADMIN] 19:25:48.121115 シナリオ走行を終了しました [シナリオ名: ログイン]
[ADMIN] 19:25:48.121129 シナリオ走行を開始しました [シナリオ名: ログイン]
[ADMIN] 19:25:48.129130 シナリオ走行を終了しました [シナリオ名: 新規ユーザー登録]
[ADMIN] 19:25:48.129151 シナリオ走行を開始しました [シナリオ名: 新規ユーザー登録]
[ADMIN] 19:25:48.137880 シナリオ走行を終了しました [シナリオ名: 新規ユーザー登録]
[ADMIN] 19:25:48.137895 シナリオ走行を開始しました [シナリオ名: 新規ユーザー登録]
[ADMIN] 19:25:48.174424 シナリオ走行を終了しました [シナリオ名: ログイン]
[ADMIN] 19:25:48.174435 シナリオ走行を開始しました [シナリオ名: ログイン]
[ADMIN] 19:25:48.181729 シナリオ走行を終了しました [シナリオ名: ログイン]
[ADMIN] 19:25:48.181739 シナリオ走行を開始しました [シナリオ名: ログイン]
[ADMIN] 19:25:48.183998 シナリオ走行を終了しました [シナリオ名: 新規ユーザー登録]
[ADMIN] 19:25:48.184010 シナリオ走行を開始しました [シナリオ名: 新規ユーザー登録]
[ADMIN] 19:25:48.241245 シナリオ走行を終了しました [シナリオ名: ログイン]
[ADMIN] 19:25:48.241255 シナリオ走行を開始しました [シナリオ名: ログイン]
[ADMIN] 19:25:48.251880 シナリオ走行を終了しました [シナリオ名: 新規ユーザー登録]
[ADMIN] 19:25:48.251897 シナリオ走行を開始しました [シナリオ名: 新規ユーザー登録]
[ADMIN] 19:25:48.260401 シナリオ走行を終了しました [シナリオ名: Banユーザログイン]
[ADMIN] 19:25:48.260419 シナリオ走行を開始しました [シナリオ名: Banユーザログイン]
[ADMIN] 19:25:48.262154 シナリオ走行を終了しました [シナリオ名: Banユーザログイン]
[ADMIN] 19:25:48.262167 シナリオ走行を開始しました [シナリオ名: Banユーザログイン]
[ADMIN] 19:25:48.263155 シナリオ走行を終了しました [シナリオ名: ログイン]
[ADMIN] 19:25:48.263164 シナリオ走行を開始しました [シナリオ名: ログイン]
[ADMIN] 19:25:48.268883 シナリオ走行を終了しました [シナリオ名: Banユーザログイン]
[ADMIN] 19:25:48.268896 シナリオ走行を開始しました [シナリオ名: Banユーザログイン]
[ADMIN] 19:25:48.277771 シナリオ走行を終了しました [シナリオ名: Banユーザログイン]
[ADMIN] 19:25:48.277783 シナリオ走行を開始しました [シナリオ名: Banユーザログイン]
[ADMIN] 19:25:48.292645 シナリオ走行を終了しました [シナリオ名: ログイン]
[ADMIN] 19:25:48.292654 シナリオ走行を開始しました [シナリオ名: ログイン]
[ADMIN] 19:25:48.320068 シナリオ走行を終了しました [シナリオ名: ログイン]
[ADMIN] 19:25:48.320080 シナリオ走行を開始しました [シナリオ名: ログイン]
[ADMIN] 19:25:48.351670 シナリオ走行を終了しました [シナリオ名: 新規ユーザー登録]
[ADMIN] 19:25:48.351692 シナリオ走行を開始しました [シナリオ名: 新規ユーザー登録]
[ADMIN] 19:25:48.362450 シナリオ走行を終了しました [シナリオ名: ログイン]
[ADMIN] 19:25:48.362460 シナリオ走行を開始しました [シナリオ名: ログイン]
[ADMIN] 19:25:48.385864 シナリオ走行を終了しました [シナリオ名: 新規ユーザー登録]
[ADMIN] 19:25:48.385886 シナリオ走行を開始しました [シナリオ名: 新規ユーザー登録]
[ADMIN] 19:25:48.412299 シナリオ走行を終了しました [シナリオ名: ログイン]
[ADMIN] 19:25:48.412310 シナリオ走行を開始しました [シナリオ名: ログイン]
[ADMIN] 19:25:48.447288 シナリオ走行を終了しました [シナリオ名: ログイン]
[ADMIN] 19:25:48.447305 シナリオ走行を開始しました [シナリオ名: ログイン]
[ADMIN] 19:25:48.453625 シナリオ走行を終了しました [シナリオ名: ログイン]
[ADMIN] 19:25:48.453637 シナリオ走行を開始しました [シナリオ名: ログイン]
[ADMIN] 19:25:48.495121 シナリオ走行を終了しました [シナリオ名: ログイン]
[ADMIN] 19:25:48.495138 シナリオ走行を開始しました [シナリオ名: ログイン]
[ADMIN] 19:25:48.499124 シナリオ走行を終了しました [シナリオ名: ログイン]
[ADMIN] 19:25:48.499135 シナリオ走行を開始しました [シナリオ名: ログイン]
[ADMIN] 19:25:48.501445 シナリオ走行を終了しました [シナリオ名: 新規ユーザー登録]
[ADMIN] 19:25:48.501459 シナリオ走行を開始しました [シナリオ名: 新規ユーザー登録]
[ADMIN] 19:25:48.541448 シナリオ走行を終了しました [シナリオ名: 新規ユーザー登録]
[ADMIN] 19:25:48.541472 シナリオ走行を開始しました [シナリオ名: 新規ユーザー登録]
[ADMIN] 19:25:48.581157 シナリオ走行を終了しました [シナリオ名: ログイン]
[ADMIN] 19:25:48.581174 シナリオ走行を開始しました [シナリオ名: ログイン]
[ADMIN] 19:25:48.624001 シナリオ走行を終了しました [シナリオ名: ログイン]
[ADMIN] 19:25:48.624014 シナリオ走行を開始しました [シナリオ名: ログイン]
[ADMIN] 19:25:48.673592 シナリオ走行を終了しました [シナリオ名: ログイン]
[ADMIN] 19:25:48.673605 シナリオ走行を開始しました [シナリオ名: ログイン]
[ADMIN] 19:25:48.673834 シナリオ走行を終了しました [シナリオ名: 新規ユーザー登録]
[ADMIN] 19:25:48.673854 シナリオ走行を開始しました [シナリオ名: 新規ユーザー登録]
[ADMIN] 19:25:48.675518 シナリオ走行を終了しました [シナリオ名: ログイン]
[ADMIN] 19:25:48.675527 シナリオ走行を開始しました [シナリオ名: ログイン]
[ADMIN] 19:25:48.691471 シナリオ走行を終了しました [シナリオ名: ログイン]
[ADMIN] 19:25:48.691480 シナリオ走行を開始しました [シナリオ名: ログイン]
[ADMIN] 19:25:48.763063 シナリオ走行を終了しました [シナリオ名: Banユーザログイン]
[ADMIN] 19:25:48.763082 シナリオ走行を開始しました [シナリオ名: Banユーザログイン]
[ADMIN] 19:25:48.771529 シナリオ走行を終了しました [シナリオ名: Banユーザログイン]
[ADMIN] 19:25:48.771546 シナリオ走行を開始しました [シナリオ名: Banユーザログイン]
[ADMIN] 19:25:48.774967 シナリオ走行を終了しました [シナリオ名: Banユーザログイン]
[ADMIN] 19:25:48.774979 シナリオ走行を開始しました [シナリオ名: Banユーザログイン]
[ADMIN] 19:25:48.779309 シナリオ走行を終了しました [シナリオ名: Banユーザログイン]
[ADMIN] 19:25:48.779324 シナリオ走行を開始しました [シナリオ名: Banユーザログイン]
[ADMIN] 19:25:48.783769 シナリオ走行を終了しました [シナリオ名: 新規ユーザー登録]
[ADMIN] 19:25:48.783787 シナリオ走行を開始しました [シナリオ名: 新規ユーザー登録]
[ADMIN] 19:25:48.786470 シナリオ走行を終了しました [シナリオ名: 新規ユーザー登録]
[ADMIN] 19:25:48.786482 シナリオ走行を開始しました [シナリオ名: 新規ユーザー登録]
[ADMIN] 19:25:48.796647 シナリオ走行を終了しました [シナリオ名: ログイン]
[ADMIN] 19:25:48.796656 シナリオ走行を開始しました [シナリオ名: ログイン]
[ADMIN] 19:25:48.942899 シナリオ走行を終了しました [シナリオ名: ログイン]
[ADMIN] 19:25:48.942911 シナリオ走行を開始しました [シナリオ名: ログイン]
[ADMIN] 19:25:49.061583 シナリオ走行を終了しました [シナリオ名: 新規ユーザー登録]
[ADMIN] 19:25:49.061611 シナリオ走行を開始しました [シナリオ名: 新規ユーザー登録]
[ADMIN] 19:25:49.116866 シナリオ走行を終了しました [シナリオ名: ログイン]
[ADMIN] 19:25:49.116886 シナリオ走行を開始しました [シナリオ名: ログイン]
[ADMIN] 19:25:49.133868 シナリオ走行を終了しました [シナリオ名: 新規ユーザー登録]
[ADMIN] 19:25:49.133893 シナリオ走行を開始しました [シナリオ名: 新規ユーザー登録]
[ADMIN] 19:25:49.138906 シナリオ走行を終了しました [シナリオ名: ログイン]
[ADMIN] 19:25:49.138914 シナリオ走行を開始しました [シナリオ名: ログイン]
[ADMIN] 19:25:49.175219 シナリオ走行を終了しました [シナリオ名: ログイン]
[ADMIN] 19:25:49.175233 シナリオ走行を開始しました [シナリオ名: ログイン]
[ADMIN] 19:25:49.208518 シナリオ走行を終了しました [シナリオ名: ログイン]
[ADMIN] 19:25:49.208531 シナリオ走行を開始しました [シナリオ名: ログイン]
[ADMIN] 19:25:49.221683 シナリオ走行を終了しました [シナリオ名: ログイン]
[ADMIN] 19:25:49.221695 シナリオ走行を開始しました [シナリオ名: ログイン]
[ADMIN] 19:25:49.255712 シナリオ走行を終了しました [シナリオ名: ログイン]
[ADMIN] 19:25:49.255724 シナリオ走行を開始しました [シナリオ名: ログイン]
[ADMIN] 19:25:49.283311 シナリオ走行を終了しました [シナリオ名: Banユーザログイン]
[ADMIN] 19:25:49.283327 シナリオ走行を開始しました [シナリオ名: Banユーザログイン]
[ADMIN] 19:25:49.286789 シナリオ走行を終了しました [シナリオ名: Banユーザログイン]
[ADMIN] 19:25:49.286803 シナリオ走行を開始しました [シナリオ名: Banユーザログイン]
[ADMIN] 19:25:49.301378 シナリオ走行を終了しました [シナリオ名: Banユーザログイン]
[ADMIN] 19:25:49.301392 シナリオ走行を開始しました [シナリオ名: Banユーザログイン]
[ADMIN] 19:25:49.316190 シナリオ走行を終了しました [シナリオ名: ログイン]
[ADMIN] 19:25:49.316202 シナリオ走行を開始しました [シナリオ名: ログイン]
[ADMIN] 19:25:49.369951 シナリオ走行を終了しました [シナリオ名: Banユーザログイン]
[ADMIN] 19:25:49.369970 シナリオ走行を開始しました [シナリオ名: Banユーザログイン]
[ADMIN] 19:25:49.374389 シナリオ走行を終了しました [シナリオ名: ログイン]
[ADMIN] 19:25:49.374400 シナリオ走行を開始しました [シナリオ名: ログイン]
[ADMIN] 19:25:49.377137 シナリオ走行を終了しました [シナリオ名: ログイン]
[ADMIN] 19:25:49.377148 シナリオ走行を開始しました [シナリオ名: ログイン]
[ADMIN] 19:25:49.445987 シナリオ走行を終了しました [シナリオ名: ログイン]
[ADMIN] 19:25:49.446004 シナリオ走行を開始しました [シナリオ名: ログイン]
[ADMIN] 19:25:49.448263 シナリオ走行を終了しました [シナリオ名: ログイン]
[ADMIN] 19:25:49.448274 シナリオ走行を開始しました [シナリオ名: ログイン]
[ADMIN] 19:25:49.491177 シナリオ走行を終了しました [シナリオ名: 新規ユーザー登録]
[ADMIN] 19:25:49.491199 シナリオ走行を開始しました [シナリオ名: 新規ユーザー登録]
[ADMIN] 19:25:49.523554 シナリオ走行を終了しました [シナリオ名: ログイン]
[ADMIN] 19:25:49.523568 シナリオ走行を開始しました [シナリオ名: ログイン]
[ADMIN] 19:25:49.532075 シナリオ走行を終了しました [シナリオ名: ログイン]
[ADMIN] 19:25:49.532086 シナリオ走行を開始しました [シナリオ名: ログイン]
[ADMIN] 19:25:49.570956 シナリオ走行を終了しました [シナリオ名: 新規ユーザー登録]
[ADMIN] 19:25:49.570979 シナリオ走行を開始しました [シナリオ名: 新規ユーザー登録]
[ADMIN] 19:25:49.592371 シナリオ走行を終了しました [シナリオ名: ログイン]
[ADMIN] 19:25:49.592383 シナリオ走行を開始しました [シナリオ名: ログイン]
[ADMIN] 19:25:49.606870 シナリオ走行を終了しました [シナリオ名: ログイン]
[ADMIN] 19:25:49.606881 シナリオ走行を開始しました [シナリオ名: ログイン]
[ADMIN] 19:25:49.611046 シナリオ走行を終了しました [シナリオ名: ログイン]
[ADMIN] 19:25:49.611054 シナリオ走行を開始しました [シナリオ名: ログイン]
[ADMIN] 19:25:49.617299 シナリオ走行を終了しました [シナリオ名: ログイン]
[ADMIN] 19:25:49.617309 シナリオ走行を開始しました [シナリオ名: ログイン]
[ADMIN] 19:25:49.643123 シナリオ走行を終了しました [シナリオ名: ログイン]
[ADMIN] 19:25:49.643133 シナリオ走行を開始しました [シナリオ名: ログイン]
[ADMIN] 19:25:49.764320 シナリオ走行を終了しました [シナリオ名: 新規ユーザー登録]
[ADMIN] 19:25:49.764340 シナリオ走行を開始しました [シナリオ名: 新規ユーザー登録]
[ADMIN] 19:25:49.773771 シナリオ走行を終了しました [シナリオ名: 新規ユーザー登録]
[ADMIN] 19:25:49.773792 シナリオ走行を開始しました [シナリオ名: 新規ユーザー登録]
[ADMIN] 19:25:49.787046 シナリオ走行を終了しました [シナリオ名: Banユーザログイン]
[ADMIN] 19:25:49.787063 シナリオ走行を開始しました [シナリオ名: Banユーザログイン]
[ADMIN] 19:25:49.788455 シナリオ走行を終了しました [シナリオ名: Banユーザログイン]
[ADMIN] 19:25:49.788468 シナリオ走行を開始しました [シナリオ名: Banユーザログイン]
[ADMIN] 19:25:49.801075 シナリオ走行を終了しました [シナリオ名: ログイン]
[ADMIN] 19:25:49.801085 シナリオ走行を開始しました [シナリオ名: ログイン]
[ADMIN] 19:25:49.803538 シナリオ走行を終了しました [シナリオ名: ログイン]
[ADMIN] 19:25:49.803548 シナリオ走行を開始しました [シナリオ名: ログイン]
[ADMIN] 19:25:49.804924 シナリオ走行を終了しました [シナリオ名: Banユーザログイン]
[ADMIN] 19:25:49.804937 シナリオ走行を開始しました [シナリオ名: Banユーザログイン]
[ADMIN] 19:25:49.873294 シナリオ走行を終了しました [シナリオ名: Banユーザログイン]
[ADMIN] 19:25:49.873310 シナリオ走行を開始しました [シナリオ名: Banユーザログイン]
[ADMIN] 19:25:49.883746 シナリオ走行を終了しました [シナリオ名: 新規ユーザー登録]
[ADMIN] 19:25:49.883765 シナリオ走行を開始しました [シナリオ名: 新規ユーザー登録]
[ADMIN] 19:25:49.935334 シナリオ走行を終了しました [シナリオ名: ログイン]
[ADMIN] 19:25:49.935347 シナリオ走行を開始しました [シナリオ名: ログイン]
[ADMIN] 19:25:49.986054 シナリオ走行を終了しました [シナリオ名: 新規ユーザー登録]
[ADMIN] 19:25:49.986081 シナリオ走行を開始しました [シナリオ名: 新規ユーザー登録]
[ADMIN] 19:25:49.999094 シナリオ走行を終了しました [シナリオ名: 新規ユーザー登録]
[ADMIN] 19:25:49.999112 シナリオ走行を開始しました [シナリオ名: 新規ユーザー登録]
[ADMIN] 19:25:50.002665 シナリオ走行を終了しました [シナリオ名: 新規ユーザー登録]
[ADMIN] 19:25:50.002681 シナリオ走行を開始しました [シナリオ名: 新規ユーザー登録]
[ADMIN] 19:25:50.003623 シナリオ走行を終了しました [シナリオ名: ログイン]
[ADMIN] 19:25:50.003633 シナリオ走行を開始しました [シナリオ名: ログイン]
[ADMIN] 19:25:50.044575 シナリオ走行を終了しました [シナリオ名: ログイン]
[ADMIN] 19:25:50.044588 シナリオ走行を開始しました [シナリオ名: ログイン]
[ADMIN] 19:25:50.050922 シナリオ走行を終了しました [シナリオ名: ログイン]
[ADMIN] 19:25:50.050936 シナリオ走行を開始しました [シナリオ名: ログイン]
[ADMIN] 19:25:50.052401 シナリオ走行を終了しました [シナリオ名: ログイン]
[ADMIN] 19:25:50.052411 シナリオ走行を開始しました [シナリオ名: ログイン]
[ADMIN] 19:25:50.094140 シナリオ走行を終了しました [シナリオ名: ログイン]
[ADMIN] 19:25:50.094153 シナリオ走行を開始しました [シナリオ名: ログイン]
[ADMIN] 19:25:50.134394 シナリオ走行を終了しました [シナリオ名: 新規ユーザー登録]
[ADMIN] 19:25:50.134415 シナリオ走行を開始しました [シナリオ名: 新規ユーザー登録]
[ADMIN] 19:25:50.144793 シナリオ走行を終了しました [シナリオ名: ログイン]
[ADMIN] 19:25:50.144805 シナリオ走行を開始しました [シナリオ名: ログイン]
[ADMIN] 19:25:50.151003 シナリオ走行を終了しました [シナリオ名: ログイン]
[ADMIN] 19:25:50.151013 シナリオ走行を開始しました [シナリオ名: ログイン]
[ADMIN] 19:25:50.157398 シナリオ走行を終了しました [シナリオ名: 新規ユーザー登録]
[ADMIN] 19:25:50.157417 シナリオ走行を開始しました [シナリオ名: 新規ユーザー登録]
[ADMIN] 19:25:50.161552 シナリオ走行を終了しました [シナリオ名: ログイン]
[ADMIN] 19:25:50.161564 シナリオ走行を開始しました [シナリオ名: ログイン]
[ADMIN] 19:25:50.207609 シナリオ走行を終了しました [シナリオ名: ログイン]
[ADMIN] 19:25:50.207624 シナリオ走行を開始しました [シナリオ名: ログイン]
[ADMIN] 19:25:50.238590 シナリオ走行を終了しました [シナリオ名: 新規ユーザー登録]
[ADMIN] 19:25:50.238631 シナリオ走行を開始しました [シナリオ名: 新規ユーザー登録]
[ADMIN] 19:25:50.260969 シナリオ走行を終了しました [シナリオ名: ログイン]
[ADMIN] 19:25:50.260984 シナリオ走行を開始しました [シナリオ名: ログイン]
[ADMIN] 19:25:50.264997 シナリオ走行を終了しました [シナリオ名: 新規ユーザー登録]
[ADMIN] 19:25:50.265020 シナリオ走行を開始しました [シナリオ名: 新規ユーザー登録]
[ADMIN] 19:25:50.292663 シナリオ走行を終了しました [シナリオ名: Banユーザログイン]
[ADMIN] 19:25:50.292684 シナリオ走行を開始しました [シナリオ名: Banユーザログイン]
[ADMIN] 19:25:50.293061 シナリオ走行を終了しました [シナリオ名: Banユーザログイン]
[ADMIN] 19:25:50.293076 シナリオ走行を開始しました [シナリオ名: Banユーザログイン]
[ADMIN] 19:25:50.308276 シナリオ走行を終了しました [シナリオ名: Banユーザログイン]
[ADMIN] 19:25:50.308292 シナリオ走行を開始しました [シナリオ名: Banユーザログイン]
[ADMIN] 19:25:50.350795 シナリオ走行を終了しました [シナリオ名: ログイン]
[ADMIN] 19:25:50.350805 シナリオ走行を開始しました [シナリオ名: ログイン]
[ADMIN] 19:25:50.375534 シナリオ走行を終了しました [シナリオ名: Banユーザログイン]
[ADMIN] 19:25:50.375548 シナリオ走行を開始しました [シナリオ名: Banユーザログイン]
[ADMIN] 19:25:50.396906 シナリオ走行を終了しました [シナリオ名: ログイン]
[ADMIN] 19:25:50.396918 シナリオ走行を開始しました [シナリオ名: ログイン]
[ADMIN] 19:25:50.451374 シナリオ走行を終了しました [シナリオ名: ログイン]
[ADMIN] 19:25:50.451386 シナリオ走行を開始しました [シナリオ名: ログイン]
[ADMIN] 19:25:50.678427 シナリオ走行を終了しました [シナリオ名: ログイン]
[ADMIN] 19:25:50.678440 シナリオ走行を開始しました [シナリオ名: ログイン]
[ADMIN] 19:25:50.708201 シナリオ走行を終了しました [シナリオ名: ログイン]
[ADMIN] 19:25:50.708215 シナリオ走行を開始しました [シナリオ名: ログイン]
[ADMIN] 19:25:50.727001 シナリオ走行を終了しました [シナリオ名: 新規ユーザー登録]
[ADMIN] 19:25:50.727026 シナリオ走行を開始しました [シナリオ名: 新規ユーザー登録]
[ADMIN] 19:25:50.785118 シナリオ走行を終了しました [シナリオ名: ログイン]
[ADMIN] 19:25:50.785132 シナリオ走行を開始しました [シナリオ名: ログイン]
[ADMIN] 19:25:50.797504 シナリオ走行を終了しました [シナリオ名: Banユーザログイン]
[ADMIN] 19:25:50.797521 シナリオ走行を開始しました [シナリオ名: Banユーザログイン]
[ADMIN] 19:25:50.797525 シナリオ走行を終了しました [シナリオ名: Banユーザログイン]
[ADMIN] 19:25:50.797543 シナリオ走行を開始しました [シナリオ名: Banユーザログイン]
[ADMIN] 19:25:50.810296 シナリオ走行を終了しました [シナリオ名: Banユーザログイン]
[ADMIN] 19:25:50.810326 シナリオ走行を開始しました [シナリオ名: Banユーザログイン]
[ADMIN] 19:25:50.828843 シナリオ走行を終了しました [シナリオ名: ログイン]
[ADMIN] 19:25:50.828859 シナリオ走行を開始しました [シナリオ名: ログイン]
[ADMIN] 19:25:50.842885 シナリオ走行を終了しました [シナリオ名: ログイン]
[ADMIN] 19:25:50.842899 シナリオ走行を開始しました [シナリオ名: ログイン]
[ADMIN] 19:25:50.877786 シナリオ走行を終了しました [シナリオ名: Banユーザログイン]
[ADMIN] 19:25:50.877802 シナリオ走行を開始しました [シナリオ名: Banユーザログイン]
[ADMIN] 19:25:50.924254 シナリオ走行を終了しました [シナリオ名: ログイン]
[ADMIN] 19:25:50.924267 シナリオ走行を開始しました [シナリオ名: ログイン]
[ADMIN] 19:25:50.939477 シナリオ走行を終了しました [シナリオ名: 新規ユーザー登録]
[ADMIN] 19:25:50.939502 シナリオ走行を開始しました [シナリオ名: 新規ユーザー登録]
[ADMIN] 19:25:50.980978 シナリオ走行を終了しました [シナリオ名: ログイン]
[ADMIN] 19:25:50.980993 シナリオ走行を開始しました [シナリオ名: ログイン]
[ADMIN] 19:25:50.989678 シナリオ走行を終了しました [シナリオ名: ログイン]
[ADMIN] 19:25:50.989688 シナリオ走行を開始しました [シナリオ名: ログイン]
[ADMIN] 19:25:50.997492 シナリオ走行を終了しました [シナリオ名: ログイン]
[ADMIN] 19:25:50.997504 シナリオ走行を開始しました [シナリオ名: ログイン]
[ADMIN] 19:25:51.024300 シナリオ走行を終了しました [シナリオ名: 新規ユーザー登録]
[ADMIN] 19:25:51.024320 シナリオ走行を開始しました [シナリオ名: 新規ユーザー登録]
[ADMIN] 19:25:51.035365 シナリオ走行を終了しました [シナリオ名: ログイン]
[ADMIN] 19:25:51.035376 シナリオ走行を開始しました [シナリオ名: ログイン]
[ADMIN] 19:25:51.046001 シナリオ走行を終了しました [シナリオ名: ログイン]
[ADMIN] 19:25:51.046012 シナリオ走行を開始しました [シナリオ名: ログイン]
[ADMIN] 19:25:51.063393 シナリオ走行を終了しました [シナリオ名: ログイン]
[ADMIN] 19:25:51.063406 シナリオ走行を開始しました [シナリオ名: ログイン]
[ADMIN] 19:25:51.158935 シナリオ走行を終了しました [シナリオ名: 新規ユーザー登録]
[ADMIN] 19:25:51.158959 シナリオ走行を開始しました [シナリオ名: 新規ユーザー登録]
[ADMIN] 19:25:51.170259 シナリオ走行を終了しました [シナリオ名: ログイン]
[ADMIN] 19:25:51.170271 シナリオ走行を開始しました [シナリオ名: ログイン]
[ADMIN] 19:25:51.176649 シナリオ走行を終了しました [シナリオ名: ログイン]
[ADMIN] 19:25:51.176666 シナリオ走行を開始しました [シナリオ名: ログイン]
[ADMIN] 19:25:51.184360 シナリオ走行を終了しました [シナリオ名: ログイン]
[ADMIN] 19:25:51.184370 シナリオ走行を開始しました [シナリオ名: ログイン]
[ADMIN] 19:25:51.206708 シナリオ走行を終了しました [シナリオ名: ログイン]
[ADMIN] 19:25:51.206717 シナリオ走行を開始しました [シナリオ名: ログイン]
[ADMIN] 19:25:51.220593 シナリオ走行を終了しました [シナリオ名: ログイン]
[ADMIN] 19:25:51.220601 シナリオ走行を開始しました [シナリオ名: ログイン]
[ADMIN] 19:25:51.221194 シナリオ走行を終了しました [シナリオ名: ログイン]
[ADMIN] 19:25:51.221205 シナリオ走行を開始しました [シナリオ名: ログイン]
[ADMIN] 19:25:51.232419 シナリオ走行を終了しました [シナリオ名: ログイン]
[ADMIN] 19:25:51.232428 シナリオ走行を開始しました [シナリオ名: ログイン]
[ADMIN] 19:25:51.239686 シナリオ走行を終了しました [シナリオ名: ログイン]
[ADMIN] 19:25:51.239694 シナリオ走行を開始しました [シナリオ名: ログイン]
[ADMIN] 19:25:51.281625 シナリオ走行を終了しました [シナリオ名: ログイン]
[ADMIN] 19:25:51.281635 シナリオ走行を開始しました [シナリオ名: ログイン]
[ADMIN] 19:25:51.301874 シナリオ走行を終了しました [シナリオ名: Banユーザログイン]
[ADMIN] 19:25:51.301885 シナリオ走行を開始しました [シナリオ名: Banユーザログイン]
[ADMIN] 19:25:51.301973 シナリオ走行を終了しました [シナリオ名: Banユーザログイン]
[ADMIN] 19:25:51.302018 シナリオ走行を開始しました [シナリオ名: Banユーザログイン]
[ADMIN] 19:25:51.312958 シナリオ走行を終了しました [シナリオ名: Banユーザログイン]
[ADMIN] 19:25:51.312972 シナリオ走行を開始しました [シナリオ名: Banユーザログイン]
[ADMIN] 19:25:51.330536 シナリオ走行を終了しました [シナリオ名: 新規ユーザー登録]
[ADMIN] 19:25:51.330553 シナリオ走行を開始しました [シナリオ名: 新規ユーザー登録]
[ADMIN] 19:25:51.334370 シナリオ走行を終了しました [シナリオ名: 新規ユーザー登録]
[ADMIN] 19:25:51.334385 シナリオ走行を開始しました [シナリオ名: 新規ユーザー登録]
[ADMIN] 19:25:51.380431 シナリオ走行を終了しました [シナリオ名: Banユーザログイン]
[ADMIN] 19:25:51.380445 シナリオ走行を開始しました [シナリオ名: Banユーザログイン]
[ADMIN] 19:25:51.404982 シナリオ走行を終了しました [シナリオ名: 新規ユーザー登録]
[ADMIN] 19:25:51.405002 シナリオ走行を開始しました [シナリオ名: 新規ユーザー登録]
[ADMIN] 19:25:51.469903 シナリオ走行を終了しました [シナリオ名: ログイン]
[ADMIN] 19:25:51.469914 シナリオ走行を開始しました [シナリオ名: ログイン]
[ADMIN] 19:25:51.515925 シナリオ走行を終了しました [シナリオ名: ログイン]
[ADMIN] 19:25:51.515938 シナリオ走行を開始しました [シナリオ名: ログイン]
[ADMIN] 19:25:51.569159 シナリオ走行を終了しました [シナリオ名: 新規ユーザー登録]
[ADMIN] 19:25:51.569192 シナリオ走行を開始しました [シナリオ名: 新規ユーザー登録]
[ADMIN] 19:25:51.579963 シナリオ走行を終了しました [シナリオ名: ログイン]
[ADMIN] 19:25:51.579973 シナリオ走行を開始しました [シナリオ名: ログイン]
[ADMIN] 19:25:51.583773 シナリオ走行を終了しました [シナリオ名: 新規ユーザー登録]
[ADMIN] 19:25:51.583789 シナリオ走行を開始しました [シナリオ名: 新規ユーザー登録]
[ADMIN] 19:25:51.586062 シナリオ走行を終了しました [シナリオ名: ログイン]
[ADMIN] 19:25:51.586070 シナリオ走行を開始しました [シナリオ名: ログイン]
[ADMIN] 19:25:51.624726 シナリオ走行を終了しました [シナリオ名: 新規ユーザー登録]
[ADMIN] 19:25:51.624746 シナリオ走行を開始しました [シナリオ名: 新規ユーザー登録]
[ADMIN] 19:25:51.684558 シナリオ走行を終了しました [シナリオ名: 新規ユーザー登録]
[ADMIN] 19:25:51.684579 シナリオ走行を開始しました [シナリオ名: 新規ユーザー登録]
[ADMIN] 19:25:51.709586 シナリオ走行を終了しました [シナリオ名: 新規ユーザー登録]
[ADMIN] 19:25:51.709613 シナリオ走行を開始しました [シナリオ名: 新規ユーザー登録]
[ADMIN] 19:25:51.724753 シナリオ走行を終了しました [シナリオ名: ログイン]
[ADMIN] 19:25:51.724766 シナリオ走行を開始しました [シナリオ名: ログイン]
[ADMIN] 19:25:51.741101 シナリオ走行を終了しました [シナリオ名: ログイン]
[ADMIN] 19:25:51.741115 シナリオ走行を開始しました [シナリオ名: ログイン]
[ADMIN] 19:25:51.768475 シナリオ走行を終了しました [シナリオ名: ログイン]
[ADMIN] 19:25:51.768493 シナリオ走行を開始しました [シナリオ名: ログイン]
[ADMIN] 19:25:51.792881 シナリオ走行を終了しました [シナリオ名: 新規ユーザー登録]
[ADMIN] 19:25:51.792905 シナリオ走行を開始しました [シナリオ名: 新規ユーザー登録]
[ADMIN] 19:25:51.805127 シナリオ走行を終了しました [シナリオ名: Banユーザログイン]
[ADMIN] 19:25:51.805133 シナリオ走行を終了しました [シナリオ名: Banユーザログイン]
[ADMIN] 19:25:51.805143 シナリオ走行を開始しました [シナリオ名: Banユーザログイン]
[ADMIN] 19:25:51.805200 シナリオ走行を開始しました [シナリオ名: Banユーザログイン]
[ADMIN] 19:25:51.871127 シナリオ走行を終了しました [シナリオ名: Banユーザログイン]
[ADMIN] 19:25:51.871153 シナリオ走行を開始しました [シナリオ名: Banユーザログイン]
[ADMIN] 19:25:51.882481 シナリオ走行を終了しました [シナリオ名: Banユーザログイン]
[ADMIN] 19:25:51.882507 シナリオ走行を開始しました [シナリオ名: Banユーザログイン]
[ADMIN] 19:25:51.948545 シナリオ走行を終了しました [シナリオ名: ログイン]
[ADMIN] 19:25:51.948564 シナリオ走行を開始しました [シナリオ名: ログイン]
[ADMIN] 19:25:51.977964 シナリオ走行を終了しました [シナリオ名: ログイン]
[ADMIN] 19:25:51.977979 シナリオ走行を開始しました [シナリオ名: ログイン]
[ADMIN] 19:25:51.998443 シナリオ走行を終了しました [シナリオ名: ログイン]
[ADMIN] 19:25:51.998456 シナリオ走行を開始しました [シナリオ名: ログイン]
[ADMIN] 19:25:52.015644 シナリオ走行を終了しました [シナリオ名: ログイン]
[ADMIN] 19:25:52.015653 シナリオ走行を開始しました [シナリオ名: ログイン]
[ADMIN] 19:25:52.042690 シナリオ走行を終了しました [シナリオ名: ログイン]
[ADMIN] 19:25:52.042701 シナリオ走行を開始しました [シナリオ名: ログイン]
[ADMIN] 19:25:52.067528 シナリオ走行を終了しました [シナリオ名: ログイン]
[ADMIN] 19:25:52.067539 シナリオ走行を開始しました [シナリオ名: ログイン]
[ADMIN] 19:25:52.164106 シナリオ走行を終了しました [シナリオ名: ログイン]
[ADMIN] 19:25:52.164118 シナリオ走行を開始しました [シナリオ名: ログイン]
[ADMIN] 19:25:52.198455 シナリオ走行を終了しました [シナリオ名: ログイン]
[ADMIN] 19:25:52.198467 シナリオ走行を開始しました [シナリオ名: ログイン]
[ADMIN] 19:25:52.216024 シナリオ走行を終了しました [シナリオ名: ログイン]
[ADMIN] 19:25:52.216033 シナリオ走行を開始しました [シナリオ名: ログイン]
[ADMIN] 19:25:52.216473 シナリオ走行を終了しました [シナリオ名: ログイン]
[ADMIN] 19:25:52.216481 シナリオ走行を開始しました [シナリオ名: ログイン]
[ADMIN] 19:25:52.242315 シナリオ走行を終了しました [シナリオ名: ログイン]
[ADMIN] 19:25:52.242325 シナリオ走行を開始しました [シナリオ名: ログイン]
[ADMIN] 19:25:52.257322 シナリオ走行を終了しました [シナリオ名: ログイン]
[ADMIN] 19:25:52.257331 シナリオ走行を開始しました [シナリオ名: ログイン]
[ADMIN] 19:25:52.275836 シナリオ走行を終了しました [シナリオ名: 新規ユーザー登録]
[ADMIN] 19:25:52.275854 シナリオ走行を開始しました [シナリオ名: 新規ユーザー登録]
[ADMIN] 19:25:52.308529 シナリオ走行を終了しました [シナリオ名: Banユーザログイン]
[ADMIN] 19:25:52.308541 シナリオ走行を開始しました [シナリオ名: Banユーザログイン]
[ADMIN] 19:25:52.308542 シナリオ走行を終了しました [シナリオ名: Banユーザログイン]
[ADMIN] 19:25:52.308557 シナリオ走行を開始しました [シナリオ名: Banユーザログイン]
[ADMIN] 19:25:52.360773 シナリオ走行を終了しました [シナリオ名: ログイン]
[ADMIN] 19:25:52.360786 シナリオ走行を開始しました [シナリオ名: ログイン]
[ADMIN] 19:25:52.373453 シナリオ走行を終了しました [シナリオ名: Banユーザログイン]
[ADMIN] 19:25:52.373470 シナリオ走行を開始しました [シナリオ名: Banユーザログイン]
[ADMIN] 19:25:52.384660 シナリオ走行を終了しました [シナリオ名: Banユーザログイン]
[ADMIN] 19:25:52.384676 シナリオ走行を開始しました [シナリオ名: Banユーザログイン]
[ADMIN] 19:25:52.398486 シナリオ走行を終了しました [シナリオ名: 新規ユーザー登録]
[ADMIN] 19:25:52.398506 シナリオ走行を開始しました [シナリオ名: 新規ユーザー登録]
[ADMIN] 19:25:52.430974 シナリオ走行を終了しました [シナリオ名: ログイン]
[ADMIN] 19:25:52.430986 シナリオ走行を開始しました [シナリオ名: ログイン]
[ADMIN] 19:25:52.455450 シナリオ走行を終了しました [シナリオ名: ログイン]
[ADMIN] 19:25:52.455465 シナリオ走行を開始しました [シナリオ名: ログイン]
[ADMIN] 19:25:52.512647 シナリオ走行を終了しました [シナリオ名: ログイン]
[ADMIN] 19:25:52.512667 シナリオ走行を開始しました [シナリオ名: ログイン]
[ADMIN] 19:25:52.517503 シナリオ走行を終了しました [シナリオ名: ログイン]
[ADMIN] 19:25:52.517513 シナリオ走行を開始しました [シナリオ名: ログイン]
[ADMIN] 19:25:52.564195 シナリオ走行を終了しました [シナリオ名: 新規ユーザー登録]
[ADMIN] 19:25:52.564219 シナリオ走行を開始しました [シナリオ名: 新規ユーザー登録]
[ADMIN] 19:25:52.566534 シナリオ走行を終了しました [シナリオ名: ログイン]
[ADMIN] 19:25:52.566545 シナリオ走行を開始しました [シナリオ名: ログイン]
[ADMIN] 19:25:52.568258 シナリオ走行を終了しました [シナリオ名: ログイン]
[ADMIN] 19:25:52.568267 シナリオ走行を開始しました [シナリオ名: ログイン]
[ADMIN] 19:25:52.647544 シナリオ走行を終了しました [シナリオ名: 新規ユーザー登録]
[ADMIN] 19:25:52.647571 シナリオ走行を開始しました [シナリオ名: 新規ユーザー登録]
[ADMIN] 19:25:52.674574 シナリオ走行を終了しました [シナリオ名: ログイン]
[ADMIN] 19:25:52.674589 シナリオ走行を開始しました [シナリオ名: ログイン]
[ADMIN] 19:25:52.724657 シナリオ走行を終了しました [シナリオ名: 新規ユーザー登録]
[ADMIN] 19:25:52.724681 シナリオ走行を開始しました [シナリオ名: 新規ユーザー登録]
[ADMIN] 19:25:52.763628 シナリオ走行を終了しました [シナリオ名: ログイン]
[ADMIN] 19:25:52.763643 シナリオ走行を開始しました [シナリオ名: ログイン]
[ADMIN] 19:25:52.811371 シナリオ走行を終了しました [シナリオ名: Banユーザログイン]
[ADMIN] 19:25:52.811387 シナリオ走行を終了しました [シナリオ名: Banユーザログイン]
[ADMIN] 19:25:52.811401 シナリオ走行を開始しました [シナリオ名: Banユーザログイン]
[ADMIN] 19:25:52.811387 シナリオ走行を開始しました [シナリオ名: Banユーザログイン]
[ADMIN] 19:25:52.854797 シナリオ走行を終了しました [シナリオ名: 新規ユーザー登録]
[ADMIN] 19:25:52.854823 シナリオ走行を開始しました [シナリオ名: 新規ユーザー登録]
[ADMIN] 19:25:52.864550 シナリオ走行を終了しました [シナリオ名: 新規ユーザー登録]
[ADMIN] 19:25:52.864573 シナリオ走行を開始しました [シナリオ名: 新規ユーザー登録]
[ADMIN] 19:25:52.877475 シナリオ走行を終了しました [シナリオ名: Banユーザログイン]
[ADMIN] 19:25:52.877494 シナリオ走行を開始しました [シナリオ名: Banユーザログイン]
[ADMIN] 19:25:52.888699 シナリオ走行を終了しました [シナリオ名: Banユーザログイン]
[ADMIN] 19:25:52.888713 シナリオ走行を開始しました [シナリオ名: Banユーザログイン]
[ADMIN] 19:25:52.902107 シナリオ走行を終了しました [シナリオ名: ログイン]
[ADMIN] 19:25:52.902118 シナリオ走行を開始しました [シナリオ名: ログイン]
[ADMIN] 19:25:52.909539 シナリオ走行を終了しました [シナリオ名: ログイン]
[ADMIN] 19:25:52.909547 シナリオ走行を開始しました [シナリオ名: ログイン]
[ADMIN] 19:25:52.912504 シナリオ走行を終了しました [シナリオ名: ログイン]
[ADMIN] 19:25:52.912513 シナリオ走行を開始しました [シナリオ名: ログイン]
[ADMIN] 19:25:52.938319 シナリオ走行を終了しました [シナリオ名: ログイン]
[ADMIN] 19:25:52.938328 シナリオ走行を開始しました [シナリオ名: ログイン]
[ADMIN] 19:25:52.986276 シナリオ走行を終了しました [シナリオ名: ログイン]
[ADMIN] 19:25:52.986287 シナリオ走行を開始しました [シナリオ名: ログイン]
[ADMIN] 19:25:53.000193 シナリオ走行を終了しました [シナリオ名: ログイン]
[ADMIN] 19:25:53.000205 シナリオ走行を開始しました [シナリオ名: ログイン]
[ADMIN] 19:25:53.024472 シナリオ走行を終了しました [シナリオ名: ログイン]
[ADMIN] 19:25:53.024486 シナリオ走行を開始しました [シナリオ名: ログイン]
[ADMIN] 19:25:53.037107 シナリオ走行を終了しました [シナリオ名: 新規ユーザー登録]
[ADMIN] 19:25:53.037124 シナリオ走行を開始しました [シナリオ名: 新規ユーザー登録]
19:25:53.055565 現在のログイン成功数: [total: 1316 (+679人)]
19:25:53.055572 現在のユーザー登録成功数: [total: 666 (+308人)]
[ADMIN] 19:25:53.058425 シナリオ走行を終了しました [シナリオ名: ログイン]
[ADMIN] 19:25:53.058435 シナリオ走行を開始しました [シナリオ名: ログイン]
[ADMIN] 19:25:53.063303 シナリオ走行を終了しました [シナリオ名: 新規ユーザー登録]
[ADMIN] 19:25:53.063323 シナリオ走行を開始しました [シナリオ名: 新規ユーザー登録]
[ADMIN] 19:25:53.117555 シナリオ走行を終了しました [シナリオ名: 新規ユーザー登録]
[ADMIN] 19:25:53.117576 シナリオ走行を開始しました [シナリオ名: 新規ユーザー登録]
[ADMIN] 19:25:53.197645 シナリオ走行を終了しました [シナリオ名: ログイン]
[ADMIN] 19:25:53.197674 シナリオ走行を開始しました [シナリオ名: ログイン]
[ADMIN] 19:25:53.197715 シナリオ走行を開始しました [シナリオ名: ログイン]
[ADMIN] 19:25:53.197727 シナリオ走行を開始しました [シナリオ名: ログイン]
[ADMIN] 19:25:53.197759 シナリオ走行を開始しました [シナリオ名: ログイン]
[ADMIN] 19:25:53.197829 シナリオ走行を開始しました [シナリオ名: ログイン]
[ADMIN] 19:25:53.197839 シナリオ走行を開始しました [シナリオ名: ログイン]
[ADMIN] 19:25:53.197863 シナリオ走行を開始しました [シナリオ名: ログイン]
[ADMIN] 19:25:53.197936 シナリオ走行を開始しました [シナリオ名: ログイン]
[ADMIN] 19:25:53.197943 シナリオ走行を開始しました [シナリオ名: ログイン]
[ADMIN] 19:25:53.197969 シナリオ走行を開始しました [シナリオ名: ログイン]
[ADMIN] 19:25:53.198038 シナリオ走行を開始しました [シナリオ名: ログイン]
[ADMIN] 19:25:53.198074 シナリオ走行を開始しました [シナリオ名: ログイン]
[ADMIN] 19:25:53.197941 シナリオ走行を開始しました [シナリオ名: ログイン]
[ADMIN] 19:25:53.197832 シナリオ走行を開始しました [シナリオ名: ログイン]
[ADMIN] 19:25:53.197834 シナリオ走行を開始しました [シナリオ名: ログイン]
[ADMIN] 19:25:53.197835 シナリオ走行を開始しました [シナリオ名: ログイン]
[ADMIN] 19:25:53.231386 シナリオ走行を終了しました [シナリオ名: ログイン]
[ADMIN] 19:25:53.231396 シナリオ走行を開始しました [シナリオ名: ログイン]
[ADMIN] 19:25:53.314995 シナリオ走行を終了しました [シナリオ名: Banユーザログイン]
[ADMIN] 19:25:53.315007 シナリオ走行を終了しました [シナリオ名: Banユーザログイン]
[ADMIN] 19:25:53.315011 シナリオ走行を開始しました [シナリオ名: Banユーザログイン]
[ADMIN] 19:25:53.315019 シナリオ走行を開始しました [シナリオ名: Banユーザログイン]
[ADMIN] 19:25:53.316937 シナリオ走行を終了しました [シナリオ名: 新規ユーザー登録]
[ADMIN] 19:25:53.316953 シナリオ走行を開始しました [シナリオ名: 新規ユーザー登録]
[ADMIN] 19:25:53.376876 シナリオ走行を終了しました [シナリオ名: ログイン]
[ADMIN] 19:25:53.380138 シナリオ走行を終了しました [シナリオ名: Banユーザログイン]
[ADMIN] 19:25:53.380160 シナリオ走行を開始しました [シナリオ名: Banユーザログイン]
[ADMIN] 19:25:53.390835 シナリオ走行を終了しました [シナリオ名: Banユーザログイン]
[ADMIN] 19:25:53.390854 シナリオ走行を開始しました [シナリオ名: Banユーザログイン]
[ADMIN] 19:25:53.406241 シナリオ走行を終了しました [シナリオ名: ログイン]
[ADMIN] 19:25:53.414091 シナリオ走行を終了しました [シナリオ名: ログイン]
[ADMIN] 19:25:53.441298 シナリオ走行を終了しました [シナリオ名: ログイン]
[ADMIN] 19:25:53.501778 シナリオ走行を終了しました [シナリオ名: ログイン]
[ADMIN] 19:25:53.514493 シナリオ走行を終了しました [シナリオ名: 新規ユーザー登録]
[ADMIN] 19:25:53.514533 シナリオ走行を開始しました [シナリオ名: 新規ユーザー登録]
[ADMIN] 19:25:53.514547 シナリオ走行を開始しました [シナリオ名: 新規ユーザー登録]
[ADMIN] 19:25:53.514597 シナリオ走行を開始しました [シナリオ名: 新規ユーザー登録]
[ADMIN] 19:25:53.514648 シナリオ走行を開始しました [シナリオ名: 新規ユーザー登録]
[ADMIN] 19:25:53.514690 シナリオ走行を開始しました [シナリオ名: 新規ユーザー登録]
[ADMIN] 19:25:53.514711 シナリオ走行を開始しました [シナリオ名: 新規ユーザー登録]
[ADMIN] 19:25:53.514768 シナリオ走行を開始しました [シナリオ名: 新規ユーザー登録]
[ADMIN] 19:25:53.514792 シナリオ走行を開始しました [シナリオ名: 新規ユーザー登録]
[ADMIN] 19:25:53.514816 シナリオ走行を開始しました [シナリオ名: 新規ユーザー登録]
[ADMIN] 19:25:53.548767 シナリオ走行を終了しました [シナリオ名: ログイン]
[ADMIN] 19:25:53.595417 シナリオ走行を終了しました [シナリオ名: 新規ユーザー登録]
[ADMIN] 19:25:53.665294 シナリオ走行を終了しました [シナリオ名: ログイン]
[ADMIN] 19:25:53.829683 シナリオ走行を終了しました [シナリオ名: Banユーザログイン]
[ADMIN] 19:25:53.829703 シナリオ走行を開始しました [シナリオ名: Banユーザログイン]
[ADMIN] 19:25:53.831151 シナリオ走行を終了しました [シナリオ名: Banユーザログイン]
[ADMIN] 19:25:53.831179 シナリオ走行を開始しました [シナリオ名: Banユーザログイン]
[ADMIN] 19:25:53.831193 シナリオ走行を開始しました [シナリオ名: Banユーザログイン]
[ADMIN] 19:25:53.831203 シナリオ走行を開始しました [シナリオ名: Banユーザログイン]
[ADMIN] 19:25:53.882924 シナリオ走行を終了しました [シナリオ名: Banユーザログイン]
[ADMIN] 19:25:53.894548 シナリオ走行を終了しました [シナリオ名: Banユーザログイン]
[ADMIN] 19:25:53.914186 シナリオ走行を終了しました [シナリオ名: ログイン]
[ADMIN] 19:25:53.918023 シナリオ走行を終了しました [シナリオ名: ログイン]
[ADMIN] 19:25:53.921684 シナリオ走行を終了しました [シナリオ名: ログイン]
[ADMIN] 19:25:53.921701 シナリオ走行を開始しました [シナリオ名: ログイン]
[ADMIN] 19:25:53.921744 シナリオ走行を開始しました [シナリオ名: ログイン]
[ADMIN] 19:25:53.921756 シナリオ走行を開始しました [シナリオ名: ログイン]
[ADMIN] 19:25:53.921807 シナリオ走行を開始しました [シナリオ名: ログイン]
[ADMIN] 19:25:53.921826 シナリオ走行を開始しました [シナリオ名: ログイン]
[ADMIN] 19:25:53.921820 シナリオ走行を開始しました [シナリオ名: ログイン]
[ADMIN] 19:25:53.921822 シナリオ走行を開始しました [シナリオ名: ログイン]
[ADMIN] 19:25:53.921851 シナリオ走行を開始しました [シナリオ名: ログイン]
[ADMIN] 19:25:53.921854 シナリオ走行を開始しました [シナリオ名: ログイン]
[ADMIN] 19:25:53.921860 シナリオ走行を開始しました [シナリオ名: ログイン]
[ADMIN] 19:25:53.965080 シナリオ走行を終了しました [シナリオ名: ログイン]
[ADMIN] 19:25:53.973059 シナリオ走行を終了しました [シナリオ名: ログイン]
[ADMIN] 19:25:53.973072 シナリオ走行を開始しました [シナリオ名: ログイン]
[ADMIN] 19:25:53.973128 シナリオ走行を開始しました [シナリオ名: ログイン]
[ADMIN] 19:25:54.036379 シナリオ走行を終了しました [シナリオ名: 新規ユーザー登録]
[ADMIN] 19:25:54.187389 シナリオ走行を終了しました [シナリオ名: ログイン]
[ADMIN] 19:25:54.337883 シナリオ走行を終了しました [シナリオ名: Banユーザログイン]
[ADMIN] 19:25:54.337902 シナリオ走行を開始しました [シナリオ名: Banユーザログイン]
[ADMIN] 19:25:54.337970 シナリオ走行を開始しました [シナリオ名: Banユーザログイン]
[ADMIN] 19:25:54.337991 シナリオ走行を開始しました [シナリオ名: Banユーザログイン]
[ADMIN] 19:25:54.338331 シナリオ走行を終了しました [シナリオ名: Banユーザログイン]
[ADMIN] 19:25:54.339452 シナリオ走行を終了しました [シナリオ名: Banユーザログイン]
[ADMIN] 19:25:54.339467 シナリオ走行を開始しました [シナリオ名: Banユーザログイン]
[ADMIN] 19:25:54.339469 シナリオ走行を開始しました [シナリオ名: Banユーザログイン]
[ADMIN] 19:25:54.343753 シナリオ走行を終了しました [シナリオ名: Banユーザログイン]
[ADMIN] 19:25:54.343767 シナリオ走行を開始しました [シナリオ名: Banユーザログイン]
[ADMIN] 19:25:54.358239 シナリオ走行を終了しました [シナリオ名: ログイン]
[ADMIN] 19:25:54.358475 シナリオ走行を終了しました [シナリオ名: ログイン]
[ADMIN] 19:25:54.418303 シナリオ走行を終了しました [シナリオ名: ログイン]
[ADMIN] 19:25:54.418318 シナリオ走行を開始しました [シナリオ名: ログイン]
[ADMIN] 19:25:54.418376 シナリオ走行を開始しました [シナリオ名: ログイン]
[ADMIN] 19:25:54.418381 シナリオ走行を開始しました [シナリオ名: ログイン]
[ADMIN] 19:25:54.418438 シナリオ走行を開始しました [シナリオ名: ログイン]
[ADMIN] 19:25:54.447553 シナリオ走行を終了しました [シナリオ名: ログイン]
[ADMIN] 19:25:54.447566 シナリオ走行を開始しました [シナリオ名: ログイン]
[ADMIN] 19:25:54.488866 シナリオ走行を終了しました [シナリオ名: ログイン]
[ADMIN] 19:25:54.508773 シナリオ走行を終了しました [シナリオ名: ログイン]
[ADMIN] 19:25:54.514089 シナリオ走行を終了しました [シナリオ名: 新規ユーザー登録]
[ADMIN] 19:25:54.579338 シナリオ走行を終了しました [シナリオ名: ログイン]
[ADMIN] 19:25:54.594053 シナリオ走行を終了しました [シナリオ名: ログイン]
[ADMIN] 19:25:54.594069 シナリオ走行を開始しました [シナリオ名: ログイン]
[ADMIN] 19:25:54.594123 シナリオ走行を開始しました [シナリオ名: ログイン]
[ADMIN] 19:25:54.594143 シナリオ走行を開始しました [シナリオ名: ログイン]
[ADMIN] 19:25:54.594160 シナリオ走行を開始しました [シナリオ名: ログイン]
[ADMIN] 19:25:54.640893 シナリオ走行を終了しました [シナリオ名: ログイン]
[ADMIN] 19:25:54.640909 シナリオ走行を開始しました [シナリオ名: ログイン]
[ADMIN] 19:25:54.656338 シナリオ走行を終了しました [シナリオ名: ログイン]
[ADMIN] 19:25:54.656349 シナリオ走行を開始しました [シナリオ名: ログイン]
[ADMIN] 19:25:54.684579 シナリオ走行を終了しました [シナリオ名: ログイン]
[ADMIN] 19:25:54.685207 シナリオ走行を終了しました [シナリオ名: ログイン]
[ADMIN] 19:25:54.690949 シナリオ走行を終了しました [シナリオ名: ログイン]
[ADMIN] 19:25:54.690960 シナリオ走行を開始しました [シナリオ名: ログイン]
[ADMIN] 19:25:54.690974 シナリオ走行を開始しました [シナリオ名: ログイン]
[ADMIN] 19:25:54.690993 シナリオ走行を開始しました [シナリオ名: ログイン]
[ADMIN] 19:25:54.745399 シナリオ走行を終了しました [シナリオ名: ログイン]
[ADMIN] 19:25:54.768784 シナリオ走行を終了しました [シナリオ名: ログイン]
[ADMIN] 19:25:54.768797 シナリオ走行を開始しました [シナリオ名: ログイン]
[ADMIN] 19:25:54.768854 シナリオ走行を開始しました [シナリオ名: ログイン]
[ADMIN] 19:25:54.798511 シナリオ走行を終了しました [シナリオ名: ログイン]
[ADMIN] 19:25:54.798523 シナリオ走行を開始しました [シナリオ名: ログイン]
[ADMIN] 19:25:54.855723 シナリオ走行を終了しました [シナリオ名: 新規ユーザー登録]
[ADMIN] 19:25:54.859566 シナリオ走行を終了しました [シナリオ名: Banユーザログイン]
[ADMIN] 19:25:54.859583 シナリオ走行を開始しました [シナリオ名: Banユーザログイン]
[ADMIN] 19:25:54.867103 シナリオ走行を終了しました [シナリオ名: Banユーザログイン]
[ADMIN] 19:25:54.867116 シナリオ走行を開始しました [シナリオ名: Banユーザログイン]
[ADMIN] 19:25:54.869572 シナリオ走行を終了しました [シナリオ名: Banユーザログイン]
[ADMIN] 19:25:54.869581 シナリオ走行を開始しました [シナリオ名: Banユーザログイン]
[ADMIN] 19:25:54.869581 シナリオ走行を終了しました [シナリオ名: Banユーザログイン]
[ADMIN] 19:25:54.869595 シナリオ走行を開始しました [シナリオ名: Banユーザログイン]
[ADMIN] 19:25:54.877424 シナリオ走行を終了しました [シナリオ名: Banユーザログイン]
[ADMIN] 19:25:54.877437 シナリオ走行を開始しました [シナリオ名: Banユーザログイン]
[ADMIN] 19:25:54.895729 シナリオ走行を終了しました [シナリオ名: Banユーザログイン]
[ADMIN] 19:25:54.895745 シナリオ走行を開始しました [シナリオ名: Banユーザログイン]
[ADMIN] 19:25:54.899617 シナリオ走行を終了しました [シナリオ名: ログイン]
[ADMIN] 19:25:54.899628 シナリオ走行を開始しました [シナリオ名: ログイン]
[ADMIN] 19:25:54.899691 シナリオ走行を終了しました [シナリオ名: ログイン]
[ADMIN] 19:25:55.035499 シナリオ走行を終了しました [シナリオ名: ログイン]
[ADMIN] 19:25:55.035511 シナリオ走行を開始しました [シナリオ名: ログイン]
[ADMIN] 19:25:55.035566 シナリオ走行を開始しました [シナリオ名: ログイン]
[ADMIN] 19:25:55.035785 シナリオ走行を終了しました [シナリオ名: ログイン]
[ADMIN] 19:25:55.037005 シナリオ走行を終了しました [シナリオ名: 新規ユーザー登録]
[ADMIN] 19:25:55.040807 シナリオ走行を終了しました [シナリオ名: ログイン]
[ADMIN] 19:25:55.040817 シナリオ走行を開始しました [シナリオ名: ログイン]
[ADMIN] 19:25:55.040875 シナリオ走行を開始しました [シナリオ名: ログイン]
[ADMIN] 19:25:55.136460 シナリオ走行を終了しました [シナリオ名: ログイン]
[ADMIN] 19:25:55.136476 シナリオ走行を開始しました [シナリオ名: ログイン]
[ADMIN] 19:25:55.151106 シナリオ走行を終了しました [シナリオ名: ログイン]
[ADMIN] 19:25:55.151120 シナリオ走行を開始しました [シナリオ名: ログイン]
[ADMIN] 19:25:55.177764 シナリオ走行を終了しました [シナリオ名: 新規ユーザー登録]
[ADMIN] 19:25:55.194501 シナリオ走行を終了しました [シナリオ名: 新規ユーザー登録]
[ADMIN] 19:25:55.220976 シナリオ走行を終了しました [シナリオ名: ログイン]
[ADMIN] 19:25:55.220988 シナリオ走行を開始しました [シナリオ名: ログイン]
[ADMIN] 19:25:55.231905 シナリオ走行を終了しました [シナリオ名: ログイン]
[ADMIN] 19:25:55.231917 シナリオ走行を開始しました [シナリオ名: ログイン]
[ADMIN] 19:25:55.242537 シナリオ走行を終了しました [シナリオ名: 新規ユーザー登録]
[ADMIN] 19:25:55.248373 シナリオ走行を終了しました [シナリオ名: 新規ユーザー登録]
[ADMIN] 19:25:55.251274 シナリオ走行を終了しました [シナリオ名: 新規ユーザー登録]
[ADMIN] 19:25:55.312365 シナリオ走行を終了しました [シナリオ名: ログイン]
[ADMIN] 19:25:55.312378 シナリオ走行を開始しました [シナリオ名: ログイン]
[ADMIN] 19:25:55.312631 シナリオ走行を終了しました [シナリオ名: ログイン]
[ADMIN] 19:25:55.312643 シナリオ走行を開始しました [シナリオ名: ログイン]
[ADMIN] 19:25:55.322841 シナリオ走行を終了しました [シナリオ名: ログイン]
[ADMIN] 19:25:55.322851 シナリオ走行を開始しました [シナリオ名: ログイン]
[ADMIN] 19:25:55.325584 シナリオ走行を終了しました [シナリオ名: ログイン]
[ADMIN] 19:25:55.325592 シナリオ走行を開始しました [シナリオ名: ログイン]
[ADMIN] 19:25:55.327193 シナリオ走行を終了しました [シナリオ名: ログイン]
[ADMIN] 19:25:55.327200 シナリオ走行を開始しました [シナリオ名: ログイン]
[ADMIN] 19:25:55.372171 シナリオ走行を終了しました [シナリオ名: Banユーザログイン]
[ADMIN] 19:25:55.372191 シナリオ走行を開始しました [シナリオ名: Banユーザログイン]
[ADMIN] 19:25:55.394638 シナリオ走行を終了しました [シナリオ名: Banユーザログイン]
[ADMIN] 19:25:55.394657 シナリオ走行を開始しました [シナリオ名: Banユーザログイン]
[ADMIN] 19:25:55.394778 シナリオ走行を終了しました [シナリオ名: Banユーザログイン]
[ADMIN] 19:25:55.394792 シナリオ走行を開始しました [シナリオ名: Banユーザログイン]
[ADMIN] 19:25:55.399856 シナリオ走行を終了しました [シナリオ名: Banユーザログイン]
[ADMIN] 19:25:55.399868 シナリオ走行を開始しました [シナリオ名: Banユーザログイン]
[ADMIN] 19:25:55.405782 シナリオ走行を終了しました [シナリオ名: Banユーザログイン]
[ADMIN] 19:25:55.405796 シナリオ走行を開始しました [シナリオ名: Banユーザログイン]
[ADMIN] 19:25:55.420208 シナリオ走行を終了しました [シナリオ名: Banユーザログイン]
[ADMIN] 19:25:55.420222 シナリオ走行を開始しました [シナリオ名: Banユーザログイン]
[ADMIN] 19:25:55.428622 シナリオ走行を終了しました [シナリオ名: ログイン]
[ADMIN] 19:25:55.428632 シナリオ走行を開始しました [シナリオ名: ログイン]
[ADMIN] 19:25:55.518093 シナリオ走行を終了しました [シナリオ名: ログイン]
[ADMIN] 19:25:55.518107 シナリオ走行を開始しました [シナリオ名: ログイン]
[ADMIN] 19:25:55.525253 シナリオ走行を終了しました [シナリオ名: ログイン]
[ADMIN] 19:25:55.525262 シナリオ走行を開始しました [シナリオ名: ログイン]
[ADMIN] 19:25:55.580762 シナリオ走行を終了しました [シナリオ名: 新規ユーザー登録]
[ADMIN] 19:25:55.580805 シナリオ走行を開始しました [シナリオ名: 新規ユーザー登録]
[ADMIN] 19:25:55.580811 シナリオ走行を開始しました [シナリオ名: 新規ユーザー登録]
[ADMIN] 19:25:55.580818 シナリオ走行を開始しました [シナリオ名: 新規ユーザー登録]
[ADMIN] 19:25:55.580805 シナリオ走行を開始しました [シナリオ名: 新規ユーザー登録]
[ADMIN] 19:25:55.580886 シナリオ走行を開始しました [シナリオ名: 新規ユーザー登録]
[ADMIN] 19:25:55.580812 シナリオ走行を開始しました [シナリオ名: 新規ユーザー登録]
[ADMIN] 19:25:55.580806 シナリオ走行を開始しました [シナリオ名: 新規ユーザー登録]
[ADMIN] 19:25:55.580865 シナリオ走行を開始しました [シナリオ名: 新規ユーザー登録]
[ADMIN] 19:25:55.580869 シナリオ走行を開始しました [シナリオ名: 新規ユーザー登録]
[ADMIN] 19:25:55.580875 シナリオ走行を開始しました [シナリオ名: 新規ユーザー登録]
[ADMIN] 19:25:55.580879 シナリオ走行を開始しました [シナリオ名: 新規ユーザー登録]
[ADMIN] 19:25:55.642463 シナリオ走行を終了しました [シナリオ名: 新規ユーザー登録]
[ADMIN] 19:25:55.642492 シナリオ走行を開始しました [シナリオ名: 新規ユーザー登録]
[ADMIN] 19:25:55.644305 シナリオ走行を終了しました [シナリオ名: 新規ユーザー登録]
[ADMIN] 19:25:55.672625 シナリオ走行を終了しました [シナリオ名: ログイン]
[ADMIN] 19:25:55.672635 シナリオ走行を開始しました [シナリオ名: ログイン]
[ADMIN] 19:25:55.720993 シナリオ走行を終了しました [シナリオ名: 新規ユーザー登録]
[ADMIN] 19:25:55.721018 シナリオ走行を開始しました [シナリオ名: 新規ユーザー登録]
[ADMIN] 19:25:55.721072 シナリオ走行を開始しました [シナリオ名: 新規ユーザー登録]
[ADMIN] 19:25:55.753822 シナリオ走行を終了しました [シナリオ名: ログイン]
[ADMIN] 19:25:55.753833 シナリオ走行を開始しました [シナリオ名: ログイン]
[ADMIN] 19:25:55.763822 シナリオ走行を終了しました [シナリオ名: 新規ユーザー登録]
[ADMIN] 19:25:55.797054 シナリオ走行を終了しました [シナリオ名: ログイン]
[ADMIN] 19:25:55.797067 シナリオ走行を開始しました [シナリオ名: ログイン]
[ADMIN] 19:25:55.813280 シナリオ走行を終了しました [シナリオ名: ログイン]
[ADMIN] 19:25:55.813288 シナリオ走行を開始しました [シナリオ名: ログイン]
[ADMIN] 19:25:55.825013 シナリオ走行を終了しました [シナリオ名: ログイン]
[ADMIN] 19:25:55.825022 シナリオ走行を開始しました [シナリオ名: ログイン]
[ADMIN] 19:25:55.835351 シナリオ走行を終了しました [シナリオ名: ログイン]
[ADMIN] 19:25:55.835360 シナリオ走行を開始しました [シナリオ名: ログイン]
[ADMIN] 19:25:55.862057 シナリオ走行を終了しました [シナリオ名: ログイン]
[ADMIN] 19:25:55.862067 シナリオ走行を開始しました [シナリオ名: ログイン]
[ADMIN] 19:25:55.874498 シナリオ走行を終了しました [シナリオ名: Banユーザログイン]
[ADMIN] 19:25:55.874514 シナリオ走行を開始しました [シナリオ名: Banユーザログイン]
[ADMIN] 19:25:55.892169 シナリオ走行を終了しました [シナリオ名: 新規ユーザー登録]
[ADMIN] 19:25:55.892202 シナリオ走行を開始しました [シナリオ名: 新規ユーザー登録]
[ADMIN] 19:25:55.892211 シナリオ走行を開始しました [シナリオ名: 新規ユーザー登録]
[ADMIN] 19:25:55.899699 シナリオ走行を終了しました [シナリオ名: Banユーザログイン]
[ADMIN] 19:25:55.899716 シナリオ走行を開始しました [シナリオ名: Banユーザログイン]
[ADMIN] 19:25:55.900613 シナリオ走行を終了しました [シナリオ名: 新規ユーザー登録]
[ADMIN] 19:25:55.900628 シナリオ走行を開始しました [シナリオ名: 新規ユーザー登録]
[ADMIN] 19:25:55.901983 シナリオ走行を終了しました [シナリオ名: Banユーザログイン]
[ADMIN] 19:25:55.901993 シナリオ走行を開始しました [シナリオ名: Banユーザログイン]
[ADMIN] 19:25:55.910136 シナリオ走行を終了しました [シナリオ名: Banユーザログイン]
[ADMIN] 19:25:55.910150 シナリオ走行を開始しました [シナリオ名: Banユーザログイン]
[ADMIN] 19:25:55.929851 シナリオ走行を終了しました [シナリオ名: Banユーザログイン]
[ADMIN] 19:25:55.929867 シナリオ走行を開始しました [シナリオ名: Banユーザログイン]
[ADMIN] 19:25:55.933603 シナリオ走行を終了しました [シナリオ名: ログイン]
[ADMIN] 19:25:55.933612 シナリオ走行を開始しました [シナリオ名: ログイン]
[ADMIN] 19:25:55.939847 シナリオ走行を終了しました [シナリオ名: ログイン]
[ADMIN] 19:25:55.939856 シナリオ走行を開始しました [シナリオ名: ログイン]
[ADMIN] 19:25:55.942829 シナリオ走行を終了しました [シナリオ名: Banユーザログイン]
[ADMIN] 19:25:55.942844 シナリオ走行を開始しました [シナリオ名: Banユーザログイン]
[ADMIN] 19:25:55.980403 シナリオ走行を終了しました [シナリオ名: ログイン]
[ADMIN] 19:25:55.980416 シナリオ走行を開始しました [シナリオ名: ログイン]
[ADMIN] 19:25:56.040055 シナリオ走行を終了しました [シナリオ名: 新規ユーザー登録]
[ADMIN] 19:25:56.040089 シナリオ走行を開始しました [シナリオ名: 新規ユーザー登録]
[ADMIN] 19:25:56.043184 シナリオ走行を終了しました [シナリオ名: ログイン]
[ADMIN] 19:25:56.043193 シナリオ走行を開始しました [シナリオ名: ログイン]
[ADMIN] 19:25:56.107234 シナリオ走行を終了しました [シナリオ名: 新規ユーザー登録]
[ADMIN] 19:25:56.107261 シナリオ走行を開始しました [シナリオ名: 新規ユーザー登録]
[ADMIN] 19:25:56.130832 シナリオ走行を終了しました [シナリオ名: 新規ユーザー登録]
[ADMIN] 19:25:56.130875 シナリオ走行を開始しました [シナリオ名: 新規ユーザー登録]
[ADMIN] 19:25:56.171369 シナリオ走行を終了しました [シナリオ名: 新規ユーザー登録]
[ADMIN] 19:25:56.171384 シナリオ走行を終了しました [シナリオ名: ログイン]
[ADMIN] 19:25:56.171391 シナリオ走行を開始しました [シナリオ名: ログイン]
[ADMIN] 19:25:56.171398 シナリオ走行を開始しました [シナリオ名: 新規ユーザー登録]
[ADMIN] 19:25:56.232951 シナリオ走行を終了しました [シナリオ名: ログイン]
[ADMIN] 19:25:56.232966 シナリオ走行を開始しました [シナリオ名: ログイン]
[ADMIN] 19:25:56.253587 シナリオ走行を終了しました [シナリオ名: ログイン]
[ADMIN] 19:25:56.253597 シナリオ走行を開始しました [シナリオ名: ログイン]
[ADMIN] 19:25:56.348463 シナリオ走行を終了しました [シナリオ名: ログイン]
[ADMIN] 19:25:56.348479 シナリオ走行を開始しました [シナリオ名: ログイン]
[ADMIN] 19:25:56.366738 シナリオ走行を終了しました [シナリオ名: ログイン]
[ADMIN] 19:25:56.366753 シナリオ走行を開始しました [シナリオ名: ログイン]
[ADMIN] 19:25:56.394376 シナリオ走行を終了しました [シナリオ名: Banユーザログイン]
[ADMIN] 19:25:56.394395 シナリオ走行を開始しました [シナリオ名: Banユーザログイン]
[ADMIN] 19:25:56.411481 シナリオ走行を終了しました [シナリオ名: Banユーザログイン]
[ADMIN] 19:25:56.411501 シナリオ走行を開始しました [シナリオ名: Banユーザログイン]
[ADMIN] 19:25:56.419566 シナリオ走行を終了しました [シナリオ名: ログイン]
[ADMIN] 19:25:56.419578 シナリオ走行を開始しました [シナリオ名: ログイン]
[ADMIN] 19:25:56.429931 シナリオ走行を終了しました [シナリオ名: ログイン]
[ADMIN] 19:25:56.429940 シナリオ走行を開始しました [シナリオ名: ログイン]
[ADMIN] 19:25:56.441097 シナリオ走行を終了しました [シナリオ名: Banユーザログイン]
[ADMIN] 19:25:56.441108 シナリオ走行を開始しました [シナリオ名: Banユーザログイン]
[ADMIN] 19:25:56.454458 シナリオ走行を終了しました [シナリオ名: ログイン]
[ADMIN] 19:25:56.454468 シナリオ走行を開始しました [シナリオ名: ログイン]
[ADMIN] 19:25:56.460741 シナリオ走行を終了しました [シナリオ名: ログイン]
[ADMIN] 19:25:56.460753 シナリオ走行を開始しました [シナリオ名: ログイン]
[ADMIN] 19:25:56.484008 シナリオ走行を終了しました [シナリオ名: Banユーザログイン]
[ADMIN] 19:25:56.484026 シナリオ走行を開始しました [シナリオ名: Banユーザログイン]
[ADMIN] 19:25:56.492068 シナリオ走行を終了しました [シナリオ名: ログイン]
[ADMIN] 19:25:56.492078 シナリオ走行を開始しました [シナリオ名: ログイン]
[ADMIN] 19:25:56.498973 シナリオ走行を終了しました [シナリオ名: Banユーザログイン]
[ADMIN] 19:25:56.498986 シナリオ走行を開始しました [シナリオ名: Banユーザログイン]
[ADMIN] 19:25:56.505416 シナリオ走行を終了しました [シナリオ名: Banユーザログイン]
[ADMIN] 19:25:56.505433 シナリオ走行を開始しました [シナリオ名: Banユーザログイン]
[ADMIN] 19:25:56.536966 シナリオ走行を終了しました [シナリオ名: ログイン]
[ADMIN] 19:25:56.536982 シナリオ走行を開始しました [シナリオ名: ログイン]
[ADMIN] 19:25:56.544530 シナリオ走行を終了しました [シナリオ名: ログイン]
[ADMIN] 19:25:56.544541 シナリオ走行を開始しました [シナリオ名: ログイン]
[ADMIN] 19:25:56.564277 シナリオ走行を終了しました [シナリオ名: ログイン]
[ADMIN] 19:25:56.564286 シナリオ走行を開始しました [シナリオ名: ログイン]
[ADMIN] 19:25:56.595273 シナリオ走行を終了しました [シナリオ名: ログイン]
[ADMIN] 19:25:56.595286 シナリオ走行を開始しました [シナリオ名: ログイン]
[ADMIN] 19:25:56.628901 シナリオ走行を終了しました [シナリオ名: ログイン]
[ADMIN] 19:25:56.628917 シナリオ走行を開始しました [シナリオ名: ログイン]
[ADMIN] 19:25:56.732027 シナリオ走行を終了しました [シナリオ名: ログイン]
[ADMIN] 19:25:56.732040 シナリオ走行を開始しました [シナリオ名: ログイン]
[ADMIN] 19:25:56.738431 シナリオ走行を終了しました [シナリオ名: ログイン]
[ADMIN] 19:25:56.738444 シナリオ走行を開始しました [シナリオ名: ログイン]
[ADMIN] 19:25:56.743454 シナリオ走行を終了しました [シナリオ名: ログイン]
[ADMIN] 19:25:56.743463 シナリオ走行を開始しました [シナリオ名: ログイン]
[ADMIN] 19:25:56.848612 シナリオ走行を終了しました [シナリオ名: ログイン]
[ADMIN] 19:25:56.848626 シナリオ走行を開始しました [シナリオ名: ログイン]
[ADMIN] 19:25:56.852183 シナリオ走行を終了しました [シナリオ名: ログイン]
[ADMIN] 19:25:56.852193 シナリオ走行を開始しました [シナリオ名: ログイン]
[ADMIN] 19:25:56.859206 シナリオ走行を終了しました [シナリオ名: ログイン]
[ADMIN] 19:25:56.859216 シナリオ走行を開始しました [シナリオ名: ログイン]
[ADMIN] 19:25:56.882264 シナリオ走行を終了しました [シナリオ名: ログイン]
[ADMIN] 19:25:56.882274 シナリオ走行を開始しました [シナリオ名: ログイン]
[ADMIN] 19:25:56.922650 シナリオ走行を終了しました [シナリオ名: ログイン]
[ADMIN] 19:25:56.922660 シナリオ走行を開始しました [シナリオ名: ログイン]
[ADMIN] 19:25:56.943100 シナリオ走行を終了しました [シナリオ名: Banユーザログイン]
[ADMIN] 19:25:56.943118 シナリオ走行を開始しました [シナリオ名: Banユーザログイン]
[ADMIN] 19:25:56.966685 シナリオ走行を終了しました [シナリオ名: Banユーザログイン]
[ADMIN] 19:25:56.966701 シナリオ走行を開始しました [シナリオ名: Banユーザログイン]
[ADMIN] 19:25:56.968111 シナリオ走行を終了しました [シナリオ名: Banユーザログイン]
[ADMIN] 19:25:56.968126 シナリオ走行を開始しました [シナリオ名: Banユーザログイン]
[ADMIN] 19:25:57.031325 シナリオ走行を終了しました [シナリオ名: Banユーザログイン]
[ADMIN] 19:25:57.031343 シナリオ走行を開始しました [シナリオ名: Banユーザログイン]
[ADMIN] 19:25:57.050119 シナリオ走行を終了しました [シナリオ名: ログイン]
[ADMIN] 19:25:57.050128 シナリオ走行を開始しました [シナリオ名: ログイン]
[ADMIN] 19:25:57.051508 シナリオ走行を終了しました [シナリオ名: Banユーザログイン]
[ADMIN] 19:25:57.051518 シナリオ走行を開始しました [シナリオ名: Banユーザログイン]
[ADMIN] 19:25:57.071049 シナリオ走行を終了しました [シナリオ名: Banユーザログイン]
[ADMIN] 19:25:57.071064 シナリオ走行を開始しました [シナリオ名: Banユーザログイン]
[ADMIN] 19:25:57.155292 シナリオ走行を終了しました [シナリオ名: ログイン]
[ADMIN] 19:25:57.155311 シナリオ走行を開始しました [シナリオ名: ログイン]
[ADMIN] 19:25:57.156961 シナリオ走行を終了しました [シナリオ名: ログイン]
[ADMIN] 19:25:57.156971 シナリオ走行を開始しました [シナリオ名: ログイン]
[ADMIN] 19:25:57.159688 シナリオ走行を終了しました [シナリオ名: ログイン]
[ADMIN] 19:25:57.159699 シナリオ走行を開始しました [シナリオ名: ログイン]
[ADMIN] 19:25:57.168107 シナリオ走行を終了しました [シナリオ名: ログイン]
[ADMIN] 19:25:57.168116 シナリオ走行を開始しました [シナリオ名: ログイン]
[ADMIN] 19:25:57.187644 シナリオ走行を終了しました [シナリオ名: ログイン]
[ADMIN] 19:25:57.187653 シナリオ走行を開始しました [シナリオ名: ログイン]
[ADMIN] 19:25:57.215693 シナリオ走行を終了しました [シナリオ名: ログイン]
[ADMIN] 19:25:57.215705 シナリオ走行を開始しました [シナリオ名: ログイン]
[ADMIN] 19:25:57.227474 シナリオ走行を終了しました [シナリオ名: ログイン]
[ADMIN] 19:25:57.227483 シナリオ走行を開始しました [シナリオ名: ログイン]
[ADMIN] 19:25:57.258584 シナリオ走行を終了しました [シナリオ名: ログイン]
[ADMIN] 19:25:57.258594 シナリオ走行を開始しました [シナリオ名: ログイン]
[ADMIN] 19:25:57.287875 シナリオ走行を終了しました [シナリオ名: ログイン]
[ADMIN] 19:25:57.287885 シナリオ走行を開始しました [シナリオ名: ログイン]
[ADMIN] 19:25:57.287933 シナリオ走行を終了しました [シナリオ名: ログイン]
[ADMIN] 19:25:57.287949 シナリオ走行を開始しました [シナリオ名: ログイン]
[ADMIN] 19:25:57.430830 シナリオ走行を終了しました [シナリオ名: ログイン]
[ADMIN] 19:25:57.430844 シナリオ走行を開始しました [シナリオ名: ログイン]
[ADMIN] 19:25:57.473133 シナリオ走行を終了しました [シナリオ名: Banユーザログイン]
[ADMIN] 19:25:57.473155 シナリオ走行を開始しました [シナリオ名: Banユーザログイン]
[ADMIN] 19:25:57.489225 シナリオ走行を終了しました [シナリオ名: Banユーザログイン]
[ADMIN] 19:25:57.489245 シナリオ走行を開始しました [シナリオ名: Banユーザログイン]
[ADMIN] 19:25:57.533304 シナリオ走行を終了しました [シナリオ名: ログイン]
[ADMIN] 19:25:57.533316 シナリオ走行を開始しました [シナリオ名: ログイン]
[ADMIN] 19:25:57.534715 シナリオ走行を終了しました [シナリオ名: Banユーザログイン]
[ADMIN] 19:25:57.534733 シナリオ走行を開始しました [シナリオ名: Banユーザログイン]
[ADMIN] 19:25:57.535489 シナリオ走行を終了しました [シナリオ名: ログイン]
[ADMIN] 19:25:57.535497 シナリオ走行を開始しました [シナリオ名: ログイン]
[ADMIN] 19:25:57.547932 シナリオ走行を終了しました [シナリオ名: Banユーザログイン]
[ADMIN] 19:25:57.547947 シナリオ走行を開始しました [シナリオ名: Banユーザログイン]
[ADMIN] 19:25:57.565352 シナリオ走行を終了しました [シナリオ名: Banユーザログイン]
[ADMIN] 19:25:57.565365 シナリオ走行を開始しました [シナリオ名: Banユーザログイン]
[ADMIN] 19:25:57.602517 シナリオ走行を終了しました [シナリオ名: Banユーザログイン]
[ADMIN] 19:25:57.602532 シナリオ走行を開始しました [シナリオ名: Banユーザログイン]
[ADMIN] 19:25:57.719145 シナリオ走行を終了しました [シナリオ名: 新規ユーザー登録]
[ADMIN] 19:25:57.719174 シナリオ走行を開始しました [シナリオ名: 新規ユーザー登録]
[ADMIN] 19:25:57.763755 シナリオ走行を終了しました [シナリオ名: ログイン]
[ADMIN] 19:25:57.763771 シナリオ走行を開始しました [シナリオ名: ログイン]
[ADMIN] 19:25:57.808527 シナリオ走行を終了しました [シナリオ名: ログイン]
[ADMIN] 19:25:57.808540 シナリオ走行を開始しました [シナリオ名: ログイン]
[ADMIN] 19:25:57.833346 シナリオ走行を終了しました [シナリオ名: ログイン]
[ADMIN] 19:25:57.833361 シナリオ走行を開始しました [シナリオ名: ログイン]
[ADMIN] 19:25:57.837931 シナリオ走行を終了しました [シナリオ名: ログイン]
[ADMIN] 19:25:57.837943 シナリオ走行を開始しました [シナリオ名: ログイン]
[ADMIN] 19:25:57.884325 シナリオ走行を終了しました [シナリオ名: 新規ユーザー登録]
[ADMIN] 19:25:57.884358 シナリオ走行を開始しました [シナリオ名: 新規ユーザー登録]
[ADMIN] 19:25:57.912068 シナリオ走行を終了しました [シナリオ名: ログイン]
[ADMIN] 19:25:57.912082 シナリオ走行を開始しました [シナリオ名: ログイン]
[ADMIN] 19:25:57.939971 シナリオ走行を終了しました [シナリオ名: 新規ユーザー登録]
[ADMIN] 19:25:57.940000 シナリオ走行を開始しました [シナリオ名: 新規ユーザー登録]
[ADMIN] 19:25:57.948490 シナリオ走行を終了しました [シナリオ名: ログイン]
[ADMIN] 19:25:57.948503 シナリオ走行を開始しました [シナリオ名: ログイン]
[ADMIN] 19:25:57.948512 シナリオ走行を終了しました [シナリオ名: ログイン]
[ADMIN] 19:25:57.948519 シナリオ走行を開始しました [シナリオ名: ログイン]
[ADMIN] 19:25:57.964967 シナリオ走行を終了しました [シナリオ名: ログイン]
[ADMIN] 19:25:57.964977 シナリオ走行を開始しました [シナリオ名: ログイン]
[ADMIN] 19:25:57.999189 シナリオ走行を終了しました [シナリオ名: Banユーザログイン]
[ADMIN] 19:25:57.999207 シナリオ走行を開始しました [シナリオ名: Banユーザログイン]
[ADMIN] 19:25:58.013451 シナリオ走行を終了しました [シナリオ名: Banユーザログイン]
[ADMIN] 19:25:58.013466 シナリオ走行を開始しました [シナリオ名: Banユーザログイン]
[ADMIN] 19:25:58.042976 シナリオ走行を終了しました [シナリオ名: Banユーザログイン]
[ADMIN] 19:25:58.042988 シナリオ走行を開始しました [シナリオ名: Banユーザログイン]
[ADMIN] 19:25:58.059362 シナリオ走行を終了しました [シナリオ名: Banユーザログイン]
[ADMIN] 19:25:58.059379 シナリオ走行を開始しました [シナリオ名: Banユーザログイン]
[ADMIN] 19:25:58.095167 シナリオ走行を終了しました [シナリオ名: Banユーザログイン]
[ADMIN] 19:25:58.095194 シナリオ走行を開始しました [シナリオ名: Banユーザログイン]
[ADMIN] 19:25:58.110969 シナリオ走行を終了しました [シナリオ名: ログイン]
[ADMIN] 19:25:58.110981 シナリオ走行を開始しました [シナリオ名: ログイン]
[ADMIN] 19:25:58.111901 シナリオ走行を終了しました [シナリオ名: ログイン]
[ADMIN] 19:25:58.111912 シナリオ走行を開始しました [シナリオ名: ログイン]
[ADMIN] 19:25:58.115984 シナリオ走行を終了しました [シナリオ名: ログイン]
[ADMIN] 19:25:58.115995 シナリオ走行を開始しました [シナリオ名: ログイン]
[ADMIN] 19:25:58.133832 シナリオ走行を終了しました [シナリオ名: Banユーザログイン]
[ADMIN] 19:25:58.133846 シナリオ走行を開始しました [シナリオ名: Banユーザログイン]
[ADMIN] 19:25:58.150757 シナリオ走行を終了しました [シナリオ名: 新規ユーザー登録]
[ADMIN] 19:25:58.150779 シナリオ走行を開始しました [シナリオ名: 新規ユーザー登録]
[ADMIN] 19:25:58.159667 シナリオ走行を終了しました [シナリオ名: 新規ユーザー登録]
[ADMIN] 19:25:58.159680 シナリオ走行を開始しました [シナリオ名: 新規ユーザー登録]
[ADMIN] 19:25:58.160417 シナリオ走行を終了しました [シナリオ名: 新規ユーザー登録]
[ADMIN] 19:25:58.160431 シナリオ走行を開始しました [シナリオ名: 新規ユーザー登録]
[ADMIN] 19:25:58.173442 シナリオ走行を終了しました [シナリオ名: 新規ユーザー登録]
[ADMIN] 19:25:58.173458 シナリオ走行を開始しました [シナリオ名: 新規ユーザー登録]
[ADMIN] 19:25:58.178085 シナリオ走行を終了しました [シナリオ名: 新規ユーザー登録]
[ADMIN] 19:25:58.178097 シナリオ走行を開始しました [シナリオ名: 新規ユーザー登録]
[ADMIN] 19:25:58.186592 シナリオ走行を終了しました [シナリオ名: 新規ユーザー登録]
[ADMIN] 19:25:58.186606 シナリオ走行を開始しました [シナリオ名: 新規ユーザー登録]
[ADMIN] 19:25:58.188329 シナリオ走行を終了しました [シナリオ名: 新規ユーザー登録]
[ADMIN] 19:25:58.188341 シナリオ走行を開始しました [シナリオ名: 新規ユーザー登録]
[ADMIN] 19:25:58.247236 シナリオ走行を終了しました [シナリオ名: 新規ユーザー登録]
[ADMIN] 19:25:58.247252 シナリオ走行を開始しました [シナリオ名: 新規ユーザー登録]
[ADMIN] 19:25:58.258120 シナリオ走行を終了しました [シナリオ名: ログイン]
[ADMIN] 19:25:58.258131 シナリオ走行を開始しました [シナリオ名: ログイン]
[ADMIN] 19:25:58.266288 シナリオ走行を終了しました [シナリオ名: ログイン]
[ADMIN] 19:25:58.266296 シナリオ走行を開始しました [シナリオ名: ログイン]
[ADMIN] 19:25:58.280283 シナリオ走行を終了しました [シナリオ名: 新規ユーザー登録]
[ADMIN] 19:25:58.280298 シナリオ走行を開始しました [シナリオ名: 新規ユーザー登録]
[ADMIN] 19:25:58.325197 シナリオ走行を終了しました [シナリオ名: 新規ユーザー登録]
[ADMIN] 19:25:58.325213 シナリオ走行を開始しました [シナリオ名: 新規ユーザー登録]
[ADMIN] 19:25:58.388667 シナリオ走行を終了しました [シナリオ名: ログイン]
[ADMIN] 19:25:58.388679 シナリオ走行を開始しました [シナリオ名: ログイン]
[ADMIN] 19:25:58.389812 シナリオ走行を終了しました [シナリオ名: 新規ユーザー登録]
[ADMIN] 19:25:58.389827 シナリオ走行を開始しました [シナリオ名: 新規ユーザー登録]
[ADMIN] 19:25:58.411565 シナリオ走行を終了しました [シナリオ名: ログイン]
[ADMIN] 19:25:58.411577 シナリオ走行を開始しました [シナリオ名: ログイン]
[ADMIN] 19:25:58.461602 シナリオ走行を終了しました [シナリオ名: 新規ユーザー登録]
[ADMIN] 19:25:58.461626 シナリオ走行を開始しました [シナリオ名: 新規ユーザー登録]
[ADMIN] 19:25:58.529770 シナリオ走行を終了しました [シナリオ名: Banユーザログイン]
[ADMIN] 19:25:58.529788 シナリオ走行を開始しました [シナリオ名: Banユーザログイン]
[ADMIN] 19:25:58.541047 シナリオ走行を終了しました [シナリオ名: Banユーザログイン]
[ADMIN] 19:25:58.541068 シナリオ走行を開始しました [シナリオ名: Banユーザログイン]
[ADMIN] 19:25:58.551524 シナリオ走行を終了しました [シナリオ名: Banユーザログイン]
[ADMIN] 19:25:58.551541 シナリオ走行を開始しました [シナリオ名: Banユーザログイン]
[ADMIN] 19:25:58.559411 シナリオ走行を終了しました [シナリオ名: ログイン]
[ADMIN] 19:25:58.559423 シナリオ走行を開始しました [シナリオ名: ログイン]
[ADMIN] 19:25:58.574368 シナリオ走行を終了しました [シナリオ名: 新規ユーザー登録]
[ADMIN] 19:25:58.574387 シナリオ走行を開始しました [シナリオ名: 新規ユーザー登録]
[ADMIN] 19:25:58.579652 シナリオ走行を終了しました [シナリオ名: Banユーザログイン]
[ADMIN] 19:25:58.579667 シナリオ走行を開始しました [シナリオ名: Banユーザログイン]
[ADMIN] 19:25:58.595485 シナリオ走行を終了しました [シナリオ名: ログイン]
[ADMIN] 19:25:58.595495 シナリオ走行を開始しました [シナリオ名: ログイン]
[ADMIN] 19:25:58.606319 シナリオ走行を終了しました [シナリオ名: ログイン]
[ADMIN] 19:25:58.606332 シナリオ走行を開始しました [シナリオ名: ログイン]
[ADMIN] 19:25:58.606356 シナリオ走行を終了しました [シナリオ名: ログイン]
[ADMIN] 19:25:58.606367 シナリオ走行を開始しました [シナリオ名: ログイン]
[ADMIN] 19:25:58.615352 シナリオ走行を終了しました [シナリオ名: 新規ユーザー登録]
[ADMIN] 19:25:58.615371 シナリオ走行を開始しました [シナリオ名: 新規ユーザー登録]
[ADMIN] 19:25:58.618807 シナリオ走行を終了しました [シナリオ名: Banユーザログイン]
[ADMIN] 19:25:58.618821 シナリオ走行を開始しました [シナリオ名: Banユーザログイン]
[ADMIN] 19:25:58.622357 シナリオ走行を終了しました [シナリオ名: 新規ユーザー登録]
[ADMIN] 19:25:58.622374 シナリオ走行を開始しました [シナリオ名: 新規ユーザー登録]
[ADMIN] 19:25:58.632286 シナリオ走行を終了しました [シナリオ名: ログイン]
[ADMIN] 19:25:58.632296 シナリオ走行を開始しました [シナリオ名: ログイン]
[ADMIN] 19:25:58.639302 シナリオ走行を終了しました [シナリオ名: ログイン]
[ADMIN] 19:25:58.639313 シナリオ走行を開始しました [シナリオ名: ログイン]
[ADMIN] 19:25:58.650568 シナリオ走行を終了しました [シナリオ名: Banユーザログイン]
[ADMIN] 19:25:58.650577 シナリオ走行を開始しました [シナリオ名: Banユーザログイン]
[ADMIN] 19:25:58.741995 シナリオ走行を終了しました [シナリオ名: ログイン]
[ADMIN] 19:25:58.742008 シナリオ走行を開始しました [シナリオ名: ログイン]
[ADMIN] 19:25:58.756913 シナリオ走行を終了しました [シナリオ名: ログイン]
[ADMIN] 19:25:58.756924 シナリオ走行を開始しました [シナリオ名: ログイン]
[ADMIN] 19:25:58.781321 シナリオ走行を終了しました [シナリオ名: 新規ユーザー登録]
[ADMIN] 19:25:58.781351 シナリオ走行を開始しました [シナリオ名: 新規ユーザー登録]
[ADMIN] 19:25:58.783044 シナリオ走行を終了しました [シナリオ名: ログイン]
[ADMIN] 19:25:58.783057 シナリオ走行を開始しました [シナリオ名: ログイン]
[ADMIN] 19:25:58.787016 シナリオ走行を終了しました [シナリオ名: ログイン]
[ADMIN] 19:25:58.787026 シナリオ走行を開始しました [シナリオ名: ログイン]
[ADMIN] 19:25:58.808319 シナリオ走行を終了しました [シナリオ名: ログイン]
[ADMIN] 19:25:58.808333 シナリオ走行を開始しました [シナリオ名: ログイン]
[ADMIN] 19:25:58.864994 シナリオ走行を終了しました [シナリオ名: 新規ユーザー登録]
[ADMIN] 19:25:58.865018 シナリオ走行を開始しました [シナリオ名: 新規ユーザー登録]
[ADMIN] 19:25:58.919327 シナリオ走行を終了しました [シナリオ名: ログイン]
[ADMIN] 19:25:58.919339 シナリオ走行を開始しました [シナリオ名: ログイン]
[ADMIN] 19:25:58.920142 シナリオ走行を終了しました [シナリオ名: 新規ユーザー登録]
[ADMIN] 19:25:58.920165 シナリオ走行を開始しました [シナリオ名: 新規ユーザー登録]
[ADMIN] 19:25:58.926891 シナリオ走行を終了しました [シナリオ名: ログイン]
[ADMIN] 19:25:58.926901 シナリオ走行を開始しました [シナリオ名: ログイン]
[ADMIN] 19:25:58.929877 シナリオ走行を終了しました [シナリオ名: ログイン]
[ADMIN] 19:25:58.929884 シナリオ走行を開始しました [シナリオ名: ログイン]
[ADMIN] 19:25:58.999308 シナリオ走行を終了しました [シナリオ名: ログイン]
[ADMIN] 19:25:58.999319 シナリオ走行を開始しました [シナリオ名: ログイン]
[ADMIN] 19:25:59.003058 シナリオ走行を終了しました [シナリオ名: ログイン]
[ADMIN] 19:25:59.003076 シナリオ走行を開始しました [シナリオ名: ログイン]
[ADMIN] 19:25:59.058308 シナリオ走行を終了しました [シナリオ名: ログイン]
[ADMIN] 19:25:59.058320 シナリオ走行を開始しました [シナリオ名: ログイン]
[ADMIN] 19:25:59.077552 シナリオ走行を終了しました [シナリオ名: ログイン]
[ADMIN] 19:25:59.077566 シナリオ走行を開始しました [シナリオ名: ログイン]
[ADMIN] 19:25:59.087056 シナリオ走行を終了しました [シナリオ名: Banユーザログイン]
[ADMIN] 19:25:59.087074 シナリオ走行を開始しました [シナリオ名: Banユーザログイン]
[ADMIN] 19:25:59.089523 シナリオ走行を終了しました [シナリオ名: Banユーザログイン]
[ADMIN] 19:25:59.089539 シナリオ走行を開始しました [シナリオ名: Banユーザログイン]
[ADMIN] 19:25:59.105034 シナリオ走行を終了しました [シナリオ名: ログイン]
[ADMIN] 19:25:59.105046 シナリオ走行を開始しました [シナリオ名: ログイン]
[ADMIN] 19:25:59.121049 シナリオ走行を終了しました [シナリオ名: Banユーザログイン]
[ADMIN] 19:25:59.121065 シナリオ走行を開始しました [シナリオ名: Banユーザログイン]
[ADMIN] 19:25:59.125901 シナリオ走行を終了しました [シナリオ名: Banユーザログイン]
[ADMIN] 19:25:59.125917 シナリオ走行を開始しました [シナリオ名: Banユーザログイン]
[ADMIN] 19:25:59.138069 シナリオ走行を終了しました [シナリオ名: Banユーザログイン]
[ADMIN] 19:25:59.138084 シナリオ走行を開始しました [シナリオ名: Banユーザログイン]
[ADMIN] 19:25:59.166728 シナリオ走行を終了しました [シナリオ名: ログイン]
[ADMIN] 19:25:59.166741 シナリオ走行を開始しました [シナリオ名: ログイン]
[ADMIN] 19:25:59.189392 シナリオ走行を終了しました [シナリオ名: Banユーザログイン]
[ADMIN] 19:25:59.189409 シナリオ走行を開始しました [シナリオ名: Banユーザログイン]
[ADMIN] 19:25:59.189881 シナリオ走行を終了しました [シナリオ名: ログイン]
[ADMIN] 19:25:59.189892 シナリオ走行を開始しました [シナリオ名: ログイン]
[ADMIN] 19:25:59.191891 シナリオ走行を終了しました [シナリオ名: ログイン]
[ADMIN] 19:25:59.191901 シナリオ走行を開始しました [シナリオ名: ログイン]
[ADMIN] 19:25:59.228654 シナリオ走行を終了しました [シナリオ名: ログイン]
[ADMIN] 19:25:59.228669 シナリオ走行を開始しました [シナリオ名: ログイン]
[ADMIN] 19:25:59.231057 シナリオ走行を終了しました [シナリオ名: ログイン]
[ADMIN] 19:25:59.231066 シナリオ走行を開始しました [シナリオ名: ログイン]
[ADMIN] 19:25:59.366494 シナリオ走行を終了しました [シナリオ名: ログイン]
[ADMIN] 19:25:59.366507 シナリオ走行を開始しました [シナリオ名: ログイン]
[ADMIN] 19:25:59.394587 シナリオ走行を終了しました [シナリオ名: ログイン]
[ADMIN] 19:25:59.394597 シナリオ走行を開始しました [シナリオ名: ログイン]
[ADMIN] 19:25:59.517639 シナリオ走行を終了しました [シナリオ名: ログイン]
[ADMIN] 19:25:59.517652 シナリオ走行を開始しました [シナリオ名: ログイン]
[ADMIN] 19:25:59.559910 シナリオ走行を終了しました [シナリオ名: ログイン]
[ADMIN] 19:25:59.559921 シナリオ走行を開始しました [シナリオ名: ログイン]
[ADMIN] 19:25:59.597845 シナリオ走行を終了しました [シナリオ名: Banユーザログイン]
[ADMIN] 19:25:59.597861 シナリオ走行を開始しました [シナリオ名: Banユーザログイン]
[ADMIN] 19:25:59.601313 シナリオ走行を終了しました [シナリオ名: Banユーザログイン]
[ADMIN] 19:25:59.601328 シナリオ走行を開始しました [シナリオ名: Banユーザログイン]
[ADMIN] 19:25:59.645415 シナリオ走行を終了しました [シナリオ名: Banユーザログイン]
[ADMIN] 19:25:59.645430 シナリオ走行を開始しました [シナリオ名: Banユーザログイン]
[ADMIN] 19:25:59.661811 シナリオ走行を終了しました [シナリオ名: Banユーザログイン]
[ADMIN] 19:25:59.661824 シナリオ走行を開始しました [シナリオ名: Banユーザログイン]
[ADMIN] 19:25:59.688623 シナリオ走行を終了しました [シナリオ名: Banユーザログイン]
[ADMIN] 19:25:59.688640 シナリオ走行を開始しました [シナリオ名: Banユーザログイン]
[ADMIN] 19:25:59.712926 シナリオ走行を終了しました [シナリオ名: Banユーザログイン]
[ADMIN] 19:25:59.712943 シナリオ走行を開始しました [シナリオ名: Banユーザログイン]
[ADMIN] 19:25:59.720672 シナリオ走行を終了しました [シナリオ名: ログイン]
[ADMIN] 19:25:59.720684 シナリオ走行を開始しました [シナリオ名: ログイン]
[ADMIN] 19:25:59.758360 シナリオ走行を終了しました [シナリオ名: ログイン]
[ADMIN] 19:25:59.758372 シナリオ走行を開始しました [シナリオ名: ログイン]
[ADMIN] 19:25:59.825624 シナリオ走行を終了しました [シナリオ名: ログイン]
[ADMIN] 19:25:59.825638 シナリオ走行を開始しました [シナリオ名: ログイン]
[ADMIN] 19:25:59.912034 シナリオ走行を終了しました [シナリオ名: ログイン]
[ADMIN] 19:25:59.912047 シナリオ走行を開始しました [シナリオ名: ログイン]
[ADMIN] 19:25:59.965775 シナリオ走行を終了しました [シナリオ名: ログイン]
[ADMIN] 19:25:59.965790 シナリオ走行を開始しました [シナリオ名: ログイン]
[ADMIN] 19:26:00.059393 シナリオ走行を終了しました [シナリオ名: 新規ユーザー登録]
[ADMIN] 19:26:00.059427 シナリオ走行を開始しました [シナリオ名: 新規ユーザー登録]
[ADMIN] 19:26:00.107146 シナリオ走行を終了しました [シナリオ名: ログイン]
[ADMIN] 19:26:00.107158 シナリオ走行を開始しました [シナリオ名: ログイン]
[ADMIN] 19:26:00.111636 シナリオ走行を終了しました [シナリオ名: ログイン]
[ADMIN] 19:26:00.111648 シナリオ走行を開始しました [シナリオ名: ログイン]
[ADMIN] 19:26:00.121428 シナリオ走行を終了しました [シナリオ名: Banユーザログイン]
[ADMIN] 19:26:00.121444 シナリオ走行を開始しました [シナリオ名: Banユーザログイン]
[ADMIN] 19:26:00.122845 シナリオ走行を終了しました [シナリオ名: Banユーザログイン]
[ADMIN] 19:26:00.122858 シナリオ走行を開始しました [シナリオ名: Banユーザログイン]
[ADMIN] 19:26:00.159389 シナリオ走行を終了しました [シナリオ名: ログイン]
[ADMIN] 19:26:00.159402 シナリオ走行を開始しました [シナリオ名: ログイン]
[ADMIN] 19:26:00.162034 シナリオ走行を終了しました [シナリオ名: ログイン]
[ADMIN] 19:26:00.162044 シナリオ走行を開始しました [シナリオ名: ログイン]
[ADMIN] 19:26:00.170129 シナリオ走行を終了しました [シナリオ名: ログイン]
[ADMIN] 19:26:00.170139 シナリオ走行を開始しました [シナリオ名: ログイン]
[ADMIN] 19:26:00.170268 シナリオ走行を終了しました [シナリオ名: Banユーザログイン]
[ADMIN] 19:26:00.170282 シナリオ走行を開始しました [シナリオ名: Banユーザログイン]
[ADMIN] 19:26:00.179056 シナリオ走行を終了しました [シナリオ名: ログイン]
[ADMIN] 19:26:00.179065 シナリオ走行を開始しました [シナリオ名: ログイン]
[ADMIN] 19:26:00.204820 シナリオ走行を終了しました [シナリオ名: Banユーザログイン]
[ADMIN] 19:26:00.204835 シナリオ走行を開始しました [シナリオ名: Banユーザログイン]
[ADMIN] 19:26:00.224586 シナリオ走行を終了しました [シナリオ名: Banユーザログイン]
[ADMIN] 19:26:00.224603 シナリオ走行を開始しました [シナリオ名: Banユーザログイン]
[ADMIN] 19:26:00.248291 シナリオ走行を終了しました [シナリオ名: Banユーザログイン]
[ADMIN] 19:26:00.248307 シナリオ走行を開始しました [シナリオ名: Banユーザログイン]
[ADMIN] 19:26:00.291818 シナリオ走行を終了しました [シナリオ名: ログイン]
[ADMIN] 19:26:00.291831 シナリオ走行を開始しました [シナリオ名: ログイン]
[ADMIN] 19:26:00.298760 シナリオ走行を終了しました [シナリオ名: 新規ユーザー登録]
[ADMIN] 19:26:00.298780 シナリオ走行を開始しました [シナリオ名: 新規ユーザー登録]
[ADMIN] 19:26:00.309735 シナリオ走行を終了しました [シナリオ名: ログイン]
[ADMIN] 19:26:00.309745 シナリオ走行を開始しました [シナリオ名: ログイン]
[ADMIN] 19:26:00.363738 シナリオ走行を終了しました [シナリオ名: ログイン]
[ADMIN] 19:26:00.363751 シナリオ走行を開始しました [シナリオ名: ログイン]
[ADMIN] 19:26:00.390477 シナリオ走行を終了しました [シナリオ名: 新規ユーザー登録]
[ADMIN] 19:26:00.390501 シナリオ走行を開始しました [シナリオ名: 新規ユーザー登録]
[ADMIN] 19:26:00.417280 シナリオ走行を終了しました [シナリオ名: ログイン]
[ADMIN] 19:26:00.417295 シナリオ走行を開始しました [シナリオ名: ログイン]
[ADMIN] 19:26:00.425999 シナリオ走行を終了しました [シナリオ名: ログイン]
[ADMIN] 19:26:00.426009 シナリオ走行を開始しました [シナリオ名: ログイン]
[ADMIN] 19:26:00.430898 シナリオ走行を終了しました [シナリオ名: ログイン]
[ADMIN] 19:26:00.430908 シナリオ走行を開始しました [シナリオ名: ログイン]
[ADMIN] 19:26:00.442235 シナリオ走行を終了しました [シナリオ名: ログイン]
[ADMIN] 19:26:00.442245 シナリオ走行を開始しました [シナリオ名: ログイン]
[ADMIN] 19:26:00.509175 シナリオ走行を終了しました [シナリオ名: ログイン]
[ADMIN] 19:26:00.509192 シナリオ走行を開始しました [シナリオ名: ログイン]
[ADMIN] 19:26:00.546670 シナリオ走行を終了しました [シナリオ名: ログイン]
[ADMIN] 19:26:00.546685 シナリオ走行を開始しました [シナリオ名: ログイン]
[ADMIN] 19:26:00.593377 シナリオ走行を終了しました [シナリオ名: 新規ユーザー登録]
[ADMIN] 19:26:00.593415 シナリオ走行を開始しました [シナリオ名: 新規ユーザー登録]
[ADMIN] 19:26:00.599048 シナリオ走行を終了しました [シナリオ名: ログイン]
[ADMIN] 19:26:00.599057 シナリオ走行を開始しました [シナリオ名: ログイン]
[ADMIN] 19:26:00.609248 シナリオ走行を終了しました [シナリオ名: 新規ユーザー登録]
[ADMIN] 19:26:00.609269 シナリオ走行を開始しました [シナリオ名: 新規ユーザー登録]
[ADMIN] 19:26:00.619780 シナリオ走行を終了しました [シナリオ名: 新規ユーザー登録]
[ADMIN] 19:26:00.619799 シナリオ走行を開始しました [シナリオ名: 新規ユーザー登録]
[ADMIN] 19:26:00.646866 シナリオ走行を終了しました [シナリオ名: Banユーザログイン]
[ADMIN] 19:26:00.646879 シナリオ走行を開始しました [シナリオ名: Banユーザログイン]
[ADMIN] 19:26:00.651697 シナリオ走行を終了しました [シナリオ名: ログイン]
[ADMIN] 19:26:00.651708 シナリオ走行を開始しました [シナリオ名: ログイン]
[ADMIN] 19:26:00.686852 シナリオ走行を終了しました [シナリオ名: ログイン]
[ADMIN] 19:26:00.686863 シナリオ走行を開始しました [シナリオ名: ログイン]
[ADMIN] 19:26:00.698222 シナリオ走行を終了しました [シナリオ名: Banユーザログイン]
[ADMIN] 19:26:00.698236 シナリオ走行を開始しました [シナリオ名: Banユーザログイン]
[ADMIN] 19:26:00.717050 シナリオ走行を終了しました [シナリオ名: Banユーザログイン]
[ADMIN] 19:26:00.717069 シナリオ走行を開始しました [シナリオ名: Banユーザログイン]
[ADMIN] 19:26:00.723701 シナリオ走行を終了しました [シナリオ名: Banユーザログイン]
[ADMIN] 19:26:00.723716 シナリオ走行を開始しました [シナリオ名: Banユーザログイン]
[ADMIN] 19:26:00.750979 シナリオ走行を終了しました [シナリオ名: 新規ユーザー登録]
[ADMIN] 19:26:00.751002 シナリオ走行を開始しました [シナリオ名: 新規ユーザー登録]
[ADMIN] 19:26:00.761660 シナリオ走行を終了しました [シナリオ名: Banユーザログイン]
[ADMIN] 19:26:00.761679 シナリオ走行を開始しました [シナリオ名: Banユーザログイン]
[ADMIN] 19:26:00.774399 シナリオ走行を終了しました [シナリオ名: 新規ユーザー登録]
[ADMIN] 19:26:00.774423 シナリオ走行を開始しました [シナリオ名: 新規ユーザー登録]
[ADMIN] 19:26:00.788939 シナリオ走行を終了しました [シナリオ名: ログイン]
[ADMIN] 19:26:00.788957 シナリオ走行を開始しました [シナリオ名: ログイン]
[ADMIN] 19:26:00.800745 シナリオ走行を終了しました [シナリオ名: ログイン]
[ADMIN] 19:26:00.800760 シナリオ走行を開始しました [シナリオ名: ログイン]
[ADMIN] 19:26:00.810382 シナリオ走行を終了しました [シナリオ名: ログイン]
[ADMIN] 19:26:00.810399 シナリオ走行を開始しました [シナリオ名: ログイン]
[ADMIN] 19:26:00.816791 シナリオ走行を終了しました [シナリオ名: 新規ユーザー登録]
[ADMIN] 19:26:00.816814 シナリオ走行を開始しました [シナリオ名: 新規ユーザー登録]
[ADMIN] 19:26:00.834639 シナリオ走行を終了しました [シナリオ名: Banユーザログイン]
[ADMIN] 19:26:00.834656 シナリオ走行を開始しました [シナリオ名: Banユーザログイン]
[ADMIN] 19:26:00.864683 シナリオ走行を終了しました [シナリオ名: ログイン]
[ADMIN] 19:26:00.864695 シナリオ走行を開始しました [シナリオ名: ログイン]
[ADMIN] 19:26:00.867384 シナリオ走行を終了しました [シナリオ名: 新規ユーザー登録]
[ADMIN] 19:26:00.867404 シナリオ走行を開始しました [シナリオ名: 新規ユーザー登録]
[ADMIN] 19:26:00.955506 シナリオ走行を終了しました [シナリオ名: 新規ユーザー登録]
[ADMIN] 19:26:00.955532 シナリオ走行を開始しました [シナリオ名: 新規ユーザー登録]
[ADMIN] 19:26:00.986893 シナリオ走行を終了しました [シナリオ名: ログイン]
[ADMIN] 19:26:00.986907 シナリオ走行を開始しました [シナリオ名: ログイン]
[ADMIN] 19:26:00.987803 シナリオ走行を終了しました [シナリオ名: ログイン]
[ADMIN] 19:26:00.987813 シナリオ走行を開始しました [シナリオ名: ログイン]
[ADMIN] 19:26:01.008904 シナリオ走行を終了しました [シナリオ名: 新規ユーザー登録]
[ADMIN] 19:26:01.008931 シナリオ走行を開始しました [シナリオ名: 新規ユーザー登録]
[ADMIN] 19:26:01.024088 シナリオ走行を終了しました [シナリオ名: ログイン]
[ADMIN] 19:26:01.024101 シナリオ走行を開始しました [シナリオ名: ログイン]
[ADMIN] 19:26:01.027137 シナリオ走行を終了しました [シナリオ名: 新規ユーザー登録]
[ADMIN] 19:26:01.027158 シナリオ走行を開始しました [シナリオ名: 新規ユーザー登録]
[ADMIN] 19:26:01.040545 シナリオ走行を終了しました [シナリオ名: ログイン]
[ADMIN] 19:26:01.040556 シナリオ走行を開始しました [シナリオ名: ログイン]
[ADMIN] 19:26:01.044580 シナリオ走行を終了しました [シナリオ名: 新規ユーザー登録]
[ADMIN] 19:26:01.044599 シナリオ走行を開始しました [シナリオ名: 新規ユーザー登録]
[ADMIN] 19:26:01.065294 シナリオ走行を終了しました [シナリオ名: 新規ユーザー登録]
[ADMIN] 19:26:01.065317 シナリオ走行を開始しました [シナリオ名: 新規ユーザー登録]
[ADMIN] 19:26:01.070412 シナリオ走行を終了しました [シナリオ名: ログイン]
[ADMIN] 19:26:01.070422 シナリオ走行を開始しました [シナリオ名: ログイン]
[ADMIN] 19:26:01.081392 シナリオ走行を終了しました [シナリオ名: 新規ユーザー登録]
[ADMIN] 19:26:01.081412 シナリオ走行を開始しました [シナリオ名: 新規ユーザー登録]
[ADMIN] 19:26:01.086200 シナリオ走行を終了しました [シナリオ名: ログイン]
[ADMIN] 19:26:01.086211 シナリオ走行を開始しました [シナリオ名: ログイン]
[ADMIN] 19:26:01.088274 シナリオ走行を終了しました [シナリオ名: 新規ユーザー登録]
[ADMIN] 19:26:01.088287 シナリオ走行を開始しました [シナリオ名: 新規ユーザー登録]
[ADMIN] 19:26:01.090595 シナリオ走行を終了しました [シナリオ名: ログイン]
[ADMIN] 19:26:01.090604 シナリオ走行を開始しました [シナリオ名: ログイン]
[ADMIN] 19:26:01.179740 シナリオ走行を終了しました [シナリオ名: Banユーザログイン]
[ADMIN] 19:26:01.179756 シナリオ走行を開始しました [シナリオ名: Banユーザログイン]
[ADMIN] 19:26:01.203843 シナリオ走行を終了しました [シナリオ名: ログイン]
[ADMIN] 19:26:01.203855 シナリオ走行を開始しました [シナリオ名: ログイン]
[ADMIN] 19:26:01.206970 シナリオ走行を終了しました [シナリオ名: ログイン]
[ADMIN] 19:26:01.206982 シナリオ走行を開始しました [シナリオ名: ログイン]
[ADMIN] 19:26:01.213403 シナリオ走行を終了しました [シナリオ名: Banユーザログイン]
[ADMIN] 19:26:01.213417 シナリオ走行を開始しました [シナリオ名: Banユーザログイン]
[ADMIN] 19:26:01.215429 シナリオ走行を終了しました [シナリオ名: ログイン]
[ADMIN] 19:26:01.215438 シナリオ走行を開始しました [シナリオ名: ログイン]
[ADMIN] 19:26:01.252439 シナリオ走行を終了しました [シナリオ名: Banユーザログイン]
[ADMIN] 19:26:01.252457 シナリオ走行を開始しました [シナリオ名: Banユーザログイン]
[ADMIN] 19:26:01.258574 シナリオ走行を終了しました [シナリオ名: Banユーザログイン]
[ADMIN] 19:26:01.258587 シナリオ走行を開始しました [シナリオ名: Banユーザログイン]
[ADMIN] 19:26:01.273597 シナリオ走行を終了しました [シナリオ名: Banユーザログイン]
[ADMIN] 19:26:01.273614 シナリオ走行を開始しました [シナリオ名: Banユーザログイン]
[ADMIN] 19:26:01.337728 シナリオ走行を終了しました [シナリオ名: ログイン]
[ADMIN] 19:26:01.337743 シナリオ走行を開始しました [シナリオ名: ログイン]
[ADMIN] 19:26:01.342284 シナリオ走行を終了しました [シナリオ名: ログイン]
[ADMIN] 19:26:01.342293 シナリオ走行を開始しました [シナリオ名: ログイン]
[ADMIN] 19:26:01.353264 シナリオ走行を終了しました [シナリオ名: 新規ユーザー登録]
[ADMIN] 19:26:01.353285 シナリオ走行を開始しました [シナリオ名: 新規ユーザー登録]
[ADMIN] 19:26:01.373882 シナリオ走行を終了しました [シナリオ名: Banユーザログイン]
[ADMIN] 19:26:01.373899 シナリオ走行を開始しました [シナリオ名: Banユーザログイン]
[ADMIN] 19:26:01.408259 シナリオ走行を終了しました [シナリオ名: 新規ユーザー登録]
[ADMIN] 19:26:01.408276 シナリオ走行を開始しました [シナリオ名: 新規ユーザー登録]
[ADMIN] 19:26:01.423545 シナリオ走行を終了しました [シナリオ名: ログイン]
[ADMIN] 19:26:01.423554 シナリオ走行を開始しました [シナリオ名: ログイン]
[ADMIN] 19:26:01.499056 シナリオ走行を終了しました [シナリオ名: ログイン]
[ADMIN] 19:26:01.499067 シナリオ走行を開始しました [シナリオ名: ログイン]
[ADMIN] 19:26:01.590759 シナリオ走行を終了しました [シナリオ名: 新規ユーザー登録]
[ADMIN] 19:26:01.590783 シナリオ走行を開始しました [シナリオ名: 新規ユーザー登録]
[ADMIN] 19:26:01.689904 シナリオ走行を終了しました [シナリオ名: ログイン]
[ADMIN] 19:26:01.689917 シナリオ走行を開始しました [シナリオ名: ログイン]
[ADMIN] 19:26:01.706811 シナリオ走行を終了しました [シナリオ名: 新規ユーザー登録]
[ADMIN] 19:26:01.706837 シナリオ走行を開始しました [シナリオ名: 新規ユーザー登録]
[ADMIN] 19:26:01.740418 シナリオ走行を終了しました [シナリオ名: Banユーザログイン]
[ADMIN] 19:26:01.740434 シナリオ走行を開始しました [シナリオ名: Banユーザログイン]
[ADMIN] 19:26:01.756741 シナリオ走行を終了しました [シナリオ名: Banユーザログイン]
[ADMIN] 19:26:01.756763 シナリオ走行を開始しました [シナリオ名: Banユーザログイン]
[ADMIN] 19:26:01.761256 シナリオ走行を終了しました [シナリオ名: Banユーザログイン]
[ADMIN] 19:26:01.761274 シナリオ走行を開始しました [シナリオ名: Banユーザログイン]
[ADMIN] 19:26:01.762251 シナリオ走行を終了しました [シナリオ名: ログイン]
[ADMIN] 19:26:01.762261 シナリオ走行を開始しました [シナリオ名: ログイン]
[ADMIN] 19:26:01.800765 シナリオ走行を終了しました [シナリオ名: ログイン]
[ADMIN] 19:26:01.800779 シナリオ走行を開始しました [シナリオ名: ログイン]
[ADMIN] 19:26:01.804263 シナリオ走行を終了しました [シナリオ名: Banユーザログイン]
[ADMIN] 19:26:01.804281 シナリオ走行を開始しました [シナリオ名: Banユーザログイン]
[ADMIN] 19:26:01.862586 シナリオ走行を終了しました [シナリオ名: ログイン]
[ADMIN] 19:26:01.862601 シナリオ走行を開始しました [シナリオ名: ログイン]
[ADMIN] 19:26:01.871756 シナリオ走行を終了しました [シナリオ名: ログイン]
[ADMIN] 19:26:01.871769 シナリオ走行を開始しました [シナリオ名: ログイン]
[ADMIN] 19:26:01.878730 シナリオ走行を終了しました [シナリオ名: ログイン]
[ADMIN] 19:26:01.878740 シナリオ走行を開始しました [シナリオ名: ログイン]
[ADMIN] 19:26:01.892696 シナリオ走行を終了しました [シナリオ名: Banユーザログイン]
[ADMIN] 19:26:01.892713 シナリオ走行を開始しました [シナリオ名: Banユーザログイン]
[ADMIN] 19:26:01.902232 シナリオ走行を終了しました [シナリオ名: ログイン]
[ADMIN] 19:26:01.902243 シナリオ走行を開始しました [シナリオ名: ログイン]
[ADMIN] 19:26:01.912206 シナリオ走行を終了しました [シナリオ名: Banユーザログイン]
[ADMIN] 19:26:01.912227 シナリオ走行を開始しました [シナリオ名: Banユーザログイン]
[ADMIN] 19:26:02.009465 シナリオ走行を終了しました [シナリオ名: ログイン]
[ADMIN] 19:26:02.009481 シナリオ走行を開始しました [シナリオ名: ログイン]
[ADMIN] 19:26:02.042043 シナリオ走行を終了しました [シナリオ名: ログイン]
[ADMIN] 19:26:02.042060 シナリオ走行を開始しました [シナリオ名: ログイン]
[ADMIN] 19:26:02.072104 シナリオ走行を終了しました [シナリオ名: ログイン]
[ADMIN] 19:26:02.072117 シナリオ走行を開始しました [シナリオ名: ログイン]
[ADMIN] 19:26:02.076084 シナリオ走行を終了しました [シナリオ名: ログイン]
[ADMIN] 19:26:02.076095 シナリオ走行を開始しました [シナリオ名: ログイン]
[ADMIN] 19:26:02.216995 シナリオ走行を終了しました [シナリオ名: ログイン]
[ADMIN] 19:26:02.217008 シナリオ走行を開始しました [シナリオ名: ログイン]
[ADMIN] 19:26:02.277838 シナリオ走行を終了しました [シナリオ名: Banユーザログイン]
[ADMIN] 19:26:02.277860 シナリオ走行を開始しました [シナリオ名: Banユーザログイン]
[ADMIN] 19:26:02.279399 シナリオ走行を終了しました [シナリオ名: ログイン]
[ADMIN] 19:26:02.279408 シナリオ走行を開始しました [シナリオ名: ログイン]
[ADMIN] 19:26:02.281120 シナリオ走行を終了しました [シナリオ名: Banユーザログイン]
[ADMIN] 19:26:02.281133 シナリオ走行を開始しました [シナリオ名: Banユーザログイン]
[ADMIN] 19:26:02.281727 シナリオ走行を終了しました [シナリオ名: Banユーザログイン]
[ADMIN] 19:26:02.281736 シナリオ走行を開始しました [シナリオ名: Banユーザログイン]
[ADMIN] 19:26:02.287563 シナリオ走行を終了しました [シナリオ名: ログイン]
[ADMIN] 19:26:02.287574 シナリオ走行を開始しました [シナリオ名: ログイン]
[ADMIN] 19:26:02.366405 シナリオ走行を終了しました [シナリオ名: ログイン]
[ADMIN] 19:26:02.366418 シナリオ走行を開始しました [シナリオ名: ログイン]
[ADMIN] 19:26:02.376245 シナリオ走行を終了しました [シナリオ名: ログイン]
[ADMIN] 19:26:02.376257 シナリオ走行を開始しました [シナリオ名: ログイン]
[ADMIN] 19:26:02.382411 シナリオ走行を終了しました [シナリオ名: Banユーザログイン]
[ADMIN] 19:26:02.382427 シナリオ走行を開始しました [シナリオ名: Banユーザログイン]
[ADMIN] 19:26:02.405330 シナリオ走行を終了しました [シナリオ名: Banユーザログイン]
[ADMIN] 19:26:02.405340 シナリオ走行を開始しました [シナリオ名: Banユーザログイン]
[ADMIN] 19:26:02.415927 シナリオ走行を終了しました [シナリオ名: ログイン]
[ADMIN] 19:26:02.415938 シナリオ走行を開始しました [シナリオ名: ログイン]
[ADMIN] 19:26:02.450930 シナリオ走行を終了しました [シナリオ名: Banユーザログイン]
[ADMIN] 19:26:02.450946 シナリオ走行を開始しました [シナリオ名: Banユーザログイン]
[ADMIN] 19:26:02.540575 シナリオ走行を終了しました [シナリオ名: 新規ユーザー登録]
[ADMIN] 19:26:02.540597 シナリオ走行を開始しました [シナリオ名: 新規ユーザー登録]
[ADMIN] 19:26:02.609372 シナリオ走行を終了しました [シナリオ名: ログイン]
[ADMIN] 19:26:02.609385 シナリオ走行を開始しました [シナリオ名: ログイン]
[ADMIN] 19:26:02.643701 シナリオ走行を終了しました [シナリオ名: 新規ユーザー登録]
[ADMIN] 19:26:02.643746 シナリオ走行を開始しました [シナリオ名: 新規ユーザー登録]
[ADMIN] 19:26:02.672762 シナリオ走行を終了しました [シナリオ名: ログイン]
[ADMIN] 19:26:02.672777 シナリオ走行を開始しました [シナリオ名: ログイン]
[ADMIN] 19:26:02.696349 シナリオ走行を終了しました [シナリオ名: ログイン]
[ADMIN] 19:26:02.696361 シナリオ走行を開始しました [シナリオ名: ログイン]
[ADMIN] 19:26:02.700866 シナリオ走行を終了しました [シナリオ名: ログイン]
[ADMIN] 19:26:02.700878 シナリオ走行を開始しました [シナリオ名: ログイン]
[ADMIN] 19:26:02.705532 シナリオ走行を終了しました [シナリオ名: ログイン]
[ADMIN] 19:26:02.705565 シナリオ走行を開始しました [シナリオ名: ログイン]
[ADMIN] 19:26:02.705536 シナリオ走行を終了しました [シナリオ名: ログイン]
[ADMIN] 19:26:02.705578 シナリオ走行を開始しました [シナリオ名: ログイン]
[ADMIN] 19:26:02.705565 シナリオ走行を終了しました [シナリオ名: ログイン]
[ADMIN] 19:26:02.705659 シナリオ走行を開始しました [シナリオ名: ログイン]
[ADMIN] 19:26:02.709012 シナリオ走行を終了しました [シナリオ名: ログイン]
[ADMIN] 19:26:02.709023 シナリオ走行を開始しました [シナリオ名: ログイン]
[ADMIN] 19:26:02.770653 シナリオ走行を終了しました [シナリオ名: ログイン]
[ADMIN] 19:26:02.770668 シナリオ走行を開始しました [シナリオ名: ログイン]
[ADMIN] 19:26:02.800652 シナリオ走行を終了しました [シナリオ名: Banユーザログイン]
[ADMIN] 19:26:02.800672 シナリオ走行を開始しました [シナリオ名: Banユーザログイン]
[ADMIN] 19:26:02.810801 シナリオ走行を終了しました [シナリオ名: Banユーザログイン]
[ADMIN] 19:26:02.810819 シナリオ走行を開始しました [シナリオ名: Banユーザログイン]
[ADMIN] 19:26:02.812238 シナリオ走行を終了しました [シナリオ名: Banユーザログイン]
[ADMIN] 19:26:02.812252 シナリオ走行を開始しました [シナリオ名: Banユーザログイン]
[ADMIN] 19:26:02.823673 シナリオ走行を終了しました [シナリオ名: ログイン]
[ADMIN] 19:26:02.823688 シナリオ走行を開始しました [シナリオ名: ログイン]
[ADMIN] 19:26:02.838382 シナリオ走行を終了しました [シナリオ名: 新規ユーザー登録]
[ADMIN] 19:26:02.838403 シナリオ走行を開始しました [シナリオ名: 新規ユーザー登録]
[ADMIN] 19:26:02.861161 シナリオ走行を終了しました [シナリオ名: 新規ユーザー登録]
[ADMIN] 19:26:02.861185 シナリオ走行を開始しました [シナリオ名: 新規ユーザー登録]
[ADMIN] 19:26:02.927337 シナリオ走行を終了しました [シナリオ名: Banユーザログイン]
[ADMIN] 19:26:02.927356 シナリオ走行を開始しました [シナリオ名: Banユーザログイン]
[ADMIN] 19:26:02.927788 シナリオ走行を終了しました [シナリオ名: ログイン]
[ADMIN] 19:26:02.927800 シナリオ走行を開始しました [シナリオ名: ログイン]
[ADMIN] 19:26:02.945247 シナリオ走行を終了しました [シナリオ名: Banユーザログイン]
[ADMIN] 19:26:02.945264 シナリオ走行を開始しました [シナリオ名: Banユーザログイン]
[ADMIN] 19:26:02.975727 シナリオ走行を終了しました [シナリオ名: ログイン]
[ADMIN] 19:26:02.975744 シナリオ走行を開始しました [シナリオ名: ログイン]
[ADMIN] 19:26:02.977118 シナリオ走行を終了しました [シナリオ名: Banユーザログイン]
[ADMIN] 19:26:02.977131 シナリオ走行を開始しました [シナリオ名: Banユーザログイン]
19:26:03.055511 現在のログイン成功数: [total: 2215 (+899人)]
19:26:03.055520 現在のユーザー登録成功数: [total: 1053 (+387人)]
[ADMIN] 19:26:03.111330 シナリオ走行を終了しました [シナリオ名: ログイン]
[ADMIN] 19:26:03.111345 シナリオ走行を開始しました [シナリオ名: ログイン]
[ADMIN] 19:26:03.125381 シナリオ走行を終了しました [シナリオ名: 新規ユーザー登録]
[ADMIN] 19:26:03.125400 シナリオ走行を開始しました [シナリオ名: 新規ユーザー登録]
[ADMIN] 19:26:03.186108 シナリオ走行を終了しました [シナリオ名: ログイン]
[ADMIN] 19:26:03.186134 シナリオ走行を開始しました [シナリオ名: ログイン]
[ADMIN] 19:26:03.186180 シナリオ走行を開始しました [シナリオ名: ログイン]
[ADMIN] 19:26:03.186196 シナリオ走行を開始しました [シナリオ名: ログイン]
[ADMIN] 19:26:03.186233 シナリオ走行を開始しました [シナリオ名: ログイン]
[ADMIN] 19:26:03.186274 シナリオ走行を開始しました [シナリオ名: ログイン]
[ADMIN] 19:26:03.186288 シナリオ走行を開始しました [シナリオ名: ログイン]
[ADMIN] 19:26:03.186338 シナリオ走行を開始しました [シナリオ名: ログイン]
[ADMIN] 19:26:03.186372 シナリオ走行を開始しました [シナリオ名: ログイン]
[ADMIN] 19:26:03.186278 シナリオ走行を開始しました [シナリオ名: ログイン]
[ADMIN] 19:26:03.186279 シナリオ走行を開始しました [シナリオ名: ログイン]
[ADMIN] 19:26:03.186374 シナリオ走行を開始しました [シナリオ名: ログイン]
[ADMIN] 19:26:03.186280 シナリオ走行を開始しました [シナリオ名: ログイン]
[ADMIN] 19:26:03.186281 シナリオ走行を開始しました [シナリオ名: ログイン]
[ADMIN] 19:26:03.186282 シナリオ走行を開始しました [シナリオ名: ログイン]
[ADMIN] 19:26:03.186283 シナリオ走行を開始しました [シナリオ名: ログイン]
[ADMIN] 19:26:03.186285 シナリオ走行を開始しました [シナリオ名: ログイン]
[ADMIN] 19:26:03.194570 シナリオ走行を終了しました [シナリオ名: ログイン]
[ADMIN] 19:26:03.196392 シナリオ走行を終了しました [シナリオ名: ログイン]
[ADMIN] 19:26:03.256310 シナリオ走行を終了しました [シナリオ名: 新規ユーザー登録]
[ADMIN] 19:26:03.256334 シナリオ走行を開始しました [シナリオ名: 新規ユーザー登録]
[ADMIN] 19:26:03.287563 シナリオ走行を終了しました [シナリオ名: ログイン]
[ADMIN] 19:26:03.288999 シナリオ走行を終了しました [シナリオ名: 新規ユーザー登録]
[ADMIN] 19:26:03.289029 シナリオ走行を開始しました [シナリオ名: 新規ユーザー登録]
[ADMIN] 19:26:03.289051 シナリオ走行を開始しました [シナリオ名: 新規ユーザー登録]
[ADMIN] 19:26:03.289073 シナリオ走行を開始しました [シナリオ名: 新規ユーザー登録]
[ADMIN] 19:26:03.289120 シナリオ走行を開始しました [シナリオ名: 新規ユーザー登録]
[ADMIN] 19:26:03.289187 シナリオ走行を開始しました [シナリオ名: 新規ユーザー登録]
[ADMIN] 19:26:03.289201 シナリオ走行を開始しました [シナリオ名: 新規ユーザー登録]
[ADMIN] 19:26:03.289241 シナリオ走行を開始しました [シナリオ名: 新規ユーザー登録]
[ADMIN] 19:26:03.289189 シナリオ走行を開始しました [シナリオ名: 新規ユーザー登録]
[ADMIN] 19:26:03.289194 シナリオ走行を開始しました [シナリオ名: 新規ユーザー登録]
[ADMIN] 19:26:03.308743 シナリオ走行を終了しました [シナリオ名: Banユーザログイン]
[ADMIN] 19:26:03.308778 シナリオ走行を開始しました [シナリオ名: Banユーザログイン]
[ADMIN] 19:26:03.332542 シナリオ走行を終了しました [シナリオ名: Banユーザログイン]
[ADMIN] 19:26:03.332578 シナリオ走行を開始しました [シナリオ名: Banユーザログイン]
[ADMIN] 19:26:03.332582 シナリオ走行を開始しました [シナリオ名: Banユーザログイン]
[ADMIN] 19:26:03.332591 シナリオ走行を開始しました [シナリオ名: Banユーザログイン]
[ADMIN] 19:26:03.365734 シナリオ走行を終了しました [シナリオ名: Banユーザログイン]
[ADMIN] 19:26:03.427569 シナリオ走行を終了しました [シナリオ名: ログイン]
[ADMIN] 19:26:03.449069 シナリオ走行を終了しました [シナリオ名: Banユーザログイン]
[ADMIN] 19:26:03.477651 シナリオ走行を終了しました [シナリオ名: Banユーザログイン]
[ADMIN] 19:26:03.509071 シナリオ走行を終了しました [シナリオ名: Banユーザログイン]
[ADMIN] 19:26:03.612896 シナリオ走行を終了しました [シナリオ名: 新規ユーザー登録]
[ADMIN] 19:26:03.636148 シナリオ走行を終了しました [シナリオ名: 新規ユーザー登録]
[ADMIN] 19:26:03.643603 シナリオ走行を終了しました [シナリオ名: ログイン]
[ADMIN] 19:26:03.680737 シナリオ走行を終了しました [シナリオ名: ログイン]
[ADMIN] 19:26:03.682221 シナリオ走行を終了しました [シナリオ名: 新規ユーザー登録]
[ADMIN] 19:26:03.685154 シナリオ走行を終了しました [シナリオ名: ログイン]
[ADMIN] 19:26:03.715210 シナリオ走行を終了しました [シナリオ名: ログイン]
[ADMIN] 19:26:03.740107 シナリオ走行を終了しました [シナリオ名: ログイン]
[ADMIN] 19:26:03.771259 シナリオ走行を終了しました [シナリオ名: 新規ユーザー登録]
[ADMIN] 19:26:03.800527 シナリオ走行を終了しました [シナリオ名: 新規ユーザー登録]
[ADMIN] 19:26:03.835122 シナリオ走行を終了しました [シナリオ名: ログイン]
[ADMIN] 19:26:03.886365 シナリオ走行を終了しました [シナリオ名: 新規ユーザー登録]
[ADMIN] 19:26:03.890546 シナリオ走行を終了しました [シナリオ名: Banユーザログイン]
[ADMIN] 19:26:03.893924 シナリオ走行を終了しました [シナリオ名: ログイン]
[ADMIN] 19:26:03.896075 シナリオ走行を終了しました [シナリオ名: ログイン]
[ADMIN] 19:26:03.901536 シナリオ走行を終了しました [シナリオ名: ログイン]
[ADMIN] 19:26:03.917181 シナリオ走行を終了しました [シナリオ名: ログイン]
[ADMIN] 19:26:03.921221 シナリオ走行を終了しました [シナリオ名: Banユーザログイン]
[ADMIN] 19:26:03.921241 シナリオ走行を開始しました [シナリオ名: Banユーザログイン]
[ADMIN] 19:26:03.921242 シナリオ走行を開始しました [シナリオ名: Banユーザログイン]
[ADMIN] 19:26:03.921257 シナリオ走行を開始しました [シナリオ名: Banユーザログイン]
[ADMIN] 19:26:03.921314 シナリオ走行を開始しました [シナリオ名: Banユーザログイン]
[ADMIN] 19:26:03.921373 シナリオ走行を開始しました [シナリオ名: Banユーザログイン]
[ADMIN] 19:26:03.921376 シナリオ走行を開始しました [シナリオ名: Banユーザログイン]
[ADMIN] 19:26:03.924103 シナリオ走行を終了しました [シナリオ名: ログイン]
[ADMIN] 19:26:03.941737 シナリオ走行を終了しました [シナリオ名: Banユーザログイン]
[ADMIN] 19:26:03.941745 シナリオ走行を開始しました [シナリオ名: Banユーザログイン]
[ADMIN] 19:26:03.944972 シナリオ走行を終了しました [シナリオ名: Banユーザログイン]
[ADMIN] 19:26:03.944981 シナリオ走行を開始しました [シナリオ名: Banユーザログイン]
[ADMIN] 19:26:03.958904 シナリオ走行を終了しました [シナリオ名: 新規ユーザー登録]
[ADMIN] 19:26:03.975100 シナリオ走行を終了しました [シナリオ名: ログイン]
[ADMIN] 19:26:04.039563 シナリオ走行を終了しました [シナリオ名: ログイン]
[ADMIN] 19:26:04.083882 シナリオ走行を終了しました [シナリオ名: 新規ユーザー登録]
[ADMIN] 19:26:04.086650 シナリオ走行を終了しました [シナリオ名: 新規ユーザー登録]
[ADMIN] 19:26:04.114572 シナリオ走行を終了しました [シナリオ名: ログイン]
[ADMIN] 19:26:04.130346 シナリオ走行を終了しました [シナリオ名: 新規ユーザー登録]
[ADMIN] 19:26:04.177417 シナリオ走行を終了しました [シナリオ名: ログイン]
[ADMIN] 19:26:04.177906 シナリオ走行を終了しました [シナリオ名: 新規ユーザー登録]
[ADMIN] 19:26:04.196025 シナリオ走行を終了しました [シナリオ名: ログイン]
[ADMIN] 19:26:04.203477 シナリオ走行を終了しました [シナリオ名: ログイン]
[ADMIN] 19:26:04.206126 シナリオ走行を終了しました [シナリオ名: ログイン]
[ADMIN] 19:26:04.211081 シナリオ走行を終了しました [シナリオ名: ログイン]
[ADMIN] 19:26:04.227304 シナリオ走行を終了しました [シナリオ名: ログイン]
[ADMIN] 19:26:04.232092 シナリオ走行を終了しました [シナリオ名: 新規ユーザー登録]
[ADMIN] 19:26:04.290928 シナリオ走行を終了しました [シナリオ名: 新規ユーザー登録]
[ADMIN] 19:26:04.328087 シナリオ走行を終了しました [シナリオ名: 新規ユーザー登録]
[ADMIN] 19:26:04.334023 シナリオ走行を終了しました [シナリオ名: ログイン]
[ADMIN] 19:26:04.334039 シナリオ走行を開始しました [シナリオ名: ログイン]
[ADMIN] 19:26:04.334059 シナリオ走行を開始しました [シナリオ名: ログイン]
[ADMIN] 19:26:04.334117 シナリオ走行を開始しました [シナリオ名: ログイン]
[ADMIN] 19:26:04.334146 シナリオ走行を開始しました [シナリオ名: ログイン]
[ADMIN] 19:26:04.334193 シナリオ走行を開始しました [シナリオ名: ログイン]
[ADMIN] 19:26:04.334203 シナリオ走行を開始しました [シナリオ名: ログイン]
[ADMIN] 19:26:04.334293 シナリオ走行を開始しました [シナリオ名: ログイン]
[ADMIN] 19:26:04.334306 シナリオ走行を開始しました [シナリオ名: ログイン]
[ADMIN] 19:26:04.334309 シナリオ走行を開始しました [シナリオ名: ログイン]
[ADMIN] 19:26:04.334366 シナリオ走行を開始しました [シナリオ名: ログイン]
[ADMIN] 19:26:04.334307 シナリオ走行を開始しました [シナリオ名: ログイン]
[ADMIN] 19:26:04.334296 シナリオ走行を開始しました [シナリオ名: ログイン]
[ADMIN] 19:26:04.334194 シナリオ走行を開始しました [シナリオ名: ログイン]
[ADMIN] 19:26:04.334127 シナリオ走行を開始しました [シナリオ名: ログイン]
[ADMIN] 19:26:04.334129 シナリオ走行を開始しました [シナリオ名: ログイン]
[ADMIN] 19:26:04.334130 シナリオ走行を開始しました [シナリオ名: ログイン]
[ADMIN] 19:26:04.334132 シナリオ走行を開始しました [シナリオ名: ログイン]
[ADMIN] 19:26:04.334133 シナリオ走行を開始しました [シナリオ名: ログイン]
[ADMIN] 19:26:04.334137 シナリオ走行を開始しました [シナリオ名: ログイン]
[ADMIN] 19:26:04.334143 シナリオ走行を開始しました [シナリオ名: ログイン]
[ADMIN] 19:26:04.334144 シナリオ走行を開始しました [シナリオ名: ログイン]
[ADMIN] 19:26:04.334298 シナリオ走行を開始しました [シナリオ名: ログイン]
[ADMIN] 19:26:04.334390 シナリオ走行を開始しました [シナリオ名: ログイン]
[ADMIN] 19:26:04.334124 シナリオ走行を開始しました [シナリオ名: ログイン]
[ADMIN] 19:26:04.334393 シナリオ走行を開始しました [シナリオ名: ログイン]
[ADMIN] 19:26:04.370786 シナリオ走行を終了しました [シナリオ名: ログイン]
[ADMIN] 19:26:04.429339 シナリオ走行を終了しました [シナリオ名: ログイン]
[ADMIN] 19:26:04.444040 シナリオ走行を終了しました [シナリオ名: ログイン]
[ADMIN] 19:26:04.444053 シナリオ走行を開始しました [シナリオ名: ログイン]
[ADMIN] 19:26:04.444113 シナリオ走行を開始しました [シナリオ名: ログイン]
[ADMIN] 19:26:04.444128 シナリオ走行を開始しました [シナリオ名: ログイン]
[ADMIN] 19:26:04.449568 シナリオ走行を終了しました [シナリオ名: Banユーザログイン]
[ADMIN] 19:26:04.449583 シナリオ走行を開始しました [シナリオ名: Banユーザログイン]
[ADMIN] 19:26:04.463033 シナリオ走行を終了しました [シナリオ名: Banユーザログイン]
[ADMIN] 19:26:04.463044 シナリオ走行を開始しました [シナリオ名: Banユーザログイン]
[ADMIN] 19:26:04.463046 シナリオ走行を終了しました [シナリオ名: Banユーザログイン]
[ADMIN] 19:26:04.463054 シナリオ走行を開始しました [シナリオ名: Banユーザログイン]
[ADMIN] 19:26:04.477990 シナリオ走行を終了しました [シナリオ名: Banユーザログイン]
[ADMIN] 19:26:04.478007 シナリオ走行を開始しました [シナリオ名: Banユーザログイン]
[ADMIN] 19:26:04.480724 シナリオ走行を終了しました [シナリオ名: Banユーザログイン]
[ADMIN] 19:26:04.480733 シナリオ走行を開始しました [シナリオ名: Banユーザログイン]
[ADMIN] 19:26:04.480733 シナリオ走行を終了しました [シナリオ名: Banユーザログイン]
[ADMIN] 19:26:04.480747 シナリオ走行を開始しました [シナリオ名: Banユーザログイン]
[ADMIN] 19:26:04.490873 シナリオ走行を終了しました [シナリオ名: Banユーザログイン]
[ADMIN] 19:26:04.490886 シナリオ走行を開始しました [シナリオ名: Banユーザログイン]
[ADMIN] 19:26:04.511319 シナリオ走行を終了しました [シナリオ名: Banユーザログイン]
[ADMIN] 19:26:04.511338 シナリオ走行を開始しました [シナリオ名: Banユーザログイン]
[ADMIN] 19:26:04.694403 シナリオ走行を終了しました [シナリオ名: ログイン]
[ADMIN] 19:26:04.694417 シナリオ走行を開始しました [シナリオ名: ログイン]
[ADMIN] 19:26:04.802730 シナリオ走行を終了しました [シナリオ名: ログイン]
[ADMIN] 19:26:04.874745 シナリオ走行を終了しました [シナリオ名: ログイン]
[ADMIN] 19:26:04.874761 シナリオ走行を開始しました [シナリオ名: ログイン]
[ADMIN] 19:26:04.874813 シナリオ走行を開始しました [シナリオ名: ログイン]
[ADMIN] 19:26:04.922475 シナリオ走行を終了しました [シナリオ名: ログイン]
[ADMIN] 19:26:04.922489 シナリオ走行を開始しました [シナリオ名: ログイン]
[ADMIN] 19:26:04.955261 シナリオ走行を終了しました [シナリオ名: ログイン]
[ADMIN] 19:26:04.955273 シナリオ走行を開始しました [シナリオ名: ログイン]
[ADMIN] 19:26:04.977737 シナリオ走行を終了しました [シナリオ名: ログイン]
[ADMIN] 19:26:04.977749 シナリオ走行を開始しました [シナリオ名: ログイン]
[ADMIN] 19:26:04.984034 シナリオ走行を終了しました [シナリオ名: ログイン]
[ADMIN] 19:26:04.993473 シナリオ走行を終了しました [シナリオ名: ログイン]
[ADMIN] 19:26:04.993485 シナリオ走行を開始しました [シナリオ名: ログイン]
[ADMIN] 19:26:04.993538 シナリオ走行を開始しました [シナリオ名: ログイン]
[ADMIN] 19:26:05.031212 シナリオ走行を終了しました [シナリオ名: Banユーザログイン]
[ADMIN] 19:26:05.031235 シナリオ走行を開始しました [シナリオ名: Banユーザログイン]
[ADMIN] 19:26:05.058066 シナリオ走行を終了しました [シナリオ名: ログイン]
[ADMIN] 19:26:05.059337 シナリオ走行を終了しました [シナリオ名: ログイン]
[ADMIN] 19:26:05.070413 シナリオ走行を終了しました [シナリオ名: 新規ユーザー登録]
[ADMIN] 19:26:05.081538 シナリオ走行を終了しました [シナリオ名: Banユーザログイン]
[ADMIN] 19:26:05.081557 シナリオ走行を開始しました [シナリオ名: Banユーザログイン]
[ADMIN] 19:26:05.111635 シナリオ走行を終了しました [シナリオ名: ログイン]
[ADMIN] 19:26:05.124455 シナリオ走行を終了しました [シナリオ名: Banユーザログイン]
[ADMIN] 19:26:05.124475 シナリオ走行を開始しました [シナリオ名: Banユーザログイン]
[ADMIN] 19:26:05.143976 シナリオ走行を終了しました [シナリオ名: Banユーザログイン]
[ADMIN] 19:26:05.144000 シナリオ走行を開始しました [シナリオ名: Banユーザログイン]
[ADMIN] 19:26:05.144434 シナリオ走行を終了しました [シナリオ名: Banユーザログイン]
[ADMIN] 19:26:05.144450 シナリオ走行を開始しました [シナリオ名: Banユーザログイン]
[ADMIN] 19:26:05.150407 シナリオ走行を終了しました [シナリオ名: Banユーザログイン]
[ADMIN] 19:26:05.150420 シナリオ走行を開始しました [シナリオ名: Banユーザログイン]
[ADMIN] 19:26:05.165633 シナリオ走行を終了しました [シナリオ名: ログイン]
[ADMIN] 19:26:05.166632 シナリオ走行を終了しました [シナリオ名: Banユーザログイン]
[ADMIN] 19:26:05.166647 シナリオ走行を開始しました [シナリオ名: Banユーザログイン]
[ADMIN] 19:26:05.170062 シナリオ走行を終了しました [シナリオ名: Banユーザログイン]
[ADMIN] 19:26:05.170076 シナリオ走行を開始しました [シナリオ名: Banユーザログイン]
[ADMIN] 19:26:05.205047 シナリオ走行を終了しました [シナリオ名: ログイン]
[ADMIN] 19:26:05.205064 シナリオ走行を開始しました [シナリオ名: ログイン]
[ADMIN] 19:26:05.205125 シナリオ走行を開始しました [シナリオ名: ログイン]
[ADMIN] 19:26:05.205132 シナリオ走行を開始しました [シナリオ名: ログイン]
[ADMIN] 19:26:05.205126 シナリオ走行を開始しました [シナリオ名: ログイン]
[ADMIN] 19:26:05.205129 シナリオ走行を開始しました [シナリオ名: ログイン]
[ADMIN] 19:26:05.265779 シナリオ走行を終了しました [シナリオ名: ログイン]
[ADMIN] 19:26:05.326891 シナリオ走行を終了しました [シナリオ名: ログイン]
[ADMIN] 19:26:05.358820 シナリオ走行を終了しました [シナリオ名: 新規ユーザー登録]
[ADMIN] 19:26:05.361348 シナリオ走行を終了しました [シナリオ名: ログイン]
[ADMIN] 19:26:05.361359 シナリオ走行を開始しました [シナリオ名: ログイン]
[ADMIN] 19:26:05.361417 シナリオ走行を開始しました [シナリオ名: ログイン]
[ADMIN] 19:26:05.361424 シナリオ走行を開始しました [シナリオ名: ログイン]
[ADMIN] 19:26:05.407111 シナリオ走行を終了しました [シナリオ名: ログイン]
[ADMIN] 19:26:05.435194 シナリオ走行を終了しました [シナリオ名: ログイン]
[ADMIN] 19:26:05.439151 シナリオ走行を終了しました [シナリオ名: ログイン]
[ADMIN] 19:26:05.439164 シナリオ走行を開始しました [シナリオ名: ログイン]
[ADMIN] 19:26:05.439215 シナリオ走行を開始しました [シナリオ名: ログイン]
[ADMIN] 19:26:05.439236 シナリオ走行を開始しました [シナリオ名: ログイン]
[ADMIN] 19:26:05.453873 シナリオ走行を終了しました [シナリオ名: ログイン]
[ADMIN] 19:26:05.453883 シナリオ走行を開始しました [シナリオ名: ログイン]
[ADMIN] 19:26:05.531429 シナリオ走行を終了しました [シナリオ名: ログイン]
[ADMIN] 19:26:05.531439 シナリオ走行を開始しました [シナリオ名: ログイン]
[ADMIN] 19:26:05.579843 シナリオ走行を終了しました [シナリオ名: Banユーザログイン]
[ADMIN] 19:26:05.579863 シナリオ走行を開始しました [シナリオ名: Banユーザログイン]
[ADMIN] 19:26:05.590033 シナリオ走行を終了しました [シナリオ名: ログイン]
[ADMIN] 19:26:05.590043 シナリオ走行を開始しました [シナリオ名: ログイン]
[ADMIN] 19:26:05.625130 シナリオ走行を終了しました [シナリオ名: Banユーザログイン]
[ADMIN] 19:26:05.625149 シナリオ走行を開始しました [シナリオ名: Banユーザログイン]
[ADMIN] 19:26:05.663232 シナリオ走行を終了しました [シナリオ名: Banユーザログイン]
[ADMIN] 19:26:05.663244 シナリオ走行を終了しました [シナリオ名: Banユーザログイン]
[ADMIN] 19:26:05.663248 シナリオ走行を開始しました [シナリオ名: Banユーザログイン]
[ADMIN] 19:26:05.663260 シナリオ走行を開始しました [シナリオ名: Banユーザログイン]
[ADMIN] 19:26:05.670959 シナリオ走行を終了しました [シナリオ名: Banユーザログイン]
[ADMIN] 19:26:05.670973 シナリオ走行を開始しました [シナリオ名: Banユーザログイン]
[ADMIN] 19:26:05.684306 シナリオ走行を終了しました [シナリオ名: Banユーザログイン]
[ADMIN] 19:26:05.684323 シナリオ走行を開始しました [シナリオ名: Banユーザログイン]
[ADMIN] 19:26:05.686778 シナリオ走行を終了しました [シナリオ名: Banユーザログイン]
[ADMIN] 19:26:05.686792 シナリオ走行を開始しました [シナリオ名: Banユーザログイン]
[ADMIN] 19:26:05.698530 シナリオ走行を終了しました [シナリオ名: Banユーザログイン]
[ADMIN] 19:26:05.698543 シナリオ走行を開始しました [シナリオ名: Banユーザログイン]
[ADMIN] 19:26:05.731973 シナリオ走行を終了しました [シナリオ名: ログイン]
[ADMIN] 19:26:05.731985 シナリオ走行を開始しました [シナリオ名: ログイン]
[ADMIN] 19:26:05.842438 シナリオ走行を終了しました [シナリオ名: ログイン]
[ADMIN] 19:26:05.842453 シナリオ走行を開始しました [シナリオ名: ログイン]
[ADMIN] 19:26:05.848866 シナリオ走行を終了しました [シナリオ名: ログイン]
[ADMIN] 19:26:05.848878 シナリオ走行を開始しました [シナリオ名: ログイン]
[ADMIN] 19:26:05.879234 シナリオ走行を終了しました [シナリオ名: ログイン]
[ADMIN] 19:26:05.879247 シナリオ走行を開始しました [シナリオ名: ログイン]
[ADMIN] 19:26:05.897442 シナリオ走行を終了しました [シナリオ名: ログイン]
[ADMIN] 19:26:05.897455 シナリオ走行を開始しました [シナリオ名: ログイン]
[ADMIN] 19:26:05.945725 シナリオ走行を終了しました [シナリオ名: ログイン]
[ADMIN] 19:26:05.945739 シナリオ走行を開始しました [シナリオ名: ログイン]
[ADMIN] 19:26:05.956870 シナリオ走行を終了しました [シナリオ名: ログイン]
[ADMIN] 19:26:05.956884 シナリオ走行を開始しました [シナリオ名: ログイン]
[ADMIN] 19:26:06.012980 シナリオ走行を終了しました [シナリオ名: ログイン]
[ADMIN] 19:26:06.012996 シナリオ走行を開始しました [シナリオ名: ログイン]
[ADMIN] 19:26:06.023011 シナリオ走行を終了しました [シナリオ名: ログイン]
[ADMIN] 19:26:06.023028 シナリオ走行を開始しました [シナリオ名: ログイン]
[ADMIN] 19:26:06.028865 シナリオ走行を終了しました [シナリオ名: 新規ユーザー登録]
[ADMIN] 19:26:06.033989 シナリオ走行を終了しました [シナリオ名: ログイン]
[ADMIN] 19:26:06.034008 シナリオ走行を開始しました [シナリオ名: ログイン]
[ADMIN] 19:26:06.035818 シナリオ走行を終了しました [シナリオ名: 新規ユーザー登録]
[ADMIN] 19:26:06.035866 シナリオ走行を開始しました [シナリオ名: 新規ユーザー登録]
[ADMIN] 19:26:06.035910 シナリオ走行を開始しました [シナリオ名: 新規ユーザー登録]
[ADMIN] 19:26:06.035920 シナリオ走行を開始しました [シナリオ名: 新規ユーザー登録]
[ADMIN] 19:26:06.035974 シナリオ走行を開始しました [シナリオ名: 新規ユーザー登録]
[ADMIN] 19:26:06.036019 シナリオ走行を開始しました [シナリオ名: 新規ユーザー登録]
[ADMIN] 19:26:06.036055 シナリオ走行を開始しました [シナリオ名: 新規ユーザー登録]
[ADMIN] 19:26:06.036070 シナリオ走行を開始しました [シナリオ名: 新規ユーザー登録]
[ADMIN] 19:26:06.036131 シナリオ走行を開始しました [シナリオ名: 新規ユーザー登録]
[ADMIN] 19:26:06.036173 シナリオ走行を開始しました [シナリオ名: 新規ユーザー登録]
[ADMIN] 19:26:06.036264 シナリオ走行を開始しました [シナリオ名: 新規ユーザー登録]
[ADMIN] 19:26:06.036177 シナリオ走行を開始しました [シナリオ名: 新規ユーザー登録]
[ADMIN] 19:26:06.036399 シナリオ走行を開始しました [シナリオ名: 新規ユーザー登録]
[ADMIN] 19:26:06.035913 シナリオ走行を開始しました [シナリオ名: 新規ユーザー登録]
[ADMIN] 19:26:06.036486 シナリオ走行を開始しました [シナリオ名: 新規ユーザー登録]
[ADMIN] 19:26:06.036535 シナリオ走行を開始しました [シナリオ名: 新規ユーザー登録]
[ADMIN] 19:26:06.036552 シナリオ走行を開始しました [シナリオ名: 新規ユーザー登録]
[ADMIN] 19:26:06.036656 シナリオ走行を開始しました [シナリオ名: 新規ユーザー登録]
[ADMIN] 19:26:06.036853 シナリオ走行を開始しました [シナリオ名: 新規ユーザー登録]
[ADMIN] 19:26:06.060393 シナリオ走行を終了しました [シナリオ名: ログイン]
[ADMIN] 19:26:06.060407 シナリオ走行を開始しました [シナリオ名: ログイン]
[ADMIN] 19:26:06.107934 シナリオ走行を終了しました [シナリオ名: Banユーザログイン]
[ADMIN] 19:26:06.107956 シナリオ走行を開始しました [シナリオ名: Banユーザログイン]
[ADMIN] 19:26:06.117497 シナリオ走行を終了しました [シナリオ名: ログイン]
[ADMIN] 19:26:06.117513 シナリオ走行を開始しました [シナリオ名: ログイン]
[ADMIN] 19:26:06.141801 シナリオ走行を終了しました [シナリオ名: 新規ユーザー登録]
[ADMIN] 19:26:06.141832 シナリオ走行を開始しました [シナリオ名: 新規ユーザー登録]
[ADMIN] 19:26:06.147320 シナリオ走行を終了しました [シナリオ名: 新規ユーザー登録]
[ADMIN] 19:26:06.147343 シナリオ走行を開始しました [シナリオ名: 新規ユーザー登録]
[ADMIN] 19:26:06.172987 シナリオ走行を終了しました [シナリオ名: Banユーザログイン]
[ADMIN] 19:26:06.173004 シナリオ走行を開始しました [シナリオ名: Banユーザログイン]
[ADMIN] 19:26:06.213091 シナリオ走行を終了しました [シナリオ名: Banユーザログイン]
[ADMIN] 19:26:06.213115 シナリオ走行を開始しました [シナリオ名: Banユーザログイン]
[ADMIN] 19:26:06.222576 シナリオ走行を終了しました [シナリオ名: Banユーザログイン]
[ADMIN] 19:26:06.222610 シナリオ走行を開始しました [シナリオ名: Banユーザログイン]
[ADMIN] 19:26:06.222586 シナリオ走行を終了しました [シナリオ名: Banユーザログイン]
[ADMIN] 19:26:06.222665 シナリオ走行を開始しました [シナリオ名: Banユーザログイン]
[ADMIN] 19:26:06.231169 シナリオ走行を終了しました [シナリオ名: Banユーザログイン]
[ADMIN] 19:26:06.231190 シナリオ走行を開始しました [シナリオ名: Banユーザログイン]
[ADMIN] 19:26:06.238942 シナリオ走行を終了しました [シナリオ名: Banユーザログイン]
[ADMIN] 19:26:06.238960 シナリオ走行を開始しました [シナリオ名: Banユーザログイン]
[ADMIN] 19:26:06.242428 シナリオ走行を終了しました [シナリオ名: 新規ユーザー登録]
[ADMIN] 19:26:06.298868 シナリオ走行を終了しました [シナリオ名: Banユーザログイン]
[ADMIN] 19:26:06.298887 シナリオ走行を開始しました [シナリオ名: Banユーザログイン]
[ADMIN] 19:26:06.442064 シナリオ走行を終了しました [シナリオ名: 新規ユーザー登録]
[ADMIN] 19:26:06.442098 シナリオ走行を開始しました [シナリオ名: 新規ユーザー登録]
[ADMIN] 19:26:06.442098 シナリオ走行を開始しました [シナリオ名: 新規ユーザー登録]
[ADMIN] 19:26:06.471980 シナリオ走行を終了しました [シナリオ名: 新規ユーザー登録]
[ADMIN] 19:26:06.472012 シナリオ走行を開始しました [シナリオ名: 新規ユーザー登録]
[ADMIN] 19:26:06.551158 シナリオ走行を終了しました [シナリオ名: ログイン]
[ADMIN] 19:26:06.551176 シナリオ走行を開始しました [シナリオ名: ログイン]
[ADMIN] 19:26:06.580132 シナリオ走行を終了しました [シナリオ名: 新規ユーザー登録]
[ADMIN] 19:26:06.587182 シナリオ走行を終了しました [シナリオ名: 新規ユーザー登録]
[ADMIN] 19:26:06.595772 シナリオ走行を終了しました [シナリオ名: 新規ユーザー登録]
[ADMIN] 19:26:06.595828 シナリオ走行を開始しました [シナリオ名: 新規ユーザー登録]
[ADMIN] 19:26:06.595835 シナリオ走行を開始しました [シナリオ名: 新規ユーザー登録]
[ADMIN] 19:26:06.595835 シナリオ走行を開始しました [シナリオ名: 新規ユーザー登録]
[ADMIN] 19:26:06.600851 シナリオ走行を終了しました [シナリオ名: 新規ユーザー登録]
[ADMIN] 19:26:06.600867 シナリオ走行を開始しました [シナリオ名: 新規ユーザー登録]
[ADMIN] 19:26:06.613109 シナリオ走行を終了しました [シナリオ名: ログイン]
[ADMIN] 19:26:06.613119 シナリオ走行を開始しました [シナリオ名: ログイン]
[ADMIN] 19:26:06.702763 シナリオ走行を終了しました [シナリオ名: 新規ユーザー登録]
[ADMIN] 19:26:06.702785 シナリオ走行を開始しました [シナリオ名: 新規ユーザー登録]
[ADMIN] 19:26:06.710045 シナリオ走行を終了しました [シナリオ名: 新規ユーザー登録]
[ADMIN] 19:26:06.710059 シナリオ走行を開始しました [シナリオ名: 新規ユーザー登録]
[ADMIN] 19:26:06.796814 シナリオ走行を終了しました [シナリオ名: Banユーザログイン]
[ADMIN] 19:26:06.796842 シナリオ走行を開始しました [シナリオ名: Banユーザログイン]
[ADMIN] 19:26:06.806807 シナリオ走行を終了しました [シナリオ名: Banユーザログイン]
[ADMIN] 19:26:06.806824 シナリオ走行を開始しました [シナリオ名: Banユーザログイン]
[ADMIN] 19:26:06.808962 シナリオ走行を終了しました [シナリオ名: ログイン]
[ADMIN] 19:26:06.808972 シナリオ走行を開始しました [シナリオ名: ログイン]
[ADMIN] 19:26:06.819252 シナリオ走行を終了しました [シナリオ名: Banユーザログイン]
[ADMIN] 19:26:06.819268 シナリオ走行を開始しました [シナリオ名: Banユーザログイン]
[ADMIN] 19:26:06.827361 シナリオ走行を終了しました [シナリオ名: Banユーザログイン]
[ADMIN] 19:26:06.827371 シナリオ走行を開始しました [シナリオ名: Banユーザログイン]
[ADMIN] 19:26:06.836236 シナリオ走行を終了しました [シナリオ名: Banユーザログイン]
[ADMIN] 19:26:06.836247 シナリオ走行を開始しました [シナリオ名: Banユーザログイン]
[ADMIN] 19:26:06.864562 シナリオ走行を終了しました [シナリオ名: ログイン]
[ADMIN] 19:26:06.864573 シナリオ走行を開始しました [シナリオ名: ログイン]
[ADMIN] 19:26:06.880556 シナリオ走行を終了しました [シナリオ名: Banユーザログイン]
[ADMIN] 19:26:06.880574 シナリオ走行を開始しました [シナリオ名: Banユーザログイン]
[ADMIN] 19:26:06.917942 シナリオ走行を終了しました [シナリオ名: ログイン]
[ADMIN] 19:26:06.917961 シナリオ走行を開始しました [シナリオ名: ログイン]
[ADMIN] 19:26:06.940596 シナリオ走行を終了しました [シナリオ名: ログイン]
[ADMIN] 19:26:06.940614 シナリオ走行を開始しました [シナリオ名: ログイン]
[ADMIN] 19:26:06.951053 シナリオ走行を終了しました [シナリオ名: Banユーザログイン]
[ADMIN] 19:26:06.951065 シナリオ走行を開始しました [シナリオ名: Banユーザログイン]
[ADMIN] 19:26:06.979350 シナリオ走行を終了しました [シナリオ名: ログイン]
[ADMIN] 19:26:06.979359 シナリオ走行を開始しました [シナリオ名: ログイン]
[ADMIN] 19:26:06.979865 シナリオ走行を終了しました [シナリオ名: ログイン]
[ADMIN] 19:26:06.979872 シナリオ走行を開始しました [シナリオ名: ログイン]
[ADMIN] 19:26:06.991396 シナリオ走行を終了しました [シナリオ名: Banユーザログイン]
[ADMIN] 19:26:06.991408 シナリオ走行を開始しました [シナリオ名: Banユーザログイン]
[ADMIN] 19:26:06.996057 シナリオ走行を終了しました [シナリオ名: ログイン]
[ADMIN] 19:26:06.996065 シナリオ走行を開始しました [シナリオ名: ログイン]
[ADMIN] 19:26:06.998040 シナリオ走行を終了しました [シナリオ名: ログイン]
[ADMIN] 19:26:06.998048 シナリオ走行を開始しました [シナリオ名: ログイン]
[ADMIN] 19:26:07.000807 シナリオ走行を終了しました [シナリオ名: ログイン]
[ADMIN] 19:26:07.000817 シナリオ走行を開始しました [シナリオ名: ログイン]
[ADMIN] 19:26:07.005990 シナリオ走行を終了しました [シナリオ名: ログイン]
[ADMIN] 19:26:07.005999 シナリオ走行を開始しました [シナリオ名: ログイン]
[ADMIN] 19:26:07.009714 シナリオ走行を終了しました [シナリオ名: ログイン]
[ADMIN] 19:26:07.009724 シナリオ走行を開始しました [シナリオ名: ログイン]
[ADMIN] 19:26:07.058751 シナリオ走行を終了しました [シナリオ名: ログイン]
[ADMIN] 19:26:07.058765 シナリオ走行を開始しました [シナリオ名: ログイン]
[ADMIN] 19:26:07.071364 シナリオ走行を終了しました [シナリオ名: ログイン]
[ADMIN] 19:26:07.071380 シナリオ走行を開始しました [シナリオ名: ログイン]
[ADMIN] 19:26:07.098706 シナリオ走行を終了しました [シナリオ名: ログイン]
[ADMIN] 19:26:07.098724 シナリオ走行を開始しました [シナリオ名: ログイン]
[ADMIN] 19:26:07.099224 シナリオ走行を終了しました [シナリオ名: ログイン]
[ADMIN] 19:26:07.099233 シナリオ走行を開始しました [シナリオ名: ログイン]
[ADMIN] 19:26:07.114952 シナリオ走行を終了しました [シナリオ名: ログイン]
[ADMIN] 19:26:07.114968 シナリオ走行を開始しました [シナリオ名: ログイン]
[ADMIN] 19:26:07.129694 シナリオ走行を終了しました [シナリオ名: ログイン]
[ADMIN] 19:26:07.129705 シナリオ走行を開始しました [シナリオ名: ログイン]
[ADMIN] 19:26:07.131101 シナリオ走行を終了しました [シナリオ名: ログイン]
[ADMIN] 19:26:07.131109 シナリオ走行を開始しました [シナリオ名: ログイン]
[ADMIN] 19:26:07.140976 シナリオ走行を終了しました [シナリオ名: ログイン]
[ADMIN] 19:26:07.140984 シナリオ走行を開始しました [シナリオ名: ログイン]
[ADMIN] 19:26:07.250530 シナリオ走行を終了しました [シナリオ名: ログイン]
[ADMIN] 19:26:07.250545 シナリオ走行を開始しました [シナリオ名: ログイン]
[ADMIN] 19:26:07.298778 シナリオ走行を終了しました [シナリオ名: ログイン]
[ADMIN] 19:26:07.298792 シナリオ走行を開始しました [シナリオ名: ログイン]
[ADMIN] 19:26:07.330792 シナリオ走行を終了しました [シナリオ名: ログイン]
[ADMIN] 19:26:07.330805 シナリオ走行を開始しました [シナリオ名: ログイン]
[ADMIN] 19:26:07.336650 シナリオ走行を終了しました [シナリオ名: Banユーザログイン]
[ADMIN] 19:26:07.336658 シナリオ走行を終了しました [シナリオ名: Banユーザログイン]
[ADMIN] 19:26:07.336664 シナリオ走行を開始しました [シナリオ名: Banユーザログイン]
[ADMIN] 19:26:07.336669 シナリオ走行を開始しました [シナリオ名: Banユーザログイン]
[ADMIN] 19:26:07.387625 シナリオ走行を終了しました [シナリオ名: ログイン]
[ADMIN] 19:26:07.387638 シナリオ走行を開始しました [シナリオ名: ログイン]
[ADMIN] 19:26:07.396120 シナリオ走行を終了しました [シナリオ名: Banユーザログイン]
[ADMIN] 19:26:07.396137 シナリオ走行を開始しました [シナリオ名: Banユーザログイン]
[ADMIN] 19:26:07.399591 シナリオ走行を終了しました [シナリオ名: Banユーザログイン]
[ADMIN] 19:26:07.399606 シナリオ走行を開始しました [シナリオ名: Banユーザログイン]
[ADMIN] 19:26:07.422076 シナリオ走行を終了しました [シナリオ名: Banユーザログイン]
[ADMIN] 19:26:07.422086 シナリオ走行を開始しました [シナリオ名: Banユーザログイン]
[ADMIN] 19:26:07.431033 シナリオ走行を終了しました [シナリオ名: ログイン]
[ADMIN] 19:26:07.431046 シナリオ走行を開始しました [シナリオ名: ログイン]
[ADMIN] 19:26:07.441038 シナリオ走行を終了しました [シナリオ名: Banユーザログイン]
[ADMIN] 19:26:07.441053 シナリオ走行を開始しました [シナリオ名: Banユーザログイン]
[ADMIN] 19:26:07.553614 シナリオ走行を終了しました [シナリオ名: ログイン]
[ADMIN] 19:26:07.553627 シナリオ走行を開始しました [シナリオ名: ログイン]
[ADMIN] 19:26:07.560708 シナリオ走行を終了しました [シナリオ名: Banユーザログイン]
[ADMIN] 19:26:07.560723 シナリオ走行を開始しました [シナリオ名: Banユーザログイン]
[ADMIN] 19:26:07.584781 シナリオ走行を終了しました [シナリオ名: Banユーザログイン]
[ADMIN] 19:26:07.584797 シナリオ走行を開始しました [シナリオ名: Banユーザログイン]
[ADMIN] 19:26:07.748315 シナリオ走行を終了しました [シナリオ名: ログイン]
[ADMIN] 19:26:07.748331 シナリオ走行を開始しました [シナリオ名: ログイン]
[ADMIN] 19:26:07.772279 シナリオ走行を終了しました [シナリオ名: ログイン]
[ADMIN] 19:26:07.772294 シナリオ走行を開始しました [シナリオ名: ログイン]
[ADMIN] 19:26:07.827211 シナリオ走行を終了しました [シナリオ名: ログイン]
[ADMIN] 19:26:07.827224 シナリオ走行を開始しました [シナリオ名: ログイン]
[ADMIN] 19:26:07.904121 シナリオ走行を終了しました [シナリオ名: Banユーザログイン]
[ADMIN] 19:26:07.904138 シナリオ走行を開始しました [シナリオ名: Banユーザログイン]
[ADMIN] 19:26:07.959029 シナリオ走行を終了しました [シナリオ名: Banユーザログイン]
[ADMIN] 19:26:07.959050 シナリオ走行を開始しました [シナリオ名: Banユーザログイン]
[ADMIN] 19:26:07.968501 シナリオ走行を終了しました [シナリオ名: ログイン]
[ADMIN] 19:26:07.968515 シナリオ走行を開始しました [シナリオ名: ログイン]
[ADMIN] 19:26:07.975602 シナリオ走行を終了しました [シナリオ名: ログイン]
[ADMIN] 19:26:07.975612 シナリオ走行を開始しました [シナリオ名: ログイン]
[ADMIN] 19:26:07.976992 シナリオ走行を終了しました [シナリオ名: Banユーザログイン]
[ADMIN] 19:26:07.977004 シナリオ走行を開始しました [シナリオ名: Banユーザログイン]
[ADMIN] 19:26:07.979912 シナリオ走行を終了しました [シナリオ名: Banユーザログイン]
[ADMIN] 19:26:07.979926 シナリオ走行を開始しました [シナリオ名: Banユーザログイン]
[ADMIN] 19:26:07.980118 シナリオ走行を終了しました [シナリオ名: ログイン]
[ADMIN] 19:26:07.980128 シナリオ走行を開始しました [シナリオ名: ログイン]
[ADMIN] 19:26:08.065557 シナリオ走行を終了しました [シナリオ名: Banユーザログイン]
[ADMIN] 19:26:08.065575 シナリオ走行を開始しました [シナリオ名: Banユーザログイン]
[ADMIN] 19:26:08.089312 シナリオ走行を終了しました [シナリオ名: Banユーザログイン]
[ADMIN] 19:26:08.089330 シナリオ走行を開始しました [シナリオ名: Banユーザログイン]
[ADMIN] 19:26:08.125615 シナリオ走行を終了しました [シナリオ名: Banユーザログイン]
[ADMIN] 19:26:08.125630 シナリオ走行を開始しました [シナリオ名: Banユーザログイン]
[ADMIN] 19:26:08.130803 シナリオ走行を終了しました [シナリオ名: Banユーザログイン]
[ADMIN] 19:26:08.130820 シナリオ走行を開始しました [シナリオ名: Banユーザログイン]
[ADMIN] 19:26:08.134734 シナリオ走行を終了しました [シナリオ名: ログイン]
[ADMIN] 19:26:08.134744 シナリオ走行を開始しました [シナリオ名: ログイン]
[ADMIN] 19:26:08.134776 シナリオ走行を終了しました [シナリオ名: ログイン]
[ADMIN] 19:26:08.134783 シナリオ走行を開始しました [シナリオ名: ログイン]
[ADMIN] 19:26:08.192887 シナリオ走行を終了しました [シナリオ名: ログイン]
[ADMIN] 19:26:08.192899 シナリオ走行を開始しました [シナリオ名: ログイン]
[ADMIN] 19:26:08.195114 シナリオ走行を終了しました [シナリオ名: ログイン]
[ADMIN] 19:26:08.195123 シナリオ走行を開始しました [シナリオ名: ログイン]
[ADMIN] 19:26:08.212068 シナリオ走行を終了しました [シナリオ名: ログイン]
[ADMIN] 19:26:08.212079 シナリオ走行を開始しました [シナリオ名: ログイン]
[ADMIN] 19:26:08.252255 シナリオ走行を終了しました [シナリオ名: ログイン]
[ADMIN] 19:26:08.252265 シナリオ走行を開始しました [シナリオ名: ログイン]
[ADMIN] 19:26:08.287839 シナリオ走行を終了しました [シナリオ名: ログイン]
[ADMIN] 19:26:08.287849 シナリオ走行を開始しました [シナリオ名: ログイン]
[ADMIN] 19:26:08.297879 シナリオ走行を終了しました [シナリオ名: ログイン]
[ADMIN] 19:26:08.297888 シナリオ走行を開始しました [シナリオ名: ログイン]
[ADMIN] 19:26:08.300319 シナリオ走行を終了しました [シナリオ名: ログイン]
[ADMIN] 19:26:08.300327 シナリオ走行を開始しました [シナリオ名: ログイン]
[ADMIN] 19:26:08.302329 シナリオ走行を終了しました [シナリオ名: ログイン]
[ADMIN] 19:26:08.302337 シナリオ走行を開始しました [シナリオ名: ログイン]
[ADMIN] 19:26:08.344945 シナリオ走行を終了しました [シナリオ名: ログイン]
[ADMIN] 19:26:08.344957 シナリオ走行を開始しました [シナリオ名: ログイン]
[ADMIN] 19:26:08.403606 シナリオ走行を終了しました [シナリオ名: ログイン]
[ADMIN] 19:26:08.403624 シナリオ走行を開始しました [シナリオ名: ログイン]
[ADMIN] 19:26:08.444153 シナリオ走行を終了しました [シナリオ名: Banユーザログイン]
[ADMIN] 19:26:08.444176 シナリオ走行を開始しました [シナリオ名: Banユーザログイン]
[ADMIN] 19:26:08.548381 シナリオ走行を終了しました [シナリオ名: Banユーザログイン]
[ADMIN] 19:26:08.548402 シナリオ走行を開始しました [シナリオ名: Banユーザログイン]
[ADMIN] 19:26:08.564989 シナリオ走行を終了しました [シナリオ名: Banユーザログイン]
[ADMIN] 19:26:08.565004 シナリオ走行を開始しました [シナリオ名: Banユーザログイン]
[ADMIN] 19:26:08.565008 シナリオ走行を終了しました [シナリオ名: Banユーザログイン]
[ADMIN] 19:26:08.565024 シナリオ走行を開始しました [シナリオ名: Banユーザログイン]
[ADMIN] 19:26:08.624609 シナリオ走行を終了しました [シナリオ名: ログイン]
[ADMIN] 19:26:08.624625 シナリオ走行を開始しました [シナリオ名: ログイン]
[ADMIN] 19:26:08.625327 シナリオ走行を終了しました [シナリオ名: Banユーザログイン]
[ADMIN] 19:26:08.625337 シナリオ走行を開始しました [シナリオ名: Banユーザログイン]
[ADMIN] 19:26:08.652850 シナリオ走行を終了しました [シナリオ名: ログイン]
[ADMIN] 19:26:08.652865 シナリオ走行を開始しました [シナリオ名: ログイン]
[ADMIN] 19:26:08.657831 シナリオ走行を終了しました [シナリオ名: ログイン]
[ADMIN] 19:26:08.657844 シナリオ走行を開始しました [シナリオ名: ログイン]
[ADMIN] 19:26:08.679917 シナリオ走行を終了しました [シナリオ名: Banユーザログイン]
[ADMIN] 19:26:08.679943 シナリオ走行を開始しました [シナリオ名: Banユーザログイン]
[ADMIN] 19:26:08.682735 シナリオ走行を終了しました [シナリオ名: ログイン]
[ADMIN] 19:26:08.682744 シナリオ走行を開始しました [シナリオ名: ログイン]
[ADMIN] 19:26:08.700955 シナリオ走行を終了しました [シナリオ名: Banユーザログイン]
[ADMIN] 19:26:08.700971 シナリオ走行を開始しました [シナリオ名: Banユーザログイン]
[ADMIN] 19:26:08.728774 シナリオ走行を終了しました [シナリオ名: Banユーザログイン]
[ADMIN] 19:26:08.728794 シナリオ走行を開始しました [シナリオ名: Banユーザログイン]
[ADMIN] 19:26:08.900350 シナリオ走行を終了しました [シナリオ名: ログイン]
[ADMIN] 19:26:08.900367 シナリオ走行を開始しました [シナリオ名: ログイン]
[ADMIN] 19:26:08.952846 シナリオ走行を終了しました [シナリオ名: ログイン]
[ADMIN] 19:26:08.952859 シナリオ走行を開始しました [シナリオ名: ログイン]
[ADMIN] 19:26:08.992783 シナリオ走行を終了しました [シナリオ名: Banユーザログイン]
[ADMIN] 19:26:08.992805 シナリオ走行を開始しました [シナリオ名: Banユーザログイン]
[ADMIN] 19:26:09.070343 シナリオ走行を終了しました [シナリオ名: Banユーザログイン]
[ADMIN] 19:26:09.070361 シナリオ走行を開始しました [シナリオ名: Banユーザログイン]
[ADMIN] 19:26:09.125271 シナリオ走行を終了しました [シナリオ名: ログイン]
[ADMIN] 19:26:09.125284 シナリオ走行を開始しました [シナリオ名: ログイン]
[ADMIN] 19:26:09.139964 シナリオ走行を終了しました [シナリオ名: Banユーザログイン]
[ADMIN] 19:26:09.139976 シナリオ走行を開始しました [シナリオ名: Banユーザログイン]
[ADMIN] 19:26:09.218914 シナリオ走行を終了しました [シナリオ名: Banユーザログイン]
[ADMIN] 19:26:09.218933 シナリオ走行を開始しました [シナリオ名: Banユーザログイン]
[ADMIN] 19:26:09.225868 シナリオ走行を終了しました [シナリオ名: Banユーザログイン]
[ADMIN] 19:26:09.225884 シナリオ走行を開始しました [シナリオ名: Banユーザログイン]
[ADMIN] 19:26:09.229433 シナリオ走行を終了しました [シナリオ名: ログイン]
[ADMIN] 19:26:09.229445 シナリオ走行を開始しました [シナリオ名: ログイン]
[ADMIN] 19:26:09.245470 シナリオ走行を終了しました [シナリオ名: Banユーザログイン]
[ADMIN] 19:26:09.245488 シナリオ走行を開始しました [シナリオ名: Banユーザログイン]
[ADMIN] 19:26:09.276800 シナリオ走行を終了しました [シナリオ名: 新規ユーザー登録]
[ADMIN] 19:26:09.276821 シナリオ走行を開始しました [シナリオ名: 新規ユーザー登録]
[ADMIN] 19:26:09.307029 シナリオ走行を終了しました [シナリオ名: Banユーザログイン]
[ADMIN] 19:26:09.307048 シナリオ走行を開始しました [シナリオ名: Banユーザログイン]
[ADMIN] 19:26:09.342782 シナリオ走行を終了しました [シナリオ名: ログイン]
[ADMIN] 19:26:09.342794 シナリオ走行を開始しました [シナリオ名: ログイン]
[ADMIN] 19:26:09.352251 シナリオ走行を終了しました [シナリオ名: Banユーザログイン]
[ADMIN] 19:26:09.352267 シナリオ走行を開始しました [シナリオ名: Banユーザログイン]
[ADMIN] 19:26:09.367083 シナリオ走行を終了しました [シナリオ名: ログイン]
[ADMIN] 19:26:09.367094 シナリオ走行を開始しました [シナリオ名: ログイン]
[ADMIN] 19:26:09.401207 シナリオ走行を終了しました [シナリオ名: ログイン]
[ADMIN] 19:26:09.401276 シナリオ走行を開始しました [シナリオ名: ログイン]
[ADMIN] 19:26:09.421153 シナリオ走行を終了しました [シナリオ名: 新規ユーザー登録]
[ADMIN] 19:26:09.421175 シナリオ走行を開始しました [シナリオ名: 新規ユーザー登録]
[ADMIN] 19:26:09.468324 シナリオ走行を終了しました [シナリオ名: ログイン]
[ADMIN] 19:26:09.468352 シナリオ走行を開始しました [シナリオ名: ログイン]
[ADMIN] 19:26:09.468483 シナリオ走行を終了しました [シナリオ名: ログイン]
[ADMIN] 19:26:09.468500 シナリオ走行を開始しました [シナリオ名: ログイン]
[ADMIN] 19:26:09.468502 シナリオ走行を終了しました [シナリオ名: ログイン]
[ADMIN] 19:26:09.468509 シナリオ走行を開始しました [シナリオ名: ログイン]
[ADMIN] 19:26:09.468525 シナリオ走行を終了しました [シナリオ名: ログイン]
[ADMIN] 19:26:09.468530 シナリオ走行を開始しました [シナリオ名: ログイン]
[ADMIN] 19:26:09.469162 シナリオ走行を終了しました [シナリオ名: ログイン]
[ADMIN] 19:26:09.469170 シナリオ走行を開始しました [シナリオ名: ログイン]
[ADMIN] 19:26:09.473756 シナリオ走行を終了しました [シナリオ名: 新規ユーザー登録]
[ADMIN] 19:26:09.473784 シナリオ走行を開始しました [シナリオ名: 新規ユーザー登録]
[ADMIN] 19:26:09.473990 シナリオ走行を終了しました [シナリオ名: ログイン]
[ADMIN] 19:26:09.474000 シナリオ走行を開始しました [シナリオ名: ログイン]
[ADMIN] 19:26:09.480033 シナリオ走行を終了しました [シナリオ名: 新規ユーザー登録]
[ADMIN] 19:26:09.480056 シナリオ走行を開始しました [シナリオ名: 新規ユーザー登録]
[ADMIN] 19:26:09.525065 シナリオ走行を終了しました [シナリオ名: 新規ユーザー登録]
[ADMIN] 19:26:09.525093 シナリオ走行を開始しました [シナリオ名: 新規ユーザー登録]
[ADMIN] 19:26:09.534727 シナリオ走行を終了しました [シナリオ名: 新規ユーザー登録]
[ADMIN] 19:26:09.534750 シナリオ走行を開始しました [シナリオ名: 新規ユーザー登録]
[ADMIN] 19:26:09.558867 シナリオ走行を終了しました [シナリオ名: ログイン]
[ADMIN] 19:26:09.558884 シナリオ走行を開始しました [シナリオ名: ログイン]
[ADMIN] 19:26:09.568373 シナリオ走行を終了しました [シナリオ名: Banユーザログイン]
[ADMIN] 19:26:09.568393 シナリオ走行を開始しました [シナリオ名: Banユーザログイン]
[ADMIN] 19:26:09.610713 シナリオ走行を終了しました [シナリオ名: ログイン]
[ADMIN] 19:26:09.610727 シナリオ走行を開始しました [シナリオ名: ログイン]
[ADMIN] 19:26:09.624759 シナリオ走行を終了しました [シナリオ名: ログイン]
[ADMIN] 19:26:09.624771 シナリオ走行を開始しました [シナリオ名: ログイン]
[ADMIN] 19:26:09.631904 シナリオ走行を終了しました [シナリオ名: ログイン]
[ADMIN] 19:26:09.631917 シナリオ走行を開始しました [シナリオ名: ログイン]
[ADMIN] 19:26:09.647702 シナリオ走行を終了しました [シナリオ名: 新規ユーザー登録]
[ADMIN] 19:26:09.647728 シナリオ走行を開始しました [シナリオ名: 新規ユーザー登録]
[ADMIN] 19:26:09.655296 シナリオ走行を終了しました [シナリオ名: 新規ユーザー登録]
[ADMIN] 19:26:09.655316 シナリオ走行を開始しました [シナリオ名: 新規ユーザー登録]
[ADMIN] 19:26:09.657747 シナリオ走行を終了しました [シナリオ名: Banユーザログイン]
[ADMIN] 19:26:09.657763 シナリオ走行を開始しました [シナリオ名: Banユーザログイン]
[ADMIN] 19:26:09.671101 シナリオ走行を終了しました [シナリオ名: ログイン]
[ADMIN] 19:26:09.671118 シナリオ走行を開始しました [シナリオ名: ログイン]
[ADMIN] 19:26:09.721018 シナリオ走行を終了しました [シナリオ名: Banユーザログイン]
[ADMIN] 19:26:09.721037 シナリオ走行を開始しました [シナリオ名: Banユーザログイン]
[ADMIN] 19:26:09.731885 シナリオ走行を終了しました [シナリオ名: ログイン]
[ADMIN] 19:26:09.731896 シナリオ走行を開始しました [シナリオ名: ログイン]
[ADMIN] 19:26:09.745658 シナリオ走行を終了しました [シナリオ名: 新規ユーザー登録]
[ADMIN] 19:26:09.745688 シナリオ走行を開始しました [シナリオ名: 新規ユーザー登録]
[ADMIN] 19:26:09.755757 シナリオ走行を終了しました [シナリオ名: Banユーザログイン]
[ADMIN] 19:26:09.755775 シナリオ走行を開始しました [シナリオ名: Banユーザログイン]
[ADMIN] 19:26:09.772246 シナリオ走行を終了しました [シナリオ名: Banユーザログイン]
[ADMIN] 19:26:09.772263 シナリオ走行を開始しました [シナリオ名: Banユーザログイン]
[ADMIN] 19:26:09.801680 シナリオ走行を終了しました [シナリオ名: ログイン]
[ADMIN] 19:26:09.801693 シナリオ走行を開始しました [シナリオ名: ログイン]
[ADMIN] 19:26:09.803442 シナリオ走行を終了しました [シナリオ名: ログイン]
[ADMIN] 19:26:09.803454 シナリオ走行を開始しました [シナリオ名: ログイン]
[ADMIN] 19:26:09.820940 シナリオ走行を終了しました [シナリオ名: Banユーザログイン]
[ADMIN] 19:26:09.820956 シナリオ走行を開始しました [シナリオ名: Banユーザログイン]
[ADMIN] 19:26:09.831678 シナリオ走行を終了しました [シナリオ名: ログイン]
[ADMIN] 19:26:09.831691 シナリオ走行を開始しました [シナリオ名: ログイン]
[ADMIN] 19:26:09.837371 シナリオ走行を終了しました [シナリオ名: 新規ユーザー登録]
[ADMIN] 19:26:09.837389 シナリオ走行を開始しました [シナリオ名: 新規ユーザー登録]
[ADMIN] 19:26:09.853029 シナリオ走行を終了しました [シナリオ名: ログイン]
[ADMIN] 19:26:09.853040 シナリオ走行を開始しました [シナリオ名: ログイン]
[ADMIN] 19:26:09.878986 シナリオ走行を終了しました [シナリオ名: Banユーザログイン]
[ADMIN] 19:26:09.879008 シナリオ走行を開始しました [シナリオ名: Banユーザログイン]
[ADMIN] 19:26:09.891077 シナリオ走行を終了しました [シナリオ名: Banユーザログイン]
[ADMIN] 19:26:09.891096 シナリオ走行を開始しました [シナリオ名: Banユーザログイン]
[ADMIN] 19:26:09.918386 シナリオ走行を終了しました [シナリオ名: ログイン]
[ADMIN] 19:26:09.918398 シナリオ走行を開始しました [シナリオ名: ログイン]
[ADMIN] 19:26:09.949530 シナリオ走行を終了しました [シナリオ名: ログイン]
[ADMIN] 19:26:09.949544 シナリオ走行を開始しました [シナリオ名: ログイン]
[ADMIN] 19:26:09.970267 シナリオ走行を終了しました [シナリオ名: ログイン]
[ADMIN] 19:26:09.970280 シナリオ走行を開始しました [シナリオ名: ログイン]
[ADMIN] 19:26:09.978579 シナリオ走行を終了しました [シナリオ名: 新規ユーザー登録]
[ADMIN] 19:26:09.978598 シナリオ走行を開始しました [シナリオ名: 新規ユーザー登録]
[ADMIN] 19:26:09.991054 シナリオ走行を終了しました [シナリオ名: 新規ユーザー登録]
[ADMIN] 19:26:09.991071 シナリオ走行を開始しました [シナリオ名: 新規ユーザー登録]
[ADMIN] 19:26:10.003068 シナリオ走行を終了しました [シナリオ名: ログイン]
[ADMIN] 19:26:10.003080 シナリオ走行を開始しました [シナリオ名: ログイン]
[ADMIN] 19:26:10.020037 シナリオ走行を終了しました [シナリオ名: 新規ユーザー登録]
[ADMIN] 19:26:10.020059 シナリオ走行を開始しました [シナリオ名: 新規ユーザー登録]
[ADMIN] 19:26:10.037766 シナリオ走行を終了しました [シナリオ名: 新規ユーザー登録]
[ADMIN] 19:26:10.037786 シナリオ走行を開始しました [シナリオ名: 新規ユーザー登録]
[ADMIN] 19:26:10.039350 シナリオ走行を終了しました [シナリオ名: 新規ユーザー登録]
[ADMIN] 19:26:10.039366 シナリオ走行を開始しました [シナリオ名: 新規ユーザー登録]
[ADMIN] 19:26:10.046172 シナリオ走行を終了しました [シナリオ名: ログイン]
[ADMIN] 19:26:10.046182 シナリオ走行を開始しました [シナリオ名: ログイン]
[ADMIN] 19:26:10.065000 シナリオ走行を終了しました [シナリオ名: 新規ユーザー登録]
[ADMIN] 19:26:10.065019 シナリオ走行を開始しました [シナリオ名: 新規ユーザー登録]
[ADMIN] 19:26:10.089860 シナリオ走行を終了しました [シナリオ名: 新規ユーザー登録]
[ADMIN] 19:26:10.089882 シナリオ走行を開始しました [シナリオ名: 新規ユーザー登録]
[ADMIN] 19:26:10.106133 シナリオ走行を終了しました [シナリオ名: ログイン]
[ADMIN] 19:26:10.106147 シナリオ走行を開始しました [シナリオ名: ログイン]
[ADMIN] 19:26:10.138829 シナリオ走行を終了しました [シナリオ名: 新規ユーザー登録]
[ADMIN] 19:26:10.138849 シナリオ走行を終了しました [シナリオ名: 新規ユーザー登録]
[ADMIN] 19:26:10.138856 シナリオ走行を開始しました [シナリオ名: 新規ユーザー登録]
[ADMIN] 19:26:10.138860 シナリオ走行を開始しました [シナリオ名: 新規ユーザー登録]
[ADMIN] 19:26:10.161945 シナリオ走行を終了しました [シナリオ名: 新規ユーザー登録]
[ADMIN] 19:26:10.161969 シナリオ走行を開始しました [シナリオ名: 新規ユーザー登録]
[ADMIN] 19:26:10.194460 シナリオ走行を終了しました [シナリオ名: Banユーザログイン]
[ADMIN] 19:26:10.194483 シナリオ走行を開始しました [シナリオ名: Banユーザログイン]
[ADMIN] 19:26:10.195522 シナリオ走行を終了しました [シナリオ名: Banユーザログイン]
[ADMIN] 19:26:10.195534 シナリオ走行を開始しました [シナリオ名: Banユーザログイン]
[ADMIN] 19:26:10.199159 シナリオ走行を終了しました [シナリオ名: 新規ユーザー登録]
[ADMIN] 19:26:10.199181 シナリオ走行を開始しました [シナリオ名: 新規ユーザー登録]
[ADMIN] 19:26:10.229995 シナリオ走行を終了しました [シナリオ名: 新規ユーザー登録]
[ADMIN] 19:26:10.230026 シナリオ走行を開始しました [シナリオ名: 新規ユーザー登録]
[ADMIN] 19:26:10.263743 シナリオ走行を終了しました [シナリオ名: 新規ユーザー登録]
[ADMIN] 19:26:10.263771 シナリオ走行を開始しました [シナリオ名: 新規ユーザー登録]
[ADMIN] 19:26:10.271866 シナリオ走行を終了しました [シナリオ名: 新規ユーザー登録]
[ADMIN] 19:26:10.271892 シナリオ走行を開始しました [シナリオ名: 新規ユーザー登録]
[ADMIN] 19:26:10.290765 シナリオ走行を終了しました [シナリオ名: ログイン]
[ADMIN] 19:26:10.290778 シナリオ走行を開始しました [シナリオ名: ログイン]
[ADMIN] 19:26:10.301028 シナリオ走行を終了しました [シナリオ名: ログイン]
[ADMIN] 19:26:10.301043 シナリオ走行を開始しました [シナリオ名: ログイン]
[ADMIN] 19:26:10.303065 シナリオ走行を終了しました [シナリオ名: 新規ユーザー登録]
[ADMIN] 19:26:10.303083 シナリオ走行を開始しました [シナリオ名: 新規ユーザー登録]
[ADMIN] 19:26:10.309319 シナリオ走行を終了しました [シナリオ名: Banユーザログイン]
[ADMIN] 19:26:10.309336 シナリオ走行を開始しました [シナリオ名: Banユーザログイン]
[ADMIN] 19:26:10.354710 シナリオ走行を終了しました [シナリオ名: Banユーザログイン]
[ADMIN] 19:26:10.354734 シナリオ走行を開始しました [シナリオ名: Banユーザログイン]
[ADMIN] 19:26:10.374852 シナリオ走行を終了しました [シナリオ名: Banユーザログイン]
[ADMIN] 19:26:10.374877 シナリオ走行を開始しました [シナリオ名: Banユーザログイン]
[ADMIN] 19:26:10.405255 シナリオ走行を終了しました [シナリオ名: 新規ユーザー登録]
[ADMIN] 19:26:10.405288 シナリオ走行を開始しました [シナリオ名: 新規ユーザー登録]
[ADMIN] 19:26:10.409775 シナリオ走行を終了しました [シナリオ名: ログイン]
[ADMIN] 19:26:10.409790 シナリオ走行を開始しました [シナリオ名: ログイン]
[ADMIN] 19:26:10.415203 シナリオ走行を終了しました [シナリオ名: Banユーザログイン]
[ADMIN] 19:26:10.415227 シナリオ走行を開始しました [シナリオ名: Banユーザログイン]
[ADMIN] 19:26:10.418080 シナリオ走行を終了しました [シナリオ名: 新規ユーザー登録]
[ADMIN] 19:26:10.418101 シナリオ走行を開始しました [シナリオ名: 新規ユーザー登録]
[ADMIN] 19:26:10.419530 シナリオ走行を終了しました [シナリオ名: ログイン]
[ADMIN] 19:26:10.419541 シナリオ走行を開始しました [シナリオ名: ログイン]
[ADMIN] 19:26:10.420927 シナリオ走行を終了しました [シナリオ名: Banユーザログイン]
[ADMIN] 19:26:10.420942 シナリオ走行を開始しました [シナリオ名: Banユーザログイン]
[ADMIN] 19:26:10.452465 シナリオ走行を終了しました [シナリオ名: ログイン]
[ADMIN] 19:26:10.452491 シナリオ走行を開始しました [シナリオ名: ログイン]
[ADMIN] 19:26:10.466595 シナリオ走行を終了しました [シナリオ名: Banユーザログイン]
[ADMIN] 19:26:10.466628 シナリオ走行を開始しました [シナリオ名: Banユーザログイン]
[ADMIN] 19:26:10.493889 シナリオ走行を終了しました [シナリオ名: ログイン]
[ADMIN] 19:26:10.493906 シナリオ走行を開始しました [シナリオ名: ログイン]
[ADMIN] 19:26:10.512861 シナリオ走行を終了しました [シナリオ名: ログイン]
[ADMIN] 19:26:10.512874 シナリオ走行を開始しました [シナリオ名: ログイン]
[ADMIN] 19:26:10.514831 シナリオ走行を終了しました [シナリオ名: 新規ユーザー登録]
[ADMIN] 19:26:10.514859 シナリオ走行を開始しました [シナリオ名: 新規ユーザー登録]
[ADMIN] 19:26:10.537713 シナリオ走行を終了しました [シナリオ名: ログイン]
[ADMIN] 19:26:10.537726 シナリオ走行を開始しました [シナリオ名: ログイン]
[ADMIN] 19:26:10.579410 シナリオ走行を終了しました [シナリオ名: 新規ユーザー登録]
[ADMIN] 19:26:10.579438 シナリオ走行を開始しました [シナリオ名: 新規ユーザー登録]
[ADMIN] 19:26:10.619984 シナリオ走行を終了しました [シナリオ名: ログイン]
[ADMIN] 19:26:10.620001 シナリオ走行を開始しました [シナリオ名: ログイン]
[ADMIN] 19:26:10.637365 シナリオ走行を終了しました [シナリオ名: ログイン]
[ADMIN] 19:26:10.637378 シナリオ走行を開始しました [シナリオ名: ログイン]
[ADMIN] 19:26:10.670323 シナリオ走行を終了しました [シナリオ名: ログイン]
[ADMIN] 19:26:10.670339 シナリオ走行を開始しました [シナリオ名: ログイン]
[ADMIN] 19:26:10.721907 シナリオ走行を終了しました [シナリオ名: ログイン]
[ADMIN] 19:26:10.721921 シナリオ走行を開始しました [シナリオ名: ログイン]
[ADMIN] 19:26:10.723315 シナリオ走行を終了しました [シナリオ名: Banユーザログイン]
[ADMIN] 19:26:10.723327 シナリオ走行を開始しました [シナリオ名: Banユーザログイン]
[ADMIN] 19:26:10.784007 シナリオ走行を終了しました [シナリオ名: ログイン]
[ADMIN] 19:26:10.784024 シナリオ走行を開始しました [シナリオ名: ログイン]
[ADMIN] 19:26:10.811143 シナリオ走行を終了しました [シナリオ名: Banユーザログイン]
[ADMIN] 19:26:10.811166 シナリオ走行を開始しました [シナリオ名: Banユーザログイン]
[ADMIN] 19:26:10.855347 シナリオ走行を終了しました [シナリオ名: Banユーザログイン]
[ADMIN] 19:26:10.855367 シナリオ走行を開始しました [シナリオ名: Banユーザログイン]
[ADMIN] 19:26:10.984243 シナリオ走行を終了しました [シナリオ名: Banユーザログイン]
[ADMIN] 19:26:10.984268 シナリオ走行を開始しました [シナリオ名: Banユーザログイン]
[ADMIN] 19:26:11.006511 シナリオ走行を終了しました [シナリオ名: ログイン]
[ADMIN] 19:26:11.006525 シナリオ走行を開始しました [シナリオ名: ログイン]
[ADMIN] 19:26:11.025039 シナリオ走行を終了しました [シナリオ名: ログイン]
[ADMIN] 19:26:11.025061 シナリオ走行を開始しました [シナリオ名: ログイン]
[ADMIN] 19:26:11.061847 シナリオ走行を終了しました [シナリオ名: ログイン]
[ADMIN] 19:26:11.061869 シナリオ走行を開始しました [シナリオ名: ログイン]
[ADMIN] 19:26:11.076983 シナリオ走行を終了しました [シナリオ名: Banユーザログイン]
[ADMIN] 19:26:11.077012 シナリオ走行を開始しました [シナリオ名: Banユーザログイン]
[ADMIN] 19:26:11.077140 シナリオ走行を終了しました [シナリオ名: Banユーザログイン]
[ADMIN] 19:26:11.077158 シナリオ走行を開始しました [シナリオ名: Banユーザログイン]
[ADMIN] 19:26:11.086643 シナリオ走行を終了しました [シナリオ名: Banユーザログイン]
[ADMIN] 19:26:11.086664 シナリオ走行を開始しました [シナリオ名: Banユーザログイン]
[ADMIN] 19:26:11.089783 シナリオ走行を終了しました [シナリオ名: Banユーザログイン]
[ADMIN] 19:26:11.089797 シナリオ走行を開始しました [シナリオ名: Banユーザログイン]
[ADMIN] 19:26:11.205243 シナリオ走行を終了しました [シナリオ名: ログイン]
[ADMIN] 19:26:11.205259 シナリオ走行を開始しました [シナリオ名: ログイン]
[ADMIN] 19:26:11.219496 シナリオ走行を終了しました [シナリオ名: ログイン]
[ADMIN] 19:26:11.219508 シナリオ走行を開始しました [シナリオ名: ログイン]
[ADMIN] 19:26:11.231479 シナリオ走行を終了しました [シナリオ名: ログイン]
[ADMIN] 19:26:11.231490 シナリオ走行を開始しました [シナリオ名: ログイン]
[ADMIN] 19:26:11.273638 シナリオ走行を終了しました [シナリオ名: Banユーザログイン]
[ADMIN] 19:26:11.273663 シナリオ走行を開始しました [シナリオ名: Banユーザログイン]
[ADMIN] 19:26:11.299937 シナリオ走行を終了しました [シナリオ名: ログイン]
[ADMIN] 19:26:11.299951 シナリオ走行を開始しました [シナリオ名: ログイン]
[ADMIN] 19:26:11.420452 シナリオ走行を終了しました [シナリオ名: ログイン]
[ADMIN] 19:26:11.420470 シナリオ走行を開始しました [シナリオ名: ログイン]
[ADMIN] 19:26:11.468732 シナリオ走行を終了しました [シナリオ名: Banユーザログイン]
[ADMIN] 19:26:11.468752 シナリオ走行を開始しました [シナリオ名: Banユーザログイン]
[ADMIN] 19:26:11.530253 シナリオ走行を終了しました [シナリオ名: ログイン]
[ADMIN] 19:26:11.530268 シナリオ走行を開始しました [シナリオ名: ログイン]
[ADMIN] 19:26:11.546187 シナリオ走行を終了しました [シナリオ名: ログイン]
[ADMIN] 19:26:11.546198 シナリオ走行を開始しました [シナリオ名: ログイン]
[ADMIN] 19:26:11.582585 シナリオ走行を終了しました [シナリオ名: Banユーザログイン]
[ADMIN] 19:26:11.582605 シナリオ走行を開始しました [シナリオ名: Banユーザログイン]
[ADMIN] 19:26:11.585708 シナリオ走行を終了しました [シナリオ名: ログイン]
[ADMIN] 19:26:11.585719 シナリオ走行を開始しました [シナリオ名: ログイン]
[ADMIN] 19:26:11.641938 シナリオ走行を終了しました [シナリオ名: Banユーザログイン]
[ADMIN] 19:26:11.641956 シナリオ走行を開始しました [シナリオ名: Banユーザログイン]
[ADMIN] 19:26:11.643448 シナリオ走行を終了しました [シナリオ名: Banユーザログイン]
[ADMIN] 19:26:11.643464 シナリオ走行を開始しました [シナリオ名: Banユーザログイン]
[ADMIN] 19:26:11.648663 シナリオ走行を終了しました [シナリオ名: Banユーザログイン]
[ADMIN] 19:26:11.648678 シナリオ走行を開始しました [シナリオ名: Banユーザログイン]
[ADMIN] 19:26:11.656880 シナリオ走行を終了しました [シナリオ名: Banユーザログイン]
[ADMIN] 19:26:11.656895 シナリオ走行を開始しました [シナリオ名: Banユーザログイン]
[ADMIN] 19:26:11.670882 シナリオ走行を終了しました [シナリオ名: Banユーザログイン]
[ADMIN] 19:26:11.670907 シナリオ走行を開始しました [シナリオ名: Banユーザログイン]
[ADMIN] 19:26:11.731722 シナリオ走行を終了しました [シナリオ名: ログイン]
[ADMIN] 19:26:11.731741 シナリオ走行を開始しました [シナリオ名: ログイン]
[ADMIN] 19:26:11.898176 シナリオ走行を終了しました [シナリオ名: Banユーザログイン]
[ADMIN] 19:26:11.898193 シナリオ走行を開始しました [シナリオ名: Banユーザログイン]
[ADMIN] 19:26:11.937479 シナリオ走行を終了しました [シナリオ名: ログイン]
[ADMIN] 19:26:11.937494 シナリオ走行を開始しました [シナリオ名: ログイン]
[ADMIN] 19:26:11.995983 シナリオ走行を終了しました [シナリオ名: ログイン]
[ADMIN] 19:26:11.995997 シナリオ走行を開始しました [シナリオ名: ログイン]
[ADMIN] 19:26:12.020727 シナリオ走行を終了しました [シナリオ名: Banユーザログイン]
[ADMIN] 19:26:12.020746 シナリオ走行を開始しました [シナリオ名: Banユーザログイン]
[ADMIN] 19:26:12.027376 シナリオ走行を終了しました [シナリオ名: ログイン]
[ADMIN] 19:26:12.027386 シナリオ走行を開始しました [シナリオ名: ログイン]
[ADMIN] 19:26:12.030690 シナリオ走行を終了しました [シナリオ名: ログイン]
[ADMIN] 19:26:12.030701 シナリオ走行を開始しました [シナリオ名: ログイン]
[ADMIN] 19:26:12.106458 シナリオ走行を終了しました [シナリオ名: ログイン]
[ADMIN] 19:26:12.106474 シナリオ走行を開始しました [シナリオ名: ログイン]
[ADMIN] 19:26:12.108869 シナリオ走行を終了しました [シナリオ名: ログイン]
[ADMIN] 19:26:12.108881 シナリオ走行を開始しました [シナリオ名: ログイン]
[ADMIN] 19:26:12.109859 シナリオ走行を終了しました [シナリオ名: ログイン]
[ADMIN] 19:26:12.109869 シナリオ走行を開始しました [シナリオ名: ログイン]
[ADMIN] 19:26:12.145670 シナリオ走行を終了しました [シナリオ名: ログイン]
[ADMIN] 19:26:12.145685 シナリオ走行を開始しました [シナリオ名: ログイン]
[ADMIN] 19:26:12.180243 シナリオ走行を終了しました [シナリオ名: ログイン]
[ADMIN] 19:26:12.180255 シナリオ走行を開始しました [シナリオ名: ログイン]
[ADMIN] 19:26:12.183699 シナリオ走行を終了しました [シナリオ名: Banユーザログイン]
[ADMIN] 19:26:12.183718 シナリオ走行を開始しました [シナリオ名: Banユーザログイン]
[ADMIN] 19:26:12.185101 シナリオ走行を終了しました [シナリオ名: Banユーザログイン]
[ADMIN] 19:26:12.185120 シナリオ走行を開始しました [シナリオ名: Banユーザログイン]
[ADMIN] 19:26:12.207865 シナリオ走行を終了しました [シナリオ名: ログイン]
[ADMIN] 19:26:12.207878 シナリオ走行を開始しました [シナリオ名: ログイン]
[ADMIN] 19:26:12.208206 シナリオ走行を終了しました [シナリオ名: Banユーザログイン]
[ADMIN] 19:26:12.208223 シナリオ走行を開始しました [シナリオ名: Banユーザログイン]
[ADMIN] 19:26:12.251606 シナリオ走行を終了しました [シナリオ名: ログイン]
[ADMIN] 19:26:12.251621 シナリオ走行を開始しました [シナリオ名: ログイン]
[ADMIN] 19:26:12.269335 シナリオ走行を終了しました [シナリオ名: Banユーザログイン]
[ADMIN] 19:26:12.269362 シナリオ走行を開始しました [シナリオ名: Banユーザログイン]
[ADMIN] 19:26:12.272702 シナリオ走行を終了しました [シナリオ名: Banユーザログイン]
[ADMIN] 19:26:12.272714 シナリオ走行を開始しました [シナリオ名: Banユーザログイン]
[ADMIN] 19:26:12.311905 シナリオ走行を終了しました [シナリオ名: ログイン]
[ADMIN] 19:26:12.311920 シナリオ走行を開始しました [シナリオ名: ログイン]
[ADMIN] 19:26:12.346818 シナリオ走行を終了しました [シナリオ名: ログイン]
[ADMIN] 19:26:12.346834 シナリオ走行を開始しました [シナリオ名: ログイン]
[ADMIN] 19:26:12.354318 シナリオ走行を終了しました [シナリオ名: Banユーザログイン]
[ADMIN] 19:26:12.354340 シナリオ走行を開始しました [シナリオ名: Banユーザログイン]
[ADMIN] 19:26:12.377377 シナリオ走行を終了しました [シナリオ名: ログイン]
[ADMIN] 19:26:12.377390 シナリオ走行を開始しました [シナリオ名: ログイン]
[ADMIN] 19:26:12.392665 シナリオ走行を終了しました [シナリオ名: ログイン]
[ADMIN] 19:26:12.392678 シナリオ走行を開始しました [シナリオ名: ログイン]
[ADMIN] 19:26:12.447736 シナリオ走行を終了しました [シナリオ名: Banユーザログイン]
[ADMIN] 19:26:12.447750 シナリオ走行を開始しました [シナリオ名: Banユーザログイン]
[ADMIN] 19:26:12.451245 シナリオ走行を終了しました [シナリオ名: ログイン]
[ADMIN] 19:26:12.451258 シナリオ走行を開始しました [シナリオ名: ログイン]
[ADMIN] 19:26:12.461299 シナリオ走行を終了しました [シナリオ名: ログイン]
[ADMIN] 19:26:12.461313 シナリオ走行を開始しました [シナリオ名: ログイン]
[ADMIN] 19:26:12.498042 シナリオ走行を終了しました [シナリオ名: ログイン]
[ADMIN] 19:26:12.498054 シナリオ走行を開始しました [シナリオ名: ログイン]
[ADMIN] 19:26:12.528697 シナリオ走行を終了しました [シナリオ名: ログイン]
[ADMIN] 19:26:12.528707 シナリオ走行を開始しました [シナリオ名: ログイン]
[ADMIN] 19:26:12.544559 シナリオ走行を終了しました [シナリオ名: ログイン]
[ADMIN] 19:26:12.544570 シナリオ走行を開始しました [シナリオ名: ログイン]
[ADMIN] 19:26:12.618641 シナリオ走行を終了しました [シナリオ名: Banユーザログイン]
[ADMIN] 19:26:12.618661 シナリオ走行を開始しました [シナリオ名: Banユーザログイン]
[ADMIN] 19:26:12.629229 シナリオ走行を終了しました [シナリオ名: ログイン]
[ADMIN] 19:26:12.629243 シナリオ走行を開始しました [シナリオ名: ログイン]
[ADMIN] 19:26:12.635272 シナリオ走行を終了しました [シナリオ名: ログイン]
[ADMIN] 19:26:12.635281 シナリオ走行を開始しました [シナリオ名: ログイン]
[ADMIN] 19:26:12.740454 シナリオ走行を終了しました [シナリオ名: ログイン]
[ADMIN] 19:26:12.740468 シナリオ走行を開始しました [シナリオ名: ログイン]
[ADMIN] 19:26:12.747038 シナリオ走行を終了しました [シナリオ名: 新規ユーザー登録]
[ADMIN] 19:26:12.747058 シナリオ走行を開始しました [シナリオ名: 新規ユーザー登録]
[ADMIN] 19:26:12.780635 シナリオ走行を終了しました [シナリオ名: Banユーザログイン]
[ADMIN] 19:26:12.780659 シナリオ走行を開始しました [シナリオ名: Banユーザログイン]
[ADMIN] 19:26:12.785297 シナリオ走行を終了しました [シナリオ名: ログイン]
[ADMIN] 19:26:12.785310 シナリオ走行を開始しました [シナリオ名: ログイン]
[ADMIN] 19:26:12.791433 シナリオ走行を終了しました [シナリオ名: Banユーザログイン]
[ADMIN] 19:26:12.791446 シナリオ走行を開始しました [シナリオ名: Banユーザログイン]
[ADMIN] 19:26:12.840019 シナリオ走行を終了しました [シナリオ名: Banユーザログイン]
[ADMIN] 19:26:12.840039 シナリオ走行を開始しました [シナリオ名: Banユーザログイン]
[ADMIN] 19:26:12.844989 シナリオ走行を終了しました [シナリオ名: ログイン]
[ADMIN] 19:26:12.845001 シナリオ走行を開始しました [シナリオ名: ログイン]
[ADMIN] 19:26:12.858419 シナリオ走行を終了しました [シナリオ名: ログイン]
[ADMIN] 19:26:12.858436 シナリオ走行を開始しました [シナリオ名: ログイン]
[ADMIN] 19:26:12.867912 シナリオ走行を終了しました [シナリオ名: Banユーザログイン]
[ADMIN] 19:26:12.867930 シナリオ走行を開始しました [シナリオ名: Banユーザログイン]
[ADMIN] 19:26:12.882074 シナリオ走行を終了しました [シナリオ名: ログイン]
[ADMIN] 19:26:12.882089 シナリオ走行を開始しました [シナリオ名: ログイン]
[ADMIN] 19:26:12.888203 シナリオ走行を終了しました [シナリオ名: Banユーザログイン]
[ADMIN] 19:26:12.888228 シナリオ走行を開始しました [シナリオ名: Banユーザログイン]
[ADMIN] 19:26:12.888532 シナリオ走行を終了しました [シナリオ名: ログイン]
[ADMIN] 19:26:12.888539 シナリオ走行を開始しました [シナリオ名: ログイン]
[ADMIN] 19:26:12.927425 シナリオ走行を終了しました [シナリオ名: ログイン]
[ADMIN] 19:26:12.927440 シナリオ走行を開始しました [シナリオ名: ログイン]
[ADMIN] 19:26:12.963644 シナリオ走行を終了しました [シナリオ名: ログイン]
[ADMIN] 19:26:12.963660 シナリオ走行を開始しました [シナリオ名: ログイン]
[ADMIN] 19:26:12.972155 シナリオ走行を終了しました [シナリオ名: Banユーザログイン]
[ADMIN] 19:26:12.972176 シナリオ走行を開始しました [シナリオ名: Banユーザログイン]
[ADMIN] 19:26:12.985723 シナリオ走行を終了しました [シナリオ名: ログイン]
[ADMIN] 19:26:12.985732 シナリオ走行を開始しました [シナリオ名: ログイン]
[ADMIN] 19:26:13.009944 シナリオ走行を終了しました [シナリオ名: Banユーザログイン]
[ADMIN] 19:26:13.009964 シナリオ走行を開始しました [シナリオ名: Banユーザログイン]
[ADMIN] 19:26:13.043553 シナリオ走行を終了しました [シナリオ名: ログイン]
[ADMIN] 19:26:13.043566 シナリオ走行を開始しました [シナリオ名: ログイン]
19:26:13.055299 現在のログイン成功数: [total: 3324 (+1109人)]
19:26:13.055307 現在のユーザー登録成功数: [total: 1513 (+460人)]
[ADMIN] 19:26:13.114395 シナリオ走行を終了しました [シナリオ名: 新規ユーザー登録]
[ADMIN] 19:26:13.114421 シナリオ走行を開始しました [シナリオ名: 新規ユーザー登録]
[ADMIN] 19:26:13.115463 シナリオ走行を終了しました [シナリオ名: 新規ユーザー登録]
[ADMIN] 19:26:13.115482 シナリオ走行を開始しました [シナリオ名: 新規ユーザー登録]
[ADMIN] 19:26:13.178957 シナリオ走行を終了しました [シナリオ名: Banユーザログイン]
[ADMIN] 19:26:13.178973 シナリオ走行を開始しました [シナリオ名: Banユーザログイン]
[ADMIN] 19:26:13.182349 シナリオ走行を終了しました [シナリオ名: ログイン]
[ADMIN] 19:26:13.182357 シナリオ走行を開始しました [シナリオ名: ログイン]
[ADMIN] 19:26:13.215863 シナリオ走行を終了しました [シナリオ名: 新規ユーザー登録]
[ADMIN] 19:26:13.215886 シナリオ走行を開始しました [シナリオ名: 新規ユーザー登録]
[ADMIN] 19:26:13.217966 シナリオ走行を終了しました [シナリオ名: ログイン]
[ADMIN] 19:26:13.217992 シナリオ走行を開始しました [シナリオ名: ログイン]
[ADMIN] 19:26:13.218030 シナリオ走行を開始しました [シナリオ名: ログイン]
[ADMIN] 19:26:13.218038 シナリオ走行を開始しました [シナリオ名: ログイン]
[ADMIN] 19:26:13.218046 シナリオ走行を開始しました [シナリオ名: ログイン]
[ADMIN] 19:26:13.218121 シナリオ走行を開始しました [シナリオ名: ログイン]
[ADMIN] 19:26:13.218148 シナリオ走行を開始しました [シナリオ名: ログイン]
[ADMIN] 19:26:13.218159 シナリオ走行を開始しました [シナリオ名: ログイン]
[ADMIN] 19:26:13.218166 シナリオ走行を開始しました [シナリオ名: ログイン]
[ADMIN] 19:26:13.218244 シナリオ走行を開始しました [シナリオ名: ログイン]
[ADMIN] 19:26:13.218244 シナリオ走行を開始しました [シナリオ名: ログイン]
[ADMIN] 19:26:13.218293 シナリオ走行を開始しました [シナリオ名: ログイン]
[ADMIN] 19:26:13.218348 シナリオ走行を開始しました [シナリオ名: ログイン]
[ADMIN] 19:26:13.218353 シナリオ走行を開始しました [シナリオ名: ログイン]
[ADMIN] 19:26:13.218441 シナリオ走行を開始しました [シナリオ名: ログイン]
[ADMIN] 19:26:13.218449 シナリオ走行を開始しました [シナリオ名: ログイン]
[ADMIN] 19:26:13.218036 シナリオ走行を開始しました [シナリオ名: ログイン]
[ADMIN] 19:26:13.239197 シナリオ走行を終了しました [シナリオ名: ログイン]
[ADMIN] 19:26:13.279449 シナリオ走行を終了しました [シナリオ名: ログイン]
[ADMIN] 19:26:13.291168 シナリオ走行を終了しました [シナリオ名: ログイン]
[ADMIN] 19:26:13.302731 シナリオ走行を終了しました [シナリオ名: ログイン]
[ADMIN] 19:26:13.305762 シナリオ走行を終了しました [シナリオ名: Banユーザログイン]
[ADMIN] 19:26:13.305776 シナリオ走行を開始しました [シナリオ名: Banユーザログイン]
[ADMIN] 19:26:13.338093 シナリオ走行を終了しました [シナリオ名: 新規ユーザー登録]
[ADMIN] 19:26:13.338114 シナリオ走行を開始しました [シナリオ名: 新規ユーザー登録]
[ADMIN] 19:26:13.423783 シナリオ走行を終了しました [シナリオ名: Banユーザログイン]
[ADMIN] 19:26:13.423819 シナリオ走行を開始しました [シナリオ名: Banユーザログイン]
[ADMIN] 19:26:13.464365 シナリオ走行を終了しました [シナリオ名: Banユーザログイン]
[ADMIN] 19:26:13.464386 シナリオ走行を開始しました [シナリオ名: Banユーザログイン]
[ADMIN] 19:26:13.515814 シナリオ走行を終了しました [シナリオ名: Banユーザログイン]
[ADMIN] 19:26:13.515833 シナリオ走行を開始しました [シナリオ名: Banユーザログイン]
[ADMIN] 19:26:13.530699 シナリオ走行を終了しました [シナリオ名: Banユーザログイン]
[ADMIN] 19:26:13.530714 シナリオ走行を開始しました [シナリオ名: Banユーザログイン]
[ADMIN] 19:26:13.579264 シナリオ走行を終了しました [シナリオ名: Banユーザログイン]
[ADMIN] 19:26:13.579277 シナリオ走行を開始しました [シナリオ名: Banユーザログイン]
[ADMIN] 19:26:13.597987 シナリオ走行を終了しました [シナリオ名: Banユーザログイン]
[ADMIN] 19:26:13.598000 シナリオ走行を開始しました [シナリオ名: Banユーザログイン]
[ADMIN] 19:26:13.680379 シナリオ走行を終了しました [シナリオ名: 新規ユーザー登録]
[ADMIN] 19:26:13.680419 シナリオ走行を開始しました [シナリオ名: 新規ユーザー登録]
[ADMIN] 19:26:13.680456 シナリオ走行を開始しました [シナリオ名: 新規ユーザー登録]
[ADMIN] 19:26:13.680499 シナリオ走行を開始しました [シナリオ名: 新規ユーザー登録]
[ADMIN] 19:26:13.680537 シナリオ走行を開始しました [シナリオ名: 新規ユーザー登録]
[ADMIN] 19:26:13.680565 シナリオ走行を開始しました [シナリオ名: 新規ユーザー登録]
[ADMIN] 19:26:13.680499 シナリオ走行を開始しました [シナリオ名: 新規ユーザー登録]
[ADMIN] 19:26:13.680568 シナリオ走行を開始しました [シナリオ名: 新規ユーザー登録]
[ADMIN] 19:26:13.680523 シナリオ走行を開始しました [シナリオ名: 新規ユーザー登録]
[ADMIN] 19:26:13.680506 シナリオ走行を開始しました [シナリオ名: 新規ユーザー登録]
[ADMIN] 19:26:13.740676 シナリオ走行を終了しました [シナリオ名: 新規ユーザー登録]
[ADMIN] 19:26:13.749251 シナリオ走行を終了しました [シナリオ名: Banユーザログイン]
[ADMIN] 19:26:13.749270 シナリオ走行を開始しました [シナリオ名: Banユーザログイン]
[ADMIN] 19:26:13.803006 シナリオ走行を終了しました [シナリオ名: ログイン]
[ADMIN] 19:26:13.863905 シナリオ走行を終了しました [シナリオ名: ログイン]
[ADMIN] 19:26:13.874466 シナリオ走行を終了しました [シナリオ名: 新規ユーザー登録]
[ADMIN] 19:26:14.003152 シナリオ走行を終了しました [シナリオ名: ログイン]
[ADMIN] 19:26:14.014939 シナリオ走行を終了しました [シナリオ名: Banユーザログイン]
[ADMIN] 19:26:14.014963 シナリオ走行を終了しました [シナリオ名: 新規ユーザー登録]
[ADMIN] 19:26:14.014966 シナリオ走行を開始しました [シナリオ名: Banユーザログイン]
[ADMIN] 19:26:14.014971 シナリオ走行を開始しました [シナリオ名: Banユーザログイン]
[ADMIN] 19:26:14.014992 シナリオ走行を開始しました [シナリオ名: Banユーザログイン]
[ADMIN] 19:26:14.069028 シナリオ走行を終了しました [シナリオ名: ログイン]
[ADMIN] 19:26:14.080568 シナリオ走行を終了しました [シナリオ名: 新規ユーザー登録]
[ADMIN] 19:26:14.094051 シナリオ走行を終了しました [シナリオ名: Banユーザログイン]
[ADMIN] 19:26:14.100498 シナリオ走行を終了しました [シナリオ名: Banユーザログイン]
[ADMIN] 19:26:14.103581 シナリオ走行を終了しました [シナリオ名: Banユーザログイン]
[ADMIN] 19:26:14.106561 シナリオ走行を終了しました [シナリオ名: Banユーザログイン]
[ADMIN] 19:26:14.108285 シナリオ走行を終了しました [シナリオ名: ログイン]
[ADMIN] 19:26:14.125481 シナリオ走行を終了しました [シナリオ名: 新規ユーザー登録]
[ADMIN] 19:26:14.130574 シナリオ走行を終了しました [シナリオ名: 新規ユーザー登録]
[ADMIN] 19:26:14.134693 シナリオ走行を終了しました [シナリオ名: ログイン]
[ADMIN] 19:26:14.184849 シナリオ走行を終了しました [シナリオ名: 新規ユーザー登録]
[ADMIN] 19:26:14.196926 シナリオ走行を終了しました [シナリオ名: Banユーザログイン]
[ADMIN] 19:26:14.208781 シナリオ走行を終了しました [シナリオ名: 新規ユーザー登録]
[ADMIN] 19:26:14.234062 シナリオ走行を終了しました [シナリオ名: Banユーザログイン]
[ADMIN] 19:26:14.255531 シナリオ走行を終了しました [シナリオ名: ログイン]
[ADMIN] 19:26:14.258852 シナリオ走行を終了しました [シナリオ名: 新規ユーザー登録]
[ADMIN] 19:26:14.265625 シナリオ走行を終了しました [シナリオ名: 新規ユーザー登録]
[ADMIN] 19:26:14.284364 シナリオ走行を終了しました [シナリオ名: ログイン]
[ADMIN] 19:26:14.288017 シナリオ走行を終了しました [シナリオ名: ログイン]
[ADMIN] 19:26:14.296297 シナリオ走行を終了しました [シナリオ名: ログイン]
[ADMIN] 19:26:14.299591 シナリオ走行を終了しました [シナリオ名: 新規ユーザー登録]
[ADMIN] 19:26:14.308644 シナリオ走行を終了しました [シナリオ名: 新規ユーザー登録]
[ADMIN] 19:26:14.315775 シナリオ走行を終了しました [シナリオ名: ログイン]
[ADMIN] 19:26:14.358659 シナリオ走行を終了しました [シナリオ名: ログイン]
[ADMIN] 19:26:14.359379 シナリオ走行を終了しました [シナリオ名: ログイン]
[ADMIN] 19:26:14.362399 シナリオ走行を終了しました [シナリオ名: Banユーザログイン]
[ADMIN] 19:26:14.384473 シナリオ走行を終了しました [シナリオ名: 新規ユーザー登録]
[ADMIN] 19:26:14.385358 シナリオ走行を終了しました [シナリオ名: ログイン]
[ADMIN] 19:26:14.403725 シナリオ走行を終了しました [シナリオ名: 新規ユーザー登録]
[ADMIN] 19:26:14.423138 シナリオ走行を終了しました [シナリオ名: 新規ユーザー登録]
[ADMIN] 19:26:14.440854 シナリオ走行を終了しました [シナリオ名: ログイン]
[ADMIN] 19:26:14.451655 シナリオ走行を終了しました [シナリオ名: 新規ユーザー登録]
[ADMIN] 19:26:14.452387 シナリオ走行を終了しました [シナリオ名: 新規ユーザー登録]
[ADMIN] 19:26:14.454388 シナリオ走行を終了しました [シナリオ名: ログイン]
[ADMIN] 19:26:14.457427 シナリオ走行を終了しました [シナリオ名: ログイン]
[ADMIN] 19:26:14.458775 シナリオ走行を終了しました [シナリオ名: 新規ユーザー登録]
[ADMIN] 19:26:14.459560 シナリオ走行を終了しました [シナリオ名: 新規ユーザー登録]
[ADMIN] 19:26:14.470171 シナリオ走行を終了しました [シナリオ名: 新規ユーザー登録]
[ADMIN] 19:26:14.489645 シナリオ走行を終了しました [シナリオ名: ログイン]
[ADMIN] 19:26:14.494630 シナリオ走行を終了しました [シナリオ名: ログイン]
[ADMIN] 19:26:14.501019 シナリオ走行を終了しました [シナリオ名: ログイン]
[ADMIN] 19:26:14.501330 シナリオ走行を終了しました [シナリオ名: ログイン]
[ADMIN] 19:26:14.555636 シナリオ走行を終了しました [シナリオ名: Banユーザログイン]
[ADMIN] 19:26:14.555660 シナリオ走行を開始しました [シナリオ名: Banユーザログイン]
[ADMIN] 19:26:14.555663 シナリオ走行を開始しました [シナリオ名: Banユーザログイン]
[ADMIN] 19:26:14.555674 シナリオ走行を開始しました [シナリオ名: Banユーザログイン]
[ADMIN] 19:26:14.555737 シナリオ走行を開始しました [シナリオ名: Banユーザログイン]
[ADMIN] 19:26:14.555792 シナリオ走行を開始しました [シナリオ名: Banユーザログイン]
[ADMIN] 19:26:14.555804 シナリオ走行を開始しました [シナリオ名: Banユーザログイン]
[ADMIN] 19:26:14.555817 シナリオ走行を開始しました [シナリオ名: Banユーザログイン]
[ADMIN] 19:26:14.555794 シナリオ走行を開始しました [シナリオ名: Banユーザログイン]
[ADMIN] 19:26:14.562385 シナリオ走行を終了しました [シナリオ名: ログイン]
[ADMIN] 19:26:14.585536 シナリオ走行を終了しました [シナリオ名: Banユーザログイン]
[ADMIN] 19:26:14.585554 シナリオ走行を開始しました [シナリオ名: Banユーザログイン]
[ADMIN] 19:26:14.599525 シナリオ走行を終了しました [シナリオ名: ログイン]
[ADMIN] 19:26:14.612670 シナリオ走行を終了しました [シナリオ名: ログイン]
[ADMIN] 19:26:14.619739 シナリオ走行を終了しました [シナリオ名: 新規ユーザー登録]
[ADMIN] 19:26:14.628981 シナリオ走行を終了しました [シナリオ名: ログイン]
[ADMIN] 19:26:14.634864 シナリオ走行を終了しました [シナリオ名: 新規ユーザー登録]
[ADMIN] 19:26:14.666586 シナリオ走行を終了しました [シナリオ名: ログイン]
[ADMIN] 19:26:14.681806 シナリオ走行を終了しました [シナリオ名: Banユーザログイン]
[ADMIN] 19:26:14.681820 シナリオ走行を開始しました [シナリオ名: Banユーザログイン]
[ADMIN] 19:26:14.683106 シナリオ走行を終了しました [シナリオ名: 新規ユーザー登録]
[ADMIN] 19:26:14.713330 シナリオ走行を終了しました [シナリオ名: ログイン]
[ADMIN] 19:26:14.764708 シナリオ走行を終了しました [シナリオ名: ログイン]
[ADMIN] 19:26:14.767742 シナリオ走行を終了しました [シナリオ名: ログイン]
[ADMIN] 19:26:14.770642 シナリオ走行を終了しました [シナリオ名: ログイン]
[ADMIN] 19:26:14.861999 シナリオ走行を終了しました [シナリオ名: ログイン]
[ADMIN] 19:26:14.862025 シナリオ走行を開始しました [シナリオ名: ログイン]
[ADMIN] 19:26:14.862046 シナリオ走行を開始しました [シナリオ名: ログイン]
[ADMIN] 19:26:14.862052 シナリオ走行を開始しました [シナリオ名: ログイン]
[ADMIN] 19:26:14.862112 シナリオ走行を開始しました [シナリオ名: ログイン]
[ADMIN] 19:26:14.862212 シナリオ走行を開始しました [シナリオ名: ログイン]
[ADMIN] 19:26:14.862219 シナリオ走行を開始しました [シナリオ名: ログイン]
[ADMIN] 19:26:14.862219 シナリオ走行を開始しました [シナリオ名: ログイン]
[ADMIN] 19:26:14.862316 シナリオ走行を開始しました [シナリオ名: ログイン]
[ADMIN] 19:26:14.862330 シナリオ走行を開始しました [シナリオ名: ログイン]
[ADMIN] 19:26:14.862333 シナリオ走行を開始しました [シナリオ名: ログイン]
[ADMIN] 19:26:14.862216 シナリオ走行を開始しました [シナリオ名: ログイン]
[ADMIN] 19:26:14.862457 シナリオ走行を開始しました [シナリオ名: ログイン]
[ADMIN] 19:26:14.862574 シナリオ走行を開始しました [シナリオ名: ログイン]
[ADMIN] 19:26:14.862793 シナリオ走行を開始しました [シナリオ名: ログイン]
[ADMIN] 19:26:14.862853 シナリオ走行を開始しました [シナリオ名: ログイン]
[ADMIN] 19:26:14.862924 シナリオ走行を開始しました [シナリオ名: ログイン]
[ADMIN] 19:26:14.862966 シナリオ走行を開始しました [シナリオ名: ログイン]
[ADMIN] 19:26:14.863034 シナリオ走行を開始しました [シナリオ名: ログイン]
[ADMIN] 19:26:14.863061 シナリオ走行を開始しました [シナリオ名: ログイン]
[ADMIN] 19:26:14.863103 シナリオ走行を開始しました [シナリオ名: ログイン]
[ADMIN] 19:26:14.863146 シナリオ走行を開始しました [シナリオ名: ログイン]
[ADMIN] 19:26:14.863214 シナリオ走行を開始しました [シナリオ名: ログイン]
[ADMIN] 19:26:14.863229 シナリオ走行を開始しました [シナリオ名: ログイン]
[ADMIN] 19:26:14.863266 シナリオ走行を開始しました [シナリオ名: ログイン]
[ADMIN] 19:26:14.863309 シナリオ走行を開始しました [シナリオ名: ログイン]
[ADMIN] 19:26:14.863350 シナリオ走行を開始しました [シナリオ名: ログイン]
[ADMIN] 19:26:14.863360 シナリオ走行を開始しました [シナリオ名: ログイン]
[ADMIN] 19:26:14.863437 シナリオ走行を開始しました [シナリオ名: ログイン]
[ADMIN] 19:26:14.863466 シナリオ走行を開始しました [シナリオ名: ログイン]
[ADMIN] 19:26:14.863510 シナリオ走行を開始しました [シナリオ名: ログイン]
[ADMIN] 19:26:14.863571 シナリオ走行を開始しました [シナリオ名: ログイン]
[ADMIN] 19:26:14.863644 シナリオ走行を開始しました [シナリオ名: ログイン]
[ADMIN] 19:26:14.863748 シナリオ走行を開始しました [シナリオ名: ログイン]
[ADMIN] 19:26:14.863868 シナリオ走行を開始しました [シナリオ名: ログイン]
[ADMIN] 19:26:14.862218 シナリオ走行を開始しました [シナリオ名: ログイン]
[ADMIN] 19:26:14.888835 シナリオ走行を終了しました [シナリオ名: ログイン]
[ADMIN] 19:26:14.917053 シナリオ走行を終了しました [シナリオ名: ログイン]
[ADMIN] 19:26:14.917068 シナリオ走行を開始しました [シナリオ名: ログイン]
[ADMIN] 19:26:14.917129 シナリオ走行を開始しました [シナリオ名: ログイン]
[ADMIN] 19:26:15.102451 シナリオ走行を終了しました [シナリオ名: Banユーザログイン]
[ADMIN] 19:26:15.102468 シナリオ走行を開始しました [シナリオ名: Banユーザログイン]
[ADMIN] 19:26:15.103898 シナリオ走行を終了しました [シナリオ名: Banユーザログイン]
[ADMIN] 19:26:15.103907 シナリオ走行を開始しました [シナリオ名: Banユーザログイン]
[ADMIN] 19:26:15.108337 シナリオ走行を終了しました [シナリオ名: Banユーザログイン]
[ADMIN] 19:26:15.108350 シナリオ走行を開始しました [シナリオ名: Banユーザログイン]
[ADMIN] 19:26:15.113789 シナリオ走行を終了しました [シナリオ名: Banユーザログイン]
[ADMIN] 19:26:15.113800 シナリオ走行を開始しました [シナリオ名: Banユーザログイン]
[ADMIN] 19:26:15.122929 シナリオ走行を終了しました [シナリオ名: Banユーザログイン]
[ADMIN] 19:26:15.122938 シナリオ走行を開始しました [シナリオ名: Banユーザログイン]
[ADMIN] 19:26:15.124304 シナリオ走行を終了しました [シナリオ名: Banユーザログイン]
[ADMIN] 19:26:15.124316 シナリオ走行を開始しました [シナリオ名: Banユーザログイン]
[ADMIN] 19:26:15.124331 シナリオ走行を終了しました [シナリオ名: Banユーザログイン]
[ADMIN] 19:26:15.124343 シナリオ走行を開始しました [シナリオ名: Banユーザログイン]
[ADMIN] 19:26:15.126763 シナリオ走行を終了しました [シナリオ名: Banユーザログイン]
[ADMIN] 19:26:15.126776 シナリオ走行を開始しました [シナリオ名: Banユーザログイン]
[ADMIN] 19:26:15.136629 シナリオ走行を終了しました [シナリオ名: Banユーザログイン]
[ADMIN] 19:26:15.136644 シナリオ走行を開始しました [シナリオ名: Banユーザログイン]
[ADMIN] 19:26:15.203048 シナリオ走行を終了しました [シナリオ名: Banユーザログイン]
[ADMIN] 19:26:15.203058 シナリオ走行を開始しました [シナリオ名: Banユーザログイン]
[ADMIN] 19:26:15.221694 シナリオ走行を終了しました [シナリオ名: ログイン]
[ADMIN] 19:26:15.452284 シナリオ走行を終了しました [シナリオ名: ログイン]
[ADMIN] 19:26:15.473561 シナリオ走行を終了しました [シナリオ名: ログイン]
[ADMIN] 19:26:15.473578 シナリオ走行を開始しました [シナリオ名: ログイン]
[ADMIN] 19:26:15.473626 シナリオ走行を開始しました [シナリオ名: ログイン]
[ADMIN] 19:26:15.473634 シナリオ走行を開始しました [シナリオ名: ログイン]
[ADMIN] 19:26:15.540865 シナリオ走行を終了しました [シナリオ名: ログイン]
[ADMIN] 19:26:15.540879 シナリオ走行を開始しました [シナリオ名: ログイン]
[ADMIN] 19:26:15.601165 シナリオ走行を終了しました [シナリオ名: ログイン]
[ADMIN] 19:26:15.601181 シナリオ走行を開始しました [シナリオ名: ログイン]
[ADMIN] 19:26:15.656828 シナリオ走行を終了しました [シナリオ名: ログイン]
[ADMIN] 19:26:15.656842 シナリオ走行を開始しました [シナリオ名: ログイン]
[ADMIN] 19:26:15.668085 シナリオ走行を終了しました [シナリオ名: ログイン]
[ADMIN] 19:26:15.668099 シナリオ走行を開始しました [シナリオ名: ログイン]
[ADMIN] 19:26:15.672572 シナリオ走行を終了しました [シナリオ名: Banユーザログイン]
[ADMIN] 19:26:15.672588 シナリオ走行を開始しました [シナリオ名: Banユーザログイン]
[ADMIN] 19:26:15.673601 シナリオ走行を終了しました [シナリオ名: ログイン]
[ADMIN] 19:26:15.675407 シナリオ走行を終了しました [シナリオ名: ログイン]
[ADMIN] 19:26:15.683834 シナリオ走行を終了しました [シナリオ名: ログイン]
[ADMIN] 19:26:15.694897 シナリオ走行を終了しました [シナリオ名: ログイン]
[ADMIN] 19:26:15.695825 シナリオ走行を終了しました [シナリオ名: ログイン]
[ADMIN] 19:26:15.738472 シナリオ走行を終了しました [シナリオ名: ログイン]
[ADMIN] 19:26:15.742128 シナリオ走行を終了しました [シナリオ名: ログイン]
[ADMIN] 19:26:15.749249 シナリオ走行を終了しました [シナリオ名: Banユーザログイン]
[ADMIN] 19:26:15.749266 シナリオ走行を開始しました [シナリオ名: Banユーザログイン]
[ADMIN] 19:26:15.750970 シナリオ走行を終了しました [シナリオ名: ログイン]
[ADMIN] 19:26:15.751841 シナリオ走行を終了しました [シナリオ名: ログイン]
[ADMIN] 19:26:15.751853 シナリオ走行を開始しました [シナリオ名: ログイン]
[ADMIN] 19:26:15.751861 シナリオ走行を開始しました [シナリオ名: ログイン]
[ADMIN] 19:26:15.751921 シナリオ走行を開始しました [シナリオ名: ログイン]
[ADMIN] 19:26:15.751965 シナリオ走行を開始しました [シナリオ名: ログイン]
[ADMIN] 19:26:15.752003 シナリオ走行を開始しました [シナリオ名: ログイン]
[ADMIN] 19:26:15.751991 シナリオ走行を開始しました [シナリオ名: ログイン]
[ADMIN] 19:26:15.751995 シナリオ走行を開始しました [シナリオ名: ログイン]
[ADMIN] 19:26:15.751998 シナリオ走行を開始しました [シナリオ名: ログイン]
[ADMIN] 19:26:15.752000 シナリオ走行を開始しました [シナリオ名: ログイン]
[ADMIN] 19:26:15.752007 シナリオ走行を終了しました [シナリオ名: Banユーザログイン]
[ADMIN] 19:26:15.752256 シナリオ走行を開始しました [シナリオ名: Banユーザログイン]
[ADMIN] 19:26:15.752352 シナリオ走行を終了しました [シナリオ名: Banユーザログイン]
[ADMIN] 19:26:15.752365 シナリオ走行を開始しました [シナリオ名: Banユーザログイン]
[ADMIN] 19:26:15.756831 シナリオ走行を終了しました [シナリオ名: Banユーザログイン]
[ADMIN] 19:26:15.756838 シナリオ走行を終了しました [シナリオ名: Banユーザログイン]
[ADMIN] 19:26:15.756858 シナリオ走行を開始しました [シナリオ名: Banユーザログイン]
[ADMIN] 19:26:15.756869 シナリオ走行を開始しました [シナリオ名: Banユーザログイン]
[ADMIN] 19:26:15.758309 シナリオ走行を終了しました [シナリオ名: Banユーザログイン]
[ADMIN] 19:26:15.758322 シナリオ走行を開始しました [シナリオ名: Banユーザログイン]
[ADMIN] 19:26:15.767017 シナリオ走行を終了しました [シナリオ名: Banユーザログイン]
[ADMIN] 19:26:15.767030 シナリオ走行を開始しました [シナリオ名: Banユーザログイン]
[ADMIN] 19:26:15.772280 シナリオ走行を終了しました [シナリオ名: Banユーザログイン]
[ADMIN] 19:26:15.772295 シナリオ走行を開始しました [シナリオ名: Banユーザログイン]
[ADMIN] 19:26:15.773342 シナリオ走行を終了しました [シナリオ名: ログイン]
[ADMIN] 19:26:15.773350 シナリオ走行を開始しました [シナリオ名: ログイン]
[ADMIN] 19:26:15.777677 シナリオ走行を終了しました [シナリオ名: ログイン]
[ADMIN] 19:26:15.781901 シナリオ走行を終了しました [シナリオ名: ログイン]
[ADMIN] 19:26:15.781914 シナリオ走行を開始しました [シナリオ名: ログイン]
[ADMIN] 19:26:15.781977 シナリオ走行を開始しました [シナリオ名: ログイン]
[ADMIN] 19:26:15.794340 シナリオ走行を終了しました [シナリオ名: ログイン]
[ADMIN] 19:26:15.811349 シナリオ走行を終了しました [シナリオ名: Banユーザログイン]
[ADMIN] 19:26:15.811374 シナリオ走行を開始しました [シナリオ名: Banユーザログイン]
[ADMIN] 19:26:15.817307 シナリオ走行を終了しました [シナリオ名: ログイン]
[ADMIN] 19:26:15.817324 シナリオ走行を開始しました [シナリオ名: ログイン]
[ADMIN] 19:26:15.817330 シナリオ走行を終了しました [シナリオ名: ログイン]
[ADMIN] 19:26:15.817334 シナリオ走行を開始しました [シナリオ名: ログイン]
[ADMIN] 19:26:15.828634 シナリオ走行を終了しました [シナリオ名: ログイン]
[ADMIN] 19:26:15.848098 シナリオ走行を終了しました [シナリオ名: ログイン]
[ADMIN] 19:26:15.848116 シナリオ走行を開始しました [シナリオ名: ログイン]
[ADMIN] 19:26:15.848125 シナリオ走行を開始しました [シナリオ名: ログイン]
[ADMIN] 19:26:15.848132 シナリオ走行を開始しました [シナリオ名: ログイン]
[ADMIN] 19:26:15.912100 シナリオ走行を終了しました [シナリオ名: ログイン]
[ADMIN] 19:26:15.949659 シナリオ走行を終了しました [シナリオ名: ログイン]
[ADMIN] 19:26:15.949675 シナリオ走行を開始しました [シナリオ名: ログイン]
[ADMIN] 19:26:15.949726 シナリオ走行を開始しました [シナリオ名: ログイン]
[ADMIN] 19:26:15.976750 シナリオ走行を終了しました [シナリオ名: ログイン]
[ADMIN] 19:26:16.038239 シナリオ走行を終了しました [シナリオ名: ログイン]
[ADMIN] 19:26:16.038254 シナリオ走行を開始しました [シナリオ名: ログイン]
[ADMIN] 19:26:16.038307 シナリオ走行を開始しました [シナリオ名: ログイン]
[ADMIN] 19:26:16.232416 シナリオ走行を終了しました [シナリオ名: Banユーザログイン]
[ADMIN] 19:26:16.232443 シナリオ走行を開始しました [シナリオ名: Banユーザログイン]
[ADMIN] 19:26:16.272539 シナリオ走行を終了しました [シナリオ名: Banユーザログイン]
[ADMIN] 19:26:16.272559 シナリオ走行を開始しました [シナリオ名: Banユーザログイン]
[ADMIN] 19:26:16.296556 シナリオ走行を終了しました [シナリオ名: Banユーザログイン]
[ADMIN] 19:26:16.296580 シナリオ走行を開始しました [シナリオ名: Banユーザログイン]
[ADMIN] 19:26:16.309634 シナリオ走行を終了しました [シナリオ名: Banユーザログイン]
[ADMIN] 19:26:16.309661 シナリオ走行を開始しました [シナリオ名: Banユーザログイン]
[ADMIN] 19:26:16.317111 シナリオ走行を終了しました [シナリオ名: Banユーザログイン]
[ADMIN] 19:26:16.317125 シナリオ走行を開始しました [シナリオ名: Banユーザログイン]
[ADMIN] 19:26:16.335147 シナリオ走行を終了しました [シナリオ名: Banユーザログイン]
[ADMIN] 19:26:16.335168 シナリオ走行を開始しました [シナリオ名: Banユーザログイン]
[ADMIN] 19:26:16.339932 シナリオ走行を終了しました [シナリオ名: Banユーザログイン]
[ADMIN] 19:26:16.339953 シナリオ走行を開始しました [シナリオ名: Banユーザログイン]
[ADMIN] 19:26:16.347372 シナリオ走行を終了しました [シナリオ名: Banユーザログイン]
[ADMIN] 19:26:16.347388 シナリオ走行を開始しました [シナリオ名: Banユーザログイン]
[ADMIN] 19:26:16.352857 シナリオ走行を終了しました [シナリオ名: Banユーザログイン]
[ADMIN] 19:26:16.352876 シナリオ走行を開始しました [シナリオ名: Banユーザログイン]
[ADMIN] 19:26:16.361946 シナリオ走行を終了しました [シナリオ名: ログイン]
[ADMIN] 19:26:16.361959 シナリオ走行を開始しました [シナリオ名: ログイン]
[ADMIN] 19:26:16.365619 シナリオ走行を終了しました [シナリオ名: Banユーザログイン]
[ADMIN] 19:26:16.365636 シナリオ走行を開始しました [シナリオ名: Banユーザログイン]
[ADMIN] 19:26:16.603393 シナリオ走行を終了しました [シナリオ名: 新規ユーザー登録]
[ADMIN] 19:26:16.656120 シナリオ走行を終了しました [シナリオ名: ログイン]
[ADMIN] 19:26:16.656135 シナリオ走行を開始しました [シナリオ名: ログイン]
[ADMIN] 19:26:16.782675 シナリオ走行を終了しました [シナリオ名: ログイン]
[ADMIN] 19:26:16.782689 シナリオ走行を開始しました [シナリオ名: ログイン]
[ADMIN] 19:26:16.808521 シナリオ走行を終了しました [シナリオ名: ログイン]
[ADMIN] 19:26:16.808534 シナリオ走行を開始しました [シナリオ名: ログイン]
[ADMIN] 19:26:16.862856 シナリオ走行を終了しました [シナリオ名: Banユーザログイン]
[ADMIN] 19:26:16.862884 シナリオ走行を開始しました [シナリオ名: Banユーザログイン]
[ADMIN] 19:26:16.908159 シナリオ走行を終了しました [シナリオ名: Banユーザログイン]
[ADMIN] 19:26:16.908182 シナリオ走行を開始しました [シナリオ名: Banユーザログイン]
[ADMIN] 19:26:16.914890 シナリオ走行を終了しました [シナリオ名: Banユーザログイン]
[ADMIN] 19:26:16.914909 シナリオ走行を開始しました [シナリオ名: Banユーザログイン]
[ADMIN] 19:26:16.940522 シナリオ走行を終了しました [シナリオ名: Banユーザログイン]
[ADMIN] 19:26:16.940543 シナリオ走行を開始しました [シナリオ名: Banユーザログイン]
[ADMIN] 19:26:16.944831 シナリオ走行を終了しました [シナリオ名: Banユーザログイン]
[ADMIN] 19:26:16.944848 シナリオ走行を開始しました [シナリオ名: Banユーザログイン]
[ADMIN] 19:26:16.958215 シナリオ走行を終了しました [シナリオ名: Banユーザログイン]
[ADMIN] 19:26:16.958232 シナリオ走行を開始しました [シナリオ名: Banユーザログイン]
[ADMIN] 19:26:16.958571 シナリオ走行を終了しました [シナリオ名: Banユーザログイン]
[ADMIN] 19:26:16.958587 シナリオ走行を開始しました [シナリオ名: Banユーザログイン]
[ADMIN] 19:26:16.959979 シナリオ走行を終了しました [シナリオ名: Banユーザログイン]
[ADMIN] 19:26:16.959994 シナリオ走行を開始しました [シナリオ名: Banユーザログイン]
[ADMIN] 19:26:16.962425 シナリオ走行を終了しました [シナリオ名: Banユーザログイン]
[ADMIN] 19:26:16.962437 シナリオ走行を開始しました [シナリオ名: Banユーザログイン]
[ADMIN] 19:26:17.001323 シナリオ走行を終了しました [シナリオ名: Banユーザログイン]
[ADMIN] 19:26:17.001341 シナリオ走行を開始しました [シナリオ名: Banユーザログイン]
[ADMIN] 19:26:17.073869 シナリオ走行を終了しました [シナリオ名: 新規ユーザー登録]
[ADMIN] 19:26:17.157232 シナリオ走行を終了しました [シナリオ名: 新規ユーザー登録]
[ADMIN] 19:26:17.157289 シナリオ走行を開始しました [シナリオ名: 新規ユーザー登録]
[ADMIN] 19:26:17.157291 シナリオ走行を開始しました [シナリオ名: 新規ユーザー登録]
[ADMIN] 19:26:17.157300 シナリオ走行を開始しました [シナリオ名: 新規ユーザー登録]
[ADMIN] 19:26:17.157348 シナリオ走行を開始しました [シナリオ名: 新規ユーザー登録]
[ADMIN] 19:26:17.157431 シナリオ走行を開始しました [シナリオ名: 新規ユーザー登録]
[ADMIN] 19:26:17.157441 シナリオ走行を開始しました [シナリオ名: 新規ユーザー登録]
[ADMIN] 19:26:17.157444 シナリオ走行を開始しました [シナリオ名: 新規ユーザー登録]
[ADMIN] 19:26:17.157436 シナリオ走行を開始しました [シナリオ名: 新規ユーザー登録]
[ADMIN] 19:26:17.157528 シナリオ走行を開始しました [シナリオ名: 新規ユーザー登録]
[ADMIN] 19:26:17.157539 シナリオ走行を開始しました [シナリオ名: 新規ユーザー登録]
[ADMIN] 19:26:17.157595 シナリオ走行を開始しました [シナリオ名: 新規ユーザー登録]
[ADMIN] 19:26:17.157633 シナリオ走行を開始しました [シナリオ名: 新規ユーザー登録]
[ADMIN] 19:26:17.157646 シナリオ走行を開始しました [シナリオ名: 新規ユーザー登録]
[ADMIN] 19:26:17.157649 シナリオ走行を開始しました [シナリオ名: 新規ユーザー登録]
[ADMIN] 19:26:17.157726 シナリオ走行を開始しました [シナリオ名: 新規ユーザー登録]
[ADMIN] 19:26:17.157760 シナリオ走行を開始しました [シナリオ名: 新規ユーザー登録]
[ADMIN] 19:26:17.157783 シナリオ走行を開始しました [シナリオ名: 新規ユーザー登録]
[ADMIN] 19:26:17.157817 シナリオ走行を開始しました [シナリオ名: 新規ユーザー登録]
[ADMIN] 19:26:17.157848 シナリオ走行を開始しました [シナリオ名: 新規ユーザー登録]
[ADMIN] 19:26:17.157884 シナリオ走行を開始しました [シナリオ名: 新規ユーザー登録]
[ADMIN] 19:26:17.157912 シナリオ走行を開始しました [シナリオ名: 新規ユーザー登録]
[ADMIN] 19:26:17.157964 シナリオ走行を開始しました [シナリオ名: 新規ユーザー登録]
[ADMIN] 19:26:17.157634 シナリオ走行を開始しました [シナリオ名: 新規ユーザー登録]
[ADMIN] 19:26:17.157639 シナリオ走行を開始しました [シナリオ名: 新規ユーザー登録]
[ADMIN] 19:26:17.157293 シナリオ走行を開始しました [シナリオ名: 新規ユーザー登録]
[ADMIN] 19:26:17.157643 シナリオ走行を開始しました [シナリオ名: 新規ユーザー登録]
[ADMIN] 19:26:17.160481 シナリオ走行を終了しました [シナリオ名: 新規ユーザー登録]
[ADMIN] 19:26:17.240845 シナリオ走行を終了しました [シナリオ名: 新規ユーザー登録]
[ADMIN] 19:26:17.240872 シナリオ走行を開始しました [シナリオ名: 新規ユーザー登録]
[ADMIN] 19:26:17.240929 シナリオ走行を開始しました [シナリオ名: 新規ユーザー登録]
[ADMIN] 19:26:17.269779 シナリオ走行を終了しました [シナリオ名: 新規ユーザー登録]
[ADMIN] 19:26:17.269808 シナリオ走行を開始しました [シナリオ名: 新規ユーザー登録]
[ADMIN] 19:26:17.341066 シナリオ走行を終了しました [シナリオ名: 新規ユーザー登録]
[ADMIN] 19:26:17.341093 シナリオ走行を開始しました [シナリオ名: 新規ユーザー登録]
[ADMIN] 19:26:17.430819 シナリオ走行を終了しました [シナリオ名: Banユーザログイン]
[ADMIN] 19:26:17.430841 シナリオ走行を開始しました [シナリオ名: Banユーザログイン]
[ADMIN] 19:26:17.468555 シナリオ走行を終了しました [シナリオ名: Banユーザログイン]
[ADMIN] 19:26:17.468581 シナリオ走行を開始しました [シナリオ名: Banユーザログイン]
[ADMIN] 19:26:17.470404 シナリオ走行を終了しました [シナリオ名: 新規ユーザー登録]
[ADMIN] 19:26:17.475170 シナリオ走行を終了しました [シナリオ名: 新規ユーザー登録]
[ADMIN] 19:26:17.475193 シナリオ走行を開始しました [シナリオ名: 新規ユーザー登録]
[ADMIN] 19:26:17.475223 シナリオ走行を開始しました [シナリオ名: 新規ユーザー登録]
[ADMIN] 19:26:17.487148 シナリオ走行を終了しました [シナリオ名: Banユーザログイン]
[ADMIN] 19:26:17.487179 シナリオ走行を開始しました [シナリオ名: Banユーザログイン]
[ADMIN] 19:26:17.488959 シナリオ走行を終了しました [シナリオ名: 新規ユーザー登録]
[ADMIN] 19:26:17.488980 シナリオ走行を開始しました [シナリオ名: 新規ユーザー登録]
[ADMIN] 19:26:17.520447 シナリオ走行を終了しました [シナリオ名: Banユーザログイン]
[ADMIN] 19:26:17.520470 シナリオ走行を開始しました [シナリオ名: Banユーザログイン]
[ADMIN] 19:26:17.535964 シナリオ走行を終了しました [シナリオ名: Banユーザログイン]
[ADMIN] 19:26:17.535984 シナリオ走行を開始しました [シナリオ名: Banユーザログイン]
[ADMIN] 19:26:17.541288 シナリオ走行を終了しました [シナリオ名: Banユーザログイン]
[ADMIN] 19:26:17.541303 シナリオ走行を開始しました [シナリオ名: Banユーザログイン]
[ADMIN] 19:26:17.574756 シナリオ走行を終了しました [シナリオ名: Banユーザログイン]
[ADMIN] 19:26:17.574773 シナリオ走行を開始しました [シナリオ名: Banユーザログイン]
[ADMIN] 19:26:17.584264 シナリオ走行を終了しました [シナリオ名: Banユーザログイン]
[ADMIN] 19:26:17.584280 シナリオ走行を開始しました [シナリオ名: Banユーザログイン]
[ADMIN] 19:26:17.621933 シナリオ走行を終了しました [シナリオ名: 新規ユーザー登録]
[ADMIN] 19:26:17.634459 シナリオ走行を終了しました [シナリオ名: Banユーザログイン]
[ADMIN] 19:26:17.634471 シナリオ走行を開始しました [シナリオ名: Banユーザログイン]
[ADMIN] 19:26:17.661956 シナリオ走行を終了しました [シナリオ名: 新規ユーザー登録]
[ADMIN] 19:26:17.661979 シナリオ走行を開始しました [シナリオ名: 新規ユーザー登録]
[ADMIN] 19:26:17.662056 シナリオ走行を開始しました [シナリオ名: 新規ユーザー登録]
[ADMIN] 19:26:17.680145 シナリオ走行を終了しました [シナリオ名: 新規ユーザー登録]
[ADMIN] 19:26:17.680165 シナリオ走行を開始しました [シナリオ名: 新規ユーザー登録]
[ADMIN] 19:26:17.717240 シナリオ走行を終了しました [シナリオ名: ログイン]
[ADMIN] 19:26:17.717254 シナリオ走行を開始しました [シナリオ名: ログイン]
[ADMIN] 19:26:17.733239 シナリオ走行を終了しました [シナリオ名: ログイン]
[ADMIN] 19:26:17.733253 シナリオ走行を開始しました [シナリオ名: ログイン]
[ADMIN] 19:26:17.798444 シナリオ走行を終了しました [シナリオ名: ログイン]
[ADMIN] 19:26:17.798460 シナリオ走行を開始しました [シナリオ名: ログイン]
[ADMIN] 19:26:17.806612 シナリオ走行を終了しました [シナリオ名: ログイン]
[ADMIN] 19:26:17.806633 シナリオ走行を開始しました [シナリオ名: ログイン]
[ADMIN] 19:26:17.854127 シナリオ走行を終了しました [シナリオ名: Banユーザログイン]
[ADMIN] 19:26:17.854143 シナリオ走行を開始しました [シナリオ名: Banユーザログイン]
[ADMIN] 19:26:17.957402 シナリオ走行を終了しました [シナリオ名: 新規ユーザー登録]
[ADMIN] 19:26:17.957424 シナリオ走行を開始しました [シナリオ名: 新規ユーザー登録]
[ADMIN] 19:26:18.016997 シナリオ走行を終了しました [シナリオ名: ログイン]
[ADMIN] 19:26:18.017012 シナリオ走行を開始しました [シナリオ名: ログイン]
[ADMIN] 19:26:18.103470 シナリオ走行を終了しました [シナリオ名: Banユーザログイン]
[ADMIN] 19:26:18.103491 シナリオ走行を開始しました [シナリオ名: Banユーザログイン]
[ADMIN] 19:26:18.139682 シナリオ走行を終了しました [シナリオ名: ログイン]
[ADMIN] 19:26:18.139695 シナリオ走行を開始しました [シナリオ名: ログイン]
[ADMIN] 19:26:18.157770 シナリオ走行を終了しました [シナリオ名: ログイン]
[ADMIN] 19:26:18.157781 シナリオ走行を開始しました [シナリオ名: ログイン]
[ADMIN] 19:26:18.166948 シナリオ走行を終了しました [シナリオ名: Banユーザログイン]
[ADMIN] 19:26:18.166961 シナリオ走行を開始しました [シナリオ名: Banユーザログイン]
[ADMIN] 19:26:18.235778 シナリオ走行を終了しました [シナリオ名: Banユーザログイン]
[ADMIN] 19:26:18.235804 シナリオ走行を開始しました [シナリオ名: Banユーザログイン]
[ADMIN] 19:26:18.238481 シナリオ走行を終了しました [シナリオ名: ログイン]
[ADMIN] 19:26:18.238492 シナリオ走行を開始しました [シナリオ名: ログイン]
[ADMIN] 19:26:18.240375 シナリオ走行を終了しました [シナリオ名: ログイン]
[ADMIN] 19:26:18.240386 シナリオ走行を開始しました [シナリオ名: ログイン]
[ADMIN] 19:26:18.245633 シナリオ走行を終了しました [シナリオ名: ログイン]
[ADMIN] 19:26:18.245645 シナリオ走行を開始しました [シナリオ名: ログイン]
[ADMIN] 19:26:18.266577 シナリオ走行を終了しました [シナリオ名: ログイン]
[ADMIN] 19:26:18.266588 シナリオ走行を開始しました [シナリオ名: ログイン]
[ADMIN] 19:26:18.277911 シナリオ走行を終了しました [シナリオ名: Banユーザログイン]
[ADMIN] 19:26:18.277922 シナリオ走行を開始しました [シナリオ名: Banユーザログイン]
[ADMIN] 19:26:18.283092 シナリオ走行を終了しました [シナリオ名: ログイン]
[ADMIN] 19:26:18.283101 シナリオ走行を開始しました [シナリオ名: ログイン]
[ADMIN] 19:26:18.287499 シナリオ走行を終了しました [シナリオ名: ログイン]
[ADMIN] 19:26:18.287508 シナリオ走行を開始しました [シナリオ名: ログイン]
[ADMIN] 19:26:18.318009 シナリオ走行を終了しました [シナリオ名: ログイン]
[ADMIN] 19:26:18.318019 シナリオ走行を開始しました [シナリオ名: ログイン]
[ADMIN] 19:26:18.319648 シナリオ走行を終了しました [シナリオ名: Banユーザログイン]
[ADMIN] 19:26:18.319662 シナリオ走行を開始しました [シナリオ名: Banユーザログイン]
[ADMIN] 19:26:18.331788 シナリオ走行を終了しました [シナリオ名: ログイン]
[ADMIN] 19:26:18.331799 シナリオ走行を開始しました [シナリオ名: ログイン]
[ADMIN] 19:26:18.333118 シナリオ走行を終了しました [シナリオ名: ログイン]
[ADMIN] 19:26:18.333125 シナリオ走行を開始しました [シナリオ名: ログイン]
[ADMIN] 19:26:18.333563 シナリオ走行を終了しました [シナリオ名: ログイン]
[ADMIN] 19:26:18.333569 シナリオ走行を開始しました [シナリオ名: ログイン]
[ADMIN] 19:26:18.349922 シナリオ走行を終了しました [シナリオ名: ログイン]
[ADMIN] 19:26:18.349934 シナリオ走行を開始しました [シナリオ名: ログイン]
[ADMIN] 19:26:18.350038 シナリオ走行を終了しました [シナリオ名: Banユーザログイン]
[ADMIN] 19:26:18.350048 シナリオ走行を開始しました [シナリオ名: Banユーザログイン]
[ADMIN] 19:26:18.368706 シナリオ走行を終了しました [シナリオ名: ログイン]
[ADMIN] 19:26:18.368718 シナリオ走行を開始しました [シナリオ名: ログイン]
[ADMIN] 19:26:18.376985 シナリオ走行を終了しました [シナリオ名: ログイン]
[ADMIN] 19:26:18.376995 シナリオ走行を開始しました [シナリオ名: ログイン]
[ADMIN] 19:26:18.381353 シナリオ走行を終了しました [シナリオ名: ログイン]
[ADMIN] 19:26:18.381363 シナリオ走行を開始しました [シナリオ名: ログイン]
[ADMIN] 19:26:18.399135 シナリオ走行を終了しました [シナリオ名: Banユーザログイン]
[ADMIN] 19:26:18.399152 シナリオ走行を開始しました [シナリオ名: Banユーザログイン]
[ADMIN] 19:26:18.402601 シナリオ走行を終了しました [シナリオ名: Banユーザログイン]
[ADMIN] 19:26:18.402631 シナリオ走行を開始しました [シナリオ名: Banユーザログイン]
[ADMIN] 19:26:18.402882 シナリオ走行を終了しました [シナリオ名: Banユーザログイン]
[ADMIN] 19:26:18.402891 シナリオ走行を開始しました [シナリオ名: Banユーザログイン]
[ADMIN] 19:26:18.408420 シナリオ走行を終了しました [シナリオ名: ログイン]
[ADMIN] 19:26:18.408428 シナリオ走行を開始しました [シナリオ名: ログイン]
[ADMIN] 19:26:18.415118 シナリオ走行を終了しました [シナリオ名: ログイン]
[ADMIN] 19:26:18.415127 シナリオ走行を開始しました [シナリオ名: ログイン]
[ADMIN] 19:26:18.424208 シナリオ走行を終了しました [シナリオ名: ログイン]
[ADMIN] 19:26:18.424217 シナリオ走行を開始しました [シナリオ名: ログイン]
[ADMIN] 19:26:18.440529 シナリオ走行を終了しました [シナリオ名: ログイン]
[ADMIN] 19:26:18.440538 シナリオ走行を開始しました [シナリオ名: ログイン]
[ADMIN] 19:26:18.459365 シナリオ走行を終了しました [シナリオ名: ログイン]
[ADMIN] 19:26:18.459376 シナリオ走行を開始しました [シナリオ名: ログイン]
[ADMIN] 19:26:18.463816 シナリオ走行を終了しました [シナリオ名: Banユーザログイン]
[ADMIN] 19:26:18.463832 シナリオ走行を開始しました [シナリオ名: Banユーザログイン]
[ADMIN] 19:26:18.488899 シナリオ走行を終了しました [シナリオ名: ログイン]
[ADMIN] 19:26:18.488911 シナリオ走行を開始しました [シナリオ名: ログイン]
[ADMIN] 19:26:18.489089 シナリオ走行を終了しました [シナリオ名: ログイン]
[ADMIN] 19:26:18.489101 シナリオ走行を開始しました [シナリオ名: ログイン]
[ADMIN] 19:26:18.514041 シナリオ走行を終了しました [シナリオ名: ログイン]
[ADMIN] 19:26:18.514055 シナリオ走行を開始しました [シナリオ名: ログイン]
[ADMIN] 19:26:18.526464 シナリオ走行を終了しました [シナリオ名: ログイン]
[ADMIN] 19:26:18.526477 シナリオ走行を開始しました [シナリオ名: ログイン]
[ADMIN] 19:26:18.545256 シナリオ走行を終了しました [シナリオ名: ログイン]
[ADMIN] 19:26:18.545268 シナリオ走行を開始しました [シナリオ名: ログイン]
[ADMIN] 19:26:18.549171 シナリオ走行を終了しました [シナリオ名: ログイン]
[ADMIN] 19:26:18.549185 シナリオ走行を開始しました [シナリオ名: ログイン]
[ADMIN] 19:26:18.551293 シナリオ走行を終了しました [シナリオ名: ログイン]
[ADMIN] 19:26:18.551302 シナリオ走行を開始しました [シナリオ名: ログイン]
[ADMIN] 19:26:18.556822 シナリオ走行を終了しました [シナリオ名: ログイン]
[ADMIN] 19:26:18.556832 シナリオ走行を開始しました [シナリオ名: ログイン]
[ADMIN] 19:26:18.561348 シナリオ走行を終了しました [シナリオ名: ログイン]
[ADMIN] 19:26:18.561359 シナリオ走行を開始しました [シナリオ名: ログイン]
[ADMIN] 19:26:18.564936 シナリオ走行を終了しました [シナリオ名: ログイン]
[ADMIN] 19:26:18.564945 シナリオ走行を開始しました [シナリオ名: ログイン]
[ADMIN] 19:26:18.589479 シナリオ走行を終了しました [シナリオ名: ログイン]
[ADMIN] 19:26:18.589492 シナリオ走行を開始しました [シナリオ名: ログイン]
[ADMIN] 19:26:18.599723 シナリオ走行を終了しました [シナリオ名: ログイン]
[ADMIN] 19:26:18.599743 シナリオ走行を開始しました [シナリオ名: ログイン]
[ADMIN] 19:26:18.599776 シナリオ走行を終了しました [シナリオ名: ログイン]
[ADMIN] 19:26:18.599782 シナリオ走行を開始しました [シナリオ名: ログイン]
[ADMIN] 19:26:18.627879 シナリオ走行を終了しました [シナリオ名: ログイン]
[ADMIN] 19:26:18.627892 シナリオ走行を開始しました [シナリオ名: ログイン]
[ADMIN] 19:26:18.649909 シナリオ走行を終了しました [シナリオ名: ログイン]
[ADMIN] 19:26:18.649925 シナリオ走行を開始しました [シナリオ名: ログイン]
[ADMIN] 19:26:18.710701 シナリオ走行を終了しました [シナリオ名: ログイン]
[ADMIN] 19:26:18.710719 シナリオ走行を開始しました [シナリオ名: ログイン]
[ADMIN] 19:26:18.743855 シナリオ走行を終了しました [シナリオ名: Banユーザログイン]
[ADMIN] 19:26:18.743879 シナリオ走行を開始しました [シナリオ名: Banユーザログイン]
[ADMIN] 19:26:18.752865 シナリオ走行を終了しました [シナリオ名: ログイン]
[ADMIN] 19:26:18.752877 シナリオ走行を開始しました [シナリオ名: ログイン]
[ADMIN] 19:26:18.792180 シナリオ走行を終了しました [シナリオ名: ログイン]
[ADMIN] 19:26:18.792195 シナリオ走行を開始しました [シナリオ名: ログイン]
[ADMIN] 19:26:18.815405 シナリオ走行を終了しました [シナリオ名: ログイン]
[ADMIN] 19:26:18.815421 シナリオ走行を開始しました [シナリオ名: ログイン]
[ADMIN] 19:26:18.822285 シナリオ走行を終了しました [シナリオ名: Banユーザログイン]
[ADMIN] 19:26:18.822302 シナリオ走行を開始しました [シナリオ名: Banユーザログイン]
[ADMIN] 19:26:18.838296 シナリオ走行を終了しました [シナリオ名: Banユーザログイン]
[ADMIN] 19:26:18.838317 シナリオ走行を開始しました [シナリオ名: Banユーザログイン]
[ADMIN] 19:26:18.853157 シナリオ走行を終了しました [シナリオ名: ログイン]
[ADMIN] 19:26:18.853168 シナリオ走行を開始しました [シナリオ名: ログイン]
[ADMIN] 19:26:18.903195 シナリオ走行を終了しました [シナリオ名: Banユーザログイン]
[ADMIN] 19:26:18.903213 シナリオ走行を開始しました [シナリオ名: Banユーザログイン]
[ADMIN] 19:26:18.919447 シナリオ走行を終了しました [シナリオ名: ログイン]
[ADMIN] 19:26:18.919462 シナリオ走行を開始しました [シナリオ名: ログイン]
[ADMIN] 19:26:18.923945 シナリオ走行を終了しました [シナリオ名: Banユーザログイン]
[ADMIN] 19:26:18.923964 シナリオ走行を開始しました [シナリオ名: Banユーザログイン]
[ADMIN] 19:26:18.943623 シナリオ走行を終了しました [シナリオ名: ログイン]
[ADMIN] 19:26:18.943637 シナリオ走行を開始しました [シナリオ名: ログイン]
[ADMIN] 19:26:18.978482 シナリオ走行を終了しました [シナリオ名: ログイン]
[ADMIN] 19:26:18.978499 シナリオ走行を開始しました [シナリオ名: ログイン]
[ADMIN] 19:26:19.000381 シナリオ走行を終了しました [シナリオ名: Banユーザログイン]
[ADMIN] 19:26:19.000397 シナリオ走行を開始しました [シナリオ名: Banユーザログイン]
[ADMIN] 19:26:19.003851 シナリオ走行を終了しました [シナリオ名: Banユーザログイン]
[ADMIN] 19:26:19.003865 シナリオ走行を開始しました [シナリオ名: Banユーザログイン]
[ADMIN] 19:26:19.004214 シナリオ走行を終了しました [シナリオ名: ログイン]
[ADMIN] 19:26:19.004224 シナリオ走行を開始しました [シナリオ名: ログイン]
[ADMIN] 19:26:19.009910 シナリオ走行を終了しました [シナリオ名: Banユーザログイン]
[ADMIN] 19:26:19.009922 シナリオ走行を開始しました [シナリオ名: Banユーザログイン]
[ADMIN] 19:26:19.018766 シナリオ走行を終了しました [シナリオ名: Banユーザログイン]
[ADMIN] 19:26:19.018785 シナリオ走行を開始しました [シナリオ名: Banユーザログイン]
[ADMIN] 19:26:19.071572 シナリオ走行を終了しました [シナリオ名: ログイン]
[ADMIN] 19:26:19.071584 シナリオ走行を開始しました [シナリオ名: ログイン]
[ADMIN] 19:26:19.072985 シナリオ走行を終了しました [シナリオ名: Banユーザログイン]
[ADMIN] 19:26:19.073001 シナリオ走行を開始しました [シナリオ名: Banユーザログイン]
[ADMIN] 19:26:19.090224 シナリオ走行を終了しました [シナリオ名: ログイン]
[ADMIN] 19:26:19.090234 シナリオ走行を開始しました [シナリオ名: ログイン]
[ADMIN] 19:26:19.121295 シナリオ走行を終了しました [シナリオ名: ログイン]
[ADMIN] 19:26:19.121306 シナリオ走行を開始しました [シナリオ名: ログイン]
[ADMIN] 19:26:19.175064 シナリオ走行を終了しました [シナリオ名: ログイン]
[ADMIN] 19:26:19.175076 シナリオ走行を開始しました [シナリオ名: ログイン]
[ADMIN] 19:26:19.188803 シナリオ走行を終了しました [シナリオ名: ログイン]
[ADMIN] 19:26:19.188815 シナリオ走行を開始しました [シナリオ名: ログイン]
[ADMIN] 19:26:19.227504 シナリオ走行を終了しました [シナリオ名: ログイン]
[ADMIN] 19:26:19.227514 シナリオ走行を開始しました [シナリオ名: ログイン]
[ADMIN] 19:26:19.242240 シナリオ走行を終了しました [シナリオ名: ログイン]
[ADMIN] 19:26:19.242249 シナリオ走行を開始しました [シナリオ名: ログイン]
[ADMIN] 19:26:19.265742 シナリオ走行を終了しました [シナリオ名: ログイン]
[ADMIN] 19:26:19.265754 シナリオ走行を開始しました [シナリオ名: ログイン]
[ADMIN] 19:26:19.362042 シナリオ走行を終了しました [シナリオ名: ログイン]
[ADMIN] 19:26:19.362056 シナリオ走行を開始しました [シナリオ名: ログイン]
[ADMIN] 19:26:19.374774 シナリオ走行を終了しました [シナリオ名: ログイン]
[ADMIN] 19:26:19.374788 シナリオ走行を開始しました [シナリオ名: ログイン]
[ADMIN] 19:26:19.408946 シナリオ走行を終了しました [シナリオ名: Banユーザログイン]
[ADMIN] 19:26:19.408960 シナリオ走行を開始しました [シナリオ名: Banユーザログイン]
[ADMIN] 19:26:19.482198 シナリオ走行を終了しました [シナリオ名: Banユーザログイン]
[ADMIN] 19:26:19.482220 シナリオ走行を開始しました [シナリオ名: Banユーザログイン]
[ADMIN] 19:26:19.500408 シナリオ走行を終了しました [シナリオ名: Banユーザログイン]
[ADMIN] 19:26:19.500429 シナリオ走行を開始しました [シナリオ名: Banユーザログイン]
[ADMIN] 19:26:19.514773 シナリオ走行を終了しました [シナリオ名: Banユーザログイン]
[ADMIN] 19:26:19.514791 シナリオ走行を開始しました [シナリオ名: Banユーザログイン]
[ADMIN] 19:26:19.588826 シナリオ走行を終了しました [シナリオ名: Banユーザログイン]
[ADMIN] 19:26:19.588846 シナリオ走行を開始しました [シナリオ名: Banユーザログイン]
[ADMIN] 19:26:19.599890 シナリオ走行を終了しました [シナリオ名: Banユーザログイン]
[ADMIN] 19:26:19.599908 シナリオ走行を開始しました [シナリオ名: Banユーザログイン]
[ADMIN] 19:26:19.638791 シナリオ走行を終了しました [シナリオ名: Banユーザログイン]
[ADMIN] 19:26:19.638809 シナリオ走行を開始しました [シナリオ名: Banユーザログイン]
[ADMIN] 19:26:19.651797 シナリオ走行を終了しました [シナリオ名: Banユーザログイン]
[ADMIN] 19:26:19.651818 シナリオ走行を開始しました [シナリオ名: Banユーザログイン]
[ADMIN] 19:26:19.743384 シナリオ走行を終了しました [シナリオ名: Banユーザログイン]
[ADMIN] 19:26:19.743408 シナリオ走行を開始しました [シナリオ名: Banユーザログイン]
[ADMIN] 19:26:19.761793 シナリオ走行を終了しました [シナリオ名: ログイン]
[ADMIN] 19:26:19.761806 シナリオ走行を開始しました [シナリオ名: ログイン]
[ADMIN] 19:26:19.776752 シナリオ走行を終了しました [シナリオ名: ログイン]
[ADMIN] 19:26:19.776764 シナリオ走行を開始しました [シナリオ名: ログイン]
[ADMIN] 19:26:19.797946 シナリオ走行を終了しました [シナリオ名: ログイン]
[ADMIN] 19:26:19.797956 シナリオ走行を開始しました [シナリオ名: ログイン]
[ADMIN] 19:26:19.885710 シナリオ走行を終了しました [シナリオ名: Banユーザログイン]
[ADMIN] 19:26:19.885728 シナリオ走行を開始しました [シナリオ名: Banユーザログイン]
[ADMIN] 19:26:20.016887 シナリオ走行を終了しました [シナリオ名: Banユーザログイン]
[ADMIN] 19:26:20.016918 シナリオ走行を開始しました [シナリオ名: Banユーザログイン]
[ADMIN] 19:26:20.024337 シナリオ走行を終了しました [シナリオ名: ログイン]
[ADMIN] 19:26:20.024349 シナリオ走行を開始しました [シナリオ名: ログイン]
[ADMIN] 19:26:20.094377 シナリオ走行を終了しました [シナリオ名: Banユーザログイン]
[ADMIN] 19:26:20.094395 シナリオ走行を開始しました [シナリオ名: Banユーザログイン]
[ADMIN] 19:26:20.096843 シナリオ走行を終了しました [シナリオ名: Banユーザログイン]
[ADMIN] 19:26:20.096861 シナリオ走行を開始しました [シナリオ名: Banユーザログイン]
[ADMIN] 19:26:20.111631 シナリオ走行を終了しました [シナリオ名: ログイン]
[ADMIN] 19:26:20.111642 シナリオ走行を開始しました [シナリオ名: ログイン]
[ADMIN] 19:26:20.160186 シナリオ走行を終了しました [シナリオ名: Banユーザログイン]
[ADMIN] 19:26:20.160203 シナリオ走行を開始しました [シナリオ名: Banユーザログイン]
[ADMIN] 19:26:20.164657 シナリオ走行を終了しました [シナリオ名: Banユーザログイン]
[ADMIN] 19:26:20.164672 シナリオ走行を開始しました [シナリオ名: Banユーザログイン]
[ADMIN] 19:26:20.175043 シナリオ走行を終了しました [シナリオ名: Banユーザログイン]
[ADMIN] 19:26:20.175060 シナリオ走行を開始しました [シナリオ名: Banユーザログイン]
[ADMIN] 19:26:20.177021 シナリオ走行を終了しました [シナリオ名: Banユーザログイン]
[ADMIN] 19:26:20.177036 シナリオ走行を開始しました [シナリオ名: Banユーザログイン]
[ADMIN] 19:26:20.233602 シナリオ走行を終了しました [シナリオ名: Banユーザログイン]
[ADMIN] 19:26:20.233622 シナリオ走行を開始しました [シナリオ名: Banユーザログイン]
[ADMIN] 19:26:20.323118 シナリオ走行を終了しました [シナリオ名: Banユーザログイン]
[ADMIN] 19:26:20.323139 シナリオ走行を開始しました [シナリオ名: Banユーザログイン]
[ADMIN] 19:26:20.354264 シナリオ走行を終了しました [シナリオ名: ログイン]
[ADMIN] 19:26:20.354278 シナリオ走行を開始しました [シナリオ名: ログイン]
[ADMIN] 19:26:20.476278 シナリオ走行を終了しました [シナリオ名: Banユーザログイン]
[ADMIN] 19:26:20.476305 シナリオ走行を開始しました [シナリオ名: Banユーザログイン]
[ADMIN] 19:26:20.689807 シナリオ走行を終了しました [シナリオ名: Banユーザログイン]
[ADMIN] 19:26:20.689833 シナリオ走行を開始しました [シナリオ名: Banユーザログイン]
[ADMIN] 19:26:20.694793 シナリオ走行を終了しました [シナリオ名: ログイン]
[ADMIN] 19:26:20.694805 シナリオ走行を開始しました [シナリオ名: ログイン]
[ADMIN] 19:26:20.721890 シナリオ走行を終了しました [シナリオ名: Banユーザログイン]
[ADMIN] 19:26:20.721909 シナリオ走行を開始しました [シナリオ名: Banユーザログイン]
[ADMIN] 19:26:20.737680 シナリオ走行を終了しました [シナリオ名: Banユーザログイン]
[ADMIN] 19:26:20.737698 シナリオ走行を開始しました [シナリオ名: Banユーザログイン]
[ADMIN] 19:26:20.738015 シナリオ走行を終了しました [シナリオ名: Banユーザログイン]
[ADMIN] 19:26:20.738026 シナリオ走行を開始しました [シナリオ名: Banユーザログイン]
[ADMIN] 19:26:20.749199 シナリオ走行を終了しました [シナリオ名: Banユーザログイン]
[ADMIN] 19:26:20.749220 シナリオ走行を開始しました [シナリオ名: Banユーザログイン]
[ADMIN] 19:26:20.753664 シナリオ走行を終了しました [シナリオ名: Banユーザログイン]
[ADMIN] 19:26:20.753685 シナリオ走行を開始しました [シナリオ名: Banユーザログイン]
[ADMIN] 19:26:20.849400 シナリオ走行を終了しました [シナリオ名: Banユーザログイン]
[ADMIN] 19:26:20.849424 シナリオ走行を開始しました [シナリオ名: Banユーザログイン]
[ADMIN] 19:26:20.908580 シナリオ走行を終了しました [シナリオ名: ログイン]
[ADMIN] 19:26:20.908594 シナリオ走行を開始しました [シナリオ名: ログイン]
[ADMIN] 19:26:20.918835 シナリオ走行を終了しました [シナリオ名: Banユーザログイン]
[ADMIN] 19:26:20.918851 シナリオ走行を開始しました [シナリオ名: Banユーザログイン]
[ADMIN] 19:26:20.981069 シナリオ走行を終了しました [シナリオ名: Banユーザログイン]
[ADMIN] 19:26:20.981085 シナリオ走行を開始しました [シナリオ名: Banユーザログイン]
[ADMIN] 19:26:20.998486 シナリオ走行を終了しました [シナリオ名: ログイン]
[ADMIN] 19:26:20.998495 シナリオ走行を開始しました [シナリオ名: ログイン]
[ADMIN] 19:26:21.132263 シナリオ走行を終了しました [シナリオ名: Banユーザログイン]
[ADMIN] 19:26:21.132285 シナリオ走行を開始しました [シナリオ名: Banユーザログイン]
[ADMIN] 19:26:21.165525 シナリオ走行を終了しました [シナリオ名: ログイン]
[ADMIN] 19:26:21.165543 シナリオ走行を開始しました [シナリオ名: ログイン]
[ADMIN] 19:26:21.289506 シナリオ走行を終了しました [シナリオ名: Banユーザログイン]
[ADMIN] 19:26:21.289527 シナリオ走行を開始しました [シナリオ名: Banユーザログイン]
[ADMIN] 19:26:21.295037 シナリオ走行を終了しました [シナリオ名: Banユーザログイン]
[ADMIN] 19:26:21.295053 シナリオ走行を開始しました [シナリオ名: Banユーザログイン]
[ADMIN] 19:26:21.298980 シナリオ走行を終了しました [シナリオ名: ログイン]
[ADMIN] 19:26:21.298991 シナリオ走行を開始しました [シナリオ名: ログイン]
[ADMIN] 19:26:21.316304 シナリオ走行を終了しました [シナリオ名: ログイン]
[ADMIN] 19:26:21.316316 シナリオ走行を開始しました [シナリオ名: ログイン]
[ADMIN] 19:26:21.352456 シナリオ走行を終了しました [シナリオ名: Banユーザログイン]
[ADMIN] 19:26:21.352478 シナリオ走行を開始しました [シナリオ名: Banユーザログイン]
[ADMIN] 19:26:21.359631 シナリオ走行を終了しました [シナリオ名: Banユーザログイン]
[ADMIN] 19:26:21.359644 シナリオ走行を開始しました [シナリオ名: Banユーザログイン]
[ADMIN] 19:26:21.387435 シナリオ走行を終了しました [シナリオ名: Banユーザログイン]
[ADMIN] 19:26:21.387453 シナリオ走行を開始しました [シナリオ名: Banユーザログイン]
[ADMIN] 19:26:21.414136 シナリオ走行を終了しました [シナリオ名: 新規ユーザー登録]
[ADMIN] 19:26:21.414159 シナリオ走行を開始しました [シナリオ名: 新規ユーザー登録]
[ADMIN] 19:26:21.469133 シナリオ走行を終了しました [シナリオ名: Banユーザログイン]
[ADMIN] 19:26:21.469153 シナリオ走行を開始しました [シナリオ名: Banユーザログイン]
[ADMIN] 19:26:21.474944 シナリオ走行を終了しました [シナリオ名: 新規ユーザー登録]
[ADMIN] 19:26:21.474962 シナリオ走行を開始しました [シナリオ名: 新規ユーザー登録]
[ADMIN] 19:26:21.478552 シナリオ走行を終了しました [シナリオ名: Banユーザログイン]
[ADMIN] 19:26:21.478566 シナリオ走行を開始しました [シナリオ名: Banユーザログイン]
[ADMIN] 19:26:21.501625 シナリオ走行を終了しました [シナリオ名: Banユーザログイン]
[ADMIN] 19:26:21.501643 シナリオ走行を開始しました [シナリオ名: Banユーザログイン]
[ADMIN] 19:26:21.549325 シナリオ走行を終了しました [シナリオ名: ログイン]
[ADMIN] 19:26:21.549342 シナリオ走行を開始しました [シナリオ名: ログイン]
[ADMIN] 19:26:21.549590 シナリオ走行を終了しました [シナリオ名: ログイン]
[ADMIN] 19:26:21.549599 シナリオ走行を開始しました [シナリオ名: ログイン]
[ADMIN] 19:26:21.562453 シナリオ走行を終了しました [シナリオ名: ログイン]
[ADMIN] 19:26:21.562470 シナリオ走行を開始しました [シナリオ名: ログイン]
[ADMIN] 19:26:21.563002 シナリオ走行を終了しました [シナリオ名: ログイン]
[ADMIN] 19:26:21.563013 シナリオ走行を開始しました [シナリオ名: ログイン]
[ADMIN] 19:26:21.590425 シナリオ走行を終了しました [シナリオ名: ログイン]
[ADMIN] 19:26:21.590435 シナリオ走行を開始しました [シナリオ名: ログイン]
[ADMIN] 19:26:21.617198 シナリオ走行を終了しました [シナリオ名: ログイン]
[ADMIN] 19:26:21.617209 シナリオ走行を開始しました [シナリオ名: ログイン]
[ADMIN] 19:26:21.682408 シナリオ走行を終了しました [シナリオ名: ログイン]
[ADMIN] 19:26:21.682423 シナリオ走行を開始しました [シナリオ名: ログイン]
[ADMIN] 19:26:21.692742 シナリオ走行を終了しました [シナリオ名: ログイン]
[ADMIN] 19:26:21.692752 シナリオ走行を開始しました [シナリオ名: ログイン]
[ADMIN] 19:26:21.695129 シナリオ走行を終了しました [シナリオ名: Banユーザログイン]
[ADMIN] 19:26:21.695147 シナリオ走行を開始しました [シナリオ名: Banユーザログイン]
[ADMIN] 19:26:21.716351 シナリオ走行を終了しました [シナリオ名: Banユーザログイン]
[ADMIN] 19:26:21.716374 シナリオ走行を開始しました [シナリオ名: Banユーザログイン]
[ADMIN] 19:26:21.720973 シナリオ走行を終了しました [シナリオ名: ログイン]
[ADMIN] 19:26:21.720983 シナリオ走行を開始しました [シナリオ名: ログイン]
[ADMIN] 19:26:21.724659 シナリオ走行を終了しました [シナリオ名: ログイン]
[ADMIN] 19:26:21.724669 シナリオ走行を開始しました [シナリオ名: ログイン]
[ADMIN] 19:26:21.779356 シナリオ走行を終了しました [シナリオ名: ログイン]
[ADMIN] 19:26:21.779367 シナリオ走行を開始しました [シナリオ名: ログイン]
[ADMIN] 19:26:21.781899 シナリオ走行を終了しました [シナリオ名: ログイン]
[ADMIN] 19:26:21.781908 シナリオ走行を開始しました [シナリオ名: ログイン]
[ADMIN] 19:26:21.782743 シナリオ走行を終了しました [シナリオ名: ログイン]
[ADMIN] 19:26:21.782752 シナリオ走行を開始しました [シナリオ名: ログイン]
[ADMIN] 19:26:21.794796 シナリオ走行を終了しました [シナリオ名: 新規ユーザー登録]
[ADMIN] 19:26:21.794815 シナリオ走行を開始しました [シナリオ名: 新規ユーザー登録]
[ADMIN] 19:26:21.803270 シナリオ走行を終了しました [シナリオ名: ログイン]
[ADMIN] 19:26:21.803278 シナリオ走行を開始しました [シナリオ名: ログイン]
[ADMIN] 19:26:21.805592 シナリオ走行を終了しました [シナリオ名: 新規ユーザー登録]
[ADMIN] 19:26:21.805611 シナリオ走行を開始しました [シナリオ名: 新規ユーザー登録]
[ADMIN] 19:26:21.811580 シナリオ走行を終了しました [シナリオ名: ログイン]
[ADMIN] 19:26:21.811588 シナリオ走行を開始しました [シナリオ名: ログイン]
[ADMIN] 19:26:21.825120 シナリオ走行を終了しました [シナリオ名: 新規ユーザー登録]
[ADMIN] 19:26:21.825135 シナリオ走行を開始しました [シナリオ名: 新規ユーザー登録]
[ADMIN] 19:26:21.842339 シナリオ走行を終了しました [シナリオ名: ログイン]
[ADMIN] 19:26:21.842351 シナリオ走行を開始しました [シナリオ名: ログイン]
[ADMIN] 19:26:21.844930 シナリオ走行を終了しました [シナリオ名: ログイン]
[ADMIN] 19:26:21.844940 シナリオ走行を開始しました [シナリオ名: ログイン]
[ADMIN] 19:26:21.850110 シナリオ走行を終了しました [シナリオ名: Banユーザログイン]
[ADMIN] 19:26:21.850127 シナリオ走行を開始しました [シナリオ名: Banユーザログイン]
[ADMIN] 19:26:21.862649 シナリオ走行を終了しました [シナリオ名: 新規ユーザー登録]
[ADMIN] 19:26:21.862674 シナリオ走行を開始しました [シナリオ名: 新規ユーザー登録]
[ADMIN] 19:26:21.876638 シナリオ走行を終了しました [シナリオ名: 新規ユーザー登録]
[ADMIN] 19:26:21.876657 シナリオ走行を開始しました [シナリオ名: 新規ユーザー登録]
[ADMIN] 19:26:21.884390 シナリオ走行を終了しました [シナリオ名: 新規ユーザー登録]
[ADMIN] 19:26:21.884409 シナリオ走行を開始しました [シナリオ名: 新規ユーザー登録]
[ADMIN] 19:26:21.926771 シナリオ走行を終了しました [シナリオ名: ログイン]
[ADMIN] 19:26:21.926782 シナリオ走行を開始しました [シナリオ名: ログイン]
[ADMIN] 19:26:21.942511 シナリオ走行を終了しました [シナリオ名: ログイン]
[ADMIN] 19:26:21.942527 シナリオ走行を開始しました [シナリオ名: ログイン]
[ADMIN] 19:26:21.948076 シナリオ走行を終了しました [シナリオ名: ログイン]
[ADMIN] 19:26:21.948092 シナリオ走行を開始しました [シナリオ名: ログイン]
[ADMIN] 19:26:21.955935 シナリオ走行を終了しました [シナリオ名: ログイン]
[ADMIN] 19:26:21.955946 シナリオ走行を開始しました [シナリオ名: ログイン]
[ADMIN] 19:26:21.974011 シナリオ走行を終了しました [シナリオ名: ログイン]
[ADMIN] 19:26:21.974021 シナリオ走行を開始しました [シナリオ名: ログイン]
[ADMIN] 19:26:21.975726 シナリオ走行を終了しました [シナリオ名: Banユーザログイン]
[ADMIN] 19:26:21.975746 シナリオ走行を開始しました [シナリオ名: Banユーザログイン]
[ADMIN] 19:26:21.976873 シナリオ走行を終了しました [シナリオ名: 新規ユーザー登録]
[ADMIN] 19:26:21.976890 シナリオ走行を開始しました [シナリオ名: 新規ユーザー登録]
[ADMIN] 19:26:21.996057 シナリオ走行を終了しました [シナリオ名: Banユーザログイン]
[ADMIN] 19:26:21.996072 シナリオ走行を開始しました [シナリオ名: Banユーザログイン]
[ADMIN] 19:26:22.004115 シナリオ走行を終了しました [シナリオ名: 新規ユーザー登録]
[ADMIN] 19:26:22.004134 シナリオ走行を開始しました [シナリオ名: 新規ユーザー登録]
[ADMIN] 19:26:22.016114 シナリオ走行を終了しました [シナリオ名: Banユーザログイン]
[ADMIN] 19:26:22.016131 シナリオ走行を開始しました [シナリオ名: Banユーザログイン]
[ADMIN] 19:26:22.023439 シナリオ走行を終了しました [シナリオ名: ログイン]
[ADMIN] 19:26:22.023450 シナリオ走行を開始しました [シナリオ名: ログイン]
[ADMIN] 19:26:22.037468 シナリオ走行を終了しました [シナリオ名: ログイン]
[ADMIN] 19:26:22.037478 シナリオ走行を開始しました [シナリオ名: ログイン]
[ADMIN] 19:26:22.059326 シナリオ走行を終了しました [シナリオ名: 新規ユーザー登録]
[ADMIN] 19:26:22.059348 シナリオ走行を開始しました [シナリオ名: 新規ユーザー登録]
[ADMIN] 19:26:22.063836 シナリオ走行を終了しました [シナリオ名: 新規ユーザー登録]
[ADMIN] 19:26:22.063863 シナリオ走行を開始しました [シナリオ名: 新規ユーザー登録]
[ADMIN] 19:26:22.066289 シナリオ走行を終了しました [シナリオ名: Banユーザログイン]
[ADMIN] 19:26:22.066304 シナリオ走行を開始しました [シナリオ名: Banユーザログイン]
[ADMIN] 19:26:22.072682 シナリオ走行を終了しました [シナリオ名: Banユーザログイン]
[ADMIN] 19:26:22.072697 シナリオ走行を開始しました [シナリオ名: Banユーザログイン]
[ADMIN] 19:26:22.080131 シナリオ走行を終了しました [シナリオ名: Banユーザログイン]
[ADMIN] 19:26:22.080144 シナリオ走行を開始しました [シナリオ名: Banユーザログイン]
[ADMIN] 19:26:22.081881 シナリオ走行を終了しました [シナリオ名: ログイン]
[ADMIN] 19:26:22.081890 シナリオ走行を開始しました [シナリオ名: ログイン]
[ADMIN] 19:26:22.095341 シナリオ走行を終了しました [シナリオ名: ログイン]
[ADMIN] 19:26:22.095353 シナリオ走行を開始しました [シナリオ名: ログイン]
[ADMIN] 19:26:22.110588 シナリオ走行を終了しました [シナリオ名: Banユーザログイン]
[ADMIN] 19:26:22.110608 シナリオ走行を開始しました [シナリオ名: Banユーザログイン]
[ADMIN] 19:26:22.167312 シナリオ走行を終了しました [シナリオ名: ログイン]
[ADMIN] 19:26:22.167326 シナリオ走行を開始しました [シナリオ名: ログイン]
[ADMIN] 19:26:22.182565 シナリオ走行を終了しました [シナリオ名: 新規ユーザー登録]
[ADMIN] 19:26:22.182586 シナリオ走行を開始しました [シナリオ名: 新規ユーザー登録]
[ADMIN] 19:26:22.182602 シナリオ走行を終了しました [シナリオ名: 新規ユーザー登録]
[ADMIN] 19:26:22.182632 シナリオ走行を開始しました [シナリオ名: 新規ユーザー登録]
[ADMIN] 19:26:22.195593 シナリオ走行を終了しました [シナリオ名: ログイン]
[ADMIN] 19:26:22.195605 シナリオ走行を開始しました [シナリオ名: ログイン]
[ADMIN] 19:26:22.205432 シナリオ走行を終了しました [シナリオ名: ログイン]
[ADMIN] 19:26:22.205443 シナリオ走行を開始しました [シナリオ名: ログイン]
[ADMIN] 19:26:22.217644 シナリオ走行を終了しました [シナリオ名: 新規ユーザー登録]
[ADMIN] 19:26:22.217664 シナリオ走行を開始しました [シナリオ名: 新規ユーザー登録]
[ADMIN] 19:26:22.236925 シナリオ走行を終了しました [シナリオ名: ログイン]
[ADMIN] 19:26:22.236936 シナリオ走行を開始しました [シナリオ名: ログイン]
[ADMIN] 19:26:22.245843 シナリオ走行を終了しました [シナリオ名: ログイン]
[ADMIN] 19:26:22.245852 シナリオ走行を開始しました [シナリオ名: ログイン]
[ADMIN] 19:26:22.248981 シナリオ走行を終了しました [シナリオ名: 新規ユーザー登録]
[ADMIN] 19:26:22.249000 シナリオ走行を開始しました [シナリオ名: 新規ユーザー登録]
[ADMIN] 19:26:22.276181 シナリオ走行を終了しました [シナリオ名: ログイン]
[ADMIN] 19:26:22.276194 シナリオ走行を開始しました [シナリオ名: ログイン]
[ADMIN] 19:26:22.285515 シナリオ走行を終了しました [シナリオ名: Banユーザログイン]
[ADMIN] 19:26:22.285535 シナリオ走行を開始しました [シナリオ名: Banユーザログイン]
[ADMIN] 19:26:22.287532 シナリオ走行を終了しました [シナリオ名: 新規ユーザー登録]
[ADMIN] 19:26:22.287549 シナリオ走行を開始しました [シナリオ名: 新規ユーザー登録]
[ADMIN] 19:26:22.296834 シナリオ走行を終了しました [シナリオ名: 新規ユーザー登録]
[ADMIN] 19:26:22.296848 シナリオ走行を開始しました [シナリオ名: 新規ユーザー登録]
[ADMIN] 19:26:22.304168 シナリオ走行を終了しました [シナリオ名: ログイン]
[ADMIN] 19:26:22.304177 シナリオ走行を開始しました [シナリオ名: ログイン]
[ADMIN] 19:26:22.335274 シナリオ走行を終了しました [シナリオ名: Banユーザログイン]
[ADMIN] 19:26:22.335291 シナリオ走行を開始しました [シナリオ名: Banユーザログイン]
[ADMIN] 19:26:22.337876 シナリオ走行を終了しました [シナリオ名: 新規ユーザー登録]
[ADMIN] 19:26:22.337895 シナリオ走行を開始しました [シナリオ名: 新規ユーザー登録]
[ADMIN] 19:26:22.346735 シナリオ走行を終了しました [シナリオ名: 新規ユーザー登録]
[ADMIN] 19:26:22.346752 シナリオ走行を開始しました [シナリオ名: 新規ユーザー登録]
[ADMIN] 19:26:22.390648 シナリオ走行を終了しました [シナリオ名: ログイン]
[ADMIN] 19:26:22.390661 シナリオ走行を開始しました [シナリオ名: ログイン]
[ADMIN] 19:26:22.442712 シナリオ走行を終了しました [シナリオ名: ログイン]
[ADMIN] 19:26:22.442725 シナリオ走行を開始しました [シナリオ名: ログイン]
[ADMIN] 19:26:22.510924 シナリオ走行を終了しました [シナリオ名: ログイン]
[ADMIN] 19:26:22.510939 シナリオ走行を開始しました [シナリオ名: ログイン]
[ADMIN] 19:26:22.519763 シナリオ走行を終了しました [シナリオ名: Banユーザログイン]
[ADMIN] 19:26:22.519781 シナリオ走行を開始しました [シナリオ名: Banユーザログイン]
[ADMIN] 19:26:22.539932 シナリオ走行を終了しました [シナリオ名: 新規ユーザー登録]
[ADMIN] 19:26:22.539948 シナリオ走行を開始しました [シナリオ名: 新規ユーザー登録]
[ADMIN] 19:26:22.580264 シナリオ走行を終了しました [シナリオ名: 新規ユーザー登録]
[ADMIN] 19:26:22.580286 シナリオ走行を開始しました [シナリオ名: 新規ユーザー登録]
[ADMIN] 19:26:22.590473 シナリオ走行を終了しました [シナリオ名: ログイン]
[ADMIN] 19:26:22.590482 シナリオ走行を開始しました [シナリオ名: ログイン]
[ADMIN] 19:26:22.602493 シナリオ走行を終了しました [シナリオ名: ログイン]
[ADMIN] 19:26:22.602503 シナリオ走行を開始しました [シナリオ名: ログイン]
[ADMIN] 19:26:22.612414 シナリオ走行を終了しました [シナリオ名: ログイン]
[ADMIN] 19:26:22.612423 シナリオ走行を開始しました [シナリオ名: ログイン]
[ADMIN] 19:26:22.621890 シナリオ走行を終了しました [シナリオ名: 新規ユーザー登録]
[ADMIN] 19:26:22.621908 シナリオ走行を開始しました [シナリオ名: 新規ユーザー登録]
[ADMIN] 19:26:22.623025 シナリオ走行を終了しました [シナリオ名: ログイン]
[ADMIN] 19:26:22.623034 シナリオ走行を開始しました [シナリオ名: ログイン]
[ADMIN] 19:26:22.631448 シナリオ走行を終了しました [シナリオ名: Banユーザログイン]
[ADMIN] 19:26:22.631464 シナリオ走行を開始しました [シナリオ名: Banユーザログイン]
[ADMIN] 19:26:22.646564 シナリオ走行を終了しました [シナリオ名: 新規ユーザー登録]
[ADMIN] 19:26:22.646582 シナリオ走行を開始しました [シナリオ名: 新規ユーザー登録]
[ADMIN] 19:26:22.676315 シナリオ走行を終了しました [シナリオ名: Banユーザログイン]
[ADMIN] 19:26:22.676331 シナリオ走行を開始しました [シナリオ名: Banユーザログイン]
[ADMIN] 19:26:22.677722 シナリオ走行を終了しました [シナリオ名: 新規ユーザー登録]
[ADMIN] 19:26:22.677736 シナリオ走行を開始しました [シナリオ名: 新規ユーザー登録]
[ADMIN] 19:26:22.686254 シナリオ走行を終了しました [シナリオ名: Banユーザログイン]
[ADMIN] 19:26:22.686262 シナリオ走行を開始しました [シナリオ名: Banユーザログイン]
[ADMIN] 19:26:22.686274 シナリオ走行を終了しました [シナリオ名: Banユーザログイン]
[ADMIN] 19:26:22.686289 シナリオ走行を開始しました [シナリオ名: Banユーザログイン]
[ADMIN] 19:26:22.688662 シナリオ走行を終了しました [シナリオ名: Banユーザログイン]
[ADMIN] 19:26:22.688671 シナリオ走行を開始しました [シナリオ名: Banユーザログイン]
[ADMIN] 19:26:22.690015 シナリオ走行を終了しました [シナリオ名: Banユーザログイン]
[ADMIN] 19:26:22.690030 シナリオ走行を開始しました [シナリオ名: Banユーザログイン]
[ADMIN] 19:26:22.700633 シナリオ走行を終了しました [シナリオ名: ログイン]
[ADMIN] 19:26:22.700642 シナリオ走行を開始しました [シナリオ名: ログイン]
[ADMIN] 19:26:22.700944 シナリオ走行を終了しました [シナリオ名: Banユーザログイン]
[ADMIN] 19:26:22.700954 シナリオ走行を開始しました [シナリオ名: Banユーザログイン]
[ADMIN] 19:26:22.711578 シナリオ走行を終了しました [シナリオ名: ログイン]
[ADMIN] 19:26:22.711587 シナリオ走行を開始しました [シナリオ名: ログイン]
[ADMIN] 19:26:22.725099 シナリオ走行を終了しました [シナリオ名: ログイン]
[ADMIN] 19:26:22.725110 シナリオ走行を開始しました [シナリオ名: ログイン]
[ADMIN] 19:26:22.755800 シナリオ走行を終了しました [シナリオ名: 新規ユーザー登録]
[ADMIN] 19:26:22.755828 シナリオ走行を開始しました [シナリオ名: 新規ユーザー登録]
[ADMIN] 19:26:22.757798 シナリオ走行を終了しました [シナリオ名: ログイン]
[ADMIN] 19:26:22.757810 シナリオ走行を開始しました [シナリオ名: ログイン]
[ADMIN] 19:26:22.824688 シナリオ走行を終了しました [シナリオ名: 新規ユーザー登録]
[ADMIN] 19:26:22.824711 シナリオ走行を開始しました [シナリオ名: 新規ユーザー登録]
[ADMIN] 19:26:22.852011 シナリオ走行を終了しました [シナリオ名: 新規ユーザー登録]
[ADMIN] 19:26:22.852036 シナリオ走行を開始しました [シナリオ名: 新規ユーザー登録]
[ADMIN] 19:26:22.862259 シナリオ走行を終了しました [シナリオ名: ログイン]
[ADMIN] 19:26:22.862272 シナリオ走行を開始しました [シナリオ名: ログイン]
[ADMIN] 19:26:22.862993 シナリオ走行を終了しました [シナリオ名: ログイン]
[ADMIN] 19:26:22.863003 シナリオ走行を開始しました [シナリオ名: ログイン]
[ADMIN] 19:26:22.909682 シナリオ走行を終了しました [シナリオ名: 新規ユーザー登録]
[ADMIN] 19:26:22.909707 シナリオ走行を開始しました [シナリオ名: 新規ユーザー登録]
[ADMIN] 19:26:22.919007 シナリオ走行を終了しました [シナリオ名: Banユーザログイン]
[ADMIN] 19:26:22.919018 シナリオ走行を開始しました [シナリオ名: Banユーザログイン]
[ADMIN] 19:26:22.959199 シナリオ走行を終了しました [シナリオ名: Banユーザログイン]
[ADMIN] 19:26:22.959217 シナリオ走行を開始しました [シナリオ名: Banユーザログイン]
[ADMIN] 19:26:22.965787 シナリオ走行を終了しました [シナリオ名: 新規ユーザー登録]
[ADMIN] 19:26:22.965817 シナリオ走行を開始しました [シナリオ名: 新規ユーザー登録]
[ADMIN] 19:26:22.968741 シナリオ走行を終了しました [シナリオ名: 新規ユーザー登録]
[ADMIN] 19:26:22.968759 シナリオ走行を開始しました [シナリオ名: 新規ユーザー登録]
[ADMIN] 19:26:22.982941 シナリオ走行を終了しました [シナリオ名: ログイン]
[ADMIN] 19:26:22.982953 シナリオ走行を開始しました [シナリオ名: ログイン]
[ADMIN] 19:26:22.995318 シナリオ走行を終了しました [シナリオ名: ログイン]
[ADMIN] 19:26:22.995331 シナリオ走行を開始しました [シナリオ名: ログイン]
[ADMIN] 19:26:22.996696 シナリオ走行を終了しました [シナリオ名: 新規ユーザー登録]
[ADMIN] 19:26:22.996712 シナリオ走行を開始しました [シナリオ名: 新規ユーザー登録]
[ADMIN] 19:26:23.016050 シナリオ走行を終了しました [シナリオ名: ログイン]
[ADMIN] 19:26:23.016061 シナリオ走行を開始しました [シナリオ名: ログイン]
[ADMIN] 19:26:23.039012 シナリオ走行を終了しました [シナリオ名: ログイン]
[ADMIN] 19:26:23.039022 シナリオ走行を開始しました [シナリオ名: ログイン]
19:26:23.055256 現在のログイン成功数: [total: 4641 (+1317人)]
19:26:23.055262 現在のユーザー登録成功数: [total: 2041 (+528人)]
19:26:23.056135 負荷走行がすべて終了しました
[ADMIN] 19:26:23.055500 シナリオ走行を終了しました [シナリオ名: Banユーザログイン]
[ADMIN] 19:26:23.055546 シナリオ走行を終了しました [シナリオ名: Banユーザログイン]
[ADMIN] 19:26:23.055569 シナリオ走行を終了しました [シナリオ名: Banユーザログイン]
[ADMIN] 19:26:23.055595 シナリオ走行を終了しました [シナリオ名: Banユーザログイン]
[ADMIN] 19:26:23.055642 シナリオ走行を終了しました [シナリオ名: 新規ユーザー登録]
[ADMIN] 19:26:23.055713 シナリオ走行を終了しました [シナリオ名: Banユーザログイン]
[ADMIN] 19:26:23.055748 シナリオ走行を終了しました [シナリオ名: Banユーザログイン]
[ADMIN] 19:26:23.055803 シナリオ走行を終了しました [シナリオ名: Banユーザログイン]
[ADMIN] 19:26:23.055995 シナリオ走行を終了しました [シナリオ名: Banユーザログイン]
[ADMIN] 19:26:23.056059 シナリオ走行を終了しました [シナリオ名: ログイン]
[ADMIN] 19:26:23.056099 シナリオ走行を終了しました [シナリオ名: 新規ユーザー登録]
[ADMIN] 19:26:23.056158 負荷走行がすべて終了しました
[ADMIN] 19:26:23.056306 シナリオ走行を終了しました [シナリオ名: Banユーザログイン]
[ADMIN] 19:26:23.056348 シナリオ走行を終了しました [シナリオ名: ログイン]
[ADMIN] 19:26:23.056417 シナリオ走行を終了しました [シナリオ名: 新規ユーザー登録]
[ADMIN] 19:26:23.056680 シナリオ走行を終了しました [シナリオ名: 新規ユーザー登録]
[ADMIN] 19:26:23.056756 シナリオ走行を終了しました [シナリオ名: 新規ユーザー登録]
[ADMIN] 19:26:23.056796 シナリオ走行を終了しました [シナリオ名: ログイン]
[ADMIN] 19:26:23.056861 シナリオ走行を終了しました [シナリオ名: ログイン]
[ADMIN] 19:26:23.056925 シナリオ走行を終了しました [シナリオ名: Banユーザログイン]
[ADMIN] 19:26:23.056996 シナリオ走行を終了しました [シナリオ名: ログイン]
[ADMIN] 19:26:23.057080 シナリオ走行を終了しました [シナリオ名: ログイン]
[ADMIN] 19:26:23.057092 シナリオ走行を終了しました [シナリオ名: ログイン]
[ADMIN] 19:26:23.057104 シナリオ走行を終了しました [シナリオ名: ログイン]
[ADMIN] 19:26:23.057177 シナリオ走行を終了しました [シナリオ名: ログイン]
[ADMIN] 19:26:23.057212 シナリオ走行を終了しました [シナリオ名: 新規ユーザー登録]
[ADMIN] 19:26:23.057232 シナリオ走行を終了しました [シナリオ名: ログイン]
[ADMIN] 19:26:23.057377 シナリオ走行を終了しました [シナリオ名: ログイン]
[ADMIN] 19:26:23.057462 シナリオ走行を終了しました [シナリオ名: ログイン]
[ADMIN] 19:26:23.057463 シナリオ走行を終了しました [シナリオ名: ログイン]
[ADMIN] 19:26:23.057559 シナリオ走行を終了しました [シナリオ名: ログイン]
[ADMIN] 19:26:23.057695 シナリオ走行を終了しました [シナリオ名: 新規ユーザー登録]
[ADMIN] 19:26:23.057703 シナリオ走行を終了しました [シナリオ名: ログイン]
[ADMIN] 19:26:23.057778 シナリオ走行を終了しました [シナリオ名: ログイン]
[ADMIN] 19:26:23.057779 シナリオ走行を終了しました [シナリオ名: ログイン]
[ADMIN] 19:26:23.057849 シナリオ走行を終了しました [シナリオ名: ログイン]
[ADMIN] 19:26:23.057940 シナリオ走行を終了しました [シナリオ名: 新規ユーザー登録]
[ADMIN] 19:26:23.057974 シナリオ走行を終了しました [シナリオ名: 新規ユーザー登録]
[ADMIN] 19:26:23.058048 シナリオ走行を終了しました [シナリオ名: ログイン]
[ADMIN] 19:26:23.058092 シナリオ走行を終了しました [シナリオ名: ログイン]
[ADMIN] 19:26:23.058177 シナリオ走行を終了しました [シナリオ名: ログイン]
[ADMIN] 19:26:23.058268 シナリオ走行を終了しました [シナリオ名: ログイン]
[ADMIN] 19:26:23.058447 シナリオ走行を終了しました [シナリオ名: ログイン]
[ADMIN] 19:26:23.058448 シナリオ走行を終了しました [シナリオ名: 新規ユーザー登録]
[ADMIN] 19:26:23.058522 シナリオ走行を終了しました [シナリオ名: ログイン]
[ADMIN] 19:26:23.058630 シナリオ走行を終了しました [シナリオ名: 新規ユーザー登録]
[ADMIN] 19:26:23.058673 シナリオ走行を終了しました [シナリオ名: ログイン]
[ADMIN] 19:26:23.058714 シナリオ走行を終了しました [シナリオ名: 新規ユーザー登録]
[ADMIN] 19:26:23.058734 シナリオ走行を終了しました [シナリオ名: 新規ユーザー登録]
[ADMIN] 19:26:23.058754 シナリオ走行を終了しました [シナリオ名: ログイン]
[ADMIN] 19:26:23.058768 シナリオ走行を終了しました [シナリオ名: ログイン]
[ADMIN] 19:26:23.058840 シナリオ走行を終了しました [シナリオ名: 新規ユーザー登録]
[ADMIN] 19:26:23.058993 シナリオ走行を終了しました [シナリオ名: ログイン]
[ADMIN] 19:26:23.059037 シナリオ走行を終了しました [シナリオ名: ログイン]
[ADMIN] 19:26:23.059102 シナリオ走行を終了しました [シナリオ名: 新規ユーザー登録]
[ADMIN] 19:26:23.059123 シナリオ走行を終了しました [シナリオ名: 新規ユーザー登録]
[ADMIN] 19:26:23.059169 シナリオ走行を終了しました [シナリオ名: ログイン]
[ADMIN] 19:26:23.059247 シナリオ走行を終了しました [シナリオ名: ログイン]
[ADMIN] 19:26:23.059320 シナリオ走行を終了しました [シナリオ名: ログイン]
[ADMIN] 19:26:23.059360 シナリオ走行を終了しました [シナリオ名: ログイン]
[ADMIN] 19:26:23.059392 シナリオ走行を終了しました [シナリオ名: 新規ユーザー登録]
[ADMIN] 19:26:23.059436 シナリオ走行を終了しました [シナリオ名: 新規ユーザー登録]
[ADMIN] 19:26:23.059548 シナリオ走行を終了しました [シナリオ名: ログイン]
[ADMIN] 19:26:23.059595 シナリオ走行を終了しました [シナリオ名: 新規ユーザー登録]
[ADMIN] 19:26:23.059596 シナリオ走行を終了しました [シナリオ名: ログイン]
[ADMIN] 19:26:23.059647 シナリオ走行を終了しました [シナリオ名: ログイン]
[ADMIN] 19:26:23.059774 シナリオ走行を終了しました [シナリオ名: ログイン]
[ADMIN] 19:26:23.059845 シナリオ走行を終了しました [シナリオ名: 新規ユーザー登録]
[ADMIN] 19:26:23.059872 シナリオ走行を終了しました [シナリオ名: ログイン]
[ADMIN] 19:26:23.059944 シナリオ走行を終了しました [シナリオ名: 新規ユーザー登録]
[ADMIN] 19:26:23.059990 シナリオ走行を終了しました [シナリオ名: ログイン]
[ADMIN] 19:26:23.060011 シナリオ走行を終了しました [シナリオ名: 新規ユーザー登録]
[ADMIN] 19:26:23.060057 シナリオ走行を終了しました [シナリオ名: ログイン]
[ADMIN] 19:26:23.060068 シナリオ走行を終了しました [シナリオ名: 新規ユーザー登録]
[ADMIN] 19:26:23.060080 シナリオ走行を終了しました [シナリオ名: 新規ユーザー登録]
[ADMIN] 19:26:23.060127 シナリオ走行を終了しました [シナリオ名: 新規ユーザー登録]
[ADMIN] 19:26:23.060290 シナリオ走行を終了しました [シナリオ名: 新規ユーザー登録]
[ADMIN] 19:26:23.060341 シナリオ走行を終了しました [シナリオ名: ログイン]
[ADMIN] 19:26:23.060352 シナリオ走行を終了しました [シナリオ名: ログイン]
[ADMIN] 19:26:23.060416 シナリオ走行を終了しました [シナリオ名: 新規ユーザー登録]
[ADMIN] 19:26:23.060431 シナリオ走行を終了しました [シナリオ名: 新規ユーザー登録]
[ADMIN] 19:26:23.060487 シナリオ走行を終了しました [シナリオ名: ログイン]
[ADMIN] 19:26:23.060495 シナリオ走行を終了しました [シナリオ名: ログイン]
[ADMIN] 19:26:23.060503 シナリオ走行を終了しました [シナリオ名: ログイン]
[ADMIN] 19:26:23.060559 シナリオ走行を終了しました [シナリオ名: ログイン]
[ADMIN] 19:26:23.060564 シナリオ走行を終了しました [シナリオ名: ログイン]
[ADMIN] 19:26:23.060617 シナリオ走行を終了しました [シナリオ名: ログイン]
[ADMIN] 19:26:23.060617 シナリオ走行を終了しました [シナリオ名: 新規ユーザー登録]
[ADMIN] 19:26:23.060672 シナリオ走行を終了しました [シナリオ名: 新規ユーザー登録]
[ADMIN] 19:26:23.060716 シナリオ走行を終了しました [シナリオ名: ログイン]
[ADMIN] 19:26:23.060795 シナリオ走行を終了しました [シナリオ名: ログイン]
[ADMIN] 19:26:23.060827 シナリオ走行を終了しました [シナリオ名: ログイン]
[ADMIN] 19:26:23.060893 シナリオ走行を終了しました [シナリオ名: 新規ユーザー登録]
[ADMIN] 19:26:23.060898 シナリオ走行を終了しました [シナリオ名: 新規ユーザー登録]
[ADMIN] 19:26:23.060956 シナリオ走行を終了しました [シナリオ名: 新規ユーザー登録]
[ADMIN] 19:26:23.060960 シナリオ走行を終了しました [シナリオ名: ログイン]
[ADMIN] 19:26:23.061030 シナリオ走行を終了しました [シナリオ名: ログイン]
[ADMIN] 19:26:23.061090 シナリオ走行を終了しました [シナリオ名: 新規ユーザー登録]
[ADMIN] 19:26:23.061162 シナリオ走行を終了しました [シナリオ名: ログイン]
[ADMIN] 19:26:23.061219 シナリオ走行を終了しました [シナリオ名: ログイン]
[ADMIN] 19:26:23.061237 シナリオ走行を終了しました [シナリオ名: ログイン]
[ADMIN] 19:26:23.061321 シナリオ走行を終了しました [シナリオ名: ログイン]
[ADMIN] 19:26:23.061359 シナリオ走行を終了しました [シナリオ名: 新規ユーザー登録]
[ADMIN] 19:26:23.061387 シナリオ走行を終了しました [シナリオ名: ログイン]
[ADMIN] 19:26:23.061389 シナリオ走行を終了しました [シナリオ名: 新規ユーザー登録]
[ADMIN] 19:26:23.061441 シナリオ走行を終了しました [シナリオ名: ログイン]
[ADMIN] 19:26:23.061456 シナリオ走行を終了しました [シナリオ名: 新規ユーザー登録]
[ADMIN] 19:26:23.061457 シナリオ走行を終了しました [シナリオ名: ログイン]
[ADMIN] 19:26:23.061509 シナリオ走行を終了しました [シナリオ名: ログイン]
[ADMIN] 19:26:23.061520 シナリオ走行を終了しました [シナリオ名: ログイン]
[ADMIN] 19:26:23.061586 シナリオ走行を終了しました [シナリオ名: ログイン]
[ADMIN] 19:26:23.061648 シナリオ走行を終了しました [シナリオ名: ログイン]
[ADMIN] 19:26:23.061656 シナリオ走行を終了しました [シナリオ名: ログイン]
[ADMIN] 19:26:23.061660 シナリオ走行を終了しました [シナリオ名: ログイン]
[ADMIN] 19:26:23.061795 シナリオ走行を終了しました [シナリオ名: ログイン]
19:26:26.059047 ERROR[0] load: scenario-error-status-code: POST /login : expected(200) != actual(500)
19:26:26.059075 ERROR[1] load: scenario-error-status-code: POST /login : expected(200) != actual(500)
19:26:26.059079 ERROR[2] load: scenario-error-status-code: POST /login : expected(200) != actual(500)
19:26:26.059082 ERROR[3] load: scenario-error-status-code: POST /login : expected(200) != actual(500)
19:26:26.059105 [PASSED]: true
19:26:26.059108 [SCORE] 27430 (addition: 27490, deduction: 60)
[ADMIN] 19:26:26.059126 [SCORE] map[GET /user/:userId/gacha/index:1774 GET /user/:userId/home:1827 GET /user/:userId/item:508 GET /user/:userId/present/index/:n:2306 POST /login:1317 POST /login(ban):526 POST /user:528 POST /user/:userId/card:502 POST /user/:userId/card/addexp/:cardId:505 POST /user/:userId/gacha/draw/:gachaId:1764 POST /user/:userId/present/receive:2288 POST /user/:userId/reward:1291]

SCORE: 27430
BENCHMARK_PASS
2026-09-23T19:26:26.249870281Z	BENCHMARK_END
