2026-09-24T16:56:02.073902284Z	BENCHMARK_START
[ADMIN] 16:56:02.774176 benchmarker --target-host=172.31.45.101 --request-timeout=10s --initialize-request-timeout=1m0s --exit-error-on-fail=true --stage=prod --max-parallelism=100 --prepare-only=false
16:56:28.943312 [ValidationScenario] 整合性チェックを開始します
[ADMIN] 16:56:28.943299 [LANGUAGE] go
16:56:29.329933 整合性チェック Request:POST /login (日跨ぎ前）
16:56:29.353457 整合性チェック Request:POST /login (日跨ぎ後）
16:56:29.358233 整合性チェック Request:POST /admin/login 失敗の場合
16:56:29.427893 整合性チェック Request:POST /admin/login
16:56:29.489487 整合性チェック Request:GET /admin/user/{userID}
16:56:29.575417 整合性チェック Request:POST /login 失敗の場合
16:56:29.576798 整合性チェック Request:POST /user
16:56:29.584190 整合性チェック Request:POST /login
16:56:29.589119 整合性チェック Request:GET /user/{userId}/home セッション無効の場合
16:56:29.590398 整合性チェック Request:GET /user/{userId}/home
16:56:29.592205 整合性チェック Request:GET /user/{userId}/home 他人のホーム表示の場合
16:56:29.593432 整合性チェック Request:POST /user/{userId}/reward
16:56:29.596272 整合性チェック Request:POST /user/{userId}/card
16:56:29.600099 整合性チェック Request:GET /user/{userId}/item
16:56:29.602872 整合性チェック Request:POST /user/{userId}/addexp/{cardId}
16:56:29.608921 整合性チェック Request:GET /user/{userId}/present/index/:n
16:56:29.611301 整合性チェック Request:POST /user/{userId}/present/receive
16:56:29.648001 整合性チェック Request:GET /user/{userId}/gacha/index
16:56:29.651630 整合性チェック Request:POST /user/{userId}/gacha/draw/{gachaID}/10
16:56:29.658470 整合性チェック Request:GET /admin/master
16:56:29.665821 整合性チェック Request:POST /admin/user/{userID}/ban
16:56:29.666792 整合性チェック Request:POST /login Banの場合
16:56:29.667989 [ValidationScenario] 整合性チェックを終了します
16:56:29.667994 整合性チェックに成功しました！
16:56:29.667995 初期化処理が成功しました！
16:56:29.668014 アプリケーションへの負荷走行を開始します
[ADMIN] 16:56:29.668050 シナリオ走行を開始しました [シナリオ名: ログイン]
[ADMIN] 16:56:29.668059 シナリオ走行を開始しました [シナリオ名: Banユーザログイン]
[ADMIN] 16:56:29.668094 シナリオ走行を開始しました [シナリオ名: 新規ユーザー登録]
[ADMIN] 16:56:29.709799 シナリオ走行を終了しました [シナリオ名: ログイン]
[ADMIN] 16:56:29.709808 シナリオ走行を開始しました [シナリオ名: ログイン]
[ADMIN] 16:56:29.727676 シナリオ走行を終了しました [シナリオ名: 新規ユーザー登録]
[ADMIN] 16:56:29.727696 シナリオ走行を開始しました [シナリオ名: 新規ユーザー登録]
[ADMIN] 16:56:29.746271 シナリオ走行を終了しました [シナリオ名: ログイン]
[ADMIN] 16:56:29.746281 シナリオ走行を開始しました [シナリオ名: ログイン]
[ADMIN] 16:56:29.785741 シナリオ走行を終了しました [シナリオ名: 新規ユーザー登録]
[ADMIN] 16:56:29.785760 シナリオ走行を開始しました [シナリオ名: 新規ユーザー登録]
[ADMIN] 16:56:29.795789 シナリオ走行を終了しました [シナリオ名: ログイン]
[ADMIN] 16:56:29.795798 シナリオ走行を開始しました [シナリオ名: ログイン]
[ADMIN] 16:56:29.842235 シナリオ走行を終了しました [シナリオ名: ログイン]
[ADMIN] 16:56:29.842245 シナリオ走行を開始しました [シナリオ名: ログイン]
[ADMIN] 16:56:29.844873 シナリオ走行を終了しました [シナリオ名: 新規ユーザー登録]
[ADMIN] 16:56:29.844892 シナリオ走行を開始しました [シナリオ名: 新規ユーザー登録]
[ADMIN] 16:56:29.874220 シナリオ走行を終了しました [シナリオ名: ログイン]
[ADMIN] 16:56:29.874230 シナリオ走行を開始しました [シナリオ名: ログイン]
[ADMIN] 16:56:29.899212 シナリオ走行を終了しました [シナリオ名: 新規ユーザー登録]
[ADMIN] 16:56:29.899232 シナリオ走行を開始しました [シナリオ名: 新規ユーザー登録]
[ADMIN] 16:56:29.907466 シナリオ走行を終了しました [シナリオ名: ログイン]
[ADMIN] 16:56:29.907474 シナリオ走行を開始しました [シナリオ名: ログイン]
[ADMIN] 16:56:29.948793 シナリオ走行を終了しました [シナリオ名: ログイン]
[ADMIN] 16:56:29.948804 シナリオ走行を開始しました [シナリオ名: ログイン]
[ADMIN] 16:56:29.957658 シナリオ走行を終了しました [シナリオ名: 新規ユーザー登録]
[ADMIN] 16:56:29.957675 シナリオ走行を開始しました [シナリオ名: 新規ユーザー登録]
[ADMIN] 16:56:29.999086 シナリオ走行を終了しました [シナリオ名: ログイン]
[ADMIN] 16:56:29.999096 シナリオ走行を開始しました [シナリオ名: ログイン]
[ADMIN] 16:56:30.022625 シナリオ走行を終了しました [シナリオ名: 新規ユーザー登録]
[ADMIN] 16:56:30.022650 シナリオ走行を開始しました [シナリオ名: 新規ユーザー登録]
[ADMIN] 16:56:30.049770 シナリオ走行を終了しました [シナリオ名: ログイン]
[ADMIN] 16:56:30.049783 シナリオ走行を開始しました [シナリオ名: ログイン]
[ADMIN] 16:56:30.079824 シナリオ走行を終了しました [シナリオ名: 新規ユーザー登録]
[ADMIN] 16:56:30.079847 シナリオ走行を開始しました [シナリオ名: 新規ユーザー登録]
[ADMIN] 16:56:30.098460 シナリオ走行を終了しました [シナリオ名: ログイン]
[ADMIN] 16:56:30.098473 シナリオ走行を開始しました [シナリオ名: ログイン]
[ADMIN] 16:56:30.131501 シナリオ走行を終了しました [シナリオ名: 新規ユーザー登録]
[ADMIN] 16:56:30.131524 シナリオ走行を開始しました [シナリオ名: 新規ユーザー登録]
[ADMIN] 16:56:30.133144 シナリオ走行を終了しました [シナリオ名: ログイン]
[ADMIN] 16:56:30.133153 シナリオ走行を開始しました [シナリオ名: ログイン]
[ADMIN] 16:56:30.168451 シナリオ走行を終了しました [シナリオ名: ログイン]
[ADMIN] 16:56:30.168466 シナリオ走行を開始しました [シナリオ名: ログイン]
[ADMIN] 16:56:30.170945 シナリオ走行を終了しました [シナリオ名: Banユーザログイン]
[ADMIN] 16:56:30.170961 シナリオ走行を開始しました [シナリオ名: Banユーザログイン]
[ADMIN] 16:56:30.181877 シナリオ走行を終了しました [シナリオ名: 新規ユーザー登録]
[ADMIN] 16:56:30.181895 シナリオ走行を開始しました [シナリオ名: 新規ユーザー登録]
[ADMIN] 16:56:30.202091 シナリオ走行を終了しました [シナリオ名: ログイン]
[ADMIN] 16:56:30.202102 シナリオ走行を開始しました [シナリオ名: ログイン]
[ADMIN] 16:56:30.231560 シナリオ走行を終了しました [シナリオ名: 新規ユーザー登録]
[ADMIN] 16:56:30.231578 シナリオ走行を開始しました [シナリオ名: 新規ユーザー登録]
[ADMIN] 16:56:30.247537 シナリオ走行を終了しました [シナリオ名: ログイン]
[ADMIN] 16:56:30.247549 シナリオ走行を開始しました [シナリオ名: ログイン]
[ADMIN] 16:56:30.274495 シナリオ走行を終了しました [シナリオ名: ログイン]
[ADMIN] 16:56:30.274506 シナリオ走行を開始しました [シナリオ名: ログイン]
[ADMIN] 16:56:30.284585 シナリオ走行を終了しました [シナリオ名: 新規ユーザー登録]
[ADMIN] 16:56:30.284608 シナリオ走行を開始しました [シナリオ名: 新規ユーザー登録]
[ADMIN] 16:56:30.339139 シナリオ走行を終了しました [シナリオ名: ログイン]
[ADMIN] 16:56:30.339153 シナリオ走行を開始しました [シナリオ名: ログイン]
[ADMIN] 16:56:30.341633 シナリオ走行を終了しました [シナリオ名: 新規ユーザー登録]
[ADMIN] 16:56:30.341658 シナリオ走行を開始しました [シナリオ名: 新規ユーザー登録]
[ADMIN] 16:56:30.372827 シナリオ走行を終了しました [シナリオ名: ログイン]
[ADMIN] 16:56:30.372844 シナリオ走行を開始しました [シナリオ名: ログイン]
[ADMIN] 16:56:30.390832 シナリオ走行を終了しました [シナリオ名: 新規ユーザー登録]
[ADMIN] 16:56:30.390858 シナリオ走行を開始しました [シナリオ名: 新規ユーザー登録]
[ADMIN] 16:56:30.415040 シナリオ走行を終了しました [シナリオ名: ログイン]
[ADMIN] 16:56:30.415053 シナリオ走行を開始しました [シナリオ名: ログイン]
[ADMIN] 16:56:30.444033 シナリオ走行を終了しました [シナリオ名: ログイン]
[ADMIN] 16:56:30.444048 シナリオ走行を開始しました [シナリオ名: ログイン]
[ADMIN] 16:56:30.445887 シナリオ走行を終了しました [シナリオ名: 新規ユーザー登録]
[ADMIN] 16:56:30.445908 シナリオ走行を開始しました [シナリオ名: 新規ユーザー登録]
[ADMIN] 16:56:30.486026 シナリオ走行を終了しました [シナリオ名: ログイン]
[ADMIN] 16:56:30.486039 シナリオ走行を開始しました [シナリオ名: ログイン]
[ADMIN] 16:56:30.495881 シナリオ走行を終了しました [シナリオ名: 新規ユーザー登録]
[ADMIN] 16:56:30.495900 シナリオ走行を開始しました [シナリオ名: 新規ユーザー登録]
[ADMIN] 16:56:30.521397 シナリオ走行を終了しました [シナリオ名: ログイン]
[ADMIN] 16:56:30.521412 シナリオ走行を開始しました [シナリオ名: ログイン]
[ADMIN] 16:56:30.545062 シナリオ走行を終了しました [シナリオ名: 新規ユーザー登録]
[ADMIN] 16:56:30.545087 シナリオ走行を開始しました [シナリオ名: 新規ユーザー登録]
[ADMIN] 16:56:30.550066 シナリオ走行を終了しました [シナリオ名: ログイン]
[ADMIN] 16:56:30.550077 シナリオ走行を開始しました [シナリオ名: ログイン]
[ADMIN] 16:56:30.583326 シナリオ走行を終了しました [シナリオ名: ログイン]
[ADMIN] 16:56:30.583343 シナリオ走行を開始しました [シナリオ名: ログイン]
[ADMIN] 16:56:30.594979 シナリオ走行を終了しました [シナリオ名: 新規ユーザー登録]
[ADMIN] 16:56:30.595003 シナリオ走行を開始しました [シナリオ名: 新規ユーザー登録]
[ADMIN] 16:56:30.612330 シナリオ走行を終了しました [シナリオ名: ログイン]
[ADMIN] 16:56:30.612340 シナリオ走行を開始しました [シナリオ名: ログイン]
[ADMIN] 16:56:30.640930 シナリオ走行を終了しました [シナリオ名: ログイン]
[ADMIN] 16:56:30.640941 シナリオ走行を開始しました [シナリオ名: ログイン]
[ADMIN] 16:56:30.649716 シナリオ走行を終了しました [シナリオ名: 新規ユーザー登録]
[ADMIN] 16:56:30.649732 シナリオ走行を開始しました [シナリオ名: 新規ユーザー登録]
[ADMIN] 16:56:30.673806 シナリオ走行を終了しました [シナリオ名: Banユーザログイン]
[ADMIN] 16:56:30.673832 シナリオ走行を開始しました [シナリオ名: Banユーザログイン]
[ADMIN] 16:56:30.677694 シナリオ走行を終了しました [シナリオ名: ログイン]
[ADMIN] 16:56:30.677703 シナリオ走行を開始しました [シナリオ名: ログイン]
[ADMIN] 16:56:30.700932 シナリオ走行を終了しました [シナリオ名: 新規ユーザー登録]
[ADMIN] 16:56:30.700949 シナリオ走行を開始しました [シナリオ名: 新規ユーザー登録]
[ADMIN] 16:56:30.717134 シナリオ走行を終了しました [シナリオ名: ログイン]
[ADMIN] 16:56:30.717144 シナリオ走行を開始しました [シナリオ名: ログイン]
[ADMIN] 16:56:30.751159 シナリオ走行を終了しました [シナリオ名: ログイン]
[ADMIN] 16:56:30.751170 シナリオ走行を開始しました [シナリオ名: ログイン]
[ADMIN] 16:56:30.761771 シナリオ走行を終了しました [シナリオ名: 新規ユーザー登録]
[ADMIN] 16:56:30.761790 シナリオ走行を開始しました [シナリオ名: 新規ユーザー登録]
[ADMIN] 16:56:30.790974 シナリオ走行を終了しました [シナリオ名: ログイン]
[ADMIN] 16:56:30.790984 シナリオ走行を開始しました [シナリオ名: ログイン]
[ADMIN] 16:56:30.817448 シナリオ走行を終了しました [シナリオ名: 新規ユーザー登録]
[ADMIN] 16:56:30.817469 シナリオ走行を開始しました [シナリオ名: 新規ユーザー登録]
[ADMIN] 16:56:30.823392 シナリオ走行を終了しました [シナリオ名: ログイン]
[ADMIN] 16:56:30.823402 シナリオ走行を開始しました [シナリオ名: ログイン]
[ADMIN] 16:56:30.853727 シナリオ走行を終了しました [シナリオ名: ログイン]
[ADMIN] 16:56:30.853738 シナリオ走行を開始しました [シナリオ名: ログイン]
[ADMIN] 16:56:30.874690 シナリオ走行を終了しました [シナリオ名: 新規ユーザー登録]
[ADMIN] 16:56:30.874712 シナリオ走行を開始しました [シナリオ名: 新規ユーザー登録]
[ADMIN] 16:56:30.885967 シナリオ走行を終了しました [シナリオ名: ログイン]
[ADMIN] 16:56:30.885978 シナリオ走行を開始しました [シナリオ名: ログイン]
[ADMIN] 16:56:30.918552 シナリオ走行を終了しました [シナリオ名: ログイン]
[ADMIN] 16:56:30.918566 シナリオ走行を開始しました [シナリオ名: ログイン]
[ADMIN] 16:56:30.932624 シナリオ走行を終了しました [シナリオ名: 新規ユーザー登録]
[ADMIN] 16:56:30.932646 シナリオ走行を開始しました [シナリオ名: 新規ユーザー登録]
[ADMIN] 16:56:30.972895 シナリオ走行を終了しました [シナリオ名: ログイン]
[ADMIN] 16:56:30.972910 シナリオ走行を開始しました [シナリオ名: ログイン]
[ADMIN] 16:56:30.990852 シナリオ走行を終了しました [シナリオ名: 新規ユーザー登録]
[ADMIN] 16:56:30.990878 シナリオ走行を開始しました [シナリオ名: 新規ユーザー登録]
[ADMIN] 16:56:31.012577 シナリオ走行を終了しました [シナリオ名: ログイン]
[ADMIN] 16:56:31.012589 シナリオ走行を開始しました [シナリオ名: ログイン]
[ADMIN] 16:56:31.045301 シナリオ走行を終了しました [シナリオ名: ログイン]
[ADMIN] 16:56:31.045316 シナリオ走行を開始しました [シナリオ名: ログイン]
[ADMIN] 16:56:31.048767 シナリオ走行を終了しました [シナリオ名: 新規ユーザー登録]
[ADMIN] 16:56:31.048786 シナリオ走行を開始しました [シナリオ名: 新規ユーザー登録]
[ADMIN] 16:56:31.090583 シナリオ走行を終了しました [シナリオ名: ログイン]
[ADMIN] 16:56:31.090595 シナリオ走行を開始しました [シナリオ名: ログイン]
[ADMIN] 16:56:31.104833 シナリオ走行を終了しました [シナリオ名: 新規ユーザー登録]
[ADMIN] 16:56:31.104855 シナリオ走行を開始しました [シナリオ名: 新規ユーザー登録]
[ADMIN] 16:56:31.125880 シナリオ走行を終了しました [シナリオ名: ログイン]
[ADMIN] 16:56:31.125893 シナリオ走行を開始しました [シナリオ名: ログイン]
[ADMIN] 16:56:31.155436 シナリオ走行を終了しました [シナリオ名: 新規ユーザー登録]
[ADMIN] 16:56:31.155459 シナリオ走行を開始しました [シナリオ名: 新規ユーザー登録]
[ADMIN] 16:56:31.156022 シナリオ走行を終了しました [シナリオ名: ログイン]
[ADMIN] 16:56:31.156032 シナリオ走行を開始しました [シナリオ名: ログイン]
[ADMIN] 16:56:31.176210 シナリオ走行を終了しました [シナリオ名: Banユーザログイン]
[ADMIN] 16:56:31.176228 シナリオ走行を開始しました [シナリオ名: Banユーザログイン]
[ADMIN] 16:56:31.185078 シナリオ走行を終了しました [シナリオ名: ログイン]
[ADMIN] 16:56:31.185088 シナリオ走行を開始しました [シナリオ名: ログイン]
[ADMIN] 16:56:31.206771 シナリオ走行を終了しました [シナリオ名: 新規ユーザー登録]
[ADMIN] 16:56:31.206790 シナリオ走行を開始しました [シナリオ名: 新規ユーザー登録]
[ADMIN] 16:56:31.228174 シナリオ走行を終了しました [シナリオ名: ログイン]
[ADMIN] 16:56:31.228183 シナリオ走行を開始しました [シナリオ名: ログイン]
[ADMIN] 16:56:31.252964 シナリオ走行を終了しました [シナリオ名: 新規ユーザー登録]
[ADMIN] 16:56:31.252984 シナリオ走行を開始しました [シナリオ名: 新規ユーザー登録]
[ADMIN] 16:56:31.272365 シナリオ走行を終了しました [シナリオ名: ログイン]
[ADMIN] 16:56:31.272376 シナリオ走行を開始しました [シナリオ名: ログイン]
[ADMIN] 16:56:31.302587 シナリオ走行を終了しました [シナリオ名: 新規ユーザー登録]
[ADMIN] 16:56:31.302630 シナリオ走行を開始しました [シナリオ名: 新規ユーザー登録]
[ADMIN] 16:56:31.316411 シナリオ走行を終了しました [シナリオ名: ログイン]
[ADMIN] 16:56:31.316423 シナリオ走行を開始しました [シナリオ名: ログイン]
[ADMIN] 16:56:31.351913 シナリオ走行を終了しました [シナリオ名: ログイン]
[ADMIN] 16:56:31.351925 シナリオ走行を開始しました [シナリオ名: ログイン]
[ADMIN] 16:56:31.353675 シナリオ走行を終了しました [シナリオ名: 新規ユーザー登録]
[ADMIN] 16:56:31.353697 シナリオ走行を開始しました [シナリオ名: 新規ユーザー登録]
[ADMIN] 16:56:31.395989 シナリオ走行を終了しました [シナリオ名: ログイン]
[ADMIN] 16:56:31.396001 シナリオ走行を開始しました [シナリオ名: ログイン]
[ADMIN] 16:56:31.404043 シナリオ走行を終了しました [シナリオ名: 新規ユーザー登録]
[ADMIN] 16:56:31.404057 シナリオ走行を開始しました [シナリオ名: 新規ユーザー登録]
[ADMIN] 16:56:31.438334 シナリオ走行を終了しました [シナリオ名: ログイン]
[ADMIN] 16:56:31.438346 シナリオ走行を開始しました [シナリオ名: ログイン]
[ADMIN] 16:56:31.455726 シナリオ走行を終了しました [シナリオ名: 新規ユーザー登録]
[ADMIN] 16:56:31.455750 シナリオ走行を開始しました [シナリオ名: 新規ユーザー登録]
[ADMIN] 16:56:31.484450 シナリオ走行を終了しました [シナリオ名: ログイン]
[ADMIN] 16:56:31.484463 シナリオ走行を開始しました [シナリオ名: ログイン]
[ADMIN] 16:56:31.503542 シナリオ走行を終了しました [シナリオ名: 新規ユーザー登録]
[ADMIN] 16:56:31.503561 シナリオ走行を開始しました [シナリオ名: 新規ユーザー登録]
[ADMIN] 16:56:31.519993 シナリオ走行を終了しました [シナリオ名: ログイン]
[ADMIN] 16:56:31.520004 シナリオ走行を開始しました [シナリオ名: ログイン]
[ADMIN] 16:56:31.551404 シナリオ走行を終了しました [シナリオ名: 新規ユーザー登録]
[ADMIN] 16:56:31.551422 シナリオ走行を開始しました [シナリオ名: 新規ユーザー登録]
[ADMIN] 16:56:31.560785 シナリオ走行を終了しました [シナリオ名: ログイン]
[ADMIN] 16:56:31.560796 シナリオ走行を開始しました [シナリオ名: ログイン]
[ADMIN] 16:56:31.588794 シナリオ走行を終了しました [シナリオ名: ログイン]
[ADMIN] 16:56:31.588804 シナリオ走行を開始しました [シナリオ名: ログイン]
[ADMIN] 16:56:31.603394 シナリオ走行を終了しました [シナリオ名: 新規ユーザー登録]
[ADMIN] 16:56:31.603416 シナリオ走行を開始しました [シナリオ名: 新規ユーザー登録]
[ADMIN] 16:56:31.629163 シナリオ走行を終了しました [シナリオ名: ログイン]
[ADMIN] 16:56:31.629177 シナリオ走行を開始しました [シナリオ名: ログイン]
[ADMIN] 16:56:31.654769 シナリオ走行を終了しました [シナリオ名: 新規ユーザー登録]
[ADMIN] 16:56:31.654796 シナリオ走行を開始しました [シナリオ名: 新規ユーザー登録]
[ADMIN] 16:56:31.665137 シナリオ走行を終了しました [シナリオ名: ログイン]
[ADMIN] 16:56:31.665149 シナリオ走行を開始しました [シナリオ名: ログイン]
[ADMIN] 16:56:31.678510 シナリオ走行を終了しました [シナリオ名: Banユーザログイン]
[ADMIN] 16:56:31.678532 シナリオ走行を開始しました [シナリオ名: Banユーザログイン]
[ADMIN] 16:56:31.706514 シナリオ走行を終了しました [シナリオ名: 新規ユーザー登録]
[ADMIN] 16:56:31.706535 シナリオ走行を開始しました [シナリオ名: 新規ユーザー登録]
[ADMIN] 16:56:31.711238 シナリオ走行を終了しました [シナリオ名: ログイン]
[ADMIN] 16:56:31.711251 シナリオ走行を開始しました [シナリオ名: ログイン]
[ADMIN] 16:56:31.760063 シナリオ走行を終了しました [シナリオ名: ログイン]
[ADMIN] 16:56:31.760078 シナリオ走行を開始しました [シナリオ名: ログイン]
[ADMIN] 16:56:31.765060 シナリオ走行を終了しました [シナリオ名: 新規ユーザー登録]
[ADMIN] 16:56:31.765080 シナリオ走行を開始しました [シナリオ名: 新規ユーザー登録]
[ADMIN] 16:56:31.799356 シナリオ走行を終了しました [シナリオ名: ログイン]
[ADMIN] 16:56:31.799370 シナリオ走行を開始しました [シナリオ名: ログイン]
[ADMIN] 16:56:31.823346 シナリオ走行を終了しました [シナリオ名: 新規ユーザー登録]
[ADMIN] 16:56:31.823368 シナリオ走行を開始しました [シナリオ名: 新規ユーザー登録]
[ADMIN] 16:56:31.830828 シナリオ走行を終了しました [シナリオ名: ログイン]
[ADMIN] 16:56:31.830838 シナリオ走行を開始しました [シナリオ名: ログイン]
[ADMIN] 16:56:31.864209 シナリオ走行を終了しました [シナリオ名: ログイン]
[ADMIN] 16:56:31.864220 シナリオ走行を開始しました [シナリオ名: ログイン]
[ADMIN] 16:56:31.885550 シナリオ走行を終了しました [シナリオ名: 新規ユーザー登録]
[ADMIN] 16:56:31.885574 シナリオ走行を開始しました [シナリオ名: 新規ユーザー登録]
[ADMIN] 16:56:31.913271 シナリオ走行を終了しました [シナリオ名: ログイン]
[ADMIN] 16:56:31.913283 シナリオ走行を開始しました [シナリオ名: ログイン]
[ADMIN] 16:56:31.942515 シナリオ走行を終了しました [シナリオ名: 新規ユーザー登録]
[ADMIN] 16:56:31.942532 シナリオ走行を開始しました [シナリオ名: 新規ユーザー登録]
[ADMIN] 16:56:31.961196 シナリオ走行を終了しました [シナリオ名: ログイン]
[ADMIN] 16:56:31.961205 シナリオ走行を開始しました [シナリオ名: ログイン]
[ADMIN] 16:56:31.993343 シナリオ走行を終了しました [シナリオ名: ログイン]
[ADMIN] 16:56:31.993353 シナリオ走行を開始しました [シナリオ名: ログイン]
[ADMIN] 16:56:31.997206 シナリオ走行を終了しました [シナリオ名: 新規ユーザー登録]
[ADMIN] 16:56:31.997226 シナリオ走行を開始しました [シナリオ名: 新規ユーザー登録]
[ADMIN] 16:56:32.032088 シナリオ走行を終了しました [シナリオ名: ログイン]
[ADMIN] 16:56:32.032100 シナリオ走行を開始しました [シナリオ名: ログイン]
[ADMIN] 16:56:32.054648 シナリオ走行を終了しました [シナリオ名: 新規ユーザー登録]
[ADMIN] 16:56:32.054669 シナリオ走行を開始しました [シナリオ名: 新規ユーザー登録]
[ADMIN] 16:56:32.064303 シナリオ走行を終了しました [シナリオ名: ログイン]
[ADMIN] 16:56:32.064311 シナリオ走行を開始しました [シナリオ名: ログイン]
[ADMIN] 16:56:32.104805 シナリオ走行を終了しました [シナリオ名: ログイン]
[ADMIN] 16:56:32.104817 シナリオ走行を開始しました [シナリオ名: ログイン]
[ADMIN] 16:56:32.111031 シナリオ走行を終了しました [シナリオ名: 新規ユーザー登録]
[ADMIN] 16:56:32.111047 シナリオ走行を開始しました [シナリオ名: 新規ユーザー登録]
[ADMIN] 16:56:32.135376 シナリオ走行を終了しました [シナリオ名: ログイン]
[ADMIN] 16:56:32.135386 シナリオ走行を開始しました [シナリオ名: ログイン]
[ADMIN] 16:56:32.160085 シナリオ走行を終了しました [シナリオ名: 新規ユーザー登録]
[ADMIN] 16:56:32.160110 シナリオ走行を開始しました [シナリオ名: 新規ユーザー登録]
[ADMIN] 16:56:32.170140 シナリオ走行を終了しました [シナリオ名: ログイン]
[ADMIN] 16:56:32.170154 シナリオ走行を開始しました [シナリオ名: ログイン]
[ADMIN] 16:56:32.181285 シナリオ走行を終了しました [シナリオ名: Banユーザログイン]
[ADMIN] 16:56:32.181302 シナリオ走行を開始しました [シナリオ名: Banユーザログイン]
[ADMIN] 16:56:32.201483 シナリオ走行を終了しました [シナリオ名: ログイン]
[ADMIN] 16:56:32.201494 シナリオ走行を開始しました [シナリオ名: ログイン]
[ADMIN] 16:56:32.213787 シナリオ走行を終了しました [シナリオ名: 新規ユーザー登録]
[ADMIN] 16:56:32.213810 シナリオ走行を開始しました [シナリオ名: 新規ユーザー登録]
[ADMIN] 16:56:32.237468 シナリオ走行を終了しました [シナリオ名: ログイン]
[ADMIN] 16:56:32.237480 シナリオ走行を開始しました [シナリオ名: ログイン]
[ADMIN] 16:56:32.264555 シナリオ走行を終了しました [シナリオ名: 新規ユーザー登録]
[ADMIN] 16:56:32.264576 シナリオ走行を開始しました [シナリオ名: 新規ユーザー登録]
[ADMIN] 16:56:32.273672 シナリオ走行を終了しました [シナリオ名: ログイン]
[ADMIN] 16:56:32.273680 シナリオ走行を開始しました [シナリオ名: ログイン]
[ADMIN] 16:56:32.299882 シナリオ走行を終了しました [シナリオ名: ログイン]
[ADMIN] 16:56:32.299891 シナリオ走行を開始しました [シナリオ名: ログイン]
[ADMIN] 16:56:32.325062 シナリオ走行を終了しました [シナリオ名: 新規ユーザー登録]
[ADMIN] 16:56:32.325085 シナリオ走行を開始しました [シナリオ名: 新規ユーザー登録]
[ADMIN] 16:56:32.331959 シナリオ走行を終了しました [シナリオ名: ログイン]
[ADMIN] 16:56:32.331968 シナリオ走行を開始しました [シナリオ名: ログイン]
[ADMIN] 16:56:32.372956 シナリオ走行を終了しました [シナリオ名: 新規ユーザー登録]
[ADMIN] 16:56:32.372975 シナリオ走行を開始しました [シナリオ名: 新規ユーザー登録]
[ADMIN] 16:56:32.378561 シナリオ走行を終了しました [シナリオ名: ログイン]
[ADMIN] 16:56:32.378572 シナリオ走行を開始しました [シナリオ名: ログイン]
[ADMIN] 16:56:32.410383 シナリオ走行を終了しました [シナリオ名: ログイン]
[ADMIN] 16:56:32.410397 シナリオ走行を開始しました [シナリオ名: ログイン]
[ADMIN] 16:56:32.423538 シナリオ走行を終了しました [シナリオ名: 新規ユーザー登録]
[ADMIN] 16:56:32.423561 シナリオ走行を開始しました [シナリオ名: 新規ユーザー登録]
[ADMIN] 16:56:32.447198 シナリオ走行を終了しました [シナリオ名: ログイン]
[ADMIN] 16:56:32.447213 シナリオ走行を開始しました [シナリオ名: ログイン]
[ADMIN] 16:56:32.474111 シナリオ走行を終了しました [シナリオ名: 新規ユーザー登録]
[ADMIN] 16:56:32.474141 シナリオ走行を開始しました [シナリオ名: 新規ユーザー登録]
[ADMIN] 16:56:32.474145 シナリオ走行を終了しました [シナリオ名: ログイン]
[ADMIN] 16:56:32.474152 シナリオ走行を開始しました [シナリオ名: ログイン]
[ADMIN] 16:56:32.516985 シナリオ走行を終了しました [シナリオ名: ログイン]
[ADMIN] 16:56:32.516998 シナリオ走行を開始しました [シナリオ名: ログイン]
[ADMIN] 16:56:32.527664 シナリオ走行を終了しました [シナリオ名: 新規ユーザー登録]
[ADMIN] 16:56:32.527683 シナリオ走行を開始しました [シナリオ名: 新規ユーザー登録]
[ADMIN] 16:56:32.544594 シナリオ走行を終了しました [シナリオ名: ログイン]
[ADMIN] 16:56:32.544604 シナリオ走行を開始しました [シナリオ名: ログイン]
[ADMIN] 16:56:32.576769 シナリオ走行を終了しました [シナリオ名: ログイン]
[ADMIN] 16:56:32.576783 シナリオ走行を開始しました [シナリオ名: ログイン]
[ADMIN] 16:56:32.579597 シナリオ走行を終了しました [シナリオ名: 新規ユーザー登録]
[ADMIN] 16:56:32.579615 シナリオ走行を開始しました [シナリオ名: 新規ユーザー登録]
[ADMIN] 16:56:32.610076 シナリオ走行を終了しました [シナリオ名: ログイン]
[ADMIN] 16:56:32.610087 シナリオ走行を開始しました [シナリオ名: ログイン]
[ADMIN] 16:56:32.630552 シナリオ走行を終了しました [シナリオ名: 新規ユーザー登録]
[ADMIN] 16:56:32.630571 シナリオ走行を開始しました [シナリオ名: 新規ユーザー登録]
[ADMIN] 16:56:32.645299 シナリオ走行を終了しました [シナリオ名: ログイン]
[ADMIN] 16:56:32.645312 シナリオ走行を開始しました [シナリオ名: ログイン]
[ADMIN] 16:56:32.684204 シナリオ走行を終了しました [シナリオ名: Banユーザログイン]
[ADMIN] 16:56:32.684218 シナリオ走行を開始しました [シナリオ名: Banユーザログイン]
[ADMIN] 16:56:32.684218 シナリオ走行を終了しました [シナリオ名: 新規ユーザー登録]
[ADMIN] 16:56:32.684371 シナリオ走行を開始しました [シナリオ名: 新規ユーザー登録]
[ADMIN] 16:56:32.690067 シナリオ走行を終了しました [シナリオ名: ログイン]
[ADMIN] 16:56:32.690080 シナリオ走行を開始しました [シナリオ名: ログイン]
[ADMIN] 16:56:32.720434 シナリオ走行を終了しました [シナリオ名: ログイン]
[ADMIN] 16:56:32.720460 シナリオ走行を開始しました [シナリオ名: ログイン]
[ADMIN] 16:56:32.743423 シナリオ走行を終了しました [シナリオ名: 新規ユーザー登録]
[ADMIN] 16:56:32.743444 シナリオ走行を開始しました [シナリオ名: 新規ユーザー登録]
[ADMIN] 16:56:32.761482 シナリオ走行を終了しました [シナリオ名: ログイン]
[ADMIN] 16:56:32.761492 シナリオ走行を開始しました [シナリオ名: ログイン]
[ADMIN] 16:56:32.791785 シナリオ走行を終了しました [シナリオ名: ログイン]
[ADMIN] 16:56:32.791795 シナリオ走行を開始しました [シナリオ名: ログイン]
[ADMIN] 16:56:32.799190 シナリオ走行を終了しました [シナリオ名: 新規ユーザー登録]
[ADMIN] 16:56:32.799212 シナリオ走行を開始しました [シナリオ名: 新規ユーザー登録]
[ADMIN] 16:56:32.832889 シナリオ走行を終了しました [シナリオ名: ログイン]
[ADMIN] 16:56:32.832901 シナリオ走行を開始しました [シナリオ名: ログイン]
[ADMIN] 16:56:32.853556 シナリオ走行を終了しました [シナリオ名: 新規ユーザー登録]
[ADMIN] 16:56:32.853572 シナリオ走行を開始しました [シナリオ名: 新規ユーザー登録]
[ADMIN] 16:56:32.863187 シナリオ走行を終了しました [シナリオ名: ログイン]
[ADMIN] 16:56:32.863197 シナリオ走行を開始しました [シナリオ名: ログイン]
[ADMIN] 16:56:32.895907 シナリオ走行を終了しました [シナリオ名: ログイン]
[ADMIN] 16:56:32.895921 シナリオ走行を開始しました [シナリオ名: ログイン]
[ADMIN] 16:56:32.910320 シナリオ走行を終了しました [シナリオ名: 新規ユーザー登録]
[ADMIN] 16:56:32.910344 シナリオ走行を開始しました [シナリオ名: 新規ユーザー登録]
[ADMIN] 16:56:32.927773 シナリオ走行を終了しました [シナリオ名: ログイン]
[ADMIN] 16:56:32.927786 シナリオ走行を開始しました [シナリオ名: ログイン]
[ADMIN] 16:56:32.965688 シナリオ走行を終了しました [シナリオ名: ログイン]
[ADMIN] 16:56:32.965699 シナリオ走行を開始しました [シナリオ名: ログイン]
[ADMIN] 16:56:32.966820 シナリオ走行を終了しました [シナリオ名: 新規ユーザー登録]
[ADMIN] 16:56:32.966840 シナリオ走行を開始しました [シナリオ名: 新規ユーザー登録]
[ADMIN] 16:56:32.997399 シナリオ走行を終了しました [シナリオ名: ログイン]
[ADMIN] 16:56:32.997410 シナリオ走行を開始しました [シナリオ名: ログイン]
[ADMIN] 16:56:33.025202 シナリオ走行を終了しました [シナリオ名: 新規ユーザー登録]
[ADMIN] 16:56:33.025223 シナリオ走行を開始しました [シナリオ名: 新規ユーザー登録]
[ADMIN] 16:56:33.027626 シナリオ走行を終了しました [シナリオ名: ログイン]
[ADMIN] 16:56:33.027636 シナリオ走行を開始しました [シナリオ名: ログイン]
[ADMIN] 16:56:33.071051 シナリオ走行を終了しました [シナリオ名: ログイン]
[ADMIN] 16:56:33.071064 シナリオ走行を開始しました [シナリオ名: ログイン]
[ADMIN] 16:56:33.083882 シナリオ走行を終了しました [シナリオ名: 新規ユーザー登録]
[ADMIN] 16:56:33.083903 シナリオ走行を開始しました [シナリオ名: 新規ユーザー登録]
[ADMIN] 16:56:33.108969 シナリオ走行を終了しました [シナリオ名: ログイン]
[ADMIN] 16:56:33.108981 シナリオ走行を開始しました [シナリオ名: ログイン]
[ADMIN] 16:56:33.137899 シナリオ走行を終了しました [シナリオ名: ログイン]
[ADMIN] 16:56:33.137910 シナリオ走行を開始しました [シナリオ名: ログイン]
[ADMIN] 16:56:33.138221 シナリオ走行を終了しました [シナリオ名: 新規ユーザー登録]
[ADMIN] 16:56:33.138243 シナリオ走行を開始しました [シナリオ名: 新規ユーザー登録]
[ADMIN] 16:56:33.163468 シナリオ走行を終了しました [シナリオ名: ログイン]
[ADMIN] 16:56:33.163479 シナリオ走行を開始しました [シナリオ名: ログイン]
[ADMIN] 16:56:33.182149 シナリオ走行を終了しました [シナリオ名: 新規ユーザー登録]
[ADMIN] 16:56:33.182167 シナリオ走行を開始しました [シナリオ名: 新規ユーザー登録]
[ADMIN] 16:56:33.186199 シナリオ走行を終了しました [シナリオ名: Banユーザログイン]
[ADMIN] 16:56:33.186212 シナリオ走行を開始しました [シナリオ名: Banユーザログイン]
[ADMIN] 16:56:33.220135 シナリオ走行を終了しました [シナリオ名: ログイン]
[ADMIN] 16:56:33.220152 シナリオ走行を開始しました [シナリオ名: ログイン]
[ADMIN] 16:56:33.234247 シナリオ走行を終了しました [シナリオ名: 新規ユーザー登録]
[ADMIN] 16:56:33.234267 シナリオ走行を開始しました [シナリオ名: 新規ユーザー登録]
[ADMIN] 16:56:33.261633 シナリオ走行を終了しました [シナリオ名: ログイン]
[ADMIN] 16:56:33.261645 シナリオ走行を開始しました [シナリオ名: ログイン]
[ADMIN] 16:56:33.284459 シナリオ走行を終了しました [シナリオ名: 新規ユーザー登録]
[ADMIN] 16:56:33.284478 シナリオ走行を開始しました [シナリオ名: 新規ユーザー登録]
[ADMIN] 16:56:33.291080 シナリオ走行を終了しました [シナリオ名: ログイン]
[ADMIN] 16:56:33.291087 シナリオ走行を開始しました [シナリオ名: ログイン]
[ADMIN] 16:56:33.331770 シナリオ走行を終了しました [シナリオ名: ログイン]
[ADMIN] 16:56:33.331782 シナリオ走行を開始しました [シナリオ名: ログイン]
[ADMIN] 16:56:33.344635 シナリオ走行を終了しました [シナリオ名: 新規ユーザー登録]
[ADMIN] 16:56:33.344659 シナリオ走行を開始しました [シナリオ名: 新規ユーザー登録]
[ADMIN] 16:56:33.365274 シナリオ走行を終了しました [シナリオ名: ログイン]
[ADMIN] 16:56:33.365285 シナリオ走行を開始しました [シナリオ名: ログイン]
[ADMIN] 16:56:33.394093 シナリオ走行を終了しました [シナリオ名: 新規ユーザー登録]
[ADMIN] 16:56:33.394116 シナリオ走行を開始しました [シナリオ名: 新規ユーザー登録]
[ADMIN] 16:56:33.402269 シナリオ走行を終了しました [シナリオ名: ログイン]
[ADMIN] 16:56:33.402279 シナリオ走行を開始しました [シナリオ名: ログイン]
[ADMIN] 16:56:33.429006 シナリオ走行を終了しました [シナリオ名: ログイン]
[ADMIN] 16:56:33.429016 シナリオ走行を開始しました [シナリオ名: ログイン]
[ADMIN] 16:56:33.444002 シナリオ走行を終了しました [シナリオ名: 新規ユーザー登録]
[ADMIN] 16:56:33.444022 シナリオ走行を開始しました [シナリオ名: 新規ユーザー登録]
[ADMIN] 16:56:33.458274 シナリオ走行を終了しました [シナリオ名: ログイン]
[ADMIN] 16:56:33.458282 シナリオ走行を開始しました [シナリオ名: ログイン]
[ADMIN] 16:56:33.484680 シナリオ走行を終了しました [シナリオ名: ログイン]
[ADMIN] 16:56:33.484694 シナリオ走行を開始しました [シナリオ名: ログイン]
[ADMIN] 16:56:33.496200 シナリオ走行を終了しました [シナリオ名: 新規ユーザー登録]
[ADMIN] 16:56:33.496224 シナリオ走行を開始しました [シナリオ名: 新規ユーザー登録]
[ADMIN] 16:56:33.510718 シナリオ走行を終了しました [シナリオ名: ログイン]
[ADMIN] 16:56:33.510732 シナリオ走行を開始しました [シナリオ名: ログイン]
[ADMIN] 16:56:33.537108 シナリオ走行を終了しました [シナリオ名: ログイン]
[ADMIN] 16:56:33.537120 シナリオ走行を開始しました [シナリオ名: ログイン]
[ADMIN] 16:56:33.546572 シナリオ走行を終了しました [シナリオ名: 新規ユーザー登録]
[ADMIN] 16:56:33.546594 シナリオ走行を開始しました [シナリオ名: 新規ユーザー登録]
[ADMIN] 16:56:33.574123 シナリオ走行を終了しました [シナリオ名: ログイン]
[ADMIN] 16:56:33.574133 シナリオ走行を開始しました [シナリオ名: ログイン]
[ADMIN] 16:56:33.595032 シナリオ走行を終了しました [シナリオ名: 新規ユーザー登録]
[ADMIN] 16:56:33.595047 シナリオ走行を開始しました [シナリオ名: 新規ユーザー登録]
[ADMIN] 16:56:33.608165 シナリオ走行を終了しました [シナリオ名: ログイン]
[ADMIN] 16:56:33.608174 シナリオ走行を開始しました [シナリオ名: ログイン]
[ADMIN] 16:56:33.646326 シナリオ走行を終了しました [シナリオ名: 新規ユーザー登録]
[ADMIN] 16:56:33.646345 シナリオ走行を開始しました [シナリオ名: 新規ユーザー登録]
[ADMIN] 16:56:33.650377 シナリオ走行を終了しました [シナリオ名: ログイン]
[ADMIN] 16:56:33.650393 シナリオ走行を開始しました [シナリオ名: ログイン]
[ADMIN] 16:56:33.676220 シナリオ走行を終了しました [シナリオ名: ログイン]
[ADMIN] 16:56:33.676232 シナリオ走行を開始しました [シナリオ名: ログイン]
[ADMIN] 16:56:33.689682 シナリオ走行を終了しました [シナリオ名: Banユーザログイン]
[ADMIN] 16:56:33.689691 シナリオ走行を開始しました [シナリオ名: Banユーザログイン]
[ADMIN] 16:56:33.696954 シナリオ走行を終了しました [シナリオ名: 新規ユーザー登録]
[ADMIN] 16:56:33.696972 シナリオ走行を開始しました [シナリオ名: 新規ユーザー登録]
[ADMIN] 16:56:33.715402 シナリオ走行を終了しました [シナリオ名: ログイン]
[ADMIN] 16:56:33.715410 シナリオ走行を開始しました [シナリオ名: ログイン]
[ADMIN] 16:56:33.754244 シナリオ走行を終了しました [シナリオ名: ログイン]
[ADMIN] 16:56:33.754255 シナリオ走行を開始しました [シナリオ名: ログイン]
[ADMIN] 16:56:33.755897 シナリオ走行を終了しました [シナリオ名: 新規ユーザー登録]
[ADMIN] 16:56:33.755914 シナリオ走行を開始しました [シナリオ名: 新規ユーザー登録]
[ADMIN] 16:56:33.784914 シナリオ走行を終了しました [シナリオ名: ログイン]
[ADMIN] 16:56:33.784926 シナリオ走行を開始しました [シナリオ名: ログイン]
[ADMIN] 16:56:33.815068 シナリオ走行を終了しました [シナリオ名: 新規ユーザー登録]
[ADMIN] 16:56:33.815088 シナリオ走行を開始しました [シナリオ名: 新規ユーザー登録]
[ADMIN] 16:56:33.815537 シナリオ走行を終了しました [シナリオ名: ログイン]
[ADMIN] 16:56:33.815546 シナリオ走行を開始しました [シナリオ名: ログイン]
[ADMIN] 16:56:33.849913 シナリオ走行を終了しました [シナリオ名: ログイン]
[ADMIN] 16:56:33.849926 シナリオ走行を開始しました [シナリオ名: ログイン]
[ADMIN] 16:56:33.873070 シナリオ走行を終了しました [シナリオ名: 新規ユーザー登録]
[ADMIN] 16:56:33.873087 シナリオ走行を開始しました [シナリオ名: 新規ユーザー登録]
[ADMIN] 16:56:33.887837 シナリオ走行を終了しました [シナリオ名: ログイン]
[ADMIN] 16:56:33.887848 シナリオ走行を開始しました [シナリオ名: ログイン]
[ADMIN] 16:56:33.926519 シナリオ走行を終了しました [シナリオ名: ログイン]
[ADMIN] 16:56:33.926532 シナリオ走行を開始しました [シナリオ名: ログイン]
[ADMIN] 16:56:33.930629 シナリオ走行を終了しました [シナリオ名: 新規ユーザー登録]
[ADMIN] 16:56:33.930647 シナリオ走行を開始しました [シナリオ名: 新規ユーザー登録]
[ADMIN] 16:56:33.975707 シナリオ走行を終了しました [シナリオ名: ログイン]
[ADMIN] 16:56:33.975718 シナリオ走行を開始しました [シナリオ名: ログイン]
[ADMIN] 16:56:33.991230 シナリオ走行を終了しました [シナリオ名: 新規ユーザー登録]
[ADMIN] 16:56:33.991257 シナリオ走行を開始しました [シナリオ名: 新規ユーザー登録]
[ADMIN] 16:56:34.022453 シナリオ走行を終了しました [シナリオ名: ログイン]
[ADMIN] 16:56:34.022464 シナリオ走行を開始しました [シナリオ名: ログイン]
[ADMIN] 16:56:34.047439 シナリオ走行を終了しました [シナリオ名: 新規ユーザー登録]
[ADMIN] 16:56:34.047485 シナリオ走行を開始しました [シナリオ名: 新規ユーザー登録]
[ADMIN] 16:56:34.064447 シナリオ走行を終了しました [シナリオ名: ログイン]
[ADMIN] 16:56:34.064460 シナリオ走行を開始しました [シナリオ名: ログイン]
[ADMIN] 16:56:34.099663 シナリオ走行を終了しました [シナリオ名: 新規ユーザー登録]
[ADMIN] 16:56:34.099686 シナリオ走行を開始しました [シナリオ名: 新規ユーザー登録]
[ADMIN] 16:56:34.108481 シナリオ走行を終了しました [シナリオ名: ログイン]
[ADMIN] 16:56:34.108493 シナリオ走行を開始しました [シナリオ名: ログイン]
[ADMIN] 16:56:34.143260 シナリオ走行を終了しました [シナリオ名: ログイン]
[ADMIN] 16:56:34.143273 シナリオ走行を開始しました [シナリオ名: ログイン]
[ADMIN] 16:56:34.152078 シナリオ走行を終了しました [シナリオ名: 新規ユーザー登録]
[ADMIN] 16:56:34.152100 シナリオ走行を開始しました [シナリオ名: 新規ユーザー登録]
[ADMIN] 16:56:34.179948 シナリオ走行を終了しました [シナリオ名: ログイン]
[ADMIN] 16:56:34.179972 シナリオ走行を開始しました [シナリオ名: ログイン]
[ADMIN] 16:56:34.192525 シナリオ走行を終了しました [シナリオ名: Banユーザログイン]
[ADMIN] 16:56:34.192540 シナリオ走行を開始しました [シナリオ名: Banユーザログイン]
[ADMIN] 16:56:34.204715 シナリオ走行を終了しました [シナリオ名: 新規ユーザー登録]
[ADMIN] 16:56:34.204737 シナリオ走行を開始しました [シナリオ名: 新規ユーザー登録]
[ADMIN] 16:56:34.216005 シナリオ走行を終了しました [シナリオ名: ログイン]
[ADMIN] 16:56:34.216016 シナリオ走行を開始しました [シナリオ名: ログイン]
[ADMIN] 16:56:34.255954 シナリオ走行を終了しました [シナリオ名: 新規ユーザー登録]
[ADMIN] 16:56:34.255979 シナリオ走行を開始しました [シナリオ名: 新規ユーザー登録]
[ADMIN] 16:56:34.263852 シナリオ走行を終了しました [シナリオ名: ログイン]
[ADMIN] 16:56:34.263862 シナリオ走行を開始しました [シナリオ名: ログイン]
[ADMIN] 16:56:34.290359 シナリオ走行を終了しました [シナリオ名: ログイン]
[ADMIN] 16:56:34.290370 シナリオ走行を開始しました [シナリオ名: ログイン]
[ADMIN] 16:56:34.308012 シナリオ走行を終了しました [シナリオ名: 新規ユーザー登録]
[ADMIN] 16:56:34.308035 シナリオ走行を開始しました [シナリオ名: 新規ユーザー登録]
[ADMIN] 16:56:34.326379 シナリオ走行を終了しました [シナリオ名: ログイン]
[ADMIN] 16:56:34.326389 シナリオ走行を開始しました [シナリオ名: ログイン]
[ADMIN] 16:56:34.358672 シナリオ走行を終了しました [シナリオ名: 新規ユーザー登録]
[ADMIN] 16:56:34.358693 シナリオ走行を開始しました [シナリオ名: 新規ユーザー登録]
[ADMIN] 16:56:34.370687 シナリオ走行を終了しました [シナリオ名: ログイン]
[ADMIN] 16:56:34.370699 シナリオ走行を開始しました [シナリオ名: ログイン]
[ADMIN] 16:56:34.404989 シナリオ走行を終了しました [シナリオ名: ログイン]
[ADMIN] 16:56:34.405000 シナリオ走行を開始しました [シナリオ名: ログイン]
[ADMIN] 16:56:34.408630 シナリオ走行を終了しました [シナリオ名: 新規ユーザー登録]
[ADMIN] 16:56:34.408648 シナリオ走行を開始しました [シナリオ名: 新規ユーザー登録]
[ADMIN] 16:56:34.431391 シナリオ走行を終了しました [シナリオ名: ログイン]
[ADMIN] 16:56:34.431403 シナリオ走行を開始しました [シナリオ名: ログイン]
[ADMIN] 16:56:34.458030 シナリオ走行を終了しました [シナリオ名: 新規ユーザー登録]
[ADMIN] 16:56:34.458045 シナリオ走行を開始しました [シナリオ名: 新規ユーザー登録]
[ADMIN] 16:56:34.467256 シナリオ走行を終了しました [シナリオ名: ログイン]
[ADMIN] 16:56:34.467265 シナリオ走行を開始しました [シナリオ名: ログイン]
[ADMIN] 16:56:34.507176 シナリオ走行を終了しました [シナリオ名: 新規ユーザー登録]
[ADMIN] 16:56:34.507196 シナリオ走行を開始しました [シナリオ名: 新規ユーザー登録]
[ADMIN] 16:56:34.507995 シナリオ走行を終了しました [シナリオ名: ログイン]
[ADMIN] 16:56:34.508004 シナリオ走行を開始しました [シナリオ名: ログイン]
[ADMIN] 16:56:34.552905 シナリオ走行を終了しました [シナリオ名: ログイン]
[ADMIN] 16:56:34.552917 シナリオ走行を開始しました [シナリオ名: ログイン]
[ADMIN] 16:56:34.557249 シナリオ走行を終了しました [シナリオ名: 新規ユーザー登録]
[ADMIN] 16:56:34.557264 シナリオ走行を開始しました [シナリオ名: 新規ユーザー登録]
[ADMIN] 16:56:34.586884 シナリオ走行を終了しました [シナリオ名: ログイン]
[ADMIN] 16:56:34.586894 シナリオ走行を開始しました [シナリオ名: ログイン]
[ADMIN] 16:56:34.606149 シナリオ走行を終了しました [シナリオ名: 新規ユーザー登録]
[ADMIN] 16:56:34.606169 シナリオ走行を開始しました [シナリオ名: 新規ユーザー登録]
[ADMIN] 16:56:34.615778 シナリオ走行を終了しました [シナリオ名: ログイン]
[ADMIN] 16:56:34.615789 シナリオ走行を開始しました [シナリオ名: ログイン]
[ADMIN] 16:56:34.650347 シナリオ走行を終了しました [シナリオ名: ログイン]
[ADMIN] 16:56:34.650361 シナリオ走行を開始しました [シナリオ名: ログイン]
[ADMIN] 16:56:34.661933 シナリオ走行を終了しました [シナリオ名: 新規ユーザー登録]
[ADMIN] 16:56:34.661955 シナリオ走行を開始しました [シナリオ名: 新規ユーザー登録]
[ADMIN] 16:56:34.683055 シナリオ走行を終了しました [シナリオ名: ログイン]
[ADMIN] 16:56:34.683066 シナリオ走行を開始しました [シナリオ名: ログイン]
[ADMIN] 16:56:34.695664 シナリオ走行を終了しました [シナリオ名: Banユーザログイン]
[ADMIN] 16:56:34.695679 シナリオ走行を開始しました [シナリオ名: Banユーザログイン]
[ADMIN] 16:56:34.713968 シナリオ走行を終了しました [シナリオ名: 新規ユーザー登録]
[ADMIN] 16:56:34.713988 シナリオ走行を開始しました [シナリオ名: 新規ユーザー登録]
[ADMIN] 16:56:34.731786 シナリオ走行を終了しました [シナリオ名: ログイン]
[ADMIN] 16:56:34.731797 シナリオ走行を開始しました [シナリオ名: ログイン]
[ADMIN] 16:56:34.770053 シナリオ走行を終了しました [シナリオ名: ログイン]
[ADMIN] 16:56:34.770066 シナリオ走行を開始しました [シナリオ名: ログイン]
[ADMIN] 16:56:34.776691 シナリオ走行を終了しました [シナリオ名: 新規ユーザー登録]
[ADMIN] 16:56:34.776714 シナリオ走行を開始しました [シナリオ名: 新規ユーザー登録]
[ADMIN] 16:56:34.816733 シナリオ走行を終了しました [シナリオ名: ログイン]
[ADMIN] 16:56:34.816745 シナリオ走行を開始しました [シナリオ名: ログイン]
[ADMIN] 16:56:34.831954 シナリオ走行を終了しました [シナリオ名: 新規ユーザー登録]
[ADMIN] 16:56:34.831975 シナリオ走行を開始しました [シナリオ名: 新規ユーザー登録]
[ADMIN] 16:56:34.856442 シナリオ走行を終了しました [シナリオ名: ログイン]
[ADMIN] 16:56:34.856453 シナリオ走行を開始しました [シナリオ名: ログイン]
[ADMIN] 16:56:34.887283 シナリオ走行を終了しました [シナリオ名: ログイン]
[ADMIN] 16:56:34.887295 シナリオ走行を開始しました [シナリオ名: ログイン]
[ADMIN] 16:56:34.891341 シナリオ走行を終了しました [シナリオ名: 新規ユーザー登録]
[ADMIN] 16:56:34.891363 シナリオ走行を開始しました [シナリオ名: 新規ユーザー登録]
[ADMIN] 16:56:34.916457 シナリオ走行を終了しました [シナリオ名: ログイン]
[ADMIN] 16:56:34.916472 シナリオ走行を開始しました [シナリオ名: ログイン]
[ADMIN] 16:56:34.947411 シナリオ走行を終了しました [シナリオ名: 新規ユーザー登録]
[ADMIN] 16:56:34.947431 シナリオ走行を開始しました [シナリオ名: 新規ユーザー登録]
[ADMIN] 16:56:34.956975 シナリオ走行を終了しました [シナリオ名: ログイン]
[ADMIN] 16:56:34.956986 シナリオ走行を開始しました [シナリオ名: ログイン]
[ADMIN] 16:56:35.003410 シナリオ走行を終了しました [シナリオ名: 新規ユーザー登録]
[ADMIN] 16:56:35.003430 シナリオ走行を開始しました [シナリオ名: 新規ユーザー登録]
[ADMIN] 16:56:35.009105 シナリオ走行を終了しました [シナリオ名: ログイン]
[ADMIN] 16:56:35.009114 シナリオ走行を開始しました [シナリオ名: ログイン]
[ADMIN] 16:56:35.051499 シナリオ走行を終了しました [シナリオ名: ログイン]
[ADMIN] 16:56:35.051510 シナリオ走行を開始しました [シナリオ名: ログイン]
[ADMIN] 16:56:35.059349 シナリオ走行を終了しました [シナリオ名: 新規ユーザー登録]
[ADMIN] 16:56:35.059369 シナリオ走行を開始しました [シナリオ名: 新規ユーザー登録]
[ADMIN] 16:56:35.088341 シナリオ走行を終了しました [シナリオ名: ログイン]
[ADMIN] 16:56:35.088350 シナリオ走行を開始しました [シナリオ名: ログイン]
[ADMIN] 16:56:35.112351 シナリオ走行を終了しました [シナリオ名: 新規ユーザー登録]
[ADMIN] 16:56:35.112369 シナリオ走行を開始しました [シナリオ名: 新規ユーザー登録]
[ADMIN] 16:56:35.126470 シナリオ走行を終了しました [シナリオ名: ログイン]
[ADMIN] 16:56:35.126481 シナリオ走行を開始しました [シナリオ名: ログイン]
[ADMIN] 16:56:35.154222 シナリオ走行を終了しました [シナリオ名: ログイン]
[ADMIN] 16:56:35.154235 シナリオ走行を開始しました [シナリオ名: ログイン]
[ADMIN] 16:56:35.163970 シナリオ走行を終了しました [シナリオ名: 新規ユーザー登録]
[ADMIN] 16:56:35.163992 シナリオ走行を開始しました [シナリオ名: 新規ユーザー登録]
[ADMIN] 16:56:35.182171 シナリオ走行を終了しました [シナリオ名: ログイン]
[ADMIN] 16:56:35.182182 シナリオ走行を開始しました [シナリオ名: ログイン]
[ADMIN] 16:56:35.198604 シナリオ走行を終了しました [シナリオ名: Banユーザログイン]
[ADMIN] 16:56:35.198629 シナリオ走行を開始しました [シナリオ名: Banユーザログイン]
[ADMIN] 16:56:35.210097 シナリオ走行を終了しました [シナリオ名: ログイン]
[ADMIN] 16:56:35.210108 シナリオ走行を開始しました [シナリオ名: ログイン]
[ADMIN] 16:56:35.216008 シナリオ走行を終了しました [シナリオ名: 新規ユーザー登録]
[ADMIN] 16:56:35.216023 シナリオ走行を開始しました [シナリオ名: 新規ユーザー登録]
[ADMIN] 16:56:35.245751 シナリオ走行を終了しました [シナリオ名: ログイン]
[ADMIN] 16:56:35.245761 シナリオ走行を開始しました [シナリオ名: ログイン]
[ADMIN] 16:56:35.267211 シナリオ走行を終了しました [シナリオ名: 新規ユーザー登録]
[ADMIN] 16:56:35.267227 シナリオ走行を開始しました [シナリオ名: 新規ユーザー登録]
[ADMIN] 16:56:35.279875 シナリオ走行を終了しました [シナリオ名: ログイン]
[ADMIN] 16:56:35.279885 シナリオ走行を開始しました [シナリオ名: ログイン]
[ADMIN] 16:56:35.305478 シナリオ走行を終了しました [シナリオ名: ログイン]
[ADMIN] 16:56:35.305489 シナリオ走行を開始しました [シナリオ名: ログイン]
[ADMIN] 16:56:35.316618 シナリオ走行を終了しました [シナリオ名: 新規ユーザー登録]
[ADMIN] 16:56:35.316634 シナリオ走行を開始しました [シナリオ名: 新規ユーザー登録]
[ADMIN] 16:56:35.338081 シナリオ走行を終了しました [シナリオ名: ログイン]
[ADMIN] 16:56:35.338091 シナリオ走行を開始しました [シナリオ名: ログイン]
[ADMIN] 16:56:35.365693 シナリオ走行を終了しました [シナリオ名: 新規ユーザー登録]
[ADMIN] 16:56:35.365713 シナリオ走行を開始しました [シナリオ名: 新規ユーザー登録]
[ADMIN] 16:56:35.383171 シナリオ走行を終了しました [シナリオ名: ログイン]
[ADMIN] 16:56:35.383189 シナリオ走行を開始しました [シナリオ名: ログイン]
[ADMIN] 16:56:35.409896 シナリオ走行を終了しました [シナリオ名: ログイン]
[ADMIN] 16:56:35.409909 シナリオ走行を開始しました [シナリオ名: ログイン]
[ADMIN] 16:56:35.414634 シナリオ走行を終了しました [シナリオ名: 新規ユーザー登録]
[ADMIN] 16:56:35.414652 シナリオ走行を開始しました [シナリオ名: 新規ユーザー登録]
[ADMIN] 16:56:35.454875 シナリオ走行を終了しました [シナリオ名: ログイン]
[ADMIN] 16:56:35.454889 シナリオ走行を開始しました [シナリオ名: ログイン]
[ADMIN] 16:56:35.464168 シナリオ走行を終了しました [シナリオ名: 新規ユーザー登録]
[ADMIN] 16:56:35.464188 シナリオ走行を開始しました [シナリオ名: 新規ユーザー登録]
[ADMIN] 16:56:35.480485 シナリオ走行を終了しました [シナリオ名: ログイン]
[ADMIN] 16:56:35.480499 シナリオ走行を開始しました [シナリオ名: ログイン]
[ADMIN] 16:56:35.512034 シナリオ走行を終了しました [シナリオ名: 新規ユーザー登録]
[ADMIN] 16:56:35.512059 シナリオ走行を開始しました [シナリオ名: 新規ユーザー登録]
[ADMIN] 16:56:35.521478 シナリオ走行を終了しました [シナリオ名: ログイン]
[ADMIN] 16:56:35.521488 シナリオ走行を開始しました [シナリオ名: ログイン]
[ADMIN] 16:56:35.561922 シナリオ走行を終了しました [シナリオ名: 新規ユーザー登録]
[ADMIN] 16:56:35.561960 シナリオ走行を開始しました [シナリオ名: 新規ユーザー登録]
[ADMIN] 16:56:35.564462 シナリオ走行を終了しました [シナリオ名: ログイン]
[ADMIN] 16:56:35.564473 シナリオ走行を開始しました [シナリオ名: ログイン]
[ADMIN] 16:56:35.600015 シナリオ走行を終了しました [シナリオ名: ログイン]
[ADMIN] 16:56:35.600030 シナリオ走行を開始しました [シナリオ名: ログイン]
[ADMIN] 16:56:35.610748 シナリオ走行を終了しました [シナリオ名: 新規ユーザー登録]
[ADMIN] 16:56:35.610772 シナリオ走行を開始しました [シナリオ名: 新規ユーザー登録]
[ADMIN] 16:56:35.626481 シナリオ走行を終了しました [シナリオ名: ログイン]
[ADMIN] 16:56:35.626495 シナリオ走行を開始しました [シナリオ名: ログイン]
[ADMIN] 16:56:35.659867 シナリオ走行を終了しました [シナリオ名: 新規ユーザー登録]
[ADMIN] 16:56:35.659890 シナリオ走行を開始しました [シナリオ名: 新規ユーザー登録]
[ADMIN] 16:56:35.670192 シナリオ走行を終了しました [シナリオ名: ログイン]
[ADMIN] 16:56:35.670204 シナリオ走行を開始しました [シナリオ名: ログイン]
[ADMIN] 16:56:35.701523 シナリオ走行を終了しました [シナリオ名: Banユーザログイン]
[ADMIN] 16:56:35.701540 シナリオ走行を開始しました [シナリオ名: Banユーザログイン]
[ADMIN] 16:56:35.707853 シナリオ走行を終了しました [シナリオ名: ログイン]
[ADMIN] 16:56:35.707864 シナリオ走行を開始しました [シナリオ名: ログイン]
[ADMIN] 16:56:35.715613 シナリオ走行を終了しました [シナリオ名: 新規ユーザー登録]
[ADMIN] 16:56:35.715630 シナリオ走行を開始しました [シナリオ名: 新規ユーザー登録]
[ADMIN] 16:56:35.751826 シナリオ走行を終了しました [シナリオ名: ログイン]
[ADMIN] 16:56:35.751838 シナリオ走行を開始しました [シナリオ名: ログイン]
[ADMIN] 16:56:35.776245 シナリオ走行を終了しました [シナリオ名: 新規ユーザー登録]
[ADMIN] 16:56:35.776271 シナリオ走行を開始しました [シナリオ名: 新規ユーザー登録]
[ADMIN] 16:56:35.790535 シナリオ走行を終了しました [シナリオ名: ログイン]
[ADMIN] 16:56:35.790547 シナリオ走行を開始しました [シナリオ名: ログイン]
[ADMIN] 16:56:35.828640 シナリオ走行を終了しました [シナリオ名: ログイン]
[ADMIN] 16:56:35.828652 シナリオ走行を開始しました [シナリオ名: ログイン]
[ADMIN] 16:56:35.830508 シナリオ走行を終了しました [シナリオ名: 新規ユーザー登録]
[ADMIN] 16:56:35.830529 シナリオ走行を開始しました [シナリオ名: 新規ユーザー登録]
[ADMIN] 16:56:35.879097 シナリオ走行を終了しました [シナリオ名: ログイン]
[ADMIN] 16:56:35.879107 シナリオ走行を開始しました [シナリオ名: ログイン]
[ADMIN] 16:56:35.884834 シナリオ走行を終了しました [シナリオ名: 新規ユーザー登録]
[ADMIN] 16:56:35.884850 シナリオ走行を開始しました [シナリオ名: 新規ユーザー登録]
[ADMIN] 16:56:35.919620 シナリオ走行を終了しました [シナリオ名: ログイン]
[ADMIN] 16:56:35.919629 シナリオ走行を開始しました [シナリオ名: ログイン]
[ADMIN] 16:56:35.942384 シナリオ走行を終了しました [シナリオ名: 新規ユーザー登録]
[ADMIN] 16:56:35.942404 シナリオ走行を開始しました [シナリオ名: 新規ユーザー登録]
[ADMIN] 16:56:35.952895 シナリオ走行を終了しました [シナリオ名: ログイン]
[ADMIN] 16:56:35.952906 シナリオ走行を開始しました [シナリオ名: ログイン]
[ADMIN] 16:56:35.994095 シナリオ走行を終了しました [シナリオ名: ログイン]
[ADMIN] 16:56:35.994107 シナリオ走行を開始しました [シナリオ名: ログイン]
[ADMIN] 16:56:35.999612 シナリオ走行を終了しました [シナリオ名: 新規ユーザー登録]
[ADMIN] 16:56:35.999630 シナリオ走行を開始しました [シナリオ名: 新規ユーザー登録]
[ADMIN] 16:56:36.032115 シナリオ走行を終了しました [シナリオ名: ログイン]
[ADMIN] 16:56:36.032127 シナリオ走行を開始しました [シナリオ名: ログイン]
[ADMIN] 16:56:36.057634 シナリオ走行を終了しました [シナリオ名: 新規ユーザー登録]
[ADMIN] 16:56:36.057664 シナリオ走行を開始しました [シナリオ名: 新規ユーザー登録]
[ADMIN] 16:56:36.062062 シナリオ走行を終了しました [シナリオ名: ログイン]
[ADMIN] 16:56:36.062075 シナリオ走行を開始しました [シナリオ名: ログイン]
[ADMIN] 16:56:36.092401 シナリオ走行を終了しました [シナリオ名: ログイン]
[ADMIN] 16:56:36.092413 シナリオ走行を開始しました [シナリオ名: ログイン]
[ADMIN] 16:56:36.111509 シナリオ走行を終了しました [シナリオ名: 新規ユーザー登録]
[ADMIN] 16:56:36.111528 シナリオ走行を開始しました [シナリオ名: 新規ユーザー登録]
[ADMIN] 16:56:36.134556 シナリオ走行を終了しました [シナリオ名: ログイン]
[ADMIN] 16:56:36.134570 シナリオ走行を開始しました [シナリオ名: ログイン]
[ADMIN] 16:56:36.161857 シナリオ走行を終了しました [シナリオ名: 新規ユーザー登録]
[ADMIN] 16:56:36.161880 シナリオ走行を開始しました [シナリオ名: 新規ユーザー登録]
[ADMIN] 16:56:36.173145 シナリオ走行を終了しました [シナリオ名: ログイン]
[ADMIN] 16:56:36.173156 シナリオ走行を開始しました [シナリオ名: ログイン]
[ADMIN] 16:56:36.199937 シナリオ走行を終了しました [シナリオ名: ログイン]
[ADMIN] 16:56:36.199948 シナリオ走行を開始しました [シナリオ名: ログイン]
[ADMIN] 16:56:36.203231 シナリオ走行を終了しました [シナリオ名: Banユーザログイン]
[ADMIN] 16:56:36.203241 シナリオ走行を開始しました [シナリオ名: Banユーザログイン]
[ADMIN] 16:56:36.212153 シナリオ走行を終了しました [シナリオ名: 新規ユーザー登録]
[ADMIN] 16:56:36.212175 シナリオ走行を開始しました [シナリオ名: 新規ユーザー登録]
[ADMIN] 16:56:36.230981 シナリオ走行を終了しました [シナリオ名: ログイン]
[ADMIN] 16:56:36.230989 シナリオ走行を開始しました [シナリオ名: ログイン]
[ADMIN] 16:56:36.257641 シナリオ走行を終了しました [シナリオ名: ログイン]
[ADMIN] 16:56:36.257656 シナリオ走行を開始しました [シナリオ名: ログイン]
[ADMIN] 16:56:36.262432 シナリオ走行を終了しました [シナリオ名: 新規ユーザー登録]
[ADMIN] 16:56:36.262449 シナリオ走行を開始しました [シナリオ名: 新規ユーザー登録]
[ADMIN] 16:56:36.286526 シナリオ走行を終了しました [シナリオ名: ログイン]
[ADMIN] 16:56:36.286536 シナリオ走行を開始しました [シナリオ名: ログイン]
[ADMIN] 16:56:36.312156 シナリオ走行を終了しました [シナリオ名: 新規ユーザー登録]
[ADMIN] 16:56:36.312172 シナリオ走行を開始しました [シナリオ名: 新規ユーザー登録]
[ADMIN] 16:56:36.327069 シナリオ走行を終了しました [シナリオ名: ログイン]
[ADMIN] 16:56:36.327078 シナリオ走行を開始しました [シナリオ名: ログイン]
[ADMIN] 16:56:36.361204 シナリオ走行を終了しました [シナリオ名: 新規ユーザー登録]
[ADMIN] 16:56:36.361227 シナリオ走行を開始しました [シナリオ名: 新規ユーザー登録]
[ADMIN] 16:56:36.364218 シナリオ走行を終了しました [シナリオ名: ログイン]
[ADMIN] 16:56:36.364227 シナリオ走行を開始しました [シナリオ名: ログイン]
[ADMIN] 16:56:36.398994 シナリオ走行を終了しました [シナリオ名: ログイン]
[ADMIN] 16:56:36.399013 シナリオ走行を開始しました [シナリオ名: ログイン]
[ADMIN] 16:56:36.411340 シナリオ走行を終了しました [シナリオ名: 新規ユーザー登録]
[ADMIN] 16:56:36.411361 シナリオ走行を開始しました [シナリオ名: 新規ユーザー登録]
[ADMIN] 16:56:36.433072 シナリオ走行を終了しました [シナリオ名: ログイン]
[ADMIN] 16:56:36.433083 シナリオ走行を開始しました [シナリオ名: ログイン]
[ADMIN] 16:56:36.460057 シナリオ走行を終了しました [シナリオ名: ログイン]
[ADMIN] 16:56:36.460067 シナリオ走行を開始しました [シナリオ名: ログイン]
[ADMIN] 16:56:36.460534 シナリオ走行を終了しました [シナリオ名: 新規ユーザー登録]
[ADMIN] 16:56:36.460552 シナリオ走行を開始しました [シナリオ名: 新規ユーザー登録]
[ADMIN] 16:56:36.502083 シナリオ走行を終了しました [シナリオ名: ログイン]
[ADMIN] 16:56:36.502094 シナリオ走行を開始しました [シナリオ名: ログイン]
[ADMIN] 16:56:36.510209 シナリオ走行を終了しました [シナリオ名: 新規ユーザー登録]
[ADMIN] 16:56:36.510229 シナリオ走行を開始しました [シナリオ名: 新規ユーザー登録]
[ADMIN] 16:56:36.544031 シナリオ走行を終了しました [シナリオ名: ログイン]
[ADMIN] 16:56:36.544044 シナリオ走行を開始しました [シナリオ名: ログイン]
[ADMIN] 16:56:36.566401 シナリオ走行を終了しました [シナリオ名: 新規ユーザー登録]
[ADMIN] 16:56:36.566425 シナリオ走行を開始しました [シナリオ名: 新規ユーザー登録]
[ADMIN] 16:56:36.586867 シナリオ走行を終了しました [シナリオ名: ログイン]
[ADMIN] 16:56:36.586879 シナリオ走行を開始しました [シナリオ名: ログイン]
[ADMIN] 16:56:36.620169 シナリオ走行を終了しました [シナリオ名: 新規ユーザー登録]
[ADMIN] 16:56:36.620187 シナリオ走行を開始しました [シナリオ名: 新規ユーザー登録]
[ADMIN] 16:56:36.621108 シナリオ走行を終了しました [シナリオ名: ログイン]
[ADMIN] 16:56:36.621118 シナリオ走行を開始しました [シナリオ名: ログイン]
[ADMIN] 16:56:36.647722 シナリオ走行を終了しました [シナリオ名: ログイン]
[ADMIN] 16:56:36.647731 シナリオ走行を開始しました [シナリオ名: ログイン]
[ADMIN] 16:56:36.670429 シナリオ走行を終了しました [シナリオ名: 新規ユーザー登録]
[ADMIN] 16:56:36.670445 シナリオ走行を開始しました [シナリオ名: 新規ユーザー登録]
[ADMIN] 16:56:36.684436 シナリオ走行を終了しました [シナリオ名: ログイン]
[ADMIN] 16:56:36.684445 シナリオ走行を開始しました [シナリオ名: ログイン]
[ADMIN] 16:56:36.706838 シナリオ走行を終了しました [シナリオ名: Banユーザログイン]
[ADMIN] 16:56:36.706852 シナリオ走行を開始しました [シナリオ名: Banユーザログイン]
[ADMIN] 16:56:36.721139 シナリオ走行を終了しました [シナリオ名: 新規ユーザー登録]
[ADMIN] 16:56:36.721156 シナリオ走行を開始しました [シナリオ名: 新規ユーザー登録]
[ADMIN] 16:56:36.726689 シナリオ走行を終了しました [シナリオ名: ログイン]
[ADMIN] 16:56:36.726699 シナリオ走行を開始しました [シナリオ名: ログイン]
[ADMIN] 16:56:36.755822 シナリオ走行を終了しました [シナリオ名: ログイン]
[ADMIN] 16:56:36.755830 シナリオ走行を開始しました [シナリオ名: ログイン]
[ADMIN] 16:56:36.778187 シナリオ走行を終了しました [シナリオ名: 新規ユーザー登録]
[ADMIN] 16:56:36.778209 シナリオ走行を開始しました [シナリオ名: 新規ユーザー登録]
[ADMIN] 16:56:36.796083 シナリオ走行を終了しました [シナリオ名: ログイン]
[ADMIN] 16:56:36.796095 シナリオ走行を開始しました [シナリオ名: ログイン]
[ADMIN] 16:56:36.831279 シナリオ走行を終了しました [シナリオ名: 新規ユーザー登録]
[ADMIN] 16:56:36.831302 シナリオ走行を開始しました [シナリオ名: 新規ユーザー登録]
[ADMIN] 16:56:36.833976 シナリオ走行を終了しました [シナリオ名: ログイン]
[ADMIN] 16:56:36.833987 シナリオ走行を開始しました [シナリオ名: ログイン]
[ADMIN] 16:56:36.870294 シナリオ走行を終了しました [シナリオ名: ログイン]
[ADMIN] 16:56:36.870305 シナリオ走行を開始しました [シナリオ名: ログイン]
[ADMIN] 16:56:36.889444 シナリオ走行を終了しました [シナリオ名: 新規ユーザー登録]
[ADMIN] 16:56:36.889467 シナリオ走行を開始しました [シナリオ名: 新規ユーザー登録]
[ADMIN] 16:56:36.907870 シナリオ走行を終了しました [シナリオ名: ログイン]
[ADMIN] 16:56:36.907882 シナリオ走行を開始しました [シナリオ名: ログイン]
[ADMIN] 16:56:36.939006 シナリオ走行を終了しました [シナリオ名: ログイン]
[ADMIN] 16:56:36.939020 シナリオ走行を開始しました [シナリオ名: ログイン]
[ADMIN] 16:56:36.946412 シナリオ走行を終了しました [シナリオ名: 新規ユーザー登録]
[ADMIN] 16:56:36.946435 シナリオ走行を開始しました [シナリオ名: 新規ユーザー登録]
[ADMIN] 16:56:36.979330 シナリオ走行を終了しました [シナリオ名: ログイン]
[ADMIN] 16:56:36.979339 シナリオ走行を開始しました [シナリオ名: ログイン]
[ADMIN] 16:56:37.021659 シナリオ走行を終了しました [シナリオ名: 新規ユーザー登録]
[ADMIN] 16:56:37.021684 シナリオ走行を開始しました [シナリオ名: 新規ユーザー登録]
[ADMIN] 16:56:37.031962 シナリオ走行を終了しました [シナリオ名: ログイン]
[ADMIN] 16:56:37.031974 シナリオ走行を開始しました [シナリオ名: ログイン]
[ADMIN] 16:56:37.059932 シナリオ走行を終了しました [シナリオ名: ログイン]
[ADMIN] 16:56:37.059946 シナリオ走行を開始しました [シナリオ名: ログイン]
[ADMIN] 16:56:37.077536 シナリオ走行を終了しました [シナリオ名: 新規ユーザー登録]
[ADMIN] 16:56:37.077556 シナリオ走行を開始しました [シナリオ名: 新規ユーザー登録]
[ADMIN] 16:56:37.105574 シナリオ走行を終了しました [シナリオ名: ログイン]
[ADMIN] 16:56:37.105584 シナリオ走行を開始しました [シナリオ名: ログイン]
[ADMIN] 16:56:37.130937 シナリオ走行を終了しました [シナリオ名: 新規ユーザー登録]
[ADMIN] 16:56:37.130956 シナリオ走行を開始しました [シナリオ名: 新規ユーザー登録]
[ADMIN] 16:56:37.142723 シナリオ走行を終了しました [シナリオ名: ログイン]
[ADMIN] 16:56:37.142736 シナリオ走行を開始しました [シナリオ名: ログイン]
[ADMIN] 16:56:37.169295 シナリオ走行を終了しました [シナリオ名: ログイン]
[ADMIN] 16:56:37.169309 シナリオ走行を開始しました [シナリオ名: ログイン]
[ADMIN] 16:56:37.178899 シナリオ走行を終了しました [シナリオ名: 新規ユーザー登録]
[ADMIN] 16:56:37.178920 シナリオ走行を開始しました [シナリオ名: 新規ユーザー登録]
[ADMIN] 16:56:37.210104 シナリオ走行を終了しました [シナリオ名: Banユーザログイン]
[ADMIN] 16:56:37.210119 シナリオ走行を開始しました [シナリオ名: Banユーザログイン]
[ADMIN] 16:56:37.213209 シナリオ走行を終了しました [シナリオ名: ログイン]
[ADMIN] 16:56:37.213220 シナリオ走行を開始しました [シナリオ名: ログイン]
[ADMIN] 16:56:37.240322 シナリオ走行を終了しました [シナリオ名: 新規ユーザー登録]
[ADMIN] 16:56:37.240339 シナリオ走行を開始しました [シナリオ名: 新規ユーザー登録]
[ADMIN] 16:56:37.250667 シナリオ走行を終了しました [シナリオ名: ログイン]
[ADMIN] 16:56:37.250678 シナリオ走行を開始しました [シナリオ名: ログイン]
[ADMIN] 16:56:37.277134 シナリオ走行を終了しました [シナリオ名: ログイン]
[ADMIN] 16:56:37.277145 シナリオ走行を開始しました [シナリオ名: ログイン]
[ADMIN] 16:56:37.293684 シナリオ走行を終了しました [シナリオ名: 新規ユーザー登録]
[ADMIN] 16:56:37.293703 シナリオ走行を開始しました [シナリオ名: 新規ユーザー登録]
[ADMIN] 16:56:37.309976 シナリオ走行を終了しました [シナリオ名: ログイン]
[ADMIN] 16:56:37.309988 シナリオ走行を開始しました [シナリオ名: ログイン]
[ADMIN] 16:56:37.344279 シナリオ走行を終了しました [シナリオ名: ログイン]
[ADMIN] 16:56:37.344290 シナリオ走行を開始しました [シナリオ名: ログイン]
[ADMIN] 16:56:37.345765 シナリオ走行を終了しました [シナリオ名: 新規ユーザー登録]
[ADMIN] 16:56:37.345782 シナリオ走行を開始しました [シナリオ名: 新規ユーザー登録]
[ADMIN] 16:56:37.369811 シナリオ走行を終了しました [シナリオ名: ログイン]
[ADMIN] 16:56:37.369823 シナリオ走行を開始しました [シナリオ名: ログイン]
[ADMIN] 16:56:37.393166 シナリオ走行を終了しました [シナリオ名: 新規ユーザー登録]
[ADMIN] 16:56:37.393185 シナリオ走行を開始しました [シナリオ名: 新規ユーザー登録]
[ADMIN] 16:56:37.406496 シナリオ走行を終了しました [シナリオ名: ログイン]
[ADMIN] 16:56:37.406509 シナリオ走行を開始しました [シナリオ名: ログイン]
[ADMIN] 16:56:37.432939 シナリオ走行を終了しました [シナリオ名: ログイン]
[ADMIN] 16:56:37.432949 シナリオ走行を開始しました [シナリオ名: ログイン]
[ADMIN] 16:56:37.446092 シナリオ走行を終了しました [シナリオ名: 新規ユーザー登録]
[ADMIN] 16:56:37.446113 シナリオ走行を開始しました [シナリオ名: 新規ユーザー登録]
[ADMIN] 16:56:37.488560 シナリオ走行を終了しました [シナリオ名: ログイン]
[ADMIN] 16:56:37.488570 シナリオ走行を開始しました [シナリオ名: ログイン]
[ADMIN] 16:56:37.501926 シナリオ走行を終了しました [シナリオ名: 新規ユーザー登録]
[ADMIN] 16:56:37.501950 シナリオ走行を開始しました [シナリオ名: 新規ユーザー登録]
[ADMIN] 16:56:37.523367 シナリオ走行を終了しました [シナリオ名: ログイン]
[ADMIN] 16:56:37.523378 シナリオ走行を開始しました [シナリオ名: ログイン]
[ADMIN] 16:56:37.553020 シナリオ走行を終了しました [シナリオ名: 新規ユーザー登録]
[ADMIN] 16:56:37.553045 シナリオ走行を開始しました [シナリオ名: 新規ユーザー登録]
[ADMIN] 16:56:37.576182 シナリオ走行を終了しました [シナリオ名: ログイン]
[ADMIN] 16:56:37.576194 シナリオ走行を開始しました [シナリオ名: ログイン]
[ADMIN] 16:56:37.611990 シナリオ走行を終了しました [シナリオ名: ログイン]
[ADMIN] 16:56:37.612004 シナリオ走行を開始しました [シナリオ名: ログイン]
[ADMIN] 16:56:37.619559 シナリオ走行を終了しました [シナリオ名: 新規ユーザー登録]
[ADMIN] 16:56:37.619580 シナリオ走行を開始しました [シナリオ名: 新規ユーザー登録]
[ADMIN] 16:56:37.655590 シナリオ走行を終了しました [シナリオ名: ログイン]
[ADMIN] 16:56:37.655603 シナリオ走行を開始しました [シナリオ名: ログイン]
[ADMIN] 16:56:37.670393 シナリオ走行を終了しました [シナリオ名: 新規ユーザー登録]
[ADMIN] 16:56:37.670409 シナリオ走行を開始しました [シナリオ名: 新規ユーザー登録]
[ADMIN] 16:56:37.699449 シナリオ走行を終了しました [シナリオ名: ログイン]
[ADMIN] 16:56:37.699460 シナリオ走行を開始しました [シナリオ名: ログイン]
[ADMIN] 16:56:37.712452 シナリオ走行を終了しました [シナリオ名: Banユーザログイン]
[ADMIN] 16:56:37.712465 シナリオ走行を開始しました [シナリオ名: Banユーザログイン]
[ADMIN] 16:56:37.720631 シナリオ走行を終了しました [シナリオ名: 新規ユーザー登録]
[ADMIN] 16:56:37.720645 シナリオ走行を開始しました [シナリオ名: 新規ユーザー登録]
[ADMIN] 16:56:37.742632 シナリオ走行を終了しました [シナリオ名: ログイン]
[ADMIN] 16:56:37.742643 シナリオ走行を開始しました [シナリオ名: ログイン]
[ADMIN] 16:56:37.778389 シナリオ走行を終了しました [シナリオ名: 新規ユーザー登録]
[ADMIN] 16:56:37.778406 シナリオ走行を開始しました [シナリオ名: 新規ユーザー登録]
[ADMIN] 16:56:37.785952 シナリオ走行を終了しました [シナリオ名: ログイン]
[ADMIN] 16:56:37.785962 シナリオ走行を開始しました [シナリオ名: ログイン]
[ADMIN] 16:56:37.834312 シナリオ走行を終了しました [シナリオ名: ログイン]
[ADMIN] 16:56:37.834330 シナリオ走行を開始しました [シナリオ名: ログイン]
[ADMIN] 16:56:37.835403 シナリオ走行を終了しました [シナリオ名: 新規ユーザー登録]
[ADMIN] 16:56:37.835424 シナリオ走行を開始しました [シナリオ名: 新規ユーザー登録]
[ADMIN] 16:56:37.871466 シナリオ走行を終了しました [シナリオ名: ログイン]
[ADMIN] 16:56:37.871479 シナリオ走行を開始しました [シナリオ名: ログイン]
[ADMIN] 16:56:37.890560 シナリオ走行を終了しました [シナリオ名: 新規ユーザー登録]
[ADMIN] 16:56:37.890583 シナリオ走行を開始しました [シナリオ名: 新規ユーザー登録]
[ADMIN] 16:56:37.913316 シナリオ走行を終了しました [シナリオ名: ログイン]
[ADMIN] 16:56:37.913332 シナリオ走行を開始しました [シナリオ名: ログイン]
[ADMIN] 16:56:37.946303 シナリオ走行を終了しました [シナリオ名: 新規ユーザー登録]
[ADMIN] 16:56:37.946329 シナリオ走行を開始しました [シナリオ名: 新規ユーザー登録]
[ADMIN] 16:56:37.963664 シナリオ走行を終了しました [シナリオ名: ログイン]
[ADMIN] 16:56:37.963675 シナリオ走行を開始しました [シナリオ名: ログイン]
[ADMIN] 16:56:38.000274 シナリオ走行を終了しました [シナリオ名: 新規ユーザー登録]
[ADMIN] 16:56:38.000301 シナリオ走行を開始しました [シナリオ名: 新規ユーザー登録]
[ADMIN] 16:56:38.016456 シナリオ走行を終了しました [シナリオ名: ログイン]
[ADMIN] 16:56:38.016470 シナリオ走行を開始しました [シナリオ名: ログイン]
[ADMIN] 16:56:38.059066 シナリオ走行を終了しました [シナリオ名: 新規ユーザー登録]
[ADMIN] 16:56:38.059095 シナリオ走行を開始しました [シナリオ名: 新規ユーザー登録]
[ADMIN] 16:56:38.066901 シナリオ走行を終了しました [シナリオ名: ログイン]
[ADMIN] 16:56:38.066914 シナリオ走行を開始しました [シナリオ名: ログイン]
[ADMIN] 16:56:38.112186 シナリオ走行を終了しました [シナリオ名: 新規ユーザー登録]
[ADMIN] 16:56:38.112207 シナリオ走行を開始しました [シナリオ名: 新規ユーザー登録]
[ADMIN] 16:56:38.113828 シナリオ走行を終了しました [シナリオ名: ログイン]
[ADMIN] 16:56:38.113838 シナリオ走行を開始しました [シナリオ名: ログイン]
[ADMIN] 16:56:38.149529 シナリオ走行を終了しました [シナリオ名: ログイン]
[ADMIN] 16:56:38.149540 シナリオ走行を開始しました [シナリオ名: ログイン]
[ADMIN] 16:56:38.164916 シナリオ走行を終了しました [シナリオ名: 新規ユーザー登録]
[ADMIN] 16:56:38.164937 シナリオ走行を開始しました [シナリオ名: 新規ユーザー登録]
[ADMIN] 16:56:38.191678 シナリオ走行を終了しました [シナリオ名: ログイン]
[ADMIN] 16:56:38.191691 シナリオ走行を開始しました [シナリオ名: ログイン]
[ADMIN] 16:56:38.212826 シナリオ走行を終了しました [シナリオ名: 新規ユーザー登録]
[ADMIN] 16:56:38.212852 シナリオ走行を開始しました [シナリオ名: 新規ユーザー登録]
[ADMIN] 16:56:38.215382 シナリオ走行を終了しました [シナリオ名: Banユーザログイン]
[ADMIN] 16:56:38.215399 シナリオ走行を開始しました [シナリオ名: Banユーザログイン]
[ADMIN] 16:56:38.220948 シナリオ走行を終了しました [シナリオ名: ログイン]
[ADMIN] 16:56:38.220958 シナリオ走行を開始しました [シナリオ名: ログイン]
[ADMIN] 16:56:38.257561 シナリオ走行を終了しました [シナリオ名: ログイン]
[ADMIN] 16:56:38.257573 シナリオ走行を開始しました [シナリオ名: ログイン]
[ADMIN] 16:56:38.265032 シナリオ走行を終了しました [シナリオ名: 新規ユーザー登録]
[ADMIN] 16:56:38.265051 シナリオ走行を開始しました [シナリオ名: 新規ユーザー登録]
[ADMIN] 16:56:38.285660 シナリオ走行を終了しました [シナリオ名: ログイン]
[ADMIN] 16:56:38.285673 シナリオ走行を開始しました [シナリオ名: ログイン]
[ADMIN] 16:56:38.313933 シナリオ走行を終了しました [シナリオ名: 新規ユーザー登録]
[ADMIN] 16:56:38.313956 シナリオ走行を開始しました [シナリオ名: 新規ユーザー登録]
[ADMIN] 16:56:38.326868 シナリオ走行を終了しました [シナリオ名: ログイン]
[ADMIN] 16:56:38.326880 シナリオ走行を開始しました [シナリオ名: ログイン]
[ADMIN] 16:56:38.362740 シナリオ走行を終了しました [シナリオ名: 新規ユーザー登録]
[ADMIN] 16:56:38.362766 シナリオ走行を開始しました [シナリオ名: 新規ユーザー登録]
[ADMIN] 16:56:38.370209 シナリオ走行を終了しました [シナリオ名: ログイン]
[ADMIN] 16:56:38.370219 シナリオ走行を開始しました [シナリオ名: ログイン]
[ADMIN] 16:56:38.411594 シナリオ走行を終了しました [シナリオ名: ログイン]
[ADMIN] 16:56:38.411605 シナリオ走行を開始しました [シナリオ名: ログイン]
[ADMIN] 16:56:38.411742 シナリオ走行を終了しました [シナリオ名: 新規ユーザー登録]
[ADMIN] 16:56:38.411763 シナリオ走行を開始しました [シナリオ名: 新規ユーザー登録]
[ADMIN] 16:56:38.439142 シナリオ走行を終了しました [シナリオ名: ログイン]
[ADMIN] 16:56:38.439151 シナリオ走行を開始しました [シナリオ名: ログイン]
[ADMIN] 16:56:38.460050 シナリオ走行を終了しました [シナリオ名: 新規ユーザー登録]
[ADMIN] 16:56:38.460072 シナリオ走行を開始しました [シナリオ名: 新規ユーザー登録]
[ADMIN] 16:56:38.480980 シナリオ走行を終了しました [シナリオ名: ログイン]
[ADMIN] 16:56:38.480989 シナリオ走行を開始しました [シナリオ名: ログイン]
[ADMIN] 16:56:38.509129 シナリオ走行を終了しました [シナリオ名: 新規ユーザー登録]
[ADMIN] 16:56:38.509145 シナリオ走行を開始しました [シナリオ名: 新規ユーザー登録]
[ADMIN] 16:56:38.516500 シナリオ走行を終了しました [シナリオ名: ログイン]
[ADMIN] 16:56:38.516511 シナリオ走行を開始しました [シナリオ名: ログイン]
[ADMIN] 16:56:38.546812 シナリオ走行を終了しました [シナリオ名: ログイン]
[ADMIN] 16:56:38.546824 シナリオ走行を開始しました [シナリオ名: ログイン]
[ADMIN] 16:56:38.557976 シナリオ走行を終了しました [シナリオ名: 新規ユーザー登録]
[ADMIN] 16:56:38.557998 シナリオ走行を開始しました [シナリオ名: 新規ユーザー登録]
[ADMIN] 16:56:38.588837 シナリオ走行を終了しました [シナリオ名: ログイン]
[ADMIN] 16:56:38.588850 シナリオ走行を開始しました [シナリオ名: ログイン]
[ADMIN] 16:56:38.605296 シナリオ走行を終了しました [シナリオ名: 新規ユーザー登録]
[ADMIN] 16:56:38.605314 シナリオ走行を開始しました [シナリオ名: 新規ユーザー登録]
[ADMIN] 16:56:38.629277 シナリオ走行を終了しました [シナリオ名: ログイン]
[ADMIN] 16:56:38.629290 シナリオ走行を開始しました [シナリオ名: ログイン]
[ADMIN] 16:56:38.655285 シナリオ走行を終了しました [シナリオ名: 新規ユーザー登録]
[ADMIN] 16:56:38.655305 シナリオ走行を開始しました [シナリオ名: 新規ユーザー登録]
[ADMIN] 16:56:38.663315 シナリオ走行を終了しました [シナリオ名: ログイン]
[ADMIN] 16:56:38.663329 シナリオ走行を開始しました [シナリオ名: ログイン]
[ADMIN] 16:56:38.703594 シナリオ走行を終了しました [シナリオ名: ログイン]
[ADMIN] 16:56:38.703608 シナリオ走行を開始しました [シナリオ名: ログイン]
[ADMIN] 16:56:38.703834 シナリオ走行を終了しました [シナリオ名: 新規ユーザー登録]
[ADMIN] 16:56:38.703856 シナリオ走行を開始しました [シナリオ名: 新規ユーザー登録]
[ADMIN] 16:56:38.717064 シナリオ走行を終了しました [シナリオ名: Banユーザログイン]
[ADMIN] 16:56:38.717078 シナリオ走行を開始しました [シナリオ名: Banユーザログイン]
[ADMIN] 16:56:38.739880 シナリオ走行を終了しました [シナリオ名: ログイン]
[ADMIN] 16:56:38.739894 シナリオ走行を開始しました [シナリオ名: ログイン]
[ADMIN] 16:56:38.762111 シナリオ走行を終了しました [シナリオ名: 新規ユーザー登録]
[ADMIN] 16:56:38.762137 シナリオ走行を開始しました [シナリオ名: 新規ユーザー登録]
[ADMIN] 16:56:38.786864 シナリオ走行を終了しました [シナリオ名: ログイン]
[ADMIN] 16:56:38.786876 シナリオ走行を開始しました [シナリオ名: ログイン]
[ADMIN] 16:56:38.815428 シナリオ走行を終了しました [シナリオ名: 新規ユーザー登録]
[ADMIN] 16:56:38.815446 シナリオ走行を開始しました [シナリオ名: 新規ユーザー登録]
[ADMIN] 16:56:38.839153 シナリオ走行を終了しました [シナリオ名: ログイン]
[ADMIN] 16:56:38.839165 シナリオ走行を開始しました [シナリオ名: ログイン]
[ADMIN] 16:56:38.869701 シナリオ走行を終了しました [シナリオ名: ログイン]
[ADMIN] 16:56:38.869713 シナリオ走行を開始しました [シナリオ名: ログイン]
[ADMIN] 16:56:38.872019 シナリオ走行を終了しました [シナリオ名: 新規ユーザー登録]
[ADMIN] 16:56:38.872037 シナリオ走行を開始しました [シナリオ名: 新規ユーザー登録]
[ADMIN] 16:56:38.900550 シナリオ走行を終了しました [シナリオ名: ログイン]
[ADMIN] 16:56:38.900565 シナリオ走行を開始しました [シナリオ名: ログイン]
[ADMIN] 16:56:38.927961 シナリオ走行を終了しました [シナリオ名: 新規ユーザー登録]
[ADMIN] 16:56:38.927982 シナリオ走行を開始しました [シナリオ名: 新規ユーザー登録]
[ADMIN] 16:56:38.943031 シナリオ走行を終了しました [シナリオ名: ログイン]
[ADMIN] 16:56:38.943041 シナリオ走行を開始しました [シナリオ名: ログイン]
[ADMIN] 16:56:38.975144 シナリオ走行を終了しました [シナリオ名: ログイン]
[ADMIN] 16:56:38.975155 シナリオ走行を開始しました [シナリオ名: ログイン]
[ADMIN] 16:56:38.984602 シナリオ走行を終了しました [シナリオ名: 新規ユーザー登録]
[ADMIN] 16:56:38.984623 シナリオ走行を開始しました [シナリオ名: 新規ユーザー登録]
[ADMIN] 16:56:39.021204 シナリオ走行を終了しました [シナリオ名: ログイン]
[ADMIN] 16:56:39.021217 シナリオ走行を開始しました [シナリオ名: ログイン]
[ADMIN] 16:56:39.039488 シナリオ走行を終了しました [シナリオ名: 新規ユーザー登録]
[ADMIN] 16:56:39.039511 シナリオ走行を開始しました [シナリオ名: 新規ユーザー登録]
[ADMIN] 16:56:39.058844 シナリオ走行を終了しました [シナリオ名: ログイン]
[ADMIN] 16:56:39.058855 シナリオ走行を開始しました [シナリオ名: ログイン]
[ADMIN] 16:56:39.093171 シナリオ走行を終了しました [シナリオ名: 新規ユーザー登録]
[ADMIN] 16:56:39.093192 シナリオ走行を開始しました [シナリオ名: 新規ユーザー登録]
[ADMIN] 16:56:39.108725 シナリオ走行を終了しました [シナリオ名: ログイン]
[ADMIN] 16:56:39.108736 シナリオ走行を開始しました [シナリオ名: ログイン]
[ADMIN] 16:56:39.143383 シナリオ走行を終了しました [シナリオ名: ログイン]
[ADMIN] 16:56:39.143397 シナリオ走行を開始しました [シナリオ名: ログイン]
[ADMIN] 16:56:39.144542 シナリオ走行を終了しました [シナリオ名: 新規ユーザー登録]
[ADMIN] 16:56:39.144564 シナリオ走行を開始しました [シナリオ名: 新規ユーザー登録]
[ADMIN] 16:56:39.178924 シナリオ走行を終了しました [シナリオ名: ログイン]
[ADMIN] 16:56:39.178942 シナリオ走行を開始しました [シナリオ名: ログイン]
[ADMIN] 16:56:39.196143 シナリオ走行を終了しました [シナリオ名: 新規ユーザー登録]
[ADMIN] 16:56:39.196163 シナリオ走行を開始しました [シナリオ名: 新規ユーザー登録]
[ADMIN] 16:56:39.212413 シナリオ走行を終了しました [シナリオ名: ログイン]
[ADMIN] 16:56:39.212422 シナリオ走行を開始しました [シナリオ名: ログイン]
[ADMIN] 16:56:39.221428 シナリオ走行を終了しました [シナリオ名: Banユーザログイン]
[ADMIN] 16:56:39.221444 シナリオ走行を開始しました [シナリオ名: Banユーザログイン]
[ADMIN] 16:56:39.240449 シナリオ走行を終了しました [シナリオ名: ログイン]
[ADMIN] 16:56:39.240457 シナリオ走行を開始しました [シナリオ名: ログイン]
[ADMIN] 16:56:39.246695 シナリオ走行を終了しました [シナリオ名: 新規ユーザー登録]
[ADMIN] 16:56:39.246715 シナリオ走行を開始しました [シナリオ名: 新規ユーザー登録]
[ADMIN] 16:56:39.278421 シナリオ走行を終了しました [シナリオ名: ログイン]
[ADMIN] 16:56:39.278431 シナリオ走行を開始しました [シナリオ名: ログイン]
[ADMIN] 16:56:39.298826 シナリオ走行を終了しました [シナリオ名: 新規ユーザー登録]
[ADMIN] 16:56:39.298843 シナリオ走行を開始しました [シナリオ名: 新規ユーザー登録]
[ADMIN] 16:56:39.318853 シナリオ走行を終了しました [シナリオ名: ログイン]
[ADMIN] 16:56:39.318866 シナリオ走行を開始しました [シナリオ名: ログイン]
[ADMIN] 16:56:39.349089 シナリオ走行を終了しました [シナリオ名: 新規ユーザー登録]
[ADMIN] 16:56:39.349109 シナリオ走行を開始しました [シナリオ名: 新規ユーザー登録]
[ADMIN] 16:56:39.363191 シナリオ走行を終了しました [シナリオ名: ログイン]
[ADMIN] 16:56:39.363200 シナリオ走行を開始しました [シナリオ名: ログイン]
[ADMIN] 16:56:39.390783 シナリオ走行を終了しました [シナリオ名: ログイン]
[ADMIN] 16:56:39.390794 シナリオ走行を開始しました [シナリオ名: ログイン]
[ADMIN] 16:56:39.400248 シナリオ走行を終了しました [シナリオ名: 新規ユーザー登録]
[ADMIN] 16:56:39.400263 シナリオ走行を開始しました [シナリオ名: 新規ユーザー登録]
[ADMIN] 16:56:39.434178 シナリオ走行を終了しました [シナリオ名: ログイン]
[ADMIN] 16:56:39.434189 シナリオ走行を開始しました [シナリオ名: ログイン]
[ADMIN] 16:56:39.450278 シナリオ走行を終了しました [シナリオ名: 新規ユーザー登録]
[ADMIN] 16:56:39.450297 シナリオ走行を開始しました [シナリオ名: 新規ユーザー登録]
[ADMIN] 16:56:39.467231 シナリオ走行を終了しました [シナリオ名: ログイン]
[ADMIN] 16:56:39.467247 シナリオ走行を開始しました [シナリオ名: ログイン]
[ADMIN] 16:56:39.500596 シナリオ走行を終了しました [シナリオ名: 新規ユーザー登録]
[ADMIN] 16:56:39.500619 シナリオ走行を開始しました [シナリオ名: 新規ユーザー登録]
[ADMIN] 16:56:39.518809 シナリオ走行を終了しました [シナリオ名: ログイン]
[ADMIN] 16:56:39.518824 シナリオ走行を開始しました [シナリオ名: ログイン]
[ADMIN] 16:56:39.552429 シナリオ走行を終了しました [シナリオ名: ログイン]
[ADMIN] 16:56:39.552441 シナリオ走行を開始しました [シナリオ名: ログイン]
[ADMIN] 16:56:39.560565 シナリオ走行を終了しました [シナリオ名: 新規ユーザー登録]
[ADMIN] 16:56:39.560585 シナリオ走行を開始しました [シナリオ名: 新規ユーザー登録]
[ADMIN] 16:56:39.580929 シナリオ走行を終了しました [シナリオ名: ログイン]
[ADMIN] 16:56:39.580940 シナリオ走行を開始しました [シナリオ名: ログイン]
[ADMIN] 16:56:39.610180 シナリオ走行を終了しました [シナリオ名: 新規ユーザー登録]
[ADMIN] 16:56:39.610201 シナリオ走行を開始しました [シナリオ名: 新規ユーザー登録]
[ADMIN] 16:56:39.626771 シナリオ走行を終了しました [シナリオ名: ログイン]
[ADMIN] 16:56:39.626782 シナリオ走行を開始しました [シナリオ名: ログイン]
[ADMIN] 16:56:39.655200 シナリオ走行を終了しました [シナリオ名: ログイン]
[ADMIN] 16:56:39.655213 シナリオ走行を開始しました [シナリオ名: ログイン]
[ADMIN] 16:56:39.659500 シナリオ走行を終了しました [シナリオ名: 新規ユーザー登録]
[ADMIN] 16:56:39.659528 シナリオ走行を開始しました [シナリオ名: 新規ユーザー登録]
16:56:39.668845 現在のログイン成功数: [total: 269 (+269人)]
16:56:39.668852 現在のユーザー登録成功数: [total: 188 (+188人)]
[ADMIN] 16:56:39.697723 シナリオ走行を終了しました [シナリオ名: ログイン]
[ADMIN] 16:56:39.697739 シナリオ走行を開始しました [シナリオ名: ログイン]
[ADMIN] 16:56:39.708937 シナリオ走行を終了しました [シナリオ名: 新規ユーザー登録]
[ADMIN] 16:56:39.708956 シナリオ走行を開始しました [シナリオ名: 新規ユーザー登録]
[ADMIN] 16:56:39.723998 シナリオ走行を終了しました [シナリオ名: Banユーザログイン]
[ADMIN] 16:56:39.724009 シナリオ走行を開始しました [シナリオ名: Banユーザログイン]
[ADMIN] 16:56:39.738045 シナリオ走行を終了しました [シナリオ名: ログイン]
[ADMIN] 16:56:39.738073 シナリオ走行を開始しました [シナリオ名: ログイン]
[ADMIN] 16:56:39.738126 シナリオ走行を開始しました [シナリオ名: ログイン]
[ADMIN] 16:56:39.738144 シナリオ走行を開始しました [シナリオ名: ログイン]
[ADMIN] 16:56:39.738148 シナリオ走行を開始しました [シナリオ名: ログイン]
[ADMIN] 16:56:39.738185 シナリオ走行を開始しました [シナリオ名: ログイン]
[ADMIN] 16:56:39.738250 シナリオ走行を開始しました [シナリオ名: ログイン]
[ADMIN] 16:56:39.738275 シナリオ走行を開始しました [シナリオ名: ログイン]
[ADMIN] 16:56:39.738284 シナリオ走行を開始しました [シナリオ名: ログイン]
[ADMIN] 16:56:39.738353 シナリオ走行を開始しました [シナリオ名: ログイン]
[ADMIN] 16:56:39.738356 シナリオ走行を開始しました [シナリオ名: ログイン]
[ADMIN] 16:56:39.738421 シナリオ走行を開始しました [シナリオ名: ログイン]
[ADMIN] 16:56:39.738464 シナリオ走行を開始しました [シナリオ名: ログイン]
[ADMIN] 16:56:39.738467 シナリオ走行を開始しました [シナリオ名: ログイン]
[ADMIN] 16:56:39.875440 シナリオ走行を終了しました [シナリオ名: ログイン]
[ADMIN] 16:56:39.875456 シナリオ走行を開始しました [シナリオ名: ログイン]
[ADMIN] 16:56:39.906406 シナリオ走行を終了しました [シナリオ名: 新規ユーザー登録]
[ADMIN] 16:56:39.906430 シナリオ走行を開始しました [シナリオ名: 新規ユーザー登録]
[ADMIN] 16:56:39.914737 シナリオ走行を終了しました [シナリオ名: ログイン]
[ADMIN] 16:56:39.914749 シナリオ走行を開始しました [シナリオ名: ログイン]
[ADMIN] 16:56:39.923540 シナリオ走行を終了しました [シナリオ名: ログイン]
[ADMIN] 16:56:39.923551 シナリオ走行を開始しました [シナリオ名: ログイン]
[ADMIN] 16:56:39.935313 シナリオ走行を終了しました [シナリオ名: ログイン]
[ADMIN] 16:56:39.935323 シナリオ走行を開始しました [シナリオ名: ログイン]
[ADMIN] 16:56:39.944969 シナリオ走行を終了しました [シナリオ名: ログイン]
[ADMIN] 16:56:39.944978 シナリオ走行を開始しました [シナリオ名: ログイン]
[ADMIN] 16:56:40.014964 シナリオ走行を終了しました [シナリオ名: ログイン]
[ADMIN] 16:56:40.014977 シナリオ走行を開始しました [シナリオ名: ログイン]
[ADMIN] 16:56:40.023204 シナリオ走行を終了しました [シナリオ名: ログイン]
[ADMIN] 16:56:40.023216 シナリオ走行を開始しました [シナリオ名: ログイン]
[ADMIN] 16:56:40.070668 シナリオ走行を終了しました [シナリオ名: ログイン]
[ADMIN] 16:56:40.070680 シナリオ走行を開始しました [シナリオ名: ログイン]
[ADMIN] 16:56:40.078521 シナリオ走行を終了しました [シナリオ名: ログイン]
[ADMIN] 16:56:40.078531 シナリオ走行を開始しました [シナリオ名: ログイン]
[ADMIN] 16:56:40.090331 シナリオ走行を終了しました [シナリオ名: ログイン]
[ADMIN] 16:56:40.090340 シナリオ走行を開始しました [シナリオ名: ログイン]
[ADMIN] 16:56:40.094634 シナリオ走行を終了しました [シナリオ名: ログイン]
[ADMIN] 16:56:40.094645 シナリオ走行を開始しました [シナリオ名: ログイン]
[ADMIN] 16:56:40.101885 シナリオ走行を終了しました [シナリオ名: ログイン]
[ADMIN] 16:56:40.101892 シナリオ走行を開始しました [シナリオ名: ログイン]
[ADMIN] 16:56:40.136481 シナリオ走行を終了しました [シナリオ名: ログイン]
[ADMIN] 16:56:40.136492 シナリオ走行を開始しました [シナリオ名: ログイン]
[ADMIN] 16:56:40.138718 シナリオ走行を終了しました [シナリオ名: ログイン]
[ADMIN] 16:56:40.138726 シナリオ走行を開始しました [シナリオ名: ログイン]
[ADMIN] 16:56:40.149208 シナリオ走行を終了しました [シナリオ名: ログイン]
[ADMIN] 16:56:40.149218 シナリオ走行を開始しました [シナリオ名: ログイン]
[ADMIN] 16:56:40.153981 シナリオ走行を終了しました [シナリオ名: ログイン]
[ADMIN] 16:56:40.153991 シナリオ走行を開始しました [シナリオ名: ログイン]
[ADMIN] 16:56:40.226704 シナリオ走行を終了しました [シナリオ名: Banユーザログイン]
[ADMIN] 16:56:40.226720 シナリオ走行を開始しました [シナリオ名: Banユーザログイン]
[ADMIN] 16:56:40.230111 シナリオ走行を終了しました [シナリオ名: ログイン]
[ADMIN] 16:56:40.230121 シナリオ走行を開始しました [シナリオ名: ログイン]
[ADMIN] 16:56:40.240451 シナリオ走行を終了しました [シナリオ名: ログイン]
[ADMIN] 16:56:40.240462 シナリオ走行を開始しました [シナリオ名: ログイン]
[ADMIN] 16:56:40.243276 シナリオ走行を終了しました [シナリオ名: ログイン]
[ADMIN] 16:56:40.243285 シナリオ走行を開始しました [シナリオ名: ログイン]
[ADMIN] 16:56:40.244794 シナリオ走行を終了しました [シナリオ名: ログイン]
[ADMIN] 16:56:40.244801 シナリオ走行を開始しました [シナリオ名: ログイン]
[ADMIN] 16:56:40.262289 シナリオ走行を終了しました [シナリオ名: 新規ユーザー登録]
[ADMIN] 16:56:40.262314 シナリオ走行を開始しました [シナリオ名: 新規ユーザー登録]
[ADMIN] 16:56:40.262343 シナリオ走行を開始しました [シナリオ名: 新規ユーザー登録]
[ADMIN] 16:56:40.262349 シナリオ走行を開始しました [シナリオ名: 新規ユーザー登録]
[ADMIN] 16:56:40.262450 シナリオ走行を開始しました [シナリオ名: 新規ユーザー登録]
[ADMIN] 16:56:40.262450 シナリオ走行を開始しました [シナリオ名: 新規ユーザー登録]
[ADMIN] 16:56:40.296254 シナリオ走行を終了しました [シナリオ名: ログイン]
[ADMIN] 16:56:40.296265 シナリオ走行を開始しました [シナリオ名: ログイン]
[ADMIN] 16:56:40.350335 シナリオ走行を終了しました [シナリオ名: ログイン]
[ADMIN] 16:56:40.350349 シナリオ走行を開始しました [シナリオ名: ログイン]
[ADMIN] 16:56:40.358438 シナリオ走行を終了しました [シナリオ名: ログイン]
[ADMIN] 16:56:40.358450 シナリオ走行を開始しました [シナリオ名: ログイン]
[ADMIN] 16:56:40.371713 シナリオ走行を終了しました [シナリオ名: ログイン]
[ADMIN] 16:56:40.371727 シナリオ走行を開始しました [シナリオ名: ログイン]
[ADMIN] 16:56:40.421901 シナリオ走行を終了しました [シナリオ名: ログイン]
[ADMIN] 16:56:40.421915 シナリオ走行を開始しました [シナリオ名: ログイン]
[ADMIN] 16:56:40.444869 シナリオ走行を終了しました [シナリオ名: ログイン]
[ADMIN] 16:56:40.444881 シナリオ走行を開始しました [シナリオ名: ログイン]
[ADMIN] 16:56:40.469042 シナリオ走行を終了しました [シナリオ名: ログイン]
[ADMIN] 16:56:40.469053 シナリオ走行を開始しました [シナリオ名: ログイン]
[ADMIN] 16:56:40.477585 シナリオ走行を終了しました [シナリオ名: ログイン]
[ADMIN] 16:56:40.477596 シナリオ走行を開始しました [シナリオ名: ログイン]
[ADMIN] 16:56:40.523740 シナリオ走行を終了しました [シナリオ名: ログイン]
[ADMIN] 16:56:40.523751 シナリオ走行を開始しました [シナリオ名: ログイン]
[ADMIN] 16:56:40.530270 シナリオ走行を終了しました [シナリオ名: ログイン]
[ADMIN] 16:56:40.530282 シナリオ走行を開始しました [シナリオ名: ログイン]
[ADMIN] 16:56:40.532517 シナリオ走行を終了しました [シナリオ名: 新規ユーザー登録]
[ADMIN] 16:56:40.532534 シナリオ走行を開始しました [シナリオ名: 新規ユーザー登録]
[ADMIN] 16:56:40.569770 シナリオ走行を終了しました [シナリオ名: ログイン]
[ADMIN] 16:56:40.569779 シナリオ走行を開始しました [シナリオ名: ログイン]
[ADMIN] 16:56:40.589356 シナリオ走行を終了しました [シナリオ名: ログイン]
[ADMIN] 16:56:40.589369 シナリオ走行を開始しました [シナリオ名: ログイン]
[ADMIN] 16:56:40.594081 シナリオ走行を終了しました [シナリオ名: ログイン]
[ADMIN] 16:56:40.594091 シナリオ走行を開始しました [シナリオ名: ログイン]
[ADMIN] 16:56:40.620771 シナリオ走行を終了しました [シナリオ名: 新規ユーザー登録]
[ADMIN] 16:56:40.620789 シナリオ走行を開始しました [シナリオ名: 新規ユーザー登録]
[ADMIN] 16:56:40.673953 シナリオ走行を終了しました [シナリオ名: 新規ユーザー登録]
[ADMIN] 16:56:40.673979 シナリオ走行を開始しました [シナリオ名: 新規ユーザー登録]
[ADMIN] 16:56:40.683090 シナリオ走行を終了しました [シナリオ名: ログイン]
[ADMIN] 16:56:40.683100 シナリオ走行を開始しました [シナリオ名: ログイン]
[ADMIN] 16:56:40.697554 シナリオ走行を終了しました [シナリオ名: ログイン]
[ADMIN] 16:56:40.697563 シナリオ走行を開始しました [シナリオ名: ログイン]
[ADMIN] 16:56:40.699629 シナリオ走行を終了しました [シナリオ名: ログイン]
[ADMIN] 16:56:40.699642 シナリオ走行を開始しました [シナリオ名: ログイン]
[ADMIN] 16:56:40.730038 シナリオ走行を終了しました [シナリオ名: Banユーザログイン]
[ADMIN] 16:56:40.730056 シナリオ走行を開始しました [シナリオ名: Banユーザログイン]
[ADMIN] 16:56:40.735980 シナリオ走行を終了しました [シナリオ名: 新規ユーザー登録]
[ADMIN] 16:56:40.735996 シナリオ走行を開始しました [シナリオ名: 新規ユーザー登録]
[ADMIN] 16:56:40.768144 シナリオ走行を終了しました [シナリオ名: ログイン]
[ADMIN] 16:56:40.768158 シナリオ走行を開始しました [シナリオ名: ログイン]
[ADMIN] 16:56:40.773089 シナリオ走行を終了しました [シナリオ名: 新規ユーザー登録]
[ADMIN] 16:56:40.773107 シナリオ走行を開始しました [シナリオ名: 新規ユーザー登録]
[ADMIN] 16:56:40.821307 シナリオ走行を終了しました [シナリオ名: ログイン]
[ADMIN] 16:56:40.821320 シナリオ走行を開始しました [シナリオ名: ログイン]
[ADMIN] 16:56:40.850655 シナリオ走行を終了しました [シナリオ名: ログイン]
[ADMIN] 16:56:40.850667 シナリオ走行を開始しました [シナリオ名: ログイン]
[ADMIN] 16:56:40.864261 シナリオ走行を終了しました [シナリオ名: ログイン]
[ADMIN] 16:56:40.864273 シナリオ走行を開始しました [シナリオ名: ログイン]
[ADMIN] 16:56:40.880457 シナリオ走行を終了しました [シナリオ名: ログイン]
[ADMIN] 16:56:40.880468 シナリオ走行を開始しました [シナリオ名: ログイン]
[ADMIN] 16:56:40.903376 シナリオ走行を終了しました [シナリオ名: ログイン]
[ADMIN] 16:56:40.903391 シナリオ走行を開始しました [シナリオ名: ログイン]
[ADMIN] 16:56:40.912518 シナリオ走行を終了しました [シナリオ名: ログイン]
[ADMIN] 16:56:40.912528 シナリオ走行を開始しました [シナリオ名: ログイン]
[ADMIN] 16:56:40.924922 シナリオ走行を終了しました [シナリオ名: ログイン]
[ADMIN] 16:56:40.924932 シナリオ走行を開始しました [シナリオ名: ログイン]
[ADMIN] 16:56:40.935346 シナリオ走行を終了しました [シナリオ名: ログイン]
[ADMIN] 16:56:40.935357 シナリオ走行を開始しました [シナリオ名: ログイン]
[ADMIN] 16:56:40.960068 シナリオ走行を終了しました [シナリオ名: ログイン]
[ADMIN] 16:56:40.960079 シナリオ走行を開始しました [シナリオ名: ログイン]
[ADMIN] 16:56:41.014491 シナリオ走行を終了しました [シナリオ名: ログイン]
[ADMIN] 16:56:41.014502 シナリオ走行を開始しました [シナリオ名: ログイン]
[ADMIN] 16:56:41.038922 シナリオ走行を終了しました [シナリオ名: 新規ユーザー登録]
[ADMIN] 16:56:41.038944 シナリオ走行を開始しました [シナリオ名: 新規ユーザー登録]
[ADMIN] 16:56:41.064176 シナリオ走行を終了しました [シナリオ名: 新規ユーザー登録]
[ADMIN] 16:56:41.064196 シナリオ走行を開始しました [シナリオ名: 新規ユーザー登録]
[ADMIN] 16:56:41.066291 シナリオ走行を終了しました [シナリオ名: ログイン]
[ADMIN] 16:56:41.066301 シナリオ走行を開始しました [シナリオ名: ログイン]
[ADMIN] 16:56:41.089508 シナリオ走行を終了しました [シナリオ名: ログイン]
[ADMIN] 16:56:41.089518 シナリオ走行を開始しました [シナリオ名: ログイン]
[ADMIN] 16:56:41.094629 シナリオ走行を終了しました [シナリオ名: ログイン]
[ADMIN] 16:56:41.094640 シナリオ走行を開始しました [シナリオ名: ログイン]
[ADMIN] 16:56:41.125737 シナリオ走行を終了しました [シナリオ名: 新規ユーザー登録]
[ADMIN] 16:56:41.125753 シナリオ走行を開始しました [シナリオ名: 新規ユーザー登録]
[ADMIN] 16:56:41.131981 シナリオ走行を終了しました [シナリオ名: ログイン]
[ADMIN] 16:56:41.131992 シナリオ走行を開始しました [シナリオ名: ログイン]
[ADMIN] 16:56:41.182537 シナリオ走行を終了しました [シナリオ名: ログイン]
[ADMIN] 16:56:41.182548 シナリオ走行を開始しました [シナリオ名: ログイン]
[ADMIN] 16:56:41.214676 シナリオ走行を終了しました [シナリオ名: 新規ユーザー登録]
[ADMIN] 16:56:41.214696 シナリオ走行を開始しました [シナリオ名: 新規ユーザー登録]
[ADMIN] 16:56:41.231186 シナリオ走行を終了しました [シナリオ名: ログイン]
[ADMIN] 16:56:41.231195 シナリオ走行を開始しました [シナリオ名: ログイン]
[ADMIN] 16:56:41.233622 シナリオ走行を終了しました [シナリオ名: Banユーザログイン]
[ADMIN] 16:56:41.233640 シナリオ走行を開始しました [シナリオ名: Banユーザログイン]
[ADMIN] 16:56:41.233644 シナリオ走行を開始しました [シナリオ名: Banユーザログイン]
[ADMIN] 16:56:41.234981 シナリオ走行を終了しました [シナリオ名: ログイン]
[ADMIN] 16:56:41.234990 シナリオ走行を開始しました [シナリオ名: ログイン]
[ADMIN] 16:56:41.263158 シナリオ走行を終了しました [シナリオ名: ログイン]
[ADMIN] 16:56:41.263166 シナリオ走行を開始しました [シナリオ名: ログイン]
[ADMIN] 16:56:41.290960 シナリオ走行を終了しました [シナリオ名: ログイン]
[ADMIN] 16:56:41.290971 シナリオ走行を開始しました [シナリオ名: ログイン]
[ADMIN] 16:56:41.301364 シナリオ走行を終了しました [シナリオ名: 新規ユーザー登録]
[ADMIN] 16:56:41.301379 シナリオ走行を開始しました [シナリオ名: 新規ユーザー登録]
[ADMIN] 16:56:41.325070 シナリオ走行を終了しました [シナリオ名: ログイン]
[ADMIN] 16:56:41.325080 シナリオ走行を開始しました [シナリオ名: ログイン]
[ADMIN] 16:56:41.338799 シナリオ走行を終了しました [シナリオ名: ログイン]
[ADMIN] 16:56:41.338807 シナリオ走行を開始しました [シナリオ名: ログイン]
[ADMIN] 16:56:41.344507 シナリオ走行を終了しました [シナリオ名: ログイン]
[ADMIN] 16:56:41.344515 シナリオ走行を開始しました [シナリオ名: ログイン]
[ADMIN] 16:56:41.349863 シナリオ走行を終了しました [シナリオ名: ログイン]
[ADMIN] 16:56:41.349872 シナリオ走行を開始しました [シナリオ名: ログイン]
[ADMIN] 16:56:41.359092 シナリオ走行を終了しました [シナリオ名: ログイン]
[ADMIN] 16:56:41.359101 シナリオ走行を開始しました [シナリオ名: ログイン]
[ADMIN] 16:56:41.380654 シナリオ走行を終了しました [シナリオ名: ログイン]
[ADMIN] 16:56:41.380663 シナリオ走行を開始しました [シナリオ名: ログイン]
[ADMIN] 16:56:41.425653 シナリオ走行を終了しました [シナリオ名: 新規ユーザー登録]
[ADMIN] 16:56:41.425677 シナリオ走行を開始しました [シナリオ名: 新規ユーザー登録]
[ADMIN] 16:56:41.476551 シナリオ走行を終了しました [シナリオ名: ログイン]
[ADMIN] 16:56:41.476566 シナリオ走行を開始しました [シナリオ名: ログイン]
[ADMIN] 16:56:41.479497 シナリオ走行を終了しました [シナリオ名: ログイン]
[ADMIN] 16:56:41.479509 シナリオ走行を開始しました [シナリオ名: ログイン]
[ADMIN] 16:56:41.488213 シナリオ走行を終了しました [シナリオ名: ログイン]
[ADMIN] 16:56:41.488224 シナリオ走行を開始しました [シナリオ名: ログイン]
[ADMIN] 16:56:41.498326 シナリオ走行を終了しました [シナリオ名: ログイン]
[ADMIN] 16:56:41.498337 シナリオ走行を開始しました [シナリオ名: ログイン]
[ADMIN] 16:56:41.503649 シナリオ走行を終了しました [シナリオ名: 新規ユーザー登録]
[ADMIN] 16:56:41.503669 シナリオ走行を開始しました [シナリオ名: 新規ユーザー登録]
[ADMIN] 16:56:41.507725 シナリオ走行を終了しました [シナリオ名: ログイン]
[ADMIN] 16:56:41.507739 シナリオ走行を開始しました [シナリオ名: ログイン]
[ADMIN] 16:56:41.539366 シナリオ走行を終了しました [シナリオ名: ログイン]
[ADMIN] 16:56:41.539380 シナリオ走行を開始しました [シナリオ名: ログイン]
[ADMIN] 16:56:41.570860 シナリオ走行を終了しました [シナリオ名: ログイン]
[ADMIN] 16:56:41.570873 シナリオ走行を開始しました [シナリオ名: ログイン]
[ADMIN] 16:56:41.574485 シナリオ走行を終了しました [シナリオ名: ログイン]
[ADMIN] 16:56:41.574493 シナリオ走行を開始しました [シナリオ名: ログイン]
[ADMIN] 16:56:41.588859 シナリオ走行を終了しました [シナリオ名: 新規ユーザー登録]
[ADMIN] 16:56:41.588892 シナリオ走行を開始しました [シナリオ名: 新規ユーザー登録]
[ADMIN] 16:56:41.593132 シナリオ走行を終了しました [シナリオ名: ログイン]
[ADMIN] 16:56:41.593143 シナリオ走行を開始しました [シナリオ名: ログイン]
[ADMIN] 16:56:41.599746 シナリオ走行を終了しました [シナリオ名: ログイン]
[ADMIN] 16:56:41.599755 シナリオ走行を開始しました [シナリオ名: ログイン]
[ADMIN] 16:56:41.603881 シナリオ走行を終了しました [シナリオ名: 新規ユーザー登録]
[ADMIN] 16:56:41.603896 シナリオ走行を開始しました [シナリオ名: 新規ユーザー登録]
[ADMIN] 16:56:41.618832 シナリオ走行を終了しました [シナリオ名: ログイン]
[ADMIN] 16:56:41.618842 シナリオ走行を開始しました [シナリオ名: ログイン]
[ADMIN] 16:56:41.684222 シナリオ走行を終了しました [シナリオ名: ログイン]
[ADMIN] 16:56:41.684234 シナリオ走行を開始しました [シナリオ名: ログイン]
[ADMIN] 16:56:41.694780 シナリオ走行を終了しました [シナリオ名: ログイン]
[ADMIN] 16:56:41.694791 シナリオ走行を開始しました [シナリオ名: ログイン]
[ADMIN] 16:56:41.736474 シナリオ走行を終了しました [シナリオ名: Banユーザログイン]
[ADMIN] 16:56:41.736499 シナリオ走行を開始しました [シナリオ名: Banユーザログイン]
[ADMIN] 16:56:41.737399 シナリオ走行を終了しました [シナリオ名: Banユーザログイン]
[ADMIN] 16:56:41.737415 シナリオ走行を開始しました [シナリオ名: Banユーザログイン]
[ADMIN] 16:56:41.746754 シナリオ走行を終了しました [シナリオ名: 新規ユーザー登録]
[ADMIN] 16:56:41.746774 シナリオ走行を開始しました [シナリオ名: 新規ユーザー登録]
[ADMIN] 16:56:41.762674 シナリオ走行を終了しました [シナリオ名: ログイン]
[ADMIN] 16:56:41.762684 シナリオ走行を開始しました [シナリオ名: ログイン]
[ADMIN] 16:56:41.782930 シナリオ走行を終了しました [シナリオ名: ログイン]
[ADMIN] 16:56:41.782945 シナリオ走行を開始しました [シナリオ名: ログイン]
[ADMIN] 16:56:41.801094 シナリオ走行を終了しました [シナリオ名: ログイン]
[ADMIN] 16:56:41.801105 シナリオ走行を開始しました [シナリオ名: ログイン]
[ADMIN] 16:56:41.819466 シナリオ走行を終了しました [シナリオ名: ログイン]
[ADMIN] 16:56:41.819477 シナリオ走行を開始しました [シナリオ名: ログイン]
[ADMIN] 16:56:41.830045 シナリオ走行を終了しました [シナリオ名: 新規ユーザー登録]
[ADMIN] 16:56:41.830068 シナリオ走行を開始しました [シナリオ名: 新規ユーザー登録]
[ADMIN] 16:56:41.833016 シナリオ走行を終了しました [シナリオ名: ログイン]
[ADMIN] 16:56:41.833027 シナリオ走行を開始しました [シナリオ名: ログイン]
[ADMIN] 16:56:41.843346 シナリオ走行を終了しました [シナリオ名: ログイン]
[ADMIN] 16:56:41.843356 シナリオ走行を開始しました [シナリオ名: ログイン]
[ADMIN] 16:56:41.843422 シナリオ走行を終了しました [シナリオ名: ログイン]
[ADMIN] 16:56:41.843432 シナリオ走行を開始しました [シナリオ名: ログイン]
[ADMIN] 16:56:41.869923 シナリオ走行を終了しました [シナリオ名: ログイン]
[ADMIN] 16:56:41.869933 シナリオ走行を開始しました [シナリオ名: ログイン]
[ADMIN] 16:56:41.915451 シナリオ走行を終了しました [シナリオ名: ログイン]
[ADMIN] 16:56:41.915463 シナリオ走行を開始しました [シナリオ名: ログイン]
[ADMIN] 16:56:41.937047 シナリオ走行を終了しました [シナリオ名: ログイン]
[ADMIN] 16:56:41.937056 シナリオ走行を開始しました [シナリオ名: ログイン]
[ADMIN] 16:56:41.957871 シナリオ走行を終了しました [シナリオ名: 新規ユーザー登録]
[ADMIN] 16:56:41.957893 シナリオ走行を開始しました [シナリオ名: 新規ユーザー登録]
[ADMIN] 16:56:41.995138 シナリオ走行を終了しました [シナリオ名: 新規ユーザー登録]
[ADMIN] 16:56:41.995156 シナリオ走行を開始しました [シナリオ名: 新規ユーザー登録]
[ADMIN] 16:56:42.039511 シナリオ走行を終了しました [シナリオ名: ログイン]
[ADMIN] 16:56:42.039523 シナリオ走行を開始しました [シナリオ名: ログイン]
[ADMIN] 16:56:42.062032 シナリオ走行を終了しました [シナリオ名: ログイン]
[ADMIN] 16:56:42.062044 シナリオ走行を開始しました [シナリオ名: ログイン]
[ADMIN] 16:56:42.064702 シナリオ走行を終了しました [シナリオ名: ログイン]
[ADMIN] 16:56:42.064715 シナリオ走行を開始しました [シナリオ名: ログイン]
[ADMIN] 16:56:42.087146 シナリオ走行を終了しました [シナリオ名: ログイン]
[ADMIN] 16:56:42.087157 シナリオ走行を開始しました [シナリオ名: ログイン]
[ADMIN] 16:56:42.090137 シナリオ走行を終了しました [シナリオ名: ログイン]
[ADMIN] 16:56:42.090146 シナリオ走行を開始しました [シナリオ名: ログイン]
[ADMIN] 16:56:42.109599 シナリオ走行を終了しました [シナリオ名: ログイン]
[ADMIN] 16:56:42.109608 シナリオ走行を開始しました [シナリオ名: ログイン]
[ADMIN] 16:56:42.135154 シナリオ走行を終了しました [シナリオ名: ログイン]
[ADMIN] 16:56:42.135168 シナリオ走行を開始しました [シナリオ名: ログイン]
[ADMIN] 16:56:42.138206 シナリオ走行を終了しました [シナリオ名: ログイン]
[ADMIN] 16:56:42.138220 シナリオ走行を開始しました [シナリオ名: ログイン]
[ADMIN] 16:56:42.172586 シナリオ走行を終了しました [シナリオ名: ログイン]
[ADMIN] 16:56:42.172598 シナリオ走行を開始しました [シナリオ名: ログイン]
[ADMIN] 16:56:42.175536 シナリオ走行を終了しました [シナリオ名: ログイン]
[ADMIN] 16:56:42.175551 シナリオ走行を開始しました [シナリオ名: ログイン]
[ADMIN] 16:56:42.177418 シナリオ走行を終了しました [シナリオ名: 新規ユーザー登録]
[ADMIN] 16:56:42.177440 シナリオ走行を開始しました [シナリオ名: 新規ユーザー登録]
[ADMIN] 16:56:42.233882 シナリオ走行を終了しました [シナリオ名: ログイン]
[ADMIN] 16:56:42.233894 シナリオ走行を開始しました [シナリオ名: ログイン]
[ADMIN] 16:56:42.243033 シナリオ走行を終了しました [シナリオ名: Banユーザログイン]
[ADMIN] 16:56:42.243050 シナリオ走行を開始しました [シナリオ名: Banユーザログイン]
[ADMIN] 16:56:42.250540 シナリオ走行を終了しました [シナリオ名: Banユーザログイン]
[ADMIN] 16:56:42.250555 シナリオ走行を開始しました [シナリオ名: Banユーザログイン]
[ADMIN] 16:56:42.264915 シナリオ走行を終了しました [シナリオ名: 新規ユーザー登録]
[ADMIN] 16:56:42.264934 シナリオ走行を開始しました [シナリオ名: 新規ユーザー登録]
[ADMIN] 16:56:42.286712 シナリオ走行を終了しました [シナリオ名: ログイン]
[ADMIN] 16:56:42.286723 シナリオ走行を開始しました [シナリオ名: ログイン]
[ADMIN] 16:56:42.308744 シナリオ走行を終了しました [シナリオ名: ログイン]
[ADMIN] 16:56:42.308755 シナリオ走行を開始しました [シナリオ名: ログイン]
[ADMIN] 16:56:42.328308 シナリオ走行を終了しました [シナリオ名: ログイン]
[ADMIN] 16:56:42.328323 シナリオ走行を開始しました [シナリオ名: ログイン]
[ADMIN] 16:56:42.335292 シナリオ走行を終了しました [シナリオ名: ログイン]
[ADMIN] 16:56:42.335302 シナリオ走行を開始しました [シナリオ名: ログイン]
[ADMIN] 16:56:42.337819 シナリオ走行を終了しました [シナリオ名: ログイン]
[ADMIN] 16:56:42.337829 シナリオ走行を開始しました [シナリオ名: ログイン]
[ADMIN] 16:56:42.366381 シナリオ走行を終了しました [シナリオ名: 新規ユーザー登録]
[ADMIN] 16:56:42.366409 シナリオ走行を開始しました [シナリオ名: 新規ユーザー登録]
[ADMIN] 16:56:42.379127 シナリオ走行を終了しました [シナリオ名: ログイン]
[ADMIN] 16:56:42.379142 シナリオ走行を開始しました [シナリオ名: ログイン]
[ADMIN] 16:56:42.407920 シナリオ走行を終了しました [シナリオ名: 新規ユーザー登録]
[ADMIN] 16:56:42.407942 シナリオ走行を開始しました [シナリオ名: 新規ユーザー登録]
[ADMIN] 16:56:42.414782 シナリオ走行を終了しました [シナリオ名: ログイン]
[ADMIN] 16:56:42.414793 シナリオ走行を開始しました [シナリオ名: ログイン]
[ADMIN] 16:56:42.419474 シナリオ走行を終了しました [シナリオ名: ログイン]
[ADMIN] 16:56:42.419485 シナリオ走行を開始しました [シナリオ名: ログイン]
[ADMIN] 16:56:42.437853 シナリオ走行を終了しました [シナリオ名: ログイン]
[ADMIN] 16:56:42.437865 シナリオ走行を開始しました [シナリオ名: ログイン]
[ADMIN] 16:56:42.452723 シナリオ走行を終了しました [シナリオ名: ログイン]
[ADMIN] 16:56:42.452739 シナリオ走行を開始しました [シナリオ名: ログイン]
[ADMIN] 16:56:42.514397 シナリオ走行を終了しました [シナリオ名: ログイン]
[ADMIN] 16:56:42.514410 シナリオ走行を開始しました [シナリオ名: ログイン]
[ADMIN] 16:56:42.546511 シナリオ走行を終了しました [シナリオ名: 新規ユーザー登録]
[ADMIN] 16:56:42.546540 シナリオ走行を開始しました [シナリオ名: 新規ユーザー登録]
[ADMIN] 16:56:42.581615 シナリオ走行を終了しました [シナリオ名: ログイン]
[ADMIN] 16:56:42.581630 シナリオ走行を開始しました [シナリオ名: ログイン]
[ADMIN] 16:56:42.582349 シナリオ走行を終了しました [シナリオ名: ログイン]
[ADMIN] 16:56:42.582358 シナリオ走行を開始しました [シナリオ名: ログイン]
[ADMIN] 16:56:42.590828 シナリオ走行を終了しました [シナリオ名: ログイン]
[ADMIN] 16:56:42.590837 シナリオ走行を開始しました [シナリオ名: ログイン]
[ADMIN] 16:56:42.606712 シナリオ走行を終了しました [シナリオ名: ログイン]
[ADMIN] 16:56:42.606721 シナリオ走行を開始しました [シナリオ名: ログイン]
[ADMIN] 16:56:42.612592 シナリオ走行を終了しました [シナリオ名: 新規ユーザー登録]
[ADMIN] 16:56:42.612609 シナリオ走行を開始しました [シナリオ名: 新規ユーザー登録]
[ADMIN] 16:56:42.613734 シナリオ走行を終了しました [シナリオ名: ログイン]
[ADMIN] 16:56:42.613743 シナリオ走行を開始しました [シナリオ名: ログイン]
[ADMIN] 16:56:42.616734 シナリオ走行を終了しました [シナリオ名: ログイン]
[ADMIN] 16:56:42.616744 シナリオ走行を開始しました [シナリオ名: ログイン]
[ADMIN] 16:56:42.622176 シナリオ走行を終了しました [シナリオ名: ログイン]
[ADMIN] 16:56:42.622187 シナリオ走行を開始しました [シナリオ名: ログイン]
[ADMIN] 16:56:42.630090 シナリオ走行を終了しました [シナリオ名: ログイン]
[ADMIN] 16:56:42.630099 シナリオ走行を開始しました [シナリオ名: ログイン]
[ADMIN] 16:56:42.669287 シナリオ走行を終了しました [シナリオ名: 新規ユーザー登録]
[ADMIN] 16:56:42.669310 シナリオ走行を開始しました [シナリオ名: 新規ユーザー登録]
[ADMIN] 16:56:42.717771 シナリオ走行を終了しました [シナリオ名: 新規ユーザー登録]
[ADMIN] 16:56:42.717791 シナリオ走行を開始しました [シナリオ名: 新規ユーザー登録]
[ADMIN] 16:56:42.745621 シナリオ走行を終了しました [シナリオ名: Banユーザログイン]
[ADMIN] 16:56:42.745634 シナリオ走行を開始しました [シナリオ名: Banユーザログイン]
[ADMIN] 16:56:42.750636 シナリオ走行を終了しました [シナリオ名: ログイン]
[ADMIN] 16:56:42.750647 シナリオ走行を開始しました [シナリオ名: ログイン]
[ADMIN] 16:56:42.752120 シナリオ走行を終了しました [シナリオ名: Banユーザログイン]
[ADMIN] 16:56:42.752138 シナリオ走行を開始しました [シナリオ名: Banユーザログイン]
[ADMIN] 16:56:42.756592 シナリオ走行を終了しました [シナリオ名: ログイン]
[ADMIN] 16:56:42.756600 シナリオ走行を開始しました [シナリオ名: ログイン]
[ADMIN] 16:56:42.791667 シナリオ走行を終了しました [シナリオ名: ログイン]
[ADMIN] 16:56:42.791680 シナリオ走行を開始しました [シナリオ名: ログイン]
[ADMIN] 16:56:42.794343 シナリオ走行を終了しました [シナリオ名: ログイン]
[ADMIN] 16:56:42.794353 シナリオ走行を開始しました [シナリオ名: ログイン]
[ADMIN] 16:56:42.844448 シナリオ走行を終了しました [シナリオ名: ログイン]
[ADMIN] 16:56:42.844462 シナリオ走行を開始しました [シナリオ名: ログイン]
[ADMIN] 16:56:42.859794 シナリオ走行を終了しました [シナリオ名: 新規ユーザー登録]
[ADMIN] 16:56:42.859821 シナリオ走行を開始しました [シナリオ名: 新規ユーザー登録]
[ADMIN] 16:56:42.877315 シナリオ走行を終了しました [シナリオ名: ログイン]
[ADMIN] 16:56:42.877327 シナリオ走行を開始しました [シナリオ名: ログイン]
[ADMIN] 16:56:42.938898 シナリオ走行を終了しました [シナリオ名: ログイン]
[ADMIN] 16:56:42.938910 シナリオ走行を開始しました [シナリオ名: ログイン]
[ADMIN] 16:56:42.964255 シナリオ走行を終了しました [シナリオ名: ログイン]
[ADMIN] 16:56:42.964269 シナリオ走行を開始しました [シナリオ名: ログイン]
[ADMIN] 16:56:42.973700 シナリオ走行を終了しました [シナリオ名: ログイン]
[ADMIN] 16:56:42.973711 シナリオ走行を開始しました [シナリオ名: ログイン]
[ADMIN] 16:56:42.982073 シナリオ走行を終了しました [シナリオ名: ログイン]
[ADMIN] 16:56:42.982081 シナリオ走行を開始しました [シナリオ名: ログイン]
[ADMIN] 16:56:43.001915 シナリオ走行を終了しました [シナリオ名: ログイン]
[ADMIN] 16:56:43.001924 シナリオ走行を開始しました [シナリオ名: ログイン]
[ADMIN] 16:56:43.019003 シナリオ走行を終了しました [シナリオ名: ログイン]
[ADMIN] 16:56:43.019015 シナリオ走行を開始しました [シナリオ名: ログイン]
[ADMIN] 16:56:43.056382 シナリオ走行を終了しました [シナリオ名: 新規ユーザー登録]
[ADMIN] 16:56:43.056407 シナリオ走行を開始しました [シナリオ名: 新規ユーザー登録]
[ADMIN] 16:56:43.071210 シナリオ走行を終了しました [シナリオ名: ログイン]
[ADMIN] 16:56:43.071223 シナリオ走行を開始しました [シナリオ名: ログイン]
[ADMIN] 16:56:43.107096 シナリオ走行を終了しました [シナリオ名: ログイン]
[ADMIN] 16:56:43.107110 シナリオ走行を開始しました [シナリオ名: ログイン]
[ADMIN] 16:56:43.120618 シナリオ走行を終了しました [シナリオ名: 新規ユーザー登録]
[ADMIN] 16:56:43.120637 シナリオ走行を開始しました [シナリオ名: 新規ユーザー登録]
[ADMIN] 16:56:43.139833 シナリオ走行を終了しました [シナリオ名: ログイン]
[ADMIN] 16:56:43.139844 シナリオ走行を開始しました [シナリオ名: ログイン]
[ADMIN] 16:56:43.143907 シナリオ走行を終了しました [シナリオ名: ログイン]
[ADMIN] 16:56:43.143917 シナリオ走行を開始しました [シナリオ名: ログイン]
[ADMIN] 16:56:43.152992 シナリオ走行を終了しました [シナリオ名: ログイン]
[ADMIN] 16:56:43.153002 シナリオ走行を開始しました [シナリオ名: ログイン]
[ADMIN] 16:56:43.174165 シナリオ走行を終了しました [シナリオ名: 新規ユーザー登録]
[ADMIN] 16:56:43.174190 シナリオ走行を開始しました [シナリオ名: 新規ユーザー登録]
[ADMIN] 16:56:43.178915 シナリオ走行を終了しました [シナリオ名: ログイン]
[ADMIN] 16:56:43.178926 シナリオ走行を開始しました [シナリオ名: ログイン]
[ADMIN] 16:56:43.192550 シナリオ走行を終了しました [シナリオ名: 新規ユーザー登録]
[ADMIN] 16:56:43.192573 シナリオ走行を開始しました [シナリオ名: 新規ユーザー登録]
[ADMIN] 16:56:43.201516 シナリオ走行を終了しました [シナリオ名: 新規ユーザー登録]
[ADMIN] 16:56:43.201531 シナリオ走行を開始しました [シナリオ名: 新規ユーザー登録]
[ADMIN] 16:56:43.214039 シナリオ走行を終了しました [シナリオ名: ログイン]
[ADMIN] 16:56:43.214049 シナリオ走行を開始しました [シナリオ名: ログイン]
[ADMIN] 16:56:43.230475 シナリオ走行を終了しました [シナリオ名: ログイン]
[ADMIN] 16:56:43.230558 シナリオ走行を開始しました [シナリオ名: ログイン]
[ADMIN] 16:56:43.237364 シナリオ走行を終了しました [シナリオ名: ログイン]
[ADMIN] 16:56:43.237382 シナリオ走行を開始しました [シナリオ名: ログイン]
[ADMIN] 16:56:43.249988 シナリオ走行を終了しました [シナリオ名: Banユーザログイン]
[ADMIN] 16:56:43.250005 シナリオ走行を開始しました [シナリオ名: Banユーザログイン]
[ADMIN] 16:56:43.254125 シナリオ走行を終了しました [シナリオ名: Banユーザログイン]
[ADMIN] 16:56:43.254138 シナリオ走行を開始しました [シナリオ名: Banユーザログイン]
[ADMIN] 16:56:43.271838 シナリオ走行を終了しました [シナリオ名: ログイン]
[ADMIN] 16:56:43.271849 シナリオ走行を開始しました [シナリオ名: ログイン]
[ADMIN] 16:56:43.296000 シナリオ走行を終了しました [シナリオ名: ログイン]
[ADMIN] 16:56:43.296011 シナリオ走行を開始しました [シナリオ名: ログイン]
[ADMIN] 16:56:43.321690 シナリオ走行を終了しました [シナリオ名: ログイン]
[ADMIN] 16:56:43.321703 シナリオ走行を開始しました [シナリオ名: ログイン]
[ADMIN] 16:56:43.422784 シナリオ走行を終了しました [シナリオ名: ログイン]
[ADMIN] 16:56:43.422800 シナリオ走行を開始しました [シナリオ名: ログイン]
[ADMIN] 16:56:43.423358 シナリオ走行を終了しました [シナリオ名: ログイン]
[ADMIN] 16:56:43.423366 シナリオ走行を開始しました [シナリオ名: ログイン]
[ADMIN] 16:56:43.429838 シナリオ走行を終了しました [シナリオ名: ログイン]
[ADMIN] 16:56:43.429851 シナリオ走行を開始しました [シナリオ名: ログイン]
[ADMIN] 16:56:43.433761 シナリオ走行を終了しました [シナリオ名: ログイン]
[ADMIN] 16:56:43.433770 シナリオ走行を開始しました [シナリオ名: ログイン]
[ADMIN] 16:56:43.492151 シナリオ走行を終了しました [シナリオ名: 新規ユーザー登録]
[ADMIN] 16:56:43.492175 シナリオ走行を開始しました [シナリオ名: 新規ユーザー登録]
[ADMIN] 16:56:43.500038 シナリオ走行を終了しました [シナリオ名: ログイン]
[ADMIN] 16:56:43.500049 シナリオ走行を開始しました [シナリオ名: ログイン]
[ADMIN] 16:56:43.505820 シナリオ走行を終了しました [シナリオ名: ログイン]
[ADMIN] 16:56:43.505833 シナリオ走行を開始しました [シナリオ名: ログイン]
[ADMIN] 16:56:43.525788 シナリオ走行を終了しました [シナリオ名: ログイン]
[ADMIN] 16:56:43.525800 シナリオ走行を開始しました [シナリオ名: ログイン]
[ADMIN] 16:56:43.527283 シナリオ走行を終了しました [シナリオ名: ログイン]
[ADMIN] 16:56:43.527291 シナリオ走行を開始しました [シナリオ名: ログイン]
[ADMIN] 16:56:43.529944 シナリオ走行を終了しました [シナリオ名: ログイン]
[ADMIN] 16:56:43.529951 シナリオ走行を開始しました [シナリオ名: ログイン]
[ADMIN] 16:56:43.534353 シナリオ走行を終了しました [シナリオ名: 新規ユーザー登録]
[ADMIN] 16:56:43.534374 シナリオ走行を開始しました [シナリオ名: 新規ユーザー登録]
[ADMIN] 16:56:43.534652 シナリオ走行を終了しました [シナリオ名: ログイン]
[ADMIN] 16:56:43.534661 シナリオ走行を開始しました [シナリオ名: ログイン]
[ADMIN] 16:56:43.547954 シナリオ走行を終了しました [シナリオ名: ログイン]
[ADMIN] 16:56:43.547962 シナリオ走行を開始しました [シナリオ名: ログイン]
[ADMIN] 16:56:43.579917 シナリオ走行を終了しました [シナリオ名: 新規ユーザー登録]
[ADMIN] 16:56:43.579938 シナリオ走行を開始しました [シナリオ名: 新規ユーザー登録]
[ADMIN] 16:56:43.586479 シナリオ走行を終了しました [シナリオ名: ログイン]
[ADMIN] 16:56:43.586491 シナリオ走行を開始しました [シナリオ名: ログイン]
[ADMIN] 16:56:43.638648 シナリオ走行を終了しました [シナリオ名: 新規ユーザー登録]
[ADMIN] 16:56:43.638668 シナリオ走行を開始しました [シナリオ名: 新規ユーザー登録]
[ADMIN] 16:56:43.657394 シナリオ走行を終了しました [シナリオ名: ログイン]
[ADMIN] 16:56:43.657403 シナリオ走行を開始しました [シナリオ名: ログイン]
[ADMIN] 16:56:43.680729 シナリオ走行を終了しました [シナリオ名: ログイン]
[ADMIN] 16:56:43.680739 シナリオ走行を開始しました [シナリオ名: ログイン]
[ADMIN] 16:56:43.692282 シナリオ走行を終了しました [シナリオ名: ログイン]
[ADMIN] 16:56:43.692291 シナリオ走行を開始しました [シナリオ名: ログイン]
[ADMIN] 16:56:43.714133 シナリオ走行を終了しました [シナリオ名: ログイン]
[ADMIN] 16:56:43.714144 シナリオ走行を開始しました [シナリオ名: ログイン]
[ADMIN] 16:56:43.719184 シナリオ走行を終了しました [シナリオ名: ログイン]
[ADMIN] 16:56:43.719193 シナリオ走行を開始しました [シナリオ名: ログイン]
[ADMIN] 16:56:43.732941 シナリオ走行を終了しました [シナリオ名: 新規ユーザー登録]
[ADMIN] 16:56:43.732957 シナリオ走行を開始しました [シナリオ名: 新規ユーザー登録]
[ADMIN] 16:56:43.742603 シナリオ走行を終了しました [シナリオ名: ログイン]
[ADMIN] 16:56:43.742611 シナリオ走行を開始しました [シナリオ名: ログイン]
[ADMIN] 16:56:43.748982 シナリオ走行を終了しました [シナリオ名: ログイン]
[ADMIN] 16:56:43.748991 シナリオ走行を開始しました [シナリオ名: ログイン]
[ADMIN] 16:56:43.752116 シナリオ走行を終了しました [シナリオ名: Banユーザログイン]
[ADMIN] 16:56:43.752127 シナリオ走行を開始しました [シナリオ名: Banユーザログイン]
[ADMIN] 16:56:43.752201 シナリオ走行を終了しました [シナリオ名: ログイン]
[ADMIN] 16:56:43.752210 シナリオ走行を開始しました [シナリオ名: ログイン]
[ADMIN] 16:56:43.756607 シナリオ走行を終了しました [シナリオ名: Banユーザログイン]
[ADMIN] 16:56:43.756620 シナリオ走行を開始しました [シナリオ名: Banユーザログイン]
[ADMIN] 16:56:43.774741 シナリオ走行を終了しました [シナリオ名: ログイン]
[ADMIN] 16:56:43.774751 シナリオ走行を開始しました [シナリオ名: ログイン]
[ADMIN] 16:56:43.778457 シナリオ走行を終了しました [シナリオ名: ログイン]
[ADMIN] 16:56:43.778467 シナリオ走行を開始しました [シナリオ名: ログイン]
[ADMIN] 16:56:43.798445 シナリオ走行を終了しました [シナリオ名: ログイン]
[ADMIN] 16:56:43.798454 シナリオ走行を開始しました [シナリオ名: ログイン]
[ADMIN] 16:56:43.890932 シナリオ走行を終了しました [シナリオ名: ログイン]
[ADMIN] 16:56:43.890948 シナリオ走行を開始しました [シナリオ名: ログイン]
[ADMIN] 16:56:43.899695 シナリオ走行を終了しました [シナリオ名: ログイン]
[ADMIN] 16:56:43.899706 シナリオ走行を開始しました [シナリオ名: ログイン]
[ADMIN] 16:56:43.910884 シナリオ走行を終了しました [シナリオ名: ログイン]
[ADMIN] 16:56:43.910891 シナリオ走行を開始しました [シナリオ名: ログイン]
[ADMIN] 16:56:43.925238 シナリオ走行を終了しました [シナリオ名: ログイン]
[ADMIN] 16:56:43.925246 シナリオ走行を開始しました [シナリオ名: ログイン]
[ADMIN] 16:56:43.953758 シナリオ走行を終了しました [シナリオ名: ログイン]
[ADMIN] 16:56:43.953768 シナリオ走行を開始しました [シナリオ名: ログイン]
[ADMIN] 16:56:43.990867 シナリオ走行を終了しました [シナリオ名: ログイン]
[ADMIN] 16:56:43.990879 シナリオ走行を開始しました [シナリオ名: ログイン]
[ADMIN] 16:56:44.008413 シナリオ走行を終了しました [シナリオ名: 新規ユーザー登録]
[ADMIN] 16:56:44.008433 シナリオ走行を開始しました [シナリオ名: 新規ユーザー登録]
[ADMIN] 16:56:44.031910 シナリオ走行を終了しました [シナリオ名: ログイン]
[ADMIN] 16:56:44.031920 シナリオ走行を開始しました [シナリオ名: ログイン]
[ADMIN] 16:56:44.035429 シナリオ走行を終了しました [シナリオ名: 新規ユーザー登録]
[ADMIN] 16:56:44.035446 シナリオ走行を開始しました [シナリオ名: 新規ユーザー登録]
[ADMIN] 16:56:44.088665 シナリオ走行を終了しました [シナリオ名: ログイン]
[ADMIN] 16:56:44.088681 シナリオ走行を開始しました [シナリオ名: ログイン]
[ADMIN] 16:56:44.098532 シナリオ走行を終了しました [シナリオ名: ログイン]
[ADMIN] 16:56:44.098543 シナリオ走行を開始しました [シナリオ名: ログイン]
[ADMIN] 16:56:44.130259 シナリオ走行を終了しました [シナリオ名: 新規ユーザー登録]
[ADMIN] 16:56:44.130277 シナリオ走行を開始しました [シナリオ名: 新規ユーザー登録]
[ADMIN] 16:56:44.154983 シナリオ走行を終了しました [シナリオ名: ログイン]
[ADMIN] 16:56:44.154995 シナリオ走行を開始しました [シナリオ名: ログイン]
[ADMIN] 16:56:44.169430 シナリオ走行を終了しました [シナリオ名: ログイン]
[ADMIN] 16:56:44.169441 シナリオ走行を開始しました [シナリオ名: ログイン]
[ADMIN] 16:56:44.184776 シナリオ走行を終了しました [シナリオ名: ログイン]
[ADMIN] 16:56:44.184786 シナリオ走行を開始しました [シナリオ名: ログイン]
[ADMIN] 16:56:44.205245 シナリオ走行を終了しました [シナリオ名: 新規ユーザー登録]
[ADMIN] 16:56:44.205266 シナリオ走行を開始しました [シナリオ名: 新規ユーザー登録]
[ADMIN] 16:56:44.205273 シナリオ走行を終了しました [シナリオ名: ログイン]
[ADMIN] 16:56:44.205282 シナリオ走行を開始しました [シナリオ名: ログイン]
[ADMIN] 16:56:44.206555 シナリオ走行を終了しました [シナリオ名: ログイン]
[ADMIN] 16:56:44.206569 シナリオ走行を開始しました [シナリオ名: ログイン]
[ADMIN] 16:56:44.212780 シナリオ走行を終了しました [シナリオ名: ログイン]
[ADMIN] 16:56:44.212792 シナリオ走行を開始しました [シナリオ名: ログイン]
[ADMIN] 16:56:44.235241 シナリオ走行を終了しました [シナリオ名: 新規ユーザー登録]
[ADMIN] 16:56:44.235262 シナリオ走行を開始しました [シナリオ名: 新規ユーザー登録]
[ADMIN] 16:56:44.238506 シナリオ走行を終了しました [シナリオ名: ログイン]
[ADMIN] 16:56:44.238514 シナリオ走行を開始しました [シナリオ名: ログイン]
[ADMIN] 16:56:44.249133 シナリオ走行を終了しました [シナリオ名: ログイン]
[ADMIN] 16:56:44.249142 シナリオ走行を開始しました [シナリオ名: ログイン]
[ADMIN] 16:56:44.259380 シナリオ走行を終了しました [シナリオ名: Banユーザログイン]
[ADMIN] 16:56:44.259398 シナリオ走行を開始しました [シナリオ名: Banユーザログイン]
[ADMIN] 16:56:44.267337 シナリオ走行を終了しました [シナリオ名: ログイン]
[ADMIN] 16:56:44.267347 シナリオ走行を開始しました [シナリオ名: ログイン]
[ADMIN] 16:56:44.286330 シナリオ走行を終了しました [シナリオ名: ログイン]
[ADMIN] 16:56:44.286342 シナリオ走行を開始しました [シナリオ名: ログイン]
[ADMIN] 16:56:44.294962 シナリオ走行を終了しました [シナリオ名: Banユーザログイン]
[ADMIN] 16:56:44.294976 シナリオ走行を開始しました [シナリオ名: Banユーザログイン]
[ADMIN] 16:56:44.331343 シナリオ走行を終了しました [シナリオ名: ログイン]
[ADMIN] 16:56:44.331355 シナリオ走行を開始しました [シナリオ名: ログイン]
[ADMIN] 16:56:44.353204 シナリオ走行を終了しました [シナリオ名: ログイン]
[ADMIN] 16:56:44.353218 シナリオ走行を開始しました [シナリオ名: ログイン]
[ADMIN] 16:56:44.385490 シナリオ走行を終了しました [シナリオ名: ログイン]
[ADMIN] 16:56:44.385504 シナリオ走行を開始しました [シナリオ名: ログイン]
[ADMIN] 16:56:44.405314 シナリオ走行を終了しました [シナリオ名: ログイン]
[ADMIN] 16:56:44.405327 シナリオ走行を開始しました [シナリオ名: ログイン]
[ADMIN] 16:56:44.410471 シナリオ走行を終了しました [シナリオ名: 新規ユーザー登録]
[ADMIN] 16:56:44.410487 シナリオ走行を開始しました [シナリオ名: 新規ユーザー登録]
[ADMIN] 16:56:44.421585 シナリオ走行を終了しました [シナリオ名: ログイン]
[ADMIN] 16:56:44.421596 シナリオ走行を開始しました [シナリオ名: ログイン]
[ADMIN] 16:56:44.428204 シナリオ走行を終了しました [シナリオ名: ログイン]
[ADMIN] 16:56:44.428212 シナリオ走行を開始しました [シナリオ名: ログイン]
[ADMIN] 16:56:44.463359 シナリオ走行を終了しました [シナリオ名: ログイン]
[ADMIN] 16:56:44.463369 シナリオ走行を開始しました [シナリオ名: ログイン]
[ADMIN] 16:56:44.466899 シナリオ走行を終了しました [シナリオ名: ログイン]
[ADMIN] 16:56:44.466908 シナリオ走行を開始しました [シナリオ名: ログイン]
[ADMIN] 16:56:44.482496 シナリオ走行を終了しました [シナリオ名: ログイン]
[ADMIN] 16:56:44.482505 シナリオ走行を開始しました [シナリオ名: ログイン]
[ADMIN] 16:56:44.484128 シナリオ走行を終了しました [シナリオ名: ログイン]
[ADMIN] 16:56:44.484138 シナリオ走行を開始しました [シナリオ名: ログイン]
[ADMIN] 16:56:44.486925 シナリオ走行を終了しました [シナリオ名: ログイン]
[ADMIN] 16:56:44.486939 シナリオ走行を開始しました [シナリオ名: ログイン]
[ADMIN] 16:56:44.488065 シナリオ走行を終了しました [シナリオ名: 新規ユーザー登録]
[ADMIN] 16:56:44.488080 シナリオ走行を開始しました [シナリオ名: 新規ユーザー登録]
[ADMIN] 16:56:44.572384 シナリオ走行を終了しました [シナリオ名: 新規ユーザー登録]
[ADMIN] 16:56:44.572407 シナリオ走行を開始しました [シナリオ名: 新規ユーザー登録]
[ADMIN] 16:56:44.606651 シナリオ走行を終了しました [シナリオ名: ログイン]
[ADMIN] 16:56:44.606664 シナリオ走行を開始しました [シナリオ名: ログイン]
[ADMIN] 16:56:44.611907 シナリオ走行を終了しました [シナリオ名: ログイン]
[ADMIN] 16:56:44.611917 シナリオ走行を開始しました [シナリオ名: ログイン]
[ADMIN] 16:56:44.622156 シナリオ走行を終了しました [シナリオ名: ログイン]
[ADMIN] 16:56:44.622164 シナリオ走行を開始しました [シナリオ名: ログイン]
[ADMIN] 16:56:44.623425 シナリオ走行を終了しました [シナリオ名: ログイン]
[ADMIN] 16:56:44.623434 シナリオ走行を開始しました [シナリオ名: ログイン]
[ADMIN] 16:56:44.645710 シナリオ走行を終了しました [シナリオ名: 新規ユーザー登録]
[ADMIN] 16:56:44.645728 シナリオ走行を開始しました [シナリオ名: 新規ユーザー登録]
[ADMIN] 16:56:44.670707 シナリオ走行を終了しました [シナリオ名: ログイン]
[ADMIN] 16:56:44.670718 シナリオ走行を開始しました [シナリオ名: ログイン]
[ADMIN] 16:56:44.677452 シナリオ走行を終了しました [シナリオ名: ログイン]
[ADMIN] 16:56:44.677462 シナリオ走行を開始しました [シナリオ名: ログイン]
[ADMIN] 16:56:44.689833 シナリオ走行を終了しました [シナリオ名: ログイン]
[ADMIN] 16:56:44.689842 シナリオ走行を開始しました [シナリオ名: ログイン]
[ADMIN] 16:56:44.724292 シナリオ走行を終了しました [シナリオ名: ログイン]
[ADMIN] 16:56:44.724303 シナリオ走行を開始しました [シナリオ名: ログイン]
[ADMIN] 16:56:44.731049 シナリオ走行を終了しました [シナリオ名: ログイン]
[ADMIN] 16:56:44.731060 シナリオ走行を開始しました [シナリオ名: ログイン]
[ADMIN] 16:56:44.745852 シナリオ走行を終了しました [シナリオ名: 新規ユーザー登録]
[ADMIN] 16:56:44.745868 シナリオ走行を開始しました [シナリオ名: 新規ユーザー登録]
[ADMIN] 16:56:44.762515 シナリオ走行を終了しました [シナリオ名: Banユーザログイン]
[ADMIN] 16:56:44.762535 シナリオ走行を開始しました [シナリオ名: Banユーザログイン]
[ADMIN] 16:56:44.779298 シナリオ走行を終了しました [シナリオ名: ログイン]
[ADMIN] 16:56:44.779308 シナリオ走行を開始しました [シナリオ名: ログイン]
[ADMIN] 16:56:44.782153 シナリオ走行を終了しました [シナリオ名: ログイン]
[ADMIN] 16:56:44.782162 シナリオ走行を開始しました [シナリオ名: ログイン]
[ADMIN] 16:56:44.808961 シナリオ走行を終了しました [シナリオ名: Banユーザログイン]
[ADMIN] 16:56:44.808984 シナリオ走行を開始しました [シナリオ名: Banユーザログイン]
[ADMIN] 16:56:44.817845 シナリオ走行を終了しました [シナリオ名: ログイン]
[ADMIN] 16:56:44.817857 シナリオ走行を開始しました [シナリオ名: ログイン]
[ADMIN] 16:56:44.858250 シナリオ走行を終了しました [シナリオ名: ログイン]
[ADMIN] 16:56:44.858265 シナリオ走行を開始しました [シナリオ名: ログイン]
[ADMIN] 16:56:44.903016 シナリオ走行を終了しました [シナリオ名: ログイン]
[ADMIN] 16:56:44.903030 シナリオ走行を開始しました [シナリオ名: ログイン]
[ADMIN] 16:56:44.906282 シナリオ走行を終了しました [シナリオ名: ログイン]
[ADMIN] 16:56:44.906290 シナリオ走行を開始しました [シナリオ名: ログイン]
[ADMIN] 16:56:44.926552 シナリオ走行を終了しました [シナリオ名: ログイン]
[ADMIN] 16:56:44.926561 シナリオ走行を開始しました [シナリオ名: ログイン]
[ADMIN] 16:56:44.969379 シナリオ走行を終了しました [シナリオ名: 新規ユーザー登録]
[ADMIN] 16:56:44.969407 シナリオ走行を開始しました [シナリオ名: 新規ユーザー登録]
[ADMIN] 16:56:44.981655 シナリオ走行を終了しました [シナリオ名: ログイン]
[ADMIN] 16:56:44.981666 シナリオ走行を開始しました [シナリオ名: ログイン]
[ADMIN] 16:56:45.002889 シナリオ走行を終了しました [シナリオ名: ログイン]
[ADMIN] 16:56:45.002924 シナリオ走行を開始しました [シナリオ名: ログイン]
[ADMIN] 16:56:45.011613 シナリオ走行を終了しました [シナリオ名: 新規ユーザー登録]
[ADMIN] 16:56:45.011637 シナリオ走行を開始しました [シナリオ名: 新規ユーザー登録]
[ADMIN] 16:56:45.015113 シナリオ走行を終了しました [シナリオ名: ログイン]
[ADMIN] 16:56:45.015125 シナリオ走行を開始しました [シナリオ名: ログイン]
[ADMIN] 16:56:45.068086 シナリオ走行を終了しました [シナリオ名: ログイン]
[ADMIN] 16:56:45.068102 シナリオ走行を開始しました [シナリオ名: ログイン]
[ADMIN] 16:56:45.101575 シナリオ走行を終了しました [シナリオ名: 新規ユーザー登録]
[ADMIN] 16:56:45.101597 シナリオ走行を開始しました [シナリオ名: 新規ユーザー登録]
[ADMIN] 16:56:45.111486 シナリオ走行を終了しました [シナリオ名: 新規ユーザー登録]
[ADMIN] 16:56:45.111508 シナリオ走行を開始しました [シナリオ名: 新規ユーザー登録]
[ADMIN] 16:56:45.112893 シナリオ走行を終了しました [シナリオ名: ログイン]
[ADMIN] 16:56:45.112904 シナリオ走行を開始しました [シナリオ名: ログイン]
[ADMIN] 16:56:45.116610 シナリオ走行を終了しました [シナリオ名: ログイン]
[ADMIN] 16:56:45.116618 シナリオ走行を開始しました [シナリオ名: ログイン]
[ADMIN] 16:56:45.121799 シナリオ走行を終了しました [シナリオ名: ログイン]
[ADMIN] 16:56:45.121808 シナリオ走行を開始しました [シナリオ名: ログイン]
[ADMIN] 16:56:45.162026 シナリオ走行を終了しました [シナリオ名: ログイン]
[ADMIN] 16:56:45.162038 シナリオ走行を開始しました [シナリオ名: ログイン]
[ADMIN] 16:56:45.173527 シナリオ走行を終了しました [シナリオ名: ログイン]
[ADMIN] 16:56:45.173537 シナリオ走行を開始しました [シナリオ名: ログイン]
[ADMIN] 16:56:45.207639 シナリオ走行を終了しました [シナリオ名: ログイン]
[ADMIN] 16:56:45.207649 シナリオ走行を開始しました [シナリオ名: ログイン]
[ADMIN] 16:56:45.228794 シナリオ走行を終了しました [シナリオ名: ログイン]
[ADMIN] 16:56:45.228806 シナリオ走行を開始しました [シナリオ名: ログイン]
[ADMIN] 16:56:45.265289 シナリオ走行を終了しました [シナリオ名: Banユーザログイン]
[ADMIN] 16:56:45.265308 シナリオ走行を開始しました [シナリオ名: Banユーザログイン]
[ADMIN] 16:56:45.277660 シナリオ走行を終了しました [シナリオ名: ログイン]
[ADMIN] 16:56:45.277672 シナリオ走行を開始しました [シナリオ名: ログイン]
[ADMIN] 16:56:45.291383 シナリオ走行を終了しました [シナリオ名: ログイン]
[ADMIN] 16:56:45.291392 シナリオ走行を開始しました [シナリオ名: ログイン]
[ADMIN] 16:56:45.301251 シナリオ走行を終了しました [シナリオ名: ログイン]
[ADMIN] 16:56:45.301262 シナリオ走行を開始しました [シナリオ名: ログイン]
[ADMIN] 16:56:45.310471 シナリオ走行を終了しました [シナリオ名: 新規ユーザー登録]
[ADMIN] 16:56:45.310487 シナリオ走行を開始しました [シナリオ名: 新規ユーザー登録]
[ADMIN] 16:56:45.311835 シナリオ走行を終了しました [シナリオ名: Banユーザログイン]
[ADMIN] 16:56:45.311850 シナリオ走行を開始しました [シナリオ名: Banユーザログイン]
[ADMIN] 16:56:45.343973 シナリオ走行を終了しました [シナリオ名: 新規ユーザー登録]
[ADMIN] 16:56:45.343991 シナリオ走行を開始しました [シナリオ名: 新規ユーザー登録]
[ADMIN] 16:56:45.353229 シナリオ走行を終了しました [シナリオ名: ログイン]
[ADMIN] 16:56:45.353239 シナリオ走行を開始しました [シナリオ名: ログイン]
[ADMIN] 16:56:45.355255 シナリオ走行を終了しました [シナリオ名: 新規ユーザー登録]
[ADMIN] 16:56:45.355273 シナリオ走行を開始しました [シナリオ名: 新規ユーザー登録]
[ADMIN] 16:56:45.362339 シナリオ走行を終了しました [シナリオ名: ログイン]
[ADMIN] 16:56:45.362348 シナリオ走行を開始しました [シナリオ名: ログイン]
[ADMIN] 16:56:45.382772 シナリオ走行を終了しました [シナリオ名: ログイン]
[ADMIN] 16:56:45.382781 シナリオ走行を開始しました [シナリオ名: ログイン]
[ADMIN] 16:56:45.447246 シナリオ走行を終了しました [シナリオ名: ログイン]
[ADMIN] 16:56:45.447258 シナリオ走行を開始しました [シナリオ名: ログイン]
[ADMIN] 16:56:45.459781 シナリオ走行を終了しました [シナリオ名: ログイン]
[ADMIN] 16:56:45.459792 シナリオ走行を開始しました [シナリオ名: ログイン]
[ADMIN] 16:56:45.489981 シナリオ走行を終了しました [シナリオ名: 新規ユーザー登録]
[ADMIN] 16:56:45.490005 シナリオ走行を開始しました [シナリオ名: 新規ユーザー登録]
[ADMIN] 16:56:45.498901 シナリオ走行を終了しました [シナリオ名: ログイン]
[ADMIN] 16:56:45.498913 シナリオ走行を開始しました [シナリオ名: ログイン]
[ADMIN] 16:56:45.511207 シナリオ走行を終了しました [シナリオ名: ログイン]
[ADMIN] 16:56:45.511217 シナリオ走行を開始しました [シナリオ名: ログイン]
[ADMIN] 16:56:45.525726 シナリオ走行を終了しました [シナリオ名: ログイン]
[ADMIN] 16:56:45.525734 シナリオ走行を開始しました [シナリオ名: ログイン]
[ADMIN] 16:56:45.538321 シナリオ走行を終了しました [シナリオ名: 新規ユーザー登録]
[ADMIN] 16:56:45.538344 シナリオ走行を開始しました [シナリオ名: 新規ユーザー登録]
[ADMIN] 16:56:45.559714 シナリオ走行を終了しました [シナリオ名: ログイン]
[ADMIN] 16:56:45.559726 シナリオ走行を開始しました [シナリオ名: ログイン]
[ADMIN] 16:56:45.601732 シナリオ走行を終了しました [シナリオ名: ログイン]
[ADMIN] 16:56:45.601745 シナリオ走行を開始しました [シナリオ名: ログイン]
[ADMIN] 16:56:45.609159 シナリオ走行を終了しました [シナリオ名: ログイン]
[ADMIN] 16:56:45.609171 シナリオ走行を開始しました [シナリオ名: ログイン]
[ADMIN] 16:56:45.618672 シナリオ走行を終了しました [シナリオ名: ログイン]
[ADMIN] 16:56:45.618681 シナリオ走行を開始しました [シナリオ名: ログイン]
[ADMIN] 16:56:45.634039 シナリオ走行を終了しました [シナリオ名: ログイン]
[ADMIN] 16:56:45.634048 シナリオ走行を開始しました [シナリオ名: ログイン]
[ADMIN] 16:56:45.638892 シナリオ走行を終了しました [シナリオ名: ログイン]
[ADMIN] 16:56:45.638903 シナリオ走行を開始しました [シナリオ名: ログイン]
[ADMIN] 16:56:45.646109 シナリオ走行を終了しました [シナリオ名: ログイン]
[ADMIN] 16:56:45.646120 シナリオ走行を開始しました [シナリオ名: ログイン]
[ADMIN] 16:56:45.695718 シナリオ走行を終了しました [シナリオ名: ログイン]
[ADMIN] 16:56:45.695727 シナリオ走行を開始しました [シナリオ名: ログイン]
[ADMIN] 16:56:45.711303 シナリオ走行を終了しました [シナリオ名: 新規ユーザー登録]
[ADMIN] 16:56:45.711324 シナリオ走行を開始しました [シナリオ名: 新規ユーザー登録]
[ADMIN] 16:56:45.717994 シナリオ走行を終了しました [シナリオ名: ログイン]
[ADMIN] 16:56:45.718003 シナリオ走行を開始しました [シナリオ名: ログイン]
[ADMIN] 16:56:45.767758 シナリオ走行を終了しました [シナリオ名: Banユーザログイン]
[ADMIN] 16:56:45.767775 シナリオ走行を開始しました [シナリオ名: Banユーザログイン]
[ADMIN] 16:56:45.770595 シナリオ走行を終了しました [シナリオ名: ログイン]
[ADMIN] 16:56:45.770607 シナリオ走行を開始しました [シナリオ名: ログイン]
[ADMIN] 16:56:45.781333 シナリオ走行を終了しました [シナリオ名: ログイン]
[ADMIN] 16:56:45.781343 シナリオ走行を開始しました [シナリオ名: ログイン]
[ADMIN] 16:56:45.785582 シナリオ走行を終了しました [シナリオ名: ログイン]
[ADMIN] 16:56:45.785592 シナリオ走行を開始しました [シナリオ名: ログイン]
[ADMIN] 16:56:45.807201 シナリオ走行を終了しました [シナリオ名: ログイン]
[ADMIN] 16:56:45.807212 シナリオ走行を開始しました [シナリオ名: ログイン]
[ADMIN] 16:56:45.808575 シナリオ走行を終了しました [シナリオ名: ログイン]
[ADMIN] 16:56:45.808584 シナリオ走行を開始しました [シナリオ名: ログイン]
[ADMIN] 16:56:45.815719 シナリオ走行を終了しました [シナリオ名: Banユーザログイン]
[ADMIN] 16:56:45.815740 シナリオ走行を開始しました [シナリオ名: Banユーザログイン]
[ADMIN] 16:56:45.830561 シナリオ走行を終了しました [シナリオ名: ログイン]
[ADMIN] 16:56:45.830569 シナリオ走行を開始しました [シナリオ名: ログイン]
[ADMIN] 16:56:45.895709 シナリオ走行を終了しました [シナリオ名: 新規ユーザー登録]
[ADMIN] 16:56:45.895729 シナリオ走行を開始しました [シナリオ名: 新規ユーザー登録]
[ADMIN] 16:56:45.948076 シナリオ走行を終了しました [シナリオ名: ログイン]
[ADMIN] 16:56:45.948090 シナリオ走行を開始しました [シナリオ名: ログイン]
[ADMIN] 16:56:45.964216 シナリオ走行を終了しました [シナリオ名: ログイン]
[ADMIN] 16:56:45.964232 シナリオ走行を開始しました [シナリオ名: ログイン]
[ADMIN] 16:56:46.000379 シナリオ走行を終了しました [シナリオ名: 新規ユーザー登録]
[ADMIN] 16:56:46.000402 シナリオ走行を開始しました [シナリオ名: 新規ユーザー登録]
[ADMIN] 16:56:46.015250 シナリオ走行を終了しました [シナリオ名: ログイン]
[ADMIN] 16:56:46.015263 シナリオ走行を開始しました [シナリオ名: ログイン]
[ADMIN] 16:56:46.017744 シナリオ走行を終了しました [シナリオ名: 新規ユーザー登録]
[ADMIN] 16:56:46.017763 シナリオ走行を開始しました [シナリオ名: 新規ユーザー登録]
[ADMIN] 16:56:46.043762 シナリオ走行を終了しました [シナリオ名: 新規ユーザー登録]
[ADMIN] 16:56:46.043780 シナリオ走行を開始しました [シナリオ名: 新規ユーザー登録]
[ADMIN] 16:56:46.051742 シナリオ走行を終了しました [シナリオ名: ログイン]
[ADMIN] 16:56:46.051751 シナリオ走行を開始しました [シナリオ名: ログイン]
[ADMIN] 16:56:46.052036 シナリオ走行を終了しました [シナリオ名: ログイン]
[ADMIN] 16:56:46.052081 シナリオ走行を開始しました [シナリオ名: ログイン]
[ADMIN] 16:56:46.056008 シナリオ走行を終了しました [シナリオ名: ログイン]
[ADMIN] 16:56:46.056016 シナリオ走行を開始しました [シナリオ名: ログイン]
[ADMIN] 16:56:46.066994 シナリオ走行を終了しました [シナリオ名: ログイン]
[ADMIN] 16:56:46.067005 シナリオ走行を開始しました [シナリオ名: ログイン]
[ADMIN] 16:56:46.120234 シナリオ走行を終了しました [シナリオ名: ログイン]
[ADMIN] 16:56:46.120245 シナリオ走行を開始しました [シナリオ名: ログイン]
[ADMIN] 16:56:46.125726 シナリオ走行を終了しました [シナリオ名: ログイン]
[ADMIN] 16:56:46.125738 シナリオ走行を開始しました [シナリオ名: ログイン]
[ADMIN] 16:56:46.132879 シナリオ走行を終了しました [シナリオ名: ログイン]
[ADMIN] 16:56:46.132889 シナリオ走行を開始しました [シナリオ名: ログイン]
[ADMIN] 16:56:46.134021 シナリオ走行を終了しました [シナリオ名: ログイン]
[ADMIN] 16:56:46.134029 シナリオ走行を開始しました [シナリオ名: ログイン]
[ADMIN] 16:56:46.135620 シナリオ走行を終了しました [シナリオ名: ログイン]
[ADMIN] 16:56:46.135630 シナリオ走行を開始しました [シナリオ名: ログイン]
[ADMIN] 16:56:46.184238 シナリオ走行を終了しました [シナリオ名: ログイン]
[ADMIN] 16:56:46.184251 シナリオ走行を開始しました [シナリオ名: ログイン]
[ADMIN] 16:56:46.184707 シナリオ走行を終了しました [シナリオ名: ログイン]
[ADMIN] 16:56:46.184717 シナリオ走行を開始しました [シナリオ名: ログイン]
[ADMIN] 16:56:46.192379 シナリオ走行を終了しました [シナリオ名: 新規ユーザー登録]
[ADMIN] 16:56:46.192400 シナリオ走行を開始しました [シナリオ名: 新規ユーザー登録]
[ADMIN] 16:56:46.227221 シナリオ走行を終了しました [シナリオ名: 新規ユーザー登録]
[ADMIN] 16:56:46.227239 シナリオ走行を開始しました [シナリオ名: 新規ユーザー登録]
[ADMIN] 16:56:46.241687 シナリオ走行を終了しました [シナリオ名: ログイン]
[ADMIN] 16:56:46.241700 シナリオ走行を開始しました [シナリオ名: ログイン]
[ADMIN] 16:56:46.277297 シナリオ走行を終了しました [シナリオ名: ログイン]
[ADMIN] 16:56:46.277312 シナリオ走行を開始しました [シナリオ名: ログイン]
[ADMIN] 16:56:46.281801 シナリオ走行を終了しました [シナリオ名: Banユーザログイン]
[ADMIN] 16:56:46.281818 シナリオ走行を開始しました [シナリオ名: Banユーザログイン]
[ADMIN] 16:56:46.297063 シナリオ走行を終了しました [シナリオ名: ログイン]
[ADMIN] 16:56:46.297076 シナリオ走行を開始しました [シナリオ名: ログイン]
[ADMIN] 16:56:46.320299 シナリオ走行を終了しました [シナリオ名: Banユーザログイン]
[ADMIN] 16:56:46.320315 シナリオ走行を開始しました [シナリオ名: Banユーザログイン]
[ADMIN] 16:56:46.347565 シナリオ走行を終了しました [シナリオ名: ログイン]
[ADMIN] 16:56:46.347576 シナリオ走行を開始しました [シナリオ名: ログイン]
[ADMIN] 16:56:46.364946 シナリオ走行を終了しました [シナリオ名: ログイン]
[ADMIN] 16:56:46.364955 シナリオ走行を開始しました [シナリオ名: ログイン]
[ADMIN] 16:56:46.386865 シナリオ走行を終了しました [シナリオ名: ログイン]
[ADMIN] 16:56:46.386876 シナリオ走行を開始しました [シナリオ名: ログイン]
[ADMIN] 16:56:46.411059 シナリオ走行を終了しました [シナリオ名: ログイン]
[ADMIN] 16:56:46.411068 シナリオ走行を開始しました [シナリオ名: ログイン]
[ADMIN] 16:56:46.413692 シナリオ走行を終了しました [シナリオ名: ログイン]
[ADMIN] 16:56:46.413701 シナリオ走行を開始しました [シナリオ名: ログイン]
[ADMIN] 16:56:46.425606 シナリオ走行を終了しました [シナリオ名: ログイン]
[ADMIN] 16:56:46.425613 シナリオ走行を開始しました [シナリオ名: ログイン]
[ADMIN] 16:56:46.429330 シナリオ走行を終了しました [シナリオ名: 新規ユーザー登録]
[ADMIN] 16:56:46.429348 シナリオ走行を開始しました [シナリオ名: 新規ユーザー登録]
[ADMIN] 16:56:46.441737 シナリオ走行を終了しました [シナリオ名: ログイン]
[ADMIN] 16:56:46.441747 シナリオ走行を開始しました [シナリオ名: ログイン]
[ADMIN] 16:56:46.441936 シナリオ走行を終了しました [シナリオ名: ログイン]
[ADMIN] 16:56:46.441944 シナリオ走行を開始しました [シナリオ名: ログイン]
[ADMIN] 16:56:46.480681 シナリオ走行を終了しました [シナリオ名: ログイン]
[ADMIN] 16:56:46.480689 シナリオ走行を開始しました [シナリオ名: ログイン]
[ADMIN] 16:56:46.481580 シナリオ走行を終了しました [シナリオ名: 新規ユーザー登録]
[ADMIN] 16:56:46.481599 シナリオ走行を開始しました [シナリオ名: 新規ユーザー登録]
[ADMIN] 16:56:46.491406 シナリオ走行を終了しました [シナリオ名: ログイン]
[ADMIN] 16:56:46.491415 シナリオ走行を開始しました [シナリオ名: ログイン]
[ADMIN] 16:56:46.499326 シナリオ走行を終了しました [シナリオ名: ログイン]
[ADMIN] 16:56:46.499335 シナリオ走行を開始しました [シナリオ名: ログイン]
[ADMIN] 16:56:46.542877 シナリオ走行を終了しました [シナリオ名: ログイン]
[ADMIN] 16:56:46.542888 シナリオ走行を開始しました [シナリオ名: ログイン]
[ADMIN] 16:56:46.552276 シナリオ走行を終了しました [シナリオ名: ログイン]
[ADMIN] 16:56:46.552288 シナリオ走行を開始しました [シナリオ名: ログイン]
[ADMIN] 16:56:46.562259 シナリオ走行を終了しました [シナリオ名: ログイン]
[ADMIN] 16:56:46.562270 シナリオ走行を開始しました [シナリオ名: ログイン]
[ADMIN] 16:56:46.583227 シナリオ走行を終了しました [シナリオ名: 新規ユーザー登録]
[ADMIN] 16:56:46.583246 シナリオ走行を開始しました [シナリオ名: 新規ユーザー登録]
[ADMIN] 16:56:46.631800 シナリオ走行を終了しました [シナリオ名: ログイン]
[ADMIN] 16:56:46.631814 シナリオ走行を開始しました [シナリオ名: ログイン]
[ADMIN] 16:56:46.636782 シナリオ走行を終了しました [シナリオ名: 新規ユーザー登録]
[ADMIN] 16:56:46.636805 シナリオ走行を開始しました [シナリオ名: 新規ユーザー登録]
[ADMIN] 16:56:46.658503 シナリオ走行を終了しました [シナリオ名: ログイン]
[ADMIN] 16:56:46.658519 シナリオ走行を開始しました [シナリオ名: ログイン]
[ADMIN] 16:56:46.659629 シナリオ走行を終了しました [シナリオ名: ログイン]
[ADMIN] 16:56:46.659639 シナリオ走行を開始しました [シナリオ名: ログイン]
[ADMIN] 16:56:46.661846 シナリオ走行を終了しました [シナリオ名: ログイン]
[ADMIN] 16:56:46.661859 シナリオ走行を開始しました [シナリオ名: ログイン]
[ADMIN] 16:56:46.676455 シナリオ走行を終了しました [シナリオ名: 新規ユーザー登録]
[ADMIN] 16:56:46.676470 シナリオ走行を開始しました [シナリオ名: 新規ユーザー登録]
[ADMIN] 16:56:46.700971 シナリオ走行を終了しました [シナリオ名: ログイン]
[ADMIN] 16:56:46.700980 シナリオ走行を開始しました [シナリオ名: ログイン]
[ADMIN] 16:56:46.740676 シナリオ走行を終了しました [シナリオ名: ログイン]
[ADMIN] 16:56:46.740686 シナリオ走行を開始しました [シナリオ名: ログイン]
[ADMIN] 16:56:46.774565 シナリオ走行を終了しました [シナリオ名: ログイン]
[ADMIN] 16:56:46.774575 シナリオ走行を開始しました [シナリオ名: ログイン]
[ADMIN] 16:56:46.778349 シナリオ走行を終了しました [シナリオ名: ログイン]
[ADMIN] 16:56:46.778359 シナリオ走行を開始しました [シナリオ名: ログイン]
[ADMIN] 16:56:46.788253 シナリオ走行を終了しました [シナリオ名: Banユーザログイン]
[ADMIN] 16:56:46.788271 シナリオ走行を開始しました [シナリオ名: Banユーザログイン]
[ADMIN] 16:56:46.797561 シナリオ走行を終了しました [シナリオ名: ログイン]
[ADMIN] 16:56:46.797572 シナリオ走行を開始しました [シナリオ名: ログイン]
[ADMIN] 16:56:46.810593 シナリオ走行を終了しました [シナリオ名: ログイン]
[ADMIN] 16:56:46.810603 シナリオ走行を開始しました [シナリオ名: ログイン]
[ADMIN] 16:56:46.824149 シナリオ走行を終了しました [シナリオ名: Banユーザログイン]
[ADMIN] 16:56:46.824163 シナリオ走行を開始しました [シナリオ名: Banユーザログイン]
[ADMIN] 16:56:46.847453 シナリオ走行を終了しました [シナリオ名: ログイン]
[ADMIN] 16:56:46.847463 シナリオ走行を開始しました [シナリオ名: ログイン]
[ADMIN] 16:56:46.860337 シナリオ走行を終了しました [シナリオ名: ログイン]
[ADMIN] 16:56:46.860345 シナリオ走行を開始しました [シナリオ名: ログイン]
[ADMIN] 16:56:46.892295 シナリオ走行を終了しました [シナリオ名: 新規ユーザー登録]
[ADMIN] 16:56:46.892314 シナリオ走行を開始しました [シナリオ名: 新規ユーザー登録]
[ADMIN] 16:56:46.907423 シナリオ走行を終了しました [シナリオ名: ログイン]
[ADMIN] 16:56:46.907432 シナリオ走行を開始しました [シナリオ名: ログイン]
[ADMIN] 16:56:46.916249 シナリオ走行を終了しました [シナリオ名: ログイン]
[ADMIN] 16:56:46.916257 シナリオ走行を開始しました [シナリオ名: ログイン]
[ADMIN] 16:56:46.919675 シナリオ走行を終了しました [シナリオ名: ログイン]
[ADMIN] 16:56:46.919684 シナリオ走行を開始しました [シナリオ名: ログイン]
[ADMIN] 16:56:46.932465 シナリオ走行を終了しました [シナリオ名: ログイン]
[ADMIN] 16:56:46.932474 シナリオ走行を開始しました [シナリオ名: ログイン]
[ADMIN] 16:56:46.970200 シナリオ走行を終了しました [シナリオ名: ログイン]
[ADMIN] 16:56:46.970209 シナリオ走行を開始しました [シナリオ名: ログイン]
[ADMIN] 16:56:46.974668 シナリオ走行を終了しました [シナリオ名: ログイン]
[ADMIN] 16:56:46.974678 シナリオ走行を開始しました [シナリオ名: ログイン]
[ADMIN] 16:56:47.061322 シナリオ走行を終了しました [シナリオ名: ログイン]
[ADMIN] 16:56:47.061337 シナリオ走行を開始しました [シナリオ名: ログイン]
[ADMIN] 16:56:47.078704 シナリオ走行を終了しました [シナリオ名: 新規ユーザー登録]
[ADMIN] 16:56:47.078732 シナリオ走行を開始しました [シナリオ名: 新規ユーザー登録]
[ADMIN] 16:56:47.087352 シナリオ走行を終了しました [シナリオ名: 新規ユーザー登録]
[ADMIN] 16:56:47.087376 シナリオ走行を開始しました [シナリオ名: 新規ユーザー登録]
[ADMIN] 16:56:47.096583 シナリオ走行を終了しました [シナリオ名: ログイン]
[ADMIN] 16:56:47.096594 シナリオ走行を開始しました [シナリオ名: ログイン]
[ADMIN] 16:56:47.126374 シナリオ走行を終了しました [シナリオ名: 新規ユーザー登録]
[ADMIN] 16:56:47.126401 シナリオ走行を開始しました [シナリオ名: 新規ユーザー登録]
[ADMIN] 16:56:47.137500 シナリオ走行を終了しました [シナリオ名: ログイン]
[ADMIN] 16:56:47.137512 シナリオ走行を開始しました [シナリオ名: ログイン]
[ADMIN] 16:56:47.149822 シナリオ走行を終了しました [シナリオ名: ログイン]
[ADMIN] 16:56:47.149833 シナリオ走行を開始しました [シナリオ名: ログイン]
[ADMIN] 16:56:47.152054 シナリオ走行を終了しました [シナリオ名: ログイン]
[ADMIN] 16:56:47.152064 シナリオ走行を開始しました [シナリオ名: ログイン]
[ADMIN] 16:56:47.155656 シナリオ走行を終了しました [シナリオ名: ログイン]
[ADMIN] 16:56:47.155665 シナリオ走行を開始しました [シナリオ名: ログイン]
[ADMIN] 16:56:47.157923 シナリオ走行を終了しました [シナリオ名: ログイン]
[ADMIN] 16:56:47.157932 シナリオ走行を開始しました [シナリオ名: ログイン]
[ADMIN] 16:56:47.182410 シナリオ走行を終了しました [シナリオ名: ログイン]
[ADMIN] 16:56:47.182419 シナリオ走行を開始しました [シナリオ名: ログイン]
[ADMIN] 16:56:47.195279 シナリオ走行を終了しました [シナリオ名: ログイン]
[ADMIN] 16:56:47.195289 シナリオ走行を開始しました [シナリオ名: ログイン]
[ADMIN] 16:56:47.234593 シナリオ走行を終了しました [シナリオ名: 新規ユーザー登録]
[ADMIN] 16:56:47.234631 シナリオ走行を開始しました [シナリオ名: 新規ユーザー登録]
[ADMIN] 16:56:47.270746 シナリオ走行を終了しました [シナリオ名: ログイン]
[ADMIN] 16:56:47.270760 シナリオ走行を開始しました [シナリオ名: ログイン]
[ADMIN] 16:56:47.275791 シナリオ走行を終了しました [シナリオ名: ログイン]
[ADMIN] 16:56:47.275804 シナリオ走行を開始しました [シナリオ名: ログイン]
[ADMIN] 16:56:47.290861 シナリオ走行を終了しました [シナリオ名: Banユーザログイン]
[ADMIN] 16:56:47.290874 シナリオ走行を開始しました [シナリオ名: Banユーザログイン]
[ADMIN] 16:56:47.313777 シナリオ走行を終了しました [シナリオ名: ログイン]
[ADMIN] 16:56:47.313789 シナリオ走行を開始しました [シナリオ名: ログイン]
[ADMIN] 16:56:47.320014 シナリオ走行を終了しました [シナリオ名: ログイン]
[ADMIN] 16:56:47.320026 シナリオ走行を開始しました [シナリオ名: ログイン]
[ADMIN] 16:56:47.326236 シナリオ走行を終了しました [シナリオ名: Banユーザログイン]
[ADMIN] 16:56:47.326249 シナリオ走行を開始しました [シナリオ名: Banユーザログイン]
[ADMIN] 16:56:47.342141 シナリオ走行を終了しました [シナリオ名: 新規ユーザー登録]
[ADMIN] 16:56:47.342162 シナリオ走行を開始しました [シナリオ名: 新規ユーザー登録]
[ADMIN] 16:56:47.353695 シナリオ走行を終了しました [シナリオ名: ログイン]
[ADMIN] 16:56:47.353707 シナリオ走行を開始しました [シナリオ名: ログイン]
[ADMIN] 16:56:47.376622 シナリオ走行を終了しました [シナリオ名: ログイン]
[ADMIN] 16:56:47.376632 シナリオ走行を開始しました [シナリオ名: ログイン]
[ADMIN] 16:56:47.391220 シナリオ走行を終了しました [シナリオ名: ログイン]
[ADMIN] 16:56:47.391230 シナリオ走行を開始しました [シナリオ名: ログイン]
[ADMIN] 16:56:47.393153 シナリオ走行を終了しました [シナリオ名: ログイン]
[ADMIN] 16:56:47.393163 シナリオ走行を開始しました [シナリオ名: ログイン]
[ADMIN] 16:56:47.402787 シナリオ走行を終了しました [シナリオ名: ログイン]
[ADMIN] 16:56:47.402797 シナリオ走行を開始しました [シナリオ名: ログイン]
[ADMIN] 16:56:47.421125 シナリオ走行を終了しました [シナリオ名: ログイン]
[ADMIN] 16:56:47.421135 シナリオ走行を開始しました [シナリオ名: ログイン]
[ADMIN] 16:56:47.457956 シナリオ走行を終了しました [シナリオ名: ログイン]
[ADMIN] 16:56:47.457966 シナリオ走行を開始しました [シナリオ名: ログイン]
[ADMIN] 16:56:47.473994 シナリオ走行を終了しました [シナリオ名: ログイン]
[ADMIN] 16:56:47.474004 シナリオ走行を開始しました [シナリオ名: ログイン]
[ADMIN] 16:56:47.517669 シナリオ走行を終了しました [シナリオ名: ログイン]
[ADMIN] 16:56:47.517679 シナリオ走行を開始しました [シナリオ名: ログイン]
[ADMIN] 16:56:47.530525 シナリオ走行を終了しました [シナリオ名: 新規ユーザー登録]
[ADMIN] 16:56:47.530544 シナリオ走行を開始しました [シナリオ名: 新規ユーザー登録]
[ADMIN] 16:56:47.547066 シナリオ走行を終了しました [シナリオ名: ログイン]
[ADMIN] 16:56:47.547076 シナリオ走行を開始しました [シナリオ名: ログイン]
[ADMIN] 16:56:47.562463 シナリオ走行を終了しました [シナリオ名: 新規ユーザー登録]
[ADMIN] 16:56:47.562479 シナリオ走行を開始しました [シナリオ名: 新規ユーザー登録]
[ADMIN] 16:56:47.566197 シナリオ走行を終了しました [シナリオ名: 新規ユーザー登録]
[ADMIN] 16:56:47.566214 シナリオ走行を開始しました [シナリオ名: 新規ユーザー登録]
[ADMIN] 16:56:47.568038 シナリオ走行を終了しました [シナリオ名: ログイン]
[ADMIN] 16:56:47.568048 シナリオ走行を開始しました [シナリオ名: ログイン]
[ADMIN] 16:56:47.586463 シナリオ走行を終了しました [シナリオ名: 新規ユーザー登録]
[ADMIN] 16:56:47.586481 シナリオ走行を開始しました [シナリオ名: 新規ユーザー登録]
[ADMIN] 16:56:47.601177 シナリオ走行を終了しました [シナリオ名: ログイン]
[ADMIN] 16:56:47.601186 シナリオ走行を開始しました [シナリオ名: ログイン]
[ADMIN] 16:56:47.638151 シナリオ走行を終了しました [シナリオ名: ログイン]
[ADMIN] 16:56:47.638163 シナリオ走行を開始しました [シナリオ名: ログイン]
[ADMIN] 16:56:47.664541 シナリオ走行を終了しました [シナリオ名: ログイン]
[ADMIN] 16:56:47.664552 シナリオ走行を開始しました [シナリオ名: ログイン]
[ADMIN] 16:56:47.702396 シナリオ走行を終了しました [シナリオ名: ログイン]
[ADMIN] 16:56:47.702407 シナリオ走行を開始しました [シナリオ名: ログイン]
[ADMIN] 16:56:47.713683 シナリオ走行を終了しました [シナリオ名: ログイン]
[ADMIN] 16:56:47.713694 シナリオ走行を開始しました [シナリオ名: ログイン]
[ADMIN] 16:56:47.749172 シナリオ走行を終了しました [シナリオ名: ログイン]
[ADMIN] 16:56:47.749186 シナリオ走行を開始しました [シナリオ名: ログイン]
[ADMIN] 16:56:47.751475 シナリオ走行を終了しました [シナリオ名: ログイン]
[ADMIN] 16:56:47.751488 シナリオ走行を開始しました [シナリオ名: ログイン]
[ADMIN] 16:56:47.769617 シナリオ走行を終了しました [シナリオ名: ログイン]
[ADMIN] 16:56:47.769628 シナリオ走行を開始しました [シナリオ名: ログイン]
[ADMIN] 16:56:47.795778 シナリオ走行を終了しました [シナリオ名: Banユーザログイン]
[ADMIN] 16:56:47.795799 シナリオ走行を開始しました [シナリオ名: Banユーザログイン]
[ADMIN] 16:56:47.828576 シナリオ走行を終了しました [シナリオ名: Banユーザログイン]
[ADMIN] 16:56:47.828590 シナリオ走行を開始しました [シナリオ名: Banユーザログイン]
[ADMIN] 16:56:47.839207 シナリオ走行を終了しました [シナリオ名: ログイン]
[ADMIN] 16:56:47.839220 シナリオ走行を開始しました [シナリオ名: ログイン]
[ADMIN] 16:56:47.843522 シナリオ走行を終了しました [シナリオ名: ログイン]
[ADMIN] 16:56:47.843530 シナリオ走行を開始しました [シナリオ名: ログイン]
[ADMIN] 16:56:47.864553 シナリオ走行を終了しました [シナリオ名: ログイン]
[ADMIN] 16:56:47.864567 シナリオ走行を開始しました [シナリオ名: ログイン]
[ADMIN] 16:56:47.882944 シナリオ走行を終了しました [シナリオ名: ログイン]
[ADMIN] 16:56:47.882954 シナリオ走行を開始しました [シナリオ名: ログイン]
[ADMIN] 16:56:47.888414 シナリオ走行を終了しました [シナリオ名: ログイン]
[ADMIN] 16:56:47.888424 シナリオ走行を開始しました [シナリオ名: ログイン]
[ADMIN] 16:56:47.893399 シナリオ走行を終了しました [シナリオ名: ログイン]
[ADMIN] 16:56:47.893409 シナリオ走行を開始しました [シナリオ名: ログイン]
[ADMIN] 16:56:47.919676 シナリオ走行を終了しました [シナリオ名: 新規ユーザー登録]
[ADMIN] 16:56:47.919695 シナリオ走行を開始しました [シナリオ名: 新規ユーザー登録]
[ADMIN] 16:56:47.969001 シナリオ走行を終了しました [シナリオ名: ログイン]
[ADMIN] 16:56:47.969015 シナリオ走行を開始しました [シナリオ名: ログイン]
[ADMIN] 16:56:47.973927 シナリオ走行を終了しました [シナリオ名: ログイン]
[ADMIN] 16:56:47.973938 シナリオ走行を開始しました [シナリオ名: ログイン]
[ADMIN] 16:56:47.982798 シナリオ走行を終了しました [シナリオ名: 新規ユーザー登録]
[ADMIN] 16:56:47.982818 シナリオ走行を開始しました [シナリオ名: 新規ユーザー登録]
[ADMIN] 16:56:47.983410 シナリオ走行を終了しました [シナリオ名: 新規ユーザー登録]
[ADMIN] 16:56:47.983424 シナリオ走行を開始しました [シナリオ名: 新規ユーザー登録]
[ADMIN] 16:56:48.015363 シナリオ走行を終了しました [シナリオ名: ログイン]
[ADMIN] 16:56:48.015372 シナリオ走行を開始しました [シナリオ名: ログイン]
[ADMIN] 16:56:48.035590 シナリオ走行を終了しました [シナリオ名: 新規ユーザー登録]
[ADMIN] 16:56:48.035611 シナリオ走行を開始しました [シナリオ名: 新規ユーザー登録]
[ADMIN] 16:56:48.056160 シナリオ走行を終了しました [シナリオ名: ログイン]
[ADMIN] 16:56:48.056170 シナリオ走行を開始しました [シナリオ名: ログイン]
[ADMIN] 16:56:48.059145 シナリオ走行を終了しました [シナリオ名: ログイン]
[ADMIN] 16:56:48.059156 シナリオ走行を開始しました [シナリオ名: ログイン]
[ADMIN] 16:56:48.086374 シナリオ走行を終了しました [シナリオ名: ログイン]
[ADMIN] 16:56:48.086384 シナリオ走行を開始しました [シナリオ名: ログイン]
[ADMIN] 16:56:48.089895 シナリオ走行を終了しました [シナリオ名: 新規ユーザー登録]
[ADMIN] 16:56:48.089913 シナリオ走行を開始しました [シナリオ名: 新規ユーザー登録]
[ADMIN] 16:56:48.127835 シナリオ走行を終了しました [シナリオ名: ログイン]
[ADMIN] 16:56:48.127847 シナリオ走行を開始しました [シナリオ名: ログイン]
[ADMIN] 16:56:48.133431 シナリオ走行を終了しました [シナリオ名: ログイン]
[ADMIN] 16:56:48.133443 シナリオ走行を開始しました [シナリオ名: ログイン]
[ADMIN] 16:56:48.178887 シナリオ走行を終了しました [シナリオ名: ログイン]
[ADMIN] 16:56:48.178898 シナリオ走行を開始しました [シナリオ名: ログイン]
[ADMIN] 16:56:48.202977 シナリオ走行を終了しました [シナリオ名: ログイン]
[ADMIN] 16:56:48.202989 シナリオ走行を開始しました [シナリオ名: ログイン]
[ADMIN] 16:56:48.209905 シナリオ走行を終了しました [シナリオ名: ログイン]
[ADMIN] 16:56:48.209916 シナリオ走行を開始しました [シナリオ名: ログイン]
[ADMIN] 16:56:48.212569 シナリオ走行を終了しました [シナリオ名: ログイン]
[ADMIN] 16:56:48.212580 シナリオ走行を開始しました [シナリオ名: ログイン]
[ADMIN] 16:56:48.221765 シナリオ走行を終了しました [シナリオ名: ログイン]
[ADMIN] 16:56:48.221775 シナリオ走行を開始しました [シナリオ名: ログイン]
[ADMIN] 16:56:48.236448 シナリオ走行を終了しました [シナリオ名: ログイン]
[ADMIN] 16:56:48.236461 シナリオ走行を開始しました [シナリオ名: ログイン]
[ADMIN] 16:56:48.267643 シナリオ走行を終了しました [シナリオ名: ログイン]
[ADMIN] 16:56:48.267656 シナリオ走行を開始しました [シナリオ名: ログイン]
[ADMIN] 16:56:48.290564 シナリオ走行を終了しました [シナリオ名: ログイン]
[ADMIN] 16:56:48.290575 シナリオ走行を開始しました [シナリオ名: ログイン]
[ADMIN] 16:56:48.298822 シナリオ走行を終了しました [シナリオ名: Banユーザログイン]
[ADMIN] 16:56:48.298835 シナリオ走行を開始しました [シナリオ名: Banユーザログイン]
[ADMIN] 16:56:48.311879 シナリオ走行を終了しました [シナリオ名: ログイン]
[ADMIN] 16:56:48.311889 シナリオ走行を開始しました [シナリオ名: ログイン]
[ADMIN] 16:56:48.316656 シナリオ走行を終了しました [シナリオ名: ログイン]
[ADMIN] 16:56:48.316664 シナリオ走行を開始しました [シナリオ名: ログイン]
[ADMIN] 16:56:48.330916 シナリオ走行を終了しました [シナリオ名: Banユーザログイン]
[ADMIN] 16:56:48.330929 シナリオ走行を開始しました [シナリオ名: Banユーザログイン]
[ADMIN] 16:56:48.359118 シナリオ走行を終了しました [シナリオ名: ログイン]
[ADMIN] 16:56:48.359128 シナリオ走行を開始しました [シナリオ名: ログイン]
[ADMIN] 16:56:48.385453 シナリオ走行を終了しました [シナリオ名: ログイン]
[ADMIN] 16:56:48.385471 シナリオ走行を開始しました [シナリオ名: ログイン]
[ADMIN] 16:56:48.414767 シナリオ走行を終了しました [シナリオ名: ログイン]
[ADMIN] 16:56:48.414778 シナリオ走行を開始しました [シナリオ名: ログイン]
[ADMIN] 16:56:48.445011 シナリオ走行を終了しました [シナリオ名: 新規ユーザー登録]
[ADMIN] 16:56:48.445037 シナリオ走行を開始しました [シナリオ名: 新規ユーザー登録]
[ADMIN] 16:56:48.462660 シナリオ走行を終了しました [シナリオ名: 新規ユーザー登録]
[ADMIN] 16:56:48.462685 シナリオ走行を開始しました [シナリオ名: 新規ユーザー登録]
[ADMIN] 16:56:48.464580 シナリオ走行を終了しました [シナリオ名: ログイン]
[ADMIN] 16:56:48.464589 シナリオ走行を開始しました [シナリオ名: ログイン]
[ADMIN] 16:56:48.465018 シナリオ走行を終了しました [シナリオ名: 新規ユーザー登録]
[ADMIN] 16:56:48.465039 シナリオ走行を開始しました [シナリオ名: 新規ユーザー登録]
[ADMIN] 16:56:48.471452 シナリオ走行を終了しました [シナリオ名: ログイン]
[ADMIN] 16:56:48.471463 シナリオ走行を開始しました [シナリオ名: ログイン]
[ADMIN] 16:56:48.478740 シナリオ走行を終了しました [シナリオ名: 新規ユーザー登録]
[ADMIN] 16:56:48.478754 シナリオ走行を開始しました [シナリオ名: 新規ユーザー登録]
[ADMIN] 16:56:48.484221 シナリオ走行を終了しました [シナリオ名: 新規ユーザー登録]
[ADMIN] 16:56:48.484233 シナリオ走行を開始しました [シナリオ名: 新規ユーザー登録]
[ADMIN] 16:56:48.491275 シナリオ走行を終了しました [シナリオ名: ログイン]
[ADMIN] 16:56:48.491284 シナリオ走行を開始しました [シナリオ名: ログイン]
[ADMIN] 16:56:48.502095 シナリオ走行を終了しました [シナリオ名: ログイン]
[ADMIN] 16:56:48.502106 シナリオ走行を開始しました [シナリオ名: ログイン]
[ADMIN] 16:56:48.541509 シナリオ走行を終了しました [シナリオ名: ログイン]
[ADMIN] 16:56:48.541520 シナリオ走行を開始しました [シナリオ名: ログイン]
[ADMIN] 16:56:48.558441 シナリオ走行を終了しました [シナリオ名: ログイン]
[ADMIN] 16:56:48.558452 シナリオ走行を開始しました [シナリオ名: ログイン]
[ADMIN] 16:56:48.564920 シナリオ走行を終了しました [シナリオ名: ログイン]
[ADMIN] 16:56:48.564928 シナリオ走行を開始しました [シナリオ名: ログイン]
[ADMIN] 16:56:48.617173 シナリオ走行を終了しました [シナリオ名: ログイン]
[ADMIN] 16:56:48.617184 シナリオ走行を開始しました [シナリオ名: ログイン]
[ADMIN] 16:56:48.638419 シナリオ走行を終了しました [シナリオ名: ログイン]
[ADMIN] 16:56:48.638430 シナリオ走行を開始しました [シナリオ名: ログイン]
[ADMIN] 16:56:48.680164 シナリオ走行を終了しました [シナリオ名: ログイン]
[ADMIN] 16:56:48.680174 シナリオ走行を開始しました [シナリオ名: ログイン]
[ADMIN] 16:56:48.699282 シナリオ走行を終了しました [シナリオ名: ログイン]
[ADMIN] 16:56:48.699293 シナリオ走行を開始しました [シナリオ名: ログイン]
[ADMIN] 16:56:48.715720 シナリオ走行を終了しました [シナリオ名: ログイン]
[ADMIN] 16:56:48.715738 シナリオ走行を開始しました [シナリオ名: ログイン]
[ADMIN] 16:56:48.717120 シナリオ走行を終了しました [シナリオ名: ログイン]
[ADMIN] 16:56:48.717130 シナリオ走行を開始しました [シナリオ名: ログイン]
[ADMIN] 16:56:48.804998 シナリオ走行を終了しました [シナリオ名: Banユーザログイン]
[ADMIN] 16:56:48.805014 シナリオ走行を開始しました [シナリオ名: Banユーザログイン]
[ADMIN] 16:56:48.834130 シナリオ走行を終了しました [シナリオ名: Banユーザログイン]
[ADMIN] 16:56:48.834150 シナリオ走行を開始しました [シナリオ名: Banユーザログイン]
[ADMIN] 16:56:48.847851 シナリオ走行を終了しました [シナリオ名: ログイン]
[ADMIN] 16:56:48.847867 シナリオ走行を開始しました [シナリオ名: ログイン]
[ADMIN] 16:56:48.864666 シナリオ走行を終了しました [シナリオ名: ログイン]
[ADMIN] 16:56:48.864677 シナリオ走行を開始しました [シナリオ名: ログイン]
[ADMIN] 16:56:48.878613 シナリオ走行を終了しました [シナリオ名: 新規ユーザー登録]
[ADMIN] 16:56:48.878657 シナリオ走行を開始しました [シナリオ名: 新規ユーザー登録]
[ADMIN] 16:56:48.881620 シナリオ走行を終了しました [シナリオ名: ログイン]
[ADMIN] 16:56:48.881629 シナリオ走行を開始しました [シナリオ名: ログイン]
[ADMIN] 16:56:48.889256 シナリオ走行を終了しました [シナリオ名: 新規ユーザー登録]
[ADMIN] 16:56:48.889284 シナリオ走行を開始しました [シナリオ名: 新規ユーザー登録]
[ADMIN] 16:56:48.927632 シナリオ走行を終了しました [シナリオ名: ログイン]
[ADMIN] 16:56:48.927646 シナリオ走行を開始しました [シナリオ名: ログイン]
[ADMIN] 16:56:48.933963 シナリオ走行を終了しました [シナリオ名: ログイン]
[ADMIN] 16:56:48.933972 シナリオ走行を開始しました [シナリオ名: ログイン]
[ADMIN] 16:56:48.935129 シナリオ走行を終了しました [シナリオ名: ログイン]
[ADMIN] 16:56:48.935139 シナリオ走行を開始しました [シナリオ名: ログイン]
[ADMIN] 16:56:48.961535 シナリオ走行を終了しました [シナリオ名: ログイン]
[ADMIN] 16:56:48.961546 シナリオ走行を開始しました [シナリオ名: ログイン]
[ADMIN] 16:56:48.975517 シナリオ走行を終了しました [シナリオ名: ログイン]
[ADMIN] 16:56:48.975527 シナリオ走行を開始しました [シナリオ名: ログイン]
[ADMIN] 16:56:48.990542 シナリオ走行を終了しました [シナリオ名: ログイン]
[ADMIN] 16:56:48.990553 シナリオ走行を開始しました [シナリオ名: ログイン]
[ADMIN] 16:56:49.023014 シナリオ走行を終了しました [シナリオ名: ログイン]
[ADMIN] 16:56:49.023026 シナリオ走行を開始しました [シナリオ名: ログイン]
[ADMIN] 16:56:49.053926 シナリオ走行を終了しました [シナリオ名: 新規ユーザー登録]
[ADMIN] 16:56:49.053952 シナリオ走行を開始しました [シナリオ名: 新規ユーザー登録]
[ADMIN] 16:56:49.071253 シナリオ走行を終了しました [シナリオ名: 新規ユーザー登録]
[ADMIN] 16:56:49.071275 シナリオ走行を開始しました [シナリオ名: 新規ユーザー登録]
[ADMIN] 16:56:49.098854 シナリオ走行を終了しました [シナリオ名: ログイン]
[ADMIN] 16:56:49.098869 シナリオ走行を開始しました [シナリオ名: ログイン]
[ADMIN] 16:56:49.120530 シナリオ走行を終了しました [シナリオ名: 新規ユーザー登録]
[ADMIN] 16:56:49.120556 シナリオ走行を開始しました [シナリオ名: 新規ユーザー登録]
[ADMIN] 16:56:49.128110 シナリオ走行を終了しました [シナリオ名: ログイン]
[ADMIN] 16:56:49.128122 シナリオ走行を開始しました [シナリオ名: ログイン]
[ADMIN] 16:56:49.198769 シナリオ走行を終了しました [シナリオ名: ログイン]
[ADMIN] 16:56:49.198783 シナリオ走行を開始しました [シナリオ名: ログイン]
[ADMIN] 16:56:49.203580 シナリオ走行を終了しました [シナリオ名: ログイン]
[ADMIN] 16:56:49.203590 シナリオ走行を開始しました [シナリオ名: ログイン]
[ADMIN] 16:56:49.222613 シナリオ走行を終了しました [シナリオ名: ログイン]
[ADMIN] 16:56:49.222647 シナリオ走行を開始しました [シナリオ名: ログイン]
[ADMIN] 16:56:49.243757 シナリオ走行を終了しました [シナリオ名: ログイン]
[ADMIN] 16:56:49.243767 シナリオ走行を開始しました [シナリオ名: ログイン]
[ADMIN] 16:56:49.258535 シナリオ走行を終了しました [シナリオ名: ログイン]
[ADMIN] 16:56:49.258542 シナリオ走行を開始しました [シナリオ名: ログイン]
[ADMIN] 16:56:49.265100 シナリオ走行を終了しました [シナリオ名: 新規ユーザー登録]
[ADMIN] 16:56:49.265116 シナリオ走行を開始しました [シナリオ名: 新規ユーザー登録]
[ADMIN] 16:56:49.275520 シナリオ走行を終了しました [シナリオ名: ログイン]
[ADMIN] 16:56:49.275528 シナリオ走行を開始しました [シナリオ名: ログイン]
[ADMIN] 16:56:49.306521 シナリオ走行を終了しました [シナリオ名: ログイン]
[ADMIN] 16:56:49.306532 シナリオ走行を開始しました [シナリオ名: ログイン]
[ADMIN] 16:56:49.307166 シナリオ走行を終了しました [シナリオ名: Banユーザログイン]
[ADMIN] 16:56:49.307180 シナリオ走行を開始しました [シナリオ名: Banユーザログイン]
[ADMIN] 16:56:49.311265 シナリオ走行を終了しました [シナリオ名: 新規ユーザー登録]
[ADMIN] 16:56:49.311282 シナリオ走行を開始しました [シナリオ名: 新規ユーザー登録]
[ADMIN] 16:56:49.336483 シナリオ走行を終了しました [シナリオ名: Banユーザログイン]
[ADMIN] 16:56:49.336496 シナリオ走行を開始しました [シナリオ名: Banユーザログイン]
[ADMIN] 16:56:49.337720 シナリオ走行を終了しました [シナリオ名: ログイン]
[ADMIN] 16:56:49.337730 シナリオ走行を開始しました [シナリオ名: ログイン]
[ADMIN] 16:56:49.345550 シナリオ走行を終了しました [シナリオ名: ログイン]
[ADMIN] 16:56:49.345559 シナリオ走行を開始しました [シナリオ名: ログイン]
[ADMIN] 16:56:49.359490 シナリオ走行を終了しました [シナリオ名: ログイン]
[ADMIN] 16:56:49.359500 シナリオ走行を開始しました [シナリオ名: ログイン]
[ADMIN] 16:56:49.384560 シナリオ走行を終了しました [シナリオ名: ログイン]
[ADMIN] 16:56:49.384576 シナリオ走行を開始しました [シナリオ名: ログイン]
[ADMIN] 16:56:49.411657 シナリオ走行を終了しました [シナリオ名: ログイン]
[ADMIN] 16:56:49.411668 シナリオ走行を開始しました [シナリオ名: ログイン]
[ADMIN] 16:56:49.418965 シナリオ走行を終了しました [シナリオ名: ログイン]
[ADMIN] 16:56:49.418973 シナリオ走行を開始しました [シナリオ名: ログイン]
[ADMIN] 16:56:49.427872 シナリオ走行を終了しました [シナリオ名: ログイン]
[ADMIN] 16:56:49.427880 シナリオ走行を開始しました [シナリオ名: ログイン]
[ADMIN] 16:56:49.428847 シナリオ走行を終了しました [シナリオ名: ログイン]
[ADMIN] 16:56:49.428856 シナリオ走行を開始しました [シナリオ名: ログイン]
[ADMIN] 16:56:49.501263 シナリオ走行を終了しました [シナリオ名: ログイン]
[ADMIN] 16:56:49.501279 シナリオ走行を開始しました [シナリオ名: ログイン]
[ADMIN] 16:56:49.526039 シナリオ走行を終了しました [シナリオ名: ログイン]
[ADMIN] 16:56:49.526066 シナリオ走行を開始しました [シナリオ名: ログイン]
[ADMIN] 16:56:49.539856 シナリオ走行を終了しました [シナリオ名: 新規ユーザー登録]
[ADMIN] 16:56:49.539875 シナリオ走行を開始しました [シナリオ名: 新規ユーザー登録]
[ADMIN] 16:56:49.572653 シナリオ走行を終了しました [シナリオ名: ログイン]
[ADMIN] 16:56:49.572666 シナリオ走行を開始しました [シナリオ名: ログイン]
[ADMIN] 16:56:49.598511 シナリオ走行を終了しました [シナリオ名: 新規ユーザー登録]
[ADMIN] 16:56:49.598529 シナリオ走行を開始しました [シナリオ名: 新規ユーザー登録]
[ADMIN] 16:56:49.613788 シナリオ走行を終了しました [シナリオ名: ログイン]
[ADMIN] 16:56:49.613798 シナリオ走行を開始しました [シナリオ名: ログイン]
[ADMIN] 16:56:49.619682 シナリオ走行を終了しました [シナリオ名: ログイン]
[ADMIN] 16:56:49.619692 シナリオ走行を開始しました [シナリオ名: ログイン]
[ADMIN] 16:56:49.626716 シナリオ走行を終了しました [シナリオ名: ログイン]
[ADMIN] 16:56:49.626727 シナリオ走行を開始しました [シナリオ名: ログイン]
[ADMIN] 16:56:49.636056 シナリオ走行を終了しました [シナリオ名: 新規ユーザー登録]
[ADMIN] 16:56:49.636078 シナリオ走行を開始しました [シナリオ名: 新規ユーザー登録]
16:56:49.668314 現在のログイン成功数: [total: 951 (+682人)]
16:56:49.668323 現在のユーザー登録成功数: [total: 479 (+291人)]
[ADMIN] 16:56:49.668313 シナリオ走行を開始しました [シナリオ名: マスター更新]
[ADMIN] 16:56:49.687765 シナリオ走行を終了しました [シナリオ名: 新規ユーザー登録]
[ADMIN] 16:56:49.687790 シナリオ走行を開始しました [シナリオ名: 新規ユーザー登録]
[ADMIN] 16:56:49.694144 シナリオ走行を終了しました [シナリオ名: ログイン]
[ADMIN] 16:56:49.694155 シナリオ走行を開始しました [シナリオ名: ログイン]
[ADMIN] 16:56:49.705984 シナリオ走行を終了しました [シナリオ名: ログイン]
[ADMIN] 16:56:49.706010 シナリオ走行を開始しました [シナリオ名: ログイン]
[ADMIN] 16:56:49.706049 シナリオ走行を開始しました [シナリオ名: ログイン]
[ADMIN] 16:56:49.706058 シナリオ走行を開始しました [シナリオ名: ログイン]
[ADMIN] 16:56:49.706060 シナリオ走行を開始しました [シナリオ名: ログイン]
[ADMIN] 16:56:49.706062 シナリオ走行を開始しました [シナリオ名: ログイン]
[ADMIN] 16:56:49.706063 シナリオ走行を開始しました [シナリオ名: ログイン]
[ADMIN] 16:56:49.706067 シナリオ走行を開始しました [シナリオ名: ログイン]
[ADMIN] 16:56:49.706068 シナリオ走行を開始しました [シナリオ名: ログイン]
[ADMIN] 16:56:49.706070 シナリオ走行を開始しました [シナリオ名: ログイン]
[ADMIN] 16:56:49.706071 シナリオ走行を開始しました [シナリオ名: ログイン]
[ADMIN] 16:56:49.706085 シナリオ走行を開始しました [シナリオ名: ログイン]
[ADMIN] 16:56:49.706087 シナリオ走行を開始しました [シナリオ名: ログイン]
[ADMIN] 16:56:49.706090 シナリオ走行を開始しました [シナリオ名: ログイン]
[ADMIN] 16:56:49.706092 シナリオ走行を開始しました [シナリオ名: ログイン]
[ADMIN] 16:56:49.706088 シナリオ走行を開始しました [シナリオ名: ログイン]
[ADMIN] 16:56:49.706095 シナリオ走行を開始しました [シナリオ名: ログイン]
[ADMIN] 16:56:49.750833 シナリオ走行を終了しました [シナリオ名: ログイン]
16:56:49.843518 マスターデータの更新が完了しました。次のマスターバージョンは「2」です。
[ADMIN] 16:56:49.782079 シナリオ走行を終了しました [シナリオ名: 新規ユーザー登録]
[ADMIN] 16:56:49.782099 シナリオ走行を開始しました [シナリオ名: 新規ユーザー登録]
[ADMIN] 16:56:49.809672 シナリオ走行を終了しました [シナリオ名: Banユーザログイン]
[ADMIN] 16:56:49.809696 シナリオ走行を開始しました [シナリオ名: Banユーザログイン]
[ADMIN] 16:56:49.841336 シナリオ走行を終了しました [シナリオ名: ログイン]
[ADMIN] 16:56:49.841346 シナリオ走行を終了しました [シナリオ名: Banユーザログイン]
[ADMIN] 16:56:49.841357 シナリオ走行を開始しました [シナリオ名: Banユーザログイン]
[ADMIN] 16:56:49.843228 シナリオ走行を終了しました [シナリオ名: ログイン]
[ADMIN] 16:56:49.843240 シナリオ走行を開始しました [シナリオ名: ログイン]
[ADMIN] 16:56:49.843282 シナリオ走行を開始しました [シナリオ名: ログイン]
[ADMIN] 16:56:49.843293 シナリオ走行を開始しました [シナリオ名: ログイン]
[ADMIN] 16:56:49.846241 シナリオ走行を終了しました [シナリオ名: ログイン]
[ADMIN] 16:56:49.846249 シナリオ走行を開始しました [シナリオ名: ログイン]
[ADMIN] 16:56:49.846654 シナリオ走行を終了しました [シナリオ名: ログイン]
[ADMIN] 16:56:49.846662 シナリオ走行を開始しました [シナリオ名: ログイン]
[ADMIN] 16:56:49.847446 シナリオ走行を終了しました [シナリオ名: マスター更新]
[ADMIN] 16:56:49.848152 シナリオ走行を終了しました [シナリオ名: ログイン]
[ADMIN] 16:56:49.848160 シナリオ走行を開始しました [シナリオ名: ログイン]
[ADMIN] 16:56:49.975916 シナリオ走行を終了しました [シナリオ名: ログイン]
[ADMIN] 16:56:50.134895 シナリオ走行を終了しました [シナリオ名: ログイン]
[ADMIN] 16:56:50.134906 シナリオ走行を開始しました [シナリオ名: ログイン]
[ADMIN] 16:56:50.134964 シナリオ走行を開始しました [シナリオ名: ログイン]
[ADMIN] 16:56:50.138199 シナリオ走行を終了しました [シナリオ名: ログイン]
[ADMIN] 16:56:50.145405 シナリオ走行を終了しました [シナリオ名: ログイン]
[ADMIN] 16:56:50.145417 シナリオ走行を開始しました [シナリオ名: ログイン]
[ADMIN] 16:56:50.145428 シナリオ走行を開始しました [シナリオ名: ログイン]
[ADMIN] 16:56:50.159098 シナリオ走行を終了しました [シナリオ名: ログイン]
[ADMIN] 16:56:50.195846 シナリオ走行を終了しました [シナリオ名: ログイン]
[ADMIN] 16:56:50.264365 シナリオ走行を終了しました [シナリオ名: ログイン]
[ADMIN] 16:56:50.264379 シナリオ走行を開始しました [シナリオ名: ログイン]
[ADMIN] 16:56:50.264436 シナリオ走行を開始しました [シナリオ名: ログイン]
[ADMIN] 16:56:50.264451 シナリオ走行を開始しました [シナリオ名: ログイン]
[ADMIN] 16:56:50.293307 シナリオ走行を終了しました [シナリオ名: ログイン]
[ADMIN] 16:56:50.293318 シナリオ走行を開始しました [シナリオ名: ログイン]
[ADMIN] 16:56:50.293997 シナリオ走行を終了しました [シナリオ名: ログイン]
[ADMIN] 16:56:50.294006 シナリオ走行を開始しました [シナリオ名: ログイン]
[ADMIN] 16:56:50.321210 シナリオ走行を終了しました [シナリオ名: ログイン]
[ADMIN] 16:56:50.330501 シナリオ走行を終了しました [シナリオ名: ログイン]
[ADMIN] 16:56:50.330513 シナリオ走行を開始しました [シナリオ名: ログイン]
[ADMIN] 16:56:50.330570 シナリオ走行を開始しました [シナリオ名: ログイン]
[ADMIN] 16:56:50.347167 シナリオ走行を終了しました [シナリオ名: Banユーザログイン]
[ADMIN] 16:56:50.347182 シナリオ走行を開始しました [シナリオ名: Banユーザログイン]
[ADMIN] 16:56:50.351004 シナリオ走行を終了しました [シナリオ名: Banユーザログイン]
[ADMIN] 16:56:50.351018 シナリオ走行を開始しました [シナリオ名: Banユーザログイン]
[ADMIN] 16:56:50.360149 シナリオ走行を終了しました [シナリオ名: ログイン]
[ADMIN] 16:56:50.360161 シナリオ走行を開始しました [シナリオ名: ログイン]
[ADMIN] 16:56:50.372826 シナリオ走行を終了しました [シナリオ名: ログイン]
[ADMIN] 16:56:50.372834 シナリオ走行を開始しました [シナリオ名: ログイン]
[ADMIN] 16:56:50.399849 シナリオ走行を終了しました [シナリオ名: ログイン]
[ADMIN] 16:56:50.399860 シナリオ走行を開始しました [シナリオ名: ログイン]
[ADMIN] 16:56:50.407468 シナリオ走行を終了しました [シナリオ名: ログイン]
[ADMIN] 16:56:50.417180 シナリオ走行を終了しました [シナリオ名: ログイン]
[ADMIN] 16:56:50.418587 シナリオ走行を終了しました [シナリオ名: ログイン]
[ADMIN] 16:56:50.418599 シナリオ走行を開始しました [シナリオ名: ログイン]
[ADMIN] 16:56:50.418635 シナリオ走行を開始しました [シナリオ名: ログイン]
[ADMIN] 16:56:50.418656 シナリオ走行を開始しました [シナリオ名: ログイン]
[ADMIN] 16:56:50.439146 シナリオ走行を終了しました [シナリオ名: ログイン]
[ADMIN] 16:56:50.453585 シナリオ走行を終了しました [シナリオ名: ログイン]
[ADMIN] 16:56:50.453597 シナリオ走行を開始しました [シナリオ名: ログイン]
[ADMIN] 16:56:50.453650 シナリオ走行を開始しました [シナリオ名: ログイン]
[ADMIN] 16:56:50.464849 シナリオ走行を終了しました [シナリオ名: ログイン]
[ADMIN] 16:56:50.468343 シナリオ走行を終了しました [シナリオ名: ログイン]
[ADMIN] 16:56:50.468352 シナリオ走行を開始しました [シナリオ名: ログイン]
[ADMIN] 16:56:50.468410 シナリオ走行を開始しました [シナリオ名: ログイン]
[ADMIN] 16:56:50.495993 シナリオ走行を終了しました [シナリオ名: ログイン]
[ADMIN] 16:56:50.496004 シナリオ走行を開始しました [シナリオ名: ログイン]
[ADMIN] 16:56:50.540603 シナリオ走行を終了しました [シナリオ名: ログイン]
[ADMIN] 16:56:50.546900 シナリオ走行を終了しました [シナリオ名: ログイン]
[ADMIN] 16:56:50.546912 シナリオ走行を開始しました [シナリオ名: ログイン]
[ADMIN] 16:56:50.546968 シナリオ走行を開始しました [シナリオ名: ログイン]
[ADMIN] 16:56:50.573300 シナリオ走行を終了しました [シナリオ名: ログイン]
[ADMIN] 16:56:50.573315 シナリオ走行を開始しました [シナリオ名: ログイン]
[ADMIN] 16:56:50.605821 シナリオ走行を終了しました [シナリオ名: ログイン]
[ADMIN] 16:56:50.605835 シナリオ走行を開始しました [シナリオ名: ログイン]
[ADMIN] 16:56:50.655978 シナリオ走行を終了しました [シナリオ名: 新規ユーザー登録]
[ADMIN] 16:56:50.656009 シナリオ走行を開始しました [シナリオ名: 新規ユーザー登録]
[ADMIN] 16:56:50.656014 シナリオ走行を開始しました [シナリオ名: 新規ユーザー登録]
[ADMIN] 16:56:50.656059 シナリオ走行を開始しました [シナリオ名: 新規ユーザー登録]
[ADMIN] 16:56:50.656066 シナリオ走行を開始しました [シナリオ名: 新規ユーザー登録]
[ADMIN] 16:56:50.656009 シナリオ走行を開始しました [シナリオ名: 新規ユーザー登録]
[ADMIN] 16:56:50.656146 シナリオ走行を開始しました [シナリオ名: 新規ユーザー登録]
[ADMIN] 16:56:50.656201 シナリオ走行を開始しました [シナリオ名: 新規ユーザー登録]
[ADMIN] 16:56:50.656219 シナリオ走行を開始しました [シナリオ名: 新規ユーザー登録]
[ADMIN] 16:56:50.656059 シナリオ走行を開始しました [シナリオ名: 新規ユーザー登録]
[ADMIN] 16:56:50.681708 シナリオ走行を終了しました [シナリオ名: ログイン]
[ADMIN] 16:56:50.681718 シナリオ走行を開始しました [シナリオ名: ログイン]
[ADMIN] 16:56:50.729482 シナリオ走行を終了しました [シナリオ名: ログイン]
[ADMIN] 16:56:50.729494 シナリオ走行を開始しました [シナリオ名: ログイン]
[ADMIN] 16:56:50.740653 シナリオ走行を終了しました [シナリオ名: ログイン]
[ADMIN] 16:56:50.740662 シナリオ走行を開始しました [シナリオ名: ログイン]
[ADMIN] 16:56:50.749138 シナリオ走行を終了しました [シナリオ名: ログイン]
[ADMIN] 16:56:50.749147 シナリオ走行を開始しました [シナリオ名: ログイン]
[ADMIN] 16:56:50.772149 シナリオ走行を終了しました [シナリオ名: ログイン]
[ADMIN] 16:56:50.772163 シナリオ走行を開始しました [シナリオ名: ログイン]
[ADMIN] 16:56:50.790086 シナリオ走行を終了しました [シナリオ名: 新規ユーザー登録]
[ADMIN] 16:56:50.840679 シナリオ走行を終了しました [シナリオ名: 新規ユーザー登録]
[ADMIN] 16:56:50.849793 シナリオ走行を終了しました [シナリオ名: Banユーザログイン]
[ADMIN] 16:56:50.849808 シナリオ走行を開始しました [シナリオ名: Banユーザログイン]
[ADMIN] 16:56:50.856888 シナリオ走行を終了しました [シナリオ名: Banユーザログイン]
[ADMIN] 16:56:50.856911 シナリオ走行を開始しました [シナリオ名: Banユーザログイン]
[ADMIN] 16:56:50.856918 シナリオ走行を開始しました [シナリオ名: Banユーザログイン]
[ADMIN] 16:56:50.856991 シナリオ走行を開始しました [シナリオ名: Banユーザログイン]
[ADMIN] 16:56:50.874104 シナリオ走行を終了しました [シナリオ名: ログイン]
[ADMIN] 16:56:50.874113 シナリオ走行を開始しました [シナリオ名: ログイン]
[ADMIN] 16:56:50.874666 シナリオ走行を終了しました [シナリオ名: ログイン]
[ADMIN] 16:56:50.874676 シナリオ走行を開始しました [シナリオ名: ログイン]
[ADMIN] 16:56:50.880901 シナリオ走行を終了しました [シナリオ名: ログイン]
[ADMIN] 16:56:50.880910 シナリオ走行を開始しました [シナリオ名: ログイン]
[ADMIN] 16:56:50.882106 シナリオ走行を終了しました [シナリオ名: ログイン]
[ADMIN] 16:56:50.882114 シナリオ走行を開始しました [シナリオ名: ログイン]
[ADMIN] 16:56:50.890400 シナリオ走行を終了しました [シナリオ名: ログイン]
[ADMIN] 16:56:50.890411 シナリオ走行を開始しました [シナリオ名: ログイン]
[ADMIN] 16:56:50.898787 シナリオ走行を終了しました [シナリオ名: ログイン]
[ADMIN] 16:56:50.898795 シナリオ走行を開始しました [シナリオ名: ログイン]
[ADMIN] 16:56:50.921724 シナリオ走行を終了しました [シナリオ名: ログイン]
[ADMIN] 16:56:50.921736 シナリオ走行を開始しました [シナリオ名: ログイン]
[ADMIN] 16:56:50.971173 シナリオ走行を終了しました [シナリオ名: ログイン]
[ADMIN] 16:56:50.971185 シナリオ走行を開始しました [シナリオ名: ログイン]
[ADMIN] 16:56:51.043351 シナリオ走行を終了しました [シナリオ名: ログイン]
[ADMIN] 16:56:51.043368 シナリオ走行を開始しました [シナリオ名: ログイン]
[ADMIN] 16:56:51.078112 シナリオ走行を終了しました [シナリオ名: 新規ユーザー登録]
[ADMIN] 16:56:51.113173 シナリオ走行を終了しました [シナリオ名: ログイン]
[ADMIN] 16:56:51.113188 シナリオ走行を開始しました [シナリオ名: ログイン]
[ADMIN] 16:56:51.127237 シナリオ走行を終了しました [シナリオ名: 新規ユーザー登録]
[ADMIN] 16:56:51.127259 シナリオ走行を開始しました [シナリオ名: 新規ユーザー登録]
[ADMIN] 16:56:51.127295 シナリオ走行を開始しました [シナリオ名: 新規ユーザー登録]
[ADMIN] 16:56:51.127299 シナリオ走行を開始しました [シナリオ名: 新規ユーザー登録]
[ADMIN] 16:56:51.127338 シナリオ走行を開始しました [シナリオ名: 新規ユーザー登録]
[ADMIN] 16:56:51.148395 シナリオ走行を終了しました [シナリオ名: ログイン]
[ADMIN] 16:56:51.148409 シナリオ走行を開始しました [シナリオ名: ログイン]
[ADMIN] 16:56:51.157223 シナリオ走行を終了しました [シナリオ名: 新規ユーザー登録]
[ADMIN] 16:56:51.173701 シナリオ走行を終了しました [シナリオ名: ログイン]
[ADMIN] 16:56:51.173712 シナリオ走行を開始しました [シナリオ名: ログイン]
[ADMIN] 16:56:51.203349 シナリオ走行を終了しました [シナリオ名: ログイン]
[ADMIN] 16:56:51.203358 シナリオ走行を開始しました [シナリオ名: ログイン]
[ADMIN] 16:56:51.212870 シナリオ走行を終了しました [シナリオ名: ログイン]
[ADMIN] 16:56:51.212881 シナリオ走行を開始しました [シナリオ名: ログイン]
[ADMIN] 16:56:51.213801 シナリオ走行を終了しました [シナリオ名: ログイン]
[ADMIN] 16:56:51.213813 シナリオ走行を開始しました [シナリオ名: ログイン]
[ADMIN] 16:56:51.243950 シナリオ走行を終了しました [シナリオ名: ログイン]
[ADMIN] 16:56:51.243963 シナリオ走行を開始しました [シナリオ名: ログイン]
[ADMIN] 16:56:51.257720 シナリオ走行を終了しました [シナリオ名: ログイン]
[ADMIN] 16:56:51.257733 シナリオ走行を開始しました [シナリオ名: ログイン]
[ADMIN] 16:56:51.286524 シナリオ走行を終了しました [シナリオ名: ログイン]
[ADMIN] 16:56:51.286539 シナリオ走行を開始しました [シナリオ名: ログイン]
[ADMIN] 16:56:51.292214 シナリオ走行を終了しました [シナリオ名: ログイン]
[ADMIN] 16:56:51.292225 シナリオ走行を開始しました [シナリオ名: ログイン]
[ADMIN] 16:56:51.292608 シナリオ走行を終了しました [シナリオ名: ログイン]
[ADMIN] 16:56:51.292624 シナリオ走行を開始しました [シナリオ名: ログイン]
[ADMIN] 16:56:51.302504 シナリオ走行を終了しました [シナリオ名: ログイン]
[ADMIN] 16:56:51.302513 シナリオ走行を開始しました [シナリオ名: ログイン]
[ADMIN] 16:56:51.307860 シナリオ走行を終了しました [シナリオ名: ログイン]
[ADMIN] 16:56:51.307870 シナリオ走行を開始しました [シナリオ名: ログイン]
[ADMIN] 16:56:51.339166 シナリオ走行を終了しました [シナリオ名: ログイン]
[ADMIN] 16:56:51.339177 シナリオ走行を開始しました [シナリオ名: ログイン]
[ADMIN] 16:56:51.353738 シナリオ走行を終了しました [シナリオ名: Banユーザログイン]
[ADMIN] 16:56:51.360936 シナリオ走行を終了しました [シナリオ名: ログイン]
[ADMIN] 16:56:51.360945 シナリオ走行を開始しました [シナリオ名: ログイン]
[ADMIN] 16:56:51.371546 シナリオ走行を終了しました [シナリオ名: Banユーザログイン]
[ADMIN] 16:56:51.371566 シナリオ走行を開始しました [シナリオ名: Banユーザログイン]
[ADMIN] 16:56:51.371620 シナリオ走行を開始しました [シナリオ名: Banユーザログイン]
[ADMIN] 16:56:51.371632 シナリオ走行を終了しました [シナリオ名: Banユーザログイン]
[ADMIN] 16:56:51.371640 シナリオ走行を開始しました [シナリオ名: Banユーザログイン]
[ADMIN] 16:56:51.377669 シナリオ走行を終了しました [シナリオ名: ログイン]
[ADMIN] 16:56:51.377678 シナリオ走行を開始しました [シナリオ名: ログイン]
[ADMIN] 16:56:51.390925 シナリオ走行を終了しました [シナリオ名: Banユーザログイン]
[ADMIN] 16:56:51.390938 シナリオ走行を開始しました [シナリオ名: Banユーザログイン]
[ADMIN] 16:56:51.416248 シナリオ走行を終了しました [シナリオ名: ログイン]
[ADMIN] 16:56:51.416257 シナリオ走行を開始しました [シナリオ名: ログイン]
[ADMIN] 16:56:51.459690 シナリオ走行を終了しました [シナリオ名: ログイン]
[ADMIN] 16:56:51.459700 シナリオ走行を開始しました [シナリオ名: ログイン]
[ADMIN] 16:56:51.475867 シナリオ走行を終了しました [シナリオ名: ログイン]
[ADMIN] 16:56:51.475876 シナリオ走行を開始しました [シナリオ名: ログイン]
[ADMIN] 16:56:51.520070 シナリオ走行を終了しました [シナリオ名: ログイン]
[ADMIN] 16:56:51.520082 シナリオ走行を開始しました [シナリオ名: ログイン]
[ADMIN] 16:56:51.523056 シナリオ走行を終了しました [シナリオ名: ログイン]
[ADMIN] 16:56:51.523064 シナリオ走行を開始しました [シナリオ名: ログイン]
[ADMIN] 16:56:51.530570 シナリオ走行を終了しました [シナリオ名: ログイン]
[ADMIN] 16:56:51.530579 シナリオ走行を開始しました [シナリオ名: ログイン]
[ADMIN] 16:56:51.545155 シナリオ走行を終了しました [シナリオ名: ログイン]
[ADMIN] 16:56:51.545163 シナリオ走行を開始しました [シナリオ名: ログイン]
[ADMIN] 16:56:51.547267 シナリオ走行を終了しました [シナリオ名: 新規ユーザー登録]
[ADMIN] 16:56:51.547288 シナリオ走行を開始しました [シナリオ名: 新規ユーザー登録]
[ADMIN] 16:56:51.547306 シナリオ走行を開始しました [シナリオ名: 新規ユーザー登録]
[ADMIN] 16:56:51.553180 シナリオ走行を終了しました [シナリオ名: ログイン]
[ADMIN] 16:56:51.553188 シナリオ走行を開始しました [シナリオ名: ログイン]
[ADMIN] 16:56:51.587404 シナリオ走行を終了しました [シナリオ名: ログイン]
[ADMIN] 16:56:51.587414 シナリオ走行を開始しました [シナリオ名: ログイン]
[ADMIN] 16:56:51.615877 シナリオ走行を終了しました [シナリオ名: ログイン]
[ADMIN] 16:56:51.615886 シナリオ走行を開始しました [シナリオ名: ログイン]
[ADMIN] 16:56:51.652957 シナリオ走行を終了しました [シナリオ名: ログイン]
[ADMIN] 16:56:51.652970 シナリオ走行を開始しました [シナリオ名: ログイン]
[ADMIN] 16:56:51.682819 シナリオ走行を終了しました [シナリオ名: 新規ユーザー登録]
[ADMIN] 16:56:51.682840 シナリオ走行を開始しました [シナリオ名: 新規ユーザー登録]
[ADMIN] 16:56:51.701227 シナリオ走行を終了しました [シナリオ名: ログイン]
[ADMIN] 16:56:51.701236 シナリオ走行を開始しました [シナリオ名: ログイン]
[ADMIN] 16:56:51.738584 シナリオ走行を終了しました [シナリオ名: 新規ユーザー登録]
[ADMIN] 16:56:51.738607 シナリオ走行を開始しました [シナリオ名: 新規ユーザー登録]
[ADMIN] 16:56:51.749106 シナリオ走行を終了しました [シナリオ名: 新規ユーザー登録]
[ADMIN] 16:56:51.749124 シナリオ走行を開始しました [シナリオ名: 新規ユーザー登録]
[ADMIN] 16:56:51.800612 シナリオ走行を終了しました [シナリオ名: 新規ユーザー登録]
[ADMIN] 16:56:51.800642 シナリオ走行を開始しました [シナリオ名: 新規ユーザー登録]
[ADMIN] 16:56:51.830003 シナリオ走行を終了しました [シナリオ名: 新規ユーザー登録]
[ADMIN] 16:56:51.830031 シナリオ走行を開始しました [シナリオ名: 新規ユーザー登録]
[ADMIN] 16:56:51.848687 シナリオ走行を終了しました [シナリオ名: 新規ユーザー登録]
[ADMIN] 16:56:51.848711 シナリオ走行を開始しました [シナリオ名: 新規ユーザー登録]
[ADMIN] 16:56:51.861078 シナリオ走行を終了しました [シナリオ名: ログイン]
[ADMIN] 16:56:51.861093 シナリオ走行を開始しました [シナリオ名: ログイン]
[ADMIN] 16:56:51.874116 シナリオ走行を終了しました [シナリオ名: Banユーザログイン]
[ADMIN] 16:56:51.874134 シナリオ走行を開始しました [シナリオ名: Banユーザログイン]
[ADMIN] 16:56:51.875538 シナリオ走行を終了しました [シナリオ名: Banユーザログイン]
[ADMIN] 16:56:51.875546 シナリオ走行を開始しました [シナリオ名: Banユーザログイン]
[ADMIN] 16:56:51.875551 シナリオ走行を終了しました [シナリオ名: Banユーザログイン]
[ADMIN] 16:56:51.875562 シナリオ走行を開始しました [シナリオ名: Banユーザログイン]
[ADMIN] 16:56:51.888008 シナリオ走行を終了しました [シナリオ名: ログイン]
[ADMIN] 16:56:51.888018 シナリオ走行を開始しました [シナリオ名: ログイン]
[ADMIN] 16:56:51.899548 シナリオ走行を終了しました [シナリオ名: Banユーザログイン]
[ADMIN] 16:56:51.899562 シナリオ走行を開始しました [シナリオ名: Banユーザログイン]
[ADMIN] 16:56:51.902724 シナリオ走行を終了しました [シナリオ名: 新規ユーザー登録]
[ADMIN] 16:56:51.902738 シナリオ走行を開始しました [シナリオ名: 新規ユーザー登録]
[ADMIN] 16:56:51.914914 シナリオ走行を終了しました [シナリオ名: ログイン]
[ADMIN] 16:56:51.914925 シナリオ走行を開始しました [シナリオ名: ログイン]
[ADMIN] 16:56:51.917059 シナリオ走行を終了しました [シナリオ名: ログイン]
[ADMIN] 16:56:51.917067 シナリオ走行を開始しました [シナリオ名: ログイン]
[ADMIN] 16:56:52.002149 シナリオ走行を終了しました [シナリオ名: ログイン]
[ADMIN] 16:56:52.002162 シナリオ走行を開始しました [シナリオ名: ログイン]
[ADMIN] 16:56:52.002553 シナリオ走行を終了しました [シナリオ名: ログイン]
[ADMIN] 16:56:52.002565 シナリオ走行を開始しました [シナリオ名: ログイン]
[ADMIN] 16:56:52.047711 シナリオ走行を終了しました [シナリオ名: ログイン]
[ADMIN] 16:56:52.047725 シナリオ走行を開始しました [シナリオ名: ログイン]
[ADMIN] 16:56:52.052299 シナリオ走行を終了しました [シナリオ名: ログイン]
[ADMIN] 16:56:52.052310 シナリオ走行を開始しました [シナリオ名: ログイン]
[ADMIN] 16:56:52.072620 シナリオ走行を終了しました [シナリオ名: ログイン]
[ADMIN] 16:56:52.072632 シナリオ走行を開始しました [シナリオ名: ログイン]
[ADMIN] 16:56:52.080475 シナリオ走行を終了しました [シナリオ名: ログイン]
[ADMIN] 16:56:52.080486 シナリオ走行を開始しました [シナリオ名: ログイン]
[ADMIN] 16:56:52.083415 シナリオ走行を終了しました [シナリオ名: ログイン]
[ADMIN] 16:56:52.083426 シナリオ走行を開始しました [シナリオ名: ログイン]
[ADMIN] 16:56:52.096397 シナリオ走行を終了しました [シナリオ名: 新規ユーザー登録]
[ADMIN] 16:56:52.096415 シナリオ走行を開始しました [シナリオ名: 新規ユーザー登録]
[ADMIN] 16:56:52.152965 シナリオ走行を終了しました [シナリオ名: ログイン]
[ADMIN] 16:56:52.152976 シナリオ走行を開始しました [シナリオ名: ログイン]
[ADMIN] 16:56:52.215775 シナリオ走行を終了しました [シナリオ名: ログイン]
[ADMIN] 16:56:52.215787 シナリオ走行を開始しました [シナリオ名: ログイン]
[ADMIN] 16:56:52.223697 シナリオ走行を終了しました [シナリオ名: ログイン]
[ADMIN] 16:56:52.223709 シナリオ走行を開始しました [シナリオ名: ログイン]
[ADMIN] 16:56:52.237955 シナリオ走行を終了しました [シナリオ名: 新規ユーザー登録]
[ADMIN] 16:56:52.237978 シナリオ走行を開始しました [シナリオ名: 新規ユーザー登録]
[ADMIN] 16:56:52.240591 シナリオ走行を終了しました [シナリオ名: ログイン]
[ADMIN] 16:56:52.240599 シナリオ走行を開始しました [シナリオ名: ログイン]
[ADMIN] 16:56:52.244714 シナリオ走行を終了しました [シナリオ名: ログイン]
[ADMIN] 16:56:52.244727 シナリオ走行を開始しました [シナリオ名: ログイン]
[ADMIN] 16:56:52.249783 シナリオ走行を終了しました [シナリオ名: ログイン]
[ADMIN] 16:56:52.249794 シナリオ走行を開始しました [シナリオ名: ログイン]
[ADMIN] 16:56:52.249858 シナリオ走行を終了しました [シナリオ名: ログイン]
[ADMIN] 16:56:52.249867 シナリオ走行を開始しました [シナリオ名: ログイン]
[ADMIN] 16:56:52.266447 シナリオ走行を終了しました [シナリオ名: ログイン]
[ADMIN] 16:56:52.266457 シナリオ走行を開始しました [シナリオ名: ログイン]
[ADMIN] 16:56:52.271391 シナリオ走行を終了しました [シナリオ名: ログイン]
[ADMIN] 16:56:52.271398 シナリオ走行を開始しました [シナリオ名: ログイン]
[ADMIN] 16:56:52.278966 シナリオ走行を終了しました [シナリオ名: ログイン]
[ADMIN] 16:56:52.278981 シナリオ走行を開始しました [シナリオ名: ログイン]
[ADMIN] 16:56:52.297428 シナリオ走行を終了しました [シナリオ名: ログイン]
[ADMIN] 16:56:52.297438 シナリオ走行を開始しました [シナリオ名: ログイン]
[ADMIN] 16:56:52.300389 シナリオ走行を終了しました [シナリオ名: ログイン]
[ADMIN] 16:56:52.300404 シナリオ走行を開始しました [シナリオ名: ログイン]
[ADMIN] 16:56:52.315891 シナリオ走行を終了しました [シナリオ名: ログイン]
[ADMIN] 16:56:52.315901 シナリオ走行を開始しました [シナリオ名: ログイン]
[ADMIN] 16:56:52.330563 シナリオ走行を終了しました [シナリオ名: ログイン]
[ADMIN] 16:56:52.330571 シナリオ走行を開始しました [シナリオ名: ログイン]
[ADMIN] 16:56:52.335272 シナリオ走行を終了しました [シナリオ名: ログイン]
[ADMIN] 16:56:52.335282 シナリオ走行を開始しました [シナリオ名: ログイン]
[ADMIN] 16:56:52.367358 シナリオ走行を終了しました [シナリオ名: 新規ユーザー登録]
[ADMIN] 16:56:52.367377 シナリオ走行を開始しました [シナリオ名: 新規ユーザー登録]
[ADMIN] 16:56:52.376691 シナリオ走行を終了しました [シナリオ名: Banユーザログイン]
[ADMIN] 16:56:52.376709 シナリオ走行を開始しました [シナリオ名: Banユーザログイン]
[ADMIN] 16:56:52.378093 シナリオ走行を終了しました [シナリオ名: Banユーザログイン]
[ADMIN] 16:56:52.378107 シナリオ走行を開始しました [シナリオ名: Banユーザログイン]
[ADMIN] 16:56:52.378220 シナリオ走行を終了しました [シナリオ名: Banユーザログイン]
[ADMIN] 16:56:52.378239 シナリオ走行を開始しました [シナリオ名: Banユーザログイン]
[ADMIN] 16:56:52.388249 シナリオ走行を終了しました [シナリオ名: ログイン]
[ADMIN] 16:56:52.388260 シナリオ走行を開始しました [シナリオ名: ログイン]
[ADMIN] 16:56:52.391428 シナリオ走行を終了しました [シナリオ名: 新規ユーザー登録]
[ADMIN] 16:56:52.391443 シナリオ走行を開始しました [シナリオ名: 新規ユーザー登録]
[ADMIN] 16:56:52.402074 シナリオ走行を終了しました [シナリオ名: Banユーザログイン]
[ADMIN] 16:56:52.402091 シナリオ走行を開始しました [シナリオ名: Banユーザログイン]
[ADMIN] 16:56:52.472123 シナリオ走行を終了しました [シナリオ名: ログイン]
[ADMIN] 16:56:52.472137 シナリオ走行を開始しました [シナリオ名: ログイン]
[ADMIN] 16:56:52.482853 シナリオ走行を終了しました [シナリオ名: ログイン]
[ADMIN] 16:56:52.482862 シナリオ走行を開始しました [シナリオ名: ログイン]
[ADMIN] 16:56:52.483089 シナリオ走行を終了しました [シナリオ名: 新規ユーザー登録]
[ADMIN] 16:56:52.483111 シナリオ走行を開始しました [シナリオ名: 新規ユーザー登録]
[ADMIN] 16:56:52.496341 シナリオ走行を終了しました [シナリオ名: ログイン]
[ADMIN] 16:56:52.496349 シナリオ走行を開始しました [シナリオ名: ログイン]
[ADMIN] 16:56:52.547819 シナリオ走行を終了しました [シナリオ名: ログイン]
[ADMIN] 16:56:52.547831 シナリオ走行を開始しました [シナリオ名: ログイン]
[ADMIN] 16:56:52.558102 シナリオ走行を終了しました [シナリオ名: 新規ユーザー登録]
[ADMIN] 16:56:52.558122 シナリオ走行を開始しました [シナリオ名: 新規ユーザー登録]
[ADMIN] 16:56:52.580039 シナリオ走行を終了しました [シナリオ名: ログイン]
[ADMIN] 16:56:52.580051 シナリオ走行を開始しました [シナリオ名: ログイン]
[ADMIN] 16:56:52.591764 シナリオ走行を終了しました [シナリオ名: ログイン]
[ADMIN] 16:56:52.591775 シナリオ走行を開始しました [シナリオ名: ログイン]
[ADMIN] 16:56:52.600237 シナリオ走行を終了しました [シナリオ名: ログイン]
[ADMIN] 16:56:52.600248 シナリオ走行を開始しました [シナリオ名: ログイン]
[ADMIN] 16:56:52.663282 シナリオ走行を終了しました [シナリオ名: ログイン]
[ADMIN] 16:56:52.663292 シナリオ走行を開始しました [シナリオ名: ログイン]
[ADMIN] 16:56:52.672974 シナリオ走行を終了しました [シナリオ名: ログイン]
[ADMIN] 16:56:52.672983 シナリオ走行を開始しました [シナリオ名: ログイン]
[ADMIN] 16:56:52.677807 シナリオ走行を終了しました [シナリオ名: 新規ユーザー登録]
[ADMIN] 16:56:52.677822 シナリオ走行を開始しました [シナリオ名: 新規ユーザー登録]
[ADMIN] 16:56:52.690990 シナリオ走行を終了しました [シナリオ名: ログイン]
[ADMIN] 16:56:52.690999 シナリオ走行を開始しました [シナリオ名: ログイン]
[ADMIN] 16:56:52.723024 シナリオ走行を終了しました [シナリオ名: 新規ユーザー登録]
[ADMIN] 16:56:52.723049 シナリオ走行を開始しました [シナリオ名: 新規ユーザー登録]
[ADMIN] 16:56:52.764982 シナリオ走行を終了しました [シナリオ名: ログイン]
[ADMIN] 16:56:52.764995 シナリオ走行を開始しました [シナリオ名: ログイン]
[ADMIN] 16:56:52.783648 シナリオ走行を終了しました [シナリオ名: ログイン]
[ADMIN] 16:56:52.783669 シナリオ走行を開始しました [シナリオ名: ログイン]
[ADMIN] 16:56:52.813239 シナリオ走行を終了しました [シナリオ名: 新規ユーザー登録]
[ADMIN] 16:56:52.813267 シナリオ走行を開始しました [シナリオ名: 新規ユーザー登録]
[ADMIN] 16:56:52.827487 シナリオ走行を終了しました [シナリオ名: ログイン]
[ADMIN] 16:56:52.827501 シナリオ走行を開始しました [シナリオ名: ログイン]
[ADMIN] 16:56:52.841914 シナリオ走行を終了しました [シナリオ名: ログイン]
[ADMIN] 16:56:52.841926 シナリオ走行を開始しました [シナリオ名: ログイン]
[ADMIN] 16:56:52.854633 シナリオ走行を終了しました [シナリオ名: ログイン]
[ADMIN] 16:56:52.854644 シナリオ走行を開始しました [シナリオ名: ログイン]
[ADMIN] 16:56:52.882654 シナリオ走行を終了しました [シナリオ名: Banユーザログイン]
[ADMIN] 16:56:52.882671 シナリオ走行を開始しました [シナリオ名: Banユーザログイン]
[ADMIN] 16:56:52.882800 シナリオ走行を終了しました [シナリオ名: Banユーザログイン]
[ADMIN] 16:56:52.882811 シナリオ走行を開始しました [シナリオ名: Banユーザログイン]
[ADMIN] 16:56:52.883012 シナリオ走行を終了しました [シナリオ名: Banユーザログイン]
[ADMIN] 16:56:52.883023 シナリオ走行を開始しました [シナリオ名: Banユーザログイン]
[ADMIN] 16:56:52.890722 シナリオ走行を終了しました [シナリオ名: ログイン]
[ADMIN] 16:56:52.890732 シナリオ走行を開始しました [シナリオ名: ログイン]
[ADMIN] 16:56:52.896703 シナリオ走行を終了しました [シナリオ名: ログイン]
[ADMIN] 16:56:52.896712 シナリオ走行を開始しました [シナリオ名: ログイン]
[ADMIN] 16:56:52.913989 シナリオ走行を終了しました [シナリオ名: Banユーザログイン]
[ADMIN] 16:56:52.914005 シナリオ走行を開始しました [シナリオ名: Banユーザログイン]
[ADMIN] 16:56:52.942920 シナリオ走行を終了しました [シナリオ名: ログイン]
[ADMIN] 16:56:52.942931 シナリオ走行を開始しました [シナリオ名: ログイン]
[ADMIN] 16:56:52.985908 シナリオ走行を終了しました [シナリオ名: ログイン]
[ADMIN] 16:56:52.985922 シナリオ走行を開始しました [シナリオ名: ログイン]
[ADMIN] 16:56:53.003880 シナリオ走行を終了しました [シナリオ名: ログイン]
[ADMIN] 16:56:53.003889 シナリオ走行を開始しました [シナリオ名: ログイン]
[ADMIN] 16:56:53.087658 シナリオ走行を終了しました [シナリオ名: ログイン]
[ADMIN] 16:56:53.087669 シナリオ走行を開始しました [シナリオ名: ログイン]
[ADMIN] 16:56:53.095243 シナリオ走行を終了しました [シナリオ名: 新規ユーザー登録]
[ADMIN] 16:56:53.095261 シナリオ走行を開始しました [シナリオ名: 新規ユーザー登録]
[ADMIN] 16:56:53.116062 シナリオ走行を終了しました [シナリオ名: ログイン]
[ADMIN] 16:56:53.116072 シナリオ走行を開始しました [シナリオ名: ログイン]
[ADMIN] 16:56:53.144926 シナリオ走行を終了しました [シナリオ名: ログイン]
[ADMIN] 16:56:53.144934 シナリオ走行を開始しました [シナリオ名: ログイン]
[ADMIN] 16:56:53.162570 シナリオ走行を終了しました [シナリオ名: 新規ユーザー登録]
[ADMIN] 16:56:53.162588 シナリオ走行を開始しました [シナリオ名: 新規ユーザー登録]
[ADMIN] 16:56:53.170817 シナリオ走行を終了しました [シナリオ名: 新規ユーザー登録]
[ADMIN] 16:56:53.170835 シナリオ走行を開始しました [シナリオ名: 新規ユーザー登録]
[ADMIN] 16:56:53.174048 シナリオ走行を終了しました [シナリオ名: ログイン]
[ADMIN] 16:56:53.174056 シナリオ走行を開始しました [シナリオ名: ログイン]
[ADMIN] 16:56:53.196360 シナリオ走行を終了しました [シナリオ名: ログイン]
[ADMIN] 16:56:53.196369 シナリオ走行を開始しました [シナリオ名: ログイン]
[ADMIN] 16:56:53.197773 シナリオ走行を終了しました [シナリオ名: ログイン]
[ADMIN] 16:56:53.197782 シナリオ走行を開始しました [シナリオ名: ログイン]
[ADMIN] 16:56:53.212955 シナリオ走行を終了しました [シナリオ名: ログイン]
[ADMIN] 16:56:53.212966 シナリオ走行を開始しました [シナリオ名: ログイン]
[ADMIN] 16:56:53.252315 シナリオ走行を終了しました [シナリオ名: 新規ユーザー登録]
[ADMIN] 16:56:53.252340 シナリオ走行を開始しました [シナリオ名: 新規ユーザー登録]
[ADMIN] 16:56:53.254476 シナリオ走行を終了しました [シナリオ名: ログイン]
[ADMIN] 16:56:53.254485 シナリオ走行を開始しました [シナリオ名: ログイン]
[ADMIN] 16:56:53.256230 シナリオ走行を終了しました [シナリオ名: ログイン]
[ADMIN] 16:56:53.256240 シナリオ走行を開始しました [シナリオ名: ログイン]
[ADMIN] 16:56:53.286667 シナリオ走行を終了しました [シナリオ名: ログイン]
[ADMIN] 16:56:53.286680 シナリオ走行を開始しました [シナリオ名: ログイン]
[ADMIN] 16:56:53.314983 シナリオ走行を終了しました [シナリオ名: 新規ユーザー登録]
[ADMIN] 16:56:53.315006 シナリオ走行を開始しました [シナリオ名: 新規ユーザー登録]
[ADMIN] 16:56:53.333157 シナリオ走行を終了しました [シナリオ名: ログイン]
[ADMIN] 16:56:53.333170 シナリオ走行を開始しました [シナリオ名: ログイン]
[ADMIN] 16:56:53.346416 シナリオ走行を終了しました [シナリオ名: ログイン]
[ADMIN] 16:56:53.346432 シナリオ走行を開始しました [シナリオ名: ログイン]
[ADMIN] 16:56:53.360635 シナリオ走行を終了しました [シナリオ名: ログイン]
[ADMIN] 16:56:53.360647 シナリオ走行を開始しました [シナリオ名: ログイン]
[ADMIN] 16:56:53.386964 シナリオ走行を終了しました [シナリオ名: Banユーザログイン]
[ADMIN] 16:56:53.386976 シナリオ走行を開始しました [シナリオ名: Banユーザログイン]
[ADMIN] 16:56:53.386979 シナリオ走行を終了しました [シナリオ名: Banユーザログイン]
[ADMIN] 16:56:53.386993 シナリオ走行を開始しました [シナリオ名: Banユーザログイン]
[ADMIN] 16:56:53.400121 シナリオ走行を終了しました [シナリオ名: ログイン]
[ADMIN] 16:56:53.400133 シナリオ走行を開始しました [シナリオ名: ログイン]
[ADMIN] 16:56:53.402552 シナリオ走行を終了しました [シナリオ名: Banユーザログイン]
[ADMIN] 16:56:53.402560 シナリオ走行を開始しました [シナリオ名: Banユーザログイン]
[ADMIN] 16:56:53.408600 シナリオ走行を終了しました [シナリオ名: ログイン]
[ADMIN] 16:56:53.408611 シナリオ走行を開始しました [シナリオ名: ログイン]
[ADMIN] 16:56:53.428406 シナリオ走行を終了しました [シナリオ名: Banユーザログイン]
[ADMIN] 16:56:53.428442 シナリオ走行を開始しました [シナリオ名: Banユーザログイン]
[ADMIN] 16:56:53.458231 シナリオ走行を終了しました [シナリオ名: ログイン]
[ADMIN] 16:56:53.458242 シナリオ走行を開始しました [シナリオ名: ログイン]
[ADMIN] 16:56:53.503797 シナリオ走行を終了しました [シナリオ名: ログイン]
[ADMIN] 16:56:53.503809 シナリオ走行を開始しました [シナリオ名: ログイン]
[ADMIN] 16:56:53.527419 シナリオ走行を終了しました [シナリオ名: ログイン]
[ADMIN] 16:56:53.527432 シナリオ走行を開始しました [シナリオ名: ログイン]
[ADMIN] 16:56:53.542956 シナリオ走行を終了しました [シナリオ名: ログイン]
[ADMIN] 16:56:53.542967 シナリオ走行を開始しました [シナリオ名: ログイン]
[ADMIN] 16:56:53.579637 シナリオ走行を終了しました [シナリオ名: ログイン]
[ADMIN] 16:56:53.579648 シナリオ走行を開始しました [シナリオ名: ログイン]
[ADMIN] 16:56:53.594797 シナリオ走行を終了しました [シナリオ名: 新規ユーザー登録]
[ADMIN] 16:56:53.594815 シナリオ走行を開始しました [シナリオ名: 新規ユーザー登録]
[ADMIN] 16:56:53.615779 シナリオ走行を終了しました [シナリオ名: 新規ユーザー登録]
[ADMIN] 16:56:53.615797 シナリオ走行を開始しました [シナリオ名: 新規ユーザー登録]
[ADMIN] 16:56:53.624167 シナリオ走行を終了しました [シナリオ名: ログイン]
[ADMIN] 16:56:53.624175 シナリオ走行を開始しました [シナリオ名: ログイン]
[ADMIN] 16:56:53.625131 シナリオ走行を終了しました [シナリオ名: ログイン]
[ADMIN] 16:56:53.625139 シナリオ走行を開始しました [シナリオ名: ログイン]
[ADMIN] 16:56:53.635451 シナリオ走行を終了しました [シナリオ名: 新規ユーザー登録]
[ADMIN] 16:56:53.635469 シナリオ走行を開始しました [シナリオ名: 新規ユーザー登録]
[ADMIN] 16:56:53.650805 シナリオ走行を終了しました [シナリオ名: ログイン]
[ADMIN] 16:56:53.650814 シナリオ走行を開始しました [シナリオ名: ログイン]
[ADMIN] 16:56:53.669063 シナリオ走行を終了しました [シナリオ名: 新規ユーザー登録]
[ADMIN] 16:56:53.669085 シナリオ走行を開始しました [シナリオ名: 新規ユーザー登録]
[ADMIN] 16:56:53.673306 シナリオ走行を終了しました [シナリオ名: ログイン]
[ADMIN] 16:56:53.673316 シナリオ走行を開始しました [シナリオ名: ログイン]
[ADMIN] 16:56:53.744012 シナリオ走行を終了しました [シナリオ名: 新規ユーザー登録]
[ADMIN] 16:56:53.744030 シナリオ走行を開始しました [シナリオ名: 新規ユーザー登録]
[ADMIN] 16:56:53.751889 シナリオ走行を終了しました [シナリオ名: ログイン]
[ADMIN] 16:56:53.751898 シナリオ走行を開始しました [シナリオ名: ログイン]
[ADMIN] 16:56:53.823193 シナリオ走行を終了しました [シナリオ名: 新規ユーザー登録]
[ADMIN] 16:56:53.823214 シナリオ走行を開始しました [シナリオ名: 新規ユーザー登録]
[ADMIN] 16:56:53.839666 シナリオ走行を終了しました [シナリオ名: ログイン]
[ADMIN] 16:56:53.839682 シナリオ走行を開始しました [シナリオ名: ログイン]
[ADMIN] 16:56:53.874318 シナリオ走行を終了しました [シナリオ名: ログイン]
[ADMIN] 16:56:53.874331 シナリオ走行を開始しました [シナリオ名: ログイン]
[ADMIN] 16:56:53.885082 シナリオ走行を終了しました [シナリオ名: ログイン]
[ADMIN] 16:56:53.885092 シナリオ走行を開始しました [シナリオ名: ログイン]
[ADMIN] 16:56:53.890879 シナリオ走行を終了しました [シナリオ名: Banユーザログイン]
[ADMIN] 16:56:53.890897 シナリオ走行を開始しました [シナリオ名: Banユーザログイン]
[ADMIN] 16:56:53.901297 シナリオ走行を終了しました [シナリオ名: ログイン]
[ADMIN] 16:56:53.901312 シナリオ走行を開始しました [シナリオ名: ログイン]
[ADMIN] 16:56:53.905322 シナリオ走行を終了しました [シナリオ名: Banユーザログイン]
[ADMIN] 16:56:53.905337 シナリオ走行を開始しました [シナリオ名: Banユーザログイン]
[ADMIN] 16:56:53.910876 シナリオ走行を終了しました [シナリオ名: 新規ユーザー登録]
[ADMIN] 16:56:53.910898 シナリオ走行を開始しました [シナリオ名: 新規ユーザー登録]
[ADMIN] 16:56:53.918383 シナリオ走行を終了しました [シナリオ名: Banユーザログイン]
[ADMIN] 16:56:53.918400 シナリオ走行を開始しました [シナリオ名: Banユーザログイン]
[ADMIN] 16:56:53.930720 シナリオ走行を終了しました [シナリオ名: Banユーザログイン]
[ADMIN] 16:56:53.930733 シナリオ走行を開始しました [シナリオ名: Banユーザログイン]
[ADMIN] 16:56:53.964173 シナリオ走行を終了しました [シナリオ名: ログイン]
[ADMIN] 16:56:53.964183 シナリオ走行を開始しました [シナリオ名: ログイン]
[ADMIN] 16:56:53.986387 シナリオ走行を終了しました [シナリオ名: ログイン]
[ADMIN] 16:56:53.986398 シナリオ走行を開始しました [シナリオ名: ログイン]
[ADMIN] 16:56:54.007166 シナリオ走行を終了しました [シナリオ名: ログイン]
[ADMIN] 16:56:54.007177 シナリオ走行を開始しました [シナリオ名: ログイン]
[ADMIN] 16:56:54.032533 シナリオ走行を終了しました [シナリオ名: ログイン]
[ADMIN] 16:56:54.032545 シナリオ走行を開始しました [シナリオ名: ログイン]
[ADMIN] 16:56:54.035921 シナリオ走行を終了しました [シナリオ名: ログイン]
[ADMIN] 16:56:54.035932 シナリオ走行を開始しました [シナリオ名: ログイン]
[ADMIN] 16:56:54.041426 シナリオ走行を終了しました [シナリオ名: ログイン]
[ADMIN] 16:56:54.041435 シナリオ走行を開始しました [シナリオ名: ログイン]
[ADMIN] 16:56:54.064017 シナリオ走行を終了しました [シナリオ名: ログイン]
[ADMIN] 16:56:54.064028 シナリオ走行を開始しました [シナリオ名: ログイン]
[ADMIN] 16:56:54.066608 シナリオ走行を終了しました [シナリオ名: 新規ユーザー登録]
[ADMIN] 16:56:54.066639 シナリオ走行を開始しました [シナリオ名: 新規ユーザー登録]
[ADMIN] 16:56:54.078428 シナリオ走行を終了しました [シナリオ名: ログイン]
[ADMIN] 16:56:54.078437 シナリオ走行を開始しました [シナリオ名: ログイン]
[ADMIN] 16:56:54.118879 シナリオ走行を終了しました [シナリオ名: ログイン]
[ADMIN] 16:56:54.118891 シナリオ走行を開始しました [シナリオ名: ログイン]
[ADMIN] 16:56:54.126669 シナリオ走行を終了しました [シナリオ名: ログイン]
[ADMIN] 16:56:54.126678 シナリオ走行を開始しました [シナリオ名: ログイン]
[ADMIN] 16:56:54.129510 シナリオ走行を終了しました [シナリオ名: ログイン]
[ADMIN] 16:56:54.129521 シナリオ走行を開始しました [シナリオ名: ログイン]
[ADMIN] 16:56:54.147795 シナリオ走行を終了しました [シナリオ名: 新規ユーザー登録]
[ADMIN] 16:56:54.147815 シナリオ走行を開始しました [シナリオ名: 新規ユーザー登録]
[ADMIN] 16:56:54.156406 シナリオ走行を終了しました [シナリオ名: ログイン]
[ADMIN] 16:56:54.156417 シナリオ走行を開始しました [シナリオ名: ログイン]
[ADMIN] 16:56:54.196829 シナリオ走行を終了しました [シナリオ名: ログイン]
[ADMIN] 16:56:54.196845 シナリオ走行を開始しました [シナリオ名: ログイン]
[ADMIN] 16:56:54.286404 シナリオ走行を終了しました [シナリオ名: 新規ユーザー登録]
[ADMIN] 16:56:54.286427 シナリオ走行を開始しました [シナリオ名: 新規ユーザー登録]
[ADMIN] 16:56:54.305253 シナリオ走行を終了しました [シナリオ名: ログイン]
[ADMIN] 16:56:54.305274 シナリオ走行を開始しました [シナリオ名: ログイン]
[ADMIN] 16:56:54.345220 シナリオ走行を終了しました [シナリオ名: ログイン]
[ADMIN] 16:56:54.345232 シナリオ走行を開始しました [シナリオ名: ログイン]
[ADMIN] 16:56:54.362721 シナリオ走行を終了しました [シナリオ名: ログイン]
[ADMIN] 16:56:54.362733 シナリオ走行を開始しました [シナリオ名: ログイン]
[ADMIN] 16:56:54.364611 シナリオ走行を終了しました [シナリオ名: ログイン]
[ADMIN] 16:56:54.364622 シナリオ走行を開始しました [シナリオ名: ログイン]
[ADMIN] 16:56:54.365388 シナリオ走行を終了しました [シナリオ名: ログイン]
[ADMIN] 16:56:54.365400 シナリオ走行を開始しました [シナリオ名: ログイン]
[ADMIN] 16:56:54.381014 シナリオ走行を終了しました [シナリオ名: ログイン]
[ADMIN] 16:56:54.381024 シナリオ走行を開始しました [シナリオ名: ログイン]
[ADMIN] 16:56:54.390577 シナリオ走行を終了しました [シナリオ名: ログイン]
[ADMIN] 16:56:54.390588 シナリオ走行を開始しました [シナリオ名: ログイン]
[ADMIN] 16:56:54.415017 シナリオ走行を終了しました [シナリオ名: Banユーザログイン]
[ADMIN] 16:56:54.415033 シナリオ走行を開始しました [シナリオ名: Banユーザログイン]
[ADMIN] 16:56:54.421223 シナリオ走行を終了しました [シナリオ名: ログイン]
[ADMIN] 16:56:54.421234 シナリオ走行を開始しました [シナリオ名: ログイン]
[ADMIN] 16:56:54.422634 シナリオ走行を終了しました [シナリオ名: Banユーザログイン]
[ADMIN] 16:56:54.422647 シナリオ走行を開始しました [シナリオ名: Banユーザログイン]
[ADMIN] 16:56:54.432198 シナリオ走行を終了しました [シナリオ名: ログイン]
[ADMIN] 16:56:54.432210 シナリオ走行を開始しました [シナリオ名: ログイン]
[ADMIN] 16:56:54.433582 シナリオ走行を終了しました [シナリオ名: Banユーザログイン]
[ADMIN] 16:56:54.433596 シナリオ走行を開始しました [シナリオ名: Banユーザログイン]
[ADMIN] 16:56:54.435933 シナリオ走行を終了しました [シナリオ名: 新規ユーザー登録]
[ADMIN] 16:56:54.435954 シナリオ走行を開始しました [シナリオ名: 新規ユーザー登録]
[ADMIN] 16:56:54.446239 シナリオ走行を終了しました [シナリオ名: ログイン]
[ADMIN] 16:56:54.446249 シナリオ走行を開始しました [シナリオ名: ログイン]
[ADMIN] 16:56:54.456903 シナリオ走行を終了しました [シナリオ名: Banユーザログイン]
[ADMIN] 16:56:54.456918 シナリオ走行を開始しました [シナリオ名: Banユーザログイン]
[ADMIN] 16:56:54.468749 シナリオ走行を終了しました [シナリオ名: ログイン]
[ADMIN] 16:56:54.468759 シナリオ走行を開始しました [シナリオ名: ログイン]
[ADMIN] 16:56:54.476529 シナリオ走行を終了しました [シナリオ名: ログイン]
[ADMIN] 16:56:54.476535 シナリオ走行を開始しました [シナリオ名: ログイン]
[ADMIN] 16:56:54.498570 シナリオ走行を終了しました [シナリオ名: 新規ユーザー登録]
[ADMIN] 16:56:54.498586 シナリオ走行を開始しました [シナリオ名: 新規ユーザー登録]
[ADMIN] 16:56:54.543421 シナリオ走行を終了しました [シナリオ名: ログイン]
[ADMIN] 16:56:54.543432 シナリオ走行を開始しました [シナリオ名: ログイン]
[ADMIN] 16:56:54.572359 シナリオ走行を終了しました [シナリオ名: ログイン]
[ADMIN] 16:56:54.572371 シナリオ走行を開始しました [シナリオ名: ログイン]
[ADMIN] 16:56:54.612404 シナリオ走行を終了しました [シナリオ名: ログイン]
[ADMIN] 16:56:54.612417 シナリオ走行を開始しました [シナリオ名: ログイン]
[ADMIN] 16:56:54.641208 シナリオ走行を終了しました [シナリオ名: 新規ユーザー登録]
[ADMIN] 16:56:54.641229 シナリオ走行を開始しました [シナリオ名: 新規ユーザー登録]
[ADMIN] 16:56:54.691410 シナリオ走行を終了しました [シナリオ名: 新規ユーザー登録]
[ADMIN] 16:56:54.691429 シナリオ走行を開始しました [シナリオ名: 新規ユーザー登録]
[ADMIN] 16:56:54.713425 シナリオ走行を終了しました [シナリオ名: 新規ユーザー登録]
[ADMIN] 16:56:54.713440 シナリオ走行を開始しました [シナリオ名: 新規ユーザー登録]
[ADMIN] 16:56:54.741532 シナリオ走行を終了しました [シナリオ名: ログイン]
[ADMIN] 16:56:54.741547 シナリオ走行を開始しました [シナリオ名: ログイン]
[ADMIN] 16:56:54.746348 シナリオ走行を終了しました [シナリオ名: ログイン]
[ADMIN] 16:56:54.746360 シナリオ走行を開始しました [シナリオ名: ログイン]
[ADMIN] 16:56:54.762675 シナリオ走行を終了しました [シナリオ名: 新規ユーザー登録]
[ADMIN] 16:56:54.762696 シナリオ走行を開始しました [シナリオ名: 新規ユーザー登録]
[ADMIN] 16:56:54.795501 シナリオ走行を終了しました [シナリオ名: ログイン]
[ADMIN] 16:56:54.795510 シナリオ走行を開始しました [シナリオ名: ログイン]
[ADMIN] 16:56:54.795524 シナリオ走行を終了しました [シナリオ名: ログイン]
[ADMIN] 16:56:54.795533 シナリオ走行を開始しました [シナリオ名: ログイン]
[ADMIN] 16:56:54.815276 シナリオ走行を終了しました [シナリオ名: 新規ユーザー登録]
[ADMIN] 16:56:54.815295 シナリオ走行を開始しました [シナリオ名: 新規ユーザー登録]
[ADMIN] 16:56:54.862687 シナリオ走行を終了しました [シナリオ名: ログイン]
[ADMIN] 16:56:54.862700 シナリオ走行を開始しました [シナリオ名: ログイン]
[ADMIN] 16:56:54.867779 シナリオ走行を終了しました [シナリオ名: ログイン]
[ADMIN] 16:56:54.867789 シナリオ走行を開始しました [シナリオ名: ログイン]
[ADMIN] 16:56:54.874574 シナリオ走行を終了しました [シナリオ名: ログイン]
[ADMIN] 16:56:54.874584 シナリオ走行を開始しました [シナリオ名: ログイン]
[ADMIN] 16:56:54.876637 シナリオ走行を終了しました [シナリオ名: 新規ユーザー登録]
[ADMIN] 16:56:54.876659 シナリオ走行を開始しました [シナリオ名: 新規ユーザー登録]
[ADMIN] 16:56:54.908418 シナリオ走行を終了しました [シナリオ名: ログイン]
[ADMIN] 16:56:54.908428 シナリオ走行を開始しました [シナリオ名: ログイン]
[ADMIN] 16:56:54.917406 シナリオ走行を終了しました [シナリオ名: Banユーザログイン]
[ADMIN] 16:56:54.917422 シナリオ走行を開始しました [シナリオ名: Banユーザログイン]
[ADMIN] 16:56:54.925957 シナリオ走行を終了しました [シナリオ名: Banユーザログイン]
[ADMIN] 16:56:54.925972 シナリオ走行を開始しました [シナリオ名: Banユーザログイン]
[ADMIN] 16:56:54.931581 シナリオ走行を終了しました [シナリオ名: ログイン]
[ADMIN] 16:56:54.931593 シナリオ走行を開始しました [シナリオ名: ログイン]
[ADMIN] 16:56:54.936820 シナリオ走行を終了しました [シナリオ名: Banユーザログイン]
[ADMIN] 16:56:54.936834 シナリオ走行を開始しました [シナリオ名: Banユーザログイン]
[ADMIN] 16:56:54.944287 シナリオ走行を終了しました [シナリオ名: ログイン]
[ADMIN] 16:56:54.944299 シナリオ走行を開始しました [シナリオ名: ログイン]
[ADMIN] 16:56:54.949576 シナリオ走行を終了しました [シナリオ名: 新規ユーザー登録]
[ADMIN] 16:56:54.949590 シナリオ走行を開始しました [シナリオ名: 新規ユーザー登録]
[ADMIN] 16:56:54.960204 シナリオ走行を終了しました [シナリオ名: Banユーザログイン]
[ADMIN] 16:56:54.960221 シナリオ走行を開始しました [シナリオ名: Banユーザログイン]
[ADMIN] 16:56:54.968194 シナリオ走行を終了しました [シナリオ名: ログイン]
[ADMIN] 16:56:54.968204 シナリオ走行を開始しました [シナリオ名: ログイン]
[ADMIN] 16:56:54.970217 シナリオ走行を終了しました [シナリオ名: ログイン]
[ADMIN] 16:56:54.970224 シナリオ走行を開始しました [シナリオ名: ログイン]
[ADMIN] 16:56:54.972575 シナリオ走行を終了しました [シナリオ名: ログイン]
[ADMIN] 16:56:54.972586 シナリオ走行を開始しました [シナリオ名: ログイン]
[ADMIN] 16:56:55.035058 シナリオ走行を終了しました [シナリオ名: ログイン]
[ADMIN] 16:56:55.035080 シナリオ走行を開始しました [シナリオ名: ログイン]
[ADMIN] 16:56:55.057267 シナリオ走行を終了しました [シナリオ名: ログイン]
[ADMIN] 16:56:55.057281 シナリオ走行を開始しました [シナリオ名: ログイン]
[ADMIN] 16:56:55.058766 シナリオ走行を終了しました [シナリオ名: ログイン]
[ADMIN] 16:56:55.058777 シナリオ走行を開始しました [シナリオ名: ログイン]
[ADMIN] 16:56:55.093877 シナリオ走行を終了しました [シナリオ名: 新規ユーザー登録]
[ADMIN] 16:56:55.093895 シナリオ走行を開始しました [シナリオ名: 新規ユーザー登録]
[ADMIN] 16:56:55.112051 シナリオ走行を終了しました [シナリオ名: 新規ユーザー登録]
[ADMIN] 16:56:55.112118 シナリオ走行を開始しました [シナリオ名: 新規ユーザー登録]
[ADMIN] 16:56:55.125087 シナリオ走行を終了しました [シナリオ名: ログイン]
[ADMIN] 16:56:55.125098 シナリオ走行を開始しました [シナリオ名: ログイン]
[ADMIN] 16:56:55.202166 シナリオ走行を終了しました [シナリオ名: ログイン]
[ADMIN] 16:56:55.202181 シナリオ走行を開始しました [シナリオ名: ログイン]
[ADMIN] 16:56:55.205130 シナリオ走行を終了しました [シナリオ名: ログイン]
[ADMIN] 16:56:55.205139 シナリオ走行を開始しました [シナリオ名: ログイン]
[ADMIN] 16:56:55.215363 シナリオ走行を終了しました [シナリオ名: ログイン]
[ADMIN] 16:56:55.215374 シナリオ走行を開始しました [シナリオ名: ログイン]
[ADMIN] 16:56:55.240431 シナリオ走行を終了しました [シナリオ名: ログイン]
[ADMIN] 16:56:55.240440 シナリオ走行を開始しました [シナリオ名: ログイン]
[ADMIN] 16:56:55.257345 シナリオ走行を終了しました [シナリオ名: ログイン]
[ADMIN] 16:56:55.257354 シナリオ走行を開始しました [シナリオ名: ログイン]
[ADMIN] 16:56:55.271888 シナリオ走行を終了しました [シナリオ名: ログイン]
[ADMIN] 16:56:55.271897 シナリオ走行を開始しました [シナリオ名: ログイン]
[ADMIN] 16:56:55.280051 シナリオ走行を終了しました [シナリオ名: ログイン]
[ADMIN] 16:56:55.280061 シナリオ走行を開始しました [シナリオ名: ログイン]
[ADMIN] 16:56:55.325877 シナリオ走行を終了しました [シナリオ名: ログイン]
[ADMIN] 16:56:55.325886 シナリオ走行を開始しました [シナリオ名: ログイン]
[ADMIN] 16:56:55.342985 シナリオ走行を終了しました [シナリオ名: 新規ユーザー登録]
[ADMIN] 16:56:55.343003 シナリオ走行を開始しました [シナリオ名: 新規ユーザー登録]
[ADMIN] 16:56:55.368416 シナリオ走行を終了しました [シナリオ名: 新規ユーザー登録]
[ADMIN] 16:56:55.368435 シナリオ走行を開始しました [シナリオ名: 新規ユーザー登録]
[ADMIN] 16:56:55.370887 シナリオ走行を終了しました [シナリオ名: ログイン]
[ADMIN] 16:56:55.370897 シナリオ走行を開始しました [シナリオ名: ログイン]
[ADMIN] 16:56:55.372957 シナリオ走行を終了しました [シナリオ名: 新規ユーザー登録]
[ADMIN] 16:56:55.372969 シナリオ走行を開始しました [シナリオ名: 新規ユーザー登録]
[ADMIN] 16:56:55.385398 シナリオ走行を終了しました [シナリオ名: ログイン]
[ADMIN] 16:56:55.385408 シナリオ走行を開始しました [シナリオ名: ログイン]
[ADMIN] 16:56:55.404620 シナリオ走行を終了しました [シナリオ名: ログイン]
[ADMIN] 16:56:55.404629 シナリオ走行を開始しました [シナリオ名: ログイン]
[ADMIN] 16:56:55.423221 シナリオ走行を終了しました [シナリオ名: Banユーザログイン]
[ADMIN] 16:56:55.423236 シナリオ走行を開始しました [シナリオ名: Banユーザログイン]
[ADMIN] 16:56:55.439497 シナリオ走行を終了しました [シナリオ名: ログイン]
[ADMIN] 16:56:55.439508 シナリオ走行を開始しました [シナリオ名: ログイン]
[ADMIN] 16:56:55.446071 シナリオ走行を終了しました [シナリオ名: Banユーザログイン]
[ADMIN] 16:56:55.446084 シナリオ走行を開始しました [シナリオ名: Banユーザログイン]
[ADMIN] 16:56:55.448273 シナリオ走行を終了しました [シナリオ名: ログイン]
[ADMIN] 16:56:55.448281 シナリオ走行を開始しました [シナリオ名: ログイン]
[ADMIN] 16:56:55.465102 シナリオ走行を終了しました [シナリオ名: Banユーザログイン]
[ADMIN] 16:56:55.465118 シナリオ走行を開始しました [シナリオ名: Banユーザログイン]
[ADMIN] 16:56:55.476245 シナリオ走行を終了しました [シナリオ名: Banユーザログイン]
[ADMIN] 16:56:55.476260 シナリオ走行を開始しました [シナリオ名: Banユーザログイン]
[ADMIN] 16:56:55.483523 シナリオ走行を終了しました [シナリオ名: ログイン]
[ADMIN] 16:56:55.483534 シナリオ走行を開始しました [シナリオ名: ログイン]
[ADMIN] 16:56:55.492864 シナリオ走行を終了しました [シナリオ名: ログイン]
[ADMIN] 16:56:55.492874 シナリオ走行を開始しました [シナリオ名: ログイン]
[ADMIN] 16:56:55.502808 シナリオ走行を終了しました [シナリオ名: ログイン]
[ADMIN] 16:56:55.502817 シナリオ走行を開始しました [シナリオ名: ログイン]
[ADMIN] 16:56:55.547218 シナリオ走行を終了しました [シナリオ名: 新規ユーザー登録]
[ADMIN] 16:56:55.547237 シナリオ走行を開始しました [シナリオ名: 新規ユーザー登録]
[ADMIN] 16:56:55.560053 シナリオ走行を終了しました [シナリオ名: ログイン]
[ADMIN] 16:56:55.560064 シナリオ走行を開始しました [シナリオ名: ログイン]
[ADMIN] 16:56:55.560311 シナリオ走行を終了しました [シナリオ名: ログイン]
[ADMIN] 16:56:55.560322 シナリオ走行を開始しました [シナリオ名: ログイン]
[ADMIN] 16:56:55.642604 シナリオ走行を終了しました [シナリオ名: ログイン]
[ADMIN] 16:56:55.642628 シナリオ走行を開始しました [シナリオ名: ログイン]
[ADMIN] 16:56:55.659316 シナリオ走行を終了しました [シナリオ名: 新規ユーザー登録]
[ADMIN] 16:56:55.659337 シナリオ走行を開始しました [シナリオ名: 新規ユーザー登録]
[ADMIN] 16:56:55.686192 シナリオ走行を終了しました [シナリオ名: ログイン]
[ADMIN] 16:56:55.686204 シナリオ走行を開始しました [シナリオ名: ログイン]
[ADMIN] 16:56:55.716120 シナリオ走行を終了しました [シナリオ名: ログイン]
[ADMIN] 16:56:55.716132 シナリオ走行を開始しました [シナリオ名: ログイン]
[ADMIN] 16:56:55.740625 シナリオ走行を終了しました [シナリオ名: ログイン]
[ADMIN] 16:56:55.740639 シナリオ走行を開始しました [シナリオ名: ログイン]
[ADMIN] 16:56:55.766151 シナリオ走行を終了しました [シナリオ名: 新規ユーザー登録]
[ADMIN] 16:56:55.766171 シナリオ走行を開始しました [シナリオ名: 新規ユーザー登録]
[ADMIN] 16:56:55.771849 シナリオ走行を終了しました [シナリオ名: ログイン]
[ADMIN] 16:56:55.771859 シナリオ走行を開始しました [シナリオ名: ログイン]
[ADMIN] 16:56:55.839405 シナリオ走行を終了しました [シナリオ名: ログイン]
[ADMIN] 16:56:55.839418 シナリオ走行を開始しました [シナリオ名: ログイン]
[ADMIN] 16:56:55.840550 シナリオ走行を終了しました [シナリオ名: ログイン]
[ADMIN] 16:56:55.840559 シナリオ走行を開始しました [シナリオ名: ログイン]
[ADMIN] 16:56:55.860508 シナリオ走行を終了しました [シナリオ名: ログイン]
[ADMIN] 16:56:55.860518 シナリオ走行を開始しました [シナリオ名: ログイン]
[ADMIN] 16:56:55.864114 シナリオ走行を終了しました [シナリオ名: 新規ユーザー登録]
[ADMIN] 16:56:55.864133 シナリオ走行を開始しました [シナリオ名: 新規ユーザー登録]
[ADMIN] 16:56:55.874284 シナリオ走行を終了しました [シナリオ名: ログイン]
[ADMIN] 16:56:55.874293 シナリオ走行を開始しました [シナリオ名: ログイン]
[ADMIN] 16:56:55.901804 シナリオ走行を終了しました [シナリオ名: ログイン]
[ADMIN] 16:56:55.901816 シナリオ走行を開始しました [シナリオ名: ログイン]
[ADMIN] 16:56:55.905965 シナリオ走行を終了しました [シナリオ名: 新規ユーザー登録]
[ADMIN] 16:56:55.905983 シナリオ走行を開始しました [シナリオ名: 新規ユーザー登録]
[ADMIN] 16:56:55.922326 シナリオ走行を終了しました [シナリオ名: 新規ユーザー登録]
[ADMIN] 16:56:55.922349 シナリオ走行を開始しました [シナリオ名: 新規ユーザー登録]
[ADMIN] 16:56:55.924389 シナリオ走行を終了しました [シナリオ名: ログイン]
[ADMIN] 16:56:55.924398 シナリオ走行を開始しました [シナリオ名: ログイン]
[ADMIN] 16:56:55.924709 シナリオ走行を終了しました [シナリオ名: ログイン]
[ADMIN] 16:56:55.924719 シナリオ走行を開始しました [シナリオ名: ログイン]
[ADMIN] 16:56:55.927137 シナリオ走行を終了しました [シナリオ名: Banユーザログイン]
[ADMIN] 16:56:55.927153 シナリオ走行を開始しました [シナリオ名: Banユーザログイン]
[ADMIN] 16:56:55.931087 シナリオ走行を終了しました [シナリオ名: ログイン]
[ADMIN] 16:56:55.931097 シナリオ走行を開始しました [シナリオ名: ログイン]
[ADMIN] 16:56:55.949509 シナリオ走行を終了しました [シナリオ名: Banユーザログイン]
[ADMIN] 16:56:55.949526 シナリオ走行を開始しました [シナリオ名: Banユーザログイン]
[ADMIN] 16:56:55.958528 シナリオ走行を終了しました [シナリオ名: ログイン]
[ADMIN] 16:56:55.958539 シナリオ走行を開始しました [シナリオ名: ログイン]
[ADMIN] 16:56:55.968459 シナリオ走行を終了しました [シナリオ名: Banユーザログイン]
[ADMIN] 16:56:55.968476 シナリオ走行を開始しました [シナリオ名: Banユーザログイン]
[ADMIN] 16:56:55.975261 シナリオ走行を終了しました [シナリオ名: ログイン]
[ADMIN] 16:56:55.975270 シナリオ走行を開始しました [シナリオ名: ログイン]
[ADMIN] 16:56:55.979459 シナリオ走行を終了しました [シナリオ名: Banユーザログイン]
[ADMIN] 16:56:55.979468 シナリオ走行を開始しました [シナリオ名: Banユーザログイン]
[ADMIN] 16:56:56.012635 シナリオ走行を終了しました [シナリオ名: ログイン]
[ADMIN] 16:56:56.012645 シナリオ走行を開始しました [シナリオ名: ログイン]
[ADMIN] 16:56:56.012660 シナリオ走行を終了しました [シナリオ名: ログイン]
[ADMIN] 16:56:56.012669 シナリオ走行を開始しました [シナリオ名: ログイン]
[ADMIN] 16:56:56.013149 シナリオ走行を終了しました [シナリオ名: ログイン]
[ADMIN] 16:56:56.013171 シナリオ走行を開始しました [シナリオ名: ログイン]
[ADMIN] 16:56:56.066600 シナリオ走行を終了しました [シナリオ名: ログイン]
[ADMIN] 16:56:56.066611 シナリオ走行を開始しました [シナリオ名: ログイン]
[ADMIN] 16:56:56.095331 シナリオ走行を終了しました [シナリオ名: ログイン]
[ADMIN] 16:56:56.095342 シナリオ走行を開始しました [シナリオ名: ログイン]
[ADMIN] 16:56:56.102796 シナリオ走行を終了しました [シナリオ名: 新規ユーザー登録]
[ADMIN] 16:56:56.102813 シナリオ走行を開始しました [シナリオ名: 新規ユーザー登録]
[ADMIN] 16:56:56.154984 シナリオ走行を終了しました [シナリオ名: ログイン]
[ADMIN] 16:56:56.154996 シナリオ走行を開始しました [シナリオ名: ログイン]
[ADMIN] 16:56:56.166364 シナリオ走行を終了しました [シナリオ名: ログイン]
[ADMIN] 16:56:56.166378 シナリオ走行を開始しました [シナリオ名: ログイン]
[ADMIN] 16:56:56.186232 シナリオ走行を終了しました [シナリオ名: ログイン]
[ADMIN] 16:56:56.186242 シナリオ走行を開始しました [シナリオ名: ログイン]
[ADMIN] 16:56:56.207281 シナリオ走行を終了しました [シナリオ名: 新規ユーザー登録]
[ADMIN] 16:56:56.207298 シナリオ走行を開始しました [シナリオ名: 新規ユーザー登録]
[ADMIN] 16:56:56.223586 シナリオ走行を終了しました [シナリオ名: ログイン]
[ADMIN] 16:56:56.223597 シナリオ走行を開始しました [シナリオ名: ログイン]
[ADMIN] 16:56:56.239360 シナリオ走行を終了しました [シナリオ名: 新規ユーザー登録]
[ADMIN] 16:56:56.239380 シナリオ走行を開始しました [シナリオ名: 新規ユーザー登録]
[ADMIN] 16:56:56.247510 シナリオ走行を終了しました [シナリオ名: ログイン]
[ADMIN] 16:56:56.247519 シナリオ走行を開始しました [シナリオ名: ログイン]
[ADMIN] 16:56:56.254578 シナリオ走行を終了しました [シナリオ名: ログイン]
[ADMIN] 16:56:56.254586 シナリオ走行を開始しました [シナリオ名: ログイン]
[ADMIN] 16:56:56.300202 シナリオ走行を終了しました [シナリオ名: 新規ユーザー登録]
[ADMIN] 16:56:56.300223 シナリオ走行を開始しました [シナリオ名: 新規ユーザー登録]
[ADMIN] 16:56:56.311626 シナリオ走行を終了しました [シナリオ名: ログイン]
[ADMIN] 16:56:56.311635 シナリオ走行を開始しました [シナリオ名: ログイン]
[ADMIN] 16:56:56.342523 シナリオ走行を終了しました [シナリオ名: 新規ユーザー登録]
[ADMIN] 16:56:56.342549 シナリオ走行を開始しました [シナリオ名: 新規ユーザー登録]
[ADMIN] 16:56:56.416497 シナリオ走行を終了しました [シナリオ名: ログイン]
[ADMIN] 16:56:56.416510 シナリオ走行を開始しました [シナリオ名: ログイン]
[ADMIN] 16:56:56.431659 シナリオ走行を終了しました [シナリオ名: Banユーザログイン]
[ADMIN] 16:56:56.431675 シナリオ走行を開始しました [シナリオ名: Banユーザログイン]
[ADMIN] 16:56:56.452516 シナリオ走行を終了しました [シナリオ名: Banユーザログイン]
[ADMIN] 16:56:56.452554 シナリオ走行を開始しました [シナリオ名: Banユーザログイン]
[ADMIN] 16:56:56.459741 シナリオ走行を終了しました [シナリオ名: ログイン]
[ADMIN] 16:56:56.459753 シナリオ走行を開始しました [シナリオ名: ログイン]
[ADMIN] 16:56:56.466360 シナリオ走行を終了しました [シナリオ名: ログイン]
[ADMIN] 16:56:56.466369 シナリオ走行を開始しました [シナリオ名: ログイン]
[ADMIN] 16:56:56.472302 シナリオ走行を終了しました [シナリオ名: Banユーザログイン]
[ADMIN] 16:56:56.472315 シナリオ走行を開始しました [シナリオ名: Banユーザログイン]
[ADMIN] 16:56:56.481153 シナリオ走行を終了しました [シナリオ名: Banユーザログイン]
[ADMIN] 16:56:56.481167 シナリオ走行を開始しました [シナリオ名: Banユーザログイン]
[ADMIN] 16:56:56.496619 シナリオ走行を終了しました [シナリオ名: 新規ユーザー登録]
[ADMIN] 16:56:56.496636 シナリオ走行を開始しました [シナリオ名: 新規ユーザー登録]
[ADMIN] 16:56:56.503528 シナリオ走行を終了しました [シナリオ名: ログイン]
[ADMIN] 16:56:56.503537 シナリオ走行を開始しました [シナリオ名: ログイン]
[ADMIN] 16:56:56.504211 シナリオ走行を終了しました [シナリオ名: ログイン]
[ADMIN] 16:56:56.504221 シナリオ走行を開始しました [シナリオ名: ログイン]
[ADMIN] 16:56:56.512637 シナリオ走行を終了しました [シナリオ名: 新規ユーザー登録]
[ADMIN] 16:56:56.512657 シナリオ走行を開始しました [シナリオ名: 新規ユーザー登録]
[ADMIN] 16:56:56.517175 シナリオ走行を終了しました [シナリオ名: ログイン]
[ADMIN] 16:56:56.517184 シナリオ走行を開始しました [シナリオ名: ログイン]
[ADMIN] 16:56:56.574363 シナリオ走行を終了しました [シナリオ名: ログイン]
[ADMIN] 16:56:56.574375 シナリオ走行を開始しました [シナリオ名: ログイン]
[ADMIN] 16:56:56.600793 シナリオ走行を終了しました [シナリオ名: 新規ユーザー登録]
[ADMIN] 16:56:56.600812 シナリオ走行を開始しました [シナリオ名: 新規ユーザー登録]
[ADMIN] 16:56:56.645777 シナリオ走行を終了しました [シナリオ名: ログイン]
[ADMIN] 16:56:56.645790 シナリオ走行を開始しました [シナリオ名: ログイン]
[ADMIN] 16:56:56.667810 シナリオ走行を終了しました [シナリオ名: ログイン]
[ADMIN] 16:56:56.667824 シナリオ走行を開始しました [シナリオ名: ログイン]
[ADMIN] 16:56:56.678100 シナリオ走行を終了しました [シナリオ名: ログイン]
[ADMIN] 16:56:56.678112 シナリオ走行を開始しました [シナリオ名: ログイン]
[ADMIN] 16:56:56.700490 シナリオ走行を終了しました [シナリオ名: ログイン]
[ADMIN] 16:56:56.700511 シナリオ走行を開始しました [シナリオ名: ログイン]
[ADMIN] 16:56:56.754393 シナリオ走行を終了しました [シナリオ名: 新規ユーザー登録]
[ADMIN] 16:56:56.754419 シナリオ走行を開始しました [シナリオ名: 新規ユーザー登録]
[ADMIN] 16:56:56.759235 シナリオ走行を終了しました [シナリオ名: ログイン]
[ADMIN] 16:56:56.759247 シナリオ走行を開始しました [シナリオ名: ログイン]
[ADMIN] 16:56:56.765569 シナリオ走行を終了しました [シナリオ名: ログイン]
[ADMIN] 16:56:56.765579 シナリオ走行を開始しました [シナリオ名: ログイン]
[ADMIN] 16:56:56.769254 シナリオ走行を終了しました [シナリオ名: ログイン]
[ADMIN] 16:56:56.769262 シナリオ走行を開始しました [シナリオ名: ログイン]
[ADMIN] 16:56:56.788409 シナリオ走行を終了しました [シナリオ名: ログイン]
[ADMIN] 16:56:56.788419 シナリオ走行を開始しました [シナリオ名: ログイン]
[ADMIN] 16:56:56.791728 シナリオ走行を終了しました [シナリオ名: 新規ユーザー登録]
[ADMIN] 16:56:56.791751 シナリオ走行を開始しました [シナリオ名: 新規ユーザー登録]
[ADMIN] 16:56:56.834282 シナリオ走行を終了しました [シナリオ名: ログイン]
[ADMIN] 16:56:56.834296 シナリオ走行を開始しました [シナリオ名: ログイン]
[ADMIN] 16:56:56.846332 シナリオ走行を終了しました [シナリオ名: ログイン]
[ADMIN] 16:56:56.846342 シナリオ走行を開始しました [シナリオ名: ログイン]
[ADMIN] 16:56:56.854021 シナリオ走行を終了しました [シナリオ名: ログイン]
[ADMIN] 16:56:56.854034 シナリオ走行を開始しました [シナリオ名: ログイン]
[ADMIN] 16:56:56.865311 シナリオ走行を終了しました [シナリオ名: ログイン]
[ADMIN] 16:56:56.865323 シナリオ走行を開始しました [シナリオ名: ログイン]
[ADMIN] 16:56:56.896842 シナリオ走行を終了しました [シナリオ名: 新規ユーザー登録]
[ADMIN] 16:56:56.896862 シナリオ走行を開始しました [シナリオ名: 新規ユーザー登録]
[ADMIN] 16:56:56.919084 シナリオ走行を終了しました [シナリオ名: ログイン]
[ADMIN] 16:56:56.919091 シナリオ走行を開始しました [シナリオ名: ログイン]
[ADMIN] 16:56:56.928429 シナリオ走行を終了しました [シナリオ名: ログイン]
[ADMIN] 16:56:56.928438 シナリオ走行を開始しました [シナリオ名: ログイン]
[ADMIN] 16:56:56.934519 シナリオ走行を終了しました [シナリオ名: Banユーザログイン]
[ADMIN] 16:56:56.934534 シナリオ走行を開始しました [シナリオ名: Banユーザログイン]
[ADMIN] 16:56:56.937004 シナリオ走行を終了しました [シナリオ名: ログイン]
[ADMIN] 16:56:56.937014 シナリオ走行を開始しました [シナリオ名: ログイン]
[ADMIN] 16:56:56.954634 シナリオ走行を終了しました [シナリオ名: Banユーザログイン]
[ADMIN] 16:56:56.954648 シナリオ走行を開始しました [シナリオ名: Banユーザログイン]
[ADMIN] 16:56:56.956882 シナリオ走行を終了しました [シナリオ名: ログイン]
[ADMIN] 16:56:56.956891 シナリオ走行を開始しました [シナリオ名: ログイン]
[ADMIN] 16:56:56.965300 シナリオ走行を終了しました [シナリオ名: ログイン]
[ADMIN] 16:56:56.965309 シナリオ走行を開始しました [シナリオ名: ログイン]
[ADMIN] 16:56:56.973555 シナリオ走行を終了しました [シナリオ名: ログイン]
[ADMIN] 16:56:56.973563 シナリオ走行を開始しました [シナリオ名: ログイン]
[ADMIN] 16:56:56.974921 シナリオ走行を終了しました [シナリオ名: Banユーザログイン]
[ADMIN] 16:56:56.974929 シナリオ走行を開始しました [シナリオ名: Banユーザログイン]
[ADMIN] 16:56:56.991932 シナリオ走行を終了しました [シナリオ名: ログイン]
[ADMIN] 16:56:56.991941 シナリオ走行を開始しました [シナリオ名: ログイン]
[ADMIN] 16:56:56.992049 シナリオ走行を終了しました [シナリオ名: Banユーザログイン]
[ADMIN] 16:56:56.992064 シナリオ走行を開始しました [シナリオ名: Banユーザログイン]
[ADMIN] 16:56:57.085652 シナリオ走行を終了しました [シナリオ名: ログイン]
[ADMIN] 16:56:57.085667 シナリオ走行を開始しました [シナリオ名: ログイン]
[ADMIN] 16:56:57.086795 シナリオ走行を終了しました [シナリオ名: ログイン]
[ADMIN] 16:56:57.086804 シナリオ走行を開始しました [シナリオ名: ログイン]
[ADMIN] 16:56:57.113147 シナリオ走行を終了しました [シナリオ名: 新規ユーザー登録]
[ADMIN] 16:56:57.113168 シナリオ走行を開始しました [シナリオ名: 新規ユーザー登録]
[ADMIN] 16:56:57.151070 シナリオ走行を終了しました [シナリオ名: 新規ユーザー登録]
[ADMIN] 16:56:57.151093 シナリオ走行を開始しました [シナリオ名: 新規ユーザー登録]
[ADMIN] 16:56:57.164740 シナリオ走行を終了しました [シナリオ名: ログイン]
[ADMIN] 16:56:57.164751 シナリオ走行を開始しました [シナリオ名: ログイン]
[ADMIN] 16:56:57.193163 シナリオ走行を終了しました [シナリオ名: ログイン]
[ADMIN] 16:56:57.193179 シナリオ走行を開始しました [シナリオ名: ログイン]
[ADMIN] 16:56:57.193919 シナリオ走行を終了しました [シナリオ名: ログイン]
[ADMIN] 16:56:57.193927 シナリオ走行を開始しました [シナリオ名: ログイン]
[ADMIN] 16:56:57.198041 シナリオ走行を終了しました [シナリオ名: ログイン]
[ADMIN] 16:56:57.198052 シナリオ走行を開始しました [シナリオ名: ログイン]
[ADMIN] 16:56:57.271988 シナリオ走行を終了しました [シナリオ名: ログイン]
[ADMIN] 16:56:57.272001 シナリオ走行を開始しました [シナリオ名: ログイン]
[ADMIN] 16:56:57.289146 シナリオ走行を終了しました [シナリオ名: ログイン]
[ADMIN] 16:56:57.289156 シナリオ走行を開始しました [シナリオ名: ログイン]
[ADMIN] 16:56:57.299506 シナリオ走行を終了しました [シナリオ名: 新規ユーザー登録]
[ADMIN] 16:56:57.299526 シナリオ走行を開始しました [シナリオ名: 新規ユーザー登録]
[ADMIN] 16:56:57.302735 シナリオ走行を終了しました [シナリオ名: ログイン]
[ADMIN] 16:56:57.302745 シナリオ走行を開始しました [シナリオ名: ログイン]
[ADMIN] 16:56:57.338457 シナリオ走行を終了しました [シナリオ名: ログイン]
[ADMIN] 16:56:57.338473 シナリオ走行を開始しました [シナリオ名: ログイン]
[ADMIN] 16:56:57.360039 シナリオ走行を終了しました [シナリオ名: 新規ユーザー登録]
[ADMIN] 16:56:57.360064 シナリオ走行を開始しました [シナリオ名: 新規ユーザー登録]
[ADMIN] 16:56:57.391608 シナリオ走行を終了しました [シナリオ名: ログイン]
[ADMIN] 16:56:57.391622 シナリオ走行を開始しました [シナリオ名: ログイン]
[ADMIN] 16:56:57.398613 シナリオ走行を終了しました [シナリオ名: ログイン]
[ADMIN] 16:56:57.398641 シナリオ走行を開始しました [シナリオ名: ログイン]
[ADMIN] 16:56:57.419341 シナリオ走行を終了しました [シナリオ名: ログイン]
[ADMIN] 16:56:57.419353 シナリオ走行を開始しました [シナリオ名: ログイン]
[ADMIN] 16:56:57.437563 シナリオ走行を終了しました [シナリオ名: Banユーザログイン]
[ADMIN] 16:56:57.437579 シナリオ走行を開始しました [シナリオ名: Banユーザログイン]
[ADMIN] 16:56:57.449972 シナリオ走行を終了しました [シナリオ名: ログイン]
[ADMIN] 16:56:57.449981 シナリオ走行を開始しました [シナリオ名: ログイン]
[ADMIN] 16:56:57.461498 シナリオ走行を終了しました [シナリオ名: Banユーザログイン]
[ADMIN] 16:56:57.461510 シナリオ走行を開始しました [シナリオ名: Banユーザログイン]
[ADMIN] 16:56:57.462142 シナリオ走行を終了しました [シナリオ名: ログイン]
[ADMIN] 16:56:57.462151 シナリオ走行を開始しました [シナリオ名: ログイン]
[ADMIN] 16:56:57.464083 シナリオ走行を終了しました [シナリオ名: ログイン]
[ADMIN] 16:56:57.464092 シナリオ走行を開始しました [シナリオ名: ログイン]
[ADMIN] 16:56:57.472178 シナリオ走行を終了しました [シナリオ名: ログイン]
[ADMIN] 16:56:57.472188 シナリオ走行を開始しました [シナリオ名: ログイン]
[ADMIN] 16:56:57.474003 シナリオ走行を終了しました [シナリオ名: ログイン]
[ADMIN] 16:56:57.474011 シナリオ走行を開始しました [シナリオ名: ログイン]
[ADMIN] 16:56:57.477257 シナリオ走行を終了しました [シナリオ名: Banユーザログイン]
[ADMIN] 16:56:57.477267 シナリオ走行を開始しました [シナリオ名: Banユーザログイン]
[ADMIN] 16:56:57.497096 シナリオ走行を終了しました [シナリオ名: Banユーザログイン]
[ADMIN] 16:56:57.497112 シナリオ走行を開始しました [シナリオ名: Banユーザログイン]
[ADMIN] 16:56:57.536449 シナリオ走行を終了しました [シナリオ名: 新規ユーザー登録]
[ADMIN] 16:56:57.536472 シナリオ走行を開始しました [シナリオ名: 新規ユーザー登録]
[ADMIN] 16:56:57.570820 シナリオ走行を終了しました [シナリオ名: 新規ユーザー登録]
[ADMIN] 16:56:57.570836 シナリオ走行を開始しました [シナリオ名: 新規ユーザー登録]
[ADMIN] 16:56:57.577011 シナリオ走行を終了しました [シナリオ名: ログイン]
[ADMIN] 16:56:57.577022 シナリオ走行を開始しました [シナリオ名: ログイン]
[ADMIN] 16:56:57.579955 シナリオ走行を終了しました [シナリオ名: ログイン]
[ADMIN] 16:56:57.579963 シナリオ走行を開始しました [シナリオ名: ログイン]
[ADMIN] 16:56:57.590352 シナリオ走行を終了しました [シナリオ名: 新規ユーザー登録]
[ADMIN] 16:56:57.590368 シナリオ走行を開始しました [シナリオ名: 新規ユーザー登録]
[ADMIN] 16:56:57.592682 シナリオ走行を終了しました [シナリオ名: ログイン]
[ADMIN] 16:56:57.592691 シナリオ走行を開始しました [シナリオ名: ログイン]
[ADMIN] 16:56:57.618824 シナリオ走行を終了しました [シナリオ名: ログイン]
[ADMIN] 16:56:57.618832 シナリオ走行を開始しました [シナリオ名: ログイン]
[ADMIN] 16:56:57.654754 シナリオ走行を終了しました [シナリオ名: ログイン]
[ADMIN] 16:56:57.654762 シナリオ走行を開始しました [シナリオ名: ログイン]
[ADMIN] 16:56:57.680551 シナリオ走行を終了しました [シナリオ名: ログイン]
[ADMIN] 16:56:57.680558 シナリオ走行を開始しました [シナリオ名: ログイン]
[ADMIN] 16:56:57.754329 シナリオ走行を終了しました [シナリオ名: 新規ユーザー登録]
[ADMIN] 16:56:57.754345 シナリオ走行を開始しました [シナリオ名: 新規ユーザー登録]
[ADMIN] 16:56:57.846862 シナリオ走行を終了しました [シナリオ名: ログイン]
[ADMIN] 16:56:57.846873 シナリオ走行を開始しました [シナリオ名: ログイン]
[ADMIN] 16:56:57.864530 シナリオ走行を終了しました [シナリオ名: ログイン]
[ADMIN] 16:56:57.864540 シナリオ走行を開始しました [シナリオ名: ログイン]
[ADMIN] 16:56:57.885825 シナリオ走行を終了しました [シナリオ名: ログイン]
[ADMIN] 16:56:57.885833 シナリオ走行を開始しました [シナリオ名: ログイン]
[ADMIN] 16:56:57.903336 シナリオ走行を終了しました [シナリオ名: ログイン]
[ADMIN] 16:56:57.903347 シナリオ走行を開始しました [シナリオ名: ログイン]
[ADMIN] 16:56:57.903846 シナリオ走行を終了しました [シナリオ名: ログイン]
[ADMIN] 16:56:57.903856 シナリオ走行を開始しました [シナリオ名: ログイン]
[ADMIN] 16:56:57.905459 シナリオ走行を終了しました [シナリオ名: ログイン]
[ADMIN] 16:56:57.905467 シナリオ走行を開始しました [シナリオ名: ログイン]
[ADMIN] 16:56:57.906724 シナリオ走行を終了しました [シナリオ名: ログイン]
[ADMIN] 16:56:57.906733 シナリオ走行を開始しました [シナリオ名: ログイン]
[ADMIN] 16:56:57.934089 シナリオ走行を終了しました [シナリオ名: ログイン]
[ADMIN] 16:56:57.934101 シナリオ走行を開始しました [シナリオ名: ログイン]
[ADMIN] 16:56:57.940325 シナリオ走行を終了しました [シナリオ名: Banユーザログイン]
[ADMIN] 16:56:57.940335 シナリオ走行を開始しました [シナリオ名: Banユーザログイン]
[ADMIN] 16:56:57.952503 シナリオ走行を終了しました [シナリオ名: 新規ユーザー登録]
[ADMIN] 16:56:57.952525 シナリオ走行を開始しました [シナリオ名: 新規ユーザー登録]
[ADMIN] 16:56:57.962727 シナリオ走行を終了しました [シナリオ名: ログイン]
[ADMIN] 16:56:57.962736 シナリオ走行を開始しました [シナリオ名: ログイン]
[ADMIN] 16:56:57.967900 シナリオ走行を終了しました [シナリオ名: ログイン]
[ADMIN] 16:56:57.967910 シナリオ走行を開始しました [シナリオ名: ログイン]
[ADMIN] 16:56:57.981192 シナリオ走行を終了しました [シナリオ名: Banユーザログイン]
[ADMIN] 16:56:57.981208 シナリオ走行を開始しました [シナリオ名: Banユーザログイン]
[ADMIN] 16:56:57.991731 シナリオ走行を終了しました [シナリオ名: Banユーザログイン]
[ADMIN] 16:56:57.991753 シナリオ走行を開始しました [シナリオ名: Banユーザログイン]
[ADMIN] 16:56:57.991754 シナリオ走行を終了しました [シナリオ名: 新規ユーザー登録]
[ADMIN] 16:56:57.991870 シナリオ走行を開始しました [シナリオ名: 新規ユーザー登録]
[ADMIN] 16:56:57.999865 シナリオ走行を終了しました [シナリオ名: Banユーザログイン]
[ADMIN] 16:56:57.999874 シナリオ走行を開始しました [シナリオ名: Banユーザログイン]
[ADMIN] 16:56:58.027580 シナリオ走行を終了しました [シナリオ名: 新規ユーザー登録]
[ADMIN] 16:56:58.027602 シナリオ走行を開始しました [シナリオ名: 新規ユーザー登録]
[ADMIN] 16:56:58.033594 シナリオ走行を終了しました [シナリオ名: ログイン]
[ADMIN] 16:56:58.033606 シナリオ走行を開始しました [シナリオ名: ログイン]
[ADMIN] 16:56:58.045717 シナリオ走行を終了しました [シナリオ名: ログイン]
[ADMIN] 16:56:58.045726 シナリオ走行を開始しました [シナリオ名: ログイン]
[ADMIN] 16:56:58.086938 シナリオ走行を終了しました [シナリオ名: ログイン]
[ADMIN] 16:56:58.086954 シナリオ走行を開始しました [シナリオ名: ログイン]
[ADMIN] 16:56:58.096861 シナリオ走行を終了しました [シナリオ名: 新規ユーザー登録]
[ADMIN] 16:56:58.096879 シナリオ走行を開始しました [シナリオ名: 新規ユーザー登録]
[ADMIN] 16:56:58.138475 シナリオ走行を終了しました [シナリオ名: 新規ユーザー登録]
[ADMIN] 16:56:58.138493 シナリオ走行を開始しました [シナリオ名: 新規ユーザー登録]
[ADMIN] 16:56:58.175615 シナリオ走行を終了しました [シナリオ名: ログイン]
[ADMIN] 16:56:58.175626 シナリオ走行を開始しました [シナリオ名: ログイン]
[ADMIN] 16:56:58.192344 シナリオ走行を終了しました [シナリオ名: ログイン]
[ADMIN] 16:56:58.192356 シナリオ走行を開始しました [シナリオ名: ログイン]
[ADMIN] 16:56:58.200785 シナリオ走行を終了しました [シナリオ名: ログイン]
[ADMIN] 16:56:58.200796 シナリオ走行を開始しました [シナリオ名: ログイン]
[ADMIN] 16:56:58.204840 シナリオ走行を終了しました [シナリオ名: ログイン]
[ADMIN] 16:56:58.204850 シナリオ走行を開始しました [シナリオ名: ログイン]
[ADMIN] 16:56:58.205146 シナリオ走行を終了しました [シナリオ名: ログイン]
[ADMIN] 16:56:58.205163 シナリオ走行を開始しました [シナリオ名: ログイン]
[ADMIN] 16:56:58.206999 シナリオ走行を終了しました [シナリオ名: ログイン]
[ADMIN] 16:56:58.207059 シナリオ走行を開始しました [シナリオ名: ログイン]
[ADMIN] 16:56:58.221356 シナリオ走行を終了しました [シナリオ名: ログイン]
[ADMIN] 16:56:58.221365 シナリオ走行を開始しました [シナリオ名: ログイン]
[ADMIN] 16:56:58.231361 シナリオ走行を終了しました [シナリオ名: ログイン]
[ADMIN] 16:56:58.231373 シナリオ走行を開始しました [シナリオ名: ログイン]
[ADMIN] 16:56:58.266275 シナリオ走行を終了しました [シナリオ名: ログイン]
[ADMIN] 16:56:58.266285 シナリオ走行を開始しました [シナリオ名: ログイン]
[ADMIN] 16:56:58.285060 シナリオ走行を終了しました [シナリオ名: ログイン]
[ADMIN] 16:56:58.285069 シナリオ走行を開始しました [シナリオ名: ログイン]
[ADMIN] 16:56:58.289440 シナリオ走行を終了しました [シナリオ名: ログイン]
[ADMIN] 16:56:58.289453 シナリオ走行を開始しました [シナリオ名: ログイン]
[ADMIN] 16:56:58.299838 シナリオ走行を終了しました [シナリオ名: ログイン]
[ADMIN] 16:56:58.299846 シナリオ走行を開始しました [シナリオ名: ログイン]
[ADMIN] 16:56:58.302326 シナリオ走行を終了しました [シナリオ名: ログイン]
[ADMIN] 16:56:58.302334 シナリオ走行を開始しました [シナリオ名: ログイン]
[ADMIN] 16:56:58.306313 シナリオ走行を終了しました [シナリオ名: 新規ユーザー登録]
[ADMIN] 16:56:58.306361 シナリオ走行を開始しました [シナリオ名: 新規ユーザー登録]
[ADMIN] 16:56:58.339156 シナリオ走行を終了しました [シナリオ名: ログイン]
[ADMIN] 16:56:58.339165 シナリオ走行を開始しました [シナリオ名: ログイン]
[ADMIN] 16:56:58.383655 シナリオ走行を終了しました [シナリオ名: 新規ユーザー登録]
[ADMIN] 16:56:58.383672 シナリオ走行を開始しました [シナリオ名: 新規ユーザー登録]
[ADMIN] 16:56:58.415076 シナリオ走行を終了しました [シナリオ名: ログイン]
[ADMIN] 16:56:58.415092 シナリオ走行を開始しました [シナリオ名: ログイン]
[ADMIN] 16:56:58.437613 シナリオ走行を終了しました [シナリオ名: ログイン]
[ADMIN] 16:56:58.437626 シナリオ走行を開始しました [シナリオ名: ログイン]
[ADMIN] 16:56:58.442818 シナリオ走行を終了しました [シナリオ名: Banユーザログイン]
[ADMIN] 16:56:58.442828 シナリオ走行を開始しました [シナリオ名: Banユーザログイン]
[ADMIN] 16:56:58.458187 シナリオ走行を終了しました [シナリオ名: ログイン]
[ADMIN] 16:56:58.458198 シナリオ走行を開始しました [シナリオ名: ログイン]
[ADMIN] 16:56:58.472732 シナリオ走行を終了しました [シナリオ名: ログイン]
[ADMIN] 16:56:58.472742 シナリオ走行を開始しました [シナリオ名: ログイン]
[ADMIN] 16:56:58.489932 シナリオ走行を終了しました [シナリオ名: Banユーザログイン]
[ADMIN] 16:56:58.489949 シナリオ走行を開始しました [シナリオ名: Banユーザログイン]
[ADMIN] 16:56:58.494086 シナリオ走行を終了しました [シナリオ名: Banユーザログイン]
[ADMIN] 16:56:58.494099 シナリオ走行を開始しました [シナリオ名: Banユーザログイン]
[ADMIN] 16:56:58.502177 シナリオ走行を終了しました [シナリオ名: Banユーザログイン]
[ADMIN] 16:56:58.502191 シナリオ走行を開始しました [シナリオ名: Banユーザログイン]
[ADMIN] 16:56:58.506451 シナリオ走行を終了しました [シナリオ名: 新規ユーザー登録]
[ADMIN] 16:56:58.506468 シナリオ走行を開始しました [シナリオ名: 新規ユーザー登録]
[ADMIN] 16:56:58.525692 シナリオ走行を終了しました [シナリオ名: 新規ユーザー登録]
[ADMIN] 16:56:58.525710 シナリオ走行を開始しました [シナリオ名: 新規ユーザー登録]
[ADMIN] 16:56:58.543374 シナリオ走行を終了しました [シナリオ名: ログイン]
[ADMIN] 16:56:58.543386 シナリオ走行を開始しました [シナリオ名: ログイン]
[ADMIN] 16:56:58.554285 シナリオ走行を終了しました [シナリオ名: 新規ユーザー登録]
[ADMIN] 16:56:58.554299 シナリオ走行を開始しました [シナリオ名: 新規ユーザー登録]
[ADMIN] 16:56:58.583799 シナリオ走行を終了しました [シナリオ名: ログイン]
[ADMIN] 16:56:58.583812 シナリオ走行を開始しました [シナリオ名: ログイン]
[ADMIN] 16:56:58.680068 シナリオ走行を終了しました [シナリオ名: ログイン]
[ADMIN] 16:56:58.680086 シナリオ走行を開始しました [シナリオ名: ログイン]
[ADMIN] 16:56:58.687793 シナリオ走行を終了しました [シナリオ名: ログイン]
[ADMIN] 16:56:58.687803 シナリオ走行を開始しました [シナリオ名: ログイン]
[ADMIN] 16:56:58.699559 シナリオ走行を終了しました [シナリオ名: ログイン]
[ADMIN] 16:56:58.699569 シナリオ走行を開始しました [シナリオ名: ログイン]
[ADMIN] 16:56:58.702471 シナリオ走行を終了しました [シナリオ名: ログイン]
[ADMIN] 16:56:58.702480 シナリオ走行を開始しました [シナリオ名: ログイン]
[ADMIN] 16:56:58.710866 シナリオ走行を終了しました [シナリオ名: 新規ユーザー登録]
[ADMIN] 16:56:58.710886 シナリオ走行を開始しました [シナリオ名: 新規ユーザー登録]
[ADMIN] 16:56:58.735189 シナリオ走行を終了しました [シナリオ名: ログイン]
[ADMIN] 16:56:58.735198 シナリオ走行を開始しました [シナリオ名: ログイン]
[ADMIN] 16:56:58.752945 シナリオ走行を終了しました [シナリオ名: ログイン]
[ADMIN] 16:56:58.752954 シナリオ走行を開始しました [シナリオ名: ログイン]
[ADMIN] 16:56:58.784168 シナリオ走行を終了しました [シナリオ名: 新規ユーザー登録]
[ADMIN] 16:56:58.784193 シナリオ走行を開始しました [シナリオ名: 新規ユーザー登録]
[ADMIN] 16:56:58.796698 シナリオ走行を終了しました [シナリオ名: 新規ユーザー登録]
[ADMIN] 16:56:58.796721 シナリオ走行を開始しました [シナリオ名: 新規ユーザー登録]
[ADMIN] 16:56:58.805879 シナリオ走行を終了しました [シナリオ名: ログイン]
[ADMIN] 16:56:58.805889 シナリオ走行を開始しました [シナリオ名: ログイン]
[ADMIN] 16:56:58.841284 シナリオ走行を終了しました [シナリオ名: ログイン]
[ADMIN] 16:56:58.841293 シナリオ走行を開始しました [シナリオ名: ログイン]
[ADMIN] 16:56:58.854200 シナリオ走行を終了しました [シナリオ名: ログイン]
[ADMIN] 16:56:58.854209 シナリオ走行を開始しました [シナリオ名: ログイン]
[ADMIN] 16:56:58.859793 シナリオ走行を終了しました [シナリオ名: 新規ユーザー登録]
[ADMIN] 16:56:58.859812 シナリオ走行を開始しました [シナリオ名: 新規ユーザー登録]
[ADMIN] 16:56:58.895868 シナリオ走行を終了しました [シナリオ名: ログイン]
[ADMIN] 16:56:58.895878 シナリオ走行を開始しました [シナリオ名: ログイン]
[ADMIN] 16:56:58.924630 シナリオ走行を終了しました [シナリオ名: ログイン]
[ADMIN] 16:56:58.924644 シナリオ走行を開始しました [シナリオ名: ログイン]
[ADMIN] 16:56:58.946200 シナリオ走行を終了しました [シナリオ名: Banユーザログイン]
[ADMIN] 16:56:58.946215 シナリオ走行を開始しました [シナリオ名: Banユーザログイン]
[ADMIN] 16:56:58.975089 シナリオ走行を終了しました [シナリオ名: ログイン]
[ADMIN] 16:56:58.975101 シナリオ走行を開始しました [シナリオ名: ログイン]
[ADMIN] 16:56:58.994715 シナリオ走行を終了しました [シナリオ名: ログイン]
[ADMIN] 16:56:58.994723 シナリオ走行を開始しました [シナリオ名: ログイン]
[ADMIN] 16:56:58.994931 シナリオ走行を終了しました [シナリオ名: ログイン]
[ADMIN] 16:56:58.994940 シナリオ走行を開始しました [シナリオ名: ログイン]
[ADMIN] 16:56:58.998354 シナリオ走行を終了しました [シナリオ名: Banユーザログイン]
[ADMIN] 16:56:58.998371 シナリオ走行を開始しました [シナリオ名: Banユーザログイン]
[ADMIN] 16:56:59.004428 シナリオ走行を終了しました [シナリオ名: Banユーザログイン]
[ADMIN] 16:56:59.004443 シナリオ走行を開始しました [シナリオ名: Banユーザログイン]
[ADMIN] 16:56:59.020669 シナリオ走行を終了しました [シナリオ名: ログイン]
[ADMIN] 16:56:59.020680 シナリオ走行を開始しました [シナリオ名: ログイン]
[ADMIN] 16:56:59.026154 シナリオ走行を終了しました [シナリオ名: Banユーザログイン]
[ADMIN] 16:56:59.026169 シナリオ走行を開始しました [シナリオ名: Banユーザログイン]
[ADMIN] 16:56:59.026271 シナリオ走行を終了しました [シナリオ名: ログイン]
[ADMIN] 16:56:59.026280 シナリオ走行を開始しました [シナリオ名: ログイン]
[ADMIN] 16:56:59.027320 シナリオ走行を終了しました [シナリオ名: ログイン]
[ADMIN] 16:56:59.027330 シナリオ走行を開始しました [シナリオ名: ログイン]
[ADMIN] 16:56:59.059639 シナリオ走行を終了しました [シナリオ名: 新規ユーザー登録]
[ADMIN] 16:56:59.059657 シナリオ走行を開始しました [シナリオ名: 新規ユーザー登録]
[ADMIN] 16:56:59.097089 シナリオ走行を終了しました [シナリオ名: ログイン]
[ADMIN] 16:56:59.097098 シナリオ走行を開始しました [シナリオ名: ログイン]
[ADMIN] 16:56:59.129559 シナリオ走行を終了しました [シナリオ名: ログイン]
[ADMIN] 16:56:59.129571 シナリオ走行を開始しました [シナリオ名: ログイン]
[ADMIN] 16:56:59.166640 シナリオ走行を終了しました [シナリオ名: 新規ユーザー登録]
[ADMIN] 16:56:59.166658 シナリオ走行を開始しました [シナリオ名: 新規ユーザー登録]
[ADMIN] 16:56:59.187957 シナリオ走行を終了しました [シナリオ名: ログイン]
[ADMIN] 16:56:59.187965 シナリオ走行を開始しました [シナリオ名: ログイン]
[ADMIN] 16:56:59.188314 シナリオ走行を終了しました [シナリオ名: ログイン]
[ADMIN] 16:56:59.188325 シナリオ走行を開始しました [シナリオ名: ログイン]
[ADMIN] 16:56:59.191525 シナリオ走行を終了しました [シナリオ名: ログイン]
[ADMIN] 16:56:59.191534 シナリオ走行を開始しました [シナリオ名: ログイン]
[ADMIN] 16:56:59.205081 シナリオ走行を終了しました [シナリオ名: 新規ユーザー登録]
[ADMIN] 16:56:59.205115 シナリオ走行を開始しました [シナリオ名: 新規ユーザー登録]
[ADMIN] 16:56:59.275401 シナリオ走行を終了しました [シナリオ名: ログイン]
[ADMIN] 16:56:59.275412 シナリオ走行を開始しました [シナリオ名: ログイン]
[ADMIN] 16:56:59.321642 シナリオ走行を終了しました [シナリオ名: ログイン]
[ADMIN] 16:56:59.321655 シナリオ走行を開始しました [シナリオ名: ログイン]
[ADMIN] 16:56:59.335680 シナリオ走行を終了しました [シナリオ名: ログイン]
[ADMIN] 16:56:59.335690 シナリオ走行を開始しました [シナリオ名: ログイン]
[ADMIN] 16:56:59.348162 シナリオ走行を終了しました [シナリオ名: ログイン]
[ADMIN] 16:56:59.348171 シナリオ走行を開始しました [シナリオ名: ログイン]
[ADMIN] 16:56:59.387257 シナリオ走行を終了しました [シナリオ名: 新規ユーザー登録]
[ADMIN] 16:56:59.387332 シナリオ走行を開始しました [シナリオ名: 新規ユーザー登録]
[ADMIN] 16:56:59.404850 シナリオ走行を終了しました [シナリオ名: ログイン]
[ADMIN] 16:56:59.404879 シナリオ走行を開始しました [シナリオ名: ログイン]
[ADMIN] 16:56:59.406476 シナリオ走行を終了しました [シナリオ名: 新規ユーザー登録]
[ADMIN] 16:56:59.406496 シナリオ走行を開始しました [シナリオ名: 新規ユーザー登録]
[ADMIN] 16:56:59.426893 シナリオ走行を終了しました [シナリオ名: ログイン]
[ADMIN] 16:56:59.426902 シナリオ走行を開始しました [シナリオ名: ログイン]
[ADMIN] 16:56:59.440644 シナリオ走行を終了しました [シナリオ名: ログイン]
[ADMIN] 16:56:59.440654 シナリオ走行を開始しました [シナリオ名: ログイン]
[ADMIN] 16:56:59.449334 シナリオ走行を終了しました [シナリオ名: Banユーザログイン]
[ADMIN] 16:56:59.449349 シナリオ走行を開始しました [シナリオ名: Banユーザログイン]
[ADMIN] 16:56:59.468282 シナリオ走行を終了しました [シナリオ名: 新規ユーザー登録]
[ADMIN] 16:56:59.468338 シナリオ走行を開始しました [シナリオ名: 新規ユーザー登録]
[ADMIN] 16:56:59.474085 シナリオ走行を終了しました [シナリオ名: 新規ユーザー登録]
[ADMIN] 16:56:59.474108 シナリオ走行を開始しました [シナリオ名: 新規ユーザー登録]
[ADMIN] 16:56:59.480097 シナリオ走行を終了しました [シナリオ名: ログイン]
[ADMIN] 16:56:59.480109 シナリオ走行を開始しました [シナリオ名: ログイン]
[ADMIN] 16:56:59.481803 シナリオ走行を終了しました [シナリオ名: ログイン]
[ADMIN] 16:56:59.481812 シナリオ走行を開始しました [シナリオ名: ログイン]
[ADMIN] 16:56:59.486430 シナリオ走行を終了しました [シナリオ名: 新規ユーザー登録]
[ADMIN] 16:56:59.486446 シナリオ走行を開始しました [シナリオ名: 新規ユーザー登録]
[ADMIN] 16:56:59.502119 シナリオ走行を終了しました [シナリオ名: Banユーザログイン]
[ADMIN] 16:56:59.502134 シナリオ走行を開始しました [シナリオ名: Banユーザログイン]
[ADMIN] 16:56:59.507877 シナリオ走行を終了しました [シナリオ名: Banユーザログイン]
[ADMIN] 16:56:59.507892 シナリオ走行を開始しました [シナリオ名: Banユーザログイン]
[ADMIN] 16:56:59.512365 シナリオ走行を終了しました [シナリオ名: ログイン]
[ADMIN] 16:56:59.512376 シナリオ走行を開始しました [シナリオ名: ログイン]
[ADMIN] 16:56:59.525192 シナリオ走行を終了しました [シナリオ名: ログイン]
[ADMIN] 16:56:59.525204 シナリオ走行を開始しました [シナリオ名: ログイン]
[ADMIN] 16:56:59.557013 シナリオ走行を終了しました [シナリオ名: Banユーザログイン]
[ADMIN] 16:56:59.557031 シナリオ走行を開始しました [シナリオ名: Banユーザログイン]
[ADMIN] 16:56:59.582801 シナリオ走行を終了しました [シナリオ名: ログイン]
[ADMIN] 16:56:59.582814 シナリオ走行を開始しました [シナリオ名: ログイン]
[ADMIN] 16:56:59.597593 シナリオ走行を終了しました [シナリオ名: ログイン]
[ADMIN] 16:56:59.597603 シナリオ走行を開始しました [シナリオ名: ログイン]
[ADMIN] 16:56:59.601841 シナリオ走行を終了しました [シナリオ名: ログイン]
[ADMIN] 16:56:59.601850 シナリオ走行を開始しました [シナリオ名: ログイン]
[ADMIN] 16:56:59.611848 シナリオ走行を終了しました [シナリオ名: ログイン]
[ADMIN] 16:56:59.611858 シナリオ走行を開始しました [シナリオ名: ログイン]
[ADMIN] 16:56:59.643882 シナリオ走行を終了しました [シナリオ名: ログイン]
[ADMIN] 16:56:59.643896 シナリオ走行を開始しました [シナリオ名: ログイン]
16:56:59.668371 現在のログイン成功数: [total: 2028 (+1077人)]
16:56:59.668379 現在のユーザー登録成功数: [total: 884 (+405人)]
[ADMIN] 16:56:59.675764 シナリオ走行を終了しました [シナリオ名: ログイン]
[ADMIN] 16:56:59.675780 シナリオ走行を開始しました [シナリオ名: ログイン]
[ADMIN] 16:56:59.709930 シナリオ走行を終了しました [シナリオ名: ログイン]
[ADMIN] 16:56:59.709959 シナリオ走行を開始しました [シナリオ名: ログイン]
[ADMIN] 16:56:59.710001 シナリオ走行を開始しました [シナリオ名: ログイン]
[ADMIN] 16:56:59.710016 シナリオ走行を開始しました [シナリオ名: ログイン]
[ADMIN] 16:56:59.710058 シナリオ走行を開始しました [シナリオ名: ログイン]
[ADMIN] 16:56:59.710105 シナリオ走行を開始しました [シナリオ名: ログイン]
[ADMIN] 16:56:59.710134 シナリオ走行を開始しました [シナリオ名: ログイン]
[ADMIN] 16:56:59.710155 シナリオ走行を開始しました [シナリオ名: ログイン]
[ADMIN] 16:56:59.710216 シナリオ走行を開始しました [シナリオ名: ログイン]
[ADMIN] 16:56:59.710252 シナリオ走行を開始しました [シナリオ名: ログイン]
[ADMIN] 16:56:59.710266 シナリオ走行を開始しました [シナリオ名: ログイン]
[ADMIN] 16:56:59.710344 シナリオ走行を開始しました [シナリオ名: ログイン]
[ADMIN] 16:56:59.710356 シナリオ走行を開始しました [シナリオ名: ログイン]
[ADMIN] 16:56:59.710354 シナリオ走行を開始しました [シナリオ名: ログイン]
[ADMIN] 16:56:59.710260 シナリオ走行を開始しました [シナリオ名: ログイン]
[ADMIN] 16:56:59.710264 シナリオ走行を開始しました [シナリオ名: ログイン]
[ADMIN] 16:56:59.710259 シナリオ走行を開始しました [シナリオ名: ログイン]
[ADMIN] 16:56:59.718185 シナリオ走行を終了しました [シナリオ名: ログイン]
[ADMIN] 16:56:59.747242 シナリオ走行を終了しました [シナリオ名: ログイン]
[ADMIN] 16:56:59.906757 シナリオ走行を終了しました [シナリオ名: ログイン]
[ADMIN] 16:56:59.911452 シナリオ走行を終了しました [シナリオ名: 新規ユーザー登録]
[ADMIN] 16:56:59.911474 シナリオ走行を開始しました [シナリオ名: 新規ユーザー登録]
[ADMIN] 16:56:59.941434 シナリオ走行を終了しました [シナリオ名: ログイン]
[ADMIN] 16:56:59.946751 シナリオ走行を終了しました [シナリオ名: ログイン]
[ADMIN] 16:56:59.952170 シナリオ走行を終了しました [シナリオ名: Banユーザログイン]
[ADMIN] 16:56:59.952185 シナリオ走行を開始しました [シナリオ名: Banユーザログイン]
[ADMIN] 16:56:59.955258 シナリオ走行を終了しました [シナリオ名: ログイン]
[ADMIN] 16:57:00.005378 シナリオ走行を終了しました [シナリオ名: Banユーザログイン]
[ADMIN] 16:57:00.005396 シナリオ走行を開始しました [シナリオ名: Banユーザログイン]
[ADMIN] 16:57:00.009885 シナリオ走行を終了しました [シナリオ名: Banユーザログイン]
[ADMIN] 16:57:00.009899 シナリオ走行を開始しました [シナリオ名: Banユーザログイン]
[ADMIN] 16:57:00.049107 シナリオ走行を終了しました [シナリオ名: 新規ユーザー登録]
[ADMIN] 16:57:00.049150 シナリオ走行を開始しました [シナリオ名: 新規ユーザー登録]
[ADMIN] 16:57:00.049187 シナリオ走行を開始しました [シナリオ名: 新規ユーザー登録]
[ADMIN] 16:57:00.049192 シナリオ走行を開始しました [シナリオ名: 新規ユーザー登録]
[ADMIN] 16:57:00.049199 シナリオ走行を開始しました [シナリオ名: 新規ユーザー登録]
[ADMIN] 16:57:00.049317 シナリオ走行を開始しました [シナリオ名: 新規ユーザー登録]
[ADMIN] 16:57:00.049332 シナリオ走行を開始しました [シナリオ名: 新規ユーザー登録]
[ADMIN] 16:57:00.049344 シナリオ走行を開始しました [シナリオ名: 新規ユーザー登録]
[ADMIN] 16:57:00.049414 シナリオ走行を開始しました [シナリオ名: 新規ユーザー登録]
[ADMIN] 16:57:00.049430 シナリオ走行を開始しました [シナリオ名: 新規ユーザー登録]
[ADMIN] 16:57:00.058705 シナリオ走行を終了しました [シナリオ名: 新規ユーザー登録]
[ADMIN] 16:57:00.072565 シナリオ走行を終了しました [シナリオ名: Banユーザログイン]
[ADMIN] 16:57:00.072580 シナリオ走行を開始しました [シナリオ名: Banユーザログイン]
[ADMIN] 16:57:00.085366 シナリオ走行を終了しました [シナリオ名: ログイン]
[ADMIN] 16:57:00.086894 シナリオ走行を終了しました [シナリオ名: ログイン]
[ADMIN] 16:57:00.132695 シナリオ走行を終了しました [シナリオ名: ログイン]
[ADMIN] 16:57:00.138212 シナリオ走行を終了しました [シナリオ名: 新規ユーザー登録]
[ADMIN] 16:57:00.176882 シナリオ走行を終了しました [シナリオ名: 新規ユーザー登録]
[ADMIN] 16:57:00.204900 シナリオ走行を終了しました [シナリオ名: ログイン]
[ADMIN] 16:57:00.205176 シナリオ走行を終了しました [シナリオ名: ログイン]
[ADMIN] 16:57:00.231642 シナリオ走行を終了しました [シナリオ名: 新規ユーザー登録]
[ADMIN] 16:57:00.268064 シナリオ走行を終了しました [シナリオ名: ログイン]
[ADMIN] 16:57:00.297201 シナリオ走行を終了しました [シナリオ名: ログイン]
[ADMIN] 16:57:00.302958 シナリオ走行を終了しました [シナリオ名: ログイン]
[ADMIN] 16:57:00.308482 シナリオ走行を終了しました [シナリオ名: ログイン]
[ADMIN] 16:57:00.308508 シナリオ走行を開始しました [シナリオ名: ログイン]
[ADMIN] 16:57:00.308511 シナリオ走行を開始しました [シナリオ名: ログイン]
[ADMIN] 16:57:00.308520 シナリオ走行を開始しました [シナリオ名: ログイン]
[ADMIN] 16:57:00.308576 シナリオ走行を開始しました [シナリオ名: ログイン]
[ADMIN] 16:57:00.308663 シナリオ走行を開始しました [シナリオ名: ログイン]
[ADMIN] 16:57:00.308668 シナリオ走行を開始しました [シナリオ名: ログイン]
[ADMIN] 16:57:00.308677 シナリオ走行を開始しました [シナリオ名: ログイン]
[ADMIN] 16:57:00.308752 シナリオ走行を開始しました [シナリオ名: ログイン]
[ADMIN] 16:57:00.308766 シナリオ走行を開始しました [シナリオ名: ログイン]
[ADMIN] 16:57:00.308665 シナリオ走行を開始しました [シナリオ名: ログイン]
[ADMIN] 16:57:00.308666 シナリオ走行を開始しました [シナリオ名: ログイン]
[ADMIN] 16:57:00.308667 シナリオ走行を開始しました [シナリオ名: ログイン]
[ADMIN] 16:57:00.308663 シナリオ走行を開始しました [シナリオ名: ログイン]
[ADMIN] 16:57:00.308772 シナリオ走行を開始しました [シナリオ名: ログイン]
[ADMIN] 16:57:00.308780 シナリオ走行を開始しました [シナリオ名: ログイン]
[ADMIN] 16:57:00.317807 シナリオ走行を終了しました [シナリオ名: ログイン]
[ADMIN] 16:57:00.322213 シナリオ走行を終了しました [シナリオ名: 新規ユーザー登録]
[ADMIN] 16:57:00.341436 シナリオ走行を終了しました [シナリオ名: ログイン]
[ADMIN] 16:57:00.357291 シナリオ走行を終了しました [シナリオ名: ログイン]
[ADMIN] 16:57:00.407295 シナリオ走行を終了しました [シナリオ名: ログイン]
[ADMIN] 16:57:00.427842 シナリオ走行を終了しました [シナリオ名: ログイン]
[ADMIN] 16:57:00.427858 シナリオ走行を開始しました [シナリオ名: ログイン]
[ADMIN] 16:57:00.427910 シナリオ走行を開始しました [シナリオ名: ログイン]
[ADMIN] 16:57:00.427926 シナリオ走行を開始しました [シナリオ名: ログイン]
[ADMIN] 16:57:00.427958 シナリオ走行を開始しました [シナリオ名: ログイン]
[ADMIN] 16:57:00.428008 シナリオ走行を開始しました [シナリオ名: ログイン]
[ADMIN] 16:57:00.429885 シナリオ走行を終了しました [シナリオ名: ログイン]
[ADMIN] 16:57:00.430035 シナリオ走行を終了しました [シナリオ名: ログイン]
[ADMIN] 16:57:00.431545 シナリオ走行を終了しました [シナリオ名: ログイン]
[ADMIN] 16:57:00.437839 シナリオ走行を終了しました [シナリオ名: ログイン]
[ADMIN] 16:57:00.444258 シナリオ走行を終了しました [シナリオ名: ログイン]
[ADMIN] 16:57:00.444270 シナリオ走行を開始しました [シナリオ名: ログイン]
[ADMIN] 16:57:00.444273 シナリオ走行を開始しました [シナリオ名: ログイン]
[ADMIN] 16:57:00.444334 シナリオ走行を開始しました [シナリオ名: ログイン]
[ADMIN] 16:57:00.444270 シナリオ走行を開始しました [シナリオ名: ログイン]
[ADMIN] 16:57:00.444272 シナリオ走行を開始しました [シナリオ名: ログイン]
[ADMIN] 16:57:00.445965 シナリオ走行を終了しました [シナリオ名: ログイン]
[ADMIN] 16:57:00.452323 シナリオ走行を終了しました [シナリオ名: ログイン]
[ADMIN] 16:57:00.452333 シナリオ走行を開始しました [シナリオ名: ログイン]
[ADMIN] 16:57:00.452392 シナリオ走行を開始しました [シナリオ名: ログイン]
[ADMIN] 16:57:00.458763 シナリオ走行を終了しました [シナリオ名: ログイン]
[ADMIN] 16:57:00.458773 シナリオ走行を開始しました [シナリオ名: ログイン]
[ADMIN] 16:57:00.469654 シナリオ走行を終了しました [シナリオ名: Banユーザログイン]
[ADMIN] 16:57:00.469670 シナリオ走行を開始しました [シナリオ名: Banユーザログイン]
[ADMIN] 16:57:00.469676 シナリオ走行を開始しました [シナリオ名: Banユーザログイン]
[ADMIN] 16:57:00.469696 シナリオ走行を開始しました [シナリオ名: Banユーザログイン]
[ADMIN] 16:57:00.471894 シナリオ走行を終了しました [シナリオ名: ログイン]
[ADMIN] 16:57:00.471903 シナリオ走行を開始しました [シナリオ名: ログイン]
[ADMIN] 16:57:00.493339 シナリオ走行を終了しました [シナリオ名: ログイン]
[ADMIN] 16:57:00.509323 シナリオ走行を終了しました [シナリオ名: ログイン]
[ADMIN] 16:57:00.509337 シナリオ走行を開始しました [シナリオ名: ログイン]
[ADMIN] 16:57:00.509389 シナリオ走行を開始しました [シナリオ名: ログイン]
[ADMIN] 16:57:00.515081 シナリオ走行を終了しました [シナリオ名: Banユーザログイン]
[ADMIN] 16:57:00.517796 シナリオ走行を終了しました [シナリオ名: Banユーザログイン]
[ADMIN] 16:57:00.591073 シナリオ走行を終了しました [シナリオ名: 新規ユーザー登録]
[ADMIN] 16:57:00.591513 シナリオ走行を終了しました [シナリオ名: ログイン]
[ADMIN] 16:57:00.603463 シナリオ走行を終了しました [シナリオ名: ログイン]
[ADMIN] 16:57:00.603476 シナリオ走行を開始しました [シナリオ名: ログイン]
[ADMIN] 16:57:00.603531 シナリオ走行を開始しました [シナリオ名: ログイン]
[ADMIN] 16:57:00.606029 シナリオ走行を終了しました [シナリオ名: Banユーザログイン]
[ADMIN] 16:57:00.670770 シナリオ走行を終了しました [シナリオ名: ログイン]
[ADMIN] 16:57:00.670782 シナリオ走行を開始しました [シナリオ名: ログイン]
[ADMIN] 16:57:00.714575 シナリオ走行を終了しました [シナリオ名: ログイン]
[ADMIN] 16:57:00.714594 シナリオ走行を開始しました [シナリオ名: ログイン]
[ADMIN] 16:57:00.717482 シナリオ走行を終了しました [シナリオ名: ログイン]
[ADMIN] 16:57:00.717489 シナリオ走行を開始しました [シナリオ名: ログイン]
[ADMIN] 16:57:00.722098 シナリオ走行を終了しました [シナリオ名: 新規ユーザー登録]
[ADMIN] 16:57:00.861606 シナリオ走行を終了しました [シナリオ名: ログイン]
[ADMIN] 16:57:00.861621 シナリオ走行を開始しました [シナリオ名: ログイン]
[ADMIN] 16:57:00.916344 シナリオ走行を終了しました [シナリオ名: 新規ユーザー登録]
[ADMIN] 16:57:00.962199 シナリオ走行を終了しました [シナリオ名: ログイン]
[ADMIN] 16:57:00.962212 シナリオ走行を開始しました [シナリオ名: ログイン]
[ADMIN] 16:57:00.988797 シナリオ走行を終了しました [シナリオ名: Banユーザログイン]
[ADMIN] 16:57:00.988823 シナリオ走行を開始しました [シナリオ名: Banユーザログイン]
[ADMIN] 16:57:00.988830 シナリオ走行を開始しました [シナリオ名: Banユーザログイン]
[ADMIN] 16:57:00.988902 シナリオ走行を開始しました [シナリオ名: Banユーザログイン]
[ADMIN] 16:57:00.988941 シナリオ走行を開始しました [シナリオ名: Banユーザログイン]
[ADMIN] 16:57:00.993465 シナリオ走行を終了しました [シナリオ名: ログイン]
[ADMIN] 16:57:00.993475 シナリオ走行を開始しました [シナリオ名: ログイン]
[ADMIN] 16:57:00.996454 シナリオ走行を終了しました [シナリオ名: Banユーザログイン]
[ADMIN] 16:57:00.996472 シナリオ走行を開始しました [シナリオ名: Banユーザログイン]
[ADMIN] 16:57:00.999593 シナリオ走行を終了しました [シナリオ名: Banユーザログイン]
[ADMIN] 16:57:00.999609 シナリオ走行を開始しました [シナリオ名: Banユーザログイン]
[ADMIN] 16:57:01.005187 シナリオ走行を終了しました [シナリオ名: ログイン]
[ADMIN] 16:57:01.005197 シナリオ走行を開始しました [シナリオ名: ログイン]
[ADMIN] 16:57:01.032283 シナリオ走行を終了しました [シナリオ名: 新規ユーザー登録]
[ADMIN] 16:57:01.046687 シナリオ走行を終了しました [シナリオ名: ログイン]
[ADMIN] 16:57:01.046696 シナリオ走行を開始しました [シナリオ名: ログイン]
[ADMIN] 16:57:01.049975 シナリオ走行を終了しました [シナリオ名: 新規ユーザー登録]
[ADMIN] 16:57:01.053478 シナリオ走行を終了しました [シナリオ名: ログイン]
[ADMIN] 16:57:01.053487 シナリオ走行を開始しました [シナリオ名: ログイン]
[ADMIN] 16:57:01.068673 シナリオ走行を終了しました [シナリオ名: ログイン]
[ADMIN] 16:57:01.068682 シナリオ走行を開始しました [シナリオ名: ログイン]
[ADMIN] 16:57:01.079690 シナリオ走行を終了しました [シナリオ名: ログイン]
[ADMIN] 16:57:01.079703 シナリオ走行を開始しました [シナリオ名: ログイン]
[ADMIN] 16:57:01.086748 シナリオ走行を終了しました [シナリオ名: ログイン]
[ADMIN] 16:57:01.094407 シナリオ走行を終了しました [シナリオ名: 新規ユーザー登録]
[ADMIN] 16:57:01.112151 シナリオ走行を終了しました [シナリオ名: ログイン]
[ADMIN] 16:57:01.112165 シナリオ走行を開始しました [シナリオ名: ログイン]
[ADMIN] 16:57:01.112169 シナリオ走行を開始しました [シナリオ名: ログイン]
[ADMIN] 16:57:01.171911 シナリオ走行を終了しました [シナリオ名: ログイン]
[ADMIN] 16:57:01.175178 シナリオ走行を終了しました [シナリオ名: ログイン]
[ADMIN] 16:57:01.175191 シナリオ走行を開始しました [シナリオ名: ログイン]
[ADMIN] 16:57:01.175197 シナリオ走行を開始しました [シナリオ名: ログイン]
[ADMIN] 16:57:01.187666 シナリオ走行を終了しました [シナリオ名: ログイン]
[ADMIN] 16:57:01.187675 シナリオ走行を開始しました [シナリオ名: ログイン]
[ADMIN] 16:57:01.195668 シナリオ走行を終了しました [シナリオ名: ログイン]
[ADMIN] 16:57:01.195678 シナリオ走行を開始しました [シナリオ名: ログイン]
[ADMIN] 16:57:01.199980 シナリオ走行を終了しました [シナリオ名: ログイン]
[ADMIN] 16:57:01.199990 シナリオ走行を開始しました [シナリオ名: ログイン]
[ADMIN] 16:57:01.213148 シナリオ走行を終了しました [シナリオ名: ログイン]
[ADMIN] 16:57:01.213159 シナリオ走行を開始しました [シナリオ名: ログイン]
[ADMIN] 16:57:01.223304 シナリオ走行を終了しました [シナリオ名: ログイン]
[ADMIN] 16:57:01.223313 シナリオ走行を開始しました [シナリオ名: ログイン]
[ADMIN] 16:57:01.229100 シナリオ走行を終了しました [シナリオ名: ログイン]
[ADMIN] 16:57:01.229111 シナリオ走行を開始しました [シナリオ名: ログイン]
[ADMIN] 16:57:01.249657 シナリオ走行を終了しました [シナリオ名: ログイン]
[ADMIN] 16:57:01.249669 シナリオ走行を開始しました [シナリオ名: ログイン]
[ADMIN] 16:57:01.261713 シナリオ走行を終了しました [シナリオ名: ログイン]
[ADMIN] 16:57:01.261726 シナリオ走行を開始しました [シナリオ名: ログイン]
[ADMIN] 16:57:01.261907 シナリオ走行を終了しました [シナリオ名: ログイン]
[ADMIN] 16:57:01.261916 シナリオ走行を開始しました [シナリオ名: ログイン]
[ADMIN] 16:57:01.346823 シナリオ走行を終了しました [シナリオ名: ログイン]
[ADMIN] 16:57:01.346834 シナリオ走行を開始しました [シナリオ名: ログイン]
[ADMIN] 16:57:01.453959 シナリオ走行を終了しました [シナリオ名: ログイン]
[ADMIN] 16:57:01.453971 シナリオ走行を開始しました [シナリオ名: ログイン]
[ADMIN] 16:57:01.478722 シナリオ走行を終了しました [シナリオ名: ログイン]
[ADMIN] 16:57:01.478733 シナリオ走行を開始しました [シナリオ名: ログイン]
[ADMIN] 16:57:01.480436 シナリオ走行を終了しました [シナリオ名: ログイン]
[ADMIN] 16:57:01.480447 シナリオ走行を開始しました [シナリオ名: ログイン]
[ADMIN] 16:57:01.483660 シナリオ走行を終了しました [シナリオ名: ログイン]
[ADMIN] 16:57:01.483667 シナリオ走行を開始しました [シナリオ名: ログイン]
[ADMIN] 16:57:01.484031 シナリオ走行を終了しました [シナリオ名: 新規ユーザー登録]
[ADMIN] 16:57:01.484064 シナリオ走行を開始しました [シナリオ名: 新規ユーザー登録]
[ADMIN] 16:57:01.484085 シナリオ走行を開始しました [シナリオ名: 新規ユーザー登録]
[ADMIN] 16:57:01.484086 シナリオ走行を開始しました [シナリオ名: 新規ユーザー登録]
[ADMIN] 16:57:01.484169 シナリオ走行を開始しました [シナリオ名: 新規ユーザー登録]
[ADMIN] 16:57:01.484210 シナリオ走行を開始しました [シナリオ名: 新規ユーザー登録]
[ADMIN] 16:57:01.484219 シナリオ走行を開始しました [シナリオ名: 新規ユーザー登録]
[ADMIN] 16:57:01.484260 シナリオ走行を開始しました [シナリオ名: 新規ユーザー登録]
[ADMIN] 16:57:01.484309 シナリオ走行を開始しました [シナリオ名: 新規ユーザー登録]
[ADMIN] 16:57:01.484318 シナリオ走行を開始しました [シナリオ名: 新規ユーザー登録]
[ADMIN] 16:57:01.484349 シナリオ走行を開始しました [シナリオ名: 新規ユーザー登録]
[ADMIN] 16:57:01.484212 シナリオ走行を開始しました [シナリオ名: 新規ユーザー登録]
[ADMIN] 16:57:01.484605 シナリオ走行を開始しました [シナリオ名: 新規ユーザー登録]
[ADMIN] 16:57:01.496431 シナリオ走行を終了しました [シナリオ名: ログイン]
[ADMIN] 16:57:01.496438 シナリオ走行を開始しました [シナリオ名: ログイン]
[ADMIN] 16:57:01.500108 シナリオ走行を終了しました [シナリオ名: Banユーザログイン]
[ADMIN] 16:57:01.500120 シナリオ走行を開始しました [シナリオ名: Banユーザログイン]
[ADMIN] 16:57:01.504534 シナリオ走行を終了しました [シナリオ名: Banユーザログイン]
[ADMIN] 16:57:01.504544 シナリオ走行を開始しました [シナリオ名: Banユーザログイン]
[ADMIN] 16:57:01.508013 シナリオ走行を終了しました [シナリオ名: Banユーザログイン]
[ADMIN] 16:57:01.508021 シナリオ走行を開始しました [シナリオ名: Banユーザログイン]
[ADMIN] 16:57:01.515557 シナリオ走行を終了しました [シナリオ名: Banユーザログイン]
[ADMIN] 16:57:01.515571 シナリオ走行を開始しました [シナリオ名: Banユーザログイン]
[ADMIN] 16:57:01.516968 シナリオ走行を終了しました [シナリオ名: Banユーザログイン]
[ADMIN] 16:57:01.516978 シナリオ走行を開始しました [シナリオ名: Banユーザログイン]
[ADMIN] 16:57:01.523759 シナリオ走行を終了しました [シナリオ名: Banユーザログイン]
[ADMIN] 16:57:01.523772 シナリオ走行を開始しました [シナリオ名: Banユーザログイン]
[ADMIN] 16:57:01.527021 シナリオ走行を終了しました [シナリオ名: ログイン]
[ADMIN] 16:57:01.527030 シナリオ走行を開始しました [シナリオ名: ログイン]
[ADMIN] 16:57:01.552479 シナリオ走行を終了しました [シナリオ名: ログイン]
[ADMIN] 16:57:01.552490 シナリオ走行を開始しました [シナリオ名: ログイン]
[ADMIN] 16:57:01.566834 シナリオ走行を終了しました [シナリオ名: 新規ユーザー登録]
[ADMIN] 16:57:01.566858 シナリオ走行を開始しました [シナリオ名: 新規ユーザー登録]
[ADMIN] 16:57:01.597122 シナリオ走行を終了しました [シナリオ名: 新規ユーザー登録]
[ADMIN] 16:57:01.597152 シナリオ走行を開始しました [シナリオ名: 新規ユーザー登録]
[ADMIN] 16:57:01.653827 シナリオ走行を終了しました [シナリオ名: 新規ユーザー登録]
[ADMIN] 16:57:01.658814 シナリオ走行を終了しました [シナリオ名: 新規ユーザー登録]
[ADMIN] 16:57:01.658835 シナリオ走行を開始しました [シナリオ名: 新規ユーザー登録]
[ADMIN] 16:57:01.658866 シナリオ走行を開始しました [シナリオ名: 新規ユーザー登録]
[ADMIN] 16:57:01.683309 シナリオ走行を終了しました [シナリオ名: ログイン]
[ADMIN] 16:57:01.683320 シナリオ走行を開始しました [シナリオ名: ログイン]
[ADMIN] 16:57:01.699751 シナリオ走行を終了しました [シナリオ名: ログイン]
[ADMIN] 16:57:01.699762 シナリオ走行を開始しました [シナリオ名: ログイン]
[ADMIN] 16:57:01.729532 シナリオ走行を終了しました [シナリオ名: ログイン]
[ADMIN] 16:57:01.729546 シナリオ走行を開始しました [シナリオ名: ログイン]
[ADMIN] 16:57:01.735585 シナリオ走行を終了しました [シナリオ名: ログイン]
[ADMIN] 16:57:01.735599 シナリオ走行を開始しました [シナリオ名: ログイン]
[ADMIN] 16:57:01.766037 シナリオ走行を終了しました [シナリオ名: ログイン]
[ADMIN] 16:57:01.766050 シナリオ走行を開始しました [シナリオ名: ログイン]
[ADMIN] 16:57:01.779999 シナリオ走行を終了しました [シナリオ名: 新規ユーザー登録]
[ADMIN] 16:57:01.780022 シナリオ走行を開始しました [シナリオ名: 新規ユーザー登録]
[ADMIN] 16:57:01.800807 シナリオ走行を終了しました [シナリオ名: 新規ユーザー登録]
[ADMIN] 16:57:01.800831 シナリオ走行を開始しました [シナリオ名: 新規ユーザー登録]
[ADMIN] 16:57:01.819484 シナリオ走行を終了しました [シナリオ名: ログイン]
[ADMIN] 16:57:01.819500 シナリオ走行を開始しました [シナリオ名: ログイン]
[ADMIN] 16:57:01.840816 シナリオ走行を終了しました [シナリオ名: ログイン]
[ADMIN] 16:57:01.840828 シナリオ走行を開始しました [シナリオ名: ログイン]
[ADMIN] 16:57:01.877413 シナリオ走行を終了しました [シナリオ名: 新規ユーザー登録]
[ADMIN] 16:57:01.877437 シナリオ走行を終了しました [シナリオ名: ログイン]
[ADMIN] 16:57:01.877442 シナリオ走行を開始しました [シナリオ名: 新規ユーザー登録]
[ADMIN] 16:57:01.877444 シナリオ走行を開始しました [シナリオ名: ログイン]
[ADMIN] 16:57:01.943669 シナリオ走行を終了しました [シナリオ名: 新規ユーザー登録]
[ADMIN] 16:57:01.943713 シナリオ走行を開始しました [シナリオ名: 新規ユーザー登録]
[ADMIN] 16:57:01.966147 シナリオ走行を終了しました [シナリオ名: 新規ユーザー登録]
[ADMIN] 16:57:01.966171 シナリオ走行を開始しました [シナリオ名: 新規ユーザー登録]
[ADMIN] 16:57:01.968359 シナリオ走行を終了しました [シナリオ名: ログイン]
[ADMIN] 16:57:01.968367 シナリオ走行を開始しました [シナリオ名: ログイン]
[ADMIN] 16:57:01.981009 シナリオ走行を終了しました [シナリオ名: ログイン]
[ADMIN] 16:57:01.981018 シナリオ走行を開始しました [シナリオ名: ログイン]
[ADMIN] 16:57:01.985688 シナリオ走行を終了しました [シナリオ名: ログイン]
[ADMIN] 16:57:01.985698 シナリオ走行を開始しました [シナリオ名: ログイン]
[ADMIN] 16:57:02.004482 シナリオ走行を終了しました [シナリオ名: ログイン]
[ADMIN] 16:57:02.004493 シナリオ走行を開始しました [シナリオ名: ログイン]
[ADMIN] 16:57:02.007844 シナリオ走行を終了しました [シナリオ名: ログイン]
[ADMIN] 16:57:02.007851 シナリオ走行を開始しました [シナリオ名: ログイン]
[ADMIN] 16:57:02.024736 シナリオ走行を終了しました [シナリオ名: Banユーザログイン]
[ADMIN] 16:57:02.024750 シナリオ走行を開始しました [シナリオ名: Banユーザログイン]
[ADMIN] 16:57:02.026864 シナリオ走行を終了しました [シナリオ名: ログイン]
[ADMIN] 16:57:02.026872 シナリオ走行を開始しました [シナリオ名: ログイン]
[ADMIN] 16:57:02.039388 シナリオ走行を終了しました [シナリオ名: Banユーザログイン]
[ADMIN] 16:57:02.039404 シナリオ走行を開始しました [シナリオ名: Banユーザログイン]
[ADMIN] 16:57:02.050385 シナリオ走行を終了しました [シナリオ名: Banユーザログイン]
[ADMIN] 16:57:02.050399 シナリオ走行を開始しました [シナリオ名: Banユーザログイン]
[ADMIN] 16:57:02.055723 シナリオ走行を終了しました [シナリオ名: ログイン]
[ADMIN] 16:57:02.055731 シナリオ走行を開始しました [シナリオ名: ログイン]
[ADMIN] 16:57:02.057585 シナリオ走行を終了しました [シナリオ名: Banユーザログイン]
[ADMIN] 16:57:02.057601 シナリオ走行を開始しました [シナリオ名: Banユーザログイン]
[ADMIN] 16:57:02.063963 シナリオ走行を終了しました [シナリオ名: ログイン]
[ADMIN] 16:57:02.063976 シナリオ走行を開始しました [シナリオ名: ログイン]
[ADMIN] 16:57:02.065339 シナリオ走行を終了しました [シナリオ名: Banユーザログイン]
[ADMIN] 16:57:02.065351 シナリオ走行を開始しました [シナリオ名: Banユーザログイン]
[ADMIN] 16:57:02.092824 シナリオ走行を終了しました [シナリオ名: ログイン]
[ADMIN] 16:57:02.092836 シナリオ走行を開始しました [シナリオ名: ログイン]
[ADMIN] 16:57:02.103265 シナリオ走行を終了しました [シナリオ名: Banユーザログイン]
[ADMIN] 16:57:02.103280 シナリオ走行を開始しました [シナリオ名: Banユーザログイン]
[ADMIN] 16:57:02.154793 シナリオ走行を終了しました [シナリオ名: ログイン]
[ADMIN] 16:57:02.154804 シナリオ走行を開始しました [シナリオ名: ログイン]
[ADMIN] 16:57:02.168621 シナリオ走行を終了しました [シナリオ名: ログイン]
[ADMIN] 16:57:02.168631 シナリオ走行を開始しました [シナリオ名: ログイン]
[ADMIN] 16:57:02.207419 シナリオ走行を終了しました [シナリオ名: ログイン]
[ADMIN] 16:57:02.207431 シナリオ走行を開始しました [シナリオ名: ログイン]
[ADMIN] 16:57:02.249352 シナリオ走行を終了しました [シナリオ名: ログイン]
[ADMIN] 16:57:02.249364 シナリオ走行を開始しました [シナリオ名: ログイン]
[ADMIN] 16:57:02.250695 シナリオ走行を終了しました [シナリオ名: ログイン]
[ADMIN] 16:57:02.250706 シナリオ走行を開始しました [シナリオ名: ログイン]
[ADMIN] 16:57:02.258070 シナリオ走行を終了しました [シナリオ名: ログイン]
[ADMIN] 16:57:02.258079 シナリオ走行を開始しました [シナリオ名: ログイン]
[ADMIN] 16:57:02.262132 シナリオ走行を終了しました [シナリオ名: ログイン]
[ADMIN] 16:57:02.262140 シナリオ走行を開始しました [シナリオ名: ログイン]
[ADMIN] 16:57:02.307950 シナリオ走行を終了しました [シナリオ名: ログイン]
[ADMIN] 16:57:02.307965 シナリオ走行を開始しました [シナリオ名: ログイン]
[ADMIN] 16:57:02.396303 シナリオ走行を終了しました [シナリオ名: ログイン]
[ADMIN] 16:57:02.396316 シナリオ走行を開始しました [シナリオ名: ログイン]
[ADMIN] 16:57:02.452567 シナリオ走行を終了しました [シナリオ名: ログイン]
[ADMIN] 16:57:02.452579 シナリオ走行を開始しました [シナリオ名: ログイン]
[ADMIN] 16:57:02.460364 シナリオ走行を終了しました [シナリオ名: ログイン]
[ADMIN] 16:57:02.460376 シナリオ走行を開始しました [シナリオ名: ログイン]
[ADMIN] 16:57:02.468242 シナリオ走行を終了しました [シナリオ名: ログイン]
[ADMIN] 16:57:02.468255 シナリオ走行を開始しました [シナリオ名: ログイン]
[ADMIN] 16:57:02.474351 シナリオ走行を終了しました [シナリオ名: ログイン]
[ADMIN] 16:57:02.474361 シナリオ走行を開始しました [シナリオ名: ログイン]
[ADMIN] 16:57:02.500389 シナリオ走行を終了しました [シナリオ名: ログイン]
[ADMIN] 16:57:02.500403 シナリオ走行を開始しました [シナリオ名: ログイン]
[ADMIN] 16:57:02.516582 シナリオ走行を終了しました [シナリオ名: ログイン]
[ADMIN] 16:57:02.516593 シナリオ走行を開始しました [シナリオ名: ログイン]
[ADMIN] 16:57:02.558575 シナリオ走行を終了しました [シナリオ名: Banユーザログイン]
[ADMIN] 16:57:02.558595 シナリオ走行を開始しました [シナリオ名: Banユーザログイン]
[ADMIN] 16:57:02.571789 シナリオ走行を終了しました [シナリオ名: ログイン]
[ADMIN] 16:57:02.571801 シナリオ走行を開始しました [シナリオ名: ログイン]
[ADMIN] 16:57:02.585763 シナリオ走行を終了しました [シナリオ名: Banユーザログイン]
[ADMIN] 16:57:02.585785 シナリオ走行を開始しました [シナリオ名: Banユーザログイン]
[ADMIN] 16:57:02.587462 シナリオ走行を終了しました [シナリオ名: ログイン]
[ADMIN] 16:57:02.587473 シナリオ走行を開始しました [シナリオ名: ログイン]
[ADMIN] 16:57:02.596853 シナリオ走行を終了しました [シナリオ名: Banユーザログイン]
[ADMIN] 16:57:02.596861 シナリオ走行を終了しました [シナリオ名: Banユーザログイン]
[ADMIN] 16:57:02.596866 シナリオ走行を開始しました [シナリオ名: Banユーザログイン]
[ADMIN] 16:57:02.596870 シナリオ走行を開始しました [シナリオ名: Banユーザログイン]
[ADMIN] 16:57:02.612781 シナリオ走行を終了しました [シナリオ名: Banユーザログイン]
[ADMIN] 16:57:02.612796 シナリオ走行を開始しました [シナリオ名: Banユーザログイン]
[ADMIN] 16:57:02.619035 シナリオ走行を終了しました [シナリオ名: ログイン]
[ADMIN] 16:57:02.619044 シナリオ走行を開始しました [シナリオ名: ログイン]
[ADMIN] 16:57:02.629787 シナリオ走行を終了しました [シナリオ名: Banユーザログイン]
[ADMIN] 16:57:02.629800 シナリオ走行を開始しました [シナリオ名: Banユーザログイン]
[ADMIN] 16:57:02.632388 シナリオ走行を終了しました [シナリオ名: ログイン]
[ADMIN] 16:57:02.632397 シナリオ走行を開始しました [シナリオ名: ログイン]
[ADMIN] 16:57:02.690861 シナリオ走行を終了しました [シナリオ名: ログイン]
[ADMIN] 16:57:02.690877 シナリオ走行を開始しました [シナリオ名: ログイン]
[ADMIN] 16:57:02.715479 シナリオ走行を終了しました [シナリオ名: ログイン]
[ADMIN] 16:57:02.715495 シナリオ走行を開始しました [シナリオ名: ログイン]
[ADMIN] 16:57:02.721102 シナリオ走行を終了しました [シナリオ名: ログイン]
[ADMIN] 16:57:02.721115 シナリオ走行を開始しました [シナリオ名: ログイン]
[ADMIN] 16:57:02.730110 シナリオ走行を終了しました [シナリオ名: ログイン]
[ADMIN] 16:57:02.730121 シナリオ走行を開始しました [シナリオ名: ログイン]
[ADMIN] 16:57:02.958320 シナリオ走行を終了しました [シナリオ名: ログイン]
[ADMIN] 16:57:02.958332 シナリオ走行を開始しました [シナリオ名: ログイン]
[ADMIN] 16:57:02.976001 シナリオ走行を終了しました [シナリオ名: 新規ユーザー登録]
[ADMIN] 16:57:02.976022 シナリオ走行を開始しました [シナリオ名: 新規ユーザー登録]
[ADMIN] 16:57:02.983341 シナリオ走行を終了しました [シナリオ名: ログイン]
[ADMIN] 16:57:02.983351 シナリオ走行を開始しました [シナリオ名: ログイン]
[ADMIN] 16:57:02.985497 シナリオ走行を終了しました [シナリオ名: ログイン]
[ADMIN] 16:57:02.985511 シナリオ走行を開始しました [シナリオ名: ログイン]
[ADMIN] 16:57:02.985517 シナリオ走行を終了しました [シナリオ名: ログイン]
[ADMIN] 16:57:02.985525 シナリオ走行を開始しました [シナリオ名: ログイン]
[ADMIN] 16:57:02.985891 シナリオ走行を終了しました [シナリオ名: ログイン]
[ADMIN] 16:57:02.985902 シナリオ走行を開始しました [シナリオ名: ログイン]
[ADMIN] 16:57:02.986925 シナリオ走行を終了しました [シナリオ名: ログイン]
[ADMIN] 16:57:02.986935 シナリオ走行を開始しました [シナリオ名: ログイン]
[ADMIN] 16:57:02.992561 シナリオ走行を終了しました [シナリオ名: ログイン]
[ADMIN] 16:57:02.992569 シナリオ走行を開始しました [シナリオ名: ログイン]
[ADMIN] 16:57:03.013319 シナリオ走行を終了しました [シナリオ名: ログイン]
[ADMIN] 16:57:03.013329 シナリオ走行を開始しました [シナリオ名: ログイン]
[ADMIN] 16:57:03.026654 シナリオ走行を終了しました [シナリオ名: ログイン]
[ADMIN] 16:57:03.026664 シナリオ走行を開始しました [シナリオ名: ログイン]
[ADMIN] 16:57:03.045495 シナリオ走行を終了しました [シナリオ名: ログイン]
[ADMIN] 16:57:03.045505 シナリオ走行を開始しました [シナリオ名: ログイン]
[ADMIN] 16:57:03.065494 シナリオ走行を終了しました [シナリオ名: ログイン]
[ADMIN] 16:57:03.065505 シナリオ走行を開始しました [シナリオ名: ログイン]
[ADMIN] 16:57:03.074782 シナリオ走行を終了しました [シナリオ名: ログイン]
[ADMIN] 16:57:03.074792 シナリオ走行を開始しました [シナリオ名: ログイン]
[ADMIN] 16:57:03.075071 シナリオ走行を終了しました [シナリオ名: ログイン]
[ADMIN] 16:57:03.075079 シナリオ走行を開始しました [シナリオ名: ログイン]
[ADMIN] 16:57:03.077909 シナリオ走行を終了しました [シナリオ名: Banユーザログイン]
[ADMIN] 16:57:03.077921 シナリオ走行を開始しました [シナリオ名: Banユーザログイン]
[ADMIN] 16:57:03.121916 シナリオ走行を終了しました [シナリオ名: Banユーザログイン]
[ADMIN] 16:57:03.121933 シナリオ走行を開始しました [シナリオ名: Banユーザログイン]
[ADMIN] 16:57:03.140246 シナリオ走行を終了しました [シナリオ名: ログイン]
[ADMIN] 16:57:03.140256 シナリオ走行を開始しました [シナリオ名: ログイン]
[ADMIN] 16:57:03.149578 シナリオ走行を終了しました [シナリオ名: Banユーザログイン]
[ADMIN] 16:57:03.149592 シナリオ走行を開始しました [シナリオ名: Banユーザログイン]
[ADMIN] 16:57:03.155243 シナリオ走行を終了しました [シナリオ名: Banユーザログイン]
[ADMIN] 16:57:03.155253 シナリオ走行を開始しました [シナリオ名: Banユーザログイン]
[ADMIN] 16:57:03.160607 シナリオ走行を終了しました [シナリオ名: ログイン]
[ADMIN] 16:57:03.160617 シナリオ走行を開始しました [シナリオ名: ログイン]
[ADMIN] 16:57:03.161971 シナリオ走行を終了しました [シナリオ名: Banユーザログイン]
[ADMIN] 16:57:03.161987 シナリオ走行を開始しました [シナリオ名: Banユーザログイン]
[ADMIN] 16:57:03.173160 シナリオ走行を終了しました [シナリオ名: Banユーザログイン]
[ADMIN] 16:57:03.173174 シナリオ走行を開始しました [シナリオ名: Banユーザログイン]
[ADMIN] 16:57:03.243890 シナリオ走行を終了しました [シナリオ名: ログイン]
[ADMIN] 16:57:03.243904 シナリオ走行を開始しました [シナリオ名: ログイン]
[ADMIN] 16:57:03.250002 シナリオ走行を終了しました [シナリオ名: ログイン]
[ADMIN] 16:57:03.250014 シナリオ走行を開始しました [シナリオ名: ログイン]
[ADMIN] 16:57:03.253999 シナリオ走行を終了しました [シナリオ名: ログイン]
[ADMIN] 16:57:03.254012 シナリオ走行を開始しました [シナリオ名: ログイン]
[ADMIN] 16:57:03.305703 シナリオ走行を終了しました [シナリオ名: ログイン]
[ADMIN] 16:57:03.305716 シナリオ走行を開始しました [シナリオ名: ログイン]
[ADMIN] 16:57:03.345771 シナリオ走行を終了しました [シナリオ名: ログイン]
[ADMIN] 16:57:03.345784 シナリオ走行を開始しました [シナリオ名: ログイン]
[ADMIN] 16:57:03.367220 シナリオ走行を終了しました [シナリオ名: 新規ユーザー登録]
[ADMIN] 16:57:03.367242 シナリオ走行を開始しました [シナリオ名: 新規ユーザー登録]
[ADMIN] 16:57:03.375890 シナリオ走行を終了しました [シナリオ名: ログイン]
[ADMIN] 16:57:03.375900 シナリオ走行を開始しました [シナリオ名: ログイン]
[ADMIN] 16:57:03.381946 シナリオ走行を終了しました [シナリオ名: 新規ユーザー登録]
[ADMIN] 16:57:03.381964 シナリオ走行を開始しました [シナリオ名: 新規ユーザー登録]
[ADMIN] 16:57:03.412783 シナリオ走行を終了しました [シナリオ名: 新規ユーザー登録]
[ADMIN] 16:57:03.412805 シナリオ走行を開始しました [シナリオ名: 新規ユーザー登録]
[ADMIN] 16:57:03.430065 シナリオ走行を終了しました [シナリオ名: ログイン]
[ADMIN] 16:57:03.430079 シナリオ走行を開始しました [シナリオ名: ログイン]
[ADMIN] 16:57:03.450584 シナリオ走行を終了しました [シナリオ名: ログイン]
[ADMIN] 16:57:03.450600 シナリオ走行を開始しました [シナリオ名: ログイン]
[ADMIN] 16:57:03.478905 シナリオ走行を終了しました [シナリオ名: ログイン]
[ADMIN] 16:57:03.478918 シナリオ走行を開始しました [シナリオ名: ログイン]
[ADMIN] 16:57:03.484688 シナリオ走行を終了しました [シナリオ名: ログイン]
[ADMIN] 16:57:03.484698 シナリオ走行を開始しました [シナリオ名: ログイン]
[ADMIN] 16:57:03.528858 シナリオ走行を終了しました [シナリオ名: ログイン]
[ADMIN] 16:57:03.528912 シナリオ走行を開始しました [シナリオ名: ログイン]
[ADMIN] 16:57:03.555250 シナリオ走行を終了しました [シナリオ名: 新規ユーザー登録]
[ADMIN] 16:57:03.555267 シナリオ走行を開始しました [シナリオ名: 新規ユーザー登録]
[ADMIN] 16:57:03.557274 シナリオ走行を終了しました [シナリオ名: 新規ユーザー登録]
[ADMIN] 16:57:03.557288 シナリオ走行を開始しました [シナリオ名: 新規ユーザー登録]
[ADMIN] 16:57:03.570671 シナリオ走行を終了しました [シナリオ名: ログイン]
[ADMIN] 16:57:03.570681 シナリオ走行を開始しました [シナリオ名: ログイン]
[ADMIN] 16:57:03.579168 シナリオ走行を終了しました [シナリオ名: 新規ユーザー登録]
[ADMIN] 16:57:03.579185 シナリオ走行を開始しました [シナリオ名: 新規ユーザー登録]
[ADMIN] 16:57:03.583452 シナリオ走行を終了しました [シナリオ名: 新規ユーザー登録]
[ADMIN] 16:57:03.583470 シナリオ走行を開始しました [シナリオ名: 新規ユーザー登録]
[ADMIN] 16:57:03.592310 シナリオ走行を終了しました [シナリオ名: 新規ユーザー登録]
[ADMIN] 16:57:03.592348 シナリオ走行を開始しました [シナリオ名: 新規ユーザー登録]
[ADMIN] 16:57:03.592391 シナリオ走行を終了しました [シナリオ名: Banユーザログイン]
[ADMIN] 16:57:03.592398 シナリオ走行を開始しました [シナリオ名: Banユーザログイン]
[ADMIN] 16:57:03.594136 シナリオ走行を終了しました [シナリオ名: ログイン]
[ADMIN] 16:57:03.594145 シナリオ走行を開始しました [シナリオ名: ログイン]
[ADMIN] 16:57:03.608558 シナリオ走行を終了しました [シナリオ名: ログイン]
[ADMIN] 16:57:03.608566 シナリオ走行を開始しました [シナリオ名: ログイン]
[ADMIN] 16:57:03.615522 シナリオ走行を終了しました [シナリオ名: 新規ユーザー登録]
[ADMIN] 16:57:03.615536 シナリオ走行を開始しました [シナリオ名: 新規ユーザー登録]
[ADMIN] 16:57:03.658820 シナリオ走行を終了しました [シナリオ名: 新規ユーザー登録]
[ADMIN] 16:57:03.658840 シナリオ走行を開始しました [シナリオ名: 新規ユーザー登録]
[ADMIN] 16:57:03.659124 シナリオ走行を終了しました [シナリオ名: Banユーザログイン]
[ADMIN] 16:57:03.659135 シナリオ走行を開始しました [シナリオ名: Banユーザログイン]
[ADMIN] 16:57:03.681634 シナリオ走行を終了しました [シナリオ名: Banユーザログイン]
[ADMIN] 16:57:03.681649 シナリオ走行を開始しました [シナリオ名: Banユーザログイン]
[ADMIN] 16:57:03.685419 シナリオ走行を終了しました [シナリオ名: ログイン]
[ADMIN] 16:57:03.685431 シナリオ走行を開始しました [シナリオ名: ログイン]
[ADMIN] 16:57:03.690755 シナリオ走行を終了しました [シナリオ名: Banユーザログイン]
[ADMIN] 16:57:03.690767 シナリオ走行を開始しました [シナリオ名: Banユーザログイン]
[ADMIN] 16:57:03.693646 シナリオ走行を終了しました [シナリオ名: Banユーザログイン]
[ADMIN] 16:57:03.693659 シナリオ走行を開始しました [シナリオ名: Banユーザログイン]
[ADMIN] 16:57:03.694536 シナリオ走行を終了しました [シナリオ名: 新規ユーザー登録]
[ADMIN] 16:57:03.694552 シナリオ走行を開始しました [シナリオ名: 新規ユーザー登録]
[ADMIN] 16:57:03.695939 シナリオ走行を終了しました [シナリオ名: ログイン]
[ADMIN] 16:57:03.695948 シナリオ走行を開始しました [シナリオ名: ログイン]
[ADMIN] 16:57:03.699190 シナリオ走行を終了しました [シナリオ名: ログイン]
[ADMIN] 16:57:03.699199 シナリオ走行を開始しました [シナリオ名: ログイン]
[ADMIN] 16:57:03.704930 シナリオ走行を終了しました [シナリオ名: 新規ユーザー登録]
[ADMIN] 16:57:03.704946 シナリオ走行を開始しました [シナリオ名: 新規ユーザー登録]
[ADMIN] 16:57:03.708355 シナリオ走行を終了しました [シナリオ名: Banユーザログイン]
[ADMIN] 16:57:03.708368 シナリオ走行を開始しました [シナリオ名: Banユーザログイン]
[ADMIN] 16:57:03.709423 シナリオ走行を終了しました [シナリオ名: 新規ユーザー登録]
[ADMIN] 16:57:03.709437 シナリオ走行を開始しました [シナリオ名: 新規ユーザー登録]
[ADMIN] 16:57:03.716350 シナリオ走行を終了しました [シナリオ名: ログイン]
[ADMIN] 16:57:03.716359 シナリオ走行を開始しました [シナリオ名: ログイン]
[ADMIN] 16:57:03.732352 シナリオ走行を終了しました [シナリオ名: ログイン]
[ADMIN] 16:57:03.732361 シナリオ走行を開始しました [シナリオ名: ログイン]
[ADMIN] 16:57:03.750466 シナリオ走行を終了しました [シナリオ名: 新規ユーザー登録]
[ADMIN] 16:57:03.750485 シナリオ走行を開始しました [シナリオ名: 新規ユーザー登録]
[ADMIN] 16:57:03.756722 シナリオ走行を終了しました [シナリオ名: 新規ユーザー登録]
[ADMIN] 16:57:03.756737 シナリオ走行を開始しました [シナリオ名: 新規ユーザー登録]
[ADMIN] 16:57:03.764806 シナリオ走行を終了しました [シナリオ名: ログイン]
[ADMIN] 16:57:03.764815 シナリオ走行を開始しました [シナリオ名: ログイン]
[ADMIN] 16:57:03.767489 シナリオ走行を終了しました [シナリオ名: 新規ユーザー登録]
[ADMIN] 16:57:03.767503 シナリオ走行を開始しました [シナリオ名: 新規ユーザー登録]
[ADMIN] 16:57:03.834860 シナリオ走行を終了しました [シナリオ名: ログイン]
[ADMIN] 16:57:03.834873 シナリオ走行を開始しました [シナリオ名: ログイン]
[ADMIN] 16:57:03.836206 シナリオ走行を終了しました [シナリオ名: ログイン]
[ADMIN] 16:57:03.836215 シナリオ走行を開始しました [シナリオ名: ログイン]
[ADMIN] 16:57:03.840840 シナリオ走行を終了しました [シナリオ名: 新規ユーザー登録]
[ADMIN] 16:57:03.840858 シナリオ走行を開始しました [シナリオ名: 新規ユーザー登録]
[ADMIN] 16:57:03.850835 シナリオ走行を終了しました [シナリオ名: 新規ユーザー登録]
[ADMIN] 16:57:03.850849 シナリオ走行を開始しました [シナリオ名: 新規ユーザー登録]
[ADMIN] 16:57:03.861371 シナリオ走行を終了しました [シナリオ名: ログイン]
[ADMIN] 16:57:03.861382 シナリオ走行を開始しました [シナリオ名: ログイン]
[ADMIN] 16:57:03.917710 シナリオ走行を終了しました [シナリオ名: ログイン]
[ADMIN] 16:57:03.917730 シナリオ走行を開始しました [シナリオ名: ログイン]
[ADMIN] 16:57:03.926243 シナリオ走行を終了しました [シナリオ名: ログイン]
[ADMIN] 16:57:03.926254 シナリオ走行を開始しました [シナリオ名: ログイン]
[ADMIN] 16:57:03.927898 シナリオ走行を終了しました [シナリオ名: ログイン]
[ADMIN] 16:57:03.927907 シナリオ走行を開始しました [シナリオ名: ログイン]
[ADMIN] 16:57:03.935021 シナリオ走行を終了しました [シナリオ名: ログイン]
[ADMIN] 16:57:03.935057 シナリオ走行を開始しました [シナリオ名: ログイン]
[ADMIN] 16:57:03.941653 シナリオ走行を終了しました [シナリオ名: 新規ユーザー登録]
[ADMIN] 16:57:03.941681 シナリオ走行を開始しました [シナリオ名: 新規ユーザー登録]
[ADMIN] 16:57:03.958055 シナリオ走行を終了しました [シナリオ名: 新規ユーザー登録]
[ADMIN] 16:57:03.958081 シナリオ走行を開始しました [シナリオ名: 新規ユーザー登録]
[ADMIN] 16:57:04.027793 シナリオ走行を終了しました [シナリオ名: ログイン]
[ADMIN] 16:57:04.027808 シナリオ走行を開始しました [シナリオ名: ログイン]
[ADMIN] 16:57:04.072509 シナリオ走行を終了しました [シナリオ名: ログイン]
[ADMIN] 16:57:04.072526 シナリオ走行を開始しました [シナリオ名: ログイン]
[ADMIN] 16:57:04.083422 シナリオ走行を終了しました [シナリオ名: ログイン]
[ADMIN] 16:57:04.083433 シナリオ走行を開始しました [シナリオ名: ログイン]
[ADMIN] 16:57:04.117595 シナリオ走行を終了しました [シナリオ名: ログイン]
[ADMIN] 16:57:04.117610 シナリオ走行を開始しました [シナリオ名: ログイン]
[ADMIN] 16:57:04.121139 シナリオ走行を終了しました [シナリオ名: Banユーザログイン]
[ADMIN] 16:57:04.121155 シナリオ走行を開始しました [シナリオ名: Banユーザログイン]
[ADMIN] 16:57:04.128129 シナリオ走行を終了しました [シナリオ名: ログイン]
[ADMIN] 16:57:04.128140 シナリオ走行を開始しました [シナリオ名: ログイン]
[ADMIN] 16:57:04.163443 シナリオ走行を終了しました [シナリオ名: ログイン]
[ADMIN] 16:57:04.163456 シナリオ走行を開始しました [シナリオ名: ログイン]
[ADMIN] 16:57:04.181809 シナリオ走行を終了しました [シナリオ名: Banユーザログイン]
[ADMIN] 16:57:04.181823 シナリオ走行を開始しました [シナリオ名: Banユーザログイン]
[ADMIN] 16:57:04.225005 シナリオ走行を終了しました [シナリオ名: Banユーザログイン]
[ADMIN] 16:57:04.225023 シナリオ走行を開始しました [シナリオ名: Banユーザログイン]
[ADMIN] 16:57:04.225383 シナリオ走行を終了しました [シナリオ名: Banユーザログイン]
[ADMIN] 16:57:04.225431 シナリオ走行を開始しました [シナリオ名: Banユーザログイン]
[ADMIN] 16:57:04.248594 シナリオ走行を終了しました [シナリオ名: Banユーザログイン]
[ADMIN] 16:57:04.248608 シナリオ走行を開始しました [シナリオ名: Banユーザログイン]
[ADMIN] 16:57:04.260691 シナリオ走行を終了しました [シナリオ名: Banユーザログイン]
[ADMIN] 16:57:04.260704 シナリオ走行を開始しました [シナリオ名: Banユーザログイン]
[ADMIN] 16:57:04.287990 シナリオ走行を終了しました [シナリオ名: ログイン]
[ADMIN] 16:57:04.288000 シナリオ走行を開始しました [シナリオ名: ログイン]
[ADMIN] 16:57:04.298816 シナリオ走行を終了しました [シナリオ名: ログイン]
[ADMIN] 16:57:04.298829 シナリオ走行を開始しました [シナリオ名: ログイン]
[ADMIN] 16:57:04.300850 シナリオ走行を終了しました [シナリオ名: ログイン]
[ADMIN] 16:57:04.300859 シナリオ走行を開始しました [シナリオ名: ログイン]
[ADMIN] 16:57:04.302916 シナリオ走行を終了しました [シナリオ名: ログイン]
[ADMIN] 16:57:04.302924 シナリオ走行を開始しました [シナリオ名: ログイン]
[ADMIN] 16:57:04.407168 シナリオ走行を終了しました [シナリオ名: ログイン]
[ADMIN] 16:57:04.407179 シナリオ走行を開始しました [シナリオ名: ログイン]
[ADMIN] 16:57:04.416949 シナリオ走行を終了しました [シナリオ名: ログイン]
[ADMIN] 16:57:04.416959 シナリオ走行を開始しました [シナリオ名: ログイン]
[ADMIN] 16:57:04.436071 シナリオ走行を終了しました [シナリオ名: ログイン]
[ADMIN] 16:57:04.436080 シナリオ走行を開始しました [シナリオ名: ログイン]
[ADMIN] 16:57:04.459481 シナリオ走行を終了しました [シナリオ名: ログイン]
[ADMIN] 16:57:04.459492 シナリオ走行を開始しました [シナリオ名: ログイン]
[ADMIN] 16:57:04.469487 シナリオ走行を終了しました [シナリオ名: ログイン]
[ADMIN] 16:57:04.469505 シナリオ走行を開始しました [シナリオ名: ログイン]
[ADMIN] 16:57:04.509684 シナリオ走行を終了しました [シナリオ名: ログイン]
[ADMIN] 16:57:04.509696 シナリオ走行を開始しました [シナリオ名: ログイン]
[ADMIN] 16:57:04.551079 シナリオ走行を終了しました [シナリオ名: ログイン]
[ADMIN] 16:57:04.551090 シナリオ走行を開始しました [シナリオ名: ログイン]
[ADMIN] 16:57:04.551406 シナリオ走行を終了しました [シナリオ名: ログイン]
[ADMIN] 16:57:04.551415 シナリオ走行を開始しました [シナリオ名: ログイン]
[ADMIN] 16:57:04.574139 シナリオ走行を終了しました [シナリオ名: ログイン]
[ADMIN] 16:57:04.574148 シナリオ走行を開始しました [シナリオ名: ログイン]
[ADMIN] 16:57:04.580156 シナリオ走行を終了しました [シナリオ名: ログイン]
[ADMIN] 16:57:04.580166 シナリオ走行を開始しました [シナリオ名: ログイン]
[ADMIN] 16:57:04.594633 シナリオ走行を終了しました [シナリオ名: ログイン]
[ADMIN] 16:57:04.594657 シナリオ走行を開始しました [シナリオ名: ログイン]
[ADMIN] 16:57:04.625878 シナリオ走行を終了しました [シナリオ名: ログイン]
[ADMIN] 16:57:04.625889 シナリオ走行を開始しました [シナリオ名: ログイン]
[ADMIN] 16:57:04.661710 シナリオ走行を終了しました [シナリオ名: Banユーザログイン]
[ADMIN] 16:57:04.661728 シナリオ走行を開始しました [シナリオ名: Banユーザログイン]
[ADMIN] 16:57:04.666225 シナリオ走行を終了しました [シナリオ名: ログイン]
[ADMIN] 16:57:04.666237 シナリオ走行を開始しました [シナリオ名: ログイン]
[ADMIN] 16:57:04.669044 シナリオ走行を終了しました [シナリオ名: ログイン]
[ADMIN] 16:57:04.669052 シナリオ走行を開始しました [シナリオ名: ログイン]
[ADMIN] 16:57:04.669484 シナリオ走行を終了しました [シナリオ名: ログイン]
[ADMIN] 16:57:04.669495 シナリオ走行を開始しました [シナリオ名: ログイン]
[ADMIN] 16:57:04.670015 シナリオ走行を終了しました [シナリオ名: ログイン]
[ADMIN] 16:57:04.670024 シナリオ走行を開始しました [シナリオ名: ログイン]
[ADMIN] 16:57:04.672906 シナリオ走行を終了しました [シナリオ名: ログイン]
[ADMIN] 16:57:04.672914 シナリオ走行を開始しました [シナリオ名: ログイン]
[ADMIN] 16:57:04.709394 シナリオ走行を終了しました [シナリオ名: Banユーザログイン]
[ADMIN] 16:57:04.709411 シナリオ走行を開始しました [シナリオ名: Banユーザログイン]
[ADMIN] 16:57:04.727094 シナリオ走行を終了しました [シナリオ名: ログイン]
[ADMIN] 16:57:04.727103 シナリオ走行を開始しました [シナリオ名: ログイン]
[ADMIN] 16:57:04.740707 シナリオ走行を終了しました [シナリオ名: Banユーザログイン]
[ADMIN] 16:57:04.740717 シナリオ走行を開始しました [シナリオ名: Banユーザログイン]
[ADMIN] 16:57:04.743944 シナリオ走行を終了しました [シナリオ名: ログイン]
[ADMIN] 16:57:04.743954 シナリオ走行を開始しました [シナリオ名: ログイン]
[ADMIN] 16:57:04.747383 シナリオ走行を終了しました [シナリオ名: Banユーザログイン]
[ADMIN] 16:57:04.747396 シナリオ走行を開始しました [シナリオ名: Banユーザログイン]
[ADMIN] 16:57:04.774089 シナリオ走行を終了しました [シナリオ名: Banユーザログイン]
[ADMIN] 16:57:04.774106 シナリオ走行を開始しました [シナリオ名: Banユーザログイン]
[ADMIN] 16:57:04.798796 シナリオ走行を終了しました [シナリオ名: Banユーザログイン]
[ADMIN] 16:57:04.798813 シナリオ走行を開始しました [シナリオ名: Banユーザログイン]
[ADMIN] 16:57:04.825421 シナリオ走行を終了しました [シナリオ名: ログイン]
[ADMIN] 16:57:04.825434 シナリオ走行を開始しました [シナリオ名: ログイン]
[ADMIN] 16:57:04.845521 シナリオ走行を終了しました [シナリオ名: 新規ユーザー登録]
[ADMIN] 16:57:04.845540 シナリオ走行を開始しました [シナリオ名: 新規ユーザー登録]
[ADMIN] 16:57:04.870085 シナリオ走行を終了しました [シナリオ名: ログイン]
[ADMIN] 16:57:04.870099 シナリオ走行を開始しました [シナリオ名: ログイン]
[ADMIN] 16:57:04.871847 シナリオ走行を終了しました [シナリオ名: ログイン]
[ADMIN] 16:57:04.871859 シナリオ走行を開始しました [シナリオ名: ログイン]
[ADMIN] 16:57:04.920672 シナリオ走行を終了しました [シナリオ名: ログイン]
[ADMIN] 16:57:04.920690 シナリオ走行を開始しました [シナリオ名: ログイン]
[ADMIN] 16:57:05.026750 シナリオ走行を終了しました [シナリオ名: 新規ユーザー登録]
[ADMIN] 16:57:05.026775 シナリオ走行を開始しました [シナリオ名: 新規ユーザー登録]
[ADMIN] 16:57:05.077028 シナリオ走行を終了しました [シナリオ名: ログイン]
[ADMIN] 16:57:05.077042 シナリオ走行を開始しました [シナリオ名: ログイン]
[ADMIN] 16:57:05.077906 シナリオ走行を終了しました [シナリオ名: ログイン]
[ADMIN] 16:57:05.077915 シナリオ走行を開始しました [シナリオ名: ログイン]
[ADMIN] 16:57:05.085738 シナリオ走行を終了しました [シナリオ名: ログイン]
[ADMIN] 16:57:05.085748 シナリオ走行を開始しました [シナリオ名: ログイン]
[ADMIN] 16:57:05.102698 シナリオ走行を終了しました [シナリオ名: ログイン]
[ADMIN] 16:57:05.102710 シナリオ走行を開始しました [シナリオ名: ログイン]
[ADMIN] 16:57:05.123265 シナリオ走行を終了しました [シナリオ名: ログイン]
[ADMIN] 16:57:05.123273 シナリオ走行を開始しました [シナリオ名: ログイン]
[ADMIN] 16:57:05.159328 シナリオ走行を終了しました [シナリオ名: ログイン]
[ADMIN] 16:57:05.159341 シナリオ走行を開始しました [シナリオ名: ログイン]
[ADMIN] 16:57:05.173743 シナリオ走行を終了しました [シナリオ名: ログイン]
[ADMIN] 16:57:05.173754 シナリオ走行を開始しました [シナリオ名: ログイン]
[ADMIN] 16:57:05.257604 シナリオ走行を終了しました [シナリオ名: Banユーザログイン]
[ADMIN] 16:57:05.257622 シナリオ走行を開始しました [シナリオ名: Banユーザログイン]
[ADMIN] 16:57:05.264039 シナリオ走行を終了しました [シナリオ名: Banユーザログイン]
[ADMIN] 16:57:05.264059 シナリオ走行を開始しました [シナリオ名: Banユーザログイン]
[ADMIN] 16:57:05.266585 シナリオ走行を終了しました [シナリオ名: 新規ユーザー登録]
[ADMIN] 16:57:05.266604 シナリオ走行を開始しました [シナリオ名: 新規ユーザー登録]
[ADMIN] 16:57:05.267397 シナリオ走行を終了しました [シナリオ名: ログイン]
[ADMIN] 16:57:05.267408 シナリオ走行を開始しました [シナリオ名: ログイン]
[ADMIN] 16:57:05.289347 シナリオ走行を終了しました [シナリオ名: Banユーザログイン]
[ADMIN] 16:57:05.289362 シナリオ走行を開始しました [シナリオ名: Banユーザログイン]
[ADMIN] 16:57:05.305192 シナリオ走行を終了しました [シナリオ名: Banユーザログイン]
[ADMIN] 16:57:05.305209 シナリオ走行を開始しました [シナリオ名: Banユーザログイン]
[ADMIN] 16:57:05.306657 シナリオ走行を終了しました [シナリオ名: Banユーザログイン]
[ADMIN] 16:57:05.306669 シナリオ走行を開始しました [シナリオ名: Banユーザログイン]
[ADMIN] 16:57:05.317694 シナリオ走行を終了しました [シナリオ名: ログイン]
[ADMIN] 16:57:05.317704 シナリオ走行を開始しました [シナリオ名: ログイン]
[ADMIN] 16:57:05.324767 シナリオ走行を終了しました [シナリオ名: Banユーザログイン]
[ADMIN] 16:57:05.324781 シナリオ走行を開始しました [シナリオ名: Banユーザログイン]
[ADMIN] 16:57:05.340796 シナリオ走行を終了しました [シナリオ名: ログイン]
[ADMIN] 16:57:05.340807 シナリオ走行を開始しました [シナリオ名: ログイン]
[ADMIN] 16:57:05.352808 シナリオ走行を終了しました [シナリオ名: ログイン]
[ADMIN] 16:57:05.352817 シナリオ走行を開始しました [シナリオ名: ログイン]
[ADMIN] 16:57:05.377553 シナリオ走行を終了しました [シナリオ名: 新規ユーザー登録]
[ADMIN] 16:57:05.377573 シナリオ走行を開始しました [シナリオ名: 新規ユーザー登録]
[ADMIN] 16:57:05.386886 シナリオ走行を終了しました [シナリオ名: ログイン]
[ADMIN] 16:57:05.386896 シナリオ走行を開始しました [シナリオ名: ログイン]
[ADMIN] 16:57:05.411696 シナリオ走行を終了しました [シナリオ名: 新規ユーザー登録]
[ADMIN] 16:57:05.411720 シナリオ走行を開始しました [シナリオ名: 新規ユーザー登録]
[ADMIN] 16:57:05.450972 シナリオ走行を終了しました [シナリオ名: ログイン]
[ADMIN] 16:57:05.450986 シナリオ走行を開始しました [シナリオ名: ログイン]
[ADMIN] 16:57:05.453151 シナリオ走行を終了しました [シナリオ名: ログイン]
[ADMIN] 16:57:05.453160 シナリオ走行を開始しました [シナリオ名: ログイン]
[ADMIN] 16:57:05.454282 シナリオ走行を終了しました [シナリオ名: ログイン]
[ADMIN] 16:57:05.454291 シナリオ走行を開始しました [シナリオ名: ログイン]
[ADMIN] 16:57:05.462819 シナリオ走行を終了しました [シナリオ名: ログイン]
[ADMIN] 16:57:05.462829 シナリオ走行を開始しました [シナリオ名: ログイン]
[ADMIN] 16:57:05.468063 シナリオ走行を終了しました [シナリオ名: ログイン]
[ADMIN] 16:57:05.468071 シナリオ走行を開始しました [シナリオ名: ログイン]
[ADMIN] 16:57:05.493736 シナリオ走行を終了しました [シナリオ名: ログイン]
[ADMIN] 16:57:05.493747 シナリオ走行を開始しました [シナリオ名: ログイン]
[ADMIN] 16:57:05.506759 シナリオ走行を終了しました [シナリオ名: ログイン]
[ADMIN] 16:57:05.506774 シナリオ走行を開始しました [シナリオ名: ログイン]
[ADMIN] 16:57:05.523218 シナリオ走行を終了しました [シナリオ名: 新規ユーザー登録]
[ADMIN] 16:57:05.523240 シナリオ走行を開始しました [シナリオ名: 新規ユーザー登録]
[ADMIN] 16:57:05.526481 シナリオ走行を終了しました [シナリオ名: 新規ユーザー登録]
[ADMIN] 16:57:05.526512 シナリオ走行を開始しました [シナリオ名: 新規ユーザー登録]
[ADMIN] 16:57:05.537989 シナリオ走行を終了しました [シナリオ名: 新規ユーザー登録]
[ADMIN] 16:57:05.538006 シナリオ走行を開始しました [シナリオ名: 新規ユーザー登録]
[ADMIN] 16:57:05.580666 シナリオ走行を終了しました [シナリオ名: ログイン]
[ADMIN] 16:57:05.580679 シナリオ走行を開始しました [シナリオ名: ログイン]
[ADMIN] 16:57:05.592375 シナリオ走行を終了しました [シナリオ名: 新規ユーザー登録]
[ADMIN] 16:57:05.592397 シナリオ走行を開始しました [シナリオ名: 新規ユーザー登録]
[ADMIN] 16:57:05.621751 シナリオ走行を終了しました [シナリオ名: 新規ユーザー登録]
[ADMIN] 16:57:05.621776 シナリオ走行を開始しました [シナリオ名: 新規ユーザー登録]
[ADMIN] 16:57:05.631850 シナリオ走行を終了しました [シナリオ名: ログイン]
[ADMIN] 16:57:05.631862 シナリオ走行を開始しました [シナリオ名: ログイン]
[ADMIN] 16:57:05.634079 シナリオ走行を終了しました [シナリオ名: ログイン]
[ADMIN] 16:57:05.634089 シナリオ走行を開始しました [シナリオ名: ログイン]
[ADMIN] 16:57:05.638662 シナリオ走行を終了しました [シナリオ名: 新規ユーザー登録]
[ADMIN] 16:57:05.638682 シナリオ走行を開始しました [シナリオ名: 新規ユーザー登録]
[ADMIN] 16:57:05.658764 シナリオ走行を終了しました [シナリオ名: ログイン]
[ADMIN] 16:57:05.658777 シナリオ走行を開始しました [シナリオ名: ログイン]
[ADMIN] 16:57:05.680902 シナリオ走行を終了しました [シナリオ名: 新規ユーザー登録]
[ADMIN] 16:57:05.680925 シナリオ走行を開始しました [シナリオ名: 新規ユーザー登録]
[ADMIN] 16:57:05.703494 シナリオ走行を終了しました [シナリオ名: 新規ユーザー登録]
[ADMIN] 16:57:05.703514 シナリオ走行を開始しました [シナリオ名: 新規ユーザー登録]
[ADMIN] 16:57:05.704826 シナリオ走行を終了しました [シナリオ名: 新規ユーザー登録]
[ADMIN] 16:57:05.704844 シナリオ走行を開始しました [シナリオ名: 新規ユーザー登録]
[ADMIN] 16:57:05.738120 シナリオ走行を終了しました [シナリオ名: ログイン]
[ADMIN] 16:57:05.738137 シナリオ走行を開始しました [シナリオ名: ログイン]
[ADMIN] 16:57:05.761331 シナリオ走行を終了しました [シナリオ名: 新規ユーザー登録]
[ADMIN] 16:57:05.761359 シナリオ走行を開始しました [シナリオ名: 新規ユーザー登録]
[ADMIN] 16:57:05.775623 シナリオ走行を終了しました [シナリオ名: ログイン]
[ADMIN] 16:57:05.775635 シナリオ走行を開始しました [シナリオ名: ログイン]
[ADMIN] 16:57:05.780230 シナリオ走行を終了しました [シナリオ名: 新規ユーザー登録]
[ADMIN] 16:57:05.780253 シナリオ走行を開始しました [シナリオ名: 新規ユーザー登録]
[ADMIN] 16:57:05.782689 シナリオ走行を終了しました [シナリオ名: Banユーザログイン]
[ADMIN] 16:57:05.782704 シナリオ走行を開始しました [シナリオ名: Banユーザログイン]
[ADMIN] 16:57:05.787148 シナリオ走行を終了しました [シナリオ名: Banユーザログイン]
[ADMIN] 16:57:05.787162 シナリオ走行を開始しました [シナリオ名: Banユーザログイン]
[ADMIN] 16:57:05.829084 シナリオ走行を終了しました [シナリオ名: Banユーザログイン]
[ADMIN] 16:57:05.829100 シナリオ走行を開始しました [シナリオ名: Banユーザログイン]
[ADMIN] 16:57:05.835052 シナリオ走行を終了しました [シナリオ名: Banユーザログイン]
[ADMIN] 16:57:05.835066 シナリオ走行を開始しました [シナリオ名: Banユーザログイン]
[ADMIN] 16:57:05.835478 シナリオ走行を終了しました [シナリオ名: 新規ユーザー登録]
[ADMIN] 16:57:05.835500 シナリオ走行を開始しました [シナリオ名: 新規ユーザー登録]
[ADMIN] 16:57:05.838144 シナリオ走行を終了しました [シナリオ名: Banユーザログイン]
[ADMIN] 16:57:05.838154 シナリオ走行を開始しました [シナリオ名: Banユーザログイン]
[ADMIN] 16:57:05.865380 シナリオ走行を終了しました [シナリオ名: Banユーザログイン]
[ADMIN] 16:57:05.865395 シナリオ走行を開始しました [シナリオ名: Banユーザログイン]
[ADMIN] 16:57:05.874580 シナリオ走行を終了しました [シナリオ名: 新規ユーザー登録]
[ADMIN] 16:57:05.874599 シナリオ走行を開始しました [シナリオ名: 新規ユーザー登録]
[ADMIN] 16:57:05.876767 シナリオ走行を終了しました [シナリオ名: 新規ユーザー登録]
[ADMIN] 16:57:05.876783 シナリオ走行を開始しました [シナリオ名: 新規ユーザー登録]
[ADMIN] 16:57:05.892851 シナリオ走行を終了しました [シナリオ名: ログイン]
[ADMIN] 16:57:05.892862 シナリオ走行を開始しました [シナリオ名: ログイン]
[ADMIN] 16:57:05.896683 シナリオ走行を終了しました [シナリオ名: ログイン]
[ADMIN] 16:57:05.896691 シナリオ走行を開始しました [シナリオ名: ログイン]
[ADMIN] 16:57:05.897799 シナリオ走行を終了しました [シナリオ名: ログイン]
[ADMIN] 16:57:05.897807 シナリオ走行を開始しました [シナリオ名: ログイン]
[ADMIN] 16:57:05.914112 シナリオ走行を終了しました [シナリオ名: 新規ユーザー登録]
[ADMIN] 16:57:05.914131 シナリオ走行を開始しました [シナリオ名: 新規ユーザー登録]
[ADMIN] 16:57:05.955500 シナリオ走行を終了しました [シナリオ名: ログイン]
[ADMIN] 16:57:05.955514 シナリオ走行を開始しました [シナリオ名: ログイン]
[ADMIN] 16:57:05.956767 シナリオ走行を終了しました [シナリオ名: 新規ユーザー登録]
[ADMIN] 16:57:05.956780 シナリオ走行を開始しました [シナリオ名: 新規ユーザー登録]
[ADMIN] 16:57:05.996895 シナリオ走行を終了しました [シナリオ名: ログイン]
[ADMIN] 16:57:05.996904 シナリオ走行を開始しました [シナリオ名: ログイン]
[ADMIN] 16:57:06.001581 シナリオ走行を終了しました [シナリオ名: ログイン]
[ADMIN] 16:57:06.001590 シナリオ走行を開始しました [シナリオ名: ログイン]
[ADMIN] 16:57:06.043668 シナリオ走行を終了しました [シナリオ名: ログイン]
[ADMIN] 16:57:06.043678 シナリオ走行を開始しました [シナリオ名: ログイン]
[ADMIN] 16:57:06.053108 シナリオ走行を終了しました [シナリオ名: ログイン]
[ADMIN] 16:57:06.053116 シナリオ走行を開始しました [シナリオ名: ログイン]
[ADMIN] 16:57:06.068941 シナリオ走行を終了しました [シナリオ名: ログイン]
[ADMIN] 16:57:06.068951 シナリオ走行を開始しました [シナリオ名: ログイン]
[ADMIN] 16:57:06.075091 シナリオ走行を終了しました [シナリオ名: ログイン]
[ADMIN] 16:57:06.075101 シナリオ走行を開始しました [シナリオ名: ログイン]
[ADMIN] 16:57:06.100013 シナリオ走行を終了しました [シナリオ名: ログイン]
[ADMIN] 16:57:06.100024 シナリオ走行を開始しました [シナリオ名: ログイン]
[ADMIN] 16:57:06.108846 シナリオ走行を終了しました [シナリオ名: ログイン]
[ADMIN] 16:57:06.108854 シナリオ走行を開始しました [シナリオ名: ログイン]
[ADMIN] 16:57:06.119248 シナリオ走行を終了しました [シナリオ名: ログイン]
[ADMIN] 16:57:06.119256 シナリオ走行を開始しました [シナリオ名: ログイン]
[ADMIN] 16:57:06.120478 シナリオ走行を終了しました [シナリオ名: ログイン]
[ADMIN] 16:57:06.120485 シナリオ走行を開始しました [シナリオ名: ログイン]
[ADMIN] 16:57:06.190525 シナリオ走行を終了しました [シナリオ名: ログイン]
[ADMIN] 16:57:06.190538 シナリオ走行を開始しました [シナリオ名: ログイン]
[ADMIN] 16:57:06.218918 シナリオ走行を終了しました [シナリオ名: ログイン]
[ADMIN] 16:57:06.218930 シナリオ走行を開始しました [シナリオ名: ログイン]
[ADMIN] 16:57:06.247707 シナリオ走行を終了しました [シナリオ名: ログイン]
[ADMIN] 16:57:06.247718 シナリオ走行を開始しました [シナリオ名: ログイン]
[ADMIN] 16:57:06.251513 シナリオ走行を終了しました [シナリオ名: ログイン]
[ADMIN] 16:57:06.251523 シナリオ走行を開始しました [シナリオ名: ログイン]
[ADMIN] 16:57:06.281078 シナリオ走行を終了しました [シナリオ名: ログイン]
[ADMIN] 16:57:06.281091 シナリオ走行を開始しました [シナリオ名: ログイン]
[ADMIN] 16:57:06.294457 シナリオ走行を終了しました [シナリオ名: ログイン]
[ADMIN] 16:57:06.294471 シナリオ走行を開始しました [シナリオ名: ログイン]
[ADMIN] 16:57:06.300826 シナリオ走行を終了しました [シナリオ名: ログイン]
[ADMIN] 16:57:06.300835 シナリオ走行を開始しました [シナリオ名: ログイン]
[ADMIN] 16:57:06.313023 シナリオ走行を終了しました [シナリオ名: ログイン]
[ADMIN] 16:57:06.313034 シナリオ走行を開始しました [シナリオ名: ログイン]
[ADMIN] 16:57:06.316755 シナリオ走行を終了しました [シナリオ名: Banユーザログイン]
[ADMIN] 16:57:06.316770 シナリオ走行を開始しました [シナリオ名: Banユーザログイン]
[ADMIN] 16:57:06.331180 シナリオ走行を終了しました [シナリオ名: ログイン]
[ADMIN] 16:57:06.331191 シナリオ走行を開始しました [シナリオ名: ログイン]
[ADMIN] 16:57:06.337302 シナリオ走行を終了しました [シナリオ名: Banユーザログイン]
[ADMIN] 16:57:06.337317 シナリオ走行を開始しました [シナリオ名: Banユーザログイン]
[ADMIN] 16:57:06.351641 シナリオ走行を終了しました [シナリオ名: Banユーザログイン]
[ADMIN] 16:57:06.351653 シナリオ走行を開始しました [シナリオ名: Banユーザログイン]
[ADMIN] 16:57:06.364069 シナリオ走行を終了しました [シナリオ名: Banユーザログイン]
[ADMIN] 16:57:06.364085 シナリオ走行を開始しました [シナリオ名: Banユーザログイン]
[ADMIN] 16:57:06.367205 シナリオ走行を終了しました [シナリオ名: Banユーザログイン]
[ADMIN] 16:57:06.367219 シナリオ走行を開始しました [シナリオ名: Banユーザログイン]
[ADMIN] 16:57:06.390347 シナリオ走行を終了しました [シナリオ名: Banユーザログイン]
[ADMIN] 16:57:06.390362 シナリオ走行を開始しました [シナリオ名: Banユーザログイン]
[ADMIN] 16:57:06.395667 シナリオ走行を終了しました [シナリオ名: ログイン]
[ADMIN] 16:57:06.395681 シナリオ走行を開始しました [シナリオ名: ログイン]
[ADMIN] 16:57:06.411466 シナリオ走行を終了しました [シナリオ名: ログイン]
[ADMIN] 16:57:06.411478 シナリオ走行を開始しました [シナリオ名: ログイン]
[ADMIN] 16:57:06.412741 シナリオ走行を終了しました [シナリオ名: ログイン]
[ADMIN] 16:57:06.412751 シナリオ走行を開始しました [シナリオ名: ログイン]
[ADMIN] 16:57:06.438297 シナリオ走行を終了しました [シナリオ名: ログイン]
[ADMIN] 16:57:06.438308 シナリオ走行を開始しました [シナリオ名: ログイン]
[ADMIN] 16:57:06.486747 シナリオ走行を終了しました [シナリオ名: ログイン]
[ADMIN] 16:57:06.486760 シナリオ走行を開始しました [シナリオ名: ログイン]
[ADMIN] 16:57:06.505263 シナリオ走行を終了しました [シナリオ名: ログイン]
[ADMIN] 16:57:06.505276 シナリオ走行を開始しました [シナリオ名: ログイン]
[ADMIN] 16:57:06.563191 シナリオ走行を終了しました [シナリオ名: ログイン]
[ADMIN] 16:57:06.563206 シナリオ走行を開始しました [シナリオ名: ログイン]
[ADMIN] 16:57:06.563943 シナリオ走行を終了しました [シナリオ名: ログイン]
[ADMIN] 16:57:06.563951 シナリオ走行を開始しました [シナリオ名: ログイン]
[ADMIN] 16:57:06.623188 シナリオ走行を終了しました [シナリオ名: 新規ユーザー登録]
[ADMIN] 16:57:06.623209 シナリオ走行を開始しました [シナリオ名: 新規ユーザー登録]
[ADMIN] 16:57:06.651807 シナリオ走行を終了しました [シナリオ名: ログイン]
[ADMIN] 16:57:06.651819 シナリオ走行を開始しました [シナリオ名: ログイン]
[ADMIN] 16:57:06.658380 シナリオ走行を終了しました [シナリオ名: ログイン]
[ADMIN] 16:57:06.658391 シナリオ走行を開始しました [シナリオ名: ログイン]
[ADMIN] 16:57:06.668724 シナリオ走行を終了しました [シナリオ名: ログイン]
[ADMIN] 16:57:06.668736 シナリオ走行を開始しました [シナリオ名: ログイン]
[ADMIN] 16:57:06.669934 シナリオ走行を終了しました [シナリオ名: ログイン]
[ADMIN] 16:57:06.669943 シナリオ走行を開始しました [シナリオ名: ログイン]
[ADMIN] 16:57:06.713531 シナリオ走行を終了しました [シナリオ名: ログイン]
[ADMIN] 16:57:06.713544 シナリオ走行を開始しました [シナリオ名: ログイン]
[ADMIN] 16:57:06.759057 シナリオ走行を終了しました [シナリオ名: ログイン]
[ADMIN] 16:57:06.759069 シナリオ走行を開始しました [シナリオ名: ログイン]
[ADMIN] 16:57:06.822235 シナリオ走行を終了しました [シナリオ名: ログイン]
[ADMIN] 16:57:06.822248 シナリオ走行を開始しました [シナリオ名: ログイン]
[ADMIN] 16:57:06.827587 シナリオ走行を終了しました [シナリオ名: ログイン]
[ADMIN] 16:57:06.827599 シナリオ走行を開始しました [シナリオ名: ログイン]
[ADMIN] 16:57:06.848813 シナリオ走行を終了しました [シナリオ名: Banユーザログイン]
[ADMIN] 16:57:06.848830 シナリオ走行を開始しました [シナリオ名: Banユーザログイン]
[ADMIN] 16:57:06.873691 シナリオ走行を終了しました [シナリオ名: ログイン]
[ADMIN] 16:57:06.873703 シナリオ走行を開始しました [シナリオ名: ログイン]
[ADMIN] 16:57:06.886741 シナリオ走行を終了しました [シナリオ名: Banユーザログイン]
[ADMIN] 16:57:06.886756 シナリオ走行を開始しました [シナリオ名: Banユーザログイン]
[ADMIN] 16:57:06.889137 シナリオ走行を終了しました [シナリオ名: Banユーザログイン]
[ADMIN] 16:57:06.889152 シナリオ走行を開始しました [シナリオ名: Banユーザログイン]
[ADMIN] 16:57:06.889460 シナリオ走行を終了しました [シナリオ名: Banユーザログイン]
[ADMIN] 16:57:06.889501 シナリオ走行を開始しました [シナリオ名: Banユーザログイン]
[ADMIN] 16:57:06.907276 シナリオ走行を終了しました [シナリオ名: Banユーザログイン]
[ADMIN] 16:57:06.907291 シナリオ走行を開始しました [シナリオ名: Banユーザログイン]
[ADMIN] 16:57:06.919099 シナリオ走行を終了しました [シナリオ名: Banユーザログイン]
[ADMIN] 16:57:06.919113 シナリオ走行を開始しました [シナリオ名: Banユーザログイン]
[ADMIN] 16:57:06.942449 シナリオ走行を終了しました [シナリオ名: ログイン]
[ADMIN] 16:57:06.942461 シナリオ走行を開始しました [シナリオ名: ログイン]
[ADMIN] 16:57:07.013106 シナリオ走行を終了しました [シナリオ名: ログイン]
[ADMIN] 16:57:07.013123 シナリオ走行を開始しました [シナリオ名: ログイン]
[ADMIN] 16:57:07.044801 シナリオ走行を終了しました [シナリオ名: 新規ユーザー登録]
[ADMIN] 16:57:07.044825 シナリオ走行を開始しました [シナリオ名: 新規ユーザー登録]
[ADMIN] 16:57:07.047238 シナリオ走行を終了しました [シナリオ名: 新規ユーザー登録]
[ADMIN] 16:57:07.047253 シナリオ走行を開始しました [シナリオ名: 新規ユーザー登録]
[ADMIN] 16:57:07.065457 シナリオ走行を終了しました [シナリオ名: ログイン]
[ADMIN] 16:57:07.065471 シナリオ走行を開始しました [シナリオ名: ログイン]
[ADMIN] 16:57:07.087408 シナリオ走行を終了しました [シナリオ名: ログイン]
[ADMIN] 16:57:07.087421 シナリオ走行を開始しました [シナリオ名: ログイン]
[ADMIN] 16:57:07.089274 シナリオ走行を終了しました [シナリオ名: ログイン]
[ADMIN] 16:57:07.089284 シナリオ走行を開始しました [シナリオ名: ログイン]
[ADMIN] 16:57:07.100158 シナリオ走行を終了しました [シナリオ名: ログイン]
[ADMIN] 16:57:07.100169 シナリオ走行を開始しました [シナリオ名: ログイン]
[ADMIN] 16:57:07.134163 シナリオ走行を終了しました [シナリオ名: ログイン]
[ADMIN] 16:57:07.134175 シナリオ走行を開始しました [シナリオ名: ログイン]
[ADMIN] 16:57:07.143931 シナリオ走行を終了しました [シナリオ名: 新規ユーザー登録]
[ADMIN] 16:57:07.143953 シナリオ走行を開始しました [シナリオ名: 新規ユーザー登録]
[ADMIN] 16:57:07.146404 シナリオ走行を終了しました [シナリオ名: ログイン]
[ADMIN] 16:57:07.146415 シナリオ走行を開始しました [シナリオ名: ログイン]
[ADMIN] 16:57:07.224317 シナリオ走行を終了しました [シナリオ名: ログイン]
[ADMIN] 16:57:07.224330 シナリオ走行を開始しました [シナリオ名: ログイン]
[ADMIN] 16:57:07.247936 シナリオ走行を終了しました [シナリオ名: ログイン]
[ADMIN] 16:57:07.247948 シナリオ走行を開始しました [シナリオ名: ログイン]
[ADMIN] 16:57:07.256063 シナリオ走行を終了しました [シナリオ名: ログイン]
[ADMIN] 16:57:07.256074 シナリオ走行を開始しました [シナリオ名: ログイン]
[ADMIN] 16:57:07.347396 シナリオ走行を終了しました [シナリオ名: ログイン]
[ADMIN] 16:57:07.347407 シナリオ走行を開始しました [シナリオ名: ログイン]
[ADMIN] 16:57:07.358343 シナリオ走行を終了しました [シナリオ名: ログイン]
[ADMIN] 16:57:07.358353 シナリオ走行を開始しました [シナリオ名: ログイン]
[ADMIN] 16:57:07.385559 シナリオ走行を終了しました [シナリオ名: Banユーザログイン]
[ADMIN] 16:57:07.385576 シナリオ走行を開始しました [シナリオ名: Banユーザログイン]
[ADMIN] 16:57:07.392060 シナリオ走行を終了しました [シナリオ名: ログイン]
[ADMIN] 16:57:07.392071 シナリオ走行を開始しました [シナリオ名: ログイン]
[ADMIN] 16:57:07.415390 シナリオ走行を終了しました [シナリオ名: Banユーザログイン]
[ADMIN] 16:57:07.415404 シナリオ走行を開始しました [シナリオ名: Banユーザログイン]
[ADMIN] 16:57:07.427673 シナリオ走行を終了しました [シナリオ名: Banユーザログイン]
[ADMIN] 16:57:07.427686 シナリオ走行を開始しました [シナリオ名: Banユーザログイン]
[ADMIN] 16:57:07.441044 シナリオ走行を終了しました [シナリオ名: Banユーザログイン]
[ADMIN] 16:57:07.441061 シナリオ走行を開始しました [シナリオ名: Banユーザログイン]
[ADMIN] 16:57:07.448356 シナリオ走行を終了しました [シナリオ名: Banユーザログイン]
[ADMIN] 16:57:07.448369 シナリオ走行を開始しました [シナリオ名: Banユーザログイン]
[ADMIN] 16:57:07.454158 シナリオ走行を終了しました [シナリオ名: ログイン]
[ADMIN] 16:57:07.454168 シナリオ走行を開始しました [シナリオ名: ログイン]
[ADMIN] 16:57:07.460586 シナリオ走行を終了しました [シナリオ名: ログイン]
[ADMIN] 16:57:07.460596 シナリオ走行を開始しました [シナリオ名: ログイン]
[ADMIN] 16:57:07.466389 シナリオ走行を終了しました [シナリオ名: 新規ユーザー登録]
[ADMIN] 16:57:07.466412 シナリオ走行を開始しました [シナリオ名: 新規ユーザー登録]
[ADMIN] 16:57:07.466483 シナリオ走行を終了しました [シナリオ名: ログイン]
[ADMIN] 16:57:07.466500 シナリオ走行を開始しました [シナリオ名: ログイン]
[ADMIN] 16:57:07.470844 シナリオ走行を終了しました [シナリオ名: Banユーザログイン]
[ADMIN] 16:57:07.470859 シナリオ走行を開始しました [シナリオ名: Banユーザログイン]
[ADMIN] 16:57:07.472564 シナリオ走行を終了しました [シナリオ名: ログイン]
[ADMIN] 16:57:07.472572 シナリオ走行を開始しました [シナリオ名: ログイン]
[ADMIN] 16:57:07.492160 シナリオ走行を終了しました [シナリオ名: ログイン]
[ADMIN] 16:57:07.492168 シナリオ走行を開始しました [シナリオ名: ログイン]
[ADMIN] 16:57:07.498100 シナリオ走行を終了しました [シナリオ名: ログイン]
[ADMIN] 16:57:07.498108 シナリオ走行を開始しました [シナリオ名: ログイン]
[ADMIN] 16:57:07.504102 シナリオ走行を終了しました [シナリオ名: ログイン]
[ADMIN] 16:57:07.504111 シナリオ走行を開始しました [シナリオ名: ログイン]
[ADMIN] 16:57:07.516452 シナリオ走行を終了しました [シナリオ名: 新規ユーザー登録]
[ADMIN] 16:57:07.516471 シナリオ走行を開始しました [シナリオ名: 新規ユーザー登録]
[ADMIN] 16:57:07.524673 シナリオ走行を終了しました [シナリオ名: ログイン]
[ADMIN] 16:57:07.524683 シナリオ走行を開始しました [シナリオ名: ログイン]
[ADMIN] 16:57:07.529765 シナリオ走行を終了しました [シナリオ名: 新規ユーザー登録]
[ADMIN] 16:57:07.529779 シナリオ走行を開始しました [シナリオ名: 新規ユーザー登録]
[ADMIN] 16:57:07.538768 シナリオ走行を終了しました [シナリオ名: ログイン]
[ADMIN] 16:57:07.538776 シナリオ走行を開始しました [シナリオ名: ログイン]
[ADMIN] 16:57:07.553207 シナリオ走行を終了しました [シナリオ名: ログイン]
[ADMIN] 16:57:07.553217 シナリオ走行を開始しました [シナリオ名: ログイン]
[ADMIN] 16:57:07.563164 シナリオ走行を終了しました [シナリオ名: 新規ユーザー登録]
[ADMIN] 16:57:07.563180 シナリオ走行を開始しました [シナリオ名: 新規ユーザー登録]
[ADMIN] 16:57:07.584650 シナリオ走行を終了しました [シナリオ名: 新規ユーザー登録]
[ADMIN] 16:57:07.584664 シナリオ走行を開始しました [シナリオ名: 新規ユーザー登録]
[ADMIN] 16:57:07.619721 シナリオ走行を終了しました [シナリオ名: 新規ユーザー登録]
[ADMIN] 16:57:07.619745 シナリオ走行を開始しました [シナリオ名: 新規ユーザー登録]
[ADMIN] 16:57:07.621747 シナリオ走行を終了しました [シナリオ名: 新規ユーザー登録]
[ADMIN] 16:57:07.621761 シナリオ走行を開始しました [シナリオ名: 新規ユーザー登録]
[ADMIN] 16:57:07.629713 シナリオ走行を終了しました [シナリオ名: ログイン]
[ADMIN] 16:57:07.629723 シナリオ走行を開始しました [シナリオ名: ログイン]
[ADMIN] 16:57:07.633171 シナリオ走行を終了しました [シナリオ名: ログイン]
[ADMIN] 16:57:07.633179 シナリオ走行を開始しました [シナリオ名: ログイン]
[ADMIN] 16:57:07.648195 シナリオ走行を終了しました [シナリオ名: ログイン]
[ADMIN] 16:57:07.648207 シナリオ走行を開始しました [シナリオ名: ログイン]
[ADMIN] 16:57:07.654165 シナリオ走行を終了しました [シナリオ名: ログイン]
[ADMIN] 16:57:07.654175 シナリオ走行を開始しました [シナリオ名: ログイン]
[ADMIN] 16:57:07.659450 シナリオ走行を終了しました [シナリオ名: 新規ユーザー登録]
[ADMIN] 16:57:07.659468 シナリオ走行を開始しました [シナリオ名: 新規ユーザー登録]
[ADMIN] 16:57:07.662529 シナリオ走行を終了しました [シナリオ名: ログイン]
[ADMIN] 16:57:07.662537 シナリオ走行を開始しました [シナリオ名: ログイン]
[ADMIN] 16:57:07.686022 シナリオ走行を終了しました [シナリオ名: 新規ユーザー登録]
[ADMIN] 16:57:07.686039 シナリオ走行を開始しました [シナリオ名: 新規ユーザー登録]
[ADMIN] 16:57:07.706457 シナリオ走行を終了しました [シナリオ名: ログイン]
[ADMIN] 16:57:07.706467 シナリオ走行を開始しました [シナリオ名: ログイン]
[ADMIN] 16:57:07.717019 シナリオ走行を終了しました [シナリオ名: 新規ユーザー登録]
[ADMIN] 16:57:07.717038 シナリオ走行を開始しました [シナリオ名: 新規ユーザー登録]
[ADMIN] 16:57:07.720442 シナリオ走行を終了しました [シナリオ名: 新規ユーザー登録]
[ADMIN] 16:57:07.720468 シナリオ走行を開始しました [シナリオ名: 新規ユーザー登録]
[ADMIN] 16:57:07.741152 シナリオ走行を終了しました [シナリオ名: ログイン]
[ADMIN] 16:57:07.741164 シナリオ走行を開始しました [シナリオ名: ログイン]
[ADMIN] 16:57:07.774054 シナリオ走行を終了しました [シナリオ名: ログイン]
[ADMIN] 16:57:07.774071 シナリオ走行を開始しました [シナリオ名: ログイン]
[ADMIN] 16:57:07.804803 シナリオ走行を終了しました [シナリオ名: 新規ユーザー登録]
[ADMIN] 16:57:07.804831 シナリオ走行を開始しました [シナリオ名: 新規ユーザー登録]
[ADMIN] 16:57:07.805590 シナリオ走行を終了しました [シナリオ名: 新規ユーザー登録]
[ADMIN] 16:57:07.805605 シナリオ走行を開始しました [シナリオ名: 新規ユーザー登録]
[ADMIN] 16:57:07.806070 シナリオ走行を終了しました [シナリオ名: ログイン]
[ADMIN] 16:57:07.806081 シナリオ走行を開始しました [シナリオ名: ログイン]
[ADMIN] 16:57:07.828122 シナリオ走行を終了しました [シナリオ名: 新規ユーザー登録]
[ADMIN] 16:57:07.828136 シナリオ走行を開始しました [シナリオ名: 新規ユーザー登録]
[ADMIN] 16:57:07.832488 シナリオ走行を終了しました [シナリオ名: ログイン]
[ADMIN] 16:57:07.832499 シナリオ走行を開始しました [シナリオ名: ログイン]
[ADMIN] 16:57:07.851569 シナリオ走行を終了しました [シナリオ名: ログイン]
[ADMIN] 16:57:07.851582 シナリオ走行を開始しました [シナリオ名: ログイン]
[ADMIN] 16:57:07.858459 シナリオ走行を終了しました [シナリオ名: ログイン]
[ADMIN] 16:57:07.858469 シナリオ走行を開始しました [シナリオ名: ログイン]
[ADMIN] 16:57:07.896079 シナリオ走行を終了しました [シナリオ名: ログイン]
[ADMIN] 16:57:07.896091 シナリオ走行を開始しました [シナリオ名: ログイン]
[ADMIN] 16:57:07.896669 シナリオ走行を終了しました [シナリオ名: 新規ユーザー登録]
[ADMIN] 16:57:07.896686 シナリオ走行を開始しました [シナリオ名: 新規ユーザー登録]
[ADMIN] 16:57:07.905602 シナリオ走行を終了しました [シナリオ名: Banユーザログイン]
[ADMIN] 16:57:07.905618 シナリオ走行を開始しました [シナリオ名: Banユーザログイン]
[ADMIN] 16:57:07.911781 シナリオ走行を終了しました [シナリオ名: 新規ユーザー登録]
[ADMIN] 16:57:07.911799 シナリオ走行を開始しました [シナリオ名: 新規ユーザー登録]
[ADMIN] 16:57:07.936049 シナリオ走行を終了しました [シナリオ名: ログイン]
[ADMIN] 16:57:07.936061 シナリオ走行を開始しました [シナリオ名: ログイン]
[ADMIN] 16:57:07.938082 シナリオ走行を終了しました [シナリオ名: Banユーザログイン]
[ADMIN] 16:57:07.938096 シナリオ走行を開始しました [シナリオ名: Banユーザログイン]
[ADMIN] 16:57:07.945771 シナリオ走行を終了しました [シナリオ名: ログイン]
[ADMIN] 16:57:07.945780 シナリオ走行を開始しました [シナリオ名: ログイン]
[ADMIN] 16:57:07.971336 シナリオ走行を終了しました [シナリオ名: 新規ユーザー登録]
[ADMIN] 16:57:07.971357 シナリオ走行を開始しました [シナリオ名: 新規ユーザー登録]
[ADMIN] 16:57:07.982478 シナリオ走行を終了しました [シナリオ名: Banユーザログイン]
[ADMIN] 16:57:07.982492 シナリオ走行を開始しました [シナリオ名: Banユーザログイン]
[ADMIN] 16:57:07.986297 シナリオ走行を終了しました [シナリオ名: Banユーザログイン]
[ADMIN] 16:57:07.986307 シナリオ走行を開始しました [シナリオ名: Banユーザログイン]
[ADMIN] 16:57:07.986704 シナリオ走行を終了しました [シナリオ名: ログイン]
[ADMIN] 16:57:07.986716 シナリオ走行を開始しました [シナリオ名: ログイン]
[ADMIN] 16:57:07.989135 シナリオ走行を終了しました [シナリオ名: Banユーザログイン]
[ADMIN] 16:57:07.989148 シナリオ走行を開始しました [シナリオ名: Banユーザログイン]
[ADMIN] 16:57:07.993602 シナリオ走行を終了しました [シナリオ名: Banユーザログイン]
[ADMIN] 16:57:07.993619 シナリオ走行を開始しました [シナリオ名: Banユーザログイン]
[ADMIN] 16:57:08.048035 シナリオ走行を終了しました [シナリオ名: ログイン]
[ADMIN] 16:57:08.048049 シナリオ走行を開始しました [シナリオ名: ログイン]
[ADMIN] 16:57:08.110550 シナリオ走行を終了しました [シナリオ名: ログイン]
[ADMIN] 16:57:08.110563 シナリオ走行を開始しました [シナリオ名: ログイン]
[ADMIN] 16:57:08.119519 シナリオ走行を終了しました [シナリオ名: ログイン]
[ADMIN] 16:57:08.119529 シナリオ走行を開始しました [シナリオ名: ログイン]
[ADMIN] 16:57:08.130855 シナリオ走行を終了しました [シナリオ名: ログイン]
[ADMIN] 16:57:08.130868 シナリオ走行を開始しました [シナリオ名: ログイン]
[ADMIN] 16:57:08.130877 シナリオ走行を終了しました [シナリオ名: ログイン]
[ADMIN] 16:57:08.130887 シナリオ走行を開始しました [シナリオ名: ログイン]
[ADMIN] 16:57:08.206233 シナリオ走行を終了しました [シナリオ名: ログイン]
[ADMIN] 16:57:08.206248 シナリオ走行を開始しました [シナリオ名: ログイン]
[ADMIN] 16:57:08.230545 シナリオ走行を終了しました [シナリオ名: 新規ユーザー登録]
[ADMIN] 16:57:08.230567 シナリオ走行を開始しました [シナリオ名: 新規ユーザー登録]
[ADMIN] 16:57:08.267562 シナリオ走行を終了しました [シナリオ名: ログイン]
[ADMIN] 16:57:08.267574 シナリオ走行を開始しました [シナリオ名: ログイン]
[ADMIN] 16:57:08.274879 シナリオ走行を終了しました [シナリオ名: ログイン]
[ADMIN] 16:57:08.274888 シナリオ走行を開始しました [シナリオ名: ログイン]
[ADMIN] 16:57:08.285007 シナリオ走行を終了しました [シナリオ名: ログイン]
[ADMIN] 16:57:08.285017 シナリオ走行を開始しました [シナリオ名: ログイン]
[ADMIN] 16:57:08.299197 シナリオ走行を終了しました [シナリオ名: ログイン]
[ADMIN] 16:57:08.299207 シナリオ走行を開始しました [シナリオ名: ログイン]
[ADMIN] 16:57:08.327557 シナリオ走行を終了しました [シナリオ名: ログイン]
[ADMIN] 16:57:08.327568 シナリオ走行を開始しました [シナリオ名: ログイン]
[ADMIN] 16:57:08.445827 シナリオ走行を終了しました [シナリオ名: Banユーザログイン]
[ADMIN] 16:57:08.445862 シナリオ走行を開始しました [シナリオ名: Banユーザログイン]
[ADMIN] 16:57:08.476785 シナリオ走行を終了しました [シナリオ名: Banユーザログイン]
[ADMIN] 16:57:08.476802 シナリオ走行を開始しました [シナリオ名: Banユーザログイン]
[ADMIN] 16:57:08.503536 シナリオ走行を終了しました [シナリオ名: Banユーザログイン]
[ADMIN] 16:57:08.503553 シナリオ走行を開始しました [シナリオ名: Banユーザログイン]
[ADMIN] 16:57:08.521865 シナリオ走行を終了しました [シナリオ名: ログイン]
[ADMIN] 16:57:08.521877 シナリオ走行を開始しました [シナリオ名: ログイン]
[ADMIN] 16:57:08.523835 シナリオ走行を終了しました [シナリオ名: Banユーザログイン]
[ADMIN] 16:57:08.523849 シナリオ走行を開始しました [シナリオ名: Banユーザログイン]
[ADMIN] 16:57:08.524600 シナリオ走行を終了しました [シナリオ名: ログイン]
[ADMIN] 16:57:08.524609 シナリオ走行を開始しました [シナリオ名: ログイン]
[ADMIN] 16:57:08.525978 シナリオ走行を終了しました [シナリオ名: Banユーザログイン]
[ADMIN] 16:57:08.525989 シナリオ走行を開始しました [シナリオ名: Banユーザログイン]
[ADMIN] 16:57:08.526934 シナリオ走行を終了しました [シナリオ名: Banユーザログイン]
[ADMIN] 16:57:08.526948 シナリオ走行を開始しました [シナリオ名: Banユーザログイン]
[ADMIN] 16:57:08.536510 シナリオ走行を終了しました [シナリオ名: ログイン]
[ADMIN] 16:57:08.536521 シナリオ走行を開始しました [シナリオ名: ログイン]
[ADMIN] 16:57:08.538111 シナリオ走行を終了しました [シナリオ名: ログイン]
[ADMIN] 16:57:08.538121 シナリオ走行を開始しました [シナリオ名: ログイン]
[ADMIN] 16:57:08.556954 シナリオ走行を終了しました [シナリオ名: ログイン]
[ADMIN] 16:57:08.556964 シナリオ走行を開始しました [シナリオ名: ログイン]
[ADMIN] 16:57:08.572495 シナリオ走行を終了しました [シナリオ名: ログイン]
[ADMIN] 16:57:08.572507 シナリオ走行を開始しました [シナリオ名: ログイン]
[ADMIN] 16:57:08.582092 シナリオ走行を終了しました [シナリオ名: ログイン]
[ADMIN] 16:57:08.582101 シナリオ走行を開始しました [シナリオ名: ログイン]
[ADMIN] 16:57:08.611988 シナリオ走行を終了しました [シナリオ名: ログイン]
[ADMIN] 16:57:08.612002 シナリオ走行を開始しました [シナリオ名: ログイン]
[ADMIN] 16:57:08.636278 シナリオ走行を終了しました [シナリオ名: ログイン]
[ADMIN] 16:57:08.636290 シナリオ走行を開始しました [シナリオ名: ログイン]
[ADMIN] 16:57:08.640666 シナリオ走行を終了しました [シナリオ名: ログイン]
[ADMIN] 16:57:08.640677 シナリオ走行を開始しました [シナリオ名: ログイン]
[ADMIN] 16:57:08.663348 シナリオ走行を終了しました [シナリオ名: ログイン]
[ADMIN] 16:57:08.663357 シナリオ走行を開始しました [シナリオ名: ログイン]
[ADMIN] 16:57:08.690978 シナリオ走行を終了しました [シナリオ名: ログイン]
[ADMIN] 16:57:08.690987 シナリオ走行を開始しました [シナリオ名: ログイン]
[ADMIN] 16:57:08.691699 シナリオ走行を終了しました [シナリオ名: ログイン]
[ADMIN] 16:57:08.691708 シナリオ走行を開始しました [シナリオ名: ログイン]
[ADMIN] 16:57:08.692262 シナリオ走行を終了しました [シナリオ名: ログイン]
[ADMIN] 16:57:08.692270 シナリオ走行を開始しました [シナリオ名: ログイン]
[ADMIN] 16:57:08.693764 シナリオ走行を終了しました [シナリオ名: ログイン]
[ADMIN] 16:57:08.693771 シナリオ走行を開始しました [シナリオ名: ログイン]
[ADMIN] 16:57:08.726420 シナリオ走行を終了しました [シナリオ名: ログイン]
[ADMIN] 16:57:08.726430 シナリオ走行を開始しました [シナリオ名: ログイン]
[ADMIN] 16:57:08.750983 シナリオ走行を終了しました [シナリオ名: 新規ユーザー登録]
[ADMIN] 16:57:08.751004 シナリオ走行を開始しました [シナリオ名: 新規ユーザー登録]
[ADMIN] 16:57:08.774820 シナリオ走行を終了しました [シナリオ名: ログイン]
[ADMIN] 16:57:08.774831 シナリオ走行を開始しました [シナリオ名: ログイン]
[ADMIN] 16:57:08.785515 シナリオ走行を終了しました [シナリオ名: ログイン]
[ADMIN] 16:57:08.785525 シナリオ走行を開始しました [シナリオ名: ログイン]
[ADMIN] 16:57:08.789155 シナリオ走行を終了しました [シナリオ名: ログイン]
[ADMIN] 16:57:08.789164 シナリオ走行を開始しました [シナリオ名: ログイン]
[ADMIN] 16:57:08.799624 シナリオ走行を終了しました [シナリオ名: ログイン]
[ADMIN] 16:57:08.799633 シナリオ走行を開始しました [シナリオ名: ログイン]
[ADMIN] 16:57:08.807975 シナリオ走行を終了しました [シナリオ名: ログイン]
[ADMIN] 16:57:08.807984 シナリオ走行を開始しました [シナリオ名: ログイン]
[ADMIN] 16:57:08.856646 シナリオ走行を終了しました [シナリオ名: ログイン]
[ADMIN] 16:57:08.856657 シナリオ走行を開始しました [シナリオ名: ログイン]
[ADMIN] 16:57:08.881414 シナリオ走行を終了しました [シナリオ名: ログイン]
[ADMIN] 16:57:08.881425 シナリオ走行を開始しました [シナリオ名: ログイン]
[ADMIN] 16:57:08.945691 シナリオ走行を終了しました [シナリオ名: 新規ユーザー登録]
[ADMIN] 16:57:08.945718 シナリオ走行を開始しました [シナリオ名: 新規ユーザー登録]
[ADMIN] 16:57:08.952728 シナリオ走行を終了しました [シナリオ名: ログイン]
[ADMIN] 16:57:08.952742 シナリオ走行を開始しました [シナリオ名: ログイン]
[ADMIN] 16:57:08.964203 シナリオ走行を終了しました [シナリオ名: Banユーザログイン]
[ADMIN] 16:57:08.964219 シナリオ走行を開始しました [シナリオ名: Banユーザログイン]
[ADMIN] 16:57:08.971471 シナリオ走行を終了しました [シナリオ名: ログイン]
[ADMIN] 16:57:08.971482 シナリオ走行を開始しました [シナリオ名: ログイン]
[ADMIN] 16:57:09.000738 シナリオ走行を終了しました [シナリオ名: Banユーザログイン]
[ADMIN] 16:57:09.000756 シナリオ走行を開始しました [シナリオ名: Banユーザログイン]
[ADMIN] 16:57:09.001700 シナリオ走行を終了しました [シナリオ名: ログイン]
[ADMIN] 16:57:09.001712 シナリオ走行を開始しました [シナリオ名: ログイン]
[ADMIN] 16:57:09.016509 シナリオ走行を終了しました [シナリオ名: ログイン]
[ADMIN] 16:57:09.016519 シナリオ走行を開始しました [シナリオ名: ログイン]
[ADMIN] 16:57:09.027503 シナリオ走行を終了しました [シナリオ名: Banユーザログイン]
[ADMIN] 16:57:09.027518 シナリオ走行を開始しました [シナリオ名: Banユーザログイン]
[ADMIN] 16:57:09.038749 シナリオ走行を終了しました [シナリオ名: Banユーザログイン]
[ADMIN] 16:57:09.038760 シナリオ走行を開始しました [シナリオ名: Banユーザログイン]
[ADMIN] 16:57:09.059125 シナリオ走行を終了しました [シナリオ名: Banユーザログイン]
[ADMIN] 16:57:09.059136 シナリオ走行を開始しました [シナリオ名: Banユーザログイン]
[ADMIN] 16:57:09.073227 シナリオ走行を終了しました [シナリオ名: Banユーザログイン]
[ADMIN] 16:57:09.073240 シナリオ走行を開始しました [シナリオ名: Banユーザログイン]
[ADMIN] 16:57:09.085644 シナリオ走行を終了しました [シナリオ名: 新規ユーザー登録]
[ADMIN] 16:57:09.085666 シナリオ走行を開始しました [シナリオ名: 新規ユーザー登録]
[ADMIN] 16:57:09.145602 シナリオ走行を終了しました [シナリオ名: ログイン]
[ADMIN] 16:57:09.145618 シナリオ走行を開始しました [シナリオ名: ログイン]
[ADMIN] 16:57:09.203883 シナリオ走行を終了しました [シナリオ名: ログイン]
[ADMIN] 16:57:09.203897 シナリオ走行を開始しました [シナリオ名: ログイン]
[ADMIN] 16:57:09.213492 シナリオ走行を終了しました [シナリオ名: ログイン]
[ADMIN] 16:57:09.213506 シナリオ走行を開始しました [シナリオ名: ログイン]
[ADMIN] 16:57:09.233101 シナリオ走行を終了しました [シナリオ名: ログイン]
[ADMIN] 16:57:09.233111 シナリオ走行を開始しました [シナリオ名: ログイン]
[ADMIN] 16:57:09.286003 シナリオ走行を終了しました [シナリオ名: 新規ユーザー登録]
[ADMIN] 16:57:09.286030 シナリオ走行を開始しました [シナリオ名: 新規ユーザー登録]
[ADMIN] 16:57:09.295013 シナリオ走行を終了しました [シナリオ名: ログイン]
[ADMIN] 16:57:09.295023 シナリオ走行を開始しました [シナリオ名: ログイン]
[ADMIN] 16:57:09.296135 シナリオ走行を終了しました [シナリオ名: 新規ユーザー登録]
[ADMIN] 16:57:09.296152 シナリオ走行を開始しました [シナリオ名: 新規ユーザー登録]
[ADMIN] 16:57:09.302014 シナリオ走行を終了しました [シナリオ名: 新規ユーザー登録]
[ADMIN] 16:57:09.302029 シナリオ走行を開始しました [シナリオ名: 新規ユーザー登録]
[ADMIN] 16:57:09.320927 シナリオ走行を終了しました [シナリオ名: 新規ユーザー登録]
[ADMIN] 16:57:09.320957 シナリオ走行を開始しました [シナリオ名: 新規ユーザー登録]
[ADMIN] 16:57:09.351987 シナリオ走行を終了しました [シナリオ名: ログイン]
[ADMIN] 16:57:09.351997 シナリオ走行を開始しました [シナリオ名: ログイン]
[ADMIN] 16:57:09.372236 シナリオ走行を終了しました [シナリオ名: ログイン]
[ADMIN] 16:57:09.372301 シナリオ走行を開始しました [シナリオ名: ログイン]
[ADMIN] 16:57:09.378158 シナリオ走行を終了しました [シナリオ名: ログイン]
[ADMIN] 16:57:09.378177 シナリオ走行を開始しました [シナリオ名: ログイン]
[ADMIN] 16:57:09.419177 シナリオ走行を終了しました [シナリオ名: ログイン]
[ADMIN] 16:57:09.419189 シナリオ走行を開始しました [シナリオ名: ログイン]
[ADMIN] 16:57:09.436234 シナリオ走行を終了しました [シナリオ名: 新規ユーザー登録]
[ADMIN] 16:57:09.436254 シナリオ走行を開始しました [シナリオ名: 新規ユーザー登録]
[ADMIN] 16:57:09.436450 シナリオ走行を終了しました [シナリオ名: 新規ユーザー登録]
[ADMIN] 16:57:09.436465 シナリオ走行を開始しました [シナリオ名: 新規ユーザー登録]
[ADMIN] 16:57:09.441653 シナリオ走行を終了しました [シナリオ名: 新規ユーザー登録]
[ADMIN] 16:57:09.441668 シナリオ走行を開始しました [シナリオ名: 新規ユーザー登録]
[ADMIN] 16:57:09.447698 シナリオ走行を終了しました [シナリオ名: ログイン]
[ADMIN] 16:57:09.447707 シナリオ走行を開始しました [シナリオ名: ログイン]
[ADMIN] 16:57:09.475878 シナリオ走行を終了しました [シナリオ名: 新規ユーザー登録]
[ADMIN] 16:57:09.475895 シナリオ走行を開始しました [シナリオ名: 新規ユーザー登録]
[ADMIN] 16:57:09.476864 シナリオ走行を終了しました [シナリオ名: Banユーザログイン]
[ADMIN] 16:57:09.476872 シナリオ走行を開始しました [シナリオ名: Banユーザログイン]
[ADMIN] 16:57:09.514894 シナリオ走行を終了しました [シナリオ名: ログイン]
[ADMIN] 16:57:09.514909 シナリオ走行を開始しました [シナリオ名: ログイン]
[ADMIN] 16:57:09.548250 シナリオ走行を終了しました [シナリオ名: Banユーザログイン]
[ADMIN] 16:57:09.548266 シナリオ走行を開始しました [シナリオ名: Banユーザログイン]
[ADMIN] 16:57:09.558419 シナリオ走行を終了しました [シナリオ名: ログイン]
[ADMIN] 16:57:09.558433 シナリオ走行を開始しました [シナリオ名: ログイン]
[ADMIN] 16:57:09.561839 シナリオ走行を終了しました [シナリオ名: ログイン]
[ADMIN] 16:57:09.561849 シナリオ走行を開始しました [シナリオ名: ログイン]
[ADMIN] 16:57:09.572158 シナリオ走行を終了しました [シナリオ名: Banユーザログイン]
[ADMIN] 16:57:09.572169 シナリオ走行を開始しました [シナリオ名: Banユーザログイン]
[ADMIN] 16:57:09.582066 シナリオ走行を終了しました [シナリオ名: ログイン]
[ADMIN] 16:57:09.582080 シナリオ走行を開始しました [シナリオ名: ログイン]
[ADMIN] 16:57:09.597526 シナリオ走行を終了しました [シナリオ名: Banユーザログイン]
[ADMIN] 16:57:09.597537 シナリオ走行を終了しました [シナリオ名: Banユーザログイン]
[ADMIN] 16:57:09.597542 シナリオ走行を開始しました [シナリオ名: Banユーザログイン]
[ADMIN] 16:57:09.597547 シナリオ走行を開始しました [シナリオ名: Banユーザログイン]
[ADMIN] 16:57:09.597963 シナリオ走行を終了しました [シナリオ名: ログイン]
[ADMIN] 16:57:09.597973 シナリオ走行を開始しました [シナリオ名: ログイン]
[ADMIN] 16:57:09.607466 シナリオ走行を終了しました [シナリオ名: ログイン]
[ADMIN] 16:57:09.607478 シナリオ走行を開始しました [シナリオ名: ログイン]
[ADMIN] 16:57:09.610595 シナリオ走行を終了しました [シナリオ名: Banユーザログイン]
[ADMIN] 16:57:09.610603 シナリオ走行を開始しました [シナリオ名: Banユーザログイン]
[ADMIN] 16:57:09.632719 シナリオ走行を終了しました [シナリオ名: 新規ユーザー登録]
[ADMIN] 16:57:09.632740 シナリオ走行を開始しました [シナリオ名: 新規ユーザー登録]
[ADMIN] 16:57:09.648224 シナリオ走行を終了しました [シナリオ名: ログイン]
[ADMIN] 16:57:09.648236 シナリオ走行を開始しました [シナリオ名: ログイン]
[ADMIN] 16:57:09.648849 シナリオ走行を終了しました [シナリオ名: 新規ユーザー登録]
[ADMIN] 16:57:09.648869 シナリオ走行を開始しました [シナリオ名: 新規ユーザー登録]
16:57:09.668248 現在のログイン成功数: [total: 3459 (+1431人)]
16:57:09.668257 現在のユーザー登録成功数: [total: 1394 (+510人)]
[ADMIN] 16:57:09.674466 シナリオ走行を終了しました [シナリオ名: ログイン]
[ADMIN] 16:57:09.674481 シナリオ走行を開始しました [シナリオ名: ログイン]
[ADMIN] 16:57:09.675157 シナリオ走行を終了しました [シナリオ名: ログイン]
[ADMIN] 16:57:09.675178 シナリオ走行を開始しました [シナリオ名: ログイン]
[ADMIN] 16:57:09.675227 シナリオ走行を開始しました [シナリオ名: ログイン]
[ADMIN] 16:57:09.675235 シナリオ走行を開始しました [シナリオ名: ログイン]
[ADMIN] 16:57:09.675260 シナリオ走行を開始しました [シナリオ名: ログイン]
[ADMIN] 16:57:09.675308 シナリオ走行を開始しました [シナリオ名: ログイン]
[ADMIN] 16:57:09.675339 シナリオ走行を開始しました [シナリオ名: ログイン]
[ADMIN] 16:57:09.675350 シナリオ走行を開始しました [シナリオ名: ログイン]
[ADMIN] 16:57:09.675376 シナリオ走行を開始しました [シナリオ名: ログイン]
[ADMIN] 16:57:09.675437 シナリオ走行を開始しました [シナリオ名: ログイン]
[ADMIN] 16:57:09.675341 シナリオ走行を開始しました [シナリオ名: ログイン]
[ADMIN] 16:57:09.675513 シナリオ走行を開始しました [シナリオ名: ログイン]
[ADMIN] 16:57:09.675343 シナリオ走行を開始しました [シナリオ名: ログイン]
[ADMIN] 16:57:09.675553 シナリオ走行を開始しました [シナリオ名: ログイン]
[ADMIN] 16:57:09.675642 シナリオ走行を開始しました [シナリオ名: ログイン]
[ADMIN] 16:57:09.675659 シナリオ走行を開始しました [シナリオ名: ログイン]
[ADMIN] 16:57:09.675670 シナリオ走行を開始しました [シナリオ名: ログイン]
[ADMIN] 16:57:09.683191 シナリオ走行を終了しました [シナリオ名: ログイン]
[ADMIN] 16:57:09.692089 シナリオ走行を終了しました [シナリオ名: ログイン]
[ADMIN] 16:57:09.694995 シナリオ走行を終了しました [シナリオ名: ログイン]
[ADMIN] 16:57:09.710793 シナリオ走行を終了しました [シナリオ名: 新規ユーザー登録]
[ADMIN] 16:57:09.710813 シナリオ走行を開始しました [シナリオ名: 新規ユーザー登録]
[ADMIN] 16:57:09.729355 シナリオ走行を終了しました [シナリオ名: ログイン]
[ADMIN] 16:57:09.734931 シナリオ走行を終了しました [シナリオ名: ログイン]
[ADMIN] 16:57:09.744486 シナリオ走行を終了しました [シナリオ名: 新規ユーザー登録]
[ADMIN] 16:57:09.744526 シナリオ走行を開始しました [シナリオ名: 新規ユーザー登録]
[ADMIN] 16:57:09.744576 シナリオ走行を開始しました [シナリオ名: 新規ユーザー登録]
[ADMIN] 16:57:09.744601 シナリオ走行を開始しました [シナリオ名: 新規ユーザー登録]
[ADMIN] 16:57:09.744625 シナリオ走行を開始しました [シナリオ名: 新規ユーザー登録]
[ADMIN] 16:57:09.744660 シナリオ走行を開始しました [シナリオ名: 新規ユーザー登録]
[ADMIN] 16:57:09.744711 シナリオ走行を開始しました [シナリオ名: 新規ユーザー登録]
[ADMIN] 16:57:09.744729 シナリオ走行を開始しました [シナリオ名: 新規ユーザー登録]
[ADMIN] 16:57:09.744736 シナリオ走行を開始しました [シナリオ名: 新規ユーザー登録]
[ADMIN] 16:57:09.744820 シナリオ走行を開始しました [シナリオ名: 新規ユーザー登録]
[ADMIN] 16:57:09.744850 シナリオ走行を開始しました [シナリオ名: 新規ユーザー登録]
[ADMIN] 16:57:09.744878 シナリオ走行を開始しました [シナリオ名: 新規ユーザー登録]
[ADMIN] 16:57:09.744715 シナリオ走行を開始しました [シナリオ名: 新規ユーザー登録]
[ADMIN] 16:57:09.744941 シナリオ走行を開始しました [シナリオ名: 新規ユーザー登録]
[ADMIN] 16:57:09.744579 シナリオ走行を開始しました [シナリオ名: 新規ユーザー登録]
[ADMIN] 16:57:09.745012 シナリオ走行を開始しました [シナリオ名: 新規ユーザー登録]
[ADMIN] 16:57:09.745036 シナリオ走行を開始しました [シナリオ名: 新規ユーザー登録]
[ADMIN] 16:57:09.745121 シナリオ走行を開始しました [シナリオ名: 新規ユーザー登録]
[ADMIN] 16:57:09.755118 シナリオ走行を終了しました [シナリオ名: 新規ユーザー登録]
[ADMIN] 16:57:09.813117 シナリオ走行を終了しました [シナリオ名: ログイン]
[ADMIN] 16:57:09.815285 シナリオ走行を終了しました [シナリオ名: ログイン]
[ADMIN] 16:57:09.873215 シナリオ走行を終了しました [シナリオ名: 新規ユーザー登録]
[ADMIN] 16:57:09.897431 シナリオ走行を終了しました [シナリオ名: ログイン]
[ADMIN] 16:57:09.963957 シナリオ走行を終了しました [シナリオ名: ログイン]
[ADMIN] 16:57:09.965632 シナリオ走行を終了しました [シナリオ名: ログイン]
[ADMIN] 16:57:09.971298 シナリオ走行を終了しました [シナリオ名: 新規ユーザー登録]
[ADMIN] 16:57:09.981955 シナリオ走行を終了しました [シナリオ名: ログイン]
[ADMIN] 16:57:10.007741 シナリオ走行を終了しました [シナリオ名: ログイン]
[ADMIN] 16:57:10.007753 シナリオ走行を終了しました [シナリオ名: ログイン]
[ADMIN] 16:57:10.017555 シナリオ走行を終了しました [シナリオ名: Banユーザログイン]
[ADMIN] 16:57:10.017572 シナリオ走行を開始しました [シナリオ名: Banユーザログイン]
[ADMIN] 16:57:10.043190 シナリオ走行を終了しました [シナリオ名: ログイン]
[ADMIN] 16:57:10.067906 シナリオ走行を終了しました [シナリオ名: Banユーザログイン]
[ADMIN] 16:57:10.067942 シナリオ走行を開始しました [シナリオ名: Banユーザログイン]
[ADMIN] 16:57:10.067949 シナリオ走行を開始しました [シナリオ名: Banユーザログイン]
[ADMIN] 16:57:10.067967 シナリオ走行を開始しました [シナリオ名: Banユーザログイン]
[ADMIN] 16:57:10.068003 シナリオ走行を開始しました [シナリオ名: Banユーザログイン]
[ADMIN] 16:57:10.088391 シナリオ走行を終了しました [シナリオ名: ログイン]
[ADMIN] 16:57:10.092867 シナリオ走行を終了しました [シナリオ名: ログイン]
[ADMIN] 16:57:10.103707 シナリオ走行を終了しました [シナリオ名: ログイン]
[ADMIN] 16:57:10.112281 シナリオ走行を終了しました [シナリオ名: Banユーザログイン]
[ADMIN] 16:57:10.129271 シナリオ走行を終了しました [シナリオ名: ログイン]
[ADMIN] 16:57:10.131825 シナリオ走行を終了しました [シナリオ名: Banユーザログイン]
[ADMIN] 16:57:10.149952 シナリオ走行を終了しました [シナリオ名: Banユーザログイン]
[ADMIN] 16:57:10.149966 シナリオ走行を終了しました [シナリオ名: Banユーザログイン]
[ADMIN] 16:57:10.162820 シナリオ走行を終了しました [シナリオ名: ログイン]
[ADMIN] 16:57:10.217841 シナリオ走行を終了しました [シナリオ名: ログイン]
[ADMIN] 16:57:10.238262 シナリオ走行を終了しました [シナリオ名: ログイン]
[ADMIN] 16:57:10.250629 シナリオ走行を終了しました [シナリオ名: ログイン]
[ADMIN] 16:57:10.280782 シナリオ走行を終了しました [シナリオ名: ログイン]
[ADMIN] 16:57:10.288820 シナリオ走行を終了しました [シナリオ名: ログイン]
[ADMIN] 16:57:10.289115 シナリオ走行を終了しました [シナリオ名: 新規ユーザー登録]
[ADMIN] 16:57:10.292028 シナリオ走行を終了しました [シナリオ名: ログイン]
[ADMIN] 16:57:10.315048 シナリオ走行を終了しました [シナリオ名: 新規ユーザー登録]
[ADMIN] 16:57:10.315528 シナリオ走行を終了しました [シナリオ名: 新規ユーザー登録]
[ADMIN] 16:57:10.362990 シナリオ走行を終了しました [シナリオ名: ログイン]
[ADMIN] 16:57:10.366109 シナリオ走行を終了しました [シナリオ名: ログイン]
[ADMIN] 16:57:10.367628 シナリオ走行を終了しました [シナリオ名: ログイン]
[ADMIN] 16:57:10.448986 シナリオ走行を終了しました [シナリオ名: ログイン]
[ADMIN] 16:57:10.452785 シナリオ走行を終了しました [シナリオ名: ログイン]
[ADMIN] 16:57:10.529595 シナリオ走行を終了しました [シナリオ名: ログイン]
[ADMIN] 16:57:10.587961 シナリオ走行を終了しました [シナリオ名: Banユーザログイン]
[ADMIN] 16:57:10.594035 シナリオ走行を終了しました [シナリオ名: Banユーザログイン]
[ADMIN] 16:57:10.594077 シナリオ走行を開始しました [シナリオ名: Banユーザログイン]
[ADMIN] 16:57:10.594126 シナリオ走行を開始しました [シナリオ名: Banユーザログイン]
[ADMIN] 16:57:10.594145 シナリオ走行を開始しました [シナリオ名: Banユーザログイン]
[ADMIN] 16:57:10.594193 シナリオ走行を開始しました [シナリオ名: Banユーザログイン]
[ADMIN] 16:57:10.594253 シナリオ走行を開始しました [シナリオ名: Banユーザログイン]
[ADMIN] 16:57:10.594277 シナリオ走行を開始しました [シナリオ名: Banユーザログイン]
[ADMIN] 16:57:10.600716 シナリオ走行を終了しました [シナリオ名: Banユーザログイン]
[ADMIN] 16:57:10.600732 シナリオ走行を開始しました [シナリオ名: Banユーザログイン]
[ADMIN] 16:57:10.603948 シナリオ走行を終了しました [シナリオ名: ログイン]
[ADMIN] 16:57:10.603975 シナリオ走行を開始しました [シナリオ名: ログイン]
[ADMIN] 16:57:10.604014 シナリオ走行を開始しました [シナリオ名: ログイン]
[ADMIN] 16:57:10.604027 シナリオ走行を開始しました [シナリオ名: ログイン]
[ADMIN] 16:57:10.604073 シナリオ走行を開始しました [シナリオ名: ログイン]
[ADMIN] 16:57:10.604122 シナリオ走行を開始しました [シナリオ名: ログイン]
[ADMIN] 16:57:10.604145 シナリオ走行を開始しました [シナリオ名: ログイン]
[ADMIN] 16:57:10.604175 シナリオ走行を開始しました [シナリオ名: ログイン]
[ADMIN] 16:57:10.604229 シナリオ走行を開始しました [シナリオ名: ログイン]
[ADMIN] 16:57:10.604241 シナリオ走行を開始しました [シナリオ名: ログイン]
[ADMIN] 16:57:10.604276 シナリオ走行を開始しました [シナリオ名: ログイン]
[ADMIN] 16:57:10.604334 シナリオ走行を開始しました [シナリオ名: ログイン]
[ADMIN] 16:57:10.604338 シナリオ走行を開始しました [シナリオ名: ログイン]
[ADMIN] 16:57:10.604369 シナリオ走行を開始しました [シナリオ名: ログイン]
[ADMIN] 16:57:10.604443 シナリオ走行を開始しました [シナリオ名: ログイン]
[ADMIN] 16:57:10.604455 シナリオ走行を開始しました [シナリオ名: ログイン]
[ADMIN] 16:57:10.604474 シナリオ走行を開始しました [シナリオ名: ログイン]
[ADMIN] 16:57:10.604538 シナリオ走行を開始しました [シナリオ名: ログイン]
[ADMIN] 16:57:10.604574 シナリオ走行を開始しました [シナリオ名: ログイン]
[ADMIN] 16:57:10.604585 シナリオ走行を開始しました [シナリオ名: ログイン]
[ADMIN] 16:57:10.604682 シナリオ走行を開始しました [シナリオ名: ログイン]
[ADMIN] 16:57:10.604579 シナリオ走行を開始しました [シナリオ名: ログイン]
[ADMIN] 16:57:10.604785 シナリオ走行を開始しました [シナリオ名: ログイン]
[ADMIN] 16:57:10.604971 シナリオ走行を開始しました [シナリオ名: ログイン]
[ADMIN] 16:57:10.604575 シナリオ走行を開始しました [シナリオ名: ログイン]
[ADMIN] 16:57:10.604576 シナリオ走行を開始しました [シナリオ名: ログイン]
[ADMIN] 16:57:10.604577 シナリオ走行を開始しました [シナリオ名: ログイン]
[ADMIN] 16:57:10.604577 シナリオ走行を開始しました [シナリオ名: ログイン]
[ADMIN] 16:57:10.604574 シナリオ走行を開始しました [シナリオ名: ログイン]
[ADMIN] 16:57:10.604816 シナリオ走行を開始しました [シナリオ名: ログイン]
[ADMIN] 16:57:10.604817 シナリオ走行を開始しました [シナリオ名: ログイン]
[ADMIN] 16:57:10.604819 シナリオ走行を開始しました [シナリオ名: ログイン]
[ADMIN] 16:57:10.605163 シナリオ走行を開始しました [シナリオ名: ログイン]
[ADMIN] 16:57:10.608268 シナリオ走行を終了しました [シナリオ名: Banユーザログイン]
[ADMIN] 16:57:10.608287 シナリオ走行を開始しました [シナリオ名: Banユーザログイン]
[ADMIN] 16:57:10.617036 シナリオ走行を終了しました [シナリオ名: Banユーザログイン]
[ADMIN] 16:57:10.617052 シナリオ走行を開始しました [シナリオ名: Banユーザログイン]
[ADMIN] 16:57:10.622838 シナリオ走行を終了しました [シナリオ名: ログイン]
[ADMIN] 16:57:10.748909 シナリオ走行を終了しました [シナリオ名: 新規ユーザー登録]
[ADMIN] 16:57:10.904065 シナリオ走行を終了しました [シナリオ名: 新規ユーザー登録]
[ADMIN] 16:57:10.982321 シナリオ走行を終了しました [シナリオ名: ログイン]
[ADMIN] 16:57:10.982337 シナリオ走行を開始しました [シナリオ名: ログイン]
[ADMIN] 16:57:10.982341 シナリオ走行を開始しました [シナリオ名: ログイン]
[ADMIN] 16:57:11.004303 シナリオ走行を終了しました [シナリオ名: ログイン]
[ADMIN] 16:57:11.028132 シナリオ走行を終了しました [シナリオ名: ログイン]
[ADMIN] 16:57:11.028146 シナリオ走行を開始しました [シナリオ名: ログイン]
[ADMIN] 16:57:11.028149 シナリオ走行を開始しました [シナリオ名: ログイン]
[ADMIN] 16:57:11.039381 シナリオ走行を終了しました [シナリオ名: ログイン]
[ADMIN] 16:57:11.058449 シナリオ走行を終了しました [シナリオ名: ログイン]
[ADMIN] 16:57:11.058461 シナリオ走行を開始しました [シナリオ名: ログイン]
[ADMIN] 16:57:11.058515 シナリオ走行を開始しました [シナリオ名: ログイン]
[ADMIN] 16:57:11.076838 シナリオ走行を終了しました [シナリオ名: ログイン]
[ADMIN] 16:57:11.112564 シナリオ走行を終了しました [シナリオ名: ログイン]
[ADMIN] 16:57:11.112574 シナリオ走行を開始しました [シナリオ名: ログイン]
[ADMIN] 16:57:11.112631 シナリオ走行を開始しました [シナリオ名: ログイン]
[ADMIN] 16:57:11.134983 シナリオ走行を終了しました [シナリオ名: ログイン]
[ADMIN] 16:57:11.134994 シナリオ走行を終了しました [シナリオ名: ログイン]
[ADMIN] 16:57:11.135001 シナリオ走行を開始しました [シナリオ名: ログイン]
[ADMIN] 16:57:11.135055 シナリオ走行を開始しました [シナリオ名: ログイン]
[ADMIN] 16:57:11.158435 シナリオ走行を終了しました [シナリオ名: Banユーザログイン]
[ADMIN] 16:57:11.158447 シナリオ走行を開始しました [シナリオ名: Banユーザログイン]
[ADMIN] 16:57:11.168622 シナリオ走行を終了しました [シナリオ名: ログイン]
[ADMIN] 16:57:11.168632 シナリオ走行を開始しました [シナリオ名: ログイン]
[ADMIN] 16:57:11.173201 シナリオ走行を終了しました [シナリオ名: ログイン]
[ADMIN] 16:57:11.173266 シナリオ走行を終了しました [シナリオ名: Banユーザログイン]
[ADMIN] 16:57:11.173279 シナリオ走行を開始しました [シナリオ名: Banユーザログイン]
[ADMIN] 16:57:11.179687 シナリオ走行を終了しました [シナリオ名: Banユーザログイン]
[ADMIN] 16:57:11.179702 シナリオ走行を開始しました [シナリオ名: Banユーザログイン]
[ADMIN] 16:57:11.180959 シナリオ走行を終了しました [シナリオ名: Banユーザログイン]
[ADMIN] 16:57:11.180979 シナリオ走行を開始しました [シナリオ名: Banユーザログイン]
[ADMIN] 16:57:11.182370 シナリオ走行を終了しました [シナリオ名: Banユーザログイン]
[ADMIN] 16:57:11.182383 シナリオ走行を開始しました [シナリオ名: Banユーザログイン]
[ADMIN] 16:57:11.183748 シナリオ走行を終了しました [シナリオ名: Banユーザログイン]
[ADMIN] 16:57:11.183761 シナリオ走行を開始しました [シナリオ名: Banユーザログイン]
[ADMIN] 16:57:11.189170 シナリオ走行を終了しました [シナリオ名: Banユーザログイン]
[ADMIN] 16:57:11.189184 シナリオ走行を開始しました [シナリオ名: Banユーザログイン]
[ADMIN] 16:57:11.194424 シナリオ走行を終了しました [シナリオ名: ログイン]
[ADMIN] 16:57:11.194436 シナリオ走行を開始しました [シナリオ名: ログイン]
[ADMIN] 16:57:11.194447 シナリオ走行を開始しました [シナリオ名: ログイン]
[ADMIN] 16:57:11.202586 シナリオ走行を終了しました [シナリオ名: Banユーザログイン]
[ADMIN] 16:57:11.202599 シナリオ走行を開始しました [シナリオ名: Banユーザログイン]
[ADMIN] 16:57:11.203865 シナリオ走行を終了しました [シナリオ名: ログイン]
[ADMIN] 16:57:11.203879 シナリオ走行を開始しました [シナリオ名: ログイン]
[ADMIN] 16:57:11.214715 シナリオ走行を終了しました [シナリオ名: ログイン]
[ADMIN] 16:57:11.214725 シナリオ走行を開始しました [シナリオ名: ログイン]
[ADMIN] 16:57:11.218599 シナリオ走行を終了しました [シナリオ名: ログイン]
[ADMIN] 16:57:11.235883 シナリオ走行を終了しました [シナリオ名: 新規ユーザー登録]
[ADMIN] 16:57:11.240412 シナリオ走行を終了しました [シナリオ名: Banユーザログイン]
[ADMIN] 16:57:11.240427 シナリオ走行を開始しました [シナリオ名: Banユーザログイン]
[ADMIN] 16:57:11.245840 シナリオ走行を終了しました [シナリオ名: ログイン]
[ADMIN] 16:57:11.245852 シナリオ走行を開始しました [シナリオ名: ログイン]
[ADMIN] 16:57:11.245858 シナリオ走行を開始しました [シナリオ名: ログイン]
[ADMIN] 16:57:11.246409 シナリオ走行を終了しました [シナリオ名: ログイン]
[ADMIN] 16:57:11.246417 シナリオ走行を開始しました [シナリオ名: ログイン]
[ADMIN] 16:57:11.296701 シナリオ走行を終了しました [シナリオ名: ログイン]
[ADMIN] 16:57:11.296715 シナリオ走行を開始しました [シナリオ名: ログイン]
[ADMIN] 16:57:11.300585 シナリオ走行を終了しました [シナリオ名: ログイン]
[ADMIN] 16:57:11.300943 シナリオ走行を終了しました [シナリオ名: ログイン]
[ADMIN] 16:57:11.320717 シナリオ走行を終了しました [シナリオ名: ログイン]
[ADMIN] 16:57:11.330246 シナリオ走行を終了しました [シナリオ名: ログイン]
[ADMIN] 16:57:11.330260 シナリオ走行を開始しました [シナリオ名: ログイン]
[ADMIN] 16:57:11.330310 シナリオ走行を開始しました [シナリオ名: ログイン]
[ADMIN] 16:57:11.330332 シナリオ走行を開始しました [シナリオ名: ログイン]
[ADMIN] 16:57:11.330375 シナリオ走行を開始しました [シナリオ名: ログイン]
[ADMIN] 16:57:11.369580 シナリオ走行を終了しました [シナリオ名: ログイン]
[ADMIN] 16:57:11.431046 シナリオ走行を終了しました [シナリオ名: ログイン]
[ADMIN] 16:57:11.431062 シナリオ走行を開始しました [シナリオ名: ログイン]
[ADMIN] 16:57:11.431064 シナリオ走行を開始しました [シナリオ名: ログイン]
[ADMIN] 16:57:11.448723 シナリオ走行を終了しました [シナリオ名: ログイン]
[ADMIN] 16:57:11.448733 シナリオ走行を開始しました [シナリオ名: ログイン]
[ADMIN] 16:57:11.641983 シナリオ走行を終了しました [シナリオ名: 新規ユーザー登録]
[ADMIN] 16:57:11.698293 シナリオ走行を終了しました [シナリオ名: Banユーザログイン]
[ADMIN] 16:57:11.698319 シナリオ走行を開始しました [シナリオ名: Banユーザログイン]
[ADMIN] 16:57:11.708726 シナリオ走行を終了しました [シナリオ名: Banユーザログイン]
[ADMIN] 16:57:11.708748 シナリオ走行を開始しました [シナリオ名: Banユーザログイン]
[ADMIN] 16:57:11.710195 シナリオ走行を終了しました [シナリオ名: Banユーザログイン]
[ADMIN] 16:57:11.710205 シナリオ走行を開始しました [シナリオ名: Banユーザログイン]
[ADMIN] 16:57:11.717921 シナリオ走行を終了しました [シナリオ名: Banユーザログイン]
[ADMIN] 16:57:11.717939 シナリオ走行を開始しました [シナリオ名: Banユーザログイン]
[ADMIN] 16:57:11.724605 シナリオ走行を終了しました [シナリオ名: Banユーザログイン]
[ADMIN] 16:57:11.724620 シナリオ走行を開始しました [シナリオ名: Banユーザログイン]
[ADMIN] 16:57:11.734353 シナリオ走行を終了しました [シナリオ名: 新規ユーザー登録]
[ADMIN] 16:57:11.734380 シナリオ走行を開始しました [シナリオ名: 新規ユーザー登録]
[ADMIN] 16:57:11.734446 シナリオ走行を開始しました [シナリオ名: 新規ユーザー登録]
[ADMIN] 16:57:11.734471 シナリオ走行を開始しました [シナリオ名: 新規ユーザー登録]
[ADMIN] 16:57:11.734487 シナリオ走行を開始しました [シナリオ名: 新規ユーザー登録]
[ADMIN] 16:57:11.734530 シナリオ走行を開始しました [シナリオ名: 新規ユーザー登録]
[ADMIN] 16:57:11.734576 シナリオ走行を開始しました [シナリオ名: 新規ユーザー登録]
[ADMIN] 16:57:11.734587 シナリオ走行を開始しました [シナリオ名: 新規ユーザー登録]
[ADMIN] 16:57:11.734612 シナリオ走行を開始しました [シナリオ名: 新規ユーザー登録]
[ADMIN] 16:57:11.734689 シナリオ走行を開始しました [シナリオ名: 新規ユーザー登録]
[ADMIN] 16:57:11.734691 シナリオ走行を開始しました [シナリオ名: 新規ユーザー登録]
[ADMIN] 16:57:11.734720 シナリオ走行を開始しました [シナリオ名: 新規ユーザー登録]
[ADMIN] 16:57:11.743011 シナリオ走行を終了しました [シナリオ名: 新規ユーザー登録]
[ADMIN] 16:57:11.744821 シナリオ走行を終了しました [シナリオ名: 新規ユーザー登録]
[ADMIN] 16:57:11.744837 シナリオ走行を開始しました [シナリオ名: 新規ユーザー登録]
[ADMIN] 16:57:11.744872 シナリオ走行を開始しました [シナリオ名: 新規ユーザー登録]
[ADMIN] 16:57:11.752010 シナリオ走行を終了しました [シナリオ名: Banユーザログイン]
[ADMIN] 16:57:11.752030 シナリオ走行を開始しました [シナリオ名: Banユーザログイン]
[ADMIN] 16:57:11.761171 シナリオ走行を終了しました [シナリオ名: 新規ユーザー登録]
[ADMIN] 16:57:11.765723 シナリオ走行を終了しました [シナリオ名: Banユーザログイン]
[ADMIN] 16:57:11.765738 シナリオ走行を開始しました [シナリオ名: Banユーザログイン]
[ADMIN] 16:57:11.775848 シナリオ走行を終了しました [シナリオ名: Banユーザログイン]
[ADMIN] 16:57:11.775861 シナリオ走行を開始しました [シナリオ名: Banユーザログイン]
[ADMIN] 16:57:11.779296 シナリオ走行を終了しました [シナリオ名: Banユーザログイン]
[ADMIN] 16:57:11.779307 シナリオ走行を開始しました [シナリオ名: Banユーザログイン]
[ADMIN] 16:57:11.862546 シナリオ走行を終了しました [シナリオ名: 新規ユーザー登録]
[ADMIN] 16:57:11.922325 シナリオ走行を終了しました [シナリオ名: 新規ユーザー登録]
[ADMIN] 16:57:12.005247 シナリオ走行を終了しました [シナリオ名: ログイン]
[ADMIN] 16:57:12.005262 シナリオ走行を開始しました [シナリオ名: ログイン]
[ADMIN] 16:57:12.014520 シナリオ走行を終了しました [シナリオ名: 新規ユーザー登録]
[ADMIN] 16:57:12.014544 シナリオ走行を開始しました [シナリオ名: 新規ユーザー登録]
[ADMIN] 16:57:12.014580 シナリオ走行を開始しました [シナリオ名: 新規ユーザー登録]
[ADMIN] 16:57:12.014583 シナリオ走行を開始しました [シナリオ名: 新規ユーザー登録]
[ADMIN] 16:57:12.014635 シナリオ走行を開始しました [シナリオ名: 新規ユーザー登録]
[ADMIN] 16:57:12.035955 シナリオ走行を終了しました [シナリオ名: 新規ユーザー登録]
[ADMIN] 16:57:12.050400 シナリオ走行を終了しました [シナリオ名: ログイン]
[ADMIN] 16:57:12.050411 シナリオ走行を開始しました [シナリオ名: ログイン]
[ADMIN] 16:57:12.062494 シナリオ走行を終了しました [シナリオ名: 新規ユーザー登録]
[ADMIN] 16:57:12.062630 シナリオ走行を終了しました [シナリオ名: ログイン]
[ADMIN] 16:57:12.062642 シナリオ走行を開始しました [シナリオ名: ログイン]
[ADMIN] 16:57:12.076267 シナリオ走行を終了しました [シナリオ名: 新規ユーザー登録]
[ADMIN] 16:57:12.076291 シナリオ走行を開始しました [シナリオ名: 新規ユーザー登録]
[ADMIN] 16:57:12.076343 シナリオ走行を開始しました [シナリオ名: 新規ユーザー登録]
[ADMIN] 16:57:12.076355 シナリオ走行を開始しました [シナリオ名: 新規ユーザー登録]
[ADMIN] 16:57:12.092545 シナリオ走行を終了しました [シナリオ名: 新規ユーザー登録]
[ADMIN] 16:57:12.092772 シナリオ走行を終了しました [シナリオ名: ログイン]
[ADMIN] 16:57:12.092783 シナリオ走行を開始しました [シナリオ名: ログイン]
[ADMIN] 16:57:12.120137 シナリオ走行を終了しました [シナリオ名: ログイン]
[ADMIN] 16:57:12.120150 シナリオ走行を開始しました [シナリオ名: ログイン]
[ADMIN] 16:57:12.123769 シナリオ走行を終了しました [シナリオ名: ログイン]
[ADMIN] 16:57:12.123780 シナリオ走行を開始しました [シナリオ名: ログイン]
[ADMIN] 16:57:12.129186 シナリオ走行を終了しました [シナリオ名: ログイン]
[ADMIN] 16:57:12.129195 シナリオ走行を開始しました [シナリオ名: ログイン]
[ADMIN] 16:57:12.150479 シナリオ走行を終了しました [シナリオ名: ログイン]
[ADMIN] 16:57:12.150491 シナリオ走行を開始しました [シナリオ名: ログイン]
[ADMIN] 16:57:12.169448 シナリオ走行を終了しました [シナリオ名: 新規ユーザー登録]
[ADMIN] 16:57:12.169470 シナリオ走行を開始しました [シナリオ名: 新規ユーザー登録]
[ADMIN] 16:57:12.169511 シナリオ走行を開始しました [シナリオ名: 新規ユーザー登録]
[ADMIN] 16:57:12.191144 シナリオ走行を終了しました [シナリオ名: 新規ユーザー登録]
[ADMIN] 16:57:12.198667 シナリオ走行を終了しました [シナリオ名: ログイン]
[ADMIN] 16:57:12.198677 シナリオ走行を開始しました [シナリオ名: ログイン]
[ADMIN] 16:57:12.200281 シナリオ走行を終了しました [シナリオ名: ログイン]
[ADMIN] 16:57:12.200293 シナリオ走行を開始しました [シナリオ名: ログイン]
[ADMIN] 16:57:12.200800 シナリオ走行を終了しました [シナリオ名: ログイン]
[ADMIN] 16:57:12.200808 シナリオ走行を開始しました [シナリオ名: ログイン]
[ADMIN] 16:57:12.215103 シナリオ走行を終了しました [シナリオ名: ログイン]
[ADMIN] 16:57:12.215114 シナリオ走行を開始しました [シナリオ名: ログイン]
[ADMIN] 16:57:12.216811 シナリオ走行を終了しました [シナリオ名: ログイン]
[ADMIN] 16:57:12.216819 シナリオ走行を開始しました [シナリオ名: ログイン]
[ADMIN] 16:57:12.221518 シナリオ走行を終了しました [シナリオ名: ログイン]
[ADMIN] 16:57:12.221533 シナリオ走行を開始しました [シナリオ名: ログイン]
[ADMIN] 16:57:12.231864 シナリオ走行を終了しました [シナリオ名: ログイン]
[ADMIN] 16:57:12.231874 シナリオ走行を開始しました [シナリオ名: ログイン]
[ADMIN] 16:57:12.247373 シナリオ走行を終了しました [シナリオ名: Banユーザログイン]
[ADMIN] 16:57:12.247390 シナリオ走行を開始しました [シナリオ名: Banユーザログイン]
[ADMIN] 16:57:12.250459 シナリオ走行を終了しました [シナリオ名: 新規ユーザー登録]
[ADMIN] 16:57:12.250477 シナリオ走行を開始しました [シナリオ名: 新規ユーザー登録]
[ADMIN] 16:57:12.250533 シナリオ走行を開始しました [シナリオ名: 新規ユーザー登録]
[ADMIN] 16:57:12.251060 シナリオ走行を終了しました [シナリオ名: Banユーザログイン]
[ADMIN] 16:57:12.251071 シナリオ走行を開始しました [シナリオ名: Banユーザログイン]
[ADMIN] 16:57:12.264113 シナリオ走行を終了しました [シナリオ名: 新規ユーザー登録]
[ADMIN] 16:57:12.264136 シナリオ走行を開始しました [シナリオ名: 新規ユーザー登録]
[ADMIN] 16:57:12.274638 シナリオ走行を終了しました [シナリオ名: Banユーザログイン]
[ADMIN] 16:57:12.274654 シナリオ走行を開始しました [シナリオ名: Banユーザログイン]
[ADMIN] 16:57:12.279489 シナリオ走行を終了しました [シナリオ名: Banユーザログイン]
[ADMIN] 16:57:12.279509 シナリオ走行を開始しました [シナリオ名: Banユーザログイン]
[ADMIN] 16:57:12.279586 シナリオ走行を終了しました [シナリオ名: ログイン]
[ADMIN] 16:57:12.279598 シナリオ走行を開始しました [シナリオ名: ログイン]
[ADMIN] 16:57:12.283104 シナリオ走行を終了しました [シナリオ名: Banユーザログイン]
[ADMIN] 16:57:12.283119 シナリオ走行を開始しました [シナリオ名: Banユーザログイン]
[ADMIN] 16:57:12.288921 シナリオ走行を終了しました [シナリオ名: ログイン]
[ADMIN] 16:57:12.288929 シナリオ走行を開始しました [シナリオ名: ログイン]
[ADMIN] 16:57:12.290282 シナリオ走行を終了しました [シナリオ名: Banユーザログイン]
[ADMIN] 16:57:12.290296 シナリオ走行を開始しました [シナリオ名: Banユーザログイン]
[ADMIN] 16:57:12.302578 シナリオ走行を終了しました [シナリオ名: ログイン]
[ADMIN] 16:57:12.302592 シナリオ走行を開始しました [シナリオ名: ログイン]
[ADMIN] 16:57:12.305154 シナリオ走行を終了しました [シナリオ名: ログイン]
[ADMIN] 16:57:12.305165 シナリオ走行を開始しました [シナリオ名: ログイン]
[ADMIN] 16:57:12.321682 シナリオ走行を終了しました [シナリオ名: Banユーザログイン]
[ADMIN] 16:57:12.321696 シナリオ走行を開始しました [シナリオ名: Banユーザログイン]
[ADMIN] 16:57:12.327711 シナリオ走行を終了しました [シナリオ名: ログイン]
[ADMIN] 16:57:12.327721 シナリオ走行を開始しました [シナリオ名: ログイン]
[ADMIN] 16:57:12.348015 シナリオ走行を終了しました [シナリオ名: 新規ユーザー登録]
[ADMIN] 16:57:12.348035 シナリオ走行を開始しました [シナリオ名: 新規ユーザー登録]
[ADMIN] 16:57:12.365499 シナリオ走行を終了しました [シナリオ名: 新規ユーザー登録]
[ADMIN] 16:57:12.365519 シナリオ走行を開始しました [シナリオ名: 新規ユーザー登録]
[ADMIN] 16:57:12.372292 シナリオ走行を終了しました [シナリオ名: ログイン]
[ADMIN] 16:57:12.372302 シナリオ走行を開始しました [シナリオ名: ログイン]
[ADMIN] 16:57:12.375521 シナリオ走行を終了しました [シナリオ名: 新規ユーザー登録]
[ADMIN] 16:57:12.388409 シナリオ走行を終了しました [シナリオ名: Banユーザログイン]
[ADMIN] 16:57:12.388424 シナリオ走行を開始しました [シナリオ名: Banユーザログイン]
[ADMIN] 16:57:12.412188 シナリオ走行を終了しました [シナリオ名: ログイン]
[ADMIN] 16:57:12.412199 シナリオ走行を開始しました [シナリオ名: ログイン]
[ADMIN] 16:57:12.413004 シナリオ走行を終了しました [シナリオ名: ログイン]
[ADMIN] 16:57:12.413014 シナリオ走行を開始しました [シナリオ名: ログイン]
[ADMIN] 16:57:12.441539 シナリオ走行を終了しました [シナリオ名: Banユーザログイン]
[ADMIN] 16:57:12.441556 シナリオ走行を開始しました [シナリオ名: Banユーザログイン]
[ADMIN] 16:57:12.441920 シナリオ走行を終了しました [シナリオ名: 新規ユーザー登録]
[ADMIN] 16:57:12.464123 シナリオ走行を終了しました [シナリオ名: 新規ユーザー登録]
[ADMIN] 16:57:12.464145 シナリオ走行を開始しました [シナリオ名: 新規ユーザー登録]
[ADMIN] 16:57:12.464196 シナリオ走行を開始しました [シナリオ名: 新規ユーザー登録]
[ADMIN] 16:57:12.464205 シナリオ走行を開始しました [シナリオ名: 新規ユーザー登録]
[ADMIN] 16:57:12.502252 シナリオ走行を終了しました [シナリオ名: ログイン]
[ADMIN] 16:57:12.502264 シナリオ走行を開始しました [シナリオ名: ログイン]
[ADMIN] 16:57:12.503604 シナリオ走行を終了しました [シナリオ名: ログイン]
[ADMIN] 16:57:12.503615 シナリオ走行を開始しました [シナリオ名: ログイン]
[ADMIN] 16:57:12.533155 シナリオ走行を終了しました [シナリオ名: 新規ユーザー登録]
[ADMIN] 16:57:12.533172 シナリオ走行を開始しました [シナリオ名: 新規ユーザー登録]
[ADMIN] 16:57:12.550311 シナリオ走行を終了しました [シナリオ名: 新規ユーザー登録]
[ADMIN] 16:57:12.550334 シナリオ走行を開始しました [シナリオ名: 新規ユーザー登録]
[ADMIN] 16:57:12.557421 シナリオ走行を終了しました [シナリオ名: ログイン]
[ADMIN] 16:57:12.557432 シナリオ走行を開始しました [シナリオ名: ログイン]
[ADMIN] 16:57:12.620641 シナリオ走行を終了しました [シナリオ名: ログイン]
[ADMIN] 16:57:12.620653 シナリオ走行を開始しました [シナリオ名: ログイン]
[ADMIN] 16:57:12.625448 シナリオ走行を終了しました [シナリオ名: ログイン]
[ADMIN] 16:57:12.625458 シナリオ走行を開始しました [シナリオ名: ログイン]
[ADMIN] 16:57:12.632804 シナリオ走行を終了しました [シナリオ名: 新規ユーザー登録]
[ADMIN] 16:57:12.632829 シナリオ走行を開始しました [シナリオ名: 新規ユーザー登録]
[ADMIN] 16:57:12.638182 シナリオ走行を終了しました [シナリオ名: ログイン]
[ADMIN] 16:57:12.638190 シナリオ走行を開始しました [シナリオ名: ログイン]
[ADMIN] 16:57:12.650538 シナリオ走行を終了しました [シナリオ名: 新規ユーザー登録]
[ADMIN] 16:57:12.650553 シナリオ走行を開始しました [シナリオ名: 新規ユーザー登録]
[ADMIN] 16:57:12.652836 シナリオ走行を終了しました [シナリオ名: ログイン]
[ADMIN] 16:57:12.652844 シナリオ走行を開始しました [シナリオ名: ログイン]
[ADMIN] 16:57:12.668118 シナリオ走行を終了しました [シナリオ名: ログイン]
[ADMIN] 16:57:12.668127 シナリオ走行を開始しました [シナリオ名: ログイン]
[ADMIN] 16:57:12.672099 シナリオ走行を終了しました [シナリオ名: 新規ユーザー登録]
[ADMIN] 16:57:12.672115 シナリオ走行を開始しました [シナリオ名: 新規ユーザー登録]
[ADMIN] 16:57:12.681155 シナリオ走行を終了しました [シナリオ名: ログイン]
[ADMIN] 16:57:12.681165 シナリオ走行を開始しました [シナリオ名: ログイン]
[ADMIN] 16:57:12.702762 シナリオ走行を終了しました [シナリオ名: ログイン]
[ADMIN] 16:57:12.702774 シナリオ走行を開始しました [シナリオ名: ログイン]
[ADMIN] 16:57:12.705993 シナリオ走行を終了しました [シナリオ名: ログイン]
[ADMIN] 16:57:12.706003 シナリオ走行を開始しました [シナリオ名: ログイン]
[ADMIN] 16:57:12.718817 シナリオ走行を終了しました [シナリオ名: 新規ユーザー登録]
[ADMIN] 16:57:12.718837 シナリオ走行を開始しました [シナリオ名: 新規ユーザー登録]
[ADMIN] 16:57:12.731569 シナリオ走行を終了しました [シナリオ名: ログイン]
[ADMIN] 16:57:12.731580 シナリオ走行を開始しました [シナリオ名: ログイン]
[ADMIN] 16:57:12.736985 シナリオ走行を終了しました [シナリオ名: ログイン]
[ADMIN] 16:57:12.736995 シナリオ走行を開始しました [シナリオ名: ログイン]
[ADMIN] 16:57:12.762771 シナリオ走行を終了しました [シナリオ名: ログイン]
[ADMIN] 16:57:12.762779 シナリオ走行を開始しました [シナリオ名: ログイン]
[ADMIN] 16:57:12.764155 シナリオ走行を終了しました [シナリオ名: ログイン]
[ADMIN] 16:57:12.764163 シナリオ走行を開始しました [シナリオ名: ログイン]
[ADMIN] 16:57:12.764641 シナリオ走行を終了しました [シナリオ名: ログイン]
[ADMIN] 16:57:12.764652 シナリオ走行を開始しました [シナリオ名: ログイン]
[ADMIN] 16:57:12.780637 シナリオ走行を終了しました [シナリオ名: ログイン]
[ADMIN] 16:57:12.780646 シナリオ走行を開始しました [シナリオ名: ログイン]
[ADMIN] 16:57:12.790992 シナリオ走行を終了しました [シナリオ名: ログイン]
[ADMIN] 16:57:12.791004 シナリオ走行を開始しました [シナリオ名: ログイン]
[ADMIN] 16:57:12.812683 シナリオ走行を終了しました [シナリオ名: ログイン]
[ADMIN] 16:57:12.812692 シナリオ走行を開始しました [シナリオ名: ログイン]
[ADMIN] 16:57:12.816905 シナリオ走行を終了しました [シナリオ名: Banユーザログイン]
[ADMIN] 16:57:12.816915 シナリオ走行を開始しました [シナリオ名: Banユーザログイン]
[ADMIN] 16:57:12.825064 シナリオ走行を終了しました [シナリオ名: Banユーザログイン]
[ADMIN] 16:57:12.825078 シナリオ走行を開始しました [シナリオ名: Banユーザログイン]
[ADMIN] 16:57:12.830498 シナリオ走行を終了しました [シナリオ名: Banユーザログイン]
[ADMIN] 16:57:12.830511 シナリオ走行を開始しました [シナリオ名: Banユーザログイン]
[ADMIN] 16:57:12.851363 シナリオ走行を終了しました [シナリオ名: 新規ユーザー登録]
[ADMIN] 16:57:12.851380 シナリオ走行を開始しました [シナリオ名: 新規ユーザー登録]
[ADMIN] 16:57:12.885716 シナリオ走行を終了しました [シナリオ名: Banユーザログイン]
[ADMIN] 16:57:12.885734 シナリオ走行を開始しました [シナリオ名: Banユーザログイン]
[ADMIN] 16:57:12.887125 シナリオ走行を終了しました [シナリオ名: Banユーザログイン]
[ADMIN] 16:57:12.887137 シナリオ走行を開始しました [シナリオ名: Banユーザログイン]
[ADMIN] 16:57:12.913270 シナリオ走行を終了しました [シナリオ名: ログイン]
[ADMIN] 16:57:12.913281 シナリオ走行を開始しました [シナリオ名: ログイン]
[ADMIN] 16:57:12.918553 シナリオ走行を終了しました [シナリオ名: Banユーザログイン]
[ADMIN] 16:57:12.918569 シナリオ走行を開始しました [シナリオ名: Banユーザログイン]
[ADMIN] 16:57:12.924237 シナリオ走行を終了しました [シナリオ名: Banユーザログイン]
[ADMIN] 16:57:12.924255 シナリオ走行を開始しました [シナリオ名: Banユーザログイン]
[ADMIN] 16:57:13.012219 シナリオ走行を終了しました [シナリオ名: ログイン]
[ADMIN] 16:57:13.012232 シナリオ走行を開始しました [シナリオ名: ログイン]
[ADMIN] 16:57:13.012493 シナリオ走行を終了しました [シナリオ名: ログイン]
[ADMIN] 16:57:13.012506 シナリオ走行を開始しました [シナリオ名: ログイン]
[ADMIN] 16:57:13.019990 シナリオ走行を終了しました [シナリオ名: Banユーザログイン]
[ADMIN] 16:57:13.020003 シナリオ走行を開始しました [シナリオ名: Banユーザログイン]
[ADMIN] 16:57:13.045119 シナリオ走行を終了しました [シナリオ名: Banユーザログイン]
[ADMIN] 16:57:13.045136 シナリオ走行を開始しました [シナリオ名: Banユーザログイン]
[ADMIN] 16:57:13.062678 シナリオ走行を終了しました [シナリオ名: ログイン]
[ADMIN] 16:57:13.062689 シナリオ走行を開始しました [シナリオ名: ログイン]
[ADMIN] 16:57:13.086438 シナリオ走行を終了しました [シナリオ名: ログイン]
[ADMIN] 16:57:13.086449 シナリオ走行を開始しました [シナリオ名: ログイン]
[ADMIN] 16:57:13.103802 シナリオ走行を終了しました [シナリオ名: ログイン]
[ADMIN] 16:57:13.103813 シナリオ走行を開始しました [シナリオ名: ログイン]
[ADMIN] 16:57:13.109298 シナリオ走行を終了しました [シナリオ名: ログイン]
[ADMIN] 16:57:13.109310 シナリオ走行を開始しました [シナリオ名: ログイン]
[ADMIN] 16:57:13.176390 シナリオ走行を終了しました [シナリオ名: ログイン]
[ADMIN] 16:57:13.176404 シナリオ走行を開始しました [シナリオ名: ログイン]
[ADMIN] 16:57:13.216325 シナリオ走行を終了しました [シナリオ名: ログイン]
[ADMIN] 16:57:13.216339 シナリオ走行を開始しました [シナリオ名: ログイン]
[ADMIN] 16:57:13.277458 シナリオ走行を終了しました [シナリオ名: ログイン]
[ADMIN] 16:57:13.277474 シナリオ走行を開始しました [シナリオ名: ログイン]
[ADMIN] 16:57:13.306034 シナリオ走行を終了しました [シナリオ名: ログイン]
[ADMIN] 16:57:13.306049 シナリオ走行を開始しました [シナリオ名: ログイン]
[ADMIN] 16:57:13.332949 シナリオ走行を終了しました [シナリオ名: ログイン]
[ADMIN] 16:57:13.332961 シナリオ走行を開始しました [シナリオ名: ログイン]
[ADMIN] 16:57:13.372150 シナリオ走行を終了しました [シナリオ名: Banユーザログイン]
[ADMIN] 16:57:13.372166 シナリオ走行を開始しました [シナリオ名: Banユーザログイン]
[ADMIN] 16:57:13.394884 シナリオ走行を終了しました [シナリオ名: Banユーザログイン]
[ADMIN] 16:57:13.394899 シナリオ走行を開始しました [シナリオ名: Banユーザログイン]
[ADMIN] 16:57:13.438470 シナリオ走行を終了しました [シナリオ名: Banユーザログイン]
[ADMIN] 16:57:13.438487 シナリオ走行を開始しました [シナリオ名: Banユーザログイン]
[ADMIN] 16:57:13.456842 シナリオ走行を終了しました [シナリオ名: ログイン]
[ADMIN] 16:57:13.456852 シナリオ走行を開始しました [シナリオ名: ログイン]
[ADMIN] 16:57:13.479402 シナリオ走行を終了しました [シナリオ名: Banユーザログイン]
[ADMIN] 16:57:13.479414 シナリオ走行を開始しました [シナリオ名: Banユーザログイン]
[ADMIN] 16:57:13.489121 シナリオ走行を終了しました [シナリオ名: Banユーザログイン]
[ADMIN] 16:57:13.489133 シナリオ走行を開始しました [シナリオ名: Banユーザログイン]
[ADMIN] 16:57:13.496873 シナリオ走行を終了しました [シナリオ名: Banユーザログイン]
[ADMIN] 16:57:13.496887 シナリオ走行を開始しました [シナリオ名: Banユーザログイン]
[ADMIN] 16:57:13.498596 シナリオ走行を終了しました [シナリオ名: Banユーザログイン]
[ADMIN] 16:57:13.498609 シナリオ走行を開始しました [シナリオ名: Banユーザログイン]
[ADMIN] 16:57:13.574440 シナリオ走行を終了しました [シナリオ名: Banユーザログイン]
[ADMIN] 16:57:13.574463 シナリオ走行を開始しました [シナリオ名: Banユーザログイン]
[ADMIN] 16:57:13.600024 シナリオ走行を終了しました [シナリオ名: Banユーザログイン]
[ADMIN] 16:57:13.600043 シナリオ走行を開始しました [シナリオ名: Banユーザログイン]
[ADMIN] 16:57:13.638316 シナリオ走行を終了しました [シナリオ名: ログイン]
[ADMIN] 16:57:13.638330 シナリオ走行を開始しました [シナリオ名: ログイン]
[ADMIN] 16:57:13.689723 シナリオ走行を終了しました [シナリオ名: ログイン]
[ADMIN] 16:57:13.689739 シナリオ走行を開始しました [シナリオ名: ログイン]
[ADMIN] 16:57:13.695857 シナリオ走行を終了しました [シナリオ名: ログイン]
[ADMIN] 16:57:13.695869 シナリオ走行を開始しました [シナリオ名: ログイン]
[ADMIN] 16:57:13.725738 シナリオ走行を終了しました [シナリオ名: ログイン]
[ADMIN] 16:57:13.725749 シナリオ走行を開始しました [シナリオ名: ログイン]
[ADMIN] 16:57:13.776730 シナリオ走行を終了しました [シナリオ名: ログイン]
[ADMIN] 16:57:13.776744 シナリオ走行を開始しました [シナリオ名: ログイン]
[ADMIN] 16:57:13.906598 シナリオ走行を終了しました [シナリオ名: ログイン]
[ADMIN] 16:57:13.906612 シナリオ走行を開始しました [シナリオ名: ログイン]
[ADMIN] 16:57:13.917401 シナリオ走行を終了しました [シナリオ名: ログイン]
[ADMIN] 16:57:13.917412 シナリオ走行を開始しました [シナリオ名: ログイン]
[ADMIN] 16:57:13.920876 シナリオ走行を終了しました [シナリオ名: Banユーザログイン]
[ADMIN] 16:57:13.920890 シナリオ走行を開始しました [シナリオ名: Banユーザログイン]
[ADMIN] 16:57:13.924579 シナリオ走行を終了しました [シナリオ名: ログイン]
[ADMIN] 16:57:13.924588 シナリオ走行を開始しました [シナリオ名: ログイン]
[ADMIN] 16:57:13.961086 シナリオ走行を終了しました [シナリオ名: ログイン]
[ADMIN] 16:57:13.961099 シナリオ走行を開始しました [シナリオ名: ログイン]
[ADMIN] 16:57:13.980066 シナリオ走行を終了しました [シナリオ名: Banユーザログイン]
[ADMIN] 16:57:13.980082 シナリオ走行を開始しました [シナリオ名: Banユーザログイン]
[ADMIN] 16:57:13.992889 シナリオ走行を終了しました [シナリオ名: ログイン]
[ADMIN] 16:57:13.992898 シナリオ走行を開始しました [シナリオ名: ログイン]
[ADMIN] 16:57:13.998403 シナリオ走行を終了しました [シナリオ名: Banユーザログイン]
[ADMIN] 16:57:13.998413 シナリオ走行を開始しました [シナリオ名: Banユーザログイン]
[ADMIN] 16:57:14.061135 シナリオ走行を終了しました [シナリオ名: Banユーザログイン]
[ADMIN] 16:57:14.061159 シナリオ走行を開始しました [シナリオ名: Banユーザログイン]
[ADMIN] 16:57:14.082354 シナリオ走行を終了しました [シナリオ名: Banユーザログイン]
[ADMIN] 16:57:14.082377 シナリオ走行を開始しました [シナリオ名: Banユーザログイン]
[ADMIN] 16:57:14.090460 シナリオ走行を終了しました [シナリオ名: Banユーザログイン]
[ADMIN] 16:57:14.090479 シナリオ走行を開始しました [シナリオ名: Banユーザログイン]
[ADMIN] 16:57:14.095917 シナリオ走行を終了しました [シナリオ名: ログイン]
[ADMIN] 16:57:14.095930 シナリオ走行を開始しました [シナリオ名: ログイン]
[ADMIN] 16:57:14.101271 シナリオ走行を終了しました [シナリオ名: Banユーザログイン]
[ADMIN] 16:57:14.101285 シナリオ走行を開始しました [シナリオ名: Banユーザログイン]
[ADMIN] 16:57:14.124010 シナリオ走行を終了しました [シナリオ名: Banユーザログイン]
[ADMIN] 16:57:14.124026 シナリオ走行を開始しました [シナリオ名: Banユーザログイン]
[ADMIN] 16:57:14.129069 シナリオ走行を終了しました [シナリオ名: ログイン]
[ADMIN] 16:57:14.129081 シナリオ走行を開始しました [シナリオ名: ログイン]
[ADMIN] 16:57:14.135546 シナリオ走行を終了しました [シナリオ名: ログイン]
[ADMIN] 16:57:14.135557 シナリオ走行を開始しました [シナリオ名: ログイン]
[ADMIN] 16:57:14.136901 シナリオ走行を終了しました [シナリオ名: ログイン]
[ADMIN] 16:57:14.136911 シナリオ走行を開始しました [シナリオ名: ログイン]
[ADMIN] 16:57:14.138123 シナリオ走行を終了しました [シナリオ名: ログイン]
[ADMIN] 16:57:14.138132 シナリオ走行を開始しました [シナリオ名: ログイン]
[ADMIN] 16:57:14.160223 シナリオ走行を終了しました [シナリオ名: Banユーザログイン]
[ADMIN] 16:57:14.160240 シナリオ走行を開始しました [シナリオ名: Banユーザログイン]
[ADMIN] 16:57:14.171043 シナリオ走行を終了しました [シナリオ名: ログイン]
[ADMIN] 16:57:14.171055 シナリオ走行を開始しました [シナリオ名: ログイン]
[ADMIN] 16:57:14.229567 シナリオ走行を終了しました [シナリオ名: ログイン]
[ADMIN] 16:57:14.229580 シナリオ走行を開始しました [シナリオ名: ログイン]
[ADMIN] 16:57:14.230010 シナリオ走行を終了しました [シナリオ名: ログイン]
[ADMIN] 16:57:14.230020 シナリオ走行を開始しました [シナリオ名: ログイン]
[ADMIN] 16:57:14.239342 シナリオ走行を終了しました [シナリオ名: ログイン]
[ADMIN] 16:57:14.239353 シナリオ走行を開始しました [シナリオ名: ログイン]
[ADMIN] 16:57:14.240376 シナリオ走行を終了しました [シナリオ名: ログイン]
[ADMIN] 16:57:14.240385 シナリオ走行を開始しました [シナリオ名: ログイン]
[ADMIN] 16:57:14.258334 シナリオ走行を終了しました [シナリオ名: ログイン]
[ADMIN] 16:57:14.258344 シナリオ走行を開始しました [シナリオ名: ログイン]
[ADMIN] 16:57:14.304198 シナリオ走行を終了しました [シナリオ名: ログイン]
[ADMIN] 16:57:14.304211 シナリオ走行を開始しました [シナリオ名: ログイン]
[ADMIN] 16:57:14.337114 シナリオ走行を終了しました [シナリオ名: ログイン]
[ADMIN] 16:57:14.337125 シナリオ走行を開始しました [シナリオ名: ログイン]
[ADMIN] 16:57:14.358525 シナリオ走行を終了しました [シナリオ名: ログイン]
[ADMIN] 16:57:14.358535 シナリオ走行を開始しました [シナリオ名: ログイン]
[ADMIN] 16:57:14.368330 シナリオ走行を終了しました [シナリオ名: ログイン]
[ADMIN] 16:57:14.368341 シナリオ走行を開始しました [シナリオ名: ログイン]
[ADMIN] 16:57:14.388963 シナリオ走行を終了しました [シナリオ名: ログイン]
[ADMIN] 16:57:14.388974 シナリオ走行を開始しました [シナリオ名: ログイン]
[ADMIN] 16:57:14.391581 シナリオ走行を終了しました [シナリオ名: ログイン]
[ADMIN] 16:57:14.391589 シナリオ走行を開始しました [シナリオ名: ログイン]
[ADMIN] 16:57:14.400709 シナリオ走行を終了しました [シナリオ名: ログイン]
[ADMIN] 16:57:14.400722 シナリオ走行を開始しました [シナリオ名: ログイン]
[ADMIN] 16:57:14.405754 シナリオ走行を終了しました [シナリオ名: ログイン]
[ADMIN] 16:57:14.405763 シナリオ走行を開始しました [シナリオ名: ログイン]
[ADMIN] 16:57:14.417674 シナリオ走行を終了しました [シナリオ名: ログイン]
[ADMIN] 16:57:14.417682 シナリオ走行を開始しました [シナリオ名: ログイン]
[ADMIN] 16:57:14.437594 シナリオ走行を終了しました [シナリオ名: 新規ユーザー登録]
[ADMIN] 16:57:14.437612 シナリオ走行を開始しました [シナリオ名: 新規ユーザー登録]
[ADMIN] 16:57:14.438951 シナリオ走行を終了しました [シナリオ名: 新規ユーザー登録]
[ADMIN] 16:57:14.438968 シナリオ走行を開始しました [シナリオ名: 新規ユーザー登録]
[ADMIN] 16:57:14.469843 シナリオ走行を終了しました [シナリオ名: 新規ユーザー登録]
[ADMIN] 16:57:14.469857 シナリオ走行を開始しました [シナリオ名: 新規ユーザー登録]
[ADMIN] 16:57:14.478640 シナリオ走行を終了しました [シナリオ名: ログイン]
[ADMIN] 16:57:14.478649 シナリオ走行を開始しました [シナリオ名: ログイン]
[ADMIN] 16:57:14.481125 シナリオ走行を終了しました [シナリオ名: ログイン]
[ADMIN] 16:57:14.481133 シナリオ走行を開始しました [シナリオ名: ログイン]
[ADMIN] 16:57:14.500251 シナリオ走行を終了しました [シナリオ名: ログイン]
[ADMIN] 16:57:14.500258 シナリオ走行を開始しました [シナリオ名: ログイン]
[ADMIN] 16:57:14.502452 シナリオ走行を終了しました [シナリオ名: Banユーザログイン]
[ADMIN] 16:57:14.502465 シナリオ走行を開始しました [シナリオ名: Banユーザログイン]
[ADMIN] 16:57:14.504271 シナリオ走行を終了しました [シナリオ名: 新規ユーザー登録]
[ADMIN] 16:57:14.504285 シナリオ走行を開始しました [シナリオ名: 新規ユーザー登録]
[ADMIN] 16:57:14.527908 シナリオ走行を終了しました [シナリオ名: ログイン]
[ADMIN] 16:57:14.527918 シナリオ走行を開始しました [シナリオ名: ログイン]
[ADMIN] 16:57:14.529619 シナリオ走行を終了しました [シナリオ名: ログイン]
[ADMIN] 16:57:14.529627 シナリオ走行を開始しました [シナリオ名: ログイン]
[ADMIN] 16:57:14.563208 シナリオ走行を終了しました [シナリオ名: Banユーザログイン]
[ADMIN] 16:57:14.563221 シナリオ走行を開始しました [シナリオ名: Banユーザログイン]
[ADMIN] 16:57:14.563660 シナリオ走行を終了しました [シナリオ名: ログイン]
[ADMIN] 16:57:14.563670 シナリオ走行を開始しました [シナリオ名: ログイン]
[ADMIN] 16:57:14.579071 シナリオ走行を終了しました [シナリオ名: 新規ユーザー登録]
[ADMIN] 16:57:14.579088 シナリオ走行を開始しました [シナリオ名: 新規ユーザー登録]
[ADMIN] 16:57:14.604727 シナリオ走行を終了しました [シナリオ名: Banユーザログイン]
[ADMIN] 16:57:14.604738 シナリオ走行を開始しました [シナリオ名: Banユーザログイン]
[ADMIN] 16:57:14.608888 シナリオ走行を終了しました [シナリオ名: 新規ユーザー登録]
[ADMIN] 16:57:14.608903 シナリオ走行を開始しました [シナリオ名: 新規ユーザー登録]
[ADMIN] 16:57:14.609694 シナリオ走行を終了しました [シナリオ名: ログイン]
[ADMIN] 16:57:14.609703 シナリオ走行を開始しました [シナリオ名: ログイン]
[ADMIN] 16:57:14.641315 シナリオ走行を終了しました [シナリオ名: ログイン]
[ADMIN] 16:57:14.641325 シナリオ走行を開始しました [シナリオ名: ログイン]
[ADMIN] 16:57:14.654861 シナリオ走行を終了しました [シナリオ名: Banユーザログイン]
[ADMIN] 16:57:14.654873 シナリオ走行を開始しました [シナリオ名: Banユーザログイン]
[ADMIN] 16:57:14.657349 シナリオ走行を終了しました [シナリオ名: Banユーザログイン]
[ADMIN] 16:57:14.657360 シナリオ走行を開始しました [シナリオ名: Banユーザログイン]
[ADMIN] 16:57:14.658741 シナリオ走行を終了しました [シナリオ名: Banユーザログイン]
[ADMIN] 16:57:14.658749 シナリオ走行を開始しました [シナリオ名: Banユーザログイン]
[ADMIN] 16:57:14.660100 シナリオ走行を終了しました [シナリオ名: Banユーザログイン]
[ADMIN] 16:57:14.660113 シナリオ走行を開始しました [シナリオ名: Banユーザログイン]
[ADMIN] 16:57:14.663201 シナリオ走行を終了しました [シナリオ名: ログイン]
[ADMIN] 16:57:14.663210 シナリオ走行を開始しました [シナリオ名: ログイン]
[ADMIN] 16:57:14.671262 シナリオ走行を終了しました [シナリオ名: Banユーザログイン]
[ADMIN] 16:57:14.671274 シナリオ走行を開始しました [シナリオ名: Banユーザログイン]
[ADMIN] 16:57:14.706468 シナリオ走行を終了しました [シナリオ名: ログイン]
[ADMIN] 16:57:14.706479 シナリオ走行を開始しました [シナリオ名: ログイン]
[ADMIN] 16:57:14.706942 シナリオ走行を終了しました [シナリオ名: ログイン]
[ADMIN] 16:57:14.706953 シナリオ走行を開始しました [シナリオ名: ログイン]
[ADMIN] 16:57:14.713017 シナリオ走行を終了しました [シナリオ名: ログイン]
[ADMIN] 16:57:14.713032 シナリオ走行を開始しました [シナリオ名: ログイン]
[ADMIN] 16:57:14.715751 シナリオ走行を終了しました [シナリオ名: 新規ユーザー登録]
[ADMIN] 16:57:14.715768 シナリオ走行を開始しました [シナリオ名: 新規ユーザー登録]
[ADMIN] 16:57:14.739040 シナリオ走行を終了しました [シナリオ名: ログイン]
[ADMIN] 16:57:14.739051 シナリオ走行を開始しました [シナリオ名: ログイン]
[ADMIN] 16:57:14.749589 シナリオ走行を終了しました [シナリオ名: 新規ユーザー登録]
[ADMIN] 16:57:14.749605 シナリオ走行を開始しました [シナリオ名: 新規ユーザー登録]
[ADMIN] 16:57:14.750364 シナリオ走行を終了しました [シナリオ名: 新規ユーザー登録]
[ADMIN] 16:57:14.750383 シナリオ走行を開始しました [シナリオ名: 新規ユーザー登録]
[ADMIN] 16:57:14.769084 シナリオ走行を終了しました [シナリオ名: Banユーザログイン]
[ADMIN] 16:57:14.769103 シナリオ走行を開始しました [シナリオ名: Banユーザログイン]
[ADMIN] 16:57:14.785212 シナリオ走行を終了しました [シナリオ名: 新規ユーザー登録]
[ADMIN] 16:57:14.785229 シナリオ走行を開始しました [シナリオ名: 新規ユーザー登録]
[ADMIN] 16:57:14.808049 シナリオ走行を終了しました [シナリオ名: ログイン]
[ADMIN] 16:57:14.808058 シナリオ走行を開始しました [シナリオ名: ログイン]
[ADMIN] 16:57:14.826529 シナリオ走行を終了しました [シナリオ名: 新規ユーザー登録]
[ADMIN] 16:57:14.826548 シナリオ走行を開始しました [シナリオ名: 新規ユーザー登録]
[ADMIN] 16:57:14.837685 シナリオ走行を終了しました [シナリオ名: ログイン]
[ADMIN] 16:57:14.837699 シナリオ走行を開始しました [シナリオ名: ログイン]
[ADMIN] 16:57:14.845698 シナリオ走行を終了しました [シナリオ名: ログイン]
[ADMIN] 16:57:14.845710 シナリオ走行を開始しました [シナリオ名: ログイン]
[ADMIN] 16:57:14.846148 シナリオ走行を終了しました [シナリオ名: 新規ユーザー登録]
[ADMIN] 16:57:14.846170 シナリオ走行を開始しました [シナリオ名: 新規ユーザー登録]
[ADMIN] 16:57:14.870589 シナリオ走行を終了しました [シナリオ名: 新規ユーザー登録]
[ADMIN] 16:57:14.870630 シナリオ走行を開始しました [シナリオ名: 新規ユーザー登録]
[ADMIN] 16:57:14.893691 シナリオ走行を終了しました [シナリオ名: ログイン]
[ADMIN] 16:57:14.893704 シナリオ走行を開始しました [シナリオ名: ログイン]
[ADMIN] 16:57:14.914580 シナリオ走行を終了しました [シナリオ名: ログイン]
[ADMIN] 16:57:14.914592 シナリオ走行を開始しました [シナリオ名: ログイン]
[ADMIN] 16:57:14.955518 シナリオ走行を終了しました [シナリオ名: 新規ユーザー登録]
[ADMIN] 16:57:14.955549 シナリオ走行を開始しました [シナリオ名: 新規ユーザー登録]
[ADMIN] 16:57:15.016553 シナリオ走行を終了しました [シナリオ名: 新規ユーザー登録]
[ADMIN] 16:57:15.016577 シナリオ走行を開始しました [シナリオ名: 新規ユーザー登録]
[ADMIN] 16:57:15.023388 シナリオ走行を終了しました [シナリオ名: ログイン]
[ADMIN] 16:57:15.023397 シナリオ走行を開始しました [シナリオ名: ログイン]
[ADMIN] 16:57:15.024524 シナリオ走行を終了しました [シナリオ名: ログイン]
[ADMIN] 16:57:15.024533 シナリオ走行を開始しました [シナリオ名: ログイン]
[ADMIN] 16:57:15.045597 シナリオ走行を終了しました [シナリオ名: Banユーザログイン]
[ADMIN] 16:57:15.045614 シナリオ走行を開始しました [シナリオ名: Banユーザログイン]
[ADMIN] 16:57:15.063504 シナリオ走行を終了しました [シナリオ名: ログイン]
[ADMIN] 16:57:15.063515 シナリオ走行を開始しました [シナリオ名: ログイン]
[ADMIN] 16:57:15.067820 シナリオ走行を終了しました [シナリオ名: 新規ユーザー登録]
[ADMIN] 16:57:15.067840 シナリオ走行を開始しました [シナリオ名: 新規ユーザー登録]
[ADMIN] 16:57:15.096674 シナリオ走行を終了しました [シナリオ名: ログイン]
[ADMIN] 16:57:15.096687 シナリオ走行を開始しました [シナリオ名: ログイン]
[ADMIN] 16:57:15.140886 シナリオ走行を終了しました [シナリオ名: 新規ユーザー登録]
[ADMIN] 16:57:15.140909 シナリオ走行を開始しました [シナリオ名: 新規ユーザー登録]
[ADMIN] 16:57:15.143176 シナリオ走行を終了しました [シナリオ名: 新規ユーザー登録]
[ADMIN] 16:57:15.143193 シナリオ走行を開始しました [シナリオ名: 新規ユーザー登録]
[ADMIN] 16:57:15.153092 シナリオ走行を終了しました [シナリオ名: ログイン]
[ADMIN] 16:57:15.153100 シナリオ走行を開始しました [シナリオ名: ログイン]
[ADMIN] 16:57:15.179910 シナリオ走行を終了しました [シナリオ名: Banユーザログイン]
[ADMIN] 16:57:15.179925 シナリオ走行を開始しました [シナリオ名: Banユーザログイン]
[ADMIN] 16:57:15.191804 シナリオ走行を終了しました [シナリオ名: Banユーザログイン]
[ADMIN] 16:57:15.191818 シナリオ走行を開始しました [シナリオ名: Banユーザログイン]
[ADMIN] 16:57:15.194257 シナリオ走行を終了しました [シナリオ名: Banユーザログイン]
[ADMIN] 16:57:15.194271 シナリオ走行を開始しました [シナリオ名: Banユーザログイン]
[ADMIN] 16:57:15.196475 シナリオ走行を終了しました [シナリオ名: ログイン]
[ADMIN] 16:57:15.196484 シナリオ走行を開始しました [シナリオ名: ログイン]
[ADMIN] 16:57:15.196822 シナリオ走行を終了しました [シナリオ名: 新規ユーザー登録]
[ADMIN] 16:57:15.196840 シナリオ走行を開始しました [シナリオ名: 新規ユーザー登録]
[ADMIN] 16:57:15.201439 シナリオ走行を終了しました [シナリオ名: Banユーザログイン]
[ADMIN] 16:57:15.201453 シナリオ走行を開始しました [シナリオ名: Banユーザログイン]
[ADMIN] 16:57:15.207758 シナリオ走行を終了しました [シナリオ名: Banユーザログイン]
[ADMIN] 16:57:15.207767 シナリオ走行を開始しました [シナリオ名: Banユーザログイン]
[ADMIN] 16:57:15.207769 シナリオ走行を終了しました [シナリオ名: Banユーザログイン]
[ADMIN] 16:57:15.207778 シナリオ走行を開始しました [シナリオ名: Banユーザログイン]
[ADMIN] 16:57:15.207986 シナリオ走行を終了しました [シナリオ名: ログイン]
[ADMIN] 16:57:15.207997 シナリオ走行を開始しました [シナリオ名: ログイン]
[ADMIN] 16:57:15.220234 シナリオ走行を終了しました [シナリオ名: ログイン]
[ADMIN] 16:57:15.220245 シナリオ走行を開始しました [シナリオ名: ログイン]
[ADMIN] 16:57:15.225953 シナリオ走行を終了しました [シナリオ名: 新規ユーザー登録]
[ADMIN] 16:57:15.225968 シナリオ走行を開始しました [シナリオ名: 新規ユーザー登録]
[ADMIN] 16:57:15.227316 シナリオ走行を終了しました [シナリオ名: Banユーザログイン]
[ADMIN] 16:57:15.227328 シナリオ走行を開始しました [シナリオ名: Banユーザログイン]
[ADMIN] 16:57:15.295513 シナリオ走行を終了しました [シナリオ名: 新規ユーザー登録]
[ADMIN] 16:57:15.295541 シナリオ走行を開始しました [シナリオ名: 新規ユーザー登録]
[ADMIN] 16:57:15.306876 シナリオ走行を終了しました [シナリオ名: 新規ユーザー登録]
[ADMIN] 16:57:15.306892 シナリオ走行を開始しました [シナリオ名: 新規ユーザー登録]
[ADMIN] 16:57:15.312640 シナリオ走行を終了しました [シナリオ名: 新規ユーザー登録]
[ADMIN] 16:57:15.312653 シナリオ走行を開始しました [シナリオ名: 新規ユーザー登録]
[ADMIN] 16:57:15.356945 シナリオ走行を終了しました [シナリオ名: Banユーザログイン]
[ADMIN] 16:57:15.356962 シナリオ走行を開始しました [シナリオ名: Banユーザログイン]
[ADMIN] 16:57:15.405672 シナリオ走行を終了しました [シナリオ名: 新規ユーザー登録]
[ADMIN] 16:57:15.405691 シナリオ走行を開始しました [シナリオ名: 新規ユーザー登録]
[ADMIN] 16:57:15.415583 シナリオ走行を終了しました [シナリオ名: 新規ユーザー登録]
[ADMIN] 16:57:15.415598 シナリオ走行を開始しました [シナリオ名: 新規ユーザー登録]
[ADMIN] 16:57:15.421275 シナリオ走行を終了しました [シナリオ名: ログイン]
[ADMIN] 16:57:15.421284 シナリオ走行を開始しました [シナリオ名: ログイン]
[ADMIN] 16:57:15.426313 シナリオ走行を終了しました [シナリオ名: ログイン]
[ADMIN] 16:57:15.426324 シナリオ走行を開始しました [シナリオ名: ログイン]
[ADMIN] 16:57:15.429769 シナリオ走行を終了しました [シナリオ名: ログイン]
[ADMIN] 16:57:15.429776 シナリオ走行を開始しました [シナリオ名: ログイン]
[ADMIN] 16:57:15.451631 シナリオ走行を終了しました [シナリオ名: 新規ユーザー登録]
[ADMIN] 16:57:15.451647 シナリオ走行を開始しました [シナリオ名: 新規ユーザー登録]
[ADMIN] 16:57:15.460043 シナリオ走行を終了しました [シナリオ名: 新規ユーザー登録]
[ADMIN] 16:57:15.460063 シナリオ走行を開始しました [シナリオ名: 新規ユーザー登録]
[ADMIN] 16:57:15.462729 シナリオ走行を終了しました [シナリオ名: 新規ユーザー登録]
[ADMIN] 16:57:15.462744 シナリオ走行を開始しました [シナリオ名: 新規ユーザー登録]
[ADMIN] 16:57:15.469402 シナリオ走行を終了しました [シナリオ名: 新規ユーザー登録]
[ADMIN] 16:57:15.469419 シナリオ走行を開始しました [シナリオ名: 新規ユーザー登録]
[ADMIN] 16:57:15.477668 シナリオ走行を終了しました [シナリオ名: 新規ユーザー登録]
[ADMIN] 16:57:15.477685 シナリオ走行を開始しました [シナリオ名: 新規ユーザー登録]
[ADMIN] 16:57:15.481103 シナリオ走行を終了しました [シナリオ名: 新規ユーザー登録]
[ADMIN] 16:57:15.481118 シナリオ走行を開始しました [シナリオ名: 新規ユーザー登録]
[ADMIN] 16:57:15.507544 シナリオ走行を終了しました [シナリオ名: 新規ユーザー登録]
[ADMIN] 16:57:15.507564 シナリオ走行を開始しました [シナリオ名: 新規ユーザー登録]
[ADMIN] 16:57:15.531183 シナリオ走行を終了しました [シナリオ名: ログイン]
[ADMIN] 16:57:15.531194 シナリオ走行を開始しました [シナリオ名: ログイン]
[ADMIN] 16:57:15.531413 シナリオ走行を終了しました [シナリオ名: 新規ユーザー登録]
[ADMIN] 16:57:15.531428 シナリオ走行を開始しました [シナリオ名: 新規ユーザー登録]
[ADMIN] 16:57:15.550340 シナリオ走行を終了しました [シナリオ名: 新規ユーザー登録]
[ADMIN] 16:57:15.550359 シナリオ走行を開始しました [シナリオ名: 新規ユーザー登録]
[ADMIN] 16:57:15.592392 シナリオ走行を終了しました [シナリオ名: 新規ユーザー登録]
[ADMIN] 16:57:15.592414 シナリオ走行を開始しました [シナリオ名: 新規ユーザー登録]
[ADMIN] 16:57:15.634980 シナリオ走行を終了しました [シナリオ名: ログイン]
[ADMIN] 16:57:15.634993 シナリオ走行を開始しました [シナリオ名: ログイン]
[ADMIN] 16:57:15.665274 シナリオ走行を終了しました [シナリオ名: Banユーザログイン]
[ADMIN] 16:57:15.665294 シナリオ走行を開始しました [シナリオ名: Banユーザログイン]
[ADMIN] 16:57:15.675348 シナリオ走行を終了しました [シナリオ名: ログイン]
[ADMIN] 16:57:15.675360 シナリオ走行を開始しました [シナリオ名: ログイン]
[ADMIN] 16:57:15.714050 シナリオ走行を終了しました [シナリオ名: ログイン]
[ADMIN] 16:57:15.714065 シナリオ走行を開始しました [シナリオ名: ログイン]
[ADMIN] 16:57:15.724681 シナリオ走行を終了しました [シナリオ名: Banユーザログイン]
[ADMIN] 16:57:15.724701 シナリオ走行を開始しました [シナリオ名: Banユーザログイン]
[ADMIN] 16:57:15.739287 シナリオ走行を終了しました [シナリオ名: Banユーザログイン]
[ADMIN] 16:57:15.739303 シナリオ走行を開始しました [シナリオ名: Banユーザログイン]
[ADMIN] 16:57:15.745680 シナリオ走行を終了しました [シナリオ名: ログイン]
[ADMIN] 16:57:15.745691 シナリオ走行を開始しました [シナリオ名: ログイン]
[ADMIN] 16:57:15.755349 シナリオ走行を終了しました [シナリオ名: Banユーザログイン]
[ADMIN] 16:57:15.755365 シナリオ走行を開始しました [シナリオ名: Banユーザログイン]
[ADMIN] 16:57:15.756760 シナリオ走行を終了しました [シナリオ名: Banユーザログイン]
[ADMIN] 16:57:15.756775 シナリオ走行を開始しました [シナリオ名: Banユーザログイン]
[ADMIN] 16:57:15.781287 シナリオ走行を終了しました [シナリオ名: ログイン]
[ADMIN] 16:57:15.781299 シナリオ走行を開始しました [シナリオ名: ログイン]
[ADMIN] 16:57:15.805121 シナリオ走行を終了しました [シナリオ名: Banユーザログイン]
[ADMIN] 16:57:15.805139 シナリオ走行を開始しました [シナリオ名: Banユーザログイン]
[ADMIN] 16:57:15.833172 シナリオ走行を終了しました [シナリオ名: Banユーザログイン]
[ADMIN] 16:57:15.833188 シナリオ走行を開始しました [シナリオ名: Banユーザログイン]
[ADMIN] 16:57:15.874417 シナリオ走行を終了しました [シナリオ名: ログイン]
[ADMIN] 16:57:15.874430 シナリオ走行を開始しました [シナリオ名: ログイン]
[ADMIN] 16:57:15.876801 シナリオ走行を終了しました [シナリオ名: ログイン]
[ADMIN] 16:57:15.876811 シナリオ走行を開始しました [シナリオ名: ログイン]
[ADMIN] 16:57:15.881419 シナリオ走行を終了しました [シナリオ名: ログイン]
[ADMIN] 16:57:15.881426 シナリオ走行を開始しました [シナリオ名: ログイン]
[ADMIN] 16:57:15.886519 シナリオ走行を終了しました [シナリオ名: Banユーザログイン]
[ADMIN] 16:57:15.886533 シナリオ走行を開始しました [シナリオ名: Banユーザログイン]
[ADMIN] 16:57:15.925911 シナリオ走行を終了しました [シナリオ名: ログイン]
[ADMIN] 16:57:15.925921 シナリオ走行を開始しました [シナリオ名: ログイン]
[ADMIN] 16:57:15.943350 シナリオ走行を終了しました [シナリオ名: ログイン]
[ADMIN] 16:57:15.943358 シナリオ走行を開始しました [シナリオ名: ログイン]
[ADMIN] 16:57:15.952060 シナリオ走行を終了しました [シナリオ名: 新規ユーザー登録]
[ADMIN] 16:57:15.952078 シナリオ走行を開始しました [シナリオ名: 新規ユーザー登録]
[ADMIN] 16:57:15.963978 シナリオ走行を終了しました [シナリオ名: ログイン]
[ADMIN] 16:57:15.963988 シナリオ走行を開始しました [シナリオ名: ログイン]
[ADMIN] 16:57:15.982100 シナリオ走行を終了しました [シナリオ名: ログイン]
[ADMIN] 16:57:15.982111 シナリオ走行を開始しました [シナリオ名: ログイン]
[ADMIN] 16:57:15.988557 シナリオ走行を終了しました [シナリオ名: ログイン]
[ADMIN] 16:57:15.988566 シナリオ走行を開始しました [シナリオ名: ログイン]
[ADMIN] 16:57:15.998277 シナリオ走行を終了しました [シナリオ名: Banユーザログイン]
[ADMIN] 16:57:15.998293 シナリオ走行を開始しました [シナリオ名: Banユーザログイン]
[ADMIN] 16:57:16.027750 シナリオ走行を終了しました [シナリオ名: ログイン]
[ADMIN] 16:57:16.027765 シナリオ走行を開始しました [シナリオ名: ログイン]
[ADMIN] 16:57:16.075720 シナリオ走行を終了しました [シナリオ名: ログイン]
[ADMIN] 16:57:16.075728 シナリオ走行を終了しました [シナリオ名: ログイン]
[ADMIN] 16:57:16.075737 シナリオ走行を開始しました [シナリオ名: ログイン]
[ADMIN] 16:57:16.075742 シナリオ走行を開始しました [シナリオ名: ログイン]
[ADMIN] 16:57:16.077261 シナリオ走行を終了しました [シナリオ名: ログイン]
[ADMIN] 16:57:16.077271 シナリオ走行を開始しました [シナリオ名: ログイン]
[ADMIN] 16:57:16.096201 シナリオ走行を終了しました [シナリオ名: ログイン]
[ADMIN] 16:57:16.096212 シナリオ走行を開始しました [シナリオ名: ログイン]
[ADMIN] 16:57:16.100568 シナリオ走行を終了しました [シナリオ名: ログイン]
[ADMIN] 16:57:16.100576 シナリオ走行を開始しました [シナリオ名: ログイン]
[ADMIN] 16:57:16.110740 シナリオ走行を終了しました [シナリオ名: ログイン]
[ADMIN] 16:57:16.110750 シナリオ走行を開始しました [シナリオ名: ログイン]
[ADMIN] 16:57:16.117652 シナリオ走行を終了しました [シナリオ名: 新規ユーザー登録]
[ADMIN] 16:57:16.117669 シナリオ走行を開始しました [シナリオ名: 新規ユーザー登録]
[ADMIN] 16:57:16.129562 シナリオ走行を終了しました [シナリオ名: ログイン]
[ADMIN] 16:57:16.129571 シナリオ走行を開始しました [シナリオ名: ログイン]
[ADMIN] 16:57:16.165512 シナリオ走行を終了しました [シナリオ名: ログイン]
[ADMIN] 16:57:16.165525 シナリオ走行を開始しました [シナリオ名: ログイン]
[ADMIN] 16:57:16.187467 シナリオ走行を終了しました [シナリオ名: ログイン]
[ADMIN] 16:57:16.187478 シナリオ走行を開始しました [シナリオ名: ログイン]
[ADMIN] 16:57:16.199649 シナリオ走行を終了しました [シナリオ名: ログイン]
[ADMIN] 16:57:16.199658 シナリオ走行を開始しました [シナリオ名: ログイン]
[ADMIN] 16:57:16.214962 シナリオ走行を終了しました [シナリオ名: Banユーザログイン]
[ADMIN] 16:57:16.214976 シナリオ走行を開始しました [シナリオ名: Banユーザログイン]
[ADMIN] 16:57:16.279218 シナリオ走行を終了しました [シナリオ名: ログイン]
[ADMIN] 16:57:16.279228 シナリオ走行を開始しました [シナリオ名: ログイン]
[ADMIN] 16:57:16.310210 シナリオ走行を終了しました [シナリオ名: ログイン]
[ADMIN] 16:57:16.310220 シナリオ走行を開始しました [シナリオ名: ログイン]
[ADMIN] 16:57:16.315944 シナリオ走行を終了しました [シナリオ名: ログイン]
[ADMIN] 16:57:16.315955 シナリオ走行を開始しました [シナリオ名: ログイン]
[ADMIN] 16:57:16.322683 シナリオ走行を終了しました [シナリオ名: Banユーザログイン]
[ADMIN] 16:57:16.322702 シナリオ走行を開始しました [シナリオ名: Banユーザログイン]
[ADMIN] 16:57:16.342627 シナリオ走行を終了しました [シナリオ名: Banユーザログイン]
[ADMIN] 16:57:16.342656 シナリオ走行を開始しました [シナリオ名: Banユーザログイン]
[ADMIN] 16:57:16.343667 シナリオ走行を終了しました [シナリオ名: ログイン]
[ADMIN] 16:57:16.343675 シナリオ走行を開始しました [シナリオ名: ログイン]
[ADMIN] 16:57:16.354435 シナリオ走行を終了しました [シナリオ名: ログイン]
[ADMIN] 16:57:16.354444 シナリオ走行を開始しました [シナリオ名: ログイン]
[ADMIN] 16:57:16.360550 シナリオ走行を終了しました [シナリオ名: ログイン]
[ADMIN] 16:57:16.360560 シナリオ走行を開始しました [シナリオ名: ログイン]
[ADMIN] 16:57:16.364844 シナリオ走行を終了しました [シナリオ名: ログイン]
[ADMIN] 16:57:16.364852 シナリオ走行を開始しました [シナリオ名: ログイン]
[ADMIN] 16:57:16.376475 シナリオ走行を終了しました [シナリオ名: Banユーザログイン]
[ADMIN] 16:57:16.376485 シナリオ走行を開始しました [シナリオ名: Banユーザログイン]
[ADMIN] 16:57:16.388881 シナリオ走行を終了しました [シナリオ名: ログイン]
[ADMIN] 16:57:16.388889 シナリオ走行を開始しました [シナリオ名: ログイン]
[ADMIN] 16:57:16.393467 シナリオ走行を終了しました [シナリオ名: Banユーザログイン]
[ADMIN] 16:57:16.393479 シナリオ走行を開始しました [シナリオ名: Banユーザログイン]
[ADMIN] 16:57:16.435600 シナリオ走行を終了しました [シナリオ名: Banユーザログイン]
[ADMIN] 16:57:16.435616 シナリオ走行を開始しました [シナリオ名: Banユーザログイン]
[ADMIN] 16:57:16.452802 シナリオ走行を終了しました [シナリオ名: ログイン]
[ADMIN] 16:57:16.452814 シナリオ走行を開始しました [シナリオ名: ログイン]
[ADMIN] 16:57:16.458516 シナリオ走行を終了しました [シナリオ名: Banユーザログイン]
[ADMIN] 16:57:16.458527 シナリオ走行を開始しました [シナリオ名: Banユーザログイン]
[ADMIN] 16:57:16.469137 シナリオ走行を終了しました [シナリオ名: Banユーザログイン]
[ADMIN] 16:57:16.469155 シナリオ走行を開始しました [シナリオ名: Banユーザログイン]
[ADMIN] 16:57:16.484600 シナリオ走行を終了しました [シナリオ名: ログイン]
[ADMIN] 16:57:16.484611 シナリオ走行を開始しました [シナリオ名: ログイン]
[ADMIN] 16:57:16.545234 シナリオ走行を終了しました [シナリオ名: ログイン]
[ADMIN] 16:57:16.545247 シナリオ走行を開始しました [シナリオ名: ログイン]
[ADMIN] 16:57:16.594741 シナリオ走行を終了しました [シナリオ名: Banユーザログイン]
[ADMIN] 16:57:16.594760 シナリオ走行を開始しました [シナリオ名: Banユーザログイン]
[ADMIN] 16:57:16.601152 シナリオ走行を終了しました [シナリオ名: ログイン]
[ADMIN] 16:57:16.601163 シナリオ走行を開始しました [シナリオ名: ログイン]
[ADMIN] 16:57:16.639328 シナリオ走行を終了しました [シナリオ名: ログイン]
[ADMIN] 16:57:16.639339 シナリオ走行を開始しました [シナリオ名: ログイン]
[ADMIN] 16:57:16.647914 シナリオ走行を終了しました [シナリオ名: ログイン]
[ADMIN] 16:57:16.647924 シナリオ走行を開始しました [シナリオ名: ログイン]
[ADMIN] 16:57:16.700926 シナリオ走行を終了しました [シナリオ名: ログイン]
[ADMIN] 16:57:16.700938 シナリオ走行を開始しました [シナリオ名: ログイン]
[ADMIN] 16:57:16.752981 シナリオ走行を終了しました [シナリオ名: ログイン]
[ADMIN] 16:57:16.752997 シナリオ走行を開始しました [シナリオ名: ログイン]
[ADMIN] 16:57:16.755630 シナリオ走行を終了しました [シナリオ名: ログイン]
[ADMIN] 16:57:16.755640 シナリオ走行を開始しました [シナリオ名: ログイン]
[ADMIN] 16:57:16.791180 シナリオ走行を終了しました [シナリオ名: Banユーザログイン]
[ADMIN] 16:57:16.791203 シナリオ走行を開始しました [シナリオ名: Banユーザログイン]
[ADMIN] 16:57:16.835092 シナリオ走行を終了しました [シナリオ名: ログイン]
[ADMIN] 16:57:16.835172 シナリオ走行を開始しました [シナリオ名: ログイン]
[ADMIN] 16:57:16.837124 シナリオ走行を終了しました [シナリオ名: ログイン]
[ADMIN] 16:57:16.837133 シナリオ走行を開始しました [シナリオ名: ログイン]
[ADMIN] 16:57:16.868014 シナリオ走行を終了しました [シナリオ名: ログイン]
[ADMIN] 16:57:16.868085 シナリオ走行を開始しました [シナリオ名: ログイン]
[ADMIN] 16:57:16.868025 シナリオ走行を終了しました [シナリオ名: ログイン]
[ADMIN] 16:57:16.868227 シナリオ走行を開始しました [シナリオ名: ログイン]
[ADMIN] 16:57:16.892461 シナリオ走行を終了しました [シナリオ名: Banユーザログイン]
[ADMIN] 16:57:16.892485 シナリオ走行を開始しました [シナリオ名: Banユーザログイン]
[ADMIN] 16:57:16.907852 シナリオ走行を終了しました [シナリオ名: Banユーザログイン]
[ADMIN] 16:57:16.907866 シナリオ走行を開始しました [シナリオ名: Banユーザログイン]
[ADMIN] 16:57:16.918121 シナリオ走行を終了しました [シナリオ名: Banユーザログイン]
[ADMIN] 16:57:16.918134 シナリオ走行を開始しました [シナリオ名: Banユーザログイン]
[ADMIN] 16:57:16.943802 シナリオ走行を終了しました [シナリオ名: ログイン]
[ADMIN] 16:57:16.943813 シナリオ走行を開始しました [シナリオ名: ログイン]
[ADMIN] 16:57:16.973470 シナリオ走行を終了しました [シナリオ名: Banユーザログイン]
[ADMIN] 16:57:16.973494 シナリオ走行を開始しました [シナリオ名: Banユーザログイン]
[ADMIN] 16:57:17.016263 シナリオ走行を終了しました [シナリオ名: 新規ユーザー登録]
[ADMIN] 16:57:17.016291 シナリオ走行を開始しました [シナリオ名: 新規ユーザー登録]
[ADMIN] 16:57:17.026585 シナリオ走行を終了しました [シナリオ名: ログイン]
[ADMIN] 16:57:17.026597 シナリオ走行を開始しました [シナリオ名: ログイン]
[ADMIN] 16:57:17.030458 シナリオ走行を終了しました [シナリオ名: ログイン]
[ADMIN] 16:57:17.030467 シナリオ走行を開始しました [シナリオ名: ログイン]
[ADMIN] 16:57:17.032876 シナリオ走行を終了しました [シナリオ名: Banユーザログイン]
[ADMIN] 16:57:17.032891 シナリオ走行を開始しました [シナリオ名: Banユーザログイン]
[ADMIN] 16:57:17.041346 シナリオ走行を終了しました [シナリオ名: Banユーザログイン]
[ADMIN] 16:57:17.041361 シナリオ走行を開始しました [シナリオ名: Banユーザログイン]
[ADMIN] 16:57:17.052794 シナリオ走行を終了しました [シナリオ名: Banユーザログイン]
[ADMIN] 16:57:17.052810 シナリオ走行を開始しました [シナリオ名: Banユーザログイン]
[ADMIN] 16:57:17.055377 シナリオ走行を終了しました [シナリオ名: ログイン]
[ADMIN] 16:57:17.055388 シナリオ走行を開始しました [シナリオ名: ログイン]
[ADMIN] 16:57:17.068390 シナリオ走行を終了しました [シナリオ名: ログイン]
[ADMIN] 16:57:17.068400 シナリオ走行を開始しました [シナリオ名: ログイン]
[ADMIN] 16:57:17.120489 シナリオ走行を終了しました [シナリオ名: ログイン]
[ADMIN] 16:57:17.120500 シナリオ走行を開始しました [シナリオ名: ログイン]
[ADMIN] 16:57:17.150342 シナリオ走行を終了しました [シナリオ名: ログイン]
[ADMIN] 16:57:17.150353 シナリオ走行を開始しました [シナリオ名: ログイン]
[ADMIN] 16:57:17.160687 シナリオ走行を終了しました [シナリオ名: Banユーザログイン]
[ADMIN] 16:57:17.160703 シナリオ走行を開始しました [シナリオ名: Banユーザログイン]
[ADMIN] 16:57:17.160759 シナリオ走行を終了しました [シナリオ名: ログイン]
[ADMIN] 16:57:17.160767 シナリオ走行を開始しました [シナリオ名: ログイン]
[ADMIN] 16:57:17.231977 シナリオ走行を終了しました [シナリオ名: 新規ユーザー登録]
[ADMIN] 16:57:17.232002 シナリオ走行を開始しました [シナリオ名: 新規ユーザー登録]
[ADMIN] 16:57:17.235406 シナリオ走行を終了しました [シナリオ名: ログイン]
[ADMIN] 16:57:17.235416 シナリオ走行を開始しました [シナリオ名: ログイン]
[ADMIN] 16:57:17.240171 シナリオ走行を終了しました [シナリオ名: 新規ユーザー登録]
[ADMIN] 16:57:17.240186 シナリオ走行を開始しました [シナリオ名: 新規ユーザー登録]
[ADMIN] 16:57:17.265082 シナリオ走行を終了しました [シナリオ名: 新規ユーザー登録]
[ADMIN] 16:57:17.265106 シナリオ走行を開始しました [シナリオ名: 新規ユーザー登録]
[ADMIN] 16:57:17.274007 シナリオ走行を終了しました [シナリオ名: ログイン]
[ADMIN] 16:57:17.274019 シナリオ走行を開始しました [シナリオ名: ログイン]
[ADMIN] 16:57:17.347521 シナリオ走行を終了しました [シナリオ名: ログイン]
[ADMIN] 16:57:17.347534 シナリオ走行を開始しました [シナリオ名: ログイン]
[ADMIN] 16:57:17.356995 シナリオ走行を終了しました [シナリオ名: Banユーザログイン]
[ADMIN] 16:57:17.357013 シナリオ走行を開始しました [シナリオ名: Banユーザログイン]
[ADMIN] 16:57:17.420539 シナリオ走行を終了しました [シナリオ名: 新規ユーザー登録]
[ADMIN] 16:57:17.420560 シナリオ走行を開始しました [シナリオ名: 新規ユーザー登録]
[ADMIN] 16:57:17.421631 シナリオ走行を終了しました [シナリオ名: ログイン]
[ADMIN] 16:57:17.421639 シナリオ走行を開始しました [シナリオ名: ログイン]
[ADMIN] 16:57:17.431052 シナリオ走行を終了しました [シナリオ名: 新規ユーザー登録]
[ADMIN] 16:57:17.431074 シナリオ走行を開始しました [シナリオ名: 新規ユーザー登録]
[ADMIN] 16:57:17.448222 シナリオ走行を終了しました [シナリオ名: Banユーザログイン]
[ADMIN] 16:57:17.448236 シナリオ走行を開始しました [シナリオ名: Banユーザログイン]
[ADMIN] 16:57:17.461175 シナリオ走行を終了しました [シナリオ名: ログイン]
[ADMIN] 16:57:17.461186 シナリオ走行を開始しました [シナリオ名: ログイン]
[ADMIN] 16:57:17.476776 シナリオ走行を終了しました [シナリオ名: ログイン]
[ADMIN] 16:57:17.476785 シナリオ走行を開始しました [シナリオ名: ログイン]
[ADMIN] 16:57:17.477131 シナリオ走行を終了しました [シナリオ名: Banユーザログイン]
[ADMIN] 16:57:17.477141 シナリオ走行を開始しました [シナリオ名: Banユーザログイン]
[ADMIN] 16:57:17.488515 シナリオ走行を終了しました [シナリオ名: Banユーザログイン]
[ADMIN] 16:57:17.488528 シナリオ走行を開始しました [シナリオ名: Banユーザログイン]
[ADMIN] 16:57:17.516342 シナリオ走行を終了しました [シナリオ名: Banユーザログイン]
[ADMIN] 16:57:17.516363 シナリオ走行を開始しました [シナリオ名: Banユーザログイン]
[ADMIN] 16:57:17.537052 シナリオ走行を終了しました [シナリオ名: ログイン]
[ADMIN] 16:57:17.537061 シナリオ走行を開始しました [シナリオ名: ログイン]
[ADMIN] 16:57:17.549447 シナリオ走行を終了しました [シナリオ名: ログイン]
[ADMIN] 16:57:17.549458 シナリオ走行を開始しました [シナリオ名: ログイン]
[ADMIN] 16:57:17.559301 シナリオ走行を終了しました [シナリオ名: Banユーザログイン]
[ADMIN] 16:57:17.559316 シナリオ走行を開始しました [シナリオ名: Banユーザログイン]
[ADMIN] 16:57:17.570898 シナリオ走行を終了しました [シナリオ名: Banユーザログイン]
[ADMIN] 16:57:17.570910 シナリオ走行を開始しました [シナリオ名: Banユーザログイン]
[ADMIN] 16:57:17.585944 シナリオ走行を終了しました [シナリオ名: ログイン]
[ADMIN] 16:57:17.585961 シナリオ走行を開始しました [シナリオ名: ログイン]
[ADMIN] 16:57:17.593390 シナリオ走行を終了しました [シナリオ名: Banユーザログイン]
[ADMIN] 16:57:17.593406 シナリオ走行を開始しました [シナリオ名: Banユーザログイン]
[ADMIN] 16:57:17.651047 シナリオ走行を終了しました [シナリオ名: ログイン]
[ADMIN] 16:57:17.651057 シナリオ走行を開始しました [シナリオ名: ログイン]
[ADMIN] 16:57:17.652040 シナリオ走行を終了しました [シナリオ名: 新規ユーザー登録]
[ADMIN] 16:57:17.652058 シナリオ走行を開始しました [シナリオ名: 新規ユーザー登録]
[ADMIN] 16:57:17.674393 シナリオ走行を終了しました [シナリオ名: ログイン]
[ADMIN] 16:57:17.674403 シナリオ走行を開始しました [シナリオ名: ログイン]
[ADMIN] 16:57:17.695050 シナリオ走行を終了しました [シナリオ名: Banユーザログイン]
[ADMIN] 16:57:17.695061 シナリオ走行を開始しました [シナリオ名: Banユーザログイン]
[ADMIN] 16:57:17.703245 シナリオ走行を終了しました [シナリオ名: ログイン]
[ADMIN] 16:57:17.703254 シナリオ走行を開始しました [シナリオ名: ログイン]
[ADMIN] 16:57:17.769455 シナリオ走行を終了しました [シナリオ名: ログイン]
[ADMIN] 16:57:17.769468 シナリオ走行を開始しました [シナリオ名: ログイン]
[ADMIN] 16:57:17.773230 シナリオ走行を終了しました [シナリオ名: ログイン]
[ADMIN] 16:57:17.773241 シナリオ走行を開始しました [シナリオ名: ログイン]
[ADMIN] 16:57:17.774448 シナリオ走行を終了しました [シナリオ名: ログイン]
[ADMIN] 16:57:17.774457 シナリオ走行を開始しました [シナリオ名: ログイン]
[ADMIN] 16:57:17.780757 シナリオ走行を終了しました [シナリオ名: ログイン]
[ADMIN] 16:57:17.780767 シナリオ走行を開始しました [シナリオ名: ログイン]
[ADMIN] 16:57:17.785194 シナリオ走行を終了しました [シナリオ名: ログイン]
[ADMIN] 16:57:17.785206 シナリオ走行を開始しました [シナリオ名: ログイン]
[ADMIN] 16:57:17.793287 シナリオ走行を終了しました [シナリオ名: ログイン]
[ADMIN] 16:57:17.793296 シナリオ走行を開始しました [シナリオ名: ログイン]
[ADMIN] 16:57:17.804992 シナリオ走行を終了しました [シナリオ名: ログイン]
[ADMIN] 16:57:17.805000 シナリオ走行を開始しました [シナリオ名: ログイン]
[ADMIN] 16:57:17.806177 シナリオ走行を終了しました [シナリオ名: 新規ユーザー登録]
[ADMIN] 16:57:17.806196 シナリオ走行を開始しました [シナリオ名: 新規ユーザー登録]
[ADMIN] 16:57:17.811335 シナリオ走行を終了しました [シナリオ名: ログイン]
[ADMIN] 16:57:17.811345 シナリオ走行を開始しました [シナリオ名: ログイン]
[ADMIN] 16:57:17.834932 シナリオ走行を終了しました [シナリオ名: ログイン]
[ADMIN] 16:57:17.834941 シナリオ走行を開始しました [シナリオ名: ログイン]
[ADMIN] 16:57:17.864303 シナリオ走行を終了しました [シナリオ名: 新規ユーザー登録]
[ADMIN] 16:57:17.864319 シナリオ走行を開始しました [シナリオ名: 新規ユーザー登録]
[ADMIN] 16:57:17.880881 シナリオ走行を終了しました [シナリオ名: 新規ユーザー登録]
[ADMIN] 16:57:17.880899 シナリオ走行を開始しました [シナリオ名: 新規ユーザー登録]
[ADMIN] 16:57:17.885349 シナリオ走行を終了しました [シナリオ名: 新規ユーザー登録]
[ADMIN] 16:57:17.885368 シナリオ走行を開始しました [シナリオ名: 新規ユーザー登録]
[ADMIN] 16:57:17.885607 シナリオ走行を終了しました [シナリオ名: 新規ユーザー登録]
[ADMIN] 16:57:17.885623 シナリオ走行を開始しました [シナリオ名: 新規ユーザー登録]
[ADMIN] 16:57:17.886898 シナリオ走行を終了しました [シナリオ名: ログイン]
[ADMIN] 16:57:17.886909 シナリオ走行を開始しました [シナリオ名: ログイン]
[ADMIN] 16:57:17.902320 シナリオ走行を終了しました [シナリオ名: 新規ユーザー登録]
[ADMIN] 16:57:17.902333 シナリオ走行を開始しました [シナリオ名: 新規ユーザー登録]
[ADMIN] 16:57:17.911486 シナリオ走行を終了しました [シナリオ名: ログイン]
[ADMIN] 16:57:17.911495 シナリオ走行を開始しました [シナリオ名: ログイン]
[ADMIN] 16:57:17.922877 シナリオ走行を終了しました [シナリオ名: ログイン]
[ADMIN] 16:57:17.922888 シナリオ走行を開始しました [シナリオ名: ログイン]
[ADMIN] 16:57:17.933309 シナリオ走行を終了しました [シナリオ名: Banユーザログイン]
[ADMIN] 16:57:17.933322 シナリオ走行を開始しました [シナリオ名: Banユーザログイン]
[ADMIN] 16:57:17.937678 シナリオ走行を終了しました [シナリオ名: 新規ユーザー登録]
[ADMIN] 16:57:17.937699 シナリオ走行を開始しました [シナリオ名: 新規ユーザー登録]
[ADMIN] 16:57:17.938978 シナリオ走行を終了しました [シナリオ名: ログイン]
[ADMIN] 16:57:17.938988 シナリオ走行を開始しました [シナリオ名: ログイン]
[ADMIN] 16:57:17.968145 シナリオ走行を終了しました [シナリオ名: ログイン]
[ADMIN] 16:57:17.968164 シナリオ走行を開始しました [シナリオ名: ログイン]
[ADMIN] 16:57:17.986179 シナリオ走行を終了しました [シナリオ名: 新規ユーザー登録]
[ADMIN] 16:57:17.986205 シナリオ走行を開始しました [シナリオ名: 新規ユーザー登録]
[ADMIN] 16:57:17.997087 シナリオ走行を終了しました [シナリオ名: ログイン]
[ADMIN] 16:57:17.997098 シナリオ走行を開始しました [シナリオ名: ログイン]
[ADMIN] 16:57:18.005747 シナリオ走行を終了しました [シナリオ名: Banユーザログイン]
[ADMIN] 16:57:18.005762 シナリオ走行を開始しました [シナリオ名: Banユーザログイン]
[ADMIN] 16:57:18.014121 シナリオ走行を終了しました [シナリオ名: ログイン]
[ADMIN] 16:57:18.014144 シナリオ走行を開始しました [シナリオ名: ログイン]
[ADMIN] 16:57:18.022532 シナリオ走行を終了しました [シナリオ名: ログイン]
[ADMIN] 16:57:18.022543 シナリオ走行を開始しました [シナリオ名: ログイン]
[ADMIN] 16:57:18.023954 シナリオ走行を終了しました [シナリオ名: Banユーザログイン]
[ADMIN] 16:57:18.023963 シナリオ走行を開始しました [シナリオ名: Banユーザログイン]
[ADMIN] 16:57:18.025414 シナリオ走行を終了しました [シナリオ名: ログイン]
[ADMIN] 16:57:18.025423 シナリオ走行を開始しました [シナリオ名: ログイン]
[ADMIN] 16:57:18.025740 シナリオ走行を終了しました [シナリオ名: ログイン]
[ADMIN] 16:57:18.025750 シナリオ走行を開始しました [シナリオ名: ログイン]
[ADMIN] 16:57:18.050245 シナリオ走行を終了しました [シナリオ名: 新規ユーザー登録]
[ADMIN] 16:57:18.050262 シナリオ走行を開始しました [シナリオ名: 新規ユーザー登録]
[ADMIN] 16:57:18.051691 シナリオ走行を終了しました [シナリオ名: 新規ユーザー登録]
[ADMIN] 16:57:18.051704 シナリオ走行を開始しました [シナリオ名: 新規ユーザー登録]
[ADMIN] 16:57:18.061119 シナリオ走行を終了しました [シナリオ名: Banユーザログイン]
[ADMIN] 16:57:18.061135 シナリオ走行を開始しました [シナリオ名: Banユーザログイン]
[ADMIN] 16:57:18.071610 シナリオ走行を終了しました [シナリオ名: Banユーザログイン]
[ADMIN] 16:57:18.071625 シナリオ走行を開始しました [シナリオ名: Banユーザログイン]
[ADMIN] 16:57:18.074093 シナリオ走行を終了しました [シナリオ名: ログイン]
[ADMIN] 16:57:18.074104 シナリオ走行を開始しました [シナリオ名: ログイン]
[ADMIN] 16:57:18.074252 シナリオ走行を終了しました [シナリオ名: 新規ユーザー登録]
[ADMIN] 16:57:18.074272 シナリオ走行を開始しました [シナリオ名: 新規ユーザー登録]
[ADMIN] 16:57:18.076275 シナリオ走行を終了しました [シナリオ名: ログイン]
[ADMIN] 16:57:18.076284 シナリオ走行を開始しました [シナリオ名: ログイン]
[ADMIN] 16:57:18.088666 シナリオ走行を終了しました [シナリオ名: 新規ユーザー登録]
[ADMIN] 16:57:18.088683 シナリオ走行を開始しました [シナリオ名: 新規ユーザー登録]
[ADMIN] 16:57:18.101769 シナリオ走行を終了しました [シナリオ名: Banユーザログイン]
[ADMIN] 16:57:18.101790 シナリオ走行を開始しました [シナリオ名: Banユーザログイン]
[ADMIN] 16:57:18.121829 シナリオ走行を終了しました [シナリオ名: 新規ユーザー登録]
[ADMIN] 16:57:18.121848 シナリオ走行を開始しました [シナリオ名: 新規ユーザー登録]
[ADMIN] 16:57:18.134374 シナリオ走行を終了しました [シナリオ名: ログイン]
[ADMIN] 16:57:18.134391 シナリオ走行を開始しました [シナリオ名: ログイン]
[ADMIN] 16:57:18.146055 シナリオ走行を終了しました [シナリオ名: 新規ユーザー登録]
[ADMIN] 16:57:18.146076 シナリオ走行を開始しました [シナリオ名: 新規ユーザー登録]
[ADMIN] 16:57:18.162579 シナリオ走行を終了しました [シナリオ名: ログイン]
[ADMIN] 16:57:18.162589 シナリオ走行を開始しました [シナリオ名: ログイン]
[ADMIN] 16:57:18.163977 シナリオ走行を終了しました [シナリオ名: Banユーザログイン]
[ADMIN] 16:57:18.163991 シナリオ走行を開始しました [シナリオ名: Banユーザログイン]
[ADMIN] 16:57:18.205257 シナリオ走行を終了しました [シナリオ名: ログイン]
[ADMIN] 16:57:18.205266 シナリオ走行を開始しました [シナリオ名: ログイン]
[ADMIN] 16:57:18.208868 シナリオ走行を終了しました [シナリオ名: Banユーザログイン]
[ADMIN] 16:57:18.208884 シナリオ走行を開始しました [シナリオ名: Banユーザログイン]
[ADMIN] 16:57:18.209788 シナリオ走行を終了しました [シナリオ名: 新規ユーザー登録]
[ADMIN] 16:57:18.209803 シナリオ走行を開始しました [シナリオ名: 新規ユーザー登録]
[ADMIN] 16:57:18.216366 シナリオ走行を終了しました [シナリオ名: 新規ユーザー登録]
[ADMIN] 16:57:18.216382 シナリオ走行を開始しました [シナリオ名: 新規ユーザー登録]
[ADMIN] 16:57:18.227913 シナリオ走行を終了しました [シナリオ名: 新規ユーザー登録]
[ADMIN] 16:57:18.227928 シナリオ走行を開始しました [シナリオ名: 新規ユーザー登録]
[ADMIN] 16:57:18.232371 シナリオ走行を終了しました [シナリオ名: Banユーザログイン]
[ADMIN] 16:57:18.232389 シナリオ走行を開始しました [シナリオ名: Banユーザログイン]
[ADMIN] 16:57:18.245560 シナリオ走行を終了しました [シナリオ名: 新規ユーザー登録]
[ADMIN] 16:57:18.245573 シナリオ走行を開始しました [シナリオ名: 新規ユーザー登録]
[ADMIN] 16:57:18.270858 シナリオ走行を終了しました [シナリオ名: ログイン]
[ADMIN] 16:57:18.270871 シナリオ走行を開始しました [シナリオ名: ログイン]
[ADMIN] 16:57:18.276790 シナリオ走行を終了しました [シナリオ名: 新規ユーザー登録]
[ADMIN] 16:57:18.276806 シナリオ走行を開始しました [シナリオ名: 新規ユーザー登録]
[ADMIN] 16:57:18.277469 シナリオ走行を終了しました [シナリオ名: 新規ユーザー登録]
[ADMIN] 16:57:18.277483 シナリオ走行を開始しました [シナリオ名: 新規ユーザー登録]
[ADMIN] 16:57:18.281968 シナリオ走行を終了しました [シナリオ名: ログイン]
[ADMIN] 16:57:18.281978 シナリオ走行を開始しました [シナリオ名: ログイン]
[ADMIN] 16:57:18.308545 シナリオ走行を終了しました [シナリオ名: ログイン]
[ADMIN] 16:57:18.308556 シナリオ走行を開始しました [シナリオ名: ログイン]
[ADMIN] 16:57:18.310990 シナリオ走行を終了しました [シナリオ名: ログイン]
[ADMIN] 16:57:18.311000 シナリオ走行を開始しました [シナリオ名: ログイン]
[ADMIN] 16:57:18.331601 シナリオ走行を終了しました [シナリオ名: 新規ユーザー登録]
[ADMIN] 16:57:18.331622 シナリオ走行を開始しました [シナリオ名: 新規ユーザー登録]
[ADMIN] 16:57:18.333196 シナリオ走行を終了しました [シナリオ名: 新規ユーザー登録]
[ADMIN] 16:57:18.333216 シナリオ走行を開始しました [シナリオ名: 新規ユーザー登録]
[ADMIN] 16:57:18.360619 シナリオ走行を終了しました [シナリオ名: 新規ユーザー登録]
[ADMIN] 16:57:18.360644 シナリオ走行を開始しました [シナリオ名: 新規ユーザー登録]
[ADMIN] 16:57:18.419249 シナリオ走行を終了しました [シナリオ名: 新規ユーザー登録]
[ADMIN] 16:57:18.419271 シナリオ走行を開始しました [シナリオ名: 新規ユーザー登録]
[ADMIN] 16:57:18.428036 シナリオ走行を終了しました [シナリオ名: 新規ユーザー登録]
[ADMIN] 16:57:18.428052 シナリオ走行を開始しました [シナリオ名: 新規ユーザー登録]
[ADMIN] 16:57:18.431451 シナリオ走行を終了しました [シナリオ名: 新規ユーザー登録]
[ADMIN] 16:57:18.431467 シナリオ走行を開始しました [シナリオ名: 新規ユーザー登録]
[ADMIN] 16:57:18.446570 シナリオ走行を終了しました [シナリオ名: ログイン]
[ADMIN] 16:57:18.446580 シナリオ走行を開始しました [シナリオ名: ログイン]
[ADMIN] 16:57:18.452348 シナリオ走行を終了しました [シナリオ名: ログイン]
[ADMIN] 16:57:18.452358 シナリオ走行を開始しました [シナリオ名: ログイン]
[ADMIN] 16:57:18.457064 シナリオ走行を終了しました [シナリオ名: ログイン]
[ADMIN] 16:57:18.457074 シナリオ走行を開始しました [シナリオ名: ログイン]
[ADMIN] 16:57:18.459046 シナリオ走行を終了しました [シナリオ名: ログイン]
[ADMIN] 16:57:18.459055 シナリオ走行を開始しました [シナリオ名: ログイン]
[ADMIN] 16:57:18.477845 シナリオ走行を終了しました [シナリオ名: ログイン]
[ADMIN] 16:57:18.477854 シナリオ走行を開始しました [シナリオ名: ログイン]
[ADMIN] 16:57:18.504532 シナリオ走行を終了しました [シナリオ名: Banユーザログイン]
[ADMIN] 16:57:18.504544 シナリオ走行を開始しました [シナリオ名: Banユーザログイン]
[ADMIN] 16:57:18.504635 シナリオ走行を終了しました [シナリオ名: ログイン]
[ADMIN] 16:57:18.504645 シナリオ走行を開始しました [シナリオ名: ログイン]
[ADMIN] 16:57:18.540372 シナリオ走行を終了しました [シナリオ名: Banユーザログイン]
[ADMIN] 16:57:18.540389 シナリオ走行を開始しました [シナリオ名: Banユーザログイン]
[ADMIN] 16:57:18.599144 シナリオ走行を終了しました [シナリオ名: ログイン]
[ADMIN] 16:57:18.599157 シナリオ走行を開始しました [シナリオ名: ログイン]
[ADMIN] 16:57:18.601290 シナリオ走行を終了しました [シナリオ名: ログイン]
[ADMIN] 16:57:18.601299 シナリオ走行を開始しました [シナリオ名: ログイン]
[ADMIN] 16:57:18.604667 シナリオ走行を終了しました [シナリオ名: Banユーザログイン]
[ADMIN] 16:57:18.604682 シナリオ走行を開始しました [シナリオ名: Banユーザログイン]
[ADMIN] 16:57:18.620429 シナリオ走行を終了しました [シナリオ名: Banユーザログイン]
[ADMIN] 16:57:18.620448 シナリオ走行を開始しました [シナリオ名: Banユーザログイン]
[ADMIN] 16:57:18.646950 シナリオ走行を終了しました [シナリオ名: ログイン]
[ADMIN] 16:57:18.646960 シナリオ走行を開始しました [シナリオ名: ログイン]
[ADMIN] 16:57:18.680793 シナリオ走行を終了しました [シナリオ名: Banユーザログイン]
[ADMIN] 16:57:18.680812 シナリオ走行を開始しました [シナリオ名: Banユーザログイン]
[ADMIN] 16:57:18.682755 シナリオ走行を終了しました [シナリオ名: 新規ユーザー登録]
[ADMIN] 16:57:18.682775 シナリオ走行を開始しました [シナリオ名: 新規ユーザー登録]
[ADMIN] 16:57:18.684456 シナリオ走行を終了しました [シナリオ名: Banユーザログイン]
[ADMIN] 16:57:18.684469 シナリオ走行を開始しました [シナリオ名: Banユーザログイン]
[ADMIN] 16:57:18.685642 シナリオ走行を終了しました [シナリオ名: ログイン]
[ADMIN] 16:57:18.685653 シナリオ走行を開始しました [シナリオ名: ログイン]
[ADMIN] 16:57:18.704832 シナリオ走行を終了しました [シナリオ名: Banユーザログイン]
[ADMIN] 16:57:18.704847 シナリオ走行を開始しました [シナリオ名: Banユーザログイン]
[ADMIN] 16:57:18.712979 シナリオ走行を終了しました [シナリオ名: ログイン]
[ADMIN] 16:57:18.712990 シナリオ走行を開始しました [シナリオ名: ログイン]
[ADMIN] 16:57:18.760931 シナリオ走行を終了しました [シナリオ名: 新規ユーザー登録]
[ADMIN] 16:57:18.760954 シナリオ走行を開始しました [シナリオ名: 新規ユーザー登録]
[ADMIN] 16:57:18.774967 シナリオ走行を終了しました [シナリオ名: Banユーザログイン]
[ADMIN] 16:57:18.774986 シナリオ走行を開始しました [シナリオ名: Banユーザログイン]
[ADMIN] 16:57:18.779368 シナリオ走行を終了しました [シナリオ名: Banユーザログイン]
[ADMIN] 16:57:18.779380 シナリオ走行を開始しました [シナリオ名: Banユーザログイン]
[ADMIN] 16:57:18.782728 シナリオ走行を終了しました [シナリオ名: 新規ユーザー登録]
[ADMIN] 16:57:18.782744 シナリオ走行を開始しました [シナリオ名: 新規ユーザー登録]
[ADMIN] 16:57:18.895670 シナリオ走行を終了しました [シナリオ名: ログイン]
[ADMIN] 16:57:18.895683 シナリオ走行を開始しました [シナリオ名: ログイン]
[ADMIN] 16:57:18.896710 シナリオ走行を終了しました [シナリオ名: ログイン]
[ADMIN] 16:57:18.896718 シナリオ走行を開始しました [シナリオ名: ログイン]
[ADMIN] 16:57:18.972010 シナリオ走行を終了しました [シナリオ名: ログイン]
[ADMIN] 16:57:18.972020 シナリオ走行を開始しました [シナリオ名: ログイン]
[ADMIN] 16:57:19.042262 シナリオ走行を終了しました [シナリオ名: ログイン]
[ADMIN] 16:57:19.042271 シナリオ走行を開始しました [シナリオ名: ログイン]
[ADMIN] 16:57:19.052213 シナリオ走行を終了しました [シナリオ名: Banユーザログイン]
[ADMIN] 16:57:19.052225 シナリオ走行を開始しました [シナリオ名: Banユーザログイン]
[ADMIN] 16:57:19.074218 シナリオ走行を終了しました [シナリオ名: Banユーザログイン]
[ADMIN] 16:57:19.074233 シナリオ走行を開始しました [シナリオ名: Banユーザログイン]
[ADMIN] 16:57:19.094094 シナリオ走行を終了しました [シナリオ名: ログイン]
[ADMIN] 16:57:19.094105 シナリオ走行を開始しました [シナリオ名: ログイン]
[ADMIN] 16:57:19.148307 シナリオ走行を終了しました [シナリオ名: ログイン]
[ADMIN] 16:57:19.148319 シナリオ走行を開始しました [シナリオ名: ログイン]
[ADMIN] 16:57:19.155803 シナリオ走行を終了しました [シナリオ名: ログイン]
[ADMIN] 16:57:19.155816 シナリオ走行を開始しました [シナリオ名: ログイン]
[ADMIN] 16:57:19.157097 シナリオ走行を終了しました [シナリオ名: ログイン]
[ADMIN] 16:57:19.157105 シナリオ走行を開始しました [シナリオ名: ログイン]
[ADMIN] 16:57:19.177489 シナリオ走行を終了しました [シナリオ名: ログイン]
[ADMIN] 16:57:19.177499 シナリオ走行を開始しました [シナリオ名: ログイン]
[ADMIN] 16:57:19.181005 シナリオ走行を終了しました [シナリオ名: Banユーザログイン]
[ADMIN] 16:57:19.181016 シナリオ走行を開始しました [シナリオ名: Banユーザログイン]
[ADMIN] 16:57:19.183788 シナリオ走行を終了しました [シナリオ名: ログイン]
[ADMIN] 16:57:19.183798 シナリオ走行を開始しました [シナリオ名: ログイン]
[ADMIN] 16:57:19.185869 シナリオ走行を終了しました [シナリオ名: ログイン]
[ADMIN] 16:57:19.185880 シナリオ走行を開始しました [シナリオ名: ログイン]
[ADMIN] 16:57:19.207952 シナリオ走行を終了しました [シナリオ名: ログイン]
[ADMIN] 16:57:19.207962 シナリオ走行を開始しました [シナリオ名: ログイン]
[ADMIN] 16:57:19.237640 シナリオ走行を終了しました [シナリオ名: 新規ユーザー登録]
[ADMIN] 16:57:19.237659 シナリオ走行を開始しました [シナリオ名: 新規ユーザー登録]
[ADMIN] 16:57:19.240190 シナリオ走行を終了しました [シナリオ名: Banユーザログイン]
[ADMIN] 16:57:19.240206 シナリオ走行を開始しました [シナリオ名: Banユーザログイン]
[ADMIN] 16:57:19.244987 シナリオ走行を終了しました [シナリオ名: Banユーザログイン]
[ADMIN] 16:57:19.245002 シナリオ走行を開始しました [シナリオ名: Banユーザログイン]
[ADMIN] 16:57:19.249363 シナリオ走行を終了しました [シナリオ名: Banユーザログイン]
[ADMIN] 16:57:19.249379 シナリオ走行を開始しました [シナリオ名: Banユーザログイン]
[ADMIN] 16:57:19.261352 シナリオ走行を終了しました [シナリオ名: Banユーザログイン]
[ADMIN] 16:57:19.261367 シナリオ走行を開始しました [シナリオ名: Banユーザログイン]
[ADMIN] 16:57:19.367622 シナリオ走行を終了しました [シナリオ名: Banユーザログイン]
[ADMIN] 16:57:19.367650 シナリオ走行を開始しました [シナリオ名: Banユーザログイン]
[ADMIN] 16:57:19.369428 シナリオ走行を終了しました [シナリオ名: ログイン]
[ADMIN] 16:57:19.369438 シナリオ走行を開始しました [シナリオ名: ログイン]
[ADMIN] 16:57:19.381431 シナリオ走行を終了しました [シナリオ名: ログイン]
[ADMIN] 16:57:19.381440 シナリオ走行を開始しました [シナリオ名: ログイン]
[ADMIN] 16:57:19.382143 シナリオ走行を終了しました [シナリオ名: ログイン]
[ADMIN] 16:57:19.382151 シナリオ走行を開始しました [シナリオ名: ログイン]
[ADMIN] 16:57:19.393473 シナリオ走行を終了しました [シナリオ名: Banユーザログイン]
[ADMIN] 16:57:19.393489 シナリオ走行を開始しました [シナリオ名: Banユーザログイン]
[ADMIN] 16:57:19.471524 シナリオ走行を終了しました [シナリオ名: ログイン]
[ADMIN] 16:57:19.471538 シナリオ走行を開始しました [シナリオ名: ログイン]
[ADMIN] 16:57:19.487960 シナリオ走行を終了しました [シナリオ名: ログイン]
[ADMIN] 16:57:19.487973 シナリオ走行を開始しました [シナリオ名: ログイン]
[ADMIN] 16:57:19.557587 シナリオ走行を終了しました [シナリオ名: ログイン]
[ADMIN] 16:57:19.557599 シナリオ走行を開始しました [シナリオ名: ログイン]
[ADMIN] 16:57:19.562943 シナリオ走行を終了しました [シナリオ名: ログイン]
[ADMIN] 16:57:19.562955 シナリオ走行を開始しました [シナリオ名: ログイン]
[ADMIN] 16:57:19.565372 シナリオ走行を終了しました [シナリオ名: ログイン]
[ADMIN] 16:57:19.565381 シナリオ走行を開始しました [シナリオ名: ログイン]
[ADMIN] 16:57:19.609000 シナリオ走行を終了しました [シナリオ名: ログイン]
[ADMIN] 16:57:19.609014 シナリオ走行を開始しました [シナリオ名: ログイン]
[ADMIN] 16:57:19.612621 シナリオ走行を終了しました [シナリオ名: ログイン]
[ADMIN] 16:57:19.612633 シナリオ走行を開始しました [シナリオ名: ログイン]
[ADMIN] 16:57:19.617082 シナリオ走行を終了しました [シナリオ名: Banユーザログイン]
[ADMIN] 16:57:19.617100 シナリオ走行を開始しました [シナリオ名: Banユーザログイン]
[ADMIN] 16:57:19.650868 シナリオ走行を終了しました [シナリオ名: ログイン]
[ADMIN] 16:57:19.650885 シナリオ走行を開始しました [シナリオ名: ログイン]
[ADMIN] 16:57:19.657227 シナリオ走行を終了しました [シナリオ名: ログイン]
[ADMIN] 16:57:19.657240 シナリオ走行を開始しました [シナリオ名: ログイン]
16:57:19.668623 現在のログイン成功数: [total: 5206 (+1747人)]
16:57:19.668634 現在のユーザー登録成功数: [total: 2037 (+643人)]
[ADMIN] 16:57:19.675070 シナリオ走行を終了しました [シナリオ名: Banユーザログイン]
[ADMIN] 16:57:19.675093 シナリオ走行を開始しました [シナリオ名: Banユーザログイン]
[ADMIN] 16:57:19.682036 シナリオ走行を終了しました [シナリオ名: ログイン]
[ADMIN] 16:57:19.682049 シナリオ走行を開始しました [シナリオ名: ログイン]
[ADMIN] 16:57:19.694161 シナリオ走行を終了しました [シナリオ名: ログイン]
[ADMIN] 16:57:19.694189 シナリオ走行を開始しました [シナリオ名: ログイン]
[ADMIN] 16:57:19.694226 シナリオ走行を開始しました [シナリオ名: ログイン]
[ADMIN] 16:57:19.694247 シナリオ走行を開始しました [シナリオ名: ログイン]
[ADMIN] 16:57:19.694254 シナリオ走行を開始しました [シナリオ名: ログイン]
[ADMIN] 16:57:19.694302 シナリオ走行を開始しました [シナリオ名: ログイン]
[ADMIN] 16:57:19.694369 シナリオ走行を開始しました [シナリオ名: ログイン]
[ADMIN] 16:57:19.694387 シナリオ走行を開始しました [シナリオ名: ログイン]
[ADMIN] 16:57:19.694397 シナリオ走行を開始しました [シナリオ名: ログイン]
[ADMIN] 16:57:19.694455 シナリオ走行を開始しました [シナリオ名: ログイン]
[ADMIN] 16:57:19.694475 シナリオ走行を開始しました [シナリオ名: ログイン]
[ADMIN] 16:57:19.694521 シナリオ走行を開始しました [シナリオ名: ログイン]
[ADMIN] 16:57:19.694565 シナリオ走行を開始しました [シナリオ名: ログイン]
[ADMIN] 16:57:19.694578 シナリオ走行を開始しました [シナリオ名: ログイン]
[ADMIN] 16:57:19.694676 シナリオ走行を開始しました [シナリオ名: ログイン]
[ADMIN] 16:57:19.694689 シナリオ走行を開始しました [シナリオ名: ログイン]
[ADMIN] 16:57:19.694954 シナリオ走行を開始しました [シナリオ名: ログイン]
[ADMIN] 16:57:19.739287 シナリオ走行を終了しました [シナリオ名: Banユーザログイン]
[ADMIN] 16:57:19.739304 シナリオ走行を開始しました [シナリオ名: Banユーザログイン]
[ADMIN] 16:57:19.797231 シナリオ走行を終了しました [シナリオ名: ログイン]
[ADMIN] 16:57:19.811336 シナリオ走行を終了しました [シナリオ名: Banユーザログイン]
[ADMIN] 16:57:19.811352 シナリオ走行を開始しました [シナリオ名: Banユーザログイン]
[ADMIN] 16:57:19.819549 シナリオ走行を終了しました [シナリオ名: Banユーザログイン]
[ADMIN] 16:57:19.819563 シナリオ走行を開始しました [シナリオ名: Banユーザログイン]
[ADMIN] 16:57:19.840728 シナリオ走行を終了しました [シナリオ名: Banユーザログイン]
[ADMIN] 16:57:19.840743 シナリオ走行を開始しました [シナリオ名: Banユーザログイン]
[ADMIN] 16:57:19.857874 シナリオ走行を終了しました [シナリオ名: ログイン]
[ADMIN] 16:57:19.923519 シナリオ走行を終了しました [シナリオ名: Banユーザログイン]
[ADMIN] 16:57:19.923534 シナリオ走行を開始しました [シナリオ名: Banユーザログイン]
[ADMIN] 16:57:19.934555 シナリオ走行を終了しました [シナリオ名: Banユーザログイン]
[ADMIN] 16:57:19.934568 シナリオ走行を開始しました [シナリオ名: Banユーザログイン]
[ADMIN] 16:57:19.964268 シナリオ走行を終了しました [シナリオ名: 新規ユーザー登録]
[ADMIN] 16:57:19.964286 シナリオ走行を開始しました [シナリオ名: 新規ユーザー登録]
[ADMIN] 16:57:19.972167 シナリオ走行を終了しました [シナリオ名: ログイン]
[ADMIN] 16:57:20.026414 シナリオ走行を終了しました [シナリオ名: 新規ユーザー登録]
[ADMIN] 16:57:20.026457 シナリオ走行を開始しました [シナリオ名: 新規ユーザー登録]
[ADMIN] 16:57:20.026491 シナリオ走行を開始しました [シナリオ名: 新規ユーザー登録]
[ADMIN] 16:57:20.026503 シナリオ走行を開始しました [シナリオ名: 新規ユーザー登録]
[ADMIN] 16:57:20.026565 シナリオ走行を開始しました [シナリオ名: 新規ユーザー登録]
[ADMIN] 16:57:20.026580 シナリオ走行を開始しました [シナリオ名: 新規ユーザー登録]
[ADMIN] 16:57:20.026594 シナリオ走行を開始しました [シナリオ名: 新規ユーザー登録]
[ADMIN] 16:57:20.026605 シナリオ走行を開始しました [シナリオ名: 新規ユーザー登録]
[ADMIN] 16:57:20.026568 シナリオ走行を開始しました [シナリオ名: 新規ユーザー登録]
[ADMIN] 16:57:20.026687 シナリオ走行を開始しました [シナリオ名: 新規ユーザー登録]
[ADMIN] 16:57:20.026690 シナリオ走行を開始しました [シナリオ名: 新規ユーザー登録]
[ADMIN] 16:57:20.026703 シナリオ走行を開始しました [シナリオ名: 新規ユーザー登録]
[ADMIN] 16:57:20.026761 シナリオ走行を開始しました [シナリオ名: 新規ユーザー登録]
[ADMIN] 16:57:20.026785 シナリオ走行を開始しました [シナリオ名: 新規ユーザー登録]
[ADMIN] 16:57:20.026786 シナリオ走行を開始しました [シナリオ名: 新規ユーザー登録]
[ADMIN] 16:57:20.026792 シナリオ走行を開始しました [シナリオ名: 新規ユーザー登録]
[ADMIN] 16:57:20.026851 シナリオ走行を開始しました [シナリオ名: 新規ユーザー登録]
[ADMIN] 16:57:20.026875 シナリオ走行を開始しました [シナリオ名: 新規ユーザー登録]
[ADMIN] 16:57:20.027425 シナリオ走行を終了しました [シナリオ名: Banユーザログイン]
[ADMIN] 16:57:20.027436 シナリオ走行を開始しました [シナリオ名: Banユーザログイン]
[ADMIN] 16:57:20.097012 シナリオ走行を終了しました [シナリオ名: ログイン]
[ADMIN] 16:57:20.101563 シナリオ走行を終了しました [シナリオ名: ログイン]
[ADMIN] 16:57:20.121656 シナリオ走行を終了しました [シナリオ名: ログイン]
[ADMIN] 16:57:20.144004 シナリオ走行を終了しました [シナリオ名: ログイン]
[ADMIN] 16:57:20.169403 シナリオ走行を終了しました [シナリオ名: Banユーザログイン]
[ADMIN] 16:57:20.169431 シナリオ走行を開始しました [シナリオ名: Banユーザログイン]
[ADMIN] 16:57:20.169437 シナリオ走行を開始しました [シナリオ名: Banユーザログイン]
[ADMIN] 16:57:20.169448 シナリオ走行を開始しました [シナリオ名: Banユーザログイン]
[ADMIN] 16:57:20.169488 シナリオ走行を開始しました [シナリオ名: Banユーザログイン]
[ADMIN] 16:57:20.187814 シナリオ走行を終了しました [シナリオ名: ログイン]
[ADMIN] 16:57:20.196534 シナリオ走行を終了しました [シナリオ名: ログイン]
[ADMIN] 16:57:20.230216 シナリオ走行を終了しました [シナリオ名: Banユーザログイン]
[ADMIN] 16:57:20.238364 シナリオ走行を終了しました [シナリオ名: ログイン]
[ADMIN] 16:57:20.255023 シナリオ走行を終了しました [シナリオ名: ログイン]
[ADMIN] 16:57:20.275794 シナリオ走行を終了しました [シナリオ名: ログイン]
[ADMIN] 16:57:20.294337 シナリオ走行を終了しました [シナリオ名: Banユーザログイン]
[ADMIN] 16:57:20.298784 シナリオ走行を終了しました [シナリオ名: ログイン]
[ADMIN] 16:57:20.336254 シナリオ走行を終了しました [シナリオ名: 新規ユーザー登録]
[ADMIN] 16:57:20.345599 シナリオ走行を終了しました [シナリオ名: ログイン]
[ADMIN] 16:57:20.350502 シナリオ走行を終了しました [シナリオ名: ログイン]
[ADMIN] 16:57:20.354249 シナリオ走行を終了しました [シナリオ名: ログイン]
[ADMIN] 16:57:20.421475 シナリオ走行を終了しました [シナリオ名: 新規ユーザー登録]
[ADMIN] 16:57:20.423080 シナリオ走行を終了しました [シナリオ名: ログイン]
[ADMIN] 16:57:20.434966 シナリオ走行を終了しました [シナリオ名: Banユーザログイン]
[ADMIN] 16:57:20.449642 シナリオ走行を終了しました [シナリオ名: ログイン]
[ADMIN] 16:57:20.460055 シナリオ走行を終了しました [シナリオ名: ログイン]
[ADMIN] 16:57:20.497327 シナリオ走行を終了しました [シナリオ名: Banユーザログイン]
[ADMIN] 16:57:20.504421 シナリオ走行を終了しました [シナリオ名: Banユーザログイン]
[ADMIN] 16:57:20.514141 シナリオ走行を終了しました [シナリオ名: Banユーザログイン]
[ADMIN] 16:57:20.523520 シナリオ走行を終了しました [シナリオ名: Banユーザログイン]
[ADMIN] 16:57:20.527635 シナリオ走行を終了しました [シナリオ名: ログイン]
[ADMIN] 16:57:20.548318 シナリオ走行を終了しました [シナリオ名: ログイン]
[ADMIN] 16:57:20.561714 シナリオ走行を終了しました [シナリオ名: ログイン]
[ADMIN] 16:57:20.573051 シナリオ走行を終了しました [シナリオ名: ログイン]
[ADMIN] 16:57:20.584660 シナリオ走行を終了しました [シナリオ名: ログイン]
[ADMIN] 16:57:20.598057 シナリオ走行を終了しました [シナリオ名: 新規ユーザー登録]
[ADMIN] 16:57:20.631174 シナリオ走行を終了しました [シナリオ名: 新規ユーザー登録]
[ADMIN] 16:57:20.641293 シナリオ走行を終了しました [シナリオ名: Banユーザログイン]
[ADMIN] 16:57:20.648976 シナリオ走行を終了しました [シナリオ名: ログイン]
[ADMIN] 16:57:20.680134 シナリオ走行を終了しました [シナリオ名: ログイン]
[ADMIN] 16:57:20.693487 シナリオ走行を終了しました [シナリオ名: ログイン]
[ADMIN] 16:57:20.695392 シナリオ走行を終了しました [シナリオ名: ログイン]
[ADMIN] 16:57:20.695644 シナリオ走行を終了しました [シナリオ名: ログイン]
[ADMIN] 16:57:20.731636 シナリオ走行を終了しました [シナリオ名: Banユーザログイン]
[ADMIN] 16:57:20.731666 シナリオ走行を開始しました [シナリオ名: Banユーザログイン]
[ADMIN] 16:57:20.731711 シナリオ走行を開始しました [シナリオ名: Banユーザログイン]
[ADMIN] 16:57:20.731722 シナリオ走行を開始しました [シナリオ名: Banユーザログイン]
[ADMIN] 16:57:20.731789 シナリオ走行を開始しました [シナリオ名: Banユーザログイン]
[ADMIN] 16:57:20.731852 シナリオ走行を開始しました [シナリオ名: Banユーザログイン]
[ADMIN] 16:57:20.731866 シナリオ走行を開始しました [シナリオ名: Banユーザログイン]
[ADMIN] 16:57:20.731868 シナリオ走行を開始しました [シナリオ名: Banユーザログイン]
[ADMIN] 16:57:20.731857 シナリオ走行を開始しました [シナリオ名: Banユーザログイン]
[ADMIN] 16:57:20.731862 シナリオ走行を開始しました [シナリオ名: Banユーザログイン]
[ADMIN] 16:57:20.739473 シナリオ走行を終了しました [シナリオ名: Banユーザログイン]
[ADMIN] 16:57:20.739487 シナリオ走行を開始しました [シナリオ名: Banユーザログイン]
[ADMIN] 16:57:20.791141 シナリオ走行を終了しました [シナリオ名: Banユーザログイン]
[ADMIN] 16:57:20.791152 シナリオ走行を開始しました [シナリオ名: Banユーザログイン]
[ADMIN] 16:57:20.798264 シナリオ走行を終了しました [シナリオ名: Banユーザログイン]
[ADMIN] 16:57:20.798278 シナリオ走行を開始しました [シナリオ名: Banユーザログイン]
[ADMIN] 16:57:20.801859 シナリオ走行を終了しました [シナリオ名: 新規ユーザー登録]
[ADMIN] 16:57:20.847427 シナリオ走行を終了しました [シナリオ名: 新規ユーザー登録]
[ADMIN] 16:57:20.870567 シナリオ走行を終了しました [シナリオ名: ログイン]
[ADMIN] 16:57:20.916755 シナリオ走行を終了しました [シナリオ名: 新規ユーザー登録]
[ADMIN] 16:57:20.922927 シナリオ走行を終了しました [シナリオ名: ログイン]
[ADMIN] 16:57:20.999609 シナリオ走行を終了しました [シナリオ名: 新規ユーザー登録]
[ADMIN] 16:57:21.042791 シナリオ走行を終了しました [シナリオ名: 新規ユーザー登録]
[ADMIN] 16:57:21.044424 シナリオ走行を終了しました [シナリオ名: ログイン]
[ADMIN] 16:57:21.077349 シナリオ走行を終了しました [シナリオ名: 新規ユーザー登録]
[ADMIN] 16:57:21.144127 シナリオ走行を終了しました [シナリオ名: ログイン]
[ADMIN] 16:57:21.206245 シナリオ走行を終了しました [シナリオ名: ログイン]
[ADMIN] 16:57:21.211109 シナリオ走行を終了しました [シナリオ名: 新規ユーザー登録]
[ADMIN] 16:57:21.231598 シナリオ走行を終了しました [シナリオ名: 新規ユーザー登録]
[ADMIN] 16:57:21.237030 シナリオ走行を終了しました [シナリオ名: ログイン]
[ADMIN] 16:57:21.239462 シナリオ走行を終了しました [シナリオ名: ログイン]
[ADMIN] 16:57:21.246020 シナリオ走行を終了しました [シナリオ名: 新規ユーザー登録]
[ADMIN] 16:57:21.247651 シナリオ走行を終了しました [シナリオ名: ログイン]
[ADMIN] 16:57:21.264545 シナリオ走行を終了しました [シナリオ名: 新規ユーザー登録]
[ADMIN] 16:57:21.275886 シナリオ走行を終了しました [シナリオ名: ログイン]
[ADMIN] 16:57:21.276860 シナリオ走行を終了しました [シナリオ名: Banユーザログイン]
[ADMIN] 16:57:21.276877 シナリオ走行を開始しました [シナリオ名: Banユーザログイン]
[ADMIN] 16:57:21.277147 シナリオ走行を終了しました [シナリオ名: 新規ユーザー登録]
[ADMIN] 16:57:21.280317 シナリオ走行を終了しました [シナリオ名: ログイン]
[ADMIN] 16:57:21.296100 シナリオ走行を終了しました [シナリオ名: ログイン]
[ADMIN] 16:57:21.297992 シナリオ走行を終了しました [シナリオ名: ログイン]
[ADMIN] 16:57:21.298055 シナリオ走行を開始しました [シナリオ名: ログイン]
[ADMIN] 16:57:21.298060 シナリオ走行を開始しました [シナリオ名: ログイン]
[ADMIN] 16:57:21.298070 シナリオ走行を開始しました [シナリオ名: ログイン]
[ADMIN] 16:57:21.298076 シナリオ走行を開始しました [シナリオ名: ログイン]
[ADMIN] 16:57:21.298205 シナリオ走行を開始しました [シナリオ名: ログイン]
[ADMIN] 16:57:21.298211 シナリオ走行を開始しました [シナリオ名: ログイン]
[ADMIN] 16:57:21.298217 シナリオ走行を開始しました [シナリオ名: ログイン]
[ADMIN] 16:57:21.298291 シナリオ走行を開始しました [シナリオ名: ログイン]
[ADMIN] 16:57:21.298308 シナリオ走行を開始しました [シナリオ名: ログイン]
[ADMIN] 16:57:21.298313 シナリオ走行を開始しました [シナリオ名: ログイン]
[ADMIN] 16:57:21.298387 シナリオ走行を開始しました [シナリオ名: ログイン]
[ADMIN] 16:57:21.298393 シナリオ走行を開始しました [シナリオ名: ログイン]
[ADMIN] 16:57:21.298421 シナリオ走行を開始しました [シナリオ名: ログイン]
[ADMIN] 16:57:21.298481 シナリオ走行を開始しました [シナリオ名: ログイン]
[ADMIN] 16:57:21.298516 シナリオ走行を開始しました [シナリオ名: ログイン]
[ADMIN] 16:57:21.298522 シナリオ走行を開始しました [シナリオ名: ログイン]
[ADMIN] 16:57:21.298590 シナリオ走行を開始しました [シナリオ名: ログイン]
[ADMIN] 16:57:21.298638 シナリオ走行を開始しました [シナリオ名: ログイン]
[ADMIN] 16:57:21.298643 シナリオ走行を開始しました [シナリオ名: ログイン]
[ADMIN] 16:57:21.298058 シナリオ走行を開始しました [シナリオ名: ログイン]
[ADMIN] 16:57:21.298731 シナリオ走行を開始しました [シナリオ名: ログイン]
[ADMIN] 16:57:21.298641 シナリオ走行を開始しました [シナリオ名: ログイン]
[ADMIN] 16:57:21.298723 シナリオ走行を開始しました [シナリオ名: ログイン]
[ADMIN] 16:57:21.298642 シナリオ走行を開始しました [シナリオ名: ログイン]
[ADMIN] 16:57:21.298863 シナリオ走行を開始しました [シナリオ名: ログイン]
[ADMIN] 16:57:21.298926 シナリオ走行を開始しました [シナリオ名: ログイン]
[ADMIN] 16:57:21.298947 シナリオ走行を開始しました [シナリオ名: ログイン]
[ADMIN] 16:57:21.298986 シナリオ走行を開始しました [シナリオ名: ログイン]
[ADMIN] 16:57:21.299015 シナリオ走行を開始しました [シナリオ名: ログイン]
[ADMIN] 16:57:21.299056 シナリオ走行を開始しました [シナリオ名: ログイン]
[ADMIN] 16:57:21.299091 シナリオ走行を開始しました [シナリオ名: ログイン]
[ADMIN] 16:57:21.299174 シナリオ走行を開始しました [シナリオ名: ログイン]
[ADMIN] 16:57:21.299182 シナリオ走行を開始しました [シナリオ名: ログイン]
[ADMIN] 16:57:21.299180 シナリオ走行を開始しました [シナリオ名: ログイン]
[ADMIN] 16:57:21.299264 シナリオ走行を開始しました [シナリオ名: ログイン]
[ADMIN] 16:57:21.299268 シナリオ走行を開始しました [シナリオ名: ログイン]
[ADMIN] 16:57:21.299181 シナリオ走行を開始しました [シナリオ名: ログイン]
[ADMIN] 16:57:21.299270 シナリオ走行を開始しました [シナリオ名: ログイン]
[ADMIN] 16:57:21.299178 シナリオ走行を開始しました [シナリオ名: ログイン]
[ADMIN] 16:57:21.299274 シナリオ走行を開始しました [シナリオ名: ログイン]
[ADMIN] 16:57:21.299179 シナリオ走行を開始しました [シナリオ名: ログイン]
[ADMIN] 16:57:21.301616 シナリオ走行を終了しました [シナリオ名: Banユーザログイン]
[ADMIN] 16:57:21.301630 シナリオ走行を開始しました [シナリオ名: Banユーザログイン]
[ADMIN] 16:57:21.311009 シナリオ走行を終了しました [シナリオ名: Banユーザログイン]
[ADMIN] 16:57:21.311025 シナリオ走行を開始しました [シナリオ名: Banユーザログイン]
[ADMIN] 16:57:21.316371 シナリオ走行を終了しました [シナリオ名: ログイン]
[ADMIN] 16:57:21.318520 シナリオ走行を終了しました [シナリオ名: 新規ユーザー登録]
[ADMIN] 16:57:21.332312 シナリオ走行を終了しました [シナリオ名: ログイン]
[ADMIN] 16:57:21.339182 シナリオ走行を終了しました [シナリオ名: 新規ユーザー登録]
[ADMIN] 16:57:21.347384 シナリオ走行を終了しました [シナリオ名: ログイン]
[ADMIN] 16:57:21.360488 シナリオ走行を終了しました [シナリオ名: 新規ユーザー登録]
[ADMIN] 16:57:21.362418 シナリオ走行を終了しました [シナリオ名: 新規ユーザー登録]
[ADMIN] 16:57:21.363199 シナリオ走行を終了しました [シナリオ名: 新規ユーザー登録]
[ADMIN] 16:57:21.366026 シナリオ走行を終了しました [シナリオ名: 新規ユーザー登録]
[ADMIN] 16:57:21.382058 シナリオ走行を終了しました [シナリオ名: Banユーザログイン]
[ADMIN] 16:57:21.382074 シナリオ走行を開始しました [シナリオ名: Banユーザログイン]
[ADMIN] 16:57:21.382334 シナリオ走行を終了しました [シナリオ名: ログイン]
[ADMIN] 16:57:21.382402 シナリオ走行を終了しました [シナリオ名: Banユーザログイン]
[ADMIN] 16:57:21.382411 シナリオ走行を開始しました [シナリオ名: Banユーザログイン]
[ADMIN] 16:57:21.386820 シナリオ走行を終了しました [シナリオ名: Banユーザログイン]
[ADMIN] 16:57:21.386834 シナリオ走行を開始しました [シナリオ名: Banユーザログイン]
[ADMIN] 16:57:21.395670 シナリオ走行を終了しました [シナリオ名: Banユーザログイン]
[ADMIN] 16:57:21.395684 シナリオ走行を開始しました [シナリオ名: Banユーザログイン]
[ADMIN] 16:57:21.397710 シナリオ走行を終了しました [シナリオ名: 新規ユーザー登録]
[ADMIN] 16:57:21.400587 シナリオ走行を終了しました [シナリオ名: ログイン]
[ADMIN] 16:57:21.400599 シナリオ走行を開始しました [シナリオ名: ログイン]
[ADMIN] 16:57:21.400653 シナリオ走行を開始しました [シナリオ名: ログイン]
[ADMIN] 16:57:21.400662 シナリオ走行を開始しました [シナリオ名: ログイン]
[ADMIN] 16:57:21.400691 シナリオ走行を開始しました [シナリオ名: ログイン]
[ADMIN] 16:57:21.400750 シナリオ走行を開始しました [シナリオ名: ログイン]
[ADMIN] 16:57:21.401033 シナリオ走行を終了しました [シナリオ名: Banユーザログイン]
[ADMIN] 16:57:21.401047 シナリオ走行を開始しました [シナリオ名: Banユーザログイン]
[ADMIN] 16:57:21.402404 シナリオ走行を終了しました [シナリオ名: Banユーザログイン]
[ADMIN] 16:57:21.402415 シナリオ走行を開始しました [シナリオ名: Banユーザログイン]
[ADMIN] 16:57:21.417285 シナリオ走行を終了しました [シナリオ名: Banユーザログイン]
[ADMIN] 16:57:21.417298 シナリオ走行を開始しました [シナリオ名: Banユーザログイン]
[ADMIN] 16:57:21.429903 シナリオ走行を終了しました [シナリオ名: ログイン]
[ADMIN] 16:57:21.442337 シナリオ走行を終了しました [シナリオ名: Banユーザログイン]
[ADMIN] 16:57:21.442349 シナリオ走行を開始しました [シナリオ名: Banユーザログイン]
[ADMIN] 16:57:21.446662 シナリオ走行を終了しました [シナリオ名: 新規ユーザー登録]
[ADMIN] 16:57:21.493592 シナリオ走行を終了しました [シナリオ名: Banユーザログイン]
[ADMIN] 16:57:21.493607 シナリオ走行を開始しました [シナリオ名: Banユーザログイン]
[ADMIN] 16:57:21.539483 シナリオ走行を終了しました [シナリオ名: ログイン]
[ADMIN] 16:57:21.539496 シナリオ走行を開始しました [シナリオ名: ログイン]
[ADMIN] 16:57:21.539501 シナリオ走行を開始しました [シナリオ名: ログイン]
[ADMIN] 16:57:21.544989 シナリオ走行を終了しました [シナリオ名: ログイン]
[ADMIN] 16:57:21.564777 シナリオ走行を終了しました [シナリオ名: ログイン]
[ADMIN] 16:57:21.587748 シナリオ走行を終了しました [シナリオ名: ログイン]
[ADMIN] 16:57:21.615182 シナリオ走行を終了しました [シナリオ名: ログイン]
[ADMIN] 16:57:21.615196 シナリオ走行を開始しました [シナリオ名: ログイン]
[ADMIN] 16:57:21.615209 シナリオ走行を開始しました [シナリオ名: ログイン]
[ADMIN] 16:57:21.615219 シナリオ走行を開始しました [シナリオ名: ログイン]
[ADMIN] 16:57:21.615258 シナリオ走行を開始しました [シナリオ名: ログイン]
[ADMIN] 16:57:21.619971 シナリオ走行を終了しました [シナリオ名: ログイン]
[ADMIN] 16:57:21.619980 シナリオ走行を開始しました [シナリオ名: ログイン]
[ADMIN] 16:57:21.640625 シナリオ走行を終了しました [シナリオ名: ログイン]
[ADMIN] 16:57:21.640636 シナリオ走行を開始しました [シナリオ名: ログイン]
[ADMIN] 16:57:21.652917 シナリオ走行を終了しました [シナリオ名: ログイン]
[ADMIN] 16:57:21.679829 シナリオ走行を終了しました [シナリオ名: ログイン]
[ADMIN] 16:57:21.682408 シナリオ走行を終了しました [シナリオ名: 新規ユーザー登録]
[ADMIN] 16:57:21.684114 シナリオ走行を終了しました [シナリオ名: 新規ユーザー登録]
[ADMIN] 16:57:21.689129 シナリオ走行を終了しました [シナリオ名: ログイン]
[ADMIN] 16:57:21.689141 シナリオ走行を開始しました [シナリオ名: ログイン]
[ADMIN] 16:57:21.689196 シナリオ走行を開始しました [シナリオ名: ログイン]
[ADMIN] 16:57:21.689207 シナリオ走行を開始しました [シナリオ名: ログイン]
[ADMIN] 16:57:21.692300 シナリオ走行を終了しました [シナリオ名: ログイン]
[ADMIN] 16:57:21.699305 シナリオ走行を終了しました [シナリオ名: ログイン]
[ADMIN] 16:57:21.699315 シナリオ走行を開始しました [シナリオ名: ログイン]
[ADMIN] 16:57:21.699373 シナリオ走行を開始しました [シナリオ名: ログイン]
[ADMIN] 16:57:21.704762 シナリオ走行を終了しました [シナリオ名: ログイン]
[ADMIN] 16:57:21.704772 シナリオ走行を開始しました [シナリオ名: ログイン]
[ADMIN] 16:57:21.709422 シナリオ走行を終了しました [シナリオ名: ログイン]
[ADMIN] 16:57:21.740487 シナリオ走行を終了しました [シナリオ名: ログイン]
[ADMIN] 16:57:21.740500 シナリオ走行を開始しました [シナリオ名: ログイン]
[ADMIN] 16:57:21.740556 シナリオ走行を開始しました [シナリオ名: ログイン]
[ADMIN] 16:57:21.742360 シナリオ走行を終了しました [シナリオ名: ログイン]
[ADMIN] 16:57:21.743660 シナリオ走行を終了しました [シナリオ名: ログイン]
[ADMIN] 16:57:21.763029 シナリオ走行を終了しました [シナリオ名: ログイン]
[ADMIN] 16:57:21.764619 シナリオ走行を終了しました [シナリオ名: 新規ユーザー登録]
[ADMIN] 16:57:21.783762 シナリオ走行を終了しました [シナリオ名: ログイン]
[ADMIN] 16:57:21.783777 シナリオ走行を開始しました [シナリオ名: ログイン]
[ADMIN] 16:57:21.783835 シナリオ走行を開始しました [シナリオ名: ログイン]
[ADMIN] 16:57:21.783854 シナリオ走行を開始しました [シナリオ名: ログイン]
[ADMIN] 16:57:21.783857 シナリオ走行を開始しました [シナリオ名: ログイン]
[ADMIN] 16:57:21.802705 シナリオ走行を終了しました [シナリオ名: ログイン]
[ADMIN] 16:57:21.871811 シナリオ走行を終了しました [シナリオ名: Banユーザログイン]
[ADMIN] 16:57:21.871834 シナリオ走行を開始しました [シナリオ名: Banユーザログイン]
[ADMIN] 16:57:21.873253 シナリオ走行を終了しました [シナリオ名: Banユーザログイン]
[ADMIN] 16:57:21.873265 シナリオ走行を開始しました [シナリオ名: Banユーザログイン]
[ADMIN] 16:57:21.876405 シナリオ走行を終了しました [シナリオ名: Banユーザログイン]
[ADMIN] 16:57:21.876421 シナリオ走行を開始しました [シナリオ名: Banユーザログイン]
[ADMIN] 16:57:21.877706 シナリオ走行を終了しました [シナリオ名: ログイン]
[ADMIN] 16:57:21.877720 シナリオ走行を開始しました [シナリオ名: ログイン]
[ADMIN] 16:57:21.877777 シナリオ走行を開始しました [シナリオ名: ログイン]
[ADMIN] 16:57:21.881544 シナリオ走行を終了しました [シナリオ名: ログイン]
[ADMIN] 16:57:21.887544 シナリオ走行を終了しました [シナリオ名: 新規ユーザー登録]
[ADMIN] 16:57:21.894659 シナリオ走行を終了しました [シナリオ名: ログイン]
[ADMIN] 16:57:21.894670 シナリオ走行を開始しました [シナリオ名: ログイン]
[ADMIN] 16:57:21.894699 シナリオ走行を開始しました [シナリオ名: ログイン]
[ADMIN] 16:57:21.916382 シナリオ走行を終了しました [シナリオ名: 新規ユーザー登録]
[ADMIN] 16:57:21.947080 シナリオ走行を終了しました [シナリオ名: Banユーザログイン]
[ADMIN] 16:57:21.947100 シナリオ走行を開始しました [シナリオ名: Banユーザログイン]
[ADMIN] 16:57:21.977171 シナリオ走行を終了しました [シナリオ名: 新規ユーザー登録]
[ADMIN] 16:57:21.982284 シナリオ走行を終了しました [シナリオ名: 新規ユーザー登録]
[ADMIN] 16:57:21.983572 シナリオ走行を終了しました [シナリオ名: 新規ユーザー登録]
[ADMIN] 16:57:21.985662 シナリオ走行を終了しました [シナリオ名: 新規ユーザー登録]
[ADMIN] 16:57:22.023345 シナリオ走行を終了しました [シナリオ名: Banユーザログイン]
[ADMIN] 16:57:22.023367 シナリオ走行を開始しました [シナリオ名: Banユーザログイン]
[ADMIN] 16:57:22.029773 シナリオ走行を終了しました [シナリオ名: Banユーザログイン]
[ADMIN] 16:57:22.029791 シナリオ走行を開始しました [シナリオ名: Banユーザログイン]
[ADMIN] 16:57:22.042151 シナリオ走行を終了しました [シナリオ名: Banユーザログイン]
[ADMIN] 16:57:22.042164 シナリオ走行を開始しました [シナリオ名: Banユーザログイン]
[ADMIN] 16:57:22.046802 シナリオ走行を終了しました [シナリオ名: 新規ユーザー登録]
[ADMIN] 16:57:22.048899 シナリオ走行を終了しました [シナリオ名: Banユーザログイン]
[ADMIN] 16:57:22.048911 シナリオ走行を開始しました [シナリオ名: Banユーザログイン]
[ADMIN] 16:57:22.055186 シナリオ走行を終了しました [シナリオ名: 新規ユーザー登録]
[ADMIN] 16:57:22.105767 シナリオ走行を終了しました [シナリオ名: Banユーザログイン]
[ADMIN] 16:57:22.105785 シナリオ走行を開始しました [シナリオ名: Banユーザログイン]
[ADMIN] 16:57:22.124094 シナリオ走行を終了しました [シナリオ名: Banユーザログイン]
[ADMIN] 16:57:22.124117 シナリオ走行を開始しました [シナリオ名: Banユーザログイン]
[ADMIN] 16:57:22.129992 シナリオ走行を終了しました [シナリオ名: ログイン]
[ADMIN] 16:57:22.130005 シナリオ走行を開始しました [シナリオ名: ログイン]
[ADMIN] 16:57:22.138213 シナリオ走行を終了しました [シナリオ名: Banユーザログイン]
[ADMIN] 16:57:22.138228 シナリオ走行を開始しました [シナリオ名: Banユーザログイン]
[ADMIN] 16:57:22.156698 シナリオ走行を終了しました [シナリオ名: Banユーザログイン]
[ADMIN] 16:57:22.156711 シナリオ走行を開始しました [シナリオ名: Banユーザログイン]
[ADMIN] 16:57:22.230169 シナリオ走行を終了しました [シナリオ名: ログイン]
[ADMIN] 16:57:22.230181 シナリオ走行を開始しました [シナリオ名: ログイン]
[ADMIN] 16:57:22.422602 シナリオ走行を終了しました [シナリオ名: Banユーザログイン]
[ADMIN] 16:57:22.422633 シナリオ走行を開始しました [シナリオ名: Banユーザログイン]
[ADMIN] 16:57:22.433105 シナリオ走行を終了しました [シナリオ名: Banユーザログイン]
[ADMIN] 16:57:22.433120 シナリオ走行を開始しました [シナリオ名: Banユーザログイン]
[ADMIN] 16:57:22.442317 シナリオ走行を終了しました [シナリオ名: ログイン]
[ADMIN] 16:57:22.442328 シナリオ走行を開始しました [シナリオ名: ログイン]
[ADMIN] 16:57:22.449976 シナリオ走行を終了しました [シナリオ名: Banユーザログイン]
[ADMIN] 16:57:22.449992 シナリオ走行を開始しました [シナリオ名: Banユーザログイン]
[ADMIN] 16:57:22.507943 シナリオ走行を終了しました [シナリオ名: Banユーザログイン]
[ADMIN] 16:57:22.507957 シナリオ走行を開始しました [シナリオ名: Banユーザログイン]
[ADMIN] 16:57:22.538768 シナリオ走行を終了しました [シナリオ名: Banユーザログイン]
[ADMIN] 16:57:22.538789 シナリオ走行を開始しました [シナリオ名: Banユーザログイン]
[ADMIN] 16:57:22.562884 シナリオ走行を終了しました [シナリオ名: Banユーザログイン]
[ADMIN] 16:57:22.562904 シナリオ走行を開始しました [シナリオ名: Banユーザログイン]
[ADMIN] 16:57:22.603455 シナリオ走行を終了しました [シナリオ名: Banユーザログイン]
[ADMIN] 16:57:22.603474 シナリオ走行を開始しました [シナリオ名: Banユーザログイン]
[ADMIN] 16:57:22.618690 シナリオ走行を終了しました [シナリオ名: 新規ユーザー登録]
[ADMIN] 16:57:22.640764 シナリオ走行を終了しました [シナリオ名: Banユーザログイン]
[ADMIN] 16:57:22.640784 シナリオ走行を開始しました [シナリオ名: Banユーザログイン]
[ADMIN] 16:57:22.658155 シナリオ走行を終了しました [シナリオ名: Banユーザログイン]
[ADMIN] 16:57:22.658175 シナリオ走行を開始しました [シナリオ名: Banユーザログイン]
[ADMIN] 16:57:22.729834 シナリオ走行を終了しました [シナリオ名: 新規ユーザー登録]
[ADMIN] 16:57:22.729881 シナリオ走行を開始しました [シナリオ名: 新規ユーザー登録]
[ADMIN] 16:57:22.729925 シナリオ走行を開始しました [シナリオ名: 新規ユーザー登録]
[ADMIN] 16:57:22.729937 シナリオ走行を開始しました [シナリオ名: 新規ユーザー登録]
[ADMIN] 16:57:22.729949 シナリオ走行を開始しました [シナリオ名: 新規ユーザー登録]
[ADMIN] 16:57:22.730057 シナリオ走行を開始しました [シナリオ名: 新規ユーザー登録]
[ADMIN] 16:57:22.730071 シナリオ走行を開始しました [シナリオ名: 新規ユーザー登録]
[ADMIN] 16:57:22.730083 シナリオ走行を開始しました [シナリオ名: 新規ユーザー登録]
[ADMIN] 16:57:22.730145 シナリオ走行を開始しました [シナリオ名: 新規ユーザー登録]
[ADMIN] 16:57:22.730167 シナリオ走行を開始しました [シナリオ名: 新規ユーザー登録]
[ADMIN] 16:57:22.730173 シナリオ走行を開始しました [シナリオ名: 新規ユーザー登録]
[ADMIN] 16:57:22.730228 シナリオ走行を開始しました [シナリオ名: 新規ユーザー登録]
[ADMIN] 16:57:22.730273 シナリオ走行を開始しました [シナリオ名: 新規ユーザー登録]
[ADMIN] 16:57:22.730324 シナリオ走行を開始しました [シナリオ名: 新規ユーザー登録]
[ADMIN] 16:57:22.730060 シナリオ走行を開始しました [シナリオ名: 新規ユーザー登録]
[ADMIN] 16:57:22.730388 シナリオ走行を開始しました [シナリオ名: 新規ユーザー登録]
[ADMIN] 16:57:22.729931 シナリオ走行を開始しました [シナリオ名: 新規ユーザー登録]
[ADMIN] 16:57:22.730429 シナリオ走行を開始しました [シナリオ名: 新規ユーザー登録]
[ADMIN] 16:57:22.730416 シナリオ走行を開始しました [シナリオ名: 新規ユーザー登録]
[ADMIN] 16:57:22.730505 シナリオ走行を開始しました [シナリオ名: 新規ユーザー登録]
[ADMIN] 16:57:22.730525 シナリオ走行を開始しました [シナリオ名: 新規ユーザー登録]
[ADMIN] 16:57:22.730592 シナリオ走行を開始しました [シナリオ名: 新規ユーザー登録]
[ADMIN] 16:57:22.730423 シナリオ走行を開始しました [シナリオ名: 新規ユーザー登録]
[ADMIN] 16:57:22.730072 シナリオ走行を開始しました [シナリオ名: 新規ユーザー登録]
[ADMIN] 16:57:22.730713 シナリオ走行を開始しました [シナリオ名: 新規ユーザー登録]
[ADMIN] 16:57:22.730500 シナリオ走行を開始しました [シナリオ名: 新規ユーザー登録]
[ADMIN] 16:57:22.730802 シナリオ走行を開始しました [シナリオ名: 新規ユーザー登録]
[ADMIN] 16:57:22.730845 シナリオ走行を開始しました [シナリオ名: 新規ユーザー登録]
[ADMIN] 16:57:22.730957 シナリオ走行を開始しました [シナリオ名: 新規ユーザー登録]
[ADMIN] 16:57:22.731063 シナリオ走行を開始しました [シナリオ名: 新規ユーザー登録]
[ADMIN] 16:57:22.731123 シナリオ走行を開始しました [シナリオ名: 新規ユーザー登録]
[ADMIN] 16:57:22.729931 シナリオ走行を開始しました [シナリオ名: 新規ユーザー登録]
[ADMIN] 16:57:22.730829 シナリオ走行を開始しました [シナリオ名: 新規ユーザー登録]
[ADMIN] 16:57:22.731355 シナリオ走行を開始しました [シナリオ名: 新規ユーザー登録]
[ADMIN] 16:57:22.730835 シナリオ走行を開始しました [シナリオ名: 新規ユーザー登録]
[ADMIN] 16:57:22.730823 シナリオ走行を開始しました [シナリオ名: 新規ユーザー登録]
[ADMIN] 16:57:22.731468 シナリオ走行を開始しました [シナリオ名: 新規ユーザー登録]
[ADMIN] 16:57:22.757922 シナリオ走行を終了しました [シナリオ名: Banユーザログイン]
[ADMIN] 16:57:22.757934 シナリオ走行を開始しました [シナリオ名: Banユーザログイン]
[ADMIN] 16:57:22.777290 シナリオ走行を終了しました [シナリオ名: Banユーザログイン]
[ADMIN] 16:57:22.777306 シナリオ走行を開始しました [シナリオ名: Banユーザログイン]
[ADMIN] 16:57:22.789198 シナリオ走行を終了しました [シナリオ名: Banユーザログイン]
[ADMIN] 16:57:22.789213 シナリオ走行を開始しました [シナリオ名: Banユーザログイン]
[ADMIN] 16:57:22.794851 シナリオ走行を終了しました [シナリオ名: ログイン]
[ADMIN] 16:57:22.794861 シナリオ走行を開始しました [シナリオ名: ログイン]
[ADMIN] 16:57:22.795362 シナリオ走行を終了しました [シナリオ名: ログイン]
[ADMIN] 16:57:22.795372 シナリオ走行を開始しました [シナリオ名: ログイン]
[ADMIN] 16:57:22.801904 シナリオ走行を終了しました [シナリオ名: ログイン]
[ADMIN] 16:57:22.801913 シナリオ走行を開始しました [シナリオ名: ログイン]
[ADMIN] 16:57:22.812109 シナリオ走行を終了しました [シナリオ名: ログイン]
[ADMIN] 16:57:22.812119 シナリオ走行を開始しました [シナリオ名: ログイン]
[ADMIN] 16:57:22.827386 シナリオ走行を終了しました [シナリオ名: 新規ユーザー登録]
[ADMIN] 16:57:22.827402 シナリオ走行を開始しました [シナリオ名: 新規ユーザー登録]
[ADMIN] 16:57:22.831054 シナリオ走行を終了しました [シナリオ名: ログイン]
[ADMIN] 16:57:22.831063 シナリオ走行を開始しました [シナリオ名: ログイン]
[ADMIN] 16:57:22.923507 シナリオ走行を終了しました [シナリオ名: 新規ユーザー登録]
[ADMIN] 16:57:22.923524 シナリオ走行を開始しました [シナリオ名: 新規ユーザー登録]
[ADMIN] 16:57:22.989930 シナリオ走行を終了しました [シナリオ名: Banユーザログイン]
[ADMIN] 16:57:22.989944 シナリオ走行を開始しました [シナリオ名: Banユーザログイン]
[ADMIN] 16:57:22.999038 シナリオ走行を終了しました [シナリオ名: ログイン]
[ADMIN] 16:57:22.999047 シナリオ走行を開始しました [シナリオ名: ログイン]
[ADMIN] 16:57:23.039130 シナリオ走行を終了しました [シナリオ名: Banユーザログイン]
[ADMIN] 16:57:23.039143 シナリオ走行を開始しました [シナリオ名: Banユーザログイン]
[ADMIN] 16:57:23.047626 シナリオ走行を終了しました [シナリオ名: Banユーザログイン]
[ADMIN] 16:57:23.047637 シナリオ走行を開始しました [シナリオ名: Banユーザログイン]
[ADMIN] 16:57:23.067371 シナリオ走行を終了しました [シナリオ名: ログイン]
[ADMIN] 16:57:23.067382 シナリオ走行を開始しました [シナリオ名: ログイン]
[ADMIN] 16:57:23.080645 シナリオ走行を終了しました [シナリオ名: ログイン]
[ADMIN] 16:57:23.080655 シナリオ走行を開始しました [シナリオ名: ログイン]
[ADMIN] 16:57:23.114042 シナリオ走行を終了しました [シナリオ名: Banユーザログイン]
[ADMIN] 16:57:23.114059 シナリオ走行を開始しました [シナリオ名: Banユーザログイン]
[ADMIN] 16:57:23.114392 シナリオ走行を終了しました [シナリオ名: Banユーザログイン]
[ADMIN] 16:57:23.114401 シナリオ走行を開始しました [シナリオ名: Banユーザログイン]
[ADMIN] 16:57:23.126217 シナリオ走行を終了しました [シナリオ名: ログイン]
[ADMIN] 16:57:23.126228 シナリオ走行を開始しました [シナリオ名: ログイン]
[ADMIN] 16:57:23.128693 シナリオ走行を終了しました [シナリオ名: 新規ユーザー登録]
[ADMIN] 16:57:23.129734 シナリオ走行を終了しました [シナリオ名: Banユーザログイン]
[ADMIN] 16:57:23.129747 シナリオ走行を開始しました [シナリオ名: Banユーザログイン]
[ADMIN] 16:57:23.153587 シナリオ走行を終了しました [シナリオ名: 新規ユーザー登録]
[ADMIN] 16:57:23.153606 シナリオ走行を開始しました [シナリオ名: 新規ユーザー登録]
[ADMIN] 16:57:23.153663 シナリオ走行を開始しました [シナリオ名: 新規ユーザー登録]
[ADMIN] 16:57:23.161736 シナリオ走行を終了しました [シナリオ名: ログイン]
[ADMIN] 16:57:23.161746 シナリオ走行を開始しました [シナリオ名: ログイン]
[ADMIN] 16:57:23.165559 シナリオ走行を終了しました [シナリオ名: ログイン]
[ADMIN] 16:57:23.165570 シナリオ走行を開始しました [シナリオ名: ログイン]
[ADMIN] 16:57:23.175295 シナリオ走行を終了しました [シナリオ名: ログイン]
[ADMIN] 16:57:23.175304 シナリオ走行を開始しました [シナリオ名: ログイン]
[ADMIN] 16:57:23.190077 シナリオ走行を終了しました [シナリオ名: ログイン]
[ADMIN] 16:57:23.190086 シナリオ走行を開始しました [シナリオ名: ログイン]
[ADMIN] 16:57:23.194284 シナリオ走行を終了しました [シナリオ名: Banユーザログイン]
[ADMIN] 16:57:23.194299 シナリオ走行を開始しました [シナリオ名: Banユーザログイン]
[ADMIN] 16:57:23.194358 シナリオ走行を終了しました [シナリオ名: ログイン]
[ADMIN] 16:57:23.194367 シナリオ走行を開始しました [シナリオ名: ログイン]
[ADMIN] 16:57:23.197613 シナリオ走行を終了しました [シナリオ名: 新規ユーザー登録]
[ADMIN] 16:57:23.197633 シナリオ走行を開始しました [シナリオ名: 新規ユーザー登録]
[ADMIN] 16:57:23.204580 シナリオ走行を終了しました [シナリオ名: ログイン]
[ADMIN] 16:57:23.204590 シナリオ走行を開始しました [シナリオ名: ログイン]
[ADMIN] 16:57:23.207651 シナリオ走行を終了しました [シナリオ名: ログイン]
[ADMIN] 16:57:23.207661 シナリオ走行を開始しました [シナリオ名: ログイン]
[ADMIN] 16:57:23.223564 シナリオ走行を終了しました [シナリオ名: ログイン]
[ADMIN] 16:57:23.223575 シナリオ走行を開始しました [シナリオ名: ログイン]
[ADMIN] 16:57:23.250941 シナリオ走行を終了しました [シナリオ名: 新規ユーザー登録]
[ADMIN] 16:57:23.250962 シナリオ走行を開始しました [シナリオ名: 新規ユーザー登録]
[ADMIN] 16:57:23.263079 シナリオ走行を終了しました [シナリオ名: 新規ユーザー登録]
[ADMIN] 16:57:23.263098 シナリオ走行を開始しました [シナリオ名: 新規ユーザー登録]
[ADMIN] 16:57:23.268493 シナリオ走行を終了しました [シナリオ名: 新規ユーザー登録]
[ADMIN] 16:57:23.268507 シナリオ走行を開始しました [シナリオ名: 新規ユーザー登録]
[ADMIN] 16:57:23.281582 シナリオ走行を終了しました [シナリオ名: ログイン]
[ADMIN] 16:57:23.281596 シナリオ走行を開始しました [シナリオ名: ログイン]
[ADMIN] 16:57:23.311789 シナリオ走行を終了しました [シナリオ名: Banユーザログイン]
[ADMIN] 16:57:23.311808 シナリオ走行を開始しました [シナリオ名: Banユーザログイン]
[ADMIN] 16:57:23.311820 シナリオ走行を終了しました [シナリオ名: Banユーザログイン]
[ADMIN] 16:57:23.311831 シナリオ走行を開始しました [シナリオ名: Banユーザログイン]
[ADMIN] 16:57:23.316860 シナリオ走行を終了しました [シナリオ名: ログイン]
[ADMIN] 16:57:23.316870 シナリオ走行を開始しました [シナリオ名: ログイン]
[ADMIN] 16:57:23.322319 シナリオ走行を終了しました [シナリオ名: ログイン]
[ADMIN] 16:57:23.322330 シナリオ走行を開始しました [シナリオ名: ログイン]
[ADMIN] 16:57:23.329730 シナリオ走行を終了しました [シナリオ名: ログイン]
[ADMIN] 16:57:23.329742 シナリオ走行を開始しました [シナリオ名: ログイン]
[ADMIN] 16:57:23.342903 シナリオ走行を終了しました [シナリオ名: Banユーザログイン]
[ADMIN] 16:57:23.342921 シナリオ走行を開始しました [シナリオ名: Banユーザログイン]
[ADMIN] 16:57:23.349254 シナリオ走行を終了しました [シナリオ名: ログイン]
[ADMIN] 16:57:23.349265 シナリオ走行を開始しました [シナリオ名: ログイン]
[ADMIN] 16:57:23.355721 シナリオ走行を終了しました [シナリオ名: ログイン]
[ADMIN] 16:57:23.355736 シナリオ走行を開始しました [シナリオ名: ログイン]
[ADMIN] 16:57:23.396064 シナリオ走行を終了しました [シナリオ名: ログイン]
[ADMIN] 16:57:23.396075 シナリオ走行を開始しました [シナリオ名: ログイン]
[ADMIN] 16:57:23.400949 シナリオ走行を終了しました [シナリオ名: ログイン]
[ADMIN] 16:57:23.400961 シナリオ走行を開始しました [シナリオ名: ログイン]
[ADMIN] 16:57:23.403670 シナリオ走行を終了しました [シナリオ名: ログイン]
[ADMIN] 16:57:23.403679 シナリオ走行を開始しました [シナリオ名: ログイン]
[ADMIN] 16:57:23.411664 シナリオ走行を終了しました [シナリオ名: Banユーザログイン]
[ADMIN] 16:57:23.411676 シナリオ走行を開始しました [シナリオ名: Banユーザログイン]
[ADMIN] 16:57:23.412881 シナリオ走行を終了しました [シナリオ名: ログイン]
[ADMIN] 16:57:23.412891 シナリオ走行を開始しました [シナリオ名: ログイン]
[ADMIN] 16:57:23.423857 シナリオ走行を終了しました [シナリオ名: Banユーザログイン]
[ADMIN] 16:57:23.423871 シナリオ走行を開始しました [シナリオ名: Banユーザログイン]
[ADMIN] 16:57:23.429914 シナリオ走行を終了しました [シナリオ名: 新規ユーザー登録]
[ADMIN] 16:57:23.429934 シナリオ走行を開始しました [シナリオ名: 新規ユーザー登録]
[ADMIN] 16:57:23.469167 シナリオ走行を終了しました [シナリオ名: 新規ユーザー登録]
[ADMIN] 16:57:23.469193 シナリオ走行を開始しました [シナリオ名: 新規ユーザー登録]
[ADMIN] 16:57:23.490539 シナリオ走行を終了しました [シナリオ名: 新規ユーザー登録]
[ADMIN] 16:57:23.490572 シナリオ走行を開始しました [シナリオ名: 新規ユーザー登録]
[ADMIN] 16:57:23.502460 シナリオ走行を終了しました [シナリオ名: 新規ユーザー登録]
[ADMIN] 16:57:23.502482 シナリオ走行を開始しました [シナリオ名: 新規ユーザー登録]
[ADMIN] 16:57:23.523877 シナリオ走行を終了しました [シナリオ名: ログイン]
[ADMIN] 16:57:23.523889 シナリオ走行を開始しました [シナリオ名: ログイン]
[ADMIN] 16:57:23.538670 シナリオ走行を終了しました [シナリオ名: ログイン]
[ADMIN] 16:57:23.538681 シナリオ走行を開始しました [シナリオ名: ログイン]
[ADMIN] 16:57:23.541051 シナリオ走行を終了しました [シナリオ名: ログイン]
[ADMIN] 16:57:23.541061 シナリオ走行を開始しました [シナリオ名: ログイン]
[ADMIN] 16:57:23.565416 シナリオ走行を終了しました [シナリオ名: 新規ユーザー登録]
[ADMIN] 16:57:23.565436 シナリオ走行を開始しました [シナリオ名: 新規ユーザー登録]
[ADMIN] 16:57:23.578525 シナリオ走行を終了しました [シナリオ名: ログイン]
[ADMIN] 16:57:23.578535 シナリオ走行を開始しました [シナリオ名: ログイン]
[ADMIN] 16:57:23.586029 シナリオ走行を終了しました [シナリオ名: ログイン]
[ADMIN] 16:57:23.586039 シナリオ走行を開始しました [シナリオ名: ログイン]
[ADMIN] 16:57:23.603778 シナリオ走行を終了しました [シナリオ名: ログイン]
[ADMIN] 16:57:23.603786 シナリオ走行を開始しました [シナリオ名: ログイン]
[ADMIN] 16:57:23.604416 シナリオ走行を終了しました [シナリオ名: ログイン]
[ADMIN] 16:57:23.604426 シナリオ走行を開始しました [シナリオ名: ログイン]
[ADMIN] 16:57:23.604717 シナリオ走行を終了しました [シナリオ名: ログイン]
[ADMIN] 16:57:23.604726 シナリオ走行を開始しました [シナリオ名: ログイン]
[ADMIN] 16:57:23.605791 シナリオ走行を終了しました [シナリオ名: 新規ユーザー登録]
[ADMIN] 16:57:23.605808 シナリオ走行を開始しました [シナリオ名: 新規ユーザー登録]
[ADMIN] 16:57:23.626843 シナリオ走行を終了しました [シナリオ名: Banユーザログイン]
[ADMIN] 16:57:23.626856 シナリオ走行を開始しました [シナリオ名: Banユーザログイン]
[ADMIN] 16:57:23.629184 シナリオ走行を終了しました [シナリオ名: ログイン]
[ADMIN] 16:57:23.629193 シナリオ走行を開始しました [シナリオ名: ログイン]
[ADMIN] 16:57:23.632316 シナリオ走行を終了しました [シナリオ名: ログイン]
[ADMIN] 16:57:23.632326 シナリオ走行を開始しました [シナリオ名: ログイン]
[ADMIN] 16:57:23.634719 シナリオ走行を終了しました [シナリオ名: Banユーザログイン]
[ADMIN] 16:57:23.634733 シナリオ走行を開始しました [シナリオ名: Banユーザログイン]
[ADMIN] 16:57:23.643525 シナリオ走行を終了しました [シナリオ名: ログイン]
[ADMIN] 16:57:23.643535 シナリオ走行を開始しました [シナリオ名: ログイン]
[ADMIN] 16:57:23.646051 シナリオ走行を終了しました [シナリオ名: ログイン]
[ADMIN] 16:57:23.646059 シナリオ走行を開始しました [シナリオ名: ログイン]
[ADMIN] 16:57:23.654397 シナリオ走行を終了しました [シナリオ名: ログイン]
[ADMIN] 16:57:23.654406 シナリオ走行を開始しました [シナリオ名: ログイン]
[ADMIN] 16:57:23.660450 シナリオ走行を終了しました [シナリオ名: ログイン]
[ADMIN] 16:57:23.660458 シナリオ走行を開始しました [シナリオ名: ログイン]
[ADMIN] 16:57:23.662155 シナリオ走行を終了しました [シナリオ名: Banユーザログイン]
[ADMIN] 16:57:23.662167 シナリオ走行を開始しました [シナリオ名: Banユーザログイン]
[ADMIN] 16:57:23.664842 シナリオ走行を終了しました [シナリオ名: Banユーザログイン]
[ADMIN] 16:57:23.664856 シナリオ走行を開始しました [シナリオ名: Banユーザログイン]
[ADMIN] 16:57:23.685533 シナリオ走行を終了しました [シナリオ名: 新規ユーザー登録]
[ADMIN] 16:57:23.685553 シナリオ走行を開始しました [シナリオ名: 新規ユーザー登録]
[ADMIN] 16:57:23.694432 シナリオ走行を終了しました [シナリオ名: ログイン]
[ADMIN] 16:57:23.694441 シナリオ走行を開始しました [シナリオ名: ログイン]
[ADMIN] 16:57:23.704388 シナリオ走行を終了しました [シナリオ名: 新規ユーザー登録]
[ADMIN] 16:57:23.704409 シナリオ走行を開始しました [シナリオ名: 新規ユーザー登録]
[ADMIN] 16:57:23.713828 シナリオ走行を終了しました [シナリオ名: ログイン]
[ADMIN] 16:57:23.713836 シナリオ走行を開始しました [シナリオ名: ログイン]
[ADMIN] 16:57:23.725364 シナリオ走行を終了しました [シナリオ名: Banユーザログイン]
[ADMIN] 16:57:23.725380 シナリオ走行を開始しました [シナリオ名: Banユーザログイン]
[ADMIN] 16:57:23.735727 シナリオ走行を終了しました [シナリオ名: ログイン]
[ADMIN] 16:57:23.735741 シナリオ走行を開始しました [シナリオ名: ログイン]
[ADMIN] 16:57:23.746420 シナリオ走行を終了しました [シナリオ名: ログイン]
[ADMIN] 16:57:23.746428 シナリオ走行を開始しました [シナリオ名: ログイン]
[ADMIN] 16:57:23.749637 シナリオ走行を終了しました [シナリオ名: ログイン]
[ADMIN] 16:57:23.749645 シナリオ走行を開始しました [シナリオ名: ログイン]
[ADMIN] 16:57:23.750859 シナリオ走行を終了しました [シナリオ名: ログイン]
[ADMIN] 16:57:23.750869 シナリオ走行を開始しました [シナリオ名: ログイン]
[ADMIN] 16:57:23.776366 シナリオ走行を終了しました [シナリオ名: Banユーザログイン]
[ADMIN] 16:57:23.776383 シナリオ走行を開始しました [シナリオ名: Banユーザログイン]
[ADMIN] 16:57:23.800818 シナリオ走行を終了しました [シナリオ名: ログイン]
[ADMIN] 16:57:23.800827 シナリオ走行を開始しました [シナリオ名: ログイン]
[ADMIN] 16:57:23.803265 シナリオ走行を終了しました [シナリオ名: ログイン]
[ADMIN] 16:57:23.803274 シナリオ走行を開始しました [シナリオ名: ログイン]
[ADMIN] 16:57:23.804078 シナリオ走行を終了しました [シナリオ名: ログイン]
[ADMIN] 16:57:23.804087 シナリオ走行を開始しました [シナリオ名: ログイン]
[ADMIN] 16:57:23.858867 シナリオ走行を終了しました [シナリオ名: ログイン]
[ADMIN] 16:57:23.858875 シナリオ走行を開始しました [シナリオ名: ログイン]
[ADMIN] 16:57:23.861316 シナリオ走行を終了しました [シナリオ名: Banユーザログイン]
[ADMIN] 16:57:23.861331 シナリオ走行を開始しました [シナリオ名: Banユーザログイン]
[ADMIN] 16:57:23.883947 シナリオ走行を終了しました [シナリオ名: Banユーザログイン]
[ADMIN] 16:57:23.883961 シナリオ走行を開始しました [シナリオ名: Banユーザログイン]
[ADMIN] 16:57:23.891916 シナリオ走行を終了しました [シナリオ名: Banユーザログイン]
[ADMIN] 16:57:23.891931 シナリオ走行を終了しました [シナリオ名: 新規ユーザー登録]
[ADMIN] 16:57:23.891932 シナリオ走行を開始しました [シナリオ名: Banユーザログイン]
[ADMIN] 16:57:23.891950 シナリオ走行を開始しました [シナリオ名: 新規ユーザー登録]
[ADMIN] 16:57:23.902582 シナリオ走行を終了しました [シナリオ名: Banユーザログイン]
[ADMIN] 16:57:23.902595 シナリオ走行を開始しました [シナリオ名: Banユーザログイン]
[ADMIN] 16:57:23.943590 シナリオ走行を終了しました [シナリオ名: ログイン]
[ADMIN] 16:57:23.943600 シナリオ走行を開始しました [シナリオ名: ログイン]
[ADMIN] 16:57:23.963582 シナリオ走行を終了しました [シナリオ名: ログイン]
[ADMIN] 16:57:23.963594 シナリオ走行を開始しました [シナリオ名: ログイン]
[ADMIN] 16:57:23.971782 シナリオ走行を終了しました [シナリオ名: ログイン]
[ADMIN] 16:57:23.971798 シナリオ走行を開始しました [シナリオ名: ログイン]
[ADMIN] 16:57:24.005056 シナリオ走行を終了しました [シナリオ名: Banユーザログイン]
[ADMIN] 16:57:24.005078 シナリオ走行を開始しました [シナリオ名: Banユーザログイン]
[ADMIN] 16:57:24.029908 シナリオ走行を終了しました [シナリオ名: Banユーザログイン]
[ADMIN] 16:57:24.029929 シナリオ走行を開始しました [シナリオ名: Banユーザログイン]
[ADMIN] 16:57:24.048747 シナリオ走行を終了しました [シナリオ名: ログイン]
[ADMIN] 16:57:24.048759 シナリオ走行を開始しました [シナリオ名: ログイン]
[ADMIN] 16:57:24.065492 シナリオ走行を終了しました [シナリオ名: ログイン]
[ADMIN] 16:57:24.065503 シナリオ走行を開始しました [シナリオ名: ログイン]
[ADMIN] 16:57:24.067482 シナリオ走行を終了しました [シナリオ名: ログイン]
[ADMIN] 16:57:24.067491 シナリオ走行を開始しました [シナリオ名: ログイン]
[ADMIN] 16:57:24.085667 シナリオ走行を終了しました [シナリオ名: ログイン]
[ADMIN] 16:57:24.085678 シナリオ走行を開始しました [シナリオ名: ログイン]
[ADMIN] 16:57:24.096425 シナリオ走行を終了しました [シナリオ名: ログイン]
[ADMIN] 16:57:24.096435 シナリオ走行を開始しました [シナリオ名: ログイン]
[ADMIN] 16:57:24.197155 シナリオ走行を終了しました [シナリオ名: Banユーザログイン]
[ADMIN] 16:57:24.197175 シナリオ走行を開始しました [シナリオ名: Banユーザログイン]
[ADMIN] 16:57:24.217583 シナリオ走行を終了しました [シナリオ名: ログイン]
[ADMIN] 16:57:24.217597 シナリオ走行を開始しました [シナリオ名: ログイン]
[ADMIN] 16:57:24.219958 シナリオ走行を終了しました [シナリオ名: ログイン]
[ADMIN] 16:57:24.219968 シナリオ走行を開始しました [シナリオ名: ログイン]
[ADMIN] 16:57:24.228971 シナリオ走行を終了しました [シナリオ名: ログイン]
[ADMIN] 16:57:24.228983 シナリオ走行を開始しました [シナリオ名: ログイン]
[ADMIN] 16:57:24.251687 シナリオ走行を終了しました [シナリオ名: ログイン]
[ADMIN] 16:57:24.251701 シナリオ走行を開始しました [シナリオ名: ログイン]
[ADMIN] 16:57:24.254186 シナリオ走行を終了しました [シナリオ名: Banユーザログイン]
[ADMIN] 16:57:24.254200 シナリオ走行を開始しました [シナリオ名: Banユーザログイン]
[ADMIN] 16:57:24.268719 シナリオ走行を終了しました [シナリオ名: Banユーザログイン]
[ADMIN] 16:57:24.268735 シナリオ走行を開始しました [シナリオ名: Banユーザログイン]
[ADMIN] 16:57:24.296377 シナリオ走行を終了しました [シナリオ名: Banユーザログイン]
[ADMIN] 16:57:24.296392 シナリオ走行を開始しました [シナリオ名: Banユーザログイン]
[ADMIN] 16:57:24.338721 シナリオ走行を終了しました [シナリオ名: ログイン]
[ADMIN] 16:57:24.338730 シナリオ走行を開始しました [シナリオ名: ログイン]
[ADMIN] 16:57:24.355812 シナリオ走行を終了しました [シナリオ名: ログイン]
[ADMIN] 16:57:24.355820 シナリオ走行を開始しました [シナリオ名: ログイン]
[ADMIN] 16:57:24.359404 シナリオ走行を終了しました [シナリオ名: ログイン]
[ADMIN] 16:57:24.359414 シナリオ走行を開始しました [シナリオ名: ログイン]
[ADMIN] 16:57:24.360349 シナリオ走行を終了しました [シナリオ名: ログイン]
[ADMIN] 16:57:24.360358 シナリオ走行を開始しました [シナリオ名: ログイン]
[ADMIN] 16:57:24.387714 シナリオ走行を終了しました [シナリオ名: ログイン]
[ADMIN] 16:57:24.387724 シナリオ走行を開始しました [シナリオ名: ログイン]
[ADMIN] 16:57:24.408127 シナリオ走行を終了しました [シナリオ名: ログイン]
[ADMIN] 16:57:24.408138 シナリオ走行を開始しました [シナリオ名: ログイン]
[ADMIN] 16:57:24.422214 シナリオ走行を終了しました [シナリオ名: Banユーザログイン]
[ADMIN] 16:57:24.422230 シナリオ走行を開始しました [シナリオ名: Banユーザログイン]
[ADMIN] 16:57:24.459312 シナリオ走行を終了しました [シナリオ名: Banユーザログイン]
[ADMIN] 16:57:24.459332 シナリオ走行を開始しました [シナリオ名: Banユーザログイン]
[ADMIN] 16:57:24.466149 シナリオ走行を終了しました [シナリオ名: Banユーザログイン]
[ADMIN] 16:57:24.466163 シナリオ走行を開始しました [シナリオ名: Banユーザログイン]
[ADMIN] 16:57:24.473370 シナリオ走行を終了しました [シナリオ名: Banユーザログイン]
[ADMIN] 16:57:24.473385 シナリオ走行を開始しました [シナリオ名: Banユーザログイン]
[ADMIN] 16:57:24.557890 シナリオ走行を終了しました [シナリオ名: Banユーザログイン]
[ADMIN] 16:57:24.557909 シナリオ走行を開始しました [シナリオ名: Banユーザログイン]
[ADMIN] 16:57:24.638243 シナリオ走行を終了しました [シナリオ名: Banユーザログイン]
[ADMIN] 16:57:24.638258 シナリオ走行を開始しました [シナリオ名: Banユーザログイン]
[ADMIN] 16:57:24.643343 シナリオ走行を終了しました [シナリオ名: ログイン]
[ADMIN] 16:57:24.643353 シナリオ走行を開始しました [シナリオ名: ログイン]
[ADMIN] 16:57:24.644436 シナリオ走行を終了しました [シナリオ名: ログイン]
[ADMIN] 16:57:24.644448 シナリオ走行を開始しました [シナリオ名: ログイン]
[ADMIN] 16:57:24.650853 シナリオ走行を終了しました [シナリオ名: Banユーザログイン]
[ADMIN] 16:57:24.650868 シナリオ走行を開始しました [シナリオ名: Banユーザログイン]
[ADMIN] 16:57:24.676333 シナリオ走行を終了しました [シナリオ名: ログイン]
[ADMIN] 16:57:24.676348 シナリオ走行を開始しました [シナリオ名: ログイン]
[ADMIN] 16:57:24.707220 シナリオ走行を終了しました [シナリオ名: ログイン]
[ADMIN] 16:57:24.707230 シナリオ走行を開始しました [シナリオ名: ログイン]
[ADMIN] 16:57:24.730020 シナリオ走行を終了しました [シナリオ名: Banユーザログイン]
[ADMIN] 16:57:24.730036 シナリオ走行を開始しました [シナリオ名: Banユーザログイン]
[ADMIN] 16:57:24.807950 シナリオ走行を終了しました [シナリオ名: Banユーザログイン]
[ADMIN] 16:57:24.807971 シナリオ走行を開始しました [シナリオ名: Banユーザログイン]
[ADMIN] 16:57:24.859059 シナリオ走行を終了しました [シナリオ名: Banユーザログイン]
[ADMIN] 16:57:24.859078 シナリオ走行を開始しました [シナリオ名: Banユーザログイン]
[ADMIN] 16:57:24.928943 シナリオ走行を終了しました [シナリオ名: Banユーザログイン]
[ADMIN] 16:57:24.928969 シナリオ走行を開始しました [シナリオ名: Banユーザログイン]
[ADMIN] 16:57:25.013823 シナリオ走行を終了しました [シナリオ名: Banユーザログイン]
[ADMIN] 16:57:25.013851 シナリオ走行を開始しました [シナリオ名: Banユーザログイン]
[ADMIN] 16:57:25.019873 シナリオ走行を終了しました [シナリオ名: Banユーザログイン]
[ADMIN] 16:57:25.019891 シナリオ走行を開始しました [シナリオ名: Banユーザログイン]
[ADMIN] 16:57:25.021752 シナリオ走行を終了しました [シナリオ名: Banユーザログイン]
[ADMIN] 16:57:25.021765 シナリオ走行を開始しました [シナリオ名: Banユーザログイン]
[ADMIN] 16:57:25.043553 シナリオ走行を終了しました [シナリオ名: Banユーザログイン]
[ADMIN] 16:57:25.043572 シナリオ走行を開始しました [シナリオ名: Banユーザログイン]
[ADMIN] 16:57:25.120243 シナリオ走行を終了しました [シナリオ名: Banユーザログイン]
[ADMIN] 16:57:25.120264 シナリオ走行を開始しました [シナリオ名: Banユーザログイン]
[ADMIN] 16:57:25.195836 シナリオ走行を終了しました [シナリオ名: Banユーザログイン]
[ADMIN] 16:57:25.195866 シナリオ走行を開始しました [シナリオ名: Banユーザログイン]
[ADMIN] 16:57:25.225135 シナリオ走行を終了しました [シナリオ名: Banユーザログイン]
[ADMIN] 16:57:25.225155 シナリオ走行を開始しました [シナリオ名: Banユーザログイン]
[ADMIN] 16:57:25.252252 シナリオ走行を終了しました [シナリオ名: Banユーザログイン]
[ADMIN] 16:57:25.252265 シナリオ走行を開始しました [シナリオ名: Banユーザログイン]
[ADMIN] 16:57:25.302147 シナリオ走行を終了しました [シナリオ名: ログイン]
[ADMIN] 16:57:25.302159 シナリオ走行を開始しました [シナリオ名: ログイン]
[ADMIN] 16:57:25.317458 シナリオ走行を終了しました [シナリオ名: Banユーザログイン]
[ADMIN] 16:57:25.317472 シナリオ走行を開始しました [シナリオ名: Banユーザログイン]
[ADMIN] 16:57:25.422906 シナリオ走行を終了しました [シナリオ名: ログイン]
[ADMIN] 16:57:25.422918 シナリオ走行を開始しました [シナリオ名: ログイン]
[ADMIN] 16:57:25.424406 シナリオ走行を終了しました [シナリオ名: Banユーザログイン]
[ADMIN] 16:57:25.424417 シナリオ走行を開始しました [シナリオ名: Banユーザログイン]
[ADMIN] 16:57:25.434815 シナリオ走行を終了しました [シナリオ名: ログイン]
[ADMIN] 16:57:25.434824 シナリオ走行を開始しました [シナリオ名: ログイン]
[ADMIN] 16:57:25.472166 シナリオ走行を終了しました [シナリオ名: ログイン]
[ADMIN] 16:57:25.472176 シナリオ走行を開始しました [シナリオ名: ログイン]
[ADMIN] 16:57:25.500501 シナリオ走行を終了しました [シナリオ名: Banユーザログイン]
[ADMIN] 16:57:25.500517 シナリオ走行を開始しました [シナリオ名: Banユーザログイン]
[ADMIN] 16:57:25.526997 シナリオ走行を終了しました [シナリオ名: ログイン]
[ADMIN] 16:57:25.527008 シナリオ走行を開始しました [シナリオ名: ログイン]
[ADMIN] 16:57:25.554690 シナリオ走行を終了しました [シナリオ名: ログイン]
[ADMIN] 16:57:25.554700 シナリオ走行を開始しました [シナリオ名: ログイン]
[ADMIN] 16:57:25.558381 シナリオ走行を終了しました [シナリオ名: ログイン]
[ADMIN] 16:57:25.558390 シナリオ走行を開始しました [シナリオ名: ログイン]
[ADMIN] 16:57:25.560055 シナリオ走行を終了しました [シナリオ名: Banユーザログイン]
[ADMIN] 16:57:25.560069 シナリオ走行を開始しました [シナリオ名: Banユーザログイン]
[ADMIN] 16:57:25.563080 シナリオ走行を終了しました [シナリオ名: ログイン]
[ADMIN] 16:57:25.563090 シナリオ走行を開始しました [シナリオ名: ログイン]
[ADMIN] 16:57:25.564897 シナリオ走行を終了しました [シナリオ名: Banユーザログイン]
[ADMIN] 16:57:25.564906 シナリオ走行を開始しました [シナリオ名: Banユーザログイン]
[ADMIN] 16:57:25.588749 シナリオ走行を終了しました [シナリオ名: Banユーザログイン]
[ADMIN] 16:57:25.588760 シナリオ走行を開始しました [シナリオ名: Banユーザログイン]
[ADMIN] 16:57:25.619119 シナリオ走行を終了しました [シナリオ名: ログイン]
[ADMIN] 16:57:25.619132 シナリオ走行を開始しました [シナリオ名: ログイン]
[ADMIN] 16:57:25.620166 シナリオ走行を終了しました [シナリオ名: ログイン]
[ADMIN] 16:57:25.620176 シナリオ走行を開始しました [シナリオ名: ログイン]
[ADMIN] 16:57:25.635114 シナリオ走行を終了しました [シナリオ名: Banユーザログイン]
[ADMIN] 16:57:25.635125 シナリオ走行を開始しました [シナリオ名: Banユーザログイン]
[ADMIN] 16:57:25.635458 シナリオ走行を終了しました [シナリオ名: ログイン]
[ADMIN] 16:57:25.635468 シナリオ走行を開始しました [シナリオ名: ログイン]
[ADMIN] 16:57:25.645243 シナリオ走行を終了しました [シナリオ名: Banユーザログイン]
[ADMIN] 16:57:25.645260 シナリオ走行を開始しました [シナリオ名: Banユーザログイン]
[ADMIN] 16:57:25.661887 シナリオ走行を終了しました [シナリオ名: ログイン]
[ADMIN] 16:57:25.661897 シナリオ走行を開始しました [シナリオ名: ログイン]
[ADMIN] 16:57:25.664212 シナリオ走行を終了しました [シナリオ名: ログイン]
[ADMIN] 16:57:25.664221 シナリオ走行を開始しました [シナリオ名: ログイン]
[ADMIN] 16:57:25.680650 シナリオ走行を終了しました [シナリオ名: Banユーザログイン]
[ADMIN] 16:57:25.680666 シナリオ走行を開始しました [シナリオ名: Banユーザログイン]
[ADMIN] 16:57:25.685393 シナリオ走行を終了しました [シナリオ名: ログイン]
[ADMIN] 16:57:25.685404 シナリオ走行を開始しました [シナリオ名: ログイン]
[ADMIN] 16:57:25.730725 シナリオ走行を終了しました [シナリオ名: ログイン]
[ADMIN] 16:57:25.730738 シナリオ走行を開始しました [シナリオ名: ログイン]
[ADMIN] 16:57:25.809153 シナリオ走行を終了しました [シナリオ名: Banユーザログイン]
[ADMIN] 16:57:25.809176 シナリオ走行を開始しました [シナリオ名: Banユーザログイン]
[ADMIN] 16:57:25.816680 シナリオ走行を終了しました [シナリオ名: ログイン]
[ADMIN] 16:57:25.816693 シナリオ走行を開始しました [シナリオ名: ログイン]
[ADMIN] 16:57:25.824801 シナリオ走行を終了しました [シナリオ名: ログイン]
[ADMIN] 16:57:25.824813 シナリオ走行を開始しました [シナリオ名: ログイン]
[ADMIN] 16:57:25.829960 シナリオ走行を終了しました [シナリオ名: ログイン]
[ADMIN] 16:57:25.829971 シナリオ走行を開始しました [シナリオ名: ログイン]
[ADMIN] 16:57:25.841126 シナリオ走行を終了しました [シナリオ名: Banユーザログイン]
[ADMIN] 16:57:25.841142 シナリオ走行を開始しました [シナリオ名: Banユーザログイン]
[ADMIN] 16:57:25.877594 シナリオ走行を終了しました [シナリオ名: ログイン]
[ADMIN] 16:57:25.877607 シナリオ走行を開始しました [シナリオ名: ログイン]
[ADMIN] 16:57:25.922422 シナリオ走行を終了しました [シナリオ名: Banユーザログイン]
[ADMIN] 16:57:25.922443 シナリオ走行を開始しました [シナリオ名: Banユーザログイン]
[ADMIN] 16:57:25.938513 シナリオ走行を終了しました [シナリオ名: ログイン]
[ADMIN] 16:57:25.938524 シナリオ走行を開始しました [シナリオ名: ログイン]
[ADMIN] 16:57:25.944021 シナリオ走行を終了しました [シナリオ名: Banユーザログイン]
[ADMIN] 16:57:25.944044 シナリオ走行を開始しました [シナリオ名: Banユーザログイン]
[ADMIN] 16:57:25.967771 シナリオ走行を終了しました [シナリオ名: ログイン]
[ADMIN] 16:57:25.967786 シナリオ走行を開始しました [シナリオ名: ログイン]
[ADMIN] 16:57:25.968213 シナリオ走行を終了しました [シナリオ名: ログイン]
[ADMIN] 16:57:25.968226 シナリオ走行を開始しました [シナリオ名: ログイン]
[ADMIN] 16:57:25.973222 シナリオ走行を終了しました [シナリオ名: ログイン]
[ADMIN] 16:57:25.973231 シナリオ走行を開始しました [シナリオ名: ログイン]
[ADMIN] 16:57:25.992684 シナリオ走行を終了しました [シナリオ名: ログイン]
[ADMIN] 16:57:25.992695 シナリオ走行を開始しました [シナリオ名: ログイン]
[ADMIN] 16:57:26.000239 シナリオ走行を終了しました [シナリオ名: Banユーザログイン]
[ADMIN] 16:57:26.000254 シナリオ走行を開始しました [シナリオ名: Banユーザログイン]
[ADMIN] 16:57:26.025655 シナリオ走行を終了しました [シナリオ名: ログイン]
[ADMIN] 16:57:26.025666 シナリオ走行を開始しました [シナリオ名: ログイン]
[ADMIN] 16:57:26.028736 シナリオ走行を終了しました [シナリオ名: ログイン]
[ADMIN] 16:57:26.028745 シナリオ走行を開始しました [シナリオ名: ログイン]
[ADMIN] 16:57:26.063991 シナリオ走行を終了しました [シナリオ名: ログイン]
[ADMIN] 16:57:26.064000 シナリオ走行を開始しました [シナリオ名: ログイン]
[ADMIN] 16:57:26.065177 シナリオ走行を終了しました [シナリオ名: ログイン]
[ADMIN] 16:57:26.065186 シナリオ走行を開始しました [シナリオ名: ログイン]
[ADMIN] 16:57:26.074910 シナリオ走行を終了しました [シナリオ名: ログイン]
[ADMIN] 16:57:26.074919 シナリオ走行を開始しました [シナリオ名: ログイン]
[ADMIN] 16:57:26.085045 シナリオ走行を終了しました [シナリオ名: ログイン]
[ADMIN] 16:57:26.085055 シナリオ走行を開始しました [シナリオ名: ログイン]
[ADMIN] 16:57:26.088745 シナリオ走行を終了しました [シナリオ名: ログイン]
[ADMIN] 16:57:26.088754 シナリオ走行を開始しました [シナリオ名: ログイン]
[ADMIN] 16:57:26.100529 シナリオ走行を終了しました [シナリオ名: 新規ユーザー登録]
[ADMIN] 16:57:26.100547 シナリオ走行を開始しました [シナリオ名: 新規ユーザー登録]
[ADMIN] 16:57:26.113442 シナリオ走行を終了しました [シナリオ名: Banユーザログイン]
[ADMIN] 16:57:26.113462 シナリオ走行を開始しました [シナリオ名: Banユーザログイン]
[ADMIN] 16:57:26.127591 シナリオ走行を終了しました [シナリオ名: Banユーザログイン]
[ADMIN] 16:57:26.127605 シナリオ走行を開始しました [シナリオ名: Banユーザログイン]
[ADMIN] 16:57:26.143001 シナリオ走行を終了しました [シナリオ名: Banユーザログイン]
[ADMIN] 16:57:26.143016 シナリオ走行を開始しました [シナリオ名: Banユーザログイン]
[ADMIN] 16:57:26.144390 シナリオ走行を終了しました [シナリオ名: ログイン]
[ADMIN] 16:57:26.144401 シナリオ走行を開始しました [シナリオ名: ログイン]
[ADMIN] 16:57:26.160128 シナリオ走行を終了しました [シナリオ名: ログイン]
[ADMIN] 16:57:26.160135 シナリオ走行を開始しました [シナリオ名: ログイン]
[ADMIN] 16:57:26.165107 シナリオ走行を終了しました [シナリオ名: 新規ユーザー登録]
[ADMIN] 16:57:26.165122 シナリオ走行を開始しました [シナリオ名: 新規ユーザー登録]
[ADMIN] 16:57:26.212577 シナリオ走行を終了しました [シナリオ名: ログイン]
[ADMIN] 16:57:26.212586 シナリオ走行を開始しました [シナリオ名: ログイン]
[ADMIN] 16:57:26.215000 シナリオ走行を終了しました [シナリオ名: ログイン]
[ADMIN] 16:57:26.215007 シナリオ走行を開始しました [シナリオ名: ログイン]
[ADMIN] 16:57:26.215355 シナリオ走行を終了しました [シナリオ名: Banユーザログイン]
[ADMIN] 16:57:26.215368 シナリオ走行を開始しました [シナリオ名: Banユーザログイン]
[ADMIN] 16:57:26.218360 シナリオ走行を終了しました [シナリオ名: ログイン]
[ADMIN] 16:57:26.218370 シナリオ走行を開始しました [シナリオ名: ログイン]
[ADMIN] 16:57:26.221834 シナリオ走行を終了しました [シナリオ名: ログイン]
[ADMIN] 16:57:26.221844 シナリオ走行を開始しました [シナリオ名: ログイン]
[ADMIN] 16:57:26.225390 シナリオ走行を終了しました [シナリオ名: ログイン]
[ADMIN] 16:57:26.225399 シナリオ走行を開始しました [シナリオ名: ログイン]
[ADMIN] 16:57:26.232976 シナリオ走行を終了しました [シナリオ名: Banユーザログイン]
[ADMIN] 16:57:26.232989 シナリオ走行を開始しました [シナリオ名: Banユーザログイン]
[ADMIN] 16:57:26.234659 シナリオ走行を終了しました [シナリオ名: 新規ユーザー登録]
[ADMIN] 16:57:26.234678 シナリオ走行を開始しました [シナリオ名: 新規ユーザー登録]
[ADMIN] 16:57:26.261308 シナリオ走行を終了しました [シナリオ名: ログイン]
[ADMIN] 16:57:26.261316 シナリオ走行を開始しました [シナリオ名: ログイン]
[ADMIN] 16:57:26.264749 シナリオ走行を終了しました [シナリオ名: Banユーザログイン]
[ADMIN] 16:57:26.264759 シナリオ走行を開始しました [シナリオ名: Banユーザログイン]
[ADMIN] 16:57:26.269367 シナリオ走行を終了しました [シナリオ名: ログイン]
[ADMIN] 16:57:26.269375 シナリオ走行を開始しました [シナリオ名: ログイン]
[ADMIN] 16:57:26.284399 シナリオ走行を終了しました [シナリオ名: ログイン]
[ADMIN] 16:57:26.284409 シナリオ走行を開始しました [シナリオ名: ログイン]
[ADMIN] 16:57:26.295947 シナリオ走行を終了しました [シナリオ名: 新規ユーザー登録]
[ADMIN] 16:57:26.295963 シナリオ走行を開始しました [シナリオ名: 新規ユーザー登録]
[ADMIN] 16:57:26.297329 シナリオ走行を終了しました [シナリオ名: ログイン]
[ADMIN] 16:57:26.297337 シナリオ走行を開始しました [シナリオ名: ログイン]
[ADMIN] 16:57:26.321535 シナリオ走行を終了しました [シナリオ名: ログイン]
[ADMIN] 16:57:26.321545 シナリオ走行を開始しました [シナリオ名: ログイン]
[ADMIN] 16:57:26.322581 シナリオ走行を終了しました [シナリオ名: ログイン]
[ADMIN] 16:57:26.322592 シナリオ走行を開始しました [シナリオ名: ログイン]
[ADMIN] 16:57:26.322633 シナリオ走行を終了しました [シナリオ名: ログイン]
[ADMIN] 16:57:26.322638 シナリオ走行を開始しました [シナリオ名: ログイン]
[ADMIN] 16:57:26.327523 シナリオ走行を終了しました [シナリオ名: 新規ユーザー登録]
[ADMIN] 16:57:26.327539 シナリオ走行を開始しました [シナリオ名: 新規ユーザー登録]
[ADMIN] 16:57:26.328542 シナリオ走行を終了しました [シナリオ名: 新規ユーザー登録]
[ADMIN] 16:57:26.328558 シナリオ走行を開始しました [シナリオ名: 新規ユーザー登録]
[ADMIN] 16:57:26.340395 シナリオ走行を終了しました [シナリオ名: ログイン]
[ADMIN] 16:57:26.340404 シナリオ走行を開始しました [シナリオ名: ログイン]
[ADMIN] 16:57:26.346210 シナリオ走行を終了しました [シナリオ名: ログイン]
[ADMIN] 16:57:26.346220 シナリオ走行を開始しました [シナリオ名: ログイン]
[ADMIN] 16:57:26.351390 シナリオ走行を終了しました [シナリオ名: ログイン]
[ADMIN] 16:57:26.351399 シナリオ走行を開始しました [シナリオ名: ログイン]
[ADMIN] 16:57:26.367596 シナリオ走行を終了しました [シナリオ名: 新規ユーザー登録]
[ADMIN] 16:57:26.367612 シナリオ走行を開始しました [シナリオ名: 新規ユーザー登録]
[ADMIN] 16:57:26.369241 シナリオ走行を終了しました [シナリオ名: ログイン]
[ADMIN] 16:57:26.369250 シナリオ走行を開始しました [シナリオ名: ログイン]
[ADMIN] 16:57:26.373042 シナリオ走行を終了しました [シナリオ名: 新規ユーザー登録]
[ADMIN] 16:57:26.373060 シナリオ走行を開始しました [シナリオ名: 新規ユーザー登録]
[ADMIN] 16:57:26.378514 シナリオ走行を終了しました [シナリオ名: Banユーザログイン]
[ADMIN] 16:57:26.378529 シナリオ走行を開始しました [シナリオ名: Banユーザログイン]
[ADMIN] 16:57:26.381365 シナリオ走行を終了しました [シナリオ名: ログイン]
[ADMIN] 16:57:26.381375 シナリオ走行を開始しました [シナリオ名: ログイン]
[ADMIN] 16:57:26.387397 シナリオ走行を終了しました [シナリオ名: ログイン]
[ADMIN] 16:57:26.387406 シナリオ走行を開始しました [シナリオ名: ログイン]
[ADMIN] 16:57:26.397271 シナリオ走行を終了しました [シナリオ名: Banユーザログイン]
[ADMIN] 16:57:26.397286 シナリオ走行を開始しました [シナリオ名: Banユーザログイン]
[ADMIN] 16:57:26.402889 シナリオ走行を終了しました [シナリオ名: 新規ユーザー登録]
[ADMIN] 16:57:26.402905 シナリオ走行を開始しました [シナリオ名: 新規ユーザー登録]
[ADMIN] 16:57:26.403577 シナリオ走行を終了しました [シナリオ名: 新規ユーザー登録]
[ADMIN] 16:57:26.403596 シナリオ走行を開始しました [シナリオ名: 新規ユーザー登録]
[ADMIN] 16:57:26.407080 シナリオ走行を終了しました [シナリオ名: ログイン]
[ADMIN] 16:57:26.407089 シナリオ走行を開始しました [シナリオ名: ログイン]
[ADMIN] 16:57:26.409893 シナリオ走行を終了しました [シナリオ名: ログイン]
[ADMIN] 16:57:26.409903 シナリオ走行を開始しました [シナリオ名: ログイン]
[ADMIN] 16:57:26.412892 シナリオ走行を終了しました [シナリオ名: ログイン]
[ADMIN] 16:57:26.412901 シナリオ走行を開始しました [シナリオ名: ログイン]
[ADMIN] 16:57:26.416600 シナリオ走行を終了しました [シナリオ名: 新規ユーザー登録]
[ADMIN] 16:57:26.416613 シナリオ走行を開始しました [シナリオ名: 新規ユーザー登録]
[ADMIN] 16:57:26.426684 シナリオ走行を終了しました [シナリオ名: Banユーザログイン]
[ADMIN] 16:57:26.426701 シナリオ走行を開始しました [シナリオ名: Banユーザログイン]
[ADMIN] 16:57:26.441144 シナリオ走行を終了しました [シナリオ名: 新規ユーザー登録]
[ADMIN] 16:57:26.441161 シナリオ走行を開始しました [シナリオ名: 新規ユーザー登録]
[ADMIN] 16:57:26.453579 シナリオ走行を終了しました [シナリオ名: 新規ユーザー登録]
[ADMIN] 16:57:26.453597 シナリオ走行を開始しました [シナリオ名: 新規ユーザー登録]
[ADMIN] 16:57:26.454275 シナリオ走行を終了しました [シナリオ名: 新規ユーザー登録]
[ADMIN] 16:57:26.454289 シナリオ走行を開始しました [シナリオ名: 新規ユーザー登録]
[ADMIN] 16:57:26.459150 シナリオ走行を終了しました [シナリオ名: 新規ユーザー登録]
[ADMIN] 16:57:26.459164 シナリオ走行を開始しました [シナリオ名: 新規ユーザー登録]
[ADMIN] 16:57:26.487516 シナリオ走行を終了しました [シナリオ名: 新規ユーザー登録]
[ADMIN] 16:57:26.487543 シナリオ走行を開始しました [シナリオ名: 新規ユーザー登録]
[ADMIN] 16:57:26.493274 シナリオ走行を終了しました [シナリオ名: ログイン]
[ADMIN] 16:57:26.493284 シナリオ走行を開始しました [シナリオ名: ログイン]
[ADMIN] 16:57:26.497030 シナリオ走行を終了しました [シナリオ名: ログイン]
[ADMIN] 16:57:26.497040 シナリオ走行を開始しました [シナリオ名: ログイン]
[ADMIN] 16:57:26.501848 シナリオ走行を終了しました [シナリオ名: ログイン]
[ADMIN] 16:57:26.501858 シナリオ走行を開始しました [シナリオ名: ログイン]
[ADMIN] 16:57:26.520665 シナリオ走行を終了しました [シナリオ名: ログイン]
[ADMIN] 16:57:26.520673 シナリオ走行を開始しました [シナリオ名: ログイン]
[ADMIN] 16:57:26.527869 シナリオ走行を終了しました [シナリオ名: 新規ユーザー登録]
[ADMIN] 16:57:26.527886 シナリオ走行を開始しました [シナリオ名: 新規ユーザー登録]
[ADMIN] 16:57:26.558119 シナリオ走行を終了しました [シナリオ名: Banユーザログイン]
[ADMIN] 16:57:26.558137 シナリオ走行を開始しました [シナリオ名: Banユーザログイン]
[ADMIN] 16:57:26.568463 シナリオ走行を終了しました [シナリオ名: Banユーザログイン]
[ADMIN] 16:57:26.568481 シナリオ走行を開始しました [シナリオ名: Banユーザログイン]
[ADMIN] 16:57:26.569753 シナリオ走行を終了しました [シナリオ名: 新規ユーザー登録]
[ADMIN] 16:57:26.569773 シナリオ走行を開始しました [シナリオ名: 新規ユーザー登録]
[ADMIN] 16:57:26.587894 シナリオ走行を終了しました [シナリオ名: Banユーザログイン]
[ADMIN] 16:57:26.587914 シナリオ走行を開始しました [シナリオ名: Banユーザログイン]
[ADMIN] 16:57:26.623393 シナリオ走行を終了しました [シナリオ名: ログイン]
[ADMIN] 16:57:26.623405 シナリオ走行を開始しました [シナリオ名: ログイン]
[ADMIN] 16:57:26.625169 シナリオ走行を終了しました [シナリオ名: 新規ユーザー登録]
[ADMIN] 16:57:26.625188 シナリオ走行を開始しました [シナリオ名: 新規ユーザー登録]
[ADMIN] 16:57:26.682079 シナリオ走行を終了しました [シナリオ名: 新規ユーザー登録]
[ADMIN] 16:57:26.682103 シナリオ走行を開始しました [シナリオ名: 新規ユーザー登録]
[ADMIN] 16:57:26.714252 シナリオ走行を終了しました [シナリオ名: 新規ユーザー登録]
[ADMIN] 16:57:26.714271 シナリオ走行を開始しました [シナリオ名: 新規ユーザー登録]
[ADMIN] 16:57:26.726867 シナリオ走行を終了しました [シナリオ名: Banユーザログイン]
[ADMIN] 16:57:26.726882 シナリオ走行を開始しました [シナリオ名: Banユーザログイン]
[ADMIN] 16:57:26.731450 シナリオ走行を終了しました [シナリオ名: Banユーザログイン]
[ADMIN] 16:57:26.731465 シナリオ走行を終了しました [シナリオ名: 新規ユーザー登録]
[ADMIN] 16:57:26.731466 シナリオ走行を開始しました [シナリオ名: Banユーザログイン]
[ADMIN] 16:57:26.731483 シナリオ走行を開始しました [シナリオ名: 新規ユーザー登録]
[ADMIN] 16:57:26.736430 シナリオ走行を終了しました [シナリオ名: 新規ユーザー登録]
[ADMIN] 16:57:26.736446 シナリオ走行を開始しました [シナリオ名: 新規ユーザー登録]
[ADMIN] 16:57:26.743899 シナリオ走行を終了しました [シナリオ名: 新規ユーザー登録]
[ADMIN] 16:57:26.743914 シナリオ走行を開始しました [シナリオ名: 新規ユーザー登録]
[ADMIN] 16:57:26.745263 シナリオ走行を終了しました [シナリオ名: Banユーザログイン]
[ADMIN] 16:57:26.745277 シナリオ走行を開始しました [シナリオ名: Banユーザログイン]
[ADMIN] 16:57:26.772948 シナリオ走行を終了しました [シナリオ名: 新規ユーザー登録]
[ADMIN] 16:57:26.772969 シナリオ走行を開始しました [シナリオ名: 新規ユーザー登録]
[ADMIN] 16:57:26.803800 シナリオ走行を終了しました [シナリオ名: ログイン]
[ADMIN] 16:57:26.803813 シナリオ走行を開始しました [シナリオ名: ログイン]
[ADMIN] 16:57:26.810147 シナリオ走行を終了しました [シナリオ名: 新規ユーザー登録]
[ADMIN] 16:57:26.810170 シナリオ走行を開始しました [シナリオ名: 新規ユーザー登録]
[ADMIN] 16:57:26.858637 シナリオ走行を終了しました [シナリオ名: Banユーザログイン]
[ADMIN] 16:57:26.858653 シナリオ走行を開始しました [シナリオ名: Banユーザログイン]
[ADMIN] 16:57:26.870775 シナリオ走行を終了しました [シナリオ名: Banユーザログイン]
[ADMIN] 16:57:26.870837 シナリオ走行を開始しました [シナリオ名: Banユーザログイン]
[ADMIN] 16:57:26.875173 シナリオ走行を終了しました [シナリオ名: Banユーザログイン]
[ADMIN] 16:57:26.875187 シナリオ走行を開始しました [シナリオ名: Banユーザログイン]
[ADMIN] 16:57:26.881606 シナリオ走行を終了しました [シナリオ名: ログイン]
[ADMIN] 16:57:26.881616 シナリオ走行を開始しました [シナリオ名: ログイン]
[ADMIN] 16:57:26.896677 シナリオ走行を終了しました [シナリオ名: 新規ユーザー登録]
[ADMIN] 16:57:26.896692 シナリオ走行を開始しました [シナリオ名: 新規ユーザー登録]
[ADMIN] 16:57:26.901185 シナリオ走行を終了しました [シナリオ名: 新規ユーザー登録]
[ADMIN] 16:57:26.901203 シナリオ走行を開始しました [シナリオ名: 新規ユーザー登録]
[ADMIN] 16:57:26.906978 シナリオ走行を終了しました [シナリオ名: 新規ユーザー登録]
[ADMIN] 16:57:26.906990 シナリオ走行を開始しました [シナリオ名: 新規ユーザー登録]
[ADMIN] 16:57:26.913950 シナリオ走行を終了しました [シナリオ名: 新規ユーザー登録]
[ADMIN] 16:57:26.913965 シナリオ走行を開始しました [シナリオ名: 新規ユーザー登録]
[ADMIN] 16:57:26.959150 シナリオ走行を終了しました [シナリオ名: ログイン]
[ADMIN] 16:57:26.959166 シナリオ走行を開始しました [シナリオ名: ログイン]
[ADMIN] 16:57:26.959186 シナリオ走行を終了しました [シナリオ名: ログイン]
[ADMIN] 16:57:26.959195 シナリオ走行を開始しました [シナリオ名: ログイン]
[ADMIN] 16:57:26.962604 シナリオ走行を終了しました [シナリオ名: ログイン]
[ADMIN] 16:57:26.962631 シナリオ走行を開始しました [シナリオ名: ログイン]
[ADMIN] 16:57:26.972071 シナリオ走行を終了しました [シナリオ名: ログイン]
[ADMIN] 16:57:26.972080 シナリオ走行を開始しました [シナリオ名: ログイン]
[ADMIN] 16:57:26.975342 シナリオ走行を終了しました [シナリオ名: Banユーザログイン]
[ADMIN] 16:57:26.975354 シナリオ走行を開始しました [シナリオ名: Banユーザログイン]
[ADMIN] 16:57:26.982567 シナリオ走行を終了しました [シナリオ名: Banユーザログイン]
[ADMIN] 16:57:26.982583 シナリオ走行を開始しました [シナリオ名: Banユーザログイン]
[ADMIN] 16:57:26.999037 シナリオ走行を終了しました [シナリオ名: ログイン]
[ADMIN] 16:57:26.999047 シナリオ走行を開始しました [シナリオ名: ログイン]
[ADMIN] 16:57:27.001775 シナリオ走行を終了しました [シナリオ名: 新規ユーザー登録]
[ADMIN] 16:57:27.001792 シナリオ走行を開始しました [シナリオ名: 新規ユーザー登録]
[ADMIN] 16:57:27.009643 シナリオ走行を終了しました [シナリオ名: 新規ユーザー登録]
[ADMIN] 16:57:27.009662 シナリオ走行を開始しました [シナリオ名: 新規ユーザー登録]
[ADMIN] 16:57:27.015563 シナリオ走行を終了しました [シナリオ名: ログイン]
[ADMIN] 16:57:27.015573 シナリオ走行を開始しました [シナリオ名: ログイン]
[ADMIN] 16:57:27.043951 シナリオ走行を終了しました [シナリオ名: ログイン]
[ADMIN] 16:57:27.043961 シナリオ走行を開始しました [シナリオ名: ログイン]
[ADMIN] 16:57:27.045588 シナリオ走行を終了しました [シナリオ名: ログイン]
[ADMIN] 16:57:27.045598 シナリオ走行を開始しました [シナリオ名: ログイン]
[ADMIN] 16:57:27.053684 シナリオ走行を終了しました [シナリオ名: 新規ユーザー登録]
[ADMIN] 16:57:27.053699 シナリオ走行を開始しました [シナリオ名: 新規ユーザー登録]
[ADMIN] 16:57:27.056681 シナリオ走行を終了しました [シナリオ名: 新規ユーザー登録]
[ADMIN] 16:57:27.056697 シナリオ走行を開始しました [シナリオ名: 新規ユーザー登録]
[ADMIN] 16:57:27.057591 シナリオ走行を終了しました [シナリオ名: 新規ユーザー登録]
[ADMIN] 16:57:27.057604 シナリオ走行を開始しました [シナリオ名: 新規ユーザー登録]
[ADMIN] 16:57:27.058735 シナリオ走行を終了しました [シナリオ名: 新規ユーザー登録]
[ADMIN] 16:57:27.058750 シナリオ走行を開始しました [シナリオ名: 新規ユーザー登録]
[ADMIN] 16:57:27.064772 シナリオ走行を終了しました [シナリオ名: 新規ユーザー登録]
[ADMIN] 16:57:27.064786 シナリオ走行を開始しました [シナリオ名: 新規ユーザー登録]
[ADMIN] 16:57:27.065363 シナリオ走行を終了しました [シナリオ名: Banユーザログイン]
[ADMIN] 16:57:27.065376 シナリオ走行を開始しました [シナリオ名: Banユーザログイン]
[ADMIN] 16:57:27.110518 シナリオ走行を終了しました [シナリオ名: ログイン]
[ADMIN] 16:57:27.110532 シナリオ走行を開始しました [シナリオ名: ログイン]
[ADMIN] 16:57:27.113535 シナリオ走行を終了しました [シナリオ名: 新規ユーザー登録]
[ADMIN] 16:57:27.113549 シナリオ走行を開始しました [シナリオ名: 新規ユーザー登録]
[ADMIN] 16:57:27.173982 シナリオ走行を終了しました [シナリオ名: Banユーザログイン]
[ADMIN] 16:57:27.174000 シナリオ走行を開始しました [シナリオ名: Banユーザログイン]
[ADMIN] 16:57:27.176747 シナリオ走行を終了しました [シナリオ名: 新規ユーザー登録]
[ADMIN] 16:57:27.176769 シナリオ走行を開始しました [シナリオ名: 新規ユーザー登録]
[ADMIN] 16:57:27.198316 シナリオ走行を終了しました [シナリオ名: 新規ユーザー登録]
[ADMIN] 16:57:27.198337 シナリオ走行を開始しました [シナリオ名: 新規ユーザー登録]
[ADMIN] 16:57:27.203434 シナリオ走行を終了しました [シナリオ名: Banユーザログイン]
[ADMIN] 16:57:27.203450 シナリオ走行を開始しました [シナリオ名: Banユーザログイン]
[ADMIN] 16:57:27.220894 シナリオ走行を終了しました [シナリオ名: ログイン]
[ADMIN] 16:57:27.220909 シナリオ走行を開始しました [シナリオ名: ログイン]
[ADMIN] 16:57:27.230039 シナリオ走行を終了しました [シナリオ名: 新規ユーザー登録]
[ADMIN] 16:57:27.230059 シナリオ走行を開始しました [シナリオ名: 新規ユーザー登録]
[ADMIN] 16:57:27.246353 シナリオ走行を終了しました [シナリオ名: 新規ユーザー登録]
[ADMIN] 16:57:27.246376 シナリオ走行を開始しました [シナリオ名: 新規ユーザー登録]
[ADMIN] 16:57:27.292895 シナリオ走行を終了しました [シナリオ名: Banユーザログイン]
[ADMIN] 16:57:27.292917 シナリオ走行を開始しました [シナリオ名: Banユーザログイン]
[ADMIN] 16:57:27.313628 シナリオ走行を終了しました [シナリオ名: Banユーザログイン]
[ADMIN] 16:57:27.313646 シナリオ走行を開始しました [シナリオ名: Banユーザログイン]
[ADMIN] 16:57:27.313728 シナリオ走行を終了しました [シナリオ名: 新規ユーザー登録]
[ADMIN] 16:57:27.313756 シナリオ走行を開始しました [シナリオ名: 新規ユーザー登録]
[ADMIN] 16:57:27.341043 シナリオ走行を終了しました [シナリオ名: Banユーザログイン]
[ADMIN] 16:57:27.341061 シナリオ走行を開始しました [シナリオ名: Banユーザログイン]
[ADMIN] 16:57:27.396871 シナリオ走行を終了しました [シナリオ名: ログイン]
[ADMIN] 16:57:27.396887 シナリオ走行を開始しました [シナリオ名: ログイン]
[ADMIN] 16:57:27.405825 シナリオ走行を終了しました [シナリオ名: Banユーザログイン]
[ADMIN] 16:57:27.405841 シナリオ走行を開始しました [シナリオ名: Banユーザログイン]
[ADMIN] 16:57:27.413002 シナリオ走行を終了しました [シナリオ名: 新規ユーザー登録]
[ADMIN] 16:57:27.413022 シナリオ走行を開始しました [シナリオ名: 新規ユーザー登録]
[ADMIN] 16:57:27.422271 シナリオ走行を終了しました [シナリオ名: Banユーザログイン]
[ADMIN] 16:57:27.422283 シナリオ走行を開始しました [シナリオ名: Banユーザログイン]
[ADMIN] 16:57:27.478747 シナリオ走行を終了しました [シナリオ名: 新規ユーザー登録]
[ADMIN] 16:57:27.478773 シナリオ走行を開始しました [シナリオ名: 新規ユーザー登録]
[ADMIN] 16:57:27.497966 シナリオ走行を終了しました [シナリオ名: Banユーザログイン]
[ADMIN] 16:57:27.497984 シナリオ走行を開始しました [シナリオ名: Banユーザログイン]
[ADMIN] 16:57:27.511007 シナリオ走行を終了しました [シナリオ名: 新規ユーザー登録]
[ADMIN] 16:57:27.511027 シナリオ走行を開始しました [シナリオ名: 新規ユーザー登録]
[ADMIN] 16:57:27.534874 シナリオ走行を終了しました [シナリオ名: 新規ユーザー登録]
[ADMIN] 16:57:27.534899 シナリオ走行を開始しました [シナリオ名: 新規ユーザー登録]
[ADMIN] 16:57:27.544213 シナリオ走行を終了しました [シナリオ名: 新規ユーザー登録]
[ADMIN] 16:57:27.544233 シナリオ走行を開始しました [シナリオ名: 新規ユーザー登録]
[ADMIN] 16:57:27.568523 シナリオ走行を終了しました [シナリオ名: Banユーザログイン]
[ADMIN] 16:57:27.568539 シナリオ走行を開始しました [シナリオ名: Banユーザログイン]
[ADMIN] 16:57:27.596857 シナリオ走行を終了しました [シナリオ名: Banユーザログイン]
[ADMIN] 16:57:27.596869 シナリオ走行を開始しました [シナリオ名: Banユーザログイン]
[ADMIN] 16:57:27.610356 シナリオ走行を終了しました [シナリオ名: 新規ユーザー登録]
[ADMIN] 16:57:27.610375 シナリオ走行を開始しました [シナリオ名: 新規ユーザー登録]
[ADMIN] 16:57:27.619255 シナリオ走行を終了しました [シナリオ名: 新規ユーザー登録]
[ADMIN] 16:57:27.619272 シナリオ走行を開始しました [シナリオ名: 新規ユーザー登録]
[ADMIN] 16:57:27.625215 シナリオ走行を終了しました [シナリオ名: 新規ユーザー登録]
[ADMIN] 16:57:27.625229 シナリオ走行を開始しました [シナリオ名: 新規ユーザー登録]
[ADMIN] 16:57:27.640090 シナリオ走行を終了しました [シナリオ名: ログイン]
[ADMIN] 16:57:27.640101 シナリオ走行を開始しました [シナリオ名: ログイン]
[ADMIN] 16:57:27.664792 シナリオ走行を終了しました [シナリオ名: 新規ユーザー登録]
[ADMIN] 16:57:27.664812 シナリオ走行を開始しました [シナリオ名: 新規ユーザー登録]
[ADMIN] 16:57:27.665094 シナリオ走行を終了しました [シナリオ名: Banユーザログイン]
[ADMIN] 16:57:27.665109 シナリオ走行を開始しました [シナリオ名: Banユーザログイン]
[ADMIN] 16:57:27.695387 シナリオ走行を終了しました [シナリオ名: ログイン]
[ADMIN] 16:57:27.695395 シナリオ走行を開始しました [シナリオ名: ログイン]
[ADMIN] 16:57:27.700058 シナリオ走行を終了しました [シナリオ名: Banユーザログイン]
[ADMIN] 16:57:27.700069 シナリオ走行を開始しました [シナリオ名: Banユーザログイン]
[ADMIN] 16:57:27.709524 シナリオ走行を終了しました [シナリオ名: ログイン]
[ADMIN] 16:57:27.709534 シナリオ走行を開始しました [シナリオ名: ログイン]
[ADMIN] 16:57:27.709658 シナリオ走行を終了しました [シナリオ名: 新規ユーザー登録]
[ADMIN] 16:57:27.709682 シナリオ走行を開始しました [シナリオ名: 新規ユーザー登録]
[ADMIN] 16:57:27.790316 シナリオ走行を終了しました [シナリオ名: Banユーザログイン]
[ADMIN] 16:57:27.790330 シナリオ走行を開始しました [シナリオ名: Banユーザログイン]
[ADMIN] 16:57:27.847469 シナリオ走行を終了しました [シナリオ名: ログイン]
[ADMIN] 16:57:27.847480 シナリオ走行を開始しました [シナリオ名: ログイン]
[ADMIN] 16:57:27.852984 シナリオ走行を終了しました [シナリオ名: Banユーザログイン]
[ADMIN] 16:57:27.852998 シナリオ走行を開始しました [シナリオ名: Banユーザログイン]
[ADMIN] 16:57:27.861442 シナリオ走行を終了しました [シナリオ名: Banユーザログイン]
[ADMIN] 16:57:27.861456 シナリオ走行を開始しました [シナリオ名: Banユーザログイン]
[ADMIN] 16:57:27.873040 シナリオ走行を終了しました [シナリオ名: Banユーザログイン]
[ADMIN] 16:57:27.873055 シナリオ走行を開始しました [シナリオ名: Banユーザログイン]
[ADMIN] 16:57:27.891049 シナリオ走行を終了しました [シナリオ名: ログイン]
[ADMIN] 16:57:27.891057 シナリオ走行を開始しました [シナリオ名: ログイン]
[ADMIN] 16:57:27.898339 シナリオ走行を終了しました [シナリオ名: Banユーザログイン]
[ADMIN] 16:57:27.898352 シナリオ走行を開始しました [シナリオ名: Banユーザログイン]
[ADMIN] 16:57:27.911026 シナリオ走行を終了しました [シナリオ名: ログイン]
[ADMIN] 16:57:27.911037 シナリオ走行を開始しました [シナリオ名: ログイン]
[ADMIN] 16:57:27.956602 シナリオ走行を終了しました [シナリオ名: ログイン]
[ADMIN] 16:57:27.956615 シナリオ走行を開始しました [シナリオ名: ログイン]
[ADMIN] 16:57:27.971712 シナリオ走行を終了しました [シナリオ名: Banユーザログイン]
[ADMIN] 16:57:27.971745 シナリオ走行を開始しました [シナリオ名: Banユーザログイン]
[ADMIN] 16:57:27.984511 シナリオ走行を終了しました [シナリオ名: Banユーザログイン]
[ADMIN] 16:57:27.984526 シナリオ走行を開始しました [シナリオ名: Banユーザログイン]
[ADMIN] 16:57:28.094239 シナリオ走行を終了しました [シナリオ名: ログイン]
[ADMIN] 16:57:28.094253 シナリオ走行を開始しました [シナリオ名: ログイン]
[ADMIN] 16:57:28.146080 シナリオ走行を終了しました [シナリオ名: Banユーザログイン]
[ADMIN] 16:57:28.146098 シナリオ走行を開始しました [シナリオ名: Banユーザログイン]
[ADMIN] 16:57:28.150997 シナリオ走行を終了しました [シナリオ名: ログイン]
[ADMIN] 16:57:28.151008 シナリオ走行を開始しました [シナリオ名: ログイン]
[ADMIN] 16:57:28.159460 シナリオ走行を終了しました [シナリオ名: ログイン]
[ADMIN] 16:57:28.159472 シナリオ走行を開始しました [シナリオ名: ログイン]
[ADMIN] 16:57:28.160700 シナリオ走行を終了しました [シナリオ名: ログイン]
[ADMIN] 16:57:28.160709 シナリオ走行を開始しました [シナリオ名: ログイン]
[ADMIN] 16:57:28.193690 シナリオ走行を終了しました [シナリオ名: Banユーザログイン]
[ADMIN] 16:57:28.193707 シナリオ走行を開始しました [シナリオ名: Banユーザログイン]
[ADMIN] 16:57:28.195357 シナリオ走行を終了しました [シナリオ名: ログイン]
[ADMIN] 16:57:28.195367 シナリオ走行を開始しました [シナリオ名: ログイン]
[ADMIN] 16:57:28.211303 シナリオ走行を終了しました [シナリオ名: ログイン]
[ADMIN] 16:57:28.211315 シナリオ走行を開始しました [シナリオ名: ログイン]
[ADMIN] 16:57:28.249506 シナリオ走行を終了しました [シナリオ名: ログイン]
[ADMIN] 16:57:28.249518 シナリオ走行を開始しました [シナリオ名: ログイン]
[ADMIN] 16:57:28.285854 シナリオ走行を終了しました [シナリオ名: ログイン]
[ADMIN] 16:57:28.285873 シナリオ走行を開始しました [シナリオ名: ログイン]
[ADMIN] 16:57:28.294941 シナリオ走行を終了しました [シナリオ名: Banユーザログイン]
[ADMIN] 16:57:28.294962 シナリオ走行を開始しました [シナリオ名: Banユーザログイン]
[ADMIN] 16:57:28.306595 シナリオ走行を終了しました [シナリオ名: ログイン]
[ADMIN] 16:57:28.306608 シナリオ走行を開始しました [シナリオ名: ログイン]
[ADMIN] 16:57:28.310733 シナリオ走行を終了しました [シナリオ名: ログイン]
[ADMIN] 16:57:28.310745 シナリオ走行を開始しました [シナリオ名: ログイン]
[ADMIN] 16:57:28.350917 シナリオ走行を終了しました [シナリオ名: ログイン]
[ADMIN] 16:57:28.350930 シナリオ走行を開始しました [シナリオ名: ログイン]
[ADMIN] 16:57:28.386712 シナリオ走行を終了しました [シナリオ名: ログイン]
[ADMIN] 16:57:28.386726 シナリオ走行を開始しました [シナリオ名: ログイン]
[ADMIN] 16:57:28.393986 シナリオ走行を終了しました [シナリオ名: Banユーザログイン]
[ADMIN] 16:57:28.394002 シナリオ走行を開始しました [シナリオ名: Banユーザログイン]
[ADMIN] 16:57:28.422147 シナリオ走行を終了しました [シナリオ名: Banユーザログイン]
[ADMIN] 16:57:28.422161 シナリオ走行を開始しました [シナリオ名: Banユーザログイン]
[ADMIN] 16:57:28.429709 シナリオ走行を終了しました [シナリオ名: Banユーザログイン]
[ADMIN] 16:57:28.429722 シナリオ走行を開始しました [シナリオ名: Banユーザログイン]
[ADMIN] 16:57:28.432004 シナリオ走行を終了しました [シナリオ名: ログイン]
[ADMIN] 16:57:28.432016 シナリオ走行を開始しました [シナリオ名: ログイン]
[ADMIN] 16:57:28.441488 シナリオ走行を終了しました [シナリオ名: ログイン]
[ADMIN] 16:57:28.441497 シナリオ走行を開始しました [シナリオ名: ログイン]
[ADMIN] 16:57:28.456442 シナリオ走行を終了しました [シナリオ名: Banユーザログイン]
[ADMIN] 16:57:28.456457 シナリオ走行を開始しました [シナリオ名: Banユーザログイン]
[ADMIN] 16:57:28.488529 シナリオ走行を終了しました [シナリオ名: Banユーザログイン]
[ADMIN] 16:57:28.488545 シナリオ走行を開始しました [シナリオ名: Banユーザログイン]
[ADMIN] 16:57:28.496230 シナリオ走行を終了しました [シナリオ名: Banユーザログイン]
[ADMIN] 16:57:28.496244 シナリオ走行を開始しました [シナリオ名: Banユーザログイン]
[ADMIN] 16:57:28.518845 シナリオ走行を終了しました [シナリオ名: ログイン]
[ADMIN] 16:57:28.518854 シナリオ走行を開始しました [シナリオ名: ログイン]
[ADMIN] 16:57:28.555427 シナリオ走行を終了しました [シナリオ名: Banユーザログイン]
[ADMIN] 16:57:28.555444 シナリオ走行を開始しました [シナリオ名: Banユーザログイン]
[ADMIN] 16:57:28.563918 シナリオ走行を終了しました [シナリオ名: ログイン]
[ADMIN] 16:57:28.563930 シナリオ走行を開始しました [シナリオ名: ログイン]
[ADMIN] 16:57:28.577998 シナリオ走行を終了しました [シナリオ名: ログイン]
[ADMIN] 16:57:28.578006 シナリオ走行を開始しました [シナリオ名: ログイン]
[ADMIN] 16:57:28.608608 シナリオ走行を終了しました [シナリオ名: ログイン]
[ADMIN] 16:57:28.608621 シナリオ走行を開始しました [シナリオ名: ログイン]
[ADMIN] 16:57:28.646188 シナリオ走行を終了しました [シナリオ名: ログイン]
[ADMIN] 16:57:28.646200 シナリオ走行を開始しました [シナリオ名: ログイン]
[ADMIN] 16:57:28.671176 シナリオ走行を終了しました [シナリオ名: ログイン]
[ADMIN] 16:57:28.671188 シナリオ走行を開始しました [シナリオ名: ログイン]
[ADMIN] 16:57:28.711790 シナリオ走行を終了しました [シナリオ名: ログイン]
[ADMIN] 16:57:28.711800 シナリオ走行を開始しました [シナリオ名: ログイン]
[ADMIN] 16:57:28.727134 シナリオ走行を終了しました [シナリオ名: Banユーザログイン]
[ADMIN] 16:57:28.727148 シナリオ走行を開始しました [シナリオ名: Banユーザログイン]
[ADMIN] 16:57:28.740563 シナリオ走行を終了しました [シナリオ名: ログイン]
[ADMIN] 16:57:28.740573 シナリオ走行を開始しました [シナリオ名: ログイン]
[ADMIN] 16:57:28.740671 シナリオ走行を終了しました [シナリオ名: ログイン]
[ADMIN] 16:57:28.740686 シナリオ走行を開始しました [シナリオ名: ログイン]
[ADMIN] 16:57:28.760953 シナリオ走行を終了しました [シナリオ名: ログイン]
[ADMIN] 16:57:28.760963 シナリオ走行を開始しました [シナリオ名: ログイン]
[ADMIN] 16:57:28.779991 シナリオ走行を終了しました [シナリオ名: ログイン]
[ADMIN] 16:57:28.780002 シナリオ走行を開始しました [シナリオ名: ログイン]
[ADMIN] 16:57:28.786229 シナリオ走行を終了しました [シナリオ名: Banユーザログイン]
[ADMIN] 16:57:28.786244 シナリオ走行を開始しました [シナリオ名: Banユーザログイン]
[ADMIN] 16:57:28.786597 シナリオ走行を終了しました [シナリオ名: ログイン]
[ADMIN] 16:57:28.786628 シナリオ走行を開始しました [シナリオ名: ログイン]
[ADMIN] 16:57:28.790157 シナリオ走行を終了しました [シナリオ名: ログイン]
[ADMIN] 16:57:28.790167 シナリオ走行を開始しました [シナリオ名: ログイン]
[ADMIN] 16:57:28.808881 シナリオ走行を終了しました [シナリオ名: Banユーザログイン]
[ADMIN] 16:57:28.808902 シナリオ走行を開始しました [シナリオ名: Banユーザログイン]
[ADMIN] 16:57:28.822882 シナリオ走行を終了しました [シナリオ名: ログイン]
[ADMIN] 16:57:28.822894 シナリオ走行を開始しました [シナリオ名: ログイン]
[ADMIN] 16:57:28.828157 シナリオ走行を終了しました [シナリオ名: Banユーザログイン]
[ADMIN] 16:57:28.828169 シナリオ走行を開始しました [シナリオ名: Banユーザログイン]
[ADMIN] 16:57:28.841446 シナリオ走行を終了しました [シナリオ名: ログイン]
[ADMIN] 16:57:28.841457 シナリオ走行を開始しました [シナリオ名: ログイン]
[ADMIN] 16:57:28.847132 シナリオ走行を終了しました [シナリオ名: ログイン]
[ADMIN] 16:57:28.847142 シナリオ走行を開始しました [シナリオ名: ログイン]
[ADMIN] 16:57:28.880893 シナリオ走行を終了しました [シナリオ名: ログイン]
[ADMIN] 16:57:28.880902 シナリオ走行を開始しました [シナリオ名: ログイン]
[ADMIN] 16:57:28.881223 シナリオ走行を終了しました [シナリオ名: ログイン]
[ADMIN] 16:57:28.881240 シナリオ走行を開始しました [シナリオ名: ログイン]
[ADMIN] 16:57:28.881532 シナリオ走行を終了しました [シナリオ名: ログイン]
[ADMIN] 16:57:28.881541 シナリオ走行を開始しました [シナリオ名: ログイン]
[ADMIN] 16:57:28.886639 シナリオ走行を終了しました [シナリオ名: Banユーザログイン]
[ADMIN] 16:57:28.886654 シナリオ走行を開始しました [シナリオ名: Banユーザログイン]
[ADMIN] 16:57:28.911908 シナリオ走行を終了しました [シナリオ名: ログイン]
[ADMIN] 16:57:28.911915 シナリオ走行を開始しました [シナリオ名: ログイン]
[ADMIN] 16:57:28.924423 シナリオ走行を終了しました [シナリオ名: ログイン]
[ADMIN] 16:57:28.924433 シナリオ走行を開始しました [シナリオ名: ログイン]
[ADMIN] 16:57:28.983053 シナリオ走行を終了しました [シナリオ名: ログイン]
[ADMIN] 16:57:28.983070 シナリオ走行を開始しました [シナリオ名: ログイン]
[ADMIN] 16:57:28.989307 シナリオ走行を終了しました [シナリオ名: ログイン]
[ADMIN] 16:57:28.989318 シナリオ走行を開始しました [シナリオ名: ログイン]
[ADMIN] 16:57:29.037144 シナリオ走行を終了しました [シナリオ名: ログイン]
[ADMIN] 16:57:29.037159 シナリオ走行を開始しました [シナリオ名: ログイン]
[ADMIN] 16:57:29.059038 シナリオ走行を終了しました [シナリオ名: Banユーザログイン]
[ADMIN] 16:57:29.059060 シナリオ走行を開始しました [シナリオ名: Banユーザログイン]
[ADMIN] 16:57:29.073695 シナリオ走行を終了しました [シナリオ名: Banユーザログイン]
[ADMIN] 16:57:29.073722 シナリオ走行を開始しました [シナリオ名: Banユーザログイン]
[ADMIN] 16:57:29.082846 シナリオ走行を終了しました [シナリオ名: ログイン]
[ADMIN] 16:57:29.082858 シナリオ走行を開始しました [シナリオ名: ログイン]
[ADMIN] 16:57:29.089439 シナリオ走行を終了しました [シナリオ名: Banユーザログイン]
[ADMIN] 16:57:29.089455 シナリオ走行を開始しました [シナリオ名: Banユーザログイン]
[ADMIN] 16:57:29.096123 シナリオ走行を終了しました [シナリオ名: ログイン]
[ADMIN] 16:57:29.096133 シナリオ走行を開始しました [シナリオ名: ログイン]
[ADMIN] 16:57:29.113815 シナリオ走行を終了しました [シナリオ名: Banユーザログイン]
[ADMIN] 16:57:29.113827 シナリオ走行を開始しました [シナリオ名: Banユーザログイン]
[ADMIN] 16:57:29.146840 シナリオ走行を終了しました [シナリオ名: ログイン]
[ADMIN] 16:57:29.146851 シナリオ走行を開始しました [シナリオ名: ログイン]
[ADMIN] 16:57:29.163040 シナリオ走行を終了しました [シナリオ名: Banユーザログイン]
[ADMIN] 16:57:29.163056 シナリオ走行を開始しました [シナリオ名: Banユーザログイン]
[ADMIN] 16:57:29.176306 シナリオ走行を終了しました [シナリオ名: Banユーザログイン]
[ADMIN] 16:57:29.176321 シナリオ走行を開始しました [シナリオ名: Banユーザログイン]
[ADMIN] 16:57:29.187268 シナリオ走行を終了しました [シナリオ名: ログイン]
[ADMIN] 16:57:29.187279 シナリオ走行を開始しました [シナリオ名: ログイン]
[ADMIN] 16:57:29.209505 シナリオ走行を終了しました [シナリオ名: ログイン]
[ADMIN] 16:57:29.209513 シナリオ走行を開始しました [シナリオ名: ログイン]
[ADMIN] 16:57:29.221181 シナリオ走行を終了しました [シナリオ名: Banユーザログイン]
[ADMIN] 16:57:29.221194 シナリオ走行を開始しました [シナリオ名: Banユーザログイン]
[ADMIN] 16:57:29.238842 シナリオ走行を終了しました [シナリオ名: ログイン]
[ADMIN] 16:57:29.238852 シナリオ走行を開始しました [シナリオ名: ログイン]
[ADMIN] 16:57:29.276441 シナリオ走行を終了しました [シナリオ名: ログイン]
[ADMIN] 16:57:29.276450 シナリオ走行を開始しました [シナリオ名: ログイン]
[ADMIN] 16:57:29.281450 シナリオ走行を終了しました [シナリオ名: ログイン]
[ADMIN] 16:57:29.281460 シナリオ走行を開始しました [シナリオ名: ログイン]
[ADMIN] 16:57:29.310005 シナリオ走行を終了しました [シナリオ名: ログイン]
[ADMIN] 16:57:29.310015 シナリオ走行を開始しました [シナリオ名: ログイン]
[ADMIN] 16:57:29.320756 シナリオ走行を終了しました [シナリオ名: ログイン]
[ADMIN] 16:57:29.320766 シナリオ走行を開始しました [シナリオ名: ログイン]
[ADMIN] 16:57:29.333782 シナリオ走行を終了しました [シナリオ名: Banユーザログイン]
[ADMIN] 16:57:29.333795 シナリオ走行を開始しました [シナリオ名: Banユーザログイン]
[ADMIN] 16:57:29.335970 シナリオ走行を終了しました [シナリオ名: ログイン]
[ADMIN] 16:57:29.335980 シナリオ走行を開始しました [シナリオ名: ログイン]
[ADMIN] 16:57:29.365413 シナリオ走行を終了しました [シナリオ名: Banユーザログイン]
[ADMIN] 16:57:29.365428 シナリオ走行を開始しました [シナリオ名: Banユーザログイン]
[ADMIN] 16:57:29.371238 シナリオ走行を終了しました [シナリオ名: Banユーザログイン]
[ADMIN] 16:57:29.371252 シナリオ走行を開始しました [シナリオ名: Banユーザログイン]
[ADMIN] 16:57:29.387837 シナリオ走行を終了しました [シナリオ名: ログイン]
[ADMIN] 16:57:29.387847 シナリオ走行を開始しました [シナリオ名: ログイン]
[ADMIN] 16:57:29.396944 シナリオ走行を終了しました [シナリオ名: ログイン]
[ADMIN] 16:57:29.396951 シナリオ走行を開始しました [シナリオ名: ログイン]
[ADMIN] 16:57:29.401588 シナリオ走行を終了しました [シナリオ名: ログイン]
[ADMIN] 16:57:29.401599 シナリオ走行を開始しました [シナリオ名: ログイン]
[ADMIN] 16:57:29.452461 シナリオ走行を終了しました [シナリオ名: Banユーザログイン]
[ADMIN] 16:57:29.452478 シナリオ走行を開始しました [シナリオ名: Banユーザログイン]
[ADMIN] 16:57:29.459894 シナリオ走行を終了しました [シナリオ名: ログイン]
[ADMIN] 16:57:29.459904 シナリオ走行を開始しました [シナリオ名: ログイン]
[ADMIN] 16:57:29.485514 シナリオ走行を終了しました [シナリオ名: Banユーザログイン]
[ADMIN] 16:57:29.485525 シナリオ走行を開始しました [シナリオ名: Banユーザログイン]
[ADMIN] 16:57:29.509454 シナリオ走行を終了しました [シナリオ名: ログイン]
[ADMIN] 16:57:29.509466 シナリオ走行を開始しました [シナリオ名: ログイン]
[ADMIN] 16:57:29.539116 シナリオ走行を終了しました [シナリオ名: ログイン]
[ADMIN] 16:57:29.539126 シナリオ走行を開始しました [シナリオ名: ログイン]
[ADMIN] 16:57:29.649486 シナリオ走行を終了しました [シナリオ名: ログイン]
[ADMIN] 16:57:29.649502 シナリオ走行を開始しました [シナリオ名: ログイン]
[ADMIN] 16:57:29.663396 シナリオ走行を終了しました [シナリオ名: ログイン]
[ADMIN] 16:57:29.663410 シナリオ走行を開始しました [シナリオ名: ログイン]
16:57:29.668325 現在のログイン成功数: [total: 7254 (+2048人)]
16:57:29.668330 現在のユーザー登録成功数: [total: 2805 (+768人)]
16:57:29.668635 負荷走行がすべて終了しました
[ADMIN] 16:57:29.668457 シナリオ走行を終了しました [シナリオ名: Banユーザログイン]
[ADMIN] 16:57:29.668612 シナリオ走行を終了しました [シナリオ名: 新規ユーザー登録]
[ADMIN] 16:57:29.668625 シナリオ走行を終了しました [シナリオ名: ログイン]
[ADMIN] 16:57:29.668637 負荷走行がすべて終了しました
[ADMIN] 16:57:29.668792 シナリオ走行を終了しました [シナリオ名: ログイン]
[ADMIN] 16:57:29.668861 シナリオ走行を終了しました [シナリオ名: 新規ユーザー登録]
[ADMIN] 16:57:29.668869 シナリオ走行を終了しました [シナリオ名: ログイン]
[ADMIN] 16:57:29.668965 シナリオ走行を終了しました [シナリオ名: ログイン]
[ADMIN] 16:57:29.669052 シナリオ走行を終了しました [シナリオ名: ログイン]
[ADMIN] 16:57:29.669055 シナリオ走行を終了しました [シナリオ名: 新規ユーザー登録]
[ADMIN] 16:57:29.669125 シナリオ走行を終了しました [シナリオ名: 新規ユーザー登録]
[ADMIN] 16:57:29.669137 シナリオ走行を終了しました [シナリオ名: Banユーザログイン]
[ADMIN] 16:57:29.669224 シナリオ走行を終了しました [シナリオ名: ログイン]
[ADMIN] 16:57:29.669314 シナリオ走行を終了しました [シナリオ名: ログイン]
[ADMIN] 16:57:29.669371 シナリオ走行を終了しました [シナリオ名: Banユーザログイン]
[ADMIN] 16:57:29.669403 シナリオ走行を終了しました [シナリオ名: Banユーザログイン]
[ADMIN] 16:57:29.669434 シナリオ走行を終了しました [シナリオ名: Banユーザログイン]
[ADMIN] 16:57:29.669462 シナリオ走行を終了しました [シナリオ名: Banユーザログイン]
[ADMIN] 16:57:29.669494 シナリオ走行を終了しました [シナリオ名: Banユーザログイン]
[ADMIN] 16:57:29.669500 シナリオ走行を終了しました [シナリオ名: Banユーザログイン]
[ADMIN] 16:57:29.669516 シナリオ走行を終了しました [シナリオ名: ログイン]
[ADMIN] 16:57:29.669616 シナリオ走行を終了しました [シナリオ名: Banユーザログイン]
[ADMIN] 16:57:29.669668 シナリオ走行を終了しました [シナリオ名: ログイン]
[ADMIN] 16:57:29.669700 シナリオ走行を終了しました [シナリオ名: Banユーザログイン]
[ADMIN] 16:57:29.669764 シナリオ走行を終了しました [シナリオ名: Banユーザログイン]
[ADMIN] 16:57:29.669830 シナリオ走行を終了しました [シナリオ名: ログイン]
[ADMIN] 16:57:29.669902 シナリオ走行を終了しました [シナリオ名: ログイン]
[ADMIN] 16:57:29.669993 シナリオ走行を終了しました [シナリオ名: Banユーザログイン]
[ADMIN] 16:57:29.670132 シナリオ走行を終了しました [シナリオ名: 新規ユーザー登録]
[ADMIN] 16:57:29.670162 シナリオ走行を終了しました [シナリオ名: ログイン]
[ADMIN] 16:57:29.670238 シナリオ走行を終了しました [シナリオ名: ログイン]
[ADMIN] 16:57:29.670280 シナリオ走行を終了しました [シナリオ名: 新規ユーザー登録]
[ADMIN] 16:57:29.670339 シナリオ走行を終了しました [シナリオ名: ログイン]
[ADMIN] 16:57:29.670377 シナリオ走行を終了しました [シナリオ名: ログイン]
[ADMIN] 16:57:29.670405 シナリオ走行を終了しました [シナリオ名: ログイン]
[ADMIN] 16:57:29.670427 シナリオ走行を終了しました [シナリオ名: 新規ユーザー登録]
[ADMIN] 16:57:29.670530 シナリオ走行を終了しました [シナリオ名: ログイン]
[ADMIN] 16:57:29.670581 シナリオ走行を終了しました [シナリオ名: 新規ユーザー登録]
[ADMIN] 16:57:29.670588 シナリオ走行を終了しました [シナリオ名: ログイン]
[ADMIN] 16:57:29.670752 シナリオ走行を終了しました [シナリオ名: 新規ユーザー登録]
[ADMIN] 16:57:29.670792 シナリオ走行を終了しました [シナリオ名: ログイン]
[ADMIN] 16:57:29.670857 シナリオ走行を終了しました [シナリオ名: ログイン]
[ADMIN] 16:57:29.670866 シナリオ走行を終了しました [シナリオ名: ログイン]
[ADMIN] 16:57:29.670934 シナリオ走行を終了しました [シナリオ名: 新規ユーザー登録]
[ADMIN] 16:57:29.671020 シナリオ走行を終了しました [シナリオ名: 新規ユーザー登録]
[ADMIN] 16:57:29.671097 シナリオ走行を終了しました [シナリオ名: 新規ユーザー登録]
[ADMIN] 16:57:29.671098 シナリオ走行を終了しました [シナリオ名: 新規ユーザー登録]
[ADMIN] 16:57:29.671164 シナリオ走行を終了しました [シナリオ名: 新規ユーザー登録]
[ADMIN] 16:57:29.671167 シナリオ走行を終了しました [シナリオ名: ログイン]
[ADMIN] 16:57:29.671172 シナリオ走行を終了しました [シナリオ名: ログイン]
[ADMIN] 16:57:29.671307 シナリオ走行を終了しました [シナリオ名: 新規ユーザー登録]
[ADMIN] 16:57:29.671318 シナリオ走行を終了しました [シナリオ名: ログイン]
[ADMIN] 16:57:29.671340 シナリオ走行を終了しました [シナリオ名: ログイン]
[ADMIN] 16:57:29.671390 シナリオ走行を終了しました [シナリオ名: 新規ユーザー登録]
[ADMIN] 16:57:29.671466 シナリオ走行を終了しました [シナリオ名: 新規ユーザー登録]
[ADMIN] 16:57:29.671466 シナリオ走行を終了しました [シナリオ名: ログイン]
[ADMIN] 16:57:29.671492 シナリオ走行を終了しました [シナリオ名: ログイン]
[ADMIN] 16:57:29.671510 シナリオ走行を終了しました [シナリオ名: ログイン]
[ADMIN] 16:57:29.671570 シナリオ走行を終了しました [シナリオ名: 新規ユーザー登録]
[ADMIN] 16:57:29.671716 シナリオ走行を終了しました [シナリオ名: ログイン]
[ADMIN] 16:57:29.671753 シナリオ走行を終了しました [シナリオ名: ログイン]
[ADMIN] 16:57:29.671835 シナリオ走行を終了しました [シナリオ名: ログイン]
[ADMIN] 16:57:29.671881 シナリオ走行を終了しました [シナリオ名: 新規ユーザー登録]
[ADMIN] 16:57:29.671963 シナリオ走行を終了しました [シナリオ名: 新規ユーザー登録]
[ADMIN] 16:57:29.672005 シナリオ走行を終了しました [シナリオ名: ログイン]
[ADMIN] 16:57:29.672008 シナリオ走行を終了しました [シナリオ名: 新規ユーザー登録]
[ADMIN] 16:57:29.672106 シナリオ走行を終了しました [シナリオ名: ログイン]
[ADMIN] 16:57:29.672159 シナリオ走行を終了しました [シナリオ名: ログイン]
[ADMIN] 16:57:29.672189 シナリオ走行を終了しました [シナリオ名: ログイン]
[ADMIN] 16:57:29.672214 シナリオ走行を終了しました [シナリオ名: ログイン]
[ADMIN] 16:57:29.672166 シナリオ走行を終了しました [シナリオ名: 新規ユーザー登録]
[ADMIN] 16:57:29.672283 シナリオ走行を終了しました [シナリオ名: 新規ユーザー登録]
[ADMIN] 16:57:29.672314 シナリオ走行を終了しました [シナリオ名: 新規ユーザー登録]
[ADMIN] 16:57:29.672364 シナリオ走行を終了しました [シナリオ名: 新規ユーザー登録]
[ADMIN] 16:57:29.672367 シナリオ走行を終了しました [シナリオ名: 新規ユーザー登録]
[ADMIN] 16:57:29.672472 シナリオ走行を終了しました [シナリオ名: ログイン]
[ADMIN] 16:57:29.672504 シナリオ走行を終了しました [シナリオ名: 新規ユーザー登録]
[ADMIN] 16:57:29.672495 シナリオ走行を終了しました [シナリオ名: ログイン]
[ADMIN] 16:57:29.672539 シナリオ走行を終了しました [シナリオ名: 新規ユーザー登録]
[ADMIN] 16:57:29.672575 シナリオ走行を終了しました [シナリオ名: 新規ユーザー登録]
[ADMIN] 16:57:29.672669 シナリオ走行を終了しました [シナリオ名: 新規ユーザー登録]
[ADMIN] 16:57:29.672705 シナリオ走行を終了しました [シナリオ名: 新規ユーザー登録]
[ADMIN] 16:57:29.672761 シナリオ走行を終了しました [シナリオ名: ログイン]
[ADMIN] 16:57:29.672782 シナリオ走行を終了しました [シナリオ名: ログイン]
[ADMIN] 16:57:29.672886 シナリオ走行を終了しました [シナリオ名: 新規ユーザー登録]
[ADMIN] 16:57:29.672922 シナリオ走行を終了しました [シナリオ名: 新規ユーザー登録]
[ADMIN] 16:57:29.672935 シナリオ走行を終了しました [シナリオ名: 新規ユーザー登録]
[ADMIN] 16:57:29.673006 シナリオ走行を終了しました [シナリオ名: ログイン]
[ADMIN] 16:57:29.673008 シナリオ走行を終了しました [シナリオ名: ログイン]
[ADMIN] 16:57:29.673053 シナリオ走行を終了しました [シナリオ名: 新規ユーザー登録]
[ADMIN] 16:57:29.673139 シナリオ走行を終了しました [シナリオ名: 新規ユーザー登録]
[ADMIN] 16:57:29.673231 シナリオ走行を終了しました [シナリオ名: ログイン]
[ADMIN] 16:57:29.673235 シナリオ走行を終了しました [シナリオ名: 新規ユーザー登録]
[ADMIN] 16:57:29.673364 シナリオ走行を終了しました [シナリオ名: ログイン]
[ADMIN] 16:57:29.673398 シナリオ走行を終了しました [シナリオ名: 新規ユーザー登録]
[ADMIN] 16:57:29.673472 シナリオ走行を終了しました [シナリオ名: ログイン]
[ADMIN] 16:57:29.673489 シナリオ走行を終了しました [シナリオ名: 新規ユーザー登録]
[ADMIN] 16:57:29.673563 シナリオ走行を終了しました [シナリオ名: 新規ユーザー登録]
[ADMIN] 16:57:29.673647 シナリオ走行を終了しました [シナリオ名: ログイン]
[ADMIN] 16:57:29.673655 シナリオ走行を終了しました [シナリオ名: ログイン]
[ADMIN] 16:57:29.673715 シナリオ走行を終了しました [シナリオ名: 新規ユーザー登録]
[ADMIN] 16:57:29.673833 シナリオ走行を終了しました [シナリオ名: ログイン]
[ADMIN] 16:57:29.673860 シナリオ走行を終了しました [シナリオ名: 新規ユーザー登録]
[ADMIN] 16:57:29.673842 シナリオ走行を終了しました [シナリオ名: 新規ユーザー登録]
[ADMIN] 16:57:29.673892 シナリオ走行を終了しました [シナリオ名: ログイン]
[ADMIN] 16:57:29.673923 シナリオ走行を終了しました [シナリオ名: ログイン]
[ADMIN] 16:57:29.674009 シナリオ走行を終了しました [シナリオ名: ログイン]
[ADMIN] 16:57:29.674046 シナリオ走行を終了しました [シナリオ名: ログイン]
[ADMIN] 16:57:29.674087 シナリオ走行を終了しました [シナリオ名: 新規ユーザー登録]
[ADMIN] 16:57:29.674129 シナリオ走行を終了しました [シナリオ名: 新規ユーザー登録]
[ADMIN] 16:57:29.674158 シナリオ走行を終了しました [シナリオ名: 新規ユーザー登録]
[ADMIN] 16:57:29.674194 シナリオ走行を終了しました [シナリオ名: ログイン]
[ADMIN] 16:57:29.674264 シナリオ走行を終了しました [シナリオ名: 新規ユーザー登録]
[ADMIN] 16:57:29.674290 シナリオ走行を終了しました [シナリオ名: ログイン]
[ADMIN] 16:57:29.674294 シナリオ走行を終了しました [シナリオ名: ログイン]
[ADMIN] 16:57:29.674344 シナリオ走行を終了しました [シナリオ名: ログイン]
[ADMIN] 16:57:29.674371 シナリオ走行を終了しました [シナリオ名: ログイン]
[ADMIN] 16:57:29.674419 シナリオ走行を終了しました [シナリオ名: ログイン]
[ADMIN] 16:57:29.674427 シナリオ走行を終了しました [シナリオ名: 新規ユーザー登録]
[ADMIN] 16:57:29.674489 シナリオ走行を終了しました [シナリオ名: 新規ユーザー登録]
[ADMIN] 16:57:29.674527 シナリオ走行を終了しました [シナリオ名: ログイン]
[ADMIN] 16:57:29.674569 シナリオ走行を終了しました [シナリオ名: ログイン]
[ADMIN] 16:57:29.674696 シナリオ走行を終了しました [シナリオ名: ログイン]
[ADMIN] 16:57:29.674711 シナリオ走行を終了しました [シナリオ名: 新規ユーザー登録]
[ADMIN] 16:57:29.674759 シナリオ走行を終了しました [シナリオ名: ログイン]
[ADMIN] 16:57:29.674774 シナリオ走行を終了しました [シナリオ名: 新規ユーザー登録]
[ADMIN] 16:57:29.674788 シナリオ走行を終了しました [シナリオ名: 新規ユーザー登録]
[ADMIN] 16:57:29.674883 シナリオ走行を終了しました [シナリオ名: ログイン]
[ADMIN] 16:57:29.674916 シナリオ走行を終了しました [シナリオ名: 新規ユーザー登録]
[ADMIN] 16:57:29.675035 シナリオ走行を終了しました [シナリオ名: ログイン]
[ADMIN] 16:57:29.675057 シナリオ走行を終了しました [シナリオ名: ログイン]
[ADMIN] 16:57:29.675072 シナリオ走行を終了しました [シナリオ名: ログイン]
[ADMIN] 16:57:29.675126 シナリオ走行を終了しました [シナリオ名: ログイン]
[ADMIN] 16:57:29.675174 シナリオ走行を終了しました [シナリオ名: ログイン]
[ADMIN] 16:57:29.675234 シナリオ走行を終了しました [シナリオ名: ログイン]
[ADMIN] 16:57:29.675309 シナリオ走行を終了しました [シナリオ名: ログイン]
[ADMIN] 16:57:29.675327 シナリオ走行を終了しました [シナリオ名: ログイン]
[ADMIN] 16:57:29.675379 シナリオ走行を終了しました [シナリオ名: ログイン]
[ADMIN] 16:57:29.675406 シナリオ走行を終了しました [シナリオ名: ログイン]
16:57:32.677567 [PASSED]: true
16:57:32.677578 [SCORE] 41617 (addition: 41617, deduction: 0)
[ADMIN] 16:57:32.677597 [SCORE] map[GET /user/:userId/gacha/index:2727 GET /user/:userId/home:2803 GET /user/:userId/item:713 GET /user/:userId/present/index/:n:3517 POST /login:2048 POST /login(ban):580 POST /user:768 POST /user/:userId/card:710 POST /user/:userId/card/addexp/:cardId:711 POST /user/:userId/gacha/draw/:gachaId:2704 POST /user/:userId/present/receive:3474 POST /user/:userId/reward:2018]

SCORE: 41617
BENCHMARK_PASS
2026-09-24T16:57:32.942090594Z	BENCHMARK_END
