2026-09-24T17:18:07.337001326Z	BENCHMARK_START
[ADMIN] 17:18:07.764158 benchmarker --target-host=172.31.45.101 --request-timeout=10s --initialize-request-timeout=1m0s --exit-error-on-fail=true --stage=prod --max-parallelism=100 --prepare-only=false
17:18:40.704460 [ValidationScenario] 整合性チェックを開始します
[ADMIN] 17:18:40.704449 [LANGUAGE] go
17:18:41.099708 整合性チェック Request:POST /login (日跨ぎ前）
17:18:41.128303 整合性チェック Request:POST /login (日跨ぎ後）
17:18:41.137774 整合性チェック Request:POST /admin/login 失敗の場合
17:18:41.207560 整合性チェック Request:POST /admin/login
17:18:41.276751 整合性チェック Request:GET /admin/user/{userID}
17:18:41.289364 整合性チェック Request:POST /login 失敗の場合
17:18:41.291236 整合性チェック Request:POST /user
17:18:41.302416 整合性チェック Request:POST /login
17:18:41.310061 整合性チェック Request:GET /user/{userId}/home セッション無効の場合
17:18:41.311718 整合性チェック Request:GET /user/{userId}/home
17:18:41.314996 整合性チェック Request:GET /user/{userId}/home 他人のホーム表示の場合
17:18:41.316748 整合性チェック Request:POST /user/{userId}/reward
17:18:41.319476 整合性チェック Request:POST /user/{userId}/card
17:18:41.324728 整合性チェック Request:GET /user/{userId}/item
17:18:41.328313 整合性チェック Request:POST /user/{userId}/addexp/{cardId}
17:18:41.335317 整合性チェック Request:GET /user/{userId}/present/index/:n
17:18:41.339655 整合性チェック Request:POST /user/{userId}/present/receive
17:18:41.356715 整合性チェック Request:GET /user/{userId}/gacha/index
17:18:41.363065 整合性チェック Request:POST /user/{userId}/gacha/draw/{gachaID}/10
17:18:41.372239 整合性チェック Request:GET /admin/master
17:18:41.383529 整合性チェック Request:POST /admin/user/{userID}/ban
17:18:41.384773 整合性チェック Request:POST /login Banの場合
17:18:41.386123 [ValidationScenario] 整合性チェックを終了します
17:18:41.386129 整合性チェックに成功しました！
17:18:41.386130 初期化処理が成功しました！
17:18:41.386139 アプリケーションへの負荷走行を開始します
[ADMIN] 17:18:41.386196 シナリオ走行を開始しました [シナリオ名: 新規ユーザー登録]
[ADMIN] 17:18:41.386205 シナリオ走行を開始しました [シナリオ名: Banユーザログイン]
[ADMIN] 17:18:41.386223 シナリオ走行を開始しました [シナリオ名: ログイン]
[ADMIN] 17:18:41.422147 シナリオ走行を終了しました [シナリオ名: ログイン]
[ADMIN] 17:18:41.422159 シナリオ走行を開始しました [シナリオ名: ログイン]
[ADMIN] 17:18:41.444221 シナリオ走行を終了しました [シナリオ名: 新規ユーザー登録]
[ADMIN] 17:18:41.444245 シナリオ走行を開始しました [シナリオ名: 新規ユーザー登録]
[ADMIN] 17:18:41.473597 シナリオ走行を終了しました [シナリオ名: ログイン]
[ADMIN] 17:18:41.473611 シナリオ走行を開始しました [シナリオ名: ログイン]
[ADMIN] 17:18:41.503006 シナリオ走行を終了しました [シナリオ名: 新規ユーザー登録]
[ADMIN] 17:18:41.503029 シナリオ走行を開始しました [シナリオ名: 新規ユーザー登録]
[ADMIN] 17:18:41.520267 シナリオ走行を終了しました [シナリオ名: ログイン]
[ADMIN] 17:18:41.520280 シナリオ走行を開始しました [シナリオ名: ログイン]
[ADMIN] 17:18:41.579239 シナリオ走行を終了しました [シナリオ名: ログイン]
[ADMIN] 17:18:41.579254 シナリオ走行を開始しました [シナリオ名: ログイン]
[ADMIN] 17:18:41.600020 シナリオ走行を終了しました [シナリオ名: 新規ユーザー登録]
[ADMIN] 17:18:41.600048 シナリオ走行を開始しました [シナリオ名: 新規ユーザー登録]
[ADMIN] 17:18:41.634686 シナリオ走行を終了しました [シナリオ名: ログイン]
[ADMIN] 17:18:41.634699 シナリオ走行を開始しました [シナリオ名: ログイン]
[ADMIN] 17:18:41.661071 シナリオ走行を終了しました [シナリオ名: 新規ユーザー登録]
[ADMIN] 17:18:41.661095 シナリオ走行を開始しました [シナリオ名: 新規ユーザー登録]
[ADMIN] 17:18:41.673524 シナリオ走行を終了しました [シナリオ名: ログイン]
[ADMIN] 17:18:41.673535 シナリオ走行を開始しました [シナリオ名: ログイン]
[ADMIN] 17:18:41.725176 シナリオ走行を終了しました [シナリオ名: 新規ユーザー登録]
[ADMIN] 17:18:41.725202 シナリオ走行を開始しました [シナリオ名: 新規ユーザー登録]
[ADMIN] 17:18:41.727596 シナリオ走行を終了しました [シナリオ名: ログイン]
[ADMIN] 17:18:41.727607 シナリオ走行を開始しました [シナリオ名: ログイン]
[ADMIN] 17:18:41.767457 シナリオ走行を終了しました [シナリオ名: ログイン]
[ADMIN] 17:18:41.767472 シナリオ走行を開始しました [シナリオ名: ログイン]
[ADMIN] 17:18:41.790447 シナリオ走行を終了しました [シナリオ名: 新規ユーザー登録]
[ADMIN] 17:18:41.790471 シナリオ走行を開始しました [シナリオ名: 新規ユーザー登録]
[ADMIN] 17:18:41.801981 シナリオ走行を終了しました [シナリオ名: ログイン]
[ADMIN] 17:18:41.801994 シナリオ走行を開始しました [シナリオ名: ログイン]
[ADMIN] 17:18:41.851057 シナリオ走行を終了しました [シナリオ名: ログイン]
[ADMIN] 17:18:41.851072 シナリオ走行を開始しました [シナリオ名: ログイン]
[ADMIN] 17:18:41.858949 シナリオ走行を終了しました [シナリオ名: 新規ユーザー登録]
[ADMIN] 17:18:41.858969 シナリオ走行を開始しました [シナリオ名: 新規ユーザー登録]
[ADMIN] 17:18:41.890080 シナリオ走行を終了しました [シナリオ名: Banユーザログイン]
[ADMIN] 17:18:41.890099 シナリオ走行を開始しました [シナリオ名: Banユーザログイン]
[ADMIN] 17:18:41.890147 シナリオ走行を終了しました [シナリオ名: ログイン]
[ADMIN] 17:18:41.890156 シナリオ走行を開始しました [シナリオ名: ログイン]
[ADMIN] 17:18:41.913520 シナリオ走行を終了しました [シナリオ名: 新規ユーザー登録]
[ADMIN] 17:18:41.913543 シナリオ走行を開始しました [シナリオ名: 新規ユーザー登録]
[ADMIN] 17:18:41.920400 シナリオ走行を終了しました [シナリオ名: ログイン]
[ADMIN] 17:18:41.920409 シナリオ走行を開始しました [シナリオ名: ログイン]
[ADMIN] 17:18:41.962438 シナリオ走行を終了しました [シナリオ名: ログイン]
[ADMIN] 17:18:41.962454 シナリオ走行を開始しました [シナリオ名: ログイン]
[ADMIN] 17:18:41.975709 シナリオ走行を終了しました [シナリオ名: 新規ユーザー登録]
[ADMIN] 17:18:41.975739 シナリオ走行を開始しました [シナリオ名: 新規ユーザー登録]
[ADMIN] 17:18:42.003926 シナリオ走行を終了しました [シナリオ名: ログイン]
[ADMIN] 17:18:42.003943 シナリオ走行を開始しました [シナリオ名: ログイン]
[ADMIN] 17:18:42.029286 シナリオ走行を終了しました [シナリオ名: 新規ユーザー登録]
[ADMIN] 17:18:42.029311 シナリオ走行を開始しました [シナリオ名: 新規ユーザー登録]
[ADMIN] 17:18:42.043807 シナリオ走行を終了しました [シナリオ名: ログイン]
[ADMIN] 17:18:42.043819 シナリオ走行を開始しました [シナリオ名: ログイン]
[ADMIN] 17:18:42.071048 シナリオ走行を終了しました [シナリオ名: 新規ユーザー登録]
[ADMIN] 17:18:42.071076 シナリオ走行を開始しました [シナリオ名: 新規ユーザー登録]
[ADMIN] 17:18:42.086483 シナリオ走行を終了しました [シナリオ名: ログイン]
[ADMIN] 17:18:42.086497 シナリオ走行を開始しました [シナリオ名: ログイン]
[ADMIN] 17:18:42.110323 シナリオ走行を終了しました [シナリオ名: 新規ユーザー登録]
[ADMIN] 17:18:42.110352 シナリオ走行を開始しました [シナリオ名: 新規ユーザー登録]
[ADMIN] 17:18:42.116186 シナリオ走行を終了しました [シナリオ名: ログイン]
[ADMIN] 17:18:42.116199 シナリオ走行を開始しました [シナリオ名: ログイン]
[ADMIN] 17:18:42.140609 シナリオ走行を終了しました [シナリオ名: ログイン]
[ADMIN] 17:18:42.140624 シナリオ走行を開始しました [シナリオ名: ログイン]
[ADMIN] 17:18:42.147605 シナリオ走行を終了しました [シナリオ名: 新規ユーザー登録]
[ADMIN] 17:18:42.147624 シナリオ走行を開始しました [シナリオ名: 新規ユーザー登録]
[ADMIN] 17:18:42.167479 シナリオ走行を終了しました [シナリオ名: ログイン]
[ADMIN] 17:18:42.167493 シナリオ走行を開始しました [シナリオ名: ログイン]
[ADMIN] 17:18:42.185441 シナリオ走行を終了しました [シナリオ名: 新規ユーザー登録]
[ADMIN] 17:18:42.185464 シナリオ走行を開始しました [シナリオ名: 新規ユーザー登録]
[ADMIN] 17:18:42.192862 シナリオ走行を終了しました [シナリオ名: ログイン]
[ADMIN] 17:18:42.192872 シナリオ走行を開始しました [シナリオ名: ログイン]
[ADMIN] 17:18:42.220142 シナリオ走行を終了しました [シナリオ名: ログイン]
[ADMIN] 17:18:42.220156 シナリオ走行を開始しました [シナリオ名: ログイン]
[ADMIN] 17:18:42.222987 シナリオ走行を終了しました [シナリオ名: 新規ユーザー登録]
[ADMIN] 17:18:42.223014 シナリオ走行を開始しました [シナリオ名: 新規ユーザー登録]
[ADMIN] 17:18:42.245418 シナリオ走行を終了しました [シナリオ名: ログイン]
[ADMIN] 17:18:42.245433 シナリオ走行を開始しました [シナリオ名: ログイン]
[ADMIN] 17:18:42.260648 シナリオ走行を終了しました [シナリオ名: 新規ユーザー登録]
[ADMIN] 17:18:42.260670 シナリオ走行を開始しました [シナリオ名: 新規ユーザー登録]
[ADMIN] 17:18:42.268332 シナリオ走行を終了しました [シナリオ名: ログイン]
[ADMIN] 17:18:42.268343 シナリオ走行を開始しました [シナリオ名: ログイン]
[ADMIN] 17:18:42.293503 シナリオ走行を終了しました [シナリオ名: ログイン]
[ADMIN] 17:18:42.293514 シナリオ走行を開始しました [シナリオ名: ログイン]
[ADMIN] 17:18:42.299503 シナリオ走行を終了しました [シナリオ名: 新規ユーザー登録]
[ADMIN] 17:18:42.299520 シナリオ走行を開始しました [シナリオ名: 新規ユーザー登録]
[ADMIN] 17:18:42.317528 シナリオ走行を終了しました [シナリオ名: ログイン]
[ADMIN] 17:18:42.317539 シナリオ走行を開始しました [シナリオ名: ログイン]
[ADMIN] 17:18:42.337354 シナリオ走行を終了しました [シナリオ名: 新規ユーザー登録]
[ADMIN] 17:18:42.337379 シナリオ走行を開始しました [シナリオ名: 新規ユーザー登録]
[ADMIN] 17:18:42.339533 シナリオ走行を終了しました [シナリオ名: ログイン]
[ADMIN] 17:18:42.339541 シナリオ走行を開始しました [シナリオ名: ログイン]
[ADMIN] 17:18:42.362747 シナリオ走行を終了しました [シナリオ名: ログイン]
[ADMIN] 17:18:42.362761 シナリオ走行を開始しました [シナリオ名: ログイン]
[ADMIN] 17:18:42.375467 シナリオ走行を終了しました [シナリオ名: 新規ユーザー登録]
[ADMIN] 17:18:42.375490 シナリオ走行を開始しました [シナリオ名: 新規ユーザー登録]
[ADMIN] 17:18:42.387336 シナリオ走行を終了しました [シナリオ名: ログイン]
[ADMIN] 17:18:42.387348 シナリオ走行を開始しました [シナリオ名: ログイン]
[ADMIN] 17:18:42.397525 シナリオ走行を終了しました [シナリオ名: Banユーザログイン]
[ADMIN] 17:18:42.397536 シナリオ走行を開始しました [シナリオ名: Banユーザログイン]
[ADMIN] 17:18:42.411889 シナリオ走行を終了しました [シナリオ名: 新規ユーザー登録]
[ADMIN] 17:18:42.411905 シナリオ走行を開始しました [シナリオ名: 新規ユーザー登録]
[ADMIN] 17:18:42.417189 シナリオ走行を終了しました [シナリオ名: ログイン]
[ADMIN] 17:18:42.417199 シナリオ走行を開始しました [シナリオ名: ログイン]
[ADMIN] 17:18:42.443045 シナリオ走行を終了しました [シナリオ名: ログイン]
[ADMIN] 17:18:42.443054 シナリオ走行を開始しました [シナリオ名: ログイン]
[ADMIN] 17:18:42.451994 シナリオ走行を終了しました [シナリオ名: 新規ユーザー登録]
[ADMIN] 17:18:42.452013 シナリオ走行を開始しました [シナリオ名: 新規ユーザー登録]
[ADMIN] 17:18:42.467358 シナリオ走行を終了しました [シナリオ名: ログイン]
[ADMIN] 17:18:42.467369 シナリオ走行を開始しました [シナリオ名: ログイン]
[ADMIN] 17:18:42.488994 シナリオ走行を終了しました [シナリオ名: 新規ユーザー登録]
[ADMIN] 17:18:42.489011 シナリオ走行を開始しました [シナリオ名: 新規ユーザー登録]
[ADMIN] 17:18:42.490123 シナリオ走行を終了しました [シナリオ名: ログイン]
[ADMIN] 17:18:42.490132 シナリオ走行を開始しました [シナリオ名: ログイン]
[ADMIN] 17:18:42.537446 シナリオ走行を終了しました [シナリオ名: ログイン]
[ADMIN] 17:18:42.537459 シナリオ走行を開始しました [シナリオ名: ログイン]
[ADMIN] 17:18:42.538488 シナリオ走行を終了しました [シナリオ名: 新規ユーザー登録]
[ADMIN] 17:18:42.538513 シナリオ走行を開始しました [シナリオ名: 新規ユーザー登録]
[ADMIN] 17:18:42.567940 シナリオ走行を終了しました [シナリオ名: ログイン]
[ADMIN] 17:18:42.567955 シナリオ走行を開始しました [シナリオ名: ログイン]
[ADMIN] 17:18:42.586034 シナリオ走行を終了しました [シナリオ名: 新規ユーザー登録]
[ADMIN] 17:18:42.586058 シナリオ走行を開始しました [シナリオ名: 新規ユーザー登録]
[ADMIN] 17:18:42.596902 シナリオ走行を終了しました [シナリオ名: ログイン]
[ADMIN] 17:18:42.596912 シナリオ走行を開始しました [シナリオ名: ログイン]
[ADMIN] 17:18:42.626804 シナリオ走行を終了しました [シナリオ名: ログイン]
[ADMIN] 17:18:42.626816 シナリオ走行を開始しました [シナリオ名: ログイン]
[ADMIN] 17:18:42.627993 シナリオ走行を終了しました [シナリオ名: 新規ユーザー登録]
[ADMIN] 17:18:42.628009 シナリオ走行を開始しました [シナリオ名: 新規ユーザー登録]
[ADMIN] 17:18:42.657921 シナリオ走行を終了しました [シナリオ名: ログイン]
[ADMIN] 17:18:42.657932 シナリオ走行を開始しました [シナリオ名: ログイン]
[ADMIN] 17:18:42.668577 シナリオ走行を終了しました [シナリオ名: 新規ユーザー登録]
[ADMIN] 17:18:42.668597 シナリオ走行を開始しました [シナリオ名: 新規ユーザー登録]
[ADMIN] 17:18:42.686309 シナリオ走行を終了しました [シナリオ名: ログイン]
[ADMIN] 17:18:42.686320 シナリオ走行を開始しました [シナリオ名: ログイン]
[ADMIN] 17:18:42.705680 シナリオ走行を終了しました [シナリオ名: 新規ユーザー登録]
[ADMIN] 17:18:42.705698 シナリオ走行を開始しました [シナリオ名: 新規ユーザー登録]
[ADMIN] 17:18:42.714109 シナリオ走行を終了しました [シナリオ名: ログイン]
[ADMIN] 17:18:42.714122 シナリオ走行を開始しました [シナリオ名: ログイン]
[ADMIN] 17:18:42.740190 シナリオ走行を終了しました [シナリオ名: ログイン]
[ADMIN] 17:18:42.740208 シナリオ走行を開始しました [シナリオ名: ログイン]
[ADMIN] 17:18:42.743114 シナリオ走行を終了しました [シナリオ名: 新規ユーザー登録]
[ADMIN] 17:18:42.743133 シナリオ走行を開始しました [シナリオ名: 新規ユーザー登録]
[ADMIN] 17:18:42.762163 シナリオ走行を終了しました [シナリオ名: ログイン]
[ADMIN] 17:18:42.762175 シナリオ走行を開始しました [シナリオ名: ログイン]
[ADMIN] 17:18:42.781586 シナリオ走行を終了しました [シナリオ名: 新規ユーザー登録]
[ADMIN] 17:18:42.781612 シナリオ走行を開始しました [シナリオ名: 新規ユーザー登録]
[ADMIN] 17:18:42.787063 シナリオ走行を終了しました [シナリオ名: ログイン]
[ADMIN] 17:18:42.787074 シナリオ走行を開始しました [シナリオ名: ログイン]
[ADMIN] 17:18:42.822063 シナリオ走行を終了しました [シナリオ名: ログイン]
[ADMIN] 17:18:42.822077 シナリオ走行を開始しました [シナリオ名: ログイン]
[ADMIN] 17:18:42.830144 シナリオ走行を終了しました [シナリオ名: 新規ユーザー登録]
[ADMIN] 17:18:42.830167 シナリオ走行を開始しました [シナリオ名: 新規ユーザー登録]
[ADMIN] 17:18:42.848263 シナリオ走行を終了しました [シナリオ名: ログイン]
[ADMIN] 17:18:42.848275 シナリオ走行を開始しました [シナリオ名: ログイン]
[ADMIN] 17:18:42.867594 シナリオ走行を終了しました [シナリオ名: 新規ユーザー登録]
[ADMIN] 17:18:42.867618 シナリオ走行を開始しました [シナリオ名: 新規ユーザー登録]
[ADMIN] 17:18:42.872872 シナリオ走行を終了しました [シナリオ名: ログイン]
[ADMIN] 17:18:42.872881 シナリオ走行を開始しました [シナリオ名: ログイン]
[ADMIN] 17:18:42.897159 シナリオ走行を終了しました [シナリオ名: ログイン]
[ADMIN] 17:18:42.897169 シナリオ走行を開始しました [シナリオ名: ログイン]
[ADMIN] 17:18:42.900186 シナリオ走行を終了しました [シナリオ名: Banユーザログイン]
[ADMIN] 17:18:42.900201 シナリオ走行を開始しました [シナリオ名: Banユーザログイン]
[ADMIN] 17:18:42.903967 シナリオ走行を終了しました [シナリオ名: 新規ユーザー登録]
[ADMIN] 17:18:42.903988 シナリオ走行を開始しました [シナリオ名: 新規ユーザー登録]
[ADMIN] 17:18:42.919724 シナリオ走行を終了しました [シナリオ名: ログイン]
[ADMIN] 17:18:42.919741 シナリオ走行を開始しました [シナリオ名: ログイン]
[ADMIN] 17:18:42.944038 シナリオ走行を終了しました [シナリオ名: 新規ユーザー登録]
[ADMIN] 17:18:42.944056 シナリオ走行を開始しました [シナリオ名: 新規ユーザー登録]
[ADMIN] 17:18:42.949606 シナリオ走行を終了しました [シナリオ名: ログイン]
[ADMIN] 17:18:42.949617 シナリオ走行を開始しました [シナリオ名: ログイン]
[ADMIN] 17:18:42.977549 シナリオ走行を終了しました [シナリオ名: ログイン]
[ADMIN] 17:18:42.977561 シナリオ走行を開始しました [シナリオ名: ログイン]
[ADMIN] 17:18:42.980901 シナリオ走行を終了しました [シナリオ名: 新規ユーザー登録]
[ADMIN] 17:18:42.980917 シナリオ走行を開始しました [シナリオ名: 新規ユーザー登録]
[ADMIN] 17:18:43.001960 シナリオ走行を終了しました [シナリオ名: ログイン]
[ADMIN] 17:18:43.001973 シナリオ走行を開始しました [シナリオ名: ログイン]
[ADMIN] 17:18:43.018355 シナリオ走行を終了しました [シナリオ名: 新規ユーザー登録]
[ADMIN] 17:18:43.018378 シナリオ走行を開始しました [シナリオ名: 新規ユーザー登録]
[ADMIN] 17:18:43.029732 シナリオ走行を終了しました [シナリオ名: ログイン]
[ADMIN] 17:18:43.029743 シナリオ走行を開始しました [シナリオ名: ログイン]
[ADMIN] 17:18:43.055688 シナリオ走行を終了しました [シナリオ名: ログイン]
[ADMIN] 17:18:43.055699 シナリオ走行を開始しました [シナリオ名: ログイン]
[ADMIN] 17:18:43.056183 シナリオ走行を終了しました [シナリオ名: 新規ユーザー登録]
[ADMIN] 17:18:43.056202 シナリオ走行を開始しました [シナリオ名: 新規ユーザー登録]
[ADMIN] 17:18:43.081872 シナリオ走行を終了しました [シナリオ名: ログイン]
[ADMIN] 17:18:43.081883 シナリオ走行を開始しました [シナリオ名: ログイン]
[ADMIN] 17:18:43.092635 シナリオ走行を終了しました [シナリオ名: 新規ユーザー登録]
[ADMIN] 17:18:43.092653 シナリオ走行を開始しました [シナリオ名: 新規ユーザー登録]
[ADMIN] 17:18:43.107411 シナリオ走行を終了しました [シナリオ名: ログイン]
[ADMIN] 17:18:43.107422 シナリオ走行を開始しました [シナリオ名: ログイン]
[ADMIN] 17:18:43.129401 シナリオ走行を終了しました [シナリオ名: 新規ユーザー登録]
[ADMIN] 17:18:43.129422 シナリオ走行を開始しました [シナリオ名: 新規ユーザー登録]
[ADMIN] 17:18:43.130569 シナリオ走行を終了しました [シナリオ名: ログイン]
[ADMIN] 17:18:43.130578 シナリオ走行を開始しました [シナリオ名: ログイン]
[ADMIN] 17:18:43.157660 シナリオ走行を終了しました [シナリオ名: ログイン]
[ADMIN] 17:18:43.157673 シナリオ走行を開始しました [シナリオ名: ログイン]
[ADMIN] 17:18:43.165692 シナリオ走行を終了しました [シナリオ名: 新規ユーザー登録]
[ADMIN] 17:18:43.165713 シナリオ走行を開始しました [シナリオ名: 新規ユーザー登録]
[ADMIN] 17:18:43.183289 シナリオ走行を終了しました [シナリオ名: ログイン]
[ADMIN] 17:18:43.183299 シナリオ走行を開始しました [シナリオ名: ログイン]
[ADMIN] 17:18:43.201949 シナリオ走行を終了しました [シナリオ名: 新規ユーザー登録]
[ADMIN] 17:18:43.201970 シナリオ走行を開始しました [シナリオ名: 新規ユーザー登録]
[ADMIN] 17:18:43.215249 シナリオ走行を終了しました [シナリオ名: ログイン]
[ADMIN] 17:18:43.215258 シナリオ走行を開始しました [シナリオ名: ログイン]
[ADMIN] 17:18:43.236060 シナリオ走行を終了しました [シナリオ名: 新規ユーザー登録]
[ADMIN] 17:18:43.236080 シナリオ走行を開始しました [シナリオ名: 新規ユーザー登録]
[ADMIN] 17:18:43.245324 シナリオ走行を終了しました [シナリオ名: ログイン]
[ADMIN] 17:18:43.245337 シナリオ走行を開始しました [シナリオ名: ログイン]
[ADMIN] 17:18:43.269563 シナリオ走行を終了しました [シナリオ名: ログイン]
[ADMIN] 17:18:43.269575 シナリオ走行を開始しました [シナリオ名: ログイン]
[ADMIN] 17:18:43.274266 シナリオ走行を終了しました [シナリオ名: 新規ユーザー登録]
[ADMIN] 17:18:43.274284 シナリオ走行を開始しました [シナリオ名: 新規ユーザー登録]
[ADMIN] 17:18:43.296722 シナリオ走行を終了しました [シナリオ名: ログイン]
[ADMIN] 17:18:43.296735 シナリオ走行を開始しました [シナリオ名: ログイン]
[ADMIN] 17:18:43.311822 シナリオ走行を終了しました [シナリオ名: 新規ユーザー登録]
[ADMIN] 17:18:43.311844 シナリオ走行を開始しました [シナリオ名: 新規ユーザー登録]
[ADMIN] 17:18:43.323563 シナリオ走行を終了しました [シナリオ名: ログイン]
[ADMIN] 17:18:43.323575 シナリオ走行を開始しました [シナリオ名: ログイン]
[ADMIN] 17:18:43.351778 シナリオ走行を終了しました [シナリオ名: 新規ユーザー登録]
[ADMIN] 17:18:43.351798 シナリオ走行を開始しました [シナリオ名: 新規ユーザー登録]
[ADMIN] 17:18:43.352189 シナリオ走行を終了しました [シナリオ名: ログイン]
[ADMIN] 17:18:43.352201 シナリオ走行を開始しました [シナリオ名: ログイン]
[ADMIN] 17:18:43.378069 シナリオ走行を終了しました [シナリオ名: ログイン]
[ADMIN] 17:18:43.378083 シナリオ走行を開始しました [シナリオ名: ログイン]
[ADMIN] 17:18:43.385760 シナリオ走行を終了しました [シナリオ名: 新規ユーザー登録]
[ADMIN] 17:18:43.385779 シナリオ走行を開始しました [シナリオ名: 新規ユーザー登録]
[ADMIN] 17:18:43.402802 シナリオ走行を終了しました [シナリオ名: Banユーザログイン]
[ADMIN] 17:18:43.402820 シナリオ走行を開始しました [シナリオ名: Banユーザログイン]
[ADMIN] 17:18:43.402872 シナリオ走行を終了しました [シナリオ名: ログイン]
[ADMIN] 17:18:43.402882 シナリオ走行を開始しました [シナリオ名: ログイン]
[ADMIN] 17:18:43.421908 シナリオ走行を終了しました [シナリオ名: 新規ユーザー登録]
[ADMIN] 17:18:43.421935 シナリオ走行を開始しました [シナリオ名: 新規ユーザー登録]
[ADMIN] 17:18:43.433594 シナリオ走行を終了しました [シナリオ名: ログイン]
[ADMIN] 17:18:43.433610 シナリオ走行を開始しました [シナリオ名: ログイン]
[ADMIN] 17:18:43.457219 シナリオ走行を終了しました [シナリオ名: 新規ユーザー登録]
[ADMIN] 17:18:43.457264 シナリオ走行を開始しました [シナリオ名: 新規ユーザー登録]
[ADMIN] 17:18:43.457883 シナリオ走行を終了しました [シナリオ名: ログイン]
[ADMIN] 17:18:43.457893 シナリオ走行を開始しました [シナリオ名: ログイン]
[ADMIN] 17:18:43.483400 シナリオ走行を終了しました [シナリオ名: ログイン]
[ADMIN] 17:18:43.483412 シナリオ走行を開始しました [シナリオ名: ログイン]
[ADMIN] 17:18:43.495481 シナリオ走行を終了しました [シナリオ名: 新規ユーザー登録]
[ADMIN] 17:18:43.495509 シナリオ走行を開始しました [シナリオ名: 新規ユーザー登録]
[ADMIN] 17:18:43.508309 シナリオ走行を終了しました [シナリオ名: ログイン]
[ADMIN] 17:18:43.508317 シナリオ走行を開始しました [シナリオ名: ログイン]
[ADMIN] 17:18:43.535781 シナリオ走行を終了しました [シナリオ名: ログイン]
[ADMIN] 17:18:43.535790 シナリオ走行を開始しました [シナリオ名: ログイン]
[ADMIN] 17:18:43.543109 シナリオ走行を終了しました [シナリオ名: 新規ユーザー登録]
[ADMIN] 17:18:43.543128 シナリオ走行を開始しました [シナリオ名: 新規ユーザー登録]
[ADMIN] 17:18:43.564465 シナリオ走行を終了しました [シナリオ名: ログイン]
[ADMIN] 17:18:43.564476 シナリオ走行を開始しました [シナリオ名: ログイン]
[ADMIN] 17:18:43.585708 シナリオ走行を終了しました [シナリオ名: 新規ユーザー登録]
[ADMIN] 17:18:43.585729 シナリオ走行を開始しました [シナリオ名: 新規ユーザー登録]
[ADMIN] 17:18:43.594007 シナリオ走行を終了しました [シナリオ名: ログイン]
[ADMIN] 17:18:43.594017 シナリオ走行を開始しました [シナリオ名: ログイン]
[ADMIN] 17:18:43.622266 シナリオ走行を終了しました [シナリオ名: ログイン]
[ADMIN] 17:18:43.622286 シナリオ走行を開始しました [シナリオ名: ログイン]
[ADMIN] 17:18:43.628377 シナリオ走行を終了しました [シナリオ名: 新規ユーザー登録]
[ADMIN] 17:18:43.628406 シナリオ走行を開始しました [シナリオ名: 新規ユーザー登録]
[ADMIN] 17:18:43.652846 シナリオ走行を終了しました [シナリオ名: ログイン]
[ADMIN] 17:18:43.652865 シナリオ走行を開始しました [シナリオ名: ログイン]
[ADMIN] 17:18:43.671698 シナリオ走行を終了しました [シナリオ名: 新規ユーザー登録]
[ADMIN] 17:18:43.671723 シナリオ走行を開始しました [シナリオ名: 新規ユーザー登録]
[ADMIN] 17:18:43.681217 シナリオ走行を終了しました [シナリオ名: ログイン]
[ADMIN] 17:18:43.681227 シナリオ走行を開始しました [シナリオ名: ログイン]
[ADMIN] 17:18:43.712627 シナリオ走行を終了しました [シナリオ名: 新規ユーザー登録]
[ADMIN] 17:18:43.712655 シナリオ走行を開始しました [シナリオ名: 新規ユーザー登録]
[ADMIN] 17:18:43.712667 シナリオ走行を終了しました [シナリオ名: ログイン]
[ADMIN] 17:18:43.712678 シナリオ走行を開始しました [シナリオ名: ログイン]
[ADMIN] 17:18:43.741085 シナリオ走行を終了しました [シナリオ名: ログイン]
[ADMIN] 17:18:43.741097 シナリオ走行を開始しました [シナリオ名: ログイン]
[ADMIN] 17:18:43.751209 シナリオ走行を終了しました [シナリオ名: 新規ユーザー登録]
[ADMIN] 17:18:43.751228 シナリオ走行を開始しました [シナリオ名: 新規ユーザー登録]
[ADMIN] 17:18:43.768166 シナリオ走行を終了しました [シナリオ名: ログイン]
[ADMIN] 17:18:43.768177 シナリオ走行を開始しました [シナリオ名: ログイン]
[ADMIN] 17:18:43.792344 シナリオ走行を終了しました [シナリオ名: 新規ユーザー登録]
[ADMIN] 17:18:43.792362 シナリオ走行を開始しました [シナリオ名: 新規ユーザー登録]
[ADMIN] 17:18:43.793385 シナリオ走行を終了しました [シナリオ名: ログイン]
[ADMIN] 17:18:43.793396 シナリオ走行を開始しました [シナリオ名: ログイン]
[ADMIN] 17:18:43.820035 シナリオ走行を終了しました [シナリオ名: ログイン]
[ADMIN] 17:18:43.820045 シナリオ走行を開始しました [シナリオ名: ログイン]
[ADMIN] 17:18:43.831937 シナリオ走行を終了しました [シナリオ名: 新規ユーザー登録]
[ADMIN] 17:18:43.831953 シナリオ走行を開始しました [シナリオ名: 新規ユーザー登録]
[ADMIN] 17:18:43.847068 シナリオ走行を終了しました [シナリオ名: ログイン]
[ADMIN] 17:18:43.847077 シナリオ走行を開始しました [シナリオ名: ログイン]
[ADMIN] 17:18:43.872217 シナリオ走行を終了しました [シナリオ名: ログイン]
[ADMIN] 17:18:43.872228 シナリオ走行を開始しました [シナリオ名: ログイン]
[ADMIN] 17:18:43.873270 シナリオ走行を終了しました [シナリオ名: 新規ユーザー登録]
[ADMIN] 17:18:43.873291 シナリオ走行を開始しました [シナリオ名: 新規ユーザー登録]
[ADMIN] 17:18:43.899638 シナリオ走行を終了しました [シナリオ名: ログイン]
[ADMIN] 17:18:43.899650 シナリオ走行を開始しました [シナリオ名: ログイン]
[ADMIN] 17:18:43.905155 シナリオ走行を終了しました [シナリオ名: Banユーザログイン]
[ADMIN] 17:18:43.905172 シナリオ走行を開始しました [シナリオ名: Banユーザログイン]
[ADMIN] 17:18:43.916240 シナリオ走行を終了しました [シナリオ名: 新規ユーザー登録]
[ADMIN] 17:18:43.916260 シナリオ走行を開始しました [シナリオ名: 新規ユーザー登録]
[ADMIN] 17:18:43.930280 シナリオ走行を終了しました [シナリオ名: ログイン]
[ADMIN] 17:18:43.930289 シナリオ走行を開始しました [シナリオ名: ログイン]
[ADMIN] 17:18:43.955275 シナリオ走行を終了しました [シナリオ名: ログイン]
[ADMIN] 17:18:43.955286 シナリオ走行を開始しました [シナリオ名: ログイン]
[ADMIN] 17:18:43.957665 シナリオ走行を終了しました [シナリオ名: 新規ユーザー登録]
[ADMIN] 17:18:43.957684 シナリオ走行を開始しました [シナリオ名: 新規ユーザー登録]
[ADMIN] 17:18:43.980497 シナリオ走行を終了しました [シナリオ名: ログイン]
[ADMIN] 17:18:43.980508 シナリオ走行を開始しました [シナリオ名: ログイン]
[ADMIN] 17:18:43.994525 シナリオ走行を終了しました [シナリオ名: 新規ユーザー登録]
[ADMIN] 17:18:43.994543 シナリオ走行を開始しました [シナリオ名: 新規ユーザー登録]
[ADMIN] 17:18:44.002255 シナリオ走行を終了しました [シナリオ名: ログイン]
[ADMIN] 17:18:44.002267 シナリオ走行を開始しました [シナリオ名: ログイン]
[ADMIN] 17:18:44.030476 シナリオ走行を終了しました [シナリオ名: 新規ユーザー登録]
[ADMIN] 17:18:44.030499 シナリオ走行を開始しました [シナリオ名: 新規ユーザー登録]
[ADMIN] 17:18:44.033506 シナリオ走行を終了しました [シナリオ名: ログイン]
[ADMIN] 17:18:44.033516 シナリオ走行を開始しました [シナリオ名: ログイン]
[ADMIN] 17:18:44.065188 シナリオ走行を終了しました [シナリオ名: ログイン]
[ADMIN] 17:18:44.065206 シナリオ走行を開始しました [シナリオ名: ログイン]
[ADMIN] 17:18:44.066825 シナリオ走行を終了しました [シナリオ名: 新規ユーザー登録]
[ADMIN] 17:18:44.066843 シナリオ走行を開始しました [シナリオ名: 新規ユーザー登録]
[ADMIN] 17:18:44.094321 シナリオ走行を終了しました [シナリオ名: ログイン]
[ADMIN] 17:18:44.094333 シナリオ走行を開始しました [シナリオ名: ログイン]
[ADMIN] 17:18:44.106163 シナリオ走行を終了しました [シナリオ名: 新規ユーザー登録]
[ADMIN] 17:18:44.106185 シナリオ走行を開始しました [シナリオ名: 新規ユーザー登録]
[ADMIN] 17:18:44.125280 シナリオ走行を終了しました [シナリオ名: ログイン]
[ADMIN] 17:18:44.125290 シナリオ走行を開始しました [シナリオ名: ログイン]
[ADMIN] 17:18:44.143099 シナリオ走行を終了しました [シナリオ名: 新規ユーザー登録]
[ADMIN] 17:18:44.143119 シナリオ走行を開始しました [シナリオ名: 新規ユーザー登録]
[ADMIN] 17:18:44.153949 シナリオ走行を終了しました [シナリオ名: ログイン]
[ADMIN] 17:18:44.153961 シナリオ走行を開始しました [シナリオ名: ログイン]
[ADMIN] 17:18:44.178498 シナリオ走行を終了しました [シナリオ名: ログイン]
[ADMIN] 17:18:44.178512 シナリオ走行を開始しました [シナリオ名: ログイン]
[ADMIN] 17:18:44.180524 シナリオ走行を終了しました [シナリオ名: 新規ユーザー登録]
[ADMIN] 17:18:44.180542 シナリオ走行を開始しました [シナリオ名: 新規ユーザー登録]
[ADMIN] 17:18:44.197856 シナリオ走行を終了しました [シナリオ名: ログイン]
[ADMIN] 17:18:44.197871 シナリオ走行を開始しました [シナリオ名: ログイン]
[ADMIN] 17:18:44.227817 シナリオ走行を終了しました [シナリオ名: ログイン]
[ADMIN] 17:18:44.227833 シナリオ走行を開始しました [シナリオ名: ログイン]
[ADMIN] 17:18:44.230208 シナリオ走行を終了しました [シナリオ名: 新規ユーザー登録]
[ADMIN] 17:18:44.230229 シナリオ走行を開始しました [シナリオ名: 新規ユーザー登録]
[ADMIN] 17:18:44.255906 シナリオ走行を終了しました [シナリオ名: ログイン]
[ADMIN] 17:18:44.255922 シナリオ走行を開始しました [シナリオ名: ログイン]
[ADMIN] 17:18:44.267939 シナリオ走行を終了しました [シナリオ名: 新規ユーザー登録]
[ADMIN] 17:18:44.267962 シナリオ走行を開始しました [シナリオ名: 新規ユーザー登録]
[ADMIN] 17:18:44.284400 シナリオ走行を終了しました [シナリオ名: ログイン]
[ADMIN] 17:18:44.284415 シナリオ走行を開始しました [シナリオ名: ログイン]
[ADMIN] 17:18:44.304560 シナリオ走行を終了しました [シナリオ名: 新規ユーザー登録]
[ADMIN] 17:18:44.304595 シナリオ走行を開始しました [シナリオ名: 新規ユーザー登録]
[ADMIN] 17:18:44.309454 シナリオ走行を終了しました [シナリオ名: ログイン]
[ADMIN] 17:18:44.309468 シナリオ走行を開始しました [シナリオ名: ログイン]
[ADMIN] 17:18:44.332751 シナリオ走行を終了しました [シナリオ名: ログイン]
[ADMIN] 17:18:44.332765 シナリオ走行を開始しました [シナリオ名: ログイン]
[ADMIN] 17:18:44.348624 シナリオ走行を終了しました [シナリオ名: 新規ユーザー登録]
[ADMIN] 17:18:44.348655 シナリオ走行を開始しました [シナリオ名: 新規ユーザー登録]
[ADMIN] 17:18:44.357038 シナリオ走行を終了しました [シナリオ名: ログイン]
[ADMIN] 17:18:44.357055 シナリオ走行を開始しました [シナリオ名: ログイン]
[ADMIN] 17:18:44.408836 シナリオ走行を終了しました [シナリオ名: Banユーザログイン]
[ADMIN] 17:18:44.408865 シナリオ走行を開始しました [シナリオ名: Banユーザログイン]
[ADMIN] 17:18:44.438843 シナリオ走行を終了しました [シナリオ名: ログイン]
[ADMIN] 17:18:44.438859 シナリオ走行を開始しました [シナリオ名: ログイン]
[ADMIN] 17:18:44.447560 シナリオ走行を終了しました [シナリオ名: 新規ユーザー登録]
[ADMIN] 17:18:44.447585 シナリオ走行を開始しました [シナリオ名: 新規ユーザー登録]
[ADMIN] 17:18:44.468905 シナリオ走行を終了しました [シナリオ名: ログイン]
[ADMIN] 17:18:44.468919 シナリオ走行を開始しました [シナリオ名: ログイン]
[ADMIN] 17:18:44.485715 シナリオ走行を終了しました [シナリオ名: 新規ユーザー登録]
[ADMIN] 17:18:44.485745 シナリオ走行を開始しました [シナリオ名: 新規ユーザー登録]
[ADMIN] 17:18:44.496881 シナリオ走行を終了しました [シナリオ名: ログイン]
[ADMIN] 17:18:44.496897 シナリオ走行を開始しました [シナリオ名: ログイン]
[ADMIN] 17:18:44.527028 シナリオ走行を終了しました [シナリオ名: 新規ユーザー登録]
[ADMIN] 17:18:44.527058 シナリオ走行を開始しました [シナリオ名: 新規ユーザー登録]
[ADMIN] 17:18:44.529122 シナリオ走行を終了しました [シナリオ名: ログイン]
[ADMIN] 17:18:44.529137 シナリオ走行を開始しました [シナリオ名: ログイン]
[ADMIN] 17:18:44.557477 シナリオ走行を終了しました [シナリオ名: ログイン]
[ADMIN] 17:18:44.557492 シナリオ走行を開始しました [シナリオ名: ログイン]
[ADMIN] 17:18:44.569238 シナリオ走行を終了しました [シナリオ名: 新規ユーザー登録]
[ADMIN] 17:18:44.569259 シナリオ走行を開始しました [シナリオ名: 新規ユーザー登録]
[ADMIN] 17:18:44.583713 シナリオ走行を終了しました [シナリオ名: ログイン]
[ADMIN] 17:18:44.583728 シナリオ走行を開始しました [シナリオ名: ログイン]
[ADMIN] 17:18:44.610737 シナリオ走行を終了しました [シナリオ名: ログイン]
[ADMIN] 17:18:44.610751 シナリオ走行を開始しました [シナリオ名: ログイン]
[ADMIN] 17:18:44.612419 シナリオ走行を終了しました [シナリオ名: 新規ユーザー登録]
[ADMIN] 17:18:44.612436 シナリオ走行を開始しました [シナリオ名: 新規ユーザー登録]
[ADMIN] 17:18:44.638649 シナリオ走行を終了しました [シナリオ名: ログイン]
[ADMIN] 17:18:44.638664 シナリオ走行を開始しました [シナリオ名: ログイン]
[ADMIN] 17:18:44.653863 シナリオ走行を終了しました [シナリオ名: 新規ユーザー登録]
[ADMIN] 17:18:44.653886 シナリオ走行を開始しました [シナリオ名: 新規ユーザー登録]
[ADMIN] 17:18:44.667605 シナリオ走行を終了しました [シナリオ名: ログイン]
[ADMIN] 17:18:44.667619 シナリオ走行を開始しました [シナリオ名: ログイン]
[ADMIN] 17:18:44.695185 シナリオ走行を終了しました [シナリオ名: 新規ユーザー登録]
[ADMIN] 17:18:44.695215 シナリオ走行を開始しました [シナリオ名: 新規ユーザー登録]
[ADMIN] 17:18:44.700413 シナリオ走行を終了しました [シナリオ名: ログイン]
[ADMIN] 17:18:44.700426 シナリオ走行を開始しました [シナリオ名: ログイン]
[ADMIN] 17:18:44.735009 シナリオ走行を終了しました [シナリオ名: ログイン]
[ADMIN] 17:18:44.735026 シナリオ走行を開始しました [シナリオ名: ログイン]
[ADMIN] 17:18:44.740977 シナリオ走行を終了しました [シナリオ名: 新規ユーザー登録]
[ADMIN] 17:18:44.741007 シナリオ走行を開始しました [シナリオ名: 新規ユーザー登録]
[ADMIN] 17:18:44.766218 シナリオ走行を終了しました [シナリオ名: ログイン]
[ADMIN] 17:18:44.766236 シナリオ走行を開始しました [シナリオ名: ログイン]
[ADMIN] 17:18:44.782237 シナリオ走行を終了しました [シナリオ名: 新規ユーザー登録]
[ADMIN] 17:18:44.782266 シナリオ走行を開始しました [シナリオ名: 新規ユーザー登録]
[ADMIN] 17:18:44.792945 シナリオ走行を終了しました [シナリオ名: ログイン]
[ADMIN] 17:18:44.792967 シナリオ走行を開始しました [シナリオ名: ログイン]
[ADMIN] 17:18:44.822043 シナリオ走行を終了しました [シナリオ名: ログイン]
[ADMIN] 17:18:44.822057 シナリオ走行を開始しました [シナリオ名: ログイン]
[ADMIN] 17:18:44.828860 シナリオ走行を終了しました [シナリオ名: 新規ユーザー登録]
[ADMIN] 17:18:44.828882 シナリオ走行を開始しました [シナリオ名: 新規ユーザー登録]
[ADMIN] 17:18:44.850143 シナリオ走行を終了しました [シナリオ名: ログイン]
[ADMIN] 17:18:44.850155 シナリオ走行を開始しました [シナリオ名: ログイン]
[ADMIN] 17:18:44.870558 シナリオ走行を終了しました [シナリオ名: 新規ユーザー登録]
[ADMIN] 17:18:44.870573 シナリオ走行を開始しました [シナリオ名: 新規ユーザー登録]
[ADMIN] 17:18:44.881106 シナリオ走行を終了しました [シナリオ名: ログイン]
[ADMIN] 17:18:44.881117 シナリオ走行を開始しました [シナリオ名: ログイン]
[ADMIN] 17:18:44.911529 シナリオ走行を終了しました [シナリオ名: Banユーザログイン]
[ADMIN] 17:18:44.911549 シナリオ走行を開始しました [シナリオ名: Banユーザログイン]
[ADMIN] 17:18:44.914174 シナリオ走行を終了しました [シナリオ名: 新規ユーザー登録]
[ADMIN] 17:18:44.914199 シナリオ走行を開始しました [シナリオ名: 新規ユーザー登録]
[ADMIN] 17:18:44.917515 シナリオ走行を終了しました [シナリオ名: ログイン]
[ADMIN] 17:18:44.917527 シナリオ走行を開始しました [シナリオ名: ログイン]
[ADMIN] 17:18:44.949748 シナリオ走行を終了しました [シナリオ名: ログイン]
[ADMIN] 17:18:44.949761 シナリオ走行を開始しました [シナリオ名: ログイン]
[ADMIN] 17:18:44.953419 シナリオ走行を終了しました [シナリオ名: 新規ユーザー登録]
[ADMIN] 17:18:44.953437 シナリオ走行を開始しました [シナリオ名: 新規ユーザー登録]
[ADMIN] 17:18:44.976218 シナリオ走行を終了しました [シナリオ名: ログイン]
[ADMIN] 17:18:44.976233 シナリオ走行を開始しました [シナリオ名: ログイン]
[ADMIN] 17:18:44.991418 シナリオ走行を終了しました [シナリオ名: 新規ユーザー登録]
[ADMIN] 17:18:44.991439 シナリオ走行を開始しました [シナリオ名: 新規ユーザー登録]
[ADMIN] 17:18:45.002154 シナリオ走行を終了しました [シナリオ名: ログイン]
[ADMIN] 17:18:45.002169 シナリオ走行を開始しました [シナリオ名: ログイン]
[ADMIN] 17:18:45.030769 シナリオ走行を終了しました [シナリオ名: 新規ユーザー登録]
[ADMIN] 17:18:45.030799 シナリオ走行を開始しました [シナリオ名: 新規ユーザー登録]
[ADMIN] 17:18:45.033741 シナリオ走行を終了しました [シナリオ名: ログイン]
[ADMIN] 17:18:45.033751 シナリオ走行を開始しました [シナリオ名: ログイン]
[ADMIN] 17:18:45.060855 シナリオ走行を終了しました [シナリオ名: ログイン]
[ADMIN] 17:18:45.060871 シナリオ走行を開始しました [シナリオ名: ログイン]
[ADMIN] 17:18:45.066869 シナリオ走行を終了しました [シナリオ名: 新規ユーザー登録]
[ADMIN] 17:18:45.066889 シナリオ走行を開始しました [シナリオ名: 新規ユーザー登録]
[ADMIN] 17:18:45.090390 シナリオ走行を終了しました [シナリオ名: ログイン]
[ADMIN] 17:18:45.090404 シナリオ走行を開始しました [シナリオ名: ログイン]
[ADMIN] 17:18:45.103870 シナリオ走行を終了しました [シナリオ名: 新規ユーザー登録]
[ADMIN] 17:18:45.103900 シナリオ走行を開始しました [シナリオ名: 新規ユーザー登録]
[ADMIN] 17:18:45.119720 シナリオ走行を終了しました [シナリオ名: ログイン]
[ADMIN] 17:18:45.119739 シナリオ走行を開始しました [シナリオ名: ログイン]
[ADMIN] 17:18:45.138754 シナリオ走行を終了しました [シナリオ名: 新規ユーザー登録]
[ADMIN] 17:18:45.138782 シナリオ走行を開始しました [シナリオ名: 新規ユーザー登録]
[ADMIN] 17:18:45.144498 シナリオ走行を終了しました [シナリオ名: ログイン]
[ADMIN] 17:18:45.144509 シナリオ走行を開始しました [シナリオ名: ログイン]
[ADMIN] 17:18:45.171865 シナリオ走行を終了しました [シナリオ名: ログイン]
[ADMIN] 17:18:45.171881 シナリオ走行を開始しました [シナリオ名: ログイン]
[ADMIN] 17:18:45.175556 シナリオ走行を終了しました [シナリオ名: 新規ユーザー登録]
[ADMIN] 17:18:45.175575 シナリオ走行を開始しました [シナリオ名: 新規ユーザー登録]
[ADMIN] 17:18:45.201381 シナリオ走行を終了しました [シナリオ名: ログイン]
[ADMIN] 17:18:45.201397 シナリオ走行を開始しました [シナリオ名: ログイン]
[ADMIN] 17:18:45.231445 シナリオ走行を終了しました [シナリオ名: 新規ユーザー登録]
[ADMIN] 17:18:45.231469 シナリオ走行を開始しました [シナリオ名: 新規ユーザー登録]
[ADMIN] 17:18:45.245585 シナリオ走行を終了しました [シナリオ名: ログイン]
[ADMIN] 17:18:45.245598 シナリオ走行を開始しました [シナリオ名: ログイン]
[ADMIN] 17:18:45.275932 シナリオ走行を終了しました [シナリオ名: ログイン]
[ADMIN] 17:18:45.275948 シナリオ走行を開始しました [シナリオ名: ログイン]
[ADMIN] 17:18:45.284076 シナリオ走行を終了しました [シナリオ名: 新規ユーザー登録]
[ADMIN] 17:18:45.284101 シナリオ走行を開始しました [シナリオ名: 新規ユーザー登録]
[ADMIN] 17:18:45.305115 シナリオ走行を終了しました [シナリオ名: ログイン]
[ADMIN] 17:18:45.305128 シナリオ走行を開始しました [シナリオ名: ログイン]
[ADMIN] 17:18:45.321099 シナリオ走行を終了しました [シナリオ名: 新規ユーザー登録]
[ADMIN] 17:18:45.321126 シナリオ走行を開始しました [シナリオ名: 新規ユーザー登録]
[ADMIN] 17:18:45.326677 シナリオ走行を終了しました [シナリオ名: ログイン]
[ADMIN] 17:18:45.326687 シナリオ走行を開始しました [シナリオ名: ログイン]
[ADMIN] 17:18:45.348756 シナリオ走行を終了しました [シナリオ名: ログイン]
[ADMIN] 17:18:45.348772 シナリオ走行を開始しました [シナリオ名: ログイン]
[ADMIN] 17:18:45.358597 シナリオ走行を終了しました [シナリオ名: 新規ユーザー登録]
[ADMIN] 17:18:45.358634 シナリオ走行を開始しました [シナリオ名: 新規ユーザー登録]
[ADMIN] 17:18:45.373217 シナリオ走行を終了しました [シナリオ名: ログイン]
[ADMIN] 17:18:45.373228 シナリオ走行を開始しました [シナリオ名: ログイン]
[ADMIN] 17:18:45.398865 シナリオ走行を終了しました [シナリオ名: ログイン]
[ADMIN] 17:18:45.398879 シナリオ走行を開始しました [シナリオ名: ログイン]
[ADMIN] 17:18:45.399793 シナリオ走行を終了しました [シナリオ名: 新規ユーザー登録]
[ADMIN] 17:18:45.399812 シナリオ走行を開始しました [シナリオ名: 新規ユーザー登録]
[ADMIN] 17:18:45.414136 シナリオ走行を終了しました [シナリオ名: Banユーザログイン]
[ADMIN] 17:18:45.414147 シナリオ走行を開始しました [シナリオ名: Banユーザログイン]
[ADMIN] 17:18:45.432168 シナリオ走行を終了しました [シナリオ名: ログイン]
[ADMIN] 17:18:45.432180 シナリオ走行を開始しました [シナリオ名: ログイン]
[ADMIN] 17:18:45.446084 シナリオ走行を終了しました [シナリオ名: 新規ユーザー登録]
[ADMIN] 17:18:45.446105 シナリオ走行を開始しました [シナリオ名: 新規ユーザー登録]
[ADMIN] 17:18:45.456371 シナリオ走行を終了しました [シナリオ名: ログイン]
[ADMIN] 17:18:45.456381 シナリオ走行を開始しました [シナリオ名: ログイン]
[ADMIN] 17:18:45.486655 シナリオ走行を終了しました [シナリオ名: 新規ユーザー登録]
[ADMIN] 17:18:45.486675 シナリオ走行を開始しました [シナリオ名: 新規ユーザー登録]
[ADMIN] 17:18:45.497906 シナリオ走行を終了しました [シナリオ名: ログイン]
[ADMIN] 17:18:45.497918 シナリオ走行を開始しました [シナリオ名: ログイン]
[ADMIN] 17:18:45.542071 シナリオ走行を終了しました [シナリオ名: 新規ユーザー登録]
[ADMIN] 17:18:45.542097 シナリオ走行を開始しました [シナリオ名: 新規ユーザー登録]
[ADMIN] 17:18:45.548235 シナリオ走行を終了しました [シナリオ名: ログイン]
[ADMIN] 17:18:45.548247 シナリオ走行を開始しました [シナリオ名: ログイン]
[ADMIN] 17:18:45.581036 シナリオ走行を終了しました [シナリオ名: ログイン]
[ADMIN] 17:18:45.581053 シナリオ走行を開始しました [シナリオ名: ログイン]
[ADMIN] 17:18:45.587518 シナリオ走行を終了しました [シナリオ名: 新規ユーザー登録]
[ADMIN] 17:18:45.587537 シナリオ走行を開始しました [シナリオ名: 新規ユーザー登録]
[ADMIN] 17:18:45.606380 シナリオ走行を終了しました [シナリオ名: ログイン]
[ADMIN] 17:18:45.606391 シナリオ走行を開始しました [シナリオ名: ログイン]
[ADMIN] 17:18:45.631542 シナリオ走行を終了しました [シナリオ名: 新規ユーザー登録]
[ADMIN] 17:18:45.631563 シナリオ走行を開始しました [シナリオ名: 新規ユーザー登録]
[ADMIN] 17:18:45.638953 シナリオ走行を終了しました [シナリオ名: ログイン]
[ADMIN] 17:18:45.638962 シナリオ走行を開始しました [シナリオ名: ログイン]
[ADMIN] 17:18:45.665044 シナリオ走行を終了しました [シナリオ名: ログイン]
[ADMIN] 17:18:45.665055 シナリオ走行を開始しました [シナリオ名: ログイン]
[ADMIN] 17:18:45.674793 シナリオ走行を終了しました [シナリオ名: 新規ユーザー登録]
[ADMIN] 17:18:45.674815 シナリオ走行を開始しました [シナリオ名: 新規ユーザー登録]
[ADMIN] 17:18:45.695834 シナリオ走行を終了しました [シナリオ名: ログイン]
[ADMIN] 17:18:45.695842 シナリオ走行を開始しました [シナリオ名: ログイン]
[ADMIN] 17:18:45.715534 シナリオ走行を終了しました [シナリオ名: 新規ユーザー登録]
[ADMIN] 17:18:45.715553 シナリオ走行を開始しました [シナリオ名: 新規ユーザー登録]
[ADMIN] 17:18:45.726994 シナリオ走行を終了しました [シナリオ名: ログイン]
[ADMIN] 17:18:45.727005 シナリオ走行を開始しました [シナリオ名: ログイン]
[ADMIN] 17:18:45.758703 シナリオ走行を終了しました [シナリオ名: ログイン]
[ADMIN] 17:18:45.758714 シナリオ走行を開始しました [シナリオ名: ログイン]
[ADMIN] 17:18:45.759707 シナリオ走行を終了しました [シナリオ名: 新規ユーザー登録]
[ADMIN] 17:18:45.759726 シナリオ走行を開始しました [シナリオ名: 新規ユーザー登録]
[ADMIN] 17:18:45.785466 シナリオ走行を終了しました [シナリオ名: ログイン]
[ADMIN] 17:18:45.785487 シナリオ走行を開始しました [シナリオ名: ログイン]
[ADMIN] 17:18:45.802291 シナリオ走行を終了しました [シナリオ名: 新規ユーザー登録]
[ADMIN] 17:18:45.802311 シナリオ走行を開始しました [シナリオ名: 新規ユーザー登録]
[ADMIN] 17:18:45.812988 シナリオ走行を終了しました [シナリオ名: ログイン]
[ADMIN] 17:18:45.812999 シナリオ走行を開始しました [シナリオ名: ログイン]
[ADMIN] 17:18:45.837463 シナリオ走行を終了しました [シナリオ名: ログイン]
[ADMIN] 17:18:45.837475 シナリオ走行を開始しました [シナリオ名: ログイン]
[ADMIN] 17:18:45.844214 シナリオ走行を終了しました [シナリオ名: 新規ユーザー登録]
[ADMIN] 17:18:45.844237 シナリオ走行を開始しました [シナリオ名: 新規ユーザー登録]
[ADMIN] 17:18:45.867937 シナリオ走行を終了しました [シナリオ名: ログイン]
[ADMIN] 17:18:45.867948 シナリオ走行を開始しました [シナリオ名: ログイン]
[ADMIN] 17:18:45.887028 シナリオ走行を終了しました [シナリオ名: 新規ユーザー登録]
[ADMIN] 17:18:45.887048 シナリオ走行を開始しました [シナリオ名: 新規ユーザー登録]
[ADMIN] 17:18:45.897541 シナリオ走行を終了しました [シナリオ名: ログイン]
[ADMIN] 17:18:45.897551 シナリオ走行を開始しました [シナリオ名: ログイン]
[ADMIN] 17:18:45.925563 シナリオ走行を終了しました [シナリオ名: Banユーザログイン]
[ADMIN] 17:18:45.925579 シナリオ走行を開始しました [シナリオ名: Banユーザログイン]
[ADMIN] 17:18:45.925782 シナリオ走行を終了しました [シナリオ名: 新規ユーザー登録]
[ADMIN] 17:18:45.925798 シナリオ走行を開始しました [シナリオ名: 新規ユーザー登録]
[ADMIN] 17:18:45.934374 シナリオ走行を終了しました [シナリオ名: ログイン]
[ADMIN] 17:18:45.934385 シナリオ走行を開始しました [シナリオ名: ログイン]
[ADMIN] 17:18:45.964249 シナリオ走行を終了しました [シナリオ名: ログイン]
[ADMIN] 17:18:45.964259 シナリオ走行を開始しました [シナリオ名: ログイン]
[ADMIN] 17:18:45.967666 シナリオ走行を終了しました [シナリオ名: 新規ユーザー登録]
[ADMIN] 17:18:45.967683 シナリオ走行を開始しました [シナリオ名: 新規ユーザー登録]
[ADMIN] 17:18:45.992048 シナリオ走行を終了しました [シナリオ名: ログイン]
[ADMIN] 17:18:45.992064 シナリオ走行を開始しました [シナリオ名: ログイン]
[ADMIN] 17:18:46.005735 シナリオ走行を終了しました [シナリオ名: 新規ユーザー登録]
[ADMIN] 17:18:46.005759 シナリオ走行を開始しました [シナリオ名: 新規ユーザー登録]
[ADMIN] 17:18:46.015593 シナリオ走行を終了しました [シナリオ名: ログイン]
[ADMIN] 17:18:46.015606 シナリオ走行を開始しました [シナリオ名: ログイン]
[ADMIN] 17:18:46.043116 シナリオ走行を終了しました [シナリオ名: 新規ユーザー登録]
[ADMIN] 17:18:46.043140 シナリオ走行を開始しました [シナリオ名: 新規ユーザー登録]
[ADMIN] 17:18:46.044583 シナリオ走行を終了しました [シナリオ名: ログイン]
[ADMIN] 17:18:46.044595 シナリオ走行を開始しました [シナリオ名: ログイン]
[ADMIN] 17:18:46.068053 シナリオ走行を終了しました [シナリオ名: ログイン]
[ADMIN] 17:18:46.068066 シナリオ走行を開始しました [シナリオ名: ログイン]
[ADMIN] 17:18:46.079664 シナリオ走行を終了しました [シナリオ名: 新規ユーザー登録]
[ADMIN] 17:18:46.079680 シナリオ走行を開始しました [シナリオ名: 新規ユーザー登録]
[ADMIN] 17:18:46.094138 シナリオ走行を終了しました [シナリオ名: ログイン]
[ADMIN] 17:18:46.094147 シナリオ走行を開始しました [シナリオ名: ログイン]
[ADMIN] 17:18:46.114217 シナリオ走行を終了しました [シナリオ名: 新規ユーザー登録]
[ADMIN] 17:18:46.114239 シナリオ走行を開始しました [シナリオ名: 新規ユーザー登録]
[ADMIN] 17:18:46.118584 シナリオ走行を終了しました [シナリオ名: ログイン]
[ADMIN] 17:18:46.118594 シナリオ走行を開始しました [シナリオ名: ログイン]
[ADMIN] 17:18:46.144692 シナリオ走行を終了しました [シナリオ名: ログイン]
[ADMIN] 17:18:46.144709 シナリオ走行を開始しました [シナリオ名: ログイン]
[ADMIN] 17:18:46.160019 シナリオ走行を終了しました [シナリオ名: 新規ユーザー登録]
[ADMIN] 17:18:46.160047 シナリオ走行を開始しました [シナリオ名: 新規ユーザー登録]
[ADMIN] 17:18:46.169266 シナリオ走行を終了しました [シナリオ名: ログイン]
[ADMIN] 17:18:46.169275 シナリオ走行を開始しました [シナリオ名: ログイン]
[ADMIN] 17:18:46.196612 シナリオ走行を終了しました [シナリオ名: 新規ユーザー登録]
[ADMIN] 17:18:46.196633 シナリオ走行を開始しました [シナリオ名: 新規ユーザー登録]
[ADMIN] 17:18:46.196958 シナリオ走行を終了しました [シナリオ名: ログイン]
[ADMIN] 17:18:46.196970 シナリオ走行を開始しました [シナリオ名: ログイン]
[ADMIN] 17:18:46.221930 シナリオ走行を終了しました [シナリオ名: ログイン]
[ADMIN] 17:18:46.221941 シナリオ走行を開始しました [シナリオ名: ログイン]
[ADMIN] 17:18:46.233833 シナリオ走行を終了しました [シナリオ名: 新規ユーザー登録]
[ADMIN] 17:18:46.233851 シナリオ走行を開始しました [シナリオ名: 新規ユーザー登録]
[ADMIN] 17:18:46.243267 シナリオ走行を終了しました [シナリオ名: ログイン]
[ADMIN] 17:18:46.243277 シナリオ走行を開始しました [シナリオ名: ログイン]
[ADMIN] 17:18:46.269052 シナリオ走行を終了しました [シナリオ名: 新規ユーザー登録]
[ADMIN] 17:18:46.269072 シナリオ走行を開始しました [シナリオ名: 新規ユーザー登録]
[ADMIN] 17:18:46.270271 シナリオ走行を終了しました [シナリオ名: ログイン]
[ADMIN] 17:18:46.270281 シナリオ走行を開始しました [シナリオ名: ログイン]
[ADMIN] 17:18:46.295876 シナリオ走行を終了しました [シナリオ名: ログイン]
[ADMIN] 17:18:46.295889 シナリオ走行を開始しました [シナリオ名: ログイン]
[ADMIN] 17:18:46.310728 シナリオ走行を終了しました [シナリオ名: 新規ユーザー登録]
[ADMIN] 17:18:46.310753 シナリオ走行を開始しました [シナリオ名: 新規ユーザー登録]
[ADMIN] 17:18:46.317297 シナリオ走行を終了しました [シナリオ名: ログイン]
[ADMIN] 17:18:46.317307 シナリオ走行を開始しました [シナリオ名: ログイン]
[ADMIN] 17:18:46.340938 シナリオ走行を終了しました [シナリオ名: ログイン]
[ADMIN] 17:18:46.340951 シナリオ走行を開始しました [シナリオ名: ログイン]
[ADMIN] 17:18:46.347405 シナリオ走行を終了しました [シナリオ名: 新規ユーザー登録]
[ADMIN] 17:18:46.347428 シナリオ走行を開始しました [シナリオ名: 新規ユーザー登録]
[ADMIN] 17:18:46.375879 シナリオ走行を終了しました [シナリオ名: ログイン]
[ADMIN] 17:18:46.375896 シナリオ走行を開始しました [シナリオ名: ログイン]
[ADMIN] 17:18:46.389894 シナリオ走行を終了しました [シナリオ名: 新規ユーザー登録]
[ADMIN] 17:18:46.389915 シナリオ走行を開始しました [シナリオ名: 新規ユーザー登録]
[ADMIN] 17:18:46.405113 シナリオ走行を終了しました [シナリオ名: ログイン]
[ADMIN] 17:18:46.405125 シナリオ走行を開始しました [シナリオ名: ログイン]
[ADMIN] 17:18:46.425982 シナリオ走行を終了しました [シナリオ名: 新規ユーザー登録]
[ADMIN] 17:18:46.426008 シナリオ走行を開始しました [シナリオ名: 新規ユーザー登録]
[ADMIN] 17:18:46.427747 シナリオ走行を終了しました [シナリオ名: Banユーザログイン]
[ADMIN] 17:18:46.427761 シナリオ走行を開始しました [シナリオ名: Banユーザログイン]
[ADMIN] 17:18:46.432256 シナリオ走行を終了しました [シナリオ名: ログイン]
[ADMIN] 17:18:46.432265 シナリオ走行を開始しました [シナリオ名: ログイン]
[ADMIN] 17:18:46.457251 シナリオ走行を終了しました [シナリオ名: ログイン]
[ADMIN] 17:18:46.457261 シナリオ走行を開始しました [シナリオ名: ログイン]
[ADMIN] 17:18:46.465953 シナリオ走行を終了しました [シナリオ名: 新規ユーザー登録]
[ADMIN] 17:18:46.465972 シナリオ走行を開始しました [シナリオ名: 新規ユーザー登録]
[ADMIN] 17:18:46.480164 シナリオ走行を終了しました [シナリオ名: ログイン]
[ADMIN] 17:18:46.480175 シナリオ走行を開始しました [シナリオ名: ログイン]
[ADMIN] 17:18:46.501047 シナリオ走行を終了しました [シナリオ名: 新規ユーザー登録]
[ADMIN] 17:18:46.501065 シナリオ走行を開始しました [シナリオ名: 新規ユーザー登録]
[ADMIN] 17:18:46.512834 シナリオ走行を終了しました [シナリオ名: ログイン]
[ADMIN] 17:18:46.512847 シナリオ走行を開始しました [シナリオ名: ログイン]
[ADMIN] 17:18:46.540132 シナリオ走行を終了しました [シナリオ名: 新規ユーザー登録]
[ADMIN] 17:18:46.540151 シナリオ走行を開始しました [シナリオ名: 新規ユーザー登録]
[ADMIN] 17:18:46.541435 シナリオ走行を終了しました [シナリオ名: ログイン]
[ADMIN] 17:18:46.541447 シナリオ走行を開始しました [シナリオ名: ログイン]
[ADMIN] 17:18:46.571020 シナリオ走行を終了しました [シナリオ名: ログイン]
[ADMIN] 17:18:46.571034 シナリオ走行を開始しました [シナリオ名: ログイン]
[ADMIN] 17:18:46.581752 シナリオ走行を終了しました [シナリオ名: 新規ユーザー登録]
[ADMIN] 17:18:46.581771 シナリオ走行を開始しました [シナリオ名: 新規ユーザー登録]
[ADMIN] 17:18:46.604358 シナリオ走行を終了しました [シナリオ名: ログイン]
[ADMIN] 17:18:46.604374 シナリオ走行を開始しました [シナリオ名: ログイン]
[ADMIN] 17:18:46.625778 シナリオ走行を終了しました [シナリオ名: 新規ユーザー登録]
[ADMIN] 17:18:46.625799 シナリオ走行を開始しました [シナリオ名: 新規ユーザー登録]
[ADMIN] 17:18:46.632215 シナリオ走行を終了しました [シナリオ名: ログイン]
[ADMIN] 17:18:46.632225 シナリオ走行を開始しました [シナリオ名: ログイン]
[ADMIN] 17:18:46.660959 シナリオ走行を終了しました [シナリオ名: ログイン]
[ADMIN] 17:18:46.660972 シナリオ走行を開始しました [シナリオ名: ログイン]
[ADMIN] 17:18:46.667976 シナリオ走行を終了しました [シナリオ名: 新規ユーザー登録]
[ADMIN] 17:18:46.667997 シナリオ走行を開始しました [シナリオ名: 新規ユーザー登録]
[ADMIN] 17:18:46.692739 シナリオ走行を終了しました [シナリオ名: ログイン]
[ADMIN] 17:18:46.692751 シナリオ走行を開始しました [シナリオ名: ログイン]
[ADMIN] 17:18:46.712403 シナリオ走行を終了しました [シナリオ名: 新規ユーザー登録]
[ADMIN] 17:18:46.712431 シナリオ走行を開始しました [シナリオ名: 新規ユーザー登録]
[ADMIN] 17:18:46.723491 シナリオ走行を終了しました [シナリオ名: ログイン]
[ADMIN] 17:18:46.723503 シナリオ走行を開始しました [シナリオ名: ログイン]
[ADMIN] 17:18:46.748345 シナリオ走行を終了しました [シナリオ名: ログイン]
[ADMIN] 17:18:46.748359 シナリオ走行を開始しました [シナリオ名: ログイン]
[ADMIN] 17:18:46.758117 シナリオ走行を終了しました [シナリオ名: 新規ユーザー登録]
[ADMIN] 17:18:46.758142 シナリオ走行を開始しました [シナリオ名: 新規ユーザー登録]
[ADMIN] 17:18:46.778745 シナリオ走行を終了しました [シナリオ名: ログイン]
[ADMIN] 17:18:46.778760 シナリオ走行を開始しました [シナリオ名: ログイン]
[ADMIN] 17:18:46.797729 シナリオ走行を終了しました [シナリオ名: 新規ユーザー登録]
[ADMIN] 17:18:46.797755 シナリオ走行を開始しました [シナリオ名: 新規ユーザー登録]
[ADMIN] 17:18:46.809183 シナリオ走行を終了しました [シナリオ名: ログイン]
[ADMIN] 17:18:46.809193 シナリオ走行を開始しました [シナリオ名: ログイン]
[ADMIN] 17:18:46.838823 シナリオ走行を終了しました [シナリオ名: ログイン]
[ADMIN] 17:18:46.838836 シナリオ走行を開始しました [シナリオ名: ログイン]
[ADMIN] 17:18:46.845578 シナリオ走行を終了しました [シナリオ名: 新規ユーザー登録]
[ADMIN] 17:18:46.845599 シナリオ走行を開始しました [シナリオ名: 新規ユーザー登録]
[ADMIN] 17:18:46.865544 シナリオ走行を終了しました [シナリオ名: ログイン]
[ADMIN] 17:18:46.865555 シナリオ走行を開始しました [シナリオ名: ログイン]
[ADMIN] 17:18:46.887881 シナリオ走行を終了しました [シナリオ名: 新規ユーザー登録]
[ADMIN] 17:18:46.887903 シナリオ走行を開始しました [シナリオ名: 新規ユーザー登録]
[ADMIN] 17:18:46.897181 シナリオ走行を終了しました [シナリオ名: ログイン]
[ADMIN] 17:18:46.897193 シナリオ走行を開始しました [シナリオ名: ログイン]
[ADMIN] 17:18:46.925157 シナリオ走行を終了しました [シナリオ名: ログイン]
[ADMIN] 17:18:46.925170 シナリオ走行を開始しました [シナリオ名: ログイン]
[ADMIN] 17:18:46.927710 シナリオ走行を終了しました [シナリオ名: 新規ユーザー登録]
[ADMIN] 17:18:46.927730 シナリオ走行を開始しました [シナリオ名: 新規ユーザー登録]
[ADMIN] 17:18:46.931171 シナリオ走行を終了しました [シナリオ名: Banユーザログイン]
[ADMIN] 17:18:46.931183 シナリオ走行を開始しました [シナリオ名: Banユーザログイン]
[ADMIN] 17:18:46.961233 シナリオ走行を終了しました [シナリオ名: ログイン]
[ADMIN] 17:18:46.961248 シナリオ走行を開始しました [シナリオ名: ログイン]
[ADMIN] 17:18:46.967046 シナリオ走行を終了しました [シナリオ名: 新規ユーザー登録]
[ADMIN] 17:18:46.967063 シナリオ走行を開始しました [シナリオ名: 新規ユーザー登録]
[ADMIN] 17:18:46.989152 シナリオ走行を終了しました [シナリオ名: ログイン]
[ADMIN] 17:18:46.989166 シナリオ走行を開始しました [シナリオ名: ログイン]
[ADMIN] 17:18:47.006320 シナリオ走行を終了しました [シナリオ名: 新規ユーザー登録]
[ADMIN] 17:18:47.006346 シナリオ走行を開始しました [シナリオ名: 新規ユーザー登録]
[ADMIN] 17:18:47.014412 シナリオ走行を終了しました [シナリオ名: ログイン]
[ADMIN] 17:18:47.014423 シナリオ走行を開始しました [シナリオ名: ログイン]
[ADMIN] 17:18:47.039554 シナリオ走行を終了しました [シナリオ名: ログイン]
[ADMIN] 17:18:47.039567 シナリオ走行を開始しました [シナリオ名: ログイン]
[ADMIN] 17:18:47.044309 シナリオ走行を終了しました [シナリオ名: 新規ユーザー登録]
[ADMIN] 17:18:47.044328 シナリオ走行を開始しました [シナリオ名: 新規ユーザー登録]
[ADMIN] 17:18:47.065274 シナリオ走行を終了しました [シナリオ名: ログイン]
[ADMIN] 17:18:47.065286 シナリオ走行を開始しました [シナリオ名: ログイン]
[ADMIN] 17:18:47.080472 シナリオ走行を終了しました [シナリオ名: 新規ユーザー登録]
[ADMIN] 17:18:47.080497 シナリオ走行を開始しました [シナリオ名: 新規ユーザー登録]
[ADMIN] 17:18:47.088072 シナリオ走行を終了しました [シナリオ名: ログイン]
[ADMIN] 17:18:47.088084 シナリオ走行を開始しました [シナリオ名: ログイン]
[ADMIN] 17:18:47.112857 シナリオ走行を終了しました [シナリオ名: ログイン]
[ADMIN] 17:18:47.112873 シナリオ走行を開始しました [シナリオ名: ログイン]
[ADMIN] 17:18:47.117111 シナリオ走行を終了しました [シナリオ名: 新規ユーザー登録]
[ADMIN] 17:18:47.117130 シナリオ走行を開始しました [シナリオ名: 新規ユーザー登録]
[ADMIN] 17:18:47.142965 シナリオ走行を終了しました [シナリオ名: ログイン]
[ADMIN] 17:18:47.142979 シナリオ走行を開始しました [シナリオ名: ログイン]
[ADMIN] 17:18:47.154935 シナリオ走行を終了しました [シナリオ名: 新規ユーザー登録]
[ADMIN] 17:18:47.154955 シナリオ走行を開始しました [シナリオ名: 新規ユーザー登録]
[ADMIN] 17:18:47.164560 シナリオ走行を終了しました [シナリオ名: ログイン]
[ADMIN] 17:18:47.164570 シナリオ走行を開始しました [シナリオ名: ログイン]
[ADMIN] 17:18:47.191366 シナリオ走行を終了しました [シナリオ名: ログイン]
[ADMIN] 17:18:47.191378 シナリオ走行を開始しました [シナリオ名: ログイン]
[ADMIN] 17:18:47.193146 シナリオ走行を終了しました [シナリオ名: 新規ユーザー登録]
[ADMIN] 17:18:47.193165 シナリオ走行を開始しました [シナリオ名: 新規ユーザー登録]
[ADMIN] 17:18:47.217427 シナリオ走行を終了しました [シナリオ名: ログイン]
[ADMIN] 17:18:47.217439 シナリオ走行を開始しました [シナリオ名: ログイン]
[ADMIN] 17:18:47.230010 シナリオ走行を終了しました [シナリオ名: 新規ユーザー登録]
[ADMIN] 17:18:47.230030 シナリオ走行を開始しました [シナリオ名: 新規ユーザー登録]
[ADMIN] 17:18:47.237574 シナリオ走行を終了しました [シナリオ名: ログイン]
[ADMIN] 17:18:47.237585 シナリオ走行を開始しました [シナリオ名: ログイン]
[ADMIN] 17:18:47.272292 シナリオ走行を終了しました [シナリオ名: ログイン]
[ADMIN] 17:18:47.272303 シナリオ走行を開始しました [シナリオ名: ログイン]
[ADMIN] 17:18:47.278524 シナリオ走行を終了しました [シナリオ名: 新規ユーザー登録]
[ADMIN] 17:18:47.278545 シナリオ走行を開始しました [シナリオ名: 新規ユーザー登録]
[ADMIN] 17:18:47.297408 シナリオ走行を終了しました [シナリオ名: ログイン]
[ADMIN] 17:18:47.297422 シナリオ走行を開始しました [シナリオ名: ログイン]
[ADMIN] 17:18:47.313227 シナリオ走行を終了しました [シナリオ名: 新規ユーザー登録]
[ADMIN] 17:18:47.313246 シナリオ走行を開始しました [シナリオ名: 新規ユーザー登録]
[ADMIN] 17:18:47.323646 シナリオ走行を終了しました [シナリオ名: ログイン]
[ADMIN] 17:18:47.323658 シナリオ走行を開始しました [シナリオ名: ログイン]
[ADMIN] 17:18:47.347393 シナリオ走行を終了しました [シナリオ名: 新規ユーザー登録]
[ADMIN] 17:18:47.347416 シナリオ走行を開始しました [シナリオ名: 新規ユーザー登録]
[ADMIN] 17:18:47.349986 シナリオ走行を終了しました [シナリオ名: ログイン]
[ADMIN] 17:18:47.349996 シナリオ走行を開始しました [シナリオ名: ログイン]
[ADMIN] 17:18:47.377323 シナリオ走行を終了しました [シナリオ名: ログイン]
[ADMIN] 17:18:47.377333 シナリオ走行を開始しました [シナリオ名: ログイン]
[ADMIN] 17:18:47.384775 シナリオ走行を終了しました [シナリオ名: 新規ユーザー登録]
[ADMIN] 17:18:47.384797 シナリオ走行を開始しました [シナリオ名: 新規ユーザー登録]
[ADMIN] 17:18:47.403694 シナリオ走行を終了しました [シナリオ名: ログイン]
[ADMIN] 17:18:47.403704 シナリオ走行を開始しました [シナリオ名: ログイン]
[ADMIN] 17:18:47.422720 シナリオ走行を終了しました [シナリオ名: 新規ユーザー登録]
[ADMIN] 17:18:47.422745 シナリオ走行を開始しました [シナリオ名: 新規ユーザー登録]
[ADMIN] 17:18:47.431225 シナリオ走行を終了しました [シナリオ名: ログイン]
[ADMIN] 17:18:47.431236 シナリオ走行を開始しました [シナリオ名: ログイン]
[ADMIN] 17:18:47.434829 シナリオ走行を終了しました [シナリオ名: Banユーザログイン]
[ADMIN] 17:18:47.434843 シナリオ走行を開始しました [シナリオ名: Banユーザログイン]
[ADMIN] 17:18:47.459144 シナリオ走行を終了しました [シナリオ名: ログイン]
[ADMIN] 17:18:47.459155 シナリオ走行を開始しました [シナリオ名: ログイン]
[ADMIN] 17:18:47.462400 シナリオ走行を終了しました [シナリオ名: 新規ユーザー登録]
[ADMIN] 17:18:47.462419 シナリオ走行を開始しました [シナリオ名: 新規ユーザー登録]
[ADMIN] 17:18:47.482543 シナリオ走行を終了しました [シナリオ名: ログイン]
[ADMIN] 17:18:47.482554 シナリオ走行を開始しました [シナリオ名: ログイン]
[ADMIN] 17:18:47.499273 シナリオ走行を終了しました [シナリオ名: 新規ユーザー登録]
[ADMIN] 17:18:47.499296 シナリオ走行を開始しました [シナリオ名: 新規ユーザー登録]
[ADMIN] 17:18:47.511765 シナリオ走行を終了しました [シナリオ名: ログイン]
[ADMIN] 17:18:47.511776 シナリオ走行を開始しました [シナリオ名: ログイン]
[ADMIN] 17:18:47.544473 シナリオ走行を終了しました [シナリオ名: 新規ユーザー登録]
[ADMIN] 17:18:47.544492 シナリオ走行を開始しました [シナリオ名: 新規ユーザー登録]
[ADMIN] 17:18:47.545706 シナリオ走行を終了しました [シナリオ名: ログイン]
[ADMIN] 17:18:47.545717 シナリオ走行を開始しました [シナリオ名: ログイン]
[ADMIN] 17:18:47.571938 シナリオ走行を終了しました [シナリオ名: ログイン]
[ADMIN] 17:18:47.571948 シナリオ走行を開始しました [シナリオ名: ログイン]
[ADMIN] 17:18:47.586987 シナリオ走行を終了しました [シナリオ名: 新規ユーザー登録]
[ADMIN] 17:18:47.587007 シナリオ走行を開始しました [シナリオ名: 新規ユーザー登録]
[ADMIN] 17:18:47.599838 シナリオ走行を終了しました [シナリオ名: ログイン]
[ADMIN] 17:18:47.599848 シナリオ走行を開始しました [シナリオ名: ログイン]
[ADMIN] 17:18:47.630548 シナリオ走行を終了しました [シナリオ名: 新規ユーザー登録]
[ADMIN] 17:18:47.630565 シナリオ走行を開始しました [シナリオ名: 新規ユーザー登録]
[ADMIN] 17:18:47.635355 シナリオ走行を終了しました [シナリオ名: ログイン]
[ADMIN] 17:18:47.635366 シナリオ走行を開始しました [シナリオ名: ログイン]
[ADMIN] 17:18:47.662221 シナリオ走行を終了しました [シナリオ名: ログイン]
[ADMIN] 17:18:47.662230 シナリオ走行を開始しました [シナリオ名: ログイン]
[ADMIN] 17:18:47.674237 シナリオ走行を終了しました [シナリオ名: 新規ユーザー登録]
[ADMIN] 17:18:47.674258 シナリオ走行を開始しました [シナリオ名: 新規ユーザー登録]
[ADMIN] 17:18:47.691478 シナリオ走行を終了しました [シナリオ名: ログイン]
[ADMIN] 17:18:47.691488 シナリオ走行を開始しました [シナリオ名: ログイン]
[ADMIN] 17:18:47.717713 シナリオ走行を終了しました [シナリオ名: 新規ユーザー登録]
[ADMIN] 17:18:47.717731 シナリオ走行を開始しました [シナリオ名: 新規ユーザー登録]
[ADMIN] 17:18:47.726363 シナリオ走行を終了しました [シナリオ名: ログイン]
[ADMIN] 17:18:47.726374 シナリオ走行を開始しました [シナリオ名: ログイン]
[ADMIN] 17:18:47.755932 シナリオ走行を終了しました [シナリオ名: ログイン]
[ADMIN] 17:18:47.755941 シナリオ走行を開始しました [シナリオ名: ログイン]
[ADMIN] 17:18:47.758808 シナリオ走行を終了しました [シナリオ名: 新規ユーザー登録]
[ADMIN] 17:18:47.758825 シナリオ走行を開始しました [シナリオ名: 新規ユーザー登録]
[ADMIN] 17:18:47.786659 シナリオ走行を終了しました [シナリオ名: ログイン]
[ADMIN] 17:18:47.786672 シナリオ走行を開始しました [シナリオ名: ログイン]
[ADMIN] 17:18:47.802138 シナリオ走行を終了しました [シナリオ名: 新規ユーザー登録]
[ADMIN] 17:18:47.802163 シナリオ走行を開始しました [シナリオ名: 新規ユーザー登録]
[ADMIN] 17:18:47.814781 シナリオ走行を終了しました [シナリオ名: ログイン]
[ADMIN] 17:18:47.814794 シナリオ走行を開始しました [シナリオ名: ログイン]
[ADMIN] 17:18:47.846739 シナリオ走行を終了しました [シナリオ名: 新規ユーザー登録]
[ADMIN] 17:18:47.846765 シナリオ走行を開始しました [シナリオ名: 新規ユーザー登録]
[ADMIN] 17:18:47.847206 シナリオ走行を終了しました [シナリオ名: ログイン]
[ADMIN] 17:18:47.847217 シナリオ走行を開始しました [シナリオ名: ログイン]
[ADMIN] 17:18:47.876883 シナリオ走行を終了しました [シナリオ名: ログイン]
[ADMIN] 17:18:47.876898 シナリオ走行を開始しました [シナリオ名: ログイン]
[ADMIN] 17:18:47.888954 シナリオ走行を終了しました [シナリオ名: 新規ユーザー登録]
[ADMIN] 17:18:47.888978 シナリオ走行を開始しました [シナリオ名: 新規ユーザー登録]
[ADMIN] 17:18:47.906312 シナリオ走行を終了しました [シナリオ名: ログイン]
[ADMIN] 17:18:47.906329 シナリオ走行を開始しました [シナリオ名: ログイン]
[ADMIN] 17:18:47.931932 シナリオ走行を終了しました [シナリオ名: 新規ユーザー登録]
[ADMIN] 17:18:47.931963 シナリオ走行を開始しました [シナリオ名: 新規ユーザー登録]
[ADMIN] 17:18:47.933073 シナリオ走行を終了しました [シナリオ名: ログイン]
[ADMIN] 17:18:47.933085 シナリオ走行を開始しました [シナリオ名: ログイン]
[ADMIN] 17:18:47.937539 シナリオ走行を終了しました [シナリオ名: Banユーザログイン]
[ADMIN] 17:18:47.937556 シナリオ走行を開始しました [シナリオ名: Banユーザログイン]
[ADMIN] 17:18:47.957317 シナリオ走行を終了しました [シナリオ名: ログイン]
[ADMIN] 17:18:47.957329 シナリオ走行を開始しました [シナリオ名: ログイン]
[ADMIN] 17:18:47.970181 シナリオ走行を終了しました [シナリオ名: 新規ユーザー登録]
[ADMIN] 17:18:47.970204 シナリオ走行を開始しました [シナリオ名: 新規ユーザー登録]
[ADMIN] 17:18:47.980809 シナリオ走行を終了しました [シナリオ名: ログイン]
[ADMIN] 17:18:47.980822 シナリオ走行を開始しました [シナリオ名: ログイン]
[ADMIN] 17:18:48.006979 シナリオ走行を終了しました [シナリオ名: 新規ユーザー登録]
[ADMIN] 17:18:48.007008 シナリオ走行を開始しました [シナリオ名: 新規ユーザー登録]
[ADMIN] 17:18:48.011215 シナリオ走行を終了しました [シナリオ名: ログイン]
[ADMIN] 17:18:48.011228 シナリオ走行を開始しました [シナリオ名: ログイン]
[ADMIN] 17:18:48.034358 シナリオ走行を終了しました [シナリオ名: ログイン]
[ADMIN] 17:18:48.034374 シナリオ走行を開始しました [シナリオ名: ログイン]
[ADMIN] 17:18:48.042877 シナリオ走行を終了しました [シナリオ名: 新規ユーザー登録]
[ADMIN] 17:18:48.042897 シナリオ走行を開始しました [シナリオ名: 新規ユーザー登録]
[ADMIN] 17:18:48.062273 シナリオ走行を終了しました [シナリオ名: ログイン]
[ADMIN] 17:18:48.062290 シナリオ走行を開始しました [シナリオ名: ログイン]
[ADMIN] 17:18:48.079925 シナリオ走行を終了しました [シナリオ名: 新規ユーザー登録]
[ADMIN] 17:18:48.079954 シナリオ走行を開始しました [シナリオ名: 新規ユーザー登録]
[ADMIN] 17:18:48.089661 シナリオ走行を終了しました [シナリオ名: ログイン]
[ADMIN] 17:18:48.089673 シナリオ走行を開始しました [シナリオ名: ログイン]
[ADMIN] 17:18:48.116713 シナリオ走行を終了しました [シナリオ名: ログイン]
[ADMIN] 17:18:48.116726 シナリオ走行を開始しました [シナリオ名: ログイン]
[ADMIN] 17:18:48.121136 シナリオ走行を終了しました [シナリオ名: 新規ユーザー登録]
[ADMIN] 17:18:48.121151 シナリオ走行を開始しました [シナリオ名: 新規ユーザー登録]
[ADMIN] 17:18:48.142946 シナリオ走行を終了しました [シナリオ名: ログイン]
[ADMIN] 17:18:48.142963 シナリオ走行を開始しました [シナリオ名: ログイン]
[ADMIN] 17:18:48.157446 シナリオ走行を終了しました [シナリオ名: 新規ユーザー登録]
[ADMIN] 17:18:48.157465 シナリオ走行を開始しました [シナリオ名: 新規ユーザー登録]
[ADMIN] 17:18:48.166118 シナリオ走行を終了しました [シナリオ名: ログイン]
[ADMIN] 17:18:48.166127 シナリオ走行を開始しました [シナリオ名: ログイン]
[ADMIN] 17:18:48.194744 シナリオ走行を終了しました [シナリオ名: 新規ユーザー登録]
[ADMIN] 17:18:48.194769 シナリオ走行を開始しました [シナリオ名: 新規ユーザー登録]
[ADMIN] 17:18:48.195218 シナリオ走行を終了しました [シナリオ名: ログイン]
[ADMIN] 17:18:48.195230 シナリオ走行を開始しました [シナリオ名: ログイン]
[ADMIN] 17:18:48.220979 シナリオ走行を終了しました [シナリオ名: ログイン]
[ADMIN] 17:18:48.220991 シナリオ走行を開始しました [シナリオ名: ログイン]
[ADMIN] 17:18:48.240773 シナリオ走行を終了しました [シナリオ名: 新規ユーザー登録]
[ADMIN] 17:18:48.240800 シナリオ走行を開始しました [シナリオ名: 新規ユーザー登録]
[ADMIN] 17:18:48.253927 シナリオ走行を終了しました [シナリオ名: ログイン]
[ADMIN] 17:18:48.253940 シナリオ走行を開始しました [シナリオ名: ログイン]
[ADMIN] 17:18:48.278657 シナリオ走行を終了しました [シナリオ名: 新規ユーザー登録]
[ADMIN] 17:18:48.278687 シナリオ走行を開始しました [シナリオ名: 新規ユーザー登録]
[ADMIN] 17:18:48.284726 シナリオ走行を終了しました [シナリオ名: ログイン]
[ADMIN] 17:18:48.284737 シナリオ走行を開始しました [シナリオ名: ログイン]
[ADMIN] 17:18:48.308156 シナリオ走行を終了しました [シナリオ名: ログイン]
[ADMIN] 17:18:48.308166 シナリオ走行を開始しました [シナリオ名: ログイン]
[ADMIN] 17:18:48.314485 シナリオ走行を終了しました [シナリオ名: 新規ユーザー登録]
[ADMIN] 17:18:48.314507 シナリオ走行を開始しました [シナリオ名: 新規ユーザー登録]
[ADMIN] 17:18:48.330866 シナリオ走行を終了しました [シナリオ名: ログイン]
[ADMIN] 17:18:48.330876 シナリオ走行を開始しました [シナリオ名: ログイン]
[ADMIN] 17:18:48.350121 シナリオ走行を終了しました [シナリオ名: 新規ユーザー登録]
[ADMIN] 17:18:48.350142 シナリオ走行を開始しました [シナリオ名: 新規ユーザー登録]
[ADMIN] 17:18:48.359045 シナリオ走行を終了しました [シナリオ名: ログイン]
[ADMIN] 17:18:48.359057 シナリオ走行を開始しました [シナリオ名: ログイン]
[ADMIN] 17:18:48.386422 シナリオ走行を終了しました [シナリオ名: ログイン]
[ADMIN] 17:18:48.386440 シナリオ走行を開始しました [シナリオ名: ログイン]
[ADMIN] 17:18:48.388382 シナリオ走行を終了しました [シナリオ名: 新規ユーザー登録]
[ADMIN] 17:18:48.388400 シナリオ走行を開始しました [シナリオ名: 新規ユーザー登録]
[ADMIN] 17:18:48.412122 シナリオ走行を終了しました [シナリオ名: ログイン]
[ADMIN] 17:18:48.412136 シナリオ走行を開始しました [シナリオ名: ログイン]
[ADMIN] 17:18:48.423875 シナリオ走行を終了しました [シナリオ名: 新規ユーザー登録]
[ADMIN] 17:18:48.423899 シナリオ走行を開始しました [シナリオ名: 新規ユーザー登録]
[ADMIN] 17:18:48.435213 シナリオ走行を終了しました [シナリオ名: ログイン]
[ADMIN] 17:18:48.435224 シナリオ走行を開始しました [シナリオ名: ログイン]
[ADMIN] 17:18:48.440212 シナリオ走行を終了しました [シナリオ名: Banユーザログイン]
[ADMIN] 17:18:48.440227 シナリオ走行を開始しました [シナリオ名: Banユーザログイン]
[ADMIN] 17:18:48.461299 シナリオ走行を終了しました [シナリオ名: ログイン]
[ADMIN] 17:18:48.461310 シナリオ走行を開始しました [シナリオ名: ログイン]
[ADMIN] 17:18:48.463160 シナリオ走行を終了しました [シナリオ名: 新規ユーザー登録]
[ADMIN] 17:18:48.463175 シナリオ走行を開始しました [シナリオ名: 新規ユーザー登録]
[ADMIN] 17:18:48.490832 シナリオ走行を終了しました [シナリオ名: ログイン]
[ADMIN] 17:18:48.490846 シナリオ走行を開始しました [シナリオ名: ログイン]
[ADMIN] 17:18:48.500091 シナリオ走行を終了しました [シナリオ名: 新規ユーザー登録]
[ADMIN] 17:18:48.500110 シナリオ走行を開始しました [シナリオ名: 新規ユーザー登録]
[ADMIN] 17:18:48.518877 シナリオ走行を終了しました [シナリオ名: ログイン]
[ADMIN] 17:18:48.518889 シナリオ走行を開始しました [シナリオ名: ログイン]
[ADMIN] 17:18:48.546406 シナリオ走行を終了しました [シナリオ名: 新規ユーザー登録]
[ADMIN] 17:18:48.546436 シナリオ走行を開始しました [シナリオ名: 新規ユーザー登録]
[ADMIN] 17:18:48.552140 シナリオ走行を終了しました [シナリオ名: ログイン]
[ADMIN] 17:18:48.552150 シナリオ走行を開始しました [シナリオ名: ログイン]
[ADMIN] 17:18:48.585484 シナリオ走行を終了しました [シナリオ名: ログイン]
[ADMIN] 17:18:48.585498 シナリオ走行を開始しました [シナリオ名: ログイン]
[ADMIN] 17:18:48.589248 シナリオ走行を終了しました [シナリオ名: 新規ユーザー登録]
[ADMIN] 17:18:48.589267 シナリオ走行を開始しました [シナリオ名: 新規ユーザー登録]
[ADMIN] 17:18:48.612284 シナリオ走行を終了しました [シナリオ名: ログイン]
[ADMIN] 17:18:48.612297 シナリオ走行を開始しました [シナリオ名: ログイン]
[ADMIN] 17:18:48.631935 シナリオ走行を終了しました [シナリオ名: 新規ユーザー登録]
[ADMIN] 17:18:48.631953 シナリオ走行を開始しました [シナリオ名: 新規ユーザー登録]
[ADMIN] 17:18:48.641600 シナリオ走行を終了しました [シナリオ名: ログイン]
[ADMIN] 17:18:48.641609 シナリオ走行を開始しました [シナリオ名: ログイン]
[ADMIN] 17:18:48.673162 シナリオ走行を終了しました [シナリオ名: 新規ユーザー登録]
[ADMIN] 17:18:48.673182 シナリオ走行を開始しました [シナリオ名: 新規ユーザー登録]
[ADMIN] 17:18:48.673889 シナリオ走行を終了しました [シナリオ名: ログイン]
[ADMIN] 17:18:48.673897 シナリオ走行を開始しました [シナリオ名: ログイン]
[ADMIN] 17:18:48.705015 シナリオ走行を終了しました [シナリオ名: ログイン]
[ADMIN] 17:18:48.705028 シナリオ走行を開始しました [シナリオ名: ログイン]
[ADMIN] 17:18:48.718013 シナリオ走行を終了しました [シナリオ名: 新規ユーザー登録]
[ADMIN] 17:18:48.718036 シナリオ走行を開始しました [シナリオ名: 新規ユーザー登録]
[ADMIN] 17:18:48.735031 シナリオ走行を終了しました [シナリオ名: ログイン]
[ADMIN] 17:18:48.735043 シナリオ走行を開始しました [シナリオ名: ログイン]
[ADMIN] 17:18:48.762331 シナリオ走行を終了しました [シナリオ名: 新規ユーザー登録]
[ADMIN] 17:18:48.762357 シナリオ走行を開始しました [シナリオ名: 新規ユーザー登録]
[ADMIN] 17:18:48.763423 シナリオ走行を終了しました [シナリオ名: ログイン]
[ADMIN] 17:18:48.763432 シナリオ走行を開始しました [シナリオ名: ログイン]
[ADMIN] 17:18:48.796520 シナリオ走行を終了しました [シナリオ名: ログイン]
[ADMIN] 17:18:48.796545 シナリオ走行を開始しました [シナリオ名: ログイン]
[ADMIN] 17:18:48.802063 シナリオ走行を終了しました [シナリオ名: 新規ユーザー登録]
[ADMIN] 17:18:48.802096 シナリオ走行を開始しました [シナリオ名: 新規ユーザー登録]
[ADMIN] 17:18:48.831277 シナリオ走行を終了しました [シナリオ名: ログイン]
[ADMIN] 17:18:48.831286 シナリオ走行を開始しました [シナリオ名: ログイン]
[ADMIN] 17:18:48.843921 シナリオ走行を終了しました [シナリオ名: 新規ユーザー登録]
[ADMIN] 17:18:48.843941 シナリオ走行を開始しました [シナリオ名: 新規ユーザー登録]
[ADMIN] 17:18:48.859699 シナリオ走行を終了しました [シナリオ名: ログイン]
[ADMIN] 17:18:48.859709 シナリオ走行を開始しました [シナリオ名: ログイン]
[ADMIN] 17:18:48.886254 シナリオ走行を終了しました [シナリオ名: 新規ユーザー登録]
[ADMIN] 17:18:48.886272 シナリオ走行を開始しました [シナリオ名: 新規ユーザー登録]
[ADMIN] 17:18:48.890422 シナリオ走行を終了しました [シナリオ名: ログイン]
[ADMIN] 17:18:48.890432 シナリオ走行を開始しました [シナリオ名: ログイン]
[ADMIN] 17:18:48.916433 シナリオ走行を終了しました [シナリオ名: ログイン]
[ADMIN] 17:18:48.916443 シナリオ走行を開始しました [シナリオ名: ログイン]
[ADMIN] 17:18:48.927429 シナリオ走行を終了しました [シナリオ名: 新規ユーザー登録]
[ADMIN] 17:18:48.927450 シナリオ走行を開始しました [シナリオ名: 新規ユーザー登録]
[ADMIN] 17:18:48.942504 シナリオ走行を終了しました [シナリオ名: Banユーザログイン]
[ADMIN] 17:18:48.942518 シナリオ走行を開始しました [シナリオ名: Banユーザログイン]
[ADMIN] 17:18:48.942932 シナリオ走行を終了しました [シナリオ名: ログイン]
[ADMIN] 17:18:48.942940 シナリオ走行を開始しました [シナリオ名: ログイン]
[ADMIN] 17:18:48.968584 シナリオ走行を終了しました [シナリオ名: 新規ユーザー登録]
[ADMIN] 17:18:48.968607 シナリオ走行を開始しました [シナリオ名: 新規ユーザー登録]
[ADMIN] 17:18:48.973586 シナリオ走行を終了しました [シナリオ名: ログイン]
[ADMIN] 17:18:48.973596 シナリオ走行を開始しました [シナリオ名: ログイン]
[ADMIN] 17:18:49.001666 シナリオ走行を終了しました [シナリオ名: ログイン]
[ADMIN] 17:18:49.001676 シナリオ走行を開始しました [シナリオ名: ログイン]
[ADMIN] 17:18:49.004887 シナリオ走行を終了しました [シナリオ名: 新規ユーザー登録]
[ADMIN] 17:18:49.004901 シナリオ走行を開始しました [シナリオ名: 新規ユーザー登録]
[ADMIN] 17:18:49.026754 シナリオ走行を終了しました [シナリオ名: ログイン]
[ADMIN] 17:18:49.026764 シナリオ走行を開始しました [シナリオ名: ログイン]
[ADMIN] 17:18:49.040996 シナリオ走行を終了しました [シナリオ名: 新規ユーザー登録]
[ADMIN] 17:18:49.041014 シナリオ走行を開始しました [シナリオ名: 新規ユーザー登録]
[ADMIN] 17:18:49.056220 シナリオ走行を終了しました [シナリオ名: ログイン]
[ADMIN] 17:18:49.056228 シナリオ走行を開始しました [シナリオ名: ログイン]
[ADMIN] 17:18:49.077937 シナリオ走行を終了しました [シナリオ名: 新規ユーザー登録]
[ADMIN] 17:18:49.077955 シナリオ走行を開始しました [シナリオ名: 新規ユーザー登録]
[ADMIN] 17:18:49.090151 シナリオ走行を終了しました [シナリオ名: ログイン]
[ADMIN] 17:18:49.090159 シナリオ走行を開始しました [シナリオ名: ログイン]
[ADMIN] 17:18:49.111211 シナリオ走行を終了しました [シナリオ名: 新規ユーザー登録]
[ADMIN] 17:18:49.111226 シナリオ走行を開始しました [シナリオ名: 新規ユーザー登録]
[ADMIN] 17:18:49.117691 シナリオ走行を終了しました [シナリオ名: ログイン]
[ADMIN] 17:18:49.117700 シナリオ走行を開始しました [シナリオ名: ログイン]
[ADMIN] 17:18:49.145829 シナリオ走行を終了しました [シナリオ名: ログイン]
[ADMIN] 17:18:49.145841 シナリオ走行を開始しました [シナリオ名: ログイン]
[ADMIN] 17:18:49.148131 シナリオ走行を終了しました [シナリオ名: 新規ユーザー登録]
[ADMIN] 17:18:49.148153 シナリオ走行を開始しました [シナリオ名: 新規ユーザー登録]
[ADMIN] 17:18:49.172572 シナリオ走行を終了しました [シナリオ名: ログイン]
[ADMIN] 17:18:49.172585 シナリオ走行を開始しました [シナリオ名: ログイン]
[ADMIN] 17:18:49.184776 シナリオ走行を終了しました [シナリオ名: 新規ユーザー登録]
[ADMIN] 17:18:49.184799 シナリオ走行を開始しました [シナリオ名: 新規ユーザー登録]
[ADMIN] 17:18:49.201658 シナリオ走行を終了しました [シナリオ名: ログイン]
[ADMIN] 17:18:49.201666 シナリオ走行を開始しました [シナリオ名: ログイン]
[ADMIN] 17:18:49.219335 シナリオ走行を終了しました [シナリオ名: 新規ユーザー登録]
[ADMIN] 17:18:49.219355 シナリオ走行を開始しました [シナリオ名: 新規ユーザー登録]
[ADMIN] 17:18:49.223698 シナリオ走行を終了しました [シナリオ名: ログイン]
[ADMIN] 17:18:49.223709 シナリオ走行を開始しました [シナリオ名: ログイン]
[ADMIN] 17:18:49.251146 シナリオ走行を終了しました [シナリオ名: ログイン]
[ADMIN] 17:18:49.251158 シナリオ走行を開始しました [シナリオ名: ログイン]
[ADMIN] 17:18:49.284149 シナリオ走行を終了しました [シナリオ名: 新規ユーザー登録]
[ADMIN] 17:18:49.284167 シナリオ走行を開始しました [シナリオ名: 新規ユーザー登録]
[ADMIN] 17:18:49.296880 シナリオ走行を終了しました [シナリオ名: ログイン]
[ADMIN] 17:18:49.296892 シナリオ走行を開始しました [シナリオ名: ログイン]
[ADMIN] 17:18:49.319566 シナリオ走行を終了しました [シナリオ名: ログイン]
[ADMIN] 17:18:49.319579 シナリオ走行を開始しました [シナリオ名: ログイン]
[ADMIN] 17:18:49.320012 シナリオ走行を終了しました [シナリオ名: 新規ユーザー登録]
[ADMIN] 17:18:49.320032 シナリオ走行を開始しました [シナリオ名: 新規ユーザー登録]
[ADMIN] 17:18:49.344244 シナリオ走行を終了しました [シナリオ名: ログイン]
[ADMIN] 17:18:49.344257 シナリオ走行を開始しました [シナリオ名: ログイン]
[ADMIN] 17:18:49.358156 シナリオ走行を終了しました [シナリオ名: 新規ユーザー登録]
[ADMIN] 17:18:49.358182 シナリオ走行を開始しました [シナリオ名: 新規ユーザー登録]
[ADMIN] 17:18:49.367461 シナリオ走行を終了しました [シナリオ名: ログイン]
[ADMIN] 17:18:49.367475 シナリオ走行を開始しました [シナリオ名: ログイン]
[ADMIN] 17:18:49.398116 シナリオ走行を終了しました [シナリオ名: 新規ユーザー登録]
[ADMIN] 17:18:49.398138 シナリオ走行を開始しました [シナリオ名: 新規ユーザー登録]
[ADMIN] 17:18:49.398603 シナリオ走行を終了しました [シナリオ名: ログイン]
[ADMIN] 17:18:49.398625 シナリオ走行を開始しました [シナリオ名: ログイン]
[ADMIN] 17:18:49.421190 シナリオ走行を終了しました [シナリオ名: ログイン]
[ADMIN] 17:18:49.421202 シナリオ走行を開始しました [シナリオ名: ログイン]
[ADMIN] 17:18:49.436259 シナリオ走行を終了しました [シナリオ名: 新規ユーザー登録]
[ADMIN] 17:18:49.436280 シナリオ走行を開始しました [シナリオ名: 新規ユーザー登録]
[ADMIN] 17:18:49.444512 シナリオ走行を終了しました [シナリオ名: Banユーザログイン]
[ADMIN] 17:18:49.444534 シナリオ走行を開始しました [シナリオ名: Banユーザログイン]
[ADMIN] 17:18:49.445286 シナリオ走行を終了しました [シナリオ名: ログイン]
[ADMIN] 17:18:49.445296 シナリオ走行を開始しました [シナリオ名: ログイン]
[ADMIN] 17:18:49.471484 シナリオ走行を終了しました [シナリオ名: ログイン]
[ADMIN] 17:18:49.471494 シナリオ走行を開始しました [シナリオ名: ログイン]
[ADMIN] 17:18:49.472504 シナリオ走行を終了しました [シナリオ名: 新規ユーザー登録]
[ADMIN] 17:18:49.472524 シナリオ走行を開始しました [シナリオ名: 新規ユーザー登録]
[ADMIN] 17:18:49.499170 シナリオ走行を終了しました [シナリオ名: ログイン]
[ADMIN] 17:18:49.499183 シナリオ走行を開始しました [シナリオ名: ログイン]
[ADMIN] 17:18:49.514157 シナリオ走行を終了しました [シナリオ名: 新規ユーザー登録]
[ADMIN] 17:18:49.514193 シナリオ走行を開始しました [シナリオ名: 新規ユーザー登録]
[ADMIN] 17:18:49.529268 シナリオ走行を終了しました [シナリオ名: ログイン]
[ADMIN] 17:18:49.529279 シナリオ走行を開始しました [シナリオ名: ログイン]
[ADMIN] 17:18:49.557821 シナリオ走行を終了しました [シナリオ名: 新規ユーザー登録]
[ADMIN] 17:18:49.557849 シナリオ走行を開始しました [シナリオ名: 新規ユーザー登録]
[ADMIN] 17:18:49.561464 シナリオ走行を終了しました [シナリオ名: ログイン]
[ADMIN] 17:18:49.561475 シナリオ走行を開始しました [シナリオ名: ログイン]
[ADMIN] 17:18:49.590670 シナリオ走行を終了しました [シナリオ名: ログイン]
[ADMIN] 17:18:49.590687 シナリオ走行を開始しました [シナリオ名: ログイン]
[ADMIN] 17:18:49.599913 シナリオ走行を終了しました [シナリオ名: 新規ユーザー登録]
[ADMIN] 17:18:49.599934 シナリオ走行を開始しました [シナリオ名: 新規ユーザー登録]
[ADMIN] 17:18:49.619099 シナリオ走行を終了しました [シナリオ名: ログイン]
[ADMIN] 17:18:49.619109 シナリオ走行を開始しました [シナリオ名: ログイン]
[ADMIN] 17:18:49.645471 シナリオ走行を終了しました [シナリオ名: 新規ユーザー登録]
[ADMIN] 17:18:49.645493 シナリオ走行を開始しました [シナリオ名: 新規ユーザー登録]
[ADMIN] 17:18:49.649924 シナリオ走行を終了しました [シナリオ名: ログイン]
[ADMIN] 17:18:49.649935 シナリオ走行を開始しました [シナリオ名: ログイン]
[ADMIN] 17:18:49.682257 シナリオ走行を終了しました [シナリオ名: ログイン]
[ADMIN] 17:18:49.682269 シナリオ走行を開始しました [シナリオ名: ログイン]
[ADMIN] 17:18:49.687627 シナリオ走行を終了しました [シナリオ名: 新規ユーザー登録]
[ADMIN] 17:18:49.687641 シナリオ走行を開始しました [シナリオ名: 新規ユーザー登録]
[ADMIN] 17:18:49.715812 シナリオ走行を終了しました [シナリオ名: ログイン]
[ADMIN] 17:18:49.715823 シナリオ走行を開始しました [シナリオ名: ログイン]
[ADMIN] 17:18:49.731711 シナリオ走行を終了しました [シナリオ名: 新規ユーザー登録]
[ADMIN] 17:18:49.731727 シナリオ走行を開始しました [シナリオ名: 新規ユーザー登録]
[ADMIN] 17:18:49.747321 シナリオ走行を終了しました [シナリオ名: ログイン]
[ADMIN] 17:18:49.747332 シナリオ走行を開始しました [シナリオ名: ログイン]
[ADMIN] 17:18:49.773488 シナリオ走行を終了しました [シナリオ名: ログイン]
[ADMIN] 17:18:49.773498 シナリオ走行を開始しました [シナリオ名: ログイン]
[ADMIN] 17:18:49.778359 シナリオ走行を終了しました [シナリオ名: 新規ユーザー登録]
[ADMIN] 17:18:49.778376 シナリオ走行を開始しました [シナリオ名: 新規ユーザー登録]
[ADMIN] 17:18:49.799171 シナリオ走行を終了しました [シナリオ名: ログイン]
[ADMIN] 17:18:49.799182 シナリオ走行を開始しました [シナリオ名: ログイン]
[ADMIN] 17:18:49.819709 シナリオ走行を終了しました [シナリオ名: 新規ユーザー登録]
[ADMIN] 17:18:49.819730 シナリオ走行を開始しました [シナリオ名: 新規ユーザー登録]
[ADMIN] 17:18:49.827375 シナリオ走行を終了しました [シナリオ名: ログイン]
[ADMIN] 17:18:49.827384 シナリオ走行を開始しました [シナリオ名: ログイン]
[ADMIN] 17:18:49.857218 シナリオ走行を終了しました [シナリオ名: ログイン]
[ADMIN] 17:18:49.857227 シナリオ走行を開始しました [シナリオ名: ログイン]
[ADMIN] 17:18:49.862085 シナリオ走行を終了しました [シナリオ名: 新規ユーザー登録]
[ADMIN] 17:18:49.862104 シナリオ走行を開始しました [シナリオ名: 新規ユーザー登録]
[ADMIN] 17:18:49.883458 シナリオ走行を終了しました [シナリオ名: ログイン]
[ADMIN] 17:18:49.883467 シナリオ走行を開始しました [シナリオ名: ログイン]
[ADMIN] 17:18:49.901437 シナリオ走行を終了しました [シナリオ名: 新規ユーザー登録]
[ADMIN] 17:18:49.901458 シナリオ走行を開始しました [シナリオ名: 新規ユーザー登録]
[ADMIN] 17:18:49.910234 シナリオ走行を終了しました [シナリオ名: ログイン]
[ADMIN] 17:18:49.910245 シナリオ走行を開始しました [シナリオ名: ログイン]
[ADMIN] 17:18:49.938093 シナリオ走行を終了しました [シナリオ名: ログイン]
[ADMIN] 17:18:49.938106 シナリオ走行を開始しました [シナリオ名: ログイン]
[ADMIN] 17:18:49.944220 シナリオ走行を終了しました [シナリオ名: 新規ユーザー登録]
[ADMIN] 17:18:49.944241 シナリオ走行を開始しました [シナリオ名: 新規ユーザー登録]
[ADMIN] 17:18:49.947162 シナリオ走行を終了しました [シナリオ名: Banユーザログイン]
[ADMIN] 17:18:49.947177 シナリオ走行を開始しました [シナリオ名: Banユーザログイン]
[ADMIN] 17:18:49.967998 シナリオ走行を終了しました [シナリオ名: ログイン]
[ADMIN] 17:18:49.968009 シナリオ走行を開始しました [シナリオ名: ログイン]
[ADMIN] 17:18:49.983402 シナリオ走行を終了しました [シナリオ名: 新規ユーザー登録]
[ADMIN] 17:18:49.983419 シナリオ走行を開始しました [シナリオ名: 新規ユーザー登録]
[ADMIN] 17:18:49.996456 シナリオ走行を終了しました [シナリオ名: ログイン]
[ADMIN] 17:18:49.996466 シナリオ走行を開始しました [シナリオ名: ログイン]
[ADMIN] 17:18:50.020266 シナリオ走行を終了しました [シナリオ名: 新規ユーザー登録]
[ADMIN] 17:18:50.020288 シナリオ走行を開始しました [シナリオ名: 新規ユーザー登録]
[ADMIN] 17:18:50.026582 シナリオ走行を終了しました [シナリオ名: ログイン]
[ADMIN] 17:18:50.026590 シナリオ走行を開始しました [シナリオ名: ログイン]
[ADMIN] 17:18:50.055738 シナリオ走行を終了しました [シナリオ名: 新規ユーザー登録]
[ADMIN] 17:18:50.055760 シナリオ走行を開始しました [シナリオ名: 新規ユーザー登録]
[ADMIN] 17:18:50.056491 シナリオ走行を終了しました [シナリオ名: ログイン]
[ADMIN] 17:18:50.056501 シナリオ走行を開始しました [シナリオ名: ログイン]
[ADMIN] 17:18:50.086493 シナリオ走行を終了しました [シナリオ名: ログイン]
[ADMIN] 17:18:50.086508 シナリオ走行を開始しました [シナリオ名: ログイン]
[ADMIN] 17:18:50.090800 シナリオ走行を終了しました [シナリオ名: 新規ユーザー登録]
[ADMIN] 17:18:50.090821 シナリオ走行を開始しました [シナリオ名: 新規ユーザー登録]
[ADMIN] 17:18:50.111851 シナリオ走行を終了しました [シナリオ名: ログイン]
[ADMIN] 17:18:50.111867 シナリオ走行を開始しました [シナリオ名: ログイン]
[ADMIN] 17:18:50.128288 シナリオ走行を終了しました [シナリオ名: 新規ユーザー登録]
[ADMIN] 17:18:50.128319 シナリオ走行を開始しました [シナリオ名: 新規ユーザー登録]
[ADMIN] 17:18:50.134862 シナリオ走行を終了しました [シナリオ名: ログイン]
[ADMIN] 17:18:50.134872 シナリオ走行を開始しました [シナリオ名: ログイン]
[ADMIN] 17:18:50.170271 シナリオ走行を終了しました [シナリオ名: ログイン]
[ADMIN] 17:18:50.170284 シナリオ走行を開始しました [シナリオ名: ログイン]
[ADMIN] 17:18:50.174037 シナリオ走行を終了しました [シナリオ名: 新規ユーザー登録]
[ADMIN] 17:18:50.174058 シナリオ走行を開始しました [シナリオ名: 新規ユーザー登録]
[ADMIN] 17:18:50.193182 シナリオ走行を終了しました [シナリオ名: ログイン]
[ADMIN] 17:18:50.193195 シナリオ走行を開始しました [シナリオ名: ログイン]
[ADMIN] 17:18:50.213763 シナリオ走行を終了しました [シナリオ名: 新規ユーザー登録]
[ADMIN] 17:18:50.213784 シナリオ走行を開始しました [シナリオ名: 新規ユーザー登録]
[ADMIN] 17:18:50.217330 シナリオ走行を終了しました [シナリオ名: ログイン]
[ADMIN] 17:18:50.217341 シナリオ走行を開始しました [シナリオ名: ログイン]
[ADMIN] 17:18:50.239072 シナリオ走行を終了しました [シナリオ名: ログイン]
[ADMIN] 17:18:50.239084 シナリオ走行を開始しました [シナリオ名: ログイン]
[ADMIN] 17:18:50.252744 シナリオ走行を終了しました [シナリオ名: 新規ユーザー登録]
[ADMIN] 17:18:50.252772 シナリオ走行を開始しました [シナリオ名: 新規ユーザー登録]
[ADMIN] 17:18:50.266527 シナリオ走行を終了しました [シナリオ名: ログイン]
[ADMIN] 17:18:50.266541 シナリオ走行を開始しました [シナリオ名: ログイン]
[ADMIN] 17:18:50.289026 シナリオ走行を終了しました [シナリオ名: 新規ユーザー登録]
[ADMIN] 17:18:50.289050 シナリオ走行を開始しました [シナリオ名: 新規ユーザー登録]
[ADMIN] 17:18:50.294122 シナリオ走行を終了しました [シナリオ名: ログイン]
[ADMIN] 17:18:50.294132 シナリオ走行を開始しました [シナリオ名: ログイン]
[ADMIN] 17:18:50.317903 シナリオ走行を終了しました [シナリオ名: ログイン]
[ADMIN] 17:18:50.317914 シナリオ走行を開始しました [シナリオ名: ログイン]
[ADMIN] 17:18:50.328605 シナリオ走行を終了しました [シナリオ名: 新規ユーザー登録]
[ADMIN] 17:18:50.328626 シナリオ走行を開始しました [シナリオ名: 新規ユーザー登録]
[ADMIN] 17:18:50.339855 シナリオ走行を終了しました [シナリオ名: ログイン]
[ADMIN] 17:18:50.339864 シナリオ走行を開始しました [シナリオ名: ログイン]
[ADMIN] 17:18:50.364996 シナリオ走行を終了しました [シナリオ名: 新規ユーザー登録]
[ADMIN] 17:18:50.365018 シナリオ走行を開始しました [シナリオ名: 新規ユーザー登録]
[ADMIN] 17:18:50.367055 シナリオ走行を終了しました [シナリオ名: ログイン]
[ADMIN] 17:18:50.367065 シナリオ走行を開始しました [シナリオ名: ログイン]
[ADMIN] 17:18:50.395526 シナリオ走行を終了しました [シナリオ名: ログイン]
[ADMIN] 17:18:50.395537 シナリオ走行を開始しました [シナリオ名: ログイン]
[ADMIN] 17:18:50.400143 シナリオ走行を終了しました [シナリオ名: 新規ユーザー登録]
[ADMIN] 17:18:50.400157 シナリオ走行を開始しました [シナリオ名: 新規ユーザー登録]
[ADMIN] 17:18:50.420808 シナリオ走行を終了しました [シナリオ名: ログイン]
[ADMIN] 17:18:50.420818 シナリオ走行を開始しました [シナリオ名: ログイン]
[ADMIN] 17:18:50.436080 シナリオ走行を終了しました [シナリオ名: 新規ユーザー登録]
[ADMIN] 17:18:50.436099 シナリオ走行を開始しました [シナリオ名: 新規ユーザー登録]
[ADMIN] 17:18:50.443472 シナリオ走行を終了しました [シナリオ名: ログイン]
[ADMIN] 17:18:50.443483 シナリオ走行を開始しました [シナリオ名: ログイン]
[ADMIN] 17:18:50.449632 シナリオ走行を終了しました [シナリオ名: Banユーザログイン]
[ADMIN] 17:18:50.449646 シナリオ走行を開始しました [シナリオ名: Banユーザログイン]
[ADMIN] 17:18:50.472644 シナリオ走行を終了しました [シナリオ名: ログイン]
[ADMIN] 17:18:50.472655 シナリオ走行を開始しました [シナリオ名: ログイン]
[ADMIN] 17:18:50.475154 シナリオ走行を終了しました [シナリオ名: 新規ユーザー登録]
[ADMIN] 17:18:50.475171 シナリオ走行を開始しました [シナリオ名: 新規ユーザー登録]
[ADMIN] 17:18:50.500838 シナリオ走行を終了しました [シナリオ名: ログイン]
[ADMIN] 17:18:50.500847 シナリオ走行を開始しました [シナリオ名: ログイン]
[ADMIN] 17:18:50.519579 シナリオ走行を終了しました [シナリオ名: 新規ユーザー登録]
[ADMIN] 17:18:50.519597 シナリオ走行を開始しました [シナリオ名: 新規ユーザー登録]
[ADMIN] 17:18:50.532096 シナリオ走行を終了しました [シナリオ名: ログイン]
[ADMIN] 17:18:50.532105 シナリオ走行を開始しました [シナリオ名: ログイン]
[ADMIN] 17:18:50.561846 シナリオ走行を終了しました [シナリオ名: 新規ユーザー登録]
[ADMIN] 17:18:50.561866 シナリオ走行を開始しました [シナリオ名: 新規ユーザー登録]
[ADMIN] 17:18:50.564894 シナリオ走行を終了しました [シナリオ名: ログイン]
[ADMIN] 17:18:50.564904 シナリオ走行を開始しました [シナリオ名: ログイン]
[ADMIN] 17:18:50.600771 シナリオ走行を終了しました [シナリオ名: ログイン]
[ADMIN] 17:18:50.600780 シナリオ走行を開始しました [シナリオ名: ログイン]
[ADMIN] 17:18:50.606872 シナリオ走行を終了しました [シナリオ名: 新規ユーザー登録]
[ADMIN] 17:18:50.606892 シナリオ走行を開始しました [シナリオ名: 新規ユーザー登録]
[ADMIN] 17:18:50.630055 シナリオ走行を終了しました [シナリオ名: ログイン]
[ADMIN] 17:18:50.630071 シナリオ走行を開始しました [シナリオ名: ログイン]
[ADMIN] 17:18:50.648921 シナリオ走行を終了しました [シナリオ名: 新規ユーザー登録]
[ADMIN] 17:18:50.648943 シナリオ走行を開始しました [シナリオ名: 新規ユーザー登録]
[ADMIN] 17:18:50.656127 シナリオ走行を終了しました [シナリオ名: ログイン]
[ADMIN] 17:18:50.656136 シナリオ走行を開始しました [シナリオ名: ログイン]
[ADMIN] 17:18:50.694676 シナリオ走行を終了しました [シナリオ名: ログイン]
[ADMIN] 17:18:50.694696 シナリオ走行を開始しました [シナリオ名: ログイン]
[ADMIN] 17:18:50.697878 シナリオ走行を終了しました [シナリオ名: 新規ユーザー登録]
[ADMIN] 17:18:50.697902 シナリオ走行を開始しました [シナリオ名: 新規ユーザー登録]
[ADMIN] 17:18:50.730555 シナリオ走行を終了しました [シナリオ名: ログイン]
[ADMIN] 17:18:50.730572 シナリオ走行を開始しました [シナリオ名: ログイン]
[ADMIN] 17:18:50.738809 シナリオ走行を終了しました [シナリオ名: 新規ユーザー登録]
[ADMIN] 17:18:50.738834 シナリオ走行を開始しました [シナリオ名: 新規ユーザー登録]
[ADMIN] 17:18:50.760094 シナリオ走行を終了しました [シナリオ名: ログイン]
[ADMIN] 17:18:50.760110 シナリオ走行を開始しました [シナリオ名: ログイン]
[ADMIN] 17:18:50.783450 シナリオ走行を終了しました [シナリオ名: 新規ユーザー登録]
[ADMIN] 17:18:50.783477 シナリオ走行を開始しました [シナリオ名: 新規ユーザー登録]
[ADMIN] 17:18:50.791647 シナリオ走行を終了しました [シナリオ名: ログイン]
[ADMIN] 17:18:50.791660 シナリオ走行を開始しました [シナリオ名: ログイン]
[ADMIN] 17:18:50.818524 シナリオ走行を終了しました [シナリオ名: ログイン]
[ADMIN] 17:18:50.818539 シナリオ走行を開始しました [シナリオ名: ログイン]
[ADMIN] 17:18:50.826230 シナリオ走行を終了しました [シナリオ名: 新規ユーザー登録]
[ADMIN] 17:18:50.826253 シナリオ走行を開始しました [シナリオ名: 新規ユーザー登録]
[ADMIN] 17:18:50.848374 シナリオ走行を終了しました [シナリオ名: ログイン]
[ADMIN] 17:18:50.848387 シナリオ走行を開始しました [シナリオ名: ログイン]
[ADMIN] 17:18:50.872896 シナリオ走行を終了しました [シナリオ名: 新規ユーザー登録]
[ADMIN] 17:18:50.872920 シナリオ走行を開始しました [シナリオ名: 新規ユーザー登録]
[ADMIN] 17:18:50.881622 シナリオ走行を終了しました [シナリオ名: ログイン]
[ADMIN] 17:18:50.881634 シナリオ走行を開始しました [シナリオ名: ログイン]
[ADMIN] 17:18:50.912949 シナリオ走行を終了しました [シナリオ名: ログイン]
[ADMIN] 17:18:50.912961 シナリオ走行を開始しました [シナリオ名: ログイン]
[ADMIN] 17:18:50.915052 シナリオ走行を終了しました [シナリオ名: 新規ユーザー登録]
[ADMIN] 17:18:50.915074 シナリオ走行を開始しました [シナリオ名: 新規ユーザー登録]
[ADMIN] 17:18:50.940849 シナリオ走行を終了しました [シナリオ名: ログイン]
[ADMIN] 17:18:50.940862 シナリオ走行を開始しました [シナリオ名: ログイン]
[ADMIN] 17:18:50.952258 シナリオ走行を終了しました [シナリオ名: Banユーザログイン]
[ADMIN] 17:18:50.952277 シナリオ走行を開始しました [シナリオ名: Banユーザログイン]
[ADMIN] 17:18:50.957567 シナリオ走行を終了しました [シナリオ名: 新規ユーザー登録]
[ADMIN] 17:18:50.957590 シナリオ走行を開始しました [シナリオ名: 新規ユーザー登録]
[ADMIN] 17:18:50.964998 シナリオ走行を終了しました [シナリオ名: ログイン]
[ADMIN] 17:18:50.965010 シナリオ走行を開始しました [シナリオ名: ログイン]
[ADMIN] 17:18:50.988919 シナリオ走行を終了しました [シナリオ名: ログイン]
[ADMIN] 17:18:50.988933 シナリオ走行を開始しました [シナリオ名: ログイン]
[ADMIN] 17:18:50.995982 シナリオ走行を終了しました [シナリオ名: 新規ユーザー登録]
[ADMIN] 17:18:50.996005 シナリオ走行を開始しました [シナリオ名: 新規ユーザー登録]
[ADMIN] 17:18:51.013913 シナリオ走行を終了しました [シナリオ名: ログイン]
[ADMIN] 17:18:51.013924 シナリオ走行を開始しました [シナリオ名: ログイン]
[ADMIN] 17:18:51.036930 シナリオ走行を終了しました [シナリオ名: ログイン]
[ADMIN] 17:18:51.036940 シナリオ走行を開始しました [シナリオ名: ログイン]
[ADMIN] 17:18:51.038730 シナリオ走行を終了しました [シナリオ名: 新規ユーザー登録]
[ADMIN] 17:18:51.038752 シナリオ走行を開始しました [シナリオ名: 新規ユーザー登録]
[ADMIN] 17:18:51.064705 シナリオ走行を終了しました [シナリオ名: ログイン]
[ADMIN] 17:18:51.064716 シナリオ走行を開始しました [シナリオ名: ログイン]
[ADMIN] 17:18:51.073931 シナリオ走行を終了しました [シナリオ名: 新規ユーザー登録]
[ADMIN] 17:18:51.073950 シナリオ走行を開始しました [シナリオ名: 新規ユーザー登録]
[ADMIN] 17:18:51.090436 シナリオ走行を終了しました [シナリオ名: ログイン]
[ADMIN] 17:18:51.090448 シナリオ走行を開始しました [シナリオ名: ログイン]
[ADMIN] 17:18:51.111310 シナリオ走行を終了しました [シナリオ名: 新規ユーザー登録]
[ADMIN] 17:18:51.111331 シナリオ走行を開始しました [シナリオ名: 新規ユーザー登録]
[ADMIN] 17:18:51.116140 シナリオ走行を終了しました [シナリオ名: ログイン]
[ADMIN] 17:18:51.116150 シナリオ走行を開始しました [シナリオ名: ログイン]
[ADMIN] 17:18:51.139434 シナリオ走行を終了しました [シナリオ名: ログイン]
[ADMIN] 17:18:51.139445 シナリオ走行を開始しました [シナリオ名: ログイン]
[ADMIN] 17:18:51.149820 シナリオ走行を終了しました [シナリオ名: 新規ユーザー登録]
[ADMIN] 17:18:51.149842 シナリオ走行を開始しました [シナリオ名: 新規ユーザー登録]
[ADMIN] 17:18:51.165495 シナリオ走行を終了しました [シナリオ名: ログイン]
[ADMIN] 17:18:51.165513 シナリオ走行を開始しました [シナリオ名: ログイン]
[ADMIN] 17:18:51.187703 シナリオ走行を終了しました [シナリオ名: 新規ユーザー登録]
[ADMIN] 17:18:51.187728 シナリオ走行を開始しました [シナリオ名: 新規ユーザー登録]
[ADMIN] 17:18:51.195990 シナリオ走行を終了しました [シナリオ名: ログイン]
[ADMIN] 17:18:51.196001 シナリオ走行を開始しました [シナリオ名: ログイン]
[ADMIN] 17:18:51.223572 シナリオ走行を終了しました [シナリオ名: 新規ユーザー登録]
[ADMIN] 17:18:51.223593 シナリオ走行を開始しました [シナリオ名: 新規ユーザー登録]
[ADMIN] 17:18:51.226369 シナリオ走行を終了しました [シナリオ名: ログイン]
[ADMIN] 17:18:51.226378 シナリオ走行を開始しました [シナリオ名: ログイン]
[ADMIN] 17:18:51.253939 シナリオ走行を終了しました [シナリオ名: ログイン]
[ADMIN] 17:18:51.253948 シナリオ走行を開始しました [シナリオ名: ログイン]
[ADMIN] 17:18:51.261972 シナリオ走行を終了しました [シナリオ名: 新規ユーザー登録]
[ADMIN] 17:18:51.261992 シナリオ走行を開始しました [シナリオ名: 新規ユーザー登録]
[ADMIN] 17:18:51.280717 シナリオ走行を終了しました [シナリオ名: ログイン]
[ADMIN] 17:18:51.280726 シナリオ走行を開始しました [シナリオ名: ログイン]
[ADMIN] 17:18:51.301056 シナリオ走行を終了しました [シナリオ名: 新規ユーザー登録]
[ADMIN] 17:18:51.301071 シナリオ走行を開始しました [シナリオ名: 新規ユーザー登録]
[ADMIN] 17:18:51.308207 シナリオ走行を終了しました [シナリオ名: ログイン]
[ADMIN] 17:18:51.308217 シナリオ走行を開始しました [シナリオ名: ログイン]
[ADMIN] 17:18:51.333258 シナリオ走行を終了しました [シナリオ名: ログイン]
[ADMIN] 17:18:51.333269 シナリオ走行を開始しました [シナリオ名: ログイン]
[ADMIN] 17:18:51.337434 シナリオ走行を終了しました [シナリオ名: 新規ユーザー登録]
[ADMIN] 17:18:51.337450 シナリオ走行を開始しました [シナリオ名: 新規ユーザー登録]
[ADMIN] 17:18:51.362771 シナリオ走行を終了しました [シナリオ名: ログイン]
[ADMIN] 17:18:51.362781 シナリオ走行を開始しました [シナリオ名: ログイン]
[ADMIN] 17:18:51.380186 シナリオ走行を終了しました [シナリオ名: 新規ユーザー登録]
[ADMIN] 17:18:51.380204 シナリオ走行を開始しました [シナリオ名: 新規ユーザー登録]
17:18:51.386728 現在のログイン成功数: [total: 346 (+346人)]
17:18:51.386735 現在のユーザー登録成功数: [total: 241 (+241人)]
[ADMIN] 17:18:51.389471 シナリオ走行を終了しました [シナリオ名: ログイン]
[ADMIN] 17:18:51.389482 シナリオ走行を開始しました [シナリオ名: ログイン]
[ADMIN] 17:18:51.415604 シナリオ走行を終了しました [シナリオ名: ログイン]
[ADMIN] 17:18:51.415637 シナリオ走行を開始しました [シナリオ名: ログイン]
[ADMIN] 17:18:51.415673 シナリオ走行を開始しました [シナリオ名: ログイン]
[ADMIN] 17:18:51.415694 シナリオ走行を開始しました [シナリオ名: ログイン]
[ADMIN] 17:18:51.415697 シナリオ走行を開始しました [シナリオ名: ログイン]
[ADMIN] 17:18:51.415793 シナリオ走行を開始しました [シナリオ名: ログイン]
[ADMIN] 17:18:51.415796 シナリオ走行を開始しました [シナリオ名: ログイン]
[ADMIN] 17:18:51.415856 シナリオ走行を開始しました [シナリオ名: ログイン]
[ADMIN] 17:18:51.415885 シナリオ走行を開始しました [シナリオ名: ログイン]
[ADMIN] 17:18:51.415895 シナリオ走行を開始しました [シナリオ名: ログイン]
[ADMIN] 17:18:51.415944 シナリオ走行を開始しました [シナリオ名: ログイン]
[ADMIN] 17:18:51.416009 シナリオ走行を開始しました [シナリオ名: ログイン]
[ADMIN] 17:18:51.416041 シナリオ走行を開始しました [シナリオ名: ログイン]
[ADMIN] 17:18:51.416148 シナリオ走行を開始しました [シナリオ名: ログイン]
[ADMIN] 17:18:51.439419 シナリオ走行を終了しました [シナリオ名: 新規ユーザー登録]
[ADMIN] 17:18:51.439437 シナリオ走行を開始しました [シナリオ名: 新規ユーザー登録]
[ADMIN] 17:18:51.454135 シナリオ走行を終了しました [シナリオ名: Banユーザログイン]
[ADMIN] 17:18:51.454147 シナリオ走行を開始しました [シナリオ名: Banユーザログイン]
[ADMIN] 17:18:51.538779 シナリオ走行を終了しました [シナリオ名: ログイン]
[ADMIN] 17:18:51.538792 シナリオ走行を開始しました [シナリオ名: ログイン]
[ADMIN] 17:18:51.570425 シナリオ走行を終了しました [シナリオ名: ログイン]
[ADMIN] 17:18:51.570437 シナリオ走行を開始しました [シナリオ名: ログイン]
[ADMIN] 17:18:51.572022 シナリオ走行を終了しました [シナリオ名: ログイン]
[ADMIN] 17:18:51.572031 シナリオ走行を開始しました [シナリオ名: ログイン]
[ADMIN] 17:18:51.579691 シナリオ走行を終了しました [シナリオ名: ログイン]
[ADMIN] 17:18:51.579702 シナリオ走行を開始しました [シナリオ名: ログイン]
[ADMIN] 17:18:51.597323 シナリオ走行を終了しました [シナリオ名: ログイン]
[ADMIN] 17:18:51.597337 シナリオ走行を開始しました [シナリオ名: ログイン]
[ADMIN] 17:18:51.599878 シナリオ走行を終了しました [シナリオ名: ログイン]
[ADMIN] 17:18:51.599887 シナリオ走行を開始しました [シナリオ名: ログイン]
[ADMIN] 17:18:51.605890 シナリオ走行を終了しました [シナリオ名: ログイン]
[ADMIN] 17:18:51.605901 シナリオ走行を開始しました [シナリオ名: ログイン]
[ADMIN] 17:18:51.630832 シナリオ走行を終了しました [シナリオ名: ログイン]
[ADMIN] 17:18:51.630843 シナリオ走行を開始しました [シナリオ名: ログイン]
[ADMIN] 17:18:51.640759 シナリオ走行を終了しました [シナリオ名: ログイン]
[ADMIN] 17:18:51.640769 シナリオ走行を開始しました [シナリオ名: ログイン]
[ADMIN] 17:18:51.650096 シナリオ走行を終了しました [シナリオ名: ログイン]
[ADMIN] 17:18:51.650106 シナリオ走行を開始しました [シナリオ名: ログイン]
[ADMIN] 17:18:51.671899 シナリオ走行を終了しました [シナリオ名: ログイン]
[ADMIN] 17:18:51.671910 シナリオ走行を開始しました [シナリオ名: ログイン]
[ADMIN] 17:18:51.686454 シナリオ走行を終了しました [シナリオ名: ログイン]
[ADMIN] 17:18:51.686468 シナリオ走行を開始しました [シナリオ名: ログイン]
[ADMIN] 17:18:51.696201 シナリオ走行を終了しました [シナリオ名: ログイン]
[ADMIN] 17:18:51.696215 シナリオ走行を開始しました [シナリオ名: ログイン]
[ADMIN] 17:18:51.709918 シナリオ走行を終了しました [シナリオ名: ログイン]
[ADMIN] 17:18:51.709932 シナリオ走行を開始しました [シナリオ名: ログイン]
[ADMIN] 17:18:51.717152 シナリオ走行を終了しました [シナリオ名: ログイン]
[ADMIN] 17:18:51.717164 シナリオ走行を開始しました [シナリオ名: ログイン]
[ADMIN] 17:18:51.771189 シナリオ走行を終了しました [シナリオ名: ログイン]
[ADMIN] 17:18:51.771203 シナリオ走行を開始しました [シナリオ名: ログイン]
[ADMIN] 17:18:51.777538 シナリオ走行を終了しました [シナリオ名: ログイン]
[ADMIN] 17:18:51.777550 シナリオ走行を開始しました [シナリオ名: ログイン]
[ADMIN] 17:18:51.795260 シナリオ走行を終了しました [シナリオ名: 新規ユーザー登録]
[ADMIN] 17:18:51.795298 シナリオ走行を開始しました [シナリオ名: 新規ユーザー登録]
[ADMIN] 17:18:51.795335 シナリオ走行を開始しました [シナリオ名: 新規ユーザー登録]
[ADMIN] 17:18:51.795365 シナリオ走行を開始しました [シナリオ名: 新規ユーザー登録]
[ADMIN] 17:18:51.795419 シナリオ走行を開始しました [シナリオ名: 新規ユーザー登録]
[ADMIN] 17:18:51.795452 シナリオ走行を開始しました [シナリオ名: 新規ユーザー登録]
[ADMIN] 17:18:51.795453 シナリオ走行を開始しました [シナリオ名: 新規ユーザー登録]
[ADMIN] 17:18:51.795447 シナリオ走行を開始しました [シナリオ名: 新規ユーザー登録]
[ADMIN] 17:18:51.795445 シナリオ走行を開始しました [シナリオ名: 新規ユーザー登録]
[ADMIN] 17:18:51.795441 シナリオ走行を開始しました [シナリオ名: 新規ユーザー登録]
[ADMIN] 17:18:51.800934 シナリオ走行を終了しました [シナリオ名: ログイン]
[ADMIN] 17:18:51.800947 シナリオ走行を開始しました [シナリオ名: ログイン]
[ADMIN] 17:18:51.823083 シナリオ走行を終了しました [シナリオ名: ログイン]
[ADMIN] 17:18:51.823099 シナリオ走行を開始しました [シナリオ名: ログイン]
[ADMIN] 17:18:51.893279 シナリオ走行を終了しました [シナリオ名: ログイン]
[ADMIN] 17:18:51.893297 シナリオ走行を開始しました [シナリオ名: ログイン]
[ADMIN] 17:18:51.913085 シナリオ走行を終了しました [シナリオ名: ログイン]
[ADMIN] 17:18:51.913110 シナリオ走行を開始しました [シナリオ名: ログイン]
[ADMIN] 17:18:51.945829 シナリオ走行を終了しました [シナリオ名: ログイン]
[ADMIN] 17:18:51.945843 シナリオ走行を開始しました [シナリオ名: ログイン]
[ADMIN] 17:18:51.953894 シナリオ走行を終了しました [シナリオ名: ログイン]
[ADMIN] 17:18:51.953908 シナリオ走行を開始しました [シナリオ名: ログイン]
[ADMIN] 17:18:51.956289 シナリオ走行を終了しました [シナリオ名: Banユーザログイン]
[ADMIN] 17:18:51.956310 シナリオ走行を開始しました [シナリオ名: Banユーザログイン]
[ADMIN] 17:18:51.960824 シナリオ走行を終了しました [シナリオ名: ログイン]
[ADMIN] 17:18:51.960835 シナリオ走行を開始しました [シナリオ名: ログイン]
[ADMIN] 17:18:51.984470 シナリオ走行を終了しました [シナリオ名: ログイン]
[ADMIN] 17:18:51.984483 シナリオ走行を開始しました [シナリオ名: ログイン]
[ADMIN] 17:18:51.997724 シナリオ走行を終了しました [シナリオ名: ログイン]
[ADMIN] 17:18:51.997735 シナリオ走行を開始しました [シナリオ名: ログイン]
[ADMIN] 17:18:52.031187 シナリオ走行を終了しました [シナリオ名: ログイン]
[ADMIN] 17:18:52.031204 シナリオ走行を開始しました [シナリオ名: ログイン]
[ADMIN] 17:18:52.063505 シナリオ走行を終了しました [シナリオ名: 新規ユーザー登録]
[ADMIN] 17:18:52.063529 シナリオ走行を開始しました [シナリオ名: 新規ユーザー登録]
[ADMIN] 17:18:52.072729 シナリオ走行を終了しました [シナリオ名: 新規ユーザー登録]
[ADMIN] 17:18:52.072749 シナリオ走行を開始しました [シナリオ名: 新規ユーザー登録]
[ADMIN] 17:18:52.103532 シナリオ走行を終了しました [シナリオ名: ログイン]
[ADMIN] 17:18:52.103545 シナリオ走行を開始しました [シナリオ名: ログイン]
[ADMIN] 17:18:52.104090 シナリオ走行を終了しました [シナリオ名: ログイン]
[ADMIN] 17:18:52.104100 シナリオ走行を開始しました [シナリオ名: ログイン]
[ADMIN] 17:18:52.129666 シナリオ走行を終了しました [シナリオ名: ログイン]
[ADMIN] 17:18:52.129679 シナリオ走行を開始しました [シナリオ名: ログイン]
[ADMIN] 17:18:52.134096 シナリオ走行を終了しました [シナリオ名: 新規ユーザー登録]
[ADMIN] 17:18:52.134116 シナリオ走行を開始しました [シナリオ名: 新規ユーザー登録]
[ADMIN] 17:18:52.140875 シナリオ走行を終了しました [シナリオ名: 新規ユーザー登録]
[ADMIN] 17:18:52.140895 シナリオ走行を開始しました [シナリオ名: 新規ユーザー登録]
[ADMIN] 17:18:52.144549 シナリオ走行を終了しました [シナリオ名: 新規ユーザー登録]
[ADMIN] 17:18:52.144570 シナリオ走行を開始しました [シナリオ名: 新規ユーザー登録]
[ADMIN] 17:18:52.164300 シナリオ走行を終了しました [シナリオ名: ログイン]
[ADMIN] 17:18:52.164312 シナリオ走行を開始しました [シナリオ名: ログイン]
[ADMIN] 17:18:52.176159 シナリオ走行を終了しました [シナリオ名: ログイン]
[ADMIN] 17:18:52.176170 シナリオ走行を開始しました [シナリオ名: ログイン]
[ADMIN] 17:18:52.184730 シナリオ走行を終了しました [シナリオ名: ログイン]
[ADMIN] 17:18:52.184741 シナリオ走行を開始しました [シナリオ名: ログイン]
[ADMIN] 17:18:52.185077 シナリオ走行を終了しました [シナリオ名: 新規ユーザー登録]
[ADMIN] 17:18:52.185098 シナリオ走行を開始しました [シナリオ名: 新規ユーザー登録]
[ADMIN] 17:18:52.197739 シナリオ走行を終了しました [シナリオ名: ログイン]
[ADMIN] 17:18:52.197752 シナリオ走行を開始しました [シナリオ名: ログイン]
[ADMIN] 17:18:52.199007 シナリオ走行を終了しました [シナリオ名: ログイン]
[ADMIN] 17:18:52.199016 シナリオ走行を開始しました [シナリオ名: ログイン]
[ADMIN] 17:18:52.205122 シナリオ走行を終了しました [シナリオ名: ログイン]
[ADMIN] 17:18:52.205130 シナリオ走行を開始しました [シナリオ名: ログイン]
[ADMIN] 17:18:52.223970 シナリオ走行を終了しました [シナリオ名: ログイン]
[ADMIN] 17:18:52.223979 シナリオ走行を開始しました [シナリオ名: ログイン]
[ADMIN] 17:18:52.236319 シナリオ走行を終了しました [シナリオ名: 新規ユーザー登録]
[ADMIN] 17:18:52.236340 シナリオ走行を開始しました [シナリオ名: 新規ユーザー登録]
[ADMIN] 17:18:52.240611 シナリオ走行を終了しました [シナリオ名: ログイン]
[ADMIN] 17:18:52.240620 シナリオ走行を開始しました [シナリオ名: ログイン]
[ADMIN] 17:18:52.250258 シナリオ走行を終了しました [シナリオ名: ログイン]
[ADMIN] 17:18:52.250268 シナリオ走行を開始しました [シナリオ名: ログイン]
[ADMIN] 17:18:52.258234 シナリオ走行を終了しました [シナリオ名: 新規ユーザー登録]
[ADMIN] 17:18:52.258250 シナリオ走行を開始しました [シナリオ名: 新規ユーザー登録]
[ADMIN] 17:18:52.299766 シナリオ走行を終了しました [シナリオ名: 新規ユーザー登録]
[ADMIN] 17:18:52.299791 シナリオ走行を開始しました [シナリオ名: 新規ユーザー登録]
[ADMIN] 17:18:52.348422 シナリオ走行を終了しました [シナリオ名: ログイン]
[ADMIN] 17:18:52.348436 シナリオ走行を開始しました [シナリオ名: ログイン]
[ADMIN] 17:18:52.354967 シナリオ走行を終了しました [シナリオ名: ログイン]
[ADMIN] 17:18:52.354978 シナリオ走行を開始しました [シナリオ名: ログイン]
[ADMIN] 17:18:52.382353 シナリオ走行を終了しました [シナリオ名: ログイン]
[ADMIN] 17:18:52.382364 シナリオ走行を開始しました [シナリオ名: ログイン]
[ADMIN] 17:18:52.382858 シナリオ走行を終了しました [シナリオ名: ログイン]
[ADMIN] 17:18:52.382869 シナリオ走行を開始しました [シナリオ名: ログイン]
[ADMIN] 17:18:52.387316 シナリオ走行を終了しました [シナリオ名: ログイン]
[ADMIN] 17:18:52.387327 シナリオ走行を開始しました [シナリオ名: ログイン]
[ADMIN] 17:18:52.396753 シナリオ走行を終了しました [シナリオ名: ログイン]
[ADMIN] 17:18:52.396763 シナリオ走行を開始しました [シナリオ名: ログイン]
[ADMIN] 17:18:52.411034 シナリオ走行を終了しました [シナリオ名: ログイン]
[ADMIN] 17:18:52.411043 シナリオ走行を開始しました [シナリオ名: ログイン]
[ADMIN] 17:18:52.475022 シナリオ走行を終了しました [シナリオ名: Banユーザログイン]
[ADMIN] 17:18:52.475051 シナリオ走行を開始しました [シナリオ名: Banユーザログイン]
[ADMIN] 17:18:52.475078 シナリオ走行を開始しました [シナリオ名: Banユーザログイン]
[ADMIN] 17:18:52.475087 シナリオ走行を開始しました [シナリオ名: Banユーザログイン]
[ADMIN] 17:18:52.479604 シナリオ走行を終了しました [シナリオ名: ログイン]
[ADMIN] 17:18:52.479613 シナリオ走行を開始しました [シナリオ名: ログイン]
[ADMIN] 17:18:52.487586 シナリオ走行を終了しました [シナリオ名: ログイン]
[ADMIN] 17:18:52.487595 シナリオ走行を開始しました [シナリオ名: ログイン]
[ADMIN] 17:18:52.508463 シナリオ走行を終了しました [シナリオ名: 新規ユーザー登録]
[ADMIN] 17:18:52.508484 シナリオ走行を開始しました [シナリオ名: 新規ユーザー登録]
[ADMIN] 17:18:52.512115 シナリオ走行を終了しました [シナリオ名: ログイン]
[ADMIN] 17:18:52.512126 シナリオ走行を開始しました [シナリオ名: ログイン]
[ADMIN] 17:18:52.514296 シナリオ走行を終了しました [シナリオ名: ログイン]
[ADMIN] 17:18:52.514305 シナリオ走行を開始しました [シナリオ名: ログイン]
[ADMIN] 17:18:52.526861 シナリオ走行を終了しました [シナリオ名: ログイン]
[ADMIN] 17:18:52.526875 シナリオ走行を開始しました [シナリオ名: ログイン]
[ADMIN] 17:18:52.528370 シナリオ走行を終了しました [シナリオ名: ログイン]
[ADMIN] 17:18:52.528380 シナリオ走行を開始しました [シナリオ名: ログイン]
[ADMIN] 17:18:52.535203 シナリオ走行を終了しました [シナリオ名: ログイン]
[ADMIN] 17:18:52.535213 シナリオ走行を開始しました [シナリオ名: ログイン]
[ADMIN] 17:18:52.565958 シナリオ走行を終了しました [シナリオ名: ログイン]
[ADMIN] 17:18:52.565971 シナリオ走行を開始しました [シナリオ名: ログイン]
[ADMIN] 17:18:52.579149 シナリオ走行を終了しました [シナリオ名: ログイン]
[ADMIN] 17:18:52.579161 シナリオ走行を開始しました [シナリオ名: ログイン]
[ADMIN] 17:18:52.587660 シナリオ走行を終了しました [シナリオ名: 新規ユーザー登録]
[ADMIN] 17:18:52.587684 シナリオ走行を開始しました [シナリオ名: 新規ユーザー登録]
[ADMIN] 17:18:52.633036 シナリオ走行を終了しました [シナリオ名: ログイン]
[ADMIN] 17:18:52.633048 シナリオ走行を開始しました [シナリオ名: ログイン]
[ADMIN] 17:18:52.646826 シナリオ走行を終了しました [シナリオ名: 新規ユーザー登録]
[ADMIN] 17:18:52.646851 シナリオ走行を開始しました [シナリオ名: 新規ユーザー登録]
[ADMIN] 17:18:52.648403 シナリオ走行を終了しました [シナリオ名: 新規ユーザー登録]
[ADMIN] 17:18:52.648419 シナリオ走行を開始しました [シナリオ名: 新規ユーザー登録]
[ADMIN] 17:18:52.653605 シナリオ走行を終了しました [シナリオ名: ログイン]
[ADMIN] 17:18:52.653616 シナリオ走行を開始しました [シナリオ名: ログイン]
[ADMIN] 17:18:52.693293 シナリオ走行を終了しました [シナリオ名: 新規ユーザー登録]
[ADMIN] 17:18:52.693318 シナリオ走行を開始しました [シナリオ名: 新規ユーザー登録]
[ADMIN] 17:18:52.732726 シナリオ走行を終了しました [シナリオ名: 新規ユーザー登録]
[ADMIN] 17:18:52.732744 シナリオ走行を開始しました [シナリオ名: 新規ユーザー登録]
[ADMIN] 17:18:52.742578 シナリオ走行を終了しました [シナリオ名: 新規ユーザー登録]
[ADMIN] 17:18:52.742595 シナリオ走行を開始しました [シナリオ名: 新規ユーザー登録]
[ADMIN] 17:18:52.747810 シナリオ走行を終了しました [シナリオ名: ログイン]
[ADMIN] 17:18:52.747820 シナリオ走行を開始しました [シナリオ名: ログイン]
[ADMIN] 17:18:52.763476 シナリオ走行を終了しました [シナリオ名: 新規ユーザー登録]
[ADMIN] 17:18:52.763493 シナリオ走行を開始しました [シナリオ名: 新規ユーザー登録]
[ADMIN] 17:18:52.778435 シナリオ走行を終了しました [シナリオ名: ログイン]
[ADMIN] 17:18:52.778444 シナリオ走行を開始しました [シナリオ名: ログイン]
[ADMIN] 17:18:52.782887 シナリオ走行を終了しました [シナリオ名: ログイン]
[ADMIN] 17:18:52.782898 シナリオ走行を開始しました [シナリオ名: ログイン]
[ADMIN] 17:18:52.785127 シナリオ走行を終了しました [シナリオ名: 新規ユーザー登録]
[ADMIN] 17:18:52.785143 シナリオ走行を開始しました [シナリオ名: 新規ユーザー登録]
[ADMIN] 17:18:52.786877 シナリオ走行を終了しました [シナリオ名: ログイン]
[ADMIN] 17:18:52.786885 シナリオ走行を開始しました [シナリオ名: ログイン]
[ADMIN] 17:18:52.799129 シナリオ走行を終了しました [シナリオ名: ログイン]
[ADMIN] 17:18:52.799138 シナリオ走行を開始しました [シナリオ名: ログイン]
[ADMIN] 17:18:52.812080 シナリオ走行を終了しました [シナリオ名: ログイン]
[ADMIN] 17:18:52.812089 シナリオ走行を開始しました [シナリオ名: ログイン]
[ADMIN] 17:18:52.852444 シナリオ走行を終了しました [シナリオ名: ログイン]
[ADMIN] 17:18:52.852455 シナリオ走行を開始しました [シナリオ名: ログイン]
[ADMIN] 17:18:52.864977 シナリオ走行を終了しました [シナリオ名: ログイン]
[ADMIN] 17:18:52.864985 シナリオ走行を開始しました [シナリオ名: ログイン]
[ADMIN] 17:18:52.930216 シナリオ走行を終了しました [シナリオ名: ログイン]
[ADMIN] 17:18:52.930228 シナリオ走行を開始しました [シナリオ名: ログイン]
[ADMIN] 17:18:52.932459 シナリオ走行を終了しました [シナリオ名: ログイン]
[ADMIN] 17:18:52.932467 シナリオ走行を開始しました [シナリオ名: ログイン]
[ADMIN] 17:18:52.945795 シナリオ走行を終了しました [シナリオ名: ログイン]
[ADMIN] 17:18:52.945805 シナリオ走行を開始しました [シナリオ名: ログイン]
[ADMIN] 17:18:52.965835 シナリオ走行を終了しました [シナリオ名: ログイン]
[ADMIN] 17:18:52.965847 シナリオ走行を開始しました [シナリオ名: ログイン]
[ADMIN] 17:18:52.979797 シナリオ走行を終了しました [シナリオ名: Banユーザログイン]
[ADMIN] 17:18:52.979809 シナリオ走行を終了しました [シナリオ名: Banユーザログイン]
[ADMIN] 17:18:52.979810 シナリオ走行を開始しました [シナリオ名: Banユーザログイン]
[ADMIN] 17:18:52.979815 シナリオ走行を開始しました [シナリオ名: Banユーザログイン]
[ADMIN] 17:18:52.986823 シナリオ走行を終了しました [シナリオ名: ログイン]
[ADMIN] 17:18:52.986833 シナリオ走行を開始しました [シナリオ名: ログイン]
[ADMIN] 17:18:52.999630 シナリオ走行を終了しました [シナリオ名: 新規ユーザー登録]
[ADMIN] 17:18:52.999647 シナリオ走行を開始しました [シナリオ名: 新規ユーザー登録]
[ADMIN] 17:18:53.001378 シナリオ走行を終了しました [シナリオ名: Banユーザログイン]
[ADMIN] 17:18:53.001391 シナリオ走行を開始しました [シナリオ名: Banユーザログイン]
[ADMIN] 17:18:53.019668 シナリオ走行を終了しました [シナリオ名: ログイン]
[ADMIN] 17:18:53.019678 シナリオ走行を開始しました [シナリオ名: ログイン]
[ADMIN] 17:18:53.026120 シナリオ走行を終了しました [シナリオ名: 新規ユーザー登録]
[ADMIN] 17:18:53.026138 シナリオ走行を開始しました [シナリオ名: 新規ユーザー登録]
[ADMIN] 17:18:53.059212 シナリオ走行を終了しました [シナリオ名: ログイン]
[ADMIN] 17:18:53.059225 シナリオ走行を開始しました [シナリオ名: ログイン]
[ADMIN] 17:18:53.061619 シナリオ走行を終了しました [シナリオ名: ログイン]
[ADMIN] 17:18:53.061629 シナリオ走行を開始しました [シナリオ名: ログイン]
[ADMIN] 17:18:53.080370 シナリオ走行を終了しました [シナリオ名: ログイン]
[ADMIN] 17:18:53.080381 シナリオ走行を開始しました [シナリオ名: ログイン]
[ADMIN] 17:18:53.091188 シナリオ走行を終了しました [シナリオ名: 新規ユーザー登録]
[ADMIN] 17:18:53.091216 シナリオ走行を開始しました [シナリオ名: 新規ユーザー登録]
[ADMIN] 17:18:53.092060 シナリオ走行を終了しました [シナリオ名: ログイン]
[ADMIN] 17:18:53.092070 シナリオ走行を開始しました [シナリオ名: ログイン]
[ADMIN] 17:18:53.109307 シナリオ走行を終了しました [シナリオ名: ログイン]
[ADMIN] 17:18:53.109318 シナリオ走行を開始しました [シナリオ名: ログイン]
[ADMIN] 17:18:53.136782 シナリオ走行を終了しました [シナリオ名: 新規ユーザー登録]
[ADMIN] 17:18:53.136807 シナリオ走行を開始しました [シナリオ名: 新規ユーザー登録]
[ADMIN] 17:18:53.164660 シナリオ走行を終了しました [シナリオ名: ログイン]
[ADMIN] 17:18:53.164672 シナリオ走行を開始しました [シナリオ名: ログイン]
[ADMIN] 17:18:53.189683 シナリオ走行を終了しました [シナリオ名: 新規ユーザー登録]
[ADMIN] 17:18:53.189706 シナリオ走行を開始しました [シナリオ名: 新規ユーザー登録]
[ADMIN] 17:18:53.222163 シナリオ走行を終了しました [シナリオ名: 新規ユーザー登録]
[ADMIN] 17:18:53.222192 シナリオ走行を開始しました [シナリオ名: 新規ユーザー登録]
[ADMIN] 17:18:53.244583 シナリオ走行を終了しました [シナリオ名: ログイン]
[ADMIN] 17:18:53.244596 シナリオ走行を開始しました [シナリオ名: ログイン]
[ADMIN] 17:18:53.246428 シナリオ走行を終了しました [シナリオ名: ログイン]
[ADMIN] 17:18:53.246439 シナリオ走行を開始しました [シナリオ名: ログイン]
[ADMIN] 17:18:53.251369 シナリオ走行を終了しました [シナリオ名: ログイン]
[ADMIN] 17:18:53.251381 シナリオ走行を開始しました [シナリオ名: ログイン]
[ADMIN] 17:18:53.255959 シナリオ走行を終了しました [シナリオ名: ログイン]
[ADMIN] 17:18:53.255969 シナリオ走行を開始しました [シナリオ名: ログイン]
[ADMIN] 17:18:53.256982 シナリオ走行を終了しました [シナリオ名: ログイン]
[ADMIN] 17:18:53.256990 シナリオ走行を開始しました [シナリオ名: ログイン]
[ADMIN] 17:18:53.273375 シナリオ走行を終了しました [シナリオ名: 新規ユーザー登録]
[ADMIN] 17:18:53.273395 シナリオ走行を開始しました [シナリオ名: 新規ユーザー登録]
[ADMIN] 17:18:53.286439 シナリオ走行を終了しました [シナリオ名: ログイン]
[ADMIN] 17:18:53.286448 シナリオ走行を開始しました [シナリオ名: ログイン]
[ADMIN] 17:18:53.289338 シナリオ走行を終了しました [シナリオ名: ログイン]
[ADMIN] 17:18:53.289346 シナリオ走行を開始しました [シナリオ名: ログイン]
[ADMIN] 17:18:53.299261 シナリオ走行を終了しました [シナリオ名: 新規ユーザー登録]
[ADMIN] 17:18:53.299279 シナリオ走行を開始しました [シナリオ名: 新規ユーザー登録]
[ADMIN] 17:18:53.322268 シナリオ走行を終了しました [シナリオ名: ログイン]
[ADMIN] 17:18:53.322280 シナリオ走行を開始しました [シナリオ名: ログイン]
[ADMIN] 17:18:53.386069 シナリオ走行を終了しました [シナリオ名: ログイン]
[ADMIN] 17:18:53.386082 シナリオ走行を開始しました [シナリオ名: ログイン]
[ADMIN] 17:18:53.386431 シナリオ走行を終了しました [シナリオ名: ログイン]
[ADMIN] 17:18:53.386440 シナリオ走行を開始しました [シナリオ名: ログイン]
[ADMIN] 17:18:53.393203 シナリオ走行を終了しました [シナリオ名: 新規ユーザー登録]
[ADMIN] 17:18:53.393221 シナリオ走行を開始しました [シナリオ名: 新規ユーザー登録]
[ADMIN] 17:18:53.410432 シナリオ走行を終了しました [シナリオ名: ログイン]
[ADMIN] 17:18:53.410443 シナリオ走行を開始しました [シナリオ名: ログイン]
[ADMIN] 17:18:53.412387 シナリオ走行を終了しました [シナリオ名: ログイン]
[ADMIN] 17:18:53.412397 シナリオ走行を開始しました [シナリオ名: ログイン]
[ADMIN] 17:18:53.419039 シナリオ走行を終了しました [シナリオ名: ログイン]
[ADMIN] 17:18:53.419050 シナリオ走行を開始しました [シナリオ名: ログイン]
[ADMIN] 17:18:53.426398 シナリオ走行を終了しました [シナリオ名: 新規ユーザー登録]
[ADMIN] 17:18:53.426417 シナリオ走行を開始しました [シナリオ名: 新規ユーザー登録]
[ADMIN] 17:18:53.444239 シナリオ走行を終了しました [シナリオ名: 新規ユーザー登録]
[ADMIN] 17:18:53.444261 シナリオ走行を開始しました [シナリオ名: 新規ユーザー登録]
[ADMIN] 17:18:53.464904 シナリオ走行を終了しました [シナリオ名: ログイン]
[ADMIN] 17:18:53.464917 シナリオ走行を開始しました [シナリオ名: ログイン]
[ADMIN] 17:18:53.467707 シナリオ走行を終了しました [シナリオ名: ログイン]
[ADMIN] 17:18:53.467716 シナリオ走行を開始しました [シナリオ名: ログイン]
[ADMIN] 17:18:53.478833 シナリオ走行を終了しました [シナリオ名: ログイン]
[ADMIN] 17:18:53.478842 シナリオ走行を開始しました [シナリオ名: ログイン]
[ADMIN] 17:18:53.482309 シナリオ走行を終了しました [シナリオ名: Banユーザログイン]
[ADMIN] 17:18:53.482323 シナリオ走行を開始しました [シナリオ名: Banユーザログイン]
[ADMIN] 17:18:53.483947 シナリオ走行を終了しました [シナリオ名: 新規ユーザー登録]
[ADMIN] 17:18:53.483962 シナリオ走行を開始しました [シナリオ名: 新規ユーザー登録]
[ADMIN] 17:18:53.486288 シナリオ走行を終了しました [シナリオ名: Banユーザログイン]
[ADMIN] 17:18:53.486299 シナリオ走行を開始しました [シナリオ名: Banユーザログイン]
[ADMIN] 17:18:53.491298 シナリオ走行を終了しました [シナリオ名: ログイン]
[ADMIN] 17:18:53.491308 シナリオ走行を開始しました [シナリオ名: ログイン]
[ADMIN] 17:18:53.502011 シナリオ走行を終了しました [シナリオ名: ログイン]
[ADMIN] 17:18:53.502022 シナリオ走行を開始しました [シナリオ名: ログイン]
[ADMIN] 17:18:53.504335 シナリオ走行を終了しました [シナリオ名: Banユーザログイン]
[ADMIN] 17:18:53.504350 シナリオ走行を開始しました [シナリオ名: Banユーザログイン]
[ADMIN] 17:18:53.518150 シナリオ走行を終了しました [シナリオ名: ログイン]
[ADMIN] 17:18:53.518160 シナリオ走行を開始しました [シナリオ名: ログイン]
[ADMIN] 17:18:53.527674 シナリオ走行を終了しました [シナリオ名: 新規ユーザー登録]
[ADMIN] 17:18:53.527692 シナリオ走行を開始しました [シナリオ名: 新規ユーザー登録]
[ADMIN] 17:18:53.599964 シナリオ走行を終了しました [シナリオ名: ログイン]
[ADMIN] 17:18:53.599979 シナリオ走行を開始しました [シナリオ名: ログイン]
[ADMIN] 17:18:53.623422 シナリオ走行を終了しました [シナリオ名: ログイン]
[ADMIN] 17:18:53.623437 シナリオ走行を開始しました [シナリオ名: ログイン]
[ADMIN] 17:18:53.641066 シナリオ走行を終了しました [シナリオ名: ログイン]
[ADMIN] 17:18:53.641088 シナリオ走行を開始しました [シナリオ名: ログイン]
[ADMIN] 17:18:53.646485 シナリオ走行を終了しました [シナリオ名: ログイン]
[ADMIN] 17:18:53.646505 シナリオ走行を開始しました [シナリオ名: ログイン]
[ADMIN] 17:18:53.675131 シナリオ走行を終了しました [シナリオ名: 新規ユーザー登録]
[ADMIN] 17:18:53.675157 シナリオ走行を開始しました [シナリオ名: 新規ユーザー登録]
[ADMIN] 17:18:53.678862 シナリオ走行を終了しました [シナリオ名: ログイン]
[ADMIN] 17:18:53.678872 シナリオ走行を開始しました [シナリオ名: ログイン]
[ADMIN] 17:18:53.715814 シナリオ走行を終了しました [シナリオ名: ログイン]
[ADMIN] 17:18:53.715828 シナリオ走行を開始しました [シナリオ名: ログイン]
[ADMIN] 17:18:53.722692 シナリオ走行を終了しました [シナリオ名: ログイン]
[ADMIN] 17:18:53.722700 シナリオ走行を開始しました [シナリオ名: ログイン]
[ADMIN] 17:18:53.753375 シナリオ走行を終了しました [シナリオ名: 新規ユーザー登録]
[ADMIN] 17:18:53.753394 シナリオ走行を開始しました [シナリオ名: 新規ユーザー登録]
[ADMIN] 17:18:53.764677 シナリオ走行を終了しました [シナリオ名: ログイン]
[ADMIN] 17:18:53.764691 シナリオ走行を開始しました [シナリオ名: ログイン]
[ADMIN] 17:18:53.780279 シナリオ走行を終了しました [シナリオ名: ログイン]
[ADMIN] 17:18:53.780291 シナリオ走行を開始しました [シナリオ名: ログイン]
[ADMIN] 17:18:53.790023 シナリオ走行を終了しました [シナリオ名: ログイン]
[ADMIN] 17:18:53.790035 シナリオ走行を開始しました [シナリオ名: ログイン]
[ADMIN] 17:18:53.790242 シナリオ走行を終了しました [シナリオ名: 新規ユーザー登録]
[ADMIN] 17:18:53.790261 シナリオ走行を開始しました [シナリオ名: 新規ユーザー登録]
[ADMIN] 17:18:53.796691 シナリオ走行を終了しました [シナリオ名: ログイン]
[ADMIN] 17:18:53.796702 シナリオ走行を開始しました [シナリオ名: ログイン]
[ADMIN] 17:18:53.806237 シナリオ走行を終了しました [シナリオ名: 新規ユーザー登録]
[ADMIN] 17:18:53.806256 シナリオ走行を開始しました [シナリオ名: 新規ユーザー登録]
[ADMIN] 17:18:53.806281 シナリオ走行を終了しました [シナリオ名: 新規ユーザー登録]
[ADMIN] 17:18:53.806297 シナリオ走行を開始しました [シナリオ名: 新規ユーザー登録]
[ADMIN] 17:18:53.806371 シナリオ走行を終了しました [シナリオ名: ログイン]
[ADMIN] 17:18:53.806381 シナリオ走行を開始しました [シナリオ名: ログイン]
[ADMIN] 17:18:53.817186 シナリオ走行を終了しました [シナリオ名: ログイン]
[ADMIN] 17:18:53.817196 シナリオ走行を開始しました [シナリオ名: ログイン]
[ADMIN] 17:18:53.854978 シナリオ走行を終了しました [シナリオ名: ログイン]
[ADMIN] 17:18:53.854992 シナリオ走行を開始しました [シナリオ名: ログイン]
[ADMIN] 17:18:53.867085 シナリオ走行を終了しました [シナリオ名: ログイン]
[ADMIN] 17:18:53.867096 シナリオ走行を開始しました [シナリオ名: ログイン]
[ADMIN] 17:18:53.876412 シナリオ走行を終了しました [シナリオ名: ログイン]
[ADMIN] 17:18:53.876422 シナリオ走行を開始しました [シナリオ名: ログイン]
[ADMIN] 17:18:53.937790 シナリオ走行を終了しました [シナリオ名: 新規ユーザー登録]
[ADMIN] 17:18:53.937814 シナリオ走行を開始しました [シナリオ名: 新規ユーザー登録]
[ADMIN] 17:18:53.939718 シナリオ走行を終了しました [シナリオ名: 新規ユーザー登録]
[ADMIN] 17:18:53.939745 シナリオ走行を開始しました [シナリオ名: 新規ユーザー登録]
[ADMIN] 17:18:53.946147 シナリオ走行を終了しました [シナリオ名: ログイン]
[ADMIN] 17:18:53.946156 シナリオ走行を開始しました [シナリオ名: ログイン]
[ADMIN] 17:18:53.984924 シナリオ走行を終了しました [シナリオ名: Banユーザログイン]
[ADMIN] 17:18:53.984943 シナリオ走行を開始しました [シナリオ名: Banユーザログイン]
[ADMIN] 17:18:53.996897 シナリオ走行を終了しました [シナリオ名: ログイン]
[ADMIN] 17:18:53.996913 シナリオ走行を開始しました [シナリオ名: ログイン]
[ADMIN] 17:18:53.998302 シナリオ走行を終了しました [シナリオ名: Banユーザログイン]
[ADMIN] 17:18:53.998319 シナリオ走行を開始しました [シナリオ名: Banユーザログイン]
[ADMIN] 17:18:54.002079 シナリオ走行を終了しました [シナリオ名: ログイン]
[ADMIN] 17:18:54.002088 シナリオ走行を開始しました [シナリオ名: ログイン]
[ADMIN] 17:18:54.007180 シナリオ走行を終了しました [シナリオ名: Banユーザログイン]
[ADMIN] 17:18:54.007243 シナリオ走行を開始しました [シナリオ名: Banユーザログイン]
[ADMIN] 17:18:54.011512 シナリオ走行を終了しました [シナリオ名: 新規ユーザー登録]
[ADMIN] 17:18:54.011527 シナリオ走行を開始しました [シナリオ名: 新規ユーザー登録]
[ADMIN] 17:18:54.030931 シナリオ走行を終了しました [シナリオ名: ログイン]
[ADMIN] 17:18:54.030944 シナリオ走行を開始しました [シナリオ名: ログイン]
[ADMIN] 17:18:54.039547 シナリオ走行を終了しました [シナリオ名: ログイン]
[ADMIN] 17:18:54.039571 シナリオ走行を開始しました [シナリオ名: ログイン]
[ADMIN] 17:18:54.045467 シナリオ走行を終了しました [シナリオ名: 新規ユーザー登録]
[ADMIN] 17:18:54.045483 シナリオ走行を開始しました [シナリオ名: 新規ユーザー登録]
[ADMIN] 17:18:54.053563 シナリオ走行を終了しました [シナリオ名: ログイン]
[ADMIN] 17:18:54.053574 シナリオ走行を開始しました [シナリオ名: ログイン]
[ADMIN] 17:18:54.072249 シナリオ走行を終了しました [シナリオ名: ログイン]
[ADMIN] 17:18:54.072259 シナリオ走行を開始しました [シナリオ名: ログイン]
[ADMIN] 17:18:54.075797 シナリオ走行を終了しました [シナリオ名: ログイン]
[ADMIN] 17:18:54.075806 シナリオ走行を開始しました [シナリオ名: ログイン]
[ADMIN] 17:18:54.107989 シナリオ走行を終了しました [シナリオ名: ログイン]
[ADMIN] 17:18:54.108003 シナリオ走行を開始しました [シナリオ名: ログイン]
[ADMIN] 17:18:54.110182 シナリオ走行を終了しました [シナリオ名: ログイン]
[ADMIN] 17:18:54.110193 シナリオ走行を開始しました [シナリオ名: ログイン]
[ADMIN] 17:18:54.110393 シナリオ走行を終了しました [シナリオ名: ログイン]
[ADMIN] 17:18:54.110404 シナリオ走行を開始しました [シナリオ名: ログイン]
[ADMIN] 17:18:54.124041 シナリオ走行を終了しました [シナリオ名: ログイン]
[ADMIN] 17:18:54.124051 シナリオ走行を開始しました [シナリオ名: ログイン]
[ADMIN] 17:18:54.142903 シナリオ走行を終了しました [シナリオ名: ログイン]
[ADMIN] 17:18:54.142914 シナリオ走行を開始しました [シナリオ名: ログイン]
[ADMIN] 17:18:54.164898 シナリオ走行を終了しました [シナリオ名: 新規ユーザー登録]
[ADMIN] 17:18:54.164918 シナリオ走行を開始しました [シナリオ名: 新規ユーザー登録]
[ADMIN] 17:18:54.199786 シナリオ走行を終了しました [シナリオ名: ログイン]
[ADMIN] 17:18:54.199797 シナリオ走行を開始しました [シナリオ名: ログイン]
[ADMIN] 17:18:54.209150 シナリオ走行を終了しました [シナリオ名: ログイン]
[ADMIN] 17:18:54.209158 シナリオ走行を開始しました [シナリオ名: ログイン]
[ADMIN] 17:18:54.260439 シナリオ走行を終了しました [シナリオ名: 新規ユーザー登録]
[ADMIN] 17:18:54.260463 シナリオ走行を開始しました [シナリオ名: 新規ユーザー登録]
[ADMIN] 17:18:54.269990 シナリオ走行を終了しました [シナリオ名: ログイン]
[ADMIN] 17:18:54.270001 シナリオ走行を開始しました [シナリオ名: ログイン]
[ADMIN] 17:18:54.275689 シナリオ走行を終了しました [シナリオ名: ログイン]
[ADMIN] 17:18:54.275699 シナリオ走行を開始しました [シナリオ名: ログイン]
[ADMIN] 17:18:54.291638 シナリオ走行を終了しました [シナリオ名: 新規ユーザー登録]
[ADMIN] 17:18:54.291655 シナリオ走行を開始しました [シナリオ名: 新規ユーザー登録]
[ADMIN] 17:18:54.294696 シナリオ走行を終了しました [シナリオ名: ログイン]
[ADMIN] 17:18:54.294705 シナリオ走行を開始しました [シナリオ名: ログイン]
[ADMIN] 17:18:54.298236 シナリオ走行を終了しました [シナリオ名: 新規ユーザー登録]
[ADMIN] 17:18:54.298253 シナリオ走行を開始しました [シナリオ名: 新規ユーザー登録]
[ADMIN] 17:18:54.305624 シナリオ走行を終了しました [シナリオ名: ログイン]
[ADMIN] 17:18:54.305632 シナリオ走行を開始しました [シナリオ名: ログイン]
[ADMIN] 17:18:54.316517 シナリオ走行を終了しました [シナリオ名: 新規ユーザー登録]
[ADMIN] 17:18:54.316548 シナリオ走行を開始しました [シナリオ名: 新規ユーザー登録]
[ADMIN] 17:18:54.318364 シナリオ走行を終了しました [シナリオ名: ログイン]
[ADMIN] 17:18:54.318372 シナリオ走行を開始しました [シナリオ名: ログイン]
[ADMIN] 17:18:54.348370 シナリオ走行を終了しました [シナリオ名: ログイン]
[ADMIN] 17:18:54.348381 シナリオ走行を開始しました [シナリオ名: ログイン]
[ADMIN] 17:18:54.348948 シナリオ走行を終了しました [シナリオ名: ログイン]
[ADMIN] 17:18:54.348961 シナリオ走行を開始しました [シナリオ名: ログイン]
[ADMIN] 17:18:54.360622 シナリオ走行を終了しました [シナリオ名: ログイン]
[ADMIN] 17:18:54.360633 シナリオ走行を開始しました [シナリオ名: ログイン]
[ADMIN] 17:18:54.400723 シナリオ走行を終了しました [シナリオ名: ログイン]
[ADMIN] 17:18:54.400736 シナリオ走行を開始しました [シナリオ名: ログイン]
[ADMIN] 17:18:54.402415 シナリオ走行を終了しました [シナリオ名: 新規ユーザー登録]
[ADMIN] 17:18:54.402431 シナリオ走行を開始しました [シナリオ名: 新規ユーザー登録]
[ADMIN] 17:18:54.417613 シナリオ走行を終了しました [シナリオ名: ログイン]
[ADMIN] 17:18:54.417625 シナリオ走行を開始しました [シナリオ名: ログイン]
[ADMIN] 17:18:54.432558 シナリオ走行を終了しました [シナリオ名: ログイン]
[ADMIN] 17:18:54.432571 シナリオ走行を開始しました [シナリオ名: ログイン]
[ADMIN] 17:18:54.466666 シナリオ走行を終了しました [シナリオ名: ログイン]
[ADMIN] 17:18:54.466683 シナリオ走行を開始しました [シナリオ名: ログイン]
[ADMIN] 17:18:54.484680 シナリオ走行を終了しました [シナリオ名: ログイン]
[ADMIN] 17:18:54.484694 シナリオ走行を開始しました [シナリオ名: ログイン]
[ADMIN] 17:18:54.487141 シナリオ走行を終了しました [シナリオ名: Banユーザログイン]
[ADMIN] 17:18:54.487155 シナリオ走行を開始しました [シナリオ名: Banユーザログイン]
[ADMIN] 17:18:54.490751 シナリオ走行を終了しました [シナリオ名: ログイン]
[ADMIN] 17:18:54.490759 シナリオ走行を開始しました [シナリオ名: ログイン]
[ADMIN] 17:18:54.505309 シナリオ走行を終了しました [シナリオ名: Banユーザログイン]
[ADMIN] 17:18:54.505322 シナリオ走行を開始しました [シナリオ名: Banユーザログイン]
[ADMIN] 17:18:54.508278 シナリオ走行を終了しました [シナリオ名: 新規ユーザー登録]
[ADMIN] 17:18:54.508299 シナリオ走行を開始しました [シナリオ名: 新規ユーザー登録]
[ADMIN] 17:18:54.524408 シナリオ走行を終了しました [シナリオ名: Banユーザログイン]
[ADMIN] 17:18:54.524424 シナリオ走行を開始しました [シナリオ名: Banユーザログイン]
[ADMIN] 17:18:54.530086 シナリオ走行を終了しました [シナリオ名: ログイン]
[ADMIN] 17:18:54.530096 シナリオ走行を開始しました [シナリオ名: ログイン]
[ADMIN] 17:18:54.545491 シナリオ走行を終了しました [シナリオ名: ログイン]
[ADMIN] 17:18:54.545501 シナリオ走行を開始しました [シナリオ名: ログイン]
[ADMIN] 17:18:54.547913 シナリオ走行を終了しました [シナリオ名: 新規ユーザー登録]
[ADMIN] 17:18:54.547931 シナリオ走行を開始しました [シナリオ名: 新規ユーザー登録]
[ADMIN] 17:18:54.549496 シナリオ走行を終了しました [シナリオ名: 新規ユーザー登録]
[ADMIN] 17:18:54.549512 シナリオ走行を開始しました [シナリオ名: 新規ユーザー登録]
[ADMIN] 17:18:54.570741 シナリオ走行を終了しました [シナリオ名: ログイン]
[ADMIN] 17:18:54.570751 シナリオ走行を開始しました [シナリオ名: ログイン]
[ADMIN] 17:18:54.626912 シナリオ走行を終了しました [シナリオ名: ログイン]
[ADMIN] 17:18:54.626925 シナリオ走行を開始しました [シナリオ名: ログイン]
[ADMIN] 17:18:54.644997 シナリオ走行を終了しました [シナリオ名: ログイン]
[ADMIN] 17:18:54.645010 シナリオ走行を開始しました [シナリオ名: ログイン]
[ADMIN] 17:18:54.646512 シナリオ走行を終了しました [シナリオ名: ログイン]
[ADMIN] 17:18:54.646523 シナリオ走行を開始しました [シナリオ名: ログイン]
[ADMIN] 17:18:54.700115 シナリオ走行を終了しました [シナリオ名: ログイン]
[ADMIN] 17:18:54.700129 シナリオ走行を開始しました [シナリオ名: ログイン]
[ADMIN] 17:18:54.744225 シナリオ走行を終了しました [シナリオ名: 新規ユーザー登録]
[ADMIN] 17:18:54.744250 シナリオ走行を開始しました [シナリオ名: 新規ユーザー登録]
[ADMIN] 17:18:54.747114 シナリオ走行を終了しました [シナリオ名: ログイン]
[ADMIN] 17:18:54.747123 シナリオ走行を開始しました [シナリオ名: ログイン]
[ADMIN] 17:18:54.765777 シナリオ走行を終了しました [シナリオ名: 新規ユーザー登録]
[ADMIN] 17:18:54.765796 シナリオ走行を開始しました [シナリオ名: 新規ユーザー登録]
[ADMIN] 17:18:54.773980 シナリオ走行を終了しました [シナリオ名: ログイン]
[ADMIN] 17:18:54.773992 シナリオ走行を開始しました [シナリオ名: ログイン]
[ADMIN] 17:18:54.777660 シナリオ走行を終了しました [シナリオ名: ログイン]
[ADMIN] 17:18:54.777668 シナリオ走行を開始しました [シナリオ名: ログイン]
[ADMIN] 17:18:54.778712 シナリオ走行を終了しました [シナリオ名: 新規ユーザー登録]
[ADMIN] 17:18:54.778727 シナリオ走行を開始しました [シナリオ名: 新規ユーザー登録]
[ADMIN] 17:18:54.802394 シナリオ走行を終了しました [シナリオ名: ログイン]
[ADMIN] 17:18:54.802404 シナリオ走行を開始しました [シナリオ名: ログイン]
[ADMIN] 17:18:54.840471 シナリオ走行を終了しました [シナリオ名: ログイン]
[ADMIN] 17:18:54.840483 シナリオ走行を開始しました [シナリオ名: ログイン]
[ADMIN] 17:18:54.846717 シナリオ走行を終了しました [シナリオ名: ログイン]
[ADMIN] 17:18:54.846727 シナリオ走行を開始しました [シナリオ名: ログイン]
[ADMIN] 17:18:54.864609 シナリオ走行を終了しました [シナリオ名: ログイン]
[ADMIN] 17:18:54.864622 シナリオ走行を開始しました [シナリオ名: ログイン]
[ADMIN] 17:18:54.873435 シナリオ走行を終了しました [シナリオ名: 新規ユーザー登録]
[ADMIN] 17:18:54.873457 シナリオ走行を開始しました [シナリオ名: 新規ユーザー登録]
[ADMIN] 17:18:54.915134 シナリオ走行を終了しました [シナリオ名: ログイン]
[ADMIN] 17:18:54.915150 シナリオ走行を開始しました [シナリオ名: ログイン]
[ADMIN] 17:18:54.927582 シナリオ走行を終了しました [シナリオ名: ログイン]
[ADMIN] 17:18:54.927594 シナリオ走行を開始しました [シナリオ名: ログイン]
[ADMIN] 17:18:54.945943 シナリオ走行を終了しました [シナリオ名: ログイン]
[ADMIN] 17:18:54.945955 シナリオ走行を開始しました [シナリオ名: ログイン]
[ADMIN] 17:18:54.963691 シナリオ走行を終了しました [シナリオ名: 新規ユーザー登録]
[ADMIN] 17:18:54.963709 シナリオ走行を開始しました [シナリオ名: 新規ユーザー登録]
[ADMIN] 17:18:54.978795 シナリオ走行を終了しました [シナリオ名: ログイン]
[ADMIN] 17:18:54.978807 シナリオ走行を開始しました [シナリオ名: ログイン]
[ADMIN] 17:18:54.989166 シナリオ走行を終了しました [シナリオ名: Banユーザログイン]
[ADMIN] 17:18:54.989176 シナリオ走行を開始しました [シナリオ名: Banユーザログイン]
[ADMIN] 17:18:55.001282 シナリオ走行を終了しました [シナリオ名: 新規ユーザー登録]
[ADMIN] 17:18:55.001305 シナリオ走行を開始しました [シナリオ名: 新規ユーザー登録]
[ADMIN] 17:18:55.007953 シナリオ走行を終了しました [シナリオ名: Banユーザログイン]
[ADMIN] 17:18:55.007976 シナリオ走行を開始しました [シナリオ名: Banユーザログイン]
[ADMIN] 17:18:55.030376 シナリオ走行を終了しました [シナリオ名: 新規ユーザー登録]
[ADMIN] 17:18:55.030398 シナリオ走行を開始しました [シナリオ名: 新規ユーザー登録]
[ADMIN] 17:18:55.036722 シナリオ走行を終了しました [シナリオ名: Banユーザログイン]
[ADMIN] 17:18:55.036735 シナリオ走行を開始しました [シナリオ名: Banユーザログイン]
[ADMIN] 17:18:55.051655 シナリオ走行を終了しました [シナリオ名: ログイン]
[ADMIN] 17:18:55.051665 シナリオ走行を開始しました [シナリオ名: ログイン]
[ADMIN] 17:18:55.053803 シナリオ走行を終了しました [シナリオ名: ログイン]
[ADMIN] 17:18:55.053812 シナリオ走行を開始しました [シナリオ名: ログイン]
[ADMIN] 17:18:55.063259 シナリオ走行を終了しました [シナリオ名: ログイン]
[ADMIN] 17:18:55.063267 シナリオ走行を開始しました [シナリオ名: ログイン]
[ADMIN] 17:18:55.069233 シナリオ走行を終了しました [シナリオ名: 新規ユーザー登録]
[ADMIN] 17:18:55.069254 シナリオ走行を開始しました [シナリオ名: 新規ユーザー登録]
[ADMIN] 17:18:55.071165 シナリオ走行を終了しました [シナリオ名: ログイン]
[ADMIN] 17:18:55.071174 シナリオ走行を開始しました [シナリオ名: ログイン]
[ADMIN] 17:18:55.083337 シナリオ走行を終了しました [シナリオ名: ログイン]
[ADMIN] 17:18:55.083347 シナリオ走行を開始しました [シナリオ名: ログイン]
[ADMIN] 17:18:55.084673 シナリオ走行を終了しました [シナリオ名: ログイン]
[ADMIN] 17:18:55.084680 シナリオ走行を開始しました [シナリオ名: ログイン]
[ADMIN] 17:18:55.099104 シナリオ走行を終了しました [シナリオ名: ログイン]
[ADMIN] 17:18:55.099113 シナリオ走行を開始しました [シナリオ名: ログイン]
[ADMIN] 17:18:55.177651 シナリオ走行を終了しました [シナリオ名: ログイン]
[ADMIN] 17:18:55.177668 シナリオ走行を開始しました [シナリオ名: ログイン]
[ADMIN] 17:18:55.180160 シナリオ走行を終了しました [シナリオ名: ログイン]
[ADMIN] 17:18:55.180170 シナリオ走行を開始しました [シナリオ名: ログイン]
[ADMIN] 17:18:55.190734 シナリオ走行を終了しました [シナリオ名: ログイン]
[ADMIN] 17:18:55.190742 シナリオ走行を開始しました [シナリオ名: ログイン]
[ADMIN] 17:18:55.209563 シナリオ走行を終了しました [シナリオ名: 新規ユーザー登録]
[ADMIN] 17:18:55.209581 シナリオ走行を開始しました [シナリオ名: 新規ユーザー登録]
[ADMIN] 17:18:55.219338 シナリオ走行を終了しました [シナリオ名: ログイン]
[ADMIN] 17:18:55.219346 シナリオ走行を開始しました [シナリオ名: ログイン]
[ADMIN] 17:18:55.220400 シナリオ走行を終了しました [シナリオ名: ログイン]
[ADMIN] 17:18:55.220409 シナリオ走行を開始しました [シナリオ名: ログイン]
[ADMIN] 17:18:55.240730 シナリオ走行を終了しました [シナリオ名: ログイン]
[ADMIN] 17:18:55.240739 シナリオ走行を開始しました [シナリオ名: ログイン]
[ADMIN] 17:18:55.281974 シナリオ走行を終了しました [シナリオ名: 新規ユーザー登録]
[ADMIN] 17:18:55.282002 シナリオ走行を開始しました [シナリオ名: 新規ユーザー登録]
[ADMIN] 17:18:55.282258 シナリオ走行を終了しました [シナリオ名: 新規ユーザー登録]
[ADMIN] 17:18:55.282278 シナリオ走行を開始しました [シナリオ名: 新規ユーザー登録]
[ADMIN] 17:18:55.310361 シナリオ走行を終了しました [シナリオ名: 新規ユーザー登録]
[ADMIN] 17:18:55.310384 シナリオ走行を開始しました [シナリオ名: 新規ユーザー登録]
[ADMIN] 17:18:55.315150 シナリオ走行を終了しました [シナリオ名: ログイン]
[ADMIN] 17:18:55.315159 シナリオ走行を開始しました [シナリオ名: ログイン]
[ADMIN] 17:18:55.319443 シナリオ走行を終了しました [シナリオ名: ログイン]
[ADMIN] 17:18:55.319452 シナリオ走行を開始しました [シナリオ名: ログイン]
[ADMIN] 17:18:55.345581 シナリオ走行を終了しました [シナリオ名: 新規ユーザー登録]
[ADMIN] 17:18:55.345601 シナリオ走行を開始しました [シナリオ名: 新規ユーザー登録]
[ADMIN] 17:18:55.351324 シナリオ走行を終了しました [シナリオ名: 新規ユーザー登録]
[ADMIN] 17:18:55.351339 シナリオ走行を開始しました [シナリオ名: 新規ユーザー登録]
[ADMIN] 17:18:55.352460 シナリオ走行を終了しました [シナリオ名: ログイン]
[ADMIN] 17:18:55.352469 シナリオ走行を開始しました [シナリオ名: ログイン]
[ADMIN] 17:18:55.372624 シナリオ走行を終了しました [シナリオ名: ログイン]
[ADMIN] 17:18:55.372636 シナリオ走行を開始しました [シナリオ名: ログイン]
[ADMIN] 17:18:55.379013 シナリオ走行を終了しました [シナリオ名: ログイン]
[ADMIN] 17:18:55.379023 シナリオ走行を開始しました [シナリオ名: ログイン]
[ADMIN] 17:18:55.391121 シナリオ走行を終了しました [シナリオ名: ログイン]
[ADMIN] 17:18:55.391130 シナリオ走行を開始しました [シナリオ名: ログイン]
[ADMIN] 17:18:55.400713 シナリオ走行を終了しました [シナリオ名: ログイン]
[ADMIN] 17:18:55.400722 シナリオ走行を開始しました [シナリオ名: ログイン]
[ADMIN] 17:18:55.416664 シナリオ走行を終了しました [シナリオ名: ログイン]
[ADMIN] 17:18:55.416675 シナリオ走行を開始しました [シナリオ名: ログイン]
[ADMIN] 17:18:55.417282 シナリオ走行を終了しました [シナリオ名: ログイン]
[ADMIN] 17:18:55.417291 シナリオ走行を開始しました [シナリオ名: ログイン]
[ADMIN] 17:18:55.421092 シナリオ走行を終了しました [シナリオ名: ログイン]
[ADMIN] 17:18:55.421103 シナリオ走行を開始しました [シナリオ名: ログイン]
[ADMIN] 17:18:55.428186 シナリオ走行を終了しました [シナリオ名: 新規ユーザー登録]
[ADMIN] 17:18:55.428215 シナリオ走行を開始しました [シナリオ名: 新規ユーザー登録]
[ADMIN] 17:18:55.467123 シナリオ走行を終了しました [シナリオ名: 新規ユーザー登録]
[ADMIN] 17:18:55.467146 シナリオ走行を開始しました [シナリオ名: 新規ユーザー登録]
[ADMIN] 17:18:55.484283 シナリオ走行を終了しました [シナリオ名: ログイン]
[ADMIN] 17:18:55.484297 シナリオ走行を開始しました [シナリオ名: ログイン]
[ADMIN] 17:18:55.489268 シナリオ走行を終了しました [シナリオ名: 新規ユーザー登録]
[ADMIN] 17:18:55.489301 シナリオ走行を開始しました [シナリオ名: 新規ユーザー登録]
[ADMIN] 17:18:55.495124 シナリオ走行を終了しました [シナリオ名: Banユーザログイン]
[ADMIN] 17:18:55.495141 シナリオ走行を開始しました [シナリオ名: Banユーザログイン]
[ADMIN] 17:18:55.510350 シナリオ走行を終了しました [シナリオ名: Banユーザログイン]
[ADMIN] 17:18:55.510372 シナリオ走行を開始しました [シナリオ名: Banユーザログイン]
[ADMIN] 17:18:55.522452 シナリオ走行を終了しました [シナリオ名: ログイン]
[ADMIN] 17:18:55.522472 シナリオ走行を開始しました [シナリオ名: ログイン]
[ADMIN] 17:18:55.539348 シナリオ走行を終了しました [シナリオ名: ログイン]
[ADMIN] 17:18:55.539357 シナリオ走行を開始しました [シナリオ名: ログイン]
[ADMIN] 17:18:55.540632 シナリオ走行を終了しました [シナリオ名: Banユーザログイン]
[ADMIN] 17:18:55.540646 シナリオ走行を開始しました [シナリオ名: Banユーザログイン]
[ADMIN] 17:18:55.571187 シナリオ走行を終了しました [シナリオ名: ログイン]
[ADMIN] 17:18:55.571198 シナリオ走行を開始しました [シナリオ名: ログイン]
[ADMIN] 17:18:55.574987 シナリオ走行を終了しました [シナリオ名: ログイン]
[ADMIN] 17:18:55.574998 シナリオ走行を開始しました [シナリオ名: ログイン]
[ADMIN] 17:18:55.634585 シナリオ走行を終了しました [シナリオ名: ログイン]
[ADMIN] 17:18:55.634691 シナリオ走行を開始しました [シナリオ名: ログイン]
[ADMIN] 17:18:55.655998 シナリオ走行を終了しました [シナリオ名: ログイン]
[ADMIN] 17:18:55.656011 シナリオ走行を開始しました [シナリオ名: ログイン]
[ADMIN] 17:18:55.658506 シナリオ走行を終了しました [シナリオ名: 新規ユーザー登録]
[ADMIN] 17:18:55.658524 シナリオ走行を開始しました [シナリオ名: 新規ユーザー登録]
[ADMIN] 17:18:55.663902 シナリオ走行を終了しました [シナリオ名: 新規ユーザー登録]
[ADMIN] 17:18:55.663926 シナリオ走行を開始しました [シナリオ名: 新規ユーザー登録]
[ADMIN] 17:18:55.667050 シナリオ走行を終了しました [シナリオ名: ログイン]
[ADMIN] 17:18:55.667060 シナリオ走行を開始しました [シナリオ名: ログイン]
[ADMIN] 17:18:55.722289 シナリオ走行を終了しました [シナリオ名: ログイン]
[ADMIN] 17:18:55.722304 シナリオ走行を開始しました [シナリオ名: ログイン]
[ADMIN] 17:18:55.750371 シナリオ走行を終了しました [シナリオ名: ログイン]
[ADMIN] 17:18:55.750388 シナリオ走行を開始しました [シナリオ名: ログイン]
[ADMIN] 17:18:55.752281 シナリオ走行を終了しました [シナリオ名: ログイン]
[ADMIN] 17:18:55.752291 シナリオ走行を開始しました [シナリオ名: ログイン]
[ADMIN] 17:18:55.764457 シナリオ走行を終了しました [シナリオ名: ログイン]
[ADMIN] 17:18:55.764465 シナリオ走行を開始しました [シナリオ名: ログイン]
[ADMIN] 17:18:55.797160 シナリオ走行を終了しました [シナリオ名: 新規ユーザー登録]
[ADMIN] 17:18:55.797186 シナリオ走行を開始しました [シナリオ名: 新規ユーザー登録]
[ADMIN] 17:18:55.801700 シナリオ走行を終了しました [シナリオ名: ログイン]
[ADMIN] 17:18:55.801712 シナリオ走行を開始しました [シナリオ名: ログイン]
[ADMIN] 17:18:55.804547 シナリオ走行を終了しました [シナリオ名: ログイン]
[ADMIN] 17:18:55.804558 シナリオ走行を開始しました [シナリオ名: ログイン]
[ADMIN] 17:18:55.829604 シナリオ走行を終了しました [シナリオ名: ログイン]
[ADMIN] 17:18:55.829619 シナリオ走行を開始しました [シナリオ名: ログイン]
[ADMIN] 17:18:55.836491 シナリオ走行を終了しました [シナリオ名: 新規ユーザー登録]
[ADMIN] 17:18:55.836513 シナリオ走行を開始しました [シナリオ名: 新規ユーザー登録]
[ADMIN] 17:18:55.851620 シナリオ走行を終了しました [シナリオ名: 新規ユーザー登録]
[ADMIN] 17:18:55.851647 シナリオ走行を開始しました [シナリオ名: 新規ユーザー登録]
[ADMIN] 17:18:55.883151 シナリオ走行を終了しました [シナリオ名: 新規ユーザー登録]
[ADMIN] 17:18:55.883175 シナリオ走行を開始しました [シナリオ名: 新規ユーザー登録]
[ADMIN] 17:18:55.913165 シナリオ走行を終了しました [シナリオ名: ログイン]
[ADMIN] 17:18:55.913176 シナリオ走行を開始しました [シナリオ名: ログイン]
[ADMIN] 17:18:55.916051 シナリオ走行を終了しました [シナリオ名: 新規ユーザー登録]
[ADMIN] 17:18:55.916074 シナリオ走行を開始しました [シナリオ名: 新規ユーザー登録]
[ADMIN] 17:18:55.924342 シナリオ走行を終了しました [シナリオ名: ログイン]
[ADMIN] 17:18:55.924351 シナリオ走行を開始しました [シナリオ名: ログイン]
[ADMIN] 17:18:55.931416 シナリオ走行を終了しました [シナリオ名: 新規ユーザー登録]
[ADMIN] 17:18:55.931436 シナリオ走行を開始しました [シナリオ名: 新規ユーザー登録]
[ADMIN] 17:18:55.956833 シナリオ走行を終了しました [シナリオ名: ログイン]
[ADMIN] 17:18:55.956840 シナリオ走行を開始しました [シナリオ名: ログイン]
[ADMIN] 17:18:55.958836 シナリオ走行を終了しました [シナリオ名: ログイン]
[ADMIN] 17:18:55.958845 シナリオ走行を開始しました [シナリオ名: ログイン]
[ADMIN] 17:18:55.991750 シナリオ走行を終了しました [シナリオ名: 新規ユーザー登録]
[ADMIN] 17:18:55.991769 シナリオ走行を開始しました [シナリオ名: 新規ユーザー登録]
[ADMIN] 17:18:55.999094 シナリオ走行を終了しました [シナリオ名: Banユーザログイン]
[ADMIN] 17:18:55.999112 シナリオ走行を開始しました [シナリオ名: Banユーザログイン]
[ADMIN] 17:18:56.013431 シナリオ走行を終了しました [シナリオ名: Banユーザログイン]
[ADMIN] 17:18:56.013450 シナリオ走行を開始しました [シナリオ名: Banユーザログイン]
[ADMIN] 17:18:56.013504 シナリオ走行を終了しました [シナリオ名: ログイン]
[ADMIN] 17:18:56.013517 シナリオ走行を開始しました [シナリオ名: ログイン]
[ADMIN] 17:18:56.031779 シナリオ走行を終了しました [シナリオ名: 新規ユーザー登録]
[ADMIN] 17:18:56.031807 シナリオ走行を開始しました [シナリオ名: 新規ユーザー登録]
[ADMIN] 17:18:56.041281 シナリオ走行を終了しました [シナリオ名: ログイン]
[ADMIN] 17:18:56.041295 シナリオ走行を開始しました [シナリオ名: ログイン]
[ADMIN] 17:18:56.042607 シナリオ走行を終了しました [シナリオ名: ログイン]
[ADMIN] 17:18:56.042632 シナリオ走行を開始しました [シナリオ名: ログイン]
[ADMIN] 17:18:56.050761 シナリオ走行を終了しました [シナリオ名: Banユーザログイン]
[ADMIN] 17:18:56.050782 シナリオ走行を開始しました [シナリオ名: Banユーザログイン]
[ADMIN] 17:18:56.075176 シナリオ走行を終了しました [シナリオ名: ログイン]
[ADMIN] 17:18:56.075191 シナリオ走行を開始しました [シナリオ名: ログイン]
[ADMIN] 17:18:56.079625 シナリオ走行を終了しました [シナリオ名: ログイン]
[ADMIN] 17:18:56.079638 シナリオ走行を開始しました [シナリオ名: ログイン]
[ADMIN] 17:18:56.082291 シナリオ走行を終了しました [シナリオ名: ログイン]
[ADMIN] 17:18:56.082300 シナリオ走行を開始しました [シナリオ名: ログイン]
[ADMIN] 17:18:56.085687 シナリオ走行を終了しました [シナリオ名: 新規ユーザー登録]
[ADMIN] 17:18:56.085705 シナリオ走行を開始しました [シナリオ名: 新規ユーザー登録]
[ADMIN] 17:18:56.128255 シナリオ走行を終了しました [シナリオ名: 新規ユーザー登録]
[ADMIN] 17:18:56.128281 シナリオ走行を開始しました [シナリオ名: 新規ユーザー登録]
[ADMIN] 17:18:56.141991 シナリオ走行を終了しました [シナリオ名: ログイン]
[ADMIN] 17:18:56.142011 シナリオ走行を開始しました [シナリオ名: ログイン]
[ADMIN] 17:18:56.161688 シナリオ走行を終了しました [シナリオ名: ログイン]
[ADMIN] 17:18:56.161702 シナリオ走行を開始しました [シナリオ名: ログイン]
[ADMIN] 17:18:56.170404 シナリオ走行を終了しました [シナリオ名: 新規ユーザー登録]
[ADMIN] 17:18:56.170429 シナリオ走行を開始しました [シナリオ名: 新規ユーザー登録]
[ADMIN] 17:18:56.204638 シナリオ走行を終了しました [シナリオ名: ログイン]
[ADMIN] 17:18:56.204651 シナリオ走行を開始しました [シナリオ名: ログイン]
[ADMIN] 17:18:56.205757 シナリオ走行を終了しました [シナリオ名: ログイン]
[ADMIN] 17:18:56.205766 シナリオ走行を開始しました [シナリオ名: ログイン]
[ADMIN] 17:18:56.206326 シナリオ走行を終了しました [シナリオ名: ログイン]
[ADMIN] 17:18:56.206333 シナリオ走行を開始しました [シナリオ名: ログイン]
[ADMIN] 17:18:56.255286 シナリオ走行を終了しました [シナリオ名: 新規ユーザー登録]
[ADMIN] 17:18:56.255314 シナリオ走行を開始しました [シナリオ名: 新規ユーザー登録]
[ADMIN] 17:18:56.274111 シナリオ走行を終了しました [シナリオ名: ログイン]
[ADMIN] 17:18:56.274124 シナリオ走行を開始しました [シナリオ名: ログイン]
[ADMIN] 17:18:56.307451 シナリオ走行を終了しました [シナリオ名: ログイン]
[ADMIN] 17:18:56.307464 シナリオ走行を開始しました [シナリオ名: ログイン]
[ADMIN] 17:18:56.318287 シナリオ走行を終了しました [シナリオ名: 新規ユーザー登録]
[ADMIN] 17:18:56.318307 シナリオ走行を開始しました [シナリオ名: 新規ユーザー登録]
[ADMIN] 17:18:56.321612 シナリオ走行を終了しました [シナリオ名: ログイン]
[ADMIN] 17:18:56.321621 シナリオ走行を開始しました [シナリオ名: ログイン]
[ADMIN] 17:18:56.331128 シナリオ走行を終了しました [シナリオ名: ログイン]
[ADMIN] 17:18:56.331138 シナリオ走行を開始しました [シナリオ名: ログイン]
[ADMIN] 17:18:56.339541 シナリオ走行を終了しました [シナリオ名: 新規ユーザー登録]
[ADMIN] 17:18:56.339564 シナリオ走行を開始しました [シナリオ名: 新規ユーザー登録]
[ADMIN] 17:18:56.345830 シナリオ走行を終了しました [シナリオ名: 新規ユーザー登録]
[ADMIN] 17:18:56.345846 シナリオ走行を開始しました [シナリオ名: 新規ユーザー登録]
[ADMIN] 17:18:56.350840 シナリオ走行を終了しました [シナリオ名: ログイン]
[ADMIN] 17:18:56.350850 シナリオ走行を開始しました [シナリオ名: ログイン]
[ADMIN] 17:18:56.357791 シナリオ走行を終了しました [シナリオ名: ログイン]
[ADMIN] 17:18:56.357799 シナリオ走行を開始しました [シナリオ名: ログイン]
[ADMIN] 17:18:56.397438 シナリオ走行を終了しました [シナリオ名: ログイン]
[ADMIN] 17:18:56.397454 シナリオ走行を開始しました [シナリオ名: ログイン]
[ADMIN] 17:18:56.450692 シナリオ走行を終了しました [シナリオ名: 新規ユーザー登録]
[ADMIN] 17:18:56.450721 シナリオ走行を開始しました [シナリオ名: 新規ユーザー登録]
[ADMIN] 17:18:56.451184 シナリオ走行を終了しました [シナリオ名: ログイン]
[ADMIN] 17:18:56.451196 シナリオ走行を開始しました [シナリオ名: ログイン]
[ADMIN] 17:18:56.466201 シナリオ走行を終了しました [シナリオ名: ログイン]
[ADMIN] 17:18:56.466212 シナリオ走行を開始しました [シナリオ名: ログイン]
[ADMIN] 17:18:56.475653 シナリオ走行を終了しました [シナリオ名: 新規ユーザー登録]
[ADMIN] 17:18:56.475671 シナリオ走行を開始しました [シナリオ名: 新規ユーザー登録]
[ADMIN] 17:18:56.478929 シナリオ走行を終了しました [シナリオ名: ログイン]
[ADMIN] 17:18:56.478941 シナリオ走行を開始しました [シナリオ名: ログイン]
[ADMIN] 17:18:56.493134 シナリオ走行を終了しました [シナリオ名: ログイン]
[ADMIN] 17:18:56.493144 シナリオ走行を開始しました [シナリオ名: ログイン]
[ADMIN] 17:18:56.502164 シナリオ走行を終了しました [シナリオ名: Banユーザログイン]
[ADMIN] 17:18:56.502178 シナリオ走行を開始しました [シナリオ名: Banユーザログイン]
[ADMIN] 17:18:56.515785 シナリオ走行を終了しました [シナリオ名: Banユーザログイン]
[ADMIN] 17:18:56.515808 シナリオ走行を開始しました [シナリオ名: Banユーザログイン]
[ADMIN] 17:18:56.529628 シナリオ走行を終了しました [シナリオ名: ログイン]
[ADMIN] 17:18:56.529637 シナリオ走行を開始しました [シナリオ名: ログイン]
[ADMIN] 17:18:56.542166 シナリオ走行を終了しました [シナリオ名: ログイン]
[ADMIN] 17:18:56.542175 シナリオ走行を開始しました [シナリオ名: ログイン]
[ADMIN] 17:18:56.556246 シナリオ走行を終了しました [シナリオ名: Banユーザログイン]
[ADMIN] 17:18:56.556260 シナリオ走行を開始しました [シナリオ名: Banユーザログイン]
[ADMIN] 17:18:56.584967 シナリオ走行を終了しました [シナリオ名: 新規ユーザー登録]
[ADMIN] 17:18:56.584985 シナリオ走行を開始しました [シナリオ名: 新規ユーザー登録]
[ADMIN] 17:18:56.605265 シナリオ走行を終了しました [シナリオ名: ログイン]
[ADMIN] 17:18:56.605282 シナリオ走行を開始しました [シナリオ名: ログイン]
[ADMIN] 17:18:56.605631 シナリオ走行を終了しました [シナリオ名: ログイン]
[ADMIN] 17:18:56.605643 シナリオ走行を開始しました [シナリオ名: ログイン]
[ADMIN] 17:18:56.606526 シナリオ走行を終了しました [シナリオ名: ログイン]
[ADMIN] 17:18:56.606536 シナリオ走行を開始しました [シナリオ名: ログイン]
[ADMIN] 17:18:56.614767 シナリオ走行を終了しました [シナリオ名: ログイン]
[ADMIN] 17:18:56.614775 シナリオ走行を開始しました [シナリオ名: ログイン]
[ADMIN] 17:18:56.630293 シナリオ走行を終了しました [シナリオ名: ログイン]
[ADMIN] 17:18:56.630302 シナリオ走行を開始しました [シナリオ名: ログイン]
[ADMIN] 17:18:56.667304 シナリオ走行を終了しました [シナリオ名: 新規ユーザー登録]
[ADMIN] 17:18:56.667324 シナリオ走行を開始しました [シナリオ名: 新規ユーザー登録]
[ADMIN] 17:18:56.668544 シナリオ走行を終了しました [シナリオ名: 新規ユーザー登録]
[ADMIN] 17:18:56.668564 シナリオ走行を開始しました [シナリオ名: 新規ユーザー登録]
[ADMIN] 17:18:56.668611 シナリオ走行を終了しました [シナリオ名: ログイン]
[ADMIN] 17:18:56.668619 シナリオ走行を開始しました [シナリオ名: ログイン]
[ADMIN] 17:18:56.686452 シナリオ走行を終了しました [シナリオ名: 新規ユーザー登録]
[ADMIN] 17:18:56.686471 シナリオ走行を開始しました [シナリオ名: 新規ユーザー登録]
[ADMIN] 17:18:56.687529 シナリオ走行を終了しました [シナリオ名: ログイン]
[ADMIN] 17:18:56.687539 シナリオ走行を開始しました [シナリオ名: ログイン]
[ADMIN] 17:18:56.719137 シナリオ走行を終了しました [シナリオ名: ログイン]
[ADMIN] 17:18:56.719148 シナリオ走行を開始しました [シナリオ名: ログイン]
[ADMIN] 17:18:56.720950 シナリオ走行を終了しました [シナリオ名: ログイン]
[ADMIN] 17:18:56.720960 シナリオ走行を開始しました [シナリオ名: ログイン]
[ADMIN] 17:18:56.721581 シナリオ走行を終了しました [シナリオ名: 新規ユーザー登録]
[ADMIN] 17:18:56.721597 シナリオ走行を開始しました [シナリオ名: 新規ユーザー登録]
[ADMIN] 17:18:56.741134 シナリオ走行を終了しました [シナリオ名: 新規ユーザー登録]
[ADMIN] 17:18:56.741151 シナリオ走行を開始しました [シナリオ名: 新規ユーザー登録]
[ADMIN] 17:18:56.802240 シナリオ走行を終了しました [シナリオ名: ログイン]
[ADMIN] 17:18:56.802254 シナリオ走行を開始しました [シナリオ名: ログイン]
[ADMIN] 17:18:56.813174 シナリオ走行を終了しました [シナリオ名: ログイン]
[ADMIN] 17:18:56.813187 シナリオ走行を開始しました [シナリオ名: ログイン]
[ADMIN] 17:18:56.816482 シナリオ走行を終了しました [シナリオ名: ログイン]
[ADMIN] 17:18:56.816494 シナリオ走行を開始しました [シナリオ名: ログイン]
[ADMIN] 17:18:56.818640 シナリオ走行を終了しました [シナリオ名: ログイン]
[ADMIN] 17:18:56.818650 シナリオ走行を開始しました [シナリオ名: ログイン]
[ADMIN] 17:18:56.839111 シナリオ走行を終了しました [シナリオ名: ログイン]
[ADMIN] 17:18:56.839128 シナリオ走行を開始しました [シナリオ名: ログイン]
[ADMIN] 17:18:56.846697 シナリオ走行を終了しました [シナリオ名: ログイン]
[ADMIN] 17:18:56.846711 シナリオ走行を開始しました [シナリオ名: ログイン]
[ADMIN] 17:18:56.902475 シナリオ走行を終了しました [シナリオ名: 新規ユーザー登録]
[ADMIN] 17:18:56.902502 シナリオ走行を開始しました [シナリオ名: 新規ユーザー登録]
[ADMIN] 17:18:56.902957 シナリオ走行を終了しました [シナリオ名: ログイン]
[ADMIN] 17:18:56.902968 シナリオ走行を開始しました [シナリオ名: ログイン]
[ADMIN] 17:18:56.942887 シナリオ走行を終了しました [シナリオ名: ログイン]
[ADMIN] 17:18:56.942898 シナリオ走行を開始しました [シナリオ名: ログイン]
[ADMIN] 17:18:56.949516 シナリオ走行を終了しました [シナリオ名: ログイン]
[ADMIN] 17:18:56.949526 シナリオ走行を開始しました [シナリオ名: ログイン]
[ADMIN] 17:18:56.994385 シナリオ走行を終了しました [シナリオ名: ログイン]
[ADMIN] 17:18:56.994406 シナリオ走行を開始しました [シナリオ名: ログイン]
[ADMIN] 17:18:56.994451 シナリオ走行を終了しました [シナリオ名: ログイン]
[ADMIN] 17:18:56.994460 シナリオ走行を開始しました [シナリオ名: ログイン]
[ADMIN] 17:18:57.002726 シナリオ走行を終了しました [シナリオ名: 新規ユーザー登録]
[ADMIN] 17:18:57.002749 シナリオ走行を開始しました [シナリオ名: 新規ユーザー登録]
[ADMIN] 17:18:57.016732 シナリオ走行を終了しました [シナリオ名: ログイン]
[ADMIN] 17:18:57.016742 シナリオ走行を開始しました [シナリオ名: ログイン]
[ADMIN] 17:18:57.021337 シナリオ走行を終了しました [シナリオ名: Banユーザログイン]
[ADMIN] 17:18:57.021356 シナリオ走行を開始しました [シナリオ名: Banユーザログイン]
[ADMIN] 17:18:57.025097 シナリオ走行を終了しました [シナリオ名: ログイン]
[ADMIN] 17:18:57.025109 シナリオ走行を開始しました [シナリオ名: ログイン]
[ADMIN] 17:18:57.038769 シナリオ走行を終了しました [シナリオ名: Banユーザログイン]
[ADMIN] 17:18:57.038786 シナリオ走行を開始しました [シナリオ名: Banユーザログイン]
[ADMIN] 17:18:57.063545 シナリオ走行を終了しました [シナリオ名: 新規ユーザー登録]
[ADMIN] 17:18:57.063567 シナリオ走行を開始しました [シナリオ名: 新規ユーザー登録]
[ADMIN] 17:18:57.065484 シナリオ走行を終了しました [シナリオ名: Banユーザログイン]
[ADMIN] 17:18:57.065497 シナリオ走行を開始しました [シナリオ名: Banユーザログイン]
[ADMIN] 17:18:57.068797 シナリオ走行を終了しました [シナリオ名: 新規ユーザー登録]
[ADMIN] 17:18:57.068816 シナリオ走行を開始しました [シナリオ名: 新規ユーザー登録]
[ADMIN] 17:18:57.086806 シナリオ走行を終了しました [シナリオ名: ログイン]
[ADMIN] 17:18:57.086822 シナリオ走行を開始しました [シナリオ名: ログイン]
[ADMIN] 17:18:57.088569 シナリオ走行を終了しました [シナリオ名: ログイン]
[ADMIN] 17:18:57.088578 シナリオ走行を開始しました [シナリオ名: ログイン]
[ADMIN] 17:18:57.095292 シナリオ走行を終了しました [シナリオ名: 新規ユーザー登録]
[ADMIN] 17:18:57.095312 シナリオ走行を開始しました [シナリオ名: 新規ユーザー登録]
[ADMIN] 17:18:57.102906 シナリオ走行を終了しました [シナリオ名: ログイン]
[ADMIN] 17:18:57.102914 シナリオ走行を開始しました [シナリオ名: ログイン]
[ADMIN] 17:18:57.113254 シナリオ走行を終了しました [シナリオ名: ログイン]
[ADMIN] 17:18:57.113265 シナリオ走行を開始しました [シナリオ名: ログイン]
[ADMIN] 17:18:57.136189 シナリオ走行を終了しました [シナリオ名: ログイン]
[ADMIN] 17:18:57.136203 シナリオ走行を開始しました [シナリオ名: ログイン]
[ADMIN] 17:18:57.149529 シナリオ走行を終了しました [シナリオ名: 新規ユーザー登録]
[ADMIN] 17:18:57.149555 シナリオ走行を開始しました [シナリオ名: 新規ユーザー登録]
[ADMIN] 17:18:57.216174 シナリオ走行を終了しました [シナリオ名: 新規ユーザー登録]
[ADMIN] 17:18:57.216197 シナリオ走行を開始しました [シナリオ名: 新規ユーザー登録]
[ADMIN] 17:18:57.223711 シナリオ走行を終了しました [シナリオ名: ログイン]
[ADMIN] 17:18:57.223723 シナリオ走行を開始しました [シナリオ名: ログイン]
[ADMIN] 17:18:57.231048 シナリオ走行を終了しました [シナリオ名: 新規ユーザー登録]
[ADMIN] 17:18:57.231075 シナリオ走行を開始しました [シナリオ名: 新規ユーザー登録]
[ADMIN] 17:18:57.241442 シナリオ走行を終了しました [シナリオ名: ログイン]
[ADMIN] 17:18:57.241452 シナリオ走行を開始しました [シナリオ名: ログイン]
[ADMIN] 17:18:57.243756 シナリオ走行を終了しました [シナリオ名: ログイン]
[ADMIN] 17:18:57.243765 シナリオ走行を開始しました [シナリオ名: ログイン]
[ADMIN] 17:18:57.256916 シナリオ走行を終了しました [シナリオ名: ログイン]
[ADMIN] 17:18:57.256928 シナリオ走行を開始しました [シナリオ名: ログイン]
[ADMIN] 17:18:57.260892 シナリオ走行を終了しました [シナリオ名: ログイン]
[ADMIN] 17:18:57.260904 シナリオ走行を開始しました [シナリオ名: ログイン]
[ADMIN] 17:18:57.262127 シナリオ走行を終了しました [シナリオ名: ログイン]
[ADMIN] 17:18:57.262138 シナリオ走行を開始しました [シナリオ名: ログイン]
[ADMIN] 17:18:57.348998 シナリオ走行を終了しました [シナリオ名: ログイン]
[ADMIN] 17:18:57.349013 シナリオ走行を開始しました [シナリオ名: ログイン]
[ADMIN] 17:18:57.358327 シナリオ走行を終了しました [シナリオ名: ログイン]
[ADMIN] 17:18:57.358340 シナリオ走行を開始しました [シナリオ名: ログイン]
[ADMIN] 17:18:57.368795 シナリオ走行を終了しました [シナリオ名: ログイン]
[ADMIN] 17:18:57.368805 シナリオ走行を開始しました [シナリオ名: ログイン]
[ADMIN] 17:18:57.372421 シナリオ走行を終了しました [シナリオ名: ログイン]
[ADMIN] 17:18:57.372430 シナリオ走行を開始しました [シナリオ名: ログイン]
[ADMIN] 17:18:57.384429 シナリオ走行を終了しました [シナリオ名: ログイン]
[ADMIN] 17:18:57.384440 シナリオ走行を開始しました [シナリオ名: ログイン]
[ADMIN] 17:18:57.387819 シナリオ走行を終了しました [シナリオ名: 新規ユーザー登録]
[ADMIN] 17:18:57.387836 シナリオ走行を開始しました [シナリオ名: 新規ユーザー登録]
[ADMIN] 17:18:57.392738 シナリオ走行を終了しました [シナリオ名: ログイン]
[ADMIN] 17:18:57.392748 シナリオ走行を開始しました [シナリオ名: ログイン]
[ADMIN] 17:18:57.396402 シナリオ走行を終了しました [シナリオ名: ログイン]
[ADMIN] 17:18:57.396410 シナリオ走行を開始しました [シナリオ名: ログイン]
[ADMIN] 17:18:57.396792 シナリオ走行を終了しました [シナリオ名: ログイン]
[ADMIN] 17:18:57.396801 シナリオ走行を開始しました [シナリオ名: ログイン]
[ADMIN] 17:18:57.441411 シナリオ走行を終了しました [シナリオ名: 新規ユーザー登録]
[ADMIN] 17:18:57.441431 シナリオ走行を開始しました [シナリオ名: 新規ユーザー登録]
[ADMIN] 17:18:57.442636 シナリオ走行を終了しました [シナリオ名: 新規ユーザー登録]
[ADMIN] 17:18:57.442659 シナリオ走行を開始しました [シナリオ名: 新規ユーザー登録]
[ADMIN] 17:18:57.456662 シナリオ走行を終了しました [シナリオ名: ログイン]
[ADMIN] 17:18:57.456674 シナリオ走行を開始しました [シナリオ名: ログイン]
[ADMIN] 17:18:57.465016 シナリオ走行を終了しました [シナリオ名: 新規ユーザー登録]
[ADMIN] 17:18:57.465040 シナリオ走行を開始しました [シナリオ名: 新規ユーザー登録]
[ADMIN] 17:18:57.484628 シナリオ走行を終了しました [シナリオ名: ログイン]
[ADMIN] 17:18:57.484642 シナリオ走行を開始しました [シナリオ名: ログイン]
[ADMIN] 17:18:57.498004 シナリオ走行を終了しました [シナリオ名: ログイン]
[ADMIN] 17:18:57.498018 シナリオ走行を開始しました [シナリオ名: ログイン]
[ADMIN] 17:18:57.524874 シナリオ走行を終了しました [シナリオ名: Banユーザログイン]
[ADMIN] 17:18:57.524889 シナリオ走行を開始しました [シナリオ名: Banユーザログイン]
[ADMIN] 17:18:57.533713 シナリオ走行を終了しました [シナリオ名: 新規ユーザー登録]
[ADMIN] 17:18:57.533729 シナリオ走行を開始しました [シナリオ名: 新規ユーザー登録]
[ADMIN] 17:18:57.551141 シナリオ走行を終了しました [シナリオ名: Banユーザログイン]
[ADMIN] 17:18:57.551156 シナリオ走行を開始しました [シナリオ名: Banユーザログイン]
[ADMIN] 17:18:57.578214 シナリオ走行を終了しました [シナリオ名: Banユーザログイン]
[ADMIN] 17:18:57.578231 シナリオ走行を開始しました [シナリオ名: Banユーザログイン]
[ADMIN] 17:18:57.578310 シナリオ走行を終了しました [シナリオ名: ログイン]
[ADMIN] 17:18:57.578323 シナリオ走行を開始しました [シナリオ名: ログイン]
[ADMIN] 17:18:57.595756 シナリオ走行を終了しました [シナリオ名: ログイン]
[ADMIN] 17:18:57.595766 シナリオ走行を開始しました [シナリオ名: ログイン]
[ADMIN] 17:18:57.627020 シナリオ走行を終了しました [シナリオ名: 新規ユーザー登録]
[ADMIN] 17:18:57.627043 シナリオ走行を開始しました [シナリオ名: 新規ユーザー登録]
[ADMIN] 17:18:57.653067 シナリオ走行を終了しました [シナリオ名: 新規ユーザー登録]
[ADMIN] 17:18:57.653090 シナリオ走行を開始しました [シナリオ名: 新規ユーザー登録]
[ADMIN] 17:18:57.660289 シナリオ走行を終了しました [シナリオ名: 新規ユーザー登録]
[ADMIN] 17:18:57.660307 シナリオ走行を開始しました [シナリオ名: 新規ユーザー登録]
[ADMIN] 17:18:57.670206 シナリオ走行を終了しました [シナリオ名: ログイン]
[ADMIN] 17:18:57.670215 シナリオ走行を開始しました [シナリオ名: ログイン]
[ADMIN] 17:18:57.671552 シナリオ走行を終了しました [シナリオ名: ログイン]
[ADMIN] 17:18:57.671561 シナリオ走行を開始しました [シナリオ名: ログイン]
[ADMIN] 17:18:57.695689 シナリオ走行を終了しました [シナリオ名: 新規ユーザー登録]
[ADMIN] 17:18:57.695709 シナリオ走行を開始しました [シナリオ名: 新規ユーザー登録]
[ADMIN] 17:18:57.699120 シナリオ走行を終了しました [シナリオ名: ログイン]
[ADMIN] 17:18:57.699127 シナリオ走行を開始しました [シナリオ名: ログイン]
[ADMIN] 17:18:57.718348 シナリオ走行を終了しました [シナリオ名: ログイン]
[ADMIN] 17:18:57.718358 シナリオ走行を開始しました [シナリオ名: ログイン]
[ADMIN] 17:18:57.720644 シナリオ走行を終了しました [シナリオ名: ログイン]
[ADMIN] 17:18:57.720652 シナリオ走行を開始しました [シナリオ名: ログイン]
[ADMIN] 17:18:57.756609 シナリオ走行を終了しました [シナリオ名: ログイン]
[ADMIN] 17:18:57.756624 シナリオ走行を開始しました [シナリオ名: ログイン]
[ADMIN] 17:18:57.796016 シナリオ走行を終了しました [シナリオ名: ログイン]
[ADMIN] 17:18:57.796027 シナリオ走行を開始しました [シナリオ名: ログイン]
[ADMIN] 17:18:57.813925 シナリオ走行を終了しました [シナリオ名: 新規ユーザー登録]
[ADMIN] 17:18:57.813946 シナリオ走行を開始しました [シナリオ名: 新規ユーザー登録]
[ADMIN] 17:18:57.823842 シナリオ走行を終了しました [シナリオ名: 新規ユーザー登録]
[ADMIN] 17:18:57.823862 シナリオ走行を開始しました [シナリオ名: 新規ユーザー登録]
[ADMIN] 17:18:57.830443 シナリオ走行を終了しました [シナリオ名: 新規ユーザー登録]
[ADMIN] 17:18:57.830461 シナリオ走行を開始しました [シナリオ名: 新規ユーザー登録]
[ADMIN] 17:18:57.869479 シナリオ走行を終了しました [シナリオ名: ログイン]
[ADMIN] 17:18:57.869495 シナリオ走行を開始しました [シナリオ名: ログイン]
[ADMIN] 17:18:57.876113 シナリオ走行を終了しました [シナリオ名: ログイン]
[ADMIN] 17:18:57.876125 シナリオ走行を開始しました [シナリオ名: ログイン]
[ADMIN] 17:18:57.876136 シナリオ走行を終了しました [シナリオ名: ログイン]
[ADMIN] 17:18:57.876144 シナリオ走行を開始しました [シナリオ名: ログイン]
[ADMIN] 17:18:57.879513 シナリオ走行を終了しました [シナリオ名: ログイン]
[ADMIN] 17:18:57.879522 シナリオ走行を開始しました [シナリオ名: ログイン]
[ADMIN] 17:18:57.906092 シナリオ走行を終了しました [シナリオ名: ログイン]
[ADMIN] 17:18:57.906110 シナリオ走行を開始しました [シナリオ名: ログイン]
[ADMIN] 17:18:57.907511 シナリオ走行を終了しました [シナリオ名: ログイン]
[ADMIN] 17:18:57.907565 シナリオ走行を開始しました [シナリオ名: ログイン]
[ADMIN] 17:18:57.981860 シナリオ走行を終了しました [シナリオ名: ログイン]
[ADMIN] 17:18:57.981874 シナリオ走行を開始しました [シナリオ名: ログイン]
[ADMIN] 17:18:57.995988 シナリオ走行を終了しました [シナリオ名: 新規ユーザー登録]
[ADMIN] 17:18:57.996008 シナリオ走行を開始しました [シナリオ名: 新規ユーザー登録]
[ADMIN] 17:18:58.003190 シナリオ走行を終了しました [シナリオ名: 新規ユーザー登録]
[ADMIN] 17:18:58.003209 シナリオ走行を開始しました [シナリオ名: 新規ユーザー登録]
[ADMIN] 17:18:58.015493 シナリオ走行を終了しました [シナリオ名: ログイン]
[ADMIN] 17:18:58.015508 シナリオ走行を開始しました [シナリオ名: ログイン]
[ADMIN] 17:18:58.029637 シナリオ走行を終了しました [シナリオ名: ログイン]
[ADMIN] 17:18:58.029648 シナリオ走行を開始しました [シナリオ名: ログイン]
[ADMIN] 17:18:58.035565 シナリオ走行を終了しました [シナリオ名: Banユーザログイン]
[ADMIN] 17:18:58.035579 シナリオ走行を開始しました [シナリオ名: Banユーザログイン]
[ADMIN] 17:18:58.052854 シナリオ走行を終了しました [シナリオ名: ログイン]
[ADMIN] 17:18:58.052865 シナリオ走行を開始しました [シナリオ名: ログイン]
[ADMIN] 17:18:58.053182 シナリオ走行を終了しました [シナリオ名: Banユーザログイン]
[ADMIN] 17:18:58.053192 シナリオ走行を開始しました [シナリオ名: Banユーザログイン]
[ADMIN] 17:18:58.061522 シナリオ走行を終了しました [シナリオ名: ログイン]
[ADMIN] 17:18:58.061531 シナリオ走行を開始しました [シナリオ名: ログイン]
[ADMIN] 17:18:58.080669 シナリオ走行を終了しました [シナリオ名: ログイン]
[ADMIN] 17:18:58.080678 シナリオ走行を開始しました [シナリオ名: ログイン]
[ADMIN] 17:18:58.082755 シナリオ走行を終了しました [シナリオ名: ログイン]
[ADMIN] 17:18:58.082766 シナリオ走行を開始しました [シナリオ名: ログイン]
[ADMIN] 17:18:58.086919 シナリオ走行を終了しました [シナリオ名: ログイン]
[ADMIN] 17:18:58.086928 シナリオ走行を開始しました [シナリオ名: ログイン]
[ADMIN] 17:18:58.096703 シナリオ走行を終了しました [シナリオ名: ログイン]
[ADMIN] 17:18:58.096712 シナリオ走行を開始しました [シナリオ名: ログイン]
[ADMIN] 17:18:58.100636 シナリオ走行を終了しました [シナリオ名: ログイン]
[ADMIN] 17:18:58.100644 シナリオ走行を開始しました [シナリオ名: ログイン]
[ADMIN] 17:18:58.103578 シナリオ走行を終了しました [シナリオ名: 新規ユーザー登録]
[ADMIN] 17:18:58.103594 シナリオ走行を開始しました [シナリオ名: 新規ユーザー登録]
[ADMIN] 17:18:58.106009 シナリオ走行を終了しました [シナリオ名: Banユーザログイン]
[ADMIN] 17:18:58.106022 シナリオ走行を開始しました [シナリオ名: Banユーザログイン]
[ADMIN] 17:18:58.141532 シナリオ走行を終了しました [シナリオ名: ログイン]
[ADMIN] 17:18:58.141546 シナリオ走行を開始しました [シナリオ名: ログイン]
[ADMIN] 17:18:58.174764 シナリオ走行を終了しました [シナリオ名: 新規ユーザー登録]
[ADMIN] 17:18:58.174791 シナリオ走行を開始しました [シナリオ名: 新規ユーザー登録]
[ADMIN] 17:18:58.180229 シナリオ走行を終了しました [シナリオ名: ログイン]
[ADMIN] 17:18:58.180241 シナリオ走行を開始しました [シナリオ名: ログイン]
[ADMIN] 17:18:58.190738 シナリオ走行を終了しました [シナリオ名: ログイン]
[ADMIN] 17:18:58.190751 シナリオ走行を開始しました [シナリオ名: ログイン]
[ADMIN] 17:18:58.214166 シナリオ走行を終了しました [シナリオ名: 新規ユーザー登録]
[ADMIN] 17:18:58.214185 シナリオ走行を開始しました [シナリオ名: 新規ユーザー登録]
[ADMIN] 17:18:58.214902 シナリオ走行を終了しました [シナリオ名: 新規ユーザー登録]
[ADMIN] 17:18:58.214921 シナリオ走行を開始しました [シナリオ名: 新規ユーザー登録]
[ADMIN] 17:18:58.266671 シナリオ走行を終了しました [シナリオ名: 新規ユーザー登録]
[ADMIN] 17:18:58.266689 シナリオ走行を開始しました [シナリオ名: 新規ユーザー登録]
[ADMIN] 17:18:58.294528 シナリオ走行を終了しました [シナリオ名: ログイン]
[ADMIN] 17:18:58.294538 シナリオ走行を開始しました [シナリオ名: ログイン]
[ADMIN] 17:18:58.298666 シナリオ走行を終了しました [シナリオ名: ログイン]
[ADMIN] 17:18:58.298673 シナリオ走行を開始しました [シナリオ名: ログイン]
[ADMIN] 17:18:58.306831 シナリオ走行を終了しました [シナリオ名: ログイン]
[ADMIN] 17:18:58.306841 シナリオ走行を開始しました [シナリオ名: ログイン]
[ADMIN] 17:18:58.317443 シナリオ走行を終了しました [シナリオ名: ログイン]
[ADMIN] 17:18:58.317451 シナリオ走行を開始しました [シナリオ名: ログイン]
[ADMIN] 17:18:58.327107 シナリオ走行を終了しました [シナリオ名: ログイン]
[ADMIN] 17:18:58.327117 シナリオ走行を開始しました [シナリオ名: ログイン]
[ADMIN] 17:18:58.337635 シナリオ走行を終了しました [シナリオ名: ログイン]
[ADMIN] 17:18:58.337643 シナリオ走行を開始しました [シナリオ名: ログイン]
[ADMIN] 17:18:58.341904 シナリオ走行を終了しました [シナリオ名: 新規ユーザー登録]
[ADMIN] 17:18:58.341922 シナリオ走行を開始しました [シナリオ名: 新規ユーザー登録]
[ADMIN] 17:18:58.342060 シナリオ走行を終了しました [シナリオ名: 新規ユーザー登録]
[ADMIN] 17:18:58.342079 シナリオ走行を開始しました [シナリオ名: 新規ユーザー登録]
[ADMIN] 17:18:58.349867 シナリオ走行を終了しました [シナリオ名: ログイン]
[ADMIN] 17:18:58.349878 シナリオ走行を開始しました [シナリオ名: ログイン]
[ADMIN] 17:18:58.356097 シナリオ走行を終了しました [シナリオ名: ログイン]
[ADMIN] 17:18:58.356105 シナリオ走行を開始しました [シナリオ名: ログイン]
[ADMIN] 17:18:58.380070 シナリオ走行を終了しました [シナリオ名: 新規ユーザー登録]
[ADMIN] 17:18:58.380090 シナリオ走行を開始しました [シナリオ名: 新規ユーザー登録]
[ADMIN] 17:18:58.395308 シナリオ走行を終了しました [シナリオ名: ログイン]
[ADMIN] 17:18:58.395322 シナリオ走行を開始しました [シナリオ名: ログイン]
[ADMIN] 17:18:58.401049 シナリオ走行を終了しました [シナリオ名: ログイン]
[ADMIN] 17:18:58.401060 シナリオ走行を開始しました [シナリオ名: ログイン]
[ADMIN] 17:18:58.426129 シナリオ走行を終了しました [シナリオ名: ログイン]
[ADMIN] 17:18:58.426142 シナリオ走行を開始しました [シナリオ名: ログイン]
[ADMIN] 17:18:58.438380 シナリオ走行を終了しました [シナリオ名: ログイン]
[ADMIN] 17:18:58.438390 シナリオ走行を開始しました [シナリオ名: ログイン]
[ADMIN] 17:18:58.453114 シナリオ走行を終了しました [シナリオ名: 新規ユーザー登録]
[ADMIN] 17:18:58.453134 シナリオ走行を開始しました [シナリオ名: 新規ユーザー登録]
[ADMIN] 17:18:58.453817 シナリオ走行を終了しました [シナリオ名: ログイン]
[ADMIN] 17:18:58.453827 シナリオ走行を開始しました [シナリオ名: ログイン]
[ADMIN] 17:18:58.523300 シナリオ走行を終了しました [シナリオ名: ログイン]
[ADMIN] 17:18:58.523315 シナリオ走行を開始しました [シナリオ名: ログイン]
[ADMIN] 17:18:58.544325 シナリオ走行を終了しました [シナリオ名: Banユーザログイン]
[ADMIN] 17:18:58.544342 シナリオ走行を開始しました [シナリオ名: Banユーザログイン]
[ADMIN] 17:18:58.544404 シナリオ走行を終了しました [シナリオ名: ログイン]
[ADMIN] 17:18:58.544416 シナリオ走行を開始しました [シナリオ名: ログイン]
[ADMIN] 17:18:58.555983 シナリオ走行を終了しました [シナリオ名: Banユーザログイン]
[ADMIN] 17:18:58.555994 シナリオ走行を開始しました [シナリオ名: Banユーザログイン]
[ADMIN] 17:18:58.597787 シナリオ走行を終了しました [シナリオ名: 新規ユーザー登録]
[ADMIN] 17:18:58.597806 シナリオ走行を開始しました [シナリオ名: 新規ユーザー登録]
[ADMIN] 17:18:58.608380 シナリオ走行を終了しました [シナリオ名: Banユーザログイン]
[ADMIN] 17:18:58.608395 シナリオ走行を開始しました [シナリオ名: Banユーザログイン]
[ADMIN] 17:18:58.631293 シナリオ走行を終了しました [シナリオ名: ログイン]
[ADMIN] 17:18:58.631312 シナリオ走行を開始しました [シナリオ名: ログイン]
[ADMIN] 17:18:58.631685 シナリオ走行を終了しました [シナリオ名: 新規ユーザー登録]
[ADMIN] 17:18:58.631699 シナリオ走行を開始しました [シナリオ名: 新規ユーザー登録]
[ADMIN] 17:18:58.631738 シナリオ走行を終了しました [シナリオ名: ログイン]
[ADMIN] 17:18:58.631745 シナリオ走行を開始しました [シナリオ名: ログイン]
[ADMIN] 17:18:58.672776 シナリオ走行を終了しました [シナリオ名: ログイン]
[ADMIN] 17:18:58.672789 シナリオ走行を開始しました [シナリオ名: ログイン]
[ADMIN] 17:18:58.678156 シナリオ走行を終了しました [シナリオ名: ログイン]
[ADMIN] 17:18:58.678165 シナリオ走行を開始しました [シナリオ名: ログイン]
[ADMIN] 17:18:58.679183 シナリオ走行を終了しました [シナリオ名: 新規ユーザー登録]
[ADMIN] 17:18:58.679208 シナリオ走行を開始しました [シナリオ名: 新規ユーザー登録]
[ADMIN] 17:18:58.683270 シナリオ走行を終了しました [シナリオ名: ログイン]
[ADMIN] 17:18:58.683280 シナリオ走行を開始しました [シナリオ名: ログイン]
[ADMIN] 17:18:58.683702 シナリオ走行を終了しました [シナリオ名: ログイン]
[ADMIN] 17:18:58.683708 シナリオ走行を開始しました [シナリオ名: ログイン]
[ADMIN] 17:18:58.685080 シナリオ走行を終了しました [シナリオ名: ログイン]
[ADMIN] 17:18:58.685088 シナリオ走行を開始しました [シナリオ名: ログイン]
[ADMIN] 17:18:58.692497 シナリオ走行を終了しました [シナリオ名: ログイン]
[ADMIN] 17:18:58.692508 シナリオ走行を開始しました [シナリオ名: ログイン]
[ADMIN] 17:18:58.727103 シナリオ走行を終了しました [シナリオ名: 新規ユーザー登録]
[ADMIN] 17:18:58.727126 シナリオ走行を開始しました [シナリオ名: 新規ユーザー登録]
[ADMIN] 17:18:58.772721 シナリオ走行を終了しました [シナリオ名: ログイン]
[ADMIN] 17:18:58.772734 シナリオ走行を開始しました [シナリオ名: ログイン]
[ADMIN] 17:18:58.780198 シナリオ走行を終了しました [シナリオ名: ログイン]
[ADMIN] 17:18:58.780208 シナリオ走行を開始しました [シナリオ名: ログイン]
[ADMIN] 17:18:58.807310 シナリオ走行を終了しました [シナリオ名: ログイン]
[ADMIN] 17:18:58.807323 シナリオ走行を開始しました [シナリオ名: ログイン]
[ADMIN] 17:18:58.809818 シナリオ走行を終了しました [シナリオ名: ログイン]
[ADMIN] 17:18:58.809825 シナリオ走行を開始しました [シナリオ名: ログイン]
[ADMIN] 17:18:58.815756 シナリオ走行を終了しました [シナリオ名: ログイン]
[ADMIN] 17:18:58.815767 シナリオ走行を開始しました [シナリオ名: ログイン]
[ADMIN] 17:18:58.820981 シナリオ走行を終了しました [シナリオ名: 新規ユーザー登録]
[ADMIN] 17:18:58.820999 シナリオ走行を開始しました [シナリオ名: 新規ユーザー登録]
[ADMIN] 17:18:58.843229 シナリオ走行を終了しました [シナリオ名: ログイン]
[ADMIN] 17:18:58.843240 シナリオ走行を開始しました [シナリオ名: ログイン]
[ADMIN] 17:18:58.845163 シナリオ走行を終了しました [シナリオ名: ログイン]
[ADMIN] 17:18:58.845173 シナリオ走行を開始しました [シナリオ名: ログイン]
[ADMIN] 17:18:58.845454 シナリオ走行を終了しました [シナリオ名: ログイン]
[ADMIN] 17:18:58.845462 シナリオ走行を開始しました [シナリオ名: ログイン]
[ADMIN] 17:18:58.876041 シナリオ走行を終了しました [シナリオ名: ログイン]
[ADMIN] 17:18:58.876055 シナリオ走行を開始しました [シナリオ名: ログイン]
[ADMIN] 17:18:58.924342 シナリオ走行を終了しました [シナリオ名: ログイン]
[ADMIN] 17:18:58.924358 シナリオ走行を開始しました [シナリオ名: ログイン]
[ADMIN] 17:18:58.929694 シナリオ走行を終了しました [シナリオ名: ログイン]
[ADMIN] 17:18:58.929708 シナリオ走行を開始しました [シナリオ名: ログイン]
[ADMIN] 17:18:58.945034 シナリオ走行を終了しました [シナリオ名: 新規ユーザー登録]
[ADMIN] 17:18:58.945063 シナリオ走行を開始しました [シナリオ名: 新規ユーザー登録]
[ADMIN] 17:18:58.965078 シナリオ走行を終了しました [シナリオ名: ログイン]
[ADMIN] 17:18:58.965093 シナリオ走行を開始しました [シナリオ名: ログイン]
[ADMIN] 17:18:58.970630 シナリオ走行を終了しました [シナリオ名: ログイン]
[ADMIN] 17:18:58.970644 シナリオ走行を開始しました [シナリオ名: ログイン]
[ADMIN] 17:18:58.976590 シナリオ走行を終了しました [シナリオ名: ログイン]
[ADMIN] 17:18:58.976598 シナリオ走行を開始しました [シナリオ名: ログイン]
[ADMIN] 17:18:58.999446 シナリオ走行を終了しました [シナリオ名: ログイン]
[ADMIN] 17:18:58.999459 シナリオ走行を開始しました [シナリオ名: ログイン]
[ADMIN] 17:18:59.000593 シナリオ走行を終了しました [シナリオ名: ログイン]
[ADMIN] 17:18:59.000603 シナリオ走行を開始しました [シナリオ名: ログイン]
[ADMIN] 17:18:59.016171 シナリオ走行を終了しました [シナリオ名: ログイン]
[ADMIN] 17:18:59.016182 シナリオ走行を開始しました [シナリオ名: ログイン]
[ADMIN] 17:18:59.025093 シナリオ走行を終了しました [シナリオ名: 新規ユーザー登録]
[ADMIN] 17:18:59.025109 シナリオ走行を開始しました [シナリオ名: 新規ユーザー登録]
[ADMIN] 17:18:59.038360 シナリオ走行を終了しました [シナリオ名: 新規ユーザー登録]
[ADMIN] 17:18:59.038382 シナリオ走行を開始しました [シナリオ名: 新規ユーザー登録]
[ADMIN] 17:18:59.047147 シナリオ走行を終了しました [シナリオ名: Banユーザログイン]
[ADMIN] 17:18:59.047164 シナリオ走行を開始しました [シナリオ名: Banユーザログイン]
[ADMIN] 17:18:59.058134 シナリオ走行を終了しました [シナリオ名: Banユーザログイン]
[ADMIN] 17:18:59.058154 シナリオ走行を開始しました [シナリオ名: Banユーザログイン]
[ADMIN] 17:18:59.068693 シナリオ走行を終了しました [シナリオ名: ログイン]
[ADMIN] 17:18:59.068705 シナリオ走行を開始しました [シナリオ名: ログイン]
[ADMIN] 17:18:59.080806 シナリオ走行を終了しました [シナリオ名: ログイン]
[ADMIN] 17:18:59.080819 シナリオ走行を開始しました [シナリオ名: ログイン]
[ADMIN] 17:18:59.095252 シナリオ走行を終了しました [シナリオ名: 新規ユーザー登録]
[ADMIN] 17:18:59.095274 シナリオ走行を開始しました [シナリオ名: 新規ユーザー登録]
[ADMIN] 17:18:59.107534 シナリオ走行を終了しました [シナリオ名: 新規ユーザー登録]
[ADMIN] 17:18:59.107552 シナリオ走行を開始しました [シナリオ名: 新規ユーザー登録]
[ADMIN] 17:18:59.111188 シナリオ走行を終了しました [シナリオ名: Banユーザログイン]
[ADMIN] 17:18:59.111199 シナリオ走行を開始しました [シナリオ名: Banユーザログイン]
[ADMIN] 17:18:59.117063 シナリオ走行を終了しました [シナリオ名: ログイン]
[ADMIN] 17:18:59.117074 シナリオ走行を開始しました [シナリオ名: ログイン]
[ADMIN] 17:18:59.127006 シナリオ走行を終了しました [シナリオ名: ログイン]
[ADMIN] 17:18:59.127018 シナリオ走行を開始しました [シナリオ名: ログイン]
[ADMIN] 17:18:59.135805 シナリオ走行を終了しました [シナリオ名: 新規ユーザー登録]
[ADMIN] 17:18:59.135822 シナリオ走行を開始しました [シナリオ名: 新規ユーザー登録]
[ADMIN] 17:18:59.140833 シナリオ走行を終了しました [シナリオ名: ログイン]
[ADMIN] 17:18:59.140843 シナリオ走行を開始しました [シナリオ名: ログイン]
[ADMIN] 17:18:59.155078 シナリオ走行を終了しました [シナリオ名: ログイン]
[ADMIN] 17:18:59.155091 シナリオ走行を開始しました [シナリオ名: ログイン]
[ADMIN] 17:18:59.202286 シナリオ走行を終了しました [シナリオ名: ログイン]
[ADMIN] 17:18:59.202302 シナリオ走行を開始しました [シナリオ名: ログイン]
[ADMIN] 17:18:59.229237 シナリオ走行を終了しました [シナリオ名: 新規ユーザー登録]
[ADMIN] 17:18:59.229263 シナリオ走行を開始しました [シナリオ名: 新規ユーザー登録]
[ADMIN] 17:18:59.241990 シナリオ走行を終了しました [シナリオ名: ログイン]
[ADMIN] 17:18:59.242009 シナリオ走行を開始しました [シナリオ名: ログイン]
[ADMIN] 17:18:59.256480 シナリオ走行を終了しました [シナリオ名: 新規ユーザー登録]
[ADMIN] 17:18:59.256503 シナリオ走行を開始しました [シナリオ名: 新規ユーザー登録]
[ADMIN] 17:18:59.279435 シナリオ走行を終了しました [シナリオ名: 新規ユーザー登録]
[ADMIN] 17:18:59.279465 シナリオ走行を開始しました [シナリオ名: 新規ユーザー登録]
[ADMIN] 17:18:59.282105 シナリオ走行を終了しました [シナリオ名: ログイン]
[ADMIN] 17:18:59.282118 シナリオ走行を開始しました [シナリオ名: ログイン]
[ADMIN] 17:18:59.316482 シナリオ走行を終了しました [シナリオ名: ログイン]
[ADMIN] 17:18:59.316495 シナリオ走行を開始しました [シナリオ名: ログイン]
[ADMIN] 17:18:59.332438 シナリオ走行を終了しました [シナリオ名: 新規ユーザー登録]
[ADMIN] 17:18:59.332464 シナリオ走行を開始しました [シナリオ名: 新規ユーザー登録]
[ADMIN] 17:18:59.336754 シナリオ走行を終了しました [シナリオ名: ログイン]
[ADMIN] 17:18:59.336764 シナリオ走行を開始しました [シナリオ名: ログイン]
[ADMIN] 17:18:59.347641 シナリオ走行を終了しました [シナリオ名: 新規ユーザー登録]
[ADMIN] 17:18:59.347662 シナリオ走行を開始しました [シナリオ名: 新規ユーザー登録]
[ADMIN] 17:18:59.348019 シナリオ走行を終了しました [シナリオ名: ログイン]
[ADMIN] 17:18:59.348028 シナリオ走行を開始しました [シナリオ名: ログイン]
[ADMIN] 17:18:59.381859 シナリオ走行を終了しました [シナリオ名: ログイン]
[ADMIN] 17:18:59.381871 シナリオ走行を開始しました [シナリオ名: ログイン]
[ADMIN] 17:18:59.394720 シナリオ走行を終了しました [シナリオ名: ログイン]
[ADMIN] 17:18:59.394732 シナリオ走行を開始しました [シナリオ名: ログイン]
[ADMIN] 17:18:59.401008 シナリオ走行を終了しました [シナリオ名: ログイン]
[ADMIN] 17:18:59.401016 シナリオ走行を開始しました [シナリオ名: ログイン]
[ADMIN] 17:18:59.402476 シナリオ走行を終了しました [シナリオ名: 新規ユーザー登録]
[ADMIN] 17:18:59.402494 シナリオ走行を開始しました [シナリオ名: 新規ユーザー登録]
[ADMIN] 17:18:59.404694 シナリオ走行を終了しました [シナリオ名: 新規ユーザー登録]
[ADMIN] 17:18:59.404711 シナリオ走行を開始しました [シナリオ名: 新規ユーザー登録]
[ADMIN] 17:18:59.440574 シナリオ走行を終了しました [シナリオ名: ログイン]
[ADMIN] 17:18:59.440584 シナリオ走行を開始しました [シナリオ名: ログイン]
[ADMIN] 17:18:59.444587 シナリオ走行を終了しました [シナリオ名: ログイン]
[ADMIN] 17:18:59.444596 シナリオ走行を開始しました [シナリオ名: ログイン]
[ADMIN] 17:18:59.454330 シナリオ走行を終了しました [シナリオ名: ログイン]
[ADMIN] 17:18:59.454340 シナリオ走行を開始しました [シナリオ名: ログイン]
[ADMIN] 17:18:59.462664 シナリオ走行を終了しました [シナリオ名: ログイン]
[ADMIN] 17:18:59.462678 シナリオ走行を開始しました [シナリオ名: ログイン]
[ADMIN] 17:18:59.507114 シナリオ走行を終了しました [シナリオ名: 新規ユーザー登録]
[ADMIN] 17:18:59.507143 シナリオ走行を開始しました [シナリオ名: 新規ユーザー登録]
[ADMIN] 17:18:59.530328 シナリオ走行を終了しました [シナリオ名: ログイン]
[ADMIN] 17:18:59.530340 シナリオ走行を開始しました [シナリオ名: ログイン]
[ADMIN] 17:18:59.542170 シナリオ走行を終了しました [シナリオ名: ログイン]
[ADMIN] 17:18:59.542181 シナリオ走行を開始しました [シナリオ名: ログイン]
[ADMIN] 17:18:59.550946 シナリオ走行を終了しました [シナリオ名: Banユーザログイン]
[ADMIN] 17:18:59.550961 シナリオ走行を開始しました [シナリオ名: Banユーザログイン]
[ADMIN] 17:18:59.551586 シナリオ走行を終了しました [シナリオ名: ログイン]
[ADMIN] 17:18:59.551604 シナリオ走行を開始しました [シナリオ名: ログイン]
[ADMIN] 17:18:59.552109 シナリオ走行を終了しました [シナリオ名: 新規ユーザー登録]
[ADMIN] 17:18:59.552124 シナリオ走行を開始しました [シナリオ名: 新規ユーザー登録]
[ADMIN] 17:18:59.564613 シナリオ走行を終了しました [シナリオ名: Banユーザログイン]
[ADMIN] 17:18:59.564628 シナリオ走行を開始しました [シナリオ名: Banユーザログイン]
[ADMIN] 17:18:59.594933 シナリオ走行を終了しました [シナリオ名: ログイン]
[ADMIN] 17:18:59.594946 シナリオ走行を開始しました [シナリオ名: ログイン]
[ADMIN] 17:18:59.603472 シナリオ走行を終了しました [シナリオ名: ログイン]
[ADMIN] 17:18:59.603485 シナリオ走行を開始しました [シナリオ名: ログイン]
[ADMIN] 17:18:59.613213 シナリオ走行を終了しました [シナリオ名: Banユーザログイン]
[ADMIN] 17:18:59.613237 シナリオ走行を開始しました [シナリオ名: Banユーザログイン]
[ADMIN] 17:18:59.633225 シナリオ走行を終了しました [シナリオ名: ログイン]
[ADMIN] 17:18:59.633238 シナリオ走行を開始しました [シナリオ名: ログイン]
[ADMIN] 17:18:59.648239 シナリオ走行を終了しました [シナリオ名: ログイン]
[ADMIN] 17:18:59.648252 シナリオ走行を開始しました [シナリオ名: ログイン]
[ADMIN] 17:18:59.648370 シナリオ走行を終了しました [シナリオ名: 新規ユーザー登録]
[ADMIN] 17:18:59.648394 シナリオ走行を開始しました [シナリオ名: 新規ユーザー登録]
[ADMIN] 17:18:59.654486 シナリオ走行を終了しました [シナリオ名: ログイン]
[ADMIN] 17:18:59.654497 シナリオ走行を開始しました [シナリオ名: ログイン]
[ADMIN] 17:18:59.693967 シナリオ走行を終了しました [シナリオ名: 新規ユーザー登録]
[ADMIN] 17:18:59.693991 シナリオ走行を開始しました [シナリオ名: 新規ユーザー登録]
[ADMIN] 17:18:59.700839 シナリオ走行を終了しました [シナリオ名: ログイン]
[ADMIN] 17:18:59.700847 シナリオ走行を開始しました [シナリオ名: ログイン]
[ADMIN] 17:18:59.707995 シナリオ走行を終了しました [シナリオ名: 新規ユーザー登録]
[ADMIN] 17:18:59.708014 シナリオ走行を開始しました [シナリオ名: 新規ユーザー登録]
[ADMIN] 17:18:59.728379 シナリオ走行を終了しました [シナリオ名: ログイン]
[ADMIN] 17:18:59.728389 シナリオ走行を開始しました [シナリオ名: ログイン]
[ADMIN] 17:18:59.734490 シナリオ走行を終了しました [シナリオ名: ログイン]
[ADMIN] 17:18:59.734497 シナリオ走行を開始しました [シナリオ名: ログイン]
[ADMIN] 17:18:59.746802 シナリオ走行を終了しました [シナリオ名: 新規ユーザー登録]
[ADMIN] 17:18:59.746819 シナリオ走行を開始しました [シナリオ名: 新規ユーザー登録]
[ADMIN] 17:18:59.764307 シナリオ走行を終了しました [シナリオ名: ログイン]
[ADMIN] 17:18:59.764318 シナリオ走行を開始しました [シナリオ名: ログイン]
[ADMIN] 17:18:59.771808 シナリオ走行を終了しました [シナリオ名: ログイン]
[ADMIN] 17:18:59.771818 シナリオ走行を開始しました [シナリオ名: ログイン]
[ADMIN] 17:18:59.787287 シナリオ走行を終了しました [シナリオ名: 新規ユーザー登録]
[ADMIN] 17:18:59.787307 シナリオ走行を開始しました [シナリオ名: 新規ユーザー登録]
[ADMIN] 17:18:59.801527 シナリオ走行を終了しました [シナリオ名: ログイン]
[ADMIN] 17:18:59.801536 シナリオ走行を開始しました [シナリオ名: ログイン]
[ADMIN] 17:18:59.812160 シナリオ走行を終了しました [シナリオ名: ログイン]
[ADMIN] 17:18:59.812171 シナリオ走行を開始しました [シナリオ名: ログイン]
[ADMIN] 17:18:59.812211 シナリオ走行を終了しました [シナリオ名: 新規ユーザー登録]
[ADMIN] 17:18:59.812245 シナリオ走行を開始しました [シナリオ名: 新規ユーザー登録]
[ADMIN] 17:18:59.867880 シナリオ走行を終了しました [シナリオ名: ログイン]
[ADMIN] 17:18:59.867893 シナリオ走行を開始しました [シナリオ名: ログイン]
[ADMIN] 17:18:59.887423 シナリオ走行を終了しました [シナリオ名: ログイン]
[ADMIN] 17:18:59.887435 シナリオ走行を開始しました [シナリオ名: ログイン]
[ADMIN] 17:18:59.929639 シナリオ走行を終了しました [シナリオ名: ログイン]
[ADMIN] 17:18:59.929653 シナリオ走行を開始しました [シナリオ名: ログイン]
[ADMIN] 17:18:59.931145 シナリオ走行を終了しました [シナリオ名: ログイン]
[ADMIN] 17:18:59.931156 シナリオ走行を開始しました [シナリオ名: ログイン]
[ADMIN] 17:18:59.937649 シナリオ走行を終了しました [シナリオ名: ログイン]
[ADMIN] 17:18:59.937662 シナリオ走行を開始しました [シナリオ名: ログイン]
[ADMIN] 17:18:59.957667 シナリオ走行を終了しました [シナリオ名: ログイン]
[ADMIN] 17:18:59.957679 シナリオ走行を開始しました [シナリオ名: ログイン]
[ADMIN] 17:19:00.001509 シナリオ走行を終了しました [シナリオ名: ログイン]
[ADMIN] 17:19:00.001524 シナリオ走行を開始しました [シナリオ名: ログイン]
[ADMIN] 17:19:00.013525 シナリオ走行を終了しました [シナリオ名: 新規ユーザー登録]
[ADMIN] 17:19:00.013548 シナリオ走行を開始しました [シナリオ名: 新規ユーザー登録]
[ADMIN] 17:19:00.044738 シナリオ走行を終了しました [シナリオ名: 新規ユーザー登録]
[ADMIN] 17:19:00.044771 シナリオ走行を開始しました [シナリオ名: 新規ユーザー登録]
[ADMIN] 17:19:00.052855 シナリオ走行を終了しました [シナリオ名: ログイン]
[ADMIN] 17:19:00.052867 シナリオ走行を開始しました [シナリオ名: ログイン]
[ADMIN] 17:19:00.053111 シナリオ走行を終了しました [シナリオ名: ログイン]
[ADMIN] 17:19:00.053120 シナリオ走行を開始しました [シナリオ名: ログイン]
[ADMIN] 17:19:00.063385 シナリオ走行を終了しました [シナリオ名: Banユーザログイン]
[ADMIN] 17:19:00.063402 シナリオ走行を開始しました [シナリオ名: Banユーザログイン]
[ADMIN] 17:19:00.067693 シナリオ走行を終了しました [シナリオ名: Banユーザログイン]
[ADMIN] 17:19:00.067709 シナリオ走行を開始しました [シナリオ名: Banユーザログイン]
[ADMIN] 17:19:00.070889 シナリオ走行を終了しました [シナリオ名: 新規ユーザー登録]
[ADMIN] 17:19:00.070909 シナリオ走行を開始しました [シナリオ名: 新規ユーザー登録]
[ADMIN] 17:19:00.077552 シナリオ走行を終了しました [シナリオ名: ログイン]
[ADMIN] 17:19:00.077562 シナリオ走行を開始しました [シナリオ名: ログイン]
[ADMIN] 17:19:00.090371 シナリオ走行を終了しました [シナリオ名: ログイン]
[ADMIN] 17:19:00.090383 シナリオ走行を開始しました [シナリオ名: ログイン]
[ADMIN] 17:19:00.095637 シナリオ走行を終了しました [シナリオ名: ログイン]
[ADMIN] 17:19:00.095647 シナリオ走行を開始しました [シナリオ名: ログイン]
[ADMIN] 17:19:00.109456 シナリオ走行を終了しました [シナリオ名: 新規ユーザー登録]
[ADMIN] 17:19:00.109476 シナリオ走行を開始しました [シナリオ名: 新規ユーザー登録]
[ADMIN] 17:19:00.116847 シナリオ走行を終了しました [シナリオ名: Banユーザログイン]
[ADMIN] 17:19:00.116863 シナリオ走行を開始しました [シナリオ名: Banユーザログイン]
[ADMIN] 17:19:00.127832 シナリオ走行を終了しました [シナリオ名: 新規ユーザー登録]
[ADMIN] 17:19:00.127855 シナリオ走行を開始しました [シナリオ名: 新規ユーザー登録]
[ADMIN] 17:19:00.130997 シナリオ走行を終了しました [シナリオ名: ログイン]
[ADMIN] 17:19:00.131005 シナリオ走行を開始しました [シナリオ名: ログイン]
[ADMIN] 17:19:00.135506 シナリオ走行を終了しました [シナリオ名: ログイン]
[ADMIN] 17:19:00.135515 シナリオ走行を開始しました [シナリオ名: ログイン]
[ADMIN] 17:19:00.198588 シナリオ走行を終了しました [シナリオ名: 新規ユーザー登録]
[ADMIN] 17:19:00.198630 シナリオ走行を開始しました [シナリオ名: 新規ユーザー登録]
[ADMIN] 17:19:00.212062 シナリオ走行を終了しました [シナリオ名: 新規ユーザー登録]
[ADMIN] 17:19:00.212079 シナリオ走行を開始しました [シナリオ名: 新規ユーザー登録]
[ADMIN] 17:19:00.227596 シナリオ走行を終了しました [シナリオ名: 新規ユーザー登録]
[ADMIN] 17:19:00.227614 シナリオ走行を開始しました [シナリオ名: 新規ユーザー登録]
[ADMIN] 17:19:00.234812 シナリオ走行を終了しました [シナリオ名: ログイン]
[ADMIN] 17:19:00.234822 シナリオ走行を開始しました [シナリオ名: ログイン]
[ADMIN] 17:19:00.252324 シナリオ走行を終了しました [シナリオ名: ログイン]
[ADMIN] 17:19:00.252334 シナリオ走行を開始しました [シナリオ名: ログイン]
[ADMIN] 17:19:00.264357 シナリオ走行を終了しました [シナリオ名: ログイン]
[ADMIN] 17:19:00.264366 シナリオ走行を開始しました [シナリオ名: ログイン]
[ADMIN] 17:19:00.284825 シナリオ走行を終了しました [シナリオ名: ログイン]
[ADMIN] 17:19:00.284835 シナリオ走行を開始しました [シナリオ名: ログイン]
[ADMIN] 17:19:00.296612 シナリオ走行を終了しました [シナリオ名: ログイン]
[ADMIN] 17:19:00.296621 シナリオ走行を開始しました [シナリオ名: ログイン]
[ADMIN] 17:19:00.298750 シナリオ走行を終了しました [シナリオ名: 新規ユーザー登録]
[ADMIN] 17:19:00.298766 シナリオ走行を開始しました [シナリオ名: 新規ユーザー登録]
[ADMIN] 17:19:00.310372 シナリオ走行を終了しました [シナリオ名: ログイン]
[ADMIN] 17:19:00.310382 シナリオ走行を開始しました [シナリオ名: ログイン]
[ADMIN] 17:19:00.326081 シナリオ走行を終了しました [シナリオ名: ログイン]
[ADMIN] 17:19:00.326093 シナリオ走行を開始しました [シナリオ名: ログイン]
[ADMIN] 17:19:00.336503 シナリオ走行を終了しました [シナリオ名: ログイン]
[ADMIN] 17:19:00.336511 シナリオ走行を開始しました [シナリオ名: ログイン]
[ADMIN] 17:19:00.367169 シナリオ走行を終了しました [シナリオ名: ログイン]
[ADMIN] 17:19:00.367184 シナリオ走行を開始しました [シナリオ名: ログイン]
[ADMIN] 17:19:00.389695 シナリオ走行を終了しました [シナリオ名: 新規ユーザー登録]
[ADMIN] 17:19:00.389722 シナリオ走行を開始しました [シナリオ名: 新規ユーザー登録]
[ADMIN] 17:19:00.392010 シナリオ走行を終了しました [シナリオ名: ログイン]
[ADMIN] 17:19:00.392022 シナリオ走行を開始しました [シナリオ名: ログイン]
[ADMIN] 17:19:00.434988 シナリオ走行を終了しました [シナリオ名: ログイン]
[ADMIN] 17:19:00.435001 シナリオ走行を開始しました [シナリオ名: ログイン]
[ADMIN] 17:19:00.437873 シナリオ走行を終了しました [シナリオ名: ログイン]
[ADMIN] 17:19:00.437883 シナリオ走行を開始しました [シナリオ名: ログイン]
[ADMIN] 17:19:00.444443 シナリオ走行を終了しました [シナリオ名: ログイン]
[ADMIN] 17:19:00.444452 シナリオ走行を開始しました [シナリオ名: ログイン]
[ADMIN] 17:19:00.464136 シナリオ走行を終了しました [シナリオ名: ログイン]
[ADMIN] 17:19:00.464147 シナリオ走行を開始しました [シナリオ名: ログイン]
[ADMIN] 17:19:00.483217 シナリオ走行を終了しました [シナリオ名: 新規ユーザー登録]
[ADMIN] 17:19:00.483234 シナリオ走行を開始しました [シナリオ名: 新規ユーザー登録]
[ADMIN] 17:19:00.488686 シナリオ走行を終了しました [シナリオ名: ログイン]
[ADMIN] 17:19:00.488695 シナリオ走行を開始しました [シナリオ名: ログイン]
[ADMIN] 17:19:00.493800 シナリオ走行を終了しました [シナリオ名: ログイン]
[ADMIN] 17:19:00.493811 シナリオ走行を開始しました [シナリオ名: ログイン]
[ADMIN] 17:19:00.507773 シナリオ走行を終了しました [シナリオ名: ログイン]
[ADMIN] 17:19:00.507781 シナリオ走行を開始しました [シナリオ名: ログイン]
[ADMIN] 17:19:00.512094 シナリオ走行を終了しました [シナリオ名: ログイン]
[ADMIN] 17:19:00.512103 シナリオ走行を開始しました [シナリオ名: ログイン]
[ADMIN] 17:19:00.522405 シナリオ走行を終了しました [シナリオ名: ログイン]
[ADMIN] 17:19:00.522415 シナリオ走行を開始しました [シナリオ名: ログイン]
[ADMIN] 17:19:00.531481 シナリオ走行を終了しました [シナリオ名: ログイン]
[ADMIN] 17:19:00.531492 シナリオ走行を開始しました [シナリオ名: ログイン]
[ADMIN] 17:19:00.565977 シナリオ走行を終了しました [シナリオ名: Banユーザログイン]
[ADMIN] 17:19:00.565994 シナリオ走行を開始しました [シナリオ名: Banユーザログイン]
[ADMIN] 17:19:00.591862 シナリオ走行を終了しました [シナリオ名: 新規ユーザー登録]
[ADMIN] 17:19:00.591887 シナリオ走行を開始しました [シナリオ名: 新規ユーザー登録]
[ADMIN] 17:19:00.600026 シナリオ走行を終了しました [シナリオ名: Banユーザログイン]
[ADMIN] 17:19:00.600043 シナリオ走行を開始しました [シナリオ名: Banユーザログイン]
[ADMIN] 17:19:00.611759 シナリオ走行を終了しました [シナリオ名: ログイン]
[ADMIN] 17:19:00.611770 シナリオ走行を開始しました [シナリオ名: ログイン]
[ADMIN] 17:19:00.617901 シナリオ走行を終了しました [シナリオ名: 新規ユーザー登録]
[ADMIN] 17:19:00.617916 シナリオ走行を開始しました [シナリオ名: 新規ユーザー登録]
[ADMIN] 17:19:00.618467 シナリオ走行を終了しました [シナリオ名: ログイン]
[ADMIN] 17:19:00.618476 シナリオ走行を開始しました [シナリオ名: ログイン]
[ADMIN] 17:19:00.619870 シナリオ走行を終了しました [シナリオ名: Banユーザログイン]
[ADMIN] 17:19:00.619884 シナリオ走行を開始しました [シナリオ名: Banユーザログイン]
[ADMIN] 17:19:00.626801 シナリオ走行を終了しました [シナリオ名: ログイン]
[ADMIN] 17:19:00.626811 シナリオ走行を開始しました [シナリオ名: ログイン]
[ADMIN] 17:19:00.643246 シナリオ走行を終了しました [シナリオ名: 新規ユーザー登録]
[ADMIN] 17:19:00.643273 シナリオ走行を開始しました [シナリオ名: 新規ユーザー登録]
[ADMIN] 17:19:00.647786 シナリオ走行を終了しました [シナリオ名: ログイン]
[ADMIN] 17:19:00.647795 シナリオ走行を開始しました [シナリオ名: ログイン]
[ADMIN] 17:19:00.683712 シナリオ走行を終了しました [シナリオ名: ログイン]
[ADMIN] 17:19:00.683724 シナリオ走行を開始しました [シナリオ名: ログイン]
[ADMIN] 17:19:00.737459 シナリオ走行を終了しました [シナリオ名: 新規ユーザー登録]
[ADMIN] 17:19:00.737487 シナリオ走行を開始しました [シナリオ名: 新規ユーザー登録]
[ADMIN] 17:19:00.745930 シナリオ走行を終了しました [シナリオ名: ログイン]
[ADMIN] 17:19:00.745945 シナリオ走行を開始しました [シナリオ名: ログイン]
[ADMIN] 17:19:00.760544 シナリオ走行を終了しました [シナリオ名: ログイン]
[ADMIN] 17:19:00.760558 シナリオ走行を開始しました [シナリオ名: ログイン]
[ADMIN] 17:19:00.770351 シナリオ走行を終了しました [シナリオ名: 新規ユーザー登録]
[ADMIN] 17:19:00.770372 シナリオ走行を開始しました [シナリオ名: 新規ユーザー登録]
[ADMIN] 17:19:00.777018 シナリオ走行を終了しました [シナリオ名: 新規ユーザー登録]
[ADMIN] 17:19:00.777041 シナリオ走行を開始しました [シナリオ名: 新規ユーザー登録]
[ADMIN] 17:19:00.807188 シナリオ走行を終了しました [シナリオ名: 新規ユーザー登録]
[ADMIN] 17:19:00.807212 シナリオ走行を開始しました [シナリオ名: 新規ユーザー登録]
[ADMIN] 17:19:00.816270 シナリオ走行を終了しました [シナリオ名: ログイン]
[ADMIN] 17:19:00.816282 シナリオ走行を開始しました [シナリオ名: ログイン]
[ADMIN] 17:19:00.818824 シナリオ走行を終了しました [シナリオ名: ログイン]
[ADMIN] 17:19:00.818833 シナリオ走行を開始しました [シナリオ名: ログイン]
[ADMIN] 17:19:00.823753 シナリオ走行を終了しました [シナリオ名: ログイン]
[ADMIN] 17:19:00.823763 シナリオ走行を開始しました [シナリオ名: ログイン]
[ADMIN] 17:19:00.829418 シナリオ走行を終了しました [シナリオ名: ログイン]
[ADMIN] 17:19:00.829426 シナリオ走行を開始しました [シナリオ名: ログイン]
[ADMIN] 17:19:00.838662 シナリオ走行を終了しました [シナリオ名: ログイン]
[ADMIN] 17:19:00.838676 シナリオ走行を開始しました [シナリオ名: ログイン]
[ADMIN] 17:19:00.840634 シナリオ走行を終了しました [シナリオ名: ログイン]
[ADMIN] 17:19:00.840643 シナリオ走行を開始しました [シナリオ名: ログイン]
[ADMIN] 17:19:00.850843 シナリオ走行を終了しました [シナリオ名: ログイン]
[ADMIN] 17:19:00.850852 シナリオ走行を開始しました [シナリオ名: ログイン]
[ADMIN] 17:19:00.856300 シナリオ走行を終了しました [シナリオ名: 新規ユーザー登録]
[ADMIN] 17:19:00.856318 シナリオ走行を開始しました [シナリオ名: 新規ユーザー登録]
[ADMIN] 17:19:00.891773 シナリオ走行を終了しました [シナリオ名: ログイン]
[ADMIN] 17:19:00.891787 シナリオ走行を開始しました [シナリオ名: ログイン]
[ADMIN] 17:19:00.921700 シナリオ走行を終了しました [シナリオ名: ログイン]
[ADMIN] 17:19:00.921716 シナリオ走行を開始しました [シナリオ名: ログイン]
[ADMIN] 17:19:00.924571 シナリオ走行を終了しました [シナリオ名: ログイン]
[ADMIN] 17:19:00.924581 シナリオ走行を開始しました [シナリオ名: ログイン]
[ADMIN] 17:19:00.965124 シナリオ走行を終了しました [シナリオ名: ログイン]
[ADMIN] 17:19:00.965142 シナリオ走行を開始しました [シナリオ名: ログイン]
[ADMIN] 17:19:00.993961 シナリオ走行を終了しました [シナリオ名: ログイン]
[ADMIN] 17:19:00.993977 シナリオ走行を開始しました [シナリオ名: ログイン]
[ADMIN] 17:19:01.011005 シナリオ走行を終了しました [シナリオ名: ログイン]
[ADMIN] 17:19:01.011017 シナリオ走行を開始しました [シナリオ名: ログイン]
[ADMIN] 17:19:01.028403 シナリオ走行を終了しました [シナリオ名: ログイン]
[ADMIN] 17:19:01.028414 シナリオ走行を開始しました [シナリオ名: ログイン]
[ADMIN] 17:19:01.037530 シナリオ走行を終了しました [シナリオ名: ログイン]
[ADMIN] 17:19:01.037540 シナリオ走行を開始しました [シナリオ名: ログイン]
[ADMIN] 17:19:01.046913 シナリオ走行を終了しました [シナリオ名: ログイン]
[ADMIN] 17:19:01.046923 シナリオ走行を開始しました [シナリオ名: ログイン]
[ADMIN] 17:19:01.069371 シナリオ走行を終了しました [シナリオ名: Banユーザログイン]
[ADMIN] 17:19:01.069389 シナリオ走行を開始しました [シナリオ名: Banユーザログイン]
[ADMIN] 17:19:01.082564 シナリオ走行を終了しました [シナリオ名: 新規ユーザー登録]
[ADMIN] 17:19:01.082585 シナリオ走行を開始しました [シナリオ名: 新規ユーザー登録]
[ADMIN] 17:19:01.084001 シナリオ走行を終了しました [シナリオ名: ログイン]
[ADMIN] 17:19:01.084010 シナリオ走行を開始しました [シナリオ名: ログイン]
[ADMIN] 17:19:01.093307 シナリオ走行を終了しました [シナリオ名: 新規ユーザー登録]
[ADMIN] 17:19:01.093325 シナリオ走行を開始しました [シナリオ名: 新規ユーザー登録]
[ADMIN] 17:19:01.111926 シナリオ走行を終了しました [シナリオ名: Banユーザログイン]
[ADMIN] 17:19:01.111943 シナリオ走行を開始しました [シナリオ名: Banユーザログイン]
[ADMIN] 17:19:01.119960 シナリオ走行を終了しました [シナリオ名: 新規ユーザー登録]
[ADMIN] 17:19:01.119976 シナリオ走行を開始しました [シナリオ名: 新規ユーザー登録]
[ADMIN] 17:19:01.122406 シナリオ走行を終了しました [シナリオ名: Banユーザログイン]
[ADMIN] 17:19:01.122420 シナリオ走行を開始しました [シナリオ名: Banユーザログイン]
[ADMIN] 17:19:01.139440 シナリオ走行を終了しました [シナリオ名: ログイン]
[ADMIN] 17:19:01.139453 シナリオ走行を開始しました [シナリオ名: ログイン]
[ADMIN] 17:19:01.159795 シナリオ走行を終了しました [シナリオ名: ログイン]
[ADMIN] 17:19:01.159804 シナリオ走行を開始しました [シナリオ名: ログイン]
[ADMIN] 17:19:01.164722 シナリオ走行を終了しました [シナリオ名: 新規ユーザー登録]
[ADMIN] 17:19:01.164745 シナリオ走行を開始しました [シナリオ名: 新規ユーザー登録]
[ADMIN] 17:19:01.171511 シナリオ走行を終了しました [シナリオ名: ログイン]
[ADMIN] 17:19:01.171527 シナリオ走行を開始しました [シナリオ名: ログイン]
[ADMIN] 17:19:01.173492 シナリオ走行を終了しました [シナリオ名: ログイン]
[ADMIN] 17:19:01.173499 シナリオ走行を開始しました [シナリオ名: ログイン]
[ADMIN] 17:19:01.200513 シナリオ走行を終了しました [シナリオ名: ログイン]
[ADMIN] 17:19:01.200522 シナリオ走行を開始しました [シナリオ名: ログイン]
[ADMIN] 17:19:01.256465 シナリオ走行を終了しました [シナリオ名: ログイン]
[ADMIN] 17:19:01.256479 シナリオ走行を開始しました [シナリオ名: ログイン]
[ADMIN] 17:19:01.265503 シナリオ走行を終了しました [シナリオ名: ログイン]
[ADMIN] 17:19:01.265518 シナリオ走行を開始しました [シナリオ名: ログイン]
[ADMIN] 17:19:01.268350 シナリオ走行を終了しました [シナリオ名: 新規ユーザー登録]
[ADMIN] 17:19:01.268366 シナリオ走行を開始しました [シナリオ名: 新規ユーザー登録]
[ADMIN] 17:19:01.268829 シナリオ走行を終了しました [シナリオ名: 新規ユーザー登録]
[ADMIN] 17:19:01.268846 シナリオ走行を開始しました [シナリオ名: 新規ユーザー登録]
[ADMIN] 17:19:01.272541 シナリオ走行を終了しました [シナリオ名: ログイン]
[ADMIN] 17:19:01.272550 シナリオ走行を開始しました [シナリオ名: ログイン]
[ADMIN] 17:19:01.277462 シナリオ走行を終了しました [シナリオ名: ログイン]
[ADMIN] 17:19:01.277469 シナリオ走行を開始しました [シナリオ名: ログイン]
[ADMIN] 17:19:01.292116 シナリオ走行を終了しました [シナリオ名: ログイン]
[ADMIN] 17:19:01.292126 シナリオ走行を開始しました [シナリオ名: ログイン]
[ADMIN] 17:19:01.308809 シナリオ走行を終了しました [シナリオ名: ログイン]
[ADMIN] 17:19:01.308817 シナリオ走行を開始しました [シナリオ名: ログイン]
[ADMIN] 17:19:01.328131 シナリオ走行を終了しました [シナリオ名: ログイン]
[ADMIN] 17:19:01.328141 シナリオ走行を開始しました [シナリオ名: ログイン]
[ADMIN] 17:19:01.338602 シナリオ走行を終了しました [シナリオ名: 新規ユーザー登録]
[ADMIN] 17:19:01.338636 シナリオ走行を開始しました [シナリオ名: 新規ユーザー登録]
[ADMIN] 17:19:01.341583 シナリオ走行を終了しました [シナリオ名: 新規ユーザー登録]
[ADMIN] 17:19:01.341597 シナリオ走行を開始しました [シナリオ名: 新規ユーザー登録]
17:19:01.386997 現在のログイン成功数: [total: 1147 (+801人)]
17:19:01.387005 現在のユーザー登録成功数: [total: 665 (+424人)]
[ADMIN] 17:19:01.387033 シナリオ走行を開始しました [シナリオ名: マスター更新]
[ADMIN] 17:19:01.393908 シナリオ走行を終了しました [シナリオ名: 新規ユーザー登録]
[ADMIN] 17:19:01.393928 シナリオ走行を開始しました [シナリオ名: 新規ユーザー登録]
[ADMIN] 17:19:01.425376 シナリオ走行を終了しました [シナリオ名: ログイン]
[ADMIN] 17:19:01.425390 シナリオ走行を開始しました [シナリオ名: ログイン]
[ADMIN] 17:19:01.425402 シナリオ走行を終了しました [シナリオ名: ログイン]
[ADMIN] 17:19:01.425411 シナリオ走行を開始しました [シナリオ名: ログイン]
[ADMIN] 17:19:01.430605 シナリオ走行を終了しました [シナリオ名: ログイン]
[ADMIN] 17:19:01.430643 シナリオ走行を開始しました [シナリオ名: ログイン]
[ADMIN] 17:19:01.430649 シナリオ走行を開始しました [シナリオ名: ログイン]
[ADMIN] 17:19:01.430651 シナリオ走行を開始しました [シナリオ名: ログイン]
[ADMIN] 17:19:01.430702 シナリオ走行を開始しました [シナリオ名: ログイン]
[ADMIN] 17:19:01.430764 シナリオ走行を開始しました [シナリオ名: ログイン]
[ADMIN] 17:19:01.430774 シナリオ走行を開始しました [シナリオ名: ログイン]
[ADMIN] 17:19:01.430849 シナリオ走行を開始しました [シナリオ名: ログイン]
[ADMIN] 17:19:01.430864 シナリオ走行を開始しました [シナリオ名: ログイン]
[ADMIN] 17:19:01.430891 シナリオ走行を開始しました [シナリオ名: ログイン]
[ADMIN] 17:19:01.430892 シナリオ走行を開始しました [シナリオ名: ログイン]
[ADMIN] 17:19:01.430971 シナリオ走行を開始しました [シナリオ名: ログイン]
[ADMIN] 17:19:01.431026 シナリオ走行を開始しました [シナリオ名: ログイン]
[ADMIN] 17:19:01.430881 シナリオ走行を開始しました [シナリオ名: ログイン]
[ADMIN] 17:19:01.431146 シナリオ走行を開始しました [シナリオ名: ログイン]
[ADMIN] 17:19:01.430883 シナリオ走行を開始しました [シナリオ名: ログイン]
[ADMIN] 17:19:01.431326 シナリオ走行を開始しました [シナリオ名: ログイン]
[ADMIN] 17:19:01.453826 シナリオ走行を終了しました [シナリオ名: 新規ユーザー登録]
[ADMIN] 17:19:01.453843 シナリオ走行を開始しました [シナリオ名: 新規ユーザー登録]
[ADMIN] 17:19:01.507194 シナリオ走行を終了しました [シナリオ名: ログイン]
17:19:01.534233 マスターデータの更新が完了しました。次のマスターバージョンは「2」です。
[ADMIN] 17:19:01.582964 シナリオ走行を終了しました [シナリオ名: マスター更新]
[ADMIN] 17:19:01.588756 シナリオ走行を終了しました [シナリオ名: Banユーザログイン]
[ADMIN] 17:19:01.588778 シナリオ走行を開始しました [シナリオ名: Banユーザログイン]
[ADMIN] 17:19:01.614548 シナリオ走行を終了しました [シナリオ名: Banユーザログイン]
[ADMIN] 17:19:01.614571 シナリオ走行を開始しました [シナリオ名: Banユーザログイン]
[ADMIN] 17:19:01.626041 シナリオ走行を終了しました [シナリオ名: Banユーザログイン]
[ADMIN] 17:19:01.626059 シナリオ走行を開始しました [シナリオ名: Banユーザログイン]
[ADMIN] 17:19:01.822278 シナリオ走行を終了しました [シナリオ名: ログイン]
[ADMIN] 17:19:01.822294 シナリオ走行を開始しました [シナリオ名: ログイン]
[ADMIN] 17:19:01.822345 シナリオ走行を開始しました [シナリオ名: ログイン]
[ADMIN] 17:19:01.849560 シナリオ走行を終了しました [シナリオ名: ログイン]
[ADMIN] 17:19:01.872124 シナリオ走行を終了しました [シナリオ名: ログイン]
[ADMIN] 17:19:01.879930 シナリオ走行を終了しました [シナリオ名: ログイン]
[ADMIN] 17:19:01.879943 シナリオ走行を開始しました [シナリオ名: ログイン]
[ADMIN] 17:19:01.880001 シナリオ走行を開始しました [シナリオ名: ログイン]
[ADMIN] 17:19:01.880009 シナリオ走行を開始しました [シナリオ名: ログイン]
[ADMIN] 17:19:01.885345 シナリオ走行を終了しました [シナリオ名: ログイン]
[ADMIN] 17:19:01.888676 シナリオ走行を終了しました [シナリオ名: ログイン]
[ADMIN] 17:19:01.924616 シナリオ走行を終了しました [シナリオ名: ログイン]
[ADMIN] 17:19:01.924628 シナリオ走行を開始しました [シナリオ名: ログイン]
[ADMIN] 17:19:01.924693 シナリオ走行を開始しました [シナリオ名: ログイン]
[ADMIN] 17:19:01.924700 シナリオ走行を開始しました [シナリオ名: ログイン]
[ADMIN] 17:19:01.927984 シナリオ走行を終了しました [シナリオ名: ログイン]
[ADMIN] 17:19:01.927996 シナリオ走行を開始しました [シナリオ名: ログイン]
[ADMIN] 17:19:01.999842 シナリオ走行を終了しました [シナリオ名: ログイン]
[ADMIN] 17:19:01.999855 シナリオ走行を開始しました [シナリオ名: ログイン]
[ADMIN] 17:19:02.002464 シナリオ走行を終了しました [シナリオ名: ログイン]
[ADMIN] 17:19:02.005049 シナリオ走行を終了しました [シナリオ名: ログイン]
[ADMIN] 17:19:02.005061 シナリオ走行を開始しました [シナリオ名: ログイン]
[ADMIN] 17:19:02.005118 シナリオ走行を開始しました [シナリオ名: ログイン]
[ADMIN] 17:19:02.005491 シナリオ走行を終了しました [シナリオ名: ログイン]
[ADMIN] 17:19:02.005500 シナリオ走行を開始しました [シナリオ名: ログイン]
[ADMIN] 17:19:02.009664 シナリオ走行を終了しました [シナリオ名: ログイン]
[ADMIN] 17:19:02.009671 シナリオ走行を開始しました [シナリオ名: ログイン]
[ADMIN] 17:19:02.018573 シナリオ走行を終了しました [シナリオ名: ログイン]
[ADMIN] 17:19:02.022969 シナリオ走行を終了しました [シナリオ名: ログイン]
[ADMIN] 17:19:02.022976 シナリオ走行を開始しました [シナリオ名: ログイン]
[ADMIN] 17:19:02.023035 シナリオ走行を開始しました [シナリオ名: ログイン]
[ADMIN] 17:19:02.085665 シナリオ走行を終了しました [シナリオ名: ログイン]
[ADMIN] 17:19:02.085679 シナリオ走行を開始しました [シナリオ名: ログイン]
[ADMIN] 17:19:02.091158 シナリオ走行を終了しました [シナリオ名: Banユーザログイン]
[ADMIN] 17:19:02.091171 シナリオ走行を開始しました [シナリオ名: Banユーザログイン]
[ADMIN] 17:19:02.116905 シナリオ走行を終了しました [シナリオ名: Banユーザログイン]
[ADMIN] 17:19:02.116924 シナリオ走行を開始しました [シナリオ名: Banユーザログイン]
[ADMIN] 17:19:02.128623 シナリオ走行を終了しました [シナリオ名: Banユーザログイン]
[ADMIN] 17:19:02.128640 シナリオ走行を開始しました [シナリオ名: Banユーザログイン]
[ADMIN] 17:19:02.139914 シナリオ走行を終了しました [シナリオ名: ログイン]
[ADMIN] 17:19:02.139929 シナリオ走行を開始しました [シナリオ名: ログイン]
[ADMIN] 17:19:02.139938 シナリオ走行を終了しました [シナリオ名: ログイン]
[ADMIN] 17:19:02.175462 シナリオ走行を終了しました [シナリオ名: ログイン]
[ADMIN] 17:19:02.175478 シナリオ走行を開始しました [シナリオ名: ログイン]
[ADMIN] 17:19:02.175486 シナリオ走行を開始しました [シナリオ名: ログイン]
[ADMIN] 17:19:02.191615 シナリオ走行を終了しました [シナリオ名: ログイン]
[ADMIN] 17:19:02.217873 シナリオ走行を終了しました [シナリオ名: ログイン]
[ADMIN] 17:19:02.217888 シナリオ走行を開始しました [シナリオ名: ログイン]
[ADMIN] 17:19:02.217940 シナリオ走行を開始しました [シナリオ名: ログイン]
[ADMIN] 17:19:02.230820 シナリオ走行を終了しました [シナリオ名: ログイン]
[ADMIN] 17:19:02.230832 シナリオ走行を開始しました [シナリオ名: ログイン]
[ADMIN] 17:19:02.237923 シナリオ走行を終了しました [シナリオ名: ログイン]
[ADMIN] 17:19:02.237935 シナリオ走行を開始しました [シナリオ名: ログイン]
[ADMIN] 17:19:02.238784 シナリオ走行を終了しました [シナリオ名: ログイン]
[ADMIN] 17:19:02.281466 シナリオ走行を終了しました [シナリオ名: 新規ユーザー登録]
[ADMIN] 17:19:02.281515 シナリオ走行を開始しました [シナリオ名: 新規ユーザー登録]
[ADMIN] 17:19:02.281542 シナリオ走行を開始しました [シナリオ名: 新規ユーザー登録]
[ADMIN] 17:19:02.281652 シナリオ走行を開始しました [シナリオ名: 新規ユーザー登録]
[ADMIN] 17:19:02.281660 シナリオ走行を開始しました [シナリオ名: 新規ユーザー登録]
[ADMIN] 17:19:02.281685 シナリオ走行を開始しました [シナリオ名: 新規ユーザー登録]
[ADMIN] 17:19:02.281762 シナリオ走行を開始しました [シナリオ名: 新規ユーザー登録]
[ADMIN] 17:19:02.281869 シナリオ走行を開始しました [シナリオ名: 新規ユーザー登録]
[ADMIN] 17:19:02.281932 シナリオ走行を終了しました [シナリオ名: ログイン]
[ADMIN] 17:19:02.281946 シナリオ走行を開始しました [シナリオ名: ログイン]
[ADMIN] 17:19:02.281765 シナリオ走行を開始しました [シナリオ名: 新規ユーザー登録]
[ADMIN] 17:19:02.282033 シナリオ走行を開始しました [シナリオ名: 新規ユーザー登録]
[ADMIN] 17:19:02.282059 シナリオ走行を開始しました [シナリオ名: ログイン]
[ADMIN] 17:19:02.385033 シナリオ走行を終了しました [シナリオ名: ログイン]
[ADMIN] 17:19:02.385048 シナリオ走行を開始しました [シナリオ名: ログイン]
[ADMIN] 17:19:02.395595 シナリオ走行を終了しました [シナリオ名: 新規ユーザー登録]
[ADMIN] 17:19:02.401446 シナリオ走行を終了しました [シナリオ名: ログイン]
[ADMIN] 17:19:02.401459 シナリオ走行を開始しました [シナリオ名: ログイン]
[ADMIN] 17:19:02.402755 シナリオ走行を終了しました [シナリオ名: ログイン]
[ADMIN] 17:19:02.402769 シナリオ走行を開始しました [シナリオ名: ログイン]
[ADMIN] 17:19:02.402775 シナリオ走行を終了しました [シナリオ名: 新規ユーザー登録]
[ADMIN] 17:19:02.426547 シナリオ走行を終了しました [シナリオ名: ログイン]
[ADMIN] 17:19:02.426563 シナリオ走行を開始しました [シナリオ名: ログイン]
[ADMIN] 17:19:02.436043 シナリオ走行を終了しました [シナリオ名: ログイン]
[ADMIN] 17:19:02.436056 シナリオ走行を開始しました [シナリオ名: ログイン]
[ADMIN] 17:19:02.443129 シナリオ走行を終了しました [シナリオ名: 新規ユーザー登録]
[ADMIN] 17:19:02.443221 シナリオ走行を終了しました [シナリオ名: ログイン]
[ADMIN] 17:19:02.443231 シナリオ走行を開始しました [シナリオ名: ログイン]
[ADMIN] 17:19:02.453273 シナリオ走行を終了しました [シナリオ名: 新規ユーザー登録]
[ADMIN] 17:19:02.463323 シナリオ走行を終了しました [シナリオ名: ログイン]
[ADMIN] 17:19:02.463335 シナリオ走行を開始しました [シナリオ名: ログイン]
[ADMIN] 17:19:02.464066 シナリオ走行を終了しました [シナリオ名: ログイン]
[ADMIN] 17:19:02.464075 シナリオ走行を開始しました [シナリオ名: ログイン]
[ADMIN] 17:19:02.467130 シナリオ走行を終了しました [シナリオ名: ログイン]
[ADMIN] 17:19:02.486432 シナリオ走行を終了しました [シナリオ名: ログイン]
[ADMIN] 17:19:02.486444 シナリオ走行を開始しました [シナリオ名: ログイン]
[ADMIN] 17:19:02.486493 シナリオ走行を開始しました [シナリオ名: ログイン]
[ADMIN] 17:19:02.496929 シナリオ走行を終了しました [シナリオ名: ログイン]
[ADMIN] 17:19:02.496939 シナリオ走行を開始しました [シナリオ名: ログイン]
[ADMIN] 17:19:02.581329 シナリオ走行を終了しました [シナリオ名: ログイン]
[ADMIN] 17:19:02.581342 シナリオ走行を開始しました [シナリオ名: ログイン]
[ADMIN] 17:19:02.594398 シナリオ走行を終了しました [シナリオ名: Banユーザログイン]
[ADMIN] 17:19:02.594417 シナリオ走行を開始しました [シナリオ名: Banユーザログイン]
[ADMIN] 17:19:02.620014 シナリオ走行を終了しました [シナリオ名: Banユーザログイン]
[ADMIN] 17:19:02.620037 シナリオ走行を開始しました [シナリオ名: Banユーザログイン]
[ADMIN] 17:19:02.620045 シナリオ走行を開始しました [シナリオ名: Banユーザログイン]
[ADMIN] 17:19:02.620059 シナリオ走行を開始しました [シナリオ名: Banユーザログイン]
[ADMIN] 17:19:02.634049 シナリオ走行を終了しました [シナリオ名: Banユーザログイン]
[ADMIN] 17:19:02.636119 シナリオ走行を終了しました [シナリオ名: ログイン]
[ADMIN] 17:19:02.643606 シナリオ走行を終了しました [シナリオ名: ログイン]
[ADMIN] 17:19:02.643618 シナリオ走行を開始しました [シナリオ名: ログイン]
[ADMIN] 17:19:02.643671 シナリオ走行を開始しました [シナリオ名: ログイン]
[ADMIN] 17:19:02.647947 シナリオ走行を終了しました [シナリオ名: ログイン]
[ADMIN] 17:19:02.647956 シナリオ走行を開始しました [シナリオ名: ログイン]
[ADMIN] 17:19:02.687526 シナリオ走行を終了しました [シナリオ名: ログイン]
[ADMIN] 17:19:02.687544 シナリオ走行を開始しました [シナリオ名: ログイン]
[ADMIN] 17:19:02.719777 シナリオ走行を終了しました [シナリオ名: ログイン]
[ADMIN] 17:19:02.719791 シナリオ走行を開始しました [シナリオ名: ログイン]
[ADMIN] 17:19:02.750631 シナリオ走行を終了しました [シナリオ名: ログイン]
[ADMIN] 17:19:02.750646 シナリオ走行を開始しました [シナリオ名: ログイン]
[ADMIN] 17:19:02.752119 シナリオ走行を終了しました [シナリオ名: ログイン]
[ADMIN] 17:19:02.752127 シナリオ走行を開始しました [シナリオ名: ログイン]
[ADMIN] 17:19:02.760109 シナリオ走行を終了しました [シナリオ名: ログイン]
[ADMIN] 17:19:02.760119 シナリオ走行を開始しました [シナリオ名: ログイン]
[ADMIN] 17:19:02.799400 シナリオ走行を終了しました [シナリオ名: ログイン]
[ADMIN] 17:19:02.799409 シナリオ走行を開始しました [シナリオ名: ログイン]
[ADMIN] 17:19:02.800894 シナリオ走行を終了しました [シナリオ名: ログイン]
[ADMIN] 17:19:02.800902 シナリオ走行を開始しました [シナリオ名: ログイン]
[ADMIN] 17:19:02.816743 シナリオ走行を終了しました [シナリオ名: ログイン]
[ADMIN] 17:19:02.816756 シナリオ走行を開始しました [シナリオ名: ログイン]
[ADMIN] 17:19:02.827904 シナリオ走行を終了しました [シナリオ名: ログイン]
[ADMIN] 17:19:02.827914 シナリオ走行を開始しました [シナリオ名: ログイン]
[ADMIN] 17:19:02.845723 シナリオ走行を終了しました [シナリオ名: 新規ユーザー登録]
[ADMIN] 17:19:02.847087 シナリオ走行を終了しました [シナリオ名: ログイン]
[ADMIN] 17:19:02.847102 シナリオ走行を開始しました [シナリオ名: ログイン]
[ADMIN] 17:19:02.847245 シナリオ走行を終了しました [シナリオ名: ログイン]
[ADMIN] 17:19:02.847256 シナリオ走行を開始しました [シナリオ名: ログイン]
[ADMIN] 17:19:02.854224 シナリオ走行を終了しました [シナリオ名: ログイン]
[ADMIN] 17:19:02.854232 シナリオ走行を開始しました [シナリオ名: ログイン]
[ADMIN] 17:19:02.857435 シナリオ走行を終了しました [シナリオ名: 新規ユーザー登録]
[ADMIN] 17:19:02.897928 シナリオ走行を終了しました [シナリオ名: 新規ユーザー登録]
[ADMIN] 17:19:02.897962 シナリオ走行を開始しました [シナリオ名: 新規ユーザー登録]
[ADMIN] 17:19:02.898020 シナリオ走行を開始しました [シナリオ名: 新規ユーザー登録]
[ADMIN] 17:19:02.898030 シナリオ走行を開始しました [シナリオ名: 新規ユーザー登録]
[ADMIN] 17:19:02.898073 シナリオ走行を開始しました [シナリオ名: 新規ユーザー登録]
[ADMIN] 17:19:02.898103 シナリオ走行を開始しました [シナリオ名: 新規ユーザー登録]
[ADMIN] 17:19:02.898022 シナリオ走行を開始しました [シナリオ名: 新規ユーザー登録]
[ADMIN] 17:19:02.898160 シナリオ走行を開始しました [シナリオ名: 新規ユーザー登録]
[ADMIN] 17:19:02.983109 シナリオ走行を終了しました [シナリオ名: ログイン]
[ADMIN] 17:19:02.983125 シナリオ走行を開始しました [シナリオ名: ログイン]
[ADMIN] 17:19:03.035816 シナリオ走行を終了しました [シナリオ名: 新規ユーザー登録]
[ADMIN] 17:19:03.035844 シナリオ走行を開始しました [シナリオ名: 新規ユーザー登録]
[ADMIN] 17:19:03.048012 シナリオ走行を終了しました [シナリオ名: ログイン]
[ADMIN] 17:19:03.048026 シナリオ走行を開始しました [シナリオ名: ログイン]
[ADMIN] 17:19:03.061319 シナリオ走行を終了しました [シナリオ名: ログイン]
[ADMIN] 17:19:03.061334 シナリオ走行を開始しました [シナリオ名: ログイン]
[ADMIN] 17:19:03.061622 シナリオ走行を終了しました [シナリオ名: ログイン]
[ADMIN] 17:19:03.061631 シナリオ走行を開始しました [シナリオ名: ログイン]
[ADMIN] 17:19:03.074009 シナリオ走行を終了しました [シナリオ名: ログイン]
[ADMIN] 17:19:03.074023 シナリオ走行を開始しました [シナリオ名: ログイン]
[ADMIN] 17:19:03.093020 シナリオ走行を終了しました [シナリオ名: ログイン]
[ADMIN] 17:19:03.093036 シナリオ走行を開始しました [シナリオ名: ログイン]
[ADMIN] 17:19:03.096449 シナリオ走行を終了しました [シナリオ名: Banユーザログイン]
[ADMIN] 17:19:03.104626 シナリオ走行を終了しました [シナリオ名: ログイン]
[ADMIN] 17:19:03.104640 シナリオ走行を開始しました [シナリオ名: ログイン]
[ADMIN] 17:19:03.107875 シナリオ走行を終了しました [シナリオ名: ログイン]
[ADMIN] 17:19:03.107886 シナリオ走行を開始しました [シナリオ名: ログイン]
[ADMIN] 17:19:03.117448 シナリオ走行を終了しました [シナリオ名: 新規ユーザー登録]
[ADMIN] 17:19:03.117467 シナリオ走行を開始しました [シナリオ名: 新規ユーザー登録]
[ADMIN] 17:19:03.126744 シナリオ走行を終了しました [シナリオ名: ログイン]
[ADMIN] 17:19:03.126754 シナリオ走行を開始しました [シナリオ名: ログイン]
[ADMIN] 17:19:03.136536 シナリオ走行を終了しました [シナリオ名: Banユーザログイン]
[ADMIN] 17:19:03.136550 シナリオ走行を開始しました [シナリオ名: Banユーザログイン]
[ADMIN] 17:19:03.136556 シナリオ走行を終了しました [シナリオ名: Banユーザログイン]
[ADMIN] 17:19:03.136566 シナリオ走行を開始しました [シナリオ名: Banユーザログイン]
[ADMIN] 17:19:03.136573 シナリオ走行を開始しました [シナリオ名: Banユーザログイン]
[ADMIN] 17:19:03.136623 シナリオ走行を開始しました [シナリオ名: Banユーザログイン]
[ADMIN] 17:19:03.139267 シナリオ走行を終了しました [シナリオ名: Banユーザログイン]
[ADMIN] 17:19:03.139280 シナリオ走行を開始しました [シナリオ名: Banユーザログイン]
[ADMIN] 17:19:03.163821 シナリオ走行を終了しました [シナリオ名: ログイン]
[ADMIN] 17:19:03.163836 シナリオ走行を開始しました [シナリオ名: ログイン]
[ADMIN] 17:19:03.164164 シナリオ走行を終了しました [シナリオ名: 新規ユーザー登録]
[ADMIN] 17:19:03.164185 シナリオ走行を開始しました [シナリオ名: 新規ユーザー登録]
[ADMIN] 17:19:03.213566 シナリオ走行を終了しました [シナリオ名: ログイン]
[ADMIN] 17:19:03.213579 シナリオ走行を開始しました [シナリオ名: ログイン]
[ADMIN] 17:19:03.214466 シナリオ走行を終了しました [シナリオ名: ログイン]
[ADMIN] 17:19:03.214475 シナリオ走行を開始しました [シナリオ名: ログイン]
[ADMIN] 17:19:03.222725 シナリオ走行を終了しました [シナリオ名: 新規ユーザー登録]
[ADMIN] 17:19:03.222744 シナリオ走行を開始しました [シナリオ名: 新規ユーザー登録]
[ADMIN] 17:19:03.227492 シナリオ走行を終了しました [シナリオ名: ログイン]
[ADMIN] 17:19:03.227500 シナリオ走行を開始しました [シナリオ名: ログイン]
[ADMIN] 17:19:03.236064 シナリオ走行を終了しました [シナリオ名: 新規ユーザー登録]
[ADMIN] 17:19:03.268166 シナリオ走行を終了しました [シナリオ名: 新規ユーザー登録]
[ADMIN] 17:19:03.268194 シナリオ走行を開始しました [シナリオ名: 新規ユーザー登録]
[ADMIN] 17:19:03.268268 シナリオ走行を開始しました [シナリオ名: 新規ユーザー登録]
[ADMIN] 17:19:03.314870 シナリオ走行を終了しました [シナリオ名: ログイン]
[ADMIN] 17:19:03.314883 シナリオ走行を開始しました [シナリオ名: ログイン]
[ADMIN] 17:19:03.325472 シナリオ走行を終了しました [シナリオ名: ログイン]
[ADMIN] 17:19:03.325486 シナリオ走行を開始しました [シナリオ名: ログイン]
[ADMIN] 17:19:03.325949 シナリオ走行を終了しました [シナリオ名: ログイン]
[ADMIN] 17:19:03.325961 シナリオ走行を開始しました [シナリオ名: ログイン]
[ADMIN] 17:19:03.345595 シナリオ走行を終了しました [シナリオ名: ログイン]
[ADMIN] 17:19:03.345609 シナリオ走行を開始しました [シナリオ名: ログイン]
[ADMIN] 17:19:03.354594 シナリオ走行を終了しました [シナリオ名: ログイン]
[ADMIN] 17:19:03.354605 シナリオ走行を開始しました [シナリオ名: ログイン]
[ADMIN] 17:19:03.354994 シナリオ走行を終了しました [シナリオ名: ログイン]
[ADMIN] 17:19:03.355003 シナリオ走行を開始しました [シナリオ名: ログイン]
[ADMIN] 17:19:03.358362 シナリオ走行を終了しました [シナリオ名: ログイン]
[ADMIN] 17:19:03.358371 シナリオ走行を開始しました [シナリオ名: ログイン]
[ADMIN] 17:19:03.375226 シナリオ走行を終了しました [シナリオ名: ログイン]
[ADMIN] 17:19:03.375235 シナリオ走行を開始しました [シナリオ名: ログイン]
[ADMIN] 17:19:03.376359 シナリオ走行を終了しました [シナリオ名: 新規ユーザー登録]
[ADMIN] 17:19:03.413099 シナリオ走行を終了しました [シナリオ名: ログイン]
[ADMIN] 17:19:03.413113 シナリオ走行を開始しました [シナリオ名: ログイン]
[ADMIN] 17:19:03.430806 シナリオ走行を終了しました [シナリオ名: ログイン]
[ADMIN] 17:19:03.430821 シナリオ走行を開始しました [シナリオ名: ログイン]
[ADMIN] 17:19:03.441557 シナリオ走行を終了しました [シナリオ名: ログイン]
[ADMIN] 17:19:03.441568 シナリオ走行を開始しました [シナリオ名: ログイン]
[ADMIN] 17:19:03.450706 シナリオ走行を終了しました [シナリオ名: ログイン]
[ADMIN] 17:19:03.450724 シナリオ走行を開始しました [シナリオ名: ログイン]
[ADMIN] 17:19:03.451729 シナリオ走行を終了しました [シナリオ名: ログイン]
[ADMIN] 17:19:03.451743 シナリオ走行を開始しました [シナリオ名: ログイン]
[ADMIN] 17:19:03.458593 シナリオ走行を終了しました [シナリオ名: ログイン]
[ADMIN] 17:19:03.458602 シナリオ走行を開始しました [シナリオ名: ログイン]
[ADMIN] 17:19:03.473100 シナリオ走行を終了しました [シナリオ名: 新規ユーザー登録]
[ADMIN] 17:19:03.473122 シナリオ走行を開始しました [シナリオ名: 新規ユーザー登録]
[ADMIN] 17:19:03.473173 シナリオ走行を開始しました [シナリオ名: 新規ユーザー登録]
[ADMIN] 17:19:03.479853 シナリオ走行を終了しました [シナリオ名: ログイン]
[ADMIN] 17:19:03.479863 シナリオ走行を開始しました [シナリオ名: ログイン]
[ADMIN] 17:19:03.529078 シナリオ走行を終了しました [シナリオ名: ログイン]
[ADMIN] 17:19:03.529090 シナリオ走行を開始しました [シナリオ名: ログイン]
[ADMIN] 17:19:03.554718 シナリオ走行を終了しました [シナリオ名: ログイン]
[ADMIN] 17:19:03.554731 シナリオ走行を開始しました [シナリオ名: ログイン]
[ADMIN] 17:19:03.574453 シナリオ走行を終了しました [シナリオ名: 新規ユーザー登録]
[ADMIN] 17:19:03.574470 シナリオ走行を開始しました [シナリオ名: 新規ユーザー登録]
[ADMIN] 17:19:03.587759 シナリオ走行を終了しました [シナリオ名: 新規ユーザー登録]
[ADMIN] 17:19:03.587785 シナリオ走行を開始しました [シナリオ名: 新規ユーザー登録]
[ADMIN] 17:19:03.600362 シナリオ走行を終了しました [シナリオ名: 新規ユーザー登録]
[ADMIN] 17:19:03.600386 シナリオ走行を開始しました [シナリオ名: 新規ユーザー登録]
[ADMIN] 17:19:03.600761 シナリオ走行を終了しました [シナリオ名: ログイン]
[ADMIN] 17:19:03.600777 シナリオ走行を開始しました [シナリオ名: ログイン]
[ADMIN] 17:19:03.621505 シナリオ走行を終了しました [シナリオ名: ログイン]
[ADMIN] 17:19:03.621522 シナリオ走行を開始しました [シナリオ名: ログイン]
[ADMIN] 17:19:03.631956 シナリオ走行を終了しました [シナリオ名: ログイン]
[ADMIN] 17:19:03.631972 シナリオ走行を開始しました [シナリオ名: ログイン]
[ADMIN] 17:19:03.640706 シナリオ走行を終了しました [シナリオ名: 新規ユーザー登録]
[ADMIN] 17:19:03.640732 シナリオ走行を開始しました [シナリオ名: 新規ユーザー登録]
[ADMIN] 17:19:03.642130 シナリオ走行を終了しました [シナリオ名: Banユーザログイン]
[ADMIN] 17:19:03.642144 シナリオ走行を開始しました [シナリオ名: Banユーザログイン]
[ADMIN] 17:19:03.644389 シナリオ走行を終了しました [シナリオ名: Banユーザログイン]
[ADMIN] 17:19:03.644403 シナリオ走行を開始しました [シナリオ名: Banユーザログイン]
[ADMIN] 17:19:03.645644 シナリオ走行を終了しました [シナリオ名: Banユーザログイン]
[ADMIN] 17:19:03.645659 シナリオ走行を開始しました [シナリオ名: Banユーザログイン]
[ADMIN] 17:19:03.651975 シナリオ走行を終了しました [シナリオ名: Banユーザログイン]
[ADMIN] 17:19:03.651993 シナリオ走行を開始しました [シナリオ名: Banユーザログイン]
[ADMIN] 17:19:03.656753 シナリオ走行を終了しました [シナリオ名: Banユーザログイン]
[ADMIN] 17:19:03.656772 シナリオ走行を開始しました [シナリオ名: Banユーザログイン]
[ADMIN] 17:19:03.665705 シナリオ走行を終了しました [シナリオ名: ログイン]
[ADMIN] 17:19:03.665719 シナリオ走行を開始しました [シナリオ名: ログイン]
[ADMIN] 17:19:03.693628 シナリオ走行を終了しました [シナリオ名: ログイン]
[ADMIN] 17:19:03.693646 シナリオ走行を開始しました [シナリオ名: ログイン]
[ADMIN] 17:19:03.741122 シナリオ走行を終了しました [シナリオ名: ログイン]
[ADMIN] 17:19:03.741139 シナリオ走行を開始しました [シナリオ名: ログイン]
[ADMIN] 17:19:03.744535 シナリオ走行を終了しました [シナリオ名: 新規ユーザー登録]
[ADMIN] 17:19:03.744553 シナリオ走行を開始しました [シナリオ名: 新規ユーザー登録]
[ADMIN] 17:19:03.814648 シナリオ走行を終了しました [シナリオ名: 新規ユーザー登録]
[ADMIN] 17:19:03.814672 シナリオ走行を開始しました [シナリオ名: 新規ユーザー登録]
[ADMIN] 17:19:03.823771 シナリオ走行を終了しました [シナリオ名: ログイン]
[ADMIN] 17:19:03.823782 シナリオ走行を開始しました [シナリオ名: ログイン]
[ADMIN] 17:19:03.831377 シナリオ走行を終了しました [シナリオ名: 新規ユーザー登録]
[ADMIN] 17:19:03.831394 シナリオ走行を開始しました [シナリオ名: 新規ユーザー登録]
[ADMIN] 17:19:03.837529 シナリオ走行を終了しました [シナリオ名: ログイン]
[ADMIN] 17:19:03.837537 シナリオ走行を開始しました [シナリオ名: ログイン]
[ADMIN] 17:19:03.857736 シナリオ走行を終了しました [シナリオ名: ログイン]
[ADMIN] 17:19:03.857755 シナリオ走行を開始しました [シナリオ名: ログイン]
[ADMIN] 17:19:03.857908 シナリオ走行を終了しました [シナリオ名: ログイン]
[ADMIN] 17:19:03.857925 シナリオ走行を開始しました [シナリオ名: ログイン]
[ADMIN] 17:19:03.877698 シナリオ走行を終了しました [シナリオ名: ログイン]
[ADMIN] 17:19:03.877716 シナリオ走行を開始しました [シナリオ名: ログイン]
[ADMIN] 17:19:03.902579 シナリオ走行を終了しました [シナリオ名: ログイン]
[ADMIN] 17:19:03.902595 シナリオ走行を開始しました [シナリオ名: ログイン]
[ADMIN] 17:19:03.922474 シナリオ走行を終了しました [シナリオ名: 新規ユーザー登録]
[ADMIN] 17:19:03.922500 シナリオ走行を開始しました [シナリオ名: 新規ユーザー登録]
[ADMIN] 17:19:03.931113 シナリオ走行を終了しました [シナリオ名: ログイン]
[ADMIN] 17:19:03.931124 シナリオ走行を開始しました [シナリオ名: ログイン]
[ADMIN] 17:19:03.949694 シナリオ走行を終了しました [シナリオ名: ログイン]
[ADMIN] 17:19:03.949706 シナリオ走行を開始しました [シナリオ名: ログイン]
[ADMIN] 17:19:03.983605 シナリオ走行を終了しました [シナリオ名: ログイン]
[ADMIN] 17:19:03.983618 シナリオ走行を開始しました [シナリオ名: ログイン]
[ADMIN] 17:19:03.998978 シナリオ走行を終了しました [シナリオ名: 新規ユーザー登録]
[ADMIN] 17:19:03.999011 シナリオ走行を開始しました [シナリオ名: 新規ユーザー登録]
[ADMIN] 17:19:03.999976 シナリオ走行を終了しました [シナリオ名: ログイン]
[ADMIN] 17:19:03.999986 シナリオ走行を開始しました [シナリオ名: ログイン]
[ADMIN] 17:19:04.006752 シナリオ走行を終了しました [シナリオ名: ログイン]
[ADMIN] 17:19:04.006760 シナリオ走行を開始しました [シナリオ名: ログイン]
[ADMIN] 17:19:04.016508 シナリオ走行を終了しました [シナリオ名: ログイン]
[ADMIN] 17:19:04.016517 シナリオ走行を開始しました [シナリオ名: ログイン]
[ADMIN] 17:19:04.027441 シナリオ走行を終了しました [シナリオ名: 新規ユーザー登録]
[ADMIN] 17:19:04.027457 シナリオ走行を開始しました [シナリオ名: 新規ユーザー登録]
[ADMIN] 17:19:04.028836 シナリオ走行を終了しました [シナリオ名: 新規ユーザー登録]
[ADMIN] 17:19:04.028855 シナリオ走行を開始しました [シナリオ名: 新規ユーザー登録]
[ADMIN] 17:19:04.043860 シナリオ走行を終了しました [シナリオ名: ログイン]
[ADMIN] 17:19:04.043873 シナリオ走行を開始しました [シナリオ名: ログイン]
[ADMIN] 17:19:04.047727 シナリオ走行を終了しました [シナリオ名: 新規ユーザー登録]
[ADMIN] 17:19:04.047751 シナリオ走行を開始しました [シナリオ名: 新規ユーザー登録]
[ADMIN] 17:19:04.083236 シナリオ走行を終了しました [シナリオ名: ログイン]
[ADMIN] 17:19:04.083253 シナリオ走行を開始しました [シナリオ名: ログイン]
[ADMIN] 17:19:04.088027 シナリオ走行を終了しました [シナリオ名: ログイン]
[ADMIN] 17:19:04.088039 シナリオ走行を開始しました [シナリオ名: ログイン]
[ADMIN] 17:19:04.089776 シナリオ走行を終了しました [シナリオ名: ログイン]
[ADMIN] 17:19:04.089792 シナリオ走行を開始しました [シナリオ名: ログイン]
[ADMIN] 17:19:04.090521 シナリオ走行を終了しました [シナリオ名: ログイン]
[ADMIN] 17:19:04.090531 シナリオ走行を開始しました [シナリオ名: ログイン]
[ADMIN] 17:19:04.097204 シナリオ走行を終了しました [シナリオ名: ログイン]
[ADMIN] 17:19:04.097218 シナリオ走行を開始しました [シナリオ名: ログイン]
[ADMIN] 17:19:04.105773 シナリオ走行を終了しました [シナリオ名: ログイン]
[ADMIN] 17:19:04.105790 シナリオ走行を開始しました [シナリオ名: ログイン]
[ADMIN] 17:19:04.106243 シナリオ走行を終了しました [シナリオ名: ログイン]
[ADMIN] 17:19:04.106262 シナリオ走行を開始しました [シナリオ名: ログイン]
[ADMIN] 17:19:04.113447 シナリオ走行を終了しました [シナリオ名: ログイン]
[ADMIN] 17:19:04.113461 シナリオ走行を開始しました [シナリオ名: ログイン]
[ADMIN] 17:19:04.146100 シナリオ走行を終了しました [シナリオ名: Banユーザログイン]
[ADMIN] 17:19:04.146118 シナリオ走行を開始しました [シナリオ名: Banユーザログイン]
[ADMIN] 17:19:04.147526 シナリオ走行を終了しました [シナリオ名: Banユーザログイン]
[ADMIN] 17:19:04.147540 シナリオ走行を開始しました [シナリオ名: Banユーザログイン]
[ADMIN] 17:19:04.147997 シナリオ走行を終了しました [シナリオ名: Banユーザログイン]
[ADMIN] 17:19:04.148013 シナリオ走行を開始しました [シナリオ名: Banユーザログイン]
[ADMIN] 17:19:04.157581 シナリオ走行を終了しました [シナリオ名: Banユーザログイン]
[ADMIN] 17:19:04.157598 シナリオ走行を開始しました [シナリオ名: Banユーザログイン]
[ADMIN] 17:19:04.158993 シナリオ走行を終了しました [シナリオ名: Banユーザログイン]
[ADMIN] 17:19:04.159011 シナリオ走行を開始しました [シナリオ名: Banユーザログイン]
[ADMIN] 17:19:04.215188 シナリオ走行を終了しました [シナリオ名: ログイン]
[ADMIN] 17:19:04.215203 シナリオ走行を開始しました [シナリオ名: ログイン]
[ADMIN] 17:19:04.232084 シナリオ走行を終了しました [シナリオ名: ログイン]
[ADMIN] 17:19:04.232098 シナリオ走行を開始しました [シナリオ名: ログイン]
[ADMIN] 17:19:04.252075 シナリオ走行を終了しました [シナリオ名: ログイン]
[ADMIN] 17:19:04.252087 シナリオ走行を開始しました [シナリオ名: ログイン]
[ADMIN] 17:19:04.273911 シナリオ走行を終了しました [シナリオ名: ログイン]
[ADMIN] 17:19:04.273923 シナリオ走行を開始しました [シナリオ名: ログイン]
[ADMIN] 17:19:04.287007 シナリオ走行を終了しました [シナリオ名: ログイン]
[ADMIN] 17:19:04.287017 シナリオ走行を開始しました [シナリオ名: ログイン]
[ADMIN] 17:19:04.329675 シナリオ走行を終了しました [シナリオ名: 新規ユーザー登録]
[ADMIN] 17:19:04.329718 シナリオ走行を開始しました [シナリオ名: 新規ユーザー登録]
[ADMIN] 17:19:04.330265 シナリオ走行を終了しました [シナリオ名: 新規ユーザー登録]
[ADMIN] 17:19:04.330289 シナリオ走行を開始しました [シナリオ名: 新規ユーザー登録]
[ADMIN] 17:19:04.400527 シナリオ走行を終了しました [シナリオ名: ログイン]
[ADMIN] 17:19:04.400545 シナリオ走行を開始しました [シナリオ名: ログイン]
[ADMIN] 17:19:04.400921 シナリオ走行を終了しました [シナリオ名: ログイン]
[ADMIN] 17:19:04.400960 シナリオ走行を開始しました [シナリオ名: ログイン]
[ADMIN] 17:19:04.408005 シナリオ走行を終了しました [シナリオ名: 新規ユーザー登録]
[ADMIN] 17:19:04.408030 シナリオ走行を開始しました [シナリオ名: 新規ユーザー登録]
[ADMIN] 17:19:04.416091 シナリオ走行を終了しました [シナリオ名: 新規ユーザー登録]
[ADMIN] 17:19:04.416119 シナリオ走行を開始しました [シナリオ名: 新規ユーザー登録]
[ADMIN] 17:19:04.446535 シナリオ走行を終了しました [シナリオ名: ログイン]
[ADMIN] 17:19:04.446550 シナリオ走行を開始しました [シナリオ名: ログイン]
[ADMIN] 17:19:04.453003 シナリオ走行を終了しました [シナリオ名: 新規ユーザー登録]
[ADMIN] 17:19:04.453031 シナリオ走行を開始しました [シナリオ名: 新規ユーザー登録]
[ADMIN] 17:19:04.488866 シナリオ走行を終了しました [シナリオ名: ログイン]
[ADMIN] 17:19:04.488884 シナリオ走行を開始しました [シナリオ名: ログイン]
[ADMIN] 17:19:04.493639 シナリオ走行を終了しました [シナリオ名: ログイン]
[ADMIN] 17:19:04.493656 シナリオ走行を開始しました [シナリオ名: ログイン]
[ADMIN] 17:19:04.493844 シナリオ走行を終了しました [シナリオ名: ログイン]
[ADMIN] 17:19:04.493857 シナリオ走行を開始しました [シナリオ名: ログイン]
[ADMIN] 17:19:04.518031 シナリオ走行を終了しました [シナリオ名: ログイン]
[ADMIN] 17:19:04.518046 シナリオ走行を開始しました [シナリオ名: ログイン]
[ADMIN] 17:19:04.548499 シナリオ走行を終了しました [シナリオ名: 新規ユーザー登録]
[ADMIN] 17:19:04.548531 シナリオ走行を開始しました [シナリオ名: 新規ユーザー登録]
[ADMIN] 17:19:04.556508 シナリオ走行を終了しました [シナリオ名: ログイン]
[ADMIN] 17:19:04.556521 シナリオ走行を開始しました [シナリオ名: ログイン]
[ADMIN] 17:19:04.568096 シナリオ走行を終了しました [シナリオ名: ログイン]
[ADMIN] 17:19:04.568108 シナリオ走行を開始しました [シナリオ名: ログイン]
[ADMIN] 17:19:04.572804 シナリオ走行を終了しました [シナリオ名: ログイン]
[ADMIN] 17:19:04.572815 シナリオ走行を開始しました [シナリオ名: ログイン]
[ADMIN] 17:19:04.610505 シナリオ走行を終了しました [シナリオ名: ログイン]
[ADMIN] 17:19:04.610521 シナリオ走行を開始しました [シナリオ名: ログイン]
[ADMIN] 17:19:04.639815 シナリオ走行を終了しました [シナリオ名: ログイン]
[ADMIN] 17:19:04.639830 シナリオ走行を開始しました [シナリオ名: ログイン]
[ADMIN] 17:19:04.644572 シナリオ走行を終了しました [シナリオ名: ログイン]
[ADMIN] 17:19:04.644585 シナリオ走行を開始しました [シナリオ名: ログイン]
[ADMIN] 17:19:04.645939 シナリオ走行を終了しました [シナリオ名: ログイン]
[ADMIN] 17:19:04.645949 シナリオ走行を開始しました [シナリオ名: ログイン]
[ADMIN] 17:19:04.648389 シナリオ走行を終了しました [シナリオ名: Banユーザログイン]
[ADMIN] 17:19:04.648406 シナリオ走行を開始しました [シナリオ名: Banユーザログイン]
[ADMIN] 17:19:04.653235 シナリオ走行を終了しました [シナリオ名: Banユーザログイン]
[ADMIN] 17:19:04.653255 シナリオ走行を開始しました [シナリオ名: Banユーザログイン]
[ADMIN] 17:19:04.654641 シナリオ走行を終了しました [シナリオ名: Banユーザログイン]
[ADMIN] 17:19:04.654655 シナリオ走行を開始しました [シナリオ名: Banユーザログイン]
[ADMIN] 17:19:04.660452 シナリオ走行を終了しました [シナリオ名: Banユーザログイン]
[ADMIN] 17:19:04.660470 シナリオ走行を開始しました [シナリオ名: Banユーザログイン]
[ADMIN] 17:19:04.662348 シナリオ走行を終了しました [シナリオ名: Banユーザログイン]
[ADMIN] 17:19:04.662364 シナリオ走行を開始しました [シナリオ名: Banユーザログイン]
[ADMIN] 17:19:04.678776 シナリオ走行を終了しました [シナリオ名: ログイン]
[ADMIN] 17:19:04.678791 シナリオ走行を開始しました [シナリオ名: ログイン]
[ADMIN] 17:19:04.689809 シナリオ走行を終了しました [シナリオ名: ログイン]
[ADMIN] 17:19:04.689823 シナリオ走行を開始しました [シナリオ名: ログイン]
[ADMIN] 17:19:04.695243 シナリオ走行を終了しました [シナリオ名: 新規ユーザー登録]
[ADMIN] 17:19:04.695270 シナリオ走行を開始しました [シナリオ名: 新規ユーザー登録]
[ADMIN] 17:19:04.758239 シナリオ走行を終了しました [シナリオ名: 新規ユーザー登録]
[ADMIN] 17:19:04.758270 シナリオ走行を開始しました [シナリオ名: 新規ユーザー登録]
[ADMIN] 17:19:04.800907 シナリオ走行を終了しました [シナリオ名: 新規ユーザー登録]
[ADMIN] 17:19:04.800943 シナリオ走行を開始しました [シナリオ名: 新規ユーザー登録]
[ADMIN] 17:19:04.805472 シナリオ走行を終了しました [シナリオ名: ログイン]
[ADMIN] 17:19:04.805485 シナリオ走行を開始しました [シナリオ名: ログイン]
[ADMIN] 17:19:04.811827 シナリオ走行を終了しました [シナリオ名: ログイン]
[ADMIN] 17:19:04.811845 シナリオ走行を開始しました [シナリオ名: ログイン]
[ADMIN] 17:19:04.822886 シナリオ走行を終了しました [シナリオ名: 新規ユーザー登録]
[ADMIN] 17:19:04.822918 シナリオ走行を開始しました [シナリオ名: 新規ユーザー登録]
[ADMIN] 17:19:04.834979 シナリオ走行を終了しました [シナリオ名: 新規ユーザー登録]
[ADMIN] 17:19:04.835007 シナリオ走行を開始しました [シナリオ名: 新規ユーザー登録]
[ADMIN] 17:19:04.841584 シナリオ走行を終了しました [シナリオ名: 新規ユーザー登録]
[ADMIN] 17:19:04.841613 シナリオ走行を開始しました [シナリオ名: 新規ユーザー登録]
[ADMIN] 17:19:04.842053 シナリオ走行を終了しました [シナリオ名: ログイン]
[ADMIN] 17:19:04.842064 シナリオ走行を開始しました [シナリオ名: ログイン]
[ADMIN] 17:19:04.859975 シナリオ走行を終了しました [シナリオ名: ログイン]
[ADMIN] 17:19:04.859991 シナリオ走行を開始しました [シナリオ名: ログイン]
[ADMIN] 17:19:04.881379 シナリオ走行を終了しました [シナリオ名: ログイン]
[ADMIN] 17:19:04.881394 シナリオ走行を開始しました [シナリオ名: ログイン]
[ADMIN] 17:19:04.893669 シナリオ走行を終了しました [シナリオ名: ログイン]
[ADMIN] 17:19:04.893689 シナリオ走行を開始しました [シナリオ名: ログイン]
[ADMIN] 17:19:04.913809 シナリオ走行を終了しました [シナリオ名: 新規ユーザー登録]
[ADMIN] 17:19:04.913845 シナリオ走行を開始しました [シナリオ名: 新規ユーザー登録]
[ADMIN] 17:19:04.913954 シナリオ走行を終了しました [シナリオ名: ログイン]
[ADMIN] 17:19:04.913966 シナリオ走行を開始しました [シナリオ名: ログイン]
[ADMIN] 17:19:04.968290 シナリオ走行を終了しました [シナリオ名: 新規ユーザー登録]
[ADMIN] 17:19:04.968321 シナリオ走行を開始しました [シナリオ名: 新規ユーザー登録]
[ADMIN] 17:19:04.979231 シナリオ走行を終了しました [シナリオ名: ログイン]
[ADMIN] 17:19:04.979246 シナリオ走行を開始しました [シナリオ名: ログイン]
[ADMIN] 17:19:04.997152 シナリオ走行を終了しました [シナリオ名: ログイン]
[ADMIN] 17:19:04.997169 シナリオ走行を開始しました [シナリオ名: ログイン]
[ADMIN] 17:19:05.013485 シナリオ走行を終了しました [シナリオ名: ログイン]
[ADMIN] 17:19:05.013501 シナリオ走行を開始しました [シナリオ名: ログイン]
[ADMIN] 17:19:05.025404 シナリオ走行を終了しました [シナリオ名: ログイン]
[ADMIN] 17:19:05.025421 シナリオ走行を開始しました [シナリオ名: ログイン]
[ADMIN] 17:19:05.031978 シナリオ走行を終了しました [シナリオ名: ログイン]
[ADMIN] 17:19:05.031992 シナリオ走行を開始しました [シナリオ名: ログイン]
[ADMIN] 17:19:05.046191 シナリオ走行を終了しました [シナリオ名: ログイン]
[ADMIN] 17:19:05.046212 シナリオ走行を開始しました [シナリオ名: ログイン]
[ADMIN] 17:19:05.054744 シナリオ走行を終了しました [シナリオ名: 新規ユーザー登録]
[ADMIN] 17:19:05.054770 シナリオ走行を開始しました [シナリオ名: 新規ユーザー登録]
[ADMIN] 17:19:05.070249 シナリオ走行を終了しました [シナリオ名: 新規ユーザー登録]
[ADMIN] 17:19:05.070276 シナリオ走行を開始しました [シナリオ名: 新規ユーザー登録]
[ADMIN] 17:19:05.071147 シナリオ走行を終了しました [シナリオ名: ログイン]
[ADMIN] 17:19:05.071162 シナリオ走行を開始しました [シナリオ名: ログイン]
[ADMIN] 17:19:05.090098 シナリオ走行を終了しました [シナリオ名: ログイン]
[ADMIN] 17:19:05.090119 シナリオ走行を開始しました [シナリオ名: ログイン]
[ADMIN] 17:19:05.103180 シナリオ走行を終了しました [シナリオ名: ログイン]
[ADMIN] 17:19:05.103195 シナリオ走行を開始しました [シナリオ名: ログイン]
[ADMIN] 17:19:05.125381 シナリオ走行を終了しました [シナリオ名: ログイン]
[ADMIN] 17:19:05.125398 シナリオ走行を開始しました [シナリオ名: ログイン]
[ADMIN] 17:19:05.127394 シナリオ走行を終了しました [シナリオ名: ログイン]
[ADMIN] 17:19:05.127407 シナリオ走行を開始しました [シナリオ名: ログイン]
[ADMIN] 17:19:05.146998 シナリオ走行を終了しました [シナリオ名: 新規ユーザー登録]
[ADMIN] 17:19:05.147026 シナリオ走行を開始しました [シナリオ名: 新規ユーザー登録]
[ADMIN] 17:19:05.151531 シナリオ走行を終了しました [シナリオ名: Banユーザログイン]
[ADMIN] 17:19:05.151563 シナリオ走行を開始しました [シナリオ名: Banユーザログイン]
[ADMIN] 17:19:05.154590 シナリオ走行を終了しました [シナリオ名: 新規ユーザー登録]
[ADMIN] 17:19:05.154611 シナリオ走行を開始しました [シナリオ名: 新規ユーザー登録]
[ADMIN] 17:19:05.157091 シナリオ走行を終了しました [シナリオ名: Banユーザログイン]
[ADMIN] 17:19:05.157104 シナリオ走行を終了しました [シナリオ名: Banユーザログイン]
[ADMIN] 17:19:05.157112 シナリオ走行を開始しました [シナリオ名: Banユーザログイン]
[ADMIN] 17:19:05.157112 シナリオ走行を開始しました [シナリオ名: Banユーザログイン]
[ADMIN] 17:19:05.162788 シナリオ走行を終了しました [シナリオ名: Banユーザログイン]
[ADMIN] 17:19:05.162810 シナリオ走行を開始しました [シナリオ名: Banユーザログイン]
[ADMIN] 17:19:05.163841 シナリオ走行を終了しました [シナリオ名: Banユーザログイン]
[ADMIN] 17:19:05.163857 シナリオ走行を開始しました [シナリオ名: Banユーザログイン]
[ADMIN] 17:19:05.163911 シナリオ走行を終了しました [シナリオ名: ログイン]
[ADMIN] 17:19:05.163923 シナリオ走行を開始しました [シナリオ名: ログイン]
[ADMIN] 17:19:05.204116 シナリオ走行を終了しました [シナリオ名: ログイン]
[ADMIN] 17:19:05.204137 シナリオ走行を開始しました [シナリオ名: ログイン]
[ADMIN] 17:19:05.204168 シナリオ走行を終了しました [シナリオ名: ログイン]
[ADMIN] 17:19:05.204178 シナリオ走行を開始しました [シナリオ名: ログイン]
[ADMIN] 17:19:05.244752 シナリオ走行を終了しました [シナリオ名: ログイン]
[ADMIN] 17:19:05.244772 シナリオ走行を開始しました [シナリオ名: ログイン]
[ADMIN] 17:19:05.252763 シナリオ走行を終了しました [シナリオ名: ログイン]
[ADMIN] 17:19:05.252777 シナリオ走行を開始しました [シナリオ名: ログイン]
[ADMIN] 17:19:05.253383 シナリオ走行を終了しました [シナリオ名: ログイン]
[ADMIN] 17:19:05.253393 シナリオ走行を開始しました [シナリオ名: ログイン]
[ADMIN] 17:19:05.265766 シナリオ走行を終了しました [シナリオ名: ログイン]
[ADMIN] 17:19:05.265782 シナリオ走行を開始しました [シナリオ名: ログイン]
[ADMIN] 17:19:05.277259 シナリオ走行を終了しました [シナリオ名: ログイン]
[ADMIN] 17:19:05.277278 シナリオ走行を開始しました [シナリオ名: ログイン]
[ADMIN] 17:19:05.295869 シナリオ走行を終了しました [シナリオ名: ログイン]
[ADMIN] 17:19:05.295883 シナリオ走行を開始しました [シナリオ名: ログイン]
[ADMIN] 17:19:05.334530 シナリオ走行を終了しました [シナリオ名: 新規ユーザー登録]
[ADMIN] 17:19:05.334562 シナリオ走行を開始しました [シナリオ名: 新規ユーザー登録]
[ADMIN] 17:19:05.365036 シナリオ走行を終了しました [シナリオ名: ログイン]
[ADMIN] 17:19:05.365052 シナリオ走行を開始しました [シナリオ名: ログイン]
[ADMIN] 17:19:05.372096 シナリオ走行を終了しました [シナリオ名: 新規ユーザー登録]
[ADMIN] 17:19:05.372128 シナリオ走行を開始しました [シナリオ名: 新規ユーザー登録]
[ADMIN] 17:19:05.378576 シナリオ走行を終了しました [シナリオ名: ログイン]
[ADMIN] 17:19:05.378593 シナリオ走行を開始しました [シナリオ名: ログイン]
[ADMIN] 17:19:05.399052 シナリオ走行を終了しました [シナリオ名: ログイン]
[ADMIN] 17:19:05.399070 シナリオ走行を開始しました [シナリオ名: ログイン]
[ADMIN] 17:19:05.473834 シナリオ走行を終了しました [シナリオ名: ログイン]
[ADMIN] 17:19:05.473850 シナリオ走行を開始しました [シナリオ名: ログイン]
[ADMIN] 17:19:05.509861 シナリオ走行を終了しました [シナリオ名: ログイン]
[ADMIN] 17:19:05.509878 シナリオ走行を開始しました [シナリオ名: ログイン]
[ADMIN] 17:19:05.514767 シナリオ走行を終了しました [シナリオ名: 新規ユーザー登録]
[ADMIN] 17:19:05.514797 シナリオ走行を開始しました [シナリオ名: 新規ユーザー登録]
[ADMIN] 17:19:05.515831 シナリオ走行を終了しました [シナリオ名: 新規ユーザー登録]
[ADMIN] 17:19:05.515849 シナリオ走行を開始しました [シナリオ名: 新規ユーザー登録]
[ADMIN] 17:19:05.518182 シナリオ走行を終了しました [シナリオ名: 新規ユーザー登録]
[ADMIN] 17:19:05.518207 シナリオ走行を開始しました [シナリオ名: 新規ユーザー登録]
[ADMIN] 17:19:05.532666 シナリオ走行を終了しました [シナリオ名: ログイン]
[ADMIN] 17:19:05.532681 シナリオ走行を開始しました [シナリオ名: ログイン]
[ADMIN] 17:19:05.535176 シナリオ走行を終了しました [シナリオ名: ログイン]
[ADMIN] 17:19:05.535192 シナリオ走行を開始しました [シナリオ名: ログイン]
[ADMIN] 17:19:05.535904 シナリオ走行を終了しました [シナリオ名: ログイン]
[ADMIN] 17:19:05.535929 シナリオ走行を開始しました [シナリオ名: ログイン]
[ADMIN] 17:19:05.536027 シナリオ走行を終了しました [シナリオ名: ログイン]
[ADMIN] 17:19:05.536036 シナリオ走行を開始しました [シナリオ名: ログイン]
[ADMIN] 17:19:05.557653 シナリオ走行を終了しました [シナリオ名: ログイン]
[ADMIN] 17:19:05.557670 シナリオ走行を開始しました [シナリオ名: ログイン]
[ADMIN] 17:19:05.558583 シナリオ走行を終了しました [シナリオ名: ログイン]
[ADMIN] 17:19:05.558594 シナリオ走行を開始しました [シナリオ名: ログイン]
[ADMIN] 17:19:05.581548 シナリオ走行を終了しました [シナリオ名: ログイン]
[ADMIN] 17:19:05.581566 シナリオ走行を開始しました [シナリオ名: ログイン]
[ADMIN] 17:19:05.628158 シナリオ走行を終了しました [シナリオ名: ログイン]
[ADMIN] 17:19:05.628172 シナリオ走行を開始しました [シナリオ名: ログイン]
[ADMIN] 17:19:05.633087 シナリオ走行を終了しました [シナリオ名: ログイン]
[ADMIN] 17:19:05.633101 シナリオ走行を開始しました [シナリオ名: ログイン]
[ADMIN] 17:19:05.654178 シナリオ走行を終了しました [シナリオ名: Banユーザログイン]
[ADMIN] 17:19:05.654204 シナリオ走行を開始しました [シナリオ名: Banユーザログイン]
[ADMIN] 17:19:05.661650 シナリオ走行を終了しました [シナリオ名: Banユーザログイン]
[ADMIN] 17:19:05.661669 シナリオ走行を開始しました [シナリオ名: Banユーザログイン]
[ADMIN] 17:19:05.665160 シナリオ走行を終了しました [シナリオ名: Banユーザログイン]
[ADMIN] 17:19:05.665168 シナリオ走行を終了しました [シナリオ名: Banユーザログイン]
[ADMIN] 17:19:05.665176 シナリオ走行を開始しました [シナリオ名: Banユーザログイン]
[ADMIN] 17:19:05.665177 シナリオ走行を開始しました [シナリオ名: Banユーザログイン]
[ADMIN] 17:19:05.665351 シナリオ走行を終了しました [シナリオ名: ログイン]
[ADMIN] 17:19:05.665363 シナリオ走行を開始しました [シナリオ名: ログイン]
[ADMIN] 17:19:05.668922 シナリオ走行を終了しました [シナリオ名: Banユーザログイン]
[ADMIN] 17:19:05.668938 シナリオ走行を開始しました [シナリオ名: Banユーザログイン]
[ADMIN] 17:19:05.699915 シナリオ走行を終了しました [シナリオ名: ログイン]
[ADMIN] 17:19:05.699928 シナリオ走行を開始しました [シナリオ名: ログイン]
[ADMIN] 17:19:05.721289 シナリオ走行を終了しました [シナリオ名: ログイン]
[ADMIN] 17:19:05.721302 シナリオ走行を開始しました [シナリオ名: ログイン]
[ADMIN] 17:19:05.722234 シナリオ走行を終了しました [シナリオ名: ログイン]
[ADMIN] 17:19:05.722243 シナリオ走行を開始しました [シナリオ名: ログイン]
[ADMIN] 17:19:05.752150 シナリオ走行を終了しました [シナリオ名: ログイン]
[ADMIN] 17:19:05.752162 シナリオ走行を開始しました [シナリオ名: ログイン]
[ADMIN] 17:19:05.808653 シナリオ走行を終了しました [シナリオ名: ログイン]
[ADMIN] 17:19:05.808666 シナリオ走行を開始しました [シナリオ名: ログイン]
[ADMIN] 17:19:05.822366 シナリオ走行を終了しました [シナリオ名: 新規ユーザー登録]
[ADMIN] 17:19:05.822405 シナリオ走行を開始しました [シナリオ名: 新規ユーザー登録]
[ADMIN] 17:19:05.831852 シナリオ走行を終了しました [シナリオ名: 新規ユーザー登録]
[ADMIN] 17:19:05.831870 シナリオ走行を開始しました [シナリオ名: 新規ユーザー登録]
[ADMIN] 17:19:05.838565 シナリオ走行を終了しました [シナリオ名: ログイン]
[ADMIN] 17:19:05.838575 シナリオ走行を開始しました [シナリオ名: ログイン]
[ADMIN] 17:19:05.849214 シナリオ走行を終了しました [シナリオ名: ログイン]
[ADMIN] 17:19:05.849225 シナリオ走行を開始しました [シナリオ名: ログイン]
[ADMIN] 17:19:05.853575 シナリオ走行を終了しました [シナリオ名: 新規ユーザー登録]
[ADMIN] 17:19:05.853597 シナリオ走行を開始しました [シナリオ名: 新規ユーザー登録]
[ADMIN] 17:19:05.853980 シナリオ走行を終了しました [シナリオ名: 新規ユーザー登録]
[ADMIN] 17:19:05.853997 シナリオ走行を開始しました [シナリオ名: 新規ユーザー登録]
[ADMIN] 17:19:05.870003 シナリオ走行を終了しました [シナリオ名: ログイン]
[ADMIN] 17:19:05.870013 シナリオ走行を開始しました [シナリオ名: ログイン]
[ADMIN] 17:19:05.880876 シナリオ走行を終了しました [シナリオ名: ログイン]
[ADMIN] 17:19:05.880885 シナリオ走行を開始しました [シナリオ名: ログイン]
[ADMIN] 17:19:05.892677 シナリオ走行を終了しました [シナリオ名: ログイン]
[ADMIN] 17:19:05.892687 シナリオ走行を開始しました [シナリオ名: ログイン]
[ADMIN] 17:19:05.915775 シナリオ走行を終了しました [シナリオ名: 新規ユーザー登録]
[ADMIN] 17:19:05.915797 シナリオ走行を開始しました [シナリオ名: 新規ユーザー登録]
[ADMIN] 17:19:05.936550 シナリオ走行を終了しました [シナリオ名: 新規ユーザー登録]
[ADMIN] 17:19:05.936569 シナリオ走行を開始しました [シナリオ名: 新規ユーザー登録]
[ADMIN] 17:19:05.946717 シナリオ走行を終了しました [シナリオ名: ログイン]
[ADMIN] 17:19:05.946729 シナリオ走行を開始しました [シナリオ名: ログイン]
[ADMIN] 17:19:05.984871 シナリオ走行を終了しました [シナリオ名: 新規ユーザー登録]
[ADMIN] 17:19:05.984889 シナリオ走行を開始しました [シナリオ名: 新規ユーザー登録]
[ADMIN] 17:19:06.002054 シナリオ走行を終了しました [シナリオ名: ログイン]
[ADMIN] 17:19:06.002066 シナリオ走行を開始しました [シナリオ名: ログイン]
[ADMIN] 17:19:06.003763 シナリオ走行を終了しました [シナリオ名: ログイン]
[ADMIN] 17:19:06.003771 シナリオ走行を開始しました [シナリオ名: ログイン]
[ADMIN] 17:19:06.005980 シナリオ走行を終了しました [シナリオ名: 新規ユーザー登録]
[ADMIN] 17:19:06.006000 シナリオ走行を開始しました [シナリオ名: 新規ユーザー登録]
[ADMIN] 17:19:06.017341 シナリオ走行を終了しました [シナリオ名: ログイン]
[ADMIN] 17:19:06.017350 シナリオ走行を開始しました [シナリオ名: ログイン]
[ADMIN] 17:19:06.047654 シナリオ走行を終了しました [シナリオ名: ログイン]
[ADMIN] 17:19:06.047667 シナリオ走行を開始しました [シナリオ名: ログイン]
[ADMIN] 17:19:06.106391 シナリオ走行を終了しました [シナリオ名: ログイン]
[ADMIN] 17:19:06.106406 シナリオ走行を開始しました [シナリオ名: ログイン]
[ADMIN] 17:19:06.113313 シナリオ走行を終了しました [シナリオ名: ログイン]
[ADMIN] 17:19:06.113327 シナリオ走行を開始しました [シナリオ名: ログイン]
[ADMIN] 17:19:06.116607 シナリオ走行を終了しました [シナリオ名: ログイン]
[ADMIN] 17:19:06.116618 シナリオ走行を開始しました [シナリオ名: ログイン]
[ADMIN] 17:19:06.152363 シナリオ走行を終了しました [シナリオ名: ログイン]
[ADMIN] 17:19:06.152377 シナリオ走行を開始しました [シナリオ名: ログイン]
[ADMIN] 17:19:06.153595 シナリオ走行を終了しました [シナリオ名: ログイン]
[ADMIN] 17:19:06.153613 シナリオ走行を開始しました [シナリオ名: ログイン]
[ADMIN] 17:19:06.167998 シナリオ走行を終了しました [シナリオ名: Banユーザログイン]
[ADMIN] 17:19:06.168011 シナリオ走行を開始しました [シナリオ名: Banユーザログイン]
[ADMIN] 17:19:06.170435 シナリオ走行を終了しました [シナリオ名: Banユーザログイン]
[ADMIN] 17:19:06.170462 シナリオ走行を開始しました [シナリオ名: Banユーザログイン]
[ADMIN] 17:19:06.174402 シナリオ走行を終了しました [シナリオ名: Banユーザログイン]
[ADMIN] 17:19:06.174419 シナリオ走行を開始しました [シナリオ名: Banユーザログイン]
[ADMIN] 17:19:06.178307 シナリオ走行を終了しました [シナリオ名: Banユーザログイン]
[ADMIN] 17:19:06.178325 シナリオ走行を開始しました [シナリオ名: Banユーザログイン]
[ADMIN] 17:19:06.204773 シナリオ走行を終了しました [シナリオ名: ログイン]
[ADMIN] 17:19:06.204789 シナリオ走行を開始しました [シナリオ名: ログイン]
[ADMIN] 17:19:06.231057 シナリオ走行を終了しました [シナリオ名: 新規ユーザー登録]
[ADMIN] 17:19:06.231101 シナリオ走行を開始しました [シナリオ名: 新規ユーザー登録]
[ADMIN] 17:19:06.252932 シナリオ走行を終了しました [シナリオ名: ログイン]
[ADMIN] 17:19:06.252948 シナリオ走行を開始しました [シナリオ名: ログイン]
[ADMIN] 17:19:06.256476 シナリオ走行を終了しました [シナリオ名: ログイン]
[ADMIN] 17:19:06.256487 シナリオ走行を開始しました [シナリオ名: ログイン]
[ADMIN] 17:19:06.258415 シナリオ走行を終了しました [シナリオ名: Banユーザログイン]
[ADMIN] 17:19:06.258433 シナリオ走行を開始しました [シナリオ名: Banユーザログイン]
[ADMIN] 17:19:06.302264 シナリオ走行を終了しました [シナリオ名: ログイン]
[ADMIN] 17:19:06.302280 シナリオ走行を開始しました [シナリオ名: ログイン]
[ADMIN] 17:19:06.303565 シナリオ走行を終了しました [シナリオ名: 新規ユーザー登録]
[ADMIN] 17:19:06.303591 シナリオ走行を開始しました [シナリオ名: 新規ユーザー登録]
[ADMIN] 17:19:06.309748 シナリオ走行を終了しました [シナリオ名: 新規ユーザー登録]
[ADMIN] 17:19:06.309773 シナリオ走行を開始しました [シナリオ名: 新規ユーザー登録]
[ADMIN] 17:19:06.327445 シナリオ走行を終了しました [シナリオ名: ログイン]
[ADMIN] 17:19:06.327464 シナリオ走行を開始しました [シナリオ名: ログイン]
[ADMIN] 17:19:06.382959 シナリオ走行を終了しました [シナリオ名: 新規ユーザー登録]
[ADMIN] 17:19:06.382987 シナリオ走行を開始しました [シナリオ名: 新規ユーザー登録]
[ADMIN] 17:19:06.387355 シナリオ走行を終了しました [シナリオ名: ログイン]
[ADMIN] 17:19:06.387372 シナリオ走行を開始しました [シナリオ名: ログイン]
[ADMIN] 17:19:06.387591 シナリオ走行を終了しました [シナリオ名: ログイン]
[ADMIN] 17:19:06.387608 シナリオ走行を開始しました [シナリオ名: ログイン]
[ADMIN] 17:19:06.393162 シナリオ走行を終了しました [シナリオ名: 新規ユーザー登録]
[ADMIN] 17:19:06.393190 シナリオ走行を開始しました [シナリオ名: 新規ユーザー登録]
[ADMIN] 17:19:06.410697 シナリオ走行を終了しました [シナリオ名: 新規ユーザー登録]
[ADMIN] 17:19:06.410752 シナリオ走行を開始しました [シナリオ名: 新規ユーザー登録]
[ADMIN] 17:19:06.445624 シナリオ走行を終了しました [シナリオ名: ログイン]
[ADMIN] 17:19:06.445641 シナリオ走行を開始しました [シナリオ名: ログイン]
[ADMIN] 17:19:06.467298 シナリオ走行を終了しました [シナリオ名: 新規ユーザー登録]
[ADMIN] 17:19:06.467323 シナリオ走行を開始しました [シナリオ名: 新規ユーザー登録]
[ADMIN] 17:19:06.489595 シナリオ走行を終了しました [シナリオ名: ログイン]
[ADMIN] 17:19:06.489610 シナリオ走行を開始しました [シナリオ名: ログイン]
[ADMIN] 17:19:06.510006 シナリオ走行を終了しました [シナリオ名: ログイン]
[ADMIN] 17:19:06.510021 シナリオ走行を開始しました [シナリオ名: ログイン]
[ADMIN] 17:19:06.510339 シナリオ走行を終了しました [シナリオ名: ログイン]
[ADMIN] 17:19:06.510351 シナリオ走行を開始しました [シナリオ名: ログイン]
[ADMIN] 17:19:06.518648 シナリオ走行を終了しました [シナリオ名: ログイン]
[ADMIN] 17:19:06.518662 シナリオ走行を開始しました [シナリオ名: ログイン]
[ADMIN] 17:19:06.531142 シナリオ走行を終了しました [シナリオ名: ログイン]
[ADMIN] 17:19:06.531159 シナリオ走行を開始しました [シナリオ名: ログイン]
[ADMIN] 17:19:06.554977 シナリオ走行を終了しました [シナリオ名: 新規ユーザー登録]
[ADMIN] 17:19:06.555033 シナリオ走行を開始しました [シナリオ名: 新規ユーザー登録]
[ADMIN] 17:19:06.570426 シナリオ走行を終了しました [シナリオ名: ログイン]
[ADMIN] 17:19:06.570443 シナリオ走行を開始しました [シナリオ名: ログイン]
[ADMIN] 17:19:06.573266 シナリオ走行を終了しました [シナリオ名: ログイン]
[ADMIN] 17:19:06.573281 シナリオ走行を開始しました [シナリオ名: ログイン]
[ADMIN] 17:19:06.576186 シナリオ走行を終了しました [シナリオ名: 新規ユーザー登録]
[ADMIN] 17:19:06.576207 シナリオ走行を開始しました [シナリオ名: 新規ユーザー登録]
[ADMIN] 17:19:06.577059 シナリオ走行を終了しました [シナリオ名: ログイン]
[ADMIN] 17:19:06.577069 シナリオ走行を開始しました [シナリオ名: ログイン]
[ADMIN] 17:19:06.579050 シナリオ走行を終了しました [シナリオ名: ログイン]
[ADMIN] 17:19:06.579065 シナリオ走行を開始しました [シナリオ名: ログイン]
[ADMIN] 17:19:06.580156 シナリオ走行を終了しました [シナリオ名: ログイン]
[ADMIN] 17:19:06.580169 シナリオ走行を開始しました [シナリオ名: ログイン]
[ADMIN] 17:19:06.580182 シナリオ走行を終了しました [シナリオ名: ログイン]
[ADMIN] 17:19:06.580191 シナリオ走行を開始しました [シナリオ名: ログイン]
[ADMIN] 17:19:06.581236 シナリオ走行を終了しました [シナリオ名: 新規ユーザー登録]
[ADMIN] 17:19:06.581259 シナリオ走行を開始しました [シナリオ名: 新規ユーザー登録]
[ADMIN] 17:19:06.636729 シナリオ走行を終了しました [シナリオ名: 新規ユーザー登録]
[ADMIN] 17:19:06.636757 シナリオ走行を開始しました [シナリオ名: 新規ユーザー登録]
[ADMIN] 17:19:06.670954 シナリオ走行を終了しました [シナリオ名: ログイン]
[ADMIN] 17:19:06.671058 シナリオ走行を開始しました [シナリオ名: ログイン]
[ADMIN] 17:19:06.675296 シナリオ走行を終了しました [シナリオ名: Banユーザログイン]
[ADMIN] 17:19:06.675319 シナリオ走行を開始しました [シナリオ名: Banユーザログイン]
[ADMIN] 17:19:06.675812 シナリオ走行を終了しました [シナリオ名: Banユーザログイン]
[ADMIN] 17:19:06.675833 シナリオ走行を開始しました [シナリオ名: Banユーザログイン]
[ADMIN] 17:19:06.677896 シナリオ走行を終了しました [シナリオ名: Banユーザログイン]
[ADMIN] 17:19:06.677951 シナリオ走行を開始しました [シナリオ名: Banユーザログイン]
[ADMIN] 17:19:06.681314 シナリオ走行を終了しました [シナリオ名: 新規ユーザー登録]
[ADMIN] 17:19:06.681339 シナリオ走行を開始しました [シナリオ名: 新規ユーザー登録]
[ADMIN] 17:19:06.683296 シナリオ走行を終了しました [シナリオ名: Banユーザログイン]
[ADMIN] 17:19:06.683313 シナリオ走行を開始しました [シナリオ名: Banユーザログイン]
[ADMIN] 17:19:06.683388 シナリオ走行を終了しました [シナリオ名: ログイン]
[ADMIN] 17:19:06.683400 シナリオ走行を開始しました [シナリオ名: ログイン]
[ADMIN] 17:19:06.719140 シナリオ走行を終了しました [シナリオ名: 新規ユーザー登録]
[ADMIN] 17:19:06.719171 シナリオ走行を開始しました [シナリオ名: 新規ユーザー登録]
[ADMIN] 17:19:06.720972 シナリオ走行を終了しました [シナリオ名: ログイン]
[ADMIN] 17:19:06.720986 シナリオ走行を開始しました [シナリオ名: ログイン]
[ADMIN] 17:19:06.734573 シナリオ走行を終了しました [シナリオ名: ログイン]
[ADMIN] 17:19:06.734590 シナリオ走行を開始しました [シナリオ名: ログイン]
[ADMIN] 17:19:06.756905 シナリオ走行を終了しました [シナリオ名: ログイン]
[ADMIN] 17:19:06.756925 シナリオ走行を開始しました [シナリオ名: ログイン]
[ADMIN] 17:19:06.763613 シナリオ走行を終了しました [シナリオ名: Banユーザログイン]
[ADMIN] 17:19:06.763639 シナリオ走行を開始しました [シナリオ名: Banユーザログイン]
[ADMIN] 17:19:06.771695 シナリオ走行を終了しました [シナリオ名: ログイン]
[ADMIN] 17:19:06.771715 シナリオ走行を開始しました [シナリオ名: ログイン]
[ADMIN] 17:19:06.797031 シナリオ走行を終了しました [シナリオ名: ログイン]
[ADMIN] 17:19:06.797051 シナリオ走行を開始しました [シナリオ名: ログイン]
[ADMIN] 17:19:06.847278 シナリオ走行を終了しました [シナリオ名: ログイン]
[ADMIN] 17:19:06.847295 シナリオ走行を開始しました [シナリオ名: ログイン]
[ADMIN] 17:19:06.886699 シナリオ走行を終了しました [シナリオ名: ログイン]
[ADMIN] 17:19:06.886713 シナリオ走行を開始しました [シナリオ名: ログイン]
[ADMIN] 17:19:06.893227 シナリオ走行を終了しました [シナリオ名: 新規ユーザー登録]
[ADMIN] 17:19:06.893255 シナリオ走行を開始しました [シナリオ名: 新規ユーザー登録]
[ADMIN] 17:19:06.902477 シナリオ走行を終了しました [シナリオ名: 新規ユーザー登録]
[ADMIN] 17:19:06.902505 シナリオ走行を開始しました [シナリオ名: 新規ユーザー登録]
[ADMIN] 17:19:06.905184 シナリオ走行を終了しました [シナリオ名: 新規ユーザー登録]
[ADMIN] 17:19:06.905209 シナリオ走行を開始しました [シナリオ名: 新規ユーザー登録]
[ADMIN] 17:19:06.916776 シナリオ走行を終了しました [シナリオ名: 新規ユーザー登録]
[ADMIN] 17:19:06.916822 シナリオ走行を開始しました [シナリオ名: 新規ユーザー登録]
[ADMIN] 17:19:06.935245 シナリオ走行を終了しました [シナリオ名: 新規ユーザー登録]
[ADMIN] 17:19:06.935267 シナリオ走行を開始しました [シナリオ名: 新規ユーザー登録]
[ADMIN] 17:19:06.959633 シナリオ走行を終了しました [シナリオ名: ログイン]
[ADMIN] 17:19:06.959647 シナリオ走行を開始しました [シナリオ名: ログイン]
[ADMIN] 17:19:06.971897 シナリオ走行を終了しました [シナリオ名: ログイン]
[ADMIN] 17:19:06.971908 シナリオ走行を開始しました [シナリオ名: ログイン]
[ADMIN] 17:19:06.975600 シナリオ走行を終了しました [シナリオ名: ログイン]
[ADMIN] 17:19:06.975609 シナリオ走行を開始しました [シナリオ名: ログイン]
[ADMIN] 17:19:06.984114 シナリオ走行を終了しました [シナリオ名: ログイン]
[ADMIN] 17:19:06.984122 シナリオ走行を開始しました [シナリオ名: ログイン]
[ADMIN] 17:19:06.985892 シナリオ走行を終了しました [シナリオ名: ログイン]
[ADMIN] 17:19:06.985900 シナリオ走行を開始しました [シナリオ名: ログイン]
[ADMIN] 17:19:06.988714 シナリオ走行を終了しました [シナリオ名: ログイン]
[ADMIN] 17:19:06.988725 シナリオ走行を開始しました [シナリオ名: ログイン]
[ADMIN] 17:19:06.991330 シナリオ走行を終了しました [シナリオ名: ログイン]
[ADMIN] 17:19:06.991339 シナリオ走行を開始しました [シナリオ名: ログイン]
[ADMIN] 17:19:06.995890 シナリオ走行を終了しました [シナリオ名: ログイン]
[ADMIN] 17:19:06.995896 シナリオ走行を開始しました [シナリオ名: ログイン]
[ADMIN] 17:19:07.012401 シナリオ走行を終了しました [シナリオ名: 新規ユーザー登録]
[ADMIN] 17:19:07.012422 シナリオ走行を開始しました [シナリオ名: 新規ユーザー登録]
[ADMIN] 17:19:07.031023 シナリオ走行を終了しました [シナリオ名: ログイン]
[ADMIN] 17:19:07.031033 シナリオ走行を開始しました [シナリオ名: ログイン]
[ADMIN] 17:19:07.037651 シナリオ走行を終了しました [シナリオ名: ログイン]
[ADMIN] 17:19:07.037661 シナリオ走行を開始しました [シナリオ名: ログイン]
[ADMIN] 17:19:07.044682 シナリオ走行を終了しました [シナリオ名: ログイン]
[ADMIN] 17:19:07.044690 シナリオ走行を開始しました [シナリオ名: ログイン]
[ADMIN] 17:19:07.070308 シナリオ走行を終了しました [シナリオ名: 新規ユーザー登録]
[ADMIN] 17:19:07.070335 シナリオ走行を開始しました [シナリオ名: 新規ユーザー登録]
[ADMIN] 17:19:07.092494 シナリオ走行を終了しました [シナリオ名: ログイン]
[ADMIN] 17:19:07.092511 シナリオ走行を開始しました [シナリオ名: ログイン]
[ADMIN] 17:19:07.093330 シナリオ走行を終了しました [シナリオ名: ログイン]
[ADMIN] 17:19:07.093339 シナリオ走行を開始しました [シナリオ名: ログイン]
[ADMIN] 17:19:07.140330 シナリオ走行を終了しました [シナリオ名: ログイン]
[ADMIN] 17:19:07.140347 シナリオ走行を開始しました [シナリオ名: ログイン]
[ADMIN] 17:19:07.158153 シナリオ走行を終了しました [シナリオ名: ログイン]
[ADMIN] 17:19:07.158167 シナリオ走行を開始しました [シナリオ名: ログイン]
[ADMIN] 17:19:07.178865 シナリオ走行を終了しました [シナリオ名: Banユーザログイン]
[ADMIN] 17:19:07.178875 シナリオ走行を終了しました [シナリオ名: Banユーザログイン]
[ADMIN] 17:19:07.178886 シナリオ走行を開始しました [シナリオ名: Banユーザログイン]
[ADMIN] 17:19:07.178897 シナリオ走行を開始しました [シナリオ名: Banユーザログイン]
[ADMIN] 17:19:07.180973 シナリオ走行を終了しました [シナリオ名: Banユーザログイン]
[ADMIN] 17:19:07.180989 シナリオ走行を開始しました [シナリオ名: Banユーザログイン]
[ADMIN] 17:19:07.187863 シナリオ走行を終了しました [シナリオ名: Banユーザログイン]
[ADMIN] 17:19:07.187880 シナリオ走行を開始しました [シナリオ名: Banユーザログイン]
[ADMIN] 17:19:07.192870 シナリオ走行を終了しました [シナリオ名: 新規ユーザー登録]
[ADMIN] 17:19:07.192887 シナリオ走行を開始しました [シナリオ名: 新規ユーザー登録]
[ADMIN] 17:19:07.204040 シナリオ走行を終了しました [シナリオ名: 新規ユーザー登録]
[ADMIN] 17:19:07.204067 シナリオ走行を開始しました [シナリオ名: 新規ユーザー登録]
[ADMIN] 17:19:07.221091 シナリオ走行を終了しました [シナリオ名: ログイン]
[ADMIN] 17:19:07.221108 シナリオ走行を開始しました [シナリオ名: ログイン]
[ADMIN] 17:19:07.237464 シナリオ走行を終了しました [シナリオ名: ログイン]
[ADMIN] 17:19:07.237478 シナリオ走行を開始しました [シナリオ名: ログイン]
[ADMIN] 17:19:07.253029 シナリオ走行を終了しました [シナリオ名: ログイン]
[ADMIN] 17:19:07.253044 シナリオ走行を開始しました [シナリオ名: ログイン]
[ADMIN] 17:19:07.267716 シナリオ走行を終了しました [シナリオ名: Banユーザログイン]
[ADMIN] 17:19:07.267744 シナリオ走行を開始しました [シナリオ名: Banユーザログイン]
[ADMIN] 17:19:07.279563 シナリオ走行を終了しました [シナリオ名: ログイン]
[ADMIN] 17:19:07.279579 シナリオ走行を開始しました [シナリオ名: ログイン]
[ADMIN] 17:19:07.299078 シナリオ走行を終了しました [シナリオ名: ログイン]
[ADMIN] 17:19:07.299095 シナリオ走行を開始しました [シナリオ名: ログイン]
[ADMIN] 17:19:07.335729 シナリオ走行を終了しました [シナリオ名: ログイン]
[ADMIN] 17:19:07.335751 シナリオ走行を開始しました [シナリオ名: ログイン]
[ADMIN] 17:19:07.411200 シナリオ走行を終了しました [シナリオ名: ログイン]
[ADMIN] 17:19:07.411215 シナリオ走行を開始しました [シナリオ名: ログイン]
[ADMIN] 17:19:07.417386 シナリオ走行を終了しました [シナリオ名: ログイン]
[ADMIN] 17:19:07.417397 シナリオ走行を開始しました [シナリオ名: ログイン]
[ADMIN] 17:19:07.419291 シナリオ走行を終了しました [シナリオ名: 新規ユーザー登録]
[ADMIN] 17:19:07.419310 シナリオ走行を開始しました [シナリオ名: 新規ユーザー登録]
[ADMIN] 17:19:07.440209 シナリオ走行を終了しました [シナリオ名: 新規ユーザー登録]
[ADMIN] 17:19:07.440228 シナリオ走行を開始しました [シナリオ名: 新規ユーザー登録]
[ADMIN] 17:19:07.457782 シナリオ走行を終了しました [シナリオ名: ログイン]
[ADMIN] 17:19:07.457793 シナリオ走行を開始しました [シナリオ名: ログイン]
[ADMIN] 17:19:07.463796 シナリオ走行を終了しました [シナリオ名: ログイン]
[ADMIN] 17:19:07.463808 シナリオ走行を開始しました [シナリオ名: ログイン]
[ADMIN] 17:19:07.467082 シナリオ走行を終了しました [シナリオ名: ログイン]
[ADMIN] 17:19:07.467095 シナリオ走行を開始しました [シナリオ名: ログイン]
[ADMIN] 17:19:07.468472 シナリオ走行を終了しました [シナリオ名: 新規ユーザー登録]
[ADMIN] 17:19:07.468490 シナリオ走行を開始しました [シナリオ名: 新規ユーザー登録]
[ADMIN] 17:19:07.491261 シナリオ走行を終了しました [シナリオ名: ログイン]
[ADMIN] 17:19:07.491271 シナリオ走行を開始しました [シナリオ名: ログイン]
[ADMIN] 17:19:07.503696 シナリオ走行を終了しました [シナリオ名: ログイン]
[ADMIN] 17:19:07.503708 シナリオ走行を開始しました [シナリオ名: ログイン]
[ADMIN] 17:19:07.538089 シナリオ走行を終了しました [シナリオ名: ログイン]
[ADMIN] 17:19:07.538100 シナリオ走行を開始しました [シナリオ名: ログイン]
[ADMIN] 17:19:07.544818 シナリオ走行を終了しました [シナリオ名: ログイン]
[ADMIN] 17:19:07.544827 シナリオ走行を開始しました [シナリオ名: ログイン]
[ADMIN] 17:19:07.595793 シナリオ走行を終了しました [シナリオ名: ログイン]
[ADMIN] 17:19:07.595807 シナリオ走行を開始しました [シナリオ名: ログイン]
[ADMIN] 17:19:07.601246 シナリオ走行を終了しました [シナリオ名: 新規ユーザー登録]
[ADMIN] 17:19:07.601271 シナリオ走行を開始しました [シナリオ名: 新規ユーザー登録]
[ADMIN] 17:19:07.604207 シナリオ走行を終了しました [シナリオ名: ログイン]
[ADMIN] 17:19:07.604217 シナリオ走行を開始しました [シナリオ名: ログイン]
[ADMIN] 17:19:07.626031 シナリオ走行を終了しました [シナリオ名: ログイン]
[ADMIN] 17:19:07.626047 シナリオ走行を開始しました [シナリオ名: ログイン]
[ADMIN] 17:19:07.642270 シナリオ走行を終了しました [シナリオ名: ログイン]
[ADMIN] 17:19:07.642281 シナリオ走行を開始しました [シナリオ名: ログイン]
[ADMIN] 17:19:07.646196 シナリオ走行を終了しました [シナリオ名: 新規ユーザー登録]
[ADMIN] 17:19:07.646216 シナリオ走行を開始しました [シナリオ名: 新規ユーザー登録]
[ADMIN] 17:19:07.668303 シナリオ走行を終了しました [シナリオ名: 新規ユーザー登録]
[ADMIN] 17:19:07.668325 シナリオ走行を開始しました [シナリオ名: 新規ユーザー登録]
[ADMIN] 17:19:07.668400 シナリオ走行を終了しました [シナリオ名: ログイン]
[ADMIN] 17:19:07.668412 シナリオ走行を開始しました [シナリオ名: ログイン]
[ADMIN] 17:19:07.677077 シナリオ走行を終了しました [シナリオ名: ログイン]
[ADMIN] 17:19:07.677088 シナリオ走行を開始しました [シナリオ名: ログイン]
[ADMIN] 17:19:07.681389 シナリオ走行を終了しました [シナリオ名: Banユーザログイン]
[ADMIN] 17:19:07.681396 シナリオ走行を終了しました [シナリオ名: Banユーザログイン]
[ADMIN] 17:19:07.681399 シナリオ走行を開始しました [シナリオ名: Banユーザログイン]
[ADMIN] 17:19:07.681402 シナリオ走行を開始しました [シナリオ名: Banユーザログイン]
[ADMIN] 17:19:07.686812 シナリオ走行を終了しました [シナリオ名: ログイン]
[ADMIN] 17:19:07.686821 シナリオ走行を開始しました [シナリオ名: ログイン]
[ADMIN] 17:19:07.689891 シナリオ走行を終了しました [シナリオ名: ログイン]
[ADMIN] 17:19:07.689900 シナリオ走行を開始しました [シナリオ名: ログイン]
[ADMIN] 17:19:07.691269 シナリオ走行を終了しました [シナリオ名: Banユーザログイン]
[ADMIN] 17:19:07.691283 シナリオ走行を開始しました [シナリオ名: Banユーザログイン]
[ADMIN] 17:19:07.711968 シナリオ走行を終了しました [シナリオ名: ログイン]
[ADMIN] 17:19:07.711980 シナリオ走行を開始しました [シナリオ名: ログイン]
[ADMIN] 17:19:07.724106 シナリオ走行を終了しました [シナリオ名: Banユーザログイン]
[ADMIN] 17:19:07.724123 シナリオ走行を開始しました [シナリオ名: Banユーザログイン]
[ADMIN] 17:19:07.746357 シナリオ走行を終了しました [シナリオ名: ログイン]
[ADMIN] 17:19:07.746371 シナリオ走行を開始しました [シナリオ名: ログイン]
[ADMIN] 17:19:07.770096 シナリオ走行を終了しました [シナリオ名: Banユーザログイン]
[ADMIN] 17:19:07.770113 シナリオ走行を開始しました [シナリオ名: Banユーザログイン]
[ADMIN] 17:19:07.780785 シナリオ走行を終了しました [シナリオ名: ログイン]
[ADMIN] 17:19:07.780799 シナリオ走行を開始しました [シナリオ名: ログイン]
[ADMIN] 17:19:07.783826 シナリオ走行を終了しました [シナリオ名: ログイン]
[ADMIN] 17:19:07.783836 シナリオ走行を開始しました [シナリオ名: ログイン]
[ADMIN] 17:19:07.789608 シナリオ走行を終了しました [シナリオ名: ログイン]
[ADMIN] 17:19:07.789618 シナリオ走行を開始しました [シナリオ名: ログイン]
[ADMIN] 17:19:07.790025 シナリオ走行を終了しました [シナリオ名: 新規ユーザー登録]
[ADMIN] 17:19:07.790044 シナリオ走行を開始しました [シナリオ名: 新規ユーザー登録]
[ADMIN] 17:19:07.799301 シナリオ走行を終了しました [シナリオ名: 新規ユーザー登録]
[ADMIN] 17:19:07.799321 シナリオ走行を開始しました [シナリオ名: 新規ユーザー登録]
[ADMIN] 17:19:07.808225 シナリオ走行を終了しました [シナリオ名: 新規ユーザー登録]
[ADMIN] 17:19:07.808241 シナリオ走行を開始しました [シナリオ名: 新規ユーザー登録]
[ADMIN] 17:19:07.811325 シナリオ走行を終了しました [シナリオ名: ログイン]
[ADMIN] 17:19:07.811344 シナリオ走行を開始しました [シナリオ名: ログイン]
[ADMIN] 17:19:07.828409 シナリオ走行を終了しました [シナリオ名: ログイン]
[ADMIN] 17:19:07.828422 シナリオ走行を開始しました [シナリオ名: ログイン]
[ADMIN] 17:19:07.836974 シナリオ走行を終了しました [シナリオ名: ログイン]
[ADMIN] 17:19:07.836985 シナリオ走行を開始しました [シナリオ名: ログイン]
[ADMIN] 17:19:07.861353 シナリオ走行を終了しました [シナリオ名: ログイン]
[ADMIN] 17:19:07.861365 シナリオ走行を開始しました [シナリオ名: ログイン]
[ADMIN] 17:19:07.872684 シナリオ走行を終了しました [シナリオ名: ログイン]
[ADMIN] 17:19:07.872694 シナリオ走行を開始しました [シナリオ名: ログイン]
[ADMIN] 17:19:07.919179 シナリオ走行を終了しました [シナリオ名: ログイン]
[ADMIN] 17:19:07.919191 シナリオ走行を開始しました [シナリオ名: ログイン]
[ADMIN] 17:19:07.928923 シナリオ走行を終了しました [シナリオ名: ログイン]
[ADMIN] 17:19:07.928937 シナリオ走行を開始しました [シナリオ名: ログイン]
[ADMIN] 17:19:07.950646 シナリオ走行を終了しました [シナリオ名: ログイン]
[ADMIN] 17:19:07.950658 シナリオ走行を開始しました [シナリオ名: ログイン]
[ADMIN] 17:19:07.996712 シナリオ走行を終了しました [シナリオ名: ログイン]
[ADMIN] 17:19:07.996723 シナリオ走行を開始しました [シナリオ名: ログイン]
[ADMIN] 17:19:08.004366 シナリオ走行を終了しました [シナリオ名: 新規ユーザー登録]
[ADMIN] 17:19:08.004394 シナリオ走行を開始しました [シナリオ名: 新規ユーザー登録]
[ADMIN] 17:19:08.012660 シナリオ走行を終了しました [シナリオ名: ログイン]
[ADMIN] 17:19:08.012672 シナリオ走行を開始しました [シナリオ名: ログイン]
[ADMIN] 17:19:08.040267 シナリオ走行を終了しました [シナリオ名: ログイン]
[ADMIN] 17:19:08.040275 シナリオ走行を開始しました [シナリオ名: ログイン]
[ADMIN] 17:19:08.070132 シナリオ走行を終了しました [シナリオ名: 新規ユーザー登録]
[ADMIN] 17:19:08.070151 シナリオ走行を開始しました [シナリオ名: 新規ユーザー登録]
[ADMIN] 17:19:08.094583 シナリオ走行を終了しました [シナリオ名: 新規ユーザー登録]
[ADMIN] 17:19:08.094602 シナリオ走行を開始しました [シナリオ名: 新規ユーザー登録]
[ADMIN] 17:19:08.103004 シナリオ走行を終了しました [シナリオ名: ログイン]
[ADMIN] 17:19:08.103014 シナリオ走行を開始しました [シナリオ名: ログイン]
[ADMIN] 17:19:08.104972 シナリオ走行を終了しました [シナリオ名: ログイン]
[ADMIN] 17:19:08.104983 シナリオ走行を開始しました [シナリオ名: ログイン]
[ADMIN] 17:19:08.122445 シナリオ走行を終了しました [シナリオ名: 新規ユーザー登録]
[ADMIN] 17:19:08.122464 シナリオ走行を開始しました [シナリオ名: 新規ユーザー登録]
[ADMIN] 17:19:08.126926 シナリオ走行を終了しました [シナリオ名: ログイン]
[ADMIN] 17:19:08.126935 シナリオ走行を開始しました [シナリオ名: ログイン]
[ADMIN] 17:19:08.156506 シナリオ走行を終了しました [シナリオ名: ログイン]
[ADMIN] 17:19:08.156518 シナリオ走行を開始しました [シナリオ名: ログイン]
[ADMIN] 17:19:08.156696 シナリオ走行を終了しました [シナリオ名: ログイン]
[ADMIN] 17:19:08.156706 シナリオ走行を開始しました [シナリオ名: ログイン]
[ADMIN] 17:19:08.173727 シナリオ走行を終了しました [シナリオ名: 新規ユーザー登録]
[ADMIN] 17:19:08.173749 シナリオ走行を開始しました [シナリオ名: 新規ユーザー登録]
[ADMIN] 17:19:08.183884 シナリオ走行を終了しました [シナリオ名: Banユーザログイン]
[ADMIN] 17:19:08.183898 シナリオ走行を開始しました [シナリオ名: Banユーザログイン]
[ADMIN] 17:19:08.184279 シナリオ走行を終了しました [シナリオ名: Banユーザログイン]
[ADMIN] 17:19:08.184295 シナリオ走行を開始しました [シナリオ名: Banユーザログイン]
[ADMIN] 17:19:08.195964 シナリオ走行を終了しました [シナリオ名: Banユーザログイン]
[ADMIN] 17:19:08.195977 シナリオ走行を開始しました [シナリオ名: Banユーザログイン]
[ADMIN] 17:19:08.209232 シナリオ走行を終了しました [シナリオ名: ログイン]
[ADMIN] 17:19:08.209243 シナリオ走行を開始しました [シナリオ名: ログイン]
[ADMIN] 17:19:08.231118 シナリオ走行を終了しました [シナリオ名: Banユーザログイン]
[ADMIN] 17:19:08.231133 シナリオ走行を開始しました [シナリオ名: Banユーザログイン]
[ADMIN] 17:19:08.238767 シナリオ走行を終了しました [シナリオ名: 新規ユーザー登録]
[ADMIN] 17:19:08.238784 シナリオ走行を開始しました [シナリオ名: 新規ユーザー登録]
[ADMIN] 17:19:08.243814 シナリオ走行を終了しました [シナリオ名: ログイン]
[ADMIN] 17:19:08.243822 シナリオ走行を開始しました [シナリオ名: ログイン]
[ADMIN] 17:19:08.254175 シナリオ走行を終了しました [シナリオ名: ログイン]
[ADMIN] 17:19:08.254184 シナリオ走行を開始しました [シナリオ名: ログイン]
[ADMIN] 17:19:08.259460 シナリオ走行を終了しました [シナリオ名: ログイン]
[ADMIN] 17:19:08.259470 シナリオ走行を開始しました [シナリオ名: ログイン]
[ADMIN] 17:19:08.274639 シナリオ走行を終了しました [シナリオ名: Banユーザログイン]
[ADMIN] 17:19:08.274654 シナリオ走行を開始しました [シナリオ名: Banユーザログイン]
[ADMIN] 17:19:08.295973 シナリオ走行を終了しました [シナリオ名: ログイン]
[ADMIN] 17:19:08.295985 シナリオ走行を開始しました [シナリオ名: ログイン]
[ADMIN] 17:19:08.297247 シナリオ走行を終了しました [シナリオ名: ログイン]
[ADMIN] 17:19:08.297257 シナリオ走行を開始しました [シナリオ名: ログイン]
[ADMIN] 17:19:08.310632 シナリオ走行を終了しました [シナリオ名: ログイン]
[ADMIN] 17:19:08.310644 シナリオ走行を開始しました [シナリオ名: ログイン]
[ADMIN] 17:19:08.322657 シナリオ走行を終了しました [シナリオ名: ログイン]
[ADMIN] 17:19:08.322669 シナリオ走行を開始しました [シナリオ名: ログイン]
[ADMIN] 17:19:08.332501 シナリオ走行を終了しました [シナリオ名: ログイン]
[ADMIN] 17:19:08.332511 シナリオ走行を開始しました [シナリオ名: ログイン]
[ADMIN] 17:19:08.353758 シナリオ走行を終了しました [シナリオ名: ログイン]
[ADMIN] 17:19:08.353770 シナリオ走行を開始しました [シナリオ名: ログイン]
[ADMIN] 17:19:08.360196 シナリオ走行を終了しました [シナリオ名: 新規ユーザー登録]
[ADMIN] 17:19:08.360219 シナリオ走行を開始しました [シナリオ名: 新規ユーザー登録]
[ADMIN] 17:19:08.373487 シナリオ走行を終了しました [シナリオ名: ログイン]
[ADMIN] 17:19:08.373498 シナリオ走行を開始しました [シナリオ名: ログイン]
[ADMIN] 17:19:08.380636 シナリオ走行を終了しました [シナリオ名: ログイン]
[ADMIN] 17:19:08.380647 シナリオ走行を開始しました [シナリオ名: ログイン]
[ADMIN] 17:19:08.400827 シナリオ走行を終了しました [シナリオ名: ログイン]
[ADMIN] 17:19:08.400837 シナリオ走行を開始しました [シナリオ名: ログイン]
[ADMIN] 17:19:08.430783 シナリオ走行を終了しました [シナリオ名: ログイン]
[ADMIN] 17:19:08.430804 シナリオ走行を開始しました [シナリオ名: ログイン]
[ADMIN] 17:19:08.433585 シナリオ走行を終了しました [シナリオ名: ログイン]
[ADMIN] 17:19:08.433594 シナリオ走行を開始しました [シナリオ名: ログイン]
[ADMIN] 17:19:08.445050 シナリオ走行を終了しました [シナリオ名: 新規ユーザー登録]
[ADMIN] 17:19:08.445070 シナリオ走行を開始しました [シナリオ名: 新規ユーザー登録]
[ADMIN] 17:19:08.458458 シナリオ走行を終了しました [シナリオ名: ログイン]
[ADMIN] 17:19:08.458468 シナリオ走行を開始しました [シナリオ名: ログイン]
[ADMIN] 17:19:08.467435 シナリオ走行を終了しました [シナリオ名: ログイン]
[ADMIN] 17:19:08.467446 シナリオ走行を開始しました [シナリオ名: ログイン]
[ADMIN] 17:19:08.470757 シナリオ走行を終了しました [シナリオ名: 新規ユーザー登録]
[ADMIN] 17:19:08.470772 シナリオ走行を開始しました [シナリオ名: 新規ユーザー登録]
[ADMIN] 17:19:08.473426 シナリオ走行を終了しました [シナリオ名: ログイン]
[ADMIN] 17:19:08.473433 シナリオ走行を開始しました [シナリオ名: ログイン]
[ADMIN] 17:19:08.514359 シナリオ走行を終了しました [シナリオ名: ログイン]
[ADMIN] 17:19:08.514374 シナリオ走行を開始しました [シナリオ名: ログイン]
[ADMIN] 17:19:08.547974 シナリオ走行を終了しました [シナリオ名: 新規ユーザー登録]
[ADMIN] 17:19:08.548003 シナリオ走行を開始しました [シナリオ名: 新規ユーザー登録]
[ADMIN] 17:19:08.576633 シナリオ走行を終了しました [シナリオ名: ログイン]
[ADMIN] 17:19:08.576653 シナリオ走行を開始しました [シナリオ名: ログイン]
[ADMIN] 17:19:08.586547 シナリオ走行を終了しました [シナリオ名: ログイン]
[ADMIN] 17:19:08.586557 シナリオ走行を開始しました [シナリオ名: ログイン]
[ADMIN] 17:19:08.627739 シナリオ走行を終了しました [シナリオ名: 新規ユーザー登録]
[ADMIN] 17:19:08.627760 シナリオ走行を開始しました [シナリオ名: 新規ユーザー登録]
[ADMIN] 17:19:08.635115 シナリオ走行を終了しました [シナリオ名: 新規ユーザー登録]
[ADMIN] 17:19:08.635138 シナリオ走行を開始しました [シナリオ名: 新規ユーザー登録]
[ADMIN] 17:19:08.661818 シナリオ走行を終了しました [シナリオ名: 新規ユーザー登録]
[ADMIN] 17:19:08.661838 シナリオ走行を開始しました [シナリオ名: 新規ユーザー登録]
[ADMIN] 17:19:08.668632 シナリオ走行を終了しました [シナリオ名: ログイン]
[ADMIN] 17:19:08.668643 シナリオ走行を開始しました [シナリオ名: ログイン]
[ADMIN] 17:19:08.684966 シナリオ走行を終了しました [シナリオ名: ログイン]
[ADMIN] 17:19:08.684977 シナリオ走行を開始しました [シナリオ名: ログイン]
[ADMIN] 17:19:08.689487 シナリオ走行を終了しました [シナリオ名: Banユーザログイン]
[ADMIN] 17:19:08.689500 シナリオ走行を開始しました [シナリオ名: Banユーザログイン]
[ADMIN] 17:19:08.689554 シナリオ走行を終了しました [シナリオ名: ログイン]
[ADMIN] 17:19:08.689564 シナリオ走行を開始しました [シナリオ名: ログイン]
[ADMIN] 17:19:08.689889 シナリオ走行を終了しました [シナリオ名: Banユーザログイン]
[ADMIN] 17:19:08.689910 シナリオ走行を開始しました [シナリオ名: Banユーザログイン]
[ADMIN] 17:19:08.699897 シナリオ走行を終了しました [シナリオ名: Banユーザログイン]
[ADMIN] 17:19:08.699912 シナリオ走行を開始しました [シナリオ名: Banユーザログイン]
[ADMIN] 17:19:08.703418 シナリオ走行を終了しました [シナリオ名: ログイン]
[ADMIN] 17:19:08.703427 シナリオ走行を開始しました [シナリオ名: ログイン]
[ADMIN] 17:19:08.707841 シナリオ走行を終了しました [シナリオ名: ログイン]
[ADMIN] 17:19:08.707851 シナリオ走行を開始しました [シナリオ名: ログイン]
[ADMIN] 17:19:08.719279 シナリオ走行を終了しました [シナリオ名: 新規ユーザー登録]
[ADMIN] 17:19:08.719296 シナリオ走行を開始しました [シナリオ名: 新規ユーザー登録]
[ADMIN] 17:19:08.730717 シナリオ走行を終了しました [シナリオ名: ログイン]
[ADMIN] 17:19:08.730727 シナリオ走行を開始しました [シナリオ名: ログイン]
[ADMIN] 17:19:08.734259 シナリオ走行を終了しました [シナリオ名: Banユーザログイン]
[ADMIN] 17:19:08.734275 シナリオ走行を開始しました [シナリオ名: Banユーザログイン]
[ADMIN] 17:19:08.745225 シナリオ走行を終了しました [シナリオ名: 新規ユーザー登録]
[ADMIN] 17:19:08.745247 シナリオ走行を開始しました [シナリオ名: 新規ユーザー登録]
[ADMIN] 17:19:08.756979 シナリオ走行を終了しました [シナリオ名: ログイン]
[ADMIN] 17:19:08.756988 シナリオ走行を開始しました [シナリオ名: ログイン]
[ADMIN] 17:19:08.777149 シナリオ走行を終了しました [シナリオ名: Banユーザログイン]
[ADMIN] 17:19:08.777163 シナリオ走行を開始しました [シナリオ名: Banユーザログイン]
[ADMIN] 17:19:08.787551 シナリオ走行を終了しました [シナリオ名: ログイン]
[ADMIN] 17:19:08.787562 シナリオ走行を開始しました [シナリオ名: ログイン]
[ADMIN] 17:19:08.806852 シナリオ走行を終了しました [シナリオ名: 新規ユーザー登録]
[ADMIN] 17:19:08.806873 シナリオ走行を開始しました [シナリオ名: 新規ユーザー登録]
[ADMIN] 17:19:08.851856 シナリオ走行を終了しました [シナリオ名: ログイン]
[ADMIN] 17:19:08.851871 シナリオ走行を開始しました [シナリオ名: ログイン]
[ADMIN] 17:19:08.851928 シナリオ走行を終了しました [シナリオ名: ログイン]
[ADMIN] 17:19:08.851936 シナリオ走行を開始しました [シナリオ名: ログイン]
[ADMIN] 17:19:08.883089 シナリオ走行を終了しました [シナリオ名: ログイン]
[ADMIN] 17:19:08.883102 シナリオ走行を開始しました [シナリオ名: ログイン]
[ADMIN] 17:19:08.892791 シナリオ走行を終了しました [シナリオ名: ログイン]
[ADMIN] 17:19:08.892805 シナリオ走行を開始しました [シナリオ名: ログイン]
[ADMIN] 17:19:08.914284 シナリオ走行を終了しました [シナリオ名: ログイン]
[ADMIN] 17:19:08.914297 シナリオ走行を開始しました [シナリオ名: ログイン]
[ADMIN] 17:19:08.928621 シナリオ走行を終了しました [シナリオ名: 新規ユーザー登録]
[ADMIN] 17:19:08.928641 シナリオ走行を開始しました [シナリオ名: 新規ユーザー登録]
[ADMIN] 17:19:08.933037 シナリオ走行を終了しました [シナリオ名: ログイン]
[ADMIN] 17:19:08.933046 シナリオ走行を開始しました [シナリオ名: ログイン]
[ADMIN] 17:19:08.943493 シナリオ走行を終了しました [シナリオ名: ログイン]
[ADMIN] 17:19:08.943503 シナリオ走行を開始しました [シナリオ名: ログイン]
[ADMIN] 17:19:08.945279 シナリオ走行を終了しました [シナリオ名: ログイン]
[ADMIN] 17:19:08.945287 シナリオ走行を開始しました [シナリオ名: ログイン]
[ADMIN] 17:19:08.997319 シナリオ走行を終了しました [シナリオ名: ログイン]
[ADMIN] 17:19:08.997336 シナリオ走行を開始しました [シナリオ名: ログイン]
[ADMIN] 17:19:09.001376 シナリオ走行を終了しました [シナリオ名: 新規ユーザー登録]
[ADMIN] 17:19:09.001397 シナリオ走行を開始しました [シナリオ名: 新規ユーザー登録]
[ADMIN] 17:19:09.030261 シナリオ走行を終了しました [シナリオ名: ログイン]
[ADMIN] 17:19:09.030274 シナリオ走行を開始しました [シナリオ名: ログイン]
[ADMIN] 17:19:09.042499 シナリオ走行を終了しました [シナリオ名: 新規ユーザー登録]
[ADMIN] 17:19:09.042519 シナリオ走行を開始しました [シナリオ名: 新規ユーザー登録]
[ADMIN] 17:19:09.056432 シナリオ走行を終了しました [シナリオ名: ログイン]
[ADMIN] 17:19:09.056442 シナリオ走行を開始しました [シナリオ名: ログイン]
[ADMIN] 17:19:09.102814 シナリオ走行を終了しました [シナリオ名: ログイン]
[ADMIN] 17:19:09.102828 シナリオ走行を開始しました [シナリオ名: ログイン]
[ADMIN] 17:19:09.105861 シナリオ走行を終了しました [シナリオ名: 新規ユーザー登録]
[ADMIN] 17:19:09.105884 シナリオ走行を開始しました [シナリオ名: 新規ユーザー登録]
[ADMIN] 17:19:09.107773 シナリオ走行を終了しました [シナリオ名: 新規ユーザー登録]
[ADMIN] 17:19:09.107789 シナリオ走行を開始しました [シナリオ名: 新規ユーザー登録]
[ADMIN] 17:19:09.164270 シナリオ走行を終了しました [シナリオ名: ログイン]
[ADMIN] 17:19:09.164282 シナリオ走行を開始しました [シナリオ名: ログイン]
[ADMIN] 17:19:09.171446 シナリオ走行を終了しました [シナリオ名: 新規ユーザー登録]
[ADMIN] 17:19:09.171466 シナリオ走行を開始しました [シナリオ名: 新規ユーザー登録]
[ADMIN] 17:19:09.187343 シナリオ走行を終了しました [シナリオ名: 新規ユーザー登録]
[ADMIN] 17:19:09.187385 シナリオ走行を開始しました [シナリオ名: 新規ユーザー登録]
[ADMIN] 17:19:09.192277 シナリオ走行を終了しました [シナリオ名: Banユーザログイン]
[ADMIN] 17:19:09.192291 シナリオ走行を開始しました [シナリオ名: Banユーザログイン]
[ADMIN] 17:19:09.202375 シナリオ走行を終了しました [シナリオ名: Banユーザログイン]
[ADMIN] 17:19:09.202386 シナリオ走行を開始しました [シナリオ名: Banユーザログイン]
[ADMIN] 17:19:09.206506 シナリオ走行を終了しました [シナリオ名: Banユーザログイン]
[ADMIN] 17:19:09.206519 シナリオ走行を開始しました [シナリオ名: Banユーザログイン]
[ADMIN] 17:19:09.226821 シナリオ走行を終了しました [シナリオ名: 新規ユーザー登録]
[ADMIN] 17:19:09.226843 シナリオ走行を開始しました [シナリオ名: 新規ユーザー登録]
[ADMIN] 17:19:09.250736 シナリオ走行を終了しました [シナリオ名: ログイン]
[ADMIN] 17:19:09.250747 シナリオ走行を開始しました [シナリオ名: ログイン]
[ADMIN] 17:19:09.252352 シナリオ走行を終了しました [シナリオ名: ログイン]
[ADMIN] 17:19:09.252360 シナリオ走行を開始しました [シナリオ名: ログイン]
[ADMIN] 17:19:09.262257 シナリオ走行を終了しました [シナリオ名: 新規ユーザー登録]
[ADMIN] 17:19:09.262278 シナリオ走行を開始しました [シナリオ名: 新規ユーザー登録]
[ADMIN] 17:19:09.267765 シナリオ走行を終了しました [シナリオ名: Banユーザログイン]
[ADMIN] 17:19:09.267781 シナリオ走行を開始しました [シナリオ名: Banユーザログイン]
[ADMIN] 17:19:09.268088 シナリオ走行を終了しました [シナリオ名: ログイン]
[ADMIN] 17:19:09.268098 シナリオ走行を開始しました [シナリオ名: ログイン]
[ADMIN] 17:19:09.279452 シナリオ走行を終了しました [シナリオ名: ログイン]
[ADMIN] 17:19:09.279466 シナリオ走行を開始しました [シナリオ名: ログイン]
[ADMIN] 17:19:09.279649 シナリオ走行を終了しました [シナリオ名: Banユーザログイン]
[ADMIN] 17:19:09.279667 シナリオ走行を開始しました [シナリオ名: Banユーザログイン]
[ADMIN] 17:19:09.298495 シナリオ走行を終了しました [シナリオ名: 新規ユーザー登録]
[ADMIN] 17:19:09.298515 シナリオ走行を開始しました [シナリオ名: 新規ユーザー登録]
[ADMIN] 17:19:09.304784 シナリオ走行を終了しました [シナリオ名: ログイン]
[ADMIN] 17:19:09.304793 シナリオ走行を開始しました [シナリオ名: ログイン]
[ADMIN] 17:19:09.308585 シナリオ走行を終了しました [シナリオ名: ログイン]
[ADMIN] 17:19:09.308593 シナリオ走行を開始しました [シナリオ名: ログイン]
[ADMIN] 17:19:09.321634 シナリオ走行を終了しました [シナリオ名: ログイン]
[ADMIN] 17:19:09.321645 シナリオ走行を開始しました [シナリオ名: ログイン]
[ADMIN] 17:19:09.321812 シナリオ走行を終了しました [シナリオ名: ログイン]
[ADMIN] 17:19:09.321820 シナリオ走行を開始しました [シナリオ名: ログイン]
[ADMIN] 17:19:09.329880 シナリオ走行を終了しました [シナリオ名: ログイン]
[ADMIN] 17:19:09.329889 シナリオ走行を開始しました [シナリオ名: ログイン]
[ADMIN] 17:19:09.331623 シナリオ走行を終了しました [シナリオ名: ログイン]
[ADMIN] 17:19:09.331634 シナリオ走行を開始しました [シナリオ名: ログイン]
[ADMIN] 17:19:09.342757 シナリオ走行を終了しました [シナリオ名: ログイン]
[ADMIN] 17:19:09.342768 シナリオ走行を開始しました [シナリオ名: ログイン]
[ADMIN] 17:19:09.343038 シナリオ走行を終了しました [シナリオ名: ログイン]
[ADMIN] 17:19:09.343048 シナリオ走行を開始しました [シナリオ名: ログイン]
[ADMIN] 17:19:09.365732 シナリオ走行を終了しました [シナリオ名: 新規ユーザー登録]
[ADMIN] 17:19:09.365758 シナリオ走行を開始しました [シナリオ名: 新規ユーザー登録]
[ADMIN] 17:19:09.385244 シナリオ走行を終了しました [シナリオ名: ログイン]
[ADMIN] 17:19:09.385255 シナリオ走行を開始しました [シナリオ名: ログイン]
[ADMIN] 17:19:09.398911 シナリオ走行を終了しました [シナリオ名: ログイン]
[ADMIN] 17:19:09.398922 シナリオ走行を開始しました [シナリオ名: ログイン]
[ADMIN] 17:19:09.409416 シナリオ走行を終了しました [シナリオ名: ログイン]
[ADMIN] 17:19:09.409428 シナリオ走行を開始しました [シナリオ名: ログイン]
[ADMIN] 17:19:09.414142 シナリオ走行を終了しました [シナリオ名: ログイン]
[ADMIN] 17:19:09.414153 シナリオ走行を開始しました [シナリオ名: ログイン]
[ADMIN] 17:19:09.440875 シナリオ走行を終了しました [シナリオ名: ログイン]
[ADMIN] 17:19:09.440885 シナリオ走行を開始しました [シナリオ名: ログイン]
[ADMIN] 17:19:09.489049 シナリオ走行を終了しました [シナリオ名: ログイン]
[ADMIN] 17:19:09.489064 シナリオ走行を開始しました [シナリオ名: ログイン]
[ADMIN] 17:19:09.489084 シナリオ走行を終了しました [シナリオ名: ログイン]
[ADMIN] 17:19:09.489089 シナリオ走行を開始しました [シナリオ名: ログイン]
[ADMIN] 17:19:09.489126 シナリオ走行を終了しました [シナリオ名: ログイン]
[ADMIN] 17:19:09.489137 シナリオ走行を開始しました [シナリオ名: ログイン]
[ADMIN] 17:19:09.501290 シナリオ走行を終了しました [シナリオ名: ログイン]
[ADMIN] 17:19:09.501302 シナリオ走行を開始しました [シナリオ名: ログイン]
[ADMIN] 17:19:09.544747 シナリオ走行を終了しました [シナリオ名: 新規ユーザー登録]
[ADMIN] 17:19:09.544777 シナリオ走行を開始しました [シナリオ名: 新規ユーザー登録]
[ADMIN] 17:19:09.552376 シナリオ走行を終了しました [シナリオ名: ログイン]
[ADMIN] 17:19:09.552388 シナリオ走行を開始しました [シナリオ名: ログイン]
[ADMIN] 17:19:09.566594 シナリオ走行を終了しました [シナリオ名: ログイン]
[ADMIN] 17:19:09.566604 シナリオ走行を開始しました [シナリオ名: ログイン]
[ADMIN] 17:19:09.610638 シナリオ走行を終了しました [シナリオ名: ログイン]
[ADMIN] 17:19:09.610655 シナリオ走行を開始しました [シナリオ名: ログイン]
[ADMIN] 17:19:09.618743 シナリオ走行を終了しました [シナリオ名: 新規ユーザー登録]
[ADMIN] 17:19:09.618764 シナリオ走行を開始しました [シナリオ名: 新規ユーザー登録]
[ADMIN] 17:19:09.627494 シナリオ走行を終了しました [シナリオ名: ログイン]
[ADMIN] 17:19:09.627507 シナリオ走行を開始しました [シナリオ名: ログイン]
[ADMIN] 17:19:09.636764 シナリオ走行を終了しました [シナリオ名: ログイン]
[ADMIN] 17:19:09.636776 シナリオ走行を開始しました [シナリオ名: ログイン]
[ADMIN] 17:19:09.655350 シナリオ走行を終了しました [シナリオ名: ログイン]
[ADMIN] 17:19:09.655364 シナリオ走行を開始しました [シナリオ名: ログイン]
[ADMIN] 17:19:09.671351 シナリオ走行を終了しました [シナリオ名: ログイン]
[ADMIN] 17:19:09.671363 シナリオ走行を開始しました [シナリオ名: ログイン]
[ADMIN] 17:19:09.697982 シナリオ走行を終了しました [シナリオ名: ログイン]
[ADMIN] 17:19:09.697997 シナリオ走行を開始しました [シナリオ名: ログイン]
[ADMIN] 17:19:09.698267 シナリオ走行を終了しました [シナリオ名: ログイン]
[ADMIN] 17:19:09.698278 シナリオ走行を開始しました [シナリオ名: ログイン]
[ADMIN] 17:19:09.705748 シナリオ走行を終了しました [シナリオ名: ログイン]
[ADMIN] 17:19:09.705757 シナリオ走行を開始しました [シナリオ名: ログイン]
[ADMIN] 17:19:09.707986 シナリオ走行を終了しました [シナリオ名: Banユーザログイン]
[ADMIN] 17:19:09.708003 シナリオ走行を開始しました [シナリオ名: Banユーザログイン]
[ADMIN] 17:19:09.712059 シナリオ走行を終了しました [シナリオ名: Banユーザログイン]
[ADMIN] 17:19:09.712071 シナリオ走行を開始しました [シナリオ名: Banユーザログイン]
[ADMIN] 17:19:09.719217 シナリオ走行を終了しました [シナリオ名: ログイン]
[ADMIN] 17:19:09.719225 シナリオ走行を開始しました [シナリオ名: ログイン]
[ADMIN] 17:19:09.753095 シナリオ走行を終了しました [シナリオ名: ログイン]
[ADMIN] 17:19:09.753108 シナリオ走行を開始しました [シナリオ名: ログイン]
[ADMIN] 17:19:09.754308 シナリオ走行を終了しました [シナリオ名: ログイン]
[ADMIN] 17:19:09.754318 シナリオ走行を開始しました [シナリオ名: ログイン]
[ADMIN] 17:19:09.779290 シナリオ走行を終了しました [シナリオ名: Banユーザログイン]
[ADMIN] 17:19:09.779314 シナリオ走行を開始しました [シナリオ名: Banユーザログイン]
[ADMIN] 17:19:09.783904 シナリオ走行を終了しました [シナリオ名: Banユーザログイン]
[ADMIN] 17:19:09.783921 シナリオ走行を開始しました [シナリオ名: Banユーザログイン]
[ADMIN] 17:19:09.789964 シナリオ走行を終了しました [シナリオ名: 新規ユーザー登録]
[ADMIN] 17:19:09.789988 シナリオ走行を開始しました [シナリオ名: 新規ユーザー登録]
[ADMIN] 17:19:09.797173 シナリオ走行を終了しました [シナリオ名: 新規ユーザー登録]
[ADMIN] 17:19:09.797189 シナリオ走行を開始しました [シナリオ名: 新規ユーザー登録]
[ADMIN] 17:19:09.798135 シナリオ走行を終了しました [シナリオ名: 新規ユーザー登録]
[ADMIN] 17:19:09.798150 シナリオ走行を開始しました [シナリオ名: 新規ユーザー登録]
[ADMIN] 17:19:09.802669 シナリオ走行を終了しました [シナリオ名: ログイン]
[ADMIN] 17:19:09.802680 シナリオ走行を開始しました [シナリオ名: ログイン]
[ADMIN] 17:19:09.803467 シナリオ走行を終了しました [シナリオ名: ログイン]
[ADMIN] 17:19:09.803474 シナリオ走行を開始しました [シナリオ名: ログイン]
[ADMIN] 17:19:09.804674 シナリオ走行を終了しました [シナリオ名: Banユーザログイン]
[ADMIN] 17:19:09.804686 シナリオ走行を開始しました [シナリオ名: Banユーザログイン]
[ADMIN] 17:19:09.818520 シナリオ走行を終了しました [シナリオ名: 新規ユーザー登録]
[ADMIN] 17:19:09.818538 シナリオ走行を開始しました [シナリオ名: 新規ユーザー登録]
[ADMIN] 17:19:09.872374 シナリオ走行を終了しました [シナリオ名: 新規ユーザー登録]
[ADMIN] 17:19:09.872391 シナリオ走行を開始しました [シナリオ名: 新規ユーザー登録]
[ADMIN] 17:19:09.892166 シナリオ走行を終了しました [シナリオ名: ログイン]
[ADMIN] 17:19:09.892178 シナリオ走行を開始しました [シナリオ名: ログイン]
[ADMIN] 17:19:09.949293 シナリオ走行を終了しました [シナリオ名: ログイン]
[ADMIN] 17:19:09.949308 シナリオ走行を開始しました [シナリオ名: ログイン]
[ADMIN] 17:19:10.022819 シナリオ走行を終了しました [シナリオ名: ログイン]
[ADMIN] 17:19:10.022833 シナリオ走行を開始しました [シナリオ名: ログイン]
[ADMIN] 17:19:10.030465 シナリオ走行を終了しました [シナリオ名: 新規ユーザー登録]
[ADMIN] 17:19:10.030488 シナリオ走行を開始しました [シナリオ名: 新規ユーザー登録]
[ADMIN] 17:19:10.059591 シナリオ走行を終了しました [シナリオ名: ログイン]
[ADMIN] 17:19:10.059603 シナリオ走行を開始しました [シナリオ名: ログイン]
[ADMIN] 17:19:10.073941 シナリオ走行を終了しました [シナリオ名: ログイン]
[ADMIN] 17:19:10.073952 シナリオ走行を開始しました [シナリオ名: ログイン]
[ADMIN] 17:19:10.093584 シナリオ走行を終了しました [シナリオ名: 新規ユーザー登録]
[ADMIN] 17:19:10.093610 シナリオ走行を開始しました [シナリオ名: 新規ユーザー登録]
[ADMIN] 17:19:10.106548 シナリオ走行を終了しました [シナリオ名: ログイン]
[ADMIN] 17:19:10.106562 シナリオ走行を開始しました [シナリオ名: ログイン]
[ADMIN] 17:19:10.106983 シナリオ走行を終了しました [シナリオ名: ログイン]
[ADMIN] 17:19:10.106995 シナリオ走行を開始しました [シナリオ名: ログイン]
[ADMIN] 17:19:10.122651 シナリオ走行を終了しました [シナリオ名: ログイン]
[ADMIN] 17:19:10.122659 シナリオ走行を開始しました [シナリオ名: ログイン]
[ADMIN] 17:19:10.125115 シナリオ走行を終了しました [シナリオ名: ログイン]
[ADMIN] 17:19:10.125125 シナリオ走行を開始しました [シナリオ名: ログイン]
[ADMIN] 17:19:10.128338 シナリオ走行を終了しました [シナリオ名: ログイン]
[ADMIN] 17:19:10.128347 シナリオ走行を開始しました [シナリオ名: ログイン]
[ADMIN] 17:19:10.159300 シナリオ走行を終了しました [シナリオ名: ログイン]
[ADMIN] 17:19:10.159312 シナリオ走行を開始しました [シナリオ名: ログイン]
[ADMIN] 17:19:10.162938 シナリオ走行を終了しました [シナリオ名: ログイン]
[ADMIN] 17:19:10.162946 シナリオ走行を開始しました [シナリオ名: ログイン]
[ADMIN] 17:19:10.163232 シナリオ走行を終了しました [シナリオ名: ログイン]
[ADMIN] 17:19:10.163242 シナリオ走行を開始しました [シナリオ名: ログイン]
[ADMIN] 17:19:10.192294 シナリオ走行を終了しました [シナリオ名: ログイン]
[ADMIN] 17:19:10.192315 シナリオ走行を開始しました [シナリオ名: ログイン]
[ADMIN] 17:19:10.210260 シナリオ走行を終了しました [シナリオ名: Banユーザログイン]
[ADMIN] 17:19:10.210274 シナリオ走行を開始しました [シナリオ名: Banユーザログイン]
[ADMIN] 17:19:10.214516 シナリオ走行を終了しました [シナリオ名: Banユーザログイン]
[ADMIN] 17:19:10.214530 シナリオ走行を開始しました [シナリオ名: Banユーザログイン]
[ADMIN] 17:19:10.218562 シナリオ走行を終了しました [シナリオ名: ログイン]
[ADMIN] 17:19:10.218571 シナリオ走行を開始しました [シナリオ名: ログイン]
[ADMIN] 17:19:10.228723 シナリオ走行を終了しました [シナリオ名: 新規ユーザー登録]
[ADMIN] 17:19:10.228740 シナリオ走行を開始しました [シナリオ名: 新規ユーザー登録]
[ADMIN] 17:19:10.249956 シナリオ走行を終了しました [シナリオ名: 新規ユーザー登録]
[ADMIN] 17:19:10.249977 シナリオ走行を開始しました [シナリオ名: 新規ユーザー登録]
[ADMIN] 17:19:10.264084 シナリオ走行を終了しました [シナリオ名: ログイン]
[ADMIN] 17:19:10.264094 シナリオ走行を開始しました [シナリオ名: ログイン]
[ADMIN] 17:19:10.265511 シナリオ走行を終了しました [シナリオ名: ログイン]
[ADMIN] 17:19:10.265519 シナリオ走行を開始しました [シナリオ名: ログイン]
[ADMIN] 17:19:10.273152 シナリオ走行を終了しました [シナリオ名: ログイン]
[ADMIN] 17:19:10.273162 シナリオ走行を開始しました [シナリオ名: ログイン]
[ADMIN] 17:19:10.281498 シナリオ走行を終了しました [シナリオ名: Banユーザログイン]
[ADMIN] 17:19:10.281512 シナリオ走行を開始しました [シナリオ名: Banユーザログイン]
[ADMIN] 17:19:10.286530 シナリオ走行を終了しました [シナリオ名: Banユーザログイン]
[ADMIN] 17:19:10.286573 シナリオ走行を開始しました [シナリオ名: Banユーザログイン]
[ADMIN] 17:19:10.288051 シナリオ走行を終了しました [シナリオ名: 新規ユーザー登録]
[ADMIN] 17:19:10.288071 シナリオ走行を開始しました [シナリオ名: 新規ユーザー登録]
[ADMIN] 17:19:10.301275 シナリオ走行を終了しました [シナリオ名: 新規ユーザー登録]
[ADMIN] 17:19:10.301290 シナリオ走行を開始しました [シナリオ名: 新規ユーザー登録]
[ADMIN] 17:19:10.303238 シナリオ走行を終了しました [シナリオ名: ログイン]
[ADMIN] 17:19:10.303247 シナリオ走行を開始しました [シナリオ名: ログイン]
[ADMIN] 17:19:10.312525 シナリオ走行を終了しました [シナリオ名: 新規ユーザー登録]
[ADMIN] 17:19:10.312540 シナリオ走行を開始しました [シナリオ名: 新規ユーザー登録]
[ADMIN] 17:19:10.314982 シナリオ走行を終了しました [シナリオ名: Banユーザログイン]
[ADMIN] 17:19:10.314997 シナリオ走行を開始しました [シナリオ名: Banユーザログイン]
[ADMIN] 17:19:10.344826 シナリオ走行を終了しました [シナリオ名: ログイン]
[ADMIN] 17:19:10.344837 シナリオ走行を開始しました [シナリオ名: ログイン]
[ADMIN] 17:19:10.346749 シナリオ走行を終了しました [シナリオ名: 新規ユーザー登録]
[ADMIN] 17:19:10.346771 シナリオ走行を開始しました [シナリオ名: 新規ユーザー登録]
[ADMIN] 17:19:10.348402 シナリオ走行を終了しました [シナリオ名: ログイン]
[ADMIN] 17:19:10.348411 シナリオ走行を開始しました [シナリオ名: ログイン]
[ADMIN] 17:19:10.369870 シナリオ走行を終了しました [シナリオ名: ログイン]
[ADMIN] 17:19:10.369881 シナリオ走行を開始しました [シナリオ名: ログイン]
[ADMIN] 17:19:10.398001 シナリオ走行を終了しました [シナリオ名: ログイン]
[ADMIN] 17:19:10.398021 シナリオ走行を開始しました [シナリオ名: ログイン]
[ADMIN] 17:19:10.438256 シナリオ走行を終了しました [シナリオ名: 新規ユーザー登録]
[ADMIN] 17:19:10.438279 シナリオ走行を開始しました [シナリオ名: 新規ユーザー登録]
[ADMIN] 17:19:10.457044 シナリオ走行を終了しました [シナリオ名: 新規ユーザー登録]
[ADMIN] 17:19:10.457068 シナリオ走行を終了しました [シナリオ名: 新規ユーザー登録]
[ADMIN] 17:19:10.457084 シナリオ走行を開始しました [シナリオ名: 新規ユーザー登録]
[ADMIN] 17:19:10.457068 シナリオ走行を開始しました [シナリオ名: 新規ユーザー登録]
[ADMIN] 17:19:10.470519 シナリオ走行を終了しました [シナリオ名: ログイン]
[ADMIN] 17:19:10.470530 シナリオ走行を開始しました [シナリオ名: ログイン]
[ADMIN] 17:19:10.489324 シナリオ走行を終了しました [シナリオ名: ログイン]
[ADMIN] 17:19:10.489335 シナリオ走行を開始しました [シナリオ名: ログイン]
[ADMIN] 17:19:10.514869 シナリオ走行を終了しました [シナリオ名: ログイン]
[ADMIN] 17:19:10.514880 シナリオ走行を開始しました [シナリオ名: ログイン]
[ADMIN] 17:19:10.521177 シナリオ走行を終了しました [シナリオ名: ログイン]
[ADMIN] 17:19:10.521186 シナリオ走行を開始しました [シナリオ名: ログイン]
[ADMIN] 17:19:10.532644 シナリオ走行を終了しました [シナリオ名: ログイン]
[ADMIN] 17:19:10.532654 シナリオ走行を開始しました [シナリオ名: ログイン]
[ADMIN] 17:19:10.561266 シナリオ走行を終了しました [シナリオ名: ログイン]
[ADMIN] 17:19:10.561279 シナリオ走行を開始しました [シナリオ名: ログイン]
[ADMIN] 17:19:10.561325 シナリオ走行を終了しました [シナリオ名: ログイン]
[ADMIN] 17:19:10.561335 シナリオ走行を開始しました [シナリオ名: ログイン]
[ADMIN] 17:19:10.574692 シナリオ走行を終了しました [シナリオ名: 新規ユーザー登録]
[ADMIN] 17:19:10.574711 シナリオ走行を開始しました [シナリオ名: 新規ユーザー登録]
[ADMIN] 17:19:10.579855 シナリオ走行を終了しました [シナリオ名: ログイン]
[ADMIN] 17:19:10.579865 シナリオ走行を開始しました [シナリオ名: ログイン]
[ADMIN] 17:19:10.581137 シナリオ走行を終了しました [シナリオ名: ログイン]
[ADMIN] 17:19:10.581150 シナリオ走行を開始しました [シナリオ名: ログイン]
[ADMIN] 17:19:10.617442 シナリオ走行を終了しました [シナリオ名: ログイン]
[ADMIN] 17:19:10.617453 シナリオ走行を開始しました [シナリオ名: ログイン]
[ADMIN] 17:19:10.622246 シナリオ走行を終了しました [シナリオ名: ログイン]
[ADMIN] 17:19:10.622257 シナリオ走行を開始しました [シナリオ名: ログイン]
[ADMIN] 17:19:10.634964 シナリオ走行を終了しました [シナリオ名: 新規ユーザー登録]
[ADMIN] 17:19:10.634983 シナリオ走行を開始しました [シナリオ名: 新規ユーザー登録]
[ADMIN] 17:19:10.672832 シナリオ走行を終了しました [シナリオ名: 新規ユーザー登録]
[ADMIN] 17:19:10.672856 シナリオ走行を開始しました [シナリオ名: 新規ユーザー登録]
[ADMIN] 17:19:10.677023 シナリオ走行を終了しました [シナリオ名: 新規ユーザー登録]
[ADMIN] 17:19:10.677043 シナリオ走行を開始しました [シナリオ名: 新規ユーザー登録]
[ADMIN] 17:19:10.714060 シナリオ走行を終了しました [シナリオ名: Banユーザログイン]
[ADMIN] 17:19:10.714077 シナリオ走行を開始しました [シナリオ名: Banユーザログイン]
[ADMIN] 17:19:10.719468 シナリオ走行を終了しました [シナリオ名: Banユーザログイン]
[ADMIN] 17:19:10.719482 シナリオ走行を開始しました [シナリオ名: Banユーザログイン]
[ADMIN] 17:19:10.740457 シナリオ走行を終了しました [シナリオ名: ログイン]
[ADMIN] 17:19:10.740471 シナリオ走行を開始しました [シナリオ名: ログイン]
[ADMIN] 17:19:10.746881 シナリオ走行を終了しました [シナリオ名: ログイン]
[ADMIN] 17:19:10.746892 シナリオ走行を開始しました [シナリオ名: ログイン]
[ADMIN] 17:19:10.762598 シナリオ走行を終了しました [シナリオ名: ログイン]
[ADMIN] 17:19:10.762631 シナリオ走行を開始しました [シナリオ名: ログイン]
[ADMIN] 17:19:10.783989 シナリオ走行を終了しました [シナリオ名: ログイン]
[ADMIN] 17:19:10.784006 シナリオ走行を開始しました [シナリオ名: ログイン]
[ADMIN] 17:19:10.784622 シナリオ走行を終了しました [シナリオ名: ログイン]
[ADMIN] 17:19:10.784630 シナリオ走行を開始しました [シナリオ名: ログイン]
[ADMIN] 17:19:10.787058 シナリオ走行を終了しました [シナリオ名: Banユーザログイン]
[ADMIN] 17:19:10.787072 シナリオ走行を開始しました [シナリオ名: Banユーザログイン]
[ADMIN] 17:19:10.802222 シナリオ走行を終了しました [シナリオ名: Banユーザログイン]
[ADMIN] 17:19:10.802238 シナリオ走行を開始しました [シナリオ名: Banユーザログイン]
[ADMIN] 17:19:10.817485 シナリオ走行を終了しました [シナリオ名: Banユーザログイン]
[ADMIN] 17:19:10.817499 シナリオ走行を開始しました [シナリオ名: Banユーザログイン]
[ADMIN] 17:19:10.837771 シナリオ走行を終了しました [シナリオ名: ログイン]
[ADMIN] 17:19:10.837785 シナリオ走行を開始しました [シナリオ名: ログイン]
[ADMIN] 17:19:10.847889 シナリオ走行を終了しました [シナリオ名: 新規ユーザー登録]
[ADMIN] 17:19:10.847907 シナリオ走行を開始しました [シナリオ名: 新規ユーザー登録]
[ADMIN] 17:19:10.847930 シナリオ走行を終了しました [シナリオ名: ログイン]
[ADMIN] 17:19:10.847937 シナリオ走行を開始しました [シナリオ名: ログイン]
[ADMIN] 17:19:10.860442 シナリオ走行を終了しました [シナリオ名: 新規ユーザー登録]
[ADMIN] 17:19:10.860464 シナリオ走行を開始しました [シナリオ名: 新規ユーザー登録]
[ADMIN] 17:19:10.879173 シナリオ走行を終了しました [シナリオ名: ログイン]
[ADMIN] 17:19:10.879185 シナリオ走行を開始しました [シナリオ名: ログイン]
[ADMIN] 17:19:10.882329 シナリオ走行を終了しました [シナリオ名: ログイン]
[ADMIN] 17:19:10.882336 シナリオ走行を開始しました [シナリオ名: ログイン]
[ADMIN] 17:19:10.890907 シナリオ走行を終了しました [シナリオ名: 新規ユーザー登録]
[ADMIN] 17:19:10.890926 シナリオ走行を開始しました [シナリオ名: 新規ユーザー登録]
[ADMIN] 17:19:10.896132 シナリオ走行を終了しました [シナリオ名: ログイン]
[ADMIN] 17:19:10.896140 シナリオ走行を開始しました [シナリオ名: ログイン]
[ADMIN] 17:19:10.971324 シナリオ走行を終了しました [シナリオ名: 新規ユーザー登録]
[ADMIN] 17:19:10.971344 シナリオ走行を開始しました [シナリオ名: 新規ユーザー登録]
[ADMIN] 17:19:10.981082 シナリオ走行を終了しました [シナリオ名: 新規ユーザー登録]
[ADMIN] 17:19:10.981107 シナリオ走行を開始しました [シナリオ名: 新規ユーザー登録]
[ADMIN] 17:19:11.004097 シナリオ走行を終了しました [シナリオ名: 新規ユーザー登録]
[ADMIN] 17:19:11.004126 シナリオ走行を開始しました [シナリオ名: 新規ユーザー登録]
[ADMIN] 17:19:11.094841 シナリオ走行を終了しました [シナリオ名: ログイン]
[ADMIN] 17:19:11.094857 シナリオ走行を開始しました [シナリオ名: ログイン]
[ADMIN] 17:19:11.096103 シナリオ走行を終了しました [シナリオ名: ログイン]
[ADMIN] 17:19:11.096117 シナリオ走行を開始しました [シナリオ名: ログイン]
[ADMIN] 17:19:11.096319 シナリオ走行を終了しました [シナリオ名: ログイン]
[ADMIN] 17:19:11.096375 シナリオ走行を開始しました [シナリオ名: ログイン]
[ADMIN] 17:19:11.099662 シナリオ走行を終了しました [シナリオ名: ログイン]
[ADMIN] 17:19:11.099672 シナリオ走行を開始しました [シナリオ名: ログイン]
[ADMIN] 17:19:11.104147 シナリオ走行を終了しました [シナリオ名: ログイン]
[ADMIN] 17:19:11.104156 シナリオ走行を開始しました [シナリオ名: ログイン]
[ADMIN] 17:19:11.105495 シナリオ走行を終了しました [シナリオ名: ログイン]
[ADMIN] 17:19:11.105504 シナリオ走行を開始しました [シナリオ名: ログイン]
[ADMIN] 17:19:11.107315 シナリオ走行を終了しました [シナリオ名: ログイン]
[ADMIN] 17:19:11.107324 シナリオ走行を開始しました [シナリオ名: ログイン]
[ADMIN] 17:19:11.150309 シナリオ走行を終了しました [シナリオ名: ログイン]
[ADMIN] 17:19:11.150328 シナリオ走行を開始しました [シナリオ名: ログイン]
[ADMIN] 17:19:11.188378 シナリオ走行を終了しました [シナリオ名: ログイン]
[ADMIN] 17:19:11.188395 シナリオ走行を開始しました [シナリオ名: ログイン]
[ADMIN] 17:19:11.204055 シナリオ走行を終了しました [シナリオ名: ログイン]
[ADMIN] 17:19:11.204068 シナリオ走行を開始しました [シナリオ名: ログイン]
[ADMIN] 17:19:11.217455 シナリオ走行を終了しました [シナリオ名: Banユーザログイン]
[ADMIN] 17:19:11.217471 シナリオ走行を開始しました [シナリオ名: Banユーザログイン]
[ADMIN] 17:19:11.221261 シナリオ走行を終了しました [シナリオ名: ログイン]
[ADMIN] 17:19:11.221270 シナリオ走行を開始しました [シナリオ名: ログイン]
[ADMIN] 17:19:11.221330 シナリオ走行を終了しました [シナリオ名: Banユーザログイン]
[ADMIN] 17:19:11.221345 シナリオ走行を開始しました [シナリオ名: Banユーザログイン]
[ADMIN] 17:19:11.226562 シナリオ走行を終了しました [シナリオ名: ログイン]
[ADMIN] 17:19:11.226573 シナリオ走行を開始しました [シナリオ名: ログイン]
[ADMIN] 17:19:11.243237 シナリオ走行を終了しました [シナリオ名: ログイン]
[ADMIN] 17:19:11.243248 シナリオ走行を開始しました [シナリオ名: ログイン]
[ADMIN] 17:19:11.261952 シナリオ走行を終了しました [シナリオ名: 新規ユーザー登録]
[ADMIN] 17:19:11.261970 シナリオ走行を開始しました [シナリオ名: 新規ユーザー登録]
[ADMIN] 17:19:11.263579 シナリオ走行を終了しました [シナリオ名: ログイン]
[ADMIN] 17:19:11.263590 シナリオ走行を開始しました [シナリオ名: ログイン]
[ADMIN] 17:19:11.270029 シナリオ走行を終了しました [シナリオ名: ログイン]
[ADMIN] 17:19:11.270039 シナリオ走行を開始しました [シナリオ名: ログイン]
[ADMIN] 17:19:11.272186 シナリオ走行を終了しました [シナリオ名: ログイン]
[ADMIN] 17:19:11.272195 シナリオ走行を開始しました [シナリオ名: ログイン]
[ADMIN] 17:19:11.281835 シナリオ走行を終了しました [シナリオ名: ログイン]
[ADMIN] 17:19:11.281844 シナリオ走行を開始しました [シナリオ名: ログイン]
[ADMIN] 17:19:11.285061 シナリオ走行を終了しました [シナリオ名: ログイン]
[ADMIN] 17:19:11.285069 シナリオ走行を開始しました [シナリオ名: ログイン]
[ADMIN] 17:19:11.287189 シナリオ走行を終了しました [シナリオ名: 新規ユーザー登録]
[ADMIN] 17:19:11.287204 シナリオ走行を開始しました [シナリオ名: 新規ユーザー登録]
[ADMIN] 17:19:11.290579 シナリオ走行を終了しました [シナリオ名: ログイン]
[ADMIN] 17:19:11.290588 シナリオ走行を開始しました [シナリオ名: ログイン]
[ADMIN] 17:19:11.292721 シナリオ走行を終了しました [シナリオ名: 新規ユーザー登録]
[ADMIN] 17:19:11.292734 シナリオ走行を開始しました [シナリオ名: 新規ユーザー登録]
[ADMIN] 17:19:11.296854 シナリオ走行を終了しました [シナリオ名: Banユーザログイン]
[ADMIN] 17:19:11.296868 シナリオ走行を開始しました [シナリオ名: Banユーザログイン]
[ADMIN] 17:19:11.297552 シナリオ走行を終了しました [シナリオ名: ログイン]
[ADMIN] 17:19:11.297561 シナリオ走行を開始しました [シナリオ名: ログイン]
[ADMIN] 17:19:11.299165 シナリオ走行を終了しました [シナリオ名: ログイン]
[ADMIN] 17:19:11.299173 シナリオ走行を開始しました [シナリオ名: ログイン]
[ADMIN] 17:19:11.304796 シナリオ走行を終了しました [シナリオ名: Banユーザログイン]
[ADMIN] 17:19:11.304807 シナリオ走行を開始しました [シナリオ名: Banユーザログイン]
[ADMIN] 17:19:11.307825 シナリオ走行を終了しました [シナリオ名: ログイン]
[ADMIN] 17:19:11.307833 シナリオ走行を開始しました [シナリオ名: ログイン]
[ADMIN] 17:19:11.312607 シナリオ走行を終了しました [シナリオ名: ログイン]
[ADMIN] 17:19:11.312614 シナリオ走行を開始しました [シナリオ名: ログイン]
[ADMIN] 17:19:11.320219 シナリオ走行を終了しました [シナリオ名: Banユーザログイン]
[ADMIN] 17:19:11.320234 シナリオ走行を開始しました [シナリオ名: Banユーザログイン]
[ADMIN] 17:19:11.353675 シナリオ走行を終了しました [シナリオ名: ログイン]
[ADMIN] 17:19:11.353685 シナリオ走行を開始しました [シナリオ名: ログイン]
[ADMIN] 17:19:11.354763 シナリオ走行を終了しました [シナリオ名: 新規ユーザー登録]
[ADMIN] 17:19:11.354787 シナリオ走行を開始しました [シナリオ名: 新規ユーザー登録]
[ADMIN] 17:19:11.358477 シナリオ走行を終了しました [シナリオ名: ログイン]
[ADMIN] 17:19:11.358488 シナリオ走行を開始しました [シナリオ名: ログイン]
17:19:11.387084 現在のログイン成功数: [total: 2407 (+1260人)]
17:19:11.387094 現在のユーザー登録成功数: [total: 1256 (+591人)]
[ADMIN] 17:19:11.465761 シナリオ走行を終了しました [シナリオ名: 新規ユーザー登録]
[ADMIN] 17:19:11.465791 シナリオ走行を開始しました [シナリオ名: 新規ユーザー登録]
[ADMIN] 17:19:11.470329 シナリオ走行を終了しました [シナリオ名: 新規ユーザー登録]
[ADMIN] 17:19:11.470350 シナリオ走行を開始しました [シナリオ名: 新規ユーザー登録]
[ADMIN] 17:19:11.490362 シナリオ走行を終了しました [シナリオ名: 新規ユーザー登録]
[ADMIN] 17:19:11.490392 シナリオ走行を開始しました [シナリオ名: 新規ユーザー登録]
[ADMIN] 17:19:11.549045 シナリオ走行を終了しました [シナリオ名: 新規ユーザー登録]
[ADMIN] 17:19:11.549070 シナリオ走行を開始しました [シナリオ名: 新規ユーザー登録]
[ADMIN] 17:19:11.601816 シナリオ走行を終了しました [シナリオ名: 新規ユーザー登録]
[ADMIN] 17:19:11.601841 シナリオ走行を開始しました [シナリオ名: 新規ユーザー登録]
[ADMIN] 17:19:11.606277 シナリオ走行を終了しました [シナリオ名: ログイン]
[ADMIN] 17:19:11.606288 シナリオ走行を開始しました [シナリオ名: ログイン]
[ADMIN] 17:19:11.619777 シナリオ走行を終了しました [シナリオ名: ログイン]
[ADMIN] 17:19:11.619831 シナリオ走行を開始しました [シナリオ名: ログイン]
[ADMIN] 17:19:11.619850 シナリオ走行を開始しました [シナリオ名: ログイン]
[ADMIN] 17:19:11.619887 シナリオ走行を開始しました [シナリオ名: ログイン]
[ADMIN] 17:19:11.619959 シナリオ走行を開始しました [シナリオ名: ログイン]
[ADMIN] 17:19:11.619988 シナリオ走行を開始しました [シナリオ名: ログイン]
[ADMIN] 17:19:11.620060 シナリオ走行を開始しました [シナリオ名: ログイン]
[ADMIN] 17:19:11.620073 シナリオ走行を開始しました [シナリオ名: ログイン]
[ADMIN] 17:19:11.620083 シナリオ走行を開始しました [シナリオ名: ログイン]
[ADMIN] 17:19:11.620112 シナリオ走行を開始しました [シナリオ名: ログイン]
[ADMIN] 17:19:11.620169 シナリオ走行を開始しました [シナリオ名: ログイン]
[ADMIN] 17:19:11.620183 シナリオ走行を開始しました [シナリオ名: ログイン]
[ADMIN] 17:19:11.620190 シナリオ走行を開始しました [シナリオ名: ログイン]
[ADMIN] 17:19:11.620289 シナリオ走行を開始しました [シナリオ名: ログイン]
[ADMIN] 17:19:11.620308 シナリオ走行を開始しました [シナリオ名: ログイン]
[ADMIN] 17:19:11.620347 シナリオ走行を開始しました [シナリオ名: ログイン]
[ADMIN] 17:19:11.620064 シナリオ走行を開始しました [シナリオ名: ログイン]
[ADMIN] 17:19:11.645821 シナリオ走行を終了しました [シナリオ名: ログイン]
[ADMIN] 17:19:11.676060 シナリオ走行を終了しました [シナリオ名: ログイン]
[ADMIN] 17:19:11.719337 シナリオ走行を終了しました [シナリオ名: ログイン]
[ADMIN] 17:19:11.726218 シナリオ走行を終了しました [シナリオ名: Banユーザログイン]
[ADMIN] 17:19:11.726238 シナリオ走行を開始しました [シナリオ名: Banユーザログイン]
[ADMIN] 17:19:11.733418 シナリオ走行を終了しました [シナリオ名: Banユーザログイン]
[ADMIN] 17:19:11.733434 シナリオ走行を開始しました [シナリオ名: Banユーザログイン]
[ADMIN] 17:19:11.739446 シナリオ走行を終了しました [シナリオ名: ログイン]
[ADMIN] 17:19:11.761488 シナリオ走行を終了しました [シナリオ名: 新規ユーザー登録]
[ADMIN] 17:19:11.761511 シナリオ走行を開始しました [シナリオ名: 新規ユーザー登録]
[ADMIN] 17:19:11.766533 シナリオ走行を終了しました [シナリオ名: ログイン]
[ADMIN] 17:19:11.804822 シナリオ走行を終了しました [シナリオ名: Banユーザログイン]
[ADMIN] 17:19:11.804841 シナリオ走行を開始しました [シナリオ名: Banユーザログイン]
[ADMIN] 17:19:11.811780 シナリオ走行を終了しました [シナリオ名: ログイン]
[ADMIN] 17:19:11.815996 シナリオ走行を終了しました [シナリオ名: Banユーザログイン]
[ADMIN] 17:19:11.816011 シナリオ走行を開始しました [シナリオ名: Banユーザログイン]
[ADMIN] 17:19:11.823007 シナリオ走行を終了しました [シナリオ名: Banユーザログイン]
[ADMIN] 17:19:11.823022 シナリオ走行を開始しました [シナリオ名: Banユーザログイン]
[ADMIN] 17:19:11.835390 シナリオ走行を終了しました [シナリオ名: 新規ユーザー登録]
[ADMIN] 17:19:11.835427 シナリオ走行を開始しました [シナリオ名: 新規ユーザー登録]
[ADMIN] 17:19:11.835466 シナリオ走行を開始しました [シナリオ名: 新規ユーザー登録]
[ADMIN] 17:19:11.835481 シナリオ走行を開始しました [シナリオ名: 新規ユーザー登録]
[ADMIN] 17:19:11.835514 シナリオ走行を開始しました [シナリオ名: 新規ユーザー登録]
[ADMIN] 17:19:11.835565 シナリオ走行を開始しました [シナリオ名: 新規ユーザー登録]
[ADMIN] 17:19:11.835586 シナリオ走行を開始しました [シナリオ名: 新規ユーザー登録]
[ADMIN] 17:19:11.835611 シナリオ走行を開始しました [シナリオ名: 新規ユーザー登録]
[ADMIN] 17:19:11.835673 シナリオ走行を開始しました [シナリオ名: 新規ユーザー登録]
[ADMIN] 17:19:11.835678 シナリオ走行を開始しました [シナリオ名: 新規ユーザー登録]
[ADMIN] 17:19:11.835711 シナリオ走行を開始しました [シナリオ名: 新規ユーザー登録]
[ADMIN] 17:19:11.835763 シナリオ走行を開始しました [シナリオ名: 新規ユーザー登録]
[ADMIN] 17:19:11.835802 シナリオ走行を開始しました [シナリオ名: 新規ユーザー登録]
[ADMIN] 17:19:11.835822 シナリオ走行を開始しました [シナリオ名: 新規ユーザー登録]
[ADMIN] 17:19:11.835831 シナリオ走行を開始しました [シナリオ名: 新規ユーザー登録]
[ADMIN] 17:19:11.835768 シナリオ走行を開始しました [シナリオ名: 新規ユーザー登録]
[ADMIN] 17:19:11.835855 シナリオ走行を開始しました [シナリオ名: 新規ユーザー登録]
[ADMIN] 17:19:11.835857 シナリオ走行を開始しました [シナリオ名: 新規ユーザー登録]
[ADMIN] 17:19:11.848143 シナリオ走行を終了しました [シナリオ名: ログイン]
[ADMIN] 17:19:11.890273 シナリオ走行を終了しました [シナリオ名: ログイン]
[ADMIN] 17:19:11.891221 シナリオ走行を終了しました [シナリオ名: ログイン]
[ADMIN] 17:19:11.920211 シナリオ走行を終了しました [シナリオ名: ログイン]
[ADMIN] 17:19:11.958595 シナリオ走行を終了しました [シナリオ名: 新規ユーザー登録]
[ADMIN] 17:19:11.998280 シナリオ走行を終了しました [シナリオ名: ログイン]
[ADMIN] 17:19:12.003145 シナリオ走行を終了しました [シナリオ名: ログイン]
[ADMIN] 17:19:12.009013 シナリオ走行を終了しました [シナリオ名: ログイン]
[ADMIN] 17:19:12.013790 シナリオ走行を終了しました [シナリオ名: ログイン]
[ADMIN] 17:19:12.023807 シナリオ走行を終了しました [シナリオ名: ログイン]
[ADMIN] 17:19:12.056306 シナリオ走行を終了しました [シナリオ名: ログイン]
[ADMIN] 17:19:12.067625 シナリオ走行を終了しました [シナリオ名: ログイン]
[ADMIN] 17:19:12.069953 シナリオ走行を終了しました [シナリオ名: ログイン]
[ADMIN] 17:19:12.072675 シナリオ走行を終了しました [シナリオ名: ログイン]
[ADMIN] 17:19:12.086984 シナリオ走行を終了しました [シナリオ名: ログイン]
[ADMIN] 17:19:12.100198 シナリオ走行を終了しました [シナリオ名: 新規ユーザー登録]
[ADMIN] 17:19:12.102700 シナリオ走行を終了しました [シナリオ名: ログイン]
[ADMIN] 17:19:12.104965 シナリオ走行を終了しました [シナリオ名: 新規ユーザー登録]
[ADMIN] 17:19:12.144619 シナリオ走行を終了しました [シナリオ名: 新規ユーザー登録]
[ADMIN] 17:19:12.145153 シナリオ走行を終了しました [シナリオ名: 新規ユーザー登録]
[ADMIN] 17:19:12.152173 シナリオ走行を終了しました [シナリオ名: ログイン]
[ADMIN] 17:19:12.153421 シナリオ走行を終了しました [シナリオ名: 新規ユーザー登録]
[ADMIN] 17:19:12.158652 シナリオ走行を終了しました [シナリオ名: ログイン]
[ADMIN] 17:19:12.191488 シナリオ走行を終了しました [シナリオ名: ログイン]
[ADMIN] 17:19:12.191519 シナリオ走行を開始しました [シナリオ名: ログイン]
[ADMIN] 17:19:12.191557 シナリオ走行を開始しました [シナリオ名: ログイン]
[ADMIN] 17:19:12.191569 シナリオ走行を開始しました [シナリオ名: ログイン]
[ADMIN] 17:19:12.191663 シナリオ走行を開始しました [シナリオ名: ログイン]
[ADMIN] 17:19:12.191686 シナリオ走行を開始しました [シナリオ名: ログイン]
[ADMIN] 17:19:12.191693 シナリオ走行を開始しました [シナリオ名: ログイン]
[ADMIN] 17:19:12.191779 シナリオ走行を開始しました [シナリオ名: ログイン]
[ADMIN] 17:19:12.191785 シナリオ走行を開始しました [シナリオ名: ログイン]
[ADMIN] 17:19:12.191781 シナリオ走行を開始しました [シナリオ名: ログイン]
[ADMIN] 17:19:12.191880 シナリオ走行を開始しました [シナリオ名: ログイン]
[ADMIN] 17:19:12.191890 シナリオ走行を開始しました [シナリオ名: ログイン]
[ADMIN] 17:19:12.192007 シナリオ走行を開始しました [シナリオ名: ログイン]
[ADMIN] 17:19:12.192027 シナリオ走行を開始しました [シナリオ名: ログイン]
[ADMIN] 17:19:12.192091 シナリオ走行を開始しました [シナリオ名: ログイン]
[ADMIN] 17:19:12.192122 シナリオ走行を開始しました [シナリオ名: ログイン]
[ADMIN] 17:19:12.192136 シナリオ走行を開始しました [シナリオ名: ログイン]
[ADMIN] 17:19:12.191783 シナリオ走行を開始しました [シナリオ名: ログイン]
[ADMIN] 17:19:12.192241 シナリオ走行を開始しました [シナリオ名: ログイン]
[ADMIN] 17:19:12.191781 シナリオ走行を開始しました [シナリオ名: ログイン]
[ADMIN] 17:19:12.192371 シナリオ走行を開始しました [シナリオ名: ログイン]
[ADMIN] 17:19:12.192373 シナリオ走行を開始しました [シナリオ名: ログイン]
[ADMIN] 17:19:12.192374 シナリオ走行を開始しました [シナリオ名: ログイン]
[ADMIN] 17:19:12.192375 シナリオ走行を開始しました [シナリオ名: ログイン]
[ADMIN] 17:19:12.191784 シナリオ走行を開始しました [シナリオ名: ログイン]
[ADMIN] 17:19:12.194461 シナリオ走行を終了しました [シナリオ名: ログイン]
[ADMIN] 17:19:12.199274 シナリオ走行を終了しました [シナリオ名: ログイン]
[ADMIN] 17:19:12.204646 シナリオ走行を終了しました [シナリオ名: ログイン]
[ADMIN] 17:19:12.204664 シナリオ走行を開始しました [シナリオ名: ログイン]
[ADMIN] 17:19:12.204679 シナリオ走行を開始しました [シナリオ名: ログイン]
[ADMIN] 17:19:12.204729 シナリオ走行を開始しました [シナリオ名: ログイン]
[ADMIN] 17:19:12.212811 シナリオ走行を終了しました [シナリオ名: ログイン]
[ADMIN] 17:19:12.212819 シナリオ走行を開始しました [シナリオ名: ログイン]
[ADMIN] 17:19:12.250089 シナリオ走行を終了しました [シナリオ名: Banユーザログイン]
[ADMIN] 17:19:12.250110 シナリオ走行を開始しました [シナリオ名: Banユーザログイン]
[ADMIN] 17:19:12.253610 シナリオ走行を終了しました [シナリオ名: Banユーザログイン]
[ADMIN] 17:19:12.253636 シナリオ走行を開始しました [シナリオ名: Banユーザログイン]
[ADMIN] 17:19:12.253648 シナリオ走行を開始しました [シナリオ名: Banユーザログイン]
[ADMIN] 17:19:12.253674 シナリオ走行を開始しました [シナリオ名: Banユーザログイン]
[ADMIN] 17:19:12.253708 シナリオ走行を開始しました [シナリオ名: Banユーザログイン]
[ADMIN] 17:19:12.275536 シナリオ走行を終了しました [シナリオ名: ログイン]
[ADMIN] 17:19:12.275548 シナリオ走行を開始しました [シナリオ名: ログイン]
[ADMIN] 17:19:12.324664 シナリオ走行を終了しました [シナリオ名: 新規ユーザー登録]
[ADMIN] 17:19:12.334342 シナリオ走行を終了しました [シナリオ名: Banユーザログイン]
[ADMIN] 17:19:12.346698 シナリオ走行を終了しました [シナリオ名: Banユーザログイン]
[ADMIN] 17:19:12.346712 シナリオ走行を終了しました [シナリオ名: Banユーザログイン]
[ADMIN] 17:19:12.417616 シナリオ走行を終了しました [シナリオ名: ログイン]
[ADMIN] 17:19:12.417633 シナリオ走行を開始しました [シナリオ名: ログイン]
[ADMIN] 17:19:12.468506 シナリオ走行を終了しました [シナリオ名: ログイン]
[ADMIN] 17:19:12.468519 シナリオ走行を開始しました [シナリオ名: ログイン]
[ADMIN] 17:19:12.510598 シナリオ走行を終了しました [シナリオ名: ログイン]
[ADMIN] 17:19:12.510613 シナリオ走行を開始しました [シナリオ名: ログイン]
[ADMIN] 17:19:12.534855 シナリオ走行を終了しました [シナリオ名: ログイン]
[ADMIN] 17:19:12.534865 シナリオ走行を開始しました [シナリオ名: ログイン]
[ADMIN] 17:19:12.554750 シナリオ走行を終了しました [シナリオ名: ログイン]
[ADMIN] 17:19:12.554762 シナリオ走行を開始しました [シナリオ名: ログイン]
[ADMIN] 17:19:12.564724 シナリオ走行を終了しました [シナリオ名: ログイン]
[ADMIN] 17:19:12.564735 シナリオ走行を開始しました [シナリオ名: ログイン]
[ADMIN] 17:19:12.651402 シナリオ走行を終了しました [シナリオ名: 新規ユーザー登録]
[ADMIN] 17:19:12.663759 シナリオ走行を終了しました [シナリオ名: 新規ユーザー登録]
[ADMIN] 17:19:12.666355 シナリオ走行を終了しました [シナリオ名: ログイン]
[ADMIN] 17:19:12.666366 シナリオ走行を開始しました [シナリオ名: ログイン]
[ADMIN] 17:19:12.676529 シナリオ走行を終了しました [シナリオ名: ログイン]
[ADMIN] 17:19:12.676537 シナリオ走行を開始しました [シナリオ名: ログイン]
[ADMIN] 17:19:12.726485 シナリオ走行を終了しました [シナリオ名: ログイン]
[ADMIN] 17:19:12.726497 シナリオ走行を開始しました [シナリオ名: ログイン]
[ADMIN] 17:19:12.729769 シナリオ走行を終了しました [シナリオ名: ログイン]
[ADMIN] 17:19:12.729782 シナリオ走行を開始しました [シナリオ名: ログイン]
[ADMIN] 17:19:12.769696 シナリオ走行を終了しました [シナリオ名: 新規ユーザー登録]
[ADMIN] 17:19:12.772843 シナリオ走行を終了しました [シナリオ名: 新規ユーザー登録]
[ADMIN] 17:19:12.801273 シナリオ走行を終了しました [シナリオ名: Banユーザログイン]
[ADMIN] 17:19:12.801296 シナリオ走行を開始しました [シナリオ名: Banユーザログイン]
[ADMIN] 17:19:12.801299 シナリオ走行を開始しました [シナリオ名: Banユーザログイン]
[ADMIN] 17:19:12.801315 シナリオ走行を開始しました [シナリオ名: Banユーザログイン]
[ADMIN] 17:19:12.801371 シナリオ走行を開始しました [シナリオ名: Banユーザログイン]
[ADMIN] 17:19:12.814107 シナリオ走行を終了しました [シナリオ名: 新規ユーザー登録]
[ADMIN] 17:19:12.820280 シナリオ走行を終了しました [シナリオ名: Banユーザログイン]
[ADMIN] 17:19:12.820294 シナリオ走行を開始しました [シナリオ名: Banユーザログイン]
[ADMIN] 17:19:12.822424 シナリオ走行を終了しました [シナリオ名: Banユーザログイン]
[ADMIN] 17:19:12.822436 シナリオ走行を開始しました [シナリオ名: Banユーザログイン]
[ADMIN] 17:19:12.832221 シナリオ走行を終了しました [シナリオ名: Banユーザログイン]
[ADMIN] 17:19:12.832232 シナリオ走行を開始しました [シナリオ名: Banユーザログイン]
[ADMIN] 17:19:12.836897 シナリオ走行を終了しました [シナリオ名: ログイン]
[ADMIN] 17:19:12.837885 シナリオ走行を終了しました [シナリオ名: ログイン]
[ADMIN] 17:19:12.849368 シナリオ走行を終了しました [シナリオ名: ログイン]
[ADMIN] 17:19:12.849382 シナリオ走行を開始しました [シナリオ名: ログイン]
[ADMIN] 17:19:12.849387 シナリオ走行を開始しました [シナリオ名: ログイン]
[ADMIN] 17:19:12.849398 シナリオ走行を開始しました [シナリオ名: ログイン]
[ADMIN] 17:19:12.858193 シナリオ走行を終了しました [シナリオ名: Banユーザログイン]
[ADMIN] 17:19:12.863945 シナリオ走行を終了しました [シナリオ名: ログイン]
[ADMIN] 17:19:12.863958 シナリオ走行を開始しました [シナリオ名: ログイン]
[ADMIN] 17:19:12.911699 シナリオ走行を終了しました [シナリオ名: ログイン]
[ADMIN] 17:19:12.911715 シナリオ走行を開始しました [シナリオ名: ログイン]
[ADMIN] 17:19:12.932905 シナリオ走行を終了しました [シナリオ名: ログイン]
[ADMIN] 17:19:12.932917 シナリオ走行を開始しました [シナリオ名: ログイン]
[ADMIN] 17:19:12.939250 シナリオ走行を終了しました [シナリオ名: ログイン]
[ADMIN] 17:19:12.939260 シナリオ走行を開始しました [シナリオ名: ログイン]
[ADMIN] 17:19:12.940571 シナリオ走行を終了しました [シナリオ名: 新規ユーザー登録]
[ADMIN] 17:19:12.969884 シナリオ走行を終了しました [シナリオ名: 新規ユーザー登録]
[ADMIN] 17:19:12.974646 シナリオ走行を終了しました [シナリオ名: ログイン]
[ADMIN] 17:19:12.974656 シナリオ走行を開始しました [シナリオ名: ログイン]
[ADMIN] 17:19:12.996781 シナリオ走行を終了しました [シナリオ名: ログイン]
[ADMIN] 17:19:12.996794 シナリオ走行を開始しました [シナリオ名: ログイン]
[ADMIN] 17:19:13.051790 シナリオ走行を終了しました [シナリオ名: 新規ユーザー登録]
[ADMIN] 17:19:13.052914 シナリオ走行を終了しました [シナリオ名: ログイン]
[ADMIN] 17:19:13.052925 シナリオ走行を開始しました [シナリオ名: ログイン]
[ADMIN] 17:19:13.063944 シナリオ走行を終了しました [シナリオ名: ログイン]
[ADMIN] 17:19:13.063954 シナリオ走行を開始しました [シナリオ名: ログイン]
[ADMIN] 17:19:13.069538 シナリオ走行を終了しました [シナリオ名: ログイン]
[ADMIN] 17:19:13.069550 シナリオ走行を開始しました [シナリオ名: ログイン]
[ADMIN] 17:19:13.071076 シナリオ走行を終了しました [シナリオ名: ログイン]
[ADMIN] 17:19:13.071085 シナリオ走行を開始しました [シナリオ名: ログイン]
[ADMIN] 17:19:13.077585 シナリオ走行を終了しました [シナリオ名: ログイン]
[ADMIN] 17:19:13.077594 シナリオ走行を開始しました [シナリオ名: ログイン]
[ADMIN] 17:19:13.080268 シナリオ走行を終了しました [シナリオ名: ログイン]
[ADMIN] 17:19:13.080276 シナリオ走行を開始しました [シナリオ名: ログイン]
[ADMIN] 17:19:13.082159 シナリオ走行を終了しました [シナリオ名: ログイン]
[ADMIN] 17:19:13.082166 シナリオ走行を開始しました [シナリオ名: ログイン]
[ADMIN] 17:19:13.087667 シナリオ走行を終了しました [シナリオ名: ログイン]
[ADMIN] 17:19:13.087675 シナリオ走行を開始しました [シナリオ名: ログイン]
[ADMIN] 17:19:13.112038 シナリオ走行を終了しました [シナリオ名: 新規ユーザー登録]
[ADMIN] 17:19:13.112081 シナリオ走行を開始しました [シナリオ名: 新規ユーザー登録]
[ADMIN] 17:19:13.112103 シナリオ走行を開始しました [シナリオ名: 新規ユーザー登録]
[ADMIN] 17:19:13.112114 シナリオ走行を開始しました [シナリオ名: 新規ユーザー登録]
[ADMIN] 17:19:13.112165 シナリオ走行を開始しました [シナリオ名: 新規ユーザー登録]
[ADMIN] 17:19:13.112213 シナリオ走行を開始しました [シナリオ名: 新規ユーザー登録]
[ADMIN] 17:19:13.112232 シナリオ走行を開始しました [シナリオ名: 新規ユーザー登録]
[ADMIN] 17:19:13.112242 シナリオ走行を開始しました [シナリオ名: 新規ユーザー登録]
[ADMIN] 17:19:13.112308 シナリオ走行を開始しました [シナリオ名: 新規ユーザー登録]
[ADMIN] 17:19:13.112321 シナリオ走行を開始しました [シナリオ名: 新規ユーザー登録]
[ADMIN] 17:19:13.112373 シナリオ走行を開始しました [シナリオ名: 新規ユーザー登録]
[ADMIN] 17:19:13.112419 シナリオ走行を開始しました [シナリオ名: 新規ユーザー登録]
[ADMIN] 17:19:13.112445 シナリオ走行を開始しました [シナリオ名: 新規ユーザー登録]
[ADMIN] 17:19:13.112308 シナリオ走行を開始しました [シナリオ名: 新規ユーザー登録]
[ADMIN] 17:19:13.112220 シナリオ走行を開始しました [シナリオ名: 新規ユーザー登録]
[ADMIN] 17:19:13.112313 シナリオ走行を開始しました [シナリオ名: 新規ユーザー登録]
[ADMIN] 17:19:13.112215 シナリオ走行を開始しました [シナリオ名: 新規ユーザー登録]
[ADMIN] 17:19:13.115446 シナリオ走行を終了しました [シナリオ名: 新規ユーザー登録]
[ADMIN] 17:19:13.115462 シナリオ走行を開始しました [シナリオ名: 新規ユーザー登録]
[ADMIN] 17:19:13.127312 シナリオ走行を終了しました [シナリオ名: 新規ユーザー登録]
[ADMIN] 17:19:13.127325 シナリオ走行を開始しました [シナリオ名: 新規ユーザー登録]
[ADMIN] 17:19:13.145227 シナリオ走行を終了しました [シナリオ名: ログイン]
[ADMIN] 17:19:13.145237 シナリオ走行を開始しました [シナリオ名: ログイン]
[ADMIN] 17:19:13.146945 シナリオ走行を終了しました [シナリオ名: ログイン]
[ADMIN] 17:19:13.146955 シナリオ走行を開始しました [シナリオ名: ログイン]
[ADMIN] 17:19:13.150556 シナリオ走行を終了しました [シナリオ名: ログイン]
[ADMIN] 17:19:13.150564 シナリオ走行を開始しました [シナリオ名: ログイン]
[ADMIN] 17:19:13.154805 シナリオ走行を終了しました [シナリオ名: ログイン]
[ADMIN] 17:19:13.154813 シナリオ走行を開始しました [シナリオ名: ログイン]
[ADMIN] 17:19:13.156118 シナリオ走行を終了しました [シナリオ名: ログイン]
[ADMIN] 17:19:13.156126 シナリオ走行を開始しました [シナリオ名: ログイン]
[ADMIN] 17:19:13.160433 シナリオ走行を終了しました [シナリオ名: ログイン]
[ADMIN] 17:19:13.160441 シナリオ走行を開始しました [シナリオ名: ログイン]
[ADMIN] 17:19:13.161029 シナリオ走行を終了しました [シナリオ名: ログイン]
[ADMIN] 17:19:13.161037 シナリオ走行を開始しました [シナリオ名: ログイン]
[ADMIN] 17:19:13.182802 シナリオ走行を終了しました [シナリオ名: 新規ユーザー登録]
[ADMIN] 17:19:13.195612 シナリオ走行を終了しました [シナリオ名: 新規ユーザー登録]
[ADMIN] 17:19:13.195633 シナリオ走行を開始しました [シナリオ名: 新規ユーザー登録]
[ADMIN] 17:19:13.195689 シナリオ走行を開始しました [シナリオ名: 新規ユーザー登録]
[ADMIN] 17:19:13.211771 シナリオ走行を終了しました [シナリオ名: 新規ユーザー登録]
[ADMIN] 17:19:13.211790 シナリオ走行を開始しました [シナリオ名: 新規ユーザー登録]
[ADMIN] 17:19:13.232307 シナリオ走行を終了しました [シナリオ名: ログイン]
[ADMIN] 17:19:13.232319 シナリオ走行を開始しました [シナリオ名: ログイン]
[ADMIN] 17:19:13.263631 シナリオ走行を終了しました [シナリオ名: 新規ユーザー登録]
[ADMIN] 17:19:13.263662 シナリオ走行を開始しました [シナリオ名: 新規ユーザー登録]
[ADMIN] 17:19:13.266072 シナリオ走行を終了しました [シナリオ名: ログイン]
[ADMIN] 17:19:13.266084 シナリオ走行を開始しました [シナリオ名: ログイン]
[ADMIN] 17:19:13.274040 シナリオ走行を終了しました [シナリオ名: ログイン]
[ADMIN] 17:19:13.274055 シナリオ走行を開始しました [シナリオ名: ログイン]
[ADMIN] 17:19:13.280076 シナリオ走行を終了しました [シナリオ名: ログイン]
[ADMIN] 17:19:13.280088 シナリオ走行を開始しました [シナリオ名: ログイン]
[ADMIN] 17:19:13.292358 シナリオ走行を終了しました [シナリオ名: ログイン]
[ADMIN] 17:19:13.292377 シナリオ走行を開始しました [シナリオ名: ログイン]
[ADMIN] 17:19:13.315474 シナリオ走行を終了しました [シナリオ名: Banユーザログイン]
[ADMIN] 17:19:13.315496 シナリオ走行を開始しました [シナリオ名: Banユーザログイン]
[ADMIN] 17:19:13.315564 シナリオ走行を開始しました [シナリオ名: Banユーザログイン]
[ADMIN] 17:19:13.322008 シナリオ走行を終了しました [シナリオ名: Banユーザログイン]
[ADMIN] 17:19:13.322029 シナリオ走行を開始しました [シナリオ名: Banユーザログイン]
[ADMIN] 17:19:13.333219 シナリオ走行を終了しました [シナリオ名: Banユーザログイン]
[ADMIN] 17:19:13.333241 シナリオ走行を開始しました [シナリオ名: Banユーザログイン]
[ADMIN] 17:19:13.342884 シナリオ走行を終了しました [シナリオ名: Banユーザログイン]
[ADMIN] 17:19:13.342905 シナリオ走行を開始しました [シナリオ名: Banユーザログイン]
[ADMIN] 17:19:13.343369 シナリオ走行を終了しました [シナリオ名: ログイン]
[ADMIN] 17:19:13.343379 シナリオ走行を開始しました [シナリオ名: ログイン]
[ADMIN] 17:19:13.344199 シナリオ走行を終了しました [シナリオ名: ログイン]
[ADMIN] 17:19:13.344208 シナリオ走行を開始しました [シナリオ名: ログイン]
[ADMIN] 17:19:13.359694 シナリオ走行を終了しました [シナリオ名: Banユーザログイン]
[ADMIN] 17:19:13.359706 シナリオ走行を開始しました [シナリオ名: Banユーザログイン]
[ADMIN] 17:19:13.359707 シナリオ走行を終了しました [シナリオ名: Banユーザログイン]
[ADMIN] 17:19:13.359718 シナリオ走行を開始しました [シナリオ名: Banユーザログイン]
[ADMIN] 17:19:13.373196 シナリオ走行を終了しました [シナリオ名: ログイン]
[ADMIN] 17:19:13.373207 シナリオ走行を開始しました [シナリオ名: ログイン]
[ADMIN] 17:19:13.376113 シナリオ走行を終了しました [シナリオ名: Banユーザログイン]
[ADMIN] 17:19:13.376129 シナリオ走行を開始しました [シナリオ名: Banユーザログイン]
[ADMIN] 17:19:13.380723 シナリオ走行を終了しました [シナリオ名: 新規ユーザー登録]
[ADMIN] 17:19:13.380747 シナリオ走行を開始しました [シナリオ名: 新規ユーザー登録]
[ADMIN] 17:19:13.408042 シナリオ走行を終了しました [シナリオ名: 新規ユーザー登録]
[ADMIN] 17:19:13.408065 シナリオ走行を開始しました [シナリオ名: 新規ユーザー登録]
[ADMIN] 17:19:13.436584 シナリオ走行を終了しました [シナリオ名: ログイン]
[ADMIN] 17:19:13.436601 シナリオ走行を開始しました [シナリオ名: ログイン]
[ADMIN] 17:19:13.436982 シナリオ走行を終了しました [シナリオ名: ログイン]
[ADMIN] 17:19:13.436993 シナリオ走行を開始しました [シナリオ名: ログイン]
[ADMIN] 17:19:13.440744 シナリオ走行を終了しました [シナリオ名: ログイン]
[ADMIN] 17:19:13.440758 シナリオ走行を開始しました [シナリオ名: ログイン]
[ADMIN] 17:19:13.450689 シナリオ走行を終了しました [シナリオ名: ログイン]
[ADMIN] 17:19:13.450707 シナリオ走行を開始しました [シナリオ名: ログイン]
[ADMIN] 17:19:13.473535 シナリオ走行を終了しました [シナリオ名: ログイン]
[ADMIN] 17:19:13.473652 シナリオ走行を開始しました [シナリオ名: ログイン]
[ADMIN] 17:19:13.474719 シナリオ走行を終了しました [シナリオ名: ログイン]
[ADMIN] 17:19:13.474733 シナリオ走行を開始しました [シナリオ名: ログイン]
[ADMIN] 17:19:13.484918 シナリオ走行を終了しました [シナリオ名: 新規ユーザー登録]
[ADMIN] 17:19:13.484944 シナリオ走行を開始しました [シナリオ名: 新規ユーザー登録]
[ADMIN] 17:19:13.497386 シナリオ走行を終了しました [シナリオ名: 新規ユーザー登録]
[ADMIN] 17:19:13.497417 シナリオ走行を開始しました [シナリオ名: 新規ユーザー登録]
[ADMIN] 17:19:13.507030 シナリオ走行を終了しました [シナリオ名: 新規ユーザー登録]
[ADMIN] 17:19:13.507052 シナリオ走行を開始しました [シナリオ名: 新規ユーザー登録]
[ADMIN] 17:19:13.515448 シナリオ走行を終了しました [シナリオ名: ログイン]
[ADMIN] 17:19:13.515462 シナリオ走行を開始しました [シナリオ名: ログイン]
[ADMIN] 17:19:13.517477 シナリオ走行を終了しました [シナリオ名: 新規ユーザー登録]
[ADMIN] 17:19:13.517497 シナリオ走行を開始しました [シナリオ名: 新規ユーザー登録]
[ADMIN] 17:19:13.557068 シナリオ走行を終了しました [シナリオ名: ログイン]
[ADMIN] 17:19:13.557081 シナリオ走行を開始しました [シナリオ名: ログイン]
[ADMIN] 17:19:13.570955 シナリオ走行を終了しました [シナリオ名: 新規ユーザー登録]
[ADMIN] 17:19:13.570981 シナリオ走行を開始しました [シナリオ名: 新規ユーザー登録]
[ADMIN] 17:19:13.592074 シナリオ走行を終了しました [シナリオ名: 新規ユーザー登録]
[ADMIN] 17:19:13.592106 シナリオ走行を開始しました [シナリオ名: 新規ユーザー登録]
[ADMIN] 17:19:13.598828 シナリオ走行を終了しました [シナリオ名: 新規ユーザー登録]
[ADMIN] 17:19:13.598857 シナリオ走行を開始しました [シナリオ名: 新規ユーザー登録]
[ADMIN] 17:19:13.600568 シナリオ走行を終了しました [シナリオ名: 新規ユーザー登録]
[ADMIN] 17:19:13.600589 シナリオ走行を開始しました [シナリオ名: 新規ユーザー登録]
[ADMIN] 17:19:13.609748 シナリオ走行を終了しました [シナリオ名: 新規ユーザー登録]
[ADMIN] 17:19:13.609775 シナリオ走行を開始しました [シナリオ名: 新規ユーザー登録]
[ADMIN] 17:19:13.743794 シナリオ走行を終了しました [シナリオ名: ログイン]
[ADMIN] 17:19:13.743809 シナリオ走行を開始しました [シナリオ名: ログイン]
[ADMIN] 17:19:13.793728 シナリオ走行を終了しました [シナリオ名: ログイン]
[ADMIN] 17:19:13.793742 シナリオ走行を開始しました [シナリオ名: ログイン]
[ADMIN] 17:19:13.832841 シナリオ走行を終了しました [シナリオ名: ログイン]
[ADMIN] 17:19:13.832854 シナリオ走行を開始しました [シナリオ名: ログイン]
[ADMIN] 17:19:13.840865 シナリオ走行を終了しました [シナリオ名: ログイン]
[ADMIN] 17:19:13.840878 シナリオ走行を開始しました [シナリオ名: ログイン]
[ADMIN] 17:19:13.847650 シナリオ走行を終了しました [シナリオ名: ログイン]
[ADMIN] 17:19:13.847661 シナリオ走行を開始しました [シナリオ名: ログイン]
[ADMIN] 17:19:13.849232 シナリオ走行を終了しました [シナリオ名: ログイン]
[ADMIN] 17:19:13.849244 シナリオ走行を開始しました [シナリオ名: ログイン]
[ADMIN] 17:19:13.855504 シナリオ走行を終了しました [シナリオ名: Banユーザログイン]
[ADMIN] 17:19:13.855521 シナリオ走行を開始しました [シナリオ名: Banユーザログイン]
[ADMIN] 17:19:13.857181 シナリオ走行を終了しました [シナリオ名: Banユーザログイン]
[ADMIN] 17:19:13.857196 シナリオ走行を開始しました [シナリオ名: Banユーザログイン]
[ADMIN] 17:19:13.865352 シナリオ走行を終了しました [シナリオ名: ログイン]
[ADMIN] 17:19:13.865362 シナリオ走行を開始しました [シナリオ名: ログイン]
[ADMIN] 17:19:13.865690 シナリオ走行を終了しました [シナリオ名: ログイン]
[ADMIN] 17:19:13.865699 シナリオ走行を開始しました [シナリオ名: ログイン]
[ADMIN] 17:19:13.868408 シナリオ走行を終了しました [シナリオ名: ログイン]
[ADMIN] 17:19:13.868415 シナリオ走行を開始しました [シナリオ名: ログイン]
[ADMIN] 17:19:13.880883 シナリオ走行を終了しました [シナリオ名: ログイン]
[ADMIN] 17:19:13.880895 シナリオ走行を開始しました [シナリオ名: ログイン]
[ADMIN] 17:19:13.882734 シナリオ走行を終了しました [シナリオ名: ログイン]
[ADMIN] 17:19:13.882743 シナリオ走行を開始しました [シナリオ名: ログイン]
[ADMIN] 17:19:13.885599 シナリオ走行を終了しました [シナリオ名: ログイン]
[ADMIN] 17:19:13.885611 シナリオ走行を開始しました [シナリオ名: ログイン]
[ADMIN] 17:19:13.893120 シナリオ走行を終了しました [シナリオ名: Banユーザログイン]
[ADMIN] 17:19:13.893130 シナリオ走行を開始しました [シナリオ名: Banユーザログイン]
[ADMIN] 17:19:13.893131 シナリオ走行を終了しました [シナリオ名: Banユーザログイン]
[ADMIN] 17:19:13.893145 シナリオ走行を開始しました [シナリオ名: Banユーザログイン]
[ADMIN] 17:19:13.901362 シナリオ走行を終了しました [シナリオ名: Banユーザログイン]
[ADMIN] 17:19:13.901377 シナリオ走行を開始しました [シナリオ名: Banユーザログイン]
[ADMIN] 17:19:13.902761 シナリオ走行を終了しました [シナリオ名: Banユーザログイン]
[ADMIN] 17:19:13.902776 シナリオ走行を開始しました [シナリオ名: Banユーザログイン]
[ADMIN] 17:19:13.905233 シナリオ走行を終了しました [シナリオ名: Banユーザログイン]
[ADMIN] 17:19:13.905246 シナリオ走行を開始しました [シナリオ名: Banユーザログイン]
[ADMIN] 17:19:13.913992 シナリオ走行を終了しました [シナリオ名: Banユーザログイン]
[ADMIN] 17:19:13.914011 シナリオ走行を開始しました [シナリオ名: Banユーザログイン]
[ADMIN] 17:19:13.931787 シナリオ走行を終了しました [シナリオ名: ログイン]
[ADMIN] 17:19:13.931805 シナリオ走行を開始しました [シナリオ名: ログイン]
[ADMIN] 17:19:13.969229 シナリオ走行を終了しました [シナリオ名: ログイン]
[ADMIN] 17:19:13.969241 シナリオ走行を開始しました [シナリオ名: ログイン]
[ADMIN] 17:19:14.053999 シナリオ走行を終了しました [シナリオ名: ログイン]
[ADMIN] 17:19:14.054014 シナリオ走行を開始しました [シナリオ名: ログイン]
[ADMIN] 17:19:14.068035 シナリオ走行を終了しました [シナリオ名: ログイン]
[ADMIN] 17:19:14.068046 シナリオ走行を開始しました [シナリオ名: ログイン]
[ADMIN] 17:19:14.125170 シナリオ走行を終了しました [シナリオ名: ログイン]
[ADMIN] 17:19:14.125192 シナリオ走行を開始しました [シナリオ名: ログイン]
[ADMIN] 17:19:14.125268 シナリオ走行を終了しました [シナリオ名: ログイン]
[ADMIN] 17:19:14.125285 シナリオ走行を開始しました [シナリオ名: ログイン]
[ADMIN] 17:19:14.154179 シナリオ走行を終了しました [シナリオ名: ログイン]
[ADMIN] 17:19:14.154193 シナリオ走行を開始しました [シナリオ名: ログイン]
[ADMIN] 17:19:14.154491 シナリオ走行を終了しました [シナリオ名: ログイン]
[ADMIN] 17:19:14.154501 シナリオ走行を開始しました [シナリオ名: ログイン]
[ADMIN] 17:19:14.201552 シナリオ走行を終了しました [シナリオ名: ログイン]
[ADMIN] 17:19:14.201566 シナリオ走行を開始しました [シナリオ名: ログイン]
[ADMIN] 17:19:14.224305 シナリオ走行を終了しました [シナリオ名: ログイン]
[ADMIN] 17:19:14.224320 シナリオ走行を開始しました [シナリオ名: ログイン]
[ADMIN] 17:19:14.258779 シナリオ走行を終了しました [シナリオ名: ログイン]
[ADMIN] 17:19:14.258792 シナリオ走行を開始しました [シナリオ名: ログイン]
[ADMIN] 17:19:14.261744 シナリオ走行を終了しました [シナリオ名: 新規ユーザー登録]
[ADMIN] 17:19:14.261764 シナリオ走行を開始しました [シナリオ名: 新規ユーザー登録]
[ADMIN] 17:19:14.262993 シナリオ走行を終了しました [シナリオ名: ログイン]
[ADMIN] 17:19:14.263002 シナリオ走行を開始しました [シナリオ名: ログイン]
[ADMIN] 17:19:14.276611 シナリオ走行を終了しました [シナリオ名: ログイン]
[ADMIN] 17:19:14.276622 シナリオ走行を開始しました [シナリオ名: ログイン]
[ADMIN] 17:19:14.278607 シナリオ走行を終了しました [シナリオ名: ログイン]
[ADMIN] 17:19:14.278630 シナリオ走行を開始しました [シナリオ名: ログイン]
[ADMIN] 17:19:14.281281 シナリオ走行を終了しました [シナリオ名: ログイン]
[ADMIN] 17:19:14.281288 シナリオ走行を開始しました [シナリオ名: ログイン]
[ADMIN] 17:19:14.292662 シナリオ走行を終了しました [シナリオ名: ログイン]
[ADMIN] 17:19:14.292672 シナリオ走行を開始しました [シナリオ名: ログイン]
[ADMIN] 17:19:14.336227 シナリオ走行を終了しました [シナリオ名: ログイン]
[ADMIN] 17:19:14.336239 シナリオ走行を開始しました [シナリオ名: ログイン]
[ADMIN] 17:19:14.347793 シナリオ走行を終了しました [シナリオ名: ログイン]
[ADMIN] 17:19:14.347805 シナリオ走行を開始しました [シナリオ名: ログイン]
[ADMIN] 17:19:14.348871 シナリオ走行を終了しました [シナリオ名: ログイン]
[ADMIN] 17:19:14.348879 シナリオ走行を開始しました [シナリオ名: ログイン]
[ADMIN] 17:19:14.365961 シナリオ走行を終了しました [シナリオ名: ログイン]
[ADMIN] 17:19:14.365972 シナリオ走行を開始しました [シナリオ名: ログイン]
[ADMIN] 17:19:14.370219 シナリオ走行を終了しました [シナリオ名: ログイン]
[ADMIN] 17:19:14.370230 シナリオ走行を開始しました [シナリオ名: ログイン]
[ADMIN] 17:19:14.388776 シナリオ走行を終了しました [シナリオ名: Banユーザログイン]
[ADMIN] 17:19:14.388791 シナリオ走行を開始しました [シナリオ名: Banユーザログイン]
[ADMIN] 17:19:14.393988 シナリオ走行を終了しました [シナリオ名: ログイン]
[ADMIN] 17:19:14.394001 シナリオ走行を開始しました [シナリオ名: ログイン]
[ADMIN] 17:19:14.409188 シナリオ走行を終了しました [シナリオ名: Banユーザログイン]
[ADMIN] 17:19:14.409211 シナリオ走行を開始しました [シナリオ名: Banユーザログイン]
[ADMIN] 17:19:14.422876 シナリオ走行を終了しました [シナリオ名: Banユーザログイン]
[ADMIN] 17:19:14.422895 シナリオ走行を開始しました [シナリオ名: Banユーザログイン]
[ADMIN] 17:19:14.426751 シナリオ走行を終了しました [シナリオ名: ログイン]
[ADMIN] 17:19:14.426765 シナリオ走行を開始しました [シナリオ名: ログイン]
[ADMIN] 17:19:14.434162 シナリオ走行を終了しました [シナリオ名: ログイン]
[ADMIN] 17:19:14.434172 シナリオ走行を開始しました [シナリオ名: ログイン]
[ADMIN] 17:19:14.436242 シナリオ走行を終了しました [シナリオ名: ログイン]
[ADMIN] 17:19:14.436251 シナリオ走行を開始しました [シナリオ名: ログイン]
[ADMIN] 17:19:14.436400 シナリオ走行を終了しました [シナリオ名: ログイン]
[ADMIN] 17:19:14.436407 シナリオ走行を開始しました [シナリオ名: ログイン]
[ADMIN] 17:19:14.440225 シナリオ走行を終了しました [シナリオ名: ログイン]
[ADMIN] 17:19:14.440232 シナリオ走行を開始しました [シナリオ名: ログイン]
[ADMIN] 17:19:14.447867 シナリオ走行を終了しました [シナリオ名: ログイン]
[ADMIN] 17:19:14.447875 シナリオ走行を開始しました [シナリオ名: ログイン]
[ADMIN] 17:19:14.451484 シナリオ走行を終了しました [シナリオ名: Banユーザログイン]
[ADMIN] 17:19:14.451500 シナリオ走行を開始しました [シナリオ名: Banユーザログイン]
[ADMIN] 17:19:14.453991 シナリオ走行を終了しました [シナリオ名: Banユーザログイン]
[ADMIN] 17:19:14.454005 シナリオ走行を開始しました [シナリオ名: Banユーザログイン]
[ADMIN] 17:19:14.455375 シナリオ走行を終了しました [シナリオ名: Banユーザログイン]
[ADMIN] 17:19:14.455388 シナリオ走行を開始しました [シナリオ名: Banユーザログイン]
[ADMIN] 17:19:14.475528 シナリオ走行を終了しました [シナリオ名: ログイン]
[ADMIN] 17:19:14.475545 シナリオ走行を開始しました [シナリオ名: ログイン]
[ADMIN] 17:19:14.481899 シナリオ走行を終了しました [シナリオ名: Banユーザログイン]
[ADMIN] 17:19:14.481914 シナリオ走行を開始しました [シナリオ名: Banユーザログイン]
[ADMIN] 17:19:14.483326 シナリオ走行を終了しました [シナリオ名: Banユーザログイン]
[ADMIN] 17:19:14.483341 シナリオ走行を開始しました [シナリオ名: Banユーザログイン]
[ADMIN] 17:19:14.518154 シナリオ走行を終了しました [シナリオ名: 新規ユーザー登録]
[ADMIN] 17:19:14.518182 シナリオ走行を開始しました [シナリオ名: 新規ユーザー登録]
[ADMIN] 17:19:14.518835 シナリオ走行を終了しました [シナリオ名: ログイン]
[ADMIN] 17:19:14.518844 シナリオ走行を開始しました [シナリオ名: ログイン]
[ADMIN] 17:19:14.597850 シナリオ走行を終了しました [シナリオ名: 新規ユーザー登録]
[ADMIN] 17:19:14.597876 シナリオ走行を開始しました [シナリオ名: 新規ユーザー登録]
[ADMIN] 17:19:14.600233 シナリオ走行を終了しました [シナリオ名: 新規ユーザー登録]
[ADMIN] 17:19:14.600250 シナリオ走行を開始しました [シナリオ名: 新規ユーザー登録]
[ADMIN] 17:19:14.641193 シナリオ走行を終了しました [シナリオ名: ログイン]
[ADMIN] 17:19:14.641293 シナリオ走行を開始しました [シナリオ名: ログイン]
[ADMIN] 17:19:14.664431 シナリオ走行を終了しました [シナリオ名: ログイン]
[ADMIN] 17:19:14.664450 シナリオ走行を開始しました [シナリオ名: ログイン]
[ADMIN] 17:19:14.664610 シナリオ走行を終了しました [シナリオ名: 新規ユーザー登録]
[ADMIN] 17:19:14.664629 シナリオ走行を開始しました [シナリオ名: 新規ユーザー登録]
[ADMIN] 17:19:14.689837 シナリオ走行を終了しました [シナリオ名: 新規ユーザー登録]
[ADMIN] 17:19:14.689863 シナリオ走行を開始しました [シナリオ名: 新規ユーザー登録]
[ADMIN] 17:19:14.700911 シナリオ走行を終了しました [シナリオ名: 新規ユーザー登録]
[ADMIN] 17:19:14.700943 シナリオ走行を開始しました [シナリオ名: 新規ユーザー登録]
[ADMIN] 17:19:14.713234 シナリオ走行を終了しました [シナリオ名: ログイン]
[ADMIN] 17:19:14.713247 シナリオ走行を開始しました [シナリオ名: ログイン]
[ADMIN] 17:19:14.719789 シナリオ走行を終了しました [シナリオ名: 新規ユーザー登録]
[ADMIN] 17:19:14.719820 シナリオ走行を開始しました [シナリオ名: 新規ユーザー登録]
[ADMIN] 17:19:14.795050 シナリオ走行を終了しました [シナリオ名: ログイン]
[ADMIN] 17:19:14.795072 シナリオ走行を開始しました [シナリオ名: ログイン]
[ADMIN] 17:19:14.801811 シナリオ走行を終了しました [シナリオ名: ログイン]
[ADMIN] 17:19:14.801823 シナリオ走行を開始しました [シナリオ名: ログイン]
[ADMIN] 17:19:14.804081 シナリオ走行を終了しました [シナリオ名: 新規ユーザー登録]
[ADMIN] 17:19:14.804103 シナリオ走行を開始しました [シナリオ名: 新規ユーザー登録]
[ADMIN] 17:19:14.807597 シナリオ走行を終了しました [シナリオ名: 新規ユーザー登録]
[ADMIN] 17:19:14.807626 シナリオ走行を開始しました [シナリオ名: 新規ユーザー登録]
[ADMIN] 17:19:14.821196 シナリオ走行を終了しました [シナリオ名: 新規ユーザー登録]
[ADMIN] 17:19:14.821238 シナリオ走行を開始しました [シナリオ名: 新規ユーザー登録]
[ADMIN] 17:19:14.836825 シナリオ走行を終了しました [シナリオ名: 新規ユーザー登録]
[ADMIN] 17:19:14.836842 シナリオ走行を開始しました [シナリオ名: 新規ユーザー登録]
[ADMIN] 17:19:14.858100 シナリオ走行を終了しました [シナリオ名: 新規ユーザー登録]
[ADMIN] 17:19:14.858129 シナリオ走行を開始しました [シナリオ名: 新規ユーザー登録]
[ADMIN] 17:19:14.860272 シナリオ走行を終了しました [シナリオ名: 新規ユーザー登録]
[ADMIN] 17:19:14.860292 シナリオ走行を開始しました [シナリオ名: 新規ユーザー登録]
[ADMIN] 17:19:14.864268 シナリオ走行を終了しました [シナリオ名: 新規ユーザー登録]
[ADMIN] 17:19:14.864291 シナリオ走行を開始しました [シナリオ名: 新規ユーザー登録]
[ADMIN] 17:19:14.869478 シナリオ走行を終了しました [シナリオ名: ログイン]
[ADMIN] 17:19:14.869489 シナリオ走行を開始しました [シナリオ名: ログイン]
[ADMIN] 17:19:14.876282 シナリオ走行を終了しました [シナリオ名: ログイン]
[ADMIN] 17:19:14.876291 シナリオ走行を開始しました [シナリオ名: ログイン]
[ADMIN] 17:19:14.901391 シナリオ走行を終了しました [シナリオ名: 新規ユーザー登録]
[ADMIN] 17:19:14.901412 シナリオ走行を開始しました [シナリオ名: 新規ユーザー登録]
[ADMIN] 17:19:14.901870 シナリオ走行を終了しました [シナリオ名: 新規ユーザー登録]
[ADMIN] 17:19:14.901889 シナリオ走行を開始しました [シナリオ名: 新規ユーザー登録]
[ADMIN] 17:19:14.902046 シナリオ走行を終了しました [シナリオ名: ログイン]
[ADMIN] 17:19:14.902055 シナリオ走行を開始しました [シナリオ名: ログイン]
[ADMIN] 17:19:14.904007 シナリオ走行を終了しました [シナリオ名: ログイン]
[ADMIN] 17:19:14.904016 シナリオ走行を開始しました [シナリオ名: ログイン]
[ADMIN] 17:19:14.921637 シナリオ走行を終了しました [シナリオ名: 新規ユーザー登録]
[ADMIN] 17:19:14.921661 シナリオ走行を開始しました [シナリオ名: 新規ユーザー登録]
[ADMIN] 17:19:14.921772 シナリオ走行を終了しました [シナリオ名: ログイン]
[ADMIN] 17:19:14.921782 シナリオ走行を開始しました [シナリオ名: ログイン]
[ADMIN] 17:19:14.929697 シナリオ走行を終了しました [シナリオ名: 新規ユーザー登録]
[ADMIN] 17:19:14.929720 シナリオ走行を開始しました [シナリオ名: 新規ユーザー登録]
[ADMIN] 17:19:14.930026 シナリオ走行を終了しました [シナリオ名: Banユーザログイン]
[ADMIN] 17:19:14.930038 シナリオ走行を開始しました [シナリオ名: Banユーザログイン]
[ADMIN] 17:19:14.949793 シナリオ走行を終了しました [シナリオ名: Banユーザログイン]
[ADMIN] 17:19:14.949809 シナリオ走行を開始しました [シナリオ名: Banユーザログイン]
[ADMIN] 17:19:14.950792 シナリオ走行を終了しました [シナリオ名: Banユーザログイン]
[ADMIN] 17:19:14.950809 シナリオ走行を開始しました [シナリオ名: Banユーザログイン]
[ADMIN] 17:19:14.954739 シナリオ走行を終了しました [シナリオ名: 新規ユーザー登録]
[ADMIN] 17:19:14.954760 シナリオ走行を開始しました [シナリオ名: 新規ユーザー登録]
[ADMIN] 17:19:14.958639 シナリオ走行を終了しました [シナリオ名: 新規ユーザー登録]
[ADMIN] 17:19:14.958662 シナリオ走行を開始しました [シナリオ名: 新規ユーザー登録]
[ADMIN] 17:19:14.981280 シナリオ走行を終了しました [シナリオ名: ログイン]
[ADMIN] 17:19:14.981298 シナリオ走行を開始しました [シナリオ名: ログイン]
[ADMIN] 17:19:14.982652 シナリオ走行を終了しました [シナリオ名: Banユーザログイン]
[ADMIN] 17:19:14.982666 シナリオ走行を開始しました [シナリオ名: Banユーザログイン]
[ADMIN] 17:19:14.982808 シナリオ走行を終了しました [シナリオ名: ログイン]
[ADMIN] 17:19:14.982819 シナリオ走行を開始しました [シナリオ名: ログイン]
[ADMIN] 17:19:14.986862 シナリオ走行を終了しました [シナリオ名: ログイン]
[ADMIN] 17:19:14.986870 シナリオ走行を開始しました [シナリオ名: ログイン]
[ADMIN] 17:19:14.988238 シナリオ走行を終了しました [シナリオ名: Banユーザログイン]
[ADMIN] 17:19:14.988252 シナリオ走行を開始しました [シナリオ名: Banユーザログイン]
[ADMIN] 17:19:15.001241 シナリオ走行を終了しました [シナリオ名: Banユーザログイン]
[ADMIN] 17:19:15.001257 シナリオ走行を開始しました [シナリオ名: Banユーザログイン]
[ADMIN] 17:19:15.031532 シナリオ走行を終了しました [シナリオ名: Banユーザログイン]
[ADMIN] 17:19:15.031554 シナリオ走行を開始しました [シナリオ名: Banユーザログイン]
[ADMIN] 17:19:15.040705 シナリオ走行を終了しました [シナリオ名: Banユーザログイン]
[ADMIN] 17:19:15.040724 シナリオ走行を開始しました [シナリオ名: Banユーザログイン]
[ADMIN] 17:19:15.040802 シナリオ走行を終了しました [シナリオ名: ログイン]
[ADMIN] 17:19:15.040826 シナリオ走行を開始しました [シナリオ名: ログイン]
[ADMIN] 17:19:15.051591 シナリオ走行を終了しました [シナリオ名: ログイン]
[ADMIN] 17:19:15.051603 シナリオ走行を開始しました [シナリオ名: ログイン]
[ADMIN] 17:19:15.090524 シナリオ走行を終了しました [シナリオ名: 新規ユーザー登録]
[ADMIN] 17:19:15.090557 シナリオ走行を開始しました [シナリオ名: 新規ユーザー登録]
[ADMIN] 17:19:15.090787 シナリオ走行を終了しました [シナリオ名: 新規ユーザー登録]
[ADMIN] 17:19:15.090809 シナリオ走行を開始しました [シナリオ名: 新規ユーザー登録]
[ADMIN] 17:19:15.090894 シナリオ走行を終了しました [シナリオ名: 新規ユーザー登録]
[ADMIN] 17:19:15.090923 シナリオ走行を開始しました [シナリオ名: 新規ユーザー登録]
[ADMIN] 17:19:15.137798 シナリオ走行を終了しました [シナリオ名: ログイン]
[ADMIN] 17:19:15.137811 シナリオ走行を開始しました [シナリオ名: ログイン]
[ADMIN] 17:19:15.172432 シナリオ走行を終了しました [シナリオ名: 新規ユーザー登録]
[ADMIN] 17:19:15.172459 シナリオ走行を開始しました [シナリオ名: 新規ユーザー登録]
[ADMIN] 17:19:15.205070 シナリオ走行を終了しました [シナリオ名: 新規ユーザー登録]
[ADMIN] 17:19:15.205091 シナリオ走行を開始しました [シナリオ名: 新規ユーザー登録]
[ADMIN] 17:19:15.233629 シナリオ走行を終了しました [シナリオ名: 新規ユーザー登録]
[ADMIN] 17:19:15.233654 シナリオ走行を開始しました [シナリオ名: 新規ユーザー登録]
[ADMIN] 17:19:15.235462 シナリオ走行を終了しました [シナリオ名: ログイン]
[ADMIN] 17:19:15.235474 シナリオ走行を開始しました [シナリオ名: ログイン]
[ADMIN] 17:19:15.235883 シナリオ走行を終了しました [シナリオ名: ログイン]
[ADMIN] 17:19:15.235894 シナリオ走行を開始しました [シナリオ名: ログイン]
[ADMIN] 17:19:15.257870 シナリオ走行を終了しました [シナリオ名: ログイン]
[ADMIN] 17:19:15.257881 シナリオ走行を開始しました [シナリオ名: ログイン]
[ADMIN] 17:19:15.286716 シナリオ走行を終了しました [シナリオ名: ログイン]
[ADMIN] 17:19:15.286729 シナリオ走行を開始しました [シナリオ名: ログイン]
[ADMIN] 17:19:15.303859 シナリオ走行を終了しました [シナリオ名: ログイン]
[ADMIN] 17:19:15.303873 シナリオ走行を開始しました [シナリオ名: ログイン]
[ADMIN] 17:19:15.309364 シナリオ走行を終了しました [シナリオ名: ログイン]
[ADMIN] 17:19:15.309376 シナリオ走行を開始しました [シナリオ名: ログイン]
[ADMIN] 17:19:15.322457 シナリオ走行を終了しました [シナリオ名: ログイン]
[ADMIN] 17:19:15.322472 シナリオ走行を開始しました [シナリオ名: ログイン]
[ADMIN] 17:19:15.332562 シナリオ走行を終了しました [シナリオ名: ログイン]
[ADMIN] 17:19:15.332573 シナリオ走行を開始しました [シナリオ名: ログイン]
[ADMIN] 17:19:15.344313 シナリオ走行を終了しました [シナリオ名: ログイン]
[ADMIN] 17:19:15.344324 シナリオ走行を開始しました [シナリオ名: ログイン]
[ADMIN] 17:19:15.348349 シナリオ走行を終了しました [シナリオ名: ログイン]
[ADMIN] 17:19:15.348360 シナリオ走行を開始しました [シナリオ名: ログイン]
[ADMIN] 17:19:15.360232 シナリオ走行を終了しました [シナリオ名: 新規ユーザー登録]
[ADMIN] 17:19:15.360250 シナリオ走行を開始しました [シナリオ名: 新規ユーザー登録]
[ADMIN] 17:19:15.369422 シナリオ走行を終了しました [シナリオ名: ログイン]
[ADMIN] 17:19:15.369432 シナリオ走行を開始しました [シナリオ名: ログイン]
[ADMIN] 17:19:15.379064 シナリオ走行を終了しました [シナリオ名: ログイン]
[ADMIN] 17:19:15.379075 シナリオ走行を開始しました [シナリオ名: ログイン]
[ADMIN] 17:19:15.379450 シナリオ走行を終了しました [シナリオ名: ログイン]
[ADMIN] 17:19:15.379458 シナリオ走行を開始しました [シナリオ名: ログイン]
[ADMIN] 17:19:15.380028 シナリオ走行を終了しました [シナリオ名: ログイン]
[ADMIN] 17:19:15.380039 シナリオ走行を開始しました [シナリオ名: ログイン]
[ADMIN] 17:19:15.387355 シナリオ走行を終了しました [シナリオ名: ログイン]
[ADMIN] 17:19:15.387366 シナリオ走行を開始しました [シナリオ名: ログイン]
[ADMIN] 17:19:15.405473 シナリオ走行を終了しました [シナリオ名: ログイン]
[ADMIN] 17:19:15.405491 シナリオ走行を開始しました [シナリオ名: ログイン]
[ADMIN] 17:19:15.408829 シナリオ走行を終了しました [シナリオ名: 新規ユーザー登録]
[ADMIN] 17:19:15.408845 シナリオ走行を開始しました [シナリオ名: 新規ユーザー登録]
[ADMIN] 17:19:15.411022 シナリオ走行を終了しました [シナリオ名: ログイン]
[ADMIN] 17:19:15.411031 シナリオ走行を開始しました [シナリオ名: ログイン]
[ADMIN] 17:19:15.413743 シナリオ走行を終了しました [シナリオ名: ログイン]
[ADMIN] 17:19:15.413751 シナリオ走行を開始しました [シナリオ名: ログイン]
[ADMIN] 17:19:15.414848 シナリオ走行を終了しました [シナリオ名: 新規ユーザー登録]
[ADMIN] 17:19:15.414869 シナリオ走行を開始しました [シナリオ名: 新規ユーザー登録]
[ADMIN] 17:19:15.415343 シナリオ走行を終了しました [シナリオ名: 新規ユーザー登録]
[ADMIN] 17:19:15.415356 シナリオ走行を開始しました [シナリオ名: 新規ユーザー登録]
[ADMIN] 17:19:15.417041 シナリオ走行を終了しました [シナリオ名: 新規ユーザー登録]
[ADMIN] 17:19:15.417052 シナリオ走行を開始しました [シナリオ名: 新規ユーザー登録]
[ADMIN] 17:19:15.424832 シナリオ走行を終了しました [シナリオ名: 新規ユーザー登録]
[ADMIN] 17:19:15.424851 シナリオ走行を開始しました [シナリオ名: 新規ユーザー登録]
[ADMIN] 17:19:15.430442 シナリオ走行を終了しました [シナリオ名: ログイン]
[ADMIN] 17:19:15.430451 シナリオ走行を開始しました [シナリオ名: ログイン]
[ADMIN] 17:19:15.431094 シナリオ走行を終了しました [シナリオ名: ログイン]
[ADMIN] 17:19:15.431102 シナリオ走行を開始しました [シナリオ名: ログイン]
[ADMIN] 17:19:15.434528 シナリオ走行を終了しました [シナリオ名: ログイン]
[ADMIN] 17:19:15.434540 シナリオ走行を開始しました [シナリオ名: ログイン]
[ADMIN] 17:19:15.440071 シナリオ走行を終了しました [シナリオ名: ログイン]
[ADMIN] 17:19:15.440079 シナリオ走行を開始しました [シナリオ名: ログイン]
[ADMIN] 17:19:15.450592 シナリオ走行を終了しました [シナリオ名: ログイン]
[ADMIN] 17:19:15.450601 シナリオ走行を開始しました [シナリオ名: ログイン]
[ADMIN] 17:19:15.453729 シナリオ走行を終了しました [シナリオ名: ログイン]
[ADMIN] 17:19:15.453737 シナリオ走行を開始しました [シナリオ名: ログイン]
[ADMIN] 17:19:15.463508 シナリオ走行を終了しました [シナリオ名: Banユーザログイン]
[ADMIN] 17:19:15.463523 シナリオ走行を開始しました [シナリオ名: Banユーザログイン]
[ADMIN] 17:19:15.479301 シナリオ走行を終了しました [シナリオ名: ログイン]
[ADMIN] 17:19:15.479312 シナリオ走行を開始しました [シナリオ名: ログイン]
[ADMIN] 17:19:15.485942 シナリオ走行を終了しました [シナリオ名: Banユーザログイン]
[ADMIN] 17:19:15.486001 シナリオ走行を開始しました [シナリオ名: Banユーザログイン]
[ADMIN] 17:19:15.488059 シナリオ走行を終了しました [シナリオ名: 新規ユーザー登録]
[ADMIN] 17:19:15.488075 シナリオ走行を開始しました [シナリオ名: 新規ユーザー登録]
[ADMIN] 17:19:15.507716 シナリオ走行を終了しました [シナリオ名: ログイン]
[ADMIN] 17:19:15.507725 シナリオ走行を開始しました [シナリオ名: ログイン]
[ADMIN] 17:19:15.513383 シナリオ走行を終了しました [シナリオ名: Banユーザログイン]
[ADMIN] 17:19:15.513392 シナリオ走行を開始しました [シナリオ名: Banユーザログイン]
[ADMIN] 17:19:15.520437 シナリオ走行を終了しました [シナリオ名: Banユーザログイン]
[ADMIN] 17:19:15.520452 シナリオ走行を開始しました [シナリオ名: Banユーザログイン]
[ADMIN] 17:19:15.532232 シナリオ走行を終了しました [シナリオ名: ログイン]
[ADMIN] 17:19:15.532241 シナリオ走行を開始しました [シナリオ名: ログイン]
[ADMIN] 17:19:15.550064 シナリオ走行を終了しました [シナリオ名: Banユーザログイン]
[ADMIN] 17:19:15.550080 シナリオ走行を開始しました [シナリオ名: Banユーザログイン]
[ADMIN] 17:19:15.555526 シナリオ走行を終了しました [シナリオ名: Banユーザログイン]
[ADMIN] 17:19:15.555542 シナリオ走行を開始しました [シナリオ名: Banユーザログイン]
[ADMIN] 17:19:15.587709 シナリオ走行を終了しました [シナリオ名: Banユーザログイン]
[ADMIN] 17:19:15.587728 シナリオ走行を開始しました [シナリオ名: Banユーザログイン]
[ADMIN] 17:19:15.607523 シナリオ走行を終了しました [シナリオ名: Banユーザログイン]
[ADMIN] 17:19:15.607534 シナリオ走行を開始しました [シナリオ名: Banユーザログイン]
[ADMIN] 17:19:15.615324 シナリオ走行を終了しました [シナリオ名: ログイン]
[ADMIN] 17:19:15.615334 シナリオ走行を開始しました [シナリオ名: ログイン]
[ADMIN] 17:19:15.687050 シナリオ走行を終了しました [シナリオ名: ログイン]
[ADMIN] 17:19:15.687061 シナリオ走行を開始しました [シナリオ名: ログイン]
[ADMIN] 17:19:15.844813 シナリオ走行を終了しました [シナリオ名: ログイン]
[ADMIN] 17:19:15.844827 シナリオ走行を開始しました [シナリオ名: ログイン]
[ADMIN] 17:19:15.892578 シナリオ走行を終了しました [シナリオ名: ログイン]
[ADMIN] 17:19:15.892595 シナリオ走行を開始しました [シナリオ名: ログイン]
[ADMIN] 17:19:15.899461 シナリオ走行を終了しました [シナリオ名: ログイン]
[ADMIN] 17:19:15.899474 シナリオ走行を開始しました [シナリオ名: ログイン]
[ADMIN] 17:19:15.919381 シナリオ走行を終了しました [シナリオ名: ログイン]
[ADMIN] 17:19:15.919392 シナリオ走行を開始しました [シナリオ名: ログイン]
[ADMIN] 17:19:15.924484 シナリオ走行を終了しました [シナリオ名: ログイン]
[ADMIN] 17:19:15.924495 シナリオ走行を開始しました [シナリオ名: ログイン]
[ADMIN] 17:19:15.925592 シナリオ走行を終了しました [シナリオ名: ログイン]
[ADMIN] 17:19:15.925602 シナリオ走行を開始しました [シナリオ名: ログイン]
[ADMIN] 17:19:15.927983 シナリオ走行を終了しました [シナリオ名: 新規ユーザー登録]
[ADMIN] 17:19:15.927997 シナリオ走行を開始しました [シナリオ名: 新規ユーザー登録]
[ADMIN] 17:19:15.971702 シナリオ走行を終了しました [シナリオ名: ログイン]
[ADMIN] 17:19:15.971715 シナリオ走行を開始しました [シナリオ名: ログイン]
[ADMIN] 17:19:15.989660 シナリオ走行を終了しました [シナリオ名: ログイン]
[ADMIN] 17:19:15.989673 シナリオ走行を開始しました [シナリオ名: ログイン]
[ADMIN] 17:19:15.992059 シナリオ走行を終了しました [シナリオ名: ログイン]
[ADMIN] 17:19:15.992072 シナリオ走行を開始しました [シナリオ名: ログイン]
[ADMIN] 17:19:15.992264 シナリオ走行を終了しました [シナリオ名: ログイン]
[ADMIN] 17:19:15.992271 シナリオ走行を開始しました [シナリオ名: ログイン]
[ADMIN] 17:19:16.014683 シナリオ走行を終了しました [シナリオ名: Banユーザログイン]
[ADMIN] 17:19:16.014689 シナリオ走行を終了しました [シナリオ名: Banユーザログイン]
[ADMIN] 17:19:16.014697 シナリオ走行を開始しました [シナリオ名: Banユーザログイン]
[ADMIN] 17:19:16.014728 シナリオ走行を開始しました [シナリオ名: Banユーザログイン]
[ADMIN] 17:19:16.049642 シナリオ走行を終了しました [シナリオ名: Banユーザログイン]
[ADMIN] 17:19:16.049661 シナリオ走行を開始しました [シナリオ名: Banユーザログイン]
[ADMIN] 17:19:16.087042 シナリオ走行を終了しました [シナリオ名: Banユーザログイン]
[ADMIN] 17:19:16.087062 シナリオ走行を開始しました [シナリオ名: Banユーザログイン]
[ADMIN] 17:19:16.087116 シナリオ走行を終了しました [シナリオ名: ログイン]
[ADMIN] 17:19:16.087130 シナリオ走行を開始しました [シナリオ名: ログイン]
[ADMIN] 17:19:16.108317 シナリオ走行を終了しました [シナリオ名: Banユーザログイン]
[ADMIN] 17:19:16.108335 シナリオ走行を開始しました [シナリオ名: Banユーザログイン]
[ADMIN] 17:19:16.108682 シナリオ走行を終了しました [シナリオ名: Banユーザログイン]
[ADMIN] 17:19:16.108698 シナリオ走行を開始しました [シナリオ名: Banユーザログイン]
[ADMIN] 17:19:16.141823 シナリオ走行を終了しました [シナリオ名: Banユーザログイン]
[ADMIN] 17:19:16.141844 シナリオ走行を開始しました [シナリオ名: Banユーザログイン]
[ADMIN] 17:19:16.149037 シナリオ走行を終了しました [シナリオ名: Banユーザログイン]
[ADMIN] 17:19:16.149053 シナリオ走行を開始しました [シナリオ名: Banユーザログイン]
[ADMIN] 17:19:16.162859 シナリオ走行を終了しました [シナリオ名: ログイン]
[ADMIN] 17:19:16.162871 シナリオ走行を開始しました [シナリオ名: ログイン]
[ADMIN] 17:19:16.176857 シナリオ走行を終了しました [シナリオ名: 新規ユーザー登録]
[ADMIN] 17:19:16.176876 シナリオ走行を開始しました [シナリオ名: 新規ユーザー登録]
[ADMIN] 17:19:16.190877 シナリオ走行を終了しました [シナリオ名: 新規ユーザー登録]
[ADMIN] 17:19:16.190894 シナリオ走行を開始しました [シナリオ名: 新規ユーザー登録]
[ADMIN] 17:19:16.237040 シナリオ走行を終了しました [シナリオ名: ログイン]
[ADMIN] 17:19:16.237052 シナリオ走行を開始しました [シナリオ名: ログイン]
[ADMIN] 17:19:16.275322 シナリオ走行を終了しました [シナリオ名: 新規ユーザー登録]
[ADMIN] 17:19:16.275346 シナリオ走行を開始しました [シナリオ名: 新規ユーザー登録]
[ADMIN] 17:19:16.306172 シナリオ走行を終了しました [シナリオ名: ログイン]
[ADMIN] 17:19:16.306185 シナリオ走行を開始しました [シナリオ名: ログイン]
[ADMIN] 17:19:16.307652 シナリオ走行を終了しました [シナリオ名: ログイン]
[ADMIN] 17:19:16.307662 シナリオ走行を開始しました [シナリオ名: ログイン]
[ADMIN] 17:19:16.334971 シナリオ走行を終了しました [シナリオ名: 新規ユーザー登録]
[ADMIN] 17:19:16.335001 シナリオ走行を開始しました [シナリオ名: 新規ユーザー登録]
[ADMIN] 17:19:16.343507 シナリオ走行を終了しました [シナリオ名: ログイン]
[ADMIN] 17:19:16.343517 シナリオ走行を開始しました [シナリオ名: ログイン]
[ADMIN] 17:19:16.354498 シナリオ走行を終了しました [シナリオ名: ログイン]
[ADMIN] 17:19:16.354511 シナリオ走行を開始しました [シナリオ名: ログイン]
[ADMIN] 17:19:16.354591 シナリオ走行を終了しました [シナリオ名: ログイン]
[ADMIN] 17:19:16.354600 シナリオ走行を開始しました [シナリオ名: ログイン]
[ADMIN] 17:19:16.358150 シナリオ走行を終了しました [シナリオ名: ログイン]
[ADMIN] 17:19:16.358164 シナリオ走行を開始しました [シナリオ名: ログイン]
[ADMIN] 17:19:16.358295 シナリオ走行を終了しました [シナリオ名: ログイン]
[ADMIN] 17:19:16.358304 シナリオ走行を開始しました [シナリオ名: ログイン]
[ADMIN] 17:19:16.380484 シナリオ走行を終了しました [シナリオ名: ログイン]
[ADMIN] 17:19:16.380495 シナリオ走行を開始しました [シナリオ名: ログイン]
[ADMIN] 17:19:16.390011 シナリオ走行を終了しました [シナリオ名: ログイン]
[ADMIN] 17:19:16.390021 シナリオ走行を開始しました [シナリオ名: ログイン]
[ADMIN] 17:19:16.390850 シナリオ走行を終了しました [シナリオ名: ログイン]
[ADMIN] 17:19:16.390862 シナリオ走行を開始しました [シナリオ名: ログイン]
[ADMIN] 17:19:16.396593 シナリオ走行を終了しました [シナリオ名: 新規ユーザー登録]
[ADMIN] 17:19:16.396611 シナリオ走行を開始しました [シナリオ名: 新規ユーザー登録]
[ADMIN] 17:19:16.407664 シナリオ走行を終了しました [シナリオ名: ログイン]
[ADMIN] 17:19:16.407674 シナリオ走行を開始しました [シナリオ名: ログイン]
[ADMIN] 17:19:16.408424 シナリオ走行を終了しました [シナリオ名: ログイン]
[ADMIN] 17:19:16.408432 シナリオ走行を開始しました [シナリオ名: ログイン]
[ADMIN] 17:19:16.429245 シナリオ走行を終了しました [シナリオ名: 新規ユーザー登録]
[ADMIN] 17:19:16.429266 シナリオ走行を開始しました [シナリオ名: 新規ユーザー登録]
[ADMIN] 17:19:16.429288 シナリオ走行を終了しました [シナリオ名: 新規ユーザー登録]
[ADMIN] 17:19:16.429305 シナリオ走行を開始しました [シナリオ名: 新規ユーザー登録]
[ADMIN] 17:19:16.429390 シナリオ走行を終了しました [シナリオ名: 新規ユーザー登録]
[ADMIN] 17:19:16.429408 シナリオ走行を開始しました [シナリオ名: 新規ユーザー登録]
[ADMIN] 17:19:16.433527 シナリオ走行を終了しました [シナリオ名: ログイン]
[ADMIN] 17:19:16.433536 シナリオ走行を開始しました [シナリオ名: ログイン]
[ADMIN] 17:19:16.434517 シナリオ走行を終了しました [シナリオ名: ログイン]
[ADMIN] 17:19:16.434527 シナリオ走行を開始しました [シナリオ名: ログイン]
[ADMIN] 17:19:16.434800 シナリオ走行を終了しました [シナリオ名: 新規ユーザー登録]
[ADMIN] 17:19:16.434815 シナリオ走行を開始しました [シナリオ名: 新規ユーザー登録]
[ADMIN] 17:19:16.436062 シナリオ走行を終了しました [シナリオ名: ログイン]
[ADMIN] 17:19:16.436071 シナリオ走行を開始しました [シナリオ名: ログイン]
[ADMIN] 17:19:16.447420 シナリオ走行を終了しました [シナリオ名: 新規ユーザー登録]
[ADMIN] 17:19:16.447438 シナリオ走行を開始しました [シナリオ名: 新規ユーザー登録]
[ADMIN] 17:19:16.451150 シナリオ走行を終了しました [シナリオ名: 新規ユーザー登録]
[ADMIN] 17:19:16.451165 シナリオ走行を開始しました [シナリオ名: 新規ユーザー登録]
[ADMIN] 17:19:16.465644 シナリオ走行を終了しました [シナリオ名: 新規ユーザー登録]
[ADMIN] 17:19:16.465662 シナリオ走行を開始しました [シナリオ名: 新規ユーザー登録]
[ADMIN] 17:19:16.474405 シナリオ走行を終了しました [シナリオ名: 新規ユーザー登録]
[ADMIN] 17:19:16.474424 シナリオ走行を開始しました [シナリオ名: 新規ユーザー登録]
[ADMIN] 17:19:16.480564 シナリオ走行を終了しました [シナリオ名: ログイン]
[ADMIN] 17:19:16.480575 シナリオ走行を開始しました [シナリオ名: ログイン]
[ADMIN] 17:19:16.500233 シナリオ走行を終了しました [シナリオ名: 新規ユーザー登録]
[ADMIN] 17:19:16.500254 シナリオ走行を開始しました [シナリオ名: 新規ユーザー登録]
[ADMIN] 17:19:16.513121 シナリオ走行を終了しました [シナリオ名: ログイン]
[ADMIN] 17:19:16.513132 シナリオ走行を開始しました [シナリオ名: ログイン]
[ADMIN] 17:19:16.526595 シナリオ走行を終了しました [シナリオ名: 新規ユーザー登録]
[ADMIN] 17:19:16.526629 シナリオ走行を開始しました [シナリオ名: 新規ユーザー登録]
[ADMIN] 17:19:16.546249 シナリオ走行を終了しました [シナリオ名: ログイン]
[ADMIN] 17:19:16.546258 シナリオ走行を開始しました [シナリオ名: ログイン]
[ADMIN] 17:19:16.546508 シナリオ走行を終了しました [シナリオ名: 新規ユーザー登録]
[ADMIN] 17:19:16.546526 シナリオ走行を開始しました [シナリオ名: 新規ユーザー登録]
[ADMIN] 17:19:16.561482 シナリオ走行を終了しました [シナリオ名: ログイン]
[ADMIN] 17:19:16.561491 シナリオ走行を開始しました [シナリオ名: ログイン]
[ADMIN] 17:19:16.562051 シナリオ走行を終了しました [シナリオ名: ログイン]
[ADMIN] 17:19:16.562060 シナリオ走行を開始しました [シナリオ名: ログイン]
[ADMIN] 17:19:16.562349 シナリオ走行を終了しました [シナリオ名: Banユーザログイン]
[ADMIN] 17:19:16.562363 シナリオ走行を開始しました [シナリオ名: Banユーザログイン]
[ADMIN] 17:19:16.564367 シナリオ走行を終了しました [シナリオ名: ログイン]
[ADMIN] 17:19:16.564374 シナリオ走行を開始しました [シナリオ名: ログイン]
[ADMIN] 17:19:16.570996 シナリオ走行を終了しました [シナリオ名: 新規ユーザー登録]
[ADMIN] 17:19:16.571012 シナリオ走行を開始しました [シナリオ名: 新規ユーザー登録]
[ADMIN] 17:19:16.572709 シナリオ走行を終了しました [シナリオ名: Banユーザログイン]
[ADMIN] 17:19:16.572720 シナリオ走行を開始しました [シナリオ名: Banユーザログイン]
[ADMIN] 17:19:16.582266 シナリオ走行を終了しました [シナリオ名: Banユーザログイン]
[ADMIN] 17:19:16.582280 シナリオ走行を開始しました [シナリオ名: Banユーザログイン]
[ADMIN] 17:19:16.611274 シナリオ走行を終了しました [シナリオ名: Banユーザログイン]
[ADMIN] 17:19:16.611298 シナリオ走行を開始しました [シナリオ名: Banユーザログイン]
[ADMIN] 17:19:16.617145 シナリオ走行を終了しました [シナリオ名: 新規ユーザー登録]
[ADMIN] 17:19:16.617166 シナリオ走行を開始しました [シナリオ名: 新規ユーザー登録]
[ADMIN] 17:19:16.635330 シナリオ走行を終了しました [シナリオ名: Banユーザログイン]
[ADMIN] 17:19:16.635346 シナリオ走行を開始しました [シナリオ名: Banユーザログイン]
[ADMIN] 17:19:16.636727 シナリオ走行を終了しました [シナリオ名: Banユーザログイン]
[ADMIN] 17:19:16.636740 シナリオ走行を開始しました [シナリオ名: Banユーザログイン]
[ADMIN] 17:19:16.643993 シナリオ走行を終了しました [シナリオ名: ログイン]
[ADMIN] 17:19:16.644008 シナリオ走行を開始しました [シナリオ名: ログイン]
[ADMIN] 17:19:16.646984 シナリオ走行を終了しました [シナリオ名: ログイン]
[ADMIN] 17:19:16.646993 シナリオ走行を開始しました [シナリオ名: ログイン]
[ADMIN] 17:19:16.659345 シナリオ走行を終了しました [シナリオ名: 新規ユーザー登録]
[ADMIN] 17:19:16.659364 シナリオ走行を開始しました [シナリオ名: 新規ユーザー登録]
[ADMIN] 17:19:16.666020 シナリオ走行を終了しました [シナリオ名: ログイン]
[ADMIN] 17:19:16.666034 シナリオ走行を開始しました [シナリオ名: ログイン]
[ADMIN] 17:19:16.674203 シナリオ走行を終了しました [シナリオ名: ログイン]
[ADMIN] 17:19:16.674212 シナリオ走行を開始しました [シナリオ名: ログイン]
[ADMIN] 17:19:16.681099 シナリオ走行を終了しました [シナリオ名: Banユーザログイン]
[ADMIN] 17:19:16.681111 シナリオ走行を開始しました [シナリオ名: Banユーザログイン]
[ADMIN] 17:19:16.689494 シナリオ走行を終了しました [シナリオ名: Banユーザログイン]
[ADMIN] 17:19:16.689506 シナリオ走行を開始しました [シナリオ名: Banユーザログイン]
[ADMIN] 17:19:16.702595 シナリオ走行を終了しました [シナリオ名: 新規ユーザー登録]
[ADMIN] 17:19:16.702631 シナリオ走行を開始しました [シナリオ名: 新規ユーザー登録]
[ADMIN] 17:19:16.722799 シナリオ走行を終了しました [シナリオ名: 新規ユーザー登録]
[ADMIN] 17:19:16.722818 シナリオ走行を開始しました [シナリオ名: 新規ユーザー登録]
[ADMIN] 17:19:16.743757 シナリオ走行を終了しました [シナリオ名: 新規ユーザー登録]
[ADMIN] 17:19:16.743775 シナリオ走行を開始しました [シナリオ名: 新規ユーザー登録]
[ADMIN] 17:19:16.752322 シナリオ走行を終了しました [シナリオ名: ログイン]
[ADMIN] 17:19:16.752331 シナリオ走行を開始しました [シナリオ名: ログイン]
[ADMIN] 17:19:16.755911 シナリオ走行を終了しました [シナリオ名: ログイン]
[ADMIN] 17:19:16.755919 シナリオ走行を開始しました [シナリオ名: ログイン]
[ADMIN] 17:19:16.763867 シナリオ走行を終了しました [シナリオ名: ログイン]
[ADMIN] 17:19:16.763874 シナリオ走行を開始しました [シナリオ名: ログイン]
[ADMIN] 17:19:16.800010 シナリオ走行を終了しました [シナリオ名: ログイン]
[ADMIN] 17:19:16.800020 シナリオ走行を開始しました [シナリオ名: ログイン]
[ADMIN] 17:19:16.808004 シナリオ走行を終了しました [シナリオ名: 新規ユーザー登録]
[ADMIN] 17:19:16.808020 シナリオ走行を開始しました [シナリオ名: 新規ユーザー登録]
[ADMIN] 17:19:16.844605 シナリオ走行を終了しました [シナリオ名: 新規ユーザー登録]
[ADMIN] 17:19:16.844624 シナリオ走行を開始しました [シナリオ名: 新規ユーザー登録]
[ADMIN] 17:19:16.849199 シナリオ走行を終了しました [シナリオ名: ログイン]
[ADMIN] 17:19:16.849215 シナリオ走行を開始しました [シナリオ名: ログイン]
[ADMIN] 17:19:16.862043 シナリオ走行を終了しました [シナリオ名: ログイン]
[ADMIN] 17:19:16.862055 シナリオ走行を開始しました [シナリオ名: ログイン]
[ADMIN] 17:19:16.876176 シナリオ走行を終了しました [シナリオ名: ログイン]
[ADMIN] 17:19:16.876186 シナリオ走行を開始しました [シナリオ名: ログイン]
[ADMIN] 17:19:16.885503 シナリオ走行を終了しました [シナリオ名: ログイン]
[ADMIN] 17:19:16.885514 シナリオ走行を開始しました [シナリオ名: ログイン]
[ADMIN] 17:19:16.933890 シナリオ走行を終了しました [シナリオ名: ログイン]
[ADMIN] 17:19:16.933903 シナリオ走行を開始しました [シナリオ名: ログイン]
[ADMIN] 17:19:16.957050 シナリオ走行を終了しました [シナリオ名: ログイン]
[ADMIN] 17:19:16.957063 シナリオ走行を開始しました [シナリオ名: ログイン]
[ADMIN] 17:19:16.976661 シナリオ走行を終了しました [シナリオ名: 新規ユーザー登録]
[ADMIN] 17:19:16.976697 シナリオ走行を開始しました [シナリオ名: 新規ユーザー登録]
[ADMIN] 17:19:16.986715 シナリオ走行を終了しました [シナリオ名: ログイン]
[ADMIN] 17:19:16.986728 シナリオ走行を開始しました [シナリオ名: ログイン]
[ADMIN] 17:19:17.002610 シナリオ走行を終了しました [シナリオ名: ログイン]
[ADMIN] 17:19:17.002635 シナリオ走行を開始しました [シナリオ名: ログイン]
[ADMIN] 17:19:17.010244 シナリオ走行を終了しました [シナリオ名: 新規ユーザー登録]
[ADMIN] 17:19:17.010264 シナリオ走行を開始しました [シナリオ名: 新規ユーザー登録]
[ADMIN] 17:19:17.031179 シナリオ走行を終了しました [シナリオ名: 新規ユーザー登録]
[ADMIN] 17:19:17.031207 シナリオ走行を開始しました [シナリオ名: 新規ユーザー登録]
[ADMIN] 17:19:17.066590 シナリオ走行を終了しました [シナリオ名: 新規ユーザー登録]
[ADMIN] 17:19:17.066629 シナリオ走行を開始しました [シナリオ名: 新規ユーザー登録]
[ADMIN] 17:19:17.072902 シナリオ走行を終了しました [シナリオ名: 新規ユーザー登録]
[ADMIN] 17:19:17.072921 シナリオ走行を開始しました [シナリオ名: 新規ユーザー登録]
[ADMIN] 17:19:17.101037 シナリオ走行を終了しました [シナリオ名: ログイン]
[ADMIN] 17:19:17.101048 シナリオ走行を開始しました [シナリオ名: ログイン]
[ADMIN] 17:19:17.106429 シナリオ走行を終了しました [シナリオ名: Banユーザログイン]
[ADMIN] 17:19:17.106443 シナリオ走行を開始しました [シナリオ名: Banユーザログイン]
[ADMIN] 17:19:17.111740 シナリオ走行を終了しました [シナリオ名: Banユーザログイン]
[ADMIN] 17:19:17.111754 シナリオ走行を開始しました [シナリオ名: Banユーザログイン]
[ADMIN] 17:19:17.122420 シナリオ走行を終了しました [シナリオ名: 新規ユーザー登録]
[ADMIN] 17:19:17.122439 シナリオ走行を開始しました [シナリオ名: 新規ユーザー登録]
[ADMIN] 17:19:17.133278 シナリオ走行を終了しました [シナリオ名: 新規ユーザー登録]
[ADMIN] 17:19:17.133298 シナリオ走行を開始しました [シナリオ名: 新規ユーザー登録]
[ADMIN] 17:19:17.163110 シナリオ走行を終了しました [シナリオ名: Banユーザログイン]
[ADMIN] 17:19:17.163129 シナリオ走行を開始しました [シナリオ名: Banユーザログイン]
[ADMIN] 17:19:17.165059 シナリオ走行を終了しました [シナリオ名: Banユーザログイン]
[ADMIN] 17:19:17.165073 シナリオ走行を開始しました [シナリオ名: Banユーザログイン]
[ADMIN] 17:19:17.171882 シナリオ走行を終了しました [シナリオ名: Banユーザログイン]
[ADMIN] 17:19:17.171900 シナリオ走行を開始しました [シナリオ名: Banユーザログイン]
[ADMIN] 17:19:17.197467 シナリオ走行を終了しました [シナリオ名: ログイン]
[ADMIN] 17:19:17.197482 シナリオ走行を開始しました [シナリオ名: ログイン]
[ADMIN] 17:19:17.211998 シナリオ走行を終了しました [シナリオ名: ログイン]
[ADMIN] 17:19:17.212010 シナリオ走行を開始しました [シナリオ名: ログイン]
[ADMIN] 17:19:17.227238 シナリオ走行を終了しました [シナリオ名: Banユーザログイン]
[ADMIN] 17:19:17.227255 シナリオ走行を開始しました [シナリオ名: Banユーザログイン]
[ADMIN] 17:19:17.228495 シナリオ走行を終了しました [シナリオ名: ログイン]
[ADMIN] 17:19:17.228504 シナリオ走行を開始しました [シナリオ名: ログイン]
[ADMIN] 17:19:17.233386 シナリオ走行を終了しました [シナリオ名: ログイン]
[ADMIN] 17:19:17.233395 シナリオ走行を開始しました [シナリオ名: ログイン]
[ADMIN] 17:19:17.235726 シナリオ走行を終了しました [シナリオ名: ログイン]
[ADMIN] 17:19:17.235738 シナリオ走行を開始しました [シナリオ名: ログイン]
[ADMIN] 17:19:17.236387 シナリオ走行を終了しました [シナリオ名: ログイン]
[ADMIN] 17:19:17.236394 シナリオ走行を開始しました [シナリオ名: ログイン]
[ADMIN] 17:19:17.239473 シナリオ走行を終了しました [シナリオ名: Banユーザログイン]
[ADMIN] 17:19:17.239485 シナリオ走行を開始しました [シナリオ名: Banユーザログイン]
[ADMIN] 17:19:17.244829 シナリオ走行を終了しました [シナリオ名: Banユーザログイン]
[ADMIN] 17:19:17.244840 シナリオ走行を開始しました [シナリオ名: Banユーザログイン]
[ADMIN] 17:19:17.255590 シナリオ走行を終了しました [シナリオ名: ログイン]
[ADMIN] 17:19:17.255599 シナリオ走行を開始しました [シナリオ名: ログイン]
[ADMIN] 17:19:17.266924 シナリオ走行を終了しました [シナリオ名: ログイン]
[ADMIN] 17:19:17.266932 シナリオ走行を開始しました [シナリオ名: ログイン]
[ADMIN] 17:19:17.292912 シナリオ走行を終了しました [シナリオ名: ログイン]
[ADMIN] 17:19:17.292923 シナリオ走行を開始しました [シナリオ名: ログイン]
[ADMIN] 17:19:17.307889 シナリオ走行を終了しました [シナリオ名: ログイン]
[ADMIN] 17:19:17.307898 シナリオ走行を開始しました [シナリオ名: ログイン]
[ADMIN] 17:19:17.314445 シナリオ走行を終了しました [シナリオ名: ログイン]
[ADMIN] 17:19:17.314453 シナリオ走行を開始しました [シナリオ名: ログイン]
[ADMIN] 17:19:17.318136 シナリオ走行を終了しました [シナリオ名: ログイン]
[ADMIN] 17:19:17.318145 シナリオ走行を開始しました [シナリオ名: ログイン]
[ADMIN] 17:19:17.355445 シナリオ走行を終了しました [シナリオ名: 新規ユーザー登録]
[ADMIN] 17:19:17.355465 シナリオ走行を開始しました [シナリオ名: 新規ユーザー登録]
[ADMIN] 17:19:17.397183 シナリオ走行を終了しました [シナリオ名: ログイン]
[ADMIN] 17:19:17.397195 シナリオ走行を開始しました [シナリオ名: ログイン]
[ADMIN] 17:19:17.404305 シナリオ走行を終了しました [シナリオ名: ログイン]
[ADMIN] 17:19:17.404319 シナリオ走行を開始しました [シナリオ名: ログイン]
[ADMIN] 17:19:17.465957 シナリオ走行を終了しました [シナリオ名: ログイン]
[ADMIN] 17:19:17.465972 シナリオ走行を開始しました [シナリオ名: ログイン]
[ADMIN] 17:19:17.487894 シナリオ走行を終了しました [シナリオ名: 新規ユーザー登録]
[ADMIN] 17:19:17.487920 シナリオ走行を開始しました [シナリオ名: 新規ユーザー登録]
[ADMIN] 17:19:17.495516 シナリオ走行を終了しました [シナリオ名: ログイン]
[ADMIN] 17:19:17.495527 シナリオ走行を開始しました [シナリオ名: ログイン]
[ADMIN] 17:19:17.522867 シナリオ走行を終了しました [シナリオ名: ログイン]
[ADMIN] 17:19:17.522878 シナリオ走行を開始しました [シナリオ名: ログイン]
[ADMIN] 17:19:17.532249 シナリオ走行を終了しました [シナリオ名: ログイン]
[ADMIN] 17:19:17.532258 シナリオ走行を開始しました [シナリオ名: ログイン]
[ADMIN] 17:19:17.537733 シナリオ走行を終了しました [シナリオ名: ログイン]
[ADMIN] 17:19:17.537742 シナリオ走行を開始しました [シナリオ名: ログイン]
[ADMIN] 17:19:17.546252 シナリオ走行を終了しました [シナリオ名: ログイン]
[ADMIN] 17:19:17.546262 シナリオ走行を開始しました [シナリオ名: ログイン]
[ADMIN] 17:19:17.584868 シナリオ走行を終了しました [シナリオ名: ログイン]
[ADMIN] 17:19:17.584878 シナリオ走行を開始しました [シナリオ名: ログイン]
[ADMIN] 17:19:17.594736 シナリオ走行を終了しました [シナリオ名: ログイン]
[ADMIN] 17:19:17.594747 シナリオ走行を開始しました [シナリオ名: ログイン]
[ADMIN] 17:19:17.635211 シナリオ走行を終了しました [シナリオ名: Banユーザログイン]
[ADMIN] 17:19:17.635237 シナリオ走行を開始しました [シナリオ名: Banユーザログイン]
[ADMIN] 17:19:17.641585 シナリオ走行を終了しました [シナリオ名: ログイン]
[ADMIN] 17:19:17.641599 シナリオ走行を開始しました [シナリオ名: ログイン]
[ADMIN] 17:19:17.664744 シナリオ走行を終了しました [シナリオ名: Banユーザログイン]
[ADMIN] 17:19:17.664766 シナリオ走行を開始しました [シナリオ名: Banユーザログイン]
[ADMIN] 17:19:17.682160 シナリオ走行を終了しました [シナリオ名: ログイン]
[ADMIN] 17:19:17.682171 シナリオ走行を開始しました [シナリオ名: ログイン]
[ADMIN] 17:19:17.690240 シナリオ走行を終了しました [シナリオ名: ログイン]
[ADMIN] 17:19:17.690249 シナリオ走行を開始しました [シナリオ名: ログイン]
[ADMIN] 17:19:17.698069 シナリオ走行を終了しました [シナリオ名: 新規ユーザー登録]
[ADMIN] 17:19:17.698088 シナリオ走行を開始しました [シナリオ名: 新規ユーザー登録]
[ADMIN] 17:19:17.700980 シナリオ走行を終了しました [シナリオ名: Banユーザログイン]
[ADMIN] 17:19:17.700992 シナリオ走行を開始しました [シナリオ名: Banユーザログイン]
[ADMIN] 17:19:17.713600 シナリオ走行を終了しました [シナリオ名: ログイン]
[ADMIN] 17:19:17.713610 シナリオ走行を開始しました [シナリオ名: ログイン]
[ADMIN] 17:19:17.724451 シナリオ走行を終了しました [シナリオ名: Banユーザログイン]
[ADMIN] 17:19:17.724465 シナリオ走行を開始しました [シナリオ名: Banユーザログイン]
[ADMIN] 17:19:17.725842 シナリオ走行を終了しました [シナリオ名: Banユーザログイン]
[ADMIN] 17:19:17.725858 シナリオ走行を開始しました [シナリオ名: Banユーザログイン]
[ADMIN] 17:19:17.734846 シナリオ走行を終了しました [シナリオ名: ログイン]
[ADMIN] 17:19:17.734859 シナリオ走行を開始しました [シナリオ名: ログイン]
[ADMIN] 17:19:17.747970 シナリオ走行を終了しました [シナリオ名: ログイン]
[ADMIN] 17:19:17.747983 シナリオ走行を開始しました [シナリオ名: ログイン]
[ADMIN] 17:19:17.758330 シナリオ走行を終了しました [シナリオ名: ログイン]
[ADMIN] 17:19:17.758342 シナリオ走行を開始しました [シナリオ名: ログイン]
[ADMIN] 17:19:17.767106 シナリオ走行を終了しました [シナリオ名: ログイン]
[ADMIN] 17:19:17.767115 シナリオ走行を開始しました [シナリオ名: ログイン]
[ADMIN] 17:19:17.770899 シナリオ走行を終了しました [シナリオ名: ログイン]
[ADMIN] 17:19:17.770908 シナリオ走行を開始しました [シナリオ名: ログイン]
[ADMIN] 17:19:17.780556 シナリオ走行を終了しました [シナリオ名: ログイン]
[ADMIN] 17:19:17.780565 シナリオ走行を開始しました [シナリオ名: ログイン]
[ADMIN] 17:19:17.784345 シナリオ走行を終了しました [シナリオ名: Banユーザログイン]
[ADMIN] 17:19:17.784360 シナリオ走行を開始しました [シナリオ名: Banユーザログイン]
[ADMIN] 17:19:17.786630 シナリオ走行を終了しました [シナリオ名: ログイン]
[ADMIN] 17:19:17.786640 シナリオ走行を開始しました [シナリオ名: ログイン]
[ADMIN] 17:19:17.798800 シナリオ走行を終了しました [シナリオ名: Banユーザログイン]
[ADMIN] 17:19:17.798818 シナリオ走行を開始しました [シナリオ名: Banユーザログイン]
[ADMIN] 17:19:17.803926 シナリオ走行を終了しました [シナリオ名: Banユーザログイン]
[ADMIN] 17:19:17.803941 シナリオ走行を開始しました [シナリオ名: Banユーザログイン]
[ADMIN] 17:19:17.804087 シナリオ走行を終了しました [シナリオ名: ログイン]
[ADMIN] 17:19:17.804096 シナリオ走行を開始しました [シナリオ名: ログイン]
[ADMIN] 17:19:17.818754 シナリオ走行を終了しました [シナリオ名: ログイン]
[ADMIN] 17:19:17.818766 シナリオ走行を開始しました [シナリオ名: ログイン]
[ADMIN] 17:19:17.824775 シナリオ走行を終了しました [シナリオ名: ログイン]
[ADMIN] 17:19:17.824784 シナリオ走行を開始しました [シナリオ名: ログイン]
[ADMIN] 17:19:17.868982 シナリオ走行を終了しました [シナリオ名: ログイン]
[ADMIN] 17:19:17.868992 シナリオ走行を開始しました [シナリオ名: ログイン]
[ADMIN] 17:19:17.870186 シナリオ走行を終了しました [シナリオ名: 新規ユーザー登録]
[ADMIN] 17:19:17.870201 シナリオ走行を開始しました [シナリオ名: 新規ユーザー登録]
[ADMIN] 17:19:17.877159 シナリオ走行を終了しました [シナリオ名: ログイン]
[ADMIN] 17:19:17.877167 シナリオ走行を開始しました [シナリオ名: ログイン]
[ADMIN] 17:19:17.889444 シナリオ走行を終了しました [シナリオ名: ログイン]
[ADMIN] 17:19:17.889453 シナリオ走行を開始しました [シナリオ名: ログイン]
[ADMIN] 17:19:17.973576 シナリオ走行を終了しました [シナリオ名: 新規ユーザー登録]
[ADMIN] 17:19:17.973602 シナリオ走行を開始しました [シナリオ名: 新規ユーザー登録]
[ADMIN] 17:19:18.001998 シナリオ走行を終了しました [シナリオ名: ログイン]
[ADMIN] 17:19:18.002011 シナリオ走行を開始しました [シナリオ名: ログイン]
[ADMIN] 17:19:18.013144 シナリオ走行を終了しました [シナリオ名: 新規ユーザー登録]
[ADMIN] 17:19:18.013164 シナリオ走行を開始しました [シナリオ名: 新規ユーザー登録]
[ADMIN] 17:19:18.013299 シナリオ走行を終了しました [シナリオ名: ログイン]
[ADMIN] 17:19:18.013310 シナリオ走行を開始しました [シナリオ名: ログイン]
[ADMIN] 17:19:18.025271 シナリオ走行を終了しました [シナリオ名: 新規ユーザー登録]
[ADMIN] 17:19:18.025292 シナリオ走行を開始しました [シナリオ名: 新規ユーザー登録]
[ADMIN] 17:19:18.050024 シナリオ走行を終了しました [シナリオ名: ログイン]
[ADMIN] 17:19:18.050034 シナリオ走行を開始しました [シナリオ名: ログイン]
[ADMIN] 17:19:18.062689 シナリオ走行を終了しました [シナリオ名: 新規ユーザー登録]
[ADMIN] 17:19:18.062713 シナリオ走行を開始しました [シナリオ名: 新規ユーザー登録]
[ADMIN] 17:19:18.093722 シナリオ走行を終了しました [シナリオ名: 新規ユーザー登録]
[ADMIN] 17:19:18.093752 シナリオ走行を開始しました [シナリオ名: 新規ユーザー登録]
[ADMIN] 17:19:18.104978 シナリオ走行を終了しました [シナリオ名: 新規ユーザー登録]
[ADMIN] 17:19:18.104999 シナリオ走行を開始しました [シナリオ名: 新規ユーザー登録]
[ADMIN] 17:19:18.106815 シナリオ走行を終了しました [シナリオ名: 新規ユーザー登録]
[ADMIN] 17:19:18.106835 シナリオ走行を開始しました [シナリオ名: 新規ユーザー登録]
[ADMIN] 17:19:18.138043 シナリオ走行を終了しました [シナリオ名: 新規ユーザー登録]
[ADMIN] 17:19:18.138065 シナリオ走行を開始しました [シナリオ名: 新規ユーザー登録]
[ADMIN] 17:19:18.199941 シナリオ走行を終了しました [シナリオ名: Banユーザログイン]
[ADMIN] 17:19:18.199961 シナリオ走行を開始しました [シナリオ名: Banユーザログイン]
[ADMIN] 17:19:18.206302 シナリオ走行を終了しました [シナリオ名: 新規ユーザー登録]
[ADMIN] 17:19:18.206321 シナリオ走行を開始しました [シナリオ名: 新規ユーザー登録]
[ADMIN] 17:19:18.220656 シナリオ走行を終了しました [シナリオ名: ログイン]
[ADMIN] 17:19:18.220668 シナリオ走行を開始しました [シナリオ名: ログイン]
[ADMIN] 17:19:18.222074 シナリオ走行を終了しました [シナリオ名: Banユーザログイン]
[ADMIN] 17:19:18.222086 シナリオ走行を開始しました [シナリオ名: Banユーザログイン]
[ADMIN] 17:19:18.233227 シナリオ走行を終了しました [シナリオ名: 新規ユーザー登録]
[ADMIN] 17:19:18.233242 シナリオ走行を開始しました [シナリオ名: 新規ユーザー登録]
[ADMIN] 17:19:18.237847 シナリオ走行を終了しました [シナリオ名: ログイン]
[ADMIN] 17:19:18.237856 シナリオ走行を開始しました [シナリオ名: ログイン]
[ADMIN] 17:19:18.253828 シナリオ走行を終了しました [シナリオ名: 新規ユーザー登録]
[ADMIN] 17:19:18.253846 シナリオ走行を開始しました [シナリオ名: 新規ユーザー登録]
[ADMIN] 17:19:18.256011 シナリオ走行を終了しました [シナリオ名: 新規ユーザー登録]
[ADMIN] 17:19:18.256029 シナリオ走行を開始しました [シナリオ名: 新規ユーザー登録]
[ADMIN] 17:19:18.258999 シナリオ走行を終了しました [シナリオ名: 新規ユーザー登録]
[ADMIN] 17:19:18.259020 シナリオ走行を開始しました [シナリオ名: 新規ユーザー登録]
[ADMIN] 17:19:18.259313 シナリオ走行を終了しました [シナリオ名: ログイン]
[ADMIN] 17:19:18.259322 シナリオ走行を開始しました [シナリオ名: ログイン]
[ADMIN] 17:19:18.260662 シナリオ走行を終了しました [シナリオ名: Banユーザログイン]
[ADMIN] 17:19:18.260676 シナリオ走行を開始しました [シナリオ名: Banユーザログイン]
[ADMIN] 17:19:18.265706 シナリオ走行を終了しました [シナリオ名: 新規ユーザー登録]
[ADMIN] 17:19:18.265723 シナリオ走行を開始しました [シナリオ名: 新規ユーザー登録]
[ADMIN] 17:19:18.274262 シナリオ走行を終了しました [シナリオ名: Banユーザログイン]
[ADMIN] 17:19:18.274278 シナリオ走行を開始しました [シナリオ名: Banユーザログイン]
[ADMIN] 17:19:18.284576 シナリオ走行を終了しました [シナリオ名: ログイン]
[ADMIN] 17:19:18.284585 シナリオ走行を開始しました [シナリオ名: ログイン]
[ADMIN] 17:19:18.289488 シナリオ走行を終了しました [シナリオ名: Banユーザログイン]
[ADMIN] 17:19:18.289502 シナリオ走行を開始しました [シナリオ名: Banユーザログイン]
[ADMIN] 17:19:18.303142 シナリオ走行を終了しました [シナリオ名: 新規ユーザー登録]
[ADMIN] 17:19:18.303157 シナリオ走行を開始しました [シナリオ名: 新規ユーザー登録]
[ADMIN] 17:19:18.304083 シナリオ走行を終了しました [シナリオ名: 新規ユーザー登録]
[ADMIN] 17:19:18.304097 シナリオ走行を開始しました [シナリオ名: 新規ユーザー登録]
[ADMIN] 17:19:18.304592 シナリオ走行を終了しました [シナリオ名: ログイン]
[ADMIN] 17:19:18.304601 シナリオ走行を開始しました [シナリオ名: ログイン]
[ADMIN] 17:19:18.314444 シナリオ走行を終了しました [シナリオ名: 新規ユーザー登録]
[ADMIN] 17:19:18.314477 シナリオ走行を終了しました [シナリオ名: ログイン]
[ADMIN] 17:19:18.314533 シナリオ走行を開始しました [シナリオ名: ログイン]
[ADMIN] 17:19:18.314514 シナリオ走行を開始しました [シナリオ名: 新規ユーザー登録]
[ADMIN] 17:19:18.319718 シナリオ走行を終了しました [シナリオ名: ログイン]
[ADMIN] 17:19:18.319727 シナリオ走行を開始しました [シナリオ名: ログイン]
[ADMIN] 17:19:18.328425 シナリオ走行を終了しました [シナリオ名: ログイン]
[ADMIN] 17:19:18.328436 シナリオ走行を開始しました [シナリオ名: ログイン]
[ADMIN] 17:19:18.334936 シナリオ走行を終了しました [シナリオ名: Banユーザログイン]
[ADMIN] 17:19:18.334952 シナリオ走行を開始しました [シナリオ名: Banユーザログイン]
[ADMIN] 17:19:18.336587 シナリオ走行を終了しました [シナリオ名: 新規ユーザー登録]
[ADMIN] 17:19:18.336605 シナリオ走行を開始しました [シナリオ名: 新規ユーザー登録]
[ADMIN] 17:19:18.343766 シナリオ走行を終了しました [シナリオ名: Banユーザログイン]
[ADMIN] 17:19:18.343781 シナリオ走行を開始しました [シナリオ名: Banユーザログイン]
[ADMIN] 17:19:18.347216 シナリオ走行を終了しました [シナリオ名: 新規ユーザー登録]
[ADMIN] 17:19:18.347235 シナリオ走行を開始しました [シナリオ名: 新規ユーザー登録]
[ADMIN] 17:19:18.353008 シナリオ走行を終了しました [シナリオ名: Banユーザログイン]
[ADMIN] 17:19:18.353039 シナリオ走行を開始しました [シナリオ名: Banユーザログイン]
[ADMIN] 17:19:18.355870 シナリオ走行を終了しました [シナリオ名: ログイン]
[ADMIN] 17:19:18.355880 シナリオ走行を開始しました [シナリオ名: ログイン]
[ADMIN] 17:19:18.396235 シナリオ走行を終了しました [シナリオ名: ログイン]
[ADMIN] 17:19:18.396253 シナリオ走行を開始しました [シナリオ名: ログイン]
[ADMIN] 17:19:18.396854 シナリオ走行を終了しました [シナリオ名: 新規ユーザー登録]
[ADMIN] 17:19:18.396870 シナリオ走行を開始しました [シナリオ名: 新規ユーザー登録]
[ADMIN] 17:19:18.430137 シナリオ走行を終了しました [シナリオ名: ログイン]
[ADMIN] 17:19:18.430151 シナリオ走行を開始しました [シナリオ名: ログイン]
[ADMIN] 17:19:18.446591 シナリオ走行を終了しました [シナリオ名: 新規ユーザー登録]
[ADMIN] 17:19:18.446608 シナリオ走行を開始しました [シナリオ名: 新規ユーザー登録]
[ADMIN] 17:19:18.454925 シナリオ走行を終了しました [シナリオ名: ログイン]
[ADMIN] 17:19:18.454937 シナリオ走行を開始しました [シナリオ名: ログイン]
[ADMIN] 17:19:18.465735 シナリオ走行を終了しました [シナリオ名: ログイン]
[ADMIN] 17:19:18.465747 シナリオ走行を開始しました [シナリオ名: ログイン]
[ADMIN] 17:19:18.480567 シナリオ走行を終了しました [シナリオ名: 新規ユーザー登録]
[ADMIN] 17:19:18.480585 シナリオ走行を開始しました [シナリオ名: 新規ユーザー登録]
[ADMIN] 17:19:18.498746 シナリオ走行を終了しました [シナリオ名: 新規ユーザー登録]
[ADMIN] 17:19:18.498769 シナリオ走行を開始しました [シナリオ名: 新規ユーザー登録]
[ADMIN] 17:19:18.527045 シナリオ走行を終了しました [シナリオ名: ログイン]
[ADMIN] 17:19:18.527063 シナリオ走行を開始しました [シナリオ名: ログイン]
[ADMIN] 17:19:18.539708 シナリオ走行を終了しました [シナリオ名: ログイン]
[ADMIN] 17:19:18.539721 シナリオ走行を開始しました [シナリオ名: ログイン]
[ADMIN] 17:19:18.560332 シナリオ走行を終了しました [シナリオ名: ログイン]
[ADMIN] 17:19:18.560346 シナリオ走行を開始しました [シナリオ名: ログイン]
[ADMIN] 17:19:18.653803 シナリオ走行を終了しました [シナリオ名: ログイン]
[ADMIN] 17:19:18.653818 シナリオ走行を開始しました [シナリオ名: ログイン]
[ADMIN] 17:19:18.656004 シナリオ走行を終了しました [シナリオ名: ログイン]
[ADMIN] 17:19:18.656015 シナリオ走行を開始しました [シナリオ名: ログイン]
[ADMIN] 17:19:18.656662 シナリオ走行を終了しました [シナリオ名: ログイン]
[ADMIN] 17:19:18.656671 シナリオ走行を開始しました [シナリオ名: ログイン]
[ADMIN] 17:19:18.670632 シナリオ走行を終了しました [シナリオ名: ログイン]
[ADMIN] 17:19:18.670641 シナリオ走行を開始しました [シナリオ名: ログイン]
[ADMIN] 17:19:18.677138 シナリオ走行を終了しました [シナリオ名: ログイン]
[ADMIN] 17:19:18.677149 シナリオ走行を開始しました [シナリオ名: ログイン]
[ADMIN] 17:19:18.699436 シナリオ走行を終了しました [シナリオ名: 新規ユーザー登録]
[ADMIN] 17:19:18.699461 シナリオ走行を開始しました [シナリオ名: 新規ユーザー登録]
[ADMIN] 17:19:18.720628 シナリオ走行を終了しました [シナリオ名: ログイン]
[ADMIN] 17:19:18.720640 シナリオ走行を開始しました [シナリオ名: ログイン]
[ADMIN] 17:19:18.729151 シナリオ走行を終了しました [シナリオ名: Banユーザログイン]
[ADMIN] 17:19:18.729168 シナリオ走行を開始しました [シナリオ名: Banユーザログイン]
[ADMIN] 17:19:18.738892 シナリオ走行を終了しました [シナリオ名: ログイン]
[ADMIN] 17:19:18.738901 シナリオ走行を開始しました [シナリオ名: ログイン]
[ADMIN] 17:19:18.743673 シナリオ走行を終了しました [シナリオ名: ログイン]
[ADMIN] 17:19:18.743682 シナリオ走行を開始しました [シナリオ名: ログイン]
[ADMIN] 17:19:18.753858 シナリオ走行を終了しました [シナリオ名: Banユーザログイン]
[ADMIN] 17:19:18.753878 シナリオ走行を開始しました [シナリオ名: Banユーザログイン]
[ADMIN] 17:19:18.780008 シナリオ走行を終了しました [シナリオ名: ログイン]
[ADMIN] 17:19:18.780021 シナリオ走行を開始しました [シナリオ名: ログイン]
[ADMIN] 17:19:18.780135 シナリオ走行を終了しました [シナリオ名: ログイン]
[ADMIN] 17:19:18.780146 シナリオ走行を開始しました [シナリオ名: ログイン]
[ADMIN] 17:19:18.782350 シナリオ走行を終了しました [シナリオ名: ログイン]
[ADMIN] 17:19:18.782360 シナリオ走行を開始しました [シナリオ名: ログイン]
[ADMIN] 17:19:18.787356 シナリオ走行を終了しました [シナリオ名: Banユーザログイン]
[ADMIN] 17:19:18.787371 シナリオ走行を開始しました [シナリオ名: Banユーザログイン]
[ADMIN] 17:19:18.790524 シナリオ走行を終了しました [シナリオ名: ログイン]
[ADMIN] 17:19:18.790545 シナリオ走行を開始しました [シナリオ名: ログイン]
[ADMIN] 17:19:18.792554 シナリオ走行を終了しました [シナリオ名: 新規ユーザー登録]
[ADMIN] 17:19:18.792572 シナリオ走行を開始しました [シナリオ名: 新規ユーザー登録]
[ADMIN] 17:19:18.794946 シナリオ走行を終了しました [シナリオ名: ログイン]
[ADMIN] 17:19:18.794962 シナリオ走行を開始しました [シナリオ名: ログイン]
[ADMIN] 17:19:18.800078 シナリオ走行を終了しました [シナリオ名: 新規ユーザー登録]
[ADMIN] 17:19:18.800092 シナリオ走行を開始しました [シナリオ名: 新規ユーザー登録]
[ADMIN] 17:19:18.801235 シナリオ走行を終了しました [シナリオ名: 新規ユーザー登録]
[ADMIN] 17:19:18.801251 シナリオ走行を開始しました [シナリオ名: 新規ユーザー登録]
[ADMIN] 17:19:18.819516 シナリオ走行を終了しました [シナリオ名: Banユーザログイン]
[ADMIN] 17:19:18.819534 シナリオ走行を開始しました [シナリオ名: Banユーザログイン]
[ADMIN] 17:19:18.836094 シナリオ走行を終了しました [シナリオ名: 新規ユーザー登録]
[ADMIN] 17:19:18.836116 シナリオ走行を開始しました [シナリオ名: 新規ユーザー登録]
[ADMIN] 17:19:18.837527 シナリオ走行を終了しました [シナリオ名: Banユーザログイン]
[ADMIN] 17:19:18.837539 シナリオ走行を開始しました [シナリオ名: Banユーザログイン]
[ADMIN] 17:19:18.865166 シナリオ走行を終了しました [シナリオ名: ログイン]
[ADMIN] 17:19:18.865174 シナリオ走行を開始しました [シナリオ名: ログイン]
[ADMIN] 17:19:18.865985 シナリオ走行を終了しました [シナリオ名: Banユーザログイン]
[ADMIN] 17:19:18.866008 シナリオ走行を開始しました [シナリオ名: Banユーザログイン]
[ADMIN] 17:19:18.891579 シナリオ走行を終了しました [シナリオ名: ログイン]
[ADMIN] 17:19:18.891591 シナリオ走行を開始しました [シナリオ名: ログイン]
[ADMIN] 17:19:18.895975 シナリオ走行を終了しました [シナリオ名: Banユーザログイン]
[ADMIN] 17:19:18.895995 シナリオ走行を開始しました [シナリオ名: Banユーザログイン]
[ADMIN] 17:19:18.906580 シナリオ走行を終了しました [シナリオ名: ログイン]
[ADMIN] 17:19:18.906591 シナリオ走行を開始しました [シナリオ名: ログイン]
[ADMIN] 17:19:18.910120 シナリオ走行を終了しました [シナリオ名: Banユーザログイン]
[ADMIN] 17:19:18.910135 シナリオ走行を開始しました [シナリオ名: Banユーザログイン]
[ADMIN] 17:19:18.913075 シナリオ走行を終了しました [シナリオ名: ログイン]
[ADMIN] 17:19:18.913084 シナリオ走行を開始しました [シナリオ名: ログイン]
[ADMIN] 17:19:18.923256 シナリオ走行を終了しました [シナリオ名: ログイン]
[ADMIN] 17:19:18.923271 シナリオ走行を開始しました [シナリオ名: ログイン]
[ADMIN] 17:19:18.923377 シナリオ走行を終了しました [シナリオ名: 新規ユーザー登録]
[ADMIN] 17:19:18.923397 シナリオ走行を開始しました [シナリオ名: 新規ユーザー登録]
[ADMIN] 17:19:18.945838 シナリオ走行を終了しました [シナリオ名: ログイン]
[ADMIN] 17:19:18.945849 シナリオ走行を開始しました [シナリオ名: ログイン]
[ADMIN] 17:19:18.951240 シナリオ走行を終了しました [シナリオ名: ログイン]
[ADMIN] 17:19:18.951250 シナリオ走行を開始しました [シナリオ名: ログイン]
[ADMIN] 17:19:18.991460 シナリオ走行を終了しました [シナリオ名: ログイン]
[ADMIN] 17:19:18.991472 シナリオ走行を開始しました [シナリオ名: ログイン]
[ADMIN] 17:19:18.995393 シナリオ走行を終了しました [シナリオ名: ログイン]
[ADMIN] 17:19:18.995403 シナリオ走行を開始しました [シナリオ名: ログイン]
[ADMIN] 17:19:19.015304 シナリオ走行を終了しました [シナリオ名: ログイン]
[ADMIN] 17:19:19.015327 シナリオ走行を開始しました [シナリオ名: ログイン]
[ADMIN] 17:19:19.037198 シナリオ走行を終了しました [シナリオ名: ログイン]
[ADMIN] 17:19:19.037211 シナリオ走行を開始しました [シナリオ名: ログイン]
[ADMIN] 17:19:19.060727 シナリオ走行を終了しました [シナリオ名: 新規ユーザー登録]
[ADMIN] 17:19:19.060753 シナリオ走行を開始しました [シナリオ名: 新規ユーザー登録]
[ADMIN] 17:19:19.150431 シナリオ走行を終了しました [シナリオ名: ログイン]
[ADMIN] 17:19:19.150445 シナリオ走行を開始しました [シナリオ名: ログイン]
[ADMIN] 17:19:19.173077 シナリオ走行を終了しました [シナリオ名: ログイン]
[ADMIN] 17:19:19.173092 シナリオ走行を開始しました [シナリオ名: ログイン]
[ADMIN] 17:19:19.187167 シナリオ走行を終了しました [シナリオ名: ログイン]
[ADMIN] 17:19:19.187180 シナリオ走行を開始しました [シナリオ名: ログイン]
[ADMIN] 17:19:19.202313 シナリオ走行を終了しました [シナリオ名: ログイン]
[ADMIN] 17:19:19.202326 シナリオ走行を開始しました [シナリオ名: ログイン]
[ADMIN] 17:19:19.202680 シナリオ走行を終了しました [シナリオ名: ログイン]
[ADMIN] 17:19:19.202695 シナリオ走行を開始しました [シナリオ名: ログイン]
[ADMIN] 17:19:19.222228 シナリオ走行を終了しました [シナリオ名: 新規ユーザー登録]
[ADMIN] 17:19:19.222249 シナリオ走行を開始しました [シナリオ名: 新規ユーザー登録]
[ADMIN] 17:19:19.268605 シナリオ走行を終了しました [シナリオ名: Banユーザログイン]
[ADMIN] 17:19:19.268636 シナリオ走行を開始しました [シナリオ名: Banユーザログイン]
[ADMIN] 17:19:19.297845 シナリオ走行を終了しました [シナリオ名: Banユーザログイン]
[ADMIN] 17:19:19.297868 シナリオ走行を開始しました [シナリオ名: Banユーザログイン]
[ADMIN] 17:19:19.306307 シナリオ走行を終了しました [シナリオ名: Banユーザログイン]
[ADMIN] 17:19:19.306323 シナリオ走行を開始しました [シナリオ名: Banユーザログイン]
[ADMIN] 17:19:19.351529 シナリオ走行を終了しました [シナリオ名: Banユーザログイン]
[ADMIN] 17:19:19.351544 シナリオ走行を開始しました [シナリオ名: Banユーザログイン]
[ADMIN] 17:19:19.357526 シナリオ走行を終了しました [シナリオ名: ログイン]
[ADMIN] 17:19:19.357538 シナリオ走行を開始しました [シナリオ名: ログイン]
[ADMIN] 17:19:19.385066 シナリオ走行を終了しました [シナリオ名: Banユーザログイン]
[ADMIN] 17:19:19.385076 シナリオ走行を開始しました [シナリオ名: Banユーザログイン]
[ADMIN] 17:19:19.412600 シナリオ走行を終了しました [シナリオ名: Banユーザログイン]
[ADMIN] 17:19:19.412617 シナリオ走行を開始しました [シナリオ名: Banユーザログイン]
[ADMIN] 17:19:19.417927 シナリオ走行を終了しました [シナリオ名: ログイン]
[ADMIN] 17:19:19.417937 シナリオ走行を開始しました [シナリオ名: ログイン]
[ADMIN] 17:19:19.446380 シナリオ走行を終了しました [シナリオ名: ログイン]
[ADMIN] 17:19:19.446389 シナリオ走行を開始しました [シナリオ名: ログイン]
[ADMIN] 17:19:19.454641 シナリオ走行を終了しました [シナリオ名: Banユーザログイン]
[ADMIN] 17:19:19.454656 シナリオ走行を開始しました [シナリオ名: Banユーザログイン]
[ADMIN] 17:19:19.461762 シナリオ走行を終了しました [シナリオ名: Banユーザログイン]
[ADMIN] 17:19:19.461775 シナリオ走行を開始しました [シナリオ名: Banユーザログイン]
[ADMIN] 17:19:19.478056 シナリオ走行を終了しました [シナリオ名: ログイン]
[ADMIN] 17:19:19.478070 シナリオ走行を開始しました [シナリオ名: ログイン]
[ADMIN] 17:19:19.499907 シナリオ走行を終了しました [シナリオ名: ログイン]
[ADMIN] 17:19:19.499918 シナリオ走行を開始しました [シナリオ名: ログイン]
[ADMIN] 17:19:19.534175 シナリオ走行を終了しました [シナリオ名: ログイン]
[ADMIN] 17:19:19.534187 シナリオ走行を開始しました [シナリオ名: ログイン]
[ADMIN] 17:19:19.549619 シナリオ走行を終了しました [シナリオ名: ログイン]
[ADMIN] 17:19:19.549632 シナリオ走行を開始しました [シナリオ名: ログイン]
[ADMIN] 17:19:19.560733 シナリオ走行を終了しました [シナリオ名: ログイン]
[ADMIN] 17:19:19.560743 シナリオ走行を開始しました [シナリオ名: ログイン]
[ADMIN] 17:19:19.565599 シナリオ走行を終了しました [シナリオ名: 新規ユーザー登録]
[ADMIN] 17:19:19.565624 シナリオ走行を開始しました [シナリオ名: 新規ユーザー登録]
[ADMIN] 17:19:19.568985 シナリオ走行を終了しました [シナリオ名: ログイン]
[ADMIN] 17:19:19.568995 シナリオ走行を開始しました [シナリオ名: ログイン]
[ADMIN] 17:19:19.616280 シナリオ走行を終了しました [シナリオ名: 新規ユーザー登録]
[ADMIN] 17:19:19.616306 シナリオ走行を開始しました [シナリオ名: 新規ユーザー登録]
[ADMIN] 17:19:19.647211 シナリオ走行を終了しました [シナリオ名: ログイン]
[ADMIN] 17:19:19.647227 シナリオ走行を開始しました [シナリオ名: ログイン]
[ADMIN] 17:19:19.649349 シナリオ走行を終了しました [シナリオ名: ログイン]
[ADMIN] 17:19:19.649358 シナリオ走行を開始しました [シナリオ名: ログイン]
[ADMIN] 17:19:19.667533 シナリオ走行を終了しました [シナリオ名: ログイン]
[ADMIN] 17:19:19.667547 シナリオ走行を開始しました [シナリオ名: ログイン]
[ADMIN] 17:19:19.710240 シナリオ走行を終了しました [シナリオ名: ログイン]
[ADMIN] 17:19:19.710253 シナリオ走行を開始しました [シナリオ名: ログイン]
[ADMIN] 17:19:19.728694 シナリオ走行を終了しました [シナリオ名: 新規ユーザー登録]
[ADMIN] 17:19:19.728722 シナリオ走行を開始しました [シナリオ名: 新規ユーザー登録]
[ADMIN] 17:19:19.784108 シナリオ走行を終了しました [シナリオ名: 新規ユーザー登録]
[ADMIN] 17:19:19.784135 シナリオ走行を開始しました [シナリオ名: 新規ユーザー登録]
[ADMIN] 17:19:19.787758 シナリオ走行を終了しました [シナリオ名: 新規ユーザー登録]
[ADMIN] 17:19:19.787774 シナリオ走行を開始しました [シナリオ名: 新規ユーザー登録]
[ADMIN] 17:19:19.792615 シナリオ走行を終了しました [シナリオ名: ログイン]
[ADMIN] 17:19:19.792626 シナリオ走行を開始しました [シナリオ名: ログイン]
[ADMIN] 17:19:19.815697 シナリオ走行を終了しました [シナリオ名: Banユーザログイン]
[ADMIN] 17:19:19.815713 シナリオ走行を開始しました [シナリオ名: Banユーザログイン]
[ADMIN] 17:19:19.819956 シナリオ走行を終了しました [シナリオ名: ログイン]
[ADMIN] 17:19:19.819966 シナリオ走行を開始しました [シナリオ名: ログイン]
[ADMIN] 17:19:19.822666 シナリオ走行を終了しました [シナリオ名: ログイン]
[ADMIN] 17:19:19.822677 シナリオ走行を開始しました [シナリオ名: ログイン]
[ADMIN] 17:19:19.831368 シナリオ走行を終了しました [シナリオ名: 新規ユーザー登録]
[ADMIN] 17:19:19.831386 シナリオ走行を開始しました [シナリオ名: 新規ユーザー登録]
[ADMIN] 17:19:19.834084 シナリオ走行を終了しました [シナリオ名: ログイン]
[ADMIN] 17:19:19.834092 シナリオ走行を開始しました [シナリオ名: ログイン]
[ADMIN] 17:19:19.835328 シナリオ走行を終了しました [シナリオ名: 新規ユーザー登録]
[ADMIN] 17:19:19.835344 シナリオ走行を開始しました [シナリオ名: 新規ユーザー登録]
[ADMIN] 17:19:19.843464 シナリオ走行を終了しました [シナリオ名: ログイン]
[ADMIN] 17:19:19.843474 シナリオ走行を開始しました [シナリオ名: ログイン]
[ADMIN] 17:19:19.844837 シナリオ走行を終了しました [シナリオ名: Banユーザログイン]
[ADMIN] 17:19:19.844849 シナリオ走行を開始しました [シナリオ名: Banユーザログイン]
[ADMIN] 17:19:19.853956 シナリオ走行を終了しました [シナリオ名: Banユーザログイン]
[ADMIN] 17:19:19.853967 シナリオ走行を開始しました [シナリオ名: Banユーザログイン]
[ADMIN] 17:19:19.855009 シナリオ走行を終了しました [シナリオ名: 新規ユーザー登録]
[ADMIN] 17:19:19.855028 シナリオ走行を開始しました [シナリオ名: 新規ユーザー登録]
[ADMIN] 17:19:19.885780 シナリオ走行を終了しました [シナリオ名: Banユーザログイン]
[ADMIN] 17:19:19.885793 シナリオ走行を開始しました [シナリオ名: Banユーザログイン]
[ADMIN] 17:19:19.904604 シナリオ走行を終了しました [シナリオ名: 新規ユーザー登録]
[ADMIN] 17:19:19.904623 シナリオ走行を開始しました [シナリオ名: 新規ユーザー登録]
[ADMIN] 17:19:19.914118 シナリオ走行を終了しました [シナリオ名: 新規ユーザー登録]
[ADMIN] 17:19:19.914132 シナリオ走行を開始しました [シナリオ名: 新規ユーザー登録]
[ADMIN] 17:19:19.920452 シナリオ走行を終了しました [シナリオ名: Banユーザログイン]
[ADMIN] 17:19:19.920469 シナリオ走行を開始しました [シナリオ名: Banユーザログイン]
[ADMIN] 17:19:19.936274 シナリオ走行を終了しました [シナリオ名: Banユーザログイン]
[ADMIN] 17:19:19.936284 シナリオ走行を開始しました [シナリオ名: Banユーザログイン]
[ADMIN] 17:19:19.939134 シナリオ走行を終了しました [シナリオ名: ログイン]
[ADMIN] 17:19:19.939144 シナリオ走行を開始しました [シナリオ名: ログイン]
[ADMIN] 17:19:19.943700 シナリオ走行を終了しました [シナリオ名: ログイン]
[ADMIN] 17:19:19.943708 シナリオ走行を開始しました [シナリオ名: ログイン]
[ADMIN] 17:19:19.951867 シナリオ走行を終了しました [シナリオ名: ログイン]
[ADMIN] 17:19:19.951875 シナリオ走行を開始しました [シナリオ名: ログイン]
[ADMIN] 17:19:19.961526 シナリオ走行を終了しました [シナリオ名: ログイン]
[ADMIN] 17:19:19.961537 シナリオ走行を開始しました [シナリオ名: ログイン]
[ADMIN] 17:19:19.961544 シナリオ走行を終了しました [シナリオ名: ログイン]
[ADMIN] 17:19:19.961550 シナリオ走行を開始しました [シナリオ名: ログイン]
[ADMIN] 17:19:19.984157 シナリオ走行を終了しました [シナリオ名: Banユーザログイン]
[ADMIN] 17:19:19.984181 シナリオ走行を開始しました [シナリオ名: Banユーザログイン]
[ADMIN] 17:19:19.992653 シナリオ走行を終了しました [シナリオ名: Banユーザログイン]
[ADMIN] 17:19:19.992672 シナリオ走行を開始しました [シナリオ名: Banユーザログイン]
[ADMIN] 17:19:19.993881 シナリオ走行を終了しました [シナリオ名: 新規ユーザー登録]
[ADMIN] 17:19:19.993900 シナリオ走行を開始しました [シナリオ名: 新規ユーザー登録]
[ADMIN] 17:19:19.994976 シナリオ走行を終了しました [シナリオ名: ログイン]
[ADMIN] 17:19:19.994984 シナリオ走行を開始しました [シナリオ名: ログイン]
[ADMIN] 17:19:20.012246 シナリオ走行を終了しました [シナリオ名: ログイン]
[ADMIN] 17:19:20.012261 シナリオ走行を開始しました [シナリオ名: ログイン]
[ADMIN] 17:19:20.014743 シナリオ走行を終了しました [シナリオ名: 新規ユーザー登録]
[ADMIN] 17:19:20.014766 シナリオ走行を開始しました [シナリオ名: 新規ユーザー登録]
[ADMIN] 17:19:20.017406 シナリオ走行を終了しました [シナリオ名: ログイン]
[ADMIN] 17:19:20.017420 シナリオ走行を開始しました [シナリオ名: ログイン]
[ADMIN] 17:19:20.022190 シナリオ走行を終了しました [シナリオ名: ログイン]
[ADMIN] 17:19:20.022200 シナリオ走行を開始しました [シナリオ名: ログイン]
[ADMIN] 17:19:20.030062 シナリオ走行を終了しました [シナリオ名: 新規ユーザー登録]
[ADMIN] 17:19:20.030091 シナリオ走行を開始しました [シナリオ名: 新規ユーザー登録]
[ADMIN] 17:19:20.037507 シナリオ走行を終了しました [シナリオ名: 新規ユーザー登録]
[ADMIN] 17:19:20.037531 シナリオ走行を開始しました [シナリオ名: 新規ユーザー登録]
[ADMIN] 17:19:20.043513 シナリオ走行を終了しました [シナリオ名: ログイン]
[ADMIN] 17:19:20.043525 シナリオ走行を開始しました [シナリオ名: ログイン]
[ADMIN] 17:19:20.047067 シナリオ走行を終了しました [シナリオ名: ログイン]
[ADMIN] 17:19:20.047079 シナリオ走行を開始しました [シナリオ名: ログイン]
[ADMIN] 17:19:20.049644 シナリオ走行を終了しました [シナリオ名: ログイン]
[ADMIN] 17:19:20.049654 シナリオ走行を開始しました [シナリオ名: ログイン]
[ADMIN] 17:19:20.066519 シナリオ走行を終了しました [シナリオ名: 新規ユーザー登録]
[ADMIN] 17:19:20.066544 シナリオ走行を開始しました [シナリオ名: 新規ユーザー登録]
[ADMIN] 17:19:20.093726 シナリオ走行を終了しました [シナリオ名: ログイン]
[ADMIN] 17:19:20.093741 シナリオ走行を開始しました [シナリオ名: ログイン]
[ADMIN] 17:19:20.101928 シナリオ走行を終了しました [シナリオ名: 新規ユーザー登録]
[ADMIN] 17:19:20.101957 シナリオ走行を開始しました [シナリオ名: 新規ユーザー登録]
[ADMIN] 17:19:20.125689 シナリオ走行を終了しました [シナリオ名: 新規ユーザー登録]
[ADMIN] 17:19:20.125720 シナリオ走行を開始しました [シナリオ名: 新規ユーザー登録]
[ADMIN] 17:19:20.142224 シナリオ走行を終了しました [シナリオ名: ログイン]
[ADMIN] 17:19:20.142239 シナリオ走行を開始しました [シナリオ名: ログイン]
[ADMIN] 17:19:20.147278 シナリオ走行を終了しました [シナリオ名: 新規ユーザー登録]
[ADMIN] 17:19:20.147305 シナリオ走行を開始しました [シナリオ名: 新規ユーザー登録]
[ADMIN] 17:19:20.147310 シナリオ走行を終了しました [シナリオ名: ログイン]
[ADMIN] 17:19:20.147317 シナリオ走行を開始しました [シナリオ名: ログイン]
[ADMIN] 17:19:20.150874 シナリオ走行を終了しました [シナリオ名: ログイン]
[ADMIN] 17:19:20.150887 シナリオ走行を開始しました [シナリオ名: ログイン]
[ADMIN] 17:19:20.150890 シナリオ走行を終了しました [シナリオ名: ログイン]
[ADMIN] 17:19:20.150895 シナリオ走行を開始しました [シナリオ名: ログイン]
[ADMIN] 17:19:20.160508 シナリオ走行を終了しました [シナリオ名: 新規ユーザー登録]
[ADMIN] 17:19:20.160550 シナリオ走行を開始しました [シナリオ名: 新規ユーザー登録]
[ADMIN] 17:19:20.188642 シナリオ走行を終了しました [シナリオ名: 新規ユーザー登録]
[ADMIN] 17:19:20.188672 シナリオ走行を開始しました [シナリオ名: 新規ユーザー登録]
[ADMIN] 17:19:20.209803 シナリオ走行を終了しました [シナリオ名: 新規ユーザー登録]
[ADMIN] 17:19:20.209829 シナリオ走行を開始しました [シナリオ名: 新規ユーザー登録]
[ADMIN] 17:19:20.232092 シナリオ走行を終了しました [シナリオ名: ログイン]
[ADMIN] 17:19:20.232109 シナリオ走行を開始しました [シナリオ名: ログイン]
[ADMIN] 17:19:20.232957 シナリオ走行を終了しました [シナリオ名: ログイン]
[ADMIN] 17:19:20.232970 シナリオ走行を開始しました [シナリオ名: ログイン]
[ADMIN] 17:19:20.265000 シナリオ走行を終了しました [シナリオ名: ログイン]
[ADMIN] 17:19:20.265015 シナリオ走行を開始しました [シナリオ名: ログイン]
[ADMIN] 17:19:20.282610 シナリオ走行を終了しました [シナリオ名: ログイン]
[ADMIN] 17:19:20.282643 シナリオ走行を開始しました [シナリオ名: ログイン]
[ADMIN] 17:19:20.315495 シナリオ走行を終了しました [シナリオ名: ログイン]
[ADMIN] 17:19:20.315509 シナリオ走行を開始しました [シナリオ名: ログイン]
[ADMIN] 17:19:20.318361 シナリオ走行を終了しました [シナリオ名: 新規ユーザー登録]
[ADMIN] 17:19:20.318390 シナリオ走行を開始しました [シナリオ名: 新規ユーザー登録]
[ADMIN] 17:19:20.321041 シナリオ走行を終了しました [シナリオ名: ログイン]
[ADMIN] 17:19:20.321054 シナリオ走行を開始しました [シナリオ名: ログイン]
[ADMIN] 17:19:20.326753 シナリオ走行を終了しました [シナリオ名: 新規ユーザー登録]
[ADMIN] 17:19:20.326776 シナリオ走行を開始しました [シナリオ名: 新規ユーザー登録]
[ADMIN] 17:19:20.328587 シナリオ走行を終了しました [シナリオ名: ログイン]
[ADMIN] 17:19:20.328599 シナリオ走行を開始しました [シナリオ名: ログイン]
[ADMIN] 17:19:20.335913 シナリオ走行を終了しました [シナリオ名: ログイン]
[ADMIN] 17:19:20.335930 シナリオ走行を開始しました [シナリオ名: ログイン]
[ADMIN] 17:19:20.341389 シナリオ走行を終了しました [シナリオ名: Banユーザログイン]
[ADMIN] 17:19:20.341407 シナリオ走行を開始しました [シナリオ名: Banユーザログイン]
[ADMIN] 17:19:20.352449 シナリオ走行を終了しました [シナリオ名: 新規ユーザー登録]
[ADMIN] 17:19:20.352479 シナリオ走行を開始しました [シナリオ名: 新規ユーザー登録]
[ADMIN] 17:19:20.352532 シナリオ走行を終了しました [シナリオ名: 新規ユーザー登録]
[ADMIN] 17:19:20.352555 シナリオ走行を開始しました [シナリオ名: 新規ユーザー登録]
[ADMIN] 17:19:20.384443 シナリオ走行を終了しました [シナリオ名: 新規ユーザー登録]
[ADMIN] 17:19:20.384469 シナリオ走行を開始しました [シナリオ名: 新規ユーザー登録]
[ADMIN] 17:19:20.400524 シナリオ走行を終了しました [シナリオ名: Banユーザログイン]
[ADMIN] 17:19:20.400540 シナリオ走行を開始しました [シナリオ名: Banユーザログイン]
[ADMIN] 17:19:20.407339 シナリオ走行を終了しました [シナリオ名: Banユーザログイン]
[ADMIN] 17:19:20.407358 シナリオ走行を開始しました [シナリオ名: Banユーザログイン]
[ADMIN] 17:19:20.428529 シナリオ走行を終了しました [シナリオ名: Banユーザログイン]
[ADMIN] 17:19:20.428547 シナリオ走行を開始しました [シナリオ名: Banユーザログイン]
[ADMIN] 17:19:20.441630 シナリオ走行を終了しました [シナリオ名: 新規ユーザー登録]
[ADMIN] 17:19:20.441650 シナリオ走行を開始しました [シナリオ名: 新規ユーザー登録]
[ADMIN] 17:19:20.444505 シナリオ走行を終了しました [シナリオ名: ログイン]
[ADMIN] 17:19:20.444516 シナリオ走行を開始しました [シナリオ名: ログイン]
[ADMIN] 17:19:20.454357 シナリオ走行を終了しました [シナリオ名: ログイン]
[ADMIN] 17:19:20.454370 シナリオ走行を開始しました [シナリオ名: ログイン]
[ADMIN] 17:19:20.460909 シナリオ走行を終了しました [シナリオ名: Banユーザログイン]
[ADMIN] 17:19:20.460934 シナリオ走行を開始しました [シナリオ名: Banユーザログイン]
[ADMIN] 17:19:20.485652 シナリオ走行を終了しました [シナリオ名: 新規ユーザー登録]
[ADMIN] 17:19:20.485675 シナリオ走行を開始しました [シナリオ名: 新規ユーザー登録]
[ADMIN] 17:19:20.488934 シナリオ走行を終了しました [シナリオ名: 新規ユーザー登録]
[ADMIN] 17:19:20.488953 シナリオ走行を開始しました [シナリオ名: 新規ユーザー登録]
[ADMIN] 17:19:20.493068 シナリオ走行を終了しました [シナリオ名: ログイン]
[ADMIN] 17:19:20.493082 シナリオ走行を開始しました [シナリオ名: ログイン]
[ADMIN] 17:19:20.496242 シナリオ走行を終了しました [シナリオ名: 新規ユーザー登録]
[ADMIN] 17:19:20.496265 シナリオ走行を開始しました [シナリオ名: 新規ユーザー登録]
[ADMIN] 17:19:20.503571 シナリオ走行を終了しました [シナリオ名: Banユーザログイン]
[ADMIN] 17:19:20.503588 シナリオ走行を開始しました [シナリオ名: Banユーザログイン]
[ADMIN] 17:19:20.530535 シナリオ走行を終了しました [シナリオ名: Banユーザログイン]
[ADMIN] 17:19:20.530553 シナリオ走行を開始しました [シナリオ名: Banユーザログイン]
[ADMIN] 17:19:20.545545 シナリオ走行を終了しました [シナリオ名: Banユーザログイン]
[ADMIN] 17:19:20.545567 シナリオ走行を開始しました [シナリオ名: Banユーザログイン]
[ADMIN] 17:19:20.546980 シナリオ走行を終了しました [シナリオ名: ログイン]
[ADMIN] 17:19:20.546990 シナリオ走行を開始しました [シナリオ名: ログイン]
[ADMIN] 17:19:20.611334 シナリオ走行を終了しました [シナリオ名: 新規ユーザー登録]
[ADMIN] 17:19:20.611362 シナリオ走行を開始しました [シナリオ名: 新規ユーザー登録]
[ADMIN] 17:19:20.611615 シナリオ走行を終了しました [シナリオ名: 新規ユーザー登録]
[ADMIN] 17:19:20.611633 シナリオ走行を開始しました [シナリオ名: 新規ユーザー登録]
[ADMIN] 17:19:20.616420 シナリオ走行を終了しました [シナリオ名: ログイン]
[ADMIN] 17:19:20.616430 シナリオ走行を開始しました [シナリオ名: ログイン]
[ADMIN] 17:19:20.640763 シナリオ走行を終了しました [シナリオ名: ログイン]
[ADMIN] 17:19:20.640776 シナリオ走行を開始しました [シナリオ名: ログイン]
[ADMIN] 17:19:20.703145 シナリオ走行を終了しました [シナリオ名: ログイン]
[ADMIN] 17:19:20.703161 シナリオ走行を開始しました [シナリオ名: ログイン]
[ADMIN] 17:19:20.737532 シナリオ走行を終了しました [シナリオ名: ログイン]
[ADMIN] 17:19:20.737547 シナリオ走行を開始しました [シナリオ名: ログイン]
[ADMIN] 17:19:20.758531 シナリオ走行を終了しました [シナリオ名: ログイン]
[ADMIN] 17:19:20.758545 シナリオ走行を開始しました [シナリオ名: ログイン]
[ADMIN] 17:19:20.774887 シナリオ走行を終了しました [シナリオ名: ログイン]
[ADMIN] 17:19:20.774902 シナリオ走行を開始しました [シナリオ名: ログイン]
[ADMIN] 17:19:20.781515 シナリオ走行を終了しました [シナリオ名: ログイン]
[ADMIN] 17:19:20.781525 シナリオ走行を開始しました [シナリオ名: ログイン]
[ADMIN] 17:19:20.798468 シナリオ走行を終了しました [シナリオ名: ログイン]
[ADMIN] 17:19:20.798479 シナリオ走行を開始しました [シナリオ名: ログイン]
[ADMIN] 17:19:20.807646 シナリオ走行を終了しました [シナリオ名: ログイン]
[ADMIN] 17:19:20.807657 シナリオ走行を開始しました [シナリオ名: ログイン]
[ADMIN] 17:19:20.809823 シナリオ走行を終了しました [シナリオ名: ログイン]
[ADMIN] 17:19:20.809831 シナリオ走行を開始しました [シナリオ名: ログイン]
[ADMIN] 17:19:20.818135 シナリオ走行を終了しました [シナリオ名: ログイン]
[ADMIN] 17:19:20.818144 シナリオ走行を開始しました [シナリオ名: ログイン]
[ADMIN] 17:19:20.833097 シナリオ走行を終了しました [シナリオ名: ログイン]
[ADMIN] 17:19:20.833108 シナリオ走行を開始しました [シナリオ名: ログイン]
[ADMIN] 17:19:20.839810 シナリオ走行を終了しました [シナリオ名: ログイン]
[ADMIN] 17:19:20.839818 シナリオ走行を開始しました [シナリオ名: ログイン]
[ADMIN] 17:19:20.843770 シナリオ走行を終了しました [シナリオ名: ログイン]
[ADMIN] 17:19:20.843779 シナリオ走行を開始しました [シナリオ名: ログイン]
[ADMIN] 17:19:20.887927 シナリオ走行を終了しました [シナリオ名: Banユーザログイン]
[ADMIN] 17:19:20.887944 シナリオ走行を開始しました [シナリオ名: Banユーザログイン]
[ADMIN] 17:19:20.902310 シナリオ走行を終了しました [シナリオ名: ログイン]
[ADMIN] 17:19:20.902321 シナリオ走行を開始しました [シナリオ名: ログイン]
[ADMIN] 17:19:20.930418 シナリオ走行を終了しました [シナリオ名: ログイン]
[ADMIN] 17:19:20.930428 シナリオ走行を開始しました [シナリオ名: ログイン]
[ADMIN] 17:19:20.935551 シナリオ走行を終了しました [シナリオ名: ログイン]
[ADMIN] 17:19:20.935560 シナリオ走行を開始しました [シナリオ名: ログイン]
[ADMIN] 17:19:20.951298 シナリオ走行を終了しました [シナリオ名: Banユーザログイン]
[ADMIN] 17:19:20.951314 シナリオ走行を開始しました [シナリオ名: Banユーザログイン]
[ADMIN] 17:19:20.967467 シナリオ走行を終了しました [シナリオ名: Banユーザログイン]
[ADMIN] 17:19:20.967486 シナリオ走行を開始しました [シナリオ名: Banユーザログイン]
[ADMIN] 17:19:20.990120 シナリオ走行を終了しました [シナリオ名: Banユーザログイン]
[ADMIN] 17:19:20.990141 シナリオ走行を開始しました [シナリオ名: Banユーザログイン]
[ADMIN] 17:19:21.002482 シナリオ走行を終了しました [シナリオ名: ログイン]
[ADMIN] 17:19:21.002494 シナリオ走行を開始しました [シナリオ名: ログイン]
[ADMIN] 17:19:21.049754 シナリオ走行を終了しました [シナリオ名: Banユーザログイン]
[ADMIN] 17:19:21.049773 シナリオ走行を開始しました [シナリオ名: Banユーザログイン]
[ADMIN] 17:19:21.068149 シナリオ走行を終了しました [シナリオ名: Banユーザログイン]
[ADMIN] 17:19:21.068169 シナリオ走行を開始しました [シナリオ名: Banユーザログイン]
[ADMIN] 17:19:21.071773 シナリオ走行を終了しました [シナリオ名: ログイン]
[ADMIN] 17:19:21.071785 シナリオ走行を開始しました [シナリオ名: ログイン]
[ADMIN] 17:19:21.076085 シナリオ走行を終了しました [シナリオ名: Banユーザログイン]
[ADMIN] 17:19:21.076097 シナリオ走行を開始しました [シナリオ名: Banユーザログイン]
[ADMIN] 17:19:21.077852 シナリオ走行を終了しました [シナリオ名: Banユーザログイン]
[ADMIN] 17:19:21.077864 シナリオ走行を開始しました [シナリオ名: Banユーザログイン]
[ADMIN] 17:19:21.155475 シナリオ走行を終了しました [シナリオ名: ログイン]
[ADMIN] 17:19:21.155493 シナリオ走行を開始しました [シナリオ名: ログイン]
[ADMIN] 17:19:21.155686 シナリオ走行を終了しました [シナリオ名: ログイン]
[ADMIN] 17:19:21.155698 シナリオ走行を開始しました [シナリオ名: ログイン]
[ADMIN] 17:19:21.165682 シナリオ走行を終了しました [シナリオ名: ログイン]
[ADMIN] 17:19:21.165691 シナリオ走行を開始しました [シナリオ名: ログイン]
[ADMIN] 17:19:21.174877 シナリオ走行を終了しました [シナリオ名: ログイン]
[ADMIN] 17:19:21.174886 シナリオ走行を開始しました [シナリオ名: ログイン]
[ADMIN] 17:19:21.176336 シナリオ走行を終了しました [シナリオ名: 新規ユーザー登録]
[ADMIN] 17:19:21.176354 シナリオ走行を開始しました [シナリオ名: 新規ユーザー登録]
[ADMIN] 17:19:21.242302 シナリオ走行を終了しました [シナリオ名: ログイン]
[ADMIN] 17:19:21.242314 シナリオ走行を開始しました [シナリオ名: ログイン]
[ADMIN] 17:19:21.245172 シナリオ走行を終了しました [シナリオ名: ログイン]
[ADMIN] 17:19:21.245180 シナリオ走行を開始しました [シナリオ名: ログイン]
[ADMIN] 17:19:21.292914 シナリオ走行を終了しました [シナリオ名: 新規ユーザー登録]
[ADMIN] 17:19:21.292939 シナリオ走行を開始しました [シナリオ名: 新規ユーザー登録]
[ADMIN] 17:19:21.332638 シナリオ走行を終了しました [シナリオ名: ログイン]
[ADMIN] 17:19:21.332654 シナリオ走行を開始しました [シナリオ名: ログイン]
[ADMIN] 17:19:21.377524 シナリオ走行を終了しました [シナリオ名: ログイン]
[ADMIN] 17:19:21.377538 シナリオ走行を開始しました [シナリオ名: ログイン]
[ADMIN] 17:19:21.380369 シナリオ走行を終了しました [シナリオ名: ログイン]
[ADMIN] 17:19:21.380379 シナリオ走行を開始しました [シナリオ名: ログイン]
17:19:21.386341 現在のログイン成功数: [total: 4070 (+1663人)]
17:19:21.386350 現在のユーザー登録成功数: [total: 2040 (+784人)]
[ADMIN] 17:19:21.394187 シナリオ走行を終了しました [シナリオ名: ログイン]
[ADMIN] 17:19:21.394197 シナリオ走行を開始しました [シナリオ名: ログイン]
[ADMIN] 17:19:21.403392 シナリオ走行を終了しました [シナリオ名: ログイン]
[ADMIN] 17:19:21.403422 シナリオ走行を開始しました [シナリオ名: ログイン]
[ADMIN] 17:19:21.403464 シナリオ走行を開始しました [シナリオ名: ログイン]
[ADMIN] 17:19:21.403490 シナリオ走行を開始しました [シナリオ名: ログイン]
[ADMIN] 17:19:21.403527 シナリオ走行を開始しました [シナリオ名: ログイン]
[ADMIN] 17:19:21.403547 シナリオ走行を開始しました [シナリオ名: ログイン]
[ADMIN] 17:19:21.403568 シナリオ走行を開始しました [シナリオ名: ログイン]
[ADMIN] 17:19:21.403570 シナリオ走行を開始しました [シナリオ名: ログイン]
[ADMIN] 17:19:21.403573 シナリオ走行を開始しました [シナリオ名: ログイン]
[ADMIN] 17:19:21.403576 シナリオ走行を開始しました [シナリオ名: ログイン]
[ADMIN] 17:19:21.403579 シナリオ走行を開始しました [シナリオ名: ログイン]
[ADMIN] 17:19:21.403582 シナリオ走行を開始しました [シナリオ名: ログイン]
[ADMIN] 17:19:21.403584 シナリオ走行を開始しました [シナリオ名: ログイン]
[ADMIN] 17:19:21.403587 シナリオ走行を開始しました [シナリオ名: ログイン]
[ADMIN] 17:19:21.403590 シナリオ走行を開始しました [シナリオ名: ログイン]
[ADMIN] 17:19:21.403608 シナリオ走行を開始しました [シナリオ名: ログイン]
[ADMIN] 17:19:21.403539 シナリオ走行を開始しました [シナリオ名: ログイン]
[ADMIN] 17:19:21.416526 シナリオ走行を終了しました [シナリオ名: Banユーザログイン]
[ADMIN] 17:19:21.416539 シナリオ走行を開始しました [シナリオ名: Banユーザログイン]
[ADMIN] 17:19:21.428597 シナリオ走行を終了しました [シナリオ名: ログイン]
[ADMIN] 17:19:21.446851 シナリオ走行を終了しました [シナリオ名: ログイン]
[ADMIN] 17:19:21.446900 シナリオ走行を終了しました [シナリオ名: ログイン]
[ADMIN] 17:19:21.454918 シナリオ走行を終了しました [シナリオ名: 新規ユーザー登録]
[ADMIN] 17:19:21.454940 シナリオ走行を開始しました [シナリオ名: 新規ユーザー登録]
[ADMIN] 17:19:21.457874 シナリオ走行を終了しました [シナリオ名: ログイン]
[ADMIN] 17:19:21.458193 シナリオ走行を終了しました [シナリオ名: ログイン]
[ADMIN] 17:19:21.476094 シナリオ走行を終了しました [シナリオ名: ログイン]
[ADMIN] 17:19:21.480850 シナリオ走行を終了しました [シナリオ名: 新規ユーザー登録]
[ADMIN] 17:19:21.480897 シナリオ走行を開始しました [シナリオ名: 新規ユーザー登録]
[ADMIN] 17:19:21.480909 シナリオ走行を開始しました [シナリオ名: 新規ユーザー登録]
[ADMIN] 17:19:21.480916 シナリオ走行を開始しました [シナリオ名: 新規ユーザー登録]
[ADMIN] 17:19:21.480910 シナリオ走行を開始しました [シナリオ名: 新規ユーザー登録]
[ADMIN] 17:19:21.480999 シナリオ走行を開始しました [シナリオ名: 新規ユーザー登録]
[ADMIN] 17:19:21.481064 シナリオ走行を開始しました [シナリオ名: 新規ユーザー登録]
[ADMIN] 17:19:21.481076 シナリオ走行を開始しました [シナリオ名: 新規ユーザー登録]
[ADMIN] 17:19:21.481084 シナリオ走行を開始しました [シナリオ名: 新規ユーザー登録]
[ADMIN] 17:19:21.481068 シナリオ走行を開始しました [シナリオ名: 新規ユーザー登録]
[ADMIN] 17:19:21.481174 シナリオ走行を開始しました [シナリオ名: 新規ユーザー登録]
[ADMIN] 17:19:21.481178 シナリオ走行を開始しました [シナリオ名: 新規ユーザー登録]
[ADMIN] 17:19:21.481230 シナリオ走行を開始しました [シナリオ名: 新規ユーザー登録]
[ADMIN] 17:19:21.481070 シナリオ走行を開始しました [シナリオ名: 新規ユーザー登録]
[ADMIN] 17:19:21.481256 シナリオ走行を開始しました [シナリオ名: 新規ユーザー登録]
[ADMIN] 17:19:21.480897 シナリオ走行を開始しました [シナリオ名: 新規ユーザー登録]
[ADMIN] 17:19:21.481264 シナリオ走行を開始しました [シナリオ名: 新規ユーザー登録]
[ADMIN] 17:19:21.481282 シナリオ走行を開始しました [シナリオ名: 新規ユーザー登録]
[ADMIN] 17:19:21.484163 シナリオ走行を終了しました [シナリオ名: Banユーザログイン]
[ADMIN] 17:19:21.484179 シナリオ走行を開始しました [シナリオ名: Banユーザログイン]
[ADMIN] 17:19:21.486584 シナリオ走行を終了しました [シナリオ名: 新規ユーザー登録]
[ADMIN] 17:19:21.495206 シナリオ走行を終了しました [シナリオ名: 新規ユーザー登録]
[ADMIN] 17:19:21.510334 シナリオ走行を終了しました [シナリオ名: 新規ユーザー登録]
[ADMIN] 17:19:21.523105 シナリオ走行を終了しました [シナリオ名: Banユーザログイン]
[ADMIN] 17:19:21.523131 シナリオ走行を開始しました [シナリオ名: Banユーザログイン]
[ADMIN] 17:19:21.523137 シナリオ走行を開始しました [シナリオ名: Banユーザログイン]
[ADMIN] 17:19:21.523158 シナリオ走行を開始しました [シナリオ名: Banユーザログイン]
[ADMIN] 17:19:21.523215 シナリオ走行を開始しました [シナリオ名: Banユーザログイン]
[ADMIN] 17:19:21.531619 シナリオ走行を終了しました [シナリオ名: Banユーザログイン]
[ADMIN] 17:19:21.549270 シナリオ走行を終了しました [シナリオ名: ログイン]
[ADMIN] 17:19:21.618802 シナリオ走行を終了しました [シナリオ名: ログイン]
[ADMIN] 17:19:21.621200 シナリオ走行を終了しました [シナリオ名: Banユーザログイン]
[ADMIN] 17:19:21.645064 シナリオ走行を終了しました [シナリオ名: Banユーザログイン]
[ADMIN] 17:19:21.659243 シナリオ走行を終了しました [シナリオ名: Banユーザログイン]
[ADMIN] 17:19:21.684427 シナリオ走行を終了しました [シナリオ名: Banユーザログイン]
[ADMIN] 17:19:21.718331 シナリオ走行を終了しました [シナリオ名: ログイン]
[ADMIN] 17:19:21.719641 シナリオ走行を終了しました [シナリオ名: ログイン]
[ADMIN] 17:19:21.728674 シナリオ走行を終了しました [シナリオ名: ログイン]
[ADMIN] 17:19:21.757550 シナリオ走行を終了しました [シナリオ名: 新規ユーザー登録]
[ADMIN] 17:19:21.768711 シナリオ走行を終了しました [シナリオ名: 新規ユーザー登録]
[ADMIN] 17:19:21.821660 シナリオ走行を終了しました [シナリオ名: ログイン]
[ADMIN] 17:19:21.823068 シナリオ走行を終了しました [シナリオ名: ログイン]
[ADMIN] 17:19:21.852805 シナリオ走行を終了しました [シナリオ名: ログイン]
[ADMIN] 17:19:21.910422 シナリオ走行を終了しました [シナリオ名: 新規ユーザー登録]
[ADMIN] 17:19:21.958238 シナリオ走行を終了しました [シナリオ名: Banユーザログイン]
[ADMIN] 17:19:21.968423 シナリオ走行を終了しました [シナリオ名: ログイン]
[ADMIN] 17:19:21.968510 シナリオ走行を終了しました [シナリオ名: ログイン]
[ADMIN] 17:19:21.970160 シナリオ走行を終了しました [シナリオ名: ログイン]
[ADMIN] 17:19:21.972109 シナリオ走行を終了しました [シナリオ名: 新規ユーザー登録]
[ADMIN] 17:19:21.980163 シナリオ走行を終了しました [シナリオ名: 新規ユーザー登録]
[ADMIN] 17:19:21.982527 シナリオ走行を終了しました [シナリオ名: ログイン]
[ADMIN] 17:19:22.006827 シナリオ走行を終了しました [シナリオ名: 新規ユーザー登録]
[ADMIN] 17:19:22.020138 シナリオ走行を終了しました [シナリオ名: ログイン]
[ADMIN] 17:19:22.040750 シナリオ走行を終了しました [シナリオ名: ログイン]
[ADMIN] 17:19:22.056129 シナリオ走行を終了しました [シナリオ名: ログイン]
[ADMIN] 17:19:22.073954 シナリオ走行を終了しました [シナリオ名: 新規ユーザー登録]
[ADMIN] 17:19:22.076735 シナリオ走行を終了しました [シナリオ名: ログイン]
[ADMIN] 17:19:22.080700 シナリオ走行を終了しました [シナリオ名: 新規ユーザー登録]
[ADMIN] 17:19:22.102107 シナリオ走行を終了しました [シナリオ名: ログイン]
[ADMIN] 17:19:22.104316 シナリオ走行を終了しました [シナリオ名: ログイン]
[ADMIN] 17:19:22.104657 シナリオ走行を終了しました [シナリオ名: 新規ユーザー登録]
[ADMIN] 17:19:22.110846 シナリオ走行を終了しました [シナリオ名: ログイン]
[ADMIN] 17:19:22.116461 シナリオ走行を終了しました [シナリオ名: Banユーザログイン]
[ADMIN] 17:19:22.142797 シナリオ走行を終了しました [シナリオ名: 新規ユーザー登録]
[ADMIN] 17:19:22.146278 シナリオ走行を終了しました [シナリオ名: Banユーザログイン]
[ADMIN] 17:19:22.146306 シナリオ走行を開始しました [シナリオ名: Banユーザログイン]
[ADMIN] 17:19:22.146309 シナリオ走行を開始しました [シナリオ名: Banユーザログイン]
[ADMIN] 17:19:22.146318 シナリオ走行を開始しました [シナリオ名: Banユーザログイン]
[ADMIN] 17:19:22.146370 シナリオ走行を開始しました [シナリオ名: Banユーザログイン]
[ADMIN] 17:19:22.146460 シナリオ走行を開始しました [シナリオ名: Banユーザログイン]
[ADMIN] 17:19:22.146463 シナリオ走行を開始しました [シナリオ名: Banユーザログイン]
[ADMIN] 17:19:22.146551 シナリオ走行を終了しました [シナリオ名: Banユーザログイン]
[ADMIN] 17:19:22.146573 シナリオ走行を開始しました [シナリオ名: Banユーザログイン]
[ADMIN] 17:19:22.146466 シナリオ走行を開始しました [シナリオ名: Banユーザログイン]
[ADMIN] 17:19:22.146470 シナリオ走行を開始しました [シナリオ名: Banユーザログイン]
[ADMIN] 17:19:22.147874 シナリオ走行を終了しました [シナリオ名: 新規ユーザー登録]
[ADMIN] 17:19:22.163793 シナリオ走行を終了しました [シナリオ名: Banユーザログイン]
[ADMIN] 17:19:22.163807 シナリオ走行を開始しました [シナリオ名: Banユーザログイン]
[ADMIN] 17:19:22.191960 シナリオ走行を終了しました [シナリオ名: ログイン]
[ADMIN] 17:19:22.193485 シナリオ走行を終了しました [シナリオ名: ログイン]
[ADMIN] 17:19:22.197382 シナリオ走行を終了しました [シナリオ名: 新規ユーザー登録]
[ADMIN] 17:19:22.197490 シナリオ走行を終了しました [シナリオ名: ログイン]
[ADMIN] 17:19:22.197629 シナリオ走行を終了しました [シナリオ名: 新規ユーザー登録]
[ADMIN] 17:19:22.198804 シナリオ走行を終了しました [シナリオ名: 新規ユーザー登録]
[ADMIN] 17:19:22.204802 シナリオ走行を終了しました [シナリオ名: 新規ユーザー登録]
[ADMIN] 17:19:22.211742 シナリオ走行を終了しました [シナリオ名: Banユーザログイン]
[ADMIN] 17:19:22.211754 シナリオ走行を開始しました [シナリオ名: Banユーザログイン]
[ADMIN] 17:19:22.212292 シナリオ走行を終了しました [シナリオ名: 新規ユーザー登録]
[ADMIN] 17:19:22.231348 シナリオ走行を終了しました [シナリオ名: ログイン]
[ADMIN] 17:19:22.235515 シナリオ走行を終了しました [シナリオ名: ログイン]
[ADMIN] 17:19:22.251370 シナリオ走行を終了しました [シナリオ名: 新規ユーザー登録]
[ADMIN] 17:19:22.270386 シナリオ走行を終了しました [シナリオ名: ログイン]
[ADMIN] 17:19:22.278539 シナリオ走行を終了しました [シナリオ名: 新規ユーザー登録]
[ADMIN] 17:19:22.279190 シナリオ走行を終了しました [シナリオ名: 新規ユーザー登録]
[ADMIN] 17:19:22.289335 シナリオ走行を終了しました [シナリオ名: 新規ユーザー登録]
[ADMIN] 17:19:22.292482 シナリオ走行を終了しました [シナリオ名: ログイン]
[ADMIN] 17:19:22.292523 シナリオ走行を開始しました [シナリオ名: ログイン]
[ADMIN] 17:19:22.292550 シナリオ走行を開始しました [シナリオ名: ログイン]
[ADMIN] 17:19:22.292592 シナリオ走行を開始しました [シナリオ名: ログイン]
[ADMIN] 17:19:22.292621 シナリオ走行を開始しました [シナリオ名: ログイン]
[ADMIN] 17:19:22.292696 シナリオ走行を開始しました [シナリオ名: ログイン]
[ADMIN] 17:19:22.292703 シナリオ走行を開始しました [シナリオ名: ログイン]
[ADMIN] 17:19:22.292719 シナリオ走行を開始しました [シナリオ名: ログイン]
[ADMIN] 17:19:22.292795 シナリオ走行を開始しました [シナリオ名: ログイン]
[ADMIN] 17:19:22.292701 シナリオ走行を開始しました [シナリオ名: ログイン]
[ADMIN] 17:19:22.292803 シナリオ走行を開始しました [シナリオ名: ログイン]
[ADMIN] 17:19:22.292600 シナリオ走行を開始しました [シナリオ名: ログイン]
[ADMIN] 17:19:22.292601 シナリオ走行を開始しました [シナリオ名: ログイン]
[ADMIN] 17:19:22.292602 シナリオ走行を開始しました [シナリオ名: ログイン]
[ADMIN] 17:19:22.292603 シナリオ走行を開始しました [シナリオ名: ログイン]
[ADMIN] 17:19:22.292605 シナリオ走行を開始しました [シナリオ名: ログイン]
[ADMIN] 17:19:22.292606 シナリオ走行を開始しました [シナリオ名: ログイン]
[ADMIN] 17:19:22.292610 シナリオ走行を開始しました [シナリオ名: ログイン]
[ADMIN] 17:19:22.292619 シナリオ走行を開始しました [シナリオ名: ログイン]
[ADMIN] 17:19:22.292702 シナリオ走行を開始しました [シナリオ名: ログイン]
[ADMIN] 17:19:22.292808 シナリオ走行を開始しました [シナリオ名: ログイン]
[ADMIN] 17:19:22.292810 シナリオ走行を開始しました [シナリオ名: ログイン]
[ADMIN] 17:19:22.292810 シナリオ走行を開始しました [シナリオ名: ログイン]
[ADMIN] 17:19:22.292812 シナリオ走行を開始しました [シナリオ名: ログイン]
[ADMIN] 17:19:22.292811 シナリオ走行を開始しました [シナリオ名: ログイン]
[ADMIN] 17:19:22.292597 シナリオ走行を開始しました [シナリオ名: ログイン]
[ADMIN] 17:19:22.292813 シナリオ走行を開始しました [シナリオ名: ログイン]
[ADMIN] 17:19:22.292815 シナリオ走行を開始しました [シナリオ名: ログイン]
[ADMIN] 17:19:22.292817 シナリオ走行を開始しました [シナリオ名: ログイン]
[ADMIN] 17:19:22.292818 シナリオ走行を開始しました [シナリオ名: ログイン]
[ADMIN] 17:19:22.292816 シナリオ走行を開始しました [シナリオ名: ログイン]
[ADMIN] 17:19:22.292820 シナリオ走行を開始しました [シナリオ名: ログイン]
[ADMIN] 17:19:22.292821 シナリオ走行を開始しました [シナリオ名: ログイン]
[ADMIN] 17:19:22.303624 シナリオ走行を終了しました [シナリオ名: ログイン]
[ADMIN] 17:19:22.310890 シナリオ走行を終了しました [シナリオ名: 新規ユーザー登録]
[ADMIN] 17:19:22.311420 シナリオ走行を終了しました [シナリオ名: ログイン]
[ADMIN] 17:19:22.319685 シナリオ走行を終了しました [シナリオ名: ログイン]
[ADMIN] 17:19:22.319697 シナリオ走行を開始しました [シナリオ名: ログイン]
[ADMIN] 17:19:22.319758 シナリオ走行を開始しました [シナリオ名: ログイン]
[ADMIN] 17:19:22.319764 シナリオ走行を開始しました [シナリオ名: ログイン]
[ADMIN] 17:19:22.322721 シナリオ走行を終了しました [シナリオ名: 新規ユーザー登録]
[ADMIN] 17:19:22.323406 シナリオ走行を終了しました [シナリオ名: ログイン]
[ADMIN] 17:19:22.325302 シナリオ走行を終了しました [シナリオ名: 新規ユーザー登録]
[ADMIN] 17:19:22.326498 シナリオ走行を終了しました [シナリオ名: ログイン]
[ADMIN] 17:19:22.330049 シナリオ走行を終了しました [シナリオ名: ログイン]
[ADMIN] 17:19:22.330061 シナリオ走行を開始しました [シナリオ名: ログイン]
[ADMIN] 17:19:22.330118 シナリオ走行を開始しました [シナリオ名: ログイン]
[ADMIN] 17:19:22.330129 シナリオ走行を開始しました [シナリオ名: ログイン]
[ADMIN] 17:19:22.340136 シナリオ走行を終了しました [シナリオ名: ログイン]
[ADMIN] 17:19:22.340148 シナリオ走行を開始しました [シナリオ名: ログイン]
[ADMIN] 17:19:22.344812 シナリオ走行を終了しました [シナリオ名: ログイン]
[ADMIN] 17:19:22.380530 シナリオ走行を終了しました [シナリオ名: 新規ユーザー登録]
[ADMIN] 17:19:22.394579 シナリオ走行を終了しました [シナリオ名: 新規ユーザー登録]
[ADMIN] 17:19:22.403246 シナリオ走行を終了しました [シナリオ名: 新規ユーザー登録]
[ADMIN] 17:19:22.409584 シナリオ走行を終了しました [シナリオ名: ログイン]
[ADMIN] 17:19:22.461753 シナリオ走行を終了しました [シナリオ名: ログイン]
[ADMIN] 17:19:22.461767 シナリオ走行を開始しました [シナリオ名: ログイン]
[ADMIN] 17:19:22.461823 シナリオ走行を開始しました [シナリオ名: ログイン]
[ADMIN] 17:19:22.461830 シナリオ走行を開始しました [シナリオ名: ログイン]
[ADMIN] 17:19:22.491717 シナリオ走行を終了しました [シナリオ名: ログイン]
[ADMIN] 17:19:22.491729 シナリオ走行を開始しました [シナリオ名: ログイン]
[ADMIN] 17:19:22.496546 シナリオ走行を終了しました [シナリオ名: ログイン]
[ADMIN] 17:19:22.507096 シナリオ走行を終了しました [シナリオ名: ログイン]
[ADMIN] 17:19:22.507108 シナリオ走行を開始しました [シナリオ名: ログイン]
[ADMIN] 17:19:22.507161 シナリオ走行を開始しました [シナリオ名: ログイン]
[ADMIN] 17:19:22.540397 シナリオ走行を終了しました [シナリオ名: ログイン]
[ADMIN] 17:19:22.540407 シナリオ走行を開始しました [シナリオ名: ログイン]
[ADMIN] 17:19:22.542503 シナリオ走行を終了しました [シナリオ名: ログイン]
[ADMIN] 17:19:22.542512 シナリオ走行を開始しました [シナリオ名: ログイン]
[ADMIN] 17:19:22.570425 シナリオ走行を終了しました [シナリオ名: ログイン]
[ADMIN] 17:19:22.581445 シナリオ走行を終了しました [シナリオ名: ログイン]
[ADMIN] 17:19:22.581455 シナリオ走行を開始しました [シナリオ名: ログイン]
[ADMIN] 17:19:22.581512 シナリオ走行を開始しました [シナリオ名: ログイン]
[ADMIN] 17:19:22.599650 シナリオ走行を終了しました [シナリオ名: ログイン]
[ADMIN] 17:19:22.599659 シナリオ走行を開始しました [シナリオ名: ログイン]
[ADMIN] 17:19:22.649868 シナリオ走行を終了しました [シナリオ名: ログイン]
[ADMIN] 17:19:22.649878 シナリオ走行を開始しました [シナリオ名: ログイン]
[ADMIN] 17:19:22.661579 シナリオ走行を終了しました [シナリオ名: Banユーザログイン]
[ADMIN] 17:19:22.661596 シナリオ走行を開始しました [シナリオ名: Banユーザログイン]
[ADMIN] 17:19:22.668275 シナリオ走行を終了しました [シナリオ名: Banユーザログイン]
[ADMIN] 17:19:22.668290 シナリオ走行を開始しました [シナリオ名: Banユーザログイン]
[ADMIN] 17:19:22.676069 シナリオ走行を終了しました [シナリオ名: Banユーザログイン]
[ADMIN] 17:19:22.676080 シナリオ走行を開始しました [シナリオ名: Banユーザログイン]
[ADMIN] 17:19:22.677748 シナリオ走行を終了しました [シナリオ名: Banユーザログイン]
[ADMIN] 17:19:22.677761 シナリオ走行を開始しました [シナリオ名: Banユーザログイン]
[ADMIN] 17:19:22.693555 シナリオ走行を終了しました [シナリオ名: Banユーザログイン]
[ADMIN] 17:19:22.693571 シナリオ走行を開始しました [シナリオ名: Banユーザログイン]
[ADMIN] 17:19:22.697969 シナリオ走行を終了しました [シナリオ名: Banユーザログイン]
[ADMIN] 17:19:22.697979 シナリオ走行を開始しました [シナリオ名: Banユーザログイン]
[ADMIN] 17:19:22.697999 シナリオ走行を終了しました [シナリオ名: Banユーザログイン]
[ADMIN] 17:19:22.698004 シナリオ走行を開始しました [シナリオ名: Banユーザログイン]
[ADMIN] 17:19:22.700843 シナリオ走行を終了しました [シナリオ名: Banユーザログイン]
[ADMIN] 17:19:22.700854 シナリオ走行を開始しました [シナリオ名: Banユーザログイン]
[ADMIN] 17:19:22.700854 シナリオ走行を終了しました [シナリオ名: Banユーザログイン]
[ADMIN] 17:19:22.700868 シナリオ走行を開始しました [シナリオ名: Banユーザログイン]
[ADMIN] 17:19:22.702048 シナリオ走行を終了しました [シナリオ名: ログイン]
[ADMIN] 17:19:22.702057 シナリオ走行を開始しました [シナリオ名: ログイン]
[ADMIN] 17:19:22.706542 シナリオ走行を終了しました [シナリオ名: Banユーザログイン]
[ADMIN] 17:19:22.706557 シナリオ走行を開始しました [シナリオ名: Banユーザログイン]
[ADMIN] 17:19:22.719565 シナリオ走行を終了しました [シナリオ名: Banユーザログイン]
[ADMIN] 17:19:22.719583 シナリオ走行を開始しました [シナリオ名: Banユーザログイン]
[ADMIN] 17:19:22.730464 シナリオ走行を終了しました [シナリオ名: ログイン]
[ADMIN] 17:19:22.730476 シナリオ走行を開始しました [シナリオ名: ログイン]
[ADMIN] 17:19:22.803052 シナリオ走行を終了しました [シナリオ名: ログイン]
[ADMIN] 17:19:22.807458 シナリオ走行を終了しました [シナリオ名: ログイン]
[ADMIN] 17:19:22.813202 シナリオ走行を終了しました [シナリオ名: ログイン]
[ADMIN] 17:19:22.813215 シナリオ走行を開始しました [シナリオ名: ログイン]
[ADMIN] 17:19:22.813267 シナリオ走行を開始しました [シナリオ名: ログイン]
[ADMIN] 17:19:22.813290 シナリオ走行を開始しました [シナリオ名: ログイン]
[ADMIN] 17:19:22.853602 シナリオ走行を終了しました [シナリオ名: ログイン]
[ADMIN] 17:19:22.853615 シナリオ走行を開始しました [シナリオ名: ログイン]
[ADMIN] 17:19:22.860451 シナリオ走行を終了しました [シナリオ名: ログイン]
[ADMIN] 17:19:22.922323 シナリオ走行を終了しました [シナリオ名: 新規ユーザー登録]
[ADMIN] 17:19:22.922377 シナリオ走行を開始しました [シナリオ名: 新規ユーザー登録]
[ADMIN] 17:19:22.922401 シナリオ走行を開始しました [シナリオ名: 新規ユーザー登録]
[ADMIN] 17:19:22.922429 シナリオ走行を開始しました [シナリオ名: 新規ユーザー登録]
[ADMIN] 17:19:22.922518 シナリオ走行を開始しました [シナリオ名: 新規ユーザー登録]
[ADMIN] 17:19:22.922535 シナリオ走行を開始しました [シナリオ名: 新規ユーザー登録]
[ADMIN] 17:19:22.922544 シナリオ走行を開始しました [シナリオ名: 新規ユーザー登録]
[ADMIN] 17:19:22.922606 シナリオ走行を開始しました [シナリオ名: 新規ユーザー登録]
[ADMIN] 17:19:22.922651 シナリオ走行を開始しました [シナリオ名: 新規ユーザー登録]
[ADMIN] 17:19:22.922664 シナリオ走行を開始しました [シナリオ名: 新規ユーザー登録]
[ADMIN] 17:19:22.922727 シナリオ走行を開始しました [シナリオ名: 新規ユーザー登録]
[ADMIN] 17:19:22.922797 シナリオ走行を開始しました [シナリオ名: 新規ユーザー登録]
[ADMIN] 17:19:22.922536 シナリオ走行を開始しました [シナリオ名: 新規ユーザー登録]
[ADMIN] 17:19:22.922898 シナリオ走行を開始しました [シナリオ名: 新規ユーザー登録]
[ADMIN] 17:19:22.922964 シナリオ走行を開始しました [シナリオ名: 新規ユーザー登録]
[ADMIN] 17:19:22.923025 シナリオ走行を開始しました [シナリオ名: 新規ユーザー登録]
[ADMIN] 17:19:22.923168 シナリオ走行を開始しました [シナリオ名: 新規ユーザー登録]
[ADMIN] 17:19:22.923239 シナリオ走行を開始しました [シナリオ名: 新規ユーザー登録]
[ADMIN] 17:19:22.923312 シナリオ走行を開始しました [シナリオ名: 新規ユーザー登録]
[ADMIN] 17:19:22.923481 シナリオ走行を開始しました [シナリオ名: 新規ユーザー登録]
[ADMIN] 17:19:22.923670 シナリオ走行を開始しました [シナリオ名: 新規ユーザー登録]
[ADMIN] 17:19:22.923761 シナリオ走行を開始しました [シナリオ名: 新規ユーザー登録]
[ADMIN] 17:19:22.923860 シナリオ走行を開始しました [シナリオ名: 新規ユーザー登録]
[ADMIN] 17:19:22.923895 シナリオ走行を開始しました [シナリオ名: 新規ユーザー登録]
[ADMIN] 17:19:22.922658 シナリオ走行を開始しました [シナリオ名: 新規ユーザー登録]
[ADMIN] 17:19:22.923889 シナリオ走行を開始しました [シナリオ名: 新規ユーザー登録]
[ADMIN] 17:19:22.923003 シナリオ走行を開始しました [シナリオ名: 新規ユーザー登録]
[ADMIN] 17:19:22.922892 シナリオ走行を開始しました [シナリオ名: 新規ユーザー登録]
[ADMIN] 17:19:22.923010 シナリオ走行を開始しました [シナリオ名: 新規ユーザー登録]
[ADMIN] 17:19:22.923015 シナリオ走行を開始しました [シナリオ名: 新規ユーザー登録]
[ADMIN] 17:19:22.923020 シナリオ走行を開始しました [シナリオ名: 新規ユーザー登録]
[ADMIN] 17:19:22.983100 シナリオ走行を終了しました [シナリオ名: 新規ユーザー登録]
[ADMIN] 17:19:22.990287 シナリオ走行を終了しました [シナリオ名: 新規ユーザー登録]
[ADMIN] 17:19:22.990317 シナリオ走行を開始しました [シナリオ名: 新規ユーザー登録]
[ADMIN] 17:19:22.990366 シナリオ走行を開始しました [シナリオ名: 新規ユーザー登録]
[ADMIN] 17:19:23.176816 シナリオ走行を終了しました [シナリオ名: 新規ユーザー登録]
[ADMIN] 17:19:23.176840 シナリオ走行を開始しました [シナリオ名: 新規ユーザー登録]
[ADMIN] 17:19:23.198639 シナリオ走行を終了しました [シナリオ名: Banユーザログイン]
[ADMIN] 17:19:23.198659 シナリオ走行を開始しました [シナリオ名: Banユーザログイン]
[ADMIN] 17:19:23.203457 シナリオ走行を終了しました [シナリオ名: Banユーザログイン]
[ADMIN] 17:19:23.203470 シナリオ走行を開始しました [シナリオ名: Banユーザログイン]
[ADMIN] 17:19:23.211923 シナリオ走行を終了しました [シナリオ名: Banユーザログイン]
[ADMIN] 17:19:23.211931 シナリオ走行を開始しました [シナリオ名: Banユーザログイン]
[ADMIN] 17:19:23.211937 シナリオ走行を終了しました [シナリオ名: Banユーザログイン]
[ADMIN] 17:19:23.211953 シナリオ走行を開始しました [シナリオ名: Banユーザログイン]
[ADMIN] 17:19:23.217520 シナリオ走行を終了しました [シナリオ名: 新規ユーザー登録]
[ADMIN] 17:19:23.217539 シナリオ走行を開始しました [シナリオ名: 新規ユーザー登録]
[ADMIN] 17:19:23.221259 シナリオ走行を終了しました [シナリオ名: Banユーザログイン]
[ADMIN] 17:19:23.221273 シナリオ走行を開始しました [シナリオ名: Banユーザログイン]
[ADMIN] 17:19:23.224270 シナリオ走行を終了しました [シナリオ名: Banユーザログイン]
[ADMIN] 17:19:23.224280 シナリオ走行を開始しました [シナリオ名: Banユーザログイン]
[ADMIN] 17:19:23.250942 シナリオ走行を終了しました [シナリオ名: Banユーザログイン]
[ADMIN] 17:19:23.250955 シナリオ走行を開始しました [シナリオ名: Banユーザログイン]
[ADMIN] 17:19:23.258734 シナリオ走行を終了しました [シナリオ名: Banユーザログイン]
[ADMIN] 17:19:23.258748 シナリオ走行を開始しました [シナリオ名: Banユーザログイン]
[ADMIN] 17:19:23.270791 シナリオ走行を終了しました [シナリオ名: Banユーザログイン]
[ADMIN] 17:19:23.270805 シナリオ走行を開始しました [シナリオ名: Banユーザログイン]
[ADMIN] 17:19:23.273999 シナリオ走行を終了しました [シナリオ名: Banユーザログイン]
[ADMIN] 17:19:23.274012 シナリオ走行を開始しました [シナリオ名: Banユーザログイン]
[ADMIN] 17:19:23.288072 シナリオ走行を終了しました [シナリオ名: Banユーザログイン]
[ADMIN] 17:19:23.288080 シナリオ走行を開始しました [シナリオ名: Banユーザログイン]
[ADMIN] 17:19:23.315159 シナリオ走行を終了しました [シナリオ名: 新規ユーザー登録]
[ADMIN] 17:19:23.390934 シナリオ走行を終了しました [シナリオ名: 新規ユーザー登録]
[ADMIN] 17:19:23.390954 シナリオ走行を開始しました [シナリオ名: 新規ユーザー登録]
[ADMIN] 17:19:23.391010 シナリオ走行を開始しました [シナリオ名: 新規ユーザー登録]
[ADMIN] 17:19:23.403648 シナリオ走行を終了しました [シナリオ名: ログイン]
[ADMIN] 17:19:23.403660 シナリオ走行を開始しました [シナリオ名: ログイン]
[ADMIN] 17:19:23.403662 シナリオ走行を開始しました [シナリオ名: ログイン]
[ADMIN] 17:19:23.438949 シナリオ走行を終了しました [シナリオ名: ログイン]
[ADMIN] 17:19:23.438960 シナリオ走行を開始しました [シナリオ名: ログイン]
[ADMIN] 17:19:23.439199 シナリオ走行を終了しました [シナリオ名: ログイン]
[ADMIN] 17:19:23.439209 シナリオ走行を開始しました [シナリオ名: ログイン]
[ADMIN] 17:19:23.445774 シナリオ走行を終了しました [シナリオ名: ログイン]
[ADMIN] 17:19:23.445783 シナリオ走行を開始しました [シナリオ名: ログイン]
[ADMIN] 17:19:23.469910 シナリオ走行を終了しました [シナリオ名: ログイン]
[ADMIN] 17:19:23.469921 シナリオ走行を開始しました [シナリオ名: ログイン]
[ADMIN] 17:19:23.481826 シナリオ走行を終了しました [シナリオ名: ログイン]
[ADMIN] 17:19:23.481836 シナリオ走行を開始しました [シナリオ名: ログイン]
[ADMIN] 17:19:23.486018 シナリオ走行を終了しました [シナリオ名: 新規ユーザー登録]
[ADMIN] 17:19:23.486055 シナリオ走行を開始しました [シナリオ名: 新規ユーザー登録]
[ADMIN] 17:19:23.502646 シナリオ走行を終了しました [シナリオ名: ログイン]
[ADMIN] 17:19:23.502655 シナリオ走行を開始しました [シナリオ名: ログイン]
[ADMIN] 17:19:23.514747 シナリオ走行を終了しました [シナリオ名: 新規ユーザー登録]
[ADMIN] 17:19:23.514769 シナリオ走行を開始しました [シナリオ名: 新規ユーザー登録]
[ADMIN] 17:19:23.524907 シナリオ走行を終了しました [シナリオ名: ログイン]
[ADMIN] 17:19:23.524915 シナリオ走行を開始しました [シナリオ名: ログイン]
[ADMIN] 17:19:23.528991 シナリオ走行を終了しました [シナリオ名: 新規ユーザー登録]
[ADMIN] 17:19:23.532916 シナリオ走行を終了しました [シナリオ名: ログイン]
[ADMIN] 17:19:23.532924 シナリオ走行を開始しました [シナリオ名: ログイン]
[ADMIN] 17:19:23.533714 シナリオ走行を終了しました [シナリオ名: ログイン]
[ADMIN] 17:19:23.533721 シナリオ走行を開始しました [シナリオ名: ログイン]
[ADMIN] 17:19:23.549466 シナリオ走行を終了しました [シナリオ名: ログイン]
[ADMIN] 17:19:23.549475 シナリオ走行を開始しました [シナリオ名: ログイン]
[ADMIN] 17:19:23.553063 シナリオ走行を終了しました [シナリオ名: ログイン]
[ADMIN] 17:19:23.553074 シナリオ走行を開始しました [シナリオ名: ログイン]
[ADMIN] 17:19:23.560665 シナリオ走行を終了しました [シナリオ名: 新規ユーザー登録]
[ADMIN] 17:19:23.560687 シナリオ走行を開始しました [シナリオ名: 新規ユーザー登録]
[ADMIN] 17:19:23.560720 シナリオ走行を開始しました [シナリオ名: 新規ユーザー登録]
[ADMIN] 17:19:23.561652 シナリオ走行を終了しました [シナリオ名: 新規ユーザー登録]
[ADMIN] 17:19:23.561666 シナリオ走行を開始しました [シナリオ名: 新規ユーザー登録]
[ADMIN] 17:19:23.571414 シナリオ走行を終了しました [シナリオ名: 新規ユーザー登録]
[ADMIN] 17:19:23.571427 シナリオ走行を開始しました [シナリオ名: 新規ユーザー登録]
[ADMIN] 17:19:23.575999 シナリオ走行を終了しました [シナリオ名: ログイン]
[ADMIN] 17:19:23.576006 シナリオ走行を開始しました [シナリオ名: ログイン]
[ADMIN] 17:19:23.580394 シナリオ走行を終了しました [シナリオ名: 新規ユーザー登録]
[ADMIN] 17:19:23.580409 シナリオ走行を開始しました [シナリオ名: 新規ユーザー登録]
[ADMIN] 17:19:23.592498 シナリオ走行を終了しました [シナリオ名: 新規ユーザー登録]
[ADMIN] 17:19:23.592517 シナリオ走行を開始しました [シナリオ名: 新規ユーザー登録]
[ADMIN] 17:19:23.595119 シナリオ走行を終了しました [シナリオ名: 新規ユーザー登録]
[ADMIN] 17:19:23.595138 シナリオ走行を開始しました [シナリオ名: 新規ユーザー登録]
[ADMIN] 17:19:23.596972 シナリオ走行を終了しました [シナリオ名: ログイン]
[ADMIN] 17:19:23.596981 シナリオ走行を開始しました [シナリオ名: ログイン]
[ADMIN] 17:19:23.600996 シナリオ走行を終了しました [シナリオ名: ログイン]
[ADMIN] 17:19:23.601007 シナリオ走行を開始しました [シナリオ名: ログイン]
[ADMIN] 17:19:23.606039 シナリオ走行を終了しました [シナリオ名: 新規ユーザー登録]
[ADMIN] 17:19:23.606063 シナリオ走行を開始しました [シナリオ名: 新規ユーザー登録]
[ADMIN] 17:19:23.610240 シナリオ走行を終了しました [シナリオ名: ログイン]
[ADMIN] 17:19:23.610251 シナリオ走行を開始しました [シナリオ名: ログイン]
[ADMIN] 17:19:23.645240 シナリオ走行を終了しました [シナリオ名: ログイン]
[ADMIN] 17:19:23.645255 シナリオ走行を開始しました [シナリオ名: ログイン]
[ADMIN] 17:19:23.645564 シナリオ走行を終了しました [シナリオ名: ログイン]
[ADMIN] 17:19:23.645572 シナリオ走行を開始しました [シナリオ名: ログイン]
[ADMIN] 17:19:23.650987 シナリオ走行を終了しました [シナリオ名: ログイン]
[ADMIN] 17:19:23.651001 シナリオ走行を開始しました [シナリオ名: ログイン]
[ADMIN] 17:19:23.655279 シナリオ走行を終了しました [シナリオ名: ログイン]
[ADMIN] 17:19:23.655295 シナリオ走行を開始しました [シナリオ名: ログイン]
[ADMIN] 17:19:23.662815 シナリオ走行を終了しました [シナリオ名: 新規ユーザー登録]
[ADMIN] 17:19:23.662836 シナリオ走行を開始しました [シナリオ名: 新規ユーザー登録]
[ADMIN] 17:19:23.674216 シナリオ走行を終了しました [シナリオ名: ログイン]
[ADMIN] 17:19:23.674229 シナリオ走行を開始しました [シナリオ名: ログイン]
[ADMIN] 17:19:23.677926 シナリオ走行を終了しました [シナリオ名: ログイン]
[ADMIN] 17:19:23.677935 シナリオ走行を開始しました [シナリオ名: ログイン]
[ADMIN] 17:19:23.683220 シナリオ走行を終了しました [シナリオ名: ログイン]
[ADMIN] 17:19:23.683230 シナリオ走行を開始しました [シナリオ名: ログイン]
[ADMIN] 17:19:23.684079 シナリオ走行を終了しました [シナリオ名: ログイン]
[ADMIN] 17:19:23.684089 シナリオ走行を開始しました [シナリオ名: ログイン]
[ADMIN] 17:19:23.684486 シナリオ走行を終了しました [シナリオ名: ログイン]
[ADMIN] 17:19:23.684496 シナリオ走行を開始しました [シナリオ名: ログイン]
[ADMIN] 17:19:23.728578 シナリオ走行を終了しました [シナリオ名: ログイン]
[ADMIN] 17:19:23.728595 シナリオ走行を開始しました [シナリオ名: ログイン]
[ADMIN] 17:19:23.744366 シナリオ走行を終了しました [シナリオ名: ログイン]
[ADMIN] 17:19:23.744387 シナリオ走行を開始しました [シナリオ名: ログイン]
[ADMIN] 17:19:23.750499 シナリオ走行を終了しました [シナリオ名: Banユーザログイン]
[ADMIN] 17:19:23.750519 シナリオ走行を開始しました [シナリオ名: Banユーザログイン]
[ADMIN] 17:19:23.753797 シナリオ走行を終了しました [シナリオ名: Banユーザログイン]
[ADMIN] 17:19:23.753815 シナリオ走行を開始しました [シナリオ名: Banユーザログイン]
[ADMIN] 17:19:23.760420 シナリオ走行を終了しました [シナリオ名: ログイン]
[ADMIN] 17:19:23.760439 シナリオ走行を開始しました [シナリオ名: ログイン]
[ADMIN] 17:19:23.762541 シナリオ走行を終了しました [シナリオ名: Banユーザログイン]
[ADMIN] 17:19:23.762549 シナリオ走行を終了しました [シナリオ名: Banユーザログイン]
[ADMIN] 17:19:23.762558 シナリオ走行を開始しました [シナリオ名: Banユーザログイン]
[ADMIN] 17:19:23.762550 シナリオ走行を開始しました [シナリオ名: Banユーザログイン]
[ADMIN] 17:19:23.764356 シナリオ走行を終了しました [シナリオ名: 新規ユーザー登録]
[ADMIN] 17:19:23.764371 シナリオ走行を開始しました [シナリオ名: 新規ユーザー登録]
[ADMIN] 17:19:23.775128 シナリオ走行を終了しました [シナリオ名: ログイン]
[ADMIN] 17:19:23.775137 シナリオ走行を開始しました [シナリオ名: ログイン]
[ADMIN] 17:19:23.777548 シナリオ走行を終了しました [シナリオ名: ログイン]
[ADMIN] 17:19:23.777556 シナリオ走行を開始しました [シナリオ名: ログイン]
[ADMIN] 17:19:23.782157 シナリオ走行を終了しました [シナリオ名: ログイン]
[ADMIN] 17:19:23.782167 シナリオ走行を開始しました [シナリオ名: ログイン]
[ADMIN] 17:19:23.783969 シナリオ走行を終了しました [シナリオ名: Banユーザログイン]
[ADMIN] 17:19:23.783984 シナリオ走行を開始しました [シナリオ名: Banユーザログイン]
[ADMIN] 17:19:23.799791 シナリオ走行を終了しました [シナリオ名: ログイン]
[ADMIN] 17:19:23.799801 シナリオ走行を開始しました [シナリオ名: ログイン]
[ADMIN] 17:19:23.833657 シナリオ走行を終了しました [シナリオ名: Banユーザログイン]
[ADMIN] 17:19:23.833684 シナリオ走行を開始しました [シナリオ名: Banユーザログイン]
[ADMIN] 17:19:23.839156 シナリオ走行を終了しました [シナリオ名: Banユーザログイン]
[ADMIN] 17:19:23.839167 シナリオ走行を開始しました [シナリオ名: Banユーザログイン]
[ADMIN] 17:19:23.851131 シナリオ走行を終了しました [シナリオ名: Banユーザログイン]
[ADMIN] 17:19:23.851146 シナリオ走行を開始しました [シナリオ名: Banユーザログイン]
[ADMIN] 17:19:23.851585 シナリオ走行を終了しました [シナリオ名: ログイン]
[ADMIN] 17:19:23.851603 シナリオ走行を開始しました [シナリオ名: ログイン]
[ADMIN] 17:19:23.855034 シナリオ走行を終了しました [シナリオ名: Banユーザログイン]
[ADMIN] 17:19:23.855048 シナリオ走行を開始しました [シナリオ名: Banユーザログイン]
[ADMIN] 17:19:23.862332 シナリオ走行を終了しました [シナリオ名: ログイン]
[ADMIN] 17:19:23.862342 シナリオ走行を開始しました [シナリオ名: ログイン]
[ADMIN] 17:19:23.863160 シナリオ走行を終了しました [シナリオ名: ログイン]
[ADMIN] 17:19:23.863170 シナリオ走行を開始しました [シナリオ名: ログイン]
[ADMIN] 17:19:23.886585 シナリオ走行を終了しました [シナリオ名: Banユーザログイン]
[ADMIN] 17:19:23.886597 シナリオ走行を開始しました [シナリオ名: Banユーザログイン]
[ADMIN] 17:19:23.887978 シナリオ走行を終了しました [シナリオ名: Banユーザログイン]
[ADMIN] 17:19:23.887994 シナリオ走行を開始しました [シナリオ名: Banユーザログイン]
[ADMIN] 17:19:23.904692 シナリオ走行を終了しました [シナリオ名: ログイン]
[ADMIN] 17:19:23.904700 シナリオ走行を開始しました [シナリオ名: ログイン]
[ADMIN] 17:19:23.929891 シナリオ走行を終了しました [シナリオ名: 新規ユーザー登録]
[ADMIN] 17:19:23.929910 シナリオ走行を開始しました [シナリオ名: 新規ユーザー登録]
[ADMIN] 17:19:23.986123 シナリオ走行を終了しました [シナリオ名: ログイン]
[ADMIN] 17:19:23.986134 シナリオ走行を開始しました [シナリオ名: ログイン]
[ADMIN] 17:19:23.986572 シナリオ走行を終了しました [シナリオ名: ログイン]
[ADMIN] 17:19:23.986581 シナリオ走行を開始しました [シナリオ名: ログイン]
[ADMIN] 17:19:24.002579 シナリオ走行を終了しました [シナリオ名: ログイン]
[ADMIN] 17:19:24.002588 シナリオ走行を開始しました [シナリオ名: ログイン]
[ADMIN] 17:19:24.013888 シナリオ走行を終了しました [シナリオ名: ログイン]
[ADMIN] 17:19:24.013899 シナリオ走行を開始しました [シナリオ名: ログイン]
[ADMIN] 17:19:24.026220 シナリオ走行を終了しました [シナリオ名: ログイン]
[ADMIN] 17:19:24.026228 シナリオ走行を開始しました [シナリオ名: ログイン]
[ADMIN] 17:19:24.032691 シナリオ走行を終了しました [シナリオ名: ログイン]
[ADMIN] 17:19:24.032701 シナリオ走行を開始しました [シナリオ名: ログイン]
[ADMIN] 17:19:24.033953 シナリオ走行を終了しました [シナリオ名: ログイン]
[ADMIN] 17:19:24.033963 シナリオ走行を開始しました [シナリオ名: ログイン]
[ADMIN] 17:19:24.047906 シナリオ走行を終了しました [シナリオ名: ログイン]
[ADMIN] 17:19:24.047917 シナリオ走行を開始しました [シナリオ名: ログイン]
[ADMIN] 17:19:24.075617 シナリオ走行を終了しました [シナリオ名: ログイン]
[ADMIN] 17:19:24.075630 シナリオ走行を開始しました [シナリオ名: ログイン]
[ADMIN] 17:19:24.096282 シナリオ走行を終了しました [シナリオ名: ログイン]
[ADMIN] 17:19:24.096294 シナリオ走行を開始しました [シナリオ名: ログイン]
[ADMIN] 17:19:24.100629 シナリオ走行を終了しました [シナリオ名: ログイン]
[ADMIN] 17:19:24.100641 シナリオ走行を開始しました [シナリオ名: ログイン]
[ADMIN] 17:19:24.107678 シナリオ走行を終了しました [シナリオ名: ログイン]
[ADMIN] 17:19:24.107688 シナリオ走行を開始しました [シナリオ名: ログイン]
[ADMIN] 17:19:24.200384 シナリオ走行を終了しました [シナリオ名: ログイン]
[ADMIN] 17:19:24.200397 シナリオ走行を開始しました [シナリオ名: ログイン]
[ADMIN] 17:19:24.210920 シナリオ走行を終了しました [シナリオ名: ログイン]
[ADMIN] 17:19:24.210932 シナリオ走行を開始しました [シナリオ名: ログイン]
[ADMIN] 17:19:24.273161 シナリオ走行を終了しました [シナリオ名: ログイン]
[ADMIN] 17:19:24.273175 シナリオ走行を開始しました [シナリオ名: ログイン]
[ADMIN] 17:19:24.282984 シナリオ走行を終了しました [シナリオ名: ログイン]
[ADMIN] 17:19:24.282995 シナリオ走行を開始しました [シナリオ名: ログイン]
[ADMIN] 17:19:24.291723 シナリオ走行を終了しました [シナリオ名: Banユーザログイン]
[ADMIN] 17:19:24.291742 シナリオ走行を開始しました [シナリオ名: Banユーザログイン]
[ADMIN] 17:19:24.309956 シナリオ走行を終了しました [シナリオ名: Banユーザログイン]
[ADMIN] 17:19:24.309969 シナリオ走行を開始しました [シナリオ名: Banユーザログイン]
[ADMIN] 17:19:24.320041 シナリオ走行を終了しました [シナリオ名: Banユーザログイン]
[ADMIN] 17:19:24.320057 シナリオ走行を開始しました [シナリオ名: Banユーザログイン]
[ADMIN] 17:19:24.340730 シナリオ走行を終了しました [シナリオ名: ログイン]
[ADMIN] 17:19:24.340744 シナリオ走行を開始しました [シナリオ名: ログイン]
[ADMIN] 17:19:24.365078 シナリオ走行を終了しました [シナリオ名: Banユーザログイン]
[ADMIN] 17:19:24.365098 シナリオ走行を開始しました [シナリオ名: Banユーザログイン]
[ADMIN] 17:19:24.368544 シナリオ走行を終了しました [シナリオ名: Banユーザログイン]
[ADMIN] 17:19:24.368558 シナリオ走行を開始しました [シナリオ名: Banユーザログイン]
[ADMIN] 17:19:24.379599 シナリオ走行を終了しました [シナリオ名: ログイン]
[ADMIN] 17:19:24.379610 シナリオ走行を開始しました [シナリオ名: ログイン]
[ADMIN] 17:19:24.381074 シナリオ走行を終了しました [シナリオ名: ログイン]
[ADMIN] 17:19:24.381082 シナリオ走行を開始しました [シナリオ名: ログイン]
[ADMIN] 17:19:24.386084 シナリオ走行を終了しました [シナリオ名: Banユーザログイン]
[ADMIN] 17:19:24.386100 シナリオ走行を開始しました [シナリオ名: Banユーザログイン]
[ADMIN] 17:19:24.434066 シナリオ走行を終了しました [シナリオ名: ログイン]
[ADMIN] 17:19:24.434081 シナリオ走行を開始しました [シナリオ名: ログイン]
[ADMIN] 17:19:24.437560 シナリオ走行を終了しました [シナリオ名: Banユーザログイン]
[ADMIN] 17:19:24.437577 シナリオ走行を開始しました [シナリオ名: Banユーザログイン]
[ADMIN] 17:19:24.461526 シナリオ走行を終了しました [シナリオ名: Banユーザログイン]
[ADMIN] 17:19:24.461541 シナリオ走行を開始しました [シナリオ名: Banユーザログイン]
[ADMIN] 17:19:24.470225 シナリオ走行を終了しました [シナリオ名: Banユーザログイン]
[ADMIN] 17:19:24.470239 シナリオ走行を開始しました [シナリオ名: Banユーザログイン]
[ADMIN] 17:19:24.504058 シナリオ走行を終了しました [シナリオ名: Banユーザログイン]
[ADMIN] 17:19:24.504074 シナリオ走行を開始しました [シナリオ名: Banユーザログイン]
[ADMIN] 17:19:24.516841 シナリオ走行を終了しました [シナリオ名: Banユーザログイン]
[ADMIN] 17:19:24.516857 シナリオ走行を開始しました [シナリオ名: Banユーザログイン]
[ADMIN] 17:19:24.518092 シナリオ走行を終了しました [シナリオ名: ログイン]
[ADMIN] 17:19:24.518099 シナリオ走行を開始しました [シナリオ名: ログイン]
[ADMIN] 17:19:24.851504 シナリオ走行を終了しました [シナリオ名: Banユーザログイン]
[ADMIN] 17:19:24.851523 シナリオ走行を開始しました [シナリオ名: Banユーザログイン]
[ADMIN] 17:19:24.870660 シナリオ走行を終了しました [シナリオ名: ログイン]
[ADMIN] 17:19:24.870673 シナリオ走行を開始しました [シナリオ名: ログイン]
[ADMIN] 17:19:24.881584 シナリオ走行を終了しました [シナリオ名: ログイン]
[ADMIN] 17:19:24.881601 シナリオ走行を開始しました [シナリオ名: ログイン]
[ADMIN] 17:19:24.890990 シナリオ走行を終了しました [シナリオ名: Banユーザログイン]
[ADMIN] 17:19:24.891007 シナリオ走行を開始しました [シナリオ名: Banユーザログイン]
[ADMIN] 17:19:24.911813 シナリオ走行を終了しました [シナリオ名: Banユーザログイン]
[ADMIN] 17:19:24.911829 シナリオ走行を開始しました [シナリオ名: Banユーザログイン]
[ADMIN] 17:19:24.912860 シナリオ走行を終了しました [シナリオ名: Banユーザログイン]
[ADMIN] 17:19:24.912874 シナリオ走行を開始しました [シナリオ名: Banユーザログイン]
[ADMIN] 17:19:24.923651 シナリオ走行を終了しました [シナリオ名: 新規ユーザー登録]
[ADMIN] 17:19:24.923671 シナリオ走行を開始しました [シナリオ名: 新規ユーザー登録]
[ADMIN] 17:19:24.946826 シナリオ走行を終了しました [シナリオ名: 新規ユーザー登録]
[ADMIN] 17:19:24.946846 シナリオ走行を開始しました [シナリオ名: 新規ユーザー登録]
[ADMIN] 17:19:24.951929 シナリオ走行を終了しました [シナリオ名: Banユーザログイン]
[ADMIN] 17:19:24.951938 シナリオ走行を開始しました [シナリオ名: Banユーザログイン]
[ADMIN] 17:19:24.951943 シナリオ走行を終了しました [シナリオ名: Banユーザログイン]
[ADMIN] 17:19:24.951958 シナリオ走行を開始しました [シナリオ名: Banユーザログイン]
[ADMIN] 17:19:24.973259 シナリオ走行を終了しました [シナリオ名: ログイン]
[ADMIN] 17:19:24.973269 シナリオ走行を開始しました [シナリオ名: ログイン]
[ADMIN] 17:19:25.014163 シナリオ走行を終了しました [シナリオ名: ログイン]
[ADMIN] 17:19:25.014175 シナリオ走行を開始しました [シナリオ名: ログイン]
[ADMIN] 17:19:25.024388 シナリオ走行を終了しました [シナリオ名: ログイン]
[ADMIN] 17:19:25.024399 シナリオ走行を開始しました [シナリオ名: ログイン]
[ADMIN] 17:19:25.026737 シナリオ走行を終了しました [シナリオ名: 新規ユーザー登録]
[ADMIN] 17:19:25.026753 シナリオ走行を開始しました [シナリオ名: 新規ユーザー登録]
[ADMIN] 17:19:25.031299 シナリオ走行を終了しました [シナリオ名: Banユーザログイン]
[ADMIN] 17:19:25.031315 シナリオ走行を開始しました [シナリオ名: Banユーザログイン]
[ADMIN] 17:19:25.048263 シナリオ走行を終了しました [シナリオ名: 新規ユーザー登録]
[ADMIN] 17:19:25.048284 シナリオ走行を開始しました [シナリオ名: 新規ユーザー登録]
[ADMIN] 17:19:25.049669 シナリオ走行を終了しました [シナリオ名: Banユーザログイン]
[ADMIN] 17:19:25.049683 シナリオ走行を開始しました [シナリオ名: Banユーザログイン]
[ADMIN] 17:19:25.080640 シナリオ走行を終了しました [シナリオ名: 新規ユーザー登録]
[ADMIN] 17:19:25.080659 シナリオ走行を開始しました [シナリオ名: 新規ユーザー登録]
[ADMIN] 17:19:25.086033 シナリオ走行を終了しました [シナリオ名: 新規ユーザー登録]
[ADMIN] 17:19:25.086050 シナリオ走行を開始しました [シナリオ名: 新規ユーザー登録]
[ADMIN] 17:19:25.088045 シナリオ走行を終了しました [シナリオ名: Banユーザログイン]
[ADMIN] 17:19:25.088060 シナリオ走行を開始しました [シナリオ名: Banユーザログイン]
[ADMIN] 17:19:25.088475 シナリオ走行を終了しました [シナリオ名: ログイン]
[ADMIN] 17:19:25.088490 シナリオ走行を開始しました [シナリオ名: ログイン]
[ADMIN] 17:19:25.090700 シナリオ走行を終了しました [シナリオ名: Banユーザログイン]
[ADMIN] 17:19:25.090708 シナリオ走行を開始しました [シナリオ名: Banユーザログイン]
[ADMIN] 17:19:25.090727 シナリオ走行を終了しました [シナリオ名: 新規ユーザー登録]
[ADMIN] 17:19:25.090739 シナリオ走行を開始しました [シナリオ名: 新規ユーザー登録]
[ADMIN] 17:19:25.091838 シナリオ走行を終了しました [シナリオ名: 新規ユーザー登録]
[ADMIN] 17:19:25.091855 シナリオ走行を開始しました [シナリオ名: 新規ユーザー登録]
[ADMIN] 17:19:25.093793 シナリオ走行を終了しました [シナリオ名: 新規ユーザー登録]
[ADMIN] 17:19:25.093803 シナリオ走行を開始しました [シナリオ名: 新規ユーザー登録]
[ADMIN] 17:19:25.106753 シナリオ走行を終了しました [シナリオ名: 新規ユーザー登録]
[ADMIN] 17:19:25.106769 シナリオ走行を開始しました [シナリオ名: 新規ユーザー登録]
[ADMIN] 17:19:25.111129 シナリオ走行を終了しました [シナリオ名: 新規ユーザー登録]
[ADMIN] 17:19:25.111149 シナリオ走行を開始しました [シナリオ名: 新規ユーザー登録]
[ADMIN] 17:19:25.112544 シナリオ走行を終了しました [シナリオ名: Banユーザログイン]
[ADMIN] 17:19:25.112557 シナリオ走行を開始しました [シナリオ名: Banユーザログイン]
[ADMIN] 17:19:25.124271 シナリオ走行を終了しました [シナリオ名: ログイン]
[ADMIN] 17:19:25.124281 シナリオ走行を開始しました [シナリオ名: ログイン]
[ADMIN] 17:19:25.154331 シナリオ走行を終了しました [シナリオ名: 新規ユーザー登録]
[ADMIN] 17:19:25.154366 シナリオ走行を開始しました [シナリオ名: 新規ユーザー登録]
[ADMIN] 17:19:25.168333 シナリオ走行を終了しました [シナリオ名: 新規ユーザー登録]
[ADMIN] 17:19:25.168361 シナリオ走行を開始しました [シナリオ名: 新規ユーザー登録]
[ADMIN] 17:19:25.168640 シナリオ走行を終了しました [シナリオ名: 新規ユーザー登録]
[ADMIN] 17:19:25.168656 シナリオ走行を開始しました [シナリオ名: 新規ユーザー登録]
[ADMIN] 17:19:25.175031 シナリオ走行を終了しました [シナリオ名: 新規ユーザー登録]
[ADMIN] 17:19:25.175052 シナリオ走行を開始しました [シナリオ名: 新規ユーザー登録]
[ADMIN] 17:19:25.177830 シナリオ走行を終了しました [シナリオ名: 新規ユーザー登録]
[ADMIN] 17:19:25.177851 シナリオ走行を開始しました [シナリオ名: 新規ユーザー登録]
[ADMIN] 17:19:25.203237 シナリオ走行を終了しました [シナリオ名: ログイン]
[ADMIN] 17:19:25.203253 シナリオ走行を開始しました [シナリオ名: ログイン]
[ADMIN] 17:19:25.205760 シナリオ走行を終了しました [シナリオ名: 新規ユーザー登録]
[ADMIN] 17:19:25.205784 シナリオ走行を開始しました [シナリオ名: 新規ユーザー登録]
[ADMIN] 17:19:25.206905 シナリオ走行を終了しました [シナリオ名: 新規ユーザー登録]
[ADMIN] 17:19:25.206919 シナリオ走行を開始しました [シナリオ名: 新規ユーザー登録]
[ADMIN] 17:19:25.218972 シナリオ走行を終了しました [シナリオ名: 新規ユーザー登録]
[ADMIN] 17:19:25.218997 シナリオ走行を開始しました [シナリオ名: 新規ユーザー登録]
[ADMIN] 17:19:25.240539 シナリオ走行を終了しました [シナリオ名: ログイン]
[ADMIN] 17:19:25.240553 シナリオ走行を開始しました [シナリオ名: ログイン]
[ADMIN] 17:19:25.248220 シナリオ走行を終了しました [シナリオ名: 新規ユーザー登録]
[ADMIN] 17:19:25.248246 シナリオ走行を開始しました [シナリオ名: 新規ユーザー登録]
[ADMIN] 17:19:25.255689 シナリオ走行を終了しました [シナリオ名: 新規ユーザー登録]
[ADMIN] 17:19:25.255721 シナリオ走行を開始しました [シナリオ名: 新規ユーザー登録]
[ADMIN] 17:19:25.259928 シナリオ走行を終了しました [シナリオ名: 新規ユーザー登録]
[ADMIN] 17:19:25.259956 シナリオ走行を開始しました [シナリオ名: 新規ユーザー登録]
[ADMIN] 17:19:25.263998 シナリオ走行を終了しました [シナリオ名: ログイン]
[ADMIN] 17:19:25.264011 シナリオ走行を開始しました [シナリオ名: ログイン]
[ADMIN] 17:19:25.264179 シナリオ走行を終了しました [シナリオ名: ログイン]
[ADMIN] 17:19:25.264191 シナリオ走行を開始しました [シナリオ名: ログイン]
[ADMIN] 17:19:25.264410 シナリオ走行を終了しました [シナリオ名: ログイン]
[ADMIN] 17:19:25.264429 シナリオ走行を開始しました [シナリオ名: ログイン]
[ADMIN] 17:19:25.266762 シナリオ走行を終了しました [シナリオ名: ログイン]
[ADMIN] 17:19:25.266773 シナリオ走行を開始しました [シナリオ名: ログイン]
[ADMIN] 17:19:25.268635 シナリオ走行を終了しました [シナリオ名: ログイン]
[ADMIN] 17:19:25.268644 シナリオ走行を開始しました [シナリオ名: ログイン]
[ADMIN] 17:19:25.272744 シナリオ走行を終了しました [シナリオ名: ログイン]
[ADMIN] 17:19:25.272755 シナリオ走行を開始しました [シナリオ名: ログイン]
[ADMIN] 17:19:25.276590 シナリオ走行を終了しました [シナリオ名: ログイン]
[ADMIN] 17:19:25.276602 シナリオ走行を開始しました [シナリオ名: ログイン]
[ADMIN] 17:19:25.281317 シナリオ走行を終了しました [シナリオ名: ログイン]
[ADMIN] 17:19:25.281330 シナリオ走行を開始しました [シナリオ名: ログイン]
[ADMIN] 17:19:25.283398 シナリオ走行を終了しました [シナリオ名: ログイン]
[ADMIN] 17:19:25.283413 シナリオ走行を開始しました [シナリオ名: ログイン]
[ADMIN] 17:19:25.283643 シナリオ走行を終了しました [シナリオ名: ログイン]
[ADMIN] 17:19:25.283652 シナリオ走行を開始しました [シナリオ名: ログイン]
[ADMIN] 17:19:25.321018 シナリオ走行を終了しました [シナリオ名: ログイン]
[ADMIN] 17:19:25.321041 シナリオ走行を開始しました [シナリオ名: ログイン]
[ADMIN] 17:19:25.327058 シナリオ走行を終了しました [シナリオ名: 新規ユーザー登録]
[ADMIN] 17:19:25.327086 シナリオ走行を開始しました [シナリオ名: 新規ユーザー登録]
[ADMIN] 17:19:25.333931 シナリオ走行を終了しました [シナリオ名: ログイン]
[ADMIN] 17:19:25.333947 シナリオ走行を開始しました [シナリオ名: ログイン]
[ADMIN] 17:19:25.334868 シナリオ走行を終了しました [シナリオ名: ログイン]
[ADMIN] 17:19:25.334877 シナリオ走行を開始しました [シナリオ名: ログイン]
[ADMIN] 17:19:25.342328 シナリオ走行を終了しました [シナリオ名: 新規ユーザー登録]
[ADMIN] 17:19:25.342356 シナリオ走行を開始しました [シナリオ名: 新規ユーザー登録]
[ADMIN] 17:19:25.357215 シナリオ走行を終了しました [シナリオ名: ログイン]
[ADMIN] 17:19:25.357234 シナリオ走行を開始しました [シナリオ名: ログイン]
[ADMIN] 17:19:25.365545 シナリオ走行を終了しました [シナリオ名: 新規ユーザー登録]
[ADMIN] 17:19:25.365570 シナリオ走行を開始しました [シナリオ名: 新規ユーザー登録]
[ADMIN] 17:19:25.369913 シナリオ走行を終了しました [シナリオ名: 新規ユーザー登録]
[ADMIN] 17:19:25.369941 シナリオ走行を開始しました [シナリオ名: 新規ユーザー登録]
[ADMIN] 17:19:25.380181 シナリオ走行を終了しました [シナリオ名: 新規ユーザー登録]
[ADMIN] 17:19:25.380208 シナリオ走行を開始しました [シナリオ名: 新規ユーザー登録]
[ADMIN] 17:19:25.388404 シナリオ走行を終了しました [シナリオ名: ログイン]
[ADMIN] 17:19:25.388441 シナリオ走行を開始しました [シナリオ名: ログイン]
[ADMIN] 17:19:25.388625 シナリオ走行を終了しました [シナリオ名: 新規ユーザー登録]
[ADMIN] 17:19:25.388663 シナリオ走行を開始しました [シナリオ名: 新規ユーザー登録]
[ADMIN] 17:19:25.399822 シナリオ走行を終了しました [シナリオ名: ログイン]
[ADMIN] 17:19:25.399836 シナリオ走行を開始しました [シナリオ名: ログイン]
[ADMIN] 17:19:25.408612 シナリオ走行を終了しました [シナリオ名: ログイン]
[ADMIN] 17:19:25.408626 シナリオ走行を開始しました [シナリオ名: ログイン]
[ADMIN] 17:19:25.417127 シナリオ走行を終了しました [シナリオ名: ログイン]
[ADMIN] 17:19:25.417139 シナリオ走行を開始しました [シナリオ名: ログイン]
[ADMIN] 17:19:25.430076 シナリオ走行を終了しました [シナリオ名: Banユーザログイン]
[ADMIN] 17:19:25.430097 シナリオ走行を開始しました [シナリオ名: Banユーザログイン]
[ADMIN] 17:19:25.436345 シナリオ走行を終了しました [シナリオ名: Banユーザログイン]
[ADMIN] 17:19:25.436363 シナリオ走行を開始しました [シナリオ名: Banユーザログイン]
[ADMIN] 17:19:25.444610 シナリオ走行を終了しました [シナリオ名: ログイン]
[ADMIN] 17:19:25.444622 シナリオ走行を開始しました [シナリオ名: ログイン]
[ADMIN] 17:19:25.450897 シナリオ走行を終了しました [シナリオ名: ログイン]
[ADMIN] 17:19:25.450910 シナリオ走行を開始しました [シナリオ名: ログイン]
[ADMIN] 17:19:25.466419 シナリオ走行を終了しました [シナリオ名: ログイン]
[ADMIN] 17:19:25.466435 シナリオ走行を開始しました [シナリオ名: ログイン]
[ADMIN] 17:19:25.480753 シナリオ走行を終了しました [シナリオ名: ログイン]
[ADMIN] 17:19:25.480769 シナリオ走行を開始しました [シナリオ名: ログイン]
[ADMIN] 17:19:25.481102 シナリオ走行を終了しました [シナリオ名: Banユーザログイン]
[ADMIN] 17:19:25.481114 シナリオ走行を開始しました [シナリオ名: Banユーザログイン]
[ADMIN] 17:19:25.503727 シナリオ走行を終了しました [シナリオ名: Banユーザログイン]
[ADMIN] 17:19:25.503753 シナリオ走行を開始しました [シナリオ名: Banユーザログイン]
[ADMIN] 17:19:25.510541 シナリオ走行を終了しました [シナリオ名: ログイン]
[ADMIN] 17:19:25.510565 シナリオ走行を開始しました [シナリオ名: ログイン]
[ADMIN] 17:19:25.519270 シナリオ走行を終了しました [シナリオ名: ログイン]
[ADMIN] 17:19:25.519282 シナリオ走行を開始しました [シナリオ名: ログイン]
[ADMIN] 17:19:25.520447 シナリオ走行を終了しました [シナリオ名: 新規ユーザー登録]
[ADMIN] 17:19:25.520464 シナリオ走行を開始しました [シナリオ名: 新規ユーザー登録]
[ADMIN] 17:19:25.525045 シナリオ走行を終了しました [シナリオ名: Banユーザログイン]
[ADMIN] 17:19:25.525063 シナリオ走行を開始しました [シナリオ名: Banユーザログイン]
[ADMIN] 17:19:25.541436 シナリオ走行を終了しました [シナリオ名: 新規ユーザー登録]
[ADMIN] 17:19:25.541461 シナリオ走行を開始しました [シナリオ名: 新規ユーザー登録]
[ADMIN] 17:19:25.560246 シナリオ走行を終了しました [シナリオ名: Banユーザログイン]
[ADMIN] 17:19:25.560263 シナリオ走行を開始しました [シナリオ名: Banユーザログイン]
[ADMIN] 17:19:25.561294 シナリオ走行を終了しました [シナリオ名: ログイン]
[ADMIN] 17:19:25.561307 シナリオ走行を開始しました [シナリオ名: ログイン]
[ADMIN] 17:19:25.566699 シナリオ走行を終了しました [シナリオ名: ログイン]
[ADMIN] 17:19:25.566710 シナリオ走行を開始しました [シナリオ名: ログイン]
[ADMIN] 17:19:25.598855 シナリオ走行を終了しました [シナリオ名: 新規ユーザー登録]
[ADMIN] 17:19:25.598880 シナリオ走行を開始しました [シナリオ名: 新規ユーザー登録]
[ADMIN] 17:19:25.602497 シナリオ走行を終了しました [シナリオ名: Banユーザログイン]
[ADMIN] 17:19:25.602515 シナリオ走行を開始しました [シナリオ名: Banユーザログイン]
[ADMIN] 17:19:25.607890 シナリオ走行を終了しました [シナリオ名: 新規ユーザー登録]
[ADMIN] 17:19:25.607909 シナリオ走行を開始しました [シナリオ名: 新規ユーザー登録]
[ADMIN] 17:19:25.623245 シナリオ走行を終了しました [シナリオ名: Banユーザログイン]
[ADMIN] 17:19:25.623263 シナリオ走行を開始しました [シナリオ名: Banユーザログイン]
[ADMIN] 17:19:25.627386 シナリオ走行を終了しました [シナリオ名: ログイン]
[ADMIN] 17:19:25.627396 シナリオ走行を開始しました [シナリオ名: ログイン]
[ADMIN] 17:19:25.633279 シナリオ走行を終了しました [シナリオ名: ログイン]
[ADMIN] 17:19:25.633292 シナリオ走行を開始しました [シナリオ名: ログイン]
[ADMIN] 17:19:25.648457 シナリオ走行を終了しました [シナリオ名: Banユーザログイン]
[ADMIN] 17:19:25.648477 シナリオ走行を開始しました [シナリオ名: Banユーザログイン]
[ADMIN] 17:19:25.650713 シナリオ走行を終了しました [シナリオ名: 新規ユーザー登録]
[ADMIN] 17:19:25.650734 シナリオ走行を開始しました [シナリオ名: 新規ユーザー登録]
[ADMIN] 17:19:25.652516 シナリオ走行を終了しました [シナリオ名: Banユーザログイン]
[ADMIN] 17:19:25.652538 シナリオ走行を開始しました [シナリオ名: Banユーザログイン]
[ADMIN] 17:19:25.653256 シナリオ走行を終了しました [シナリオ名: Banユーザログイン]
[ADMIN] 17:19:25.653264 シナリオ走行を開始しました [シナリオ名: Banユーザログイン]
[ADMIN] 17:19:25.667869 シナリオ走行を終了しました [シナリオ名: ログイン]
[ADMIN] 17:19:25.667879 シナリオ走行を開始しました [シナリオ名: ログイン]
[ADMIN] 17:19:25.668697 シナリオ走行を終了しました [シナリオ名: ログイン]
[ADMIN] 17:19:25.668705 シナリオ走行を開始しました [シナリオ名: ログイン]
[ADMIN] 17:19:25.696947 シナリオ走行を終了しました [シナリオ名: 新規ユーザー登録]
[ADMIN] 17:19:25.696969 シナリオ走行を開始しました [シナリオ名: 新規ユーザー登録]
[ADMIN] 17:19:25.697254 シナリオ走行を終了しました [シナリオ名: ログイン]
[ADMIN] 17:19:25.697267 シナリオ走行を開始しました [シナリオ名: ログイン]
[ADMIN] 17:19:25.708115 シナリオ走行を終了しました [シナリオ名: ログイン]
[ADMIN] 17:19:25.708130 シナリオ走行を開始しました [シナリオ名: ログイン]
[ADMIN] 17:19:25.717561 シナリオ走行を終了しました [シナリオ名: ログイン]
[ADMIN] 17:19:25.717571 シナリオ走行を開始しました [シナリオ名: ログイン]
[ADMIN] 17:19:25.728022 シナリオ走行を終了しました [シナリオ名: 新規ユーザー登録]
[ADMIN] 17:19:25.728044 シナリオ走行を開始しました [シナリオ名: 新規ユーザー登録]
[ADMIN] 17:19:25.729346 シナリオ走行を終了しました [シナリオ名: ログイン]
[ADMIN] 17:19:25.729354 シナリオ走行を開始しました [シナリオ名: ログイン]
[ADMIN] 17:19:25.730886 シナリオ走行を終了しました [シナリオ名: ログイン]
[ADMIN] 17:19:25.730896 シナリオ走行を開始しました [シナリオ名: ログイン]
[ADMIN] 17:19:25.737078 シナリオ走行を終了しました [シナリオ名: ログイン]
[ADMIN] 17:19:25.737087 シナリオ走行を開始しました [シナリオ名: ログイン]
[ADMIN] 17:19:25.752481 シナリオ走行を終了しました [シナリオ名: 新規ユーザー登録]
[ADMIN] 17:19:25.752499 シナリオ走行を開始しました [シナリオ名: 新規ユーザー登録]
[ADMIN] 17:19:25.757255 シナリオ走行を終了しました [シナリオ名: ログイン]
[ADMIN] 17:19:25.757263 シナリオ走行を開始しました [シナリオ名: ログイン]
[ADMIN] 17:19:25.772120 シナリオ走行を終了しました [シナリオ名: ログイン]
[ADMIN] 17:19:25.772130 シナリオ走行を開始しました [シナリオ名: ログイン]
[ADMIN] 17:19:25.777810 シナリオ走行を終了しました [シナリオ名: ログイン]
[ADMIN] 17:19:25.777820 シナリオ走行を開始しました [シナリオ名: ログイン]
[ADMIN] 17:19:25.778524 シナリオ走行を終了しました [シナリオ名: ログイン]
[ADMIN] 17:19:25.778533 シナリオ走行を開始しました [シナリオ名: ログイン]
[ADMIN] 17:19:25.805050 シナリオ走行を終了しました [シナリオ名: ログイン]
[ADMIN] 17:19:25.805063 シナリオ走行を開始しました [シナリオ名: ログイン]
[ADMIN] 17:19:25.807146 シナリオ走行を終了しました [シナリオ名: ログイン]
[ADMIN] 17:19:25.807158 シナリオ走行を開始しました [シナリオ名: ログイン]
[ADMIN] 17:19:25.827707 シナリオ走行を終了しました [シナリオ名: 新規ユーザー登録]
[ADMIN] 17:19:25.827743 シナリオ走行を開始しました [シナリオ名: 新規ユーザー登録]
[ADMIN] 17:19:25.829819 シナリオ走行を終了しました [シナリオ名: 新規ユーザー登録]
[ADMIN] 17:19:25.829838 シナリオ走行を開始しました [シナリオ名: 新規ユーザー登録]
[ADMIN] 17:19:25.849846 シナリオ走行を終了しました [シナリオ名: ログイン]
[ADMIN] 17:19:25.849859 シナリオ走行を開始しました [シナリオ名: ログイン]
[ADMIN] 17:19:25.858043 シナリオ走行を終了しました [シナリオ名: 新規ユーザー登録]
[ADMIN] 17:19:25.858058 シナリオ走行を開始しました [シナリオ名: 新規ユーザー登録]
[ADMIN] 17:19:25.920381 シナリオ走行を終了しました [シナリオ名: 新規ユーザー登録]
[ADMIN] 17:19:25.920409 シナリオ走行を開始しました [シナリオ名: 新規ユーザー登録]
[ADMIN] 17:19:25.923868 シナリオ走行を終了しました [シナリオ名: ログイン]
[ADMIN] 17:19:25.923881 シナリオ走行を開始しました [シナリオ名: ログイン]
[ADMIN] 17:19:25.950375 シナリオ走行を終了しました [シナリオ名: 新規ユーザー登録]
[ADMIN] 17:19:25.950402 シナリオ走行を開始しました [シナリオ名: 新規ユーザー登録]
[ADMIN] 17:19:25.970457 シナリオ走行を終了しました [シナリオ名: ログイン]
[ADMIN] 17:19:25.970470 シナリオ走行を開始しました [シナリオ名: ログイン]
[ADMIN] 17:19:25.975893 シナリオ走行を終了しました [シナリオ名: Banユーザログイン]
[ADMIN] 17:19:25.975910 シナリオ走行を開始しました [シナリオ名: Banユーザログイン]
[ADMIN] 17:19:25.985784 シナリオ走行を終了しました [シナリオ名: Banユーザログイン]
[ADMIN] 17:19:25.985799 シナリオ走行を開始しました [シナリオ名: Banユーザログイン]
[ADMIN] 17:19:26.016813 シナリオ走行を終了しました [シナリオ名: 新規ユーザー登録]
[ADMIN] 17:19:26.016833 シナリオ走行を開始しました [シナリオ名: 新規ユーザー登録]
[ADMIN] 17:19:26.055864 シナリオ走行を終了しました [シナリオ名: Banユーザログイン]
[ADMIN] 17:19:26.055879 シナリオ走行を開始しました [シナリオ名: Banユーザログイン]
[ADMIN] 17:19:26.060496 シナリオ走行を終了しました [シナリオ名: ログイン]
[ADMIN] 17:19:26.060507 シナリオ走行を開始しました [シナリオ名: ログイン]
[ADMIN] 17:19:26.066833 シナリオ走行を終了しました [シナリオ名: ログイン]
[ADMIN] 17:19:26.066841 シナリオ走行を開始しました [シナリオ名: ログイン]
[ADMIN] 17:19:26.092756 シナリオ走行を終了しました [シナリオ名: ログイン]
[ADMIN] 17:19:26.092764 シナリオ走行を開始しました [シナリオ名: ログイン]
[ADMIN] 17:19:26.097956 シナリオ走行を終了しました [シナリオ名: Banユーザログイン]
[ADMIN] 17:19:26.097969 シナリオ走行を開始しました [シナリオ名: Banユーザログイン]
[ADMIN] 17:19:26.108058 シナリオ走行を終了しました [シナリオ名: 新規ユーザー登録]
[ADMIN] 17:19:26.108077 シナリオ走行を開始しました [シナリオ名: 新規ユーザー登録]
[ADMIN] 17:19:26.118160 シナリオ走行を終了しました [シナリオ名: ログイン]
[ADMIN] 17:19:26.118175 シナリオ走行を開始しました [シナリオ名: ログイン]
[ADMIN] 17:19:26.133506 シナリオ走行を終了しました [シナリオ名: Banユーザログイン]
[ADMIN] 17:19:26.133522 シナリオ走行を開始しました [シナリオ名: Banユーザログイン]
[ADMIN] 17:19:26.140945 シナリオ走行を終了しました [シナリオ名: Banユーザログイン]
[ADMIN] 17:19:26.140957 シナリオ走行を開始しました [シナリオ名: Banユーザログイン]
[ADMIN] 17:19:26.158688 シナリオ走行を終了しました [シナリオ名: 新規ユーザー登録]
[ADMIN] 17:19:26.158705 シナリオ走行を開始しました [シナリオ名: 新規ユーザー登録]
[ADMIN] 17:19:26.177258 シナリオ走行を終了しました [シナリオ名: Banユーザログイン]
[ADMIN] 17:19:26.177268 シナリオ走行を開始しました [シナリオ名: Banユーザログイン]
[ADMIN] 17:19:26.202828 シナリオ走行を終了しました [シナリオ名: 新規ユーザー登録]
[ADMIN] 17:19:26.202851 シナリオ走行を開始しました [シナリオ名: 新規ユーザー登録]
[ADMIN] 17:19:26.217299 シナリオ走行を終了しました [シナリオ名: Banユーザログイン]
[ADMIN] 17:19:26.217315 シナリオ走行を開始しました [シナリオ名: Banユーザログイン]
[ADMIN] 17:19:26.232791 シナリオ走行を終了しました [シナリオ名: Banユーザログイン]
[ADMIN] 17:19:26.232805 シナリオ走行を開始しました [シナリオ名: Banユーザログイン]
[ADMIN] 17:19:26.234997 シナリオ走行を終了しました [シナリオ名: 新規ユーザー登録]
[ADMIN] 17:19:26.235016 シナリオ走行を開始しました [シナリオ名: 新規ユーザー登録]
[ADMIN] 17:19:26.241612 シナリオ走行を終了しました [シナリオ名: Banユーザログイン]
[ADMIN] 17:19:26.241622 シナリオ走行を開始しました [シナリオ名: Banユーザログイン]
[ADMIN] 17:19:26.263231 シナリオ走行を終了しました [シナリオ名: 新規ユーザー登録]
[ADMIN] 17:19:26.263266 シナリオ走行を開始しました [シナリオ名: 新規ユーザー登録]
[ADMIN] 17:19:26.263722 シナリオ走行を終了しました [シナリオ名: ログイン]
[ADMIN] 17:19:26.263743 シナリオ走行を開始しました [シナリオ名: ログイン]
[ADMIN] 17:19:26.271932 シナリオ走行を終了しました [シナリオ名: Banユーザログイン]
[ADMIN] 17:19:26.271946 シナリオ走行を開始しました [シナリオ名: Banユーザログイン]
[ADMIN] 17:19:26.316231 シナリオ走行を終了しました [シナリオ名: 新規ユーザー登録]
[ADMIN] 17:19:26.316250 シナリオ走行を開始しました [シナリオ名: 新規ユーザー登録]
[ADMIN] 17:19:26.345363 シナリオ走行を終了しました [シナリオ名: 新規ユーザー登録]
[ADMIN] 17:19:26.345381 シナリオ走行を開始しました [シナリオ名: 新規ユーザー登録]
[ADMIN] 17:19:26.417732 シナリオ走行を終了しました [シナリオ名: ログイン]
[ADMIN] 17:19:26.417747 シナリオ走行を開始しました [シナリオ名: ログイン]
[ADMIN] 17:19:26.419373 シナリオ走行を終了しました [シナリオ名: ログイン]
[ADMIN] 17:19:26.419383 シナリオ走行を開始しました [シナリオ名: ログイン]
[ADMIN] 17:19:26.514534 シナリオ走行を終了しました [シナリオ名: ログイン]
[ADMIN] 17:19:26.514547 シナリオ走行を開始しました [シナリオ名: ログイン]
[ADMIN] 17:19:26.523969 シナリオ走行を終了しました [シナリオ名: ログイン]
[ADMIN] 17:19:26.523981 シナリオ走行を開始しました [シナリオ名: ログイン]
[ADMIN] 17:19:26.537872 シナリオ走行を終了しました [シナリオ名: ログイン]
[ADMIN] 17:19:26.537885 シナリオ走行を開始しました [シナリオ名: ログイン]
[ADMIN] 17:19:26.562372 シナリオ走行を終了しました [シナリオ名: Banユーザログイン]
[ADMIN] 17:19:26.562390 シナリオ走行を開始しました [シナリオ名: Banユーザログイン]
[ADMIN] 17:19:26.566175 シナリオ走行を終了しました [シナリオ名: ログイン]
[ADMIN] 17:19:26.566186 シナリオ走行を開始しました [シナリオ名: ログイン]
[ADMIN] 17:19:26.579701 シナリオ走行を終了しました [シナリオ名: ログイン]
[ADMIN] 17:19:26.579712 シナリオ走行を開始しました [シナリオ名: ログイン]
[ADMIN] 17:19:26.597440 シナリオ走行を終了しました [シナリオ名: Banユーザログイン]
[ADMIN] 17:19:26.597456 シナリオ走行を開始しました [シナリオ名: Banユーザログイン]
[ADMIN] 17:19:26.598936 シナリオ走行を終了しました [シナリオ名: ログイン]
[ADMIN] 17:19:26.598945 シナリオ走行を開始しました [シナリオ名: ログイン]
[ADMIN] 17:19:26.682645 シナリオ走行を終了しました [シナリオ名: Banユーザログイン]
[ADMIN] 17:19:26.682668 シナリオ走行を開始しました [シナリオ名: Banユーザログイン]
[ADMIN] 17:19:26.686050 シナリオ走行を終了しました [シナリオ名: Banユーザログイン]
[ADMIN] 17:19:26.686066 シナリオ走行を開始しました [シナリオ名: Banユーザログイン]
[ADMIN] 17:19:26.694946 シナリオ走行を終了しました [シナリオ名: Banユーザログイン]
[ADMIN] 17:19:26.694967 シナリオ走行を開始しました [シナリオ名: Banユーザログイン]
[ADMIN] 17:19:26.698713 シナリオ走行を終了しました [シナリオ名: ログイン]
[ADMIN] 17:19:26.698722 シナリオ走行を開始しました [シナリオ名: ログイン]
[ADMIN] 17:19:26.730464 シナリオ走行を終了しました [シナリオ名: Banユーザログイン]
[ADMIN] 17:19:26.730490 シナリオ走行を開始しました [シナリオ名: Banユーザログイン]
[ADMIN] 17:19:26.735611 シナリオ走行を終了しました [シナリオ名: Banユーザログイン]
[ADMIN] 17:19:26.735631 シナリオ走行を開始しました [シナリオ名: Banユーザログイン]
[ADMIN] 17:19:26.773101 シナリオ走行を終了しました [シナリオ名: Banユーザログイン]
[ADMIN] 17:19:26.773125 シナリオ走行を開始しました [シナリオ名: Banユーザログイン]
[ADMIN] 17:19:26.779994 シナリオ走行を終了しました [シナリオ名: ログイン]
[ADMIN] 17:19:26.780008 シナリオ走行を開始しました [シナリオ名: ログイン]
[ADMIN] 17:19:26.790208 シナリオ走行を終了しました [シナリオ名: ログイン]
[ADMIN] 17:19:26.790222 シナリオ走行を開始しました [シナリオ名: ログイン]
[ADMIN] 17:19:26.800499 シナリオ走行を終了しました [シナリオ名: Banユーザログイン]
[ADMIN] 17:19:26.800521 シナリオ走行を開始しました [シナリオ名: Banユーザログイン]
[ADMIN] 17:19:26.813190 シナリオ走行を終了しました [シナリオ名: Banユーザログイン]
[ADMIN] 17:19:26.813212 シナリオ走行を開始しました [シナリオ名: Banユーザログイン]
[ADMIN] 17:19:26.871880 シナリオ走行を終了しました [シナリオ名: ログイン]
[ADMIN] 17:19:26.871895 シナリオ走行を開始しました [シナリオ名: ログイン]
[ADMIN] 17:19:26.877441 シナリオ走行を終了しました [シナリオ名: Banユーザログイン]
[ADMIN] 17:19:26.877462 シナリオ走行を開始しました [シナリオ名: Banユーザログイン]
[ADMIN] 17:19:26.915132 シナリオ走行を終了しました [シナリオ名: ログイン]
[ADMIN] 17:19:26.915150 シナリオ走行を開始しました [シナリオ名: ログイン]
[ADMIN] 17:19:26.961276 シナリオ走行を終了しました [シナリオ名: ログイン]
[ADMIN] 17:19:26.961295 シナリオ走行を終了しました [シナリオ名: ログイン]
[ADMIN] 17:19:26.961304 シナリオ走行を開始しました [シナリオ名: ログイン]
[ADMIN] 17:19:26.961295 シナリオ走行を開始しました [シナリオ名: ログイン]
[ADMIN] 17:19:26.966229 シナリオ走行を終了しました [シナリオ名: ログイン]
[ADMIN] 17:19:26.966240 シナリオ走行を開始しました [シナリオ名: ログイン]
[ADMIN] 17:19:26.966555 シナリオ走行を終了しました [シナリオ名: ログイン]
[ADMIN] 17:19:26.966567 シナリオ走行を開始しました [シナリオ名: ログイン]
[ADMIN] 17:19:26.971410 シナリオ走行を終了しました [シナリオ名: ログイン]
[ADMIN] 17:19:26.971418 シナリオ走行を開始しました [シナリオ名: ログイン]
[ADMIN] 17:19:26.979149 シナリオ走行を終了しました [シナリオ名: ログイン]
[ADMIN] 17:19:26.979158 シナリオ走行を開始しました [シナリオ名: ログイン]
[ADMIN] 17:19:26.982941 シナリオ走行を終了しました [シナリオ名: ログイン]
[ADMIN] 17:19:26.982953 シナリオ走行を開始しました [シナリオ名: ログイン]
[ADMIN] 17:19:26.984159 シナリオ走行を終了しました [シナリオ名: ログイン]
[ADMIN] 17:19:26.984169 シナリオ走行を開始しました [シナリオ名: ログイン]
[ADMIN] 17:19:27.035052 シナリオ走行を終了しました [シナリオ名: ログイン]
[ADMIN] 17:19:27.035067 シナリオ走行を開始しました [シナリオ名: ログイン]
[ADMIN] 17:19:27.045322 シナリオ走行を終了しました [シナリオ名: ログイン]
[ADMIN] 17:19:27.045332 シナリオ走行を開始しました [シナリオ名: ログイン]
[ADMIN] 17:19:27.050637 シナリオ走行を終了しました [シナリオ名: ログイン]
[ADMIN] 17:19:27.050647 シナリオ走行を開始しました [シナリオ名: ログイン]
[ADMIN] 17:19:27.082290 シナリオ走行を終了しました [シナリオ名: ログイン]
[ADMIN] 17:19:27.082303 シナリオ走行を開始しました [シナリオ名: ログイン]
[ADMIN] 17:19:27.097023 シナリオ走行を終了しました [シナリオ名: 新規ユーザー登録]
[ADMIN] 17:19:27.097045 シナリオ走行を開始しました [シナリオ名: 新規ユーザー登録]
[ADMIN] 17:19:27.116676 シナリオ走行を終了しました [シナリオ名: ログイン]
[ADMIN] 17:19:27.116685 シナリオ走行を開始しました [シナリオ名: ログイン]
[ADMIN] 17:19:27.134194 シナリオ走行を終了しました [シナリオ名: ログイン]
[ADMIN] 17:19:27.134203 シナリオ走行を開始しました [シナリオ名: ログイン]
[ADMIN] 17:19:27.139451 シナリオ走行を終了しました [シナリオ名: Banユーザログイン]
[ADMIN] 17:19:27.139463 シナリオ走行を開始しました [シナリオ名: Banユーザログイン]
[ADMIN] 17:19:27.140834 シナリオ走行を終了しました [シナリオ名: Banユーザログイン]
[ADMIN] 17:19:27.140847 シナリオ走行を開始しました [シナリオ名: Banユーザログイン]
[ADMIN] 17:19:27.164996 シナリオ走行を終了しました [シナリオ名: ログイン]
[ADMIN] 17:19:27.165009 シナリオ走行を開始しました [シナリオ名: ログイン]
[ADMIN] 17:19:27.182096 シナリオ走行を終了しました [シナリオ名: ログイン]
[ADMIN] 17:19:27.182108 シナリオ走行を開始しました [シナリオ名: ログイン]
[ADMIN] 17:19:27.241771 シナリオ走行を終了しました [シナリオ名: ログイン]
[ADMIN] 17:19:27.241790 シナリオ走行を開始しました [シナリオ名: ログイン]
[ADMIN] 17:19:27.253195 シナリオ走行を終了しました [シナリオ名: ログイン]
[ADMIN] 17:19:27.253209 シナリオ走行を開始しました [シナリオ名: ログイン]
[ADMIN] 17:19:27.259125 シナリオ走行を終了しました [シナリオ名: ログイン]
[ADMIN] 17:19:27.259138 シナリオ走行を開始しました [シナリオ名: ログイン]
[ADMIN] 17:19:27.262381 シナリオ走行を終了しました [シナリオ名: ログイン]
[ADMIN] 17:19:27.262391 シナリオ走行を開始しました [シナリオ名: ログイン]
[ADMIN] 17:19:27.268304 シナリオ走行を終了しました [シナリオ名: Banユーザログイン]
[ADMIN] 17:19:27.268320 シナリオ走行を開始しました [シナリオ名: Banユーザログイン]
[ADMIN] 17:19:27.269662 シナリオ走行を終了しました [シナリオ名: ログイン]
[ADMIN] 17:19:27.269674 シナリオ走行を開始しました [シナリオ名: ログイン]
[ADMIN] 17:19:27.271930 シナリオ走行を終了しました [シナリオ名: ログイン]
[ADMIN] 17:19:27.271940 シナリオ走行を開始しました [シナリオ名: ログイン]
[ADMIN] 17:19:27.288427 シナリオ走行を終了しました [シナリオ名: ログイン]
[ADMIN] 17:19:27.288439 シナリオ走行を開始しました [シナリオ名: ログイン]
[ADMIN] 17:19:27.288553 シナリオ走行を終了しました [シナリオ名: 新規ユーザー登録]
[ADMIN] 17:19:27.288576 シナリオ走行を開始しました [シナリオ名: 新規ユーザー登録]
[ADMIN] 17:19:27.299392 シナリオ走行を終了しました [シナリオ名: 新規ユーザー登録]
[ADMIN] 17:19:27.299412 シナリオ走行を開始しました [シナリオ名: 新規ユーザー登録]
[ADMIN] 17:19:27.306234 シナリオ走行を終了しました [シナリオ名: ログイン]
[ADMIN] 17:19:27.306242 シナリオ走行を開始しました [シナリオ名: ログイン]
[ADMIN] 17:19:27.308387 シナリオ走行を終了しました [シナリオ名: Banユーザログイン]
[ADMIN] 17:19:27.308399 シナリオ走行を開始しました [シナリオ名: Banユーザログイン]
[ADMIN] 17:19:27.309628 シナリオ走行を終了しました [シナリオ名: ログイン]
[ADMIN] 17:19:27.309635 シナリオ走行を開始しました [シナリオ名: ログイン]
[ADMIN] 17:19:27.312040 シナリオ走行を終了しました [シナリオ名: Banユーザログイン]
[ADMIN] 17:19:27.312058 シナリオ走行を開始しました [シナリオ名: Banユーザログイン]
[ADMIN] 17:19:27.336434 シナリオ走行を終了しました [シナリオ名: Banユーザログイン]
[ADMIN] 17:19:27.336449 シナリオ走行を開始しました [シナリオ名: Banユーザログイン]
[ADMIN] 17:19:27.353153 シナリオ走行を終了しました [シナリオ名: 新規ユーザー登録]
[ADMIN] 17:19:27.353175 シナリオ走行を開始しました [シナリオ名: 新規ユーザー登録]
[ADMIN] 17:19:27.353346 シナリオ走行を終了しました [シナリオ名: ログイン]
[ADMIN] 17:19:27.353357 シナリオ走行を開始しました [シナリオ名: ログイン]
[ADMIN] 17:19:27.357326 シナリオ走行を終了しました [シナリオ名: ログイン]
[ADMIN] 17:19:27.357335 シナリオ走行を開始しました [シナリオ名: ログイン]
[ADMIN] 17:19:27.359771 シナリオ走行を終了しました [シナリオ名: Banユーザログイン]
[ADMIN] 17:19:27.359788 シナリオ走行を開始しました [シナリオ名: Banユーザログイン]
[ADMIN] 17:19:27.360475 シナリオ走行を終了しました [シナリオ名: ログイン]
[ADMIN] 17:19:27.360484 シナリオ走行を開始しました [シナリオ名: ログイン]
[ADMIN] 17:19:27.360663 シナリオ走行を終了しました [シナリオ名: ログイン]
[ADMIN] 17:19:27.360673 シナリオ走行を開始しました [シナリオ名: ログイン]
[ADMIN] 17:19:27.365117 シナリオ走行を終了しました [シナリオ名: Banユーザログイン]
[ADMIN] 17:19:27.365133 シナリオ走行を開始しました [シナリオ名: Banユーザログイン]
[ADMIN] 17:19:27.376037 シナリオ走行を終了しました [シナリオ名: ログイン]
[ADMIN] 17:19:27.376048 シナリオ走行を開始しました [シナリオ名: ログイン]
[ADMIN] 17:19:27.378244 シナリオ走行を終了しました [シナリオ名: 新規ユーザー登録]
[ADMIN] 17:19:27.378261 シナリオ走行を開始しました [シナリオ名: 新規ユーザー登録]
[ADMIN] 17:19:27.383063 シナリオ走行を終了しました [シナリオ名: ログイン]
[ADMIN] 17:19:27.383070 シナリオ走行を開始しました [シナリオ名: ログイン]
[ADMIN] 17:19:27.387929 シナリオ走行を終了しました [シナリオ名: ログイン]
[ADMIN] 17:19:27.387938 シナリオ走行を開始しました [シナリオ名: ログイン]
[ADMIN] 17:19:27.393177 シナリオ走行を終了しました [シナリオ名: Banユーザログイン]
[ADMIN] 17:19:27.393191 シナリオ走行を開始しました [シナリオ名: Banユーザログイン]
[ADMIN] 17:19:27.394253 シナリオ走行を終了しました [シナリオ名: ログイン]
[ADMIN] 17:19:27.394262 シナリオ走行を開始しました [シナリオ名: ログイン]
[ADMIN] 17:19:27.402751 シナリオ走行を終了しました [シナリオ名: ログイン]
[ADMIN] 17:19:27.402760 シナリオ走行を開始しました [シナリオ名: ログイン]
[ADMIN] 17:19:27.411206 シナリオ走行を終了しました [シナリオ名: Banユーザログイン]
[ADMIN] 17:19:27.411222 シナリオ走行を開始しました [シナリオ名: Banユーザログイン]
[ADMIN] 17:19:27.430250 シナリオ走行を終了しました [シナリオ名: ログイン]
[ADMIN] 17:19:27.430262 シナリオ走行を開始しました [シナリオ名: ログイン]
[ADMIN] 17:19:27.444027 シナリオ走行を終了しました [シナリオ名: 新規ユーザー登録]
[ADMIN] 17:19:27.444047 シナリオ走行を開始しました [シナリオ名: 新規ユーザー登録]
[ADMIN] 17:19:27.445432 シナリオ走行を終了しました [シナリオ名: Banユーザログイン]
[ADMIN] 17:19:27.445446 シナリオ走行を開始しました [シナリオ名: Banユーザログイン]
[ADMIN] 17:19:27.467632 シナリオ走行を終了しました [シナリオ名: ログイン]
[ADMIN] 17:19:27.467656 シナリオ走行を開始しました [シナリオ名: ログイン]
[ADMIN] 17:19:27.467677 シナリオ走行を終了しました [シナリオ名: ログイン]
[ADMIN] 17:19:27.467686 シナリオ走行を開始しました [シナリオ名: ログイン]
[ADMIN] 17:19:27.481533 シナリオ走行を終了しました [シナリオ名: 新規ユーザー登録]
[ADMIN] 17:19:27.481555 シナリオ走行を開始しました [シナリオ名: 新規ユーザー登録]
[ADMIN] 17:19:27.497001 シナリオ走行を終了しました [シナリオ名: 新規ユーザー登録]
[ADMIN] 17:19:27.497023 シナリオ走行を開始しました [シナリオ名: 新規ユーザー登録]
[ADMIN] 17:19:27.507552 シナリオ走行を終了しました [シナリオ名: 新規ユーザー登録]
[ADMIN] 17:19:27.507575 シナリオ走行を開始しました [シナリオ名: 新規ユーザー登録]
[ADMIN] 17:19:27.509306 シナリオ走行を終了しました [シナリオ名: ログイン]
[ADMIN] 17:19:27.509316 シナリオ走行を開始しました [シナリオ名: ログイン]
[ADMIN] 17:19:27.515162 シナリオ走行を終了しました [シナリオ名: 新規ユーザー登録]
[ADMIN] 17:19:27.515183 シナリオ走行を開始しました [シナリオ名: 新規ユーザー登録]
[ADMIN] 17:19:27.521054 シナリオ走行を終了しました [シナリオ名: ログイン]
[ADMIN] 17:19:27.521064 シナリオ走行を開始しました [シナリオ名: ログイン]
[ADMIN] 17:19:27.546359 シナリオ走行を終了しました [シナリオ名: 新規ユーザー登録]
[ADMIN] 17:19:27.546381 シナリオ走行を開始しました [シナリオ名: 新規ユーザー登録]
[ADMIN] 17:19:27.548816 シナリオ走行を終了しました [シナリオ名: 新規ユーザー登録]
[ADMIN] 17:19:27.548833 シナリオ走行を開始しました [シナリオ名: 新規ユーザー登録]
[ADMIN] 17:19:27.560846 シナリオ走行を終了しました [シナリオ名: 新規ユーザー登録]
[ADMIN] 17:19:27.560867 シナリオ走行を開始しました [シナリオ名: 新規ユーザー登録]
[ADMIN] 17:19:27.565367 シナリオ走行を終了しました [シナリオ名: 新規ユーザー登録]
[ADMIN] 17:19:27.565382 シナリオ走行を開始しました [シナリオ名: 新規ユーザー登録]
[ADMIN] 17:19:27.574536 シナリオ走行を終了しました [シナリオ名: ログイン]
[ADMIN] 17:19:27.574546 シナリオ走行を開始しました [シナリオ名: ログイン]
[ADMIN] 17:19:27.600224 シナリオ走行を終了しました [シナリオ名: 新規ユーザー登録]
[ADMIN] 17:19:27.600289 シナリオ走行を開始しました [シナリオ名: 新規ユーザー登録]
[ADMIN] 17:19:27.610447 シナリオ走行を終了しました [シナリオ名: ログイン]
[ADMIN] 17:19:27.610458 シナリオ走行を開始しました [シナリオ名: ログイン]
[ADMIN] 17:19:27.670880 シナリオ走行を終了しました [シナリオ名: 新規ユーザー登録]
[ADMIN] 17:19:27.670904 シナリオ走行を開始しました [シナリオ名: 新規ユーザー登録]
[ADMIN] 17:19:27.679168 シナリオ走行を終了しました [シナリオ名: 新規ユーザー登録]
[ADMIN] 17:19:27.679188 シナリオ走行を開始しました [シナリオ名: 新規ユーザー登録]
[ADMIN] 17:19:27.709633 シナリオ走行を終了しました [シナリオ名: ログイン]
[ADMIN] 17:19:27.709645 シナリオ走行を開始しました [シナリオ名: ログイン]
[ADMIN] 17:19:27.721594 シナリオ走行を終了しました [シナリオ名: 新規ユーザー登録]
[ADMIN] 17:19:27.721615 シナリオ走行を開始しました [シナリオ名: 新規ユーザー登録]
[ADMIN] 17:19:27.721960 シナリオ走行を終了しました [シナリオ名: Banユーザログイン]
[ADMIN] 17:19:27.721971 シナリオ走行を開始しました [シナリオ名: Banユーザログイン]
[ADMIN] 17:19:27.732281 シナリオ走行を終了しました [シナリオ名: Banユーザログイン]
[ADMIN] 17:19:27.732297 シナリオ走行を開始しました [シナリオ名: Banユーザログイン]
[ADMIN] 17:19:27.734500 シナリオ走行を終了しました [シナリオ名: 新規ユーザー登録]
[ADMIN] 17:19:27.734518 シナリオ走行を開始しました [シナリオ名: 新規ユーザー登録]
[ADMIN] 17:19:27.797670 シナリオ走行を終了しました [シナリオ名: ログイン]
[ADMIN] 17:19:27.797685 シナリオ走行を開始しました [シナリオ名: ログイン]
[ADMIN] 17:19:27.801644 シナリオ走行を終了しました [シナリオ名: 新規ユーザー登録]
[ADMIN] 17:19:27.801665 シナリオ走行を開始しました [シナリオ名: 新規ユーザー登録]
[ADMIN] 17:19:27.803666 シナリオ走行を終了しました [シナリオ名: 新規ユーザー登録]
[ADMIN] 17:19:27.803685 シナリオ走行を開始しました [シナリオ名: 新規ユーザー登録]
[ADMIN] 17:19:27.823044 シナリオ走行を終了しました [シナリオ名: 新規ユーザー登録]
[ADMIN] 17:19:27.823061 シナリオ走行を開始しました [シナリオ名: 新規ユーザー登録]
[ADMIN] 17:19:27.847325 シナリオ走行を終了しました [シナリオ名: 新規ユーザー登録]
[ADMIN] 17:19:27.847353 シナリオ走行を開始しました [シナリオ名: 新規ユーザー登録]
[ADMIN] 17:19:27.850802 シナリオ走行を終了しました [シナリオ名: Banユーザログイン]
[ADMIN] 17:19:27.850817 シナリオ走行を開始しました [シナリオ名: Banユーザログイン]
[ADMIN] 17:19:27.864850 シナリオ走行を終了しました [シナリオ名: 新規ユーザー登録]
[ADMIN] 17:19:27.864869 シナリオ走行を開始しました [シナリオ名: 新規ユーザー登録]
[ADMIN] 17:19:27.869048 シナリオ走行を終了しました [シナリオ名: Banユーザログイン]
[ADMIN] 17:19:27.869062 シナリオ走行を開始しました [シナリオ名: Banユーザログイン]
[ADMIN] 17:19:27.882587 シナリオ走行を終了しました [シナリオ名: 新規ユーザー登録]
[ADMIN] 17:19:27.882603 シナリオ走行を開始しました [シナリオ名: 新規ユーザー登録]
[ADMIN] 17:19:27.887044 シナリオ走行を終了しました [シナリオ名: Banユーザログイン]
[ADMIN] 17:19:27.887059 シナリオ走行を開始しました [シナリオ名: Banユーザログイン]
[ADMIN] 17:19:27.901697 シナリオ走行を終了しました [シナリオ名: ログイン]
[ADMIN] 17:19:27.901711 シナリオ走行を開始しました [シナリオ名: ログイン]
[ADMIN] 17:19:27.920236 シナリオ走行を終了しました [シナリオ名: ログイン]
[ADMIN] 17:19:27.920248 シナリオ走行を開始しました [シナリオ名: ログイン]
[ADMIN] 17:19:27.921494 シナリオ走行を終了しました [シナリオ名: ログイン]
[ADMIN] 17:19:27.921505 シナリオ走行を開始しました [シナリオ名: ログイン]
[ADMIN] 17:19:27.928604 シナリオ走行を終了しました [シナリオ名: 新規ユーザー登録]
[ADMIN] 17:19:27.928619 シナリオ走行を開始しました [シナリオ名: 新規ユーザー登録]
[ADMIN] 17:19:27.938849 シナリオ走行を終了しました [シナリオ名: Banユーザログイン]
[ADMIN] 17:19:27.938868 シナリオ走行を開始しました [シナリオ名: Banユーザログイン]
[ADMIN] 17:19:27.943222 シナリオ走行を終了しました [シナリオ名: ログイン]
[ADMIN] 17:19:27.943233 シナリオ走行を開始しました [シナリオ名: ログイン]
[ADMIN] 17:19:27.944610 シナリオ走行を終了しました [シナリオ名: Banユーザログイン]
[ADMIN] 17:19:27.944620 シナリオ走行を開始しました [シナリオ名: Banユーザログイン]
[ADMIN] 17:19:27.985068 シナリオ走行を終了しました [シナリオ名: Banユーザログイン]
[ADMIN] 17:19:27.985093 シナリオ走行を開始しました [シナリオ名: Banユーザログイン]
[ADMIN] 17:19:27.988954 シナリオ走行を終了しました [シナリオ名: Banユーザログイン]
[ADMIN] 17:19:27.988968 シナリオ走行を開始しました [シナリオ名: Banユーザログイン]
[ADMIN] 17:19:27.991412 シナリオ走行を終了しました [シナリオ名: ログイン]
[ADMIN] 17:19:27.991422 シナリオ走行を開始しました [シナリオ名: ログイン]
[ADMIN] 17:19:27.999921 シナリオ走行を終了しました [シナリオ名: Banユーザログイン]
[ADMIN] 17:19:27.999932 シナリオ走行を開始しました [シナリオ名: Banユーザログイン]
[ADMIN] 17:19:28.020685 シナリオ走行を終了しました [シナリオ名: Banユーザログイン]
[ADMIN] 17:19:28.020698 シナリオ走行を開始しました [シナリオ名: Banユーザログイン]
[ADMIN] 17:19:28.025024 シナリオ走行を終了しました [シナリオ名: 新規ユーザー登録]
[ADMIN] 17:19:28.025045 シナリオ走行を開始しました [シナリオ名: 新規ユーザー登録]
[ADMIN] 17:19:28.040385 シナリオ走行を終了しました [シナリオ名: 新規ユーザー登録]
[ADMIN] 17:19:28.040404 シナリオ走行を開始しました [シナリオ名: 新規ユーザー登録]
[ADMIN] 17:19:28.043878 シナリオ走行を終了しました [シナリオ名: 新規ユーザー登録]
[ADMIN] 17:19:28.043893 シナリオ走行を開始しました [シナリオ名: 新規ユーザー登録]
[ADMIN] 17:19:28.052689 シナリオ走行を終了しました [シナリオ名: 新規ユーザー登録]
[ADMIN] 17:19:28.052706 シナリオ走行を開始しました [シナリオ名: 新規ユーザー登録]
[ADMIN] 17:19:28.054281 シナリオ走行を終了しました [シナリオ名: 新規ユーザー登録]
[ADMIN] 17:19:28.054296 シナリオ走行を開始しました [シナリオ名: 新規ユーザー登録]
[ADMIN] 17:19:28.072758 シナリオ走行を終了しました [シナリオ名: 新規ユーザー登録]
[ADMIN] 17:19:28.072777 シナリオ走行を開始しました [シナリオ名: 新規ユーザー登録]
[ADMIN] 17:19:28.153135 シナリオ走行を終了しました [シナリオ名: 新規ユーザー登録]
[ADMIN] 17:19:28.153159 シナリオ走行を開始しました [シナリオ名: 新規ユーザー登録]
[ADMIN] 17:19:28.153384 シナリオ走行を終了しました [シナリオ名: 新規ユーザー登録]
[ADMIN] 17:19:28.153405 シナリオ走行を開始しました [シナリオ名: 新規ユーザー登録]
[ADMIN] 17:19:28.155524 シナリオ走行を終了しました [シナリオ名: ログイン]
[ADMIN] 17:19:28.155534 シナリオ走行を開始しました [シナリオ名: ログイン]
[ADMIN] 17:19:28.168165 シナリオ走行を終了しました [シナリオ名: 新規ユーザー登録]
[ADMIN] 17:19:28.168187 シナリオ走行を開始しました [シナリオ名: 新規ユーザー登録]
[ADMIN] 17:19:28.184586 シナリオ走行を終了しました [シナリオ名: ログイン]
[ADMIN] 17:19:28.184598 シナリオ走行を開始しました [シナリオ名: ログイン]
[ADMIN] 17:19:28.186998 シナリオ走行を終了しました [シナリオ名: ログイン]
[ADMIN] 17:19:28.187007 シナリオ走行を開始しました [シナリオ名: ログイン]
[ADMIN] 17:19:28.201148 シナリオ走行を終了しました [シナリオ名: 新規ユーザー登録]
[ADMIN] 17:19:28.201172 シナリオ走行を開始しました [シナリオ名: 新規ユーザー登録]
[ADMIN] 17:19:28.206771 シナリオ走行を終了しました [シナリオ名: 新規ユーザー登録]
[ADMIN] 17:19:28.206799 シナリオ走行を開始しました [シナリオ名: 新規ユーザー登録]
[ADMIN] 17:19:28.259364 シナリオ走行を終了しました [シナリオ名: Banユーザログイン]
[ADMIN] 17:19:28.259383 シナリオ走行を開始しました [シナリオ名: Banユーザログイン]
[ADMIN] 17:19:28.262038 シナリオ走行を終了しました [シナリオ名: ログイン]
[ADMIN] 17:19:28.262052 シナリオ走行を開始しました [シナリオ名: ログイン]
[ADMIN] 17:19:28.283937 シナリオ走行を終了しました [シナリオ名: 新規ユーザー登録]
[ADMIN] 17:19:28.283955 シナリオ走行を開始しました [シナリオ名: 新規ユーザー登録]
[ADMIN] 17:19:28.315255 シナリオ走行を終了しました [シナリオ名: 新規ユーザー登録]
[ADMIN] 17:19:28.315279 シナリオ走行を開始しました [シナリオ名: 新規ユーザー登録]
[ADMIN] 17:19:28.318476 シナリオ走行を終了しました [シナリオ名: Banユーザログイン]
[ADMIN] 17:19:28.318489 シナリオ走行を開始しました [シナリオ名: Banユーザログイン]
[ADMIN] 17:19:28.319879 シナリオ走行を終了しました [シナリオ名: 新規ユーザー登録]
[ADMIN] 17:19:28.319892 シナリオ走行を開始しました [シナリオ名: 新規ユーザー登録]
[ADMIN] 17:19:28.330186 シナリオ走行を終了しました [シナリオ名: 新規ユーザー登録]
[ADMIN] 17:19:28.330204 シナリオ走行を開始しました [シナリオ名: 新規ユーザー登録]
[ADMIN] 17:19:28.347421 シナリオ走行を終了しました [シナリオ名: 新規ユーザー登録]
[ADMIN] 17:19:28.347443 シナリオ走行を開始しました [シナリオ名: 新規ユーザー登録]
[ADMIN] 17:19:28.366814 シナリオ走行を終了しました [シナリオ名: ログイン]
[ADMIN] 17:19:28.366824 シナリオ走行を開始しました [シナリオ名: ログイン]
[ADMIN] 17:19:28.367275 シナリオ走行を終了しました [シナリオ名: ログイン]
[ADMIN] 17:19:28.367284 シナリオ走行を開始しました [シナリオ名: ログイン]
[ADMIN] 17:19:28.394389 シナリオ走行を終了しました [シナリオ名: ログイン]
[ADMIN] 17:19:28.394402 シナリオ走行を開始しました [シナリオ名: ログイン]
[ADMIN] 17:19:28.395838 シナリオ走行を終了しました [シナリオ名: ログイン]
[ADMIN] 17:19:28.395846 シナリオ走行を開始しました [シナリオ名: ログイン]
[ADMIN] 17:19:28.408959 シナリオ走行を終了しました [シナリオ名: Banユーザログイン]
[ADMIN] 17:19:28.408971 シナリオ走行を開始しました [シナリオ名: Banユーザログイン]
[ADMIN] 17:19:28.409043 シナリオ走行を終了しました [シナリオ名: ログイン]
[ADMIN] 17:19:28.409053 シナリオ走行を開始しました [シナリオ名: ログイン]
[ADMIN] 17:19:28.412049 シナリオ走行を終了しました [シナリオ名: Banユーザログイン]
[ADMIN] 17:19:28.412063 シナリオ走行を開始しました [シナリオ名: Banユーザログイン]
[ADMIN] 17:19:28.418046 シナリオ走行を終了しました [シナリオ名: 新規ユーザー登録]
[ADMIN] 17:19:28.418065 シナリオ走行を開始しました [シナリオ名: 新規ユーザー登録]
[ADMIN] 17:19:28.420625 シナリオ走行を終了しました [シナリオ名: ログイン]
[ADMIN] 17:19:28.420633 シナリオ走行を開始しました [シナリオ名: ログイン]
[ADMIN] 17:19:28.445639 シナリオ走行を終了しました [シナリオ名: Banユーザログイン]
[ADMIN] 17:19:28.445652 シナリオ走行を開始しました [シナリオ名: Banユーザログイン]
[ADMIN] 17:19:28.478383 シナリオ走行を終了しました [シナリオ名: ログイン]
[ADMIN] 17:19:28.478394 シナリオ走行を開始しました [シナリオ名: ログイン]
[ADMIN] 17:19:28.479141 シナリオ走行を終了しました [シナリオ名: ログイン]
[ADMIN] 17:19:28.479149 シナリオ走行を開始しました [シナリオ名: ログイン]
[ADMIN] 17:19:28.481515 シナリオ走行を終了しました [シナリオ名: 新規ユーザー登録]
[ADMIN] 17:19:28.481531 シナリオ走行を開始しました [シナリオ名: 新規ユーザー登録]
[ADMIN] 17:19:28.486682 シナリオ走行を終了しました [シナリオ名: ログイン]
[ADMIN] 17:19:28.486690 シナリオ走行を開始しました [シナリオ名: ログイン]
[ADMIN] 17:19:28.486971 シナリオ走行を終了しました [シナリオ名: Banユーザログイン]
[ADMIN] 17:19:28.486980 シナリオ走行を開始しました [シナリオ名: Banユーザログイン]
[ADMIN] 17:19:28.495831 シナリオ走行を終了しました [シナリオ名: Banユーザログイン]
[ADMIN] 17:19:28.495845 シナリオ走行を開始しました [シナリオ名: Banユーザログイン]
[ADMIN] 17:19:28.517376 シナリオ走行を終了しました [シナリオ名: ログイン]
[ADMIN] 17:19:28.517386 シナリオ走行を開始しました [シナリオ名: ログイン]
[ADMIN] 17:19:28.518722 シナリオ走行を終了しました [シナリオ名: Banユーザログイン]
[ADMIN] 17:19:28.518735 シナリオ走行を終了しました [シナリオ名: 新規ユーザー登録]
[ADMIN] 17:19:28.518736 シナリオ走行を開始しました [シナリオ名: Banユーザログイン]
[ADMIN] 17:19:28.518752 シナリオ走行を開始しました [シナリオ名: 新規ユーザー登録]
[ADMIN] 17:19:28.531492 シナリオ走行を終了しました [シナリオ名: Banユーザログイン]
[ADMIN] 17:19:28.531508 シナリオ走行を開始しました [シナリオ名: Banユーザログイン]
[ADMIN] 17:19:28.544917 シナリオ走行を終了しました [シナリオ名: ログイン]
[ADMIN] 17:19:28.544931 シナリオ走行を開始しました [シナリオ名: ログイン]
[ADMIN] 17:19:28.545233 シナリオ走行を終了しました [シナリオ名: ログイン]
[ADMIN] 17:19:28.545277 シナリオ走行を開始しました [シナリオ名: ログイン]
[ADMIN] 17:19:28.551094 シナリオ走行を終了しました [シナリオ名: ログイン]
[ADMIN] 17:19:28.551101 シナリオ走行を開始しました [シナリオ名: ログイン]
[ADMIN] 17:19:28.552860 シナリオ走行を終了しました [シナリオ名: 新規ユーザー登録]
[ADMIN] 17:19:28.552879 シナリオ走行を開始しました [シナリオ名: 新規ユーザー登録]
[ADMIN] 17:19:28.559913 シナリオ走行を終了しました [シナリオ名: ログイン]
[ADMIN] 17:19:28.559927 シナリオ走行を開始しました [シナリオ名: ログイン]
[ADMIN] 17:19:28.571685 シナリオ走行を終了しました [シナリオ名: 新規ユーザー登録]
[ADMIN] 17:19:28.571704 シナリオ走行を開始しました [シナリオ名: 新規ユーザー登録]
[ADMIN] 17:19:28.605432 シナリオ走行を終了しました [シナリオ名: ログイン]
[ADMIN] 17:19:28.605440 シナリオ走行を開始しました [シナリオ名: ログイン]
[ADMIN] 17:19:28.610585 シナリオ走行を終了しました [シナリオ名: Banユーザログイン]
[ADMIN] 17:19:28.610597 シナリオ走行を開始しました [シナリオ名: Banユーザログイン]
[ADMIN] 17:19:28.615551 シナリオ走行を終了しました [シナリオ名: Banユーザログイン]
[ADMIN] 17:19:28.615564 シナリオ走行を開始しました [シナリオ名: Banユーザログイン]
[ADMIN] 17:19:28.638414 シナリオ走行を終了しました [シナリオ名: ログイン]
[ADMIN] 17:19:28.638422 シナリオ走行を開始しました [シナリオ名: ログイン]
[ADMIN] 17:19:28.639517 シナリオ走行を終了しました [シナリオ名: ログイン]
[ADMIN] 17:19:28.639525 シナリオ走行を開始しました [シナリオ名: ログイン]
[ADMIN] 17:19:28.641107 シナリオ走行を終了しました [シナリオ名: ログイン]
[ADMIN] 17:19:28.641116 シナリオ走行を開始しました [シナリオ名: ログイン]
[ADMIN] 17:19:28.663126 シナリオ走行を終了しました [シナリオ名: ログイン]
[ADMIN] 17:19:28.663135 シナリオ走行を開始しました [シナリオ名: ログイン]
[ADMIN] 17:19:28.699562 シナリオ走行を終了しました [シナリオ名: ログイン]
[ADMIN] 17:19:28.699577 シナリオ走行を開始しました [シナリオ名: ログイン]
[ADMIN] 17:19:28.709923 シナリオ走行を終了しました [シナリオ名: ログイン]
[ADMIN] 17:19:28.709934 シナリオ走行を開始しました [シナリオ名: ログイン]
[ADMIN] 17:19:28.736665 シナリオ走行を終了しました [シナリオ名: 新規ユーザー登録]
[ADMIN] 17:19:28.736694 シナリオ走行を開始しました [シナリオ名: 新規ユーザー登録]
[ADMIN] 17:19:28.761160 シナリオ走行を終了しました [シナリオ名: ログイン]
[ADMIN] 17:19:28.761172 シナリオ走行を開始しました [シナリオ名: ログイン]
[ADMIN] 17:19:28.763021 シナリオ走行を終了しました [シナリオ名: ログイン]
[ADMIN] 17:19:28.763030 シナリオ走行を開始しました [シナリオ名: ログイン]
[ADMIN] 17:19:28.773086 シナリオ走行を終了しました [シナリオ名: ログイン]
[ADMIN] 17:19:28.773098 シナリオ走行を開始しました [シナリオ名: ログイン]
[ADMIN] 17:19:28.774105 シナリオ走行を終了しました [シナリオ名: ログイン]
[ADMIN] 17:19:28.774113 シナリオ走行を開始しました [シナリオ名: ログイン]
[ADMIN] 17:19:28.803755 シナリオ走行を終了しました [シナリオ名: ログイン]
[ADMIN] 17:19:28.803764 シナリオ走行を開始しました [シナリオ名: ログイン]
[ADMIN] 17:19:28.813420 シナリオ走行を終了しました [シナリオ名: Banユーザログイン]
[ADMIN] 17:19:28.813435 シナリオ走行を開始しました [シナリオ名: Banユーザログイン]
[ADMIN] 17:19:28.851615 シナリオ走行を終了しました [シナリオ名: ログイン]
[ADMIN] 17:19:28.851627 シナリオ走行を開始しました [シナリオ名: ログイン]
[ADMIN] 17:19:28.859076 シナリオ走行を終了しました [シナリオ名: Banユーザログイン]
[ADMIN] 17:19:28.859094 シナリオ走行を開始しました [シナリオ名: Banユーザログイン]
[ADMIN] 17:19:28.879282 シナリオ走行を終了しました [シナリオ名: ログイン]
[ADMIN] 17:19:28.879293 シナリオ走行を開始しました [シナリオ名: ログイン]
[ADMIN] 17:19:28.880774 シナリオ走行を終了しました [シナリオ名: ログイン]
[ADMIN] 17:19:28.880782 シナリオ走行を開始しました [シナリオ名: ログイン]
[ADMIN] 17:19:28.898589 シナリオ走行を終了しました [シナリオ名: ログイン]
[ADMIN] 17:19:28.898600 シナリオ走行を開始しました [シナリオ名: ログイン]
[ADMIN] 17:19:28.899703 シナリオ走行を終了しました [シナリオ名: ログイン]
[ADMIN] 17:19:28.899711 シナリオ走行を開始しました [シナリオ名: ログイン]
[ADMIN] 17:19:28.905282 シナリオ走行を終了しました [シナリオ名: 新規ユーザー登録]
[ADMIN] 17:19:28.905306 シナリオ走行を開始しました [シナリオ名: 新規ユーザー登録]
[ADMIN] 17:19:28.915267 シナリオ走行を終了しました [シナリオ名: ログイン]
[ADMIN] 17:19:28.915277 シナリオ走行を開始しました [シナリオ名: ログイン]
[ADMIN] 17:19:28.920832 シナリオ走行を終了しました [シナリオ名: ログイン]
[ADMIN] 17:19:28.920841 シナリオ走行を開始しました [シナリオ名: ログイン]
[ADMIN] 17:19:28.966501 シナリオ走行を終了しました [シナリオ名: ログイン]
[ADMIN] 17:19:28.966517 シナリオ走行を開始しました [シナリオ名: ログイン]
[ADMIN] 17:19:28.990005 シナリオ走行を終了しました [シナリオ名: ログイン]
[ADMIN] 17:19:28.990020 シナリオ走行を開始しました [シナリオ名: ログイン]
[ADMIN] 17:19:28.994910 シナリオ走行を終了しました [シナリオ名: Banユーザログイン]
[ADMIN] 17:19:28.994927 シナリオ走行を開始しました [シナリオ名: Banユーザログイン]
[ADMIN] 17:19:29.013315 シナリオ走行を終了しました [シナリオ名: Banユーザログイン]
[ADMIN] 17:19:29.013334 シナリオ走行を開始しました [シナリオ名: Banユーザログイン]
[ADMIN] 17:19:29.014191 シナリオ走行を終了しました [シナリオ名: ログイン]
[ADMIN] 17:19:29.014199 シナリオ走行を開始しました [シナリオ名: ログイン]
[ADMIN] 17:19:29.041077 シナリオ走行を終了しました [シナリオ名: ログイン]
[ADMIN] 17:19:29.041090 シナリオ走行を開始しました [シナリオ名: ログイン]
[ADMIN] 17:19:29.041444 シナリオ走行を終了しました [シナリオ名: Banユーザログイン]
[ADMIN] 17:19:29.041453 シナリオ走行を開始しました [シナリオ名: Banユーザログイン]
[ADMIN] 17:19:29.107050 シナリオ走行を終了しました [シナリオ名: ログイン]
[ADMIN] 17:19:29.107065 シナリオ走行を開始しました [シナリオ名: ログイン]
[ADMIN] 17:19:29.113881 シナリオ走行を終了しました [シナリオ名: ログイン]
[ADMIN] 17:19:29.113890 シナリオ走行を開始しました [シナリオ名: ログイン]
[ADMIN] 17:19:29.116186 シナリオ走行を終了しました [シナリオ名: ログイン]
[ADMIN] 17:19:29.116196 シナリオ走行を開始しました [シナリオ名: ログイン]
[ADMIN] 17:19:29.121254 シナリオ走行を終了しました [シナリオ名: Banユーザログイン]
[ADMIN] 17:19:29.121266 シナリオ走行を開始しました [シナリオ名: Banユーザログイン]
[ADMIN] 17:19:29.128493 シナリオ走行を終了しました [シナリオ名: Banユーザログイン]
[ADMIN] 17:19:29.128508 シナリオ走行を開始しました [シナリオ名: Banユーザログイン]
[ADMIN] 17:19:29.137659 シナリオ走行を終了しました [シナリオ名: Banユーザログイン]
[ADMIN] 17:19:29.137670 シナリオ走行を開始しました [シナリオ名: Banユーザログイン]
[ADMIN] 17:19:29.140097 シナリオ走行を終了しました [シナリオ名: Banユーザログイン]
[ADMIN] 17:19:29.140114 シナリオ走行を開始しました [シナリオ名: Banユーザログイン]
[ADMIN] 17:19:29.145116 シナリオ走行を終了しました [シナリオ名: ログイン]
[ADMIN] 17:19:29.145125 シナリオ走行を開始しました [シナリオ名: ログイン]
[ADMIN] 17:19:29.159374 シナリオ走行を終了しました [シナリオ名: Banユーザログイン]
[ADMIN] 17:19:29.159389 シナリオ走行を開始しました [シナリオ名: Banユーザログイン]
[ADMIN] 17:19:29.189054 シナリオ走行を終了しました [シナリオ名: ログイン]
[ADMIN] 17:19:29.189069 シナリオ走行を開始しました [シナリオ名: ログイン]
[ADMIN] 17:19:29.189111 シナリオ走行を終了しました [シナリオ名: ログイン]
[ADMIN] 17:19:29.189121 シナリオ走行を開始しました [シナリオ名: ログイン]
[ADMIN] 17:19:29.209567 シナリオ走行を終了しました [シナリオ名: ログイン]
[ADMIN] 17:19:29.209582 シナリオ走行を開始しました [シナリオ名: ログイン]
[ADMIN] 17:19:29.214584 シナリオ走行を終了しました [シナリオ名: ログイン]
[ADMIN] 17:19:29.214597 シナリオ走行を開始しました [シナリオ名: ログイン]
[ADMIN] 17:19:29.216474 シナリオ走行を終了しました [シナリオ名: ログイン]
[ADMIN] 17:19:29.216487 シナリオ走行を開始しました [シナリオ名: ログイン]
[ADMIN] 17:19:29.227361 シナリオ走行を終了しました [シナリオ名: ログイン]
[ADMIN] 17:19:29.227373 シナリオ走行を開始しました [シナリオ名: ログイン]
[ADMIN] 17:19:29.237336 シナリオ走行を終了しました [シナリオ名: Banユーザログイン]
[ADMIN] 17:19:29.237354 シナリオ走行を開始しました [シナリオ名: Banユーザログイン]
[ADMIN] 17:19:29.249608 シナリオ走行を終了しました [シナリオ名: ログイン]
[ADMIN] 17:19:29.249617 シナリオ走行を開始しました [シナリオ名: ログイン]
[ADMIN] 17:19:29.253711 シナリオ走行を終了しました [シナリオ名: ログイン]
[ADMIN] 17:19:29.253720 シナリオ走行を開始しました [シナリオ名: ログイン]
[ADMIN] 17:19:29.279669 シナリオ走行を終了しました [シナリオ名: ログイン]
[ADMIN] 17:19:29.279683 シナリオ走行を開始しました [シナリオ名: ログイン]
[ADMIN] 17:19:29.303886 シナリオ走行を終了しました [シナリオ名: ログイン]
[ADMIN] 17:19:29.303897 シナリオ走行を開始しました [シナリオ名: ログイン]
[ADMIN] 17:19:29.347696 シナリオ走行を終了しました [シナリオ名: ログイン]
[ADMIN] 17:19:29.347713 シナリオ走行を開始しました [シナリオ名: ログイン]
[ADMIN] 17:19:29.353468 シナリオ走行を終了しました [シナリオ名: Banユーザログイン]
[ADMIN] 17:19:29.353487 シナリオ走行を開始しました [シナリオ名: Banユーザログイン]
[ADMIN] 17:19:29.358951 シナリオ走行を終了しました [シナリオ名: ログイン]
[ADMIN] 17:19:29.358961 シナリオ走行を開始しました [シナリオ名: ログイン]
[ADMIN] 17:19:29.382760 シナリオ走行を終了しました [シナリオ名: Banユーザログイン]
[ADMIN] 17:19:29.382780 シナリオ走行を開始しました [シナリオ名: Banユーザログイン]
[ADMIN] 17:19:29.418260 シナリオ走行を終了しました [シナリオ名: ログイン]
[ADMIN] 17:19:29.418273 シナリオ走行を開始しました [シナリオ名: ログイン]
[ADMIN] 17:19:29.549376 シナリオ走行を終了しました [シナリオ名: ログイン]
[ADMIN] 17:19:29.549390 シナリオ走行を開始しました [シナリオ名: ログイン]
[ADMIN] 17:19:29.552690 シナリオ走行を終了しました [シナリオ名: Banユーザログイン]
[ADMIN] 17:19:29.552711 シナリオ走行を開始しました [シナリオ名: Banユーザログイン]
[ADMIN] 17:19:29.577743 シナリオ走行を終了しました [シナリオ名: Banユーザログイン]
[ADMIN] 17:19:29.577772 シナリオ走行を開始しました [シナリオ名: Banユーザログイン]
[ADMIN] 17:19:29.594609 シナリオ走行を終了しました [シナリオ名: Banユーザログイン]
[ADMIN] 17:19:29.594642 シナリオ走行を開始しました [シナリオ名: Banユーザログイン]
[ADMIN] 17:19:29.611571 シナリオ走行を終了しました [シナリオ名: ログイン]
[ADMIN] 17:19:29.611587 シナリオ走行を開始しました [シナリオ名: ログイン]
[ADMIN] 17:19:29.689186 シナリオ走行を終了しました [シナリオ名: Banユーザログイン]
[ADMIN] 17:19:29.689206 シナリオ走行を開始しました [シナリオ名: Banユーザログイン]
[ADMIN] 17:19:29.707946 シナリオ走行を終了しました [シナリオ名: Banユーザログイン]
[ADMIN] 17:19:29.707953 シナリオ走行を終了しました [シナリオ名: Banユーザログイン]
[ADMIN] 17:19:29.707968 シナリオ走行を開始しました [シナリオ名: Banユーザログイン]
[ADMIN] 17:19:29.707990 シナリオ走行を開始しました [シナリオ名: Banユーザログイン]
[ADMIN] 17:19:29.708050 シナリオ走行を終了しました [シナリオ名: Banユーザログイン]
[ADMIN] 17:19:29.708073 シナリオ走行を開始しました [シナリオ名: Banユーザログイン]
[ADMIN] 17:19:29.708153 シナリオ走行を終了しました [シナリオ名: Banユーザログイン]
[ADMIN] 17:19:29.708163 シナリオ走行を開始しました [シナリオ名: Banユーザログイン]
[ADMIN] 17:19:29.722906 シナリオ走行を終了しました [シナリオ名: 新規ユーザー登録]
[ADMIN] 17:19:29.722932 シナリオ走行を開始しました [シナリオ名: 新規ユーザー登録]
[ADMIN] 17:19:29.724183 シナリオ走行を終了しました [シナリオ名: 新規ユーザー登録]
[ADMIN] 17:19:29.724199 シナリオ走行を開始しました [シナリオ名: 新規ユーザー登録]
[ADMIN] 17:19:29.770179 シナリオ走行を終了しました [シナリオ名: ログイン]
[ADMIN] 17:19:29.770195 シナリオ走行を開始しました [シナリオ名: ログイン]
[ADMIN] 17:19:29.771931 シナリオ走行を終了しました [シナリオ名: ログイン]
[ADMIN] 17:19:29.771941 シナリオ走行を開始しました [シナリオ名: ログイン]
[ADMIN] 17:19:29.781932 シナリオ走行を終了しました [シナリオ名: 新規ユーザー登録]
[ADMIN] 17:19:29.781954 シナリオ走行を開始しました [シナリオ名: 新規ユーザー登録]
[ADMIN] 17:19:29.789801 シナリオ走行を終了しました [シナリオ名: Banユーザログイン]
[ADMIN] 17:19:29.789817 シナリオ走行を開始しました [シナリオ名: Banユーザログイン]
[ADMIN] 17:19:29.794655 シナリオ走行を終了しました [シナリオ名: 新規ユーザー登録]
[ADMIN] 17:19:29.794676 シナリオ走行を開始しました [シナリオ名: 新規ユーザー登録]
[ADMIN] 17:19:29.814262 シナリオ走行を終了しました [シナリオ名: 新規ユーザー登録]
[ADMIN] 17:19:29.814281 シナリオ走行を開始しました [シナリオ名: 新規ユーザー登録]
[ADMIN] 17:19:29.851244 シナリオ走行を終了しました [シナリオ名: 新規ユーザー登録]
[ADMIN] 17:19:29.851263 シナリオ走行を開始しました [シナリオ名: 新規ユーザー登録]
[ADMIN] 17:19:29.869723 シナリオ走行を終了しました [シナリオ名: ログイン]
[ADMIN] 17:19:29.869734 シナリオ走行を開始しました [シナリオ名: ログイン]
[ADMIN] 17:19:29.888154 シナリオ走行を終了しました [シナリオ名: 新規ユーザー登録]
[ADMIN] 17:19:29.888177 シナリオ走行を開始しました [シナリオ名: 新規ユーザー登録]
[ADMIN] 17:19:29.888239 シナリオ走行を終了しました [シナリオ名: ログイン]
[ADMIN] 17:19:29.888249 シナリオ走行を開始しました [シナリオ名: ログイン]
[ADMIN] 17:19:29.889701 シナリオ走行を終了しました [シナリオ名: 新規ユーザー登録]
[ADMIN] 17:19:29.889716 シナリオ走行を開始しました [シナリオ名: 新規ユーザー登録]
[ADMIN] 17:19:29.898457 シナリオ走行を終了しました [シナリオ名: 新規ユーザー登録]
[ADMIN] 17:19:29.898476 シナリオ走行を開始しました [シナリオ名: 新規ユーザー登録]
[ADMIN] 17:19:29.915091 シナリオ走行を終了しました [シナリオ名: ログイン]
[ADMIN] 17:19:29.915103 シナリオ走行を開始しました [シナリオ名: ログイン]
[ADMIN] 17:19:29.932973 シナリオ走行を終了しました [シナリオ名: ログイン]
[ADMIN] 17:19:29.932987 シナリオ走行を開始しました [シナリオ名: ログイン]
[ADMIN] 17:19:29.940867 シナリオ走行を終了しました [シナリオ名: 新規ユーザー登録]
[ADMIN] 17:19:29.940887 シナリオ走行を開始しました [シナリオ名: 新規ユーザー登録]
[ADMIN] 17:19:29.949548 シナリオ走行を終了しました [シナリオ名: Banユーザログイン]
[ADMIN] 17:19:29.949566 シナリオ走行を開始しました [シナリオ名: Banユーザログイン]
[ADMIN] 17:19:29.955015 シナリオ走行を終了しました [シナリオ名: Banユーザログイン]
[ADMIN] 17:19:29.955031 シナリオ走行を開始しました [シナリオ名: Banユーザログイン]
[ADMIN] 17:19:29.963100 シナリオ走行を終了しました [シナリオ名: ログイン]
[ADMIN] 17:19:29.963112 シナリオ走行を開始しました [シナリオ名: ログイン]
[ADMIN] 17:19:29.972845 シナリオ走行を終了しました [シナリオ名: ログイン]
[ADMIN] 17:19:29.972855 シナリオ走行を開始しました [シナリオ名: ログイン]
[ADMIN] 17:19:29.975765 シナリオ走行を終了しました [シナリオ名: ログイン]
[ADMIN] 17:19:29.975777 シナリオ走行を開始しました [シナリオ名: ログイン]
[ADMIN] 17:19:29.982789 シナリオ走行を終了しました [シナリオ名: ログイン]
[ADMIN] 17:19:29.982797 シナリオ走行を開始しました [シナリオ名: ログイン]
[ADMIN] 17:19:29.987385 シナリオ走行を終了しました [シナリオ名: 新規ユーザー登録]
[ADMIN] 17:19:29.987415 シナリオ走行を開始しました [シナリオ名: 新規ユーザー登録]
[ADMIN] 17:19:30.005922 シナリオ走行を終了しました [シナリオ名: ログイン]
[ADMIN] 17:19:30.005934 シナリオ走行を開始しました [シナリオ名: ログイン]
[ADMIN] 17:19:30.026420 シナリオ走行を終了しました [シナリオ名: 新規ユーザー登録]
[ADMIN] 17:19:30.026441 シナリオ走行を開始しました [シナリオ名: 新規ユーザー登録]
[ADMIN] 17:19:30.029563 シナリオ走行を終了しました [シナリオ名: 新規ユーザー登録]
[ADMIN] 17:19:30.029579 シナリオ走行を開始しました [シナリオ名: 新規ユーザー登録]
[ADMIN] 17:19:30.037722 シナリオ走行を終了しました [シナリオ名: ログイン]
[ADMIN] 17:19:30.037734 シナリオ走行を開始しました [シナリオ名: ログイン]
[ADMIN] 17:19:30.053450 シナリオ走行を終了しました [シナリオ名: 新規ユーザー登録]
[ADMIN] 17:19:30.053468 シナリオ走行を開始しました [シナリオ名: 新規ユーザー登録]
[ADMIN] 17:19:30.060208 シナリオ走行を終了しました [シナリオ名: ログイン]
[ADMIN] 17:19:30.060219 シナリオ走行を開始しました [シナリオ名: ログイン]
[ADMIN] 17:19:30.084391 シナリオ走行を終了しました [シナリオ名: 新規ユーザー登録]
[ADMIN] 17:19:30.084408 シナリオ走行を開始しました [シナリオ名: 新規ユーザー登録]
[ADMIN] 17:19:30.085673 シナリオ走行を終了しました [シナリオ名: ログイン]
[ADMIN] 17:19:30.085682 シナリオ走行を開始しました [シナリオ名: ログイン]
[ADMIN] 17:19:30.087071 シナリオ走行を終了しました [シナリオ名: 新規ユーザー登録]
[ADMIN] 17:19:30.087087 シナリオ走行を開始しました [シナリオ名: 新規ユーザー登録]
[ADMIN] 17:19:30.111771 シナリオ走行を終了しました [シナリオ名: 新規ユーザー登録]
[ADMIN] 17:19:30.111787 シナリオ走行を開始しました [シナリオ名: 新規ユーザー登録]
[ADMIN] 17:19:30.126743 シナリオ走行を終了しました [シナリオ名: Banユーザログイン]
[ADMIN] 17:19:30.126757 シナリオ走行を開始しました [シナリオ名: Banユーザログイン]
[ADMIN] 17:19:30.130200 シナリオ走行を終了しました [シナリオ名: Banユーザログイン]
[ADMIN] 17:19:30.130213 シナリオ走行を開始しました [シナリオ名: Banユーザログイン]
[ADMIN] 17:19:30.141970 シナリオ走行を終了しました [シナリオ名: Banユーザログイン]
[ADMIN] 17:19:30.141982 シナリオ走行を開始しました [シナリオ名: Banユーザログイン]
[ADMIN] 17:19:30.167807 シナリオ走行を終了しました [シナリオ名: 新規ユーザー登録]
[ADMIN] 17:19:30.167823 シナリオ走行を開始しました [シナリオ名: 新規ユーザー登録]
[ADMIN] 17:19:30.168952 シナリオ走行を終了しました [シナリオ名: ログイン]
[ADMIN] 17:19:30.168961 シナリオ走行を開始しました [シナリオ名: ログイン]
[ADMIN] 17:19:30.208035 シナリオ走行を終了しました [シナリオ名: ログイン]
[ADMIN] 17:19:30.208047 シナリオ走行を開始しました [シナリオ名: ログイン]
[ADMIN] 17:19:30.222352 シナリオ走行を終了しました [シナリオ名: ログイン]
[ADMIN] 17:19:30.222362 シナリオ走行を開始しました [シナリオ名: ログイン]
[ADMIN] 17:19:30.224510 シナリオ走行を終了しました [シナリオ名: Banユーザログイン]
[ADMIN] 17:19:30.224523 シナリオ走行を開始しました [シナリオ名: Banユーザログイン]
[ADMIN] 17:19:30.241338 シナリオ走行を終了しました [シナリオ名: Banユーザログイン]
[ADMIN] 17:19:30.241353 シナリオ走行を開始しました [シナリオ名: Banユーザログイン]
[ADMIN] 17:19:30.254385 シナリオ走行を終了しました [シナリオ名: 新規ユーザー登録]
[ADMIN] 17:19:30.254404 シナリオ走行を開始しました [シナリオ名: 新規ユーザー登録]
[ADMIN] 17:19:30.280770 シナリオ走行を終了しました [シナリオ名: Banユーザログイン]
[ADMIN] 17:19:30.280781 シナリオ走行を開始しました [シナリオ名: Banユーザログイン]
[ADMIN] 17:19:30.292819 シナリオ走行を終了しました [シナリオ名: Banユーザログイン]
[ADMIN] 17:19:30.292829 シナリオ走行を開始しました [シナリオ名: Banユーザログイン]
[ADMIN] 17:19:30.298054 シナリオ走行を終了しました [シナリオ名: ログイン]
[ADMIN] 17:19:30.298063 シナリオ走行を開始しました [シナリオ名: ログイン]
[ADMIN] 17:19:30.339811 シナリオ走行を終了しました [シナリオ名: ログイン]
[ADMIN] 17:19:30.339820 シナリオ走行を開始しました [シナリオ名: ログイン]
[ADMIN] 17:19:30.340455 シナリオ走行を終了しました [シナリオ名: 新規ユーザー登録]
[ADMIN] 17:19:30.340475 シナリオ走行を開始しました [シナリオ名: 新規ユーザー登録]
[ADMIN] 17:19:30.349810 シナリオ走行を終了しました [シナリオ名: 新規ユーザー登録]
[ADMIN] 17:19:30.349826 シナリオ走行を開始しました [シナリオ名: 新規ユーザー登録]
[ADMIN] 17:19:30.353038 シナリオ走行を終了しました [シナリオ名: 新規ユーザー登録]
[ADMIN] 17:19:30.353051 シナリオ走行を開始しました [シナリオ名: 新規ユーザー登録]
[ADMIN] 17:19:30.355937 シナリオ走行を終了しました [シナリオ名: Banユーザログイン]
[ADMIN] 17:19:30.355951 シナリオ走行を開始しました [シナリオ名: Banユーザログイン]
[ADMIN] 17:19:30.370631 シナリオ走行を終了しました [シナリオ名: ログイン]
[ADMIN] 17:19:30.370640 シナリオ走行を開始しました [シナリオ名: ログイン]
[ADMIN] 17:19:30.377791 シナリオ走行を終了しました [シナリオ名: ログイン]
[ADMIN] 17:19:30.377800 シナリオ走行を開始しました [シナリオ名: ログイン]
[ADMIN] 17:19:30.383679 シナリオ走行を終了しました [シナリオ名: ログイン]
[ADMIN] 17:19:30.383689 シナリオ走行を開始しました [シナリオ名: ログイン]
[ADMIN] 17:19:30.407541 シナリオ走行を終了しました [シナリオ名: 新規ユーザー登録]
[ADMIN] 17:19:30.407559 シナリオ走行を開始しました [シナリオ名: 新規ユーザー登録]
[ADMIN] 17:19:30.412227 シナリオ走行を終了しました [シナリオ名: ログイン]
[ADMIN] 17:19:30.412236 シナリオ走行を開始しました [シナリオ名: ログイン]
[ADMIN] 17:19:30.431737 シナリオ走行を終了しました [シナリオ名: ログイン]
[ADMIN] 17:19:30.431746 シナリオ走行を開始しました [シナリオ名: ログイン]
[ADMIN] 17:19:30.438917 シナリオ走行を終了しました [シナリオ名: 新規ユーザー登録]
[ADMIN] 17:19:30.438934 シナリオ走行を開始しました [シナリオ名: 新規ユーザー登録]
[ADMIN] 17:19:30.446760 シナリオ走行を終了しました [シナリオ名: ログイン]
[ADMIN] 17:19:30.446771 シナリオ走行を開始しました [シナリオ名: ログイン]
[ADMIN] 17:19:30.449444 シナリオ走行を終了しました [シナリオ名: ログイン]
[ADMIN] 17:19:30.449453 シナリオ走行を開始しました [シナリオ名: ログイン]
[ADMIN] 17:19:30.456243 シナリオ走行を終了しました [シナリオ名: ログイン]
[ADMIN] 17:19:30.456250 シナリオ走行を開始しました [シナリオ名: ログイン]
[ADMIN] 17:19:30.466882 シナリオ走行を終了しました [シナリオ名: 新規ユーザー登録]
[ADMIN] 17:19:30.466903 シナリオ走行を開始しました [シナリオ名: 新規ユーザー登録]
[ADMIN] 17:19:30.470116 シナリオ走行を終了しました [シナリオ名: ログイン]
[ADMIN] 17:19:30.470125 シナリオ走行を開始しました [シナリオ名: ログイン]
[ADMIN] 17:19:30.471714 シナリオ走行を終了しました [シナリオ名: ログイン]
[ADMIN] 17:19:30.471722 シナリオ走行を開始しました [シナリオ名: ログイン]
[ADMIN] 17:19:30.472011 シナリオ走行を終了しました [シナリオ名: Banユーザログイン]
[ADMIN] 17:19:30.472022 シナリオ走行を開始しました [シナリオ名: Banユーザログイン]
[ADMIN] 17:19:30.482971 シナリオ走行を終了しました [シナリオ名: Banユーザログイン]
[ADMIN] 17:19:30.482984 シナリオ走行を開始しました [シナリオ名: Banユーザログイン]
[ADMIN] 17:19:30.484481 シナリオ走行を終了しました [シナリオ名: 新規ユーザー登録]
[ADMIN] 17:19:30.484498 シナリオ走行を開始しました [シナリオ名: 新規ユーザー登録]
[ADMIN] 17:19:30.491056 シナリオ走行を終了しました [シナリオ名: ログイン]
[ADMIN] 17:19:30.491066 シナリオ走行を開始しました [シナリオ名: ログイン]
[ADMIN] 17:19:30.492074 シナリオ走行を終了しました [シナリオ名: ログイン]
[ADMIN] 17:19:30.492083 シナリオ走行を開始しました [シナリオ名: ログイン]
[ADMIN] 17:19:30.499743 シナリオ走行を終了しました [シナリオ名: ログイン]
[ADMIN] 17:19:30.499753 シナリオ走行を開始しました [シナリオ名: ログイン]
[ADMIN] 17:19:30.501247 シナリオ走行を終了しました [シナリオ名: 新規ユーザー登録]
[ADMIN] 17:19:30.501265 シナリオ走行を開始しました [シナリオ名: 新規ユーザー登録]
[ADMIN] 17:19:30.540455 シナリオ走行を終了しました [シナリオ名: Banユーザログイン]
[ADMIN] 17:19:30.540471 シナリオ走行を開始しました [シナリオ名: Banユーザログイン]
[ADMIN] 17:19:30.555573 シナリオ走行を終了しました [シナリオ名: ログイン]
[ADMIN] 17:19:30.555588 シナリオ走行を開始しました [シナリオ名: ログイン]
[ADMIN] 17:19:30.565072 シナリオ走行を終了しました [シナリオ名: 新規ユーザー登録]
[ADMIN] 17:19:30.565097 シナリオ走行を開始しました [シナリオ名: 新規ユーザー登録]
[ADMIN] 17:19:30.571266 シナリオ走行を終了しました [シナリオ名: ログイン]
[ADMIN] 17:19:30.571275 シナリオ走行を開始しました [シナリオ名: ログイン]
[ADMIN] 17:19:30.581007 シナリオ走行を終了しました [シナリオ名: ログイン]
[ADMIN] 17:19:30.581016 シナリオ走行を開始しました [シナリオ名: ログイン]
[ADMIN] 17:19:30.632678 シナリオ走行を終了しました [シナリオ名: ログイン]
[ADMIN] 17:19:30.632694 シナリオ走行を開始しました [シナリオ名: ログイン]
[ADMIN] 17:19:30.641298 シナリオ走行を終了しました [シナリオ名: ログイン]
[ADMIN] 17:19:30.641311 シナリオ走行を開始しました [シナリオ名: ログイン]
[ADMIN] 17:19:30.642969 シナリオ走行を終了しました [シナリオ名: 新規ユーザー登録]
[ADMIN] 17:19:30.642990 シナリオ走行を開始しました [シナリオ名: 新規ユーザー登録]
[ADMIN] 17:19:30.652191 シナリオ走行を終了しました [シナリオ名: 新規ユーザー登録]
[ADMIN] 17:19:30.652225 シナリオ走行を開始しました [シナリオ名: 新規ユーザー登録]
[ADMIN] 17:19:30.652955 シナリオ走行を終了しました [シナリオ名: 新規ユーザー登録]
[ADMIN] 17:19:30.652970 シナリオ走行を開始しました [シナリオ名: 新規ユーザー登録]
[ADMIN] 17:19:30.675103 シナリオ走行を終了しました [シナリオ名: Banユーザログイン]
[ADMIN] 17:19:30.675132 シナリオ走行を開始しました [シナリオ名: Banユーザログイン]
[ADMIN] 17:19:30.689002 シナリオ走行を終了しました [シナリオ名: 新規ユーザー登録]
[ADMIN] 17:19:30.689029 シナリオ走行を開始しました [シナリオ名: 新規ユーザー登録]
[ADMIN] 17:19:30.693405 シナリオ走行を終了しました [シナリオ名: Banユーザログイン]
[ADMIN] 17:19:30.693422 シナリオ走行を開始しました [シナリオ名: Banユーザログイン]
[ADMIN] 17:19:30.696522 シナリオ走行を終了しました [シナリオ名: Banユーザログイン]
[ADMIN] 17:19:30.696534 シナリオ走行を開始しました [シナリオ名: Banユーザログイン]
[ADMIN] 17:19:30.696713 シナリオ走行を終了しました [シナリオ名: ログイン]
[ADMIN] 17:19:30.696722 シナリオ走行を開始しました [シナリオ名: ログイン]
[ADMIN] 17:19:30.714239 シナリオ走行を終了しました [シナリオ名: ログイン]
[ADMIN] 17:19:30.714253 シナリオ走行を開始しました [シナリオ名: ログイン]
[ADMIN] 17:19:30.715110 シナリオ走行を終了しました [シナリオ名: 新規ユーザー登録]
[ADMIN] 17:19:30.715128 シナリオ走行を開始しました [シナリオ名: 新規ユーザー登録]
[ADMIN] 17:19:30.735703 シナリオ走行を終了しました [シナリオ名: ログイン]
[ADMIN] 17:19:30.735716 シナリオ走行を開始しました [シナリオ名: ログイン]
[ADMIN] 17:19:30.740442 シナリオ走行を終了しました [シナリオ名: ログイン]
[ADMIN] 17:19:30.740456 シナリオ走行を開始しました [シナリオ名: ログイン]
[ADMIN] 17:19:30.748270 シナリオ走行を終了しました [シナリオ名: 新規ユーザー登録]
[ADMIN] 17:19:30.748290 シナリオ走行を開始しました [シナリオ名: 新規ユーザー登録]
[ADMIN] 17:19:30.760268 シナリオ走行を終了しました [シナリオ名: Banユーザログイン]
[ADMIN] 17:19:30.760284 シナリオ走行を開始しました [シナリオ名: Banユーザログイン]
[ADMIN] 17:19:30.782646 シナリオ走行を終了しました [シナリオ名: Banユーザログイン]
[ADMIN] 17:19:30.782670 シナリオ走行を開始しました [シナリオ名: Banユーザログイン]
[ADMIN] 17:19:30.811302 シナリオ走行を終了しました [シナリオ名: ログイン]
[ADMIN] 17:19:30.811320 シナリオ走行を開始しました [シナリオ名: ログイン]
[ADMIN] 17:19:30.815911 シナリオ走行を終了しました [シナリオ名: Banユーザログイン]
[ADMIN] 17:19:30.815923 シナリオ走行を開始しました [シナリオ名: Banユーザログイン]
[ADMIN] 17:19:30.830485 シナリオ走行を終了しました [シナリオ名: ログイン]
[ADMIN] 17:19:30.830497 シナリオ走行を開始しました [シナリオ名: ログイン]
[ADMIN] 17:19:30.854567 シナリオ走行を終了しました [シナリオ名: Banユーザログイン]
[ADMIN] 17:19:30.854588 シナリオ走行を開始しました [シナリオ名: Banユーザログイン]
[ADMIN] 17:19:30.861123 シナリオ走行を終了しました [シナリオ名: 新規ユーザー登録]
[ADMIN] 17:19:30.861141 シナリオ走行を開始しました [シナリオ名: 新規ユーザー登録]
[ADMIN] 17:19:30.865854 シナリオ走行を終了しました [シナリオ名: 新規ユーザー登録]
[ADMIN] 17:19:30.865871 シナリオ走行を開始しました [シナリオ名: 新規ユーザー登録]
[ADMIN] 17:19:30.873963 シナリオ走行を終了しました [シナリオ名: 新規ユーザー登録]
[ADMIN] 17:19:30.873978 シナリオ走行を開始しました [シナリオ名: 新規ユーザー登録]
[ADMIN] 17:19:30.888601 シナリオ走行を終了しました [シナリオ名: ログイン]
[ADMIN] 17:19:30.888612 シナリオ走行を開始しました [シナリオ名: ログイン]
[ADMIN] 17:19:30.897189 シナリオ走行を終了しました [シナリオ名: Banユーザログイン]
[ADMIN] 17:19:30.897205 シナリオ走行を開始しました [シナリオ名: Banユーザログイン]
[ADMIN] 17:19:30.900994 シナリオ走行を終了しました [シナリオ名: 新規ユーザー登録]
[ADMIN] 17:19:30.901016 シナリオ走行を開始しました [シナリオ名: 新規ユーザー登録]
[ADMIN] 17:19:30.909626 シナリオ走行を終了しました [シナリオ名: 新規ユーザー登録]
[ADMIN] 17:19:30.909654 シナリオ走行を開始しました [シナリオ名: 新規ユーザー登録]
[ADMIN] 17:19:30.921766 シナリオ走行を終了しました [シナリオ名: ログイン]
[ADMIN] 17:19:30.921791 シナリオ走行を開始しました [シナリオ名: ログイン]
[ADMIN] 17:19:30.931584 シナリオ走行を終了しました [シナリオ名: ログイン]
[ADMIN] 17:19:30.931597 シナリオ走行を開始しました [シナリオ名: ログイン]
[ADMIN] 17:19:30.963131 シナリオ走行を終了しました [シナリオ名: 新規ユーザー登録]
[ADMIN] 17:19:30.963154 シナリオ走行を開始しました [シナリオ名: 新規ユーザー登録]
[ADMIN] 17:19:30.970400 シナリオ走行を終了しました [シナリオ名: ログイン]
[ADMIN] 17:19:30.970410 シナリオ走行を開始しました [シナリオ名: ログイン]
[ADMIN] 17:19:30.980276 シナリオ走行を終了しました [シナリオ名: 新規ユーザー登録]
[ADMIN] 17:19:30.980296 シナリオ走行を開始しました [シナリオ名: 新規ユーザー登録]
[ADMIN] 17:19:30.982902 シナリオ走行を終了しました [シナリオ名: ログイン]
[ADMIN] 17:19:30.982913 シナリオ走行を開始しました [シナリオ名: ログイン]
[ADMIN] 17:19:31.012394 シナリオ走行を終了しました [シナリオ名: 新規ユーザー登録]
[ADMIN] 17:19:31.012414 シナリオ走行を開始しました [シナリオ名: 新規ユーザー登録]
[ADMIN] 17:19:31.014579 シナリオ走行を終了しました [シナリオ名: ログイン]
[ADMIN] 17:19:31.014594 シナリオ走行を開始しました [シナリオ名: ログイン]
[ADMIN] 17:19:31.021003 シナリオ走行を終了しました [シナリオ名: Banユーザログイン]
[ADMIN] 17:19:31.021017 シナリオ走行を開始しました [シナリオ名: Banユーザログイン]
[ADMIN] 17:19:31.033535 シナリオ走行を終了しました [シナリオ名: ログイン]
[ADMIN] 17:19:31.033545 シナリオ走行を開始しました [シナリオ名: ログイン]
[ADMIN] 17:19:31.040623 シナリオ走行を終了しました [シナリオ名: Banユーザログイン]
[ADMIN] 17:19:31.040642 シナリオ走行を開始しました [シナリオ名: Banユーザログイン]
[ADMIN] 17:19:31.054198 シナリオ走行を終了しました [シナリオ名: 新規ユーザー登録]
[ADMIN] 17:19:31.054220 シナリオ走行を開始しました [シナリオ名: 新規ユーザー登録]
[ADMIN] 17:19:31.092894 シナリオ走行を終了しました [シナリオ名: ログイン]
[ADMIN] 17:19:31.092905 シナリオ走行を開始しました [シナリオ名: ログイン]
[ADMIN] 17:19:31.115033 シナリオ走行を終了しました [シナリオ名: ログイン]
[ADMIN] 17:19:31.115050 シナリオ走行を開始しました [シナリオ名: ログイン]
[ADMIN] 17:19:31.123490 シナリオ走行を終了しました [シナリオ名: 新規ユーザー登録]
[ADMIN] 17:19:31.123513 シナリオ走行を開始しました [シナリオ名: 新規ユーザー登録]
[ADMIN] 17:19:31.155580 シナリオ走行を終了しました [シナリオ名: ログイン]
[ADMIN] 17:19:31.155593 シナリオ走行を開始しました [シナリオ名: ログイン]
[ADMIN] 17:19:31.156795 シナリオ走行を終了しました [シナリオ名: Banユーザログイン]
[ADMIN] 17:19:31.156806 シナリオ走行を開始しました [シナリオ名: Banユーザログイン]
[ADMIN] 17:19:31.158918 シナリオ走行を終了しました [シナリオ名: ログイン]
[ADMIN] 17:19:31.158928 シナリオ走行を開始しました [シナリオ名: ログイン]
[ADMIN] 17:19:31.205516 シナリオ走行を終了しました [シナリオ名: 新規ユーザー登録]
[ADMIN] 17:19:31.205539 シナリオ走行を開始しました [シナリオ名: 新規ユーザー登録]
[ADMIN] 17:19:31.227260 シナリオ走行を終了しました [シナリオ名: 新規ユーザー登録]
[ADMIN] 17:19:31.227285 シナリオ走行を開始しました [シナリオ名: 新規ユーザー登録]
[ADMIN] 17:19:31.235682 シナリオ走行を終了しました [シナリオ名: ログイン]
[ADMIN] 17:19:31.235693 シナリオ走行を開始しました [シナリオ名: ログイン]
[ADMIN] 17:19:31.264561 シナリオ走行を終了しました [シナリオ名: ログイン]
[ADMIN] 17:19:31.264578 シナリオ走行を開始しました [シナリオ名: ログイン]
[ADMIN] 17:19:31.273665 シナリオ走行を終了しました [シナリオ名: 新規ユーザー登録]
[ADMIN] 17:19:31.273684 シナリオ走行を開始しました [シナリオ名: 新規ユーザー登録]
[ADMIN] 17:19:31.275053 シナリオ走行を終了しました [シナリオ名: Banユーザログイン]
[ADMIN] 17:19:31.275068 シナリオ走行を開始しました [シナリオ名: Banユーザログイン]
[ADMIN] 17:19:31.308961 シナリオ走行を終了しました [シナリオ名: Banユーザログイン]
[ADMIN] 17:19:31.308979 シナリオ走行を開始しました [シナリオ名: Banユーザログイン]
[ADMIN] 17:19:31.310422 シナリオ走行を終了しました [シナリオ名: Banユーザログイン]
[ADMIN] 17:19:31.310436 シナリオ走行を開始しました [シナリオ名: Banユーザログイン]
[ADMIN] 17:19:31.313323 シナリオ走行を終了しました [シナリオ名: ログイン]
[ADMIN] 17:19:31.313334 シナリオ走行を開始しました [シナリオ名: ログイン]
[ADMIN] 17:19:31.341671 シナリオ走行を終了しました [シナリオ名: Banユーザログイン]
[ADMIN] 17:19:31.341696 シナリオ走行を開始しました [シナリオ名: Banユーザログイン]
17:19:31.386634 現在のログイン成功数: [total: 6102 (+2032人)]
17:19:31.386646 現在のユーザー登録成功数: [total: 3032 (+992人)]
[ADMIN] 17:19:31.434448 シナリオ走行を終了しました [シナリオ名: Banユーザログイン]
[ADMIN] 17:19:31.434469 シナリオ走行を開始しました [シナリオ名: Banユーザログイン]
[ADMIN] 17:19:31.438298 シナリオ走行を終了しました [シナリオ名: Banユーザログイン]
[ADMIN] 17:19:31.438313 シナリオ走行を開始しました [シナリオ名: Banユーザログイン]
[ADMIN] 17:19:31.439598 シナリオ走行を終了しました [シナリオ名: ログイン]
[ADMIN] 17:19:31.439608 シナリオ走行を開始しました [シナリオ名: ログイン]
[ADMIN] 17:19:31.441602 シナリオ走行を終了しました [シナリオ名: ログイン]
[ADMIN] 17:19:31.441632 シナリオ走行を開始しました [シナリオ名: ログイン]
[ADMIN] 17:19:31.441671 シナリオ走行を開始しました [シナリオ名: ログイン]
[ADMIN] 17:19:31.441703 シナリオ走行を開始しました [シナリオ名: ログイン]
[ADMIN] 17:19:31.441735 シナリオ走行を開始しました [シナリオ名: ログイン]
[ADMIN] 17:19:31.441765 シナリオ走行を開始しました [シナリオ名: ログイン]
[ADMIN] 17:19:31.441801 シナリオ走行を開始しました [シナリオ名: ログイン]
[ADMIN] 17:19:31.441824 シナリオ走行を開始しました [シナリオ名: ログイン]
[ADMIN] 17:19:31.441837 シナリオ走行を開始しました [シナリオ名: ログイン]
[ADMIN] 17:19:31.441919 シナリオ走行を開始しました [シナリオ名: ログイン]
[ADMIN] 17:19:31.441925 シナリオ走行を開始しました [シナリオ名: ログイン]
[ADMIN] 17:19:31.441707 シナリオ走行を開始しました [シナリオ名: ログイン]
[ADMIN] 17:19:31.441709 シナリオ走行を開始しました [シナリオ名: ログイン]
[ADMIN] 17:19:31.441738 シナリオ走行を開始しました [シナリオ名: ログイン]
[ADMIN] 17:19:31.441923 シナリオ走行を開始しました [シナリオ名: ログイン]
[ADMIN] 17:19:31.441712 シナリオ走行を開始しました [シナリオ名: ログイン]
[ADMIN] 17:19:31.441739 シナリオ走行を開始しました [シナリオ名: ログイン]
[ADMIN] 17:19:31.443830 シナリオ走行を終了しました [シナリオ名: Banユーザログイン]
[ADMIN] 17:19:31.443845 シナリオ走行を開始しました [シナリオ名: Banユーザログイン]
[ADMIN] 17:19:31.496956 シナリオ走行を終了しました [シナリオ名: Banユーザログイン]
[ADMIN] 17:19:31.496972 シナリオ走行を開始しました [シナリオ名: Banユーザログイン]
[ADMIN] 17:19:31.506676 シナリオ走行を終了しました [シナリオ名: ログイン]
[ADMIN] 17:19:31.506924 シナリオ走行を終了しました [シナリオ名: ログイン]
[ADMIN] 17:19:31.555477 シナリオ走行を終了しました [シナリオ名: 新規ユーザー登録]
[ADMIN] 17:19:31.555499 シナリオ走行を開始しました [シナリオ名: 新規ユーザー登録]
[ADMIN] 17:19:31.558183 シナリオ走行を終了しました [シナリオ名: Banユーザログイン]
[ADMIN] 17:19:31.558197 シナリオ走行を開始しました [シナリオ名: Banユーザログイン]
[ADMIN] 17:19:31.561532 シナリオ走行を終了しました [シナリオ名: ログイン]
[ADMIN] 17:19:31.567502 シナリオ走行を終了しました [シナリオ名: ログイン]
[ADMIN] 17:19:31.578079 シナリオ走行を終了しました [シナリオ名: Banユーザログイン]
[ADMIN] 17:19:31.578091 シナリオ走行を開始しました [シナリオ名: Banユーザログイン]
[ADMIN] 17:19:31.623666 シナリオ走行を終了しました [シナリオ名: ログイン]
[ADMIN] 17:19:31.656023 シナリオ走行を終了しました [シナリオ名: ログイン]
[ADMIN] 17:19:31.715897 シナリオ走行を終了しました [シナリオ名: Banユーザログイン]
[ADMIN] 17:19:31.715917 シナリオ走行を開始しました [シナリオ名: Banユーザログイン]
[ADMIN] 17:19:31.726223 シナリオ走行を終了しました [シナリオ名: 新規ユーザー登録]
[ADMIN] 17:19:31.726271 シナリオ走行を開始しました [シナリオ名: 新規ユーザー登録]
[ADMIN] 17:19:31.726277 シナリオ走行を開始しました [シナリオ名: 新規ユーザー登録]
[ADMIN] 17:19:31.726282 シナリオ走行を開始しました [シナリオ名: 新規ユーザー登録]
[ADMIN] 17:19:31.726338 シナリオ走行を開始しました [シナリオ名: 新規ユーザー登録]
[ADMIN] 17:19:31.726412 シナリオ走行を開始しました [シナリオ名: 新規ユーザー登録]
[ADMIN] 17:19:31.726429 シナリオ走行を開始しました [シナリオ名: 新規ユーザー登録]
[ADMIN] 17:19:31.726436 シナリオ走行を開始しました [シナリオ名: 新規ユーザー登録]
[ADMIN] 17:19:31.726517 シナリオ走行を開始しました [シナリオ名: 新規ユーザー登録]
[ADMIN] 17:19:31.726412 シナリオ走行を開始しました [シナリオ名: 新規ユーザー登録]
[ADMIN] 17:19:31.726429 シナリオ走行を開始しました [シナリオ名: 新規ユーザー登録]
[ADMIN] 17:19:31.726520 シナリオ走行を開始しました [シナリオ名: 新規ユーザー登録]
[ADMIN] 17:19:31.726418 シナリオ走行を開始しました [シナリオ名: 新規ユーザー登録]
[ADMIN] 17:19:31.726423 シナリオ走行を開始しました [シナリオ名: 新規ユーザー登録]
[ADMIN] 17:19:31.726423 シナリオ走行を開始しました [シナリオ名: 新規ユーザー登録]
[ADMIN] 17:19:31.726271 シナリオ走行を開始しました [シナリオ名: 新規ユーザー登録]
[ADMIN] 17:19:31.726526 シナリオ走行を開始しました [シナリオ名: 新規ユーザー登録]
[ADMIN] 17:19:31.726526 シナリオ走行を開始しました [シナリオ名: 新規ユーザー登録]
[ADMIN] 17:19:31.728542 シナリオ走行を終了しました [シナリオ名: ログイン]
[ADMIN] 17:19:31.759743 シナリオ走行を終了しました [シナリオ名: ログイン]
[ADMIN] 17:19:31.774715 シナリオ走行を終了しました [シナリオ名: ログイン]
[ADMIN] 17:19:31.779681 シナリオ走行を終了しました [シナリオ名: ログイン]
[ADMIN] 17:19:31.787403 シナリオ走行を終了しました [シナリオ名: ログイン]
[ADMIN] 17:19:31.788002 シナリオ走行を終了しました [シナリオ名: ログイン]
[ADMIN] 17:19:31.806700 シナリオ走行を終了しました [シナリオ名: Banユーザログイン]
[ADMIN] 17:19:31.806716 シナリオ走行を開始しました [シナリオ名: Banユーザログイン]
[ADMIN] 17:19:31.849762 シナリオ走行を終了しました [シナリオ名: Banユーザログイン]
[ADMIN] 17:19:31.849791 シナリオ走行を開始しました [シナリオ名: Banユーザログイン]
[ADMIN] 17:19:31.849797 シナリオ走行を開始しました [シナリオ名: Banユーザログイン]
[ADMIN] 17:19:31.849808 シナリオ走行を開始しました [シナリオ名: Banユーザログイン]
[ADMIN] 17:19:31.849967 シナリオ走行を開始しました [シナリオ名: Banユーザログイン]
[ADMIN] 17:19:31.854298 シナリオ走行を終了しました [シナリオ名: ログイン]
[ADMIN] 17:19:31.891090 シナリオ走行を終了しました [シナリオ名: ログイン]
[ADMIN] 17:19:31.911453 シナリオ走行を終了しました [シナリオ名: Banユーザログイン]
[ADMIN] 17:19:31.921692 シナリオ走行を終了しました [シナリオ名: Banユーザログイン]
[ADMIN] 17:19:31.921756 シナリオ走行を終了しました [シナリオ名: ログイン]
[ADMIN] 17:19:31.980727 シナリオ走行を終了しました [シナリオ名: Banユーザログイン]
[ADMIN] 17:19:31.996499 シナリオ走行を終了しました [シナリオ名: Banユーザログイン]
[ADMIN] 17:19:32.002720 シナリオ走行を終了しました [シナリオ名: ログイン]
[ADMIN] 17:19:32.016932 シナリオ走行を終了しました [シナリオ名: ログイン]
[ADMIN] 17:19:32.019665 シナリオ走行を終了しました [シナリオ名: ログイン]
[ADMIN] 17:19:32.022316 シナリオ走行を終了しました [シナリオ名: Banユーザログイン]
[ADMIN] 17:19:32.022396 シナリオ走行を終了しました [シナリオ名: ログイン]
[ADMIN] 17:19:32.045215 シナリオ走行を終了しました [シナリオ名: ログイン]
[ADMIN] 17:19:32.097561 シナリオ走行を終了しました [シナリオ名: ログイン]
[ADMIN] 17:19:32.134524 シナリオ走行を終了しました [シナリオ名: ログイン]
[ADMIN] 17:19:32.139912 シナリオ走行を終了しました [シナリオ名: Banユーザログイン]
[ADMIN] 17:19:32.151855 シナリオ走行を終了しました [シナリオ名: Banユーザログイン]
[ADMIN] 17:19:32.161756 シナリオ走行を終了しました [シナリオ名: Banユーザログイン]
[ADMIN] 17:19:32.188819 シナリオ走行を終了しました [シナリオ名: ログイン]
[ADMIN] 17:19:32.193312 シナリオ走行を終了しました [シナリオ名: ログイン]
[ADMIN] 17:19:32.224882 シナリオ走行を終了しました [シナリオ名: ログイン]
[ADMIN] 17:19:32.232525 シナリオ走行を終了しました [シナリオ名: 新規ユーザー登録]
[ADMIN] 17:19:32.247931 シナリオ走行を終了しました [シナリオ名: 新規ユーザー登録]
[ADMIN] 17:19:32.255973 シナリオ走行を終了しました [シナリオ名: ログイン]
[ADMIN] 17:19:32.275507 シナリオ走行を終了しました [シナリオ名: ログイン]
[ADMIN] 17:19:32.278748 シナリオ走行を終了しました [シナリオ名: ログイン]
[ADMIN] 17:19:32.282526 シナリオ走行を終了しました [シナリオ名: Banユーザログイン]
[ADMIN] 17:19:32.285688 シナリオ走行を終了しました [シナリオ名: ログイン]
[ADMIN] 17:19:32.287856 シナリオ走行を終了しました [シナリオ名: ログイン]
[ADMIN] 17:19:32.294403 シナリオ走行を終了しました [シナリオ名: ログイン]
[ADMIN] 17:19:32.299070 シナリオ走行を終了しました [シナリオ名: ログイン]
[ADMIN] 17:19:32.307997 シナリオ走行を終了しました [シナリオ名: 新規ユーザー登録]
[ADMIN] 17:19:32.331098 シナリオ走行を終了しました [シナリオ名: ログイン]
[ADMIN] 17:19:32.348079 シナリオ走行を終了しました [シナリオ名: 新規ユーザー登録]
[ADMIN] 17:19:32.352789 シナリオ走行を終了しました [シナリオ名: 新規ユーザー登録]
[ADMIN] 17:19:32.366015 シナリオ走行を終了しました [シナリオ名: 新規ユーザー登録]
[ADMIN] 17:19:32.368614 シナリオ走行を終了しました [シナリオ名: 新規ユーザー登録]
[ADMIN] 17:19:32.381590 シナリオ走行を終了しました [シナリオ名: Banユーザログイン]
[ADMIN] 17:19:32.381613 シナリオ走行を開始しました [シナリオ名: Banユーザログイン]
[ADMIN] 17:19:32.381671 シナリオ走行を開始しました [シナリオ名: Banユーザログイン]
[ADMIN] 17:19:32.381683 シナリオ走行を開始しました [シナリオ名: Banユーザログイン]
[ADMIN] 17:19:32.381752 シナリオ走行を開始しました [シナリオ名: Banユーザログイン]
[ADMIN] 17:19:32.381800 シナリオ走行を開始しました [シナリオ名: Banユーザログイン]
[ADMIN] 17:19:32.381805 シナリオ走行を開始しました [シナリオ名: Banユーザログイン]
[ADMIN] 17:19:32.381853 シナリオ走行を開始しました [シナリオ名: Banユーザログイン]
[ADMIN] 17:19:32.381803 シナリオ走行を開始しました [シナリオ名: Banユーザログイン]
[ADMIN] 17:19:32.381898 シナリオ走行を開始しました [シナリオ名: Banユーザログイン]
[ADMIN] 17:19:32.382001 シナリオ走行を開始しました [シナリオ名: Banユーザログイン]
[ADMIN] 17:19:32.388368 シナリオ走行を終了しました [シナリオ名: ログイン]
[ADMIN] 17:19:32.389698 シナリオ走行を終了しました [シナリオ名: 新規ユーザー登録]
[ADMIN] 17:19:32.404677 シナリオ走行を終了しました [シナリオ名: ログイン]
[ADMIN] 17:19:32.413973 シナリオ走行を終了しました [シナリオ名: Banユーザログイン]
[ADMIN] 17:19:32.421097 シナリオ走行を終了しました [シナリオ名: Banユーザログイン]
[ADMIN] 17:19:32.421112 シナリオ走行を開始しました [シナリオ名: Banユーザログイン]
[ADMIN] 17:19:32.421181 シナリオ走行を開始しました [シナリオ名: Banユーザログイン]
[ADMIN] 17:19:32.424793 シナリオ走行を終了しました [シナリオ名: 新規ユーザー登録]
[ADMIN] 17:19:32.445604 シナリオ走行を終了しました [シナリオ名: 新規ユーザー登録]
[ADMIN] 17:19:32.446637 シナリオ走行を終了しました [シナリオ名: Banユーザログイン]
[ADMIN] 17:19:32.446652 シナリオ走行を開始しました [シナリオ名: Banユーザログイン]
[ADMIN] 17:19:32.449202 シナリオ走行を終了しました [シナリオ名: Banユーザログイン]
[ADMIN] 17:19:32.449216 シナリオ走行を開始しました [シナリオ名: Banユーザログイン]
[ADMIN] 17:19:32.464893 シナリオ走行を終了しました [シナリオ名: ログイン]
[ADMIN] 17:19:32.465163 シナリオ走行を終了しました [シナリオ名: ログイン]
[ADMIN] 17:19:32.476607 シナリオ走行を終了しました [シナリオ名: ログイン]
[ADMIN] 17:19:32.500220 シナリオ走行を終了しました [シナリオ名: 新規ユーザー登録]
[ADMIN] 17:19:32.508869 シナリオ走行を終了しました [シナリオ名: ログイン]
[ADMIN] 17:19:32.522019 シナリオ走行を終了しました [シナリオ名: ログイン]
[ADMIN] 17:19:32.534760 シナリオ走行を終了しました [シナリオ名: ログイン]
[ADMIN] 17:19:32.581585 シナリオ走行を終了しました [シナリオ名: 新規ユーザー登録]
[ADMIN] 17:19:32.598329 シナリオ走行を終了しました [シナリオ名: ログイン]
[ADMIN] 17:19:32.607085 シナリオ走行を終了しました [シナリオ名: ログイン]
[ADMIN] 17:19:32.626788 シナリオ走行を終了しました [シナリオ名: 新規ユーザー登録]
[ADMIN] 17:19:32.628295 シナリオ走行を終了しました [シナリオ名: 新規ユーザー登録]
[ADMIN] 17:19:32.629963 シナリオ走行を終了しました [シナリオ名: 新規ユーザー登録]
[ADMIN] 17:19:32.631089 シナリオ走行を終了しました [シナリオ名: 新規ユーザー登録]
[ADMIN] 17:19:32.638411 シナリオ走行を終了しました [シナリオ名: ログイン]
[ADMIN] 17:19:32.672598 シナリオ走行を終了しました [シナリオ名: 新規ユーザー登録]
[ADMIN] 17:19:32.678298 シナリオ走行を終了しました [シナリオ名: ログイン]
[ADMIN] 17:19:32.680050 シナリオ走行を終了しました [シナリオ名: 新規ユーザー登録]
[ADMIN] 17:19:32.686120 シナリオ走行を終了しました [シナリオ名: ログイン]
[ADMIN] 17:19:32.697611 シナリオ走行を終了しました [シナリオ名: 新規ユーザー登録]
[ADMIN] 17:19:32.701188 シナリオ走行を終了しました [シナリオ名: ログイン]
[ADMIN] 17:19:32.706302 シナリオ走行を終了しました [シナリオ名: ログイン]
[ADMIN] 17:19:32.706341 シナリオ走行を開始しました [シナリオ名: ログイン]
[ADMIN] 17:19:32.706370 シナリオ走行を開始しました [シナリオ名: ログイン]
[ADMIN] 17:19:32.706390 シナリオ走行を開始しました [シナリオ名: ログイン]
[ADMIN] 17:19:32.706423 シナリオ走行を開始しました [シナリオ名: ログイン]
[ADMIN] 17:19:32.706517 シナリオ走行を開始しました [シナリオ名: ログイン]
[ADMIN] 17:19:32.706529 シナリオ走行を開始しました [シナリオ名: ログイン]
[ADMIN] 17:19:32.706534 シナリオ走行を開始しました [シナリオ名: ログイン]
[ADMIN] 17:19:32.706597 シナリオ走行を開始しました [シナリオ名: ログイン]
[ADMIN] 17:19:32.706646 シナリオ走行を開始しました [シナリオ名: ログイン]
[ADMIN] 17:19:32.706653 シナリオ走行を開始しました [シナリオ名: ログイン]
[ADMIN] 17:19:32.706517 シナリオ走行を開始しました [シナリオ名: ログイン]
[ADMIN] 17:19:32.706645 シナリオ走行を開始しました [シナリオ名: ログイン]
[ADMIN] 17:19:32.706762 シナリオ走行を開始しました [シナリオ名: ログイン]
[ADMIN] 17:19:32.706519 シナリオ走行を開始しました [シナリオ名: ログイン]
[ADMIN] 17:19:32.706521 シナリオ走行を開始しました [シナリオ名: ログイン]
[ADMIN] 17:19:32.706880 シナリオ走行を開始しました [シナリオ名: ログイン]
[ADMIN] 17:19:32.706523 シナリオ走行を開始しました [シナリオ名: ログイン]
[ADMIN] 17:19:32.706630 シナリオ走行を開始しました [シナリオ名: ログイン]
[ADMIN] 17:19:32.706830 シナリオ走行を開始しました [シナリオ名: ログイン]
[ADMIN] 17:19:32.706523 シナリオ走行を開始しました [シナリオ名: ログイン]
[ADMIN] 17:19:32.706525 シナリオ走行を開始しました [シナリオ名: ログイン]
[ADMIN] 17:19:32.706525 シナリオ走行を開始しました [シナリオ名: ログイン]
[ADMIN] 17:19:32.706527 シナリオ走行を開始しました [シナリオ名: ログイン]
[ADMIN] 17:19:32.706526 シナリオ走行を開始しました [シナリオ名: ログイン]
[ADMIN] 17:19:32.706527 シナリオ走行を開始しました [シナリオ名: ログイン]
[ADMIN] 17:19:32.706528 シナリオ走行を開始しました [シナリオ名: ログイン]
[ADMIN] 17:19:32.706530 シナリオ走行を開始しました [シナリオ名: ログイン]
[ADMIN] 17:19:32.706531 シナリオ走行を開始しました [シナリオ名: ログイン]
[ADMIN] 17:19:32.706532 シナリオ走行を開始しました [シナリオ名: ログイン]
[ADMIN] 17:19:32.706632 シナリオ走行を開始しました [シナリオ名: ログイン]
[ADMIN] 17:19:32.706634 シナリオ走行を開始しました [シナリオ名: ログイン]
[ADMIN] 17:19:32.706635 シナリオ走行を開始しました [シナリオ名: ログイン]
[ADMIN] 17:19:32.706636 シナリオ走行を開始しました [シナリオ名: ログイン]
[ADMIN] 17:19:32.706638 シナリオ走行を開始しました [シナリオ名: ログイン]
[ADMIN] 17:19:32.706639 シナリオ走行を開始しました [シナリオ名: ログイン]
[ADMIN] 17:19:32.706639 シナリオ走行を開始しました [シナリオ名: ログイン]
[ADMIN] 17:19:32.706640 シナリオ走行を開始しました [シナリオ名: ログイン]
[ADMIN] 17:19:32.706640 シナリオ走行を開始しました [シナリオ名: ログイン]
[ADMIN] 17:19:32.706642 シナリオ走行を開始しました [シナリオ名: ログイン]
[ADMIN] 17:19:32.706643 シナリオ走行を開始しました [シナリオ名: ログイン]
[ADMIN] 17:19:32.706641 シナリオ走行を開始しました [シナリオ名: ログイン]
[ADMIN] 17:19:32.706644 シナリオ走行を開始しました [シナリオ名: ログイン]
[ADMIN] 17:19:32.706644 シナリオ走行を開始しました [シナリオ名: ログイン]
[ADMIN] 17:19:32.706652 シナリオ走行を開始しました [シナリオ名: ログイン]
[ADMIN] 17:19:32.706760 シナリオ走行を開始しました [シナリオ名: ログイン]
[ADMIN] 17:19:32.706827 シナリオ走行を開始しました [シナリオ名: ログイン]
[ADMIN] 17:19:32.706829 シナリオ走行を開始しました [シナリオ名: ログイン]
[ADMIN] 17:19:32.706522 シナリオ走行を開始しました [シナリオ名: ログイン]
[ADMIN] 17:19:32.712220 シナリオ走行を終了しました [シナリオ名: ログイン]
[ADMIN] 17:19:32.716603 シナリオ走行を終了しました [シナリオ名: 新規ユーザー登録]
[ADMIN] 17:19:32.722507 シナリオ走行を終了しました [シナリオ名: ログイン]
[ADMIN] 17:19:32.731666 シナリオ走行を終了しました [シナリオ名: ログイン]
[ADMIN] 17:19:32.731680 シナリオ走行を開始しました [シナリオ名: ログイン]
[ADMIN] 17:19:32.731738 シナリオ走行を開始しました [シナリオ名: ログイン]
[ADMIN] 17:19:32.731751 シナリオ走行を開始しました [シナリオ名: ログイン]
[ADMIN] 17:19:32.757055 シナリオ走行を終了しました [シナリオ名: 新規ユーザー登録]
[ADMIN] 17:19:32.757460 シナリオ走行を終了しました [シナリオ名: ログイン]
[ADMIN] 17:19:32.757470 シナリオ走行を開始しました [シナリオ名: ログイン]
[ADMIN] 17:19:32.758050 シナリオ走行を終了しました [シナリオ名: ログイン]
[ADMIN] 17:19:32.758059 シナリオ走行を開始しました [シナリオ名: ログイン]
[ADMIN] 17:19:32.774009 シナリオ走行を終了しました [シナリオ名: 新規ユーザー登録]
[ADMIN] 17:19:32.774775 シナリオ走行を終了しました [シナリオ名: ログイン]
[ADMIN] 17:19:32.774785 シナリオ走行を開始しました [シナリオ名: ログイン]
[ADMIN] 17:19:32.778547 シナリオ走行を終了しました [シナリオ名: ログイン]
[ADMIN] 17:19:32.784507 シナリオ走行を終了しました [シナリオ名: ログイン]
[ADMIN] 17:19:32.784518 シナリオ走行を開始しました [シナリオ名: ログイン]
[ADMIN] 17:19:32.784520 シナリオ走行を開始しました [シナリオ名: ログイン]
[ADMIN] 17:19:32.807649 シナリオ走行を終了しました [シナリオ名: ログイン]
[ADMIN] 17:19:32.848425 シナリオ走行を終了しました [シナリオ名: ログイン]
[ADMIN] 17:19:32.854657 シナリオ走行を終了しました [シナリオ名: ログイン]
[ADMIN] 17:19:32.863607 シナリオ走行を終了しました [シナリオ名: 新規ユーザー登録]
[ADMIN] 17:19:32.874247 シナリオ走行を終了しました [シナリオ名: ログイン]
[ADMIN] 17:19:32.874259 シナリオ走行を開始しました [シナリオ名: ログイン]
[ADMIN] 17:19:32.874314 シナリオ走行を開始しました [シナリオ名: ログイン]
[ADMIN] 17:19:32.874330 シナリオ走行を開始しました [シナリオ名: ログイン]
[ADMIN] 17:19:32.874389 シナリオ走行を開始しました [シナリオ名: ログイン]
[ADMIN] 17:19:32.878350 シナリオ走行を終了しました [シナリオ名: ログイン]
[ADMIN] 17:19:32.878358 シナリオ走行を開始しました [シナリオ名: ログイン]
[ADMIN] 17:19:32.889714 シナリオ走行を終了しました [シナリオ名: ログイン]
[ADMIN] 17:19:32.894913 シナリオ走行を終了しました [シナリオ名: Banユーザログイン]
[ADMIN] 17:19:32.894922 シナリオ走行を開始しました [シナリオ名: Banユーザログイン]
[ADMIN] 17:19:32.899591 シナリオ走行を終了しました [シナリオ名: Banユーザログイン]
[ADMIN] 17:19:32.899606 シナリオ走行を開始しました [シナリオ名: Banユーザログイン]
[ADMIN] 17:19:32.899927 シナリオ走行を終了しました [シナリオ名: Banユーザログイン]
[ADMIN] 17:19:32.899938 シナリオ走行を開始しました [シナリオ名: Banユーザログイン]
[ADMIN] 17:19:32.900845 シナリオ走行を終了しました [シナリオ名: ログイン]
[ADMIN] 17:19:32.907288 シナリオ走行を終了しました [シナリオ名: Banユーザログイン]
[ADMIN] 17:19:32.907304 シナリオ走行を開始しました [シナリオ名: Banユーザログイン]
[ADMIN] 17:19:32.909658 シナリオ走行を終了しました [シナリオ名: Banユーザログイン]
[ADMIN] 17:19:32.909674 シナリオ走行を開始しました [シナリオ名: Banユーザログイン]
[ADMIN] 17:19:32.918850 シナリオ走行を終了しました [シナリオ名: Banユーザログイン]
[ADMIN] 17:19:32.918863 シナリオ走行を開始しました [シナリオ名: Banユーザログイン]
[ADMIN] 17:19:32.925885 シナリオ走行を終了しました [シナリオ名: Banユーザログイン]
[ADMIN] 17:19:32.925900 シナリオ走行を開始しました [シナリオ名: Banユーザログイン]
[ADMIN] 17:19:32.928340 シナリオ走行を終了しました [シナリオ名: Banユーザログイン]
[ADMIN] 17:19:32.928351 シナリオ走行を開始しました [シナリオ名: Banユーザログイン]
[ADMIN] 17:19:32.940140 シナリオ走行を終了しました [シナリオ名: Banユーザログイン]
[ADMIN] 17:19:32.940157 シナリオ走行を開始しました [シナリオ名: Banユーザログイン]
[ADMIN] 17:19:32.951087 シナリオ走行を終了しました [シナリオ名: Banユーザログイン]
[ADMIN] 17:19:32.951099 シナリオ走行を開始しました [シナリオ名: Banユーザログイン]
[ADMIN] 17:19:32.961788 シナリオ走行を終了しました [シナリオ名: Banユーザログイン]
[ADMIN] 17:19:32.961798 シナリオ走行を開始しました [シナリオ名: Banユーザログイン]
[ADMIN] 17:19:32.968124 シナリオ走行を終了しました [シナリオ名: Banユーザログイン]
[ADMIN] 17:19:32.968142 シナリオ走行を開始しました [シナリオ名: Banユーザログイン]
[ADMIN] 17:19:32.970478 シナリオ走行を終了しました [シナリオ名: 新規ユーザー登録]
[ADMIN] 17:19:32.983376 シナリオ走行を終了しました [シナリオ名: 新規ユーザー登録]
[ADMIN] 17:19:33.006166 シナリオ走行を終了しました [シナリオ名: 新規ユーザー登録]
[ADMIN] 17:19:33.009474 シナリオ走行を終了しました [シナリオ名: ログイン]
[ADMIN] 17:19:33.027930 シナリオ走行を終了しました [シナリオ名: Banユーザログイン]
[ADMIN] 17:19:33.027946 シナリオ走行を開始しました [シナリオ名: Banユーザログイン]
[ADMIN] 17:19:33.031768 シナリオ走行を終了しました [シナリオ名: ログイン]
[ADMIN] 17:19:33.031778 シナリオ走行を開始しました [シナリオ名: ログイン]
[ADMIN] 17:19:33.031832 シナリオ走行を開始しました [シナリオ名: ログイン]
[ADMIN] 17:19:33.031842 シナリオ走行を開始しました [シナリオ名: ログイン]
[ADMIN] 17:19:33.031885 シナリオ走行を開始しました [シナリオ名: ログイン]
[ADMIN] 17:19:33.052445 シナリオ走行を終了しました [シナリオ名: 新規ユーザー登録]
[ADMIN] 17:19:33.062459 シナリオ走行を終了しました [シナリオ名: ログイン]
[ADMIN] 17:19:33.077448 シナリオ走行を終了しました [シナリオ名: 新規ユーザー登録]
[ADMIN] 17:19:33.091161 シナリオ走行を終了しました [シナリオ名: Banユーザログイン]
[ADMIN] 17:19:33.091177 シナリオ走行を開始しました [シナリオ名: Banユーザログイン]
[ADMIN] 17:19:33.104706 シナリオ走行を終了しました [シナリオ名: 新規ユーザー登録]
[ADMIN] 17:19:33.113598 シナリオ走行を終了しました [シナリオ名: 新規ユーザー登録]
[ADMIN] 17:19:33.143043 シナリオ走行を終了しました [シナリオ名: ログイン]
[ADMIN] 17:19:33.143059 シナリオ走行を開始しました [シナリオ名: ログイン]
[ADMIN] 17:19:33.143114 シナリオ走行を開始しました [シナリオ名: ログイン]
[ADMIN] 17:19:33.146752 シナリオ走行を終了しました [シナリオ名: ログイン]
[ADMIN] 17:19:33.146763 シナリオ走行を開始しました [シナリオ名: ログイン]
[ADMIN] 17:19:33.168587 シナリオ走行を終了しました [シナリオ名: 新規ユーザー登録]
[ADMIN] 17:19:33.187709 シナリオ走行を終了しました [シナリオ名: ログイン]
[ADMIN] 17:19:33.187721 シナリオ走行を開始しました [シナリオ名: ログイン]
[ADMIN] 17:19:33.202906 シナリオ走行を終了しました [シナリオ名: 新規ユーザー登録]
[ADMIN] 17:19:33.211651 シナリオ走行を終了しました [シナリオ名: 新規ユーザー登録]
[ADMIN] 17:19:33.248934 シナリオ走行を終了しました [シナリオ名: 新規ユーザー登録]
[ADMIN] 17:19:33.288012 シナリオ走行を終了しました [シナリオ名: 新規ユーザー登録]
[ADMIN] 17:19:33.304614 シナリオ走行を終了しました [シナリオ名: ログイン]
[ADMIN] 17:19:33.304628 シナリオ走行を開始しました [シナリオ名: ログイン]
[ADMIN] 17:19:33.308923 シナリオ走行を終了しました [シナリオ名: ログイン]
[ADMIN] 17:19:33.308934 シナリオ走行を開始しました [シナリオ名: ログイン]
[ADMIN] 17:19:33.317134 シナリオ走行を終了しました [シナリオ名: ログイン]
[ADMIN] 17:19:33.317145 シナリオ走行を開始しました [シナリオ名: ログイン]
[ADMIN] 17:19:33.333200 シナリオ走行を終了しました [シナリオ名: 新規ユーザー登録]
[ADMIN] 17:19:33.345888 シナリオ走行を終了しました [シナリオ名: 新規ユーザー登録]
[ADMIN] 17:19:33.359914 シナリオ走行を終了しました [シナリオ名: 新規ユーザー登録]
[ADMIN] 17:19:33.370008 シナリオ走行を終了しました [シナリオ名: 新規ユーザー登録]
[ADMIN] 17:19:33.387891 シナリオ走行を終了しました [シナリオ名: ログイン]
[ADMIN] 17:19:33.387904 シナリオ走行を開始しました [シナリオ名: ログイン]
[ADMIN] 17:19:33.420196 シナリオ走行を終了しました [シナリオ名: 新規ユーザー登録]
[ADMIN] 17:19:33.439035 シナリオ走行を終了しました [シナリオ名: 新規ユーザー登録]
[ADMIN] 17:19:33.451311 シナリオ走行を終了しました [シナリオ名: Banユーザログイン]
[ADMIN] 17:19:33.451330 シナリオ走行を開始しました [シナリオ名: Banユーザログイン]
[ADMIN] 17:19:33.460144 シナリオ走行を終了しました [シナリオ名: Banユーザログイン]
[ADMIN] 17:19:33.460160 シナリオ走行を開始しました [シナリオ名: Banユーザログイン]
[ADMIN] 17:19:33.463757 シナリオ走行を終了しました [シナリオ名: 新規ユーザー登録]
[ADMIN] 17:19:33.465893 シナリオ走行を終了しました [シナリオ名: Banユーザログイン]
[ADMIN] 17:19:33.465906 シナリオ走行を開始しました [シナリオ名: Banユーザログイン]
[ADMIN] 17:19:33.472783 シナリオ走行を終了しました [シナリオ名: Banユーザログイン]
[ADMIN] 17:19:33.472796 シナリオ走行を開始しました [シナリオ名: Banユーザログイン]
[ADMIN] 17:19:33.498187 シナリオ走行を終了しました [シナリオ名: Banユーザログイン]
[ADMIN] 17:19:33.498204 シナリオ走行を開始しました [シナリオ名: Banユーザログイン]
[ADMIN] 17:19:33.498695 シナリオ走行を終了しました [シナリオ名: 新規ユーザー登録]
[ADMIN] 17:19:33.500158 シナリオ走行を終了しました [シナリオ名: Banユーザログイン]
[ADMIN] 17:19:33.500172 シナリオ走行を開始しました [シナリオ名: Banユーザログイン]
[ADMIN] 17:19:33.503555 シナリオ走行を終了しました [シナリオ名: Banユーザログイン]
[ADMIN] 17:19:33.503563 シナリオ走行を開始しました [シナリオ名: Banユーザログイン]
[ADMIN] 17:19:33.503566 シナリオ走行を終了しました [シナリオ名: Banユーザログイン]
[ADMIN] 17:19:33.503578 シナリオ走行を開始しました [シナリオ名: Banユーザログイン]
[ADMIN] 17:19:33.536067 シナリオ走行を終了しました [シナリオ名: Banユーザログイン]
[ADMIN] 17:19:33.536082 シナリオ走行を開始しました [シナリオ名: Banユーザログイン]
[ADMIN] 17:19:33.541632 シナリオ走行を終了しました [シナリオ名: 新規ユーザー登録]
[ADMIN] 17:19:33.558589 シナリオ走行を終了しました [シナリオ名: Banユーザログイン]
[ADMIN] 17:19:33.558681 シナリオ走行を開始しました [シナリオ名: Banユーザログイン]
[ADMIN] 17:19:33.561405 シナリオ走行を終了しました [シナリオ名: Banユーザログイン]
[ADMIN] 17:19:33.561435 シナリオ走行を開始しました [シナリオ名: Banユーザログイン]
[ADMIN] 17:19:33.566688 シナリオ走行を終了しました [シナリオ名: Banユーザログイン]
[ADMIN] 17:19:33.566703 シナリオ走行を開始しました [シナリオ名: Banユーザログイン]
[ADMIN] 17:19:33.603602 シナリオ走行を終了しました [シナリオ名: Banユーザログイン]
[ADMIN] 17:19:33.603624 シナリオ走行を開始しました [シナリオ名: Banユーザログイン]
[ADMIN] 17:19:33.614058 シナリオ走行を終了しました [シナリオ名: Banユーザログイン]
[ADMIN] 17:19:33.614079 シナリオ走行を開始しました [シナリオ名: Banユーザログイン]
[ADMIN] 17:19:33.646410 シナリオ走行を終了しました [シナリオ名: 新規ユーザー登録]
[ADMIN] 17:19:33.646452 シナリオ走行を開始しました [シナリオ名: 新規ユーザー登録]
[ADMIN] 17:19:33.646459 シナリオ走行を開始しました [シナリオ名: 新規ユーザー登録]
[ADMIN] 17:19:33.646498 シナリオ走行を開始しました [シナリオ名: 新規ユーザー登録]
[ADMIN] 17:19:33.646454 シナリオ走行を開始しました [シナリオ名: 新規ユーザー登録]
[ADMIN] 17:19:33.646595 シナリオ走行を開始しました [シナリオ名: 新規ユーザー登録]
[ADMIN] 17:19:33.646658 シナリオ走行を開始しました [シナリオ名: 新規ユーザー登録]
[ADMIN] 17:19:33.646679 シナリオ走行を開始しました [シナリオ名: 新規ユーザー登録]
[ADMIN] 17:19:33.646727 シナリオ走行を開始しました [シナリオ名: 新規ユーザー登録]
[ADMIN] 17:19:33.646787 シナリオ走行を開始しました [シナリオ名: 新規ユーザー登録]
[ADMIN] 17:19:33.646820 シナリオ走行を開始しました [シナリオ名: 新規ユーザー登録]
[ADMIN] 17:19:33.646878 シナリオ走行を開始しました [シナリオ名: 新規ユーザー登録]
[ADMIN] 17:19:33.646890 シナリオ走行を開始しました [シナリオ名: 新規ユーザー登録]
[ADMIN] 17:19:33.646920 シナリオ走行を開始しました [シナリオ名: 新規ユーザー登録]
[ADMIN] 17:19:33.646994 シナリオ走行を開始しました [シナリオ名: 新規ユーザー登録]
[ADMIN] 17:19:33.647005 シナリオ走行を開始しました [シナリオ名: 新規ユーザー登録]
[ADMIN] 17:19:33.647014 シナリオ走行を開始しました [シナリオ名: 新規ユーザー登録]
[ADMIN] 17:19:33.647105 シナリオ走行を開始しました [シナリオ名: 新規ユーザー登録]
[ADMIN] 17:19:33.647117 シナリオ走行を開始しました [シナリオ名: 新規ユーザー登録]
[ADMIN] 17:19:33.647134 シナリオ走行を開始しました [シナリオ名: 新規ユーザー登録]
[ADMIN] 17:19:33.647177 シナリオ走行を開始しました [シナリオ名: 新規ユーザー登録]
[ADMIN] 17:19:33.647208 シナリオ走行を開始しました [シナリオ名: 新規ユーザー登録]
[ADMIN] 17:19:33.647227 シナリオ走行を開始しました [シナリオ名: 新規ユーザー登録]
[ADMIN] 17:19:33.647238 シナリオ走行を開始しました [シナリオ名: 新規ユーザー登録]
[ADMIN] 17:19:33.647295 シナリオ走行を開始しました [シナリオ名: 新規ユーザー登録]
[ADMIN] 17:19:33.647333 シナリオ走行を開始しました [シナリオ名: 新規ユーザー登録]
[ADMIN] 17:19:33.647388 シナリオ走行を開始しました [シナリオ名: 新規ユーザー登録]
[ADMIN] 17:19:33.647395 シナリオ走行を開始しました [シナリオ名: 新規ユーザー登録]
[ADMIN] 17:19:33.647456 シナリオ走行を開始しました [シナリオ名: 新規ユーザー登録]
[ADMIN] 17:19:33.647537 シナリオ走行を開始しました [シナリオ名: 新規ユーザー登録]
[ADMIN] 17:19:33.647575 シナリオ走行を開始しました [シナリオ名: 新規ユーザー登録]
[ADMIN] 17:19:33.647606 シナリオ走行を開始しました [シナリオ名: 新規ユーザー登録]
[ADMIN] 17:19:33.647629 シナリオ走行を開始しました [シナリオ名: 新規ユーザー登録]
[ADMIN] 17:19:33.646606 シナリオ走行を開始しました [シナリオ名: 新規ユーザー登録]
[ADMIN] 17:19:33.647800 シナリオ走行を開始しました [シナリオ名: 新規ユーザー登録]
[ADMIN] 17:19:33.647949 シナリオ走行を開始しました [シナリオ名: 新規ユーザー登録]
[ADMIN] 17:19:33.648067 シナリオ走行を開始しました [シナリオ名: 新規ユーザー登録]
[ADMIN] 17:19:33.648169 シナリオ走行を開始しました [シナリオ名: 新規ユーザー登録]
[ADMIN] 17:19:33.646923 シナリオ走行を開始しました [シナリオ名: 新規ユーザー登録]
[ADMIN] 17:19:33.647539 シナリオ走行を開始しました [シナリオ名: 新規ユーザー登録]
[ADMIN] 17:19:33.647111 シナリオ走行を開始しました [シナリオ名: 新規ユーザー登録]
[ADMIN] 17:19:33.646999 シナリオ走行を開始しました [シナリオ名: 新規ユーザー登録]
[ADMIN] 17:19:33.646879 シナリオ走行を開始しました [シナリオ名: 新規ユーザー登録]
[ADMIN] 17:19:33.646939 シナリオ走行を開始しました [シナリオ名: 新規ユーザー登録]
[ADMIN] 17:19:33.646944 シナリオ走行を開始しました [シナリオ名: 新規ユーザー登録]
[ADMIN] 17:19:33.646933 シナリオ走行を開始しました [シナリオ名: 新規ユーザー登録]
[ADMIN] 17:19:33.711391 シナリオ走行を終了しました [シナリオ名: 新規ユーザー登録]
[ADMIN] 17:19:33.910532 シナリオ走行を終了しました [シナリオ名: 新規ユーザー登録]
[ADMIN] 17:19:33.910558 シナリオ走行を開始しました [シナリオ名: 新規ユーザー登録]
[ADMIN] 17:19:33.910628 シナリオ走行を開始しました [シナリオ名: 新規ユーザー登録]
[ADMIN] 17:19:34.008065 シナリオ走行を終了しました [シナリオ名: Banユーザログイン]
[ADMIN] 17:19:34.008082 シナリオ走行を開始しました [シナリオ名: Banユーザログイン]
[ADMIN] 17:19:34.019503 シナリオ走行を終了しました [シナリオ名: Banユーザログイン]
[ADMIN] 17:19:34.019525 シナリオ走行を開始しました [シナリオ名: Banユーザログイン]
[ADMIN] 17:19:34.022241 シナリオ走行を終了しました [シナリオ名: 新規ユーザー登録]
[ADMIN] 17:19:34.025063 シナリオ走行を終了しました [シナリオ名: Banユーザログイン]
[ADMIN] 17:19:34.025072 シナリオ走行を開始しました [シナリオ名: Banユーザログイン]
[ADMIN] 17:19:34.028777 シナリオ走行を終了しました [シナリオ名: Banユーザログイン]
[ADMIN] 17:19:34.028789 シナリオ走行を開始しました [シナリオ名: Banユーザログイン]
[ADMIN] 17:19:34.056209 シナリオ走行を終了しました [シナリオ名: 新規ユーザー登録]
[ADMIN] 17:19:34.056230 シナリオ走行を開始しました [シナリオ名: 新規ユーザー登録]
[ADMIN] 17:19:34.056272 シナリオ走行を開始しました [シナリオ名: 新規ユーザー登録]
[ADMIN] 17:19:34.059699 シナリオ走行を終了しました [シナリオ名: Banユーザログイン]
[ADMIN] 17:19:34.059714 シナリオ走行を開始しました [シナリオ名: Banユーザログイン]
[ADMIN] 17:19:34.063659 シナリオ走行を終了しました [シナリオ名: Banユーザログイン]
[ADMIN] 17:19:34.063675 シナリオ走行を開始しました [シナリオ名: Banユーザログイン]
[ADMIN] 17:19:34.068942 シナリオ走行を終了しました [シナリオ名: Banユーザログイン]
[ADMIN] 17:19:34.068960 シナリオ走行を開始しました [シナリオ名: Banユーザログイン]
[ADMIN] 17:19:34.070316 シナリオ走行を終了しました [シナリオ名: Banユーザログイン]
[ADMIN] 17:19:34.070327 シナリオ走行を開始しました [シナリオ名: Banユーザログイン]
[ADMIN] 17:19:34.083087 シナリオ走行を終了しました [シナリオ名: 新規ユーザー登録]
[ADMIN] 17:19:34.085922 シナリオ走行を終了しました [シナリオ名: Banユーザログイン]
[ADMIN] 17:19:34.085937 シナリオ走行を開始しました [シナリオ名: Banユーザログイン]
[ADMIN] 17:19:34.090267 シナリオ走行を終了しました [シナリオ名: Banユーザログイン]
[ADMIN] 17:19:34.090283 シナリオ走行を開始しました [シナリオ名: Banユーザログイン]
[ADMIN] 17:19:34.143153 シナリオ走行を終了しました [シナリオ名: Banユーザログイン]
[ADMIN] 17:19:34.143170 シナリオ走行を開始しました [シナリオ名: Banユーザログイン]
[ADMIN] 17:19:34.152996 シナリオ走行を終了しました [シナリオ名: 新規ユーザー登録]
[ADMIN] 17:19:34.153018 シナリオ走行を開始しました [シナリオ名: 新規ユーザー登録]
[ADMIN] 17:19:34.153080 シナリオ走行を開始しました [シナリオ名: 新規ユーザー登録]
[ADMIN] 17:19:34.153305 シナリオ走行を終了しました [シナリオ名: 新規ユーザー登録]
[ADMIN] 17:19:34.153325 シナリオ走行を開始しました [シナリオ名: 新規ユーザー登録]
[ADMIN] 17:19:34.172615 シナリオ走行を終了しました [シナリオ名: ログイン]
[ADMIN] 17:19:34.172626 シナリオ走行を開始しました [シナリオ名: ログイン]
[ADMIN] 17:19:34.176730 シナリオ走行を終了しました [シナリオ名: ログイン]
[ADMIN] 17:19:34.176740 シナリオ走行を開始しました [シナリオ名: ログイン]
[ADMIN] 17:19:34.187611 シナリオ走行を終了しました [シナリオ名: Banユーザログイン]
[ADMIN] 17:19:34.187626 シナリオ走行を開始しました [シナリオ名: Banユーザログイン]
[ADMIN] 17:19:34.217663 シナリオ走行を終了しました [シナリオ名: Banユーザログイン]
[ADMIN] 17:19:34.217676 シナリオ走行を開始しました [シナリオ名: Banユーザログイン]
[ADMIN] 17:19:34.225493 シナリオ走行を終了しました [シナリオ名: 新規ユーザー登録]
[ADMIN] 17:19:34.225516 シナリオ走行を開始しました [シナリオ名: 新規ユーザー登録]
[ADMIN] 17:19:34.246290 シナリオ走行を終了しました [シナリオ名: ログイン]
[ADMIN] 17:19:34.246302 シナリオ走行を開始しました [シナリオ名: ログイン]
[ADMIN] 17:19:34.267827 シナリオ走行を終了しました [シナリオ名: 新規ユーザー登録]
[ADMIN] 17:19:34.267847 シナリオ走行を開始しました [シナリオ名: 新規ユーザー登録]
[ADMIN] 17:19:34.275912 シナリオ走行を終了しました [シナリオ名: 新規ユーザー登録]
[ADMIN] 17:19:34.275929 シナリオ走行を開始しました [シナリオ名: 新規ユーザー登録]
[ADMIN] 17:19:34.293071 シナリオ走行を終了しました [シナリオ名: ログイン]
[ADMIN] 17:19:34.293080 シナリオ走行を開始しました [シナリオ名: ログイン]
[ADMIN] 17:19:34.304163 シナリオ走行を終了しました [シナリオ名: ログイン]
[ADMIN] 17:19:34.304174 シナリオ走行を開始しました [シナリオ名: ログイン]
[ADMIN] 17:19:34.349500 シナリオ走行を終了しました [シナリオ名: ログイン]
[ADMIN] 17:19:34.349512 シナリオ走行を開始しました [シナリオ名: ログイン]
[ADMIN] 17:19:34.354593 シナリオ走行を終了しました [シナリオ名: ログイン]
[ADMIN] 17:19:34.354606 シナリオ走行を開始しました [シナリオ名: ログイン]
[ADMIN] 17:19:34.355924 シナリオ走行を終了しました [シナリオ名: ログイン]
[ADMIN] 17:19:34.355935 シナリオ走行を開始しました [シナリオ名: ログイン]
[ADMIN] 17:19:34.365926 シナリオ走行を終了しました [シナリオ名: Banユーザログイン]
[ADMIN] 17:19:34.365939 シナリオ走行を開始しました [シナリオ名: Banユーザログイン]
[ADMIN] 17:19:34.379089 シナリオ走行を終了しました [シナリオ名: ログイン]
[ADMIN] 17:19:34.379099 シナリオ走行を開始しました [シナリオ名: ログイン]
[ADMIN] 17:19:34.385927 シナリオ走行を終了しました [シナリオ名: ログイン]
[ADMIN] 17:19:34.385935 シナリオ走行を開始しました [シナリオ名: ログイン]
[ADMIN] 17:19:34.388035 シナリオ走行を終了しました [シナリオ名: 新規ユーザー登録]
[ADMIN] 17:19:34.388049 シナリオ走行を開始しました [シナリオ名: 新規ユーザー登録]
[ADMIN] 17:19:34.394436 シナリオ走行を終了しました [シナリオ名: ログイン]
[ADMIN] 17:19:34.394447 シナリオ走行を開始しました [シナリオ名: ログイン]
[ADMIN] 17:19:34.397809 シナリオ走行を終了しました [シナリオ名: ログイン]
[ADMIN] 17:19:34.397817 シナリオ走行を開始しました [シナリオ名: ログイン]
[ADMIN] 17:19:34.438433 シナリオ走行を終了しました [シナリオ名: ログイン]
[ADMIN] 17:19:34.438445 シナリオ走行を開始しました [シナリオ名: ログイン]
[ADMIN] 17:19:34.448795 シナリオ走行を終了しました [シナリオ名: ログイン]
[ADMIN] 17:19:34.448806 シナリオ走行を開始しました [シナリオ名: ログイン]
[ADMIN] 17:19:34.450125 シナリオ走行を終了しました [シナリオ名: ログイン]
[ADMIN] 17:19:34.450135 シナリオ走行を開始しました [シナリオ名: ログイン]
[ADMIN] 17:19:34.450194 シナリオ走行を終了しました [シナリオ名: ログイン]
[ADMIN] 17:19:34.450210 シナリオ走行を開始しました [シナリオ名: ログイン]
[ADMIN] 17:19:34.454508 シナリオ走行を終了しました [シナリオ名: ログイン]
[ADMIN] 17:19:34.454515 シナリオ走行を開始しました [シナリオ名: ログイン]
[ADMIN] 17:19:34.459414 シナリオ走行を終了しました [シナリオ名: ログイン]
[ADMIN] 17:19:34.459424 シナリオ走行を開始しました [シナリオ名: ログイン]
[ADMIN] 17:19:34.459511 シナリオ走行を終了しました [シナリオ名: ログイン]
[ADMIN] 17:19:34.459520 シナリオ走行を開始しました [シナリオ名: ログイン]
[ADMIN] 17:19:34.460594 シナリオ走行を終了しました [シナリオ名: ログイン]
[ADMIN] 17:19:34.460603 シナリオ走行を開始しました [シナリオ名: ログイン]
[ADMIN] 17:19:34.466527 シナリオ走行を終了しました [シナリオ名: ログイン]
[ADMIN] 17:19:34.466537 シナリオ走行を開始しました [シナリオ名: ログイン]
[ADMIN] 17:19:34.466543 シナリオ走行を終了しました [シナリオ名: ログイン]
[ADMIN] 17:19:34.466550 シナリオ走行を開始しました [シナリオ名: ログイン]
[ADMIN] 17:19:34.467089 シナリオ走行を終了しました [シナリオ名: ログイン]
[ADMIN] 17:19:34.467098 シナリオ走行を開始しました [シナリオ名: ログイン]
[ADMIN] 17:19:34.467205 シナリオ走行を終了しました [シナリオ名: ログイン]
[ADMIN] 17:19:34.467221 シナリオ走行を開始しました [シナリオ名: ログイン]
[ADMIN] 17:19:34.476262 シナリオ走行を終了しました [シナリオ名: ログイン]
[ADMIN] 17:19:34.476270 シナリオ走行を開始しました [シナリオ名: ログイン]
[ADMIN] 17:19:34.488205 シナリオ走行を終了しました [シナリオ名: 新規ユーザー登録]
[ADMIN] 17:19:34.488223 シナリオ走行を開始しました [シナリオ名: 新規ユーザー登録]
[ADMIN] 17:19:34.490274 シナリオ走行を終了しました [シナリオ名: 新規ユーザー登録]
[ADMIN] 17:19:34.490289 シナリオ走行を開始しました [シナリオ名: 新規ユーザー登録]
[ADMIN] 17:19:34.506222 シナリオ走行を終了しました [シナリオ名: ログイン]
[ADMIN] 17:19:34.506232 シナリオ走行を開始しました [シナリオ名: ログイン]
[ADMIN] 17:19:34.514600 シナリオ走行を終了しました [シナリオ名: ログイン]
[ADMIN] 17:19:34.514610 シナリオ走行を開始しました [シナリオ名: ログイン]
[ADMIN] 17:19:34.517111 シナリオ走行を終了しました [シナリオ名: ログイン]
[ADMIN] 17:19:34.517121 シナリオ走行を開始しました [シナリオ名: ログイン]
[ADMIN] 17:19:34.518978 シナリオ走行を終了しました [シナリオ名: ログイン]
[ADMIN] 17:19:34.518989 シナリオ走行を開始しました [シナリオ名: ログイン]
[ADMIN] 17:19:34.521000 シナリオ走行を終了しました [シナリオ名: ログイン]
[ADMIN] 17:19:34.521009 シナリオ走行を開始しました [シナリオ名: ログイン]
[ADMIN] 17:19:34.526545 シナリオ走行を終了しました [シナリオ名: ログイン]
[ADMIN] 17:19:34.526552 シナリオ走行を開始しました [シナリオ名: ログイン]
[ADMIN] 17:19:34.526800 シナリオ走行を終了しました [シナリオ名: ログイン]
[ADMIN] 17:19:34.526810 シナリオ走行を開始しました [シナリオ名: ログイン]
[ADMIN] 17:19:34.541452 シナリオ走行を終了しました [シナリオ名: ログイン]
[ADMIN] 17:19:34.541463 シナリオ走行を開始しました [シナリオ名: ログイン]
[ADMIN] 17:19:34.546661 シナリオ走行を終了しました [シナリオ名: ログイン]
[ADMIN] 17:19:34.546676 シナリオ走行を開始しました [シナリオ名: ログイン]
[ADMIN] 17:19:34.549713 シナリオ走行を終了しました [シナリオ名: ログイン]
[ADMIN] 17:19:34.549723 シナリオ走行を開始しました [シナリオ名: ログイン]
[ADMIN] 17:19:34.559702 シナリオ走行を終了しました [シナリオ名: ログイン]
[ADMIN] 17:19:34.559711 シナリオ走行を開始しました [シナリオ名: ログイン]
[ADMIN] 17:19:34.567174 シナリオ走行を終了しました [シナリオ名: ログイン]
[ADMIN] 17:19:34.567184 シナリオ走行を開始しました [シナリオ名: ログイン]
[ADMIN] 17:19:34.569188 シナリオ走行を終了しました [シナリオ名: ログイン]
[ADMIN] 17:19:34.569197 シナリオ走行を開始しました [シナリオ名: ログイン]
[ADMIN] 17:19:34.570283 シナリオ走行を終了しました [シナリオ名: 新規ユーザー登録]
[ADMIN] 17:19:34.581997 シナリオ走行を終了しました [シナリオ名: ログイン]
[ADMIN] 17:19:34.582011 シナリオ走行を開始しました [シナリオ名: ログイン]
[ADMIN] 17:19:34.584144 シナリオ走行を終了しました [シナリオ名: 新規ユーザー登録]
[ADMIN] 17:19:34.584165 シナリオ走行を開始しました [シナリオ名: 新規ユーザー登録]
[ADMIN] 17:19:34.584199 シナリオ走行を開始しました [シナリオ名: 新規ユーザー登録]
[ADMIN] 17:19:34.588364 シナリオ走行を終了しました [シナリオ名: 新規ユーザー登録]
[ADMIN] 17:19:34.588402 シナリオ走行を開始しました [シナリオ名: 新規ユーザー登録]
[ADMIN] 17:19:34.589811 シナリオ走行を終了しました [シナリオ名: ログイン]
[ADMIN] 17:19:34.589819 シナリオ走行を開始しました [シナリオ名: ログイン]
[ADMIN] 17:19:34.592969 シナリオ走行を終了しました [シナリオ名: ログイン]
[ADMIN] 17:19:34.592978 シナリオ走行を開始しました [シナリオ名: ログイン]
[ADMIN] 17:19:34.614253 シナリオ走行を終了しました [シナリオ名: Banユーザログイン]
[ADMIN] 17:19:34.614272 シナリオ走行を開始しました [シナリオ名: Banユーザログイン]
[ADMIN] 17:19:34.616215 シナリオ走行を終了しました [シナリオ名: ログイン]
[ADMIN] 17:19:34.616227 シナリオ走行を開始しました [シナリオ名: ログイン]
[ADMIN] 17:19:34.619213 シナリオ走行を終了しました [シナリオ名: ログイン]
[ADMIN] 17:19:34.619226 シナリオ走行を開始しました [シナリオ名: ログイン]
[ADMIN] 17:19:34.619397 シナリオ走行を終了しました [シナリオ名: ログイン]
[ADMIN] 17:19:34.619405 シナリオ走行を開始しました [シナリオ名: ログイン]
[ADMIN] 17:19:34.622529 シナリオ走行を終了しました [シナリオ名: ログイン]
[ADMIN] 17:19:34.622537 シナリオ走行を開始しました [シナリオ名: ログイン]
[ADMIN] 17:19:34.628048 シナリオ走行を終了しました [シナリオ名: Banユーザログイン]
[ADMIN] 17:19:34.628063 シナリオ走行を開始しました [シナリオ名: Banユーザログイン]
[ADMIN] 17:19:34.632817 シナリオ走行を終了しました [シナリオ名: Banユーザログイン]
[ADMIN] 17:19:34.632831 シナリオ走行を開始しました [シナリオ名: Banユーザログイン]
[ADMIN] 17:19:34.633169 シナリオ走行を終了しました [シナリオ名: Banユーザログイン]
[ADMIN] 17:19:34.633186 シナリオ走行を開始しました [シナリオ名: Banユーザログイン]
[ADMIN] 17:19:34.636672 シナリオ走行を終了しました [シナリオ名: Banユーザログイン]
[ADMIN] 17:19:34.636685 シナリオ走行を開始しました [シナリオ名: Banユーザログイン]
[ADMIN] 17:19:34.642097 シナリオ走行を終了しました [シナリオ名: ログイン]
[ADMIN] 17:19:34.642107 シナリオ走行を開始しました [シナリオ名: ログイン]
[ADMIN] 17:19:34.642603 シナリオ走行を終了しました [シナリオ名: ログイン]
[ADMIN] 17:19:34.642613 シナリオ走行を開始しました [シナリオ名: ログイン]
[ADMIN] 17:19:34.649695 シナリオ走行を終了しました [シナリオ名: ログイン]
[ADMIN] 17:19:34.649706 シナリオ走行を開始しました [シナリオ名: ログイン]
[ADMIN] 17:19:34.658836 シナリオ走行を終了しました [シナリオ名: ログイン]
[ADMIN] 17:19:34.658846 シナリオ走行を開始しました [シナリオ名: ログイン]
[ADMIN] 17:19:34.659622 シナリオ走行を終了しました [シナリオ名: ログイン]
[ADMIN] 17:19:34.659631 シナリオ走行を開始しました [シナリオ名: ログイン]
[ADMIN] 17:19:34.664236 シナリオ走行を終了しました [シナリオ名: Banユーザログイン]
[ADMIN] 17:19:34.664248 シナリオ走行を開始しました [シナリオ名: Banユーザログイン]
[ADMIN] 17:19:34.665624 シナリオ走行を終了しました [シナリオ名: Banユーザログイン]
[ADMIN] 17:19:34.665637 シナリオ走行を開始しました [シナリオ名: Banユーザログイン]
[ADMIN] 17:19:34.667217 シナリオ走行を終了しました [シナリオ名: 新規ユーザー登録]
[ADMIN] 17:19:34.667238 シナリオ走行を開始しました [シナリオ名: 新規ユーザー登録]
[ADMIN] 17:19:34.676007 シナリオ走行を終了しました [シナリオ名: Banユーザログイン]
[ADMIN] 17:19:34.676025 シナリオ走行を開始しました [シナリオ名: Banユーザログイン]
[ADMIN] 17:19:34.682472 シナリオ走行を終了しました [シナリオ名: Banユーザログイン]
[ADMIN] 17:19:34.682489 シナリオ走行を開始しました [シナリオ名: Banユーザログイン]
[ADMIN] 17:19:34.699744 シナリオ走行を終了しました [シナリオ名: Banユーザログイン]
[ADMIN] 17:19:34.699761 シナリオ走行を開始しました [シナリオ名: Banユーザログイン]
[ADMIN] 17:19:34.703048 シナリオ走行を終了しました [シナリオ名: ログイン]
[ADMIN] 17:19:34.703058 シナリオ走行を開始しました [シナリオ名: ログイン]
[ADMIN] 17:19:34.712498 シナリオ走行を終了しました [シナリオ名: Banユーザログイン]
[ADMIN] 17:19:34.712517 シナリオ走行を開始しました [シナリオ名: Banユーザログイン]
[ADMIN] 17:19:34.733220 シナリオ走行を終了しました [シナリオ名: ログイン]
[ADMIN] 17:19:34.733233 シナリオ走行を開始しました [シナリオ名: ログイン]
[ADMIN] 17:19:34.743150 シナリオ走行を終了しました [シナリオ名: Banユーザログイン]
[ADMIN] 17:19:34.743168 シナリオ走行を開始しました [シナリオ名: Banユーザログイン]
[ADMIN] 17:19:34.750967 シナリオ走行を終了しました [シナリオ名: ログイン]
[ADMIN] 17:19:34.750980 シナリオ走行を開始しました [シナリオ名: ログイン]
[ADMIN] 17:19:34.767619 シナリオ走行を終了しました [シナリオ名: 新規ユーザー登録]
[ADMIN] 17:19:34.767641 シナリオ走行を開始しました [シナリオ名: 新規ユーザー登録]
[ADMIN] 17:19:34.769020 シナリオ走行を終了しました [シナリオ名: Banユーザログイン]
[ADMIN] 17:19:34.769035 シナリオ走行を開始しました [シナリオ名: Banユーザログイン]
[ADMIN] 17:19:34.769472 シナリオ走行を終了しました [シナリオ名: ログイン]
[ADMIN] 17:19:34.769480 シナリオ走行を開始しました [シナリオ名: ログイン]
[ADMIN] 17:19:34.789364 シナリオ走行を終了しました [シナリオ名: 新規ユーザー登録]
[ADMIN] 17:19:34.789380 シナリオ走行を開始しました [シナリオ名: 新規ユーザー登録]
[ADMIN] 17:19:34.822962 シナリオ走行を終了しました [シナリオ名: 新規ユーザー登録]
[ADMIN] 17:19:34.822981 シナリオ走行を開始しました [シナリオ名: 新規ユーザー登録]
[ADMIN] 17:19:34.919940 シナリオ走行を終了しました [シナリオ名: ログイン]
[ADMIN] 17:19:34.919954 シナリオ走行を開始しました [シナリオ名: ログイン]
[ADMIN] 17:19:34.920680 シナリオ走行を終了しました [シナリオ名: ログイン]
[ADMIN] 17:19:34.920693 シナリオ走行を開始しました [シナリオ名: ログイン]
[ADMIN] 17:19:34.924612 シナリオ走行を終了しました [シナリオ名: ログイン]
[ADMIN] 17:19:34.924623 シナリオ走行を開始しました [シナリオ名: ログイン]
[ADMIN] 17:19:34.941876 シナリオ走行を終了しました [シナリオ名: ログイン]
[ADMIN] 17:19:34.941890 シナリオ走行を開始しました [シナリオ名: ログイン]
[ADMIN] 17:19:34.951239 シナリオ走行を終了しました [シナリオ名: Banユーザログイン]
[ADMIN] 17:19:34.951257 シナリオ走行を開始しました [シナリオ名: Banユーザログイン]
[ADMIN] 17:19:35.030569 シナリオ走行を終了しました [シナリオ名: ログイン]
[ADMIN] 17:19:35.030584 シナリオ走行を開始しました [シナリオ名: ログイン]
[ADMIN] 17:19:35.055127 シナリオ走行を終了しました [シナリオ名: ログイン]
[ADMIN] 17:19:35.055146 シナリオ走行を開始しました [シナリオ名: ログイン]
[ADMIN] 17:19:35.055489 シナリオ走行を終了しました [シナリオ名: ログイン]
[ADMIN] 17:19:35.055501 シナリオ走行を開始しました [シナリオ名: ログイン]
[ADMIN] 17:19:35.072573 シナリオ走行を終了しました [シナリオ名: ログイン]
[ADMIN] 17:19:35.072589 シナリオ走行を開始しました [シナリオ名: ログイン]
[ADMIN] 17:19:35.090439 シナリオ走行を終了しました [シナリオ名: ログイン]
[ADMIN] 17:19:35.090454 シナリオ走行を開始しました [シナリオ名: ログイン]
[ADMIN] 17:19:35.140998 シナリオ走行を終了しました [シナリオ名: ログイン]
[ADMIN] 17:19:35.141013 シナリオ走行を開始しました [シナリオ名: ログイン]
[ADMIN] 17:19:35.152286 シナリオ走行を終了しました [シナリオ名: ログイン]
[ADMIN] 17:19:35.152301 シナリオ走行を開始しました [シナリオ名: ログイン]
[ADMIN] 17:19:35.171208 シナリオ走行を終了しました [シナリオ名: Banユーザログイン]
[ADMIN] 17:19:35.171226 シナリオ走行を開始しました [シナリオ名: Banユーザログイン]
[ADMIN] 17:19:35.173622 シナリオ走行を終了しました [シナリオ名: ログイン]
[ADMIN] 17:19:35.173633 シナリオ走行を開始しました [シナリオ名: ログイン]
[ADMIN] 17:19:35.198516 シナリオ走行を終了しました [シナリオ名: ログイン]
[ADMIN] 17:19:35.198531 シナリオ走行を開始しました [シナリオ名: ログイン]
[ADMIN] 17:19:35.225974 シナリオ走行を終了しました [シナリオ名: ログイン]
[ADMIN] 17:19:35.225986 シナリオ走行を開始しました [シナリオ名: ログイン]
[ADMIN] 17:19:35.253064 シナリオ走行を終了しました [シナリオ名: Banユーザログイン]
[ADMIN] 17:19:35.253081 シナリオ走行を開始しました [シナリオ名: Banユーザログイン]
[ADMIN] 17:19:35.282096 シナリオ走行を終了しました [シナリオ名: Banユーザログイン]
[ADMIN] 17:19:35.282120 シナリオ走行を開始しました [シナリオ名: Banユーザログイン]
[ADMIN] 17:19:35.291536 シナリオ走行を終了しました [シナリオ名: Banユーザログイン]
[ADMIN] 17:19:35.291557 シナリオ走行を開始しました [シナリオ名: Banユーザログイン]
[ADMIN] 17:19:35.292838 シナリオ走行を終了しました [シナリオ名: Banユーザログイン]
[ADMIN] 17:19:35.292855 シナリオ走行を開始しました [シナリオ名: Banユーザログイン]
[ADMIN] 17:19:35.299230 シナリオ走行を終了しました [シナリオ名: Banユーザログイン]
[ADMIN] 17:19:35.299240 シナリオ走行を開始しました [シナリオ名: Banユーザログイン]
[ADMIN] 17:19:35.300341 シナリオ走行を終了しました [シナリオ名: Banユーザログイン]
[ADMIN] 17:19:35.300353 シナリオ走行を開始しました [シナリオ名: Banユーザログイン]
[ADMIN] 17:19:35.320098 シナリオ走行を終了しました [シナリオ名: Banユーザログイン]
[ADMIN] 17:19:35.320114 シナリオ走行を開始しました [シナリオ名: Banユーザログイン]
[ADMIN] 17:19:35.335573 シナリオ走行を終了しました [シナリオ名: Banユーザログイン]
[ADMIN] 17:19:35.335586 シナリオ走行を開始しました [シナリオ名: Banユーザログイン]
[ADMIN] 17:19:35.339724 シナリオ走行を終了しました [シナリオ名: Banユーザログイン]
[ADMIN] 17:19:35.339744 シナリオ走行を開始しました [シナリオ名: Banユーザログイン]
[ADMIN] 17:19:35.348268 シナリオ走行を終了しました [シナリオ名: ログイン]
[ADMIN] 17:19:35.348277 シナリオ走行を開始しました [シナリオ名: ログイン]
[ADMIN] 17:19:35.364183 シナリオ走行を終了しました [シナリオ名: ログイン]
[ADMIN] 17:19:35.364194 シナリオ走行を開始しました [シナリオ名: ログイン]
[ADMIN] 17:19:35.384292 シナリオ走行を終了しました [シナリオ名: Banユーザログイン]
[ADMIN] 17:19:35.384305 シナリオ走行を開始しました [シナリオ名: Banユーザログイン]
[ADMIN] 17:19:35.400823 シナリオ走行を終了しました [シナリオ名: Banユーザログイン]
[ADMIN] 17:19:35.400839 シナリオ走行を開始しました [シナリオ名: Banユーザログイン]
[ADMIN] 17:19:35.430692 シナリオ走行を終了しました [シナリオ名: Banユーザログイン]
[ADMIN] 17:19:35.430710 シナリオ走行を開始しました [シナリオ名: Banユーザログイン]
[ADMIN] 17:19:35.489282 シナリオ走行を終了しました [シナリオ名: ログイン]
[ADMIN] 17:19:35.489296 シナリオ走行を開始しました [シナリオ名: ログイン]
[ADMIN] 17:19:35.545470 シナリオ走行を終了しました [シナリオ名: Banユーザログイン]
[ADMIN] 17:19:35.545493 シナリオ走行を開始しました [シナリオ名: Banユーザログイン]
[ADMIN] 17:19:35.549237 シナリオ走行を終了しました [シナリオ名: ログイン]
[ADMIN] 17:19:35.549247 シナリオ走行を開始しました [シナリオ名: ログイン]
[ADMIN] 17:19:35.597191 シナリオ走行を終了しました [シナリオ名: ログイン]
[ADMIN] 17:19:35.597206 シナリオ走行を開始しました [シナリオ名: ログイン]
[ADMIN] 17:19:35.746115 シナリオ走行を終了しました [シナリオ名: Banユーザログイン]
[ADMIN] 17:19:35.746154 シナリオ走行を開始しました [シナリオ名: Banユーザログイン]
[ADMIN] 17:19:35.827994 シナリオ走行を終了しました [シナリオ名: Banユーザログイン]
[ADMIN] 17:19:35.828019 シナリオ走行を開始しました [シナリオ名: Banユーザログイン]
[ADMIN] 17:19:35.834945 シナリオ走行を終了しました [シナリオ名: Banユーザログイン]
[ADMIN] 17:19:35.834960 シナリオ走行を開始しました [シナリオ名: Banユーザログイン]
[ADMIN] 17:19:35.835601 シナリオ走行を終了しました [シナリオ名: Banユーザログイン]
[ADMIN] 17:19:35.835621 シナリオ走行を開始しました [シナリオ名: Banユーザログイン]
[ADMIN] 17:19:35.844518 シナリオ走行を終了しました [シナリオ名: Banユーザログイン]
[ADMIN] 17:19:35.844534 シナリオ走行を開始しました [シナリオ名: Banユーザログイン]
[ADMIN] 17:19:35.856761 シナリオ走行を終了しました [シナリオ名: Banユーザログイン]
[ADMIN] 17:19:35.856774 シナリオ走行を開始しました [シナリオ名: Banユーザログイン]
[ADMIN] 17:19:35.900558 シナリオ走行を終了しました [シナリオ名: Banユーザログイン]
[ADMIN] 17:19:35.900571 シナリオ走行を終了しました [シナリオ名: Banユーザログイン]
[ADMIN] 17:19:35.900575 シナリオ走行を開始しました [シナリオ名: Banユーザログイン]
[ADMIN] 17:19:35.900578 シナリオ走行を開始しました [シナリオ名: Banユーザログイン]
[ADMIN] 17:19:35.909016 シナリオ走行を終了しました [シナリオ名: Banユーザログイン]
[ADMIN] 17:19:35.909033 シナリオ走行を開始しました [シナリオ名: Banユーザログイン]
[ADMIN] 17:19:35.917326 シナリオ走行を終了しました [シナリオ名: Banユーザログイン]
[ADMIN] 17:19:35.917336 シナリオ走行を開始しました [シナリオ名: Banユーザログイン]
[ADMIN] 17:19:35.984900 シナリオ走行を終了しました [シナリオ名: Banユーザログイン]
[ADMIN] 17:19:35.984916 シナリオ走行を開始しました [シナリオ名: Banユーザログイン]
[ADMIN] 17:19:35.987376 シナリオ走行を終了しました [シナリオ名: Banユーザログイン]
[ADMIN] 17:19:35.987390 シナリオ走行を開始しました [シナリオ名: Banユーザログイン]
[ADMIN] 17:19:36.022001 シナリオ走行を終了しました [シナリオ名: Banユーザログイン]
[ADMIN] 17:19:36.022017 シナリオ走行を開始しました [シナリオ名: Banユーザログイン]
[ADMIN] 17:19:36.152330 シナリオ走行を終了しました [シナリオ名: ログイン]
[ADMIN] 17:19:36.152343 シナリオ走行を開始しました [シナリオ名: ログイン]
[ADMIN] 17:19:36.171374 シナリオ走行を終了しました [シナリオ名: ログイン]
[ADMIN] 17:19:36.171389 シナリオ走行を開始しました [シナリオ名: ログイン]
[ADMIN] 17:19:36.224951 シナリオ走行を終了しました [シナリオ名: ログイン]
[ADMIN] 17:19:36.224965 シナリオ走行を開始しました [シナリオ名: ログイン]
[ADMIN] 17:19:36.251204 シナリオ走行を終了しました [シナリオ名: Banユーザログイン]
[ADMIN] 17:19:36.251225 シナリオ走行を開始しました [シナリオ名: Banユーザログイン]
[ADMIN] 17:19:36.251898 シナリオ走行を終了しました [シナリオ名: ログイン]
[ADMIN] 17:19:36.251910 シナリオ走行を開始しました [シナリオ名: ログイン]
[ADMIN] 17:19:36.289297 シナリオ走行を終了しました [シナリオ名: ログイン]
[ADMIN] 17:19:36.289310 シナリオ走行を開始しました [シナリオ名: ログイン]
[ADMIN] 17:19:36.338608 シナリオ走行を終了しました [シナリオ名: Banユーザログイン]
[ADMIN] 17:19:36.338653 シナリオ走行を開始しました [シナリオ名: Banユーザログイン]
[ADMIN] 17:19:36.345423 シナリオ走行を終了しました [シナリオ名: ログイン]
[ADMIN] 17:19:36.345434 シナリオ走行を開始しました [シナリオ名: ログイン]
[ADMIN] 17:19:36.348217 シナリオ走行を終了しました [シナリオ名: ログイン]
[ADMIN] 17:19:36.348227 シナリオ走行を開始しました [シナリオ名: ログイン]
[ADMIN] 17:19:36.356257 シナリオ走行を終了しました [シナリオ名: 新規ユーザー登録]
[ADMIN] 17:19:36.356284 シナリオ走行を開始しました [シナリオ名: 新規ユーザー登録]
[ADMIN] 17:19:36.360913 シナリオ走行を終了しました [シナリオ名: ログイン]
[ADMIN] 17:19:36.360924 シナリオ走行を開始しました [シナリオ名: ログイン]
[ADMIN] 17:19:36.372139 シナリオ走行を終了しました [シナリオ名: Banユーザログイン]
[ADMIN] 17:19:36.372155 シナリオ走行を開始しました [シナリオ名: Banユーザログイン]
[ADMIN] 17:19:36.374734 シナリオ走行を終了しました [シナリオ名: Banユーザログイン]
[ADMIN] 17:19:36.374750 シナリオ走行を開始しました [シナリオ名: Banユーザログイン]
[ADMIN] 17:19:36.406629 シナリオ走行を終了しました [シナリオ名: 新規ユーザー登録]
[ADMIN] 17:19:36.406646 シナリオ走行を開始しました [シナリオ名: 新規ユーザー登録]
[ADMIN] 17:19:36.418834 シナリオ走行を終了しました [シナリオ名: ログイン]
[ADMIN] 17:19:36.418843 シナリオ走行を開始しました [シナリオ名: ログイン]
[ADMIN] 17:19:36.424317 シナリオ走行を終了しました [シナリオ名: Banユーザログイン]
[ADMIN] 17:19:36.424331 シナリオ走行を開始しました [シナリオ名: Banユーザログイン]
[ADMIN] 17:19:36.425962 シナリオ走行を終了しました [シナリオ名: ログイン]
[ADMIN] 17:19:36.425973 シナリオ走行を開始しました [シナリオ名: ログイン]
[ADMIN] 17:19:36.428785 シナリオ走行を終了しました [シナリオ名: ログイン]
[ADMIN] 17:19:36.428794 シナリオ走行を開始しました [シナリオ名: ログイン]
[ADMIN] 17:19:36.435693 シナリオ走行を終了しました [シナリオ名: ログイン]
[ADMIN] 17:19:36.435702 シナリオ走行を開始しました [シナリオ名: ログイン]
[ADMIN] 17:19:36.435882 シナリオ走行を終了しました [シナリオ名: ログイン]
[ADMIN] 17:19:36.435889 シナリオ走行を開始しました [シナリオ名: ログイン]
[ADMIN] 17:19:36.436507 シナリオ走行を終了しました [シナリオ名: ログイン]
[ADMIN] 17:19:36.436519 シナリオ走行を開始しました [シナリオ名: ログイン]
[ADMIN] 17:19:36.446647 シナリオ走行を終了しました [シナリオ名: Banユーザログイン]
[ADMIN] 17:19:36.446657 シナリオ走行を開始しました [シナリオ名: Banユーザログイン]
[ADMIN] 17:19:36.448991 シナリオ走行を終了しました [シナリオ名: ログイン]
[ADMIN] 17:19:36.449000 シナリオ走行を開始しました [シナリオ名: ログイン]
[ADMIN] 17:19:36.452493 シナリオ走行を終了しました [シナリオ名: ログイン]
[ADMIN] 17:19:36.452502 シナリオ走行を開始しました [シナリオ名: ログイン]
[ADMIN] 17:19:36.476004 シナリオ走行を終了しました [シナリオ名: ログイン]
[ADMIN] 17:19:36.476013 シナリオ走行を開始しました [シナリオ名: ログイン]
[ADMIN] 17:19:36.480108 シナリオ走行を終了しました [シナリオ名: Banユーザログイン]
[ADMIN] 17:19:36.480125 シナリオ走行を開始しました [シナリオ名: Banユーザログイン]
[ADMIN] 17:19:36.484837 シナリオ走行を終了しました [シナリオ名: ログイン]
[ADMIN] 17:19:36.484847 シナリオ走行を開始しました [シナリオ名: ログイン]
[ADMIN] 17:19:36.485814 シナリオ走行を終了しました [シナリオ名: 新規ユーザー登録]
[ADMIN] 17:19:36.485829 シナリオ走行を開始しました [シナリオ名: 新規ユーザー登録]
[ADMIN] 17:19:36.490108 シナリオ走行を終了しました [シナリオ名: Banユーザログイン]
[ADMIN] 17:19:36.490130 シナリオ走行を開始しました [シナリオ名: Banユーザログイン]
[ADMIN] 17:19:36.490387 シナリオ走行を終了しました [シナリオ名: ログイン]
[ADMIN] 17:19:36.490396 シナリオ走行を開始しました [シナリオ名: ログイン]
[ADMIN] 17:19:36.494793 シナリオ走行を終了しました [シナリオ名: Banユーザログイン]
[ADMIN] 17:19:36.494805 シナリオ走行を開始しました [シナリオ名: Banユーザログイン]
[ADMIN] 17:19:36.514984 シナリオ走行を終了しました [シナリオ名: ログイン]
[ADMIN] 17:19:36.515011 シナリオ走行を開始しました [シナリオ名: ログイン]
[ADMIN] 17:19:36.515126 シナリオ走行を終了しました [シナリオ名: ログイン]
[ADMIN] 17:19:36.515137 シナリオ走行を開始しました [シナリオ名: ログイン]
[ADMIN] 17:19:36.528275 シナリオ走行を終了しました [シナリオ名: Banユーザログイン]
[ADMIN] 17:19:36.528291 シナリオ走行を開始しました [シナリオ名: Banユーザログイン]
[ADMIN] 17:19:36.538214 シナリオ走行を終了しました [シナリオ名: ログイン]
[ADMIN] 17:19:36.538224 シナリオ走行を開始しました [シナリオ名: ログイン]
[ADMIN] 17:19:36.541180 シナリオ走行を終了しました [シナリオ名: Banユーザログイン]
[ADMIN] 17:19:36.541194 シナリオ走行を開始しました [シナリオ名: Banユーザログイン]
[ADMIN] 17:19:36.545128 シナリオ走行を終了しました [シナリオ名: ログイン]
[ADMIN] 17:19:36.545136 シナリオ走行を開始しました [シナリオ名: ログイン]
[ADMIN] 17:19:36.545338 シナリオ走行を終了しました [シナリオ名: 新規ユーザー登録]
[ADMIN] 17:19:36.545354 シナリオ走行を開始しました [シナリオ名: 新規ユーザー登録]
[ADMIN] 17:19:36.547551 シナリオ走行を終了しました [シナリオ名: 新規ユーザー登録]
[ADMIN] 17:19:36.547568 シナリオ走行を開始しました [シナリオ名: 新規ユーザー登録]
[ADMIN] 17:19:36.550172 シナリオ走行を終了しました [シナリオ名: 新規ユーザー登録]
[ADMIN] 17:19:36.550186 シナリオ走行を開始しました [シナリオ名: 新規ユーザー登録]
[ADMIN] 17:19:36.551048 シナリオ走行を終了しました [シナリオ名: 新規ユーザー登録]
[ADMIN] 17:19:36.551062 シナリオ走行を開始しました [シナリオ名: 新規ユーザー登録]
[ADMIN] 17:19:36.552517 シナリオ走行を終了しました [シナリオ名: Banユーザログイン]
[ADMIN] 17:19:36.552530 シナリオ走行を開始しました [シナリオ名: Banユーザログイン]
[ADMIN] 17:19:36.555800 シナリオ走行を終了しました [シナリオ名: ログイン]
[ADMIN] 17:19:36.555808 シナリオ走行を開始しました [シナリオ名: ログイン]
[ADMIN] 17:19:36.557812 シナリオ走行を終了しました [シナリオ名: ログイン]
[ADMIN] 17:19:36.557821 シナリオ走行を開始しました [シナリオ名: ログイン]
[ADMIN] 17:19:36.568786 シナリオ走行を終了しました [シナリオ名: ログイン]
[ADMIN] 17:19:36.568797 シナリオ走行を開始しました [シナリオ名: ログイン]
[ADMIN] 17:19:36.575211 シナリオ走行を終了しました [シナリオ名: Banユーザログイン]
[ADMIN] 17:19:36.575226 シナリオ走行を開始しました [シナリオ名: Banユーザログイン]
[ADMIN] 17:19:36.585633 シナリオ走行を終了しました [シナリオ名: 新規ユーザー登録]
[ADMIN] 17:19:36.585652 シナリオ走行を開始しました [シナリオ名: 新規ユーザー登録]
[ADMIN] 17:19:36.595757 シナリオ走行を終了しました [シナリオ名: ログイン]
[ADMIN] 17:19:36.595766 シナリオ走行を開始しました [シナリオ名: ログイン]
[ADMIN] 17:19:36.598819 シナリオ走行を終了しました [シナリオ名: 新規ユーザー登録]
[ADMIN] 17:19:36.598838 シナリオ走行を開始しました [シナリオ名: 新規ユーザー登録]
[ADMIN] 17:19:36.608475 シナリオ走行を終了しました [シナリオ名: ログイン]
[ADMIN] 17:19:36.608486 シナリオ走行を開始しました [シナリオ名: ログイン]
[ADMIN] 17:19:36.629487 シナリオ走行を終了しました [シナリオ名: ログイン]
[ADMIN] 17:19:36.629497 シナリオ走行を開始しました [シナリオ名: ログイン]
[ADMIN] 17:19:36.636542 シナリオ走行を終了しました [シナリオ名: 新規ユーザー登録]
[ADMIN] 17:19:36.636558 シナリオ走行を開始しました [シナリオ名: 新規ユーザー登録]
[ADMIN] 17:19:36.647531 シナリオ走行を終了しました [シナリオ名: Banユーザログイン]
[ADMIN] 17:19:36.647548 シナリオ走行を開始しました [シナリオ名: Banユーザログイン]
[ADMIN] 17:19:36.650420 シナリオ走行を終了しました [シナリオ名: ログイン]
[ADMIN] 17:19:36.650429 シナリオ走行を開始しました [シナリオ名: ログイン]
[ADMIN] 17:19:36.659455 シナリオ走行を終了しました [シナリオ名: 新規ユーザー登録]
[ADMIN] 17:19:36.659476 シナリオ走行を開始しました [シナリオ名: 新規ユーザー登録]
[ADMIN] 17:19:36.686376 シナリオ走行を終了しました [シナリオ名: ログイン]
[ADMIN] 17:19:36.686390 シナリオ走行を開始しました [シナリオ名: ログイン]
[ADMIN] 17:19:36.686417 シナリオ走行を終了しました [シナリオ名: ログイン]
[ADMIN] 17:19:36.686424 シナリオ走行を開始しました [シナリオ名: ログイン]
[ADMIN] 17:19:36.693642 シナリオ走行を終了しました [シナリオ名: ログイン]
[ADMIN] 17:19:36.693653 シナリオ走行を開始しました [シナリオ名: ログイン]
[ADMIN] 17:19:36.693704 シナリオ走行を終了しました [シナリオ名: ログイン]
[ADMIN] 17:19:36.693718 シナリオ走行を開始しました [シナリオ名: ログイン]
[ADMIN] 17:19:36.709352 シナリオ走行を終了しました [シナリオ名: ログイン]
[ADMIN] 17:19:36.709362 シナリオ走行を開始しました [シナリオ名: ログイン]
[ADMIN] 17:19:36.709611 シナリオ走行を終了しました [シナリオ名: ログイン]
[ADMIN] 17:19:36.709641 シナリオ走行を開始しました [シナリオ名: ログイン]
[ADMIN] 17:19:36.710074 シナリオ走行を終了しました [シナリオ名: ログイン]
[ADMIN] 17:19:36.710083 シナリオ走行を開始しました [シナリオ名: ログイン]
[ADMIN] 17:19:36.711001 シナリオ走行を終了しました [シナリオ名: ログイン]
[ADMIN] 17:19:36.711008 シナリオ走行を開始しました [シナリオ名: ログイン]
[ADMIN] 17:19:36.716658 シナリオ走行を終了しました [シナリオ名: 新規ユーザー登録]
[ADMIN] 17:19:36.716674 シナリオ走行を開始しました [シナリオ名: 新規ユーザー登録]
[ADMIN] 17:19:36.729427 シナリオ走行を終了しました [シナリオ名: 新規ユーザー登録]
[ADMIN] 17:19:36.729442 シナリオ走行を開始しました [シナリオ名: 新規ユーザー登録]
[ADMIN] 17:19:36.748074 シナリオ走行を終了しました [シナリオ名: ログイン]
[ADMIN] 17:19:36.748085 シナリオ走行を開始しました [シナリオ名: ログイン]
[ADMIN] 17:19:36.748347 シナリオ走行を終了しました [シナリオ名: ログイン]
[ADMIN] 17:19:36.748356 シナリオ走行を開始しました [シナリオ名: ログイン]
[ADMIN] 17:19:36.750013 シナリオ走行を終了しました [シナリオ名: ログイン]
[ADMIN] 17:19:36.750022 シナリオ走行を開始しました [シナリオ名: ログイン]
[ADMIN] 17:19:36.752279 シナリオ走行を終了しました [シナリオ名: ログイン]
[ADMIN] 17:19:36.752289 シナリオ走行を開始しました [シナリオ名: ログイン]
[ADMIN] 17:19:36.772997 シナリオ走行を終了しました [シナリオ名: ログイン]
[ADMIN] 17:19:36.773008 シナリオ走行を開始しました [シナリオ名: ログイン]
[ADMIN] 17:19:36.779612 シナリオ走行を終了しました [シナリオ名: 新規ユーザー登録]
[ADMIN] 17:19:36.779633 シナリオ走行を開始しました [シナリオ名: 新規ユーザー登録]
[ADMIN] 17:19:36.797350 シナリオ走行を終了しました [シナリオ名: 新規ユーザー登録]
[ADMIN] 17:19:36.797369 シナリオ走行を開始しました [シナリオ名: 新規ユーザー登録]
[ADMIN] 17:19:36.800774 シナリオ走行を終了しました [シナリオ名: ログイン]
[ADMIN] 17:19:36.800782 シナリオ走行を開始しました [シナリオ名: ログイン]
[ADMIN] 17:19:36.802366 シナリオ走行を終了しました [シナリオ名: 新規ユーザー登録]
[ADMIN] 17:19:36.802381 シナリオ走行を開始しました [シナリオ名: 新規ユーザー登録]
[ADMIN] 17:19:36.821392 シナリオ走行を終了しました [シナリオ名: 新規ユーザー登録]
[ADMIN] 17:19:36.821407 シナリオ走行を開始しました [シナリオ名: 新規ユーザー登録]
[ADMIN] 17:19:36.825939 シナリオ走行を終了しました [シナリオ名: 新規ユーザー登録]
[ADMIN] 17:19:36.825956 シナリオ走行を開始しました [シナリオ名: 新規ユーザー登録]
[ADMIN] 17:19:36.826771 シナリオ走行を終了しました [シナリオ名: ログイン]
[ADMIN] 17:19:36.826781 シナリオ走行を開始しました [シナリオ名: ログイン]
[ADMIN] 17:19:36.826839 シナリオ走行を終了しました [シナリオ名: ログイン]
[ADMIN] 17:19:36.826855 シナリオ走行を開始しました [シナリオ名: ログイン]
[ADMIN] 17:19:36.829580 シナリオ走行を終了しました [シナリオ名: ログイン]
[ADMIN] 17:19:36.829590 シナリオ走行を開始しました [シナリオ名: ログイン]
[ADMIN] 17:19:36.830121 シナリオ走行を終了しました [シナリオ名: ログイン]
[ADMIN] 17:19:36.830131 シナリオ走行を開始しました [シナリオ名: ログイン]
[ADMIN] 17:19:36.842436 シナリオ走行を終了しました [シナリオ名: ログイン]
[ADMIN] 17:19:36.842446 シナリオ走行を開始しました [シナリオ名: ログイン]
[ADMIN] 17:19:36.863231 シナリオ走行を終了しました [シナリオ名: ログイン]
[ADMIN] 17:19:36.863243 シナリオ走行を開始しました [シナリオ名: ログイン]
[ADMIN] 17:19:36.868615 シナリオ走行を終了しました [シナリオ名: 新規ユーザー登録]
[ADMIN] 17:19:36.868634 シナリオ走行を開始しました [シナリオ名: 新規ユーザー登録]
[ADMIN] 17:19:36.871526 シナリオ走行を終了しました [シナリオ名: ログイン]
[ADMIN] 17:19:36.871536 シナリオ走行を開始しました [シナリオ名: ログイン]
[ADMIN] 17:19:36.877954 シナリオ走行を終了しました [シナリオ名: Banユーザログイン]
[ADMIN] 17:19:36.877971 シナリオ走行を開始しました [シナリオ名: Banユーザログイン]
[ADMIN] 17:19:36.881882 シナリオ走行を終了しました [シナリオ名: 新規ユーザー登録]
[ADMIN] 17:19:36.881901 シナリオ走行を開始しました [シナリオ名: 新規ユーザー登録]
[ADMIN] 17:19:36.892963 シナリオ走行を終了しました [シナリオ名: 新規ユーザー登録]
[ADMIN] 17:19:36.892984 シナリオ走行を開始しました [シナリオ名: 新規ユーザー登録]
[ADMIN] 17:19:36.893375 シナリオ走行を終了しました [シナリオ名: 新規ユーザー登録]
[ADMIN] 17:19:36.893391 シナリオ走行を開始しました [シナリオ名: 新規ユーザー登録]
[ADMIN] 17:19:36.901481 シナリオ走行を終了しました [シナリオ名: 新規ユーザー登録]
[ADMIN] 17:19:36.901498 シナリオ走行を開始しました [シナリオ名: 新規ユーザー登録]
[ADMIN] 17:19:36.908723 シナリオ走行を終了しました [シナリオ名: Banユーザログイン]
[ADMIN] 17:19:36.908737 シナリオ走行を開始しました [シナリオ名: Banユーザログイン]
[ADMIN] 17:19:36.919415 シナリオ走行を終了しました [シナリオ名: ログイン]
[ADMIN] 17:19:36.919424 シナリオ走行を開始しました [シナリオ名: ログイン]
[ADMIN] 17:19:36.922002 シナリオ走行を終了しました [シナリオ名: 新規ユーザー登録]
[ADMIN] 17:19:36.922019 シナリオ走行を開始しました [シナリオ名: 新規ユーザー登録]
[ADMIN] 17:19:36.929962 シナリオ走行を終了しました [シナリオ名: 新規ユーザー登録]
[ADMIN] 17:19:36.929978 シナリオ走行を開始しました [シナリオ名: 新規ユーザー登録]
[ADMIN] 17:19:36.933280 シナリオ走行を終了しました [シナリオ名: ログイン]
[ADMIN] 17:19:36.933288 シナリオ走行を開始しました [シナリオ名: ログイン]
[ADMIN] 17:19:36.936652 シナリオ走行を終了しました [シナリオ名: 新規ユーザー登録]
[ADMIN] 17:19:36.936668 シナリオ走行を開始しました [シナリオ名: 新規ユーザー登録]
[ADMIN] 17:19:36.942640 シナリオ走行を終了しました [シナリオ名: Banユーザログイン]
[ADMIN] 17:19:36.942652 シナリオ走行を開始しました [シナリオ名: Banユーザログイン]
[ADMIN] 17:19:36.948157 シナリオ走行を終了しました [シナリオ名: Banユーザログイン]
[ADMIN] 17:19:36.948171 シナリオ走行を開始しました [シナリオ名: Banユーザログイン]
[ADMIN] 17:19:36.982813 シナリオ走行を終了しました [シナリオ名: ログイン]
[ADMIN] 17:19:36.982826 シナリオ走行を開始しました [シナリオ名: ログイン]
[ADMIN] 17:19:36.989375 シナリオ走行を終了しました [シナリオ名: 新規ユーザー登録]
[ADMIN] 17:19:36.989392 シナリオ走行を開始しました [シナリオ名: 新規ユーザー登録]
[ADMIN] 17:19:36.999919 シナリオ走行を終了しました [シナリオ名: ログイン]
[ADMIN] 17:19:36.999929 シナリオ走行を開始しました [シナリオ名: ログイン]
[ADMIN] 17:19:37.001773 シナリオ走行を終了しました [シナリオ名: 新規ユーザー登録]
[ADMIN] 17:19:37.001791 シナリオ走行を開始しました [シナリオ名: 新規ユーザー登録]
[ADMIN] 17:19:37.006990 シナリオ走行を終了しました [シナリオ名: ログイン]
[ADMIN] 17:19:37.007000 シナリオ走行を開始しました [シナリオ名: ログイン]
[ADMIN] 17:19:37.009919 シナリオ走行を終了しました [シナリオ名: Banユーザログイン]
[ADMIN] 17:19:37.009930 シナリオ走行を開始しました [シナリオ名: Banユーザログイン]
[ADMIN] 17:19:37.015610 シナリオ走行を終了しました [シナリオ名: ログイン]
[ADMIN] 17:19:37.015620 シナリオ走行を開始しました [シナリオ名: ログイン]
[ADMIN] 17:19:37.032726 シナリオ走行を終了しました [シナリオ名: 新規ユーザー登録]
[ADMIN] 17:19:37.032744 シナリオ走行を開始しました [シナリオ名: 新規ユーザー登録]
[ADMIN] 17:19:37.038405 シナリオ走行を終了しました [シナリオ名: Banユーザログイン]
[ADMIN] 17:19:37.038419 シナリオ走行を開始しました [シナリオ名: Banユーザログイン]
[ADMIN] 17:19:37.043134 シナリオ走行を終了しました [シナリオ名: ログイン]
[ADMIN] 17:19:37.043142 シナリオ走行を開始しました [シナリオ名: ログイン]
[ADMIN] 17:19:37.052131 シナリオ走行を終了しました [シナリオ名: Banユーザログイン]
[ADMIN] 17:19:37.052145 シナリオ走行を開始しました [シナリオ名: Banユーザログイン]
[ADMIN] 17:19:37.055166 シナリオ走行を終了しました [シナリオ名: ログイン]
[ADMIN] 17:19:37.055177 シナリオ走行を開始しました [シナリオ名: ログイン]
[ADMIN] 17:19:37.068320 シナリオ走行を終了しました [シナリオ名: Banユーザログイン]
[ADMIN] 17:19:37.068336 シナリオ走行を開始しました [シナリオ名: Banユーザログイン]
[ADMIN] 17:19:37.080551 シナリオ走行を終了しました [シナリオ名: 新規ユーザー登録]
[ADMIN] 17:19:37.080573 シナリオ走行を開始しました [シナリオ名: 新規ユーザー登録]
[ADMIN] 17:19:37.085249 シナリオ走行を終了しました [シナリオ名: 新規ユーザー登録]
[ADMIN] 17:19:37.085267 シナリオ走行を開始しました [シナリオ名: 新規ユーザー登録]
[ADMIN] 17:19:37.089679 シナリオ走行を終了しました [シナリオ名: Banユーザログイン]
[ADMIN] 17:19:37.089695 シナリオ走行を開始しました [シナリオ名: Banユーザログイン]
[ADMIN] 17:19:37.097357 シナリオ走行を終了しました [シナリオ名: Banユーザログイン]
[ADMIN] 17:19:37.097372 シナリオ走行を開始しました [シナリオ名: Banユーザログイン]
[ADMIN] 17:19:37.103084 シナリオ走行を終了しました [シナリオ名: Banユーザログイン]
[ADMIN] 17:19:37.103096 シナリオ走行を開始しました [シナリオ名: Banユーザログイン]
[ADMIN] 17:19:37.114662 シナリオ走行を終了しました [シナリオ名: 新規ユーザー登録]
[ADMIN] 17:19:37.114680 シナリオ走行を開始しました [シナリオ名: 新規ユーザー登録]
[ADMIN] 17:19:37.131096 シナリオ走行を終了しました [シナリオ名: 新規ユーザー登録]
[ADMIN] 17:19:37.131109 シナリオ走行を開始しました [シナリオ名: 新規ユーザー登録]
[ADMIN] 17:19:37.144425 シナリオ走行を終了しました [シナリオ名: 新規ユーザー登録]
[ADMIN] 17:19:37.144444 シナリオ走行を開始しました [シナリオ名: 新規ユーザー登録]
[ADMIN] 17:19:37.148935 シナリオ走行を終了しました [シナリオ名: Banユーザログイン]
[ADMIN] 17:19:37.148950 シナリオ走行を開始しました [シナリオ名: Banユーザログイン]
[ADMIN] 17:19:37.157540 シナリオ走行を終了しました [シナリオ名: 新規ユーザー登録]
[ADMIN] 17:19:37.157560 シナリオ走行を開始しました [シナリオ名: 新規ユーザー登録]
[ADMIN] 17:19:37.188395 シナリオ走行を終了しました [シナリオ名: 新規ユーザー登録]
[ADMIN] 17:19:37.188413 シナリオ走行を開始しました [シナリオ名: 新規ユーザー登録]
[ADMIN] 17:19:37.188532 シナリオ走行を終了しました [シナリオ名: 新規ユーザー登録]
[ADMIN] 17:19:37.188546 シナリオ走行を開始しました [シナリオ名: 新規ユーザー登録]
[ADMIN] 17:19:37.188758 シナリオ走行を終了しました [シナリオ名: 新規ユーザー登録]
[ADMIN] 17:19:37.188772 シナリオ走行を開始しました [シナリオ名: 新規ユーザー登録]
[ADMIN] 17:19:37.194677 シナリオ走行を終了しました [シナリオ名: ログイン]
[ADMIN] 17:19:37.194690 シナリオ走行を開始しました [シナリオ名: ログイン]
[ADMIN] 17:19:37.196381 シナリオ走行を終了しました [シナリオ名: 新規ユーザー登録]
[ADMIN] 17:19:37.196398 シナリオ走行を開始しました [シナリオ名: 新規ユーザー登録]
[ADMIN] 17:19:37.196814 シナリオ走行を終了しました [シナリオ名: 新規ユーザー登録]
[ADMIN] 17:19:37.196831 シナリオ走行を開始しました [シナリオ名: 新規ユーザー登録]
[ADMIN] 17:19:37.203818 シナリオ走行を終了しました [シナリオ名: 新規ユーザー登録]
[ADMIN] 17:19:37.203832 シナリオ走行を開始しました [シナリオ名: 新規ユーザー登録]
[ADMIN] 17:19:37.208749 シナリオ走行を終了しました [シナリオ名: Banユーザログイン]
[ADMIN] 17:19:37.208762 シナリオ走行を開始しました [シナリオ名: Banユーザログイン]
[ADMIN] 17:19:37.216819 シナリオ走行を終了しました [シナリオ名: 新規ユーザー登録]
[ADMIN] 17:19:37.216843 シナリオ走行を開始しました [シナリオ名: 新規ユーザー登録]
[ADMIN] 17:19:37.223651 シナリオ走行を終了しました [シナリオ名: 新規ユーザー登録]
[ADMIN] 17:19:37.223668 シナリオ走行を開始しました [シナリオ名: 新規ユーザー登録]
[ADMIN] 17:19:37.239084 シナリオ走行を終了しました [シナリオ名: 新規ユーザー登録]
[ADMIN] 17:19:37.239101 シナリオ走行を開始しました [シナリオ名: 新規ユーザー登録]
[ADMIN] 17:19:37.243268 シナリオ走行を終了しました [シナリオ名: ログイン]
[ADMIN] 17:19:37.243278 シナリオ走行を開始しました [シナリオ名: ログイン]
[ADMIN] 17:19:37.257296 シナリオ走行を終了しました [シナリオ名: 新規ユーザー登録]
[ADMIN] 17:19:37.257311 シナリオ走行を開始しました [シナリオ名: 新規ユーザー登録]
[ADMIN] 17:19:37.277491 シナリオ走行を終了しました [シナリオ名: 新規ユーザー登録]
[ADMIN] 17:19:37.277507 シナリオ走行を開始しました [シナリオ名: 新規ユーザー登録]
[ADMIN] 17:19:37.284313 シナリオ走行を終了しました [シナリオ名: ログイン]
[ADMIN] 17:19:37.284324 シナリオ走行を開始しました [シナリオ名: ログイン]
[ADMIN] 17:19:37.292644 シナリオ走行を終了しました [シナリオ名: 新規ユーザー登録]
[ADMIN] 17:19:37.292656 シナリオ走行を開始しました [シナリオ名: 新規ユーザー登録]
[ADMIN] 17:19:37.325033 シナリオ走行を終了しました [シナリオ名: 新規ユーザー登録]
[ADMIN] 17:19:37.325049 シナリオ走行を開始しました [シナリオ名: 新規ユーザー登録]
[ADMIN] 17:19:37.333071 シナリオ走行を終了しました [シナリオ名: 新規ユーザー登録]
[ADMIN] 17:19:37.333089 シナリオ走行を開始しました [シナリオ名: 新規ユーザー登録]
[ADMIN] 17:19:37.342798 シナリオ走行を終了しました [シナリオ名: Banユーザログイン]
[ADMIN] 17:19:37.342808 シナリオ走行を開始しました [シナリオ名: Banユーザログイン]
[ADMIN] 17:19:37.350094 シナリオ走行を終了しました [シナリオ名: 新規ユーザー登録]
[ADMIN] 17:19:37.350110 シナリオ走行を開始しました [シナリオ名: 新規ユーザー登録]
[ADMIN] 17:19:37.408836 シナリオ走行を終了しました [シナリオ名: ログイン]
[ADMIN] 17:19:37.408850 シナリオ走行を開始しました [シナリオ名: ログイン]
[ADMIN] 17:19:37.438686 シナリオ走行を終了しました [シナリオ名: 新規ユーザー登録]
[ADMIN] 17:19:37.438709 シナリオ走行を開始しました [シナリオ名: 新規ユーザー登録]
[ADMIN] 17:19:37.438750 シナリオ走行を終了しました [シナリオ名: 新規ユーザー登録]
[ADMIN] 17:19:37.438772 シナリオ走行を開始しました [シナリオ名: 新規ユーザー登録]
[ADMIN] 17:19:37.444728 シナリオ走行を終了しました [シナリオ名: ログイン]
[ADMIN] 17:19:37.444737 シナリオ走行を開始しました [シナリオ名: ログイン]
[ADMIN] 17:19:37.444953 シナリオ走行を終了しました [シナリオ名: 新規ユーザー登録]
[ADMIN] 17:19:37.444970 シナリオ走行を開始しました [シナリオ名: 新規ユーザー登録]
[ADMIN] 17:19:37.446134 シナリオ走行を終了しました [シナリオ名: ログイン]
[ADMIN] 17:19:37.446144 シナリオ走行を開始しました [シナリオ名: ログイン]
[ADMIN] 17:19:37.459092 シナリオ走行を終了しました [シナリオ名: 新規ユーザー登録]
[ADMIN] 17:19:37.459110 シナリオ走行を開始しました [シナリオ名: 新規ユーザー登録]
[ADMIN] 17:19:37.472021 シナリオ走行を終了しました [シナリオ名: Banユーザログイン]
[ADMIN] 17:19:37.472034 シナリオ走行を開始しました [シナリオ名: Banユーザログイン]
[ADMIN] 17:19:37.498488 シナリオ走行を終了しました [シナリオ名: 新規ユーザー登録]
[ADMIN] 17:19:37.498505 シナリオ走行を開始しました [シナリオ名: 新規ユーザー登録]
[ADMIN] 17:19:37.508853 シナリオ走行を終了しました [シナリオ名: ログイン]
[ADMIN] 17:19:37.508865 シナリオ走行を開始しました [シナリオ名: ログイン]
[ADMIN] 17:19:37.515343 シナリオ走行を終了しました [シナリオ名: ログイン]
[ADMIN] 17:19:37.515355 シナリオ走行を開始しました [シナリオ名: ログイン]
[ADMIN] 17:19:37.520596 シナリオ走行を終了しました [シナリオ名: Banユーザログイン]
[ADMIN] 17:19:37.520622 シナリオ走行を開始しました [シナリオ名: Banユーザログイン]
[ADMIN] 17:19:37.524858 シナリオ走行を終了しました [シナリオ名: ログイン]
[ADMIN] 17:19:37.524867 シナリオ走行を開始しました [シナリオ名: ログイン]
[ADMIN] 17:19:37.528297 シナリオ走行を終了しました [シナリオ名: ログイン]
[ADMIN] 17:19:37.528306 シナリオ走行を開始しました [シナリオ名: ログイン]
[ADMIN] 17:19:37.528714 シナリオ走行を終了しました [シナリオ名: ログイン]
[ADMIN] 17:19:37.528721 シナリオ走行を開始しました [シナリオ名: ログイン]
[ADMIN] 17:19:37.530245 シナリオ走行を終了しました [シナリオ名: 新規ユーザー登録]
[ADMIN] 17:19:37.530262 シナリオ走行を開始しました [シナリオ名: 新規ユーザー登録]
[ADMIN] 17:19:37.531577 シナリオ走行を終了しました [シナリオ名: Banユーザログイン]
[ADMIN] 17:19:37.531589 シナリオ走行を開始しました [シナリオ名: Banユーザログイン]
[ADMIN] 17:19:37.560083 シナリオ走行を終了しました [シナリオ名: 新規ユーザー登録]
[ADMIN] 17:19:37.560102 シナリオ走行を開始しました [シナリオ名: 新規ユーザー登録]
[ADMIN] 17:19:37.578273 シナリオ走行を終了しました [シナリオ名: Banユーザログイン]
[ADMIN] 17:19:37.578303 シナリオ走行を開始しました [シナリオ名: Banユーザログイン]
[ADMIN] 17:19:37.581027 シナリオ走行を終了しました [シナリオ名: 新規ユーザー登録]
[ADMIN] 17:19:37.581044 シナリオ走行を開始しました [シナリオ名: 新規ユーザー登録]
[ADMIN] 17:19:37.591215 シナリオ走行を終了しました [シナリオ名: ログイン]
[ADMIN] 17:19:37.591226 シナリオ走行を開始しました [シナリオ名: ログイン]
[ADMIN] 17:19:37.596538 シナリオ走行を終了しました [シナリオ名: Banユーザログイン]
[ADMIN] 17:19:37.596554 シナリオ走行を開始しました [シナリオ名: Banユーザログイン]
[ADMIN] 17:19:37.602512 シナリオ走行を終了しました [シナリオ名: Banユーザログイン]
[ADMIN] 17:19:37.602526 シナリオ走行を開始しました [シナリオ名: Banユーザログイン]
[ADMIN] 17:19:37.617043 シナリオ走行を終了しました [シナリオ名: ログイン]
[ADMIN] 17:19:37.617054 シナリオ走行を開始しました [シナリオ名: ログイン]
[ADMIN] 17:19:37.689661 シナリオ走行を終了しました [シナリオ名: Banユーザログイン]
[ADMIN] 17:19:37.689681 シナリオ走行を開始しました [シナリオ名: Banユーザログイン]
[ADMIN] 17:19:37.696819 シナリオ走行を終了しました [シナリオ名: Banユーザログイン]
[ADMIN] 17:19:37.696840 シナリオ走行を開始しました [シナリオ名: Banユーザログイン]
[ADMIN] 17:19:37.699636 シナリオ走行を終了しました [シナリオ名: 新規ユーザー登録]
[ADMIN] 17:19:37.699660 シナリオ走行を開始しました [シナリオ名: 新規ユーザー登録]
[ADMIN] 17:19:37.706825 シナリオ走行を終了しました [シナリオ名: Banユーザログイン]
[ADMIN] 17:19:37.706848 シナリオ走行を開始しました [シナリオ名: Banユーザログイン]
[ADMIN] 17:19:37.709276 シナリオ走行を終了しました [シナリオ名: 新規ユーザー登録]
[ADMIN] 17:19:37.709291 シナリオ走行を開始しました [シナリオ名: 新規ユーザー登録]
[ADMIN] 17:19:37.709923 シナリオ走行を終了しました [シナリオ名: Banユーザログイン]
[ADMIN] 17:19:37.709938 シナリオ走行を開始しました [シナリオ名: Banユーザログイン]
[ADMIN] 17:19:37.711297 シナリオ走行を終了しました [シナリオ名: 新規ユーザー登録]
[ADMIN] 17:19:37.711312 シナリオ走行を開始しました [シナリオ名: 新規ユーザー登録]
[ADMIN] 17:19:37.747324 シナリオ走行を終了しました [シナリオ名: Banユーザログイン]
[ADMIN] 17:19:37.747344 シナリオ走行を開始しました [シナリオ名: Banユーザログイン]
[ADMIN] 17:19:37.766908 シナリオ走行を終了しました [シナリオ名: Banユーザログイン]
[ADMIN] 17:19:37.766930 シナリオ走行を開始しました [シナリオ名: Banユーザログイン]
[ADMIN] 17:19:37.795116 シナリオ走行を終了しました [シナリオ名: Banユーザログイン]
[ADMIN] 17:19:37.795137 シナリオ走行を開始しました [シナリオ名: Banユーザログイン]
[ADMIN] 17:19:37.893053 シナリオ走行を終了しました [シナリオ名: ログイン]
[ADMIN] 17:19:37.893067 シナリオ走行を開始しました [シナリオ名: ログイン]
[ADMIN] 17:19:37.901583 シナリオ走行を終了しました [シナリオ名: 新規ユーザー登録]
[ADMIN] 17:19:37.901608 シナリオ走行を開始しました [シナリオ名: 新規ユーザー登録]
[ADMIN] 17:19:37.965566 シナリオ走行を終了しました [シナリオ名: ログイン]
[ADMIN] 17:19:37.965580 シナリオ走行を開始しました [シナリオ名: ログイン]
[ADMIN] 17:19:37.970054 シナリオ走行を終了しました [シナリオ名: Banユーザログイン]
[ADMIN] 17:19:37.970073 シナリオ走行を開始しました [シナリオ名: Banユーザログイン]
[ADMIN] 17:19:38.017148 シナリオ走行を終了しました [シナリオ名: ログイン]
[ADMIN] 17:19:38.017164 シナリオ走行を開始しました [シナリオ名: ログイン]
[ADMIN] 17:19:38.079418 シナリオ走行を終了しました [シナリオ名: Banユーザログイン]
[ADMIN] 17:19:38.079435 シナリオ走行を開始しました [シナリオ名: Banユーザログイン]
[ADMIN] 17:19:38.083965 シナリオ走行を終了しました [シナリオ名: 新規ユーザー登録]
[ADMIN] 17:19:38.083985 シナリオ走行を開始しました [シナリオ名: 新規ユーザー登録]
[ADMIN] 17:19:38.106093 シナリオ走行を終了しました [シナリオ名: Banユーザログイン]
[ADMIN] 17:19:38.106107 シナリオ走行を開始しました [シナリオ名: Banユーザログイン]
[ADMIN] 17:19:38.129785 シナリオ走行を終了しました [シナリオ名: Banユーザログイン]
[ADMIN] 17:19:38.129801 シナリオ走行を開始しました [シナリオ名: Banユーザログイン]
[ADMIN] 17:19:38.133620 シナリオ走行を終了しました [シナリオ名: ログイン]
[ADMIN] 17:19:38.133631 シナリオ走行を開始しました [シナリオ名: ログイン]
[ADMIN] 17:19:38.177667 シナリオ走行を終了しました [シナリオ名: ログイン]
[ADMIN] 17:19:38.177677 シナリオ走行を開始しました [シナリオ名: ログイン]
[ADMIN] 17:19:38.181923 シナリオ走行を終了しました [シナリオ名: ログイン]
[ADMIN] 17:19:38.181934 シナリオ走行を開始しました [シナリオ名: ログイン]
[ADMIN] 17:19:38.205304 シナリオ走行を終了しました [シナリオ名: 新規ユーザー登録]
[ADMIN] 17:19:38.205322 シナリオ走行を開始しました [シナリオ名: 新規ユーザー登録]
[ADMIN] 17:19:38.207694 シナリオ走行を終了しました [シナリオ名: Banユーザログイン]
[ADMIN] 17:19:38.207708 シナリオ走行を開始しました [シナリオ名: Banユーザログイン]
[ADMIN] 17:19:38.209073 シナリオ走行を終了しました [シナリオ名: Banユーザログイン]
[ADMIN] 17:19:38.209087 シナリオ走行を開始しました [シナリオ名: Banユーザログイン]
[ADMIN] 17:19:38.229002 シナリオ走行を終了しました [シナリオ名: Banユーザログイン]
[ADMIN] 17:19:38.229019 シナリオ走行を開始しました [シナリオ名: Banユーザログイン]
[ADMIN] 17:19:38.249310 シナリオ走行を終了しました [シナリオ名: Banユーザログイン]
[ADMIN] 17:19:38.249325 シナリオ走行を開始しました [シナリオ名: Banユーザログイン]
[ADMIN] 17:19:38.272922 シナリオ走行を終了しました [シナリオ名: 新規ユーザー登録]
[ADMIN] 17:19:38.272942 シナリオ走行を開始しました [シナリオ名: 新規ユーザー登録]
[ADMIN] 17:19:38.278350 シナリオ走行を終了しました [シナリオ名: Banユーザログイン]
[ADMIN] 17:19:38.278361 シナリオ走行を開始しました [シナリオ名: Banユーザログイン]
[ADMIN] 17:19:38.298890 シナリオ走行を終了しました [シナリオ名: Banユーザログイン]
[ADMIN] 17:19:38.298905 シナリオ走行を開始しました [シナリオ名: Banユーザログイン]
[ADMIN] 17:19:38.315397 シナリオ走行を終了しました [シナリオ名: Banユーザログイン]
[ADMIN] 17:19:38.315412 シナリオ走行を開始しました [シナリオ名: Banユーザログイン]
[ADMIN] 17:19:38.332649 シナリオ走行を終了しました [シナリオ名: Banユーザログイン]
[ADMIN] 17:19:38.332664 シナリオ走行を開始しました [シナリオ名: Banユーザログイン]
[ADMIN] 17:19:38.338954 シナリオ走行を終了しました [シナリオ名: Banユーザログイン]
[ADMIN] 17:19:38.338965 シナリオ走行を開始しました [シナリオ名: Banユーザログイン]
[ADMIN] 17:19:38.365387 シナリオ走行を終了しました [シナリオ名: Banユーザログイン]
[ADMIN] 17:19:38.365406 シナリオ走行を開始しました [シナリオ名: Banユーザログイン]
[ADMIN] 17:19:38.378162 シナリオ走行を終了しました [シナリオ名: ログイン]
[ADMIN] 17:19:38.378174 シナリオ走行を開始しました [シナリオ名: ログイン]
[ADMIN] 17:19:38.384032 シナリオ走行を終了しました [シナリオ名: ログイン]
[ADMIN] 17:19:38.384041 シナリオ走行を開始しました [シナリオ名: ログイン]
[ADMIN] 17:19:38.388235 シナリオ走行を終了しました [シナリオ名: ログイン]
[ADMIN] 17:19:38.388246 シナリオ走行を開始しました [シナリオ名: ログイン]
[ADMIN] 17:19:38.531583 シナリオ走行を終了しました [シナリオ名: ログイン]
[ADMIN] 17:19:38.531599 シナリオ走行を開始しました [シナリオ名: ログイン]
[ADMIN] 17:19:38.535941 シナリオ走行を終了しました [シナリオ名: ログイン]
[ADMIN] 17:19:38.535951 シナリオ走行を開始しました [シナリオ名: ログイン]
[ADMIN] 17:19:38.538107 シナリオ走行を終了しました [シナリオ名: ログイン]
[ADMIN] 17:19:38.538118 シナリオ走行を開始しました [シナリオ名: ログイン]
[ADMIN] 17:19:38.552244 シナリオ走行を終了しました [シナリオ名: ログイン]
[ADMIN] 17:19:38.552257 シナリオ走行を開始しました [シナリオ名: ログイン]
[ADMIN] 17:19:38.554992 シナリオ走行を終了しました [シナリオ名: ログイン]
[ADMIN] 17:19:38.555002 シナリオ走行を開始しました [シナリオ名: ログイン]
[ADMIN] 17:19:38.581172 シナリオ走行を終了しました [シナリオ名: Banユーザログイン]
[ADMIN] 17:19:38.581188 シナリオ走行を開始しました [シナリオ名: Banユーザログイン]
[ADMIN] 17:19:38.597050 シナリオ走行を終了しました [シナリオ名: ログイン]
[ADMIN] 17:19:38.597063 シナリオ走行を開始しました [シナリオ名: ログイン]
[ADMIN] 17:19:38.601461 シナリオ走行を終了しました [シナリオ名: ログイン]
[ADMIN] 17:19:38.601470 シナリオ走行を開始しました [シナリオ名: ログイン]
[ADMIN] 17:19:38.605933 シナリオ走行を終了しました [シナリオ名: ログイン]
[ADMIN] 17:19:38.605949 シナリオ走行を開始しました [シナリオ名: ログイン]
[ADMIN] 17:19:38.625402 シナリオ走行を終了しました [シナリオ名: ログイン]
[ADMIN] 17:19:38.625413 シナリオ走行を開始しました [シナリオ名: ログイン]
[ADMIN] 17:19:38.630108 シナリオ走行を終了しました [シナリオ名: ログイン]
[ADMIN] 17:19:38.630120 シナリオ走行を開始しました [シナリオ名: ログイン]
[ADMIN] 17:19:38.647012 シナリオ走行を終了しました [シナリオ名: Banユーザログイン]
[ADMIN] 17:19:38.647034 シナリオ走行を開始しました [シナリオ名: Banユーザログイン]
[ADMIN] 17:19:38.659329 シナリオ走行を終了しました [シナリオ名: ログイン]
[ADMIN] 17:19:38.659344 シナリオ走行を開始しました [シナリオ名: ログイン]
[ADMIN] 17:19:38.659935 シナリオ走行を終了しました [シナリオ名: ログイン]
[ADMIN] 17:19:38.659945 シナリオ走行を開始しました [シナリオ名: ログイン]
[ADMIN] 17:19:38.668683 シナリオ走行を終了しました [シナリオ名: Banユーザログイン]
[ADMIN] 17:19:38.668701 シナリオ走行を開始しました [シナリオ名: Banユーザログイン]
[ADMIN] 17:19:38.670780 シナリオ走行を終了しました [シナリオ名: ログイン]
[ADMIN] 17:19:38.670800 シナリオ走行を開始しました [シナリオ名: ログイン]
[ADMIN] 17:19:38.679136 シナリオ走行を終了しました [シナリオ名: ログイン]
[ADMIN] 17:19:38.679149 シナリオ走行を開始しました [シナリオ名: ログイン]
[ADMIN] 17:19:38.679905 シナリオ走行を終了しました [シナリオ名: ログイン]
[ADMIN] 17:19:38.679914 シナリオ走行を開始しました [シナリオ名: ログイン]
[ADMIN] 17:19:38.721034 シナリオ走行を終了しました [シナリオ名: ログイン]
[ADMIN] 17:19:38.721048 シナリオ走行を開始しました [シナリオ名: ログイン]
[ADMIN] 17:19:38.721327 シナリオ走行を終了しました [シナリオ名: ログイン]
[ADMIN] 17:19:38.721337 シナリオ走行を開始しました [シナリオ名: ログイン]
[ADMIN] 17:19:38.721504 シナリオ走行を終了しました [シナリオ名: ログイン]
[ADMIN] 17:19:38.721513 シナリオ走行を開始しました [シナリオ名: ログイン]
[ADMIN] 17:19:38.727912 シナリオ走行を終了しました [シナリオ名: ログイン]
[ADMIN] 17:19:38.727920 シナリオ走行を開始しました [シナリオ名: ログイン]
[ADMIN] 17:19:38.728177 シナリオ走行を終了しました [シナリオ名: ログイン]
[ADMIN] 17:19:38.728187 シナリオ走行を開始しました [シナリオ名: ログイン]
[ADMIN] 17:19:38.779330 シナリオ走行を終了しました [シナリオ名: Banユーザログイン]
[ADMIN] 17:19:38.779349 シナリオ走行を開始しました [シナリオ名: Banユーザログイン]
[ADMIN] 17:19:38.788154 シナリオ走行を終了しました [シナリオ名: ログイン]
[ADMIN] 17:19:38.788168 シナリオ走行を開始しました [シナリオ名: ログイン]
[ADMIN] 17:19:38.796797 シナリオ走行を終了しました [シナリオ名: Banユーザログイン]
[ADMIN] 17:19:38.796820 シナリオ走行を開始しました [シナリオ名: Banユーザログイン]
[ADMIN] 17:19:38.796897 シナリオ走行を終了しました [シナリオ名: ログイン]
[ADMIN] 17:19:38.796905 シナリオ走行を開始しました [シナリオ名: ログイン]
[ADMIN] 17:19:38.819411 シナリオ走行を終了しました [シナリオ名: ログイン]
[ADMIN] 17:19:38.819421 シナリオ走行を開始しました [シナリオ名: ログイン]
[ADMIN] 17:19:38.830215 シナリオ走行を終了しました [シナリオ名: Banユーザログイン]
[ADMIN] 17:19:38.830231 シナリオ走行を開始しました [シナリオ名: Banユーザログイン]
[ADMIN] 17:19:38.837249 シナリオ走行を終了しました [シナリオ名: Banユーザログイン]
[ADMIN] 17:19:38.837263 シナリオ走行を開始しました [シナリオ名: Banユーザログイン]
[ADMIN] 17:19:38.839727 シナリオ走行を終了しました [シナリオ名: ログイン]
[ADMIN] 17:19:38.839742 シナリオ走行を開始しました [シナリオ名: ログイン]
[ADMIN] 17:19:38.844430 シナリオ走行を終了しました [シナリオ名: Banユーザログイン]
[ADMIN] 17:19:38.844444 シナリオ走行を開始しました [シナリオ名: Banユーザログイン]
[ADMIN] 17:19:38.859523 シナリオ走行を終了しました [シナリオ名: ログイン]
[ADMIN] 17:19:38.859533 シナリオ走行を開始しました [シナリオ名: ログイン]
[ADMIN] 17:19:38.875889 シナリオ走行を終了しました [シナリオ名: Banユーザログイン]
[ADMIN] 17:19:38.875902 シナリオ走行を開始しました [シナリオ名: Banユーザログイン]
[ADMIN] 17:19:38.881440 シナリオ走行を終了しました [シナリオ名: Banユーザログイン]
[ADMIN] 17:19:38.881452 シナリオ走行を開始しました [シナリオ名: Banユーザログイン]
[ADMIN] 17:19:38.884246 シナリオ走行を終了しました [シナリオ名: ログイン]
[ADMIN] 17:19:38.884256 シナリオ走行を開始しました [シナリオ名: ログイン]
[ADMIN] 17:19:38.885581 シナリオ走行を終了しました [シナリオ名: ログイン]
[ADMIN] 17:19:38.885589 シナリオ走行を開始しました [シナリオ名: ログイン]
[ADMIN] 17:19:38.891544 シナリオ走行を終了しました [シナリオ名: ログイン]
[ADMIN] 17:19:38.891554 シナリオ走行を開始しました [シナリオ名: ログイン]
[ADMIN] 17:19:38.896856 シナリオ走行を終了しました [シナリオ名: ログイン]
[ADMIN] 17:19:38.896865 シナリオ走行を開始しました [シナリオ名: ログイン]
[ADMIN] 17:19:38.899356 シナリオ走行を終了しました [シナリオ名: ログイン]
[ADMIN] 17:19:38.899365 シナリオ走行を開始しました [シナリオ名: ログイン]
[ADMIN] 17:19:38.919968 シナリオ走行を終了しました [シナリオ名: ログイン]
[ADMIN] 17:19:38.919978 シナリオ走行を開始しました [シナリオ名: ログイン]
[ADMIN] 17:19:38.924270 シナリオ走行を終了しました [シナリオ名: Banユーザログイン]
[ADMIN] 17:19:38.924283 シナリオ走行を開始しました [シナリオ名: Banユーザログイン]
[ADMIN] 17:19:38.929131 シナリオ走行を終了しました [シナリオ名: ログイン]
[ADMIN] 17:19:38.929138 シナリオ走行を開始しました [シナリオ名: ログイン]
[ADMIN] 17:19:38.931540 シナリオ走行を終了しました [シナリオ名: Banユーザログイン]
[ADMIN] 17:19:38.931552 シナリオ走行を開始しました [シナリオ名: Banユーザログイン]
[ADMIN] 17:19:38.939332 シナリオ走行を終了しました [シナリオ名: ログイン]
[ADMIN] 17:19:38.939342 シナリオ走行を開始しました [シナリオ名: ログイン]
[ADMIN] 17:19:38.943062 シナリオ走行を終了しました [シナリオ名: ログイン]
[ADMIN] 17:19:38.943070 シナリオ走行を開始しました [シナリオ名: ログイン]
[ADMIN] 17:19:38.947656 シナリオ走行を終了しました [シナリオ名: Banユーザログイン]
[ADMIN] 17:19:38.947669 シナリオ走行を開始しました [シナリオ名: Banユーザログイン]
[ADMIN] 17:19:38.965174 シナリオ走行を終了しました [シナリオ名: ログイン]
[ADMIN] 17:19:38.965188 シナリオ走行を開始しました [シナリオ名: ログイン]
[ADMIN] 17:19:38.991813 シナリオ走行を終了しました [シナリオ名: Banユーザログイン]
[ADMIN] 17:19:38.991840 シナリオ走行を開始しました [シナリオ名: Banユーザログイン]
[ADMIN] 17:19:39.002644 シナリオ走行を終了しました [シナリオ名: ログイン]
[ADMIN] 17:19:39.002677 シナリオ走行を開始しました [シナリオ名: ログイン]
[ADMIN] 17:19:39.002755 シナリオ走行を終了しました [シナリオ名: ログイン]
[ADMIN] 17:19:39.002775 シナリオ走行を開始しました [シナリオ名: ログイン]
[ADMIN] 17:19:39.009748 シナリオ走行を終了しました [シナリオ名: ログイン]
[ADMIN] 17:19:39.009759 シナリオ走行を開始しました [シナリオ名: ログイン]
[ADMIN] 17:19:39.017624 シナリオ走行を終了しました [シナリオ名: ログイン]
[ADMIN] 17:19:39.017633 シナリオ走行を開始しました [シナリオ名: ログイン]
[ADMIN] 17:19:39.024669 シナリオ走行を終了しました [シナリオ名: ログイン]
[ADMIN] 17:19:39.024678 シナリオ走行を開始しました [シナリオ名: ログイン]
[ADMIN] 17:19:39.027539 シナリオ走行を終了しました [シナリオ名: ログイン]
[ADMIN] 17:19:39.027547 シナリオ走行を開始しました [シナリオ名: ログイン]
[ADMIN] 17:19:39.080677 シナリオ走行を終了しました [シナリオ名: ログイン]
[ADMIN] 17:19:39.080691 シナリオ走行を開始しました [シナリオ名: ログイン]
[ADMIN] 17:19:39.103695 シナリオ走行を終了しました [シナリオ名: ログイン]
[ADMIN] 17:19:39.103707 シナリオ走行を開始しました [シナリオ名: ログイン]
[ADMIN] 17:19:39.137326 シナリオ走行を終了しました [シナリオ名: ログイン]
[ADMIN] 17:19:39.137340 シナリオ走行を開始しました [シナリオ名: ログイン]
[ADMIN] 17:19:39.141447 シナリオ走行を終了しました [シナリオ名: ログイン]
[ADMIN] 17:19:39.141455 シナリオ走行を開始しました [シナリオ名: ログイン]
[ADMIN] 17:19:39.171477 シナリオ走行を終了しました [シナリオ名: Banユーザログイン]
[ADMIN] 17:19:39.171493 シナリオ走行を開始しました [シナリオ名: Banユーザログイン]
[ADMIN] 17:19:39.187237 シナリオ走行を終了しました [シナリオ名: ログイン]
[ADMIN] 17:19:39.187252 シナリオ走行を開始しました [シナリオ名: ログイン]
[ADMIN] 17:19:39.213734 シナリオ走行を終了しました [シナリオ名: Banユーザログイン]
[ADMIN] 17:19:39.213751 シナリオ走行を開始しました [シナリオ名: Banユーザログイン]
[ADMIN] 17:19:39.217571 シナリオ走行を終了しました [シナリオ名: ログイン]
[ADMIN] 17:19:39.217584 シナリオ走行を開始しました [シナリオ名: ログイン]
[ADMIN] 17:19:39.218908 シナリオ走行を終了しました [シナリオ名: ログイン]
[ADMIN] 17:19:39.218918 シナリオ走行を開始しました [シナリオ名: ログイン]
[ADMIN] 17:19:39.231888 シナリオ走行を終了しました [シナリオ名: ログイン]
[ADMIN] 17:19:39.231898 シナリオ走行を開始しました [シナリオ名: ログイン]
[ADMIN] 17:19:39.235831 シナリオ走行を終了しました [シナリオ名: Banユーザログイン]
[ADMIN] 17:19:39.235848 シナリオ走行を開始しました [シナリオ名: Banユーザログイン]
[ADMIN] 17:19:39.297540 シナリオ走行を終了しました [シナリオ名: ログイン]
[ADMIN] 17:19:39.297553 シナリオ走行を開始しました [シナリオ名: ログイン]
[ADMIN] 17:19:39.323656 シナリオ走行を終了しました [シナリオ名: ログイン]
[ADMIN] 17:19:39.323681 シナリオ走行を開始しました [シナリオ名: ログイン]
[ADMIN] 17:19:39.349217 シナリオ走行を終了しました [シナリオ名: 新規ユーザー登録]
[ADMIN] 17:19:39.349252 シナリオ走行を開始しました [シナリオ名: 新規ユーザー登録]
[ADMIN] 17:19:39.365128 シナリオ走行を終了しました [シナリオ名: ログイン]
[ADMIN] 17:19:39.365143 シナリオ走行を開始しました [シナリオ名: ログイン]
[ADMIN] 17:19:39.376231 シナリオ走行を終了しました [シナリオ名: ログイン]
[ADMIN] 17:19:39.376245 シナリオ走行を開始しました [シナリオ名: ログイン]
[ADMIN] 17:19:39.385039 シナリオ走行を終了しました [シナリオ名: Banユーザログイン]
[ADMIN] 17:19:39.385051 シナリオ走行を開始しました [シナリオ名: Banユーザログイン]
[ADMIN] 17:19:39.386910 シナリオ走行を終了しました [シナリオ名: ログイン]
[ADMIN] 17:19:39.386923 シナリオ走行を開始しました [シナリオ名: ログイン]
[ADMIN] 17:19:39.393738 シナリオ走行を終了しました [シナリオ名: ログイン]
[ADMIN] 17:19:39.393748 シナリオ走行を開始しました [シナリオ名: ログイン]
[ADMIN] 17:19:39.413176 シナリオ走行を終了しました [シナリオ名: Banユーザログイン]
[ADMIN] 17:19:39.413192 シナリオ走行を開始しました [シナリオ名: Banユーザログイン]
[ADMIN] 17:19:39.415623 シナリオ走行を終了しました [シナリオ名: Banユーザログイン]
[ADMIN] 17:19:39.415633 シナリオ走行を開始しました [シナリオ名: Banユーザログイン]
[ADMIN] 17:19:39.422338 シナリオ走行を終了しました [シナリオ名: Banユーザログイン]
[ADMIN] 17:19:39.422355 シナリオ走行を開始しました [シナリオ名: Banユーザログイン]
[ADMIN] 17:19:39.442031 シナリオ走行を終了しました [シナリオ名: Banユーザログイン]
[ADMIN] 17:19:39.442049 シナリオ走行を開始しました [シナリオ名: Banユーザログイン]
[ADMIN] 17:19:39.453814 シナリオ走行を終了しました [シナリオ名: Banユーザログイン]
[ADMIN] 17:19:39.453832 シナリオ走行を開始しました [シナリオ名: Banユーザログイン]
[ADMIN] 17:19:39.465733 シナリオ走行を終了しました [シナリオ名: ログイン]
[ADMIN] 17:19:39.465744 シナリオ走行を開始しました [シナリオ名: ログイン]
[ADMIN] 17:19:39.465888 シナリオ走行を終了しました [シナリオ名: 新規ユーザー登録]
[ADMIN] 17:19:39.465905 シナリオ走行を開始しました [シナリオ名: 新規ユーザー登録]
[ADMIN] 17:19:39.469421 シナリオ走行を終了しました [シナリオ名: ログイン]
[ADMIN] 17:19:39.469433 シナリオ走行を開始しました [シナリオ名: ログイン]
[ADMIN] 17:19:39.478644 シナリオ走行を終了しました [シナリオ名: ログイン]
[ADMIN] 17:19:39.478666 シナリオ走行を開始しました [シナリオ名: ログイン]
[ADMIN] 17:19:39.480015 シナリオ走行を終了しました [シナリオ名: ログイン]
[ADMIN] 17:19:39.480023 シナリオ走行を開始しました [シナリオ名: ログイン]
[ADMIN] 17:19:39.491288 シナリオ走行を終了しました [シナリオ名: 新規ユーザー登録]
[ADMIN] 17:19:39.491315 シナリオ走行を開始しました [シナリオ名: 新規ユーザー登録]
[ADMIN] 17:19:39.494194 シナリオ走行を終了しました [シナリオ名: ログイン]
[ADMIN] 17:19:39.494203 シナリオ走行を開始しました [シナリオ名: ログイン]
[ADMIN] 17:19:39.504141 シナリオ走行を終了しました [シナリオ名: Banユーザログイン]
[ADMIN] 17:19:39.504158 シナリオ走行を開始しました [シナリオ名: Banユーザログイン]
[ADMIN] 17:19:39.512846 シナリオ走行を終了しました [シナリオ名: Banユーザログイン]
[ADMIN] 17:19:39.512863 シナリオ走行を開始しました [シナリオ名: Banユーザログイン]
[ADMIN] 17:19:39.546505 シナリオ走行を終了しました [シナリオ名: Banユーザログイン]
[ADMIN] 17:19:39.546520 シナリオ走行を開始しました [シナリオ名: Banユーザログイン]
[ADMIN] 17:19:39.558046 シナリオ走行を終了しました [シナリオ名: Banユーザログイン]
[ADMIN] 17:19:39.558055 シナリオ走行を開始しました [シナリオ名: Banユーザログイン]
[ADMIN] 17:19:39.570447 シナリオ走行を終了しました [シナリオ名: 新規ユーザー登録]
[ADMIN] 17:19:39.570466 シナリオ走行を開始しました [シナリオ名: 新規ユーザー登録]
[ADMIN] 17:19:39.592211 シナリオ走行を終了しました [シナリオ名: Banユーザログイン]
[ADMIN] 17:19:39.592223 シナリオ走行を開始しました [シナリオ名: Banユーザログイン]
[ADMIN] 17:19:39.596889 シナリオ走行を終了しました [シナリオ名: ログイン]
[ADMIN] 17:19:39.596900 シナリオ走行を開始しました [シナリオ名: ログイン]
[ADMIN] 17:19:39.596922 シナリオ走行を終了しました [シナリオ名: ログイン]
[ADMIN] 17:19:39.596931 シナリオ走行を開始しました [シナリオ名: ログイン]
[ADMIN] 17:19:39.630982 シナリオ走行を終了しました [シナリオ名: 新規ユーザー登録]
[ADMIN] 17:19:39.631001 シナリオ走行を開始しました [シナリオ名: 新規ユーザー登録]
[ADMIN] 17:19:39.696152 シナリオ走行を終了しました [シナリオ名: 新規ユーザー登録]
[ADMIN] 17:19:39.696176 シナリオ走行を開始しました [シナリオ名: 新規ユーザー登録]
[ADMIN] 17:19:39.733638 シナリオ走行を終了しました [シナリオ名: 新規ユーザー登録]
[ADMIN] 17:19:39.733660 シナリオ走行を開始しました [シナリオ名: 新規ユーザー登録]
[ADMIN] 17:19:39.747162 シナリオ走行を終了しました [シナリオ名: 新規ユーザー登録]
[ADMIN] 17:19:39.747185 シナリオ走行を開始しました [シナリオ名: 新規ユーザー登録]
[ADMIN] 17:19:39.750516 シナリオ走行を終了しました [シナリオ名: ログイン]
[ADMIN] 17:19:39.750527 シナリオ走行を開始しました [シナリオ名: ログイン]
[ADMIN] 17:19:39.757255 シナリオ走行を終了しました [シナリオ名: Banユーザログイン]
[ADMIN] 17:19:39.757271 シナリオ走行を開始しました [シナリオ名: Banユーザログイン]
[ADMIN] 17:19:39.766158 シナリオ走行を終了しました [シナリオ名: Banユーザログイン]
[ADMIN] 17:19:39.766176 シナリオ走行を開始しました [シナリオ名: Banユーザログイン]
[ADMIN] 17:19:39.777871 シナリオ走行を終了しました [シナリオ名: 新規ユーザー登録]
[ADMIN] 17:19:39.777890 シナリオ走行を開始しました [シナリオ名: 新規ユーザー登録]
[ADMIN] 17:19:39.784962 シナリオ走行を終了しました [シナリオ名: ログイン]
[ADMIN] 17:19:39.784974 シナリオ走行を開始しました [シナリオ名: ログイン]
[ADMIN] 17:19:39.829685 シナリオ走行を終了しました [シナリオ名: 新規ユーザー登録]
[ADMIN] 17:19:39.829707 シナリオ走行を開始しました [シナリオ名: 新規ユーザー登録]
[ADMIN] 17:19:39.831049 シナリオ走行を終了しました [シナリオ名: 新規ユーザー登録]
[ADMIN] 17:19:39.831065 シナリオ走行を開始しました [シナリオ名: 新規ユーザー登録]
[ADMIN] 17:19:39.831730 シナリオ走行を終了しました [シナリオ名: 新規ユーザー登録]
[ADMIN] 17:19:39.831754 シナリオ走行を開始しました [シナリオ名: 新規ユーザー登録]
[ADMIN] 17:19:39.834202 シナリオ走行を終了しました [シナリオ名: 新規ユーザー登録]
[ADMIN] 17:19:39.834217 シナリオ走行を開始しました [シナリオ名: 新規ユーザー登録]
[ADMIN] 17:19:39.834990 シナリオ走行を終了しました [シナリオ名: 新規ユーザー登録]
[ADMIN] 17:19:39.835006 シナリオ走行を開始しました [シナリオ名: 新規ユーザー登録]
[ADMIN] 17:19:39.849088 シナリオ走行を終了しました [シナリオ名: Banユーザログイン]
[ADMIN] 17:19:39.849102 シナリオ走行を開始しました [シナリオ名: Banユーザログイン]
[ADMIN] 17:19:39.890703 シナリオ走行を終了しました [シナリオ名: 新規ユーザー登録]
[ADMIN] 17:19:39.890723 シナリオ走行を開始しました [シナリオ名: 新規ユーザー登録]
[ADMIN] 17:19:39.902723 シナリオ走行を終了しました [シナリオ名: ログイン]
[ADMIN] 17:19:39.902733 シナリオ走行を開始しました [シナリオ名: ログイン]
[ADMIN] 17:19:39.928787 シナリオ走行を終了しました [シナリオ名: 新規ユーザー登録]
[ADMIN] 17:19:39.928803 シナリオ走行を開始しました [シナリオ名: 新規ユーザー登録]
[ADMIN] 17:19:39.952151 シナリオ走行を終了しました [シナリオ名: ログイン]
[ADMIN] 17:19:39.952165 シナリオ走行を開始しました [シナリオ名: ログイン]
[ADMIN] 17:19:39.958437 シナリオ走行を終了しました [シナリオ名: Banユーザログイン]
[ADMIN] 17:19:39.958457 シナリオ走行を開始しました [シナリオ名: Banユーザログイン]
[ADMIN] 17:19:39.963820 シナリオ走行を終了しました [シナリオ名: 新規ユーザー登録]
[ADMIN] 17:19:39.963834 シナリオ走行を開始しました [シナリオ名: 新規ユーザー登録]
[ADMIN] 17:19:39.975099 シナリオ走行を終了しました [シナリオ名: 新規ユーザー登録]
[ADMIN] 17:19:39.975117 シナリオ走行を開始しました [シナリオ名: 新規ユーザー登録]
[ADMIN] 17:19:39.989663 シナリオ走行を終了しました [シナリオ名: 新規ユーザー登録]
[ADMIN] 17:19:39.989680 シナリオ走行を開始しました [シナリオ名: 新規ユーザー登録]
[ADMIN] 17:19:39.990079 シナリオ走行を終了しました [シナリオ名: 新規ユーザー登録]
[ADMIN] 17:19:39.990094 シナリオ走行を開始しました [シナリオ名: 新規ユーザー登録]
[ADMIN] 17:19:39.991431 シナリオ走行を終了しました [シナリオ名: Banユーザログイン]
[ADMIN] 17:19:39.991448 シナリオ走行を開始しました [シナリオ名: Banユーザログイン]
[ADMIN] 17:19:39.992668 シナリオ走行を終了しました [シナリオ名: ログイン]
[ADMIN] 17:19:39.992677 シナリオ走行を開始しました [シナリオ名: ログイン]
[ADMIN] 17:19:39.995105 シナリオ走行を終了しました [シナリオ名: Banユーザログイン]
[ADMIN] 17:19:39.995119 シナリオ走行を開始しました [シナリオ名: Banユーザログイン]
[ADMIN] 17:19:39.998475 シナリオ走行を終了しました [シナリオ名: Banユーザログイン]
[ADMIN] 17:19:39.998493 シナリオ走行を開始しました [シナリオ名: Banユーザログイン]
[ADMIN] 17:19:40.004904 シナリオ走行を終了しました [シナリオ名: Banユーザログイン]
[ADMIN] 17:19:40.004920 シナリオ走行を開始しました [シナリオ名: Banユーザログイン]
[ADMIN] 17:19:40.012911 シナリオ走行を終了しました [シナリオ名: 新規ユーザー登録]
[ADMIN] 17:19:40.012930 シナリオ走行を開始しました [シナリオ名: 新規ユーザー登録]
[ADMIN] 17:19:40.024763 シナリオ走行を終了しました [シナリオ名: Banユーザログイン]
[ADMIN] 17:19:40.024778 シナリオ走行を開始しました [シナリオ名: Banユーザログイン]
[ADMIN] 17:19:40.030583 シナリオ走行を終了しました [シナリオ名: 新規ユーザー登録]
[ADMIN] 17:19:40.030612 シナリオ走行を開始しました [シナリオ名: 新規ユーザー登録]
[ADMIN] 17:19:40.036166 シナリオ走行を終了しました [シナリオ名: 新規ユーザー登録]
[ADMIN] 17:19:40.036183 シナリオ走行を開始しました [シナリオ名: 新規ユーザー登録]
[ADMIN] 17:19:40.051403 シナリオ走行を終了しました [シナリオ名: 新規ユーザー登録]
[ADMIN] 17:19:40.051418 シナリオ走行を開始しました [シナリオ名: 新規ユーザー登録]
[ADMIN] 17:19:40.052575 シナリオ走行を終了しました [シナリオ名: ログイン]
[ADMIN] 17:19:40.052585 シナリオ走行を開始しました [シナリオ名: ログイン]
[ADMIN] 17:19:40.065665 シナリオ走行を終了しました [シナリオ名: Banユーザログイン]
[ADMIN] 17:19:40.065681 シナリオ走行を開始しました [シナリオ名: Banユーザログイン]
[ADMIN] 17:19:40.080373 シナリオ走行を終了しました [シナリオ名: 新規ユーザー登録]
[ADMIN] 17:19:40.080392 シナリオ走行を開始しました [シナリオ名: 新規ユーザー登録]
[ADMIN] 17:19:40.080829 シナリオ走行を終了しました [シナリオ名: 新規ユーザー登録]
[ADMIN] 17:19:40.080844 シナリオ走行を開始しました [シナリオ名: 新規ユーザー登録]
[ADMIN] 17:19:40.101048 シナリオ走行を終了しました [シナリオ名: Banユーザログイン]
[ADMIN] 17:19:40.101068 シナリオ走行を開始しました [シナリオ名: Banユーザログイン]
[ADMIN] 17:19:40.143868 シナリオ走行を終了しました [シナリオ名: Banユーザログイン]
[ADMIN] 17:19:40.143881 シナリオ走行を開始しました [シナリオ名: Banユーザログイン]
[ADMIN] 17:19:40.147223 シナリオ走行を終了しました [シナリオ名: 新規ユーザー登録]
[ADMIN] 17:19:40.147245 シナリオ走行を開始しました [シナリオ名: 新規ユーザー登録]
[ADMIN] 17:19:40.155816 シナリオ走行を終了しました [シナリオ名: 新規ユーザー登録]
[ADMIN] 17:19:40.155837 シナリオ走行を開始しました [シナリオ名: 新規ユーザー登録]
[ADMIN] 17:19:40.156437 シナリオ走行を終了しました [シナリオ名: 新規ユーザー登録]
[ADMIN] 17:19:40.156452 シナリオ走行を開始しました [シナリオ名: 新規ユーザー登録]
[ADMIN] 17:19:40.158309 シナリオ走行を終了しました [シナリオ名: 新規ユーザー登録]
[ADMIN] 17:19:40.158320 シナリオ走行を開始しました [シナリオ名: 新規ユーザー登録]
[ADMIN] 17:19:40.197820 シナリオ走行を終了しました [シナリオ名: ログイン]
[ADMIN] 17:19:40.197831 シナリオ走行を開始しました [シナリオ名: ログイン]
[ADMIN] 17:19:40.222032 シナリオ走行を終了しました [シナリオ名: 新規ユーザー登録]
[ADMIN] 17:19:40.222056 シナリオ走行を開始しました [シナリオ名: 新規ユーザー登録]
[ADMIN] 17:19:40.223004 シナリオ走行を終了しました [シナリオ名: Banユーザログイン]
[ADMIN] 17:19:40.223024 シナリオ走行を開始しました [シナリオ名: Banユーザログイン]
[ADMIN] 17:19:40.225480 シナリオ走行を終了しました [シナリオ名: 新規ユーザー登録]
[ADMIN] 17:19:40.225501 シナリオ走行を開始しました [シナリオ名: 新規ユーザー登録]
[ADMIN] 17:19:40.248795 シナリオ走行を終了しました [シナリオ名: 新規ユーザー登録]
[ADMIN] 17:19:40.248815 シナリオ走行を開始しました [シナリオ名: 新規ユーザー登録]
[ADMIN] 17:19:40.259677 シナリオ走行を終了しました [シナリオ名: Banユーザログイン]
[ADMIN] 17:19:40.259698 シナリオ走行を開始しました [シナリオ名: Banユーザログイン]
[ADMIN] 17:19:40.290201 シナリオ走行を終了しました [シナリオ名: 新規ユーザー登録]
[ADMIN] 17:19:40.290223 シナリオ走行を開始しました [シナリオ名: 新規ユーザー登録]
[ADMIN] 17:19:40.305226 シナリオ走行を終了しました [シナリオ名: 新規ユーザー登録]
[ADMIN] 17:19:40.305243 シナリオ走行を開始しました [シナリオ名: 新規ユーザー登録]
[ADMIN] 17:19:40.323604 シナリオ走行を終了しました [シナリオ名: Banユーザログイン]
[ADMIN] 17:19:40.323623 シナリオ走行を開始しました [シナリオ名: Banユーザログイン]
[ADMIN] 17:19:40.324730 シナリオ走行を終了しました [シナリオ名: 新規ユーザー登録]
[ADMIN] 17:19:40.324746 シナリオ走行を開始しました [シナリオ名: 新規ユーザー登録]
[ADMIN] 17:19:40.330430 シナリオ走行を終了しました [シナリオ名: 新規ユーザー登録]
[ADMIN] 17:19:40.330445 シナリオ走行を開始しました [シナリオ名: 新規ユーザー登録]
[ADMIN] 17:19:40.346414 シナリオ走行を終了しました [シナリオ名: 新規ユーザー登録]
[ADMIN] 17:19:40.346432 シナリオ走行を開始しました [シナリオ名: 新規ユーザー登録]
[ADMIN] 17:19:40.347888 シナリオ走行を終了しました [シナリオ名: 新規ユーザー登録]
[ADMIN] 17:19:40.347904 シナリオ走行を開始しました [シナリオ名: 新規ユーザー登録]
[ADMIN] 17:19:40.352433 シナリオ走行を終了しました [シナリオ名: Banユーザログイン]
[ADMIN] 17:19:40.352455 シナリオ走行を開始しました [シナリオ名: Banユーザログイン]
[ADMIN] 17:19:40.363426 シナリオ走行を終了しました [シナリオ名: 新規ユーザー登録]
[ADMIN] 17:19:40.363448 シナリオ走行を開始しました [シナリオ名: 新規ユーザー登録]
[ADMIN] 17:19:40.385824 シナリオ走行を終了しました [シナリオ名: 新規ユーザー登録]
[ADMIN] 17:19:40.385846 シナリオ走行を開始しました [シナリオ名: 新規ユーザー登録]
[ADMIN] 17:19:40.395693 シナリオ走行を終了しました [シナリオ名: 新規ユーザー登録]
[ADMIN] 17:19:40.395710 シナリオ走行を開始しました [シナリオ名: 新規ユーザー登録]
[ADMIN] 17:19:40.403538 シナリオ走行を終了しました [シナリオ名: ログイン]
[ADMIN] 17:19:40.403546 シナリオ走行を開始しました [シナリオ名: ログイン]
[ADMIN] 17:19:40.415243 シナリオ走行を終了しました [シナリオ名: 新規ユーザー登録]
[ADMIN] 17:19:40.415260 シナリオ走行を開始しました [シナリオ名: 新規ユーザー登録]
[ADMIN] 17:19:40.416964 シナリオ走行を終了しました [シナリオ名: ログイン]
[ADMIN] 17:19:40.416974 シナリオ走行を開始しました [シナリオ名: ログイン]
[ADMIN] 17:19:40.425293 シナリオ走行を終了しました [シナリオ名: 新規ユーザー登録]
[ADMIN] 17:19:40.425310 シナリオ走行を開始しました [シナリオ名: 新規ユーザー登録]
[ADMIN] 17:19:40.439232 シナリオ走行を終了しました [シナリオ名: ログイン]
[ADMIN] 17:19:40.439243 シナリオ走行を開始しました [シナリオ名: ログイン]
[ADMIN] 17:19:40.459212 シナリオ走行を終了しました [シナリオ名: 新規ユーザー登録]
[ADMIN] 17:19:40.459230 シナリオ走行を開始しました [シナリオ名: 新規ユーザー登録]
[ADMIN] 17:19:40.473075 シナリオ走行を終了しました [シナリオ名: Banユーザログイン]
[ADMIN] 17:19:40.473092 シナリオ走行を開始しました [シナリオ名: Banユーザログイン]
[ADMIN] 17:19:40.475021 シナリオ走行を終了しました [シナリオ名: ログイン]
[ADMIN] 17:19:40.475031 シナリオ走行を開始しました [シナリオ名: ログイン]
[ADMIN] 17:19:40.500429 シナリオ走行を終了しました [シナリオ名: 新規ユーザー登録]
[ADMIN] 17:19:40.500450 シナリオ走行を開始しました [シナリオ名: 新規ユーザー登録]
[ADMIN] 17:19:40.501556 シナリオ走行を終了しました [シナリオ名: ログイン]
[ADMIN] 17:19:40.501568 シナリオ走行を開始しました [シナリオ名: ログイン]
[ADMIN] 17:19:40.507284 シナリオ走行を終了しました [シナリオ名: 新規ユーザー登録]
[ADMIN] 17:19:40.507300 シナリオ走行を開始しました [シナリオ名: 新規ユーザー登録]
[ADMIN] 17:19:40.523690 シナリオ走行を終了しました [シナリオ名: 新規ユーザー登録]
[ADMIN] 17:19:40.523708 シナリオ走行を開始しました [シナリオ名: 新規ユーザー登録]
[ADMIN] 17:19:40.527245 シナリオ走行を終了しました [シナリオ名: ログイン]
[ADMIN] 17:19:40.527256 シナリオ走行を開始しました [シナリオ名: ログイン]
[ADMIN] 17:19:40.540810 シナリオ走行を終了しました [シナリオ名: Banユーザログイン]
[ADMIN] 17:19:40.540825 シナリオ走行を開始しました [シナリオ名: Banユーザログイン]
[ADMIN] 17:19:40.543170 シナリオ走行を終了しました [シナリオ名: Banユーザログイン]
[ADMIN] 17:19:40.543186 シナリオ走行を開始しました [シナリオ名: Banユーザログイン]
[ADMIN] 17:19:40.555570 シナリオ走行を終了しました [シナリオ名: 新規ユーザー登録]
[ADMIN] 17:19:40.555587 シナリオ走行を開始しました [シナリオ名: 新規ユーザー登録]
[ADMIN] 17:19:40.557990 シナリオ走行を終了しました [シナリオ名: Banユーザログイン]
[ADMIN] 17:19:40.558003 シナリオ走行を開始しました [シナリオ名: Banユーザログイン]
[ADMIN] 17:19:40.568966 シナリオ走行を終了しました [シナリオ名: ログイン]
[ADMIN] 17:19:40.568976 シナリオ走行を開始しました [シナリオ名: ログイン]
[ADMIN] 17:19:40.588666 シナリオ走行を終了しました [シナリオ名: 新規ユーザー登録]
[ADMIN] 17:19:40.588684 シナリオ走行を開始しました [シナリオ名: 新規ユーザー登録]
[ADMIN] 17:19:40.596879 シナリオ走行を終了しました [シナリオ名: 新規ユーザー登録]
[ADMIN] 17:19:40.596899 シナリオ走行を開始しました [シナリオ名: 新規ユーザー登録]
[ADMIN] 17:19:40.596998 シナリオ走行を終了しました [シナリオ名: ログイン]
[ADMIN] 17:19:40.597008 シナリオ走行を開始しました [シナリオ名: ログイン]
[ADMIN] 17:19:40.602425 シナリオ走行を終了しました [シナリオ名: Banユーザログイン]
[ADMIN] 17:19:40.602438 シナリオ走行を開始しました [シナリオ名: Banユーザログイン]
[ADMIN] 17:19:40.606377 シナリオ走行を終了しました [シナリオ名: ログイン]
[ADMIN] 17:19:40.606385 シナリオ走行を開始しました [シナリオ名: ログイン]
[ADMIN] 17:19:40.615715 シナリオ走行を終了しました [シナリオ名: ログイン]
[ADMIN] 17:19:40.615725 シナリオ走行を開始しました [シナリオ名: ログイン]
[ADMIN] 17:19:40.627183 シナリオ走行を終了しました [シナリオ名: ログイン]
[ADMIN] 17:19:40.627193 シナリオ走行を開始しました [シナリオ名: ログイン]
[ADMIN] 17:19:40.630303 シナリオ走行を終了しました [シナリオ名: Banユーザログイン]
[ADMIN] 17:19:40.630318 シナリオ走行を開始しました [シナリオ名: Banユーザログイン]
[ADMIN] 17:19:40.635998 シナリオ走行を終了しました [シナリオ名: ログイン]
[ADMIN] 17:19:40.636006 シナリオ走行を開始しました [シナリオ名: ログイン]
[ADMIN] 17:19:40.638484 シナリオ走行を終了しました [シナリオ名: Banユーザログイン]
[ADMIN] 17:19:40.638496 シナリオ走行を開始しました [シナリオ名: Banユーザログイン]
[ADMIN] 17:19:40.641847 シナリオ走行を終了しました [シナリオ名: 新規ユーザー登録]
[ADMIN] 17:19:40.641868 シナリオ走行を開始しました [シナリオ名: 新規ユーザー登録]
[ADMIN] 17:19:40.652624 シナリオ走行を終了しました [シナリオ名: ログイン]
[ADMIN] 17:19:40.652633 シナリオ走行を開始しました [シナリオ名: ログイン]
[ADMIN] 17:19:40.660068 シナリオ走行を終了しました [シナリオ名: ログイン]
[ADMIN] 17:19:40.660077 シナリオ走行を開始しました [シナリオ名: ログイン]
[ADMIN] 17:19:40.672016 シナリオ走行を終了しました [シナリオ名: Banユーザログイン]
[ADMIN] 17:19:40.672031 シナリオ走行を開始しました [シナリオ名: Banユーザログイン]
[ADMIN] 17:19:40.676869 シナリオ走行を終了しました [シナリオ名: ログイン]
[ADMIN] 17:19:40.676878 シナリオ走行を開始しました [シナリオ名: ログイン]
[ADMIN] 17:19:40.679297 シナリオ走行を終了しました [シナリオ名: Banユーザログイン]
[ADMIN] 17:19:40.679309 シナリオ走行を開始しました [シナリオ名: Banユーザログイン]
[ADMIN] 17:19:40.688712 シナリオ走行を終了しました [シナリオ名: ログイン]
[ADMIN] 17:19:40.688722 シナリオ走行を開始しました [シナリオ名: ログイン]
[ADMIN] 17:19:40.709650 シナリオ走行を終了しました [シナリオ名: ログイン]
[ADMIN] 17:19:40.709659 シナリオ走行を開始しました [シナリオ名: ログイン]
[ADMIN] 17:19:40.713409 シナリオ走行を終了しました [シナリオ名: ログイン]
[ADMIN] 17:19:40.713421 シナリオ走行を開始しました [シナリオ名: ログイン]
[ADMIN] 17:19:40.717306 シナリオ走行を終了しました [シナリオ名: 新規ユーザー登録]
[ADMIN] 17:19:40.717324 シナリオ走行を開始しました [シナリオ名: 新規ユーザー登録]
[ADMIN] 17:19:40.741225 シナリオ走行を終了しました [シナリオ名: ログイン]
[ADMIN] 17:19:40.741234 シナリオ走行を開始しました [シナリオ名: ログイン]
[ADMIN] 17:19:40.747162 シナリオ走行を終了しました [シナリオ名: 新規ユーザー登録]
[ADMIN] 17:19:40.747184 シナリオ走行を開始しました [シナリオ名: 新規ユーザー登録]
[ADMIN] 17:19:40.748670 シナリオ走行を終了しました [シナリオ名: ログイン]
[ADMIN] 17:19:40.748679 シナリオ走行を開始しました [シナリオ名: ログイン]
[ADMIN] 17:19:40.763702 シナリオ走行を終了しました [シナリオ名: ログイン]
[ADMIN] 17:19:40.763715 シナリオ走行を開始しました [シナリオ名: ログイン]
[ADMIN] 17:19:40.763989 シナリオ走行を終了しました [シナリオ名: ログイン]
[ADMIN] 17:19:40.763999 シナリオ走行を開始しました [シナリオ名: ログイン]
[ADMIN] 17:19:40.775971 シナリオ走行を終了しました [シナリオ名: 新規ユーザー登録]
[ADMIN] 17:19:40.775996 シナリオ走行を開始しました [シナリオ名: 新規ユーザー登録]
[ADMIN] 17:19:40.779529 シナリオ走行を終了しました [シナリオ名: Banユーザログイン]
[ADMIN] 17:19:40.779545 シナリオ走行を開始しました [シナリオ名: Banユーザログイン]
[ADMIN] 17:19:40.798869 シナリオ走行を終了しました [シナリオ名: Banユーザログイン]
[ADMIN] 17:19:40.798887 シナリオ走行を開始しました [シナリオ名: Banユーザログイン]
[ADMIN] 17:19:40.808733 シナリオ走行を終了しました [シナリオ名: ログイン]
[ADMIN] 17:19:40.808746 シナリオ走行を開始しました [シナリオ名: ログイン]
[ADMIN] 17:19:40.808776 シナリオ走行を終了しました [シナリオ名: ログイン]
[ADMIN] 17:19:40.808784 シナリオ走行を開始しました [シナリオ名: ログイン]
[ADMIN] 17:19:40.813116 シナリオ走行を終了しました [シナリオ名: Banユーザログイン]
[ADMIN] 17:19:40.813129 シナリオ走行を開始しました [シナリオ名: Banユーザログイン]
[ADMIN] 17:19:40.813176 シナリオ走行を終了しました [シナリオ名: ログイン]
[ADMIN] 17:19:40.813185 シナリオ走行を開始しました [シナリオ名: ログイン]
[ADMIN] 17:19:40.818839 シナリオ走行を終了しました [シナリオ名: ログイン]
[ADMIN] 17:19:40.818848 シナリオ走行を開始しました [シナリオ名: ログイン]
[ADMIN] 17:19:40.849527 シナリオ走行を終了しました [シナリオ名: ログイン]
[ADMIN] 17:19:40.849540 シナリオ走行を開始しました [シナリオ名: ログイン]
[ADMIN] 17:19:40.849660 シナリオ走行を終了しました [シナリオ名: ログイン]
[ADMIN] 17:19:40.849677 シナリオ走行を開始しました [シナリオ名: ログイン]
[ADMIN] 17:19:40.852696 シナリオ走行を終了しました [シナリオ名: ログイン]
[ADMIN] 17:19:40.852705 シナリオ走行を開始しました [シナリオ名: ログイン]
[ADMIN] 17:19:40.892361 シナリオ走行を終了しました [シナリオ名: 新規ユーザー登録]
[ADMIN] 17:19:40.892384 シナリオ走行を開始しました [シナリオ名: 新規ユーザー登録]
[ADMIN] 17:19:40.919670 シナリオ走行を終了しました [シナリオ名: ログイン]
[ADMIN] 17:19:40.919682 シナリオ走行を開始しました [シナリオ名: ログイン]
[ADMIN] 17:19:40.929649 シナリオ走行を終了しました [シナリオ名: 新規ユーザー登録]
[ADMIN] 17:19:40.929671 シナリオ走行を開始しました [シナリオ名: 新規ユーザー登録]
[ADMIN] 17:19:40.941142 シナリオ走行を終了しました [シナリオ名: 新規ユーザー登録]
[ADMIN] 17:19:40.941163 シナリオ走行を開始しました [シナリオ名: 新規ユーザー登録]
[ADMIN] 17:19:40.941364 シナリオ走行を終了しました [シナリオ名: ログイン]
[ADMIN] 17:19:40.941374 シナリオ走行を開始しました [シナリオ名: ログイン]
[ADMIN] 17:19:40.942244 シナリオ走行を終了しました [シナリオ名: Banユーザログイン]
[ADMIN] 17:19:40.942253 シナリオ走行を開始しました [シナリオ名: Banユーザログイン]
[ADMIN] 17:19:40.950022 シナリオ走行を終了しました [シナリオ名: ログイン]
[ADMIN] 17:19:40.950032 シナリオ走行を開始しました [シナリオ名: ログイン]
[ADMIN] 17:19:40.950951 シナリオ走行を終了しました [シナリオ名: Banユーザログイン]
[ADMIN] 17:19:40.950966 シナリオ走行を開始しました [シナリオ名: Banユーザログイン]
[ADMIN] 17:19:40.952362 シナリオ走行を終了しました [シナリオ名: 新規ユーザー登録]
[ADMIN] 17:19:40.952382 シナリオ走行を開始しました [シナリオ名: 新規ユーザー登録]
[ADMIN] 17:19:40.959233 シナリオ走行を終了しました [シナリオ名: ログイン]
[ADMIN] 17:19:40.959243 シナリオ走行を開始しました [シナリオ名: ログイン]
[ADMIN] 17:19:40.968791 シナリオ走行を終了しました [シナリオ名: ログイン]
[ADMIN] 17:19:40.968803 シナリオ走行を開始しました [シナリオ名: ログイン]
[ADMIN] 17:19:40.984568 シナリオ走行を終了しました [シナリオ名: ログイン]
[ADMIN] 17:19:40.984579 シナリオ走行を開始しました [シナリオ名: ログイン]
[ADMIN] 17:19:41.035196 シナリオ走行を終了しました [シナリオ名: ログイン]
[ADMIN] 17:19:41.035208 シナリオ走行を開始しました [シナリオ名: ログイン]
[ADMIN] 17:19:41.046714 シナリオ走行を終了しました [シナリオ名: ログイン]
[ADMIN] 17:19:41.046726 シナリオ走行を開始しました [シナリオ名: ログイン]
[ADMIN] 17:19:41.053425 シナリオ走行を終了しました [シナリオ名: ログイン]
[ADMIN] 17:19:41.053434 シナリオ走行を開始しました [シナリオ名: ログイン]
[ADMIN] 17:19:41.060567 シナリオ走行を終了しました [シナリオ名: ログイン]
[ADMIN] 17:19:41.060578 シナリオ走行を開始しました [シナリオ名: ログイン]
[ADMIN] 17:19:41.070403 シナリオ走行を終了しました [シナリオ名: ログイン]
[ADMIN] 17:19:41.070413 シナリオ走行を開始しました [シナリオ名: ログイン]
[ADMIN] 17:19:41.074373 シナリオ走行を終了しました [シナリオ名: 新規ユーザー登録]
[ADMIN] 17:19:41.074398 シナリオ走行を開始しました [シナリオ名: 新規ユーザー登録]
[ADMIN] 17:19:41.086523 シナリオ走行を終了しました [シナリオ名: ログイン]
[ADMIN] 17:19:41.086533 シナリオ走行を開始しました [シナリオ名: ログイン]
[ADMIN] 17:19:41.092104 シナリオ走行を終了しました [シナリオ名: Banユーザログイン]
[ADMIN] 17:19:41.092122 シナリオ走行を開始しました [シナリオ名: Banユーザログイン]
[ADMIN] 17:19:41.108017 シナリオ走行を終了しました [シナリオ名: ログイン]
[ADMIN] 17:19:41.108027 シナリオ走行を開始しました [シナリオ名: ログイン]
[ADMIN] 17:19:41.110928 シナリオ走行を終了しました [シナリオ名: ログイン]
[ADMIN] 17:19:41.110938 シナリオ走行を開始しました [シナリオ名: ログイン]
[ADMIN] 17:19:41.118101 シナリオ走行を終了しました [シナリオ名: Banユーザログイン]
[ADMIN] 17:19:41.118114 シナリオ走行を開始しました [シナリオ名: Banユーザログイン]
[ADMIN] 17:19:41.123173 シナリオ走行を終了しました [シナリオ名: ログイン]
[ADMIN] 17:19:41.123183 シナリオ走行を開始しました [シナリオ名: ログイン]
[ADMIN] 17:19:41.140661 シナリオ走行を終了しました [シナリオ名: Banユーザログイン]
[ADMIN] 17:19:41.140678 シナリオ走行を開始しました [シナリオ名: Banユーザログイン]
[ADMIN] 17:19:41.144965 シナリオ走行を終了しました [シナリオ名: 新規ユーザー登録]
[ADMIN] 17:19:41.144982 シナリオ走行を開始しました [シナリオ名: 新規ユーザー登録]
[ADMIN] 17:19:41.161480 シナリオ走行を終了しました [シナリオ名: Banユーザログイン]
[ADMIN] 17:19:41.161498 シナリオ走行を開始しました [シナリオ名: Banユーザログイン]
[ADMIN] 17:19:41.183331 シナリオ走行を終了しました [シナリオ名: ログイン]
[ADMIN] 17:19:41.183344 シナリオ走行を開始しました [シナリオ名: ログイン]
[ADMIN] 17:19:41.198566 シナリオ走行を終了しました [シナリオ名: ログイン]
[ADMIN] 17:19:41.198580 シナリオ走行を開始しました [シナリオ名: ログイン]
[ADMIN] 17:19:41.214640 シナリオ走行を終了しました [シナリオ名: Banユーザログイン]
[ADMIN] 17:19:41.214657 シナリオ走行を開始しました [シナリオ名: Banユーザログイン]
[ADMIN] 17:19:41.220431 シナリオ走行を終了しました [シナリオ名: Banユーザログイン]
[ADMIN] 17:19:41.220450 シナリオ走行を開始しました [シナリオ名: Banユーザログイン]
[ADMIN] 17:19:41.223462 シナリオ走行を終了しました [シナリオ名: ログイン]
[ADMIN] 17:19:41.223470 シナリオ走行を終了しました [シナリオ名: ログイン]
[ADMIN] 17:19:41.223473 シナリオ走行を開始しました [シナリオ名: ログイン]
[ADMIN] 17:19:41.223478 シナリオ走行を開始しました [シナリオ名: ログイン]
[ADMIN] 17:19:41.236891 シナリオ走行を終了しました [シナリオ名: ログイン]
[ADMIN] 17:19:41.236903 シナリオ走行を開始しました [シナリオ名: ログイン]
[ADMIN] 17:19:41.253648 シナリオ走行を終了しました [シナリオ名: 新規ユーザー登録]
[ADMIN] 17:19:41.253672 シナリオ走行を開始しました [シナリオ名: 新規ユーザー登録]
[ADMIN] 17:19:41.271458 シナリオ走行を終了しました [シナリオ名: 新規ユーザー登録]
[ADMIN] 17:19:41.271482 シナリオ走行を開始しました [シナリオ名: 新規ユーザー登録]
[ADMIN] 17:19:41.278917 シナリオ走行を終了しました [シナリオ名: Banユーザログイン]
[ADMIN] 17:19:41.278931 シナリオ走行を開始しました [シナリオ名: Banユーザログイン]
[ADMIN] 17:19:41.309648 シナリオ走行を終了しました [シナリオ名: Banユーザログイン]
[ADMIN] 17:19:41.309670 シナリオ走行を開始しました [シナリオ名: Banユーザログイン]
[ADMIN] 17:19:41.317229 シナリオ走行を終了しました [シナリオ名: ログイン]
[ADMIN] 17:19:41.317241 シナリオ走行を開始しました [シナリオ名: ログイン]
[ADMIN] 17:19:41.318218 シナリオ走行を終了しました [シナリオ名: ログイン]
[ADMIN] 17:19:41.318227 シナリオ走行を開始しました [シナリオ名: ログイン]
[ADMIN] 17:19:41.345870 シナリオ走行を終了しました [シナリオ名: 新規ユーザー登録]
[ADMIN] 17:19:41.345890 シナリオ走行を開始しました [シナリオ名: 新規ユーザー登録]
[ADMIN] 17:19:41.350282 シナリオ走行を終了しました [シナリオ名: ログイン]
[ADMIN] 17:19:41.350293 シナリオ走行を開始しました [シナリオ名: ログイン]
[ADMIN] 17:19:41.354567 シナリオ走行を終了しました [シナリオ名: ログイン]
[ADMIN] 17:19:41.354575 シナリオ走行を開始しました [シナリオ名: ログイン]
[ADMIN] 17:19:41.358363 シナリオ走行を終了しました [シナリオ名: ログイン]
[ADMIN] 17:19:41.358373 シナリオ走行を開始しました [シナリオ名: ログイン]
[ADMIN] 17:19:41.364119 シナリオ走行を終了しました [シナリオ名: Banユーザログイン]
[ADMIN] 17:19:41.364131 シナリオ走行を開始しました [シナリオ名: Banユーザログイン]
[ADMIN] 17:19:41.378253 シナリオ走行を終了しました [シナリオ名: ログイン]
[ADMIN] 17:19:41.378262 シナリオ走行を開始しました [シナリオ名: ログイン]
[ADMIN] 17:19:41.382730 シナリオ走行を終了しました [シナリオ名: ログイン]
[ADMIN] 17:19:41.382739 シナリオ走行を開始しました [シナリオ名: ログイン]
[ADMIN] 17:19:41.382980 シナリオ走行を終了しました [シナリオ名: 新規ユーザー登録]
[ADMIN] 17:19:41.382995 シナリオ走行を開始しました [シナリオ名: 新規ユーザー登録]
17:19:41.386398 現在のログイン成功数: [total: 8493 (+2391人)]
17:19:41.386403 現在のユーザー登録成功数: [total: 4238 (+1206人)]
17:19:41.387218 負荷走行がすべて終了しました
[ADMIN] 17:19:41.386582 シナリオ走行を終了しました [シナリオ名: Banユーザログイン]
[ADMIN] 17:19:41.386661 シナリオ走行を終了しました [シナリオ名: Banユーザログイン]
[ADMIN] 17:19:41.386692 シナリオ走行を終了しました [シナリオ名: Banユーザログイン]
[ADMIN] 17:19:41.386727 シナリオ走行を終了しました [シナリオ名: Banユーザログイン]
[ADMIN] 17:19:41.386739 シナリオ走行を終了しました [シナリオ名: Banユーザログイン]
[ADMIN] 17:19:41.386796 シナリオ走行を終了しました [シナリオ名: Banユーザログイン]
[ADMIN] 17:19:41.386888 シナリオ走行を終了しました [シナリオ名: Banユーザログイン]
[ADMIN] 17:19:41.387017 シナリオ走行を終了しました [シナリオ名: Banユーザログイン]
[ADMIN] 17:19:41.387033 シナリオ走行を終了しました [シナリオ名: 新規ユーザー登録]
[ADMIN] 17:19:41.387132 シナリオ走行を終了しました [シナリオ名: Banユーザログイン]
[ADMIN] 17:19:41.387191 シナリオ走行を終了しました [シナリオ名: Banユーザログイン]
[ADMIN] 17:19:41.387205 シナリオ走行を終了しました [シナリオ名: ログイン]
[ADMIN] 17:19:41.387221 負荷走行がすべて終了しました
[ADMIN] 17:19:41.387287 シナリオ走行を終了しました [シナリオ名: ログイン]
[ADMIN] 17:19:41.387626 シナリオ走行を終了しました [シナリオ名: ログイン]
[ADMIN] 17:19:41.387643 シナリオ走行を終了しました [シナリオ名: 新規ユーザー登録]
[ADMIN] 17:19:41.387720 シナリオ走行を終了しました [シナリオ名: 新規ユーザー登録]
[ADMIN] 17:19:41.387797 シナリオ走行を終了しました [シナリオ名: Banユーザログイン]
[ADMIN] 17:19:41.387900 シナリオ走行を終了しました [シナリオ名: 新規ユーザー登録]
[ADMIN] 17:19:41.387993 シナリオ走行を終了しました [シナリオ名: 新規ユーザー登録]
[ADMIN] 17:19:41.388038 シナリオ走行を終了しました [シナリオ名: 新規ユーザー登録]
[ADMIN] 17:19:41.388131 シナリオ走行を終了しました [シナリオ名: ログイン]
[ADMIN] 17:19:41.388262 シナリオ走行を終了しました [シナリオ名: 新規ユーザー登録]
[ADMIN] 17:19:41.388284 シナリオ走行を終了しました [シナリオ名: 新規ユーザー登録]
[ADMIN] 17:19:41.388343 シナリオ走行を終了しました [シナリオ名: 新規ユーザー登録]
[ADMIN] 17:19:41.388453 シナリオ走行を終了しました [シナリオ名: 新規ユーザー登録]
[ADMIN] 17:19:41.388466 シナリオ走行を終了しました [シナリオ名: ログイン]
[ADMIN] 17:19:41.388557 シナリオ走行を終了しました [シナリオ名: ログイン]
[ADMIN] 17:19:41.388575 シナリオ走行を終了しました [シナリオ名: ログイン]
[ADMIN] 17:19:41.388687 シナリオ走行を終了しました [シナリオ名: ログイン]
[ADMIN] 17:19:41.388722 シナリオ走行を終了しました [シナリオ名: 新規ユーザー登録]
[ADMIN] 17:19:41.388798 シナリオ走行を終了しました [シナリオ名: ログイン]
[ADMIN] 17:19:41.388829 シナリオ走行を終了しました [シナリオ名: 新規ユーザー登録]
[ADMIN] 17:19:41.388921 シナリオ走行を終了しました [シナリオ名: ログイン]
[ADMIN] 17:19:41.389070 シナリオ走行を終了しました [シナリオ名: 新規ユーザー登録]
[ADMIN] 17:19:41.389077 シナリオ走行を終了しました [シナリオ名: ログイン]
[ADMIN] 17:19:41.389119 シナリオ走行を終了しました [シナリオ名: ログイン]
[ADMIN] 17:19:41.389167 シナリオ走行を終了しました [シナリオ名: ログイン]
[ADMIN] 17:19:41.389172 シナリオ走行を終了しました [シナリオ名: ログイン]
[ADMIN] 17:19:41.389208 シナリオ走行を終了しました [シナリオ名: Banユーザログイン]
[ADMIN] 17:19:41.389268 シナリオ走行を終了しました [シナリオ名: Banユーザログイン]
[ADMIN] 17:19:41.389384 シナリオ走行を終了しました [シナリオ名: 新規ユーザー登録]
[ADMIN] 17:19:41.389402 シナリオ走行を終了しました [シナリオ名: ログイン]
[ADMIN] 17:19:41.389474 シナリオ走行を終了しました [シナリオ名: ログイン]
[ADMIN] 17:19:41.389517 シナリオ走行を終了しました [シナリオ名: 新規ユーザー登録]
[ADMIN] 17:19:41.389599 シナリオ走行を終了しました [シナリオ名: ログイン]
[ADMIN] 17:19:41.389621 シナリオ走行を終了しました [シナリオ名: 新規ユーザー登録]
[ADMIN] 17:19:41.389627 シナリオ走行を終了しました [シナリオ名: ログイン]
[ADMIN] 17:19:41.389659 シナリオ走行を終了しました [シナリオ名: 新規ユーザー登録]
[ADMIN] 17:19:41.389686 シナリオ走行を終了しました [シナリオ名: 新規ユーザー登録]
[ADMIN] 17:19:41.389692 シナリオ走行を終了しました [シナリオ名: ログイン]
[ADMIN] 17:19:41.389786 シナリオ走行を終了しました [シナリオ名: ログイン]
[ADMIN] 17:19:41.389926 シナリオ走行を終了しました [シナリオ名: 新規ユーザー登録]
[ADMIN] 17:19:41.389974 シナリオ走行を終了しました [シナリオ名: 新規ユーザー登録]
[ADMIN] 17:19:41.390005 シナリオ走行を終了しました [シナリオ名: ログイン]
[ADMIN] 17:19:41.390015 シナリオ走行を終了しました [シナリオ名: ログイン]
[ADMIN] 17:19:41.390050 シナリオ走行を終了しました [シナリオ名: ログイン]
[ADMIN] 17:19:41.390072 シナリオ走行を終了しました [シナリオ名: ログイン]
[ADMIN] 17:19:41.390128 シナリオ走行を終了しました [シナリオ名: ログイン]
[ADMIN] 17:19:41.390176 シナリオ走行を終了しました [シナリオ名: ログイン]
[ADMIN] 17:19:41.390240 シナリオ走行を終了しました [シナリオ名: 新規ユーザー登録]
[ADMIN] 17:19:41.390241 シナリオ走行を終了しました [シナリオ名: ログイン]
[ADMIN] 17:19:41.390361 シナリオ走行を終了しました [シナリオ名: ログイン]
[ADMIN] 17:19:41.390372 シナリオ走行を終了しました [シナリオ名: 新規ユーザー登録]
[ADMIN] 17:19:41.390488 シナリオ走行を終了しました [シナリオ名: ログイン]
[ADMIN] 17:19:41.390574 シナリオ走行を終了しました [シナリオ名: ログイン]
[ADMIN] 17:19:41.390586 シナリオ走行を終了しました [シナリオ名: 新規ユーザー登録]
[ADMIN] 17:19:41.390767 シナリオ走行を終了しました [シナリオ名: ログイン]
[ADMIN] 17:19:41.390777 シナリオ走行を終了しました [シナリオ名: ログイン]
[ADMIN] 17:19:41.390830 シナリオ走行を終了しました [シナリオ名: 新規ユーザー登録]
[ADMIN] 17:19:41.390867 シナリオ走行を終了しました [シナリオ名: ログイン]
[ADMIN] 17:19:41.390843 シナリオ走行を終了しました [シナリオ名: 新規ユーザー登録]
[ADMIN] 17:19:41.391059 シナリオ走行を終了しました [シナリオ名: ログイン]
[ADMIN] 17:19:41.391077 シナリオ走行を終了しました [シナリオ名: 新規ユーザー登録]
[ADMIN] 17:19:41.391177 シナリオ走行を終了しました [シナリオ名: 新規ユーザー登録]
[ADMIN] 17:19:41.391251 シナリオ走行を終了しました [シナリオ名: 新規ユーザー登録]
[ADMIN] 17:19:41.391269 シナリオ走行を終了しました [シナリオ名: 新規ユーザー登録]
[ADMIN] 17:19:41.391292 シナリオ走行を終了しました [シナリオ名: ログイン]
[ADMIN] 17:19:41.391357 シナリオ走行を終了しました [シナリオ名: ログイン]
[ADMIN] 17:19:41.391430 シナリオ走行を終了しました [シナリオ名: ログイン]
[ADMIN] 17:19:41.391474 シナリオ走行を終了しました [シナリオ名: ログイン]
[ADMIN] 17:19:41.391512 シナリオ走行を終了しました [シナリオ名: 新規ユーザー登録]
[ADMIN] 17:19:41.391593 シナリオ走行を終了しました [シナリオ名: ログイン]
[ADMIN] 17:19:41.391598 シナリオ走行を終了しました [シナリオ名: ログイン]
[ADMIN] 17:19:41.391673 シナリオ走行を終了しました [シナリオ名: 新規ユーザー登録]
[ADMIN] 17:19:41.391692 シナリオ走行を終了しました [シナリオ名: 新規ユーザー登録]
[ADMIN] 17:19:41.391778 シナリオ走行を終了しました [シナリオ名: 新規ユーザー登録]
[ADMIN] 17:19:41.391970 シナリオ走行を終了しました [シナリオ名: ログイン]
[ADMIN] 17:19:41.391973 シナリオ走行を終了しました [シナリオ名: 新規ユーザー登録]
[ADMIN] 17:19:41.391998 シナリオ走行を終了しました [シナリオ名: ログイン]
[ADMIN] 17:19:41.392021 シナリオ走行を終了しました [シナリオ名: 新規ユーザー登録]
[ADMIN] 17:19:41.392039 シナリオ走行を終了しました [シナリオ名: ログイン]
[ADMIN] 17:19:41.392118 シナリオ走行を終了しました [シナリオ名: ログイン]
[ADMIN] 17:19:41.392198 シナリオ走行を終了しました [シナリオ名: ログイン]
[ADMIN] 17:19:41.392245 シナリオ走行を終了しました [シナリオ名: 新規ユーザー登録]
[ADMIN] 17:19:41.392293 シナリオ走行を終了しました [シナリオ名: 新規ユーザー登録]
[ADMIN] 17:19:41.392320 シナリオ走行を終了しました [シナリオ名: ログイン]
[ADMIN] 17:19:41.392346 シナリオ走行を終了しました [シナリオ名: ログイン]
[ADMIN] 17:19:41.392502 シナリオ走行を終了しました [シナリオ名: 新規ユーザー登録]
[ADMIN] 17:19:41.392518 シナリオ走行を終了しました [シナリオ名: 新規ユーザー登録]
[ADMIN] 17:19:41.392656 シナリオ走行を終了しました [シナリオ名: ログイン]
[ADMIN] 17:19:41.392690 シナリオ走行を終了しました [シナリオ名: ログイン]
[ADMIN] 17:19:41.392717 シナリオ走行を終了しました [シナリオ名: ログイン]
[ADMIN] 17:19:41.392768 シナリオ走行を終了しました [シナリオ名: 新規ユーザー登録]
[ADMIN] 17:19:41.392861 シナリオ走行を終了しました [シナリオ名: 新規ユーザー登録]
[ADMIN] 17:19:41.392927 シナリオ走行を終了しました [シナリオ名: Banユーザログイン]
[ADMIN] 17:19:41.392997 シナリオ走行を終了しました [シナリオ名: ログイン]
[ADMIN] 17:19:41.393014 シナリオ走行を終了しました [シナリオ名: ログイン]
[ADMIN] 17:19:41.393075 シナリオ走行を終了しました [シナリオ名: ログイン]
[ADMIN] 17:19:41.393130 シナリオ走行を終了しました [シナリオ名: 新規ユーザー登録]
[ADMIN] 17:19:41.393212 シナリオ走行を終了しました [シナリオ名: 新規ユーザー登録]
[ADMIN] 17:19:41.393340 シナリオ走行を終了しました [シナリオ名: ログイン]
[ADMIN] 17:19:41.393351 シナリオ走行を終了しました [シナリオ名: 新規ユーザー登録]
[ADMIN] 17:19:41.393422 シナリオ走行を終了しました [シナリオ名: 新規ユーザー登録]
[ADMIN] 17:19:41.393424 シナリオ走行を終了しました [シナリオ名: ログイン]
[ADMIN] 17:19:41.393469 シナリオ走行を終了しました [シナリオ名: 新規ユーザー登録]
[ADMIN] 17:19:41.393571 シナリオ走行を終了しました [シナリオ名: 新規ユーザー登録]
[ADMIN] 17:19:41.393611 シナリオ走行を終了しました [シナリオ名: ログイン]
[ADMIN] 17:19:41.393650 シナリオ走行を終了しました [シナリオ名: ログイン]
[ADMIN] 17:19:41.393743 シナリオ走行を終了しました [シナリオ名: ログイン]
[ADMIN] 17:19:41.393748 シナリオ走行を終了しました [シナリオ名: ログイン]
[ADMIN] 17:19:41.393856 シナリオ走行を終了しました [シナリオ名: ログイン]
[ADMIN] 17:19:41.393881 シナリオ走行を終了しました [シナリオ名: ログイン]
[ADMIN] 17:19:41.394015 シナリオ走行を終了しました [シナリオ名: 新規ユーザー登録]
[ADMIN] 17:19:41.394092 シナリオ走行を終了しました [シナリオ名: 新規ユーザー登録]
[ADMIN] 17:19:41.394104 シナリオ走行を終了しました [シナリオ名: 新規ユーザー登録]
[ADMIN] 17:19:41.394145 シナリオ走行を終了しました [シナリオ名: 新規ユーザー登録]
[ADMIN] 17:19:41.394283 シナリオ走行を終了しました [シナリオ名: ログイン]
[ADMIN] 17:19:41.394300 シナリオ走行を終了しました [シナリオ名: 新規ユーザー登録]
[ADMIN] 17:19:41.394323 シナリオ走行を終了しました [シナリオ名: 新規ユーザー登録]
[ADMIN] 17:19:41.394387 シナリオ走行を終了しました [シナリオ名: ログイン]
[ADMIN] 17:19:41.394442 シナリオ走行を終了しました [シナリオ名: 新規ユーザー登録]
[ADMIN] 17:19:41.394499 シナリオ走行を終了しました [シナリオ名: ログイン]
[ADMIN] 17:19:41.394608 シナリオ走行を終了しました [シナリオ名: ログイン]
[ADMIN] 17:19:41.394704 シナリオ走行を終了しました [シナリオ名: 新規ユーザー登録]
[ADMIN] 17:19:41.394754 シナリオ走行を終了しました [シナリオ名: 新規ユーザー登録]
[ADMIN] 17:19:41.394796 シナリオ走行を終了しました [シナリオ名: 新規ユーザー登録]
[ADMIN] 17:19:41.394825 シナリオ走行を終了しました [シナリオ名: 新規ユーザー登録]
[ADMIN] 17:19:41.394914 シナリオ走行を終了しました [シナリオ名: ログイン]
[ADMIN] 17:19:41.394940 シナリオ走行を終了しました [シナリオ名: ログイン]
[ADMIN] 17:19:41.395007 シナリオ走行を終了しました [シナリオ名: ログイン]
[ADMIN] 17:19:41.395030 シナリオ走行を終了しました [シナリオ名: 新規ユーザー登録]
[ADMIN] 17:19:41.395031 シナリオ走行を終了しました [シナリオ名: 新規ユーザー登録]
[ADMIN] 17:19:41.395176 シナリオ走行を終了しました [シナリオ名: ログイン]
[ADMIN] 17:19:41.395200 シナリオ走行を終了しました [シナリオ名: 新規ユーザー登録]
[ADMIN] 17:19:41.395279 シナリオ走行を終了しました [シナリオ名: ログイン]
[ADMIN] 17:19:41.395312 シナリオ走行を終了しました [シナリオ名: 新規ユーザー登録]
[ADMIN] 17:19:41.395421 シナリオ走行を終了しました [シナリオ名: ログイン]
[ADMIN] 17:19:41.395461 シナリオ走行を終了しました [シナリオ名: 新規ユーザー登録]
[ADMIN] 17:19:41.395488 シナリオ走行を終了しました [シナリオ名: 新規ユーザー登録]
[ADMIN] 17:19:41.395558 シナリオ走行を終了しました [シナリオ名: 新規ユーザー登録]
[ADMIN] 17:19:41.395669 シナリオ走行を終了しました [シナリオ名: ログイン]
[ADMIN] 17:19:41.395689 シナリオ走行を終了しました [シナリオ名: ログイン]
17:19:44.387011 [PASSED]: true
17:19:44.387024 [SCORE] 54520 (addition: 54520, deduction: 0)
[ADMIN] 17:19:44.387067 [SCORE] map[GET /user/:userId/gacha/index:3482 GET /user/:userId/home:3562 GET /user/:userId/item:1138 GET /user/:userId/present/index/:n:4672 POST /login:2391 POST /login(ban):725 POST /user:1206 POST /user/:userId/card:1137 POST /user/:userId/card/addexp/:cardId:1134 POST /user/:userId/gacha/draw/:gachaId:3449 POST /user/:userId/present/receive:4647 POST /user/:userId/reward:2343]

SCORE: 54520
BENCHMARK_PASS
2026-09-24T17:19:44.569659671Z	BENCHMARK_END
