sample	timestamp	elapsed_ms	captured_waits	capture_error	wait_key	requesting_trx_id	blocking_trx_id	object_schema	object_table	object_index	request_lock_type	request_lock_mode	request_lock_data	blocking_lock_type	blocking_lock_mode	blocking_lock_data	requesting_thread_id	requesting_processlist_id	requesting_sql	blocking_thread_id	blocking_processlist_id	blocking_sql
0	2026-09-24T17:18:05.73780962Z	0	0																			
1	2026-09-24T17:18:05.788755756Z	50	0																			
2	2026-09-24T17:18:05.838806538Z	100	0																			
3	2026-09-24T17:18:05.889564547Z	151	0																			
4	2026-09-24T17:18:05.939340283Z	201	0																			
5	2026-09-24T17:18:05.989620903Z	251	0																			
6	2026-09-24T17:18:06.039407456Z	301	0																			
7	2026-09-24T17:18:06.08917137Z	351	0																			
8	2026-09-24T17:18:06.138887885Z	401	0																			
9	2026-09-24T17:18:06.189639641Z	451	0																			
10	2026-09-24T17:18:06.239345241Z	501	0																			
11	2026-09-24T17:18:06.28914824Z	551	0																			
12	2026-09-24T17:18:06.338905437Z	601	0																			
13	2026-09-24T17:18:06.389645228Z	651	0																			
14	2026-09-24T17:18:06.439369037Z	701	0																			
15	2026-09-24T17:18:06.489088158Z	751	0																			
16	2026-09-24T17:18:06.538812852Z	801	0																			
17	2026-09-24T17:18:06.58957068Z	851	0																			
18	2026-09-24T17:18:06.639330483Z	901	0																			
19	2026-09-24T17:18:06.689118826Z	951	0																			
20	2026-09-24T17:18:06.738893708Z	1001	0																			
21	2026-09-24T17:18:06.789570188Z	1051	0																			
22	2026-09-24T17:18:06.839286283Z	1101	0																			
23	2026-09-24T17:18:06.889028891Z	1151	0																			
24	2026-09-24T17:18:06.938724724Z	1200	0																			
25	2026-09-24T17:18:06.989486228Z	1251	0																			
26	2026-09-24T17:18:07.039214685Z	1301	0																			
27	2026-09-24T17:18:07.088963625Z	1351	0																			
28	2026-09-24T17:18:07.138667057Z	1400	0																			
29	2026-09-24T17:18:07.18941754Z	1451	0																			
30	2026-09-24T17:18:07.239154985Z	1501	0																			
31	2026-09-24T17:18:07.289042174Z	1551	0																			
32	2026-09-24T17:18:07.338744419Z	1600	0																			
33	2026-09-24T17:18:07.389520768Z	1651	0																			
34	2026-09-24T17:18:07.439268606Z	1701	0																			
35	2026-09-24T17:18:07.489029935Z	1751	0																			
36	2026-09-24T17:18:07.538806734Z	1800	0																			
37	2026-09-24T17:18:07.589538595Z	1851	0																			
38	2026-09-24T17:18:07.639260365Z	1901	0																			
39	2026-09-24T17:18:07.688959235Z	1951	0																			
40	2026-09-24T17:18:07.73964618Z	2001	0																			
41	2026-09-24T17:18:07.789346305Z	2051	0																			
42	2026-09-24T17:18:07.839069383Z	2101	0																			
43	2026-09-24T17:18:07.888802438Z	2150	0																			
44	2026-09-24T17:18:07.939536698Z	2201	0																			
45	2026-09-24T17:18:07.989267072Z	2251	0																			
46	2026-09-24T17:18:08.038967236Z	2301	0																			
47	2026-09-24T17:18:08.088662643Z	2350	0																			
48	2026-09-24T17:18:08.139405165Z	2401	0																			
49	2026-09-24T17:18:08.189188541Z	2451	0																			
50	2026-09-24T17:18:08.238967985Z	2501	0																			
51	2026-09-24T17:18:08.288739271Z	2550	0																			
52	2026-09-24T17:18:08.339478736Z	2601	0																			
53	2026-09-24T17:18:08.389193447Z	2651	0																			
54	2026-09-24T17:18:08.438929524Z	2701	0																			
55	2026-09-24T17:18:08.489647614Z	2751	0																			
56	2026-09-24T17:18:08.539338641Z	2801	0																			
57	2026-09-24T17:18:08.589104683Z	2851	0																			
58	2026-09-24T17:18:08.638893747Z	2901	0																			
59	2026-09-24T17:18:08.688602042Z	2950	0																			
60	2026-09-24T17:18:08.739346706Z	3001	0																			
61	2026-09-24T17:18:08.789088106Z	3051	0																			
62	2026-09-24T17:18:08.838813888Z	3101	0																			
63	2026-09-24T17:18:08.889546728Z	3151	0																			
64	2026-09-24T17:18:08.939288614Z	3201	0																			
65	2026-09-24T17:18:08.989036225Z	3251	0																			
66	2026-09-24T17:18:09.038770003Z	3300	0																			
67	2026-09-24T17:18:09.089494174Z	3351	0																			
68	2026-09-24T17:18:09.139173921Z	3401	0																			
69	2026-09-24T17:18:09.188891405Z	3451	0																			
70	2026-09-24T17:18:09.239645907Z	3501	0																			
71	2026-09-24T17:18:09.289380062Z	3551	0																			
72	2026-09-24T17:18:09.339119851Z	3601	0																			
73	2026-09-24T17:18:09.388879064Z	3651	0																			
74	2026-09-24T17:18:09.439647163Z	3701	0																			
75	2026-09-24T17:18:09.489415559Z	3751	0																			
76	2026-09-24T17:18:09.53917208Z	3801	0																			
77	2026-09-24T17:18:09.588910301Z	3851	0																			
78	2026-09-24T17:18:09.639620666Z	3901	0																			
79	2026-09-24T17:18:09.689379299Z	3951	0																			
80	2026-09-24T17:18:09.739118555Z	4001	0																			
81	2026-09-24T17:18:09.788830385Z	4051	0																			
82	2026-09-24T17:18:09.839525732Z	4101	0																			
83	2026-09-24T17:18:09.889265899Z	4151	0																			
84	2026-09-24T17:18:09.938968925Z	4201	0																			
85	2026-09-24T17:18:09.988747781Z	4250	0																			
86	2026-09-24T17:18:10.039496062Z	4301	0																			
87	2026-09-24T17:18:10.089272658Z	4351	0																			
88	2026-09-24T17:18:10.139008868Z	4401	0																			
89	2026-09-24T17:18:10.188741213Z	4450	0																			
90	2026-09-24T17:18:10.239513525Z	4501	0																			
91	2026-09-24T17:18:10.289340538Z	4551	0																			
92	2026-09-24T17:18:10.339066798Z	4601	0																			
93	2026-09-24T17:18:10.388813573Z	4651	0																			
94	2026-09-24T17:18:10.439569988Z	4701	0																			
95	2026-09-24T17:18:10.489329071Z	4751	0																			
96	2026-09-24T17:18:10.539045481Z	4801	0																			
97	2026-09-24T17:18:10.588760876Z	4850	0																			
98	2026-09-24T17:18:10.639515666Z	4901	0																			
99	2026-09-24T17:18:10.689241516Z	4951	0																			
100	2026-09-24T17:18:10.739022372Z	5001	0																			
101	2026-09-24T17:18:10.788652719Z	5050	0																			
102	2026-09-24T17:18:10.839345427Z	5101	0																			
103	2026-09-24T17:18:10.889101995Z	5151	0																			
104	2026-09-24T17:18:10.938830136Z	5201	0																			
105	2026-09-24T17:18:10.989568961Z	5251	0																			
106	2026-09-24T17:18:11.03925338Z	5301	0																			
107	2026-09-24T17:18:11.088963429Z	5351	0																			
108	2026-09-24T17:18:11.138894418Z	5401	0																			
109	2026-09-24T17:18:11.188598428Z	5450	0																			
110	2026-09-24T17:18:11.239345379Z	5501	0																			
111	2026-09-24T17:18:11.289119655Z	5551	0																			
112	2026-09-24T17:18:11.3388924Z	5601	0																			
113	2026-09-24T17:18:11.388598188Z	5650	0																			
114	2026-09-24T17:18:11.439342647Z	5701	0																			
115	2026-09-24T17:18:11.489119989Z	5751	0																			
116	2026-09-24T17:18:11.538848583Z	5801	0																			
117	2026-09-24T17:18:11.589647027Z	5851	0																			
118	2026-09-24T17:18:11.639404592Z	5901	0																			
119	2026-09-24T17:18:11.689118684Z	5951	0																			
120	2026-09-24T17:18:11.738816122Z	6001	0																			
121	2026-09-24T17:18:11.789497701Z	6051	0																			
122	2026-09-24T17:18:11.839230416Z	6101	0																			
123	2026-09-24T17:18:11.888960766Z	6151	0																			
124	2026-09-24T17:18:11.939656161Z	6201	0																			
125	2026-09-24T17:18:11.989417283Z	6251	0																			
126	2026-09-24T17:18:12.039170115Z	6301	0																			
127	2026-09-24T17:18:12.088890548Z	6351	0																			
128	2026-09-24T17:18:12.138620305Z	6400	0																			
129	2026-09-24T17:18:12.189352719Z	6451	0																			
130	2026-09-24T17:18:12.239106301Z	6501	0																			
131	2026-09-24T17:18:12.288874107Z	6551	0																			
132	2026-09-24T17:18:12.339631631Z	6601	0																			
133	2026-09-24T17:18:12.389354677Z	6651	0																			
134	2026-09-24T17:18:12.439083267Z	6701	0																			
135	2026-09-24T17:18:12.488837737Z	6751	0																			
136	2026-09-24T17:18:12.539607613Z	6801	0																			
137	2026-09-24T17:18:12.589341811Z	6851	0																			
138	2026-09-24T17:18:12.639124879Z	6901	0																			
139	2026-09-24T17:18:12.688867616Z	6951	0																			
140	2026-09-24T17:18:12.739571061Z	7001	0																			
141	2026-09-24T17:18:12.78927027Z	7051	0																			
142	2026-09-24T17:18:12.839013567Z	7101	0																			
143	2026-09-24T17:18:12.888769861Z	7150	0																			
144	2026-09-24T17:18:12.939499868Z	7201	0																			
145	2026-09-24T17:18:12.989340385Z	7251	0																			
146	2026-09-24T17:18:13.039044453Z	7301	0																			
147	2026-09-24T17:18:13.088751357Z	7350	0																			
148	2026-09-24T17:18:13.139496399Z	7401	0																			
149	2026-09-24T17:18:13.189258452Z	7451	0																			
150	2026-09-24T17:18:13.238969949Z	7501	0																			
151	2026-09-24T17:18:13.288732098Z	7550	0																			
152	2026-09-24T17:18:13.339130173Z	7601	0																			
153	2026-09-24T17:18:13.388874194Z	7651	0																			
154	2026-09-24T17:18:13.439650021Z	7701	0																			
155	2026-09-24T17:18:13.489407944Z	7751	0																			
156	2026-09-24T17:18:13.539124479Z	7801	0																			
157	2026-09-24T17:18:13.588870051Z	7851	0																			
158	2026-09-24T17:18:13.639606064Z	7901	0																			
159	2026-09-24T17:18:13.689393591Z	7951	0																			
160	2026-09-24T17:18:13.739118867Z	8001	0																			
161	2026-09-24T17:18:13.788815796Z	8051	0																			
162	2026-09-24T17:18:13.839554752Z	8101	0																			
163	2026-09-24T17:18:13.889270665Z	8151	0																			
164	2026-09-24T17:18:13.939017296Z	8201	0																			
165	2026-09-24T17:18:13.988727628Z	8250	0																			
166	2026-09-24T17:18:14.039419269Z	8301	0																			
167	2026-09-24T17:18:14.089176801Z	8351	0																			
168	2026-09-24T17:18:14.138892786Z	8401	0																			
169	2026-09-24T17:18:14.189628586Z	8451	0																			
170	2026-09-24T17:18:14.239371807Z	8501	0																			
171	2026-09-24T17:18:14.289163895Z	8551	0																			
172	2026-09-24T17:18:14.3388902Z	8601	0																			
173	2026-09-24T17:18:14.389619297Z	8651	0																			
174	2026-09-24T17:18:14.439343132Z	8701	0																			
175	2026-09-24T17:18:14.489118098Z	8751	0																			
176	2026-09-24T17:18:14.53884611Z	8801	0																			
177	2026-09-24T17:18:14.58963788Z	8851	0																			
178	2026-09-24T17:18:14.639422039Z	8901	0																			
179	2026-09-24T17:18:14.689210094Z	8951	0																			
180	2026-09-24T17:18:14.738948583Z	9001	0																			
181	2026-09-24T17:18:14.789539259Z	9051	0																			
182	2026-09-24T17:18:14.839262047Z	9101	0																			
183	2026-09-24T17:18:14.88896356Z	9151	0																			
184	2026-09-24T17:18:14.938643887Z	9200	0																			
185	2026-09-24T17:18:14.989328971Z	9251	0																			
186	2026-09-24T17:18:15.039036437Z	9301	0																			
187	2026-09-24T17:18:15.088783368Z	9350	0																			
188	2026-09-24T17:18:15.139494205Z	9401	0																			
189	2026-09-24T17:18:15.189223246Z	9451	0																			
190	2026-09-24T17:18:15.238974427Z	9501	0																			
191	2026-09-24T17:18:15.288738012Z	9550	0																			
192	2026-09-24T17:18:15.33941845Z	9601	0																			
193	2026-09-24T17:18:15.389114318Z	9651	0																			
194	2026-09-24T17:18:15.438816209Z	9701	0																			
195	2026-09-24T17:18:15.489555644Z	9751	0																			
196	2026-09-24T17:18:15.539274763Z	9801	0																			
197	2026-09-24T17:18:15.589029413Z	9851	0																			
198	2026-09-24T17:18:15.638813049Z	9901	0																			
199	2026-09-24T17:18:15.689568436Z	9951	0																			
200	2026-09-24T17:18:15.739323586Z	10001	0																			
201	2026-09-24T17:18:15.78903315Z	10051	0																			
202	2026-09-24T17:18:15.838740796Z	10100	0																			
203	2026-09-24T17:18:15.889493011Z	10151	0																			
204	2026-09-24T17:18:15.93925833Z	10201	0																			
205	2026-09-24T17:18:15.989022673Z	10251	0																			
206	2026-09-24T17:18:16.038741541Z	10300	0																			
207	2026-09-24T17:18:16.089485384Z	10351	0																			
208	2026-09-24T17:18:16.139195621Z	10401	0																			
209	2026-09-24T17:18:16.188892826Z	10451	0																			
210	2026-09-24T17:18:16.239624041Z	10501	0																			
211	2026-09-24T17:18:16.28941323Z	10551	0																			
212	2026-09-24T17:18:16.339114692Z	10601	0																			
213	2026-09-24T17:18:16.388813715Z	10651	0																			
214	2026-09-24T17:18:16.439541683Z	10701	0																			
215	2026-09-24T17:18:16.489270192Z	10751	0																			
216	2026-09-24T17:18:16.538965863Z	10801	0																			
217	2026-09-24T17:18:16.588764773Z	10850	0																			
218	2026-09-24T17:18:16.639491252Z	10901	0																			
219	2026-09-24T17:18:16.689202677Z	10951	0																			
220	2026-09-24T17:18:16.738895088Z	11001	0																			
221	2026-09-24T17:18:16.789573509Z	11051	0																			
222	2026-09-24T17:18:16.839306949Z	11101	0																			
223	2026-09-24T17:18:16.889036084Z	11151	0																			
224	2026-09-24T17:18:16.938785887Z	11200	0																			
225	2026-09-24T17:18:16.989511728Z	11251	0																			
226	2026-09-24T17:18:17.039251624Z	11301	0																			
227	2026-09-24T17:18:17.088964949Z	11351	0																			
228	2026-09-24T17:18:17.138630719Z	11400	0																			
229	2026-09-24T17:18:17.189384678Z	11451	0																			
230	2026-09-24T17:18:17.239157207Z	11501	0																			
231	2026-09-24T17:18:17.288930142Z	11551	0																			
232	2026-09-24T17:18:17.33862171Z	11600	0																			
233	2026-09-24T17:18:17.389347586Z	11651	0																			
234	2026-09-24T17:18:17.439040206Z	11701	0																			
235	2026-09-24T17:18:17.488739755Z	11750	0																			
236	2026-09-24T17:18:17.539532236Z	11801	0																			
237	2026-09-24T17:18:17.589322666Z	11851	0																			
238	2026-09-24T17:18:17.639039997Z	11901	0																			
239	2026-09-24T17:18:17.688782121Z	11950	0																			
240	2026-09-24T17:18:17.739496322Z	12001	0																			
241	2026-09-24T17:18:17.789251234Z	12051	0																			
242	2026-09-24T17:18:17.83896648Z	12101	0																			
243	2026-09-24T17:18:17.888628294Z	12150	0																			
244	2026-09-24T17:18:17.939390587Z	12201	0																			
245	2026-09-24T17:18:17.989119889Z	12251	0																			
246	2026-09-24T17:18:18.038890631Z	12301	0																			
247	2026-09-24T17:18:18.089571637Z	12351	0																			
248	2026-09-24T17:18:18.139327298Z	12401	0																			
249	2026-09-24T17:18:18.189042448Z	12451	0																			
250	2026-09-24T17:18:18.238809445Z	12501	0																			
251	2026-09-24T17:18:18.289531633Z	12551	0																			
252	2026-09-24T17:18:18.339321555Z	12601	0																			
253	2026-09-24T17:18:18.389098004Z	12651	0																			
254	2026-09-24T17:18:18.438877821Z	12701	0																			
255	2026-09-24T17:18:18.489574892Z	12751	0																			
256	2026-09-24T17:18:18.539326177Z	12801	0																			
257	2026-09-24T17:18:18.589149945Z	12851	0																			
258	2026-09-24T17:18:18.638971926Z	12901	0																			
259	2026-09-24T17:18:18.688622477Z	12950	0																			
260	2026-09-24T17:18:18.739372097Z	13001	0																			
261	2026-09-24T17:18:18.789086419Z	13051	0																			
262	2026-09-24T17:18:18.838811598Z	13101	0																			
263	2026-09-24T17:18:18.889547055Z	13151	0																			
264	2026-09-24T17:18:18.9393198Z	13201	0																			
265	2026-09-24T17:18:18.989100888Z	13251	0																			
266	2026-09-24T17:18:19.038827583Z	13301	0																			
267	2026-09-24T17:18:19.089580741Z	13351	0																			
268	2026-09-24T17:18:19.13928541Z	13401	0																			
269	2026-09-24T17:18:19.189095826Z	13451	0																			
270	2026-09-24T17:18:19.238842925Z	13501	0																			
271	2026-09-24T17:18:19.289636671Z	13551	0																			
272	2026-09-24T17:18:19.339359835Z	13601	0																			
273	2026-09-24T17:18:19.389115158Z	13651	0																			
274	2026-09-24T17:18:19.438819853Z	13701	0																			
275	2026-09-24T17:18:19.489580748Z	13751	0																			
276	2026-09-24T17:18:19.539284516Z	13801	0																			
277	2026-09-24T17:18:19.589039866Z	13851	0																			
278	2026-09-24T17:18:19.638844939Z	13901	0																			
279	2026-09-24T17:18:19.689567529Z	13951	0																			
280	2026-09-24T17:18:19.739264291Z	14001	0																			
281	2026-09-24T17:18:19.78896567Z	14051	0																			
282	2026-09-24T17:18:19.838640438Z	14100	0																			
283	2026-09-24T17:18:19.889384459Z	14151	0																			
284	2026-09-24T17:18:19.939121379Z	14201	0																			
285	2026-09-24T17:18:19.98889328Z	14251	0																			
286	2026-09-24T17:18:20.03963884Z	14301	0																			
287	2026-09-24T17:18:20.08940569Z	14351	0																			
288	2026-09-24T17:18:20.139118563Z	14401	0																			
289	2026-09-24T17:18:20.188867371Z	14451	0																			
290	2026-09-24T17:18:20.239569463Z	14501	0																			
291	2026-09-24T17:18:20.289342Z	14551	0																			
292	2026-09-24T17:18:20.339068306Z	14601	0																			
293	2026-09-24T17:18:20.388825212Z	14651	0																			
294	2026-09-24T17:18:20.439567688Z	14701	0																			
295	2026-09-24T17:18:20.489349447Z	14751	0																			
296	2026-09-24T17:18:20.539356114Z	14801	0																			
297	2026-09-24T17:18:20.589087417Z	14851	0																			
298	2026-09-24T17:18:20.638859703Z	14901	0																			
299	2026-09-24T17:18:20.689569614Z	14951	0																			
300	2026-09-24T17:18:20.739317408Z	15001	0																			
301	2026-09-24T17:18:20.789029913Z	15051	0																			
302	2026-09-24T17:18:20.838740858Z	15100	0																			
303	2026-09-24T17:18:20.889468971Z	15151	0																			
304	2026-09-24T17:18:20.939195661Z	15201	0																			
305	2026-09-24T17:18:20.988955493Z	15251	0																			
306	2026-09-24T17:18:21.038650144Z	15300	0																			
307	2026-09-24T17:18:21.089395216Z	15351	0																			
308	2026-09-24T17:18:21.13911757Z	15401	0																			
309	2026-09-24T17:18:21.188815315Z	15451	0																			
310	2026-09-24T17:18:21.23955418Z	15501	0																			
311	2026-09-24T17:18:21.289345562Z	15551	0																			
312	2026-09-24T17:18:21.339107206Z	15601	0																			
313	2026-09-24T17:18:21.388827524Z	15651	0																			
314	2026-09-24T17:18:21.439569768Z	15701	0																			
315	2026-09-24T17:18:21.489287045Z	15751	0																			
316	2026-09-24T17:18:21.538969787Z	15801	0																			
317	2026-09-24T17:18:21.588646156Z	15850	0																			
318	2026-09-24T17:18:21.639394421Z	15901	0																			
319	2026-09-24T17:18:21.689158228Z	15951	0																			
320	2026-09-24T17:18:21.738891781Z	16001	0																			
321	2026-09-24T17:18:21.789560244Z	16051	0																			
322	2026-09-24T17:18:21.839269293Z	16101	0																			
323	2026-09-24T17:18:21.889014878Z	16151	0																			
324	2026-09-24T17:18:21.938740979Z	16200	0																			
325	2026-09-24T17:18:21.989463924Z	16251	0																			
326	2026-09-24T17:18:22.039179678Z	16301	0																			
327	2026-09-24T17:18:22.088909904Z	16351	0																			
328	2026-09-24T17:18:22.138597614Z	16400	0																			
329	2026-09-24T17:18:22.189361359Z	16451	0																			
330	2026-09-24T17:18:22.239118383Z	16501	0																			
331	2026-09-24T17:18:22.288865819Z	16551	0																			
332	2026-09-24T17:18:22.339625374Z	16601	0																			
333	2026-09-24T17:18:22.389389797Z	16651	0																			
334	2026-09-24T17:18:22.439114032Z	16701	0																			
335	2026-09-24T17:18:22.488891156Z	16751	0																			
336	2026-09-24T17:18:22.53961689Z	16801	0																			
337	2026-09-24T17:18:22.589368572Z	16851	0																			
338	2026-09-24T17:18:22.639134788Z	16901	0																			
339	2026-09-24T17:18:22.688859715Z	16951	0																			
340	2026-09-24T17:18:22.739616226Z	17001	0																			
341	2026-09-24T17:18:22.789387241Z	17051	0																			
342	2026-09-24T17:18:22.839119346Z	17101	0																			
343	2026-09-24T17:18:22.888877872Z	17151	0																			
344	2026-09-24T17:18:22.939569666Z	17201	0																			
345	2026-09-24T17:18:22.989340083Z	17251	0																			
346	2026-09-24T17:18:23.039035927Z	17301	0																			
347	2026-09-24T17:18:23.08879115Z	17350	0																			
348	2026-09-24T17:18:23.139496184Z	17401	0																			
349	2026-09-24T17:18:23.189222518Z	17451	0																			
350	2026-09-24T17:18:23.239043004Z	17501	0																			
351	2026-09-24T17:18:23.288813206Z	17551	0																			
352	2026-09-24T17:18:23.33956941Z	17601	0																			
353	2026-09-24T17:18:23.389362399Z	17651	0																			
354	2026-09-24T17:18:23.439105259Z	17701	0																			
355	2026-09-24T17:18:23.488856473Z	17751	0																			
356	2026-09-24T17:18:23.539577885Z	17801	0																			
357	2026-09-24T17:18:23.589341102Z	17851	0																			
358	2026-09-24T17:18:23.639042449Z	17901	0																			
359	2026-09-24T17:18:23.688737368Z	17950	0																			
360	2026-09-24T17:18:23.739423451Z	18001	0																			
361	2026-09-24T17:18:23.789162275Z	18051	0																			
362	2026-09-24T17:18:23.838896761Z	18101	0																			
363	2026-09-24T17:18:23.889641966Z	18151	0																			
364	2026-09-24T17:18:23.93934549Z	18201	0																			
365	2026-09-24T17:18:23.989103871Z	18251	0																			
366	2026-09-24T17:18:24.038835052Z	18301	0																			
367	2026-09-24T17:18:24.089568748Z	18351	0																			
368	2026-09-24T17:18:24.139267867Z	18401	0																			
369	2026-09-24T17:18:24.188955408Z	18451	0																			
370	2026-09-24T17:18:24.238664838Z	18500	0																			
371	2026-09-24T17:18:24.289408039Z	18551	0																			
372	2026-09-24T17:18:24.339147632Z	18601	0																			
373	2026-09-24T17:18:24.388892222Z	18651	0																			
374	2026-09-24T17:18:24.439637204Z	18701	0																			
375	2026-09-24T17:18:24.489410607Z	18751	0																			
376	2026-09-24T17:18:24.539154266Z	18801	0																			
377	2026-09-24T17:18:24.588893976Z	18851	0																			
378	2026-09-24T17:18:24.639632979Z	18901	0																			
379	2026-09-24T17:18:24.689463536Z	18951	0																			
380	2026-09-24T17:18:24.739174559Z	19001	0																			
381	2026-09-24T17:18:24.788880774Z	19051	0																			
382	2026-09-24T17:18:24.839567787Z	19101	0																			
383	2026-09-24T17:18:24.889449725Z	19151	0																			
384	2026-09-24T17:18:24.939136573Z	19201	0																			
385	2026-09-24T17:18:24.988877263Z	19251	0																			
386	2026-09-24T17:18:25.039611743Z	19301	0																			
387	2026-09-24T17:18:25.089393774Z	19351	0																			
388	2026-09-24T17:18:25.139117253Z	19401	0																			
389	2026-09-24T17:18:25.188855994Z	19451	0																			
390	2026-09-24T17:18:25.239607662Z	19501	0																			
391	2026-09-24T17:18:25.289389821Z	19551	0																			
392	2026-09-24T17:18:25.339117537Z	19601	0																			
393	2026-09-24T17:18:25.388855269Z	19651	0																			
394	2026-09-24T17:18:25.439569538Z	19701	0																			
395	2026-09-24T17:18:25.489429139Z	19751	0																			
396	2026-09-24T17:18:25.539176088Z	19801	0																			
397	2026-09-24T17:18:25.588920857Z	19851	0																			
398	2026-09-24T17:18:25.639651932Z	19901	0																			
399	2026-09-24T17:18:25.689385021Z	19951	0																			
400	2026-09-24T17:18:25.739130562Z	20001	0																			
401	2026-09-24T17:18:25.789571834Z	20051	0																			
402	2026-09-24T17:18:25.839343128Z	20101	0																			
403	2026-09-24T17:18:25.889088294Z	20151	0																			
404	2026-09-24T17:18:25.938864524Z	20201	0																			
405	2026-09-24T17:18:25.98960555Z	20251	0																			
406	2026-09-24T17:18:26.039310926Z	20301	0																			
407	2026-09-24T17:18:26.089031816Z	20351	0																			
408	2026-09-24T17:18:26.138742482Z	20400	0																			
409	2026-09-24T17:18:26.189496622Z	20451	0																			
410	2026-09-24T17:18:26.239252846Z	20501	0																			
411	2026-09-24T17:18:26.289029792Z	20551	0																			
412	2026-09-24T17:18:26.338743154Z	20600	0																			
413	2026-09-24T17:18:26.389493576Z	20651	0																			
414	2026-09-24T17:18:26.439236368Z	20701	0																			
415	2026-09-24T17:18:26.488969462Z	20751	0																			
416	2026-09-24T17:18:26.538719623Z	20800	0																			
417	2026-09-24T17:18:26.589540323Z	20851	0																			
418	2026-09-24T17:18:26.63932758Z	20901	0																			
419	2026-09-24T17:18:26.689117169Z	20951	0																			
420	2026-09-24T17:18:26.738877047Z	21001	0																			
421	2026-09-24T17:18:26.789579917Z	21051	0																			
422	2026-09-24T17:18:26.839321173Z	21101	0																			
423	2026-09-24T17:18:26.889044027Z	21151	0																			
424	2026-09-24T17:18:26.938817414Z	21201	0																			
425	2026-09-24T17:18:26.989516383Z	21251	0																			
426	2026-09-24T17:18:27.03927029Z	21301	0																			
427	2026-09-24T17:18:27.08896321Z	21351	0																			
428	2026-09-24T17:18:27.138662831Z	21400	0																			
429	2026-09-24T17:18:27.189408066Z	21451	0																			
430	2026-09-24T17:18:27.23909242Z	21501	0																			
431	2026-09-24T17:18:27.28884846Z	21551	0																			
432	2026-09-24T17:18:27.339568567Z	21601	0																			
433	2026-09-24T17:18:27.389341293Z	21651	0																			
434	2026-09-24T17:18:27.439035141Z	21701	0																			
435	2026-09-24T17:18:27.488739317Z	21750	0																			
436	2026-09-24T17:18:27.53943183Z	21801	0																			
437	2026-09-24T17:18:27.589149052Z	21851	0																			
438	2026-09-24T17:18:27.63895628Z	21901	0																			
439	2026-09-24T17:18:27.688636682Z	21950	0																			
440	2026-09-24T17:18:27.739363401Z	22001	0																			
441	2026-09-24T17:18:27.789136381Z	22051	0																			
442	2026-09-24T17:18:27.83886485Z	22101	0																			
443	2026-09-24T17:18:27.889614638Z	22151	0																			
444	2026-09-24T17:18:27.939402413Z	22201	0																			
445	2026-09-24T17:18:27.989169673Z	22251	0																			
446	2026-09-24T17:18:28.038893477Z	22301	0																			
447	2026-09-24T17:18:28.089594958Z	22351	0																			
448	2026-09-24T17:18:28.13933759Z	22401	0																			
449	2026-09-24T17:18:28.189039193Z	22451	0																			
450	2026-09-24T17:18:28.238801052Z	22500	0																			
451	2026-09-24T17:18:28.289525334Z	22551	0																			
452	2026-09-24T17:18:28.339272012Z	22601	0																			
453	2026-09-24T17:18:28.389034098Z	22651	0																			
454	2026-09-24T17:18:28.438785219Z	22700	0																			
455	2026-09-24T17:18:28.48955266Z	22751	0																			
456	2026-09-24T17:18:28.539323214Z	22801	0																			
457	2026-09-24T17:18:28.589088386Z	22851	0																			
458	2026-09-24T17:18:28.638815963Z	22901	0																			
459	2026-09-24T17:18:28.68957939Z	22951	0																			
460	2026-09-24T17:18:28.739639047Z	23001	0																			
461	2026-09-24T17:18:28.789338294Z	23051	0																			
462	2026-09-24T17:18:28.839042061Z	23101	0																			
463	2026-09-24T17:18:28.888827706Z	23151	0																			
464	2026-09-24T17:18:28.939574739Z	23201	0																			
465	2026-09-24T17:18:28.98929872Z	23251	0																			
466	2026-09-24T17:18:29.039044264Z	23301	0																			
467	2026-09-24T17:18:29.08880326Z	23350	0																			
468	2026-09-24T17:18:29.139572819Z	23401	0																			
469	2026-09-24T17:18:29.189407421Z	23451	0																			
470	2026-09-24T17:18:29.239174782Z	23501	0																			
471	2026-09-24T17:18:29.288957011Z	23551	0																			
472	2026-09-24T17:18:29.339630432Z	23601	0																			
473	2026-09-24T17:18:29.389397374Z	23651	0																			
474	2026-09-24T17:18:29.43904534Z	23701	0																			
475	2026-09-24T17:18:29.488795269Z	23750	0																			
476	2026-09-24T17:18:29.539510278Z	23801	0																			
477	2026-09-24T17:18:29.589266889Z	23851	0																			
478	2026-09-24T17:18:29.639041789Z	23901	0																			
479	2026-09-24T17:18:29.688796765Z	23950	0																			
480	2026-09-24T17:18:29.739520732Z	24001	0																			
481	2026-09-24T17:18:29.78924685Z	24051	0																			
482	2026-09-24T17:18:29.839007625Z	24101	0																			
483	2026-09-24T17:18:29.888752565Z	24150	0																			
484	2026-09-24T17:18:29.939497543Z	24201	0																			
485	2026-09-24T17:18:29.989262159Z	24251	0																			
486	2026-09-24T17:18:30.038995402Z	24301	0																			
487	2026-09-24T17:18:30.088730299Z	24350	0																			
488	2026-09-24T17:18:30.139471345Z	24401	0																			
489	2026-09-24T17:18:30.189257436Z	24451	0																			
490	2026-09-24T17:18:30.238968439Z	24501	0																			
491	2026-09-24T17:18:30.288653586Z	24550	0																			
492	2026-09-24T17:18:30.339344955Z	24601	0																			
493	2026-09-24T17:18:30.389102286Z	24651	0																			
494	2026-09-24T17:18:30.438847689Z	24701	0																			
495	2026-09-24T17:18:30.489584506Z	24751	0																			
496	2026-09-24T17:18:30.539341958Z	24801	0																			
497	2026-09-24T17:18:30.589094601Z	24851	0																			
498	2026-09-24T17:18:30.63880471Z	24900	0																			
499	2026-09-24T17:18:30.689476099Z	24951	0																			
500	2026-09-24T17:18:30.739196034Z	25001	0																			
501	2026-09-24T17:18:30.788959426Z	25051	0																			
502	2026-09-24T17:18:30.838620497Z	25100	0																			
503	2026-09-24T17:18:30.889359897Z	25151	0																			
504	2026-09-24T17:18:30.939094962Z	25201	0																			
505	2026-09-24T17:18:30.988797046Z	25250	0																			
506	2026-09-24T17:18:31.039497237Z	25301	0																			
507	2026-09-24T17:18:31.089262887Z	25351	0																			
508	2026-09-24T17:18:31.138975853Z	25401	0																			
509	2026-09-24T17:18:31.188742429Z	25450	0																			
510	2026-09-24T17:18:31.239482832Z	25501	0																			
511	2026-09-24T17:18:31.289247247Z	25551	0																			
512	2026-09-24T17:18:31.338966517Z	25601	0																			
513	2026-09-24T17:18:31.388638804Z	25650	0																			
514	2026-09-24T17:18:31.439343026Z	25701	0																			
515	2026-09-24T17:18:31.489117733Z	25751	0																			
516	2026-09-24T17:18:31.538873759Z	25801	0																			
517	2026-09-24T17:18:31.589626961Z	25851	0																			
518	2026-09-24T17:18:31.639419651Z	25901	0																			
519	2026-09-24T17:18:31.689181773Z	25951	0																			
520	2026-09-24T17:18:31.738916374Z	26001	0																			
521	2026-09-24T17:18:31.789630773Z	26051	0																			
522	2026-09-24T17:18:31.839364727Z	26101	0																			
523	2026-09-24T17:18:31.88907772Z	26151	0																			
524	2026-09-24T17:18:31.938814232Z	26201	0																			
525	2026-09-24T17:18:31.989494876Z	26251	0																			
526	2026-09-24T17:18:32.039182929Z	26301	0																			
527	2026-09-24T17:18:32.088892971Z	26351	0																			
528	2026-09-24T17:18:32.139636978Z	26401	0																			
529	2026-09-24T17:18:32.189345377Z	26451	0																			
530	2026-09-24T17:18:32.239090018Z	26501	0																			
531	2026-09-24T17:18:32.28885656Z	26551	0																			
532	2026-09-24T17:18:32.339604712Z	26601	0																			
533	2026-09-24T17:18:32.389327975Z	26651	0																			
534	2026-09-24T17:18:32.438969129Z	26701	0																			
535	2026-09-24T17:18:32.48964457Z	26751	0																			
536	2026-09-24T17:18:32.539358211Z	26801	0																			
537	2026-09-24T17:18:32.589115304Z	26851	0																			
538	2026-09-24T17:18:32.638894097Z	26901	0																			
539	2026-09-24T17:18:32.688616439Z	26950	0																			
540	2026-09-24T17:18:32.739363125Z	27001	0																			
541	2026-09-24T17:18:32.789043229Z	27051	0																			
542	2026-09-24T17:18:32.838804345Z	27100	0																			
543	2026-09-24T17:18:32.889499371Z	27151	0																			
544	2026-09-24T17:18:32.939172301Z	27201	0																			
545	2026-09-24T17:18:32.988891346Z	27251	0																			
546	2026-09-24T17:18:33.039614409Z	27301	0																			
547	2026-09-24T17:18:33.08940077Z	27351	0																			
548	2026-09-24T17:18:33.139149283Z	27401	0																			
549	2026-09-24T17:18:33.18889269Z	27451	0																			
550	2026-09-24T17:18:33.238601973Z	27500	0																			
551	2026-09-24T17:18:33.289343595Z	27551	0																			
552	2026-09-24T17:18:33.339456687Z	27601	0																			
553	2026-09-24T17:18:33.389238658Z	27651	0																			
554	2026-09-24T17:18:33.438942936Z	27701	0																			
555	2026-09-24T17:18:33.488651546Z	27750	0																			
556	2026-09-24T17:18:33.539389569Z	27801	0																			
557	2026-09-24T17:18:33.589115579Z	27851	0																			
558	2026-09-24T17:18:33.638949805Z	27901	0																			
559	2026-09-24T17:18:33.688625775Z	27950	0																			
560	2026-09-24T17:18:33.739344663Z	28001	0																			
561	2026-09-24T17:18:33.789037497Z	28051	0																			
562	2026-09-24T17:18:33.838775528Z	28100	0																			
563	2026-09-24T17:18:33.889495529Z	28151	0																			
564	2026-09-24T17:18:33.939158489Z	28201	0																			
565	2026-09-24T17:18:33.988890899Z	28251	0																			
566	2026-09-24T17:18:34.039606666Z	28301	0																			
567	2026-09-24T17:18:34.089343162Z	28351	0																			
568	2026-09-24T17:18:34.13902722Z	28401	0																			
569	2026-09-24T17:18:34.188748536Z	28450	0																			
570	2026-09-24T17:18:34.239422747Z	28501	0																			
571	2026-09-24T17:18:34.289186297Z	28551	0																			
572	2026-09-24T17:18:34.338890629Z	28601	0																			
573	2026-09-24T17:18:34.389613178Z	28651	0																			
574	2026-09-24T17:18:34.439333252Z	28701	0																			
575	2026-09-24T17:18:34.489019272Z	28751	0																			
576	2026-09-24T17:18:34.538757964Z	28800	0																			
577	2026-09-24T17:18:34.589493917Z	28851	0																			
578	2026-09-24T17:18:34.639195574Z	28901	0																			
579	2026-09-24T17:18:34.688949534Z	28951	0																			
580	2026-09-24T17:18:34.738595991Z	29000	0																			
581	2026-09-24T17:18:34.78924597Z	29051	0																			
582	2026-09-24T17:18:34.838967962Z	29101	0																			
583	2026-09-24T17:18:34.888643304Z	29150	0																			
584	2026-09-24T17:18:34.939369736Z	29201	0																			
585	2026-09-24T17:18:34.989116273Z	29251	0																			
586	2026-09-24T17:18:35.038852375Z	29301	0																			
587	2026-09-24T17:18:35.089568726Z	29351	0																			
588	2026-09-24T17:18:35.139311674Z	29401	0																			
589	2026-09-24T17:18:35.189028457Z	29451	0																			
590	2026-09-24T17:18:35.238765478Z	29500	0																			
591	2026-09-24T17:18:35.289493229Z	29551	0																			
592	2026-09-24T17:18:35.339196507Z	29601	0																			
593	2026-09-24T17:18:35.388957756Z	29651	0																			
594	2026-09-24T17:18:35.438655853Z	29700	0																			
595	2026-09-24T17:18:35.489375262Z	29751	0																			
596	2026-09-24T17:18:35.539128458Z	29801	0																			
597	2026-09-24T17:18:35.588889191Z	29851	0																			
598	2026-09-24T17:18:35.639647951Z	29901	0																			
599	2026-09-24T17:18:35.689411857Z	29951	0																			
600	2026-09-24T17:18:35.739131494Z	30001	0																			
601	2026-09-24T17:18:35.789477681Z	30051	0																			
602	2026-09-24T17:18:35.839216822Z	30101	0																			
603	2026-09-24T17:18:35.888954224Z	30151	0																			
604	2026-09-24T17:18:35.938643556Z	30200	0																			
605	2026-09-24T17:18:35.989408896Z	30251	0																			
606	2026-09-24T17:18:36.039126766Z	30301	0																			
607	2026-09-24T17:18:36.088855992Z	30351	0																			
608	2026-09-24T17:18:36.139574658Z	30401	0																			
609	2026-09-24T17:18:36.189345786Z	30451	0																			
610	2026-09-24T17:18:36.239048881Z	30501	0																			
611	2026-09-24T17:18:36.288806925Z	30550	0																			
612	2026-09-24T17:18:36.339547251Z	30601	0																			
613	2026-09-24T17:18:36.389263561Z	30651	0																			
614	2026-09-24T17:18:36.438979983Z	30701	0																			
615	2026-09-24T17:18:36.48865752Z	30750	0																			
616	2026-09-24T17:18:36.539390839Z	30801	0																			
617	2026-09-24T17:18:36.589147341Z	30851	0																			
618	2026-09-24T17:18:36.638952479Z	30901	0																			
619	2026-09-24T17:18:36.688624512Z	30950	0																			
620	2026-09-24T17:18:36.739345449Z	31001	0																			
621	2026-09-24T17:18:36.789028471Z	31051	0																			
622	2026-09-24T17:18:36.838740068Z	31100	0																			
623	2026-09-24T17:18:36.889468883Z	31151	0																			
624	2026-09-24T17:18:36.939198261Z	31201	0																			
625	2026-09-24T17:18:36.988956831Z	31251	0																			
626	2026-09-24T17:18:37.038626484Z	31300	0																			
627	2026-09-24T17:18:37.089362578Z	31351	0																			
628	2026-09-24T17:18:37.139110022Z	31401	0																			
629	2026-09-24T17:18:37.188826883Z	31451	0																			
630	2026-09-24T17:18:37.239558591Z	31501	0																			
631	2026-09-24T17:18:37.28929715Z	31551	0																			
632	2026-09-24T17:18:37.339044633Z	31601	0																			
633	2026-09-24T17:18:37.38880075Z	31650	0																			
634	2026-09-24T17:18:37.439497061Z	31701	0																			
635	2026-09-24T17:18:37.489233547Z	31751	0																			
636	2026-09-24T17:18:37.538977322Z	31801	0																			
637	2026-09-24T17:18:37.588756448Z	31850	0																			
638	2026-09-24T17:18:37.639516369Z	31901	0																			
639	2026-09-24T17:18:37.689267836Z	31951	0																			
640	2026-09-24T17:18:37.738968307Z	32001	0																			
641	2026-09-24T17:18:37.788636039Z	32050	0																			
642	2026-09-24T17:18:37.839433471Z	32101	0																			
643	2026-09-24T17:18:37.889192893Z	32151	0																			
644	2026-09-24T17:18:37.938966675Z	32201	0																			
645	2026-09-24T17:18:37.988730017Z	32250	0																			
646	2026-09-24T17:18:38.03946458Z	32301	0																			
647	2026-09-24T17:18:38.089188211Z	32351	0																			
648	2026-09-24T17:18:38.138892898Z	32401	0																			
649	2026-09-24T17:18:38.189597863Z	32451	0																			
650	2026-09-24T17:18:38.239338148Z	32501	0																			
651	2026-09-24T17:18:38.289082529Z	32551	0																			
652	2026-09-24T17:18:38.33881573Z	32601	0																			
653	2026-09-24T17:18:38.389559428Z	32651	0																			
654	2026-09-24T17:18:38.43931181Z	32701	0																			
655	2026-09-24T17:18:38.489041703Z	32751	0																			
656	2026-09-24T17:18:38.538744087Z	32800	0																			
657	2026-09-24T17:18:38.589534363Z	32851	0																			
658	2026-09-24T17:18:38.63926516Z	32901	0																			
659	2026-09-24T17:18:38.688961237Z	32951	0																			
660	2026-09-24T17:18:38.738635964Z	33000	0																			
661	2026-09-24T17:18:38.789343036Z	33051	0																			
662	2026-09-24T17:18:38.839043713Z	33101	0																			
663	2026-09-24T17:18:38.888787429Z	33150	0																			
664	2026-09-24T17:18:38.939496051Z	33201	0																			
665	2026-09-24T17:18:38.989268296Z	33251	0																			
666	2026-09-24T17:18:39.03901736Z	33301	0																			
667	2026-09-24T17:18:39.088789444Z	33350	0																			
668	2026-09-24T17:18:39.139535197Z	33401	0																			
669	2026-09-24T17:18:39.189304562Z	33451	0																			
670	2026-09-24T17:18:39.239051823Z	33501	0																			
671	2026-09-24T17:18:39.288799604Z	33550	0																			
672	2026-09-24T17:18:39.339545473Z	33601	0																			
673	2026-09-24T17:18:39.389314877Z	33651	0																			
674	2026-09-24T17:18:39.43905332Z	33701	0																			
675	2026-09-24T17:18:39.48880672Z	33750	0																			
676	2026-09-24T17:18:39.539596572Z	33801	0																			
677	2026-09-24T17:18:39.589344761Z	33851	0																			
678	2026-09-24T17:18:39.639118309Z	33901	0																			
679	2026-09-24T17:18:39.688842887Z	33951	0																			
680	2026-09-24T17:18:39.739571892Z	34001	0																			
681	2026-09-24T17:18:39.789327246Z	34051	0																			
682	2026-09-24T17:18:39.839084679Z	34101	0																			
683	2026-09-24T17:18:39.888839274Z	34151	0																			
684	2026-09-24T17:18:39.939585889Z	34201	0																			
685	2026-09-24T17:18:39.989293672Z	34251	0																			
686	2026-09-24T17:18:40.039032329Z	34301	0																			
687	2026-09-24T17:18:40.088784922Z	34350	0																			
688	2026-09-24T17:18:40.139506771Z	34401	0																			
689	2026-09-24T17:18:40.189381863Z	34451	0																			
690	2026-09-24T17:18:40.239122687Z	34501	0																			
691	2026-09-24T17:18:40.288888906Z	34551	0																			
692	2026-09-24T17:18:40.339568699Z	34601	0																			
693	2026-09-24T17:18:40.389328329Z	34651	0																			
694	2026-09-24T17:18:40.438971604Z	34701	0																			
695	2026-09-24T17:18:40.488738246Z	34750	0																			
696	2026-09-24T17:18:40.539478578Z	34801	0																			
697	2026-09-24T17:18:40.589201316Z	34851	0																			
698	2026-09-24T17:18:40.638890238Z	34901	0																			
699	2026-09-24T17:18:40.689576318Z	34951	0																			
700	2026-09-24T17:18:40.739342505Z	35001	0																			
701	2026-09-24T17:18:40.789029107Z	35051	0																			
702	2026-09-24T17:18:40.838791379Z	35100	0																			
703	2026-09-24T17:18:40.889598638Z	35151	0																			
704	2026-09-24T17:18:40.939326873Z	35201	0																			
705	2026-09-24T17:18:40.989104663Z	35251	0																			
706	2026-09-24T17:18:41.038815765Z	35301	0																			
707	2026-09-24T17:18:41.089557066Z	35351	0																			
708	2026-09-24T17:18:41.139233237Z	35401	0																			
709	2026-09-24T17:18:41.188961358Z	35451	0																			
710	2026-09-24T17:18:41.238646081Z	35500	0																			
711	2026-09-24T17:18:41.289418631Z	35551	0																			
712	2026-09-24T17:18:41.339155362Z	35601	0																			
713	2026-09-24T17:18:41.388910446Z	35651	0																			
714	2026-09-24T17:18:41.439644181Z	35701	0																			
715	2026-09-24T17:18:41.489389804Z	35751	0																			
716	2026-09-24T17:18:41.539120839Z	35801	0																			
717	2026-09-24T17:18:41.588858419Z	35851	0																			
718	2026-09-24T17:18:41.639572091Z	35901	0																			
719	2026-09-24T17:18:41.689342086Z	35951	0																			
720	2026-09-24T17:18:41.739065809Z	36001	0																			
721	2026-09-24T17:18:41.788814321Z	36051	0																			
722	2026-09-24T17:18:41.839503414Z	36101	0																			
723	2026-09-24T17:18:41.889272239Z	36151	0																			
724	2026-09-24T17:18:41.939041976Z	36201	0																			
725	2026-09-24T17:18:41.988780565Z	36250	0																			
726	2026-09-24T17:18:42.039534724Z	36301	0																			
727	2026-09-24T17:18:42.089329226Z	36351	0																			
728	2026-09-24T17:18:42.139045024Z	36401	0																			
729	2026-09-24T17:18:42.188731133Z	36450	0																			
730	2026-09-24T17:18:42.23874463Z	36500	0																			
731	2026-09-24T17:18:42.289494012Z	36551	0																			
732	2026-09-24T17:18:42.339194489Z	36601	0																			
733	2026-09-24T17:18:42.388955601Z	36651	0																			
734	2026-09-24T17:18:42.438656222Z	36700	0																			
735	2026-09-24T17:18:42.489311977Z	36751	0																			
736	2026-09-24T17:18:42.53913245Z	36801	0																			
737	2026-09-24T17:18:42.58889214Z	36851	0																			
738	2026-09-24T17:18:42.639634235Z	36901	0																			
739	2026-09-24T17:18:42.689422857Z	36951	0																			
740	2026-09-24T17:18:42.739101717Z	37001	0																			
741	2026-09-24T17:18:42.788806244Z	37050	0																			
742	2026-09-24T17:18:42.839492767Z	37101	0																			
743	2026-09-24T17:18:42.889256696Z	37151	0																			
744	2026-09-24T17:18:42.938968083Z	37201	0																			
745	2026-09-24T17:18:42.989650498Z	37251	0																			
746	2026-09-24T17:18:43.03939674Z	37301	0																			
747	2026-09-24T17:18:43.089167791Z	37351	0																			
748	2026-09-24T17:18:43.138893931Z	37401	0																			
749	2026-09-24T17:18:43.18860335Z	37450	0																			
750	2026-09-24T17:18:43.239422611Z	37501	0																			
751	2026-09-24T17:18:43.289194786Z	37551	0																			
752	2026-09-24T17:18:43.338968452Z	37601	0																			
753	2026-09-24T17:18:43.388662544Z	37650	0																			
754	2026-09-24T17:18:43.439407166Z	37701	0																			
755	2026-09-24T17:18:43.489166205Z	37751	0																			
756	2026-09-24T17:18:43.5389046Z	37801	0																			
757	2026-09-24T17:18:43.588627492Z	37850	0																			
758	2026-09-24T17:18:43.639344024Z	37901	0																			
759	2026-09-24T17:18:43.689083268Z	37951	0																			
760	2026-09-24T17:18:43.738815446Z	38001	0																			
761	2026-09-24T17:18:43.789553453Z	38051	0																			
762	2026-09-24T17:18:43.83932535Z	38101	0																			
763	2026-09-24T17:18:43.889098606Z	38151	0																			
764	2026-09-24T17:18:43.938816456Z	38201	0																			
765	2026-09-24T17:18:43.989546192Z	38251	0																			
766	2026-09-24T17:18:44.039241661Z	38301	0																			
767	2026-09-24T17:18:44.0889602Z	38351	0																			
768	2026-09-24T17:18:44.138644741Z	38400	0																			
769	2026-09-24T17:18:44.189330452Z	38451	0																			
770	2026-09-24T17:18:44.239122293Z	38501	0																			
771	2026-09-24T17:18:44.28889206Z	38551	0																			
772	2026-09-24T17:18:44.339635959Z	38601	0																			
773	2026-09-24T17:18:44.389391654Z	38651	0																			
774	2026-09-24T17:18:44.439121729Z	38701	0																			
775	2026-09-24T17:18:44.488868198Z	38751	0																			
776	2026-09-24T17:18:44.539585977Z	38801	0																			
777	2026-09-24T17:18:44.589341678Z	38851	0																			
778	2026-09-24T17:18:44.63912103Z	38901	0																			
779	2026-09-24T17:18:44.688813235Z	38951	0																			
780	2026-09-24T17:18:44.739545116Z	39001	0																			
781	2026-09-24T17:18:44.789272792Z	39051	0																			
782	2026-09-24T17:18:44.83899879Z	39101	0																			
783	2026-09-24T17:18:44.888739873Z	39150	0																			
784	2026-09-24T17:18:44.939494752Z	39201	0																			
785	2026-09-24T17:18:44.989252706Z	39251	0																			
786	2026-09-24T17:18:45.039014301Z	39301	0																			
787	2026-09-24T17:18:45.088738957Z	39350	0																			
788	2026-09-24T17:18:45.139494409Z	39401	0																			
789	2026-09-24T17:18:45.189268871Z	39451	0																			
790	2026-09-24T17:18:45.239027927Z	39501	0																			
791	2026-09-24T17:18:45.288800484Z	39550	0																			
792	2026-09-24T17:18:45.339568063Z	39601	0																			
793	2026-09-24T17:18:45.389323655Z	39651	0																			
794	2026-09-24T17:18:45.439039074Z	39701	0																			
795	2026-09-24T17:18:45.488775474Z	39750	0																			
796	2026-09-24T17:18:45.539522874Z	39801	0																			
797	2026-09-24T17:18:45.589344281Z	39851	0																			
798	2026-09-24T17:18:45.639085529Z	39901	0																			
799	2026-09-24T17:18:45.688832564Z	39951	0																			
800	2026-09-24T17:18:45.739508994Z	40001	0																			
801	2026-09-24T17:18:45.789194473Z	40051	0																			
802	2026-09-24T17:18:45.838965307Z	40101	0																			
803	2026-09-24T17:18:45.888639464Z	40150	0																			
804	2026-09-24T17:18:45.939352685Z	40201	0																			
805	2026-09-24T17:18:45.98910428Z	40251	0																			
806	2026-09-24T17:18:46.038817416Z	40301	0																			
807	2026-09-24T17:18:46.089549834Z	40351	0																			
808	2026-09-24T17:18:46.139313686Z	40401	0																			
809	2026-09-24T17:18:46.189082659Z	40451	0																			
810	2026-09-24T17:18:46.238819023Z	40501	0																			
811	2026-09-24T17:18:46.289619669Z	40551	0																			
812	2026-09-24T17:18:46.339345168Z	40601	0																			
813	2026-09-24T17:18:46.389116057Z	40651	0																			
814	2026-09-24T17:18:46.438815131Z	40701	0																			
815	2026-09-24T17:18:46.489559029Z	40751	0																			
816	2026-09-24T17:18:46.539289985Z	40801	0																			
817	2026-09-24T17:18:46.589083218Z	40851	0																			
818	2026-09-24T17:18:46.638864916Z	40901	0																			
819	2026-09-24T17:18:46.68958342Z	40951	0																			
820	2026-09-24T17:18:46.739329631Z	41001	0																			
821	2026-09-24T17:18:46.789096754Z	41051	0																			
822	2026-09-24T17:18:46.838867282Z	41101	0																			
823	2026-09-24T17:18:46.889572159Z	41151	0																			
824	2026-09-24T17:18:46.939326536Z	41201	0																			
825	2026-09-24T17:18:46.989085352Z	41251	0																			
826	2026-09-24T17:18:47.038818572Z	41301	0																			
827	2026-09-24T17:18:47.089578472Z	41351	0																			
828	2026-09-24T17:18:47.139324331Z	41401	0																			
829	2026-09-24T17:18:47.189105318Z	41451	0																			
830	2026-09-24T17:18:47.23885275Z	41501	0																			
831	2026-09-24T17:18:47.289626015Z	41551	0																			
832	2026-09-24T17:18:47.33937694Z	41601	0																			
833	2026-09-24T17:18:47.389116396Z	41651	0																			
834	2026-09-24T17:18:47.438841028Z	41701	0																			
835	2026-09-24T17:18:47.489571809Z	41751	0																			
836	2026-09-24T17:18:47.539272383Z	41801	0																			
837	2026-09-24T17:18:47.588955921Z	41851	0																			
838	2026-09-24T17:18:47.638597434Z	41900	0																			
839	2026-09-24T17:18:47.68936759Z	41951	0																			
840	2026-09-24T17:18:47.739114689Z	42001	0																			
841	2026-09-24T17:18:47.788810346Z	42051	0																			
842	2026-09-24T17:18:47.839571124Z	42101	0																			
843	2026-09-24T17:18:47.889345599Z	42151	0																			
844	2026-09-24T17:18:47.939102016Z	42201	0																			
845	2026-09-24T17:18:47.988871584Z	42251	0																			
846	2026-09-24T17:18:48.039601284Z	42301	0																			
847	2026-09-24T17:18:48.089383086Z	42351	0																			
848	2026-09-24T17:18:48.139181097Z	42401	0																			
849	2026-09-24T17:18:48.188907748Z	42451	0																			
850	2026-09-24T17:18:48.238603645Z	42500	0																			
851	2026-09-24T17:18:48.289397635Z	42551	0																			
852	2026-09-24T17:18:48.33911634Z	42601	0																			
853	2026-09-24T17:18:48.388873522Z	42651	0																			
854	2026-09-24T17:18:48.439604087Z	42701	0																			
855	2026-09-24T17:18:48.489342311Z	42751	0																			
856	2026-09-24T17:18:48.539046855Z	42801	0																			
857	2026-09-24T17:18:48.588764365Z	42850	0																			
858	2026-09-24T17:18:48.63949791Z	42901	0																			
859	2026-09-24T17:18:48.689260829Z	42951	0																			
860	2026-09-24T17:18:48.73896603Z	43001	0																			
861	2026-09-24T17:18:48.789625534Z	43051	0																			
862	2026-09-24T17:18:48.839344308Z	43101	0																			
863	2026-09-24T17:18:48.889119261Z	43151	0																			
864	2026-09-24T17:18:48.93881351Z	43201	0																			
865	2026-09-24T17:18:48.989551693Z	43251	0																			
866	2026-09-24T17:18:49.039309576Z	43301	0																			
867	2026-09-24T17:18:49.089036188Z	43351	0																			
868	2026-09-24T17:18:49.138740327Z	43400	0																			
869	2026-09-24T17:18:49.189457647Z	43451	0																			
870	2026-09-24T17:18:49.239197897Z	43501	0																			
871	2026-09-24T17:18:49.288967864Z	43551	0																			
872	2026-09-24T17:18:49.338665582Z	43600	0																			
873	2026-09-24T17:18:49.389424117Z	43651	0																			
874	2026-09-24T17:18:49.439180405Z	43701	0																			
875	2026-09-24T17:18:49.488892512Z	43751	0																			
876	2026-09-24T17:18:49.539581136Z	43801	0																			
877	2026-09-24T17:18:49.589342286Z	43851	0																			
878	2026-09-24T17:18:49.639119728Z	43901	0																			
879	2026-09-24T17:18:49.688858056Z	43951	0																			
880	2026-09-24T17:18:49.73960661Z	44001	0																			
881	2026-09-24T17:18:49.789342381Z	44051	0																			
882	2026-09-24T17:18:49.839019899Z	44101	0																			
883	2026-09-24T17:18:49.888741013Z	44150	0																			
884	2026-09-24T17:18:49.939479752Z	44201	0																			
885	2026-09-24T17:18:49.989269317Z	44251	0																			
886	2026-09-24T17:18:50.039014972Z	44301	0																			
887	2026-09-24T17:18:50.088655995Z	44350	0																			
888	2026-09-24T17:18:50.139377502Z	44401	0																			
889	2026-09-24T17:18:50.189158247Z	44451	0																			
890	2026-09-24T17:18:50.238893892Z	44501	0																			
891	2026-09-24T17:18:50.289644837Z	44551	0																			
892	2026-09-24T17:18:50.33941239Z	44601	0																			
893	2026-09-24T17:18:50.389107965Z	44651	0																			
894	2026-09-24T17:18:50.438818687Z	44701	0																			
895	2026-09-24T17:18:50.489572864Z	44751	0																			
896	2026-09-24T17:18:50.539340175Z	44801	0																			
897	2026-09-24T17:18:50.589118116Z	44851	0																			
898	2026-09-24T17:18:50.638972579Z	44901	0																			
899	2026-09-24T17:18:50.688736696Z	44950	0																			
900	2026-09-24T17:18:50.739471843Z	45001	0																			
901	2026-09-24T17:18:50.789190997Z	45051	0																			
902	2026-09-24T17:18:50.838911338Z	45101	0																			
903	2026-09-24T17:18:50.889592595Z	45151	0																			
904	2026-09-24T17:18:50.939317142Z	45201	0																			
905	2026-09-24T17:18:50.989103569Z	45251	0																			
906	2026-09-24T17:18:51.038818022Z	45301	0																			
907	2026-09-24T17:18:51.089560572Z	45351	0																			
908	2026-09-24T17:18:51.139270748Z	45401	0																			
909	2026-09-24T17:18:51.188963229Z	45451	0																			
910	2026-09-24T17:18:51.238639874Z	45500	0																			
911	2026-09-24T17:18:51.289391932Z	45551	0																			
912	2026-09-24T17:18:51.339126896Z	45601	0																			
913	2026-09-24T17:18:51.388871459Z	45651	0																			
914	2026-09-24T17:18:51.439626179Z	45701	0																			
915	2026-09-24T17:18:51.489416154Z	45751	0																			
916	2026-09-24T17:18:51.539128533Z	45801	0																			
917	2026-09-24T17:18:51.588915135Z	45851	0																			
918	2026-09-24T17:18:51.638597015Z	45900	0																			
919	2026-09-24T17:18:51.689350084Z	45951	0																			
920	2026-09-24T17:18:51.739072062Z	46001	0																			
921	2026-09-24T17:18:51.788787152Z	46050	0																			
922	2026-09-24T17:18:51.839544088Z	46101	0																			
923	2026-09-24T17:18:51.88925505Z	46151	0																			
924	2026-09-24T17:18:51.938968144Z	46201	0																			
925	2026-09-24T17:18:51.988642159Z	46250	0																			
926	2026-09-24T17:18:52.039398278Z	46301	0																			
927	2026-09-24T17:18:52.089118246Z	46351	0																			
928	2026-09-24T17:18:52.138814656Z	46401	0																			
929	2026-09-24T17:18:52.18946099Z	46451	0																			
930	2026-09-24T17:18:52.239209755Z	46501	0																			
931	2026-09-24T17:18:52.288967857Z	46551	0																			
932	2026-09-24T17:18:52.338655914Z	46600	0																			
933	2026-09-24T17:18:52.389395382Z	46651	0																			
934	2026-09-24T17:18:52.439102339Z	46701	0																			
935	2026-09-24T17:18:52.488850066Z	46751	0																			
936	2026-09-24T17:18:52.539578047Z	46801	0																			
937	2026-09-24T17:18:52.589328662Z	46851	0																			
938	2026-09-24T17:18:52.639041221Z	46901	0																			
939	2026-09-24T17:18:52.688787355Z	46950	0																			
940	2026-09-24T17:18:52.739500831Z	47001	0																			
941	2026-09-24T17:18:52.789249514Z	47051	0																			
942	2026-09-24T17:18:52.838968624Z	47101	0																			
943	2026-09-24T17:18:52.888629836Z	47150	0																			
944	2026-09-24T17:18:52.939341574Z	47201	0																			
945	2026-09-24T17:18:52.989094181Z	47251	0																			
946	2026-09-24T17:18:53.038805679Z	47300	0																			
947	2026-09-24T17:18:53.089447766Z	47351	0																			
948	2026-09-24T17:18:53.139168666Z	47401	0																			
949	2026-09-24T17:18:53.188871751Z	47451	0																			
950	2026-09-24T17:18:53.239602419Z	47501	0																			
951	2026-09-24T17:18:53.289340446Z	47551	0																			
952	2026-09-24T17:18:53.339053293Z	47601	0																			
953	2026-09-24T17:18:53.388736305Z	47650	0																			
954	2026-09-24T17:18:53.439490047Z	47701	0																			
955	2026-09-24T17:18:53.489250429Z	47751	0																			
956	2026-09-24T17:18:53.538916606Z	47801	0																			
957	2026-09-24T17:18:53.588619827Z	47850	0																			
958	2026-09-24T17:18:53.639281758Z	47901	0																			
959	2026-09-24T17:18:53.689019205Z	47951	0																			
960	2026-09-24T17:18:53.738743107Z	48000	0																			
961	2026-09-24T17:18:53.789476228Z	48051	0																			
962	2026-09-24T17:18:53.839191983Z	48101	0																			
963	2026-09-24T17:18:53.888913314Z	48151	0																			
964	2026-09-24T17:18:53.939647159Z	48201	0																			
965	2026-09-24T17:18:53.989415763Z	48251	0																			
966	2026-09-24T17:18:54.039118803Z	48301	0																			
967	2026-09-24T17:18:54.088813734Z	48351	0																			
968	2026-09-24T17:18:54.139493799Z	48401	0																			
969	2026-09-24T17:18:54.189195444Z	48451	0																			
970	2026-09-24T17:18:54.238871118Z	48501	0																			
971	2026-09-24T17:18:54.289624432Z	48551	0																			
972	2026-09-24T17:18:54.339353844Z	48601	0																			
973	2026-09-24T17:18:54.389115356Z	48651	0																			
974	2026-09-24T17:18:54.43885259Z	48701	0																			
975	2026-09-24T17:18:54.489573085Z	48751	0																			
976	2026-09-24T17:18:54.53928256Z	48801	0																			
977	2026-09-24T17:18:54.588971536Z	48851	0																			
978	2026-09-24T17:18:54.638638458Z	48900	0																			
979	2026-09-24T17:18:54.68933962Z	48951	0																			
980	2026-09-24T17:18:54.739041393Z	49001	0																			
981	2026-09-24T17:18:54.788653617Z	49050	0																			
982	2026-09-24T17:18:54.83935521Z	49101	0																			
983	2026-09-24T17:18:54.889118406Z	49151	0																			
984	2026-09-24T17:18:54.938815581Z	49201	0																			
985	2026-09-24T17:18:54.989537989Z	49251	0																			
986	2026-09-24T17:18:55.039215688Z	49301	0																			
987	2026-09-24T17:18:55.088956912Z	49351	0																			
988	2026-09-24T17:18:55.138627604Z	49400	0																			
989	2026-09-24T17:18:55.189343125Z	49451	0																			
990	2026-09-24T17:18:55.239064197Z	49501	0																			
991	2026-09-24T17:18:55.288864322Z	49551	0																			
992	2026-09-24T17:18:55.339672029Z	49601	0																			
993	2026-09-24T17:18:55.389435688Z	49651	0																			
994	2026-09-24T17:18:55.439118252Z	49701	0																			
995	2026-09-24T17:18:55.48880762Z	49750	0																			
996	2026-09-24T17:18:55.539513958Z	49801	0																			
997	2026-09-24T17:18:55.589345481Z	49851	0																			
998	2026-09-24T17:18:55.639165723Z	49901	0																			
999	2026-09-24T17:18:55.688929003Z	49951	0																			
1000	2026-09-24T17:18:55.738677532Z	50000	0																			
1001	2026-09-24T17:18:55.78896291Z	50051	0																			
1002	2026-09-24T17:18:55.838614033Z	50100	0																			
1003	2026-09-24T17:18:55.889347114Z	50151	0																			
1004	2026-09-24T17:18:55.939040046Z	50201	0																			
1005	2026-09-24T17:18:55.988753589Z	50250	0																			
1006	2026-09-24T17:18:56.039467983Z	50301	0																			
1007	2026-09-24T17:18:56.089203791Z	50351	0																			
1008	2026-09-24T17:18:56.138929437Z	50401	0																			
1009	2026-09-24T17:18:56.188602275Z	50450	0																			
1010	2026-09-24T17:18:56.239342287Z	50501	0																			
1011	2026-09-24T17:18:56.289109139Z	50551	0																			
1012	2026-09-24T17:18:56.338874324Z	50601	0																			
1013	2026-09-24T17:18:56.389567356Z	50651	0																			
1014	2026-09-24T17:18:56.439268076Z	50701	0																			
1015	2026-09-24T17:18:56.488949312Z	50751	0																			
1016	2026-09-24T17:18:56.538643101Z	50800	0																			
1017	2026-09-24T17:18:56.589480293Z	50851	0																			
1018	2026-09-24T17:18:56.639268463Z	50901	0																			
1019	2026-09-24T17:18:56.689024163Z	50951	0																			
1020	2026-09-24T17:18:56.738742705Z	51000	0																			
1021	2026-09-24T17:18:56.78946728Z	51051	0																			
1022	2026-09-24T17:18:56.83918706Z	51101	0																			
1023	2026-09-24T17:18:56.888927706Z	51151	0																			
1024	2026-09-24T17:18:56.938612771Z	51200	0																			
1025	2026-09-24T17:18:56.989341781Z	51251	0																			
1026	2026-09-24T17:18:57.039072292Z	51301	0																			
1027	2026-09-24T17:18:57.088815435Z	51351	0																			
1028	2026-09-24T17:18:57.139549006Z	51401	0																			
1029	2026-09-24T17:18:57.189299167Z	51451	0																			
1030	2026-09-24T17:18:57.239046494Z	51501	0																			
1031	2026-09-24T17:18:57.288806186Z	51550	0																			
1032	2026-09-24T17:18:57.339545947Z	51601	0																			
1033	2026-09-24T17:18:57.389267873Z	51651	0																			
1034	2026-09-24T17:18:57.438968374Z	51701	0																			
1035	2026-09-24T17:18:57.489652961Z	51751	0																			
1036	2026-09-24T17:18:57.539341123Z	51801	0																			
1037	2026-09-24T17:18:57.589038291Z	51851	0																			
1038	2026-09-24T17:18:57.638793789Z	51900	0																			
1039	2026-09-24T17:18:57.689574154Z	51951	0																			
1040	2026-09-24T17:18:57.739330878Z	52001	0																			
1041	2026-09-24T17:18:57.788964265Z	52051	0																			
1042	2026-09-24T17:18:57.838631978Z	52100	0																			
1043	2026-09-24T17:18:57.889343426Z	52151	0																			
1044	2026-09-24T17:18:57.939101485Z	52201	0																			
1045	2026-09-24T17:18:57.988816594Z	52251	0																			
1046	2026-09-24T17:18:58.039510736Z	52301	0																			
1047	2026-09-24T17:18:58.089549523Z	52351	0																			
1048	2026-09-24T17:18:58.139280465Z	52401	0																			
1049	2026-09-24T17:18:58.188961096Z	52451	0																			
1050	2026-09-24T17:18:58.238627679Z	52500	0																			
1051	2026-09-24T17:18:58.289334235Z	52551	0																			
1052	2026-09-24T17:18:58.339045818Z	52601	0																			
1053	2026-09-24T17:18:58.388795109Z	52650	0																			
1054	2026-09-24T17:18:58.439557812Z	52701	0																			
1055	2026-09-24T17:18:58.48933112Z	52751	0																			
1056	2026-09-24T17:18:58.539138015Z	52801	0																			
1057	2026-09-24T17:18:58.588972867Z	52851	0																			
1058	2026-09-24T17:18:58.638736169Z	52900	0																			
1059	2026-09-24T17:18:58.689480611Z	52951	0																			
1060	2026-09-24T17:18:58.73919604Z	53001	0																			
1061	2026-09-24T17:18:58.788889851Z	53051	0																			
1062	2026-09-24T17:18:58.839592076Z	53101	0																			
1063	2026-09-24T17:18:58.889341659Z	53151	0																			
1064	2026-09-24T17:18:58.939041525Z	53201	0																			
1065	2026-09-24T17:18:58.988738768Z	53250	0																			
1066	2026-09-24T17:18:59.039476041Z	53301	0																			
1067	2026-09-24T17:18:59.089233656Z	53351	0																			
1068	2026-09-24T17:18:59.138968363Z	53401	0																			
1069	2026-09-24T17:18:59.188737448Z	53450	0																			
1070	2026-09-24T17:18:59.23946196Z	53501	0																			
1071	2026-09-24T17:18:59.28924335Z	53551	0																			
1072	2026-09-24T17:18:59.338922086Z	53601	0																			
1073	2026-09-24T17:18:59.388610372Z	53650	0																			
1074	2026-09-24T17:18:59.439355221Z	53701	0																			
1075	2026-09-24T17:18:59.48908967Z	53751	0																			
1076	2026-09-24T17:18:59.538818229Z	53801	0																			
1077	2026-09-24T17:18:59.58956556Z	53851	0																			
1078	2026-09-24T17:18:59.639318987Z	53901	0																			
1079	2026-09-24T17:18:59.689039972Z	53951	0																			
1080	2026-09-24T17:18:59.738739186Z	54000	0																			
1081	2026-09-24T17:18:59.789433778Z	54051	0																			
1082	2026-09-24T17:18:59.838672555Z	54100	0																			
1083	2026-09-24T17:18:59.889419899Z	54151	0																			
1084	2026-09-24T17:18:59.939180754Z	54201	0																			
1085	2026-09-24T17:18:59.988905437Z	54251	0																			
1086	2026-09-24T17:19:00.038599286Z	54300	0																			
1087	2026-09-24T17:19:00.089297949Z	54351	0																			
1088	2026-09-24T17:19:00.139029724Z	54401	0																			
1089	2026-09-24T17:19:00.188737833Z	54450	0																			
1090	2026-09-24T17:19:00.23947645Z	54501	0																			
1091	2026-09-24T17:19:00.28924928Z	54551	0																			
1092	2026-09-24T17:19:00.338982816Z	54601	0																			
1093	2026-09-24T17:19:00.388739515Z	54650	0																			
1094	2026-09-24T17:19:00.439481223Z	54701	0																			
1095	2026-09-24T17:19:00.489227427Z	54751	0																			
1096	2026-09-24T17:19:00.538970433Z	54801	0																			
1097	2026-09-24T17:19:00.588736769Z	54850	0																			
1098	2026-09-24T17:19:00.63947673Z	54901	0																			
1099	2026-09-24T17:19:00.689193294Z	54951	0																			
1100	2026-09-24T17:19:00.738946297Z	55001	0																			
1101	2026-09-24T17:19:00.788597565Z	55050	0																			
1102	2026-09-24T17:19:00.839274544Z	55101	0																			
1103	2026-09-24T17:19:00.889021286Z	55151	0																			
1104	2026-09-24T17:19:00.938664729Z	55200	0																			
1105	2026-09-24T17:19:00.989408925Z	55251	0																			
1106	2026-09-24T17:19:01.039075585Z	55301	0																			
1107	2026-09-24T17:19:01.088813825Z	55351	0																			
1108	2026-09-24T17:19:01.139529232Z	55401	0																			
1109	2026-09-24T17:19:01.189298591Z	55451	0																			
1110	2026-09-24T17:19:01.239046481Z	55501	0																			
1111	2026-09-24T17:19:01.288779717Z	55550	0																			
1112	2026-09-24T17:19:01.339495924Z	55601	0																			
1113	2026-09-24T17:19:01.38924432Z	55651	0																			
1114	2026-09-24T17:19:01.438971214Z	55701	0																			
1115	2026-09-24T17:19:01.488736918Z	55750	0																			
1116	2026-09-24T17:19:01.539450638Z	55801	0																			
1117	2026-09-24T17:19:01.589195996Z	55851	0																			
1118	2026-09-24T17:19:01.63899506Z	55901	0																			
1119	2026-09-24T17:19:01.688747903Z	55950	0																			
1120	2026-09-24T17:19:01.739496077Z	56001	0																			
1121	2026-09-24T17:19:01.789196519Z	56051	0																			
1122	2026-09-24T17:19:01.838970106Z	56101	0																			
1123	2026-09-24T17:19:01.888725852Z	56150	0																			
1124	2026-09-24T17:19:01.939451225Z	56201	0																			
1125	2026-09-24T17:19:01.989208713Z	56251	0																			
1126	2026-09-24T17:19:02.038943508Z	56301	0																			
1127	2026-09-24T17:19:02.088595599Z	56350	0																			
1128	2026-09-24T17:19:02.139335826Z	56401	0																			
1129	2026-09-24T17:19:02.189099662Z	56451	0																			
1130	2026-09-24T17:19:02.238818763Z	56501	0																			
1131	2026-09-24T17:19:02.289573205Z	56551	0																			
1132	2026-09-24T17:19:02.339337048Z	56601	0																			
1133	2026-09-24T17:19:02.389093808Z	56651	0																			
1134	2026-09-24T17:19:02.438815242Z	56701	0																			
1135	2026-09-24T17:19:02.48949492Z	56751	0																			
1136	2026-09-24T17:19:02.539206079Z	56801	0																			
1137	2026-09-24T17:19:02.588965059Z	56851	0																			
1138	2026-09-24T17:19:02.638615792Z	56900	0																			
1139	2026-09-24T17:19:02.689353549Z	56951	0																			
1140	2026-09-24T17:19:02.739167305Z	57001	0																			
1141	2026-09-24T17:19:02.788840713Z	57051	0																			
1142	2026-09-24T17:19:02.839568576Z	57101	0																			
1143	2026-09-24T17:19:02.889322878Z	57151	0																			
1144	2026-09-24T17:19:02.939086259Z	57201	0																			
1145	2026-09-24T17:19:02.988791191Z	57250	0																			
1146	2026-09-24T17:19:03.039497058Z	57301	0																			
1147	2026-09-24T17:19:03.089246996Z	57351	0																			
1148	2026-09-24T17:19:03.138963571Z	57401	0																			
1149	2026-09-24T17:19:03.18873081Z	57450	0																			
1150	2026-09-24T17:19:03.239469879Z	57501	0																			
1151	2026-09-24T17:19:03.289237751Z	57551	0																			
1152	2026-09-24T17:19:03.338989272Z	57601	0																			
1153	2026-09-24T17:19:03.388735365Z	57650	0																			
1154	2026-09-24T17:19:03.439479458Z	57701	0																			
1155	2026-09-24T17:19:03.489198865Z	57751	0																			
1156	2026-09-24T17:19:03.538916915Z	57801	0																			
1157	2026-09-24T17:19:03.588725353Z	57850	0																			
1158	2026-09-24T17:19:03.639421433Z	57901	0																			
1159	2026-09-24T17:19:03.689191824Z	57951	0																			
1160	2026-09-24T17:19:03.738919785Z	58001	0																			
1161	2026-09-24T17:19:03.789623749Z	58051	0																			
1162	2026-09-24T17:19:03.839343959Z	58101	0																			
1163	2026-09-24T17:19:03.889111356Z	58151	0																			
1164	2026-09-24T17:19:03.938843486Z	58201	0																			
1165	2026-09-24T17:19:03.98863729Z	58250	0																			
1166	2026-09-24T17:19:04.039364934Z	58301	0																			
1167	2026-09-24T17:19:04.089117951Z	58351	0																			
1168	2026-09-24T17:19:04.138848651Z	58401	0																			
1169	2026-09-24T17:19:04.1895739Z	58451	0																			
1170	2026-09-24T17:19:04.23927161Z	58501	0																			
1171	2026-09-24T17:19:04.28901236Z	58551	0																			
1172	2026-09-24T17:19:04.338738733Z	58600	0																			
1173	2026-09-24T17:19:04.389480933Z	58651	0																			
1174	2026-09-24T17:19:04.439209744Z	58701	0																			
1175	2026-09-24T17:19:04.488905333Z	58751	0																			
1176	2026-09-24T17:19:04.539641727Z	58801	0																			
1177	2026-09-24T17:19:04.589394685Z	58851	0																			
1178	2026-09-24T17:19:04.639140858Z	58901	0																			
1179	2026-09-24T17:19:04.688889691Z	58951	0																			
1180	2026-09-24T17:19:04.739572971Z	59001	0																			
1181	2026-09-24T17:19:04.789269468Z	59051	0																			
1182	2026-09-24T17:19:04.839011016Z	59101	0																			
1183	2026-09-24T17:19:04.8887435Z	59150	0																			
1184	2026-09-24T17:19:04.939491497Z	59201	0																			
1185	2026-09-24T17:19:04.989253002Z	59251	0																			
1186	2026-09-24T17:19:05.038986642Z	59301	0																			
1187	2026-09-24T17:19:05.088736691Z	59350	0																			
1188	2026-09-24T17:19:05.139474381Z	59401	0																			
1189	2026-09-24T17:19:05.189244649Z	59451	0																			
1190	2026-09-24T17:19:05.238969169Z	59501	0																			
1191	2026-09-24T17:19:05.288738854Z	59550	0																			
1192	2026-09-24T17:19:05.339476003Z	59601	0																			
1193	2026-09-24T17:19:05.389239069Z	59651	0																			
1194	2026-09-24T17:19:05.438956861Z	59701	0																			
1195	2026-09-24T17:19:05.488640369Z	59750	0																			
1196	2026-09-24T17:19:05.53941063Z	59801	0																			
1197	2026-09-24T17:19:05.589194269Z	59851	0																			
1198	2026-09-24T17:19:05.638915285Z	59901	0																			
1199	2026-09-24T17:19:05.689648071Z	59951	0																			
1200	2026-09-24T17:19:05.739381684Z	60001	0																			
1201	2026-09-24T17:19:05.789083234Z	60051	0																			
1202	2026-09-24T17:19:05.838818997Z	60101	0																			
1203	2026-09-24T17:19:05.889572726Z	60151	0																			
1204	2026-09-24T17:19:05.939313387Z	60201	0																			
1205	2026-09-24T17:19:05.989040981Z	60251	0																			
1206	2026-09-24T17:19:06.038799793Z	60300	0																			
1207	2026-09-24T17:19:06.089513771Z	60351	0																			
1208	2026-09-24T17:19:06.1392665Z	60401	0																			
1209	2026-09-24T17:19:06.188963637Z	60451	0																			
1210	2026-09-24T17:19:06.238646805Z	60500	0																			
1211	2026-09-24T17:19:06.289403269Z	60551	0																			
1212	2026-09-24T17:19:06.339167496Z	60601	0																			
1213	2026-09-24T17:19:06.388892594Z	60651	0																			
1214	2026-09-24T17:19:06.439646898Z	60701	0																			
1215	2026-09-24T17:19:06.489352209Z	60751	0																			
1216	2026-09-24T17:19:06.539124323Z	60801	0																			
1217	2026-09-24T17:19:06.588904549Z	60851	0																			
1218	2026-09-24T17:19:06.638615922Z	60900	0																			
1219	2026-09-24T17:19:06.689344527Z	60951	0																			
1220	2026-09-24T17:19:06.739043281Z	61001	0																			
1221	2026-09-24T17:19:06.788814758Z	61051	0																			
1222	2026-09-24T17:19:06.839541981Z	61101	0																			
1223	2026-09-24T17:19:06.889267403Z	61151	0																			
1224	2026-09-24T17:19:06.93900792Z	61201	0																			
1225	2026-09-24T17:19:06.98880241Z	61250	0																			
1226	2026-09-24T17:19:07.039547146Z	61301	0																			
1227	2026-09-24T17:19:07.089322702Z	61351	0																			
1228	2026-09-24T17:19:07.139050549Z	61401	0																			
1229	2026-09-24T17:19:07.188801999Z	61450	0																			
1230	2026-09-24T17:19:07.239557434Z	61501	0																			
1231	2026-09-24T17:19:07.289329351Z	61551	0																			
1232	2026-09-24T17:19:07.339019066Z	61601	0																			
1233	2026-09-24T17:19:07.388739688Z	61650	0																			
1234	2026-09-24T17:19:07.439466885Z	61701	0																			
1235	2026-09-24T17:19:07.489202016Z	61751	0																			
1236	2026-09-24T17:19:07.538868529Z	61801	0																			
1237	2026-09-24T17:19:07.588595762Z	61850	0																			
1238	2026-09-24T17:19:07.639337613Z	61901	0																			
1239	2026-09-24T17:19:07.689094807Z	61951	0																			
1240	2026-09-24T17:19:07.738832809Z	62001	0																			
1241	2026-09-24T17:19:07.789493093Z	62051	0																			
1242	2026-09-24T17:19:07.839220493Z	62101	0																			
1243	2026-09-24T17:19:07.888957528Z	62151	0																			
1244	2026-09-24T17:19:07.938641722Z	62200	0																			
1245	2026-09-24T17:19:07.98937411Z	62251	0																			
1246	2026-09-24T17:19:08.039120114Z	62301	0																			
1247	2026-09-24T17:19:08.088868221Z	62351	0																			
1248	2026-09-24T17:19:08.139573082Z	62401	0																			
1249	2026-09-24T17:19:08.189306829Z	62451	0																			
1250	2026-09-24T17:19:08.239061781Z	62501	0																			
1251	2026-09-24T17:19:08.28881165Z	62551	0																			
1252	2026-09-24T17:19:08.339565867Z	62601	0																			
1253	2026-09-24T17:19:08.389345794Z	62651	0																			
1254	2026-09-24T17:19:08.439103872Z	62701	0																			
1255	2026-09-24T17:19:08.488817172Z	62751	0																			
1256	2026-09-24T17:19:08.539582516Z	62801	0																			
1257	2026-09-24T17:19:08.589345883Z	62851	0																			
1258	2026-09-24T17:19:08.639116853Z	62901	0																			
1259	2026-09-24T17:19:08.688879332Z	62951	0																			
1260	2026-09-24T17:19:08.739624577Z	63001	0																			
1261	2026-09-24T17:19:08.789341996Z	63051	0																			
1262	2026-09-24T17:19:08.839060337Z	63101	0																			
1263	2026-09-24T17:19:08.888808167Z	63150	0																			
1264	2026-09-24T17:19:08.939545738Z	63201	0																			
1265	2026-09-24T17:19:08.989342951Z	63251	0																			
1266	2026-09-24T17:19:09.039099716Z	63301	0																			
1267	2026-09-24T17:19:09.088794579Z	63350	0																			
1268	2026-09-24T17:19:09.139502071Z	63401	0																			
1269	2026-09-24T17:19:09.189268083Z	63451	0																			
1270	2026-09-24T17:19:09.238967469Z	63501	0																			
1271	2026-09-24T17:19:09.288727835Z	63550	0																			
1272	2026-09-24T17:19:09.339451647Z	63601	0																			
1273	2026-09-24T17:19:09.389223491Z	63651	0																			
1274	2026-09-24T17:19:09.438956268Z	63701	0																			
1275	2026-09-24T17:19:09.488626356Z	63750	0																			
1276	2026-09-24T17:19:09.539402884Z	63801	0																			
1277	2026-09-24T17:19:09.589192031Z	63851	0																			
1278	2026-09-24T17:19:09.63894743Z	63901	0																			
1279	2026-09-24T17:19:09.688648669Z	63950	0																			
1280	2026-09-24T17:19:09.739345388Z	64001	0																			
1281	2026-09-24T17:19:09.789096467Z	64051	0																			
1282	2026-09-24T17:19:09.838816285Z	64101	0																			
1283	2026-09-24T17:19:09.889562732Z	64151	0																			
1284	2026-09-24T17:19:09.939273863Z	64201	0																			
1285	2026-09-24T17:19:09.989031391Z	64251	0																			
1286	2026-09-24T17:19:10.038727519Z	64300	0																			
1287	2026-09-24T17:19:10.089465889Z	64351	0																			
1288	2026-09-24T17:19:10.139199444Z	64401	0																			
1289	2026-09-24T17:19:10.188957371Z	64451	0																			
1290	2026-09-24T17:19:10.238643851Z	64500	0																			
1291	2026-09-24T17:19:10.28939432Z	64551	0																			
1292	2026-09-24T17:19:10.339117227Z	64601	0																			
1293	2026-09-24T17:19:10.38881763Z	64651	0																			
1294	2026-09-24T17:19:10.439638832Z	64701	0																			
1295	2026-09-24T17:19:10.489351572Z	64751	0																			
1296	2026-09-24T17:19:10.539048805Z	64801	0																			
1297	2026-09-24T17:19:10.588789818Z	64850	0																			
1298	2026-09-24T17:19:10.63949703Z	64901	0																			
1299	2026-09-24T17:19:10.689253975Z	64951	0																			
1300	2026-09-24T17:19:10.738969771Z	65001	0																			
1301	2026-09-24T17:19:10.788737172Z	65050	0																			
1302	2026-09-24T17:19:10.839463228Z	65101	0																			
1303	2026-09-24T17:19:10.889239995Z	65151	0																			
1304	2026-09-24T17:19:10.938932089Z	65201	0																			
1305	2026-09-24T17:19:10.988619758Z	65250	0																			
1306	2026-09-24T17:19:11.03934565Z	65301	0																			
1307	2026-09-24T17:19:11.089039671Z	65351	0																			
1308	2026-09-24T17:19:11.138771811Z	65400	0																			
1309	2026-09-24T17:19:11.189495738Z	65451	0																			
1310	2026-09-24T17:19:11.239248305Z	65501	0																			
1311	2026-09-24T17:19:11.289013562Z	65551	0																			
1312	2026-09-24T17:19:11.33874143Z	65600	0																			
1313	2026-09-24T17:19:11.389475702Z	65651	0																			
1314	2026-09-24T17:19:11.439142905Z	65701	0																			
1315	2026-09-24T17:19:11.488881629Z	65751	0																			
1316	2026-09-24T17:19:11.539612908Z	65801	0																			
1317	2026-09-24T17:19:11.589332457Z	65851	0																			
1318	2026-09-24T17:19:11.639072871Z	65901	0																			
1319	2026-09-24T17:19:11.688812325Z	65951	0																			
1320	2026-09-24T17:19:11.739545723Z	66001	0																			
1321	2026-09-24T17:19:11.78932112Z	66051	0																			
1322	2026-09-24T17:19:11.839040676Z	66101	0																			
1323	2026-09-24T17:19:11.888739628Z	66150	0																			
1324	2026-09-24T17:19:11.939419629Z	66201	0																			
1325	2026-09-24T17:19:11.989164087Z	66251	0																			
1326	2026-09-24T17:19:12.038892234Z	66301	0																			
1327	2026-09-24T17:19:12.089569338Z	66351	0																			
1328	2026-09-24T17:19:12.139272927Z	66401	0																			
1329	2026-09-24T17:19:12.188960494Z	66451	0																			
1330	2026-09-24T17:19:12.238622523Z	66500	0																			
1331	2026-09-24T17:19:12.289369683Z	66551	0																			
1332	2026-09-24T17:19:12.339061935Z	66601	0																			
1333	2026-09-24T17:19:12.388791822Z	66650	0																			
1334	2026-09-24T17:19:12.439488832Z	66701	0																			
1335	2026-09-24T17:19:12.489190043Z	66751	0																			
1336	2026-09-24T17:19:12.538900908Z	66801	0																			
1337	2026-09-24T17:19:12.588627469Z	66850	0																			
1338	2026-09-24T17:19:12.639342989Z	66901	0																			
1339	2026-09-24T17:19:12.689091388Z	66951	0																			
1340	2026-09-24T17:19:12.738820087Z	67001	0																			
1341	2026-09-24T17:19:12.789554344Z	67051	0																			
1342	2026-09-24T17:19:12.839269625Z	67101	0																			
1343	2026-09-24T17:19:12.889037653Z	67151	0																			
1344	2026-09-24T17:19:12.938649645Z	67200	0																			
1345	2026-09-24T17:19:12.98940278Z	67251	0																			
1346	2026-09-24T17:19:13.039117637Z	67301	0																			
1347	2026-09-24T17:19:13.088831241Z	67351	0																			
1348	2026-09-24T17:19:13.139560191Z	67401	0																			
1349	2026-09-24T17:19:13.189268985Z	67451	0																			
1350	2026-09-24T17:19:13.238968999Z	67501	0																			
1351	2026-09-24T17:19:13.288723307Z	67550	0																			
1352	2026-09-24T17:19:13.339421511Z	67601	0																			
1353	2026-09-24T17:19:13.389118044Z	67651	0																			
1354	2026-09-24T17:19:13.438816565Z	67701	0																			
1355	2026-09-24T17:19:13.48956931Z	67751	0																			
1356	2026-09-24T17:19:13.539280644Z	67801	0																			
1357	2026-09-24T17:19:13.58903207Z	67851	0																			
1358	2026-09-24T17:19:13.638719097Z	67900	0																			
1359	2026-09-24T17:19:13.689437387Z	67951	0																			
1360	2026-09-24T17:19:13.739191583Z	68001	0																			
1361	2026-09-24T17:19:13.788964913Z	68051	0																			
1362	2026-09-24T17:19:13.838650379Z	68100	0																			
1363	2026-09-24T17:19:13.889398372Z	68151	0																			
1364	2026-09-24T17:19:13.939173654Z	68201	0																			
1365	2026-09-24T17:19:13.988869972Z	68251	0																			
1366	2026-09-24T17:19:14.039537228Z	68301	0																			
1367	2026-09-24T17:19:14.089266852Z	68351	0																			
1368	2026-09-24T17:19:14.138968911Z	68401	0																			
1369	2026-09-24T17:19:14.188616134Z	68450	0																			
1370	2026-09-24T17:19:14.239348983Z	68501	0																			
1371	2026-09-24T17:19:14.289156632Z	68551	0																			
1372	2026-09-24T17:19:14.338885606Z	68601	0																			
1373	2026-09-24T17:19:14.389594013Z	68651	0																			
1374	2026-09-24T17:19:14.439318013Z	68701	0																			
1375	2026-09-24T17:19:14.489037016Z	68751	0																			
1376	2026-09-24T17:19:14.538761912Z	68800	0																			
1377	2026-09-24T17:19:14.589492861Z	68851	0																			
1378	2026-09-24T17:19:14.639200529Z	68901	0																			
1379	2026-09-24T17:19:14.689343109Z	68951	0																			
1380	2026-09-24T17:19:14.739043123Z	69001	0																			
1381	2026-09-24T17:19:14.7887197Z	69050	0																			
1382	2026-09-24T17:19:14.839420373Z	69101	0																			
1383	2026-09-24T17:19:14.889164204Z	69151	0																			
1384	2026-09-24T17:19:14.938893198Z	69201	0																			
1385	2026-09-24T17:19:14.989629568Z	69251	0																			
1386	2026-09-24T17:19:15.039346845Z	69301	0																			
1387	2026-09-24T17:19:15.089115158Z	69351	0																			
1388	2026-09-24T17:19:15.138843127Z	69401	0																			
1389	2026-09-24T17:19:15.189561292Z	69451	0																			
1390	2026-09-24T17:19:15.23927143Z	69501	0																			
1391	2026-09-24T17:19:15.289040818Z	69551	0																			
1392	2026-09-24T17:19:15.338761852Z	69600	0																			
1393	2026-09-24T17:19:15.389484904Z	69651	0																			
1394	2026-09-24T17:19:15.439183769Z	69701	0																			
1395	2026-09-24T17:19:15.488891917Z	69751	0																			
1396	2026-09-24T17:19:15.539635681Z	69801	0																			
1397	2026-09-24T17:19:15.589407846Z	69851	0																			
1398	2026-09-24T17:19:15.639197168Z	69901	0																			
1399	2026-09-24T17:19:15.688965716Z	69951	0																			
1400	2026-09-24T17:19:15.738698853Z	70000	0																			
1401	2026-09-24T17:19:15.789132206Z	70051	0																			
1402	2026-09-24T17:19:15.838827042Z	70101	0																			
1403	2026-09-24T17:19:15.889563822Z	70151	0																			
1404	2026-09-24T17:19:15.939332107Z	70201	0																			
1405	2026-09-24T17:19:15.989120166Z	70251	0																			
1406	2026-09-24T17:19:16.038887661Z	70301	0																			
1407	2026-09-24T17:19:16.089572068Z	70351	0																			
1408	2026-09-24T17:19:16.139332021Z	70401	0																			
1409	2026-09-24T17:19:16.189041119Z	70451	0																			
1410	2026-09-24T17:19:16.238778641Z	70500	0																			
1411	2026-09-24T17:19:16.289497666Z	70551	0																			
1412	2026-09-24T17:19:16.339263612Z	70601	0																			
1413	2026-09-24T17:19:16.388959267Z	70651	0																			
1414	2026-09-24T17:19:16.438630677Z	70700	0																			
1415	2026-09-24T17:19:16.489345849Z	70751	0																			
1416	2026-09-24T17:19:16.539083856Z	70801	0																			
1417	2026-09-24T17:19:16.588815911Z	70851	0																			
1418	2026-09-24T17:19:16.639550855Z	70901	0																			
1419	2026-09-24T17:19:16.689312369Z	70951	0																			
1420	2026-09-24T17:19:16.739045645Z	71001	0																			
1421	2026-09-24T17:19:16.788739849Z	71050	0																			
1422	2026-09-24T17:19:16.839413037Z	71101	0																			
1423	2026-09-24T17:19:16.889187757Z	71151	0																			
1424	2026-09-24T17:19:16.938865978Z	71201	0																			
1425	2026-09-24T17:19:16.989571348Z	71251	0																			
1426	2026-09-24T17:19:17.039321179Z	71301	0																			
1427	2026-09-24T17:19:17.08903946Z	71351	0																			
1428	2026-09-24T17:19:17.138763888Z	71400	0																			
1429	2026-09-24T17:19:17.189494981Z	71451	0																			
1430	2026-09-24T17:19:17.23923308Z	71501	0																			
1431	2026-09-24T17:19:17.288961108Z	71551	0																			
1432	2026-09-24T17:19:17.338644822Z	71600	0																			
1433	2026-09-24T17:19:17.389396104Z	71651	0																			
1434	2026-09-24T17:19:17.439115236Z	71701	0																			
1435	2026-09-24T17:19:17.488818191Z	71751	0																			
1436	2026-09-24T17:19:17.539515407Z	71801	0																			
1437	2026-09-24T17:19:17.589245533Z	71851	0																			
1438	2026-09-24T17:19:17.639040405Z	71901	0																			
1439	2026-09-24T17:19:17.68881511Z	71951	0																			
1440	2026-09-24T17:19:17.739507271Z	72001	0																			
1441	2026-09-24T17:19:17.789225886Z	72051	0																			
1442	2026-09-24T17:19:17.838988182Z	72101	0																			
1443	2026-09-24T17:19:17.888650374Z	72150	0																			
1444	2026-09-24T17:19:17.939397239Z	72201	0																			
1445	2026-09-24T17:19:17.989118017Z	72251	0																			
1446	2026-09-24T17:19:18.038879362Z	72301	0																			
1447	2026-09-24T17:19:18.08961152Z	72351	0																			
1448	2026-09-24T17:19:18.139376939Z	72401	0																			
1449	2026-09-24T17:19:18.189165459Z	72451	0																			
1450	2026-09-24T17:19:18.23889794Z	72501	0																			
1451	2026-09-24T17:19:18.288598476Z	72550	0																			
1452	2026-09-24T17:19:18.339369573Z	72601	0																			
1453	2026-09-24T17:19:18.389187129Z	72651	0																			
1454	2026-09-24T17:19:18.438940486Z	72701	0																			
1455	2026-09-24T17:19:18.488650706Z	72750	0																			
1456	2026-09-24T17:19:18.539404445Z	72801	0																			
1457	2026-09-24T17:19:18.589168826Z	72851	0																			
1458	2026-09-24T17:19:18.638927754Z	72901	0																			
1459	2026-09-24T17:19:18.68864926Z	72950	0																			
1460	2026-09-24T17:19:18.739322766Z	73001	0																			
1461	2026-09-24T17:19:18.789021561Z	73051	0																			
1462	2026-09-24T17:19:18.838742667Z	73100	0																			
1463	2026-09-24T17:19:18.889477296Z	73151	0																			
1464	2026-09-24T17:19:18.939195998Z	73201	0																			
1465	2026-09-24T17:19:18.988956386Z	73251	0																			
1466	2026-09-24T17:19:19.038647773Z	73300	0																			
1467	2026-09-24T17:19:19.089393285Z	73351	0																			
1468	2026-09-24T17:19:19.139117002Z	73401	0																			
1469	2026-09-24T17:19:19.188849231Z	73451	0																			
1470	2026-09-24T17:19:19.239573274Z	73501	0																			
1471	2026-09-24T17:19:19.289353873Z	73551	0																			
1472	2026-09-24T17:19:19.339103004Z	73601	0																			
1473	2026-09-24T17:19:19.388825503Z	73651	0																			
1474	2026-09-24T17:19:19.439559458Z	73701	0																			
1475	2026-09-24T17:19:19.489270802Z	73751	0																			
1476	2026-09-24T17:19:19.539047421Z	73801	0																			
1477	2026-09-24T17:19:19.588798609Z	73850	0																			
1478	2026-09-24T17:19:19.639549876Z	73901	0																			
1479	2026-09-24T17:19:19.689353328Z	73951	0																			
1480	2026-09-24T17:19:19.739092799Z	74001	0																			
1481	2026-09-24T17:19:19.788778979Z	74050	0																			
1482	2026-09-24T17:19:19.839493965Z	74101	0																			
1483	2026-09-24T17:19:19.889242736Z	74151	0																			
1484	2026-09-24T17:19:19.938980436Z	74201	0																			
1485	2026-09-24T17:19:19.988734891Z	74250	0																			
1486	2026-09-24T17:19:20.039422807Z	74301	0																			
1487	2026-09-24T17:19:20.089191818Z	74351	0																			
1488	2026-09-24T17:19:20.138887628Z	74401	0																			
1489	2026-09-24T17:19:20.18962334Z	74451	0																			
1490	2026-09-24T17:19:20.239350466Z	74501	0																			
1491	2026-09-24T17:19:20.289116817Z	74551	0																			
1492	2026-09-24T17:19:20.338869854Z	74601	0																			
1493	2026-09-24T17:19:20.389574028Z	74651	0																			
1494	2026-09-24T17:19:20.439318809Z	74701	0																			
1495	2026-09-24T17:19:20.489021262Z	74751	0																			
1496	2026-09-24T17:19:20.538738271Z	74800	0																			
1497	2026-09-24T17:19:20.589544029Z	74851	0																			
1498	2026-09-24T17:19:20.639346132Z	74901	0																			
1499	2026-09-24T17:19:20.689083991Z	74951	0																			
1500	2026-09-24T17:19:20.738816363Z	75001	0																			
1501	2026-09-24T17:19:20.789493793Z	75051	0																			
1502	2026-09-24T17:19:20.839170672Z	75101	0																			
1503	2026-09-24T17:19:20.888889006Z	75151	0																			
1504	2026-09-24T17:19:20.93962534Z	75201	0																			
1505	2026-09-24T17:19:20.989514778Z	75251	0																			
1506	2026-09-24T17:19:21.03941967Z	75301	0																			
1507	2026-09-24T17:19:21.089178637Z	75351	0																			
1508	2026-09-24T17:19:21.138875239Z	75401	0																			
1509	2026-09-24T17:19:21.189602893Z	75451	0																			
1510	2026-09-24T17:19:21.239361626Z	75501	0																			
1511	2026-09-24T17:19:21.289117006Z	75551	0																			
1512	2026-09-24T17:19:21.338815543Z	75601	0																			
1513	2026-09-24T17:19:21.389555527Z	75651	0																			
1514	2026-09-24T17:19:21.439307579Z	75701	0																			
1515	2026-09-24T17:19:21.489037396Z	75751	0																			
1516	2026-09-24T17:19:21.538785557Z	75800	0																			
1517	2026-09-24T17:19:21.589563587Z	75851	0																			
1518	2026-09-24T17:19:21.639265953Z	75901	0																			
1519	2026-09-24T17:19:21.689018158Z	75951	0																			
1520	2026-09-24T17:19:21.738741474Z	76000	0																			
1521	2026-09-24T17:19:21.789424881Z	76051	0																			
1522	2026-09-24T17:19:21.839201694Z	76101	0																			
1523	2026-09-24T17:19:21.88888655Z	76151	0																			
1524	2026-09-24T17:19:21.93956971Z	76201	0																			
1525	2026-09-24T17:19:21.989341022Z	76251	0																			
1526	2026-09-24T17:19:22.039042712Z	76301	0																			
1527	2026-09-24T17:19:22.088741455Z	76350	0																			
1528	2026-09-24T17:19:22.139495995Z	76401	0																			
1529	2026-09-24T17:19:22.189242939Z	76451	0																			
1530	2026-09-24T17:19:22.238966064Z	76501	0																			
1531	2026-09-24T17:19:22.288726821Z	76550	0																			
1532	2026-09-24T17:19:22.339387957Z	76601	0																			
1533	2026-09-24T17:19:22.38917094Z	76651	0																			
1534	2026-09-24T17:19:22.438908765Z	76701	0																			
1535	2026-09-24T17:19:22.489643603Z	76751	0																			
1536	2026-09-24T17:19:22.539358007Z	76801	0																			
1537	2026-09-24T17:19:22.589117172Z	76851	0																			
1538	2026-09-24T17:19:22.638939968Z	76901	0																			
1539	2026-09-24T17:19:22.688614214Z	76950	0																			
1540	2026-09-24T17:19:22.7393425Z	77001	0																			
1541	2026-09-24T17:19:22.789024489Z	77051	0																			
1542	2026-09-24T17:19:22.838748703Z	77100	0																			
1543	2026-09-24T17:19:22.889496617Z	77151	0																			
1544	2026-09-24T17:19:22.939255652Z	77201	0																			
1545	2026-09-24T17:19:22.989025616Z	77251	0																			
1546	2026-09-24T17:19:23.038722821Z	77300	0																			
1547	2026-09-24T17:19:23.089493917Z	77351	0																			
1548	2026-09-24T17:19:23.139251828Z	77401	0																			
1549	2026-09-24T17:19:23.188967463Z	77451	0																			
1550	2026-09-24T17:19:23.238663744Z	77500	0																			
1551	2026-09-24T17:19:23.289419302Z	77551	0																			
1552	2026-09-24T17:19:23.339118118Z	77601	0																			
1553	2026-09-24T17:19:23.388868961Z	77651	0																			
1554	2026-09-24T17:19:23.439575432Z	77701	0																			
1555	2026-09-24T17:19:23.4893412Z	77751	0																			
1556	2026-09-24T17:19:23.539054127Z	77801	0																			
1557	2026-09-24T17:19:23.58882158Z	77851	0																			
1558	2026-09-24T17:19:23.639571953Z	77901	0																			
1559	2026-09-24T17:19:23.689341555Z	77951	0																			
1560	2026-09-24T17:19:23.739079947Z	78001	0																			
1561	2026-09-24T17:19:23.788759763Z	78050	0																			
1562	2026-09-24T17:19:23.839476834Z	78101	0																			
1563	2026-09-24T17:19:23.889193831Z	78151	0																			
1564	2026-09-24T17:19:23.938894424Z	78201	0																			
1565	2026-09-24T17:19:23.989646599Z	78251	0																			
1566	2026-09-24T17:19:24.039381079Z	78301	0																			
1567	2026-09-24T17:19:24.089147679Z	78351	0																			
1568	2026-09-24T17:19:24.138948017Z	78401	0																			
1569	2026-09-24T17:19:24.188625383Z	78450	0																			
1570	2026-09-24T17:19:24.239332568Z	78501	0																			
1571	2026-09-24T17:19:24.289086392Z	78551	0																			
1572	2026-09-24T17:19:24.338812299Z	78601	0																			
1573	2026-09-24T17:19:24.38949716Z	78651	0																			
1574	2026-09-24T17:19:24.439191095Z	78701	0																			
1575	2026-09-24T17:19:24.488899828Z	78751	0																			
1576	2026-09-24T17:19:24.539592288Z	78801	0																			
1577	2026-09-24T17:19:24.589402444Z	78851	0																			
1578	2026-09-24T17:19:24.639140867Z	78901	0																			
1579	2026-09-24T17:19:24.688851363Z	78951	0																			
1580	2026-09-24T17:19:24.739572525Z	79001	0																			
1581	2026-09-24T17:19:24.789268856Z	79051	0																			
1582	2026-09-24T17:19:24.838996377Z	79101	0																			
1583	2026-09-24T17:19:24.888736934Z	79150	0																			
1584	2026-09-24T17:19:24.939476849Z	79201	0																			
1585	2026-09-24T17:19:24.989213228Z	79251	0																			
1586	2026-09-24T17:19:25.038946127Z	79301	0																			
1587	2026-09-24T17:19:25.088618783Z	79350	0																			
1588	2026-09-24T17:19:25.139389087Z	79401	0																			
1589	2026-09-24T17:19:25.189121716Z	79451	0																			
1590	2026-09-24T17:19:25.238895256Z	79501	0																			
1591	2026-09-24T17:19:25.289629342Z	79551	0																			
1592	2026-09-24T17:19:25.339351165Z	79601	0																			
1593	2026-09-24T17:19:25.389114242Z	79651	0																			
1594	2026-09-24T17:19:25.438853631Z	79701	0																			
1595	2026-09-24T17:19:25.489571514Z	79751	0																			
1596	2026-09-24T17:19:25.539278663Z	79801	0																			
1597	2026-09-24T17:19:25.589034564Z	79851	0																			
1598	2026-09-24T17:19:25.638800417Z	79900	0																			
1599	2026-09-24T17:19:25.689557275Z	79951	0																			
1600	2026-09-24T17:19:25.739194328Z	80001	0																			
1601	2026-09-24T17:19:25.788921658Z	80051	0																			
1602	2026-09-24T17:19:25.839640505Z	80101	0																			
1603	2026-09-24T17:19:25.889343558Z	80151	0																			
1604	2026-09-24T17:19:25.939128561Z	80201	0																			
1605	2026-09-24T17:19:25.988886104Z	80251	0																			
1606	2026-09-24T17:19:26.039627971Z	80301	0																			
1607	2026-09-24T17:19:26.089344133Z	80351	0																			
1608	2026-09-24T17:19:26.13902332Z	80401	0																			
1609	2026-09-24T17:19:26.188739883Z	80450	0																			
1610	2026-09-24T17:19:26.239474267Z	80501	0																			
1611	2026-09-24T17:19:26.289279702Z	80551	0																			
1612	2026-09-24T17:19:26.33897788Z	80601	0																			
1613	2026-09-24T17:19:26.388657559Z	80650	0																			
1614	2026-09-24T17:19:26.439343352Z	80701	0																			
1615	2026-09-24T17:19:26.489115853Z	80751	0																			
1616	2026-09-24T17:19:26.538843342Z	80801	0																			
1617	2026-09-24T17:19:26.589625163Z	80851	0																			
1618	2026-09-24T17:19:26.639343491Z	80901	0																			
1619	2026-09-24T17:19:26.689076367Z	80951	0																			
1620	2026-09-24T17:19:26.738869494Z	81001	0																			
1621	2026-09-24T17:19:26.789585339Z	81051	0																			
1622	2026-09-24T17:19:26.83933034Z	81101	0																			
1623	2026-09-24T17:19:26.889092462Z	81151	0																			
1624	2026-09-24T17:19:26.938846088Z	81201	0																			
1625	2026-09-24T17:19:26.989554984Z	81251	0																			
1626	2026-09-24T17:19:27.039292171Z	81301	0																			
1627	2026-09-24T17:19:27.08903409Z	81351	0																			
1628	2026-09-24T17:19:27.138737262Z	81400	0																			
1629	2026-09-24T17:19:27.189472526Z	81451	0																			
1630	2026-09-24T17:19:27.239196408Z	81501	0																			
1631	2026-09-24T17:19:27.28895897Z	81551	0																			
1632	2026-09-24T17:19:27.338648451Z	81600	0																			
1633	2026-09-24T17:19:27.389406666Z	81651	0																			
1634	2026-09-24T17:19:27.439115756Z	81701	0																			
1635	2026-09-24T17:19:27.48881735Z	81751	0																			
1636	2026-09-24T17:19:27.539612691Z	81801	0																			
1637	2026-09-24T17:19:27.589344317Z	81851	0																			
1638	2026-09-24T17:19:27.639118621Z	81901	0																			
1639	2026-09-24T17:19:27.688878182Z	81951	0																			
1640	2026-09-24T17:19:27.739624162Z	82001	0																			
1641	2026-09-24T17:19:27.789348678Z	82051	0																			
1642	2026-09-24T17:19:27.839043857Z	82101	0																			
1643	2026-09-24T17:19:27.888814743Z	82151	0																			
1644	2026-09-24T17:19:27.93956184Z	82201	0																			
1645	2026-09-24T17:19:27.989318711Z	82251	0																			
1646	2026-09-24T17:19:28.038994411Z	82301	0																			
1647	2026-09-24T17:19:28.08873912Z	82350	0																			
1648	2026-09-24T17:19:28.139422007Z	82401	0																			
1649	2026-09-24T17:19:28.189124705Z	82451	0																			
1650	2026-09-24T17:19:28.238878276Z	82501	0																			
1651	2026-09-24T17:19:28.289598084Z	82551	0																			
1652	2026-09-24T17:19:28.339378715Z	82601	0																			
1653	2026-09-24T17:19:28.389157723Z	82651	0																			
1654	2026-09-24T17:19:28.439216243Z	82701	0																			
1655	2026-09-24T17:19:28.488940876Z	82751	0																			
1656	2026-09-24T17:19:28.538621333Z	82800	0																			
1657	2026-09-24T17:19:28.58936999Z	82851	0																			
1658	2026-09-24T17:19:28.639165055Z	82901	0																			
1659	2026-09-24T17:19:28.688923965Z	82951	0																			
1660	2026-09-24T17:19:28.73860805Z	83000	0																			
1661	2026-09-24T17:19:28.789325062Z	83051	0																			
1662	2026-09-24T17:19:28.839036701Z	83101	0																			
1663	2026-09-24T17:19:28.888771298Z	83150	0																			
1664	2026-09-24T17:19:28.939507136Z	83201	0																			
1665	2026-09-24T17:19:28.989235084Z	83251	0																			
1666	2026-09-24T17:19:29.038968775Z	83301	0																			
1667	2026-09-24T17:19:29.08864246Z	83350	0																			
1668	2026-09-24T17:19:29.139345852Z	83401	0																			
1669	2026-09-24T17:19:29.189041172Z	83451	0																			
1670	2026-09-24T17:19:29.238743964Z	83500	0																			
1671	2026-09-24T17:19:29.289496975Z	83551	0																			
1672	2026-09-24T17:19:29.339246552Z	83601	0																			
1673	2026-09-24T17:19:29.388907569Z	83651	0																			
1674	2026-09-24T17:19:29.438600337Z	83700	0																			
1675	2026-09-24T17:19:29.489342823Z	83751	0																			
1676	2026-09-24T17:19:29.539121042Z	83801	0																			
1677	2026-09-24T17:19:29.588889757Z	83851	0																			
1678	2026-09-24T17:19:29.639645556Z	83901	0																			
1679	2026-09-24T17:19:29.689421629Z	83951	0																			
1680	2026-09-24T17:19:29.739117442Z	84001	0																			
1681	2026-09-24T17:19:29.788791007Z	84050	0																			
1682	2026-09-24T17:19:29.839493823Z	84101	0																			
1683	2026-09-24T17:19:29.889248838Z	84151	0																			
1684	2026-09-24T17:19:29.938965759Z	84201	0																			
1685	2026-09-24T17:19:29.988634488Z	84250	0																			
1686	2026-09-24T17:19:30.039344301Z	84301	0																			
1687	2026-09-24T17:19:30.089105358Z	84351	0																			
1688	2026-09-24T17:19:30.13878875Z	84400	0																			
1689	2026-09-24T17:19:30.189463763Z	84451	0																			
1690	2026-09-24T17:19:30.239169798Z	84501	0																			
1691	2026-09-24T17:19:30.288874767Z	84551	0																			
1692	2026-09-24T17:19:30.339613542Z	84601	0																			
1693	2026-09-24T17:19:30.38939664Z	84651	0																			
1694	2026-09-24T17:19:30.439117772Z	84701	0																			
1695	2026-09-24T17:19:30.48883726Z	84751	0																			
1696	2026-09-24T17:19:30.539513707Z	84801	0																			
1697	2026-09-24T17:19:30.589321313Z	84851	0																			
1698	2026-09-24T17:19:30.639127698Z	84901	0																			
1699	2026-09-24T17:19:30.689186265Z	84951	0																			
1700	2026-09-24T17:19:30.738922705Z	85001	0																			
1701	2026-09-24T17:19:30.789582046Z	85051	0																			
1702	2026-09-24T17:19:30.839306028Z	85101	0																			
1703	2026-09-24T17:19:30.889032994Z	85151	0																			
1704	2026-09-24T17:19:30.938736439Z	85200	0																			
1705	2026-09-24T17:19:30.989465349Z	85251	0																			
1706	2026-09-24T17:19:31.039181778Z	85301	0																			
1707	2026-09-24T17:19:31.088889406Z	85351	0																			
1708	2026-09-24T17:19:31.139572069Z	85401	0																			
1709	2026-09-24T17:19:31.189321111Z	85451	0																			
1710	2026-09-24T17:19:31.239044193Z	85501	0																			
1711	2026-09-24T17:19:31.288770949Z	85550	0																			
1712	2026-09-24T17:19:31.339495262Z	85601	0																			
1713	2026-09-24T17:19:31.389239426Z	85651	0																			
1714	2026-09-24T17:19:31.438961561Z	85701	0																			
1715	2026-09-24T17:19:31.488632516Z	85750	0																			
1716	2026-09-24T17:19:31.539362557Z	85801	0																			
1717	2026-09-24T17:19:31.589165155Z	85851	0																			
1718	2026-09-24T17:19:31.63892163Z	85901	0																			
1719	2026-09-24T17:19:31.689624739Z	85951	0																			
1720	2026-09-24T17:19:31.739340752Z	86001	0																			
1721	2026-09-24T17:19:31.789025492Z	86051	0																			
1722	2026-09-24T17:19:31.838746371Z	86100	0																			
1723	2026-09-24T17:19:31.889476328Z	86151	0																			
1724	2026-09-24T17:19:31.939193951Z	86201	0																			
1725	2026-09-24T17:19:31.988919134Z	86251	0																			
1726	2026-09-24T17:19:32.039655015Z	86301	0																			
1727	2026-09-24T17:19:32.089418202Z	86351	0																			
1728	2026-09-24T17:19:32.139095104Z	86401	0																			
1729	2026-09-24T17:19:32.188816797Z	86451	0																			
1730	2026-09-24T17:19:32.239572879Z	86501	0																			
1731	2026-09-24T17:19:32.289334241Z	86551	0																			
1732	2026-09-24T17:19:32.339040576Z	86601	0																			
1733	2026-09-24T17:19:32.388754168Z	86650	0																			
1734	2026-09-24T17:19:32.439439723Z	86701	0																			
1735	2026-09-24T17:19:32.48918967Z	86751	0																			
1736	2026-09-24T17:19:32.538916632Z	86801	0																			
1737	2026-09-24T17:19:32.588642559Z	86850	0																			
1738	2026-09-24T17:19:32.639399352Z	86901	0																			
1739	2026-09-24T17:19:32.689131747Z	86951	0																			
1740	2026-09-24T17:19:32.738882955Z	87001	0																			
1741	2026-09-24T17:19:32.789568732Z	87051	0																			
1742	2026-09-24T17:19:32.839269062Z	87101	0																			
1743	2026-09-24T17:19:32.888956889Z	87151	0																			
1744	2026-09-24T17:19:32.938598168Z	87200	0																			
1745	2026-09-24T17:19:32.989344918Z	87251	0																			
1746	2026-09-24T17:19:33.039045224Z	87301	0																			
1747	2026-09-24T17:19:33.088789843Z	87350	0																			
1748	2026-09-24T17:19:33.139466617Z	87401	0																			
1749	2026-09-24T17:19:33.189167545Z	87451	0																			
1750	2026-09-24T17:19:33.23889637Z	87501	0																			
1751	2026-09-24T17:19:33.289645848Z	87551	0																			
1752	2026-09-24T17:19:33.339399291Z	87601	0																			
1753	2026-09-24T17:19:33.389111052Z	87651	0																			
1754	2026-09-24T17:19:33.438817609Z	87701	0																			
1755	2026-09-24T17:19:33.489633339Z	87751	0																			
1756	2026-09-24T17:19:33.539436118Z	87801	0																			
1757	2026-09-24T17:19:33.589189761Z	87851	0																			
1758	2026-09-24T17:19:33.638890408Z	87901	0																			
1759	2026-09-24T17:19:33.689625479Z	87951	0																			
1760	2026-09-24T17:19:33.739353055Z	88001	0																			
1761	2026-09-24T17:19:33.789076269Z	88051	0																			
1762	2026-09-24T17:19:33.838750963Z	88100	0																			
1763	2026-09-24T17:19:33.889482388Z	88151	0																			
1764	2026-09-24T17:19:33.939233086Z	88201	0																			
1765	2026-09-24T17:19:33.988964815Z	88251	0																			
1766	2026-09-24T17:19:34.038607725Z	88300	0																			
1767	2026-09-24T17:19:34.08934548Z	88351	0																			
1768	2026-09-24T17:19:34.139041513Z	88401	0																			
1769	2026-09-24T17:19:34.188738287Z	88450	0																			
1770	2026-09-24T17:19:34.239483109Z	88501	0																			
1771	2026-09-24T17:19:34.289246993Z	88551	0																			
1772	2026-09-24T17:19:34.338966418Z	88601	0																			
1773	2026-09-24T17:19:34.389646522Z	88651	0																			
1774	2026-09-24T17:19:34.43939861Z	88701	0																			
1775	2026-09-24T17:19:34.489087805Z	88751	0																			
1776	2026-09-24T17:19:34.53881496Z	88801	0																			
1777	2026-09-24T17:19:34.589565794Z	88851	0																			
1778	2026-09-24T17:19:34.639345268Z	88901	0																			
1779	2026-09-24T17:19:34.689128033Z	88951	0																			
1780	2026-09-24T17:19:34.738826487Z	89001	0																			
1781	2026-09-24T17:19:34.789491219Z	89051	0																			
1782	2026-09-24T17:19:34.839191766Z	89101	0																			
1783	2026-09-24T17:19:34.888886739Z	89151	0																			
1784	2026-09-24T17:19:34.939572615Z	89201	0																			
1785	2026-09-24T17:19:34.989308447Z	89251	0																			
1786	2026-09-24T17:19:35.039040978Z	89301	0																			
1787	2026-09-24T17:19:35.088740036Z	89350	0																			
1788	2026-09-24T17:19:35.13949632Z	89401	0																			
1789	2026-09-24T17:19:35.189235311Z	89451	0																			
1790	2026-09-24T17:19:35.238967659Z	89501	0																			
1791	2026-09-24T17:19:35.28865915Z	89550	0																			
1792	2026-09-24T17:19:35.339345337Z	89601	0																			
1793	2026-09-24T17:19:35.389093158Z	89651	0																			
1794	2026-09-24T17:19:35.43880881Z	89700	0																			
1795	2026-09-24T17:19:35.489577292Z	89751	0																			
1796	2026-09-24T17:19:35.539361853Z	89801	0																			
1797	2026-09-24T17:19:35.589133215Z	89851	0																			
1798	2026-09-24T17:19:35.63888916Z	89901	0																			
1799	2026-09-24T17:19:35.689630644Z	89951	0																			
1800	2026-09-24T17:19:35.739327152Z	90001	0																			
1801	2026-09-24T17:19:35.789040673Z	90051	0																			
1802	2026-09-24T17:19:35.838774203Z	90100	0																			
1803	2026-09-24T17:19:35.889493412Z	90151	0																			
1804	2026-09-24T17:19:35.939189489Z	90201	0																			
1805	2026-09-24T17:19:35.98889164Z	90251	0																			
1806	2026-09-24T17:19:36.039571841Z	90301	0																			
1807	2026-09-24T17:19:36.089330857Z	90351	0																			
1808	2026-09-24T17:19:36.139016111Z	90401	0																			
1809	2026-09-24T17:19:36.18872386Z	90450	0																			
1810	2026-09-24T17:19:36.239423937Z	90501	0																			
1811	2026-09-24T17:19:36.289197743Z	90551	0																			
1812	2026-09-24T17:19:36.338948023Z	90601	0																			
1813	2026-09-24T17:19:36.388633113Z	90650	0																			
1814	2026-09-24T17:19:36.439345819Z	90701	0																			
1815	2026-09-24T17:19:36.489107372Z	90751	0																			
1816	2026-09-24T17:19:36.538820318Z	90801	0																			
1817	2026-09-24T17:19:36.589543722Z	90851	0																			
1818	2026-09-24T17:19:36.639265984Z	90901	0																			
1819	2026-09-24T17:19:36.689022988Z	90951	0																			
1820	2026-09-24T17:19:36.73874083Z	91000	0																			
1821	2026-09-24T17:19:36.789450333Z	91051	0																			
1822	2026-09-24T17:19:36.839192107Z	91101	0																			
1823	2026-09-24T17:19:36.888959183Z	91151	0																			
1824	2026-09-24T17:19:36.938633762Z	91200	0																			
1825	2026-09-24T17:19:36.989403612Z	91251	0																			
1826	2026-09-24T17:19:37.039150499Z	91301	0																			
1827	2026-09-24T17:19:37.088910327Z	91351	0																			
1828	2026-09-24T17:19:37.138624003Z	91400	0																			
1829	2026-09-24T17:19:37.189358066Z	91451	0																			
1830	2026-09-24T17:19:37.239095001Z	91501	0																			
1831	2026-09-24T17:19:37.288831111Z	91551	0																			
1832	2026-09-24T17:19:37.339567932Z	91601	0																			
1833	2026-09-24T17:19:37.389277652Z	91651	0																			
1834	2026-09-24T17:19:37.439016968Z	91701	0																			
1835	2026-09-24T17:19:37.488740157Z	91750	0																			
1836	2026-09-24T17:19:37.539478592Z	91801	0																			
1837	2026-09-24T17:19:37.589276397Z	91851	0																			
1838	2026-09-24T17:19:37.639069693Z	91901	0																			
1839	2026-09-24T17:19:37.688804291Z	91950	0																			
1840	2026-09-24T17:19:37.739541307Z	92001	0																			
1841	2026-09-24T17:19:37.789248674Z	92051	0																			
1842	2026-09-24T17:19:37.838964022Z	92101	0																			
1843	2026-09-24T17:19:37.888630756Z	92150	0																			
1844	2026-09-24T17:19:37.939348535Z	92201	0																			
1845	2026-09-24T17:19:37.989120759Z	92251	0																			
1846	2026-09-24T17:19:38.038870715Z	92301	0																			
1847	2026-09-24T17:19:38.089619489Z	92351	0																			
1848	2026-09-24T17:19:38.139348955Z	92401	0																			
1849	2026-09-24T17:19:38.189096736Z	92451	0																			
1850	2026-09-24T17:19:38.238819936Z	92501	0																			
1851	2026-09-24T17:19:38.289546338Z	92551	0																			
1852	2026-09-24T17:19:38.339279625Z	92601	0																			
1853	2026-09-24T17:19:38.389032482Z	92651	0																			
1854	2026-09-24T17:19:38.438833155Z	92701	0																			
1855	2026-09-24T17:19:38.489576063Z	92751	0																			
1856	2026-09-24T17:19:38.539340988Z	92801	0																			
1857	2026-09-24T17:19:38.589116108Z	92851	0																			
1858	2026-09-24T17:19:38.638815682Z	92901	0																			
1859	2026-09-24T17:19:38.689543742Z	92951	0																			
1860	2026-09-24T17:19:38.739196455Z	93001	0																			
1861	2026-09-24T17:19:38.788915495Z	93051	0																			
1862	2026-09-24T17:19:38.839638753Z	93101	0																			
1863	2026-09-24T17:19:38.889344309Z	93151	0																			
1864	2026-09-24T17:19:38.939045457Z	93201	0																			
1865	2026-09-24T17:19:38.988794432Z	93250	0																			
1866	2026-09-24T17:19:39.039546067Z	93301	0																			
1867	2026-09-24T17:19:39.089296586Z	93351	0																			
1868	2026-09-24T17:19:39.138986324Z	93401	0																			
1869	2026-09-24T17:19:39.188765835Z	93450	0																			
1870	2026-09-24T17:19:39.239514417Z	93501	0																			
1871	2026-09-24T17:19:39.289254252Z	93551	0																			
1872	2026-09-24T17:19:39.338986112Z	93601	0																			
1873	2026-09-24T17:19:39.388658723Z	93650	0																			
1874	2026-09-24T17:19:39.439381198Z	93701	0																			
1875	2026-09-24T17:19:39.489175664Z	93751	0																			
1876	2026-09-24T17:19:39.538888426Z	93801	0																			
1877	2026-09-24T17:19:39.589653622Z	93851	0																			
1878	2026-09-24T17:19:39.639400297Z	93901	0																			
1879	2026-09-24T17:19:39.689121222Z	93951	0																			
1880	2026-09-24T17:19:39.738871091Z	94001	0																			
1881	2026-09-24T17:19:39.789567582Z	94051	0																			
1882	2026-09-24T17:19:39.839272268Z	94101	0																			
1883	2026-09-24T17:19:39.888964322Z	94151	0																			
1884	2026-09-24T17:19:39.938602425Z	94200	0																			
1885	2026-09-24T17:19:39.989419797Z	94251	0																			
1886	2026-09-24T17:19:40.039162355Z	94301	0																			
1887	2026-09-24T17:19:40.088926782Z	94351	0																			
1888	2026-09-24T17:19:40.138630478Z	94400	0																			
1889	2026-09-24T17:19:40.18936052Z	94451	0																			
1890	2026-09-24T17:19:40.239067495Z	94501	0																			
1891	2026-09-24T17:19:40.288816326Z	94551	0																			
1892	2026-09-24T17:19:40.339554761Z	94601	0																			
1893	2026-09-24T17:19:40.389343295Z	94651	0																			
1894	2026-09-24T17:19:40.439091365Z	94701	0																			
1895	2026-09-24T17:19:40.48885153Z	94751	0																			
1896	2026-09-24T17:19:40.539582379Z	94801	0																			
1897	2026-09-24T17:19:40.589372829Z	94851	0																			
1898	2026-09-24T17:19:40.639117227Z	94901	0																			
1899	2026-09-24T17:19:40.688891788Z	94951	0																			
1900	2026-09-24T17:19:40.73964535Z	95001	0																			
1901	2026-09-24T17:19:40.789388748Z	95051	0																			
1902	2026-09-24T17:19:40.83912846Z	95101	0																			
1903	2026-09-24T17:19:40.888866012Z	95151	0																			
1904	2026-09-24T17:19:40.939584129Z	95201	0																			
1905	2026-09-24T17:19:40.989343978Z	95251	0																			
1906	2026-09-24T17:19:41.03904402Z	95301	0																			
1907	2026-09-24T17:19:41.088807965Z	95350	0																			
1908	2026-09-24T17:19:41.139494662Z	95401	0																			
1909	2026-09-24T17:19:41.189268268Z	95451	0																			
1910	2026-09-24T17:19:41.23896753Z	95501	0																			
1911	2026-09-24T17:19:41.288721434Z	95550	0																			
1912	2026-09-24T17:19:41.33947105Z	95601	0																			
1913	2026-09-24T17:19:41.38919391Z	95651	0																			
1914	2026-09-24T17:19:41.438891756Z	95701	0																			
1915	2026-09-24T17:19:41.4896269Z	95751	0																			
1916	2026-09-24T17:19:41.539354216Z	95801	0																			
1917	2026-09-24T17:19:41.589099395Z	95851	0																			
1918	2026-09-24T17:19:41.638889199Z	95901	0																			
1919	2026-09-24T17:19:41.689643975Z	95951	0																			
1920	2026-09-24T17:19:41.739391783Z	96001	0																			
1921	2026-09-24T17:19:41.789115706Z	96051	0																			
1922	2026-09-24T17:19:41.838833814Z	96101	0																			
1923	2026-09-24T17:19:41.88957462Z	96151	0																			
1924	2026-09-24T17:19:41.93935191Z	96201	0																			
1925	2026-09-24T17:19:41.989116374Z	96251	0																			
1926	2026-09-24T17:19:42.038835556Z	96301	0																			
1927	2026-09-24T17:19:42.089570134Z	96351	0																			
1928	2026-09-24T17:19:42.139264283Z	96401	0																			
1929	2026-09-24T17:19:42.188964825Z	96451	0																			
1930	2026-09-24T17:19:42.238735313Z	96500	0																			
1931	2026-09-24T17:19:42.289492499Z	96551	0																			
1932	2026-09-24T17:19:42.339192472Z	96601	0																			
1933	2026-09-24T17:19:42.388887943Z	96651	0																			
1934	2026-09-24T17:19:42.439639682Z	96701	0																			
1935	2026-09-24T17:19:42.489399611Z	96751	0																			
1936	2026-09-24T17:19:42.539123286Z	96801	0																			
1937	2026-09-24T17:19:42.588836985Z	96851	0																			
1938	2026-09-24T17:19:42.639572794Z	96901	0																			
1939	2026-09-24T17:19:42.689317014Z	96951	0																			
1940	2026-09-24T17:19:42.739039458Z	97001	0																			
1941	2026-09-24T17:19:42.788738852Z	97050	0																			
1942	2026-09-24T17:19:42.839461322Z	97101	0																			
1943	2026-09-24T17:19:42.889195026Z	97151	0																			
1944	2026-09-24T17:19:42.938952025Z	97201	0																			
1945	2026-09-24T17:19:42.988656393Z	97250	0																			
1946	2026-09-24T17:19:43.039381113Z	97301	0																			
1947	2026-09-24T17:19:43.089141602Z	97351	0																			
1948	2026-09-24T17:19:43.138882985Z	97401	0																			
1949	2026-09-24T17:19:43.189570235Z	97451	0																			
1950	2026-09-24T17:19:43.239314482Z	97501	0																			
1951	2026-09-24T17:19:43.289037715Z	97551	0																			
1952	2026-09-24T17:19:43.338806983Z	97600	0																			
1953	2026-09-24T17:19:43.38953237Z	97651	0																			
1954	2026-09-24T17:19:43.439275751Z	97701	0																			
1955	2026-09-24T17:19:43.489026458Z	97751	0																			
1956	2026-09-24T17:19:43.53873709Z	97800	0																			
1957	2026-09-24T17:19:43.589496493Z	97851	0																			
1958	2026-09-24T17:19:43.639246896Z	97901	0																			
1959	2026-09-24T17:19:43.688985123Z	97951	0																			
1960	2026-09-24T17:19:43.738727739Z	98000	0																			
1961	2026-09-24T17:19:43.789427595Z	98051	0																			
1962	2026-09-24T17:19:43.839155957Z	98101	0																			
1963	2026-09-24T17:19:43.888882494Z	98151	0																			
1964	2026-09-24T17:19:43.939617484Z	98201	0																			
1965	2026-09-24T17:19:43.989345445Z	98251	0																			
1966	2026-09-24T17:19:44.039097458Z	98301	0																			
1967	2026-09-24T17:19:44.088812544Z	98351	0																			
1968	2026-09-24T17:19:44.139572737Z	98401	0																			
1969	2026-09-24T17:19:44.189294608Z	98451	0																			
1970	2026-09-24T17:19:44.239042435Z	98501	0																			
1971	2026-09-24T17:19:44.288806944Z	98550	0																			
1972	2026-09-24T17:19:44.339568793Z	98601	0																			
1973	2026-09-24T17:19:44.389327732Z	98651	0																			
1974	2026-09-24T17:19:44.439107415Z	98701	0																			
1975	2026-09-24T17:19:44.488793747Z	98750	0																			
1976	2026-09-24T17:19:44.539526196Z	98801	0																			
1977	2026-09-24T17:19:44.589269413Z	98851	0																			
1978	2026-09-24T17:19:44.639018484Z	98901	0																			
1979	2026-09-24T17:19:44.688741312Z	98950	0																			
1980	2026-09-24T17:19:44.739493128Z	99001	0																			
1981	2026-09-24T17:19:44.789190979Z	99051	0																			
1982	2026-09-24T17:19:44.838909792Z	99101	0																			
1983	2026-09-24T17:19:44.88963647Z	99151	0																			
1984	2026-09-24T17:19:44.939340205Z	99201	0																			
1985	2026-09-24T17:19:44.989087077Z	99251	0																			
1986	2026-09-24T17:19:45.038864574Z	99301	0																			
1987	2026-09-24T17:19:45.089603056Z	99351	0																			
1988	2026-09-24T17:19:45.139341475Z	99401	0																			
1989	2026-09-24T17:19:45.189102484Z	99451	0																			
1990	2026-09-24T17:19:45.238820133Z	99501	0																			
1991	2026-09-24T17:19:45.289515817Z	99551	0																			
1992	2026-09-24T17:19:45.339255926Z	99601	0																			
1993	2026-09-24T17:19:45.388963933Z	99651	0																			
1994	2026-09-24T17:19:45.438639363Z	99700	0																			
1995	2026-09-24T17:19:45.489459932Z	99751	0																			
1996	2026-09-24T17:19:45.539194997Z	99801	0																			
1997	2026-09-24T17:19:45.588956146Z	99851	0																			
1998	2026-09-24T17:19:45.638645619Z	99900	0																			
1999	2026-09-24T17:19:45.689376212Z	99951	0																			
2000	2026-09-24T17:19:45.739065075Z	100001	0																			
2001	2026-09-24T17:19:45.789480586Z	100051	0																			
2002	2026-09-24T17:19:45.839236448Z	100101	0																			
2003	2026-09-24T17:19:45.888995206Z	100151	0																			
2004	2026-09-24T17:19:45.938738493Z	100200	0																			
2005	2026-09-24T17:19:45.989462455Z	100251	0																			
2006	2026-09-24T17:19:46.039181105Z	100301	0																			
2007	2026-09-24T17:19:46.088875891Z	100351	0																			
2008	2026-09-24T17:19:46.13958828Z	100401	0																			
2009	2026-09-24T17:19:46.189344568Z	100451	0																			
2010	2026-09-24T17:19:46.239044031Z	100501	0																			
2011	2026-09-24T17:19:46.288816528Z	100551	0																			
2012	2026-09-24T17:19:46.339567729Z	100601	0																			
2013	2026-09-24T17:19:46.389324049Z	100651	0																			
2014	2026-09-24T17:19:46.439069248Z	100701	0																			
2015	2026-09-24T17:19:46.488813464Z	100751	0																			
2016	2026-09-24T17:19:46.53953411Z	100801	0																			
2017	2026-09-24T17:19:46.589339813Z	100851	0																			
2018	2026-09-24T17:19:46.639114004Z	100901	0																			
2019	2026-09-24T17:19:46.688814048Z	100951	0																			
2020	2026-09-24T17:19:46.739493072Z	101001	0																			
2021	2026-09-24T17:19:46.789241075Z	101051	0																			
2022	2026-09-24T17:19:46.838989859Z	101101	0																			
2023	2026-09-24T17:19:46.888741513Z	101150	0																			
2024	2026-09-24T17:19:46.93950355Z	101201	0																			
2025	2026-09-24T17:19:46.989274242Z	101251	0																			
2026	2026-09-24T17:19:47.038992069Z	101301	0																			
2027	2026-09-24T17:19:47.088771885Z	101350	0																			
2028	2026-09-24T17:19:47.139537783Z	101401	0																			
2029	2026-09-24T17:19:47.189270531Z	101451	0																			
2030	2026-09-24T17:19:47.238960006Z	101501	0																			
2031	2026-09-24T17:19:47.288736731Z	101550	0																			
2032	2026-09-24T17:19:47.339478103Z	101601	0																			
2033	2026-09-24T17:19:47.389191001Z	101651	0																			
2034	2026-09-24T17:19:47.438893262Z	101701	0																			
2035	2026-09-24T17:19:47.489631455Z	101751	0																			
2036	2026-09-24T17:19:47.539362077Z	101801	0																			
2037	2026-09-24T17:19:47.589161898Z	101851	0																			
2038	2026-09-24T17:19:47.638867228Z	101901	0																			
2039	2026-09-24T17:19:47.689570026Z	101951	0																			
2040	2026-09-24T17:19:47.739300889Z	102001	0																			
2041	2026-09-24T17:19:47.789087315Z	102051	0																			
2042	2026-09-24T17:19:47.83881409Z	102101	0																			
2043	2026-09-24T17:19:47.88954607Z	102151	0																			
2044	2026-09-24T17:19:47.939276384Z	102201	0																			
2045	2026-09-24T17:19:47.98903605Z	102251	0																			
2046	2026-09-24T17:19:48.038760077Z	102300	0																			
2047	2026-09-24T17:19:48.089494217Z	102351	0																			
2048	2026-09-24T17:19:48.139191406Z	102401	0																			
2049	2026-09-24T17:19:48.188888883Z	102451	0																			
2050	2026-09-24T17:19:48.23962577Z	102501	0																			
2051	2026-09-24T17:19:48.289423191Z	102551	0																			
2052	2026-09-24T17:19:48.339167303Z	102601	0																			
2053	2026-09-24T17:19:48.38888876Z	102651	0																			
2054	2026-09-24T17:19:48.439645517Z	102701	0																			
2055	2026-09-24T17:19:48.489430258Z	102751	0																			
2056	2026-09-24T17:19:48.539182771Z	102801	0																			
2057	2026-09-24T17:19:48.589025549Z	102851	0																			
2058	2026-09-24T17:19:48.638796086Z	102900	0																			
2059	2026-09-24T17:19:48.689526673Z	102951	0																			
2060	2026-09-24T17:19:48.7392665Z	103001	0																			
2061	2026-09-24T17:19:48.788963216Z	103051	0																			
2062	2026-09-24T17:19:48.83861073Z	103100	0																			
2063	2026-09-24T17:19:48.889328837Z	103151	0																			
2064	2026-09-24T17:19:48.938973902Z	103201	0																			
2065	2026-09-24T17:19:48.988633329Z	103250	0																			
2066	2026-09-24T17:19:49.039342027Z	103301	0																			
2067	2026-09-24T17:19:49.089039384Z	103351	0																			
2068	2026-09-24T17:19:49.138739379Z	103400	0																			
2069	2026-09-24T17:19:49.189465109Z	103451	0																			
2070	2026-09-24T17:19:49.239190421Z	103501	0																			
2071	2026-09-24T17:19:49.288926582Z	103551	0																			
2072	2026-09-24T17:19:49.338622156Z	103600	0																			
2073	2026-09-24T17:19:49.389340662Z	103651	0																			
2074	2026-09-24T17:19:49.439036917Z	103701	0																			
2075	2026-09-24T17:19:49.488781543Z	103750	0																			
2076	2026-09-24T17:19:49.538866014Z	103801	0																			
2077	2026-09-24T17:19:49.589651683Z	103851	0																			
2078	2026-09-24T17:19:49.639340495Z	103901	0																			
2079	2026-09-24T17:19:49.689026017Z	103951	0																			
2080	2026-09-24T17:19:49.738739482Z	104000	0																			
2081	2026-09-24T17:19:49.789387642Z	104051	0																			
2082	2026-09-24T17:19:49.839101359Z	104101	0																			
2083	2026-09-24T17:19:49.888798251Z	104150	0																			
2084	2026-09-24T17:19:49.939517325Z	104201	0																			
2085	2026-09-24T17:19:49.989266122Z	104251	0																			
2086	2026-09-24T17:19:50.038967788Z	104301	0																			
2087	2026-09-24T17:19:50.088739579Z	104350	0																			
2088	2026-09-24T17:19:50.139492414Z	104401	0																			
2089	2026-09-24T17:19:50.189238066Z	104451	0																			
2090	2026-09-24T17:19:50.238962535Z	104501	0																			
2091	2026-09-24T17:19:50.288647895Z	104550	0																			
2092	2026-09-24T17:19:50.339343831Z	104601	0																			
2093	2026-09-24T17:19:50.389085776Z	104651	0																			
2094	2026-09-24T17:19:50.438811193Z	104701	0																			
2095	2026-09-24T17:19:50.489566794Z	104751	0																			
2096	2026-09-24T17:19:50.539278687Z	104801	0																			
2097	2026-09-24T17:19:50.589120199Z	104851	0																			
2098	2026-09-24T17:19:50.639262828Z	104901	0																			
2099	2026-09-24T17:19:50.688961834Z	104951	0																			
2100	2026-09-24T17:19:50.738643305Z	105000	0																			
2101	2026-09-24T17:19:50.789340527Z	105051	0																			
2102	2026-09-24T17:19:50.839007626Z	105101	0																			
2103	2026-09-24T17:19:50.888737676Z	105150	0																			
2104	2026-09-24T17:19:50.939458441Z	105201	0																			
2105	2026-09-24T17:19:50.989188184Z	105251	0																			
2106	2026-09-24T17:19:51.038900332Z	105301	0																			
2107	2026-09-24T17:19:51.08963918Z	105351	0																			
2108	2026-09-24T17:19:51.139366286Z	105401	0																			
2109	2026-09-24T17:19:51.18911925Z	105451	0																			
2110	2026-09-24T17:19:51.238871001Z	105501	0																			
2111	2026-09-24T17:19:51.289648866Z	105551	0																			
2112	2026-09-24T17:19:51.339386873Z	105601	0																			
2113	2026-09-24T17:19:51.389152141Z	105651	0																			
2114	2026-09-24T17:19:51.438897774Z	105701	0																			
2115	2026-09-24T17:19:51.48962673Z	105751	0																			
2116	2026-09-24T17:19:51.53934956Z	105801	0																			
2117	2026-09-24T17:19:51.589069781Z	105851	0																			
2118	2026-09-24T17:19:51.638796167Z	105900	0																			
2119	2026-09-24T17:19:51.689523596Z	105951	0																			
2120	2026-09-24T17:19:51.739253917Z	106001	0																			
2121	2026-09-24T17:19:51.788964399Z	106051	0																			
2122	2026-09-24T17:19:51.838617716Z	106100	0																			
2123	2026-09-24T17:19:51.889352881Z	106151	0																			
2124	2026-09-24T17:19:51.939044812Z	106201	0																			
2125	2026-09-24T17:19:51.988808551Z	106250	0																			
2126	2026-09-24T17:19:52.039496974Z	106301	0																			
2127	2026-09-24T17:19:52.089233741Z	106351	0																			
2128	2026-09-24T17:19:52.138973064Z	106401	0																			
2129	2026-09-24T17:19:52.188731193Z	106450	0																			
2130	2026-09-24T17:19:52.239475518Z	106501	0																			
2131	2026-09-24T17:19:52.289160003Z	106551	0																			
2132	2026-09-24T17:19:52.3388916Z	106601	0																			
2133	2026-09-24T17:19:52.389610956Z	106651	0																			
2134	2026-09-24T17:19:52.439335049Z	106701	0																			
2135	2026-09-24T17:19:52.489043135Z	106751	0																			
2136	2026-09-24T17:19:52.538770999Z	106800	0																			
2137	2026-09-24T17:19:52.589560909Z	106851	0																			
2138	2026-09-24T17:19:52.639342795Z	106901	0																			
2139	2026-09-24T17:19:52.689111362Z	106951	0																			
2140	2026-09-24T17:19:52.738818803Z	107001	0																			
2141	2026-09-24T17:19:52.789528942Z	107051	0																			
2142	2026-09-24T17:19:52.839256003Z	107101	0																			
2143	2026-09-24T17:19:52.888954527Z	107151	0																			
2144	2026-09-24T17:19:52.938622774Z	107200	0																			
2145	2026-09-24T17:19:52.9893528Z	107251	0																			
2146	2026-09-24T17:19:53.0391104Z	107301	0																			
2147	2026-09-24T17:19:53.088868477Z	107351	0																			
2148	2026-09-24T17:19:53.139620135Z	107401	0																			
2149	2026-09-24T17:19:53.189343624Z	107451	0																			
2150	2026-09-24T17:19:53.23907691Z	107501	0																			
2151	2026-09-24T17:19:53.288812991Z	107551	0																			
2152	2026-09-24T17:19:53.339557995Z	107601	0																			
2153	2026-09-24T17:19:53.389272167Z	107651	0																			
2154	2026-09-24T17:19:53.439014944Z	107701	0																			
2155	2026-09-24T17:19:53.488737808Z	107750	0																			
2156	2026-09-24T17:19:53.539427654Z	107801	0																			
2157	2026-09-24T17:19:53.589191986Z	107851	0																			
2158	2026-09-24T17:19:53.638887758Z	107901	0																			
2159	2026-09-24T17:19:53.68961463Z	107951	0																			
2160	2026-09-24T17:19:53.739343353Z	108001	0																			
2161	2026-09-24T17:19:53.789028486Z	108051	0																			
2162	2026-09-24T17:19:53.838754001Z	108100	0																			
2163	2026-09-24T17:19:53.889491997Z	108151	0																			
2164	2026-09-24T17:19:53.939190057Z	108201	0																			
2165	2026-09-24T17:19:53.988890964Z	108251	0																			
2166	2026-09-24T17:19:54.039646947Z	108301	0																			
2167	2026-09-24T17:19:54.089394728Z	108351	0																			
2168	2026-09-24T17:19:54.139117488Z	108401	0																			
2169	2026-09-24T17:19:54.188868858Z	108451	0																			
2170	2026-09-24T17:19:54.239633516Z	108501	0																			
2171	2026-09-24T17:19:54.28941394Z	108551	0																			
2172	2026-09-24T17:19:54.339114253Z	108601	0																			
2173	2026-09-24T17:19:54.388844719Z	108651	0																			
2174	2026-09-24T17:19:54.439600718Z	108701	0																			
2175	2026-09-24T17:19:54.489312686Z	108751	0																			
2176	2026-09-24T17:19:54.539063036Z	108801	0																			
2177	2026-09-24T17:19:54.588802419Z	108850	0																			
2178	2026-09-24T17:19:54.639506837Z	108901	0																			
2179	2026-09-24T17:19:54.689336806Z	108951	0																			
2180	2026-09-24T17:19:54.739068661Z	109001	0																			
2181	2026-09-24T17:19:54.788765806Z	109050	0																			
2182	2026-09-24T17:19:54.839495675Z	109101	0																			
2183	2026-09-24T17:19:54.889256562Z	109151	0																			
2184	2026-09-24T17:19:54.938965994Z	109201	0																			
2185	2026-09-24T17:19:54.988672739Z	109250	0																			
2186	2026-09-24T17:19:55.039405917Z	109301	0																			
2187	2026-09-24T17:19:55.089161682Z	109351	0																			
2188	2026-09-24T17:19:55.138893836Z	109401	0																			
2189	2026-09-24T17:19:55.189639036Z	109451	0																			
2190	2026-09-24T17:19:55.239376872Z	109501	0																			
2191	2026-09-24T17:19:55.289162458Z	109551	0																			
2192	2026-09-24T17:19:55.33889053Z	109601	0																			
2193	2026-09-24T17:19:55.389641662Z	109651	0																			
2194	2026-09-24T17:19:55.439397011Z	109701	0																			
2195	2026-09-24T17:19:55.489158805Z	109751	0																			
2196	2026-09-24T17:19:55.538972432Z	109801	0																			
2197	2026-09-24T17:19:55.588739497Z	109850	0																			
2198	2026-09-24T17:19:55.639446102Z	109901	0																			
2199	2026-09-24T17:19:55.689228626Z	109951	0																			
2200	2026-09-24T17:19:55.738978605Z	110001	0																			
2201	2026-09-24T17:19:55.789326451Z	110051	0																			
2202	2026-09-24T17:19:55.838998712Z	110101	0																			
2203	2026-09-24T17:19:55.888740002Z	110150	0																			
2204	2026-09-24T17:19:55.939493349Z	110201	0																			
2205	2026-09-24T17:19:55.98924608Z	110251	0																			
2206	2026-09-24T17:19:56.038968849Z	110301	0																			
2207	2026-09-24T17:19:56.088642448Z	110350	0																			
2208	2026-09-24T17:19:56.139339791Z	110401	0																			
2209	2026-09-24T17:19:56.189078502Z	110451	0																			
2210	2026-09-24T17:19:56.238814995Z	110501	0																			
2211	2026-09-24T17:19:56.289571074Z	110551	0																			
2212	2026-09-24T17:19:56.339316653Z	110601	0																			
2213	2026-09-24T17:19:56.389035065Z	110651	0																			
2214	2026-09-24T17:19:56.438744259Z	110700	0																			
2215	2026-09-24T17:19:56.489498271Z	110751	0																			
2216	2026-09-24T17:19:56.53925373Z	110801	0																			
2217	2026-09-24T17:19:56.589019667Z	110851	0																			
2218	2026-09-24T17:19:56.638798347Z	110900	0																			
2219	2026-09-24T17:19:56.689494869Z	110951	0																			
2220	2026-09-24T17:19:56.73919431Z	111001	0																			
2221	2026-09-24T17:19:56.788906146Z	111051	0																			
2222	2026-09-24T17:19:56.839608239Z	111101	0																			
2223	2026-09-24T17:19:56.889346724Z	111151	0																			
2224	2026-09-24T17:19:56.939094272Z	111201	0																			
2225	2026-09-24T17:19:56.988777746Z	111250	0																			
2226	2026-09-24T17:19:57.039497728Z	111301	0																			
2227	2026-09-24T17:19:57.089269809Z	111351	0																			
2228	2026-09-24T17:19:57.138965866Z	111401	0																			
2229	2026-09-24T17:19:57.18863248Z	111450	0																			
2230	2026-09-24T17:19:57.23936818Z	111501	0																			
2231	2026-09-24T17:19:57.289119198Z	111551	0																			
2232	2026-09-24T17:19:57.338867039Z	111601	0																			
2233	2026-09-24T17:19:57.38962092Z	111651	0																			
2234	2026-09-24T17:19:57.439345347Z	111701	0																			
2235	2026-09-24T17:19:57.489091491Z	111751	0																			
2236	2026-09-24T17:19:57.538812641Z	111801	0																			
2237	2026-09-24T17:19:57.589642875Z	111851	0																			
2238	2026-09-24T17:19:57.63934816Z	111901	0																			
2239	2026-09-24T17:19:57.689115834Z	111951	0																			
2240	2026-09-24T17:19:57.738821016Z	112001	0																			
2241	2026-09-24T17:19:57.789550415Z	112051	0																			
2242	2026-09-24T17:19:57.839341745Z	112101	0																			
2243	2026-09-24T17:19:57.889087041Z	112151	0																			
2244	2026-09-24T17:19:57.939193709Z	112201	0																			
2245	2026-09-24T17:19:57.988963495Z	112251	0																			
2246	2026-09-24T17:19:58.038639701Z	112300	0																			
2247	2026-09-24T17:19:58.08934501Z	112351	0																			
2248	2026-09-24T17:19:58.139041417Z	112401	0																			
2249	2026-09-24T17:19:58.188767958Z	112450	0																			
2250	2026-09-24T17:19:58.239495955Z	112501	0																			
2251	2026-09-24T17:19:58.289270231Z	112551	0																			
2252	2026-09-24T17:19:58.339030805Z	112601	0																			
2253	2026-09-24T17:19:58.388824861Z	112651	0																			
2254	2026-09-24T17:19:58.439613252Z	112701	0																			
2255	2026-09-24T17:19:58.48941384Z	112751	0																			
2256	2026-09-24T17:19:58.539144352Z	112801	0																			
2257	2026-09-24T17:19:58.588883573Z	112851	0																			
2258	2026-09-24T17:19:58.6396253Z	112901	0																			
2259	2026-09-24T17:19:58.68940965Z	112951	0																			
2260	2026-09-24T17:19:58.739116069Z	113001	0																			
2261	2026-09-24T17:19:58.788806262Z	113050	0																			
2262	2026-09-24T17:19:58.839526313Z	113101	0																			
2263	2026-09-24T17:19:58.889266689Z	113151	0																			
2264	2026-09-24T17:19:58.938955276Z	113201	0																			
2265	2026-09-24T17:19:58.989628664Z	113251	0																			
2266	2026-09-24T17:19:59.039343598Z	113301	0																			
2267	2026-09-24T17:19:59.089117417Z	113351	0																			
2268	2026-09-24T17:19:59.138847034Z	113401	0																			
2269	2026-09-24T17:19:59.189579687Z	113451	0																			
2270	2026-09-24T17:19:59.239322647Z	113501	0																			
2271	2026-09-24T17:19:59.289102608Z	113551	0																			
2272	2026-09-24T17:19:59.33881444Z	113601	0																			
2273	2026-09-24T17:19:59.389553599Z	113651	0																			
2274	2026-09-24T17:19:59.439284563Z	113701	0																			
2275	2026-09-24T17:19:59.489095523Z	113751	0																			
2276	2026-09-24T17:19:59.538773304Z	113800	0																			
2277	2026-09-24T17:19:59.589570775Z	113851	0																			
2278	2026-09-24T17:19:59.639337686Z	113901	0																			
2279	2026-09-24T17:19:59.689097707Z	113951	0																			
2280	2026-09-24T17:19:59.738862138Z	114001	0																			
2281	2026-09-24T17:19:59.789549101Z	114051	0																			
2282	2026-09-24T17:19:59.839267985Z	114101	0																			
2283	2026-09-24T17:19:59.889022306Z	114151	0																			
2284	2026-09-24T17:19:59.938739659Z	114200	0																			
2285	2026-09-24T17:19:59.98944915Z	114251	0																			
2286	2026-09-24T17:20:00.039116847Z	114301	0																			
2287	2026-09-24T17:20:00.088850765Z	114351	0																			
2288	2026-09-24T17:20:00.139568733Z	114401	0																			
2289	2026-09-24T17:20:00.189312632Z	114451	0																			
2290	2026-09-24T17:20:00.239042922Z	114501	0																			
2291	2026-09-24T17:20:00.288799339Z	114550	0																			
2292	2026-09-24T17:20:00.339569811Z	114601	0																			
2293	2026-09-24T17:20:00.389269457Z	114651	0																			
2294	2026-09-24T17:20:00.438991934Z	114701	0																			
2295	2026-09-24T17:20:00.488728435Z	114750	0																			
2296	2026-09-24T17:20:00.539433575Z	114801	0																			
2297	2026-09-24T17:20:00.589182164Z	114851	0																			
2298	2026-09-24T17:20:00.638925524Z	114901	0																			
2299	2026-09-24T17:20:00.688614473Z	114950	0																			
2300	2026-09-24T17:20:00.739329109Z	115001	0																			
2301	2026-09-24T17:20:00.789040682Z	115051	0																			
2302	2026-09-24T17:20:00.838737452Z	115100	0																			
2303	2026-09-24T17:20:00.889417108Z	115151	0																			
2304	2026-09-24T17:20:00.939136241Z	115201	0																			
2305	2026-09-24T17:20:00.988910415Z	115251	0																			
2306	2026-09-24T17:20:01.039645461Z	115301	0																			
2307	2026-09-24T17:20:01.089402359Z	115351	0																			
2308	2026-09-24T17:20:01.139163515Z	115401	0																			
2309	2026-09-24T17:20:01.188889479Z	115451	0																			
2310	2026-09-24T17:20:01.2396214Z	115501	0																			
2311	2026-09-24T17:20:01.289405327Z	115551	0																			
2312	2026-09-24T17:20:01.339114686Z	115601	0																			
2313	2026-09-24T17:20:01.388848805Z	115651	0																			
2314	2026-09-24T17:20:01.439568311Z	115701	0																			
2315	2026-09-24T17:20:01.489333908Z	115751	0																			
2316	2026-09-24T17:20:01.539046989Z	115801	0																			
2317	2026-09-24T17:20:01.588814207Z	115851	0																			
2318	2026-09-24T17:20:01.639548776Z	115901	0																			
2319	2026-09-24T17:20:01.689343047Z	115951	0																			
2320	2026-09-24T17:20:01.739096934Z	116001	0																			
2321	2026-09-24T17:20:01.788813727Z	116051	0																			
2322	2026-09-24T17:20:01.839554184Z	116101	0																			
2323	2026-09-24T17:20:01.889291401Z	116151	0																			
2324	2026-09-24T17:20:01.939044739Z	116201	0																			
2325	2026-09-24T17:20:01.988807933Z	116250	0																			
2326	2026-09-24T17:20:02.039563019Z	116301	0																			
2327	2026-09-24T17:20:02.089368227Z	116351	0																			
2328	2026-09-24T17:20:02.139066272Z	116401	0																			
2329	2026-09-24T17:20:02.188808618Z	116450	0																			
2330	2026-09-24T17:20:02.239560359Z	116501	0																			
2331	2026-09-24T17:20:02.289324164Z	116551	0																			
2332	2026-09-24T17:20:02.339041547Z	116601	0																			
2333	2026-09-24T17:20:02.388742079Z	116650	0																			
2334	2026-09-24T17:20:02.43949558Z	116701	0																			
2335	2026-09-24T17:20:02.489247349Z	116751	0																			
2336	2026-09-24T17:20:02.538975816Z	116801	0																			
2337	2026-09-24T17:20:02.588643247Z	116850	0																			
2338	2026-09-24T17:20:02.639397411Z	116901	0																			
2339	2026-09-24T17:20:02.689167774Z	116951	0																			
2340	2026-09-24T17:20:02.738948724Z	117001	0																			
2341	2026-09-24T17:20:02.788610971Z	117050	0																			
2342	2026-09-24T17:20:02.839294763Z	117101	0																			
2343	2026-09-24T17:20:02.889037649Z	117151	0																			
2344	2026-09-24T17:20:02.938741301Z	117200	0																			
2345	2026-09-24T17:20:02.989481297Z	117251	0																			
2346	2026-09-24T17:20:03.039194684Z	117301	0																			
2347	2026-09-24T17:20:03.088969001Z	117351	0																			
2348	2026-09-24T17:20:03.138617024Z	117400	0																			
2349	2026-09-24T17:20:03.189349422Z	117451	0																			
2350	2026-09-24T17:20:03.239115598Z	117501	0																			
2351	2026-09-24T17:20:03.288888987Z	117551	0																			
2352	2026-09-24T17:20:03.339625618Z	117601	0																			
2353	2026-09-24T17:20:03.389343221Z	117651	0																			
2354	2026-09-24T17:20:03.439097304Z	117701	0																			
2355	2026-09-24T17:20:03.488855678Z	117751	0																			
2356	2026-09-24T17:20:03.539594144Z	117801	0																			
2357	2026-09-24T17:20:03.589406309Z	117851	0																			
2358	2026-09-24T17:20:03.639184279Z	117901	0																			
2359	2026-09-24T17:20:03.688917085Z	117951	0																			
2360	2026-09-24T17:20:03.738602987Z	118000	0																			
2361	2026-09-24T17:20:03.789287663Z	118051	0																			
2362	2026-09-24T17:20:03.839046713Z	118101	0																			
2363	2026-09-24T17:20:03.888814833Z	118151	0																			
2364	2026-09-24T17:20:03.939572081Z	118201	0																			
2365	2026-09-24T17:20:03.989346339Z	118251	0																			
2366	2026-09-24T17:20:04.039096071Z	118301	0																			
2367	2026-09-24T17:20:04.088762425Z	118350	0																			
2368	2026-09-24T17:20:04.139540167Z	118401	0																			
2369	2026-09-24T17:20:04.189278988Z	118451	0																			
2370	2026-09-24T17:20:04.239020562Z	118501	0																			
2371	2026-09-24T17:20:04.288728078Z	118550	0																			
2372	2026-09-24T17:20:04.339474607Z	118601	0																			
2373	2026-09-24T17:20:04.389190589Z	118651	0																			
2374	2026-09-24T17:20:04.438895024Z	118701	0																			
2375	2026-09-24T17:20:04.488633854Z	118750	0																			
2376	2026-09-24T17:20:04.53936118Z	118801	0																			
2377	2026-09-24T17:20:04.589103197Z	118851	0																			
2378	2026-09-24T17:20:04.638920325Z	118901	0																			
2379	2026-09-24T17:20:04.688609776Z	118950	0																			
2380	2026-09-24T17:20:04.739347772Z	119001	0																			
2381	2026-09-24T17:20:04.789039166Z	119051	0																			
2382	2026-09-24T17:20:04.838652808Z	119100	0																			
2383	2026-09-24T17:20:04.889345613Z	119151	0																			
2384	2026-09-24T17:20:04.939053504Z	119201	0																			
2385	2026-09-24T17:20:04.988802429Z	119250	0																			
2386	2026-09-24T17:20:05.03954725Z	119301	0																			
2387	2026-09-24T17:20:05.089291422Z	119351	0																			
2388	2026-09-24T17:20:05.139020766Z	119401	0																			
2389	2026-09-24T17:20:05.188640249Z	119450	0																			
2390	2026-09-24T17:20:05.239411636Z	119501	0																			
2391	2026-09-24T17:20:05.289194011Z	119551	0																			
2392	2026-09-24T17:20:05.338896303Z	119601	0																			
2393	2026-09-24T17:20:05.389630477Z	119651	0																			
2394	2026-09-24T17:20:05.439387933Z	119701	0																			
2395	2026-09-24T17:20:05.489120673Z	119751	0																			
2396	2026-09-24T17:20:05.538892158Z	119801	0																			
2397	2026-09-24T17:20:05.588625488Z	119850	0																			
2398	2026-09-24T17:20:05.639395397Z	119901	0																			
2399	2026-09-24T17:20:05.689117963Z	119951	0																			
2400	2026-09-24T17:20:05.738832433Z	120001	0																			
2401	2026-09-24T17:20:05.78933106Z	120051	0																			
2402	2026-09-24T17:20:05.839003869Z	120101	0																			
2403	2026-09-24T17:20:05.888742458Z	120150	0																			
2404	2026-09-24T17:20:05.939470637Z	120201	0																			
2405	2026-09-24T17:20:05.989271176Z	120251	0																			
2406	2026-09-24T17:20:06.039007252Z	120301	0																			
2407	2026-09-24T17:20:06.088742479Z	120350	0																			
2408	2026-09-24T17:20:06.139494448Z	120401	0																			
2409	2026-09-24T17:20:06.189247729Z	120451	0																			
2410	2026-09-24T17:20:06.238987891Z	120501	0																			
2411	2026-09-24T17:20:06.288741491Z	120550	0																			
2412	2026-09-24T17:20:06.33948551Z	120601	0																			
2413	2026-09-24T17:20:06.389193863Z	120651	0																			
2414	2026-09-24T17:20:06.438953946Z	120701	0																			
2415	2026-09-24T17:20:06.488642997Z	120750	0																			
2416	2026-09-24T17:20:06.539437058Z	120801	0																			
2417	2026-09-24T17:20:06.58924172Z	120851	0																			
2418	2026-09-24T17:20:06.639004985Z	120901	0																			
2419	2026-09-24T17:20:06.688879389Z	120951	0																			
2420	2026-09-24T17:20:06.739591436Z	121001	0																			
2421	2026-09-24T17:20:06.789309068Z	121051	0																			
2422	2026-09-24T17:20:06.83904235Z	121101	0																			
2423	2026-09-24T17:20:06.888743884Z	121150	0																			
2424	2026-09-24T17:20:06.939506195Z	121201	0																			
2425	2026-09-24T17:20:06.98927294Z	121251	0																			
2426	2026-09-24T17:20:07.039029001Z	121301	0																			
2427	2026-09-24T17:20:07.088756213Z	121350	0																			
2428	2026-09-24T17:20:07.139496368Z	121401	0																			
2429	2026-09-24T17:20:07.189269326Z	121451	0																			
2430	2026-09-24T17:20:07.239017907Z	121501	0																			
2431	2026-09-24T17:20:07.288778062Z	121550	0																			
2432	2026-09-24T17:20:07.339528061Z	121601	0																			
2433	2026-09-24T17:20:07.389276166Z	121651	0																			
2434	2026-09-24T17:20:07.43896933Z	121701	0																			
2435	2026-09-24T17:20:07.488729003Z	121750	0																			
2436	2026-09-24T17:20:07.539479394Z	121801	0																			
2437	2026-09-24T17:20:07.589246825Z	121851	0																			
2438	2026-09-24T17:20:07.63890885Z	121901	0																			
2439	2026-09-24T17:20:07.689031258Z	121951	0																			
2440	2026-09-24T17:20:07.738718534Z	122000	0																			
2441	2026-09-24T17:20:07.789394324Z	122051	0																			
2442	2026-09-24T17:20:07.839122509Z	122101	0																			
2443	2026-09-24T17:20:07.888852501Z	122151	0																			
2444	2026-09-24T17:20:07.939569307Z	122201	0																			
2445	2026-09-24T17:20:07.989300749Z	122251	0																			
2446	2026-09-24T17:20:08.039041286Z	122301	0																			
2447	2026-09-24T17:20:08.088771129Z	122350	0																			
2448	2026-09-24T17:20:08.139455271Z	122401	0																			
2449	2026-09-24T17:20:08.189189988Z	122451	0																			
2450	2026-09-24T17:20:08.238888781Z	122501	0																			
2451	2026-09-24T17:20:08.289622186Z	122551	0																			
2452	2026-09-24T17:20:08.339340042Z	122601	0																			
2453	2026-09-24T17:20:08.389027311Z	122651	0																			
2454	2026-09-24T17:20:08.438722999Z	122700	0																			
2455	2026-09-24T17:20:08.48942043Z	122751	0																			
2456	2026-09-24T17:20:08.539147693Z	122801	0																			
2457	2026-09-24T17:20:08.58887341Z	122851	0																			
2458	2026-09-24T17:20:08.639582142Z	122901	0																			
2459	2026-09-24T17:20:08.689369777Z	122951	0																			
2460	2026-09-24T17:20:08.73903996Z	123001	0																			
2461	2026-09-24T17:20:08.788663285Z	123050	0																			
2462	2026-09-24T17:20:08.839349236Z	123101	0																			
2463	2026-09-24T17:20:08.889107809Z	123151	0																			
2464	2026-09-24T17:20:08.938840078Z	123201	0																			
2465	2026-09-24T17:20:08.989572087Z	123251	0																			
2466	2026-09-24T17:20:09.039319165Z	123301	0																			
2467	2026-09-24T17:20:09.089099755Z	123351	0																			
2468	2026-09-24T17:20:09.138737891Z	123400	0																			
2469	2026-09-24T17:20:09.189419619Z	123451	0																			
2470	2026-09-24T17:20:09.239120324Z	123501	0																			
2471	2026-09-24T17:20:09.28888348Z	123551	0																			
2472	2026-09-24T17:20:09.339596683Z	123601	0																			
2473	2026-09-24T17:20:09.389340655Z	123651	0																			
2474	2026-09-24T17:20:09.439079979Z	123701	0																			
2475	2026-09-24T17:20:09.488816432Z	123751	0																			
2476	2026-09-24T17:20:09.539569708Z	123801	0																			
2477	2026-09-24T17:20:09.589308551Z	123851	0																			
2478	2026-09-24T17:20:09.63911277Z	123901	0																			
2479	2026-09-24T17:20:09.688886647Z	123951	0																			
2480	2026-09-24T17:20:09.739589053Z	124001	0																			
2481	2026-09-24T17:20:09.789302362Z	124051	0																			
2482	2026-09-24T17:20:09.8390237Z	124101	0																			
2483	2026-09-24T17:20:09.888751139Z	124150	0																			
2484	2026-09-24T17:20:09.9387703Z	124200	0																			
2485	2026-09-24T17:20:09.9894927Z	124251	0																			
2486	2026-09-24T17:20:10.039194064Z	124301	0																			
2487	2026-09-24T17:20:10.088890404Z	124351	0																			
2488	2026-09-24T17:20:10.139606645Z	124401	0																			
2489	2026-09-24T17:20:10.189311229Z	124451	0																			
2490	2026-09-24T17:20:10.239045504Z	124501	0																			
2491	2026-09-24T17:20:10.288793949Z	124550	0																			
2492	2026-09-24T17:20:10.339483699Z	124601	0																			
2493	2026-09-24T17:20:10.389254525Z	124651	0																			
2494	2026-09-24T17:20:10.438891877Z	124701	0																			
2495	2026-09-24T17:20:10.489570063Z	124751	0																			
2496	2026-09-24T17:20:10.539274818Z	124801	0																			
2497	2026-09-24T17:20:10.588999003Z	124851	0																			
2498	2026-09-24T17:20:10.638722602Z	124900	0																			
2499	2026-09-24T17:20:10.689419654Z	124951	0																			
2500	2026-09-24T17:20:10.739169242Z	125001	0																			
2501	2026-09-24T17:20:10.788832095Z	125051	0																			
2502	2026-09-24T17:20:10.839499442Z	125101	0																			
2503	2026-09-24T17:20:10.889253601Z	125151	0																			
2504	2026-09-24T17:20:10.938920506Z	125201	0																			
2505	2026-09-24T17:20:10.988614003Z	125250	0																			
2506	2026-09-24T17:20:11.039339888Z	125301	0																			
2507	2026-09-24T17:20:11.089416187Z	125351	0																			
2508	2026-09-24T17:20:11.139101121Z	125401	0																			
2509	2026-09-24T17:20:11.188763524Z	125450	0																			
2510	2026-09-24T17:20:11.23948599Z	125501	0																			
2511	2026-09-24T17:20:11.289248061Z	125551	0																			
2512	2026-09-24T17:20:11.338985732Z	125601	0																			
2513	2026-09-24T17:20:11.388738788Z	125650	0																			
2514	2026-09-24T17:20:11.439404362Z	125701	0																			
2515	2026-09-24T17:20:11.489101523Z	125751	0																			
2516	2026-09-24T17:20:11.53882077Z	125801	0																			
2517	2026-09-24T17:20:11.589648825Z	125851	0																			
2518	2026-09-24T17:20:11.639412357Z	125901	0																			
2519	2026-09-24T17:20:11.689190854Z	125951	0																			
2520	2026-09-24T17:20:11.738889121Z	126001	0																			
2521	2026-09-24T17:20:11.789568906Z	126051	0																			
2522	2026-09-24T17:20:11.839325669Z	126101	0																			
2523	2026-09-24T17:20:11.889101373Z	126151	0																			
2524	2026-09-24T17:20:11.93885005Z	126201	0																			
2525	2026-09-24T17:20:11.989617247Z	126251	0																			
2526	2026-09-24T17:20:12.039347448Z	126301	0																			
2527	2026-09-24T17:20:12.089111362Z	126351	0																			
2528	2026-09-24T17:20:12.138804442Z	126400	0																			
2529	2026-09-24T17:20:12.189546311Z	126451	0																			
2530	2026-09-24T17:20:12.239272543Z	126501	0																			
2531	2026-09-24T17:20:12.28904209Z	126551	0																			
2532	2026-09-24T17:20:12.338812378Z	126601	0																			
2533	2026-09-24T17:20:12.389551311Z	126651	0																			
2534	2026-09-24T17:20:12.439219224Z	126701	0																			
2535	2026-09-24T17:20:12.488916195Z	126751	0																			
2536	2026-09-24T17:20:12.538620754Z	126800	0																			
2537	2026-09-24T17:20:12.589456912Z	126851	0																			
2538	2026-09-24T17:20:12.639278625Z	126901	0																			
2539	2026-09-24T17:20:12.689030787Z	126951	0																			
2540	2026-09-24T17:20:12.738740501Z	127000	0																			
2541	2026-09-24T17:20:12.789440533Z	127051	0																			
2542	2026-09-24T17:20:12.839162313Z	127101	0																			
2543	2026-09-24T17:20:12.888953746Z	127151	0																			
2544	2026-09-24T17:20:12.938621388Z	127200	0																			
2545	2026-09-24T17:20:12.989340593Z	127251	0																			
2546	2026-09-24T17:20:13.039042015Z	127301	0																			
2547	2026-09-24T17:20:13.088796819Z	127350	0																			
2548	2026-09-24T17:20:13.139492379Z	127401	0																			
2549	2026-09-24T17:20:13.189262591Z	127451	0																			
2550	2026-09-24T17:20:13.238967018Z	127501	0																			
2551	2026-09-24T17:20:13.288725129Z	127550	0																			
2552	2026-09-24T17:20:13.339398341Z	127601	0																			
2553	2026-09-24T17:20:13.389140244Z	127651	0																			
2554	2026-09-24T17:20:13.43888277Z	127701	0																			
2555	2026-09-24T17:20:13.489647657Z	127751	0																			
2556	2026-09-24T17:20:13.539358393Z	127801	0																			
2557	2026-09-24T17:20:13.589043814Z	127851	0																			
2558	2026-09-24T17:20:13.638865804Z	127901	0																			
2559	2026-09-24T17:20:13.689607717Z	127951	0																			
2560	2026-09-24T17:20:13.739324011Z	128001	0																			
2561	2026-09-24T17:20:13.788964688Z	128051	0																			
2562	2026-09-24T17:20:13.838614417Z	128100	0																			
2563	2026-09-24T17:20:13.889342522Z	128151	0																			
2564	2026-09-24T17:20:13.939042993Z	128201	0																			
2565	2026-09-24T17:20:13.98878038Z	128250	0																			
2566	2026-09-24T17:20:14.039517773Z	128301	0																			
2567	2026-09-24T17:20:14.089268077Z	128351	0																			
2568	2026-09-24T17:20:14.138964872Z	128401	0																			
2569	2026-09-24T17:20:14.189616244Z	128451	0																			
2570	2026-09-24T17:20:14.239338838Z	128501	0																			
2571	2026-09-24T17:20:14.289094228Z	128551	0																			
2572	2026-09-24T17:20:14.338849578Z	128601	0																			
2573	2026-09-24T17:20:14.389567101Z	128651	0																			
2574	2026-09-24T17:20:14.439319558Z	128701	0																			
2575	2026-09-24T17:20:14.489035095Z	128751	0																			
2576	2026-09-24T17:20:14.538738982Z	128800	0																			
2577	2026-09-24T17:20:14.589483119Z	128851	0																			
2578	2026-09-24T17:20:14.639214183Z	128901	0																			
2579	2026-09-24T17:20:14.688966927Z	128951	0																			
2580	2026-09-24T17:20:14.73863945Z	129000	0																			
2581	2026-09-24T17:20:14.789267781Z	129051	0																			
2582	2026-09-24T17:20:14.838964593Z	129101	0																			
2583	2026-09-24T17:20:14.888640575Z	129150	0																			
2584	2026-09-24T17:20:14.939403683Z	129201	0																			
2585	2026-09-24T17:20:14.989184089Z	129251	0																			
2586	2026-09-24T17:20:15.038893495Z	129301	0																			
2587	2026-09-24T17:20:15.089640535Z	129351	0																			
2588	2026-09-24T17:20:15.139342595Z	129401	0																			
2589	2026-09-24T17:20:15.189106076Z	129451	0																			
2590	2026-09-24T17:20:15.238819514Z	129501	0																			
2591	2026-09-24T17:20:15.289571234Z	129551	0																			
2592	2026-09-24T17:20:15.339246558Z	129601	0																			
2593	2026-09-24T17:20:15.388966392Z	129651	0																			
2594	2026-09-24T17:20:15.438641019Z	129700	0																			
2595	2026-09-24T17:20:15.489391137Z	129751	0																			
2596	2026-09-24T17:20:15.539122606Z	129801	0																			
2597	2026-09-24T17:20:15.58881291Z	129851	0																			
2598	2026-09-24T17:20:15.639493306Z	129901	0																			
2599	2026-09-24T17:20:15.689266201Z	129951	0																			
2600	2026-09-24T17:20:15.738948914Z	130001	0																			
2601	2026-09-24T17:20:15.789342686Z	130051	0																			
2602	2026-09-24T17:20:15.839044317Z	130101	0																			
2603	2026-09-24T17:20:15.888767715Z	130150	0																			
2604	2026-09-24T17:20:15.939486645Z	130201	0																			
2605	2026-09-24T17:20:15.989240165Z	130251	0																			
2606	2026-09-24T17:20:16.038965302Z	130301	0																			
2607	2026-09-24T17:20:16.089651907Z	130351	0																			
2608	2026-09-24T17:20:16.139384073Z	130401	0																			
2609	2026-09-24T17:20:16.189106766Z	130451	0																			
2610	2026-09-24T17:20:16.238814461Z	130501	0																			
2611	2026-09-24T17:20:16.289538332Z	130551	0																			
2612	2026-09-24T17:20:16.339266457Z	130601	0																			
2613	2026-09-24T17:20:16.388958075Z	130651	0																			
2614	2026-09-24T17:20:16.438617318Z	130700	0																			
2615	2026-09-24T17:20:16.489346996Z	130751	0																			
2616	2026-09-24T17:20:16.539021946Z	130801	0																			
2617	2026-09-24T17:20:16.58877058Z	130850	0																			
2618	2026-09-24T17:20:16.63949244Z	130901	0																			
2619	2026-09-24T17:20:16.68928174Z	130951	0																			
2620	2026-09-24T17:20:16.738954593Z	131001	0																			
2621	2026-09-24T17:20:16.788748083Z	131050	0																			
2622	2026-09-24T17:20:16.839470019Z	131101	0																			
2623	2026-09-24T17:20:16.889191591Z	131151	0																			
2624	2026-09-24T17:20:16.938925002Z	131201	0																			
2625	2026-09-24T17:20:16.988626775Z	131250	0																			
2626	2026-09-24T17:20:17.039357963Z	131301	0																			
2627	2026-09-24T17:20:17.089118408Z	131351	0																			
2628	2026-09-24T17:20:17.138814206Z	131401	0																			
2629	2026-09-24T17:20:17.189515998Z	131451	0																			
2630	2026-09-24T17:20:17.239255231Z	131501	0																			
2631	2026-09-24T17:20:17.289020453Z	131551	0																			
2632	2026-09-24T17:20:17.338786149Z	131600	0																			
2633	2026-09-24T17:20:17.389494261Z	131651	0																			
2634	2026-09-24T17:20:17.439219659Z	131701	0																			
2635	2026-09-24T17:20:17.488964984Z	131751	0																			
2636	2026-09-24T17:20:17.539654865Z	131801	0																			
2637	2026-09-24T17:20:17.589364597Z	131851	0																			
2638	2026-09-24T17:20:17.639086908Z	131901	0																			
2639	2026-09-24T17:20:17.68878967Z	131950	0																			
2640	2026-09-24T17:20:17.739494543Z	132001	0																			
2641	2026-09-24T17:20:17.789190256Z	132051	0																			
2642	2026-09-24T17:20:17.838879496Z	132101	0																			
2643	2026-09-24T17:20:17.889566556Z	132151	0																			
2644	2026-09-24T17:20:17.939271592Z	132201	0																			
2645	2026-09-24T17:20:17.988956634Z	132251	0																			
2646	2026-09-24T17:20:18.038612968Z	132300	0																			
2647	2026-09-24T17:20:18.089346038Z	132351	0																			
2648	2026-09-24T17:20:18.13907849Z	132401	0																			
2649	2026-09-24T17:20:18.188829948Z	132451	0																			
2650	2026-09-24T17:20:18.239572028Z	132501	0																			
2651	2026-09-24T17:20:18.289340137Z	132551	0																			
2652	2026-09-24T17:20:18.339042994Z	132601	0																			
2653	2026-09-24T17:20:18.38875892Z	132650	0																			
2654	2026-09-24T17:20:18.439469734Z	132701	0																			
2655	2026-09-24T17:20:18.489248493Z	132751	0																			
2656	2026-09-24T17:20:18.538975723Z	132801	0																			
2657	2026-09-24T17:20:18.588740476Z	132850	0																			
2658	2026-09-24T17:20:18.639463654Z	132901	0																			
2659	2026-09-24T17:20:18.689237034Z	132951	0																			
2660	2026-09-24T17:20:18.738966846Z	133001	0																			
2661	2026-09-24T17:20:18.788616208Z	133050	0																			
2662	2026-09-24T17:20:18.839346729Z	133101	0																			
2663	2026-09-24T17:20:18.889114884Z	133151	0																			
2664	2026-09-24T17:20:18.938842618Z	133201	0																			
2665	2026-09-24T17:20:18.989559496Z	133251	0																			
2666	2026-09-24T17:20:19.0392707Z	133301	0																			
2667	2026-09-24T17:20:19.089033287Z	133351	0																			
2668	2026-09-24T17:20:19.138722341Z	133400	0																			
2669	2026-09-24T17:20:19.18946504Z	133451	0																			
2670	2026-09-24T17:20:19.239190785Z	133501	0																			
2671	2026-09-24T17:20:19.288927875Z	133551	0																			
2672	2026-09-24T17:20:19.339646199Z	133601	0																			
2673	2026-09-24T17:20:19.389402892Z	133651	0																			
2674	2026-09-24T17:20:19.439110131Z	133701	0																			
2675	2026-09-24T17:20:19.488806777Z	133750	0																			
2676	2026-09-24T17:20:19.539433531Z	133801	0																			
2677	2026-09-24T17:20:19.589194771Z	133851	0																			
2678	2026-09-24T17:20:19.638888202Z	133901	0																			
2679	2026-09-24T17:20:19.689579099Z	133951	0																			
2680	2026-09-24T17:20:19.739316811Z	134001	0																			
2681	2026-09-24T17:20:19.788961783Z	134051	0																			
2682	2026-09-24T17:20:19.839645569Z	134101	0																			
2683	2026-09-24T17:20:19.889375902Z	134151	0																			
2684	2026-09-24T17:20:19.939042259Z	134201	0																			
2685	2026-09-24T17:20:19.988751372Z	134250	0																			
2686	2026-09-24T17:20:20.039420201Z	134301	0																			
2687	2026-09-24T17:20:20.089165883Z	134351	0																			
2688	2026-09-24T17:20:20.138908103Z	134401	0																			
2689	2026-09-24T17:20:20.189617889Z	134451	0																			
2690	2026-09-24T17:20:20.239339305Z	134501	0																			
2691	2026-09-24T17:20:20.289038245Z	134551	0																			
2692	2026-09-24T17:20:20.338651653Z	134600	0																			
2693	2026-09-24T17:20:20.389342329Z	134651	0																			
2694	2026-09-24T17:20:20.43896644Z	134701	0																			
2695	2026-09-24T17:20:20.488610346Z	134750	0																			
2696	2026-09-24T17:20:20.539278833Z	134801	0																			
2697	2026-09-24T17:20:20.588967161Z	134851	0																			
2698	2026-09-24T17:20:20.638597206Z	134900	0																			
2699	2026-09-24T17:20:20.689347274Z	134951	0																			
2700	2026-09-24T17:20:20.739051525Z	135001	0																			
2701	2026-09-24T17:20:20.788647052Z	135050	0																			
2702	2026-09-24T17:20:20.839352962Z	135101	0																			
2703	2026-09-24T17:20:20.889078185Z	135151	0																			
2704	2026-09-24T17:20:20.938804129Z	135200	0																			
2705	2026-09-24T17:20:20.989494312Z	135251	0																			
2706	2026-09-24T17:20:21.039193835Z	135301	0																			
2707	2026-09-24T17:20:21.088864344Z	135351	0																			
2708	2026-09-24T17:20:21.139565984Z	135401	0																			
2709	2026-09-24T17:20:21.189299584Z	135451	0																			
2710	2026-09-24T17:20:21.239031699Z	135501	0																			
2711	2026-09-24T17:20:21.288765057Z	135550	0																			
2712	2026-09-24T17:20:21.33947466Z	135601	0																			
2713	2026-09-24T17:20:21.389204378Z	135651	0																			
2714	2026-09-24T17:20:21.438902498Z	135701	0																			
2715	2026-09-24T17:20:21.489569111Z	135751	0																			
2716	2026-09-24T17:20:21.539274581Z	135801	0																			
2717	2026-09-24T17:20:21.588963312Z	135851	0																			
2718	2026-09-24T17:20:21.638628277Z	135900	0																			
2719	2026-09-24T17:20:21.689347968Z	135951	0																			
2720	2026-09-24T17:20:21.739055273Z	136001	0																			
2721	2026-09-24T17:20:21.788602105Z	136050	0																			
2722	2026-09-24T17:20:21.839319619Z	136101	0																			
2723	2026-09-24T17:20:21.889030819Z	136151	0																			
2724	2026-09-24T17:20:21.93873828Z	136200	0																			
2725	2026-09-24T17:20:21.989404058Z	136251	0																			
2726	2026-09-24T17:20:22.039102181Z	136301	0																			
2727	2026-09-24T17:20:22.088804308Z	136350	0																			
2728	2026-09-24T17:20:22.139514121Z	136401	0																			
2729	2026-09-24T17:20:22.189251841Z	136451	0																			
2730	2026-09-24T17:20:22.23894717Z	136501	0																			
2731	2026-09-24T17:20:22.288602128Z	136550	0																			
2732	2026-09-24T17:20:22.339333643Z	136601	0																			
2733	2026-09-24T17:20:22.389037461Z	136651	0																			
2734	2026-09-24T17:20:22.438737719Z	136700	0																			
2735	2026-09-24T17:20:22.489470488Z	136751	0																			
2736	2026-09-24T17:20:22.539174709Z	136801	0																			
2737	2026-09-24T17:20:22.58890498Z	136851	0																			
2738	2026-09-24T17:20:22.638603623Z	136900	0																			
2739	2026-09-24T17:20:22.689323982Z	136951	0																			
2740	2026-09-24T17:20:22.739027062Z	137001	0																			
2741	2026-09-24T17:20:22.788645507Z	137050	0																			
2742	2026-09-24T17:20:22.839344627Z	137101	0																			
2743	2026-09-24T17:20:22.889080526Z	137151	0																			
2744	2026-09-24T17:20:22.938796864Z	137200	0																			
2745	2026-09-24T17:20:22.989522509Z	137251	0																			
2746	2026-09-24T17:20:23.039252674Z	137301	0																			
2747	2026-09-24T17:20:23.089020248Z	137351	0																			
2748	2026-09-24T17:20:23.138740557Z	137400	0																			
2749	2026-09-24T17:20:23.189450835Z	137451	0																			
2750	2026-09-24T17:20:23.239173365Z	137501	0																			
2751	2026-09-24T17:20:23.288917456Z	137551	0																			
2752	2026-09-24T17:20:23.33964445Z	137601	0																			
2753	2026-09-24T17:20:23.38939045Z	137651	0																			
2754	2026-09-24T17:20:23.439097375Z	137701	0																			
2755	2026-09-24T17:20:23.488809895Z	137751	0																			
2756	2026-09-24T17:20:23.53950655Z	137801	0																			
2757	2026-09-24T17:20:23.589172842Z	137851	0																			
2758	2026-09-24T17:20:23.638888731Z	137901	0																			
2759	2026-09-24T17:20:23.689569946Z	137951	0																			
2760	2026-09-24T17:20:23.739266899Z	138001	0																			
2761	2026-09-24T17:20:23.78888704Z	138051	0																			
2762	2026-09-24T17:20:23.839574987Z	138101	0																			
2763	2026-09-24T17:20:23.889293595Z	138151	0																			
2764	2026-09-24T17:20:23.938966827Z	138201	0																			
2765	2026-09-24T17:20:23.988603675Z	138250	0																			
2766	2026-09-24T17:20:24.039268499Z	138301	0																			
2767	2026-09-24T17:20:24.088954049Z	138351	0																			
2768	2026-09-24T17:20:24.139647663Z	138401	0																			
2769	2026-09-24T17:20:24.18933983Z	138451	0																			
2770	2026-09-24T17:20:24.239050221Z	138501	0																			
2771	2026-09-24T17:20:24.28873827Z	138550	0																			
2772	2026-09-24T17:20:24.339492442Z	138601	0																			
2773	2026-09-24T17:20:24.389240008Z	138651	0																			
2774	2026-09-24T17:20:24.438865746Z	138701	0																			
2775	2026-09-24T17:20:24.488599869Z	138750	0																			
2776	2026-09-24T17:20:24.539306574Z	138801	0																			
2777	2026-09-24T17:20:24.589005547Z	138851	0																			
2778	2026-09-24T17:20:24.638735416Z	138900	0																			
2779	2026-09-24T17:20:24.689454984Z	138951	0																			
2780	2026-09-24T17:20:24.739126208Z	139001	0																			
2781	2026-09-24T17:20:24.788736924Z	139050	0																			
2782	2026-09-24T17:20:24.839441753Z	139101	0																			
2783	2026-09-24T17:20:24.889115928Z	139151	0																			
2784	2026-09-24T17:20:24.938876236Z	139201	0																			
2785	2026-09-24T17:20:24.989570683Z	139251	0																			
2786	2026-09-24T17:20:25.039268337Z	139301	0																			
2787	2026-09-24T17:20:25.088960191Z	139351	0																			
2788	2026-09-24T17:20:25.138600862Z	139400	0																			
2789	2026-09-24T17:20:25.189321228Z	139451	0																			
2790	2026-09-24T17:20:25.239032641Z	139501	0																			
2791	2026-09-24T17:20:25.288739282Z	139550	0																			
2792	2026-09-24T17:20:25.339416445Z	139601	0																			
2793	2026-09-24T17:20:25.389110129Z	139651	0																			
2794	2026-09-24T17:20:25.438814138Z	139701	0																			
2795	2026-09-24T17:20:25.48950119Z	139751	0																			
2796	2026-09-24T17:20:25.539220041Z	139801	0																			
2797	2026-09-24T17:20:25.588903384Z	139851	0																			
2798	2026-09-24T17:20:25.63957001Z	139901	0																			
2799	2026-09-24T17:20:25.689334494Z	139951	0																			
2800	2026-09-24T17:20:25.739015552Z	140001	0																			
2801	2026-09-24T17:20:25.789338319Z	140051	0																			
2802	2026-09-24T17:20:25.839040654Z	140101	0																			
2803	2026-09-24T17:20:25.888792742Z	140150	0																			
2804	2026-09-24T17:20:25.939447127Z	140201	0																			
2805	2026-09-24T17:20:25.989211818Z	140251	0																			
2806	2026-09-24T17:20:26.038891794Z	140301	0																			
2807	2026-09-24T17:20:26.089606222Z	140351	0																			
2808	2026-09-24T17:20:26.139320202Z	140401	0																			
2809	2026-09-24T17:20:26.189077702Z	140451	0																			
2810	2026-09-24T17:20:26.238795441Z	140500	0																			
2811	2026-09-24T17:20:26.28949385Z	140551	0																			
2812	2026-09-24T17:20:26.339192929Z	140601	0																			
2813	2026-09-24T17:20:26.38888959Z	140651	0																			
2814	2026-09-24T17:20:26.439568208Z	140701	0																			
2815	2026-09-24T17:20:26.48929112Z	140751	0																			
2816	2026-09-24T17:20:26.539019312Z	140801	0																			
2817	2026-09-24T17:20:26.588741666Z	140850	0																			
2818	2026-09-24T17:20:26.63945801Z	140901	0																			
2819	2026-09-24T17:20:26.689200369Z	140951	0																			
2820	2026-09-24T17:20:26.738860211Z	141001	0																			
2821	2026-09-24T17:20:26.789511053Z	141051	0																			
2822	2026-09-24T17:20:26.839190567Z	141101	0																			
2823	2026-09-24T17:20:26.888876481Z	141151	0																			
2824	2026-09-24T17:20:26.939553179Z	141201	0																			
2825	2026-09-24T17:20:26.989263604Z	141251	0																			
2826	2026-09-24T17:20:27.038966694Z	141301	0																			
2827	2026-09-24T17:20:27.088732828Z	141350	0																			
2828	2026-09-24T17:20:27.13941478Z	141401	0																			
2829	2026-09-24T17:20:27.189113527Z	141451	0																			
2830	2026-09-24T17:20:27.238818709Z	141501	0																			
2831	2026-09-24T17:20:27.289567662Z	141551	0																			
2832	2026-09-24T17:20:27.339268524Z	141601	0																			
2833	2026-09-24T17:20:27.389024552Z	141651	0																			
2834	2026-09-24T17:20:27.438735946Z	141700	0																			
2835	2026-09-24T17:20:27.48945882Z	141751	0																			
2836	2026-09-24T17:20:27.539173617Z	141801	0																			
2837	2026-09-24T17:20:27.588889164Z	141851	0																			
2838	2026-09-24T17:20:27.639608879Z	141901	0																			
2839	2026-09-24T17:20:27.689381975Z	141951	0																			
2840	2026-09-24T17:20:27.739083652Z	142001	0																			
2841	2026-09-24T17:20:27.788719671Z	142050	0																			
2842	2026-09-24T17:20:27.839408051Z	142101	0																			
2843	2026-09-24T17:20:27.889132217Z	142151	0																			
2844	2026-09-24T17:20:27.938829454Z	142201	0																			
2845	2026-09-24T17:20:27.989553438Z	142251	0																			
2846	2026-09-24T17:20:28.039269803Z	142301	0																			
2847	2026-09-24T17:20:28.089026262Z	142351	0																			
2848	2026-09-24T17:20:28.138749452Z	142400	0																			
2849	2026-09-24T17:20:28.189477472Z	142451	0																			
2850	2026-09-24T17:20:28.239248811Z	142501	0																			
2851	2026-09-24T17:20:28.288955056Z	142551	0																			
2852	2026-09-24T17:20:28.339627874Z	142601	0																			
2853	2026-09-24T17:20:28.389309395Z	142651	0																			
2854	2026-09-24T17:20:28.439038655Z	142701	0																			
2855	2026-09-24T17:20:28.488774737Z	142750	0																			
2856	2026-09-24T17:20:28.53949205Z	142801	0																			
2857	2026-09-24T17:20:28.589234635Z	142851	0																			
2858	2026-09-24T17:20:28.638891131Z	142901	0																			
2859	2026-09-24T17:20:28.689556354Z	142951	0																			
2860	2026-09-24T17:20:28.7392687Z	143001	0																			
2861	2026-09-24T17:20:28.788961719Z	143051	0																			
2862	2026-09-24T17:20:28.838627635Z	143100	0																			
2863	2026-09-24T17:20:28.889336371Z	143151	0																			
2864	2026-09-24T17:20:28.939040366Z	143201	0																			
2865	2026-09-24T17:20:28.988743428Z	143250	0																			
2866	2026-09-24T17:20:29.039422914Z	143301	0																			
2867	2026-09-24T17:20:29.089115741Z	143351	0																			
2868	2026-09-24T17:20:29.1388132Z	143401	0																			
2869	2026-09-24T17:20:29.189491329Z	143451	0																			
2870	2026-09-24T17:20:29.239195131Z	143501	0																			
2871	2026-09-24T17:20:29.288954098Z	143551	0																			
2872	2026-09-24T17:20:29.339652937Z	143601	0																			
2873	2026-09-24T17:20:29.389406712Z	143651	0																			
2874	2026-09-24T17:20:29.439055153Z	143701	0																			
2875	2026-09-24T17:20:29.488738457Z	143750	0																			
2876	2026-09-24T17:20:29.539430246Z	143801	0																			
2877	2026-09-24T17:20:29.589112619Z	143851	0																			
2878	2026-09-24T17:20:29.638813843Z	143901	0																			
2879	2026-09-24T17:20:29.68946585Z	143951	0																			
2880	2026-09-24T17:20:29.739185427Z	144001	0																			
2881	2026-09-24T17:20:29.788829135Z	144051	0																			
2882	2026-09-24T17:20:29.839471617Z	144101	0																			
2883	2026-09-24T17:20:29.889123923Z	144151	0																			
2884	2026-09-24T17:20:29.938813344Z	144201	0																			
2885	2026-09-24T17:20:29.989507012Z	144251	0																			
2886	2026-09-24T17:20:30.039190916Z	144301	0																			
2887	2026-09-24T17:20:30.088890659Z	144351	0																			
2888	2026-09-24T17:20:30.139568687Z	144401	0																			
2889	2026-09-24T17:20:30.18926747Z	144451	0																			
2890	2026-09-24T17:20:30.238967282Z	144501	0																			
2891	2026-09-24T17:20:30.288624277Z	144550	0																			
2892	2026-09-24T17:20:30.339331365Z	144601	0																			
2893	2026-09-24T17:20:30.38904081Z	144651	0																			
2894	2026-09-24T17:20:30.438740562Z	144700	0																			
2895	2026-09-24T17:20:30.489491081Z	144751	0																			
2896	2026-09-24T17:20:30.539128882Z	144801	0																			
2897	2026-09-24T17:20:30.588886781Z	144851	0																			
2898	2026-09-24T17:20:30.639570127Z	144901	0																			
2899	2026-09-24T17:20:30.689267182Z	144951	0																			
2900	2026-09-24T17:20:30.738890607Z	145001	0																			
2901	2026-09-24T17:20:30.789540001Z	145051	0																			
2902	2026-09-24T17:20:30.839192945Z	145101	0																			
2903	2026-09-24T17:20:30.888886842Z	145151	0																			
2904	2026-09-24T17:20:30.939570889Z	145201	0																			
2905	2026-09-24T17:20:30.989265602Z	145251	0																			
2906	2026-09-24T17:20:31.038963575Z	145301	0																			
2907	2026-09-24T17:20:31.088623217Z	145350	0																			
2908	2026-09-24T17:20:31.139275264Z	145401	0																			
2909	2026-09-24T17:20:31.188916018Z	145451	0																			
2910	2026-09-24T17:20:31.239632746Z	145501	0																			
2911	2026-09-24T17:20:31.28932624Z	145551	0																			
2912	2026-09-24T17:20:31.339038628Z	145601	0																			
2913	2026-09-24T17:20:31.388739279Z	145650	0																			
2914	2026-09-24T17:20:31.439414282Z	145701	0																			
2915	2026-09-24T17:20:31.48911621Z	145751	0																			
2916	2026-09-24T17:20:31.538813997Z	145801	0																			
2917	2026-09-24T17:20:31.589559537Z	145851	0																			
2918	2026-09-24T17:20:31.639352321Z	145901	0																			
2919	2026-09-24T17:20:31.689106418Z	145951	0																			
2920	2026-09-24T17:20:31.738738141Z	146000	0																			
2921	2026-09-24T17:20:31.789320025Z	146051	0																			
2922	2026-09-24T17:20:31.83902996Z	146101	0																			
2923	2026-09-24T17:20:31.888737983Z	146150	0																			
2924	2026-09-24T17:20:31.939418296Z	146201	0																			
2925	2026-09-24T17:20:31.989102388Z	146251	0																			
2926	2026-09-24T17:20:32.03878797Z	146300	0																			
2927	2026-09-24T17:20:32.089493284Z	146351	0																			
2928	2026-09-24T17:20:32.139158827Z	146401	0																			
2929	2026-09-24T17:20:32.188885176Z	146451	0																			
2930	2026-09-24T17:20:32.239569692Z	146501	0																			
2931	2026-09-24T17:20:32.289320395Z	146551	0																			
2932	2026-09-24T17:20:32.339038865Z	146601	0																			
2933	2026-09-24T17:20:32.388756125Z	146650	0																			
2934	2026-09-24T17:20:32.439490663Z	146701	0																			
2935	2026-09-24T17:20:32.489257402Z	146751	0																			
2936	2026-09-24T17:20:32.538976671Z	146801	0																			
2937	2026-09-24T17:20:32.588660038Z	146850	0																			
2938	2026-09-24T17:20:32.639325766Z	146901	0																			
2939	2026-09-24T17:20:32.689033873Z	146951	0																			
2940	2026-09-24T17:20:32.738739823Z	147000	0																			
2941	2026-09-24T17:20:32.789377256Z	147051	0																			
2942	2026-09-24T17:20:32.83904879Z	147101	0																			
2943	2026-09-24T17:20:32.888787006Z	147150	0																			
2944	2026-09-24T17:20:32.93947586Z	147201	0																			
2945	2026-09-24T17:20:32.989192361Z	147251	0																			
2946	2026-09-24T17:20:33.038891399Z	147301	0																			
2947	2026-09-24T17:20:33.089573321Z	147351	0																			
2948	2026-09-24T17:20:33.139309977Z	147401	0																			
2949	2026-09-24T17:20:33.189023627Z	147451	0																			
2950	2026-09-24T17:20:33.238756281Z	147500	0																			
2951	2026-09-24T17:20:33.289475919Z	147551	0																			
2952	2026-09-24T17:20:33.339191869Z	147601	0																			
2953	2026-09-24T17:20:33.388906199Z	147651	0																			
2954	2026-09-24T17:20:33.439636942Z	147701	0																			
2955	2026-09-24T17:20:33.489350057Z	147751	0																			
2956	2026-09-24T17:20:33.539047936Z	147801	0																			
2957	2026-09-24T17:20:33.588795218Z	147850	0																			
2958	2026-09-24T17:20:33.639498833Z	147901	0																			
2959	2026-09-24T17:20:33.68925549Z	147951	0																			
2960	2026-09-24T17:20:33.738949351Z	148001	0																			
2961	2026-09-24T17:20:33.789613604Z	148051	0																			
2962	2026-09-24T17:20:33.839260827Z	148101	0																			
2963	2026-09-24T17:20:33.888954859Z	148151	0																			
2964	2026-09-24T17:20:33.939604562Z	148201	0																			
2965	2026-09-24T17:20:33.989352185Z	148251	0																			
2966	2026-09-24T17:20:34.039040605Z	148301	0																			
2967	2026-09-24T17:20:34.088739058Z	148350	0																			
2968	2026-09-24T17:20:34.139467201Z	148401	0																			
2969	2026-09-24T17:20:34.189244826Z	148451	0																			
2970	2026-09-24T17:20:34.238916976Z	148501	0																			
2971	2026-09-24T17:20:34.289652212Z	148551	0																			
2972	2026-09-24T17:20:34.339406218Z	148601	0																			
2973	2026-09-24T17:20:34.389111303Z	148651	0																			
2974	2026-09-24T17:20:34.438814345Z	148701	0																			
2975	2026-09-24T17:20:34.48949622Z	148751	0																			
2976	2026-09-24T17:20:34.539201214Z	148801	0																			
2977	2026-09-24T17:20:34.588929864Z	148851	0																			
2978	2026-09-24T17:20:34.639570083Z	148901	0																			
2979	2026-09-24T17:20:34.689316787Z	148951	0																			
2980	2026-09-24T17:20:34.739001739Z	149001	0																			
2981	2026-09-24T17:20:34.78962101Z	149051	0																			
2982	2026-09-24T17:20:34.839323936Z	149101	0																			
2983	2026-09-24T17:20:34.889032015Z	149151	0																			
2984	2026-09-24T17:20:34.938738238Z	149200	0																			
2985	2026-09-24T17:20:34.989399659Z	149251	0																			
2986	2026-09-24T17:20:35.039073098Z	149301	0																			
2987	2026-09-24T17:20:35.088814676Z	149351	0																			
2988	2026-09-24T17:20:35.139533699Z	149401	0																			
2989	2026-09-24T17:20:35.189267261Z	149451	0																			
2990	2026-09-24T17:20:35.238983945Z	149501	0																			
2991	2026-09-24T17:20:35.288717112Z	149550	0																			
2992	2026-09-24T17:20:35.339418835Z	149601	0																			
2993	2026-09-24T17:20:35.389154175Z	149651	0																			
2994	2026-09-24T17:20:35.438834507Z	149701	0																			
2995	2026-09-24T17:20:35.489570481Z	149751	0																			
2996	2026-09-24T17:20:35.539256695Z	149801	0																			
2997	2026-09-24T17:20:35.588932377Z	149851	0																			
2998	2026-09-24T17:20:35.639569536Z	149901	0																			
2999	2026-09-24T17:20:35.689319755Z	149951	0																			
3000	2026-09-24T17:20:35.739041406Z	150001	0																			
3001	2026-09-24T17:20:35.789426847Z	150051	0																			
3002	2026-09-24T17:20:35.839114029Z	150101	0																			
3003	2026-09-24T17:20:35.888821204Z	150151	0																			
3004	2026-09-24T17:20:35.939493623Z	150201	0																			
3005	2026-09-24T17:20:35.989202422Z	150251	0																			
3006	2026-09-24T17:20:36.038889094Z	150301	0																			
3007	2026-09-24T17:20:36.089625103Z	150351	0																			
3008	2026-09-24T17:20:36.139342239Z	150401	0																			
3009	2026-09-24T17:20:36.189034216Z	150451	0																			
3010	2026-09-24T17:20:36.238776033Z	150500	0																			
3011	2026-09-24T17:20:36.289539614Z	150551	0																			
3012	2026-09-24T17:20:36.33927017Z	150601	0																			
3013	2026-09-24T17:20:36.388959173Z	150651	0																			
3014	2026-09-24T17:20:36.438621482Z	150700	0																			
3015	2026-09-24T17:20:36.489314447Z	150751	0																			
3016	2026-09-24T17:20:36.539056942Z	150801	0																			
3017	2026-09-24T17:20:36.588812427Z	150851	0																			
3018	2026-09-24T17:20:36.639565305Z	150901	0																			
3019	2026-09-24T17:20:36.689339308Z	150951	0																			
3020	2026-09-24T17:20:36.739045312Z	151001	0																			
3021	2026-09-24T17:20:36.788721371Z	151050	0																			
3022	2026-09-24T17:20:36.839431172Z	151101	0																			
3023	2026-09-24T17:20:36.889175314Z	151151	0																			
3024	2026-09-24T17:20:36.93887697Z	151201	0																			
3025	2026-09-24T17:20:36.98962912Z	151251	0																			
3026	2026-09-24T17:20:37.039332776Z	151301	0																			
3027	2026-09-24T17:20:37.089097194Z	151351	0																			
3028	2026-09-24T17:20:37.138813485Z	151401	0																			
3029	2026-09-24T17:20:37.189574468Z	151451	0																			
3030	2026-09-24T17:20:37.239368935Z	151501	0																			
3031	2026-09-24T17:20:37.289113067Z	151551	0																			
3032	2026-09-24T17:20:37.338737769Z	151600	0																			
3033	2026-09-24T17:20:37.389437257Z	151651	0																			
3034	2026-09-24T17:20:37.439119066Z	151701	0																			
3035	2026-09-24T17:20:37.488816387Z	151751	0																			
3036	2026-09-24T17:20:37.539495036Z	151801	0																			
3037	2026-09-24T17:20:37.589193378Z	151851	0																			
3038	2026-09-24T17:20:37.638934807Z	151901	0																			
3039	2026-09-24T17:20:37.688608934Z	151950	0																			
3040	2026-09-24T17:20:37.739323831Z	152001	0																			
3041	2026-09-24T17:20:37.788957539Z	152051	0																			
3042	2026-09-24T17:20:37.839625011Z	152101	0																			
3043	2026-09-24T17:20:37.889332497Z	152151	0																			
3044	2026-09-24T17:20:37.938966029Z	152201	0																			
3045	2026-09-24T17:20:37.988623097Z	152250	0																			
3046	2026-09-24T17:20:38.039316344Z	152301	0																			
3047	2026-09-24T17:20:38.089025059Z	152351	0																			
3048	2026-09-24T17:20:38.138658734Z	152400	0																			
3049	2026-09-24T17:20:38.189305202Z	152451	0																			
3050	2026-09-24T17:20:38.239045603Z	152501	0																			
3051	2026-09-24T17:20:38.288737867Z	152550	0																			
3052	2026-09-24T17:20:38.339414549Z	152601	0																			
3053	2026-09-24T17:20:38.389114244Z	152651	0																			
3054	2026-09-24T17:20:38.438814754Z	152701	0																			
3055	2026-09-24T17:20:38.48949245Z	152751	0																			
3056	2026-09-24T17:20:38.539200844Z	152801	0																			
3057	2026-09-24T17:20:38.58887904Z	152851	0																			
3058	2026-09-24T17:20:38.639570516Z	152901	0																			
3059	2026-09-24T17:20:38.689265864Z	152951	0																			
3060	2026-09-24T17:20:38.738997004Z	153001	0																			
3061	2026-09-24T17:20:38.788599497Z	153050	0																			
3062	2026-09-24T17:20:38.839323759Z	153101	0																			
3063	2026-09-24T17:20:38.889028094Z	153151	0																			
3064	2026-09-24T17:20:38.938734851Z	153200	0																			
3065	2026-09-24T17:20:38.989415299Z	153251	0																			
3066	2026-09-24T17:20:39.039127458Z	153301	0																			
3067	2026-09-24T17:20:39.088764246Z	153350	0																			
3068	2026-09-24T17:20:39.139489561Z	153401	0																			
3069	2026-09-24T17:20:39.189235498Z	153451	0																			
3070	2026-09-24T17:20:39.238968139Z	153501	0																			
3071	2026-09-24T17:20:39.288719861Z	153550	0																			
3072	2026-09-24T17:20:39.339428362Z	153601	0																			
3073	2026-09-24T17:20:39.389181806Z	153651	0																			
3074	2026-09-24T17:20:39.438884774Z	153701	0																			
3075	2026-09-24T17:20:39.489639642Z	153751	0																			
3076	2026-09-24T17:20:39.53928386Z	153801	0																			
3077	2026-09-24T17:20:39.589019598Z	153851	0																			
3078	2026-09-24T17:20:39.638633614Z	153900	0																			
3079	2026-09-24T17:20:39.689328019Z	153951	0																			
3080	2026-09-24T17:20:39.739089849Z	154001	0																			
3081	2026-09-24T17:20:39.788856056Z	154051	0																			
3082	2026-09-24T17:20:39.839623745Z	154101	0																			
3083	2026-09-24T17:20:39.889422476Z	154151	0																			
3084	2026-09-24T17:20:39.939197222Z	154201	0																			
3085	2026-09-24T17:20:39.988929458Z	154251	0																			
3086	2026-09-24T17:20:40.039650179Z	154301	0																			
3087	2026-09-24T17:20:40.089420781Z	154351	0																			
3088	2026-09-24T17:20:40.139193718Z	154401	0																			
3089	2026-09-24T17:20:40.188963988Z	154451	0																			
3090	2026-09-24T17:20:40.238732392Z	154500	0																			
3091	2026-09-24T17:20:40.289495638Z	154551	0																			
3092	2026-09-24T17:20:40.339265521Z	154601	0																			
3093	2026-09-24T17:20:40.389089592Z	154651	0																			
3094	2026-09-24T17:20:40.438813372Z	154701	0																			
3095	2026-09-24T17:20:40.488634611Z	154750	0																			
3096	2026-09-24T17:20:40.539489652Z	154801	0																			
3097	2026-09-24T17:20:40.589326217Z	154851	0																			
3098	2026-09-24T17:20:40.639096184Z	154901	0																			
3099	2026-09-24T17:20:40.688889589Z	154951	0																			
3100	2026-09-24T17:20:40.738605896Z	155000	0																			
3101	2026-09-24T17:20:40.789379083Z	155051	0																			
3102	2026-09-24T17:20:40.839117201Z	155101	0																			
3103	2026-09-24T17:20:40.888885131Z	155151	0																			
3104	2026-09-24T17:20:40.939653006Z	155201	0																			
3105	2026-09-24T17:20:40.989419292Z	155251	0																			
3106	2026-09-24T17:20:41.039170727Z	155301	0																			
3107	2026-09-24T17:20:41.088892541Z	155351	0																			
3108	2026-09-24T17:20:41.139649857Z	155401	0																			
3109	2026-09-24T17:20:41.189446864Z	155451	0																			
3110	2026-09-24T17:20:41.239182165Z	155501	0																			
3111	2026-09-24T17:20:41.288960722Z	155551	0																			
3112	2026-09-24T17:20:41.33873379Z	155600	0																			
3113	2026-09-24T17:20:41.389498728Z	155651	0																			
3114	2026-09-24T17:20:41.439256697Z	155701	0																			
3115	2026-09-24T17:20:41.489034945Z	155751	0																			
3116	2026-09-24T17:20:41.538800001Z	155800	0																			
3117	2026-09-24T17:20:41.58962489Z	155851	0																			
3118	2026-09-24T17:20:41.639494694Z	155901	0																			
3119	2026-09-24T17:20:41.689269245Z	155951	0																			
3120	2026-09-24T17:20:41.739036113Z	156001	0																			
3121	2026-09-24T17:20:41.788788031Z	156050	0																			
3122	2026-09-24T17:20:41.839496563Z	156101	0																			
3123	2026-09-24T17:20:41.889277305Z	156151	0																			
3124	2026-09-24T17:20:41.939043258Z	156201	0																			
3125	2026-09-24T17:20:41.988755907Z	156250	0																			
3126	2026-09-24T17:20:42.039500606Z	156301	0																			
3127	2026-09-24T17:20:42.089276697Z	156351	0																			
3128	2026-09-24T17:20:42.139042382Z	156401	0																			
3129	2026-09-24T17:20:42.188835414Z	156451	0																			
3130	2026-09-24T17:20:42.239567983Z	156501	0																			
3131	2026-09-24T17:20:42.289347587Z	156551	0																			
3132	2026-09-24T17:20:42.339083254Z	156601	0																			
3133	2026-09-24T17:20:42.388843733Z	156651	0																			
3134	2026-09-24T17:20:42.4396444Z	156701	0																			
3135	2026-09-24T17:20:42.489454057Z	156751	0																			
3136	2026-09-24T17:20:42.539204705Z	156801	0																			
3137	2026-09-24T17:20:42.589030303Z	156851	0																			
3138	2026-09-24T17:20:42.638802174Z	156900	0																			
3139	2026-09-24T17:20:42.689562564Z	156951	0																			
3140	2026-09-24T17:20:42.739271823Z	157001	0																			
3141	2026-09-24T17:20:42.788963764Z	157051	0																			
3142	2026-09-24T17:20:42.838736586Z	157100	0																			
3143	2026-09-24T17:20:42.889414892Z	157151	0																			
3144	2026-09-24T17:20:42.939119228Z	157201	0																			
3145	2026-09-24T17:20:42.988834621Z	157251	0																			
3146	2026-09-24T17:20:43.039545926Z	157301	0																			
3147	2026-09-24T17:20:43.089232125Z	157351	0																			
3148	2026-09-24T17:20:43.138966248Z	157401	0																			
3149	2026-09-24T17:20:43.188628601Z	157450	0																			
3150	2026-09-24T17:20:43.239365948Z	157501	0																			
3151	2026-09-24T17:20:43.289117116Z	157551	0																			
3152	2026-09-24T17:20:43.338798794Z	157600	0																			
3153	2026-09-24T17:20:43.389566967Z	157651	0																			
3154	2026-09-24T17:20:43.439281188Z	157701	0																			
3155	2026-09-24T17:20:43.489022216Z	157751	0																			
3156	2026-09-24T17:20:43.538656251Z	157800	0																			
3157	2026-09-24T17:20:43.589340538Z	157851	0																			
3158	2026-09-24T17:20:43.639090811Z	157901	0																			
3159	2026-09-24T17:20:43.688802822Z	157950	0																			
3160	2026-09-24T17:20:43.7395321Z	158001	0																			
3161	2026-09-24T17:20:43.78921065Z	158051	0																			
3162	2026-09-24T17:20:43.838867124Z	158101	0																			
3163	2026-09-24T17:20:43.889568573Z	158151	0																			
3164	2026-09-24T17:20:43.93923122Z	158201	0																			
3165	2026-09-24T17:20:43.988957474Z	158251	0																			
3166	2026-09-24T17:20:44.039641951Z	158301	0																			
3167	2026-09-24T17:20:44.089376852Z	158351	0																			
3168	2026-09-24T17:20:44.139088015Z	158401	0																			
3169	2026-09-24T17:20:44.188802043Z	158450	0																			
3170	2026-09-24T17:20:44.239497886Z	158501	0																			
3171	2026-09-24T17:20:44.289265549Z	158551	0																			
3172	2026-09-24T17:20:44.339005546Z	158601	0																			
3173	2026-09-24T17:20:44.388738492Z	158650	0																			
3174	2026-09-24T17:20:44.439426242Z	158701	0																			
3175	2026-09-24T17:20:44.489174795Z	158751	0																			
3176	2026-09-24T17:20:44.538894559Z	158801	0																			
3177	2026-09-24T17:20:44.589617394Z	158851	0																			
3178	2026-09-24T17:20:44.639334379Z	158901	0																			
3179	2026-09-24T17:20:44.689040168Z	158951	0																			
3180	2026-09-24T17:20:44.738771855Z	159000	0																			
3181	2026-09-24T17:20:44.789493905Z	159051	0																			
3182	2026-09-24T17:20:44.83919024Z	159101	0																			
3183	2026-09-24T17:20:44.888891797Z	159151	0																			
3184	2026-09-24T17:20:44.939646576Z	159201	0																			
3185	2026-09-24T17:20:44.989421616Z	159251	0																			
3186	2026-09-24T17:20:45.039176236Z	159301	0																			
3187	2026-09-24T17:20:45.088918676Z	159351	0																			
3188	2026-09-24T17:20:45.138619658Z	159400	0																			
3189	2026-09-24T17:20:45.189371353Z	159451	0																			
3190	2026-09-24T17:20:45.239141619Z	159501	0																			
3191	2026-09-24T17:20:45.288891297Z	159551	0																			
3192	2026-09-24T17:20:45.339622142Z	159601	0																			
3193	2026-09-24T17:20:45.3893811Z	159651	0																			
3194	2026-09-24T17:20:45.439114585Z	159701	0																			
3195	2026-09-24T17:20:45.48881574Z	159751	0																			
3196	2026-09-24T17:20:45.53957814Z	159801	0																			
3197	2026-09-24T17:20:45.589436033Z	159851	0																			
3198	2026-09-24T17:20:45.639247721Z	159901	0																			
3199	2026-09-24T17:20:45.689020967Z	159951	0																			
3200	2026-09-24T17:20:45.738720828Z	160000	0																			
3201	2026-09-24T17:20:45.789116454Z	160051	0																			
3202	2026-09-24T17:20:45.838820251Z	160101	0																			
3203	2026-09-24T17:20:45.889555525Z	160151	0																			
3204	2026-09-24T17:20:45.939322018Z	160201	0																			
3205	2026-09-24T17:20:45.989041052Z	160251	0																			
3206	2026-09-24T17:20:46.038800252Z	160300	0																			
3207	2026-09-24T17:20:46.089538442Z	160351	0																			
3208	2026-09-24T17:20:46.139205178Z	160401	0																			
3209	2026-09-24T17:20:46.188956275Z	160451	0																			
3210	2026-09-24T17:20:46.238624937Z	160500	0																			
3211	2026-09-24T17:20:46.289375568Z	160551	0																			
3212	2026-09-24T17:20:46.339124737Z	160601	0																			
3213	2026-09-24T17:20:46.388873501Z	160651	0																			
3214	2026-09-24T17:20:46.439621996Z	160701	0																			
3215	2026-09-24T17:20:46.489417822Z	160751	0																			
3216	2026-09-24T17:20:46.53914783Z	160801	0																			
3217	2026-09-24T17:20:46.588887032Z	160851	0																			
3218	2026-09-24T17:20:46.639621106Z	160901	0																			
3219	2026-09-24T17:20:46.689376356Z	160951	0																			
3220	2026-09-24T17:20:46.739116218Z	161001	0																			
3221	2026-09-24T17:20:46.788779212Z	161050	0																			
3222	2026-09-24T17:20:46.839485377Z	161101	0																			
3223	2026-09-24T17:20:46.88924746Z	161151	0																			
3224	2026-09-24T17:20:46.939013451Z	161201	0																			
3225	2026-09-24T17:20:46.988723683Z	161250	0																			
3226	2026-09-24T17:20:47.039476116Z	161301	0																			
3227	2026-09-24T17:20:47.089257617Z	161351	0																			
3228	2026-09-24T17:20:47.138964071Z	161401	0																			
3229	2026-09-24T17:20:47.188653529Z	161450	0																			
3230	2026-09-24T17:20:47.239398066Z	161501	0																			
3231	2026-09-24T17:20:47.289194562Z	161551	0																			
3232	2026-09-24T17:20:47.338963349Z	161601	0																			
3233	2026-09-24T17:20:47.388632908Z	161650	0																			
3234	2026-09-24T17:20:47.439342753Z	161701	0																			
3235	2026-09-24T17:20:47.489122214Z	161751	0																			
3236	2026-09-24T17:20:47.53881602Z	161801	0																			
3237	2026-09-24T17:20:47.589493377Z	161851	0																			
3238	2026-09-24T17:20:47.639215927Z	161901	0																			
3239	2026-09-24T17:20:47.688953538Z	161951	0																			
3240	2026-09-24T17:20:47.738655093Z	162000	0																			
3241	2026-09-24T17:20:47.789377006Z	162051	0																			
3242	2026-09-24T17:20:47.839121635Z	162101	0																			
3243	2026-09-24T17:20:47.888816364Z	162151	0																			
3244	2026-09-24T17:20:47.939558508Z	162201	0																			
3245	2026-09-24T17:20:47.989338538Z	162251	0																			
3246	2026-09-24T17:20:48.039069257Z	162301	0																			
3247	2026-09-24T17:20:48.088815357Z	162351	0																			
3248	2026-09-24T17:20:48.139567427Z	162401	0																			
3249	2026-09-24T17:20:48.189330371Z	162451	0																			
3250	2026-09-24T17:20:48.239060029Z	162501	0																			
3251	2026-09-24T17:20:48.288819635Z	162551	0																			
3252	2026-09-24T17:20:48.339529055Z	162601	0																			
3253	2026-09-24T17:20:48.389304013Z	162651	0																			
3254	2026-09-24T17:20:48.439073781Z	162701	0																			
3255	2026-09-24T17:20:48.488813618Z	162751	0																			
3256	2026-09-24T17:20:48.539586353Z	162801	0																			
3257	2026-09-24T17:20:48.589340334Z	162851	0																			
3258	2026-09-24T17:20:48.639039574Z	162901	0																			
3259	2026-09-24T17:20:48.688729048Z	162950	0																			
3260	2026-09-24T17:20:48.739371086Z	163001	0																			
3261	2026-09-24T17:20:48.789036779Z	163051	0																			
3262	2026-09-24T17:20:48.838738142Z	163100	0																			
3263	2026-09-24T17:20:48.889399203Z	163151	0																			
3264	2026-09-24T17:20:48.939117308Z	163201	0																			
3265	2026-09-24T17:20:48.988853289Z	163251	0																			
3266	2026-09-24T17:20:49.039572078Z	163301	0																			
3267	2026-09-24T17:20:49.089281992Z	163351	0																			
3268	2026-09-24T17:20:49.138964596Z	163401	0																			
3269	2026-09-24T17:20:49.188605056Z	163450	0																			
3270	2026-09-24T17:20:49.23932996Z	163501	0																			
3271	2026-09-24T17:20:49.288969803Z	163551	0																			
3272	2026-09-24T17:20:49.338618324Z	163600	0																			
3273	2026-09-24T17:20:49.389323821Z	163651	0																			
3274	2026-09-24T17:20:49.439024795Z	163701	0																			
3275	2026-09-24T17:20:49.488720194Z	163750	0																			
3276	2026-09-24T17:20:49.539403057Z	163801	0																			
3277	2026-09-24T17:20:49.589111717Z	163851	0																			
3278	2026-09-24T17:20:49.638856094Z	163901	0																			
3279	2026-09-24T17:20:49.689567424Z	163951	0																			
3280	2026-09-24T17:20:49.739267509Z	164001	0																			
3281	2026-09-24T17:20:49.788918294Z	164051	0																			
3282	2026-09-24T17:20:49.839571757Z	164101	0																			
3283	2026-09-24T17:20:49.889318089Z	164151	0																			
3284	2026-09-24T17:20:49.939027379Z	164201	0																			
3285	2026-09-24T17:20:49.988739827Z	164250	0																			
3286	2026-09-24T17:20:50.03941749Z	164301	0																			
3287	2026-09-24T17:20:50.089168431Z	164351	0																			
3288	2026-09-24T17:20:50.138888342Z	164401	0																			
3289	2026-09-24T17:20:50.189541087Z	164451	0																			
3290	2026-09-24T17:20:50.239263042Z	164501	0																			
3291	2026-09-24T17:20:50.288953699Z	164551	0																			
3292	2026-09-24T17:20:50.338639248Z	164600	0																			
3293	2026-09-24T17:20:50.389333333Z	164651	0																			
3294	2026-09-24T17:20:50.438962015Z	164701	0																			
3295	2026-09-24T17:20:50.488616535Z	164750	0																			
3296	2026-09-24T17:20:50.539279357Z	164801	0																			
3297	2026-09-24T17:20:50.588962661Z	164851	0																			
3298	2026-09-24T17:20:50.639617843Z	164901	0																			
3299	2026-09-24T17:20:50.689320639Z	164951	0																			
3300	2026-09-24T17:20:50.738964954Z	165001	0																			
3301	2026-09-24T17:20:50.78953401Z	165051	0																			
3302	2026-09-24T17:20:50.839191764Z	165101	0																			
3303	2026-09-24T17:20:50.888899895Z	165151	0																			
3304	2026-09-24T17:20:50.939567338Z	165201	0																			
3305	2026-09-24T17:20:50.989295147Z	165251	0																			
3306	2026-09-24T17:20:51.038966638Z	165301	0																			
3307	2026-09-24T17:20:51.088620582Z	165350	0																			
3308	2026-09-24T17:20:51.139317857Z	165401	0																			
3309	2026-09-24T17:20:51.188960879Z	165451	0																			
3310	2026-09-24T17:20:51.238602061Z	165500	0																			
3311	2026-09-24T17:20:51.289308154Z	165551	0																			
3312	2026-09-24T17:20:51.339001105Z	165601	0																			
3313	2026-09-24T17:20:51.388633313Z	165650	0																			
3314	2026-09-24T17:20:51.439374942Z	165701	0																			
3315	2026-09-24T17:20:51.489040416Z	165751	0																			
3316	2026-09-24T17:20:51.538736462Z	165800	0																			
3317	2026-09-24T17:20:51.589485571Z	165851	0																			
3318	2026-09-24T17:20:51.639187202Z	165901	0																			
3319	2026-09-24T17:20:51.688882362Z	165951	0																			
3320	2026-09-24T17:20:51.739534903Z	166001	0																			
3321	2026-09-24T17:20:51.789189179Z	166051	0																			
3322	2026-09-24T17:20:51.838879669Z	166101	0																			
3323	2026-09-24T17:20:51.889495511Z	166151	0																			
3324	2026-09-24T17:20:51.939187463Z	166201	0																			
3325	2026-09-24T17:20:51.988902517Z	166251	0																			
3326	2026-09-24T17:20:52.03963653Z	166301	0																			
3327	2026-09-24T17:20:52.089411149Z	166351	0																			
3328	2026-09-24T17:20:52.13911696Z	166401	0																			
3329	2026-09-24T17:20:52.188841762Z	166451	0																			
3330	2026-09-24T17:20:52.239525829Z	166501	0																			
3331	2026-09-24T17:20:52.289266485Z	166551	0																			
3332	2026-09-24T17:20:52.338966061Z	166601	0																			
3333	2026-09-24T17:20:52.388641317Z	166650	0																			
3334	2026-09-24T17:20:52.439354506Z	166701	0																			
3335	2026-09-24T17:20:52.489118826Z	166751	0																			
3336	2026-09-24T17:20:52.538845592Z	166801	0																			
3337	2026-09-24T17:20:52.589644518Z	166851	0																			
3338	2026-09-24T17:20:52.639397965Z	166901	0																			
3339	2026-09-24T17:20:52.689118292Z	166951	0																			
3340	2026-09-24T17:20:52.738874751Z	167001	0																			
3341	2026-09-24T17:20:52.789570452Z	167051	0																			
3342	2026-09-24T17:20:52.839329376Z	167101	0																			
3343	2026-09-24T17:20:52.889098481Z	167151	0																			
3344	2026-09-24T17:20:52.938847398Z	167201	0																			
3345	2026-09-24T17:20:52.989591494Z	167251	0																			
3346	2026-09-24T17:20:53.039370801Z	167301	0																			
3347	2026-09-24T17:20:53.089120039Z	167351	0																			
3348	2026-09-24T17:20:53.138872485Z	167401	0																			
3349	2026-09-24T17:20:53.189573782Z	167451	0																			
3350	2026-09-24T17:20:53.239329148Z	167501	0																			
3351	2026-09-24T17:20:53.289093016Z	167551	0																			
3352	2026-09-24T17:20:53.338817531Z	167601	0																			
3353	2026-09-24T17:20:53.389568237Z	167651	0																			
3354	2026-09-24T17:20:53.439283567Z	167701	0																			
3355	2026-09-24T17:20:53.48902009Z	167751	0																			
3356	2026-09-24T17:20:53.538618721Z	167800	0																			
3357	2026-09-24T17:20:53.589492047Z	167851	0																			
3358	2026-09-24T17:20:53.639252823Z	167901	0																			
3359	2026-09-24T17:20:53.689019749Z	167951	0																			
3360	2026-09-24T17:20:53.738757115Z	168000	0																			
3361	2026-09-24T17:20:53.789483251Z	168051	0																			
3362	2026-09-24T17:20:53.839148167Z	168101	0																			
3363	2026-09-24T17:20:53.888888468Z	168151	0																			
3364	2026-09-24T17:20:53.939619171Z	168201	0																			
3365	2026-09-24T17:20:53.98935478Z	168251	0																			
3366	2026-09-24T17:20:54.03904155Z	168301	0																			
3367	2026-09-24T17:20:54.088796636Z	168350	0																			
3368	2026-09-24T17:20:54.139455793Z	168401	0																			
3369	2026-09-24T17:20:54.18920665Z	168451	0																			
3370	2026-09-24T17:20:54.238951811Z	168501	0																			
3371	2026-09-24T17:20:54.288639954Z	168550	0																			
3372	2026-09-24T17:20:54.339341591Z	168601	0																			
3373	2026-09-24T17:20:54.3890281Z	168651	0																			
3374	2026-09-24T17:20:54.438729152Z	168700	0																			
3375	2026-09-24T17:20:54.489467868Z	168751	0																			
3376	2026-09-24T17:20:54.539185569Z	168801	0																			
3377	2026-09-24T17:20:54.588881541Z	168851	0																			
3378	2026-09-24T17:20:54.639494047Z	168901	0																			
3379	2026-09-24T17:20:54.68917562Z	168951	0																			
3380	2026-09-24T17:20:54.738886136Z	169001	0																			
3381	2026-09-24T17:20:54.789553137Z	169051	0																			
3382	2026-09-24T17:20:54.839267759Z	169101	0																			
3383	2026-09-24T17:20:54.888956358Z	169151	0																			
3384	2026-09-24T17:20:54.938610967Z	169200	0																			
3385	2026-09-24T17:20:54.989320326Z	169251	0																			
3386	2026-09-24T17:20:55.039029646Z	169301	0																			
3387	2026-09-24T17:20:55.088739351Z	169350	0																			
3388	2026-09-24T17:20:55.139457906Z	169401	0																			
3389	2026-09-24T17:20:55.189154616Z	169451	0																			
3390	2026-09-24T17:20:55.23888711Z	169501	0																			
3391	2026-09-24T17:20:55.28957807Z	169551	0																			
3392	2026-09-24T17:20:55.339319103Z	169601	0																			
3393	2026-09-24T17:20:55.389035656Z	169651	0																			
3394	2026-09-24T17:20:55.438741356Z	169700	0																			
3395	2026-09-24T17:20:55.489482595Z	169751	0																			
3396	2026-09-24T17:20:55.539190436Z	169801	0																			
3397	2026-09-24T17:20:55.588929685Z	169851	0																			
3398	2026-09-24T17:20:55.639645516Z	169901	0																			
3399	2026-09-24T17:20:55.689376696Z	169951	0																			
3400	2026-09-24T17:20:55.739059135Z	170001	0																			
3401	2026-09-24T17:20:55.789415224Z	170051	0																			
3402	2026-09-24T17:20:55.838670978Z	170100	0																			
3403	2026-09-24T17:20:55.889422296Z	170151	0																			
3404	2026-09-24T17:20:55.939144694Z	170201	0																			
3405	2026-09-24T17:20:55.988859769Z	170251	0																			
3406	2026-09-24T17:20:56.039570225Z	170301	0																			
3407	2026-09-24T17:20:56.089299022Z	170351	0																			
3408	2026-09-24T17:20:56.138960739Z	170401	0																			
3409	2026-09-24T17:20:56.189644153Z	170451	0																			
3410	2026-09-24T17:20:56.239343775Z	170501	0																			
3411	2026-09-24T17:20:56.289033735Z	170551	0																			
3412	2026-09-24T17:20:56.338737246Z	170600	0																			
3413	2026-09-24T17:20:56.389415215Z	170651	0																			
3414	2026-09-24T17:20:56.439075501Z	170701	0																			
3415	2026-09-24T17:20:56.488725883Z	170750	0																			
3416	2026-09-24T17:20:56.539478681Z	170801	0																			
3417	2026-09-24T17:20:56.589190725Z	170851	0																			
3418	2026-09-24T17:20:56.638909395Z	170901	0																			
3419	2026-09-24T17:20:56.689619781Z	170951	0																			
3420	2026-09-24T17:20:56.739343649Z	171001	0																			
3421	2026-09-24T17:20:56.789040285Z	171051	0																			
3422	2026-09-24T17:20:56.83876434Z	171100	0																			
3423	2026-09-24T17:20:56.889488193Z	171151	0																			
3424	2026-09-24T17:20:56.939267078Z	171201	0																			
3425	2026-09-24T17:20:56.989019547Z	171251	0																			
3426	2026-09-24T17:20:57.038737454Z	171300	0																			
3427	2026-09-24T17:20:57.089461135Z	171351	0																			
3428	2026-09-24T17:20:57.139197152Z	171401	0																			
3429	2026-09-24T17:20:57.188919863Z	171451	0																			
3430	2026-09-24T17:20:57.23861539Z	171500	0																			
3431	2026-09-24T17:20:57.289340968Z	171551	0																			
3432	2026-09-24T17:20:57.339040539Z	171601	0																			
3433	2026-09-24T17:20:57.388755143Z	171650	0																			
3434	2026-09-24T17:20:57.439453536Z	171701	0																			
3435	2026-09-24T17:20:57.489173635Z	171751	0																			
3436	2026-09-24T17:20:57.53887618Z	171801	0																			
3437	2026-09-24T17:20:57.589558139Z	171851	0																			
3438	2026-09-24T17:20:57.6392635Z	171901	0																			
3439	2026-09-24T17:20:57.688950506Z	171951	0																			
3440	2026-09-24T17:20:57.738603428Z	172000	0																			
3441	2026-09-24T17:20:57.789255501Z	172051	0																			
3442	2026-09-24T17:20:57.83896533Z	172101	0																			
3443	2026-09-24T17:20:57.888625168Z	172150	0																			
3444	2026-09-24T17:20:57.939303136Z	172201	0																			
3445	2026-09-24T17:20:57.989034435Z	172251	0																			
3446	2026-09-24T17:20:58.038657503Z	172300	0																			
3447	2026-09-24T17:20:58.08934392Z	172351	0																			
3448	2026-09-24T17:20:58.139057235Z	172401	0																			
3449	2026-09-24T17:20:58.188780276Z	172450	0																			
3450	2026-09-24T17:20:58.239464731Z	172501	0																			
3451	2026-09-24T17:20:58.289228296Z	172551	0																			
3452	2026-09-24T17:20:58.338952372Z	172601	0																			
3453	2026-09-24T17:20:58.388596407Z	172650	0																			
3454	2026-09-24T17:20:58.439316691Z	172701	0																			
3455	2026-09-24T17:20:58.489024579Z	172751	0																			
3456	2026-09-24T17:20:58.538779609Z	172800	0																			
3457	2026-09-24T17:20:58.589542896Z	172851	0																			
3458	2026-09-24T17:20:58.639273529Z	172901	0																			
3459	2026-09-24T17:20:58.689029183Z	172951	0																			
3460	2026-09-24T17:20:58.738762589Z	173000	0																			
3461	2026-09-24T17:20:58.789422407Z	173051	0																			
3462	2026-09-24T17:20:58.83914275Z	173101	0																			
3463	2026-09-24T17:20:58.888882255Z	173151	0																			
3464	2026-09-24T17:20:58.939571064Z	173201	0																			
3465	2026-09-24T17:20:58.989313087Z	173251	0																			
3466	2026-09-24T17:20:59.039025057Z	173301	0																			
3467	2026-09-24T17:20:59.088734703Z	173350	0																			
3468	2026-09-24T17:20:59.13943028Z	173401	0																			
3469	2026-09-24T17:20:59.189113666Z	173451	0																			
3470	2026-09-24T17:20:59.238816673Z	173501	0																			
3471	2026-09-24T17:20:59.289541142Z	173551	0																			
3472	2026-09-24T17:20:59.339265364Z	173601	0																			
3473	2026-09-24T17:20:59.388955143Z	173651	0																			
3474	2026-09-24T17:20:59.439647894Z	173701	0																			
3475	2026-09-24T17:20:59.489339921Z	173751	0																			
3476	2026-09-24T17:20:59.53904282Z	173801	0																			
3477	2026-09-24T17:20:59.588728423Z	173850	0																			
3478	2026-09-24T17:20:59.639414622Z	173901	0																			
3479	2026-09-24T17:20:59.689091577Z	173951	0																			
3480	2026-09-24T17:20:59.73879942Z	174000	0																			
3481	2026-09-24T17:20:59.789494191Z	174051	0																			
3482	2026-09-24T17:20:59.83924254Z	174101	0																			
3483	2026-09-24T17:20:59.888954214Z	174151	0																			
3484	2026-09-24T17:20:59.938614726Z	174200	0																			
3485	2026-09-24T17:20:59.989335915Z	174251	0																			
3486	2026-09-24T17:21:00.039049453Z	174301	0																			
3487	2026-09-24T17:21:00.088783232Z	174350	0																			
3488	2026-09-24T17:21:00.139495138Z	174401	0																			
3489	2026-09-24T17:21:00.189182955Z	174451	0																			
3490	2026-09-24T17:21:00.238894516Z	174501	0																			
3491	2026-09-24T17:21:00.28964504Z	174551	0																			
3492	2026-09-24T17:21:00.339374086Z	174601	0																			
3493	2026-09-24T17:21:00.389110985Z	174651	0																			
3494	2026-09-24T17:21:00.438829195Z	174701	0																			
3495	2026-09-24T17:21:00.48956553Z	174751	0																			
3496	2026-09-24T17:21:00.539280709Z	174801	0																			
3497	2026-09-24T17:21:00.589025325Z	174851	0																			
3498	2026-09-24T17:21:00.638801322Z	174900	0																			
3499	2026-09-24T17:21:00.689494022Z	174951	0																			
3500	2026-09-24T17:21:00.739169013Z	175001	0																			
3501	2026-09-24T17:21:00.788812406Z	175051	0																			
3502	2026-09-24T17:21:00.83956843Z	175101	0																			
3503	2026-09-24T17:21:00.889267767Z	175151	0																			
3504	2026-09-24T17:21:00.938965519Z	175201	0																			
3505	2026-09-24T17:21:00.989616407Z	175251	0																			
3506	2026-09-24T17:21:01.039321817Z	175301	0																			
3507	2026-09-24T17:21:01.089033913Z	175351	0																			
3508	2026-09-24T17:21:01.138739156Z	175400	0																			
3509	2026-09-24T17:21:01.18945156Z	175451	0																			
3510	2026-09-24T17:21:01.239118533Z	175501	0																			
3511	2026-09-24T17:21:01.288866623Z	175551	0																			
3512	2026-09-24T17:21:01.339616381Z	175601	0																			
3513	2026-09-24T17:21:01.389297437Z	175651	0																			
3514	2026-09-24T17:21:01.439049657Z	175701	0																			
3515	2026-09-24T17:21:01.488739306Z	175750	0																			
3516	2026-09-24T17:21:01.53944784Z	175801	0																			
3517	2026-09-24T17:21:01.589190617Z	175851	0																			
3518	2026-09-24T17:21:01.638952068Z	175901	0																			
3519	2026-09-24T17:21:01.688661324Z	175950	0																			
3520	2026-09-24T17:21:01.739348141Z	176001	0																			
3521	2026-09-24T17:21:01.789029821Z	176051	0																			
3522	2026-09-24T17:21:01.838738851Z	176100	0																			
3523	2026-09-24T17:21:01.889459852Z	176151	0																			
3524	2026-09-24T17:21:01.939176526Z	176201	0																			
3525	2026-09-24T17:21:01.988888181Z	176251	0																			
3526	2026-09-24T17:21:02.039611985Z	176301	0																			
3527	2026-09-24T17:21:02.089343413Z	176351	0																			
3528	2026-09-24T17:21:02.139018618Z	176401	0																			
3529	2026-09-24T17:21:02.188735946Z	176450	0																			
3530	2026-09-24T17:21:02.23947207Z	176501	0																			
3531	2026-09-24T17:21:02.289247143Z	176551	0																			
3532	2026-09-24T17:21:02.338979973Z	176601	0																			
3533	2026-09-24T17:21:02.38860037Z	176650	0																			
3534	2026-09-24T17:21:02.439331597Z	176701	0																			
3535	2026-09-24T17:21:02.489086468Z	176751	0																			
3536	2026-09-24T17:21:02.538802246Z	176800	0																			
3537	2026-09-24T17:21:02.589561443Z	176851	0																			
3538	2026-09-24T17:21:02.639265595Z	176901	0																			
3539	2026-09-24T17:21:02.688963413Z	176951	0																			
3540	2026-09-24T17:21:02.738631316Z	177000	0																			
3541	2026-09-24T17:21:02.789332744Z	177051	0																			
3542	2026-09-24T17:21:02.838981955Z	177101	0																			
3543	2026-09-24T17:21:02.888727379Z	177150	0																			
3544	2026-09-24T17:21:02.939481559Z	177201	0																			
3545	2026-09-24T17:21:02.989239213Z	177251	0																			
3546	2026-09-24T17:21:03.038985077Z	177301	0																			
3547	2026-09-24T17:21:03.088725478Z	177350	0																			
3548	2026-09-24T17:21:03.139423536Z	177401	0																			
3549	2026-09-24T17:21:03.189191803Z	177451	0																			
3550	2026-09-24T17:21:03.238937123Z	177501	0																			
3551	2026-09-24T17:21:03.28860118Z	177550	0																			
3552	2026-09-24T17:21:03.339350406Z	177601	0																			
3553	2026-09-24T17:21:03.389102769Z	177651	0																			
3554	2026-09-24T17:21:03.438817992Z	177701	0																			
3555	2026-09-24T17:21:03.489577245Z	177751	0																			
3556	2026-09-24T17:21:03.539370395Z	177801	0																			
3557	2026-09-24T17:21:03.589191741Z	177851	0																			
3558	2026-09-24T17:21:03.638957142Z	177901	0																			
3559	2026-09-24T17:21:03.688662975Z	177950	0																			
3560	2026-09-24T17:21:03.739385583Z	178001	0																			
3561	2026-09-24T17:21:03.789184068Z	178051	0																			
3562	2026-09-24T17:21:03.838966794Z	178101	0																			
3563	2026-09-24T17:21:03.888734351Z	178150	0																			
3564	2026-09-24T17:21:03.939524724Z	178201	0																			
3565	2026-09-24T17:21:03.989268562Z	178251	0																			
3566	2026-09-24T17:21:04.039038591Z	178301	0																			
3567	2026-09-24T17:21:04.088817153Z	178351	0																			
3568	2026-09-24T17:21:04.139575048Z	178401	0																			
3569	2026-09-24T17:21:04.189421514Z	178451	0																			
3570	2026-09-24T17:21:04.239168449Z	178501	0																			
3571	2026-09-24T17:21:04.288929427Z	178551	0																			
3572	2026-09-24T17:21:04.338617114Z	178600	0																			
3573	2026-09-24T17:21:04.389397668Z	178651	0																			
3574	2026-09-24T17:21:04.439173814Z	178701	0																			
3575	2026-09-24T17:21:04.488973159Z	178751	0																			
3576	2026-09-24T17:21:04.538740039Z	178800	0																			
3577	2026-09-24T17:21:04.589492386Z	178851	0																			
3578	2026-09-24T17:21:04.639255348Z	178901	0																			
3579	2026-09-24T17:21:04.68900958Z	178951	0																			
3580	2026-09-24T17:21:04.738792091Z	179000	0																			
3581	2026-09-24T17:21:04.789566573Z	179051	0																			
3582	2026-09-24T17:21:04.839349219Z	179101	0																			
3583	2026-09-24T17:21:04.889161333Z	179151	0																			
3584	2026-09-24T17:21:04.938958048Z	179201	0																			
3585	2026-09-24T17:21:04.988740131Z	179250	0																			
3586	2026-09-24T17:21:05.039499703Z	179301	0																			
3587	2026-09-24T17:21:05.089317767Z	179351	0																			
3588	2026-09-24T17:21:05.139079349Z	179401	0																			
3589	2026-09-24T17:21:05.188810816Z	179451	0																			
3590	2026-09-24T17:21:05.239562889Z	179501	0																			
3591	2026-09-24T17:21:05.289348356Z	179551	0																			
3592	2026-09-24T17:21:05.339199384Z	179601	0																			
3593	2026-09-24T17:21:05.388968732Z	179651	0																			
3594	2026-09-24T17:21:05.438745622Z	179700	0																			
3595	2026-09-24T17:21:05.48953213Z	179751	0																			
3596	2026-09-24T17:21:05.539307114Z	179801	0																			
3597	2026-09-24T17:21:05.589116054Z	179851	0																			
3598	2026-09-24T17:21:05.638893936Z	179901	0																			
3599	2026-09-24T17:21:05.689649215Z	179951	0																			
3600	2026-09-24T17:21:05.739523505Z	180001	0																			
3601	2026-09-24T17:21:05.789258778Z	180051	0																			
3602	2026-09-24T17:21:05.839012071Z	180101	0																			
3603	2026-09-24T17:21:05.888742548Z	180150	0																			
3604	2026-09-24T17:21:05.939497665Z	180201	0																			
3605	2026-09-24T17:21:05.989259352Z	180251	0																			
3606	2026-09-24T17:21:06.039027403Z	180301	0																			
3607	2026-09-24T17:21:06.088745296Z	180350	0																			
3608	2026-09-24T17:21:06.139497108Z	180401	0																			
3609	2026-09-24T17:21:06.189269399Z	180451	0																			
3610	2026-09-24T17:21:06.239035193Z	180501	0																			
3611	2026-09-24T17:21:06.288810381Z	180551	0																			
3612	2026-09-24T17:21:06.339573618Z	180601	0																			
3613	2026-09-24T17:21:06.389360178Z	180651	0																			
3614	2026-09-24T17:21:06.439128341Z	180701	0																			
3615	2026-09-24T17:21:06.48889192Z	180751	0																			
3616	2026-09-24T17:21:06.539629613Z	180801	0																			
3617	2026-09-24T17:21:06.589413503Z	180851	0																			
3618	2026-09-24T17:21:06.63913248Z	180901	0																			
3619	2026-09-24T17:21:06.688893242Z	180951	0																			
3620	2026-09-24T17:21:06.738604348Z	181000	0																			
3621	2026-09-24T17:21:06.789349279Z	181051	0																			
3622	2026-09-24T17:21:06.839098829Z	181101	0																			
3623	2026-09-24T17:21:06.888878652Z	181151	0																			
3624	2026-09-24T17:21:06.939603735Z	181201	0																			
3625	2026-09-24T17:21:06.98937411Z	181251	0																			
3626	2026-09-24T17:21:07.039121132Z	181301	0																			
3627	2026-09-24T17:21:07.088857424Z	181351	0																			
3628	2026-09-24T17:21:07.139605863Z	181401	0																			
3629	2026-09-24T17:21:07.189350822Z	181451	0																			
3630	2026-09-24T17:21:07.239114637Z	181501	0																			
3631	2026-09-24T17:21:07.2888913Z	181551	0																			
3632	2026-09-24T17:21:07.338623817Z	181600	0																			
3633	2026-09-24T17:21:07.389384283Z	181651	0																			
3634	2026-09-24T17:21:07.439195346Z	181701	0																			
3635	2026-09-24T17:21:07.488948691Z	181751	0																			
3636	2026-09-24T17:21:07.538723569Z	181800	0																			
3637	2026-09-24T17:21:07.589478479Z	181851	0																			
3638	2026-09-24T17:21:07.639224817Z	181901	0																			
3639	2026-09-24T17:21:07.688985876Z	181951	0																			
3640	2026-09-24T17:21:07.738742531Z	182000	0																			
3641	2026-09-24T17:21:07.78949366Z	182051	0																			
3642	2026-09-24T17:21:07.839254224Z	182101	0																			
3643	2026-09-24T17:21:07.88904739Z	182151	0																			
3644	2026-09-24T17:21:07.938821352Z	182201	0																			
3645	2026-09-24T17:21:07.989559231Z	182251	0																			
3646	2026-09-24T17:21:08.039333827Z	182301	0																			
3647	2026-09-24T17:21:08.089117726Z	182351	0																			
3648	2026-09-24T17:21:08.138830552Z	182401	0																			
3649	2026-09-24T17:21:08.189576293Z	182451	0																			
3650	2026-09-24T17:21:08.239323564Z	182501	0																			
3651	2026-09-24T17:21:08.289153197Z	182551	0																			
3652	2026-09-24T17:21:08.338894192Z	182601	0																			
3653	2026-09-24T17:21:08.388604432Z	182650	0																			
3654	2026-09-24T17:21:08.439368178Z	182701	0																			
3655	2026-09-24T17:21:08.489125089Z	182751	0																			
3656	2026-09-24T17:21:08.538883451Z	182801	0																			
3657	2026-09-24T17:21:08.588624463Z	182850	0																			
3658	2026-09-24T17:21:08.639392066Z	182901	0																			
3659	2026-09-24T17:21:08.689182501Z	182951	0																			
3660	2026-09-24T17:21:08.738940171Z	183001	0																			
3661	2026-09-24T17:21:08.788654026Z	183050	0																			
3662	2026-09-24T17:21:08.839396718Z	183101	0																			
3663	2026-09-24T17:21:08.88918791Z	183151	0																			
3664	2026-09-24T17:21:08.938895009Z	183201	0																			
3665	2026-09-24T17:21:08.98964903Z	183251	0																			
3666	2026-09-24T17:21:09.039413834Z	183301	0																			
3667	2026-09-24T17:21:09.089119334Z	183351	0																			
3668	2026-09-24T17:21:09.138872782Z	183401	0																			
3669	2026-09-24T17:21:09.189641793Z	183451	0																			
3670	2026-09-24T17:21:09.239403831Z	183501	0																			
3671	2026-09-24T17:21:09.289165873Z	183551	0																			
3672	2026-09-24T17:21:09.338893022Z	183601	0																			
3673	2026-09-24T17:21:09.389652964Z	183651	0																			
3674	2026-09-24T17:21:09.439442234Z	183701	0																			
3675	2026-09-24T17:21:09.489242997Z	183751	0																			
3676	2026-09-24T17:21:09.538977508Z	183801	0																			
3677	2026-09-24T17:21:09.588641077Z	183850	0																			
3678	2026-09-24T17:21:09.639400292Z	183901	0																			
3679	2026-09-24T17:21:09.689221303Z	183951	0																			
3680	2026-09-24T17:21:09.738971657Z	184001	0																			
3681	2026-09-24T17:21:09.788663199Z	184050	0																			
3682	2026-09-24T17:21:09.839405232Z	184101	0																			
3683	2026-09-24T17:21:09.889166363Z	184151	0																			
3684	2026-09-24T17:21:09.938894569Z	184201	0																			
3685	2026-09-24T17:21:09.988642566Z	184250	0																			
3686	2026-09-24T17:21:10.039426076Z	184301	0																			
3687	2026-09-24T17:21:10.089193855Z	184351	0																			
3688	2026-09-24T17:21:10.138970606Z	184401	0																			
3689	2026-09-24T17:21:10.188743578Z	184450	0																			
3690	2026-09-24T17:21:10.239519659Z	184501	0																			
3691	2026-09-24T17:21:10.28934355Z	184551	0																			
3692	2026-09-24T17:21:10.339078016Z	184601	0																			
3693	2026-09-24T17:21:10.388816002Z	184651	0																			
3694	2026-09-24T17:21:10.439570528Z	184701	0																			
3695	2026-09-24T17:21:10.489340863Z	184751	0																			
3696	2026-09-24T17:21:10.539062943Z	184801	0																			
3697	2026-09-24T17:21:10.588817483Z	184851	0																			
3698	2026-09-24T17:21:10.63958072Z	184901	0																			
3699	2026-09-24T17:21:10.689344938Z	184951	0																			
3700	2026-09-24T17:21:10.739106895Z	185001	0																			
3701	2026-09-24T17:21:10.788872401Z	185051	0																			
3702	2026-09-24T17:21:10.839645608Z	185101	0																			
3703	2026-09-24T17:21:10.889393236Z	185151	0																			
3704	2026-09-24T17:21:10.939116778Z	185201	0																			
3705	2026-09-24T17:21:10.988886245Z	185251	0																			
3706	2026-09-24T17:21:11.038607907Z	185300	0																			
3707	2026-09-24T17:21:11.089404667Z	185351	0																			
3708	2026-09-24T17:21:11.139186806Z	185401	0																			
3709	2026-09-24T17:21:11.188911332Z	185451	0																			
3710	2026-09-24T17:21:11.238624139Z	185500	0																			
3711	2026-09-24T17:21:11.289411098Z	185551	0																			
3712	2026-09-24T17:21:11.339174773Z	185601	0																			
3713	2026-09-24T17:21:11.388956648Z	185651	0																			
3714	2026-09-24T17:21:11.438730719Z	185700	0																			
3715	2026-09-24T17:21:11.48948918Z	185751	0																			
3716	2026-09-24T17:21:11.539204981Z	185801	0																			
3717	2026-09-24T17:21:11.58895554Z	185851	0																			
3718	2026-09-24T17:21:11.63873969Z	185900	0																			
3719	2026-09-24T17:21:11.689505693Z	185951	0																			
3720	2026-09-24T17:21:11.739293029Z	186001	0																			
3721	2026-09-24T17:21:11.789030232Z	186051	0																			
3722	2026-09-24T17:21:11.838796377Z	186100	0																			
3723	2026-09-24T17:21:11.889545134Z	186151	0																			
3724	2026-09-24T17:21:11.939253801Z	186201	0																			
3725	2026-09-24T17:21:11.98902861Z	186251	0																			
3726	2026-09-24T17:21:12.038777205Z	186300	0																			
3727	2026-09-24T17:21:12.089570508Z	186351	0																			
3728	2026-09-24T17:21:12.13932405Z	186401	0																			
3729	2026-09-24T17:21:12.189044919Z	186451	0																			
3730	2026-09-24T17:21:12.238739868Z	186500	0																			
3731	2026-09-24T17:21:12.289497336Z	186551	0																			
3732	2026-09-24T17:21:12.339252652Z	186601	0																			
3733	2026-09-24T17:21:12.389035374Z	186651	0																			
3734	2026-09-24T17:21:12.438795188Z	186700	0																			
3735	2026-09-24T17:21:12.489517243Z	186751	0																			
3736	2026-09-24T17:21:12.53925988Z	186801	0																			
3737	2026-09-24T17:21:12.589026688Z	186851	0																			
3738	2026-09-24T17:21:12.63881387Z	186901	0																			
3739	2026-09-24T17:21:12.689520779Z	186951	0																			
3740	2026-09-24T17:21:12.73924384Z	187001	0																			
3741	2026-09-24T17:21:12.789026782Z	187051	0																			
3742	2026-09-24T17:21:12.838778436Z	187100	0																			
3743	2026-09-24T17:21:12.889496923Z	187151	0																			
3744	2026-09-24T17:21:12.939259883Z	187201	0																			
3745	2026-09-24T17:21:12.989032249Z	187251	0																			
3746	2026-09-24T17:21:13.038738681Z	187300	0																			
3747	2026-09-24T17:21:13.089495048Z	187351	0																			
3748	2026-09-24T17:21:13.139260095Z	187401	0																			
3749	2026-09-24T17:21:13.189036881Z	187451	0																			
3750	2026-09-24T17:21:13.238775704Z	187500	0																			
3751	2026-09-24T17:21:13.289564615Z	187551	0																			
3752	2026-09-24T17:21:13.339321933Z	187601	0																			
3753	2026-09-24T17:21:13.389119849Z	187651	0																			
3754	2026-09-24T17:21:13.438843605Z	187701	0																			
3755	2026-09-24T17:21:13.489569969Z	187751	0																			
3756	2026-09-24T17:21:13.539314028Z	187801	0																			
3757	2026-09-24T17:21:13.589106785Z	187851	0																			
3758	2026-09-24T17:21:13.63883963Z	187901	0																			
3759	2026-09-24T17:21:13.689588106Z	187951	0																			
3760	2026-09-24T17:21:13.739324455Z	188001	0																			
3761	2026-09-24T17:21:13.789038789Z	188051	0																			
3762	2026-09-24T17:21:13.83877297Z	188100	0																			
3763	2026-09-24T17:21:13.889490034Z	188151	0																			
3764	2026-09-24T17:21:13.939201162Z	188201	0																			
3765	2026-09-24T17:21:13.98888771Z	188251	0																			
3766	2026-09-24T17:21:14.039571048Z	188301	0																			
3767	2026-09-24T17:21:14.089266796Z	188351	0																			
3768	2026-09-24T17:21:14.138982904Z	188401	0																			
3769	2026-09-24T17:21:14.188652218Z	188450	0																			
3770	2026-09-24T17:21:14.239339705Z	188501	0																			
3771	2026-09-24T17:21:14.289096587Z	188551	0																			
3772	2026-09-24T17:21:14.338813138Z	188601	0																			
3773	2026-09-24T17:21:14.389543059Z	188651	0																			
3774	2026-09-24T17:21:14.439269586Z	188701	0																			
3775	2026-09-24T17:21:14.488996236Z	188751	0																			
3776	2026-09-24T17:21:14.53872447Z	188800	0																			
3777	2026-09-24T17:21:14.589390287Z	188851	0																			
3778	2026-09-24T17:21:14.639115853Z	188901	0																			
3779	2026-09-24T17:21:14.688812174Z	188951	0																			
3780	2026-09-24T17:21:14.739527206Z	189001	0																			
3781	2026-09-24T17:21:14.789191094Z	189051	0																			
3782	2026-09-24T17:21:14.838891921Z	189101	0																			
3783	2026-09-24T17:21:14.889607141Z	189151	0																			
3784	2026-09-24T17:21:14.939343273Z	189201	0																			
3785	2026-09-24T17:21:14.989023172Z	189251	0																			
3786	2026-09-24T17:21:15.038724829Z	189300	0																			
3787	2026-09-24T17:21:15.089417801Z	189351	0																			
3788	2026-09-24T17:21:15.139077875Z	189401	0																			
3789	2026-09-24T17:21:15.188809662Z	189451	0																			
3790	2026-09-24T17:21:15.239548347Z	189501	0																			
3791	2026-09-24T17:21:15.289252149Z	189551	0																			
3792	2026-09-24T17:21:15.338949039Z	189601	0																			
3793	2026-09-24T17:21:15.38859553Z	189650	0																			
3794	2026-09-24T17:21:15.439336722Z	189701	0																			
3795	2026-09-24T17:21:15.489097427Z	189751	0																			
3796	2026-09-24T17:21:15.538797308Z	189800	0																			
3797	2026-09-24T17:21:15.589564284Z	189851	0																			
3798	2026-09-24T17:21:15.639329417Z	189901	0																			
3799	2026-09-24T17:21:15.689105929Z	189951	0																			
3800	2026-09-24T17:21:15.738828924Z	190001	0																			
3801	2026-09-24T17:21:15.789190428Z	190051	0																			
3802	2026-09-24T17:21:15.838884388Z	190101	0																			
3803	2026-09-24T17:21:15.88956685Z	190151	0																			
3804	2026-09-24T17:21:15.939266026Z	190201	0																			
3805	2026-09-24T17:21:15.988981723Z	190251	0																			
3806	2026-09-24T17:21:16.038663065Z	190300	0																			
3807	2026-09-24T17:21:16.089343709Z	190351	0																			
3808	2026-09-24T17:21:16.139068559Z	190401	0																			
3809	2026-09-24T17:21:16.188736152Z	190450	0																			
3810	2026-09-24T17:21:16.239419491Z	190501	0																			
3811	2026-09-24T17:21:16.289116927Z	190551	0																			
3812	2026-09-24T17:21:16.338840387Z	190601	0																			
3813	2026-09-24T17:21:16.389549716Z	190651	0																			
3814	2026-09-24T17:21:16.439247538Z	190701	0																			
3815	2026-09-24T17:21:16.48895179Z	190751	0																			
3816	2026-09-24T17:21:16.539651577Z	190801	0																			
3817	2026-09-24T17:21:16.589404781Z	190851	0																			
3818	2026-09-24T17:21:16.639142158Z	190901	0																			
3819	2026-09-24T17:21:16.688872424Z	190951	0																			
3820	2026-09-24T17:21:16.739511217Z	191001	0																			
3821	2026-09-24T17:21:16.789183423Z	191051	0																			
3822	2026-09-24T17:21:16.838815355Z	191101	0																			
3823	2026-09-24T17:21:16.889490418Z	191151	0																			
3824	2026-09-24T17:21:16.939249353Z	191201	0																			
3825	2026-09-24T17:21:16.988928249Z	191251	0																			
3826	2026-09-24T17:21:17.038619619Z	191300	0																			
3827	2026-09-24T17:21:17.089343798Z	191351	0																			
3828	2026-09-24T17:21:17.139040759Z	191401	0																			
3829	2026-09-24T17:21:17.188734931Z	191450	0																			
3830	2026-09-24T17:21:17.239482538Z	191501	0																			
3831	2026-09-24T17:21:17.289256754Z	191551	0																			
3832	2026-09-24T17:21:17.338969632Z	191601	0																			
3833	2026-09-24T17:21:17.388722974Z	191650	0																			
3834	2026-09-24T17:21:17.439468881Z	191701	0																			
3835	2026-09-24T17:21:17.489273681Z	191751	0																			
3836	2026-09-24T17:21:17.538979194Z	191801	0																			
3837	2026-09-24T17:21:17.588801979Z	191850	0																			
3838	2026-09-24T17:21:17.63956894Z	191901	0																			
3839	2026-09-24T17:21:17.689344023Z	191951	0																			
3840	2026-09-24T17:21:17.739098531Z	192001	0																			
3841	2026-09-24T17:21:17.788814595Z	192051	0																			
3842	2026-09-24T17:21:17.839538902Z	192101	0																			
3843	2026-09-24T17:21:17.889265207Z	192151	0																			
3844	2026-09-24T17:21:17.938967502Z	192201	0																			
3845	2026-09-24T17:21:17.988638847Z	192250	0																			
3846	2026-09-24T17:21:18.039343936Z	192301	0																			
3847	2026-09-24T17:21:18.089088676Z	192351	0																			
3848	2026-09-24T17:21:18.138808657Z	192400	0																			
3849	2026-09-24T17:21:18.189508828Z	192451	0																			
3850	2026-09-24T17:21:18.239244317Z	192501	0																			
3851	2026-09-24T17:21:18.288951185Z	192551	0																			
3852	2026-09-24T17:21:18.33861374Z	192600	0																			
3853	2026-09-24T17:21:18.389266478Z	192651	0																			
3854	2026-09-24T17:21:18.438966Z	192701	0																			
3855	2026-09-24T17:21:18.488632282Z	192750	0																			
3856	2026-09-24T17:21:18.53934955Z	192801	0																			
3857	2026-09-24T17:21:18.589026643Z	192851	0																			
3858	2026-09-24T17:21:18.638738057Z	192900	0																			
3859	2026-09-24T17:21:18.6894169Z	192951	0																			
3860	2026-09-24T17:21:18.739117514Z	193001	0																			
3861	2026-09-24T17:21:18.788780918Z	193050	0																			
3862	2026-09-24T17:21:18.839473441Z	193101	0																			
3863	2026-09-24T17:21:18.889204504Z	193151	0																			
3864	2026-09-24T17:21:18.938890651Z	193201	0																			
3865	2026-09-24T17:21:18.98956264Z	193251	0																			
3866	2026-09-24T17:21:19.039269828Z	193301	0																			
3867	2026-09-24T17:21:19.089019058Z	193351	0																			
3868	2026-09-24T17:21:19.138738797Z	193400	0																			
3869	2026-09-24T17:21:19.189462118Z	193451	0																			
3870	2026-09-24T17:21:19.239194359Z	193501	0																			
3871	2026-09-24T17:21:19.288888629Z	193551	0																			
3872	2026-09-24T17:21:19.339599448Z	193601	0																			
3873	2026-09-24T17:21:19.389340697Z	193651	0																			
3874	2026-09-24T17:21:19.4390388Z	193701	0																			
3875	2026-09-24T17:21:19.488738668Z	193750	0																			
3876	2026-09-24T17:21:19.539436646Z	193801	0																			
3877	2026-09-24T17:21:19.589159309Z	193851	0																			
3878	2026-09-24T17:21:19.638814313Z	193901	0																			
3879	2026-09-24T17:21:19.689495313Z	193951	0																			
3880	2026-09-24T17:21:19.73919005Z	194001	0																			
3881	2026-09-24T17:21:19.788875552Z	194051	0																			
3882	2026-09-24T17:21:19.839568771Z	194101	0																			
3883	2026-09-24T17:21:19.889241832Z	194151	0																			
3884	2026-09-24T17:21:19.938941301Z	194201	0																			
3885	2026-09-24T17:21:19.98964584Z	194251	0																			
3886	2026-09-24T17:21:20.039344512Z	194301	0																			
3887	2026-09-24T17:21:20.089029837Z	194351	0																			
3888	2026-09-24T17:21:20.138731359Z	194400	0																			
3889	2026-09-24T17:21:20.189421808Z	194451	0																			
3890	2026-09-24T17:21:20.239117604Z	194501	0																			
3891	2026-09-24T17:21:20.288874229Z	194551	0																			
3892	2026-09-24T17:21:20.33956918Z	194601	0																			
3893	2026-09-24T17:21:20.389264154Z	194651	0																			
3894	2026-09-24T17:21:20.43896329Z	194701	0																			
3895	2026-09-24T17:21:20.488626104Z	194750	0																			
3896	2026-09-24T17:21:20.539332247Z	194801	0																			
3897	2026-09-24T17:21:20.589029576Z	194851	0																			
3898	2026-09-24T17:21:20.638739488Z	194900	0																			
3899	2026-09-24T17:21:20.689417938Z	194951	0																			
3900	2026-09-24T17:21:20.739133117Z	195001	0																			
3901	2026-09-24T17:21:20.788812224Z	195051	0																			
3902	2026-09-24T17:21:20.839496443Z	195101	0																			
3903	2026-09-24T17:21:20.889188724Z	195151	0																			
3904	2026-09-24T17:21:20.938878704Z	195201	0																			
3905	2026-09-24T17:21:20.989566671Z	195251	0																			
3906	2026-09-24T17:21:21.039265721Z	195301	0																			
3907	2026-09-24T17:21:21.088966581Z	195351	0																			
3908	2026-09-24T17:21:21.138643236Z	195400	0																			
3909	2026-09-24T17:21:21.189387399Z	195451	0																			
3910	2026-09-24T17:21:21.239119181Z	195501	0																			
3911	2026-09-24T17:21:21.288835517Z	195551	0																			
3912	2026-09-24T17:21:21.339555707Z	195601	0																			
3913	2026-09-24T17:21:21.389267854Z	195651	0																			
3914	2026-09-24T17:21:21.438976594Z	195701	0																			
3915	2026-09-24T17:21:21.48863235Z	195750	0																			
3916	2026-09-24T17:21:21.539353021Z	195801	0																			
3917	2026-09-24T17:21:21.58908367Z	195851	0																			
3918	2026-09-24T17:21:21.638890103Z	195901	0																			
3919	2026-09-24T17:21:21.689589215Z	195951	0																			
3920	2026-09-24T17:21:21.739347801Z	196001	0																			
3921	2026-09-24T17:21:21.789035891Z	196051	0																			
3922	2026-09-24T17:21:21.838739214Z	196100	0																			
3923	2026-09-24T17:21:21.889412032Z	196151	0																			
3924	2026-09-24T17:21:21.939096804Z	196201	0																			
3925	2026-09-24T17:21:21.988815304Z	196251	0																			
3926	2026-09-24T17:21:22.039530611Z	196301	0																			
3927	2026-09-24T17:21:22.089269851Z	196351	0																			
3928	2026-09-24T17:21:22.139020719Z	196401	0																			
3929	2026-09-24T17:21:22.188735366Z	196450	0																			
3930	2026-09-24T17:21:22.239432801Z	196501	0																			
3931	2026-09-24T17:21:22.289192331Z	196551	0																			
3932	2026-09-24T17:21:22.338920282Z	196601	0																			
3933	2026-09-24T17:21:22.388613901Z	196650	0																			
3934	2026-09-24T17:21:22.439319661Z	196701	0																			
3935	2026-09-24T17:21:22.489038025Z	196751	0																			
3936	2026-09-24T17:21:22.538736063Z	196800	0																			
3937	2026-09-24T17:21:22.589477606Z	196851	0																			
3938	2026-09-24T17:21:22.639186512Z	196901	0																			
3939	2026-09-24T17:21:22.688891217Z	196951	0																			
3940	2026-09-24T17:21:22.739571875Z	197001	0																			
3941	2026-09-24T17:21:22.789241892Z	197051	0																			
3942	2026-09-24T17:21:22.838962953Z	197101	0																			
3943	2026-09-24T17:21:22.888611125Z	197150	0																			
3944	2026-09-24T17:21:22.939313862Z	197201	0																			
3945	2026-09-24T17:21:22.989040831Z	197251	0																			
3946	2026-09-24T17:21:23.038737467Z	197300	0																			
3947	2026-09-24T17:21:23.089465887Z	197351	0																			
3948	2026-09-24T17:21:23.139183295Z	197401	0																			
3949	2026-09-24T17:21:23.188891287Z	197451	0																			
3950	2026-09-24T17:21:23.239620438Z	197501	0																			
3951	2026-09-24T17:21:23.289378679Z	197551	0																			
3952	2026-09-24T17:21:23.339116237Z	197601	0																			
3953	2026-09-24T17:21:23.388813796Z	197651	0																			
3954	2026-09-24T17:21:23.439521054Z	197701	0																			
3955	2026-09-24T17:21:23.489261978Z	197751	0																			
3956	2026-09-24T17:21:23.538975876Z	197801	0																			
3957	2026-09-24T17:21:23.588627851Z	197850	0																			
3958	2026-09-24T17:21:23.639326851Z	197901	0																			
3959	2026-09-24T17:21:23.689018292Z	197951	0																			
3960	2026-09-24T17:21:23.738739367Z	198000	0																			
3961	2026-09-24T17:21:23.789366863Z	198051	0																			
3962	2026-09-24T17:21:23.839041055Z	198101	0																			
3963	2026-09-24T17:21:23.888736909Z	198150	0																			
3964	2026-09-24T17:21:23.939389134Z	198201	0																			
3965	2026-09-24T17:21:23.989116762Z	198251	0																			
3966	2026-09-24T17:21:24.038816921Z	198301	0																			
3967	2026-09-24T17:21:24.089548076Z	198351	0																			
3968	2026-09-24T17:21:24.13927489Z	198401	0																			
3969	2026-09-24T17:21:24.188962619Z	198451	0																			
3970	2026-09-24T17:21:24.238652099Z	198500	0																			
3971	2026-09-24T17:21:24.289394492Z	198551	0																			
3972	2026-09-24T17:21:24.339116933Z	198601	0																			
3973	2026-09-24T17:21:24.388812728Z	198651	0																			
3974	2026-09-24T17:21:24.439522616Z	198701	0																			
3975	2026-09-24T17:21:24.489258186Z	198751	0																			
3976	2026-09-24T17:21:24.53892341Z	198801	0																			
3977	2026-09-24T17:21:24.589610531Z	198851	0																			
3978	2026-09-24T17:21:24.639318232Z	198901	0																			
3979	2026-09-24T17:21:24.689027408Z	198951	0																			
3980	2026-09-24T17:21:24.738740948Z	199000	0																			
3981	2026-09-24T17:21:24.789406474Z	199051	0																			
3982	2026-09-24T17:21:24.839046237Z	199101	0																			
3983	2026-09-24T17:21:24.888738403Z	199150	0																			
3984	2026-09-24T17:21:24.939390008Z	199201	0																			
3985	2026-09-24T17:21:24.989114047Z	199251	0																			
3986	2026-09-24T17:21:25.038786124Z	199300	0																			
3987	2026-09-24T17:21:25.089493257Z	199351	0																			
3988	2026-09-24T17:21:25.13918908Z	199401	0																			
3989	2026-09-24T17:21:25.188889345Z	199451	0																			
3990	2026-09-24T17:21:25.239571835Z	199501	0																			
3991	2026-09-24T17:21:25.289341378Z	199551	0																			
3992	2026-09-24T17:21:25.339015864Z	199601	0																			
3993	2026-09-24T17:21:25.388616984Z	199650	0																			
3994	2026-09-24T17:21:25.439333247Z	199701	0																			
3995	2026-09-24T17:21:25.489017621Z	199751	0																			
3996	2026-09-24T17:21:25.538620503Z	199800	0																			
3997	2026-09-24T17:21:25.589332169Z	199851	0																			
3998	2026-09-24T17:21:25.639041677Z	199901	0																			
3999	2026-09-24T17:21:25.688736649Z	199950	0																			
4000	2026-09-24T17:21:25.739383487Z	200001	0																			
4001	2026-09-24T17:21:25.789037851Z	200051	0																			
4002	2026-09-24T17:21:25.838728165Z	200100	0																			
4003	2026-09-24T17:21:25.889411657Z	200151	0																			
4004	2026-09-24T17:21:25.939115714Z	200201	0																			
4005	2026-09-24T17:21:25.988811154Z	200251	0																			
4006	2026-09-24T17:21:26.039485127Z	200301	0																			
4007	2026-09-24T17:21:26.089214371Z	200351	0																			
4008	2026-09-24T17:21:26.138935273Z	200401	0																			
4009	2026-09-24T17:21:26.189639478Z	200451	0																			
4010	2026-09-24T17:21:26.239340786Z	200501	0																			
4011	2026-09-24T17:21:26.289040229Z	200551	0																			
4012	2026-09-24T17:21:26.338737412Z	200600	0																			
4013	2026-09-24T17:21:26.38941504Z	200651	0																			
4014	2026-09-24T17:21:26.439125168Z	200701	0																			
4015	2026-09-24T17:21:26.488899806Z	200751	0																			
4016	2026-09-24T17:21:26.539650731Z	200801	0																			
4017	2026-09-24T17:21:26.58937369Z	200851	0																			
4018	2026-09-24T17:21:26.639115445Z	200901	0																			
4019	2026-09-24T17:21:26.688812436Z	200951	0																			
4020	2026-09-24T17:21:26.739558715Z	201001	0																			
4021	2026-09-24T17:21:26.78932182Z	201051	0																			
4022	2026-09-24T17:21:26.839039565Z	201101	0																			
4023	2026-09-24T17:21:26.888763463Z	201150	0																			
4024	2026-09-24T17:21:26.939509471Z	201201	0																			
4025	2026-09-24T17:21:26.989284223Z	201251	0																			
4026	2026-09-24T17:21:27.039041806Z	201301	0																			
4027	2026-09-24T17:21:27.088745608Z	201350	0																			
4028	2026-09-24T17:21:27.139495324Z	201401	0																			
4029	2026-09-24T17:21:27.189248746Z	201451	0																			
4030	2026-09-24T17:21:27.23897007Z	201501	0																			
4031	2026-09-24T17:21:27.288729983Z	201550	0																			
4032	2026-09-24T17:21:27.339475242Z	201601	0																			
4033	2026-09-24T17:21:27.389256726Z	201651	0																			
4034	2026-09-24T17:21:27.439027655Z	201701	0																			
4035	2026-09-24T17:21:27.488741031Z	201750	0																			
4036	2026-09-24T17:21:27.539435Z	201801	0																			
4037	2026-09-24T17:21:27.589128775Z	201851	0																			
4038	2026-09-24T17:21:27.638907018Z	201901	0																			
4039	2026-09-24T17:21:27.689642412Z	201951	0																			
4040	2026-09-24T17:21:27.739340986Z	202001	0																			
4041	2026-09-24T17:21:27.789023459Z	202051	0																			
4042	2026-09-24T17:21:27.838738825Z	202100	0																			
4043	2026-09-24T17:21:27.889405085Z	202151	0																			
4044	2026-09-24T17:21:27.939116289Z	202201	0																			
4045	2026-09-24T17:21:27.988814375Z	202251	0																			
4046	2026-09-24T17:21:28.039495854Z	202301	0																			
4047	2026-09-24T17:21:28.089193992Z	202351	0																			
4048	2026-09-24T17:21:28.138887821Z	202401	0																			
4049	2026-09-24T17:21:28.1896018Z	202451	0																			
4050	2026-09-24T17:21:28.239328582Z	202501	0																			
4051	2026-09-24T17:21:28.289028763Z	202551	0																			
4052	2026-09-24T17:21:28.33873794Z	202600	0																			
4053	2026-09-24T17:21:28.389450559Z	202651	0																			
4054	2026-09-24T17:21:28.439175336Z	202701	0																			
4055	2026-09-24T17:21:28.488866067Z	202751	0																			
4056	2026-09-24T17:21:28.539569284Z	202801	0																			
4057	2026-09-24T17:21:28.589263364Z	202851	0																			
4058	2026-09-24T17:21:28.63906977Z	202901	0																			
4059	2026-09-24T17:21:28.688789649Z	202950	0																			
4060	2026-09-24T17:21:28.739499031Z	203001	0																			
4061	2026-09-24T17:21:28.789187911Z	203051	0																			
4062	2026-09-24T17:21:28.838887622Z	203101	0																			
4063	2026-09-24T17:21:28.889564449Z	203151	0																			
4064	2026-09-24T17:21:28.939266196Z	203201	0																			
4065	2026-09-24T17:21:28.988956762Z	203251	0																			
4066	2026-09-24T17:21:29.038632523Z	203300	0																			
4067	2026-09-24T17:21:29.089386929Z	203351	0																			
4068	2026-09-24T17:21:29.139104655Z	203401	0																			
4069	2026-09-24T17:21:29.188833079Z	203451	0																			
4070	2026-09-24T17:21:29.239498201Z	203501	0																			
4071	2026-09-24T17:21:29.289265409Z	203551	0																			
4072	2026-09-24T17:21:29.338964385Z	203601	0																			
4073	2026-09-24T17:21:29.388629157Z	203650	0																			
4074	2026-09-24T17:21:29.439344877Z	203701	0																			
4075	2026-09-24T17:21:29.48902923Z	203751	0																			
4076	2026-09-24T17:21:29.538610067Z	203800	0																			
4077	2026-09-24T17:21:29.589396479Z	203851	0																			
4078	2026-09-24T17:21:29.639165836Z	203901	0																			
4079	2026-09-24T17:21:29.688894395Z	203951	0																			
4080	2026-09-24T17:21:29.739569619Z	204001	0																			
4081	2026-09-24T17:21:29.78924579Z	204051	0																			
4082	2026-09-24T17:21:29.838951357Z	204101	0																			
4083	2026-09-24T17:21:29.889643766Z	204151	0																			
4084	2026-09-24T17:21:29.93936726Z	204201	0																			
4085	2026-09-24T17:21:29.989038687Z	204251	0																			
4086	2026-09-24T17:21:30.038749891Z	204300	0																			
4087	2026-09-24T17:21:30.08946942Z	204351	0																			
4088	2026-09-24T17:21:30.139173992Z	204401	0																			
4089	2026-09-24T17:21:30.188890342Z	204451	0																			
4090	2026-09-24T17:21:30.239570954Z	204501	0																			
4091	2026-09-24T17:21:30.289308799Z	204551	0																			
4092	2026-09-24T17:21:30.339042976Z	204601	0																			
4093	2026-09-24T17:21:30.388797567Z	204650	0																			
4094	2026-09-24T17:21:30.439505038Z	204701	0																			
4095	2026-09-24T17:21:30.489245005Z	204751	0																			
4096	2026-09-24T17:21:30.538961919Z	204801	0																			
4097	2026-09-24T17:21:30.588602626Z	204850	0																			
4098	2026-09-24T17:21:30.639332021Z	204901	0																			
4099	2026-09-24T17:21:30.689028443Z	204951	0																			
4100	2026-09-24T17:21:30.738735863Z	205000	0																			
4101	2026-09-24T17:21:30.789394605Z	205051	0																			
4102	2026-09-24T17:21:30.839088467Z	205101	0																			
4103	2026-09-24T17:21:30.888813602Z	205151	0																			
4104	2026-09-24T17:21:30.939491976Z	205201	0																			
4105	2026-09-24T17:21:30.989166392Z	205251	0																			
4106	2026-09-24T17:21:31.03886415Z	205301	0																			
4107	2026-09-24T17:21:31.089567904Z	205351	0																			
4108	2026-09-24T17:21:31.139265815Z	205401	0																			
4109	2026-09-24T17:21:31.188956389Z	205451	0																			
4110	2026-09-24T17:21:31.239651466Z	205501	0																			
4111	2026-09-24T17:21:31.289399494Z	205551	0																			
4112	2026-09-24T17:21:31.339115829Z	205601	0																			
4113	2026-09-24T17:21:31.388824105Z	205651	0																			
4114	2026-09-24T17:21:31.439537989Z	205701	0																			
4115	2026-09-24T17:21:31.489251601Z	205751	0																			
4116	2026-09-24T17:21:31.538886446Z	205801	0																			
4117	2026-09-24T17:21:31.589574882Z	205851	0																			
4118	2026-09-24T17:21:31.639262401Z	205901	0																			
4119	2026-09-24T17:21:31.688955534Z	205951	0																			
4120	2026-09-24T17:21:31.738616791Z	206000	0																			
4121	2026-09-24T17:21:31.789303932Z	206051	0																			
4122	2026-09-24T17:21:31.838961808Z	206101	0																			
4123	2026-09-24T17:21:31.888617673Z	206150	0																			
4124	2026-09-24T17:21:31.939268246Z	206201	0																			
4125	2026-09-24T17:21:31.988960297Z	206251	0																			
4126	2026-09-24T17:21:32.038609448Z	206300	0																			
4127	2026-09-24T17:21:32.089340721Z	206351	0																			
4128	2026-09-24T17:21:32.139055946Z	206401	0																			
4129	2026-09-24T17:21:32.188789769Z	206450	0																			
4130	2026-09-24T17:21:32.239493558Z	206501	0																			
4131	2026-09-24T17:21:32.289240011Z	206551	0																			
4132	2026-09-24T17:21:32.338956196Z	206601	0																			
4133	2026-09-24T17:21:32.388631022Z	206650	0																			
4134	2026-09-24T17:21:32.439340503Z	206701	0																			
4135	2026-09-24T17:21:32.489073697Z	206751	0																			
4136	2026-09-24T17:21:32.538736732Z	206800	0																			
4137	2026-09-24T17:21:32.589440537Z	206851	0																			
4138	2026-09-24T17:21:32.639174035Z	206901	0																			
4139	2026-09-24T17:21:32.688895494Z	206951	0																			
4140	2026-09-24T17:21:32.73962374Z	207001	0																			
4141	2026-09-24T17:21:32.789333811Z	207051	0																			
4142	2026-09-24T17:21:32.839047794Z	207101	0																			
4143	2026-09-24T17:21:32.888731666Z	207150	0																			
4144	2026-09-24T17:21:32.939418106Z	207201	0																			
4145	2026-09-24T17:21:32.989113584Z	207251	0																			
4146	2026-09-24T17:21:33.038818925Z	207301	0																			
4147	2026-09-24T17:21:33.089496096Z	207351	0																			
4148	2026-09-24T17:21:33.139160385Z	207401	0																			
4149	2026-09-24T17:21:33.188880267Z	207451	0																			
4150	2026-09-24T17:21:33.239573083Z	207501	0																			
4151	2026-09-24T17:21:33.28932714Z	207551	0																			
4152	2026-09-24T17:21:33.339028065Z	207601	0																			
4153	2026-09-24T17:21:33.388736713Z	207650	0																			
4154	2026-09-24T17:21:33.439429547Z	207701	0																			
4155	2026-09-24T17:21:33.489181307Z	207751	0																			
4156	2026-09-24T17:21:33.538888515Z	207801	0																			
4157	2026-09-24T17:21:33.589639491Z	207851	0																			
4158	2026-09-24T17:21:33.639422308Z	207901	0																			
4159	2026-09-24T17:21:33.689169651Z	207951	0																			
4160	2026-09-24T17:21:33.738955426Z	208001	0																			
4161	2026-09-24T17:21:33.788636044Z	208050	0																			
4162	2026-09-24T17:21:33.839366296Z	208101	0																			
4163	2026-09-24T17:21:33.889135499Z	208151	0																			
4164	2026-09-24T17:21:33.938881756Z	208201	0																			
4165	2026-09-24T17:21:33.989572066Z	208251	0																			
4166	2026-09-24T17:21:34.039264313Z	208301	0																			
4167	2026-09-24T17:21:34.088956892Z	208351	0																			
4168	2026-09-24T17:21:34.138617659Z	208400	0																			
4169	2026-09-24T17:21:34.189342923Z	208451	0																			
4170	2026-09-24T17:21:34.239080313Z	208501	0																			
4171	2026-09-24T17:21:34.288816678Z	208551	0																			
4172	2026-09-24T17:21:34.3395707Z	208601	0																			
4173	2026-09-24T17:21:34.389344655Z	208651	0																			
4174	2026-09-24T17:21:34.439126805Z	208701	0																			
4175	2026-09-24T17:21:34.488895153Z	208751	0																			
4176	2026-09-24T17:21:34.538618075Z	208800	0																			
4177	2026-09-24T17:21:34.58938858Z	208851	0																			
4178	2026-09-24T17:21:34.639192771Z	208901	0																			
4179	2026-09-24T17:21:34.68895919Z	208951	0																			
4180	2026-09-24T17:21:34.738645655Z	209000	0																			
4181	2026-09-24T17:21:34.78938685Z	209051	0																			
4182	2026-09-24T17:21:34.839087226Z	209101	0																			
4183	2026-09-24T17:21:34.888812035Z	209151	0																			
4184	2026-09-24T17:21:34.939507078Z	209201	0																			
4185	2026-09-24T17:21:34.98924217Z	209251	0																			
4186	2026-09-24T17:21:35.038975545Z	209301	0																			
4187	2026-09-24T17:21:35.088730643Z	209350	0																			
4188	2026-09-24T17:21:35.139468221Z	209401	0																			
4189	2026-09-24T17:21:35.189240667Z	209451	0																			
4190	2026-09-24T17:21:35.238905132Z	209501	0																			
4191	2026-09-24T17:21:35.289642509Z	209551	0																			
4192	2026-09-24T17:21:35.33937457Z	209601	0																			
4193	2026-09-24T17:21:35.389114972Z	209651	0																			
4194	2026-09-24T17:21:35.43883928Z	209701	0																			
4195	2026-09-24T17:21:35.489578688Z	209751	0																			
4196	2026-09-24T17:21:35.539282826Z	209801	0																			
4197	2026-09-24T17:21:35.589029223Z	209851	0																			
4198	2026-09-24T17:21:35.638739165Z	209900	0																			
4199	2026-09-24T17:21:35.689411855Z	209951	0																			
4200	2026-09-24T17:21:35.739131082Z	210001	0																			
4201	2026-09-24T17:21:35.789482896Z	210051	0																			
4202	2026-09-24T17:21:35.839192706Z	210101	0																			
4203	2026-09-24T17:21:35.888917958Z	210151	0																			
4204	2026-09-24T17:21:35.938596901Z	210200	0																			
4205	2026-09-24T17:21:35.989317732Z	210251	0																			
4206	2026-09-24T17:21:36.039047626Z	210301	0																			
4207	2026-09-24T17:21:36.088737915Z	210350	0																			
4208	2026-09-24T17:21:36.139406163Z	210401	0																			
4209	2026-09-24T17:21:36.189114596Z	210451	0																			
4210	2026-09-24T17:21:36.238785327Z	210500	0																			
4211	2026-09-24T17:21:36.28945594Z	210551	0																			
4212	2026-09-24T17:21:36.339144188Z	210601	0																			
4213	2026-09-24T17:21:36.388874573Z	210651	0																			
4214	2026-09-24T17:21:36.439570228Z	210701	0																			
4215	2026-09-24T17:21:36.489256461Z	210751	0																			
4216	2026-09-24T17:21:36.538917205Z	210801	0																			
4217	2026-09-24T17:21:36.589645395Z	210851	0																			
4218	2026-09-24T17:21:36.639400163Z	210901	0																			
4219	2026-09-24T17:21:36.689113955Z	210951	0																			
4220	2026-09-24T17:21:36.738818629Z	211001	0																			
4221	2026-09-24T17:21:36.789556698Z	211051	0																			
4222	2026-09-24T17:21:36.839222592Z	211101	0																			
4223	2026-09-24T17:21:36.888962924Z	211151	0																			
4224	2026-09-24T17:21:36.938656869Z	211200	0																			
4225	2026-09-24T17:21:36.989393643Z	211251	0																			
4226	2026-09-24T17:21:37.039088653Z	211301	0																			
4227	2026-09-24T17:21:37.088813984Z	211351	0																			
4228	2026-09-24T17:21:37.139544432Z	211401	0																			
4229	2026-09-24T17:21:37.189303052Z	211451	0																			
4230	2026-09-24T17:21:37.239043239Z	211501	0																			
4231	2026-09-24T17:21:37.288735587Z	211550	0																			
4232	2026-09-24T17:21:37.339415051Z	211601	0																			
4233	2026-09-24T17:21:37.38911596Z	211651	0																			
4234	2026-09-24T17:21:37.438812839Z	211701	0																			
4235	2026-09-24T17:21:37.489512125Z	211751	0																			
4236	2026-09-24T17:21:37.539246466Z	211801	0																			
4237	2026-09-24T17:21:37.588966446Z	211851	0																			
4238	2026-09-24T17:21:37.638656068Z	211900	0																			
4239	2026-09-24T17:21:37.689340484Z	211951	0																			
4240	2026-09-24T17:21:37.739042413Z	212001	0																			
4241	2026-09-24T17:21:37.788658577Z	212050	0																			
4242	2026-09-24T17:21:37.839323112Z	212101	0																			
4243	2026-09-24T17:21:37.889033199Z	212151	0																			
4244	2026-09-24T17:21:37.93872699Z	212200	0																			
4245	2026-09-24T17:21:37.989413096Z	212251	0																			
4246	2026-09-24T17:21:38.039117766Z	212301	0																			
4247	2026-09-24T17:21:38.088835109Z	212351	0																			
4248	2026-09-24T17:21:38.139510733Z	212401	0																			
4249	2026-09-24T17:21:38.18926717Z	212451	0																			
4250	2026-09-24T17:21:38.23894938Z	212501	0																			
4251	2026-09-24T17:21:38.28964186Z	212551	0																			
4252	2026-09-24T17:21:38.339378656Z	212601	0																			
4253	2026-09-24T17:21:38.389118514Z	212651	0																			
4254	2026-09-24T17:21:38.43881397Z	212701	0																			
4255	2026-09-24T17:21:38.489549922Z	212751	0																			
4256	2026-09-24T17:21:38.53928346Z	212801	0																			
4257	2026-09-24T17:21:38.589026449Z	212851	0																			
4258	2026-09-24T17:21:38.638740662Z	212900	0																			
4259	2026-09-24T17:21:38.689496478Z	212951	0																			
4260	2026-09-24T17:21:38.739191526Z	213001	0																			
4261	2026-09-24T17:21:38.788876263Z	213051	0																			
4262	2026-09-24T17:21:38.839569573Z	213101	0																			
4263	2026-09-24T17:21:38.889325857Z	213151	0																			
4264	2026-09-24T17:21:38.939026465Z	213201	0																			
4265	2026-09-24T17:21:38.988740037Z	213250	0																			
4266	2026-09-24T17:21:39.039419503Z	213301	0																			
4267	2026-09-24T17:21:39.089188633Z	213351	0																			
4268	2026-09-24T17:21:39.138894121Z	213401	0																			
4269	2026-09-24T17:21:39.188600599Z	213450	0																			
4270	2026-09-24T17:21:39.239347911Z	213501	0																			
4271	2026-09-24T17:21:39.289115467Z	213551	0																			
4272	2026-09-24T17:21:39.338865663Z	213601	0																			
4273	2026-09-24T17:21:39.389641646Z	213651	0																			
4274	2026-09-24T17:21:39.439353722Z	213701	0																			
4275	2026-09-24T17:21:39.489133885Z	213751	0																			
4276	2026-09-24T17:21:39.538851624Z	213801	0																			
4277	2026-09-24T17:21:39.588630218Z	213850	0																			
4278	2026-09-24T17:21:39.639412291Z	213901	0																			
4279	2026-09-24T17:21:39.689195625Z	213951	0																			
4280	2026-09-24T17:21:39.738903741Z	214001	0																			
4281	2026-09-24T17:21:39.789623623Z	214051	0																			
4282	2026-09-24T17:21:39.839348039Z	214101	0																			
4283	2026-09-24T17:21:39.889084712Z	214151	0																			
4284	2026-09-24T17:21:39.938816426Z	214201	0																			
4285	2026-09-24T17:21:39.989568556Z	214251	0																			
4286	2026-09-24T17:21:40.039260871Z	214301	0																			
4287	2026-09-24T17:21:40.089022802Z	214351	0																			
4288	2026-09-24T17:21:40.13873942Z	214400	0																			
4289	2026-09-24T17:21:40.189478188Z	214451	0																			
4290	2026-09-24T17:21:40.239169358Z	214501	0																			
4291	2026-09-24T17:21:40.288959371Z	214551	0																			
4292	2026-09-24T17:21:40.339649771Z	214601	0																			
4293	2026-09-24T17:21:40.389411062Z	214651	0																			
4294	2026-09-24T17:21:40.439117401Z	214701	0																			
4295	2026-09-24T17:21:40.488840833Z	214751	0																			
4296	2026-09-24T17:21:40.539567668Z	214801	0																			
4297	2026-09-24T17:21:40.589264324Z	214851	0																			
4298	2026-09-24T17:21:40.638991534Z	214901	0																			
4299	2026-09-24T17:21:40.689651546Z	214951	0																			
4300	2026-09-24T17:21:40.739380031Z	215001	0																			
4301	2026-09-24T17:21:40.789116771Z	215051	0																			
4302	2026-09-24T17:21:40.838815498Z	215101	0																			
4303	2026-09-24T17:21:40.889543007Z	215151	0																			
4304	2026-09-24T17:21:40.939267667Z	215201	0																			
4305	2026-09-24T17:21:40.989019567Z	215251	0																			
4306	2026-09-24T17:21:41.038728018Z	215300	0																			
4307	2026-09-24T17:21:41.089418926Z	215351	0																			
4308	2026-09-24T17:21:41.139117307Z	215401	0																			
4309	2026-09-24T17:21:41.188839857Z	215451	0																			
4310	2026-09-24T17:21:41.239571412Z	215501	0																			
4311	2026-09-24T17:21:41.289263575Z	215551	0																			
4312	2026-09-24T17:21:41.338965613Z	215601	0																			
4313	2026-09-24T17:21:41.38963252Z	215651	0																			
4314	2026-09-24T17:21:41.439346099Z	215701	0																			
4315	2026-09-24T17:21:41.489083997Z	215751	0																			
4316	2026-09-24T17:21:41.538811061Z	215801	0																			
4317	2026-09-24T17:21:41.589499796Z	215851	0																			
4318	2026-09-24T17:21:41.639193443Z	215901	0																			
4319	2026-09-24T17:21:41.688920341Z	215951	0																			
4320	2026-09-24T17:21:41.739645709Z	216001	0																			
4321	2026-09-24T17:21:41.78932893Z	216051	0																			
4322	2026-09-24T17:21:41.838995198Z	216101	0																			
4323	2026-09-24T17:21:41.888629653Z	216150	0																			
4324	2026-09-24T17:21:41.939320806Z	216201	0																			
4325	2026-09-24T17:21:41.989032569Z	216251	0																			
4326	2026-09-24T17:21:42.038742667Z	216300	0																			
4327	2026-09-24T17:21:42.089426415Z	216351	0																			
4328	2026-09-24T17:21:42.139120847Z	216401	0																			
4329	2026-09-24T17:21:42.188811166Z	216451	0																			
4330	2026-09-24T17:21:42.239532294Z	216501	0																			
4331	2026-09-24T17:21:42.289264969Z	216551	0																			
4332	2026-09-24T17:21:42.338989011Z	216601	0																			
4333	2026-09-24T17:21:42.388626682Z	216650	0																			
4334	2026-09-24T17:21:42.439340412Z	216701	0																			
4335	2026-09-24T17:21:42.489039437Z	216751	0																			
4336	2026-09-24T17:21:42.53873458Z	216800	0																			
4337	2026-09-24T17:21:42.589490022Z	216851	0																			
4338	2026-09-24T17:21:42.639191394Z	216901	0																			
4339	2026-09-24T17:21:42.688889815Z	216951	0																			
4340	2026-09-24T17:21:42.739559964Z	217001	0																			
4341	2026-09-24T17:21:42.78922737Z	217051	0																			
4342	2026-09-24T17:21:42.838963397Z	217101	0																			
4343	2026-09-24T17:21:42.888599491Z	217150	0																			
4344	2026-09-24T17:21:42.939333489Z	217201	0																			
4345	2026-09-24T17:21:42.989041874Z	217251	0																			
4346	2026-09-24T17:21:43.038751241Z	217300	0																			
4347	2026-09-24T17:21:43.089416269Z	217351	0																			
4348	2026-09-24T17:21:43.139117461Z	217401	0																			
4349	2026-09-24T17:21:43.188813808Z	217451	0																			
4350	2026-09-24T17:21:43.239537379Z	217501	0																			
4351	2026-09-24T17:21:43.289297011Z	217551	0																			
4352	2026-09-24T17:21:43.338965453Z	217601	0																			
4353	2026-09-24T17:21:43.389632896Z	217651	0																			
4354	2026-09-24T17:21:43.439336574Z	217701	0																			
4355	2026-09-24T17:21:43.489094254Z	217751	0																			
4356	2026-09-24T17:21:43.538806559Z	217800	0																			
4357	2026-09-24T17:21:43.589560861Z	217851	0																			
4358	2026-09-24T17:21:43.639248267Z	217901	0																			
4359	2026-09-24T17:21:43.688959256Z	217951	0																			
4360	2026-09-24T17:21:43.738636117Z	218000	0																			
4361	2026-09-24T17:21:43.789266345Z	218051	0																			
4362	2026-09-24T17:21:43.838960232Z	218101	0																			
4363	2026-09-24T17:21:43.888622127Z	218150	0																			
4364	2026-09-24T17:21:43.939330545Z	218201	0																			
4365	2026-09-24T17:21:43.989024395Z	218251	0																			
4366	2026-09-24T17:21:44.038722272Z	218300	0																			
4367	2026-09-24T17:21:44.089418231Z	218351	0																			
4368	2026-09-24T17:21:44.139114103Z	218401	0																			
4369	2026-09-24T17:21:44.188813845Z	218451	0																			
4370	2026-09-24T17:21:44.239526161Z	218501	0																			
4371	2026-09-24T17:21:44.289255005Z	218551	0																			
4372	2026-09-24T17:21:44.33895558Z	218601	0																			
4373	2026-09-24T17:21:44.388596499Z	218650	0																			
4374	2026-09-24T17:21:44.439345087Z	218701	0																			
4375	2026-09-24T17:21:44.489039427Z	218751	0																			
4376	2026-09-24T17:21:44.53873369Z	218800	0																			
4377	2026-09-24T17:21:44.589415934Z	218851	0																			
4378	2026-09-24T17:21:44.639177594Z	218901	0																			
4379	2026-09-24T17:21:44.68888805Z	218951	0																			
4380	2026-09-24T17:21:44.739570933Z	219001	0																			
4381	2026-09-24T17:21:44.789247606Z	219051	0																			
4382	2026-09-24T17:21:44.838986659Z	219101	0																			
4383	2026-09-24T17:21:44.888762911Z	219150	0																			
4384	2026-09-24T17:21:44.939490826Z	219201	0																			
4385	2026-09-24T17:21:44.989260242Z	219251	0																			
4386	2026-09-24T17:21:45.038995314Z	219301	0																			
4387	2026-09-24T17:21:45.088739115Z	219350	0																			
4388	2026-09-24T17:21:45.139474934Z	219401	0																			
4389	2026-09-24T17:21:45.189243932Z	219451	0																			
4390	2026-09-24T17:21:45.238971119Z	219501	0																			
4391	2026-09-24T17:21:45.288737475Z	219550	0																			
4392	2026-09-24T17:21:45.339414917Z	219601	0																			
4393	2026-09-24T17:21:45.389121045Z	219651	0																			
4394	2026-09-24T17:21:45.438786984Z	219700	0																			
4395	2026-09-24T17:21:45.489502548Z	219751	0																			
4396	2026-09-24T17:21:45.539242698Z	219801	0																			
4397	2026-09-24T17:21:45.588888929Z	219851	0																			
4398	2026-09-24T17:21:45.639568183Z	219901	0																			
4399	2026-09-24T17:21:45.689406035Z	219951	0																			
4400	2026-09-24T17:21:45.739129445Z	220001	0																			
4401	2026-09-24T17:21:45.789490736Z	220051	0																			
4402	2026-09-24T17:21:45.839172167Z	220101	0																			
4403	2026-09-24T17:21:45.888887231Z	220151	0																			
4404	2026-09-24T17:21:45.939585184Z	220201	0																			
4405	2026-09-24T17:21:45.989335022Z	220251	0																			
4406	2026-09-24T17:21:46.039053299Z	220301	0																			
4407	2026-09-24T17:21:46.088759171Z	220350	0																			
4408	2026-09-24T17:21:46.139440397Z	220401	0																			
4409	2026-09-24T17:21:46.18918617Z	220451	0																			
4410	2026-09-24T17:21:46.238895214Z	220501	0																			
4411	2026-09-24T17:21:46.289644026Z	220551	0																			
4412	2026-09-24T17:21:46.339341878Z	220601	0																			
4413	2026-09-24T17:21:46.38902302Z	220651	0																			
4414	2026-09-24T17:21:46.438731704Z	220700	0																			
4415	2026-09-24T17:21:46.48945373Z	220751	0																			
4416	2026-09-24T17:21:46.53919939Z	220801	0																			
4417	2026-09-24T17:21:46.588909957Z	220851	0																			
4418	2026-09-24T17:21:46.639642888Z	220901	0																			
4419	2026-09-24T17:21:46.689374358Z	220951	0																			
4420	2026-09-24T17:21:46.739098362Z	221001	0																			
4421	2026-09-24T17:21:46.788731196Z	221050	0																			
4422	2026-09-24T17:21:46.839420761Z	221101	0																			
4423	2026-09-24T17:21:46.889116931Z	221151	0																			
4424	2026-09-24T17:21:46.938850926Z	221201	0																			
4425	2026-09-24T17:21:46.989541736Z	221251	0																			
4426	2026-09-24T17:21:47.039269754Z	221301	0																			
4427	2026-09-24T17:21:47.088950989Z	221351	0																			
4428	2026-09-24T17:21:47.139649855Z	221401	0																			
4429	2026-09-24T17:21:47.189340256Z	221451	0																			
4430	2026-09-24T17:21:47.239044417Z	221501	0																			
4431	2026-09-24T17:21:47.288789066Z	221550	0																			
4432	2026-09-24T17:21:47.339499936Z	221601	0																			
4433	2026-09-24T17:21:47.389268429Z	221651	0																			
4434	2026-09-24T17:21:47.438968755Z	221701	0																			
4435	2026-09-24T17:21:47.488651323Z	221750	0																			
4436	2026-09-24T17:21:47.539423256Z	221801	0																			
4437	2026-09-24T17:21:47.589189908Z	221851	0																			
4438	2026-09-24T17:21:47.638890427Z	221901	0																			
4439	2026-09-24T17:21:47.689599429Z	221951	0																			
4440	2026-09-24T17:21:47.739308434Z	222001	0																			
4441	2026-09-24T17:21:47.788963428Z	222051	0																			
4442	2026-09-24T17:21:47.838627389Z	222100	0																			
4443	2026-09-24T17:21:47.889342967Z	222151	0																			
4444	2026-09-24T17:21:47.939076267Z	222201	0																			
4445	2026-09-24T17:21:47.988786868Z	222250	0																			
4446	2026-09-24T17:21:48.039497631Z	222301	0																			
4447	2026-09-24T17:21:48.089191102Z	222351	0																			
4448	2026-09-24T17:21:48.138812847Z	222401	0																			
4449	2026-09-24T17:21:48.189565071Z	222451	0																			
4450	2026-09-24T17:21:48.239342097Z	222501	0																			
4451	2026-09-24T17:21:48.289025135Z	222551	0																			
4452	2026-09-24T17:21:48.338738091Z	222600	0																			
4453	2026-09-24T17:21:48.389420162Z	222651	0																			
4454	2026-09-24T17:21:48.439099559Z	222701	0																			
4455	2026-09-24T17:21:48.488810252Z	222751	0																			
4456	2026-09-24T17:21:48.539504032Z	222801	0																			
4457	2026-09-24T17:21:48.589186546Z	222851	0																			
4458	2026-09-24T17:21:48.63892021Z	222901	0																			
4459	2026-09-24T17:21:48.688640788Z	222950	0																			
4460	2026-09-24T17:21:48.73934282Z	223001	0																			
4461	2026-09-24T17:21:48.789020569Z	223051	0																			
4462	2026-09-24T17:21:48.83863684Z	223100	0																			
4463	2026-09-24T17:21:48.889341527Z	223151	0																			
4464	2026-09-24T17:21:48.939045932Z	223201	0																			
4465	2026-09-24T17:21:48.988737124Z	223250	0																			
4466	2026-09-24T17:21:49.039418065Z	223301	0																			
4467	2026-09-24T17:21:49.089168317Z	223351	0																			
4468	2026-09-24T17:21:49.138886925Z	223401	0																			
4469	2026-09-24T17:21:49.189603252Z	223451	0																			
4470	2026-09-24T17:21:49.239322151Z	223501	0																			
4471	2026-09-24T17:21:49.289023875Z	223551	0																			
4472	2026-09-24T17:21:49.338737753Z	223600	0																			
4473	2026-09-24T17:21:49.389417113Z	223651	0																			
4474	2026-09-24T17:21:49.439116007Z	223701	0																			
4475	2026-09-24T17:21:49.488816274Z	223751	0																			
4476	2026-09-24T17:21:49.539526641Z	223801	0																			
4477	2026-09-24T17:21:49.589279942Z	223851	0																			
4478	2026-09-24T17:21:49.639079653Z	223901	0																			
4479	2026-09-24T17:21:49.688791751Z	223950	0																			
4480	2026-09-24T17:21:49.739497758Z	224001	0																			
4481	2026-09-24T17:21:49.789167131Z	224051	0																			
4482	2026-09-24T17:21:49.838818712Z	224101	0																			
4483	2026-09-24T17:21:49.889549877Z	224151	0																			
4484	2026-09-24T17:21:49.93927695Z	224201	0																			
4485	2026-09-24T17:21:49.988958256Z	224251	0																			
4486	2026-09-24T17:21:50.038613804Z	224300	0																			
4487	2026-09-24T17:21:50.08932258Z	224351	0																			
4488	2026-09-24T17:21:50.138968428Z	224401	0																			
4489	2026-09-24T17:21:50.188631445Z	224450	0																			
4490	2026-09-24T17:21:50.239345957Z	224501	0																			
4491	2026-09-24T17:21:50.289099801Z	224551	0																			
4492	2026-09-24T17:21:50.338792201Z	224600	0																			
4493	2026-09-24T17:21:50.389491787Z	224651	0																			
4494	2026-09-24T17:21:50.439169141Z	224701	0																			
4495	2026-09-24T17:21:50.488876665Z	224751	0																			
4496	2026-09-24T17:21:50.539582777Z	224801	0																			
4497	2026-09-24T17:21:50.589339539Z	224851	0																			
4498	2026-09-24T17:21:50.639039583Z	224901	0																			
4499	2026-09-24T17:21:50.68874324Z	224950	0																			
4500	2026-09-24T17:21:50.739417524Z	225001	0																			
4501	2026-09-24T17:21:50.789084358Z	225051	0																			
4502	2026-09-24T17:21:50.838795886Z	225100	0																			
4503	2026-09-24T17:21:50.889490985Z	225151	0																			
4504	2026-09-24T17:21:50.939190674Z	225201	0																			
4505	2026-09-24T17:21:50.988888855Z	225251	0																			
4506	2026-09-24T17:21:51.03954714Z	225301	0																			
4507	2026-09-24T17:21:51.089223858Z	225351	0																			
4508	2026-09-24T17:21:51.138965444Z	225401	0																			
4509	2026-09-24T17:21:51.188628515Z	225450	0																			
4510	2026-09-24T17:21:51.239345518Z	225501	0																			
4511	2026-09-24T17:21:51.289100622Z	225551	0																			
4512	2026-09-24T17:21:51.338811136Z	225601	0																			
4513	2026-09-24T17:21:51.38949523Z	225651	0																			
4514	2026-09-24T17:21:51.439189509Z	225701	0																			
4515	2026-09-24T17:21:51.488893002Z	225751	0																			
4516	2026-09-24T17:21:51.53957803Z	225801	0																			
4517	2026-09-24T17:21:51.589298117Z	225851	0																			
4518	2026-09-24T17:21:51.639100722Z	225901	0																			
4519	2026-09-24T17:21:51.688751137Z	225950	0																			
4520	2026-09-24T17:21:51.739481521Z	226001	0																			
4521	2026-09-24T17:21:51.789112871Z	226051	0																			
4522	2026-09-24T17:21:51.838797246Z	226100	0																			
4523	2026-09-24T17:21:51.889487754Z	226151	0																			
4524	2026-09-24T17:21:51.939169224Z	226201	0																			
4525	2026-09-24T17:21:51.988888406Z	226251	0																			
4526	2026-09-24T17:21:52.039571906Z	226301	0																			
4527	2026-09-24T17:21:52.089259074Z	226351	0																			
4528	2026-09-24T17:21:52.139047701Z	226401	0																			
4529	2026-09-24T17:21:52.188783374Z	226450	0																			
4530	2026-09-24T17:21:52.239494425Z	226501	0																			
4531	2026-09-24T17:21:52.289268061Z	226551	0																			
4532	2026-09-24T17:21:52.338997069Z	226601	0																			
4533	2026-09-24T17:21:52.388722843Z	226650	0																			
4534	2026-09-24T17:21:52.439419075Z	226701	0																			
4535	2026-09-24T17:21:52.489157335Z	226751	0																			
4536	2026-09-24T17:21:52.53894667Z	226801	0																			
4537	2026-09-24T17:21:52.588740607Z	226850	0																			
4538	2026-09-24T17:21:52.639495339Z	226901	0																			
4539	2026-09-24T17:21:52.689291979Z	226951	0																			
4540	2026-09-24T17:21:52.739036053Z	227001	0																			
4541	2026-09-24T17:21:52.788738629Z	227050	0																			
4542	2026-09-24T17:21:52.839478842Z	227101	0																			
4543	2026-09-24T17:21:52.889273853Z	227151	0																			
4544	2026-09-24T17:21:52.939004592Z	227201	0																			
4545	2026-09-24T17:21:52.988727889Z	227250	0																			
4546	2026-09-24T17:21:53.039418649Z	227301	0																			
4547	2026-09-24T17:21:53.089105638Z	227351	0																			
4548	2026-09-24T17:21:53.13881376Z	227401	0																			
4549	2026-09-24T17:21:53.189542047Z	227451	0																			
4550	2026-09-24T17:21:53.239267973Z	227501	0																			
4551	2026-09-24T17:21:53.28896074Z	227551	0																			
4552	2026-09-24T17:21:53.338665375Z	227600	0																			
4553	2026-09-24T17:21:53.389420604Z	227651	0																			
4554	2026-09-24T17:21:53.439162881Z	227701	0																			
4555	2026-09-24T17:21:53.488890891Z	227751	0																			
4556	2026-09-24T17:21:53.538596093Z	227800	0																			
4557	2026-09-24T17:21:53.589410159Z	227851	0																			
4558	2026-09-24T17:21:53.639189741Z	227901	0																			
4559	2026-09-24T17:21:53.689016354Z	227951	0																			
4560	2026-09-24T17:21:53.738738992Z	228000	0																			
4561	2026-09-24T17:21:53.789398974Z	228051	0																			
4562	2026-09-24T17:21:53.839116347Z	228101	0																			
4563	2026-09-24T17:21:53.888810594Z	228151	0																			
4564	2026-09-24T17:21:53.939514965Z	228201	0																			
4565	2026-09-24T17:21:53.98925735Z	228251	0																			
4566	2026-09-24T17:21:54.038892185Z	228301	0																			
4567	2026-09-24T17:21:54.089567867Z	228351	0																			
4568	2026-09-24T17:21:54.139269979Z	228401	0																			
4569	2026-09-24T17:21:54.188955183Z	228451	0																			
4570	2026-09-24T17:21:54.239602135Z	228501	0																			
4571	2026-09-24T17:21:54.289330302Z	228551	0																			
4572	2026-09-24T17:21:54.339037764Z	228601	0																			
4573	2026-09-24T17:21:54.388641939Z	228650	0																			
4574	2026-09-24T17:21:54.439341296Z	228701	0																			
4575	2026-09-24T17:21:54.489032255Z	228751	0																			
4576	2026-09-24T17:21:54.538729677Z	228800	0																			
4577	2026-09-24T17:21:54.589482427Z	228851	0																			
4578	2026-09-24T17:21:54.639246582Z	228901	0																			
4579	2026-09-24T17:21:54.688953339Z	228951	0																			
4580	2026-09-24T17:21:54.739595744Z	229001	0																			
4581	2026-09-24T17:21:54.78926418Z	229051	0																			
4582	2026-09-24T17:21:54.838949806Z	229101	0																			
4583	2026-09-24T17:21:54.888601998Z	229150	0																			
4584	2026-09-24T17:21:54.939267538Z	229201	0																			
4585	2026-09-24T17:21:54.988963135Z	229251	0																			
4586	2026-09-24T17:21:55.038634631Z	229300	0																			
4587	2026-09-24T17:21:55.08939242Z	229351	0																			
4588	2026-09-24T17:21:55.139116794Z	229401	0																			
4589	2026-09-24T17:21:55.188812628Z	229451	0																			
4590	2026-09-24T17:21:55.239496045Z	229501	0																			
4591	2026-09-24T17:21:55.289246327Z	229551	0																			
4592	2026-09-24T17:21:55.338966609Z	229601	0																			
4593	2026-09-24T17:21:55.388643772Z	229650	0																			
4594	2026-09-24T17:21:55.439361674Z	229701	0																			
4595	2026-09-24T17:21:55.489096209Z	229751	0																			
4596	2026-09-24T17:21:55.538822483Z	229801	0																			
4597	2026-09-24T17:21:55.589496135Z	229851	0																			
4598	2026-09-24T17:21:55.639212802Z	229901	0																			
4599	2026-09-24T17:21:55.688920056Z	229951	0																			
4600	2026-09-24T17:21:55.738636293Z	230000	0																			
4601	2026-09-24T17:21:55.788889734Z	230051	0																			
4602	2026-09-24T17:21:55.839568269Z	230101	0																			
4603	2026-09-24T17:21:55.889226042Z	230151	0																			
4604	2026-09-24T17:21:55.938936906Z	230201	0																			
4605	2026-09-24T17:21:55.989644809Z	230251	0																			
4606	2026-09-24T17:21:56.039339549Z	230301	0																			
4607	2026-09-24T17:21:56.088961074Z	230351	0																			
4608	2026-09-24T17:21:56.138615833Z	230400	0																			
4609	2026-09-24T17:21:56.189344691Z	230451	0																			
4610	2026-09-24T17:21:56.239042234Z	230501	0																			
4611	2026-09-24T17:21:56.288755989Z	230550	0																			
4612	2026-09-24T17:21:56.339494966Z	230601	0																			
4613	2026-09-24T17:21:56.389191243Z	230651	0																			
4614	2026-09-24T17:21:56.438906396Z	230701	0																			
4615	2026-09-24T17:21:56.489631092Z	230751	0																			
4616	2026-09-24T17:21:56.539341694Z	230801	0																			
4617	2026-09-24T17:21:56.589084957Z	230851	0																			
4618	2026-09-24T17:21:56.6388744Z	230901	0																			
4619	2026-09-24T17:21:56.689566085Z	230951	0																			
4620	2026-09-24T17:21:56.739264605Z	231001	0																			
4621	2026-09-24T17:21:56.788912249Z	231051	0																			
4622	2026-09-24T17:21:56.839621132Z	231101	0																			
4623	2026-09-24T17:21:56.88932343Z	231151	0																			
4624	2026-09-24T17:21:56.939042898Z	231201	0																			
4625	2026-09-24T17:21:56.988734324Z	231250	0																			
4626	2026-09-24T17:21:57.03947134Z	231301	0																			
4627	2026-09-24T17:21:57.089212966Z	231351	0																			
4628	2026-09-24T17:21:57.138889988Z	231401	0																			
4629	2026-09-24T17:21:57.189569277Z	231451	0																			
4630	2026-09-24T17:21:57.239285427Z	231501	0																			
4631	2026-09-24T17:21:57.289030361Z	231551	0																			
4632	2026-09-24T17:21:57.33874068Z	231600	0																			
4633	2026-09-24T17:21:57.389495421Z	231651	0																			
4634	2026-09-24T17:21:57.439244774Z	231701	0																			
4635	2026-09-24T17:21:57.488988462Z	231751	0																			
4636	2026-09-24T17:21:57.538731579Z	231800	0																			
4637	2026-09-24T17:21:57.589558757Z	231851	0																			
4638	2026-09-24T17:21:57.639317646Z	231901	0																			
4639	2026-09-24T17:21:57.689025917Z	231951	0																			
4640	2026-09-24T17:21:57.73872184Z	232000	0																			
4641	2026-09-24T17:21:57.789389664Z	232051	0																			
4642	2026-09-24T17:21:57.839091525Z	232101	0																			
4643	2026-09-24T17:21:57.888737024Z	232150	0																			
4644	2026-09-24T17:21:57.93942077Z	232201	0																			
4645	2026-09-24T17:21:57.989167758Z	232251	0																			
4646	2026-09-24T17:21:58.038892494Z	232301	0																			
4647	2026-09-24T17:21:58.089641198Z	232351	0																			
4648	2026-09-24T17:21:58.13936318Z	232401	0																			
4649	2026-09-24T17:21:58.189094002Z	232451	0																			
4650	2026-09-24T17:21:58.238816468Z	232501	0																			
4651	2026-09-24T17:21:58.289541325Z	232551	0																			
4652	2026-09-24T17:21:58.339265995Z	232601	0																			
4653	2026-09-24T17:21:58.388957353Z	232651	0																			
4654	2026-09-24T17:21:58.438625226Z	232700	0																			
4655	2026-09-24T17:21:58.489361335Z	232751	0																			
4656	2026-09-24T17:21:58.539046922Z	232801	0																			
4657	2026-09-24T17:21:58.588740379Z	232850	0																			
4658	2026-09-24T17:21:58.639475695Z	232901	0																			
4659	2026-09-24T17:21:58.68919811Z	232951	0																			
4660	2026-09-24T17:21:58.738891644Z	233001	0																			
4661	2026-09-24T17:21:58.789573378Z	233051	0																			
4662	2026-09-24T17:21:58.83925194Z	233101	0																			
4663	2026-09-24T17:21:58.8889613Z	233151	0																			
4664	2026-09-24T17:21:58.939648752Z	233201	0																			
4665	2026-09-24T17:21:58.989336278Z	233251	0																			
4666	2026-09-24T17:21:59.039043203Z	233301	0																			
4667	2026-09-24T17:21:59.088716833Z	233350	0																			
4668	2026-09-24T17:21:59.139415503Z	233401	0																			
4669	2026-09-24T17:21:59.189154811Z	233451	0																			
4670	2026-09-24T17:21:59.238852128Z	233501	0																			
4671	2026-09-24T17:21:59.289569581Z	233551	0																			
4672	2026-09-24T17:21:59.339283049Z	233601	0																			
4673	2026-09-24T17:21:59.389026706Z	233651	0																			
4674	2026-09-24T17:21:59.43872456Z	233700	0																			
4675	2026-09-24T17:21:59.489373061Z	233751	0																			
4676	2026-09-24T17:21:59.539076225Z	233801	0																			
4677	2026-09-24T17:21:59.588801948Z	233850	0																			
4678	2026-09-24T17:21:59.639496249Z	233901	0																			
4679	2026-09-24T17:21:59.689230856Z	233951	0																			
4680	2026-09-24T17:21:59.738955339Z	234001	0																			
4681	2026-09-24T17:21:59.789643921Z	234051	0																			
4682	2026-09-24T17:21:59.839352255Z	234101	0																			
4683	2026-09-24T17:21:59.8890924Z	234151	0																			
4684	2026-09-24T17:21:59.938807456Z	234200	0																			
4685	2026-09-24T17:21:59.989490723Z	234251	0																			
4686	2026-09-24T17:22:00.039169507Z	234301	0																			
4687	2026-09-24T17:22:00.088909178Z	234351	0																			
4688	2026-09-24T17:22:00.139645455Z	234401	0																			
4689	2026-09-24T17:22:00.189351631Z	234451	0																			
4690	2026-09-24T17:22:00.239040818Z	234501	0																			
4691	2026-09-24T17:22:00.288767971Z	234550	0																			
4692	2026-09-24T17:22:00.339483342Z	234601	0																			
4693	2026-09-24T17:22:00.389192669Z	234651	0																			
4694	2026-09-24T17:22:00.438897883Z	234701	0																			
4695	2026-09-24T17:22:00.489583231Z	234751	0																			
4696	2026-09-24T17:22:00.539273867Z	234801	0																			
4697	2026-09-24T17:22:00.589019771Z	234851	0																			
4698	2026-09-24T17:22:00.638657647Z	234900	0																			
4699	2026-09-24T17:22:00.689374311Z	234951	0																			
4700	2026-09-24T17:22:00.739042035Z	235001	0																			
4701	2026-09-24T17:22:00.788633902Z	235050	0																			
4702	2026-09-24T17:22:00.83933944Z	235101	0																			
4703	2026-09-24T17:22:00.88904041Z	235151	0																			
4704	2026-09-24T17:22:00.938742915Z	235200	0																			
4705	2026-09-24T17:22:00.989443044Z	235251	0																			
4706	2026-09-24T17:22:01.039116262Z	235301	0																			
4707	2026-09-24T17:22:01.088827634Z	235351	0																			
4708	2026-09-24T17:22:01.139548297Z	235401	0																			
4709	2026-09-24T17:22:01.189265902Z	235451	0																			
4710	2026-09-24T17:22:01.238970661Z	235501	0																			
4711	2026-09-24T17:22:01.288647235Z	235550	0																			
4712	2026-09-24T17:22:01.339343523Z	235601	0																			
4713	2026-09-24T17:22:01.389041121Z	235651	0																			
4714	2026-09-24T17:22:01.438757685Z	235700	0																			
4715	2026-09-24T17:22:01.489415208Z	235751	0																			
4716	2026-09-24T17:22:01.539175354Z	235801	0																			
4717	2026-09-24T17:22:01.588885415Z	235851	0																			
4718	2026-09-24T17:22:01.639587342Z	235901	0																			
4719	2026-09-24T17:22:01.689360218Z	235951	0																			
4720	2026-09-24T17:22:01.739054893Z	236001	0																			
4721	2026-09-24T17:22:01.788737413Z	236050	0																			
4722	2026-09-24T17:22:01.839418828Z	236101	0																			
4723	2026-09-24T17:22:01.889115499Z	236151	0																			
4724	2026-09-24T17:22:01.938786493Z	236200	0																			
4725	2026-09-24T17:22:01.989458482Z	236251	0																			
4726	2026-09-24T17:22:02.039191201Z	236301	0																			
4727	2026-09-24T17:22:02.088956325Z	236351	0																			
4728	2026-09-24T17:22:02.138637071Z	236400	0																			
4729	2026-09-24T17:22:02.1893731Z	236451	0																			
4730	2026-09-24T17:22:02.239115125Z	236501	0																			
4731	2026-09-24T17:22:02.288812522Z	236551	0																			
4732	2026-09-24T17:22:02.339536251Z	236601	0																			
4733	2026-09-24T17:22:02.389293957Z	236651	0																			
4734	2026-09-24T17:22:02.438966079Z	236701	0																			
4735	2026-09-24T17:22:02.488629967Z	236750	0																			
4736	2026-09-24T17:22:02.539342026Z	236801	0																			
4737	2026-09-24T17:22:02.589026523Z	236851	0																			
4738	2026-09-24T17:22:02.638729523Z	236900	0																			
4739	2026-09-24T17:22:02.689413337Z	236951	0																			
4740	2026-09-24T17:22:02.739113841Z	237001	0																			
4741	2026-09-24T17:22:02.788735874Z	237050	0																			
4742	2026-09-24T17:22:02.839419283Z	237101	0																			
4743	2026-09-24T17:22:02.889116927Z	237151	0																			
4744	2026-09-24T17:22:02.938827826Z	237201	0																			
4745	2026-09-24T17:22:02.989545033Z	237251	0																			
4746	2026-09-24T17:22:03.039247499Z	237301	0																			
4747	2026-09-24T17:22:03.088953749Z	237351	0																			
4748	2026-09-24T17:22:03.138603961Z	237400	0																			
4749	2026-09-24T17:22:03.189342353Z	237451	0																			
4750	2026-09-24T17:22:03.239056127Z	237501	0																			
4751	2026-09-24T17:22:03.288811698Z	237551	0																			
4752	2026-09-24T17:22:03.339494656Z	237601	0																			
4753	2026-09-24T17:22:03.389190662Z	237651	0																			
4754	2026-09-24T17:22:03.438874617Z	237701	0																			
4755	2026-09-24T17:22:03.489575317Z	237751	0																			
4756	2026-09-24T17:22:03.539287487Z	237801	0																			
4757	2026-09-24T17:22:03.58902941Z	237851	0																			
4758	2026-09-24T17:22:03.638736707Z	237900	0																			
4759	2026-09-24T17:22:03.689437478Z	237951	0																			
4760	2026-09-24T17:22:03.739157613Z	238001	0																			
4761	2026-09-24T17:22:03.788813556Z	238051	0																			
4762	2026-09-24T17:22:03.839512726Z	238101	0																			
4763	2026-09-24T17:22:03.889188845Z	238151	0																			
4764	2026-09-24T17:22:03.938879437Z	238201	0																			
4765	2026-09-24T17:22:03.989565234Z	238251	0																			
4766	2026-09-24T17:22:04.039260374Z	238301	0																			
4767	2026-09-24T17:22:04.088956925Z	238351	0																			
4768	2026-09-24T17:22:04.138611553Z	238400	0																			
4769	2026-09-24T17:22:04.189328301Z	238451	0																			
4770	2026-09-24T17:22:04.239044089Z	238501	0																			
4771	2026-09-24T17:22:04.288764Z	238550	0																			
4772	2026-09-24T17:22:04.339468952Z	238601	0																			
4773	2026-09-24T17:22:04.389191343Z	238651	0																			
4774	2026-09-24T17:22:04.438892989Z	238701	0																			
4775	2026-09-24T17:22:04.489573407Z	238751	0																			
4776	2026-09-24T17:22:04.539263122Z	238801	0																			
4777	2026-09-24T17:22:04.588958778Z	238851	0																			
4778	2026-09-24T17:22:04.638615329Z	238900	0																			
4779	2026-09-24T17:22:04.689320102Z	238951	0																			
4780	2026-09-24T17:22:04.739013158Z	239001	0																			
4781	2026-09-24T17:22:04.788639805Z	239050	0																			
4782	2026-09-24T17:22:04.839339754Z	239101	0																			
4783	2026-09-24T17:22:04.889028921Z	239151	0																			
4784	2026-09-24T17:22:04.93860091Z	239200	0																			
4785	2026-09-24T17:22:04.98931041Z	239251	0																			
4786	2026-09-24T17:22:05.039037106Z	239301	0																			
4787	2026-09-24T17:22:05.088753846Z	239350	0																			
4788	2026-09-24T17:22:05.139442764Z	239401	0																			
4789	2026-09-24T17:22:05.189171084Z	239451	0																			
4790	2026-09-24T17:22:05.238880423Z	239501	0																			
4791	2026-09-24T17:22:05.289638217Z	239551	0																			
4792	2026-09-24T17:22:05.339340482Z	239601	0																			
4793	2026-09-24T17:22:05.389039081Z	239651	0																			
4794	2026-09-24T17:22:05.438737104Z	239700	0																			
4795	2026-09-24T17:22:05.489436071Z	239751	0																			
4796	2026-09-24T17:22:05.53912506Z	239801	0																			
4797	2026-09-24T17:22:05.58886215Z	239851	0																			
4798	2026-09-24T17:22:05.639566037Z	239901	0																			
4799	2026-09-24T17:22:05.689263515Z	239951	0																			
4800	2026-09-24T17:22:05.738962959Z	240001	0																			
4801	2026-09-24T17:22:05.789354053Z	240051	0																			
4802	2026-09-24T17:22:05.83903021Z	240101	0																			
4803	2026-09-24T17:22:05.888657634Z	240150	0																			
4804	2026-09-24T17:22:05.939342805Z	240201	0																			
4805	2026-09-24T17:22:05.989038594Z	240251	0																			
4806	2026-09-24T17:22:06.038737498Z	240300	0																			
4807	2026-09-24T17:22:06.089474406Z	240351	0																			
4808	2026-09-24T17:22:06.139198845Z	240401	0																			
4809	2026-09-24T17:22:06.188887285Z	240451	0																			
4810	2026-09-24T17:22:06.239603678Z	240501	0																			
4811	2026-09-24T17:22:06.288614638Z	240550	0																			
