sample	timestamp	elapsed_ms	captured_waits	capture_error	wait_key	requesting_trx_id	blocking_trx_id	object_schema	object_table	object_index	request_lock_type	request_lock_mode	request_lock_data	blocking_lock_type	blocking_lock_mode	blocking_lock_data	requesting_thread_id	requesting_processlist_id	requesting_sql	blocking_thread_id	blocking_processlist_id	blocking_sql
0	2026-09-24T17:18:05.641599959Z	0	0																			
1	2026-09-24T17:18:05.693109049Z	51	0																			
2	2026-09-24T17:18:05.743647453Z	102	0																			
3	2026-09-24T17:18:05.793283246Z	151	0																			
4	2026-09-24T17:18:05.843850814Z	202	0																			
5	2026-09-24T17:18:05.893389807Z	251	0																			
6	2026-09-24T17:18:05.943939352Z	302	0																			
7	2026-09-24T17:18:05.993600358Z	352	0																			
8	2026-09-24T17:18:06.043283538Z	401	0																			
9	2026-09-24T17:18:06.093945734Z	452	0																			
10	2026-09-24T17:18:06.143563796Z	501	0																			
11	2026-09-24T17:18:06.193134571Z	551	0																			
12	2026-09-24T17:18:06.243643236Z	602	0																			
13	2026-09-24T17:18:06.29313083Z	651	0																			
14	2026-09-24T17:18:06.343683241Z	702	0																			
15	2026-09-24T17:18:06.393130669Z	751	0																			
16	2026-09-24T17:18:06.443661557Z	802	0																			
17	2026-09-24T17:18:06.493123023Z	851	0																			
18	2026-09-24T17:18:06.543578121Z	901	0																			
19	2026-09-24T17:18:06.593057179Z	951	0																			
20	2026-09-24T17:18:06.643565989Z	1001	0																			
21	2026-09-24T17:18:06.693069116Z	1051	0																			
22	2026-09-24T17:18:06.743571733Z	1101	0																			
23	2026-09-24T17:18:06.793139092Z	1151	0																			
24	2026-09-24T17:18:06.843719465Z	1202	0																			
25	2026-09-24T17:18:06.893264343Z	1251	0																			
26	2026-09-24T17:18:06.943962627Z	1302	0																			
27	2026-09-24T17:18:06.993594921Z	1351	0																			
28	2026-09-24T17:18:07.043126418Z	1401	0																			
29	2026-09-24T17:18:07.093671125Z	1452	0																			
30	2026-09-24T17:18:07.143280492Z	1501	0																			
31	2026-09-24T17:18:07.193824628Z	1552	0																			
32	2026-09-24T17:18:07.243359603Z	1601	0																			
33	2026-09-24T17:18:07.293939572Z	1652	0																			
34	2026-09-24T17:18:07.343502293Z	1701	0																			
35	2026-09-24T17:18:07.393047276Z	1751	0																			
36	2026-09-24T17:18:07.443584072Z	1801	0																			
37	2026-09-24T17:18:07.493057295Z	1851	0																			
38	2026-09-24T17:18:07.543519728Z	1901	0																			
39	2026-09-24T17:18:07.59314876Z	1951	0																			
40	2026-09-24T17:18:07.643733111Z	2002	0																			
41	2026-09-24T17:18:07.693280381Z	2051	0																			
42	2026-09-24T17:18:07.743809366Z	2102	0																			
43	2026-09-24T17:18:07.793361129Z	2151	0																			
44	2026-09-24T17:18:07.843068795Z	2201	0																			
45	2026-09-24T17:18:07.893651997Z	2252	0																			
46	2026-09-24T17:18:07.943133322Z	2301	0																			
47	2026-09-24T17:18:07.993664208Z	2352	0																			
48	2026-09-24T17:18:08.043183322Z	2401	0																			
49	2026-09-24T17:18:08.093719528Z	2452	0																			
50	2026-09-24T17:18:08.143216655Z	2501	0																			
51	2026-09-24T17:18:08.193749496Z	2552	0																			
52	2026-09-24T17:18:08.243271185Z	2601	0																			
53	2026-09-24T17:18:08.29380485Z	2652	0																			
54	2026-09-24T17:18:08.34331426Z	2701	0																			
55	2026-09-24T17:18:08.393749834Z	2752	0																			
56	2026-09-24T17:18:08.443436972Z	2801	0																			
57	2026-09-24T17:18:08.493064105Z	2851	0																			
58	2026-09-24T17:18:08.543742845Z	2902	0																			
59	2026-09-24T17:18:08.593441115Z	2951	0																			
60	2026-09-24T17:18:08.643136795Z	3001	0																			
61	2026-09-24T17:18:08.693745601Z	3052	0																			
62	2026-09-24T17:18:08.743284537Z	3101	0																			
63	2026-09-24T17:18:08.793818353Z	3152	0																			
64	2026-09-24T17:18:08.843283125Z	3201	0																			
65	2026-09-24T17:18:08.893745766Z	3252	0																			
66	2026-09-24T17:18:08.943302947Z	3301	0																			
67	2026-09-24T17:18:08.993819998Z	3352	0																			
68	2026-09-24T17:18:09.043283922Z	3401	0																			
69	2026-09-24T17:18:09.093821087Z	3452	0																			
70	2026-09-24T17:18:09.143292505Z	3501	0																			
71	2026-09-24T17:18:09.193830114Z	3552	0																			
72	2026-09-24T17:18:09.243359852Z	3601	0																			
73	2026-09-24T17:18:09.293908062Z	3652	0																			
74	2026-09-24T17:18:09.343499993Z	3701	0																			
75	2026-09-24T17:18:09.393055246Z	3751	0																			
76	2026-09-24T17:18:09.443636976Z	3802	0																			
77	2026-09-24T17:18:09.493228898Z	3851	0																			
78	2026-09-24T17:18:09.543786543Z	3902	0																			
79	2026-09-24T17:18:09.593284797Z	3951	0																			
80	2026-09-24T17:18:09.643904029Z	4002	0																			
81	2026-09-24T17:18:09.693442942Z	4051	0																			
82	2026-09-24T17:18:09.743886006Z	4102	0																			
83	2026-09-24T17:18:09.793409638Z	4151	0																			
84	2026-09-24T17:18:09.843932255Z	4202	0																			
85	2026-09-24T17:18:09.89343632Z	4251	0																			
86	2026-09-24T17:18:09.943947467Z	4302	0																			
87	2026-09-24T17:18:09.99343152Z	4351	0																			
88	2026-09-24T17:18:10.043886974Z	4402	0																			
89	2026-09-24T17:18:10.093377154Z	4451	0																			
90	2026-09-24T17:18:10.143877425Z	4502	0																			
91	2026-09-24T17:18:10.193365926Z	4551	0																			
92	2026-09-24T17:18:10.24292077Z	4601	0																			
93	2026-09-24T17:18:10.293358263Z	4651	0																			
94	2026-09-24T17:18:10.343797764Z	4702	0																			
95	2026-09-24T17:18:10.393283512Z	4751	0																			
96	2026-09-24T17:18:10.443735191Z	4802	0																			
97	2026-09-24T17:18:10.493237653Z	4851	0																			
98	2026-09-24T17:18:10.543735938Z	4902	0																			
99	2026-09-24T17:18:10.593131887Z	4951	0																			
100	2026-09-24T17:18:10.643585095Z	5001	0																			
101	2026-09-24T17:18:10.693041854Z	5051	0																			
102	2026-09-24T17:18:10.7434865Z	5101	0																			
103	2026-09-24T17:18:10.79389537Z	5152	0																			
104	2026-09-24T17:18:10.843389556Z	5201	0																			
105	2026-09-24T17:18:10.893877006Z	5252	0																			
106	2026-09-24T17:18:10.943392428Z	5301	0																			
107	2026-09-24T17:18:10.993898805Z	5352	0																			
108	2026-09-24T17:18:11.043358678Z	5401	0																			
109	2026-09-24T17:18:11.093856525Z	5452	0																			
110	2026-09-24T17:18:11.143361775Z	5501	0																			
111	2026-09-24T17:18:11.193849258Z	5552	0																			
112	2026-09-24T17:18:11.243340549Z	5601	0																			
113	2026-09-24T17:18:11.293743817Z	5652	0																			
114	2026-09-24T17:18:11.343235778Z	5701	0																			
115	2026-09-24T17:18:11.393726511Z	5752	0																			
116	2026-09-24T17:18:11.443206856Z	5801	0																			
117	2026-09-24T17:18:11.493696274Z	5852	0																			
118	2026-09-24T17:18:11.543180185Z	5901	0																			
119	2026-09-24T17:18:11.593666046Z	5952	0																			
120	2026-09-24T17:18:11.643277458Z	6001	0																			
121	2026-09-24T17:18:11.693899396Z	6052	0																			
122	2026-09-24T17:18:11.743512167Z	6101	0																			
123	2026-09-24T17:18:11.793132595Z	6151	0																			
124	2026-09-24T17:18:11.843783796Z	6202	0																			
125	2026-09-24T17:18:11.893437393Z	6251	0																			
126	2026-09-24T17:18:11.94297725Z	6301	0																			
127	2026-09-24T17:18:11.993601456Z	6352	0																			
128	2026-09-24T17:18:12.043208268Z	6401	0																			
129	2026-09-24T17:18:12.093869639Z	6452	0																			
130	2026-09-24T17:18:12.143446392Z	6501	0																			
131	2026-09-24T17:18:12.192947541Z	6551	0																			
132	2026-09-24T17:18:12.243417149Z	6601	0																			
133	2026-09-24T17:18:12.293897384Z	6652	0																			
134	2026-09-24T17:18:12.343356058Z	6701	0																			
135	2026-09-24T17:18:12.39380635Z	6752	0																			
136	2026-09-24T17:18:12.443308958Z	6801	0																			
137	2026-09-24T17:18:12.492921036Z	6851	0																			
138	2026-09-24T17:18:12.543574471Z	6901	0																			
139	2026-09-24T17:18:12.593241423Z	6951	0																			
140	2026-09-24T17:18:12.643935531Z	7002	0																			
141	2026-09-24T17:18:12.693537738Z	7051	0																			
142	2026-09-24T17:18:12.743156185Z	7101	0																			
143	2026-09-24T17:18:12.793782776Z	7152	0																			
144	2026-09-24T17:18:12.843359189Z	7201	0																			
145	2026-09-24T17:18:12.893954316Z	7252	0																			
146	2026-09-24T17:18:12.943550154Z	7301	0																			
147	2026-09-24T17:18:12.993125973Z	7351	0																			
148	2026-09-24T17:18:13.043735767Z	7402	0																			
149	2026-09-24T17:18:13.093285954Z	7451	0																			
150	2026-09-24T17:18:13.143798162Z	7502	0																			
151	2026-09-24T17:18:13.193356444Z	7551	0																			
152	2026-09-24T17:18:13.243875262Z	7602	0																			
153	2026-09-24T17:18:13.293358668Z	7651	0																			
154	2026-09-24T17:18:13.343808264Z	7702	0																			
155	2026-09-24T17:18:13.393205312Z	7751	0																			
156	2026-09-24T17:18:13.443659471Z	7802	0																			
157	2026-09-24T17:18:13.49305654Z	7851	0																			
158	2026-09-24T17:18:13.543558428Z	7901	0																			
159	2026-09-24T17:18:13.593043947Z	7951	0																			
160	2026-09-24T17:18:13.64350908Z	8001	0																			
161	2026-09-24T17:18:13.693959391Z	8052	0																			
162	2026-09-24T17:18:13.743356239Z	8101	0																			
163	2026-09-24T17:18:13.793805254Z	8152	0																			
164	2026-09-24T17:18:13.843209678Z	8201	0																			
165	2026-09-24T17:18:13.893671055Z	8252	0																			
166	2026-09-24T17:18:13.943131823Z	8301	0																			
167	2026-09-24T17:18:13.993518267Z	8351	0																			
168	2026-09-24T17:18:14.043951594Z	8402	0																			
169	2026-09-24T17:18:14.093413551Z	8451	0																			
170	2026-09-24T17:18:14.142964882Z	8501	0																			
171	2026-09-24T17:18:14.193506198Z	8551	0																			
172	2026-09-24T17:18:14.242978049Z	8601	0																			
173	2026-09-24T17:18:14.293441407Z	8651	0																			
174	2026-09-24T17:18:14.343967386Z	8702	0																			
175	2026-09-24T17:18:14.393443219Z	8751	0																			
176	2026-09-24T17:18:14.442958918Z	8801	0																			
177	2026-09-24T17:18:14.493517096Z	8851	0																			
178	2026-09-24T17:18:14.5430638Z	8901	0																			
179	2026-09-24T17:18:14.593519226Z	8951	0																			
180	2026-09-24T17:18:14.642974519Z	9001	0																			
181	2026-09-24T17:18:14.693506206Z	9051	0																			
182	2026-09-24T17:18:14.743954539Z	9102	0																			
183	2026-09-24T17:18:14.793507797Z	9151	0																			
184	2026-09-24T17:18:14.843945035Z	9202	0																			
185	2026-09-24T17:18:14.893439396Z	9251	0																			
186	2026-09-24T17:18:14.943895429Z	9302	0																			
187	2026-09-24T17:18:14.993439719Z	9351	0																			
188	2026-09-24T17:18:15.04390144Z	9402	0																			
189	2026-09-24T17:18:15.093390119Z	9451	0																			
190	2026-09-24T17:18:15.143891086Z	9502	0																			
191	2026-09-24T17:18:15.193281797Z	9551	0																			
192	2026-09-24T17:18:15.243736738Z	9602	0																			
193	2026-09-24T17:18:15.293222937Z	9651	0																			
194	2026-09-24T17:18:15.343735706Z	9702	0																			
195	2026-09-24T17:18:15.393222613Z	9751	0																			
196	2026-09-24T17:18:15.443738387Z	9802	0																			
197	2026-09-24T17:18:15.493223683Z	9851	0																			
198	2026-09-24T17:18:15.543660125Z	9902	0																			
199	2026-09-24T17:18:15.59313366Z	9951	0																			
200	2026-09-24T17:18:15.643633179Z	10002	0																			
201	2026-09-24T17:18:15.693821093Z	10052	0																			
202	2026-09-24T17:18:15.743317802Z	10101	0																			
203	2026-09-24T17:18:15.793805595Z	10152	0																			
204	2026-09-24T17:18:15.843284506Z	10201	0																			
205	2026-09-24T17:18:15.893720873Z	10252	0																			
206	2026-09-24T17:18:15.943132448Z	10301	0																			
207	2026-09-24T17:18:15.993567247Z	10351	0																			
208	2026-09-24T17:18:16.043031841Z	10401	0																			
209	2026-09-24T17:18:16.093520816Z	10451	0																			
210	2026-09-24T17:18:16.142952616Z	10501	0																			
211	2026-09-24T17:18:16.193436459Z	10551	0																			
212	2026-09-24T17:18:16.243926929Z	10602	0																			
213	2026-09-24T17:18:16.293439125Z	10651	0																			
214	2026-09-24T17:18:16.343882711Z	10702	0																			
215	2026-09-24T17:18:16.393368701Z	10751	0																			
216	2026-09-24T17:18:16.443876345Z	10802	0																			
217	2026-09-24T17:18:16.493356906Z	10851	0																			
218	2026-09-24T17:18:16.54388069Z	10902	0																			
219	2026-09-24T17:18:16.593358167Z	10951	0																			
220	2026-09-24T17:18:16.643821673Z	11002	0																			
221	2026-09-24T17:18:16.693440571Z	11051	0																			
222	2026-09-24T17:18:16.743942292Z	11102	0																			
223	2026-09-24T17:18:16.79348729Z	11151	0																			
224	2026-09-24T17:18:16.84303342Z	11201	0																			
225	2026-09-24T17:18:16.893521242Z	11251	0																			
226	2026-09-24T17:18:16.943058098Z	11301	0																			
227	2026-09-24T17:18:16.993531231Z	11351	0																			
228	2026-09-24T17:18:17.042963673Z	11401	0																			
229	2026-09-24T17:18:17.093440733Z	11451	0																			
230	2026-09-24T17:18:17.143882319Z	11502	0																			
231	2026-09-24T17:18:17.193344678Z	11551	0																			
232	2026-09-24T17:18:17.243860771Z	11602	0																			
233	2026-09-24T17:18:17.293346296Z	11651	0																			
234	2026-09-24T17:18:17.343781867Z	11702	0																			
235	2026-09-24T17:18:17.393205529Z	11751	0																			
236	2026-09-24T17:18:17.443732631Z	11802	0																			
237	2026-09-24T17:18:17.493234054Z	11851	0																			
238	2026-09-24T17:18:17.543732083Z	11902	0																			
239	2026-09-24T17:18:17.593234863Z	11951	0																			
240	2026-09-24T17:18:17.643731454Z	12002	0																			
241	2026-09-24T17:18:17.693183416Z	12051	0																			
242	2026-09-24T17:18:17.743660699Z	12102	0																			
243	2026-09-24T17:18:17.793179459Z	12151	0																			
244	2026-09-24T17:18:17.843656877Z	12202	0																			
245	2026-09-24T17:18:17.893134089Z	12251	0																			
246	2026-09-24T17:18:17.943661132Z	12302	0																			
247	2026-09-24T17:18:17.993291442Z	12351	0																			
248	2026-09-24T17:18:18.042949888Z	12401	0																			
249	2026-09-24T17:18:18.093671324Z	12452	0																			
250	2026-09-24T17:18:18.143366434Z	12501	0																			
251	2026-09-24T17:18:18.193063984Z	12551	0																			
252	2026-09-24T17:18:18.243811029Z	12602	0																			
253	2026-09-24T17:18:18.293498687Z	12651	0																			
254	2026-09-24T17:18:18.343200203Z	12701	0																			
255	2026-09-24T17:18:18.393948682Z	12752	0																			
256	2026-09-24T17:18:18.443715359Z	12802	0																			
257	2026-09-24T17:18:18.493443475Z	12851	0																			
258	2026-09-24T17:18:18.54313987Z	12901	0																			
259	2026-09-24T17:18:18.593823674Z	12952	0																			
260	2026-09-24T17:18:18.643518402Z	13001	0																			
261	2026-09-24T17:18:18.693240758Z	13051	0																			
262	2026-09-24T17:18:18.742951901Z	13101	0																			
263	2026-09-24T17:18:18.793675529Z	13152	0																			
264	2026-09-24T17:18:18.843405602Z	13201	0																			
265	2026-09-24T17:18:18.893134786Z	13251	0																			
266	2026-09-24T17:18:18.943850363Z	13302	0																			
267	2026-09-24T17:18:18.993557659Z	13351	0																			
268	2026-09-24T17:18:19.043283249Z	13401	0																			
269	2026-09-24T17:18:19.092949963Z	13451	0																			
270	2026-09-24T17:18:19.143678588Z	13502	0																			
271	2026-09-24T17:18:19.193364818Z	13551	0																			
272	2026-09-24T17:18:19.243098455Z	13601	0																			
273	2026-09-24T17:18:19.293811318Z	13652	0																			
274	2026-09-24T17:18:19.343514456Z	13701	0																			
275	2026-09-24T17:18:19.393199544Z	13751	0																			
276	2026-09-24T17:18:19.443830346Z	13802	0																			
277	2026-09-24T17:18:19.493514825Z	13851	0																			
278	2026-09-24T17:18:19.54319334Z	13901	0																			
279	2026-09-24T17:18:19.59384405Z	13952	0																			
280	2026-09-24T17:18:19.643514281Z	14001	0																			
281	2026-09-24T17:18:19.69318882Z	14051	0																			
282	2026-09-24T17:18:19.743896248Z	14102	0																			
283	2026-09-24T17:18:19.793590361Z	14151	0																			
284	2026-09-24T17:18:19.8432156Z	14201	0																			
285	2026-09-24T17:18:19.893895651Z	14252	0																			
286	2026-09-24T17:18:19.943576675Z	14301	0																			
287	2026-09-24T17:18:19.993253857Z	14351	0																			
288	2026-09-24T17:18:20.0439664Z	14402	0																			
289	2026-09-24T17:18:20.093663882Z	14452	0																			
290	2026-09-24T17:18:20.143356411Z	14501	0																			
291	2026-09-24T17:18:20.193063343Z	14551	0																			
292	2026-09-24T17:18:20.243742419Z	14602	0																			
293	2026-09-24T17:18:20.293443336Z	14651	0																			
294	2026-09-24T17:18:20.343138646Z	14701	0																			
295	2026-09-24T17:18:20.393845Z	14752	0																			
296	2026-09-24T17:18:20.44359146Z	14801	0																			
297	2026-09-24T17:18:20.493244337Z	14851	0																			
298	2026-09-24T17:18:20.543894025Z	14902	0																			
299	2026-09-24T17:18:20.593563025Z	14951	0																			
300	2026-09-24T17:18:20.643192237Z	15001	0																			
301	2026-09-24T17:18:20.693821686Z	15052	0																			
302	2026-09-24T17:18:20.743457804Z	15101	0																			
303	2026-09-24T17:18:20.793057411Z	15151	0																			
304	2026-09-24T17:18:20.843663847Z	15202	0																			
305	2026-09-24T17:18:20.893288255Z	15251	0																			
306	2026-09-24T17:18:20.942921558Z	15301	0																			
307	2026-09-24T17:18:20.993621676Z	15352	0																			
308	2026-09-24T17:18:21.04328408Z	15401	0																			
309	2026-09-24T17:18:21.093914222Z	15452	0																			
310	2026-09-24T17:18:21.143452286Z	15501	0																			
311	2026-09-24T17:18:21.193140957Z	15551	0																			
312	2026-09-24T17:18:21.243846881Z	15602	0																			
313	2026-09-24T17:18:21.293507558Z	15651	0																			
314	2026-09-24T17:18:21.343195878Z	15701	0																			
315	2026-09-24T17:18:21.393882864Z	15752	0																			
316	2026-09-24T17:18:21.443507238Z	15801	0																			
317	2026-09-24T17:18:21.493137204Z	15851	0																			
318	2026-09-24T17:18:21.543754767Z	15902	0																			
319	2026-09-24T17:18:21.593444764Z	15951	0																			
320	2026-09-24T17:18:21.64313538Z	16001	0																			
321	2026-09-24T17:18:21.693815611Z	16052	0																			
322	2026-09-24T17:18:21.743501586Z	16101	0																			
323	2026-09-24T17:18:21.793201754Z	16151	0																			
324	2026-09-24T17:18:21.843903574Z	16202	0																			
325	2026-09-24T17:18:21.893599199Z	16251	0																			
326	2026-09-24T17:18:21.943289138Z	16301	0																			
327	2026-09-24T17:18:21.993940523Z	16352	0																			
328	2026-09-24T17:18:22.043586143Z	16401	0																			
329	2026-09-24T17:18:22.093233555Z	16451	0																			
330	2026-09-24T17:18:22.143840927Z	16502	0																			
331	2026-09-24T17:18:22.193486352Z	16551	0																			
332	2026-09-24T17:18:22.243141714Z	16601	0																			
333	2026-09-24T17:18:22.293794982Z	16652	0																			
334	2026-09-24T17:18:22.343479374Z	16701	0																			
335	2026-09-24T17:18:22.393134567Z	16751	0																			
336	2026-09-24T17:18:22.443816539Z	16802	0																			
337	2026-09-24T17:18:22.493442771Z	16851	0																			
338	2026-09-24T17:18:22.543116254Z	16901	0																			
339	2026-09-24T17:18:22.593694187Z	16952	0																			
340	2026-09-24T17:18:22.643274635Z	17001	0																			
341	2026-09-24T17:18:22.693823172Z	17052	0																			
342	2026-09-24T17:18:22.74342414Z	17101	0																			
343	2026-09-24T17:18:22.793067598Z	17151	0																			
344	2026-09-24T17:18:22.843684322Z	17202	0																			
345	2026-09-24T17:18:22.893286137Z	17251	0																			
346	2026-09-24T17:18:22.943949984Z	17302	0																			
347	2026-09-24T17:18:22.993628763Z	17352	0																			
348	2026-09-24T17:18:23.043357603Z	17401	0																			
349	2026-09-24T17:18:23.093058594Z	17451	0																			
350	2026-09-24T17:18:23.143826249Z	17502	0																			
351	2026-09-24T17:18:23.193520428Z	17551	0																			
352	2026-09-24T17:18:23.243208789Z	17601	0																			
353	2026-09-24T17:18:23.293872092Z	17652	0																			
354	2026-09-24T17:18:23.343507792Z	17701	0																			
355	2026-09-24T17:18:23.393167633Z	17751	0																			
356	2026-09-24T17:18:23.443860417Z	17802	0																			
357	2026-09-24T17:18:23.493502114Z	17851	0																			
358	2026-09-24T17:18:23.543132571Z	17901	0																			
359	2026-09-24T17:18:23.593672314Z	17952	0																			
360	2026-09-24T17:18:23.643307713Z	18001	0																			
361	2026-09-24T17:18:23.692943394Z	18051	0																			
362	2026-09-24T17:18:23.743644259Z	18102	0																			
363	2026-09-24T17:18:23.793284507Z	18151	0																			
364	2026-09-24T17:18:23.843939399Z	18202	0																			
365	2026-09-24T17:18:23.893521673Z	18251	0																			
366	2026-09-24T17:18:23.943176998Z	18301	0																			
367	2026-09-24T17:18:23.99379858Z	18352	0																			
368	2026-09-24T17:18:24.043454717Z	18401	0																			
369	2026-09-24T17:18:24.093082127Z	18451	0																			
370	2026-09-24T17:18:24.14374345Z	18502	0																			
371	2026-09-24T17:18:24.193432855Z	18551	0																			
372	2026-09-24T17:18:24.243058721Z	18601	0																			
373	2026-09-24T17:18:24.29370977Z	18652	0																			
374	2026-09-24T17:18:24.343361238Z	18701	0																			
375	2026-09-24T17:18:24.392978103Z	18751	0																			
376	2026-09-24T17:18:24.443654029Z	18802	0																			
377	2026-09-24T17:18:24.493296314Z	18851	0																			
378	2026-09-24T17:18:24.542941866Z	18901	0																			
379	2026-09-24T17:18:24.593584355Z	18951	0																			
380	2026-09-24T17:18:24.643210047Z	19001	0																			
381	2026-09-24T17:18:24.693869407Z	19052	0																			
382	2026-09-24T17:18:24.743484953Z	19101	0																			
383	2026-09-24T17:18:24.793130166Z	19151	0																			
384	2026-09-24T17:18:24.843716098Z	19202	0																			
385	2026-09-24T17:18:24.893229772Z	19251	0																			
386	2026-09-24T17:18:24.943733341Z	19302	0																			
387	2026-09-24T17:18:24.993216194Z	19351	0																			
388	2026-09-24T17:18:25.043736977Z	19402	0																			
389	2026-09-24T17:18:25.093253768Z	19451	0																			
390	2026-09-24T17:18:25.143729908Z	19502	0																			
391	2026-09-24T17:18:25.193226476Z	19551	0																			
392	2026-09-24T17:18:25.24366517Z	19602	0																			
393	2026-09-24T17:18:25.293156851Z	19651	0																			
394	2026-09-24T17:18:25.343592099Z	19701	0																			
395	2026-09-24T17:18:25.393084795Z	19751	0																			
396	2026-09-24T17:18:25.443566835Z	19801	0																			
397	2026-09-24T17:18:25.493043182Z	19851	0																			
398	2026-09-24T17:18:25.543557585Z	19901	0																			
399	2026-09-24T17:18:25.592943042Z	19951	0																			
400	2026-09-24T17:18:25.643409202Z	20001	0																			
401	2026-09-24T17:18:25.693597454Z	20051	0																			
402	2026-09-24T17:18:25.742967834Z	20101	0																			
403	2026-09-24T17:18:25.793440496Z	20151	0																			
404	2026-09-24T17:18:25.843885767Z	20202	0																			
405	2026-09-24T17:18:25.893377613Z	20251	0																			
406	2026-09-24T17:18:25.943874893Z	20302	0																			
407	2026-09-24T17:18:25.993357964Z	20351	0																			
408	2026-09-24T17:18:26.043866957Z	20402	0																			
409	2026-09-24T17:18:26.093349129Z	20451	0																			
410	2026-09-24T17:18:26.143860426Z	20502	0																			
411	2026-09-24T17:18:26.193280699Z	20551	0																			
412	2026-09-24T17:18:26.243765467Z	20602	0																			
413	2026-09-24T17:18:26.293282353Z	20651	0																			
414	2026-09-24T17:18:26.343733376Z	20702	0																			
415	2026-09-24T17:18:26.393192098Z	20751	0																			
416	2026-09-24T17:18:26.44373786Z	20802	0																			
417	2026-09-24T17:18:26.493209177Z	20851	0																			
418	2026-09-24T17:18:26.543722118Z	20902	0																			
419	2026-09-24T17:18:26.59320767Z	20951	0																			
420	2026-09-24T17:18:26.643759317Z	21002	0																			
421	2026-09-24T17:18:26.693302976Z	21051	0																			
422	2026-09-24T17:18:26.743849006Z	21102	0																			
423	2026-09-24T17:18:26.793365803Z	21151	0																			
424	2026-09-24T17:18:26.843810436Z	21202	0																			
425	2026-09-24T17:18:26.893297374Z	21251	0																			
426	2026-09-24T17:18:26.943812514Z	21302	0																			
427	2026-09-24T17:18:26.993280432Z	21351	0																			
428	2026-09-24T17:18:27.043739405Z	21402	0																			
429	2026-09-24T17:18:27.093229936Z	21451	0																			
430	2026-09-24T17:18:27.143740946Z	21502	0																			
431	2026-09-24T17:18:27.193235346Z	21551	0																			
432	2026-09-24T17:18:27.243732001Z	21602	0																			
433	2026-09-24T17:18:27.293229938Z	21651	0																			
434	2026-09-24T17:18:27.343817874Z	21702	0																			
435	2026-09-24T17:18:27.393281149Z	21751	0																			
436	2026-09-24T17:18:27.44378591Z	21802	0																			
437	2026-09-24T17:18:27.493284257Z	21851	0																			
438	2026-09-24T17:18:27.543780583Z	21902	0																			
439	2026-09-24T17:18:27.593296293Z	21951	0																			
440	2026-09-24T17:18:27.643805017Z	22002	0																			
441	2026-09-24T17:18:27.693297786Z	22051	0																			
442	2026-09-24T17:18:27.743812092Z	22102	0																			
443	2026-09-24T17:18:27.793324396Z	22151	0																			
444	2026-09-24T17:18:27.843773349Z	22202	0																			
445	2026-09-24T17:18:27.893276873Z	22251	0																			
446	2026-09-24T17:18:27.943790627Z	22302	0																			
447	2026-09-24T17:18:27.993286061Z	22351	0																			
448	2026-09-24T17:18:28.04379654Z	22402	0																			
449	2026-09-24T17:18:28.09328642Z	22451	0																			
450	2026-09-24T17:18:28.143817981Z	22502	0																			
451	2026-09-24T17:18:28.193281625Z	22551	0																			
452	2026-09-24T17:18:28.243783029Z	22602	0																			
453	2026-09-24T17:18:28.29328447Z	22651	0																			
454	2026-09-24T17:18:28.343783214Z	22702	0																			
455	2026-09-24T17:18:28.393271374Z	22751	0																			
456	2026-09-24T17:18:28.443733782Z	22802	0																			
457	2026-09-24T17:18:28.493211271Z	22851	0																			
458	2026-09-24T17:18:28.543937335Z	22902	0																			
459	2026-09-24T17:18:28.593659488Z	22952	0																			
460	2026-09-24T17:18:28.643355965Z	23001	0																			
461	2026-09-24T17:18:28.693974724Z	23052	0																			
462	2026-09-24T17:18:28.743588389Z	23101	0																			
463	2026-09-24T17:18:28.793213628Z	23151	0																			
464	2026-09-24T17:18:28.8439339Z	23202	0																			
465	2026-09-24T17:18:28.893646455Z	23252	0																			
466	2026-09-24T17:18:28.943363147Z	23301	0																			
467	2026-09-24T17:18:28.993061941Z	23351	0																			
468	2026-09-24T17:18:29.043724215Z	23402	0																			
469	2026-09-24T17:18:29.093440971Z	23451	0																			
470	2026-09-24T17:18:29.143142559Z	23501	0																			
471	2026-09-24T17:18:29.193858861Z	23552	0																			
472	2026-09-24T17:18:29.243582207Z	23601	0																			
473	2026-09-24T17:18:29.293261884Z	23651	0																			
474	2026-09-24T17:18:29.342949612Z	23701	0																			
475	2026-09-24T17:18:29.393636815Z	23752	0																			
476	2026-09-24T17:18:29.443365162Z	23801	0																			
477	2026-09-24T17:18:29.493064385Z	23851	0																			
478	2026-09-24T17:18:29.543821956Z	23902	0																			
479	2026-09-24T17:18:29.593585762Z	23951	0																			
480	2026-09-24T17:18:29.643287478Z	24001	0																			
481	2026-09-24T17:18:29.692949267Z	24051	0																			
482	2026-09-24T17:18:29.743697366Z	24102	0																			
483	2026-09-24T17:18:29.793438355Z	24151	0																			
484	2026-09-24T17:18:29.843181229Z	24201	0																			
485	2026-09-24T17:18:29.893901735Z	24252	0																			
486	2026-09-24T17:18:29.943619254Z	24302	0																			
487	2026-09-24T17:18:29.993285929Z	24351	0																			
488	2026-09-24T17:18:30.042967512Z	24401	0																			
489	2026-09-24T17:18:30.093706336Z	24452	0																			
490	2026-09-24T17:18:30.143440244Z	24501	0																			
491	2026-09-24T17:18:30.193179135Z	24551	0																			
492	2026-09-24T17:18:30.243216211Z	24601	0																			
493	2026-09-24T17:18:30.293943342Z	24652	0																			
494	2026-09-24T17:18:30.343681152Z	24702	0																			
495	2026-09-24T17:18:30.393401515Z	24751	0																			
496	2026-09-24T17:18:30.443133602Z	24801	0																			
497	2026-09-24T17:18:30.493824875Z	24852	0																			
498	2026-09-24T17:18:30.543515223Z	24901	0																			
499	2026-09-24T17:18:30.593260626Z	24951	0																			
500	2026-09-24T17:18:30.642958534Z	25001	0																			
501	2026-09-24T17:18:30.693676513Z	25052	0																			
502	2026-09-24T17:18:30.74342265Z	25101	0																			
503	2026-09-24T17:18:30.793159106Z	25151	0																			
504	2026-09-24T17:18:30.843891865Z	25202	0																			
505	2026-09-24T17:18:30.893600332Z	25252	0																			
506	2026-09-24T17:18:30.943346415Z	25301	0																			
507	2026-09-24T17:18:30.993065529Z	25351	0																			
508	2026-09-24T17:18:31.043814261Z	25402	0																			
509	2026-09-24T17:18:31.093541875Z	25451	0																			
510	2026-09-24T17:18:31.14328996Z	25501	0																			
511	2026-09-24T17:18:31.193114509Z	25551	0																			
512	2026-09-24T17:18:31.243892725Z	25602	0																			
513	2026-09-24T17:18:31.293677987Z	25652	0																			
514	2026-09-24T17:18:31.343438861Z	25701	0																			
515	2026-09-24T17:18:31.393140718Z	25751	0																			
516	2026-09-24T17:18:31.443936045Z	25802	0																			
517	2026-09-24T17:18:31.493652575Z	25852	0																			
518	2026-09-24T17:18:31.543361219Z	25901	0																			
519	2026-09-24T17:18:31.593061974Z	25951	0																			
520	2026-09-24T17:18:31.643807109Z	26002	0																			
521	2026-09-24T17:18:31.693523738Z	26051	0																			
522	2026-09-24T17:18:31.743256329Z	26101	0																			
523	2026-09-24T17:18:31.793288184Z	26151	0																			
524	2026-09-24T17:18:31.843055687Z	26201	0																			
525	2026-09-24T17:18:31.893751855Z	26252	0																			
526	2026-09-24T17:18:31.9434988Z	26301	0																			
527	2026-09-24T17:18:31.993217237Z	26351	0																			
528	2026-09-24T17:18:32.043906666Z	26402	0																			
529	2026-09-24T17:18:32.093597121Z	26451	0																			
530	2026-09-24T17:18:32.143344237Z	26501	0																			
531	2026-09-24T17:18:32.192960324Z	26551	0																			
532	2026-09-24T17:18:32.243674417Z	26602	0																			
533	2026-09-24T17:18:32.293428268Z	26651	0																			
534	2026-09-24T17:18:32.343204694Z	26701	0																			
535	2026-09-24T17:18:32.393975561Z	26752	0																			
536	2026-09-24T17:18:32.443729028Z	26802	0																			
537	2026-09-24T17:18:32.493445596Z	26851	0																			
538	2026-09-24T17:18:32.543140608Z	26901	0																			
539	2026-09-24T17:18:32.593873214Z	26952	0																			
540	2026-09-24T17:18:32.64359604Z	27001	0																			
541	2026-09-24T17:18:32.693304953Z	27051	0																			
542	2026-09-24T17:18:32.743062489Z	27101	0																			
543	2026-09-24T17:18:32.793799777Z	27152	0																			
544	2026-09-24T17:18:32.843552478Z	27201	0																			
545	2026-09-24T17:18:32.893294524Z	27251	0																			
546	2026-09-24T17:18:32.942972112Z	27301	0																			
547	2026-09-24T17:18:32.993691161Z	27352	0																			
548	2026-09-24T17:18:33.043350267Z	27401	0																			
549	2026-09-24T17:18:33.093065207Z	27451	0																			
550	2026-09-24T17:18:33.143805628Z	27502	0																			
551	2026-09-24T17:18:33.193600117Z	27552	0																			
552	2026-09-24T17:18:33.24334164Z	27601	0																			
553	2026-09-24T17:18:33.293081911Z	27651	0																			
554	2026-09-24T17:18:33.34381566Z	27702	0																			
555	2026-09-24T17:18:33.393579546Z	27751	0																			
556	2026-09-24T17:18:33.443319633Z	27801	0																			
557	2026-09-24T17:18:33.493061751Z	27851	0																			
558	2026-09-24T17:18:33.543781304Z	27902	0																			
559	2026-09-24T17:18:33.593527113Z	27951	0																			
560	2026-09-24T17:18:33.643231117Z	28001	0																			
561	2026-09-24T17:18:33.693961467Z	28052	0																			
562	2026-09-24T17:18:33.743724927Z	28102	0																			
563	2026-09-24T17:18:33.793445375Z	28151	0																			
564	2026-09-24T17:18:33.843135897Z	28201	0																			
565	2026-09-24T17:18:33.893865529Z	28252	0																			
566	2026-09-24T17:18:33.943612062Z	28302	0																			
567	2026-09-24T17:18:33.993345126Z	28351	0																			
568	2026-09-24T17:18:34.043065228Z	28401	0																			
569	2026-09-24T17:18:34.093792051Z	28452	0																			
570	2026-09-24T17:18:34.143524452Z	28501	0																			
571	2026-09-24T17:18:34.193321463Z	28551	0																			
572	2026-09-24T17:18:34.243186699Z	28601	0																			
573	2026-09-24T17:18:34.293892094Z	28652	0																			
574	2026-09-24T17:18:34.343567009Z	28701	0																			
575	2026-09-24T17:18:34.39328874Z	28751	0																			
576	2026-09-24T17:18:34.442985958Z	28801	0																			
577	2026-09-24T17:18:34.493654023Z	28852	0																			
578	2026-09-24T17:18:34.5433665Z	28901	0																			
579	2026-09-24T17:18:34.593105008Z	28951	0																			
580	2026-09-24T17:18:34.643925946Z	29002	0																			
581	2026-09-24T17:18:34.693832291Z	29052	0																			
582	2026-09-24T17:18:34.743593702Z	29101	0																			
583	2026-09-24T17:18:34.79331699Z	29151	0																			
584	2026-09-24T17:18:34.843061296Z	29201	0																			
585	2026-09-24T17:18:34.893781014Z	29252	0																			
586	2026-09-24T17:18:34.943512036Z	29301	0																			
587	2026-09-24T17:18:34.993210674Z	29351	0																			
588	2026-09-24T17:18:35.043942029Z	29402	0																			
589	2026-09-24T17:18:35.093665601Z	29452	0																			
590	2026-09-24T17:18:35.143296427Z	29501	0																			
591	2026-09-24T17:18:35.192939746Z	29551	0																			
592	2026-09-24T17:18:35.24366436Z	29602	0																			
593	2026-09-24T17:18:35.293438364Z	29651	0																			
594	2026-09-24T17:18:35.343137428Z	29701	0																			
595	2026-09-24T17:18:35.3938272Z	29752	0																			
596	2026-09-24T17:18:35.443503495Z	29801	0																			
597	2026-09-24T17:18:35.49321089Z	29851	0																			
598	2026-09-24T17:18:35.543885249Z	29902	0																			
599	2026-09-24T17:18:35.59359958Z	29951	0																			
600	2026-09-24T17:18:35.643355044Z	30001	0																			
601	2026-09-24T17:18:35.693220839Z	30051	0																			
602	2026-09-24T17:18:35.74313714Z	30101	0																			
603	2026-09-24T17:18:35.793901564Z	30152	0																			
604	2026-09-24T17:18:35.843677085Z	30202	0																			
605	2026-09-24T17:18:35.893381144Z	30251	0																			
606	2026-09-24T17:18:35.943141516Z	30301	0																			
607	2026-09-24T17:18:35.993826781Z	30352	0																			
608	2026-09-24T17:18:36.043501582Z	30401	0																			
609	2026-09-24T17:18:36.09318156Z	30451	0																			
610	2026-09-24T17:18:36.143965481Z	30502	0																			
611	2026-09-24T17:18:36.193748304Z	30552	0																			
612	2026-09-24T17:18:36.243545901Z	30601	0																			
613	2026-09-24T17:18:36.293270492Z	30651	0																			
614	2026-09-24T17:18:36.342983627Z	30701	0																			
615	2026-09-24T17:18:36.393716282Z	30752	0																			
616	2026-09-24T17:18:36.443407858Z	30801	0																			
617	2026-09-24T17:18:36.493125937Z	30851	0																			
618	2026-09-24T17:18:36.54389512Z	30902	0																			
619	2026-09-24T17:18:36.593618075Z	30952	0																			
620	2026-09-24T17:18:36.643354031Z	31001	0																			
621	2026-09-24T17:18:36.69296862Z	31051	0																			
622	2026-09-24T17:18:36.743743951Z	31102	0																			
623	2026-09-24T17:18:36.793444454Z	31151	0																			
624	2026-09-24T17:18:36.843208708Z	31201	0																			
625	2026-09-24T17:18:36.893888444Z	31252	0																			
626	2026-09-24T17:18:36.943588843Z	31301	0																			
627	2026-09-24T17:18:36.993329914Z	31351	0																			
628	2026-09-24T17:18:37.043090643Z	31401	0																			
629	2026-09-24T17:18:37.093833837Z	31452	0																			
630	2026-09-24T17:18:37.143540464Z	31501	0																			
631	2026-09-24T17:18:37.193288538Z	31551	0																			
632	2026-09-24T17:18:37.243140235Z	31601	0																			
633	2026-09-24T17:18:37.293869097Z	31652	0																			
634	2026-09-24T17:18:37.343647787Z	31702	0																			
635	2026-09-24T17:18:37.393390385Z	31751	0																			
636	2026-09-24T17:18:37.443122929Z	31801	0																			
637	2026-09-24T17:18:37.493823066Z	31852	0																			
638	2026-09-24T17:18:37.543544065Z	31901	0																			
639	2026-09-24T17:18:37.593270062Z	31951	0																			
640	2026-09-24T17:18:37.642949381Z	32001	0																			
641	2026-09-24T17:18:37.69373643Z	32052	0																			
642	2026-09-24T17:18:37.743440968Z	32101	0																			
643	2026-09-24T17:18:37.793190144Z	32151	0																			
644	2026-09-24T17:18:37.843911435Z	32202	0																			
645	2026-09-24T17:18:37.893648046Z	32252	0																			
646	2026-09-24T17:18:37.943361896Z	32301	0																			
647	2026-09-24T17:18:37.993068544Z	32351	0																			
648	2026-09-24T17:18:38.043815687Z	32402	0																			
649	2026-09-24T17:18:38.093537125Z	32451	0																			
650	2026-09-24T17:18:38.143262969Z	32501	0																			
651	2026-09-24T17:18:38.19293266Z	32551	0																			
652	2026-09-24T17:18:38.243664942Z	32602	0																			
653	2026-09-24T17:18:38.293363566Z	32651	0																			
654	2026-09-24T17:18:38.34296867Z	32701	0																			
655	2026-09-24T17:18:38.39368103Z	32752	0																			
656	2026-09-24T17:18:38.44342835Z	32801	0																			
657	2026-09-24T17:18:38.493138936Z	32851	0																			
658	2026-09-24T17:18:38.54389399Z	32902	0																			
659	2026-09-24T17:18:38.593598553Z	32951	0																			
660	2026-09-24T17:18:38.6432915Z	33001	0																			
661	2026-09-24T17:18:38.69296781Z	33051	0																			
662	2026-09-24T17:18:38.743728331Z	33102	0																			
663	2026-09-24T17:18:38.793444809Z	33151	0																			
664	2026-09-24T17:18:38.843170583Z	33201	0																			
665	2026-09-24T17:18:38.89389958Z	33252	0																			
666	2026-09-24T17:18:38.943592004Z	33301	0																			
667	2026-09-24T17:18:38.993291193Z	33351	0																			
668	2026-09-24T17:18:39.042974231Z	33401	0																			
669	2026-09-24T17:18:39.093675776Z	33452	0																			
670	2026-09-24T17:18:39.143378358Z	33501	0																			
671	2026-09-24T17:18:39.193133468Z	33551	0																			
672	2026-09-24T17:18:39.243843517Z	33602	0																			
673	2026-09-24T17:18:39.293599898Z	33652	0																			
674	2026-09-24T17:18:39.343340218Z	33701	0																			
675	2026-09-24T17:18:39.393081181Z	33751	0																			
676	2026-09-24T17:18:39.443863732Z	33802	0																			
677	2026-09-24T17:18:39.493598121Z	33851	0																			
678	2026-09-24T17:18:39.543339726Z	33901	0																			
679	2026-09-24T17:18:39.593063733Z	33951	0																			
680	2026-09-24T17:18:39.643821594Z	34002	0																			
681	2026-09-24T17:18:39.693525721Z	34051	0																			
682	2026-09-24T17:18:39.743215696Z	34101	0																			
683	2026-09-24T17:18:39.793901523Z	34152	0																			
684	2026-09-24T17:18:39.843577152Z	34201	0																			
685	2026-09-24T17:18:39.893289144Z	34251	0																			
686	2026-09-24T17:18:39.942926519Z	34301	0																			
687	2026-09-24T17:18:39.993677838Z	34352	0																			
688	2026-09-24T17:18:40.043390959Z	34401	0																			
689	2026-09-24T17:18:40.093065299Z	34451	0																			
690	2026-09-24T17:18:40.143820072Z	34502	0																			
691	2026-09-24T17:18:40.193611892Z	34552	0																			
692	2026-09-24T17:18:40.243383792Z	34601	0																			
693	2026-09-24T17:18:40.293115112Z	34651	0																			
694	2026-09-24T17:18:40.343876938Z	34702	0																			
695	2026-09-24T17:18:40.393606067Z	34752	0																			
696	2026-09-24T17:18:40.443306723Z	34801	0																			
697	2026-09-24T17:18:40.492970688Z	34851	0																			
698	2026-09-24T17:18:40.543649955Z	34902	0																			
699	2026-09-24T17:18:40.593337055Z	34951	0																			
700	2026-09-24T17:18:40.64306297Z	35001	0																			
701	2026-09-24T17:18:40.693775329Z	35052	0																			
702	2026-09-24T17:18:40.743437385Z	35101	0																			
703	2026-09-24T17:18:40.793137021Z	35151	0																			
704	2026-09-24T17:18:40.843806397Z	35202	0																			
705	2026-09-24T17:18:40.893520815Z	35251	0																			
706	2026-09-24T17:18:40.94314186Z	35301	0																			
707	2026-09-24T17:18:40.993797489Z	35352	0																			
708	2026-09-24T17:18:41.043504365Z	35401	0																			
709	2026-09-24T17:18:41.093236599Z	35451	0																			
710	2026-09-24T17:18:41.143923334Z	35502	0																			
711	2026-09-24T17:18:41.193608164Z	35552	0																			
712	2026-09-24T17:18:41.243211801Z	35601	0																			
713	2026-09-24T17:18:41.293897491Z	35652	0																			
714	2026-09-24T17:18:41.343570053Z	35701	0																			
715	2026-09-24T17:18:41.393227718Z	35751	0																			
716	2026-09-24T17:18:41.443964813Z	35802	0																			
717	2026-09-24T17:18:41.493673695Z	35852	0																			
718	2026-09-24T17:18:41.543351608Z	35901	0																			
719	2026-09-24T17:18:41.593061862Z	35951	0																			
720	2026-09-24T17:18:41.643804009Z	36002	0																			
721	2026-09-24T17:18:41.693508839Z	36051	0																			
722	2026-09-24T17:18:41.74321656Z	36101	0																			
723	2026-09-24T17:18:41.793926047Z	36152	0																			
724	2026-09-24T17:18:41.843638736Z	36202	0																			
725	2026-09-24T17:18:41.89328941Z	36251	0																			
726	2026-09-24T17:18:41.943970195Z	36302	0																			
727	2026-09-24T17:18:41.993675757Z	36352	0																			
728	2026-09-24T17:18:42.043370162Z	36401	0																			
729	2026-09-24T17:18:42.093064024Z	36451	0																			
730	2026-09-24T17:18:42.143788507Z	36502	0																			
731	2026-09-24T17:18:42.19349777Z	36551	0																			
732	2026-09-24T17:18:42.243189881Z	36601	0																			
733	2026-09-24T17:18:42.293880613Z	36652	0																			
734	2026-09-24T17:18:42.343562436Z	36701	0																			
735	2026-09-24T17:18:42.39328013Z	36751	0																			
736	2026-09-24T17:18:42.442966285Z	36801	0																			
737	2026-09-24T17:18:42.493637443Z	36852	0																			
738	2026-09-24T17:18:42.543342788Z	36901	0																			
739	2026-09-24T17:18:42.593063778Z	36951	0																			
740	2026-09-24T17:18:42.643801578Z	37002	0																			
741	2026-09-24T17:18:42.693442436Z	37051	0																			
742	2026-09-24T17:18:42.743126497Z	37101	0																			
743	2026-09-24T17:18:42.793822724Z	37152	0																			
744	2026-09-24T17:18:42.843495896Z	37201	0																			
745	2026-09-24T17:18:42.893059257Z	37251	0																			
746	2026-09-24T17:18:42.943587169Z	37301	0																			
747	2026-09-24T17:18:42.993231912Z	37351	0																			
748	2026-09-24T17:18:43.043902897Z	37402	0																			
749	2026-09-24T17:18:43.093605383Z	37452	0																			
750	2026-09-24T17:18:43.143299822Z	37501	0																			
751	2026-09-24T17:18:43.19295944Z	37551	0																			
752	2026-09-24T17:18:43.243629863Z	37602	0																			
753	2026-09-24T17:18:43.293286307Z	37651	0																			
754	2026-09-24T17:18:43.343890003Z	37702	0																			
755	2026-09-24T17:18:43.393594227Z	37751	0																			
756	2026-09-24T17:18:43.443284562Z	37801	0																			
757	2026-09-24T17:18:43.493961936Z	37852	0																			
758	2026-09-24T17:18:43.543584073Z	37901	0																			
759	2026-09-24T17:18:43.593126407Z	37951	0																			
760	2026-09-24T17:18:43.643650102Z	38002	0																			
761	2026-09-24T17:18:43.693289502Z	38051	0																			
762	2026-09-24T17:18:43.742980232Z	38101	0																			
763	2026-09-24T17:18:43.793673266Z	38152	0																			
764	2026-09-24T17:18:43.843333122Z	38201	0																			
765	2026-09-24T17:18:43.893962275Z	38252	0																			
766	2026-09-24T17:18:43.943473265Z	38301	0																			
767	2026-09-24T17:18:43.993133198Z	38351	0																			
768	2026-09-24T17:18:44.043745234Z	38402	0																			
769	2026-09-24T17:18:44.093440885Z	38451	0																			
770	2026-09-24T17:18:44.143124589Z	38501	0																			
771	2026-09-24T17:18:44.193823856Z	38552	0																			
772	2026-09-24T17:18:44.243504296Z	38601	0																			
773	2026-09-24T17:18:44.293182201Z	38651	0																			
774	2026-09-24T17:18:44.343810077Z	38702	0																			
775	2026-09-24T17:18:44.393359175Z	38751	0																			
776	2026-09-24T17:18:44.443090864Z	38801	0																			
777	2026-09-24T17:18:44.493667573Z	38852	0																			
778	2026-09-24T17:18:44.543131117Z	38901	0																			
779	2026-09-24T17:18:44.593686204Z	38952	0																			
780	2026-09-24T17:18:44.643134046Z	39001	0																			
781	2026-09-24T17:18:44.693822049Z	39052	0																			
782	2026-09-24T17:18:44.743470828Z	39101	0																			
783	2026-09-24T17:18:44.793060897Z	39151	0																			
784	2026-09-24T17:18:44.843717088Z	39202	0																			
785	2026-09-24T17:18:44.893436512Z	39251	0																			
786	2026-09-24T17:18:44.943114523Z	39301	0																			
787	2026-09-24T17:18:44.993826992Z	39352	0																			
788	2026-09-24T17:18:45.043518064Z	39401	0																			
789	2026-09-24T17:18:45.093212705Z	39451	0																			
790	2026-09-24T17:18:45.143840849Z	39502	0																			
791	2026-09-24T17:18:45.193588597Z	39551	0																			
792	2026-09-24T17:18:45.243369141Z	39601	0																			
793	2026-09-24T17:18:45.293288844Z	39651	0																			
794	2026-09-24T17:18:45.342957566Z	39701	0																			
795	2026-09-24T17:18:45.393639076Z	39752	0																			
796	2026-09-24T17:18:45.443267817Z	39801	0																			
797	2026-09-24T17:18:45.493962991Z	39852	0																			
798	2026-09-24T17:18:45.543664672Z	39902	0																			
799	2026-09-24T17:18:45.593364334Z	39951	0																			
800	2026-09-24T17:18:45.643084076Z	40001	0																			
801	2026-09-24T17:18:45.693520257Z	40051	0																			
802	2026-09-24T17:18:45.74344014Z	40101	0																			
803	2026-09-24T17:18:45.793139052Z	40151	0																			
804	2026-09-24T17:18:45.843898699Z	40202	0																			
805	2026-09-24T17:18:45.893599413Z	40252	0																			
806	2026-09-24T17:18:45.943287939Z	40301	0																			
807	2026-09-24T17:18:45.993953417Z	40352	0																			
808	2026-09-24T17:18:46.043664752Z	40402	0																			
809	2026-09-24T17:18:46.093373152Z	40451	0																			
810	2026-09-24T17:18:46.143063163Z	40501	0																			
811	2026-09-24T17:18:46.193727998Z	40552	0																			
812	2026-09-24T17:18:46.243430455Z	40601	0																			
813	2026-09-24T17:18:46.293122374Z	40651	0																			
814	2026-09-24T17:18:46.34378147Z	40702	0																			
815	2026-09-24T17:18:46.3934398Z	40751	0																			
816	2026-09-24T17:18:46.443146208Z	40801	0																			
817	2026-09-24T17:18:46.493805777Z	40852	0																			
818	2026-09-24T17:18:46.543518178Z	40901	0																			
819	2026-09-24T17:18:46.593216024Z	40951	0																			
820	2026-09-24T17:18:46.643888722Z	41002	0																			
821	2026-09-24T17:18:46.693599284Z	41052	0																			
822	2026-09-24T17:18:46.743321413Z	41101	0																			
823	2026-09-24T17:18:46.793048028Z	41151	0																			
824	2026-09-24T17:18:46.843740033Z	41202	0																			
825	2026-09-24T17:18:46.893446423Z	41251	0																			
826	2026-09-24T17:18:46.943106563Z	41301	0																			
827	2026-09-24T17:18:46.993825357Z	41352	0																			
828	2026-09-24T17:18:47.043519087Z	41401	0																			
829	2026-09-24T17:18:47.093215184Z	41451	0																			
830	2026-09-24T17:18:47.14390064Z	41502	0																			
831	2026-09-24T17:18:47.193657809Z	41552	0																			
832	2026-09-24T17:18:47.243360701Z	41601	0																			
833	2026-09-24T17:18:47.293073876Z	41651	0																			
834	2026-09-24T17:18:47.343841343Z	41702	0																			
835	2026-09-24T17:18:47.39352251Z	41751	0																			
836	2026-09-24T17:18:47.443235988Z	41801	0																			
837	2026-09-24T17:18:47.492928855Z	41851	0																			
838	2026-09-24T17:18:47.543718715Z	41902	0																			
839	2026-09-24T17:18:47.593444688Z	41951	0																			
840	2026-09-24T17:18:47.643205784Z	42001	0																			
841	2026-09-24T17:18:47.693907133Z	42052	0																			
842	2026-09-24T17:18:47.743665999Z	42102	0																			
843	2026-09-24T17:18:47.793372667Z	42151	0																			
844	2026-09-24T17:18:47.843377281Z	42201	0																			
845	2026-09-24T17:18:47.893291325Z	42251	0																			
846	2026-09-24T17:18:47.943060829Z	42301	0																			
847	2026-09-24T17:18:47.992952076Z	42351	0																			
848	2026-09-24T17:18:48.042947043Z	42401	0																			
849	2026-09-24T17:18:48.093823847Z	42452	0																			
850	2026-09-24T17:18:48.143495943Z	42501	0																			
851	2026-09-24T17:18:48.193274758Z	42551	0																			
852	2026-09-24T17:18:48.243058796Z	42601	0																			
853	2026-09-24T17:18:48.293776967Z	42652	0																			
854	2026-09-24T17:18:48.34349203Z	42701	0																			
855	2026-09-24T17:18:48.393214378Z	42751	0																			
856	2026-09-24T17:18:48.443967604Z	42802	0																			
857	2026-09-24T17:18:48.493673706Z	42852	0																			
858	2026-09-24T17:18:48.543367471Z	42901	0																			
859	2026-09-24T17:18:48.59306455Z	42951	0																			
860	2026-09-24T17:18:48.643803176Z	43002	0																			
861	2026-09-24T17:18:48.693442935Z	43051	0																			
862	2026-09-24T17:18:48.7431351Z	43101	0																			
863	2026-09-24T17:18:48.793745571Z	43152	0																			
864	2026-09-24T17:18:48.843335281Z	43201	0																			
865	2026-09-24T17:18:48.893896757Z	43252	0																			
866	2026-09-24T17:18:48.943434593Z	43301	0																			
867	2026-09-24T17:18:48.992920865Z	43351	0																			
868	2026-09-24T17:18:49.043491511Z	43401	0																			
869	2026-09-24T17:18:49.093051815Z	43451	0																			
870	2026-09-24T17:18:49.143533504Z	43501	0																			
871	2026-09-24T17:18:49.193098001Z	43551	0																			
872	2026-09-24T17:18:49.24362485Z	43602	0																			
873	2026-09-24T17:18:49.293132386Z	43651	0																			
874	2026-09-24T17:18:49.343666497Z	43702	0																			
875	2026-09-24T17:18:49.393177585Z	43751	0																			
876	2026-09-24T17:18:49.443778277Z	43802	0																			
877	2026-09-24T17:18:49.493280474Z	43851	0																			
878	2026-09-24T17:18:49.543736025Z	43902	0																			
879	2026-09-24T17:18:49.593262307Z	43951	0																			
880	2026-09-24T17:18:49.643814758Z	44002	0																			
881	2026-09-24T17:18:49.693539815Z	44051	0																			
882	2026-09-24T17:18:49.743281083Z	44101	0																			
883	2026-09-24T17:18:49.79296619Z	44151	0																			
884	2026-09-24T17:18:49.843710904Z	44202	0																			
885	2026-09-24T17:18:49.893444803Z	44251	0																			
886	2026-09-24T17:18:49.943109743Z	44301	0																			
887	2026-09-24T17:18:49.993828644Z	44352	0																			
888	2026-09-24T17:18:50.043516178Z	44401	0																			
889	2026-09-24T17:18:50.093245464Z	44451	0																			
890	2026-09-24T17:18:50.142977454Z	44501	0																			
891	2026-09-24T17:18:50.193676084Z	44552	0																			
892	2026-09-24T17:18:50.243416661Z	44601	0																			
893	2026-09-24T17:18:50.293128036Z	44651	0																			
894	2026-09-24T17:18:50.343858515Z	44702	0																			
895	2026-09-24T17:18:50.393578715Z	44751	0																			
896	2026-09-24T17:18:50.443291205Z	44801	0																			
897	2026-09-24T17:18:50.492945924Z	44851	0																			
898	2026-09-24T17:18:50.543665206Z	44902	0																			
899	2026-09-24T17:18:50.593335371Z	44951	0																			
900	2026-09-24T17:18:50.643060662Z	45001	0																			
901	2026-09-24T17:18:50.6937511Z	45052	0																			
902	2026-09-24T17:18:50.7434438Z	45101	0																			
903	2026-09-24T17:18:50.793165108Z	45151	0																			
904	2026-09-24T17:18:50.843906044Z	45202	0																			
905	2026-09-24T17:18:50.893600776Z	45252	0																			
906	2026-09-24T17:18:50.94328919Z	45301	0																			
907	2026-09-24T17:18:50.992965973Z	45351	0																			
908	2026-09-24T17:18:51.043664972Z	45402	0																			
909	2026-09-24T17:18:51.09336655Z	45451	0																			
910	2026-09-24T17:18:51.14305982Z	45501	0																			
911	2026-09-24T17:18:51.193808895Z	45552	0																			
912	2026-09-24T17:18:51.243500126Z	45601	0																			
913	2026-09-24T17:18:51.293139154Z	45651	0																			
914	2026-09-24T17:18:51.343816043Z	45702	0																			
915	2026-09-24T17:18:51.393525227Z	45751	0																			
916	2026-09-24T17:18:51.443214377Z	45801	0																			
917	2026-09-24T17:18:51.493898271Z	45852	0																			
918	2026-09-24T17:18:51.543592192Z	45901	0																			
919	2026-09-24T17:18:51.593287765Z	45951	0																			
920	2026-09-24T17:18:51.642952407Z	46001	0																			
921	2026-09-24T17:18:51.693677711Z	46052	0																			
922	2026-09-24T17:18:51.743366294Z	46101	0																			
923	2026-09-24T17:18:51.793065179Z	46151	0																			
924	2026-09-24T17:18:51.843812999Z	46202	0																			
925	2026-09-24T17:18:51.893528218Z	46251	0																			
926	2026-09-24T17:18:51.943356472Z	46301	0																			
927	2026-09-24T17:18:51.992976384Z	46351	0																			
928	2026-09-24T17:18:52.043722111Z	46402	0																			
929	2026-09-24T17:18:52.093409073Z	46451	0																			
930	2026-09-24T17:18:52.143141519Z	46501	0																			
931	2026-09-24T17:18:52.193905529Z	46552	0																			
932	2026-09-24T17:18:52.243635941Z	46602	0																			
933	2026-09-24T17:18:52.293361154Z	46651	0																			
934	2026-09-24T17:18:52.343062291Z	46701	0																			
935	2026-09-24T17:18:52.393750867Z	46752	0																			
936	2026-09-24T17:18:52.443444076Z	46801	0																			
937	2026-09-24T17:18:52.49315457Z	46851	0																			
938	2026-09-24T17:18:52.543864104Z	46902	0																			
939	2026-09-24T17:18:52.593429133Z	46951	0																			
940	2026-09-24T17:18:52.643043792Z	47001	0																			
941	2026-09-24T17:18:52.693598791Z	47051	0																			
942	2026-09-24T17:18:52.743208343Z	47101	0																			
943	2026-09-24T17:18:52.793853447Z	47152	0																			
944	2026-09-24T17:18:52.8435158Z	47201	0																			
945	2026-09-24T17:18:52.893135616Z	47251	0																			
946	2026-09-24T17:18:52.943814068Z	47302	0																			
947	2026-09-24T17:18:52.99351176Z	47351	0																			
948	2026-09-24T17:18:53.043116746Z	47401	0																			
949	2026-09-24T17:18:53.093823233Z	47452	0																			
950	2026-09-24T17:18:53.143513089Z	47501	0																			
951	2026-09-24T17:18:53.193267558Z	47551	0																			
952	2026-09-24T17:18:53.243969425Z	47602	0																			
953	2026-09-24T17:18:53.293678015Z	47652	0																			
954	2026-09-24T17:18:53.343360296Z	47701	0																			
955	2026-09-24T17:18:53.393040602Z	47751	0																			
956	2026-09-24T17:18:53.443740754Z	47802	0																			
957	2026-09-24T17:18:53.493430877Z	47851	0																			
958	2026-09-24T17:18:53.543061338Z	47901	0																			
959	2026-09-24T17:18:53.59367777Z	47952	0																			
960	2026-09-24T17:18:53.643338769Z	48001	0																			
961	2026-09-24T17:18:53.692979182Z	48051	0																			
962	2026-09-24T17:18:53.743716717Z	48102	0																			
963	2026-09-24T17:18:53.793443903Z	48151	0																			
964	2026-09-24T17:18:53.843138496Z	48201	0																			
965	2026-09-24T17:18:53.893822471Z	48252	0																			
966	2026-09-24T17:18:53.943513453Z	48301	0																			
967	2026-09-24T17:18:53.993145887Z	48351	0																			
968	2026-09-24T17:18:54.043877183Z	48402	0																			
969	2026-09-24T17:18:54.093579957Z	48451	0																			
970	2026-09-24T17:18:54.143217178Z	48501	0																			
971	2026-09-24T17:18:54.19390542Z	48552	0																			
972	2026-09-24T17:18:54.243637684Z	48602	0																			
973	2026-09-24T17:18:54.29338249Z	48651	0																			
974	2026-09-24T17:18:54.343108788Z	48701	0																			
975	2026-09-24T17:18:54.393764441Z	48752	0																			
976	2026-09-24T17:18:54.4434244Z	48801	0																			
977	2026-09-24T17:18:54.493122368Z	48851	0																			
978	2026-09-24T17:18:54.543778114Z	48902	0																			
979	2026-09-24T17:18:54.593444323Z	48951	0																			
980	2026-09-24T17:18:54.643138928Z	49001	0																			
981	2026-09-24T17:18:54.693793726Z	49052	0																			
982	2026-09-24T17:18:54.74349492Z	49101	0																			
983	2026-09-24T17:18:54.793262942Z	49151	0																			
984	2026-09-24T17:18:54.84396553Z	49202	0																			
985	2026-09-24T17:18:54.89363687Z	49252	0																			
986	2026-09-24T17:18:54.943284328Z	49301	0																			
987	2026-09-24T17:18:54.993965234Z	49352	0																			
988	2026-09-24T17:18:55.043594322Z	49401	0																			
989	2026-09-24T17:18:55.09328503Z	49451	0																			
990	2026-09-24T17:18:55.142931423Z	49501	0																			
991	2026-09-24T17:18:55.19360149Z	49552	0																			
992	2026-09-24T17:18:55.243349573Z	49601	0																			
993	2026-09-24T17:18:55.293077818Z	49651	0																			
994	2026-09-24T17:18:55.34380921Z	49702	0																			
995	2026-09-24T17:18:55.393498407Z	49751	0																			
996	2026-09-24T17:18:55.443184424Z	49801	0																			
997	2026-09-24T17:18:55.493889476Z	49852	0																			
998	2026-09-24T17:18:55.543592064Z	49901	0																			
999	2026-09-24T17:18:55.593325263Z	49951	0																			
1000	2026-09-24T17:18:55.64303789Z	50001	0																			
1001	2026-09-24T17:18:55.693440622Z	50051	0																			
1002	2026-09-24T17:18:55.743125747Z	50101	0																			
1003	2026-09-24T17:18:55.793888254Z	50152	0																			
1004	2026-09-24T17:18:55.8435881Z	50201	0																			
1005	2026-09-24T17:18:55.893316938Z	50251	0																			
1006	2026-09-24T17:18:55.942961378Z	50301	0																			
1007	2026-09-24T17:18:55.993599094Z	50351	0																			
1008	2026-09-24T17:18:56.043266522Z	50401	0																			
1009	2026-09-24T17:18:56.093757874Z	50452	0																			
1010	2026-09-24T17:18:56.143260115Z	50501	0																			
1011	2026-09-24T17:18:56.193805661Z	50552	0																			
1012	2026-09-24T17:18:56.243328701Z	50601	0																			
1013	2026-09-24T17:18:56.293862335Z	50652	0																			
1014	2026-09-24T17:18:56.343358333Z	50701	0																			
1015	2026-09-24T17:18:56.393820402Z	50752	0																			
1016	2026-09-24T17:18:56.443285508Z	50801	0																			
1017	2026-09-24T17:18:56.493944128Z	50852	0																			
1018	2026-09-24T17:18:56.543557276Z	50901	0																			
1019	2026-09-24T17:18:56.593107588Z	50951	0																			
1020	2026-09-24T17:18:56.643634544Z	51002	0																			
1021	2026-09-24T17:18:56.693121817Z	51051	0																			
1022	2026-09-24T17:18:56.743741948Z	51102	0																			
1023	2026-09-24T17:18:56.793261566Z	51151	0																			
1024	2026-09-24T17:18:56.843784039Z	51202	0																			
1025	2026-09-24T17:18:56.893208771Z	51251	0																			
1026	2026-09-24T17:18:56.943748922Z	51302	0																			
1027	2026-09-24T17:18:56.993261718Z	51351	0																			
1028	2026-09-24T17:18:57.043723735Z	51402	0																			
1029	2026-09-24T17:18:57.093297253Z	51451	0																			
1030	2026-09-24T17:18:57.143890153Z	51502	0																			
1031	2026-09-24T17:18:57.193549764Z	51551	0																			
1032	2026-09-24T17:18:57.243261739Z	51601	0																			
1033	2026-09-24T17:18:57.293972307Z	51652	0																			
1034	2026-09-24T17:18:57.343721782Z	51702	0																			
1035	2026-09-24T17:18:57.393442794Z	51751	0																			
1036	2026-09-24T17:18:57.443140979Z	51801	0																			
1037	2026-09-24T17:18:57.493848377Z	51852	0																			
1038	2026-09-24T17:18:57.543514684Z	51901	0																			
1039	2026-09-24T17:18:57.593187016Z	51951	0																			
1040	2026-09-24T17:18:57.643890936Z	52002	0																			
1041	2026-09-24T17:18:57.693599711Z	52052	0																			
1042	2026-09-24T17:18:57.743301274Z	52101	0																			
1043	2026-09-24T17:18:57.79294842Z	52151	0																			
1044	2026-09-24T17:18:57.843665256Z	52202	0																			
1045	2026-09-24T17:18:57.893363159Z	52251	0																			
1046	2026-09-24T17:18:57.943064054Z	52301	0																			
1047	2026-09-24T17:18:57.993702574Z	52352	0																			
1048	2026-09-24T17:18:58.043400797Z	52401	0																			
1049	2026-09-24T17:18:58.09312765Z	52451	0																			
1050	2026-09-24T17:18:58.143801326Z	52502	0																			
1051	2026-09-24T17:18:58.193524954Z	52551	0																			
1052	2026-09-24T17:18:58.243213936Z	52601	0																			
1053	2026-09-24T17:18:58.293917309Z	52652	0																			
1054	2026-09-24T17:18:58.343642749Z	52702	0																			
1055	2026-09-24T17:18:58.393349786Z	52751	0																			
1056	2026-09-24T17:18:58.443082946Z	52801	0																			
1057	2026-09-24T17:18:58.49380667Z	52852	0																			
1058	2026-09-24T17:18:58.543532617Z	52901	0																			
1059	2026-09-24T17:18:58.593290302Z	52951	0																			
1060	2026-09-24T17:18:58.643967117Z	53002	0																			
1061	2026-09-24T17:18:58.693660821Z	53052	0																			
1062	2026-09-24T17:18:58.743361475Z	53101	0																			
1063	2026-09-24T17:18:58.793078709Z	53151	0																			
1064	2026-09-24T17:18:58.843794289Z	53202	0																			
1065	2026-09-24T17:18:58.893444024Z	53251	0																			
1066	2026-09-24T17:18:58.94317161Z	53301	0																			
1067	2026-09-24T17:18:58.993899277Z	53352	0																			
1068	2026-09-24T17:18:59.043593054Z	53401	0																			
1069	2026-09-24T17:18:59.093254693Z	53451	0																			
1070	2026-09-24T17:18:59.142940063Z	53501	0																			
1071	2026-09-24T17:18:59.193648613Z	53552	0																			
1072	2026-09-24T17:18:59.243344759Z	53601	0																			
1073	2026-09-24T17:18:59.293079384Z	53651	0																			
1074	2026-09-24T17:18:59.343803257Z	53702	0																			
1075	2026-09-24T17:18:59.392993477Z	53751	0																			
1076	2026-09-24T17:18:59.443736522Z	53802	0																			
1077	2026-09-24T17:18:59.493397588Z	53851	0																			
1078	2026-09-24T17:18:59.543129586Z	53901	0																			
1079	2026-09-24T17:18:59.593820857Z	53952	0																			
1080	2026-09-24T17:18:59.643397757Z	54001	0																			
1081	2026-09-24T17:18:59.693936702Z	54052	0																			
1082	2026-09-24T17:18:59.743511665Z	54101	0																			
1083	2026-09-24T17:18:59.793057641Z	54151	0																			
1084	2026-09-24T17:18:59.84357294Z	54201	0																			
1085	2026-09-24T17:18:59.893094863Z	54251	0																			
1086	2026-09-24T17:18:59.943584339Z	54301	0																			
1087	2026-09-24T17:18:59.993119055Z	54351	0																			
1088	2026-09-24T17:19:00.043600409Z	54402	0																			
1089	2026-09-24T17:19:00.093236612Z	54451	0																			
1090	2026-09-24T17:19:00.143895526Z	54502	0																			
1091	2026-09-24T17:19:00.19360051Z	54552	0																			
1092	2026-09-24T17:19:00.243285484Z	54601	0																			
1093	2026-09-24T17:19:00.292944385Z	54651	0																			
1094	2026-09-24T17:19:00.343617756Z	54702	0																			
1095	2026-09-24T17:19:00.393247887Z	54751	0																			
1096	2026-09-24T17:19:00.443919903Z	54802	0																			
1097	2026-09-24T17:19:00.493551604Z	54851	0																			
1098	2026-09-24T17:19:00.543186692Z	54901	0																			
1099	2026-09-24T17:19:00.593749598Z	54952	0																			
1100	2026-09-24T17:19:00.643362989Z	55001	0																			
1101	2026-09-24T17:19:00.693945734Z	55052	0																			
1102	2026-09-24T17:19:00.743565225Z	55101	0																			
1103	2026-09-24T17:19:00.793225366Z	55151	0																			
1104	2026-09-24T17:19:00.843824619Z	55202	0																			
1105	2026-09-24T17:19:00.893490292Z	55251	0																			
1106	2026-09-24T17:19:00.943128167Z	55301	0																			
1107	2026-09-24T17:19:00.993869979Z	55352	0																			
1108	2026-09-24T17:19:01.043616236Z	55402	0																			
1109	2026-09-24T17:19:01.093323182Z	55451	0																			
1110	2026-09-24T17:19:01.143056397Z	55501	0																			
1111	2026-09-24T17:19:01.193730308Z	55552	0																			
1112	2026-09-24T17:19:01.24343057Z	55601	0																			
1113	2026-09-24T17:19:01.293140869Z	55651	0																			
1114	2026-09-24T17:19:01.343878341Z	55702	0																			
1115	2026-09-24T17:19:01.39360277Z	55752	0																			
1116	2026-09-24T17:19:01.443314453Z	55801	0																			
1117	2026-09-24T17:19:01.493956948Z	55852	0																			
1118	2026-09-24T17:19:01.543643321Z	55902	0																			
1119	2026-09-24T17:19:01.59329939Z	55951	0																			
1120	2026-09-24T17:19:01.642944991Z	56001	0																			
1121	2026-09-24T17:19:01.693647261Z	56052	0																			
1122	2026-09-24T17:19:01.7433535Z	56101	0																			
1123	2026-09-24T17:19:01.793046677Z	56151	0																			
1124	2026-09-24T17:19:01.843790254Z	56202	0																			
1125	2026-09-24T17:19:01.893443723Z	56251	0																			
1126	2026-09-24T17:19:01.943136162Z	56301	0																			
1127	2026-09-24T17:19:01.993825705Z	56352	0																			
1128	2026-09-24T17:19:02.043515847Z	56401	0																			
1129	2026-09-24T17:19:02.093220742Z	56451	0																			
1130	2026-09-24T17:19:02.143968172Z	56502	0																			
1131	2026-09-24T17:19:02.193744709Z	56552	0																			
1132	2026-09-24T17:19:02.243512338Z	56601	0																			
1133	2026-09-24T17:19:02.293231415Z	56651	0																			
1134	2026-09-24T17:19:02.343974424Z	56702	0																			
1135	2026-09-24T17:19:02.393659651Z	56752	0																			
1136	2026-09-24T17:19:02.443364194Z	56801	0																			
1137	2026-09-24T17:19:02.49306061Z	56851	0																			
1138	2026-09-24T17:19:02.543773011Z	56902	0																			
1139	2026-09-24T17:19:02.593443777Z	56951	0																			
1140	2026-09-24T17:19:02.643147505Z	57001	0																			
1141	2026-09-24T17:19:02.693813375Z	57052	0																			
1142	2026-09-24T17:19:02.743513911Z	57101	0																			
1143	2026-09-24T17:19:02.793212044Z	57151	0																			
1144	2026-09-24T17:19:02.843887895Z	57202	0																			
1145	2026-09-24T17:19:02.893598403Z	57251	0																			
1146	2026-09-24T17:19:02.943298573Z	57301	0																			
1147	2026-09-24T17:19:02.993933361Z	57352	0																			
1148	2026-09-24T17:19:03.043651878Z	57402	0																			
1149	2026-09-24T17:19:03.093675908Z	57452	0																			
1150	2026-09-24T17:19:03.143374821Z	57501	0																			
1151	2026-09-24T17:19:03.193113212Z	57551	0																			
1152	2026-09-24T17:19:03.243737039Z	57602	0																			
1153	2026-09-24T17:19:03.29343783Z	57651	0																			
1154	2026-09-24T17:19:03.342966136Z	57701	0																			
1155	2026-09-24T17:19:03.393520814Z	57751	0																			
1156	2026-09-24T17:19:03.443119281Z	57801	0																			
1157	2026-09-24T17:19:03.493730841Z	57852	0																			
1158	2026-09-24T17:19:03.54342323Z	57901	0																			
1159	2026-09-24T17:19:03.592959498Z	57951	0																			
1160	2026-09-24T17:19:03.643574627Z	58001	0																			
1161	2026-09-24T17:19:03.693189241Z	58051	0																			
1162	2026-09-24T17:19:03.743925749Z	58102	0																			
1163	2026-09-24T17:19:03.793558399Z	58151	0																			
1164	2026-09-24T17:19:03.843212055Z	58201	0																			
1165	2026-09-24T17:19:03.893898384Z	58252	0																			
1166	2026-09-24T17:19:03.943510609Z	58301	0																			
1167	2026-09-24T17:19:03.99313202Z	58351	0																			
1168	2026-09-24T17:19:04.043737286Z	58402	0																			
1169	2026-09-24T17:19:04.093318356Z	58451	0																			
1170	2026-09-24T17:19:04.143900277Z	58502	0																			
1171	2026-09-24T17:19:04.193436274Z	58551	0																			
1172	2026-09-24T17:19:04.242939358Z	58601	0																			
1173	2026-09-24T17:19:04.293438221Z	58651	0																			
1174	2026-09-24T17:19:04.343937059Z	58702	0																			
1175	2026-09-24T17:19:04.393494445Z	58751	0																			
1176	2026-09-24T17:19:04.443141531Z	58801	0																			
1177	2026-09-24T17:19:04.49382872Z	58852	0																			
1178	2026-09-24T17:19:04.543536162Z	58901	0																			
1179	2026-09-24T17:19:04.593275895Z	58951	0																			
1180	2026-09-24T17:19:04.642954063Z	59001	0																			
1181	2026-09-24T17:19:04.69365567Z	59052	0																			
1182	2026-09-24T17:19:04.743342123Z	59101	0																			
1183	2026-09-24T17:19:04.792937781Z	59151	0																			
1184	2026-09-24T17:19:04.843656661Z	59202	0																			
1185	2026-09-24T17:19:04.893310034Z	59251	0																			
1186	2026-09-24T17:19:04.943054272Z	59301	0																			
1187	2026-09-24T17:19:04.99379681Z	59352	0																			
1188	2026-09-24T17:19:05.043463458Z	59401	0																			
1189	2026-09-24T17:19:05.09319301Z	59451	0																			
1190	2026-09-24T17:19:05.143905733Z	59502	0																			
1191	2026-09-24T17:19:05.193650706Z	59552	0																			
1192	2026-09-24T17:19:05.243432288Z	59601	0																			
1193	2026-09-24T17:19:05.293132268Z	59651	0																			
1194	2026-09-24T17:19:05.343871438Z	59702	0																			
1195	2026-09-24T17:19:05.393602316Z	59752	0																			
1196	2026-09-24T17:19:05.44328827Z	59801	0																			
1197	2026-09-24T17:19:05.49295472Z	59851	0																			
1198	2026-09-24T17:19:05.543665483Z	59902	0																			
1199	2026-09-24T17:19:05.593379812Z	59951	0																			
1200	2026-09-24T17:19:05.643112245Z	60001	0																			
1201	2026-09-24T17:19:05.693516618Z	60051	0																			
1202	2026-09-24T17:19:05.743237349Z	60101	0																			
1203	2026-09-24T17:19:05.793978496Z	60152	0																			
1204	2026-09-24T17:19:05.843665355Z	60202	0																			
1205	2026-09-24T17:19:05.893362989Z	60251	0																			
1206	2026-09-24T17:19:05.943062309Z	60301	0																			
1207	2026-09-24T17:19:05.993748993Z	60352	0																			
1208	2026-09-24T17:19:06.043446185Z	60401	0																			
1209	2026-09-24T17:19:06.093140739Z	60451	0																			
1210	2026-09-24T17:19:06.143889643Z	60502	0																			
1211	2026-09-24T17:19:06.193606091Z	60552	0																			
1212	2026-09-24T17:19:06.243363239Z	60601	0																			
1213	2026-09-24T17:19:06.293088185Z	60651	0																			
1214	2026-09-24T17:19:06.343770708Z	60702	0																			
1215	2026-09-24T17:19:06.393519578Z	60751	0																			
1216	2026-09-24T17:19:06.443205377Z	60801	0																			
1217	2026-09-24T17:19:06.493896909Z	60852	0																			
1218	2026-09-24T17:19:06.543567333Z	60901	0																			
1219	2026-09-24T17:19:06.593202603Z	60951	0																			
1220	2026-09-24T17:19:06.643928016Z	61002	0																			
1221	2026-09-24T17:19:06.693662467Z	61052	0																			
1222	2026-09-24T17:19:06.743362181Z	61101	0																			
1223	2026-09-24T17:19:06.792964735Z	61151	0																			
1224	2026-09-24T17:19:06.843585584Z	61201	0																			
1225	2026-09-24T17:19:06.893209624Z	61251	0																			
1226	2026-09-24T17:19:06.943811215Z	61302	0																			
1227	2026-09-24T17:19:06.993282714Z	61351	0																			
1228	2026-09-24T17:19:07.043851587Z	61402	0																			
1229	2026-09-24T17:19:07.09334395Z	61451	0																			
1230	2026-09-24T17:19:07.143817539Z	61502	0																			
1231	2026-09-24T17:19:07.193551325Z	61551	0																			
1232	2026-09-24T17:19:07.243338009Z	61601	0																			
1233	2026-09-24T17:19:07.293059023Z	61651	0																			
1234	2026-09-24T17:19:07.343614667Z	61702	0																			
1235	2026-09-24T17:19:07.393203791Z	61751	0																			
1236	2026-09-24T17:19:07.443739592Z	61802	0																			
1237	2026-09-24T17:19:07.493283269Z	61851	0																			
1238	2026-09-24T17:19:07.54386147Z	61902	0																			
1239	2026-09-24T17:19:07.59352046Z	61951	0																			
1240	2026-09-24T17:19:07.643136407Z	62001	0																			
1241	2026-09-24T17:19:07.69374736Z	62052	0																			
1242	2026-09-24T17:19:07.743441505Z	62101	0																			
1243	2026-09-24T17:19:07.793137506Z	62151	0																			
1244	2026-09-24T17:19:07.843871979Z	62202	0																			
1245	2026-09-24T17:19:07.893521151Z	62251	0																			
1246	2026-09-24T17:19:07.943163192Z	62301	0																			
1247	2026-09-24T17:19:07.993749428Z	62352	0																			
1248	2026-09-24T17:19:08.043437678Z	62401	0																			
1249	2026-09-24T17:19:08.093135117Z	62451	0																			
1250	2026-09-24T17:19:08.14382782Z	62502	0																			
1251	2026-09-24T17:19:08.193523264Z	62551	0																			
1252	2026-09-24T17:19:08.243225774Z	62601	0																			
1253	2026-09-24T17:19:08.293922899Z	62652	0																			
1254	2026-09-24T17:19:08.343625107Z	62702	0																			
1255	2026-09-24T17:19:08.393295386Z	62751	0																			
1256	2026-09-24T17:19:08.443049447Z	62801	0																			
1257	2026-09-24T17:19:08.493750099Z	62852	0																			
1258	2026-09-24T17:19:08.543441901Z	62901	0																			
1259	2026-09-24T17:19:08.593156955Z	62951	0																			
1260	2026-09-24T17:19:08.643875389Z	63002	0																			
1261	2026-09-24T17:19:08.693580981Z	63051	0																			
1262	2026-09-24T17:19:08.743289719Z	63101	0																			
1263	2026-09-24T17:19:08.792939989Z	63151	0																			
1264	2026-09-24T17:19:08.843743771Z	63202	0																			
1265	2026-09-24T17:19:08.893432646Z	63251	0																			
1266	2026-09-24T17:19:08.943135968Z	63301	0																			
1267	2026-09-24T17:19:08.993817933Z	63352	0																			
1268	2026-09-24T17:19:09.04345485Z	63401	0																			
1269	2026-09-24T17:19:09.093193049Z	63451	0																			
1270	2026-09-24T17:19:09.143903131Z	63502	0																			
1271	2026-09-24T17:19:09.193605282Z	63552	0																			
1272	2026-09-24T17:19:09.243322719Z	63601	0																			
1273	2026-09-24T17:19:09.292945637Z	63651	0																			
1274	2026-09-24T17:19:09.343662701Z	63702	0																			
1275	2026-09-24T17:19:09.393308411Z	63751	0																			
1276	2026-09-24T17:19:09.442971854Z	63801	0																			
1277	2026-09-24T17:19:09.493729757Z	63852	0																			
1278	2026-09-24T17:19:09.543442453Z	63901	0																			
1279	2026-09-24T17:19:09.593138718Z	63951	0																			
1280	2026-09-24T17:19:09.643820879Z	64002	0																			
1281	2026-09-24T17:19:09.693442142Z	64051	0																			
1282	2026-09-24T17:19:09.743141226Z	64101	0																			
1283	2026-09-24T17:19:09.793851332Z	64152	0																			
1284	2026-09-24T17:19:09.84357848Z	64201	0																			
1285	2026-09-24T17:19:09.89329522Z	64251	0																			
1286	2026-09-24T17:19:09.942958889Z	64301	0																			
1287	2026-09-24T17:19:09.993661974Z	64352	0																			
1288	2026-09-24T17:19:10.043388502Z	64401	0																			
1289	2026-09-24T17:19:10.093059732Z	64451	0																			
1290	2026-09-24T17:19:10.14375244Z	64502	0																			
1291	2026-09-24T17:19:10.193444456Z	64551	0																			
1292	2026-09-24T17:19:10.243120152Z	64601	0																			
1293	2026-09-24T17:19:10.293809804Z	64652	0																			
1294	2026-09-24T17:19:10.343511514Z	64701	0																			
1295	2026-09-24T17:19:10.393135873Z	64751	0																			
1296	2026-09-24T17:19:10.44384035Z	64802	0																			
1297	2026-09-24T17:19:10.493519785Z	64851	0																			
1298	2026-09-24T17:19:10.543140348Z	64901	0																			
1299	2026-09-24T17:19:10.59384253Z	64952	0																			
1300	2026-09-24T17:19:10.643511731Z	65001	0																			
1301	2026-09-24T17:19:10.693216745Z	65051	0																			
1302	2026-09-24T17:19:10.743955441Z	65102	0																			
1303	2026-09-24T17:19:10.793680968Z	65152	0																			
1304	2026-09-24T17:19:10.843283973Z	65201	0																			
1305	2026-09-24T17:19:10.89382862Z	65252	0																			
1306	2026-09-24T17:19:10.943537599Z	65301	0																			
1307	2026-09-24T17:19:10.993132758Z	65351	0																			
1308	2026-09-24T17:19:11.043706809Z	65402	0																			
1309	2026-09-24T17:19:11.09322473Z	65451	0																			
1310	2026-09-24T17:19:11.143813276Z	65502	0																			
1311	2026-09-24T17:19:11.193595679Z	65551	0																			
1312	2026-09-24T17:19:11.243224611Z	65601	0																			
1313	2026-09-24T17:19:11.293802603Z	65652	0																			
1314	2026-09-24T17:19:11.343461773Z	65701	0																			
1315	2026-09-24T17:19:11.393118144Z	65751	0																			
1316	2026-09-24T17:19:11.443793275Z	65802	0																			
1317	2026-09-24T17:19:11.493441283Z	65851	0																			
1318	2026-09-24T17:19:11.543966467Z	65902	0																			
1319	2026-09-24T17:19:11.593598395Z	65951	0																			
1320	2026-09-24T17:19:11.643283131Z	66001	0																			
1321	2026-09-24T17:19:11.692932226Z	66051	0																			
1322	2026-09-24T17:19:11.743666173Z	66102	0																			
1323	2026-09-24T17:19:11.793361681Z	66151	0																			
1324	2026-09-24T17:19:11.842954618Z	66201	0																			
1325	2026-09-24T17:19:11.893639519Z	66252	0																			
1326	2026-09-24T17:19:11.943311943Z	66301	0																			
1327	2026-09-24T17:19:11.992964575Z	66351	0																			
1328	2026-09-24T17:19:12.043664672Z	66402	0																			
1329	2026-09-24T17:19:12.093364561Z	66451	0																			
1330	2026-09-24T17:19:12.143062718Z	66501	0																			
1331	2026-09-24T17:19:12.193784899Z	66552	0																			
1332	2026-09-24T17:19:12.24351574Z	66601	0																			
1333	2026-09-24T17:19:12.293179584Z	66651	0																			
1334	2026-09-24T17:19:12.343906715Z	66702	0																			
1335	2026-09-24T17:19:12.393600572Z	66752	0																			
1336	2026-09-24T17:19:12.443267167Z	66801	0																			
1337	2026-09-24T17:19:12.492979177Z	66851	0																			
1338	2026-09-24T17:19:12.543665377Z	66902	0																			
1339	2026-09-24T17:19:12.593361134Z	66951	0																			
1340	2026-09-24T17:19:12.643059404Z	67001	0																			
1341	2026-09-24T17:19:12.693763755Z	67052	0																			
1342	2026-09-24T17:19:12.743466927Z	67101	0																			
1343	2026-09-24T17:19:12.793139663Z	67151	0																			
1344	2026-09-24T17:19:12.843879386Z	67202	0																			
1345	2026-09-24T17:19:12.893588697Z	67251	0																			
1346	2026-09-24T17:19:12.943286049Z	67301	0																			
1347	2026-09-24T17:19:12.99292422Z	67351	0																			
1348	2026-09-24T17:19:13.043669389Z	67402	0																			
1349	2026-09-24T17:19:13.093383222Z	67451	0																			
1350	2026-09-24T17:19:13.143174223Z	67501	0																			
1351	2026-09-24T17:19:13.193894338Z	67552	0																			
1352	2026-09-24T17:19:13.243597947Z	67601	0																			
1353	2026-09-24T17:19:13.293287102Z	67651	0																			
1354	2026-09-24T17:19:13.342967568Z	67701	0																			
1355	2026-09-24T17:19:13.393673393Z	67752	0																			
1356	2026-09-24T17:19:13.443364577Z	67801	0																			
1357	2026-09-24T17:19:13.493060726Z	67851	0																			
1358	2026-09-24T17:19:13.543769787Z	67902	0																			
1359	2026-09-24T17:19:13.593443045Z	67951	0																			
1360	2026-09-24T17:19:13.643138864Z	68001	0																			
1361	2026-09-24T17:19:13.693826267Z	68052	0																			
1362	2026-09-24T17:19:13.743531096Z	68101	0																			
1363	2026-09-24T17:19:13.793256434Z	68151	0																			
1364	2026-09-24T17:19:13.842922432Z	68201	0																			
1365	2026-09-24T17:19:13.89359577Z	68251	0																			
1366	2026-09-24T17:19:13.943163116Z	68301	0																			
1367	2026-09-24T17:19:13.993725407Z	68352	0																			
1368	2026-09-24T17:19:14.043281224Z	68401	0																			
1369	2026-09-24T17:19:14.09311538Z	68451	0																			
1370	2026-09-24T17:19:14.143810571Z	68502	0																			
1371	2026-09-24T17:19:14.193492065Z	68551	0																			
1372	2026-09-24T17:19:14.243214365Z	68601	0																			
1373	2026-09-24T17:19:14.293248803Z	68651	0																			
1374	2026-09-24T17:19:14.343934783Z	68702	0																			
1375	2026-09-24T17:19:14.393649957Z	68752	0																			
1376	2026-09-24T17:19:14.443339064Z	68801	0																			
1377	2026-09-24T17:19:14.493053879Z	68851	0																			
1378	2026-09-24T17:19:14.543776071Z	68902	0																			
1379	2026-09-24T17:19:14.593437319Z	68951	0																			
1380	2026-09-24T17:19:14.643058362Z	69001	0																			
1381	2026-09-24T17:19:14.693750407Z	69052	0																			
1382	2026-09-24T17:19:14.743438885Z	69101	0																			
1383	2026-09-24T17:19:14.79310547Z	69151	0																			
1384	2026-09-24T17:19:14.843737018Z	69202	0																			
1385	2026-09-24T17:19:14.89336161Z	69251	0																			
1386	2026-09-24T17:19:14.942946286Z	69301	0																			
1387	2026-09-24T17:19:14.993657546Z	69352	0																			
1388	2026-09-24T17:19:15.04336384Z	69401	0																			
1389	2026-09-24T17:19:15.093064071Z	69451	0																			
1390	2026-09-24T17:19:15.143749429Z	69502	0																			
1391	2026-09-24T17:19:15.193443689Z	69551	0																			
1392	2026-09-24T17:19:15.243213272Z	69601	0																			
1393	2026-09-24T17:19:15.29390166Z	69652	0																			
1394	2026-09-24T17:19:15.343590767Z	69701	0																			
1395	2026-09-24T17:19:15.393289766Z	69751	0																			
1396	2026-09-24T17:19:15.442961731Z	69801	0																			
1397	2026-09-24T17:19:15.493671661Z	69852	0																			
1398	2026-09-24T17:19:15.543365685Z	69901	0																			
1399	2026-09-24T17:19:15.593046523Z	69951	0																			
1400	2026-09-24T17:19:15.64374577Z	70002	0																			
1401	2026-09-24T17:19:15.693100697Z	70051	0																			
1402	2026-09-24T17:19:15.743816654Z	70102	0																			
1403	2026-09-24T17:19:15.793537981Z	70151	0																			
1404	2026-09-24T17:19:15.843263919Z	70201	0																			
1405	2026-09-24T17:19:15.893949799Z	70252	0																			
1406	2026-09-24T17:19:15.943610262Z	70302	0																			
1407	2026-09-24T17:19:15.993287904Z	70351	0																			
1408	2026-09-24T17:19:16.042958647Z	70401	0																			
1409	2026-09-24T17:19:16.093681921Z	70452	0																			
1410	2026-09-24T17:19:16.143373255Z	70501	0																			
1411	2026-09-24T17:19:16.193081135Z	70551	0																			
1412	2026-09-24T17:19:16.243817208Z	70602	0																			
1413	2026-09-24T17:19:16.293520603Z	70651	0																			
1414	2026-09-24T17:19:16.343214148Z	70701	0																			
1415	2026-09-24T17:19:16.393931815Z	70752	0																			
1416	2026-09-24T17:19:16.443590805Z	70801	0																			
1417	2026-09-24T17:19:16.493238414Z	70851	0																			
1418	2026-09-24T17:19:16.543919668Z	70902	0																			
1419	2026-09-24T17:19:16.593598707Z	70951	0																			
1420	2026-09-24T17:19:16.643287343Z	71001	0																			
1421	2026-09-24T17:19:16.69395664Z	71052	0																			
1422	2026-09-24T17:19:16.743669612Z	71102	0																			
1423	2026-09-24T17:19:16.793364926Z	71151	0																			
1424	2026-09-24T17:19:16.84306516Z	71201	0																			
1425	2026-09-24T17:19:16.893729779Z	71252	0																			
1426	2026-09-24T17:19:16.943443071Z	71301	0																			
1427	2026-09-24T17:19:16.993096564Z	71351	0																			
1428	2026-09-24T17:19:17.043798567Z	71402	0																			
1429	2026-09-24T17:19:17.093495608Z	71451	0																			
1430	2026-09-24T17:19:17.143220083Z	71501	0																			
1431	2026-09-24T17:19:17.193934213Z	71552	0																			
1432	2026-09-24T17:19:17.243655034Z	71602	0																			
1433	2026-09-24T17:19:17.293370336Z	71651	0																			
1434	2026-09-24T17:19:17.343058131Z	71701	0																			
1435	2026-09-24T17:19:17.393740781Z	71752	0																			
1436	2026-09-24T17:19:17.443443179Z	71801	0																			
1437	2026-09-24T17:19:17.493144494Z	71851	0																			
1438	2026-09-24T17:19:17.543889344Z	71902	0																			
1439	2026-09-24T17:19:17.593601457Z	71952	0																			
1440	2026-09-24T17:19:17.643241982Z	72001	0																			
1441	2026-09-24T17:19:17.693900146Z	72052	0																			
1442	2026-09-24T17:19:17.743592355Z	72101	0																			
1443	2026-09-24T17:19:17.79328448Z	72151	0																			
1444	2026-09-24T17:19:17.842951354Z	72201	0																			
1445	2026-09-24T17:19:17.893672395Z	72252	0																			
1446	2026-09-24T17:19:17.943285297Z	72301	0																			
1447	2026-09-24T17:19:17.993956561Z	72352	0																			
1448	2026-09-24T17:19:18.04351893Z	72401	0																			
1449	2026-09-24T17:19:18.093133808Z	72451	0																			
1450	2026-09-24T17:19:18.143746118Z	72502	0																			
1451	2026-09-24T17:19:18.193360836Z	72551	0																			
1452	2026-09-24T17:19:18.242925572Z	72601	0																			
1453	2026-09-24T17:19:18.293509443Z	72651	0																			
1454	2026-09-24T17:19:18.343057287Z	72701	0																			
1455	2026-09-24T17:19:18.393645314Z	72752	0																			
1456	2026-09-24T17:19:18.443202944Z	72801	0																			
1457	2026-09-24T17:19:18.493748436Z	72852	0																			
1458	2026-09-24T17:19:18.543442483Z	72901	0																			
1459	2026-09-24T17:19:18.593149284Z	72951	0																			
1460	2026-09-24T17:19:18.643811168Z	73002	0																			
1461	2026-09-24T17:19:18.693441691Z	73051	0																			
1462	2026-09-24T17:19:18.742957085Z	73101	0																			
1463	2026-09-24T17:19:18.793505103Z	73151	0																			
1464	2026-09-24T17:19:18.842951917Z	73201	0																			
1465	2026-09-24T17:19:18.89360337Z	73252	0																			
1466	2026-09-24T17:19:18.943284159Z	73301	0																			
1467	2026-09-24T17:19:18.992924335Z	73351	0																			
1468	2026-09-24T17:19:19.043648964Z	73402	0																			
1469	2026-09-24T17:19:19.093293941Z	73451	0																			
1470	2026-09-24T17:19:19.14292133Z	73501	0																			
1471	2026-09-24T17:19:19.193593088Z	73551	0																			
1472	2026-09-24T17:19:19.24318452Z	73601	0																			
1473	2026-09-24T17:19:19.293742346Z	73652	0																			
1474	2026-09-24T17:19:19.34320941Z	73701	0																			
1475	2026-09-24T17:19:19.39382349Z	73752	0																			
1476	2026-09-24T17:19:19.443446314Z	73801	0																			
1477	2026-09-24T17:19:19.493139479Z	73851	0																			
1478	2026-09-24T17:19:19.543864149Z	73902	0																			
1479	2026-09-24T17:19:19.593592245Z	73951	0																			
1480	2026-09-24T17:19:19.643287248Z	74001	0																			
1481	2026-09-24T17:19:19.693977081Z	74052	0																			
1482	2026-09-24T17:19:19.74366749Z	74102	0																			
1483	2026-09-24T17:19:19.793368283Z	74151	0																			
1484	2026-09-24T17:19:19.843065632Z	74201	0																			
1485	2026-09-24T17:19:19.893760973Z	74252	0																			
1486	2026-09-24T17:19:19.94343852Z	74301	0																			
1487	2026-09-24T17:19:19.993125494Z	74351	0																			
1488	2026-09-24T17:19:20.043803596Z	74402	0																			
1489	2026-09-24T17:19:20.093522674Z	74451	0																			
1490	2026-09-24T17:19:20.143216946Z	74501	0																			
1491	2026-09-24T17:19:20.193920751Z	74552	0																			
1492	2026-09-24T17:19:20.243590881Z	74601	0																			
1493	2026-09-24T17:19:20.293273371Z	74651	0																			
1494	2026-09-24T17:19:20.343961801Z	74702	0																			
1495	2026-09-24T17:19:20.393597284Z	74751	0																			
1496	2026-09-24T17:19:20.443288134Z	74801	0																			
1497	2026-09-24T17:19:20.492933198Z	74851	0																			
1498	2026-09-24T17:19:20.543669312Z	74902	0																			
1499	2026-09-24T17:19:20.593256128Z	74951	0																			
1500	2026-09-24T17:19:20.643958595Z	75002	0																			
1501	2026-09-24T17:19:20.693597986Z	75051	0																			
1502	2026-09-24T17:19:20.743275513Z	75101	0																			
1503	2026-09-24T17:19:20.792928258Z	75151	0																			
1504	2026-09-24T17:19:20.843636575Z	75202	0																			
1505	2026-09-24T17:19:20.893282091Z	75251	0																			
1506	2026-09-24T17:19:20.945406426Z	75303	0																			
1507	2026-09-24T17:19:20.993916583Z	75352	0																			
1508	2026-09-24T17:19:21.043642835Z	75402	0																			
1509	2026-09-24T17:19:21.093275746Z	75451	0																			
1510	2026-09-24T17:19:21.143891926Z	75502	0																			
1511	2026-09-24T17:19:21.193436101Z	75551	0																			
1512	2026-09-24T17:19:21.243949419Z	75602	0																			
1513	2026-09-24T17:19:21.293442564Z	75651	0																			
1514	2026-09-24T17:19:21.342935588Z	75701	0																			
1515	2026-09-24T17:19:21.393491036Z	75751	0																			
1516	2026-09-24T17:19:21.442922503Z	75801	0																			
1517	2026-09-24T17:19:21.493508813Z	75851	0																			
1518	2026-09-24T17:19:21.543057729Z	75901	0																			
1519	2026-09-24T17:19:21.593517763Z	75951	0																			
1520	2026-09-24T17:19:21.643958441Z	76002	0																			
1521	2026-09-24T17:19:21.693411413Z	76051	0																			
1522	2026-09-24T17:19:21.743938545Z	76102	0																			
1523	2026-09-24T17:19:21.793521524Z	76151	0																			
1524	2026-09-24T17:19:21.842943473Z	76201	0																			
1525	2026-09-24T17:19:21.893410197Z	76251	0																			
1526	2026-09-24T17:19:21.943929222Z	76302	0																			
1527	2026-09-24T17:19:21.993414759Z	76351	0																			
1528	2026-09-24T17:19:22.043936042Z	76402	0																			
1529	2026-09-24T17:19:22.093401943Z	76451	0																			
1530	2026-09-24T17:19:22.143969075Z	76502	0																			
1531	2026-09-24T17:19:22.193398928Z	76551	0																			
1532	2026-09-24T17:19:22.243852582Z	76602	0																			
1533	2026-09-24T17:19:22.293436966Z	76651	0																			
1534	2026-09-24T17:19:22.343886576Z	76702	0																			
1535	2026-09-24T17:19:22.393362027Z	76751	0																			
1536	2026-09-24T17:19:22.443809423Z	76802	0																			
1537	2026-09-24T17:19:22.493263557Z	76851	0																			
1538	2026-09-24T17:19:22.543799895Z	76902	0																			
1539	2026-09-24T17:19:22.593369134Z	76951	0																			
1540	2026-09-24T17:19:22.643947073Z	77002	0																			
1541	2026-09-24T17:19:22.693442036Z	77051	0																			
1542	2026-09-24T17:19:22.743957978Z	77102	0																			
1543	2026-09-24T17:19:22.793540331Z	77151	0																			
1544	2026-09-24T17:19:22.843058139Z	77201	0																			
1545	2026-09-24T17:19:22.893588565Z	77251	0																			
1546	2026-09-24T17:19:22.943057815Z	77301	0																			
1547	2026-09-24T17:19:22.993519314Z	77351	0																			
1548	2026-09-24T17:19:23.042964496Z	77401	0																			
1549	2026-09-24T17:19:23.093575018Z	77451	0																			
1550	2026-09-24T17:19:23.143139397Z	77501	0																			
1551	2026-09-24T17:19:23.193719709Z	77552	0																			
1552	2026-09-24T17:19:23.24334048Z	77601	0																			
1553	2026-09-24T17:19:23.293893887Z	77652	0																			
1554	2026-09-24T17:19:23.343359342Z	77701	0																			
1555	2026-09-24T17:19:23.393899441Z	77752	0																			
1556	2026-09-24T17:19:23.44348601Z	77801	0																			
1557	2026-09-24T17:19:23.492934538Z	77851	0																			
1558	2026-09-24T17:19:23.543481125Z	77901	0																			
1559	2026-09-24T17:19:23.593139671Z	77951	0																			
1560	2026-09-24T17:19:23.643815381Z	78002	0																			
1561	2026-09-24T17:19:23.693524405Z	78051	0																			
1562	2026-09-24T17:19:23.743219224Z	78101	0																			
1563	2026-09-24T17:19:23.793939949Z	78152	0																			
1564	2026-09-24T17:19:23.843666383Z	78202	0																			
1565	2026-09-24T17:19:23.893364748Z	78251	0																			
1566	2026-09-24T17:19:23.943076977Z	78301	0																			
1567	2026-09-24T17:19:23.993802228Z	78352	0																			
1568	2026-09-24T17:19:24.0435405Z	78401	0																			
1569	2026-09-24T17:19:24.093271772Z	78451	0																			
1570	2026-09-24T17:19:24.142965055Z	78501	0																			
1571	2026-09-24T17:19:24.193710244Z	78552	0																			
1572	2026-09-24T17:19:24.243425623Z	78601	0																			
1573	2026-09-24T17:19:24.293135389Z	78651	0																			
1574	2026-09-24T17:19:24.343794443Z	78702	0																			
1575	2026-09-24T17:19:24.393494589Z	78751	0																			
1576	2026-09-24T17:19:24.443214096Z	78801	0																			
1577	2026-09-24T17:19:24.49392376Z	78852	0																			
1578	2026-09-24T17:19:24.543593507Z	78901	0																			
1579	2026-09-24T17:19:24.593250432Z	78951	0																			
1580	2026-09-24T17:19:24.643963209Z	79002	0																			
1581	2026-09-24T17:19:24.69360866Z	79052	0																			
1582	2026-09-24T17:19:24.743228571Z	79101	0																			
1583	2026-09-24T17:19:24.793820449Z	79152	0																			
1584	2026-09-24T17:19:24.843358601Z	79201	0																			
1585	2026-09-24T17:19:24.893895706Z	79252	0																			
1586	2026-09-24T17:19:24.943358457Z	79301	0																			
1587	2026-09-24T17:19:24.993820709Z	79352	0																			
1588	2026-09-24T17:19:25.043311057Z	79401	0																			
1589	2026-09-24T17:19:25.093830034Z	79452	0																			
1590	2026-09-24T17:19:25.143441673Z	79501	0																			
1591	2026-09-24T17:19:25.193900954Z	79552	0																			
1592	2026-09-24T17:19:25.243436822Z	79601	0																			
1593	2026-09-24T17:19:25.293896722Z	79652	0																			
1594	2026-09-24T17:19:25.343350497Z	79701	0																			
1595	2026-09-24T17:19:25.393848652Z	79752	0																			
1596	2026-09-24T17:19:25.443353846Z	79801	0																			
1597	2026-09-24T17:19:25.493055342Z	79851	0																			
1598	2026-09-24T17:19:25.543740772Z	79902	0																			
1599	2026-09-24T17:19:25.593446259Z	79951	0																			
1600	2026-09-24T17:19:25.643177752Z	80001	0																			
1601	2026-09-24T17:19:25.693576012Z	80051	0																			
1602	2026-09-24T17:19:25.743287889Z	80101	0																			
1603	2026-09-24T17:19:25.792964111Z	80151	0																			
1604	2026-09-24T17:19:25.84370324Z	80202	0																			
1605	2026-09-24T17:19:25.893385521Z	80251	0																			
1606	2026-09-24T17:19:25.943116933Z	80301	0																			
1607	2026-09-24T17:19:25.99382635Z	80352	0																			
1608	2026-09-24T17:19:26.043525776Z	80401	0																			
1609	2026-09-24T17:19:26.093214702Z	80451	0																			
1610	2026-09-24T17:19:26.143908811Z	80502	0																			
1611	2026-09-24T17:19:26.193592314Z	80551	0																			
1612	2026-09-24T17:19:26.243341561Z	80601	0																			
1613	2026-09-24T17:19:26.292993727Z	80651	0																			
1614	2026-09-24T17:19:26.343724637Z	80702	0																			
1615	2026-09-24T17:19:26.39345327Z	80751	0																			
1616	2026-09-24T17:19:26.443135775Z	80801	0																			
1617	2026-09-24T17:19:26.493786758Z	80852	0																			
1618	2026-09-24T17:19:26.543444801Z	80901	0																			
1619	2026-09-24T17:19:26.593140414Z	80951	0																			
1620	2026-09-24T17:19:26.643870428Z	81002	0																			
1621	2026-09-24T17:19:26.693583937Z	81051	0																			
1622	2026-09-24T17:19:26.743291653Z	81101	0																			
1623	2026-09-24T17:19:26.792949197Z	81151	0																			
1624	2026-09-24T17:19:26.843662837Z	81202	0																			
1625	2026-09-24T17:19:26.893359656Z	81251	0																			
1626	2026-09-24T17:19:26.942944798Z	81301	0																			
1627	2026-09-24T17:19:26.993583228Z	81351	0																			
1628	2026-09-24T17:19:27.043134737Z	81401	0																			
1629	2026-09-24T17:19:27.093736814Z	81452	0																			
1630	2026-09-24T17:19:27.143291378Z	81501	0																			
1631	2026-09-24T17:19:27.193831921Z	81552	0																			
1632	2026-09-24T17:19:27.243333307Z	81601	0																			
1633	2026-09-24T17:19:27.293866219Z	81652	0																			
1634	2026-09-24T17:19:27.343359552Z	81701	0																			
1635	2026-09-24T17:19:27.393893594Z	81752	0																			
1636	2026-09-24T17:19:27.443436452Z	81801	0																			
1637	2026-09-24T17:19:27.493051547Z	81851	0																			
1638	2026-09-24T17:19:27.543662166Z	81902	0																			
1639	2026-09-24T17:19:27.593131744Z	81951	0																			
1640	2026-09-24T17:19:27.643737101Z	82002	0																			
1641	2026-09-24T17:19:27.693334161Z	82051	0																			
1642	2026-09-24T17:19:27.743965112Z	82102	0																			
1643	2026-09-24T17:19:27.793654041Z	82152	0																			
1644	2026-09-24T17:19:27.843353117Z	82201	0																			
1645	2026-09-24T17:19:27.893060775Z	82251	0																			
1646	2026-09-24T17:19:27.943737358Z	82302	0																			
1647	2026-09-24T17:19:27.993286471Z	82351	0																			
1648	2026-09-24T17:19:28.04389217Z	82402	0																			
1649	2026-09-24T17:19:28.093525959Z	82451	0																			
1650	2026-09-24T17:19:28.1431457Z	82501	0																			
1651	2026-09-24T17:19:28.193812829Z	82552	0																			
1652	2026-09-24T17:19:28.243512804Z	82601	0																			
1653	2026-09-24T17:19:28.29321133Z	82651	0																			
1654	2026-09-24T17:19:28.343935895Z	82702	0																			
1655	2026-09-24T17:19:28.393598999Z	82751	0																			
1656	2026-09-24T17:19:28.443253682Z	82801	0																			
1657	2026-09-24T17:19:28.493893932Z	82852	0																			
1658	2026-09-24T17:19:28.543612252Z	82902	0																			
1659	2026-09-24T17:19:28.593342375Z	82951	0																			
1660	2026-09-24T17:19:28.643058164Z	83001	0																			
1661	2026-09-24T17:19:28.693634413Z	83052	0																			
1662	2026-09-24T17:19:28.743133914Z	83101	0																			
1663	2026-09-24T17:19:28.793594207Z	83151	0																			
1664	2026-09-24T17:19:28.84305444Z	83201	0																			
1665	2026-09-24T17:19:28.893517787Z	83251	0																			
1666	2026-09-24T17:19:28.94297223Z	83301	0																			
1667	2026-09-24T17:19:28.993438744Z	83351	0																			
1668	2026-09-24T17:19:29.043885652Z	83402	0																			
1669	2026-09-24T17:19:29.093356455Z	83451	0																			
1670	2026-09-24T17:19:29.143836715Z	83502	0																			
1671	2026-09-24T17:19:29.193286507Z	83551	0																			
1672	2026-09-24T17:19:29.243732513Z	83602	0																			
1673	2026-09-24T17:19:29.293207846Z	83651	0																			
1674	2026-09-24T17:19:29.343649335Z	83702	0																			
1675	2026-09-24T17:19:29.393130538Z	83751	0																			
1676	2026-09-24T17:19:29.443638084Z	83802	0																			
1677	2026-09-24T17:19:29.493056588Z	83851	0																			
1678	2026-09-24T17:19:29.54351003Z	83901	0																			
1679	2026-09-24T17:19:29.593043145Z	83951	0																			
1680	2026-09-24T17:19:29.643572171Z	84001	0																			
1681	2026-09-24T17:19:29.693115951Z	84051	0																			
1682	2026-09-24T17:19:29.743661216Z	84102	0																			
1683	2026-09-24T17:19:29.793132343Z	84151	0																			
1684	2026-09-24T17:19:29.843660623Z	84202	0																			
1685	2026-09-24T17:19:29.893209238Z	84251	0																			
1686	2026-09-24T17:19:29.943789232Z	84302	0																			
1687	2026-09-24T17:19:29.993208333Z	84351	0																			
1688	2026-09-24T17:19:30.043709991Z	84402	0																			
1689	2026-09-24T17:19:30.093130607Z	84451	0																			
1690	2026-09-24T17:19:30.143596546Z	84501	0																			
1691	2026-09-24T17:19:30.193104076Z	84551	0																			
1692	2026-09-24T17:19:30.243569126Z	84601	0																			
1693	2026-09-24T17:19:30.292955088Z	84651	0																			
1694	2026-09-24T17:19:30.343430175Z	84701	0																			
1695	2026-09-24T17:19:30.393895226Z	84752	0																			
1696	2026-09-24T17:19:30.44333423Z	84801	0																			
1697	2026-09-24T17:19:30.493744284Z	84852	0																			
1698	2026-09-24T17:19:30.543130023Z	84901	0																			
1699	2026-09-24T17:19:30.593518258Z	84951	0																			
1700	2026-09-24T17:19:30.643960237Z	85002	0																			
1701	2026-09-24T17:19:30.69344037Z	85051	0																			
1702	2026-09-24T17:19:30.743866802Z	85102	0																			
1703	2026-09-24T17:19:30.793357915Z	85151	0																			
1704	2026-09-24T17:19:30.843853587Z	85202	0																			
1705	2026-09-24T17:19:30.893281426Z	85251	0																			
1706	2026-09-24T17:19:30.943809459Z	85302	0																			
1707	2026-09-24T17:19:30.993284929Z	85351	0																			
1708	2026-09-24T17:19:31.043810951Z	85402	0																			
1709	2026-09-24T17:19:31.093283255Z	85451	0																			
1710	2026-09-24T17:19:31.143816757Z	85502	0																			
1711	2026-09-24T17:19:31.193358274Z	85551	0																			
1712	2026-09-24T17:19:31.24382503Z	85602	0																			
1713	2026-09-24T17:19:31.293327035Z	85651	0																			
1714	2026-09-24T17:19:31.343732846Z	85702	0																			
1715	2026-09-24T17:19:31.39320633Z	85751	0																			
1716	2026-09-24T17:19:31.44371741Z	85802	0																			
1717	2026-09-24T17:19:31.493187477Z	85851	0																			
1718	2026-09-24T17:19:31.543695722Z	85902	0																			
1719	2026-09-24T17:19:31.593132041Z	85951	0																			
1720	2026-09-24T17:19:31.643575274Z	86001	0																			
1721	2026-09-24T17:19:31.693057178Z	86051	0																			
1722	2026-09-24T17:19:31.743568814Z	86101	0																			
1723	2026-09-24T17:19:31.793067991Z	86151	0																			
1724	2026-09-24T17:19:31.843565464Z	86201	0																			
1725	2026-09-24T17:19:31.893063236Z	86251	0																			
1726	2026-09-24T17:19:31.943576866Z	86301	0																			
1727	2026-09-24T17:19:31.993103106Z	86351	0																			
1728	2026-09-24T17:19:32.043644822Z	86402	0																			
1729	2026-09-24T17:19:32.09317228Z	86451	0																			
1730	2026-09-24T17:19:32.143652613Z	86502	0																			
1731	2026-09-24T17:19:32.193133961Z	86551	0																			
1732	2026-09-24T17:19:32.243655791Z	86602	0																			
1733	2026-09-24T17:19:32.293185933Z	86651	0																			
1734	2026-09-24T17:19:32.343733519Z	86702	0																			
1735	2026-09-24T17:19:32.393205968Z	86751	0																			
1736	2026-09-24T17:19:32.443782238Z	86802	0																			
1737	2026-09-24T17:19:32.493339665Z	86851	0																			
1738	2026-09-24T17:19:32.543863123Z	86902	0																			
1739	2026-09-24T17:19:32.593355179Z	86951	0																			
1740	2026-09-24T17:19:32.643804808Z	87002	0																			
1741	2026-09-24T17:19:32.693281001Z	87051	0																			
1742	2026-09-24T17:19:32.743798414Z	87102	0																			
1743	2026-09-24T17:19:32.79328268Z	87151	0																			
1744	2026-09-24T17:19:32.843786952Z	87202	0																			
1745	2026-09-24T17:19:32.893279321Z	87251	0																			
1746	2026-09-24T17:19:32.943785062Z	87302	0																			
1747	2026-09-24T17:19:32.993282925Z	87351	0																			
1748	2026-09-24T17:19:33.043802878Z	87402	0																			
1749	2026-09-24T17:19:33.093361946Z	87451	0																			
1750	2026-09-24T17:19:33.142972926Z	87501	0																			
1751	2026-09-24T17:19:33.193734433Z	87552	0																			
1752	2026-09-24T17:19:33.243443643Z	87601	0																			
1753	2026-09-24T17:19:33.293154744Z	87651	0																			
1754	2026-09-24T17:19:33.343891181Z	87702	0																			
1755	2026-09-24T17:19:33.393585834Z	87751	0																			
1756	2026-09-24T17:19:33.443305635Z	87801	0																			
1757	2026-09-24T17:19:33.49294654Z	87851	0																			
1758	2026-09-24T17:19:33.543604282Z	87902	0																			
1759	2026-09-24T17:19:33.593289041Z	87951	0																			
1760	2026-09-24T17:19:33.642950981Z	88001	0																			
1761	2026-09-24T17:19:33.693597944Z	88051	0																			
1762	2026-09-24T17:19:33.743287498Z	88101	0																			
1763	2026-09-24T17:19:33.792924138Z	88151	0																			
1764	2026-09-24T17:19:33.843631326Z	88202	0																			
1765	2026-09-24T17:19:33.893362807Z	88251	0																			
1766	2026-09-24T17:19:33.943058913Z	88301	0																			
1767	2026-09-24T17:19:33.993741933Z	88352	0																			
1768	2026-09-24T17:19:34.04340636Z	88401	0																			
1769	2026-09-24T17:19:34.093060293Z	88451	0																			
1770	2026-09-24T17:19:34.143758411Z	88502	0																			
1771	2026-09-24T17:19:34.193488641Z	88551	0																			
1772	2026-09-24T17:19:34.243187583Z	88601	0																			
1773	2026-09-24T17:19:34.29374396Z	88652	0																			
1774	2026-09-24T17:19:34.343283667Z	88701	0																			
1775	2026-09-24T17:19:34.393900928Z	88752	0																			
1776	2026-09-24T17:19:34.443468182Z	88801	0																			
1777	2026-09-24T17:19:34.493060577Z	88851	0																			
1778	2026-09-24T17:19:34.543662845Z	88902	0																			
1779	2026-09-24T17:19:34.593232048Z	88951	0																			
1780	2026-09-24T17:19:34.643754188Z	89002	0																			
1781	2026-09-24T17:19:34.693362767Z	89051	0																			
1782	2026-09-24T17:19:34.742935665Z	89101	0																			
1783	2026-09-24T17:19:34.793442791Z	89151	0																			
1784	2026-09-24T17:19:34.843961065Z	89202	0																			
1785	2026-09-24T17:19:34.893512835Z	89251	0																			
1786	2026-09-24T17:19:34.942921536Z	89301	0																			
1787	2026-09-24T17:19:34.993439072Z	89351	0																			
1788	2026-09-24T17:19:35.042920206Z	89401	0																			
1789	2026-09-24T17:19:35.093442397Z	89451	0																			
1790	2026-09-24T17:19:35.14396401Z	89502	0																			
1791	2026-09-24T17:19:35.19343777Z	89551	0																			
1792	2026-09-24T17:19:35.242953807Z	89601	0																			
1793	2026-09-24T17:19:35.293440654Z	89651	0																			
1794	2026-09-24T17:19:35.343945235Z	89702	0																			
1795	2026-09-24T17:19:35.393440463Z	89751	0																			
1796	2026-09-24T17:19:35.443861808Z	89802	0																			
1797	2026-09-24T17:19:35.493362639Z	89851	0																			
1798	2026-09-24T17:19:35.543802441Z	89902	0																			
1799	2026-09-24T17:19:35.593283103Z	89951	0																			
1800	2026-09-24T17:19:35.643786215Z	90002	0																			
1801	2026-09-24T17:19:35.69294133Z	90051	0																			
1802	2026-09-24T17:19:35.743434498Z	90101	0																			
1803	2026-09-24T17:19:35.793945285Z	90152	0																			
1804	2026-09-24T17:19:35.843487811Z	90201	0																			
1805	2026-09-24T17:19:35.892953321Z	90251	0																			
1806	2026-09-24T17:19:35.943434008Z	90301	0																			
1807	2026-09-24T17:19:35.993952082Z	90352	0																			
1808	2026-09-24T17:19:36.043431395Z	90401	0																			
1809	2026-09-24T17:19:36.093895987Z	90452	0																			
1810	2026-09-24T17:19:36.143456351Z	90501	0																			
1811	2026-09-24T17:19:36.193138579Z	90551	0																			
1812	2026-09-24T17:19:36.243807601Z	90602	0																			
1813	2026-09-24T17:19:36.293597014Z	90651	0																			
1814	2026-09-24T17:19:36.343289406Z	90701	0																			
1815	2026-09-24T17:19:36.392930968Z	90751	0																			
1816	2026-09-24T17:19:36.44358949Z	90801	0																			
1817	2026-09-24T17:19:36.493284565Z	90851	0																			
1818	2026-09-24T17:19:36.542922288Z	90901	0																			
1819	2026-09-24T17:19:36.593516562Z	90951	0																			
1820	2026-09-24T17:19:36.643042485Z	91001	0																			
1821	2026-09-24T17:19:36.693582797Z	91051	0																			
1822	2026-09-24T17:19:36.743041694Z	91101	0																			
1823	2026-09-24T17:19:36.793595995Z	91151	0																			
1824	2026-09-24T17:19:36.843132516Z	91201	0																			
1825	2026-09-24T17:19:36.893667357Z	91252	0																			
1826	2026-09-24T17:19:36.943284423Z	91301	0																			
1827	2026-09-24T17:19:36.993916478Z	91352	0																			
1828	2026-09-24T17:19:37.043520086Z	91401	0																			
1829	2026-09-24T17:19:37.093214389Z	91451	0																			
1830	2026-09-24T17:19:37.143955073Z	91502	0																			
1831	2026-09-24T17:19:37.193614805Z	91552	0																			
1832	2026-09-24T17:19:37.243282157Z	91601	0																			
1833	2026-09-24T17:19:37.293822245Z	91652	0																			
1834	2026-09-24T17:19:37.343405742Z	91701	0																			
1835	2026-09-24T17:19:37.39396471Z	91752	0																			
1836	2026-09-24T17:19:37.443497517Z	91801	0																			
1837	2026-09-24T17:19:37.492970788Z	91851	0																			
1838	2026-09-24T17:19:37.54343407Z	91901	0																			
1839	2026-09-24T17:19:37.593949Z	91952	0																			
1840	2026-09-24T17:19:37.643357665Z	92001	0																			
1841	2026-09-24T17:19:37.693796204Z	92052	0																			
1842	2026-09-24T17:19:37.74331887Z	92101	0																			
1843	2026-09-24T17:19:37.793809911Z	92152	0																			
1844	2026-09-24T17:19:37.84320753Z	92201	0																			
1845	2026-09-24T17:19:37.893669743Z	92252	0																			
1846	2026-09-24T17:19:37.943159049Z	92301	0																			
1847	2026-09-24T17:19:37.993652256Z	92352	0																			
1848	2026-09-24T17:19:38.043084571Z	92401	0																			
1849	2026-09-24T17:19:38.093518058Z	92451	0																			
1850	2026-09-24T17:19:38.143055483Z	92501	0																			
1851	2026-09-24T17:19:38.193517873Z	92551	0																			
1852	2026-09-24T17:19:38.242962188Z	92601	0																			
1853	2026-09-24T17:19:38.293439074Z	92651	0																			
1854	2026-09-24T17:19:38.343867208Z	92702	0																			
1855	2026-09-24T17:19:38.393353308Z	92751	0																			
1856	2026-09-24T17:19:38.443962475Z	92802	0																			
1857	2026-09-24T17:19:38.493521838Z	92851	0																			
1858	2026-09-24T17:19:38.543165733Z	92901	0																			
1859	2026-09-24T17:19:38.593875084Z	92952	0																			
1860	2026-09-24T17:19:38.643550708Z	93001	0																			
1861	2026-09-24T17:19:38.693120745Z	93051	0																			
1862	2026-09-24T17:19:38.743658441Z	93102	0																			
1863	2026-09-24T17:19:38.793134362Z	93151	0																			
1864	2026-09-24T17:19:38.8436231Z	93202	0																			
1865	2026-09-24T17:19:38.893130645Z	93251	0																			
1866	2026-09-24T17:19:38.943586926Z	93301	0																			
1867	2026-09-24T17:19:38.993045298Z	93351	0																			
1868	2026-09-24T17:19:39.043523112Z	93401	0																			
1869	2026-09-24T17:19:39.092974316Z	93451	0																			
1870	2026-09-24T17:19:39.143470993Z	93501	0																			
1871	2026-09-24T17:19:39.193875818Z	93552	0																			
1872	2026-09-24T17:19:39.243336395Z	93601	0																			
1873	2026-09-24T17:19:39.293810003Z	93652	0																			
1874	2026-09-24T17:19:39.343295576Z	93701	0																			
1875	2026-09-24T17:19:39.393841552Z	93752	0																			
1876	2026-09-24T17:19:39.443396275Z	93801	0																			
1877	2026-09-24T17:19:39.493894033Z	93852	0																			
1878	2026-09-24T17:19:39.543442727Z	93901	0																			
1879	2026-09-24T17:19:39.593894702Z	93952	0																			
1880	2026-09-24T17:19:39.643358664Z	94001	0																			
1881	2026-09-24T17:19:39.693807284Z	94052	0																			
1882	2026-09-24T17:19:39.74320561Z	94101	0																			
1883	2026-09-24T17:19:39.793660131Z	94152	0																			
1884	2026-09-24T17:19:39.843148289Z	94201	0																			
1885	2026-09-24T17:19:39.893651169Z	94252	0																			
1886	2026-09-24T17:19:39.943056329Z	94301	0																			
1887	2026-09-24T17:19:39.993518795Z	94351	0																			
1888	2026-09-24T17:19:40.043954456Z	94402	0																			
1889	2026-09-24T17:19:40.093440746Z	94451	0																			
1890	2026-09-24T17:19:40.143903111Z	94502	0																			
1891	2026-09-24T17:19:40.193378377Z	94551	0																			
1892	2026-09-24T17:19:40.243821945Z	94602	0																			
1893	2026-09-24T17:19:40.293207769Z	94651	0																			
1894	2026-09-24T17:19:40.343720219Z	94702	0																			
1895	2026-09-24T17:19:40.393130967Z	94751	0																			
1896	2026-09-24T17:19:40.443622077Z	94802	0																			
1897	2026-09-24T17:19:40.493105612Z	94851	0																			
1898	2026-09-24T17:19:40.543584644Z	94901	0																			
1899	2026-09-24T17:19:40.593080359Z	94951	0																			
1900	2026-09-24T17:19:40.643570615Z	95001	0																			
1901	2026-09-24T17:19:40.69305668Z	95051	0																			
1902	2026-09-24T17:19:40.743500376Z	95101	0																			
1903	2026-09-24T17:19:40.793937931Z	95152	0																			
1904	2026-09-24T17:19:40.843431454Z	95201	0																			
1905	2026-09-24T17:19:40.893928444Z	95252	0																			
1906	2026-09-24T17:19:40.943348527Z	95301	0																			
1907	2026-09-24T17:19:40.993743193Z	95352	0																			
1908	2026-09-24T17:19:41.043236815Z	95401	0																			
1909	2026-09-24T17:19:41.093677781Z	95452	0																			
1910	2026-09-24T17:19:41.143104593Z	95501	0																			
1911	2026-09-24T17:19:41.193573355Z	95551	0																			
1912	2026-09-24T17:19:41.242979679Z	95601	0																			
1913	2026-09-24T17:19:41.293521897Z	95651	0																			
1914	2026-09-24T17:19:41.34395843Z	95702	0																			
1915	2026-09-24T17:19:41.393439639Z	95751	0																			
1916	2026-09-24T17:19:41.443960691Z	95802	0																			
1917	2026-09-24T17:19:41.493440626Z	95851	0																			
1918	2026-09-24T17:19:41.543886164Z	95902	0																			
1919	2026-09-24T17:19:41.593399486Z	95951	0																			
1920	2026-09-24T17:19:41.64394055Z	96002	0																			
1921	2026-09-24T17:19:41.693442666Z	96051	0																			
1922	2026-09-24T17:19:41.742947914Z	96101	0																			
1923	2026-09-24T17:19:41.793519619Z	96151	0																			
1924	2026-09-24T17:19:41.843059814Z	96201	0																			
1925	2026-09-24T17:19:41.893658242Z	96252	0																			
1926	2026-09-24T17:19:41.943210899Z	96301	0																			
1927	2026-09-24T17:19:41.993745024Z	96352	0																			
1928	2026-09-24T17:19:42.043283046Z	96401	0																			
1929	2026-09-24T17:19:42.093793821Z	96452	0																			
1930	2026-09-24T17:19:42.143294242Z	96501	0																			
1931	2026-09-24T17:19:42.193751885Z	96552	0																			
1932	2026-09-24T17:19:42.243207742Z	96601	0																			
1933	2026-09-24T17:19:42.293642879Z	96652	0																			
1934	2026-09-24T17:19:42.343054669Z	96701	0																			
1935	2026-09-24T17:19:42.393596087Z	96751	0																			
1936	2026-09-24T17:19:42.443130681Z	96801	0																			
1937	2026-09-24T17:19:42.493718418Z	96852	0																			
1938	2026-09-24T17:19:42.543208238Z	96901	0																			
1939	2026-09-24T17:19:42.593746255Z	96952	0																			
1940	2026-09-24T17:19:42.643352305Z	97001	0																			
1941	2026-09-24T17:19:42.693879372Z	97052	0																			
1942	2026-09-24T17:19:42.743350535Z	97101	0																			
1943	2026-09-24T17:19:42.79295964Z	97151	0																			
1944	2026-09-24T17:19:42.843663261Z	97202	0																			
1945	2026-09-24T17:19:42.89335417Z	97251	0																			
1946	2026-09-24T17:19:42.943955609Z	97302	0																			
1947	2026-09-24T17:19:42.993496524Z	97351	0																			
1948	2026-09-24T17:19:43.043039945Z	97401	0																			
1949	2026-09-24T17:19:43.093611626Z	97452	0																			
1950	2026-09-24T17:19:43.143211105Z	97501	0																			
1951	2026-09-24T17:19:43.193901824Z	97552	0																			
1952	2026-09-24T17:19:43.243610128Z	97602	0																			
1953	2026-09-24T17:19:43.293311196Z	97651	0																			
1954	2026-09-24T17:19:43.343954265Z	97702	0																			
1955	2026-09-24T17:19:43.393540235Z	97751	0																			
1956	2026-09-24T17:19:43.443114606Z	97801	0																			
1957	2026-09-24T17:19:43.493594502Z	97851	0																			
1958	2026-09-24T17:19:43.543078154Z	97901	0																			
1959	2026-09-24T17:19:43.593525666Z	97951	0																			
1960	2026-09-24T17:19:43.642982895Z	98001	0																			
1961	2026-09-24T17:19:43.693539154Z	98051	0																			
1962	2026-09-24T17:19:43.743101943Z	98101	0																			
1963	2026-09-24T17:19:43.793668915Z	98152	0																			
1964	2026-09-24T17:19:43.843214091Z	98201	0																			
1965	2026-09-24T17:19:43.893748313Z	98252	0																			
1966	2026-09-24T17:19:43.943255456Z	98301	0																			
1967	2026-09-24T17:19:43.993744529Z	98352	0																			
1968	2026-09-24T17:19:44.043267386Z	98401	0																			
1969	2026-09-24T17:19:44.093788281Z	98452	0																			
1970	2026-09-24T17:19:44.143287653Z	98501	0																			
1971	2026-09-24T17:19:44.193811281Z	98552	0																			
1972	2026-09-24T17:19:44.24333331Z	98601	0																			
1973	2026-09-24T17:19:44.293893514Z	98652	0																			
1974	2026-09-24T17:19:44.34335883Z	98701	0																			
1975	2026-09-24T17:19:44.393822826Z	98752	0																			
1976	2026-09-24T17:19:44.443338543Z	98801	0																			
1977	2026-09-24T17:19:44.493744227Z	98852	0																			
1978	2026-09-24T17:19:44.543205069Z	98901	0																			
1979	2026-09-24T17:19:44.593697256Z	98952	0																			
1980	2026-09-24T17:19:44.643182847Z	99001	0																			
1981	2026-09-24T17:19:44.693670677Z	99052	0																			
1982	2026-09-24T17:19:44.743095228Z	99101	0																			
1983	2026-09-24T17:19:44.793602391Z	99152	0																			
1984	2026-09-24T17:19:44.843124241Z	99201	0																			
1985	2026-09-24T17:19:44.893594143Z	99251	0																			
1986	2026-09-24T17:19:44.942979164Z	99301	0																			
1987	2026-09-24T17:19:44.993439347Z	99351	0																			
1988	2026-09-24T17:19:45.043884691Z	99402	0																			
1989	2026-09-24T17:19:45.093359631Z	99451	0																			
1990	2026-09-24T17:19:45.143867522Z	99502	0																			
1991	2026-09-24T17:19:45.193363385Z	99551	0																			
1992	2026-09-24T17:19:45.243807987Z	99602	0																			
1993	2026-09-24T17:19:45.293281168Z	99651	0																			
1994	2026-09-24T17:19:45.343780783Z	99702	0																			
1995	2026-09-24T17:19:45.393206305Z	99751	0																			
1996	2026-09-24T17:19:45.443733892Z	99802	0																			
1997	2026-09-24T17:19:45.49324291Z	99851	0																			
1998	2026-09-24T17:19:45.543737785Z	99902	0																			
1999	2026-09-24T17:19:45.593207635Z	99951	0																			
2000	2026-09-24T17:19:45.643724361Z	100002	0																			
2001	2026-09-24T17:19:45.693918173Z	100052	0																			
2002	2026-09-24T17:19:45.743428326Z	100101	0																			
2003	2026-09-24T17:19:45.793953912Z	100152	0																			
2004	2026-09-24T17:19:45.843435867Z	100201	0																			
2005	2026-09-24T17:19:45.893933805Z	100252	0																			
2006	2026-09-24T17:19:45.943435166Z	100301	0																			
2007	2026-09-24T17:19:45.993894756Z	100352	0																			
2008	2026-09-24T17:19:46.043393921Z	100401	0																			
2009	2026-09-24T17:19:46.093875573Z	100452	0																			
2010	2026-09-24T17:19:46.143362577Z	100501	0																			
2011	2026-09-24T17:19:46.193749651Z	100552	0																			
2012	2026-09-24T17:19:46.243197395Z	100601	0																			
2013	2026-09-24T17:19:46.293703626Z	100652	0																			
2014	2026-09-24T17:19:46.343207402Z	100701	0																			
2015	2026-09-24T17:19:46.393746696Z	100752	0																			
2016	2026-09-24T17:19:46.443290915Z	100801	0																			
2017	2026-09-24T17:19:46.493819352Z	100852	0																			
2018	2026-09-24T17:19:46.54333804Z	100901	0																			
2019	2026-09-24T17:19:46.593872181Z	100952	0																			
2020	2026-09-24T17:19:46.643392781Z	101001	0																			
2021	2026-09-24T17:19:46.693817853Z	101052	0																			
2022	2026-09-24T17:19:46.743353111Z	101101	0																			
2023	2026-09-24T17:19:46.793951889Z	101152	0																			
2024	2026-09-24T17:19:46.843433915Z	101201	0																			
2025	2026-09-24T17:19:46.893958024Z	101252	0																			
2026	2026-09-24T17:19:46.943431236Z	101301	0																			
2027	2026-09-24T17:19:46.99393307Z	101352	0																			
2028	2026-09-24T17:19:47.043420042Z	101401	0																			
2029	2026-09-24T17:19:47.09389525Z	101452	0																			
2030	2026-09-24T17:19:47.143366419Z	101501	0																			
2031	2026-09-24T17:19:47.193844303Z	101552	0																			
2032	2026-09-24T17:19:47.243334761Z	101601	0																			
2033	2026-09-24T17:19:47.293776291Z	101652	0																			
2034	2026-09-24T17:19:47.343259471Z	101701	0																			
2035	2026-09-24T17:19:47.393744983Z	101752	0																			
2036	2026-09-24T17:19:47.443181797Z	101801	0																			
2037	2026-09-24T17:19:47.493689531Z	101852	0																			
2038	2026-09-24T17:19:47.543134048Z	101901	0																			
2039	2026-09-24T17:19:47.593571879Z	101951	0																			
2040	2026-09-24T17:19:47.643060532Z	102001	0																			
2041	2026-09-24T17:19:47.693501194Z	102051	0																			
2042	2026-09-24T17:19:47.742950326Z	102101	0																			
2043	2026-09-24T17:19:47.793441885Z	102151	0																			
2044	2026-09-24T17:19:47.843942772Z	102202	0																			
2045	2026-09-24T17:19:47.893358169Z	102251	0																			
2046	2026-09-24T17:19:47.943792505Z	102302	0																			
2047	2026-09-24T17:19:47.993221846Z	102351	0																			
2048	2026-09-24T17:19:48.043737965Z	102402	0																			
2049	2026-09-24T17:19:48.09324006Z	102451	0																			
2050	2026-09-24T17:19:48.14374452Z	102502	0																			
2051	2026-09-24T17:19:48.193206818Z	102551	0																			
2052	2026-09-24T17:19:48.243715561Z	102602	0																			
2053	2026-09-24T17:19:48.293187052Z	102651	0																			
2054	2026-09-24T17:19:48.343625659Z	102702	0																			
2055	2026-09-24T17:19:48.39305485Z	102751	0																			
2056	2026-09-24T17:19:48.443508951Z	102801	0																			
2057	2026-09-24T17:19:48.492957085Z	102851	0																			
2058	2026-09-24T17:19:48.543668054Z	102902	0																			
2059	2026-09-24T17:19:48.593362267Z	102951	0																			
2060	2026-09-24T17:19:48.643058846Z	103001	0																			
2061	2026-09-24T17:19:48.693584734Z	103051	0																			
2062	2026-09-24T17:19:48.743058885Z	103101	0																			
2063	2026-09-24T17:19:48.793564325Z	103151	0																			
2064	2026-09-24T17:19:48.843210465Z	103201	0																			
2065	2026-09-24T17:19:48.893789821Z	103252	0																			
2066	2026-09-24T17:19:48.943280781Z	103301	0																			
2067	2026-09-24T17:19:48.99381188Z	103352	0																			
2068	2026-09-24T17:19:49.043285363Z	103401	0																			
2069	2026-09-24T17:19:49.09379295Z	103452	0																			
2070	2026-09-24T17:19:49.14336194Z	103501	0																			
2071	2026-09-24T17:19:49.193896255Z	103552	0																			
2072	2026-09-24T17:19:49.243432249Z	103601	0																			
2073	2026-09-24T17:19:49.293881072Z	103652	0																			
2074	2026-09-24T17:19:49.343396161Z	103701	0																			
2075	2026-09-24T17:19:49.39393806Z	103752	0																			
2076	2026-09-24T17:19:49.443591027Z	103801	0																			
2077	2026-09-24T17:19:49.493234657Z	103851	0																			
2078	2026-09-24T17:19:49.543907123Z	103902	0																			
2079	2026-09-24T17:19:49.59357853Z	103951	0																			
2080	2026-09-24T17:19:49.643237334Z	104001	0																			
2081	2026-09-24T17:19:49.693899113Z	104052	0																			
2082	2026-09-24T17:19:49.743592608Z	104101	0																			
2083	2026-09-24T17:19:49.793250758Z	104151	0																			
2084	2026-09-24T17:19:49.842956558Z	104201	0																			
2085	2026-09-24T17:19:49.893674251Z	104252	0																			
2086	2026-09-24T17:19:49.943359095Z	104301	0																			
2087	2026-09-24T17:19:49.993058796Z	104351	0																			
2088	2026-09-24T17:19:50.043636699Z	104402	0																			
2089	2026-09-24T17:19:50.093214407Z	104451	0																			
2090	2026-09-24T17:19:50.143892753Z	104502	0																			
2091	2026-09-24T17:19:50.193607695Z	104552	0																			
2092	2026-09-24T17:19:50.243289325Z	104601	0																			
2093	2026-09-24T17:19:50.293930595Z	104652	0																			
2094	2026-09-24T17:19:50.343655859Z	104702	0																			
2095	2026-09-24T17:19:50.393289052Z	104751	0																			
2096	2026-09-24T17:19:50.443929139Z	104802	0																			
2097	2026-09-24T17:19:50.493642742Z	104852	0																			
2098	2026-09-24T17:19:50.543363924Z	104901	0																			
2099	2026-09-24T17:19:50.593072249Z	104951	0																			
2100	2026-09-24T17:19:50.643796488Z	105002	0																			
2101	2026-09-24T17:19:50.693526545Z	105051	0																			
2102	2026-09-24T17:19:50.743203085Z	105101	0																			
2103	2026-09-24T17:19:50.793946311Z	105152	0																			
2104	2026-09-24T17:19:50.843655487Z	105202	0																			
2105	2026-09-24T17:19:50.893365508Z	105251	0																			
2106	2026-09-24T17:19:50.943123307Z	105301	0																			
2107	2026-09-24T17:19:50.993889182Z	105352	0																			
2108	2026-09-24T17:19:51.043577027Z	105401	0																			
2109	2026-09-24T17:19:51.093279392Z	105451	0																			
2110	2026-09-24T17:19:51.142957821Z	105501	0																			
2111	2026-09-24T17:19:51.193677658Z	105552	0																			
2112	2026-09-24T17:19:51.243366448Z	105601	0																			
2113	2026-09-24T17:19:51.29306272Z	105651	0																			
2114	2026-09-24T17:19:51.343875642Z	105702	0																			
2115	2026-09-24T17:19:51.393581941Z	105751	0																			
2116	2026-09-24T17:19:51.44328918Z	105801	0																			
2117	2026-09-24T17:19:51.493948019Z	105852	0																			
2118	2026-09-24T17:19:51.543668872Z	105902	0																			
2119	2026-09-24T17:19:51.593362888Z	105951	0																			
2120	2026-09-24T17:19:51.643092769Z	106001	0																			
2121	2026-09-24T17:19:51.69382635Z	106052	0																			
2122	2026-09-24T17:19:51.743518807Z	106101	0																			
2123	2026-09-24T17:19:51.793215346Z	106151	0																			
2124	2026-09-24T17:19:51.843951115Z	106202	0																			
2125	2026-09-24T17:19:51.893668721Z	106252	0																			
2126	2026-09-24T17:19:51.943338365Z	106301	0																			
2127	2026-09-24T17:19:51.993062481Z	106351	0																			
2128	2026-09-24T17:19:52.043788194Z	106402	0																			
2129	2026-09-24T17:19:52.093444367Z	106451	0																			
2130	2026-09-24T17:19:52.143214496Z	106501	0																			
2131	2026-09-24T17:19:52.192927336Z	106551	0																			
2132	2026-09-24T17:19:52.243665303Z	106602	0																			
2133	2026-09-24T17:19:52.293363614Z	106651	0																			
2134	2026-09-24T17:19:52.343089185Z	106701	0																			
2135	2026-09-24T17:19:52.393750834Z	106752	0																			
2136	2026-09-24T17:19:52.443465428Z	106801	0																			
2137	2026-09-24T17:19:52.493139503Z	106851	0																			
2138	2026-09-24T17:19:52.543897841Z	106902	0																			
2139	2026-09-24T17:19:52.593623794Z	106952	0																			
2140	2026-09-24T17:19:52.64334764Z	107001	0																			
2141	2026-09-24T17:19:52.693061706Z	107051	0																			
2142	2026-09-24T17:19:52.743820485Z	107102	0																			
2143	2026-09-24T17:19:52.793567602Z	107151	0																			
2144	2026-09-24T17:19:52.843271634Z	107201	0																			
2145	2026-09-24T17:19:52.892966129Z	107251	0																			
2146	2026-09-24T17:19:52.943738072Z	107302	0																			
2147	2026-09-24T17:19:52.993448328Z	107351	0																			
2148	2026-09-24T17:19:53.043193038Z	107401	0																			
2149	2026-09-24T17:19:53.093901608Z	107452	0																			
2150	2026-09-24T17:19:53.143597568Z	107501	0																			
2151	2026-09-24T17:19:53.193289249Z	107551	0																			
2152	2026-09-24T17:19:53.242932796Z	107601	0																			
2153	2026-09-24T17:19:53.293651299Z	107652	0																			
2154	2026-09-24T17:19:53.343354178Z	107701	0																			
2155	2026-09-24T17:19:53.393072835Z	107751	0																			
2156	2026-09-24T17:19:53.443816269Z	107802	0																			
2157	2026-09-24T17:19:53.493503818Z	107851	0																			
2158	2026-09-24T17:19:53.543204423Z	107901	0																			
2159	2026-09-24T17:19:53.593927722Z	107952	0																			
2160	2026-09-24T17:19:53.643594501Z	108001	0																			
2161	2026-09-24T17:19:53.693243036Z	108051	0																			
2162	2026-09-24T17:19:53.742931667Z	108101	0																			
2163	2026-09-24T17:19:53.793691133Z	108152	0																			
2164	2026-09-24T17:19:53.843430063Z	108201	0																			
2165	2026-09-24T17:19:53.893152881Z	108251	0																			
2166	2026-09-24T17:19:53.943872577Z	108302	0																			
2167	2026-09-24T17:19:53.99359953Z	108351	0																			
2168	2026-09-24T17:19:54.043280761Z	108401	0																			
2169	2026-09-24T17:19:54.093962196Z	108452	0																			
2170	2026-09-24T17:19:54.143595088Z	108501	0																			
2171	2026-09-24T17:19:54.193215234Z	108551	0																			
2172	2026-09-24T17:19:54.243819978Z	108602	0																			
2173	2026-09-24T17:19:54.293343206Z	108651	0																			
2174	2026-09-24T17:19:54.343039839Z	108701	0																			
2175	2026-09-24T17:19:54.393745012Z	108752	0																			
2176	2026-09-24T17:19:54.443344141Z	108801	0																			
2177	2026-09-24T17:19:54.492944251Z	108851	0																			
2178	2026-09-24T17:19:54.543590594Z	108901	0																			
2179	2026-09-24T17:19:54.593261127Z	108951	0																			
2180	2026-09-24T17:19:54.64396195Z	109002	0																			
2181	2026-09-24T17:19:54.693636555Z	109052	0																			
2182	2026-09-24T17:19:54.743288988Z	109101	0																			
2183	2026-09-24T17:19:54.792921522Z	109151	0																			
2184	2026-09-24T17:19:54.843563975Z	109201	0																			
2185	2026-09-24T17:19:54.893163691Z	109251	0																			
2186	2026-09-24T17:19:54.943780146Z	109302	0																			
2187	2026-09-24T17:19:54.993412663Z	109351	0																			
2188	2026-09-24T17:19:55.042950989Z	109401	0																			
2189	2026-09-24T17:19:55.093518626Z	109451	0																			
2190	2026-09-24T17:19:55.143054122Z	109501	0																			
2191	2026-09-24T17:19:55.193564247Z	109551	0																			
2192	2026-09-24T17:19:55.243144558Z	109601	0																			
2193	2026-09-24T17:19:55.293720382Z	109652	0																			
2194	2026-09-24T17:19:55.343273355Z	109701	0																			
2195	2026-09-24T17:19:55.393786751Z	109752	0																			
2196	2026-09-24T17:19:55.443282419Z	109801	0																			
2197	2026-09-24T17:19:55.49383096Z	109852	0																			
2198	2026-09-24T17:19:55.543381835Z	109901	0																			
2199	2026-09-24T17:19:55.593885826Z	109952	0																			
2200	2026-09-24T17:19:55.643332762Z	110001	0																			
2201	2026-09-24T17:19:55.693500357Z	110051	0																			
2202	2026-09-24T17:19:55.743955499Z	110102	0																			
2203	2026-09-24T17:19:55.793441394Z	110151	0																			
2204	2026-09-24T17:19:55.843949246Z	110202	0																			
2205	2026-09-24T17:19:55.893443896Z	110251	0																			
2206	2026-09-24T17:19:55.943132219Z	110301	0																			
2207	2026-09-24T17:19:55.993739721Z	110352	0																			
2208	2026-09-24T17:19:56.043337401Z	110401	0																			
2209	2026-09-24T17:19:56.093907336Z	110452	0																			
2210	2026-09-24T17:19:56.143501531Z	110501	0																			
2211	2026-09-24T17:19:56.193152364Z	110551	0																			
2212	2026-09-24T17:19:56.243820784Z	110602	0																			
2213	2026-09-24T17:19:56.293506798Z	110651	0																			
2214	2026-09-24T17:19:56.343155622Z	110701	0																			
2215	2026-09-24T17:19:56.393728411Z	110752	0																			
2216	2026-09-24T17:19:56.443209001Z	110801	0																			
2217	2026-09-24T17:19:56.493786816Z	110852	0																			
2218	2026-09-24T17:19:56.543360083Z	110901	0																			
2219	2026-09-24T17:19:56.593852534Z	110952	0																			
2220	2026-09-24T17:19:56.643281143Z	111001	0																			
2221	2026-09-24T17:19:56.69380426Z	111052	0																			
2222	2026-09-24T17:19:56.743319688Z	111101	0																			
2223	2026-09-24T17:19:56.793820814Z	111152	0																			
2224	2026-09-24T17:19:56.84348884Z	111201	0																			
2225	2026-09-24T17:19:56.893059702Z	111251	0																			
2226	2026-09-24T17:19:56.94370432Z	111302	0																			
2227	2026-09-24T17:19:56.993434193Z	111351	0																			
2228	2026-09-24T17:19:57.043120061Z	111401	0																			
2229	2026-09-24T17:19:57.093669953Z	111452	0																			
2230	2026-09-24T17:19:57.143115226Z	111501	0																			
2231	2026-09-24T17:19:57.193677356Z	111552	0																			
2232	2026-09-24T17:19:57.24313062Z	111601	0																			
2233	2026-09-24T17:19:57.293592939Z	111651	0																			
2234	2026-09-24T17:19:57.343090956Z	111701	0																			
2235	2026-09-24T17:19:57.393575325Z	111751	0																			
2236	2026-09-24T17:19:57.442955461Z	111801	0																			
2237	2026-09-24T17:19:57.493355234Z	111851	0																			
2238	2026-09-24T17:19:57.543858609Z	111902	0																			
2239	2026-09-24T17:19:57.593362674Z	111951	0																			
2240	2026-09-24T17:19:57.643863495Z	112002	0																			
2241	2026-09-24T17:19:57.693356162Z	112051	0																			
2242	2026-09-24T17:19:57.743033939Z	112101	0																			
2243	2026-09-24T17:19:57.79355735Z	112151	0																			
2244	2026-09-24T17:19:57.843057387Z	112201	0																			
2245	2026-09-24T17:19:57.893551899Z	112251	0																			
2246	2026-09-24T17:19:57.943040666Z	112301	0																			
2247	2026-09-24T17:19:57.993490334Z	112351	0																			
2248	2026-09-24T17:19:58.042956293Z	112401	0																			
2249	2026-09-24T17:19:58.093436498Z	112451	0																			
2250	2026-09-24T17:19:58.14388096Z	112502	0																			
2251	2026-09-24T17:19:58.193359553Z	112551	0																			
2252	2026-09-24T17:19:58.243879665Z	112602	0																			
2253	2026-09-24T17:19:58.293334387Z	112651	0																			
2254	2026-09-24T17:19:58.343788952Z	112702	0																			
2255	2026-09-24T17:19:58.393286883Z	112751	0																			
2256	2026-09-24T17:19:58.443805572Z	112802	0																			
2257	2026-09-24T17:19:58.493270022Z	112851	0																			
2258	2026-09-24T17:19:58.542927529Z	112901	0																			
2259	2026-09-24T17:19:58.593584069Z	112951	0																			
2260	2026-09-24T17:19:58.643262715Z	113001	0																			
2261	2026-09-24T17:19:58.693858848Z	113052	0																			
2262	2026-09-24T17:19:58.743396421Z	113101	0																			
2263	2026-09-24T17:19:58.793959407Z	113152	0																			
2264	2026-09-24T17:19:58.843511773Z	113201	0																			
2265	2026-09-24T17:19:58.893054618Z	113251	0																			
2266	2026-09-24T17:19:58.943587773Z	113301	0																			
2267	2026-09-24T17:19:58.993054264Z	113351	0																			
2268	2026-09-24T17:19:59.043566569Z	113401	0																			
2269	2026-09-24T17:19:59.093056336Z	113451	0																			
2270	2026-09-24T17:19:59.143520395Z	113501	0																			
2271	2026-09-24T17:19:59.192953615Z	113551	0																			
2272	2026-09-24T17:19:59.243356382Z	113601	0																			
2273	2026-09-24T17:19:59.293819076Z	113652	0																			
2274	2026-09-24T17:19:59.34325662Z	113701	0																			
2275	2026-09-24T17:19:59.393753323Z	113752	0																			
2276	2026-09-24T17:19:59.443189636Z	113801	0																			
2277	2026-09-24T17:19:59.493668121Z	113852	0																			
2278	2026-09-24T17:19:59.543181386Z	113901	0																			
2279	2026-09-24T17:19:59.593668134Z	113952	0																			
2280	2026-09-24T17:19:59.643133086Z	114001	0																			
2281	2026-09-24T17:19:59.693592447Z	114051	0																			
2282	2026-09-24T17:19:59.743058021Z	114101	0																			
2283	2026-09-24T17:19:59.793593138Z	114151	0																			
2284	2026-09-24T17:19:59.843057393Z	114201	0																			
2285	2026-09-24T17:19:59.893517542Z	114251	0																			
2286	2026-09-24T17:19:59.943960553Z	114302	0																			
2287	2026-09-24T17:19:59.99343953Z	114351	0																			
2288	2026-09-24T17:20:00.043953978Z	114402	0																			
2289	2026-09-24T17:20:00.093405763Z	114451	0																			
2290	2026-09-24T17:20:00.143874624Z	114502	0																			
2291	2026-09-24T17:20:00.193373102Z	114551	0																			
2292	2026-09-24T17:20:00.24381006Z	114602	0																			
2293	2026-09-24T17:20:00.293283833Z	114651	0																			
2294	2026-09-24T17:20:00.34372154Z	114702	0																			
2295	2026-09-24T17:20:00.393202702Z	114751	0																			
2296	2026-09-24T17:20:00.443712204Z	114802	0																			
2297	2026-09-24T17:20:00.493130128Z	114851	0																			
2298	2026-09-24T17:20:00.543625017Z	114902	0																			
2299	2026-09-24T17:20:00.593116716Z	114951	0																			
2300	2026-09-24T17:20:00.643567097Z	115001	0																			
2301	2026-09-24T17:20:00.693062218Z	115051	0																			
2302	2026-09-24T17:20:00.743555828Z	115101	0																			
2303	2026-09-24T17:20:00.793054619Z	115151	0																			
2304	2026-09-24T17:20:00.843560211Z	115201	0																			
2305	2026-09-24T17:20:00.893051753Z	115251	0																			
2306	2026-09-24T17:20:00.94350823Z	115301	0																			
2307	2026-09-24T17:20:00.993055006Z	115351	0																			
2308	2026-09-24T17:20:01.043567271Z	115401	0																			
2309	2026-09-24T17:20:01.093170664Z	115451	0																			
2310	2026-09-24T17:20:01.143695549Z	115502	0																			
2311	2026-09-24T17:20:01.193252695Z	115551	0																			
2312	2026-09-24T17:20:01.243811917Z	115602	0																			
2313	2026-09-24T17:20:01.293404692Z	115651	0																			
2314	2026-09-24T17:20:01.34298081Z	115701	0																			
2315	2026-09-24T17:20:01.39352449Z	115751	0																			
2316	2026-09-24T17:20:01.442931941Z	115801	0																			
2317	2026-09-24T17:20:01.49343878Z	115851	0																			
2318	2026-09-24T17:20:01.543935553Z	115902	0																			
2319	2026-09-24T17:20:01.59344144Z	115951	0																			
2320	2026-09-24T17:20:01.643880088Z	116002	0																			
2321	2026-09-24T17:20:01.693360604Z	116051	0																			
2322	2026-09-24T17:20:01.743962535Z	116102	0																			
2323	2026-09-24T17:20:01.793519335Z	116151	0																			
2324	2026-09-24T17:20:01.842967523Z	116201	0																			
2325	2026-09-24T17:20:01.893519609Z	116251	0																			
2326	2026-09-24T17:20:01.943056018Z	116301	0																			
2327	2026-09-24T17:20:01.993585705Z	116351	0																			
2328	2026-09-24T17:20:02.043105274Z	116401	0																			
2329	2026-09-24T17:20:02.093599581Z	116451	0																			
2330	2026-09-24T17:20:02.143042678Z	116501	0																			
2331	2026-09-24T17:20:02.19351937Z	116551	0																			
2332	2026-09-24T17:20:02.243051017Z	116601	0																			
2333	2026-09-24T17:20:02.293518085Z	116651	0																			
2334	2026-09-24T17:20:02.34295391Z	116701	0																			
2335	2026-09-24T17:20:02.393440002Z	116751	0																			
2336	2026-09-24T17:20:02.443968285Z	116802	0																			
2337	2026-09-24T17:20:02.493489205Z	116851	0																			
2338	2026-09-24T17:20:02.543943294Z	116902	0																			
2339	2026-09-24T17:20:02.593442043Z	116951	0																			
2340	2026-09-24T17:20:02.643087542Z	117001	0																			
2341	2026-09-24T17:20:02.693747311Z	117052	0																			
2342	2026-09-24T17:20:02.743452791Z	117101	0																			
2343	2026-09-24T17:20:02.793139339Z	117151	0																			
2344	2026-09-24T17:20:02.843881758Z	117202	0																			
2345	2026-09-24T17:20:02.893601084Z	117252	0																			
2346	2026-09-24T17:20:02.943289073Z	117301	0																			
2347	2026-09-24T17:20:02.992981374Z	117351	0																			
2348	2026-09-24T17:20:03.043727108Z	117402	0																			
2349	2026-09-24T17:20:03.093493572Z	117451	0																			
2350	2026-09-24T17:20:03.14322183Z	117501	0																			
2351	2026-09-24T17:20:03.193961267Z	117552	0																			
2352	2026-09-24T17:20:03.243667687Z	117602	0																			
2353	2026-09-24T17:20:03.293392115Z	117651	0																			
2354	2026-09-24T17:20:03.343115227Z	117701	0																			
2355	2026-09-24T17:20:03.393812686Z	117752	0																			
2356	2026-09-24T17:20:03.443539912Z	117801	0																			
2357	2026-09-24T17:20:03.493260821Z	117851	0																			
2358	2026-09-24T17:20:03.54397205Z	117902	0																			
2359	2026-09-24T17:20:03.593669072Z	117952	0																			
2360	2026-09-24T17:20:03.64334852Z	118001	0																			
2361	2026-09-24T17:20:03.693912385Z	118052	0																			
2362	2026-09-24T17:20:03.743515157Z	118101	0																			
2363	2026-09-24T17:20:03.793138319Z	118151	0																			
2364	2026-09-24T17:20:03.843724272Z	118202	0																			
2365	2026-09-24T17:20:03.893205363Z	118251	0																			
2366	2026-09-24T17:20:03.943683958Z	118302	0																			
2367	2026-09-24T17:20:03.993207326Z	118351	0																			
2368	2026-09-24T17:20:04.043748494Z	118402	0																			
2369	2026-09-24T17:20:04.093363748Z	118451	0																			
2370	2026-09-24T17:20:04.143052112Z	118501	0																			
2371	2026-09-24T17:20:04.193751449Z	118552	0																			
2372	2026-09-24T17:20:04.24337991Z	118601	0																			
2373	2026-09-24T17:20:04.292947465Z	118651	0																			
2374	2026-09-24T17:20:04.343590184Z	118701	0																			
2375	2026-09-24T17:20:04.393107728Z	118751	0																			
2376	2026-09-24T17:20:04.443669905Z	118802	0																			
2377	2026-09-24T17:20:04.493134749Z	118851	0																			
2378	2026-09-24T17:20:04.543819794Z	118902	0																			
2379	2026-09-24T17:20:04.593507962Z	118951	0																			
2380	2026-09-24T17:20:04.643196453Z	119001	0																			
2381	2026-09-24T17:20:04.693894721Z	119052	0																			
2382	2026-09-24T17:20:04.743553606Z	119101	0																			
2383	2026-09-24T17:20:04.793213178Z	119151	0																			
2384	2026-09-24T17:20:04.843890173Z	119202	0																			
2385	2026-09-24T17:20:04.893573804Z	119251	0																			
2386	2026-09-24T17:20:04.943274112Z	119301	0																			
2387	2026-09-24T17:20:04.993973909Z	119352	0																			
2388	2026-09-24T17:20:05.043593145Z	119401	0																			
2389	2026-09-24T17:20:05.093291067Z	119451	0																			
2390	2026-09-24T17:20:05.142950396Z	119501	0																			
2391	2026-09-24T17:20:05.193601243Z	119552	0																			
2392	2026-09-24T17:20:05.243314247Z	119601	0																			
2393	2026-09-24T17:20:05.292936445Z	119651	0																			
2394	2026-09-24T17:20:05.343577108Z	119701	0																			
2395	2026-09-24T17:20:05.393212167Z	119751	0																			
2396	2026-09-24T17:20:05.443815248Z	119802	0																			
2397	2026-09-24T17:20:05.493442578Z	119851	0																			
2398	2026-09-24T17:20:05.543052004Z	119901	0																			
2399	2026-09-24T17:20:05.593606669Z	119952	0																			
2400	2026-09-24T17:20:05.643102829Z	120001	0																			
2401	2026-09-24T17:20:05.69328122Z	120051	0																			
2402	2026-09-24T17:20:05.743742891Z	120102	0																			
2403	2026-09-24T17:20:05.793282141Z	120151	0																			
2404	2026-09-24T17:20:05.843795195Z	120202	0																			
2405	2026-09-24T17:20:05.893356119Z	120251	0																			
2406	2026-09-24T17:20:05.943887938Z	120302	0																			
2407	2026-09-24T17:20:05.993443389Z	120351	0																			
2408	2026-09-24T17:20:06.042943108Z	120401	0																			
2409	2026-09-24T17:20:06.093523993Z	120451	0																			
2410	2026-09-24T17:20:06.14321995Z	120501	0																			
2411	2026-09-24T17:20:06.193943602Z	120552	0																			
2412	2026-09-24T17:20:06.243662981Z	120602	0																			
2413	2026-09-24T17:20:06.293287103Z	120651	0																			
2414	2026-09-24T17:20:06.343943641Z	120702	0																			
2415	2026-09-24T17:20:06.393548016Z	120751	0																			
2416	2026-09-24T17:20:06.443214356Z	120801	0																			
2417	2026-09-24T17:20:06.493839879Z	120852	0																			
2418	2026-09-24T17:20:06.543515895Z	120901	0																			
2419	2026-09-24T17:20:06.593213512Z	120951	0																			
2420	2026-09-24T17:20:06.643886129Z	121002	0																			
2421	2026-09-24T17:20:06.693521594Z	121051	0																			
2422	2026-09-24T17:20:06.743129444Z	121101	0																			
2423	2026-09-24T17:20:06.793750042Z	121152	0																			
2424	2026-09-24T17:20:06.843461379Z	121201	0																			
2425	2026-09-24T17:20:06.893163804Z	121251	0																			
2426	2026-09-24T17:20:06.943863213Z	121302	0																			
2427	2026-09-24T17:20:06.993490554Z	121351	0																			
2428	2026-09-24T17:20:07.043061403Z	121401	0																			
2429	2026-09-24T17:20:07.093692569Z	121452	0																			
2430	2026-09-24T17:20:07.143295032Z	121501	0																			
2431	2026-09-24T17:20:07.192939314Z	121551	0																			
2432	2026-09-24T17:20:07.243512673Z	121601	0																			
2433	2026-09-24T17:20:07.293195696Z	121651	0																			
2434	2026-09-24T17:20:07.343809998Z	121702	0																			
2435	2026-09-24T17:20:07.393348189Z	121751	0																			
2436	2026-09-24T17:20:07.4429401Z	121801	0																			
2437	2026-09-24T17:20:07.493607914Z	121852	0																			
2438	2026-09-24T17:20:07.543209586Z	121901	0																			
2439	2026-09-24T17:20:07.593669107Z	121952	0																			
2440	2026-09-24T17:20:07.643150689Z	122001	0																			
2441	2026-09-24T17:20:07.693746151Z	122052	0																			
2442	2026-09-24T17:20:07.743361319Z	122101	0																			
2443	2026-09-24T17:20:07.792954105Z	122151	0																			
2444	2026-09-24T17:20:07.843661578Z	122202	0																			
2445	2026-09-24T17:20:07.893199867Z	122251	0																			
2446	2026-09-24T17:20:07.943734727Z	122302	0																			
2447	2026-09-24T17:20:07.99319819Z	122351	0																			
2448	2026-09-24T17:20:08.043748193Z	122402	0																			
2449	2026-09-24T17:20:08.093207236Z	122451	0																			
2450	2026-09-24T17:20:08.143731349Z	122502	0																			
2451	2026-09-24T17:20:08.193279703Z	122551	0																			
2452	2026-09-24T17:20:08.243779616Z	122602	0																			
2453	2026-09-24T17:20:08.293250086Z	122651	0																			
2454	2026-09-24T17:20:08.343771543Z	122702	0																			
2455	2026-09-24T17:20:08.393285373Z	122751	0																			
2456	2026-09-24T17:20:08.443889177Z	122802	0																			
2457	2026-09-24T17:20:08.493504324Z	122851	0																			
2458	2026-09-24T17:20:08.54318232Z	122901	0																			
2459	2026-09-24T17:20:08.59386869Z	122952	0																			
2460	2026-09-24T17:20:08.643572467Z	123001	0																			
2461	2026-09-24T17:20:08.69313288Z	123051	0																			
2462	2026-09-24T17:20:08.743634767Z	123102	0																			
2463	2026-09-24T17:20:08.793090744Z	123151	0																			
2464	2026-09-24T17:20:08.843582322Z	123201	0																			
2465	2026-09-24T17:20:08.893115752Z	123251	0																			
2466	2026-09-24T17:20:08.943616893Z	123302	0																			
2467	2026-09-24T17:20:08.993127846Z	123351	0																			
2468	2026-09-24T17:20:09.043578339Z	123401	0																			
2469	2026-09-24T17:20:09.093084637Z	123451	0																			
2470	2026-09-24T17:20:09.143569184Z	123501	0																			
2471	2026-09-24T17:20:09.193160249Z	123551	0																			
2472	2026-09-24T17:20:09.243893893Z	123602	0																			
2473	2026-09-24T17:20:09.293650986Z	123652	0																			
2474	2026-09-24T17:20:09.343355171Z	123701	0																			
2475	2026-09-24T17:20:09.393060928Z	123751	0																			
2476	2026-09-24T17:20:09.443810025Z	123802	0																			
2477	2026-09-24T17:20:09.493523086Z	123851	0																			
2478	2026-09-24T17:20:09.543223814Z	123901	0																			
2479	2026-09-24T17:20:09.5938988Z	123952	0																			
2480	2026-09-24T17:20:09.643594586Z	124001	0																			
2481	2026-09-24T17:20:09.693283301Z	124051	0																			
2482	2026-09-24T17:20:09.743955671Z	124102	0																			
2483	2026-09-24T17:20:09.793675214Z	124152	0																			
2484	2026-09-24T17:20:09.843364744Z	124201	0																			
2485	2026-09-24T17:20:09.89395353Z	124252	0																			
2486	2026-09-24T17:20:09.943503325Z	124301	0																			
2487	2026-09-24T17:20:09.992976792Z	124351	0																			
2488	2026-09-24T17:20:10.043497641Z	124401	0																			
2489	2026-09-24T17:20:10.093970618Z	124452	0																			
2490	2026-09-24T17:20:10.143487383Z	124501	0																			
2491	2026-09-24T17:20:10.192965061Z	124551	0																			
2492	2026-09-24T17:20:10.24347785Z	124601	0																			
2493	2026-09-24T17:20:10.293058943Z	124651	0																			
2494	2026-09-24T17:20:10.343725438Z	124702	0																			
2495	2026-09-24T17:20:10.393362788Z	124751	0																			
2496	2026-09-24T17:20:10.442966595Z	124801	0																			
2497	2026-09-24T17:20:10.493646743Z	124852	0																			
2498	2026-09-24T17:20:10.543281764Z	124901	0																			
2499	2026-09-24T17:20:10.593742399Z	124952	0																			
2500	2026-09-24T17:20:10.643283213Z	125001	0																			
2501	2026-09-24T17:20:10.69374431Z	125052	0																			
2502	2026-09-24T17:20:10.743293402Z	125101	0																			
2503	2026-09-24T17:20:10.79382431Z	125152	0																			
2504	2026-09-24T17:20:10.843521583Z	125201	0																			
2505	2026-09-24T17:20:10.893150833Z	125251	0																			
2506	2026-09-24T17:20:10.943792942Z	125302	0																			
2507	2026-09-24T17:20:10.993440969Z	125351	0																			
2508	2026-09-24T17:20:11.043057165Z	125401	0																			
2509	2026-09-24T17:20:11.093636918Z	125452	0																			
2510	2026-09-24T17:20:11.14319411Z	125501	0																			
2511	2026-09-24T17:20:11.193667746Z	125552	0																			
2512	2026-09-24T17:20:11.243130054Z	125601	0																			
2513	2026-09-24T17:20:11.293592351Z	125651	0																			
2514	2026-09-24T17:20:11.343036606Z	125701	0																			
2515	2026-09-24T17:20:11.393528903Z	125751	0																			
2516	2026-09-24T17:20:11.442968552Z	125801	0																			
2517	2026-09-24T17:20:11.493491809Z	125851	0																			
2518	2026-09-24T17:20:11.542941663Z	125901	0																			
2519	2026-09-24T17:20:11.593439453Z	125951	0																			
2520	2026-09-24T17:20:11.643961237Z	126002	0																			
2521	2026-09-24T17:20:11.693356827Z	126051	0																			
2522	2026-09-24T17:20:11.743863235Z	126102	0																			
2523	2026-09-24T17:20:11.793357231Z	126151	0																			
2524	2026-09-24T17:20:11.843811344Z	126202	0																			
2525	2026-09-24T17:20:11.893357504Z	126251	0																			
2526	2026-09-24T17:20:11.943886197Z	126302	0																			
2527	2026-09-24T17:20:11.993435011Z	126351	0																			
2528	2026-09-24T17:20:12.043939564Z	126402	0																			
2529	2026-09-24T17:20:12.093443264Z	126451	0																			
2530	2026-09-24T17:20:12.143953377Z	126502	0																			
2531	2026-09-24T17:20:12.193356522Z	126551	0																			
2532	2026-09-24T17:20:12.243864817Z	126602	0																			
2533	2026-09-24T17:20:12.29335909Z	126651	0																			
2534	2026-09-24T17:20:12.343852369Z	126702	0																			
2535	2026-09-24T17:20:12.393280603Z	126751	0																			
2536	2026-09-24T17:20:12.4438049Z	126802	0																			
2537	2026-09-24T17:20:12.493279834Z	126851	0																			
2538	2026-09-24T17:20:12.543790541Z	126902	0																			
2539	2026-09-24T17:20:12.593206466Z	126951	0																			
2540	2026-09-24T17:20:12.643713121Z	127002	0																			
2541	2026-09-24T17:20:12.693185437Z	127051	0																			
2542	2026-09-24T17:20:12.743584362Z	127101	0																			
2543	2026-09-24T17:20:12.793084943Z	127151	0																			
2544	2026-09-24T17:20:12.843573362Z	127201	0																			
2545	2026-09-24T17:20:12.893056545Z	127251	0																			
2546	2026-09-24T17:20:12.943566028Z	127301	0																			
2547	2026-09-24T17:20:12.993039917Z	127351	0																			
2548	2026-09-24T17:20:13.043569505Z	127401	0																			
2549	2026-09-24T17:20:13.093129132Z	127451	0																			
2550	2026-09-24T17:20:13.143871975Z	127502	0																			
2551	2026-09-24T17:20:13.193573953Z	127551	0																			
2552	2026-09-24T17:20:13.243292375Z	127601	0																			
2553	2026-09-24T17:20:13.29295582Z	127651	0																			
2554	2026-09-24T17:20:13.343665371Z	127702	0																			
2555	2026-09-24T17:20:13.393386816Z	127751	0																			
2556	2026-09-24T17:20:13.443104057Z	127801	0																			
2557	2026-09-24T17:20:13.493825189Z	127852	0																			
2558	2026-09-24T17:20:13.543515029Z	127901	0																			
2559	2026-09-24T17:20:13.59324108Z	127951	0																			
2560	2026-09-24T17:20:13.643060008Z	128001	0																			
2561	2026-09-24T17:20:13.693749407Z	128052	0																			
2562	2026-09-24T17:20:13.743434918Z	128101	0																			
2563	2026-09-24T17:20:13.793138952Z	128151	0																			
2564	2026-09-24T17:20:13.843905771Z	128202	0																			
2565	2026-09-24T17:20:13.893596734Z	128251	0																			
2566	2026-09-24T17:20:13.943327352Z	128301	0																			
2567	2026-09-24T17:20:13.993062664Z	128351	0																			
2568	2026-09-24T17:20:14.043749639Z	128402	0																			
2569	2026-09-24T17:20:14.093446994Z	128451	0																			
2570	2026-09-24T17:20:14.143223434Z	128501	0																			
2571	2026-09-24T17:20:14.19292131Z	128551	0																			
2572	2026-09-24T17:20:14.243645108Z	128602	0																			
2573	2026-09-24T17:20:14.293429128Z	128651	0																			
2574	2026-09-24T17:20:14.343138573Z	128701	0																			
2575	2026-09-24T17:20:14.393860335Z	128752	0																			
2576	2026-09-24T17:20:14.443590766Z	128801	0																			
2577	2026-09-24T17:20:14.49330174Z	128851	0																			
2578	2026-09-24T17:20:14.543047798Z	128901	0																			
2579	2026-09-24T17:20:14.593804379Z	128952	0																			
2580	2026-09-24T17:20:14.643499838Z	129001	0																			
2581	2026-09-24T17:20:14.693215Z	129051	0																			
2582	2026-09-24T17:20:14.743945206Z	129102	0																			
2583	2026-09-24T17:20:14.793676224Z	129152	0																			
2584	2026-09-24T17:20:14.843366625Z	129201	0																			
2585	2026-09-24T17:20:14.893064071Z	129251	0																			
2586	2026-09-24T17:20:14.943821343Z	129302	0																			
2587	2026-09-24T17:20:14.993525026Z	129351	0																			
2588	2026-09-24T17:20:15.043143971Z	129401	0																			
2589	2026-09-24T17:20:15.093873485Z	129452	0																			
2590	2026-09-24T17:20:15.143600771Z	129502	0																			
2591	2026-09-24T17:20:15.193309252Z	129551	0																			
2592	2026-09-24T17:20:15.242967488Z	129601	0																			
2593	2026-09-24T17:20:15.293632345Z	129652	0																			
2594	2026-09-24T17:20:15.343331005Z	129701	0																			
2595	2026-09-24T17:20:15.392922602Z	129751	0																			
2596	2026-09-24T17:20:15.443511147Z	129801	0																			
2597	2026-09-24T17:20:15.493137907Z	129851	0																			
2598	2026-09-24T17:20:15.543790316Z	129902	0																			
2599	2026-09-24T17:20:15.593430532Z	129951	0																			
2600	2026-09-24T17:20:15.64309406Z	130001	0																			
2601	2026-09-24T17:20:15.693284574Z	130051	0																			
2602	2026-09-24T17:20:15.743795105Z	130102	0																			
2603	2026-09-24T17:20:15.793340865Z	130151	0																			
2604	2026-09-24T17:20:15.843884138Z	130202	0																			
2605	2026-09-24T17:20:15.893358113Z	130251	0																			
2606	2026-09-24T17:20:15.943922222Z	130302	0																			
2607	2026-09-24T17:20:15.993441107Z	130351	0																			
2608	2026-09-24T17:20:16.043944947Z	130402	0																			
2609	2026-09-24T17:20:16.093355865Z	130451	0																			
2610	2026-09-24T17:20:16.143797725Z	130502	0																			
2611	2026-09-24T17:20:16.193283598Z	130551	0																			
2612	2026-09-24T17:20:16.243808292Z	130602	0																			
2613	2026-09-24T17:20:16.293340258Z	130651	0																			
2614	2026-09-24T17:20:16.343793746Z	130702	0																			
2615	2026-09-24T17:20:16.393292358Z	130751	0																			
2616	2026-09-24T17:20:16.443797216Z	130802	0																			
2617	2026-09-24T17:20:16.493285823Z	130851	0																			
2618	2026-09-24T17:20:16.543793213Z	130902	0																			
2619	2026-09-24T17:20:16.59323261Z	130951	0																			
2620	2026-09-24T17:20:16.643656445Z	131002	0																			
2621	2026-09-24T17:20:16.693140452Z	131051	0																			
2622	2026-09-24T17:20:16.74362317Z	131102	0																			
2623	2026-09-24T17:20:16.793054781Z	131151	0																			
2624	2026-09-24T17:20:16.843559991Z	131201	0																			
2625	2026-09-24T17:20:16.893046878Z	131251	0																			
2626	2026-09-24T17:20:16.943532438Z	131301	0																			
2627	2026-09-24T17:20:16.992958766Z	131351	0																			
2628	2026-09-24T17:20:17.043455766Z	131401	0																			
2629	2026-09-24T17:20:17.093969333Z	131452	0																			
2630	2026-09-24T17:20:17.143368159Z	131501	0																			
2631	2026-09-24T17:20:17.193803684Z	131552	0																			
2632	2026-09-24T17:20:17.243298092Z	131601	0																			
2633	2026-09-24T17:20:17.293738019Z	131652	0																			
2634	2026-09-24T17:20:17.343238172Z	131701	0																			
2635	2026-09-24T17:20:17.393735479Z	131752	0																			
2636	2026-09-24T17:20:17.443230353Z	131801	0																			
2637	2026-09-24T17:20:17.493725036Z	131852	0																			
2638	2026-09-24T17:20:17.543202306Z	131901	0																			
2639	2026-09-24T17:20:17.593650225Z	131952	0																			
2640	2026-09-24T17:20:17.643124851Z	132001	0																			
2641	2026-09-24T17:20:17.693618581Z	132052	0																			
2642	2026-09-24T17:20:17.743128598Z	132101	0																			
2643	2026-09-24T17:20:17.793826601Z	132152	0																			
2644	2026-09-24T17:20:17.843441298Z	132201	0																			
2645	2026-09-24T17:20:17.893135709Z	132251	0																			
2646	2026-09-24T17:20:17.943865587Z	132302	0																			
2647	2026-09-24T17:20:17.993599635Z	132351	0																			
2648	2026-09-24T17:20:18.043268834Z	132401	0																			
2649	2026-09-24T17:20:18.093978086Z	132452	0																			
2650	2026-09-24T17:20:18.143655233Z	132502	0																			
2651	2026-09-24T17:20:18.19335338Z	132551	0																			
2652	2026-09-24T17:20:18.243072274Z	132601	0																			
2653	2026-09-24T17:20:18.29374799Z	132652	0																			
2654	2026-09-24T17:20:18.343457119Z	132701	0																			
2655	2026-09-24T17:20:18.393139259Z	132751	0																			
2656	2026-09-24T17:20:18.443865714Z	132802	0																			
2657	2026-09-24T17:20:18.493592435Z	132851	0																			
2658	2026-09-24T17:20:18.543339237Z	132901	0																			
2659	2026-09-24T17:20:18.593043443Z	132951	0																			
2660	2026-09-24T17:20:18.643815432Z	133002	0																			
2661	2026-09-24T17:20:18.693436162Z	133051	0																			
2662	2026-09-24T17:20:18.743964161Z	133102	0																			
2663	2026-09-24T17:20:18.793440588Z	133151	0																			
2664	2026-09-24T17:20:18.842918588Z	133201	0																			
2665	2026-09-24T17:20:18.893435115Z	133251	0																			
2666	2026-09-24T17:20:18.943863866Z	133302	0																			
2667	2026-09-24T17:20:18.99328295Z	133351	0																			
2668	2026-09-24T17:20:19.043732279Z	133402	0																			
2669	2026-09-24T17:20:19.093216071Z	133451	0																			
2670	2026-09-24T17:20:19.143811667Z	133502	0																			
2671	2026-09-24T17:20:19.19342869Z	133551	0																			
2672	2026-09-24T17:20:19.243060063Z	133601	0																			
2673	2026-09-24T17:20:19.293670428Z	133652	0																			
2674	2026-09-24T17:20:19.343198465Z	133701	0																			
2675	2026-09-24T17:20:19.393721414Z	133752	0																			
2676	2026-09-24T17:20:19.44324561Z	133801	0																			
2677	2026-09-24T17:20:19.493734836Z	133852	0																			
2678	2026-09-24T17:20:19.543258136Z	133901	0																			
2679	2026-09-24T17:20:19.593756359Z	133952	0																			
2680	2026-09-24T17:20:19.643245776Z	134001	0																			
2681	2026-09-24T17:20:19.693743887Z	134052	0																			
2682	2026-09-24T17:20:19.743132482Z	134101	0																			
2683	2026-09-24T17:20:19.793571535Z	134151	0																			
2684	2026-09-24T17:20:19.843070078Z	134201	0																			
2685	2026-09-24T17:20:19.893518825Z	134251	0																			
2686	2026-09-24T17:20:19.942955929Z	134301	0																			
2687	2026-09-24T17:20:19.993440167Z	134351	0																			
2688	2026-09-24T17:20:20.043940824Z	134402	0																			
2689	2026-09-24T17:20:20.093357117Z	134451	0																			
2690	2026-09-24T17:20:20.143810347Z	134502	0																			
2691	2026-09-24T17:20:20.193282339Z	134551	0																			
2692	2026-09-24T17:20:20.243787357Z	134602	0																			
2693	2026-09-24T17:20:20.293214593Z	134651	0																			
2694	2026-09-24T17:20:20.343733149Z	134702	0																			
2695	2026-09-24T17:20:20.393206767Z	134751	0																			
2696	2026-09-24T17:20:20.443658105Z	134802	0																			
2697	2026-09-24T17:20:20.493196041Z	134851	0																			
2698	2026-09-24T17:20:20.543735859Z	134902	0																			
2699	2026-09-24T17:20:20.593250537Z	134951	0																			
2700	2026-09-24T17:20:20.643656989Z	135002	0																			
2701	2026-09-24T17:20:20.693120188Z	135051	0																			
2702	2026-09-24T17:20:20.743723173Z	135102	0																			
2703	2026-09-24T17:20:20.793323913Z	135151	0																			
2704	2026-09-24T17:20:20.843804219Z	135202	0																			
2705	2026-09-24T17:20:20.893303287Z	135251	0																			
2706	2026-09-24T17:20:20.943774897Z	135302	0																			
2707	2026-09-24T17:20:20.993306632Z	135351	0																			
2708	2026-09-24T17:20:21.043867002Z	135402	0																			
2709	2026-09-24T17:20:21.093509252Z	135451	0																			
2710	2026-09-24T17:20:21.143055094Z	135501	0																			
2711	2026-09-24T17:20:21.19364326Z	135552	0																			
2712	2026-09-24T17:20:21.243205323Z	135601	0																			
2713	2026-09-24T17:20:21.293654676Z	135652	0																			
2714	2026-09-24T17:20:21.343110403Z	135701	0																			
2715	2026-09-24T17:20:21.393574743Z	135751	0																			
2716	2026-09-24T17:20:21.443056611Z	135801	0																			
2717	2026-09-24T17:20:21.493572078Z	135851	0																			
2718	2026-09-24T17:20:21.543082045Z	135901	0																			
2719	2026-09-24T17:20:21.593573634Z	135951	0																			
2720	2026-09-24T17:20:21.643054456Z	136001	0																			
2721	2026-09-24T17:20:21.693489886Z	136051	0																			
2722	2026-09-24T17:20:21.742918074Z	136101	0																			
2723	2026-09-24T17:20:21.793370467Z	136151	0																			
2724	2026-09-24T17:20:21.843874656Z	136202	0																			
2725	2026-09-24T17:20:21.893300685Z	136251	0																			
2726	2026-09-24T17:20:21.943798638Z	136302	0																			
2727	2026-09-24T17:20:21.993205639Z	136351	0																			
2728	2026-09-24T17:20:22.043658926Z	136402	0																			
2729	2026-09-24T17:20:22.093134417Z	136451	0																			
2730	2026-09-24T17:20:22.143688492Z	136502	0																			
2731	2026-09-24T17:20:22.19320828Z	136551	0																			
2732	2026-09-24T17:20:22.243731537Z	136602	0																			
2733	2026-09-24T17:20:22.293261027Z	136651	0																			
2734	2026-09-24T17:20:22.343790999Z	136702	0																			
2735	2026-09-24T17:20:22.39329056Z	136751	0																			
2736	2026-09-24T17:20:22.44382367Z	136802	0																			
2737	2026-09-24T17:20:22.493319653Z	136851	0																			
2738	2026-09-24T17:20:22.543842497Z	136902	0																			
2739	2026-09-24T17:20:22.593334439Z	136951	0																			
2740	2026-09-24T17:20:22.643804556Z	137002	0																			
2741	2026-09-24T17:20:22.69328351Z	137051	0																			
2742	2026-09-24T17:20:22.743796633Z	137102	0																			
2743	2026-09-24T17:20:22.793342981Z	137151	0																			
2744	2026-09-24T17:20:22.843837144Z	137202	0																			
2745	2026-09-24T17:20:22.893283451Z	137251	0																			
2746	2026-09-24T17:20:22.943835668Z	137302	0																			
2747	2026-09-24T17:20:22.993365971Z	137351	0																			
2748	2026-09-24T17:20:23.04388352Z	137402	0																			
2749	2026-09-24T17:20:23.093441772Z	137451	0																			
2750	2026-09-24T17:20:23.143899413Z	137502	0																			
2751	2026-09-24T17:20:23.193502637Z	137551	0																			
2752	2026-09-24T17:20:23.243130606Z	137601	0																			
2753	2026-09-24T17:20:23.293593607Z	137651	0																			
2754	2026-09-24T17:20:23.343124845Z	137701	0																			
2755	2026-09-24T17:20:23.393598638Z	137751	0																			
2756	2026-09-24T17:20:23.443261097Z	137801	0																			
2757	2026-09-24T17:20:23.493897264Z	137852	0																			
2758	2026-09-24T17:20:23.543513292Z	137901	0																			
2759	2026-09-24T17:20:23.593069356Z	137951	0																			
2760	2026-09-24T17:20:23.643566077Z	138001	0																			
2761	2026-09-24T17:20:23.693067612Z	138051	0																			
2762	2026-09-24T17:20:23.743584494Z	138101	0																			
2763	2026-09-24T17:20:23.793130944Z	138151	0																			
2764	2026-09-24T17:20:23.843727308Z	138202	0																			
2765	2026-09-24T17:20:23.893337438Z	138251	0																			
2766	2026-09-24T17:20:23.943961008Z	138302	0																			
2767	2026-09-24T17:20:23.993566093Z	138351	0																			
2768	2026-09-24T17:20:24.043193937Z	138401	0																			
2769	2026-09-24T17:20:24.093902487Z	138452	0																			
2770	2026-09-24T17:20:24.143631097Z	138502	0																			
2771	2026-09-24T17:20:24.193358752Z	138551	0																			
2772	2026-09-24T17:20:24.243064886Z	138601	0																			
2773	2026-09-24T17:20:24.293783183Z	138652	0																			
2774	2026-09-24T17:20:24.343455408Z	138701	0																			
2775	2026-09-24T17:20:24.393141186Z	138751	0																			
2776	2026-09-24T17:20:24.443862749Z	138802	0																			
2777	2026-09-24T17:20:24.493599761Z	138852	0																			
2778	2026-09-24T17:20:24.543319471Z	138901	0																			
2779	2026-09-24T17:20:24.593044116Z	138951	0																			
2780	2026-09-24T17:20:24.643742705Z	139002	0																			
2781	2026-09-24T17:20:24.693400391Z	139051	0																			
2782	2026-09-24T17:20:24.743143723Z	139101	0																			
2783	2026-09-24T17:20:24.793821692Z	139152	0																			
2784	2026-09-24T17:20:24.843415767Z	139201	0																			
2785	2026-09-24T17:20:24.89387669Z	139252	0																			
2786	2026-09-24T17:20:24.943360191Z	139301	0																			
2787	2026-09-24T17:20:24.993934939Z	139352	0																			
2788	2026-09-24T17:20:25.043644605Z	139402	0																			
2789	2026-09-24T17:20:25.093251244Z	139451	0																			
2790	2026-09-24T17:20:25.143909493Z	139502	0																			
2791	2026-09-24T17:20:25.193402806Z	139551	0																			
2792	2026-09-24T17:20:25.242921595Z	139601	0																			
2793	2026-09-24T17:20:25.29359499Z	139651	0																			
2794	2026-09-24T17:20:25.343211631Z	139701	0																			
2795	2026-09-24T17:20:25.393903952Z	139752	0																			
2796	2026-09-24T17:20:25.44358664Z	139801	0																			
2797	2026-09-24T17:20:25.49313375Z	139851	0																			
2798	2026-09-24T17:20:25.543733947Z	139902	0																			
2799	2026-09-24T17:20:25.593271044Z	139951	0																			
2800	2026-09-24T17:20:25.643822839Z	140002	0																			
2801	2026-09-24T17:20:25.692918368Z	140051	0																			
2802	2026-09-24T17:20:25.74336147Z	140101	0																			
2803	2026-09-24T17:20:25.793895602Z	140152	0																			
2804	2026-09-24T17:20:25.843431677Z	140201	0																			
2805	2026-09-24T17:20:25.892917169Z	140251	0																			
2806	2026-09-24T17:20:25.943434003Z	140301	0																			
2807	2026-09-24T17:20:25.993911354Z	140352	0																			
2808	2026-09-24T17:20:26.043416727Z	140401	0																			
2809	2026-09-24T17:20:26.09395768Z	140452	0																			
2810	2026-09-24T17:20:26.143453372Z	140501	0																			
2811	2026-09-24T17:20:26.193101736Z	140551	0																			
2812	2026-09-24T17:20:26.243702647Z	140602	0																			
2813	2026-09-24T17:20:26.293286007Z	140651	0																			
2814	2026-09-24T17:20:26.343884506Z	140702	0																			
2815	2026-09-24T17:20:26.393413574Z	140751	0																			
2816	2026-09-24T17:20:26.443963233Z	140802	0																			
2817	2026-09-24T17:20:26.493435465Z	140851	0																			
2818	2026-09-24T17:20:26.54393914Z	140902	0																			
2819	2026-09-24T17:20:26.593358199Z	140951	0																			
2820	2026-09-24T17:20:26.643801929Z	141002	0																			
2821	2026-09-24T17:20:26.693206626Z	141051	0																			
2822	2026-09-24T17:20:26.7437135Z	141102	0																			
2823	2026-09-24T17:20:26.793133093Z	141151	0																			
2824	2026-09-24T17:20:26.843649925Z	141202	0																			
2825	2026-09-24T17:20:26.893140683Z	141251	0																			
2826	2026-09-24T17:20:26.943656802Z	141302	0																			
2827	2026-09-24T17:20:26.993165293Z	141351	0																			
2828	2026-09-24T17:20:27.043660776Z	141402	0																			
2829	2026-09-24T17:20:27.093146678Z	141451	0																			
2830	2026-09-24T17:20:27.143651995Z	141502	0																			
2831	2026-09-24T17:20:27.193182298Z	141551	0																			
2832	2026-09-24T17:20:27.243699023Z	141602	0																			
2833	2026-09-24T17:20:27.293209636Z	141651	0																			
2834	2026-09-24T17:20:27.343726262Z	141702	0																			
2835	2026-09-24T17:20:27.393218102Z	141751	0																			
2836	2026-09-24T17:20:27.443742866Z	141802	0																			
2837	2026-09-24T17:20:27.493285204Z	141851	0																			
2838	2026-09-24T17:20:27.54382349Z	141902	0																			
2839	2026-09-24T17:20:27.593338113Z	141951	0																			
2840	2026-09-24T17:20:27.643857208Z	142002	0																			
2841	2026-09-24T17:20:27.693346677Z	142051	0																			
2842	2026-09-24T17:20:27.743851985Z	142102	0																			
2843	2026-09-24T17:20:27.793349113Z	142151	0																			
2844	2026-09-24T17:20:27.843857393Z	142202	0																			
2845	2026-09-24T17:20:27.893349883Z	142251	0																			
2846	2026-09-24T17:20:27.943889018Z	142302	0																			
2847	2026-09-24T17:20:27.993491653Z	142351	0																			
2848	2026-09-24T17:20:28.043134022Z	142401	0																			
2849	2026-09-24T17:20:28.093669641Z	142452	0																			
2850	2026-09-24T17:20:28.143138063Z	142501	0																			
2851	2026-09-24T17:20:28.193775215Z	142552	0																			
2852	2026-09-24T17:20:28.243281354Z	142601	0																			
2853	2026-09-24T17:20:28.293841835Z	142652	0																			
2854	2026-09-24T17:20:28.343433115Z	142701	0																			
2855	2026-09-24T17:20:28.393950569Z	142752	0																			
2856	2026-09-24T17:20:28.443476491Z	142801	0																			
2857	2026-09-24T17:20:28.492944435Z	142851	0																			
2858	2026-09-24T17:20:28.543675782Z	142902	0																			
2859	2026-09-24T17:20:28.593396458Z	142951	0																			
2860	2026-09-24T17:20:28.643133789Z	143001	0																			
2861	2026-09-24T17:20:28.693746971Z	143052	0																			
2862	2026-09-24T17:20:28.743284636Z	143101	0																			
2863	2026-09-24T17:20:28.793834508Z	143152	0																			
2864	2026-09-24T17:20:28.843359051Z	143201	0																			
2865	2026-09-24T17:20:28.893885372Z	143252	0																			
2866	2026-09-24T17:20:28.943279957Z	143301	0																			
2867	2026-09-24T17:20:28.99380735Z	143352	0																			
2868	2026-09-24T17:20:29.043347706Z	143401	0																			
2869	2026-09-24T17:20:29.093915743Z	143452	0																			
2870	2026-09-24T17:20:29.143520778Z	143501	0																			
2871	2026-09-24T17:20:29.193182655Z	143551	0																			
2872	2026-09-24T17:20:29.243890717Z	143602	0																			
2873	2026-09-24T17:20:29.29350882Z	143651	0																			
2874	2026-09-24T17:20:29.343089448Z	143701	0																			
2875	2026-09-24T17:20:29.393673038Z	143752	0																			
2876	2026-09-24T17:20:29.44325875Z	143801	0																			
2877	2026-09-24T17:20:29.493894614Z	143852	0																			
2878	2026-09-24T17:20:29.543482582Z	143901	0																			
2879	2026-09-24T17:20:29.593040168Z	143951	0																			
2880	2026-09-24T17:20:29.643539855Z	144001	0																			
2881	2026-09-24T17:20:29.693120242Z	144051	0																			
2882	2026-09-24T17:20:29.743720278Z	144102	0																			
2883	2026-09-24T17:20:29.793208318Z	144151	0																			
2884	2026-09-24T17:20:29.843735518Z	144202	0																			
2885	2026-09-24T17:20:29.893266112Z	144251	0																			
2886	2026-09-24T17:20:29.943847509Z	144302	0																			
2887	2026-09-24T17:20:29.993444221Z	144351	0																			
2888	2026-09-24T17:20:30.043108775Z	144401	0																			
2889	2026-09-24T17:20:30.093748919Z	144452	0																			
2890	2026-09-24T17:20:30.143330802Z	144501	0																			
2891	2026-09-24T17:20:30.193925307Z	144552	0																			
2892	2026-09-24T17:20:30.24342475Z	144601	0																			
2893	2026-09-24T17:20:30.293949738Z	144652	0																			
2894	2026-09-24T17:20:30.343454482Z	144701	0																			
2895	2026-09-24T17:20:30.393899035Z	144752	0																			
2896	2026-09-24T17:20:30.443357917Z	144801	0																			
2897	2026-09-24T17:20:30.493818278Z	144852	0																			
2898	2026-09-24T17:20:30.5433625Z	144901	0																			
2899	2026-09-24T17:20:30.59390354Z	144952	0																			
2900	2026-09-24T17:20:30.643433781Z	145001	0																			
2901	2026-09-24T17:20:30.693972284Z	145052	0																			
2902	2026-09-24T17:20:30.743509717Z	145101	0																			
2903	2026-09-24T17:20:30.792942151Z	145151	0																			
2904	2026-09-24T17:20:30.843453854Z	145201	0																			
2905	2026-09-24T17:20:30.893894694Z	145252	0																			
2906	2026-09-24T17:20:30.943340338Z	145301	0																			
2907	2026-09-24T17:20:30.993856606Z	145352	0																			
2908	2026-09-24T17:20:31.043290299Z	145401	0																			
2909	2026-09-24T17:20:31.093792006Z	145452	0																			
2910	2026-09-24T17:20:31.143275968Z	145501	0																			
2911	2026-09-24T17:20:31.193752439Z	145552	0																			
2912	2026-09-24T17:20:31.243205083Z	145601	0																			
2913	2026-09-24T17:20:31.293593403Z	145651	0																			
2914	2026-09-24T17:20:31.342960996Z	145701	0																			
2915	2026-09-24T17:20:31.393440368Z	145751	0																			
2916	2026-09-24T17:20:31.442919709Z	145801	0																			
2917	2026-09-24T17:20:31.493432749Z	145851	0																			
2918	2026-09-24T17:20:31.543863504Z	145902	0																			
2919	2026-09-24T17:20:31.593283395Z	145951	0																			
2920	2026-09-24T17:20:31.643732194Z	146002	0																			
2921	2026-09-24T17:20:31.693131936Z	146051	0																			
2922	2026-09-24T17:20:31.743658842Z	146102	0																			
2923	2026-09-24T17:20:31.793112524Z	146151	0																			
2924	2026-09-24T17:20:31.843619597Z	146202	0																			
2925	2026-09-24T17:20:31.893132629Z	146251	0																			
2926	2026-09-24T17:20:31.94357781Z	146301	0																			
2927	2026-09-24T17:20:31.992964715Z	146351	0																			
2928	2026-09-24T17:20:32.043435183Z	146401	0																			
2929	2026-09-24T17:20:32.093932206Z	146452	0																			
2930	2026-09-24T17:20:32.143455933Z	146501	0																			
2931	2026-09-24T17:20:32.19394681Z	146552	0																			
2932	2026-09-24T17:20:32.243431212Z	146601	0																			
2933	2026-09-24T17:20:32.293879895Z	146652	0																			
2934	2026-09-24T17:20:32.343400131Z	146701	0																			
2935	2026-09-24T17:20:32.393898985Z	146752	0																			
2936	2026-09-24T17:20:32.443407388Z	146801	0																			
2937	2026-09-24T17:20:32.493911956Z	146852	0																			
2938	2026-09-24T17:20:32.54343082Z	146901	0																			
2939	2026-09-24T17:20:32.592921499Z	146951	0																			
2940	2026-09-24T17:20:32.643431148Z	147001	0																			
2941	2026-09-24T17:20:32.693941475Z	147052	0																			
2942	2026-09-24T17:20:32.743435196Z	147101	0																			
2943	2026-09-24T17:20:32.793896087Z	147152	0																			
2944	2026-09-24T17:20:32.843440701Z	147201	0																			
2945	2026-09-24T17:20:32.893895763Z	147252	0																			
2946	2026-09-24T17:20:32.943413253Z	147301	0																			
2947	2026-09-24T17:20:32.993896139Z	147352	0																			
2948	2026-09-24T17:20:33.04336337Z	147401	0																			
2949	2026-09-24T17:20:33.093830987Z	147452	0																			
2950	2026-09-24T17:20:33.14336874Z	147501	0																			
2951	2026-09-24T17:20:33.193929615Z	147552	0																			
2952	2026-09-24T17:20:33.243439863Z	147601	0																			
2953	2026-09-24T17:20:33.293941776Z	147652	0																			
2954	2026-09-24T17:20:33.343422118Z	147701	0																			
2955	2026-09-24T17:20:33.393935841Z	147752	0																			
2956	2026-09-24T17:20:33.443367025Z	147801	0																			
2957	2026-09-24T17:20:33.492963252Z	147851	0																			
2958	2026-09-24T17:20:33.543575207Z	147901	0																			
2959	2026-09-24T17:20:33.593117969Z	147951	0																			
2960	2026-09-24T17:20:33.643654017Z	148002	0																			
2961	2026-09-24T17:20:33.693171292Z	148051	0																			
2962	2026-09-24T17:20:33.74369651Z	148102	0																			
2963	2026-09-24T17:20:33.793193632Z	148151	0																			
2964	2026-09-24T17:20:33.843717149Z	148202	0																			
2965	2026-09-24T17:20:33.893143542Z	148251	0																			
2966	2026-09-24T17:20:33.943651954Z	148302	0																			
2967	2026-09-24T17:20:33.993057761Z	148351	0																			
2968	2026-09-24T17:20:34.043577116Z	148401	0																			
2969	2026-09-24T17:20:34.092954333Z	148451	0																			
2970	2026-09-24T17:20:34.143446094Z	148501	0																			
2971	2026-09-24T17:20:34.193906671Z	148552	0																			
2972	2026-09-24T17:20:34.24334394Z	148601	0																			
2973	2026-09-24T17:20:34.293827879Z	148652	0																			
2974	2026-09-24T17:20:34.343322205Z	148701	0																			
2975	2026-09-24T17:20:34.39379848Z	148752	0																			
2976	2026-09-24T17:20:34.443276662Z	148801	0																			
2977	2026-09-24T17:20:34.493780131Z	148852	0																			
2978	2026-09-24T17:20:34.543207932Z	148901	0																			
2979	2026-09-24T17:20:34.593668498Z	148952	0																			
2980	2026-09-24T17:20:34.643132349Z	149001	0																			
2981	2026-09-24T17:20:34.693630679Z	149052	0																			
2982	2026-09-24T17:20:34.743118229Z	149101	0																			
2983	2026-09-24T17:20:34.793629953Z	149152	0																			
2984	2026-09-24T17:20:34.84313012Z	149201	0																			
2985	2026-09-24T17:20:34.893632709Z	149252	0																			
2986	2026-09-24T17:20:34.943131957Z	149301	0																			
2987	2026-09-24T17:20:34.993594248Z	149351	0																			
2988	2026-09-24T17:20:35.042969326Z	149401	0																			
2989	2026-09-24T17:20:35.093510649Z	149451	0																			
2990	2026-09-24T17:20:35.143060856Z	149501	0																			
2991	2026-09-24T17:20:35.193649304Z	149552	0																			
2992	2026-09-24T17:20:35.243133492Z	149601	0																			
2993	2026-09-24T17:20:35.293669067Z	149652	0																			
2994	2026-09-24T17:20:35.343203571Z	149701	0																			
2995	2026-09-24T17:20:35.39372708Z	149752	0																			
2996	2026-09-24T17:20:35.443208934Z	149801	0																			
2997	2026-09-24T17:20:35.493751696Z	149852	0																			
2998	2026-09-24T17:20:35.54333276Z	149901	0																			
2999	2026-09-24T17:20:35.593853192Z	149952	0																			
3000	2026-09-24T17:20:35.643374927Z	150001	0																			
3001	2026-09-24T17:20:35.693506123Z	150051	0																			
3002	2026-09-24T17:20:35.742946573Z	150101	0																			
3003	2026-09-24T17:20:35.793440264Z	150151	0																			
3004	2026-09-24T17:20:35.843948828Z	150202	0																			
3005	2026-09-24T17:20:35.893598346Z	150251	0																			
3006	2026-09-24T17:20:35.943287039Z	150301	0																			
3007	2026-09-24T17:20:35.992924566Z	150351	0																			
3008	2026-09-24T17:20:36.043644262Z	150402	0																			
3009	2026-09-24T17:20:36.093354503Z	150451	0																			
3010	2026-09-24T17:20:36.143143425Z	150501	0																			
3011	2026-09-24T17:20:36.193810982Z	150552	0																			
3012	2026-09-24T17:20:36.243492893Z	150601	0																			
3013	2026-09-24T17:20:36.293057523Z	150651	0																			
3014	2026-09-24T17:20:36.343582888Z	150701	0																			
3015	2026-09-24T17:20:36.393109996Z	150751	0																			
3016	2026-09-24T17:20:36.443582611Z	150801	0																			
3017	2026-09-24T17:20:36.493106842Z	150851	0																			
3018	2026-09-24T17:20:36.543585227Z	150901	0																			
3019	2026-09-24T17:20:36.59305503Z	150951	0																			
3020	2026-09-24T17:20:36.64355441Z	151001	0																			
3021	2026-09-24T17:20:36.693049218Z	151051	0																			
3022	2026-09-24T17:20:36.743572381Z	151101	0																			
3023	2026-09-24T17:20:36.793190779Z	151151	0																			
3024	2026-09-24T17:20:36.843810912Z	151202	0																			
3025	2026-09-24T17:20:36.893352873Z	151251	0																			
3026	2026-09-24T17:20:36.943816238Z	151302	0																			
3027	2026-09-24T17:20:36.993287475Z	151351	0																			
3028	2026-09-24T17:20:37.043760613Z	151402	0																			
3029	2026-09-24T17:20:37.093285617Z	151451	0																			
3030	2026-09-24T17:20:37.143841504Z	151502	0																			
3031	2026-09-24T17:20:37.193507775Z	151551	0																			
3032	2026-09-24T17:20:37.243130973Z	151601	0																			
3033	2026-09-24T17:20:37.293660211Z	151652	0																			
3034	2026-09-24T17:20:37.343156568Z	151701	0																			
3035	2026-09-24T17:20:37.393596023Z	151751	0																			
3036	2026-09-24T17:20:37.443056541Z	151801	0																			
3037	2026-09-24T17:20:37.493539853Z	151851	0																			
3038	2026-09-24T17:20:37.543060086Z	151901	0																			
3039	2026-09-24T17:20:37.59359915Z	151951	0																			
3040	2026-09-24T17:20:37.643288207Z	152001	0																			
3041	2026-09-24T17:20:37.693951998Z	152052	0																			
3042	2026-09-24T17:20:37.743514099Z	152101	0																			
3043	2026-09-24T17:20:37.793189109Z	152151	0																			
3044	2026-09-24T17:20:37.843811489Z	152202	0																			
3045	2026-09-24T17:20:37.893359942Z	152251	0																			
3046	2026-09-24T17:20:37.943959358Z	152302	0																			
3047	2026-09-24T17:20:37.993501086Z	152351	0																			
3048	2026-09-24T17:20:38.042966138Z	152401	0																			
3049	2026-09-24T17:20:38.093440855Z	152451	0																			
3050	2026-09-24T17:20:38.143936434Z	152502	0																			
3051	2026-09-24T17:20:38.193438596Z	152551	0																			
3052	2026-09-24T17:20:38.243883276Z	152602	0																			
3053	2026-09-24T17:20:38.293355647Z	152651	0																			
3054	2026-09-24T17:20:38.343798043Z	152702	0																			
3055	2026-09-24T17:20:38.393284552Z	152751	0																			
3056	2026-09-24T17:20:38.443884124Z	152802	0																			
3057	2026-09-24T17:20:38.493444462Z	152851	0																			
3058	2026-09-24T17:20:38.543141971Z	152901	0																			
3059	2026-09-24T17:20:38.593839086Z	152952	0																			
3060	2026-09-24T17:20:38.643510815Z	153001	0																			
3061	2026-09-24T17:20:38.693054943Z	153051	0																			
3062	2026-09-24T17:20:38.743589966Z	153101	0																			
3063	2026-09-24T17:20:38.793129721Z	153151	0																			
3064	2026-09-24T17:20:38.843582529Z	153201	0																			
3065	2026-09-24T17:20:38.893102958Z	153251	0																			
3066	2026-09-24T17:20:38.943644176Z	153302	0																			
3067	2026-09-24T17:20:38.993134897Z	153351	0																			
3068	2026-09-24T17:20:39.043587726Z	153401	0																			
3069	2026-09-24T17:20:39.093079936Z	153451	0																			
3070	2026-09-24T17:20:39.143571255Z	153501	0																			
3071	2026-09-24T17:20:39.193084213Z	153551	0																			
3072	2026-09-24T17:20:39.243570717Z	153601	0																			
3073	2026-09-24T17:20:39.293054855Z	153651	0																			
3074	2026-09-24T17:20:39.343553188Z	153701	0																			
3075	2026-09-24T17:20:39.39292005Z	153751	0																			
3076	2026-09-24T17:20:39.443414418Z	153801	0																			
3077	2026-09-24T17:20:39.493894834Z	153852	0																			
3078	2026-09-24T17:20:39.543335402Z	153901	0																			
3079	2026-09-24T17:20:39.593744699Z	153952	0																			
3080	2026-09-24T17:20:39.643238247Z	154001	0																			
3081	2026-09-24T17:20:39.693671838Z	154052	0																			
3082	2026-09-24T17:20:39.743181044Z	154101	0																			
3083	2026-09-24T17:20:39.793669071Z	154152	0																			
3084	2026-09-24T17:20:39.8431328Z	154201	0																			
3085	2026-09-24T17:20:39.893593982Z	154251	0																			
3086	2026-09-24T17:20:39.943093353Z	154301	0																			
3087	2026-09-24T17:20:39.993601855Z	154352	0																			
3088	2026-09-24T17:20:40.043134671Z	154401	0																			
3089	2026-09-24T17:20:40.09366569Z	154452	0																			
3090	2026-09-24T17:20:40.143215954Z	154501	0																			
3091	2026-09-24T17:20:40.193811742Z	154552	0																			
3092	2026-09-24T17:20:40.243360453Z	154601	0																			
3093	2026-09-24T17:20:40.293971466Z	154652	0																			
3094	2026-09-24T17:20:40.343513692Z	154701	0																			
3095	2026-09-24T17:20:40.393056062Z	154751	0																			
3096	2026-09-24T17:20:40.443568487Z	154801	0																			
3097	2026-09-24T17:20:40.49304792Z	154851	0																			
3098	2026-09-24T17:20:40.543516842Z	154901	0																			
3099	2026-09-24T17:20:40.592965179Z	154951	0																			
3100	2026-09-24T17:20:40.643431622Z	155001	0																			
3101	2026-09-24T17:20:40.69387332Z	155052	0																			
3102	2026-09-24T17:20:40.743281882Z	155101	0																			
3103	2026-09-24T17:20:40.793735048Z	155152	0																			
3104	2026-09-24T17:20:40.843207719Z	155201	0																			
3105	2026-09-24T17:20:40.893641892Z	155252	0																			
3106	2026-09-24T17:20:40.943109857Z	155301	0																			
3107	2026-09-24T17:20:40.993594827Z	155351	0																			
3108	2026-09-24T17:20:41.043058183Z	155401	0																			
3109	2026-09-24T17:20:41.09356796Z	155451	0																			
3110	2026-09-24T17:20:41.143050977Z	155501	0																			
3111	2026-09-24T17:20:41.193582096Z	155551	0																			
3112	2026-09-24T17:20:41.243092332Z	155601	0																			
3113	2026-09-24T17:20:41.293600161Z	155652	0																			
3114	2026-09-24T17:20:41.343260334Z	155701	0																			
3115	2026-09-24T17:20:41.39385026Z	155752	0																			
3116	2026-09-24T17:20:41.443434668Z	155801	0																			
3117	2026-09-24T17:20:41.493048077Z	155851	0																			
3118	2026-09-24T17:20:41.543652494Z	155902	0																			
3119	2026-09-24T17:20:41.593255361Z	155951	0																			
3120	2026-09-24T17:20:41.643811043Z	156002	0																			
3121	2026-09-24T17:20:41.693283075Z	156051	0																			
3122	2026-09-24T17:20:41.743829776Z	156102	0																			
3123	2026-09-24T17:20:41.793441914Z	156151	0																			
3124	2026-09-24T17:20:41.843111454Z	156201	0																			
3125	2026-09-24T17:20:41.893746357Z	156252	0																			
3126	2026-09-24T17:20:41.943339747Z	156301	0																			
3127	2026-09-24T17:20:41.99389642Z	156352	0																			
3128	2026-09-24T17:20:42.043434504Z	156401	0																			
3129	2026-09-24T17:20:42.093892155Z	156452	0																			
3130	2026-09-24T17:20:42.143348946Z	156501	0																			
3131	2026-09-24T17:20:42.193859384Z	156552	0																			
3132	2026-09-24T17:20:42.243356647Z	156601	0																			
3133	2026-09-24T17:20:42.293877482Z	156652	0																			
3134	2026-09-24T17:20:42.343357843Z	156701	0																			
3135	2026-09-24T17:20:42.393883205Z	156752	0																			
3136	2026-09-24T17:20:42.44343265Z	156801	0																			
3137	2026-09-24T17:20:42.493971594Z	156852	0																			
3138	2026-09-24T17:20:42.543515745Z	156901	0																			
3139	2026-09-24T17:20:42.593069343Z	156951	0																			
3140	2026-09-24T17:20:42.643664275Z	157002	0																			
3141	2026-09-24T17:20:42.693222994Z	157051	0																			
3142	2026-09-24T17:20:42.743709898Z	157102	0																			
3143	2026-09-24T17:20:42.793282697Z	157151	0																			
3144	2026-09-24T17:20:42.843850299Z	157202	0																			
3145	2026-09-24T17:20:42.893402418Z	157251	0																			
3146	2026-09-24T17:20:42.943885281Z	157302	0																			
3147	2026-09-24T17:20:42.993332508Z	157351	0																			
3148	2026-09-24T17:20:43.043905005Z	157402	0																			
3149	2026-09-24T17:20:43.09335861Z	157451	0																			
3150	2026-09-24T17:20:43.143877589Z	157502	0																			
3151	2026-09-24T17:20:43.193380927Z	157551	0																			
3152	2026-09-24T17:20:43.243859458Z	157602	0																			
3153	2026-09-24T17:20:43.293363275Z	157651	0																			
3154	2026-09-24T17:20:43.343807968Z	157702	0																			
3155	2026-09-24T17:20:43.393306243Z	157751	0																			
3156	2026-09-24T17:20:43.443814239Z	157802	0																			
3157	2026-09-24T17:20:43.493307048Z	157851	0																			
3158	2026-09-24T17:20:43.543806491Z	157902	0																			
3159	2026-09-24T17:20:43.593237547Z	157951	0																			
3160	2026-09-24T17:20:43.643735777Z	158002	0																			
3161	2026-09-24T17:20:43.693148174Z	158051	0																			
3162	2026-09-24T17:20:43.743667207Z	158102	0																			
3163	2026-09-24T17:20:43.793285684Z	158151	0																			
3164	2026-09-24T17:20:43.843061133Z	158201	0																			
3165	2026-09-24T17:20:43.893733656Z	158252	0																			
3166	2026-09-24T17:20:43.943437851Z	158301	0																			
3167	2026-09-24T17:20:43.993061967Z	158351	0																			
3168	2026-09-24T17:20:44.043738518Z	158402	0																			
3169	2026-09-24T17:20:44.093448011Z	158451	0																			
3170	2026-09-24T17:20:44.143224016Z	158501	0																			
3171	2026-09-24T17:20:44.193907325Z	158552	0																			
3172	2026-09-24T17:20:44.243660041Z	158602	0																			
3173	2026-09-24T17:20:44.293378381Z	158651	0																			
3174	2026-09-24T17:20:44.343088311Z	158701	0																			
3175	2026-09-24T17:20:44.393797468Z	158752	0																			
3176	2026-09-24T17:20:44.443554841Z	158801	0																			
3177	2026-09-24T17:20:44.49328556Z	158851	0																			
3178	2026-09-24T17:20:44.5429797Z	158901	0																			
3179	2026-09-24T17:20:44.593719624Z	158952	0																			
3180	2026-09-24T17:20:44.643443505Z	159001	0																			
3181	2026-09-24T17:20:44.693154652Z	159051	0																			
3182	2026-09-24T17:20:44.743897351Z	159102	0																			
3183	2026-09-24T17:20:44.793599976Z	159152	0																			
3184	2026-09-24T17:20:44.843288499Z	159201	0																			
3185	2026-09-24T17:20:44.892946542Z	159251	0																			
3186	2026-09-24T17:20:44.94368023Z	159302	0																			
3187	2026-09-24T17:20:44.99336948Z	159351	0																			
3188	2026-09-24T17:20:45.043124599Z	159401	0																			
3189	2026-09-24T17:20:45.093875791Z	159452	0																			
3190	2026-09-24T17:20:45.143533977Z	159501	0																			
3191	2026-09-24T17:20:45.19329102Z	159551	0																			
3192	2026-09-24T17:20:45.242957259Z	159601	0																			
3193	2026-09-24T17:20:45.293670313Z	159652	0																			
3194	2026-09-24T17:20:45.343281953Z	159701	0																			
3195	2026-09-24T17:20:45.393891772Z	159752	0																			
3196	2026-09-24T17:20:45.443540728Z	159801	0																			
3197	2026-09-24T17:20:45.493209871Z	159851	0																			
3198	2026-09-24T17:20:45.543869048Z	159902	0																			
3199	2026-09-24T17:20:45.593580771Z	159951	0																			
3200	2026-09-24T17:20:45.643249594Z	160001	0																			
3201	2026-09-24T17:20:45.693525713Z	160051	0																			
3202	2026-09-24T17:20:45.743076596Z	160101	0																			
3203	2026-09-24T17:20:45.793610734Z	160152	0																			
3204	2026-09-24T17:20:45.843113711Z	160201	0																			
3205	2026-09-24T17:20:45.893592481Z	160251	0																			
3206	2026-09-24T17:20:45.943057722Z	160301	0																			
3207	2026-09-24T17:20:45.993570621Z	160351	0																			
3208	2026-09-24T17:20:46.043047902Z	160401	0																			
3209	2026-09-24T17:20:46.093590933Z	160451	0																			
3210	2026-09-24T17:20:46.143053149Z	160501	0																			
3211	2026-09-24T17:20:46.193600177Z	160552	0																			
3212	2026-09-24T17:20:46.243056669Z	160601	0																			
3213	2026-09-24T17:20:46.293520214Z	160651	0																			
3214	2026-09-24T17:20:46.343959115Z	160702	0																			
3215	2026-09-24T17:20:46.393436563Z	160751	0																			
3216	2026-09-24T17:20:46.443925503Z	160802	0																			
3217	2026-09-24T17:20:46.493407082Z	160851	0																			
3218	2026-09-24T17:20:46.543884818Z	160902	0																			
3219	2026-09-24T17:20:46.593357801Z	160951	0																			
3220	2026-09-24T17:20:46.643810515Z	161002	0																			
3221	2026-09-24T17:20:46.693283754Z	161051	0																			
3222	2026-09-24T17:20:46.743805479Z	161102	0																			
3223	2026-09-24T17:20:46.793280879Z	161151	0																			
3224	2026-09-24T17:20:46.843807558Z	161202	0																			
3225	2026-09-24T17:20:46.893284881Z	161251	0																			
3226	2026-09-24T17:20:46.943793715Z	161302	0																			
3227	2026-09-24T17:20:46.993207296Z	161351	0																			
3228	2026-09-24T17:20:47.043644559Z	161402	0																			
3229	2026-09-24T17:20:47.093099473Z	161451	0																			
3230	2026-09-24T17:20:47.143592206Z	161501	0																			
3231	2026-09-24T17:20:47.192961388Z	161551	0																			
3232	2026-09-24T17:20:47.243386167Z	161601	0																			
3233	2026-09-24T17:20:47.293886069Z	161652	0																			
3234	2026-09-24T17:20:47.343340755Z	161701	0																			
3235	2026-09-24T17:20:47.39378336Z	161752	0																			
3236	2026-09-24T17:20:47.443310199Z	161801	0																			
3237	2026-09-24T17:20:47.493834977Z	161852	0																			
3238	2026-09-24T17:20:47.543359788Z	161901	0																			
3239	2026-09-24T17:20:47.593885699Z	161952	0																			
3240	2026-09-24T17:20:47.643412795Z	162001	0																			
3241	2026-09-24T17:20:47.692941132Z	162051	0																			
3242	2026-09-24T17:20:47.7435589Z	162101	0																			
3243	2026-09-24T17:20:47.79313303Z	162151	0																			
3244	2026-09-24T17:20:47.843705031Z	162202	0																			
3245	2026-09-24T17:20:47.89322091Z	162251	0																			
3246	2026-09-24T17:20:47.943693337Z	162302	0																			
3247	2026-09-24T17:20:47.993168099Z	162351	0																			
3248	2026-09-24T17:20:48.043721969Z	162402	0																			
3249	2026-09-24T17:20:48.093209543Z	162451	0																			
3250	2026-09-24T17:20:48.143740701Z	162502	0																			
3251	2026-09-24T17:20:48.193234488Z	162551	0																			
3252	2026-09-24T17:20:48.243738213Z	162602	0																			
3253	2026-09-24T17:20:48.293205516Z	162651	0																			
3254	2026-09-24T17:20:48.343713407Z	162702	0																			
3255	2026-09-24T17:20:48.393205431Z	162751	0																			
3256	2026-09-24T17:20:48.443720488Z	162802	0																			
3257	2026-09-24T17:20:48.493139286Z	162851	0																			
3258	2026-09-24T17:20:48.543838093Z	162902	0																			
3259	2026-09-24T17:20:48.593522145Z	162951	0																			
3260	2026-09-24T17:20:48.643208688Z	163001	0																			
3261	2026-09-24T17:20:48.693822546Z	163052	0																			
3262	2026-09-24T17:20:48.743281131Z	163101	0																			
3263	2026-09-24T17:20:48.793743503Z	163152	0																			
3264	2026-09-24T17:20:48.843256441Z	163201	0																			
3265	2026-09-24T17:20:48.893744689Z	163252	0																			
3266	2026-09-24T17:20:48.943187965Z	163301	0																			
3267	2026-09-24T17:20:48.993668982Z	163352	0																			
3268	2026-09-24T17:20:49.043135932Z	163401	0																			
3269	2026-09-24T17:20:49.093648922Z	163452	0																			
3270	2026-09-24T17:20:49.143123525Z	163501	0																			
3271	2026-09-24T17:20:49.193600028Z	163552	0																			
3272	2026-09-24T17:20:49.243120167Z	163601	0																			
3273	2026-09-24T17:20:49.293625399Z	163652	0																			
3274	2026-09-24T17:20:49.343140172Z	163701	0																			
3275	2026-09-24T17:20:49.39362619Z	163752	0																			
3276	2026-09-24T17:20:49.443056317Z	163801	0																			
3277	2026-09-24T17:20:49.493565073Z	163851	0																			
3278	2026-09-24T17:20:49.54307787Z	163901	0																			
3279	2026-09-24T17:20:49.593516647Z	163951	0																			
3280	2026-09-24T17:20:49.642965165Z	164001	0																			
3281	2026-09-24T17:20:49.693442113Z	164051	0																			
3282	2026-09-24T17:20:49.743949655Z	164102	0																			
3283	2026-09-24T17:20:49.793440456Z	164151	0																			
3284	2026-09-24T17:20:49.843927725Z	164202	0																			
3285	2026-09-24T17:20:49.893439254Z	164251	0																			
3286	2026-09-24T17:20:49.942920752Z	164301	0																			
3287	2026-09-24T17:20:49.993487102Z	164351	0																			
3288	2026-09-24T17:20:50.042966054Z	164401	0																			
3289	2026-09-24T17:20:50.093517342Z	164451	0																			
3290	2026-09-24T17:20:50.143120423Z	164501	0																			
3291	2026-09-24T17:20:50.193718012Z	164552	0																			
3292	2026-09-24T17:20:50.243338467Z	164601	0																			
3293	2026-09-24T17:20:50.293952345Z	164652	0																			
3294	2026-09-24T17:20:50.34348438Z	164701	0																			
3295	2026-09-24T17:20:50.393044567Z	164751	0																			
3296	2026-09-24T17:20:50.443513298Z	164801	0																			
3297	2026-09-24T17:20:50.492961692Z	164851	0																			
3298	2026-09-24T17:20:50.543466724Z	164901	0																			
3299	2026-09-24T17:20:50.593959455Z	164952	0																			
3300	2026-09-24T17:20:50.643509224Z	165001	0																			
3301	2026-09-24T17:20:50.693061669Z	165051	0																			
3302	2026-09-24T17:20:50.743679015Z	165102	0																			
3303	2026-09-24T17:20:50.793278818Z	165151	0																			
3304	2026-09-24T17:20:50.843825069Z	165202	0																			
3305	2026-09-24T17:20:50.893355142Z	165251	0																			
3306	2026-09-24T17:20:50.943877154Z	165302	0																			
3307	2026-09-24T17:20:50.993377194Z	165351	0																			
3308	2026-09-24T17:20:51.043873559Z	165402	0																			
3309	2026-09-24T17:20:51.093394472Z	165451	0																			
3310	2026-09-24T17:20:51.143903855Z	165502	0																			
3311	2026-09-24T17:20:51.193356188Z	165551	0																			
3312	2026-09-24T17:20:51.243879519Z	165602	0																			
3313	2026-09-24T17:20:51.293390007Z	165651	0																			
3314	2026-09-24T17:20:51.34388218Z	165702	0																			
3315	2026-09-24T17:20:51.393360329Z	165751	0																			
3316	2026-09-24T17:20:51.443889298Z	165802	0																			
3317	2026-09-24T17:20:51.493350835Z	165851	0																			
3318	2026-09-24T17:20:51.543806171Z	165902	0																			
3319	2026-09-24T17:20:51.593299824Z	165951	0																			
3320	2026-09-24T17:20:51.643734866Z	166002	0																			
3321	2026-09-24T17:20:51.693230902Z	166051	0																			
3322	2026-09-24T17:20:51.743810519Z	166102	0																			
3323	2026-09-24T17:20:51.793356022Z	166151	0																			
3324	2026-09-24T17:20:51.843824417Z	166202	0																			
3325	2026-09-24T17:20:51.893283238Z	166251	0																			
3326	2026-09-24T17:20:51.943735869Z	166302	0																			
3327	2026-09-24T17:20:51.99324085Z	166351	0																			
3328	2026-09-24T17:20:52.043744127Z	166402	0																			
3329	2026-09-24T17:20:52.093206215Z	166451	0																			
3330	2026-09-24T17:20:52.14365342Z	166502	0																			
3331	2026-09-24T17:20:52.193133472Z	166551	0																			
3332	2026-09-24T17:20:52.243719469Z	166602	0																			
3333	2026-09-24T17:20:52.29322037Z	166651	0																			
3334	2026-09-24T17:20:52.343733136Z	166702	0																			
3335	2026-09-24T17:20:52.393256617Z	166751	0																			
3336	2026-09-24T17:20:52.443814428Z	166802	0																			
3337	2026-09-24T17:20:52.493379774Z	166851	0																			
3338	2026-09-24T17:20:52.543945709Z	166902	0																			
3339	2026-09-24T17:20:52.593438865Z	166951	0																			
3340	2026-09-24T17:20:52.643960248Z	167002	0																			
3341	2026-09-24T17:20:52.69344192Z	167051	0																			
3342	2026-09-24T17:20:52.74388452Z	167102	0																			
3343	2026-09-24T17:20:52.793440538Z	167151	0																			
3344	2026-09-24T17:20:52.842929882Z	167201	0																			
3345	2026-09-24T17:20:52.893485341Z	167251	0																			
3346	2026-09-24T17:20:52.943950342Z	167302	0																			
3347	2026-09-24T17:20:52.993444355Z	167351	0																			
3348	2026-09-24T17:20:53.042951049Z	167401	0																			
3349	2026-09-24T17:20:53.093519349Z	167451	0																			
3350	2026-09-24T17:20:53.143048503Z	167501	0																			
3351	2026-09-24T17:20:53.193589056Z	167551	0																			
3352	2026-09-24T17:20:53.243116307Z	167601	0																			
3353	2026-09-24T17:20:53.293635455Z	167652	0																			
3354	2026-09-24T17:20:53.343134952Z	167701	0																			
3355	2026-09-24T17:20:53.393648406Z	167752	0																			
3356	2026-09-24T17:20:53.443286536Z	167801	0																			
3357	2026-09-24T17:20:53.49394575Z	167852	0																			
3358	2026-09-24T17:20:53.543586775Z	167901	0																			
3359	2026-09-24T17:20:53.593217369Z	167951	0																			
3360	2026-09-24T17:20:53.64391967Z	168002	0																			
3361	2026-09-24T17:20:53.693611271Z	168052	0																			
3362	2026-09-24T17:20:53.743285825Z	168101	0																			
3363	2026-09-24T17:20:53.79397296Z	168152	0																			
3364	2026-09-24T17:20:53.843583115Z	168201	0																			
3365	2026-09-24T17:20:53.893133035Z	168251	0																			
3366	2026-09-24T17:20:53.94374747Z	168302	0																			
3367	2026-09-24T17:20:53.993331272Z	168351	0																			
3368	2026-09-24T17:20:54.04383526Z	168402	0																			
3369	2026-09-24T17:20:54.093314641Z	168451	0																			
3370	2026-09-24T17:20:54.143834613Z	168502	0																			
3371	2026-09-24T17:20:54.193401589Z	168551	0																			
3372	2026-09-24T17:20:54.243895733Z	168602	0																			
3373	2026-09-24T17:20:54.293440452Z	168651	0																			
3374	2026-09-24T17:20:54.343934021Z	168702	0																			
3375	2026-09-24T17:20:54.393413904Z	168751	0																			
3376	2026-09-24T17:20:54.443883616Z	168802	0																			
3377	2026-09-24T17:20:54.493440547Z	168851	0																			
3378	2026-09-24T17:20:54.542938053Z	168901	0																			
3379	2026-09-24T17:20:54.593581291Z	168951	0																			
3380	2026-09-24T17:20:54.643132323Z	169001	0																			
3381	2026-09-24T17:20:54.693732275Z	169052	0																			
3382	2026-09-24T17:20:54.74336156Z	169101	0																			
3383	2026-09-24T17:20:54.793972508Z	169152	0																			
3384	2026-09-24T17:20:54.843583578Z	169201	0																			
3385	2026-09-24T17:20:54.893136156Z	169251	0																			
3386	2026-09-24T17:20:54.943811723Z	169302	0																			
3387	2026-09-24T17:20:54.993436661Z	169351	0																			
3388	2026-09-24T17:20:55.043060476Z	169401	0																			
3389	2026-09-24T17:20:55.093657906Z	169452	0																			
3390	2026-09-24T17:20:55.14323157Z	169501	0																			
3391	2026-09-24T17:20:55.193758715Z	169552	0																			
3392	2026-09-24T17:20:55.243277826Z	169601	0																			
3393	2026-09-24T17:20:55.293800959Z	169652	0																			
3394	2026-09-24T17:20:55.343247465Z	169701	0																			
3395	2026-09-24T17:20:55.39377832Z	169752	0																			
3396	2026-09-24T17:20:55.443279938Z	169801	0																			
3397	2026-09-24T17:20:55.493742244Z	169852	0																			
3398	2026-09-24T17:20:55.543179399Z	169901	0																			
3399	2026-09-24T17:20:55.593675444Z	169952	0																			
3400	2026-09-24T17:20:55.642955351Z	170001	0																			
3401	2026-09-24T17:20:55.693121391Z	170051	0																			
3402	2026-09-24T17:20:55.743587487Z	170101	0																			
3403	2026-09-24T17:20:55.793054911Z	170151	0																			
3404	2026-09-24T17:20:55.843513284Z	170201	0																			
3405	2026-09-24T17:20:55.892949307Z	170251	0																			
3406	2026-09-24T17:20:55.943432044Z	170301	0																			
3407	2026-09-24T17:20:55.993894575Z	170352	0																			
3408	2026-09-24T17:20:56.043355919Z	170401	0																			
3409	2026-09-24T17:20:56.093850814Z	170452	0																			
3410	2026-09-24T17:20:56.14328752Z	170501	0																			
3411	2026-09-24T17:20:56.193784714Z	170552	0																			
3412	2026-09-24T17:20:56.243285906Z	170601	0																			
3413	2026-09-24T17:20:56.293743813Z	170652	0																			
3414	2026-09-24T17:20:56.343208059Z	170701	0																			
3415	2026-09-24T17:20:56.393667609Z	170752	0																			
3416	2026-09-24T17:20:56.443132806Z	170801	0																			
3417	2026-09-24T17:20:56.493518531Z	170851	0																			
3418	2026-09-24T17:20:56.542937529Z	170901	0																			
3419	2026-09-24T17:20:56.593439832Z	170951	0																			
3420	2026-09-24T17:20:56.643943584Z	171002	0																			
3421	2026-09-24T17:20:56.693494778Z	171051	0																			
3422	2026-09-24T17:20:56.743963103Z	171102	0																			
3423	2026-09-24T17:20:56.793505814Z	171151	0																			
3424	2026-09-24T17:20:56.842970676Z	171201	0																			
3425	2026-09-24T17:20:56.893442338Z	171251	0																			
3426	2026-09-24T17:20:56.943948346Z	171302	0																			
3427	2026-09-24T17:20:56.993441205Z	171351	0																			
3428	2026-09-24T17:20:57.0439727Z	171402	0																			
3429	2026-09-24T17:20:57.09349384Z	171451	0																			
3430	2026-09-24T17:20:57.142950272Z	171501	0																			
3431	2026-09-24T17:20:57.19354058Z	171551	0																			
3432	2026-09-24T17:20:57.243055811Z	171601	0																			
3433	2026-09-24T17:20:57.293525758Z	171651	0																			
3434	2026-09-24T17:20:57.343081454Z	171701	0																			
3435	2026-09-24T17:20:57.393595342Z	171751	0																			
3436	2026-09-24T17:20:57.443133972Z	171801	0																			
3437	2026-09-24T17:20:57.493643435Z	171852	0																			
3438	2026-09-24T17:20:57.543145762Z	171901	0																			
3439	2026-09-24T17:20:57.593663318Z	171952	0																			
3440	2026-09-24T17:20:57.643133724Z	172001	0																			
3441	2026-09-24T17:20:57.693625327Z	172052	0																			
3442	2026-09-24T17:20:57.743135003Z	172101	0																			
3443	2026-09-24T17:20:57.793670891Z	172152	0																			
3444	2026-09-24T17:20:57.843205897Z	172201	0																			
3445	2026-09-24T17:20:57.893669221Z	172252	0																			
3446	2026-09-24T17:20:57.943131725Z	172301	0																			
3447	2026-09-24T17:20:57.993594808Z	172351	0																			
3448	2026-09-24T17:20:58.0430578Z	172401	0																			
3449	2026-09-24T17:20:58.093621644Z	172452	0																			
3450	2026-09-24T17:20:58.143135711Z	172501	0																			
3451	2026-09-24T17:20:58.193736694Z	172552	0																			
3452	2026-09-24T17:20:58.24328165Z	172601	0																			
3453	2026-09-24T17:20:58.293835602Z	172652	0																			
3454	2026-09-24T17:20:58.343283731Z	172701	0																			
3455	2026-09-24T17:20:58.393815603Z	172752	0																			
3456	2026-09-24T17:20:58.443272381Z	172801	0																			
3457	2026-09-24T17:20:58.493750127Z	172852	0																			
3458	2026-09-24T17:20:58.54345415Z	172901	0																			
3459	2026-09-24T17:20:58.593137295Z	172951	0																			
3460	2026-09-24T17:20:58.643841586Z	173002	0																			
3461	2026-09-24T17:20:58.693336511Z	173051	0																			
3462	2026-09-24T17:20:58.743888333Z	173102	0																			
3463	2026-09-24T17:20:58.793436155Z	173151	0																			
3464	2026-09-24T17:20:58.843959749Z	173202	0																			
3465	2026-09-24T17:20:58.893412028Z	173251	0																			
3466	2026-09-24T17:20:58.943923574Z	173302	0																			
3467	2026-09-24T17:20:58.993349596Z	173351	0																			
3468	2026-09-24T17:20:59.043861303Z	173402	0																			
3469	2026-09-24T17:20:59.09337079Z	173451	0																			
3470	2026-09-24T17:20:59.143867899Z	173502	0																			
3471	2026-09-24T17:20:59.19328276Z	173551	0																			
3472	2026-09-24T17:20:59.243733082Z	173602	0																			
3473	2026-09-24T17:20:59.293213054Z	173651	0																			
3474	2026-09-24T17:20:59.343702814Z	173702	0																			
3475	2026-09-24T17:20:59.393238454Z	173751	0																			
3476	2026-09-24T17:20:59.443771653Z	173802	0																			
3477	2026-09-24T17:20:59.493283777Z	173851	0																			
3478	2026-09-24T17:20:59.543836374Z	173902	0																			
3479	2026-09-24T17:20:59.593293658Z	173951	0																			
3480	2026-09-24T17:20:59.643812504Z	174002	0																			
3481	2026-09-24T17:20:59.693383655Z	174051	0																			
3482	2026-09-24T17:20:59.742939992Z	174101	0																			
3483	2026-09-24T17:20:59.793595325Z	174151	0																			
3484	2026-09-24T17:20:59.843209625Z	174201	0																			
3485	2026-09-24T17:20:59.893670305Z	174252	0																			
3486	2026-09-24T17:20:59.943215481Z	174301	0																			
3487	2026-09-24T17:20:59.993745314Z	174352	0																			
3488	2026-09-24T17:21:00.043207943Z	174401	0																			
3489	2026-09-24T17:21:00.093670001Z	174452	0																			
3490	2026-09-24T17:21:00.143211885Z	174501	0																			
3491	2026-09-24T17:21:00.193776278Z	174552	0																			
3492	2026-09-24T17:21:00.243317162Z	174601	0																			
3493	2026-09-24T17:21:00.293821521Z	174652	0																			
3494	2026-09-24T17:21:00.343323578Z	174701	0																			
3495	2026-09-24T17:21:00.393825955Z	174752	0																			
3496	2026-09-24T17:21:00.443268108Z	174801	0																			
3497	2026-09-24T17:21:00.493745494Z	174852	0																			
3498	2026-09-24T17:21:00.543208881Z	174901	0																			
3499	2026-09-24T17:21:00.59370254Z	174952	0																			
3500	2026-09-24T17:21:00.643182441Z	175001	0																			
3501	2026-09-24T17:21:00.693596321Z	175051	0																			
3502	2026-09-24T17:21:00.7430551Z	175101	0																			
3503	2026-09-24T17:21:00.793506386Z	175151	0																			
3504	2026-09-24T17:21:00.842942664Z	175201	0																			
3505	2026-09-24T17:21:00.893504366Z	175251	0																			
3506	2026-09-24T17:21:00.942938326Z	175301	0																			
3507	2026-09-24T17:21:00.993374124Z	175351	0																			
3508	2026-09-24T17:21:01.043879801Z	175402	0																			
3509	2026-09-24T17:21:01.093385986Z	175451	0																			
3510	2026-09-24T17:21:01.143063291Z	175501	0																			
3511	2026-09-24T17:21:01.193841887Z	175552	0																			
3512	2026-09-24T17:21:01.243515616Z	175601	0																			
3513	2026-09-24T17:21:01.293164752Z	175651	0																			
3514	2026-09-24T17:21:01.343877528Z	175702	0																			
3515	2026-09-24T17:21:01.393446682Z	175751	0																			
3516	2026-09-24T17:21:01.442976976Z	175801	0																			
3517	2026-09-24T17:21:01.493439756Z	175851	0																			
3518	2026-09-24T17:21:01.542945647Z	175901	0																			
3519	2026-09-24T17:21:01.593489959Z	175951	0																			
3520	2026-09-24T17:21:01.64304909Z	176001	0																			
3521	2026-09-24T17:21:01.693594098Z	176051	0																			
3522	2026-09-24T17:21:01.743175132Z	176101	0																			
3523	2026-09-24T17:21:01.793823469Z	176152	0																			
3524	2026-09-24T17:21:01.843512077Z	176201	0																			
3525	2026-09-24T17:21:01.893133725Z	176251	0																			
3526	2026-09-24T17:21:01.94373775Z	176302	0																			
3527	2026-09-24T17:21:01.993208402Z	176351	0																			
3528	2026-09-24T17:21:02.043821927Z	176402	0																			
3529	2026-09-24T17:21:02.093393523Z	176451	0																			
3530	2026-09-24T17:21:02.143095129Z	176501	0																			
3531	2026-09-24T17:21:02.193798491Z	176552	0																			
3532	2026-09-24T17:21:02.243458565Z	176601	0																			
3533	2026-09-24T17:21:02.293056144Z	176651	0																			
3534	2026-09-24T17:21:02.343561883Z	176701	0																			
3535	2026-09-24T17:21:02.393054932Z	176751	0																			
3536	2026-09-24T17:21:02.443503584Z	176801	0																			
3537	2026-09-24T17:21:02.493945187Z	176852	0																			
3538	2026-09-24T17:21:02.543358602Z	176901	0																			
3539	2026-09-24T17:21:02.593850631Z	176952	0																			
3540	2026-09-24T17:21:02.64333604Z	177001	0																			
3541	2026-09-24T17:21:02.693857548Z	177052	0																			
3542	2026-09-24T17:21:02.743358694Z	177101	0																			
3543	2026-09-24T17:21:02.793803165Z	177152	0																			
3544	2026-09-24T17:21:02.843311381Z	177201	0																			
3545	2026-09-24T17:21:02.893812641Z	177252	0																			
3546	2026-09-24T17:21:02.943208892Z	177301	0																			
3547	2026-09-24T17:21:02.993669284Z	177352	0																			
3548	2026-09-24T17:21:03.043118335Z	177401	0																			
3549	2026-09-24T17:21:03.093593929Z	177451	0																			
3550	2026-09-24T17:21:03.143114687Z	177501	0																			
3551	2026-09-24T17:21:03.193643926Z	177552	0																			
3552	2026-09-24T17:21:03.24312969Z	177601	0																			
3553	2026-09-24T17:21:03.293580995Z	177651	0																			
3554	2026-09-24T17:21:03.342964199Z	177701	0																			
3555	2026-09-24T17:21:03.393505425Z	177751	0																			
3556	2026-09-24T17:21:03.442971808Z	177801	0																			
3557	2026-09-24T17:21:03.493406683Z	177851	0																			
3558	2026-09-24T17:21:03.543885705Z	177902	0																			
3559	2026-09-24T17:21:03.593324256Z	177951	0																			
3560	2026-09-24T17:21:03.64381248Z	178002	0																			
3561	2026-09-24T17:21:03.693283034Z	178051	0																			
3562	2026-09-24T17:21:03.743732977Z	178102	0																			
3563	2026-09-24T17:21:03.793130138Z	178151	0																			
3564	2026-09-24T17:21:03.843581743Z	178201	0																			
3565	2026-09-24T17:21:03.892970141Z	178251	0																			
3566	2026-09-24T17:21:03.943460961Z	178301	0																			
3567	2026-09-24T17:21:03.993949898Z	178352	0																			
3568	2026-09-24T17:21:04.043431834Z	178401	0																			
3569	2026-09-24T17:21:04.093928539Z	178452	0																			
3570	2026-09-24T17:21:04.143370127Z	178501	0																			
3571	2026-09-24T17:21:04.19382665Z	178552	0																			
3572	2026-09-24T17:21:04.243344517Z	178601	0																			
3573	2026-09-24T17:21:04.293821611Z	178652	0																			
3574	2026-09-24T17:21:04.343358843Z	178701	0																			
3575	2026-09-24T17:21:04.393891851Z	178752	0																			
3576	2026-09-24T17:21:04.443343281Z	178801	0																			
3577	2026-09-24T17:21:04.49381923Z	178852	0																			
3578	2026-09-24T17:21:04.543360854Z	178901	0																			
3579	2026-09-24T17:21:04.593894774Z	178952	0																			
3580	2026-09-24T17:21:04.643351896Z	179001	0																			
3581	2026-09-24T17:21:04.693796089Z	179052	0																			
3582	2026-09-24T17:21:04.743282995Z	179101	0																			
3583	2026-09-24T17:21:04.793746171Z	179152	0																			
3584	2026-09-24T17:21:04.843258737Z	179201	0																			
3585	2026-09-24T17:21:04.893745035Z	179252	0																			
3586	2026-09-24T17:21:04.943259085Z	179301	0																			
3587	2026-09-24T17:21:04.993744994Z	179352	0																			
3588	2026-09-24T17:21:05.043208789Z	179401	0																			
3589	2026-09-24T17:21:05.093703236Z	179452	0																			
3590	2026-09-24T17:21:05.143212144Z	179501	0																			
3591	2026-09-24T17:21:05.193671116Z	179552	0																			
3592	2026-09-24T17:21:05.243206518Z	179601	0																			
3593	2026-09-24T17:21:05.293651964Z	179652	0																			
3594	2026-09-24T17:21:05.343130512Z	179701	0																			
3595	2026-09-24T17:21:05.393619643Z	179752	0																			
3596	2026-09-24T17:21:05.443047257Z	179801	0																			
3597	2026-09-24T17:21:05.493518033Z	179851	0																			
3598	2026-09-24T17:21:05.54294758Z	179901	0																			
3599	2026-09-24T17:21:05.593439478Z	179951	0																			
3600	2026-09-24T17:21:05.643931608Z	180002	0																			
3601	2026-09-24T17:21:05.693101416Z	180051	0																			
3602	2026-09-24T17:21:05.743614746Z	180102	0																			
3603	2026-09-24T17:21:05.793041985Z	180151	0																			
3604	2026-09-24T17:21:05.843561558Z	180201	0																			
3605	2026-09-24T17:21:05.892933636Z	180251	0																			
3606	2026-09-24T17:21:05.943412441Z	180301	0																			
3607	2026-09-24T17:21:05.99381968Z	180352	0																			
3608	2026-09-24T17:21:06.043283466Z	180401	0																			
3609	2026-09-24T17:21:06.093749082Z	180452	0																			
3610	2026-09-24T17:21:06.143226457Z	180501	0																			
3611	2026-09-24T17:21:06.193839717Z	180552	0																			
3612	2026-09-24T17:21:06.243517018Z	180601	0																			
3613	2026-09-24T17:21:06.293219894Z	180651	0																			
3614	2026-09-24T17:21:06.343945375Z	180702	0																			
3615	2026-09-24T17:21:06.393663357Z	180752	0																			
3616	2026-09-24T17:21:06.443408657Z	180801	0																			
3617	2026-09-24T17:21:06.493160295Z	180851	0																			
3618	2026-09-24T17:21:06.543892308Z	180902	0																			
3619	2026-09-24T17:21:06.593600644Z	180952	0																			
3620	2026-09-24T17:21:06.643289198Z	181001	0																			
3621	2026-09-24T17:21:06.692955369Z	181051	0																			
3622	2026-09-24T17:21:06.743706504Z	181102	0																			
3623	2026-09-24T17:21:06.793445711Z	181151	0																			
3624	2026-09-24T17:21:06.843140762Z	181201	0																			
3625	2026-09-24T17:21:06.893824691Z	181252	0																			
3626	2026-09-24T17:21:06.943517338Z	181301	0																			
3627	2026-09-24T17:21:06.993224256Z	181351	0																			
3628	2026-09-24T17:21:07.043975034Z	181402	0																			
3629	2026-09-24T17:21:07.093676507Z	181452	0																			
3630	2026-09-24T17:21:07.143354105Z	181501	0																			
3631	2026-09-24T17:21:07.193049435Z	181551	0																			
3632	2026-09-24T17:21:07.24380823Z	181602	0																			
3633	2026-09-24T17:21:07.293489591Z	181651	0																			
3634	2026-09-24T17:21:07.343185332Z	181701	0																			
3635	2026-09-24T17:21:07.393722673Z	181752	0																			
3636	2026-09-24T17:21:07.443282875Z	181801	0																			
3637	2026-09-24T17:21:07.493843675Z	181852	0																			
3638	2026-09-24T17:21:07.543402087Z	181901	0																			
3639	2026-09-24T17:21:07.593924892Z	181952	0																			
3640	2026-09-24T17:21:07.643508855Z	182001	0																			
3641	2026-09-24T17:21:07.693087794Z	182051	0																			
3642	2026-09-24T17:21:07.743663132Z	182102	0																			
3643	2026-09-24T17:21:07.793195349Z	182151	0																			
3644	2026-09-24T17:21:07.843733196Z	182202	0																			
3645	2026-09-24T17:21:07.893281967Z	182251	0																			
3646	2026-09-24T17:21:07.943810399Z	182302	0																			
3647	2026-09-24T17:21:07.993283063Z	182351	0																			
3648	2026-09-24T17:21:08.043832245Z	182402	0																			
3649	2026-09-24T17:21:08.093360752Z	182451	0																			
3650	2026-09-24T17:21:08.143954471Z	182502	0																			
3651	2026-09-24T17:21:08.193593934Z	182551	0																			
3652	2026-09-24T17:21:08.243208169Z	182601	0																			
3653	2026-09-24T17:21:08.293803543Z	182652	0																			
3654	2026-09-24T17:21:08.343413714Z	182701	0																			
3655	2026-09-24T17:21:08.392937223Z	182751	0																			
3656	2026-09-24T17:21:08.443568179Z	182801	0																			
3657	2026-09-24T17:21:08.493136558Z	182851	0																			
3658	2026-09-24T17:21:08.543803958Z	182902	0																			
3659	2026-09-24T17:21:08.593545697Z	182951	0																			
3660	2026-09-24T17:21:08.643209746Z	183001	0																			
3661	2026-09-24T17:21:08.693864422Z	183052	0																			
3662	2026-09-24T17:21:08.743432678Z	183101	0																			
3663	2026-09-24T17:21:08.792955682Z	183151	0																			
3664	2026-09-24T17:21:08.843494788Z	183201	0																			
3665	2026-09-24T17:21:08.89396917Z	183252	0																			
3666	2026-09-24T17:21:08.943507027Z	183301	0																			
3667	2026-09-24T17:21:08.993043701Z	183351	0																			
3668	2026-09-24T17:21:09.043657151Z	183402	0																			
3669	2026-09-24T17:21:09.093284465Z	183451	0																			
3670	2026-09-24T17:21:09.143904516Z	183502	0																			
3671	2026-09-24T17:21:09.193440764Z	183551	0																			
3672	2026-09-24T17:21:09.242931898Z	183601	0																			
3673	2026-09-24T17:21:09.293447593Z	183651	0																			
3674	2026-09-24T17:21:09.343881956Z	183702	0																			
3675	2026-09-24T17:21:09.393411343Z	183751	0																			
3676	2026-09-24T17:21:09.44292244Z	183801	0																			
3677	2026-09-24T17:21:09.493436947Z	183851	0																			
3678	2026-09-24T17:21:09.543885657Z	183902	0																			
3679	2026-09-24T17:21:09.593406587Z	183951	0																			
3680	2026-09-24T17:21:09.643903741Z	184002	0																			
3681	2026-09-24T17:21:09.693349889Z	184051	0																			
3682	2026-09-24T17:21:09.743806375Z	184102	0																			
3683	2026-09-24T17:21:09.793208172Z	184151	0																			
3684	2026-09-24T17:21:09.843700847Z	184202	0																			
3685	2026-09-24T17:21:09.893428374Z	184251	0																			
3686	2026-09-24T17:21:09.943121791Z	184301	0																			
3687	2026-09-24T17:21:09.993816653Z	184352	0																			
3688	2026-09-24T17:21:10.043514918Z	184401	0																			
3689	2026-09-24T17:21:10.093210067Z	184451	0																			
3690	2026-09-24T17:21:10.143929281Z	184502	0																			
3691	2026-09-24T17:21:10.193550822Z	184551	0																			
3692	2026-09-24T17:21:10.243273925Z	184601	0																			
3693	2026-09-24T17:21:10.293893077Z	184652	0																			
3694	2026-09-24T17:21:10.343478332Z	184701	0																			
3695	2026-09-24T17:21:10.393122624Z	184751	0																			
3696	2026-09-24T17:21:10.443759339Z	184802	0																			
3697	2026-09-24T17:21:10.493359622Z	184851	0																			
3698	2026-09-24T17:21:10.543961964Z	184902	0																			
3699	2026-09-24T17:21:10.593516353Z	184951	0																			
3700	2026-09-24T17:21:10.643041185Z	185001	0																			
3701	2026-09-24T17:21:10.693591224Z	185051	0																			
3702	2026-09-24T17:21:10.743210839Z	185101	0																			
3703	2026-09-24T17:21:10.793743671Z	185152	0																			
3704	2026-09-24T17:21:10.843281883Z	185201	0																			
3705	2026-09-24T17:21:10.893750126Z	185252	0																			
3706	2026-09-24T17:21:10.943273488Z	185301	0																			
3707	2026-09-24T17:21:10.993741438Z	185352	0																			
3708	2026-09-24T17:21:11.043243554Z	185401	0																			
3709	2026-09-24T17:21:11.093671833Z	185452	0																			
3710	2026-09-24T17:21:11.143060213Z	185501	0																			
3711	2026-09-24T17:21:11.193511233Z	185551	0																			
3712	2026-09-24T17:21:11.242966541Z	185601	0																			
3713	2026-09-24T17:21:11.293356076Z	185651	0																			
3714	2026-09-24T17:21:11.343843481Z	185702	0																			
3715	2026-09-24T17:21:11.393280223Z	185751	0																			
3716	2026-09-24T17:21:11.443800564Z	185802	0																			
3717	2026-09-24T17:21:11.493283236Z	185851	0																			
3718	2026-09-24T17:21:11.543814094Z	185902	0																			
3719	2026-09-24T17:21:11.593359339Z	185951	0																			
3720	2026-09-24T17:21:11.643909854Z	186002	0																			
3721	2026-09-24T17:21:11.693436517Z	186051	0																			
3722	2026-09-24T17:21:11.74294578Z	186101	0																			
3723	2026-09-24T17:21:11.793530319Z	186151	0																			
3724	2026-09-24T17:21:11.84307122Z	186201	0																			
3725	2026-09-24T17:21:11.893598457Z	186251	0																			
3726	2026-09-24T17:21:11.94314956Z	186301	0																			
3727	2026-09-24T17:21:11.993652834Z	186352	0																			
3728	2026-09-24T17:21:12.043104421Z	186401	0																			
3729	2026-09-24T17:21:12.093518825Z	186451	0																			
3730	2026-09-24T17:21:12.142973274Z	186501	0																			
3731	2026-09-24T17:21:12.193492063Z	186551	0																			
3732	2026-09-24T17:21:12.242938101Z	186601	0																			
3733	2026-09-24T17:21:12.293440055Z	186651	0																			
3734	2026-09-24T17:21:12.343870513Z	186702	0																			
3735	2026-09-24T17:21:12.393371908Z	186751	0																			
3736	2026-09-24T17:21:12.443868527Z	186802	0																			
3737	2026-09-24T17:21:12.493294433Z	186851	0																			
3738	2026-09-24T17:21:12.543811033Z	186902	0																			
3739	2026-09-24T17:21:12.593205833Z	186951	0																			
3740	2026-09-24T17:21:12.643732407Z	187002	0																			
3741	2026-09-24T17:21:12.693240888Z	187051	0																			
3742	2026-09-24T17:21:12.743657425Z	187102	0																			
3743	2026-09-24T17:21:12.793132849Z	187151	0																			
3744	2026-09-24T17:21:12.843643514Z	187202	0																			
3745	2026-09-24T17:21:12.893133626Z	187251	0																			
3746	2026-09-24T17:21:12.943622152Z	187302	0																			
3747	2026-09-24T17:21:12.993111291Z	187351	0																			
3748	2026-09-24T17:21:13.043666185Z	187402	0																			
3749	2026-09-24T17:21:13.093196362Z	187451	0																			
3750	2026-09-24T17:21:13.143739804Z	187502	0																			
3751	2026-09-24T17:21:13.193295915Z	187551	0																			
3752	2026-09-24T17:21:13.243885006Z	187602	0																			
3753	2026-09-24T17:21:13.293441444Z	187651	0																			
3754	2026-09-24T17:21:13.343883378Z	187702	0																			
3755	2026-09-24T17:21:13.393352904Z	187751	0																			
3756	2026-09-24T17:21:13.443808035Z	187802	0																			
3757	2026-09-24T17:21:13.493301763Z	187851	0																			
3758	2026-09-24T17:21:13.543832464Z	187902	0																			
3759	2026-09-24T17:21:13.593263933Z	187951	0																			
3760	2026-09-24T17:21:13.643778279Z	188002	0																			
3761	2026-09-24T17:21:13.693261258Z	188051	0																			
3762	2026-09-24T17:21:13.743732237Z	188102	0																			
3763	2026-09-24T17:21:13.793205055Z	188151	0																			
3764	2026-09-24T17:21:13.84365577Z	188202	0																			
3765	2026-09-24T17:21:13.893171277Z	188251	0																			
3766	2026-09-24T17:21:13.943659131Z	188302	0																			
3767	2026-09-24T17:21:13.993207234Z	188351	0																			
3768	2026-09-24T17:21:14.043809455Z	188402	0																			
3769	2026-09-24T17:21:14.093413745Z	188451	0																			
3770	2026-09-24T17:21:14.143062349Z	188501	0																			
3771	2026-09-24T17:21:14.193762198Z	188552	0																			
3772	2026-09-24T17:21:14.243438416Z	188601	0																			
3773	2026-09-24T17:21:14.293138222Z	188651	0																			
3774	2026-09-24T17:21:14.343875186Z	188702	0																			
3775	2026-09-24T17:21:14.393598408Z	188751	0																			
3776	2026-09-24T17:21:14.443288712Z	188801	0																			
3777	2026-09-24T17:21:14.492939598Z	188851	0																			
3778	2026-09-24T17:21:14.543632802Z	188902	0																			
3779	2026-09-24T17:21:14.593350396Z	188951	0																			
3780	2026-09-24T17:21:14.643114391Z	189001	0																			
3781	2026-09-24T17:21:14.693815728Z	189052	0																			
3782	2026-09-24T17:21:14.743516384Z	189101	0																			
3783	2026-09-24T17:21:14.79324514Z	189151	0																			
3784	2026-09-24T17:21:14.842959295Z	189201	0																			
3785	2026-09-24T17:21:14.89367412Z	189252	0																			
3786	2026-09-24T17:21:14.943375165Z	189301	0																			
3787	2026-09-24T17:21:14.992948194Z	189351	0																			
3788	2026-09-24T17:21:15.043625404Z	189402	0																			
3789	2026-09-24T17:21:15.09313739Z	189451	0																			
3790	2026-09-24T17:21:15.143761176Z	189502	0																			
3791	2026-09-24T17:21:15.193440321Z	189551	0																			
3792	2026-09-24T17:21:15.243058519Z	189601	0																			
3793	2026-09-24T17:21:15.293578753Z	189651	0																			
3794	2026-09-24T17:21:15.343042013Z	189701	0																			
3795	2026-09-24T17:21:15.393515894Z	189751	0																			
3796	2026-09-24T17:21:15.443967694Z	189802	0																			
3797	2026-09-24T17:21:15.493439767Z	189851	0																			
3798	2026-09-24T17:21:15.543883438Z	189902	0																			
3799	2026-09-24T17:21:15.593389049Z	189951	0																			
3800	2026-09-24T17:21:15.643921772Z	190002	0																			
3801	2026-09-24T17:21:15.693130822Z	190051	0																			
3802	2026-09-24T17:21:15.743584713Z	190101	0																			
3803	2026-09-24T17:21:15.793142517Z	190151	0																			
3804	2026-09-24T17:21:15.84366427Z	190202	0																			
3805	2026-09-24T17:21:15.893189662Z	190251	0																			
3806	2026-09-24T17:21:15.943790956Z	190302	0																			
3807	2026-09-24T17:21:15.9934387Z	190351	0																			
3808	2026-09-24T17:21:16.043058204Z	190401	0																			
3809	2026-09-24T17:21:16.093588311Z	190451	0																			
3810	2026-09-24T17:21:16.14312988Z	190501	0																			
3811	2026-09-24T17:21:16.193650865Z	190552	0																			
3812	2026-09-24T17:21:16.243125637Z	190601	0																			
3813	2026-09-24T17:21:16.293748758Z	190652	0																			
3814	2026-09-24T17:21:16.343376483Z	190701	0																			
3815	2026-09-24T17:21:16.393043215Z	190751	0																			
3816	2026-09-24T17:21:16.443736047Z	190802	0																			
3817	2026-09-24T17:21:16.49331085Z	190851	0																			
3818	2026-09-24T17:21:16.543876971Z	190902	0																			
3819	2026-09-24T17:21:16.593404116Z	190951	0																			
3820	2026-09-24T17:21:16.643959641Z	191002	0																			
3821	2026-09-24T17:21:16.693571507Z	191051	0																			
3822	2026-09-24T17:21:16.743192901Z	191101	0																			
3823	2026-09-24T17:21:16.793797213Z	191152	0																			
3824	2026-09-24T17:21:16.843504169Z	191201	0																			
3825	2026-09-24T17:21:16.893184Z	191251	0																			
3826	2026-09-24T17:21:16.943865057Z	191302	0																			
3827	2026-09-24T17:21:16.993514654Z	191351	0																			
3828	2026-09-24T17:21:17.043218297Z	191401	0																			
3829	2026-09-24T17:21:17.093902896Z	191452	0																			
3830	2026-09-24T17:21:17.143572569Z	191501	0																			
3831	2026-09-24T17:21:17.193278096Z	191551	0																			
3832	2026-09-24T17:21:17.243054851Z	191601	0																			
3833	2026-09-24T17:21:17.293813666Z	191652	0																			
3834	2026-09-24T17:21:17.343537455Z	191701	0																			
3835	2026-09-24T17:21:17.393269554Z	191751	0																			
3836	2026-09-24T17:21:17.44296348Z	191801	0																			
3837	2026-09-24T17:21:17.493674968Z	191852	0																			
3838	2026-09-24T17:21:17.543418595Z	191901	0																			
3839	2026-09-24T17:21:17.593090048Z	191951	0																			
3840	2026-09-24T17:21:17.643805915Z	192002	0																			
3841	2026-09-24T17:21:17.693443982Z	192051	0																			
3842	2026-09-24T17:21:17.743123145Z	192101	0																			
3843	2026-09-24T17:21:17.793862152Z	192152	0																			
3844	2026-09-24T17:21:17.843583233Z	192201	0																			
3845	2026-09-24T17:21:17.893249546Z	192251	0																			
3846	2026-09-24T17:21:17.943954485Z	192302	0																			
3847	2026-09-24T17:21:17.993596496Z	192351	0																			
3848	2026-09-24T17:21:18.043208225Z	192401	0																			
3849	2026-09-24T17:21:18.093837018Z	192452	0																			
3850	2026-09-24T17:21:18.143432687Z	192501	0																			
3851	2026-09-24T17:21:18.193055137Z	192551	0																			
3852	2026-09-24T17:21:18.243582141Z	192601	0																			
3853	2026-09-24T17:21:18.293133306Z	192651	0																			
3854	2026-09-24T17:21:18.343583794Z	192701	0																			
3855	2026-09-24T17:21:18.393057165Z	192751	0																			
3856	2026-09-24T17:21:18.443586501Z	192801	0																			
3857	2026-09-24T17:21:18.493113637Z	192851	0																			
3858	2026-09-24T17:21:18.543822975Z	192902	0																			
3859	2026-09-24T17:21:18.5935061Z	192951	0																			
3860	2026-09-24T17:21:18.643198955Z	193001	0																			
3861	2026-09-24T17:21:18.693799959Z	193052	0																			
3862	2026-09-24T17:21:18.743357921Z	193101	0																			
3863	2026-09-24T17:21:18.793951892Z	193152	0																			
3864	2026-09-24T17:21:18.843499348Z	193201	0																			
3865	2026-09-24T17:21:18.893035948Z	193251	0																			
3866	2026-09-24T17:21:18.943578505Z	193301	0																			
3867	2026-09-24T17:21:18.992976602Z	193351	0																			
3868	2026-09-24T17:21:19.043481833Z	193401	0																			
3869	2026-09-24T17:21:19.093059058Z	193451	0																			
3870	2026-09-24T17:21:19.1436023Z	193502	0																			
3871	2026-09-24T17:21:19.193158392Z	193551	0																			
3872	2026-09-24T17:21:19.243656677Z	193602	0																			
3873	2026-09-24T17:21:19.29313039Z	193651	0																			
3874	2026-09-24T17:21:19.343643555Z	193702	0																			
3875	2026-09-24T17:21:19.393055484Z	193751	0																			
3876	2026-09-24T17:21:19.443507254Z	193801	0																			
3877	2026-09-24T17:21:19.493893723Z	193852	0																			
3878	2026-09-24T17:21:19.543390593Z	193901	0																			
3879	2026-09-24T17:21:19.593875897Z	193952	0																			
3880	2026-09-24T17:21:19.643356585Z	194001	0																			
3881	2026-09-24T17:21:19.693798653Z	194052	0																			
3882	2026-09-24T17:21:19.743205709Z	194101	0																			
3883	2026-09-24T17:21:19.793706177Z	194152	0																			
3884	2026-09-24T17:21:19.843193869Z	194201	0																			
3885	2026-09-24T17:21:19.893594921Z	194251	0																			
3886	2026-09-24T17:21:19.943039279Z	194301	0																			
3887	2026-09-24T17:21:19.993519768Z	194351	0																			
3888	2026-09-24T17:21:20.042975397Z	194401	0																			
3889	2026-09-24T17:21:20.093439029Z	194451	0																			
3890	2026-09-24T17:21:20.143923445Z	194502	0																			
3891	2026-09-24T17:21:20.193439599Z	194551	0																			
3892	2026-09-24T17:21:20.242922722Z	194601	0																			
3893	2026-09-24T17:21:20.293440279Z	194651	0																			
3894	2026-09-24T17:21:20.343887387Z	194702	0																			
3895	2026-09-24T17:21:20.393381647Z	194751	0																			
3896	2026-09-24T17:21:20.443883723Z	194802	0																			
3897	2026-09-24T17:21:20.493355577Z	194851	0																			
3898	2026-09-24T17:21:20.543855414Z	194902	0																			
3899	2026-09-24T17:21:20.593280029Z	194951	0																			
3900	2026-09-24T17:21:20.643789095Z	195002	0																			
3901	2026-09-24T17:21:20.693288622Z	195051	0																			
3902	2026-09-24T17:21:20.743808721Z	195102	0																			
3903	2026-09-24T17:21:20.793206257Z	195151	0																			
3904	2026-09-24T17:21:20.843736218Z	195202	0																			
3905	2026-09-24T17:21:20.893170016Z	195251	0																			
3906	2026-09-24T17:21:20.943656758Z	195302	0																			
3907	2026-09-24T17:21:20.993082092Z	195351	0																			
3908	2026-09-24T17:21:21.04356718Z	195401	0																			
3909	2026-09-24T17:21:21.092949918Z	195451	0																			
3910	2026-09-24T17:21:21.143674401Z	195502	0																			
3911	2026-09-24T17:21:21.193447294Z	195551	0																			
3912	2026-09-24T17:21:21.24323244Z	195601	0																			
3913	2026-09-24T17:21:21.293955037Z	195652	0																			
3914	2026-09-24T17:21:21.343666901Z	195702	0																			
3915	2026-09-24T17:21:21.39337758Z	195751	0																			
3916	2026-09-24T17:21:21.443140615Z	195801	0																			
3917	2026-09-24T17:21:21.493802138Z	195852	0																			
3918	2026-09-24T17:21:21.543465664Z	195901	0																			
3919	2026-09-24T17:21:21.593187004Z	195951	0																			
3920	2026-09-24T17:21:21.643908599Z	196002	0																			
3921	2026-09-24T17:21:21.693629629Z	196052	0																			
3922	2026-09-24T17:21:21.7432853Z	196101	0																			
3923	2026-09-24T17:21:21.793975748Z	196152	0																			
3924	2026-09-24T17:21:21.843584262Z	196201	0																			
3925	2026-09-24T17:21:21.893212258Z	196251	0																			
3926	2026-09-24T17:21:21.943811403Z	196302	0																			
3927	2026-09-24T17:21:21.993355932Z	196351	0																			
3928	2026-09-24T17:21:22.043896583Z	196402	0																			
3929	2026-09-24T17:21:22.093520365Z	196451	0																			
3930	2026-09-24T17:21:22.143127919Z	196501	0																			
3931	2026-09-24T17:21:22.193737491Z	196552	0																			
3932	2026-09-24T17:21:22.243357346Z	196601	0																			
3933	2026-09-24T17:21:22.293817723Z	196652	0																			
3934	2026-09-24T17:21:22.343338056Z	196701	0																			
3935	2026-09-24T17:21:22.393840674Z	196752	0																			
3936	2026-09-24T17:21:22.443362031Z	196801	0																			
3937	2026-09-24T17:21:22.493820272Z	196852	0																			
3938	2026-09-24T17:21:22.543318421Z	196901	0																			
3939	2026-09-24T17:21:22.593743426Z	196952	0																			
3940	2026-09-24T17:21:22.643237247Z	197001	0																			
3941	2026-09-24T17:21:22.693733312Z	197052	0																			
3942	2026-09-24T17:21:22.743262747Z	197101	0																			
3943	2026-09-24T17:21:22.793821372Z	197152	0																			
3944	2026-09-24T17:21:22.843406918Z	197201	0																			
3945	2026-09-24T17:21:22.892917105Z	197251	0																			
3946	2026-09-24T17:21:22.943447543Z	197301	0																			
3947	2026-09-24T17:21:22.992939688Z	197351	0																			
3948	2026-09-24T17:21:23.043503914Z	197401	0																			
3949	2026-09-24T17:21:23.093055695Z	197451	0																			
3950	2026-09-24T17:21:23.143589361Z	197501	0																			
3951	2026-09-24T17:21:23.193108044Z	197551	0																			
3952	2026-09-24T17:21:23.243668101Z	197602	0																			
3953	2026-09-24T17:21:23.29313256Z	197651	0																			
3954	2026-09-24T17:21:23.343650748Z	197702	0																			
3955	2026-09-24T17:21:23.393139237Z	197751	0																			
3956	2026-09-24T17:21:23.443658956Z	197802	0																			
3957	2026-09-24T17:21:23.493210222Z	197851	0																			
3958	2026-09-24T17:21:23.543702624Z	197902	0																			
3959	2026-09-24T17:21:23.593133867Z	197951	0																			
3960	2026-09-24T17:21:23.64366525Z	198002	0																			
3961	2026-09-24T17:21:23.693212805Z	198051	0																			
3962	2026-09-24T17:21:23.743809391Z	198102	0																			
3963	2026-09-24T17:21:23.79335677Z	198151	0																			
3964	2026-09-24T17:21:23.843909402Z	198202	0																			
3965	2026-09-24T17:21:23.893520181Z	198251	0																			
3966	2026-09-24T17:21:23.943053591Z	198301	0																			
3967	2026-09-24T17:21:23.993659302Z	198352	0																			
3968	2026-09-24T17:21:24.043200782Z	198401	0																			
3969	2026-09-24T17:21:24.093734229Z	198452	0																			
3970	2026-09-24T17:21:24.143262056Z	198501	0																			
3971	2026-09-24T17:21:24.193780548Z	198552	0																			
3972	2026-09-24T17:21:24.243283419Z	198601	0																			
3973	2026-09-24T17:21:24.293778114Z	198652	0																			
3974	2026-09-24T17:21:24.343266099Z	198701	0																			
3975	2026-09-24T17:21:24.393750473Z	198752	0																			
3976	2026-09-24T17:21:24.443205955Z	198801	0																			
3977	2026-09-24T17:21:24.493700886Z	198852	0																			
3978	2026-09-24T17:21:24.543184128Z	198901	0																			
3979	2026-09-24T17:21:24.593592267Z	198951	0																			
3980	2026-09-24T17:21:24.643086008Z	199001	0																			
3981	2026-09-24T17:21:24.693575742Z	199051	0																			
3982	2026-09-24T17:21:24.742947086Z	199101	0																			
3983	2026-09-24T17:21:24.793437431Z	199151	0																			
3984	2026-09-24T17:21:24.843863879Z	199202	0																			
3985	2026-09-24T17:21:24.893280871Z	199251	0																			
3986	2026-09-24T17:21:24.943795585Z	199302	0																			
3987	2026-09-24T17:21:24.993273094Z	199351	0																			
3988	2026-09-24T17:21:25.043720387Z	199402	0																			
3989	2026-09-24T17:21:25.093221487Z	199451	0																			
3990	2026-09-24T17:21:25.143723776Z	199502	0																			
3991	2026-09-24T17:21:25.193141624Z	199551	0																			
3992	2026-09-24T17:21:25.243594753Z	199601	0																			
3993	2026-09-24T17:21:25.292962527Z	199651	0																			
3994	2026-09-24T17:21:25.343391277Z	199701	0																			
3995	2026-09-24T17:21:25.393903487Z	199752	0																			
3996	2026-09-24T17:21:25.443340122Z	199801	0																			
3997	2026-09-24T17:21:25.493851669Z	199852	0																			
3998	2026-09-24T17:21:25.543271346Z	199901	0																			
3999	2026-09-24T17:21:25.593751741Z	199952	0																			
4000	2026-09-24T17:21:25.643166421Z	200001	0																			
4001	2026-09-24T17:21:25.693272381Z	200051	0																			
4002	2026-09-24T17:21:25.743734864Z	200102	0																			
4003	2026-09-24T17:21:25.793240401Z	200151	0																			
4004	2026-09-24T17:21:25.84380489Z	200202	0																			
4005	2026-09-24T17:21:25.893351627Z	200251	0																			
4006	2026-09-24T17:21:25.943872895Z	200302	0																			
4007	2026-09-24T17:21:25.993358693Z	200351	0																			
4008	2026-09-24T17:21:26.043938298Z	200402	0																			
4009	2026-09-24T17:21:26.093521964Z	200451	0																			
4010	2026-09-24T17:21:26.14306873Z	200501	0																			
4011	2026-09-24T17:21:26.193594946Z	200551	0																			
4012	2026-09-24T17:21:26.243223405Z	200601	0																			
4013	2026-09-24T17:21:26.293727501Z	200652	0																			
4014	2026-09-24T17:21:26.343312319Z	200701	0																			
4015	2026-09-24T17:21:26.393822534Z	200752	0																			
4016	2026-09-24T17:21:26.443358833Z	200801	0																			
4017	2026-09-24T17:21:26.493908025Z	200852	0																			
4018	2026-09-24T17:21:26.543434382Z	200901	0																			
4019	2026-09-24T17:21:26.593898828Z	200952	0																			
4020	2026-09-24T17:21:26.643403747Z	201001	0																			
4021	2026-09-24T17:21:26.693896415Z	201052	0																			
4022	2026-09-24T17:21:26.743359536Z	201101	0																			
4023	2026-09-24T17:21:26.793818679Z	201152	0																			
4024	2026-09-24T17:21:26.843285972Z	201201	0																			
4025	2026-09-24T17:21:26.89374563Z	201252	0																			
4026	2026-09-24T17:21:26.943187116Z	201301	0																			
4027	2026-09-24T17:21:26.993650566Z	201352	0																			
4028	2026-09-24T17:21:27.043197693Z	201401	0																			
4029	2026-09-24T17:21:27.093769124Z	201452	0																			
4030	2026-09-24T17:21:27.143421657Z	201501	0																			
4031	2026-09-24T17:21:27.1931117Z	201551	0																			
4032	2026-09-24T17:21:27.243803729Z	201602	0																			
4033	2026-09-24T17:21:27.293505899Z	201651	0																			
4034	2026-09-24T17:21:27.343133828Z	201701	0																			
4035	2026-09-24T17:21:27.393781188Z	201752	0																			
4036	2026-09-24T17:21:27.443437076Z	201801	0																			
4037	2026-09-24T17:21:27.493122642Z	201851	0																			
4038	2026-09-24T17:21:27.543747041Z	201902	0																			
4039	2026-09-24T17:21:27.593303082Z	201951	0																			
4040	2026-09-24T17:21:27.643840843Z	202002	0																			
4041	2026-09-24T17:21:27.693344342Z	202051	0																			
4042	2026-09-24T17:21:27.743810378Z	202102	0																			
4043	2026-09-24T17:21:27.793356019Z	202151	0																			
4044	2026-09-24T17:21:27.843885629Z	202202	0																			
4045	2026-09-24T17:21:27.893358019Z	202251	0																			
4046	2026-09-24T17:21:27.943866009Z	202302	0																			
4047	2026-09-24T17:21:27.993361719Z	202351	0																			
4048	2026-09-24T17:21:28.043948291Z	202402	0																			
4049	2026-09-24T17:21:28.093522104Z	202451	0																			
4050	2026-09-24T17:21:28.143132982Z	202501	0																			
4051	2026-09-24T17:21:28.193673622Z	202552	0																			
4052	2026-09-24T17:21:28.243359513Z	202601	0																			
4053	2026-09-24T17:21:28.292929171Z	202651	0																			
4054	2026-09-24T17:21:28.343560404Z	202701	0																			
4055	2026-09-24T17:21:28.393055751Z	202751	0																			
4056	2026-09-24T17:21:28.443675247Z	202802	0																			
4057	2026-09-24T17:21:28.493289335Z	202851	0																			
4058	2026-09-24T17:21:28.543968802Z	202902	0																			
4059	2026-09-24T17:21:28.593670033Z	202952	0																			
4060	2026-09-24T17:21:28.643310062Z	203001	0																			
4061	2026-09-24T17:21:28.693867301Z	203052	0																			
4062	2026-09-24T17:21:28.743433297Z	203101	0																			
4063	2026-09-24T17:21:28.792952083Z	203151	0																			
4064	2026-09-24T17:21:28.843487257Z	203201	0																			
4065	2026-09-24T17:21:28.893056931Z	203251	0																			
4066	2026-09-24T17:21:28.943617132Z	203302	0																			
4067	2026-09-24T17:21:28.993133014Z	203351	0																			
4068	2026-09-24T17:21:29.043653537Z	203402	0																			
4069	2026-09-24T17:21:29.093056503Z	203451	0																			
4070	2026-09-24T17:21:29.143604263Z	203502	0																			
4071	2026-09-24T17:21:29.193100391Z	203551	0																			
4072	2026-09-24T17:21:29.243530849Z	203601	0																			
4073	2026-09-24T17:21:29.292979622Z	203651	0																			
4074	2026-09-24T17:21:29.343430753Z	203701	0																			
4075	2026-09-24T17:21:29.393898969Z	203752	0																			
4076	2026-09-24T17:21:29.443346873Z	203801	0																			
4077	2026-09-24T17:21:29.493743877Z	203852	0																			
4078	2026-09-24T17:21:29.543208354Z	203901	0																			
4079	2026-09-24T17:21:29.593648156Z	203952	0																			
4080	2026-09-24T17:21:29.643145291Z	204001	0																			
4081	2026-09-24T17:21:29.69357371Z	204051	0																			
4082	2026-09-24T17:21:29.743054787Z	204101	0																			
4083	2026-09-24T17:21:29.793563096Z	204151	0																			
4084	2026-09-24T17:21:29.843051445Z	204201	0																			
4085	2026-09-24T17:21:29.893518609Z	204251	0																			
4086	2026-09-24T17:21:29.942967528Z	204301	0																			
4087	2026-09-24T17:21:29.993484947Z	204351	0																			
4088	2026-09-24T17:21:30.04391119Z	204402	0																			
4089	2026-09-24T17:21:30.093435893Z	204451	0																			
4090	2026-09-24T17:21:30.143919594Z	204502	0																			
4091	2026-09-24T17:21:30.1935145Z	204551	0																			
4092	2026-09-24T17:21:30.243053943Z	204601	0																			
4093	2026-09-24T17:21:30.293572666Z	204651	0																			
4094	2026-09-24T17:21:30.342947624Z	204701	0																			
4095	2026-09-24T17:21:30.39338138Z	204751	0																			
4096	2026-09-24T17:21:30.443898375Z	204802	0																			
4097	2026-09-24T17:21:30.493384743Z	204851	0																			
4098	2026-09-24T17:21:30.543944888Z	204902	0																			
4099	2026-09-24T17:21:30.593440765Z	204951	0																			
4100	2026-09-24T17:21:30.643936674Z	205002	0																			
4101	2026-09-24T17:21:30.693358281Z	205051	0																			
4102	2026-09-24T17:21:30.74386557Z	205102	0																			
4103	2026-09-24T17:21:30.793355729Z	205151	0																			
4104	2026-09-24T17:21:30.843872243Z	205202	0																			
4105	2026-09-24T17:21:30.893358532Z	205251	0																			
4106	2026-09-24T17:21:30.943810424Z	205302	0																			
4107	2026-09-24T17:21:30.993342272Z	205351	0																			
4108	2026-09-24T17:21:31.043885215Z	205402	0																			
4109	2026-09-24T17:21:31.093338974Z	205451	0																			
4110	2026-09-24T17:21:31.143879877Z	205502	0																			
4111	2026-09-24T17:21:31.1934417Z	205551	0																			
4112	2026-09-24T17:21:31.242949445Z	205601	0																			
4113	2026-09-24T17:21:31.293518418Z	205651	0																			
4114	2026-09-24T17:21:31.343099318Z	205701	0																			
4115	2026-09-24T17:21:31.39359738Z	205751	0																			
4116	2026-09-24T17:21:31.44305522Z	205801	0																			
4117	2026-09-24T17:21:31.49357272Z	205851	0																			
4118	2026-09-24T17:21:31.543085725Z	205901	0																			
4119	2026-09-24T17:21:31.593732981Z	205952	0																			
4120	2026-09-24T17:21:31.643362892Z	206001	0																			
4121	2026-09-24T17:21:31.693973947Z	206052	0																			
4122	2026-09-24T17:21:31.743672062Z	206102	0																			
4123	2026-09-24T17:21:31.793363316Z	206151	0																			
4124	2026-09-24T17:21:31.843137359Z	206201	0																			
4125	2026-09-24T17:21:31.893864576Z	206252	0																			
4126	2026-09-24T17:21:31.943579369Z	206301	0																			
4127	2026-09-24T17:21:31.993300119Z	206351	0																			
4128	2026-09-24T17:21:32.043062122Z	206401	0																			
4129	2026-09-24T17:21:32.09378092Z	206452	0																			
4130	2026-09-24T17:21:32.143510744Z	206501	0																			
4131	2026-09-24T17:21:32.193213086Z	206551	0																			
4132	2026-09-24T17:21:32.242954846Z	206601	0																			
4133	2026-09-24T17:21:32.293650743Z	206652	0																			
4134	2026-09-24T17:21:32.343391212Z	206701	0																			
4135	2026-09-24T17:21:32.393114254Z	206751	0																			
4136	2026-09-24T17:21:32.443909805Z	206802	0																			
4137	2026-09-24T17:21:32.493590899Z	206851	0																			
4138	2026-09-24T17:21:32.543290209Z	206901	0																			
4139	2026-09-24T17:21:32.592961295Z	206951	0																			
4140	2026-09-24T17:21:32.643666647Z	207002	0																			
4141	2026-09-24T17:21:32.693347979Z	207051	0																			
4142	2026-09-24T17:21:32.743099831Z	207101	0																			
4143	2026-09-24T17:21:32.793839463Z	207152	0																			
4144	2026-09-24T17:21:32.843513015Z	207201	0																			
4145	2026-09-24T17:21:32.893216088Z	207251	0																			
4146	2026-09-24T17:21:32.943949894Z	207302	0																			
4147	2026-09-24T17:21:32.993667762Z	207352	0																			
4148	2026-09-24T17:21:33.043416032Z	207401	0																			
4149	2026-09-24T17:21:33.093144252Z	207451	0																			
4150	2026-09-24T17:21:33.143889176Z	207502	0																			
4151	2026-09-24T17:21:33.193624237Z	207552	0																			
4152	2026-09-24T17:21:33.243346794Z	207601	0																			
4153	2026-09-24T17:21:33.293066627Z	207651	0																			
4154	2026-09-24T17:21:33.343815442Z	207702	0																			
4155	2026-09-24T17:21:33.393533845Z	207751	0																			
4156	2026-09-24T17:21:33.443266857Z	207801	0																			
4157	2026-09-24T17:21:33.493900483Z	207852	0																			
4158	2026-09-24T17:21:33.543578003Z	207901	0																			
4159	2026-09-24T17:21:33.593207205Z	207951	0																			
4160	2026-09-24T17:21:33.643790553Z	208002	0																			
4161	2026-09-24T17:21:33.693349689Z	208051	0																			
4162	2026-09-24T17:21:33.743888652Z	208102	0																			
4163	2026-09-24T17:21:33.79344101Z	208151	0																			
4164	2026-09-24T17:21:33.843958123Z	208202	0																			
4165	2026-09-24T17:21:33.89365711Z	208252	0																			
4166	2026-09-24T17:21:33.943363566Z	208301	0																			
4167	2026-09-24T17:21:33.993055106Z	208351	0																			
4168	2026-09-24T17:21:34.043740043Z	208402	0																			
4169	2026-09-24T17:21:34.093356954Z	208451	0																			
4170	2026-09-24T17:21:34.143928678Z	208502	0																			
4171	2026-09-24T17:21:34.193494832Z	208551	0																			
4172	2026-09-24T17:21:34.243036516Z	208601	0																			
4173	2026-09-24T17:21:34.293517714Z	208651	0																			
4174	2026-09-24T17:21:34.342961589Z	208701	0																			
4175	2026-09-24T17:21:34.393445504Z	208751	0																			
4176	2026-09-24T17:21:34.443885738Z	208802	0																			
4177	2026-09-24T17:21:34.493385507Z	208851	0																			
4178	2026-09-24T17:21:34.543883564Z	208902	0																			
4179	2026-09-24T17:21:34.593332109Z	208951	0																			
4180	2026-09-24T17:21:34.643732588Z	209002	0																			
4181	2026-09-24T17:21:34.693131612Z	209051	0																			
4182	2026-09-24T17:21:34.743582584Z	209101	0																			
4183	2026-09-24T17:21:34.793095136Z	209151	0																			
4184	2026-09-24T17:21:34.843641064Z	209202	0																			
4185	2026-09-24T17:21:34.89313467Z	209251	0																			
4186	2026-09-24T17:21:34.943600217Z	209302	0																			
4187	2026-09-24T17:21:34.993057564Z	209351	0																			
4188	2026-09-24T17:21:35.04349438Z	209401	0																			
4189	2026-09-24T17:21:35.092937851Z	209451	0																			
4190	2026-09-24T17:21:35.143427315Z	209501	0																			
4191	2026-09-24T17:21:35.19387907Z	209552	0																			
4192	2026-09-24T17:21:35.243357235Z	209601	0																			
4193	2026-09-24T17:21:35.293795974Z	209652	0																			
4194	2026-09-24T17:21:35.343207693Z	209701	0																			
4195	2026-09-24T17:21:35.3937074Z	209752	0																			
4196	2026-09-24T17:21:35.443192107Z	209801	0																			
4197	2026-09-24T17:21:35.493592376Z	209851	0																			
4198	2026-09-24T17:21:35.542972297Z	209901	0																			
4199	2026-09-24T17:21:35.593439185Z	209951	0																			
4200	2026-09-24T17:21:35.64393437Z	210002	0																			
4201	2026-09-24T17:21:35.693105318Z	210051	0																			
4202	2026-09-24T17:21:35.743587376Z	210101	0																			
4203	2026-09-24T17:21:35.793045104Z	210151	0																			
4204	2026-09-24T17:21:35.843573743Z	210201	0																			
4205	2026-09-24T17:21:35.892964755Z	210251	0																			
4206	2026-09-24T17:21:35.943468482Z	210301	0																			
4207	2026-09-24T17:21:35.993896194Z	210352	0																			
4208	2026-09-24T17:21:36.043361386Z	210401	0																			
4209	2026-09-24T17:21:36.093826317Z	210452	0																			
4210	2026-09-24T17:21:36.143308635Z	210501	0																			
4211	2026-09-24T17:21:36.193836866Z	210552	0																			
4212	2026-09-24T17:21:36.243375091Z	210601	0																			
4213	2026-09-24T17:21:36.29382048Z	210652	0																			
4214	2026-09-24T17:21:36.343334964Z	210701	0																			
4215	2026-09-24T17:21:36.393831388Z	210752	0																			
4216	2026-09-24T17:21:36.443327628Z	210801	0																			
4217	2026-09-24T17:21:36.493856109Z	210852	0																			
4218	2026-09-24T17:21:36.5433942Z	210901	0																			
4219	2026-09-24T17:21:36.593909929Z	210952	0																			
4220	2026-09-24T17:21:36.643422166Z	211001	0																			
4221	2026-09-24T17:21:36.693894705Z	211052	0																			
4222	2026-09-24T17:21:36.743385931Z	211101	0																			
4223	2026-09-24T17:21:36.793887258Z	211152	0																			
4224	2026-09-24T17:21:36.843356862Z	211201	0																			
4225	2026-09-24T17:21:36.893821401Z	211252	0																			
4226	2026-09-24T17:21:36.943263329Z	211301	0																			
4227	2026-09-24T17:21:36.993666876Z	211352	0																			
4228	2026-09-24T17:21:37.043130734Z	211401	0																			
4229	2026-09-24T17:21:37.093517876Z	211451	0																			
4230	2026-09-24T17:21:37.142956165Z	211501	0																			
4231	2026-09-24T17:21:37.193437316Z	211551	0																			
4232	2026-09-24T17:21:37.243934011Z	211602	0																			
4233	2026-09-24T17:21:37.293435967Z	211651	0																			
4234	2026-09-24T17:21:37.343940888Z	211702	0																			
4235	2026-09-24T17:21:37.393431259Z	211751	0																			
4236	2026-09-24T17:21:37.443906416Z	211802	0																			
4237	2026-09-24T17:21:37.493410609Z	211851	0																			
4238	2026-09-24T17:21:37.543882941Z	211902	0																			
4239	2026-09-24T17:21:37.5933158Z	211951	0																			
4240	2026-09-24T17:21:37.643836104Z	212002	0																			
4241	2026-09-24T17:21:37.693258909Z	212051	0																			
4242	2026-09-24T17:21:37.743708656Z	212102	0																			
4243	2026-09-24T17:21:37.793222711Z	212151	0																			
4244	2026-09-24T17:21:37.843735611Z	212202	0																			
4245	2026-09-24T17:21:37.893232112Z	212251	0																			
4246	2026-09-24T17:21:37.943736639Z	212302	0																			
4247	2026-09-24T17:21:37.993208Z	212351	0																			
4248	2026-09-24T17:21:38.043713898Z	212402	0																			
4249	2026-09-24T17:21:38.093153703Z	212451	0																			
4250	2026-09-24T17:21:38.143671486Z	212502	0																			
4251	2026-09-24T17:21:38.193209126Z	212551	0																			
4252	2026-09-24T17:21:38.243771234Z	212602	0																			
4253	2026-09-24T17:21:38.293332652Z	212651	0																			
4254	2026-09-24T17:21:38.343858878Z	212702	0																			
4255	2026-09-24T17:21:38.393392504Z	212751	0																			
4256	2026-09-24T17:21:38.443939702Z	212802	0																			
4257	2026-09-24T17:21:38.493522739Z	212851	0																			
4258	2026-09-24T17:21:38.543218493Z	212901	0																			
4259	2026-09-24T17:21:38.593899931Z	212952	0																			
4260	2026-09-24T17:21:38.643592255Z	213001	0																			
4261	2026-09-24T17:21:38.693188514Z	213051	0																			
4262	2026-09-24T17:21:38.7438298Z	213102	0																			
4263	2026-09-24T17:21:38.793439482Z	213151	0																			
4264	2026-09-24T17:21:38.84297886Z	213201	0																			
4265	2026-09-24T17:21:38.893574621Z	213251	0																			
4266	2026-09-24T17:21:38.943098Z	213301	0																			
4267	2026-09-24T17:21:38.993623842Z	213352	0																			
4268	2026-09-24T17:21:39.043134239Z	213401	0																			
4269	2026-09-24T17:21:39.093632759Z	213452	0																			
4270	2026-09-24T17:21:39.14308999Z	213501	0																			
4271	2026-09-24T17:21:39.193600327Z	213552	0																			
4272	2026-09-24T17:21:39.243055357Z	213601	0																			
4273	2026-09-24T17:21:39.29351623Z	213651	0																			
4274	2026-09-24T17:21:39.342964035Z	213701	0																			
4275	2026-09-24T17:21:39.393437022Z	213751	0																			
4276	2026-09-24T17:21:39.443877393Z	213802	0																			
4277	2026-09-24T17:21:39.493358013Z	213851	0																			
4278	2026-09-24T17:21:39.54385808Z	213902	0																			
4279	2026-09-24T17:21:39.593348618Z	213951	0																			
4280	2026-09-24T17:21:39.643862345Z	214002	0																			
4281	2026-09-24T17:21:39.693335118Z	214051	0																			
4282	2026-09-24T17:21:39.743835433Z	214102	0																			
4283	2026-09-24T17:21:39.793326173Z	214151	0																			
4284	2026-09-24T17:21:39.84373525Z	214202	0																			
4285	2026-09-24T17:21:39.893221085Z	214251	0																			
4286	2026-09-24T17:21:39.943725619Z	214302	0																			
4287	2026-09-24T17:21:39.99313141Z	214351	0																			
4288	2026-09-24T17:21:40.043583736Z	214401	0																			
4289	2026-09-24T17:21:40.093057725Z	214451	0																			
4290	2026-09-24T17:21:40.143566085Z	214501	0																			
4291	2026-09-24T17:21:40.193052442Z	214551	0																			
4292	2026-09-24T17:21:40.243569555Z	214601	0																			
4293	2026-09-24T17:21:40.293088829Z	214651	0																			
4294	2026-09-24T17:21:40.343567531Z	214701	0																			
4295	2026-09-24T17:21:40.393054942Z	214751	0																			
4296	2026-09-24T17:21:40.443561429Z	214801	0																			
4297	2026-09-24T17:21:40.49306041Z	214851	0																			
4298	2026-09-24T17:21:40.54349183Z	214901	0																			
4299	2026-09-24T17:21:40.592950059Z	214951	0																			
4300	2026-09-24T17:21:40.643447676Z	215001	0																			
4301	2026-09-24T17:21:40.693958968Z	215052	0																			
4302	2026-09-24T17:21:40.743433033Z	215101	0																			
4303	2026-09-24T17:21:40.792917592Z	215151	0																			
4304	2026-09-24T17:21:40.843356116Z	215201	0																			
4305	2026-09-24T17:21:40.893889866Z	215252	0																			
4306	2026-09-24T17:21:40.943428985Z	215301	0																			
4307	2026-09-24T17:21:40.9939077Z	215352	0																			
4308	2026-09-24T17:21:41.043434271Z	215401	0																			
4309	2026-09-24T17:21:41.09392791Z	215452	0																			
4310	2026-09-24T17:21:41.143362864Z	215501	0																			
4311	2026-09-24T17:21:41.193890657Z	215552	0																			
4312	2026-09-24T17:21:41.243280617Z	215601	0																			
4313	2026-09-24T17:21:41.293704431Z	215652	0																			
4314	2026-09-24T17:21:41.343242605Z	215701	0																			
4315	2026-09-24T17:21:41.393764142Z	215752	0																			
4316	2026-09-24T17:21:41.443280994Z	215801	0																			
4317	2026-09-24T17:21:41.493706523Z	215852	0																			
4318	2026-09-24T17:21:41.543181134Z	215901	0																			
4319	2026-09-24T17:21:41.593685583Z	215952	0																			
4320	2026-09-24T17:21:41.643114228Z	216001	0																			
4321	2026-09-24T17:21:41.693599065Z	216051	0																			
4322	2026-09-24T17:21:41.743090151Z	216101	0																			
4323	2026-09-24T17:21:41.793578892Z	216151	0																			
4324	2026-09-24T17:21:41.843057447Z	216201	0																			
4325	2026-09-24T17:21:41.893554341Z	216251	0																			
4326	2026-09-24T17:21:41.943040653Z	216301	0																			
4327	2026-09-24T17:21:41.993517228Z	216351	0																			
4328	2026-09-24T17:21:42.04395784Z	216402	0																			
4329	2026-09-24T17:21:42.09343769Z	216451	0																			
4330	2026-09-24T17:21:42.143890985Z	216502	0																			
4331	2026-09-24T17:21:42.193374272Z	216551	0																			
4332	2026-09-24T17:21:42.243893433Z	216602	0																			
4333	2026-09-24T17:21:42.29335878Z	216651	0																			
4334	2026-09-24T17:21:42.343872959Z	216702	0																			
4335	2026-09-24T17:21:42.393356209Z	216751	0																			
4336	2026-09-24T17:21:42.44381027Z	216802	0																			
4337	2026-09-24T17:21:42.49328084Z	216851	0																			
4338	2026-09-24T17:21:42.543781058Z	216902	0																			
4339	2026-09-24T17:21:42.593276492Z	216951	0																			
4340	2026-09-24T17:21:42.64371717Z	217002	0																			
4341	2026-09-24T17:21:42.693211259Z	217051	0																			
4342	2026-09-24T17:21:42.74366634Z	217102	0																			
4343	2026-09-24T17:21:42.793119557Z	217151	0																			
4344	2026-09-24T17:21:42.843574383Z	217201	0																			
4345	2026-09-24T17:21:42.893056716Z	217251	0																			
4346	2026-09-24T17:21:42.943484027Z	217301	0																			
4347	2026-09-24T17:21:42.993892693Z	217352	0																			
4348	2026-09-24T17:21:43.043364219Z	217401	0																			
4349	2026-09-24T17:21:43.093902624Z	217452	0																			
4350	2026-09-24T17:21:43.143364785Z	217501	0																			
4351	2026-09-24T17:21:43.193827034Z	217552	0																			
4352	2026-09-24T17:21:43.243282932Z	217601	0																			
4353	2026-09-24T17:21:43.293746495Z	217652	0																			
4354	2026-09-24T17:21:43.343333913Z	217701	0																			
4355	2026-09-24T17:21:43.393898865Z	217752	0																			
4356	2026-09-24T17:21:43.443489197Z	217801	0																			
4357	2026-09-24T17:21:43.492968782Z	217851	0																			
4358	2026-09-24T17:21:43.543560838Z	217901	0																			
4359	2026-09-24T17:21:43.593056639Z	217951	0																			
4360	2026-09-24T17:21:43.643568526Z	218001	0																			
4361	2026-09-24T17:21:43.693063924Z	218051	0																			
4362	2026-09-24T17:21:43.743569032Z	218101	0																			
4363	2026-09-24T17:21:43.793056409Z	218151	0																			
4364	2026-09-24T17:21:43.843498419Z	218201	0																			
4365	2026-09-24T17:21:43.892936612Z	218251	0																			
4366	2026-09-24T17:21:43.943433438Z	218301	0																			
4367	2026-09-24T17:21:43.993884588Z	218352	0																			
4368	2026-09-24T17:21:44.043337509Z	218401	0																			
4369	2026-09-24T17:21:44.09381938Z	218452	0																			
4370	2026-09-24T17:21:44.143282335Z	218501	0																			
4371	2026-09-24T17:21:44.193758319Z	218552	0																			
4372	2026-09-24T17:21:44.243275813Z	218601	0																			
4373	2026-09-24T17:21:44.293743451Z	218652	0																			
4374	2026-09-24T17:21:44.343192593Z	218701	0																			
4375	2026-09-24T17:21:44.393671582Z	218752	0																			
4376	2026-09-24T17:21:44.44310976Z	218801	0																			
4377	2026-09-24T17:21:44.493516214Z	218851	0																			
4378	2026-09-24T17:21:44.543944634Z	218902	0																			
4379	2026-09-24T17:21:44.593428893Z	218951	0																			
4380	2026-09-24T17:21:44.643884587Z	219002	0																			
4381	2026-09-24T17:21:44.693355968Z	219051	0																			
4382	2026-09-24T17:21:44.74379727Z	219102	0																			
4383	2026-09-24T17:21:44.793255958Z	219151	0																			
4384	2026-09-24T17:21:44.843721669Z	219202	0																			
4385	2026-09-24T17:21:44.893233917Z	219251	0																			
4386	2026-09-24T17:21:44.943735312Z	219302	0																			
4387	2026-09-24T17:21:44.993223074Z	219351	0																			
4388	2026-09-24T17:21:45.043735427Z	219402	0																			
4389	2026-09-24T17:21:45.093209406Z	219451	0																			
4390	2026-09-24T17:21:45.143680291Z	219502	0																			
4391	2026-09-24T17:21:45.193133689Z	219551	0																			
4392	2026-09-24T17:21:45.243585478Z	219601	0																			
4393	2026-09-24T17:21:45.293081905Z	219651	0																			
4394	2026-09-24T17:21:45.343591586Z	219701	0																			
4395	2026-09-24T17:21:45.393055437Z	219751	0																			
4396	2026-09-24T17:21:45.443499858Z	219801	0																			
4397	2026-09-24T17:21:45.49295072Z	219851	0																			
4398	2026-09-24T17:21:45.54343854Z	219901	0																			
4399	2026-09-24T17:21:45.593968745Z	219952	0																			
4400	2026-09-24T17:21:45.643483031Z	220001	0																			
4401	2026-09-24T17:21:45.693667785Z	220052	0																			
4402	2026-09-24T17:21:45.74313586Z	220101	0																			
4403	2026-09-24T17:21:45.793741859Z	220152	0																			
4404	2026-09-24T17:21:45.843309618Z	220201	0																			
4405	2026-09-24T17:21:45.893805501Z	220252	0																			
4406	2026-09-24T17:21:45.943285794Z	220301	0																			
4407	2026-09-24T17:21:45.993793612Z	220352	0																			
4408	2026-09-24T17:21:46.04327186Z	220401	0																			
4409	2026-09-24T17:21:46.093754534Z	220452	0																			
4410	2026-09-24T17:21:46.143249638Z	220501	0																			
4411	2026-09-24T17:21:46.193749046Z	220552	0																			
4412	2026-09-24T17:21:46.243282325Z	220601	0																			
4413	2026-09-24T17:21:46.293728615Z	220652	0																			
4414	2026-09-24T17:21:46.343206258Z	220701	0																			
4415	2026-09-24T17:21:46.393650192Z	220752	0																			
4416	2026-09-24T17:21:46.443132291Z	220801	0																			
4417	2026-09-24T17:21:46.493592496Z	220851	0																			
4418	2026-09-24T17:21:46.54305654Z	220901	0																			
4419	2026-09-24T17:21:46.59349547Z	220951	0																			
4420	2026-09-24T17:21:46.642932107Z	221001	0																			
4421	2026-09-24T17:21:46.693434898Z	221051	0																			
4422	2026-09-24T17:21:46.743920113Z	221102	0																			
4423	2026-09-24T17:21:46.793429299Z	221151	0																			
4424	2026-09-24T17:21:46.843047005Z	221201	0																			
4425	2026-09-24T17:21:46.893596534Z	221251	0																			
4426	2026-09-24T17:21:46.94320849Z	221301	0																			
4427	2026-09-24T17:21:46.99382825Z	221352	0																			
4428	2026-09-24T17:21:47.04343854Z	221401	0																			
4429	2026-09-24T17:21:47.093059819Z	221451	0																			
4430	2026-09-24T17:21:47.143628608Z	221502	0																			
4431	2026-09-24T17:21:47.193139721Z	221551	0																			
4432	2026-09-24T17:21:47.243658466Z	221602	0																			
4433	2026-09-24T17:21:47.293107446Z	221651	0																			
4434	2026-09-24T17:21:47.343634208Z	221702	0																			
4435	2026-09-24T17:21:47.393130604Z	221751	0																			
4436	2026-09-24T17:21:47.443652088Z	221802	0																			
4437	2026-09-24T17:21:47.493164744Z	221851	0																			
4438	2026-09-24T17:21:47.543659257Z	221902	0																			
4439	2026-09-24T17:21:47.593132252Z	221951	0																			
4440	2026-09-24T17:21:47.6436306Z	222002	0																			
4441	2026-09-24T17:21:47.693141884Z	222051	0																			
4442	2026-09-24T17:21:47.74358229Z	222101	0																			
4443	2026-09-24T17:21:47.793081995Z	222151	0																			
4444	2026-09-24T17:21:47.843572745Z	222201	0																			
4445	2026-09-24T17:21:47.89310348Z	222251	0																			
4446	2026-09-24T17:21:47.943647726Z	222302	0																			
4447	2026-09-24T17:21:47.993131079Z	222351	0																			
4448	2026-09-24T17:21:48.043659179Z	222402	0																			
4449	2026-09-24T17:21:48.093218139Z	222451	0																			
4450	2026-09-24T17:21:48.143726633Z	222502	0																			
4451	2026-09-24T17:21:48.193345175Z	222551	0																			
4452	2026-09-24T17:21:48.243949236Z	222602	0																			
4453	2026-09-24T17:21:48.293508808Z	222651	0																			
4454	2026-09-24T17:21:48.342958034Z	222701	0																			
4455	2026-09-24T17:21:48.393441145Z	222751	0																			
4456	2026-09-24T17:21:48.443885472Z	222802	0																			
4457	2026-09-24T17:21:48.493414613Z	222851	0																			
4458	2026-09-24T17:21:48.543136166Z	222901	0																			
4459	2026-09-24T17:21:48.59385789Z	222952	0																			
4460	2026-09-24T17:21:48.643528747Z	223001	0																			
4461	2026-09-24T17:21:48.693098572Z	223051	0																			
4462	2026-09-24T17:21:48.74364638Z	223102	0																			
4463	2026-09-24T17:21:48.793129286Z	223151	0																			
4464	2026-09-24T17:21:48.843592222Z	223201	0																			
4465	2026-09-24T17:21:48.892964501Z	223251	0																			
4466	2026-09-24T17:21:48.943431412Z	223301	0																			
4467	2026-09-24T17:21:48.99389442Z	223352	0																			
4468	2026-09-24T17:21:49.043346507Z	223401	0																			
4469	2026-09-24T17:21:49.093871273Z	223452	0																			
4470	2026-09-24T17:21:49.143380091Z	223501	0																			
4471	2026-09-24T17:21:49.193832083Z	223552	0																			
4472	2026-09-24T17:21:49.243334244Z	223601	0																			
4473	2026-09-24T17:21:49.293739921Z	223652	0																			
4474	2026-09-24T17:21:49.343130069Z	223701	0																			
4475	2026-09-24T17:21:49.393633441Z	223752	0																			
4476	2026-09-24T17:21:49.443122988Z	223801	0																			
4477	2026-09-24T17:21:49.493591782Z	223851	0																			
4478	2026-09-24T17:21:49.543088907Z	223901	0																			
4479	2026-09-24T17:21:49.593579478Z	223951	0																			
4480	2026-09-24T17:21:49.643057966Z	224001	0																			
4481	2026-09-24T17:21:49.693554198Z	224051	0																			
4482	2026-09-24T17:21:49.742937712Z	224101	0																			
4483	2026-09-24T17:21:49.79344293Z	224151	0																			
4484	2026-09-24T17:21:49.843876054Z	224202	0																			
4485	2026-09-24T17:21:49.893356749Z	224251	0																			
4486	2026-09-24T17:21:49.943857739Z	224302	0																			
4487	2026-09-24T17:21:49.993337874Z	224351	0																			
4488	2026-09-24T17:21:50.043734148Z	224402	0																			
4489	2026-09-24T17:21:50.093235799Z	224451	0																			
4490	2026-09-24T17:21:50.143776198Z	224502	0																			
4491	2026-09-24T17:21:50.193266493Z	224551	0																			
4492	2026-09-24T17:21:50.243737957Z	224602	0																			
4493	2026-09-24T17:21:50.293209906Z	224651	0																			
4494	2026-09-24T17:21:50.343736302Z	224702	0																			
4495	2026-09-24T17:21:50.393261447Z	224751	0																			
4496	2026-09-24T17:21:50.443815112Z	224802	0																			
4497	2026-09-24T17:21:50.493334907Z	224851	0																			
4498	2026-09-24T17:21:50.543887847Z	224902	0																			
4499	2026-09-24T17:21:50.593429145Z	224951	0																			
4500	2026-09-24T17:21:50.642917578Z	225001	0																			
4501	2026-09-24T17:21:50.693442388Z	225051	0																			
4502	2026-09-24T17:21:50.743965311Z	225102	0																			
4503	2026-09-24T17:21:50.793435185Z	225151	0																			
4504	2026-09-24T17:21:50.843944383Z	225202	0																			
4505	2026-09-24T17:21:50.893442012Z	225251	0																			
4506	2026-09-24T17:21:50.943863673Z	225302	0																			
4507	2026-09-24T17:21:50.993350779Z	225351	0																			
4508	2026-09-24T17:21:51.043810392Z	225402	0																			
4509	2026-09-24T17:21:51.093298188Z	225451	0																			
4510	2026-09-24T17:21:51.143795933Z	225502	0																			
4511	2026-09-24T17:21:51.193207562Z	225551	0																			
4512	2026-09-24T17:21:51.243652701Z	225602	0																			
4513	2026-09-24T17:21:51.293135586Z	225651	0																			
4514	2026-09-24T17:21:51.343582089Z	225701	0																			
4515	2026-09-24T17:21:51.392968087Z	225751	0																			
4516	2026-09-24T17:21:51.443471423Z	225801	0																			
4517	2026-09-24T17:21:51.493956112Z	225852	0																			
4518	2026-09-24T17:21:51.543430586Z	225901	0																			
4519	2026-09-24T17:21:51.593869796Z	225952	0																			
4520	2026-09-24T17:21:51.643271386Z	226001	0																			
4521	2026-09-24T17:21:51.693769195Z	226052	0																			
4522	2026-09-24T17:21:51.743262517Z	226101	0																			
4523	2026-09-24T17:21:51.793744191Z	226152	0																			
4524	2026-09-24T17:21:51.843284118Z	226201	0																			
4525	2026-09-24T17:21:51.893746938Z	226252	0																			
4526	2026-09-24T17:21:51.94326525Z	226301	0																			
4527	2026-09-24T17:21:51.993761355Z	226352	0																			
4528	2026-09-24T17:21:52.043188159Z	226401	0																			
4529	2026-09-24T17:21:52.093632455Z	226452	0																			
4530	2026-09-24T17:21:52.143138804Z	226501	0																			
4531	2026-09-24T17:21:52.19357756Z	226551	0																			
4532	2026-09-24T17:21:52.243060017Z	226601	0																			
4533	2026-09-24T17:21:52.293516475Z	226651	0																			
4534	2026-09-24T17:21:52.342953548Z	226701	0																			
4535	2026-09-24T17:21:52.393441075Z	226751	0																			
4536	2026-09-24T17:21:52.443882851Z	226802	0																			
4537	2026-09-24T17:21:52.493358128Z	226851	0																			
4538	2026-09-24T17:21:52.543869948Z	226902	0																			
4539	2026-09-24T17:21:52.593355734Z	226951	0																			
4540	2026-09-24T17:21:52.643853059Z	227002	0																			
4541	2026-09-24T17:21:52.69328321Z	227051	0																			
4542	2026-09-24T17:21:52.743812237Z	227102	0																			
4543	2026-09-24T17:21:52.793339469Z	227151	0																			
4544	2026-09-24T17:21:52.843887729Z	227202	0																			
4545	2026-09-24T17:21:52.893410291Z	227251	0																			
4546	2026-09-24T17:21:52.943954856Z	227302	0																			
4547	2026-09-24T17:21:52.993440514Z	227351	0																			
4548	2026-09-24T17:21:53.043941826Z	227402	0																			
4549	2026-09-24T17:21:53.093520349Z	227451	0																			
4550	2026-09-24T17:21:53.143370487Z	227501	0																			
4551	2026-09-24T17:21:53.193899052Z	227552	0																			
4552	2026-09-24T17:21:53.243375602Z	227601	0																			
4553	2026-09-24T17:21:53.29390104Z	227652	0																			
4554	2026-09-24T17:21:53.34333684Z	227701	0																			
4555	2026-09-24T17:21:53.393859836Z	227752	0																			
4556	2026-09-24T17:21:53.443435729Z	227801	0																			
4557	2026-09-24T17:21:53.493921964Z	227852	0																			
4558	2026-09-24T17:21:53.543359455Z	227901	0																			
4559	2026-09-24T17:21:53.593810404Z	227952	0																			
4560	2026-09-24T17:21:53.643284138Z	228001	0																			
4561	2026-09-24T17:21:53.693728997Z	228052	0																			
4562	2026-09-24T17:21:53.743283361Z	228101	0																			
4563	2026-09-24T17:21:53.793808373Z	228152	0																			
4564	2026-09-24T17:21:53.843356459Z	228201	0																			
4565	2026-09-24T17:21:53.893820641Z	228252	0																			
4566	2026-09-24T17:21:53.943269689Z	228301	0																			
4567	2026-09-24T17:21:53.993744166Z	228352	0																			
4568	2026-09-24T17:21:54.043174077Z	228401	0																			
4569	2026-09-24T17:21:54.093610136Z	228452	0																			
4570	2026-09-24T17:21:54.14305673Z	228501	0																			
4571	2026-09-24T17:21:54.193604446Z	228552	0																			
4572	2026-09-24T17:21:54.243130089Z	228601	0																			
4573	2026-09-24T17:21:54.293627898Z	228652	0																			
4574	2026-09-24T17:21:54.343054733Z	228701	0																			
4575	2026-09-24T17:21:54.393546933Z	228751	0																			
4576	2026-09-24T17:21:54.442950214Z	228801	0																			
4577	2026-09-24T17:21:54.493437136Z	228851	0																			
4578	2026-09-24T17:21:54.543886245Z	228902	0																			
4579	2026-09-24T17:21:54.593390438Z	228951	0																			
4580	2026-09-24T17:21:54.643884973Z	229002	0																			
4581	2026-09-24T17:21:54.693283006Z	229051	0																			
4582	2026-09-24T17:21:54.743728545Z	229102	0																			
4583	2026-09-24T17:21:54.793207021Z	229151	0																			
4584	2026-09-24T17:21:54.843732886Z	229202	0																			
4585	2026-09-24T17:21:54.893207181Z	229251	0																			
4586	2026-09-24T17:21:54.943674581Z	229302	0																			
4587	2026-09-24T17:21:54.993157637Z	229351	0																			
4588	2026-09-24T17:21:55.043589692Z	229401	0																			
4589	2026-09-24T17:21:55.093086834Z	229451	0																			
4590	2026-09-24T17:21:55.143569839Z	229501	0																			
4591	2026-09-24T17:21:55.192955466Z	229551	0																			
4592	2026-09-24T17:21:55.243434581Z	229601	0																			
4593	2026-09-24T17:21:55.293954734Z	229652	0																			
4594	2026-09-24T17:21:55.34348185Z	229701	0																			
4595	2026-09-24T17:21:55.392938387Z	229751	0																			
4596	2026-09-24T17:21:55.443426131Z	229801	0																			
4597	2026-09-24T17:21:55.492948638Z	229851	0																			
4598	2026-09-24T17:21:55.543434702Z	229901	0																			
4599	2026-09-24T17:21:55.592921282Z	229951	0																			
4600	2026-09-24T17:21:55.643428801Z	230001	0																			
4601	2026-09-24T17:21:55.693576722Z	230051	0																			
4602	2026-09-24T17:21:55.743073805Z	230101	0																			
4603	2026-09-24T17:21:55.793571518Z	230151	0																			
4604	2026-09-24T17:21:55.843056184Z	230201	0																			
4605	2026-09-24T17:21:55.893486777Z	230251	0																			
4606	2026-09-24T17:21:55.943959981Z	230302	0																			
4607	2026-09-24T17:21:55.993441511Z	230351	0																			
4608	2026-09-24T17:21:56.043935137Z	230402	0																			
4609	2026-09-24T17:21:56.093428817Z	230451	0																			
4610	2026-09-24T17:21:56.143915883Z	230502	0																			
4611	2026-09-24T17:21:56.193384479Z	230551	0																			
4612	2026-09-24T17:21:56.243878131Z	230602	0																			
4613	2026-09-24T17:21:56.293380684Z	230651	0																			
4614	2026-09-24T17:21:56.343809577Z	230702	0																			
4615	2026-09-24T17:21:56.393241533Z	230751	0																			
4616	2026-09-24T17:21:56.443744324Z	230802	0																			
4617	2026-09-24T17:21:56.493207132Z	230851	0																			
4618	2026-09-24T17:21:56.543657632Z	230902	0																			
4619	2026-09-24T17:21:56.5931488Z	230951	0																			
4620	2026-09-24T17:21:56.643653272Z	231002	0																			
4621	2026-09-24T17:21:56.69313227Z	231051	0																			
4622	2026-09-24T17:21:56.743622887Z	231102	0																			
4623	2026-09-24T17:21:56.793103098Z	231151	0																			
4624	2026-09-24T17:21:56.843568053Z	231201	0																			
4625	2026-09-24T17:21:56.893057314Z	231251	0																			
4626	2026-09-24T17:21:56.943499053Z	231301	0																			
4627	2026-09-24T17:21:56.993124897Z	231351	0																			
4628	2026-09-24T17:21:57.0437066Z	231402	0																			
4629	2026-09-24T17:21:57.093248042Z	231451	0																			
4630	2026-09-24T17:21:57.143748539Z	231502	0																			
4631	2026-09-24T17:21:57.193210459Z	231551	0																			
4632	2026-09-24T17:21:57.243822402Z	231602	0																			
4633	2026-09-24T17:21:57.293358904Z	231651	0																			
4634	2026-09-24T17:21:57.343808437Z	231702	0																			
4635	2026-09-24T17:21:57.393282306Z	231751	0																			
4636	2026-09-24T17:21:57.443733734Z	231802	0																			
4637	2026-09-24T17:21:57.49328439Z	231851	0																			
4638	2026-09-24T17:21:57.543742353Z	231902	0																			
4639	2026-09-24T17:21:57.593440973Z	231951	0																			
4640	2026-09-24T17:21:57.643092492Z	232001	0																			
4641	2026-09-24T17:21:57.69374962Z	232052	0																			
4642	2026-09-24T17:21:57.743438325Z	232101	0																			
4643	2026-09-24T17:21:57.793055484Z	232151	0																			
4644	2026-09-24T17:21:57.843735486Z	232202	0																			
4645	2026-09-24T17:21:57.893284827Z	232251	0																			
4646	2026-09-24T17:21:57.943862912Z	232302	0																			
4647	2026-09-24T17:21:57.99339767Z	232351	0																			
4648	2026-09-24T17:21:58.043933284Z	232402	0																			
4649	2026-09-24T17:21:58.093391479Z	232451	0																			
4650	2026-09-24T17:21:58.143913114Z	232502	0																			
4651	2026-09-24T17:21:58.193437927Z	232551	0																			
4652	2026-09-24T17:21:58.243882374Z	232602	0																			
4653	2026-09-24T17:21:58.293409071Z	232651	0																			
4654	2026-09-24T17:21:58.3439345Z	232702	0																			
4655	2026-09-24T17:21:58.393442865Z	232751	0																			
4656	2026-09-24T17:21:58.443936813Z	232802	0																			
4657	2026-09-24T17:21:58.493443532Z	232851	0																			
4658	2026-09-24T17:21:58.543151528Z	232901	0																			
4659	2026-09-24T17:21:58.593825166Z	232952	0																			
4660	2026-09-24T17:21:58.643477904Z	233001	0																			
4661	2026-09-24T17:21:58.693053084Z	233051	0																			
4662	2026-09-24T17:21:58.74365012Z	233102	0																			
4663	2026-09-24T17:21:58.79325161Z	233151	0																			
4664	2026-09-24T17:21:58.843899736Z	233202	0																			
4665	2026-09-24T17:21:58.893525486Z	233251	0																			
4666	2026-09-24T17:21:58.943092081Z	233301	0																			
4667	2026-09-24T17:21:58.993669409Z	233352	0																			
4668	2026-09-24T17:21:59.043209084Z	233401	0																			
4669	2026-09-24T17:21:59.093722371Z	233452	0																			
4670	2026-09-24T17:21:59.143234034Z	233501	0																			
4671	2026-09-24T17:21:59.193736311Z	233552	0																			
4672	2026-09-24T17:21:59.243198162Z	233601	0																			
4673	2026-09-24T17:21:59.293726334Z	233652	0																			
4674	2026-09-24T17:21:59.343202213Z	233701	0																			
4675	2026-09-24T17:21:59.393671678Z	233752	0																			
4676	2026-09-24T17:21:59.443132645Z	233801	0																			
4677	2026-09-24T17:21:59.493595337Z	233851	0																			
4678	2026-09-24T17:21:59.543099985Z	233901	0																			
4679	2026-09-24T17:21:59.593671331Z	233952	0																			
4680	2026-09-24T17:21:59.643257485Z	234001	0																			
4681	2026-09-24T17:21:59.69373508Z	234052	0																			
4682	2026-09-24T17:21:59.74328451Z	234101	0																			
4683	2026-09-24T17:21:59.793857699Z	234152	0																			
4684	2026-09-24T17:21:59.843407417Z	234201	0																			
4685	2026-09-24T17:21:59.893881518Z	234252	0																			
4686	2026-09-24T17:21:59.943426795Z	234301	0																			
4687	2026-09-24T17:21:59.993060045Z	234351	0																			
4688	2026-09-24T17:22:00.043734914Z	234402	0																			
4689	2026-09-24T17:22:00.09335955Z	234451	0																			
4690	2026-09-24T17:22:00.143057538Z	234501	0																			
4691	2026-09-24T17:22:00.193733383Z	234552	0																			
4692	2026-09-24T17:22:00.243314145Z	234601	0																			
4693	2026-09-24T17:22:00.293968703Z	234652	0																			
4694	2026-09-24T17:22:00.34358403Z	234701	0																			
4695	2026-09-24T17:22:00.393130387Z	234751	0																			
4696	2026-09-24T17:22:00.443678672Z	234802	0																			
4697	2026-09-24T17:22:00.493199616Z	234851	0																			
4698	2026-09-24T17:22:00.543737331Z	234902	0																			
4699	2026-09-24T17:22:00.593205054Z	234951	0																			
4700	2026-09-24T17:22:00.643721263Z	235002	0																			
4701	2026-09-24T17:22:00.693209904Z	235051	0																			
4702	2026-09-24T17:22:00.743734367Z	235102	0																			
4703	2026-09-24T17:22:00.793283239Z	235151	0																			
4704	2026-09-24T17:22:00.843795262Z	235202	0																			
4705	2026-09-24T17:22:00.893359902Z	235251	0																			
4706	2026-09-24T17:22:00.943885319Z	235302	0																			
4707	2026-09-24T17:22:00.993355785Z	235351	0																			
4708	2026-09-24T17:22:01.043803865Z	235402	0																			
4709	2026-09-24T17:22:01.093282815Z	235451	0																			
4710	2026-09-24T17:22:01.143726748Z	235502	0																			
4711	2026-09-24T17:22:01.19321286Z	235551	0																			
4712	2026-09-24T17:22:01.243726748Z	235602	0																			
4713	2026-09-24T17:22:01.293132642Z	235651	0																			
4714	2026-09-24T17:22:01.34357312Z	235701	0																			
4715	2026-09-24T17:22:01.392957271Z	235751	0																			
4716	2026-09-24T17:22:01.443361287Z	235801	0																			
4717	2026-09-24T17:22:01.493059251Z	235851	0																			
4718	2026-09-24T17:22:01.543739116Z	235902	0																			
4719	2026-09-24T17:22:01.593266053Z	235951	0																			
4720	2026-09-24T17:22:01.643890214Z	236002	0																			
4721	2026-09-24T17:22:01.693555409Z	236051	0																			
4722	2026-09-24T17:22:01.74321203Z	236101	0																			
4723	2026-09-24T17:22:01.793899335Z	236152	0																			
4724	2026-09-24T17:22:01.843577246Z	236201	0																			
4725	2026-09-24T17:22:01.893212026Z	236251	0																			
4726	2026-09-24T17:22:01.943880195Z	236302	0																			
4727	2026-09-24T17:22:01.993488445Z	236351	0																			
4728	2026-09-24T17:22:02.043110407Z	236401	0																			
4729	2026-09-24T17:22:02.093746076Z	236452	0																			
4730	2026-09-24T17:22:02.143281432Z	236501	0																			
4731	2026-09-24T17:22:02.193771391Z	236552	0																			
4732	2026-09-24T17:22:02.243428096Z	236601	0																			
4733	2026-09-24T17:22:02.293088641Z	236651	0																			
4734	2026-09-24T17:22:02.343813268Z	236702	0																			
4735	2026-09-24T17:22:02.393492521Z	236751	0																			
4736	2026-09-24T17:22:02.443044982Z	236801	0																			
4737	2026-09-24T17:22:02.49359341Z	236851	0																			
4738	2026-09-24T17:22:02.543184856Z	236901	0																			
4739	2026-09-24T17:22:02.593741736Z	236952	0																			
4740	2026-09-24T17:22:02.643209005Z	237001	0																			
4741	2026-09-24T17:22:02.693670795Z	237052	0																			
4742	2026-09-24T17:22:02.743214701Z	237101	0																			
4743	2026-09-24T17:22:02.793856566Z	237152	0																			
4744	2026-09-24T17:22:02.843455492Z	237201	0																			
4745	2026-09-24T17:22:02.893095341Z	237251	0																			
4746	2026-09-24T17:22:02.943805713Z	237302	0																			
4747	2026-09-24T17:22:02.993444214Z	237351	0																			
4748	2026-09-24T17:22:03.043094695Z	237401	0																			
4749	2026-09-24T17:22:03.093681457Z	237452	0																			
4750	2026-09-24T17:22:03.143195766Z	237501	0																			
4751	2026-09-24T17:22:03.193744629Z	237552	0																			
4752	2026-09-24T17:22:03.24326356Z	237601	0																			
4753	2026-09-24T17:22:03.293745805Z	237652	0																			
4754	2026-09-24T17:22:03.343205483Z	237701	0																			
4755	2026-09-24T17:22:03.393672942Z	237752	0																			
4756	2026-09-24T17:22:03.443197134Z	237801	0																			
4757	2026-09-24T17:22:03.493728274Z	237852	0																			
4758	2026-09-24T17:22:03.543206336Z	237901	0																			
4759	2026-09-24T17:22:03.593662979Z	237952	0																			
4760	2026-09-24T17:22:03.643204591Z	238001	0																			
4761	2026-09-24T17:22:03.693755482Z	238052	0																			
4762	2026-09-24T17:22:03.743268831Z	238101	0																			
4763	2026-09-24T17:22:03.793825135Z	238152	0																			
4764	2026-09-24T17:22:03.843359322Z	238201	0																			
4765	2026-09-24T17:22:03.893882599Z	238252	0																			
4766	2026-09-24T17:22:03.943358246Z	238301	0																			
4767	2026-09-24T17:22:03.993820276Z	238352	0																			
4768	2026-09-24T17:22:04.043261406Z	238401	0																			
4769	2026-09-24T17:22:04.093723264Z	238452	0																			
4770	2026-09-24T17:22:04.143166445Z	238501	0																			
4771	2026-09-24T17:22:04.1936597Z	238552	0																			
4772	2026-09-24T17:22:04.243148194Z	238601	0																			
4773	2026-09-24T17:22:04.293582307Z	238651	0																			
4774	2026-09-24T17:22:04.343045381Z	238701	0																			
4775	2026-09-24T17:22:04.393520411Z	238751	0																			
4776	2026-09-24T17:22:04.442941014Z	238801	0																			
4777	2026-09-24T17:22:04.493359032Z	238851	0																			
4778	2026-09-24T17:22:04.543810817Z	238902	0																			
4779	2026-09-24T17:22:04.593255527Z	238951	0																			
4780	2026-09-24T17:22:04.643751563Z	239002	0																			
4781	2026-09-24T17:22:04.693242168Z	239051	0																			
4782	2026-09-24T17:22:04.743745106Z	239102	0																			
4783	2026-09-24T17:22:04.793284349Z	239151	0																			
4784	2026-09-24T17:22:04.843858706Z	239202	0																			
4785	2026-09-24T17:22:04.893285372Z	239251	0																			
4786	2026-09-24T17:22:04.9438551Z	239302	0																			
4787	2026-09-24T17:22:04.993359229Z	239351	0																			
4788	2026-09-24T17:22:05.04395335Z	239402	0																			
4789	2026-09-24T17:22:05.093576067Z	239451	0																			
4790	2026-09-24T17:22:05.143220517Z	239501	0																			
4791	2026-09-24T17:22:05.193917732Z	239552	0																			
4792	2026-09-24T17:22:05.243585151Z	239601	0																			
4793	2026-09-24T17:22:05.293203479Z	239651	0																			
4794	2026-09-24T17:22:05.343813488Z	239702	0																			
4795	2026-09-24T17:22:05.393446156Z	239751	0																			
4796	2026-09-24T17:22:05.443049679Z	239801	0																			
4797	2026-09-24T17:22:05.49352296Z	239851	0																			
4798	2026-09-24T17:22:05.54305966Z	239901	0																			
4799	2026-09-24T17:22:05.593652225Z	239952	0																			
4800	2026-09-24T17:22:05.643259243Z	240001	0																			
4801	2026-09-24T17:22:05.693511803Z	240051	0																			
4802	2026-09-24T17:22:05.742940696Z	240101	0																			
4803	2026-09-24T17:22:05.79348856Z	240151	0																			
4804	2026-09-24T17:22:05.842941968Z	240201	0																			
4805	2026-09-24T17:22:05.893356221Z	240251	0																			
4806	2026-09-24T17:22:05.943865101Z	240302	0																			
4807	2026-09-24T17:22:05.993495566Z	240351	0																			
4808	2026-09-24T17:22:06.043062745Z	240401	0																			
4809	2026-09-24T17:22:06.093720285Z	240452	0																			
4810	2026-09-24T17:22:06.143334544Z	240501	0																			
4811	2026-09-24T17:22:06.193960934Z	240552	0																			
4812	2026-09-24T17:22:06.243509961Z	240601	0																			
4813	2026-09-24T17:22:06.292980665Z	240651	0																			
